time,run,dwelling_id,hp_elec_kw,boiler_gas_kw,ev_charge_kw,appliance_kw,tariff_elec_price,tariff_gas_price,tariff_offset_steps,Tin_C,T_tank_C,V_stor_m3,Q_hp_space_w,Q_bo_space_w,Q_hp_hw_w,Q_bo_hw_w,ev_soc_kwh,solve_status
2021-02-07 00:00:00,1,19,0.0,0.0,0.0,0.058,9.261,6.0,0,21.0,,,0.0,0.0,0.0,0.0,47.952,optimal
2021-02-07 00:30:00,1,19,0.0,0.0,0.0,0.148,10.3635,6.0,0,20.96174253785744,,,0.0,0.0,0.0,0.0,47.904047999999996,optimal
2021-02-07 01:00:00,1,19,0.0,0.0,0.0,0.136,8.274,6.0,0,20.92514353222611,,,0.0,0.0,0.0,0.0,47.856143952,optimal
2021-02-07 01:30:00,1,19,0.0,0.0,0.0,0.1349,7.7175,6.0,0,20.888137867091892,,,0.0,0.0,0.0,0.0,47.80828780804799,optimal
2021-02-07 02:00:00,1,19,0.0,0.0,0.0,0.1439,6.615,6.0,0,20.851076321797958,,,0.0,0.0,0.0,0.0,47.76047952023995,optimal
2021-02-07 02:30:00,1,19,0.0,0.0,0.0,0.136,6.174,6.0,0,20.814163102720254,,,0.0,0.0,0.0,0.0,47.712719040719705,optimal
2021-02-07 03:00:00,1,19,0.0,0.0,0.0,0.058,3.906,6.0,0,20.77692687486509,,,0.0,0.0,0.0,0.0,47.66500632167899,optimal
2021-02-07 03:30:00,1,19,0.1704473321644313,0.0,0.0,0.26239999999999997,2.3415,6.0,0,20.737952165791118,,,596.5656625755096,0.0,0.0,0.0,47.61734131535731,optimal
2021-02-07 04:00:00,1,19,1.1428571428571428,0.0,0.0,0.058,2.205,6.0,0,20.715131709946135,,,4000.0,0.0,0.0,0.0,47.56972397404195,optimal
2021-02-07 04:30:00,1,19,1.1428571428571428,0.0,1.2083998782576613,0.2364,0.882,6.0,0,20.75687454256969,,,4000.0,0.0,0.0,0.0,48.096144192240295,optimal
2021-02-07 05:00:00,1,19,1.1428571428571428,0.0,0.0,0.084,1.5435,6.0,0,20.80211367589522,,,4000.0,0.0,0.0,0.0,48.048048048048045,optimal
2021-02-07 05:30:00,1,19,1.1428571428571428,0.3096296296296296,0.0,0.11133333333333331,1.5435,6.0,0,20.84415653044525,,,4000.0,0.0,0.0,278.66666666666663,48.0,optimal
2021-02-07 06:00:00,1,19,0.0,7.50851851851852,0.0,1.2833333333333332,5.0715,6.0,0,20.88786172118195,,,0.0,0.0,0.0,6757.666666666668,47.84256801553333,optimal
2021-02-07 06:30:00,1,19,0.0,0.387037037037037,0.0,0.2552,5.376,6.0,0,20.855941342519127,,,0.0,0.0,0.0,348.3333333333333,47.68529346305113,optimal
2021-02-07 07:00:00,1,19,0.0,0.23222222222222222,0.0,0.288,5.0715,6.0,0,20.82393723102556,,,0.0,0.0,0.0,209.0,47.52817618512141,optimal
2021-02-07 07:30:00,1,19,0.0,0.46444444444444444,0.0,0.3222,5.5125,6.0,0,20.79447869878566,,,0.0,0.0,0.0,418.0,47.37121602446962,optimal
2021-02-07 08:00:00,1,19,0.0,0.387037037037037,0.0,2.5231999999999997,9.261,6.0,0,20.761156076519438,,,0.0,0.0,0.0,348.3333333333333,47.21441282397848,optimal
2021-02-07 08:30:00,1,19,0.0,1.006296296296296,0.0,1.2378,11.7075,6.0,0,20.745794302983086,,,0.0,0.0,0.0,905.6666666666665,47.057766426687834,optimal
2021-02-07 09:00:00,1,19,0.0,0.0,0.0,0.2805666666666667,12.348,6.0,0,20.722893690092295,,,0.0,0.0,0.0,0.0,46.90127667579448,optimal
2021-02-07 09:30:00,1,19,0.0,0.23222222222222222,0.0,0.33073333333333327,12.348,6.0,0,20.687615211370446,,,0.0,0.0,0.0,209.0,46.74494341465201,optimal
2021-02-07 10:00:00,1,19,0.0,0.0,0.0,0.5086333333333333,12.1275,6.0,0,20.649320905308024,,,0.0,0.0,0.0,0.0,46.588766486770695,optimal
2021-02-07 10:30:00,1,19,0.0,0.0,0.0,0.22506666666666664,12.5265,6.0,0,20.61577898748561,,,0.0,0.0,0.0,0.0,46.43274573581726,optimal
2021-02-07 11:00:00,1,19,0.0,0.0,0.0,1.6164,11.7495,6.0,0,20.576261913425782,,,0.0,0.0,0.0,0.0,46.276881005614776,optimal
2021-02-07 11:30:00,1,19,0.0,0.0774074074074074,0.0,0.22246666666666667,13.23,6.0,0,20.547363181874935,,,0.0,0.0,0.0,69.66666666666666,46.12117214014249,optimal
2021-02-07 12:00:00,1,19,0.0,0.0,0.0,0.3393,14.3325,6.0,0,20.51106673635921,,,0.0,0.0,0.0,0.0,45.965618983535684,optimal
2021-02-07 12:30:00,1,19,0.0,0.0,0.0,0.2839333333333333,14.994,6.0,0,20.474478670809102,,,0.0,0.0,0.0,0.0,45.81022138008548,optimal
2021-02-07 13:00:00,1,19,0.0,0.1548148148148148,0.0,0.234,14.8155,6.0,0,20.434818036126032,,,0.0,0.0,0.0,139.33333333333331,45.654979174238726,optimal
2021-02-07 13:30:00,1,19,0.0,0.0,0.0,0.3597666666666667,14.112,6.0,0,20.393803540150763,,,0.0,0.0,0.0,0.0,45.49989221059782,optimal
2021-02-07 14:00:00,1,19,0.0,0.0,0.0,0.24923333333333328,14.007,6.0,0,20.35791309407789,,,0.0,0.0,0.0,0.0,45.344960333920554,optimal
2021-02-07 14:30:00,1,19,0.0,0.0,0.0,1.6615333333333333,13.23,6.0,0,20.31956294177393,,,0.0,0.0,0.0,0.0,45.190183389119966,optimal
2021-02-07 15:00:00,1,19,0.0,0.23222222222222222,0.0,0.2309333333333333,11.382,6.0,0,20.284367983597416,,,0.0,0.0,0.0,209.0,45.03556122126418,optimal
2021-02-07 15:30:00,1,19,0.0,0.6966666666666667,0.0,1.2608666666666666,11.7495,6.0,0,20.24571074065203,,,0.0,0.0,0.0,627.0,44.88109367557625,optimal
2021-02-07 16:00:00,1,19,0.0,0.6192592592592592,0.0,0.29946666666666666,24.3285,6.0,0,20.21352043338609,,,0.0,0.0,0.0,557.3333333333333,44.72678059743401,optimal
2021-02-07 16:30:00,1,19,0.0,0.0774074074074074,0.0,0.5488333333333334,28.917,6.0,0,20.1790625010464,,,0.0,0.0,0.0,69.66666666666666,44.572621832369904,optimal
2021-02-07 17:00:00,1,19,0.0,0.3096296296296296,0.0,1.2877,31.3635,6.0,0,20.14848322626451,,,0.0,0.0,0.0,278.66666666666663,44.418617226070864,optimal
2021-02-07 17:30:00,1,19,0.0,0.6966666666666667,0.0,1.1949,33.306,6.0,0,20.126394187480443,,,0.0,0.0,0.0,627.0,44.264766624378126,optimal
2021-02-07 18:00:00,1,19,0.0,0.5418518518518518,0.0,0.6159333333333333,31.3425,6.0,0,20.107423000522783,,,0.0,0.0,0.0,487.6666666666667,44.11106987328708,optimal
2021-02-07 18:30:00,1,19,0.0,0.6966666666666667,0.0,0.3945,28.2555,6.0,0,20.09501999686755,,,0.0,0.0,0.0,627.0,43.95752681894712,optimal
2021-02-07 19:00:00,1,19,0.0,0.5418518518518518,0.0,0.3916,15.6975,6.0,0,20.078313507173785,,,0.0,0.0,0.0,487.6666666666667,43.804137307661506,optimal
2021-02-07 19:30:00,1,19,0.0,0.3096296296296296,0.0,0.43076666666666663,12.5475,6.0,0,20.05686749297352,,,0.0,0.0,0.0,278.66666666666663,43.65090118588718,optimal
2021-02-07 20:00:00,1,19,0.0,0.0,0.0,0.253,12.0855,6.0,0,20.030698075814996,,,0.0,0.0,0.0,0.0,43.49781830023463,optimal
2021-02-07 20:30:00,1,19,0.0,0.46444444444444444,0.0,0.8325333333333333,11.907,6.0,0,20.0,,,0.0,0.0,0.0,418.0,43.34488849746773,optimal
2021-02-07 21:00:00,1,19,0.0,0.3096296296296296,0.0,1.5829666666666666,12.5685,6.0,0,19.983790624114775,,,0.0,0.0,0.0,278.66666666666663,43.192111624503596,optimal
2021-02-07 21:30:00,1,19,0.0,0.0,0.0,0.3542666666666667,13.146,6.0,0,19.980441010652395,,,0.0,0.0,0.0,0.0,43.14891951287909,optimal
2021-02-07 22:00:00,1,19,0.0,0.0,0.0,0.432,10.584,6.0,0,19.959536628403946,,,0.0,0.0,0.0,0.0,43.10577059336621,optimal
2021-02-07 22:30:00,1,19,0.0,0.0,0.0,0.3051333333333333,6.678,6.0,0,19.940096636787487,,,0.0,0.0,0.0,0.0,43.062664822772845,optimal
2021-02-07 23:00:00,1,19,0.0,0.0,0.0,0.4392,7.938,6.0,0,19.917062171354864,,,0.0,0.0,0.0,0.0,43.019602157950075,optimal
2021-02-07 23:30:00,1,19,0.0,0.0,0.0,0.157,5.292,6.0,0,19.896759024281362,,,0.0,0.0,0.0,0.0,42.97658255579213,optimal
2021-02-08 00:00:00,1,19,1.1428571428571428,0.0,0.0,0.058,5.9745,6.0,0,19.896759024281362,,,4000.0,0.0,0.0,0.0,42.93360597323633,optimal
2021-02-08 00:30:00,1,19,1.1428571428571428,0.0,0.0,0.055,7.938,6.0,0,19.936518538685206,,,4000.0,0.0,0.0,0.0,42.89067236726309,optimal
2021-02-08 01:00:00,1,19,1.1428571428571428,0.0,0.0,0.055,8.6835,6.0,0,19.976175075038565,,,4000.0,0.0,0.0,0.0,42.84778169489583,optimal
2021-02-08 01:30:00,1,19,1.1428571428571428,0.0,0.0,0.16040000000000001,7.665,6.0,0,20.015728900056942,,,4000.0,0.0,0.0,0.0,42.804933913200934,optimal
2021-02-08 02:00:00,1,19,1.1428571428571428,0.0,0.0,0.086,6.7725,6.0,0,20.057180293215957,,,4000.0,0.0,0.0,0.0,42.76212897928773,optimal
2021-02-08 02:30:00,1,19,1.1428571428571428,0.0,0.0,0.055,5.5755,6.0,0,20.09689163840624,,,4000.0,0.0,0.0,0.0,42.71936685030844,optimal
2021-02-08 03:00:00,1,19,1.1428571428571428,0.0,5.216157437115603,0.0736,5.0925,6.0,0,20.136003303626026,,,4000.0,0.0,0.0,0.0,45.15432226608804,optimal
2021-02-08 03:30:00,1,19,1.1428571428571428,0.0,7.0,0.1728,4.1895,6.0,0,20.175518966574483,,,4000.0,0.0,0.0,0.0,48.434167943821954,optimal
2021-02-08 04:00:00,1,19,1.1428571428571428,0.0,0.0,0.055,7.056,6.0,0,20.21680703093991,,,4000.0,0.0,0.0,0.0,48.38573377587813,optimal
2021-02-08 04:30:00,1,19,1.1428571428571428,0.0,0.0,0.19140000000000001,5.271,6.0,0,20.255478611411856,,,4000.0,0.0,0.0,0.0,48.33734804210225,optimal
2021-02-08 05:00:00,1,19,1.1428571428571428,0.0,0.0,0.055,7.938,6.0,0,20.296546871737345,,,4000.0,0.0,0.0,0.0,48.289010694060146,optimal
2021-02-08 05:30:00,1,19,1.1428571428571428,0.0,0.0,0.117,7.938,6.0,0,20.33449391963186,,,4000.0,0.0,0.0,0.0,48.240721683366075,optimal
2021-02-08 06:00:00,1,19,1.1428571428571428,0.23222222222222222,0.0,0.2555666666666666,11.907,6.0,0,20.373465838306405,,,4000.0,0.0,0.0,209.0,48.192480961682705,optimal
2021-02-08 06:30:00,1,19,1.1428571428571428,2.7866666666666666,0.0,0.09086666666666667,11.025,6.0,0,20.41991519070805,,,4000.0,0.0,0.0,2508.0,48.144288480721016,optimal
2021-02-08 07:00:00,1,19,1.1428571428571428,0.8514814814814814,0.0,0.2969,11.2875,6.0,0,20.464108467642863,,,4000.0,0.0,0.0,766.3333333333333,48.096144192240295,optimal
2021-02-08 07:30:00,1,19,0.0,0.46444444444444444,0.0,0.2865,12.936,6.0,0,20.51226495377514,,,0.0,0.0,0.0,418.0,48.048048048048045,optimal
2021-02-08 08:00:00,1,19,0.0,0.387037037037037,0.0,0.5811666666666666,13.0095,6.0,0,20.480418754712232,,,0.0,0.0,0.0,348.3333333333333,48.0,optimal
2021-02-08 08:30:00,1,19,0.0,0.0,0.0,0.15180000000000002,13.671,6.0,0,20.45261503163795,,,0.0,0.0,0.0,0.0,47.740947704602284,optimal
2021-02-08 09:00:00,1,19,0.0,0.0,0.0,0.1146,13.188,6.0,0,20.40404749655676,,,0.0,0.0,0.0,0.0,47.48215446149997,optimal
2021-02-08 09:30:00,1,19,0.0,0.0,0.0,0.07740000000000001,13.8495,6.0,0,20.354595157843516,,,0.0,0.0,0.0,0.0,47.223620011640755,optimal
2021-02-08 10:00:00,1,19,0.0,0.0,0.0,0.189,13.23,6.0,0,20.304907811857625,,,0.0,0.0,0.0,0.0,46.9653440962314,optimal
2021-02-08 10:30:00,1,19,0.0,0.0,0.0,0.065,13.3665,6.0,0,20.257992442416356,,,0.0,0.0,0.0,0.0,46.707326456737455,optimal
2021-02-08 11:00:00,1,19,0.4473762574673088,0.0,0.0,0.2014,13.0515,6.0,0,20.208304770141414,,,1565.8169011355808,0.0,0.0,0.0,46.449566834883,optimal
2021-02-08 11:30:00,1,19,0.0,0.0,0.0,0.065,13.5345,6.0,0,20.192749088638273,,,0.0,0.0,0.0,0.0,46.19206497265041,optimal
2021-02-08 12:00:00,1,19,0.0,0.0,0.0,0.12079999999999999,14.154,6.0,0,20.14310089888135,,,0.0,0.0,0.0,0.0,45.93482061228004,optimal
2021-02-08 12:30:00,1,19,0.0,0.0,0.0,0.1456,14.112,6.0,0,20.094967692020123,,,0.0,0.0,0.0,0.0,45.67783349627005,optimal
2021-02-08 13:00:00,1,19,0.0,0.0,0.0,0.065,14.2485,6.0,0,20.047978218089657,,,0.0,0.0,0.0,0.0,45.42110336737606,optimal
2021-02-08 13:30:00,1,19,1.1428571428571428,0.0,0.0,0.2014,12.789,6.0,0,20.0,,,4000.0,0.0,0.0,0.0,45.164629968610974,optimal
2021-02-08 14:00:00,1,19,0.6690368904148255,0.0,0.0,0.065,13.0095,6.0,0,20.035977384382814,,,2341.6291164518893,0.0,0.0,0.0,44.90841304324465,optimal
2021-02-08 14:30:00,1,19,1.1428571428571428,0.0,0.0,0.1456,12.1275,6.0,0,20.035858816664504,,,4000.0,0.0,0.0,0.0,44.65245233480369,optimal
2021-02-08 15:00:00,1,19,1.1428571428571428,0.0,0.0,1.6854666666666667,12.348,6.0,0,20.070486434712848,,,4000.0,0.0,0.0,0.0,44.396747587071175,optimal
2021-02-08 15:30:00,1,19,1.1428571428571428,0.23222222222222222,0.0,0.6012666666666666,12.348,6.0,0,20.126545213014793,,,4000.0,0.0,0.0,209.0,44.14129854408639,optimal
2021-02-08 16:00:00,1,19,0.0,0.0,0.0,0.33116666666666666,25.389,6.0,0,20.180143734720634,,,0.0,0.0,0.0,0.0,43.88610495014459,optimal
2021-02-08 16:30:00,1,19,0.0,0.0,0.0,0.10733333333333331,29.1375,6.0,0,20.155200719738286,,,0.0,0.0,0.0,0.0,43.63116654979673,optimal
2021-02-08 17:00:00,1,19,0.0,0.774074074074074,0.0,1.5187666666666668,30.597,6.0,0,20.124282037557908,,,0.0,0.0,0.0,696.6666666666666,43.37648308784922,optimal
2021-02-08 17:30:00,1,19,0.0,0.0,0.0,0.2072333333333333,33.684,6.0,0,20.10469412175935,,,0.0,0.0,0.0,0.0,43.12205430936366,optimal
2021-02-08 18:00:00,1,19,0.0,2.4770370370370367,0.0,0.1879333333333333,32.445,6.0,0,20.076074137297926,,,0.0,0.0,0.0,2229.333333333333,42.867879959656584,optimal
2021-02-08 18:30:00,1,19,0.0,0.6966666666666667,0.0,0.2709,28.917,6.0,0,20.049039441602456,,,0.0,0.0,0.0,627.0,42.61395978429921,optimal
2021-02-08 19:00:00,1,19,0.0,0.6966666666666667,0.0,0.4794,15.876,6.0,0,20.022025124302093,,,0.0,0.0,0.0,627.0,42.3602935291172,optimal
2021-02-08 19:30:00,1,19,0.389153035425361,0.1548148148148148,0.0,0.2394,12.348,6.0,0,20.0,,,1362.0356239887635,0.0,0.0,139.33333333333331,42.10688094019037,optimal
2021-02-08 20:00:00,1,19,0.309561297662848,0.6966666666666667,0.0,0.31376666666666664,12.1275,6.0,0,20.0,,,1083.464541819968,0.0,0.0,627.0,41.85372176385247,optimal
2021-02-08 20:30:00,1,19,0.0,0.46444444444444444,0.0,0.5161,12.348,6.0,0,20.0,,,0.0,0.0,0.0,418.0,41.600815746690905,optimal
2021-02-08 21:00:00,1,19,0.0,6.192592592592592,0.0,0.2641,12.1275,6.0,0,19.98064275638704,,,0.0,0.0,0.0,5573.333333333333,41.3481626355465,optimal
2021-02-08 21:30:00,1,19,0.0,0.0774074074074074,0.0,0.3581333333333333,12.1275,6.0,0,19.955152797249294,,,0.0,0.0,0.0,69.66666666666666,41.095762177513244,optimal
2021-02-08 22:00:00,1,19,0.0,0.6192592592592592,0.0,0.3433333333333333,11.2665,6.0,0,19.933127102011163,,,0.0,0.0,0.0,557.3333333333333,40.84361411993802,optimal
2021-02-08 22:30:00,1,19,0.0,0.23222222222222222,0.0,0.6258666666666667,10.143,6.0,0,19.91042899576529,,,0.0,0.0,0.0,209.0,40.59171821042037,optimal
2021-02-08 23:00:00,1,19,0.0,0.0,0.0,0.2661,11.2455,6.0,0,19.887467564349098,,,0.0,0.0,0.0,0.0,40.551126492209946,optimal
2021-02-08 23:30:00,1,19,0.0,0.0,0.0,0.2186,11.025,6.0,0,19.856251412084664,,,0.0,0.0,0.0,0.0,40.510575365717735,optimal
2021-02-09 00:00:00,1,19,1.1428571428571428,0.0,7.0,0.06,10.584,6.0,0,19.856251412084664,,,4000.0,0.0,0.0,0.0,43.79506479035202,optimal
2021-02-09 00:30:00,1,19,1.1428571428571428,0.0,0.0,0.06,11.2455,6.0,0,19.888792382710914,,,4000.0,0.0,0.0,0.0,43.75126972556167,optimal
2021-02-09 01:00:00,1,19,1.1428571428571428,1.548148148148148,0.0,0.078,12.1275,6.0,0,19.92137857262204,,,4000.0,0.0,0.0,1393.3333333333333,43.70751845583611,optimal
2021-02-09 01:30:00,1,19,1.1428571428571428,0.0,0.0,0.06,11.823,6.0,0,19.95805742406147,,,4000.0,0.0,0.0,0.0,43.66381093738027,optimal
2021-02-09 02:00:00,1,19,1.1428571428571428,0.0,0.0,0.06,11.7705,6.0,0,19.990334714791267,,,4000.0,0.0,0.0,0.0,43.62014712644289,optimal
2021-02-09 02:30:00,1,19,1.1428571428571428,0.0,2.5009625781204274,0.06,11.13,6.0,0,20.02226940431662,,,4000.0,0.0,0.0,0.0,44.764484203923644,optimal
2021-02-09 03:00:00,1,19,1.1428571428571428,0.0,0.0,0.06,11.6865,6.0,0,20.05425088340875,,,4000.0,0.0,0.0,0.0,44.71971971971972,optimal
2021-02-09 03:30:00,1,19,1.1428571428571428,0.0,7.0,0.074,10.7205,6.0,0,20.086279030881606,,,4000.0,0.0,0.0,0.0,48.0,optimal
2021-02-09 04:00:00,1,19,1.1428571428571428,0.0,0.0,0.06533333333333333,11.424,6.0,0,20.119096085411062,,,4000.0,0.0,0.0,0.0,47.77066953368329,optimal
2021-02-09 04:30:00,1,19,1.1428571428571428,0.0,0.0,0.06,10.689,6.0,0,20.14977714054296,,,4000.0,0.0,0.0,0.0,47.5415683978329,optimal
2021-02-09 05:00:00,1,19,1.1428571428571428,0.0,0.0,0.06,11.361,6.0,0,20.180119728757074,,,4000.0,0.0,0.0,0.0,47.312696363118356,optimal
2021-02-09 05:30:00,1,19,1.1428571428571428,0.0,0.0,0.06,11.571,6.0,0,20.210124726690452,,,4000.0,0.0,0.0,0.0,47.084053200438525,optimal
2021-02-09 06:00:00,1,19,1.1428571428571428,0.0,0.0,0.06966666666666667,14.3745,6.0,0,20.240052010993814,,,4000.0,0.0,0.0,0.0,46.85563868092138,optimal
2021-02-09 06:30:00,1,19,1.1428571428571428,0.0,0.0,0.06066666666666666,13.23,6.0,0,20.269901782947237,,,4000.0,0.0,0.0,0.0,46.62745257592375,optimal
2021-02-09 07:00:00,1,19,1.1428571428571428,0.0,0.0,0.06,13.9755,6.0,0,20.299544742167388,,,4000.0,0.0,0.0,0.0,46.39949465703111,optimal
2021-02-09 07:30:00,1,19,0.0,0.0,0.0,0.06,14.994,6.0,0,20.32898142430397,,,0.0,0.0,0.0,0.0,46.17176469605737,optimal
2021-02-09 08:00:00,1,19,1.1428571428571428,0.0,0.0,0.06333333333333334,13.671,6.0,0,20.27726636938419,,,4000.0,0.0,0.0,0.0,45.94426246504461,optimal
2021-02-09 08:30:00,1,19,0.0,0.0,0.0,0.06,15.981,6.0,0,20.30624274846705,,,0.0,0.0,0.0,0.0,45.71698773626286,optimal
2021-02-09 09:00:00,1,19,0.0,0.0,0.0,0.06,15.6345,6.0,0,20.254716088399427,,,0.0,0.0,0.0,0.0,45.489940282209886,optimal
2021-02-09 09:30:00,1,19,0.0,0.0,0.0,0.06,16.5375,6.0,0,20.203711388037775,,,0.0,0.0,0.0,0.0,45.26311987561097,optimal
2021-02-09 10:00:00,1,19,1.1428571428571428,0.0,0.0,0.06466666666666668,14.7735,6.0,0,20.153615797867644,,,4000.0,0.0,0.0,0.0,45.036526289418646,optimal
2021-02-09 10:30:00,1,19,0.0,0.0,0.0,0.06766666666666667,15.2145,6.0,0,20.185243458168465,,,0.0,0.0,0.0,0.0,44.81015929681252,optimal
2021-02-09 11:00:00,1,19,1.1428571428571428,0.0,0.0,0.06,14.553,6.0,0,20.136620214724065,,,4000.0,0.0,0.0,0.0,44.584018671199,optimal
2021-02-09 11:30:00,1,19,1.1428571428571428,0.0,0.0,0.06,14.3325,6.0,0,20.169586907075356,,,4000.0,0.0,0.0,0.0,44.35810418621109,optimal
2021-02-09 12:00:00,1,19,1.1428571428571428,0.0,0.0,0.06,14.595,6.0,0,20.202597716082526,,,4000.0,0.0,0.0,0.0,44.13241561570817,optimal
2021-02-09 12:30:00,1,19,0.1744381110890758,0.0,0.0,0.063,14.994,6.0,0,20.235652528657116,,,610.5333888117653,0.0,0.0,0.0,43.90695273377575,optimal
2021-02-09 13:00:00,1,19,1.1428571428571428,0.0,0.0,0.06533333333333333,14.3325,6.0,0,20.20001102612696,,,4000.0,0.0,0.0,0.0,43.68171531472527,optimal
2021-02-09 13:30:00,1,19,1.1428571428571428,0.0,0.0,0.06,13.8915,6.0,0,20.232813536286983,,,4000.0,0.0,0.0,0.0,43.45670313309383,optimal
2021-02-09 14:00:00,1,19,1.1428571428571428,0.0,0.0,0.06,13.8915,6.0,0,20.265401586054335,,,4000.0,0.0,0.0,0.0,43.23191596364403,optimal
2021-02-09 14:30:00,1,19,1.1428571428571428,0.0,0.0,0.06,13.4715,6.0,0,20.297775730542025,,,4000.0,0.0,0.0,0.0,43.007353581363674,optimal
2021-02-09 15:00:00,1,19,1.1428571428571428,0.0,0.0,0.06,13.23,6.0,0,20.329936524113915,,,4000.0,0.0,0.0,0.0,42.7830157614656,optimal
2021-02-09 15:30:00,1,19,1.1428571428571428,0.0,0.0,0.06,13.8915,6.0,0,20.361884517996792,,,4000.0,0.0,0.0,0.0,42.558902279387425,optimal
2021-02-09 16:00:00,1,19,0.0,0.0,0.0,0.06466666666666668,26.9325,6.0,0,20.393749765845758,,,0.0,0.0,0.0,0.0,42.33501291079133,optimal
2021-02-09 16:30:00,1,19,0.0,0.0,0.0,0.07,30.303,6.0,0,20.344715987018585,,,0.0,0.0,0.0,0.0,42.11134743156383,optimal
2021-02-09 17:00:00,1,19,0.0,0.0,0.0,0.06366666666666666,32.886,6.0,0,20.295550204514416,,,0.0,0.0,0.0,0.0,41.887905617815555,optimal
2021-02-09 17:30:00,1,19,0.0,0.0,0.0,0.06,34.9965,6.0,0,20.24625275834224,,,0.0,0.0,0.0,0.0,41.664687245881034,optimal
2021-02-09 18:00:00,1,19,0.0,0.0,0.0,0.06,33.327,6.0,0,20.196823991397512,,,0.0,0.0,0.0,0.0,41.44169209231844,optimal
2021-02-09 18:30:00,1,19,0.0,0.0,0.0,0.06,31.122,6.0,0,20.147264243236943,,,0.0,0.0,0.0,0.0,41.21891993390941,optimal
2021-02-09 19:00:00,1,19,0.0,0.0,0.0,0.06,17.9025,6.0,0,20.097962357098236,,,0.0,0.0,0.0,0.0,40.99637054765879,optimal
2021-02-09 19:30:00,1,19,0.0,0.0,0.0,0.06466666666666668,15.6555,6.0,0,20.04891766511286,,,0.0,0.0,0.0,0.0,40.77404371079442,optimal
2021-02-09 20:00:00,1,19,0.689971852109375,0.0,0.0,0.06533333333333333,14.553,6.0,0,20.0,,,2414.9014823828124,0.0,0.0,0.0,40.55193920076692,optimal
2021-02-09 20:30:00,1,19,0.0,0.0,0.0,0.06466666666666668,14.3325,6.0,0,20.0,,,0.0,0.0,0.0,0.0,40.33005679524944,optimal
2021-02-09 21:00:00,1,19,0.0,0.0,0.0,0.06666666666666667,13.335,6.0,0,19.950950030472967,,,0.0,0.0,0.0,0.0,40.10839627213748,optimal
2021-02-09 21:30:00,1,19,0.0,0.0,0.0,0.06,12.1275,6.0,0,19.901768099203217,,,0.0,0.0,0.0,0.0,39.886957409548636,optimal
2021-02-09 22:00:00,1,19,0.0,0.0,0.0,0.062,12.2955,6.0,0,19.8521955456905,,,0.0,0.0,0.0,0.0,39.66573998582238,optimal
2021-02-09 22:30:00,1,19,0.0,0.0,0.0,0.06533333333333333,11.6865,6.0,0,19.802233381655345,,,0.0,0.0,0.0,0.0,39.44474377951985,optimal
2021-02-09 23:00:00,1,19,0.0,0.0,0.0,0.06,11.466,6.0,0,19.752530121908357,,,0.0,0.0,0.0,0.0,39.22396856942362,optimal
2021-02-09 23:30:00,1,19,0.0,0.0,0.0,0.06,10.8045,6.0,0,19.703085095881516,,,0.0,0.0,0.0,0.0,39.003414134537486,optimal
2021-02-10 00:00:00,1,19,1.1428571428571428,0.0,0.0,0.0714,10.8045,6.0,0,19.703085095881516,,,4000.0,0.0,0.0,0.0,38.964410720402945,optimal
2021-02-10 00:30:00,1,19,1.1428571428571428,0.0,0.0,0.4476333333333333,11.508,6.0,0,19.742958067272475,,,4000.0,0.0,0.0,0.0,38.92544630968254,optimal
2021-02-10 01:00:00,1,19,1.1428571428571428,0.0,0.0,0.20056666666666664,11.508,6.0,0,19.789814310223964,,,4000.0,0.0,0.0,0.0,38.88652086337286,optimal
2021-02-10 01:30:00,1,19,1.1428571428571428,0.0,0.0,0.20266666666666663,11.508,6.0,0,19.83174965218147,,,4000.0,0.0,0.0,0.0,38.84763434250949,optimal
2021-02-10 02:00:00,1,19,1.1428571428571428,0.0,0.0,0.1906,11.844,6.0,0,19.871043067551447,,,4000.0,0.0,0.0,0.0,38.80878670816698,optimal
2021-02-10 02:30:00,1,19,1.1428571428571428,0.0,0.0,0.19353333333333333,11.508,6.0,0,19.909731913373076,,,4000.0,0.0,0.0,0.0,38.76997792145881,optimal
2021-02-10 03:00:00,1,19,1.1428571428571428,0.0,0.0,0.1746,11.508,6.0,0,19.94837981962857,,,4000.0,0.0,0.0,0.0,38.73120794353735,optimal
2021-02-10 03:30:00,1,19,1.1428571428571428,0.0,7.0,0.18953333333333333,10.4475,6.0,0,19.986545095523432,,,4000.0,0.0,0.0,0.0,42.01747673559382,optimal
2021-02-10 04:00:00,1,19,1.1428571428571428,0.0,6.590274435021893,0.20966666666666664,10.8675,6.0,0,20.024913237389512,,,4000.0,0.0,0.0,0.0,45.10583961549362,optimal
2021-02-10 04:30:00,1,19,1.1428571428571428,0.0,7.0,0.20353333333333334,10.542,6.0,0,20.06358878124033,,,4000.0,0.0,0.0,0.0,48.38573377587813,optimal
2021-02-10 05:00:00,1,19,1.1428571428571428,0.0,0.0,0.08059999999999999,11.025,6.0,0,20.10178123364223,,,4000.0,0.0,0.0,0.0,48.33734804210225,optimal
2021-02-10 05:30:00,1,19,1.1428571428571428,0.0,0.0,0.20966666666666664,11.025,6.0,0,20.137132004214784,,,4000.0,0.0,0.0,0.0,48.289010694060146,optimal
2021-02-10 06:00:00,1,19,1.1428571428571428,0.0,0.0,0.13793333333333332,14.553,6.0,0,20.174739892043704,,,4000.0,0.0,0.0,0.0,48.240721683366075,optimal
2021-02-10 06:30:00,1,19,1.1428571428571428,0.0,0.0,0.18619999999999998,13.0935,6.0,0,20.210542063190463,,,4000.0,0.0,0.0,0.0,48.192480961682705,optimal
2021-02-10 07:00:00,1,19,1.1428571428571428,0.1548148148148148,0.0,1.5884,15.6345,6.0,0,20.247744696147848,,,4000.0,0.0,0.0,139.33333333333331,48.144288480721016,optimal
2021-02-10 07:30:00,1,19,0.0,1.006296296296296,0.0,0.14,18.102,6.0,0,20.298390670148237,,,0.0,0.0,0.0,905.6666666666665,48.096144192240295,optimal
2021-02-10 08:00:00,1,19,0.0,0.6966666666666667,0.0,0.2009,17.199,6.0,0,20.259782732301122,,,0.0,0.0,0.0,627.0,48.048048048048045,optimal
2021-02-10 08:30:00,1,19,0.0,2.86717037037037,0.0,0.3456666666666667,18.2805,6.0,0,20.228268589188705,,,0.0,0.0,0.0,2580.4533333333334,48.0,optimal
2021-02-10 09:00:00,1,19,0.0,4.099496296296296,0.0,0.5075333333333334,17.4615,6.0,0,20.198319156616833,,,0.0,0.0,0.0,3689.5466666666666,47.70586070676855,optimal
2021-02-10 09:30:00,1,19,0.0,0.0,0.0,0.28286666666666666,18.3225,6.0,0,20.164925283012746,,,0.0,0.0,0.0,0.0,47.412015552830326,optimal
2021-02-10 10:00:00,1,19,0.0,0.387037037037037,0.0,1.5551333333333335,17.094,6.0,0,20.118205027181364,,,0.0,0.0,0.0,348.3333333333333,47.118464244046045,optimal
2021-02-10 10:30:00,1,19,0.7629370107296279,0.0,0.0,1.7247999999999999,17.094,6.0,0,20.09367808183646,,,2670.2795375536975,0.0,0.0,0.0,46.82520648657055,optimal
2021-02-10 11:00:00,1,19,1.1428571428571428,0.0,0.0,0.15056666666666665,17.094,6.0,0,20.11649746481706,,,4000.0,0.0,0.0,0.0,46.532241986852526,optimal
2021-02-10 11:30:00,1,19,0.0,0.0,0.0,0.2783333333333333,17.3565,6.0,0,20.150331142406536,,,0.0,0.0,0.0,0.0,46.23957045163422,optimal
2021-02-10 12:00:00,1,19,1.1428571428571428,0.0,0.0,0.3643333333333333,17.115,6.0,0,20.105111110632514,,,4000.0,0.0,0.0,0.0,45.94719158795114,optimal
2021-02-10 12:30:00,1,19,1.1428571428571428,0.23222222222222222,0.0,0.37376666666666664,17.241,6.0,0,20.147771261655652,,,4000.0,0.0,0.0,209.0,45.65510510313174,optimal
2021-02-10 13:00:00,1,19,1.1428571428571428,0.1548148148148148,0.0,0.4608,17.094,6.0,0,20.19164967975381,,,4000.0,0.0,0.0,139.33333333333331,45.36331070479716,optimal
2021-02-10 13:30:00,1,19,1.1428571428571428,0.1548148148148148,0.0,0.315,16.5165,6.0,0,20.2370516589192,,,4000.0,0.0,0.0,139.33333333333331,45.071808100860906,optimal
2021-02-10 14:00:00,1,19,0.0,0.0,0.0,0.7592333333333333,17.8185,6.0,0,20.279881350485574,,,0.0,0.0,0.0,0.0,44.7805969995286,optimal
2021-02-10 14:30:00,1,19,1.1428571428571428,0.23222222222222222,0.0,0.4006,17.094,6.0,0,20.250334109367678,,,4000.0,0.0,0.0,209.0,44.48967710929762,optimal
2021-02-10 15:00:00,1,19,1.1428571428571428,0.5418518518518518,0.0,0.5013,16.8945,6.0,0,20.294656262651685,,,4000.0,0.0,0.0,487.6666666666667,44.19904813895687,optimal
2021-02-10 15:30:00,1,19,0.0,0.3096296296296296,0.0,1.0438333333333332,18.123,6.0,0,20.34580104179236,,,0.0,0.0,0.0,278.66666666666663,43.90870979758646,optimal
2021-02-10 16:00:00,1,19,0.0,0.3096296296296296,0.0,0.38576666666666665,31.647,6.0,0,20.322076176844895,,,0.0,0.0,0.0,278.66666666666663,43.618661794557426,optimal
2021-02-10 16:30:00,1,19,0.0,0.3096296296296296,0.0,0.692,34.9965,6.0,0,20.290949922808622,,,0.0,0.0,0.0,278.66666666666663,43.328903839531414,optimal
2021-02-10 17:00:00,1,19,0.0,0.23222222222222222,0.0,0.3735,34.9965,6.0,0,20.264011005730172,,,0.0,0.0,0.0,209.0,43.03943564246043,optimal
2021-02-10 17:30:00,1,19,0.0,0.0,0.0,0.38526666666666665,34.9965,6.0,0,20.229057410404035,,,0.0,0.0,0.0,0.0,42.75025691358652,optimal
2021-02-10 18:00:00,1,19,0.0,0.1548148148148148,0.0,0.5337666666666666,34.9965,6.0,0,20.19702985240735,,,0.0,0.0,0.0,139.33333333333331,42.46136736344148,optimal
2021-02-10 18:30:00,1,19,0.0,0.0,0.0,0.4649,34.9965,6.0,0,20.168912101550188,,,0.0,0.0,0.0,0.0,42.17276670284659,optimal
2021-02-10 19:00:00,1,19,0.0,0.46444444444444444,0.0,0.14343333333333333,27.741,6.0,0,20.133806297613194,,,0.0,0.0,0.0,418.0,41.88445464291229,optimal
2021-02-10 19:30:00,1,19,0.0,0.0,0.0,0.19326666666666667,19.026,6.0,0,20.097017285403307,,,0.0,0.0,0.0,0.0,41.596430895037926,optimal
2021-02-10 20:00:00,1,19,0.0,0.0,0.0,0.2067333333333333,18.7215,6.0,0,20.050292583546035,,,0.0,0.0,0.0,0.0,41.308695170911435,optimal
2021-02-10 20:30:00,1,19,0.0,0.0,0.0,0.21416666666666662,17.4195,6.0,0,20.0,,,0.0,0.0,0.0,0.0,41.02124718250907,optimal
2021-02-10 21:00:00,1,19,0.0,0.1548148148148148,0.0,0.2541333333333333,16.758,6.0,0,19.951144687416758,,,0.0,0.0,0.0,139.33333333333331,40.734086642095114,optimal
2021-02-10 21:30:00,1,19,0.0,0.0,0.0,0.3233333333333333,14.217,6.0,0,19.906218805926716,,,0.0,0.0,0.0,0.0,40.44721326222157,optimal
2021-02-10 22:00:00,1,19,0.0,0.0,0.0,0.26613333333333333,13.3665,6.0,0,19.861685146439086,,,0.0,0.0,0.0,0.0,40.1606267557279,optimal
2021-02-10 22:30:00,1,19,0.0,0.0,0.0,1.514233333333333,12.789,6.0,0,19.811513782705187,,,0.0,0.0,0.0,0.0,39.87432683574072,optimal
2021-02-10 23:00:00,1,19,0.0,0.23222222222222222,0.0,0.31310000000000004,11.907,6.0,0,19.769891256516555,,,0.0,0.0,0.0,209.0,39.834452508904974,optimal
2021-02-10 23:30:00,1,19,0.0,0.23222222222222222,0.0,0.19746666666666668,11.7075,6.0,0,19.727147687937386,,,0.0,0.0,0.0,209.0,39.79461805639607,optimal
2021-02-11 00:00:00,1,19,1.1428571428571428,0.23222222222222222,0.0,0.06233333333333334,11.025,6.0,0,19.727147687937386,,,4000.0,0.0,0.0,209.0,39.75482343833967,optimal
2021-02-11 00:30:00,1,19,1.1428571428571428,0.0,0.0,0.06666666666666667,12.0855,6.0,0,19.76056392519031,,,4000.0,0.0,0.0,0.0,39.715068614901334,optimal
2021-02-11 01:00:00,1,19,1.1428571428571428,0.0,0.0,0.067,11.6865,6.0,0,19.790098321839476,,,4000.0,0.0,0.0,0.0,39.67535354628643,optimal
2021-02-11 01:30:00,1,19,1.1428571428571428,0.0,0.0,0.18946666666666667,11.2245,6.0,0,19.818959918125646,,,4000.0,0.0,0.0,0.0,39.635678192740144,optimal
2021-02-11 02:00:00,1,19,1.1428571428571428,0.0,0.0,0.06066666666666666,11.025,6.0,0,19.850221093848386,,,4000.0,0.0,0.0,0.0,39.596042514547406,optimal
2021-02-11 02:30:00,1,19,1.1428571428571428,0.0,4.852088419424227,0.15719999999999998,10.7835,6.0,0,19.87892697078174,,,4000.0,0.0,0.0,0.0,41.86118847125936,optimal
2021-02-11 03:00:00,1,19,1.1428571428571428,0.0,0.0,0.07926666666666667,11.025,6.0,0,19.909323949705946,,,4000.0,0.0,0.0,0.0,41.819327282788095,optimal
2021-02-11 03:30:00,1,19,1.1428571428571428,0.0,7.0,0.07926666666666667,10.584,6.0,0,19.937808622802468,,,4000.0,0.0,0.0,0.0,45.1025079555053,optimal
2021-02-11 04:00:00,1,19,1.1428571428571428,0.0,0.0,0.15719999999999998,11.025,6.0,0,19.966867025655482,,,4000.0,0.0,0.0,0.0,45.0574054475498,optimal
2021-02-11 04:30:00,1,19,1.1428571428571428,0.0774074074074074,7.0,0.09143333333333334,10.4265,6.0,0,19.998072246965574,,,4000.0,0.0,0.0,69.66666666666666,48.33734804210225,optimal
2021-02-11 05:00:00,1,19,1.1428571428571428,0.0,0.0,0.15163333333333331,12.789,6.0,0,20.03031932182291,,,4000.0,0.0,0.0,0.0,48.289010694060146,optimal
2021-02-11 05:30:00,1,19,1.1428571428571428,0.0,0.0,0.08483333333333333,12.684,6.0,0,20.06124773061701,,,4000.0,0.0,0.0,0.0,48.240721683366075,optimal
2021-02-11 06:00:00,1,19,1.1428571428571428,0.0,0.0,0.06333333333333334,16.254,6.0,0,20.09139390440167,,,4000.0,0.0,0.0,0.0,48.192480961682705,optimal
2021-02-11 06:30:00,1,19,1.1428571428571428,0.0,0.0,0.20980000000000001,17.64,6.0,0,20.121547156520318,,,4000.0,0.0,0.0,0.0,48.144288480721016,optimal
2021-02-11 07:00:00,1,19,0.13006353105614873,0.8514814814814814,0.0,0.7943333333333333,19.1625,6.0,0,20.155990069303055,,,455.2223586965206,0.0,0.0,766.3333333333333,48.096144192240295,optimal
2021-02-11 07:30:00,1,19,0.0,0.7384666666666667,0.0,0.6846666666666666,26.46,6.0,0,20.134131940946087,,,0.0,0.0,0.0,664.62,48.048048048048045,optimal
2021-02-11 08:00:00,1,19,0.0,3.8285703703703713,0.0,0.25266666666666665,20.79,6.0,0,20.105040520979134,,,0.0,0.0,0.0,3445.713333333334,48.0,optimal
2021-02-11 08:30:00,1,19,0.0,0.0,0.0,0.2138333333333333,29.106,6.0,0,20.074200884407492,,,0.0,0.0,0.0,0.0,47.66940890766463,optimal
2021-02-11 09:00:00,1,19,1.1428571428571428,0.0,0.0,0.18946666666666667,19.1835,6.0,0,20.02892091309633,,,4000.0,0.0,0.0,0.0,47.3391484064216,optimal
2021-02-11 09:30:00,1,19,0.0,0.0,0.0,0.067,19.6665,6.0,0,20.054001579815147,,,0.0,0.0,0.0,0.0,47.00921816567981,optimal
2021-02-11 10:00:00,1,19,0.7012454678880051,0.0,0.0,0.067,19.404,6.0,0,20.0,,,2454.359137608018,0.0,0.0,0.0,46.67961785517877,optimal
2021-02-11 10:30:00,1,19,1.0093498067083646,0.0,0.0,0.12266666666666669,19.047,6.0,0,20.0,,,3532.7243234792763,0.0,0.0,0.0,46.35034714498823,optimal
2021-02-11 11:00:00,1,19,1.1428571428571428,0.0,0.0,0.1338,18.858,6.0,0,20.0213581056394,,,4000.0,0.0,0.0,0.0,46.021405705507874,optimal
2021-02-11 11:30:00,1,19,0.0,0.0,0.0,0.07256666666666667,19.2675,6.0,0,20.050772715964413,,,0.0,0.0,0.0,0.0,45.692793207467,optimal
2021-02-11 12:00:00,1,19,0.5772079469252588,2.7092592592592597,0.0,0.3469,18.963,6.0,0,20.0,,,2020.2278142384057,0.0,0.0,2438.3333333333335,45.36450932192417,optimal
2021-02-11 12:30:00,1,19,1.047811248267764,0.0,0.0,0.2722,18.438,6.0,0,20.0,,,3667.3393689371737,0.0,0.0,0.0,45.03655372026688,optimal
2021-02-11 13:00:00,1,19,0.0,0.1548148148148148,0.0,0.39466666666666667,18.7425,6.0,0,20.034164435650453,,,0.0,0.0,0.0,139.33333333333331,44.70892607421125,optimal
2021-02-11 13:30:00,1,19,1.1428571428571428,0.0,0.0,1.3189333333333333,15.2145,6.0,0,20.0,,,4000.0,0.0,0.0,0.0,44.38162605580167,optimal
2021-02-11 14:00:00,1,19,0.8766135117563746,0.0,0.0,0.3798333333333333,17.7765,6.0,0,20.056775648176657,,,3068.147291147311,0.0,0.0,0.0,44.0546533374105,optimal
2021-02-11 14:30:00,1,19,1.1428571428571428,0.0,0.0,0.09483333333333331,16.758,6.0,0,20.083580264496163,,,4000.0,0.0,0.0,0.0,43.72800759173772,optimal
2021-02-11 15:00:00,1,19,1.1428571428571428,0.0,0.0,0.067,16.422,6.0,0,20.11890999195175,,,4000.0,0.0,0.0,0.0,43.40168849181062,optimal
2021-02-11 15:30:00,1,19,1.1428571428571428,0.0,0.0,1.4265333333333332,16.758,6.0,0,20.152679357116355,,,4000.0,0.0,0.0,0.0,43.07569571098344,optimal
2021-02-11 16:00:00,1,19,0.0,2.2448148148148146,0.0,0.19513333333333333,29.358,6.0,0,20.209549766107727,,,0.0,0.0,0.0,2020.3333333333333,42.75002892293709,optimal
2021-02-11 16:30:00,1,19,0.0,0.0,0.0,1.2735666666666665,34.9965,6.0,0,20.17245391927073,,,0.0,0.0,0.0,0.0,42.424687801678786,optimal
2021-02-11 17:00:00,1,19,0.0,0.0774074074074074,0.0,0.48786666666666667,34.65,6.0,0,20.13707781870918,,,0.0,0.0,0.0,69.66666666666666,42.09967202154174,optimal
2021-02-11 17:30:00,1,19,0.0,0.774074074074074,0.0,1.1227333333333331,34.9965,6.0,0,20.10423783423511,,,0.0,0.0,0.0,696.6666666666666,41.774981257184834,optimal
2021-02-11 18:00:00,1,19,0.0,0.0774074074074074,0.0,0.3061666666666667,34.9965,6.0,0,20.084797017471317,,,0.0,0.0,0.0,69.66666666666666,41.450615183592284,optimal
2021-02-11 18:30:00,1,19,0.0,0.46444444444444444,0.0,0.23163333333333333,30.4815,6.0,0,20.053213631315767,,,0.0,0.0,0.0,418.0,41.126573476073325,optimal
2021-02-11 19:00:00,1,19,0.0,0.6192592592592592,0.0,0.8974,21.4305,6.0,0,20.020008895810317,,,0.0,0.0,0.0,557.3333333333333,40.80285581026189,optimal
2021-02-11 19:30:00,1,19,0.4497028034779256,0.0,0.0,0.5097,14.3325,6.0,0,20.0,,,1573.9598121727395,0.0,0.0,0.0,40.47946186211626,optimal
2021-02-11 20:00:00,1,19,0.6014421068396567,0.0774074074074074,0.0,0.17036666666666667,13.692,6.0,0,20.0,,,2105.0473739387985,0.0,0.0,69.66666666666666,40.156391307918774,optimal
2021-02-11 20:30:00,1,19,0.0,0.1548148148148148,0.0,0.37839999999999996,14.007,6.0,0,20.0,,,0.0,0.0,0.0,139.33333333333331,39.83364382427549,optimal
2021-02-11 21:00:00,1,19,0.0,2.631851851851852,0.0,0.35596666666666665,12.873,6.0,0,19.9630373357705,,,0.0,0.0,0.0,2368.6666666666665,39.79381018045122,optimal
2021-02-11 21:30:00,1,19,0.0,0.3096296296296296,0.0,0.20953333333333332,12.684,6.0,0,19.930437232556468,,,0.0,0.0,0.0,278.66666666666663,39.75401637027077,optimal
2021-02-11 22:00:00,1,19,0.0,0.0,0.0,0.1398,12.306,6.0,0,19.894537390036575,,,0.0,0.0,0.0,0.0,39.714262353900494,optimal
2021-02-11 22:30:00,1,19,0.0,0.0,0.0,0.18963333333333332,10.6365,6.0,0,19.848616361148668,,,0.0,0.0,0.0,0.0,39.67454809154659,optimal
2021-02-11 23:00:00,1,19,0.0,0.0,0.0,0.067,11.2455,6.0,0,19.798230310049203,,,0.0,0.0,0.0,0.0,39.63487354345504,optimal
2021-02-11 23:30:00,1,19,0.0,0.0,0.0,0.17043333333333333,11.2455,6.0,0,19.738225280397494,,,0.0,0.0,0.0,0.0,39.59523866991159,optimal
2021-02-12 00:00:00,1,19,1.1428571428571428,0.0,0.0,0.066,10.3635,6.0,0,19.738225280397494,,,4000.0,0.0,0.0,0.0,39.55564343124168,optimal
2021-02-12 00:30:00,1,19,1.1428571428571428,0.0,0.0,0.13066666666666665,10.8045,6.0,0,19.758572743545255,,,4000.0,0.0,0.0,0.0,39.516087787810434,optimal
2021-02-12 01:00:00,1,19,1.1428571428571428,0.0,0.0,0.2429333333333333,11.025,6.0,0,19.780174039603693,,,4000.0,0.0,0.0,0.0,39.476571700022625,optimal
2021-02-12 01:30:00,1,19,1.1428571428571428,0.0,0.0,0.066,10.3635,6.0,0,19.80398763738474,,,4000.0,0.0,0.0,0.0,39.4370951283226,optimal
2021-02-12 02:00:00,1,19,1.1428571428571428,0.0,0.0,0.3474,10.8045,6.0,0,19.824423776809954,,,4000.0,0.0,0.0,0.0,39.39765803319428,optimal
2021-02-12 02:30:00,1,19,1.1428571428571428,0.0,5.167151398572805,0.0958,10.059,6.0,0,19.850751428740537,,,4000.0,0.0,0.0,0.0,41.81265728948317,optimal
2021-02-12 03:00:00,1,19,1.1428571428571428,0.0,0.0,0.1317333333333333,10.584,6.0,0,19.872704540888236,,,4000.0,0.0,0.0,0.0,41.770844632193686,optimal
2021-02-12 03:30:00,1,19,1.1428571428571428,0.0,7.0,0.13846666666666668,9.4185,6.0,0,19.896103802322852,,,4000.0,0.0,0.0,0.0,45.054073787561485,optimal
2021-02-12 04:00:00,1,19,1.1428571428571428,0.0,0.0,0.239,10.3635,6.0,0,19.921391516221846,,,4000.0,0.0,0.0,0.0,45.00901971377392,optimal
2021-02-12 04:30:00,1,19,1.1428571428571428,0.0,7.0,0.12013333333333334,9.8385,6.0,0,19.950457938213226,,,4000.0,0.0,0.0,0.0,48.289010694060146,optimal
2021-02-12 05:00:00,1,19,1.1428571428571428,0.0,0.0,0.15906666666666666,11.067,6.0,0,19.978860496710574,,,4000.0,0.0,0.0,0.0,48.240721683366075,optimal
2021-02-12 05:30:00,1,19,1.1428571428571428,0.0,0.0,0.23,10.8465,6.0,0,20.009789121788017,,,4000.0,0.0,0.0,0.0,48.192480961682705,optimal
2021-02-12 06:00:00,1,19,1.1428571428571428,0.0,0.0,0.066,13.671,6.0,0,20.04414280510434,,,4000.0,0.0,0.0,0.0,48.144288480721016,optimal
2021-02-12 06:30:00,1,19,1.1428571428571428,0.0,0.0,0.14546666666666666,12.348,6.0,0,20.077166053652807,,,4000.0,0.0,0.0,0.0,48.096144192240295,optimal
2021-02-12 07:00:00,1,19,0.40690933897623294,0.0,0.0,0.13113333333333332,14.3325,6.0,0,20.111968327846853,,,1424.1826864168154,0.0,0.0,0.0,48.048048048048045,optimal
2021-02-12 07:30:00,1,19,0.0,1.0837037037037036,0.0,0.26139999999999997,15.393,6.0,0,20.094607742673343,,,0.0,0.0,0.0,975.3333333333334,48.0,optimal
2021-02-12 08:00:00,1,19,1.1428571428571428,0.3096296296296296,0.0,0.3708333333333333,13.587,6.0,0,20.05097848326398,,,4000.0,0.0,0.0,278.66666666666663,47.87224908495934,optimal
2021-02-12 08:30:00,1,19,0.0,0.3096296296296296,0.0,1.9841333333333329,16.1385,6.0,0,20.089987444330657,,,0.0,0.0,0.0,278.66666666666663,47.74462592083373,optimal
2021-02-12 09:00:00,1,19,0.0,0.6192592592592592,0.0,0.6239,14.595,6.0,0,20.06986124204566,,,0.0,0.0,0.0,557.3333333333333,47.617130379872236,optimal
2021-02-12 09:30:00,1,19,0.0,6.698837037037036,0.0,0.41436666666666666,14.637,6.0,0,20.032876211800765,,,0.0,0.0,0.0,6028.953333333332,47.48976233445171,optimal
2021-02-12 10:00:00,1,19,0.4232926758264533,8.3182,0.0,0.8168333333333334,13.9125,6.0,0,20.0,,,1481.5243653925866,0.0,0.0,7486.379999999999,47.362521657076606,optimal
2021-02-12 10:30:00,1,19,0.31961540509798436,0.23222222222222222,0.0,1.7053666666666665,13.3665,6.0,0,20.0,,,1118.6539178429452,0.0,0.0,209.0,47.23540822037887,optimal
2021-02-12 11:00:00,1,19,1.1428571428571428,0.1548148148148148,0.0,1.1794666666666667,13.0095,6.0,0,20.0,,,4000.0,0.0,0.0,139.33333333333331,47.108421897117836,optimal
2021-02-12 11:30:00,1,19,0.0,0.42883703703703696,0.0,0.5864,13.8915,6.0,0,20.055015489912332,,,0.0,0.0,0.0,385.95333333333326,46.98156256018006,optimal
2021-02-12 12:00:00,1,19,0.06668973269337428,0.42264444444444443,0.0,0.42660000000000003,13.188,6.0,0,20.027200749517494,,,233.41406442680997,0.0,0.0,380.38,46.85483008257923,optimal
2021-02-12 12:30:00,1,19,0.14389936214537802,0.5418518518518518,0.0,1.5907666666666669,12.5685,6.0,0,20.0,,,503.64776750882305,0.0,0.0,487.6666666666667,46.72822433745599,optimal
2021-02-12 13:00:00,1,19,0.7153154813596091,0.387037037037037,0.0,0.5535666666666668,12.285,6.0,0,20.0,,,2503.6041847586316,0.0,0.0,348.3333333333333,46.60174519807788,optimal
2021-02-12 13:30:00,1,19,1.1428571428571428,0.23222222222222222,0.0,0.3746666666666667,11.487,6.0,0,20.022246747768346,,,4000.0,0.0,0.0,209.0,46.47539253783915,optimal
2021-02-12 14:00:00,1,19,1.1428571428571428,0.0,0.0,0.5278999999999999,11.802,6.0,0,20.0754379555882,,,4000.0,0.0,0.0,0.0,46.34916623026066,optimal
2021-02-12 14:30:00,1,19,1.1428571428571428,0.3096296296296296,0.0,0.6880666666666667,11.2245,6.0,0,20.136041961290196,,,4000.0,0.0,0.0,278.66666666666663,46.223066148989744,optimal
2021-02-12 15:00:00,1,19,1.1428571428571428,0.6192592592592592,0.0,0.5285333333333333,11.025,6.0,0,20.19440489314659,,,4000.0,0.0,0.0,557.3333333333333,46.0970921678001,optimal
2021-02-12 15:30:00,1,19,1.1428571428571428,0.0,0.0,0.39126666666666665,11.907,6.0,0,20.249700144921096,,,4000.0,0.0,0.0,0.0,45.971244160591645,optimal
2021-02-12 16:00:00,1,19,0.0,0.0,0.0,0.3664,25.83,6.0,0,20.304004909011734,,,0.0,0.0,0.0,0.0,45.8455220013904,optimal
2021-02-12 16:30:00,1,19,0.0,0.0,0.0,0.222,28.035,6.0,0,20.269267734687407,,,0.0,0.0,0.0,0.0,45.71992556434835,optimal
2021-02-12 17:00:00,1,19,0.0,0.46444444444444444,0.0,1.0092666666666668,28.119,6.0,0,20.221571539109316,,,0.0,0.0,0.0,418.0,45.59445472374335,optimal
2021-02-12 17:30:00,1,19,0.0,0.5418518518518518,0.0,1.3892666666666669,30.156,6.0,0,20.187797662397863,,,0.0,0.0,0.0,487.6666666666667,45.46910935397895,optimal
2021-02-12 18:00:00,1,19,0.0,0.3096296296296296,0.0,0.5520666666666667,29.1585,6.0,0,20.164830505630285,,,0.0,0.0,0.0,278.66666666666663,45.343889329584314,optimal
2021-02-12 18:30:00,1,19,0.0,0.3096296296296296,0.0,0.4556,26.712,6.0,0,20.13428865276352,,,0.0,0.0,0.0,278.66666666666663,45.21879452521407,optimal
2021-02-12 19:00:00,1,19,0.0,1.7803703703703702,0.0,0.6726,15.435,6.0,0,20.10374906826588,,,0.0,0.0,0.0,1602.3333333333333,45.093824815648205,optimal
2021-02-12 19:30:00,1,19,0.0,0.0774074074074074,0.0,0.26896666666666663,13.566,6.0,0,20.075169391113274,,,0.0,0.0,0.0,69.66666666666666,44.968980075791904,optimal
2021-02-12 20:00:00,1,19,0.0,0.0,0.0,0.3557,12.789,6.0,0,20.036479794870523,,,0.0,0.0,0.0,0.0,44.844260180675455,optimal
2021-02-12 20:30:00,1,19,0.0,0.0,0.0,0.4696,12.1275,6.0,0,20.0,,,0.0,0.0,0.0,0.0,44.719665005454125,optimal
2021-02-12 21:00:00,1,19,0.0,0.1548148148148148,0.0,0.485,13.671,6.0,0,19.967360622297672,,,0.0,0.0,0.0,139.33333333333331,44.59519442540802,optimal
2021-02-12 21:30:00,1,19,0.0,0.0,0.0,0.4883,10.668,6.0,0,19.937267406225946,,,0.0,0.0,0.0,0.0,44.47084831594196,optimal
2021-02-12 22:00:00,1,19,0.0,6.192592592592591,0.0,0.705,11.7285,6.0,0,19.90608991646538,,,0.0,0.0,0.0,5573.333333333332,44.34662655258536,optimal
2021-02-12 22:30:00,1,19,0.0,0.23222222222222222,0.0,0.5091333333333333,11.025,6.0,0,19.88282112269543,,,0.0,0.0,0.0,209.0,44.22252901099212,optimal
2021-02-12 23:00:00,1,19,0.0,0.0,0.0,0.47263333333333335,10.689,6.0,0,19.855545505617933,,,0.0,0.0,0.0,0.0,44.178306481981124,optimal
2021-02-12 23:30:00,1,19,0.0,0.3096296296296296,0.0,0.4753,8.1585,6.0,0,19.831550968199814,,,0.0,0.0,0.0,278.66666666666663,44.13412817549914,optimal
2021-02-13 00:00:00,1,19,1.1428571428571428,0.0,0.0,0.2318,9.3975,6.0,0,19.831550968199814,,,4000.0,0.0,0.0,0.0,44.08999404732364,optimal
2021-02-13 00:30:00,1,19,1.1428571428571428,0.0,0.0,0.184,10.059,6.0,0,19.87368269293138,,,4000.0,0.0,0.0,0.0,44.04590405327632,optimal
2021-02-13 01:00:00,1,19,1.1428571428571428,0.0,0.0,0.41303333333333336,9.261,6.0,0,19.916252348556597,,,4000.0,0.0,0.0,0.0,44.00185814922304,optimal
2021-02-13 01:30:00,1,19,1.1428571428571428,0.0,0.0,0.2523,8.1585,6.0,0,19.9657934877618,,,4000.0,0.0,0.0,0.0,43.95785629107382,optimal
2021-02-13 02:00:00,1,19,1.1428571428571428,0.0,0.0,0.066,9.4815,6.0,0,20.010544744328076,,,4000.0,0.0,0.0,0.0,43.913898434782745,optimal
2021-02-13 02:30:00,1,19,1.1428571428571428,0.0,0.0,0.066,8.379,6.0,0,20.047801069580615,,,4000.0,0.0,0.0,0.0,43.869984536347964,optimal
2021-02-13 03:00:00,1,19,1.1428571428571428,0.0,0.0,0.066,9.5235,6.0,0,20.084960900099748,,,4000.0,0.0,0.0,0.0,43.826114551811614,optimal
2021-02-13 03:30:00,1,19,1.1428571428571428,0.0,0.0,0.066,8.1375,6.0,0,20.12202448580904,,,4000.0,0.0,0.0,0.0,43.7822884372598,optimal
2021-02-13 04:00:00,1,19,1.1428571428571428,0.0,0.0,0.06733333333333333,10.0905,6.0,0,20.158862574842654,,,4000.0,0.0,0.0,0.0,43.738506148822545,optimal
2021-02-13 04:30:00,1,19,1.1428571428571428,0.0,7.0,0.07333333333333333,7.539,6.0,0,20.19547575124213,,,4000.0,0.0,0.0,0.0,47.01976764267373,optimal
2021-02-13 05:00:00,1,19,1.1428571428571428,0.0,2.9747071596780548,0.066,7.938,6.0,0,20.231735096394242,,,4000.0,0.0,0.0,0.0,48.38573377587813,optimal
2021-02-13 05:30:00,1,19,1.1428571428571428,0.0,0.0,0.066,8.274,6.0,0,20.26764152673,,,4000.0,0.0,0.0,0.0,48.33734804210225,optimal
2021-02-13 06:00:00,1,19,1.1428571428571428,0.0,0.0,0.066,9.261,6.0,0,20.303195956306837,,,4000.0,0.0,0.0,0.0,48.289010694060146,optimal
2021-02-13 06:30:00,1,19,1.1428571428571428,0.0,0.0,0.06633333333333333,9.9225,6.0,0,20.33839929681476,,,4000.0,0.0,0.0,0.0,48.240721683366075,optimal
2021-02-13 07:00:00,1,19,1.1428571428571428,0.0,0.0,0.073,9.702,6.0,0,20.373381958724575,,,4000.0,0.0,0.0,0.0,48.192480961682705,optimal
2021-02-13 07:30:00,1,19,1.1428571428571428,0.3096296296296296,0.0,0.16313333333333332,10.584,6.0,0,20.408144513598884,,,4000.0,0.0,0.0,278.66666666666663,48.144288480721016,optimal
2021-02-13 08:00:00,1,19,1.1428571428571428,0.1548148148148148,0.0,1.1987999999999999,10.143,6.0,0,20.445074311949288,,,4000.0,0.0,0.0,139.33333333333331,48.096144192240295,optimal
2021-02-13 08:30:00,1,19,0.0,0.1548148148148148,0.0,0.3066666666666667,13.0095,6.0,0,20.490727635783127,,,0.0,0.0,0.0,139.33333333333331,48.048048048048045,optimal
2021-02-13 09:00:00,1,19,0.0,0.23222222222222222,0.0,0.6466000000000001,11.025,6.0,0,20.45275967381264,,,0.0,0.0,0.0,209.0,48.0,optimal
2021-02-13 09:30:00,1,19,0.0,0.3096296296296296,0.0,0.12516666666666668,12.789,6.0,0,20.424215795409886,,,0.0,0.0,0.0,278.66666666666663,47.71931084092529,optimal
2021-02-13 10:00:00,1,19,0.0,0.23222222222222222,0.0,0.12406666666666666,12.1275,6.0,0,20.383872183351425,,,0.0,0.0,0.0,209.0,47.438902371009654,optimal
2021-02-13 10:30:00,1,19,0.0,2.3222222222222215,0.0,0.34303333333333336,12.1695,6.0,0,20.34580194022594,,,0.0,0.0,0.0,2089.9999999999995,47.15877430956393,optimal
2021-02-13 11:00:00,1,19,0.0,0.8716074074074074,0.0,0.7106666666666667,12.306,6.0,0,20.30941382444673,,,0.0,0.0,0.0,784.4466666666667,46.878926376179656,optimal
2021-02-13 11:30:00,1,19,0.0,1.8376518518518514,0.0,1.1446333333333334,13.23,6.0,0,20.27783512056025,,,0.0,0.0,0.0,1653.8866666666663,46.599358290728766,optimal
2021-02-13 12:00:00,1,19,0.0,0.8514814814814814,0.0,1.7893333333333332,13.671,6.0,0,20.261609485526158,,,0.0,0.0,0.0,766.3333333333333,46.32006977336333,optimal
2021-02-13 12:30:00,1,19,0.0,0.387037037037037,0.0,0.23406666666666665,13.9335,6.0,0,20.24418944386323,,,0.0,0.0,0.0,348.3333333333333,46.041060544515254,optimal
2021-02-13 13:00:00,1,19,0.0,0.0774074074074074,0.0,0.2602,13.293,6.0,0,20.211838266900703,,,0.0,0.0,0.0,69.66666666666666,45.76233032489603,optimal
2021-02-13 13:30:00,1,19,0.0,0.3096296296296296,0.0,0.33373333333333327,12.1065,6.0,0,20.18389697292962,,,0.0,0.0,0.0,278.66666666666663,45.48387883549642,optimal
2021-02-13 14:00:00,1,19,0.0,0.0,0.0,0.46543333333333325,11.571,6.0,0,20.150060812510286,,,0.0,0.0,0.0,0.0,45.20570579758621,optimal
2021-02-13 14:30:00,1,19,0.728743575838015,0.1548148148148148,0.0,0.6033999999999999,11.025,6.0,0,20.116623281106882,,,2550.6025154330523,0.0,0.0,139.33333333333331,44.92781093271392,optimal
2021-02-13 15:00:00,1,19,1.1428571428571428,0.0774074074074074,0.0,0.4614333333333333,10.8465,6.0,0,20.139356611631314,,,4000.0,0.0,0.0,69.66666666666666,44.650193962706496,optimal
2021-02-13 15:30:00,1,19,0.0,0.0774074074074074,0.0,1.9570999999999998,11.2455,6.0,0,20.192703279158504,,,0.0,0.0,0.0,69.66666666666666,44.372854609669076,optimal
2021-02-13 16:00:00,1,19,0.0,0.23222222222222222,0.0,0.8099,23.8665,6.0,0,20.18242020009406,,,0.0,0.0,0.0,209.0,44.0957925959847,optimal
2021-02-13 16:30:00,1,19,0.0,0.1548148148148148,0.0,1.0147333333333333,27.4575,6.0,0,20.166314000317833,,,0.0,0.0,0.0,139.33333333333331,43.819007644314006,optimal
2021-02-13 17:00:00,1,19,0.0,0.5418518518518518,0.0,0.5534666666666667,27.3735,6.0,0,20.151548641093388,,,0.0,0.0,0.0,487.6666666666667,43.54249947759498,optimal
2021-02-13 17:30:00,1,19,0.0,0.0,0.0,2.279533333333333,30.4605,6.0,0,20.127440075202834,,,0.0,0.0,0.0,0.0,43.266267819042675,optimal
2021-02-13 18:00:00,1,19,0.0,0.23222222222222222,0.0,0.3429333333333333,30.0195,6.0,0,20.123677423755453,,,0.0,0.0,0.0,209.0,42.99031239214892,optimal
2021-02-13 18:30:00,1,19,0.0,0.0,0.0,0.5544666666666667,26.9325,6.0,0,20.094164947967723,,,0.0,0.0,0.0,0.0,42.714632920682064,optimal
2021-02-13 19:00:00,1,19,0.0,0.387037037037037,0.0,0.5739333333333333,14.595,6.0,0,20.070583466255385,,,0.0,0.0,0.0,348.3333333333333,42.43922912868667,optimal
2021-02-13 19:30:00,1,19,0.0,0.0,0.0,0.643,12.4845,6.0,0,20.052215860659956,,,0.0,0.0,0.0,0.0,42.16410074048327,optimal
2021-02-13 20:00:00,1,19,0.0,0.0,0.0,0.5241,12.1275,6.0,0,20.027334620472836,,,0.0,0.0,0.0,0.0,41.889247480668075,optimal
2021-02-13 20:30:00,1,19,0.0,0.46444444444444444,0.0,1.3310666666666666,12.1275,6.0,0,20.0,,,0.0,0.0,0.0,418.0,41.6146690741127,optimal
2021-02-13 21:00:00,1,19,0.0,2.8640740740740736,0.0,1.9452,12.789,6.0,0,19.979753876996295,,,0.0,0.0,0.0,2577.666666666666,41.34036524596387,optimal
2021-02-13 21:30:00,1,19,0.0,2.39962962962963,0.0,0.48673333333333335,11.907,6.0,0,19.96426829141292,,,0.0,0.0,0.0,2159.6666666666665,41.0663357216432,optimal
2021-02-13 22:00:00,1,19,0.0,0.3096296296296296,0.0,0.5068666666666667,11.025,6.0,0,19.94069113295007,,,0.0,0.0,0.0,278.66666666666663,41.025269385921554,optimal
2021-02-13 22:30:00,1,19,0.0,0.0,0.0,0.4675666666666667,8.2005,6.0,0,19.915043983578492,,,0.0,0.0,0.0,0.0,40.984244116535635,optimal
2021-02-13 23:00:00,1,19,0.0,0.0,0.0,0.4062,9.5655,6.0,0,19.889399475939054,,,0.0,0.0,0.0,0.0,40.9432598724191,optimal
2021-02-13 23:30:00,1,19,0.0,0.9490148148148149,0.0,0.2065,7.056,6.0,0,19.863752215423403,,,0.0,0.0,0.0,854.1133333333333,40.90231661254668,optimal
2021-02-07 00:00:00,2,19,0.0,0.0,0.0,0.056,9.261,6.0,0,21.0,,,0.0,0.0,0.0,0.0,47.952,optimal
2021-02-07 00:30:00,2,19,0.0,0.0,0.0,0.056,10.3635,6.0,0,20.960015085317576,,,0.0,0.0,0.0,0.0,47.904047999999996,optimal
2021-02-07 01:00:00,2,19,0.0,0.0,0.0,0.056,8.274,6.0,0,20.919874730193325,,,0.0,0.0,0.0,0.0,47.856143952,optimal
2021-02-07 01:30:00,2,19,0.0,0.0,0.0,0.056,7.7175,6.0,0,20.879579337221543,,,0.0,0.0,0.0,0.0,47.80828780804799,optimal
2021-02-07 02:00:00,2,19,0.0,0.0,0.0,0.056,6.615,6.0,0,20.839258809095885,,,0.0,0.0,0.0,0.0,47.76047952023995,optimal
2021-02-07 02:30:00,2,19,0.0,0.0,0.0,0.056,6.174,6.0,0,20.798913210916975,,,0.0,0.0,0.0,0.0,47.712719040719705,optimal
2021-02-07 03:00:00,2,19,0.014009289131182259,0.0,0.0,0.056,3.906,6.0,0,20.758413106474734,,,49.032511959137906,0.0,0.0,0.0,47.66500632167899,optimal
2021-02-07 03:30:00,2,19,1.1428571428571428,0.0,0.0,0.056,2.3415,6.0,0,20.718749554859937,,,4000.0,0.0,0.0,0.0,47.61734131535731,optimal
2021-02-07 04:00:00,2,19,1.1428571428571428,0.0,0.0,0.056,2.205,6.0,0,20.758885065784753,,,4000.0,0.0,0.0,0.0,47.56972397404195,optimal
2021-02-07 04:30:00,2,19,1.1428571428571428,0.0,1.716197456914406,0.056,0.882,6.0,0,20.798787123677418,,,4000.0,0.0,0.0,0.0,48.33734804210225,optimal
2021-02-07 05:00:00,2,19,1.1428571428571428,0.0,0.0,0.056,1.5435,6.0,0,20.838585834328704,,,4000.0,0.0,0.0,0.0,48.289010694060146,optimal
2021-02-07 05:30:00,2,19,1.1428571428571428,0.0,0.0,0.056,1.5435,6.0,0,20.87828146541033,,,4000.0,0.0,0.0,0.0,48.240721683366075,optimal
2021-02-07 06:00:00,2,19,0.0,0.0,0.0,0.05733333333333333,5.0715,6.0,0,20.917874283900733,,,0.0,0.0,0.0,0.0,48.192480961682705,optimal
2021-02-07 06:30:00,2,19,0.0,0.0,0.0,0.06533333333333333,5.376,6.0,0,20.87654806299382,,,0.0,0.0,0.0,0.0,48.144288480721016,optimal
2021-02-07 07:00:00,2,19,0.0,0.3096296296296296,0.0,0.05793333333333333,5.0715,6.0,0,20.835199376800926,,,0.0,0.0,0.0,278.66666666666663,48.096144192240295,optimal
2021-02-07 07:30:00,2,19,0.0,0.3096296296296296,0.0,0.127,5.5125,6.0,0,20.796163880158055,,,0.0,0.0,0.0,278.66666666666663,48.048048048048045,optimal
2021-02-07 08:00:00,2,19,0.0,2.941481481481482,0.0,0.08986666666666666,9.261,6.0,0,20.76592408326974,,,0.0,0.0,0.0,2647.3333333333335,48.0,optimal
2021-02-07 08:30:00,2,19,0.0,2.3222222222222215,0.0,0.9881,11.7075,6.0,0,20.736317637276688,,,0.0,0.0,0.0,2089.9999999999995,47.875891172386304,optimal
2021-02-07 09:00:00,2,19,0.0,0.0,0.0,0.0915,12.348,6.0,0,20.702097155989836,,,0.0,0.0,0.0,0.0,47.75190645360022,optimal
2021-02-07 09:30:00,2,19,0.0,0.23222222222222222,0.0,0.06963333333333334,12.348,6.0,0,20.661799285412425,,,0.0,0.0,0.0,209.0,47.62804571953293,optimal
2021-02-07 10:00:00,2,19,0.0,0.23222222222222222,0.0,0.08566666666666667,12.1275,6.0,0,20.6247955395875,,,0.0,0.0,0.0,209.0,47.5043088461997,optimal
2021-02-07 10:30:00,2,19,0.0,0.0,0.0,0.1202,12.5265,6.0,0,20.589869854325364,,,0.0,0.0,0.0,0.0,47.380695709739804,optimal
2021-02-07 11:00:00,2,19,0.0,0.1548148148148148,0.0,0.4986666666666667,11.7495,6.0,0,20.55555213690611,,,0.0,0.0,0.0,139.33333333333331,47.25720618641637,optimal
2021-02-07 11:30:00,2,19,0.0,0.0,0.0,0.48923333333333335,13.23,6.0,0,20.52546273954417,,,0.0,0.0,0.0,0.0,47.13384015261626,optimal
2021-02-07 12:00:00,2,19,0.0,0.1548148148148148,0.0,0.2132333333333333,14.3325,6.0,0,20.494527272504335,,,0.0,0.0,0.0,139.33333333333331,47.010597484849946,optimal
2021-02-07 12:30:00,2,19,0.0,0.5418518518518518,0.0,0.1943666666666667,14.994,6.0,0,20.456809262534463,,,0.0,0.0,0.0,487.6666666666667,46.8874780597514,optimal
2021-02-07 13:00:00,2,19,0.0,0.23222222222222222,0.0,0.2,14.8155,6.0,0,20.42016143487218,,,0.0,0.0,0.0,209.0,46.764481754077956,optimal
2021-02-07 13:30:00,2,19,0.0,0.0774074074074074,0.0,0.18696666666666667,14.112,6.0,0,20.38405234251378,,,0.0,0.0,0.0,69.66666666666666,46.64160844471018,optimal
2021-02-07 14:00:00,2,19,0.0,0.0,0.0,0.5866,14.007,6.0,0,20.348145397077428,,,0.0,0.0,0.0,0.0,46.518858008651776,optimal
2021-02-07 14:30:00,2,19,0.0,0.0,0.0,0.16016666666666665,13.23,6.0,0,20.320026723550377,,,0.0,0.0,0.0,0.0,46.39623032302943,optimal
2021-02-07 15:00:00,2,19,0.0,0.0,0.0,0.16396666666666668,11.382,6.0,0,20.28610436679377,,,0.0,0.0,0.0,0.0,46.27372526509271,optimal
2021-02-07 15:30:00,2,19,0.0,0.387037037037037,0.0,0.1667,11.7495,6.0,0,20.2513581856666,,,0.0,0.0,0.0,348.3333333333333,46.15134271221392,optimal
2021-02-07 16:00:00,2,19,0.0,0.23222222222222222,0.0,0.4680666666666667,24.3285,6.0,0,20.215752493359723,,,0.0,0.0,0.0,209.0,46.02908254188801,optimal
2021-02-07 16:30:00,2,19,0.0,0.3096296296296296,0.0,2.696466666666667,28.917,6.0,0,20.184719574759672,,,0.0,0.0,0.0,278.66666666666663,45.90694463173243,optimal
2021-02-07 17:00:00,2,19,0.0,0.0,0.0,2.4919333333333333,31.3635,6.0,0,20.1624396447546,,,0.0,0.0,0.0,0.0,45.784928859487,optimal
2021-02-07 17:30:00,2,19,0.0,0.1548148148148148,0.0,0.10633333333333331,33.306,6.0,0,20.138098470287236,,,0.0,0.0,0.0,139.33333333333331,45.66303510301382,optimal
2021-02-07 18:00:00,2,19,0.0,2.86717037037037,0.0,1.2651333333333334,31.3425,6.0,0,20.107403630584127,,,0.0,0.0,0.0,2580.4533333333334,45.54126324029711,optimal
2021-02-07 18:30:00,2,19,0.0,2.7061629629629627,0.0,1.3026,28.2555,6.0,0,20.07918219551606,,,0.0,0.0,0.0,2435.5466666666666,45.41961314944312,optimal
2021-02-07 19:00:00,2,19,0.0,0.0774074074074074,0.0,0.9765666666666668,15.6975,6.0,0,20.06044310957095,,,0.0,0.0,0.0,69.66666666666666,45.29808470867999,optimal
2021-02-07 19:30:00,2,19,0.0,0.1548148148148148,0.0,1.4927000000000001,12.5475,6.0,0,20.037468536046596,,,0.0,0.0,0.0,139.33333333333331,45.17667779635761,optimal
2021-02-07 20:00:00,2,19,0.0,0.0,0.0,0.7677333333333334,12.0855,6.0,0,20.020440544631814,,,0.0,0.0,0.0,0.0,45.05539229094756,optimal
2021-02-07 20:30:00,2,19,0.0,0.3096296296296296,0.0,0.3137,11.907,6.0,0,20.0,,,0.0,0.0,0.0,278.66666666666663,44.93422807104292,optimal
2021-02-07 21:00:00,2,19,0.0,0.3096296296296296,0.0,0.312,12.5685,6.0,0,19.982105600233783,,,0.0,0.0,0.0,278.66666666666663,44.81318501535818,optimal
2021-02-07 21:30:00,2,19,0.0,0.0,0.0,1.2080333333333333,13.146,6.0,0,19.962684603603986,,,0.0,0.0,0.0,0.0,44.69226300272913,optimal
2021-02-07 22:00:00,2,19,0.0,0.0,0.0,0.6164,10.584,6.0,0,19.961673394617485,,,0.0,0.0,0.0,0.0,44.5714619121127,optimal
2021-02-07 22:30:00,2,19,0.0,0.0,0.0,0.3497333333333333,6.678,6.0,0,19.944618016510955,,,0.0,0.0,0.0,0.0,44.450781622586895,optimal
2021-02-07 23:00:00,2,19,0.0,0.0,0.0,1.2755,7.938,6.0,0,19.921158329545246,,,0.0,0.0,0.0,0.0,44.330222013350614,optimal
2021-02-07 23:30:00,2,19,0.0,0.0,0.0,0.066,5.292,6.0,0,19.89959211972676,,,0.0,0.0,0.0,0.0,44.285891791337264,optimal
2021-02-08 00:00:00,2,19,1.1428571428571428,0.5418518518518518,0.0,0.13683333333333333,5.9745,6.0,0,19.89959211972676,,,4000.0,0.0,0.0,487.6666666666667,44.241605899545924,optimal
2021-02-08 00:30:00,2,19,1.1428571428571428,0.1548148148148148,0.0,0.2072333333333333,7.938,6.0,0,19.945311247422058,,,4000.0,0.0,0.0,139.33333333333331,44.19736429364638,optimal
2021-02-08 01:00:00,2,19,1.1428571428571428,0.0,0.0,0.08016666666666668,8.6835,6.0,0,19.99270002644201,,,4000.0,0.0,0.0,0.0,44.153166929352736,optimal
2021-02-08 01:30:00,2,19,1.1428571428571428,0.0,0.0,0.24396666666666667,7.665,6.0,0,20.034455056083676,,,4000.0,0.0,0.0,0.0,44.10901376242338,optimal
2021-02-08 02:00:00,2,19,1.1428571428571428,0.0,0.0,0.08206666666666666,6.7725,6.0,0,20.07928187349488,,,4000.0,0.0,0.0,0.0,44.06490474866096,optimal
2021-02-08 02:30:00,2,19,1.1428571428571428,0.0,0.0,0.2127333333333333,5.5755,6.0,0,20.120592039725036,,,4000.0,0.0,0.0,0.0,44.0208398439123,optimal
2021-02-08 03:00:00,2,19,1.1428571428571428,0.0,2.1730541256958626,0.11853333333333332,5.0925,6.0,0,20.164564718264188,,,4000.0,0.0,0.0,0.0,45.00901971377392,optimal
2021-02-08 03:30:00,2,19,1.1428571428571428,0.0,7.0,0.09063333333333334,4.1895,6.0,0,20.206649779291254,,,4000.0,0.0,0.0,0.0,48.289010694060146,optimal
2021-02-08 04:00:00,2,19,1.1428571428571428,0.0,0.0,0.2511,7.056,6.0,0,20.247932642867546,,,4000.0,0.0,0.0,0.0,48.240721683366075,optimal
2021-02-08 04:30:00,2,19,1.1428571428571428,0.0,0.0,0.054,5.271,6.0,0,20.292221170056695,,,4000.0,0.0,0.0,0.0,48.192480961682705,optimal
2021-02-08 05:00:00,2,19,1.1428571428571428,0.0,0.0,0.1596,7.938,6.0,0,20.33215375396745,,,4000.0,0.0,0.0,0.0,48.144288480721016,optimal
2021-02-08 05:30:00,2,19,1.1428571428571428,0.0,0.0,0.07746666666666667,7.938,6.0,0,20.37385746470722,,,4000.0,0.0,0.0,0.0,48.096144192240295,optimal
2021-02-08 06:00:00,2,19,1.1428571428571428,0.0,0.0,0.17373333333333332,11.907,6.0,0,20.413664228749987,,,4000.0,0.0,0.0,0.0,48.048048048048045,optimal
2021-02-08 06:30:00,2,19,1.1428571428571428,0.3096296296296296,0.0,0.17666666666666667,11.025,6.0,0,20.45498133359024,,,4000.0,0.0,0.0,278.66666666666663,48.0,optimal
2021-02-08 07:00:00,2,19,1.1428571428571428,0.46444444444444444,0.0,0.06983333333333333,11.2875,6.0,0,20.501322405272692,,,4000.0,0.0,0.0,418.0,47.90286680395351,optimal
2021-02-08 07:30:00,2,19,0.0,0.3096296296296296,0.0,0.2945,12.936,6.0,0,20.547169481487277,,,0.0,0.0,0.0,278.66666666666663,47.805830741103065,optimal
2021-02-08 08:00:00,2,19,0.0,7.16482962962963,0.0,0.15880000000000002,13.0095,6.0,0,20.518421089552835,,,0.0,0.0,0.0,6448.346666666667,47.70889171431547,optimal
2021-02-08 08:30:00,2,19,0.0,0.8081333333333331,0.0,0.2705666666666667,13.671,6.0,0,20.4913400351331,,,0.0,0.0,0.0,727.3199999999998,47.612049626554665,optimal
2021-02-08 09:00:00,2,19,0.0,0.0774074074074074,0.0,0.4073333333333333,13.188,6.0,0,20.46391953091325,,,0.0,0.0,0.0,69.66666666666666,47.51530438088162,optimal
2021-02-08 09:30:00,2,19,0.0,0.0,0.0,0.2024333333333333,13.8495,6.0,0,20.437533394612174,,,0.0,0.0,0.0,0.0,47.418655880454246,optimal
2021-02-08 10:00:00,2,19,0.0,0.0,0.0,0.4879666666666666,13.23,6.0,0,20.401739102509538,,,0.0,0.0,0.0,0.0,47.3221040285273,optimal
2021-02-08 10:30:00,2,19,0.0,0.5418518518518518,0.0,0.34586666666666666,13.3665,6.0,0,20.37060558310179,,,0.0,0.0,0.0,487.6666666666667,47.225648728452285,optimal
2021-02-08 11:00:00,2,19,0.0,0.387037037037037,0.0,0.3135,13.0515,6.0,0,20.33392257374632,,,0.0,0.0,0.0,348.3333333333333,47.129289883677345,optimal
2021-02-08 11:30:00,2,19,0.0,0.3096296296296296,0.0,0.8102999999999999,13.5345,6.0,0,20.294648863864097,,,0.0,0.0,0.0,278.66666666666663,47.033027397747176,optimal
2021-02-08 12:00:00,2,19,0.0,0.0774074074074074,0.0,1.9868666666666663,14.154,6.0,0,20.265823390739605,,,0.0,0.0,0.0,69.66666666666666,46.93686117430294,optimal
2021-02-08 12:30:00,2,19,0.0,0.0,0.0,0.2808333333333333,14.112,6.0,0,20.235008239638184,,,0.0,0.0,0.0,0.0,46.84079111708215,optimal
2021-02-08 13:00:00,2,19,0.0,0.0,0.0,0.2762333333333333,14.2485,6.0,0,20.19065704326746,,,0.0,0.0,0.0,0.0,46.74481712991857,optimal
2021-02-08 13:30:00,2,19,0.010266682230958635,0.0,0.0,0.25903333333333334,12.789,6.0,0,20.14526097147762,,,35.93338780835522,0.0,0.0,0.0,46.64893911674216,optimal
2021-02-08 14:00:00,2,19,0.0,0.0,0.0,0.19883333333333328,13.0095,6.0,0,20.100429243587726,,,0.0,0.0,0.0,0.0,46.55315698157893,optimal
2021-02-08 14:30:00,2,19,1.1428571428571428,0.0,0.0,0.286,12.1275,6.0,0,20.053585851691828,,,4000.0,0.0,0.0,0.0,46.45747062855086,optimal
2021-02-08 15:00:00,2,19,1.1428571428571428,0.0,0.0,0.064,12.348,6.0,0,20.09104260305632,,,4000.0,0.0,0.0,0.0,46.361879961875815,optimal
2021-02-08 15:30:00,2,19,1.1428571428571428,0.3096296296296296,0.0,0.2768,12.348,6.0,0,20.123528520510305,,,4000.0,0.0,0.0,278.66666666666663,46.266384885867446,optimal
2021-02-08 16:00:00,2,19,0.0,0.23222222222222222,0.0,0.5434666666666667,25.389,6.0,0,20.170272727090108,,,0.0,0.0,0.0,209.0,46.17098530493509,optimal
2021-02-08 16:30:00,2,19,0.0,0.23222222222222222,0.0,0.38073333333333337,29.1375,6.0,0,20.146732256591143,,,0.0,0.0,0.0,209.0,46.075681123583664,optimal
2021-02-08 17:00:00,2,19,0.0,0.6192592592592592,0.0,0.3912,30.597,6.0,0,20.12068517098011,,,0.0,0.0,0.0,557.3333333333333,45.98047224641359,optimal
2021-02-08 17:30:00,2,19,0.0,0.6192592592592592,0.0,0.4651,33.684,6.0,0,20.096537476016977,,,0.0,0.0,0.0,557.3333333333333,45.88535857812069,optimal
2021-02-08 18:00:00,2,19,0.0,0.1548148148148148,0.0,0.197,32.445,6.0,0,20.077444657454407,,,0.0,0.0,0.0,139.33333333333331,45.79034002349608,optimal
2021-02-08 18:30:00,2,19,0.0,5.728148148148147,0.0,0.7823,28.917,6.0,0,20.04880153122175,,,0.0,0.0,0.0,5155.333333333332,45.695416487426094,optimal
2021-02-08 19:00:00,2,19,0.0,0.6966666666666667,0.0,1.208,15.876,6.0,0,20.024431606992092,,,0.0,0.0,0.0,627.0,45.60058787489218,optimal
2021-02-08 19:30:00,2,19,0.18984446399682275,0.0,0.0,1.8504333333333327,12.348,6.0,0,20.0,,,664.4556239888797,0.0,0.0,0.0,45.50585409097079,optimal
2021-02-08 20:00:00,2,19,0.4571136786152018,0.0,0.0,0.1994333333333333,12.1275,6.0,0,20.0,,,1599.8978751532063,0.0,0.0,0.0,45.41121504083333,optimal
2021-02-08 20:30:00,2,19,0.0,2.3222222222222215,0.0,0.062,12.348,6.0,0,20.0,,,0.0,0.0,0.0,2089.9999999999995,45.31667062974601,optimal
2021-02-08 21:00:00,2,19,0.0,0.0,0.0,0.10643333333333334,12.1275,6.0,0,19.965488316990545,,,0.0,0.0,0.0,0.0,45.22222076306977,optimal
2021-02-08 21:30:00,2,19,0.0,0.0,0.0,1.1165666666666667,12.1275,6.0,0,19.93540588028367,,,0.0,0.0,0.0,0.0,45.12786534626021,optimal
2021-02-08 22:00:00,2,19,0.0,0.0,0.0,1.3363666666666665,11.2665,6.0,0,19.913757963337787,,,0.0,0.0,0.0,0.0,45.03360428486746,optimal
2021-02-08 22:30:00,2,19,0.0,0.23222222222222222,0.0,0.6541666666666667,10.143,6.0,0,19.89566834320226,,,0.0,0.0,0.0,209.0,44.9394374845361,optimal
2021-02-08 23:00:00,2,19,0.0,0.1548148148148148,0.0,1.2845666666666666,11.2455,6.0,0,19.86741138836338,,,0.0,0.0,0.0,139.33333333333331,44.84536485100507,optimal
2021-02-08 23:30:00,2,19,0.0,0.5418518518518518,0.0,0.5725,11.025,6.0,0,19.8366738931364,,,0.0,0.0,0.0,487.6666666666667,44.800519486154066,optimal
2021-02-09 00:00:00,2,19,1.1428571428571428,0.0,7.0,0.055,10.584,6.0,0,19.8366738931364,,,4000.0,0.0,0.0,0.0,48.08071896666792,optimal
2021-02-09 00:30:00,2,19,1.1428571428571428,0.0,0.0,0.096,11.2455,6.0,0,19.87254267877884,,,4000.0,0.0,0.0,0.0,48.03263824770125,optimal
2021-02-09 01:00:00,2,19,1.1428571428571428,0.0,0.0,0.15159999999999998,12.1275,6.0,0,19.90927643364345,,,4000.0,0.0,0.0,0.0,47.984605609453546,optimal
2021-02-09 01:30:00,2,19,1.1428571428571428,0.0,0.0,0.1188,11.823,6.0,0,19.94886504399493,,,4000.0,0.0,0.0,0.0,47.936621003844095,optimal
2021-02-09 02:00:00,2,19,1.1428571428571428,0.0,0.0,0.05433333333333334,11.7705,6.0,0,19.987429421413786,,,4000.0,0.0,0.0,0.0,47.88868438284025,optimal
2021-02-09 02:30:00,2,19,1.1428571428571428,0.0,0.0,0.2592,11.13,6.0,0,20.024999157517733,,,4000.0,0.0,0.0,0.0,47.84079569845741,optimal
2021-02-09 03:00:00,2,19,1.1428571428571428,0.0,0.0,0.27826666666666666,11.6865,6.0,0,20.07080463580882,,,4000.0,0.0,0.0,0.0,47.79295490275896,optimal
2021-02-09 03:30:00,2,19,1.1428571428571428,0.0,0.0,0.055,10.7205,6.0,0,20.11783120499101,,,4000.0,0.0,0.0,0.0,47.7451619478562,optimal
2021-02-09 04:00:00,2,19,1.1428571428571428,0.0,0.0,0.1288,11.424,6.0,0,20.15662508176769,,,4000.0,0.0,0.0,0.0,47.69741678590834,optimal
2021-02-09 04:30:00,2,19,1.1428571428571428,0.0,1.2442153984076905,0.113,10.689,6.0,0,20.197068548099146,,,4000.0,0.0,0.0,0.0,48.240721683366075,optimal
2021-02-09 05:00:00,2,19,1.1428571428571428,0.0,0.0,0.12459999999999999,11.361,6.0,0,20.236829037497106,,,4000.0,0.0,0.0,0.0,48.192480961682705,optimal
2021-02-09 05:30:00,2,19,1.1428571428571428,0.0,0.0,0.1404,11.571,6.0,0,20.27646191186511,,,4000.0,0.0,0.0,0.0,48.144288480721016,optimal
2021-02-09 06:00:00,2,19,0.0,0.0,0.0,0.171,14.3745,6.0,0,20.316311361330932,,,0.0,0.0,0.0,0.0,48.096144192240295,optimal
2021-02-09 06:30:00,2,19,1.1428571428571428,0.774074074074074,0.0,0.19406666666666664,13.23,6.0,0,20.27585935289151,,,4000.0,0.0,0.0,696.6666666666666,48.048048048048045,optimal
2021-02-09 07:00:00,2,19,0.0,3.4833333333333325,0.0,0.27363333333333334,13.9755,6.0,0,20.32041974938069,,,0.0,0.0,0.0,3134.9999999999995,48.0,optimal
2021-02-09 07:30:00,2,19,0.0,0.6192592592592592,0.0,0.2751,14.994,6.0,0,20.288641116269716,,,0.0,0.0,0.0,557.3333333333333,47.86970907344317,optimal
2021-02-09 08:00:00,2,19,0.8731614946589047,0.5418518518518518,0.0,0.2653666666666667,13.671,6.0,0,20.25740909587338,,,3056.0652313061664,0.0,0.0,487.6666666666667,47.73954843781289,optimal
2021-02-09 08:30:00,2,19,0.0,0.3096296296296296,0.0,0.31980000000000003,15.981,6.0,0,20.280570272820228,,,0.0,0.0,0.0,278.66666666666663,47.60951796281825,optimal
2021-02-09 09:00:00,2,19,0.0,0.5418518518518518,0.0,0.20053333333333334,15.6345,6.0,0,20.244724524987287,,,0.0,0.0,0.0,487.6666666666667,47.4796175182986,optimal
2021-02-09 09:30:00,2,19,0.0,0.0,0.0,4.110766666666667,16.5375,6.0,0,20.209425449604705,,,0.0,0.0,0.0,0.0,47.349846974223475,optimal
2021-02-09 10:00:00,2,19,0.0,0.0,0.0,0.8596666666666666,14.7735,6.0,0,20.202655463494697,,,0.0,0.0,0.0,0.0,47.220206200692424,optimal
2021-02-09 10:30:00,2,19,0.0,0.46444444444444444,0.0,0.31843333333333335,15.2145,6.0,0,20.17881270608295,,,0.0,0.0,0.0,418.0,47.0906950679349,optimal
2021-02-09 11:00:00,2,19,0.0,0.23222222222222222,0.0,0.8845333333333333,14.553,6.0,0,20.151743040371866,,,0.0,0.0,0.0,209.0,46.961313446310136,optimal
2021-02-09 11:30:00,2,19,0.0,0.0774074074074074,0.0,2.096366666666667,14.3325,6.0,0,20.131339491078876,,,0.0,0.0,0.0,69.66666666666666,46.832061206306996,optimal
2021-02-09 12:00:00,2,19,0.0,0.387037037037037,0.0,0.38160000000000005,14.595,6.0,0,20.111269011346316,,,0.0,0.0,0.0,348.3333333333333,46.702938218543856,optimal
2021-02-09 12:30:00,2,19,0.0,0.3096296296296296,0.0,0.26339999999999997,14.994,6.0,0,20.085085489672778,,,0.0,0.0,0.0,278.66666666666663,46.57394435376848,optimal
2021-02-09 13:00:00,2,19,0.0,0.0,0.0,0.6315333333333333,14.3325,6.0,0,20.055169193577612,,,0.0,0.0,0.0,0.0,46.445079482857885,optimal
2021-02-09 13:30:00,2,19,1.1428571428571428,0.0,0.0,2.1378666666666666,13.8915,6.0,0,20.021137292547255,,,4000.0,0.0,0.0,0.0,46.3163434768182,optimal
2021-02-09 14:00:00,2,19,1.1428571428571428,0.0,0.0,0.14026666666666668,13.8915,6.0,0,20.07004142520004,,,4000.0,0.0,0.0,0.0,46.18773620678455,optimal
2021-02-09 14:30:00,2,19,1.1428571428571428,0.1548148148148148,0.0,0.1906,13.4715,6.0,0,20.11385468154066,,,4000.0,0.0,0.0,139.33333333333331,46.05925754402094,optimal
2021-02-09 15:00:00,2,19,1.1428571428571428,0.0,0.0,0.0708,13.23,6.0,0,20.157431694112244,,,4000.0,0.0,0.0,0.0,45.930907359920084,optimal
2021-02-09 15:30:00,2,19,1.1428571428571428,0.0,0.0,0.10479999999999999,13.8915,6.0,0,20.196574656618417,,,4000.0,0.0,0.0,0.0,45.80268552600334,optimal
2021-02-09 16:00:00,2,19,0.0,0.6966666666666667,0.0,0.7456,26.9325,6.0,0,20.238882571220113,,,0.0,0.0,0.0,627.0,45.6745919139205,optimal
2021-02-09 16:30:00,2,19,0.0,0.23222222222222222,0.0,0.7235333333333333,30.303,6.0,0,20.21167233387111,,,0.0,0.0,0.0,209.0,45.54662639544975,optimal
2021-02-09 17:00:00,2,19,0.0,0.23222222222222222,0.0,3.1539333333333333,32.886,6.0,0,20.176308161120787,,,0.0,0.0,0.0,209.0,45.41878884249747,optimal
2021-02-09 17:30:00,2,19,0.0,0.0,0.0,3.505533333333333,34.9965,6.0,0,20.145674327087686,,,0.0,0.0,0.0,0.0,45.29107912709814,optimal
2021-02-09 18:00:00,2,19,0.0,1.7029629629629628,0.0,2.208833333333333,33.327,6.0,0,20.116649032704125,,,0.0,0.0,0.0,1532.6666666666665,45.16349712141422,optimal
2021-02-09 18:30:00,2,19,0.0,0.3096296296296296,0.0,2.9856666666666665,31.122,6.0,0,20.104987327401723,,,0.0,0.0,0.0,278.66666666666663,45.03604269773597,optimal
2021-02-09 19:00:00,2,19,0.0,0.3096296296296296,0.0,0.1444,17.9025,6.0,0,20.08753709873871,,,0.0,0.0,0.0,278.66666666666663,44.908715728481404,optimal
2021-02-09 19:30:00,2,19,0.0,0.23222222222222222,0.0,0.34096666666666664,15.6555,6.0,0,20.053098703764608,,,0.0,0.0,0.0,209.0,44.78151608619609,optimal
2021-02-09 20:00:00,2,19,0.0,0.0774074074074074,0.0,0.5098,14.553,6.0,0,20.024721170388922,,,0.0,0.0,0.0,69.66666666666666,44.654443643553066,optimal
2021-02-09 20:30:00,2,19,0.0,0.1548148148148148,0.0,1.3132000000000001,14.3325,6.0,0,20.0,,,0.0,0.0,0.0,139.33333333333331,44.527498273352684,optimal
2021-02-09 21:00:00,2,19,0.0,0.387037037037037,0.0,2.058833333333333,13.335,6.0,0,19.975416280897804,,,0.0,0.0,0.0,348.3333333333333,44.4006798485225,optimal
2021-02-09 21:30:00,2,19,0.0,0.0,0.0,3.3664333333333336,12.1275,6.0,0,19.953655054451687,,,0.0,0.0,0.0,0.0,44.27398824211715,optimal
2021-02-09 22:00:00,2,19,0.0,0.46444444444444444,0.0,1.7906666666666669,12.2955,6.0,0,19.93216748090376,,,0.0,0.0,0.0,418.0,44.1474233273182,optimal
2021-02-09 22:30:00,2,19,0.0,0.0,0.0,0.3035,11.6865,6.0,0,19.90899588010652,,,0.0,0.0,0.0,0.0,44.103275903990884,optimal
2021-02-09 23:00:00,2,19,0.0,0.0,0.0,0.5336000000000001,11.466,6.0,0,19.87971926816801,,,0.0,0.0,0.0,0.0,44.05917262808689,optimal
2021-02-09 23:30:00,2,19,0.0,0.0774074074074074,0.0,0.47626666666666667,10.8045,6.0,0,19.84962969665227,,,0.0,0.0,0.0,69.66666666666666,44.0151134554588,optimal
2021-02-10 00:00:00,2,19,1.1428571428571428,0.0774074074074074,0.0,0.05633333333333333,10.8045,6.0,0,19.84962969665227,,,4000.0,0.0,0.0,69.66666666666666,43.971098342003344,optimal
2021-02-10 00:30:00,2,19,1.1428571428571428,0.0774074074074074,0.0,0.17503333333333332,11.508,6.0,0,19.888244908288275,,,4000.0,0.0,0.0,69.66666666666666,43.92712724366134,optimal
2021-02-10 01:00:00,2,19,1.1428571428571428,0.0,0.0,0.2840666666666667,11.508,6.0,0,19.93174137946623,,,4000.0,0.0,0.0,0.0,43.883200116417676,optimal
2021-02-10 01:30:00,2,19,1.1428571428571428,0.0,0.0,0.065,11.508,6.0,0,19.97416645537009,,,4000.0,0.0,0.0,0.0,43.83931691630126,optimal
2021-02-10 02:00:00,2,19,1.1428571428571428,0.0,0.0,0.14393333333333333,11.844,6.0,0,20.01179659713571,,,4000.0,0.0,0.0,0.0,43.79547759938496,optimal
2021-02-10 02:30:00,2,19,1.1428571428571428,0.0,0.0,0.24459999999999998,11.508,6.0,0,20.050665052487478,,,4000.0,0.0,0.0,0.0,43.75168212178558,optimal
2021-02-10 03:00:00,2,19,1.1428571428571428,0.0,0.0,0.11433333333333331,11.508,6.0,0,20.0914667193949,,,4000.0,0.0,0.0,0.0,43.70793043966379,optimal
2021-02-10 03:30:00,2,19,1.1428571428571428,0.0,7.0,0.2306,10.4475,6.0,0,20.129530785261316,,,4000.0,0.0,0.0,0.0,46.98922250922413,optimal
2021-02-10 04:00:00,2,19,1.1428571428571428,0.0,0.0,0.13326666666666667,10.8675,6.0,0,20.16984533039359,,,4000.0,0.0,0.0,0.0,46.9422332867149,optimal
2021-02-10 04:30:00,2,19,1.1428571428571428,0.0,2.5281118711833837,0.139,10.542,6.0,0,20.208088925267848,,,4000.0,0.0,0.0,0.0,48.096144192240295,optimal
2021-02-10 05:00:00,2,19,1.1428571428571428,0.7167925925925925,0.0,0.2622,11.025,6.0,0,20.246090303047083,,,4000.0,0.0,0.0,645.1133333333333,48.048048048048045,optimal
2021-02-10 05:30:00,2,19,1.1428571428571428,0.6765407407407406,0.0,0.2362,11.025,6.0,0,20.289102489659378,,,4000.0,0.0,0.0,608.8866666666665,48.0,optimal
2021-02-10 06:00:00,2,19,1.1428571428571428,0.0,0.0,0.48906666666666665,14.553,6.0,0,20.340799086021992,,,4000.0,0.0,0.0,0.0,47.77016858797179,optimal
2021-02-10 06:30:00,2,19,1.1428571428571428,0.0,0.0,1.458766666666667,13.0935,6.0,0,20.390477026282277,,,4000.0,0.0,0.0,0.0,47.540567007355605,optimal
2021-02-10 07:00:00,2,19,1.1428571428571428,0.0,0.0,0.08473333333333334,15.6345,6.0,0,20.437867998595063,,,4000.0,0.0,0.0,0.0,47.31119502832004,optimal
2021-02-10 07:30:00,2,19,0.0,0.0,0.0,0.2093333333333333,18.102,6.0,0,20.47273968883208,,,0.0,0.0,0.0,0.0,47.08205242126351,optimal
2021-02-10 08:00:00,2,19,0.0,0.0,0.0,0.15946666666666667,17.199,6.0,0,20.429092500119545,,,0.0,0.0,0.0,0.0,46.853138956814036,optimal
2021-02-10 08:30:00,2,19,0.0,0.0,0.0,0.09953333333333332,18.2805,6.0,0,20.384421345240614,,,0.0,0.0,0.0,0.0,46.62445440582901,optimal
2021-02-10 09:00:00,2,19,0.0,0.0,0.0,0.12913333333333332,17.4615,6.0,0,20.339172993786708,,,0.0,0.0,0.0,0.0,46.395998539394974,optimal
2021-02-10 09:30:00,2,19,0.0,0.0,0.0,0.11586666666666666,18.3225,6.0,0,20.295157884388555,,,0.0,0.0,0.0,0.0,46.16777112882737,optimal
2021-02-10 10:00:00,2,19,0.0,0.0774074074074074,0.0,0.3187333333333333,17.094,6.0,0,20.251506738328732,,,0.0,0.0,0.0,69.66666666666666,45.93977194567033,optimal
2021-02-10 10:30:00,2,19,0.0,0.0,0.0,0.25939999999999996,17.094,6.0,0,20.213858259114023,,,0.0,0.0,0.0,0.0,45.71200076169645,optimal
2021-02-10 11:00:00,2,19,0.0,0.46444444444444444,0.0,1.7410666666666665,17.094,6.0,0,20.175497015765828,,,0.0,0.0,0.0,418.0,45.484457348906545,optimal
2021-02-10 11:30:00,2,19,0.0,0.0,0.0,0.12203333333333331,17.3565,6.0,0,20.1595747401225,,,0.0,0.0,0.0,0.0,45.25714147952943,optimal
2021-02-10 12:00:00,2,19,0.02373154684550708,0.23222222222222222,0.0,1.2343333333333333,17.115,6.0,0,20.1192531651194,,,83.06041395927478,0.0,0.0,209.0,45.03005292602169,optimal
2021-02-10 12:30:00,2,19,0.0,0.3096296296296296,0.0,1.1466666666666667,17.241,6.0,0,20.093863421393124,,,0.0,0.0,0.0,278.66666666666663,44.803191461067456,optimal
2021-02-10 13:00:00,2,19,1.1428571428571428,0.6192592592592592,0.0,1.4654,17.094,6.0,0,20.070779258425443,,,4000.0,0.0,0.0,557.3333333333333,44.576556857578176,optimal
2021-02-10 13:30:00,2,19,1.1428571428571428,0.3096296296296296,0.0,0.9263333333333333,16.5165,6.0,0,20.132973585849577,,,4000.0,0.0,0.0,278.66666666666663,44.35014888869239,optimal
2021-02-10 14:00:00,2,19,0.0,0.23222222222222222,0.0,0.6290666666666668,17.8185,6.0,0,20.19179811522858,,,0.0,0.0,0.0,209.0,44.12396732777549,optimal
2021-02-10 14:30:00,2,19,1.1428571428571428,0.1548148148148148,0.0,1.7866666666666668,17.094,6.0,0,20.167174988727304,,,4000.0,0.0,0.0,139.33333333333331,43.8980119484195,optimal
2021-02-10 15:00:00,2,19,1.1428571428571428,0.0774074074074074,0.0,0.7242999999999999,16.8945,6.0,0,20.22693916149694,,,4000.0,0.0,0.0,69.66666666666666,43.67228252444287,optimal
2021-02-10 15:30:00,2,19,0.0,0.0,0.0,0.36826666666666663,18.123,6.0,0,20.28233625216462,,,0.0,0.0,0.0,0.0,43.44677882989022,optimal
2021-02-10 16:00:00,2,19,0.0,0.0,0.0,1.9587999999999999,31.647,6.0,0,20.250275214340103,,,0.0,0.0,0.0,0.0,43.22150063903212,optimal
2021-02-10 16:30:00,2,19,0.0,2.7092592592592597,0.0,0.9417666666666668,34.9965,6.0,0,20.238582721208445,,,0.0,0.0,0.0,2438.3333333333335,42.99644772636488,optimal
2021-02-10 17:00:00,2,19,0.0,6.811851851851851,0.0,0.19203333333333333,34.9965,6.0,0,20.21735698664912,,,0.0,0.0,0.0,6130.666666666666,42.7716198666103,optimal
2021-02-10 17:30:00,2,19,0.0,0.23222222222222222,0.0,0.6369666666666667,34.9965,6.0,0,20.185342028023904,,,0.0,0.0,0.0,209.0,42.54701683471548,optimal
2021-02-10 18:00:00,2,19,0.0,0.0,0.0,0.223,34.9965,6.0,0,20.16001356458243,,,0.0,0.0,0.0,0.0,42.32263840585255,optimal
2021-02-10 18:30:00,2,19,0.0,0.0,0.0,1.3380666666666665,34.9965,6.0,0,20.11958298771259,,,0.0,0.0,0.0,0.0,42.09848435541849,optimal
2021-02-10 19:00:00,2,19,0.0,0.0774074074074074,0.0,0.37406666666666666,27.741,6.0,0,20.091607427045403,,,0.0,0.0,0.0,69.66666666666666,41.87455445903486,optimal
2021-02-10 19:30:00,2,19,0.0,0.1548148148148148,0.0,0.3476666666666667,19.026,6.0,0,20.06274940046404,,,0.0,0.0,0.0,139.33333333333331,41.65084849254762,optimal
2021-02-10 20:00:00,2,19,0.0,0.3096296296296296,0.0,0.332,18.7215,6.0,0,20.032162261798234,,,0.0,0.0,0.0,278.66666666666663,41.42736623202686,optimal
2021-02-10 20:30:00,2,19,0.0,0.23222222222222222,0.0,0.4476666666666667,17.4195,6.0,0,20.0,,,0.0,0.0,0.0,209.0,41.204107453766625,optimal
2021-02-10 21:00:00,2,19,0.0,0.1548148148148148,0.0,0.4993333333333333,16.758,6.0,0,19.966394086192643,,,0.0,0.0,0.0,139.33333333333331,41.16290334631286,optimal
2021-02-10 21:30:00,2,19,0.0,0.0,0.0,0.27263333333333334,14.217,6.0,0,19.93222040412247,,,0.0,0.0,0.0,0.0,41.12174044296655,optimal
2021-02-10 22:00:00,2,19,0.0,0.0,0.0,0.6190666666666668,13.3665,6.0,0,19.889769118617867,,,0.0,0.0,0.0,0.0,41.08061870252358,optimal
2021-02-10 22:30:00,2,19,0.0,0.3096296296296296,0.0,0.34363333333333335,12.789,6.0,0,19.8518030624677,,,0.0,0.0,0.0,278.66666666666663,41.03953808382106,optimal
2021-02-10 23:00:00,2,19,0.0,0.0,0.0,0.1723,11.907,6.0,0,19.806325492679754,,,0.0,0.0,0.0,0.0,40.998498545737235,optimal
2021-02-10 23:30:00,2,19,0.0,0.1548148148148148,0.0,0.3116666666666667,11.7075,6.0,0,19.756240339578575,,,0.0,0.0,0.0,139.33333333333331,40.957500047191495,optimal
2021-02-11 00:00:00,2,19,1.1428571428571428,0.0,0.0,0.042333333333333334,11.025,6.0,0,19.756240339578575,,,4000.0,0.0,0.0,0.0,40.9165425471443,optimal
2021-02-11 00:30:00,2,19,1.1428571428571428,0.0,0.0,0.052,12.0855,6.0,0,19.78095810638619,,,4000.0,0.0,0.0,0.0,40.87562600459716,optimal
2021-02-11 01:00:00,2,19,1.1428571428571428,0.0,0.0,0.1162,11.6865,6.0,0,19.805870855897357,,,4000.0,0.0,0.0,0.0,40.83475037859256,optimal
2021-02-11 01:30:00,2,19,1.1428571428571428,0.0,0.0,0.052,11.2245,6.0,0,19.832275187816563,,,4000.0,0.0,0.0,0.0,40.793915628213966,optimal
2021-02-11 02:00:00,2,19,1.1428571428571428,0.0,0.0,0.052,11.025,6.0,0,19.857314027198832,,,4000.0,0.0,0.0,0.0,40.75312171258575,optimal
2021-02-11 02:30:00,2,19,1.1428571428571428,0.0,2.01049715009656,0.052,10.7835,6.0,0,19.882288015415167,,,4000.0,0.0,0.0,0.0,41.667354737169035,optimal
2021-02-11 03:00:00,2,19,1.1428571428571428,0.0,0.0,0.1162,11.025,6.0,0,19.90693831814739,,,4000.0,0.0,0.0,0.0,41.62568738243186,optimal
2021-02-11 03:30:00,2,19,1.1428571428571428,0.0,7.0,0.052,10.584,6.0,0,19.93256287846244,,,4000.0,0.0,0.0,0.0,44.90906169504943,optimal
2021-02-11 04:00:00,2,19,1.1428571428571428,0.0,0.0,0.052,11.025,6.0,0,19.957471471577275,,,4000.0,0.0,0.0,0.0,44.86415263335437,optimal
2021-02-11 04:30:00,2,19,1.1428571428571428,0.0,7.0,0.0627,10.4265,6.0,0,19.982963056577432,,,4000.0,0.0,0.0,0.0,48.144288480721016,optimal
2021-02-11 05:00:00,2,19,1.1428571428571428,0.0,0.0,0.1055,12.789,6.0,0,20.008604801909193,,,4000.0,0.0,0.0,0.0,48.096144192240295,optimal
2021-02-11 05:30:00,2,19,1.1428571428571428,0.0,0.0,0.052,12.684,6.0,0,20.035044871010935,,,4000.0,0.0,0.0,0.0,48.048048048048045,optimal
2021-02-11 06:00:00,2,19,1.1428571428571428,0.0,0.0,0.11486666666666666,16.254,6.0,0,20.0609830448451,,,4000.0,0.0,0.0,0.0,48.0,optimal
2021-02-11 06:30:00,2,19,1.1428571428571428,0.6966666666666667,0.0,0.05,17.64,6.0,0,20.092401717291548,,,4000.0,0.0,0.0,627.0,47.78280778612715,optimal
2021-02-11 07:00:00,2,19,0.12443543700976026,0.9288888888888889,0.0,0.17413333333333333,19.1625,6.0,0,20.12487411321082,,,435.52402953416095,0.0,0.0,836.0,47.565832764468176,optimal
2021-02-11 07:30:00,2,19,0.0,2.012592592592592,0.0,0.4352,26.46,6.0,0,20.08881498837759,,,0.0,0.0,0.0,1811.333333333333,47.34907471783086,optimal
2021-02-11 08:00:00,2,19,0.0,0.23222222222222222,0.0,0.3306,20.79,6.0,0,20.050649411205125,,,0.0,0.0,0.0,209.0,47.13253342924018,optimal
2021-02-11 08:30:00,2,19,0.0,0.1548148148148148,0.0,1.5276666666666667,29.106,6.0,0,20.01524578201062,,,0.0,0.0,0.0,139.33333333333331,46.916208681938095,optimal
2021-02-11 09:00:00,2,19,1.1428571428571428,0.3096296296296296,0.0,0.2544666666666667,19.1835,6.0,0,20.0,,,4000.0,0.0,0.0,278.66666666666663,46.70010025938331,optimal
2021-02-11 09:30:00,2,19,0.0,4.257407407407407,0.0,0.09466666666666669,19.6665,6.0,0,20.040437297917464,,,0.0,0.0,0.0,3831.6666666666665,46.48420794525108,optimal
2021-02-11 10:00:00,2,19,0.4427363544443102,0.0774074074074074,0.0,0.17286666666666667,19.404,6.0,0,20.001520227857746,,,1549.5772405550858,0.0,0.0,69.66666666666666,46.26853152343298,optimal
2021-02-11 10:30:00,2,19,0.6778569550322197,0.0,0.0,0.13240000000000002,19.047,6.0,0,20.0,,,2372.4993426127685,0.0,0.0,0.0,46.053070778036705,optimal
2021-02-11 11:00:00,2,19,1.1428571428571428,0.0,0.0,1.5314333333333334,18.858,6.0,0,20.007897883386555,,,4000.0,0.0,0.0,0.0,45.83782549338582,optimal
2021-02-11 11:30:00,2,19,0.0,0.46444444444444444,0.0,0.122,19.2675,6.0,0,20.045316266296098,,,0.0,0.0,0.0,418.0,45.62279545401959,optimal
2021-02-11 12:00:00,2,19,0.5718765183538188,0.0,0.0,0.31939999999999996,18.963,6.0,0,20.0,,,2001.5678142383658,0.0,0.0,0.0,45.40798044469272,optimal
2021-02-11 12:30:00,2,19,1.025411985611803,0.1548148148148148,0.0,0.3049,18.438,6.0,0,20.0,,,3588.9419496413107,0.0,0.0,139.33333333333331,45.19338025037518,optimal
2021-02-11 13:00:00,2,19,0.0,0.3096296296296296,0.0,1.5007000000000001,18.7425,6.0,0,20.03200035680044,,,0.0,0.0,0.0,278.66666666666663,44.978994656251956,optimal
2021-02-11 13:30:00,2,19,1.1428571428571428,0.46444444444444444,0.0,2.549,15.2145,6.0,0,20.0,,,4000.0,0.0,0.0,418.0,44.764823447722854,optimal
2021-02-11 14:00:00,2,19,0.6747528675019469,0.1548148148148148,0.0,1.5303,17.7765,6.0,0,20.049828123653757,,,2361.635036256814,0.0,0.0,139.33333333333331,44.550866410402286,optimal
2021-02-11 14:30:00,2,19,1.1428571428571428,0.0,0.0,0.2062,16.758,6.0,0,20.067060666856577,,,4000.0,0.0,0.0,0.0,44.337123330119034,optimal
2021-02-11 15:00:00,2,19,1.1428571428571428,0.0,0.0,0.8146333333333333,16.422,6.0,0,20.121854057208424,,,4000.0,0.0,0.0,0.0,44.12359399291607,optimal
2021-02-11 15:30:00,2,19,1.1428571428571428,0.0,0.0,1.1182333333333332,16.758,6.0,0,20.182719628547844,,,4000.0,0.0,0.0,0.0,43.91027818505031,optimal
2021-02-11 16:00:00,2,19,0.0,1.7029629629629628,0.0,2.8841,29.358,6.0,0,20.24700728881364,,,0.0,0.0,0.0,1532.6666666666665,43.69717569299241,optimal
2021-02-11 16:30:00,2,19,0.0,0.9288888888888889,0.0,3.3219333333333334,34.9965,6.0,0,20.22225242115965,,,0.0,0.0,0.0,836.0,43.48428630342657,optimal
2021-02-11 17:00:00,2,19,0.0,2.39962962962963,0.0,0.5449333333333333,34.65,6.0,0,20.204896031806317,,,0.0,0.0,0.0,2159.6666666666665,43.2716098032503,optimal
2021-02-11 17:30:00,2,19,0.0,0.0,0.0,0.1813333333333333,34.9965,6.0,0,20.17244112837915,,,0.0,0.0,0.0,0.0,43.059145979574204,optimal
2021-02-11 18:00:00,2,19,0.0,0.6192592592592592,0.0,0.1742,34.9965,6.0,0,20.130291351780514,,,0.0,0.0,0.0,557.3333333333333,42.84689461972178,optimal
2021-02-11 18:30:00,2,19,0.0,0.0774074074074074,0.0,0.2349333333333333,30.4815,6.0,0,20.088089377924035,,,0.0,0.0,0.0,69.66666666666666,42.63485551122921,optimal
2021-02-11 19:00:00,2,19,0.0,0.23222222222222222,0.0,0.19806666666666664,21.4305,6.0,0,20.042102756668754,,,0.0,0.0,0.0,209.0,42.42302844184513,optimal
2021-02-11 19:30:00,2,19,0.5691980415731914,0.3096296296296296,0.0,0.24753333333333333,14.3325,6.0,0,20.0,,,1992.19314550617,0.0,0.0,278.66666666666663,42.38060541340329,optimal
2021-02-11 20:00:00,2,19,0.6425182973158017,0.774074074074074,0.0,0.3,13.692,6.0,0,20.0,,,2248.8140406053058,0.0,0.0,696.6666666666666,42.33822480798988,optimal
2021-02-11 20:30:00,2,19,0.0,0.0,0.0,0.3935,14.007,6.0,0,20.0,,,0.0,0.0,0.0,0.0,42.29588658318189,optimal
2021-02-11 21:00:00,2,19,0.0,0.46444444444444444,0.0,0.8266333333333333,12.873,6.0,0,19.956665628760888,,,0.0,0.0,0.0,418.0,42.25359069659871,optimal
2021-02-11 21:30:00,2,19,0.0,0.0,0.0,0.3979333333333333,12.684,6.0,0,19.92404296710856,,,0.0,0.0,0.0,0.0,42.21133710590211,optimal
2021-02-11 22:00:00,2,19,0.0,2.2448148148148146,0.0,0.9144,12.306,6.0,0,19.88129567173553,,,0.0,0.0,0.0,2020.3333333333333,42.169125768796206,optimal
2021-02-11 22:30:00,2,19,0.0,0.0,0.0,0.1432,10.6365,6.0,0,19.84282122590575,,,0.0,0.0,0.0,0.0,42.12695664302741,optimal
2021-02-11 23:00:00,2,19,0.0,0.0774074074074074,0.0,0.21356666666666663,11.2455,6.0,0,19.79338832912959,,,0.0,0.0,0.0,69.66666666666666,42.08482968638439,optimal
2021-02-11 23:30:00,2,19,0.0,0.5418518518518518,0.0,0.22173333333333328,11.2455,6.0,0,19.738987668170328,,,0.0,0.0,0.0,487.6666666666667,42.04274485669801,optimal
2021-02-12 00:00:00,2,19,1.1428571428571428,0.0,0.0,0.05,10.3635,6.0,0,19.738987668170328,,,4000.0,0.0,0.0,0.0,42.000702111841306,optimal
2021-02-12 00:30:00,2,19,1.1428571428571428,0.0,0.0,0.058,10.8045,6.0,0,19.757264254493162,,,4000.0,0.0,0.0,0.0,41.958701409729464,optimal
2021-02-12 01:00:00,2,19,1.1428571428571428,0.0,0.0,0.058,11.025,6.0,0,19.775493504039947,,,4000.0,0.0,0.0,0.0,41.91674270831974,optimal
2021-02-12 01:30:00,2,19,1.1428571428571428,0.0,0.0,0.1739,10.3635,6.0,0,19.793675539414018,,,4000.0,0.0,0.0,0.0,41.87482596561142,optimal
2021-02-12 02:00:00,2,19,1.1428571428571428,0.0,0.0,0.07429999999999999,10.8045,6.0,0,19.81441114307271,,,4000.0,0.0,0.0,0.0,41.83295113964581,optimal
2021-02-12 02:30:00,2,19,1.1428571428571428,0.0,0.0,0.0541,10.059,6.0,0,19.833380120896997,,,4000.0,0.0,0.0,0.0,41.79111818850616,optimal
2021-02-12 03:00:00,2,19,1.1428571428571428,0.0,0.0,0.1761,10.584,6.0,0,19.852830485184047,,,4000.0,0.0,0.0,0.0,41.749327070317655,optimal
2021-02-12 03:30:00,2,19,1.1428571428571428,0.0,7.0,0.048,9.4185,6.0,0,19.87547238247519,,,4000.0,0.0,0.0,0.0,45.03257774324734,optimal
2021-02-12 04:00:00,2,19,1.1428571428571428,0.0,0.0,0.1598,10.3635,6.0,0,19.89728050453313,,,4000.0,0.0,0.0,0.0,44.98754516550409,optimal
2021-02-12 04:30:00,2,19,1.1428571428571428,0.0,6.94350329058421,0.0804,9.8385,6.0,0,19.923063571781473,,,4000.0,0.0,0.0,0.0,48.240721683366075,optimal
2021-02-12 05:00:00,2,19,1.1428571428571428,0.0,0.0,0.0683,11.067,6.0,0,19.948867444158438,,,4000.0,0.0,0.0,0.0,48.192480961682705,optimal
2021-02-12 05:30:00,2,19,1.1428571428571428,0.0,0.0,0.1739,10.8465,6.0,0,19.97629425475384,,,4000.0,0.0,0.0,0.0,48.144288480721016,optimal
2021-02-12 06:00:00,2,19,1.1428571428571428,0.23222222222222222,0.0,0.056,13.671,6.0,0,20.00769396998824,,,4000.0,0.0,0.0,209.0,48.096144192240295,optimal
2021-02-12 06:30:00,2,19,1.1428571428571428,0.0774074074074074,0.0,0.18953333333333333,12.348,6.0,0,20.041336255586543,,,4000.0,0.0,0.0,69.66666666666666,48.048048048048045,optimal
2021-02-12 07:00:00,2,19,1.1428571428571428,5.031481481481482,0.0,0.05213333333333333,14.3325,6.0,0,20.078920498583667,,,4000.0,0.0,0.0,4528.333333333334,48.0,optimal
2021-02-12 07:30:00,2,19,0.0,9.59851851851852,0.0,0.15259999999999999,15.393,6.0,0,20.118280035795877,,,0.0,0.0,0.0,8638.666666666666,47.86052810472489,optimal
2021-02-12 08:00:00,2,19,1.1428571428571428,0.5418518518518518,0.0,0.1732,13.587,6.0,0,20.07501577160767,,,4000.0,0.0,0.0,487.6666666666667,47.72119568134506,optimal
2021-02-12 08:30:00,2,19,0.0,0.0,0.0,0.06409999999999999,16.1385,6.0,0,20.105211800370522,,,0.0,0.0,0.0,0.0,47.582002590388605,optimal
2021-02-12 09:00:00,2,19,1.0116982290984808,0.0,0.0,0.1861,14.595,6.0,0,20.043864102187737,,,3540.9438018446826,0.0,0.0,0.0,47.44294869252311,optimal
2021-02-12 09:30:00,2,19,0.0,0.0,0.0,0.058,14.637,6.0,0,20.05616386092966,,,0.0,0.0,0.0,0.0,47.304033848555484,optimal
2021-02-12 10:00:00,2,19,0.7115993424930902,0.0,0.0,0.058,13.9125,6.0,0,20.0,,,2490.5976987258155,0.0,0.0,0.0,47.16525791943182,optimal
2021-02-12 10:30:00,2,19,0.9992975978515486,0.0,0.0,0.19219999999999998,13.3665,6.0,0,20.0,,,3497.54159248042,0.0,0.0,0.0,47.026620766237286,optimal
2021-02-12 11:00:00,2,19,1.1428571428571428,0.0,0.0,0.072,13.0095,6.0,0,20.024091821038674,,,4000.0,0.0,0.0,0.0,46.88812225019594,optimal
2021-02-12 11:30:00,2,19,0.0,0.0,0.0,0.16169999999999998,13.8915,6.0,0,20.057870452617212,,,0.0,0.0,0.0,0.0,46.74976223267064,optimal
2021-02-12 12:00:00,2,19,1.1428571428571428,0.0,0.0,0.0885,13.188,6.0,0,20.01169691263465,,,4000.0,0.0,0.0,0.0,46.61154057516286,optimal
2021-02-12 12:30:00,2,19,1.1428571428571428,0.0,0.0,0.1007,12.5685,6.0,0,20.045110016234975,,,4000.0,0.0,0.0,0.0,46.47345713931259,optimal
2021-02-12 13:00:00,2,19,1.1428571428571428,0.0,0.0,0.1495,12.285,6.0,0,20.07881257057979,,,4000.0,0.0,0.0,0.0,46.335511786898174,optimal
2021-02-12 13:30:00,2,19,1.1428571428571428,0.0,0.0,0.058,11.487,6.0,0,20.11354329685634,,,4000.0,0.0,0.0,0.0,46.19770437983617,optimal
2021-02-12 14:00:00,2,19,1.1428571428571428,0.0,0.0,0.19219999999999998,11.802,6.0,0,20.14607639019484,,,4000.0,0.0,0.0,0.0,46.060034780181226,optimal
2021-02-12 14:30:00,2,19,1.1428571428571428,0.0,0.0,0.058,11.2245,6.0,0,20.180977612631235,,,4000.0,0.0,0.0,0.0,45.92250285012594,optimal
2021-02-12 15:00:00,2,19,1.1428571428571428,0.0,0.0,0.18,11.025,6.0,0,20.212818044476865,,,4000.0,0.0,0.0,0.0,45.785108452000706,optimal
2021-02-12 15:30:00,2,19,1.1428571428571428,0.0,0.0,0.0702,11.907,6.0,0,20.246781908842003,,,4000.0,0.0,0.0,0.0,45.6478514482736,optimal
2021-02-12 16:00:00,2,19,0.0,0.0,0.0,0.13119999999999998,25.83,6.0,0,20.27805088986096,,,0.0,0.0,0.0,0.0,45.51073170155022,optimal
2021-02-12 16:30:00,2,19,0.0,0.0,0.0,0.119,28.035,6.0,0,20.229266336520368,,,0.0,0.0,0.0,0.0,45.37374907457357,optimal
2021-02-12 17:00:00,2,19,0.0,0.0,0.0,0.5601666666666666,28.119,6.0,0,20.179584639130777,,,0.0,0.0,0.0,0.0,45.23690343022389,optimal
2021-02-12 17:30:00,2,19,0.0,0.3096296296296296,0.0,1.2329666666666668,30.156,6.0,0,20.137800415164886,,,0.0,0.0,0.0,278.66666666666663,45.10019463151856,optimal
2021-02-12 18:00:00,2,19,0.0,0.0774074074074074,0.0,0.38530000000000003,29.1585,6.0,0,20.10329729571415,,,0.0,0.0,0.0,69.66666666666666,44.96362254161194,optimal
2021-02-12 18:30:00,2,19,0.0,0.46444444444444444,0.0,0.5825,26.712,6.0,0,20.06589469059407,,,0.0,0.0,0.0,418.0,44.827187023795226,optimal
2021-02-12 19:00:00,2,19,0.0,0.23222222222222222,0.0,0.5917,15.435,6.0,0,20.036322768017303,,,0.0,0.0,0.0,209.0,44.69088794149633,optimal
2021-02-12 19:30:00,2,19,0.5631979500090952,0.0,0.0,0.4481666666666667,13.566,6.0,0,20.0,,,1971.1928250318333,0.0,0.0,0.0,44.55472515827972,optimal
2021-02-12 20:00:00,2,19,0.5661101248340797,0.0774074074074074,0.0,0.40976666666666667,12.789,6.0,0,20.0,,,1981.3854369192793,0.0,0.0,69.66666666666666,44.41869853784634,optimal
2021-02-12 20:30:00,2,19,0.0,1.8577777777777778,0.0,0.27576666666666666,12.1275,6.0,0,20.0,,,0.0,0.0,0.0,1672.0,44.28280794403339,optimal
2021-02-12 21:00:00,2,19,0.0,0.387037037037037,0.0,0.38189999999999996,13.671,6.0,0,19.957342071037235,,,0.0,0.0,0.0,348.3333333333333,44.147053240814245,optimal
2021-02-12 21:30:00,2,19,0.0,1.7803703703703702,0.0,0.573,10.668,6.0,0,19.91729261940357,,,0.0,0.0,0.0,1602.3333333333333,44.011434292298325,optimal
2021-02-12 22:00:00,2,19,0.0,0.0,0.0,0.43089999999999995,11.7285,6.0,0,19.880677404503793,,,0.0,0.0,0.0,0.0,43.87595096273092,optimal
2021-02-12 22:30:00,2,19,0.0,0.0,0.0,0.4034,11.025,6.0,0,19.843505972359928,,,0.0,0.0,0.0,0.0,43.740603116493084,optimal
2021-02-12 23:00:00,2,19,0.0,0.0,0.0,0.4894333333333333,10.689,6.0,0,19.807241000417633,,,0.0,0.0,0.0,0.0,43.696862513376594,optimal
2021-02-12 23:30:00,2,19,0.0,0.46444444444444444,0.0,0.3937,8.1585,6.0,0,19.776138496639515,,,0.0,0.0,0.0,418.0,43.653165650863215,optimal
2021-02-13 00:00:00,2,19,1.1428571428571428,0.0,0.0,0.07433333333333333,9.3975,6.0,0,19.776138496639515,,,4000.0,0.0,0.0,0.0,43.60951248521235,optimal
2021-02-13 00:30:00,2,19,1.1428571428571428,0.0,0.0,0.1853333333333333,10.059,6.0,0,19.81369069038763,,,4000.0,0.0,0.0,0.0,43.56590297272714,optimal
2021-02-13 01:00:00,2,19,1.1428571428571428,0.0,0.0,0.18066666666666664,9.261,6.0,0,19.853517781921603,,,4000.0,0.0,0.0,0.0,43.52233706975441,optimal
2021-02-13 01:30:00,2,19,1.1428571428571428,0.0,0.0,0.09283333333333331,8.1585,6.0,0,19.893276935612263,,,4000.0,0.0,0.0,0.0,43.478814732684654,optimal
2021-02-13 02:00:00,2,19,1.1428571428571428,0.0,0.0,0.16683333333333333,9.4815,6.0,0,19.931288017834614,,,4000.0,0.0,0.0,0.0,43.43533591795197,optimal
2021-02-13 02:30:00,2,19,1.1428571428571428,0.0,0.0,0.062,8.379,6.0,0,19.97082525675008,,,4000.0,0.0,0.0,0.0,43.39190058203401,optimal
2021-02-13 03:00:00,2,19,1.1428571428571428,0.0,0.0,0.12133333333333332,9.5235,6.0,0,20.008142027723835,,,4000.0,0.0,0.0,0.0,43.348508681451975,optimal
2021-02-13 03:30:00,2,19,1.1428571428571428,0.0,0.0,0.183,8.1375,6.0,0,20.04656092538927,,,4000.0,0.0,0.0,0.0,43.30516017277052,optimal
2021-02-13 04:00:00,2,19,1.1428571428571428,0.0,0.0,0.1716,10.0905,6.0,0,20.085996737025283,,,4000.0,0.0,0.0,0.0,43.26185501259775,optimal
2021-02-13 04:30:00,2,19,1.1428571428571428,0.0,7.0,0.14506666666666665,7.539,6.0,0,20.12497058086097,,,4000.0,0.0,0.0,0.0,46.54359315758516,optimal
2021-02-13 05:00:00,2,19,1.1428571428571428,0.0,3.569329257379246,0.19766666666666663,7.938,6.0,0,20.163048396529195,,,4000.0,0.0,0.0,0.0,48.192480961682705,optimal
2021-02-13 05:30:00,2,19,1.1428571428571428,0.0,0.0,0.12133333333333332,8.274,6.0,0,20.20183132438506,,,4000.0,0.0,0.0,0.0,48.144288480721016,optimal
2021-02-13 06:00:00,2,19,1.1428571428571428,0.0,0.0,0.13766666666666666,9.261,6.0,0,20.2387125532112,,,4000.0,0.0,0.0,0.0,48.096144192240295,optimal
2021-02-13 06:30:00,2,19,1.1428571428571428,0.0,0.0,0.19466666666666663,9.9225,6.0,0,20.275488440715108,,,4000.0,0.0,0.0,0.0,48.048048048048045,optimal
2021-02-13 07:00:00,2,19,1.1428571428571428,2.769637037037037,0.0,0.2699,9.702,6.0,0,20.31434284674141,,,4000.0,0.0,0.0,2492.673333333333,48.0,optimal
2021-02-13 07:30:00,2,19,1.1428571428571428,0.868511111111111,0.0,0.5582999999999999,10.584,6.0,0,20.36233981061298,,,4000.0,0.0,0.0,781.66,47.873448031619354,optimal
2021-02-13 08:00:00,2,19,1.1428571428571428,0.23222222222222222,0.0,0.9720666666666669,10.143,6.0,0,20.409996755850393,,,4000.0,0.0,0.0,209.0,47.747022615207094,optimal
2021-02-13 08:30:00,2,19,0.0,0.0,0.0,0.19,13.0095,6.0,0,20.446665104487256,,,0.0,0.0,0.0,0.0,47.620723624211244,optimal
2021-02-13 09:00:00,2,19,1.1428571428571428,0.0,0.0,0.17066666666666666,11.025,6.0,0,20.394161255693845,,,4000.0,0.0,0.0,0.0,47.49455093220639,optimal
2021-02-13 09:30:00,2,19,0.0,0.0,0.0,0.3183333333333333,12.789,6.0,0,20.422335305931448,,,0.0,0.0,0.0,0.0,47.368504412893536,optimal
2021-02-13 10:00:00,2,19,0.0,0.1548148148148148,0.0,0.26253333333333334,12.1275,6.0,0,20.37523087697025,,,0.0,0.0,0.0,139.33333333333331,47.2425839401,optimal
2021-02-13 10:30:00,2,19,0.0,0.0,0.0,0.5418,12.1695,6.0,0,20.33076079770788,,,0.0,0.0,0.0,0.0,47.11678938777926,optimal
2021-02-13 11:00:00,2,19,0.0,0.0,0.0,0.3905666666666667,12.306,6.0,0,20.291915756136337,,,0.0,0.0,0.0,0.0,46.99112063001083,optimal
2021-02-13 11:30:00,2,19,0.0,0.0,0.0,0.2084,13.23,6.0,0,20.250767903851496,,,0.0,0.0,0.0,0.0,46.86557754100018,optimal
2021-02-13 12:00:00,2,19,0.0,0.5418518518518518,0.0,0.26326666666666665,13.671,6.0,0,20.205003769646595,,,0.0,0.0,0.0,487.6666666666667,46.740159995078535,optimal
2021-02-13 12:30:00,2,19,0.0,0.0,0.0,0.5091333333333333,13.9335,6.0,0,20.1614851819488,,,0.0,0.0,0.0,0.0,46.61486786670281,optimal
2021-02-13 13:00:00,2,19,0.0,0.0,0.0,0.062,13.293,6.0,0,20.12294215689457,,,0.0,0.0,0.0,0.0,46.489701030455464,optimal
2021-02-13 13:30:00,2,19,0.27714046828503713,2.4770370370370367,0.0,0.5377333333333334,12.1065,6.0,0,20.071339730108317,,,969.9916389976298,0.0,0.0,2229.333333333333,46.36465936104437,optimal
2021-02-13 14:00:00,2,19,1.1428571428571428,0.6192592592592592,0.0,0.28396666666666665,11.571,6.0,0,20.05313120309814,,,4000.0,0.0,0.0,557.3333333333333,46.23974273330268,optimal
2021-02-13 14:30:00,2,19,1.1428571428571428,0.1548148148148148,0.0,0.5667666666666666,11.025,6.0,0,20.093428330189422,,,4000.0,0.0,0.0,139.33333333333331,46.11495102218873,optimal
2021-02-13 15:00:00,2,19,1.1428571428571428,0.387037037037037,0.0,0.6108333333333333,10.8465,6.0,0,20.14153004362729,,,4000.0,0.0,0.0,348.3333333333333,45.99028410278589,optimal
2021-02-13 15:30:00,2,19,1.1428571428571428,0.0,0.0,0.32773333333333327,11.2455,6.0,0,20.19492967387346,,,4000.0,0.0,0.0,0.0,45.86574185030246,optimal
2021-02-13 16:00:00,2,19,0.0,0.23222222222222222,0.0,0.21456666666666663,23.8665,6.0,0,20.24145792100584,,,0.0,0.0,0.0,209.0,45.74132414007152,optimal
2021-02-13 16:30:00,2,19,0.0,0.3096296296296296,0.0,0.8986333333333333,27.4575,6.0,0,20.20391107443243,,,0.0,0.0,0.0,278.66666666666663,45.6170308475508,optimal
2021-02-13 17:00:00,2,19,0.0,0.23222222222222222,0.0,1.8348333333333333,27.3735,6.0,0,20.1808010148071,,,0.0,0.0,0.0,209.0,45.492861848322605,optimal
2021-02-13 17:30:00,2,19,0.0,0.387037037037037,0.0,0.45913333333333334,30.4605,6.0,0,20.17713397178445,,,0.0,0.0,0.0,348.3333333333333,45.36881701809364,optimal
2021-02-13 18:00:00,2,19,0.0,0.0774074074074074,0.0,0.21506666666666663,30.0195,6.0,0,20.14663890003683,,,0.0,0.0,0.0,69.66666666666666,45.2448962326949,optimal
2021-02-13 18:30:00,2,19,0.0,0.0,0.0,0.183,26.9325,6.0,0,20.100748083133237,,,0.0,0.0,0.0,0.0,45.12109936808156,optimal
2021-02-13 19:00:00,2,19,0.0,0.0,0.0,0.08979999999999999,14.595,6.0,0,20.051316289544946,,,0.0,0.0,0.0,0.0,44.99742630033283,optimal
2021-02-13 19:30:00,2,19,0.7019712833424135,0.0,0.0,0.17903333333333332,12.4845,6.0,0,20.0,,,2456.8994916984475,0.0,0.0,0.0,44.873876905651855,optimal
2021-02-13 20:00:00,2,19,0.6992148867388056,0.0,0.0,0.2015,12.1275,6.0,0,20.0,,,2447.2521035858194,0.0,0.0,0.0,44.750451060365556,optimal
2021-02-13 20:30:00,2,19,0.0,0.0,0.0,0.19066666666666662,12.1275,6.0,0,20.0,,,0.0,0.0,0.0,0.0,44.627148640924545,optimal
2021-02-13 21:00:00,2,19,0.0,0.0,0.0,0.4243,12.789,6.0,0,19.950336538816266,,,0.0,0.0,0.0,0.0,44.503969523902974,optimal
2021-02-13 21:30:00,2,19,0.0,0.0,0.0,0.6307333333333334,11.907,6.0,0,19.910426277988012,,,0.0,0.0,0.0,0.0,44.38091358599843,optimal
2021-02-13 22:00:00,2,19,0.0,0.46444444444444444,0.0,0.728,11.025,6.0,0,19.883138339144676,,,0.0,0.0,0.0,418.0,44.25798070403179,optimal
2021-02-13 22:30:00,2,19,0.0,0.0,0.0,0.6686333333333333,8.2005,6.0,0,19.859716563225376,,,0.0,0.0,0.0,0.0,44.13517075494711,optimal
2021-02-13 23:00:00,2,19,0.0,0.387037037037037,0.0,0.8072,9.5655,6.0,0,19.834484069707962,,,0.0,0.0,0.0,348.3333333333333,44.09103558419216,optimal
2021-02-13 23:30:00,2,19,0.0,0.0,0.0,0.6627666666666666,7.056,6.0,0,19.81330205025852,,,0.0,0.0,0.0,0.0,44.04694454860797,optimal
2021-02-07 00:00:00,3,19,0.0,0.0,0.0,0.063,9.261,6.0,0,21.0,,,0.0,0.0,0.0,0.0,47.952,optimal
2021-02-07 00:30:00,3,19,0.0,0.0,0.0,0.063,10.3635,6.0,0,20.961827395175185,,,0.0,0.0,0.0,0.0,47.904047999999996,optimal
2021-02-07 01:00:00,3,19,0.0,0.0,0.0,0.2703333333333333,8.274,6.0,0,20.92349465598462,,,0.0,0.0,0.0,0.0,47.856143952,optimal
2021-02-07 01:30:00,3,19,0.0,0.0,0.0,0.063,7.7175,6.0,0,20.889191185405288,,,0.0,0.0,0.0,0.0,47.80828780804799,optimal
2021-02-07 02:00:00,3,19,0.0,0.0,0.0,0.15253333333333333,6.615,6.0,0,20.850658072230896,,,0.0,0.0,0.0,0.0,47.76047952023995,optimal
2021-02-07 02:30:00,3,19,0.0,0.0,0.0,0.18080000000000002,6.174,6.0,0,20.813904202061433,,,0.0,0.0,0.0,0.0,47.712719040719705,optimal
2021-02-07 03:00:00,3,19,1.1428571428571428,0.0,0.0,0.063,3.906,6.0,0,20.777557626188912,,,4000.0,0.0,0.0,0.0,47.66500632167899,optimal
2021-02-07 03:30:00,3,19,1.1428571428571428,0.0,0.0,0.11633333333333332,2.3415,6.0,0,20.81948263386541,,,4000.0,0.0,0.0,0.0,47.61734131535731,optimal
2021-02-07 04:00:00,3,19,1.1428571428571428,0.0,0.0,0.217,2.205,6.0,0,20.86224710691353,,,4000.0,0.0,0.0,0.0,47.56972397404195,optimal
2021-02-07 04:30:00,3,19,1.1428571428571428,0.0,1.5127735437856342,0.07713333333333335,0.882,6.0,0,20.906805199600388,,,4000.0,0.0,0.0,0.0,48.240721683366075,optimal
2021-02-07 05:00:00,3,19,1.1428571428571428,0.0,0.0,0.1386,1.5435,6.0,0,20.94842200243425,,,4000.0,0.0,0.0,0.0,48.192480961682705,optimal
2021-02-07 05:30:00,3,19,1.1428571428571428,0.1548148148148148,0.0,0.17993333333333333,1.5435,6.0,0,20.991172896908697,,,4000.0,0.0,0.0,139.33333333333331,48.144288480721016,optimal
2021-02-07 06:00:00,3,19,0.0,0.0,0.0,0.07940000000000001,5.0715,6.0,0,21.03508457841461,,,0.0,0.0,0.0,0.0,48.096144192240295,optimal
2021-02-07 06:30:00,3,19,0.0,1.1611111111111108,0.0,0.40663333333333335,5.376,6.0,0,20.99704842022715,,,0.0,0.0,0.0,1044.9999999999998,48.048048048048045,optimal
2021-02-07 07:00:00,3,19,0.4150356042959783,1.1611111111111108,0.0,0.2677,5.0715,6.0,0,20.967850212062302,,,1452.624615035924,0.0,0.0,1044.9999999999998,48.0,optimal
2021-02-07 07:30:00,3,19,0.0,0.5418518518518518,0.0,0.15506666666666666,5.5125,6.0,0,20.96884406195259,,,0.0,0.0,0.0,487.6666666666667,47.80305200387514,optimal
2021-02-07 08:00:00,3,19,0.0,0.387037037037037,0.0,0.1886,9.261,6.0,0,20.937154221463974,,,0.0,0.0,0.0,348.3333333333333,47.6063009557464,optimal
2021-02-07 08:30:00,3,19,0.0,0.1548148148148148,0.0,0.07283333333333333,11.7075,6.0,0,20.897089101595235,,,0.0,0.0,0.0,139.33333333333331,47.40974665866579,optimal
2021-02-07 09:00:00,3,19,0.0,0.0,0.0,0.6702666666666667,12.348,6.0,0,20.853969652081364,,,0.0,0.0,0.0,0.0,47.21338891588226,optimal
2021-02-07 09:30:00,3,19,0.0,0.0,0.0,2.5330333333333335,12.348,6.0,0,20.81959329434617,,,0.0,0.0,0.0,0.0,47.01722753084152,optimal
2021-02-07 10:00:00,3,19,0.0,1.3933333333333333,0.0,2.7449333333333334,12.1275,6.0,0,20.79374583328958,,,0.0,0.0,0.0,1254.0,46.82126230718581,optimal
2021-02-07 10:30:00,3,19,0.0,0.0,0.0,1.7182,12.5265,6.0,0,20.77727489980383,,,0.0,0.0,0.0,0.0,46.62549304875377,optimal
2021-02-07 11:00:00,3,19,0.0,0.0,0.0,0.172,11.7495,6.0,0,20.758408138003297,,,0.0,0.0,0.0,0.0,46.429919559580156,optimal
2021-02-07 11:30:00,3,19,0.0,0.0,0.0,0.0942,13.23,6.0,0,20.712796491729954,,,0.0,0.0,0.0,0.0,46.23454164389572,optimal
2021-02-07 12:00:00,3,19,0.0,0.0,0.0,0.21673333333333328,14.3325,6.0,0,20.664202321210638,,,0.0,0.0,0.0,0.0,46.03935910612696,optimal
2021-02-07 12:30:00,3,19,0.0,0.0,0.0,0.073,14.994,6.0,0,20.618209689983562,,,0.0,0.0,0.0,0.0,45.844371750895974,optimal
2021-02-07 13:00:00,3,19,0.0,0.0,0.0,0.12953333333333333,14.8155,6.0,0,20.569432174736775,,,0.0,0.0,0.0,0.0,45.64957938302022,optimal
2021-02-07 13:30:00,3,19,0.0,0.0,0.0,0.13233333333333333,14.112,6.0,0,20.52192320015625,,,0.0,0.0,0.0,0.0,45.45498180751234,optimal
2021-02-07 14:00:00,3,19,0.0,0.0,0.0,0.22453333333333333,14.007,6.0,0,20.474723347592345,,,0.0,0.0,0.0,0.0,45.26057882957997,optimal
2021-02-07 14:30:00,3,19,0.0,0.0,0.0,0.08306666666666666,13.23,6.0,0,20.429638065295883,,,0.0,0.0,0.0,0.0,45.06637025462553,optimal
2021-02-07 15:00:00,3,19,0.0,0.0,0.0,0.2102,11.382,6.0,0,20.3819408460801,,,0.0,0.0,0.0,0.0,44.87235588824605,optimal
2021-02-07 15:30:00,3,19,0.0,0.0,0.0,0.11566666666666668,11.7495,6.0,0,20.33706528306032,,,0.0,0.0,0.0,0.0,44.67853553623294,optimal
2021-02-07 16:00:00,3,19,0.0,0.3096296296296296,0.0,0.2435,24.3285,6.0,0,20.29111870900746,,,0.0,0.0,0.0,278.66666666666663,44.48490900457185,optimal
2021-02-07 16:30:00,3,19,0.0,0.387037037037037,0.0,0.3692,28.917,6.0,0,20.24784906741067,,,0.0,0.0,0.0,348.3333333333333,44.29147609944241,optimal
2021-02-07 17:00:00,3,19,0.0,0.0774074074074074,0.0,0.3599333333333333,31.3635,6.0,0,20.210862702645542,,,0.0,0.0,0.0,69.66666666666666,44.09823662721811,optimal
2021-02-07 17:30:00,3,19,0.0,0.0,0.0,0.34686666666666666,33.306,6.0,0,20.179423399022262,,,0.0,0.0,0.0,0.0,43.905190394466025,optimal
2021-02-07 18:00:00,3,19,0.0,2.012592592592592,0.0,0.30926666666666663,31.3425,6.0,0,20.147966239744964,,,0.0,0.0,0.0,1811.333333333333,43.712337207946696,optimal
2021-02-07 18:30:00,3,19,0.0,0.0,0.0,0.3443,28.2555,6.0,0,20.11415836794861,,,0.0,0.0,0.0,0.0,43.519676874613886,optimal
2021-02-07 19:00:00,3,19,0.0,0.0774074074074074,0.0,0.5137333333333334,15.6975,6.0,0,20.08249301340247,,,0.0,0.0,0.0,69.66666666666666,43.32720920161441,optimal
2021-02-07 19:30:00,3,19,0.0,0.0,0.0,0.28486666666666666,12.5475,6.0,0,20.05656702211756,,,0.0,0.0,0.0,0.0,43.134933996287934,optimal
2021-02-07 20:00:00,3,19,0.0,0.387037037037037,0.0,0.4357,12.0855,6.0,0,20.027838520766693,,,0.0,0.0,0.0,348.3333333333333,42.94285106616679,optimal
2021-02-07 20:30:00,3,19,0.0,0.0,0.0,0.4791666666666667,11.907,6.0,0,20.0,,,0.0,0.0,0.0,0.0,42.75096021897576,optimal
2021-02-07 21:00:00,3,19,0.0,0.0,0.0,0.4574333333333333,12.5685,6.0,0,19.96559209681177,,,0.0,0.0,0.0,0.0,42.55926126263193,optimal
2021-02-07 21:30:00,3,19,0.0,0.387037037037037,0.0,0.4078,13.146,6.0,0,19.930056633151402,,,0.0,0.0,0.0,348.3333333333333,42.516702001369296,optimal
2021-02-07 22:00:00,3,19,0.0,5.65074074074074,0.0,0.44206666666666666,10.584,6.0,0,19.90013566751497,,,0.0,0.0,0.0,5085.666666666666,42.474185299367925,optimal
2021-02-07 22:30:00,3,19,0.0,0.23222222222222222,0.0,0.5287999999999999,6.678,6.0,0,19.871992711571817,,,0.0,0.0,0.0,209.0,42.431711114068555,optimal
2021-02-07 23:00:00,3,19,0.0,0.0774074074074074,0.0,0.5175,7.938,6.0,0,19.844358382119317,,,0.0,0.0,0.0,69.66666666666666,42.389279402954486,optimal
2021-02-07 23:30:00,3,19,0.0,0.23222222222222222,0.0,0.5456333333333333,5.292,6.0,0,19.81711889218369,,,0.0,0.0,0.0,209.0,42.34689012355153,optimal
2021-02-08 00:00:00,3,19,1.1428571428571428,0.0,0.0,0.07809999999999999,5.9745,6.0,0,19.81711889218369,,,4000.0,0.0,0.0,0.0,42.30454323342798,optimal
2021-02-08 00:30:00,3,19,1.1428571428571428,0.0,0.0,0.07726666666666666,7.938,6.0,0,19.858651842844026,,,4000.0,0.0,0.0,0.0,42.26223869019455,optimal
2021-02-08 01:00:00,3,19,1.1428571428571428,0.0,0.0,0.286,8.6835,6.0,0,19.89897609749507,,,4000.0,0.0,0.0,0.0,42.21997645150436,optimal
2021-02-08 01:30:00,3,19,1.1428571428571428,0.0,0.0,0.066,7.665,6.0,0,19.943413185403394,,,4000.0,0.0,0.0,0.0,42.17775647505285,optimal
2021-02-08 02:00:00,3,19,1.1428571428571428,0.0,0.0,0.2972666666666667,6.7725,6.0,0,19.983160771976806,,,4000.0,0.0,0.0,0.0,42.1355787185778,optimal
2021-02-08 02:30:00,3,19,1.1428571428571428,0.0,0.0,0.066,5.5755,6.0,0,20.027348450493324,,,4000.0,0.0,0.0,0.0,42.09344313985922,optimal
2021-02-08 03:00:00,3,19,1.1428571428571428,0.0,6.532573830249871,0.07673333333333333,5.0925,6.0,0,20.06687864281292,,,4000.0,0.0,0.0,0.0,45.15432226608804,optimal
2021-02-08 03:30:00,3,19,1.1428571428571428,0.0,7.0,0.20203333333333334,4.1895,6.0,0,20.106652809763357,,,4000.0,0.0,0.0,0.0,48.434167943821954,optimal
2021-02-08 04:00:00,3,19,1.1428571428571428,0.0,0.0,0.1505,7.056,6.0,0,20.148726036216928,,,4000.0,0.0,0.0,0.0,48.38573377587813,optimal
2021-02-08 04:30:00,3,19,1.1428571428571428,0.0,0.0,0.16796666666666668,5.271,6.0,0,20.189519605091515,,,4000.0,0.0,0.0,0.0,48.33734804210225,optimal
2021-02-08 05:00:00,3,19,1.1428571428571428,0.0,0.0,0.1953,7.938,6.0,0,20.230301414093244,,,4000.0,0.0,0.0,0.0,48.289010694060146,optimal
2021-02-08 05:30:00,3,19,1.1428571428571428,0.0,0.0,0.066,7.938,6.0,0,20.271270841030084,,,4000.0,0.0,0.0,0.0,48.240721683366075,optimal
2021-02-08 06:00:00,3,19,0.3465945990506648,0.0,0.0,0.2634666666666666,11.907,6.0,0,20.309392261934015,,,1213.0810966773267,0.0,0.0,0.0,48.192480961682705,optimal
2021-02-08 06:30:00,3,19,1.1428571428571428,0.0,0.0,0.0998,11.025,6.0,0,20.294967834145325,,,4000.0,0.0,0.0,0.0,48.144288480721016,optimal
2021-02-08 07:00:00,3,19,1.1428571428571428,0.23222222222222222,0.0,2.4399,11.2875,6.0,0,20.33345177637826,,,4000.0,0.0,0.0,209.0,48.096144192240295,optimal
2021-02-08 07:30:00,3,19,0.0,0.0774074074074074,0.0,0.44756666666666667,12.936,6.0,0,20.404258483738477,,,0.0,0.0,0.0,69.66666666666666,48.048048048048045,optimal
2021-02-08 08:00:00,3,19,0.0,0.8514814814814814,0.0,2.2243000000000004,13.0095,6.0,0,20.373465841821393,,,0.0,0.0,0.0,766.3333333333333,48.0,optimal
2021-02-08 08:30:00,3,19,0.0,0.0774074074074074,0.0,0.35153333333333336,13.671,6.0,0,20.34718073995672,,,0.0,0.0,0.0,69.66666666666666,47.882720094087425,optimal
2021-02-08 09:00:00,3,19,0.0,0.1548148148148148,0.0,1.878766666666667,13.188,6.0,0,20.31729358534279,,,0.0,0.0,0.0,139.33333333333331,47.765557468080765,optimal
2021-02-08 09:30:00,3,19,0.0,0.3096296296296296,0.0,2.5051666666666663,13.8495,6.0,0,20.296214056397204,,,0.0,0.0,0.0,278.66666666666663,47.64851200470011,optimal
2021-02-08 10:00:00,3,19,0.0,0.5418518518518518,0.0,4.482233333333333,13.23,6.0,0,20.271388639114033,,,0.0,0.0,0.0,487.6666666666667,47.53158358678284,optimal
2021-02-08 10:30:00,3,19,0.0,0.0,0.0,1.4935333333333334,13.3665,6.0,0,20.263360824247638,,,0.0,0.0,0.0,0.0,47.41477209728348,optimal
2021-02-08 11:00:00,3,19,0.0,0.1548148148148148,0.0,0.4124666666666666,13.0515,6.0,0,20.24562654831948,,,0.0,0.0,0.0,139.33333333333331,47.298077419273625,optimal
2021-02-08 11:30:00,3,19,0.0,0.0,0.0,0.4559333333333333,13.5345,6.0,0,20.21269058056701,,,0.0,0.0,0.0,0.0,47.18149943594178,optimal
2021-02-08 12:00:00,3,19,0.0,0.0,0.0,0.297,14.154,6.0,0,20.17886579501707,,,0.0,0.0,0.0,0.0,47.065038030593264,optimal
2021-02-08 12:30:00,3,19,0.0,0.6192592592592592,0.0,0.4099666666666666,14.112,6.0,0,20.141186508606562,,,0.0,0.0,0.0,557.3333333333333,46.948693086650096,optimal
2021-02-08 13:00:00,3,19,0.0,0.0,0.0,1.772233333333333,14.2485,6.0,0,20.104425205355206,,,0.0,0.0,0.0,0.0,46.832464487650874,optimal
2021-02-08 13:30:00,3,19,0.0,0.0,0.0,0.7376666666666666,12.789,6.0,0,20.067796530339198,,,0.0,0.0,0.0,0.0,46.71635211725065,optimal
2021-02-08 14:00:00,3,19,0.0,0.0,0.0,0.2861,13.0095,6.0,0,20.03367966177207,,,0.0,0.0,0.0,0.0,46.60035585922083,optimal
2021-02-08 14:30:00,3,19,1.1428571428571428,0.0,0.0,0.4064,12.1275,6.0,0,20.0,,,4000.0,0.0,0.0,0.0,46.484475597449034,optimal
2021-02-08 15:00:00,3,19,0.49356804288077816,0.0,0.0,0.34076666666666666,12.348,6.0,0,20.045383555995436,,,1727.4881500827235,0.0,0.0,0.0,46.36871121593901,optimal
2021-02-08 15:30:00,3,19,1.1428571428571428,0.0,0.0,0.9559333333333332,12.348,6.0,0,20.04382905425972,,,4000.0,0.0,0.0,0.0,46.253062598810494,optimal
2021-02-08 16:00:00,3,19,0.0,0.23222222222222222,0.0,1.2799,25.389,6.0,0,20.09193293563403,,,0.0,0.0,0.0,209.0,46.13752963029911,optimal
2021-02-08 16:30:00,3,19,0.0,0.46444444444444444,0.0,3.049866666666667,29.1375,6.0,0,20.07554046701247,,,0.0,0.0,0.0,418.0,46.02211219475624,optimal
2021-02-08 17:00:00,3,19,0.0,1.7029629629629628,0.0,4.523766666666666,30.597,6.0,0,20.0884602578564,,,0.0,0.0,0.0,1532.6666666666665,45.90681017664891,optimal
2021-02-08 17:30:00,3,19,0.0,0.46444444444444444,0.0,1.5155666666666665,33.684,6.0,0,20.083220409849268,,,0.0,0.0,0.0,418.0,45.79162346055969,optimal
2021-02-08 18:00:00,3,19,0.0,0.5418518518518518,0.0,3.5285666666666664,32.445,6.0,0,20.059921574052584,,,0.0,0.0,0.0,487.6666666666667,45.67655193118656,optimal
2021-02-08 18:30:00,3,19,0.0,0.0,0.0,2.1860666666666666,28.917,6.0,0,20.040042181586927,,,0.0,0.0,0.0,0.0,45.5615954733428,optimal
2021-02-08 19:00:00,3,19,0.0,0.0774074074074074,0.0,0.29186666666666666,15.876,6.0,0,20.031297915206068,,,0.0,0.0,0.0,69.66666666666666,45.44675397195688,optimal
2021-02-08 19:30:00,3,19,0.4666101782825066,0.0,0.0,0.225,12.348,6.0,0,20.0,,,1633.1356239887732,0.0,0.0,0.0,45.33202731207235,optimal
2021-02-08 20:00:00,3,19,0.2989232024247596,0.387037037037037,0.0,0.4806666666666667,12.1275,6.0,0,20.0,,,1046.2312084866587,0.0,0.0,348.3333333333333,45.217415378847704,optimal
2021-02-08 20:30:00,3,19,0.0,0.1548148148148148,0.0,0.67,12.348,6.0,0,20.0,,,0.0,0.0,0.0,139.33333333333331,45.10291805755628,optimal
2021-02-08 21:00:00,3,19,0.0,0.0774074074074074,0.0,1.8612666666666668,12.1275,6.0,0,19.975332169931743,,,0.0,0.0,0.0,69.66666666666666,44.98853523358615,optimal
2021-02-08 21:30:00,3,19,0.0,0.387037037037037,0.0,2.2216,12.1275,6.0,0,19.94995186757269,,,0.0,0.0,0.0,348.3333333333333,44.87426679243999,optimal
2021-02-08 22:00:00,3,19,0.0,0.0,0.0,2.1100333333333334,11.2665,6.0,0,19.927667560667807,,,0.0,0.0,0.0,0.0,44.760112619734976,optimal
2021-02-08 22:30:00,3,19,0.0,0.0,0.0,0.4534666666666666,10.143,6.0,0,19.907365660892637,,,0.0,0.0,0.0,0.0,44.64607260120267,optimal
2021-02-08 23:00:00,3,19,0.0,0.0774074074074074,0.0,0.25653333333333334,11.2455,6.0,0,19.889070560939775,,,0.0,0.0,0.0,69.66666666666666,44.53214662268889,optimal
2021-02-08 23:30:00,3,19,0.0,0.0774074074074074,0.0,0.3127,11.025,6.0,0,19.861808244626786,,,0.0,0.0,0.0,69.66666666666666,44.487614476066206,optimal
2021-02-09 00:00:00,3,19,1.1428571428571428,0.0,7.0,0.056,10.584,6.0,0,19.861808244626786,,,4000.0,0.0,0.0,0.0,47.76812686159014,optimal
2021-02-09 00:30:00,3,19,1.1428571428571428,0.0,0.0,0.11173333333333332,11.2455,6.0,0,19.897666482857588,,,4000.0,0.0,0.0,0.0,47.72035873472855,optimal
2021-02-09 01:00:00,3,19,1.1428571428571428,0.0,0.0,0.18719999999999998,12.1275,6.0,0,19.934687391711492,,,4000.0,0.0,0.0,0.0,47.67263837599382,optimal
2021-02-09 01:30:00,3,19,1.1428571428571428,0.0,0.0,0.08733333333333333,11.823,6.0,0,19.973266654544286,,,4000.0,0.0,0.0,0.0,47.62496573761783,optimal
2021-02-09 02:00:00,3,19,1.1428571428571428,0.0,0.0,0.08106666666666666,11.7705,6.0,0,20.009469275476718,,,4000.0,0.0,0.0,0.0,47.57734077188021,optimal
2021-02-09 02:30:00,3,19,1.1428571428571428,0.0,0.0,0.056,11.13,6.0,0,20.045192516003976,,,4000.0,0.0,0.0,0.0,47.52976343110833,optimal
2021-02-09 03:00:00,3,19,1.1428571428571428,0.0,0.0,0.13726666666666668,11.6865,6.0,0,20.080446283640992,,,4000.0,0.0,0.0,0.0,47.48223366767722,optimal
2021-02-09 03:30:00,3,19,1.1428571428571428,0.0,0.0,0.16166666666666665,10.7205,6.0,0,20.117380166108,,,4000.0,0.0,0.0,0.0,47.43475143400954,optimal
2021-02-09 04:00:00,3,19,1.1428571428571428,0.0,0.0,0.06193333333333333,11.424,6.0,0,20.154970371867826,,,4000.0,0.0,0.0,0.0,47.38731668257553,optimal
2021-02-09 04:30:00,3,19,1.1428571428571428,0.0,2.201693494705628,0.242,10.689,6.0,0,20.19070719585917,,,4000.0,0.0,0.0,0.0,48.38573377587813,optimal
2021-02-09 05:00:00,3,19,1.1428571428571428,0.0,0.0,0.061,11.361,6.0,0,20.229629526890275,,,4000.0,0.0,0.0,0.0,48.33734804210225,optimal
2021-02-09 05:30:00,3,19,1.1428571428571428,0.0,0.0,0.1124,11.571,6.0,0,20.264535099598312,,,4000.0,0.0,0.0,0.0,48.289010694060146,optimal
2021-02-09 06:00:00,3,19,0.0,0.0,0.0,0.056,14.3745,6.0,0,20.30048977862834,,,0.0,0.0,0.0,0.0,48.240721683366075,optimal
2021-02-09 06:30:00,3,19,1.1428571428571428,0.0,0.0,0.18686666666666668,13.23,6.0,0,20.254395328572738,,,4000.0,0.0,0.0,0.0,48.192480961682705,optimal
2021-02-09 07:00:00,3,19,0.5385192284671959,0.0,0.0,0.066,13.9755,6.0,0,20.291744567704566,,,1884.8172996351857,0.0,0.0,0.0,48.144288480721016,optimal
2021-02-09 07:30:00,3,19,0.0,3.8703703703703702,0.0,0.18986666666666668,14.994,6.0,0,20.283494846730246,,,0.0,0.0,0.0,3483.3333333333335,48.096144192240295,optimal
2021-02-09 08:00:00,3,19,1.1428571428571428,0.23222222222222222,0.0,0.11276666666666668,13.671,6.0,0,20.24051735554453,,,4000.0,0.0,0.0,209.0,48.048048048048045,optimal
2021-02-09 08:30:00,3,19,0.0,0.46444444444444444,0.0,2.234333333333333,15.981,6.0,0,20.281233225125806,,,0.0,0.0,0.0,418.0,48.0,optimal
2021-02-09 09:00:00,3,19,0.0,0.46444444444444444,0.0,1.9302333333333328,15.6345,6.0,0,20.24556813611733,,,0.0,0.0,0.0,418.0,47.847054375909146,optimal
2021-02-09 09:30:00,3,19,0.0,2.3222222222222215,0.0,0.8340666666666667,16.5375,6.0,0,20.208491068021083,,,0.0,0.0,0.0,2089.9999999999995,47.694261697442386,optimal
2021-02-09 10:00:00,3,19,0.0,1.006296296296296,0.0,0.2918,14.7735,6.0,0,20.172352902672532,,,0.0,0.0,0.0,905.6666666666665,47.54162181165409,optimal
2021-02-09 10:30:00,3,19,0.0,0.9288888888888889,0.0,0.48,15.2145,6.0,0,20.137595835500804,,,0.0,0.0,0.0,836.0,47.38913456575158,optimal
2021-02-09 11:00:00,3,19,0.0,1.6658074074074074,0.0,0.5033333333333333,14.553,6.0,0,20.109399123964778,,,0.0,0.0,0.0,1499.2266666666667,47.236799807094975,optimal
2021-02-09 11:30:00,3,19,0.0,1.1982666666666666,0.0,3.4353000000000002,14.3325,6.0,0,20.080138252391354,,,0.0,0.0,0.0,1078.44,47.08461738319703,optimal
2021-02-09 12:00:00,3,19,0.0,0.23222222222222222,0.0,1.0045666666666668,14.595,6.0,0,20.057868627169558,,,0.0,0.0,0.0,209.0,46.932587141722976,optimal
2021-02-09 12:30:00,3,19,0.0,0.0,0.0,1.6341333333333334,14.994,6.0,0,20.027847444291854,,,0.0,0.0,0.0,0.0,46.7807089304904,optimal
2021-02-09 13:00:00,3,19,0.4671137500641292,0.387037037037037,0.0,1.5364333333333333,14.3325,6.0,0,20.0,,,1634.898125224452,0.0,0.0,348.3333333333333,46.628982597469054,optimal
2021-02-09 13:30:00,3,19,0.40891840890523634,0.3096296296296296,0.0,0.5193333333333334,13.8915,6.0,0,20.0,,,1431.214431168327,0.0,0.0,278.66666666666663,46.47740799078073,optimal
2021-02-09 14:00:00,3,19,0.6770930927691321,0.387037037037037,0.0,2.925833333333333,13.8915,6.0,0,20.0,,,2369.825824691962,0.0,0.0,348.3333333333333,46.3259849586991,optimal
2021-02-09 14:30:00,3,19,1.1428571428571428,0.774074074074074,0.0,0.7267,13.4715,6.0,0,20.025291017835563,,,4000.0,0.0,0.0,696.6666666666666,46.17471334964955,optimal
2021-02-09 15:00:00,3,19,1.1428571428571428,0.0,0.0,2.6715666666666666,13.23,6.0,0,20.086910175561744,,,4000.0,0.0,0.0,0.0,46.02359301220905,optimal
2021-02-09 15:30:00,3,19,1.1428571428571428,1.1611111111111108,0.0,0.5792999999999999,13.8915,6.0,0,20.146241105112058,,,4000.0,0.0,0.0,1044.9999999999998,45.87262379510599,optimal
2021-02-09 16:00:00,3,19,0.0,0.5418518518518518,0.0,1.7321333333333335,26.9325,6.0,0,20.20272663820299,,,0.0,0.0,0.0,487.6666666666667,45.72180554722003,optimal
2021-02-09 16:30:00,3,19,0.0,0.387037037037037,0.0,1.2915666666666665,30.303,6.0,0,20.177475155512802,,,0.0,0.0,0.0,348.3333333333333,45.57113811758196,optimal
2021-02-09 17:00:00,3,19,0.0,0.6192592592592592,0.0,0.37746666666666656,32.886,6.0,0,20.15027581577865,,,0.0,0.0,0.0,557.3333333333333,45.42062135537353,optimal
2021-02-09 17:30:00,3,19,0.0,2.7866666666666666,0.0,0.3688,34.9965,6.0,0,20.123337393183718,,,0.0,0.0,0.0,2508.0,45.2702551099273,optimal
2021-02-09 18:00:00,3,19,0.0,0.1548148148148148,0.0,1.6043,33.327,6.0,0,20.097408517415325,,,0.0,0.0,0.0,139.33333333333331,45.12003923072652,optimal
2021-02-09 18:30:00,3,19,0.0,0.3096296296296296,0.0,0.8687,31.122,6.0,0,20.07676425748354,,,0.0,0.0,0.0,278.66666666666663,44.96997356740494,optimal
2021-02-09 19:00:00,3,19,0.0,0.387037037037037,0.0,0.4378,17.9025,6.0,0,20.056672029783748,,,0.0,0.0,0.0,348.3333333333333,44.820057969746685,optimal
2021-02-09 19:30:00,3,19,0.0,0.23222222222222222,0.0,1.1000666666666665,15.6555,6.0,0,20.03000326536105,,,0.0,0.0,0.0,209.0,44.77523791177694,optimal
2021-02-09 20:00:00,3,19,0.0,0.46444444444444444,0.0,2.0173,14.553,6.0,0,20.011996589316727,,,0.0,0.0,0.0,418.0,44.73046267386516,optimal
2021-02-09 20:30:00,3,19,0.0,0.0,0.0,2.501,14.3325,6.0,0,20.0,,,0.0,0.0,0.0,0.0,44.685732211191294,optimal
2021-02-09 21:00:00,3,19,0.0,0.0,0.0,0.7017333333333333,13.335,6.0,0,19.986417695408406,,,0.0,0.0,0.0,0.0,44.6410464789801,optimal
2021-02-09 21:30:00,3,19,0.0,0.1548148148148148,0.0,2.3650333333333333,12.1275,6.0,0,19.967257474344354,,,0.0,0.0,0.0,139.33333333333331,44.59640543250112,optimal
2021-02-09 22:00:00,3,19,0.0,1.006296296296296,0.0,1.1722666666666668,12.2955,6.0,0,19.95032895315639,,,0.0,0.0,0.0,905.6666666666665,44.55180902706862,optimal
2021-02-09 22:30:00,3,19,0.0,0.3096296296296296,0.0,0.5951333333333333,11.6865,6.0,0,19.93524611009085,,,0.0,0.0,0.0,278.66666666666663,44.50725721804155,optimal
2021-02-09 23:00:00,3,19,0.0,0.23222222222222222,0.0,0.4544333333333333,11.466,6.0,0,19.919352067790868,,,0.0,0.0,0.0,209.0,44.46274996082351,optimal
2021-02-09 23:30:00,3,19,0.0,0.0,0.0,1.2491666666666668,10.8045,6.0,0,19.89840390628711,,,0.0,0.0,0.0,0.0,44.41828721086269,optimal
2021-02-10 00:00:00,3,19,1.1428571428571428,0.3096296296296296,0.0,1.1494000000000002,10.8045,6.0,0,19.89840390628711,,,4000.0,0.0,0.0,278.66666666666663,44.37386892365183,optimal
2021-02-10 00:30:00,3,19,1.1428571428571428,0.387037037037037,0.0,0.3928333333333333,11.508,6.0,0,19.946504970600408,,,4000.0,0.0,0.0,348.3333333333333,44.32949505472818,optimal
2021-02-10 01:00:00,3,19,1.1428571428571428,0.6966666666666667,0.0,0.106,11.508,6.0,0,19.998000216743872,,,4000.0,0.0,0.0,627.0,44.28516555967345,optimal
2021-02-10 01:30:00,3,19,1.1428571428571428,0.0,0.0,0.19326666666666667,11.508,6.0,0,20.044860220852012,,,4000.0,0.0,0.0,0.0,44.24088039411378,optimal
2021-02-10 02:00:00,3,19,1.1428571428571428,0.0,0.0,0.12833333333333335,11.844,6.0,0,20.093270694909112,,,4000.0,0.0,0.0,0.0,44.19663951371967,optimal
2021-02-10 02:30:00,3,19,1.1428571428571428,0.5418518518518518,0.0,0.3972,11.508,6.0,0,20.138131469802296,,,4000.0,0.0,0.0,487.6666666666667,44.152442874205946,optimal
2021-02-10 03:00:00,3,19,1.1428571428571428,0.0,0.0,0.5852,11.508,6.0,0,20.18542312073779,,,4000.0,0.0,0.0,0.0,44.10829043133174,optimal
2021-02-10 03:30:00,3,19,1.1428571428571428,0.0774074074074074,7.0,0.38326666666666664,10.4475,6.0,0,20.2380312352023,,,4000.0,0.0,0.0,69.66666666666666,47.38918214090041,optimal
2021-02-10 04:00:00,3,19,1.1428571428571428,2.150377777777778,0.0,0.4664,10.8675,6.0,0,20.285257429576163,,,4000.0,0.0,0.0,1935.34,47.34179295875951,optimal
2021-02-10 04:30:00,3,19,1.1428571428571428,0.678088888888889,2.093809533177672,0.3448333333333333,10.542,6.0,0,20.334435597017254,,,4000.0,0.0,0.0,610.2800000000001,48.289010694060146,optimal
2021-02-10 05:00:00,3,19,1.1428571428571428,2.977088888888889,0.0,0.6708,11.025,6.0,0,20.38247377579908,,,4000.0,0.0,0.0,2679.38,48.240721683366075,optimal
2021-02-10 05:30:00,3,19,1.1428571428571428,0.0,0.0,0.282,11.025,6.0,0,20.43843525555897,,,4000.0,0.0,0.0,0.0,48.192480961682705,optimal
2021-02-10 06:00:00,3,19,1.1428571428571428,0.774074074074074,0.0,1.4510666666666665,14.553,6.0,0,20.48632115122283,,,4000.0,0.0,0.0,696.6666666666666,48.144288480721016,optimal
2021-02-10 06:30:00,3,19,1.1428571428571428,8.50088148148148,0.0,1.585,13.0935,6.0,0,20.53887599271634,,,4000.0,0.0,0.0,7650.793333333332,48.096144192240295,optimal
2021-02-10 07:00:00,3,19,1.1428571428571428,1.3298592592592597,0.0,0.5124333333333333,15.6345,6.0,0,20.59267247333065,,,4000.0,0.0,0.0,1196.8733333333337,48.048048048048045,optimal
2021-02-10 07:30:00,3,19,0.0,3.7155555555555555,0.0,0.13213333333333332,18.102,6.0,0,20.644063900295134,,,0.0,0.0,0.0,3344.0,48.0,optimal
2021-02-10 08:00:00,3,19,0.0,0.23222222222222222,0.0,0.3529333333333333,17.199,6.0,0,20.60701344145151,,,0.0,0.0,0.0,209.0,47.87959280959825,optimal
2021-02-10 08:30:00,3,19,0.0,0.0,0.0,0.1994,18.2805,6.0,0,20.570455423716894,,,0.0,0.0,0.0,0.0,47.7593060263869,optimal
2021-02-10 09:00:00,3,19,0.0,0.0,0.0,0.063,17.4615,6.0,0,20.52000892390762,,,0.0,0.0,0.0,0.0,47.63913952995877,optimal
2021-02-10 09:30:00,3,19,0.0,0.0,0.0,0.1746,18.3225,6.0,0,20.467455245013717,,,0.0,0.0,0.0,0.0,47.519093200027065,optimal
2021-02-10 10:00:00,3,19,0.0,0.0,0.0,0.0878,17.094,6.0,0,20.41781046607423,,,0.0,0.0,0.0,0.0,47.39916691642529,optimal
2021-02-10 10:30:00,3,19,0.0,0.0,0.0,0.3501,17.094,6.0,0,20.36705855681821,,,0.0,0.0,0.0,0.0,47.27936055910711,optimal
2021-02-10 11:00:00,3,19,0.20663504436718635,0.0,0.0,0.7186333333333333,17.094,6.0,0,20.325096147248452,,,723.2226552851523,0.0,0.0,0.0,47.159674008146254,optimal
2021-02-10 11:30:00,3,19,0.0,0.0,0.0,0.063,17.3565,6.0,0,20.305688898599072,,,0.0,0.0,0.0,0.0,47.04010714373636,optimal
2021-02-10 12:00:00,3,19,1.1428571428571428,0.0,0.0,0.1994,17.115,6.0,0,20.25576233495988,,,4000.0,0.0,0.0,0.0,46.92065984619087,optimal
2021-02-10 12:30:00,3,19,0.0,0.0,0.0,0.063,17.241,6.0,0,20.28979642175391,,,0.0,0.0,0.0,0.0,46.80133199594293,optimal
2021-02-10 13:00:00,3,19,1.1428571428571428,0.0,0.0,0.19319999999999998,17.094,6.0,0,20.24017002397821,,,4000.0,0.0,0.0,0.0,46.68212347354524,optimal
2021-02-10 13:30:00,3,19,1.1428571428571428,0.0,0.0,0.0692,16.5165,6.0,0,20.274119229365994,,,4000.0,0.0,0.0,0.0,46.56303415966995,optimal
2021-02-10 14:00:00,3,19,0.0,0.0,0.0,0.063,17.8185,6.0,0,20.305993198818843,,,0.0,0.0,0.0,0.0,46.44406393510853,optimal
2021-02-10 14:30:00,3,19,1.1428571428571428,0.0,0.0,0.1994,17.094,6.0,0,20.25736085965097,,,4000.0,0.0,0.0,0.0,46.32521268077168,optimal
2021-02-10 15:00:00,3,19,1.1428571428571428,0.0,0.0,0.063,16.8945,6.0,0,20.29242681485993,,,4000.0,0.0,0.0,0.0,46.20648027768916,optimal
2021-02-10 15:30:00,3,19,0.0,0.0,0.0,0.063,18.123,6.0,0,20.324646104814263,,,0.0,0.0,0.0,0.0,46.08786660700972,optimal
2021-02-10 16:00:00,3,19,0.0,0.0,0.0,0.1994,31.647,6.0,0,20.275447448410247,,,0.0,0.0,0.0,0.0,45.969371550000965,optimal
2021-02-10 16:30:00,3,19,0.0,0.0,0.0,0.329,34.9965,6.0,0,20.22861405367343,,,0.0,0.0,0.0,0.0,45.850994988049216,optimal
2021-02-10 17:00:00,3,19,0.0,0.387037037037037,0.0,0.2942333333333333,34.9965,6.0,0,20.191058361624393,,,0.0,0.0,0.0,348.3333333333333,45.73273680265942,optimal
2021-02-10 17:30:00,3,19,0.0,0.0,0.0,0.5499333333333333,34.9965,6.0,0,20.152206421174675,,,0.0,0.0,0.0,0.0,45.61459687545501,optimal
2021-02-10 18:00:00,3,19,0.0,0.6966666666666667,0.0,2.340266666666667,34.9965,6.0,0,20.123623364663974,,,0.0,0.0,0.0,627.0,45.496575088177806,optimal
2021-02-10 18:30:00,3,19,0.0,0.0774074074074074,0.0,1.9073333333333333,34.9965,6.0,0,20.10374519569303,,,0.0,0.0,0.0,69.66666666666666,45.37867132268788,optimal
2021-02-10 19:00:00,3,19,0.0,0.3096296296296296,0.0,1.0980666666666665,27.741,6.0,0,20.08340363418334,,,0.0,0.0,0.0,278.66666666666663,45.26088546096344,optimal
2021-02-10 19:30:00,3,19,0.0,0.0,0.0,0.4619666666666666,19.026,6.0,0,20.056552516848175,,,0.0,0.0,0.0,0.0,45.14321738510073,optimal
2021-02-10 20:00:00,3,19,0.0,0.1548148148148148,0.0,0.8350333333333333,18.7215,6.0,0,20.02473011955109,,,0.0,0.0,0.0,139.33333333333331,45.02566697731388,optimal
2021-02-10 20:30:00,3,19,0.0,0.23222222222222222,0.0,0.47153333333333336,17.4195,6.0,0,20.0,,,0.0,0.0,0.0,209.0,44.90823411993482,optimal
2021-02-10 21:00:00,3,19,0.0,0.0774074074074074,0.0,0.32839999999999997,16.758,6.0,0,19.96740227194398,,,0.0,0.0,0.0,69.66666666666666,44.86332588581488,optimal
2021-02-10 21:30:00,3,19,0.0,0.46444444444444444,0.0,0.6276666666666666,14.217,6.0,0,19.93501606397169,,,0.0,0.0,0.0,418.0,44.81846255992907,optimal
2021-02-10 22:00:00,3,19,0.0,0.0,0.0,0.3733333333333333,13.3665,6.0,0,19.904906971259617,,,0.0,0.0,0.0,0.0,44.773644097369136,optimal
2021-02-10 22:30:00,3,19,0.0,0.0,0.0,0.14980000000000002,12.789,6.0,0,19.866291543202482,,,0.0,0.0,0.0,0.0,44.72887045327177,optimal
2021-02-10 23:00:00,3,19,0.0,0.0,0.0,0.11259999999999999,11.907,6.0,0,19.812045572781336,,,0.0,0.0,0.0,0.0,44.6841415828185,optimal
2021-02-10 23:30:00,3,19,0.0,0.0,0.0,0.1034,11.7075,6.0,0,19.756541001566443,,,0.0,0.0,0.0,0.0,44.63945744123568,optimal
2021-02-11 00:00:00,3,19,1.1428571428571428,0.0,0.0,0.064,11.025,6.0,0,19.756541001566443,,,4000.0,0.0,0.0,0.0,44.59481798379444,optimal
2021-02-11 00:30:00,3,19,1.1428571428571428,0.0,0.0,0.1158,12.0855,6.0,0,19.78507454853896,,,4000.0,0.0,0.0,0.0,44.55022316581065,optimal
2021-02-11 01:00:00,3,19,1.1428571428571428,0.0,0.0,0.0788,11.6865,6.0,0,19.814839768842802,,,4000.0,0.0,0.0,0.0,44.505672942644836,optimal
2021-02-11 01:30:00,3,19,1.1428571428571428,0.0,0.0,0.10840000000000001,11.2245,6.0,0,19.84403934626923,,,4000.0,0.0,0.0,0.0,44.46116726970219,optimal
2021-02-11 02:00:00,3,19,1.1428571428571428,0.0,0.0,0.0862,11.025,6.0,0,19.873761338172045,,,4000.0,0.0,0.0,0.0,44.416706102432485,optimal
2021-02-11 02:30:00,3,19,1.1428571428571428,0.0,0.0,0.1438,10.7835,6.0,0,19.90295781790026,,,4000.0,0.0,0.0,0.0,44.37228939633005,optimal
2021-02-11 03:00:00,3,19,1.1428571428571428,0.0,0.0,0.064,11.025,6.0,0,19.932983433295433,,,4000.0,0.0,0.0,0.0,44.327917106933725,optimal
2021-02-11 03:30:00,3,19,1.1428571428571428,0.0,1.6220728373362119,0.09359999999999999,10.584,6.0,0,19.96105999033951,,,4000.0,0.0,0.0,0.0,45.054073787561485,optimal
2021-02-11 04:00:00,3,19,1.1428571428571428,0.0,0.0,0.101,11.025,6.0,0,19.990309376218867,,,4000.0,0.0,0.0,0.0,45.00901971377392,optimal
2021-02-11 04:30:00,3,19,1.1428571428571428,0.0,7.0,0.1845,10.4265,6.0,0,20.02028002174336,,,4000.0,0.0,0.0,0.0,48.289010694060146,optimal
2021-02-11 05:00:00,3,19,1.1428571428571428,0.0,0.0,0.08990000000000001,12.789,6.0,0,20.05186008690468,,,4000.0,0.0,0.0,0.0,48.240721683366075,optimal
2021-02-11 05:30:00,3,19,1.1428571428571428,0.0,0.0,0.08109999999999999,12.684,6.0,0,20.08144704891423,,,4000.0,0.0,0.0,0.0,48.192480961682705,optimal
2021-02-11 06:00:00,3,19,1.1428571428571428,0.0,0.0,0.1933,16.254,6.0,0,20.111427089442007,,,4000.0,0.0,0.0,0.0,48.144288480721016,optimal
2021-02-11 06:30:00,3,19,1.1428571428571428,0.0,0.0,0.064,17.64,6.0,0,20.14424388932173,,,4000.0,0.0,0.0,0.0,48.096144192240295,optimal
2021-02-11 07:00:00,3,19,0.0,2.1674074074074072,0.0,0.318,19.1625,6.0,0,20.175010805511388,,,0.0,0.0,0.0,1950.6666666666667,48.048048048048045,optimal
2021-02-11 07:30:00,3,19,0.0,0.3096296296296296,0.0,2.160066666666667,26.46,6.0,0,20.136683743761907,,,0.0,0.0,0.0,278.66666666666663,48.0,optimal
2021-02-11 08:00:00,3,19,0.0,2.2448148148148146,0.0,0.29206666666666664,20.79,6.0,0,20.100095372599196,,,0.0,0.0,0.0,2020.3333333333333,47.722695630987495,optimal
2021-02-11 08:30:00,3,19,0.0,9.134074074074073,0.0,0.7418333333333333,29.106,6.0,0,20.063015367921743,,,0.0,0.0,0.0,8220.666666666666,47.445668566344004,optimal
2021-02-11 09:00:00,3,19,0.605193513955314,0.23222222222222222,0.0,1.8273666666666664,19.1835,6.0,0,20.034863520962404,,,2118.1772988435987,0.0,0.0,209.0,47.168918528765154,optimal
2021-02-11 09:30:00,3,19,0.0,4.721851851851852,0.0,3.8953,19.6665,6.0,0,20.05637719348056,,,0.0,0.0,0.0,4249.666666666667,46.89244524122388,optimal
2021-02-11 10:00:00,3,19,0.0,0.0,0.0,1.5882333333333332,19.404,6.0,0,20.03073726209482,,,0.0,0.0,0.0,0.0,46.61624842697015,optimal
2021-02-11 10:30:00,3,19,0.25344423112354525,0.0774074074074074,0.0,1.8524,19.047,6.0,0,20.0,,,887.0548089324083,0.0,0.0,69.66666666666666,46.34032780953068,optimal
2021-02-11 11:00:00,3,19,1.1428571428571428,0.1548148148148148,0.0,0.8324,18.858,6.0,0,20.0,,,4000.0,0.0,0.0,139.33333333333331,46.06468311270864,optimal
2021-02-11 11:30:00,3,19,0.0,0.1548148148148148,0.0,1.3567,19.2675,6.0,0,20.049891043863692,,,0.0,0.0,0.0,139.33333333333331,45.78931406058343,optimal
2021-02-11 12:00:00,3,19,0.1628291622673168,0.387037037037037,0.0,2.308333333333333,18.963,6.0,0,20.01723226102309,,,569.9020679356088,0.0,0.0,348.3333333333333,45.51422037751034,optimal
2021-02-11 12:30:00,3,19,0.8908449406522155,0.23222222222222222,0.0,0.201,18.438,6.0,0,20.0,,,3117.957292282754,0.0,0.0,209.0,45.239401788120325,optimal
2021-02-11 13:00:00,3,19,0.0,0.0,0.0,0.2488333333333333,18.7425,6.0,0,20.031443975841807,,,0.0,0.0,0.0,0.0,44.9648580173197,optimal
2021-02-11 13:30:00,3,19,1.1428571428571428,2.631851851851852,0.0,0.2892,15.2145,6.0,0,20.0,,,4000.0,0.0,0.0,2368.6666666666665,44.69058879028987,optimal
2021-02-11 14:00:00,3,19,0.0,0.23222222222222222,0.0,0.2353,17.7765,6.0,0,20.052427047377474,,,0.0,0.0,0.0,209.0,44.41659383248708,optimal
2021-02-11 14:30:00,3,19,0.8768208474489882,0.0774074074074074,0.0,2.694933333333333,16.758,6.0,0,20.02335399886848,,,3068.872966071459,0.0,0.0,69.66666666666666,44.14287286964209,optimal
2021-02-11 15:00:00,3,19,1.1428571428571428,0.0774074074074074,0.0,1.6827999999999999,16.422,6.0,0,20.06723209503276,,,4000.0,0.0,0.0,69.66666666666666,43.869425627759945,optimal
2021-02-11 15:30:00,3,19,1.1428571428571428,0.387037037037037,0.0,3.4047666666666667,16.758,6.0,0,20.129007231921655,,,4000.0,0.0,0.0,348.3333333333333,43.59625183311968,optimal
2021-02-11 16:00:00,3,19,0.0,0.0,0.0,0.2777,29.358,6.0,0,20.200325028846418,,,0.0,0.0,0.0,0.0,43.323351212274055,optimal
2021-02-11 16:30:00,3,19,0.0,0.0,0.0,0.6322000000000001,34.9965,6.0,0,20.14997411630951,,,0.0,0.0,0.0,0.0,43.05072349204928,optimal
2021-02-11 17:00:00,3,19,0.0,0.6966666666666667,0.0,2.4886,34.65,6.0,0,20.112849249512628,,,0.0,0.0,0.0,627.0,42.778368399544725,optimal
2021-02-11 17:30:00,3,19,0.0,0.1548148148148148,0.0,2.032966666666667,34.9965,6.0,0,20.083963870505254,,,0.0,0.0,0.0,139.33333333333331,42.506285662132676,optimal
2021-02-11 18:00:00,3,19,0.0,5.805555555555555,0.0,0.40253333333333335,34.9965,6.0,0,20.07023150603973,,,0.0,0.0,0.0,5225.0,42.23447500745804,optimal
2021-02-11 18:30:00,3,19,0.0,0.0774074074074074,0.0,1.6105666666666667,30.4815,6.0,0,20.038584824275123,,,0.0,0.0,0.0,69.66666666666666,41.96293616343807,optimal
2021-02-11 19:00:00,3,19,0.0,0.387037037037037,0.0,2.3767666666666667,21.4305,6.0,0,20.0246222662736,,,0.0,0.0,0.0,348.3333333333333,41.69166885826213,optimal
2021-02-11 19:30:00,3,19,0.45701423204938246,0.3096296296296296,0.0,2.4751,14.3325,6.0,0,20.0,,,1599.5498121728388,0.0,0.0,278.66666666666663,41.42067282039137,optimal
2021-02-11 20:00:00,3,19,0.5591135354110736,0.0774074074074074,0.0,1.3966666666666667,13.692,6.0,0,20.0,,,1956.8973739387577,0.0,0.0,69.66666666666666,41.14994777855847,optimal
2021-02-11 20:30:00,3,19,0.0,0.0,0.0,0.8592000000000001,14.007,6.0,0,20.0,,,0.0,0.0,0.0,0.0,40.87949346176741,optimal
2021-02-11 21:00:00,3,19,0.0,0.774074074074074,0.0,0.3348,12.873,6.0,0,19.953659659300293,,,0.0,0.0,0.0,696.6666666666666,40.60930959929314,optimal
2021-02-11 21:30:00,3,19,0.0,0.0,0.0,1.0709666666666666,12.684,6.0,0,19.907140979011643,,,0.0,0.0,0.0,0.0,40.33939592068135,optimal
2021-02-11 22:00:00,3,19,0.0,0.387037037037037,0.0,1.9399333333333326,12.306,6.0,0,19.869881461189838,,,0.0,0.0,0.0,348.3333333333333,40.299056524760665,optimal
2021-02-11 22:30:00,3,19,0.0,0.387037037037037,0.0,0.46066666666666667,10.6365,6.0,0,19.838989149093948,,,0.0,0.0,0.0,348.3333333333333,40.258757468235906,optimal
2021-02-11 23:00:00,3,19,0.0,2.2448148148148146,0.0,0.4968,11.2455,6.0,0,19.802040203193176,,,0.0,0.0,0.0,2020.3333333333333,40.21849871076767,optimal
2021-02-11 23:30:00,3,19,0.0,2.3222222222222215,0.0,2.1128,11.2455,6.0,0,19.767628644313856,,,0.0,0.0,0.0,2089.9999999999995,40.178280212056904,optimal
2021-02-12 00:00:00,3,19,1.1428571428571428,0.0,0.0,0.19013333333333332,10.3635,6.0,0,19.767628644313856,,,4000.0,0.0,0.0,0.0,40.13810193184485,optimal
2021-02-12 00:30:00,3,19,1.1428571428571428,0.0,0.0,0.148,10.8045,6.0,0,19.793661494564205,,,4000.0,0.0,0.0,0.0,40.097963829913006,optimal
2021-02-12 01:00:00,3,19,1.1428571428571428,0.0,0.0,0.21606666666666663,11.025,6.0,0,19.816479116731795,,,4000.0,0.0,0.0,0.0,40.05786586608309,optimal
2021-02-12 01:30:00,3,19,1.1428571428571428,0.0,0.0,0.1882666666666667,10.3635,6.0,0,19.839609396605002,,,4000.0,0.0,0.0,0.0,40.01780800021701,optimal
2021-02-12 02:00:00,3,19,1.1428571428571428,0.0,0.0,0.139,10.8045,6.0,0,19.862377096182186,,,4000.0,0.0,0.0,0.0,39.977790192216794,optimal
2021-02-12 02:30:00,3,19,1.1428571428571428,0.0,3.7430064608849394,0.2443333333333333,10.059,6.0,0,19.884349439374994,,,4000.0,0.0,0.0,0.0,41.71574047094492,optimal
2021-02-12 03:00:00,3,19,1.1428571428571428,0.0,0.0,0.14759999999999998,10.584,6.0,0,19.909170048201037,,,4000.0,0.0,0.0,0.0,41.674024730473974,optimal
2021-02-12 03:30:00,3,19,1.1428571428571428,0.0,7.0,0.061,9.4185,6.0,0,19.932748965744516,,,4000.0,0.0,0.0,0.0,44.957350705743494,optimal
2021-02-12 04:00:00,3,19,1.1428571428571428,0.0,0.0,0.1348,10.3635,6.0,0,19.956330152266773,,,4000.0,0.0,0.0,0.0,44.91239335503775,optimal
2021-02-12 04:30:00,3,19,1.1428571428571428,0.0,7.0,0.1366,9.8385,6.0,0,19.983154343264136,,,4000.0,0.0,0.0,0.0,48.192480961682705,optimal
2021-02-12 05:00:00,3,19,1.1428571428571428,0.0,0.0,0.1348,11.067,6.0,0,20.011758442405256,,,4000.0,0.0,0.0,0.0,48.144288480721016,optimal
2021-02-12 05:30:00,3,19,1.1428571428571428,0.0,0.0,0.1062,10.8465,6.0,0,20.04206510484361,,,4000.0,0.0,0.0,0.0,48.096144192240295,optimal
2021-02-12 06:00:00,3,19,0.9037035731231586,0.0,0.0,0.33093333333333336,13.671,6.0,0,20.07378745268182,,,3162.962505931055,0.0,0.0,0.0,48.048048048048045,optimal
2021-02-12 06:30:00,3,19,1.1428571428571428,0.23222222222222222,0.0,0.7774666666666668,12.348,6.0,0,20.095128588443746,,,4000.0,0.0,0.0,209.0,48.0,optimal
2021-02-12 07:00:00,3,19,0.0,0.387037037037037,0.0,1.4355333333333333,14.3325,6.0,0,20.135987196738306,,,0.0,0.0,0.0,348.3333333333333,47.81721039968401,optimal
2021-02-12 07:30:00,3,19,0.0,9.527303703703701,0.0,2.9620333333333333,15.393,6.0,0,20.103459475921632,,,0.0,0.0,0.0,8574.573333333332,47.63460358896833,optimal
2021-02-12 08:00:00,3,19,1.1428571428571428,0.5356592592592588,0.0,1.0247666666666668,13.587,6.0,0,20.07940811847329,,,4000.0,0.0,0.0,482.09333333333296,47.452179385063374,optimal
2021-02-12 08:30:00,3,19,0.0,0.3096296296296296,0.0,2.8100666666666667,16.1385,6.0,0,20.116747724479268,,,0.0,0.0,0.0,278.66666666666663,47.26993760536232,optimal
2021-02-12 09:00:00,3,19,0.0,0.0774074074074074,0.0,2.4986333333333333,14.595,6.0,0,20.080478485452,,,0.0,0.0,0.0,69.66666666666666,47.08787806744097,optimal
2021-02-12 09:30:00,3,19,0.0,0.0774074074074074,0.0,0.7099333333333333,14.637,6.0,0,20.0412837762965,,,0.0,0.0,0.0,69.66666666666666,46.906000589057534,optimal
2021-02-12 10:00:00,3,19,0.41375172344546973,0.8514814814814814,0.0,2.1761666666666666,13.9125,6.0,0,20.0,,,1448.131032059144,0.0,0.0,766.3333333333333,46.72430498815249,optimal
2021-02-12 10:30:00,3,19,0.4786687384312857,0.0,0.0,2.7699000000000003,13.3665,6.0,0,20.0,,,1675.3405845094999,0.0,0.0,0.0,46.542791082848346,optimal
2021-02-12 11:00:00,3,19,1.1428571428571428,0.9288888888888889,0.0,4.148633333333334,13.0095,6.0,0,20.0,,,4000.0,0.0,0.0,836.0,46.361458691449506,optimal
2021-02-12 11:30:00,3,19,0.0,0.23222222222222222,0.0,2.3296,13.8915,6.0,0,20.05673890162754,,,0.0,0.0,0.0,209.0,46.180307632442066,optimal
2021-02-12 12:00:00,3,19,0.3044169358244752,0.0,0.0,1.1987,13.188,6.0,0,20.02391917704686,,,1065.4592753856632,0.0,0.0,0.0,45.999337724493635,optimal
2021-02-12 12:30:00,3,19,1.1428571428571428,0.0,0.0,2.6980666666666666,12.5685,6.0,0,20.00323599251359,,,4000.0,0.0,0.0,0.0,45.81854878645315,optimal
2021-02-12 13:00:00,3,19,1.1428571428571428,0.0,0.0,1.6954666666666667,12.285,6.0,0,20.04909404677339,,,4000.0,0.0,0.0,0.0,45.63794063735071,optimal
2021-02-12 13:30:00,3,19,1.1428571428571428,0.0,0.0,0.19469999999999998,11.487,6.0,0,20.08951660525722,,,4000.0,0.0,0.0,0.0,45.45751309639737,optimal
2021-02-12 14:00:00,3,19,1.1428571428571428,0.0,0.0,0.2056,11.802,6.0,0,20.12483544409301,,,4000.0,0.0,0.0,0.0,45.277265982984986,optimal
2021-02-12 14:30:00,3,19,1.1428571428571428,0.0,0.0,0.12373333333333332,11.2245,6.0,0,20.160024028482635,,,4000.0,0.0,0.0,0.0,45.097199116686014,optimal
2021-02-12 15:00:00,3,19,1.1428571428571428,0.0,0.0,0.1466,11.025,6.0,0,20.193208427125434,,,4000.0,0.0,0.0,0.0,44.917312317253334,optimal
2021-02-12 15:30:00,3,19,1.1428571428571428,0.0,0.0,0.2763,11.907,6.0,0,20.226509875295882,,,4000.0,0.0,0.0,0.0,44.73760540462009,optimal
2021-02-12 16:00:00,3,19,0.0,0.0,0.0,0.10523333333333332,25.83,6.0,0,20.261957043317178,,,0.0,0.0,0.0,0.0,44.55807819889948,optimal
2021-02-12 16:30:00,3,19,0.0,0.1548148148148148,0.0,0.1656,28.035,6.0,0,20.212651151838198,,,0.0,0.0,0.0,139.33333333333331,44.37873052038459,optimal
2021-02-12 17:00:00,3,19,0.0,0.0,0.0,0.3985,28.119,6.0,0,20.168205621308456,,,0.0,0.0,0.0,0.0,44.19956218954822,optimal
2021-02-12 17:30:00,3,19,0.0,0.0774074074074074,0.0,0.39363333333333334,30.156,6.0,0,20.129958843835503,,,0.0,0.0,0.0,69.66666666666666,44.02057302704268,optimal
2021-02-12 18:00:00,3,19,0.0,0.23222222222222222,0.0,1.6466333333333334,29.1585,6.0,0,20.087711454965557,,,0.0,0.0,0.0,209.0,43.84176285369965,optimal
2021-02-12 18:30:00,3,19,0.0,0.5418518518518518,0.0,0.7483,26.712,6.0,0,20.052525470993867,,,0.0,0.0,0.0,487.6666666666667,43.663131490529956,optimal
2021-02-12 19:00:00,3,19,0.0,0.0,0.0,2.139266666666667,15.435,6.0,0,20.022460982077963,,,0.0,0.0,0.0,0.0,43.48467875872343,optimal
2021-02-12 19:30:00,3,19,0.4741265214376701,0.0,0.0,0.6438333333333334,13.566,6.0,0,20.0,,,1659.4428250318454,0.0,0.0,0.0,43.30640447964872,optimal
2021-02-12 20:00:00,3,19,0.36731393435787946,0.46444444444444444,0.0,2.233,12.789,6.0,0,20.0,,,1285.598770252578,0.0,0.0,418.0,43.12830847485308,optimal
2021-02-12 20:30:00,3,19,0.0,5.418518518518519,0.0,4.6795333333333335,12.1275,6.0,0,20.0,,,0.0,0.0,0.0,4876.666666666667,42.95039056606223,optimal
2021-02-12 21:00:00,3,19,0.0,0.1548148148148148,0.0,2.3079666666666667,13.671,6.0,0,19.978712847735377,,,0.0,0.0,0.0,139.33333333333331,42.77265057518018,optimal
2021-02-12 21:30:00,3,19,0.0,0.3096296296296296,0.0,1.7224000000000002,10.668,6.0,0,19.950077993431226,,,0.0,0.0,0.0,278.66666666666663,42.59508832428901,optimal
2021-02-12 22:00:00,3,19,0.0,3.096296296296296,0.0,1.0628666666666666,11.7285,6.0,0,19.922520229444988,,,0.0,0.0,0.0,2786.6666666666665,42.41770363564873,optimal
2021-02-12 22:30:00,3,19,0.0,0.0774074074074074,0.0,0.8970333333333333,11.025,6.0,0,19.894467511833504,,,0.0,0.0,0.0,69.66666666666666,42.24049633169709,optimal
2021-02-12 23:00:00,3,19,0.0,0.46444444444444444,0.0,1.7164333333333335,10.689,6.0,0,19.86886386038081,,,0.0,0.0,0.0,418.0,42.198255835365394,optimal
2021-02-12 23:30:00,3,19,0.0,0.0774074074074074,0.0,1.0456333333333334,8.1585,6.0,0,19.844199139054385,,,0.0,0.0,0.0,69.66666666666666,42.15605757953003,optimal
2021-02-13 00:00:00,3,19,1.1428571428571428,0.0,0.0,0.059,9.3975,6.0,0,19.844199139054385,,,4000.0,0.0,0.0,0.0,42.113901521950496,optimal
2021-02-13 00:30:00,3,19,1.1428571428571428,0.0,0.0,0.22986666666666666,10.059,6.0,0,19.881232931029928,,,4000.0,0.0,0.0,0.0,42.071787620428545,optimal
2021-02-13 01:00:00,3,19,1.1428571428571428,0.0,0.0,0.059,9.261,6.0,0,19.921752516977048,,,4000.0,0.0,0.0,0.0,42.029715832808115,optimal
2021-02-13 01:30:00,3,19,1.1428571428571428,0.0,0.0,0.10296666666666668,8.1585,6.0,0,19.958844446216492,,,4000.0,0.0,0.0,0.0,41.987686116975304,optimal
2021-02-13 02:00:00,3,19,1.1428571428571428,0.0,0.0,0.26330000000000003,9.4815,6.0,0,19.996858115607296,,,4000.0,0.0,0.0,0.0,41.94569843085833,optimal
2021-02-13 02:30:00,3,19,1.1428571428571428,0.0,0.0,0.0848,8.379,6.0,0,20.038142224299644,,,4000.0,0.0,0.0,0.0,41.90375273242747,optimal
2021-02-13 03:00:00,3,19,1.1428571428571428,0.0,0.0,0.11059999999999999,9.5235,6.0,0,20.075712970203202,,,4000.0,0.0,0.0,0.0,41.86184897969504,optimal
2021-02-13 03:30:00,3,19,1.1428571428571428,0.0,0.0,0.22986666666666666,8.1375,6.0,0,20.113707673397133,,,4000.0,0.0,0.0,0.0,41.81998713071535,optimal
2021-02-13 04:00:00,3,19,1.1428571428571428,0.0,0.0,0.059,10.0905,6.0,0,20.15388414673556,,,4000.0,0.0,0.0,0.0,41.77816714358463,optimal
2021-02-13 04:30:00,3,19,1.1428571428571428,0.0,7.0,0.17453333333333332,7.539,6.0,0,20.190374849751624,,,4000.0,0.0,0.0,0.0,45.06138897644105,optimal
2021-02-13 05:00:00,3,19,1.1428571428571428,0.0,6.585180827908241,0.19173333333333328,7.938,6.0,0,20.228846288438017,,,4000.0,0.0,0.0,0.0,48.144288480721016,optimal
2021-02-13 05:30:00,3,19,1.1428571428571428,0.0,0.0,0.07453333333333333,8.274,6.0,0,20.267306593855572,,,4000.0,0.0,0.0,0.0,48.096144192240295,optimal
2021-02-13 06:00:00,3,19,1.1428571428571428,0.0,0.0,0.2917333333333333,9.261,6.0,0,20.303040360671787,,,4000.0,0.0,0.0,0.0,48.048048048048045,optimal
2021-02-13 06:30:00,3,19,1.1428571428571428,0.23222222222222222,0.0,0.062,9.9225,6.0,0,20.342810909506497,,,4000.0,0.0,0.0,209.0,48.0,optimal
2021-02-13 07:00:00,3,19,1.1428571428571428,2.012592592592592,0.0,2.4838666666666667,9.702,6.0,0,20.378367391342817,,,4000.0,0.0,0.0,1811.333333333333,47.818573886706275,optimal
2021-02-13 07:30:00,3,19,1.1428571428571428,0.0,0.0,1.4723666666666666,10.584,6.0,0,20.42972010886796,,,4000.0,0.0,0.0,0.0,47.637329199525844,optimal
2021-02-13 08:00:00,3,19,1.1428571428571428,0.3096296296296296,0.0,0.9816666666666666,10.143,6.0,0,20.475577048529395,,,4000.0,0.0,0.0,278.66666666666663,47.4562657570326,optimal
2021-02-13 08:30:00,3,19,0.0,0.0,0.0,0.1364,13.0095,6.0,0,20.509696709236053,,,0.0,0.0,0.0,0.0,47.27538337798184,optimal
2021-02-13 09:00:00,3,19,1.1428571428571428,0.0,0.0,0.23486666666666667,11.025,6.0,0,20.45610291135912,,,4000.0,0.0,0.0,0.0,47.09468188131014,optimal
2021-02-13 09:30:00,3,19,0.0,0.0,0.0,0.1414,12.789,6.0,0,20.485482330026965,,,0.0,0.0,0.0,0.0,46.9141610861351,optimal
2021-02-13 10:00:00,3,19,0.0,0.0,0.0,0.21946666666666667,12.1275,6.0,0,20.4327282558915,,,0.0,0.0,0.0,0.0,46.733820811755244,optimal
2021-02-13 10:30:00,3,19,0.0,0.0,0.0,0.1468,12.1695,6.0,0,20.382436612760024,,,0.0,0.0,0.0,0.0,46.55366087764977,optimal
2021-02-13 11:00:00,3,19,0.0,0.0,0.0,0.12890000000000001,12.306,6.0,0,20.33093656098391,,,0.0,0.0,0.0,0.0,46.3736811034784,optimal
2021-02-13 11:30:00,3,19,0.0,0.0,0.0,0.23736666666666667,13.23,6.0,0,20.279337745041097,,,0.0,0.0,0.0,0.0,46.1938813090812,optimal
2021-02-13 12:00:00,3,19,0.0,0.0,0.0,0.064,13.671,6.0,0,20.230193546256647,,,0.0,0.0,0.0,0.0,46.0142613144784,optimal
2021-02-13 12:30:00,3,19,0.0,0.0,0.0,0.24596666666666667,13.9335,6.0,0,20.177702391981647,,,0.0,0.0,0.0,0.0,45.8348209398702,optimal
2021-02-13 13:00:00,3,19,0.0,0.0,0.0,0.1253,13.293,6.0,0,20.129282670244354,,,0.0,0.0,0.0,0.0,45.6555600056366,optimal
2021-02-13 13:30:00,3,19,0.9504471337613654,0.0,0.0,0.059,12.1065,6.0,0,20.078910415789654,,,3326.5649681647787,0.0,0.0,0.0,45.476478332337244,optimal
2021-02-13 14:00:00,3,19,1.1428571428571428,0.0,0.0,0.7967333333333333,11.571,6.0,0,20.094798424229076,,,4000.0,0.0,0.0,0.0,45.29757574071118,optimal
2021-02-13 14:30:00,3,19,1.1428571428571428,0.3096296296296296,0.0,1.215266666666667,11.025,6.0,0,20.133070260967237,,,4000.0,0.0,0.0,278.66666666666663,45.11885205167675,optimal
2021-02-13 15:00:00,3,19,1.1428571428571428,0.387037037037037,0.0,3.6618333333333335,10.8465,6.0,0,20.177065921219377,,,4000.0,0.0,0.0,348.3333333333333,44.940307086331345,optimal
2021-02-13 15:30:00,3,19,1.1428571428571428,0.0,0.0,2.6431,11.2455,6.0,0,20.22927979619102,,,4000.0,0.0,0.0,0.0,44.76194066595129,optimal
2021-02-13 16:00:00,3,19,0.0,0.0774074074074074,0.0,0.24906666666666663,23.8665,6.0,0,20.274739445131534,,,0.0,0.0,0.0,69.66666666666666,44.58375261199162,optimal
2021-02-13 16:30:00,3,19,0.0,0.2740222222222222,0.0,0.22363333333333332,27.4575,6.0,0,20.233602330204068,,,0.0,0.0,0.0,246.62,44.405742746085906,optimal
2021-02-13 17:00:00,3,19,0.0,0.11301481481481486,0.0,1.1092666666666668,27.3735,6.0,0,20.18870401867864,,,0.0,0.0,0.0,101.71333333333337,44.2279108900461,optimal
2021-02-13 17:30:00,3,19,0.0,0.0,0.0,2.1831,30.4605,6.0,0,20.143577311085355,,,0.0,0.0,0.0,0.0,44.05025686586233,optimal
2021-02-13 18:00:00,3,19,0.0,0.387037037037037,0.0,1.7278,30.0195,6.0,0,20.10504682491128,,,0.0,0.0,0.0,348.3333333333333,43.87278049570274,optimal
2021-02-13 18:30:00,3,19,0.0,0.0,0.0,0.12179999999999999,26.9325,6.0,0,20.071330443016024,,,0.0,0.0,0.0,0.0,43.695481601913315,optimal
2021-02-13 19:00:00,3,19,0.0,0.5418518518518518,0.0,0.36906666666666665,14.595,6.0,0,20.03272074148586,,,0.0,0.0,0.0,487.6666666666667,43.51836000701768,optimal
2021-02-13 19:30:00,3,19,0.3746550928662435,0.0,0.0,1.3859333333333335,12.4845,6.0,0,20.0,,,1311.292825031852,0.0,0.0,0.0,43.34141553371693,optimal
2021-02-13 20:00:00,3,19,0.3364263153102358,0.23222222222222222,0.0,2.249833333333333,12.1275,6.0,0,20.0,,,1177.4921035858254,0.0,0.0,209.0,43.16464800488949,optimal
2021-02-13 20:30:00,3,19,0.0,0.23222222222222222,0.0,3.218633333333333,12.1275,6.0,0,20.0,,,0.0,0.0,0.0,209.0,42.98805724359088,optimal
2021-02-13 21:00:00,3,19,0.0,2.941481481481482,0.0,0.30146666666666666,12.789,6.0,0,19.98872774038935,,,0.0,0.0,0.0,2647.3333333333335,42.81164307305357,optimal
2021-02-13 21:30:00,3,19,0.0,0.8514814814814814,0.0,3.9538,11.907,6.0,0,19.953172515877228,,,0.0,0.0,0.0,766.3333333333333,42.63540531668679,optimal
2021-02-13 22:00:00,3,19,0.0,0.774074074074074,0.0,0.8336333333333333,11.025,6.0,0,19.93045960357089,,,0.0,0.0,0.0,696.6666666666666,42.45934379807638,optimal
2021-02-13 22:30:00,3,19,0.0,0.3096296296296296,0.0,0.46636666666666665,8.2005,6.0,0,19.90692806044056,,,0.0,0.0,0.0,278.66666666666663,42.28345834098458,optimal
2021-02-13 23:00:00,3,19,0.0,0.23222222222222222,0.0,0.3949333333333333,9.5655,6.0,0,19.877220511748973,,,0.0,0.0,0.0,209.0,42.2411748826436,optimal
2021-02-13 23:30:00,3,19,0.0,0.0,0.0,0.32676666666666665,7.056,6.0,0,19.84285681373391,,,0.0,0.0,0.0,0.0,42.19893370776096,optimal
2021-02-07 00:00:00,4,19,0.0,0.0,0.0,0.11723333333333331,9.261,6.0,0,21.0,,,0.0,0.0,0.0,0.0,47.952,optimal
2021-02-07 00:30:00,4,19,0.0,0.0,0.0,0.1977333333333333,10.3635,6.0,0,20.962949397487627,,,0.0,0.0,0.0,0.0,47.904047999999996,optimal
2021-02-07 01:00:00,4,19,0.0,0.0,0.0,0.18309999999999998,8.274,6.0,0,20.927362186521382,,,0.0,0.0,0.0,0.0,47.856143952,optimal
2021-02-07 01:30:00,4,19,0.0,0.0,0.0,0.1432,7.7175,6.0,0,20.891312491289668,,,0.0,0.0,0.0,0.0,47.80828780804799,optimal
2021-02-07 02:00:00,4,19,0.0,0.0,0.0,0.055,6.615,6.0,0,20.854420519931352,,,0.0,0.0,0.0,0.0,47.76047952023995,optimal
2021-02-07 02:30:00,4,19,0.0,0.0,0.0,0.11033333333333331,6.174,6.0,0,20.81571259480674,,,0.0,0.0,0.0,0.0,47.712719040719705,optimal
2021-02-07 03:00:00,4,19,0.0,0.0,0.0,0.33273333333333327,3.906,6.0,0,20.777963883295964,,,0.0,0.0,0.0,0.0,47.66500632167899,optimal
2021-02-07 03:30:00,4,19,1.1075533908669508,0.0,0.0,0.055,2.3415,6.0,0,20.744547336542045,,,3876.436868034328,0.0,0.0,0.0,47.61734131535731,optimal
2021-02-07 04:00:00,4,19,1.1428571428571428,0.0,0.0,0.22193333333333332,2.205,6.0,0,20.783796488104453,,,4000.0,0.0,0.0,0.0,47.56972397404195,optimal
2021-02-07 04:30:00,4,19,1.1428571428571428,0.0,1.4112141297153802,1.536266666666667,0.882,6.0,0,20.828683708721055,,,4000.0,0.0,0.0,0.0,48.192480961682705,optimal
2021-02-07 05:00:00,4,19,1.1428571428571428,0.0,0.0,0.055,1.5435,6.0,0,20.879182808747235,,,4000.0,0.0,0.0,0.0,48.144288480721016,optimal
2021-02-07 05:30:00,4,19,1.1428571428571428,0.0,0.0,0.3438,1.5435,6.0,0,20.92045023496949,,,4000.0,0.0,0.0,0.0,48.096144192240295,optimal
2021-02-07 06:00:00,4,19,0.0,0.6192592592592592,0.0,0.8068,5.0715,6.0,0,20.967445728416525,,,0.0,0.0,0.0,557.3333333333333,48.048048048048045,optimal
2021-02-07 06:30:00,4,19,0.0,0.3096296296296296,0.0,0.05433333333333334,5.376,6.0,0,20.93114693920704,,,0.0,0.0,0.0,278.66666666666663,48.0,optimal
2021-02-07 07:00:00,4,19,0.0,0.0,0.0,1.3870333333333333,5.0715,6.0,0,20.894478217961396,,,0.0,0.0,0.0,0.0,47.897453680404006,optimal
2021-02-07 07:30:00,4,19,0.0,8.979259259259258,0.0,0.1197,5.5125,6.0,0,20.86852005993261,,,0.0,0.0,0.0,8081.333333333333,47.79500990712761,optimal
2021-02-07 08:00:00,4,19,0.0,1.315925925925926,0.0,0.3922,9.261,6.0,0,20.83510938334925,,,0.0,0.0,0.0,1184.3333333333333,47.69266857762449,optimal
2021-02-07 08:30:00,4,19,0.0,0.3096296296296296,0.0,3.4026666666666667,11.7075,6.0,0,20.811746636637242,,,0.0,0.0,0.0,278.66666666666663,47.59042958945087,optimal
2021-02-07 09:00:00,4,19,0.0,0.0,0.0,0.22353333333333333,12.348,6.0,0,20.782026298114896,,,0.0,0.0,0.0,0.0,47.48829284026543,optimal
2021-02-07 09:30:00,4,19,0.0,0.0,0.0,0.08713333333333334,12.348,6.0,0,20.743626678878726,,,0.0,0.0,0.0,0.0,47.386258227829174,optimal
2021-02-07 10:00:00,4,19,0.0,0.0,0.0,0.2874,12.1275,6.0,0,20.69522464865001,,,0.0,0.0,0.0,0.0,47.28432565000535,optimal
2021-02-07 10:30:00,4,19,0.0,0.0,0.0,0.148,12.5265,6.0,0,20.651123695117743,,,0.0,0.0,0.0,0.0,47.18249500475935,optimal
2021-02-07 11:00:00,4,19,0.0,0.0,0.0,0.15916666666666665,11.7495,6.0,0,20.604061506994,,,0.0,0.0,0.0,0.0,47.0807661901586,optimal
2021-02-07 11:30:00,4,19,0.0,0.0774074074074074,0.0,0.2990333333333334,13.23,6.0,0,20.558185579835612,,,0.0,0.0,0.0,69.66666666666666,46.97913910437245,optimal
2021-02-07 12:00:00,4,19,0.0,0.0,0.0,2.5499,14.3325,6.0,0,20.519140282127832,,,0.0,0.0,0.0,0.0,46.877613645672085,optimal
2021-02-07 12:30:00,4,19,0.0,0.3096296296296296,0.0,0.38353333333333334,14.994,6.0,0,20.490494828445,,,0.0,0.0,0.0,278.66666666666663,46.77618971243042,optimal
2021-02-07 13:00:00,4,19,0.0,0.0,0.0,0.32313333333333333,14.8155,6.0,0,20.454261490125525,,,0.0,0.0,0.0,0.0,46.674867203122,optimal
2021-02-07 13:30:00,4,19,0.0,0.0,0.0,0.5724666666666667,14.112,6.0,0,20.414968806159646,,,0.0,0.0,0.0,0.0,46.57364601632288,optimal
2021-02-07 14:00:00,4,19,0.0,0.0,0.0,2.4159333333333333,14.007,6.0,0,20.380944953687646,,,0.0,0.0,0.0,0.0,46.47252605071057,optimal
2021-02-07 14:30:00,4,19,0.0,0.23222222222222222,0.0,0.4142,13.23,6.0,0,20.347185868130403,,,0.0,0.0,0.0,209.0,46.371507205063864,optimal
2021-02-07 15:00:00,4,19,0.0,0.0774074074074074,0.0,0.4529666666666666,11.382,6.0,0,20.31137075664972,,,0.0,0.0,0.0,69.66666666666666,46.270589378262805,optimal
2021-02-07 15:30:00,4,19,0.0,0.0,0.0,0.0999,11.7495,6.0,0,20.278439465401657,,,0.0,0.0,0.0,0.0,46.16977246928855,optimal
2021-02-07 16:00:00,4,19,0.0,0.3096296296296296,0.0,1.7372999999999998,24.3285,6.0,0,20.231241220458937,,,0.0,0.0,0.0,278.66666666666663,46.06905637722327,optimal
2021-02-07 16:30:00,4,19,0.0,0.0774074074074074,0.0,0.9370333333333332,28.917,6.0,0,20.19716895094907,,,0.0,0.0,0.0,69.66666666666666,45.968441001250056,optimal
2021-02-07 17:00:00,4,19,0.0,0.1548148148148148,0.0,0.46426666666666666,31.3635,6.0,0,20.158899290825765,,,0.0,0.0,0.0,139.33333333333331,45.867926240652814,optimal
2021-02-07 17:30:00,4,19,0.0,0.0,0.0,0.2603333333333333,33.306,6.0,0,20.128660677864087,,,0.0,0.0,0.0,0.0,45.76751199481617,optimal
2021-02-07 18:00:00,4,19,0.0,0.387037037037037,0.0,0.08986666666666666,31.3425,6.0,0,20.095668155024054,,,0.0,0.0,0.0,348.3333333333333,45.66719816322536,optimal
2021-02-07 18:30:00,4,19,0.0,0.5418518518518518,0.0,2.434633333333333,28.2555,6.0,0,20.06082052995798,,,0.0,0.0,0.0,487.6666666666667,45.56698464546614,optimal
2021-02-07 19:00:00,4,19,0.0,0.0,0.0,0.4473333333333333,15.6975,6.0,0,20.046310042416245,,,0.0,0.0,0.0,0.0,45.46687134122468,optimal
2021-02-07 19:30:00,4,19,0.0,0.1548148148148148,0.0,0.37876666666666664,12.5475,6.0,0,20.02436894530095,,,0.0,0.0,0.0,139.33333333333331,45.36685815028746,optimal
2021-02-07 20:00:00,4,19,0.0,0.1548148148148148,0.0,2.413833333333333,12.0855,6.0,0,20.011160461356052,,,0.0,0.0,0.0,139.33333333333331,45.26694497254118,optimal
2021-02-07 20:30:00,4,19,0.0,2.2448148148148146,0.0,0.29353333333333337,11.907,6.0,0,20.0,,,0.0,0.0,0.0,2020.3333333333333,45.16713170797265,optimal
2021-02-07 21:00:00,4,19,0.0,0.0,0.0,2.693033333333333,12.5685,6.0,0,19.976492221317695,,,0.0,0.0,0.0,0.0,45.06741825666869,optimal
2021-02-07 21:30:00,4,19,0.0,0.0,0.0,1.0745,13.146,6.0,0,19.9619206101668,,,0.0,0.0,0.0,0.0,44.967804518816024,optimal
2021-02-07 22:00:00,4,19,0.0,1.6658074074074074,0.0,0.6877000000000001,10.584,6.0,0,19.956899245141148,,,0.0,0.0,0.0,1499.2266666666667,44.86829039470121,optimal
2021-02-07 22:30:00,4,19,0.0,0.3467851851851853,0.0,0.4171333333333333,6.678,6.0,0,19.94772533412328,,,0.0,0.0,0.0,312.1066666666668,44.76887578471052,optimal
2021-02-07 23:00:00,4,19,0.0,0.3096296296296296,0.0,4.0538,7.938,6.0,0,19.93286253523606,,,0.0,0.0,0.0,278.66666666666663,44.724106908925805,optimal
2021-02-07 23:30:00,4,19,0.0,0.0,0.0,2.501266666666667,5.292,6.0,0,19.92394712922995,,,0.0,0.0,0.0,0.0,44.67938280201688,optimal
2021-02-08 00:00:00,4,19,1.1428571428571428,0.0,0.0,0.061,5.9745,6.0,0,19.92394712922995,,,4000.0,0.0,0.0,0.0,44.634703419214866,optimal
2021-02-08 00:30:00,4,19,1.1428571428571428,0.0,0.0,0.09483333333333331,7.938,6.0,0,19.96548490310046,,,4000.0,0.0,0.0,0.0,44.59006871579565,optimal
2021-02-08 01:00:00,4,19,1.1428571428571428,0.0,0.0,0.17603333333333332,8.6835,6.0,0,20.00759866602526,,,4000.0,0.0,0.0,0.0,44.545478647079854,optimal
2021-02-08 01:30:00,4,19,1.1428571428571428,0.0,0.0,0.15293333333333334,7.665,6.0,0,20.051243928151916,,,4000.0,0.0,0.0,0.0,44.50093316843277,optimal
2021-02-08 02:00:00,4,19,1.1428571428571428,0.0,0.0,0.061,6.7725,6.0,0,20.094179931663025,,,4000.0,0.0,0.0,0.0,44.45643223526434,optimal
2021-02-08 02:30:00,4,19,1.1428571428571428,0.0,0.0,0.23613333333333333,5.5755,6.0,0,20.135017796402625,,,4000.0,0.0,0.0,0.0,44.41197580302907,optimal
2021-02-08 03:00:00,4,19,1.1428571428571428,0.0,1.4522981480500097,0.12666666666666668,5.0925,6.0,0,20.179417806737753,,,4000.0,0.0,0.0,0.0,45.0574054475498,optimal
2021-02-08 03:30:00,4,19,1.1428571428571428,0.0,7.0,0.0813,4.1895,6.0,0,20.221620643146384,,,4000.0,0.0,0.0,0.0,48.33734804210225,optimal
2021-02-08 04:00:00,4,19,1.1428571428571428,0.0,0.0,0.27493333333333336,7.056,6.0,0,20.262668078376805,,,4000.0,0.0,0.0,0.0,48.289010694060146,optimal
2021-02-08 04:30:00,4,19,1.1428571428571428,0.0,0.0,0.06756666666666666,5.271,6.0,0,20.30739189040677,,,4000.0,0.0,0.0,0.0,48.240721683366075,optimal
2021-02-08 05:00:00,4,19,1.1428571428571428,0.0,0.0,0.20986666666666667,7.938,6.0,0,20.347551202761725,,,4000.0,0.0,0.0,0.0,48.192480961682705,optimal
2021-02-08 05:30:00,4,19,1.1428571428571428,0.0,0.0,0.15293333333333334,7.938,6.0,0,20.390222546037975,,,4000.0,0.0,0.0,0.0,48.144288480721016,optimal
2021-02-08 06:00:00,4,19,1.1428571428571428,0.0,0.0,0.06776666666666667,11.907,6.0,0,20.431503580333334,,,4000.0,0.0,0.0,0.0,48.096144192240295,optimal
2021-02-08 06:30:00,4,19,1.1428571428571428,0.23222222222222222,0.0,0.4877666666666666,11.025,6.0,0,20.470827476832735,,,4000.0,0.0,0.0,209.0,48.048048048048045,optimal
2021-02-08 07:00:00,4,19,1.1428571428571428,5.341111111111111,0.0,0.9812333333333332,11.2875,6.0,0,20.520628207734713,,,4000.0,0.0,0.0,4807.0,48.0,optimal
2021-02-08 07:30:00,4,19,0.0,0.6192592592592592,0.0,0.21786666666666668,12.936,6.0,0,20.570016699085915,,,0.0,0.0,0.0,557.3333333333333,47.80810428296834,optimal
2021-02-08 08:00:00,4,19,0.0,6.037777777777776,0.0,0.23716666666666664,13.0095,6.0,0,20.540794947808916,,,0.0,0.0,0.0,5433.999999999998,47.616400461653704,optimal
2021-02-08 08:30:00,4,19,0.0,2.7866666666666666,0.0,0.38839999999999997,13.671,6.0,0,20.50366056071949,,,0.0,0.0,0.0,2508.0,47.42488834416039,optimal
2021-02-08 09:00:00,4,19,0.0,1.9351851851851851,0.0,0.21346666666666667,13.188,6.0,0,20.468336619629685,,,0.0,0.0,0.0,1741.6666666666667,47.233567738784565,optimal
2021-02-08 09:30:00,4,19,0.0,0.0,0.0,0.38980000000000004,13.8495,6.0,0,20.427190706449235,,,0.0,0.0,0.0,0.0,47.04243845401412,optimal
2021-02-08 10:00:00,4,19,0.0,0.0,0.0,0.11303333333333332,13.23,6.0,0,20.389294361022962,,,0.0,0.0,0.0,0.0,46.85150029852844,optimal
2021-02-08 10:30:00,4,19,0.0,0.0,0.0,0.21546666666666667,13.3665,6.0,0,20.344326310506705,,,0.0,0.0,0.0,0.0,46.66075308119825,optimal
2021-02-08 11:00:00,4,19,0.0,0.0,0.0,0.2245,13.0515,6.0,0,20.301021106380972,,,0.0,0.0,0.0,0.0,46.47019661108539,optimal
2021-02-08 11:30:00,4,19,0.0,0.0,0.0,0.071,13.5345,6.0,0,20.25598553877547,,,0.0,0.0,0.0,0.0,46.27983069744265,optimal
2021-02-08 12:00:00,4,19,0.0,0.0,0.0,0.1832333333333333,14.154,6.0,0,20.206325096092808,,,0.0,0.0,0.0,0.0,46.08965514971354,optimal
2021-02-08 12:30:00,4,19,0.0,0.8514814814814814,0.0,0.2114333333333333,14.112,6.0,0,20.159319854064584,,,0.0,0.0,0.0,766.3333333333333,45.89966977753217,optimal
2021-02-08 13:00:00,4,19,0.0,0.0774074074074074,0.0,0.16916666666666666,14.2485,6.0,0,20.116550695197905,,,0.0,0.0,0.0,69.66666666666666,45.70987439072297,optimal
2021-02-08 13:30:00,4,19,0.5352844093697527,0.0,0.0,0.09233333333333331,12.789,6.0,0,20.073629087695547,,,1873.4954327941346,0.0,0.0,0.0,45.52026879930059,optimal
2021-02-08 14:00:00,4,19,0.0,0.0,0.0,0.21986666666666668,13.0095,6.0,0,20.0663714676201,,,0.0,0.0,0.0,0.0,45.330852813469626,optimal
2021-02-08 14:30:00,4,19,1.1428571428571428,0.0,0.0,0.071,12.1275,6.0,0,20.02202286661206,,,4000.0,0.0,0.0,0.0,45.14162624362449,optimal
2021-02-08 15:00:00,4,19,1.1428571428571428,0.0,0.0,0.2016,12.348,6.0,0,20.055209398675796,,,4000.0,0.0,0.0,0.0,44.952588900349205,optimal
2021-02-08 15:30:00,4,19,1.1428571428571428,0.3096296296296296,0.0,0.28703333333333336,12.348,6.0,0,20.092936135557654,,,4000.0,0.0,0.0,278.66666666666663,44.76374059441719,optimal
2021-02-08 16:00:00,4,19,0.0,0.6192592592592592,0.0,0.5773333333333334,25.389,6.0,0,20.141359070205734,,,0.0,0.0,0.0,557.3333333333333,44.57508113679111,optimal
2021-02-08 16:30:00,4,19,0.0,1.0837037037037036,0.0,0.229,29.1375,6.0,0,20.122127193423378,,,0.0,0.0,0.0,975.3333333333334,44.38661033862266,optimal
2021-02-08 17:00:00,4,19,0.0,0.1548148148148148,0.0,0.22473333333333328,30.597,6.0,0,20.095354527738763,,,0.0,0.0,0.0,139.33333333333331,44.19832801125238,optimal
2021-02-08 17:30:00,4,19,0.0,0.0,0.0,0.4405,33.684,6.0,0,20.066825512187776,,,0.0,0.0,0.0,0.0,44.01023396620946,optimal
2021-02-08 18:00:00,4,19,0.0,0.1548148148148148,0.0,0.48969999999999997,32.445,6.0,0,20.042110738585592,,,0.0,0.0,0.0,139.33333333333331,43.82232801521159,optimal
2021-02-08 18:30:00,4,19,0.0,0.0,0.0,0.8512333333333334,28.917,6.0,0,20.019439201353194,,,0.0,0.0,0.0,0.0,43.63460997016472,optimal
2021-02-08 19:00:00,4,19,0.0,1.548148148148148,0.0,1.1313,15.876,6.0,0,20.00565780095597,,,0.0,0.0,0.0,1393.3333333333333,43.447079643162894,optimal
2021-02-08 19:30:00,4,19,0.2863968449492037,0.0,0.0,0.5799666666666667,12.348,6.0,0,20.0,,,1002.3889573222128,0.0,0.0,0.0,43.25973684648807,optimal
2021-02-08 20:00:00,4,19,0.0,0.46444444444444444,0.0,2.5168000000000004,12.1275,6.0,0,20.0,,,0.0,0.0,0.0,418.0,43.07258139260992,optimal
2021-02-08 20:30:00,4,19,0.0,0.387037037037037,0.0,1.462,12.348,6.0,0,20.000314149700486,,,0.0,0.0,0.0,348.3333333333333,42.88561309418565,optimal
2021-02-08 21:00:00,4,19,0.0,0.0,0.0,0.37510000000000004,12.1275,6.0,0,19.998423230473144,,,0.0,0.0,0.0,0.0,42.698831764059804,optimal
2021-02-08 21:30:00,4,19,0.0,0.0,0.0,0.4298333333333333,12.1275,6.0,0,19.97409138524846,,,0.0,0.0,0.0,0.0,42.512237215264086,optimal
2021-02-08 22:00:00,4,19,0.0,0.774074074074074,0.0,0.3556,11.2665,6.0,0,19.94882304021609,,,0.0,0.0,0.0,696.6666666666666,42.32582926101716,optimal
2021-02-08 22:30:00,4,19,0.0,0.0,0.0,0.3544333333333333,10.143,6.0,0,19.921489863499403,,,0.0,0.0,0.0,0.0,42.283503431756145,optimal
2021-02-08 23:00:00,4,19,0.0,0.0,0.0,0.21209999999999998,11.2455,6.0,0,19.89186744398329,,,0.0,0.0,0.0,0.0,42.24121992832439,optimal
2021-02-08 23:30:00,4,19,0.0,0.0,0.0,0.06866666666666667,11.025,6.0,0,19.853450595398698,,,0.0,0.0,0.0,0.0,42.19897870839607,optimal
2021-02-09 00:00:00,4,19,1.1428571428571428,0.0,7.0,0.056,10.584,6.0,0,19.853450595398698,,,4000.0,0.0,0.0,0.0,45.48177972968767,optimal
2021-02-09 00:30:00,4,19,1.1428571428571428,0.387037037037037,0.0,0.16263333333333332,11.2455,6.0,0,19.899099173734527,,,4000.0,0.0,0.0,348.3333333333333,45.43629794995798,optimal
2021-02-09 01:00:00,4,19,1.1428571428571428,0.0,0.0,0.1482,12.1275,6.0,0,19.948706234568682,,,4000.0,0.0,0.0,0.0,45.39086165200803,optimal
2021-02-09 01:30:00,4,19,1.1428571428571428,0.0,0.0,0.21480000000000002,11.823,6.0,0,20.001336176495155,,,4000.0,0.0,0.0,0.0,45.34547079035602,optimal
2021-02-09 02:00:00,4,19,1.1428571428571428,0.0,0.0,0.1616,11.7705,6.0,0,20.05873497729434,,,4000.0,0.0,0.0,0.0,45.30012531956566,optimal
2021-02-09 02:30:00,4,19,1.1428571428571428,0.0,0.0,0.058,11.13,6.0,0,20.099349996220425,,,4000.0,0.0,0.0,0.0,45.254825194246095,optimal
2021-02-09 03:00:00,4,19,1.1428571428571428,0.0,0.0,0.058,11.6865,6.0,0,20.137896175290752,,,4000.0,0.0,0.0,0.0,45.209570369051846,optimal
2021-02-09 03:30:00,4,19,1.1428571428571428,0.0,0.0,0.1616,10.7205,6.0,0,20.176472020018913,,,4000.0,0.0,0.0,0.0,45.16436079868279,optimal
2021-02-09 04:00:00,4,19,1.1428571428571428,0.0,0.0,0.058,11.424,6.0,0,20.217300101883378,,,4000.0,0.0,0.0,0.0,45.11919643788411,optimal
2021-02-09 04:30:00,4,19,1.1428571428571428,0.0,6.666619877726,0.058,10.689,6.0,0,20.2561882931963,,,4000.0,0.0,0.0,0.0,48.240721683366075,optimal
2021-02-09 05:00:00,4,19,1.1428571428571428,0.0,0.0,0.1172,11.361,6.0,0,20.29471676092126,,,4000.0,0.0,0.0,0.0,48.192480961682705,optimal
2021-02-09 05:30:00,4,19,1.1428571428571428,0.0,0.0,0.1024,11.571,6.0,0,20.33408252084835,,,4000.0,0.0,0.0,0.0,48.144288480721016,optimal
2021-02-09 06:00:00,4,19,0.0,0.0,0.0,0.058,14.3745,6.0,0,20.373047301533603,,,0.0,0.0,0.0,0.0,48.096144192240295,optimal
2021-02-09 06:30:00,4,19,1.1428571428571428,0.0,0.0,0.1616,13.23,6.0,0,20.330197606380462,,,4000.0,0.0,0.0,0.0,48.048048048048045,optimal
2021-02-09 07:00:00,4,19,1.1190677053109268,5.714214814814815,0.0,0.21463333333333331,13.9755,6.0,0,20.37023903203861,,,3916.7369685882436,0.0,0.0,5142.793333333333,48.0,optimal
2021-02-09 07:30:00,4,19,0.0,2.068325925925926,0.0,0.2361,14.994,6.0,0,20.41600012998181,,,0.0,0.0,0.0,1861.493333333333,47.748734527201556,optimal
2021-02-09 08:00:00,4,19,1.1428571428571428,0.6548666666666667,0.0,0.325,13.671,6.0,0,20.38348999997856,,,4000.0,0.0,0.0,589.38,47.49772031987591,optimal
2021-02-09 08:30:00,4,19,0.0,0.0,0.0,0.068,15.981,6.0,0,20.426000102218342,,,0.0,0.0,0.0,0.0,47.24695712675759,optimal
2021-02-09 09:00:00,4,19,0.0,0.0,0.0,0.068,15.6345,6.0,0,20.374139022921096,,,0.0,0.0,0.0,0.0,46.99644469683239,optimal
2021-02-09 09:30:00,4,19,0.0,0.0,0.0,0.1716,16.5375,6.0,0,20.322800769483273,,,0.0,0.0,0.0,0.0,46.74618277933712,optimal
2021-02-09 10:00:00,4,19,0.0,0.0,0.0,0.068,14.7735,6.0,0,20.274465637318166,,,0.0,0.0,0.0,0.0,46.49617112375934,optimal
2021-02-09 10:30:00,4,19,0.0,0.0,0.0,0.068,15.2145,6.0,0,20.224939555733393,,,0.0,0.0,0.0,0.0,46.24640947983714,optimal
2021-02-09 11:00:00,4,19,0.0,0.0,0.0,0.1716,14.553,6.0,0,20.17618925354164,,,0.0,0.0,0.0,0.0,45.99689759755886,optimal
2021-02-09 11:30:00,4,19,0.0,0.0,0.0,0.068,14.3325,6.0,0,20.13030587030869,,,0.0,0.0,0.0,0.0,45.74763522716286,optimal
2021-02-09 12:00:00,4,19,0.0,0.0,0.0,0.11033333333333331,14.595,6.0,0,20.08257768005735,,,0.0,0.0,0.0,0.0,45.49862211913725,optimal
2021-02-09 12:30:00,4,19,0.0,1.1611111111111108,0.0,0.43660000000000004,14.994,6.0,0,20.03694791915136,,,0.0,0.0,0.0,1044.9999999999998,45.24985802421967,optimal
2021-02-09 13:00:00,4,19,0.5484775595879848,0.0,0.0,0.264,14.3325,6.0,0,20.0,,,1919.671458557947,0.0,0.0,0.0,45.00134269339701,optimal
2021-02-09 13:30:00,4,19,0.5320041231909095,0.0,0.0,0.195,13.8915,6.0,0,20.0,,,1862.0144311681831,0.0,0.0,0.0,44.75307587790517,optimal
2021-02-09 14:00:00,4,19,0.5182545011866293,0.0,0.0,0.29860000000000003,13.8915,6.0,0,20.0,,,1813.8907541532026,0.0,0.0,0.0,44.50505732922882,optimal
2021-02-09 14:30:00,4,19,1.1428571428571428,0.1548148148148148,0.0,0.195,13.4715,6.0,0,20.0,,,4000.0,0.0,0.0,139.33333333333331,44.257286799101145,optimal
2021-02-09 15:00:00,4,19,1.1428571428571428,0.23222222222222222,0.0,0.205,13.23,6.0,0,20.04279569249774,,,4000.0,0.0,0.0,209.0,44.0097640395036,optimal
2021-02-09 15:30:00,4,19,0.9551782643799097,0.46444444444444444,0.0,0.3322,13.8915,6.0,0,20.086145062719964,,,3343.123925329684,0.0,0.0,418.0,43.76248880266566,optimal
2021-02-09 16:00:00,4,19,0.0,0.1548148148148148,0.0,0.066,26.9325,6.0,0,20.124134956188602,,,0.0,0.0,0.0,139.33333333333331,43.51546084106455,optimal
2021-02-09 16:30:00,4,19,0.0,0.2740222222222222,0.0,0.18106666666666663,30.303,6.0,0,20.091475865124657,,,0.0,0.0,0.0,246.62,43.268679907425046,optimal
2021-02-09 17:00:00,4,19,0.0,0.5000518518518519,0.0,0.646,32.886,6.0,0,20.064980393039203,,,0.0,0.0,0.0,450.0466666666667,43.022145754719176,optimal
2021-02-09 17:30:00,4,19,0.0,2.3222222222222215,0.0,0.8402333333333334,34.9965,6.0,0,20.063171204179522,,,0.0,0.0,0.0,2089.9999999999995,42.775858136166015,optimal
2021-02-09 18:00:00,4,19,0.0,0.0,0.0,0.30219999999999997,33.327,6.0,0,20.0610519354959,,,0.0,0.0,0.0,0.0,42.529816805231405,optimal
2021-02-09 18:30:00,4,19,0.0,0.774074074074074,0.0,0.9495,31.122,6.0,0,20.047079831049967,,,0.0,0.0,0.0,696.6666666666666,42.284021515627735,optimal
2021-02-09 19:00:00,4,19,0.0,0.0774074074074074,0.0,0.8032999999999999,17.9025,6.0,0,20.04298015010704,,,0.0,0.0,0.0,69.66666666666666,42.038472021313666,optimal
2021-02-09 19:30:00,4,19,0.0,2.4770370370370367,0.0,0.2715,15.6555,6.0,0,20.037605626473585,,,0.0,0.0,0.0,2229.333333333333,41.79316807649391,optimal
2021-02-09 20:00:00,4,19,0.0,0.6192592592592592,0.0,0.1982,14.553,6.0,0,20.019717793078907,,,0.0,0.0,0.0,557.3333333333333,41.548109435618976,optimal
2021-02-09 20:30:00,4,19,0.0,0.1548148148148148,0.0,0.2295,14.3325,6.0,0,20.0,,,0.0,0.0,0.0,139.33333333333331,41.50656132618336,optimal
2021-02-09 21:00:00,4,19,0.0,2.2448148148148146,0.0,0.3839333333333333,13.335,6.0,0,19.987626575450925,,,0.0,0.0,0.0,2020.3333333333333,41.46505476485718,optimal
2021-02-09 21:30:00,4,19,0.0,0.0,0.0,0.2307,12.1275,6.0,0,19.968395202811593,,,0.0,0.0,0.0,0.0,41.42358971009232,optimal
2021-02-09 22:00:00,4,19,0.0,0.0,0.0,0.2829333333333333,12.2955,6.0,0,19.94473023937055,,,0.0,0.0,0.0,0.0,41.38216612038223,optimal
2021-02-09 22:30:00,4,19,0.0,0.0,0.0,0.068,11.6865,6.0,0,19.91869725409536,,,0.0,0.0,0.0,0.0,41.340783954261845,optimal
2021-02-09 23:00:00,4,19,0.0,0.0,0.0,0.068,11.466,6.0,0,19.877153837085352,,,0.0,0.0,0.0,0.0,41.29944317030758,optimal
2021-02-09 23:30:00,4,19,0.0,0.0,0.0,0.1716,10.8045,6.0,0,19.835847519616415,,,0.0,0.0,0.0,0.0,41.25814372713727,optimal
2021-02-10 00:00:00,4,19,1.1428571428571428,0.0,0.0,0.162,10.8045,6.0,0,19.835847519616415,,,4000.0,0.0,0.0,0.0,41.21688558341014,optimal
2021-02-10 00:30:00,4,19,1.1428571428571428,0.0,0.0,0.067,11.508,6.0,0,19.87948278461727,,,4000.0,0.0,0.0,0.0,41.17566869782673,optimal
2021-02-10 01:00:00,4,19,1.1428571428571428,0.0,0.0,0.067,11.508,6.0,0,19.91813275618682,,,4000.0,0.0,0.0,0.0,41.134493029128905,optimal
2021-02-10 01:30:00,4,19,1.1428571428571428,0.0,0.0,0.067,11.508,6.0,0,19.95642362116299,,,4000.0,0.0,0.0,0.0,41.09335853609978,optimal
2021-02-10 02:00:00,4,19,1.1428571428571428,0.0,0.0,0.067,11.844,6.0,0,19.994356309640057,,,4000.0,0.0,0.0,0.0,41.052265177563676,optimal
2021-02-10 02:30:00,4,19,1.1428571428571428,0.0,0.0,0.067,11.508,6.0,0,20.031931749303336,,,4000.0,0.0,0.0,0.0,41.011212912386114,optimal
2021-02-10 03:00:00,4,19,1.1428571428571428,0.0,0.0,0.067,11.508,6.0,0,20.069409867719596,,,4000.0,0.0,0.0,0.0,40.970201699473726,optimal
2021-02-10 03:30:00,4,19,1.1428571428571428,0.0,7.0,0.067,10.4475,6.0,0,20.10679091695309,,,4000.0,0.0,0.0,0.0,44.254231497774256,optimal
2021-02-10 04:00:00,4,19,1.1428571428571428,0.0,1.682194626310404,0.067,10.8675,6.0,0,20.14407514841522,,,4000.0,0.0,0.0,0.0,45.00901971377392,optimal
2021-02-10 04:30:00,4,19,1.1428571428571428,0.0,7.0,0.067,10.542,6.0,0,20.181262812866223,,,4000.0,0.0,0.0,0.0,48.289010694060146,optimal
2021-02-10 05:00:00,4,19,1.1428571428571428,0.0,0.0,0.067,11.025,6.0,0,20.218095158132687,,,4000.0,0.0,0.0,0.0,48.240721683366075,optimal
2021-02-10 05:30:00,4,19,1.1428571428571428,0.0,0.0,0.067,11.025,6.0,0,20.25457310449941,,,4000.0,0.0,0.0,0.0,48.192480961682705,optimal
2021-02-10 06:00:00,4,19,1.1428571428571428,0.0,0.0,0.076,14.553,6.0,0,20.290697569867643,,,4000.0,0.0,0.0,0.0,48.144288480721016,optimal
2021-02-10 06:30:00,4,19,1.1428571428571428,0.0,0.0,0.077,13.0935,6.0,0,20.32646946976124,,,4000.0,0.0,0.0,0.0,48.096144192240295,optimal
2021-02-10 07:00:00,4,19,1.1428571428571428,0.0,0.0,0.077,15.6345,6.0,0,20.36266672418538,,,4000.0,0.0,0.0,0.0,48.048048048048045,optimal
2021-02-10 07:30:00,4,19,0.0,0.1548148148148148,0.0,0.11633333333333332,18.102,6.0,0,20.399288231462112,,,0.0,0.0,0.0,139.33333333333331,48.0,optimal
2021-02-10 08:00:00,4,19,0.0,0.23222222222222222,0.0,0.24916666666666662,17.199,6.0,0,20.356582877087696,,,0.0,0.0,0.0,209.0,47.45265099986412,optimal
2021-02-10 08:30:00,4,19,0.0,0.5418518518518518,0.0,0.395,18.2805,6.0,0,20.319306334560242,,,0.0,0.0,0.0,487.6666666666667,46.905849348728374,optimal
2021-02-10 09:00:00,4,19,0.0,0.0,0.0,2.569,17.4615,6.0,0,20.285320043089914,,,0.0,0.0,0.0,0.0,46.35959449924377,optimal
2021-02-10 09:30:00,4,19,0.0,0.3096296296296296,0.0,2.5199333333333334,18.3225,6.0,0,20.264414616507697,,,0.0,0.0,0.0,278.66666666666663,45.81388590460865,optimal
2021-02-10 10:00:00,4,19,0.0,0.0774074074074074,0.0,0.8487333333333333,17.094,6.0,0,20.23069664713429,,,0.0,0.0,0.0,69.66666666666666,45.26872301856816,optimal
2021-02-10 10:30:00,4,19,0.0,0.6192592592592592,0.0,0.3812,17.094,6.0,0,20.19167686767542,,,0.0,0.0,0.0,557.3333333333333,44.724105295413715,optimal
2021-02-10 11:00:00,4,19,0.10825893587267547,0.0774074074074074,0.0,0.09613333333333333,17.094,6.0,0,20.15491869006812,,,378.9062755543642,0.0,0.0,69.66666666666666,44.18003218998242,optimal
2021-02-10 11:30:00,4,19,0.0,0.46444444444444444,0.0,0.0855,17.3565,6.0,0,20.123058949450456,,,0.0,0.0,0.0,418.0,43.636503157656556,optimal
2021-02-10 12:00:00,4,19,1.1428571428571428,0.3096296296296296,0.0,0.0883,17.115,6.0,0,20.081111233347173,,,4000.0,0.0,0.0,278.66666666666663,43.09351765436302,optimal
2021-02-10 12:30:00,4,19,0.0,0.46444444444444444,0.0,0.9584,17.241,6.0,0,20.122828726203227,,,0.0,0.0,0.0,418.0,42.55107513657278,optimal
2021-02-10 13:00:00,4,19,1.1428571428571428,0.46444444444444444,0.0,0.8234333333333332,17.094,6.0,0,20.098978830806825,,,4000.0,0.0,0.0,418.0,42.009175061300326,optimal
2021-02-10 13:30:00,4,19,1.1428571428571428,0.774074074074074,0.0,0.29719999999999996,16.5165,6.0,0,20.152222967704713,,,4000.0,0.0,0.0,696.6666666666666,41.467816886103144,optimal
2021-02-10 14:00:00,4,19,0.0,0.23222222222222222,0.0,0.37360000000000004,17.8185,6.0,0,20.194427161695376,,,0.0,0.0,0.0,209.0,40.92700006908116,optimal
2021-02-10 14:30:00,4,19,1.1428571428571428,0.1548148148148148,0.0,0.41633333333333333,17.094,6.0,0,20.1595653191015,,,4000.0,0.0,0.0,139.33333333333331,40.3867240688762,optimal
2021-02-10 15:00:00,4,19,1.1428571428571428,0.0,0.0,0.417,16.8945,6.0,0,20.20891835101991,,,4000.0,0.0,0.0,0.0,39.846988344671445,optimal
2021-02-10 15:30:00,4,19,0.0,1.2385185185185184,0.0,0.454,18.123,6.0,0,20.261232093220862,,,0.0,0.0,0.0,1114.6666666666665,39.307792356190895,optimal
2021-02-10 16:00:00,4,19,0.0,0.3096296296296296,0.0,0.6031333333333333,31.647,6.0,0,20.236405587590607,,,0.0,0.0,0.0,278.66666666666663,38.769135563698825,optimal
2021-02-10 16:30:00,4,19,0.0,0.1548148148148148,0.0,0.3357,34.9965,6.0,0,20.215482059234365,,,0.0,0.0,0.0,139.33333333333331,38.23101742799925,optimal
2021-02-10 17:00:00,4,19,0.0,0.23222222222222222,0.0,0.42023333333333335,34.9965,6.0,0,20.187182888154346,,,0.0,0.0,0.0,209.0,37.69343741043537,optimal
2021-02-10 17:30:00,4,19,0.0,0.1548148148148148,0.0,0.6240666666666668,34.9965,6.0,0,20.16086417434499,,,0.0,0.0,0.0,139.33333333333331,37.15639497288906,optimal
2021-02-10 18:00:00,4,19,0.0,0.1548148148148148,0.0,0.5343,34.9965,6.0,0,20.14255202139277,,,0.0,0.0,0.0,139.33333333333331,36.61988957778029,optimal
2021-02-10 18:30:00,4,19,0.0,0.42883703703703696,0.0,0.3924666666666666,34.9965,6.0,0,20.12472120659936,,,0.0,0.0,0.0,385.95333333333326,36.083920688066634,optimal
2021-02-10 19:00:00,4,19,0.0,0.7322740740740741,0.0,0.2572,27.741,6.0,0,20.098942264831525,,,0.0,0.0,0.0,659.0466666666666,35.54848776724269,optimal
2021-02-10 19:30:00,4,19,0.0,0.0,0.0,0.2696,19.026,6.0,0,20.067532990735835,,,0.0,0.0,0.0,0.0,35.01359027933957,optimal
2021-02-10 20:00:00,4,19,0.0,0.1548148148148148,0.0,0.30476666666666663,18.7215,6.0,0,20.032811147843432,,,0.0,0.0,0.0,139.33333333333331,34.47922768892435,optimal
2021-02-10 20:30:00,4,19,0.0,2.941481481481482,0.0,0.31739999999999996,17.4195,6.0,0,20.0,,,0.0,0.0,0.0,2647.3333333333335,33.94539946109954,optimal
2021-02-10 21:00:00,4,19,0.0,0.3096296296296296,0.0,0.3855,16.758,6.0,0,19.965163655085302,,,0.0,0.0,0.0,278.66666666666663,33.412105061502565,optimal
2021-02-10 21:30:00,4,19,0.0,0.46444444444444444,0.0,0.49273333333333336,14.217,6.0,0,19.931017404807733,,,0.0,0.0,0.0,418.0,32.879343956305185,optimal
2021-02-10 22:00:00,4,19,0.0,0.3096296296296296,0.0,0.4978666666666667,13.3665,6.0,0,19.89831705110741,,,0.0,0.0,0.0,278.66666666666663,32.347115612213,optimal
2021-02-10 22:30:00,4,19,0.0,0.0,0.0,0.4038,12.789,6.0,0,19.86300253459667,,,0.0,0.0,0.0,0.0,31.815419496464916,optimal
2021-02-10 23:00:00,4,19,0.0,0.387037037037037,0.0,0.3521,11.907,6.0,0,19.82515062675756,,,0.0,0.0,0.0,348.3333333333333,31.284255076832576,optimal
2021-02-10 23:30:00,4,19,0.0,0.0,0.0,0.28353333333333336,11.7075,6.0,0,19.783916632430994,,,0.0,0.0,0.0,0.0,31.252970821755742,optimal
2021-02-11 00:00:00,4,19,1.1428571428571428,0.23222222222222222,0.0,0.06633333333333333,11.025,6.0,0,19.783916632430994,,,4000.0,0.0,0.0,209.0,31.221717850933985,optimal
2021-02-11 00:30:00,4,19,1.1428571428571428,0.0,0.0,0.1577333333333333,12.0855,6.0,0,19.818486308888996,,,4000.0,0.0,0.0,0.0,31.19049613308305,optimal
2021-02-11 01:00:00,4,19,1.1428571428571428,0.0,0.0,0.11513333333333334,11.6865,6.0,0,19.853193124782283,,,4000.0,0.0,0.0,0.0,31.15930563694997,optimal
2021-02-11 01:30:00,4,19,1.1428571428571428,0.0,0.0,0.10886666666666665,11.2245,6.0,0,19.882839550939924,,,4000.0,0.0,0.0,0.0,31.12814633131302,optimal
2021-02-11 02:00:00,4,19,1.1428571428571428,0.0,1.2920504899510676,0.159,11.025,6.0,0,19.91228257967079,,,4000.0,0.0,0.0,0.0,31.71074216770846,optimal
2021-02-11 02:30:00,4,19,1.1428571428571428,0.0,7.0,0.07126666666666667,10.7835,6.0,0,19.94266225033148,,,4000.0,0.0,0.0,0.0,35.00403142554075,optimal
2021-02-11 03:00:00,4,19,1.1428571428571428,0.0,7.0,0.1966,11.025,6.0,0,19.970931659585208,,,4000.0,0.0,0.0,0.0,38.29402739411521,optimal
2021-02-11 03:30:00,4,19,1.1428571428571428,0.0,7.0,0.065,10.584,6.0,0,20.001401098255982,,,4000.0,0.0,0.0,0.0,41.5807333667211,optimal
2021-02-11 04:00:00,4,19,1.1428571428571428,0.0,7.0,0.20286666666666667,11.025,6.0,0,20.02978026347231,,,4000.0,0.0,0.0,0.0,44.86415263335437,optimal
2021-02-11 04:30:00,4,19,1.1428571428571428,0.0,7.0,0.065,10.4265,6.0,0,20.06151890684156,,,4000.0,0.0,0.0,0.0,48.144288480721016,optimal
2021-02-11 05:00:00,4,19,1.1428571428571428,0.0,0.0,0.13393333333333335,12.789,6.0,0,20.090389871270904,,,4000.0,0.0,0.0,0.0,48.096144192240295,optimal
2021-02-11 05:30:00,4,19,1.1428571428571428,0.0,0.0,0.13393333333333335,12.684,6.0,0,20.120578796807216,,,4000.0,0.0,0.0,0.0,48.048048048048045,optimal
2021-02-11 06:00:00,4,19,1.1428571428571428,0.3096296296296296,0.0,0.08813333333333334,16.254,6.0,0,20.15133703804727,,,4000.0,0.0,0.0,278.66666666666663,48.0,optimal
2021-02-11 06:30:00,4,19,1.1428571428571428,0.5418518518518518,0.0,0.2473333333333333,17.64,6.0,0,20.18652951617412,,,4000.0,0.0,0.0,487.6666666666667,47.57020532797313,optimal
2021-02-11 07:00:00,4,19,0.0,0.0,0.0,0.15273333333333333,19.1625,6.0,0,20.222832347749364,,,0.0,0.0,0.0,0.0,47.140840450618285,optimal
2021-02-11 07:30:00,4,19,0.0,0.3096296296296296,0.0,0.074,26.46,6.0,0,20.173134465157705,,,0.0,0.0,0.0,278.66666666666663,46.7119049381408,optimal
2021-02-11 08:00:00,4,19,0.0,0.6192592592592592,0.0,0.2033,20.79,6.0,0,20.12299304581088,,,0.0,0.0,0.0,557.3333333333333,46.283398361175784,optimal
2021-02-11 08:30:00,4,19,0.0,0.0,0.0,0.4104666666666666,29.106,6.0,0,20.080046127748957,,,0.0,0.0,0.0,0.0,45.85532029078774,optimal
2021-02-11 09:00:00,4,19,0.8181238694709131,2.7092592592592597,0.0,1.5284333333333333,19.1835,6.0,0,20.045667709011035,,,2863.433543148196,0.0,0.0,2438.3333333333335,45.427670298470076,optimal
2021-02-11 09:30:00,4,19,0.0,0.6966666666666667,0.0,0.26456666666666667,19.6665,6.0,0,20.07000230597759,,,0.0,0.0,0.0,627.0,45.00044795614473,optimal
2021-02-11 10:00:00,4,19,0.0,0.387037037037037,0.0,0.40636666666666665,19.404,6.0,0,20.033724096039602,,,0.0,0.0,0.0,348.3333333333333,44.57365283616172,optimal
2021-02-11 10:30:00,4,19,0.5463166120759332,0.0,0.0,0.3959,19.047,6.0,0,20.0,,,1912.1081422657664,0.0,0.0,0.0,44.147284511298686,optimal
2021-02-11 11:00:00,4,19,1.1428571428571428,0.0,0.0,0.3307,18.858,6.0,0,20.0,,,4000.0,0.0,0.0,0.0,43.72134255476052,optimal
2021-02-11 11:30:00,4,19,0.0,0.387037037037037,0.0,0.8711666666666666,19.2675,6.0,0,20.043905639691065,,,0.0,0.0,0.0,348.3333333333333,43.295826540178886,optimal
2021-02-11 12:00:00,4,19,0.1748957070236974,0.46444444444444444,0.0,1.4125333333333332,18.963,6.0,0,20.014529500611427,,,612.1349745829408,0.0,0.0,418.0,42.870736041611835,optimal
2021-02-11 12:30:00,4,19,1.137335954395443,0.46444444444444444,0.0,0.13193333333333335,18.438,6.0,0,20.0,,,3980.6758403840513,0.0,0.0,418.0,42.44607063354335,optimal
2021-02-11 13:00:00,4,19,0.0,0.0,0.0,0.2066,18.7425,6.0,0,20.038869365892854,,,0.0,0.0,0.0,0.0,42.021829890882934,optimal
2021-02-11 13:30:00,4,19,1.1428571428571428,0.387037037037037,0.0,0.47786666666666666,15.2145,6.0,0,20.0,,,4000.0,0.0,0.0,348.3333333333333,41.59801338896518,optimal
2021-02-11 14:00:00,4,19,0.8410411873294144,0.1548148148148148,0.0,0.34,17.7765,6.0,0,20.047585465970425,,,2943.6441556529503,0.0,0.0,139.33333333333331,41.174620703549344,optimal
2021-02-11 14:30:00,4,19,1.1428571428571428,0.0,0.0,0.3588,16.758,6.0,0,20.071632387417896,,,4000.0,0.0,0.0,0.0,40.75165141081892,optimal
2021-02-11 15:00:00,4,19,1.1428571428571428,0.0,0.0,0.4597333333333333,16.422,6.0,0,20.120121025980215,,,4000.0,0.0,0.0,0.0,40.32910508738123,optimal
2021-02-11 15:30:00,4,19,1.1428571428571428,0.6192592592592592,0.0,0.28386666666666666,16.758,6.0,0,20.16996300195678,,,4000.0,0.0,0.0,557.3333333333333,39.90698131026698,optimal
2021-02-11 16:00:00,4,19,0.0,0.0,0.0,0.2524666666666667,29.358,6.0,0,20.22002430544134,,,0.0,0.0,0.0,0.0,39.86707432895671,optimal
2021-02-11 16:30:00,4,19,0.0,0.0774074074074074,0.0,0.3892,34.9965,6.0,0,20.19146787757607,,,0.0,0.0,0.0,69.66666666666666,39.82720725462775,optimal
2021-02-11 17:00:00,4,19,0.0,0.0,0.0,0.4574,34.65,6.0,0,20.167446343727327,,,0.0,0.0,0.0,0.0,39.78738004737313,optimal
2021-02-11 17:30:00,4,19,0.0,0.0774074074074074,0.0,0.3706333333333333,34.9965,6.0,0,20.137732751501705,,,0.0,0.0,0.0,69.66666666666666,39.747592667325755,optimal
2021-02-11 18:00:00,4,19,0.0,0.6966666666666667,0.0,0.33846666666666664,34.9965,6.0,0,20.10294298741648,,,0.0,0.0,0.0,627.0,39.70784507465843,optimal
2021-02-11 18:30:00,4,19,0.0,0.46444444444444444,0.0,0.36523333333333335,30.4815,6.0,0,20.069234945441018,,,0.0,0.0,0.0,418.0,39.66813722958377,optimal
2021-02-11 19:00:00,4,19,0.0,0.387037037037037,0.0,0.5105,21.4305,6.0,0,20.0334679132523,,,0.0,0.0,0.0,348.3333333333333,39.62846909235419,optimal
2021-02-11 19:30:00,4,19,0.3897008987160443,0.0,0.0,2.0518666666666667,14.3325,6.0,0,20.0,,,1363.9531455061551,0.0,0.0,0.0,39.58884062326183,optimal
2021-02-11 20:00:00,4,19,0.7245182973158023,0.46444444444444444,0.0,0.16219999999999998,13.692,6.0,0,20.0,,,2535.814040605308,0.0,0.0,418.0,39.54925178263857,optimal
2021-02-11 20:30:00,4,19,0.0,0.0,0.0,0.19763333333333333,14.007,6.0,0,20.0,,,0.0,0.0,0.0,0.0,39.50970253085593,optimal
2021-02-11 21:00:00,4,19,0.0,0.0,0.0,0.5562666666666667,12.873,6.0,0,19.948093692726818,,,0.0,0.0,0.0,0.0,39.470192828325075,optimal
2021-02-11 21:30:00,4,19,0.0,0.0,0.0,0.22663333333333333,12.684,6.0,0,19.902553165098865,,,0.0,0.0,0.0,0.0,39.43072263549675,optimal
2021-02-11 22:00:00,4,19,0.0,0.0,0.0,0.3756666666666667,12.306,6.0,0,19.850603999520096,,,0.0,0.0,0.0,0.0,39.391291912861256,optimal
2021-02-11 22:30:00,4,19,0.0,0.3096296296296296,0.0,0.43356666666666666,10.6365,6.0,0,19.80418255376964,,,0.0,0.0,0.0,278.66666666666663,39.35190062094839,optimal
2021-02-11 23:00:00,4,19,0.0,0.1548148148148148,0.0,0.38153333333333334,11.2455,6.0,0,19.75770928895083,,,0.0,0.0,0.0,139.33333333333331,39.31254872032744,optimal
2021-02-11 23:30:00,4,19,0.0,0.0,0.0,0.4265333333333334,11.2455,6.0,0,19.70773684237505,,,0.0,0.0,0.0,0.0,39.27323617160712,optimal
2021-02-12 00:00:00,4,19,1.1428571428571428,0.0,0.0,0.1752,10.3635,6.0,0,19.70773684237505,,,4000.0,0.0,0.0,0.0,39.23396293543551,optimal
2021-02-12 00:30:00,4,19,1.1428571428571428,0.0,0.0,0.044533333333333334,10.8045,6.0,0,19.730409969781682,,,4000.0,0.0,0.0,0.0,39.19472897250007,optimal
2021-02-12 01:00:00,4,19,1.1428571428571428,0.0,0.0,0.0516,11.025,6.0,0,19.750384367829398,,,4000.0,0.0,0.0,0.0,39.155534243527576,optimal
2021-02-12 01:30:00,4,19,1.1428571428571428,0.0,0.0,0.0856,10.3635,6.0,0,19.770449807534384,,,4000.0,0.0,0.0,0.0,39.11637870928405,optimal
2021-02-12 02:00:00,4,19,1.1428571428571428,0.0,0.0,0.2056,10.8045,6.0,0,19.791409219767676,,,4000.0,0.0,0.0,0.0,39.07726233057477,optimal
2021-02-12 02:30:00,4,19,1.1428571428571428,0.0,5.6369587425278445,0.158,10.059,6.0,0,19.814997843721507,,,4000.0,0.0,0.0,0.0,41.71574047094492,optimal
2021-02-12 03:00:00,4,19,1.1428571428571428,0.0,0.0,0.10826666666666668,10.584,6.0,0,19.838340663185225,,,4000.0,0.0,0.0,0.0,41.674024730473974,optimal
2021-02-12 03:30:00,4,19,1.1428571428571428,0.0,7.0,0.11159999999999999,9.4185,6.0,0,19.861395212668427,,,4000.0,0.0,0.0,0.0,44.957350705743494,optimal
2021-02-12 04:00:00,4,19,1.1428571428571428,0.0,0.0,0.19413333333333332,10.3635,6.0,0,19.8862704134087,,,4000.0,0.0,0.0,0.0,44.91239335503775,optimal
2021-02-12 04:30:00,4,19,1.1428571428571428,0.0,7.0,0.16946666666666668,9.8385,6.0,0,19.91456171644095,,,4000.0,0.0,0.0,0.0,48.192480961682705,optimal
2021-02-12 05:00:00,4,19,1.1428571428571428,0.0,0.0,0.0504,11.067,6.0,0,19.944094391967315,,,4000.0,0.0,0.0,0.0,48.144288480721016,optimal
2021-02-12 05:30:00,4,19,1.1428571428571428,0.0,0.0,0.252,10.8465,6.0,0,19.972957955567683,,,4000.0,0.0,0.0,0.0,48.096144192240295,optimal
2021-02-12 06:00:00,4,19,1.1428571428571428,0.0,0.0,0.08353333333333333,13.671,6.0,0,20.007891931404366,,,4000.0,0.0,0.0,0.0,48.048048048048045,optimal
2021-02-12 06:30:00,4,19,1.1428571428571428,1.7029629629629628,0.0,0.36010000000000003,12.348,6.0,0,20.041376785587325,,,4000.0,0.0,0.0,1532.6666666666665,48.0,optimal
2021-02-12 07:00:00,4,19,1.1428571428571428,3.096296296296296,0.0,0.7321666666666666,14.3325,6.0,0,20.084653772078454,,,4000.0,0.0,0.0,2786.6666666666665,47.79194535830982,optimal
2021-02-12 07:30:00,4,19,0.0,0.0,0.0,0.10959999999999999,15.393,6.0,0,20.121014243626814,,,0.0,0.0,0.0,0.0,47.584098771261324,optimal
2021-02-12 08:00:00,4,19,1.1428571428571428,0.0,0.0,0.25,13.587,6.0,0,20.076938773671596,,,4000.0,0.0,0.0,0.0,47.37646003079988,optimal
2021-02-12 08:30:00,4,19,0.0,0.0,0.0,0.08346666666666668,16.1385,6.0,0,20.111433973543157,,,0.0,0.0,0.0,0.0,47.169028929078905,optimal
2021-02-12 09:00:00,4,19,0.8576559423145209,0.0,0.0,0.1564,14.595,6.0,0,20.053605881362547,,,3001.795798100823,0.0,0.0,0.0,46.96180525845965,optimal
2021-02-12 09:30:00,4,19,0.0,0.0,0.0,0.12093333333333334,14.637,6.0,0,20.054637864611088,,,0.0,0.0,0.0,0.0,46.754788811511006,optimal
2021-02-12 10:00:00,4,19,0.6891993424931215,0.0,0.0,0.124,13.9125,6.0,0,20.0,,,2412.1976987259254,0.0,0.0,0.0,46.54797938100931,optimal
2021-02-12 10:30:00,4,19,0.8093409076906212,0.0,0.0,0.2024,13.3665,6.0,0,20.0,,,2832.6931769171742,0.0,0.0,0.0,46.34137675993812,optimal
2021-02-12 11:00:00,4,19,1.1428571428571428,0.0,0.0,0.1,13.0095,6.0,0,20.011115754878574,,,4000.0,0.0,0.0,0.0,46.134980741488,optimal
2021-02-12 11:30:00,4,19,0.0,0.0,0.0,0.21786666666666668,13.8915,6.0,0,20.044754239304712,,,0.0,0.0,0.0,0.0,45.928791119056335,optimal
2021-02-12 12:00:00,4,19,0.6535687828912013,0.0,0.0,0.13333333333333333,13.188,6.0,0,20.0,,,2287.4907401192045,0.0,0.0,0.0,45.7228076862471,optimal
2021-02-12 12:30:00,4,19,0.5849184097644142,0.0,0.0,0.17503333333333332,12.5685,6.0,0,20.0,,,2047.21443417545,0.0,0.0,0.0,45.517030236870674,optimal
2021-02-12 13:00:00,4,19,0.5380011854530509,0.3096296296296296,0.0,0.1806333333333333,12.285,6.0,0,20.0,,,1883.004149085678,0.0,0.0,278.66666666666663,45.31145856494362,optimal
2021-02-12 13:30:00,4,19,1.1428571428571428,0.0,0.0,0.2712,11.487,6.0,0,20.004845609143118,,,4000.0,0.0,0.0,0.0,45.106092464688494,optimal
2021-02-12 14:00:00,4,19,1.1428571428571428,0.0,0.0,0.3624,11.802,6.0,0,20.05600894326165,,,4000.0,0.0,0.0,0.0,44.90093173053363,optimal
2021-02-12 14:30:00,4,19,1.1428571428571428,0.0,0.0,0.2236,11.2245,6.0,0,20.11372491755466,,,4000.0,0.0,0.0,0.0,44.695976157112916,optimal
2021-02-12 15:00:00,4,19,1.1428571428571428,0.387037037037037,0.0,0.3836,11.025,6.0,0,20.166058148721856,,,4000.0,0.0,0.0,348.3333333333333,44.49122553926562,optimal
2021-02-12 15:30:00,4,19,1.1428571428571428,0.0,0.0,0.3118,11.907,6.0,0,20.221741330064198,,,4000.0,0.0,0.0,0.0,44.28667967203617,optimal
2021-02-12 16:00:00,4,19,0.0,0.23222222222222222,0.0,0.27113333333333334,25.83,6.0,0,20.279246241100797,,,0.0,0.0,0.0,209.0,44.08233835067396,optimal
2021-02-12 16:30:00,4,19,0.0,0.0,0.0,0.048,28.035,6.0,0,20.24804291372869,,,0.0,0.0,0.0,0.0,43.8782013706331,optimal
2021-02-12 17:00:00,4,19,0.0,0.1548148148148148,0.0,0.068,28.119,6.0,0,20.196926581718692,,,0.0,0.0,0.0,139.33333333333331,43.67426852757229,optimal
2021-02-12 17:30:00,4,19,0.0,0.1548148148148148,0.0,0.32193333333333335,30.156,6.0,0,20.152024933352134,,,0.0,0.0,0.0,139.33333333333331,43.47053961735453,optimal
2021-02-12 18:00:00,4,19,0.0,0.0,0.0,0.3163333333333333,29.1585,6.0,0,20.12238487605061,,,0.0,0.0,0.0,0.0,43.267014436047,optimal
2021-02-12 18:30:00,4,19,0.0,0.1548148148148148,0.0,0.36,26.712,6.0,0,20.09591714201436,,,0.0,0.0,0.0,139.33333333333331,43.06369277992077,optimal
2021-02-12 19:00:00,4,19,0.0,2.941481481481482,0.0,0.2486,15.435,6.0,0,20.074078374660093,,,0.0,0.0,0.0,2647.3333333333335,42.860574445450666,optimal
2021-02-12 19:30:00,4,19,0.0,0.0,0.0,0.28703333333333336,13.566,6.0,0,20.048235081375196,,,0.0,0.0,0.0,0.0,42.81771387100522,optimal
2021-02-12 20:00:00,4,19,0.0,0.23222222222222222,0.0,0.2147333333333333,12.789,6.0,0,20.022203626656534,,,0.0,0.0,0.0,209.0,42.774896157134215,optimal
2021-02-12 20:30:00,4,19,0.0,0.6192592592592592,0.0,0.42656666666666665,12.1275,6.0,0,20.0,,,0.0,0.0,0.0,557.3333333333333,42.73212126097708,optimal
2021-02-12 21:00:00,4,19,0.0,1.548148148148148,0.0,0.5585333333333333,13.671,6.0,0,19.979636647598507,,,0.0,0.0,0.0,1393.3333333333333,42.689389139716106,optimal
2021-02-12 21:30:00,4,19,0.0,2.39962962962963,0.0,0.2549666666666667,10.668,6.0,0,19.958665989901803,,,0.0,0.0,0.0,2159.6666666666665,42.64669975057639,optimal
2021-02-12 22:00:00,4,19,0.0,0.0,0.0,0.5357999999999999,11.7285,6.0,0,19.931807135315243,,,0.0,0.0,0.0,0.0,42.60405305082581,optimal
2021-02-12 22:30:00,4,19,0.0,0.0,0.0,0.2561333333333333,11.025,6.0,0,19.908530998789306,,,0.0,0.0,0.0,0.0,42.56144899777499,optimal
2021-02-12 23:00:00,4,19,0.0,0.0,0.0,0.11546666666666669,10.689,6.0,0,19.87177569151245,,,0.0,0.0,0.0,0.0,42.518887548777215,optimal
2021-02-12 23:30:00,4,19,0.0,0.0,0.0,0.2069333333333333,8.1585,6.0,0,19.828892711352836,,,0.0,0.0,0.0,0.0,42.476368661228435,optimal
2021-02-13 00:00:00,4,19,1.1428571428571428,0.0,0.0,0.064,9.3975,6.0,0,19.828892711352836,,,4000.0,0.0,0.0,0.0,42.43389229256721,optimal
2021-02-13 00:30:00,4,19,1.1428571428571428,0.0,0.0,0.064,10.059,6.0,0,19.866044943406514,,,4000.0,0.0,0.0,0.0,42.391458400274644,optimal
2021-02-13 01:00:00,4,19,1.1428571428571428,0.0,0.0,0.064,9.261,6.0,0,19.90323045147264,,,4000.0,0.0,0.0,0.0,42.34906694187437,optimal
2021-02-13 01:30:00,4,19,1.1428571428571428,0.0,0.0,0.064,8.1585,6.0,0,19.940449149365584,,,4000.0,0.0,0.0,0.0,42.306717874932495,optimal
2021-02-13 02:00:00,4,19,1.1428571428571428,0.0,0.0,0.064,9.4815,6.0,0,19.97770095112293,,,4000.0,0.0,0.0,0.0,42.264411157057566,optimal
2021-02-13 02:30:00,4,19,1.1428571428571428,0.0,0.0,0.064,8.379,6.0,0,20.01498577100492,,,4000.0,0.0,0.0,0.0,42.22214674590051,optimal
2021-02-13 03:00:00,4,19,1.1428571428571428,0.0,0.0,0.064,9.5235,6.0,0,20.05217402235176,,,4000.0,0.0,0.0,0.0,42.17992459915461,optimal
2021-02-13 03:30:00,4,19,1.1428571428571428,0.0,0.0,0.064,8.1375,6.0,0,20.089265955278165,,,4000.0,0.0,0.0,0.0,42.13774467455546,optimal
2021-02-13 04:00:00,4,19,1.1428571428571428,0.0,0.0,0.064,10.0905,6.0,0,20.126132318108954,,,4000.0,0.0,0.0,0.0,42.0956069298809,optimal
2021-02-13 04:30:00,4,19,1.1428571428571428,0.0,7.0,0.064,7.539,6.0,0,20.162773695075828,,,4000.0,0.0,0.0,0.0,45.37851132295102,optimal
2021-02-13 05:00:00,4,19,1.1428571428571428,0.0,5.918222461248326,0.064,7.938,6.0,0,20.199061167755218,,,4000.0,0.0,0.0,0.0,48.144288480721016,optimal
2021-02-13 05:30:00,4,19,1.1428571428571428,0.46444444444444444,0.0,0.06266666666666666,8.274,6.0,0,20.234995652767317,,,4000.0,0.0,0.0,418.0,48.096144192240295,optimal
2021-02-13 06:00:00,4,19,1.1428571428571428,0.774074074074074,0.0,0.0762,9.261,6.0,0,20.27211559813934,,,4000.0,0.0,0.0,696.6666666666666,48.048048048048045,optimal
2021-02-13 06:30:00,4,19,1.1428571428571428,0.3096296296296296,0.0,0.086,9.9225,6.0,0,20.3159525163372,,,4000.0,0.0,0.0,278.66666666666663,48.0,optimal
2021-02-13 07:00:00,4,19,1.1428571428571428,5.805555555555555,0.0,0.07946666666666667,9.702,6.0,0,20.35939082302432,,,4000.0,0.0,0.0,5225.0,47.70823618320208,optimal
2021-02-13 07:30:00,4,19,1.1428571428571428,0.1548148148148148,0.0,0.072,10.584,6.0,0,20.397668091816556,,,4000.0,0.0,0.0,139.33333333333331,47.41676413022096,optimal
2021-02-13 08:00:00,4,19,1.1428571428571428,5.573333333333333,0.0,0.22733333333333328,10.143,6.0,0,20.44058995499972,,,4000.0,0.0,0.0,5016.0,47.12558354929283,optimal
2021-02-13 08:30:00,4,19,0.0,0.0,0.0,0.43326666666666663,13.0095,6.0,0,20.49080930688875,,,0.0,0.0,0.0,0.0,46.834694148945616,optimal
2021-02-13 09:00:00,4,19,0.0,3.096296296296296,0.0,0.4806666666666667,11.025,6.0,0,20.460041209452047,,,0.0,0.0,0.0,2786.6666666666665,46.54409563799875,optimal
2021-02-13 09:30:00,4,19,0.0,0.46444444444444444,0.0,0.1911,12.789,6.0,0,20.436094440402833,,,0.0,0.0,0.0,418.0,46.25378772556284,optimal
2021-02-13 10:00:00,4,19,0.0,0.0,0.0,1.717,12.1275,6.0,0,20.406288839266754,,,0.0,0.0,0.0,0.0,45.96377012103936,optimal
2021-02-13 10:30:00,4,19,0.0,0.0,0.0,0.304,12.1695,6.0,0,20.39628063526214,,,0.0,0.0,0.0,0.0,45.6740425341204,optimal
2021-02-13 11:00:00,4,19,0.0,0.3096296296296296,0.0,0.26893333333333336,12.306,6.0,0,20.35993620744069,,,0.0,0.0,0.0,278.66666666666663,45.38460467478836,optimal
2021-02-13 11:30:00,4,19,0.0,0.0,0.0,0.26893333333333336,13.23,6.0,0,20.321723615617348,,,0.0,0.0,0.0,0.0,45.09545625331566,optimal
2021-02-13 12:00:00,4,19,0.0,0.774074074074074,0.0,0.224,13.671,6.0,0,20.28270235142707,,,0.0,0.0,0.0,696.6666666666666,44.80659698026443,optimal
2021-02-13 12:30:00,4,19,0.0,0.0,0.0,1.916,13.9335,6.0,0,20.243432144043236,,,0.0,0.0,0.0,0.0,44.51802656648625,optimal
2021-02-13 13:00:00,4,19,0.0,0.23222222222222222,0.0,2.899333333333333,13.293,6.0,0,20.212567931565125,,,0.0,0.0,0.0,209.0,44.22974472312185,optimal
2021-02-13 13:30:00,4,19,0.0,0.0,0.0,1.0834333333333335,12.1065,6.0,0,20.182417110542904,,,0.0,0.0,0.0,0.0,43.94175116160081,optimal
2021-02-13 14:00:00,4,19,0.0,0.1548148148148148,0.0,0.371,11.571,6.0,0,20.141485054082732,,,0.0,0.0,0.0,139.33333333333331,43.65404559364129,optimal
2021-02-13 14:30:00,4,19,1.1428571428571428,0.0774074074074074,0.0,0.264,11.025,6.0,0,20.0993090915441,,,4000.0,0.0,0.0,69.66666666666666,43.366627731249736,optimal
2021-02-13 15:00:00,4,19,1.1428571428571428,0.3096296296296296,0.0,0.237,10.8465,6.0,0,20.151290255172043,,,4000.0,0.0,0.0,278.66666666666663,43.07949728672057,optimal
2021-02-13 15:30:00,4,19,1.018336937772755,0.3096296296296296,0.0,0.26366666666666666,11.2455,6.0,0,20.202428009801018,,,3564.1792822046423,0.0,0.0,278.66666666666663,42.79265397263593,optimal
2021-02-13 16:00:00,4,19,0.0,0.0,0.0,0.2404333333333333,23.8665,6.0,0,20.247601598409588,,,0.0,0.0,0.0,0.0,42.50609750186538,optimal
2021-02-13 16:30:00,4,19,0.0,0.8514814814814814,0.0,0.10840000000000001,27.4575,6.0,0,20.21893471504859,,,0.0,0.0,0.0,766.3333333333333,42.219827587565604,optimal
2021-02-13 17:00:00,4,19,0.0,1.433585185185185,0.0,0.09076666666666668,27.3735,6.0,0,20.186312703918837,,,0.0,0.0,0.0,1290.2266666666667,41.93384394318012,optimal
2021-02-13 17:30:00,4,19,0.0,1.1982666666666666,0.0,0.09266666666666669,30.4605,6.0,0,20.156559311352897,,,0.0,0.0,0.0,1078.44,41.64814628243903,optimal
2021-02-13 18:00:00,4,19,0.0,0.6966666666666667,0.0,0.3268666666666667,30.0195,6.0,0,20.126568080394748,,,0.0,0.0,0.0,627.0,41.36273431935867,optimal
2021-02-13 18:30:00,4,19,0.0,0.6192592592592592,0.0,0.5756666666666667,26.9325,6.0,0,20.102641966003883,,,0.0,0.0,0.0,557.3333333333333,41.0776077682414,optimal
2021-02-13 19:00:00,4,19,0.0,0.0,0.0,0.695,14.595,6.0,0,20.080604886951498,,,0.0,0.0,0.0,0.0,40.79276634367524,optimal
2021-02-13 19:30:00,4,19,0.0,0.0,0.0,0.446,12.4845,6.0,0,20.060510273162105,,,0.0,0.0,0.0,0.0,40.508209760533646,optimal
2021-02-13 20:00:00,4,19,0.0,0.1548148148148148,0.0,0.45026666666666665,12.1275,6.0,0,20.031500725466465,,,0.0,0.0,0.0,139.33333333333331,40.2239377339752,optimal
2021-02-13 20:30:00,4,19,0.0,0.387037037037037,0.0,0.4868,12.1275,6.0,0,20.0,,,0.0,0.0,0.0,348.3333333333333,40.18371379624122,optimal
2021-02-13 21:00:00,4,19,0.0,0.1548148148148148,0.0,0.4913333333333333,12.789,6.0,0,19.981617909409486,,,0.0,0.0,0.0,139.33333333333331,40.14353008244498,optimal
2021-02-13 21:30:00,4,19,0.0,0.23222222222222222,0.0,0.44656666666666667,11.907,6.0,0,19.964496349720655,,,0.0,0.0,0.0,209.0,40.10338655236254,optimal
2021-02-13 22:00:00,4,19,0.0,0.0,0.0,0.2362,11.025,6.0,0,19.945160792998188,,,0.0,0.0,0.0,0.0,40.06328316581018,optimal
2021-02-13 22:30:00,4,19,0.0,0.0,0.0,0.074,8.2005,6.0,0,19.912302664511945,,,0.0,0.0,0.0,0.0,40.02321988264437,optimal
2021-02-13 23:00:00,4,19,0.0,0.0,0.0,0.17633333333333334,9.5655,6.0,0,19.86881087321492,,,0.0,0.0,0.0,0.0,39.98319666276173,optimal
2021-02-13 23:30:00,4,19,0.0,0.0,0.0,0.2756,7.056,6.0,0,19.829910502062834,,,0.0,0.0,0.0,0.0,39.94321346609897,optimal
2021-02-07 00:00:00,5,19,0.0,0.0,0.0,0.11346666666666669,9.261,6.0,0,21.0,,,0.0,0.0,0.0,0.0,47.952,optimal
2021-02-07 00:30:00,5,19,0.0,0.0,0.0,0.07813333333333335,10.3635,6.0,0,20.959470920930748,,,0.0,0.0,0.0,0.0,47.904047999999996,optimal
2021-02-07 01:00:00,5,19,0.0,0.0,0.0,0.064,8.274,6.0,0,20.91807393179554,,,0.0,0.0,0.0,0.0,47.856143952,optimal
2021-02-07 01:30:00,5,19,0.0,0.0,0.0,0.12186666666666666,7.7175,6.0,0,20.877936754269616,,,0.0,0.0,0.0,0.0,47.80828780804799,optimal
2021-02-07 02:00:00,5,19,0.0,0.0,0.0,0.14426666666666668,6.615,6.0,0,20.8425947356212,,,0.0,0.0,0.0,0.0,47.76047952023995,optimal
2021-02-07 02:30:00,5,19,0.0,0.0,0.0,0.117,6.174,6.0,0,20.807975774442898,,,0.0,0.0,0.0,0.0,47.712719040719705,optimal
2021-02-07 03:00:00,5,19,0.7863114854958497,0.0,0.0,0.0746,3.906,6.0,0,20.768676567624482,,,2752.0901992354743,0.0,0.0,0.0,47.66500632167899,optimal
2021-02-07 03:30:00,5,19,1.1428571428571428,0.0,0.0,0.064,2.3415,6.0,0,20.783967059182917,,,4000.0,0.0,0.0,0.0,47.61734131535731,optimal
2021-02-07 04:00:00,5,19,1.1428571428571428,0.0,0.0,0.064,2.205,6.0,0,20.824087206618728,,,4000.0,0.0,0.0,0.0,47.56972397404195,optimal
2021-02-07 04:30:00,5,19,1.1428571428571428,0.0,1.716197456914406,0.1276,0.882,6.0,0,20.86397394081417,,,4000.0,0.0,0.0,0.0,48.33734804210225,optimal
2021-02-07 05:00:00,5,19,1.1428571428571428,0.0,0.0,0.064,1.5435,6.0,0,20.905042349697144,,,4000.0,0.0,0.0,0.0,48.289010694060146,optimal
2021-02-07 05:30:00,5,19,1.1428571428571428,0.0,0.0,0.064,1.5435,6.0,0,20.944719408222856,,,4000.0,0.0,0.0,0.0,48.240721683366075,optimal
2021-02-07 06:00:00,5,19,0.0,0.0,0.0,0.1276,5.0715,6.0,0,20.98429370226069,,,0.0,0.0,0.0,0.0,48.192480961682705,optimal
2021-02-07 06:30:00,5,19,0.0,1.315925925925926,0.0,1.6313333333333333,5.376,6.0,0,20.94423398712014,,,0.0,0.0,0.0,1184.3333333333333,48.144288480721016,optimal
2021-02-07 07:00:00,5,19,0.0,4.8426074074074075,0.0,0.7946666666666666,5.0715,6.0,0,20.930605152370312,,,0.0,0.0,0.0,4358.346666666667,48.096144192240295,optimal
2021-02-07 07:30:00,5,19,0.0,1.9692444444444444,0.0,1.1667,5.5125,6.0,0,20.904063542113906,,,0.0,0.0,0.0,1772.32,48.048048048048045,optimal
2021-02-07 08:00:00,5,19,0.0,1.9769851851851854,0.0,0.6261,9.261,6.0,0,20.880165847303928,,,0.0,0.0,0.0,1779.2866666666669,48.0,optimal
2021-02-07 08:30:00,5,19,0.0,0.8870888888888889,0.0,1.5889333333333333,11.7075,6.0,0,20.850857244368463,,,0.0,0.0,0.0,798.3800000000001,47.68610975741813,optimal
2021-02-07 09:00:00,5,19,0.0,0.5418518518518518,0.0,0.2297333333333333,12.348,6.0,0,20.825866683741687,,,0.0,0.0,0.0,487.6666666666667,47.37253340507884,optimal
2021-02-07 09:30:00,5,19,0.0,0.3096296296296296,0.0,0.47663333333333335,12.348,6.0,0,20.792275914805497,,,0.0,0.0,0.0,278.66666666666663,47.05927062909189,optimal
2021-02-07 10:00:00,5,19,0.0,6.115185185185185,0.0,2.6574333333333335,12.1275,6.0,0,20.763879405068128,,,0.0,0.0,0.0,5503.666666666667,46.74632111588093,optimal
2021-02-07 10:30:00,5,19,0.0,0.0774074074074074,0.0,1.2891333333333335,12.5265,6.0,0,20.7538106597573,,,0.0,0.0,0.0,69.66666666666666,46.43368455218318,optimal
2021-02-07 11:00:00,5,19,0.0,0.0,0.0,0.13433333333333333,11.7495,6.0,0,20.724255403822298,,,0.0,0.0,0.0,0.0,46.12136062504913,optimal
2021-02-07 11:30:00,5,19,0.0,0.0,0.0,0.10226666666666669,13.23,6.0,0,20.67820488629316,,,0.0,0.0,0.0,0.0,45.80934902184221,optimal
2021-02-07 12:00:00,5,19,0.0,0.0,0.0,0.10933333333333331,14.3325,6.0,0,20.629881472460745,,,0.0,0.0,0.0,0.0,45.497649430238496,optimal
2021-02-07 12:30:00,5,19,0.0,0.0,0.0,0.08106666666666666,14.994,6.0,0,20.581825993887275,,,0.0,0.0,0.0,0.0,45.18626153822639,optimal
2021-02-07 13:00:00,5,19,0.0,0.0,0.0,0.13053333333333333,14.8155,6.0,0,20.53332387688313,,,0.0,0.0,0.0,0.0,44.875185034106295,optimal
2021-02-07 13:30:00,5,19,0.0,0.0,0.0,0.074,14.112,6.0,0,20.485946811453047,,,0.0,0.0,0.0,0.0,44.56441960649032,optimal
2021-02-07 14:00:00,5,19,0.0,0.0,0.0,0.13053333333333333,14.007,6.0,0,20.437679748410986,,,0.0,0.0,0.0,0.0,44.25396494430196,optimal
2021-02-07 14:30:00,5,19,0.0,0.0,0.0,0.11806666666666667,13.23,6.0,0,20.390809406005804,,,0.0,0.0,0.0,0.0,43.94382073677579,optimal
2021-02-07 15:00:00,5,19,0.0,0.0,0.0,0.3385666666666667,11.382,6.0,0,20.346231249921523,,,0.0,0.0,0.0,0.0,43.633986673457144,optimal
2021-02-07 15:30:00,5,19,0.0,0.23222222222222222,0.0,0.13290000000000002,11.7495,6.0,0,20.30927996722296,,,0.0,0.0,0.0,209.0,43.32446244420182,optimal
2021-02-07 16:00:00,5,19,0.0,0.42883703703703696,0.0,0.08933333333333333,24.3285,6.0,0,20.27160553793863,,,0.0,0.0,0.0,385.95333333333326,43.01524773917575,optimal
2021-02-07 16:30:00,5,19,0.0,0.035607407407407414,0.0,0.0958,28.917,6.0,0,20.230474195305526,,,0.0,0.0,0.0,32.046666666666674,42.7063422488547,optimal
2021-02-07 17:00:00,5,19,0.0,0.0,0.0,0.3591666666666667,31.3635,6.0,0,20.18503026331186,,,0.0,0.0,0.0,0.0,42.39774566402398,optimal
2021-02-07 17:30:00,5,19,0.0,0.1548148148148148,0.0,0.32996666666666663,33.306,6.0,0,20.15034034925504,,,0.0,0.0,0.0,139.33333333333331,42.089457675778085,optimal
2021-02-07 18:00:00,5,19,0.0,0.8716074074074074,0.0,0.14096666666666666,31.3425,6.0,0,20.125299243094876,,,0.0,0.0,0.0,784.4466666666667,42.04736821810231,optimal
2021-02-07 18:30:00,5,19,0.0,3.5406148148148144,0.0,0.13473333333333332,28.2555,6.0,0,20.099359646453493,,,0.0,0.0,0.0,3186.5533333333333,42.00532084988421,optimal
2021-02-07 19:00:00,5,19,0.0,0.0774074074074074,0.0,0.36723333333333336,15.6975,6.0,0,20.071593628891577,,,0.0,0.0,0.0,69.66666666666666,41.963315529034325,optimal
2021-02-07 19:30:00,5,19,0.0,0.0,0.0,0.22716666666666663,12.5475,6.0,0,20.049503132251125,,,0.0,0.0,0.0,0.0,41.921352213505294,optimal
2021-02-07 20:00:00,5,19,0.0,0.0,0.0,0.23346666666666666,12.0855,6.0,0,20.025337507331297,,,0.0,0.0,0.0,0.0,41.87943086129179,optimal
2021-02-07 20:30:00,5,19,0.0,1.9351851851851851,0.0,0.1866,11.907,6.0,0,20.0,,,0.0,0.0,0.0,1741.6666666666667,41.837551430430494,optimal
2021-02-07 21:00:00,5,19,0.0,0.1548148148148148,0.0,0.23383333333333328,12.5685,6.0,0,19.97260966229535,,,0.0,0.0,0.0,139.33333333333331,41.79571387900006,optimal
2021-02-07 21:30:00,5,19,0.0,0.46444444444444444,0.0,0.3298333333333333,13.146,6.0,0,19.946918329020544,,,0.0,0.0,0.0,418.0,41.753918165121064,optimal
2021-02-07 22:00:00,5,19,0.0,0.387037037037037,0.0,0.42923333333333336,10.584,6.0,0,19.921073985412853,,,0.0,0.0,0.0,348.3333333333333,41.71216424695594,optimal
2021-02-07 22:30:00,5,19,0.0,0.0,0.0,0.26766666666666666,6.678,6.0,0,19.89276971689473,,,0.0,0.0,0.0,0.0,41.67045208270899,optimal
2021-02-07 23:00:00,5,19,0.0,0.6966666666666667,0.0,0.2581333333333333,7.938,6.0,0,19.861772812602474,,,0.0,0.0,0.0,627.0,41.62878163062628,optimal
2021-02-07 23:30:00,5,19,0.0,0.23222222222222222,0.0,0.2783,5.292,6.0,0,19.829353677699608,,,0.0,0.0,0.0,209.0,41.58715284899565,optimal
2021-02-08 00:00:00,5,19,1.1428571428571428,0.0,0.0,0.06,5.9745,6.0,0,19.829353677699608,,,4000.0,0.0,0.0,0.0,41.54556569614665,optimal
2021-02-08 00:30:00,5,19,1.1428571428571428,0.0,0.0,0.06366666666666666,7.938,6.0,0,19.871100083348374,,,4000.0,0.0,0.0,0.0,41.504020130450506,optimal
2021-02-08 01:00:00,5,19,1.1428571428571428,0.0,0.0,0.15616666666666665,8.6835,6.0,0,19.91281244663828,,,4000.0,0.0,0.0,0.0,41.46251611032005,optimal
2021-02-08 01:30:00,5,19,1.1428571428571428,0.0,0.0,0.2529,7.665,6.0,0,19.95628565535726,,,4000.0,0.0,0.0,0.0,41.42105359420973,optimal
2021-02-08 02:00:00,5,19,1.1428571428571428,0.0,0.0,0.126,6.7725,6.0,0,20.001471178521857,,,4000.0,0.0,0.0,0.0,41.37963254061552,optimal
2021-02-08 02:30:00,5,19,1.1428571428571428,0.0,0.0,0.15473333333333333,5.5755,6.0,0,20.04384626576387,,,4000.0,0.0,0.0,0.0,41.3382529080749,optimal
2021-02-08 03:00:00,5,19,1.1428571428571428,0.0,7.0,0.2213333333333333,5.0925,6.0,0,20.086821633512816,,,4000.0,0.0,0.0,0.0,44.621914655166826,optimal
2021-02-08 03:30:00,5,19,1.1428571428571428,0.0,7.0,0.09666666666666669,4.1895,6.0,0,20.131160789829746,,,4000.0,0.0,0.0,0.0,47.90229274051166,optimal
2021-02-08 04:00:00,5,19,1.1428571428571428,0.0,0.0,0.104,7.056,6.0,0,20.17273682487554,,,4000.0,0.0,0.0,0.0,47.85439044777115,optimal
2021-02-08 04:30:00,5,19,1.1428571428571428,0.0,0.9140750021951686,0.2907333333333333,5.271,6.0,0,20.214223839469472,,,4000.0,0.0,0.0,0.0,48.240721683366075,optimal
2021-02-08 05:00:00,5,19,1.1428571428571428,0.0,0.0,0.078,7.938,6.0,0,20.25911718274968,,,4000.0,0.0,0.0,0.0,48.192480961682705,optimal
2021-02-08 05:30:00,5,19,1.1428571428571428,0.0,0.0,0.21706666666666663,7.938,6.0,0,20.299337158470166,,,4000.0,0.0,0.0,0.0,48.144288480721016,optimal
2021-02-08 06:00:00,5,19,1.1428571428571428,0.0,0.0,0.19566666666666663,11.907,6.0,0,20.342133182469286,,,4000.0,0.0,0.0,0.0,48.096144192240295,optimal
2021-02-08 06:30:00,5,19,1.1428571428571428,0.0,0.0,0.126,11.025,6.0,0,20.38425649440857,,,4000.0,0.0,0.0,0.0,48.048048048048045,optimal
2021-02-08 07:00:00,5,19,1.1428571428571428,3.0188888888888883,0.0,0.22740000000000002,11.2875,6.0,0,20.424733650944297,,,4000.0,0.0,0.0,2716.9999999999995,48.0,optimal
2021-02-08 07:30:00,5,19,0.15164697911024158,0.0,0.0,0.18036666666666668,12.936,6.0,0,20.47395046766514,,,530.7644268858455,0.0,0.0,0.0,47.85946402568467,optimal
2021-02-08 08:00:00,5,19,0.0,0.23222222222222222,0.0,1.0635333333333332,13.0095,6.0,0,20.449906617476945,,,0.0,0.0,0.0,209.0,47.71906858734366,optimal
2021-02-08 08:30:00,5,19,0.0,0.0774074074074074,0.0,0.2107333333333333,13.671,6.0,0,20.40980554908863,,,0.0,0.0,0.0,69.66666666666666,47.578813544441,optimal
2021-02-08 09:00:00,5,19,0.0,0.0,0.0,0.204,13.188,6.0,0,20.364473795944686,,,0.0,0.0,0.0,0.0,47.43869875658123,optimal
2021-02-08 09:30:00,5,19,0.0,0.23222222222222222,0.0,0.11043333333333334,13.8495,6.0,0,20.31694434552688,,,0.0,0.0,0.0,209.0,47.29872408350933,optimal
2021-02-08 10:00:00,5,19,0.0,0.3096296296296296,0.0,0.5365,13.23,6.0,0,20.27133136093586,,,0.0,0.0,0.0,278.66666666666663,47.15888938511049,optimal
2021-02-08 10:30:00,5,19,0.0,0.23222222222222222,0.0,0.3888333333333333,13.3665,6.0,0,20.24107370370738,,,0.0,0.0,0.0,209.0,47.01919452141006,optimal
2021-02-08 11:00:00,5,19,1.1428571428571428,0.0,0.0,0.42333333333333334,13.0515,6.0,0,20.205623921422394,,,4000.0,0.0,0.0,0.0,46.87963935257332,optimal
2021-02-08 11:30:00,5,19,0.0,0.0,0.0,0.3531333333333333,13.5345,6.0,0,20.246723836210396,,,0.0,0.0,0.0,0.0,46.74022373890542,optimal
2021-02-08 12:00:00,5,19,0.0,0.23222222222222222,0.0,0.5085,14.154,6.0,0,20.205741481017643,,,0.0,0.0,0.0,209.0,46.60094754085119,optimal
2021-02-08 12:30:00,5,19,0.0,0.23222222222222222,0.0,0.6704333333333333,14.112,6.0,0,20.16826332121837,,,0.0,0.0,0.0,209.0,46.46181061899501,optimal
2021-02-08 13:00:00,5,19,0.0,0.0,0.0,0.22566666666666663,14.2485,6.0,0,20.134671956306118,,,0.0,0.0,0.0,0.0,46.32281283406069,optimal
2021-02-08 13:30:00,5,19,1.1428571428571428,0.0,0.0,0.19473333333333329,12.789,6.0,0,20.090719473520156,,,4000.0,0.0,0.0,0.0,46.1839540469113,optimal
2021-02-08 14:00:00,5,19,1.1428571428571428,0.0,0.0,0.172,13.0095,6.0,0,20.126341341125496,,,4000.0,0.0,0.0,0.0,46.04523411854907,optimal
2021-02-08 14:30:00,5,19,1.1428571428571428,0.0,0.0,0.136,12.1275,6.0,0,20.161670642535675,,,4000.0,0.0,0.0,0.0,45.90665291011519,optimal
2021-02-08 15:00:00,5,19,1.1428571428571428,0.0,0.0,0.3564,12.348,6.0,0,20.19579258838411,,,4000.0,0.0,0.0,0.0,45.768210282889754,optimal
2021-02-08 15:30:00,5,19,1.1428571428571428,0.0,0.0,0.24819999999999998,12.348,6.0,0,20.235454440821943,,,4000.0,0.0,0.0,0.0,45.62990609829154,optimal
2021-02-08 16:00:00,5,19,0.0,0.0,0.0,0.1749,25.389,6.0,0,20.27319135098991,,,0.0,0.0,0.0,0.0,45.491740217877926,optimal
2021-02-08 16:30:00,5,19,0.0,0.0,0.0,0.15783333333333335,29.1375,6.0,0,20.226864399021355,,,0.0,0.0,0.0,0.0,45.353712503344724,optimal
2021-02-08 17:00:00,5,19,0.0,0.0,0.0,0.214,30.597,6.0,0,20.17992411445312,,,0.0,0.0,0.0,0.0,45.21582281652606,optimal
2021-02-08 17:30:00,5,19,0.0,0.5418518518518518,0.0,0.5626666666666666,33.684,6.0,0,20.133851699504774,,,0.0,0.0,0.0,487.6666666666667,45.07807101939421,optimal
2021-02-08 18:00:00,5,19,0.0,0.23222222222222222,0.0,0.49006666666666665,32.445,6.0,0,20.102548652101326,,,0.0,0.0,0.0,209.0,44.94045697405949,optimal
2021-02-08 18:30:00,5,19,0.0,0.46444444444444444,0.0,0.5979333333333333,28.917,6.0,0,20.076536274770394,,,0.0,0.0,0.0,418.0,44.8029805427701,optimal
2021-02-08 19:00:00,5,19,0.0,0.0,0.0,0.10523333333333332,15.876,6.0,0,20.046103455594288,,,0.0,0.0,0.0,0.0,44.665641587912006,optimal
2021-02-08 19:30:00,5,19,0.6864768449491703,0.0,0.0,0.1263,12.348,6.0,0,20.0,,,2402.668957322096,0.0,0.0,0.0,44.52843997200877,optimal
2021-02-08 20:00:00,5,19,0.4601993929009536,0.0774074074074074,0.0,0.6146666666666666,12.1275,6.0,0,20.0,,,1610.6978751533375,0.0,0.0,69.66666666666666,44.39137555772143,optimal
2021-02-08 20:30:00,5,19,0.0,0.0,0.0,0.3981,12.348,6.0,0,20.0,,,0.0,0.0,0.0,0.0,44.254448207848384,optimal
2021-02-08 21:00:00,5,19,0.0,0.23222222222222222,0.0,0.4570666666666667,12.1275,6.0,0,19.96576915430404,,,0.0,0.0,0.0,209.0,44.21019375964053,optimal
2021-02-08 21:30:00,5,19,0.0,0.1548148148148148,0.0,0.31156666666666666,12.1275,6.0,0,19.93948530825657,,,0.0,0.0,0.0,139.33333333333331,44.16598356588089,optimal
2021-02-08 22:00:00,5,19,0.0,0.1548148148148148,0.0,0.2819333333333333,11.2665,6.0,0,19.91565622918873,,,0.0,0.0,0.0,139.33333333333331,44.12181758231501,optimal
2021-02-08 22:30:00,5,19,0.0,0.0,0.0,0.4251666666666667,10.143,6.0,0,19.893671455912102,,,0.0,0.0,0.0,0.0,44.077695764732695,optimal
2021-02-08 23:00:00,5,19,0.0,0.0,0.0,0.19140000000000001,11.2455,6.0,0,19.877733951497813,,,0.0,0.0,0.0,0.0,44.03361806896796,optimal
2021-02-08 23:30:00,5,19,0.0,0.0,0.0,0.5738333333333334,11.025,6.0,0,19.855832865394046,,,0.0,0.0,0.0,0.0,43.989584450898995,optimal
2021-02-09 00:00:00,5,19,1.1428571428571428,0.0,7.0,0.062,10.584,6.0,0,19.855832865394046,,,4000.0,0.0,0.0,0.0,47.2705948664481,optimal
2021-02-09 00:30:00,5,19,1.1428571428571428,0.0,0.0,0.17193333333333333,11.2455,6.0,0,19.895220077030768,,,4000.0,0.0,0.0,0.0,47.22332427158165,optimal
2021-02-09 01:00:00,5,19,1.1428571428571428,0.0,0.0,0.14363333333333334,12.1275,6.0,0,19.936855882650278,,,4000.0,0.0,0.0,0.0,47.17610094731007,optimal
2021-02-09 01:30:00,5,19,1.1428571428571428,0.0,0.0,0.0649,11.823,6.0,0,19.97794157503565,,,4000.0,0.0,0.0,0.0,47.12892484636276,optimal
2021-02-09 02:00:00,5,19,1.1428571428571428,0.0,0.0,0.062,11.7705,6.0,0,20.01707111428271,,,4000.0,0.0,0.0,0.0,47.081795921516395,optimal
2021-02-09 02:30:00,5,19,1.1428571428571428,0.0,0.0,0.1182,11.13,6.0,0,20.05578171288766,,,4000.0,0.0,0.0,0.0,47.03471412559488,optimal
2021-02-09 03:00:00,5,19,1.1428571428571428,0.0,0.0,0.20026666666666668,11.6865,6.0,0,20.09565702302805,,,4000.0,0.0,0.0,0.0,46.98767941146929,optimal
2021-02-09 03:30:00,5,19,1.1428571428571428,0.0,0.0,0.062,10.7205,6.0,0,20.1372166413964,,,4000.0,0.0,0.0,0.0,46.940691732057815,optimal
2021-02-09 04:00:00,5,19,1.1428571428571428,0.0,0.0,0.24196666666666666,11.424,6.0,0,20.176134064910144,,,4000.0,0.0,0.0,0.0,46.89375104032575,optimal
2021-02-09 04:30:00,5,19,1.1428571428571428,0.23222222222222222,2.528822650026586,0.0745,10.689,6.0,0,20.218845762410634,,,4000.0,0.0,0.0,209.0,48.048048048048045,optimal
2021-02-09 05:00:00,5,19,1.1428571428571428,2.0899999999999994,0.0,0.4053,11.361,6.0,0,20.259939218536516,,,4000.0,0.0,0.0,1880.9999999999998,48.0,optimal
2021-02-09 05:30:00,5,19,1.1428571428571428,1.6255555555555554,0.0,0.15493333333333334,11.571,6.0,0,20.308536071932362,,,4000.0,0.0,0.0,1463.0,47.67655666007533,optimal
2021-02-09 06:00:00,5,19,0.0,0.1548148148148148,0.0,0.2735,14.3745,6.0,0,20.350362595694072,,,0.0,0.0,0.0,139.33333333333331,47.353436763490585,optimal
2021-02-09 06:30:00,5,19,1.1428571428571428,4.954074074074073,0.0,0.1821333333333333,13.23,6.0,0,20.31394605533993,,,4000.0,0.0,0.0,4458.666666666666,47.03063998680242,optimal
2021-02-09 07:00:00,5,19,0.9150790625567177,0.387037037037037,0.0,1.9208,13.9755,6.0,0,20.358256275475256,,,3202.7767189485116,0.0,0.0,348.3333333333333,46.70816600689095,optimal
2021-02-09 07:30:00,5,19,0.0,2.0899999999999994,0.0,0.3954666666666666,14.994,6.0,0,20.40775020345404,,,0.0,0.0,0.0,1880.9999999999998,46.386014500959384,optimal
2021-02-09 08:00:00,5,19,1.1428571428571428,2.537414814814815,0.0,1.6750999999999998,13.671,6.0,0,20.374929419856482,,,4000.0,0.0,0.0,2283.673333333333,46.06418514653375,optimal
2021-02-09 08:30:00,5,19,0.0,0.0,0.0,0.2733333333333333,15.981,6.0,0,20.42854069253829,,,0.0,0.0,0.0,0.0,45.74267762146255,optimal
2021-02-09 09:00:00,5,19,0.0,0.0,0.0,0.15693333333333334,15.6345,6.0,0,20.379657855532322,,,0.0,0.0,0.0,0.0,45.421491603916415,optimal
2021-02-09 09:30:00,5,19,0.0,0.0,0.0,0.2316,16.5375,6.0,0,20.328938370721204,,,0.0,0.0,0.0,0.0,45.10062677238783,optimal
2021-02-09 10:00:00,5,19,0.0,0.0,0.0,0.25989999999999996,14.7735,6.0,0,20.28006365115345,,,0.0,0.0,0.0,0.0,44.78008280569077,optimal
2021-02-09 10:30:00,5,19,0.0,0.0,0.0,0.21606666666666663,15.2145,6.0,0,20.232177788281057,,,0.0,0.0,0.0,0.0,44.4598593829604,optimal
2021-02-09 11:00:00,5,19,0.0,0.0,0.0,0.072,14.553,6.0,0,20.186400296087665,,,0.0,0.0,0.0,0.0,44.13995618365277,optimal
2021-02-09 11:30:00,5,19,0.0,0.0,0.0,0.22119999999999998,14.3325,6.0,0,20.138478135343263,,,0.0,0.0,0.0,0.0,43.820372887544444,optimal
2021-02-09 12:00:00,5,19,0.0,0.0,0.0,0.11726666666666669,14.595,6.0,0,20.093824050424278,,,0.0,0.0,0.0,0.0,43.50110917473223,optimal
2021-02-09 12:30:00,5,19,0.0,0.0,0.0,0.0778,14.994,6.0,0,20.047315241043123,,,0.0,0.0,0.0,0.0,43.18216472563282,optimal
2021-02-09 13:00:00,5,19,1.0273086052175315,0.0,0.0,0.1184,14.3325,6.0,0,20.0,,,3595.58011826136,0.0,0.0,0.0,42.86353922098252,optimal
2021-02-09 13:30:00,5,19,1.1428571428571428,0.0,0.0,0.072,13.8915,6.0,0,20.026143637006545,,,4000.0,0.0,0.0,0.0,42.545232341836865,optimal
2021-02-09 14:00:00,5,19,1.1428571428571428,0.0,0.0,0.0836,13.8915,6.0,0,20.05932353807891,,,4000.0,0.0,0.0,0.0,42.22724376957036,optimal
2021-02-09 14:30:00,5,19,1.1428571428571428,0.0,0.0,0.11259999999999999,13.4715,6.0,0,20.092522368793183,,,4000.0,0.0,0.0,0.0,41.90957318587611,optimal
2021-02-09 15:00:00,5,19,1.1428571428571428,0.0,0.0,0.17546666666666666,13.23,6.0,0,20.12609163221042,,,4000.0,0.0,0.0,0.0,41.592220272765566,optimal
2021-02-09 15:30:00,5,19,1.1428571428571428,4.274437037037037,0.0,0.41543333333333327,13.8915,6.0,0,20.160714613852683,,,4000.0,0.0,0.0,3846.993333333334,41.27518471256813,optimal
2021-02-09 16:00:00,5,19,0.0,0.1548148148148148,0.0,0.4701666666666667,26.9325,6.0,0,20.20270930390646,,,0.0,0.0,0.0,139.33333333333331,40.95846618793089,optimal
2021-02-09 16:30:00,5,19,0.0,0.23222222222222222,0.0,0.18006666666666665,30.303,6.0,0,20.169969275168338,,,0.0,0.0,0.0,209.0,40.64206438181829,optimal
2021-02-09 17:00:00,5,19,0.0,0.0,0.0,0.32176666666666665,32.886,6.0,0,20.130109537457738,,,0.0,0.0,0.0,0.0,40.325978977511795,optimal
2021-02-09 17:30:00,5,19,0.0,0.46444444444444444,0.0,0.31460000000000005,34.9965,6.0,0,20.0922498131638,,,0.0,0.0,0.0,418.0,40.01020965860961,optimal
2021-02-09 18:00:00,5,19,0.0,0.1548148148148148,0.0,0.4020666666666667,33.327,6.0,0,20.05717557878041,,,0.0,0.0,0.0,139.33333333333331,39.69475610902633,optimal
2021-02-09 18:30:00,5,19,0.0,0.0,0.0,1.2958666666666665,31.122,6.0,0,20.02590262136638,,,0.0,0.0,0.0,0.0,39.37961801299263,optimal
2021-02-09 19:00:00,5,19,0.0,0.387037037037037,0.0,1.1796,17.9025,6.0,0,20.018158414908925,,,0.0,0.0,0.0,348.3333333333333,39.064795055054965,optimal
2021-02-09 19:30:00,5,19,0.0,0.0,0.0,1.522733333333333,15.6555,6.0,0,20.008559248848158,,,0.0,0.0,0.0,0.0,39.02573025999991,optimal
2021-02-09 20:00:00,5,19,0.2785908997284377,0.774074074074074,0.0,0.39203333333333334,14.553,6.0,0,20.0,,,975.0681490495319,0.0,0.0,696.6666666666666,38.98670452973991,optimal
2021-02-09 20:30:00,5,19,0.0,0.0,0.0,0.29196666666666665,14.3325,6.0,0,20.0,,,0.0,0.0,0.0,0.0,38.94771782521017,optimal
2021-02-09 21:00:00,5,19,0.0,0.0,0.0,0.45713333333333334,13.335,6.0,0,19.97510944761236,,,0.0,0.0,0.0,0.0,38.90877010738496,optimal
2021-02-09 21:30:00,5,19,0.0,1.7803703703703702,0.0,0.3895,12.1275,6.0,0,19.952442120124804,,,0.0,0.0,0.0,1602.3333333333333,38.86986133727758,optimal
2021-02-09 22:00:00,5,19,0.0,0.0,0.0,0.42,12.2955,6.0,0,19.9308011734962,,,0.0,0.0,0.0,0.0,38.8309914759403,optimal
2021-02-09 22:30:00,5,19,0.0,0.0,0.0,0.08493333333333333,11.6865,6.0,0,19.90380550765931,,,0.0,0.0,0.0,0.0,38.79216048446436,optimal
2021-02-09 23:00:00,5,19,0.0,0.0,0.0,0.1242,11.466,6.0,0,19.86264278376682,,,0.0,0.0,0.0,0.0,38.7533683239799,optimal
2021-02-09 23:30:00,5,19,0.0,0.0,0.0,0.21359999999999998,10.8045,6.0,0,19.822509521985392,,,0.0,0.0,0.0,0.0,38.71461495565592,optimal
2021-02-10 00:00:00,5,19,1.1428571428571428,0.0,0.0,0.1677,10.8045,6.0,0,19.822509521985392,,,4000.0,0.0,0.0,0.0,38.67590034070026,optimal
2021-02-10 00:30:00,5,19,1.1428571428571428,0.0774074074074074,0.0,0.39153333333333334,11.508,6.0,0,19.86311638761655,,,4000.0,0.0,0.0,69.66666666666666,38.63722444035956,optimal
2021-02-10 01:00:00,5,19,1.1428571428571428,0.0,0.0,0.3644333333333333,11.508,6.0,0,19.909346233450652,,,4000.0,0.0,0.0,0.0,38.5985872159192,optimal
2021-02-10 01:30:00,5,19,1.1428571428571428,1.548148148148148,0.0,0.48510000000000003,11.508,6.0,0,19.952747253961615,,,4000.0,0.0,0.0,1393.3333333333333,38.55998862870328,optimal
2021-02-10 02:00:00,5,19,1.1428571428571428,0.0774074074074074,0.0,0.33313333333333334,11.844,6.0,0,19.999716666592207,,,4000.0,0.0,0.0,69.66666666666666,38.521428640074575,optimal
2021-02-10 02:30:00,5,19,1.1428571428571428,2.5544444444444445,0.0,0.3816333333333333,11.508,6.0,0,20.044703238111463,,,4000.0,0.0,0.0,2299.0,38.4829072114345,optimal
2021-02-10 03:00:00,5,19,1.1428571428571428,0.0,0.0,0.2277333333333333,11.508,6.0,0,20.090122172065172,,,4000.0,0.0,0.0,0.0,38.44442430422307,optimal
2021-02-10 03:30:00,5,19,1.1428571428571428,0.1548148148148148,7.0,0.16613333333333333,10.4475,6.0,0,20.13301446497754,,,4000.0,0.0,0.0,139.33333333333331,41.73097987991885,optimal
2021-02-10 04:00:00,5,19,1.1428571428571428,0.46444444444444444,6.988991186810522,1.034733333333333,10.8675,6.0,0,20.180666206521934,,,4000.0,0.0,0.0,418.0,45.00901971377392,optimal
2021-02-10 04:30:00,5,19,1.1428571428571428,0.387037037037037,7.0,0.7333,10.542,6.0,0,20.235747099635134,,,4000.0,0.0,0.0,348.3333333333333,48.289010694060146,optimal
2021-02-10 05:00:00,5,19,1.1428571428571428,0.0,0.0,0.077,11.025,6.0,0,20.292803008060552,,,4000.0,0.0,0.0,0.0,48.240721683366075,optimal
2021-02-10 05:30:00,5,19,1.1428571428571428,3.1365481481481483,0.0,0.19223333333333328,11.025,6.0,0,20.345413064465074,,,4000.0,0.0,0.0,2822.8933333333334,48.192480961682705,optimal
2021-02-10 06:00:00,5,19,1.1428571428571428,0.888637037037037,0.0,0.19796666666666668,14.553,6.0,0,20.398854921091083,,,4000.0,0.0,0.0,799.7733333333333,48.144288480721016,optimal
2021-02-10 06:30:00,5,19,1.1428571428571428,0.774074074074074,0.0,0.08166666666666667,13.0935,6.0,0,20.449573865214784,,,4000.0,0.0,0.0,696.6666666666666,48.096144192240295,optimal
2021-02-10 07:00:00,5,19,1.1428571428571428,0.8514814814814814,0.0,0.7606,15.6345,6.0,0,20.50236380109327,,,4000.0,0.0,0.0,766.3333333333333,48.048048048048045,optimal
2021-02-10 07:30:00,5,19,0.0,1.315925925925926,0.0,1.1345999999999998,18.102,6.0,0,20.56251163286079,,,0.0,0.0,0.0,1184.3333333333333,48.0,optimal
2021-02-10 08:00:00,5,19,0.0,0.1548148148148148,0.0,1.4611666666666667,17.199,6.0,0,20.532412761164895,,,0.0,0.0,0.0,139.33333333333331,47.82902026068091,optimal
2021-02-10 08:30:00,5,19,0.0,0.9288888888888889,0.0,0.5951666666666666,18.2805,6.0,0,20.503795029924134,,,0.0,0.0,0.0,836.0,47.65821150110115,optimal
2021-02-10 09:00:00,5,19,0.0,0.1548148148148148,0.0,0.3801666666666667,17.4615,6.0,0,20.471468100678607,,,0.0,0.0,0.0,139.33333333333331,47.48757355028096,optimal
2021-02-10 09:30:00,5,19,0.0,0.23222222222222222,0.0,0.41843333333333327,18.3225,6.0,0,20.441652867781375,,,0.0,0.0,0.0,209.0,47.3171062374116,optimal
2021-02-10 10:00:00,5,19,0.0,0.0774074074074074,0.0,0.3353333333333333,17.094,6.0,0,20.41876133177255,,,0.0,0.0,0.0,69.66666666666666,47.1468093918551,optimal
2021-02-10 10:30:00,5,19,0.0,0.0,0.0,0.2646,17.094,6.0,0,20.396445610201326,,,0.0,0.0,0.0,0.0,46.97668284314416,optimal
2021-02-10 11:00:00,5,19,0.0,0.0,0.0,0.1821333333333333,17.094,6.0,0,20.355091333800242,,,0.0,0.0,0.0,0.0,46.80672642098193,optimal
2021-02-10 11:30:00,5,19,0.0,0.1548148148148148,0.0,1.6858666666666666,17.3565,6.0,0,20.30812833155074,,,0.0,0.0,0.0,139.33333333333331,46.636939955241864,optimal
2021-02-10 12:00:00,5,19,0.10522044317607583,0.0,0.0,0.068,17.115,6.0,0,20.28450458558015,,,368.2715511162654,0.0,0.0,0.0,46.46732327596754,optimal
2021-02-10 12:30:00,5,19,0.0,0.0,0.0,0.20806666666666662,17.241,6.0,0,20.242387048730638,,,0.0,0.0,0.0,0.0,46.29787621337248,optimal
2021-02-10 13:00:00,5,19,1.1428571428571428,0.0,0.0,0.16926666666666668,17.094,6.0,0,20.19576791764663,,,4000.0,0.0,0.0,0.0,46.128598597840025,optimal
2021-02-10 13:30:00,5,19,1.1428571428571428,0.0,0.0,0.17623333333333333,16.5165,6.0,0,20.229302104003505,,,4000.0,0.0,0.0,0.0,45.9594902599231,optimal
2021-02-10 14:00:00,5,19,0.0,0.0,0.0,0.09983333333333332,17.8185,6.0,0,20.263408196012232,,,0.0,0.0,0.0,0.0,45.79055103034409,optimal
2021-02-10 14:30:00,5,19,1.1428571428571428,0.0,0.0,0.22656666666666664,17.094,6.0,0,20.215583868698054,,,4000.0,0.0,0.0,0.0,45.62178073999466,optimal
2021-02-10 15:00:00,5,19,1.1428571428571428,0.0,0.0,0.1507666666666667,16.8945,6.0,0,20.251260436466566,,,4000.0,0.0,0.0,0.0,45.453179219935585,optimal
2021-02-10 15:30:00,5,19,0.0,0.0,0.0,0.15656666666666666,18.123,6.0,0,20.285313127350342,,,0.0,0.0,0.0,0.0,45.28474630139657,optimal
2021-02-10 16:00:00,5,19,0.0,0.0,0.0,0.3091666666666667,31.647,6.0,0,20.242269499589064,,,0.0,0.0,0.0,0.0,45.11648181577608,optimal
2021-02-10 16:30:00,5,19,0.0,0.23222222222222222,0.0,0.1189,34.9965,6.0,0,20.204300054588995,,,0.0,0.0,0.0,209.0,44.94838559464122,optimal
2021-02-10 17:00:00,5,19,0.0,0.23222222222222222,0.0,0.5114333333333333,34.9965,6.0,0,20.164457596816277,,,0.0,0.0,0.0,209.0,44.780457469727494,optimal
2021-02-10 17:30:00,5,19,0.0,0.0,0.0,0.4133,34.9965,6.0,0,20.13089812698609,,,0.0,0.0,0.0,0.0,44.61269727293868,optimal
2021-02-10 18:00:00,5,19,0.0,0.23222222222222222,0.0,0.5761000000000001,34.9965,6.0,0,20.09845537382447,,,0.0,0.0,0.0,209.0,44.44510483634666,optimal
2021-02-10 18:30:00,5,19,0.0,0.5418518518518518,0.0,1.9454,34.9965,6.0,0,20.07853315356485,,,0.0,0.0,0.0,487.6666666666667,44.277679992191224,optimal
2021-02-10 19:00:00,5,19,0.0,1.006296296296296,0.0,0.5463333333333333,27.741,6.0,0,20.068620125423642,,,0.0,0.0,0.0,905.6666666666665,44.11042257287995,optimal
2021-02-10 19:30:00,5,19,0.0,0.0,0.0,0.5561,19.026,6.0,0,20.046768487530677,,,0.0,0.0,0.0,0.0,43.943332410987985,optimal
2021-02-10 20:00:00,5,19,0.0,0.387037037037037,0.0,0.5538666666666667,18.7215,6.0,0,20.023132549953857,,,0.0,0.0,0.0,348.3333333333333,43.77640933925791,optimal
2021-02-10 20:30:00,5,19,0.0,0.387037037037037,0.0,0.4579666666666666,17.4195,6.0,0,20.0,,,0.0,0.0,0.0,348.3333333333333,43.609653190599566,optimal
2021-02-10 21:00:00,5,19,0.0,0.6192592592592592,0.0,0.44653333333333334,16.758,6.0,0,19.97455049075806,,,0.0,0.0,0.0,557.3333333333333,43.44306379808988,optimal
2021-02-10 21:30:00,5,19,0.0,0.46444444444444444,0.0,0.29469999999999996,14.217,6.0,0,19.94576904150944,,,0.0,0.0,0.0,418.0,43.27664099497271,optimal
2021-02-10 22:00:00,5,19,0.0,0.0,0.0,0.4164666666666666,13.3665,6.0,0,19.911491600010457,,,0.0,0.0,0.0,0.0,43.11038461465865,optimal
2021-02-10 22:30:00,5,19,0.0,0.23222222222222222,0.0,0.6746666666666666,12.789,6.0,0,19.87651027207824,,,0.0,0.0,0.0,209.0,42.94429449072491,optimal
2021-02-10 23:00:00,5,19,0.0,0.0,0.0,0.16219999999999998,11.907,6.0,0,19.842579885004035,,,0.0,0.0,0.0,0.0,42.7783704569151,optimal
2021-02-10 23:30:00,5,19,0.0,0.1548148148148148,0.0,0.6317,11.7075,6.0,0,19.79712455621991,,,0.0,0.0,0.0,139.33333333333331,42.73559208645818,optimal
2021-02-11 00:00:00,5,19,1.1428571428571428,0.0,0.0,0.066,11.025,6.0,0,19.79712455621991,,,4000.0,0.0,0.0,0.0,42.692856494371725,optimal
2021-02-11 00:30:00,5,19,1.1428571428571428,0.0,0.0,0.09346666666666668,12.0855,6.0,0,19.82560754199171,,,4000.0,0.0,0.0,0.0,42.650163637877355,optimal
2021-02-11 01:00:00,5,19,1.1428571428571428,0.0,0.0,0.10033333333333332,11.6865,6.0,0,19.854830698383186,,,4000.0,0.0,0.0,0.0,42.607513474239475,optimal
2021-02-11 01:30:00,5,19,1.1428571428571428,0.0,0.0,0.25046666666666667,11.2245,6.0,0,19.884375903396084,,,4000.0,0.0,0.0,0.0,42.56490596076524,optimal
2021-02-11 02:00:00,5,19,1.1428571428571428,0.0,0.0,0.07973333333333334,11.025,6.0,0,19.916877898027224,,,4000.0,0.0,0.0,0.0,42.52234105480447,optimal
2021-02-11 02:30:00,5,19,1.1428571428571428,0.0,0.0,0.159,10.7835,6.0,0,19.945846194436346,,,4000.0,0.0,0.0,0.0,42.479818713749665,optimal
2021-02-11 03:00:00,5,19,1.1428571428571428,0.0,0.0,0.10940000000000001,11.025,6.0,0,19.97608197351669,,,4000.0,0.0,0.0,0.0,42.437338895035914,optimal
2021-02-11 03:30:00,5,19,1.1428571428571428,0.0,5.394629788637097,0.1278,10.584,6.0,0,20.00497831444004,,,4000.0,0.0,0.0,0.0,44.957350705743494,optimal
2021-02-11 04:00:00,5,19,1.1428571428571428,0.0,0.0,0.2024,11.025,6.0,0,20.03481907475904,,,4000.0,0.0,0.0,0.0,44.91239335503775,optimal
2021-02-11 04:30:00,5,19,1.1428571428571428,0.0,7.0,0.23926666666666668,10.4265,6.0,0,20.06673728013383,,,4000.0,0.0,0.0,0.0,48.192480961682705,optimal
2021-02-11 05:00:00,5,19,1.1428571428571428,0.0,0.0,0.2024,12.789,6.0,0,20.101257271139872,,,4000.0,0.0,0.0,0.0,48.144288480721016,optimal
2021-02-11 05:30:00,5,19,1.1428571428571428,0.0,0.0,0.07629999999999999,12.684,6.0,0,20.133003400068468,,,4000.0,0.0,0.0,0.0,48.096144192240295,optimal
2021-02-11 06:00:00,5,19,1.1428571428571428,0.0,0.0,0.1175,16.254,6.0,0,20.162767071563692,,,4000.0,0.0,0.0,0.0,48.048048048048045,optimal
2021-02-11 06:30:00,5,19,1.1428571428571428,0.46444444444444444,0.0,0.18830000000000002,17.64,6.0,0,20.1939335700592,,,4000.0,0.0,0.0,418.0,48.0,optimal
2021-02-11 07:00:00,5,19,0.0,4.721851851851852,0.0,0.49610000000000004,19.1625,6.0,0,20.229984473465656,,,0.0,0.0,0.0,4249.666666666667,47.39345795077207,optimal
2021-02-11 07:30:00,5,19,0.0,2.631851851851852,0.0,0.30839999999999995,26.46,6.0,0,20.196391630547865,,,0.0,0.0,0.0,2368.6666666666665,46.78752244359336,optimal
2021-02-11 08:00:00,5,19,0.0,1.7803703703703702,0.0,2.2879666666666667,20.79,6.0,0,20.15685236393352,,,0.0,0.0,0.0,1602.3333333333333,46.182192871921835,optimal
2021-02-11 08:30:00,5,19,0.0,0.3096296296296296,0.0,0.2946666666666667,29.106,6.0,0,20.11816904414654,,,0.0,0.0,0.0,278.66666666666663,45.57746862982198,optimal
2021-02-11 09:00:00,5,19,1.1428571428571428,0.0,0.0,0.076,19.1835,6.0,0,20.07026139727968,,,4000.0,0.0,0.0,0.0,44.973349111964225,optimal
2021-02-11 09:30:00,5,19,0.0,0.0,0.0,0.2483333333333333,19.6665,6.0,0,20.0929182517315,,,0.0,0.0,0.0,0.0,44.36983371362433,optimal
2021-02-11 10:00:00,5,19,0.03549935632704125,0.0,0.0,0.1874,19.404,6.0,0,20.04478552180364,,,124.24774714464438,0.0,0.0,0.0,43.766921830682776,optimal
2021-02-11 10:30:00,5,19,0.9942965513331313,0.0,0.0,0.076,19.047,6.0,0,20.0,,,3480.03792966596,0.0,0.0,0.0,43.164612859624164,optimal
2021-02-11 11:00:00,5,19,1.1428571428571428,0.0,0.0,0.2124,18.858,6.0,0,20.019326519209958,,,4000.0,0.0,0.0,0.0,42.562906197536606,optimal
2021-02-11 11:30:00,5,19,0.0,0.0,0.0,0.09659999999999999,19.2675,6.0,0,20.050310190531572,,,0.0,0.0,0.0,0.0,41.961801242111136,optimal
2021-02-11 12:00:00,5,19,0.6496860421633309,0.0,0.0,0.2102,18.963,6.0,0,20.0,,,2273.9011475716584,0.0,0.0,0.0,41.361297391641095,optimal
2021-02-11 12:30:00,5,19,1.1428571428571428,0.0,0.0,0.1194,18.438,6.0,0,20.0,,,4000.0,0.0,0.0,0.0,40.761394045021525,optimal
2021-02-11 13:00:00,5,19,0.6273962281827052,0.0,0.0,0.1275,18.7425,6.0,0,20.034723294450263,,,2195.8867986394685,0.0,0.0,0.0,40.162090601748574,optimal
2021-02-11 13:30:00,5,19,1.1428571428571428,0.0,0.0,0.22269999999999998,15.2145,6.0,0,20.034753296731616,,,4000.0,0.0,0.0,0.0,39.563386461918896,optimal
2021-02-11 14:00:00,5,19,1.1428571428571428,0.0,0.0,0.076,17.7765,6.0,0,20.07341618164538,,,4000.0,0.0,0.0,0.0,38.96528102622904,optimal
2021-02-11 14:30:00,5,19,1.1428571428571428,0.0,0.0,0.1566,16.758,6.0,0,20.109273986366105,,,4000.0,0.0,0.0,0.0,38.36777369597488,optimal
2021-02-11 15:00:00,5,19,1.1428571428571428,0.0,0.0,0.17446666666666666,16.422,6.0,0,20.14576086289474,,,4000.0,0.0,0.0,0.0,37.77086387305098,optimal
2021-02-11 15:30:00,5,19,1.1428571428571428,0.0,0.0,0.3958,16.758,6.0,0,20.182597710563844,,,4000.0,0.0,0.0,0.0,37.17455095995,optimal
2021-02-11 16:00:00,5,19,0.0,0.6192592592592592,0.0,0.6675,29.358,6.0,0,20.22752003444258,,,0.0,0.0,0.0,557.3333333333333,36.57883435976211,optimal
2021-02-11 16:30:00,5,19,0.0,0.6192592592592592,0.0,0.5658666666666666,34.9965,6.0,0,20.198292272757033,,,0.0,0.0,0.0,557.3333333333333,35.98371347617442,optimal
2021-02-11 17:00:00,5,19,0.0,0.387037037037037,0.0,0.5175666666666667,34.65,6.0,0,20.166855660567773,,,0.0,0.0,0.0,348.3333333333333,35.389187713470314,optimal
2021-02-11 17:30:00,5,19,0.0,0.0,0.0,2.6259333333333332,34.9965,6.0,0,20.132875409836473,,,0.0,0.0,0.0,0.0,34.79525647652891,optimal
2021-02-11 18:00:00,5,19,0.0,0.23222222222222222,0.0,0.3793333333333333,34.9965,6.0,0,20.104868089309356,,,0.0,0.0,0.0,209.0,34.760461220052385,optimal
2021-02-11 18:30:00,5,19,0.0,0.3096296296296296,0.0,0.4077,30.4815,6.0,0,20.07118200010705,,,0.0,0.0,0.0,278.66666666666663,34.72570075883233,optimal
2021-02-11 19:00:00,5,19,0.0,0.3096296296296296,0.0,0.5981333333333333,21.4305,6.0,0,20.03642888628602,,,0.0,0.0,0.0,278.66666666666663,34.6909750580735,optimal
2021-02-11 19:30:00,5,19,0.5792551844303038,0.23222222222222222,0.0,0.5476666666666666,14.3325,6.0,0,20.0,,,2027.393145506063,0.0,0.0,209.0,34.65628408301542,optimal
2021-02-11 20:00:00,5,19,0.62574686874437,0.0,0.0,0.4491,13.692,6.0,0,20.0,,,2190.114040605295,0.0,0.0,0.0,34.62162779893241,optimal
2021-02-11 20:30:00,5,19,0.0,0.0,0.0,0.3941,14.007,6.0,0,20.0,,,0.0,0.0,0.0,0.0,34.587006171133474,optimal
2021-02-11 21:00:00,5,19,0.0,0.23222222222222222,0.0,0.8536,12.873,6.0,0,19.953962317066924,,,0.0,0.0,0.0,209.0,34.55241916496234,optimal
2021-02-11 21:30:00,5,19,0.0,0.0,0.0,2.1789333333333336,12.684,6.0,0,19.9112974628729,,,0.0,0.0,0.0,0.0,34.51786674579738,optimal
2021-02-11 22:00:00,5,19,0.0,0.5418518518518518,0.0,0.5146333333333333,12.306,6.0,0,19.874175073845308,,,0.0,0.0,0.0,487.6666666666667,34.48334887905158,optimal
2021-02-11 22:30:00,5,19,0.0,0.0,0.0,1.7838,10.6365,6.0,0,19.831758321547298,,,0.0,0.0,0.0,0.0,34.44886553017253,optimal
2021-02-11 23:00:00,5,19,0.0,0.0,0.0,0.6008666666666667,11.2455,6.0,0,19.798356888478864,,,0.0,0.0,0.0,0.0,34.41441666464236,optimal
2021-02-11 23:30:00,5,19,0.0,0.0,0.0,0.5810333333333333,11.2455,6.0,0,19.756354751764164,,,0.0,0.0,0.0,0.0,34.380002247977714,optimal
2021-02-12 00:00:00,5,19,1.1428571428571428,0.1548148148148148,0.0,0.11443333333333333,10.3635,6.0,0,19.756354751764164,,,4000.0,0.0,0.0,139.33333333333331,34.345622245729736,optimal
2021-02-12 00:30:00,5,19,1.1428571428571428,0.0,0.0,0.3092333333333333,10.8045,6.0,0,19.7799572863806,,,4000.0,0.0,0.0,0.0,34.311276623484005,optimal
2021-02-12 01:00:00,5,19,1.1428571428571428,0.0,0.0,0.36333333333333334,11.025,6.0,0,19.807209513867782,,,4000.0,0.0,0.0,0.0,34.27696534686052,optimal
2021-02-12 01:30:00,5,19,1.1428571428571428,0.0,1.9616949189847035,0.39776666666666666,10.3635,6.0,0,19.838510778198696,,,4000.0,0.0,0.0,0.0,35.17449346803139,optimal
2021-02-12 02:00:00,5,19,1.1428571428571428,0.0,0.0,0.2064333333333333,10.8045,6.0,0,19.87160158939063,,,4000.0,0.0,0.0,0.0,35.13931897456336,optimal
2021-02-12 02:30:00,5,19,1.1428571428571428,0.0,7.0,0.3275,10.059,6.0,0,19.903384061203198,,,4000.0,0.0,0.0,0.0,38.42917965558879,optimal
2021-02-12 03:00:00,5,19,1.1428571428571428,0.1548148148148148,0.0,0.49026666666666663,10.584,6.0,0,19.934966853350115,,,4000.0,0.0,0.0,139.33333333333331,38.3907504759332,optimal
2021-02-12 03:30:00,5,19,1.1428571428571428,0.0,7.0,0.33763333333333334,9.4185,6.0,0,19.96766442448981,,,4000.0,0.0,0.0,0.0,41.677359725457265,optimal
2021-02-12 04:00:00,5,19,1.1428571428571428,0.1548148148148148,7.0,0.36819999999999997,10.3635,6.0,0,19.99857076588845,,,4000.0,0.0,0.0,139.33333333333331,44.96068236573181,optimal
2021-02-12 04:30:00,5,19,1.1428571428571428,2.2448148148148146,7.0,0.5010666666666667,9.8385,6.0,0,20.03113195253618,,,4000.0,0.0,0.0,2020.3333333333333,48.240721683366075,optimal
2021-02-12 05:00:00,5,19,1.1428571428571428,0.3096296296296296,0.0,0.21066666666666664,11.067,6.0,0,20.06654355388014,,,4000.0,0.0,0.0,278.66666666666663,48.192480961682705,optimal
2021-02-12 05:30:00,5,19,1.1428571428571428,0.387037037037037,0.0,1.4111333333333334,10.8465,6.0,0,20.09784985459332,,,4000.0,0.0,0.0,348.3333333333333,48.144288480721016,optimal
2021-02-12 06:00:00,5,19,0.8532997920488452,0.774074074074074,0.0,1.0938333333333332,13.671,6.0,0,20.14054369054502,,,2986.5492721709584,0.0,0.0,696.6666666666666,48.096144192240295,optimal
2021-02-12 06:30:00,5,19,1.1428571428571428,0.8514814814814814,0.0,0.3935666666666667,12.348,6.0,0,20.165838350928087,,,4000.0,0.0,0.0,766.3333333333333,48.048048048048045,optimal
2021-02-12 07:00:00,5,19,0.0,1.006296296296296,0.0,1.5635666666666665,14.3325,6.0,0,20.213060763428143,,,0.0,0.0,0.0,905.6666666666665,48.0,optimal
2021-02-12 07:30:00,5,19,0.0,0.774074074074074,0.0,0.07466666666666667,15.393,6.0,0,20.20301995686601,,,0.0,0.0,0.0,696.6666666666666,47.90805179656761,optimal
2021-02-12 08:00:00,5,19,1.1428571428571428,0.0,0.0,0.1336,13.587,6.0,0,20.1515272998811,,,4000.0,0.0,0.0,0.0,47.81619554133866,optimal
2021-02-12 08:30:00,5,19,0.0,0.0,0.0,0.08233333333333333,16.1385,6.0,0,20.172806409374875,,,0.0,0.0,0.0,0.0,47.724431142364935,optimal
2021-02-12 09:00:00,5,19,0.0,0.0,0.0,0.15766666666666665,14.595,6.0,0,20.11166010977444,,,0.0,0.0,0.0,0.0,47.632758507790186,optimal
2021-02-12 09:30:00,5,19,0.0,0.0,0.0,0.13226666666666667,14.637,6.0,0,20.05266622334992,,,0.0,0.0,0.0,0.0,47.54117754585001,optimal
2021-02-12 10:00:00,5,19,0.6936755329692842,0.0,0.0,0.12033333333333332,13.9125,6.0,0,20.0,,,2427.8643653924946,0.0,0.0,0.0,47.44968816487177,optimal
2021-02-12 10:30:00,5,19,0.8742201611678062,0.0,0.0,0.12033333333333332,13.3665,6.0,0,20.0,,,3059.7705640873214,0.0,0.0,0.0,47.35829027327451,optimal
2021-02-12 11:00:00,5,19,1.1428571428571428,0.0,0.0,0.1336,13.0095,6.0,0,20.013803119872293,,,4000.0,0.0,0.0,0.0,47.266983779568854,optimal
2021-02-12 11:30:00,5,19,0.0,0.0,0.0,0.076,13.8915,6.0,0,20.04787105302442,,,0.0,0.0,0.0,0.0,47.175768592356896,optimal
2021-02-12 12:00:00,5,19,0.6370735447959666,0.0,0.0,0.20306666666666665,13.188,6.0,0,20.0,,,2229.7574067858827,0.0,0.0,0.0,47.084644620332156,optimal
2021-02-12 12:30:00,5,19,0.6660612669072924,0.0,0.0,0.0952,12.5685,6.0,0,20.0,,,2331.2144341755234,0.0,0.0,0.0,46.993611772279436,optimal
2021-02-12 13:00:00,5,19,0.4814013705438351,0.0,0.0,0.27776666666666666,12.285,6.0,0,20.0,,,1684.9047969034227,0.0,0.0,0.0,46.90266995707477,optimal
2021-02-12 13:30:00,5,19,1.1428571428571428,7.276296296296295,0.0,1.8102,11.487,6.0,0,20.0,,,4000.0,0.0,0.0,6548.666666666666,46.81181908368531,optimal
2021-02-12 14:00:00,5,19,0.594066890220769,0.0774074074074074,0.0,2.0057,11.802,6.0,0,20.071851302479047,,,2079.2341157726914,0.0,0.0,69.66666666666666,46.721059061169235,optimal
2021-02-12 14:30:00,5,19,1.1428571428571428,0.774074074074074,0.0,0.43656666666666666,11.2245,6.0,0,20.1081620164767,,,4000.0,0.0,0.0,696.6666666666666,46.63038979867568,optimal
2021-02-12 15:00:00,5,19,1.1428571428571428,0.3096296296296296,0.0,1.890233333333333,11.025,6.0,0,20.162274822588063,,,4000.0,0.0,0.0,278.66666666666663,46.539811205444614,optimal
2021-02-12 15:30:00,5,19,0.0,0.23222222222222222,0.0,0.5756666666666667,11.907,6.0,0,20.221029805060653,,,0.0,0.0,0.0,209.0,46.44932319080679,optimal
2021-02-12 16:00:00,5,19,0.0,0.0,0.0,0.6430666666666667,25.83,6.0,0,20.194142589109283,,,0.0,0.0,0.0,0.0,46.358925664183595,optimal
2021-02-12 16:30:00,5,19,0.0,0.0774074074074074,0.0,0.716,28.035,6.0,0,20.173939794153437,,,0.0,0.0,0.0,69.66666666666666,46.26861853508702,optimal
2021-02-12 17:00:00,5,19,0.0,0.0,0.0,0.6311333333333333,28.119,6.0,0,20.161541421338182,,,0.0,0.0,0.0,0.0,46.17840171311955,optimal
2021-02-12 17:30:00,5,19,0.0,0.1548148148148148,0.0,0.5648,30.156,6.0,0,20.150537633876876,,,0.0,0.0,0.0,139.33333333333331,46.08827510797404,optimal
2021-02-12 18:00:00,5,19,0.0,0.46444444444444444,0.0,0.3369,29.1585,6.0,0,20.133994374066816,,,0.0,0.0,0.0,418.0,45.99823862943368,optimal
2021-02-12 18:30:00,5,19,0.0,1.3933333333333333,0.0,0.4099666666666666,26.712,6.0,0,20.107300591169775,,,0.0,0.0,0.0,1254.0,45.908292187371856,optimal
2021-02-12 19:00:00,5,19,0.0,0.3096296296296296,0.0,0.4729666666666666,15.435,6.0,0,20.084028962019612,,,0.0,0.0,0.0,278.66666666666663,45.8184356917521,optimal
2021-02-12 19:30:00,5,19,0.0,0.0,0.0,0.4656666666666667,13.566,6.0,0,20.053078559482934,,,0.0,0.0,0.0,0.0,45.728669052627964,optimal
2021-02-12 20:00:00,5,19,0.0,0.5418518518518518,0.0,0.5184333333333333,12.789,6.0,0,20.025165139865944,,,0.0,0.0,0.0,487.6666666666667,45.63899218014295,optimal
2021-02-12 20:30:00,5,19,0.0,0.23222222222222222,0.0,0.7355666666666667,12.1275,6.0,0,20.0,,,0.0,0.0,0.0,209.0,45.54940498453042,optimal
2021-02-12 21:00:00,5,19,0.0,7.276296296296295,0.0,0.6462,13.671,6.0,0,19.982542000525203,,,0.0,0.0,0.0,6548.666666666666,45.459907376113506,optimal
2021-02-12 21:30:00,5,19,0.0,0.0,0.0,0.6306,10.668,6.0,0,19.96204952502155,,,0.0,0.0,0.0,0.0,45.37049926530501,optimal
2021-02-12 22:00:00,5,19,0.0,0.3096296296296296,0.0,0.6853666666666667,11.7285,6.0,0,19.937090657874446,,,0.0,0.0,0.0,278.66666666666663,45.325128766039704,optimal
2021-02-12 22:30:00,5,19,0.0,0.774074074074074,0.0,0.5544666666666667,11.025,6.0,0,19.919055929367772,,,0.0,0.0,0.0,696.6666666666666,45.279803637273666,optimal
2021-02-12 23:00:00,5,19,0.0,0.0,0.0,0.8886666666666666,10.689,6.0,0,19.89812753781284,,,0.0,0.0,0.0,0.0,45.234523833636395,optimal
2021-02-12 23:30:00,5,19,0.0,0.3096296296296296,0.0,0.2374,8.1585,6.0,0,19.885210408485865,,,0.0,0.0,0.0,278.66666666666663,45.18928930980276,optimal
2021-02-13 00:00:00,5,19,1.1428571428571428,0.0,0.0,0.056,9.3975,6.0,0,19.885210408485865,,,4000.0,0.0,0.0,0.0,45.14410002049296,optimal
2021-02-13 00:30:00,5,19,1.1428571428571428,0.0,0.0,0.056,10.059,6.0,0,19.922079388379313,,,4000.0,0.0,0.0,0.0,45.09895592047246,optimal
2021-02-13 01:00:00,5,19,1.1428571428571428,0.0,0.0,0.0875,9.261,6.0,0,19.958982377914772,,,4000.0,0.0,0.0,0.0,45.05385696455199,optimal
2021-02-13 01:30:00,5,19,1.1428571428571428,0.0,0.0,0.0875,8.1585,6.0,0,19.996555718889603,,,4000.0,0.0,0.0,0.0,45.00880310758744,optimal
2021-02-13 02:00:00,5,19,1.1428571428571428,0.0,0.0,0.0945,9.4815,6.0,0,20.034161245195158,,,4000.0,0.0,0.0,0.0,44.963794304479855,optimal
2021-02-13 02:30:00,5,19,1.1428571428571428,0.0,0.0,0.0805,8.379,6.0,0,20.071940302333605,,,4000.0,0.0,0.0,0.0,44.918830510175376,optimal
2021-02-13 03:00:00,5,19,1.1428571428571428,0.0,0.0,0.0875,9.5235,6.0,0,20.109338653125295,,,4000.0,0.0,0.0,0.0,44.8739116796652,optimal
2021-02-13 03:30:00,5,19,1.1428571428571428,0.0,0.0,0.0875,8.1375,6.0,0,20.1467815701971,,,4000.0,0.0,0.0,0.0,44.82903776798553,optimal
2021-02-13 04:00:00,5,19,1.1428571428571428,0.0,0.0,0.056,10.0905,6.0,0,20.183998008116337,,,4000.0,0.0,0.0,0.0,44.78420873021755,optimal
2021-02-13 04:30:00,5,19,1.1428571428571428,0.0,7.0,0.054666666666666655,7.539,6.0,0,20.220352123586075,,,4000.0,0.0,0.0,0.0,48.06442452148733,optimal
2021-02-13 05:00:00,5,19,1.1428571428571428,0.0,0.47234018189523175,0.056,7.938,6.0,0,20.259068512950098,,,4000.0,0.0,0.0,0.0,48.240721683366075,optimal
2021-02-13 05:30:00,5,19,1.1428571428571428,0.0,0.0,0.119,8.274,6.0,0,20.294710189529205,,,4000.0,0.0,0.0,0.0,48.192480961682705,optimal
2021-02-13 06:00:00,5,19,1.1428571428571428,0.0,0.0,0.056,9.261,6.0,0,20.33127341083389,,,4000.0,0.0,0.0,0.0,48.144288480721016,optimal
2021-02-13 06:30:00,5,19,1.1428571428571428,0.0,0.0,0.1015,9.9225,6.0,0,20.36621007050983,,,4000.0,0.0,0.0,0.0,48.096144192240295,optimal
2021-02-13 07:00:00,5,19,1.1428571428571428,2.941481481481482,0.0,0.0883,9.702,6.0,0,20.401846029906036,,,4000.0,0.0,0.0,2647.3333333333335,48.048048048048045,optimal
2021-02-13 07:30:00,5,19,1.1428571428571428,1.3933333333333333,0.0,0.1375,10.584,6.0,0,20.443302570011582,,,4000.0,0.0,0.0,1254.0,48.0,optimal
2021-02-13 08:00:00,5,19,1.1428571428571428,0.5418518518518518,0.0,0.10083333333333332,10.143,6.0,0,20.487821568919745,,,4000.0,0.0,0.0,487.6666666666667,47.83771328175491,optimal
2021-02-13 08:30:00,5,19,0.0,0.0,0.0,0.087,13.0095,6.0,0,20.519023020293933,,,0.0,0.0,0.0,0.0,47.67558885022806,optimal
2021-02-13 09:00:00,5,19,1.1428571428571428,0.0,0.0,0.108,11.025,6.0,0,20.464206962548225,,,4000.0,0.0,0.0,0.0,47.513626543132744,optimal
2021-02-13 09:30:00,5,19,0.0,0.6966666666666667,0.0,0.07333333333333333,12.789,6.0,0,20.49090316156174,,,0.0,0.0,0.0,627.0,47.35182619834452,optimal
2021-02-13 10:00:00,5,19,0.0,0.6966666666666667,0.0,0.13616666666666666,12.1275,6.0,0,20.440766297669732,,,0.0,0.0,0.0,627.0,47.190187653901084,optimal
2021-02-13 10:30:00,5,19,0.0,0.0,0.0,0.21886666666666668,12.1695,6.0,0,20.394319558079395,,,0.0,0.0,0.0,0.0,47.02871074800209,optimal
2021-02-13 11:00:00,5,19,0.0,0.0,0.0,0.11966666666666669,12.306,6.0,0,20.350759255834777,,,0.0,0.0,0.0,0.0,46.867395319009,optimal
2021-02-13 11:30:00,5,19,0.0,0.0,0.0,0.066,13.23,6.0,0,20.302339064500128,,,0.0,0.0,0.0,0.0,46.7062412054449,optimal
2021-02-13 12:00:00,5,19,0.0,0.0,0.0,0.066,13.671,6.0,0,20.24947295769422,,,0.0,0.0,0.0,0.0,46.545248245994365,optimal
2021-02-13 12:30:00,5,19,0.0,0.0,0.0,0.0695,13.9335,6.0,0,20.196873277345727,,,0.0,0.0,0.0,0.0,46.384416279503284,optimal
2021-02-13 13:00:00,5,19,0.0,0.0,0.0,0.1255,13.293,6.0,0,20.144739548086445,,,0.0,0.0,0.0,0.0,46.22374514497869,optimal
2021-02-13 13:30:00,5,19,0.0,0.0,0.0,0.066,12.1065,6.0,0,20.09413127996932,,,0.0,0.0,0.0,0.0,46.063234681588625,optimal
2021-02-13 14:00:00,5,19,1.1428571428571428,0.0,0.0,0.066,11.571,6.0,0,20.042710945372026,,,4000.0,0.0,0.0,0.0,45.902884728661945,optimal
2021-02-13 14:30:00,5,19,1.1428571428571428,0.0,0.0,0.129,11.025,6.0,0,20.072499284352602,,,4000.0,0.0,0.0,0.0,45.74269512568819,optimal
2021-02-13 15:00:00,5,19,1.1428571428571428,0.1548148148148148,0.0,0.12106666666666667,10.8465,6.0,0,20.1037423329052,,,4000.0,0.0,0.0,139.33333333333331,45.582665712317414,optimal
2021-02-13 15:30:00,5,19,1.1428571428571428,0.387037037037037,0.0,0.5171666666666667,11.2455,6.0,0,20.136289505292456,,,4000.0,0.0,0.0,348.3333333333333,45.42279632836001,optimal
2021-02-13 16:00:00,5,19,0.0,0.23222222222222222,0.0,0.3449333333333333,23.8665,6.0,0,20.186684496600083,,,0.0,0.0,0.0,209.0,45.26308681378656,optimal
2021-02-13 16:30:00,5,19,0.0,2.983281481481481,0.0,0.5682666666666667,27.4575,6.0,0,20.15377223799221,,,0.0,0.0,0.0,2684.953333333333,45.103537008727685,optimal
2021-02-13 17:00:00,5,19,0.0,0.34523703703703695,0.0,1.5164000000000002,27.3735,6.0,0,20.129805404412007,,,0.0,0.0,0.0,310.71333333333325,44.944146753473866,optimal
2021-02-13 17:30:00,5,19,0.0,0.0774074074074074,0.0,0.9518333333333334,30.4605,6.0,0,20.10719047533077,,,0.0,0.0,0.0,69.66666666666666,44.784915888475304,optimal
2021-02-13 18:00:00,5,19,0.0,0.3096296296296296,0.0,0.48469999999999996,30.0195,6.0,0,20.080716823894228,,,0.0,0.0,0.0,278.66666666666663,44.625844254341736,optimal
2021-02-13 18:30:00,5,19,0.0,1.433585185185185,0.0,0.5092666666666666,26.9325,6.0,0,20.054139480004263,,,0.0,0.0,0.0,1290.2266666666667,44.466931691842305,optimal
2021-02-13 19:00:00,5,19,0.0,0.7338222222222224,0.0,0.7459666666666667,14.595,6.0,0,20.02955124655311,,,0.0,0.0,0.0,660.4400000000002,44.30817804190537,optimal
2021-02-13 19:30:00,5,19,0.5544929897987175,0.23222222222222222,0.0,0.26496666666666663,12.4845,6.0,0,20.00071723232921,,,1940.7254642955113,0.0,0.0,209.0,44.14958314561838,optimal
2021-02-13 20:00:00,5,19,0.4808434581674055,0.0,0.0,0.3725,12.1275,6.0,0,20.0,,,1682.952103585919,0.0,0.0,0.0,43.99114684422767,optimal
2021-02-13 20:30:00,5,19,0.0,0.1548148148148148,0.0,0.315,12.1275,6.0,0,20.0,,,0.0,0.0,0.0,139.33333333333331,43.832868979138354,optimal
2021-02-13 21:00:00,5,19,0.0,0.0,0.0,0.34926666666666667,12.789,6.0,0,19.96592065256771,,,0.0,0.0,0.0,0.0,43.674749391914126,optimal
2021-02-13 21:30:00,5,19,0.0,0.23222222222222222,0.0,1.8537333333333328,11.907,6.0,0,19.93921450480527,,,0.0,0.0,0.0,209.0,43.516787924277125,optimal
2021-02-13 22:00:00,5,19,0.0,0.387037037037037,0.0,0.5493666666666667,11.025,6.0,0,19.92227611915851,,,0.0,0.0,0.0,348.3333333333333,43.47327113635285,optimal
2021-02-13 22:30:00,5,19,0.0,0.0,0.0,0.48353333333333337,8.2005,6.0,0,19.89770316924972,,,0.0,0.0,0.0,0.0,43.4297978652165,optimal
2021-02-13 23:00:00,5,19,0.0,0.0,0.0,0.1616,9.5655,6.0,0,19.870392285474242,,,0.0,0.0,0.0,0.0,43.386368067351285,optimal
2021-02-13 23:30:00,5,19,0.0,0.0,0.0,0.2855,7.056,6.0,0,19.827387458957052,,,0.0,0.0,0.0,0.0,43.34298169928393,optimal
2021-02-07 00:00:00,6,19,0.0,0.0774074074074074,0.0,0.18406666666666663,9.261,6.0,0,21.0,,,0.0,0.0,0.0,69.66666666666666,47.952,optimal
2021-02-07 00:30:00,6,19,0.0,0.0,0.0,0.4836666666666667,10.3635,6.0,0,20.963562255893585,,,0.0,0.0,0.0,0.0,47.904047999999996,optimal
2021-02-07 01:00:00,6,19,0.0,0.387037037037037,0.0,0.7329333333333333,8.274,6.0,0,20.93456471609258,,,0.0,0.0,0.0,348.3333333333333,47.856143952,optimal
2021-02-07 01:30:00,6,19,0.0,1.470740740740741,0.0,1.4955666666666667,7.7175,6.0,0,20.903340776129067,,,0.0,0.0,0.0,1323.6666666666667,47.80828780804799,optimal
2021-02-07 02:00:00,6,19,0.0,0.0,0.0,0.6826666666666666,6.615,6.0,0,20.875323494082966,,,0.0,0.0,0.0,0.0,47.76047952023995,optimal
2021-02-07 02:30:00,6,19,0.0,0.0,0.0,0.9487000000000001,6.174,6.0,0,20.844419082707123,,,0.0,0.0,0.0,0.0,47.712719040719705,optimal
2021-02-07 03:00:00,6,19,0.0,0.387037037037037,0.0,1.6466666666666667,3.906,6.0,0,20.81510316888242,,,0.0,0.0,0.0,348.3333333333333,47.66500632167899,optimal
2021-02-07 03:30:00,6,19,0.0,0.0,0.0,0.4230333333333334,2.3415,6.0,0,20.793233258607955,,,0.0,0.0,0.0,0.0,47.61734131535731,optimal
2021-02-07 04:00:00,6,19,0.0,0.0,0.0,0.7733333333333333,2.205,6.0,0,20.763746405822477,,,0.0,0.0,0.0,0.0,47.56972397404195,optimal
2021-02-07 04:30:00,6,19,1.1428571428571428,0.387037037037037,1.716197456914406,1.6472666666666669,0.882,6.0,0,20.732296460397055,,,4000.0,0.0,0.0,348.3333333333333,48.33734804210225,optimal
2021-02-07 05:00:00,6,19,0.0,0.46444444444444444,0.0,2.159833333333333,1.5435,6.0,0,20.790644245749437,,,0.0,0.0,0.0,418.0,48.289010694060146,optimal
2021-02-07 05:30:00,6,19,0.17001581224349047,0.387037037037037,0.0,1.3788666666666665,1.5435,6.0,0,20.784186502283145,,,595.0553428522167,0.0,0.0,348.3333333333333,48.240721683366075,optimal
2021-02-07 06:00:00,6,19,0.0,0.46444444444444444,0.0,0.8733666666666666,5.0715,6.0,0,20.772994592879872,,,0.0,0.0,0.0,418.0,48.192480961682705,optimal
2021-02-07 06:30:00,6,19,0.0,0.6966666666666667,0.0,0.7331333333333333,5.376,6.0,0,20.746851889099766,,,0.0,0.0,0.0,627.0,48.144288480721016,optimal
2021-02-07 07:00:00,6,19,0.0,1.6658074074074074,0.0,2.2796666666666665,5.0715,6.0,0,20.71941292244551,,,0.0,0.0,0.0,1499.2266666666667,48.096144192240295,optimal
2021-02-07 07:30:00,6,19,0.0,1.430488888888889,0.0,1.4779666666666667,5.5125,6.0,0,20.715187843633096,,,0.0,0.0,0.0,1287.44,48.048048048048045,optimal
2021-02-07 08:00:00,6,19,0.0,0.0,0.0,2.623266666666667,9.261,6.0,0,20.69763247570871,,,0.0,0.0,0.0,0.0,48.0,optimal
2021-02-07 08:30:00,6,19,0.0,0.23222222222222222,0.0,1.8924333333333327,11.7075,6.0,0,20.690662550787557,,,0.0,0.0,0.0,209.0,47.85752070029812,optimal
2021-02-07 09:00:00,6,19,0.0,0.5418518518518518,0.0,0.8253333333333334,12.348,6.0,0,20.667731985140275,,,0.0,0.0,0.0,487.6666666666667,47.71518387989594,optimal
2021-02-07 09:30:00,6,19,0.0,0.8514814814814814,0.0,0.3862333333333334,12.348,6.0,0,20.6362257105049,,,0.0,0.0,0.0,766.3333333333333,47.57298939631416,optimal
2021-02-07 10:00:00,6,19,0.0,0.23222222222222222,0.0,1.1965333333333332,12.1275,6.0,0,20.604587068886936,,,0.0,0.0,0.0,209.0,47.43093710721597,optimal
2021-02-07 10:30:00,6,19,0.0,0.23222222222222222,0.0,1.0788666666666666,12.5265,6.0,0,20.574802873289737,,,0.0,0.0,0.0,209.0,47.28902687040687,optimal
2021-02-07 11:00:00,6,19,0.0,0.23222222222222222,0.0,0.33916666666666667,11.7495,6.0,0,20.539376854881915,,,0.0,0.0,0.0,209.0,47.14725854383458,optimal
2021-02-07 11:30:00,6,19,0.0,0.1548148148148148,0.0,0.09723333333333332,13.23,6.0,0,20.49997551626515,,,0.0,0.0,0.0,139.33333333333331,47.00563198558886,optimal
2021-02-07 12:00:00,6,19,0.0,0.1548148148148148,0.0,1.0775,14.3325,6.0,0,20.45498001219389,,,0.0,0.0,0.0,139.33333333333331,46.86414705390139,optimal
2021-02-07 12:30:00,6,19,0.0,0.23222222222222222,0.0,1.1046666666666667,14.994,6.0,0,20.423884637847223,,,0.0,0.0,0.0,209.0,46.72280360714561,optimal
2021-02-07 13:00:00,6,19,0.0,0.23222222222222222,0.0,0.8978666666666667,14.8155,6.0,0,20.388761629498156,,,0.0,0.0,0.0,209.0,46.58160150383658,optimal
2021-02-07 13:30:00,6,19,0.0,0.0,0.0,0.5732,14.112,6.0,0,20.35212437230083,,,0.0,0.0,0.0,0.0,46.44054060263086,optimal
2021-02-07 14:00:00,6,19,0.0,0.0,0.0,0.20353333333333334,14.007,6.0,0,20.308275851437408,,,0.0,0.0,0.0,0.0,46.29962076232635,optimal
2021-02-07 14:30:00,6,19,0.0,0.0,0.0,0.13419999999999999,13.23,6.0,0,20.263213548667828,,,0.0,0.0,0.0,0.0,46.15884184186214,optimal
2021-02-07 15:00:00,6,19,0.0,0.0774074074074074,0.0,0.8361333333333333,11.382,6.0,0,20.216996640220206,,,0.0,0.0,0.0,69.66666666666666,46.018203700318395,optimal
2021-02-07 15:30:00,6,19,0.0,0.0774074074074074,0.0,0.4683,11.7495,6.0,0,20.179614880617287,,,0.0,0.0,0.0,69.66666666666666,45.87770619691619,optimal
2021-02-07 16:00:00,6,19,0.0,0.774074074074074,0.0,0.4918333333333333,24.3285,6.0,0,20.149671669457838,,,0.0,0.0,0.0,696.6666666666666,45.737349191017394,optimal
2021-02-07 16:30:00,6,19,0.0,0.3096296296296296,0.0,2.0591999999999997,28.917,6.0,0,20.120585844136816,,,0.0,0.0,0.0,278.66666666666663,45.5971325421245,optimal
2021-02-07 17:00:00,6,19,0.0,0.3096296296296296,0.0,0.9097333333333333,31.3635,6.0,0,20.120437406005056,,,0.0,0.0,0.0,278.66666666666663,45.45705610988049,optimal
2021-02-07 17:30:00,6,19,0.0,0.5418518518518518,0.0,1.8153,33.306,6.0,0,20.1042730634951,,,0.0,0.0,0.0,487.6666666666667,45.31711975406873,optimal
2021-02-07 18:00:00,6,19,0.0,0.0774074074074074,0.0,1.6976333333333335,31.3425,6.0,0,20.09164359595092,,,0.0,0.0,0.0,69.66666666666666,45.17732333461278,optimal
2021-02-07 18:30:00,6,19,0.0,2.2448148148148146,0.0,1.1149666666666667,28.2555,6.0,0,20.07435825524888,,,0.0,0.0,0.0,2020.3333333333333,45.037666711576286,optimal
2021-02-07 19:00:00,6,19,0.0,0.6966666666666667,0.0,2.0563000000000002,15.6975,6.0,0,20.055946039577382,,,0.0,0.0,0.0,627.0,44.898149745162826,optimal
2021-02-07 19:30:00,6,19,0.0,0.6966666666666667,0.0,0.9292,12.5475,6.0,0,20.041037756698227,,,0.0,0.0,0.0,627.0,44.75877229571578,optimal
2021-02-07 20:00:00,6,19,0.0,0.0,0.0,0.2906333333333333,12.0855,6.0,0,20.02262852625602,,,0.0,0.0,0.0,0.0,44.61953422371818,optimal
2021-02-07 20:30:00,6,19,0.0,0.0,0.0,0.8982,11.907,6.0,0,20.0,,,0.0,0.0,0.0,0.0,44.48043538979258,optimal
2021-02-07 21:00:00,6,19,0.0,0.1548148148148148,0.0,0.8083333333333333,12.5685,6.0,0,19.981899518176398,,,0.0,0.0,0.0,139.33333333333331,44.34147565470091,optimal
2021-02-07 21:30:00,6,19,0.0,0.0,0.0,1.6535333333333333,13.146,6.0,0,19.963467710402675,,,0.0,0.0,0.0,0.0,44.2971341790462,optimal
2021-02-07 22:00:00,6,19,0.0,0.1548148148148148,0.0,0.9198999999999999,10.584,6.0,0,19.948802210320544,,,0.0,0.0,0.0,139.33333333333331,44.25283704486716,optimal
2021-02-07 22:30:00,6,19,0.0,0.6192592592592592,0.0,0.46086666666666665,6.678,6.0,0,19.928672774715913,,,0.0,0.0,0.0,557.3333333333333,44.20858420782229,optimal
2021-02-07 23:00:00,6,19,0.0,0.0,0.0,0.9479333333333332,7.938,6.0,0,19.906569001244986,,,0.0,0.0,0.0,0.0,44.16437562361447,optimal
2021-02-07 23:30:00,6,19,0.0,0.1548148148148148,0.0,1.0822333333333332,5.292,6.0,0,19.882009757587817,,,0.0,0.0,0.0,139.33333333333331,44.12021124799085,optimal
2021-02-08 00:00:00,6,19,1.1428571428571428,0.3096296296296296,0.0,0.058,5.9745,6.0,0,19.882009757587817,,,4000.0,0.0,0.0,278.66666666666663,44.07609103674286,optimal
2021-02-08 00:30:00,6,19,1.1428571428571428,0.387037037037037,0.0,0.20163333333333333,7.938,6.0,0,19.925869848648777,,,4000.0,0.0,0.0,348.3333333333333,44.032014945706116,optimal
2021-02-08 01:00:00,6,19,1.1428571428571428,0.0,0.0,0.05,8.6835,6.0,0,19.975811598738403,,,4000.0,0.0,0.0,0.0,43.98798293076041,optimal
2021-02-08 01:30:00,6,19,1.1428571428571428,0.0,0.0,0.05,7.665,6.0,0,20.016970572556602,,,4000.0,0.0,0.0,0.0,43.94399494782965,optimal
2021-02-08 02:00:00,6,19,1.1428571428571428,0.0,0.0,0.05,6.7725,6.0,0,20.057893442550373,,,4000.0,0.0,0.0,0.0,43.90005095288182,optimal
2021-02-08 02:30:00,6,19,1.1428571428571428,0.0,0.0,0.05,5.5755,6.0,0,20.09858082023402,,,4000.0,0.0,0.0,0.0,43.856150901928935,optimal
2021-02-08 03:00:00,6,19,1.1428571428571428,0.0,2.3159970610752554,0.05,5.0925,6.0,0,20.139292317822182,,,4000.0,0.0,0.0,0.0,44.91239335503775,optimal
2021-02-08 03:30:00,6,19,1.1428571428571428,0.0,7.0,0.05,4.1895,6.0,0,20.18002787284376,,,4000.0,0.0,0.0,0.0,48.192480961682705,optimal
2021-02-08 04:00:00,6,19,1.1428571428571428,0.0,0.0,0.05,7.056,6.0,0,20.220528420705264,,,4000.0,0.0,0.0,0.0,48.144288480721016,optimal
2021-02-08 04:30:00,6,19,1.1428571428571428,0.0,0.0,0.05,5.271,6.0,0,20.260794570080613,,,4000.0,0.0,0.0,0.0,48.096144192240295,optimal
2021-02-08 05:00:00,6,19,1.1428571428571428,6.502222222222221,0.0,0.052,7.938,6.0,0,20.300697426925144,,,4000.0,0.0,0.0,5851.999999999999,48.048048048048045,optimal
2021-02-08 05:30:00,6,19,1.1428571428571428,1.315925925925926,0.0,0.12866666666666665,7.938,6.0,0,20.34198895619183,,,4000.0,0.0,0.0,1184.3333333333333,48.0,optimal
2021-02-08 06:00:00,6,19,0.8743979851115741,0.23222222222222222,0.0,0.164,11.907,6.0,0,20.386367616590903,,,3060.3929478905093,0.0,0.0,209.0,47.83749113720983,optimal
2021-02-08 06:30:00,6,19,1.1428571428571428,0.3096296296296296,0.0,0.2007333333333333,11.025,6.0,0,20.412026367830222,,,4000.0,0.0,0.0,278.66666666666663,47.675144783282455,optimal
2021-02-08 07:00:00,6,19,1.1428571428571428,0.0,0.0,0.17726666666666668,11.2875,6.0,0,20.45965255341734,,,4000.0,0.0,0.0,0.0,47.512960775709004,optimal
2021-02-08 07:30:00,6,19,0.0,2.4770370370370367,0.0,0.07573333333333333,12.936,6.0,0,20.509549379950656,,,0.0,0.0,0.0,2229.333333333333,47.350938952143125,optimal
2021-02-08 08:00:00,6,19,0.0,0.9288888888888889,0.0,0.05846666666666667,13.0095,6.0,0,20.476290537890645,,,0.0,0.0,0.0,836.0,47.189079150400815,optimal
2021-02-08 08:30:00,6,19,0.0,0.1548148148148148,0.0,0.21,13.671,6.0,0,20.44358696217774,,,0.0,0.0,0.0,139.33333333333331,47.02738120846025,optimal
2021-02-08 09:00:00,6,19,0.0,0.387037037037037,0.0,0.21,13.188,6.0,0,20.415575587014512,,,0.0,0.0,0.0,348.3333333333333,46.86584496446162,optimal
2021-02-08 09:30:00,6,19,0.0,0.9288888888888889,0.0,1.6009333333333333,13.8495,6.0,0,20.389293785038348,,,0.0,0.0,0.0,836.0,46.70447025670699,optimal
2021-02-08 10:00:00,6,19,0.0,0.0,0.0,0.3865,13.23,6.0,0,20.36632555468089,,,0.0,0.0,0.0,0.0,46.54325692366012,optimal
2021-02-08 10:30:00,6,19,0.0,0.387037037037037,0.0,0.5257999999999999,13.3665,6.0,0,20.33807637108976,,,0.0,0.0,0.0,348.3333333333333,46.38220480394629,optimal
2021-02-08 11:00:00,6,19,0.0,5.805555555555555,0.0,0.4594,13.0515,6.0,0,20.31405090843769,,,0.0,0.0,0.0,5225.0,46.22131373635217,optimal
2021-02-08 11:30:00,6,19,0.0,0.6966666666666667,0.0,0.5054333333333333,13.5345,6.0,0,20.289040651015398,,,0.0,0.0,0.0,627.0,46.06058355982565,optimal
2021-02-08 12:00:00,6,19,0.0,5.65074074074074,0.0,1.5163,14.154,6.0,0,20.261890616917505,,,0.0,0.0,0.0,5085.666666666666,45.900014113475656,optimal
2021-02-08 12:30:00,6,19,0.0,0.46444444444444444,0.0,2.631866666666667,14.112,6.0,0,20.237092607027567,,,0.0,0.0,0.0,418.0,45.73960523657201,optimal
2021-02-08 13:00:00,6,19,0.0,0.387037037037037,0.0,0.8145,14.2485,6.0,0,20.21405378664578,,,0.0,0.0,0.0,348.3333333333333,45.579356768545274,optimal
2021-02-08 13:30:00,6,19,0.0,0.0,0.0,0.26093333333333335,12.789,6.0,0,20.17753151476176,,,0.0,0.0,0.0,0.0,45.419268548986565,optimal
2021-02-08 14:00:00,6,19,0.0,0.0,0.0,0.5764,13.0095,6.0,0,20.132741469891315,,,0.0,0.0,0.0,0.0,45.25934041764741,optimal
2021-02-08 14:30:00,6,19,1.1428571428571428,0.0,0.0,2.7226999999999997,12.1275,6.0,0,20.087055460536817,,,4000.0,0.0,0.0,0.0,45.0995722144396,optimal
2021-02-08 15:00:00,6,19,1.1428571428571428,0.0,0.0,2.3091,12.348,6.0,0,20.13058859061317,,,4000.0,0.0,0.0,0.0,44.93996377943499,optimal
2021-02-08 15:30:00,6,19,1.1428571428571428,0.0,0.0,0.06,12.348,6.0,0,20.17194917910886,,,4000.0,0.0,0.0,0.0,44.78051495286539,optimal
2021-02-08 16:00:00,6,19,0.0,0.0,0.0,0.06,25.389,6.0,0,20.20424392514691,,,0.0,0.0,0.0,0.0,44.62122557512236,optimal
2021-02-08 16:30:00,6,19,0.0,0.1548148148148148,0.0,0.084,29.1375,6.0,0,20.15576803358509,,,0.0,0.0,0.0,139.33333333333331,44.46209548675707,optimal
2021-02-08 17:00:00,6,19,0.0,1.8577777777777778,0.0,0.24930000000000002,30.597,6.0,0,20.111251854027536,,,0.0,0.0,0.0,1672.0,44.30312452848015,optimal
2021-02-08 17:30:00,6,19,0.0,0.0,0.0,0.23536666666666667,33.684,6.0,0,20.082675602801356,,,0.0,0.0,0.0,0.0,44.1443125411615,optimal
2021-02-08 18:00:00,6,19,0.0,0.46444444444444444,0.0,2.8528000000000002,32.445,6.0,0,20.057468551682664,,,0.0,0.0,0.0,418.0,43.985659365830166,optimal
2021-02-08 18:30:00,6,19,0.0,0.23222222222222222,0.0,2.536833333333333,28.917,6.0,0,20.040189250599717,,,0.0,0.0,0.0,209.0,43.82716484367417,optimal
2021-02-08 19:00:00,6,19,0.0,0.1548148148148148,0.0,0.7465,15.876,6.0,0,20.027477927784517,,,0.0,0.0,0.0,139.33333333333331,43.668828816040325,optimal
2021-02-08 19:30:00,6,19,0.4707282735206164,0.23222222222222222,0.0,0.27986666666666665,12.348,6.0,0,20.0,,,1647.5489573221575,0.0,0.0,209.0,43.51065112443412,optimal
2021-02-08 20:00:00,6,19,0.4304889167104758,0.1548148148148148,0.0,0.35383333333333333,12.1275,6.0,0,20.0,,,1506.7112084866653,0.0,0.0,139.33333333333331,43.352631610519516,optimal
2021-02-08 20:30:00,6,19,0.0,0.5418518518518518,0.0,0.4618333333333333,12.348,6.0,0,20.0,,,0.0,0.0,0.0,487.6666666666667,43.19477011611883,optimal
2021-02-08 21:00:00,6,19,0.0,0.387037037037037,0.0,1.74,12.1275,6.0,0,19.97384177910495,,,0.0,0.0,0.0,348.3333333333333,43.03706648321255,optimal
2021-02-08 21:30:00,6,19,0.0,1.315925925925926,0.0,0.41783333333333333,12.1275,6.0,0,19.9514222776803,,,0.0,0.0,0.0,1184.3333333333333,42.879520553939166,optimal
2021-02-08 22:00:00,6,19,0.0,0.387037037037037,0.0,0.39463333333333334,11.2665,6.0,0,19.92438686688121,,,0.0,0.0,0.0,348.3333333333333,42.72213217059506,optimal
2021-02-08 22:30:00,6,19,0.0,0.0,0.0,0.26326666666666665,10.143,6.0,0,19.899154094814193,,,0.0,0.0,0.0,0.0,42.5649011756343,optimal
2021-02-08 23:00:00,6,19,0.0,0.0774074074074074,0.0,2.0942,11.2455,6.0,0,19.87298220182921,,,0.0,0.0,0.0,69.66666666666666,42.52233627445866,optimal
2021-02-08 23:30:00,6,19,0.0,0.0,0.0,2.559,11.025,6.0,0,19.854798320297316,,,0.0,0.0,0.0,0.0,42.4798139381842,optimal
2021-02-09 00:00:00,6,19,1.1428571428571428,0.0,7.0,0.059,10.584,6.0,0,19.854798320297316,,,4000.0,0.0,0.0,0.0,45.76233412424602,optimal
2021-02-09 00:30:00,6,19,1.1428571428571428,0.0,0.0,0.059,11.2455,6.0,0,19.894095272462415,,,4000.0,0.0,0.0,0.0,45.71657179012177,optimal
2021-02-09 01:00:00,6,19,1.1428571428571428,0.0,0.0,0.059,12.1275,6.0,0,19.93341994576588,,,4000.0,0.0,0.0,0.0,45.670855218331646,optimal
2021-02-09 01:30:00,6,19,1.1428571428571428,0.0,0.0,0.1778,11.823,6.0,0,19.972772268409333,,,4000.0,0.0,0.0,0.0,45.62518436311331,optimal
2021-02-09 02:00:00,6,19,1.1428571428571428,0.0,0.0,0.0854,11.7705,6.0,0,20.014163915198946,,,4000.0,0.0,0.0,0.0,45.5795591787502,optimal
2021-02-09 02:30:00,6,19,1.1428571428571428,0.0,0.0,0.06559999999999999,11.13,6.0,0,20.053322493403286,,,4000.0,0.0,0.0,0.0,45.533979619571454,optimal
2021-02-09 03:00:00,6,19,1.1428571428571428,0.0,0.0,0.19693333333333332,11.6865,6.0,0,20.0921091094969,,,4000.0,0.0,0.0,0.0,45.488445639951884,optimal
2021-02-09 03:30:00,6,19,1.1428571428571428,0.0,0.0,0.059,10.7205,6.0,0,20.13420457118899,,,4000.0,0.0,0.0,0.0,45.44295719431193,optimal
2021-02-09 04:00:00,6,19,1.1428571428571428,0.0,0.0,0.1844,11.424,6.0,0,20.173036857066315,,,4000.0,0.0,0.0,0.0,45.39751423711762,optimal
2021-02-09 04:30:00,6,19,1.1428571428571428,0.0,6.081273601022274,0.0788,10.689,6.0,0,20.214561165778864,,,4000.0,0.0,0.0,0.0,48.240721683366075,optimal
2021-02-09 05:00:00,6,19,1.1428571428571428,0.0,0.0,0.059,11.361,6.0,0,20.253585367881524,,,4000.0,0.0,0.0,0.0,48.192480961682705,optimal
2021-02-09 05:30:00,6,19,1.1428571428571428,0.0,0.0,0.059,11.571,6.0,0,20.291849452484364,,,4000.0,0.0,0.0,0.0,48.144288480721016,optimal
2021-02-09 06:00:00,6,19,0.0,0.0,0.0,0.059,14.3745,6.0,0,20.33001443223406,,,0.0,0.0,0.0,0.0,48.096144192240295,optimal
2021-02-09 06:30:00,6,19,1.1428571428571428,2.0899999999999994,0.0,0.10406666666666667,13.23,6.0,0,20.287264070721385,,,4000.0,0.0,0.0,1880.9999999999998,48.048048048048045,optimal
2021-02-09 07:00:00,6,19,0.023932878850718674,0.774074074074074,0.0,0.2528333333333333,13.9755,6.0,0,20.329636454894523,,,83.76507597751535,0.0,0.0,696.6666666666666,48.0,optimal
2021-02-09 07:30:00,6,19,0.0,0.9288888888888889,0.0,0.20426666666666668,14.994,6.0,0,20.30848755236925,,,0.0,0.0,0.0,836.0,47.43237957534296,optimal
2021-02-09 08:00:00,6,19,1.1428571428571428,0.1548148148148148,0.0,0.2578666666666667,13.671,6.0,0,20.273173406657076,,,4000.0,0.0,0.0,139.33333333333331,46.865326771110574,optimal
2021-02-09 08:30:00,6,19,0.0,0.0,0.0,0.069,15.981,6.0,0,20.307704398033074,,,0.0,0.0,0.0,0.0,46.29884101968242,optimal
2021-02-09 09:00:00,6,19,0.0,0.46444444444444444,0.0,0.16293333333333335,15.6345,6.0,0,20.256137584837795,,,0.0,0.0,0.0,418.0,45.732921754005694,optimal
2021-02-09 09:30:00,6,19,0.0,3.5839629629629624,0.0,0.3386,16.5375,6.0,0,20.210977622984736,,,0.0,0.0,0.0,3225.566666666666,45.16756840759464,optimal
2021-02-09 10:00:00,6,19,0.0,2.6086296296296303,0.0,0.4918,14.7735,6.0,0,20.174045730065142,,,0.0,0.0,0.0,2347.7666666666673,44.60278041453001,optimal
2021-02-09 10:30:00,6,19,0.0,0.0774074074074074,0.0,0.3355666666666667,15.2145,6.0,0,20.14518994366458,,,0.0,0.0,0.0,69.66666666666666,44.03855720945844,optimal
2021-02-09 11:00:00,6,19,0.0,0.3096296296296296,0.0,1.208,14.553,6.0,0,20.114250047397707,,,0.0,0.0,0.0,278.66666666666663,43.474898227591936,optimal
2021-02-09 11:30:00,6,19,0.0,0.9288888888888889,0.0,1.1760333333333333,14.3325,6.0,0,20.08908357130662,,,0.0,0.0,0.0,836.0,42.9118029047073,optimal
2021-02-09 12:00:00,6,19,0.0,1.2385185185185184,0.0,0.4226666666666667,14.595,6.0,0,20.0598712020188,,,0.0,0.0,0.0,1114.6666666666665,42.349270677145554,optimal
2021-02-09 12:30:00,6,19,0.0,0.774074074074074,0.0,0.43460000000000004,14.994,6.0,0,20.027408686589283,,,0.0,0.0,0.0,696.6666666666666,41.78730098181137,optimal
2021-02-09 13:00:00,6,19,0.29432898815940595,0.0774074074074074,0.0,0.5206000000000001,14.3325,6.0,0,20.0,,,1030.1514585579207,0.0,0.0,69.66666666666666,41.22589325617252,optimal
2021-02-09 13:30:00,6,19,0.2830612660480679,0.0,0.0,2.849833333333333,13.8915,6.0,0,20.0,,,990.7144311682378,0.0,0.0,0.0,40.6650469382593,optimal
2021-02-09 14:00:00,6,19,0.246048524890804,0.0,0.0,2.9977,13.8915,6.0,0,20.0,,,861.169837117814,0.0,0.0,0.0,40.104761466664,optimal
2021-02-09 14:30:00,6,19,1.1428571428571428,0.23222222222222222,0.0,0.4929333333333333,13.4715,6.0,0,20.000368639374763,,,4000.0,0.0,0.0,209.0,39.545036280540295,optimal
2021-02-09 15:00:00,6,19,1.1428571428571428,0.0,0.0,1.7201,13.23,6.0,0,20.0556161211205,,,4000.0,0.0,0.0,0.0,38.98587081960271,optimal
2021-02-09 15:30:00,6,19,1.1428571428571428,0.774074074074074,0.0,0.4081666666666667,13.8915,6.0,0,20.118443812067206,,,4000.0,0.0,0.0,696.6666666666666,38.427264524126066,optimal
2021-02-09 16:00:00,6,19,0.0,2.4770370370370367,0.0,0.3404333333333333,26.9325,6.0,0,20.17642573147283,,,0.0,0.0,0.0,2229.333333333333,37.8692168349449,optimal
2021-02-09 16:30:00,6,19,0.0,0.6192592592592592,0.0,0.6497333333333334,30.303,6.0,0,20.156079639925917,,,0.0,0.0,0.0,557.3333333333333,37.31172719345292,optimal
2021-02-09 17:00:00,6,19,0.0,1.315925925925926,0.0,0.48473333333333335,32.886,6.0,0,20.137513577642746,,,0.0,0.0,0.0,1184.3333333333333,36.75479504160242,optimal
2021-02-09 17:30:00,6,19,0.0,0.3096296296296296,0.0,0.9070333333333331,34.9965,6.0,0,20.118181119021383,,,0.0,0.0,0.0,278.66666666666663,36.19841982190378,optimal
2021-02-09 18:00:00,6,19,0.0,0.1548148148148148,0.0,3.579133333333333,33.327,6.0,0,20.105835495476104,,,0.0,0.0,0.0,139.33333333333331,35.642600977424834,optimal
2021-02-09 18:30:00,6,19,0.0,0.3096296296296296,0.0,0.3186666666666667,31.122,6.0,0,20.120622325404106,,,0.0,0.0,0.0,278.66666666666663,35.08733795179037,optimal
2021-02-09 19:00:00,6,19,0.0,0.8514814814814814,0.0,0.46586666666666665,17.9025,6.0,0,20.101606729208626,,,0.0,0.0,0.0,766.3333333333333,34.53263018918153,optimal
2021-02-09 19:30:00,6,19,0.0,0.1548148148148148,0.0,0.34646666666666665,15.6555,6.0,0,20.07547808220026,,,0.0,0.0,0.0,139.33333333333331,33.97847713433531,optimal
2021-02-09 20:00:00,6,19,0.0,0.0,0.0,0.2823,14.553,6.0,0,20.042416245576124,,,0.0,0.0,0.0,0.0,33.42487823254393,optimal
2021-02-09 20:30:00,6,19,0.0,0.0,0.0,0.39266666666666666,14.3325,6.0,0,20.0,,,0.0,0.0,0.0,0.0,32.871832929654346,optimal
2021-02-09 21:00:00,6,19,0.0,0.0,0.0,0.2774333333333333,13.335,6.0,0,19.966086959629298,,,0.0,0.0,0.0,0.0,32.319340672067646,optimal
2021-02-09 21:30:00,6,19,0.0,0.23222222222222222,0.0,1.3025333333333333,12.1275,6.0,0,19.932658039588436,,,0.0,0.0,0.0,209.0,31.767400906738537,optimal
2021-02-09 22:00:00,6,19,0.0,0.387037037037037,0.0,0.9919666666666668,12.2955,6.0,0,19.926418753572577,,,0.0,0.0,0.0,348.3333333333333,31.7356335058318,optimal
2021-02-09 22:30:00,6,19,0.0,0.7167925925925925,0.0,1.182,11.6865,6.0,0,19.91689820899003,,,0.0,0.0,0.0,645.1133333333333,31.703897872325967,optimal
2021-02-09 23:00:00,6,19,0.0,1.8376518518518514,0.0,0.6325,11.466,6.0,0,19.908030865822354,,,0.0,0.0,0.0,1653.8866666666663,31.67219397445364,optimal
2021-02-09 23:30:00,6,19,0.0,0.387037037037037,0.0,2.0742,10.8045,6.0,0,19.889675256262894,,,0.0,0.0,0.0,348.3333333333333,31.640521780479187,optimal
2021-02-10 00:00:00,6,19,1.1428571428571428,0.0,7.0,0.058,10.8045,6.0,0,19.889675256262894,,,4000.0,0.0,0.0,0.0,34.93388125869871,optimal
2021-02-10 00:30:00,6,19,1.1428571428571428,0.0,0.0,0.058,11.508,6.0,0,19.92835983097417,,,4000.0,0.0,0.0,0.0,34.89894737744001,optimal
2021-02-10 01:00:00,6,19,1.1428571428571428,0.0,0.0,0.058,11.508,6.0,0,19.966685209469137,,,4000.0,0.0,0.0,0.0,34.86404843006257,optimal
2021-02-10 01:30:00,6,19,1.1428571428571428,0.0,0.0,0.058,11.508,6.0,0,20.004652322074204,,,4000.0,0.0,0.0,0.0,34.8291843816325,optimal
2021-02-10 02:00:00,6,19,1.1428571428571428,0.0,0.0,0.058,11.844,6.0,0,20.042262096706203,,,4000.0,0.0,0.0,0.0,34.794355197250866,optimal
2021-02-10 02:30:00,6,19,1.1428571428571428,0.0,0.0,0.058,11.508,6.0,0,20.07951545887865,,,4000.0,0.0,0.0,0.0,34.75956084205362,optimal
2021-02-10 03:00:00,6,19,1.1428571428571428,0.0,0.0,0.058,11.508,6.0,0,20.116672333992135,,,4000.0,0.0,0.0,0.0,34.72480128121156,optimal
2021-02-10 03:30:00,6,19,1.1428571428571428,0.0,7.0,0.058,10.4475,6.0,0,20.153732971950348,,,4000.0,0.0,0.0,0.0,38.01507647993035,optimal
2021-02-10 04:00:00,6,19,1.1428571428571428,0.0,7.0,0.058,10.8675,6.0,0,20.190697622009715,,,4000.0,0.0,0.0,0.0,41.30206140345042,optimal
2021-02-10 04:30:00,6,19,1.1428571428571428,0.0,7.0,0.058,10.542,6.0,0,20.22756653278109,,,4000.0,0.0,0.0,0.0,44.58575934204698,optimal
2021-02-10 05:00:00,6,19,1.1428571428571428,0.0,0.9849392233031483,0.059,11.025,6.0,0,20.264080949947232,,,4000.0,0.0,0.0,0.0,45.00901971377392,optimal
2021-02-10 05:30:00,6,19,1.1428571428571428,0.0,7.0,0.068,11.025,6.0,0,20.300241791654678,,,4000.0,0.0,0.0,0.0,48.289010694060146,optimal
2021-02-10 06:00:00,6,19,1.1428571428571428,0.0,0.0,0.061,14.553,6.0,0,20.336049973671944,,,4000.0,0.0,0.0,0.0,48.240721683366075,optimal
2021-02-10 06:30:00,6,19,1.1428571428571428,0.0,0.0,0.058,13.0935,6.0,0,20.371506409395682,,,4000.0,0.0,0.0,0.0,48.192480961682705,optimal
2021-02-10 07:00:00,6,19,1.1428571428571428,0.6966666666666667,0.0,0.059033333333333333,15.6345,6.0,0,20.407389016709363,,,4000.0,0.0,0.0,627.0,48.144288480721016,optimal
2021-02-10 07:30:00,6,19,0.0,1.2385185185185184,0.0,0.8162,18.102,6.0,0,20.44798737413131,,,0.0,0.0,0.0,1114.6666666666665,48.096144192240295,optimal
2021-02-10 08:00:00,6,19,0.0,0.6966666666666667,0.0,0.8008333333333334,17.199,6.0,0,20.426634217846033,,,0.0,0.0,0.0,627.0,48.048048048048045,optimal
2021-02-10 08:30:00,6,19,0.0,0.387037037037037,0.0,1.0352000000000001,18.2805,6.0,0,20.407896707900147,,,0.0,0.0,0.0,348.3333333333333,48.0,optimal
2021-02-10 09:00:00,6,19,0.0,0.23222222222222222,0.0,4.809966666666666,17.4615,6.0,0,20.38543855283695,,,0.0,0.0,0.0,209.0,47.81670023378573,optimal
2021-02-10 09:30:00,6,19,0.0,0.46444444444444444,0.0,2.7975333333333334,18.3225,6.0,0,20.391159309173176,,,0.0,0.0,0.0,418.0,47.633583767337676,optimal
2021-02-10 10:00:00,6,19,0.0,0.774074074074074,0.0,0.8841333333333333,17.094,6.0,0,20.3800463643957,,,0.0,0.0,0.0,696.6666666666666,47.45065041735607,optimal
2021-02-10 10:30:00,6,19,0.0,0.0,0.0,0.2686,17.094,6.0,0,20.355900074760157,,,0.0,0.0,0.0,0.0,47.26790000072445,optimal
2021-02-10 11:00:00,6,19,0.0,0.387037037037037,0.0,0.2339333333333333,17.094,6.0,0,20.318284187057305,,,0.0,0.0,0.0,348.3333333333333,47.08533233450946,optimal
2021-02-10 11:30:00,6,19,0.0,0.0,0.0,0.13116666666666665,17.3565,6.0,0,20.27692483363368,,,0.0,0.0,0.0,0.0,46.90294723596068,optimal
2021-02-10 12:00:00,6,19,0.0,0.0,0.0,0.068,17.115,6.0,0,20.23005691858723,,,0.0,0.0,0.0,0.0,46.72074452251045,optimal
2021-02-10 12:30:00,6,19,0.0,0.0,0.0,0.068,17.241,6.0,0,20.18062969656049,,,0.0,0.0,0.0,0.0,46.538724011773674,optimal
2021-02-10 13:00:00,6,19,0.5116038466185052,0.0,0.0,0.068,17.094,6.0,0,20.131330492167805,,,1790.6134631647683,0.0,0.0,0.0,46.35688552154763,optimal
2021-02-10 13:30:00,6,19,1.1428571428571428,0.0,0.0,0.068,16.5165,6.0,0,20.118336748701584,,,4000.0,0.0,0.0,0.0,46.17522886981182,optimal
2021-02-10 14:00:00,6,19,0.0,0.1548148148148148,0.0,0.359,17.8185,6.0,0,20.150533381844614,,,0.0,0.0,0.0,139.33333333333331,45.99375387472774,optimal
2021-02-10 14:30:00,6,19,1.1428571428571428,0.0,0.0,0.35769999999999996,17.094,6.0,0,20.11416754833975,,,4000.0,0.0,0.0,0.0,45.812460354638745,optimal
2021-02-10 15:00:00,6,19,1.1428571428571428,0.0774074074074074,0.0,0.2888,16.8945,6.0,0,20.156025921342817,,,4000.0,0.0,0.0,69.66666666666666,45.63134812806984,optimal
2021-02-10 15:30:00,6,19,0.0,0.0,0.0,0.5561333333333334,18.123,6.0,0,20.199081738822724,,,0.0,0.0,0.0,0.0,45.4504170137275,optimal
2021-02-10 16:00:00,6,19,0.0,0.46444444444444444,0.0,2.2720333333333333,31.647,6.0,0,20.1713162180491,,,0.0,0.0,0.0,418.0,45.26966683049951,optimal
2021-02-10 16:30:00,6,19,0.0,0.8514814814814814,0.0,0.6554,34.9965,6.0,0,20.169770410195863,,,0.0,0.0,0.0,766.3333333333333,45.08909739745474,optimal
2021-02-10 17:00:00,6,19,0.0,0.387037037037037,0.0,0.5924666666666667,34.9965,6.0,0,20.15234428814935,,,0.0,0.0,0.0,348.3333333333333,44.90870853384302,optimal
2021-02-10 17:30:00,6,19,0.0,0.23222222222222222,0.0,1.5207666666666668,34.9965,6.0,0,20.124620836681714,,,0.0,0.0,0.0,209.0,44.728500059094905,optimal
2021-02-10 18:00:00,6,19,0.0,0.0,0.0,0.2524,34.9965,6.0,0,20.102770392213994,,,0.0,0.0,0.0,0.0,44.548471792821545,optimal
2021-02-10 18:30:00,6,19,0.0,0.46444444444444444,0.0,1.5603,34.9965,6.0,0,20.07841633378599,,,0.0,0.0,0.0,418.0,44.368623554814455,optimal
2021-02-10 19:00:00,6,19,0.0,0.0,0.0,1.6129333333333333,27.741,6.0,0,20.078161852606073,,,0.0,0.0,0.0,0.0,44.18895516504537,optimal
2021-02-10 19:30:00,6,19,0.0,0.0,0.0,0.33986666666666665,19.026,6.0,0,20.065199291221607,,,0.0,0.0,0.0,0.0,44.00946644366606,optimal
2021-02-10 20:00:00,6,19,0.0,0.0774074074074074,0.0,0.3372,18.7215,6.0,0,20.03317306555439,,,0.0,0.0,0.0,69.66666666666666,43.83015721100812,optimal
2021-02-10 20:30:00,6,19,0.0,2.5544444444444445,0.0,0.2886666666666667,17.4195,6.0,0,20.0,,,0.0,0.0,0.0,2299.0,43.65102728758285,optimal
2021-02-10 21:00:00,6,19,0.0,0.387037037037037,0.0,0.641,16.758,6.0,0,19.966843291200085,,,0.0,0.0,0.0,348.3333333333333,43.472076494081,optimal
2021-02-10 21:30:00,6,19,0.0,0.387037037037037,0.0,2.251866666666667,14.217,6.0,0,19.94144983112402,,,0.0,0.0,0.0,348.3333333333333,43.29330465137265,optimal
2021-02-10 22:00:00,6,19,0.0,0.5836518518518518,0.0,2.4834,13.3665,6.0,0,19.91294471488289,,,0.0,0.0,0.0,525.2866666666666,43.11471158050701,optimal
2021-02-10 22:30:00,6,19,0.0,0.11301481481481486,0.0,0.6766,12.789,6.0,0,19.881730116835218,,,0.0,0.0,0.0,101.71333333333337,42.93629710271224,optimal
2021-02-10 23:00:00,6,19,0.0,0.0,0.0,0.5892666666666666,11.907,6.0,0,19.84107089844445,,,0.0,0.0,0.0,0.0,42.75806103939526,optimal
2021-02-10 23:30:00,6,19,0.0,2.39962962962963,0.0,1.4195,11.7075,6.0,0,19.803002064614034,,,0.0,0.0,0.0,2159.6666666666665,42.715302978355865,optimal
2021-02-11 00:00:00,6,19,1.1428571428571428,0.0,0.0,0.2854333333333333,11.025,6.0,0,19.803002064614034,,,4000.0,0.0,0.0,0.0,42.67258767537751,optimal
2021-02-11 00:30:00,6,19,1.1428571428571428,0.0,0.0,0.39230000000000004,12.0855,6.0,0,19.837779575203083,,,4000.0,0.0,0.0,0.0,42.62991508770213,optimal
2021-02-11 01:00:00,6,19,1.1428571428571428,0.0,0.0,0.38403333333333334,11.6865,6.0,0,19.876582307191597,,,4000.0,0.0,0.0,0.0,42.58728517261443,optimal
2021-02-11 01:30:00,6,19,1.1428571428571428,0.1548148148148148,0.0,0.3192333333333333,11.2245,6.0,0,19.916750401132308,,,4000.0,0.0,0.0,139.33333333333331,42.544697887441814,optimal
2021-02-11 02:00:00,6,19,1.1428571428571428,0.0,0.0,0.4636,11.025,6.0,0,19.955976661147133,,,4000.0,0.0,0.0,0.0,42.50215318955437,optimal
2021-02-11 02:30:00,6,19,1.1428571428571428,0.0,0.0,0.3729333333333333,10.7835,6.0,0,19.997802615534155,,,4000.0,0.0,0.0,0.0,42.45965103636482,optimal
2021-02-11 03:00:00,6,19,1.1428571428571428,0.0,0.0,0.2813333333333333,11.025,6.0,0,20.038897563240837,,,4000.0,0.0,0.0,0.0,42.41719138532845,optimal
2021-02-11 03:30:00,6,19,1.1428571428571428,0.0,5.64063072340709,0.06696666666666667,10.584,6.0,0,20.079684990296812,,,4000.0,0.0,0.0,0.0,45.054073787561485,optimal
2021-02-11 04:00:00,6,19,1.1428571428571428,0.0,0.0,0.23436666666666667,11.025,6.0,0,20.108087011154495,,,4000.0,0.0,0.0,0.0,45.00901971377392,optimal
2021-02-11 04:30:00,6,19,1.1428571428571428,0.0,7.0,0.158,10.4265,6.0,0,20.140445146075802,,,4000.0,0.0,0.0,0.0,48.289010694060146,optimal
2021-02-11 05:00:00,6,19,1.1428571428571428,0.0,0.0,0.1129,12.789,6.0,0,20.17117655114124,,,4000.0,0.0,0.0,0.0,48.240721683366075,optimal
2021-02-11 05:30:00,6,19,1.1428571428571428,0.0,0.0,0.14996666666666666,12.684,6.0,0,20.200917155205975,,,4000.0,0.0,0.0,0.0,48.192480961682705,optimal
2021-02-11 06:00:00,6,19,1.1428571428571428,0.387037037037037,0.0,0.32366666666666666,16.254,6.0,0,20.232630402292468,,,4000.0,0.0,0.0,348.3333333333333,48.144288480721016,optimal
2021-02-11 06:30:00,6,19,1.1428571428571428,5.263703703703704,0.0,0.2786666666666667,17.64,6.0,0,20.273200115775644,,,4000.0,0.0,0.0,4737.333333333333,48.096144192240295,optimal
2021-02-11 07:00:00,6,19,0.0,0.23222222222222222,0.0,0.2978,19.1625,6.0,0,20.318291797298723,,,0.0,0.0,0.0,209.0,48.048048048048045,optimal
2021-02-11 07:30:00,6,19,0.0,0.3096296296296296,0.0,0.5698333333333334,26.46,6.0,0,20.282608089700087,,,0.0,0.0,0.0,278.66666666666663,48.0,optimal
2021-02-11 08:00:00,6,19,0.0,3.096296296296296,0.0,1.1688666666666665,20.79,6.0,0,20.24919702337354,,,0.0,0.0,0.0,2786.6666666666665,47.290606923268506,optimal
2021-02-11 08:30:00,6,19,0.0,0.3096296296296296,0.0,0.5017666666666667,29.106,6.0,0,20.210011201735966,,,0.0,0.0,0.0,278.66666666666663,46.581923239613744,optimal
2021-02-11 09:00:00,6,19,0.0,0.0,0.0,1.6181333333333334,19.1835,6.0,0,20.169838902097514,,,0.0,0.0,0.0,0.0,45.87394823964264,optimal
2021-02-11 09:30:00,6,19,0.0,0.0774074074074074,0.0,0.49126666666666663,19.6665,6.0,0,20.144258308835376,,,0.0,0.0,0.0,69.66666666666666,45.1666812146715,optimal
2021-02-11 10:00:00,6,19,0.0,0.387037037037037,0.0,0.5197333333333334,19.404,6.0,0,20.107944154067983,,,0.0,0.0,0.0,348.3333333333333,44.46012145672533,optimal
2021-02-11 10:30:00,6,19,0.0,0.0,0.0,1.887,19.047,6.0,0,20.07304523252091,,,0.0,0.0,0.0,0.0,43.75426825853712,optimal
2021-02-11 11:00:00,6,19,1.1428571428571428,0.0,0.0,0.4244666666666666,18.858,6.0,0,20.041209218050852,,,4000.0,0.0,0.0,0.0,43.049120913547085,optimal
2021-02-11 11:30:00,6,19,0.0,0.0,0.0,0.29986666666666667,19.2675,6.0,0,20.081443578803853,,,0.0,0.0,0.0,0.0,42.34467871590205,optimal
2021-02-11 12:00:00,6,19,0.19152421410244116,0.0,0.0,0.223,18.963,6.0,0,20.03378892915333,,,670.3347493585441,0.0,0.0,0.0,41.64094096045466,optimal
2021-02-11 12:30:00,6,19,1.1428571428571428,0.0,0.0,0.1971,18.438,6.0,0,20.0,,,4000.0,0.0,0.0,0.0,40.93790694276271,optimal
2021-02-11 13:00:00,6,19,0.5953582645935402,0.0,0.0,0.4184666666666666,18.7425,6.0,0,20.03428728947003,,,2083.753926077391,0.0,0.0,0.0,40.23557595908845,optimal
2021-02-11 13:30:00,6,19,1.1428571428571428,0.0,0.0,0.08486666666666666,15.2145,6.0,0,20.041412098004958,,,4000.0,0.0,0.0,0.0,39.53394730639787,optimal
2021-02-11 14:00:00,6,19,1.1428571428571428,0.0,0.0,0.11786666666666666,17.7765,6.0,0,20.077256771514875,,,4000.0,0.0,0.0,0.0,38.83302028235998,optimal
2021-02-11 14:30:00,6,19,1.1428571428571428,0.0,0.0,0.29746666666666666,16.758,6.0,0,20.11393434501587,,,4000.0,0.0,0.0,0.0,38.13279418534613,optimal
2021-02-11 15:00:00,6,19,1.1428571428571428,0.0,0.0,0.15976666666666667,16.422,6.0,0,20.15323907530896,,,4000.0,0.0,0.0,0.0,37.43326831442929,optimal
2021-02-11 15:30:00,6,19,1.1428571428571428,0.0774074074074074,0.0,1.0193666666666668,16.758,6.0,0,20.192417069306188,,,4000.0,0.0,0.0,69.66666666666666,36.73444196938337,optimal
2021-02-11 16:00:00,6,19,0.0,0.0,0.0,2.0551999999999997,29.358,6.0,0,20.245240846546526,,,0.0,0.0,0.0,0.0,36.03631445068249,optimal
2021-02-11 16:30:00,6,19,0.0,0.46444444444444444,0.0,0.5838666666666666,34.9965,6.0,0,20.22723044750108,,,0.0,0.0,0.0,418.0,35.33888505950031,optimal
2021-02-11 17:00:00,6,19,0.0,0.3096296296296296,0.0,0.6218666666666667,34.65,6.0,0,20.189743178584774,,,0.0,0.0,0.0,278.66666666666663,34.64215309770932,optimal
2021-02-11 17:30:00,6,19,0.0,0.46444444444444444,0.0,0.4779,34.9965,6.0,0,20.150657466830285,,,0.0,0.0,0.0,418.0,33.94611786788012,optimal
2021-02-11 18:00:00,6,19,0.0,0.1548148148148148,0.0,0.4008333333333333,34.9965,6.0,0,20.114687710788456,,,0.0,0.0,0.0,139.33333333333331,33.25077867328075,optimal
2021-02-11 18:30:00,6,19,0.0,0.0,0.0,0.45196666666666657,30.4815,6.0,0,20.078470473173866,,,0.0,0.0,0.0,0.0,32.55613481787598,optimal
2021-02-11 19:00:00,6,19,0.0,2.2448148148148146,0.0,0.46026666666666666,21.4305,6.0,0,20.039087901110154,,,0.0,0.0,0.0,2020.3333333333333,31.862185606326612,optimal
2021-02-11 19:30:00,6,19,0.5317885177636236,0.0,0.0,0.5624,14.3325,6.0,0,20.0,,,1861.2598121726824,0.0,0.0,0.0,31.168930343988794,optimal
2021-02-11 20:00:00,6,19,0.6427602020777295,0.0,0.0,1.0127000000000002,13.692,6.0,0,20.0,,,2249.6607072720535,0.0,0.0,0.0,30.476368336913314,optimal
2021-02-11 20:30:00,6,19,0.0,0.5418518518518518,0.0,0.2821666666666667,14.007,6.0,0,20.0,,,0.0,0.0,0.0,487.6666666666667,30.4458919685764,optimal
2021-02-11 21:00:00,6,19,0.0,0.1548148148148148,0.0,0.42119999999999996,12.873,6.0,0,19.957860365917114,,,0.0,0.0,0.0,139.33333333333331,30.415446076607825,optimal
2021-02-11 21:30:00,6,19,0.0,0.5418518518518518,0.0,0.4768,12.684,6.0,0,19.91202852142608,,,0.0,0.0,0.0,487.6666666666667,30.38503063053122,optimal
2021-02-11 22:00:00,6,19,0.0,0.1548148148148148,0.0,0.3832,12.306,6.0,0,19.86464923209033,,,0.0,0.0,0.0,139.33333333333331,30.35464559990069,optimal
2021-02-11 22:30:00,6,19,0.0,0.6192592592592592,0.0,0.5395666666666667,10.6365,6.0,0,19.81722161094958,,,0.0,0.0,0.0,557.3333333333333,30.32429095430079,optimal
2021-02-11 23:00:00,6,19,0.0,2.0899999999999994,0.0,0.535,11.2455,6.0,0,19.772299924881015,,,0.0,0.0,0.0,1880.9999999999998,30.293966663346488,optimal
2021-02-11 23:30:00,6,19,0.0,0.3096296296296296,0.0,0.2384,11.2455,6.0,0,19.725525715302496,,,0.0,0.0,0.0,278.66666666666663,30.26367269668314,optimal
2021-02-12 00:00:00,6,19,1.1428571428571428,0.0,4.634279984991588,0.07526666666666666,10.3635,6.0,0,19.725525715302496,,,4000.0,0.0,0.0,0.0,32.434692016857454,optimal
2021-02-12 00:30:00,6,19,1.1428571428571428,0.46444444444444444,0.0,0.2282333333333333,10.8045,6.0,0,19.747805931672396,,,4000.0,0.0,0.0,418.0,32.4022573248406,optimal
2021-02-12 01:00:00,6,19,1.1428571428571428,0.0,0.0,0.061,11.025,6.0,0,19.77632000576027,,,4000.0,0.0,0.0,0.0,32.36985506751575,optimal
2021-02-12 01:30:00,6,19,1.1428571428571428,0.0,7.0,0.121,10.3635,6.0,0,19.794794880675795,,,4000.0,0.0,0.0,0.0,35.66248521244824,optimal
2021-02-12 02:00:00,6,19,1.1428571428571428,0.0,0.0,0.16193333333333335,10.8045,6.0,0,19.814693154923866,,,4000.0,0.0,0.0,0.0,35.62682272723579,optimal
2021-02-12 02:30:00,6,19,1.1428571428571428,0.0,7.0,0.11433333333333331,10.059,6.0,0,19.835625916583954,,,4000.0,0.0,0.0,0.0,38.91619590450855,optimal
2021-02-12 03:00:00,6,19,1.1428571428571428,0.0,0.0,0.08433333333333333,10.584,6.0,0,19.85631975249794,,,4000.0,0.0,0.0,0.0,38.877279708604036,optimal
2021-02-12 03:30:00,6,19,1.1428571428571428,0.0,7.0,0.19193333333333332,9.4185,6.0,0,19.877130874058565,,,4000.0,0.0,0.0,0.0,42.16340242889544,optimal
2021-02-12 04:00:00,6,19,1.1428571428571428,0.0,7.0,0.061,10.3635,6.0,0,19.901875073992453,,,4000.0,0.0,0.0,0.0,45.44623902646654,optimal
2021-02-12 04:30:00,6,19,1.1428571428571428,0.0,7.0,0.11433333333333331,9.8385,6.0,0,19.925722808665334,,,4000.0,0.0,0.0,0.0,48.72579278744007,optimal
2021-02-12 05:00:00,6,19,1.1428571428571428,0.0,0.0,0.08113333333333334,11.067,6.0,0,19.95239934639119,,,4000.0,0.0,0.0,0.0,48.67706699465263,optimal
2021-02-12 05:30:00,6,19,1.1428571428571428,0.0,0.0,0.1418,10.8465,6.0,0,19.98014903037159,,,4000.0,0.0,0.0,0.0,48.62838992765797,optimal
2021-02-12 06:00:00,6,19,1.1428571428571428,1.181237037037037,0.0,0.274,13.671,6.0,0,20.011124577121986,,,4000.0,0.0,0.0,1063.1133333333332,48.579761537730306,optimal
2021-02-12 06:30:00,6,19,1.1428571428571428,6.017651851851851,0.0,0.46326666666666666,12.348,6.0,0,20.05088925531211,,,4000.0,0.0,0.0,5415.886666666666,48.53118177619257,optimal
2021-02-12 07:00:00,6,19,1.1152980421929508,0.0,0.0,0.071,14.3325,6.0,0,20.099294329194827,,,3903.543147675328,0.0,0.0,0.0,48.48265059441637,optimal
2021-02-12 07:30:00,6,19,0.0,0.3096296296296296,0.0,0.3322,15.393,6.0,0,20.128969990446187,,,0.0,0.0,0.0,278.66666666666663,48.434167943821954,optimal
2021-02-12 08:00:00,6,19,1.1428571428571428,6.811851851851851,0.0,0.1296,13.587,6.0,0,20.083388238393624,,,4000.0,0.0,0.0,6130.666666666666,48.38573377587813,optimal
2021-02-12 08:30:00,6,19,0.0,0.0,0.0,0.2718,16.1385,6.0,0,20.11713467127097,,,0.0,0.0,0.0,0.0,48.33734804210225,optimal
2021-02-12 09:00:00,6,19,0.0,0.0774074074074074,0.0,0.129,14.595,6.0,0,20.07737383101183,,,0.0,0.0,0.0,69.66666666666666,48.289010694060146,optimal
2021-02-12 09:30:00,6,19,0.0,0.46444444444444444,0.0,0.23033333333333328,14.637,6.0,0,20.034213146628545,,,0.0,0.0,0.0,418.0,48.240721683366075,optimal
2021-02-12 10:00:00,6,19,0.27599934249308644,0.46444444444444444,0.0,0.836,13.9125,6.0,0,20.0,,,965.9976987258026,0.0,0.0,418.0,48.192480961682705,optimal
2021-02-12 10:30:00,6,19,0.2510154050979393,0.23222222222222222,0.0,0.9335,13.3665,6.0,0,20.0,,,878.5539178427874,0.0,0.0,209.0,48.144288480721016,optimal
2021-02-12 11:00:00,6,19,1.0986027366296993,0.8514814814814814,0.0,0.2607333333333333,13.0095,6.0,0,20.0,,,3845.109578203948,0.0,0.0,766.3333333333333,48.096144192240295,optimal
2021-02-12 11:30:00,6,19,0.0,0.23222222222222222,0.0,0.4318666666666667,13.8915,6.0,0,20.052175118393475,,,0.0,0.0,0.0,209.0,48.048048048048045,optimal
2021-02-12 12:00:00,6,19,0.0,0.6192592592592592,0.0,0.4403,13.188,6.0,0,20.02641777966721,,,0.0,0.0,0.0,557.3333333333333,48.0,optimal
2021-02-12 12:30:00,6,19,0.44405174309774703,0.387037037037037,0.0,0.41953333333333337,12.5685,6.0,0,20.0,,,1554.1811008421146,0.0,0.0,348.3333333333333,47.64330635721227,optimal
2021-02-12 13:00:00,6,19,1.1428571428571428,0.23222222222222222,0.0,0.4017,12.285,6.0,0,20.0,,,4000.0,0.0,0.0,209.0,47.28696940806733,optimal
2021-02-12 13:30:00,6,19,1.1428571428571428,0.0774074074074074,0.0,0.38389999999999996,11.487,6.0,0,20.0430326652425,,,4000.0,0.0,0.0,69.66666666666666,46.93098879587153,optimal
2021-02-12 14:00:00,6,19,1.1428571428571428,0.0,0.0,0.35696666666666665,11.802,6.0,0,20.089012389656364,,,4000.0,0.0,0.0,0.0,46.575364164287926,optimal
2021-02-12 14:30:00,6,19,1.1428571428571428,0.0,0.0,0.3048666666666667,11.2245,6.0,0,20.134675308583823,,,4000.0,0.0,0.0,0.0,46.220095157335905,optimal
2021-02-12 15:00:00,6,19,1.1428571428571428,0.0,0.0,0.0905,11.025,6.0,0,20.18288247344937,,,4000.0,0.0,0.0,0.0,45.86518141939084,optimal
2021-02-12 15:30:00,6,19,1.1428571428571428,1.9351851851851851,0.0,0.29869999999999997,11.907,6.0,0,20.227899424860066,,,4000.0,0.0,0.0,1741.6666666666667,45.51062259518371,optimal
2021-02-12 16:00:00,6,19,0.0,0.0,0.0,0.11866666666666668,25.83,6.0,0,20.277294614507213,,,0.0,0.0,0.0,0.0,45.1564183298008,optimal
2021-02-12 16:30:00,6,19,0.0,0.0,0.0,0.1192,28.035,6.0,0,20.238288121718217,,,0.0,0.0,0.0,0.0,44.80256826868327,optimal
2021-02-12 17:00:00,6,19,0.0,0.387037037037037,0.0,0.22306666666666664,28.119,6.0,0,20.199380141176125,,,0.0,0.0,0.0,348.3333333333333,44.44907205762685,optimal
2021-02-12 17:30:00,6,19,0.0,0.23222222222222222,0.0,0.08,30.156,6.0,0,20.162727542803985,,,0.0,0.0,0.0,209.0,44.095929342781496,optimal
2021-02-12 18:00:00,6,19,0.0,0.9288888888888889,0.0,0.2602,29.1585,6.0,0,20.12423729833686,,,0.0,0.0,0.0,836.0,43.743139770650984,optimal
2021-02-12 18:30:00,6,19,0.0,0.23222222222222222,0.0,0.4530666666666667,26.712,6.0,0,20.094375861540875,,,0.0,0.0,0.0,209.0,43.390702988092606,optimal
2021-02-12 19:00:00,6,19,0.0,0.3096296296296296,0.0,0.5066666666666667,15.435,6.0,0,20.069301152930137,,,0.0,0.0,0.0,278.66666666666663,43.038618642316784,optimal
2021-02-12 19:30:00,6,19,0.0,0.5418518518518518,0.0,0.5202666666666667,13.566,6.0,0,20.046349455019236,,,0.0,0.0,0.0,487.6666666666667,42.68688638088674,optimal
2021-02-12 20:00:00,6,19,0.026096554127064915,0.6192592592592592,0.0,0.31556666666666666,12.789,6.0,0,20.022912513942916,,,91.33793944472721,0.0,0.0,557.3333333333333,42.644199494505855,optimal
2021-02-12 20:30:00,6,19,0.0,0.46444444444444444,0.0,0.4807,12.1275,6.0,0,20.0,,,0.0,0.0,0.0,418.0,42.60155529501135,optimal
2021-02-12 21:00:00,6,19,0.0,0.23222222222222222,0.0,0.3714333333333333,13.671,6.0,0,19.981628100682475,,,0.0,0.0,0.0,209.0,42.55895373971634,optimal
2021-02-12 21:30:00,6,19,0.0,0.0,0.0,0.3467,10.668,6.0,0,19.96087331818541,,,0.0,0.0,0.0,0.0,42.51639478597662,optimal
2021-02-12 22:00:00,6,19,0.0,0.0,0.0,0.47733333333333333,11.7285,6.0,0,19.940532792667266,,,0.0,0.0,0.0,0.0,42.473878391190645,optimal
2021-02-12 22:30:00,6,19,0.0,0.23222222222222222,0.0,0.351,11.025,6.0,0,19.926913851949703,,,0.0,0.0,0.0,209.0,42.43140451279945,optimal
2021-02-12 23:00:00,6,19,0.0,0.0,0.0,0.4549333333333333,10.689,6.0,0,19.90759086664852,,,0.0,0.0,0.0,0.0,42.388973108286656,optimal
2021-02-12 23:30:00,6,19,0.0,0.0,0.0,0.10366666666666668,8.1585,6.0,0,19.889563175785046,,,0.0,0.0,0.0,0.0,42.34658413517837,optimal
2021-02-13 00:00:00,6,19,1.1428571428571428,0.0774074074074074,0.0,0.2343,9.3975,6.0,0,19.889563175785046,,,4000.0,0.0,0.0,69.66666666666666,42.30423755104319,optimal
2021-02-13 00:30:00,6,19,1.1428571428571428,0.0,0.0,0.356,10.059,6.0,0,19.93158842317429,,,4000.0,0.0,0.0,0.0,42.26193331349214,optimal
2021-02-13 01:00:00,6,19,1.1428571428571428,0.0,0.0,0.063,9.261,6.0,0,19.977938477082933,,,4000.0,0.0,0.0,0.0,42.21967138017865,optimal
2021-02-13 01:30:00,6,19,1.1428571428571428,0.0,0.0,0.063,8.1585,6.0,0,20.014943475359804,,,4000.0,0.0,0.0,0.0,42.17745170879847,optimal
2021-02-13 02:00:00,6,19,1.1428571428571428,0.0,0.0,0.063,9.4815,6.0,0,20.051982130987966,,,4000.0,0.0,0.0,0.0,42.13527425708968,optimal
2021-02-13 02:30:00,6,19,1.1428571428571428,0.0,0.0,0.063,8.379,6.0,0,20.08905435679411,,,4000.0,0.0,0.0,0.0,42.093138982832585,optimal
2021-02-13 03:00:00,6,19,1.1428571428571428,0.0,0.0,0.063,9.5235,6.0,0,20.126030564688623,,,4000.0,0.0,0.0,0.0,42.05104584384975,optimal
2021-02-13 03:30:00,6,19,1.1428571428571428,0.0,0.0,0.063,8.1375,6.0,0,20.162911003360087,,,4000.0,0.0,0.0,0.0,42.0089947980059,optimal
2021-02-13 04:00:00,6,19,1.1428571428571428,0.0,0.0,0.063,10.0905,6.0,0,20.199566419710884,,,4000.0,0.0,0.0,0.0,41.9669858032079,optimal
2021-02-13 04:30:00,6,19,1.1428571428571428,0.0,7.0,0.063,7.539,6.0,0,20.235997396553966,,,4000.0,0.0,0.0,0.0,45.250018817404694,optimal
2021-02-13 05:00:00,6,19,1.1428571428571428,0.0,6.1884624887026005,0.063,7.938,6.0,0,20.272075014050692,,,4000.0,0.0,0.0,0.0,48.144288480721016,optimal
2021-02-13 05:30:00,6,19,1.1428571428571428,0.0,0.0,0.063,8.274,6.0,0,20.307800187409843,,,4000.0,0.0,0.0,0.0,48.096144192240295,optimal
2021-02-13 06:00:00,6,19,1.1428571428571428,0.0,0.0,0.06833333333333333,9.261,6.0,0,20.343173829469787,,,4000.0,0.0,0.0,0.0,48.048048048048045,optimal
2021-02-13 06:30:00,6,19,1.1428571428571428,0.0774074074074074,0.0,0.1542666666666667,9.9225,6.0,0,20.37819685070462,,,4000.0,0.0,0.0,69.66666666666666,48.0,optimal
2021-02-13 07:00:00,6,19,1.1428571428571428,0.9288888888888889,0.0,0.445,9.702,6.0,0,20.415469951177915,,,4000.0,0.0,0.0,836.0,47.870593511674606,optimal
2021-02-13 07:30:00,6,19,1.1428571428571428,0.387037037037037,0.0,0.3593,10.584,6.0,0,20.463491892089547,,,4000.0,0.0,0.0,348.3333333333333,47.74131642983754,optimal
2021-02-13 08:00:00,6,19,1.1428571428571428,6.811851851851852,0.0,0.3717,10.143,6.0,0,20.5136541425431,,,4000.0,0.0,0.0,6130.666666666667,47.61216862508231,optimal
2021-02-13 08:30:00,6,19,0.0,0.0,0.0,0.16133333333333336,13.0095,6.0,0,20.556140036887236,,,0.0,0.0,0.0,0.0,47.48314996813184,optimal
2021-02-13 09:00:00,6,19,1.1428571428571428,0.0,0.0,0.073,11.025,6.0,0,20.50719412282333,,,4000.0,0.0,0.0,0.0,47.35426032983832,optimal
2021-02-13 09:30:00,6,19,0.0,0.0,0.0,0.073,12.789,6.0,0,20.533047594847332,,,0.0,0.0,0.0,0.0,47.22549958118309,optimal
2021-02-13 10:00:00,6,19,0.0,0.0,0.0,0.073,12.1275,6.0,0,20.478665118405647,,,0.0,0.0,0.0,0.0,47.096867593276514,optimal
2021-02-13 10:30:00,6,19,0.0,0.0,0.0,0.073,12.1695,6.0,0,20.425071001393885,,,0.0,0.0,0.0,0.0,46.96836423735785,optimal
2021-02-13 11:00:00,6,19,0.0,0.0,0.0,0.073,12.306,6.0,0,20.371745195511462,,,0.0,0.0,0.0,0.0,46.839989384795096,optimal
2021-02-13 11:30:00,6,19,0.0,0.0,0.0,0.073,13.23,6.0,0,20.318687008013768,,,0.0,0.0,0.0,0.0,46.71174290708491,optimal
2021-02-13 12:00:00,6,19,0.0,0.0,0.0,0.073,13.671,6.0,0,20.26589574357573,,,0.0,0.0,0.0,0.0,46.583624675852434,optimal
2021-02-13 12:30:00,6,19,0.0,0.0,0.0,0.073,13.9335,6.0,0,20.213370711751665,,,0.0,0.0,0.0,0.0,46.45563456285119,optimal
2021-02-13 13:00:00,6,19,0.0,0.0,0.0,0.073,13.293,6.0,0,20.161240723243967,,,0.0,0.0,0.0,0.0,46.32777243996294,optimal
2021-02-13 13:30:00,6,19,0.7187750573231715,0.0,0.0,0.073,12.1065,6.0,0,20.109504755286498,,,2515.7127006311002,0.0,0.0,0.0,46.200038179197584,optimal
2021-02-13 14:00:00,6,19,1.1428571428571428,0.0,0.0,0.073,11.571,6.0,0,20.108989556475624,,,4000.0,0.0,0.0,0.0,46.07243165269299,optimal
2021-02-13 14:30:00,6,19,1.1428571428571428,0.0,0.0,0.073,11.025,6.0,0,20.138723416254503,,,4000.0,0.0,0.0,0.0,45.9449527327149,optimal
2021-02-13 15:00:00,6,19,1.1428571428571428,0.0,0.0,0.073,10.8465,6.0,0,20.16863926694156,,,4000.0,0.0,0.0,0.0,45.81760129165679,optimal
2021-02-13 15:30:00,6,19,1.1428571428571428,0.0,0.0,0.16133333333333336,11.2455,6.0,0,20.198736635798973,,,4000.0,0.0,0.0,0.0,45.69037720203974,optimal
2021-02-13 16:00:00,6,19,0.0,1.7803703703703702,0.0,0.3558,23.8665,6.0,0,20.23159164771407,,,0.0,0.0,0.0,1602.3333333333333,45.56328033651231,optimal
2021-02-13 16:30:00,6,19,0.0,5.108888888888889,0.0,0.3196666666666667,27.4575,6.0,0,20.194066314189197,,,0.0,0.0,0.0,4598.0,45.436310567850406,optimal
2021-02-13 17:00:00,6,19,0.0,0.1548148148148148,0.0,0.3148333333333333,27.3735,6.0,0,20.15721735700247,,,0.0,0.0,0.0,139.33333333333331,45.30946776895716,optimal
2021-02-13 17:30:00,6,19,0.0,0.6192592592592592,0.0,0.4629333333333333,30.4605,6.0,0,20.12196769832164,,,0.0,0.0,0.0,557.3333333333333,45.18275181286281,optimal
2021-02-13 18:00:00,6,19,0.0,0.0,0.0,0.415,30.0195,6.0,0,20.09034601607005,,,0.0,0.0,0.0,0.0,45.05616257272456,optimal
2021-02-13 18:30:00,6,19,0.0,0.1548148148148148,0.0,0.32,26.9325,6.0,0,20.05903482468818,,,0.0,0.0,0.0,139.33333333333331,44.92969992182644,optimal
2021-02-13 19:00:00,6,19,0.0,0.23222222222222222,0.0,0.3125333333333334,14.595,6.0,0,20.031210950437924,,,0.0,0.0,0.0,209.0,44.803363733579225,optimal
2021-02-13 19:30:00,6,19,0.42997128334240753,0.0,0.0,0.3187333333333333,12.4845,6.0,0,20.0,,,1504.8994916984263,0.0,0.0,0.0,44.677153881520255,optimal
2021-02-13 20:00:00,6,19,0.30363393435789776,0.6966666666666667,0.0,0.6434,12.1275,6.0,0,20.0,,,1062.7187702526421,0.0,0.0,627.0,44.55107023931334,optimal
2021-02-13 20:30:00,6,19,0.0,0.0,0.0,0.5048666666666667,12.1275,6.0,0,20.0,,,0.0,0.0,0.0,0.0,44.42511268074863,optimal
2021-02-13 21:00:00,6,19,0.0,1.548148148148148,0.0,0.22403333333333333,12.789,6.0,0,19.97560718273569,,,0.0,0.0,0.0,1393.3333333333333,44.29928107974249,optimal
2021-02-13 21:30:00,6,19,0.0,0.387037037037037,0.0,0.27093333333333336,11.907,6.0,0,19.938939558813065,,,0.0,0.0,0.0,348.3333333333333,44.173575310337355,optimal
2021-02-13 22:00:00,6,19,0.0,0.0,0.0,0.15159999999999998,11.025,6.0,0,19.905041736042193,,,0.0,0.0,0.0,0.0,44.047995246701625,optimal
2021-02-13 22:30:00,6,19,0.0,0.6966666666666667,0.0,0.2007333333333333,8.2005,6.0,0,19.86653944375862,,,0.0,0.0,0.0,627.0,43.92254076312953,optimal
2021-02-13 23:00:00,6,19,0.0,0.23222222222222222,0.0,0.17373333333333332,9.5655,6.0,0,19.832569179220037,,,0.0,0.0,0.0,209.0,43.797211734041014,optimal
2021-02-13 23:30:00,6,19,0.0,0.0,0.0,0.07066666666666667,7.056,6.0,0,19.79622353709791,,,0.0,0.0,0.0,0.0,43.753414522306976,optimal
2021-02-07 00:00:00,7,19,0.0,0.0,0.0,0.0704,9.261,6.0,0,21.0,,,0.0,0.0,0.0,0.0,47.952,optimal
2021-02-07 00:30:00,7,19,0.0,0.0,0.0,0.062,10.3635,6.0,0,20.962490090418548,,,0.0,0.0,0.0,0.0,47.904047999999996,optimal
2021-02-07 01:00:00,7,19,0.0,0.0,0.0,0.062,8.274,6.0,0,20.924159675656817,,,0.0,0.0,0.0,0.0,47.856143952,optimal
2021-02-07 01:30:00,7,19,0.0,0.0,0.0,0.062,7.7175,6.0,0,20.88566953526067,,,0.0,0.0,0.0,0.0,47.80828780804799,optimal
2021-02-07 02:00:00,7,19,0.0,0.0,0.0,0.062,6.615,6.0,0,20.847149584065246,,,0.0,0.0,0.0,0.0,47.76047952023995,optimal
2021-02-07 02:30:00,7,19,0.0,0.0,0.0,0.062,6.174,6.0,0,20.808599899281194,,,0.0,0.0,0.0,0.0,47.712719040719705,optimal
2021-02-07 03:00:00,7,19,0.0,0.0,0.0,0.1164,3.906,6.0,0,20.769891056777098,,,0.0,0.0,0.0,0.0,47.66500632167899,optimal
2021-02-07 03:30:00,7,19,0.0,0.0,0.0,0.0688,2.3415,6.0,0,20.73212257308115,,,0.0,0.0,0.0,0.0,47.61734131535731,optimal
2021-02-07 04:00:00,7,19,0.0,0.0,0.0,0.0824,2.205,6.0,0,20.693360693210778,,,0.0,0.0,0.0,0.0,47.56972397404195,optimal
2021-02-07 04:30:00,7,19,1.1428571428571428,0.0,1.716197456914406,0.1028,0.882,6.0,0,20.654844482429088,,,4000.0,0.0,0.0,0.0,48.33734804210225,optimal
2021-02-07 05:00:00,7,19,0.0,0.0,0.0,0.062,1.5435,6.0,0,20.697656686720936,,,0.0,0.0,0.0,0.0,48.289010694060146,optimal
2021-02-07 05:30:00,7,19,1.0021416177477023,0.0,0.0,0.062,1.5435,6.0,0,20.658717185103153,,,3507.4956621169576,0.0,0.0,0.0,48.240721683366075,optimal
2021-02-07 06:00:00,7,19,0.0,0.0,0.0,0.09259999999999999,5.0715,6.0,0,20.69074441242186,,,0.0,0.0,0.0,0.0,48.192480961682705,optimal
2021-02-07 06:30:00,7,19,0.0,0.0774074074074074,0.0,0.12819999999999998,5.376,6.0,0,20.652441059924563,,,0.0,0.0,0.0,69.66666666666666,48.144288480721016,optimal
2021-02-07 07:00:00,7,19,0.0,0.3096296296296296,0.0,0.0634,5.0715,6.0,0,20.61561464043924,,,0.0,0.0,0.0,278.66666666666663,48.096144192240295,optimal
2021-02-07 07:30:00,7,19,0.0,5.186296296296297,0.0,1.0435999999999999,5.5125,6.0,0,20.582355149317554,,,0.0,0.0,0.0,4667.666666666668,48.048048048048045,optimal
2021-02-07 08:00:00,7,19,0.0,6.6570370370370355,0.0,0.7926333333333333,9.261,6.0,0,20.558941289954845,,,0.0,0.0,0.0,5991.333333333332,48.0,optimal
2021-02-07 08:30:00,7,19,0.0,0.6966666666666667,0.0,0.3399,11.7075,6.0,0,20.537651407302718,,,0.0,0.0,0.0,627.0,47.85047434209152,optimal
2021-02-07 09:00:00,7,19,0.0,2.7092592592592597,0.0,0.33326666666666666,12.348,6.0,0,20.512127270503058,,,0.0,0.0,0.0,2438.3333333333335,47.70109820984096,optimal
2021-02-07 09:30:00,7,19,0.0,0.1548148148148148,0.0,0.6678,12.348,6.0,0,20.48855247604697,,,0.0,0.0,0.0,139.33333333333331,47.55187145372264,optimal
2021-02-07 10:00:00,7,19,0.0,0.0,0.0,2.9858000000000002,12.1275,6.0,0,20.467990892704535,,,0.0,0.0,0.0,0.0,47.402793924360445,optimal
2021-02-07 10:30:00,7,19,0.0,0.0774074074074074,0.0,2.5725333333333333,12.5265,6.0,0,20.46490625698962,,,0.0,0.0,0.0,69.66666666666666,47.25386547252761,optimal
2021-02-07 11:00:00,7,19,0.0,0.0,0.0,1.9694333333333327,11.7495,6.0,0,20.453067096864242,,,0.0,0.0,0.0,0.0,47.105085949146606,optimal
2021-02-07 11:30:00,7,19,0.0,0.0,0.0,0.7434,13.23,6.0,0,20.43277961897609,,,0.0,0.0,0.0,0.0,46.95645520528898,optimal
2021-02-07 12:00:00,7,19,0.0,0.46444444444444444,0.0,2.4676,14.3325,6.0,0,20.408977042031484,,,0.0,0.0,0.0,418.0,46.80797309217522,optimal
2021-02-07 12:30:00,7,19,0.0,0.23222222222222222,0.0,0.42760000000000004,14.994,6.0,0,20.383274766073427,,,0.0,0.0,0.0,209.0,46.659639461174564,optimal
2021-02-07 13:00:00,7,19,0.0,0.0774074074074074,0.0,1.3291,14.8155,6.0,0,20.349471946846435,,,0.0,0.0,0.0,69.66666666666666,46.51145416380491,optimal
2021-02-07 13:30:00,7,19,0.0,0.1548148148148148,0.0,3.0026333333333333,14.112,6.0,0,20.32274420573224,,,0.0,0.0,0.0,139.33333333333331,46.36341705173263,optimal
2021-02-07 14:00:00,7,19,0.0,0.0,0.0,3.2794,14.007,6.0,0,20.306085578909894,,,0.0,0.0,0.0,0.0,46.21552797677243,optimal
2021-02-07 14:30:00,7,19,0.0,0.0,0.0,1.1809333333333334,13.23,6.0,0,20.305795090238608,,,0.0,0.0,0.0,0.0,46.06778679088718,optimal
2021-02-07 15:00:00,7,19,0.0,0.0,0.0,0.15213333333333331,11.382,6.0,0,20.28783717758444,,,0.0,0.0,0.0,0.0,45.92019334618782,optimal
2021-02-07 15:30:00,7,19,0.0,0.3096296296296296,0.0,0.2954,11.7495,6.0,0,20.24320803909867,,,0.0,0.0,0.0,278.66666666666663,45.77274749493316,optimal
2021-02-07 16:00:00,7,19,0.0,0.0774074074074074,0.0,0.18816666666666662,24.3285,6.0,0,20.205578125111536,,,0.0,0.0,0.0,69.66666666666666,45.625449089529745,optimal
2021-02-07 16:30:00,7,19,0.0,0.5418518518518518,0.0,0.1633666666666667,28.917,6.0,0,20.165861022037923,,,0.0,0.0,0.0,487.6666666666667,45.47829798253174,optimal
2021-02-07 17:00:00,7,19,0.0,0.0774074074074074,0.0,0.1705,31.3635,6.0,0,20.134239733088524,,,0.0,0.0,0.0,69.66666666666666,45.331294026640734,optimal
2021-02-07 17:30:00,7,19,0.0,0.23222222222222222,0.0,0.1792,33.306,6.0,0,20.104038050113626,,,0.0,0.0,0.0,209.0,45.18443707470562,optimal
2021-02-07 18:00:00,7,19,0.0,0.6192592592592592,0.0,0.6121666666666666,31.3425,6.0,0,20.07779888565767,,,0.0,0.0,0.0,557.3333333333333,45.03772697972244,optimal
2021-02-07 18:30:00,7,19,0.0,0.387037037037037,0.0,1.1627333333333332,28.2555,6.0,0,20.06210121443307,,,0.0,0.0,0.0,348.3333333333333,44.89116359483425,optimal
2021-02-07 19:00:00,7,19,0.0,0.3096296296296296,0.0,1.514733333333333,15.6975,6.0,0,20.03981602856639,,,0.0,0.0,0.0,278.66666666666663,44.74474677333094,optimal
2021-02-07 19:30:00,7,19,0.0,0.23222222222222222,0.0,0.5584333333333332,12.5475,6.0,0,20.041648567404934,,,0.0,0.0,0.0,209.0,44.59847636864913,optimal
2021-02-07 20:00:00,7,19,0.0,0.387037037037037,0.0,0.397,12.0855,6.0,0,20.02257923522449,,,0.0,0.0,0.0,348.3333333333333,44.45235223437201,optimal
2021-02-07 20:30:00,7,19,0.0,0.0,0.0,0.5422,11.907,6.0,0,20.0,,,0.0,0.0,0.0,0.0,44.407899882137635,optimal
2021-02-07 21:00:00,7,19,0.0,0.0,0.0,0.4283,12.5685,6.0,0,19.98129204753665,,,0.0,0.0,0.0,0.0,44.363491982255496,optimal
2021-02-07 21:30:00,7,19,0.0,0.0,0.0,0.3713333333333333,13.146,6.0,0,19.961559320645407,,,0.0,0.0,0.0,0.0,44.31912849027324,optimal
2021-02-07 22:00:00,7,19,0.0,0.0,0.0,1.2887,10.584,6.0,0,19.939895677474436,,,0.0,0.0,0.0,0.0,44.27480936178297,optimal
2021-02-07 22:30:00,7,19,0.0,0.0,0.0,0.5239333333333333,6.678,6.0,0,19.925542703483693,,,0.0,0.0,0.0,0.0,44.23053455242119,optimal
2021-02-07 23:00:00,7,19,0.0,0.0,0.0,0.4879,7.938,6.0,0,19.910510398465085,,,0.0,0.0,0.0,0.0,44.18630401786877,optimal
2021-02-07 23:30:00,7,19,0.0,0.1548148148148148,0.0,0.3116666666666667,5.292,6.0,0,19.897123255260066,,,0.0,0.0,0.0,139.33333333333331,44.1421177138509,optimal
2021-02-08 00:00:00,7,19,1.1428571428571428,0.6192592592592592,0.0,0.09213333333333334,5.9745,6.0,0,19.897123255260066,,,4000.0,0.0,0.0,557.3333333333333,44.09797559613705,optimal
2021-02-08 00:30:00,7,19,1.1428571428571428,0.0,0.0,0.26880000000000004,7.938,6.0,0,19.946529295160346,,,4000.0,0.0,0.0,0.0,44.05387762054091,optimal
2021-02-08 01:00:00,7,19,1.1428571428571428,0.0,0.0,0.11093333333333334,8.6835,6.0,0,20.001739302881788,,,4000.0,0.0,0.0,0.0,44.00982374292037,optimal
2021-02-08 01:30:00,7,19,1.1428571428571428,0.0,0.0,0.2255,7.665,6.0,0,20.044076370818427,,,4000.0,0.0,0.0,0.0,43.96581391917745,optimal
2021-02-08 02:00:00,7,19,1.1428571428571428,0.0,0.0,0.0701,6.7725,6.0,0,20.088489002696306,,,4000.0,0.0,0.0,0.0,43.92184810525827,optimal
2021-02-08 02:30:00,7,19,1.1428571428571428,0.0,0.0,0.26953333333333335,5.5755,6.0,0,20.1295173829444,,,4000.0,0.0,0.0,0.0,43.877926257153014,optimal
2021-02-08 03:00:00,7,19,1.1428571428571428,0.0,2.7795240740888074,0.13140000000000002,5.0925,6.0,0,20.174598375544043,,,4000.0,0.0,0.0,0.0,45.15432226608804,optimal
2021-02-08 03:30:00,7,19,1.1428571428571428,0.0,7.0,0.14253333333333335,4.1895,6.0,0,20.2169012455904,,,4000.0,0.0,0.0,0.0,48.434167943821954,optimal
2021-02-08 04:00:00,7,19,1.1428571428571428,0.0,0.0,0.2199,7.056,6.0,0,20.25918998833408,,,4000.0,0.0,0.0,0.0,48.38573377587813,optimal
2021-02-08 04:30:00,7,19,1.1428571428571428,0.0,0.0,0.11783333333333332,5.271,6.0,0,20.302802826796587,,,4000.0,0.0,0.0,0.0,48.33734804210225,optimal
2021-02-08 05:00:00,7,19,1.1428571428571428,0.0,0.0,0.2132666666666667,7.938,6.0,0,20.343981537211675,,,4000.0,0.0,0.0,0.0,48.289010694060146,optimal
2021-02-08 05:30:00,7,19,1.1428571428571428,0.0,0.0,0.16133333333333336,7.938,6.0,0,20.386722738373056,,,4000.0,0.0,0.0,0.0,48.240721683366075,optimal
2021-02-08 06:00:00,7,19,1.022823406875775,0.0,0.0,0.15833333333333335,11.907,6.0,0,20.428174470236392,,,3579.881924065213,0.0,0.0,0.0,48.192480961682705,optimal
2021-02-08 06:30:00,7,19,1.1428571428571428,0.0,0.0,0.11933333333333332,11.025,6.0,0,20.460840610259947,,,4000.0,0.0,0.0,0.0,48.144288480721016,optimal
2021-02-08 07:00:00,7,19,1.1428571428571428,0.387037037037037,0.0,0.192,11.2875,6.0,0,20.500992799680454,,,4000.0,0.0,0.0,348.3333333333333,48.096144192240295,optimal
2021-02-08 07:30:00,7,19,0.0,5.307051851851851,0.0,1.0171000000000001,12.936,6.0,0,20.5479708135428,,,0.0,0.0,0.0,4776.346666666666,48.048048048048045,optimal
2021-02-08 08:00:00,7,19,0.0,0.6533185185185186,0.0,1.9802333333333328,13.0095,6.0,0,20.52619696460044,,,0.0,0.0,0.0,587.9866666666668,48.0,optimal
2021-02-08 08:30:00,7,19,0.0,0.0,0.0,0.3485,13.671,6.0,0,20.510426714247906,,,0.0,0.0,0.0,0.0,47.832873728193206,optimal
2021-02-08 09:00:00,7,19,0.0,0.0774074074074074,0.0,1.5644,13.188,6.0,0,20.48018126733205,,,0.0,0.0,0.0,69.66666666666666,47.665914582658225,optimal
2021-02-08 09:30:00,7,19,0.0,0.3096296296296296,0.0,1.4907000000000001,13.8495,6.0,0,20.4541539972621,,,0.0,0.0,0.0,278.66666666666663,47.499122396268774,optimal
2021-02-08 10:00:00,7,19,0.0,0.3096296296296296,0.0,0.9637,13.23,6.0,0,20.438915905996367,,,0.0,0.0,0.0,278.66666666666663,47.332497002065715,optimal
2021-02-08 10:30:00,7,19,0.0,0.0,0.0,0.4686,13.3665,6.0,0,20.41850116296535,,,0.0,0.0,0.0,0.0,47.166038233256856,optimal
2021-02-08 11:00:00,7,19,0.0,0.387037037037037,0.0,0.7081000000000001,13.0515,6.0,0,20.388572664079472,,,0.0,0.0,0.0,348.3333333333333,46.99974592321681,optimal
2021-02-08 11:30:00,7,19,0.0,0.387037037037037,0.0,0.33396666666666663,13.5345,6.0,0,20.36107299295662,,,0.0,0.0,0.0,348.3333333333333,46.8336199054868,optimal
2021-02-08 12:00:00,7,19,0.0,0.3096296296296296,0.0,0.4218,14.154,6.0,0,20.328590672638356,,,0.0,0.0,0.0,278.66666666666663,46.66766001377452,optimal
2021-02-08 12:30:00,7,19,0.0,0.0774074074074074,0.0,0.19313333333333332,14.112,6.0,0,20.29901808226968,,,0.0,0.0,0.0,69.66666666666666,46.501866081953956,optimal
2021-02-08 13:00:00,7,19,0.0,0.0,0.0,0.2922666666666667,14.2485,6.0,0,20.260110437035877,,,0.0,0.0,0.0,0.0,46.33623794406521,optimal
2021-02-08 13:30:00,7,19,0.0,0.0,0.0,0.4888,12.789,6.0,0,20.222454630387006,,,0.0,0.0,0.0,0.0,46.17077543431435,optimal
2021-02-08 14:00:00,7,19,0.0,0.23222222222222222,0.0,0.1187,13.0095,6.0,0,20.189522139931796,,,0.0,0.0,0.0,209.0,46.005478387073246,optimal
2021-02-08 14:30:00,7,19,1.1428571428571428,0.0,0.0,0.17086666666666667,12.1275,6.0,0,20.14811484789501,,,4000.0,0.0,0.0,0.0,45.84034663687938,optimal
2021-02-08 15:00:00,7,19,1.1428571428571428,0.0,0.0,0.3974666666666666,12.348,6.0,0,20.182984435641973,,,4000.0,0.0,0.0,0.0,45.67538001843571,optimal
2021-02-08 15:30:00,7,19,1.1428571428571428,0.0,0.0,0.2861,12.348,6.0,0,20.225235283082036,,,4000.0,0.0,0.0,0.0,45.51057836661048,optimal
2021-02-08 16:00:00,7,19,0.0,0.0774074074074074,0.0,0.3787,25.389,6.0,0,20.27028494142509,,,0.0,0.0,0.0,69.66666666666666,45.34594151643708,optimal
2021-02-08 16:30:00,7,19,0.0,0.0,0.0,0.38423333333333337,29.1375,6.0,0,20.239012874666845,,,0.0,0.0,0.0,0.0,45.18146930311385,optimal
2021-02-08 17:00:00,7,19,0.0,0.3096296296296296,0.0,0.37010000000000004,30.597,6.0,0,20.2072454015031,,,0.0,0.0,0.0,278.66666666666663,45.01716156200394,optimal
2021-02-08 17:30:00,7,19,0.0,0.23222222222222222,0.0,0.33323333333333327,33.684,6.0,0,20.181154142675165,,,0.0,0.0,0.0,209.0,44.85301812863515,optimal
2021-02-08 18:00:00,7,19,0.0,0.0,0.0,0.09153333333333331,32.445,6.0,0,20.145661356154374,,,0.0,0.0,0.0,0.0,44.68903883869972,optimal
2021-02-08 18:30:00,7,19,0.0,0.0,0.0,0.1884,28.917,6.0,0,20.096175422888447,,,0.0,0.0,0.0,0.0,44.525223528054234,optimal
2021-02-08 19:00:00,7,19,0.0,0.0,0.0,0.09509999999999999,15.876,6.0,0,20.04890426653652,,,0.0,0.0,0.0,0.0,44.36157203271939,optimal
2021-02-08 19:30:00,7,19,0.53118160685393,0.1548148148148148,0.0,0.3421,12.348,6.0,0,20.0,,,1859.135623988755,0.0,0.0,139.33333333333331,44.198084188879875,optimal
2021-02-08 20:00:00,7,19,0.39031367861519956,0.0,0.0,0.5492666666666667,12.1275,6.0,0,20.0,,,1366.0978751531984,0.0,0.0,0.0,44.034759832884205,optimal
2021-02-08 20:30:00,7,19,0.0,0.0,0.0,0.36010000000000003,12.348,6.0,0,20.0,,,0.0,0.0,0.0,0.0,43.87159880124453,optimal
2021-02-08 21:00:00,7,19,0.0,0.23222222222222222,0.0,0.5914333333333333,12.1275,6.0,0,19.966197481717433,,,0.0,0.0,0.0,209.0,43.70860093063649,optimal
2021-02-08 21:30:00,7,19,0.0,0.1548148148148148,0.0,1.9924000000000002,12.1275,6.0,0,19.938477360069,,,0.0,0.0,0.0,139.33333333333331,43.545766057899066,optimal
2021-02-08 22:00:00,7,19,0.0,0.387037037037037,0.0,0.4336333333333333,11.2665,6.0,0,19.937018203015047,,,0.0,0.0,0.0,348.3333333333333,43.50222029184117,optimal
2021-02-08 22:30:00,7,19,0.0,0.23222222222222222,0.0,0.48510000000000003,10.143,6.0,0,19.91815082256294,,,0.0,0.0,0.0,209.0,43.45871807154933,optimal
2021-02-08 23:00:00,7,19,0.0,0.6966666666666667,0.0,0.5096666666666667,11.2455,6.0,0,19.897131885279567,,,0.0,0.0,0.0,627.0,43.41525935347778,optimal
2021-02-08 23:30:00,7,19,0.0,0.0,0.0,0.22493333333333332,11.025,6.0,0,19.870153772213833,,,0.0,0.0,0.0,0.0,43.3718440941243,optimal
2021-02-09 00:00:00,7,19,1.1428571428571428,0.0,7.0,0.058,10.584,6.0,0,19.870153772213833,,,4000.0,0.0,0.0,0.0,46.65347225003018,optimal
2021-02-09 00:30:00,7,19,1.1428571428571428,0.0,0.0,0.13119999999999998,11.2455,6.0,0,19.905998476986866,,,4000.0,0.0,0.0,0.0,46.60681877778015,optimal
2021-02-09 01:00:00,7,19,1.1428571428571428,0.0,0.0,0.058,12.1275,6.0,0,19.943358786121472,,,4000.0,0.0,0.0,0.0,46.560211959002366,optimal
2021-02-09 01:30:00,7,19,1.1428571428571428,0.0,0.0,0.1758,11.823,6.0,0,19.97927289052053,,,4000.0,0.0,0.0,0.0,46.51365174704336,optimal
2021-02-09 02:00:00,7,19,1.1428571428571428,0.0,0.0,0.07659999999999999,11.7705,6.0,0,20.01721502000626,,,4000.0,0.0,0.0,0.0,46.46713809529632,optimal
2021-02-09 02:30:00,7,19,1.1428571428571428,0.0,0.0,0.1262,11.13,6.0,0,20.052795627197067,,,4000.0,0.0,0.0,0.0,46.420670957201025,optimal
2021-02-09 03:00:00,7,19,1.1428571428571428,0.0,0.0,0.19126666666666667,11.6865,6.0,0,20.08941570545897,,,4000.0,0.0,0.0,0.0,46.37425028624382,optimal
2021-02-09 03:30:00,7,19,1.1428571428571428,0.0,0.0,0.09713333333333334,10.7205,6.0,0,20.12738505297811,,,4000.0,0.0,0.0,0.0,46.32787603595758,optimal
2021-02-09 04:00:00,7,19,1.1428571428571428,0.0,0.0,0.2366,11.424,6.0,0,20.163613179833277,,,4000.0,0.0,0.0,0.0,46.28154815992162,optimal
2021-02-09 04:30:00,7,19,1.1428571428571428,0.0,4.425434590190641,0.058,10.689,6.0,0,20.2028242790224,,,4000.0,0.0,0.0,0.0,48.33734804210225,optimal
2021-02-09 05:00:00,7,19,1.1428571428571428,0.0,0.0,0.0952,11.361,6.0,0,20.238066361868185,,,4000.0,0.0,0.0,0.0,48.289010694060146,optimal
2021-02-09 05:30:00,7,19,1.1428571428571428,0.0,0.0,0.2304,11.571,6.0,0,20.27370975801599,,,4000.0,0.0,0.0,0.0,48.240721683366075,optimal
2021-02-09 06:00:00,7,19,0.0,3.7155555555555555,0.0,1.0660333333333334,14.3745,6.0,0,20.31199243442016,,,0.0,0.0,0.0,3344.0,48.192480961682705,optimal
2021-02-09 06:30:00,7,19,1.1428571428571428,0.1548148148148148,0.0,1.2660666666666667,13.23,6.0,0,20.268999696636516,,,4000.0,0.0,0.0,139.33333333333331,48.144288480721016,optimal
2021-02-09 07:00:00,7,19,0.0,4.876666666666668,0.0,0.11863333333333334,13.9755,6.0,0,20.31282209088751,,,0.0,0.0,0.0,4389.000000000001,48.096144192240295,optimal
2021-02-09 07:30:00,7,19,0.0,0.0,0.0,2.208,14.994,6.0,0,20.271905953747357,,,0.0,0.0,0.0,0.0,48.048048048048045,optimal
2021-02-09 08:00:00,7,19,1.1428571428571428,0.9288888888888889,0.0,0.2512,13.671,6.0,0,20.2355328997723,,,4000.0,0.0,0.0,836.0,48.0,optimal
2021-02-09 08:30:00,7,19,0.0,0.0,0.0,1.0925,15.981,6.0,0,20.279080154404497,,,0.0,0.0,0.0,0.0,47.818157686963445,optimal
2021-02-09 09:00:00,7,19,0.0,3.099392592592593,0.0,0.3567666666666667,15.6345,6.0,0,20.2408372080025,,,0.0,0.0,0.0,2789.453333333334,47.63649721623993,optimal
2021-02-09 09:30:00,7,19,0.0,1.8546814814814818,0.0,4.9167,16.5375,6.0,0,20.206655656203388,,,0.0,0.0,0.0,1669.2133333333336,47.45501840598714,optimal
2021-02-09 10:00:00,7,19,0.0,0.23222222222222222,0.0,4.3755,14.7735,6.0,0,20.19053786341649,,,0.0,0.0,0.0,209.0,47.2737210745446,optimal
2021-02-09 10:30:00,7,19,0.0,0.1548148148148148,0.0,0.37006666666666665,15.2145,6.0,0,20.170531668095943,,,0.0,0.0,0.0,139.33333333333331,47.092605040433504,optimal
2021-02-09 11:00:00,7,19,0.0,0.0774074074074074,0.0,0.28786666666666666,14.553,6.0,0,20.134675799656808,,,0.0,0.0,0.0,69.66666666666666,46.91167012235652,optimal
2021-02-09 11:30:00,7,19,0.0,0.5418518518518518,0.0,2.3781999999999996,14.3325,6.0,0,20.097360750573728,,,0.0,0.0,0.0,487.6666666666667,46.73091613919761,optimal
2021-02-09 12:00:00,7,19,0.0,0.8514814814814814,0.0,2.2461666666666664,14.595,6.0,0,20.07291181837027,,,0.0,0.0,0.0,766.3333333333333,46.55034291002186,optimal
2021-02-09 12:30:00,7,19,0.0,0.5418518518518518,0.0,4.28,14.994,6.0,0,20.04508941463041,,,0.0,0.0,0.0,487.6666666666667,46.369950254075285,optimal
2021-02-09 13:00:00,7,19,0.6681539333274439,0.0,0.0,2.7325333333333335,14.3325,6.0,0,20.017093868130384,,,2338.5387666460533,0.0,0.0,0.0,46.18973799078466,optimal
2021-02-09 13:30:00,7,19,1.1428571428571428,0.0,0.0,4.106633333333333,13.8915,6.0,0,20.031646817257453,,,4000.0,0.0,0.0,0.0,46.00970593975732,optimal
2021-02-09 14:00:00,7,19,1.1428571428571428,0.0,0.0,0.2663666666666667,13.8915,6.0,0,20.083743728474317,,,4000.0,0.0,0.0,0.0,45.829853920781005,optimal
2021-02-09 14:30:00,7,19,1.1428571428571428,0.0,0.0,2.4814000000000003,13.4715,6.0,0,20.12442757079256,,,4000.0,0.0,0.0,0.0,45.650181753823674,optimal
2021-02-09 15:00:00,7,19,1.1428571428571428,0.0,0.0,0.5498,13.23,6.0,0,20.170100652695503,,,4000.0,0.0,0.0,0.0,45.4706892590333,optimal
2021-02-09 15:30:00,7,19,1.1428571428571428,0.23222222222222222,0.0,2.3916,13.8915,6.0,0,20.211540741805432,,,4000.0,0.0,0.0,209.0,45.29137625673771,optimal
2021-02-09 16:00:00,7,19,0.0,0.0,0.0,2.1121666666666665,26.9325,6.0,0,20.25965993045134,,,0.0,0.0,0.0,0.0,45.112242567444426,optimal
2021-02-09 16:30:00,7,19,0.0,0.0,0.0,2.746233333333333,30.303,6.0,0,20.231325868898782,,,0.0,0.0,0.0,0.0,44.93328801184043,optimal
2021-02-09 17:00:00,7,19,0.0,0.3096296296296296,0.0,0.8977333333333334,32.886,6.0,0,20.20558095787194,,,0.0,0.0,0.0,278.66666666666663,44.75451241079204,optimal
2021-02-09 17:30:00,7,19,0.0,0.0774074074074074,0.0,0.31,34.9965,6.0,0,20.170681308195125,,,0.0,0.0,0.0,69.66666666666666,44.575915585344696,optimal
2021-02-09 18:00:00,7,19,0.0,0.23222222222222222,0.0,3.646,33.327,6.0,0,20.13435129962555,,,0.0,0.0,0.0,209.0,44.397497356722795,optimal
2021-02-09 18:30:00,7,19,0.0,0.3096296296296296,0.0,0.3111333333333333,31.122,6.0,0,20.10931602778318,,,0.0,0.0,0.0,278.66666666666663,44.21925754632952,optimal
2021-02-09 19:00:00,7,19,0.0,0.0,0.0,0.4887666666666666,17.9025,6.0,0,20.07138161488035,,,0.0,0.0,0.0,0.0,44.04119597574664,optimal
2021-02-09 19:30:00,7,19,0.0,0.0,0.0,0.43860000000000005,15.6555,6.0,0,20.035586264177173,,,0.0,0.0,0.0,0.0,43.86331246673434,optimal
2021-02-09 20:00:00,7,19,0.4457908997284203,0.23222222222222222,0.0,0.5143333333333334,14.553,6.0,0,20.0,,,1560.268149049471,0.0,0.0,209.0,43.685606841231056,optimal
2021-02-09 20:30:00,7,19,0.0,0.1548148148148148,0.0,1.3653,14.3325,6.0,0,20.0,,,0.0,0.0,0.0,139.33333333333331,43.508078921353274,optimal
2021-02-09 21:00:00,7,19,0.0,0.3096296296296296,0.0,1.7117666666666669,13.335,6.0,0,19.969111382189148,,,0.0,0.0,0.0,278.66666666666663,43.330728529395365,optimal
2021-02-09 21:30:00,7,19,0.0,0.23222222222222222,0.0,0.9503666666666668,12.1275,6.0,0,19.953227836430433,,,0.0,0.0,0.0,209.0,43.153555487829415,optimal
2021-02-09 22:00:00,7,19,0.0,0.1548148148148148,0.0,2.566,12.2955,6.0,0,19.928786987787767,,,0.0,0.0,0.0,139.33333333333331,42.976559619305036,optimal
2021-02-09 22:30:00,7,19,0.0,0.6966666666666667,0.0,0.36136666666666667,11.6865,6.0,0,19.907224713190622,,,0.0,0.0,0.0,627.0,42.79974074664918,optimal
2021-02-09 23:00:00,7,19,0.0,1.7029629629629628,0.0,1.9474333333333327,11.466,6.0,0,19.87986130479343,,,0.0,0.0,0.0,1532.6666666666665,42.756941005902526,optimal
2021-02-09 23:30:00,7,19,0.0,0.0,0.0,0.5007666666666667,10.8045,6.0,0,19.86804990103075,,,0.0,0.0,0.0,0.0,42.71418406489662,optimal
2021-02-10 00:00:00,7,19,1.1428571428571428,0.0,0.0,0.09716666666666668,10.8045,6.0,0,19.86804990103075,,,4000.0,0.0,0.0,0.0,42.67146988083172,optimal
2021-02-10 00:30:00,7,19,1.1428571428571428,0.0,0.0,0.12816666666666665,11.508,6.0,0,19.907622222314128,,,4000.0,0.0,0.0,0.0,42.62879841095089,optimal
2021-02-10 01:00:00,7,19,1.1428571428571428,0.0,0.0,0.0726,11.508,6.0,0,19.947459375918765,,,4000.0,0.0,0.0,0.0,42.58616961253994,optimal
2021-02-10 01:30:00,7,19,1.1428571428571428,0.0,0.0,0.2545,11.508,6.0,0,19.985811672318214,,,4000.0,0.0,0.0,0.0,42.5435834429274,optimal
2021-02-10 02:00:00,7,19,1.1428571428571428,0.0,0.0,0.08683333333333333,11.844,6.0,0,20.027480763133177,,,4000.0,0.0,0.0,0.0,42.50103985948447,optimal
2021-02-10 02:30:00,7,19,1.1428571428571428,0.0,0.0,0.2144333333333333,11.508,6.0,0,20.0653953697648,,,4000.0,0.0,0.0,0.0,42.458538819624984,optimal
2021-02-10 03:00:00,7,19,1.1428571428571428,0.0,0.0,0.1385,11.508,6.0,0,20.105789822828882,,,4000.0,0.0,0.0,0.0,42.41608028080536,optimal
2021-02-10 03:30:00,7,19,1.1428571428571428,0.0,7.0,0.16413333333333333,10.4475,6.0,0,20.144545486909628,,,4000.0,0.0,0.0,0.0,45.698664200524554,optimal
2021-02-10 04:00:00,7,19,1.1428571428571428,0.0,0.0,0.18880000000000002,10.8675,6.0,0,20.183718671961724,,,4000.0,0.0,0.0,0.0,45.65296553632403,optimal
2021-02-10 04:30:00,7,19,1.1428571428571428,0.0,5.341001915649091,0.061,10.542,6.0,0,20.223288765943824,,,4000.0,0.0,0.0,0.0,48.144288480721016,optimal
2021-02-10 05:00:00,7,19,1.1428571428571428,0.0,0.0,0.2352,11.025,6.0,0,20.259915283240154,,,4000.0,0.0,0.0,0.0,48.096144192240295,optimal
2021-02-10 05:30:00,7,19,1.1428571428571428,0.0,0.0,0.11773333333333331,11.025,6.0,0,20.299707493010093,,,4000.0,0.0,0.0,0.0,48.048048048048045,optimal
2021-02-10 06:00:00,7,19,1.1428571428571428,0.0,0.0,1.5038333333333334,14.553,6.0,0,20.336764326749787,,,4000.0,0.0,0.0,0.0,48.0,optimal
2021-02-10 06:30:00,7,19,1.1428571428571428,0.5418518518518518,0.0,2.3594666666666666,13.0935,6.0,0,20.385166118558704,,,4000.0,0.0,0.0,487.6666666666667,47.91806150521949,optimal
2021-02-10 07:00:00,7,19,1.1428571428571428,0.1548148148148148,0.0,1.120266666666667,15.6345,6.0,0,20.43592910826721,,,4000.0,0.0,0.0,139.33333333333331,47.83620494893376,optimal
2021-02-10 07:30:00,7,19,0.0,1.9351851851851851,0.0,0.34563333333333335,18.102,6.0,0,20.48549960566033,,,0.0,0.0,0.0,1741.6666666666667,47.75443024920432,optimal
2021-02-10 08:00:00,7,19,0.0,2.0899999999999994,0.0,0.5569333333333333,17.199,6.0,0,20.45713813473754,,,0.0,0.0,0.0,1880.9999999999998,47.672737324174605,optimal
2021-02-10 08:30:00,7,19,0.0,0.1548148148148148,0.0,0.4511,18.2805,6.0,0,20.42876641558344,,,0.0,0.0,0.0,139.33333333333331,47.59112609206992,optimal
2021-02-10 09:00:00,7,19,0.0,0.0,0.0,0.3703333333333333,17.4615,6.0,0,20.39221153366079,,,0.0,0.0,0.0,0.0,47.50959647119734,optimal
2021-02-10 09:30:00,7,19,0.0,0.0,0.0,0.27936666666666665,18.3225,6.0,0,20.35198404091409,,,0.0,0.0,0.0,0.0,47.42814837994564,optimal
2021-02-10 10:00:00,7,19,0.0,0.46444444444444444,0.0,0.31706666666666666,17.094,6.0,0,20.30700377259937,,,0.0,0.0,0.0,418.0,47.34678173678519,optimal
2021-02-10 10:30:00,7,19,0.0,0.0,0.0,0.12266666666666669,17.094,6.0,0,20.262225642441127,,,0.0,0.0,0.0,0.0,47.2654964602679,optimal
2021-02-10 11:00:00,7,19,1.1428571428571428,0.0,0.0,0.071,17.094,6.0,0,20.212953491991275,,,4000.0,0.0,0.0,0.0,47.18429246902712,optimal
2021-02-10 11:30:00,7,19,0.0,0.0,0.0,0.0942,17.3565,6.0,0,20.24397007566989,,,0.0,0.0,0.0,0.0,47.10316968177759,optimal
2021-02-10 12:00:00,7,19,1.1428571428571428,0.0,0.0,0.2012333333333333,17.115,6.0,0,20.19481757053936,,,4000.0,0.0,0.0,0.0,47.0221280173153,optimal
2021-02-10 12:30:00,7,19,1.1268543013875376,0.0,0.0,0.1485,17.241,6.0,0,20.229030383259374,,,3943.990054856382,0.0,0.0,0.0,46.94116739451748,optimal
2021-02-10 13:00:00,7,19,1.1428571428571428,0.0,0.0,0.071,17.094,6.0,0,20.260957521409473,,,4000.0,0.0,0.0,0.0,46.86028773234246,optimal
2021-02-10 13:30:00,7,19,1.1428571428571428,0.0774074074074074,0.0,0.5190666666666667,16.5165,6.0,0,20.29236777954148,,,4000.0,0.0,0.0,69.66666666666666,46.779488949829606,optimal
2021-02-10 14:00:00,7,19,0.0,0.0,0.0,0.1464,17.8185,6.0,0,20.334541151054935,,,0.0,0.0,0.0,0.0,46.69877096609927,optimal
2021-02-10 14:30:00,7,19,1.1428571428571428,0.0,0.0,0.08259999999999999,17.094,6.0,0,20.28750373262106,,,4000.0,0.0,0.0,0.0,46.61813370035266,optimal
2021-02-10 15:00:00,7,19,1.1428571428571428,0.0,0.0,0.249,16.8945,6.0,0,20.320115612203573,,,4000.0,0.0,0.0,0.0,46.537577071871794,optimal
2021-02-10 15:30:00,7,19,0.0,0.0,0.0,0.11233333333333331,18.123,6.0,0,20.35600499117053,,,0.0,0.0,0.0,0.0,46.457101000019414,optimal
2021-02-10 16:00:00,7,19,0.0,0.387037037037037,0.0,0.36610000000000004,31.647,6.0,0,20.307705687984086,,,0.0,0.0,0.0,348.3333333333333,46.37670540423888,optimal
2021-02-10 16:30:00,7,19,0.0,0.0,0.0,0.2597333333333333,34.9965,6.0,0,20.26791541141919,,,0.0,0.0,0.0,0.0,46.296390204054134,optimal
2021-02-10 17:00:00,7,19,0.0,0.23222222222222222,0.0,0.4934666666666666,34.9965,6.0,0,20.226561246867643,,,0.0,0.0,0.0,209.0,46.21615531906957,optimal
2021-02-10 17:30:00,7,19,0.0,0.774074074074074,0.0,0.23176666666666668,34.9965,6.0,0,20.191606320539115,,,0.0,0.0,0.0,696.6666666666666,46.13600066896999,optimal
2021-02-10 18:00:00,7,19,0.0,0.0,0.0,0.5648,34.9965,6.0,0,20.155268703658113,,,0.0,0.0,0.0,0.0,46.05592617352051,optimal
2021-02-10 18:30:00,7,19,0.0,0.0,0.0,1.3120666666666667,34.9965,6.0,0,20.126014002359856,,,0.0,0.0,0.0,0.0,45.97593175256648,optimal
2021-02-10 19:00:00,7,19,0.0,0.387037037037037,0.0,1.2377333333333331,27.741,6.0,0,20.093505086113023,,,0.0,0.0,0.0,348.3333333333333,45.89601732603341,optimal
2021-02-10 19:30:00,7,19,0.0,0.0,0.0,0.46463333333333334,19.026,6.0,0,20.06417327419723,,,0.0,0.0,0.0,0.0,45.816182813926865,optimal
2021-02-10 20:00:00,7,19,0.0,0.1548148148148148,0.0,0.39953333333333335,18.7215,6.0,0,20.03417914277327,,,0.0,0.0,0.0,139.33333333333331,45.73642813633243,optimal
2021-02-10 20:30:00,7,19,0.0,0.0,0.0,0.5208666666666667,17.4195,6.0,0,20.0,,,0.0,0.0,0.0,0.0,45.65675321341559,optimal
2021-02-10 21:00:00,7,19,0.0,0.46444444444444444,0.0,0.4662,16.758,6.0,0,19.965709166413678,,,0.0,0.0,0.0,418.0,45.57715796542167,optimal
2021-02-10 21:30:00,7,19,0.0,0.1548148148148148,0.0,0.5206000000000001,14.217,6.0,0,19.931430176448032,,,0.0,0.0,0.0,139.33333333333331,45.497642312675744,optimal
2021-02-10 22:00:00,7,19,0.0,0.387037037037037,0.0,0.44830000000000003,13.3665,6.0,0,19.898423671398305,,,0.0,0.0,0.0,348.3333333333333,45.41820617558256,optimal
2021-02-10 22:30:00,7,19,0.0,0.3096296296296296,0.0,0.6520333333333334,12.789,6.0,0,19.86342473653242,,,0.0,0.0,0.0,278.66666666666663,45.33884947462647,optimal
2021-02-10 23:00:00,7,19,0.0,0.23222222222222222,0.0,0.5620666666666667,11.907,6.0,0,19.830304214322023,,,0.0,0.0,0.0,209.0,45.293510625151846,optimal
2021-02-10 23:30:00,7,19,0.0,0.0,0.0,0.3969666666666666,11.7075,6.0,0,19.79647178532724,,,0.0,0.0,0.0,0.0,45.248217114526696,optimal
2021-02-11 00:00:00,7,19,1.1428571428571428,0.0,0.0,0.1799,11.025,6.0,0,19.79647178532724,,,4000.0,0.0,0.0,0.0,45.20296889741217,optimal
2021-02-11 00:30:00,7,19,1.1428571428571428,0.0,0.0,0.12866666666666665,12.0855,6.0,0,19.82725771143139,,,4000.0,0.0,0.0,0.0,45.157765928514756,optimal
2021-02-11 01:00:00,7,19,1.1428571428571428,0.0,0.0,0.08183333333333333,11.6865,6.0,0,19.857187778985537,,,4000.0,0.0,0.0,0.0,45.11260816258624,optimal
2021-02-11 01:30:00,7,19,1.1428571428571428,0.0,0.0,0.24813333333333332,11.2245,6.0,0,19.88635310282528,,,4000.0,0.0,0.0,0.0,45.06749555442366,optimal
2021-02-11 02:00:00,7,19,1.1428571428571428,0.0,0.0,0.07826666666666666,11.025,6.0,0,19.91880283351043,,,4000.0,0.0,0.0,0.0,45.02242805886923,optimal
2021-02-11 02:30:00,7,19,1.1428571428571428,0.0,0.0,0.2013,10.7835,6.0,0,19.947736511578547,,,4000.0,0.0,0.0,0.0,44.97740563081036,optimal
2021-02-11 03:00:00,7,19,1.1428571428571428,0.0,0.0,0.1251,11.025,6.0,0,19.978822029108773,,,4000.0,0.0,0.0,0.0,44.93242822517955,optimal
2021-02-11 03:30:00,7,19,1.1428571428571428,0.0,0.45265717589671794,0.06756666666666666,10.584,6.0,0,20.008028477960945,,,4000.0,0.0,0.0,0.0,45.1025079555053,optimal
2021-02-11 04:00:00,7,19,1.1428571428571428,0.0,0.0,0.16733333333333333,11.025,6.0,0,20.036644376594925,,,4000.0,0.0,0.0,0.0,45.0574054475498,optimal
2021-02-11 04:30:00,7,19,1.1428571428571428,0.0,7.0,0.17333333333333334,10.4265,6.0,0,20.06784936314015,,,4000.0,0.0,0.0,0.0,48.33734804210225,optimal
2021-02-11 05:00:00,7,19,1.1428571428571428,0.0,0.0,0.11036666666666665,12.789,6.0,0,20.099094752797086,,,4000.0,0.0,0.0,0.0,48.289010694060146,optimal
2021-02-11 05:30:00,7,19,1.1428571428571428,0.0,0.0,0.23386666666666667,12.684,6.0,0,20.12898702988567,,,4000.0,0.0,0.0,0.0,48.240721683366075,optimal
2021-02-11 06:00:00,7,19,1.1428571428571428,0.0,0.0,0.09253333333333331,16.254,6.0,0,20.161944600228505,,,4000.0,0.0,0.0,0.0,48.192480961682705,optimal
2021-02-11 06:30:00,7,19,1.1428571428571428,0.5418518518518518,0.0,0.0833,17.64,6.0,0,20.1926087993325,,,4000.0,0.0,0.0,487.6666666666667,48.144288480721016,optimal
2021-02-11 07:00:00,7,19,0.0,1.4134592592592592,0.0,0.22776666666666667,19.1625,6.0,0,20.224947595655443,,,0.0,0.0,0.0,1272.1133333333332,48.096144192240295,optimal
2021-02-11 07:30:00,7,19,0.0,5.708022222222223,0.0,0.10479999999999999,26.46,6.0,0,20.183922713634193,,,0.0,0.0,0.0,5137.220000000001,48.048048048048045,optimal
2021-02-11 08:00:00,7,19,0.0,0.6192592592592592,0.0,0.42253333333333337,20.79,6.0,0,20.146006479771852,,,0.0,0.0,0.0,557.3333333333333,48.0,optimal
2021-02-11 08:30:00,7,19,0.0,0.46444444444444444,0.0,0.4057,29.106,6.0,0,20.12165671320915,,,0.0,0.0,0.0,418.0,47.674048608648995,optimal
2021-02-11 09:00:00,7,19,0.053299187566985595,2.941481481481482,0.0,0.2413333333333333,19.1835,6.0,0,20.094686994738698,,,186.54715648444957,0.0,0.0,2647.3333333333335,47.348423168689344,optimal
2021-02-11 09:30:00,7,19,0.0,0.23222222222222222,0.0,0.42706666666666665,19.6665,6.0,0,20.060814381895707,,,0.0,0.0,0.0,209.0,47.02312335416965,optimal
2021-02-11 10:00:00,7,19,0.0,6.502222222222221,0.0,0.5670333333333333,19.404,6.0,0,20.027350293009153,,,0.0,0.0,0.0,5851.999999999999,46.69814883946447,optimal
2021-02-11 10:30:00,7,19,0.5517056860784753,0.1548148148148148,0.0,0.5346333333333333,19.047,6.0,0,20.0,,,1930.9699012746635,0.0,0.0,139.33333333333331,46.373499299274,optimal
2021-02-11 11:00:00,7,19,1.1428571428571428,0.0,0.0,0.35096666666666665,18.858,6.0,0,20.005720361614515,,,4000.0,0.0,0.0,0.0,46.04917440862373,optimal
2021-02-11 11:30:00,7,19,0.0,0.0,0.0,0.2886666666666667,19.2675,6.0,0,20.045183923252537,,,0.0,0.0,0.0,0.0,45.7251738428641,optimal
2021-02-11 12:00:00,7,19,0.922764098265355,0.0,0.0,0.14223333333333332,18.963,6.0,0,20.0,,,3229.6743439287425,0.0,0.0,0.0,45.40149727767024,optimal
2021-02-11 12:30:00,7,19,1.1428571428571428,0.0,0.0,0.0923,18.438,6.0,0,20.01793735256867,,,4000.0,0.0,0.0,0.0,45.07814438904156,optimal
2021-02-11 13:00:00,7,19,1.1428571428571428,0.0,0.0,0.1899,18.7425,6.0,0,20.052066657125355,,,4000.0,0.0,0.0,0.0,44.755114853301514,optimal
2021-02-11 13:30:00,7,19,1.1428571428571428,0.0,0.0,0.11323333333333332,15.2145,6.0,0,20.089763002512687,,,4000.0,0.0,0.0,0.0,44.43240834709721,optimal
2021-02-11 14:00:00,7,19,1.1428571428571428,0.0,0.0,0.21486666666666668,17.7765,6.0,0,20.12607173300431,,,4000.0,0.0,0.0,0.0,44.11002454739911,optimal
2021-02-11 14:30:00,7,19,1.1428571428571428,0.0,0.0,0.0923,16.758,6.0,0,20.16459883789615,,,4000.0,0.0,0.0,0.0,43.7879631315007,optimal
2021-02-11 15:00:00,7,19,1.1428571428571428,0.0,0.0,0.12279999999999999,16.422,6.0,0,20.19964329666913,,,4000.0,0.0,0.0,0.0,43.4662237770182,optimal
2021-02-11 15:30:00,7,19,1.1428571428571428,0.0,0.0,0.21646666666666667,16.758,6.0,0,20.234306705861144,,,4000.0,0.0,0.0,0.0,43.14480616189018,optimal
2021-02-11 16:00:00,7,19,0.0,0.5418518518518518,0.0,0.5882666666666666,29.358,6.0,0,20.26779426264342,,,0.0,0.0,0.0,487.6666666666667,42.82370996437729,optimal
2021-02-11 16:30:00,7,19,0.0,0.46444444444444444,0.0,0.6419333333333332,34.9965,6.0,0,20.232910096711407,,,0.0,0.0,0.0,418.0,42.50293486306191,optimal
2021-02-11 17:00:00,7,19,0.0,0.0774074074074074,0.0,0.506,34.65,6.0,0,20.197522276833222,,,0.0,0.0,0.0,69.66666666666666,42.18248053684785,optimal
2021-02-11 17:30:00,7,19,0.0,0.0774074074074074,0.0,0.261,34.9965,6.0,0,20.162264898437677,,,0.0,0.0,0.0,69.66666666666666,41.86234666496,optimal
2021-02-11 18:00:00,7,19,0.0,0.6966666666666667,0.0,0.5191666666666667,34.9965,6.0,0,20.119717191918294,,,0.0,0.0,0.0,627.0,41.542532926944034,optimal
2021-02-11 18:30:00,7,19,0.0,0.3096296296296296,0.0,0.3136333333333333,30.4815,6.0,0,20.08699948201083,,,0.0,0.0,0.0,278.66666666666663,41.223039002666084,optimal
2021-02-11 19:00:00,7,19,0.0,0.9288888888888889,0.0,0.2682,21.4305,6.0,0,20.04518783506679,,,0.0,0.0,0.0,836.0,40.903864572312415,optimal
2021-02-11 19:30:00,7,19,0.7323504225255475,1.470740740740741,0.0,0.1751,14.3325,6.0,0,20.0,,,2563.2264788394164,0.0,0.0,1323.6666666666667,40.5850093163891,optimal
2021-02-11 20:00:00,7,19,0.7911944877919975,0.23222222222222222,0.0,0.2447,13.692,6.0,0,20.0,,,2769.180707271991,0.0,0.0,209.0,40.26647291572171,optimal
2021-02-11 20:30:00,7,19,0.0,0.0,0.0,0.195,14.007,6.0,0,20.0,,,0.0,0.0,0.0,0.0,39.94825505145498,optimal
2021-02-11 21:00:00,7,19,0.0,0.0,0.0,0.2367333333333333,12.873,6.0,0,19.93937157270975,,,0.0,0.0,0.0,0.0,39.63035540505252,optimal
2021-02-11 21:30:00,7,19,0.0,0.0,0.0,0.1275,12.684,6.0,0,19.87521533185228,,,0.0,0.0,0.0,0.0,39.312773658296464,optimal
2021-02-11 22:00:00,7,19,0.0,0.0,0.0,0.09079999999999999,12.306,6.0,0,19.8099248013865,,,0.0,0.0,0.0,0.0,38.995509493287166,optimal
2021-02-11 22:30:00,7,19,0.0,0.0,0.0,0.2021,10.6365,6.0,0,19.744968391556483,,,0.0,0.0,0.0,0.0,38.67856259244287,optimal
2021-02-11 23:00:00,7,19,0.0,0.387037037037037,0.0,0.20533333333333328,11.2455,6.0,0,19.680874925526876,,,0.0,0.0,0.0,348.3333333333333,38.63988402985043,optimal
2021-02-11 23:30:00,7,19,0.0,0.0,0.0,0.069,11.2455,6.0,0,19.62001278538425,,,0.0,0.0,0.0,0.0,38.60124414582058,optimal
2021-02-12 00:00:00,7,19,1.1428571428571428,0.23222222222222222,0.0,0.14236666666666667,10.3635,6.0,0,19.62001278538425,,,4000.0,0.0,0.0,209.0,38.56264290167476,optimal
2021-02-12 00:30:00,7,19,1.1428571428571428,2.1674074074074072,0.0,0.218,10.8045,6.0,0,19.650416258015184,,,4000.0,0.0,0.0,1950.6666666666667,38.52408025877308,optimal
2021-02-12 01:00:00,7,19,1.1428571428571428,0.0,0.0,0.22569999999999998,11.025,6.0,0,19.68418174715097,,,4000.0,0.0,0.0,0.0,38.48555617851431,optimal
2021-02-12 01:30:00,7,19,1.1428571428571428,0.0,0.0,0.3086333333333333,10.3635,6.0,0,19.718527192437424,,,4000.0,0.0,0.0,0.0,38.447070622335794,optimal
2021-02-12 02:00:00,7,19,1.1428571428571428,0.0,0.0,0.2612,10.8045,6.0,0,19.749997249672198,,,4000.0,0.0,0.0,0.0,38.40862355171346,optimal
2021-02-12 02:30:00,7,19,1.1428571428571428,0.0,6.839584128347748,0.056,10.059,6.0,0,19.77475990928333,,,4000.0,0.0,0.0,0.0,41.619017389126924,optimal
2021-02-12 03:00:00,7,19,1.1428571428571428,0.0,0.0,0.056,10.584,6.0,0,19.796089553797312,,,4000.0,0.0,0.0,0.0,41.57739837173779,optimal
2021-02-12 03:30:00,7,19,1.1428571428571428,0.0,7.0,0.13140000000000002,9.4185,6.0,0,19.81814096089734,,,4000.0,0.0,0.0,0.0,44.86082097336606,optimal
2021-02-12 04:00:00,7,19,1.1428571428571428,0.0,0.0,0.2601333333333333,10.3635,6.0,0,19.84347166123335,,,4000.0,0.0,0.0,0.0,44.815960152392684,optimal
2021-02-12 04:30:00,7,19,1.1428571428571428,0.0,7.0,0.056,9.8385,6.0,0,19.873150714602208,,,4000.0,0.0,0.0,0.0,48.096144192240295,optimal
2021-02-12 05:00:00,7,19,1.1428571428571428,0.0,0.0,0.5700666666666667,11.067,6.0,0,19.90044157950333,,,4000.0,0.0,0.0,0.0,48.048048048048045,optimal
2021-02-12 05:30:00,7,19,1.1428571428571428,0.3096296296296296,0.0,2.8536333333333332,10.8465,6.0,0,19.94303982479592,,,4000.0,0.0,0.0,278.66666666666663,48.0,optimal
2021-02-12 06:00:00,7,19,1.1428571428571428,0.0774074074074074,0.0,0.2114,13.671,6.0,0,20.02044856441039,,,4000.0,0.0,0.0,69.66666666666666,47.36555246408736,optimal
2021-02-12 06:30:00,7,19,1.1428571428571428,1.7803703703703702,0.0,0.428,12.348,6.0,0,20.067529924716414,,,4000.0,0.0,0.0,1602.3333333333333,46.73173937571063,optimal
2021-02-12 07:00:00,7,19,1.1428571428571428,0.46444444444444444,0.0,0.3072,14.3325,6.0,0,20.115064742078463,,,4000.0,0.0,0.0,418.0,46.09856010042228,optimal
2021-02-12 07:30:00,7,19,0.0,0.0,0.0,0.2714,15.393,6.0,0,20.150011966177683,,,0.0,0.0,0.0,0.0,45.46601400440922,optimal
2021-02-12 08:00:00,7,19,1.1428571428571428,0.1548148148148148,0.0,0.2692,13.587,6.0,0,20.103312304572388,,,4000.0,0.0,0.0,139.33333333333331,44.834100454492166,optimal
2021-02-12 08:30:00,7,19,0.0,0.0,0.0,0.3457333333333333,16.1385,6.0,0,20.136484520341227,,,0.0,0.0,0.0,0.0,44.20281881812503,optimal
2021-02-12 09:00:00,7,19,0.306270670641931,0.0,0.0,0.182,14.595,6.0,0,20.090493122221716,,,1071.9473472467585,0.0,0.0,0.0,43.57216846339426,optimal
2021-02-12 09:30:00,7,19,0.0,0.0,0.0,0.22953333333333334,14.637,6.0,0,20.052697283451984,,,0.0,0.0,0.0,0.0,42.94214875901823,optimal
2021-02-12 10:00:00,7,19,0.7094279139216761,0.0,0.0,0.066,13.9125,6.0,0,20.0,,,2482.9976987258665,0.0,0.0,0.0,42.31275907434657,optimal
2021-02-12 10:30:00,7,19,0.8658668883764773,0.0,0.0,0.12546666666666667,13.3665,6.0,0,20.0,,,3030.5341093176703,0.0,0.0,0.0,41.683998779359584,optimal
2021-02-12 11:00:00,7,19,1.1428571428571428,0.0,0.0,0.17006666666666667,13.0095,6.0,0,20.013299974136906,,,4000.0,0.0,0.0,0.0,41.05586724466758,optimal
2021-02-12 11:30:00,7,19,0.0,0.0,0.0,0.066,13.8915,6.0,0,20.048089824178057,,,0.0,0.0,0.0,0.0,40.428363841510276,optimal
2021-02-12 12:00:00,7,19,0.5877592590817065,0.0,0.0,0.32746666666666663,13.188,6.0,0,20.0,,,2057.1574067859724,0.0,0.0,0.0,39.80148794175612,optimal
2021-02-12 12:30:00,7,19,0.5977565050025494,0.0,0.0,0.0814,12.5685,6.0,0,20.0,,,2092.1477675089227,0.0,0.0,0.0,39.17523891790172,optimal
2021-02-12 13:00:00,7,19,0.502039465781921,0.0,0.0,0.093,12.285,6.0,0,20.0,,,1757.1381302367238,0.0,0.0,0.0,38.549616143071184,optimal
2021-02-12 13:30:00,7,19,1.1428571428571428,0.0,0.0,0.5522666666666667,11.487,6.0,0,20.0,,,4000.0,0.0,0.0,0.0,37.92461899101547,optimal
2021-02-12 14:00:00,7,19,1.1428571428571428,0.0,0.0,0.10316666666666668,11.802,6.0,0,20.05446982992121,,,4000.0,0.0,0.0,0.0,37.30024683611182,optimal
2021-02-12 14:30:00,7,19,1.1428571428571428,0.0,0.0,0.066,11.2245,6.0,0,20.08780139334977,,,4000.0,0.0,0.0,0.0,36.67649905336307,optimal
2021-02-12 15:00:00,7,19,1.1428571428571428,0.0,0.0,0.22953333333333334,11.025,6.0,0,20.12003670506853,,,4000.0,0.0,0.0,0.0,36.05337501839706,optimal
2021-02-12 15:30:00,7,19,0.22144038045540448,0.774074074074074,0.0,0.31803333333333333,11.907,6.0,0,20.155233571145523,,,775.0413315939157,0.0,0.0,696.6666666666666,35.430874107466025,optimal
2021-02-12 16:00:00,7,19,0.0,0.23222222222222222,0.0,0.212,25.83,6.0,0,20.13551159801795,,,0.0,0.0,0.0,209.0,34.808995697445916,optimal
2021-02-12 16:30:00,7,19,0.0,0.5418518518518518,0.0,0.20896666666666666,28.035,6.0,0,20.103422503245433,,,0.0,0.0,0.0,487.6666666666667,34.18773916583583,optimal
2021-02-12 17:00:00,7,19,0.0,0.0,0.0,1.9912,28.119,6.0,0,20.075070277342633,,,0.0,0.0,0.0,0.0,33.56710389075735,optimal
2021-02-12 17:30:00,7,19,0.0,0.387037037037037,0.0,0.9276333333333332,30.156,6.0,0,20.07117601733096,,,0.0,0.0,0.0,348.3333333333333,32.94708925095395,optimal
2021-02-12 18:00:00,7,19,0.0,0.46444444444444444,0.0,0.3228666666666667,29.1585,6.0,0,20.05373408323656,,,0.0,0.0,0.0,418.0,32.914142161703,optimal
2021-02-12 18:30:00,7,19,0.0,0.6966666666666667,0.0,0.5172,26.712,6.0,0,20.03385761851952,,,0.0,0.0,0.0,627.0,32.8812280195413,optimal
2021-02-12 19:00:00,7,19,0.0,0.0,0.0,1.0067333333333333,15.435,6.0,0,20.01980947186157,,,0.0,0.0,0.0,0.0,32.848346791521756,optimal
2021-02-12 19:30:00,7,19,0.0,0.0,0.0,2.0983,13.566,6.0,0,20.007937536208313,,,0.0,0.0,0.0,0.0,32.81549844473023,optimal
2021-02-12 20:00:00,7,19,0.0,0.3096296296296296,0.0,0.5312,12.789,6.0,0,20.01475392869953,,,0.0,0.0,0.0,278.66666666666663,32.7826829462855,optimal
2021-02-12 20:30:00,7,19,0.0,2.5544444444444445,0.0,0.24546666666666667,12.1275,6.0,0,20.0,,,0.0,0.0,0.0,2299.0,32.749900263339214,optimal
2021-02-12 21:00:00,7,19,0.0,0.0,0.0,0.47736666666666666,13.671,6.0,0,19.977132683254172,,,0.0,0.0,0.0,0.0,32.71715036307587,optimal
2021-02-12 21:30:00,7,19,0.0,0.1548148148148148,0.0,0.5517666666666666,10.668,6.0,0,19.957416048147365,,,0.0,0.0,0.0,139.33333333333331,32.6844332127128,optimal
2021-02-12 22:00:00,7,19,0.0,0.3096296296296296,0.0,0.3709333333333333,11.7285,6.0,0,19.93777680499509,,,0.0,0.0,0.0,278.66666666666663,32.65174877950008,optimal
2021-02-12 22:30:00,7,19,0.0,0.1548148148148148,0.0,0.8513333333333334,11.025,6.0,0,19.91445557417419,,,0.0,0.0,0.0,139.33333333333331,32.61909703072058,optimal
2021-02-12 23:00:00,7,19,0.0,0.0,0.0,0.44226666666666664,10.689,6.0,0,19.9026855042501,,,0.0,0.0,0.0,0.0,32.586477933689864,optimal
2021-02-12 23:30:00,7,19,0.0,0.0,0.0,0.0756,8.1585,6.0,0,19.876286480699658,,,0.0,0.0,0.0,0.0,32.55389145575617,optimal
2021-02-13 00:00:00,7,19,1.1428571428571428,0.0,0.0,0.061,9.3975,6.0,0,19.876286480699658,,,4000.0,0.0,0.0,0.0,32.52133756430042,optimal
2021-02-13 00:30:00,7,19,1.1428571428571428,0.0,0.0,0.061,10.059,6.0,0,19.91325534943835,,,4000.0,0.0,0.0,0.0,32.48881622673612,optimal
2021-02-13 01:00:00,7,19,1.1428571428571428,0.0,0.0,0.061,9.261,6.0,0,19.950257969104666,,,4000.0,0.0,0.0,0.0,32.45632741050938,optimal
2021-02-13 01:30:00,7,19,1.1428571428571428,0.0,7.0,0.061,8.1585,6.0,0,19.98729425228293,,,4000.0,0.0,0.0,0.0,35.74887108309888,optimal
2021-02-13 02:00:00,7,19,1.1428571428571428,0.0,0.0,0.061,9.4815,6.0,0,20.02436411178387,,,4000.0,0.0,0.0,0.0,35.713122212015776,optimal
2021-02-13 02:30:00,7,19,1.1428571428571428,0.0,0.0,0.061,8.379,6.0,0,20.061467460644053,,,4000.0,0.0,0.0,0.0,35.67740908980376,optimal
2021-02-13 03:00:00,7,19,1.1428571428571428,0.0,0.0,0.061,9.5235,6.0,0,20.09847471098318,,,4000.0,0.0,0.0,0.0,35.64173168071395,optimal
2021-02-13 03:30:00,7,19,1.1428571428571428,0.0,7.0,0.061,8.1375,6.0,0,20.135386111698615,,,4000.0,0.0,0.0,0.0,38.93108994903324,optimal
2021-02-13 04:00:00,7,19,1.1428571428571428,0.0,0.0,0.061,10.0905,6.0,0,20.172072409900984,,,4000.0,0.0,0.0,0.0,38.89215885908421,optimal
2021-02-13 04:30:00,7,19,1.1428571428571428,0.0,7.0,0.061,7.539,6.0,0,20.20853418861094,,,4000.0,0.0,0.0,0.0,42.17826670022513,optimal
2021-02-13 05:00:00,7,19,1.1428571428571428,0.0,7.0,0.061,7.938,6.0,0,20.244642528197005,,,4000.0,0.0,0.0,0.0,45.46108843352491,optimal
2021-02-13 05:30:00,7,19,1.1428571428571428,0.0,5.744549759220302,0.061,8.274,6.0,0,20.28039834407458,,,4000.0,0.0,0.0,0.0,48.144288480721016,optimal
2021-02-13 06:00:00,7,19,1.1428571428571428,0.0,0.0,0.061,9.261,6.0,0,20.315802549288122,,,4000.0,0.0,0.0,0.0,48.096144192240295,optimal
2021-02-13 06:30:00,7,19,1.1428571428571428,0.0,0.0,0.06833333333333333,9.9225,6.0,0,20.350856054517283,,,4000.0,0.0,0.0,0.0,48.048048048048045,optimal
2021-02-13 07:00:00,7,19,1.1428571428571428,1.006296296296296,0.0,0.18080000000000002,9.702,6.0,0,20.385689269225125,,,4000.0,0.0,0.0,905.6666666666665,48.0,optimal
2021-02-13 07:30:00,7,19,1.1428571428571428,1.2385185185185184,0.0,0.18866666666666662,10.584,6.0,0,20.430198743548377,,,4000.0,0.0,0.0,1114.6666666666665,47.828223342308725,optimal
2021-02-13 08:00:00,7,19,1.1428571428571428,0.46444444444444444,0.0,0.1958,10.143,6.0,0,20.476882543200947,,,4000.0,0.0,0.0,418.0,47.656618461275144,optimal
2021-02-13 08:30:00,7,19,0.0,0.0,0.0,0.5122000000000001,13.0095,6.0,0,20.517672918034524,,,0.0,0.0,0.0,0.0,47.485185185122596,optimal
2021-02-13 09:00:00,7,19,0.9953968574510967,0.1548148148148148,0.0,0.2002,11.025,6.0,0,20.478106927283136,,,3483.8890010788386,0.0,0.0,139.33333333333331,47.3139233422462,optimal
2021-02-13 09:30:00,7,19,0.0,1.006296296296296,0.0,0.19666666666666663,12.789,6.0,0,20.50646876349731,,,0.0,0.0,0.0,905.6666666666665,47.14283276121268,optimal
2021-02-13 10:00:00,7,19,0.0,1.7029629629629628,0.0,0.26063333333333333,12.1275,6.0,0,20.462770373203703,,,0.0,0.0,0.0,1532.6666666666665,46.9719132707602,optimal
2021-02-13 10:30:00,7,19,0.0,0.0,0.0,0.33323333333333327,12.1695,6.0,0,20.421251673237414,,,0.0,0.0,0.0,0.0,46.801164699798164,optimal
2021-02-13 11:00:00,7,19,0.0,0.0,0.0,0.338,12.306,6.0,0,20.38071621441405,,,0.0,0.0,0.0,0.0,46.63058687740709,optimal
2021-02-13 11:30:00,7,19,0.0,0.0,0.0,0.24509999999999998,13.23,6.0,0,20.34138975889692,,,0.0,0.0,0.0,0.0,46.46017963283841,optimal
2021-02-13 12:00:00,7,19,0.0,0.0,0.0,0.071,13.671,6.0,0,20.299283573101466,,,0.0,0.0,0.0,0.0,46.2899427955143,optimal
2021-02-13 12:30:00,7,19,0.0,0.6966666666666667,0.0,0.28113333333333335,13.9335,6.0,0,20.24663165778974,,,0.0,0.0,0.0,627.0,46.119876195027516,optimal
2021-02-13 13:00:00,7,19,0.0,0.46444444444444444,0.0,1.7058,13.293,6.0,0,20.20159068031718,,,0.0,0.0,0.0,418.0,45.949979661141214,optimal
2021-02-13 13:30:00,7,19,0.0,0.0,0.0,0.34986666666666666,12.1065,6.0,0,20.162109471337946,,,0.0,0.0,0.0,0.0,45.7802530237888,optimal
2021-02-13 14:00:00,7,19,0.0,0.0,0.0,0.2323,11.571,6.0,0,20.118097699549047,,,0.0,0.0,0.0,0.0,45.61069611307374,optimal
2021-02-13 14:30:00,7,19,1.1428571428571428,2.3222222222222215,0.0,0.43273333333333336,11.025,6.0,0,20.07180746545383,,,4000.0,0.0,0.0,2089.9999999999995,45.4413087592694,optimal
2021-02-13 15:00:00,7,19,1.1428571428571428,0.0,0.0,0.44556666666666667,10.8465,6.0,0,20.11854442347665,,,4000.0,0.0,0.0,0.0,45.27209079281885,optimal
2021-02-13 15:30:00,7,19,1.1428571428571428,0.0,0.0,0.2119,11.2455,6.0,0,20.164099060508764,,,4000.0,0.0,0.0,0.0,45.10304204433476,optimal
2021-02-13 16:00:00,7,19,0.0,0.46444444444444444,0.0,0.39953333333333335,23.8665,6.0,0,20.21145336525354,,,0.0,0.0,0.0,418.0,44.93416234459915,optimal
2021-02-13 16:30:00,7,19,0.0,0.0,0.0,4.387866666666667,27.4575,6.0,0,20.182258223727754,,,0.0,0.0,0.0,0.0,44.76545152456328,optimal
2021-02-13 17:00:00,7,19,0.0,0.774074074074074,0.0,2.041533333333333,27.3735,6.0,0,20.185608610103703,,,0.0,0.0,0.0,696.6666666666666,44.59690941534745,optimal
2021-02-13 17:30:00,7,19,0.0,0.3096296296296296,0.0,0.39426666666666665,30.4605,6.0,0,20.163822853492697,,,0.0,0.0,0.0,278.66666666666663,44.42853584824083,optimal
2021-02-13 18:00:00,7,19,0.0,0.23222222222222222,0.0,0.3702,30.0195,6.0,0,20.13264757065825,,,0.0,0.0,0.0,209.0,44.26033065470131,optimal
2021-02-13 18:30:00,7,19,0.0,0.23222222222222222,0.0,0.5054333333333333,26.9325,6.0,0,20.101514793387473,,,0.0,0.0,0.0,209.0,44.09229366635534,optimal
2021-02-13 19:00:00,7,19,0.0,0.0,0.0,1.607,14.595,6.0,0,20.072606113447108,,,0.0,0.0,0.0,0.0,43.92442471499771,optimal
2021-02-13 19:30:00,7,19,0.0,0.0,0.0,0.07666666666666667,12.4845,6.0,0,20.052137832177497,,,0.0,0.0,0.0,0.0,43.756723632591445,optimal
2021-02-13 20:00:00,7,19,0.0,0.0774074074074074,0.0,0.30036666666666667,12.1275,6.0,0,20.024276685903118,,,0.0,0.0,0.0,69.66666666666666,43.712966908958855,optimal
2021-02-13 20:30:00,7,19,0.0,2.0899999999999994,0.0,0.3086666666666667,12.1275,6.0,0,20.0,,,0.0,0.0,0.0,1880.9999999999998,43.6692539420499,optimal
2021-02-13 21:00:00,7,19,0.0,0.5418518518518518,0.0,0.23333333333333328,12.789,6.0,0,19.978417576283004,,,0.0,0.0,0.0,487.6666666666667,43.62558468810785,optimal
2021-02-13 21:30:00,7,19,0.0,0.1548148148148148,0.0,0.22866666666666663,11.907,6.0,0,19.95773693083079,,,0.0,0.0,0.0,139.33333333333331,43.58195910341974,optimal
2021-02-13 22:00:00,7,19,0.0,0.23222222222222222,0.0,0.332,11.025,6.0,0,19.934525546602888,,,0.0,0.0,0.0,209.0,43.53837714431632,optimal
2021-02-13 22:30:00,7,19,0.0,0.387037037037037,0.0,0.28436666666666666,8.2005,6.0,0,19.904914153955946,,,0.0,0.0,0.0,348.3333333333333,43.494838767172006,optimal
2021-02-13 23:00:00,7,19,0.0,0.0,0.0,0.071,9.5655,6.0,0,19.87384750423059,,,0.0,0.0,0.0,0.0,43.45134392840483,optimal
2021-02-13 23:30:00,7,19,0.0,0.0,0.0,0.071,7.056,6.0,0,19.83052420144935,,,0.0,0.0,0.0,0.0,43.40789258447643,optimal
2021-02-07 00:00:00,8,19,0.0,0.0,0.0,0.0653,9.261,6.0,0,21.0,,,0.0,0.0,0.0,0.0,47.952,optimal
2021-02-07 00:30:00,8,19,0.0,0.0,0.0,0.077,10.3635,6.0,0,20.96393737911569,,,0.0,0.0,0.0,0.0,47.904047999999996,optimal
2021-02-07 01:00:00,8,19,0.0,0.0,0.0,0.066,8.274,6.0,0,20.930841471537157,,,0.0,0.0,0.0,0.0,47.856143952,optimal
2021-02-07 01:30:00,8,19,0.0,0.0,0.0,0.066,7.7175,6.0,0,20.889012467270934,,,0.0,0.0,0.0,0.0,47.80828780804799,optimal
2021-02-07 02:00:00,8,19,0.0,0.0,0.0,0.066,6.615,6.0,0,20.84716229993912,,,0.0,0.0,0.0,0.0,47.76047952023995,optimal
2021-02-07 02:30:00,8,19,0.0,0.0,0.0,0.066,6.174,6.0,0,20.805291024354542,,,0.0,0.0,0.0,0.0,47.712719040719705,optimal
2021-02-07 03:00:00,8,19,1.1428571428571428,0.0,0.0,0.066,3.906,6.0,0,20.76326919404596,,,4000.0,0.0,0.0,0.0,47.66500632167899,optimal
2021-02-07 03:30:00,8,19,1.1428571428571428,0.0,0.0,0.072,2.3415,6.0,0,20.80191369204661,,,4000.0,0.0,0.0,0.0,47.61734131535731,optimal
2021-02-07 04:00:00,8,19,1.1428571428571428,0.0,0.0,0.06766666666666667,2.205,6.0,0,20.84032859877264,,,4000.0,0.0,0.0,0.0,47.56972397404195,optimal
2021-02-07 04:30:00,8,19,1.1428571428571428,0.0,1.5127735437856342,0.066,0.882,6.0,0,20.87851450887069,,,4000.0,0.0,0.0,0.0,48.240721683366075,optimal
2021-02-07 05:00:00,8,19,1.1428571428571428,0.0,0.0,0.066,1.5435,6.0,0,20.916601516589353,,,4000.0,0.0,0.0,0.0,48.192480961682705,optimal
2021-02-07 05:30:00,8,19,1.1428571428571428,0.0,0.0,0.066,1.5435,6.0,0,20.954589878088047,,,4000.0,0.0,0.0,0.0,48.144288480721016,optimal
2021-02-07 06:00:00,8,19,0.0,0.0774074074074074,0.0,0.07333333333333333,5.0715,6.0,0,20.992479848862736,,,0.0,0.0,0.0,69.66666666666666,48.096144192240295,optimal
2021-02-07 06:30:00,8,19,0.0,1.2029111111111113,0.0,1.3253666666666666,5.376,6.0,0,20.951495807105182,,,0.0,0.0,0.0,1082.6200000000001,48.048048048048045,optimal
2021-02-07 07:00:00,8,19,0.9663779791982874,1.0419037037037038,0.0,0.14113333333333333,5.0715,6.0,0,20.92653971423844,,,3382.322927194006,0.0,0.0,937.7133333333335,48.0,optimal
2021-02-07 07:30:00,8,19,0.0,1.8980296296296297,0.0,1.2757333333333332,5.5125,6.0,0,20.968178886260745,,,0.0,0.0,0.0,1708.2266666666667,47.607586891399194,optimal
2021-02-07 08:00:00,8,19,0.0,0.26937777777777794,0.0,0.4701,9.261,6.0,0,20.94319052321685,,,0.0,0.0,0.0,242.44000000000017,47.21556619590699,optimal
2021-02-07 08:30:00,8,19,0.0,0.0,0.0,0.076,11.7075,6.0,0,20.905765264457575,,,0.0,0.0,0.0,0.0,46.823937521110274,optimal
2021-02-07 09:00:00,8,19,0.0,0.0,0.0,0.076,12.348,6.0,0,20.856708249660073,,,0.0,0.0,0.0,0.0,46.43270047498836,optimal
2021-02-07 09:30:00,8,19,0.0,0.0,0.0,0.076,12.348,6.0,0,20.807648793137204,,,0.0,0.0,0.0,0.0,46.04185466591257,optimal
2021-02-07 10:00:00,8,19,0.0,0.0,0.0,0.076,12.1275,6.0,0,20.75884590286943,,,0.0,0.0,0.0,0.0,45.65139970264585,optimal
2021-02-07 10:30:00,8,19,0.0,0.0,0.0,0.076,12.5265,6.0,0,20.710298915113906,,,0.0,0.0,0.0,0.0,45.261335194342394,optimal
2021-02-07 11:00:00,8,19,0.0,0.0,0.0,0.076,11.7495,6.0,0,20.661618662881388,,,0.0,0.0,0.0,0.0,44.87166075054725,optimal
2021-02-07 11:30:00,8,19,0.0,0.0,0.0,0.076,13.23,6.0,0,20.612805492362835,,,0.0,0.0,0.0,0.0,44.4823759811959,optimal
2021-02-07 12:00:00,8,19,0.0,0.0,0.0,0.076,14.3325,6.0,0,20.564118749070904,,,0.0,0.0,0.0,0.0,44.0934804966139,optimal
2021-02-07 12:30:00,8,19,0.0,0.0,0.0,0.076,14.994,6.0,0,20.51555810626505,,,0.0,0.0,0.0,0.0,43.70497390751648,optimal
2021-02-07 13:00:00,8,19,0.0,0.0,0.0,0.076,14.8155,6.0,0,20.467123236633277,,,0.0,0.0,0.0,0.0,43.31685582500816,optimal
2021-02-07 13:30:00,8,19,0.0,0.0,0.0,0.076,14.112,6.0,0,20.41881381377209,,,0.0,0.0,0.0,0.0,42.929125860582346,optimal
2021-02-07 14:00:00,8,19,0.0,0.0,0.0,0.076,14.007,6.0,0,20.370759014561678,,,0.0,0.0,0.0,0.0,42.54178362612096,optimal
2021-02-07 14:30:00,8,19,0.0,0.0,0.0,0.076,13.23,6.0,0,20.322958179784262,,,0.0,0.0,0.0,0.0,42.154828733894036,optimal
2021-02-07 15:00:00,8,19,0.0,0.0,0.0,0.076,11.382,6.0,0,20.275410651402865,,,0.0,0.0,0.0,0.0,41.76826079655934,optimal
2021-02-07 15:30:00,8,19,0.0,0.0,0.0,0.076,11.7495,6.0,0,20.22811577397599,,,0.0,0.0,0.0,0.0,41.382079427161976,optimal
2021-02-07 16:00:00,8,19,0.0,0.1548148148148148,0.0,0.8568666666666667,24.3285,6.0,0,20.18055488793568,,,0.0,0.0,0.0,139.33333333333331,40.99628423913401,optimal
2021-02-07 16:30:00,8,19,0.0,0.23222222222222222,0.0,0.11,28.917,6.0,0,20.15831450905483,,,0.0,0.0,0.0,209.0,40.610874846294074,optimal
2021-02-07 17:00:00,8,19,0.0,0.387037037037037,0.0,1.0567,31.3635,6.0,0,20.126239315791068,,,0.0,0.0,0.0,348.3333333333333,40.225850862846976,optimal
2021-02-07 17:30:00,8,19,0.0,1.9351851851851851,0.0,1.1795,33.306,6.0,0,20.099904613027242,,,0.0,0.0,0.0,1741.6666666666667,39.841211903383325,optimal
2021-02-07 18:00:00,8,19,0.0,0.5418518518518518,0.0,1.391233333333333,31.3425,6.0,0,20.084151318714166,,,0.0,0.0,0.0,487.6666666666667,39.456957582879134,optimal
2021-02-07 18:30:00,8,19,0.0,0.1548148148148148,0.0,2.2906999999999997,28.2555,6.0,0,20.069958565025328,,,0.0,0.0,0.0,139.33333333333331,39.07308751669545,optimal
2021-02-07 19:00:00,8,19,0.0,1.006296296296296,0.0,0.3836666666666667,15.6975,6.0,0,20.06701942141641,,,0.0,0.0,0.0,905.6666666666665,38.68960132057795,optimal
2021-02-07 19:30:00,8,19,0.0,3.0188888888888883,0.0,0.2635,12.5475,6.0,0,20.04574476148992,,,0.0,0.0,0.0,2716.9999999999995,38.30649861065657,optimal
2021-02-07 20:00:00,8,19,0.0,0.46444444444444444,0.0,0.30696666666666667,12.0855,6.0,0,20.022959383864915,,,0.0,0.0,0.0,418.0,37.923779003445105,optimal
2021-02-07 20:30:00,8,19,0.0,0.3096296296296296,0.0,0.30369999999999997,11.907,6.0,0,20.0,,,0.0,0.0,0.0,278.66666666666663,37.88585522444166,optimal
2021-02-07 21:00:00,8,19,0.0,0.0774074074074074,0.0,0.31589999999999996,12.5685,6.0,0,19.97761691751324,,,0.0,0.0,0.0,69.66666666666666,37.84796936921722,optimal
2021-02-07 21:30:00,8,19,0.0,0.387037037037037,0.0,0.37073333333333336,13.146,6.0,0,19.956306338674203,,,0.0,0.0,0.0,348.3333333333333,37.810121399848,optimal
2021-02-07 22:00:00,8,19,0.0,0.0,0.0,0.35036666666666666,10.584,6.0,0,19.937367694189795,,,0.0,0.0,0.0,0.0,37.77231127844815,optimal
2021-02-07 22:30:00,8,19,0.0,0.0,0.0,0.29483333333333334,6.678,6.0,0,19.91213333304862,,,0.0,0.0,0.0,0.0,37.734538967169705,optimal
2021-02-07 23:00:00,8,19,0.0,0.0,0.0,0.2909333333333333,7.938,6.0,0,19.887357636412247,,,0.0,0.0,0.0,0.0,37.69680442820253,optimal
2021-02-07 23:30:00,8,19,0.0,0.46444444444444444,0.0,0.3102,5.292,6.0,0,19.862048740817972,,,0.0,0.0,0.0,418.0,37.65910762377433,optimal
2021-02-08 00:00:00,8,19,1.1428571428571428,0.0,0.0,0.1745,5.9745,6.0,0,19.862048740817972,,,4000.0,0.0,0.0,0.0,37.62144851615056,optimal
2021-02-08 00:30:00,8,19,1.1428571428571428,0.0,0.0,0.0965,7.938,6.0,0,19.89756235079439,,,4000.0,0.0,0.0,0.0,37.58382706763441,optimal
2021-02-08 01:00:00,8,19,1.1428571428571428,0.0,0.0,0.1004,8.6835,6.0,0,19.931408058094465,,,4000.0,0.0,0.0,0.0,37.546243240566774,optimal
2021-02-08 01:30:00,8,19,1.1428571428571428,0.0,0.0,0.26593333333333335,7.665,6.0,0,19.965244900320297,,,4000.0,0.0,0.0,0.0,37.508696997326204,optimal
2021-02-08 02:00:00,8,19,1.1428571428571428,0.0,0.0,0.09,6.7725,6.0,0,20.00220905908228,,,4000.0,0.0,0.0,0.0,37.471188300328876,optimal
2021-02-08 02:30:00,8,19,1.1428571428571428,0.0,0.0,0.2568333333333333,5.5755,6.0,0,20.035393399932108,,,4000.0,0.0,0.0,0.0,37.433717112028546,optimal
2021-02-08 03:00:00,8,19,1.1428571428571428,0.0,0.0,0.1355,5.0925,6.0,0,20.071992014955992,,,4000.0,0.0,0.0,0.0,37.396283394916516,optimal
2021-02-08 03:30:00,8,19,1.1428571428571428,0.0,0.0,0.16106666666666666,4.1895,6.0,0,20.106173906249253,,,4000.0,0.0,0.0,0.0,37.3588871115216,optimal
2021-02-08 04:00:00,8,19,1.1428571428571428,0.0,0.0,0.23126666666666668,7.056,6.0,0,20.14065431660622,,,4000.0,0.0,0.0,0.0,37.32152822441007,optimal
2021-02-08 04:30:00,8,19,1.1428571428571428,0.0,0.0,0.064,5.271,6.0,0,20.17633425022446,,,4000.0,0.0,0.0,0.0,37.28420669618566,optimal
2021-02-08 05:00:00,8,19,1.1428571428571428,0.0,0.0,0.1853333333333333,7.938,6.0,0,20.208283293362612,,,4000.0,0.0,0.0,0.0,37.24692248948948,optimal
2021-02-08 05:30:00,8,19,1.1428571428571428,0.0,0.0,0.1485,7.938,6.0,0,20.242342019088902,,,4000.0,0.0,0.0,0.0,37.20967556699999,optimal
2021-02-08 06:00:00,8,19,1.1428571428571428,0.0,0.0,0.2438333333333333,11.907,6.0,0,20.275438845588276,,,4000.0,0.0,0.0,0.0,37.17246589143299,optimal
2021-02-08 06:30:00,8,19,1.1428571428571428,0.0,0.0,0.064,11.025,6.0,0,20.310246575827655,,,4000.0,0.0,0.0,0.0,37.13529342554156,optimal
2021-02-08 07:00:00,8,19,1.1428571428571428,0.0,0.0,0.3106666666666667,11.2875,6.0,0,20.341201277273242,,,4000.0,0.0,0.0,0.0,37.09815813211602,optimal
2021-02-08 07:30:00,8,19,1.1428571428571428,0.0,0.0,0.09,12.936,6.0,0,20.376761620239726,,,4000.0,0.0,0.0,0.0,37.0610599739839,optimal
2021-02-08 08:00:00,8,19,1.1428571428571428,0.0,0.0,0.15630000000000002,13.0095,6.0,0,20.408198854548157,,,4000.0,0.0,0.0,0.0,37.023998914009915,optimal
2021-02-08 08:30:00,8,19,0.0,0.0,0.0,0.23603333333333334,13.671,6.0,0,20.441153201379098,,,0.0,0.0,0.0,0.0,36.98697491509591,optimal
2021-02-08 09:00:00,8,19,0.4769911634090204,0.0,0.0,0.06866666666666667,13.188,6.0,0,20.394557642417425,,,1669.4690719315715,0.0,0.0,0.0,36.94998794018081,optimal
2021-02-08 09:30:00,8,19,0.0,0.0,0.0,0.2031,13.8495,6.0,0,20.3780781420027,,,0.0,0.0,0.0,0.0,36.91303795224063,optimal
2021-02-08 10:00:00,8,19,1.1428571428571428,0.0,0.0,0.19356666666666664,13.23,6.0,0,20.33102251071299,,,4000.0,0.0,0.0,0.0,36.87612491428839,optimal
2021-02-08 10:30:00,8,19,0.0,0.0,0.0,0.064,13.3665,6.0,0,20.36518869126147,,,0.0,0.0,0.0,0.0,36.8392487893741,optimal
2021-02-08 11:00:00,8,19,1.1428571428571428,0.0,0.0,0.19356666666666664,13.0515,6.0,0,20.315443603197142,,,4000.0,0.0,0.0,0.0,36.802409540584726,optimal
2021-02-08 11:30:00,8,19,0.0,0.0,0.0,0.19876666666666667,13.5345,6.0,0,20.34887312850294,,,0.0,0.0,0.0,0.0,36.76560713104414,optimal
2021-02-08 12:00:00,8,19,0.0,0.0,0.0,0.064,14.154,6.0,0,20.30176364120675,,,0.0,0.0,0.0,0.0,36.7288415239131,optimal
2021-02-08 12:30:00,8,19,0.0,0.0,0.0,0.2278,14.112,6.0,0,20.25231232908379,,,0.0,0.0,0.0,0.0,36.69211268238919,optimal
2021-02-08 13:00:00,8,19,0.0,0.0,0.0,0.16986666666666667,14.2485,6.0,0,20.206816536949304,,,0.0,0.0,0.0,0.0,36.6554205697068,optimal
2021-02-08 13:30:00,8,19,1.1428571428571428,0.0,0.0,0.066,12.789,6.0,0,20.160678336789058,,,4000.0,0.0,0.0,0.0,36.61876514913709,optimal
2021-02-08 14:00:00,8,19,1.1428571428571428,0.0,0.0,0.18056666666666663,13.0095,6.0,0,20.19370394313861,,,4000.0,0.0,0.0,0.0,36.582146383987954,optimal
2021-02-08 14:30:00,8,19,1.1428571428571428,0.0,0.0,0.2117666666666667,12.1275,6.0,0,20.229258142040926,,,4000.0,0.0,0.0,0.0,36.54556423760397,optimal
2021-02-08 15:00:00,8,19,1.1428571428571428,0.0,0.0,0.155,12.348,6.0,0,20.26496211997582,,,4000.0,0.0,0.0,0.0,36.50901867336636,optimal
2021-02-08 15:30:00,8,19,1.1428571428571428,0.0,0.0,0.12033333333333332,12.348,6.0,0,20.29903819835895,,,4000.0,0.0,0.0,0.0,36.472509654693,optimal
2021-02-08 16:00:00,8,19,0.0,0.0,0.0,0.22953333333333334,25.389,6.0,0,20.332455110455992,,,0.0,0.0,0.0,0.0,36.436037145038306,optimal
2021-02-08 16:30:00,8,19,0.0,0.0,0.0,0.1368,29.1375,6.0,0,20.287304768778885,,,0.0,0.0,0.0,0.0,36.39960110789327,optimal
2021-02-08 17:00:00,8,19,0.0,0.0,0.0,0.064,30.597,6.0,0,20.240009268393553,,,0.0,0.0,0.0,0.0,36.36320150678537,optimal
2021-02-08 17:30:00,8,19,0.0,0.0,0.0,0.07233333333333333,33.684,6.0,0,20.19097689921372,,,0.0,0.0,0.0,0.0,36.326838305278585,optimal
2021-02-08 18:00:00,8,19,0.0,0.0,0.0,0.2123333333333333,32.445,6.0,0,20.141553520421684,,,0.0,0.0,0.0,0.0,36.29051146697331,optimal
2021-02-08 18:30:00,8,19,0.0,0.0,0.0,0.064,28.917,6.0,0,20.094629333842775,,,0.0,0.0,0.0,0.0,36.254220955506334,optimal
2021-02-08 19:00:00,8,19,0.0,0.0,0.0,0.2737333333333333,15.876,6.0,0,20.045066993492952,,,0.0,0.0,0.0,0.0,36.21796673455083,optimal
2021-02-08 19:30:00,8,19,0.6854768449491856,0.0,0.0,0.1186,12.348,6.0,0,20.0,,,2399.1689573221497,0.0,0.0,0.0,36.18174876781627,optimal
2021-02-08 20:00:00,8,19,0.684285107186638,0.0,0.0,0.15033333333333335,12.1275,6.0,0,20.0,,,2394.997875153233,0.0,0.0,0.0,36.14556701904846,optimal
2021-02-08 20:30:00,8,19,0.0,0.0,0.0,0.13066666666666665,12.348,6.0,0,20.0,,,0.0,0.0,0.0,0.0,36.10942145202941,optimal
2021-02-08 21:00:00,8,19,0.0,0.0,0.0,0.08826666666666666,12.1275,6.0,0,19.951089511804465,,,0.0,0.0,0.0,0.0,36.07331203057738,optimal
2021-02-08 21:30:00,8,19,0.0,0.0,0.0,0.2780666666666667,12.1275,6.0,0,19.90122371931838,,,0.0,0.0,0.0,0.0,36.037238718546796,optimal
2021-02-08 22:00:00,8,19,0.0,0.0,0.0,0.09,11.2665,6.0,0,19.855710326397396,,,0.0,0.0,0.0,0.0,36.00120147982825,optimal
2021-02-08 22:30:00,8,19,0.0,0.0,0.0,0.129,10.143,6.0,0,19.80690359551303,,,0.0,0.0,0.0,0.0,35.96520027834842,optimal
2021-02-08 23:00:00,8,19,0.0,0.0,0.0,0.142,11.2455,6.0,0,19.758881734842056,,,0.0,0.0,0.0,0.0,35.92923507807007,optimal
2021-02-08 23:30:00,8,19,0.0,0.0,0.0,0.064,11.025,6.0,0,19.71111740434759,,,0.0,0.0,0.0,0.0,35.893305842992,optimal
2021-02-09 00:00:00,8,19,1.1428571428571428,0.0,7.0,0.052,10.584,6.0,0,19.71111740434759,,,4000.0,0.0,0.0,0.0,39.18241253714901,optimal
2021-02-09 00:30:00,8,19,1.1428571428571428,0.0,0.0,0.1336,11.2455,6.0,0,19.743888805681436,,,4000.0,0.0,0.0,0.0,39.14323012461186,optimal
2021-02-09 01:00:00,8,19,1.1428571428571428,0.1548148148148148,0.0,0.1547666666666667,12.1275,6.0,0,19.77835348593846,,,4000.0,0.0,0.0,139.33333333333331,39.10408689448725,optimal
2021-02-09 01:30:00,8,19,1.1428571428571428,0.0,0.0,0.11206666666666666,11.823,6.0,0,19.81553544936218,,,4000.0,0.0,0.0,0.0,39.06498280759276,optimal
2021-02-09 02:00:00,8,19,1.1428571428571428,0.0,0.0,0.1744,11.7705,6.0,0,19.84924999991229,,,4000.0,0.0,0.0,0.0,39.02591782478517,optimal
2021-02-09 02:30:00,8,19,1.1428571428571428,0.0,6.4608580537820695,0.1428,11.13,6.0,0,19.88387761707289,,,4000.0,0.0,0.0,0.0,42.055799482506856,optimal
2021-02-09 03:00:00,8,19,1.1428571428571428,0.0,0.0,0.052,11.6865,6.0,0,19.917906598760748,,,4000.0,0.0,0.0,0.0,42.013743683024344,optimal
2021-02-09 03:30:00,8,19,1.1428571428571428,0.0,7.0,0.2581333333333333,10.7205,6.0,0,19.950142411357625,,,4000.0,0.0,0.0,0.0,45.29672993934132,optimal
2021-02-09 04:00:00,8,19,1.1428571428571428,0.0,0.0,0.05906666666666667,11.424,6.0,0,19.98671847802513,,,4000.0,0.0,0.0,0.0,45.251433209401974,optimal
2021-02-09 04:30:00,8,19,1.1428571428571428,2.4770370370370367,7.0,0.19066666666666662,10.689,6.0,0,20.01943684665575,,,4000.0,0.0,0.0,2229.333333333333,48.53118177619257,optimal
2021-02-09 05:00:00,8,19,1.1428571428571428,0.0,0.0,0.2599666666666666,11.361,6.0,0,20.057911769967067,,,4000.0,0.0,0.0,0.0,48.48265059441637,optimal
2021-02-09 05:30:00,8,19,1.1428571428571428,0.0,0.0,0.3624666666666666,11.571,6.0,0,20.095232671077795,,,4000.0,0.0,0.0,0.0,48.434167943821954,optimal
2021-02-09 06:00:00,8,19,0.84002570715363,0.0,0.0,0.22043333333333331,14.3745,6.0,0,20.134803955855748,,,2940.0899750377052,0.0,0.0,0.0,48.38573377587813,optimal
2021-02-09 06:30:00,8,19,1.1428571428571428,0.0,0.0,0.08673333333333333,13.23,6.0,0,20.149698945890176,,,4000.0,0.0,0.0,0.0,48.33734804210225,optimal
2021-02-09 07:00:00,8,19,1.1428571428571428,0.0,0.0,0.10086666666666666,13.9755,6.0,0,20.181704625186967,,,4000.0,0.0,0.0,0.0,48.289010694060146,optimal
2021-02-09 07:30:00,8,19,0.0,0.23222222222222222,0.0,0.24719999999999998,14.994,6.0,0,20.21378345951015,,,0.0,0.0,0.0,209.0,48.240721683366075,optimal
2021-02-09 08:00:00,8,19,1.1428571428571428,0.0,0.0,0.09663333333333333,13.671,6.0,0,20.168589639918682,,,4000.0,0.0,0.0,0.0,48.192480961682705,optimal
2021-02-09 08:30:00,8,19,0.0,0.23222222222222222,0.0,0.19396666666666668,15.981,6.0,0,20.202557075348224,,,0.0,0.0,0.0,209.0,48.144288480721016,optimal
2021-02-09 09:00:00,8,19,0.0,0.1548148148148148,0.0,1.2464000000000002,15.6345,6.0,0,20.159524062126895,,,0.0,0.0,0.0,139.33333333333331,48.096144192240295,optimal
2021-02-09 09:30:00,8,19,0.0,0.0,0.0,0.20133333333333328,16.5375,6.0,0,20.13199270609675,,,0.0,0.0,0.0,0.0,48.048048048048045,optimal
2021-02-09 10:00:00,8,19,0.0,0.3096296296296296,0.0,0.15619999999999998,14.7735,6.0,0,20.08842682896468,,,0.0,0.0,0.0,278.66666666666663,48.0,optimal
2021-02-09 10:30:00,8,19,0.0,0.0,0.0,0.251,15.2145,6.0,0,20.044585827356645,,,0.0,0.0,0.0,0.0,47.811847585891286,optimal
2021-02-09 11:00:00,8,19,0.6737156754474463,0.0,0.0,0.062,14.553,6.0,0,20.0,,,2358.004864066062,0.0,0.0,0.0,47.62388332419668,optimal
2021-02-09 11:30:00,8,19,1.1428571428571428,0.0,0.0,0.18,14.3325,6.0,0,20.0,,,4000.0,0.0,0.0,0.0,47.43610702676377,optimal
2021-02-09 12:00:00,8,19,0.7948835129983756,0.0,0.0,0.15719999999999998,14.595,6.0,0,20.035688659828846,,,2782.0922954943144,0.0,0.0,0.0,47.2485185056283,optimal
2021-02-09 12:30:00,8,19,0.0,0.0,0.0,0.1256,14.994,6.0,0,20.046346976122397,,,0.0,0.0,0.0,0.0,47.06111757301396,optimal
2021-02-09 13:00:00,8,19,0.5260299405403286,0.0,0.0,0.5617000000000001,14.3325,6.0,0,20.0,,,1841.10479189115,0.0,0.0,0.0,46.87390404133223,optimal
2021-02-09 13:30:00,8,19,1.1428571428571428,0.0,0.0,1.5469000000000002,13.8915,6.0,0,20.0,,,4000.0,0.0,0.0,0.0,46.686877723182185,optimal
2021-02-09 14:00:00,8,19,1.1428571428571428,0.0,0.0,0.1232,13.8915,6.0,0,20.054003578916316,,,4000.0,0.0,0.0,0.0,46.50003843135029,optimal
2021-02-09 14:30:00,8,19,1.1428571428571428,0.0,0.0,0.1504,13.4715,6.0,0,20.088016271727962,,,4000.0,0.0,0.0,0.0,46.31338597881023,optimal
2021-02-09 15:00:00,8,19,1.1428571428571428,0.0,0.0,0.1256,13.23,6.0,0,20.122360921899254,,,4000.0,0.0,0.0,0.0,46.126920178722706,optimal
2021-02-09 15:30:00,8,19,1.1428571428571428,0.0,0.0,0.21159999999999998,13.8915,6.0,0,20.15598605388588,,,4000.0,0.0,0.0,0.0,45.94064084443527,optimal
2021-02-09 16:00:00,8,19,0.0,0.23222222222222222,0.0,0.15696666666666667,26.9325,6.0,0,20.191261650614102,,,0.0,0.0,0.0,209.0,45.754547789482125,optimal
2021-02-09 16:30:00,8,19,0.0,1.435133333333333,0.0,0.2724,30.303,6.0,0,20.15744947337032,,,0.0,0.0,0.0,1291.6199999999997,45.56864082758393,optimal
2021-02-09 17:00:00,8,19,0.0,0.035607407407407414,0.0,0.19966666666666663,32.886,6.0,0,20.127198916663875,,,0.0,0.0,0.0,32.046666666666674,45.38291977264763,optimal
2021-02-09 17:30:00,8,19,0.0,2.39962962962963,0.0,0.22606666666666664,34.9965,6.0,0,20.099369996500148,,,0.0,0.0,0.0,2159.6666666666665,45.19738443876627,optimal
2021-02-09 18:00:00,8,19,0.0,0.0,0.0,0.4213,33.327,6.0,0,20.07517677171443,,,0.0,0.0,0.0,0.0,45.01203464021879,optimal
2021-02-09 18:30:00,8,19,0.0,0.23222222222222222,0.0,1.1779666666666666,31.122,6.0,0,20.056570298633837,,,0.0,0.0,0.0,209.0,44.826870191469865,optimal
2021-02-09 19:00:00,8,19,0.0,0.1548148148148148,0.0,0.5055,17.9025,6.0,0,20.051105830319297,,,0.0,0.0,0.0,139.33333333333331,44.64189090716968,optimal
2021-02-09 19:30:00,8,19,0.0,0.0,0.0,0.3553,15.6555,6.0,0,20.031141067696137,,,0.0,0.0,0.0,0.0,44.4570966021538,optimal
2021-02-09 20:00:00,8,19,0.25319033304776456,0.0774074074074074,0.0,1.1826333333333334,14.553,6.0,0,20.00619018347309,,,886.1661656671758,0.0,0.0,69.66666666666666,44.27248709144293,optimal
2021-02-09 20:30:00,8,19,0.0,3.7155555555555555,0.0,0.1635,14.3325,6.0,0,20.0,,,0.0,0.0,0.0,3344.0,44.08806219024278,optimal
2021-02-09 21:00:00,8,19,0.0,4.412222222222222,0.0,0.31206666666666666,13.335,6.0,0,19.97315368847951,,,0.0,0.0,0.0,3971.0,44.04397412805254,optimal
2021-02-09 21:30:00,8,19,0.0,0.5418518518518518,0.0,0.3999333333333333,12.1275,6.0,0,19.949382220085077,,,0.0,0.0,0.0,487.6666666666667,43.99993015392449,optimal
2021-02-09 22:00:00,8,19,0.0,0.0,0.0,0.24666666666666662,12.2955,6.0,0,19.924915907113785,,,0.0,0.0,0.0,0.0,43.955930223770565,optimal
2021-02-09 22:30:00,8,19,0.0,0.3096296296296296,0.0,0.3276,11.6865,6.0,0,19.895147315239548,,,0.0,0.0,0.0,278.66666666666663,43.91197429354679,optimal
2021-02-09 23:00:00,8,19,0.0,0.1548148148148148,0.0,0.6093999999999999,11.466,6.0,0,19.8665201032771,,,0.0,0.0,0.0,139.33333333333331,43.86806231925324,optimal
2021-02-09 23:30:00,8,19,0.0,0.0,0.0,0.062,10.8045,6.0,0,19.843527405925478,,,0.0,0.0,0.0,0.0,43.824194256933986,optimal
2021-02-10 00:00:00,8,19,1.1428571428571428,0.0,0.0,0.058,10.8045,6.0,0,19.843527405925478,,,4000.0,0.0,0.0,0.0,43.78037006267705,optimal
2021-02-10 00:30:00,8,19,1.1428571428571428,0.0,0.0,0.055,11.508,6.0,0,19.880575766310784,,,4000.0,0.0,0.0,0.0,43.73658969261437,optimal
2021-02-10 01:00:00,8,19,1.1428571428571428,0.0,0.0,0.055,11.508,6.0,0,19.91726916831226,,,4000.0,0.0,0.0,0.0,43.69285310292176,optimal
2021-02-10 01:30:00,8,19,1.1428571428571428,0.0,0.0,0.16040000000000001,11.508,6.0,0,19.953608531280228,,,4000.0,0.0,0.0,0.0,43.649160249818834,optimal
2021-02-10 02:00:00,8,19,1.1428571428571428,0.0,0.0,0.086,11.844,6.0,0,19.991724286776872,,,4000.0,0.0,0.0,0.0,43.60551108956901,optimal
2021-02-10 02:30:00,8,19,1.1428571428571428,0.0,0.0,0.055,11.508,6.0,0,20.027979132540437,,,4000.0,0.0,0.0,0.0,43.56190557847945,optimal
2021-02-10 03:00:00,8,19,1.1428571428571428,0.0,0.0,0.0736,11.508,6.0,0,20.063513749603874,,,4000.0,0.0,0.0,0.0,43.51834367290097,optimal
2021-02-10 03:30:00,8,19,1.1428571428571428,0.0,7.0,0.1728,10.4475,6.0,0,20.099332127890325,,,4000.0,0.0,0.0,0.0,46.79982532922807,optimal
2021-02-10 04:00:00,8,19,1.1428571428571428,0.0,0.0,0.055,10.8675,6.0,0,20.137061984787564,,,4000.0,0.0,0.0,0.0,46.75302550389884,optimal
2021-02-10 04:30:00,8,19,1.1428571428571428,0.0,3.4338432920153807,0.19140000000000001,10.542,6.0,0,20.172314074772032,,,4000.0,0.0,0.0,0.0,48.33734804210225,optimal
2021-02-10 05:00:00,8,19,1.1428571428571428,0.0,0.0,0.055,11.025,6.0,0,20.20997170116851,,,4000.0,0.0,0.0,0.0,48.289010694060146,optimal
2021-02-10 05:30:00,8,19,1.1428571428571428,0.0,0.0,0.117,11.025,6.0,0,20.244516948753798,,,4000.0,0.0,0.0,0.0,48.240721683366075,optimal
2021-02-10 06:00:00,8,19,1.1428571428571428,0.23222222222222222,0.0,0.2555666666666666,14.553,6.0,0,20.279966376717528,,,4000.0,0.0,0.0,209.0,48.192480961682705,optimal
2021-02-10 06:30:00,8,19,1.1428571428571428,2.7866666666666666,0.0,0.09086666666666667,13.0935,6.0,0,20.322772860597674,,,4000.0,0.0,0.0,2508.0,48.144288480721016,optimal
2021-02-10 07:00:00,8,19,1.1428571428571428,0.8514814814814814,0.0,0.2969,15.6345,6.0,0,20.363980209834118,,,4000.0,0.0,0.0,766.3333333333333,48.096144192240295,optimal
2021-02-10 07:30:00,8,19,0.0,0.46444444444444444,0.0,0.2865,18.102,6.0,0,20.409806007599418,,,0.0,0.0,0.0,418.0,48.048048048048045,optimal
2021-02-10 08:00:00,8,19,0.0,0.387037037037037,0.0,0.5811666666666666,17.199,6.0,0,20.375246653279373,,,0.0,0.0,0.0,348.3333333333333,48.0,optimal
2021-02-10 08:30:00,8,19,0.0,0.0,0.0,0.15180000000000002,18.2805,6.0,0,20.344348298676028,,,0.0,0.0,0.0,0.0,47.80147568591526,optimal
2021-02-10 09:00:00,8,19,0.0,0.0,0.0,0.1146,17.4615,6.0,0,20.293471154084664,,,0.0,0.0,0.0,0.0,47.6031498961446,optimal
2021-02-10 09:30:00,8,19,0.0,0.0,0.0,0.07740000000000001,18.3225,6.0,0,20.2424921948172,,,0.0,0.0,0.0,0.0,47.40502243216371,optimal
2021-02-10 10:00:00,8,19,0.0,0.0,0.0,0.189,17.094,6.0,0,20.191411683401284,,,0.0,0.0,0.0,0.0,47.207093095646805,optimal
2021-02-10 10:30:00,8,19,0.2925685678159781,0.0,0.0,0.065,17.094,6.0,0,20.143236258306167,,,1023.9899873559233,0.0,0.0,0.0,47.00936168846642,optimal
2021-02-10 11:00:00,8,19,1.1428571428571428,0.0,0.0,0.2014,17.094,6.0,0,20.113757620737974,,,4000.0,0.0,0.0,0.0,46.81182801269321,optimal
2021-02-10 11:30:00,8,19,0.0,0.0,0.0,0.065,17.3565,6.0,0,20.14762735382956,,,0.0,0.0,0.0,0.0,46.61449187059578,optimal
2021-02-10 12:00:00,8,19,1.1428571428571428,0.0,0.0,0.12079999999999999,17.115,6.0,0,20.09809603031544,,,4000.0,0.0,0.0,0.0,46.41735306464044,optimal
2021-02-10 12:30:00,8,19,1.1428571428571428,0.0,0.0,0.1456,17.241,6.0,0,20.130895881217757,,,4000.0,0.0,0.0,0.0,46.220411397491056,optimal
2021-02-10 13:00:00,8,19,1.1428571428571428,0.0,0.0,0.065,17.094,6.0,0,20.164111842014215,,,4000.0,0.0,0.0,0.0,46.02366667200882,optimal
2021-02-10 13:30:00,8,19,1.1428571428571428,0.0,0.0,0.2014,16.5165,6.0,0,20.195613320094125,,,4000.0,0.0,0.0,0.0,45.827118691252075,optimal
2021-02-10 14:00:00,8,19,0.0,0.0,0.0,0.065,17.8185,6.0,0,20.230307055609092,,,0.0,0.0,0.0,0.0,45.630767258476084,optimal
2021-02-10 14:30:00,8,19,1.1428571428571428,0.0,0.0,0.1456,17.094,6.0,0,20.181856602394653,,,4000.0,0.0,0.0,0.0,45.43461217713287,optimal
2021-02-10 15:00:00,8,19,1.1428571428571428,0.0,0.0,1.6854666666666667,16.8945,6.0,0,20.21597658238962,,,4000.0,0.0,0.0,0.0,45.238653250870996,optimal
2021-02-10 15:30:00,8,19,0.0,0.23222222222222222,0.0,0.6012666666666666,18.123,6.0,0,20.27191754091937,,,0.0,0.0,0.0,209.0,45.042890283535385,optimal
2021-02-10 16:00:00,8,19,0.0,0.0,0.0,0.33116666666666666,31.647,6.0,0,20.24393454920541,,,0.0,0.0,0.0,0.0,44.84732307916711,optimal
2021-02-10 16:30:00,8,19,0.0,0.0,0.0,0.10733333333333331,34.9965,6.0,0,20.217790305865293,,,0.0,0.0,0.0,0.0,44.6519514420032,optimal
2021-02-10 17:00:00,8,19,0.0,0.774074074074074,0.0,1.5187666666666668,34.9965,6.0,0,20.185544005393943,,,0.0,0.0,0.0,696.6666666666666,44.456775176476455,optimal
2021-02-10 17:30:00,8,19,0.0,0.0,0.0,0.2072333333333333,34.9965,6.0,0,20.164502408420223,,,0.0,0.0,0.0,0.0,44.261794087215236,optimal
2021-02-10 18:00:00,8,19,0.0,2.4770370370370367,0.0,0.1879333333333333,34.9965,6.0,0,20.135080013561538,,,0.0,0.0,0.0,2229.333333333333,44.06700797904328,optimal
2021-02-10 18:30:00,8,19,0.0,0.6966666666666667,0.0,0.2709,34.9965,6.0,0,20.107892491298742,,,0.0,0.0,0.0,627.0,43.872416656979496,optimal
2021-02-10 19:00:00,8,19,0.0,0.6966666666666667,0.0,0.4794,27.741,6.0,0,20.079560232976544,,,0.0,0.0,0.0,627.0,43.67801992623777,optimal
2021-02-10 19:30:00,8,19,0.0,0.1548148148148148,0.0,0.2394,19.026,6.0,0,20.05505507087115,,,0.0,0.0,0.0,139.33333333333331,43.48381759222679,optimal
2021-02-10 20:00:00,8,19,0.0,0.6966666666666667,0.0,0.31376666666666664,18.7215,6.0,0,20.024803718488577,,,0.0,0.0,0.0,627.0,43.289809460549826,optimal
2021-02-10 20:30:00,8,19,0.0,0.46444444444444444,0.0,0.5161,17.4195,6.0,0,20.0,,,0.0,0.0,0.0,418.0,43.09599533700453,optimal
2021-02-10 21:00:00,8,19,0.0,6.192592592592592,0.0,0.2641,16.758,6.0,0,19.977923232403143,,,0.0,0.0,0.0,5573.333333333333,42.902375027582785,optimal
2021-02-10 21:30:00,8,19,0.0,0.0774074074074074,0.0,0.3581333333333333,14.217,6.0,0,19.949850294052823,,,0.0,0.0,0.0,69.66666666666666,42.708948338470464,optimal
2021-02-10 22:00:00,8,19,0.0,0.6192592592592592,0.0,0.3433333333333333,13.3665,6.0,0,19.921104273030384,,,0.0,0.0,0.0,557.3333333333333,42.51571507604725,optimal
2021-02-10 22:30:00,8,19,0.0,0.23222222222222222,0.0,0.6258666666666667,12.789,6.0,0,19.887559210250593,,,0.0,0.0,0.0,209.0,42.32267504688646,optimal
2021-02-10 23:00:00,8,19,0.0,0.0,0.0,0.2661,11.907,6.0,0,19.85326091159731,,,0.0,0.0,0.0,0.0,42.28035237183957,optimal
2021-02-10 23:30:00,8,19,0.0,0.0,0.0,0.2186,11.7075,6.0,0,19.810219250272525,,,0.0,0.0,0.0,0.0,42.23807201946773,optimal
2021-02-11 00:00:00,8,19,1.1428571428571428,0.0,0.0,0.053,11.025,6.0,0,19.810219250272525,,,4000.0,0.0,0.0,0.0,42.195833947448264,optimal
2021-02-11 00:30:00,8,19,1.1428571428571428,0.0,0.0,0.053,12.0855,6.0,0,19.838429911833,,,4000.0,0.0,0.0,0.0,42.15363811350082,optimal
2021-02-11 01:00:00,8,19,1.1428571428571428,0.0,0.0,0.17693333333333333,11.6865,6.0,0,19.866826509419834,,,4000.0,0.0,0.0,0.0,42.111484475387314,optimal
2021-02-11 01:30:00,8,19,1.1428571428571428,0.0,0.0,0.053,11.2245,6.0,0,19.8979125257988,,,4000.0,0.0,0.0,0.0,42.06937299091193,optimal
2021-02-11 02:00:00,8,19,1.1428571428571428,0.0,0.0,0.10933333333333331,11.025,6.0,0,19.926414064340953,,,4000.0,0.0,0.0,0.0,42.02730361792102,optimal
2021-02-11 02:30:00,8,19,1.1428571428571428,0.0,0.5598201547482219,0.1206,10.7835,6.0,0,19.955979948858314,,,4000.0,0.0,0.0,0.0,42.251190887808505,optimal
2021-02-11 03:00:00,8,19,1.1428571428571428,0.0,0.0,0.053,11.025,6.0,0,19.985437887897465,,,4000.0,0.0,0.0,0.0,42.20893969692069,optimal
2021-02-11 03:30:00,8,19,1.1428571428571428,0.0,7.0,0.17693333333333333,10.584,6.0,0,20.013194729184182,,,4000.0,0.0,0.0,0.0,45.49173075722377,optimal
2021-02-11 04:00:00,8,19,1.1428571428571428,0.0,0.0,0.053,11.025,6.0,0,20.044031149672733,,,4000.0,0.0,0.0,0.0,45.44623902646654,optimal
2021-02-11 04:30:00,8,19,1.1428571428571428,0.0,7.0,0.16003333333333333,10.4265,6.0,0,20.07293124449398,,,4000.0,0.0,0.0,0.0,48.72579278744007,optimal
2021-02-11 05:00:00,8,19,1.1428571428571428,0.0,0.0,0.0699,12.789,6.0,0,20.103919002070523,,,4000.0,0.0,0.0,0.0,48.67706699465263,optimal
2021-02-11 05:30:00,8,19,1.1428571428571428,0.0,0.0,0.053,12.684,6.0,0,20.133005435669432,,,4000.0,0.0,0.0,0.0,48.62838992765797,optimal
2021-02-11 06:00:00,8,19,1.1428571428571428,0.0,0.0,0.06426666666666667,16.254,6.0,0,20.162322590768067,,,4000.0,0.0,0.0,0.0,48.579761537730306,optimal
2021-02-11 06:30:00,8,19,1.1428571428571428,0.0,0.0,0.16566666666666666,17.64,6.0,0,20.192438952598003,,,4000.0,0.0,0.0,0.0,48.53118177619257,optimal
2021-02-11 07:00:00,8,19,0.0,2.39962962962963,0.0,0.05433333333333334,19.1625,6.0,0,20.22517351617325,,,0.0,0.0,0.0,2159.6666666666665,48.48265059441637,optimal
2021-02-11 07:30:00,8,19,0.0,1.548148148148148,0.0,0.10596666666666668,26.46,6.0,0,20.180054558943375,,,0.0,0.0,0.0,1393.3333333333333,48.434167943821954,optimal
2021-02-11 08:00:00,8,19,0.0,0.0,0.0,0.1999333333333333,20.79,6.0,0,20.137017169849404,,,0.0,0.0,0.0,0.0,48.38573377587813,optimal
2021-02-11 08:30:00,8,19,0.0,0.0,0.0,0.11796666666666668,29.106,6.0,0,20.096314570420976,,,0.0,0.0,0.0,0.0,48.33734804210225,optimal
2021-02-11 09:00:00,8,19,0.6879237807075245,0.0,0.0,0.13423333333333332,19.1835,6.0,0,20.055259520738613,,,2407.7332324763356,0.0,0.0,0.0,48.289010694060146,optimal
2021-02-11 09:30:00,8,19,0.0,1.9351851851851851,0.0,0.19119999999999998,19.6665,6.0,0,20.06379550529494,,,0.0,0.0,0.0,1741.6666666666667,48.240721683366075,optimal
2021-02-11 10:00:00,8,19,0.0,0.0,0.0,0.22,19.404,6.0,0,20.02886953713163,,,0.0,0.0,0.0,0.0,48.192480961682705,optimal
2021-02-11 10:30:00,8,19,0.4756785168378591,0.3096296296296296,0.0,0.2386,19.047,6.0,0,20.0,,,1664.8748089325068,0.0,0.0,278.66666666666663,48.144288480721016,optimal
2021-02-11 11:00:00,8,19,1.1428571428571428,0.23222222222222222,0.0,0.25676666666666664,18.858,6.0,0,20.0,,,4000.0,0.0,0.0,209.0,48.096144192240295,optimal
2021-02-11 11:30:00,8,19,0.0,0.0,0.0,0.13463333333333333,19.2675,6.0,0,20.04386832941009,,,0.0,0.0,0.0,0.0,48.048048048048045,optimal
2021-02-11 12:00:00,8,19,0.7197072005127819,0.5418518518518518,0.0,0.271,18.963,6.0,0,20.00794466938869,,,2518.9752017947367,0.0,0.0,487.6666666666667,48.0,optimal
2021-02-11 12:30:00,8,19,1.1428571428571428,0.387037037037037,0.0,0.3635,18.438,6.0,0,20.028517631154262,,,4000.0,0.0,0.0,348.3333333333333,47.85937219813696,optimal
2021-02-11 13:00:00,8,19,1.1428571428571428,0.23222222222222222,0.0,0.0831,18.7425,6.0,0,20.08222561377211,,,4000.0,0.0,0.0,209.0,47.71888502407578,optimal
2021-02-11 13:30:00,8,19,1.1428571428571428,0.0,0.0,0.17003333333333334,15.2145,6.0,0,20.12521275579732,,,4000.0,0.0,0.0,0.0,47.57853833718867,optimal
2021-02-11 14:00:00,8,19,1.1428571428571428,0.0,0.0,0.063,17.7765,6.0,0,20.162601509768052,,,4000.0,0.0,0.0,0.0,47.43833199698844,optimal
2021-02-11 14:30:00,8,19,1.1428571428571428,0.0,0.0,0.063,16.758,6.0,0,20.197989913797162,,,4000.0,0.0,0.0,0.0,47.298265863128414,optimal
2021-02-11 15:00:00,8,19,1.1428571428571428,0.0,0.0,0.1869333333333333,16.422,6.0,0,20.23238015305687,,,4000.0,0.0,0.0,0.0,47.15833979540225,optimal
2021-02-11 15:30:00,8,19,1.1428571428571428,0.0774074074074074,0.0,0.08466666666666667,16.758,6.0,0,20.268278775763584,,,4000.0,0.0,0.0,69.66666666666666,47.01855365374381,optimal
2021-02-11 16:00:00,8,19,0.0,0.23222222222222222,0.0,0.212,29.358,6.0,0,20.30002968764973,,,0.0,0.0,0.0,209.0,46.87890729822703,optimal
2021-02-11 16:30:00,8,19,0.0,0.0,0.0,0.32589999999999997,34.9965,6.0,0,20.255082541275193,,,0.0,0.0,0.0,0.0,46.73940058906576,optimal
2021-02-11 17:00:00,8,19,0.0,0.387037037037037,0.0,0.24036666666666667,34.65,6.0,0,20.2129058191611,,,0.0,0.0,0.0,348.3333333333333,46.60003338661365,optimal
2021-02-11 17:30:00,8,19,0.0,0.0,0.0,0.18616666666666662,34.9965,6.0,0,20.167445923033085,,,0.0,0.0,0.0,0.0,46.460805551364004,optimal
2021-02-11 18:00:00,8,19,0.0,6.734444444444446,0.0,0.13133333333333333,34.9965,6.0,0,20.122468384398175,,,0.0,0.0,0.0,6061.000000000001,46.3217169439496,optimal
2021-02-11 18:30:00,8,19,0.0,0.0,0.0,0.2916333333333333,30.4815,6.0,0,20.08089548978721,,,0.0,0.0,0.0,0.0,46.182767425142615,optimal
2021-02-11 19:00:00,8,19,0.0,0.6192592592592592,0.0,0.17623333333333333,21.4305,6.0,0,20.039724633202376,,,0.0,0.0,0.0,557.3333333333333,46.04395685585443,optimal
2021-02-11 19:30:00,8,19,0.5575694701445956,0.1548148148148148,0.0,0.32230000000000003,14.3325,6.0,0,20.0,,,1951.4931455060846,0.0,0.0,139.33333333333331,45.99791289899858,optimal
2021-02-11 20:00:00,8,19,0.5935925830301226,0.0,0.0,0.7772,13.692,6.0,0,20.0,,,2077.574040605429,0.0,0.0,0.0,45.95191498609958,optimal
2021-02-11 20:30:00,8,19,0.0,0.6966666666666667,0.0,1.142766666666667,14.007,6.0,0,20.0,,,0.0,0.0,0.0,627.0,45.90596307111348,optimal
2021-02-11 21:00:00,8,19,0.0,0.774074074074074,0.0,0.30186666666666667,12.873,6.0,0,19.96356991645998,,,0.0,0.0,0.0,696.6666666666666,45.86005710804237,optimal
2021-02-11 21:30:00,8,19,0.0,4.79925925925926,0.0,0.35960000000000003,12.684,6.0,0,19.922755457739218,,,0.0,0.0,0.0,4319.333333333333,45.814197050934325,optimal
2021-02-11 22:00:00,8,19,0.0,0.0,0.0,0.4715,12.306,6.0,0,19.882112860559438,,,0.0,0.0,0.0,0.0,45.76838285388339,optimal
2021-02-11 22:30:00,8,19,0.0,0.0,0.0,0.22473333333333328,10.6365,6.0,0,19.836158684821424,,,0.0,0.0,0.0,0.0,45.7226144710295,optimal
2021-02-11 23:00:00,8,19,0.0,0.0,0.0,0.063,11.2455,6.0,0,19.780185324540973,,,0.0,0.0,0.0,0.0,45.67689185655847,optimal
2021-02-11 23:30:00,8,19,0.0,0.0,0.0,0.061,11.2455,6.0,0,19.72014621532082,,,0.0,0.0,0.0,0.0,45.63121496470191,optimal
2021-02-12 00:00:00,8,19,1.1428571428571428,0.23222222222222222,0.0,0.14236666666666667,10.3635,6.0,0,19.72014621532082,,,4000.0,0.0,0.0,209.0,45.58558374973721,optimal
2021-02-12 00:30:00,8,19,1.1428571428571428,2.1674074074074072,0.0,0.218,10.8045,6.0,0,19.75029034008099,,,4000.0,0.0,0.0,1950.6666666666667,45.53999816598748,optimal
2021-02-12 01:00:00,8,19,1.1428571428571428,0.0,0.0,0.22569999999999998,11.025,6.0,0,19.78379715306292,,,4000.0,0.0,0.0,0.0,45.49445816782149,optimal
2021-02-12 01:30:00,8,19,1.1428571428571428,0.0,0.0,0.3086333333333333,10.3635,6.0,0,19.817884592172668,,,4000.0,0.0,0.0,0.0,45.44896370965367,optimal
2021-02-12 02:00:00,8,19,1.1428571428571428,0.0,0.0,0.2612,10.8045,6.0,0,19.849097311472622,,,4000.0,0.0,0.0,0.0,45.403514745944015,optimal
2021-02-12 02:30:00,8,19,1.1428571428571428,0.0,0.0,0.056,10.059,6.0,0,19.873603299660065,,,4000.0,0.0,0.0,0.0,45.35811123119807,optimal
2021-02-12 03:00:00,8,19,1.1428571428571428,0.0,0.0,0.056,10.584,6.0,0,19.89467693753521,,,4000.0,0.0,0.0,0.0,45.31275311996688,optimal
2021-02-12 03:30:00,8,19,1.1428571428571428,0.0,6.157980199654315,0.13140000000000002,9.4185,6.0,0,19.91647300105944,,,4000.0,0.0,0.0,0.0,48.192480961682705,optimal
2021-02-12 04:00:00,8,19,1.1428571428571428,0.0,0.0,0.2601333333333333,10.3635,6.0,0,19.94154901916535,,,4000.0,0.0,0.0,0.0,48.144288480721016,optimal
2021-02-12 04:30:00,8,19,1.1428571428571428,0.0,0.0,0.056,9.8385,6.0,0,19.9709740499369,,,4000.0,0.0,0.0,0.0,48.096144192240295,optimal
2021-02-12 05:00:00,8,19,1.1428571428571428,0.0,0.0,0.5700666666666667,11.067,6.0,0,19.998011550165042,,,4000.0,0.0,0.0,0.0,48.048048048048045,optimal
2021-02-12 05:30:00,8,19,1.1428571428571428,0.3096296296296296,0.0,2.8536333333333332,10.8465,6.0,0,20.040357087004946,,,4000.0,0.0,0.0,278.66666666666663,48.0,optimal
2021-02-12 06:00:00,8,19,1.1428571428571428,0.0774074074074074,0.0,0.2114,13.671,6.0,0,20.117513772687392,,,4000.0,0.0,0.0,69.66666666666666,47.748182029611606,optimal
2021-02-12 06:30:00,8,19,1.1428571428571428,1.7803703703703702,0.0,0.428,12.348,6.0,0,20.164343731886834,,,4000.0,0.0,0.0,1602.3333333333333,47.4966158771936,optimal
2021-02-12 07:00:00,8,19,0.09032285740436598,0.46444444444444444,0.0,0.3072,14.3325,6.0,0,20.21162779927691,,,316.1300009152809,0.0,0.0,418.0,47.24530129092801,optimal
2021-02-12 07:30:00,8,19,0.0,0.0,0.0,0.2714,15.393,6.0,0,20.171895559268123,,,0.0,0.0,0.0,0.0,46.99423801924869,optimal
2021-02-12 08:00:00,8,19,1.1428571428571428,0.1548148148148148,0.0,0.2692,13.587,6.0,0,20.125139218656862,,,4000.0,0.0,0.0,139.33333333333331,46.743425810841046,optimal
2021-02-12 08:30:00,8,19,0.0,0.0,0.0,0.3457333333333333,16.1385,6.0,0,20.158254902219657,,,0.0,0.0,0.0,0.0,46.492864414641815,optimal
2021-02-12 09:00:00,8,19,0.0,0.0,0.0,0.182,14.595,6.0,0,20.112207118313805,,,0.0,0.0,0.0,0.0,46.24255357983878,optimal
2021-02-12 09:30:00,8,19,0.0,0.0,0.0,0.22953333333333334,14.637,6.0,0,20.052697283451984,,,0.0,0.0,0.0,0.0,45.99249305587055,optimal
2021-02-12 10:00:00,8,19,0.7094279139216761,0.0,0.0,0.066,13.9125,6.0,0,20.0,,,2482.9976987258665,0.0,0.0,0.0,45.742682592426284,optimal
2021-02-12 10:30:00,8,19,0.8658668883764773,0.0,0.0,0.12546666666666667,13.3665,6.0,0,20.0,,,3030.5341093176703,0.0,0.0,0.0,45.493121939445466,optimal
2021-02-12 11:00:00,8,19,1.1428571428571428,0.0,0.0,0.17006666666666667,13.0095,6.0,0,20.013299974136906,,,4000.0,0.0,0.0,0.0,45.24381084711763,optimal
2021-02-12 11:30:00,8,19,0.0,0.0,0.0,0.066,13.8915,6.0,0,20.048089824178057,,,0.0,0.0,0.0,0.0,44.99474906588212,optimal
2021-02-12 12:00:00,8,19,0.5877592590817065,0.0,0.0,0.32746666666666663,13.188,6.0,0,20.0,,,2057.1574067859724,0.0,0.0,0.0,44.74593634642785,optimal
2021-02-12 12:30:00,8,19,0.5977565050025494,0.0,0.0,0.0814,12.5685,6.0,0,20.0,,,2092.1477675089227,0.0,0.0,0.0,44.497372439693024,optimal
2021-02-12 13:00:00,8,19,0.502039465781921,0.0,0.0,0.093,12.285,6.0,0,20.0,,,1757.1381302367238,0.0,0.0,0.0,44.24905709686494,optimal
2021-02-12 13:30:00,8,19,1.1428571428571428,0.0,0.0,0.5522666666666667,11.487,6.0,0,20.0,,,4000.0,0.0,0.0,0.0,44.00099006937968,optimal
2021-02-12 14:00:00,8,19,1.1428571428571428,0.0,0.0,0.10316666666666668,11.802,6.0,0,20.05446982992121,,,4000.0,0.0,0.0,0.0,43.75317110892191,optimal
2021-02-12 14:30:00,8,19,1.1428571428571428,0.0,0.0,0.066,11.2245,6.0,0,20.08780139334977,,,4000.0,0.0,0.0,0.0,43.505599967424594,optimal
2021-02-12 15:00:00,8,19,1.1428571428571428,0.0,0.0,0.22953333333333334,11.025,6.0,0,20.12003670506853,,,4000.0,0.0,0.0,0.0,43.25827639706878,optimal
2021-02-12 15:30:00,8,19,0.22144038045540448,0.774074074074074,0.0,0.31803333333333333,11.907,6.0,0,20.155233571145523,,,775.0413315939157,0.0,0.0,696.6666666666666,43.011200150283315,optimal
2021-02-12 16:00:00,8,19,0.0,0.23222222222222222,0.0,0.212,25.83,6.0,0,20.13551159801795,,,0.0,0.0,0.0,209.0,42.76437097974464,optimal
2021-02-12 16:30:00,8,19,0.0,0.5418518518518518,0.0,0.20896666666666666,28.035,6.0,0,20.103422503245433,,,0.0,0.0,0.0,487.6666666666667,42.5177886383765,optimal
2021-02-12 17:00:00,8,19,0.0,0.0,0.0,1.9912,28.119,6.0,0,20.075070277342633,,,0.0,0.0,0.0,0.0,42.27145287934973,optimal
2021-02-12 17:30:00,8,19,0.0,0.387037037037037,0.0,0.9276333333333332,30.156,6.0,0,20.07117601733096,,,0.0,0.0,0.0,348.3333333333333,42.02536345608199,optimal
2021-02-12 18:00:00,8,19,0.0,0.46444444444444444,0.0,0.3228666666666667,29.1585,6.0,0,20.05373408323656,,,0.0,0.0,0.0,418.0,41.98333809262591,optimal
2021-02-12 18:30:00,8,19,0.0,0.6966666666666667,0.0,0.5172,26.712,6.0,0,20.03385761851952,,,0.0,0.0,0.0,627.0,41.94135475453328,optimal
2021-02-12 19:00:00,8,19,0.0,0.0,0.0,1.0067333333333333,15.435,6.0,0,20.01980947186157,,,0.0,0.0,0.0,0.0,41.899413399778744,optimal
2021-02-12 19:30:00,8,19,0.0,0.0,0.0,2.0983,13.566,6.0,0,20.007937536208313,,,0.0,0.0,0.0,0.0,41.85751398637897,optimal
2021-02-12 20:00:00,8,19,0.0,0.3096296296296296,0.0,0.5312,12.789,6.0,0,20.01475392869953,,,0.0,0.0,0.0,278.66666666666663,41.81565647239259,optimal
2021-02-12 20:30:00,8,19,0.0,2.5544444444444445,0.0,0.24546666666666667,12.1275,6.0,0,20.0,,,0.0,0.0,0.0,2299.0,41.773840815920195,optimal
2021-02-12 21:00:00,8,19,0.0,0.0,0.0,0.47736666666666666,13.671,6.0,0,19.977132683254172,,,0.0,0.0,0.0,0.0,41.732066975104274,optimal
2021-02-12 21:30:00,8,19,0.0,0.1548148148148148,0.0,0.5517666666666666,10.668,6.0,0,19.957416048147365,,,0.0,0.0,0.0,139.33333333333331,41.69033490812917,optimal
2021-02-12 22:00:00,8,19,0.0,0.3096296296296296,0.0,0.3709333333333333,11.7285,6.0,0,19.93777680499509,,,0.0,0.0,0.0,278.66666666666663,41.648644573221034,optimal
2021-02-12 22:30:00,8,19,0.0,0.1548148148148148,0.0,0.8513333333333334,11.025,6.0,0,19.91445557417419,,,0.0,0.0,0.0,139.33333333333331,41.60699592864781,optimal
2021-02-12 23:00:00,8,19,0.0,0.0,0.0,0.44226666666666664,10.689,6.0,0,19.9026855042501,,,0.0,0.0,0.0,0.0,41.565388932719166,optimal
2021-02-12 23:30:00,8,19,0.0,0.0,0.0,0.0756,8.1585,6.0,0,19.876286480699658,,,0.0,0.0,0.0,0.0,41.52382354378645,optimal
2021-02-13 00:00:00,8,19,1.1428571428571428,0.0,0.0,0.0734,9.3975,6.0,0,19.876286480699658,,,4000.0,0.0,0.0,0.0,41.482299720242665,optimal
2021-02-13 00:30:00,8,19,1.1428571428571428,0.0,0.0,0.31506666666666666,10.059,6.0,0,19.913458737612636,,,4000.0,0.0,0.0,0.0,41.44081742052242,optimal
2021-02-13 01:00:00,8,19,1.1428571428571428,0.0,0.0,0.075,9.261,6.0,0,19.95539198351916,,,4000.0,0.0,0.0,0.0,41.3993766031019,optimal
2021-02-13 01:30:00,8,19,1.1428571428571428,0.0,0.0,0.075,8.1585,6.0,0,19.992495785975912,,,4000.0,0.0,0.0,0.0,41.3579772264988,optimal
2021-02-13 02:00:00,8,19,1.1428571428571428,0.0,0.0,0.1847333333333333,9.4815,6.0,0,20.029632989878873,,,4000.0,0.0,0.0,0.0,41.3166192492723,optimal
2021-02-13 02:30:00,8,19,1.1428571428571428,0.0,0.0,0.284,8.379,6.0,0,20.069020574511384,,,4000.0,0.0,0.0,0.0,41.27530263002303,optimal
2021-02-13 03:00:00,8,19,1.1428571428571428,0.0,0.0,0.12006666666666667,9.5235,6.0,0,20.110311740370275,,,4000.0,0.0,0.0,0.0,41.234027327393,optimal
2021-02-13 03:30:00,8,19,1.1428571428571428,0.0,1.1079694825177382,0.1426,8.1375,6.0,0,20.14818383189116,,,4000.0,0.0,0.0,0.0,41.719078804261535,optimal
2021-02-13 04:00:00,8,19,1.1428571428571428,0.0,0.0,0.09190000000000001,10.0905,6.0,0,20.186283598932274,,,4000.0,0.0,0.0,0.0,41.677359725457265,optimal
2021-02-13 04:30:00,8,19,1.1428571428571428,0.0,7.0,0.24336666666666668,7.539,6.0,0,20.223130836514443,,,4000.0,0.0,0.0,0.0,44.96068236573181,optimal
2021-02-13 05:00:00,8,19,1.1428571428571428,0.0,7.0,0.20846666666666666,7.938,6.0,0,20.26268388783056,,,4000.0,0.0,0.0,0.0,48.240721683366075,optimal
2021-02-13 05:30:00,8,19,1.1428571428571428,2.4770370370370367,0.0,0.09820000000000001,8.274,6.0,0,20.301170369653885,,,4000.0,0.0,0.0,2229.333333333333,48.192480961682705,optimal
2021-02-13 06:00:00,8,19,1.1428571428571428,0.0774074074074074,0.0,0.33,9.261,6.0,0,20.337956614540662,,,4000.0,0.0,0.0,69.66666666666666,48.144288480721016,optimal
2021-02-13 06:30:00,8,19,1.1428571428571428,0.387037037037037,0.0,0.8616333333333334,9.9225,6.0,0,20.38532978615198,,,4000.0,0.0,0.0,348.3333333333333,48.096144192240295,optimal
2021-02-13 07:00:00,8,19,1.1428571428571428,7.50851851851852,0.0,1.8476,9.702,6.0,0,20.438089729830217,,,4000.0,0.0,0.0,6757.666666666668,48.048048048048045,optimal
2021-02-13 07:30:00,8,19,1.1428571428571428,2.8640740740740736,0.0,3.3555,10.584,6.0,0,20.49673857436815,,,4000.0,0.0,0.0,2577.666666666666,48.0,optimal
2021-02-13 08:00:00,8,19,1.1428571428571428,0.774074074074074,0.0,0.7135666666666667,10.143,6.0,0,20.589507441920226,,,4000.0,0.0,0.0,696.6666666666666,47.837067487866406,optimal
2021-02-13 08:30:00,8,19,0.0,3.638148148148147,0.0,0.6927000000000001,13.0095,6.0,0,20.65039638628925,,,0.0,0.0,0.0,3274.333333333332,47.674297908244945,optimal
2021-02-13 09:00:00,8,19,1.1428571428571428,0.0,0.0,0.4367,11.025,6.0,0,20.623899617387934,,,4000.0,0.0,0.0,0.0,47.51169109820311,optimal
2021-02-13 09:30:00,8,19,0.0,0.0,0.0,0.13133333333333333,12.789,6.0,0,20.664870606397404,,,0.0,0.0,0.0,0.0,47.349246894971316,optimal
2021-02-13 10:00:00,8,19,0.0,0.0,0.0,0.202,12.1275,6.0,0,20.611325279202337,,,0.0,0.0,0.0,0.0,47.18696513594275,optimal
2021-02-13 10:30:00,8,19,0.0,0.0,0.0,0.21603333333333333,12.1695,6.0,0,20.559993901246166,,,0.0,0.0,0.0,0.0,47.024845658673215,optimal
2021-02-13 11:00:00,8,19,0.0,0.0,0.0,0.18203333333333332,12.306,6.0,0,20.509208505070095,,,0.0,0.0,0.0,0.0,46.86288830088095,optimal
2021-02-13 11:30:00,8,19,0.0,0.0,0.0,0.1296,13.23,6.0,0,20.457997207368294,,,0.0,0.0,0.0,0.0,46.701092900446476,optimal
2021-02-13 12:00:00,8,19,0.0,0.0,0.0,0.2369,13.671,6.0,0,20.405988679709093,,,0.0,0.0,0.0,0.0,46.539459295412435,optimal
2021-02-13 12:30:00,8,19,0.0,0.0,0.0,0.17723333333333333,13.9335,6.0,0,20.356412259784953,,,0.0,0.0,0.0,0.0,46.37798732398343,optimal
2021-02-13 13:00:00,8,19,0.0,0.0,0.0,0.2568666666666667,13.293,6.0,0,20.306017733516374,,,0.0,0.0,0.0,0.0,46.216676824525855,optimal
2021-02-13 13:30:00,8,19,0.0,0.0,0.0,0.18419999999999997,12.1065,6.0,0,20.257621654594505,,,0.0,0.0,0.0,0.0,46.055527635567735,optimal
2021-02-13 14:00:00,8,19,1.1428571428571428,0.0,0.0,0.487,11.571,6.0,0,20.209535843121344,,,4000.0,0.0,0.0,0.0,45.89453959579858,optimal
2021-02-13 14:30:00,8,19,1.1428571428571428,0.0774074074074074,0.0,0.3514,11.025,6.0,0,20.252148700556535,,,4000.0,0.0,0.0,69.66666666666666,45.733712544069185,optimal
2021-02-13 15:00:00,8,19,1.1428571428571428,0.0,0.0,0.14759999999999998,10.8465,6.0,0,20.29216377817818,,,4000.0,0.0,0.0,0.0,45.57304631939152,optimal
2021-02-13 15:30:00,8,19,1.1428571428571428,0.0,0.0,0.2808333333333333,11.2455,6.0,0,20.32344844332615,,,4000.0,0.0,0.0,0.0,45.41254076093854,optimal
2021-02-13 16:00:00,8,19,0.0,0.3096296296296296,0.0,0.2775666666666667,23.8665,6.0,0,20.357084940883382,,,0.0,0.0,0.0,278.66666666666663,45.25219570804401,optimal
2021-02-13 16:30:00,8,19,0.0,0.0774074074074074,0.0,0.5831333333333333,27.4575,6.0,0,20.310752212441816,,,0.0,0.0,0.0,69.66666666666666,45.092011000202376,optimal
2021-02-13 17:00:00,8,19,0.0,0.387037037037037,0.0,0.5180666666666667,27.3735,6.0,0,20.276795981473573,,,0.0,0.0,0.0,348.3333333333333,44.931986477068584,optimal
2021-02-13 17:30:00,8,19,0.0,0.23222222222222222,0.0,0.343,30.4605,6.0,0,20.242736430841624,,,0.0,0.0,0.0,209.0,44.772121978457925,optimal
2021-02-13 18:00:00,8,19,0.0,0.0,0.0,0.5295666666666667,30.0195,6.0,0,20.208910848875853,,,0.0,0.0,0.0,0.0,44.61241734434587,optimal
2021-02-13 18:30:00,8,19,0.0,0.0,0.0,0.18166666666666662,26.9325,6.0,0,20.1803056801196,,,0.0,0.0,0.0,0.0,44.45287241486793,optimal
2021-02-13 19:00:00,8,19,0.0,0.0,0.0,0.20586666666666667,14.595,6.0,0,20.13432410337956,,,0.0,0.0,0.0,0.0,44.293487030319476,optimal
2021-02-13 19:30:00,8,19,0.0,0.0,0.0,0.2306,12.4845,6.0,0,20.085083295809145,,,0.0,0.0,0.0,0.0,44.13426103115557,optimal
2021-02-13 20:00:00,8,19,0.0425378663095057,0.0,0.0,0.21153333333333332,12.1275,6.0,0,20.03621073608653,,,148.88253208326995,0.0,0.0,0.0,43.97519425799082,optimal
2021-02-13 20:30:00,8,19,0.0,0.0774074074074074,0.0,0.44339999999999996,12.1275,6.0,0,20.0,,,0.0,0.0,0.0,69.66666666666666,43.81628655159924,optimal
2021-02-13 21:00:00,8,19,0.0,0.0774074074074074,0.0,0.8230666666666667,12.789,6.0,0,19.968692658280805,,,0.0,0.0,0.0,69.66666666666666,43.65753775291405,optimal
2021-02-13 21:30:00,8,19,0.0,0.23222222222222222,0.0,0.37110000000000004,11.907,6.0,0,19.948355078794517,,,0.0,0.0,0.0,209.0,43.49894770302755,optimal
2021-02-13 22:00:00,8,19,0.0,1.8577777777777778,0.0,0.9053666666666668,11.025,6.0,0,19.923975950504563,,,0.0,0.0,0.0,1672.0,43.340516243190926,optimal
2021-02-13 22:30:00,8,19,0.0,0.0,0.0,0.6111,8.2005,6.0,0,19.910769343877792,,,0.0,0.0,0.0,0.0,43.18224321481414,optimal
2021-02-13 23:00:00,8,19,0.0,0.5418518518518518,0.0,0.5239333333333333,9.5655,6.0,0,19.889454202267093,,,0.0,0.0,0.0,487.6666666666667,43.13906097159933,optimal
2021-02-13 23:30:00,8,19,0.0,0.0,0.0,0.3963,7.056,6.0,0,19.867100745573325,,,0.0,0.0,0.0,0.0,43.09592191062773,optimal
2021-02-07 00:00:00,9,19,0.0,0.0,0.0,0.064,9.261,6.0,0,21.0,,,0.0,0.0,0.0,0.0,47.952,optimal
2021-02-07 00:30:00,9,19,0.0,0.0,0.0,0.064,10.3635,6.0,0,20.961863762597076,,,0.0,0.0,0.0,0.0,47.904047999999996,optimal
2021-02-07 01:00:00,9,19,0.0,0.0,0.0,0.064,8.274,6.0,0,20.923567296635948,,,0.0,0.0,0.0,0.0,47.856143952,optimal
2021-02-07 01:30:00,9,19,0.0,0.0,0.0,0.064,7.7175,6.0,0,20.885111017112237,,,0.0,0.0,0.0,0.0,47.80828780804799,optimal
2021-02-07 02:00:00,9,19,0.0,0.0,0.0,0.064,6.615,6.0,0,20.846624839088815,,,0.0,0.0,0.0,0.0,47.76047952023995,optimal
2021-02-07 02:30:00,9,19,0.0,0.0,0.0,0.064,6.174,6.0,0,20.808108840003474,,,0.0,0.0,0.0,0.0,47.712719040719705,optimal
2021-02-07 03:00:00,9,19,0.0,0.0,0.0,0.064,3.906,6.0,0,20.76943359595136,,,0.0,0.0,0.0,0.0,47.66500632167899,optimal
2021-02-07 03:30:00,9,19,1.068166418474217,0.0,0.0,0.064,2.3415,6.0,0,20.73059951938057,,,3738.582464659759,0.0,0.0,0.0,47.61734131535731,optimal
2021-02-07 04:00:00,9,19,1.1428571428571428,0.0,0.0,0.064,2.205,6.0,0,20.767271303796296,,,4000.0,0.0,0.0,0.0,47.56972397404195,optimal
2021-02-07 04:30:00,9,19,1.1428571428571428,0.0,1.5127735437856342,0.064,0.882,6.0,0,20.80900031842046,,,4000.0,0.0,0.0,0.0,48.240721683366075,optimal
2021-02-07 05:00:00,9,19,1.1428571428571428,0.0,0.0,0.064,1.5435,6.0,0,20.85062125394358,,,4000.0,0.0,0.0,0.0,48.192480961682705,optimal
2021-02-07 05:30:00,9,19,1.1428571428571428,0.0,0.0,0.064,1.5435,6.0,0,20.892134390292995,,,4000.0,0.0,0.0,0.0,48.144288480721016,optimal
2021-02-07 06:00:00,9,19,0.0,0.0,0.0,0.064,5.0715,6.0,0,20.93354000667103,,,0.0,0.0,0.0,0.0,48.096144192240295,optimal
2021-02-07 06:30:00,9,19,0.0,0.1548148148148148,0.0,0.06266666666666666,5.376,6.0,0,20.89402188846381,,,0.0,0.0,0.0,139.33333333333331,48.048048048048045,optimal
2021-02-07 07:00:00,9,19,0.0,0.774074074074074,0.0,0.07133333333333333,5.0715,6.0,0,20.858490507766945,,,0.0,0.0,0.0,696.6666666666666,48.0,optimal
2021-02-07 07:30:00,9,19,0.0,0.6192592592592592,0.0,0.08266666666666667,5.5125,6.0,0,20.830807995799926,,,0.0,0.0,0.0,557.3333333333333,47.80423756518867,optimal
2021-02-07 08:00:00,9,19,0.0,0.5418518518518518,0.0,0.3472333333333333,9.261,6.0,0,20.800842144079684,,,0.0,0.0,0.0,487.6666666666667,47.60867089281216,optimal
2021-02-07 08:30:00,9,19,0.0,0.0,0.0,0.11333333333333331,11.7075,6.0,0,20.7720416491141,,,0.0,0.0,0.0,0.0,47.413299787108016,optimal
2021-02-07 09:00:00,9,19,0.0,0.0,0.0,0.074,12.348,6.0,0,20.728691808910003,,,0.0,0.0,0.0,0.0,47.21812405250958,optimal
2021-02-07 09:30:00,9,19,0.0,0.0,0.0,0.074,12.348,6.0,0,20.67992350964626,,,0.0,0.0,0.0,0.0,47.02314349364574,optimal
2021-02-07 10:00:00,9,19,0.0,0.0,0.0,0.074,12.1275,6.0,0,20.631411022533655,,,0.0,0.0,0.0,0.0,46.82835791534077,optimal
2021-02-07 10:30:00,9,19,0.0,0.0,0.0,0.11833333333333332,12.5265,6.0,0,20.583153685782502,,,0.0,0.0,0.0,0.0,46.6337671226141,optimal
2021-02-07 11:00:00,9,19,0.0,0.0,0.0,0.11833333333333332,11.7495,6.0,0,20.5366480525238,,,0.0,0.0,0.0,0.0,46.43937092068016,optimal
2021-02-07 11:30:00,9,19,0.0,0.0,0.0,0.074,13.23,6.0,0,20.490125093405894,,,0.0,0.0,0.0,0.0,46.245169114948155,optimal
2021-02-07 12:00:00,9,19,0.0,0.0,0.0,0.11833333333333332,14.3325,6.0,0,20.441715686902956,,,0.0,0.0,0.0,0.0,46.05116151102188,optimal
2021-02-07 12:30:00,9,19,0.0,0.0,0.0,0.207,14.994,6.0,0,20.395317380749653,,,0.0,0.0,0.0,0.0,45.85734791469953,optimal
2021-02-07 13:00:00,9,19,0.0,0.0,0.0,0.40876666666666667,14.8155,6.0,0,20.356656201743128,,,0.0,0.0,0.0,0.0,45.66372813197351,optimal
2021-02-07 13:30:00,9,19,0.0,0.0,0.0,1.519,14.112,6.0,0,20.319286794615877,,,0.0,0.0,0.0,0.0,45.47030196903021,optimal
2021-02-07 14:00:00,9,19,0.0,0.1548148148148148,0.0,1.4285,14.007,6.0,0,20.28824303167665,,,0.0,0.0,0.0,139.33333333333331,45.27706923224985,optimal
2021-02-07 14:30:00,9,19,0.0,0.3096296296296296,0.0,0.39826666666666666,13.23,6.0,0,20.256202718650187,,,0.0,0.0,0.0,278.66666666666663,45.084029728206275,optimal
2021-02-07 15:00:00,9,19,0.0,0.46444444444444444,0.0,0.477,11.382,6.0,0,20.231253318329717,,,0.0,0.0,0.0,418.0,44.89118326366674,optimal
2021-02-07 15:30:00,9,19,0.0,0.46444444444444444,0.0,0.31060000000000004,11.7495,6.0,0,20.207628123257656,,,0.0,0.0,0.0,418.0,44.69852964559175,optimal
2021-02-07 16:00:00,9,19,0.0,0.1548148148148148,0.0,0.21096666666666666,24.3285,6.0,0,20.18142083439691,,,0.0,0.0,0.0,139.33333333333331,44.50606868113483,optimal
2021-02-07 16:30:00,9,19,0.0,0.387037037037037,0.0,0.28836666666666666,28.917,6.0,0,20.160692174998886,,,0.0,0.0,0.0,348.3333333333333,44.313800177642364,optimal
2021-02-07 17:00:00,9,19,0.0,0.3096296296296296,0.0,0.6409,31.3635,6.0,0,20.144927538787346,,,0.0,0.0,0.0,278.66666666666663,44.1217239426534,optimal
2021-02-07 17:30:00,9,19,0.0,0.0,0.0,0.44953333333333334,33.306,6.0,0,20.13320622862311,,,0.0,0.0,0.0,0.0,43.92983978389942,optimal
2021-02-07 18:00:00,9,19,0.0,0.23222222222222222,0.0,0.2006,31.3425,6.0,0,20.11549578054987,,,0.0,0.0,0.0,209.0,43.73814750930419,optimal
2021-02-07 18:30:00,9,19,0.0,0.387037037037037,0.0,0.3445,28.2555,6.0,0,20.09092514929808,,,0.0,0.0,0.0,348.3333333333333,43.54664692698356,optimal
2021-02-07 19:00:00,9,19,0.0,0.0,0.0,0.404,15.6975,6.0,0,20.07382652982914,,,0.0,0.0,0.0,0.0,43.35533784524525,optimal
2021-02-07 19:30:00,9,19,0.0,6.502222222222221,0.0,0.3187333333333333,12.5475,6.0,0,20.04992790743412,,,0.0,0.0,0.0,5851.999999999999,43.16422007258868,optimal
2021-02-07 20:00:00,9,19,0.0,0.0,0.0,0.3457333333333333,12.0855,6.0,0,20.02432130181826,,,0.0,0.0,0.0,0.0,42.97329341770476,optimal
2021-02-07 20:30:00,9,19,0.0,0.387037037037037,0.0,0.3686666666666667,11.907,6.0,0,20.0,,,0.0,0.0,0.0,348.3333333333333,42.78255768947573,optimal
2021-02-07 21:00:00,9,19,0.0,2.2448148148148146,0.0,0.3331,12.5685,6.0,0,19.980380168106247,,,0.0,0.0,0.0,2020.3333333333333,42.592012696974926,optimal
2021-02-07 21:30:00,9,19,0.0,0.0,0.0,0.3689666666666666,13.146,6.0,0,19.963798952351084,,,0.0,0.0,0.0,0.0,42.40165824946663,optimal
2021-02-07 22:00:00,9,19,0.0,0.3096296296296296,0.0,0.4345,10.584,6.0,0,19.944212553592315,,,0.0,0.0,0.0,278.66666666666663,42.211494156405834,optimal
2021-02-07 22:30:00,9,19,0.0,0.0774074074074074,0.0,1.2359666666666667,6.678,6.0,0,19.926907419263088,,,0.0,0.0,0.0,69.66666666666666,42.0215202274381,optimal
2021-02-07 23:00:00,9,19,0.0,0.0,0.0,1.456,7.938,6.0,0,19.91071226700602,,,0.0,0.0,0.0,0.0,41.97949870721067,optimal
2021-02-07 23:30:00,9,19,0.0,2.0899999999999994,0.0,0.5310666666666667,5.292,6.0,0,19.894710860876085,,,0.0,0.0,0.0,1880.9999999999998,41.93751920850345,optimal
2021-02-08 00:00:00,9,19,1.1428571428571428,0.0,0.0,0.17073333333333332,5.9745,6.0,0,19.894710860876085,,,4000.0,0.0,0.0,0.0,41.89558168929495,optimal
2021-02-08 00:30:00,9,19,1.1428571428571428,0.0,0.0,0.065,7.938,6.0,0,19.939642547861684,,,4000.0,0.0,0.0,0.0,41.853686107605654,optimal
2021-02-08 01:00:00,9,19,1.1428571428571428,0.0,0.0,0.065,8.6835,6.0,0,19.98119018054761,,,4000.0,0.0,0.0,0.0,41.811832421498046,optimal
2021-02-08 01:30:00,9,19,1.1428571428571428,0.0,0.0,0.2029,7.665,6.0,0,20.022630203915856,,,4000.0,0.0,0.0,0.0,41.770020589076545,optimal
2021-02-08 02:00:00,9,19,1.1428571428571428,0.0,0.0,0.1303666666666667,6.7725,6.0,0,20.066619544134305,,,4000.0,0.0,0.0,0.0,41.72825056848747,optimal
2021-02-08 02:30:00,9,19,1.1428571428571428,0.0,0.0,0.065,5.5755,6.0,0,20.10889997740661,,,4000.0,0.0,0.0,0.0,41.68652231791898,optimal
2021-02-08 03:00:00,9,19,1.1428571428571428,0.0,7.0,0.20946666666666666,5.0925,6.0,0,20.14987972834178,,,4000.0,0.0,0.0,0.0,44.969835795601064,optimal
2021-02-08 03:30:00,9,19,1.1428571428571428,0.0,7.0,0.065,4.1895,6.0,0,20.193801664270275,,,4000.0,0.0,0.0,0.0,48.24986595980547,optimal
2021-02-08 04:00:00,9,19,1.1428571428571428,0.0,0.0,0.1238,7.056,6.0,0,20.234561517897156,,,4000.0,0.0,0.0,0.0,48.201616093845665,optimal
2021-02-08 04:30:00,9,19,1.1428571428571428,0.0,0.18380464339845493,0.1832,5.271,6.0,0,20.276274303878495,,,4000.0,0.0,0.0,0.0,48.240721683366075,optimal
2021-02-08 05:00:00,9,19,1.1428571428571428,0.0,0.0,0.09126666666666668,7.938,6.0,0,20.318820175429593,,,4000.0,0.0,0.0,0.0,48.192480961682705,optimal
2021-02-08 05:30:00,9,19,1.1428571428571428,0.0,0.0,0.11073333333333332,7.938,6.0,0,20.359139417517785,,,4000.0,0.0,0.0,0.0,48.144288480721016,optimal
2021-02-08 06:00:00,9,19,1.1428571428571428,0.0,0.0,0.13716666666666666,11.907,6.0,0,20.399618037638962,,,4000.0,0.0,0.0,0.0,48.096144192240295,optimal
2021-02-08 06:30:00,9,19,1.1428571428571428,0.0,0.0,0.18630000000000002,11.025,6.0,0,20.44039637839252,,,4000.0,0.0,0.0,0.0,48.048048048048045,optimal
2021-02-08 07:00:00,9,19,1.1428571428571428,0.6966666666666667,0.0,0.08586666666666666,11.2875,6.0,0,20.48193229709348,,,4000.0,0.0,0.0,627.0,48.0,optimal
2021-02-08 07:30:00,9,19,0.0,0.8514814814814814,0.0,0.3602333333333333,12.936,6.0,0,20.525089915015297,,,0.0,0.0,0.0,766.3333333333333,47.760383214866124,optimal
2021-02-08 08:00:00,9,19,0.0,0.1548148148148148,0.0,0.3387,13.0095,6.0,0,20.491838639039578,,,0.0,0.0,0.0,139.33333333333331,47.521006046517385,optimal
2021-02-08 08:30:00,9,19,0.0,0.6192592592592592,0.0,0.29883333333333334,13.671,6.0,0,20.45874728246925,,,0.0,0.0,0.0,557.3333333333333,47.281868255336995,optimal
2021-02-08 09:00:00,9,19,0.0,0.0,0.0,0.32863333333333333,13.188,6.0,0,20.422641931251906,,,0.0,0.0,0.0,0.0,47.04296960194778,optimal
2021-02-08 09:30:00,9,19,0.0,0.0,0.0,0.42586666666666667,13.8495,6.0,0,20.386530705021265,,,0.0,0.0,0.0,0.0,46.80430984721196,optimal
2021-02-08 10:00:00,9,19,0.0,0.1548148148148148,0.0,0.47793333333333327,13.23,6.0,0,20.35374153737912,,,0.0,0.0,0.0,139.33333333333331,46.565888752230876,optimal
2021-02-08 10:30:00,9,19,0.0,0.0,0.0,0.3679333333333333,13.3665,6.0,0,20.322363270776286,,,0.0,0.0,0.0,0.0,46.32770607834477,optimal
2021-02-08 11:00:00,9,19,0.0,0.6966666666666667,0.0,0.561,13.0515,6.0,0,20.287600009729125,,,0.0,0.0,0.0,627.0,46.08976158713255,optimal
2021-02-08 11:30:00,9,19,0.0,0.0,0.0,1.6266666666666667,13.5345,6.0,0,20.256602074787512,,,0.0,0.0,0.0,0.0,45.85205504041154,optimal
2021-02-08 12:00:00,9,19,0.0,0.387037037037037,0.0,0.35156666666666664,14.154,6.0,0,20.231861484584677,,,0.0,0.0,0.0,348.3333333333333,45.614586200237255,optimal
2021-02-08 12:30:00,9,19,0.0,0.1548148148148148,0.0,0.1792,14.112,6.0,0,20.19347922267602,,,0.0,0.0,0.0,139.33333333333331,45.377354828903144,optimal
2021-02-08 13:00:00,9,19,0.0,0.1548148148148148,0.0,0.17563333333333334,14.2485,6.0,0,20.153628637278214,,,0.0,0.0,0.0,139.33333333333331,45.14036068894037,optimal
2021-02-08 13:30:00,9,19,0.23118887986087092,0.1548148148148148,0.0,0.2373,12.789,6.0,0,20.11405714701858,,,809.1610795130482,0.0,0.0,139.33333333333331,44.903603543117555,optimal
2021-02-08 14:00:00,9,19,0.0,0.0,0.0,0.15196666666666667,13.0095,6.0,0,20.092055562485857,,,0.0,0.0,0.0,0.0,44.66708315444056,optimal
2021-02-08 14:30:00,9,19,1.1428571428571428,0.0,0.0,0.2061,12.1275,6.0,0,20.050386852909053,,,4000.0,0.0,0.0,0.0,44.430799286152244,optimal
2021-02-08 15:00:00,9,19,1.1428571428571428,0.0,0.0,0.2201,12.348,6.0,0,20.086199192469707,,,4000.0,0.0,0.0,0.0,44.194751701732216,optimal
2021-02-08 15:30:00,9,19,1.1428571428571428,0.0,0.0,0.1732,12.348,6.0,0,20.12584722022338,,,4000.0,0.0,0.0,0.0,43.95894016489661,optimal
2021-02-08 16:00:00,9,19,0.0,0.0,0.0,0.6469333333333332,25.389,6.0,0,20.16788728918615,,,0.0,0.0,0.0,0.0,43.72336443959784,optimal
2021-02-08 16:30:00,9,19,0.0,0.774074074074074,0.0,0.30006666666666665,29.1375,6.0,0,20.147438436037984,,,0.0,0.0,0.0,696.6666666666666,43.48802429002436,optimal
2021-02-08 17:00:00,9,19,0.0,3.6381481481481477,0.0,1.7492,30.597,6.0,0,20.122911565359306,,,0.0,0.0,0.0,3274.333333333333,43.25291948060046,optimal
2021-02-08 17:30:00,9,19,0.0,0.6966666666666667,0.0,0.4398,33.684,6.0,0,20.104533519968616,,,0.0,0.0,0.0,627.0,43.018049775985986,optimal
2021-02-08 18:00:00,9,19,0.0,0.1548148148148148,0.0,0.5485,32.445,6.0,0,20.080065225331378,,,0.0,0.0,0.0,139.33333333333331,42.783414941076124,optimal
2021-02-08 18:30:00,9,19,0.0,0.0,0.0,0.5613666666666667,28.917,6.0,0,20.052124476494953,,,0.0,0.0,0.0,0.0,42.74063152613505,optimal
2021-02-08 19:00:00,9,19,0.0,0.1548148148148148,0.0,0.3663333333333333,15.876,6.0,0,20.029549096416197,,,0.0,0.0,0.0,139.33333333333331,42.69789089460891,optimal
2021-02-08 19:30:00,9,19,0.49085779733015544,0.0,0.0,0.4517,12.348,6.0,0,20.0,,,1718.0022906555441,0.0,0.0,0.0,42.6551930037143,optimal
2021-02-08 20:00:00,9,19,0.6353232024247445,0.0,0.0,0.1446,12.1275,6.0,0,20.0,,,2223.631208486606,0.0,0.0,0.0,42.612537810710585,optimal
2021-02-08 20:30:00,9,19,0.0,0.0,0.0,0.18813333333333332,12.348,6.0,0,20.0,,,0.0,0.0,0.0,0.0,42.56992527289987,optimal
2021-02-08 21:00:00,9,19,0.0,0.46444444444444444,0.0,0.7483,12.1275,6.0,0,19.953397496153045,,,0.0,0.0,0.0,418.0,42.52735534762697,optimal
2021-02-08 21:30:00,9,19,0.0,0.0,0.0,0.39103333333333334,12.1275,6.0,0,19.922505479337683,,,0.0,0.0,0.0,0.0,42.48482799227934,optimal
2021-02-08 22:00:00,9,19,0.0,0.0,0.0,0.6367999999999999,11.2665,6.0,0,19.88328914252925,,,0.0,0.0,0.0,0.0,42.44234316428706,optimal
2021-02-08 22:30:00,9,19,0.0,0.6192592592592592,0.0,0.5482666666666667,10.143,6.0,0,19.850117667313793,,,0.0,0.0,0.0,557.3333333333333,42.39990082112277,optimal
2021-02-08 23:00:00,9,19,0.0,0.0,0.0,0.6483,11.2455,6.0,0,19.81757203578587,,,0.0,0.0,0.0,0.0,42.357500920301646,optimal
2021-02-08 23:30:00,9,19,0.0,0.0,0.0,0.5477333333333333,11.025,6.0,0,19.786885772398804,,,0.0,0.0,0.0,0.0,42.31514341938134,optimal
2021-02-09 00:00:00,9,19,1.1428571428571428,0.1548148148148148,7.0,0.0496,10.584,6.0,0,19.786885772398804,,,4000.0,0.0,0.0,139.33333333333331,45.597828275961966,optimal
2021-02-09 00:30:00,9,19,1.1428571428571428,0.0,0.0,0.13586666666666666,11.2455,6.0,0,19.82540969929114,,,4000.0,0.0,0.0,0.0,45.55223044768601,optimal
2021-02-09 01:00:00,9,19,1.1428571428571428,0.387037037037037,0.0,0.5256000000000001,12.1275,6.0,0,19.867868133032903,,,4000.0,0.0,0.0,348.3333333333333,45.506678217238324,optimal
2021-02-09 01:30:00,9,19,1.1428571428571428,0.0,0.0,0.4161333333333333,11.823,6.0,0,19.91663227582463,,,4000.0,0.0,0.0,0.0,45.46117153902109,optimal
2021-02-09 02:00:00,9,19,1.1428571428571428,0.0,0.0,0.35886666666666667,11.7705,6.0,0,19.964407686273383,,,4000.0,0.0,0.0,0.0,45.41571036748206,optimal
2021-02-09 02:30:00,9,19,1.1428571428571428,0.0,0.0,0.2548,11.13,6.0,0,20.011330272432126,,,4000.0,0.0,0.0,0.0,45.370294657114584,optimal
2021-02-09 03:00:00,9,19,1.1428571428571428,0.0,0.0,0.2016,11.6865,6.0,0,20.055309680223566,,,4000.0,0.0,0.0,0.0,45.32492436245747,optimal
2021-02-09 03:30:00,9,19,1.1428571428571428,0.1548148148148148,0.0,0.47226666666666667,10.7205,6.0,0,20.099199620045322,,,4000.0,0.0,0.0,139.33333333333331,45.27959943809502,optimal
2021-02-09 04:00:00,9,19,1.1428571428571428,0.1548148148148148,0.0,1.2495999999999998,11.424,6.0,0,20.150036941039932,,,4000.0,0.0,0.0,139.33333333333331,45.23431983865692,optimal
2021-02-09 04:30:00,9,19,1.1428571428571428,0.0,6.322937774451463,0.2329333333333333,10.689,6.0,0,20.200441805587303,,,4000.0,0.0,0.0,0.0,48.192480961682705,optimal
2021-02-09 05:00:00,9,19,1.1428571428571428,0.0,0.0,0.3450666666666667,11.361,6.0,0,20.247070368262758,,,4000.0,0.0,0.0,0.0,48.144288480721016,optimal
2021-02-09 05:30:00,9,19,1.1428571428571428,0.6966666666666667,0.0,1.1172666666666669,11.571,6.0,0,20.29307401624924,,,4000.0,0.0,0.0,627.0,48.096144192240295,optimal
2021-02-09 06:00:00,9,19,0.0,0.0774074074074074,0.0,1.0165333333333333,14.3745,6.0,0,20.33449528821141,,,0.0,0.0,0.0,69.66666666666666,48.048048048048045,optimal
2021-02-09 06:30:00,9,19,1.1428571428571428,1.315925925925926,0.0,0.9652000000000001,13.23,6.0,0,20.30492513204114,,,4000.0,0.0,0.0,1184.3333333333333,48.0,optimal
2021-02-09 07:00:00,9,19,0.8567432153160915,0.6192592592592592,0.0,0.15956666666666666,13.9755,6.0,0,20.354522968239788,,,2998.6012536063204,0.0,0.0,557.3333333333333,47.78983835471399,optimal
2021-02-09 07:30:00,9,19,0.0,0.3096296296296296,0.0,0.06620000000000001,14.994,6.0,0,20.37569118246255,,,0.0,0.0,0.0,278.66666666666663,47.57988687107327,optimal
2021-02-09 08:00:00,9,19,1.1428571428571428,0.3096296296296296,0.0,0.2843333333333333,13.671,6.0,0,20.334256904334058,,,4000.0,0.0,0.0,278.66666666666663,47.37014533891619,optimal
2021-02-09 08:30:00,9,19,0.0,1.3933333333333333,0.0,0.13623333333333332,15.981,6.0,0,20.378283352849937,,,0.0,0.0,0.0,1254.0,47.160613548291266,optimal
2021-02-09 09:00:00,9,19,0.0,0.0,0.0,0.158,15.6345,6.0,0,20.338588865435913,,,0.0,0.0,0.0,0.0,46.95129128945697,optimal
2021-02-09 09:30:00,9,19,0.0,0.387037037037037,0.0,0.33496666666666663,16.5375,6.0,0,20.301711186719174,,,0.0,0.0,0.0,348.3333333333333,46.7421783528815,optimal
2021-02-09 10:00:00,9,19,0.0,0.23222222222222222,0.0,0.5041,14.7735,6.0,0,20.267719033034002,,,0.0,0.0,0.0,209.0,46.53327452924262,optimal
2021-02-09 10:30:00,9,19,0.0,0.0774074074074074,0.0,0.4498333333333333,15.2145,6.0,0,20.235598093797396,,,0.0,0.0,0.0,69.66666666666666,46.32457960942737,optimal
2021-02-09 11:00:00,9,19,0.0,0.0,0.0,0.7103333333333334,14.553,6.0,0,20.200653275483024,,,0.0,0.0,0.0,0.0,46.116093384531936,optimal
2021-02-09 11:30:00,9,19,0.0,0.23222222222222222,0.0,0.3127,14.3325,6.0,0,20.171413319409105,,,0.0,0.0,0.0,209.0,45.9078156458614,optimal
2021-02-09 12:00:00,9,19,0.0,0.0,0.0,0.2434333333333333,14.595,6.0,0,20.133307618752475,,,0.0,0.0,0.0,0.0,45.69974618492953,optimal
2021-02-09 12:30:00,9,19,0.0,0.3096296296296296,0.0,0.2868,14.994,6.0,0,20.09420574517737,,,0.0,0.0,0.0,278.66666666666663,45.491884793458595,optimal
2021-02-09 13:00:00,9,19,1.1428571428571428,0.0,0.0,0.14606666666666665,14.3325,6.0,0,20.055951830685174,,,4000.0,0.0,0.0,0.0,45.284231263379134,optimal
2021-02-09 13:30:00,9,19,1.1428571428571428,0.0,0.0,0.127,13.8915,6.0,0,20.090650174875993,,,4000.0,0.0,0.0,0.0,45.07678538682975,optimal
2021-02-09 14:00:00,9,19,1.1428571428571428,0.0,0.0,0.081,13.8915,6.0,0,20.12474392313695,,,4000.0,0.0,0.0,0.0,44.86954695615691,optimal
2021-02-09 14:30:00,9,19,1.1428571428571428,0.0,0.0,0.13686666666666666,13.4715,6.0,0,20.157690476654185,,,4000.0,0.0,0.0,0.0,44.66251576391475,optimal
2021-02-09 15:00:00,9,19,1.1428571428571428,0.0,0.0,0.15,13.23,6.0,0,20.19155093372336,,,4000.0,0.0,0.0,0.0,44.455691602864825,optimal
2021-02-09 15:30:00,9,19,1.1428571428571428,0.0,0.0,0.10306666666666667,13.8915,6.0,0,20.22545953642189,,,4000.0,0.0,0.0,0.0,44.249074265975956,optimal
2021-02-09 16:00:00,9,19,0.0,0.0,0.0,0.09179999999999999,26.9325,6.0,0,20.25833206821261,,,0.0,0.0,0.0,0.0,44.042663546423974,optimal
2021-02-09 16:30:00,9,19,0.0,0.0,0.0,0.10666666666666669,30.303,6.0,0,20.210075331316553,,,0.0,0.0,0.0,0.0,43.83645923759155,optimal
2021-02-09 17:00:00,9,19,0.0,1.006296296296296,0.0,0.3748666666666667,32.886,6.0,0,20.163594541307255,,,0.0,0.0,0.0,905.6666666666665,43.63046113306795,optimal
2021-02-09 17:30:00,9,19,0.0,0.6966666666666667,0.0,1.4635333333333334,34.9965,6.0,0,20.128610014560355,,,0.0,0.0,0.0,627.0,43.42466902664888,optimal
2021-02-09 18:00:00,9,19,0.0,0.1548148148148148,0.0,0.23046666666666668,33.327,6.0,0,20.10908458152206,,,0.0,0.0,0.0,139.33333333333331,43.219082712336224,optimal
2021-02-09 18:30:00,9,19,0.0,0.46444444444444444,0.0,1.3011,31.122,6.0,0,20.080436388373585,,,0.0,0.0,0.0,418.0,43.013701984337885,optimal
2021-02-09 19:00:00,9,19,0.0,0.774074074074074,0.0,1.1804333333333334,17.9025,6.0,0,20.05616296974452,,,0.0,0.0,0.0,696.6666666666666,42.808526637067544,optimal
2021-02-09 19:30:00,9,19,0.0,0.8514814814814814,0.0,0.44123333333333337,15.6555,6.0,0,20.027471407382365,,,0.0,0.0,0.0,766.3333333333333,42.60355646514447,optimal
2021-02-09 20:00:00,9,19,0.35966709020462345,0.0774074074074074,0.0,0.2497666666666667,14.553,6.0,0,20.0,,,1258.834815716182,0.0,0.0,69.66666666666666,42.560952908679326,optimal
2021-02-09 20:30:00,9,19,0.0,0.0,0.0,0.16446666666666668,14.3325,6.0,0,20.0,,,0.0,0.0,0.0,0.0,42.518391955770646,optimal
2021-02-09 21:00:00,9,19,0.0,0.0,0.0,0.5161666666666667,13.335,6.0,0,19.969034741214866,,,0.0,0.0,0.0,0.0,42.47587356381487,optimal
2021-02-09 21:30:00,9,19,0.0,0.0774074074074074,0.0,0.1016,12.1275,6.0,0,19.94257009051735,,,0.0,0.0,0.0,69.66666666666666,42.433397690251056,optimal
2021-02-09 22:00:00,9,19,0.0,0.46444444444444444,0.0,0.8899333333333332,12.2955,6.0,0,19.909463954294644,,,0.0,0.0,0.0,418.0,42.3909642925608,optimal
2021-02-09 22:30:00,9,19,0.0,0.0,0.0,0.5825333333333333,11.6865,6.0,0,19.880558297272078,,,0.0,0.0,0.0,0.0,42.348573328268245,optimal
2021-02-09 23:00:00,9,19,0.0,0.0,0.0,0.29356666666666664,11.466,6.0,0,19.850926675173895,,,0.0,0.0,0.0,0.0,42.306224754939976,optimal
2021-02-09 23:30:00,9,19,0.0,0.0,0.0,0.4244666666666666,10.8045,6.0,0,19.819683939907446,,,0.0,0.0,0.0,0.0,42.26391853018504,optimal
2021-02-10 00:00:00,9,19,1.1428571428571428,0.0,0.0,0.06,10.8045,6.0,0,19.819683939907446,,,4000.0,0.0,0.0,0.0,42.221654611654856,optimal
2021-02-10 00:30:00,9,19,1.1428571428571428,0.0,0.0,0.13026666666666667,11.508,6.0,0,19.858509385480268,,,4000.0,0.0,0.0,0.0,42.179432957043204,optimal
2021-02-10 01:00:00,9,19,1.1428571428571428,0.0,0.0,0.059866666666666665,11.508,6.0,0,19.898516171113005,,,4000.0,0.0,0.0,0.0,42.13725352408616,optimal
2021-02-10 01:30:00,9,19,1.1428571428571428,0.0,0.0,0.2663333333333333,11.508,6.0,0,19.93673796569451,,,4000.0,0.0,0.0,0.0,42.09511627056207,optimal
2021-02-10 02:00:00,9,19,1.1428571428571428,0.0,0.0,0.0892,11.844,6.0,0,19.97877324065596,,,4000.0,0.0,0.0,0.0,42.053021154291514,optimal
2021-02-10 02:30:00,9,19,1.1428571428571428,0.0,0.0,0.24906666666666663,11.508,6.0,0,20.016861817308452,,,4000.0,0.0,0.0,0.0,42.010968133137226,optimal
2021-02-10 03:00:00,9,19,1.1428571428571428,0.0,0.0,0.054,11.508,6.0,0,20.05808170951802,,,4000.0,0.0,0.0,0.0,41.96895716500409,optimal
2021-02-10 03:30:00,9,19,1.1428571428571428,0.0,7.0,0.13613333333333333,10.4475,6.0,0,20.09525369028539,,,4000.0,0.0,0.0,0.0,45.25198820783909,optimal
2021-02-10 04:00:00,9,19,1.1428571428571428,0.0,0.0,0.1752,10.8675,6.0,0,20.13398882676501,,,4000.0,0.0,0.0,0.0,45.20673621963125,optimal
2021-02-10 04:30:00,9,19,1.1428571428571428,0.0,6.6859338077697466,0.2023,10.542,6.0,0,20.17341294610557,,,4000.0,0.0,0.0,0.0,48.33734804210225,optimal
2021-02-10 05:00:00,9,19,1.1428571428571428,0.0,0.0,0.07896666666666667,11.025,6.0,0,20.21302348553305,,,4000.0,0.0,0.0,0.0,48.289010694060146,optimal
2021-02-10 05:30:00,9,19,1.1428571428571428,0.0,0.0,0.2256,11.025,6.0,0,20.249780588604086,,,4000.0,0.0,0.0,0.0,48.240721683366075,optimal
2021-02-10 06:00:00,9,19,1.1428571428571428,0.0,0.0,0.12166666666666669,14.553,6.0,0,20.289146085597025,,,4000.0,0.0,0.0,0.0,48.192480961682705,optimal
2021-02-10 06:30:00,9,19,1.1428571428571428,0.0,0.0,0.2772,13.0935,6.0,0,20.32586890378106,,,4000.0,0.0,0.0,0.0,48.144288480721016,optimal
2021-02-10 07:00:00,9,19,1.1428571428571428,0.0,0.0,0.265,15.6345,6.0,0,20.366749682517998,,,4000.0,0.0,0.0,0.0,48.096144192240295,optimal
2021-02-10 07:30:00,9,19,0.0,0.0,0.0,0.13613333333333333,18.102,6.0,0,20.408718748331456,,,0.0,0.0,0.0,0.0,48.048048048048045,optimal
2021-02-10 08:00:00,9,19,0.0,0.0,0.0,0.35533333333333333,17.199,6.0,0,20.365696008915478,,,0.0,0.0,0.0,0.0,48.0,optimal
2021-02-10 08:30:00,9,19,0.0,0.3096296296296296,0.0,0.12033333333333332,18.2805,6.0,0,20.328205270938884,,,0.0,0.0,0.0,278.66666666666663,47.560303042142266,optimal
2021-02-10 09:00:00,9,19,0.0,0.387037037037037,0.0,0.3966,17.4615,6.0,0,20.28859400110717,,,0.0,0.0,0.0,348.3333333333333,47.121045781242394,optimal
2021-02-10 09:30:00,9,19,0.0,0.0,0.0,0.25216666666666665,18.3225,6.0,0,20.254445585989988,,,0.0,0.0,0.0,0.0,46.68222777760342,optimal
2021-02-10 10:00:00,9,19,0.0,0.0774074074074074,0.0,0.2911,17.094,6.0,0,20.218885902172104,,,0.0,0.0,0.0,69.66666666666666,46.24384859196809,optimal
2021-02-10 10:30:00,9,19,0.0,0.0774074074074074,0.0,0.29819999999999997,17.094,6.0,0,20.186308962762777,,,0.0,0.0,0.0,69.66666666666666,45.805907785518386,optimal
2021-02-10 11:00:00,9,19,0.8293662841784681,0.387037037037037,0.0,0.07973333333333334,17.094,6.0,0,20.153111185257046,,,2902.7819946246386,0.0,0.0,348.3333333333333,45.36840491987513,optimal
2021-02-10 11:30:00,9,19,0.0,0.0,0.0,0.36360000000000003,17.3565,6.0,0,20.172082474991008,,,0.0,0.0,0.0,0.0,44.93133955709752,optimal
2021-02-10 12:00:00,9,19,1.1428571428571428,0.3096296296296296,0.0,0.21346666666666667,17.115,6.0,0,20.138193150645566,,,4000.0,0.0,0.0,278.66666666666663,44.494711259682695,optimal
2021-02-10 12:30:00,9,19,0.0,0.5418518518518518,0.0,0.5115333333333334,17.241,6.0,0,20.182235111249835,,,0.0,0.0,0.0,487.6666666666667,44.05851959056528,optimal
2021-02-10 13:00:00,9,19,1.1428571428571428,0.387037037037037,0.0,0.2389,17.094,6.0,0,20.15068174456277,,,4000.0,0.0,0.0,348.3333333333333,43.622764113116986,optimal
2021-02-10 13:30:00,9,19,1.1428571428571428,0.0,0.0,0.3844333333333333,16.5165,6.0,0,20.194690685669208,,,4000.0,0.0,0.0,0.0,43.18744439114614,optimal
2021-02-10 14:00:00,9,19,0.0,0.0,0.0,0.246,17.8185,6.0,0,20.24169314231416,,,0.0,0.0,0.0,0.0,42.75255998889726,optimal
2021-02-10 14:30:00,9,19,1.1428571428571428,0.0,0.0,0.30376666666666663,17.094,6.0,0,20.208341372911317,,,4000.0,0.0,0.0,0.0,42.31811047105063,optimal
2021-02-10 15:00:00,9,19,1.1428571428571428,0.0,0.0,0.22846666666666668,16.8945,6.0,0,20.255678314739406,,,4000.0,0.0,0.0,0.0,41.88409540272185,optimal
2021-02-10 15:30:00,9,19,0.0,0.5418518518518518,0.0,0.12926666666666667,18.123,6.0,0,20.303731796178322,,,0.0,0.0,0.0,487.6666666666667,41.45051434946139,optimal
2021-02-10 16:00:00,9,19,0.0,0.6192592592592592,0.0,0.4617,31.647,6.0,0,20.271613322993776,,,0.0,0.0,0.0,557.3333333333333,41.0173668772542,optimal
2021-02-10 16:30:00,9,19,0.0,0.1548148148148148,0.0,0.176,34.9965,6.0,0,20.24710868023856,,,0.0,0.0,0.0,139.33333333333331,40.58465255251921,optimal
2021-02-10 17:00:00,9,19,0.0,0.8514814814814814,0.0,0.2695,34.9965,6.0,0,20.21743116424437,,,0.0,0.0,0.0,766.3333333333333,40.15237094210896,optimal
2021-02-10 17:30:00,9,19,0.0,0.3096296296296296,0.0,0.3179666666666666,34.9965,6.0,0,20.186057157676032,,,0.0,0.0,0.0,278.66666666666663,39.72052161330912,optimal
2021-02-10 18:00:00,9,19,0.0,0.46444444444444444,0.0,0.5197,34.9965,6.0,0,20.157150712213056,,,0.0,0.0,0.0,418.0,39.28910413383807,optimal
2021-02-10 18:30:00,9,19,0.0,2.3222222222222215,0.0,1.8692666666666669,34.9965,6.0,0,20.12470252173467,,,0.0,0.0,0.0,2089.9999999999995,38.858118071846505,optimal
2021-02-10 19:00:00,9,19,0.0,0.0,0.0,1.1513,27.741,6.0,0,20.107513748106072,,,0.0,0.0,0.0,0.0,38.42756299591693,optimal
2021-02-10 19:30:00,9,19,0.0,0.0,0.0,0.3782,19.026,6.0,0,20.074376641586188,,,0.0,0.0,0.0,0.0,37.997438475063284,optimal
2021-02-10 20:00:00,9,19,0.0,0.3096296296296296,0.0,0.2941333333333333,18.7215,6.0,0,20.037867192283027,,,0.0,0.0,0.0,278.66666666666663,37.567744078730485,optimal
2021-02-10 20:30:00,9,19,0.0,0.0,0.0,0.24459999999999998,17.4195,6.0,0,20.0,,,0.0,0.0,0.0,0.0,37.138479376794024,optimal
2021-02-10 21:00:00,9,19,0.0,0.0,0.0,0.32880000000000004,16.758,6.0,0,19.963881366728224,,,0.0,0.0,0.0,0.0,36.7096439395595,optimal
2021-02-10 21:30:00,9,19,0.0,0.0,0.0,0.24609999999999999,14.217,6.0,0,19.93387691552393,,,0.0,0.0,0.0,0.0,36.28123733776221,optimal
2021-02-10 22:00:00,9,19,0.0,0.46444444444444444,0.0,0.19256666666666664,13.3665,6.0,0,19.898567538018714,,,0.0,0.0,0.0,418.0,35.85325914256671,optimal
2021-02-10 22:30:00,9,19,0.0,0.0,0.0,0.4068,12.789,6.0,0,19.85972675322997,,,0.0,0.0,0.0,0.0,35.42570892556641,optimal
2021-02-10 23:00:00,9,19,0.0,0.0774074074074074,0.0,0.15303333333333333,11.907,6.0,0,19.825768582644873,,,0.0,0.0,0.0,69.66666666666666,35.390283216640846,optimal
2021-02-10 23:30:00,9,19,0.0,0.0,0.0,0.1396,11.7075,6.0,0,19.78725515667413,,,0.0,0.0,0.0,0.0,35.3548929334242,optimal
2021-02-11 00:00:00,9,19,1.1428571428571428,0.0,0.0,0.06,11.025,6.0,0,19.78725515667413,,,4000.0,0.0,0.0,0.0,35.31953804049078,optimal
2021-02-11 00:30:00,9,19,1.1428571428571428,0.0,0.0,0.06,12.0855,6.0,0,19.815626316377934,,,4000.0,0.0,0.0,0.0,35.28421850245029,optimal
2021-02-11 01:00:00,9,19,1.1428571428571428,0.0,0.0,0.06,11.6865,6.0,0,19.844182996414236,,,4000.0,0.0,0.0,0.0,35.24893428394784,optimal
2021-02-11 01:30:00,9,19,1.1428571428571428,0.0,0.0,0.06,11.2245,6.0,0,19.87292471628114,,,4000.0,0.0,0.0,0.0,35.21368534966389,optimal
2021-02-11 02:00:00,9,19,1.1428571428571428,0.0,0.0,0.06,11.025,6.0,0,19.901591994437076,,,4000.0,0.0,0.0,0.0,35.17847166431422,optimal
2021-02-11 02:30:00,9,19,1.1428571428571428,0.0,7.0,0.06,10.7835,6.0,0,19.930185023687777,,,4000.0,0.0,0.0,0.0,38.46829319264991,optimal
2021-02-11 03:00:00,9,19,1.1428571428571428,0.0,0.0,0.09966666666666668,11.025,6.0,0,19.95844499405542,,,4000.0,0.0,0.0,0.0,38.42982489945726,optimal
2021-02-11 03:30:00,9,19,1.1428571428571428,0.0,7.0,0.06,10.584,6.0,0,19.987733179137187,,,4000.0,0.0,0.0,0.0,41.7163950745578,optimal
2021-02-11 04:00:00,9,19,1.1428571428571428,0.0,6.917902497365411,0.06,11.025,6.0,0,20.016232601893982,,,4000.0,0.0,0.0,0.0,44.96068236573181,optimal
2021-02-11 04:30:00,9,19,1.1428571428571428,0.0,7.0,0.06,10.4265,6.0,0,20.04530571620531,,,4000.0,0.0,0.0,0.0,48.240721683366075,optimal
2021-02-11 05:00:00,9,19,1.1428571428571428,0.0,0.0,0.06,12.789,6.0,0,20.07430353048649,,,4000.0,0.0,0.0,0.0,48.192480961682705,optimal
2021-02-11 05:30:00,9,19,1.1428571428571428,0.0,0.0,0.06,12.684,6.0,0,20.103226239766318,,,4000.0,0.0,0.0,0.0,48.144288480721016,optimal
2021-02-11 06:00:00,9,19,1.1428571428571428,0.0,0.0,0.06,16.254,6.0,0,20.13272154427892,,,4000.0,0.0,0.0,0.0,48.096144192240295,optimal
2021-02-11 06:30:00,9,19,1.1428571428571428,0.0,0.0,0.06,17.64,6.0,0,20.162787960989554,,,4000.0,0.0,0.0,0.0,48.048048048048045,optimal
2021-02-11 07:00:00,9,19,0.0,0.5418518518518518,0.0,1.2819333333333334,19.1625,6.0,0,20.193424010704593,,,0.0,0.0,0.0,487.6666666666667,48.0,optimal
2021-02-11 07:30:00,9,19,0.0,0.6966666666666667,0.0,1.1210666666666667,26.46,6.0,0,20.164370632646424,,,0.0,0.0,0.0,627.0,47.857814556169835,optimal
2021-02-11 08:00:00,9,19,0.0,0.3096296296296296,0.0,0.3048,20.79,6.0,0,20.13514216712561,,,0.0,0.0,0.0,278.66666666666663,47.715771297783505,optimal
2021-02-11 08:30:00,9,19,0.0,6.270000000000001,0.0,0.31939999999999996,29.106,6.0,0,20.09667091838178,,,0.0,0.0,0.0,5643.000000000001,47.57387008265556,optimal
2021-02-11 09:00:00,9,19,0.9185073760805881,0.0,0.0,1.7625,19.1835,6.0,0,20.059062712039562,,,3214.7758162820583,0.0,0.0,0.0,47.43211076874274,optimal
2021-02-11 09:30:00,9,19,0.0,0.0,0.0,0.5498,19.6665,6.0,0,20.0848733912132,,,0.0,0.0,0.0,0.0,47.29049321414383,optimal
2021-02-11 10:00:00,9,19,0.0,0.0,0.0,0.19566666666666663,19.404,6.0,0,20.046380007277463,,,0.0,0.0,0.0,0.0,47.149017277099524,optimal
2021-02-11 10:30:00,9,19,0.9434896930440493,0.0,0.0,0.1774,19.047,6.0,0,20.0,,,3302.2139256541727,0.0,0.0,0.0,47.00768281599226,optimal
2021-02-11 11:00:00,9,19,1.1428571428571428,0.0,0.0,0.231,18.858,6.0,0,20.01603033764161,,,4000.0,0.0,0.0,0.0,46.8664896893461,optimal
2021-02-11 11:30:00,9,19,0.0,0.23222222222222222,0.0,0.105,19.2675,6.0,0,20.04717852198045,,,0.0,0.0,0.0,209.0,46.7254377558266,optimal
2021-02-11 12:00:00,9,19,0.6347336612109469,0.3096296296296296,0.0,0.105,18.963,6.0,0,20.0,,,2221.567814238314,0.0,0.0,278.66666666666663,46.58452687424061,optimal
2021-02-11 12:30:00,9,19,1.1428571428571428,0.0,0.0,0.07293333333333334,18.438,6.0,0,20.0,,,4000.0,0.0,0.0,0.0,46.443756903536205,optimal
2021-02-11 13:00:00,9,19,0.03865186832736814,0.8932814814814815,0.0,0.06866666666666667,18.7425,6.0,0,20.039789141625647,,,135.28153914578849,0.0,0.0,803.9533333333334,46.303127702802506,optimal
2021-02-11 13:30:00,9,19,1.1428571428571428,0.34523703703703695,0.0,0.07606666666666666,15.2145,6.0,0,20.000928469510452,,,4000.0,0.0,0.0,310.71333333333325,46.16263913126954,optimal
2021-02-11 14:00:00,9,19,1.1428571428571428,0.0,0.0,0.068,17.7765,6.0,0,20.041151842085963,,,4000.0,0.0,0.0,0.0,46.02229104830811,optimal
2021-02-11 14:30:00,9,19,1.1428571428571428,0.0,0.0,0.18469999999999998,16.758,6.0,0,20.082202161488155,,,4000.0,0.0,0.0,0.0,45.88208331342964,optimal
2021-02-11 15:00:00,9,19,1.1428571428571428,0.0,0.0,0.1212,16.422,6.0,0,20.12392858164229,,,4000.0,0.0,0.0,0.0,45.742015786286046,optimal
2021-02-11 15:30:00,9,19,1.1428571428571428,0.0,0.0,0.24953333333333333,16.758,6.0,0,20.165036555533327,,,4000.0,0.0,0.0,0.0,45.602088326669595,optimal
2021-02-11 16:00:00,9,19,0.0,0.387037037037037,0.0,1.8453333333333333,29.358,6.0,0,20.210521319372205,,,0.0,0.0,0.0,348.3333333333333,45.462300794512764,optimal
2021-02-11 16:30:00,9,19,0.0,0.3096296296296296,0.0,0.2112333333333333,34.9965,6.0,0,20.194995572079698,,,0.0,0.0,0.0,278.66666666666663,45.32265304988809,optimal
2021-02-11 17:00:00,9,19,0.0,0.3096296296296296,0.0,0.38,34.65,6.0,0,20.163066436163316,,,0.0,0.0,0.0,278.66666666666663,45.18314495300804,optimal
2021-02-11 17:30:00,9,19,0.0,1.1611111111111108,0.0,0.25366666666666665,34.9965,6.0,0,20.140393875955873,,,0.0,0.0,0.0,1044.9999999999998,45.04377636422487,optimal
2021-02-11 18:00:00,9,19,0.0,2.5544444444444445,0.0,1.1154000000000002,34.9965,6.0,0,20.110849618077797,,,0.0,0.0,0.0,2299.0,44.90454714403048,optimal
2021-02-11 18:30:00,9,19,0.0,0.0,0.0,0.9459333333333332,30.4815,6.0,0,20.080275769556206,,,0.0,0.0,0.0,0.0,44.76545715305629,optimal
2021-02-11 19:00:00,9,19,0.0,0.23222222222222222,0.0,0.3514333333333333,21.4305,6.0,0,20.045339759479038,,,0.0,0.0,0.0,209.0,44.62650625207307,optimal
2021-02-11 19:30:00,9,19,0.7020018510969791,0.23222222222222222,0.0,0.37739999999999996,14.3325,6.0,0,20.0,,,2457.0064788394266,0.0,0.0,209.0,44.487694301990835,optimal
2021-02-11 20:00:00,9,19,0.6570154401729625,0.0,0.0,0.6627666666666666,13.692,6.0,0,20.0,,,2299.5540406053688,0.0,0.0,0.0,44.34902116385868,optimal
2021-02-11 20:30:00,9,19,0.0,0.3096296296296296,0.0,0.2986333333333333,14.007,6.0,0,20.0,,,0.0,0.0,0.0,278.66666666666663,44.210486698864656,optimal
2021-02-11 21:00:00,9,19,0.0,0.0,0.0,0.29246666666666665,12.873,6.0,0,19.947856631013746,,,0.0,0.0,0.0,0.0,44.16627621216579,optimal
2021-02-11 21:30:00,9,19,0.0,0.23222222222222222,0.0,1.0931,12.684,6.0,0,19.896540358537216,,,0.0,0.0,0.0,209.0,44.122109935953624,optimal
2021-02-11 22:00:00,9,19,0.0,0.23222222222222222,0.0,0.5301666666666667,12.306,6.0,0,19.84834729030052,,,0.0,0.0,0.0,209.0,44.07798782601767,optimal
2021-02-11 22:30:00,9,19,0.0,0.46444444444444444,0.0,0.3546,10.6365,6.0,0,19.806348984296797,,,0.0,0.0,0.0,418.0,44.033909838191654,optimal
2021-02-11 23:00:00,9,19,0.0,0.23222222222222222,0.0,0.34026666666666666,11.2455,6.0,0,19.75892724928735,,,0.0,0.0,0.0,209.0,43.98987592835346,optimal
2021-02-11 23:30:00,9,19,0.0,0.0,0.0,0.5166000000000001,11.2455,6.0,0,19.712189022185626,,,0.0,0.0,0.0,0.0,43.94588605242511,optimal
2021-02-12 00:00:00,9,19,1.1428571428571428,0.0,0.0,0.3653,10.3635,6.0,0,19.712189022185626,,,4000.0,0.0,0.0,0.0,43.90194016637268,optimal
2021-02-12 00:30:00,9,19,1.1428571428571428,0.0,0.0,0.1997333333333333,10.8045,6.0,0,19.74544229323548,,,4000.0,0.0,0.0,0.0,43.85803822620631,optimal
2021-02-12 01:00:00,9,19,1.1428571428571428,0.0,0.0,0.22613333333333333,11.025,6.0,0,19.77572092139645,,,4000.0,0.0,0.0,0.0,43.81418018798011,optimal
2021-02-12 01:30:00,9,19,1.1428571428571428,0.0,0.0,0.19019999999999998,10.3635,6.0,0,19.799214705233688,,,4000.0,0.0,0.0,0.0,43.77036600779213,optimal
2021-02-12 02:00:00,9,19,1.1428571428571428,0.0,0.0,0.17626666666666668,10.8045,6.0,0,19.822180640422044,,,4000.0,0.0,0.0,0.0,43.726595641784336,optimal
2021-02-12 02:30:00,9,19,1.1428571428571428,0.0,0.0,0.19319999999999998,10.059,6.0,0,19.845064584813585,,,4000.0,0.0,0.0,0.0,43.68286904614255,optimal
2021-02-12 03:00:00,9,19,1.1428571428571428,0.0,0.0,0.16606666666666667,10.584,6.0,0,19.869008389273077,,,4000.0,0.0,0.0,0.0,43.639186177096406,optimal
2021-02-12 03:30:00,9,19,1.1428571428571428,0.0,7.0,0.2602,9.4185,6.0,0,19.89311898037316,,,4000.0,0.0,0.0,0.0,46.92054699091931,optimal
2021-02-12 04:00:00,9,19,1.1428571428571428,0.0,0.0,0.1626,10.3635,6.0,0,19.92088202195162,,,4000.0,0.0,0.0,0.0,46.873626443928394,optimal
2021-02-12 04:30:00,9,19,1.1428571428571428,0.0,2.8752171456805127,0.158,9.8385,6.0,0,19.948414250176032,,,4000.0,0.0,0.0,0.0,48.192480961682705,optimal
2021-02-12 05:00:00,9,19,1.1428571428571428,0.0,0.0,0.17266666666666666,11.067,6.0,0,19.977595246322664,,,4000.0,0.0,0.0,0.0,48.144288480721016,optimal
2021-02-12 05:30:00,9,19,1.1428571428571428,0.0,0.0,0.179,10.8465,6.0,0,20.00881000615334,,,4000.0,0.0,0.0,0.0,48.096144192240295,optimal
2021-02-12 06:00:00,9,19,0.6951975890435894,0.0,0.0,0.20326666666666668,13.671,6.0,0,20.042143896763896,,,2433.191561652563,0.0,0.0,0.0,48.048048048048045,optimal
2021-02-12 06:30:00,9,19,1.1428571428571428,0.0,0.0,0.2536333333333333,12.348,6.0,0,20.046297766000613,,,4000.0,0.0,0.0,0.0,48.0,optimal
2021-02-12 07:00:00,9,19,0.0,1.1611111111111108,0.0,0.2832,14.3325,6.0,0,20.086727368544828,,,0.0,0.0,0.0,1044.9999999999998,47.81845686319718,optimal
2021-02-12 07:30:00,9,19,0.0,0.8514814814814814,0.0,0.5209333333333332,15.393,6.0,0,20.053533883234493,,,0.0,0.0,0.0,766.3333333333333,47.63709526953116,optimal
2021-02-12 08:00:00,9,19,1.1428571428571428,0.6966666666666667,0.0,0.2393333333333333,13.587,6.0,0,20.028394468437305,,,4000.0,0.0,0.0,627.0,47.45591503745881,optimal
2021-02-12 08:30:00,9,19,0.0,0.6192592592592592,0.0,0.49339999999999995,16.1385,6.0,0,20.077109122092917,,,0.0,0.0,0.0,557.3333333333333,47.27491598561853,optimal
2021-02-12 09:00:00,9,19,0.0,0.387037037037037,0.0,0.39326666666666665,14.595,6.0,0,20.04776548038063,,,0.0,0.0,0.0,348.3333333333333,47.09409793283009,optimal
2021-02-12 09:30:00,9,19,0.0,0.1548148148148148,0.0,0.5597333333333333,14.637,6.0,0,20.016282689885298,,,0.0,0.0,0.0,139.33333333333331,46.91346069809444,optimal
2021-02-12 10:00:00,9,19,0.2589326758264533,0.23222222222222222,0.0,0.22466666666666663,13.9125,6.0,0,20.0,,,906.2643653925866,0.0,0.0,209.0,46.733004100593526,optimal
2021-02-12 10:30:00,9,19,0.2470915955741702,0.1548148148148148,0.0,0.32703333333333334,13.3665,6.0,0,20.0,,,864.8205845095957,0.0,0.0,139.33333333333331,46.55272795969011,optimal
2021-02-12 11:00:00,9,19,1.1428571428571428,0.0,0.0,0.4724,13.0095,6.0,0,20.0,,,4000.0,0.0,0.0,0.0,46.372632094927596,optimal
2021-02-12 11:30:00,9,19,0.0,0.0,0.0,0.1723,13.8915,6.0,0,20.050516839824308,,,0.0,0.0,0.0,0.0,46.192716326029846,optimal
2021-02-12 12:00:00,9,19,0.42769451606563913,0.0,0.0,0.3213666666666667,13.188,6.0,0,20.009259825348288,,,1496.9308062297368,0.0,0.0,0.0,46.01298047290099,optimal
2021-02-12 12:30:00,9,19,0.527318409764452,0.1548148148148148,0.0,0.4114,12.5685,6.0,0,20.0,,,1845.614434175582,0.0,0.0,139.33333333333331,45.83342435562527,optimal
2021-02-12 13:00:00,9,19,0.631306132448575,0.0,0.0,0.1457,12.285,6.0,0,20.0,,,2209.5714635700124,0.0,0.0,0.0,45.65404779446682,optimal
2021-02-12 13:30:00,9,19,1.1428571428571428,0.0,0.0,0.22306666666666664,11.487,6.0,0,20.0,,,4000.0,0.0,0.0,0.0,45.474850609869534,optimal
2021-02-12 14:00:00,9,19,1.1428571428571428,0.387037037037037,0.0,1.5548333333333333,11.802,6.0,0,20.036218771897694,,,4000.0,0.0,0.0,348.3333333333333,45.29583262245684,optimal
2021-02-12 14:30:00,9,19,1.1428571428571428,0.23222222222222222,0.0,2.551333333333333,11.2245,6.0,0,20.082028529562685,,,4000.0,0.0,0.0,209.0,45.116993653031564,optimal
2021-02-12 15:00:00,9,19,1.1428571428571428,0.1548148148148148,0.0,1.3331,11.025,6.0,0,20.141408889861854,,,4000.0,0.0,0.0,139.33333333333331,44.93833352257571,optimal
2021-02-12 15:30:00,9,19,0.9225569919632824,0.0,0.0,0.2878,11.907,6.0,0,20.20176582080786,,,3228.9494718714886,0.0,0.0,0.0,44.75985205225032,optimal
2021-02-12 16:00:00,9,19,0.0,0.0,0.0,0.1999333333333333,25.83,6.0,0,20.238990712214065,,,0.0,0.0,0.0,0.0,44.581549063395244,optimal
2021-02-12 16:30:00,9,19,0.0,0.3096296296296296,0.0,0.20006666666666664,28.035,6.0,0,20.197699340860694,,,0.0,0.0,0.0,278.66666666666663,44.40342437752903,optimal
2021-02-12 17:00:00,9,19,0.0,0.0,0.0,0.3642666666666666,28.119,6.0,0,20.15220488056004,,,0.0,0.0,0.0,0.0,44.22547781634868,optimal
2021-02-12 17:30:00,9,19,0.0,0.23222222222222222,0.0,0.6724,30.156,6.0,0,20.1235466670885,,,0.0,0.0,0.0,209.0,44.04770920172951,optimal
2021-02-12 18:00:00,9,19,0.0,0.0,0.0,0.5222666666666667,29.1585,6.0,0,20.100098177674244,,,0.0,0.0,0.0,0.0,43.87011835572496,optimal
2021-02-12 18:30:00,9,19,0.0,0.0,0.0,0.3828666666666667,26.712,6.0,0,20.073695574874392,,,0.0,0.0,0.0,0.0,43.692705100566414,optimal
2021-02-12 19:00:00,9,19,0.0,0.3096296296296296,0.0,0.8729666666666667,15.435,6.0,0,20.04582968812162,,,0.0,0.0,0.0,278.66666666666663,43.515469258663025,optimal
2021-02-12 19:30:00,9,19,0.0,0.3096296296296296,0.0,0.44273333333333337,13.566,6.0,0,20.033262280668414,,,0.0,0.0,0.0,278.66666666666663,43.33841065260154,optimal
2021-02-12 20:00:00,9,19,0.0,6.966666666666665,0.0,0.4002,12.789,6.0,0,20.01764994560677,,,0.0,0.0,0.0,6269.999999999999,43.161529105146116,optimal
2021-02-12 20:30:00,9,19,0.0,0.3096296296296296,0.0,1.5596666666666668,12.1275,6.0,0,20.0,,,0.0,0.0,0.0,278.66666666666663,42.984824439238146,optimal
2021-02-12 21:00:00,9,19,0.0,0.0,0.0,0.9461333333333332,13.671,6.0,0,19.998129212242215,,,0.0,0.0,0.0,0.0,42.94183961479891,optimal
2021-02-12 21:30:00,9,19,0.0,0.1548148148148148,0.0,0.3846,10.668,6.0,0,19.983315075249592,,,0.0,0.0,0.0,139.33333333333331,42.89889777518411,optimal
2021-02-12 22:00:00,9,19,0.0,0.0774074074074074,0.0,0.5942000000000001,11.7285,6.0,0,19.959703295996817,,,0.0,0.0,0.0,69.66666666666666,42.85599887740893,optimal
2021-02-12 22:30:00,9,19,0.0,0.46444444444444444,0.0,0.32339999999999997,11.025,6.0,0,19.94189420490827,,,0.0,0.0,0.0,418.0,42.81314287853152,optimal
2021-02-12 23:00:00,9,19,0.0,0.0,0.0,0.0842,10.689,6.0,0,19.913195421315393,,,0.0,0.0,0.0,0.0,42.77032973565299,optimal
2021-02-12 23:30:00,9,19,0.0,0.0,0.0,0.2462,8.1585,6.0,0,19.869541120924573,,,0.0,0.0,0.0,0.0,42.72755940591734,optimal
2021-02-13 00:00:00,9,19,1.1428571428571428,0.0,0.0,0.047,9.3975,6.0,0,19.869541120924573,,,4000.0,0.0,0.0,0.0,42.68483184651142,optimal
2021-02-13 00:30:00,9,19,1.1428571428571428,0.0,0.0,0.047,10.059,6.0,0,19.906242582161006,,,4000.0,0.0,0.0,0.0,42.64214701466491,optimal
2021-02-13 01:00:00,9,19,1.1428571428571428,0.0,0.0,0.047,9.261,6.0,0,19.9429784869166,,,4000.0,0.0,0.0,0.0,42.59950486765024,optimal
2021-02-13 01:30:00,9,19,1.1428571428571428,0.0,0.0,0.17633333333333334,8.1585,6.0,0,19.979748745981855,,,4000.0,0.0,0.0,0.0,42.55690536278259,optimal
2021-02-13 02:00:00,9,19,1.1428571428571428,0.0,0.0,0.05993333333333333,9.4815,6.0,0,20.019166336988327,,,4000.0,0.0,0.0,0.0,42.51434845741981,optimal
2021-02-13 02:30:00,9,19,1.1428571428571428,0.0,0.0,0.12459999999999999,8.379,6.0,0,20.056259576726806,,,4000.0,0.0,0.0,0.0,42.47183410896239,optimal
2021-02-13 03:00:00,9,19,1.1428571428571428,0.0,0.0,0.11166666666666669,9.5235,6.0,0,20.09456327743209,,,4000.0,0.0,0.0,0.0,42.429362274853425,optimal
2021-02-13 03:30:00,9,19,1.1428571428571428,0.0,0.0,0.05346666666666667,8.1375,6.0,0,20.132506464016622,,,4000.0,0.0,0.0,0.0,42.38693291257857,optimal
2021-02-13 04:00:00,9,19,1.1428571428571428,0.0,0.0,0.18280000000000002,10.0905,6.0,0,20.169045995764613,,,4000.0,0.0,0.0,0.0,42.344545979665995,optimal
2021-02-13 04:30:00,9,19,1.1428571428571428,0.0,7.0,0.047,7.539,6.0,0,20.207974454758666,,,4000.0,0.0,0.0,0.0,45.62720143368633,optimal
2021-02-13 05:00:00,9,19,1.1428571428571428,0.0,5.598205160238823,0.13106666666666666,7.938,6.0,0,20.24379936593004,,,4000.0,0.0,0.0,0.0,48.240721683366075,optimal
2021-02-13 05:30:00,9,19,1.1428571428571428,0.0,0.0,0.1052,8.274,6.0,0,20.2809709807755,,,4000.0,0.0,0.0,0.0,48.192480961682705,optimal
2021-02-13 06:00:00,9,19,1.1428571428571428,0.0,0.0,0.047,9.261,6.0,0,20.317264704683257,,,4000.0,0.0,0.0,0.0,48.144288480721016,optimal
2021-02-13 06:30:00,9,19,1.1428571428571428,0.0,0.0,0.18926666666666667,9.9225,6.0,0,20.352029544758395,,,4000.0,0.0,0.0,0.0,48.096144192240295,optimal
2021-02-13 07:00:00,9,19,1.1428571428571428,0.0,0.0,0.047,9.702,6.0,0,20.389449215232567,,,4000.0,0.0,0.0,0.0,48.048048048048045,optimal
2021-02-13 07:30:00,9,19,1.1428571428571428,0.387037037037037,0.0,0.16140000000000002,10.584,6.0,0,20.423768093492374,,,4000.0,0.0,0.0,348.3333333333333,48.0,optimal
2021-02-13 08:00:00,9,19,1.1428571428571428,0.23222222222222222,0.0,0.3816666666666667,10.143,6.0,0,20.461489162822065,,,4000.0,0.0,0.0,209.0,47.75710654165452,optimal
2021-02-13 08:30:00,9,19,0.0,2.39962962962963,0.0,0.34686666666666666,13.0095,6.0,0,20.503172694335344,,,0.0,0.0,0.0,2159.6666666666665,47.514455976767394,optimal
2021-02-13 09:00:00,9,19,1.1428571428571428,2.806792592592594,0.0,0.41306666666666664,11.025,6.0,0,20.46339453653089,,,4000.0,0.0,0.0,2526.1133333333346,47.27204806244515,optimal
2021-02-13 09:30:00,9,19,0.0,0.9861703703703701,0.0,0.45180000000000003,12.789,6.0,0,20.503645092167275,,,0.0,0.0,0.0,887.5533333333332,47.02988255603723,optimal
2021-02-13 10:00:00,9,19,0.10783028152690842,2.4770370370370367,0.0,0.39526666666666666,12.1275,6.0,0,20.464687841329837,,,377.4059853441795,0.0,0.0,2229.333333333333,46.787959215135714,optimal
2021-02-13 10:30:00,9,19,0.0,0.0,0.0,0.057,12.1695,6.0,0,20.433217867746713,,,0.0,0.0,0.0,0.0,46.5462777975751,optimal
2021-02-13 11:00:00,9,19,0.0,0.0,0.0,0.19656666666666664,12.306,6.0,0,20.379545674909647,,,0.0,0.0,0.0,0.0,46.30483806143205,optimal
2021-02-13 11:30:00,9,19,0.0,0.0,0.0,0.16693333333333335,13.23,6.0,0,20.331514273985796,,,0.0,0.0,0.0,0.0,46.063639765025144,optimal
2021-02-13 12:00:00,9,19,0.0,0.0,0.0,0.057,13.671,6.0,0,20.2805856068697,,,0.0,0.0,0.0,0.0,45.822682666914645,optimal
2021-02-13 12:30:00,9,19,0.0,0.0,0.0,0.19926666666666668,13.9335,6.0,0,20.22769724157946,,,0.0,0.0,0.0,0.0,45.58196652590225,optimal
2021-02-13 13:00:00,9,19,0.0,0.0,0.0,0.057,13.293,6.0,0,20.178079233918577,,,0.0,0.0,0.0,0.0,45.341491101030876,optimal
2021-02-13 13:30:00,9,19,1.1428571428571428,0.0,0.0,0.10226666666666669,12.1065,6.0,0,20.125974367449135,,,4000.0,0.0,0.0,0.0,45.101256151584366,optimal
2021-02-13 14:00:00,9,19,1.1428571428571428,0.0,0.0,0.154,11.571,6.0,0,20.155994522464763,,,4000.0,0.0,0.0,0.0,44.86126143708731,optimal
2021-02-13 14:30:00,9,19,1.1428571428571428,0.0,0.0,0.057,11.025,6.0,0,20.187241151880862,,,4000.0,0.0,0.0,0.0,44.62150671730475,optimal
2021-02-13 15:00:00,9,19,1.1428571428571428,0.0,0.0,0.1552666666666667,10.8465,6.0,0,20.216706054139717,,,4000.0,0.0,0.0,0.0,44.381991752241966,optimal
2021-02-13 15:30:00,9,19,1.1428571428571428,0.0,0.0,0.26,11.2455,6.0,0,20.25003618073759,,,4000.0,0.0,0.0,0.0,44.14271630214425,optimal
2021-02-13 16:00:00,9,19,0.0,0.387037037037037,0.0,0.4148,23.8665,6.0,0,20.28721804913671,,,0.0,0.0,0.0,348.3333333333333,43.90368012749663,optimal
2021-02-13 16:30:00,9,19,0.0,1.1611111111111108,0.0,0.28713333333333335,27.4575,6.0,0,20.248395659993417,,,0.0,0.0,0.0,1044.9999999999998,43.66488298902365,optimal
2021-02-13 17:00:00,9,19,0.0,0.0,0.0,0.1811333333333333,27.3735,6.0,0,20.20575018098511,,,0.0,0.0,0.0,0.0,43.42632464768916,optimal
2021-02-13 17:30:00,9,19,0.0,0.0,0.0,0.35906666666666665,30.4605,6.0,0,20.158061081517307,,,0.0,0.0,0.0,0.0,43.18800486469599,optimal
2021-02-13 18:00:00,9,19,0.0,0.23222222222222222,0.0,0.8417666666666667,30.0195,6.0,0,20.115390028692644,,,0.0,0.0,0.0,209.0,42.94992340148582,optimal
2021-02-13 18:30:00,9,19,0.0,0.1548148148148148,0.0,0.22593333333333332,26.9325,6.0,0,20.087239628373684,,,0.0,0.0,0.0,139.33333333333331,42.712080019738856,optimal
2021-02-13 19:00:00,9,19,0.0,2.3222222222222215,0.0,0.2517666666666667,14.595,6.0,0,20.041691034004558,,,0.0,0.0,0.0,2089.9999999999995,42.47447448137364,optimal
2021-02-13 19:30:00,9,19,0.6023903309614962,0.3096296296296296,0.0,0.19693333333333332,12.4845,6.0,0,20.0,,,2108.3661583652365,0.0,0.0,278.66666666666663,42.23710654854679,optimal
2021-02-13 20:00:00,9,19,0.5530339343578579,0.0,0.0,0.37973333333333337,12.1275,6.0,0,20.0,,,1935.6187702525028,0.0,0.0,0.0,41.99997598365277,optimal
2021-02-13 20:30:00,9,19,0.0,0.23222222222222222,0.0,0.21080000000000002,12.1275,6.0,0,20.0,,,0.0,0.0,0.0,209.0,41.76308254932364,optimal
2021-02-13 21:00:00,9,19,0.0,0.0,0.0,0.18359999999999999,12.789,6.0,0,19.960410314680317,,,0.0,0.0,0.0,0.0,41.52642600842884,optimal
2021-02-13 21:30:00,9,19,0.0,1.9351851851851851,0.0,0.25806666666666667,11.907,6.0,0,19.91835859083576,,,0.0,0.0,0.0,1741.6666666666667,41.290006124074935,optimal
2021-02-13 22:00:00,9,19,0.0,0.0,0.0,0.3602666666666666,11.025,6.0,0,19.881672700039058,,,0.0,0.0,0.0,0.0,41.05382265960539,optimal
2021-02-13 22:30:00,9,19,0.0,0.0,0.0,0.1186,8.2005,6.0,0,19.84684208439223,,,0.0,0.0,0.0,0.0,41.01276883694578,optimal
2021-02-13 23:00:00,9,19,0.0,0.0,0.0,0.15653333333333333,9.5655,6.0,0,19.80907933874698,,,0.0,0.0,0.0,0.0,40.97175606810884,optimal
2021-02-13 23:30:00,9,19,0.0,0.0,0.0,0.10746666666666668,7.056,6.0,0,19.76814826096615,,,0.0,0.0,0.0,0.0,40.93078431204073,optimal
2021-02-07 00:00:00,10,19,0.0,0.387037037037037,0.0,0.455,9.261,6.0,0,21.0,,,0.0,0.0,0.0,348.3333333333333,47.952,optimal
2021-02-07 00:30:00,10,19,0.0,0.0,0.0,0.9823333333333334,10.3635,6.0,0,20.96772565222943,,,0.0,0.0,0.0,0.0,47.904047999999996,optimal
2021-02-07 01:00:00,10,19,0.0,0.0,0.0,0.1355,8.274,6.0,0,20.93267360239501,,,0.0,0.0,0.0,0.0,47.856143952,optimal
2021-02-07 01:30:00,10,19,0.0,0.0,0.0,0.0915,7.7175,6.0,0,20.895638332145417,,,0.0,0.0,0.0,0.0,47.80828780804799,optimal
2021-02-07 02:00:00,10,19,0.0,0.0,0.0,0.053,6.615,6.0,0,20.857680501525607,,,0.0,0.0,0.0,0.0,47.76047952023995,optimal
2021-02-07 02:30:00,10,19,0.0,0.0,0.0,0.12633333333333333,6.174,6.0,0,20.818913622666017,,,0.0,0.0,0.0,0.0,47.712719040719705,optimal
2021-02-07 03:00:00,10,19,0.0,0.0,0.0,0.109,3.906,6.0,0,20.781321620760036,,,0.0,0.0,0.0,0.0,47.66500632167899,optimal
2021-02-07 03:30:00,10,19,0.0,0.0,0.0,0.053,2.3415,6.0,0,20.743345735357476,,,0.0,0.0,0.0,0.0,47.61734131535731,optimal
2021-02-07 04:00:00,10,19,1.0108094237442504,0.0,0.0,0.119,2.205,6.0,0,20.704227480443425,,,3537.832983104877,0.0,0.0,0.0,47.56972397404195,optimal
2021-02-07 04:30:00,10,19,1.1428571428571428,0.0,1.0059910524886182,0.108,0.882,6.0,0,20.73789332740795,,,4000.0,0.0,0.0,0.0,48.0,optimal
2021-02-07 05:00:00,10,19,1.1428571428571428,0.0774074074074074,0.0,0.7096666666666667,1.5435,6.0,0,20.780587413086025,,,4000.0,0.0,0.0,69.66666666666666,47.824685233218716,optimal
2021-02-07 05:30:00,10,19,1.1428571428571428,0.23222222222222222,0.0,2.132733333333333,1.5435,6.0,0,20.825808231664922,,,4000.0,0.0,0.0,209.0,47.64954578120422,optimal
2021-02-07 06:00:00,10,19,0.0,0.774074074074074,0.0,0.13683333333333333,5.0715,6.0,0,20.879347822228137,,,0.0,0.0,0.0,696.6666666666666,47.47458146864173,optimal
2021-02-07 06:30:00,10,19,0.0,2.39962962962963,0.0,0.061,5.376,6.0,0,20.844782011709388,,,0.0,0.0,0.0,2159.6666666666665,47.29979212039181,optimal
2021-02-07 07:00:00,10,19,0.0,0.387037037037037,0.0,0.182,5.0715,6.0,0,20.81124031011306,,,0.0,0.0,0.0,348.3333333333333,47.12517756149013,optimal
2021-02-07 07:30:00,10,19,0.0,0.8514814814814814,0.0,1.734,5.5125,6.0,0,20.78093241647208,,,0.0,0.0,0.0,766.3333333333333,46.95073761714736,optimal
2021-02-07 08:00:00,10,19,0.0,0.6192592592592592,0.0,1.1014666666666666,9.261,6.0,0,20.753482524070893,,,0.0,0.0,0.0,557.3333333333333,46.776472112748934,optimal
2021-02-07 08:30:00,10,19,0.0,0.0,0.0,1.4748333333333332,11.7075,6.0,0,20.729220774173825,,,0.0,0.0,0.0,0.0,46.602380873854905,optimal
2021-02-07 09:00:00,10,19,0.0,0.0774074074074074,0.0,0.11933333333333332,12.348,6.0,0,20.691554811683467,,,0.0,0.0,0.0,69.66666666666666,46.428463726199766,optimal
2021-02-07 09:30:00,10,19,0.0,2.012592592592592,0.0,0.127,12.348,6.0,0,20.64714913545535,,,0.0,0.0,0.0,1811.333333333333,46.25472049569228,optimal
2021-02-07 10:00:00,10,19,0.0,0.46444444444444444,0.0,0.0688,12.1275,6.0,0,20.60760124689913,,,0.0,0.0,0.0,418.0,46.08115100841531,optimal
2021-02-07 10:30:00,10,19,0.0,0.0,0.0,0.074,12.5265,6.0,0,20.56863482152195,,,0.0,0.0,0.0,0.0,45.90775509062561,optimal
2021-02-07 11:00:00,10,19,0.0,0.0774074074074074,0.0,2.711133333333333,11.7495,6.0,0,20.52992517579026,,,0.0,0.0,0.0,69.66666666666666,45.73453256875371,optimal
2021-02-07 11:30:00,10,19,0.0,0.0,0.0,2.628,13.23,6.0,0,20.498744860661887,,,0.0,0.0,0.0,0.0,45.56148326940367,optimal
2021-02-07 12:00:00,10,19,0.0,0.0774074074074074,0.0,2.2045666666666666,14.3325,6.0,0,20.471605580811783,,,0.0,0.0,0.0,69.66666666666666,45.38860701935299,optimal
2021-02-07 12:30:00,10,19,0.0,0.0,0.0,0.31306666666666666,14.994,6.0,0,20.446136355506034,,,0.0,0.0,0.0,0.0,45.21590364555235,optimal
2021-02-07 13:00:00,10,19,0.0,0.46444444444444444,0.0,0.16493333333333335,14.8155,6.0,0,20.41057756085937,,,0.0,0.0,0.0,418.0,45.043372975125514,optimal
2021-02-07 13:30:00,10,19,0.0,0.0,0.0,2.028166666666667,14.112,6.0,0,20.372629797317003,,,0.0,0.0,0.0,0.0,44.87101483536911,optimal
2021-02-07 14:00:00,10,19,0.0,0.0,0.0,1.0069333333333332,14.007,6.0,0,20.340416791024616,,,0.0,0.0,0.0,0.0,44.698829053752455,optimal
2021-02-07 14:30:00,10,19,0.0,0.0,0.0,0.3962,13.23,6.0,0,20.32302632009861,,,0.0,0.0,0.0,0.0,44.52681545791742,optimal
2021-02-07 15:00:00,10,19,0.0,0.0,0.0,2.195266666666667,11.382,6.0,0,20.29164932202939,,,0.0,0.0,0.0,0.0,44.354973875678226,optimal
2021-02-07 15:30:00,10,19,0.0,0.6192592592592592,0.0,0.1565,11.7495,6.0,0,20.25896913056787,,,0.0,0.0,0.0,557.3333333333333,44.18330413502127,optimal
2021-02-07 16:00:00,10,19,0.0,0.6192592592592592,0.0,2.0358,24.3285,6.0,0,20.21938641146139,,,0.0,0.0,0.0,557.3333333333333,44.01180606410497,optimal
2021-02-07 16:30:00,10,19,0.0,1.2385185185185184,0.0,1.3173666666666666,28.917,6.0,0,20.190483832279245,,,0.0,0.0,0.0,1114.6666666666665,43.84047949125958,optimal
2021-02-07 17:00:00,10,19,0.0,0.46444444444444444,0.0,1.7302,31.3635,6.0,0,20.17969589439043,,,0.0,0.0,0.0,418.0,43.66932424498704,optimal
2021-02-07 17:30:00,10,19,0.0,0.23222222222222222,0.0,2.344133333333333,33.306,6.0,0,20.1524778118419,,,0.0,0.0,0.0,209.0,43.49834015396077,optimal
2021-02-07 18:00:00,10,19,0.0,0.1548148148148148,0.0,0.2932333333333333,31.3425,6.0,0,20.133126038484768,,,0.0,0.0,0.0,139.33333333333331,43.32752704702553,optimal
2021-02-07 18:30:00,10,19,0.0,0.774074074074074,0.0,0.10903333333333332,28.2555,6.0,0,20.108428927969126,,,0.0,0.0,0.0,696.6666666666666,43.15688475319722,optimal
2021-02-07 19:00:00,10,19,0.0,0.23222222222222222,0.0,0.1818333333333333,15.6975,6.0,0,20.08168801475881,,,0.0,0.0,0.0,209.0,42.98641310166274,optimal
2021-02-07 19:30:00,10,19,0.0,0.0,0.0,0.145,12.5475,6.0,0,20.052465448579024,,,0.0,0.0,0.0,0.0,42.81611192177979,optimal
2021-02-07 20:00:00,10,19,0.0,2.1674074074074072,0.0,0.4273,12.0855,6.0,0,20.022318465411114,,,0.0,0.0,0.0,1950.6666666666667,42.64598104307673,optimal
2021-02-07 20:30:00,10,19,0.0,0.0,0.0,0.7151333333333333,11.907,6.0,0,20.0,,,0.0,0.0,0.0,0.0,42.47602029525237,optimal
2021-02-07 21:00:00,10,19,0.0,0.6192592592592592,0.0,1.7713333333333332,12.5685,6.0,0,19.982391151842712,,,0.0,0.0,0.0,557.3333333333333,42.30622950817583,optimal
2021-02-07 21:30:00,10,19,0.0,8.92817037037037,0.0,2.253233333333333,13.146,6.0,0,19.95616264649696,,,0.0,0.0,0.0,8035.3533333333335,42.13660851188637,optimal
2021-02-07 22:00:00,10,19,0.0,0.5929407407407413,0.0,0.09483333333333331,10.584,6.0,0,19.936035698259335,,,0.0,0.0,0.0,533.6466666666672,41.9671571365932,optimal
2021-02-07 22:30:00,10,19,0.0,0.387037037037037,0.0,0.12233333333333331,6.678,6.0,0,19.903944813695993,,,0.0,0.0,0.0,348.3333333333333,41.79787521267532,optimal
2021-02-07 23:00:00,10,19,0.0,0.0,0.0,0.3569,7.938,6.0,0,19.874334601218443,,,0.0,0.0,0.0,0.0,41.75607733746265,optimal
2021-02-07 23:30:00,10,19,0.0,0.0,0.0,0.06133333333333334,5.292,6.0,0,19.849698559349,,,0.0,0.0,0.0,0.0,41.71432126012519,optimal
2021-02-08 00:00:00,10,19,1.1428571428571428,0.0,0.0,0.052,5.9745,6.0,0,19.849698559349,,,4000.0,0.0,0.0,0.0,41.672606938865066,optimal
2021-02-08 00:30:00,10,19,1.1428571428571428,0.0,0.0,0.052,7.938,6.0,0,19.89125488325132,,,4000.0,0.0,0.0,0.0,41.6309343319262,optimal
2021-02-08 01:00:00,10,19,1.1428571428571428,0.0,0.0,0.196,8.6835,6.0,0,19.932703575325515,,,4000.0,0.0,0.0,0.0,41.58930339759427,optimal
2021-02-08 01:30:00,10,19,1.1428571428571428,0.0,0.0,0.0664,7.665,6.0,0,19.976954308091823,,,4000.0,0.0,0.0,0.0,41.54771409419668,optimal
2021-02-08 02:00:00,10,19,1.1428571428571428,0.0,0.0,0.1384,6.7725,6.0,0,20.018342474931195,,,4000.0,0.0,0.0,0.0,41.50616638010248,optimal
2021-02-08 02:30:00,10,19,1.1428571428571428,0.0,0.0,0.124,5.5755,6.0,0,20.060948641206654,,,4000.0,0.0,0.0,0.0,41.464660213722375,optimal
2021-02-08 03:00:00,10,19,1.1428571428571428,0.0,7.0,0.052,5.0925,6.0,0,20.103283018305216,,,4000.0,0.0,0.0,0.0,44.74819555350866,optimal
2021-02-08 03:30:00,10,19,1.1428571428571428,0.0,7.0,0.2104,4.1895,6.0,0,20.144182552666514,,,4000.0,0.0,0.0,0.0,48.02844735795515,optimal
2021-02-08 04:00:00,10,19,1.1428571428571428,0.0,0.0,0.052,7.056,6.0,0,20.18804698828399,,,4000.0,0.0,0.0,0.0,47.980418910597194,optimal
2021-02-08 04:30:00,10,19,1.1428571428571428,0.0,0.7506783207864188,0.10959999999999999,5.271,6.0,0,20.228467979742696,,,4000.0,0.0,0.0,0.0,48.289010694060146,optimal
2021-02-08 05:00:00,10,19,1.1428571428571428,0.0,0.0,0.15280000000000002,7.938,6.0,0,20.2696890351266,,,4000.0,0.0,0.0,0.0,48.240721683366075,optimal
2021-02-08 05:30:00,10,19,1.1428571428571428,0.0,0.0,0.052,7.938,6.0,0,20.311417142876717,,,4000.0,0.0,0.0,0.0,48.192480961682705,optimal
2021-02-08 06:00:00,10,19,1.1428571428571428,0.0,0.0,0.052,11.907,6.0,0,20.350871097106584,,,4000.0,0.0,0.0,0.0,48.144288480721016,optimal
2021-02-08 06:30:00,10,19,1.1428571428571428,0.0,0.0,0.196,11.025,6.0,0,20.390093363551703,,,4000.0,0.0,0.0,0.0,48.096144192240295,optimal
2021-02-08 07:00:00,10,19,1.1428571428571428,0.0774074074074074,0.0,0.31860000000000005,11.2875,6.0,0,20.43199393604008,,,4000.0,0.0,0.0,69.66666666666666,48.048048048048045,optimal
2021-02-08 07:30:00,10,19,1.1428571428571428,1.0837037037037036,0.0,0.147,12.936,6.0,0,20.47790608454168,,,4000.0,0.0,0.0,975.3333333333334,48.0,optimal
2021-02-08 08:00:00,10,19,0.21071546638036304,2.941481481481482,0.0,0.18196666666666667,13.0095,6.0,0,20.526059550634546,,,737.5041323312706,0.0,0.0,2647.3333333333335,47.83850616733524,optimal
2021-02-08 08:30:00,10,19,0.0,0.0,0.0,0.134,13.671,6.0,0,20.50380334059473,,,0.0,0.0,0.0,0.0,47.67717382850314,optimal
2021-02-08 09:00:00,10,19,0.0,0.0,0.0,0.09733333333333331,13.188,6.0,0,20.454781981064063,,,0.0,0.0,0.0,0.0,47.51600282200988,optimal
2021-02-08 09:30:00,10,19,0.0,0.0,0.0,0.1844,13.8495,6.0,0,20.405877770889834,,,0.0,0.0,0.0,0.0,47.354992986523115,optimal
2021-02-08 10:00:00,10,19,0.0,0.0,0.0,0.062,13.23,6.0,0,20.358257830789224,,,0.0,0.0,0.0,0.0,47.194144160871836,optimal
2021-02-08 10:30:00,10,19,0.0,0.0,0.0,0.062,13.3665,6.0,0,20.308676747758824,,,0.0,0.0,0.0,0.0,47.03345618404621,optimal
2021-02-08 11:00:00,10,19,1.1428571428571428,0.0,0.0,0.2401,13.0515,6.0,0,20.258835577439726,,,4000.0,0.0,0.0,0.0,46.872928895197404,optimal
2021-02-08 11:30:00,10,19,0.0,0.23222222222222222,0.0,0.3122,13.5345,6.0,0,20.29611984891669,,,0.0,0.0,0.0,209.0,46.71256213363745,optimal
2021-02-08 12:00:00,10,19,0.0,0.0,0.0,0.12926666666666667,14.154,6.0,0,20.25420677975801,,,0.0,0.0,0.0,0.0,46.552355738839054,optimal
2021-02-08 12:30:00,10,19,0.0,0.0,0.0,0.17246666666666666,14.112,6.0,0,20.20698525757911,,,0.0,0.0,0.0,0.0,46.392309550435456,optimal
2021-02-08 13:00:00,10,19,0.0,0.0774074074074074,0.0,0.06206666666666667,14.2485,6.0,0,20.16138461823917,,,0.0,0.0,0.0,69.66666666666666,46.232423408220264,optimal
2021-02-08 13:30:00,10,19,1.1428571428571428,0.0,0.0,0.13923333333333332,12.789,6.0,0,20.11635813065118,,,4000.0,0.0,0.0,0.0,46.072697152147285,optimal
2021-02-08 14:00:00,10,19,1.1428571428571428,0.1548148148148148,0.0,0.2503333333333333,13.0095,6.0,0,20.15482702812492,,,4000.0,0.0,0.0,139.33333333333331,45.91313062233038,optimal
2021-02-08 14:30:00,10,19,1.1428571428571428,0.387037037037037,0.0,0.19876666666666667,12.1275,6.0,0,20.197094055201706,,,4000.0,0.0,0.0,348.3333333333333,45.75372365904329,optimal
2021-02-08 15:00:00,10,19,1.1428571428571428,0.0,0.0,0.39426666666666665,12.348,6.0,0,20.2394813524588,,,4000.0,0.0,0.0,0.0,45.59447610271948,optimal
2021-02-08 15:30:00,10,19,1.1428571428571428,0.0,0.0,0.11106666666666666,12.348,6.0,0,20.288108436057207,,,4000.0,0.0,0.0,0.0,45.435387793952,optimal
2021-02-08 16:00:00,10,19,0.0,0.0,0.0,0.098,25.389,6.0,0,20.32769705690489,,,0.0,0.0,0.0,0.0,45.276458573493294,optimal
2021-02-08 16:30:00,10,19,0.0,0.0,0.0,0.1844,29.1375,6.0,0,20.27969948178122,,,0.0,0.0,0.0,0.0,45.11768828225504,optimal
2021-02-08 17:00:00,10,19,0.0,0.23222222222222222,0.0,0.06133333333333334,30.597,6.0,0,20.233183354298006,,,0.0,0.0,0.0,209.0,44.959076761308026,optimal
2021-02-08 17:30:00,10,19,0.0,2.2448148148148146,0.0,0.31853333333333333,33.684,6.0,0,20.185665116455368,,,0.0,0.0,0.0,2020.3333333333333,44.80062385188196,optimal
2021-02-08 18:00:00,10,19,0.0,0.0,0.0,0.1844,32.445,6.0,0,20.143747184211737,,,0.0,0.0,0.0,0.0,44.642329395365316,optimal
2021-02-08 18:30:00,10,19,0.0,0.0,0.0,0.062,28.917,6.0,0,20.096158661574794,,,0.0,0.0,0.0,0.0,44.48419323330519,optimal
2021-02-08 19:00:00,10,19,0.0,0.0,0.0,0.2204,15.876,6.0,0,20.046349910751932,,,0.0,0.0,0.0,0.0,44.32621520740713,optimal
2021-02-08 19:30:00,10,19,0.6321816068539413,0.387037037037037,0.0,0.0772,12.348,6.0,0,20.0,,,2212.6356239887946,0.0,0.0,348.3333333333333,44.16839515953497,optimal
2021-02-08 20:00:00,10,19,0.4324298690914351,0.0,0.0,1.4000666666666666,12.1275,6.0,0,20.0,,,1513.5045418200227,0.0,0.0,0.0,44.01073293171067,optimal
2021-02-08 20:30:00,10,19,0.0,0.6192592592592592,0.0,0.167,12.348,6.0,0,20.0,,,0.0,0.0,0.0,557.3333333333333,43.8532283661142,optimal
2021-02-08 21:00:00,10,19,0.0,0.3096296296296296,0.0,0.13853333333333334,12.1275,6.0,0,19.964429620931025,,,0.0,0.0,0.0,278.66666666666663,43.695881305083326,optimal
2021-02-08 21:30:00,10,19,0.0,0.0,0.0,0.17636666666666667,12.1275,6.0,0,19.93247053872425,,,0.0,0.0,0.0,0.0,43.53869159111348,optimal
2021-02-08 22:00:00,10,19,0.0,0.0,0.0,0.091,11.2665,6.0,0,19.90182861399104,,,0.0,0.0,0.0,0.0,43.38165906685761,optimal
2021-02-08 22:30:00,10,19,0.0,0.0,0.0,0.2838,10.143,6.0,0,19.865951605439808,,,0.0,0.0,0.0,0.0,43.33827740779075,optimal
2021-02-08 23:00:00,10,19,0.0,0.387037037037037,0.0,0.1567333333333333,11.2455,6.0,0,19.834575864105304,,,0.0,0.0,0.0,348.3333333333333,43.29493913038296,optimal
2021-02-08 23:30:00,10,19,0.0,0.0,0.0,0.135,11.025,6.0,0,19.801197473324144,,,0.0,0.0,0.0,0.0,43.25164419125257,optimal
2021-02-09 00:00:00,10,19,1.1428571428571428,0.0,7.0,0.41403333333333336,10.584,6.0,0,19.801197473324144,,,4000.0,0.0,0.0,0.0,46.533392547061325,optimal
2021-02-09 00:30:00,10,19,1.1428571428571428,0.0,0.0,0.1792,11.2455,6.0,0,19.85063564086906,,,4000.0,0.0,0.0,0.0,46.48685915451426,optimal
2021-02-09 01:00:00,10,19,1.1428571428571428,0.0,0.0,0.10896666666666668,12.1275,6.0,0,19.893863169137116,,,4000.0,0.0,0.0,0.0,46.44037229535975,optimal
2021-02-09 01:30:00,10,19,1.1428571428571428,0.0,0.0,0.17616666666666667,11.823,6.0,0,19.934345661139425,,,4000.0,0.0,0.0,0.0,46.39393192306439,optimal
2021-02-09 02:00:00,10,19,1.1428571428571428,0.0,0.0,0.063,11.7705,6.0,0,19.975822017362532,,,4000.0,0.0,0.0,0.0,46.34753799114133,optimal
2021-02-09 02:30:00,10,19,1.1428571428571428,0.0,0.0,0.15493333333333334,11.13,6.0,0,20.014645513307688,,,4000.0,0.0,0.0,0.0,46.30119045315019,optimal
2021-02-09 03:00:00,10,19,1.1428571428571428,0.0,0.0,0.13019999999999998,11.6865,6.0,0,20.05535538905323,,,4000.0,0.0,0.0,0.0,46.25488926269704,optimal
2021-02-09 03:30:00,10,19,1.1428571428571428,0.0,0.0,0.063,10.7205,6.0,0,20.095589611117166,,,4000.0,0.0,0.0,0.0,46.20863437343434,optimal
2021-02-09 04:00:00,10,19,1.1428571428571428,0.0,0.0,0.15493333333333334,11.424,6.0,0,20.134620910827152,,,4000.0,0.0,0.0,0.0,46.16242573906091,optimal
2021-02-09 04:30:00,10,19,1.1428571428571428,0.0,4.777832552750073,0.11526666666666668,10.689,6.0,0,20.17566755326311,,,4000.0,0.0,0.0,0.0,48.38573377587813,optimal
2021-02-09 05:00:00,10,19,1.1428571428571428,0.0,0.0,0.09763333333333334,11.361,6.0,0,20.21554745145023,,,4000.0,0.0,0.0,0.0,48.33734804210225,optimal
2021-02-09 05:30:00,10,19,1.1428571428571428,0.0,0.0,0.2024333333333333,11.571,6.0,0,20.25470879146555,,,4000.0,0.0,0.0,0.0,48.289010694060146,optimal
2021-02-09 06:00:00,10,19,0.0,0.0,0.0,0.063,14.3745,6.0,0,20.29588609483475,,,0.0,0.0,0.0,0.0,48.240721683366075,optimal
2021-02-09 06:30:00,10,19,1.1428571428571428,0.0,0.0,0.13793333333333332,13.23,6.0,0,20.25332312669953,,,4000.0,0.0,0.0,0.0,48.192480961682705,optimal
2021-02-09 07:00:00,10,19,0.0,0.23222222222222222,0.0,0.20186666666666667,13.9755,6.0,0,20.29307135187891,,,0.0,0.0,0.0,209.0,48.144288480721016,optimal
2021-02-09 07:30:00,10,19,0.0,1.9351851851851851,0.0,1.1704333333333334,14.994,6.0,0,20.253729087027963,,,0.0,0.0,0.0,1741.6666666666667,48.096144192240295,optimal
2021-02-09 08:00:00,10,19,1.1172236741441017,0.6192592592592592,0.0,0.6315333333333333,13.671,6.0,0,20.23908550317899,,,3910.2828595043566,0.0,0.0,557.3333333333333,48.048048048048045,optimal
2021-02-09 08:30:00,10,19,0.0,1.1611111111111108,0.0,0.26263333333333333,15.981,6.0,0,20.29447360194908,,,0.0,0.0,0.0,1044.9999999999998,48.0,optimal
2021-02-09 09:00:00,10,19,0.0,0.23222222222222222,0.0,2.4483333333333333,15.6345,6.0,0,20.26457765243121,,,0.0,0.0,0.0,209.0,47.62423537135918,optimal
2021-02-09 09:30:00,10,19,0.0,0.0774074074074074,0.0,1.6616333333333335,16.5375,6.0,0,20.260991540828666,,,0.0,0.0,0.0,69.66666666666666,47.248846507347,optimal
2021-02-09 10:00:00,10,19,0.0,0.774074074074074,0.0,0.6078,14.7735,6.0,0,20.237949213082153,,,0.0,0.0,0.0,696.6666666666666,46.87383303219883,optimal
2021-02-09 10:30:00,10,19,0.0,0.387037037037037,0.0,0.3562666666666667,15.2145,6.0,0,20.20382529652116,,,0.0,0.0,0.0,348.3333333333333,46.49919457052581,optimal
2021-02-09 11:00:00,10,19,0.0,0.1548148148148148,0.0,0.40403333333333336,14.553,6.0,0,20.16514351770806,,,0.0,0.0,0.0,139.33333333333331,46.12493074731446,optimal
2021-02-09 11:30:00,10,19,0.0,0.3096296296296296,0.0,0.5459666666666667,14.3325,6.0,0,20.125668262453832,,,0.0,0.0,0.0,278.66666666666663,45.751041187926326,optimal
2021-02-09 12:00:00,10,19,0.0,0.0,0.0,1.0566666666666666,14.595,6.0,0,20.08854362390923,,,0.0,0.0,0.0,0.0,45.37752551809758,optimal
2021-02-09 12:30:00,10,19,0.0,0.46444444444444444,0.0,1.93,14.994,6.0,0,20.057466930893966,,,0.0,0.0,0.0,418.0,45.00438336393866,optimal
2021-02-09 13:00:00,10,19,0.0,0.0,0.0,0.33196666666666663,14.3325,6.0,0,20.039187142352667,,,0.0,0.0,0.0,0.0,44.6316143519339,optimal
2021-02-09 13:30:00,10,19,0.5430136470004695,0.1548148148148148,0.0,0.37056666666666666,13.8915,6.0,0,20.0,,,1900.5477645016433,0.0,0.0,139.33333333333331,44.25921810894114,optimal
2021-02-09 14:00:00,10,19,0.5289402154723551,0.0,0.0,0.425,13.8915,6.0,0,20.0,,,1851.290754153243,0.0,0.0,0.0,43.88719426219138,optimal
2021-02-09 14:30:00,10,19,1.1428571428571428,0.0774074074074074,0.0,1.967,13.4715,6.0,0,20.0,,,4000.0,0.0,0.0,69.66666666666666,43.51554243928837,optimal
2021-02-09 15:00:00,10,19,1.1428571428571428,0.1548148148148148,0.0,0.7961666666666666,13.23,6.0,0,20.058851639874693,,,4000.0,0.0,0.0,139.33333333333331,43.14426226820826,optimal
2021-02-09 15:30:00,10,19,0.47946835956287176,0.0,0.0,1.5807,13.8915,6.0,0,20.114184245527934,,,1678.1392584700511,0.0,0.0,0.0,42.77335337729923,optimal
2021-02-09 16:00:00,10,19,0.0,0.387037037037037,0.0,0.6174333333333333,26.9325,6.0,0,20.13562576821841,,,0.0,0.0,0.0,348.3333333333333,42.40281539528111,optimal
2021-02-09 16:30:00,10,19,0.0,0.0,0.0,0.11413333333333334,30.303,6.0,0,20.10391277484294,,,0.0,0.0,0.0,0.0,42.032647951245,optimal
2021-02-09 17:00:00,10,19,0.0,0.0,0.0,2.5290666666666666,32.886,6.0,0,20.063051612356404,,,0.0,0.0,0.0,0.0,41.66285067465294,optimal
2021-02-09 17:30:00,10,19,0.0,0.0,0.0,0.24516666666666662,34.9965,6.0,0,20.063607395375218,,,0.0,0.0,0.0,0.0,41.29342319533746,optimal
2021-02-09 18:00:00,10,19,0.0,0.3096296296296296,0.0,1.0453666666666666,33.327,6.0,0,20.04006847117029,,,0.0,0.0,0.0,278.66666666666663,40.924365143501305,optimal
2021-02-09 18:30:00,10,19,0.0,0.6192592592592592,0.0,2.024866666666666,31.122,6.0,0,20.023795587073376,,,0.0,0.0,0.0,557.3333333333333,40.55567614971698,optimal
2021-02-09 19:00:00,10,19,0.0,0.5418518518518518,0.0,1.2025333333333332,17.9025,6.0,0,20.02825285485554,,,0.0,0.0,0.0,487.6666666666667,40.187355844926444,optimal
2021-02-09 19:30:00,10,19,0.0,0.46444444444444444,0.0,1.7652333333333332,15.6555,6.0,0,20.01763713784188,,,0.0,0.0,0.0,418.0,39.819403860440694,optimal
2021-02-09 20:00:00,10,19,0.0,0.3096296296296296,0.0,1.5241333333333333,14.553,6.0,0,20.012560735300873,,,0.0,0.0,0.0,278.66666666666663,39.45181982793943,optimal
2021-02-09 20:30:00,10,19,0.0,0.6192592592592592,0.0,1.2900333333333334,14.3325,6.0,0,20.0,,,0.0,0.0,0.0,557.3333333333333,39.08460337947067,optimal
2021-02-09 21:00:00,10,19,0.0,0.3096296296296296,0.0,0.39953333333333335,13.335,6.0,0,19.980396597284663,,,0.0,0.0,0.0,278.66666666666663,39.0455187760912,optimal
2021-02-09 21:30:00,10,19,0.0,0.0,0.0,0.4714,12.1275,6.0,0,19.961348950793994,,,0.0,0.0,0.0,0.0,39.00647325731511,optimal
2021-02-09 22:00:00,10,19,0.0,2.3222222222222215,0.0,0.31126666666666664,12.2955,6.0,0,19.938575728902805,,,0.0,0.0,0.0,2089.9999999999995,38.96746678405779,optimal
2021-02-09 22:30:00,10,19,0.0,0.0,0.0,0.2955,11.6865,6.0,0,19.910262822075683,,,0.0,0.0,0.0,0.0,38.92849931727373,optimal
2021-02-09 23:00:00,10,19,0.0,0.0,0.0,0.16493333333333335,11.466,6.0,0,19.877618942203537,,,0.0,0.0,0.0,0.0,38.88957081795646,optimal
2021-02-09 23:30:00,10,19,0.0,0.0,0.0,0.11646666666666668,10.8045,6.0,0,19.838255730231385,,,0.0,0.0,0.0,0.0,38.8506812471385,optimal
2021-02-10 00:00:00,10,19,1.1428571428571428,0.0,0.0,0.061,10.8045,6.0,0,19.838255730231385,,,4000.0,0.0,0.0,0.0,38.81183056589136,optimal
2021-02-10 00:30:00,10,19,1.1428571428571428,0.0,0.0,0.07313333333333334,11.508,6.0,0,19.875477356951013,,,4000.0,0.0,0.0,0.0,38.77301873532547,optimal
2021-02-10 01:00:00,10,19,1.1428571428571428,0.0,0.0,0.10346666666666668,11.508,6.0,0,19.91258871988543,,,4000.0,0.0,0.0,0.0,38.734245716590145,optimal
2021-02-10 01:30:00,10,19,1.1428571428571428,0.0,0.0,0.06403333333333333,11.508,6.0,0,19.94995781966393,,,4000.0,0.0,0.0,0.0,38.695511470873555,optimal
2021-02-10 02:00:00,10,19,1.1428571428571428,0.0,0.0,0.20756666666666662,11.844,6.0,0,19.986174414408502,,,4000.0,0.0,0.0,0.0,38.65681595940268,optimal
2021-02-10 02:30:00,10,19,1.1428571428571428,0.0,0.0,0.066,11.508,6.0,0,20.02493817022174,,,4000.0,0.0,0.0,0.0,38.61815914344328,optimal
2021-02-10 03:00:00,10,19,1.1428571428571428,0.0,0.0,0.086,11.508,6.0,0,20.06074129663727,,,4000.0,0.0,0.0,0.0,38.57954098429983,optimal
2021-02-10 03:30:00,10,19,1.1428571428571428,0.0,7.0,0.136,10.4475,6.0,0,20.096855774603043,,,4000.0,0.0,0.0,0.0,41.865961443315534,optimal
2021-02-10 04:00:00,10,19,1.1428571428571428,0.0,6.8069683487949,0.1156,10.8675,6.0,0,20.133886921409626,,,4000.0,0.0,0.0,0.0,45.0574054475498,optimal
2021-02-10 04:30:00,10,19,1.1428571428571428,0.0,7.0,0.161,10.542,6.0,0,20.17040999258535,,,4000.0,0.0,0.0,0.0,48.33734804210225,optimal
2021-02-10 05:00:00,10,19,1.1428571428571428,0.0,0.0,0.1156,11.025,6.0,0,20.207496733084895,,,4000.0,0.0,0.0,0.0,48.289010694060146,optimal
2021-02-10 05:30:00,10,19,1.1428571428571428,0.0,0.0,0.061,11.025,6.0,0,20.243311148598632,,,4000.0,0.0,0.0,0.0,48.240721683366075,optimal
2021-02-10 06:00:00,10,19,1.1428571428571428,0.0,0.0,0.12106666666666667,14.553,6.0,0,20.277670656543222,,,4000.0,0.0,0.0,0.0,48.192480961682705,optimal
2021-02-10 06:30:00,10,19,1.1428571428571428,0.1548148148148148,0.0,0.16353333333333334,13.0935,6.0,0,20.312720662229466,,,4000.0,0.0,0.0,139.33333333333331,48.144288480721016,optimal
2021-02-10 07:00:00,10,19,1.1428571428571428,1.0837037037037036,0.0,0.07113333333333334,15.6345,6.0,0,20.349655282927518,,,4000.0,0.0,0.0,975.3333333333334,48.096144192240295,optimal
2021-02-10 07:30:00,10,19,0.0,2.7866666666666666,0.0,0.7645333333333333,18.102,6.0,0,20.39044021293137,,,0.0,0.0,0.0,2508.0,48.048048048048045,optimal
2021-02-10 08:00:00,10,19,0.0,0.23222222222222222,0.0,2.0819666666666667,17.199,6.0,0,20.365665363054923,,,0.0,0.0,0.0,209.0,48.0,optimal
2021-02-10 08:30:00,10,19,0.0,0.0,0.0,2.0233666666666665,18.2805,6.0,0,20.34070328129356,,,0.0,0.0,0.0,0.0,47.79259059491672,optimal
2021-02-10 09:00:00,10,19,0.0,1.6255555555555554,0.0,0.8465333333333332,17.4615,6.0,0,20.312290305292226,,,0.0,0.0,0.0,1463.0,47.58538859923852,optimal
2021-02-10 09:30:00,10,19,0.0,0.46444444444444444,0.0,2.0918,18.3225,6.0,0,20.280525215122,,,0.0,0.0,0.0,418.0,47.378393805556,optimal
2021-02-10 10:00:00,10,19,0.0,0.0774074074074074,0.0,0.7385,17.094,6.0,0,20.248078786942948,,,0.0,0.0,0.0,69.66666666666666,47.17160600666716,optimal
2021-02-10 10:30:00,10,19,0.0,0.3096296296296296,0.0,0.19963333333333333,17.094,6.0,0,20.211660862187884,,,0.0,0.0,0.0,278.66666666666663,46.96502499557722,optimal
2021-02-10 11:00:00,10,19,0.0,0.0,0.0,0.126,17.094,6.0,0,20.166681051597394,,,0.0,0.0,0.0,0.0,46.75865056549836,optimal
2021-02-10 11:30:00,10,19,0.0,0.0,0.0,0.1256,17.3565,6.0,0,20.118112215640544,,,0.0,0.0,0.0,0.0,46.552482509849575,optimal
2021-02-10 12:00:00,10,19,1.0993588605402371,0.0,0.0,0.121,17.115,6.0,0,20.069920094713094,,,3847.75601189083,0.0,0.0,0.0,46.34652062225644,optimal
2021-02-10 12:30:00,10,19,0.0,0.0,0.0,0.1756,17.241,6.0,0,20.09975939428772,,,0.0,0.0,0.0,0.0,46.1407646965509,optimal
2021-02-10 13:00:00,10,19,1.1428571428571428,0.0,0.0,0.071,17.094,6.0,0,20.052884017735895,,,4000.0,0.0,0.0,0.0,45.93521452677107,optimal
2021-02-10 13:30:00,10,19,1.1428571428571428,0.0,0.0,2.177,16.5165,6.0,0,20.08483319099519,,,4000.0,0.0,0.0,0.0,45.72986990716102,optimal
2021-02-10 14:00:00,10,19,0.0,0.0774074074074074,0.0,0.6876,17.8185,6.0,0,20.12925658332209,,,0.0,0.0,0.0,69.66666666666666,45.524730632170574,optimal
2021-02-10 14:30:00,10,19,1.1428571428571428,0.0,0.0,2.2946,17.094,6.0,0,20.0898182589287,,,4000.0,0.0,0.0,0.0,45.31979649645512,optimal
2021-02-10 15:00:00,10,19,1.1428571428571428,0.1548148148148148,0.0,0.2851666666666667,16.8945,6.0,0,20.140624797092332,,,4000.0,0.0,0.0,139.33333333333331,45.11506729487538,optimal
2021-02-10 15:30:00,10,19,0.0,0.23222222222222222,0.0,0.11133333333333331,18.123,6.0,0,20.185030404494714,,,0.0,0.0,0.0,209.0,44.91054282249723,optimal
2021-02-10 16:00:00,10,19,0.0,0.3096296296296296,0.0,0.9463666666666668,31.647,6.0,0,20.146607908020194,,,0.0,0.0,0.0,278.66666666666663,44.70622287459145,optimal
2021-02-10 16:30:00,10,19,0.0,0.23222222222222222,0.0,1.3136666666666668,34.9965,6.0,0,20.13420590131927,,,0.0,0.0,0.0,209.0,44.50210724663357,optimal
2021-02-10 17:00:00,10,19,0.0,2.39962962962963,0.0,0.33946666666666664,34.9965,6.0,0,20.131109064363002,,,0.0,0.0,0.0,2159.6666666666665,44.298195734303654,optimal
2021-02-10 17:30:00,10,19,0.0,0.774074074074074,0.0,0.5697000000000001,34.9965,6.0,0,20.10913130597117,,,0.0,0.0,0.0,696.6666666666666,44.09448813348607,optimal
2021-02-10 18:00:00,10,19,0.0,0.0,0.0,0.5986666666666667,34.9965,6.0,0,20.091963348493376,,,0.0,0.0,0.0,0.0,43.8909842402693,optimal
2021-02-10 18:30:00,10,19,0.0,0.387037037037037,0.0,2.5000999999999998,34.9965,6.0,0,20.076454359951917,,,0.0,0.0,0.0,348.3333333333333,43.687683850945746,optimal
2021-02-10 19:00:00,10,19,0.0,3.0188888888888883,0.0,2.395266666666667,27.741,6.0,0,20.059296937726582,,,0.0,0.0,0.0,2716.9999999999995,43.48458676201152,optimal
2021-02-10 19:30:00,10,19,0.0,0.1548148148148148,0.0,0.41343333333333326,19.026,6.0,0,20.045037238210096,,,0.0,0.0,0.0,139.33333333333331,43.281692770166224,optimal
2021-02-10 20:00:00,10,19,0.0,0.0,0.0,1.351233333333333,18.7215,6.0,0,20.02032957830887,,,0.0,0.0,0.0,0.0,43.07900167231278,optimal
2021-02-10 20:30:00,10,19,0.0,0.0774074074074074,0.0,1.7046666666666668,17.4195,6.0,0,20.0,,,0.0,0.0,0.0,69.66666666666666,42.876513265557186,optimal
2021-02-10 21:00:00,10,19,0.0,0.1548148148148148,0.0,0.3711333333333333,16.758,6.0,0,19.973657603203538,,,0.0,0.0,0.0,139.33333333333331,42.67422734720835,optimal
2021-02-10 21:30:00,10,19,0.0,2.4770370370370367,0.0,0.6659333333333333,14.217,6.0,0,19.94550142702167,,,0.0,0.0,0.0,2229.333333333333,42.631553119861145,optimal
2021-02-10 22:00:00,10,19,0.0,0.0774074074074074,0.0,3.6545666666666667,13.3665,6.0,0,19.917295074834854,,,0.0,0.0,0.0,69.66666666666666,42.588921566741284,optimal
2021-02-10 22:30:00,10,19,0.0,0.6192592592592592,0.0,1.5581666666666667,12.789,6.0,0,19.89118031366705,,,0.0,0.0,0.0,557.3333333333333,42.546332645174544,optimal
2021-02-10 23:00:00,10,19,0.0,0.0774074074074074,0.0,1.8268,11.907,6.0,0,19.86098282841776,,,0.0,0.0,0.0,69.66666666666666,42.50378631252937,optimal
2021-02-10 23:30:00,10,19,0.0,0.0,0.0,0.08313333333333334,11.7075,6.0,0,19.821937073387975,,,0.0,0.0,0.0,0.0,42.46128252621684,optimal
2021-02-11 00:00:00,10,19,1.1428571428571428,0.0,0.0,0.12136666666666666,11.025,6.0,0,19.821937073387975,,,4000.0,0.0,0.0,0.0,42.41882124369062,optimal
2021-02-11 00:30:00,10,19,1.1428571428571428,0.0,0.0,0.5030666666666667,12.0855,6.0,0,19.854174373472198,,,4000.0,0.0,0.0,0.0,42.37640242244693,optimal
2021-02-11 01:00:00,10,19,1.1428571428571428,0.46444444444444444,0.0,0.5093333333333333,11.6865,6.0,0,19.8953813618871,,,4000.0,0.0,0.0,418.0,42.33402602002448,optimal
2021-02-11 01:30:00,10,19,1.1428571428571428,0.0,0.0,0.3242,11.2245,6.0,0,19.937217442854195,,,4000.0,0.0,0.0,0.0,42.29169199400446,optimal
2021-02-11 02:00:00,10,19,1.1428571428571428,0.0,0.0,0.061,11.025,6.0,0,19.972625317656096,,,4000.0,0.0,0.0,0.0,42.24940030201046,optimal
2021-02-11 02:30:00,10,19,1.1428571428571428,0.0,0.0,0.08183333333333333,10.7835,6.0,0,20.00109498134695,,,4000.0,0.0,0.0,0.0,42.207150901708445,optimal
2021-02-11 03:00:00,10,19,1.1428571428571428,0.0,0.0,0.2435,11.025,6.0,0,20.02965282490922,,,4000.0,0.0,0.0,0.0,42.164943750806735,optimal
2021-02-11 03:30:00,10,19,1.1428571428571428,0.0,6.069282624694052,0.07766666666666668,10.584,6.0,0,20.061144033982682,,,4000.0,0.0,0.0,0.0,45.0056880537856,optimal
2021-02-11 04:00:00,10,19,1.1428571428571428,0.0,0.0,0.17766666666666667,11.025,6.0,0,20.089850668706298,,,4000.0,0.0,0.0,0.0,44.96068236573181,optimal
2021-02-11 04:30:00,10,19,1.1428571428571428,0.0,7.0,0.131,10.4265,6.0,0,20.121150870628046,,,4000.0,0.0,0.0,0.0,48.240721683366075,optimal
2021-02-11 05:00:00,10,19,1.1428571428571428,0.0,0.0,0.061,12.789,6.0,0,20.15142714522578,,,4000.0,0.0,0.0,0.0,48.192480961682705,optimal
2021-02-11 05:30:00,10,19,1.1428571428571428,0.0,0.0,0.1893333333333333,12.684,6.0,0,20.180210714951613,,,4000.0,0.0,0.0,0.0,48.144288480721016,optimal
2021-02-11 06:00:00,10,19,1.1428571428571428,0.0,0.0,0.07766666666666668,16.254,6.0,0,20.212160102771573,,,4000.0,0.0,0.0,0.0,48.096144192240295,optimal
2021-02-11 06:30:00,10,19,1.1428571428571428,0.1548148148148148,0.0,0.3629,17.64,6.0,0,20.242418119558902,,,4000.0,0.0,0.0,139.33333333333331,48.048048048048045,optimal
2021-02-11 07:00:00,10,19,0.0,0.46444444444444444,0.0,0.4281666666666667,19.1625,6.0,0,20.280907350118056,,,0.0,0.0,0.0,418.0,48.0,optimal
2021-02-11 07:30:00,10,19,0.0,4.644444444444443,0.0,0.335,26.46,6.0,0,20.24440656924882,,,0.0,0.0,0.0,4179.999999999999,47.79803507216486,optimal
2021-02-11 08:00:00,10,19,0.0,0.9288888888888889,0.0,0.5391333333333334,20.79,6.0,0,20.207167437639285,,,0.0,0.0,0.0,836.0,47.596272109257555,optimal
2021-02-11 08:30:00,10,19,0.0,1.2385185185185184,0.0,1.8775333333333333,29.106,6.0,0,20.17382534663283,,,0.0,0.0,0.0,1114.6666666666665,47.394710909313154,optimal
2021-02-11 09:00:00,10,19,0.0,0.23222222222222222,0.0,0.512,19.1835,6.0,0,20.15629726464171,,,0.0,0.0,0.0,209.0,47.1933512705687,optimal
2021-02-11 09:30:00,10,19,0.0,0.23222222222222222,0.0,0.2064,19.6665,6.0,0,20.1203252046735,,,0.0,0.0,0.0,209.0,46.992192991462986,optimal
2021-02-11 10:00:00,10,19,0.0,0.0774074074074074,0.0,0.2537666666666667,19.404,6.0,0,20.083296390693935,,,0.0,0.0,0.0,69.66666666666666,46.791235870636385,optimal
2021-02-11 10:30:00,10,19,0.0,0.5062444444444444,0.0,0.5567333333333333,19.047,6.0,0,20.053753844855507,,,0.0,0.0,0.0,455.62,46.59047970693061,optimal
2021-02-11 11:00:00,10,19,0.8215867961129268,0.5774592592592593,0.0,0.2457666666666667,18.858,6.0,0,20.02730127998183,,,2875.553786395244,0.0,0.0,519.7133333333334,46.38992429938854,optimal
2021-02-11 11:30:00,10,19,0.0,0.0,0.0,0.5174666666666667,19.2675,6.0,0,20.049209895146774,,,0.0,0.0,0.0,0.0,46.18956944725401,optimal
2021-02-11 12:00:00,10,19,0.0,2.012592592592592,0.0,0.5533666666666667,18.963,6.0,0,20.024293749593667,,,0.0,0.0,0.0,1811.333333333333,45.98941494997161,optimal
2021-02-11 12:30:00,10,19,0.5788118817603106,0.23222222222222222,0.0,0.5198333333333334,18.438,6.0,0,20.0,,,2025.841586161087,0.0,0.0,209.0,45.7894606071865,optimal
2021-02-11 13:00:00,10,19,0.0,2.2448148148148146,0.0,1.923,18.7425,6.0,0,20.01483586918276,,,0.0,0.0,0.0,2020.3333333333333,45.58970621874417,optimal
2021-02-11 13:30:00,10,19,1.1428571428571428,0.774074074074074,0.0,0.9715666666666668,15.2145,6.0,0,20.0,,,4000.0,0.0,0.0,696.6666666666666,45.39015158469029,optimal
2021-02-11 14:00:00,10,19,0.6721176604169975,0.1548148148148148,0.0,0.3988333333333333,17.7765,6.0,0,20.055933001542005,,,2352.411811459491,0.0,0.0,139.33333333333331,45.190796505270455,optimal
2021-02-11 14:30:00,10,19,1.1428571428571428,0.774074074074074,0.0,0.382,16.758,6.0,0,20.074240555780044,,,4000.0,0.0,0.0,696.6666666666666,44.99164078093004,optimal
2021-02-11 15:00:00,10,19,1.1428571428571428,0.23222222222222222,0.0,0.34253333333333336,16.422,6.0,0,20.126741039245783,,,4000.0,0.0,0.0,209.0,44.79268421231397,optimal
2021-02-11 15:30:00,10,19,1.1428571428571428,0.0,0.0,0.40543333333333326,16.758,6.0,0,20.17803268858642,,,4000.0,0.0,0.0,0.0,44.59392660026652,optimal
2021-02-11 16:00:00,10,19,0.0,0.46444444444444444,0.0,0.5072333333333333,29.358,6.0,0,20.227025170871173,,,0.0,0.0,0.0,418.0,44.395367745831116,optimal
2021-02-11 16:30:00,10,19,0.0,0.387037037037037,0.0,0.43610000000000004,34.9965,6.0,0,20.20141320854717,,,0.0,0.0,0.0,348.3333333333333,44.19700745025015,optimal
2021-02-11 17:00:00,10,19,0.0,0.5418518518518518,0.0,0.47073333333333334,34.65,6.0,0,20.171693271719683,,,0.0,0.0,0.0,487.6666666666667,43.998845514964756,optimal
2021-02-11 17:30:00,10,19,0.0,0.23222222222222222,0.0,0.5091,34.9965,6.0,0,20.142093945417844,,,0.0,0.0,0.0,209.0,43.80088174161465,optimal
2021-02-11 18:00:00,10,19,0.0,1.7029629629629628,0.0,0.4234,34.9965,6.0,0,20.109922789120162,,,0.0,0.0,0.0,1532.6666666666665,43.603115932037895,optimal
2021-02-11 18:30:00,10,19,0.0,0.1548148148148148,0.0,0.6027666666666667,30.4815,6.0,0,20.07329939802147,,,0.0,0.0,0.0,139.33333333333331,43.40554788827072,optimal
2021-02-11 19:00:00,10,19,0.0,0.387037037037037,0.0,0.45566666666666666,21.4305,6.0,0,20.038474126484676,,,0.0,0.0,0.0,348.3333333333333,43.20817741254731,optimal
2021-02-11 19:30:00,10,19,0.6226361368112475,0.0,0.0,0.32673333333333326,14.3325,6.0,0,20.0,,,2179.2264788393663,0.0,0.0,0.0,43.01100430729962,optimal
2021-02-11 20:00:00,10,19,0.6318992496967683,0.0,0.0,0.5933666666666667,13.692,6.0,0,20.0,,,2211.647373938689,0.0,0.0,0.0,42.81402837515718,optimal
2021-02-11 20:30:00,10,19,0.0,0.0,0.0,0.27313333333333334,14.007,6.0,0,20.0,,,0.0,0.0,0.0,0.0,42.617249418946884,optimal
2021-02-11 21:00:00,10,19,0.0,0.3096296296296296,0.0,0.2735,12.873,6.0,0,19.949884451519605,,,0.0,0.0,0.0,278.66666666666663,42.4206672416928,optimal
2021-02-11 21:30:00,10,19,0.0,0.0774074074074074,0.0,1.4412333333333331,12.684,6.0,0,19.90196799518397,,,0.0,0.0,0.0,69.66666666666666,42.224281646615964,optimal
2021-02-11 22:00:00,10,19,0.0,0.0,0.0,0.19883333333333328,12.306,6.0,0,19.854772826432058,,,0.0,0.0,0.0,0.0,42.028092437134205,optimal
2021-02-11 22:30:00,10,19,0.0,0.387037037037037,0.0,0.1362,10.6365,6.0,0,19.80326396061688,,,0.0,0.0,0.0,348.3333333333333,41.83209941686193,optimal
2021-02-11 23:00:00,10,19,0.0,0.0,0.0,0.30760000000000004,11.2455,6.0,0,19.749713550180367,,,0.0,0.0,0.0,0.0,41.636302389609924,optimal
2021-02-11 23:30:00,10,19,0.0,0.1548148148148148,0.0,0.4524666666666666,11.2455,6.0,0,19.705140015671823,,,0.0,0.0,0.0,139.33333333333331,41.59466608722031,optimal
2021-02-12 00:00:00,10,19,1.1428571428571428,0.23222222222222222,0.0,0.06233333333333334,10.3635,6.0,0,19.705140015671823,,,4000.0,0.0,0.0,209.0,41.55307142113309,optimal
2021-02-12 00:30:00,10,19,1.1428571428571428,0.0,0.0,0.06666666666666667,10.8045,6.0,0,19.730325180204822,,,4000.0,0.0,0.0,0.0,41.511518349711956,optimal
2021-02-12 01:00:00,10,19,1.1428571428571428,0.0,0.0,0.067,11.025,6.0,0,19.75139082051624,,,4000.0,0.0,0.0,0.0,41.47000683136224,optimal
2021-02-12 01:30:00,10,19,1.1428571428571428,0.0,0.0,0.18946666666666667,10.3635,6.0,0,19.771546592452836,,,4000.0,0.0,0.0,0.0,41.42853682453088,optimal
2021-02-12 02:00:00,10,19,1.1428571428571428,0.0,0.0,0.06066666666666666,10.8045,6.0,0,19.7943834943941,,,4000.0,0.0,0.0,0.0,41.38710828770635,optimal
2021-02-12 02:30:00,10,19,1.1428571428571428,0.0,1.0851942986120602,0.15719999999999998,10.059,6.0,0,19.814945918891684,,,4000.0,0.0,0.0,0.0,41.86118847125936,optimal
2021-02-12 03:00:00,10,19,1.1428571428571428,0.0,0.0,0.07926666666666667,10.584,6.0,0,19.83825654624466,,,4000.0,0.0,0.0,0.0,41.819327282788095,optimal
2021-02-12 03:30:00,10,19,1.1428571428571428,0.0,7.0,0.07926666666666667,9.4185,6.0,0,19.860709230719113,,,4000.0,0.0,0.0,0.0,45.1025079555053,optimal
2021-02-12 04:00:00,10,19,1.1428571428571428,0.0,0.0,0.15719999999999998,10.3635,6.0,0,19.884916778217185,,,4000.0,0.0,0.0,0.0,45.0574054475498,optimal
2021-02-12 04:30:00,10,19,1.1428571428571428,0.0774074074074074,7.0,0.09143333333333334,9.8385,6.0,0,19.912449218277324,,,4000.0,0.0,0.0,69.66666666666666,48.33734804210225,optimal
2021-02-12 05:00:00,10,19,1.1428571428571428,0.0,0.0,0.15163333333333331,11.067,6.0,0,19.942846040461298,,,4000.0,0.0,0.0,0.0,48.289010694060146,optimal
2021-02-12 05:30:00,10,19,1.1428571428571428,0.0,0.0,0.08483333333333333,10.8465,6.0,0,19.97374200476799,,,4000.0,0.0,0.0,0.0,48.240721683366075,optimal
2021-02-12 06:00:00,10,19,1.1428571428571428,0.0,0.0,0.06333333333333334,13.671,6.0,0,20.005280330660202,,,4000.0,0.0,0.0,0.0,48.192480961682705,optimal
2021-02-12 06:30:00,10,19,1.1428571428571428,0.0,0.0,0.20980000000000001,12.348,6.0,0,20.038246641743637,,,4000.0,0.0,0.0,0.0,48.144288480721016,optimal
2021-02-12 07:00:00,10,19,1.1428571428571428,0.8514814814814814,0.0,0.7943333333333333,14.3325,6.0,0,20.075106824177922,,,4000.0,0.0,0.0,766.3333333333333,48.096144192240295,optimal
2021-02-12 07:30:00,10,19,0.0,0.7384666666666667,0.0,0.6846666666666666,15.393,6.0,0,20.126890325703823,,,0.0,0.0,0.0,664.62,48.048048048048045,optimal
2021-02-12 08:00:00,10,19,1.1428571428571428,3.8285703703703713,0.0,0.25266666666666665,13.587,6.0,0,20.097170155975302,,,4000.0,0.0,0.0,3445.713333333334,48.0,optimal
2021-02-12 08:30:00,10,19,0.0,0.0,0.0,0.2138333333333333,16.1385,6.0,0,20.144059369511684,,,0.0,0.0,0.0,0.0,47.63370678317256,optimal
2021-02-12 09:00:00,10,19,0.28089236198706513,0.0,0.0,0.18946666666666667,14.595,6.0,0,20.095360934576142,,,983.1232669547281,0.0,0.0,0.0,47.267779859561955,optimal
2021-02-12 09:30:00,10,19,0.0,0.0,0.0,0.067,14.637,6.0,0,20.055949141093688,,,0.0,0.0,0.0,0.0,46.90221886287496,optimal
2021-02-12 10:00:00,10,19,0.7085707710645032,0.0,0.0,0.067,13.9125,6.0,0,20.0,,,2479.9976987257614,0.0,0.0,0.0,46.53702342718465,optimal
2021-02-12 10:30:00,10,19,0.8734510121454279,0.0,0.0,0.12266666666666669,13.3665,6.0,0,20.0,,,3057.0785425089975,0.0,0.0,0.0,46.17219318693003,optimal
2021-02-12 11:00:00,10,19,1.1428571428571428,0.0,0.0,0.1338,13.0095,6.0,0,20.0138201178387,,,4000.0,0.0,0.0,0.0,45.80772777691566,optimal
2021-02-12 11:30:00,10,19,0.0,0.0,0.0,0.07256666666666667,13.8915,6.0,0,20.04791629273829,,,0.0,0.0,0.0,0.0,45.44362683231131,optimal
2021-02-12 12:00:00,10,19,0.5625573543197647,2.7092592592592597,0.0,0.3469,13.188,6.0,0,20.0,,,1968.9507401191765,0.0,0.0,2438.3333333333335,45.079889988651566,optimal
2021-02-12 12:30:00,10,19,0.5720041240501597,0.0,0.0,0.2722,12.5685,6.0,0,20.0,,,2002.014434175559,0.0,0.0,0.0,44.71651688183548,optimal
2021-02-12 13:00:00,10,19,0.511182322924746,0.1548148148148148,0.0,0.39466666666666667,12.285,6.0,0,20.0,,,1789.1381302366108,0.0,0.0,139.33333333333331,44.35350714812621,optimal
2021-02-12 13:30:00,10,19,1.1428571428571428,0.0,0.0,1.3189333333333333,11.487,6.0,0,20.0,,,4000.0,0.0,0.0,0.0,43.990860424150654,optimal
2021-02-12 14:00:00,10,19,1.1428571428571428,0.0,0.0,0.3798333333333333,11.802,6.0,0,20.054185625253833,,,4000.0,0.0,0.0,0.0,43.62857634689907,optimal
2021-02-12 14:30:00,10,19,1.1428571428571428,0.0,0.0,0.09483333333333331,11.2245,6.0,0,20.096716188634517,,,4000.0,0.0,0.0,0.0,43.266654553724734,optimal
2021-02-12 15:00:00,10,19,1.1428571428571428,0.0,0.0,0.067,11.025,6.0,0,20.12955137129745,,,4000.0,0.0,0.0,0.0,42.905094682343574,optimal
2021-02-12 15:30:00,10,19,0.8823837539050384,0.0,0.0,1.4265333333333332,11.907,6.0,0,20.16148015891544,,,3088.343138667635,0.0,0.0,0.0,42.54389637083379,optimal
2021-02-12 16:00:00,10,19,0.0,2.2448148148148146,0.0,0.19513333333333333,25.83,6.0,0,20.200685552730626,,,0.0,0.0,0.0,2020.3333333333333,42.18305925763552,optimal
2021-02-12 16:30:00,10,19,0.0,0.0,0.0,1.2735666666666665,28.035,6.0,0,20.166979693758798,,,0.0,0.0,0.0,0.0,41.82258298155045,optimal
2021-02-12 17:00:00,10,19,0.0,0.0774074074074074,0.0,0.48786666666666667,28.119,6.0,0,20.136538814621492,,,0.0,0.0,0.0,69.66666666666666,41.46246718174146,optimal
2021-02-12 17:30:00,10,19,0.0,0.774074074074074,0.0,1.1227333333333331,30.156,6.0,0,20.1101752833051,,,0.0,0.0,0.0,696.6666666666666,41.10271149773228,optimal
2021-02-12 18:00:00,10,19,0.0,0.0774074074074074,0.0,0.3061666666666667,29.1585,6.0,0,20.098100653532,,,0.0,0.0,0.0,69.66666666666666,40.74331556940711,optimal
2021-02-12 18:30:00,10,19,0.0,0.46444444444444444,0.0,0.23163333333333333,26.712,6.0,0,20.07477088374896,,,0.0,0.0,0.0,418.0,40.384279037010266,optimal
2021-02-12 19:00:00,10,19,0.0,0.6192592592592592,0.0,0.8974,15.435,6.0,0,20.05187040583454,,,0.0,0.0,0.0,557.3333333333333,40.02560154114582,optimal
2021-02-12 19:30:00,10,19,0.0,0.0,0.0,0.5097,13.566,6.0,0,20.044211097626167,,,0.0,0.0,0.0,0.0,39.66728272277724,optimal
2021-02-12 20:00:00,10,19,0.0,0.0774074074074074,0.0,0.17036666666666667,12.789,6.0,0,20.0265412374311,,,0.0,0.0,0.0,69.66666666666666,39.30932222322703,optimal
2021-02-12 20:30:00,10,19,0.0,0.1548148148148148,0.0,0.37839999999999996,12.1275,6.0,0,20.0,,,0.0,0.0,0.0,139.33333333333331,38.95171968417637,optimal
2021-02-12 21:00:00,10,19,0.0,2.631851851851852,0.0,0.35596666666666665,13.671,6.0,0,19.978447971679262,,,0.0,0.0,0.0,2368.6666666666665,38.91276796449219,optimal
2021-02-12 21:30:00,10,19,0.0,0.3096296296296296,0.0,0.20953333333333332,10.668,6.0,0,19.96057108476453,,,0.0,0.0,0.0,278.66666666666663,38.8738551965277,optimal
2021-02-12 22:00:00,10,19,0.0,0.0,0.0,0.1398,11.7285,6.0,0,19.938579318224875,,,0.0,0.0,0.0,0.0,38.83498134133117,optimal
2021-02-12 22:30:00,10,19,0.0,0.0,0.0,0.18963333333333332,11.025,6.0,0,19.905753336230188,,,0.0,0.0,0.0,0.0,38.79614635998984,optimal
2021-02-12 23:00:00,10,19,0.0,0.0,0.0,0.067,10.689,6.0,0,19.86998242925846,,,0.0,0.0,0.0,0.0,38.75735021362985,optimal
2021-02-12 23:30:00,10,19,0.0,0.0,0.0,0.17043333333333333,8.1585,6.0,0,19.826108703882447,,,0.0,0.0,0.0,0.0,38.71859286341622,optimal
2021-02-13 00:00:00,10,19,1.1428571428571428,0.23222222222222222,0.0,0.07,9.3975,6.0,0,19.826108703882447,,,4000.0,0.0,0.0,209.0,38.6798742705528,optimal
2021-02-13 00:30:00,10,19,1.1428571428571428,0.0,0.0,0.11116666666666669,10.059,6.0,0,19.86555053903817,,,4000.0,0.0,0.0,0.0,38.64119439628225,optimal
2021-02-13 01:00:00,10,19,1.1428571428571428,0.0,0.0,0.066,9.261,6.0,0,19.9063821514614,,,4000.0,0.0,0.0,0.0,38.60255320188597,optimal
2021-02-13 01:30:00,10,19,1.1428571428571428,0.0,0.0,0.21413333333333331,8.1585,6.0,0,19.94197433610519,,,4000.0,0.0,0.0,0.0,38.563950648684084,optimal
2021-02-13 02:00:00,10,19,1.1428571428571428,0.0,0.0,0.066,9.4815,6.0,0,19.9805967414474,,,4000.0,0.0,0.0,0.0,38.5253866980354,optimal
2021-02-13 02:30:00,10,19,1.1428571428571428,0.0,0.0,0.19393333333333332,8.379,6.0,0,20.016255710892114,,,4000.0,0.0,0.0,0.0,38.486861311337364,optimal
2021-02-13 03:00:00,10,19,1.1428571428571428,0.0,0.0,0.0862,9.5235,6.0,0,20.05440710362888,,,4000.0,0.0,0.0,0.0,38.44837445002603,optimal
2021-02-13 03:30:00,10,19,1.1428571428571428,0.0,6.96663732354849,0.11313333333333334,8.1375,6.0,0,20.0902830258397,,,4000.0,0.0,0.0,0.0,41.719078804261535,optimal
2021-02-13 04:00:00,10,19,1.1428571428571428,0.0,0.0,0.167,10.0905,6.0,0,20.12648069183726,,,4000.0,0.0,0.0,0.0,41.677359725457265,optimal
2021-02-13 04:30:00,10,19,1.1428571428571428,0.0,7.0,0.066,7.539,6.0,0,20.163543432684627,,,4000.0,0.0,0.0,0.0,44.96068236573181,optimal
2021-02-13 05:00:00,10,19,1.1428571428571428,0.0,7.0,0.17373333333333332,7.938,6.0,0,20.198210561451837,,,4000.0,0.0,0.0,0.0,48.240721683366075,optimal
2021-02-13 05:30:00,10,19,1.1428571428571428,0.0,0.0,0.10640000000000001,8.274,6.0,0,20.23470555682681,,,4000.0,0.0,0.0,0.0,48.192480961682705,optimal
2021-02-13 06:00:00,10,19,1.1428571428571428,0.0,0.0,0.066,9.261,6.0,0,20.269486616078904,,,4000.0,0.0,0.0,0.0,48.144288480721016,optimal
2021-02-13 06:30:00,10,19,1.1428571428571428,0.3096296296296296,0.0,0.4413333333333333,9.9225,6.0,0,20.30310234272865,,,4000.0,0.0,0.0,278.66666666666663,48.096144192240295,optimal
2021-02-13 07:00:00,10,19,1.1428571428571428,0.46444444444444444,0.0,2.1994000000000002,9.702,6.0,0,20.346440584445332,,,4000.0,0.0,0.0,418.0,48.048048048048045,optimal
2021-02-13 07:30:00,10,19,1.1428571428571428,0.6966666666666667,0.0,3.0294666666666665,10.584,6.0,0,20.394561237318317,,,4000.0,0.0,0.0,627.0,48.0,optimal
2021-02-13 08:00:00,10,19,1.1428571428571428,0.3096296296296296,0.0,0.7758333333333334,10.143,6.0,0,20.451960734290207,,,4000.0,0.0,0.0,278.66666666666663,47.909153581893236,optimal
2021-02-13 08:30:00,10,19,0.0,0.5836518518518518,0.0,0.3918333333333333,13.0095,6.0,0,20.504653791780544,,,0.0,0.0,0.0,525.2866666666666,47.81839801020458,optimal
2021-02-13 09:00:00,10,19,1.1428571428571428,0.0,0.0,0.3097333333333333,11.025,6.0,0,20.463895265275,,,4000.0,0.0,0.0,0.0,47.72773319408761,optimal
2021-02-13 09:30:00,10,19,0.0,0.0,0.0,0.8913,12.789,6.0,0,20.493339089497645,,,0.0,0.0,0.0,0.0,47.63715904278676,optimal
2021-02-13 10:00:00,10,19,0.0,0.0,0.0,2.5726666666666667,12.1275,6.0,0,20.44249335178335,,,0.0,0.0,0.0,0.0,47.546675465637215,optimal
2021-02-13 10:30:00,10,19,0.0,0.0,0.0,1.8996,12.1695,6.0,0,20.39918994148939,,,0.0,0.0,0.0,0.0,47.45628237206481,optimal
2021-02-13 11:00:00,10,19,0.0,0.0,0.0,0.066,12.306,6.0,0,20.353435383609444,,,0.0,0.0,0.0,0.0,47.36597967158598,optimal
2021-02-13 11:30:00,10,19,0.0,0.0,0.0,0.06833333333333333,13.23,6.0,0,20.300523619146844,,,0.0,0.0,0.0,0.0,47.27576727380763,optimal
2021-02-13 12:00:00,10,19,0.0,0.0,0.0,0.14066666666666666,13.671,6.0,0,20.24787839850489,,,0.0,0.0,0.0,0.0,47.18564508842706,optimal
2021-02-13 12:30:00,10,19,0.0,0.0,0.0,0.1468,13.9335,6.0,0,20.19685944318721,,,0.0,0.0,0.0,0.0,47.09561302523187,optimal
2021-02-13 13:00:00,10,19,0.0,0.0,0.0,0.066,13.293,6.0,0,20.146503712606766,,,0.0,0.0,0.0,0.0,47.00567099409987,optimal
2021-02-13 13:30:00,10,19,0.0,0.0,0.0,0.21413333333333331,12.1065,6.0,0,20.094904914047504,,,0.0,0.0,0.0,0.0,46.91581890499901,optimal
2021-02-13 14:00:00,10,19,0.9376056922201057,0.0,0.0,0.07533333333333334,11.571,6.0,0,20.046691663966847,,,3281.6199227703696,0.0,0.0,0.0,46.826056667987245,optimal
2021-02-13 14:30:00,10,19,1.1428571428571428,0.0,0.0,0.20333333333333328,11.025,6.0,0,20.062171637276954,,,4000.0,0.0,0.0,0.0,46.736384193212494,optimal
2021-02-13 15:00:00,10,19,1.1428571428571428,0.035607407407407414,0.0,0.35403333333333337,10.8465,6.0,0,20.095105580958315,,,4000.0,0.0,0.0,32.046666666666674,46.64680139091252,optimal
2021-02-13 15:30:00,10,19,1.1428571428571428,0.0,0.0,0.7026,11.2455,6.0,0,20.135180281055632,,,4000.0,0.0,0.0,0.0,46.557308171414846,optimal
2021-02-13 16:00:00,10,19,0.0,4.721851851851852,0.0,3.9803,23.8665,6.0,0,20.18789178678247,,,0.0,0.0,0.0,4249.666666666667,46.46790444513667,optimal
2021-02-13 16:30:00,10,19,0.0,0.6966666666666667,0.0,2.472766666666667,27.4575,6.0,0,20.171994064910205,,,0.0,0.0,0.0,627.0,46.37859012258477,optimal
2021-02-13 17:00:00,10,19,0.0,0.6966666666666667,0.0,0.8067666666666666,27.3735,6.0,0,20.154881091421437,,,0.0,0.0,0.0,627.0,46.28936511435542,optimal
2021-02-13 17:30:00,10,19,0.0,0.46444444444444444,0.0,0.5637666666666666,30.4605,6.0,0,20.135073299208447,,,0.0,0.0,0.0,418.0,46.2002293311343,optimal
2021-02-13 18:00:00,10,19,0.0,0.774074074074074,0.0,2.125,30.0195,6.0,0,20.108539149012664,,,0.0,0.0,0.0,696.6666666666666,46.111182683696406,optimal
2021-02-13 18:30:00,10,19,0.0,0.0,0.0,3.2811666666666666,26.9325,6.0,0,20.088514003215657,,,0.0,0.0,0.0,0.0,46.02222508290595,optimal
2021-02-13 19:00:00,10,19,0.0,0.46444444444444444,0.0,2.6470333333333333,14.595,6.0,0,20.075281297245272,,,0.0,0.0,0.0,418.0,45.93335643971628,optimal
2021-02-13 19:30:00,10,19,0.0,0.9288888888888889,0.0,1.0803,12.4845,6.0,0,20.057941295690988,,,0.0,0.0,0.0,836.0,45.8445766651698,optimal
2021-02-13 20:00:00,10,19,0.0,0.0,0.0,1.8755666666666664,12.1275,6.0,0,20.029796336126935,,,0.0,0.0,0.0,0.0,45.755885670397866,optimal
2021-02-13 20:30:00,10,19,0.0,0.0,0.0,0.9312,12.1275,6.0,0,20.0,,,0.0,0.0,0.0,0.0,45.66728336662071,optimal
2021-02-13 21:00:00,10,19,0.0,0.0,0.0,0.5671666666666666,12.789,6.0,0,19.968961238426182,,,0.0,0.0,0.0,0.0,45.57876966514733,optimal
2021-02-13 21:30:00,10,19,0.0,0.5418518518518518,0.0,0.519,11.907,6.0,0,19.942795420688398,,,0.0,0.0,0.0,487.6666666666667,45.490344477375416,optimal
2021-02-13 22:00:00,10,19,0.0,1.6255555555555554,0.0,0.5993666666666667,11.025,6.0,0,19.91730532237361,,,0.0,0.0,0.0,1463.0,45.40200771479128,optimal
2021-02-13 22:30:00,10,19,0.0,1.433585185185185,0.0,0.665,8.2005,6.0,0,19.892742418364776,,,0.0,0.0,0.0,1290.2266666666667,45.31375928896973,optimal
2021-02-13 23:00:00,10,19,0.0,0.34678518518518525,0.0,0.5786,9.5655,6.0,0,19.870758740939046,,,0.0,0.0,0.0,312.10666666666674,45.268445529680754,optimal
2021-02-13 23:30:00,10,19,0.0,0.0,0.0,0.076,7.056,6.0,0,19.83460768554383,,,0.0,0.0,0.0,0.0,45.223177084151075,optimal
