time,run,dwelling_id,hp_elec_kw,boiler_gas_kw,ev_charge_kw,appliance_kw,tariff_elec_price,tariff_gas_price,tariff_offset_steps,Tin_C,T_tank_C,Q_hp_space_w,Q_bo_space_w,Q_hp_hw_w,Q_bo_hw_w,ev_soc_kwh,solve_status
2021-02-07 00:00:00,1,103,2.0,0.0,0.0,0.064,5.292,6.0,1,21.0,,7000.0,0.0,0.0,0.0,47.952,optimal
2021-02-07 00:30:00,1,103,0.0,0.0,0.0,0.064,9.261,6.0,1,21.072037029199485,,0.0,0.0,0.0,0.0,47.904048,optimal
2021-02-07 01:00:00,1,103,0.0,0.0,0.0,0.1470666666666666,10.3635,6.0,1,20.99594072630157,,0.0,0.0,0.0,0.0,47.856143952,optimal
2021-02-07 01:30:00,1,103,0.0,0.0,0.0,0.17,8.274,6.0,1,20.92148456712083,,0.0,0.0,0.0,0.0,47.80828780804799,optimal
2021-02-07 02:00:00,1,103,0.0277290648742651,0.0,0.0,0.1174,7.7175,6.0,1,20.84762211379592,,97.05172705992804,0.0,0.0,0.0,47.76047952023995,optimal
2021-02-07 02:30:00,1,103,2.0,0.0,0.0,0.0936666666666666,6.615,6.0,1,20.774803643835032,,7000.0,0.0,0.0,0.0,47.712719040719705,optimal
2021-02-07 03:00:00,1,103,2.0,0.0,0.0,0.1064,6.174,6.0,1,20.846672139781703,,7000.0,0.0,0.0,0.0,47.66500632167899,optimal
2021-02-07 03:30:00,1,103,2.0,0.0,0.0,0.2106666666666666,3.906,6.0,1,20.918028964738262,,7000.0,0.0,0.0,0.0,47.61734131535731,optimal
2021-02-07 04:00:00,1,103,2.0,0.0,0.0,0.1011,2.3415,6.0,1,20.991030088128564,,7000.0,0.0,0.0,0.0,47.56972397404195,optimal
2021-02-07 04:30:00,1,103,2.0,0.0,0.0,0.1329,2.205,6.0,1,21.06116677142225,,7000.0,0.0,0.0,0.0,47.52215425006791,optimal
2021-02-07 05:00:00,1,103,2.0,0.0,1.6128201843120924,0.1470666666666666,0.882,6.0,1,21.13165466979948,,7000.0,0.0,0.0,0.0,48.24072168336608,optimal
2021-02-07 05:30:00,1,103,2.0,0.0,0.0,0.1448333333333333,1.5435,6.0,1,21.202121001051115,,7000.0,0.0,0.0,0.0,48.19248096168271,optimal
2021-02-07 06:00:00,1,103,2.0,0.0,0.0,0.1479666666666666,1.5435,6.0,1,21.27219256912188,,7000.0,0.0,0.0,0.0,48.144288480721016,optimal
2021-02-07 06:30:00,1,103,2.0,0.0,0.0,0.1095999999999999,5.0715,6.0,1,21.34182976579174,,7000.0,0.0,0.0,0.0,48.096144192240295,optimal
2021-02-07 07:00:00,1,103,2.0,0.0,0.0,0.0793,5.376,6.0,1,21.410116572469523,,7000.0,0.0,0.0,0.0,48.048048048048045,optimal
2021-02-07 07:30:00,1,103,2.0,0.0,0.0,0.2910333333333333,5.0715,6.0,1,21.47722892206928,,7000.0,0.0,0.0,0.0,48.0,optimal
2021-02-07 08:00:00,1,103,2.0,0.0,0.0,0.0793333333333333,5.5125,6.0,1,21.55096391918909,,7000.0,0.0,0.0,0.0,47.64683388959648,optimal
2021-02-07 08:30:00,1,103,0.0,0.0,0.0,1.0692666666666668,9.261,6.0,1,21.623881775428963,,0.0,0.0,0.0,0.0,47.294020945303366,optimal
2021-02-07 09:00:00,1,103,0.0,0.0,0.0,1.4704666666666666,11.7075,6.0,1,21.552436131394465,,0.0,0.0,0.0,0.0,46.94156081395455,optimal
2021-02-07 09:30:00,1,103,0.0,0.0,0.0,0.7284333333333333,12.348,6.0,1,21.48716657652871,,0.0,0.0,0.0,0.0,46.58945314273707,optimal
2021-02-07 10:00:00,1,103,0.0,0.0,0.0,0.136,12.348,6.0,1,21.4093769900552,,0.0,0.0,0.0,0.0,46.237697579190815,optimal
2021-02-07 10:30:00,1,103,0.0,0.0,0.0,0.2791333333333333,12.1275,6.0,1,21.320897458540465,,0.0,0.0,0.0,0.0,45.8862937712081,optimal
2021-02-07 11:00:00,1,103,0.0,0.0,0.0,0.2972333333333333,12.5265,6.0,1,21.23498124565285,,0.0,0.0,0.0,0.0,45.53524136703337,optimal
2021-02-07 11:30:00,1,103,0.0,0.0,0.0,0.064,11.7495,6.0,1,21.14823532632889,,0.0,0.0,0.0,0.0,45.18454001526282,optimal
2021-02-07 12:00:00,1,103,0.0,0.0,0.0,0.2250666666666666,13.23,6.0,1,21.059730050350463,,0.0,0.0,0.0,0.0,44.83418936484404,optimal
2021-02-07 12:30:00,1,103,0.0,0.0,0.0,0.3039333333333333,14.3325,6.0,1,20.974981730477587,,0.0,0.0,0.0,0.0,44.48418906507568,optimal
2021-02-07 13:00:00,1,103,0.0,0.0,0.0,0.5521666666666666,14.994,6.0,1,20.89416558224601,,0.0,0.0,0.0,0.0,44.13453876560708,optimal
2021-02-07 13:30:00,1,103,0.0,0.0,0.0,0.4555,14.8155,6.0,1,20.82026765916049,,0.0,0.0,0.0,0.0,43.78523811643796,optimal
2021-02-07 14:00:00,1,103,0.0,0.0,0.0,0.2167666666666667,14.112,6.0,1,20.745205688211293,,0.0,0.0,0.0,0.0,43.436286767918006,optimal
2021-02-07 14:30:00,1,103,0.0,0.0,0.0,0.2185666666666666,14.007,6.0,1,20.666047717018586,,0.0,0.0,0.0,0.0,43.087684370746565,optimal
2021-02-07 15:00:00,1,103,0.0,0.0,0.0,0.3367333333333333,13.23,6.0,1,20.592812674632302,,0.0,0.0,0.0,0.0,42.7394305759723,optimal
2021-02-07 15:30:00,1,103,0.0,0.0,0.0,0.3516666666666667,11.382,6.0,1,20.531884943794854,,0.0,0.0,0.0,0.0,42.39152503499281,optimal
2021-02-07 16:00:00,1,103,0.0,0.0,0.0,0.244,11.7495,6.0,1,20.47602341963528,,0.0,0.0,0.0,0.0,42.0439673995543,optimal
2021-02-07 16:30:00,1,103,0.0,0.0,0.0,0.3401,24.3285,6.0,1,20.417381381982462,,0.0,0.0,0.0,0.0,41.69675732175122,optimal
2021-02-07 17:00:00,1,103,0.0,0.0,0.0,0.6359333333333332,28.917,6.0,1,20.36164108712697,,0.0,0.0,0.0,0.0,41.34989445402595,optimal
2021-02-07 17:30:00,1,103,0.0,0.0,0.0,0.476,31.3635,6.0,1,20.31737933886445,,0.0,0.0,0.0,0.0,41.0033784491684,optimal
2021-02-07 18:00:00,1,103,0.0,0.0,0.0,0.6548333333333334,33.306,6.0,1,20.267807778181403,,0.0,0.0,0.0,0.0,40.657208960315714,optimal
2021-02-07 18:30:00,1,103,0.0,0.0,0.0,0.7443,31.3425,6.0,1,20.217818049620146,,0.0,0.0,0.0,0.0,40.31138564095188,optimal
2021-02-07 19:00:00,1,103,0.0,0.0,0.0,0.4497333333333334,28.2555,6.0,1,20.16712697703222,,0.0,0.0,0.0,0.0,39.9659081449074,optimal
2021-02-07 19:30:00,1,103,0.0,0.0,0.0,0.4430666666666666,15.6975,6.0,1,20.10733231435471,,0.0,0.0,0.0,0.0,39.620776126358976,optimal
2021-02-07 20:00:00,1,103,0.0,0.0,0.0,0.7607666666666667,12.5475,6.0,1,20.052133376539263,,0.0,0.0,0.0,0.0,39.27598923982909,optimal
2021-02-07 20:30:00,1,103,0.0,0.0,0.0,0.4729666666666666,12.0855,6.0,1,20.0,,0.0,0.0,0.0,0.0,38.93154714018575,optimal
2021-02-07 21:00:00,1,103,0.0,0.0,0.0,0.6354,11.907,6.0,1,19.93756562075238,,0.0,0.0,0.0,0.0,38.58744948264204,optimal
2021-02-07 21:30:00,1,103,0.0,0.0,0.0,0.7063333333333334,12.5685,6.0,1,19.880049403447,,0.0,0.0,0.0,0.0,38.24369592275588,optimal
2021-02-07 22:00:00,1,103,0.0,0.0,0.0,0.5363333333333333,13.146,6.0,1,19.827891124386337,,0.0,0.0,0.0,0.0,37.900286116429605,optimal
2021-02-07 22:30:00,1,103,0.0,0.0,0.0,0.5086666666666667,10.584,6.0,1,19.77303013228276,,0.0,0.0,0.0,0.0,37.55721971990965,optimal
2021-02-07 23:00:00,1,103,0.0,0.0,0.0,0.5233,6.678,6.0,1,19.717088343005194,,0.0,0.0,0.0,0.0,37.21449638978623,optimal
2021-02-07 23:30:00,1,103,0.0,0.0,0.0,0.5417000000000001,7.938,6.0,1,19.66540272808572,,0.0,0.0,0.0,0.0,37.17728189339644,optimal
2021-02-08 00:00:00,1,103,2.0,0.0,0.0,0.0975999999999999,11.2455,6.0,2,19.66540272808572,,7000.0,0.0,0.0,0.0,37.14010461150304,optimal
2021-02-08 00:30:00,1,103,2.0,0.0,0.0,0.144,11.025,6.0,2,19.737388251112773,,5676.333333333333,0.0,1323.6666666666667,0.0,37.10296450689154,optimal
2021-02-08 01:00:00,1,103,2.0,0.0,4.2066183171124,0.057,5.9745,6.0,2,19.782160214440896,,7000.0,0.0,0.0,0.0,39.06400524301303,optimal
2021-02-08 01:30:00,1,103,2.0,0.0,0.0,0.1846,7.938,6.0,2,19.852761399230687,,7000.0,0.0,0.0,0.0,39.02494123777001,optimal
2021-02-08 02:00:00,1,103,2.0,0.0,0.0,0.1573333333333333,8.6835,6.0,2,19.925501486736174,,7000.0,0.0,0.0,0.0,38.98591629653224,optimal
2021-02-08 02:30:00,1,103,2.0,0.0,0.0,0.1382,7.665,6.0,2,19.997110766944783,,7000.0,0.0,0.0,0.0,38.9469303802357,optimal
2021-02-08 03:00:00,1,103,2.0,0.0,0.0,0.1177333333333333,6.7725,6.0,2,20.06821924823411,,7000.0,0.0,0.0,0.0,38.90798344985546,optimal
2021-02-08 03:30:00,1,103,2.0,0.0,5.0,0.1662,5.5755,6.0,2,20.13880113535959,,7000.0,0.0,0.0,0.0,41.2440754664056,optimal
2021-02-08 04:00:00,1,103,2.0,0.0,5.0,0.1614,5.0925,6.0,2,20.209856223810164,,7000.0,0.0,0.0,0.0,43.5778313909392,optimal
2021-02-08 04:30:00,1,103,2.0,0.0,5.0,0.057,4.1895,6.0,2,20.280261081765538,,7000.0,0.0,0.0,0.0,45.909253559548254,optimal
2021-02-08 05:00:00,1,103,2.0,0.0,0.0,0.1921333333333333,7.056,6.0,2,20.347695204357365,,7000.0,0.0,0.0,0.0,45.8633443059887,optimal
2021-02-08 05:30:00,1,103,2.0,0.0,5.0,0.1511333333333333,5.271,6.0,2,20.417214343220287,,7000.0,0.0,0.0,0.0,48.19248096168271,optimal
2021-02-08 06:00:00,1,103,2.0,0.0,0.0,0.1301666666666666,7.938,6.0,2,20.485300127730973,,7000.0,0.0,0.0,0.0,48.144288480721016,optimal
2021-02-08 06:30:00,1,103,2.0,0.0,0.0,0.3671666666666667,7.938,6.0,2,20.55225446795305,,7000.0,0.0,0.0,0.0,48.096144192240295,optimal
2021-02-08 07:00:00,1,103,2.0,0.0,0.0,0.9863,11.907,6.0,2,20.62557574039026,,7000.0,0.0,0.0,0.0,48.048048048048045,optimal
2021-02-08 07:30:00,1,103,2.0,0.0,0.0,1.3410333333333333,11.025,6.0,2,20.703405499179983,,7000.0,0.0,0.0,0.0,48.0,optimal
2021-02-08 08:00:00,1,103,2.0,0.0,0.0,0.4776333333333333,11.2875,6.0,2,20.78771789996135,,7000.0,0.0,0.0,0.0,47.69693861421089,optimal
2021-02-08 08:30:00,1,103,0.0,0.0,0.0,0.0583333333333333,12.936,6.0,2,20.866870023076554,,0.0,0.0,0.0,0.0,47.39418028980758,optimal
2021-02-08 09:00:00,1,103,0.0,0.0,0.0,0.2939333333333333,13.0095,6.0,2,20.776309758744592,,0.0,0.0,0.0,0.0,47.09172472372867,optimal
2021-02-08 09:30:00,1,103,0.0,0.0,0.0,0.057,13.671,6.0,2,20.690504759999666,,0.0,0.0,0.0,0.0,46.78957161321584,optimal
2021-02-08 10:00:00,1,103,0.0,0.0,0.0,0.1672,13.188,6.0,2,20.60097144411684,,0.0,0.0,0.0,0.0,46.48772065581351,optimal
2021-02-08 10:30:00,1,103,0.0,0.0,0.0,0.0774,13.8495,6.0,2,20.51484457151344,,0.0,0.0,0.0,0.0,46.1861715493686,optimal
2021-02-08 11:00:00,1,103,0.4167054255880145,0.0,0.0,0.1117,13.23,6.0,2,20.42647444894684,,1458.468989558051,0.0,0.0,0.0,45.88492399203013,optimal
2021-02-08 11:30:00,1,103,0.0,0.0,0.0,0.2402333333333333,13.3665,6.0,2,20.36910077627549,,0.0,0.0,0.0,0.0,45.58397768224899,optimal
2021-02-08 12:00:00,1,103,2.0,0.0,0.0,0.057,13.0515,6.0,2,20.28465587419252,,7000.0,0.0,0.0,0.0,45.28333231877764,optimal
2021-02-08 12:30:00,1,103,0.0,0.0,0.0,0.2142666666666667,13.5345,6.0,2,20.34454345901051,,0.0,0.0,0.0,0.0,44.98298760066976,optimal
2021-02-08 13:00:00,1,103,0.0,0.0,0.0,0.1386666666666666,14.154,6.0,2,20.261003311807027,,0.0,0.0,0.0,0.0,44.68294322727999,optimal
2021-02-08 13:30:00,1,103,0.0,0.0,0.0,0.1463333333333333,14.112,6.0,2,20.176968631601312,,0.0,0.0,0.0,0.0,44.3831988982636,optimal
2021-02-08 14:00:00,1,103,0.0,0.0,0.0,0.1549333333333333,14.2485,6.0,2,20.094091631283767,,0.0,0.0,0.0,0.0,44.08375431357623,optimal
2021-02-08 14:30:00,1,103,2.0,0.0,0.0,0.1,12.789,6.0,2,20.01227443707573,,7000.0,0.0,0.0,0.0,43.78460917347355,optimal
2021-02-08 15:00:00,1,103,2.0,0.0,0.0,0.0844,13.0095,6.0,2,20.076344404702304,,7000.0,0.0,0.0,0.0,43.48576317851097,optimal
2021-02-08 15:30:00,1,103,2.0,0.0,0.0,0.2712,12.1275,6.0,2,20.13890431302132,,7000.0,0.0,0.0,0.0,43.18721602954336,optimal
2021-02-08 16:00:00,1,103,2.0,0.0,0.0,0.057,12.348,6.0,2,20.20547277644854,,7000.0,0.0,0.0,0.0,42.88896742772471,optimal
2021-02-08 16:30:00,1,103,2.0,0.0,0.0,0.2635333333333333,12.348,6.0,2,20.267534259908373,,7000.0,0.0,0.0,0.0,42.59101707450788,optimal
2021-02-08 17:00:00,1,103,0.0,0.0,0.0,0.2288,25.389,6.0,2,20.350180885117226,,0.0,0.0,0.0,0.0,42.29336467164427,optimal
2021-02-08 17:30:00,1,103,0.0,0.0,0.0,0.5082333333333333,29.1375,6.0,2,20.29289971765752,,0.0,0.0,0.0,0.0,41.99600992118352,optimal
2021-02-08 18:00:00,1,103,0.0,0.0,0.0,0.6245333333333333,30.597,6.0,2,20.2334926398164,,0.0,0.0,0.0,0.0,41.69895252547323,optimal
2021-02-08 18:30:00,1,103,0.0,0.0,0.0,1.0113666666666667,33.684,6.0,2,20.18451954876312,,0.0,0.0,0.0,0.0,41.402192187158654,optimal
2021-02-08 19:00:00,1,103,0.0,0.0,0.0,1.1584333333333334,32.445,6.0,2,20.141639081563465,,0.0,0.0,0.0,0.0,41.10572860918239,optimal
2021-02-08 19:30:00,1,103,0.0,0.0,0.0,0.4191,28.917,6.0,2,20.113807210288385,,0.0,0.0,0.0,0.0,40.809561494784106,optimal
2021-02-08 20:00:00,1,103,0.0,0.0,0.0,0.2895666666666666,15.876,6.0,2,20.06100824134807,,0.0,0.0,0.0,0.0,40.51369054750022,optimal
2021-02-08 20:30:00,1,103,0.0,0.0,0.0,0.3006,12.348,6.0,2,20.0,,0.0,0.0,0.0,0.0,40.218115471163614,optimal
2021-02-08 21:00:00,1,103,0.0,0.0,0.0,0.4881999999999999,12.1275,6.0,2,19.9356390605529,,0.0,0.0,0.0,0.0,39.92283596990335,optimal
2021-02-08 21:30:00,1,103,0.0,0.0,0.0,0.248,12.348,6.0,2,19.881884423267543,,0.0,0.0,0.0,0.0,39.62785174814434,optimal
2021-02-08 22:00:00,1,103,0.0,0.0,0.0,0.1782333333333333,12.1275,6.0,2,19.82626848550728,,0.0,0.0,0.0,0.0,39.588223896396194,optimal
2021-02-08 22:30:00,1,103,0.0,0.0,0.0,0.1837,12.1275,6.0,2,19.74848253946456,,0.0,0.0,0.0,0.0,39.5486356724998,optimal
2021-02-08 23:00:00,1,103,0.0,0.0,0.0,0.067,11.2665,6.0,2,19.67093772500805,,0.0,0.0,0.0,0.0,39.509087036827296,optimal
2021-02-08 23:30:00,1,103,0.0,0.0,0.0,0.067,10.143,6.0,2,19.59106129004618,,0.0,0.0,0.0,0.0,39.46957794979047,optimal
2021-02-09 00:00:00,1,103,2.0,0.0,5.0,0.1373333333333333,10.689,6.0,-9,19.59106129004618,,7000.0,0.0,0.0,0.0,41.80510837184068,optimal
2021-02-09 00:30:00,1,103,2.0,0.0,5.0,0.0686666666666666,11.361,6.0,-9,19.660035721308468,,0.0,0.0,7000.0,0.0,44.13830326346884,optimal
2021-02-09 01:00:00,1,103,2.0,0.0,5.0,0.072,11.571,6.0,-9,19.58005558756657,,5013.0,0.0,1987.0,0.0,46.469164960205376,optimal
2021-02-09 01:30:00,1,103,2.0,0.0,0.0,0.256,14.3745,6.0,-9,19.60619082681048,,7000.0,0.0,0.0,0.0,46.42269579524517,optimal
2021-02-09 02:00:00,1,103,2.0,0.0,4.536649845774001,0.072,13.23,6.0,-9,19.6774542658382,,7000.0,0.0,0.0,0.0,48.53118177619257,optimal
2021-02-09 02:30:00,1,103,2.0,0.0,0.0,0.2336,13.9755,6.0,-9,19.74406746193075,,7000.0,0.0,0.0,0.0,48.48265059441637,optimal
2021-02-09 03:00:00,1,103,1.3318761131231729,0.0,0.0,0.0944,14.994,6.0,-9,19.81400703512433,,4661.566395931105,0.0,0.0,0.0,48.434167943821954,optimal
2021-02-09 03:30:00,1,103,2.0,0.0,0.0,0.2,13.671,6.0,-9,19.831700951031173,,7000.0,0.0,0.0,0.0,48.38573377587813,optimal
2021-02-09 04:00:00,1,103,0.0,0.0,0.0,0.128,15.981,6.0,-9,19.901216167599696,,0.0,0.0,0.0,0.0,48.33734804210225,optimal
2021-02-09 04:30:00,1,103,0.0,0.0,0.0,0.1392,15.6345,6.0,-9,19.82200119993267,,0.0,0.0,0.0,0.0,48.28901069406015,optimal
2021-02-09 05:00:00,1,103,0.0,0.0,0.0,0.1888,16.5375,6.0,-9,19.742927701734416,,0.0,0.0,0.0,0.0,48.24072168336608,optimal
2021-02-09 05:30:00,1,103,2.0,0.0,0.0,0.092,14.7735,6.0,-9,19.664803366862703,,7000.0,0.0,0.0,0.0,48.19248096168271,optimal
2021-02-09 06:00:00,1,103,2.0,0.0,0.0,0.124,15.2145,6.0,-9,19.73234863250732,,7000.0,0.0,0.0,0.0,48.144288480721016,optimal
2021-02-09 06:30:00,1,103,2.0,0.0,0.0,0.2388333333333333,14.553,6.0,-9,19.800261079756908,,7000.0,0.0,0.0,0.0,48.096144192240295,optimal
2021-02-09 07:00:00,1,103,2.0,0.0,0.0,0.2562,14.3325,6.0,-9,19.87296154208981,,7000.0,0.0,0.0,0.0,48.048048048048045,optimal
2021-02-09 07:30:00,1,103,2.0,0.0,0.0,0.3658666666666667,14.595,6.0,-9,19.949820642694924,,7000.0,0.0,0.0,0.0,48.0,optimal
2021-02-09 08:00:00,1,103,2.0,0.0,0.0,0.4050666666666667,14.994,6.0,-9,20.030168164451982,,7000.0,0.0,0.0,0.0,47.60810040663788,optimal
2021-02-09 08:30:00,1,103,2.0,0.0,0.0,0.3409666666666666,14.3325,6.0,-9,20.111340140219404,,7000.0,0.0,0.0,0.0,47.21659271286913,optimal
2021-02-09 09:00:00,1,103,2.0,0.0,0.0,0.3302666666666666,13.8915,6.0,-9,20.183696910074403,,7000.0,0.0,0.0,0.0,46.82547652679414,optimal
2021-02-09 09:30:00,1,103,2.0,0.0,0.0,0.2253,13.8915,6.0,-9,20.25338448853088,,7000.0,0.0,0.0,0.0,46.43475145690523,optimal
2021-02-09 10:00:00,1,103,2.0,0.0,0.0,0.3898666666666667,13.4715,6.0,-9,20.320974095503008,,7000.0,0.0,0.0,0.0,46.04441711208621,optimal
2021-02-09 10:30:00,1,103,2.0,0.0,0.0,0.4651,13.23,6.0,-9,20.39305420481781,,7000.0,0.0,0.0,0.0,45.654473101612005,optimal
2021-02-09 11:00:00,1,103,2.0,0.0,0.0,0.356,13.8915,6.0,-9,20.46719538286577,,7000.0,0.0,0.0,0.0,45.264919035148274,optimal
2021-02-09 11:30:00,1,103,0.0,0.0,0.0,1.4741,26.9325,6.0,-9,20.539774627639943,,0.0,0.0,0.0,0.0,44.87575452275101,optimal
2021-02-09 12:00:00,1,103,0.0,0.0,0.0,0.2986,30.303,6.0,-9,20.471506586560228,,0.0,0.0,0.0,0.0,44.48697917486614,optimal
2021-02-09 12:30:00,1,103,0.0,0.0,0.0,0.2434,32.886,6.0,-9,20.39542411384026,,0.0,0.0,0.0,0.0,44.09859260232916,optimal
2021-02-09 13:00:00,1,103,0.0,0.0,0.0,0.3283333333333333,34.9965,6.0,-9,20.323793546313382,,0.0,0.0,0.0,0.0,43.71059441636472,optimal
2021-02-09 13:30:00,1,103,0.0,0.0,0.0,0.112,33.327,6.0,-9,20.251003699078662,,0.0,0.0,0.0,0.0,43.32298422858623,optimal
2021-02-09 14:00:00,1,103,0.0,0.0,0.0,0.156,31.122,6.0,-9,20.1666482994229,,0.0,0.0,0.0,0.0,42.93576165099552,optimal
2021-02-09 14:30:00,1,103,0.0,0.0,0.0,0.144,17.9025,6.0,-9,20.083374976903308,,0.0,0.0,0.0,0.0,42.54892629598241,optimal
2021-02-09 15:00:00,1,103,1.1501534352440512,0.0,0.0,0.072,15.6555,6.0,-9,20.0,,4025.5370233541794,0.0,0.0,0.0,42.16247777632431,optimal
2021-02-09 15:30:00,1,103,1.1501534352440512,0.0,0.0,0.072,14.553,6.0,-9,20.0,,4025.5370233541794,0.0,0.0,0.0,41.77641570518587,optimal
2021-02-09 16:00:00,1,103,1.1147248901245528,0.0,0.0,0.196,14.3325,6.0,-9,20.0,,3901.537115435935,0.0,0.0,0.0,41.390739696118565,optimal
2021-02-09 16:30:00,1,103,1.1091491338683912,0.0,0.0,0.1796666666666666,13.335,6.0,-9,20.0,,3882.021968539369,0.0,0.0,0.0,41.00544936306033,optimal
2021-02-09 17:00:00,1,103,2.0,0.0,0.0,0.2635,12.1275,6.0,-9,20.0,,6233.666666666667,0.0,766.3333333333334,0.0,40.62054432033515,optimal
2021-02-09 17:30:00,1,103,0.3590386849074944,0.0,0.0,0.1799666666666666,12.2955,6.0,-9,20.0550775447953,,1256.6353971762303,0.0,0.0,0.0,40.2360241826527,optimal
2021-02-09 18:00:00,1,103,1.154212375892528,0.0,0.0,0.144,11.6865,6.0,-9,20.0,,4039.743315623848,0.0,0.0,0.0,39.85188856510793,optimal
2021-02-09 18:30:00,1,103,1.139705015925336,0.0,0.0,0.184,11.466,6.0,-9,20.0,,3988.9675557386754,0.0,0.0,0.0,39.4681370831807,optimal
2021-02-09 19:00:00,1,103,1.5545801939753303,0.0,0.0,0.144,10.8045,6.0,-9,20.0,,4465.697345580324,0.0,975.3333333333334,0.0,39.0847693527354,optimal
2021-02-09 19:30:00,1,103,2.0,0.0,0.0,0.1168,10.584,6.0,-9,20.009420174318723,,7000.0,0.0,0.0,0.0,38.70178499002055,optimal
2021-02-09 20:00:00,1,103,0.0,0.0,0.0,0.1748666666666666,11.2455,6.0,-9,20.071573145590254,,0.0,0.0,0.0,0.0,38.319183611668414,optimal
2021-02-09 20:30:00,1,103,0.0,0.0,0.0,0.5577333333333333,12.1275,6.0,-9,20.0,,0.0,0.0,0.0,0.0,37.93696483469463,optimal
2021-02-09 21:00:00,1,103,0.0,0.0,0.0,0.4767666666666666,11.823,6.0,-9,19.938367002523773,,0.0,0.0,0.0,0.0,37.55512827649782,optimal
2021-02-09 21:30:00,1,103,0.0,0.0,0.0,0.4393,11.7705,6.0,-9,19.876214017758745,,0.0,0.0,0.0,0.0,37.51757314822133,optimal
2021-02-09 22:00:00,1,103,0.0,0.0,0.0,0.3488666666666666,11.13,6.0,-9,19.8152881006978,,0.0,0.0,0.0,0.0,37.4800555750731,optimal
2021-02-09 22:30:00,1,103,0.0,0.0,0.0,0.4056666666666667,11.6865,6.0,-9,19.74824621404188,,0.0,0.0,0.0,0.0,37.44257551949803,optimal
2021-02-09 23:00:00,1,103,0.0597142857142857,0.0,0.0,0.3020333333333334,10.7205,6.0,-9,19.681794250441985,,0.0,0.0,209.0,0.0,37.40513294397853,optimal
2021-02-09 23:30:00,1,103,0.0,0.0,0.0,0.184,11.424,6.0,-9,19.60990560856953,,0.0,0.0,0.0,0.0,37.36772781103455,optimal
2021-02-10 00:00:00,1,103,2.0,0.0,0.0,0.2814666666666666,11.508,6.0,-5,19.60990560856953,,7000.0,0.0,0.0,0.0,37.33036008322351,optimal
2021-02-10 00:30:00,1,103,2.0,0.0,0.0,0.071,11.508,6.0,-5,19.68003014409094,,0.0,0.0,7000.0,0.0,37.293029723140286,optimal
2021-02-10 01:00:00,1,103,2.0,0.0,5.0,0.1398,10.4475,6.0,-5,19.59668743039008,,6753.908153342202,0.0,246.0918466577979,0.0,39.63073669341715,optimal
2021-02-10 01:30:00,1,103,2.0,0.0,5.0,0.2221999999999999,10.8675,6.0,-5,19.656995188896524,,7000.0,0.0,0.0,0.0,41.96610595672373,optimal
2021-02-10 02:00:00,1,103,2.0,0.0,5.0,0.066,10.542,6.0,-5,19.723490569286348,,7000.0,0.0,0.0,0.0,44.299139850767006,optimal
2021-02-10 02:30:00,1,103,2.0,0.0,3.7935786432175473,0.2120999999999999,11.025,6.0,-5,19.785942539247724,,7000.0,0.0,0.0,0.0,46.056790566444576,optimal
2021-02-10 03:00:00,1,103,2.0,0.0,5.0,0.1499,11.025,6.0,-5,19.85118664901206,,7000.0,0.0,0.0,0.0,48.38573377587813,optimal
2021-02-10 03:30:00,1,103,2.0,0.0,0.0,0.0873,14.553,6.0,-5,19.914825431580034,,7000.0,0.0,0.0,0.0,48.33734804210225,optimal
2021-02-10 04:00:00,1,103,2.0,0.0,0.0,0.2747,13.0935,6.0,-5,19.9768577496488,,7000.0,0.0,0.0,0.0,48.28901069406015,optimal
2021-02-10 04:30:00,1,103,2.0,0.0,0.0,0.066,15.6345,6.0,-5,20.04255349319058,,7000.0,0.0,0.0,0.0,48.24072168336608,optimal
2021-02-10 05:00:00,1,103,0.0,0.0,0.0,0.066,18.102,6.0,-5,20.10310430759266,,0.0,0.0,0.0,0.0,48.19248096168271,optimal
2021-02-10 05:30:00,1,103,2.0,0.0,0.0,0.0701,17.199,6.0,-5,20.015573899210448,,7000.0,0.0,0.0,0.0,48.144288480721016,optimal
2021-02-10 06:00:00,1,103,0.0,0.0,0.0,0.3665666666666666,18.2805,6.0,-5,20.07542608158438,,0.0,0.0,0.0,0.0,48.096144192240295,optimal
2021-02-10 06:30:00,1,103,1.0274767191234544,0.0,0.0,0.2452666666666667,17.4615,6.0,-5,19.99619154150159,,3596.16851693209,0.0,0.0,0.0,48.048048048048045,optimal
2021-02-10 07:00:00,1,103,0.0,0.0,0.0,0.5035333333333334,18.3225,6.0,-5,20.0000720345476,,0.0,0.0,0.0,0.0,48.0,optimal
2021-02-10 07:30:00,1,103,2.0,0.0,0.0,0.3388,17.094,6.0,-5,19.92967542443297,,7000.0,0.0,0.0,0.0,47.85861933924867,optimal
2021-02-10 08:00:00,1,103,2.0,0.0,0.0,0.4579666666666666,17.094,6.0,-5,20.0,,7000.0,0.0,0.0,0.0,47.71738005915809,optimal
2021-02-10 08:30:00,1,103,2.0,0.0,0.0,1.620266666666667,17.094,6.0,-5,20.07003341111118,,7000.0,0.0,0.0,0.0,47.5762820183476,optimal
2021-02-10 09:00:00,1,103,2.0,0.0,0.0,2.340133333333333,17.3565,6.0,-5,20.14652599478837,,7000.0,0.0,0.0,0.0,47.43532507557792,optimal
2021-02-10 09:30:00,1,103,2.0,0.0,0.0,2.866,17.115,6.0,-5,20.22162611749451,,7000.0,0.0,0.0,0.0,47.29450908975102,optimal
2021-02-10 10:00:00,1,103,2.0,0.0,0.0,0.8907333333333334,17.241,6.0,-5,20.298674479758336,,7000.0,0.0,0.0,0.0,47.153833919909935,optimal
2021-02-10 10:30:00,1,103,2.0,0.0,0.0,0.1653333333333333,17.094,6.0,-5,20.3693515440123,,7000.0,0.0,0.0,0.0,47.0132994252387,optimal
2021-02-10 11:00:00,1,103,2.0,0.0,0.0,0.2425999999999999,16.5165,6.0,-5,20.431140325433628,,7000.0,0.0,0.0,0.0,46.87290546506213,optimal
2021-02-10 11:30:00,1,103,2.0,0.0,0.0,0.1394,17.8185,6.0,-5,20.49312089550529,,7000.0,0.0,0.0,0.0,46.73265189884574,optimal
2021-02-10 12:00:00,1,103,2.0,0.0,0.0,0.117,17.094,6.0,-5,20.55310154558487,,7000.0,0.0,0.0,0.0,46.592538586195566,optimal
2021-02-10 12:30:00,1,103,2.0,0.0,0.0,0.1088,16.8945,6.0,-5,20.612792223395804,,7000.0,0.0,0.0,0.0,46.45256538685804,optimal
2021-02-10 13:00:00,1,103,1.083444399221115,0.0,0.0,0.2608999999999999,18.123,6.0,-5,20.67203949019132,,3792.0553972739017,0.0,0.0,0.0,46.312732160719854,optimal
2021-02-10 13:30:00,1,103,0.0,0.0,0.0,0.1211,31.647,6.0,-5,20.666691195546,,0.0,0.0,0.0,0.0,46.1730387678078,optimal
2021-02-10 14:00:00,1,103,0.0,0.0,0.0,0.1238,34.9965,6.0,-5,20.57950734141686,,0.0,0.0,0.0,0.0,46.03348506828867,optimal
2021-02-10 14:30:00,1,103,0.0,0.0,0.0,0.3475333333333333,34.9965,6.0,-5,20.493683185208724,,0.0,0.0,0.0,0.0,45.894070922469055,optimal
2021-02-10 15:00:00,1,103,0.0,0.0,0.0,0.3437666666666666,34.9965,6.0,-5,20.41466314691373,,0.0,0.0,0.0,0.0,45.75479619079525,optimal
2021-02-10 15:30:00,1,103,0.0,0.0,0.0,0.2095999999999999,34.9965,6.0,-5,20.3401485265417,,0.0,0.0,0.0,0.0,45.61566073385313,optimal
2021-02-10 16:00:00,1,103,0.0,0.0,0.0,0.1683,34.9965,6.0,-5,20.256309052517967,,0.0,0.0,0.0,0.0,45.47666441236795,optimal
2021-02-10 16:30:00,1,103,0.0,0.0,0.0,0.1435,27.741,6.0,-5,20.171073211295163,,0.0,0.0,0.0,0.0,45.337807087204254,optimal
2021-02-10 17:00:00,1,103,0.0,0.0,0.0,0.2385,19.026,6.0,-5,20.084794671373423,,0.0,0.0,0.0,0.0,45.19908861936572,optimal
2021-02-10 17:30:00,1,103,1.1890348805770503,0.0,0.0,0.076,18.7215,6.0,-5,20.0,,4161.622082019676,0.0,0.0,0.0,45.06050886999503,optimal
2021-02-10 18:00:00,1,103,1.1263275300468425,0.0,0.0,0.2847,17.4195,6.0,-5,20.0,,3942.146355163948,0.0,0.0,0.0,44.9220677003737,optimal
2021-02-10 18:30:00,1,103,1.2045006954983468,0.0,0.0,0.0973,16.758,6.0,-5,20.0,,4215.752434244214,0.0,0.0,0.0,44.783764971922,optimal
2021-02-10 19:00:00,1,103,2.0,0.0,0.0,0.1365333333333333,14.217,6.0,-5,20.0,,4144.425179991132,0.0,2855.5748200088683,0.0,44.64560054619874,optimal
2021-02-10 19:30:00,1,103,1.0598106607856308,0.0,0.0,0.8394666666666667,13.3665,6.0,-5,20.0,,3430.670646083041,0.0,278.66666666666663,0.0,44.50757428490122,optimal
2021-02-10 20:00:00,1,103,1.1550141272880283,0.0,0.0,0.6623,12.789,6.0,-5,20.0,,3694.216112174765,0.0,348.3333333333333,0.0,44.36968604986499,optimal
2021-02-10 20:30:00,1,103,0.0995238095238095,0.0,0.0,0.3017333333333333,11.907,6.0,-5,20.0,,0.0,0.0,348.3333333333333,0.0,44.2319357030638,optimal
2021-02-10 21:00:00,1,103,0.0,0.0,0.0,0.2556,11.7075,6.0,-5,19.91683141320195,,0.0,0.0,0.0,0.0,44.18770376736073,optimal
2021-02-10 21:30:00,1,103,0.0199047619047619,0.0,0.0,0.4230333333333334,10.8045,6.0,-5,19.839444987530435,,0.0,0.0,69.66666666666666,0.0,44.14351606359337,optimal
2021-02-10 22:00:00,1,103,0.0,0.0,0.0,0.4709666666666666,11.508,6.0,-5,19.7597622622825,,0.0,0.0,0.0,0.0,44.099372547529775,optimal
2021-02-10 22:30:00,1,103,0.0,0.0,0.0,0.5116,11.508,6.0,-5,19.67139643610765,,0.0,0.0,0.0,0.0,44.05527317498225,optimal
2021-02-10 23:00:00,1,103,0.0,0.0,0.0,0.2989,11.508,6.0,-5,19.58370349419807,,0.0,0.0,0.0,0.0,44.011217901807264,optimal
2021-02-10 23:30:00,1,103,0.0,0.0,0.0,0.076,11.844,6.0,-5,19.486435852090697,,0.0,0.0,0.0,0.0,43.96720668390546,optimal
2021-02-11 00:00:00,1,103,2.0,0.0,0.0,0.1034666666666666,11.025,6.0,-6,19.486435852090697,,6582.0,0.0,418.0,0.0,43.92323947722156,optimal
2021-02-11 00:30:00,1,103,2.0,0.0,5.0,0.3409333333333333,10.584,6.0,-6,19.53002067825656,,0.0,0.0,7000.0,0.0,46.254316237744334,optimal
2021-02-11 01:00:00,1,103,2.0,0.0,0.0904223763663331,0.6331,11.025,6.0,-6,19.44027204581137,,4734.333333333334,0.0,2265.6666666666656,0.0,46.25101255028059,optimal
2021-02-11 01:30:00,1,103,2.0,0.0,5.0,0.06,10.4265,6.0,-6,19.451909272360897,,7000.0,0.0,0.0,0.0,48.57976153773031,optimal
2021-02-11 02:00:00,1,103,2.0,0.0,0.0,0.06,12.789,6.0,-6,19.499603363557096,,7000.0,0.0,0.0,0.0,48.53118177619257,optimal
2021-02-11 02:30:00,1,103,2.0,0.0,0.0,0.06,12.684,6.0,-6,19.54708108179007,,7000.0,0.0,0.0,0.0,48.48265059441637,optimal
2021-02-11 03:00:00,1,103,2.0,0.0,0.0,0.06,16.254,6.0,-6,19.59388974039524,,7000.0,0.0,0.0,0.0,48.434167943821954,optimal
2021-02-11 03:30:00,1,103,2.0,0.0,0.0,0.06,17.64,6.0,-6,19.640032374683923,,7000.0,0.0,0.0,0.0,48.38573377587813,optimal
2021-02-11 04:00:00,1,103,2.0,0.0,0.0,0.06,19.1625,6.0,-6,19.68709984517743,,7000.0,0.0,0.0,0.0,48.33734804210225,optimal
2021-02-11 04:30:00,1,103,2.0,0.0,0.0,0.06,26.46,6.0,-6,19.735087956187257,,7000.0,0.0,0.0,0.0,48.28901069406015,optimal
2021-02-11 05:00:00,1,103,2.0,0.0,0.0,0.06,20.79,6.0,-6,19.782858360359228,,7000.0,0.0,0.0,0.0,48.24072168336608,optimal
2021-02-11 05:30:00,1,103,0.4336838232136365,0.0,0.0,0.0636666666666666,29.106,6.0,-6,19.83041204536021,,1517.8933812477278,0.0,0.0,0.0,48.19248096168271,optimal
2021-02-11 06:00:00,1,103,2.0,0.0,0.0,0.07,19.1835,6.0,-6,19.76348358509705,,7000.0,0.0,0.0,0.0,48.144288480721016,optimal
2021-02-11 06:30:00,1,103,2.0,0.0,0.0,0.0626666666666666,19.6665,6.0,-6,19.813393508708096,,7000.0,0.0,0.0,0.0,48.096144192240295,optimal
2021-02-11 07:00:00,1,103,2.0,0.0,0.0,1.9468333333333327,19.404,6.0,-6,19.86421117752729,,7000.0,0.0,0.0,0.0,48.048048048048045,optimal
2021-02-11 07:30:00,1,103,2.0,0.0,0.0,0.312,19.047,6.0,-6,19.932531912816728,,7000.0,0.0,0.0,0.0,48.0,optimal
2021-02-11 08:00:00,1,103,2.0,0.0,0.0,4.283266666666666,18.858,6.0,-6,20.0,,5746.0,0.0,1254.0,0.0,47.9336541390607,optimal
2021-02-11 08:30:00,1,103,0.709929780080984,0.0,0.0,0.381,19.2675,6.0,-6,20.068849738377764,,2484.754230283444,0.0,0.0,0.0,47.86737462398234,optimal
2021-02-11 09:00:00,1,103,2.0,0.0,0.0,0.07,18.963,6.0,-6,20.030968761333305,,7000.0,0.0,0.0,0.0,47.80116138841906,optimal
2021-02-11 09:30:00,1,103,2.0,0.0,0.0,0.07,18.438,6.0,-6,20.07572149309295,,7000.0,0.0,0.0,0.0,47.73501436609134,optimal
2021-02-11 10:00:00,1,103,2.0,0.0,0.0,0.07,18.7425,6.0,-6,20.127756722525337,,7000.0,0.0,0.0,0.0,47.66893349078595,optimal
2021-02-11 10:30:00,1,103,2.0,0.0,0.0,0.07,15.2145,6.0,-6,20.187041413566128,,7000.0,0.0,0.0,0.0,47.60291869635587,optimal
2021-02-11 11:00:00,1,103,2.0,0.0,0.0,0.07,17.7765,6.0,-6,20.24333513908829,,7000.0,0.0,0.0,0.0,47.53696991672022,optimal
2021-02-11 11:30:00,1,103,2.0,0.0,0.0,0.07,16.758,6.0,-6,20.296651469986667,,7000.0,0.0,0.0,0.0,47.4710870858642,optimal
2021-02-11 12:00:00,1,103,2.0,0.0,0.0,0.07,16.422,6.0,-6,20.353128433704203,,7000.0,0.0,0.0,0.0,47.40527013783903,optimal
2021-02-11 12:30:00,1,103,2.0,0.0,0.0,0.07,16.758,6.0,-6,20.41275169286398,,7000.0,0.0,0.0,0.0,47.3395190067619,optimal
2021-02-11 13:00:00,1,103,0.0,0.0,0.0,0.1506666666666666,29.358,6.0,-6,20.47505330402988,,0.0,0.0,0.0,0.0,47.27383362681584,optimal
2021-02-11 13:30:00,1,103,0.0,0.0,0.0,1.3684,34.9965,6.0,-6,20.395397797114462,,0.0,0.0,0.0,0.0,47.20821393224972,optimal
2021-02-11 14:00:00,1,103,0.0,0.0,0.0,1.1833,34.65,6.0,-6,20.324800740113524,,0.0,0.0,0.0,0.0,47.14265985737817,optimal
2021-02-11 14:30:00,1,103,0.0,0.0,0.0,0.2279333333333333,34.9965,6.0,-6,20.256041234954075,,0.0,0.0,0.0,0.0,47.07717133658149,optimal
2021-02-11 15:00:00,1,103,0.0,0.0,0.0,0.4137,34.9965,6.0,-6,20.183940154360474,,0.0,0.0,0.0,0.0,47.01174830430561,optimal
2021-02-11 15:30:00,1,103,0.0,0.0,0.0,0.7587,30.4815,6.0,-6,20.11836908899536,,0.0,0.0,0.0,0.0,46.94639069506201,optimal
2021-02-11 16:00:00,1,103,0.0,0.0,0.0,2.9926666666666666,21.4305,6.0,-6,20.048143689008324,,0.0,0.0,0.0,0.0,46.881098443427646,optimal
2021-02-11 16:30:00,1,103,0.8868175590109075,0.0,0.0,3.942733333333333,14.3325,6.0,-6,20.0,,2894.8614565381763,0.0,209.0,0.0,46.81587148404492,optimal
2021-02-11 17:00:00,1,103,1.9548638552321207,0.0,0.0,4.4662,13.692,6.0,-6,20.0,,6215.023493312425,0.0,627.0,0.0,46.75070975162158,optimal
2021-02-11 17:30:00,1,103,0.0,0.0,0.0,2.0742,14.007,6.0,-6,20.075932011875302,,0.0,0.0,0.0,0.0,46.68561318093066,optimal
2021-02-11 18:00:00,1,103,1.126326369389547,0.0,0.0,0.2724333333333333,12.873,6.0,-6,20.0,,3942.142292863416,0.0,0.0,0.0,46.62058170681043,optimal
2021-02-11 18:30:00,1,103,1.2850791078787545,0.0,0.0,0.221,12.684,6.0,-6,20.0,,4149.443544242307,0.0,348.3333333333333,0.0,46.55561526416432,optimal
2021-02-11 19:00:00,1,103,1.1352947035108203,0.0,0.0,1.5463333333333331,12.306,6.0,-6,20.0,,3416.198128954538,0.0,557.3333333333333,0.0,46.49071378796086,optimal
2021-02-11 19:30:00,1,103,2.0,0.0,0.0,1.1631333333333334,10.6365,6.0,-6,20.0,,6791.0,0.0,209.0,0.0,46.4258772132336,optimal
2021-02-11 20:00:00,1,103,0.3238185730356818,0.0,0.0,2.454533333333333,11.2455,6.0,-6,20.062790343226496,,1133.3650056248862,0.0,0.0,0.0,46.36110547508107,optimal
2021-02-11 20:30:00,1,103,0.0,0.0,0.0,1.076733333333333,11.2455,6.0,-6,20.0,,0.0,0.0,0.0,0.0,46.29639850866669,optimal
2021-02-11 21:00:00,1,103,0.1194285714285714,0.0,0.0,1.1697,11.025,6.0,-6,19.90218841861494,,0.0,0.0,418.0,0.0,46.250102110158025,optimal
2021-02-11 21:30:00,1,103,0.0,0.0,0.0,2.0212,12.0855,6.0,-6,19.805764158786687,,0.0,0.0,0.0,0.0,46.20385200804787,optimal
2021-02-11 22:00:00,1,103,0.0,0.0,0.0,1.9988666666666663,11.6865,6.0,-6,19.71115250493293,,0.0,0.0,0.0,0.0,46.15764815603982,optimal
2021-02-11 22:30:00,1,103,0.0,0.0,0.0,0.5157,11.2245,6.0,-6,19.61736505667968,,0.0,0.0,0.0,0.0,46.11149050788378,optimal
2021-02-11 23:00:00,1,103,0.0,0.0,0.0,1.8127666666666669,11.025,6.0,-6,19.525692265773888,,0.0,0.0,0.0,0.0,46.065379017375896,optimal
2021-02-11 23:30:00,1,103,0.0,0.0,0.0,2.311833333333333,10.7835,6.0,-6,19.43486670665132,,0.0,0.0,0.0,0.0,46.01931363835852,optimal
2021-02-12 00:00:00,1,103,2.0,0.0,0.0,0.0494,12.789,6.0,8,19.43486670665132,,7000.0,0.0,0.0,0.0,45.97329432472016,optimal
2021-02-12 00:30:00,1,103,2.0,0.0,0.0,0.1774,12.1275,6.0,8,19.46878375346236,,483.96794995395067,0.0,6516.032050046049,0.0,45.92732103039544,optimal
2021-02-12 01:00:00,1,103,1.3894439730902524,0.0,0.0,0.043,13.671,6.0,8,19.368076249637355,,4863.053905815883,0.0,0.0,0.0,45.88139370936504,optimal
2021-02-12 01:30:00,1,103,2.0,0.0,0.0,0.1859333333333333,10.668,6.0,8,19.35717799420668,,7000.0,0.0,0.0,0.0,45.83551231565568,optimal
2021-02-12 02:00:00,1,103,2.0,0.0,0.0,0.1454,11.7285,6.0,8,19.3947752406896,,7000.0,0.0,0.0,0.0,45.78967680334002,optimal
2021-02-12 02:30:00,1,103,2.0,0.0,0.0,0.1475333333333333,11.025,6.0,8,19.431802345474576,,7000.0,0.0,0.0,0.0,45.74388712653669,optimal
2021-02-12 03:00:00,1,103,2.0,0.0,0.0,0.1581999999999999,10.689,6.0,8,19.47006738240699,,7000.0,0.0,0.0,0.0,45.69814323941015,optimal
2021-02-12 03:30:00,1,103,2.0,0.0,5.0,0.0686,8.1585,6.0,8,19.509744365528007,,7000.0,0.0,0.0,0.0,48.02744509617074,optimal
2021-02-12 04:00:00,1,103,2.0,0.0,0.0,0.1475333333333333,10.3635,6.0,8,19.550530908182896,,7000.0,0.0,0.0,0.0,47.97941765107457,optimal
2021-02-12 04:30:00,1,103,2.0,0.0,0.0,0.043,10.8045,6.0,8,19.59596967204816,,7000.0,0.0,0.0,0.0,47.93143823342349,optimal
2021-02-12 05:00:00,1,103,2.0,0.0,0.0,0.2062,11.025,6.0,8,19.642177503319065,,7000.0,0.0,0.0,0.0,47.88350679519007,optimal
2021-02-12 05:30:00,1,103,2.0,0.0,0.0,0.1251333333333333,10.3635,6.0,8,19.694786808831594,,7000.0,0.0,0.0,0.0,47.83562328839488,optimal
2021-02-12 06:00:00,1,103,2.0,0.0,0.0,0.043,10.8045,6.0,8,19.749080302460143,,7000.0,0.0,0.0,0.0,47.787787665106485,optimal
2021-02-12 06:30:00,1,103,2.0,0.0,0.5473686790707845,0.2922,10.059,6.0,8,19.80502788980913,,7000.0,0.0,0.0,0.0,48.0,optimal
2021-02-12 07:00:00,1,103,2.0,0.0,0.0,0.2240666666666666,10.584,6.0,8,19.872266087175447,,7000.0,0.0,0.0,0.0,47.917496664594914,optimal
2021-02-12 07:30:00,1,103,2.0,0.0,0.0,0.0606,9.4185,6.0,8,19.94152359402228,,7000.0,0.0,0.0,0.0,47.835075832525234,optimal
2021-02-12 08:00:00,1,103,2.0,0.0,0.0,0.1092666666666666,10.3635,6.0,8,20.0,,4326.176849170849,0.0,2673.823150829151,0.0,47.75273742128763,optimal
2021-02-12 08:30:00,1,103,2.0,0.0,0.0,0.2493,9.8385,6.0,8,20.0,,6575.855200875202,0.0,424.1447991247978,0.0,47.67048134846125,optimal
2021-02-12 09:00:00,1,103,2.0,0.0,0.0,0.0518666666666666,11.067,6.0,8,20.049909295546865,,7000.0,0.0,0.0,0.0,47.588307531707706,optimal
2021-02-12 09:30:00,1,103,2.0,0.0,0.0,1.1038333333333332,10.8465,6.0,8,20.10707085553739,,7000.0,0.0,0.0,0.0,47.50621588877092,optimal
2021-02-12 10:00:00,1,103,2.0,0.0,0.0,0.1080666666666666,13.671,6.0,8,20.17877847712533,,7000.0,0.0,0.0,0.0,47.42420633747706,optimal
2021-02-12 10:30:00,1,103,2.0,0.0,0.0,0.1889666666666666,12.348,6.0,8,20.24921920352637,,7000.0,0.0,0.0,0.0,47.3422787957345,optimal
2021-02-12 11:00:00,1,103,0.0,0.0,0.0,0.3162666666666666,14.3325,6.0,8,20.318603024709,,0.0,0.0,0.0,0.0,47.260433181533685,optimal
2021-02-12 11:30:00,1,103,0.0,0.0,0.0,0.1263666666666666,15.393,6.0,8,20.24279978833676,,0.0,0.0,0.0,0.0,47.178669412947066,optimal
2021-02-12 12:00:00,1,103,2.0,0.0,0.0,0.1856,13.587,6.0,8,20.16383644739914,,7000.0,0.0,0.0,0.0,47.09698740812903,optimal
2021-02-12 12:30:00,1,103,0.0,0.0,0.0,0.1304666666666666,16.1385,6.0,8,20.23297732579414,,0.0,0.0,0.0,0.0,47.015387085315815,optimal
2021-02-12 13:00:00,1,103,0.0,0.0,0.0,0.1780666666666666,14.595,6.0,8,20.15403717767145,,0.0,0.0,0.0,0.0,46.933868362825415,optimal
2021-02-12 13:30:00,1,103,0.0,0.0,0.0,1.5239,14.637,6.0,8,20.07551920023855,,0.0,0.0,0.0,0.0,46.8524311590575,optimal
2021-02-12 14:00:00,1,103,1.0210677055160706,0.0,0.0,0.3148333333333333,13.9125,6.0,8,20.0,,3573.7369693062474,0.0,0.0,0.0,46.77107539249336,optimal
2021-02-12 14:30:00,1,103,1.0258062349741743,0.0,0.0,0.2908,13.3665,6.0,8,20.0,,3590.321822409609,0.0,0.0,0.0,46.68980098169578,optimal
2021-02-12 15:00:00,1,103,2.0,0.0,0.0,0.6151,13.0095,6.0,8,20.0,,6860.666666666667,0.0,139.33333333333331,0.0,46.608607845309,optimal
2021-02-12 15:30:00,1,103,0.0,0.0,0.0,1.6118333333333332,13.8915,6.0,8,20.07611350220518,,0.0,0.0,0.0,0.0,46.52749590205861,optimal
2021-02-12 16:00:00,1,103,0.7102713842784295,0.0,0.0,2.6939,13.188,6.0,8,20.01319697095217,,2485.949844974504,0.0,0.0,0.0,46.446465070751465,optimal
2021-02-12 16:30:00,1,103,1.044315027977691,0.0,0.0,1.816466666666667,12.5685,6.0,8,20.0,,3097.769264588585,0.0,557.3333333333333,0.0,46.36551527027563,optimal
2021-02-12 17:00:00,1,103,1.015420165898692,0.0,0.0,0.2557333333333333,12.285,6.0,8,20.0,,3414.637247312088,0.0,139.33333333333331,0.0,46.28464641960027,optimal
2021-02-12 17:30:00,1,103,2.0,0.0,0.0,0.2863333333333333,11.487,6.0,8,20.0,,6233.666666666667,0.0,766.3333333333334,0.0,46.20385843777559,optimal
2021-02-12 18:00:00,1,103,0.266323464711712,0.0,0.0,0.2702,11.802,6.0,8,20.05538526276461,,932.1321264909918,0.0,0.0,0.0,46.123151243932725,optimal
2021-02-12 18:30:00,1,103,2.0,0.0,0.0,0.2915333333333333,11.2245,6.0,8,20.0,,7000.0,0.0,0.0,0.0,46.04252475728371,optimal
2021-02-12 19:00:00,1,103,2.0,0.0,0.0,0.3197,11.025,6.0,8,20.073563118177937,,7000.0,0.0,0.0,0.0,45.96197889712134,optimal
2021-02-12 19:30:00,1,103,0.1022057815604325,0.0,0.0,0.1535333333333333,11.907,6.0,8,20.148680253315312,,357.7202354615138,0.0,0.0,0.0,45.88151358281914,optimal
2021-02-12 20:00:00,1,103,0.0,0.0,0.0,0.2106666666666666,25.83,6.0,8,20.07747585988555,,0.0,0.0,0.0,0.0,45.801128733831234,optimal
2021-02-12 20:30:00,1,103,0.0,0.0,0.0,0.2455999999999999,28.035,6.0,8,20.0,,0.0,0.0,0.0,0.0,45.72082426969232,optimal
2021-02-12 21:00:00,1,103,0.0,0.0,0.0,0.3539,28.119,6.0,8,19.919450147917004,,0.0,0.0,0.0,0.0,45.64060011001754,optimal
2021-02-12 21:30:00,1,103,0.0,0.0,0.0,0.1085,30.156,6.0,8,19.8397352764891,,0.0,0.0,0.0,0.0,45.56045617450244,optimal
2021-02-12 22:00:00,1,103,0.0,0.0,0.0,0.2761,29.1585,6.0,8,19.753913447243487,,0.0,0.0,0.0,0.0,45.51489571832794,optimal
2021-02-12 22:30:00,1,103,0.0,0.0,0.0,0.1645333333333333,26.712,6.0,8,19.67678273499027,,0.0,0.0,0.0,0.0,45.469380822609615,optimal
2021-02-12 23:00:00,1,103,0.0,0.0,0.0,0.0552,15.435,6.0,8,19.59900064258127,,0.0,0.0,0.0,0.0,45.423911441787006,optimal
2021-02-12 23:30:00,1,103,0.0,0.0,0.0,0.1341999999999999,13.566,6.0,8,19.519136592349817,,0.0,0.0,0.0,0.0,45.37848753034522,optimal
2021-02-13 00:00:00,1,103,0.0796190476190476,0.0,0.0,0.1054666666666666,12.789,6.0,6,19.519136592349817,,0.0,0.0,278.66666666666663,0.0,45.33310904281488,optimal
2021-02-13 00:30:00,1,103,0.0,0.0,0.0,0.1530666666666666,11.907,6.0,6,19.438538835414835,,0.0,0.0,0.0,0.0,45.28777593377206,optimal
2021-02-13 01:00:00,1,103,0.0,0.0,0.0,0.1500333333333333,11.025,6.0,6,19.36371055603815,,0.0,0.0,0.0,0.0,45.24248815783829,optimal
2021-02-13 01:30:00,1,103,2.0,0.0,0.0,0.2972666666666667,8.2005,6.0,6,19.28957278037564,,2680.666666666667,0.0,4319.333333333333,0.0,45.19724566968045,optimal
2021-02-13 02:00:00,1,103,2.0,0.0,0.0,0.2444666666666666,9.5655,6.0,6,19.27495195053596,,7000.0,0.0,0.0,0.0,45.152048424010765,optimal
2021-02-13 02:30:00,1,103,2.0,0.0,5.0,0.097,7.056,6.0,6,19.35123366027845,,7000.0,0.0,0.0,0.0,47.48189637558676,optimal
2021-02-13 03:00:00,1,103,2.0,0.0,0.0,0.155,9.3975,6.0,6,19.417844675121025,,7000.0,0.0,0.0,0.0,47.43441447921117,optimal
2021-02-13 03:30:00,1,103,2.0,0.0,0.0,0.0995333333333333,10.059,6.0,6,19.48314307734337,,7000.0,0.0,0.0,0.0,47.38698006473196,optimal
2021-02-13 04:00:00,1,103,2.0,0.0,0.0,0.0556666666666666,9.261,6.0,6,19.546750811334256,,7000.0,0.0,0.0,0.0,47.33959308466723,optimal
2021-02-13 04:30:00,1,103,2.0,0.0,0.0,0.061,8.1585,6.0,6,19.60882149661329,,7000.0,0.0,0.0,0.0,47.29225349158256,optimal
2021-02-13 05:00:00,1,103,2.0,0.0,0.0,0.2135333333333333,9.4815,6.0,6,19.67015691860192,,7000.0,0.0,0.0,0.0,47.24496123809098,optimal
2021-02-13 05:30:00,1,103,2.0,0.0,0.0,0.061,8.379,6.0,6,19.73397130182766,,7000.0,0.0,0.0,0.0,47.19771627685289,optimal
2021-02-13 06:00:00,1,103,2.0,0.0,0.0,0.1095333333333333,9.5235,6.0,6,19.793831622287307,,7000.0,0.0,0.0,0.0,47.15051856057603,optimal
2021-02-13 06:30:00,1,103,2.0,0.0,0.0,0.1563333333333333,8.1375,6.0,6,19.853988353639625,,7000.0,0.0,0.0,0.0,47.103368042015454,optimal
2021-02-13 07:00:00,1,103,2.0,0.0,0.0,0.189,10.0905,6.0,6,19.9148129347966,,7000.0,0.0,0.0,0.0,47.05626467397344,optimal
2021-02-13 07:30:00,1,103,2.0,0.0,2.1870308184180867,0.189,7.539,6.0,6,19.97873014963618,,7000.0,0.0,0.0,0.0,48.048048048048045,optimal
2021-02-13 08:00:00,1,103,2.0,0.0,0.0,0.195,7.938,6.0,6,20.04748016851113,,7000.0,0.0,0.0,0.0,48.0,optimal
2021-02-13 08:30:00,1,103,2.0,0.0,0.0,0.051,8.274,6.0,6,20.11841818577265,,7000.0,0.0,0.0,0.0,47.85291899908323,optimal
2021-02-13 09:00:00,1,103,2.0,0.0,0.0,0.4636666666666666,9.261,6.0,6,20.170095519261167,,7000.0,0.0,0.0,0.0,47.70598507916738,optimal
2021-02-13 09:30:00,1,103,2.0,0.0,0.0,0.1647666666666666,9.9225,6.0,6,20.23537082460492,,7000.0,0.0,0.0,0.0,47.55919809317144,optimal
2021-02-13 10:00:00,1,103,2.0,0.0,0.0,0.1688666666666666,9.702,6.0,6,20.2953662171041,,7000.0,0.0,0.0,0.0,47.4125578941615,optimal
2021-02-13 10:30:00,1,103,2.0,0.0,0.0,0.0896666666666666,10.584,6.0,6,20.35121711351921,,7000.0,0.0,0.0,0.0,47.26606433535057,optimal
2021-02-13 11:00:00,1,103,2.0,0.0,0.0,0.1095333333333333,10.143,6.0,6,20.40529007234344,,7000.0,0.0,0.0,0.0,47.11971727009845,optimal
2021-02-13 11:30:00,1,103,0.0,0.0,0.0,0.165,13.0095,6.0,6,20.459636454709184,,0.0,0.0,0.0,0.0,46.97351655191158,optimal
2021-02-13 12:00:00,1,103,2.0,0.0,0.0,0.061,11.025,6.0,6,20.36777786020402,,7000.0,0.0,0.0,0.0,46.8274620344429,optimal
2021-02-13 12:30:00,1,103,0.0,0.0,0.0,0.2135333333333333,12.789,6.0,6,20.421726446325486,,0.0,0.0,0.0,0.0,46.68155357149169,optimal
2021-02-13 13:00:00,1,103,1.6342028719492632,0.0,0.0,0.307,12.1275,6.0,6,20.3317419873095,,5719.7100518224215,0.0,0.0,0.0,46.53579101700343,optimal
2021-02-13 13:30:00,1,103,2.0,0.0,0.0,0.199,12.1695,6.0,6,20.37416658499564,,7000.0,0.0,0.0,0.0,46.39017422506966,optimal
2021-02-13 14:00:00,1,103,0.0,0.0,0.0,0.2708666666666667,12.306,6.0,6,20.440646009715444,,0.0,0.0,0.0,0.0,46.24470304992782,optimal
2021-02-13 14:30:00,1,103,0.0,0.0,0.0,0.0956666666666666,13.23,6.0,6,20.35798520604053,,0.0,0.0,0.0,0.0,46.09937734596112,optimal
2021-02-13 15:00:00,1,103,0.0,0.0,0.0,0.0956666666666666,13.671,6.0,6,20.26762345124765,,0.0,0.0,0.0,0.0,45.9541969676984,optimal
2021-02-13 15:30:00,1,103,0.0,0.0,0.0,0.1788666666666666,13.9335,6.0,6,20.17812530592095,,0.0,0.0,0.0,0.0,45.809161769813926,optimal
2021-02-13 16:00:00,1,103,0.0,0.0,0.0,0.061,13.293,6.0,6,20.09033091094052,,0.0,0.0,0.0,0.0,45.66427160712734,optimal
2021-02-13 16:30:00,1,103,1.3729382807116175,0.0,0.0,0.0748666666666666,12.1065,6.0,6,20.0,,4805.283982490661,0.0,0.0,0.0,45.51952633460344,optimal
2021-02-13 17:00:00,1,103,2.0,0.0,0.0,0.1996666666666666,11.571,6.0,6,20.01152397820931,,7000.0,0.0,0.0,0.0,45.37492580735207,optimal
2021-02-13 17:30:00,1,103,2.0,0.0,0.0,0.107,11.025,6.0,6,20.071822432441248,,7000.0,0.0,0.0,0.0,45.23046988062795,optimal
2021-02-13 18:00:00,1,103,2.0,0.0,0.0,0.3313333333333333,10.8465,6.0,6,20.130765659599906,,7000.0,0.0,0.0,0.0,45.08615840983055,optimal
2021-02-13 18:30:00,1,103,2.0,0.0,0.0,1.1747333333333332,11.2455,6.0,6,20.193431552252253,,7000.0,0.0,0.0,0.0,44.94199125050395,optimal
2021-02-13 19:00:00,1,103,0.0,0.0,0.0,0.1095333333333333,23.8665,6.0,6,20.276701277880544,,0.0,0.0,0.0,0.0,44.79796825833668,optimal
2021-02-13 19:30:00,1,103,0.0,0.0,0.0,0.061,27.4575,6.0,6,20.185185503297927,,0.0,0.0,0.0,0.0,44.654089289161575,optimal
2021-02-13 20:00:00,1,103,0.0,0.0,0.0,0.061,27.3735,6.0,6,20.092609592016764,,0.0,0.0,0.0,0.0,44.510354198955646,optimal
2021-02-13 20:30:00,1,103,0.0,0.0,0.0,0.1372666666666666,30.4605,6.0,6,20.0,,0.0,0.0,0.0,0.0,44.36676284383992,optimal
2021-02-13 21:00:00,1,103,0.0,0.0,0.0,0.5356000000000001,30.0195,6.0,6,19.90941599276212,,0.0,0.0,0.0,0.0,44.22331508007931,optimal
2021-02-13 21:30:00,1,103,0.0,0.0,0.0,0.2302,26.9325,6.0,6,19.83472270465468,,0.0,0.0,0.0,0.0,44.08001076408246,optimal
2021-02-13 22:00:00,1,103,0.0,0.0,0.0,0.2062,14.595,6.0,6,19.756900381040303,,0.0,0.0,0.0,0.0,43.936849752401606,optimal
2021-02-13 22:30:00,1,103,0.0,0.0,0.0,0.4696333333333333,12.4845,6.0,6,19.68091216823655,,0.0,0.0,0.0,0.0,43.79383190173244,optimal
2021-02-13 23:00:00,1,103,0.0,0.0,0.0,0.3170333333333333,12.1275,6.0,6,19.609464227543253,,0.0,0.0,0.0,0.0,43.75003806983071,optimal
2021-02-13 23:30:00,1,103,0.0,0.0,0.0,0.06,12.1275,6.0,6,19.54272330981552,,0.0,0.0,0.0,0.0,43.70628803176088,optimal
2021-02-07 00:00:00,2,103,2.142857142857143,0.0,0.0,0.0646666666666666,2.3415,6.0,-7,21.0,,7500.0,0.0,0.0,0.0,47.952,optimal
2021-02-07 00:30:00,2,103,2.142857142857143,0.0,0.0,0.066,2.205,6.0,-7,21.08382876597406,,7500.0,0.0,0.0,0.0,47.904048,optimal
2021-02-07 01:00:00,2,103,2.142857142857143,0.0,0.911298404337156,0.066,0.882,6.0,-7,21.16555702627738,,7500.0,0.0,0.0,0.0,48.28901069406015,optimal
2021-02-07 01:30:00,2,103,2.142857142857143,0.0,0.0,0.066,1.5435,6.0,-7,21.246460843107776,,7500.0,0.0,0.0,0.0,48.24072168336608,optimal
2021-02-07 02:00:00,2,103,2.142857142857143,0.0,0.0,0.066,1.5435,6.0,-7,21.326770790843806,,7500.0,0.0,0.0,0.0,48.19248096168271,optimal
2021-02-07 02:30:00,2,103,2.142857142857143,0.0,0.0,0.066,5.0715,6.0,-7,21.406489563681184,,7500.0,0.0,0.0,0.0,48.144288480721016,optimal
2021-02-07 03:00:00,2,103,2.142857142857143,0.0,0.0,0.064,5.376,6.0,-7,21.48539300945286,,7500.0,0.0,0.0,0.0,48.096144192240295,optimal
2021-02-07 03:30:00,2,103,2.142857142857143,0.0,0.0,0.064,5.0715,6.0,-7,21.56598982556844,,7500.0,0.0,0.0,0.0,48.048048048048045,optimal
2021-02-07 04:00:00,2,103,2.142857142857143,0.0,0.0,0.1704,5.5125,6.0,-7,21.648604415922872,,7500.0,0.0,0.0,0.0,48.0,optimal
2021-02-07 04:30:00,2,103,2.142857142857143,0.0,0.0,0.216,9.261,6.0,-7,21.73385352530669,,7500.0,0.0,0.0,0.0,47.60511899615328,optimal
2021-02-07 05:00:00,2,103,0.0,0.0,0.0,0.2244,11.7075,6.0,-7,21.81956632299769,,0.0,0.0,0.0,0.0,47.21063287331041,optimal
2021-02-07 05:30:00,2,103,0.0,0.0,0.0,0.2548,12.348,6.0,-7,21.747003790179832,,0.0,0.0,0.0,0.0,46.81654123659038,optimal
2021-02-07 06:00:00,2,103,0.0,0.0,0.0,0.3536,12.348,6.0,-7,21.6775743648768,,0.0,0.0,0.0,0.0,46.42284369150708,optimal
2021-02-07 06:30:00,2,103,0.0,0.0,0.0,0.31,12.1275,6.0,-7,21.609870296176627,,0.0,0.0,0.0,0.0,46.02953984396885,optimal
2021-02-07 07:00:00,2,103,0.0,0.0,0.0,1.524333333333333,12.5265,6.0,-7,21.5416690623662,,0.0,0.0,0.0,0.0,45.63662930027816,optimal
2021-02-07 07:30:00,2,103,0.0,0.0,0.0,0.226,11.7495,6.0,-7,21.4912018704086,,0.0,0.0,0.0,0.0,45.244111667131165,optimal
2021-02-07 08:00:00,2,103,0.0,0.0,0.0,0.226,13.23,6.0,-7,21.422456942659377,,0.0,0.0,0.0,0.0,44.85198655161732,optimal
2021-02-07 08:30:00,2,103,0.0,0.0,0.0,0.3272,14.3325,6.0,-7,21.3468051297558,,0.0,0.0,0.0,0.0,44.46025356121898,optimal
2021-02-07 09:00:00,2,103,0.0,0.0,0.0,0.1264,14.994,6.0,-7,21.27513075679102,,0.0,0.0,0.0,0.0,44.06891230381104,optimal
2021-02-07 09:30:00,2,103,0.0,0.0,0.0,0.0972666666666666,14.8155,6.0,-7,21.202000773129942,,0.0,0.0,0.0,0.0,43.67796238766051,optimal
2021-02-07 10:00:00,2,103,0.0,0.0,0.0,0.113,14.112,6.0,-7,21.12487267953752,,0.0,0.0,0.0,0.0,43.28740342142613,optimal
2021-02-07 10:30:00,2,103,0.0,0.0,0.0,0.074,14.007,6.0,-7,21.044285261724088,,0.0,0.0,0.0,0.0,42.89723501415799,optimal
2021-02-07 11:00:00,2,103,0.0,0.0,0.0,0.0753333333333333,13.23,6.0,-7,20.96394307330658,,0.0,0.0,0.0,0.0,42.50745677529711,optimal
2021-02-07 11:30:00,2,103,1.2161155768572705,0.0,0.0,0.076,11.382,6.0,-7,20.877291309200206,,4256.404519000447,0.0,0.0,0.0,42.11806831467509,optimal
2021-02-07 12:00:00,2,103,0.0,0.0,0.0,0.076,11.7495,6.0,-7,20.879614271211068,,0.0,0.0,0.0,0.0,41.729069242513695,optimal
2021-02-07 12:30:00,2,103,0.0,0.0,0.0,0.076,24.3285,6.0,-7,20.792327644490733,,0.0,0.0,0.0,0.0,41.34045916942446,optimal
2021-02-07 13:00:00,2,103,0.0,0.0,0.0,0.076,28.917,6.0,-7,20.70543700950857,,0.0,0.0,0.0,0.0,40.95223770640832,optimal
2021-02-07 13:30:00,2,103,0.0,0.0,0.0,0.076,31.3635,6.0,-7,20.618940569101465,,0.0,0.0,0.0,0.0,40.5644044648552,optimal
2021-02-07 14:00:00,2,103,0.0,0.0,0.0,0.076,33.306,6.0,-7,20.533063369747914,,0.0,0.0,0.0,0.0,40.17695905654362,optimal
2021-02-07 14:30:00,2,103,0.0,0.0,0.0,0.076,31.3425,6.0,-7,20.44780260242158,,0.0,0.0,0.0,0.0,39.78990109364036,optimal
2021-02-07 15:00:00,2,103,0.0,0.0,0.0,0.076,28.2555,6.0,-7,20.363155470291986,,0.0,0.0,0.0,0.0,39.4032301887,optimal
2021-02-07 15:30:00,2,103,0.0,0.0,0.0,0.076,15.6975,6.0,-7,20.27911919014404,,0.0,0.0,0.0,0.0,39.016945954664585,optimal
2021-02-07 16:00:00,2,103,0.0,0.0,0.0,0.076,12.5475,6.0,-7,20.19478365352276,,0.0,0.0,0.0,0.0,38.6310480048632,optimal
2021-02-07 16:30:00,2,103,0.0,0.0,0.0,0.0746666666666666,12.0855,6.0,-7,20.11015021656395,,0.0,0.0,0.0,0.0,38.24553595301162,optimal
2021-02-07 17:00:00,2,103,2.142857142857143,0.0,0.0,1.752233333333333,11.907,6.0,-7,20.02870975216095,,7500.0,0.0,0.0,0.0,37.86040941321189,optimal
2021-02-07 17:30:00,2,103,0.0,0.0,0.0,0.4415333333333333,12.5685,6.0,-7,20.13266094516028,,0.0,0.0,0.0,0.0,37.47566799995196,optimal
2021-02-07 18:00:00,2,103,0.0,0.0,0.0,0.2991666666666667,13.146,6.0,-7,20.06511225806477,,0.0,0.0,0.0,0.0,37.09131132810529,optimal
2021-02-07 18:30:00,2,103,0.8931344412784914,0.0,0.0,0.2701333333333333,10.584,6.0,-7,20.0,,3125.97054447472,0.0,0.0,0.0,36.70733901293047,optimal
2021-02-07 19:00:00,2,103,2.142857142857143,0.0,0.0,0.3161333333333333,6.678,6.0,-7,20.0,,4953.805215410335,0.0,2546.194784589665,0.0,36.32375067007082,optimal
2021-02-07 19:30:00,2,103,0.2733366610863253,0.0,0.0,0.4929666666666666,7.938,6.0,-7,20.042969715354136,,956.6783138021386,0.0,0.0,0.0,35.94054591555403,optimal
2021-02-07 20:00:00,2,103,2.142857142857143,0.0,0.0,0.2812,5.292,6.0,-7,20.0,,2800.861451256333,0.0,4699.138548743667,0.0,35.55772436579176,optimal
2021-02-07 20:30:00,2,103,0.0,0.0,0.0,0.3252666666666666,9.261,6.0,-7,20.0,,0.0,0.0,0.0,0.0,35.17528563757925,optimal
2021-02-07 21:00:00,2,103,0.0,0.0,0.0,0.2968,10.3635,6.0,-7,19.94732599317335,,0.0,0.0,0.0,0.0,34.793229348094954,optimal
2021-02-07 21:30:00,2,103,0.0,0.0,0.0,0.2678,8.274,6.0,-7,19.894308174159548,,0.0,0.0,0.0,0.0,34.41155511490014,optimal
2021-02-07 22:00:00,2,103,0.0796190476190476,0.0,0.0,0.272,7.7175,6.0,-7,19.843360862292297,,0.0,0.0,278.66666666666663,0.0,34.03026255593852,optimal
2021-02-07 22:30:00,2,103,0.0398095238095238,0.0,0.0,0.3532,6.615,6.0,-7,19.79130166620029,,0.0,0.0,139.33333333333331,0.0,33.649351289535865,optimal
2021-02-07 23:00:00,2,103,0.0,0.0,0.0,0.1841333333333333,6.174,6.0,-7,19.739266037048942,,0.0,0.0,0.0,0.0,33.61570193824633,optimal
2021-02-07 23:30:00,2,103,0.0,0.0,0.0,0.076,3.906,6.0,-7,19.669797466406425,,0.0,0.0,0.0,0.0,33.582086236308086,optimal
2021-02-08 00:00:00,2,103,0.0,0.0,0.0,0.059,15.876,6.0,10,19.669797466406425,,0.0,0.0,0.0,0.0,33.54850415007178,optimal
2021-02-08 00:30:00,2,103,0.0,0.0,0.0,0.059,12.348,6.0,10,19.59358291620688,,0.0,0.0,0.0,0.0,33.51495564592171,optimal
2021-02-08 01:00:00,2,103,0.0,0.0,0.0,0.2769333333333333,12.1275,6.0,10,19.51771412724637,,0.0,0.0,0.0,0.0,33.48144069027579,optimal
2021-02-08 01:30:00,2,103,0.0,0.0,0.0,0.059,12.348,6.0,10,19.4467771164578,,0.0,0.0,0.0,0.0,33.44795924958552,optimal
2021-02-08 02:00:00,2,103,0.0,0.0,0.0,0.2706,12.1275,6.0,10,19.37134750470404,,0.0,0.0,0.0,0.0,33.41451129033593,optimal
2021-02-08 02:30:00,2,103,1.7749256224400165,0.0,0.0,0.0653333333333333,12.1275,6.0,10,19.300487525325018,,0.0,0.0,6212.239678540057,0.0,33.38109677904559,optimal
2021-02-08 03:00:00,2,103,2.142857142857143,0.0,0.0,0.1376,11.2665,6.0,10,19.22585490229273,,4516.239678540057,0.0,2983.760321459943,0.0,33.347715682266546,optimal
2021-02-08 03:30:00,2,103,2.142857142857143,0.0,1.5636095485221728,0.1476666666666666,10.143,6.0,10,19.24837762774048,,7500.0,0.0,0.0,0.0,34.0570825021323,optimal
2021-02-08 04:00:00,2,103,2.142857142857143,0.0,0.0,0.1096666666666666,11.2455,6.0,10,19.333592619597944,,7500.0,0.0,0.0,0.0,34.023025419630166,optimal
2021-02-08 04:30:00,2,103,2.142857142857143,0.0,0.0,0.0895666666666666,11.025,6.0,10,19.41739426843069,,7500.0,0.0,0.0,0.0,33.98900239421053,optimal
2021-02-08 05:00:00,2,103,2.142857142857143,0.0,5.0,0.2337,5.9745,6.0,10,19.49993895428746,,7500.0,0.0,0.0,0.0,36.33001339181632,optimal
2021-02-08 05:30:00,2,103,2.142857142857143,0.0,5.0,0.0978666666666666,7.938,6.0,10,19.584689558253142,,7500.0,0.0,0.0,0.0,38.6686833784245,optimal
2021-02-08 06:00:00,2,103,2.142857142857143,0.0,5.0,0.1304,8.6835,6.0,10,19.665969494410643,,7500.0,0.0,0.0,0.0,41.00501469504607,optimal
2021-02-08 06:30:00,2,103,2.142857142857143,0.0,5.0,0.2186333333333333,7.665,6.0,10,19.74733869507376,,7500.0,0.0,0.0,0.0,43.33900968035103,optimal
2021-02-08 07:00:00,2,103,2.142857142857143,0.0,5.0,0.0969666666666666,6.7725,6.0,10,19.82996926299274,,7500.0,0.0,0.0,0.0,45.670670670670674,optimal
2021-02-08 07:30:00,2,103,2.142857142857143,0.0,5.0,0.1646,5.5755,6.0,10,19.913198001340525,,7500.0,0.0,0.0,0.0,48.0,optimal
2021-02-08 08:00:00,2,103,2.142857142857143,0.0,0.0,0.6765333333333333,5.0925,6.0,10,20.0,,7500.0,0.0,0.0,0.0,47.89478523907767,optimal
2021-02-08 08:30:00,2,103,2.142857142857143,0.0,0.0,1.2638333333333334,4.1895,6.0,10,20.099010064173044,,7500.0,0.0,0.0,0.0,47.78967569291626,optimal
2021-02-08 09:00:00,2,103,2.142857142857143,0.0,0.0,0.5596666666666666,7.056,6.0,10,20.190673542476244,,7500.0,0.0,0.0,0.0,47.684671256301016,optimal
2021-02-08 09:30:00,2,103,2.142857142857143,0.0,0.0,0.6417999999999999,5.271,6.0,10,20.26933250666943,,7500.0,0.0,0.0,0.0,47.57977182412239,optimal
2021-02-08 10:00:00,2,103,2.142857142857143,0.0,0.0,0.3285333333333333,7.938,6.0,10,20.35556733884322,,7500.0,0.0,0.0,0.0,47.474977291375936,optimal
2021-02-08 10:30:00,2,103,2.142857142857143,0.0,0.0,0.3077666666666666,7.938,6.0,10,20.435325152271428,,7500.0,0.0,0.0,0.0,47.37028755316224,optimal
2021-02-08 11:00:00,2,103,2.142857142857143,0.0,0.0,0.0908333333333333,11.907,6.0,10,20.511326528132223,,7500.0,0.0,0.0,0.0,47.26570250468674,optimal
2021-02-08 11:30:00,2,103,2.142857142857143,0.0,0.0,0.069,11.025,6.0,10,20.580290612927275,,7500.0,0.0,0.0,0.0,47.16122204125973,optimal
2021-02-08 12:00:00,2,103,2.142857142857143,0.0,0.0,0.2825666666666667,11.2875,6.0,10,20.64893589725453,,7500.0,0.0,0.0,0.0,47.05684605829614,optimal
2021-02-08 12:30:00,2,103,0.0,0.0,0.0,0.0733666666666666,12.936,6.0,10,20.722219094019945,,0.0,0.0,0.0,0.0,46.95257445131551,optimal
2021-02-08 13:00:00,2,103,0.0,0.0,0.0,1.4084,13.0095,6.0,10,20.63379536084276,,0.0,0.0,0.0,0.0,46.84840711594187,optimal
2021-02-08 13:30:00,2,103,0.0,0.0,0.0,0.1006666666666666,13.671,6.0,10,20.561285168054795,,0.0,0.0,0.0,0.0,46.7443439479036,optimal
2021-02-08 14:00:00,2,103,0.0,0.0,0.0,0.1126666666666666,13.188,6.0,10,20.47552722181432,,0.0,0.0,0.0,0.0,46.64038484303336,optimal
2021-02-08 14:30:00,2,103,0.0,0.0,0.0,0.1039333333333333,13.8495,6.0,10,20.3908646053895,,0.0,0.0,0.0,0.0,46.536529697268,optimal
2021-02-08 15:00:00,2,103,1.6602678818902608,0.0,0.0,0.2238333333333332,13.23,6.0,10,20.30572173375217,,5810.937586615913,0.0,0.0,0.0,46.4327784066484,optimal
2021-02-08 15:30:00,2,103,0.0,0.0,0.0,0.1321,13.3665,6.0,10,20.345131174418448,,0.0,0.0,0.0,0.0,46.32913086731943,optimal
2021-02-08 16:00:00,2,103,2.142857142857143,0.0,0.0,0.1386666666666666,13.0515,6.0,10,20.26033503106336,,7500.0,0.0,0.0,0.0,46.22558697552978,optimal
2021-02-08 16:30:00,2,103,0.0,0.0,0.0,0.1430333333333333,13.5345,6.0,10,20.334166703055192,,0.0,0.0,0.0,0.0,46.12214662763192,optimal
2021-02-08 17:00:00,2,103,0.0,0.0,0.0,0.1622333333333333,14.154,6.0,10,20.24919678329389,,0.0,0.0,0.0,0.0,46.01880972008196,optimal
2021-02-08 17:30:00,2,103,0.0,0.0,0.0,0.1893333333333333,14.112,6.0,10,20.16433600883044,,0.0,0.0,0.0,0.0,45.91557614943955,optimal
2021-02-08 18:00:00,2,103,0.0,0.0,0.0,0.5326666666666666,14.2485,6.0,10,20.07952335027445,,0.0,0.0,0.0,0.0,45.81244581236778,optimal
2021-02-08 18:30:00,2,103,1.7684495291118696,0.0,0.0,0.4178,12.789,6.0,10,20.0,,6189.573351891544,0.0,0.0,0.0,45.70941860563309,optimal
2021-02-08 19:00:00,2,103,0.0,0.0,0.0,0.2513666666666667,13.0095,6.0,10,20.06283201693764,,0.0,0.0,0.0,0.0,45.60649442610513,optimal
2021-02-08 19:30:00,2,103,1.5604078095677578,0.0,0.0,0.3644,12.1275,6.0,10,20.0,,5461.427333487152,0.0,0.0,0.0,45.5036731707567,optimal
2021-02-08 20:00:00,2,103,0.0,0.0,0.0,0.4563666666666667,12.348,6.0,10,20.05516621191614,,0.0,0.0,0.0,0.0,45.400954736663614,optimal
2021-02-08 20:30:00,2,103,0.0,0.0,0.0,0.0966666666666666,12.348,6.0,10,20.0,,0.0,0.0,0.0,0.0,45.29833902100462,optimal
2021-02-08 21:00:00,2,103,0.0,0.0,0.0,0.2405999999999999,25.389,6.0,10,19.935693791613208,,0.0,0.0,0.0,0.0,45.19582592106129,optimal
2021-02-08 21:30:00,2,103,0.0,0.0,0.0,0.2732666666666666,29.1375,6.0,10,19.87137861811266,,0.0,0.0,0.0,0.0,45.0934153342179,optimal
2021-02-08 22:00:00,2,103,0.0,0.0,0.0,0.2903333333333333,30.597,6.0,10,19.80686041013764,,0.0,0.0,0.0,0.0,44.99110715796136,optimal
2021-02-08 22:30:00,2,103,0.0,0.0,0.0,0.3677666666666666,33.684,6.0,10,19.74880394622336,,0.0,0.0,0.0,0.0,44.88890128988107,optimal
2021-02-08 23:00:00,2,103,0.0,0.0,0.0,0.1590333333333333,32.445,6.0,10,19.688607419762864,,0.0,0.0,0.0,0.0,44.84401238859119,optimal
2021-02-08 23:30:00,2,103,0.0,0.0,0.0,0.1179,28.917,6.0,10,19.62068814786639,,0.0,0.0,0.0,0.0,44.799168376202594,optimal
2021-02-09 00:00:00,2,103,2.142857142857143,0.0,0.0,0.065,10.8045,6.0,1,19.62068814786639,,7500.0,0.0,0.0,0.0,44.75436920782639,optimal
2021-02-09 00:30:00,2,103,2.142857142857143,0.0,5.0,0.065,10.584,6.0,1,19.696864238593943,,0.0,0.0,7500.0,0.0,47.08461483861856,optimal
2021-02-09 01:00:00,2,103,2.142857142857143,0.0,0.0,0.142,11.2455,6.0,1,19.615043518130253,,0.0,0.0,7500.0,0.0,47.037530223779946,optimal
2021-02-09 01:30:00,2,103,2.142857142857143,0.0,0.0,0.065,12.1275,6.0,1,19.5354417078632,,1809.0,0.0,5691.0,0.0,46.99049269355616,optimal
2021-02-09 02:00:00,2,103,2.142857142857143,0.0,0.0,0.0815,11.823,6.0,1,19.49220666380552,,7500.0,0.0,0.0,0.0,46.94350220086261,optimal
2021-02-09 02:30:00,2,103,2.142857142857143,0.0,0.0,0.1255,11.7705,6.0,1,19.568859297720813,,7500.0,0.0,0.0,0.0,46.89655869866175,optimal
2021-02-09 03:00:00,2,103,2.142857142857143,0.0,0.0,0.065,11.13,6.0,1,19.64631723503384,,7500.0,0.0,0.0,0.0,46.84966213996309,optimal
2021-02-09 03:30:00,2,103,2.142857142857143,0.0,0.0,0.065,11.6865,6.0,1,19.722377054722447,,7500.0,0.0,0.0,0.0,46.80281247782312,optimal
2021-02-09 04:00:00,2,103,2.142857142857143,0.0,0.0,0.142,10.7205,6.0,1,19.79854548341532,,7500.0,0.0,0.0,0.0,46.7560096653453,optimal
2021-02-09 04:30:00,2,103,2.142857142857143,0.0,0.0,0.065,11.424,6.0,1,19.876442909789176,,7500.0,0.0,0.0,0.0,46.70925365567996,optimal
2021-02-09 05:00:00,2,103,2.142857142857143,0.0,3.119461218308932,0.065,10.689,6.0,1,19.951912390567188,,7500.0,0.0,0.0,0.0,48.144288480721016,optimal
2021-02-09 05:30:00,2,103,2.142857142857143,0.0,0.0,0.3395,11.361,6.0,1,20.0265858219697,,7500.0,0.0,0.0,0.0,48.096144192240295,optimal
2021-02-09 06:00:00,2,103,2.142857142857143,0.0,0.0,0.123,11.571,6.0,1,20.112343136657948,,7500.0,0.0,0.0,0.0,48.048048048048045,optimal
2021-02-09 06:30:00,2,103,0.0,0.0,0.0,0.106,14.3745,6.0,1,20.200558114427707,,0.0,0.0,0.0,0.0,48.0,optimal
2021-02-09 07:00:00,2,103,2.142857142857143,0.0,0.0,0.1586666666666666,13.23,6.0,1,20.131581541561665,,7500.0,0.0,0.0,0.0,47.38713941806999,optimal
2021-02-09 07:30:00,2,103,2.142857142857143,0.0,0.0,0.198,13.9755,6.0,1,20.22170373493895,,7500.0,0.0,0.0,0.0,46.77489169672192,optimal
2021-02-09 08:00:00,2,103,0.0,0.0,0.0,0.1781333333333333,14.994,6.0,1,20.30782899850868,,0.0,0.0,0.0,0.0,46.16325622309519,optimal
2021-02-09 08:30:00,2,103,2.142857142857143,0.0,0.0,0.1926,13.671,6.0,1,20.231929704941763,,7500.0,0.0,0.0,0.0,45.55223238494209,optimal
2021-02-09 09:00:00,2,103,0.0,0.0,0.0,0.152,15.981,6.0,1,20.316635579696847,,0.0,0.0,0.0,0.0,44.94181957062714,optimal
2021-02-09 09:30:00,2,103,0.0,0.0,0.0,0.075,15.6345,6.0,1,20.228092498859564,,0.0,0.0,0.0,0.0,44.33201716912651,optimal
2021-02-09 10:00:00,2,103,0.0,0.0,0.0,0.0915,16.5375,6.0,1,20.13969123333313,,0.0,0.0,0.0,0.0,43.72282457002738,optimal
2021-02-09 10:30:00,2,103,1.5548990755132404,0.0,0.0,0.1355,14.7735,6.0,1,20.053399354751807,,5442.146764296342,0.0,0.0,0.0,43.11424116352735,optimal
2021-02-09 11:00:00,2,103,0.0,0.0,0.0,0.075,15.2145,6.0,1,20.08411875244284,,0.0,0.0,0.0,0.0,42.50626634043381,optimal
2021-02-09 11:30:00,2,103,1.1114737748338186,0.0,0.0,0.152,14.553,6.0,1,20.0,,3890.158211918365,0.0,0.0,0.0,41.89889949216337,optimal
2021-02-09 12:00:00,2,103,2.142857142857143,0.0,0.0,0.1428666666666666,14.3325,6.0,1,20.0,,7500.0,0.0,0.0,0.0,41.29214001074121,optimal
2021-02-09 12:30:00,2,103,2.044202596955942,0.0,0.0,0.3424,14.595,6.0,1,20.078296660780744,,7154.709089345797,0.0,0.0,0.0,40.68598728880046,optimal
2021-02-09 13:00:00,2,103,0.0,0.0,0.0,0.0785,14.994,6.0,1,20.15502701423635,,0.0,0.0,0.0,0.0,40.08044071958165,optimal
2021-02-09 13:30:00,2,103,2.142857142857143,0.0,0.0,0.1237,14.3325,6.0,1,20.075017685862665,,7500.0,0.0,0.0,0.0,39.47549969693206,optimal
2021-02-09 14:00:00,2,103,2.142857142857143,0.0,0.0,0.2246666666666666,13.8915,6.0,1,20.15397403729652,,7500.0,0.0,0.0,0.0,38.87116361530512,optimal
2021-02-09 14:30:00,2,103,2.142857142857143,0.0,0.0,0.1663333333333333,13.8915,6.0,1,20.235885331223884,,7500.0,0.0,0.0,0.0,38.26743186975981,optimal
2021-02-09 15:00:00,2,103,2.142857142857143,0.0,0.0,0.075,13.4715,6.0,1,20.316050236547,,7500.0,0.0,0.0,0.0,37.66430385596004,optimal
2021-02-09 15:30:00,2,103,2.142857142857143,0.0,0.0,0.3545,13.23,6.0,1,20.38785000628696,,7500.0,0.0,0.0,0.0,37.06177897017408,optimal
2021-02-09 16:00:00,2,103,2.142857142857143,0.0,0.0,0.0881,13.8915,6.0,1,20.47031937292557,,7500.0,0.0,0.0,0.0,36.45985660927389,optimal
2021-02-09 16:30:00,2,103,0.0,0.0,0.0,0.0885333333333333,26.9325,6.0,1,20.55361657855452,,0.0,0.0,0.0,0.0,35.85853617073461,optimal
2021-02-09 17:00:00,2,103,0.0,0.0,0.0,0.3245,30.303,6.0,1,20.476393829261006,,0.0,0.0,0.0,0.0,35.25781705263387,optimal
2021-02-09 17:30:00,2,103,0.0,0.0,0.0,0.12,32.886,6.0,1,20.4074191433048,,0.0,0.0,0.0,0.0,34.65769865365123,optimal
2021-02-09 18:00:00,2,103,0.0,0.0,0.0,0.1561333333333333,34.9965,6.0,1,20.330461025070445,,0.0,0.0,0.0,0.0,34.05818037306757,optimal
2021-02-09 18:30:00,2,103,0.0,0.0,0.0,0.428,33.327,6.0,1,20.25742601723166,,0.0,0.0,0.0,0.0,33.4592616107645,optimal
2021-02-09 19:00:00,2,103,0.0,0.0,0.0,1.3033,31.122,6.0,1,20.190679101202548,,0.0,0.0,0.0,0.0,32.86094176722373,optimal
2021-02-09 19:30:00,2,103,0.0,0.0,0.0,0.1467666666666666,17.9025,6.0,1,20.12340930850895,,0.0,0.0,0.0,0.0,32.8280808254565,optimal
2021-02-09 20:00:00,2,103,0.0,0.0,0.0,0.4294666666666666,15.6555,6.0,1,20.05636681101798,,0.0,0.0,0.0,0.0,32.79525274463105,optimal
2021-02-09 20:30:00,2,103,0.0,0.0,0.0,0.5145333333333333,14.553,6.0,1,20.0,,0.0,0.0,0.0,0.0,32.762457491886416,optimal
2021-02-09 21:00:00,2,103,0.0,0.0,0.0,0.5465666666666668,14.3325,6.0,1,19.944341809940347,,0.0,0.0,0.0,0.0,32.72969503439453,optimal
2021-02-09 21:30:00,2,103,0.0,0.0,0.0,0.7277333333333333,13.335,6.0,1,19.887809543784545,,0.0,0.0,0.0,0.0,32.69696533936013,optimal
2021-02-09 22:00:00,2,103,0.0398095238095238,0.0,0.0,0.4842666666666667,12.1275,6.0,1,19.836279146205243,,0.0,0.0,139.33333333333331,0.0,32.66426837402077,optimal
2021-02-09 22:30:00,2,103,0.0,0.0,0.0,0.6928666666666666,12.2955,6.0,1,19.779775994179264,,0.0,0.0,0.0,0.0,32.63160410564675,optimal
2021-02-09 23:00:00,2,103,0.1592380952380952,0.0,0.0,0.5592,11.6865,6.0,1,19.72635994861733,,0.0,0.0,557.3333333333333,0.0,32.598972501541105,optimal
2021-02-09 23:30:00,2,103,0.0,0.0,0.0,0.3013333333333333,11.466,6.0,1,19.66827255926356,,0.0,0.0,0.0,0.0,32.566373529039566,optimal
2021-02-10 00:00:00,2,103,2.142857142857143,0.0,0.0,0.055,11.508,6.0,-1,19.66827255926356,,7500.0,0.0,0.0,0.0,32.53380715551053,optimal
2021-02-10 00:30:00,2,103,2.142857142857143,0.0,0.0,0.09,11.508,6.0,-1,19.744891588391216,,0.0,0.0,7500.0,0.0,32.50127334835502,optimal
2021-02-10 01:00:00,2,103,2.142857142857143,0.0,0.0,0.1586,11.508,6.0,-1,19.663568058709828,,1415.0,0.0,6085.0,0.0,32.46877207500667,optimal
2021-02-10 01:30:00,2,103,2.142857142857143,0.0,0.0,0.0874,11.844,6.0,-1,19.613390184832824,,7500.0,0.0,0.0,0.0,32.43630330293166,optimal
2021-02-10 02:00:00,2,103,2.142857142857143,0.0,3.84696100360893,0.0928,11.508,6.0,-1,19.68957922625744,,7500.0,0.0,0.0,0.0,34.231173476342974,optimal
2021-02-10 02:30:00,2,103,2.142857142857143,0.0,5.0,0.1252,11.508,6.0,-1,19.76508262609031,,7500.0,0.0,0.0,0.0,36.571942302866624,optimal
2021-02-10 03:00:00,2,103,2.142857142857143,0.0,5.0,0.118,10.4475,6.0,-1,19.840925524160795,,7500.0,0.0,0.0,0.0,38.91037036056375,optimal
2021-02-10 03:30:00,2,103,2.142857142857143,0.0,5.0,0.055,10.8675,6.0,-1,19.916272784123816,,7500.0,0.0,0.0,0.0,41.24645999020319,optimal
2021-02-10 04:00:00,2,103,2.142857142857143,0.0,5.0,0.145,10.542,6.0,-1,19.989952041776487,,7500.0,0.0,0.0,0.0,43.58021353021298,optimal
2021-02-10 04:30:00,2,103,2.142857142857143,0.0,5.0,0.136,11.025,6.0,-1,20.065191576711044,,7500.0,0.0,0.0,0.0,45.91163331668277,optimal
2021-02-10 05:00:00,2,103,2.142857142857143,0.0,5.0,0.055,11.025,6.0,-1,20.13944665179117,,7500.0,0.0,0.0,0.0,48.24072168336608,optimal
2021-02-10 05:30:00,2,103,2.142857142857143,0.0,0.0,0.055,14.553,6.0,-1,20.21120610383668,,7500.0,0.0,0.0,0.0,48.19248096168271,optimal
2021-02-10 06:00:00,2,103,2.142857142857143,0.0,0.0,0.136,13.0935,6.0,-1,20.28218633773023,,7500.0,0.0,0.0,0.0,48.144288480721016,optimal
2021-02-10 06:30:00,2,103,2.142857142857143,0.0,0.0,0.082,15.6345,6.0,-1,20.354095971569976,,7500.0,0.0,0.0,0.0,48.096144192240295,optimal
2021-02-10 07:00:00,2,103,0.0,0.0,0.0,0.1252,18.102,6.0,-1,20.425449988749108,,0.0,0.0,0.0,0.0,48.048048048048045,optimal
2021-02-10 07:30:00,2,103,0.0,0.0,0.0,1.4066,17.199,6.0,-1,20.34725682512936,,0.0,0.0,0.0,0.0,48.0,optimal
2021-02-10 08:00:00,2,103,0.0,0.0,0.0,0.3853,18.2805,6.0,-1,20.279302216157017,,0.0,0.0,0.0,0.0,47.729666494553925,optimal
2021-02-10 08:30:00,2,103,0.0,0.0,0.0,0.4063333333333333,17.4615,6.0,-1,20.20507997792511,,0.0,0.0,0.0,0.0,47.4596033226133,optimal
2021-02-10 09:00:00,2,103,0.0,0.0,0.0,0.8316666666666667,18.3225,6.0,-1,20.136932306253016,,0.0,0.0,0.0,0.0,47.18981021384461,optimal
2021-02-10 09:30:00,2,103,2.142857142857143,0.0,0.0,0.5277000000000001,17.094,6.0,-1,20.07646613797949,,7500.0,0.0,0.0,0.0,46.92028689818469,optimal
2021-02-10 10:00:00,2,103,2.142857142857143,0.0,0.0,0.2564666666666666,17.094,6.0,-1,20.1653377603197,,7500.0,0.0,0.0,0.0,46.65103310584043,optimal
2021-02-10 10:30:00,2,103,2.142857142857143,0.0,0.0,0.2201999999999999,17.094,6.0,-1,20.255481598052945,,7500.0,0.0,0.0,0.0,46.38204856728852,optimal
2021-02-10 11:00:00,2,103,0.0,0.0,0.0,0.209,17.3565,6.0,-1,20.35046772942375,,0.0,0.0,0.0,0.0,46.11333301327516,optimal
2021-02-10 11:30:00,2,103,2.142857142857143,0.0,0.0,0.4914666666666666,17.115,6.0,-1,20.286612880575184,,7500.0,0.0,0.0,0.0,45.84488617481581,optimal
2021-02-10 12:00:00,2,103,2.142857142857143,0.0,0.0,0.353,17.241,6.0,-1,20.38240670767296,,7500.0,0.0,0.0,0.0,45.57670778319493,optimal
2021-02-10 12:30:00,2,103,2.142857142857143,0.0,0.0,0.0866,17.094,6.0,-1,20.47356818016718,,7500.0,0.0,0.0,0.0,45.308797569965655,optimal
2021-02-10 13:00:00,2,103,2.142857142857143,0.0,0.0,0.2144,16.5165,6.0,-1,20.543544942911232,,7500.0,0.0,0.0,0.0,45.041155266949616,optimal
2021-02-10 13:30:00,2,103,0.0,0.0,0.0,0.065,17.8185,6.0,-1,20.61589448510237,,0.0,0.0,0.0,0.0,44.77378060623659,optimal
2021-02-10 14:00:00,2,103,2.142857142857143,0.0,0.0,0.128,17.094,6.0,-1,20.52780014743256,,7500.0,0.0,0.0,0.0,44.50667332018429,optimal
2021-02-10 14:30:00,2,103,2.142857142857143,0.0,0.0,0.173,16.8945,6.0,-1,20.600217036420343,,7500.0,0.0,0.0,0.0,44.239833141418025,optimal
2021-02-10 15:00:00,2,103,0.0,0.0,0.0,0.065,18.123,6.0,-1,20.6732526613048,,0.0,0.0,0.0,0.0,43.97325980283053,optimal
2021-02-10 15:30:00,2,103,0.0,0.0,0.0,0.1712,31.647,6.0,-1,20.58580544284777,,0.0,0.0,0.0,0.0,43.70695303758163,optimal
2021-02-10 16:00:00,2,103,0.0,0.0,0.0,0.5495,34.9965,6.0,-1,20.50008316143192,,0.0,0.0,0.0,0.0,43.44091257909797,optimal
2021-02-10 16:30:00,2,103,0.0,0.0,0.0,1.602933333333333,34.9965,6.0,-1,20.429653116992977,,0.0,0.0,0.0,0.0,43.1751381610728,optimal
2021-02-10 17:00:00,2,103,0.0,0.0,0.0,0.3575,34.9965,6.0,-1,20.378353733104447,,0.0,0.0,0.0,0.0,42.909629517465646,optimal
2021-02-10 17:30:00,2,103,0.0,0.0,0.0,0.1364333333333333,34.9965,6.0,-1,20.304379677813053,,0.0,0.0,0.0,0.0,42.644386382502105,optimal
2021-02-10 18:00:00,2,103,0.0,0.0,0.0,1.4096,34.9965,6.0,-1,20.22723932458272,,0.0,0.0,0.0,0.0,42.379408490673526,optimal
2021-02-10 18:30:00,2,103,0.0,0.0,0.0,0.3285,27.741,6.0,-1,20.17045122088732,,0.0,0.0,0.0,0.0,42.11469557673678,optimal
2021-02-10 19:00:00,2,103,0.0,0.0,0.0,0.2208,19.026,6.0,-1,20.1030579067282,,0.0,0.0,0.0,0.0,41.85024737571397,optimal
2021-02-10 19:30:00,2,103,0.5878801774593913,0.0,0.0,0.3339,18.7215,6.0,-1,20.030200289910628,,2057.5806211078693,0.0,0.0,0.0,41.58606362289218,optimal
2021-02-10 20:00:00,2,103,1.0000141272880536,0.0,0.0,0.3674,17.4195,6.0,-1,20.0,,3500.0494455081875,0.0,0.0,0.0,41.322144053823216,optimal
2021-02-10 20:30:00,2,103,0.0,0.0,0.0,0.4264333333333333,16.758,6.0,-1,20.0,,0.0,0.0,0.0,0.0,41.05848840432332,optimal
2021-02-10 21:00:00,2,103,0.0,0.0,0.0,0.2942333333333333,14.217,6.0,-1,19.93179544643341,,0.0,0.0,0.0,0.0,40.79509641047292,optimal
2021-02-10 21:30:00,2,103,0.0,0.0,0.0,0.2932,13.3665,6.0,-1,19.85571783036044,,0.0,0.0,0.0,0.0,40.53196780861638,optimal
2021-02-10 22:00:00,2,103,0.0,0.0,0.0,0.2460333333333333,12.789,6.0,-1,19.76924199021355,,0.0,0.0,0.0,0.0,40.49143584080776,optimal
2021-02-10 22:30:00,2,103,0.0,0.0,0.0,0.291,11.907,6.0,-1,19.68371285330837,,0.0,0.0,0.0,0.0,40.45094440496696,optimal
2021-02-10 23:00:00,2,103,0.0,0.0,0.0,0.1236666666666666,11.7075,6.0,-1,19.6050255346024,,0.0,0.0,0.0,0.0,40.41049346056199,optimal
2021-02-10 23:30:00,2,103,0.0,0.0,0.0,0.2333333333333332,10.8045,6.0,-1,19.50988548758625,,0.0,0.0,0.0,0.0,40.37008296710143,optimal
2021-02-11 00:00:00,2,103,2.142857142857143,0.0,0.0,0.0661333333333333,13.692,6.0,8,19.50988548758625,,7500.0,0.0,0.0,0.0,40.32971288413432,optimal
2021-02-11 00:30:00,2,103,2.142857142857143,0.0,0.0,0.1805999999999999,14.007,6.0,8,19.56991867257566,,0.0,0.0,7500.0,0.0,40.289383171250186,optimal
2021-02-11 01:00:00,2,103,2.142857142857143,0.0,0.0,0.064,12.873,6.0,8,19.4735630477619,,5804.0,0.0,1696.0,0.0,40.24909378807894,optimal
2021-02-11 01:30:00,2,103,2.142857142857143,0.0,0.0,0.064,12.684,6.0,8,19.49782031550936,,7500.0,0.0,0.0,0.0,40.20884469429086,optimal
2021-02-11 02:00:00,2,103,2.142857142857143,0.0,0.0,0.17,12.306,6.0,8,19.55766902737222,,7500.0,0.0,0.0,0.0,40.16863584959657,optimal
2021-02-11 02:30:00,2,103,2.142857142857143,0.0,5.0,0.0746,10.6365,6.0,8,19.619477567841123,,7500.0,0.0,0.0,0.0,42.50346721374697,optimal
2021-02-11 03:00:00,2,103,2.142857142857143,0.0,0.0,0.064,11.2455,6.0,8,19.67854382538245,,7500.0,0.0,0.0,0.0,42.46096374653322,optimal
2021-02-11 03:30:00,2,103,2.142857142857143,0.0,0.0,0.064,11.2455,6.0,8,19.736665315446235,,7500.0,0.0,0.0,0.0,42.41850278278669,optimal
2021-02-11 04:00:00,2,103,2.142857142857143,0.0,0.0,0.064,11.025,6.0,8,19.79565729744587,,7500.0,0.0,0.0,0.0,42.3760842800039,optimal
2021-02-11 04:30:00,2,103,2.142857142857143,0.0,0.0,0.1769666666666666,12.0855,6.0,8,19.85551582223557,,7500.0,0.0,0.0,0.0,42.3337081957239,optimal
2021-02-11 05:00:00,2,103,2.142857142857143,0.0,0.0,0.0793,11.6865,6.0,8,19.917445698274573,,7500.0,0.0,0.0,0.0,42.291374487528174,optimal
2021-02-11 05:30:00,2,103,2.142857142857143,0.0,0.0,0.074,11.2245,6.0,8,19.97686327488229,,7500.0,0.0,0.0,0.0,42.24908311304065,optimal
2021-02-11 06:00:00,2,103,2.142857142857143,0.0,0.0,0.1832666666666667,11.025,6.0,8,20.03703389633096,,7500.0,0.0,0.0,0.0,42.206834029927606,optimal
2021-02-11 06:30:00,2,103,2.142857142857143,0.0,5.0,0.0673333333333333,10.7835,6.0,8,20.10052019100694,,7500.0,0.0,0.0,0.0,44.53962719589768,optimal
2021-02-11 07:00:00,2,103,2.142857142857143,0.0,2.474911793618716,0.1657666666666666,11.025,6.0,8,20.16340156442364,,7500.0,0.0,0.0,0.0,45.670670670670674,optimal
2021-02-11 07:30:00,2,103,2.142857142857143,0.0,5.0,0.2007,10.584,6.0,8,20.23612597327196,,7500.0,0.0,0.0,0.0,48.0,optimal
2021-02-11 08:00:00,2,103,2.142857142857143,0.0,0.0,0.1426333333333333,11.025,6.0,8,20.311924637240253,,7500.0,0.0,0.0,0.0,47.87771449902024,optimal
2021-02-11 08:30:00,2,103,2.142857142857143,0.0,0.0,0.1323,10.4265,6.0,8,20.373932477347857,,7500.0,0.0,0.0,0.0,47.75555128354145,optimal
2021-02-11 09:00:00,2,103,2.142857142857143,0.0,0.0,0.074,12.789,6.0,8,20.42963170155004,,7500.0,0.0,0.0,0.0,47.633510231278144,optimal
2021-02-11 09:30:00,2,103,2.142857142857143,0.0,0.0,0.18,12.684,6.0,8,20.483170496255987,,7500.0,0.0,0.0,0.0,47.5115912200671,optimal
2021-02-11 10:00:00,2,103,2.142857142857143,0.0,0.0,0.0846,16.254,6.0,8,20.54618327228183,,7500.0,0.0,0.0,0.0,47.38979412786728,optimal
2021-02-11 10:30:00,2,103,2.142857142857143,0.0,0.0,0.074,17.64,6.0,8,20.61438749936424,,7500.0,0.0,0.0,0.0,47.26811883275965,optimal
2021-02-11 11:00:00,2,103,0.0,0.0,0.0,0.074,19.1625,6.0,8,20.67933716149949,,0.0,0.0,0.0,0.0,47.14656521294712,optimal
2021-02-11 11:30:00,2,103,0.0,0.0,0.0,0.1323,26.46,6.0,8,20.58339210120153,,0.0,0.0,0.0,0.0,47.02513314675441,optimal
2021-02-11 12:00:00,2,103,0.0,0.0,0.0,0.1323,20.79,6.0,8,20.49251206408428,,0.0,0.0,0.0,0.0,46.9038225126279,optimal
2021-02-11 12:30:00,2,103,0.0,0.0,0.0,0.0793,29.106,6.0,8,20.405446834380523,,0.0,0.0,0.0,0.0,46.78263318913551,optimal
2021-02-11 13:00:00,2,103,0.0,0.0,0.0,0.1853,19.1835,6.0,8,20.32060976421348,,0.0,0.0,0.0,0.0,46.66156505496661,optimal
2021-02-11 13:30:00,2,103,0.0,0.0,0.0,0.074,19.6665,6.0,8,20.241337759171174,,0.0,0.0,0.0,0.0,46.54061798893188,optimal
2021-02-11 14:00:00,2,103,0.0,0.0,0.0,0.3094333333333333,19.404,6.0,8,20.160536143961608,,0.0,0.0,0.0,0.0,46.419791869963184,optimal
2021-02-11 14:30:00,2,103,0.0,0.0,0.0,0.5014333333333333,19.047,6.0,8,20.08899808707101,,0.0,0.0,0.0,0.0,46.29908657711346,optimal
2021-02-11 15:00:00,2,103,1.5363182105008717,0.0,0.0,1.6507,18.858,6.0,8,20.020956935558434,,5377.11373675305,0.0,0.0,0.0,46.17850198955658,optimal
2021-02-11 15:30:00,2,103,0.0,0.0,0.0,0.5175333333333333,19.2675,6.0,8,20.07152866956013,,0.0,0.0,0.0,0.0,46.05803798658726,optimal
2021-02-11 16:00:00,2,103,1.0387326986497405,0.0,0.0,0.5051,18.963,6.0,8,20.0,,3635.564445274091,0.0,0.0,0.0,45.937694447620906,optimal
2021-02-11 16:30:00,2,103,2.142857142857143,0.0,0.0,0.4278,18.438,6.0,8,20.0,,7500.0,0.0,0.0,0.0,45.81747125219352,optimal
2021-02-11 17:00:00,2,103,0.0646630982201909,0.0,0.0,0.3944,18.7425,6.0,8,20.079193848895155,,226.32084377066823,0.0,0.0,0.0,45.697368279961566,optimal
2021-02-11 17:30:00,2,103,2.142857142857143,0.0,0.0,0.539,15.2145,6.0,8,20.0,,7500.0,0.0,0.0,0.0,45.57738541070184,optimal
2021-02-11 18:00:00,2,103,0.0,0.0,0.0,1.9342,17.7765,6.0,8,20.07718678460623,,0.0,0.0,0.0,0.0,45.45752252431138,optimal
2021-02-11 18:30:00,2,103,0.9206611693049735,0.0,0.0,0.6808,16.758,6.0,8,20.01630008227613,,3222.3140925674074,0.0,0.0,0.0,45.33777950080731,optimal
2021-02-11 19:00:00,2,103,2.142857142857143,0.0,0.0,1.128766666666667,16.422,6.0,8,20.0,,7500.0,0.0,0.0,0.0,45.21815622032674,optimal
2021-02-11 19:30:00,2,103,1.4879240951976846,0.0,0.0,1.466,16.758,6.0,8,20.069308226426685,,5207.734333191896,0.0,0.0,0.0,45.09865256312665,optimal
2021-02-11 20:00:00,2,103,0.0,0.0,0.0,1.4979,29.358,6.0,8,20.09264541869388,,0.0,0.0,0.0,0.0,44.97926840958376,optimal
2021-02-11 20:30:00,2,103,0.0,0.0,0.0,0.5079,34.9965,6.0,8,20.0,,0.0,0.0,0.0,0.0,44.934289141174176,optimal
2021-02-11 21:00:00,2,103,0.0,0.0,0.0,0.2448,34.65,6.0,8,19.90376418197553,,0.0,0.0,0.0,0.0,44.889354852033,optimal
2021-02-11 21:30:00,2,103,0.0,0.0,0.0,0.3141,34.9965,6.0,8,19.80896902160777,,0.0,0.0,0.0,0.0,44.84446549718097,optimal
2021-02-11 22:00:00,2,103,0.0,0.0,0.0,1.0566333333333335,34.9965,6.0,8,19.716598028664613,,0.0,0.0,0.0,0.0,44.79962103168379,optimal
2021-02-11 22:30:00,2,103,0.0,0.0,0.0,0.8419333333333333,30.4815,6.0,8,19.625474012874765,,0.0,0.0,0.0,0.0,44.754821410652106,optimal
2021-02-11 23:00:00,2,103,0.0,0.0,0.0,0.2012666666666666,21.4305,6.0,8,19.532098785604944,,0.0,0.0,0.0,0.0,44.71006658924146,optimal
2021-02-11 23:30:00,2,103,0.0398095238095238,0.0,0.0,0.3107333333333333,14.3325,6.0,8,19.42933131534653,,0.0,0.0,139.33333333333331,0.0,44.66535652265222,optimal
2021-02-12 00:00:00,2,103,2.142857142857143,0.0,0.0,0.1163333333333333,10.3635,6.0,0,19.42933131534653,,7500.0,0.0,0.0,0.0,44.62069116612957,optimal
2021-02-12 00:30:00,2,103,2.142857142857143,0.0,0.0,0.1583333333333333,10.8045,6.0,0,19.475192917054056,,0.0,0.0,7500.0,0.0,44.57607047496344,optimal
2021-02-12 01:00:00,2,103,2.142857142857143,0.0,0.0,0.1364666666666666,11.025,6.0,0,19.36385251777924,,0.0,0.0,7500.0,0.0,44.53149440448848,optimal
2021-02-12 01:30:00,2,103,2.142857142857143,0.0,0.0,0.1466,10.3635,6.0,0,19.25255693232807,,7382.333333333333,0.0,117.66666666666669,0.0,44.48696291008399,optimal
2021-02-12 02:00:00,2,103,2.142857142857143,0.0,0.0,0.2723333333333333,10.8045,6.0,0,19.297834365976176,,7500.0,0.0,0.0,0.0,44.442475947173904,optimal
2021-02-12 02:30:00,2,103,2.142857142857143,0.0,0.0,0.2461333333333333,10.059,6.0,0,19.34890333260634,,7500.0,0.0,0.0,0.0,44.39803347122673,optimal
2021-02-12 03:00:00,2,103,2.142857142857143,0.0,0.0,0.2986666666666667,10.584,6.0,0,19.40366977012691,,7500.0,0.0,0.0,0.0,44.35363543775551,optimal
2021-02-12 03:30:00,2,103,2.142857142857143,0.0,5.0,0.1786666666666666,9.4185,6.0,0,19.460503039686568,,7500.0,0.0,0.0,0.0,46.68428180231775,optimal
2021-02-12 04:00:00,2,103,2.142857142857143,0.0,0.0,0.1794,10.3635,6.0,0,19.5141298873782,,7500.0,0.0,0.0,0.0,46.63759752051543,optimal
2021-02-12 04:30:00,2,103,2.142857142857143,0.0,3.778471269227827,0.1596666666666666,9.8385,6.0,0,19.57070456199848,,7500.0,0.0,0.0,0.0,48.38573377587813,optimal
2021-02-12 05:00:00,2,103,2.142857142857143,0.0,0.0,0.2920666666666666,11.067,6.0,0,19.629782858511856,,7500.0,0.0,0.0,0.0,48.33734804210225,optimal
2021-02-12 05:30:00,2,103,2.142857142857143,0.0,0.0,0.0856666666666666,10.8465,6.0,0,19.694555887488026,,7500.0,0.0,0.0,0.0,48.28901069406015,optimal
2021-02-12 06:00:00,2,103,2.142857142857143,0.0,0.0,0.5245,13.671,6.0,0,19.7583196038464,,7500.0,0.0,0.0,0.0,48.24072168336608,optimal
2021-02-12 06:30:00,2,103,2.142857142857143,0.0,0.0,0.3580666666666666,12.348,6.0,0,19.835961926519705,,7500.0,0.0,0.0,0.0,48.19248096168271,optimal
2021-02-12 07:00:00,2,103,2.142857142857143,0.0,0.0,0.2936666666666667,14.3325,6.0,0,19.91225670914565,,7500.0,0.0,0.0,0.0,48.144288480721016,optimal
2021-02-12 07:30:00,2,103,1.3638493461217756,0.0,0.0,1.2373333333333332,15.393,6.0,0,19.98975365602964,,4773.472711426215,0.0,0.0,0.0,48.096144192240295,optimal
2021-02-12 08:00:00,2,103,2.142857142857143,0.0,0.0,0.3832666666666666,13.587,6.0,0,20.01087200992501,,7500.0,0.0,0.0,0.0,48.048048048048045,optimal
2021-02-12 08:30:00,2,103,0.0,0.0,0.0,1.3100999999999998,16.1385,6.0,0,20.08337480827465,,0.0,0.0,0.0,0.0,48.0,optimal
2021-02-12 09:00:00,2,103,1.171899863958512,0.0,0.0,0.6373666666666666,14.595,6.0,0,20.0,,4101.649523854792,0.0,0.0,0.0,47.88446295158384,optimal
2021-02-12 09:30:00,2,103,1.09816650159426,0.0,0.0,0.4285,14.637,6.0,0,20.0,,3843.5827555799096,0.0,0.0,0.0,47.7690414402161,optimal
2021-02-12 10:00:00,2,103,0.9472426338707346,0.0,0.0,0.4852666666666666,13.9125,6.0,0,20.0,,3315.349218547571,0.0,0.0,0.0,47.653735350359725,optimal
2021-02-12 10:30:00,2,103,0.9535075636573578,0.0,0.0,0.2547666666666667,13.3665,6.0,0,20.0,,3337.2764728007523,0.0,0.0,0.0,47.53854456659321,optimal
2021-02-12 11:00:00,2,103,2.142857142857143,0.0,0.0,0.4594666666666666,13.0095,6.0,0,20.0,,5967.333333333333,0.0,1532.6666666666667,0.0,47.42346897361046,optimal
2021-02-12 11:30:00,2,103,0.0,0.0,0.0,2.8795,13.8915,6.0,0,20.06115416476335,,0.0,0.0,0.0,0.0,47.30850845622069,optimal
2021-02-12 12:00:00,2,103,1.181848867812261,0.0,0.0,2.868,13.188,6.0,0,20.00732320166009,,4136.471037342913,0.0,0.0,0.0,47.19366289934832,optimal
2021-02-12 12:30:00,2,103,2.142857142857143,0.0,0.0,0.9662333333333332,12.5685,6.0,0,20.02222915022574,,7500.0,0.0,0.0,0.0,47.078932188032816,optimal
2021-02-12 13:00:00,2,103,2.142857142857143,0.0,0.0,0.073,12.285,6.0,0,20.10389279591361,,7500.0,0.0,0.0,0.0,46.964316207428624,optimal
2021-02-12 13:30:00,2,103,2.142857142857143,0.0,0.0,0.2226666666666666,11.487,6.0,0,20.177513978952188,,7500.0,0.0,0.0,0.0,46.84981484280504,optimal
2021-02-12 14:00:00,2,103,2.142857142857143,0.0,0.0,0.1226666666666666,11.802,6.0,0,20.25349804212464,,7500.0,0.0,0.0,0.0,46.73542797954608,optimal
2021-02-12 14:30:00,2,103,2.142857142857143,0.0,0.0,0.0958,11.2245,6.0,0,20.32657868011683,,7500.0,0.0,0.0,0.0,46.62115550315037,optimal
2021-02-12 15:00:00,2,103,2.142857142857143,0.0,0.0,0.2736,11.025,6.0,0,20.39830855186568,,7500.0,0.0,0.0,0.0,46.50699729923106,optimal
2021-02-12 15:30:00,2,103,2.142857142857143,0.0,0.0,0.7276666666666667,11.907,6.0,0,20.473002101345823,,7500.0,0.0,0.0,0.0,46.39295325351567,optimal
2021-02-12 16:00:00,2,103,0.0,0.0,0.0,0.3147666666666666,25.83,6.0,0,20.558838511416624,,0.0,0.0,0.0,0.0,46.279023251846,optimal
2021-02-12 16:30:00,2,103,0.0,0.0,0.0,0.2163333333333333,28.035,6.0,0,20.477921454650907,,0.0,0.0,0.0,0.0,46.165207180178,optimal
2021-02-12 17:00:00,2,103,0.0,0.0,0.0,0.2465333333333333,28.119,6.0,0,20.39044826864118,,0.0,0.0,0.0,0.0,46.05150492458166,optimal
2021-02-12 17:30:00,2,103,0.0,0.0,0.0,0.3736333333333333,30.156,6.0,0,20.30496218116839,,0.0,0.0,0.0,0.0,45.93791637124092,optimal
2021-02-12 18:00:00,2,103,0.0,0.0,0.0,0.3258666666666667,29.1585,6.0,0,20.22358524622713,,0.0,0.0,0.0,0.0,45.82444140645352,optimal
2021-02-12 18:30:00,2,103,0.0,0.0,0.0,0.2483333333333333,26.712,6.0,0,20.14510736797101,,0.0,0.0,0.0,0.0,45.71107991663091,optimal
2021-02-12 19:00:00,2,103,0.0,0.0,0.0,0.5559,15.435,6.0,0,20.069356305139067,,0.0,0.0,0.0,0.0,45.59783178829812,optimal
2021-02-12 19:30:00,2,103,1.0111647713603331,0.0,0.0,0.3466666666666667,13.566,6.0,0,20.0,,3539.0766997611654,0.0,0.0,0.0,45.48469690809367,optimal
2021-02-12 20:00:00,2,103,0.940257586532758,0.0,0.0,1.1099,12.789,6.0,0,20.0,,3290.901552864653,0.0,0.0,0.0,45.37167516276942,optimal
2021-02-12 20:30:00,2,103,0.0597142857142857,0.0,0.0,1.8416666666666668,12.1275,6.0,0,20.0,,0.0,0.0,209.0,0.0,45.32630348760665,optimal
2021-02-12 21:00:00,2,103,0.0,0.0,0.0,0.4288666666666667,13.671,6.0,0,19.935372255375896,,0.0,0.0,0.0,0.0,45.280977184119045,optimal
2021-02-12 21:30:00,2,103,0.2189523809523809,0.0,0.0,0.3308333333333333,10.668,6.0,0,19.866687837155883,,0.0,0.0,766.3333333333334,0.0,45.235696206934925,optimal
2021-02-12 22:00:00,2,103,0.0,0.0,0.0,0.6954,11.7285,6.0,0,19.795290266168426,,0.0,0.0,0.0,0.0,45.19046051072799,optimal
2021-02-12 22:30:00,2,103,0.0,0.0,0.0,0.3495666666666666,11.025,6.0,0,19.733013058472533,,0.0,0.0,0.0,0.0,45.14527005021726,optimal
2021-02-12 23:00:00,2,103,0.0,0.0,0.0,0.5200666666666667,10.689,6.0,0,19.66187969900334,,0.0,0.0,0.0,0.0,45.10012478016704,optimal
2021-02-12 23:30:00,2,103,0.0,0.0,0.0,0.3805,8.1585,6.0,0,19.594174685854764,,0.0,0.0,0.0,0.0,45.05502465538687,optimal
2021-02-13 00:00:00,2,103,2.142857142857143,0.0,0.0,0.062,10.059,6.0,-1,19.594174685854764,,7500.0,0.0,0.0,0.0,45.00996963073148,optimal
2021-02-13 00:30:00,2,103,2.142857142857143,0.0,0.0,0.0923333333333333,9.261,6.0,-1,19.667891044346355,,0.0,0.0,7500.0,0.0,44.96495966110075,optimal
2021-02-13 01:00:00,2,103,2.142857142857143,0.0,0.0,0.0776666666666666,8.1585,6.0,-1,19.584470783786603,,4828.666666666666,0.0,2671.333333333333,0.0,44.91999470143965,optimal
2021-02-13 01:30:00,2,103,2.142857142857143,0.0,0.0,0.052,9.4815,6.0,-1,19.60299247182276,,7500.0,0.0,0.0,0.0,44.87507470673821,optimal
2021-02-13 02:00:00,2,103,2.142857142857143,0.0,0.0,0.052,8.379,6.0,-1,19.67734932923652,,7500.0,0.0,0.0,0.0,44.83019963203147,optimal
2021-02-13 02:30:00,2,103,2.142857142857143,0.0,0.0,0.052,9.5235,6.0,-1,19.75159568731416,,7500.0,0.0,0.0,0.0,44.78536943239944,optimal
2021-02-13 03:00:00,2,103,2.142857142857143,0.0,0.0,0.052,8.1375,6.0,-1,19.825505213216104,,7500.0,0.0,0.0,0.0,44.740584062967045,optimal
2021-02-13 03:30:00,2,103,2.142857142857143,0.0,0.0,0.118,10.0905,6.0,-1,19.89907943504308,,7500.0,0.0,0.0,0.0,44.69584347890408,optimal
2021-02-13 04:00:00,2,103,2.142857142857143,0.0,5.0,0.0546666666666666,7.539,6.0,-1,19.973482366738697,,7500.0,0.0,0.0,0.0,47.026147635425176,optimal
2021-02-13 04:30:00,2,103,2.142857142857143,0.0,2.757661486885049,0.0886666666666666,7.938,6.0,-1,20.04593159487831,,7500.0,0.0,0.0,0.0,48.28901069406015,optimal
2021-02-13 05:00:00,2,103,2.142857142857143,0.0,0.0,0.0886666666666666,8.274,6.0,-1,20.1182159541997,,7500.0,0.0,0.0,0.0,48.24072168336608,optimal
2021-02-13 05:30:00,2,103,2.142857142857143,0.0,0.0,0.052,9.261,6.0,-1,20.18987308368859,,7500.0,0.0,0.0,0.0,48.19248096168271,optimal
2021-02-13 06:00:00,2,103,2.142857142857143,0.0,0.0,0.0513333333333333,9.9225,6.0,-1,20.25997961094416,,7500.0,0.0,0.0,0.0,48.144288480721016,optimal
2021-02-13 06:30:00,2,103,2.142857142857143,0.0,0.0,0.4786333333333333,9.702,6.0,-1,20.330317821615484,,7500.0,0.0,0.0,0.0,48.096144192240295,optimal
2021-02-13 07:00:00,2,103,2.142857142857143,0.0,0.0,2.054766666666667,10.584,6.0,-1,20.419714340789103,,7500.0,0.0,0.0,0.0,48.048048048048045,optimal
2021-02-13 07:30:00,2,103,2.142857142857143,0.0,0.0,0.8997,10.143,6.0,-1,20.510566452122323,,7500.0,0.0,0.0,0.0,48.0,optimal
2021-02-13 08:00:00,2,103,0.0,0.0,0.0,3.1942,13.0095,6.0,-1,20.597896638587084,,0.0,0.0,0.0,0.0,47.79016306849745,optimal
2021-02-13 08:30:00,2,103,2.142857142857143,0.0,0.0,0.6383,11.025,6.0,-1,20.53338082947839,,7500.0,0.0,0.0,0.0,47.5805359739264,optimal
2021-02-13 09:00:00,2,103,0.0,0.0,0.0,0.2358,12.789,6.0,-1,20.619677858236106,,0.0,0.0,0.0,0.0,47.371118506449925,optimal
2021-02-13 09:30:00,2,103,0.0,0.0,0.0,0.8663666666666667,12.1275,6.0,-1,20.547008609896192,,0.0,0.0,0.0,0.0,47.16191045644093,optimal
2021-02-13 10:00:00,2,103,0.0,0.0,0.0,1.7608333333333333,12.1695,6.0,-1,20.492843234035167,,0.0,0.0,0.0,0.0,46.95291161448194,optimal
2021-02-13 10:30:00,2,103,0.0,0.0,0.0,0.6022000000000001,12.306,6.0,-1,20.45259706886566,,0.0,0.0,0.0,0.0,46.74412177136491,optimal
2021-02-13 11:00:00,2,103,0.0,0.0,0.0,0.6374666666666667,13.23,6.0,-1,20.390724755026607,,0.0,0.0,0.0,0.0,46.53554071809099,optimal
2021-02-13 11:30:00,2,103,0.0,0.0,0.0,1.8957,13.671,6.0,-1,20.32283294288365,,0.0,0.0,0.0,0.0,46.327168245870354,optimal
2021-02-13 12:00:00,2,103,0.0,0.0,0.0,0.7757666666666666,13.9335,6.0,-1,20.249944272165006,,0.0,0.0,0.0,0.0,46.11900414612193,optimal
2021-02-13 12:30:00,2,103,0.0,0.0,0.0,0.29,13.293,6.0,-1,20.17071180325996,,0.0,0.0,0.0,0.0,45.91104821047326,optimal
2021-02-13 13:00:00,2,103,0.4056178793892533,0.0,0.0,0.3237,12.1065,6.0,-1,20.090254003889694,,1419.6625778623866,0.0,0.0,0.0,45.70330023076024,optimal
2021-02-13 13:30:00,2,103,2.142857142857143,0.0,0.0,0.311,11.571,6.0,-1,20.04087195316947,,7500.0,0.0,0.0,0.0,45.49575999902693,optimal
2021-02-13 14:00:00,2,103,2.142857142857143,0.0,0.0,0.7554,11.025,6.0,-1,20.131956428960248,,7500.0,0.0,0.0,0.0,45.28842730752535,optimal
2021-02-13 14:30:00,2,103,2.142857142857143,0.0,0.0,1.8756,10.8465,6.0,-1,20.22933205804469,,7500.0,0.0,0.0,0.0,45.08130194871528,optimal
2021-02-13 15:00:00,2,103,2.142857142857143,0.0,0.0,2.2943,11.2455,6.0,-1,20.32957725609569,,7500.0,0.0,0.0,0.0,44.87438371526402,optimal
2021-02-13 15:30:00,2,103,0.0,0.0,0.0,0.4380666666666666,23.8665,6.0,-1,20.43349175960188,,0.0,0.0,0.0,0.0,44.66767240004621,optimal
2021-02-13 16:00:00,2,103,0.0,0.0,0.0,0.3611,27.4575,6.0,-1,20.37105274884346,,0.0,0.0,0.0,0.0,44.46116779614361,optimal
2021-02-13 16:30:00,2,103,0.0,0.0,0.0,0.7122,27.3735,6.0,-1,20.305702079916948,,0.0,0.0,0.0,0.0,44.25486969684492,optimal
2021-02-13 17:00:00,2,103,0.0,0.0,0.0,2.2177,30.4605,6.0,-1,20.25104005157352,,0.0,0.0,0.0,0.0,44.04877789564553,optimal
2021-02-13 17:30:00,2,103,0.0,0.0,0.0,0.1392,30.0195,6.0,-1,20.193356877748432,,0.0,0.0,0.0,0.0,43.84289218624733,optimal
2021-02-13 18:00:00,2,103,0.0,0.0,0.0,2.130733333333333,26.9325,6.0,-1,20.13266728638173,,0.0,0.0,0.0,0.0,43.637212362558536,optimal
2021-02-13 18:30:00,2,103,0.0,0.0,0.0,0.3173666666666667,14.595,6.0,-1,20.07353040077256,,0.0,0.0,0.0,0.0,43.43173821869343,optimal
2021-02-13 19:00:00,2,103,0.8339976704736879,0.0,0.0,0.3533666666666666,12.4845,6.0,-1,20.0,,2918.9918466579074,0.0,0.0,0.0,43.22646954897218,optimal
2021-02-13 19:30:00,2,103,0.8260409618365523,0.0,0.0,0.3267666666666666,12.1275,6.0,-1,20.0,,2891.143366427933,0.0,0.0,0.0,43.021406147920665,optimal
2021-02-13 20:00:00,2,103,0.7676452055803659,0.0,0.0,2.1376,12.1275,6.0,-1,20.0,,2686.7582195312807,0.0,0.0,0.0,42.816547810270194,optimal
2021-02-13 20:30:00,2,103,0.0,0.0,0.0,1.2169666666666668,12.789,6.0,-1,20.0,,0.0,0.0,0.0,0.0,42.773731262459926,optimal
2021-02-13 21:00:00,2,103,0.0,0.0,0.0,1.4426333333333334,11.907,6.0,-1,19.935246948185057,,0.0,0.0,0.0,0.0,42.73095753119747,optimal
2021-02-13 21:30:00,2,103,0.0,0.0,0.0,0.2986666666666667,11.025,6.0,-1,19.87723883857188,,0.0,0.0,0.0,0.0,42.68822657366627,optimal
2021-02-13 22:00:00,2,103,0.0,0.0,0.0,0.2898333333333333,8.2005,6.0,-1,19.81033473966608,,0.0,0.0,0.0,0.0,42.64553834709261,optimal
2021-02-13 22:30:00,2,103,0.0,0.0,0.0,0.062,9.5655,6.0,-1,19.741494910308468,,0.0,0.0,0.0,0.0,42.60289280874551,optimal
2021-02-13 23:00:00,2,103,0.0,0.0,0.0,0.062,7.056,6.0,-1,19.65557713326504,,0.0,0.0,0.0,0.0,42.56028991593677,optimal
2021-02-13 23:30:00,2,103,0.0,0.0,0.0,0.0803333333333333,9.3975,6.0,-1,19.57027597206304,,0.0,0.0,0.0,0.0,42.51772962602082,optimal
2021-02-07 00:00:00,3,103,0.0,0.0,0.0,0.064,10.3635,6.0,-1,21.0,,0.0,0.0,0.0,0.0,47.952,optimal
2021-02-07 00:30:00,3,103,2.0,0.0,0.0,0.064,8.274,6.0,-1,20.924675754370416,,7000.0,0.0,0.0,0.0,47.904048,optimal
2021-02-07 01:00:00,3,103,2.0,0.0,0.0,0.064,7.7175,6.0,-1,20.99659241733633,,7000.0,0.0,0.0,0.0,47.856143952,optimal
2021-02-07 01:30:00,3,103,2.0,0.0,0.0,0.064,6.615,6.0,-1,21.06772914893421,,7000.0,0.0,0.0,0.0,47.80828780804799,optimal
2021-02-07 02:00:00,3,103,2.0,0.0,0.0,0.064,6.174,6.0,-1,21.13831632160531,,7000.0,0.0,0.0,0.0,47.76047952023995,optimal
2021-02-07 02:30:00,3,103,2.0,0.0,0.0,0.064,3.906,6.0,-1,21.20835642852417,,7000.0,0.0,0.0,0.0,47.712719040719705,optimal
2021-02-07 03:00:00,3,103,2.0,0.0,0.0,0.064,2.3415,6.0,-1,21.277625117414527,,7000.0,0.0,0.0,0.0,47.66500632167899,optimal
2021-02-07 03:30:00,3,103,2.0,0.0,0.0,0.064,2.205,6.0,-1,21.346125887955296,,7000.0,0.0,0.0,0.0,47.61734131535731,optimal
2021-02-07 04:00:00,3,103,2.0,0.0,1.514287831617256,0.064,0.882,6.0,-1,21.41408905808848,,7000.0,0.0,0.0,0.0,48.28901069406015,optimal
2021-02-07 04:30:00,3,103,2.0,0.0,0.0,0.064,1.5435,6.0,-1,21.481517066736608,,7000.0,0.0,0.0,0.0,48.24072168336608,optimal
2021-02-07 05:00:00,3,103,2.0,0.0,0.0,0.064,1.5435,6.0,-1,21.548639175897613,,7000.0,0.0,0.0,0.0,48.19248096168271,optimal
2021-02-07 05:30:00,3,103,2.0,0.0,0.0,0.064,5.0715,6.0,-1,21.61545677334044,,7000.0,0.0,0.0,0.0,48.144288480721016,optimal
2021-02-07 06:00:00,3,103,2.0,0.0,0.0,0.064,5.376,6.0,-1,21.68197124053816,,7000.0,0.0,0.0,0.0,48.096144192240295,optimal
2021-02-07 06:30:00,3,103,2.0,0.0,0.0,0.064,5.0715,6.0,-1,21.748183952696536,,7000.0,0.0,0.0,0.0,48.048048048048045,optimal
2021-02-07 07:00:00,3,103,2.0,0.0,0.0,0.073,5.5125,6.0,-1,21.81386944464245,,7000.0,0.0,0.0,0.0,48.0,optimal
2021-02-07 07:30:00,3,103,2.0,0.0,0.0,0.077,9.261,6.0,-1,21.88370189537992,,7000.0,0.0,0.0,0.0,47.862275752588445,optimal
2021-02-07 08:00:00,3,103,0.0,0.0,0.0,0.0960999999999999,11.7075,6.0,-1,21.954263169459463,,0.0,0.0,0.0,0.0,47.72468922942431,optimal
2021-02-07 08:30:00,3,103,0.0,0.0,0.0,0.258,12.348,6.0,-1,21.873714070591667,,0.0,0.0,0.0,0.0,47.58724029278333,optimal
2021-02-07 09:00:00,3,103,0.0,0.0,0.0,0.062,12.348,6.0,-1,21.79493637326103,,0.0,0.0,0.0,0.0,47.44992880507899,optimal
2021-02-07 09:30:00,3,103,0.0,0.0,0.0,0.3597333333333333,12.1275,6.0,-1,21.7098050045825,,0.0,0.0,0.0,0.0,47.31275462886236,optimal
2021-02-07 10:00:00,3,103,0.0,0.0,0.0,1.665,12.5265,6.0,-1,21.62943094801356,,0.0,0.0,0.0,0.0,47.17571762682194,optimal
2021-02-07 10:30:00,3,103,0.0,0.0,0.0,0.1396333333333333,11.7495,6.0,-1,21.55343588769446,,0.0,0.0,0.0,0.0,47.03881766178357,optimal
2021-02-07 11:00:00,3,103,0.0,0.0,0.0,0.1538,13.23,6.0,-1,21.470014802823822,,0.0,0.0,0.0,0.0,46.90205459671023,optimal
2021-02-07 11:30:00,3,103,0.0,0.0,0.0,0.2386,14.3325,6.0,-1,21.38470241689885,,0.0,0.0,0.0,0.0,46.76542829470197,optimal
2021-02-07 12:00:00,3,103,0.0,0.0,0.0,0.3231666666666667,14.994,6.0,-1,21.300444223799296,,0.0,0.0,0.0,0.0,46.62893861899571,optimal
2021-02-07 12:30:00,3,103,0.0,0.0,0.0,0.4156,14.8155,6.0,-1,21.21783818506773,,0.0,0.0,0.0,0.0,46.49258543296517,optimal
2021-02-07 13:00:00,3,103,0.0,0.0,0.0,0.2642666666666666,14.112,6.0,-1,21.139616725746905,,0.0,0.0,0.0,0.0,46.356368600120646,optimal
2021-02-07 13:30:00,3,103,0.0,0.0,0.0,0.211,14.007,6.0,-1,21.06085198096781,,0.0,0.0,0.0,0.0,46.22028798410897,optimal
2021-02-07 14:00:00,3,103,0.0,0.0,0.0,0.2187333333333332,13.23,6.0,-1,20.98205532572315,,0.0,0.0,0.0,0.0,46.08434344871331,optimal
2021-02-07 14:30:00,3,103,0.0,0.0,0.0,1.6251,11.382,6.0,-1,20.902070816657574,,0.0,0.0,0.0,0.0,45.94853485785305,optimal
2021-02-07 15:00:00,3,103,0.0,0.0,0.0,0.136,11.7495,6.0,-1,20.82612139649283,,0.0,0.0,0.0,0.0,45.812862075583645,optimal
2021-02-07 15:30:00,3,103,0.0,0.0,0.0,0.1376666666666666,24.3285,6.0,-1,20.740279492499493,,0.0,0.0,0.0,0.0,45.677324966096506,optimal
2021-02-07 16:00:00,3,103,0.0,0.0,0.0,0.3837333333333333,28.917,6.0,-1,20.65414652357548,,0.0,0.0,0.0,0.0,45.54192339371885,optimal
2021-02-07 16:30:00,3,103,0.0,0.0,0.0,0.2798333333333333,31.3635,6.0,-1,20.57347225405873,,0.0,0.0,0.0,0.0,45.40665722291358,optimal
2021-02-07 17:00:00,3,103,0.0,0.0,0.0,0.064,33.306,6.0,-1,20.490992609459298,,0.0,0.0,0.0,0.0,45.27152631827912,optimal
2021-02-07 17:30:00,3,103,0.0,0.0,0.0,0.165,31.3425,6.0,-1,20.40546061287716,,0.0,0.0,0.0,0.0,45.13653054454928,optimal
2021-02-07 18:00:00,3,103,0.0,0.0,0.0,0.24,28.2555,6.0,-1,20.32582381734768,,0.0,0.0,0.0,0.0,45.00166976659318,optimal
2021-02-07 18:30:00,3,103,0.0,0.0,0.0,0.5549666666666667,15.6975,6.0,-1,20.25498429126201,,0.0,0.0,0.0,0.0,44.86694384941504,optimal
2021-02-07 19:00:00,3,103,0.0,0.0,0.0,0.3323666666666667,12.5475,6.0,-1,20.19324154638739,,0.0,0.0,0.0,0.0,44.73235265815407,optimal
2021-02-07 19:30:00,3,103,0.0,0.0,0.0,0.3788,12.0855,6.0,-1,20.12771847651103,,0.0,0.0,0.0,0.0,44.597896058084366,optimal
2021-02-07 20:00:00,3,103,0.0816192305404525,0.0,0.0,0.2381,11.907,6.0,-1,20.061809929125545,,285.667306891584,0.0,0.0,0.0,44.46357391461473,optimal
2021-02-07 20:30:00,3,103,0.0,0.0,0.0,0.405,12.5685,6.0,-1,20.0,,0.0,0.0,0.0,0.0,44.32938609328856,optimal
2021-02-07 21:00:00,3,103,0.0,0.0,0.0,0.4801666666666667,13.146,6.0,-1,19.93805960365564,,0.0,0.0,0.0,0.0,44.19533245978372,optimal
2021-02-07 21:30:00,3,103,0.0,0.0,0.0,0.4155333333333333,10.584,6.0,-1,19.87568200950384,,0.0,0.0,0.0,0.0,44.06141287991238,optimal
2021-02-07 22:00:00,3,103,0.0,0.0,0.0,0.3645,6.678,6.0,-1,19.81408349065462,,0.0,0.0,0.0,0.0,43.92762721962092,optimal
2021-02-07 22:30:00,3,103,0.0,0.0,0.0,0.4215333333333333,7.938,6.0,-1,19.75044537148608,,0.0,0.0,0.0,0.0,43.79397534498974,optimal
2021-02-07 23:00:00,3,103,0.0,0.0,0.0,0.478,5.292,6.0,-1,19.68476427477321,,0.0,0.0,0.0,0.0,43.75018136964475,optimal
2021-02-07 23:30:00,3,103,0.0,0.0,0.0,0.2003,9.261,6.0,-1,19.62402066224333,,0.0,0.0,0.0,0.0,43.706431188275104,optimal
2021-02-08 00:00:00,3,103,2.0,0.0,0.0,0.052,11.025,6.0,1,19.62402066224333,,7000.0,0.0,0.0,0.0,43.66272475708683,optimal
2021-02-08 00:30:00,3,103,2.0,0.0,0.0,0.1700333333333333,5.9745,6.0,1,19.69523402398065,,6303.333333333335,0.0,696.6666666666652,0.0,43.619062032329744,optimal
2021-02-08 01:00:00,3,103,2.0,0.0,0.0,0.1217,7.938,6.0,1,19.75394384564579,,7000.0,0.0,0.0,0.0,43.575442970297416,optimal
2021-02-08 01:30:00,3,103,2.0,0.0,0.0,0.1558666666666666,8.6835,6.0,1,19.82603500053586,,7000.0,0.0,0.0,0.0,43.53186752732712,optimal
2021-02-08 02:00:00,3,103,2.0,0.0,0.0,0.1224666666666666,7.665,6.0,1,19.898291488850244,,7000.0,0.0,0.0,0.0,43.4883356597998,optimal
2021-02-08 02:30:00,3,103,2.0,0.0,0.0,0.1390666666666666,6.7725,6.0,1,19.969290254635983,,7000.0,0.0,0.0,0.0,43.44484732413999,optimal
2021-02-08 03:00:00,3,103,2.0,0.0,0.0,0.1256666666666666,5.5755,6.0,1,20.04054319245178,,7000.0,0.0,0.0,0.0,43.40140247681585,optimal
2021-02-08 03:30:00,3,103,2.0,0.0,5.0,0.1846666666666666,5.0925,6.0,1,20.11141763696548,,7000.0,0.0,0.0,0.0,45.73300107433904,optimal
2021-02-08 04:00:00,3,103,2.0,0.0,5.0,0.1807333333333333,4.1895,6.0,1,20.18298568652645,,7000.0,0.0,0.0,0.0,48.0622680732647,optimal
2021-02-08 04:30:00,3,103,2.0,0.0,0.0,0.0616,7.056,6.0,1,20.25391942213715,,7000.0,0.0,0.0,0.0,48.01420580519143,optimal
2021-02-08 05:00:00,3,103,2.0,0.0,0.8832466873513424,0.2053333333333332,5.271,6.0,1,20.32156988035908,,7000.0,0.0,0.0,0.0,48.38573377587813,optimal
2021-02-08 05:30:00,3,103,2.0,0.0,0.0,0.1600666666666666,7.938,6.0,1,20.39148540691313,,7000.0,0.0,0.0,0.0,48.33734804210225,optimal
2021-02-08 06:00:00,3,103,2.0,0.0,0.0,0.1694,7.938,6.0,1,20.45990403296682,,7000.0,0.0,0.0,0.0,48.28901069406015,optimal
2021-02-08 06:30:00,3,103,2.0,0.0,0.0,0.2007333333333333,11.907,6.0,1,20.52779244807901,,7000.0,0.0,0.0,0.0,48.24072168336608,optimal
2021-02-08 07:00:00,3,103,2.0,0.0,0.0,0.052,11.025,6.0,1,20.59588280511928,,7000.0,0.0,0.0,0.0,48.19248096168271,optimal
2021-02-08 07:30:00,3,103,2.0,0.0,0.0,0.2467333333333333,11.2875,6.0,1,20.66041879518797,,7000.0,0.0,0.0,0.0,48.144288480721016,optimal
2021-02-08 08:00:00,3,103,0.0142331910159374,0.0,0.0,0.3331666666666666,12.936,6.0,1,20.72921489030131,,49.81616855578118,0.0,0.0,0.0,48.096144192240295,optimal
2021-02-08 08:30:00,3,103,0.0,0.0,0.0,0.5478999999999999,13.0095,6.0,1,20.656755193712364,,0.0,0.0,0.0,0.0,48.048048048048045,optimal
2021-02-08 09:00:00,3,103,0.0,0.0,0.0,2.8914,13.671,6.0,1,20.586145304744647,,0.0,0.0,0.0,0.0,48.0,optimal
2021-02-08 09:30:00,3,103,0.0,0.0,0.0,1.1830333333333334,13.188,6.0,1,20.518787409803068,,0.0,0.0,0.0,0.0,47.7373560262204,optimal
2021-02-08 10:00:00,3,103,0.0,0.0,0.0,3.325433333333333,13.8495,6.0,1,20.451412616920976,,0.0,0.0,0.0,0.0,47.47497469641459,optimal
2021-02-08 10:30:00,3,103,2.0,0.0,0.0,1.4148333333333332,13.23,6.0,1,20.38273721021916,,7000.0,0.0,0.0,0.0,47.21285574793858,optimal
2021-02-08 11:00:00,3,103,0.0,0.0,0.0,2.630033333333333,13.3665,6.0,1,20.460415044081632,,0.0,0.0,0.0,0.0,46.95099891841105,optimal
2021-02-08 11:30:00,3,103,2.0,0.0,0.0,1.1079666666666668,13.0515,6.0,1,20.390402488262563,,7000.0,0.0,0.0,0.0,46.689403945713046,optimal
2021-02-08 12:00:00,3,103,0.0,0.0,0.0,0.6657333333333334,13.5345,6.0,1,20.468577933051023,,0.0,0.0,0.0,0.0,46.42807056798774,optimal
2021-02-08 12:30:00,3,103,0.0,0.0,0.0,0.0693666666666666,14.154,6.0,1,20.390741793371795,,0.0,0.0,0.0,0.0,46.16699852364015,optimal
2021-02-08 13:00:00,3,103,0.0,0.0,0.0,0.1527666666666667,14.112,6.0,1,20.303752401217523,,0.0,0.0,0.0,0.0,45.90618755133692,optimal
2021-02-08 13:30:00,3,103,0.0,0.0,0.0,0.1526666666666666,14.2485,6.0,1,20.21992584474229,,0.0,0.0,0.0,0.0,45.64563739000599,optimal
2021-02-08 14:00:00,3,103,2.0,0.0,0.0,0.1035666666666666,12.789,6.0,1,20.137036398042405,,7000.0,0.0,0.0,0.0,45.38534777883639,optimal
2021-02-08 14:30:00,3,103,2.0,0.0,0.0,0.1723,13.0095,6.0,1,20.20129594243444,,7000.0,0.0,0.0,0.0,45.12531845727796,optimal
2021-02-08 15:00:00,3,103,2.0,0.0,0.0,0.1508666666666666,12.1275,6.0,1,20.265854903868227,,7000.0,0.0,0.0,0.0,44.86554916504108,optimal
2021-02-08 15:30:00,3,103,2.0,0.0,0.0,0.1601666666666666,12.348,6.0,1,20.32914366727447,,7000.0,0.0,0.0,0.0,44.60603964209645,optimal
2021-02-08 16:00:00,3,103,2.0,0.0,0.0,0.2052333333333333,12.348,6.0,1,20.39258896297676,,7000.0,0.0,0.0,0.0,44.34678962867476,optimal
2021-02-08 16:30:00,3,103,0.0,0.0,0.0,0.4938333333333333,25.389,6.0,1,20.45692193176905,,0.0,0.0,0.0,0.0,44.087798865266485,optimal
2021-02-08 17:00:00,3,103,0.0,0.0,0.0,0.4257333333333333,29.1375,6.0,1,20.381071281262663,,0.0,0.0,0.0,0.0,43.82906709262163,optimal
2021-02-08 17:30:00,3,103,0.0,0.0,0.0,2.588966666666667,30.597,6.0,1,20.31013420869989,,0.0,0.0,0.0,0.0,43.57059405174941,optimal
2021-02-08 18:00:00,3,103,0.0,0.0,0.0,0.6051333333333333,33.684,6.0,1,20.24628070314712,,0.0,0.0,0.0,0.0,43.31237948391807,optimal
2021-02-08 18:30:00,3,103,0.0,0.0,0.0,0.3930666666666667,32.445,6.0,1,20.177734745979127,,0.0,0.0,0.0,0.0,43.05442313065456,optimal
2021-02-08 19:00:00,3,103,0.0,0.0,0.0,2.2294666666666667,28.917,6.0,1,20.113798164094607,,0.0,0.0,0.0,0.0,42.79672473374431,optimal
2021-02-08 19:30:00,3,103,0.0,0.0,0.0,1.1686666666666667,15.876,6.0,1,20.057265748768582,,0.0,0.0,0.0,0.0,42.53928403523096,optimal
2021-02-08 20:00:00,3,103,1.0140617318201914,0.0,0.0,0.1487333333333333,12.348,6.0,1,20.0,,3549.21606137067,0.0,0.0,0.0,42.28210077741614,optimal
2021-02-08 20:30:00,3,103,0.0,0.0,0.0,0.2936666666666667,12.1275,6.0,1,20.0,,0.0,0.0,0.0,0.0,42.02517470285913,optimal
2021-02-08 21:00:00,3,103,0.0,0.0,0.0,0.2913,12.348,6.0,1,19.926464591149298,,0.0,0.0,0.0,0.0,41.76850555437668,optimal
2021-02-08 21:30:00,3,103,0.0,0.0,0.0,0.052,12.1275,6.0,1,19.84238074881432,,0.0,0.0,0.0,0.0,41.51209307504271,optimal
2021-02-08 22:00:00,3,103,0.0,0.0,0.0,0.1658333333333333,12.1275,6.0,1,19.754321508031985,,0.0,0.0,0.0,0.0,41.25593700818807,optimal
2021-02-08 22:30:00,3,103,0.0398095238095238,0.0,0.0,0.5358333333333334,11.2665,6.0,1,19.67236419213593,,0.0,0.0,139.33333333333331,0.0,41.21468107117988,optimal
2021-02-08 23:00:00,3,103,0.0,0.0,0.0,2.1026333333333334,10.143,6.0,1,19.609234093376127,,0.0,0.0,0.0,0.0,41.1734663901087,optimal
2021-02-08 23:30:00,3,103,0.0,0.0,0.0,0.1807333333333333,11.2455,6.0,1,19.54922976411105,,0.0,0.0,0.0,0.0,41.1322929237186,optimal
2021-02-09 00:00:00,3,103,2.0,0.0,5.0,0.0675333333333333,10.584,6.0,0,19.54922976411105,,7000.0,0.0,0.0,0.0,43.46616063079488,optimal
2021-02-09 00:30:00,3,103,2.0,0.0,0.0,0.1982,11.2455,6.0,0,19.616994821298512,,0.0,0.0,7000.0,0.0,43.42269447016408,optimal
2021-02-09 01:00:00,3,103,2.0,0.0,0.0,0.1294,12.1275,6.0,0,19.540077016011058,,3341.0,0.0,3659.0,0.0,43.37927177569392,optimal
2021-02-09 01:30:00,3,103,2.0,0.0,0.0,0.2047333333333333,11.823,6.0,0,19.532616140981943,,7000.0,0.0,0.0,0.0,43.335892503918224,optimal
2021-02-09 02:00:00,3,103,2.0,0.0,0.0,0.1294,11.7705,6.0,0,19.603344684859163,,7000.0,0.0,0.0,0.0,43.29255661141431,optimal
2021-02-09 02:30:00,3,103,2.0,0.0,0.9875907526701828,0.061,11.13,6.0,0,19.67171289009947,,7000.0,0.0,0.0,0.0,43.71836966232123,optimal
2021-02-09 03:00:00,3,103,2.0,0.0,0.0,0.2693333333333333,11.6865,6.0,0,19.738557916724822,,7000.0,0.0,0.0,0.0,43.67465129265891,optimal
2021-02-09 03:30:00,3,103,2.0,0.0,5.0,0.0648,10.7205,6.0,0,19.809712024434564,,7000.0,0.0,0.0,0.0,46.005976641366246,optimal
2021-02-09 04:00:00,3,103,2.0,0.0,0.0,0.2404666666666666,11.424,6.0,0,19.876691486730444,,7000.0,0.0,0.0,0.0,45.95997066472487,optimal
2021-02-09 04:30:00,3,103,2.0,0.0,5.0,0.0936666666666666,10.689,6.0,0,19.947518607703653,,7000.0,0.0,0.0,0.0,48.28901069406015,optimal
2021-02-09 05:00:00,3,103,2.0,0.0,0.0,0.1055333333333333,11.361,6.0,0,20.01448054034882,,7000.0,0.0,0.0,0.0,48.24072168336608,optimal
2021-02-09 05:30:00,3,103,2.0,0.0,0.0,0.2286,11.571,6.0,0,20.08093481783845,,7000.0,0.0,0.0,0.0,48.19248096168271,optimal
2021-02-09 06:00:00,3,103,0.8225051487403369,0.0,0.0,0.0603333333333333,14.3745,6.0,0,20.14967821687144,,2878.768020591179,0.0,0.0,0.0,48.144288480721016,optimal
2021-02-09 06:30:00,3,103,2.0,0.0,0.0,0.1831333333333333,13.23,6.0,0,20.128396447726587,,7000.0,0.0,0.0,0.0,48.096144192240295,optimal
2021-02-09 07:00:00,3,103,2.0,0.0,0.0,0.1337333333333333,13.9755,6.0,0,20.20272232097459,,7000.0,0.0,0.0,0.0,48.048048048048045,optimal
2021-02-09 07:30:00,3,103,0.0,0.0,0.0,1.328,14.994,6.0,0,20.28078757220825,,0.0,0.0,0.0,0.0,48.0,optimal
2021-02-09 08:00:00,3,103,2.0,0.0,0.0,0.1642666666666666,13.671,6.0,0,20.2180442086448,,7000.0,0.0,0.0,0.0,47.92879395053696,optimal
2021-02-09 08:30:00,3,103,0.0,0.0,0.0,0.1945333333333333,15.981,6.0,0,20.283402623883447,,0.0,0.0,0.0,0.0,47.85765910712339,optimal
2021-02-09 09:00:00,3,103,0.0,0.0,0.0,0.0938,15.6345,6.0,0,20.195193575309965,,0.0,0.0,0.0,0.0,47.78659539855323,optimal
2021-02-09 09:30:00,3,103,0.0,0.0,0.0,0.2211333333333333,16.5375,6.0,0,20.105944728979047,,0.0,0.0,0.0,0.0,47.71560275369164,optimal
2021-02-09 10:00:00,3,103,2.0,0.0,0.0,0.152,14.7735,6.0,0,20.021142199788883,,7000.0,0.0,0.0,0.0,47.64468110147492,optimal
2021-02-09 10:30:00,3,103,0.0,0.0,0.0,0.1368,15.2145,6.0,0,20.08398296929578,,0.0,0.0,0.0,0.0,47.57383037091041,optimal
2021-02-09 11:00:00,3,103,1.5323860013010968,0.0,0.0,0.1755333333333333,14.553,6.0,0,20.0,,5363.351004553839,0.0,0.0,0.0,47.50305049107647,optimal
2021-02-09 11:30:00,3,103,2.0,0.0,0.0,0.071,14.3325,6.0,0,20.031248285578908,,7000.0,0.0,0.0,0.0,47.43234139112236,optimal
2021-02-09 12:00:00,3,103,2.0,0.0,0.0,0.2178,14.595,6.0,0,20.0948333012368,,7000.0,0.0,0.0,0.0,47.3617030002682,optimal
2021-02-09 12:30:00,3,103,0.0,0.0,0.0,0.1363333333333333,14.994,6.0,0,20.161446887076224,,0.0,0.0,0.0,0.0,47.291135247804895,optimal
2021-02-09 13:00:00,3,103,2.0,0.0,0.0,0.1469333333333333,14.3325,6.0,0,20.078463672844293,,7000.0,0.0,0.0,0.0,47.22063806309406,optimal
2021-02-09 13:30:00,3,103,2.0,0.0,0.0,0.2147333333333333,13.8915,6.0,0,20.14630049222476,,7000.0,0.0,0.0,0.0,47.15021137556793,optimal
2021-02-09 14:00:00,3,103,2.0,0.0,0.0,0.1204,13.8915,6.0,0,20.211935531034943,,7000.0,0.0,0.0,0.0,47.07985511472933,optimal
2021-02-09 14:30:00,3,103,2.0,0.0,0.0,0.1814666666666666,13.4715,6.0,0,20.27506021485853,,7000.0,0.0,0.0,0.0,47.00956921015156,optimal
2021-02-09 15:00:00,3,103,2.0,0.0,0.0,0.1498666666666666,13.23,6.0,0,20.33895716611158,,7000.0,0.0,0.0,0.0,46.93935359147837,optimal
2021-02-09 15:30:00,3,103,2.0,0.0,0.0,0.1128,13.8915,6.0,0,20.401672208726414,,7000.0,0.0,0.0,0.0,46.86920818842386,optimal
2021-02-09 16:00:00,3,103,0.0,0.0,0.0,0.1874,26.9325,6.0,0,20.4633224646366,,0.0,0.0,0.0,0.0,46.7991329307724,optimal
2021-02-09 16:30:00,3,103,0.0,0.0,0.0,0.3004,30.303,6.0,0,20.3842702512098,,0.0,0.0,0.0,0.0,46.7291277483786,optimal
2021-02-09 17:00:00,3,103,0.0,0.0,0.0,1.4378,32.886,6.0,0,20.31103508152124,,0.0,0.0,0.0,0.0,46.65919257116718,optimal
2021-02-09 17:30:00,3,103,0.0,0.0,0.0,0.1005,34.9965,6.0,0,20.25688235236429,,0.0,0.0,0.0,0.0,46.58932732913298,optimal
2021-02-09 18:00:00,3,103,0.0,0.0,0.0,0.2442666666666667,33.327,6.0,0,20.183752102727,,0.0,0.0,0.0,0.0,46.51953195234081,optimal
2021-02-09 18:30:00,3,103,0.0,0.0,0.0,0.4941333333333333,31.122,6.0,0,20.115631340709125,,0.0,0.0,0.0,0.0,46.44980637092544,optimal
2021-02-09 19:00:00,3,103,0.0,0.0,0.0,1.7986666666666666,17.9025,6.0,0,20.04901084447048,,0.0,0.0,0.0,0.0,46.38015051509148,optimal
2021-02-09 19:30:00,3,103,0.8619690845296363,0.0,0.0,0.4300333333333334,15.6555,6.0,0,20.0,,3016.8917958537268,0.0,0.0,0.0,46.31056431511335,optimal
2021-02-09 20:00:00,3,103,0.8862167035772389,0.0,0.0,0.248,14.553,6.0,0,20.0,,3101.7584625203363,0.0,0.0,0.0,46.241047701335205,optimal
2021-02-09 20:30:00,3,103,0.0,0.0,0.0,0.234,14.3325,6.0,0,20.0,,0.0,0.0,0.0,0.0,46.171600604170834,optimal
2021-02-09 21:00:00,3,103,0.0796190476190476,0.0,0.0,1.6406333333333334,13.335,6.0,0,19.93055659954621,,0.0,0.0,278.66666666666663,0.0,46.125429003566666,optimal
2021-02-09 21:30:00,3,103,0.5772380952380952,0.0,0.0,0.6081,12.1275,6.0,0,19.87356285769891,,0.0,0.0,2020.333333333333,0.0,46.0793035745631,optimal
2021-02-09 22:00:00,3,103,0.0,0.0,0.0,0.3936666666666666,12.2955,6.0,0,19.81062307686264,,0.0,0.0,0.0,0.0,46.03322427098853,optimal
2021-02-09 22:30:00,3,103,0.0,0.0,0.0,0.4986666666666667,11.6865,6.0,0,19.741940775083687,,0.0,0.0,0.0,0.0,45.98719104671755,optimal
2021-02-09 23:00:00,3,103,0.6966666666666668,0.0,0.0,0.4213,11.466,6.0,0,19.67442041034129,,0.0,0.0,2438.333333333333,0.0,45.94120385567083,optimal
2021-02-09 23:30:00,3,103,0.0796190476190476,0.0,0.0,0.3051666666666667,10.8045,6.0,0,19.602558485111903,,0.0,0.0,278.66666666666663,0.0,45.89526265181516,optimal
2021-02-10 00:00:00,3,103,0.0,0.0,0.0,0.065,16.758,6.0,6,19.602558485111903,,0.0,0.0,0.0,0.0,45.84936738916334,optimal
2021-02-10 00:30:00,3,103,2.0,0.0,0.0,0.065,14.217,6.0,6,19.51827372018577,,0.0,0.0,7000.0,0.0,45.803518021774174,optimal
2021-02-10 01:00:00,3,103,2.0,0.0,0.0,0.0643333333333333,13.3665,6.0,6,19.43391766022297,,0.0,0.0,7000.0,0.0,45.7577145037524,optimal
2021-02-10 01:30:00,3,103,2.0,0.0,0.0,0.063,12.789,6.0,6,19.34975025036278,,3862.0,0.0,3138.0,0.0,45.711956789248646,optimal
2021-02-10 02:00:00,3,103,2.0,0.0,0.0,0.1314,11.907,6.0,6,19.349277602539505,,7000.0,0.0,0.0,0.0,45.6662448324594,optimal
2021-02-10 02:30:00,3,103,2.0,0.0,0.0,0.1871333333333333,11.7075,6.0,6,19.416803743443563,,7000.0,0.0,0.0,0.0,45.62057858762694,optimal
2021-02-10 03:00:00,3,103,2.0,0.0,0.7804175432906989,0.2805333333333333,10.8045,6.0,6,19.48567389163784,,7000.0,0.0,0.0,0.0,45.9456563421024,optimal
2021-02-10 03:30:00,3,103,2.0,0.0,0.0,0.317,11.508,6.0,6,19.556352075561986,,7000.0,0.0,0.0,0.0,45.89971068576028,optimal
2021-02-10 04:00:00,3,103,2.0,0.0,0.0,0.3447666666666666,11.508,6.0,6,19.62962439478608,,7000.0,0.0,0.0,0.0,45.85381097507452,optimal
2021-02-10 04:30:00,3,103,2.0,0.0,0.0,0.2351333333333333,11.508,6.0,6,19.70346652121849,,7000.0,0.0,0.0,0.0,45.80795716409944,optimal
2021-02-10 05:00:00,3,103,2.0,0.0,0.0,0.2205333333333333,11.844,6.0,6,19.777683507273537,,7000.0,0.0,0.0,0.0,45.76214920693534,optimal
2021-02-10 05:30:00,3,103,2.0,0.0,0.0,2.175,11.508,6.0,6,19.848262707627992,,7000.0,0.0,0.0,0.0,45.7163870577284,optimal
2021-02-10 06:00:00,3,103,2.0,0.0,0.0,0.315,11.508,6.0,6,19.924320576721644,,7000.0,0.0,0.0,0.0,45.670670670670674,optimal
2021-02-10 06:30:00,3,103,2.0,0.0,5.0,0.3553333333333333,10.4475,6.0,6,19.997806721426887,,7000.0,0.0,0.0,0.0,48.0,optimal
2021-02-10 07:00:00,3,103,2.0,0.0,0.0,0.3340333333333333,10.8675,6.0,6,20.07542433828329,,7000.0,0.0,0.0,0.0,47.82788799458132,optimal
2021-02-10 07:30:00,3,103,2.0,0.0,0.0,0.4315666666666666,10.542,6.0,6,20.149914045506023,,7000.0,0.0,0.0,0.0,47.65594810116806,optimal
2021-02-10 08:00:00,3,103,2.0,0.0,0.0,0.2856666666666667,11.025,6.0,6,20.225239536214723,,7000.0,0.0,0.0,0.0,47.48418014764821,optimal
2021-02-10 08:30:00,3,103,2.0,0.0,0.0,0.1613333333333333,11.025,6.0,6,20.293655380454908,,7000.0,0.0,0.0,0.0,47.31258396208188,optimal
2021-02-10 09:00:00,3,103,2.0,0.0,0.0,0.353,14.553,6.0,6,20.35180616984172,,7000.0,0.0,0.0,0.0,47.14115937270112,optimal
2021-02-10 09:30:00,3,103,2.0,0.0,0.0,0.2970666666666666,13.0935,6.0,6,20.42090816834863,,7000.0,0.0,0.0,0.0,46.96990620790974,optimal
2021-02-10 10:00:00,3,103,2.0,0.0,0.0,0.075,15.6345,6.0,6,20.491566714884723,,7000.0,0.0,0.0,0.0,46.79882429628314,optimal
2021-02-10 10:30:00,3,103,0.0,0.0,0.0,0.075,18.102,6.0,6,20.5484261958517,,0.0,0.0,0.0,0.0,46.62791346656818,optimal
2021-02-10 11:00:00,3,103,0.0,0.0,0.0,0.075,17.199,6.0,6,20.45835537114348,,0.0,0.0,0.0,0.0,46.457173547682935,optimal
2021-02-10 11:30:00,3,103,0.0,0.0,0.0,0.075,18.2805,6.0,6,20.369373672986164,,0.0,0.0,0.0,0.0,46.286604368716574,optimal
2021-02-10 12:00:00,3,103,0.0,0.0,0.0,0.075,17.4615,6.0,6,20.28124932484853,,0.0,0.0,0.0,0.0,46.116205758929176,optimal
2021-02-10 12:30:00,3,103,0.0,0.0,0.0,0.075,18.3225,6.0,6,20.1939784389753,,0.0,0.0,0.0,0.0,45.94597754775157,optimal
2021-02-10 13:00:00,3,103,0.0,0.0,0.0,0.1434,17.094,6.0,6,20.107103473429014,,0.0,0.0,0.0,0.0,45.775919564785134,optimal
2021-02-10 13:30:00,3,103,1.1287333606254202,0.0,0.0,0.075,17.094,6.0,6,20.022062479643928,,3950.56676218897,0.0,0.0,0.0,45.60603163980167,optimal
2021-02-10 14:00:00,3,103,2.0,0.0,0.0,0.075,17.094,6.0,6,20.02003581996111,,7000.0,0.0,0.0,0.0,45.43631360274319,optimal
2021-02-10 14:30:00,3,103,0.0,0.0,0.0,0.1434,17.3565,6.0,6,20.083117504162324,,0.0,0.0,0.0,0.0,45.26676528372177,optimal
2021-02-10 15:00:00,3,103,2.0,0.0,0.0,0.3153999999999999,17.115,6.0,6,20.0,,7000.0,0.0,0.0,0.0,45.097386513019366,optimal
2021-02-10 15:30:00,3,103,0.0394549946899574,0.0,0.0,0.303,17.241,6.0,6,20.072941371680976,,138.09248141485097,0.0,0.0,0.0,44.928177121087664,optimal
2021-02-10 16:00:00,3,103,2.0,0.0,0.0,1.459833333333333,17.094,6.0,6,20.002681088079683,,7000.0,0.0,0.0,0.0,44.7591369385479,optimal
2021-02-10 16:30:00,3,103,2.0,0.0,0.0,0.3846666666666667,16.5165,6.0,6,20.085491087740834,,7000.0,0.0,0.0,0.0,44.59026579619067,optimal
2021-02-10 17:00:00,3,103,0.0,0.0,0.0,0.2058,17.8185,6.0,6,20.15985854377256,,0.0,0.0,0.0,0.0,44.4215635249758,optimal
2021-02-10 17:30:00,3,103,2.0,0.0,0.0,1.7582666666666669,17.094,6.0,6,20.086447706889853,,7000.0,0.0,0.0,0.0,44.253029956032144,optimal
2021-02-10 18:00:00,3,103,2.0,0.0,0.0,0.4570666666666667,16.8945,6.0,6,20.17218658885498,,7000.0,0.0,0.0,0.0,44.08466492065743,optimal
2021-02-10 18:30:00,3,103,0.0,0.0,0.0,0.5491,18.123,6.0,6,20.257100667315854,,0.0,0.0,0.0,0.0,43.91646825031809,optimal
2021-02-10 19:00:00,3,103,0.0,0.0,0.0,0.5930666666666667,31.647,6.0,6,20.198784830576887,,0.0,0.0,0.0,0.0,43.74843977664909,optimal
2021-02-10 19:30:00,3,103,0.0,0.0,0.0,0.7175333333333334,34.9965,6.0,6,20.13458207615428,,0.0,0.0,0.0,0.0,43.58057933145376,optimal
2021-02-10 20:00:00,3,103,0.0,0.0,0.0,0.3516333333333333,34.9965,6.0,6,20.071144389047767,,0.0,0.0,0.0,0.0,43.41288674670363,optimal
2021-02-10 20:30:00,3,103,0.0,0.0,0.0,0.5334333333333333,34.9965,6.0,6,20.0,,0.0,0.0,0.0,0.0,43.245361854538245,optimal
2021-02-10 21:00:00,3,103,0.0,0.0,0.0,0.3804333333333333,34.9965,6.0,6,19.935669423150603,,0.0,0.0,0.0,0.0,43.07800448726503,optimal
2021-02-10 21:30:00,3,103,0.0,0.0,0.0,1.5724,34.9965,6.0,6,19.863650292706254,,0.0,0.0,0.0,0.0,43.03492648277776,optimal
2021-02-10 22:00:00,3,103,0.0,0.0,0.0,1.8915,27.741,6.0,6,19.79479652991678,,0.0,0.0,0.0,0.0,42.99189155629499,optimal
2021-02-10 22:30:00,3,103,0.0,0.0,0.0,0.5623333333333334,19.026,6.0,6,19.72515875161334,,0.0,0.0,0.0,0.0,42.94889966473869,optimal
2021-02-10 23:00:00,3,103,0.0,0.0,0.0,0.2663333333333333,18.7215,6.0,6,19.643519627804043,,0.0,0.0,0.0,0.0,42.90595076507395,optimal
2021-02-10 23:30:00,3,103,0.0,0.0,0.0,0.075,17.4195,6.0,6,19.549552873077392,,0.0,0.0,0.0,0.0,42.86304481430888,optimal
2021-02-11 00:00:00,3,103,2.0,0.0,0.0,0.2447666666666667,11.025,6.0,-6,19.549552873077392,,7000.0,0.0,0.0,0.0,42.82018176949457,optimal
2021-02-11 00:30:00,3,103,2.0,0.0,5.0,0.2466999999999999,10.584,6.0,-6,19.6039905314722,,3226.8472850000594,0.0,3773.1527149999406,0.0,45.15236158772508,optimal
2021-02-11 01:00:00,3,103,2.0,0.0,2.6130656503691574,0.4794666666666666,11.025,6.0,-6,19.583024225636137,,7000.0,0.0,0.0,0.0,46.3484154100627,optimal
2021-02-11 01:30:00,3,103,2.0,0.0,5.0,0.4712,10.4265,6.0,-6,19.64957125997376,,7000.0,0.0,0.0,0.0,48.67706699465263,optimal
2021-02-11 02:00:00,3,103,2.0,0.0,0.0,0.3131,12.789,6.0,-6,19.71867363354525,,7000.0,0.0,0.0,0.0,48.62838992765797,optimal
2021-02-11 02:30:00,3,103,2.0,0.0,0.0,0.2660333333333333,12.684,6.0,-6,19.780997931328816,,7000.0,0.0,0.0,0.0,48.57976153773031,optimal
2021-02-11 03:00:00,3,103,2.0,0.0,0.0,0.4192333333333333,16.254,6.0,-6,19.84114596736832,,7000.0,0.0,0.0,0.0,48.53118177619257,optimal
2021-02-11 03:30:00,3,103,2.0,0.0,0.0,0.4265,17.64,6.0,-6,19.90448003169865,,7000.0,0.0,0.0,0.0,48.48265059441637,optimal
2021-02-11 04:00:00,3,103,2.0,0.0,0.0,0.38,19.1625,6.0,-6,19.97069440956321,,7000.0,0.0,0.0,0.0,48.434167943821954,optimal
2021-02-11 04:30:00,3,103,0.0,0.0,0.0,0.3921666666666666,26.46,6.0,-6,20.035135822331668,,0.0,0.0,0.0,0.0,48.38573377587813,optimal
2021-02-11 05:00:00,3,103,0.0,0.0,0.0,0.18,20.79,6.0,-6,19.9514443624043,,0.0,0.0,0.0,0.0,48.33734804210225,optimal
2021-02-11 05:30:00,3,103,0.0,0.0,0.0,0.1416666666666666,29.106,6.0,-6,19.856368914519585,,0.0,0.0,0.0,0.0,48.28901069406015,optimal
2021-02-11 06:00:00,3,103,2.0,0.0,0.0,0.073,19.1835,6.0,-6,19.758978672644705,,7000.0,0.0,0.0,0.0,48.24072168336608,optimal
2021-02-11 06:30:00,3,103,2.0,0.0,0.0,0.0673333333333333,19.6665,6.0,-6,19.808980605001143,,7000.0,0.0,0.0,0.0,48.19248096168271,optimal
2021-02-11 07:00:00,3,103,2.0,0.0,0.0,0.3916333333333333,19.404,6.0,-6,19.859889865151235,,7000.0,0.0,0.0,0.0,48.144288480721016,optimal
2021-02-11 07:30:00,3,103,2.0,0.0,0.0,0.1271333333333333,19.047,6.0,-6,19.930941707894146,,7000.0,0.0,0.0,0.0,48.096144192240295,optimal
2021-02-11 08:00:00,3,103,2.0,0.0,0.0,0.1634666666666666,18.858,6.0,-6,20.0,,6941.486048333274,0.0,58.51395166672611,0.0,48.048048048048045,optimal
2021-02-11 08:30:00,3,103,0.0559481089912879,0.0,0.0,0.2037,19.2675,6.0,-6,20.070652061278235,,195.81838146950767,0.0,0.0,0.0,48.0,optimal
2021-02-11 09:00:00,3,103,1.0243400089006496,0.0,0.0,0.4467,18.963,6.0,-6,20.0,,3212.246437514088,0.0,372.9435936381859,0.0,47.895945907002,optimal
2021-02-11 09:30:00,3,103,2.0,0.0,0.0,0.3131333333333333,18.438,6.0,-6,20.0,,4516.610260304853,0.0,2483.389739695147,0.0,47.79199586809701,optimal
2021-02-11 10:00:00,3,103,2.0,0.0,0.0,0.2443666666666666,18.7425,6.0,-6,20.03103666301364,,7000.0,0.0,0.0,0.0,47.68814977923091,optimal
2021-02-11 10:30:00,3,103,2.0,0.0,0.0,0.5114666666666666,15.2145,6.0,-6,20.116577064102632,,7000.0,0.0,0.0,0.0,47.58440753645368,optimal
2021-02-11 11:00:00,3,103,2.0,0.0,0.0,0.4645,17.7765,6.0,-6,20.204545748139463,,7000.0,0.0,0.0,0.0,47.48076903591923,optimal
2021-02-11 11:30:00,3,103,2.0,0.0,0.0,1.7291,16.758,6.0,-6,20.27866478746885,,7000.0,0.0,0.0,0.0,47.37723417388531,optimal
2021-02-11 12:00:00,3,103,2.0,0.0,0.0,0.4319666666666666,16.422,6.0,-6,20.35655625534183,,7000.0,0.0,0.0,0.0,47.27380284671343,optimal
2021-02-11 12:30:00,3,103,2.0,0.0,0.0,0.9289,16.758,6.0,-6,20.43116799256844,,7000.0,0.0,0.0,0.0,47.17047495086872,optimal
2021-02-11 13:00:00,3,103,0.0,0.0,0.0,1.4213333333333331,29.358,6.0,-6,20.50689017210606,,0.0,0.0,0.0,0.0,47.06725038291986,optimal
2021-02-11 13:30:00,3,103,0.0,0.0,0.0,2.5041,34.9965,6.0,-6,20.44225466453262,,0.0,0.0,0.0,0.0,46.96412903953895,optimal
2021-02-11 14:00:00,3,103,0.0,0.0,0.0,2.9675,34.65,6.0,-6,20.37939514030456,,0.0,0.0,0.0,0.0,46.86111081750141,optimal
2021-02-11 14:30:00,3,103,0.0,0.0,0.0,1.0743,34.9965,6.0,-6,20.32391431821484,,0.0,0.0,0.0,0.0,46.75819561368591,optimal
2021-02-11 15:00:00,3,103,0.0,0.0,0.0,0.073,34.9965,6.0,-6,20.25586906851067,,0.0,0.0,0.0,0.0,46.65538332507423,optimal
2021-02-11 15:30:00,3,103,0.0,0.0,0.0,0.1362666666666666,30.4815,6.0,-6,20.17228162343508,,0.0,0.0,0.0,0.0,46.55267384875116,optimal
2021-02-11 16:00:00,3,103,0.0,0.0,0.0,0.2728666666666667,21.4305,6.0,-6,20.08518799199716,,0.0,0.0,0.0,0.0,46.450067081904415,optimal
2021-02-11 16:30:00,3,103,1.6706461304394664,0.0,0.0,0.3833999999999999,14.3325,6.0,-6,20.0,,4035.9281232047992,0.0,1811.333333333333,0.0,46.34756292182451,optimal
2021-02-11 17:00:00,3,103,2.0,0.0,0.0,0.6040333333333333,13.692,6.0,-6,20.0,,6373.0,0.0,627.0,0.0,46.24516126590469,optimal
2021-02-11 17:30:00,3,103,0.2172067775586589,0.0,0.0,1.7889333333333337,14.007,6.0,-6,20.060002252733952,,760.2237214553063,0.0,0.0,0.0,46.14286201164079,optimal
2021-02-11 18:00:00,3,103,1.192448274151457,0.0,0.0,0.5585,12.873,6.0,-6,20.0,,3894.9022928634336,0.0,278.66666666666663,0.0,46.04066505663115,optimal
2021-02-11 18:30:00,3,103,1.1358029174025863,0.0,0.0,0.6577333333333334,12.684,6.0,-6,20.0,,3975.310210909052,0.0,0.0,0.0,45.93857029857652,optimal
2021-02-11 19:00:00,3,103,1.2873366082727586,0.0,0.0,0.6054333333333333,12.306,6.0,-6,20.0,,4087.678128954655,0.0,418.0,0.0,45.83657763527995,optimal
2021-02-11 19:30:00,3,103,2.0,0.0,0.0,0.8524333333333333,10.6365,6.0,-6,20.0,,6582.0,0.0,418.0,0.0,45.73468696464668,optimal
2021-02-11 20:00:00,3,103,0.5383066321452862,0.0,0.0,0.5452333333333333,11.2455,6.0,-6,20.05240379134122,,1884.0732125085008,0.0,0.0,0.0,45.63289818468403,optimal
2021-02-11 20:30:00,3,103,0.0,0.0,0.0,0.6487666666666666,11.2455,6.0,-6,20.0,,0.0,0.0,0.0,0.0,45.53121119350135,optimal
2021-02-11 21:00:00,3,103,0.2388571428571428,0.0,0.0,0.5986666666666667,11.025,6.0,-6,19.9093680812065,,0.0,0.0,836.0,0.0,45.429625889309854,optimal
2021-02-11 21:30:00,3,103,0.0,0.0,0.0,0.5502999999999999,12.0855,6.0,-6,19.818735827199298,,0.0,0.0,0.0,0.0,45.32814217042255,optimal
2021-02-11 22:00:00,3,103,0.0,0.0,0.0,0.3999333333333333,11.6865,6.0,-6,19.726839067069573,,0.0,0.0,0.0,0.0,45.28281402825212,optimal
2021-02-11 22:30:00,3,103,0.0,0.0,0.0,0.1436,11.2245,6.0,-6,19.636048199957767,,0.0,0.0,0.0,0.0,45.23753121422386,optimal
2021-02-11 23:00:00,3,103,0.0,0.0,0.0,0.3774333333333333,11.025,6.0,-6,19.53783196343312,,0.0,0.0,0.0,0.0,45.19229368300964,optimal
2021-02-11 23:30:00,3,103,0.0,0.0,0.0,0.106,10.7835,6.0,-6,19.4437280919092,,0.0,0.0,0.0,0.0,45.14710138932663,optimal
2021-02-12 00:00:00,3,103,2.0,0.0,5.0,0.2725,8.1585,6.0,1,19.4437280919092,,7000.0,0.0,0.0,0.0,47.4769542879373,optimal
2021-02-12 00:30:00,3,103,2.0,0.0,0.0,0.8398,10.3635,6.0,1,19.483552379312567,,0.0,0.0,7000.0,0.0,47.429477333649366,optimal
2021-02-12 01:00:00,3,103,2.0,0.0,0.0,1.5714,10.8045,6.0,1,19.378613375558,,0.0,0.0,7000.0,0.0,47.38204785631572,optimal
2021-02-12 01:30:00,3,103,2.0,0.0,0.0,0.3082,11.025,6.0,1,19.275890613822472,,1927.3097470961045,0.0,5072.690252903895,0.0,47.3346658084594,optimal
2021-02-12 02:00:00,3,103,2.0,0.0,0.0,0.4639333333333332,10.3635,6.0,1,19.21476555418469,,7000.0,0.0,0.0,0.0,47.28733114265094,optimal
2021-02-12 02:30:00,3,103,2.0,0.0,0.0,1.981266666666667,10.8045,6.0,1,19.26062389775172,,7000.0,0.0,0.0,0.0,47.24004381150829,optimal
2021-02-12 03:00:00,3,103,2.0,0.0,0.0,0.9953666666666668,10.059,6.0,1,19.311584959585723,,7000.0,0.0,0.0,0.0,47.19280376769679,optimal
2021-02-12 03:30:00,3,103,2.0,0.0,0.0,1.5175999999999998,10.584,6.0,1,19.36262541673753,,7000.0,0.0,0.0,0.0,47.14561096392909,optimal
2021-02-12 04:00:00,3,103,2.0,0.0,2.303190755194853,1.5231333333333337,9.4185,6.0,1,19.42029592389317,,7000.0,0.0,0.0,0.0,48.19248096168271,optimal
2021-02-12 04:30:00,3,103,2.0,0.0,0.0,0.9294666666666668,10.3635,6.0,1,19.4884381339592,,7000.0,0.0,0.0,0.0,48.144288480721016,optimal
2021-02-12 05:00:00,3,103,2.0,0.0,0.0,0.7383666666666667,9.8385,6.0,1,19.564205818254827,,7000.0,0.0,0.0,0.0,48.096144192240295,optimal
2021-02-12 05:30:00,3,103,2.0,0.0,0.0,2.4009333333333336,11.067,6.0,1,19.637789836060044,,7000.0,0.0,0.0,0.0,48.048048048048045,optimal
2021-02-12 06:00:00,3,103,2.0,0.0,0.0,0.9082666666666668,10.8465,6.0,1,19.7093590565478,,7000.0,0.0,0.0,0.0,48.0,optimal
2021-02-12 06:30:00,3,103,2.0,0.0,0.0,1.2981333333333334,13.671,6.0,1,19.78537428953592,,7000.0,0.0,0.0,0.0,47.79725670916639,optimal
2021-02-12 07:00:00,3,103,2.0,0.0,0.0,3.495733333333333,12.348,6.0,1,19.86077595397602,,7000.0,0.0,0.0,0.0,47.594716161623616,optimal
2021-02-12 07:30:00,3,103,2.0,0.0,0.0,0.32,14.3325,6.0,1,19.936484420710407,,7000.0,0.0,0.0,0.0,47.39237815462838,optimal
2021-02-12 08:00:00,3,103,2.0,0.0,0.0,2.458433333333333,15.393,6.0,1,20.0,,3904.243515837636,0.0,3095.756484162364,0.0,47.19024248564015,optimal
2021-02-12 08:30:00,3,103,2.0,0.0,0.0,2.5299666666666667,13.587,6.0,1,20.0,,6944.780070399593,0.0,55.21992960040716,0.0,46.9883089523209,optimal
2021-02-12 09:00:00,3,103,0.3246718808874861,0.0,0.0,0.2323333333333332,16.1385,6.0,1,20.06698169979393,,1136.3515831062016,0.0,0.0,0.0,46.78657735253497,optimal
2021-02-12 09:30:00,3,103,1.2040617396894904,0.0,0.0,0.2892,14.595,6.0,1,20.0,,3796.216088913217,0.0,418.0,0.0,46.58504748434883,optimal
2021-02-12 10:00:00,3,103,0.965368348156488,0.0,0.0,0.271,14.637,6.0,1,20.0,,3378.789218547708,0.0,0.0,0.0,46.38371914603087,optimal
2021-02-12 10:30:00,3,103,0.931516135085919,0.0,0.0,3.1544666666666665,13.9125,6.0,1,20.0,,2633.3064728007166,0.0,627.0,0.0,46.182592136051234,optimal
2021-02-12 11:00:00,3,103,0.9918897078972108,0.0,0.0,2.7489,13.3665,6.0,1,20.0,,2914.976974310656,0.0,556.6370033295823,0.0,45.98166625308158,optimal
2021-02-12 11:30:00,3,103,2.0,0.0,0.0,2.181233333333333,13.0095,6.0,1,20.0,,5396.970336662916,0.0,1603.0296633370845,0.0,45.780941295994886,optimal
2021-02-12 12:00:00,3,103,0.0,0.0,0.0,3.9901,13.8915,6.0,1,20.0479797550346,,0.0,0.0,0.0,0.0,45.58041706386528,optimal
2021-02-12 12:30:00,3,103,1.2224296215609698,0.0,0.0,2.063066666666667,13.188,6.0,1,20.0,,3589.2896626270763,0.0,689.2140128363175,0.0,45.38009335596781,optimal
2021-02-12 13:00:00,3,103,2.0,0.0,0.0,0.2515333333333333,12.5685,6.0,1,20.0,,6295.880679502983,0.0,704.1193204970159,0.0,45.17996997177824,optimal
2021-02-12 13:30:00,3,103,2.0,0.0,0.0,0.072,12.285,6.0,1,20.05247824793612,,7000.0,0.0,0.0,0.0,44.98004671097285,optimal
2021-02-12 14:00:00,3,103,2.0,0.0,0.0,0.0831333333333333,11.487,6.0,1,20.11530749938825,,7000.0,0.0,0.0,0.0,44.78032337342827,optimal
2021-02-12 14:30:00,3,103,2.0,0.0,0.0,0.2475333333333333,11.802,6.0,1,20.17763240685608,,7000.0,0.0,0.0,0.0,44.58079975922123,optimal
2021-02-12 15:00:00,3,103,2.0,0.0,0.0,0.072,11.2245,6.0,1,20.24268158475194,,7000.0,0.0,0.0,0.0,44.3814756686284,optimal
2021-02-12 15:30:00,3,103,2.0,0.0,0.0,0.072,11.025,6.0,1,20.30328693780865,,7000.0,0.0,0.0,0.0,44.18235090212616,optimal
2021-02-12 16:00:00,3,103,2.0,0.0,0.0,1.0633333333333332,11.907,6.0,1,20.36293684118241,,7000.0,0.0,0.0,0.0,43.983425260390426,optimal
2021-02-12 16:30:00,3,103,0.0,0.0,0.0,1.8142,25.83,6.0,1,20.44018524674225,,0.0,0.0,0.0,0.0,43.784698544296425,optimal
2021-02-12 17:00:00,3,103,0.0,0.0,0.0,2.5098000000000003,28.035,6.0,1,20.390692386580582,,0.0,0.0,0.0,0.0,43.586170554918525,optimal
2021-02-12 17:30:00,3,103,0.0,0.0,0.0,0.4295666666666666,28.119,6.0,1,20.325582337221785,,0.0,0.0,0.0,0.0,43.38784109353,optimal
2021-02-12 18:00:00,3,103,0.0,0.0,0.0,0.6765,30.156,6.0,1,20.25638775132741,,0.0,0.0,0.0,0.0,43.18970996160286,optimal
2021-02-12 18:30:00,3,103,0.0,0.0,0.0,2.712733333333333,29.1585,6.0,1,20.193584650060924,,0.0,0.0,0.0,0.0,42.99177696080765,optimal
2021-02-12 19:00:00,3,103,0.0,0.0,0.0,0.5964333333333333,26.712,6.0,1,20.135622986738312,,0.0,0.0,0.0,0.0,42.79404189301323,optimal
2021-02-12 19:30:00,3,103,0.0,0.0,0.0,0.3601333333333333,15.435,6.0,1,20.071340921478576,,0.0,0.0,0.0,0.0,42.59650456028661,optimal
2021-02-12 20:00:00,3,103,0.971417586532773,0.0,0.0,0.1654,13.566,6.0,1,20.0,,3399.961552864705,0.0,0.0,0.0,42.39916476489272,optimal
2021-02-12 20:30:00,3,103,0.0597142857142857,0.0,0.0,0.2822666666666666,12.789,6.0,1,20.0,,0.0,0.0,209.0,0.0,42.202022309294215,optimal
2021-02-12 21:00:00,3,103,0.0,0.0,0.0,0.3561333333333333,12.1275,6.0,1,19.93247543858921,,0.0,0.0,0.0,0.0,42.00507699615131,optimal
2021-02-12 21:30:00,3,103,0.0,0.0,0.0,2.1282666666666668,13.671,6.0,1,19.860318214774853,,0.0,0.0,0.0,0.0,41.80832862832155,optimal
2021-02-12 22:00:00,3,103,0.1791428571428571,0.0,0.0,0.8442333333333334,10.668,6.0,1,19.792110961156546,,0.0,0.0,627.0,0.0,41.76652029969323,optimal
2021-02-12 22:30:00,3,103,0.0,0.0,0.0,1.1403666666666663,11.7285,6.0,1,19.73011516629807,,0.0,0.0,0.0,0.0,41.72475377939353,optimal
2021-02-12 23:00:00,3,103,0.0,0.0,0.0,1.9301,11.025,6.0,1,19.66240231299055,,0.0,0.0,0.0,0.0,41.68302902561414,optimal
2021-02-12 23:30:00,3,103,0.0,0.0,0.0,0.8440666666666667,10.689,6.0,1,19.60085076983182,,0.0,0.0,0.0,0.0,41.64134599658853,optimal
2021-02-13 00:00:00,3,103,2.0,0.0,0.0,0.061,10.0905,6.0,-8,19.60085076983182,,7000.0,0.0,0.0,0.0,41.59970465059194,optimal
2021-02-13 00:30:00,3,103,2.0,0.0,5.0,0.1251666666666666,7.539,6.0,-8,19.662390755742017,,0.0,0.0,7000.0,0.0,43.93310494594135,optimal
2021-02-13 01:00:00,3,103,2.0,0.0,5.0,0.2068333333333332,7.938,6.0,-8,19.577876268231776,,0.0,0.0,7000.0,0.0,46.2641718409954,optimal
2021-02-13 01:30:00,3,103,2.0,0.0,5.0,0.061,8.274,6.0,-8,19.49569114692124,,100.0,0.0,6900.0,0.0,48.59290766915441,optimal
2021-02-13 02:00:00,3,103,2.0,0.0,0.9997026507877356,0.2593333333333333,9.261,6.0,-8,19.413140897219133,,7000.0,0.0,0.0,0.0,49.01917352060943,optimal
2021-02-13 02:30:00,3,103,2.0,0.0,0.0,0.0726666666666666,9.9225,6.0,-8,19.480614797388952,,7000.0,0.0,0.0,0.0,48.97015434708881,optimal
2021-02-13 03:00:00,3,103,2.0,0.0,0.0,0.1603333333333333,9.702,6.0,-8,19.543853180418616,,7000.0,0.0,0.0,0.0,48.92118419274172,optimal
2021-02-13 03:30:00,3,103,2.0,0.0,0.0,0.1816666666666666,10.584,6.0,-8,19.608523787601413,,7000.0,0.0,0.0,0.0,48.87226300854897,optimal
2021-02-13 04:00:00,3,103,2.0,0.0,0.0,0.061,10.143,6.0,-8,19.67316534679508,,7000.0,0.0,0.0,0.0,48.823390745540415,optimal
2021-02-13 04:30:00,3,103,2.0,0.0,0.0,0.1426666666666666,13.0095,6.0,-8,19.7348309326878,,7000.0,0.0,0.0,0.0,48.77456735479488,optimal
2021-02-13 05:00:00,3,103,2.0,0.0,0.0,0.1893333333333333,11.025,6.0,-8,19.797482209735296,,7000.0,0.0,0.0,0.0,48.72579278744007,optimal
2021-02-13 05:30:00,3,103,2.0,0.0,0.0,0.0616666666666666,12.789,6.0,-8,19.860377941896136,,4119.077416317175,0.0,2880.922583682825,0.0,48.67706699465263,optimal
2021-02-13 06:00:00,3,103,2.0,0.0,0.0,0.1273333333333333,12.1275,6.0,-8,19.86075756059653,,7000.0,0.0,0.0,0.0,48.62838992765797,optimal
2021-02-13 06:30:00,3,103,2.0,0.0,0.0,0.4871999999999999,12.1695,6.0,-8,19.92965813547209,,7000.0,0.0,0.0,0.0,48.57976153773031,optimal
2021-02-13 07:00:00,3,103,2.0,0.0,0.0,1.544166666666667,12.306,6.0,-8,19.998515524434705,,7000.0,0.0,0.0,0.0,48.53118177619257,optimal
2021-02-13 07:30:00,3,103,2.0,0.0,0.0,1.3159,13.23,6.0,-8,20.071927753478903,,7000.0,0.0,0.0,0.0,48.48265059441637,optimal
2021-02-13 08:00:00,3,103,0.0,0.0,0.0,0.2053333333333332,13.671,6.0,-8,20.14457296437336,,0.0,0.0,0.0,0.0,48.434167943821954,optimal
2021-02-13 08:30:00,3,103,0.0,0.0,0.0,0.1300666666666666,13.9335,6.0,-8,20.07090748621525,,0.0,0.0,0.0,0.0,48.38573377587813,optimal
2021-02-13 09:00:00,3,103,1.9509069697941548,0.0,0.0,1.1243,13.293,6.0,-8,20.0,,5738.096977962368,0.0,1090.0774163171732,0.0,48.33734804210225,optimal
2021-02-13 09:30:00,3,103,2.0,0.0,0.0,2.314633333333333,12.1065,6.0,-8,20.05455942293163,,7000.0,0.0,0.0,0.0,48.28901069406015,optimal
2021-02-13 10:00:00,3,103,2.0,0.0,0.0,0.4235,11.571,6.0,-8,20.13952791631933,,7000.0,0.0,0.0,0.0,48.24072168336608,optimal
2021-02-13 10:30:00,3,103,2.0,0.0,0.0,0.9625,11.025,6.0,-8,20.21556655074041,,7000.0,0.0,0.0,0.0,48.19248096168271,optimal
2021-02-13 11:00:00,3,103,2.0,0.0,0.0,1.8025,10.8465,6.0,-8,20.299660087472635,,7000.0,0.0,0.0,0.0,48.144288480721016,optimal
2021-02-13 11:30:00,3,103,2.0,0.0,0.0,2.927333333333333,11.2455,6.0,-8,20.384742834078985,,7000.0,0.0,0.0,0.0,48.096144192240295,optimal
2021-02-13 12:00:00,3,103,0.0,0.0,0.0,3.539233333333333,23.8665,6.0,-8,20.47313454624683,,0.0,0.0,0.0,0.0,48.048048048048045,optimal
2021-02-13 12:30:00,3,103,0.0,0.0,0.0,2.712833333333333,27.4575,6.0,-8,20.421296147018545,,0.0,0.0,0.0,0.0,48.0,optimal
2021-02-13 13:00:00,3,103,0.0,0.0,0.0,1.4464,27.3735,6.0,-8,20.359615632761685,,0.0,0.0,0.0,0.0,47.7996009696048,optimal
2021-02-13 13:30:00,3,103,0.0,0.0,0.0,0.3142,30.4605,6.0,-8,20.29736320617816,,0.0,0.0,0.0,0.0,47.59940233824,optimal
2021-02-13 14:00:00,3,103,0.0,0.0,0.0,1.7367666666666668,30.0195,6.0,-8,20.2229588253744,,0.0,0.0,0.0,0.0,47.39940390550657,optimal
2021-02-13 14:30:00,3,103,0.0,0.0,0.0,0.2628333333333333,26.9325,6.0,-8,20.15237888364809,,0.0,0.0,0.0,0.0,47.19960547120586,optimal
2021-02-13 15:00:00,3,103,0.0,0.0,0.0,0.2609666666666666,14.595,6.0,-8,20.07406451484509,,0.0,0.0,0.0,0.0,47.00000683533946,optimal
2021-02-13 15:30:00,3,103,1.0237235034546477,0.0,0.0,2.353333333333333,12.4845,6.0,-8,20.0,,3025.698928757932,0.0,557.3333333333333,0.0,46.80060779810893,optimal
2021-02-13 16:00:00,3,103,1.0574885028433798,0.0,0.0,2.698566666666667,12.1275,6.0,-8,20.0,,2934.876426618496,0.0,766.3333333333334,0.0,46.60140815991562,optimal
2021-02-13 16:30:00,3,103,2.0,0.0,0.0,0.4618666666666666,12.1275,6.0,-8,20.003764779172624,,7000.0,0.0,0.0,0.0,46.40240772136051,optimal
2021-02-13 17:00:00,3,103,0.0,0.0,0.0,0.2123,12.789,6.0,-8,20.081943568242377,,0.0,0.0,0.0,0.0,46.20360628324396,optimal
2021-02-13 17:30:00,3,103,1.2010253654550684,0.0,0.0,0.1526666666666666,11.907,6.0,-8,20.0,,4203.588779092739,0.0,0.0,0.0,46.00500364656552,optimal
2021-02-13 18:00:00,3,103,1.2071829505393477,0.0,0.0,0.1526666666666666,11.025,6.0,-8,20.0,,4225.1403268877175,0.0,0.0,0.0,45.80659961252376,optimal
2021-02-13 18:30:00,3,103,2.0,0.0,0.0,0.1993333333333332,8.2005,6.0,-8,20.0,,7000.0,0.0,0.0,0.0,45.60839398251604,optimal
2021-02-13 19:00:00,3,103,0.4139122144505245,0.0,0.0,0.1526666666666666,9.5655,6.0,-8,20.05916744595733,,1448.6927505768358,0.0,0.0,0.0,45.41038655813833,optimal
2021-02-13 19:30:00,3,103,2.0,0.0,0.0,0.1593333333333333,7.056,6.0,-8,20.0,,4910.0,0.0,2089.9999999999995,0.0,45.212577141184994,optimal
2021-02-13 20:00:00,3,103,0.8570115431326314,0.0,0.0,0.2066333333333333,9.3975,6.0,-8,20.017642135584342,,2999.5404009642098,0.0,0.0,0.0,45.01496553364861,optimal
2021-02-13 20:30:00,3,103,0.0,0.0,0.0,0.3312333333333332,10.059,6.0,-8,20.0,,0.0,0.0,0.0,0.0,44.96995056811497,optimal
2021-02-13 21:00:00,3,103,0.0398095238095238,0.0,0.0,1.1741666666666668,9.261,6.0,-8,19.92562410509511,,0.0,0.0,139.33333333333331,0.0,44.92498061754685,optimal
2021-02-13 21:30:00,3,103,1.313714285714286,0.0,0.0,0.4198666666666666,8.1585,6.0,-8,19.87273286971877,,0.0,0.0,4598.000000000001,0.0,44.880055636929306,optimal
2021-02-13 22:00:00,3,103,0.0,0.0,0.0,0.4264666666666666,9.4815,6.0,-8,19.80267831986801,,0.0,0.0,0.0,0.0,44.835175581292376,optimal
2021-02-13 22:30:00,3,103,0.0,0.0,0.0,0.2863666666666666,8.379,6.0,-8,19.73009608041714,,0.0,0.0,0.0,0.0,44.790340405711085,optimal
2021-02-13 23:00:00,3,103,0.0,0.0,0.0,0.2447,9.5235,6.0,-8,19.65549970291013,,0.0,0.0,0.0,0.0,44.74555006530537,optimal
2021-02-13 23:30:00,3,103,0.0,0.0,0.0,0.4719666666666666,8.1375,6.0,-8,19.585026098565788,,0.0,0.0,0.0,0.0,44.70080451524007,optimal
2021-02-07 00:00:00,4,103,1.3376392685545653,0.0,0.0,0.053,8.274,6.0,-2,21.0,,4681.737439940978,0.0,0.0,0.0,47.952,optimal
2021-02-07 00:30:00,4,103,2.0,0.0,0.0,0.1116666666666666,7.7175,6.0,-2,21.023005102415027,,4492.0,0.0,2508.0,0.0,47.904048,optimal
2021-02-07 01:00:00,4,103,2.0,0.0,0.0,0.0603333333333333,6.615,6.0,-2,21.042693076468204,,7000.0,0.0,0.0,0.0,47.856143952,optimal
2021-02-07 01:30:00,4,103,2.0,0.0,0.0,0.053,6.174,6.0,-2,21.113551899333185,,7000.0,0.0,0.0,0.0,47.80828780804799,optimal
2021-02-07 02:00:00,4,103,2.0,0.0,0.0,0.053,3.906,6.0,-2,21.183708054397886,,7000.0,0.0,0.0,0.0,47.76047952023995,optimal
2021-02-07 02:30:00,4,103,2.0,0.0,0.0,0.119,2.3415,6.0,-2,21.253319099100505,,7000.0,0.0,0.0,0.0,47.712719040719705,optimal
2021-02-07 03:00:00,4,103,2.0,0.0,0.0,0.053,2.205,6.0,-2,21.32354999920923,,7000.0,0.0,0.0,0.0,47.66500632167899,optimal
2021-02-07 03:30:00,4,103,2.0,0.0,1.312379722123736,0.06,0.882,6.0,-2,21.39161928880586,,7000.0,0.0,0.0,0.0,48.24072168336608,optimal
2021-02-07 04:00:00,4,103,2.0,0.0,0.0,0.063,1.5435,6.0,-2,21.459152935487083,,7000.0,0.0,0.0,0.0,48.19248096168271,optimal
2021-02-07 04:30:00,4,103,2.0,0.0,0.0,0.06,1.5435,6.0,-2,21.5261533692949,,7000.0,0.0,0.0,0.0,48.144288480721016,optimal
2021-02-07 05:00:00,4,103,2.0,0.0,0.0,0.119,5.0715,6.0,-2,21.59284984338701,,7000.0,0.0,0.0,0.0,48.096144192240295,optimal
2021-02-07 05:30:00,4,103,2.0,0.0,0.0,0.6810666666666667,5.376,6.0,-2,21.66063306364768,,7000.0,0.0,0.0,0.0,48.048048048048045,optimal
2021-02-07 06:00:00,4,103,2.0,0.0,0.0,1.5995333333333333,5.0715,6.0,-2,21.73199537990068,,7000.0,0.0,0.0,0.0,48.0,optimal
2021-02-07 06:30:00,4,103,2.0,0.0,0.0,0.9617333333333332,5.5125,6.0,-2,21.81224785179516,,7000.0,0.0,0.0,0.0,47.47903892573434,optimal
2021-02-07 07:00:00,4,103,0.0,0.0,0.0,0.238,9.261,6.0,-2,21.88868813580158,,0.0,0.0,0.0,0.0,46.95859881254295,optimal
2021-02-07 07:30:00,4,103,0.0,0.0,0.0,0.2856,11.7075,6.0,-2,21.81470438496173,,0.0,0.0,0.0,0.0,46.43867913946475,optimal
2021-02-07 08:00:00,4,103,0.0,0.0,0.0,0.3378333333333333,12.348,6.0,-2,21.743160039784662,,0.0,0.0,0.0,0.0,45.91927938605964,optimal
2021-02-07 08:30:00,4,103,0.0,0.0,0.0,0.4020666666666667,12.348,6.0,-2,21.674492407147007,,0.0,0.0,0.0,0.0,45.40039903240792,optimal
2021-02-07 09:00:00,4,103,0.0,0.0,0.0,1.9039333333333328,12.1275,6.0,-2,21.60519108338676,,0.0,0.0,0.0,0.0,44.882037559109854,optimal
2021-02-07 09:30:00,4,103,0.0,0.0,0.0,0.4395333333333334,12.5265,6.0,-2,21.53942566173448,,0.0,0.0,0.0,0.0,44.36419444728509,optimal
2021-02-07 10:00:00,4,103,0.0,0.0,0.0,0.1651333333333333,11.7495,6.0,-2,21.46343035672153,,0.0,0.0,0.0,0.0,43.84686917857215,optimal
2021-02-07 10:30:00,4,103,0.0,0.0,0.0,0.4005,13.23,6.0,-2,21.37490965084763,,0.0,0.0,0.0,0.0,43.33006123512792,optimal
2021-02-07 11:00:00,4,103,0.0,0.0,0.0,0.3913,14.3325,6.0,-2,21.296250065439164,,0.0,0.0,0.0,0.0,42.81377009962714,optimal
2021-02-07 11:30:00,4,103,0.0,0.0,0.0,1.6423333333333332,14.994,6.0,-2,21.22243644250309,,0.0,0.0,0.0,0.0,42.29799525526186,optimal
2021-02-07 12:00:00,4,103,0.0,0.0,0.0,0.4636666666666666,14.8155,6.0,-2,21.154188293893128,,0.0,0.0,0.0,0.0,41.782736185740944,optimal
2021-02-07 12:30:00,4,103,0.0,0.0,0.0,0.4851333333333333,14.112,6.0,-2,21.08178707976697,,0.0,0.0,0.0,0.0,41.26799237528955,optimal
2021-02-07 13:00:00,4,103,0.0,0.0,0.0,0.3385333333333333,14.007,6.0,-2,21.01483925926897,,0.0,0.0,0.0,0.0,40.75376330864861,optimal
2021-02-07 13:30:00,4,103,0.0,0.0,0.0,0.2924666666666666,13.23,6.0,-2,20.94152821429722,,0.0,0.0,0.0,0.0,40.2400484710743,optimal
2021-02-07 14:00:00,4,103,0.0,0.0,0.0,0.29,11.382,6.0,-2,20.865497219557724,,0.0,0.0,0.0,0.0,39.72684734833757,optimal
2021-02-07 14:30:00,4,103,0.0,0.0,0.0,0.3546,11.7495,6.0,-2,20.792793486120573,,0.0,0.0,0.0,0.0,39.214159426723576,optimal
2021-02-07 15:00:00,4,103,0.0,0.0,0.0,0.061,24.3285,6.0,-2,20.721883482899425,,0.0,0.0,0.0,0.0,38.7019841930312,optimal
2021-02-07 15:30:00,4,103,0.0,0.0,0.0,0.312,28.917,6.0,-2,20.64370388920305,,0.0,0.0,0.0,0.0,38.190321134572514,optimal
2021-02-07 16:00:00,4,103,0.0,0.0,0.0,1.3,31.3635,6.0,-2,20.569443915351656,,0.0,0.0,0.0,0.0,37.67916973917229,optimal
2021-02-07 16:30:00,4,103,0.0,0.0,0.0,1.0666666666666669,33.306,6.0,-2,20.50389523461765,,0.0,0.0,0.0,0.0,37.16852949516746,optimal
2021-02-07 17:00:00,4,103,0.0,0.0,0.0,0.4889,31.3425,6.0,-2,20.43474460099343,,0.0,0.0,0.0,0.0,36.65839989140664,optimal
2021-02-07 17:30:00,4,103,0.0,0.0,0.0,0.3026999999999999,28.2555,6.0,-2,20.367149424663527,,0.0,0.0,0.0,0.0,36.148780417249576,optimal
2021-02-07 18:00:00,4,103,0.0,0.0,0.0,1.7690333333333332,15.6975,6.0,-2,20.297212586392767,,0.0,0.0,0.0,0.0,35.63967056256667,optimal
2021-02-07 18:30:00,4,103,0.0,0.0,0.0,0.463,12.5475,6.0,-2,20.238842609444365,,0.0,0.0,0.0,0.0,35.13106981773845,optimal
2021-02-07 19:00:00,4,103,0.0,0.0,0.0,0.5263,12.0855,6.0,-2,20.17669946008431,,0.0,0.0,0.0,0.0,34.62297767365506,optimal
2021-02-07 19:30:00,4,103,0.0,0.0,0.0,0.423,11.907,6.0,-2,20.116987532198387,,0.0,0.0,0.0,0.0,34.11539362171575,optimal
2021-02-07 20:00:00,4,103,0.0,0.0,0.0,0.5723333333333334,12.5685,6.0,-2,20.057347782538976,,0.0,0.0,0.0,0.0,33.608317153828374,optimal
2021-02-07 20:30:00,4,103,0.0,0.0,0.0,0.3708,13.146,6.0,-2,20.0,,0.0,0.0,0.0,0.0,33.10174776240889,optimal
2021-02-07 21:00:00,4,103,0.0,0.0,0.0,0.5338333333333334,10.584,6.0,-2,19.94176868551166,,0.0,0.0,0.0,0.0,32.59568494038083,optimal
2021-02-07 21:30:00,4,103,0.1194285714285714,0.0,0.0,0.3641,6.678,6.0,-2,19.88760216716444,,0.0,0.0,418.0,0.0,32.09012818117479,optimal
2021-02-07 22:00:00,4,103,0.0,0.0,0.0,0.2603333333333333,7.938,6.0,-2,19.82945165652021,,0.0,0.0,0.0,0.0,31.58507697872796,optimal
2021-02-07 22:30:00,4,103,0.1393333333333333,0.0,0.0,0.2336,5.292,6.0,-2,19.7687884075074,,0.0,0.0,487.6666666666667,0.0,31.08053082748357,optimal
2021-02-07 23:00:00,4,103,0.0,0.0,0.0,0.1928666666666667,9.261,6.0,-2,19.70571433637655,,0.0,0.0,0.0,0.0,30.57648922239044,optimal
2021-02-07 23:30:00,4,103,0.0,0.0,0.0,0.1776666666666666,10.3635,6.0,-2,19.639928834227305,,0.0,0.0,0.0,0.0,30.54591273316805,optimal
2021-02-08 00:00:00,4,103,2.0,0.0,5.0,0.064,6.7725,6.0,-4,19.639928834227305,,7000.0,0.0,0.0,0.0,32.89036682043488,optimal
2021-02-08 00:30:00,4,103,2.0,0.0,5.0,0.064,5.5755,6.0,-4,19.709564921476016,,2193.0,0.0,4807.0,0.0,35.232476453614446,optimal
2021-02-08 01:00:00,4,103,2.0,0.0,5.0,0.064,5.0925,6.0,-4,19.67769578154551,,7000.0,0.0,0.0,0.0,37.57224397716083,optimal
2021-02-08 01:30:00,4,103,2.0,0.0,5.0,0.064,4.1895,6.0,-4,19.747160532133886,,7000.0,0.0,0.0,0.0,39.90967173318367,optimal
2021-02-08 02:00:00,4,103,2.0,0.0,5.0,0.064,7.056,6.0,-4,19.816083309042973,,7000.0,0.0,0.0,0.0,42.24476206145049,optimal
2021-02-08 02:30:00,4,103,2.0,0.0,5.0,0.064,5.271,6.0,-4,19.884466571035443,,7000.0,0.0,0.0,0.0,44.57751729938904,optimal
2021-02-08 03:00:00,4,103,2.0,0.0,3.2081069144314256,0.064,7.938,6.0,-4,19.95276643399941,,7000.0,0.0,0.0,0.0,46.056790566444576,optimal
2021-02-08 03:30:00,4,103,2.0,0.0,5.0,0.064,7.938,6.0,-4,20.02098327628981,,7000.0,0.0,0.0,0.0,48.38573377587813,optimal
2021-02-08 04:00:00,4,103,2.0,0.0,0.0,0.064,11.907,6.0,-4,20.088663806265043,,7000.0,0.0,0.0,0.0,48.33734804210225,optimal
2021-02-08 04:30:00,4,103,2.0,0.0,0.0,0.064,11.025,6.0,-4,20.155810457003952,,7000.0,0.0,0.0,0.0,48.28901069406015,optimal
2021-02-08 05:00:00,4,103,2.0,0.0,0.0,0.064,11.2875,6.0,-4,20.222198816407253,,7000.0,0.0,0.0,0.0,48.24072168336608,optimal
2021-02-08 05:30:00,4,103,2.0,0.0,0.0,0.0626666666666666,12.936,6.0,-4,20.287832324602206,,7000.0,0.0,0.0,0.0,48.19248096168271,optimal
2021-02-08 06:00:00,4,103,2.0,0.0,0.0,0.062,13.0095,6.0,-4,20.353839390982547,,7000.0,0.0,0.0,0.0,48.144288480721016,optimal
2021-02-08 06:30:00,4,103,0.0,0.0,0.0,0.062,13.671,6.0,-4,20.419923615123945,,0.0,0.0,0.0,0.0,48.096144192240295,optimal
2021-02-08 07:00:00,4,103,2.0,0.0,0.0,0.2010666666666666,13.188,6.0,-4,20.33906859884512,,7000.0,0.0,0.0,0.0,48.048048048048045,optimal
2021-02-08 07:30:00,4,103,0.0,0.0,0.0,0.1905333333333333,13.8495,6.0,-4,20.40816089420449,,0.0,0.0,0.0,0.0,48.0,optimal
2021-02-08 08:00:00,4,103,2.0,0.0,0.0,0.2673333333333333,13.23,6.0,-4,20.33313917337951,,7000.0,0.0,0.0,0.0,47.79212089369636,optimal
2021-02-08 08:30:00,4,103,2.0,0.0,0.0,0.2896,13.3665,6.0,-4,20.40666849310211,,7000.0,0.0,0.0,0.0,47.58444966649902,optimal
2021-02-08 09:00:00,4,103,2.0,0.0,0.0,0.0763333333333333,13.0515,6.0,-4,20.47704534152304,,7000.0,0.0,0.0,0.0,47.37698611052888,optimal
2021-02-08 09:30:00,4,103,0.953887153216635,0.0,0.0,0.074,13.5345,6.0,-4,20.53765707240757,,3338.6050362582223,0.0,0.0,0.0,47.16973001811471,optimal
2021-02-08 10:00:00,4,103,0.0,0.0,0.0,0.074,14.154,6.0,-4,20.51925405358657,,0.0,0.0,0.0,0.0,46.96268118179295,optimal
2021-02-08 10:30:00,4,103,0.0,0.0,0.0,0.074,14.112,6.0,-4,20.431336029981285,,0.0,0.0,0.0,0.0,46.75583939430752,optimal
2021-02-08 11:00:00,4,103,0.0,0.0,0.0,0.074,14.2485,6.0,-4,20.343136360141457,,0.0,0.0,0.0,0.0,46.549204448609565,optimal
2021-02-08 11:30:00,4,103,2.0,0.0,0.0,0.074,12.789,6.0,-4,20.25465632376613,,7000.0,0.0,0.0,0.0,46.342776137857314,optimal
2021-02-08 12:00:00,4,103,2.0,0.0,0.0,0.074,13.0095,6.0,-4,20.31438421619607,,7000.0,0.0,0.0,0.0,46.13655425541582,optimal
2021-02-08 12:30:00,4,103,2.0,0.0,0.0,0.074,12.1275,6.0,-4,20.37429481101477,,7000.0,0.0,0.0,0.0,45.93053859485676,optimal
2021-02-08 13:00:00,4,103,2.0,0.0,0.0,0.074,12.348,6.0,-4,20.43484094702852,,7000.0,0.0,0.0,0.0,45.724728949958255,optimal
2021-02-08 13:30:00,4,103,2.0,0.0,0.0,0.1668666666666666,12.348,6.0,-4,20.49601974077781,,7000.0,0.0,0.0,0.0,45.51912511470466,optimal
2021-02-08 14:00:00,4,103,0.0,0.0,0.0,0.1638333333333333,25.389,6.0,-4,20.56139247519637,,0.0,0.0,0.0,0.0,45.31372688328632,optimal
2021-02-08 14:30:00,4,103,0.0,0.0,0.0,0.1227333333333333,29.1375,6.0,-4,20.48057074564279,,0.0,0.0,0.0,0.0,45.10853405009939,optimal
2021-02-08 15:00:00,4,103,0.0,0.0,0.0,0.074,30.597,6.0,-4,20.3975750218494,,0.0,0.0,0.0,0.0,44.90354640974565,optimal
2021-02-08 15:30:00,4,103,0.0,0.0,0.0,0.074,33.684,6.0,-4,20.311116355049275,,0.0,0.0,0.0,0.0,44.69876375703225,optimal
2021-02-08 16:00:00,4,103,0.0,0.0,0.0,0.186,32.445,6.0,-4,20.22527675793584,,0.0,0.0,0.0,0.0,44.49418588697158,optimal
2021-02-08 16:30:00,4,103,0.0,0.0,0.0,0.2412666666666666,28.917,6.0,-4,20.146740433286887,,0.0,0.0,0.0,0.0,44.28981259478097,optimal
2021-02-08 17:00:00,4,103,0.0,0.0,0.0,0.2622,15.876,6.0,-4,20.07483916543289,,0.0,0.0,0.0,0.0,44.085643675882544,optimal
2021-02-08 17:30:00,4,103,1.1092504636954157,0.0,0.0,0.5125,12.348,6.0,-4,20.0,,3185.7099562672884,0.0,696.6666666666666,0.0,43.88167892590302,optimal
2021-02-08 18:00:00,4,103,2.0,0.0,0.0,0.2993,12.1275,6.0,-4,20.0,,6860.666666666667,0.0,139.33333333333331,0.0,43.67791814067347,optimal
2021-02-08 18:30:00,4,103,0.12955095339592,0.0,0.0,0.2758666666666666,12.348,6.0,-4,20.06779747599722,,453.4283368857199,0.0,0.0,0.0,43.474361116229154,optimal
2021-02-08 19:00:00,4,103,1.1286842386839404,0.0,0.0,0.3912333333333333,12.1275,6.0,-4,20.0,,3393.0615020604587,0.0,557.3333333333333,0.0,43.27100764880928,optimal
2021-02-08 19:30:00,4,103,0.8636348900139839,0.0,0.0,0.54,12.1275,6.0,-4,20.0,,3022.722115048944,0.0,0.0,0.0,43.06785753485683,optimal
2021-02-08 20:00:00,4,103,0.796423636582114,0.0,0.0,0.7647999999999999,11.2665,6.0,-4,20.0,,2787.482728037399,0.0,0.0,0.0,42.86491057101833,optimal
2021-02-08 20:30:00,4,103,0.2388571428571428,0.0,0.0,0.4789,10.143,6.0,-4,20.0,,0.0,0.0,836.0,0.0,42.82204566044731,optimal
2021-02-08 21:00:00,4,103,0.0,0.0,0.0,0.3996333333333333,11.2455,6.0,-4,19.9381903699794,,0.0,0.0,0.0,0.0,42.77922361478686,optimal
2021-02-08 21:30:00,4,103,0.0,0.0,0.0,0.3709333333333333,11.025,6.0,-4,19.872472578674568,,0.0,0.0,0.0,0.0,42.73644439117207,optimal
2021-02-08 22:00:00,4,103,0.0995238095238095,0.0,0.0,0.6741333333333334,5.9745,6.0,-4,19.807188786345304,,0.0,0.0,348.3333333333333,0.0,42.6937079467809,optimal
2021-02-08 22:30:00,4,103,0.0,0.0,0.0,0.5711333333333333,7.938,6.0,-4,19.74962832399689,,0.0,0.0,0.0,0.0,42.65101423883412,optimal
2021-02-08 23:00:00,4,103,0.0,0.0,0.0,0.074,8.6835,6.0,-4,19.68710689929481,,0.0,0.0,0.0,0.0,42.60836322459528,optimal
2021-02-08 23:30:00,4,103,0.0,0.0,0.0,0.073,7.665,6.0,-4,19.60731498797662,,0.0,0.0,0.0,0.0,42.565754861370685,optimal
2021-02-09 00:00:00,4,103,2.0,0.0,5.0,0.065,11.361,6.0,-10,19.60731498797662,,7000.0,0.0,0.0,0.0,44.898189106509314,optimal
2021-02-09 00:30:00,4,103,2.0,0.0,5.0,0.0634,11.571,6.0,-10,19.672801305220364,,2402.000000000001,0.0,4597.999999999999,0.0,47.2282909174028,optimal
2021-02-09 01:00:00,4,103,2.0,0.0,0.0,0.069,14.3745,6.0,-10,19.644446219327182,,7000.0,0.0,0.0,0.0,47.1810626264854,optimal
2021-02-09 01:30:00,4,103,2.0,0.0,2.839513748542028,1.8956666666666668,13.23,6.0,-10,19.7127543263734,,7000.0,0.0,0.0,0.0,48.48265059441637,optimal
2021-02-09 02:00:00,4,103,2.0,0.0,0.0,0.0768666666666666,13.9755,6.0,-10,19.785852672185545,,7000.0,0.0,0.0,0.0,48.434167943821954,optimal
2021-02-09 02:30:00,4,103,2.0,0.0,0.0,0.084,14.994,6.0,-10,19.85442998000349,,7000.0,0.0,0.0,0.0,48.38573377587813,optimal
2021-02-09 03:00:00,4,103,2.0,0.0,0.0,0.0767666666666666,13.671,6.0,-10,19.9206172871332,,7000.0,0.0,0.0,0.0,48.33734804210225,optimal
2021-02-09 03:30:00,4,103,0.0,0.0,0.0,0.055,15.981,6.0,-10,19.98732267404449,,0.0,0.0,0.0,0.0,48.28901069406015,optimal
2021-02-09 04:00:00,4,103,1.226540166361877,0.0,0.0,0.055,15.6345,6.0,-10,19.90418583056884,,4292.890582266568,0.0,0.0,0.0,48.24072168336608,optimal
2021-02-09 04:30:00,4,103,0.0,0.0,0.0,0.055,16.5375,6.0,-10,19.912246918299093,,0.0,0.0,0.0,0.0,48.19248096168271,optimal
2021-02-09 05:00:00,4,103,2.0,0.0,0.0,0.055,14.7735,6.0,-10,19.82945066971328,,7000.0,0.0,0.0,0.0,48.144288480721016,optimal
2021-02-09 05:30:00,4,103,2.0,0.0,0.0,0.0962,15.2145,6.0,-10,19.893929227830267,,7000.0,0.0,0.0,0.0,48.096144192240295,optimal
2021-02-09 06:00:00,4,103,2.0,0.0,0.0,2.1574,14.553,6.0,-10,19.96087848404674,,7000.0,0.0,0.0,0.0,48.048048048048045,optimal
2021-02-09 06:30:00,4,103,2.0,0.0,0.0,0.063,14.3325,6.0,-10,20.03653779734801,,7000.0,0.0,0.0,0.0,48.0,optimal
2021-02-09 07:00:00,4,103,2.0,0.0,0.0,0.063,14.595,6.0,-10,20.103372467621547,,7000.0,0.0,0.0,0.0,47.60521000749488,optimal
2021-02-09 07:30:00,4,103,2.0,0.0,0.0,0.0640333333333333,14.994,6.0,-10,20.171024322155723,,7000.0,0.0,0.0,0.0,47.210814804982256,optimal
2021-02-09 08:00:00,4,103,2.0,0.0,0.0,0.094,14.3325,6.0,-10,20.23757247175763,,7000.0,0.0,0.0,0.0,46.81681399767215,optimal
2021-02-09 08:30:00,4,103,2.0,0.0,0.0,0.0746666666666666,13.8915,6.0,-10,20.30462736804312,,7000.0,0.0,0.0,0.0,46.42320719116936,optimal
2021-02-09 09:00:00,4,103,2.0,0.0,0.0,0.065,13.8915,6.0,-10,20.364978606127465,,7000.0,0.0,0.0,0.0,46.02999399147306,optimal
2021-02-09 09:30:00,4,103,2.0,0.0,0.0,0.065,13.4715,6.0,-10,20.421722942214704,,7000.0,0.0,0.0,0.0,45.63717400497647,optimal
2021-02-09 10:00:00,4,103,2.0,0.0,0.0,0.065,13.23,6.0,-10,20.479570852088592,,7000.0,0.0,0.0,0.0,45.24474683846637,optimal
2021-02-09 10:30:00,4,103,2.0,0.0,0.0,0.065,13.8915,6.0,-10,20.538517331060067,,7000.0,0.0,0.0,0.0,44.85271209912278,optimal
2021-02-09 11:00:00,4,103,0.0,0.0,0.0,0.065,26.9325,6.0,-10,20.59833055925441,,0.0,0.0,0.0,0.0,44.46106939451854,optimal
2021-02-09 11:30:00,4,103,0.0,0.0,0.0,0.065,30.303,6.0,-10,20.51165375158812,,0.0,0.0,0.0,0.0,44.0698183326189,optimal
2021-02-09 12:00:00,4,103,0.0,0.0,0.0,0.065,32.886,6.0,-10,20.42559700324443,,0.0,0.0,0.0,0.0,43.67895852178116,optimal
2021-02-09 12:30:00,4,103,0.0,0.0,0.0,0.065,34.9965,6.0,-10,20.340157502432884,,0.0,0.0,0.0,0.0,43.28848957075426,optimal
2021-02-09 13:00:00,4,103,0.0,0.0,0.0,0.065,33.327,6.0,-10,20.25487877939513,,0.0,0.0,0.0,0.0,42.89841108867838,optimal
2021-02-09 13:30:00,4,103,0.0,0.0,0.0,0.065,31.122,6.0,-10,20.169760105028388,,0.0,0.0,0.0,0.0,42.50872268508458,optimal
2021-02-09 14:00:00,4,103,0.0,0.0,0.0,0.065,17.9025,6.0,-10,20.084800752947626,,0.0,0.0,0.0,0.0,42.11942396989437,optimal
2021-02-09 14:30:00,4,103,1.148846056117011,0.0,0.0,0.065,15.6555,6.0,-10,20.0,,4020.961196409539,0.0,0.0,0.0,41.73051455341936,optimal
2021-02-09 15:00:00,4,103,1.1519248638154789,0.0,0.0,0.065,14.553,6.0,-10,20.0,,4031.737023354176,0.0,0.0,0.0,41.34199404636081,optimal
2021-02-09 15:30:00,4,103,1.1519248638154789,0.0,0.0,0.065,14.3325,6.0,-10,20.0,,4031.737023354176,0.0,0.0,0.0,40.953862059809325,optimal
2021-02-09 16:00:00,4,103,1.1519248901245798,0.0,0.0,0.065,13.335,6.0,-10,20.0,,4031.73711543603,0.0,0.0,0.0,40.56611820524439,optimal
2021-02-09 16:30:00,4,103,2.0,0.0,0.0,0.065,12.1275,6.0,-10,20.0,,7000.0,0.0,0.0,0.0,40.17876209453403,optimal
2021-02-09 17:00:00,4,103,0.3261420508662936,0.0,0.0,0.065,12.2955,6.0,-10,20.06202947592557,,1141.4971780320277,0.0,0.0,0.0,39.79179333993437,optimal
2021-02-09 17:30:00,4,103,1.07161669557015,0.0,0.0,1.288333333333333,11.6865,6.0,-10,20.0,,3750.658434495525,0.0,0.0,0.0,39.40521155408931,optimal
2021-02-09 18:00:00,4,103,1.1036314235115436,0.0,0.0,0.9753,11.466,6.0,-10,20.0,,3444.709982290404,0.0,418.0,0.0,39.0190163500301,optimal
2021-02-09 18:30:00,4,103,2.0,0.0,0.0,1.2986,10.8045,6.0,-10,20.0,,3934.6666666666665,0.0,3065.333333333333,0.0,38.63320734117495,optimal
2021-02-09 19:00:00,4,103,2.0,0.0,0.0,3.3876666666666666,10.584,6.0,-10,20.017418913074863,,7000.0,0.0,0.0,0.0,38.59457413383377,optimal
2021-02-09 19:30:00,4,103,0.2943823675085888,0.0,0.0,0.5270666666666667,11.2455,6.0,-10,20.10670605964573,,1030.3382862800609,0.0,0.0,0.0,38.555979559699935,optimal
2021-02-09 20:00:00,4,103,0.0,0.0,0.0,0.2776666666666667,12.1275,6.0,-10,20.065167213703507,,0.0,0.0,0.0,0.0,38.51742358014023,optimal
2021-02-09 20:30:00,4,103,0.0,0.0,0.0,0.2935333333333333,11.823,6.0,-10,20.0,,0.0,0.0,0.0,0.0,38.47890615656009,optimal
2021-02-09 21:00:00,4,103,0.0,0.0,0.0,2.5617666666666667,11.7705,6.0,-10,19.933918630345485,,0.0,0.0,0.0,0.0,38.44042725040353,optimal
2021-02-09 21:30:00,4,103,0.1194285714285714,0.0,0.0,2.615266666666667,11.13,6.0,-10,19.89055717675793,,0.0,0.0,418.0,0.0,38.40198682315312,optimal
2021-02-09 22:00:00,4,103,0.0,0.0,0.0,0.8953333333333334,11.6865,6.0,-10,19.8290630845876,,0.0,0.0,0.0,0.0,38.36358483632997,optimal
2021-02-09 22:30:00,4,103,0.0,0.0,0.0,0.065,10.7205,6.0,-10,19.7609454789033,,0.0,0.0,0.0,0.0,38.32522125149364,optimal
2021-02-09 23:00:00,4,103,0.0,0.0,0.0,0.065,11.424,6.0,-10,19.68037703707128,,0.0,0.0,0.0,0.0,38.28689603024215,optimal
2021-02-09 23:30:00,4,103,0.0,0.0,0.0,0.065,10.689,6.0,-10,19.600400942843624,,0.0,0.0,0.0,0.0,38.248609134211904,optimal
2021-02-10 00:00:00,4,103,2.0,0.0,0.0,0.06,11.7075,6.0,1,19.600400942843624,,7000.0,0.0,0.0,0.0,38.21036052507769,optimal
2021-02-10 00:30:00,4,103,2.0,0.0,5.0,0.2125333333333333,10.8045,6.0,1,19.6668847766519,,0.0,0.0,7000.0,0.0,40.54715016455261,optimal
2021-02-10 01:00:00,4,103,2.0,0.0,0.0,0.1631333333333333,11.508,6.0,1,19.58847136032,,0.0,0.0,7000.0,0.0,40.50660301438806,optimal
2021-02-10 01:30:00,4,103,2.0,0.0,0.0,0.0669333333333333,11.508,6.0,1,19.50892012235945,,4210.333333333334,0.0,2789.6666666666665,0.0,40.46609641137368,optimal
2021-02-10 02:00:00,4,103,2.0,0.0,0.0,0.2056,11.508,6.0,1,19.51588029930086,,7000.0,0.0,0.0,0.0,40.42563031496231,optimal
2021-02-10 02:30:00,4,103,2.0,0.0,0.0,0.1631333333333333,11.844,6.0,1,19.583997842715767,,7000.0,0.0,0.0,0.0,40.38520468464734,optimal
2021-02-10 03:00:00,4,103,2.0,0.0,0.0,0.1570666666666666,11.508,6.0,1,19.6509124177914,,7000.0,0.0,0.0,0.0,40.344819479962695,optimal
2021-02-10 03:30:00,4,103,2.0,0.0,0.0,0.1154666666666666,11.508,6.0,1,19.717395716857784,,7000.0,0.0,0.0,0.0,40.30447466048273,optimal
2021-02-10 04:00:00,4,103,2.0,0.0,5.0,0.1315,10.4475,6.0,1,19.78270170531989,,7000.0,0.0,0.0,0.0,42.63917018582225,optimal
2021-02-10 04:30:00,4,103,2.0,0.0,5.0,0.2441666666666666,10.8675,6.0,1,19.848048929432565,,7000.0,0.0,0.0,0.0,44.97153101563643,optimal
2021-02-10 05:00:00,4,103,2.0,0.0,5.0,0.0663333333333333,10.542,6.0,1,19.91501770491732,,7000.0,0.0,0.0,0.0,47.3015594846208,optimal
2021-02-10 05:30:00,4,103,2.0,0.0,0.0,0.1474,11.025,6.0,1,19.977352212591843,,7000.0,0.0,0.0,0.0,47.25425792513617,optimal
2021-02-10 06:00:00,4,103,2.0,0.0,1.6694659637662457,0.4187333333333333,11.025,6.0,1,20.040628679280104,,7000.0,0.0,0.0,0.0,48.0,optimal
2021-02-10 06:30:00,4,103,2.0,0.0,0.0,0.1712333333333333,14.553,6.0,1,20.11131092025242,,7000.0,0.0,0.0,0.0,47.77315821280328,optimal
2021-02-10 07:00:00,4,103,2.0,0.0,0.0,0.233,13.0935,6.0,1,20.180199875771017,,7000.0,0.0,0.0,0.0,47.54654326739376,optimal
2021-02-10 07:30:00,4,103,2.0,0.0,0.0,0.3898666666666667,15.6345,6.0,1,20.252238318001847,,7000.0,0.0,0.0,0.0,47.32015493692965,optimal
2021-02-10 08:00:00,4,103,0.0,0.0,0.0,0.1685333333333333,18.102,6.0,1,20.327907931603296,,0.0,0.0,0.0,0.0,47.093992994796,optimal
2021-02-10 08:30:00,4,103,1.3679710919160573,0.0,0.0,0.2355333333333333,17.199,6.0,1,20.25096734326744,,4787.898821706201,0.0,0.0,0.0,46.86805721460449,optimal
2021-02-10 09:00:00,4,103,0.0,0.0,0.0,0.1601333333333333,18.2805,6.0,1,20.26298473410807,,0.0,0.0,0.0,0.0,46.64234737019317,optimal
2021-02-10 09:30:00,4,103,0.0,0.0,0.0,0.0920999999999999,17.4615,6.0,1,20.17348052014453,,0.0,0.0,0.0,0.0,46.41686323562626,optimal
2021-02-10 10:00:00,4,103,0.0,0.0,0.0,0.3035666666666666,18.3225,6.0,1,20.08385756555792,,0.0,0.0,0.0,0.0,46.19160458519392,optimal
2021-02-10 10:30:00,4,103,2.0,0.0,0.0,0.07,17.094,6.0,1,20.0,,7000.0,0.0,0.0,0.0,45.966571193412,optimal
2021-02-10 11:00:00,4,103,2.0,0.0,0.0,0.2424666666666666,17.094,6.0,1,20.059639553119496,,7000.0,0.0,0.0,0.0,45.74176283502187,optimal
2021-02-10 11:30:00,4,103,2.0,0.0,0.0,0.1531999999999999,17.094,6.0,1,20.12331953796058,,7000.0,0.0,0.0,0.0,45.517179284990135,optimal
2021-02-10 12:00:00,4,103,2.0,0.0,0.0,0.0838666666666666,17.3565,6.0,1,20.18528519545264,,7000.0,0.0,0.0,0.0,45.292820318508426,optimal
2021-02-10 12:30:00,4,103,2.0,0.0,0.0,0.3044333333333333,17.115,6.0,1,20.245963909520544,,7000.0,0.0,0.0,0.0,45.0686857109932,optimal
2021-02-10 13:00:00,4,103,2.0,0.0,0.0,0.0773666666666666,17.241,6.0,1,20.311010361792466,,7000.0,0.0,0.0,0.0,44.84477523808549,optimal
2021-02-10 13:30:00,4,103,2.0,0.0,0.0,0.0920999999999999,17.094,6.0,1,20.37098187271488,,7000.0,0.0,0.0,0.0,44.62108867565069,optimal
2021-02-10 14:00:00,4,103,2.0,0.0,0.0,0.2065,16.5165,6.0,1,20.43189879115037,,7000.0,0.0,0.0,0.0,44.397625799778325,optimal
2021-02-10 14:30:00,4,103,2.0,0.0,0.0,0.1670666666666666,17.8185,6.0,1,20.495854851831503,,7000.0,0.0,0.0,0.0,44.17438638678183,optimal
2021-02-10 15:00:00,4,103,2.0,0.0,0.0,0.1436666666666666,17.094,6.0,1,20.5586906764042,,7000.0,0.0,0.0,0.0,43.95137021319833,optimal
2021-02-10 15:30:00,4,103,2.0,0.0,0.0,0.1965333333333333,16.8945,6.0,1,20.620748853965384,,7000.0,0.0,0.0,0.0,43.72857705578841,optimal
2021-02-10 16:00:00,4,103,0.0228396865799256,0.0,0.0,0.1254666666666666,18.123,6.0,1,20.682731021592502,,79.93890302973963,0.0,0.0,0.0,43.50600669153591,optimal
2021-02-10 16:30:00,4,103,0.0,0.0,0.0,0.1731333333333333,31.647,6.0,1,20.596358566857106,,0.0,0.0,0.0,0.0,43.283658897647655,optimal
2021-02-10 17:00:00,4,103,0.0,0.0,0.0,0.2933333333333333,34.9965,6.0,1,20.508791276255053,,0.0,0.0,0.0,0.0,43.06153345155329,optimal
2021-02-10 17:30:00,4,103,0.0,0.0,0.0,2.1,34.9965,6.0,1,20.427373980471263,,0.0,0.0,0.0,0.0,42.83963013090501,optimal
2021-02-10 18:00:00,4,103,0.0,0.0,0.0,0.068,34.9965,6.0,1,20.38021557275339,,0.0,0.0,0.0,0.0,42.61794871357739,optimal
2021-02-10 18:30:00,4,103,0.0,0.0,0.0,0.1961,34.9965,6.0,1,20.303192370774507,,0.0,0.0,0.0,0.0,42.3964889776671,optimal
2021-02-10 19:00:00,4,103,0.0,0.0,0.0,0.4013666666666666,34.9965,6.0,1,20.222123847193835,,0.0,0.0,0.0,0.0,42.17525070149272,optimal
2021-02-10 19:30:00,4,103,0.0,0.0,0.0,0.7281333333333333,27.741,6.0,1,20.14406690904352,,0.0,0.0,0.0,0.0,41.95423366359451,optimal
2021-02-10 20:00:00,4,103,0.0,0.0,0.0,0.3594666666666666,19.026,6.0,1,20.07841238681232,,0.0,0.0,0.0,0.0,41.7334376427342,optimal
2021-02-10 20:30:00,4,103,0.0,0.0,0.0,0.1821333333333333,18.7215,6.0,1,20.0,,0.0,0.0,0.0,0.0,41.512862417894745,optimal
2021-02-10 21:00:00,4,103,0.0,0.0,0.0,0.3650333333333334,17.4195,6.0,1,19.91591712382276,,0.0,0.0,0.0,0.0,41.29250776828013,optimal
2021-02-10 21:30:00,4,103,0.0,0.0,0.0,0.2956999999999999,16.758,6.0,1,19.83575128039948,,0.0,0.0,0.0,0.0,41.07237347331513,optimal
2021-02-10 22:00:00,4,103,0.0,0.0,0.0,0.3029333333333333,14.217,6.0,1,19.750937084259235,,0.0,0.0,0.0,0.0,40.8524593126451,optimal
2021-02-10 22:30:00,4,103,0.0398095238095238,0.0,0.0,0.4952,13.3665,6.0,1,19.66495701222797,,0.0,0.0,139.33333333333331,0.0,40.63276506613574,optimal
2021-02-10 23:00:00,4,103,0.289415238095238,0.0,0.0,0.4316666666666667,12.789,6.0,1,19.586306366885683,,0.0,0.0,1012.9533333333331,0.0,40.41329051387289,optimal
2021-02-10 23:30:00,4,103,0.0290609523809523,0.0,0.0,0.1305333333333333,11.907,6.0,1,19.504349508215032,,0.0,0.0,101.71333333333337,0.0,40.37287722335901,optimal
2021-02-11 00:00:00,4,103,2.0,0.0,0.0,0.1341333333333333,11.025,6.0,-4,19.504349508215032,,7000.0,0.0,0.0,0.0,40.33250434613565,optimal
2021-02-11 00:30:00,4,103,2.0,0.0,5.0,0.0964666666666666,10.7835,6.0,-4,19.558687009024503,,0.0,0.0,7000.0,0.0,42.66717184178952,optimal
2021-02-11 01:00:00,4,103,2.0,0.0,0.0,0.3963,11.025,6.0,-4,19.465113979959007,,2992.6666666666665,0.0,4007.3333333333335,0.0,42.624504669947726,optimal
2021-02-11 01:30:00,4,103,2.0,0.0,5.0,0.2779666666666666,10.584,6.0,-4,19.44446415105289,,7000.0,0.0,0.0,0.0,44.95688016527778,optimal
2021-02-11 02:00:00,4,103,2.0,0.0,2.104652698042667,0.1583333333333333,11.025,6.0,-4,19.50567480460482,,7000.0,0.0,0.0,0.0,45.91163331668277,optimal
2021-02-11 02:30:00,4,103,2.0,0.0,5.0,0.1845666666666666,10.4265,6.0,-4,19.567373298001552,,7000.0,0.0,0.0,0.0,48.24072168336608,optimal
2021-02-11 03:00:00,4,103,2.0,0.0,0.0,0.3203999999999999,12.789,6.0,-4,19.625529390542354,,7000.0,0.0,0.0,0.0,48.19248096168271,optimal
2021-02-11 03:30:00,4,103,2.0,0.0,0.0,0.17,12.684,6.0,-4,19.685851183247923,,7000.0,0.0,0.0,0.0,48.144288480721016,optimal
2021-02-11 04:00:00,4,103,2.0,0.0,0.0,0.3196,16.254,6.0,-4,19.740658018968983,,7000.0,0.0,0.0,0.0,48.096144192240295,optimal
2021-02-11 04:30:00,4,103,2.0,0.0,0.0,0.1665666666666666,17.64,6.0,-4,19.79835578634523,,7000.0,0.0,0.0,0.0,48.048048048048045,optimal
2021-02-11 05:00:00,4,103,2.0,0.0,0.0,0.067,19.1625,6.0,-4,19.853615886765343,,7000.0,0.0,0.0,0.0,48.0,optimal
2021-02-11 05:30:00,4,103,1.8657425010210256,0.0,0.0,0.069,26.46,6.0,-4,19.905764539217014,,6530.098753573589,0.0,0.0,0.0,47.799343590669984,optimal
2021-02-11 06:00:00,4,103,2.0,0.0,0.0,0.205,20.79,6.0,-4,19.942239171528588,,7000.0,0.0,0.0,0.0,47.5988878377493,optimal
2021-02-11 06:30:00,4,103,0.0,0.0,0.0,0.0825999999999999,29.106,6.0,-4,19.992436969032784,,0.0,0.0,0.0,0.0,47.39863254058154,optimal
2021-02-11 07:00:00,4,103,2.0,0.0,0.0,0.069,19.1835,6.0,-4,19.89361178117077,,7000.0,0.0,0.0,0.0,47.19857749871094,optimal
2021-02-11 07:30:00,4,103,2.0,0.0,0.0,0.169,19.6665,6.0,-4,19.94343567165873,,7000.0,0.0,0.0,0.0,46.99872251188221,optimal
2021-02-11 08:00:00,4,103,1.2370262700752417,0.0,0.0,0.3389,19.404,6.0,-4,20.0,,4190.258611930013,0.0,139.33333333333331,0.0,46.79906738004032,optimal
2021-02-11 08:30:00,4,103,1.776112994410282,0.0,0.0,0.8042,19.047,6.0,-4,20.0,,4126.395480435987,0.0,2090.0,0.0,46.59961190333026,optimal
2021-02-11 09:00:00,4,103,2.0,0.0,0.0,1.1599666666666666,18.858,6.0,-4,20.006924382658,,7000.0,0.0,0.0,0.0,46.40035588209692,optimal
2021-02-11 09:30:00,4,103,0.0,0.0,0.0,0.1957333333333333,19.2675,6.0,-4,20.084361702221912,,0.0,0.0,0.0,0.0,46.201299116884805,optimal
2021-02-11 10:00:00,4,103,2.0,0.0,0.0,0.8153333333333334,18.963,6.0,-4,20.001549518794096,,7000.0,0.0,0.0,0.0,46.0024414084379,optimal
2021-02-11 10:30:00,4,103,2.0,0.0,0.0,1.4429333333333334,18.438,6.0,-4,20.08433305170273,,7000.0,0.0,0.0,0.0,45.80378255769945,optimal
2021-02-11 11:00:00,4,103,2.0,0.0,0.0,0.3656666666666667,18.7425,6.0,-4,20.17298732804412,,7000.0,0.0,0.0,0.0,45.60532236581174,optimal
2021-02-11 11:30:00,4,103,2.0,0.0,0.0,0.3738,15.2145,6.0,-4,20.241586837878383,,7000.0,0.0,0.0,0.0,45.40706063411592,optimal
2021-02-11 12:00:00,4,103,2.0,0.0,0.0,1.7421,17.7765,6.0,-4,20.312417385597648,,7000.0,0.0,0.0,0.0,45.20899716415178,optimal
2021-02-11 12:30:00,4,103,2.0,0.0,0.0,0.5104666666666666,16.758,6.0,-4,20.388480883787764,,7000.0,0.0,0.0,0.0,45.011131757657616,optimal
2021-02-11 13:00:00,4,103,2.0,0.0,0.0,0.141,16.422,6.0,-4,20.46392420971031,,7000.0,0.0,0.0,0.0,44.81346421656995,optimal
2021-02-11 13:30:00,4,103,2.0,0.0,0.0,0.3192,16.758,6.0,-4,20.529249846373023,,7000.0,0.0,0.0,0.0,44.61599434302337,optimal
2021-02-11 14:00:00,4,103,0.0,0.0,0.0,0.2133,29.358,6.0,-4,20.597887824745992,,0.0,0.0,0.0,0.0,44.41872193935033,optimal
2021-02-11 14:30:00,4,103,0.0,0.0,0.0,0.069,34.9965,6.0,-4,20.51657909615861,,0.0,0.0,0.0,0.0,44.22164680808096,optimal
2021-02-11 15:00:00,4,103,0.0,0.0,0.0,0.069,34.65,6.0,-4,20.433329371513643,,0.0,0.0,0.0,0.0,44.02476875194287,optimal
2021-02-11 15:30:00,4,103,0.0,0.0,0.0,0.2186,34.9965,6.0,-4,20.34886948402861,,0.0,0.0,0.0,0.0,43.828087573860905,optimal
2021-02-11 16:00:00,4,103,0.0,0.0,0.0,0.243,34.9965,6.0,-4,20.262724720049945,,0.0,0.0,0.0,0.0,43.63160307695703,optimal
2021-02-11 16:30:00,4,103,0.0,0.0,0.0,0.3364333333333333,30.4815,6.0,-4,20.17449855364381,,0.0,0.0,0.0,0.0,43.43531506455005,optimal
2021-02-11 17:00:00,4,103,0.0,0.0,0.0,0.3875666666666666,21.4305,6.0,-4,20.08690706549045,,0.0,0.0,0.0,0.0,43.23922334015549,optimal
2021-02-11 17:30:00,4,103,1.1757544042466903,0.0,0.0,0.4938,14.3325,6.0,-4,20.0,,3836.4737481967486,0.0,278.66666666666663,0.0,43.04332770748532,optimal
2021-02-11 18:00:00,4,103,1.8993893490905909,0.0,0.0,1.7310666666666663,13.692,6.0,-4,20.0,,6160.196055150402,0.0,487.6666666666667,0.0,42.84762797044782,optimal
2021-02-11 18:30:00,4,103,0.0,0.0,0.0,0.6463666666666666,14.007,6.0,-4,20.07809295225709,,0.0,0.0,0.0,0.0,42.65212393314736,optimal
2021-02-11 19:00:00,4,103,1.1741042273203564,0.0,0.0,0.3681333333333333,12.873,6.0,-4,20.0,,4039.6981289545806,0.0,69.66666666666666,0.0,42.4568153998842,optimal
2021-02-11 19:30:00,4,103,1.3139267486995685,0.0,0.0,0.3637333333333333,12.684,6.0,-4,20.0,,4389.743620448489,0.0,209.0,0.0,42.2617021751543,optimal
2021-02-11 20:00:00,4,103,1.4203968891264145,0.0,0.0,0.5156000000000001,12.306,6.0,-4,20.0,,4762.38911194245,0.0,209.0,0.0,42.06678406364913,optimal
2021-02-11 20:30:00,4,103,0.2388571428571428,0.0,0.0,0.3732333333333333,10.6365,6.0,-4,20.0,,0.0,0.0,836.0,0.0,41.87206087025547,optimal
2021-02-11 21:00:00,4,103,0.0,0.0,0.0,0.5026,11.2455,6.0,-4,19.89678555077855,,0.0,0.0,0.0,0.0,41.6775324000552,optimal
2021-02-11 21:30:00,4,103,0.0,0.0,0.0,0.3491,11.2455,6.0,-4,19.797328510985672,,0.0,0.0,0.0,0.0,41.48319845832513,optimal
2021-02-11 22:00:00,4,103,0.0,0.0,0.0,0.3066333333333333,11.025,6.0,-4,19.700214342767605,,0.0,0.0,0.0,0.0,41.28905885053679,optimal
2021-02-11 22:30:00,4,103,0.0,0.0,0.0,0.4666,12.0855,6.0,-4,19.6083899995564,,0.0,0.0,0.0,0.0,41.09511338235624,optimal
2021-02-11 23:00:00,4,103,0.0,0.0,0.0,0.1667,11.6865,6.0,-4,19.517536369718687,,0.0,0.0,0.0,0.0,41.05401826897389,optimal
2021-02-11 23:30:00,4,103,0.0,0.0,0.0,0.1232333333333333,11.2245,6.0,-4,19.420649087158928,,0.0,0.0,0.0,0.0,41.01296425070491,optimal
2021-02-12 00:00:00,4,103,1.1180028795733,0.0,0.0,0.1992666666666666,13.671,6.0,6,19.420649087158928,,3913.010078506549,0.0,0.0,0.0,40.97195128645421,optimal
2021-02-12 00:30:00,4,103,2.0,0.0,0.0,0.057,10.668,6.0,6,19.3928198328254,,2820.0,0.0,4180.0,0.0,40.93097933516776,optimal
2021-02-12 01:00:00,4,103,2.0,0.0,0.0,0.057,11.7285,6.0,6,19.339113751747966,,7000.0,0.0,0.0,0.0,40.89004835583259,optimal
2021-02-12 01:30:00,4,103,2.0,0.0,0.0,0.1992666666666666,11.025,6.0,6,19.37364202276824,,7000.0,0.0,0.0,0.0,40.84915830747676,optimal
2021-02-12 02:00:00,4,103,2.0,0.0,0.0,0.057,10.689,6.0,6,19.41146208960632,,7000.0,0.0,0.0,0.0,40.80830914916928,optimal
2021-02-12 02:30:00,4,103,2.0,0.0,5.0,0.057,8.1585,6.0,6,19.446569475726708,,7000.0,0.0,0.0,0.0,43.14250084002011,optimal
2021-02-12 03:00:00,4,103,2.0,0.0,0.0,0.1346,10.3635,6.0,6,19.48287859561253,,7000.0,0.0,0.0,0.0,43.09935833918009,optimal
2021-02-12 03:30:00,4,103,2.0,0.0,0.0,0.1216666666666666,10.8045,6.0,6,19.522017509024884,,7000.0,0.0,0.0,0.0,43.05625898084092,optimal
2021-02-12 04:00:00,4,103,2.0,0.0,0.0,0.057,11.025,6.0,6,19.56388228762143,,7000.0,0.0,0.0,0.0,43.01320272186008,optimal
2021-02-12 04:30:00,4,103,2.0,0.0,0.9642326535775606,0.1992666666666666,10.3635,6.0,6,19.607371557252456,,7000.0,0.0,0.0,0.0,43.42820002958756,optimal
2021-02-12 05:00:00,4,103,2.0,0.0,0.0,0.057,10.8045,6.0,6,19.656833979173463,,7000.0,0.0,0.0,0.0,43.38477182955796,optimal
2021-02-12 05:30:00,4,103,2.0,0.0,5.0,0.0764,10.059,6.0,6,19.70625291238515,,7000.0,0.0,0.0,0.0,45.7163870577284,optimal
2021-02-12 06:00:00,4,103,2.0,0.0,0.0,0.1798666666666666,10.584,6.0,6,19.759485371724587,,7000.0,0.0,0.0,0.0,45.670670670670674,optimal
2021-02-12 06:30:00,4,103,2.0,0.0,5.0,0.0563333333333333,9.4185,6.0,6,19.818283694049896,,7000.0,0.0,0.0,0.0,48.0,optimal
2021-02-12 07:00:00,4,103,2.0,0.0,0.0,0.1982666666666666,10.3635,6.0,6,19.8756648942426,,7000.0,0.0,0.0,0.0,47.8111409963688,optimal
2021-02-12 07:30:00,4,103,2.0,0.0,0.0,0.3841,9.8385,6.0,6,19.93633244899884,,7000.0,0.0,0.0,0.0,47.622470851741234,optimal
2021-02-12 08:00:00,4,103,2.0,0.0,0.0,0.1679666666666666,11.067,6.0,6,20.0,,7000.0,0.0,0.0,0.0,47.43398937725829,optimal
2021-02-12 08:30:00,4,103,2.0,0.0,0.0,0.3161,10.8465,6.0,6,20.055334290982497,,7000.0,0.0,0.0,0.0,47.24569638424983,optimal
2021-02-12 09:00:00,4,103,2.0,0.0,0.0,0.189,13.671,6.0,6,20.10762198969816,,7000.0,0.0,0.0,0.0,47.05759168423438,optimal
2021-02-12 09:30:00,4,103,2.0,0.0,0.0,0.8244333333333332,12.348,6.0,6,20.15443437007946,,7000.0,0.0,0.0,0.0,46.86967508891895,optimal
2021-02-12 10:00:00,4,103,0.0,0.0,0.0,2.218933333333333,14.3325,6.0,6,20.224626975071267,,0.0,0.0,0.0,0.0,46.681946410198826,optimal
2021-02-12 10:30:00,4,103,0.0,0.0,0.0,0.2296666666666666,15.393,6.0,6,20.178031060726365,,0.0,0.0,0.0,0.0,46.49440546015743,optimal
2021-02-12 11:00:00,4,103,2.0,0.0,0.0,0.3275333333333333,13.587,6.0,6,20.09866937702964,,7000.0,0.0,0.0,0.0,46.30705205106607,optimal
2021-02-12 11:30:00,4,103,0.0,0.0,0.0,1.5265666666666666,16.1385,6.0,6,20.17166724324718,,0.0,0.0,0.0,0.0,46.11988599538381,optimal
2021-02-12 12:00:00,4,103,0.0,0.0,0.0,0.2660333333333333,14.595,6.0,6,20.11395352018705,,0.0,0.0,0.0,0.0,45.93290710575723,optimal
2021-02-12 12:30:00,4,103,0.6243052542260796,0.0,0.0,0.2028,14.637,6.0,6,20.03541253717602,,2185.068389791279,0.0,0.0,0.0,45.74611519502027,optimal
2021-02-12 13:00:00,4,103,1.136647782307754,0.0,0.0,0.0734666666666666,13.9125,6.0,6,20.0,,3978.267238077138,0.0,0.0,0.0,45.55951007619405,optimal
2021-02-12 13:30:00,4,103,1.1524177061509082,0.0,0.0,0.3637333333333333,13.3665,6.0,6,20.0,,3963.795304861512,0.0,69.66666666666666,0.0,45.37309156248666,optimal
2021-02-12 14:00:00,4,103,2.0,0.0,0.0,0.3391666666666666,13.0095,6.0,6,20.008446333278748,,7000.0,0.0,0.0,0.0,45.18685946729297,optimal
2021-02-12 14:30:00,4,103,0.0,0.0,0.0,0.0851666666666666,13.8915,6.0,6,20.07979688808948,,0.0,0.0,0.0,0.0,45.00081360419448,optimal
2021-02-12 15:00:00,4,103,1.1256400136803002,0.0,0.0,0.0864,13.188,6.0,6,20.0,,3730.740047881051,0.0,209.0,0.0,44.81495378695908,optimal
2021-02-12 15:30:00,4,103,1.0979525697721948,0.0,0.0,0.3011,12.5685,6.0,6,20.0,,3424.8339942026814,0.0,418.0,0.0,44.62927982954092,optimal
2021-02-12 16:00:00,4,103,0.9508746776985498,0.0,0.0,0.1916666666666666,12.285,6.0,6,20.0,,3188.728038611591,0.0,139.33333333333331,0.0,44.44379154608018,optimal
2021-02-12 16:30:00,4,103,2.0,0.0,0.0,0.6211333333333333,11.487,6.0,6,20.0,,4701.0,0.0,2299.0,0.0,44.2584887509029,optimal
2021-02-12 17:00:00,4,103,0.324197155145166,0.0,0.0,0.3088333333333333,11.802,6.0,6,20.04007543102816,,1134.690043008081,0.0,0.0,0.0,44.0733712585208,optimal
2021-02-12 17:30:00,4,103,2.0,0.0,0.0,0.2481999999999999,11.2245,6.0,6,20.0,,7000.0,0.0,0.0,0.0,43.88843888363108,optimal
2021-02-12 18:00:00,4,103,2.0,0.0,0.0,0.6159333333333333,11.025,6.0,6,20.07696263244953,,7000.0,0.0,0.0,0.0,43.84455044474744,optimal
2021-02-12 18:30:00,4,103,1.5109458450897433,0.0,0.0,0.3908666666666667,11.907,6.0,6,20.163493274972726,,5288.310457814101,0.0,0.0,0.0,43.800705894302695,optimal
2021-02-12 19:00:00,4,103,0.0,0.0,0.0,0.2588666666666667,25.83,6.0,6,20.20818032444576,,0.0,0.0,0.0,0.0,43.75690518840839,optimal
2021-02-12 19:30:00,4,103,0.0,0.0,0.0,0.4914,28.035,6.0,6,20.13706942530869,,0.0,0.0,0.0,0.0,43.71314828321998,optimal
2021-02-12 20:00:00,4,103,0.0,0.0,0.0,0.3974,28.119,6.0,6,20.070095786508105,,0.0,0.0,0.0,0.0,43.66943513493676,optimal
2021-02-12 20:30:00,4,103,0.0,0.0,0.0,0.4417666666666666,30.156,6.0,6,20.0,,0.0,0.0,0.0,0.0,43.62576569980183,optimal
2021-02-12 21:00:00,4,103,0.0,0.0,0.0,0.339,29.1585,6.0,6,19.92815870162776,,0.0,0.0,0.0,0.0,43.58213993410202,optimal
2021-02-12 21:30:00,4,103,0.0,0.0,0.0,0.067,26.712,6.0,6,19.84804015019892,,0.0,0.0,0.0,0.0,43.53855779416792,optimal
2021-02-12 22:00:00,4,103,0.0,0.0,0.0,0.2092666666666666,15.435,6.0,6,19.75554906423536,,0.0,0.0,0.0,0.0,43.49501923637376,optimal
2021-02-12 22:30:00,4,103,0.0,0.0,0.0,0.067,13.566,6.0,6,19.66669918648176,,0.0,0.0,0.0,0.0,43.45152421713738,optimal
2021-02-12 23:00:00,4,103,0.0,0.0,0.0,0.1575333333333333,12.789,6.0,6,19.575257621089392,,0.0,0.0,0.0,0.0,43.40807269292024,optimal
2021-02-12 23:30:00,4,103,0.0,0.0,0.0,0.1187333333333333,12.1275,6.0,6,19.48613666066103,,0.0,0.0,0.0,0.0,43.36466462022732,optimal
2021-02-13 00:00:00,4,103,0.0,0.0,0.0,0.065,14.595,6.0,10,19.48613666066103,,0.0,0.0,0.0,0.0,43.321299955607095,optimal
2021-02-13 00:30:00,4,103,0.0,0.0,0.0,0.087,12.4845,6.0,10,19.40271348964483,,0.0,0.0,0.0,0.0,43.27797865565149,optimal
2021-02-13 01:00:00,4,103,0.914177055585238,0.0,0.0,0.2196666666666666,12.1275,6.0,10,19.32035872620561,,2363.6196945483325,0.0,836.0,0.0,43.23470067699584,optimal
2021-02-13 01:30:00,4,103,2.0,0.0,0.0,0.2014,12.1275,6.0,10,19.291152260257952,,7000.0,0.0,0.0,0.0,43.19146597631884,optimal
2021-02-13 02:00:00,4,103,0.0,0.0,0.0,0.131,12.789,6.0,10,19.359518304328738,,0.0,0.0,0.0,0.0,43.14827451034252,optimal
2021-02-13 02:30:00,4,103,2.0,0.0,0.0,0.0705333333333333,11.907,6.0,10,19.278966224107545,,7000.0,0.0,0.0,0.0,43.105126235832174,optimal
2021-02-13 03:00:00,4,103,2.0,0.0,0.0,0.3167333333333333,11.025,6.0,10,19.344859589796982,,7000.0,0.0,0.0,0.0,43.06202110959634,optimal
2021-02-13 03:30:00,4,103,2.0,0.0,1.1564880227447816,0.1207999999999999,8.2005,6.0,10,19.4156366285903,,7000.0,0.0,0.0,0.0,43.56829089929051,optimal
2021-02-13 04:00:00,4,103,2.0,0.0,0.0,0.065,9.5655,6.0,10,19.481741263698872,,7000.0,0.0,0.0,0.0,43.524722608391215,optimal
2021-02-13 04:30:00,4,103,2.0,0.0,5.0,0.3743999999999999,7.056,6.0,10,19.54614455615049,,7000.0,0.0,0.0,0.0,45.85619788578282,optimal
2021-02-13 05:00:00,4,103,2.0,0.0,0.0,0.0746666666666666,9.3975,6.0,10,19.616314999189107,,7000.0,0.0,0.0,0.0,45.81034168789703,optimal
2021-02-13 05:30:00,4,103,2.0,0.0,0.0,0.2819333333333333,10.059,6.0,10,19.679277621558,,7000.0,0.0,0.0,0.0,45.764531346209125,optimal
2021-02-13 06:00:00,4,103,2.0,0.0,0.0,0.1738,9.261,6.0,10,19.74577978042821,,7000.0,0.0,0.0,0.0,45.71876681486292,optimal
2021-02-13 06:30:00,4,103,2.0,0.0,5.0,0.065,8.1585,6.0,10,19.80940469071081,,7000.0,0.0,0.0,0.0,48.048048048048045,optimal
2021-02-13 07:00:00,4,103,2.0,0.0,0.0,0.2813333333333333,9.4815,6.0,10,19.87027997086836,,7000.0,0.0,0.0,0.0,48.0,optimal
2021-02-13 07:30:00,4,103,2.0,0.0,0.0,0.2259333333333333,8.379,6.0,10,19.935753460541868,,7000.0,0.0,0.0,0.0,47.91796545242843,optimal
2021-02-13 08:00:00,4,103,2.0,0.0,0.0,0.1381333333333333,9.5235,6.0,10,20.0,,4840.333333333334,0.0,2159.6666666666665,0.0,47.83601293940444,optimal
2021-02-13 08:30:00,4,103,2.0,0.0,0.0,0.2279,8.1375,6.0,10,20.019973563218336,,7000.0,0.0,0.0,0.0,47.75414237889347,optimal
2021-02-13 09:00:00,4,103,2.0,0.0,0.0,0.3103333333333333,10.0905,6.0,10,20.08809301194693,,7000.0,0.0,0.0,0.0,47.67235368894301,optimal
2021-02-13 09:30:00,4,103,2.0,0.0,0.0,0.6839,7.539,6.0,10,20.15946183749783,,7000.0,0.0,0.0,0.0,47.5906467876825,optimal
2021-02-13 10:00:00,4,103,2.0,0.0,0.0,1.4512333333333332,7.938,6.0,10,20.22945055058888,,7000.0,0.0,0.0,0.0,47.50902159332325,optimal
2021-02-13 10:30:00,4,103,2.0,0.0,0.0,0.4040666666666667,8.274,6.0,10,20.29987841574749,,7000.0,0.0,0.0,0.0,47.42747802415837,optimal
2021-02-13 11:00:00,4,103,2.0,0.0,0.0,0.5822,9.261,6.0,10,20.363442251313494,,7000.0,0.0,0.0,0.0,47.34601599856264,optimal
2021-02-13 11:30:00,4,103,2.0,0.0,0.0,0.2833666666666666,9.9225,6.0,10,20.429186282431093,,7000.0,0.0,0.0,0.0,47.26463543499251,optimal
2021-02-13 12:00:00,4,103,2.0,0.0,0.0,2.167,9.702,6.0,10,20.4857863024437,,7000.0,0.0,0.0,0.0,47.18333625198596,optimal
2021-02-13 12:30:00,4,103,2.0,0.0,0.0,2.8770666666666664,10.584,6.0,10,20.54831855835796,,7000.0,0.0,0.0,0.0,47.10211836816241,optimal
2021-02-13 13:00:00,4,103,2.0,0.0,0.0,0.5708,10.143,6.0,10,20.61928237692733,,7000.0,0.0,0.0,0.0,47.02098170222268,optimal
2021-02-13 13:30:00,4,103,0.0,0.0,0.0,0.141,13.0095,6.0,10,20.6753709477996,,0.0,0.0,0.0,0.0,46.93992617294889,optimal
2021-02-13 14:00:00,4,103,2.0,0.0,0.0,0.2876666666666667,11.025,6.0,10,20.58359100438198,,7000.0,0.0,0.0,0.0,46.858951699204376,optimal
2021-02-13 14:30:00,4,103,0.0,0.0,0.0,0.5464,12.789,6.0,10,20.647795244053874,,0.0,0.0,0.0,0.0,46.7780581999336,optimal
2021-02-13 15:00:00,4,103,0.0,0.0,0.0,0.5710666666666667,12.1275,6.0,10,20.57400468321752,,0.0,0.0,0.0,0.0,46.697245594162105,optimal
2021-02-13 15:30:00,4,103,0.0,0.0,0.0,0.2547333333333333,12.1695,6.0,10,20.50095610236349,,0.0,0.0,0.0,0.0,46.61651380099638,optimal
2021-02-13 16:00:00,4,103,0.0,0.0,0.0,0.1534666666666666,12.306,6.0,10,20.41338817588865,,0.0,0.0,0.0,0.0,46.535862739623816,optimal
2021-02-13 16:30:00,4,103,0.0,0.0,0.0,0.1994666666666666,13.23,6.0,10,20.324810965644915,,0.0,0.0,0.0,0.0,46.45529232931263,optimal
2021-02-13 17:00:00,4,103,0.0,0.0,0.0,0.2379333333333333,13.671,6.0,10,20.23630581238508,,0.0,0.0,0.0,0.0,46.37480248941175,optimal
2021-02-13 17:30:00,4,103,0.0,0.0,0.0,0.9886666666666666,13.9335,6.0,10,20.14901191651952,,0.0,0.0,0.0,0.0,46.29439313935077,optimal
2021-02-13 18:00:00,4,103,0.0,0.0,0.0,0.8766333333333334,13.293,6.0,10,20.08026360482341,,0.0,0.0,0.0,0.0,46.21406419863986,optimal
2021-02-13 18:30:00,4,103,0.6319435057242734,0.0,0.0,0.3959333333333333,12.1065,6.0,10,20.02006887566241,,2211.802270034957,0.0,0.0,0.0,46.13381558686966,optimal
2021-02-13 19:00:00,4,103,0.8718548133308006,0.0,0.0,0.3468333333333333,11.571,6.0,10,20.0,,3051.4918466578024,0.0,0.0,0.0,46.05364722371122,optimal
2021-02-13 19:30:00,4,103,0.6847171523127197,0.0,0.0,1.1275666666666666,11.025,6.0,10,20.0,,2396.510033094519,0.0,0.0,0.0,45.97355902891595,optimal
2021-02-13 20:00:00,4,103,0.9981890151041888,0.0,0.0,0.7245666666666667,10.8465,6.0,10,20.0,,2796.9948861979938,0.0,696.6666666666666,0.0,45.89355092231547,optimal
2021-02-13 20:30:00,4,103,0.0,0.0,0.0,0.2779,11.2455,6.0,10,20.0,,0.0,0.0,0.0,0.0,45.81362282382159,optimal
2021-02-13 21:00:00,4,103,0.0,0.0,0.0,0.5722666666666667,23.8665,6.0,10,19.931282454714285,,0.0,0.0,0.0,0.0,45.7337746534262,optimal
2021-02-13 21:30:00,4,103,0.0,0.0,0.0,0.2864,27.4575,6.0,10,19.86826977361515,,0.0,0.0,0.0,0.0,45.65400633120121,optimal
2021-02-13 22:00:00,4,103,0.0,0.0,0.0,0.3563333333333333,27.3735,6.0,10,19.797460816408336,,0.0,0.0,0.0,0.0,45.57431777729844,optimal
2021-02-13 22:30:00,4,103,0.0,0.0,0.0,0.3432,30.4605,6.0,10,19.73000205924764,,0.0,0.0,0.0,0.0,45.49470891194957,optimal
2021-02-13 23:00:00,4,103,0.0,0.0,0.0,0.3948666666666667,30.0195,6.0,10,19.66004982824761,,0.0,0.0,0.0,0.0,45.44921420303762,optimal
2021-02-13 23:30:00,4,103,0.0,0.0,0.0,0.3336666666666666,26.9325,6.0,10,19.59242826041363,,0.0,0.0,0.0,0.0,45.40376498883458,optimal
2021-02-07 00:00:00,5,103,0.0597142857142857,0.0,0.0,0.0763333333333333,10.3635,6.0,-1,21.0,,0.0,0.0,209.0,0.0,47.952,optimal
2021-02-07 00:30:00,5,103,0.7823436113624476,0.0,0.0,0.1080333333333333,8.274,6.0,-1,20.928385537906696,,0.0,0.0,2738.2026397685663,0.0,47.904048,optimal
2021-02-07 01:00:00,5,103,2.0,0.0,0.0,0.0973,7.7175,6.0,-1,20.853836280270784,,1378.202639768566,0.0,5621.797360231434,0.0,47.856143952,optimal
2021-02-07 01:30:00,5,103,2.0,0.0,0.0,0.049,6.615,6.0,-1,20.80795734725705,,7000.0,0.0,0.0,0.0,47.80828780804799,optimal
2021-02-07 02:00:00,5,103,2.0,0.0,0.0,0.049,6.174,6.0,-1,20.879384110627203,,7000.0,0.0,0.0,0.0,47.76047952023995,optimal
2021-02-07 02:30:00,5,103,2.0,0.0,0.0,0.049,3.906,6.0,-1,20.950259999288427,,7000.0,0.0,0.0,0.0,47.712719040719705,optimal
2021-02-07 03:00:00,5,103,2.0,0.0,0.0,0.1563333333333333,2.3415,6.0,-1,21.020360678244497,,7000.0,0.0,0.0,0.0,47.66500632167899,optimal
2021-02-07 03:30:00,5,103,2.0,0.0,0.0,0.049,2.205,6.0,-1,21.09194907481417,,7000.0,0.0,0.0,0.0,47.61734131535731,optimal
2021-02-07 04:00:00,5,103,2.0,0.0,1.311067342401606,0.1563333333333333,0.882,6.0,-1,21.160726452958144,,7000.0,0.0,0.0,0.0,48.19248096168271,optimal
2021-02-07 04:30:00,5,103,2.0,0.0,0.0,0.049,1.5435,6.0,-1,21.231224386251792,,7000.0,0.0,0.0,0.0,48.144288480721016,optimal
2021-02-07 05:00:00,5,103,2.0,0.0,0.0,0.0758333333333333,1.5435,6.0,-1,21.299143082345765,,7000.0,0.0,0.0,0.0,48.096144192240295,optimal
2021-02-07 05:30:00,5,103,2.0,0.0,0.0,0.1790999999999999,5.0715,6.0,-1,21.36731850546888,,3586.333333333333,0.0,3413.6666666666665,0.0,48.048048048048045,optimal
2021-02-07 06:00:00,5,103,2.0,0.0,0.0,0.0945333333333333,5.376,6.0,-1,21.36840432458786,,7000.0,0.0,0.0,0.0,48.0,optimal
2021-02-07 06:30:00,5,103,2.0,0.0,0.0,0.1919666666666666,5.0715,6.0,-1,21.445633664579987,,7000.0,0.0,0.0,0.0,47.9097748600709,optimal
2021-02-07 07:00:00,5,103,2.0,0.0,0.0,0.191,5.5125,6.0,-1,21.52598576542626,,7000.0,0.0,0.0,0.0,47.819639945281736,optimal
2021-02-07 07:30:00,5,103,0.0,0.0,0.0,1.1446666666666667,9.261,6.0,-1,21.60605594113338,,0.0,0.0,0.0,0.0,47.72959516540736,optimal
2021-02-07 08:00:00,5,103,0.0,0.0,0.0,0.3489666666666666,11.7075,6.0,-1,21.538055226742305,,0.0,0.0,0.0,0.0,47.63964043031286,optimal
2021-02-07 08:30:00,5,103,0.0,0.0,0.0,1.2104333333333337,12.348,6.0,-1,21.465882768656883,,0.0,0.0,0.0,0.0,47.54977564995345,optimal
2021-02-07 09:00:00,5,103,0.0,0.0,0.0,0.4780333333333333,12.348,6.0,-1,21.39434291395408,,0.0,0.0,0.0,0.0,47.4600007343744,optimal
2021-02-07 09:30:00,5,103,0.0,0.0,0.0,0.2726,12.1275,6.0,-1,21.32581541885806,,0.0,0.0,0.0,0.0,47.37031559371093,optimal
2021-02-07 10:00:00,5,103,0.0,0.0,0.0,1.589,12.5265,6.0,-1,21.250301527979115,,0.0,0.0,0.0,0.0,47.28072013818813,optimal
2021-02-07 10:30:00,5,103,0.0,0.0,0.0,0.9322333333333332,11.7495,6.0,-1,21.17935326402933,,0.0,0.0,0.0,0.0,47.191214278120846,optimal
2021-02-07 11:00:00,5,103,0.0,0.0,0.0,1.1060333333333332,13.23,6.0,-1,21.109693121743064,,0.0,0.0,0.0,0.0,47.10179792391363,optimal
2021-02-07 11:30:00,5,103,0.0,0.0,0.0,0.4900666666666666,14.3325,6.0,-1,21.04348906384187,,0.0,0.0,0.0,0.0,47.01247098606062,optimal
2021-02-07 12:00:00,5,103,0.0,0.0,0.0,1.4394,14.994,6.0,-1,20.970103476471824,,0.0,0.0,0.0,0.0,46.923233375145465,optimal
2021-02-07 12:30:00,5,103,0.0,0.0,0.0,0.5494,14.8155,6.0,-1,20.89507320132557,,0.0,0.0,0.0,0.0,46.83408500184122,optimal
2021-02-07 13:00:00,5,103,0.0,0.0,0.0,0.4947,14.112,6.0,-1,20.817984410264145,,0.0,0.0,0.0,0.0,46.74502577691029,optimal
2021-02-07 13:30:00,5,103,0.0,0.0,0.0,0.4963999999999999,14.007,6.0,-1,20.74244143009277,,0.0,0.0,0.0,0.0,46.65605561120429,optimal
2021-02-07 14:00:00,5,103,0.0,0.0,0.0,1.6942000000000002,13.23,6.0,-1,20.672228618494422,,0.0,0.0,0.0,0.0,46.56717441566399,optimal
2021-02-07 14:30:00,5,103,0.0,0.0,0.0,3.532766666666667,11.382,6.0,-1,20.61195337535316,,0.0,0.0,0.0,0.0,46.478382101319234,optimal
2021-02-07 15:00:00,5,103,0.0,0.0,0.0,2.1529000000000003,11.7495,6.0,-1,20.56164520541085,,0.0,0.0,0.0,0.0,46.38967857928882,optimal
2021-02-07 15:30:00,5,103,0.0,0.0,0.0,1.4659666666666666,24.3285,6.0,-1,20.5046987465515,,0.0,0.0,0.0,0.0,46.30106376078044,optimal
2021-02-07 16:00:00,5,103,0.0,0.0,0.0,3.3502,28.917,6.0,-1,20.44470107769316,,0.0,0.0,0.0,0.0,46.21253755709056,optimal
2021-02-07 16:30:00,5,103,0.0,0.0,0.0,2.5773,31.3635,6.0,-1,20.400448757256,,0.0,0.0,0.0,0.0,46.12409987960438,optimal
2021-02-07 17:00:00,5,103,0.0,0.0,0.0,1.644266666666667,33.306,6.0,-1,20.3473013654253,,0.0,0.0,0.0,0.0,46.03575063979568,optimal
2021-02-07 17:30:00,5,103,0.0,0.0,0.0,1.8695666666666664,31.3425,6.0,-1,20.294247362005645,,0.0,0.0,0.0,0.0,45.94748974922679,optimal
2021-02-07 18:00:00,5,103,0.0,0.0,0.0,1.1273333333333333,28.2555,6.0,-1,20.24683161482901,,0.0,0.0,0.0,0.0,45.85931711954847,optimal
2021-02-07 18:30:00,5,103,0.0,0.0,0.0,0.2563999999999999,15.6975,6.0,-1,20.20068317904101,,0.0,0.0,0.0,0.0,45.77123266249983,optimal
2021-02-07 19:00:00,5,103,0.0,0.0,0.0,0.3914666666666666,12.5475,6.0,-1,20.150680303752218,,0.0,0.0,0.0,0.0,45.68323628990823,optimal
2021-02-07 19:30:00,5,103,0.0,0.0,0.0,0.5642666666666667,12.0855,6.0,-1,20.098209032511708,,0.0,0.0,0.0,0.0,45.595327913689225,optimal
2021-02-07 20:00:00,5,103,0.0,0.0,0.0,0.2864333333333333,11.907,6.0,-1,20.04754532519124,,0.0,0.0,0.0,0.0,45.54973258577554,optimal
2021-02-07 20:30:00,5,103,0.0,0.0,0.0,0.3670333333333334,12.5685,6.0,-1,20.0,,0.0,0.0,0.0,0.0,45.50418285318976,optimal
2021-02-07 21:00:00,5,103,0.0,0.0,0.0,0.6395333333333333,13.146,6.0,-1,19.951162780836743,,0.0,0.0,0.0,0.0,45.45867867033657,optimal
2021-02-07 21:30:00,5,103,0.0,0.0,0.0,0.5005333333333334,10.584,6.0,-1,19.906559647222533,,0.0,0.0,0.0,0.0,45.41321999166623,optimal
2021-02-07 22:00:00,5,103,0.0398095238095238,0.0,0.0,0.4956333333333333,6.678,6.0,-1,19.857366387699503,,0.0,0.0,139.33333333333331,0.0,45.367806771674566,optimal
2021-02-07 22:30:00,5,103,0.0,0.0,0.0,0.8964,7.938,6.0,-1,19.811057775618234,,0.0,0.0,0.0,0.0,45.322438964902894,optimal
2021-02-07 23:00:00,5,103,1.0947619047619048,0.0,0.0,1.0682,5.292,6.0,-1,19.7561785645794,,0.0,0.0,3831.6666666666665,0.0,45.27711652593799,optimal
2021-02-07 23:30:00,5,103,0.0,0.0,0.0,0.4931666666666667,9.261,6.0,-1,19.70008602145091,,0.0,0.0,0.0,0.0,45.23183940941205,optimal
2021-02-08 00:00:00,5,103,2.0,0.0,0.0,0.062,11.025,6.0,1,19.70008602145091,,7000.0,0.0,0.0,0.0,45.18660757000264,optimal
2021-02-08 00:30:00,5,103,2.0,0.0,0.0,0.181,5.9745,6.0,1,19.76934815266552,,0.0,0.0,7000.0,0.0,45.14142096243264,optimal
2021-02-08 01:00:00,5,103,2.0,0.0,0.0,0.1175333333333333,7.938,6.0,1,19.69344820742408,,3759.0,0.0,3241.0,0.0,45.09627954147021,optimal
2021-02-08 01:30:00,5,103,2.0,0.0,0.0,0.0778666666666666,8.6835,6.0,1,19.69568507989876,,7000.0,0.0,0.0,0.0,45.05118326192874,optimal
2021-02-08 02:00:00,5,103,2.0,0.0,0.0,0.2206666666666666,7.665,6.0,1,19.76507434245309,,7000.0,0.0,0.0,0.0,45.006132078666816,optimal
2021-02-08 02:30:00,5,103,2.0,0.0,0.0,0.062,6.7725,6.0,1,19.83692797202858,,7000.0,0.0,0.0,0.0,44.96112594658815,optimal
2021-02-08 03:00:00,5,103,2.0,0.0,0.0,0.062,5.5755,6.0,1,19.905342460579547,,7000.0,0.0,0.0,0.0,44.91616482064156,optimal
2021-02-08 03:30:00,5,103,2.0,0.0,2.3939110372206964,0.062,5.0925,6.0,1,19.97367340843702,,7000.0,0.0,0.0,0.0,46.00835639850075,optimal
2021-02-08 04:00:00,5,103,2.0,0.0,5.0,0.1175333333333333,4.1895,6.0,1,20.041467526318552,,7000.0,0.0,0.0,0.0,48.33734804210225,optimal
2021-02-08 04:30:00,5,103,2.0,0.0,0.0,0.181,7.056,6.0,1,20.10989624896515,,7000.0,0.0,0.0,0.0,48.28901069406015,optimal
2021-02-08 05:00:00,5,103,2.0,0.0,0.0,0.062,5.271,6.0,1,20.17889686313821,,7000.0,0.0,0.0,0.0,48.24072168336608,optimal
2021-02-08 05:30:00,5,103,2.0,0.0,0.0,0.2365333333333333,7.938,6.0,1,20.24462577660231,,7000.0,0.0,0.0,0.0,48.19248096168271,optimal
2021-02-08 06:00:00,5,103,2.0,0.0,0.0,0.062,7.938,6.0,1,20.31350366253816,,7000.0,0.0,0.0,0.0,48.144288480721016,optimal
2021-02-08 06:30:00,5,103,2.0,0.0,0.0,0.0646666666666666,11.907,6.0,1,20.37816823937049,,7000.0,0.0,0.0,0.0,48.096144192240295,optimal
2021-02-08 07:00:00,5,103,2.0,0.0,0.0,0.5375333333333333,11.025,6.0,1,20.447434885289542,,7000.0,0.0,0.0,0.0,48.048048048048045,optimal
2021-02-08 07:30:00,5,103,2.0,0.0,0.0,0.9708,11.2875,6.0,1,20.52477456381508,,7000.0,0.0,0.0,0.0,48.0,optimal
2021-02-08 08:00:00,5,103,0.0,0.0,0.0,1.2695,12.936,6.0,1,20.607984014754773,,0.0,0.0,0.0,0.0,47.85381251759422,optimal
2021-02-08 08:30:00,5,103,0.0,0.0,0.0,0.6558666666666667,13.0095,6.0,1,20.54293934384211,,0.0,0.0,0.0,0.0,47.70777122267085,optimal
2021-02-08 09:00:00,5,103,0.0,0.0,0.0,0.2925333333333333,13.671,6.0,1,20.4704477388253,,0.0,0.0,0.0,0.0,47.5618759690424,optimal
2021-02-08 09:30:00,5,103,0.0,0.0,0.0,0.5039,13.188,6.0,1,20.399388226161136,,0.0,0.0,0.0,0.0,47.41612661066758,optimal
2021-02-08 10:00:00,5,103,0.0,0.0,0.0,0.8182,13.8495,6.0,1,20.33130934636773,,0.0,0.0,0.0,0.0,47.270523001651135,optimal
2021-02-08 10:30:00,5,103,0.91826515938562,0.0,0.0,2.738433333333333,13.23,6.0,1,20.264798428484603,,3213.9280578496696,0.0,0.0,0.0,47.12506499624371,optimal
2021-02-08 11:00:00,5,103,0.0,0.0,0.0,4.809733333333334,13.3665,6.0,1,20.27245360322669,,0.0,0.0,0.0,0.0,46.97975244884169,optimal
2021-02-08 11:30:00,5,103,2.0,0.0,0.0,0.1246666666666666,13.0515,6.0,1,20.23878559842655,,7000.0,0.0,0.0,0.0,46.83458521398707,optimal
2021-02-08 12:00:00,5,103,0.0,0.0,0.0,0.1090333333333333,13.5345,6.0,1,20.314639935659148,,0.0,0.0,0.0,0.0,46.689563146367306,optimal
2021-02-08 12:30:00,5,103,0.0,0.0,0.0,0.6193333333333334,14.154,6.0,1,20.23788801782021,,0.0,0.0,0.0,0.0,46.54468610081516,optimal
2021-02-08 13:00:00,5,103,0.0,0.0,0.0,1.3062333333333331,14.112,6.0,1,20.172659322896184,,0.0,0.0,0.0,0.0,46.39995393230857,optimal
2021-02-08 13:30:00,5,103,0.0,0.0,0.0,0.2577333333333333,14.2485,6.0,1,20.12261767212778,,0.0,0.0,0.0,0.0,46.255366495970485,optimal
2021-02-08 14:00:00,5,103,2.0,0.0,0.0,0.1184666666666666,12.789,6.0,1,20.047408916986623,,7000.0,0.0,0.0,0.0,46.11092364706874,optimal
2021-02-08 14:30:00,5,103,2.0,0.0,0.0,0.0881333333333333,13.0095,6.0,1,20.118718581535088,,7000.0,0.0,0.0,0.0,45.96662524101589,optimal
2021-02-08 15:00:00,5,103,2.0,0.0,0.0,0.7391333333333333,12.1275,6.0,1,20.19031532601374,,7000.0,0.0,0.0,0.0,45.8224711333691,optimal
2021-02-08 15:30:00,5,103,2.0,0.0,0.0,0.3816666666666667,12.348,6.0,1,20.274811952744304,,7000.0,0.0,0.0,0.0,45.67846117982995,optimal
2021-02-08 16:00:00,5,103,2.0,0.0,0.0,0.2190333333333333,12.348,6.0,1,20.35647937911016,,7000.0,0.0,0.0,0.0,45.53459523624434,optimal
2021-02-08 16:30:00,5,103,0.0,0.0,0.0,0.3269333333333333,25.389,6.0,1,20.44182448952497,,0.0,0.0,0.0,0.0,45.39087315860232,optimal
2021-02-08 17:00:00,5,103,0.0,0.0,0.0,0.5405666666666668,29.1375,6.0,1,20.380646402583068,,0.0,0.0,0.0,0.0,45.24729480303794,optimal
2021-02-08 17:30:00,5,103,0.0,0.0,0.0,0.206,30.597,6.0,1,20.32358628302753,,0.0,0.0,0.0,0.0,45.10386002582912,optimal
2021-02-08 18:00:00,5,103,0.0,0.0,0.0,0.3567333333333333,33.684,6.0,1,20.25580507043805,,0.0,0.0,0.0,0.0,44.96056868339752,optimal
2021-02-08 18:30:00,5,103,0.0,0.0,0.0,1.4641,32.445,6.0,1,20.18700582116684,,0.0,0.0,0.0,0.0,44.81742063230834,optimal
2021-02-08 19:00:00,5,103,0.0,0.0,0.0,1.0281333333333331,28.917,6.0,1,20.129380332767912,,0.0,0.0,0.0,0.0,44.77260321167604,optimal
2021-02-08 19:30:00,5,103,0.0,0.0,0.0,0.307,15.876,6.0,1,20.07106063549644,,0.0,0.0,0.0,0.0,44.72783060846436,optimal
2021-02-08 20:00:00,5,103,0.9648141127725804,0.0,0.0,0.2374666666666666,12.348,6.0,1,20.0,,3376.849394704031,0.0,0.0,0.0,44.68310277785589,optimal
2021-02-08 20:30:00,5,103,0.1194285714285714,0.0,0.0,0.5568333333333334,12.1275,6.0,1,20.0,,0.0,0.0,418.0,0.0,44.63841967507804,optimal
2021-02-08 21:00:00,5,103,0.0,0.0,0.0,0.4241333333333333,12.348,6.0,1,19.938287201855328,,0.0,0.0,0.0,0.0,44.59378125540296,optimal
2021-02-08 21:30:00,5,103,0.0,0.0,0.0,0.2419666666666666,12.1275,6.0,1,19.873386288422203,,0.0,0.0,0.0,0.0,44.54918747414756,optimal
2021-02-08 22:00:00,5,103,0.0,0.0,0.0,0.2808,12.1275,6.0,1,19.806117507506773,,0.0,0.0,0.0,0.0,44.50463828667341,optimal
2021-02-08 22:30:00,5,103,0.0,0.0,0.0,0.1164333333333333,11.2665,6.0,1,19.736217244390943,,0.0,0.0,0.0,0.0,44.46013364838674,optimal
2021-02-08 23:00:00,5,103,0.0398095238095238,0.0,0.0,0.2302333333333333,10.143,6.0,1,19.66102467317965,,0.0,0.0,139.33333333333331,0.0,44.41567351473835,optimal
2021-02-08 23:30:00,5,103,0.0,0.0,0.0,0.4306999999999999,11.2455,6.0,1,19.5873357195883,,0.0,0.0,0.0,0.0,44.37125784122361,optimal
2021-02-09 00:00:00,5,103,2.0,0.0,0.0,1.1640333333333333,11.466,6.0,2,19.5873357195883,,7000.0,0.0,0.0,0.0,44.32688658338239,optimal
2021-02-09 00:30:00,5,103,2.0,0.0,0.0,0.265,10.8045,6.0,2,19.66584527514513,,0.0,0.0,7000.0,0.0,44.282559696799005,optimal
2021-02-09 01:00:00,5,103,2.0,0.0,5.0,0.037,10.584,6.0,2,19.59975941998464,,1878.0,0.0,5122.0,0.0,46.61327713710221,optimal
2021-02-09 01:30:00,5,103,2.0,0.0,0.0,0.037,11.2455,6.0,2,19.559325976287976,,7000.0,0.0,0.0,0.0,46.566663859965104,optimal
2021-02-09 02:00:00,5,103,2.0,0.0,0.0,0.037,12.1275,6.0,2,19.626442486819688,,7000.0,0.0,0.0,0.0,46.52009719610514,optimal
2021-02-09 02:30:00,5,103,2.0,0.0,0.0,0.037,11.823,6.0,2,19.692800842752355,,7000.0,0.0,0.0,0.0,46.47357709890903,optimal
2021-02-09 03:00:00,5,103,2.0,0.0,0.0,0.037,11.7705,6.0,2,19.75908498601301,,7000.0,0.0,0.0,0.0,46.427103521810125,optimal
2021-02-09 03:30:00,5,103,2.0,0.0,0.0,0.037,11.13,6.0,2,19.825295253281016,,7000.0,0.0,0.0,0.0,46.38067641828832,optimal
2021-02-09 04:00:00,5,103,2.0,0.0,0.0,0.037,11.6865,6.0,2,19.891658813848345,,7000.0,0.0,0.0,0.0,46.33429574187003,optimal
2021-02-09 04:30:00,5,103,2.0,0.0,0.0,0.04,10.7205,6.0,2,19.958174972271927,,7000.0,0.0,0.0,0.0,46.28796144612816,optimal
2021-02-09 05:00:00,5,103,2.0,0.0,0.0,0.047,11.424,6.0,2,20.023935699703543,,7000.0,0.0,0.0,0.0,46.24167348468203,optimal
2021-02-09 05:30:00,5,103,2.0,0.0,3.900244709159369,0.0376666666666666,10.689,6.0,2,20.088944423293988,,7000.0,0.0,0.0,0.0,48.048048048048045,optimal
2021-02-09 06:00:00,5,103,2.0,0.0,0.0,0.1738,11.361,6.0,2,20.15365822292622,,7000.0,0.0,0.0,0.0,48.0,optimal
2021-02-09 06:30:00,5,103,2.0,0.0,0.0,0.1342666666666666,11.571,6.0,2,20.22457178570564,,7000.0,0.0,0.0,0.0,47.82646483920019,optimal
2021-02-09 07:00:00,5,103,0.0,0.0,0.0,1.0791666666666668,14.3745,6.0,2,20.293248559298103,,0.0,0.0,0.0,0.0,47.65310321356119,optimal
2021-02-09 07:30:00,5,103,2.0,0.0,0.0,0.0618666666666666,13.23,6.0,2,20.213608790941244,,7000.0,0.0,0.0,0.0,47.47991494954782,optimal
2021-02-09 08:00:00,5,103,2.0,0.0,0.0,0.3793333333333333,13.9755,6.0,2,20.28209545294687,,7000.0,0.0,0.0,0.0,47.306899873798464,optimal
2021-02-09 08:30:00,5,103,0.0,0.0,0.0,1.4666,14.994,6.0,2,20.356769992451085,,0.0,0.0,0.0,0.0,47.13405781312486,optimal
2021-02-09 09:00:00,5,103,2.0,0.0,0.0,0.9626666666666668,13.671,6.0,2,20.287186798351915,,7000.0,0.0,0.0,0.0,46.96138859451193,optimal
2021-02-09 09:30:00,5,103,0.0,0.0,0.0,0.1762,15.981,6.0,2,20.353325201349666,,0.0,0.0,0.0,0.0,46.78889204511761,optimal
2021-02-09 10:00:00,5,103,0.0,0.0,0.0,0.046,15.6345,6.0,2,20.272550016855707,,0.0,0.0,0.0,0.0,46.61656799227269,optimal
2021-02-09 10:30:00,5,103,0.0,0.0,0.0,0.046,16.5375,6.0,2,20.190896249980533,,0.0,0.0,0.0,0.0,46.44441626348061,optimal
2021-02-09 11:00:00,5,103,0.5568713525565798,0.0,0.0,0.1178666666666666,14.7735,6.0,2,20.11085093972386,,1949.0497339480287,0.0,0.0,0.0,46.27243668641732,optimal
2021-02-09 11:30:00,5,103,0.0,0.0,0.0,0.2245,15.2145,6.0,2,20.07484405648012,,0.0,0.0,0.0,0.0,46.1006290889311,optimal
2021-02-09 12:00:00,5,103,2.0,0.0,0.0,1.5540666666666667,14.553,6.0,2,20.0,,7000.0,0.0,0.0,0.0,45.92899329904236,optimal
2021-02-09 12:30:00,5,103,2.0,0.0,0.0,0.4119,14.3325,6.0,2,20.07908478804913,,7000.0,0.0,0.0,0.0,45.75752914494351,optimal
2021-02-09 13:00:00,5,103,2.0,0.0,0.0,0.119,14.595,6.0,2,20.1520304407722,,7000.0,0.0,0.0,0.0,45.58623645499876,optimal
2021-02-09 13:30:00,5,103,0.6403642433704333,0.0,0.0,0.1426,14.994,6.0,2,20.214678585340792,,2241.2748517965165,0.0,0.0,0.0,45.415115057743954,optimal
2021-02-09 14:00:00,5,103,2.0,0.0,0.0,0.2011,14.3325,6.0,2,20.17674193391161,,7000.0,0.0,0.0,0.0,45.2441647818864,optimal
2021-02-09 14:30:00,5,103,2.0,0.0,0.0,0.047,13.8915,6.0,2,20.239169949332283,,7000.0,0.0,0.0,0.0,45.07338545630471,optimal
2021-02-09 15:00:00,5,103,2.0,0.0,0.0,0.047,13.8915,6.0,2,20.300439140940384,,7000.0,0.0,0.0,0.0,44.9027769100486,optimal
2021-02-09 15:30:00,5,103,2.0,0.0,0.0,0.047,13.4715,6.0,2,20.361203538109034,,7000.0,0.0,0.0,0.0,44.732338972338745,optimal
2021-02-09 16:00:00,5,103,2.0,0.0,0.0,0.047,13.23,6.0,2,20.42169226648216,,7000.0,0.0,0.0,0.0,44.5620714725666,optimal
2021-02-09 16:30:00,5,103,2.0,0.0,0.0,0.047,13.8915,6.0,2,20.481906574743267,,7000.0,0.0,0.0,0.0,44.39197424029423,optimal
2021-02-09 17:00:00,5,103,0.0,0.0,0.0,0.0466666666666666,26.9325,6.0,2,20.54139404150766,,0.0,0.0,0.0,0.0,44.22204710525413,optimal
2021-02-09 17:30:00,5,103,0.0,0.0,0.0,0.046,30.303,6.0,2,20.454461073013626,,0.0,0.0,0.0,0.0,44.05228989734907,optimal
2021-02-09 18:00:00,5,103,0.0,0.0,0.0,0.8787666666666667,32.886,6.0,2,20.37166487149917,,0.0,0.0,0.0,0.0,43.88270244665191,optimal
2021-02-09 18:30:00,5,103,0.0,0.0,0.0,1.688,34.9965,6.0,2,20.30074767386199,,0.0,0.0,0.0,0.0,43.71328458340545,optimal
2021-02-09 19:00:00,5,103,0.0,0.0,0.0,0.7688666666666667,33.327,6.0,2,20.23768310969736,,0.0,0.0,0.0,0.0,43.54403613802224,optimal
2021-02-09 19:30:00,5,103,0.0,0.0,0.0,0.0992,31.122,6.0,2,20.16047759303995,,0.0,0.0,0.0,0.0,43.37495694108441,optimal
2021-02-09 20:00:00,5,103,0.0,0.0,0.0,0.046,17.9025,6.0,2,20.07975607508775,,0.0,0.0,0.0,0.0,43.20604682334352,optimal
2021-02-09 20:30:00,5,103,0.0,0.0,0.0,0.0772666666666666,15.6555,6.0,2,20.0,,0.0,0.0,0.0,0.0,43.03730561572037,optimal
2021-02-09 21:00:00,5,103,0.0,0.0,0.0,0.046,14.553,6.0,2,19.92599988793574,,0.0,0.0,0.0,0.0,42.868733149304845,optimal
2021-02-09 21:30:00,5,103,0.0,0.0,0.0,0.046,14.3325,6.0,2,19.84759736295758,,0.0,0.0,0.0,0.0,42.70032925535573,optimal
2021-02-09 22:00:00,5,103,0.0398095238095238,0.0,0.0,0.0463333333333333,13.335,6.0,2,19.77275784185236,,0.0,0.0,139.33333333333331,0.0,42.53209376530057,optimal
2021-02-09 22:30:00,5,103,0.0,0.0,0.0,0.047,12.1275,6.0,2,19.69583628135345,,0.0,0.0,0.0,0.0,42.48956167153527,optimal
2021-02-09 23:00:00,5,103,0.0,0.0,0.0,0.047,12.2955,6.0,2,19.61520746740614,,0.0,0.0,0.0,0.0,42.44707210986373,optimal
2021-02-09 23:30:00,5,103,0.0,0.0,0.0,0.047,11.6865,6.0,2,19.535171274952344,,0.0,0.0,0.0,0.0,42.40462503775387,optimal
2021-02-10 00:00:00,5,103,2.0,0.0,0.0,0.119,11.508,6.0,-5,19.535171274952344,,7000.0,0.0,0.0,0.0,42.36222041271611,optimal
2021-02-10 00:30:00,5,103,2.0,0.0,0.0,0.053,11.508,6.0,-5,19.603207744419265,,0.0,0.0,7000.0,0.0,42.3198581923034,optimal
2021-02-10 01:00:00,5,103,2.0,0.0,5.0,0.119,10.4475,6.0,-5,19.521739704143894,,5598.138449137141,0.0,1401.8615508628595,0.0,44.6525383341111,optimal
2021-02-10 01:30:00,5,103,2.0,0.0,3.459214220007605,0.053,10.8675,6.0,-5,19.55942001448893,,7000.0,0.0,0.0,0.0,46.25101255028059,optimal
2021-02-10 02:00:00,5,103,2.0,0.0,5.0,0.1153333333333333,10.542,6.0,-5,19.62459614336062,,7000.0,0.0,0.0,0.0,48.57976153773031,optimal
2021-02-10 02:30:00,5,103,2.0,0.0,0.0,0.0566666666666666,11.025,6.0,-5,19.69033506261616,,7000.0,0.0,0.0,0.0,48.53118177619257,optimal
2021-02-10 03:00:00,5,103,2.0,0.0,0.0,0.053,11.025,6.0,-5,19.754540787989207,,7000.0,0.0,0.0,0.0,48.48265059441637,optimal
2021-02-10 03:30:00,5,103,2.0,0.0,0.0,0.119,14.553,6.0,-5,19.818378047523616,,7000.0,0.0,0.0,0.0,48.434167943821954,optimal
2021-02-10 04:00:00,5,103,2.0,0.0,0.0,0.053,13.0935,6.0,-5,19.88331502457608,,7000.0,0.0,0.0,0.0,48.38573377587813,optimal
2021-02-10 04:30:00,5,103,2.0,0.0,0.0,0.064,15.6345,6.0,-5,19.946568076246184,,7000.0,0.0,0.0,0.0,48.33734804210225,optimal
2021-02-10 05:00:00,5,103,0.0,0.0,0.0,0.108,18.102,6.0,-5,20.00931205509052,,0.0,0.0,0.0,0.0,48.28901069406015,optimal
2021-02-10 05:30:00,5,103,2.0,0.0,0.0,0.053,17.199,6.0,-5,19.924891079402776,,7000.0,0.0,0.0,0.0,48.24072168336608,optimal
2021-02-10 06:00:00,5,103,0.0,0.0,0.0,0.0786666666666666,18.2805,6.0,-5,19.986594508859813,,0.0,0.0,0.0,0.0,48.19248096168271,optimal
2021-02-10 06:30:00,5,103,2.0,0.0,0.0,0.0933333333333333,17.4615,6.0,-5,19.90075178028411,,7000.0,0.0,0.0,0.0,48.144288480721016,optimal
2021-02-10 07:00:00,5,103,0.5474574838806803,0.0,0.0,0.0516666666666666,18.3225,6.0,-5,19.963867423479336,,1916.1011935823808,0.0,0.0,0.0,48.096144192240295,optimal
2021-02-10 07:30:00,5,103,2.0,0.0,0.0,2.0955,17.094,6.0,-5,19.920719243694304,,7000.0,0.0,0.0,0.0,48.048048048048045,optimal
2021-02-10 08:00:00,5,103,2.0,0.0,0.0,2.2416666666666667,17.094,6.0,-5,20.0,,3210.194884196193,0.0,3789.805115803807,0.0,48.0,optimal
2021-02-10 08:30:00,5,103,2.0,0.0,0.0,0.1315,17.094,6.0,-5,20.0,,7000.0,0.0,0.0,0.0,47.76192294204394,optimal
2021-02-10 09:00:00,5,103,2.0,0.0,0.0,0.0675,17.3565,6.0,-5,20.066512443548483,,7000.0,0.0,0.0,0.0,47.52408396114584,optimal
2021-02-10 09:30:00,5,103,2.0,0.0,0.0,0.074,17.115,6.0,-5,20.12982877537006,,7000.0,0.0,0.0,0.0,47.28648281922863,optimal
2021-02-10 10:00:00,5,103,2.0,0.0,0.0,0.1827333333333333,17.241,6.0,-5,20.19301089135836,,7000.0,0.0,0.0,0.0,47.04911927845334,optimal
2021-02-10 10:30:00,5,103,2.0,0.0,0.0,0.17,17.094,6.0,-5,20.258723682336967,,7000.0,0.0,0.0,0.0,46.811993101218825,optimal
2021-02-10 11:00:00,5,103,2.0,0.0,0.0,0.17,16.5165,6.0,-5,20.322417707796266,,7000.0,0.0,0.0,0.0,46.57510405016155,optimal
2021-02-10 11:30:00,5,103,2.0,0.0,0.0,0.203,17.8185,6.0,-5,20.38648924385015,,7000.0,0.0,0.0,0.0,46.338451888155326,optimal
2021-02-10 12:00:00,5,103,2.0,0.0,0.0,0.2736666666666666,17.094,6.0,-5,20.451418439406183,,7000.0,0.0,0.0,0.0,46.10203637831111,optimal
2021-02-10 12:30:00,5,103,2.0,0.0,0.0,0.288,16.8945,6.0,-5,20.51807850563046,,7000.0,0.0,0.0,0.0,45.86585728397674,optimal
2021-02-10 13:00:00,5,103,1.3438946880564488,0.0,0.0,0.4173,18.123,6.0,-5,20.584836114027176,,4703.631408197571,0.0,0.0,0.0,45.62991436873671,optimal
2021-02-10 13:30:00,5,103,0.0,0.0,0.0,0.2641333333333333,31.647,6.0,-5,20.607006378921263,,0.0,0.0,0.0,0.0,45.39420739641191,optimal
2021-02-10 14:00:00,5,103,0.0,0.0,0.0,0.3313,34.9965,6.0,-5,20.5289527108399,,0.0,0.0,0.0,0.0,45.15873613105944,optimal
2021-02-10 14:30:00,5,103,0.0,0.0,0.0,0.0767333333333333,34.9965,6.0,-5,20.45461987313284,,0.0,0.0,0.0,0.0,44.92350033697232,optimal
2021-02-10 15:00:00,5,103,0.0,0.0,0.0,0.1563333333333333,34.9965,6.0,-5,20.37215006742832,,0.0,0.0,0.0,0.0,44.68849977867929,optimal
2021-02-10 15:30:00,5,103,0.0,0.0,0.0,0.4293,34.9965,6.0,-5,20.29244572613593,,0.0,0.0,0.0,0.0,44.45373422094455,optimal
2021-02-10 16:00:00,5,103,0.0,0.0,0.0,0.3026666666666667,34.9965,6.0,-5,20.221646573023847,,0.0,0.0,0.0,0.0,44.21920342876754,optimal
2021-02-10 16:30:00,5,103,0.0,0.0,0.0,0.1533333333333333,27.741,6.0,-5,20.147364036960788,,0.0,0.0,0.0,0.0,43.98490716738272,optimal
2021-02-10 17:00:00,5,103,0.0,0.0,0.0,0.7747333333333334,19.026,6.0,-5,20.06718540746555,,0.0,0.0,0.0,0.0,43.75084520225927,optimal
2021-02-10 17:30:00,5,103,0.9447358329580038,0.0,0.0,0.6698666666666667,18.7215,6.0,-5,20.0,,3306.5754153530133,0.0,0.0,0.0,43.51701729910095,optimal
2021-02-10 18:00:00,5,103,1.0709561014754276,0.0,0.0,0.1233333333333333,17.4195,6.0,-5,20.0,,3748.346355163997,0.0,0.0,0.0,43.28342322384579,optimal
2021-02-10 18:30:00,5,103,1.1757768859745126,0.0,0.0,0.237,16.758,6.0,-5,20.0,,3697.2191009107946,0.0,418.0,0.0,43.05006274266588,optimal
2021-02-10 19:00:00,5,103,1.2098548133307905,0.0,0.0,0.2509333333333333,14.217,6.0,-5,20.0,,3677.1585133244334,0.0,557.3333333333333,0.0,42.816935621967154,optimal
2021-02-10 19:30:00,5,103,1.0879249464998857,0.0,0.0,0.1805666666666666,13.3665,6.0,-5,20.0,,3807.7373127496,0.0,0.0,0.0,42.58404162838913,optimal
2021-02-10 20:00:00,5,103,1.0597855558594795,0.0,0.0,0.2246666666666666,12.789,6.0,-5,20.0,,3709.249445508178,0.0,0.0,0.0,42.35138052880468,optimal
2021-02-10 20:30:00,5,103,0.0,0.0,0.0,0.4236333333333333,11.907,6.0,-5,20.0,,0.0,0.0,0.0,0.0,42.118952090319816,optimal
2021-02-10 21:00:00,5,103,0.0199047619047619,0.0,0.0,0.3714333333333333,11.7075,6.0,-5,19.9270254240238,,0.0,0.0,69.66666666666666,0.0,41.88675608027344,optimal
2021-02-10 21:30:00,5,103,0.0199047619047619,0.0,0.0,0.2645666666666666,10.8045,6.0,-5,19.85183181306937,,0.0,0.0,69.66666666666666,0.0,41.6547922662371,optimal
2021-02-10 22:00:00,5,103,0.0,0.0,0.0,0.2213333333333333,11.508,6.0,-5,19.76734813080282,,0.0,0.0,0.0,0.0,41.61313747397087,optimal
2021-02-10 22:30:00,5,103,0.0,0.0,0.0,0.3297666666666666,11.508,6.0,-5,19.67928890655524,,0.0,0.0,0.0,0.0,41.57152433649689,optimal
2021-02-10 23:00:00,5,103,0.0,0.0,0.0,0.2405333333333333,11.508,6.0,-5,19.593198582418555,,0.0,0.0,0.0,0.0,41.5299528121604,optimal
2021-02-10 23:30:00,5,103,0.0,0.0,0.0,0.129,11.844,6.0,-5,19.49892543795466,,0.0,0.0,0.0,0.0,41.48842285934823,optimal
2021-02-11 00:00:00,5,103,2.0,0.0,5.0,2.8690333333333333,10.584,6.0,-7,19.49892543795466,,7000.0,0.0,0.0,0.0,43.82193443648889,optimal
2021-02-11 00:30:00,5,103,2.0,0.0,5.0,2.4056666666666664,11.025,6.0,-7,19.55530185957368,,2541.333333333333,0.0,4458.666666666667,0.0,46.1531125020524,optimal
2021-02-11 01:00:00,5,103,2.0,0.0,5.0,0.165,10.4265,6.0,-7,19.53063536631917,,7000.0,0.0,0.0,0.0,48.48195938955035,optimal
2021-02-11 01:30:00,5,103,2.0,0.0,0.0,0.066,12.789,6.0,-7,19.58478491584634,,7000.0,0.0,0.0,0.0,48.4334774301608,optimal
2021-02-11 02:00:00,5,103,2.0,0.0,0.307658575709336,0.066,12.684,6.0,-7,19.63198775955749,,7000.0,0.0,0.0,0.0,48.53118177619257,optimal
2021-02-11 02:30:00,5,103,2.0,0.0,0.0,0.066,16.254,6.0,-7,19.67897645893943,,7000.0,0.0,0.0,0.0,48.48265059441637,optimal
2021-02-11 03:00:00,5,103,2.0,0.0,0.0,0.066,17.64,6.0,-7,19.725298317216986,,7000.0,0.0,0.0,0.0,48.434167943821954,optimal
2021-02-11 03:30:00,5,103,2.0,0.0,0.0,0.066,19.1625,6.0,-7,19.77095635963672,,7000.0,0.0,0.0,0.0,48.38573377587813,optimal
2021-02-11 04:00:00,5,103,0.613348954029785,0.0,0.0,0.066,26.46,6.0,-7,19.81754143670088,,2146.721339104248,0.0,0.0,0.0,48.33734804210225,optimal
2021-02-11 04:30:00,5,103,2.0,0.0,0.0,0.066,20.79,6.0,-7,19.76288584772272,,7000.0,0.0,0.0,0.0,48.28901069406015,optimal
2021-02-11 05:00:00,5,103,0.0,0.0,0.0,0.066,29.106,6.0,-7,19.81064170883965,,0.0,0.0,0.0,0.0,48.24072168336608,optimal
2021-02-11 05:30:00,5,103,2.0,0.0,0.0,0.066,19.1835,6.0,-7,19.71082806209688,,7000.0,0.0,0.0,0.0,48.19248096168271,optimal
2021-02-11 06:00:00,5,103,2.0,0.0,0.0,0.1666666666666666,19.6665,6.0,-7,19.759954263574684,,7000.0,0.0,0.0,0.0,48.144288480721016,optimal
2021-02-11 06:30:00,5,103,2.0,0.0,0.0,0.3550333333333333,19.404,6.0,-7,19.81307915890475,,7000.0,0.0,0.0,0.0,48.096144192240295,optimal
2021-02-11 07:00:00,5,103,2.0,0.0,0.0,0.328,19.047,6.0,-7,19.872795559530072,,7000.0,0.0,0.0,0.0,48.048048048048045,optimal
2021-02-11 07:30:00,5,103,2.0,0.0,0.0,3.125566666666667,18.858,6.0,-7,19.93369728772742,,7000.0,0.0,0.0,0.0,48.0,optimal
2021-02-11 08:00:00,5,103,1.1992495681525437,0.0,0.0,3.8605,19.2675,6.0,-7,20.0,,3666.0219452633546,0.0,531.3515432705477,0.0,47.77762642543553,optimal
2021-02-11 08:30:00,5,103,2.0,0.0,0.0,3.6261,18.963,6.0,-7,20.0,,3622.9758915852008,0.0,3377.0241084147992,0.0,47.55547522444562,optimal
2021-02-11 09:00:00,5,103,2.0,0.0,0.0,0.5545333333333333,18.438,6.0,-7,20.0,,6589.042318352012,0.0,410.95768164798665,0.0,47.3335461746567,optimal
2021-02-11 09:30:00,5,103,2.0,0.0,0.0,0.5976666666666667,18.7425,6.0,-7,20.057696204206515,,7000.0,0.0,0.0,0.0,47.11183905391758,optimal
2021-02-11 10:00:00,5,103,2.0,0.0,0.0,3.051233333333333,15.2145,6.0,-7,20.131138815464485,,7000.0,0.0,0.0,0.0,46.89035364029919,optimal
2021-02-11 10:30:00,5,103,2.0,0.0,0.0,3.5620666666666665,17.7765,6.0,-7,20.22300050943373,,7000.0,0.0,0.0,0.0,46.66908971209442,optimal
2021-02-11 11:00:00,5,103,2.0,0.0,0.0,0.076,16.758,6.0,-7,20.317206235573515,,7000.0,0.0,0.0,0.0,46.44804704781785,optimal
2021-02-11 11:30:00,5,103,2.0,0.0,0.0,0.076,16.422,6.0,-7,20.37029900390038,,7000.0,0.0,0.0,0.0,46.22722542620557,optimal
2021-02-11 12:00:00,5,103,2.0,0.0,0.0,0.076,16.758,6.0,-7,20.42655341927889,,7000.0,0.0,0.0,0.0,46.00662462621489,optimal
2021-02-11 12:30:00,5,103,0.0,0.0,0.0,0.4488999999999999,29.358,6.0,-7,20.48595513973085,,0.0,0.0,0.0,0.0,45.7862444270242,optimal
2021-02-11 13:00:00,5,103,0.0,0.0,0.0,3.0058,34.9965,6.0,-7,20.40504409488761,,0.0,0.0,0.0,0.0,45.5660846080327,optimal
2021-02-11 13:30:00,5,103,0.0,0.0,0.0,1.7362666666666668,34.65,6.0,-7,20.337820426569422,,0.0,0.0,0.0,0.0,45.3461449488602,optimal
2021-02-11 14:00:00,5,103,0.0,0.0,0.0,0.088,34.9965,6.0,-7,20.268884852962632,,0.0,0.0,0.0,0.0,45.12642522934687,optimal
2021-02-11 14:30:00,5,103,0.0,0.0,0.0,0.0861333333333333,34.9965,6.0,-7,20.19712680260817,,0.0,0.0,0.0,0.0,44.90692522955305,optimal
2021-02-11 15:00:00,5,103,0.0,0.0,0.0,2.515066666666667,30.4815,6.0,-7,20.12629148911694,,0.0,0.0,0.0,0.0,44.68764472975903,optimal
2021-02-11 15:30:00,5,103,0.0,0.0,0.0,0.6022000000000001,21.4305,6.0,-7,20.063849023003563,,0.0,0.0,0.0,0.0,44.4685835104648,optimal
2021-02-11 16:00:00,5,103,0.86891365103068,0.0,0.0,1.469666666666667,14.3325,6.0,-7,20.0,,3041.19777860738,0.0,0.0,0.0,44.24974135238986,optimal
2021-02-11 16:30:00,5,103,2.0,0.0,0.0,0.308,13.692,6.0,-7,20.0,,6721.333333333333,0.0,278.6666666666667,0.0,44.031118036473,optimal
2021-02-11 17:00:00,5,103,0.3476091729588019,0.0,0.0,1.3313333333333333,14.007,6.0,-7,20.06053125901158,,1216.6321053558063,0.0,0.0,0.0,43.81271334387206,optimal
2021-02-11 17:30:00,5,103,1.3983924994847678,0.0,0.0,0.076,12.873,6.0,-7,20.0,,4894.373748196687,0.0,0.0,0.0,43.59452705596372,optimal
2021-02-11 18:00:00,5,103,1.4261016074847592,0.0,0.0,0.076,12.684,6.0,-7,20.0,,4991.355626196657,0.0,0.0,0.0,43.37655895434328,optimal
2021-02-11 18:30:00,5,103,1.338336250735918,0.0,0.0,0.5023333333333333,12.306,6.0,-7,20.0,,4684.176877575713,0.0,0.0,0.0,43.15880882082447,optimal
2021-02-11 19:00:00,5,103,2.0,0.0,0.0,0.1138,10.6365,6.0,-7,20.0,,6791.0,0.0,209.0,0.0,42.94127643743917,optimal
2021-02-11 19:30:00,5,103,0.8484295452123798,0.0,0.0,0.3150333333333334,11.2455,6.0,-7,20.040035809999008,,2969.503408243329,0.0,0.0,0.0,42.72396158643726,optimal
2021-02-11 20:00:00,5,103,1.4262826034121117,0.0,0.0,0.5047333333333334,11.2455,6.0,-7,20.0,,4991.989111942391,0.0,0.0,0.0,42.50686405028635,optimal
2021-02-11 20:30:00,5,103,0.1393333333333333,0.0,0.0,1.8251333333333328,11.025,6.0,-7,20.0,,0.0,0.0,487.6666666666667,0.0,42.464357186236064,optimal
2021-02-11 21:00:00,5,103,0.0,0.0,0.0,3.876733333333333,12.0855,6.0,-7,19.90220722364592,,0.0,0.0,0.0,0.0,42.42189282904983,optimal
2021-02-11 21:30:00,5,103,0.0,0.0,0.0,3.9626,11.6865,6.0,-7,19.81299334486019,,0.0,0.0,0.0,0.0,42.379470936220784,optimal
2021-02-11 22:00:00,5,103,0.0,0.0,0.0,2.380533333333333,11.2245,6.0,-7,19.73429892881555,,0.0,0.0,0.0,0.0,42.337091465284566,optimal
2021-02-11 22:30:00,5,103,0.0,0.0,0.0,2.330966666666667,11.025,6.0,-7,19.652933219426423,,0.0,0.0,0.0,0.0,42.29475437381928,optimal
2021-02-11 23:00:00,5,103,0.0,0.0,0.0,0.1316666666666666,10.7835,6.0,-7,19.567169934492664,,0.0,0.0,0.0,0.0,42.25245961944546,optimal
2021-02-11 23:30:00,5,103,0.0,0.0,0.0,0.0743333333333333,11.025,6.0,-7,19.462122879809623,,0.0,0.0,0.0,0.0,42.21020715982601,optimal
2021-02-12 00:00:00,5,103,0.0,0.0,0.0,0.061,13.566,6.0,9,19.462122879809623,,0.0,0.0,0.0,0.0,42.167996952666186,optimal
2021-02-12 00:30:00,5,103,2.0,0.0,0.0,0.1884,12.789,6.0,9,19.34881602423645,,6512.333333333333,0.0,487.6666666666667,0.0,42.12582895571352,optimal
2021-02-12 01:00:00,5,103,2.0,0.0,0.0,0.0670666666666666,12.1275,6.0,9,19.375792300338635,,7000.0,0.0,0.0,0.0,42.08370312675781,optimal
2021-02-12 01:30:00,5,103,1.657951518933851,0.0,0.0,0.061,13.671,6.0,9,19.410357659693847,,5802.830316268479,0.0,0.0,0.0,42.041619423631055,optimal
2021-02-12 02:00:00,5,103,2.0,0.0,0.0,0.1156,10.668,6.0,9,19.419891259390845,,7000.0,0.0,0.0,0.0,41.99957780420743,optimal
2021-02-12 02:30:00,5,103,2.0,0.0,0.0,0.1398666666666666,11.7285,6.0,9,19.45618553877616,,7000.0,0.0,0.0,0.0,41.95757822640322,optimal
2021-02-12 03:00:00,5,103,2.0,0.0,0.0,0.0670666666666666,11.025,6.0,9,19.49418699059815,,7000.0,0.0,0.0,0.0,41.91562064817682,optimal
2021-02-12 03:30:00,5,103,2.0,0.0,0.0,0.1884,10.689,6.0,9,19.531844577038942,,7000.0,0.0,0.0,0.0,41.87370502752864,optimal
2021-02-12 04:00:00,5,103,2.0,0.0,5.0,0.061,8.1585,6.0,9,19.575061117063075,,7000.0,0.0,0.0,0.0,44.20683132250112,optimal
2021-02-12 04:30:00,5,103,2.0,0.0,0.0,0.1762666666666666,10.3635,6.0,9,19.61857545335896,,7000.0,0.0,0.0,0.0,44.16262449117862,optimal
2021-02-12 05:00:00,5,103,2.0,0.0,0.0,0.0792,10.8045,6.0,9,19.66749446721446,,7000.0,0.0,0.0,0.0,44.11846186668744,optimal
2021-02-12 05:30:00,5,103,2.0,0.0,0.0,0.1338,11.025,6.0,9,19.717323936063647,,7000.0,0.0,0.0,0.0,44.07434340482075,optimal
2021-02-12 06:00:00,5,103,2.0,0.0,3.651078494301481,0.1216666666666666,10.3635,6.0,9,19.77170604292552,,7000.0,0.0,0.0,0.0,45.764531346209125,optimal
2021-02-12 06:30:00,5,103,2.0,0.0,0.0,0.061,10.8045,6.0,9,19.82921537004434,,7000.0,0.0,0.0,0.0,45.71876681486292,optimal
2021-02-12 07:00:00,5,103,2.0,0.0,5.0,0.1944666666666666,10.059,6.0,9,19.88564040579425,,7000.0,0.0,0.0,0.0,48.048048048048045,optimal
2021-02-12 07:30:00,5,103,2.0,0.0,0.0,0.0769,10.584,6.0,9,19.945072655097302,,7000.0,0.0,0.0,0.0,48.0,optimal
2021-02-12 08:00:00,5,103,2.0,0.0,0.0,2.1539333333333333,9.4185,6.0,9,20.0,,7000.0,0.0,0.0,0.0,47.53849597354948,optimal
2021-02-12 08:30:00,5,103,2.0,0.0,0.0,0.1216666666666666,10.3635,6.0,9,20.064862547573355,,7000.0,0.0,0.0,0.0,47.077453451125415,optimal
2021-02-12 09:00:00,5,103,2.0,0.0,0.0,0.0852666666666666,9.8385,6.0,9,20.105802950617555,,7000.0,0.0,0.0,0.0,46.61687197122377,optimal
2021-02-12 09:30:00,5,103,2.0,0.0,0.0,0.1788666666666666,11.067,6.0,9,20.14488405013091,,7000.0,0.0,0.0,0.0,46.15675107280203,optimal
2021-02-12 10:00:00,5,103,2.0,0.0,0.0,0.071,10.8465,6.0,9,20.195556434557147,,7000.0,0.0,0.0,0.0,45.69709029527871,optimal
2021-02-12 10:30:00,5,103,1.7331944286127334,0.0,0.0,0.0952666666666666,13.671,6.0,9,20.25368093422636,,6066.180500144567,0.0,0.0,0.0,45.23788917853292,optimal
2021-02-12 11:00:00,5,103,2.0,0.0,0.0,0.1802,12.348,6.0,9,20.294209956535063,,7000.0,0.0,0.0,0.0,44.77914726290387,optimal
2021-02-12 11:30:00,5,103,0.0,0.0,0.0,0.071,14.3325,6.0,9,20.3578149490532,,0.0,0.0,0.0,0.0,44.32086408919045,optimal
2021-02-12 12:00:00,5,103,0.0,0.0,0.0,0.2044666666666666,15.393,6.0,9,20.27170666083703,,0.0,0.0,0.0,0.0,43.86303919865074,optimal
2021-02-12 12:30:00,5,103,2.0,0.0,0.0,0.071,13.587,6.0,9,20.18902538118756,,7000.0,0.0,0.0,0.0,43.40567213300157,optimal
2021-02-12 13:00:00,5,103,0.0,0.0,0.0,0.1923333333333332,16.1385,6.0,9,20.25148936132111,,0.0,0.0,0.0,0.0,42.94876243441806,optimal
2021-02-12 13:30:00,5,103,0.0,0.0,0.0,0.0831333333333333,14.595,6.0,9,20.16909805776981,,0.0,0.0,0.0,0.0,42.49230964553312,optimal
2021-02-12 14:00:00,5,103,0.0,0.0,0.0,0.1074,14.637,6.0,9,20.084328164615407,,0.0,0.0,0.0,0.0,42.03631330943707,optimal
2021-02-12 14:30:00,5,103,1.1282062349741877,0.0,0.0,0.1680666666666666,13.9125,6.0,9,20.0,,3948.721822409657,0.0,0.0,0.0,41.58077296967711,optimal
2021-02-12 15:00:00,5,103,1.482702023592354,0.0,0.0,0.071,13.3665,6.0,9,20.0,,5189.457082573239,0.0,0.0,0.0,41.12568817025692,optimal
2021-02-12 15:30:00,5,103,2.0,0.0,0.0,0.2044666666666666,13.0095,6.0,9,20.02362102119017,,7000.0,0.0,0.0,0.0,40.67105845563615,optimal
2021-02-12 16:00:00,5,103,0.0,0.0,0.0,0.071,13.8915,6.0,9,20.087376573410253,,0.0,0.0,0.0,0.0,40.21688337073,optimal
2021-02-12 16:30:00,5,103,1.186909313691954,0.0,0.0,0.1134666666666666,13.188,6.0,9,20.0,,4154.182597921838,0.0,0.0,0.0,39.763162460908745,optimal
2021-02-12 17:00:00,5,103,1.1915154039939266,0.0,0.0,0.162,12.5685,6.0,9,20.0,,4170.303913978743,0.0,0.0,0.0,39.30989527199732,optimal
2021-02-12 17:30:00,5,103,1.012383457261551,0.0,0.0,0.8344333333333332,12.285,6.0,9,20.0,,3473.6754337487623,0.0,69.66666666666666,0.0,38.8570813502748,optimal
2021-02-12 18:00:00,5,103,2.0,0.0,0.0,1.8139,11.487,6.0,9,20.0,,5434.402990273202,0.0,1565.597009726798,0.0,38.40472024247401,optimal
2021-02-12 18:30:00,5,103,0.0144988933965639,0.0,0.0,3.202866666666667,11.802,6.0,9,20.04757299536228,,50.74612688797372,0.0,0.0,0.0,37.95281149578102,optimal
2021-02-12 19:00:00,5,103,2.0,0.0,0.0,0.826,11.2245,6.0,9,20.0,,3003.585179991087,0.0,3996.414820008913,0.0,37.501354657834725,optimal
2021-02-12 19:30:00,5,103,2.0,0.0,0.0,2.3992666666666667,11.025,6.0,9,20.0,,5386.345163069044,0.0,1613.6548369309558,0.0,37.46385330317689,optimal
2021-02-12 20:00:00,5,103,0.0,0.0,0.0,1.9104666666666668,11.907,6.0,9,20.058775021800766,,0.0,0.0,0.0,0.0,37.42638944987371,optimal
2021-02-12 20:30:00,5,103,0.0,0.0,0.0,0.3442,25.83,6.0,9,20.0,,0.0,0.0,0.0,0.0,37.38896306042383,optimal
2021-02-12 21:00:00,5,103,0.0,0.0,0.0,0.6123333333333334,28.035,6.0,9,19.936276440559336,,0.0,0.0,0.0,0.0,37.35157409736341,optimal
2021-02-12 21:30:00,5,103,0.0,0.0,0.0,0.4595333333333333,28.119,6.0,9,19.873904446041298,,0.0,0.0,0.0,0.0,37.31422252326605,optimal
2021-02-12 22:00:00,5,103,0.0,0.0,0.0,0.5837333333333333,30.156,6.0,9,19.808335972483096,,0.0,0.0,0.0,0.0,37.27690830074278,optimal
2021-02-12 22:30:00,5,103,0.0,0.0,0.0,0.3988666666666666,29.1585,6.0,9,19.74599045871236,,0.0,0.0,0.0,0.0,37.23963139244204,optimal
2021-02-12 23:00:00,5,103,0.0,0.0,0.0,1.2916,26.712,6.0,9,19.679831377401936,,0.0,0.0,0.0,0.0,37.2023917610496,optimal
2021-02-12 23:30:00,5,103,0.0,0.0,0.0,1.606,15.435,6.0,9,19.616032712438138,,0.0,0.0,0.0,0.0,37.16518936928855,optimal
2021-02-13 00:00:00,5,103,0.0,0.0,0.0,0.0621333333333333,14.595,6.0,10,19.616032712438138,,0.0,0.0,0.0,0.0,37.12802417991926,optimal
2021-02-13 00:30:00,5,103,0.0,0.0,0.0,0.1909666666666666,12.4845,6.0,10,19.531976740061825,,0.0,0.0,0.0,0.0,37.09089615573934,optimal
2021-02-13 01:00:00,5,103,2.0,0.0,0.0,0.0821666666666666,12.1275,6.0,10,19.45124093131584,,0.0,0.0,7000.0,0.0,37.0538052595836,optimal
2021-02-13 01:30:00,5,103,1.3365987813280988,0.0,0.0,0.2585666666666666,12.1275,6.0,10,19.368807945095163,,1646.0957346483456,0.0,3032.0,0.0,37.016751454324016,optimal
2021-02-13 02:00:00,5,103,0.0,0.0,0.0,0.1195,12.789,6.0,10,19.32534004377061,,0.0,0.0,0.0,0.0,36.97973470286969,optimal
2021-02-13 02:30:00,5,103,2.0,0.0,0.0,0.1115999999999999,11.907,6.0,10,19.24471778011268,,7000.0,0.0,0.0,0.0,36.94275496816682,optimal
2021-02-13 03:00:00,5,103,2.0,0.0,0.0,0.2456333333333333,11.025,6.0,10,19.3116478305359,,7000.0,0.0,0.0,0.0,36.90581221319866,optimal
2021-02-13 03:30:00,5,103,2.0,0.0,5.0,0.1077,8.2005,6.0,10,19.381095696877235,,7000.0,0.0,0.0,0.0,39.24390640098546,optimal
2021-02-13 04:00:00,5,103,2.0,0.0,5.0,0.0904,9.5655,6.0,10,19.447098113220576,,7000.0,0.0,0.0,0.0,41.57966249458448,optimal
2021-02-13 04:30:00,5,103,2.0,0.0,5.0,0.2341666666666666,7.056,6.0,10,19.512210091341743,,7000.0,0.0,0.0,0.0,43.91308283208989,optimal
2021-02-13 05:00:00,5,103,2.0,0.0,5.0,0.1015,9.3975,6.0,10,19.57959935575431,,7000.0,0.0,0.0,0.0,46.2441697492578,optimal
2021-02-13 05:30:00,5,103,2.0,0.0,3.7938408852451744,0.1102666666666666,10.059,6.0,10,19.64343654073394,,7000.0,0.0,0.0,0.0,48.0,optimal
2021-02-13 06:00:00,5,103,2.0,0.0,0.0,0.2393,9.261,6.0,10,19.70978133302039,,7000.0,0.0,0.0,0.0,47.90409487449348,optimal
2021-02-13 06:30:00,5,103,2.0,0.0,0.0,0.2068333333333332,8.1585,6.0,10,19.780504543524987,,7000.0,0.0,0.0,0.0,47.80828565411247,optimal
2021-02-13 07:00:00,5,103,2.0,0.0,0.0,0.4639,9.4815,6.0,10,19.85478321660705,,7000.0,0.0,0.0,0.0,47.71257224295184,optimal
2021-02-13 07:30:00,5,103,2.0,0.0,0.0,0.2410333333333333,8.379,6.0,10,19.93142057505465,,7000.0,0.0,0.0,0.0,47.61695454520237,optimal
2021-02-13 08:00:00,5,103,2.0,0.0,0.0,0.2501333333333333,9.5235,6.0,10,20.0,,5258.333333333333,0.0,1741.6666666666667,0.0,47.521432465150646,optimal
2021-02-13 08:30:00,5,103,2.0,0.0,0.0,0.086,8.1375,6.0,10,20.019297845127653,,7000.0,0.0,0.0,0.0,47.426005907178975,optimal
2021-02-13 09:00:00,5,103,2.0,0.0,0.0,0.1295,10.0905,6.0,10,20.07322677106926,,7000.0,0.0,0.0,0.0,47.33067477576528,optimal
2021-02-13 09:30:00,5,103,2.0,0.0,0.0,0.1366333333333333,7.539,6.0,10,20.126769491721188,,7000.0,0.0,0.0,0.0,47.235438975483,optimal
2021-02-13 10:00:00,5,103,2.0,0.0,0.0,0.2155,7.938,6.0,10,20.18135363630912,,7000.0,0.0,0.0,0.0,47.140298411001,optimal
2021-02-13 10:30:00,5,103,2.0,0.0,0.0,0.1601,8.274,6.0,10,20.23848449808155,,7000.0,0.0,0.0,0.0,47.04525298708348,optimal
2021-02-13 11:00:00,5,103,2.0,0.0,0.0,0.2248333333333332,9.261,6.0,10,20.29441681680338,,7000.0,0.0,0.0,0.0,46.95030260858988,optimal
2021-02-13 11:30:00,5,103,2.0,0.0,0.0,0.1909,9.9225,6.0,10,20.351684887817893,,7000.0,0.0,0.0,0.0,46.85544718047477,optimal
2021-02-13 12:00:00,5,103,2.0,0.0,0.0,0.1264,9.702,6.0,10,20.40820567539464,,7000.0,0.0,0.0,0.0,46.760686607787775,optimal
2021-02-13 12:30:00,5,103,2.0,0.0,0.0,0.1786666666666666,10.584,6.0,10,20.463339129849874,,7000.0,0.0,0.0,0.0,46.66602079567347,optimal
2021-02-13 13:00:00,5,103,2.0,0.0,0.0,0.0729,10.143,6.0,10,20.520807834221443,,7000.0,0.0,0.0,0.0,46.57144964937128,optimal
2021-02-13 13:30:00,5,103,0.0,0.0,0.0,0.3831666666666667,13.0095,6.0,10,20.57830599851112,,0.0,0.0,0.0,0.0,46.47697307421539,optimal
2021-02-13 14:00:00,5,103,2.0,0.0,0.0,0.3798333333333333,11.025,6.0,10,20.496059482472905,,7000.0,0.0,0.0,0.0,46.382590975634656,optimal
2021-02-13 14:30:00,5,103,0.0,0.0,0.0,0.157,12.789,6.0,10,20.5605541694952,,0.0,0.0,0.0,0.0,46.28830325915251,optimal
2021-02-13 15:00:00,5,103,0.0,0.0,0.0,0.3517333333333333,12.1275,6.0,10,20.470556095085698,,0.0,0.0,0.0,0.0,46.19410983038684,optimal
2021-02-13 15:30:00,5,103,0.9792911702349216,0.0,0.0,0.111,12.1695,6.0,10,20.391932553899867,,3427.519095822226,0.0,0.0,0.0,46.10001059504993,optimal
2021-02-13 16:00:00,5,103,0.0,0.0,0.0,0.3970666666666667,12.306,6.0,10,20.37388181682337,,0.0,0.0,0.0,0.0,46.006005458948366,optimal
2021-02-13 16:30:00,5,103,0.0,0.0,0.0,0.3972333333333333,13.23,6.0,10,20.296446185106213,,0.0,0.0,0.0,0.0,45.9120943279829,optimal
2021-02-13 17:00:00,5,103,0.0,0.0,0.0,0.2585,13.671,6.0,10,20.22258677676403,,0.0,0.0,0.0,0.0,45.8182771081484,optimal
2021-02-13 17:30:00,5,103,0.0,0.0,0.0,0.3039666666666666,13.9335,6.0,10,20.1477053940732,,0.0,0.0,0.0,0.0,45.72455370553374,optimal
2021-02-13 18:00:00,5,103,0.0,0.0,0.0,0.2898666666666666,13.293,6.0,10,20.07355487921665,,0.0,0.0,0.0,0.0,45.630924026321686,optimal
2021-02-13 18:30:00,5,103,0.945147453363672,0.0,0.0,0.3964666666666666,12.1065,6.0,10,20.0,,3308.0160867728514,0.0,0.0,0.0,45.53738797678885,optimal
2021-02-13 19:00:00,5,103,1.0772357657117448,0.0,0.0,0.3087,11.571,6.0,10,20.0,,3770.3251799911054,0.0,0.0,0.0,45.443945463305546,optimal
2021-02-13 19:30:00,5,103,2.0,0.0,0.0,0.5368666666666667,11.025,6.0,10,20.0,,3599.6433664279657,0.0,3400.3566335720343,0.0,45.35059639233573,optimal
2021-02-13 20:00:00,5,103,2.0,0.0,0.0,1.6649333333333334,10.8465,6.0,10,20.0,,2845.2282195313223,0.0,4154.771780468678,0.0,45.25734067043687,optimal
2021-02-13 20:30:00,5,103,1.0261537864645582,0.0,0.0,0.2076,11.2455,6.0,10,20.0,,0.0,0.0,3591.5382526259536,0.0,45.16417820425991,optimal
2021-02-13 21:00:00,5,103,0.0,0.0,0.0,0.3359666666666666,23.8665,6.0,10,19.926841520346755,,0.0,0.0,0.0,0.0,45.071108900549135,optimal
2021-02-13 21:30:00,5,103,0.0,0.0,0.0,0.5252666666666667,27.4575,6.0,10,19.85810573342752,,0.0,0.0,0.0,0.0,44.97813266614207,optimal
2021-02-13 22:00:00,5,103,0.0,0.0,0.0,0.4906333333333333,27.3735,6.0,10,19.78619774506217,,0.0,0.0,0.0,0.0,44.93315453347592,optimal
2021-02-13 22:30:00,5,103,0.0,0.0,0.0,0.4871333333333333,30.4605,6.0,10,19.71779790899545,,0.0,0.0,0.0,0.0,44.88822137894245,optimal
2021-02-13 23:00:00,5,103,0.0,0.0,0.0,0.3820666666666666,30.0195,6.0,10,19.65255669288116,,0.0,0.0,0.0,0.0,44.84333315756351,optimal
2021-02-13 23:30:00,5,103,0.0,0.0,0.0,0.4635333333333333,26.9325,6.0,10,19.583870989418127,,0.0,0.0,0.0,0.0,44.79848982440594,optimal
2021-02-07 00:00:00,6,103,2.0,0.0,0.0,0.06,3.906,6.0,-6,21.0,,7000.0,0.0,0.0,0.0,47.952,optimal
2021-02-07 00:30:00,6,103,2.0,0.0,0.0,0.0651333333333333,2.3415,6.0,-6,21.07192756707888,,7000.0,0.0,0.0,0.0,47.904048,optimal
2021-02-07 01:00:00,6,103,2.0,0.0,0.0,0.2090333333333333,2.205,6.0,-6,21.1431832120813,,7000.0,0.0,0.0,0.0,47.856143952,optimal
2021-02-07 01:30:00,6,103,2.0,0.0,1.8290088139045075,0.1296333333333333,0.882,6.0,-6,21.21669107822829,,7000.0,0.0,0.0,0.0,48.67706699465263,optimal
2021-02-07 02:00:00,6,103,2.0,0.0,0.0,0.1758333333333333,1.5435,6.0,-6,21.28796722598311,,7000.0,0.0,0.0,0.0,48.62838992765797,optimal
2021-02-07 02:30:00,6,103,2.0,0.0,0.0,0.1565666666666666,1.5435,6.0,-6,21.359665711165068,,7000.0,0.0,0.0,0.0,48.57976153773031,optimal
2021-02-07 03:00:00,6,103,2.0,0.0,0.0,0.2721666666666666,5.0715,6.0,-6,21.430179683591927,,7000.0,0.0,0.0,0.0,48.53118177619257,optimal
2021-02-07 03:30:00,6,103,2.0,0.0,0.0,0.0634333333333333,5.376,6.0,-6,21.50235351535556,,7000.0,0.0,0.0,0.0,48.48265059441637,optimal
2021-02-07 04:00:00,6,103,2.0,0.0,0.0,0.2316,5.0715,6.0,-6,21.569579161407848,,7000.0,0.0,0.0,0.0,48.434167943821954,optimal
2021-02-07 04:30:00,6,103,2.0,0.0,0.0,0.1216,5.5125,6.0,-6,21.63981296880117,,7000.0,0.0,0.0,0.0,48.38573377587813,optimal
2021-02-07 05:00:00,6,103,2.0,0.0,0.0,0.1870666666666666,9.261,6.0,-6,21.70741260282943,,7000.0,0.0,0.0,0.0,48.33734804210225,optimal
2021-02-07 05:30:00,6,103,0.0,0.0,0.0,0.1541333333333333,11.7075,6.0,-6,21.77608365879191,,0.0,0.0,0.0,0.0,48.28901069406015,optimal
2021-02-07 06:00:00,6,103,0.0,0.0,0.0,0.1421333333333333,12.348,6.0,-6,21.696839119756763,,0.0,0.0,0.0,0.0,48.24072168336608,optimal
2021-02-07 06:30:00,6,103,0.0,0.0,0.0,0.2464,12.348,6.0,-6,21.6172594246012,,0.0,0.0,0.0,0.0,48.19248096168271,optimal
2021-02-07 07:00:00,6,103,0.0,0.0,0.0,0.1686,12.1275,6.0,-6,21.54000877899415,,0.0,0.0,0.0,0.0,48.144288480721016,optimal
2021-02-07 07:30:00,6,103,0.0,0.0,0.0,0.1583,12.5265,6.0,-6,21.461244039194764,,0.0,0.0,0.0,0.0,48.096144192240295,optimal
2021-02-07 08:00:00,6,103,0.0,0.0,0.0,0.3362,11.7495,6.0,-6,21.3855459449532,,0.0,0.0,0.0,0.0,48.048048048048045,optimal
2021-02-07 08:30:00,6,103,0.0,0.0,0.0,0.2971,13.23,6.0,-6,21.321370566293545,,0.0,0.0,0.0,0.0,48.0,optimal
2021-02-07 09:00:00,6,103,0.0,0.0,0.0,1.7573666666666663,14.3325,6.0,-6,21.25902001260358,,0.0,0.0,0.0,0.0,47.8522827497574,optimal
2021-02-07 09:30:00,6,103,0.0,0.0,0.0,0.4812666666666667,14.994,6.0,-6,21.2152224834534,,0.0,0.0,0.0,0.0,47.70471321676504,optimal
2021-02-07 10:00:00,6,103,0.0,0.0,0.0,0.4443999999999999,14.8155,6.0,-6,21.153520490500288,,0.0,0.0,0.0,0.0,47.55729125330568,optimal
2021-02-07 10:30:00,6,103,0.0,0.0,0.0,1.6595666666666666,14.112,6.0,-6,21.088389530277937,,0.0,0.0,0.0,0.0,47.410016711809774,optimal
2021-02-07 11:00:00,6,103,0.0,0.0,0.0,0.5504666666666667,14.007,6.0,-6,21.02674855629197,,0.0,0.0,0.0,0.0,47.26288944485537,optimal
2021-02-07 11:30:00,6,103,0.0,0.0,0.0,0.2506666666666666,13.23,6.0,-6,20.9489999456318,,0.0,0.0,0.0,0.0,47.11590930516792,optimal
2021-02-07 12:00:00,6,103,1.5703185805619173,0.0,0.0,0.2782,11.382,6.0,-6,20.863879678778755,,5496.11503196671,0.0,0.0,0.0,46.96907614562015,optimal
2021-02-07 12:30:00,6,103,0.0,0.0,0.0,0.9018666666666668,11.7495,6.0,-6,20.89502319529972,,0.0,0.0,0.0,0.0,46.82238981923193,optimal
2021-02-07 13:00:00,6,103,0.0,0.0,0.0,2.6164666666666667,24.3285,6.0,-6,20.81253239477561,,0.0,0.0,0.0,0.0,46.6758501791701,optimal
2021-02-07 13:30:00,6,103,0.0,0.0,0.0,2.117033333333333,28.917,6.0,-6,20.736960820969355,,0.0,0.0,0.0,0.0,46.52945707874833,optimal
2021-02-07 14:00:00,6,103,0.0,0.0,0.0,0.0837333333333333,31.3635,6.0,-6,20.661265244456896,,0.0,0.0,0.0,0.0,46.38321037142698,optimal
2021-02-07 14:30:00,6,103,0.0,0.0,0.0,0.3031999999999999,33.306,6.0,-6,20.575602496037188,,0.0,0.0,0.0,0.0,46.23710991081296,optimal
2021-02-07 15:00:00,6,103,0.0,0.0,0.0,0.4385,31.3425,6.0,-6,20.495175069308843,,0.0,0.0,0.0,0.0,46.09115555065955,optimal
2021-02-07 15:30:00,6,103,0.0,0.0,0.0,0.2344666666666666,28.2555,6.0,-6,20.424467509603648,,0.0,0.0,0.0,0.0,45.94534714486629,optimal
2021-02-07 16:00:00,6,103,0.0,0.0,0.0,0.1886666666666666,15.6975,6.0,-6,20.342825202045145,,0.0,0.0,0.0,0.0,45.799684547478826,optimal
2021-02-07 16:30:00,6,103,0.0,0.0,0.0,0.0818666666666666,12.5475,6.0,-6,20.25990866714547,,0.0,0.0,0.0,0.0,45.654167612688745,optimal
2021-02-07 17:00:00,6,103,0.0,0.0,0.0,0.2716333333333333,12.0855,6.0,-6,20.17534694884956,,0.0,0.0,0.0,0.0,45.50879619483346,optimal
2021-02-07 17:30:00,6,103,2.0,0.0,0.0,0.1633666666666667,11.907,6.0,-6,20.095390358444185,,7000.0,0.0,0.0,0.0,45.36357014839603,optimal
2021-02-07 18:00:00,6,103,0.0,0.0,0.0,0.0956666666666666,12.5685,6.0,-6,20.16132397118783,,0.0,0.0,0.0,0.0,45.21848932800504,optimal
2021-02-07 18:30:00,6,103,0.0,0.0,0.0,0.2597333333333333,13.146,6.0,-6,20.078634164691803,,0.0,0.0,0.0,0.0,45.07355358843443,optimal
2021-02-07 19:00:00,6,103,1.0918366051208803,0.0,0.0,0.1461,10.584,6.0,-6,20.0,,3821.428117923081,0.0,0.0,0.0,44.92876278460339,optimal
2021-02-07 19:30:00,6,103,2.0,0.0,0.0,0.1880333333333333,6.678,6.0,-6,20.0,,7000.0,0.0,0.0,0.0,44.784116771576194,optimal
2021-02-07 20:00:00,6,103,0.1607714227999645,0.0,0.0,0.1989333333333333,7.938,6.0,-6,20.067792948136752,,562.699979799876,0.0,0.0,0.0,44.63961540456202,optimal
2021-02-07 20:30:00,6,103,0.7762857142857144,0.0,0.0,0.3938,5.292,6.0,-6,20.0,,0.0,0.0,2717.0,0.0,44.49525853891486,optimal
2021-02-07 21:00:00,6,103,0.0,0.0,0.0,0.3263999999999999,9.261,6.0,-6,19.92869357554097,,0.0,0.0,0.0,0.0,44.35104603013335,optimal
2021-02-07 21:30:00,6,103,0.0,0.0,0.0,0.6141666666666666,10.3635,6.0,-6,19.85715312875277,,0.0,0.0,0.0,0.0,44.30669498410321,optimal
2021-02-07 22:00:00,6,103,0.0,0.0,0.0,0.6483666666666666,8.274,6.0,-6,19.79668908490786,,0.0,0.0,0.0,0.0,44.26238828911911,optimal
2021-02-07 22:30:00,6,103,0.0,0.0,0.0,0.3905333333333333,7.7175,6.0,-6,19.74008759976592,,0.0,0.0,0.0,0.0,44.21812590082999,optimal
2021-02-07 23:00:00,6,103,0.0,0.0,0.0,0.293,6.615,6.0,-6,19.679608036170134,,0.0,0.0,0.0,0.0,44.17390777492916,optimal
2021-02-07 23:30:00,6,103,0.0,0.0,0.0,0.2214,6.174,6.0,-6,19.62031082342716,,0.0,0.0,0.0,0.0,44.12973386715424,optimal
2021-02-08 00:00:00,6,103,0.0,0.0,0.0,0.2108666666666666,12.1275,6.0,6,19.62031082342716,,0.0,0.0,0.0,0.0,44.085604133287084,optimal
2021-02-08 00:30:00,6,103,0.0398095238095238,0.0,0.0,1.1991333333333334,12.1275,6.0,6,19.551585975844965,,0.0,0.0,139.33333333333331,0.0,44.0415185291538,optimal
2021-02-08 01:00:00,6,103,2.0,0.0,0.0,0.1533333333333333,11.2665,6.0,6,19.49158788178662,,0.0,0.0,7000.0,0.0,43.99747701062464,optimal
2021-02-08 01:30:00,6,103,2.0,0.0,0.0,0.1372666666666666,10.143,6.0,6,19.420850090716407,,0.0,0.0,7000.0,0.0,43.953479533614015,optimal
2021-02-08 02:00:00,6,103,2.0,0.0,0.0,0.1839333333333333,11.2455,6.0,6,19.34610365594421,,2120.333333333333,0.0,4879.666666666667,0.0,43.9095260540804,optimal
2021-02-08 02:30:00,6,103,2.0,0.0,0.0,0.175,11.025,6.0,6,19.320762526184083,,7000.0,0.0,0.0,0.0,43.86561652802632,optimal
2021-02-08 03:00:00,6,103,2.0,0.0,0.0,0.1843333333333333,5.9745,6.0,6,19.39957468470421,,7000.0,0.0,0.0,0.0,43.8217509114983,optimal
2021-02-08 03:30:00,6,103,2.0,0.0,0.0,0.1628,7.938,6.0,6,19.476235292450617,,7000.0,0.0,0.0,0.0,43.7779291605868,optimal
2021-02-08 04:00:00,6,103,2.0,0.0,0.0,0.108,8.6835,6.0,6,19.55365728041197,,7000.0,0.0,0.0,0.0,43.73415123142622,optimal
2021-02-08 04:30:00,6,103,2.0,0.0,0.0,0.2451333333333333,7.665,6.0,6,19.630001598886764,,7000.0,0.0,0.0,0.0,43.69041708019479,optimal
2021-02-08 05:00:00,6,103,2.0,0.0,0.0,0.2412666666666666,6.7725,6.0,6,19.706789276546203,,7000.0,0.0,0.0,0.0,43.6467266631146,optimal
2021-02-08 05:30:00,6,103,2.0,0.0,0.0,0.3103333333333333,5.5755,6.0,6,19.78425827665933,,7000.0,0.0,0.0,0.0,43.603079936451486,optimal
2021-02-08 06:00:00,6,103,2.0,0.0,4.74868784797958,0.2224,5.0925,6.0,6,19.863311568914305,,7000.0,0.0,0.0,0.0,45.81510358430533,optimal
2021-02-08 06:30:00,6,103,2.0,0.0,5.0,1.1908666666666663,4.1895,6.0,6,19.940016064823755,,7000.0,0.0,0.0,0.0,48.144288480721016,optimal
2021-02-08 07:00:00,6,103,2.0,0.0,0.0,0.2483333333333333,7.056,6.0,6,20.01866800248957,,7000.0,0.0,0.0,0.0,48.096144192240295,optimal
2021-02-08 07:30:00,6,103,2.0,0.0,0.0,0.4936,5.271,6.0,6,20.09652466035597,,7000.0,0.0,0.0,0.0,48.048048048048045,optimal
2021-02-08 08:00:00,6,103,2.0,0.0,0.0,0.5498999999999999,7.938,6.0,6,20.1827074328974,,7000.0,0.0,0.0,0.0,48.0,optimal
2021-02-08 08:30:00,6,103,2.0,0.0,0.0,0.2893,7.938,6.0,6,20.2697206683789,,7000.0,0.0,0.0,0.0,47.813511717875286,optimal
2021-02-08 09:00:00,6,103,2.0,0.0,0.0,0.1604333333333333,11.907,6.0,6,20.341200719643627,,7000.0,0.0,0.0,0.0,47.6272099240327,optimal
2021-02-08 09:30:00,6,103,2.0,0.0,0.0,0.1687,11.025,6.0,6,20.40297323836981,,7000.0,0.0,0.0,0.0,47.44109443198396,optimal
2021-02-08 10:00:00,6,103,2.0,0.0,0.0,0.1922666666666666,11.2875,6.0,6,20.46883896040288,,7000.0,0.0,0.0,0.0,47.25516505542726,optimal
2021-02-08 10:30:00,6,103,2.0,0.0,0.0,0.0816666666666666,12.936,6.0,6,20.53458958500791,,7000.0,0.0,0.0,0.0,47.069421608247126,optimal
2021-02-08 11:00:00,6,103,0.2556590285825232,0.0,0.0,0.074,13.0095,6.0,6,20.594970302396003,,894.8066000388314,0.0,0.0,0.0,46.883863904514165,optimal
2021-02-08 11:30:00,6,103,0.0,0.0,0.0,0.118,13.671,6.0,6,20.524181714106817,,0.0,0.0,0.0,0.0,46.69849175848494,optimal
2021-02-08 12:00:00,6,103,0.0,0.0,0.0,0.1003333333333333,13.188,6.0,6,20.43625811357092,,0.0,0.0,0.0,0.0,46.51330498460175,optimal
2021-02-08 12:30:00,6,103,0.0,0.0,0.0,0.3235666666666666,13.8495,6.0,6,20.35241479260987,,0.0,0.0,0.0,0.0,46.328303397492434,optimal
2021-02-08 13:00:00,6,103,2.0,0.0,0.0,1.5323666666666669,13.23,6.0,6,20.28082433618905,,7000.0,0.0,0.0,0.0,46.14348681197023,optimal
2021-02-08 13:30:00,6,103,0.0,0.0,0.0,0.1753333333333333,13.3665,6.0,6,20.35458354663172,,0.0,0.0,0.0,0.0,45.958855043033545,optimal
2021-02-08 14:00:00,6,103,2.0,0.0,0.0,0.1606666666666666,13.0515,6.0,6,20.270145755823904,,7000.0,0.0,0.0,0.0,45.7744079058658,optimal
2021-02-08 14:30:00,6,103,0.0,0.0,0.0,0.1645,13.5345,6.0,6,20.333588816163,,0.0,0.0,0.0,0.0,45.59014521583522,optimal
2021-02-08 15:00:00,6,103,0.0,0.0,0.0,0.2748,14.154,6.0,6,20.24829460198101,,0.0,0.0,0.0,0.0,45.40606678849468,optimal
2021-02-08 15:30:00,6,103,0.0,0.0,0.0,0.063,14.112,6.0,6,20.164282670374647,,0.0,0.0,0.0,0.0,45.22217243958147,optimal
2021-02-08 16:00:00,6,103,0.0,0.0,0.0,0.2056,14.2485,6.0,6,20.07887555158635,,0.0,0.0,0.0,0.0,45.03846198501718,optimal
2021-02-08 16:30:00,6,103,1.8878376858225352,0.0,0.0,0.3449,12.789,6.0,6,20.0,,6607.431900378873,0.0,0.0,0.0,44.85493524090745,optimal
2021-02-08 17:00:00,6,103,0.0,0.0,0.0,0.3792666666666666,13.0095,6.0,6,20.066377809098324,,0.0,0.0,0.0,0.0,44.67159202354184,optimal
2021-02-08 17:30:00,6,103,2.0,0.0,0.0,0.4194333333333332,12.1275,6.0,6,20.0,,7000.0,0.0,0.0,0.0,44.48843214939358,optimal
2021-02-08 18:00:00,6,103,0.7353842247538371,0.0,0.0,0.5455,12.348,6.0,6,20.08624752129327,,2573.84478663843,0.0,0.0,0.0,44.30545543511948,optimal
2021-02-08 18:30:00,6,103,2.0,0.0,0.0,0.39,12.348,6.0,6,20.081359843520623,,7000.0,0.0,0.0,0.0,44.12266169755964,optimal
2021-02-08 19:00:00,6,103,0.0,0.0,0.0,1.4408,25.389,6.0,6,20.16490109094861,,0.0,0.0,0.0,0.0,43.940050753737374,optimal
2021-02-08 19:30:00,6,103,0.0,0.0,0.0,3.231133333333333,29.1375,6.0,6,20.10580866274955,,0.0,0.0,0.0,0.0,43.75762242085892,optimal
2021-02-08 20:00:00,6,103,0.0,0.0,0.0,1.9344,30.597,6.0,6,20.05809737687629,,0.0,0.0,0.0,0.0,43.57537651631336,optimal
2021-02-08 20:30:00,6,103,0.0,0.0,0.0,0.5380333333333333,33.684,6.0,6,20.0,,0.0,0.0,0.0,0.0,43.39331285767233,optimal
2021-02-08 21:00:00,6,103,0.0,0.0,0.0,0.2722666666666666,32.445,6.0,6,19.93902607116944,,0.0,0.0,0.0,0.0,43.21143126268994,optimal
2021-02-08 21:30:00,6,103,0.0,0.0,0.0,0.2122666666666667,28.917,6.0,6,19.872091143047253,,0.0,0.0,0.0,0.0,43.16821983142725,optimal
2021-02-08 22:00:00,6,103,0.0,0.0,0.0,0.2118,15.876,6.0,6,19.808564685181743,,0.0,0.0,0.0,0.0,43.12505161159582,optimal
2021-02-08 22:30:00,6,103,0.0,0.0,0.0,0.2274666666666666,12.348,6.0,6,19.74172036441487,,0.0,0.0,0.0,0.0,43.08192655998423,optimal
2021-02-08 23:00:00,6,103,0.0,0.0,0.0,0.2764666666666666,12.1275,6.0,6,19.6724544792616,,0.0,0.0,0.0,0.0,43.03884463342424,optimal
2021-02-08 23:30:00,6,103,0.0,0.0,0.0,0.1408666666666666,12.348,6.0,6,19.60165511591681,,0.0,0.0,0.0,0.0,42.99580578879082,optimal
2021-02-09 00:00:00,6,103,2.0,0.0,0.0,0.039,11.7705,6.0,-4,19.60165511591681,,7000.0,0.0,0.0,0.0,42.95280998300203,optimal
2021-02-09 00:30:00,6,103,2.0,0.0,2.008951205355345,0.172,11.13,6.0,-4,19.668615378262075,,0.0,0.0,7000.0,0.0,43.864108995562816,optimal
2021-02-09 01:00:00,6,103,2.0,0.0,0.0,0.138,11.6865,6.0,-4,19.590945546849568,,2714.0,0.0,4286.0,0.0,43.82024488656725,optimal
2021-02-09 01:30:00,6,103,2.0,0.0,5.0,0.039,10.7205,6.0,-4,19.57027000589465,,7000.0,0.0,0.0,0.0,46.15142464168068,optimal
2021-02-09 02:00:00,6,103,2.0,0.0,0.0,0.2181999999999999,11.424,6.0,-4,19.63737265252875,,7000.0,0.0,0.0,0.0,46.10527321703899,optimal
2021-02-09 02:30:00,6,103,2.0,0.0,5.0,0.0917999999999999,10.689,6.0,-4,19.70748944053936,,7000.0,0.0,0.0,0.0,48.434167943821954,optimal
2021-02-09 03:00:00,6,103,2.0,0.0,0.0,0.039,11.361,6.0,-4,19.774854193516685,,7000.0,0.0,0.0,0.0,48.38573377587813,optimal
2021-02-09 03:30:00,6,103,2.0,0.0,0.0,0.1841999999999999,11.571,6.0,-4,19.8410287065855,,7000.0,0.0,0.0,0.0,48.33734804210225,optimal
2021-02-09 04:00:00,6,103,2.0,0.0,0.0,0.039,14.3745,6.0,-4,19.91041319437303,,7000.0,0.0,0.0,0.0,48.28901069406015,optimal
2021-02-09 04:30:00,6,103,2.0,0.0,0.0,0.205,13.23,6.0,-4,19.976880055814323,,7000.0,0.0,0.0,0.0,48.24072168336608,optimal
2021-02-09 05:00:00,6,103,2.0,0.0,0.0,0.105,13.9755,6.0,-4,20.046086077604787,,7000.0,0.0,0.0,0.0,48.19248096168271,optimal
2021-02-09 05:30:00,6,103,1.9176840335190857,0.0,0.0,0.039,14.994,6.0,-4,20.11241942456548,,6711.8941173168,0.0,0.0,0.0,48.144288480721016,optimal
2021-02-09 06:00:00,6,103,2.0,0.0,0.0,0.1258,13.671,6.0,-4,20.17099776493369,,7000.0,0.0,0.0,0.0,48.096144192240295,optimal
2021-02-09 06:30:00,6,103,0.0,0.0,0.0,0.1841999999999999,15.981,6.0,-4,20.2372022756733,,0.0,0.0,0.0,0.0,48.048048048048045,optimal
2021-02-09 07:00:00,6,103,0.0,0.0,0.0,0.0376666666666666,15.6345,6.0,-4,20.156756092557792,,0.0,0.0,0.0,0.0,48.0,optimal
2021-02-09 07:30:00,6,103,0.0,0.0,0.0,0.2392666666666666,16.5375,6.0,-4,20.07437035886678,,0.0,0.0,0.0,0.0,47.58109948098642,optimal
2021-02-09 08:00:00,6,103,1.7372900640815816,0.0,0.0,0.7102,14.7735,6.0,-4,20.0,,6080.515224285536,0.0,0.0,0.0,47.16261786249185,optimal
2021-02-09 08:30:00,6,103,0.0,0.0,0.0,0.7213999999999999,15.2145,6.0,-4,20.064179039442585,,0.0,0.0,0.0,0.0,46.74455472561578,optimal
2021-02-09 09:00:00,6,103,0.9678669127886728,0.0,0.0,0.4058,14.553,6.0,-4,20.0,,3387.5341947603547,0.0,0.0,0.0,46.32690965187658,optimal
2021-02-09 09:30:00,6,103,2.0,0.0,0.0,0.3173666666666667,14.3325,6.0,-4,20.0,,7000.0,0.0,0.0,0.0,45.90968222321113,optimal
2021-02-09 10:00:00,6,103,2.0,0.0,0.0,0.1018,14.595,6.0,-4,20.06882333365446,,7000.0,0.0,0.0,0.0,45.492872021974335,optimal
2021-02-09 10:30:00,6,103,0.0,0.0,0.0,0.2282,14.994,6.0,-4,20.13042473916189,,0.0,0.0,0.0,0.0,45.07647863093878,optimal
2021-02-09 11:00:00,6,103,2.0,0.0,0.0,0.049,14.3325,6.0,-4,20.0481887662138,,7000.0,0.0,0.0,0.0,44.66050163329426,optimal
2021-02-09 11:30:00,6,103,2.0,0.0,0.0,0.0688,13.8915,6.0,-4,20.111040665825204,,7000.0,0.0,0.0,0.0,44.24494061264738,optimal
2021-02-09 12:00:00,6,103,2.0,0.0,0.0,1.5845333333333331,13.8915,6.0,-4,20.17425105851931,,7000.0,0.0,0.0,0.0,43.82979515302115,optimal
2021-02-09 12:30:00,6,103,2.0,0.0,0.0,0.1168,13.4715,6.0,-4,20.25273211207354,,7000.0,0.0,0.0,0.0,43.41506483885455,optimal
2021-02-09 13:00:00,6,103,2.0,0.0,0.0,0.7200333333333333,13.23,6.0,-4,20.31940452636529,,7000.0,0.0,0.0,0.0,43.00074925500211,optimal
2021-02-09 13:30:00,6,103,2.0,0.0,0.0,1.0459,13.8915,6.0,-4,20.39675508283858,,7000.0,0.0,0.0,0.0,42.58684798673353,optimal
2021-02-09 14:00:00,6,103,0.0,0.0,0.0,1.4885666666666666,26.9325,6.0,-4,20.4781602429752,,0.0,0.0,0.0,0.0,42.17336061973322,optimal
2021-02-09 14:30:00,6,103,0.0,0.0,0.0,0.6874,30.303,6.0,-4,20.40826609181885,,0.0,0.0,0.0,0.0,41.7602867400999,optimal
2021-02-09 15:00:00,6,103,0.0,0.0,0.0,0.8497,32.886,6.0,-4,20.34321158712585,,0.0,0.0,0.0,0.0,41.34762593434622,optimal
2021-02-09 15:30:00,6,103,0.0,0.0,0.0,0.6536000000000001,34.9965,6.0,-4,20.284270353976343,,0.0,0.0,0.0,0.0,40.93537778939829,optimal
2021-02-09 16:00:00,6,103,0.0,0.0,0.0,0.3182,33.327,6.0,-4,20.22360865832805,,0.0,0.0,0.0,0.0,40.52354189259531,optimal
2021-02-09 16:30:00,6,103,0.0,0.0,0.0,0.2598,31.122,6.0,-4,20.154411866264205,,0.0,0.0,0.0,0.0,40.11211783168913,optimal
2021-02-09 17:00:00,6,103,0.0,0.0,0.0,0.2588,17.9025,6.0,-4,20.08016777807607,,0.0,0.0,0.0,0.0,39.70110519484386,optimal
2021-02-09 17:30:00,6,103,0.9311426488077816,0.0,0.0,0.3952666666666666,15.6555,6.0,-4,20.00508060245695,,3258.999270827236,0.0,0.0,0.0,39.29050357063544,optimal
2021-02-09 18:00:00,6,103,1.0052314235115474,0.0,0.0,0.4176,14.553,6.0,-4,20.0,,3518.309982290416,0.0,0.0,0.0,38.88031254805122,optimal
2021-02-09 18:30:00,6,103,0.9866288254491652,0.0,0.0,0.4559666666666666,14.3325,6.0,-4,20.0,,3453.200889072078,0.0,0.0,0.0,38.47053171648959,optimal
2021-02-09 19:00:00,6,103,1.0753976559581977,0.0,0.0,0.1338,13.335,6.0,-4,20.0,,3763.8917958536913,0.0,0.0,0.0,38.06116066575952,optimal
2021-02-09 19:30:00,6,103,2.0,0.0,0.0,0.047,12.1275,6.0,-4,20.0,,6442.666666666667,0.0,557.3333333333333,0.0,37.65219898608017,optimal
2021-02-09 20:00:00,6,103,0.230050626548874,0.0,0.0,0.2006,12.2955,6.0,-4,20.05580550548366,,805.177192921059,0.0,0.0,0.0,37.24364626808051,optimal
2021-02-09 20:30:00,6,103,0.0,0.0,0.0,0.2374666666666666,11.6865,6.0,-4,20.0,,0.0,0.0,0.0,0.0,36.83550210279885,optimal
2021-02-09 21:00:00,6,103,0.6369523809523808,0.0,0.0,0.211,11.466,6.0,-4,19.93329455592196,,0.0,0.0,2229.333333333333,0.0,36.79866660069605,optimal
2021-02-09 21:30:00,6,103,0.0,0.0,0.0,0.1935,10.8045,6.0,-4,19.86932337423513,,0.0,0.0,0.0,0.0,36.76186793409536,optimal
2021-02-09 22:00:00,6,103,0.0,0.0,0.0,0.155,10.584,6.0,-4,19.80356396859338,,0.0,0.0,0.0,0.0,36.72510606616126,optimal
2021-02-09 22:30:00,6,103,0.0,0.0,0.0,0.1876,11.2455,6.0,-4,19.726325125363267,,0.0,0.0,0.0,0.0,36.688380960095095,optimal
2021-02-09 23:00:00,6,103,0.0,0.0,0.0,0.1358,12.1275,6.0,-4,19.648511365417384,,0.0,0.0,0.0,0.0,36.651692579135,optimal
2021-02-09 23:30:00,6,103,0.0,0.0,0.0,0.049,11.823,6.0,-4,19.57018704483341,,0.0,0.0,0.0,0.0,36.61504088655587,optimal
2021-02-10 00:00:00,6,103,0.1194285714285714,0.0,0.0,0.1604,18.7215,6.0,8,19.57018704483341,,0.0,0.0,418.0,0.0,36.57842584566931,optimal
2021-02-10 00:30:00,6,103,0.0,0.0,0.0,0.2,17.4195,6.0,8,19.49612246068069,,0.0,0.0,0.0,0.0,36.54184741982364,optimal
2021-02-10 01:00:00,6,103,0.0,0.0,0.0,0.3624,16.758,6.0,8,19.419626074274458,,0.0,0.0,0.0,0.0,36.50530557240381,optimal
2021-02-10 01:30:00,6,103,2.0,0.0,0.0,0.048,14.217,6.0,8,19.34327566432239,,0.0,0.0,7000.0,0.0,36.46880026683141,optimal
2021-02-10 02:00:00,6,103,2.0,0.0,0.0,0.1244,13.3665,6.0,8,19.260199715466623,,5918.666666666667,0.0,1081.3333333333333,0.0,36.43233146656458,optimal
2021-02-10 02:30:00,6,103,2.0,0.0,0.0,0.244,12.789,6.0,8,19.30324558573712,,7000.0,0.0,0.0,0.0,36.39589913509801,optimal
2021-02-10 03:00:00,6,103,2.0,0.0,0.0,0.09,11.907,6.0,8,19.3713763069669,,7000.0,0.0,0.0,0.0,36.35950323596291,optimal
2021-02-10 03:30:00,6,103,2.0,0.0,0.0,0.1906666666666666,11.7075,6.0,8,19.43595617792283,,7000.0,0.0,0.0,0.0,36.32314373272695,optimal
2021-02-10 04:00:00,6,103,2.0,0.0,5.0,0.1441333333333333,10.8045,6.0,8,19.502362144875065,,7000.0,0.0,0.0,0.0,38.66182058899422,optimal
2021-02-10 04:30:00,6,103,2.0,0.0,0.0,0.1152,11.508,6.0,8,19.567487303375767,,7000.0,0.0,0.0,0.0,38.623158768405226,optimal
2021-02-10 05:00:00,6,103,2.0,0.0,0.0,0.1441333333333333,11.508,6.0,8,19.63125428294397,,7000.0,0.0,0.0,0.0,38.58453560963682,optimal
2021-02-10 05:30:00,6,103,2.0,0.0,0.3398730424558194,1.3813333333333333,11.508,6.0,8,19.69488736213861,,7000.0,0.0,0.0,0.0,38.7073907691937,optimal
2021-02-10 06:00:00,6,103,2.0,0.0,0.0,0.3159333333333333,11.844,6.0,8,19.77264830853788,,7000.0,0.0,0.0,0.0,38.6686833784245,optimal
2021-02-10 06:30:00,6,103,2.0,0.0,5.0,2.2676,11.508,6.0,8,19.85598788977376,,7000.0,0.0,0.0,0.0,41.00501469504607,optimal
2021-02-10 07:00:00,6,103,2.0,0.0,5.0,1.1189666666666669,11.508,6.0,8,19.946355684896,,7000.0,0.0,0.0,0.0,43.33900968035103,optimal
2021-02-10 07:30:00,6,103,2.0,0.0,5.0,2.1614,10.4475,6.0,8,20.03104837581061,,7000.0,0.0,0.0,0.0,45.670670670670674,optimal
2021-02-10 08:00:00,6,103,2.0,0.0,5.0,1.9771666666666667,10.8675,6.0,8,20.12021487505338,,7000.0,0.0,0.0,0.0,48.0,optimal
2021-02-10 08:30:00,6,103,2.0,0.0,0.0,1.8534666666666664,10.542,6.0,8,20.20744559647082,,7000.0,0.0,0.0,0.0,47.87703257367384,optimal
2021-02-10 09:00:00,6,103,2.0,0.0,0.0,1.5611666666666668,11.025,6.0,8,20.293081752865493,,7000.0,0.0,0.0,0.0,47.754188114774,optimal
2021-02-10 09:30:00,6,103,2.0,0.0,0.0,0.9899,11.025,6.0,8,20.384709989330982,,7000.0,0.0,0.0,0.0,47.63146650033307,optimal
2021-02-10 10:00:00,6,103,2.0,0.0,0.0,2.6703666666666668,14.553,6.0,8,20.469769777836987,,7000.0,0.0,0.0,0.0,47.50886760750657,optimal
2021-02-10 10:30:00,6,103,2.0,0.0,0.0,1.380766666666667,13.0935,6.0,8,20.55383089548814,,7000.0,0.0,0.0,0.0,47.38639131357291,optimal
2021-02-10 11:00:00,6,103,2.0,0.0,0.0,1.607733333333333,15.6345,6.0,8,20.628197054817065,,7000.0,0.0,0.0,0.0,47.26403749593317,optimal
2021-02-10 11:30:00,6,103,0.0,0.0,0.0,0.4328666666666667,18.102,6.0,8,20.697078045681387,,0.0,0.0,0.0,0.0,47.14180603211108,optimal
2021-02-10 12:00:00,6,103,0.0,0.0,0.0,0.375,17.199,6.0,8,20.62041791931704,,0.0,0.0,0.0,0.0,47.01969679975281,optimal
2021-02-10 12:30:00,6,103,0.0,0.0,0.0,0.6491666666666667,18.2805,6.0,8,20.542221948732244,,0.0,0.0,0.0,0.0,46.897709676626896,optimal
2021-02-10 13:00:00,6,103,0.0,0.0,0.0,0.4550666666666667,17.4615,6.0,8,20.46892144176283,,0.0,0.0,0.0,0.0,46.77584454062411,optimal
2021-02-10 13:30:00,6,103,0.0,0.0,0.0,2.453933333333333,18.3225,6.0,8,20.393771811382337,,0.0,0.0,0.0,0.0,46.65410126975732,optimal
2021-02-10 14:00:00,6,103,0.0,0.0,0.0,2.252766666666667,17.094,6.0,8,20.3232066565633,,0.0,0.0,0.0,0.0,46.5324797421614,optimal
2021-02-10 14:30:00,6,103,0.0,0.0,0.0,2.5179,17.094,6.0,8,20.25813855384481,,0.0,0.0,0.0,0.0,46.41097983609308,optimal
2021-02-10 15:00:00,6,103,0.0,0.0,0.0,0.302,17.094,6.0,8,20.19820134415077,,0.0,0.0,0.0,0.0,46.28960142993082,optimal
2021-02-10 15:30:00,6,103,0.0,0.0,0.0,0.5058333333333334,17.3565,6.0,8,20.13092983527914,,0.0,0.0,0.0,0.0,46.168344402174725,optimal
2021-02-10 16:00:00,6,103,0.5043996102136794,0.0,0.0,1.2294666666666667,17.115,6.0,8,20.07636073876045,,1765.3986357478775,0.0,0.0,0.0,46.04720863144639,optimal
2021-02-10 16:30:00,6,103,0.0,0.0,0.0,2.4118666666666666,17.241,6.0,8,20.0565170821004,,0.0,0.0,0.0,0.0,45.92619399648878,optimal
2021-02-10 17:00:00,6,103,0.8779860500679869,0.0,0.0,0.9432,17.094,6.0,8,20.0,,3072.951175237954,0.0,0.0,0.0,45.80530037616613,optimal
2021-02-10 17:30:00,6,103,2.0,0.0,0.0,2.3906666666666667,16.5165,6.0,8,20.0,,7000.0,0.0,0.0,0.0,45.6845276494638,optimal
2021-02-10 18:00:00,6,103,0.0,0.0,0.0,0.4501333333333333,17.8185,6.0,8,20.08632515255013,,0.0,0.0,0.0,0.0,45.56387569548818,optimal
2021-02-10 18:30:00,6,103,0.5669178595614852,0.0,0.0,0.5902999999999999,17.094,6.0,8,20.030745815454644,,1984.2125084651984,0.0,0.0,0.0,45.44334439346653,optimal
2021-02-10 19:00:00,6,103,2.0,0.0,0.0,0.5233333333333333,16.8945,6.0,8,20.014094814127308,,7000.0,0.0,0.0,0.0,45.3229336227469,optimal
2021-02-10 19:30:00,6,103,0.0,0.0,0.0,0.3865666666666666,18.123,6.0,8,20.10276412441645,,0.0,0.0,0.0,0.0,45.27761068912415,optimal
2021-02-10 20:00:00,6,103,0.0,0.0,0.0,1.0151333333333332,31.647,6.0,8,20.04973005235039,,0.0,0.0,0.0,0.0,45.23233307843503,optimal
2021-02-10 20:30:00,6,103,0.0,0.0,0.0,2.9607666666666668,34.9965,6.0,8,20.0,,0.0,0.0,0.0,0.0,45.18710074535659,optimal
2021-02-10 21:00:00,6,103,0.0,0.0,0.0,1.8689,34.9965,6.0,8,19.95912041946661,,0.0,0.0,0.0,0.0,45.14191364461123,optimal
2021-02-10 21:30:00,6,103,0.0,0.0,0.0,1.2404666666666666,34.9965,6.0,8,19.92076817358005,,0.0,0.0,0.0,0.0,45.096771730966616,optimal
2021-02-10 22:00:00,6,103,0.0,0.0,0.0,2.597033333333333,34.9965,6.0,8,19.867515083334577,,0.0,0.0,0.0,0.0,45.05167495923565,optimal
2021-02-10 22:30:00,6,103,0.0,0.0,0.0,1.2288666666666666,34.9965,6.0,8,19.811158878382223,,0.0,0.0,0.0,0.0,45.006623284276415,optimal
2021-02-10 23:00:00,6,103,0.0,0.0,0.0,0.7650666666666667,27.741,6.0,8,19.747708548873504,,0.0,0.0,0.0,0.0,44.96161666099214,optimal
2021-02-10 23:30:00,6,103,0.0,0.0,0.0,0.5886333333333333,19.026,6.0,8,19.681785407839776,,0.0,0.0,0.0,0.0,44.91665504433115,optimal
2021-02-11 00:00:00,6,103,2.0,0.0,0.0,0.064,11.2455,6.0,2,19.681785407839776,,7000.0,0.0,0.0,0.0,44.87173838928682,optimal
2021-02-11 00:30:00,6,103,2.0,0.0,0.0,0.1881333333333333,11.2455,6.0,2,19.72940066861996,,0.0,0.0,7000.0,0.0,44.82686665089753,optimal
2021-02-11 01:00:00,6,103,2.0,0.0,0.0,0.0836,11.025,6.0,2,19.63251378496905,,4734.333333333332,0.0,2265.666666666668,0.0,44.78203978424663,optimal
2021-02-11 01:30:00,6,103,2.0,0.0,0.0,0.064,12.0855,6.0,2,19.63397929273294,,7000.0,0.0,0.0,0.0,44.73725774446238,optimal
2021-02-11 02:00:00,6,103,2.0,0.0,0.0,0.064,11.6865,6.0,2,19.682718771253445,,7000.0,0.0,0.0,0.0,44.69252048671792,optimal
2021-02-11 02:30:00,6,103,2.0,0.0,0.0,0.2077333333333333,11.2245,6.0,2,19.73123713422003,,7000.0,0.0,0.0,0.0,44.6478279662312,optimal
2021-02-11 03:00:00,6,103,2.0,0.0,0.0,0.064,11.025,6.0,2,19.782107361766226,,7000.0,0.0,0.0,0.0,44.60318013826497,optimal
2021-02-11 03:30:00,6,103,2.0,0.0,0.0,0.1685333333333333,10.7835,6.0,2,19.829267493663497,,7000.0,0.0,0.0,0.0,44.5585769581267,optimal
2021-02-11 04:00:00,6,103,2.0,0.0,0.0,0.1032,11.025,6.0,2,19.87954831499804,,7000.0,0.0,0.0,0.0,44.514018381168576,optimal
2021-02-11 04:30:00,6,103,2.0,0.0,2.929389865403763,0.1097333333333333,10.584,6.0,2,19.929359905585187,,7000.0,0.0,0.0,0.0,45.86096454885418,optimal
2021-02-11 05:00:00,6,103,2.0,0.0,0.0,0.162,11.025,6.0,2,19.97908304611707,,7000.0,0.0,0.0,0.0,45.81510358430533,optimal
2021-02-11 05:30:00,6,103,2.0,0.0,5.0,0.0998,10.4265,6.0,2,20.02968084318067,,7000.0,0.0,0.0,0.0,48.144288480721016,optimal
2021-02-11 06:00:00,6,103,2.0,0.0,0.0,0.2056,12.789,6.0,2,20.08478218284392,,7000.0,0.0,0.0,0.0,48.096144192240295,optimal
2021-02-11 06:30:00,6,103,2.0,0.0,0.0,0.1112,12.684,6.0,2,20.142608223230194,,7000.0,0.0,0.0,0.0,48.048048048048045,optimal
2021-02-11 07:00:00,6,103,2.0,0.0,0.0,0.0743333333333333,16.254,6.0,2,20.20234388101881,,7000.0,0.0,0.0,0.0,48.0,optimal
2021-02-11 07:30:00,6,103,2.0,0.0,0.0,1.6492,17.64,6.0,2,20.264335543093047,,7000.0,0.0,0.0,0.0,47.912282556573736,optimal
2021-02-11 08:00:00,6,103,0.7151241129471998,0.0,0.0,1.7980666666666667,19.1625,6.0,2,20.335200140416124,,2502.9343953152,0.0,0.0,0.0,47.8246528305909,optimal
2021-02-11 08:30:00,6,103,0.0,0.0,0.0,0.2593333333333333,26.46,6.0,2,20.314452754466025,,0.0,0.0,0.0,0.0,47.737110734334046,optimal
2021-02-11 09:00:00,6,103,0.0,0.0,0.0,0.074,20.79,6.0,2,20.22479439639816,,0.0,0.0,0.0,0.0,47.64965618017345,optimal
2021-02-11 09:30:00,6,103,0.0,0.0,0.0,0.1916,29.106,6.0,2,20.12141809506518,,0.0,0.0,0.0,0.0,47.56228908056701,optimal
2021-02-11 10:00:00,6,103,2.0,0.0,0.0,0.1001333333333333,19.1835,6.0,2,20.02847183380005,,7000.0,0.0,0.0,0.0,47.47500934806018,optimal
2021-02-11 10:30:00,6,103,0.0,0.0,0.0,0.1524,19.6665,6.0,2,20.08886021321025,,0.0,0.0,0.0,0.0,47.38781689528586,optimal
2021-02-11 11:00:00,6,103,1.2412945690954424,0.0,0.0,0.1393333333333333,19.404,6.0,2,20.0,,4344.530991834049,0.0,0.0,0.0,47.30071163496431,optimal
2021-02-11 11:30:00,6,103,2.0,0.0,0.0,0.074,19.047,6.0,2,20.0,,7000.0,0.0,0.0,0.0,47.21369347990308,optimal
2021-02-11 12:00:00,6,103,2.0,0.0,0.0,0.0870666666666666,18.858,6.0,2,20.0579259243375,,7000.0,0.0,0.0,0.0,47.12676234299691,optimal
2021-02-11 12:30:00,6,103,1.4649595875496628,0.0,0.0,0.2046666666666666,19.2675,6.0,2,20.119266629304565,,5127.358556423819,0.0,0.0,0.0,47.03991813722765,optimal
2021-02-11 13:00:00,6,103,2.0,0.0,0.0,0.074,18.963,6.0,2,20.14633355666118,,7000.0,0.0,0.0,0.0,46.95316077566416,optimal
2021-02-11 13:30:00,6,103,2.0,0.0,0.0,0.074,18.438,6.0,2,20.212895812421504,,7000.0,0.0,0.0,0.0,46.86649017146223,optimal
2021-02-11 14:00:00,6,103,2.0,0.0,0.0,0.2177333333333332,18.7425,6.0,2,20.27960976462101,,7000.0,0.0,0.0,0.0,46.77990623786451,optimal
2021-02-11 14:30:00,6,103,2.0,0.0,0.0,0.074,15.2145,6.0,2,20.34950037051212,,7000.0,0.0,0.0,0.0,46.69340888820038,optimal
2021-02-11 15:00:00,6,103,2.0,0.0,0.0,0.2313333333333332,17.7765,6.0,2,20.41446042063081,,7000.0,0.0,0.0,0.0,46.60699803588592,optimal
2021-02-11 15:30:00,6,103,2.0,0.0,0.0,0.4706,16.758,6.0,2,20.48612509019909,,7000.0,0.0,0.0,0.0,46.52067359442377,optimal
2021-02-11 16:00:00,6,103,2.0,0.0,0.0,0.3697,16.422,6.0,2,20.564393539978724,,7000.0,0.0,0.0,0.0,46.434435477403085,optimal
2021-02-11 16:30:00,6,103,2.0,0.0,0.0,0.3454666666666666,16.758,6.0,2,20.631572411666635,,7000.0,0.0,0.0,0.0,46.34828359849942,optimal
2021-02-11 17:00:00,6,103,0.0,0.0,0.0,0.074,29.358,6.0,2,20.6877319194619,,0.0,0.0,0.0,0.0,46.26221787147466,optimal
2021-02-11 17:30:00,6,103,0.0,0.0,0.0,0.074,34.9965,6.0,2,20.583616421617304,,0.0,0.0,0.0,0.0,46.176238210176926,optimal
2021-02-11 18:00:00,6,103,0.0,0.0,0.0,0.6796333333333333,34.65,6.0,2,20.477931755500745,,0.0,0.0,0.0,0.0,46.09034452854048,optimal
2021-02-11 18:30:00,6,103,0.0,0.0,0.0,0.4411666666666667,34.9965,6.0,2,20.38647073992552,,0.0,0.0,0.0,0.0,46.00453674058568,optimal
2021-02-11 19:00:00,6,103,0.0,0.0,0.0,0.3777333333333333,34.9965,6.0,2,20.29636544051758,,0.0,0.0,0.0,0.0,45.91881476041883,optimal
2021-02-11 19:30:00,6,103,0.0,0.0,0.0,0.4649333333333332,30.4815,6.0,2,20.20057199414781,,0.0,0.0,0.0,0.0,45.83317850223215,optimal
2021-02-11 20:00:00,6,103,0.0,0.0,0.0,0.4304666666666666,21.4305,6.0,2,20.100768433555547,,0.0,0.0,0.0,0.0,45.74762788030365,optimal
2021-02-11 20:30:00,6,103,0.0398095238095238,0.0,0.0,0.5288666666666667,14.3325,6.0,2,20.0,,0.0,0.0,139.33333333333331,0.0,45.66216280899709,optimal
2021-02-11 21:00:00,6,103,0.5573333333333332,0.0,0.0,1.5719666666666667,13.692,6.0,2,19.90393567263115,,0.0,0.0,1950.6666666666663,0.0,45.57678320276183,optimal
2021-02-11 21:30:00,6,103,0.0,0.0,0.0,0.5923333333333334,14.007,6.0,2,19.821978518323697,,0.0,0.0,0.0,0.0,45.49148897613281,optimal
2021-02-11 22:00:00,6,103,0.0199047619047619,0.0,0.0,0.3184666666666666,12.873,6.0,2,19.73603553942715,,0.0,0.0,69.66666666666666,0.0,45.40628004373041,optimal
2021-02-11 22:30:00,6,103,0.0,0.0,0.0,0.3337,12.684,6.0,2,19.64248814991021,,0.0,0.0,0.0,0.0,45.36087376368668,optimal
2021-02-11 23:00:00,6,103,0.0,0.0,0.0,0.1197333333333333,12.306,6.0,2,19.548240871498653,,0.0,0.0,0.0,0.0,45.315512889923,optimal
2021-02-11 23:30:00,6,103,0.0,0.0,0.0,0.0716666666666666,10.6365,6.0,2,19.43691545200908,,0.0,0.0,0.0,0.0,45.27019737703308,optimal
2021-02-12 00:00:00,6,103,2.0,0.0,2.3652383798034893,0.0666333333333333,11.067,6.0,-10,19.43691545200908,,7000.0,0.0,0.0,0.0,46.3484154100627,optimal
2021-02-12 00:30:00,6,103,2.0,0.0,5.0,0.3009,10.8465,6.0,-10,19.467895794266266,,0.0,0.0,7000.0,0.0,48.67706699465263,optimal
2021-02-12 01:00:00,6,103,2.0,0.0,0.0,0.4948999999999999,13.671,6.0,-10,19.359343296424885,,4518.817300081863,0.0,2481.1826999181367,0.0,48.62838992765797,optimal
2021-02-12 01:30:00,6,103,2.0,0.0,0.0,0.4309666666666666,12.348,6.0,-10,19.360434205580628,,7000.0,0.0,0.0,0.0,48.57976153773031,optimal
2021-02-12 02:00:00,6,103,2.0,0.0,0.0,0.063,14.3325,6.0,-10,19.412033444545443,,7000.0,0.0,0.0,0.0,48.53118177619257,optimal
2021-02-12 02:30:00,6,103,2.0,0.0,0.0,0.2055,15.393,6.0,-10,19.447224545281728,,7000.0,0.0,0.0,0.0,48.48265059441637,optimal
2021-02-12 03:00:00,6,103,2.0,0.0,0.0,0.0733,13.587,6.0,-10,19.486616683109627,,7000.0,0.0,0.0,0.0,48.434167943821954,optimal
2021-02-12 03:30:00,6,103,2.0,0.0,0.0,0.0904666666666666,16.1385,6.0,-10,19.52440825223117,,7000.0,0.0,0.0,0.0,48.38573377587813,optimal
2021-02-12 04:00:00,6,103,2.0,0.0,0.0,0.1883333333333333,14.595,6.0,-10,19.56556541628564,,7000.0,0.0,0.0,0.0,48.33734804210225,optimal
2021-02-12 04:30:00,6,103,2.0,0.0,0.0,0.063,14.637,6.0,-10,19.611771674546603,,7000.0,0.0,0.0,0.0,48.28901069406015,optimal
2021-02-12 05:00:00,6,103,2.0,0.0,0.0,0.1179333333333333,13.9125,6.0,-10,19.65830566985216,,7000.0,0.0,0.0,0.0,48.24072168336608,optimal
2021-02-12 05:30:00,6,103,2.0,0.0,0.0,0.1608666666666666,13.3665,6.0,-10,19.708960602211068,,7000.0,0.0,0.0,0.0,48.19248096168271,optimal
2021-02-12 06:00:00,6,103,2.0,0.0,0.0,0.1261333333333333,13.0095,6.0,-10,19.76391883962544,,7000.0,0.0,0.0,0.0,48.144288480721016,optimal
2021-02-12 06:30:00,6,103,2.0,0.0,0.0,0.073,13.8915,6.0,-10,19.8214978771483,,7000.0,0.0,0.0,0.0,48.096144192240295,optimal
2021-02-12 07:00:00,6,103,2.0,0.0,0.0,0.161,13.188,6.0,-10,19.8779684499194,,7000.0,0.0,0.0,0.0,48.048048048048045,optimal
2021-02-12 07:30:00,6,103,2.0,0.0,0.0,0.3681999999999999,12.5685,6.0,-10,19.936552089004987,,7000.0,0.0,0.0,0.0,48.0,optimal
2021-02-12 08:00:00,6,103,2.0,0.0,0.0,0.3858999999999999,12.285,6.0,-10,20.0,,4048.143515837509,0.0,2951.856484162491,0.0,47.90061627881912,optimal
2021-02-12 08:30:00,6,103,2.0,0.0,0.0,0.2943,11.487,6.0,-10,20.0,,4244.6465553777225,0.0,2755.353444622277,0.0,47.801331941359415,optimal
2021-02-12 09:00:00,6,103,2.0,0.0,0.0,0.4894,11.802,6.0,-10,20.0,,6583.059295369573,0.0,416.94070463042704,0.0,47.70214688823717,optimal
2021-02-12 09:30:00,6,103,2.0,0.0,0.0,0.8368666666666666,11.2245,6.0,-10,20.054451997255264,,7000.0,0.0,0.0,0.0,47.603061020168056,optimal
2021-02-12 10:00:00,6,103,2.0,0.0,0.0,1.2689,11.025,6.0,-10,20.13198518231322,,7000.0,0.0,0.0,0.0,47.50407423796701,optimal
2021-02-12 10:30:00,6,103,2.0,0.0,0.0,1.3686333333333334,11.907,6.0,-10,20.227837638238675,,7000.0,0.0,0.0,0.0,47.40518644254815,optimal
2021-02-12 11:00:00,6,103,1.496601260275751,0.0,0.0,0.4190666666666666,25.83,6.0,-10,20.30978963457144,,5238.104410965128,0.0,0.0,0.0,47.30639753492472,optimal
2021-02-12 11:30:00,6,103,0.0,0.0,0.0,0.2780333333333333,28.035,6.0,-10,20.349315348097893,,0.0,0.0,0.0,0.0,47.20770741620891,optimal
2021-02-12 12:00:00,6,103,0.0,0.0,0.0,0.4839,28.119,6.0,-10,20.27723782594612,,0.0,0.0,0.0,0.0,47.10911598761182,optimal
2021-02-12 12:30:00,6,103,0.0,0.0,0.0,0.379,30.156,6.0,-10,20.207623403451976,,0.0,0.0,0.0,0.0,47.01062315044333,optimal
2021-02-12 13:00:00,6,103,0.0,0.0,0.0,0.4144,29.1585,6.0,-10,20.136062773767744,,0.0,0.0,0.0,0.0,46.912228806112005,optimal
2021-02-12 13:30:00,6,103,0.0,0.0,0.0,0.6039333333333333,26.712,6.0,-10,20.06537008385671,,0.0,0.0,0.0,0.0,46.81393285612501,optimal
2021-02-12 14:00:00,6,103,1.0451058007541545,0.0,0.0,0.4020333333333333,15.435,6.0,-10,20.0,,3379.203635972873,0.0,278.66666666666663,0.0,46.715735202088,optimal
2021-02-12 14:30:00,6,103,1.017349092117015,0.0,0.0,0.4729333333333332,13.566,6.0,-10,20.0,,3282.055155742886,0.0,278.66666666666663,0.0,46.61763574570503,optimal
2021-02-12 15:00:00,6,103,1.0460114422516924,0.0,0.0,0.1998333333333332,12.789,6.0,-10,20.0,,3591.3733812142573,0.0,69.66666666666666,0.0,46.51963438877844,optimal
2021-02-12 15:30:00,6,103,1.5578415326368722,0.0,0.0,1.7064333333333337,12.1275,6.0,-10,20.0,,5243.445364229053,0.0,209.0,0.0,46.42173103320878,optimal
2021-02-12 16:00:00,6,103,0.0,0.0,0.0,2.714833333333333,13.671,6.0,-10,20.047142838136967,,0.0,0.0,0.0,0.0,46.32392558099469,optimal
2021-02-12 16:30:00,6,103,2.0,0.0,0.0,0.2116666666666666,10.668,6.0,-10,20.0,,6721.333333333333,0.0,278.66666666666663,0.0,46.226217934232814,optimal
2021-02-12 17:00:00,6,103,0.1127819790853496,0.0,0.0,0.1935,11.7285,6.0,-10,20.06667935742586,,394.7369267987238,0.0,0.0,0.0,46.1286079951177,optimal
2021-02-12 17:30:00,6,103,0.5985063144044094,0.0,0.0,2.4349666666666665,11.025,6.0,-10,20.0,,2025.105433748766,0.0,69.66666666666666,0.0,46.0310956659417,optimal
2021-02-12 18:00:00,6,103,1.6343123772310386,0.0,0.0,1.0600999999999998,10.689,6.0,-10,20.0,,3029.7536602211426,0.0,2690.339660087492,0.0,45.93368084909488,optimal
2021-02-12 18:30:00,6,103,2.0,0.0,0.0,0.8581333333333333,8.1585,6.0,-10,20.0,,6625.006326754159,0.0,374.9936732458409,0.0,45.8363634470649,optimal
2021-02-12 19:00:00,6,103,2.0,0.0,0.0,1.4803333333333333,10.3635,6.0,-10,20.064216168611047,,7000.0,0.0,0.0,0.0,45.73914336243695,optimal
2021-02-12 19:30:00,6,103,0.0,0.0,0.0,0.5058666666666667,10.8045,6.0,-10,20.146194776999547,,0.0,0.0,0.0,0.0,45.642020497893625,optimal
2021-02-12 20:00:00,6,103,0.0,0.0,0.0,0.3886333333333333,11.025,6.0,-10,20.07334386464786,,0.0,0.0,0.0,0.0,45.54499475621485,optimal
2021-02-12 20:30:00,6,103,0.2388571428571428,0.0,0.0,2.014466666666667,10.3635,6.0,-10,20.0,,0.0,0.0,836.0,0.0,45.44806604027775,optimal
2021-02-12 21:00:00,6,103,0.0,0.0,0.0,0.6088,10.8045,6.0,-10,19.939327065659075,,0.0,0.0,0.0,0.0,45.35123425305659,optimal
2021-02-12 21:30:00,6,103,1.4928571428571429,0.0,0.0,0.3948666666666667,10.059,6.0,-10,19.87184633105248,,0.0,0.0,5225.0,0.0,45.25449929762265,optimal
2021-02-12 22:00:00,6,103,0.0,0.0,0.0,0.2874,10.584,6.0,-10,19.805984770316947,,0.0,0.0,0.0,0.0,45.20924479832503,optimal
2021-02-12 22:30:00,6,103,0.0,0.0,0.0,0.2938333333333333,9.4185,6.0,-10,19.736536990405835,,0.0,0.0,0.0,0.0,45.16403555352671,optimal
2021-02-12 23:00:00,6,103,0.0,0.0,0.0,0.1073333333333333,10.3635,6.0,-10,19.66408041365029,,0.0,0.0,0.0,0.0,45.11887151797318,optimal
2021-02-12 23:30:00,6,103,0.0,0.0,0.0,0.164,9.8385,6.0,-10,19.58053270316369,,0.0,0.0,0.0,0.0,45.07375264645521,optimal
2021-02-13 00:00:00,6,103,0.0,0.0,0.0,0.1531999999999999,14.595,6.0,10,19.58053270316369,,0.0,0.0,0.0,0.0,45.02867889380876,optimal
2021-02-13 00:30:00,6,103,0.0,0.0,0.0,0.1326,12.4845,6.0,10,19.498556878580843,,0.0,0.0,0.0,0.0,44.98365021491495,optimal
2021-02-13 01:00:00,6,103,1.6122857142857143,0.0,0.0,0.0984,12.1275,6.0,10,19.416746148050613,,0.0,0.0,5643.0,0.0,44.93866656470004,optimal
2021-02-13 01:30:00,6,103,0.6854409645557938,0.0,0.0,0.2076,12.1275,6.0,10,19.334813477047447,,2399.0433759452785,0.0,0.0,0.0,44.89372789813534,optimal
2021-02-13 02:00:00,6,103,0.0,0.0,0.0,0.1186,12.789,6.0,10,19.3062788886726,,0.0,0.0,0.0,0.0,44.8488341702372,optimal
2021-02-13 02:30:00,6,103,2.0,0.0,0.0,0.058,11.907,6.0,10,19.225726259102924,,7000.0,0.0,0.0,0.0,44.803985336066965,optimal
2021-02-13 03:00:00,6,103,2.0,0.0,0.0,0.1934,11.025,6.0,10,19.291616271215062,,7000.0,0.0,0.0,0.0,44.7591813507309,optimal
2021-02-13 03:30:00,6,103,2.0,0.0,2.312214016401383,0.1328,8.2005,6.0,10,19.36005758645992,,7000.0,0.0,0.0,0.0,45.812723827170814,optimal
2021-02-13 04:00:00,6,103,2.0,0.0,0.0,0.058,9.5655,6.0,10,19.42668591631374,,7000.0,0.0,0.0,0.0,45.76691110334364,optimal
2021-02-13 04:30:00,6,103,2.0,0.0,5.0,0.092,7.056,6.0,10,19.4912105699253,,7000.0,0.0,0.0,0.0,48.096144192240295,optimal
2021-02-13 05:00:00,6,103,2.0,0.0,0.0,0.1736,9.3975,6.0,10,19.555704541236043,,7000.0,0.0,0.0,0.0,48.048048048048045,optimal
2021-02-13 05:30:00,6,103,2.0,0.0,0.0,0.8592666666666666,10.059,6.0,10,19.621169968853565,,7000.0,0.0,0.0,0.0,48.0,optimal
2021-02-13 06:00:00,6,103,2.0,0.0,0.0,0.6366,9.261,6.0,10,19.6914701071836,,7000.0,0.0,0.0,0.0,47.87182539656431,optimal
2021-02-13 06:30:00,6,103,2.0,0.0,0.0,1.4196,8.1585,6.0,10,19.76323179775396,,7000.0,0.0,0.0,0.0,47.74377896773206,optimal
2021-02-13 07:00:00,6,103,2.0,0.0,0.0,1.4205666666666663,9.4815,6.0,10,19.8397878977405,,7000.0,0.0,0.0,0.0,47.61586058532864,optimal
2021-02-13 07:30:00,6,103,2.0,0.0,0.0,2.3152,8.379,6.0,10,19.90920479199336,,7000.0,0.0,0.0,0.0,47.48807012130762,optimal
2021-02-13 08:00:00,6,103,2.0,0.0,0.0,2.1306666666666665,9.5235,6.0,10,20.0,,3622.0221882524297,0.0,3377.9778117475703,0.0,47.360407447750624,optimal
2021-02-13 08:30:00,6,103,2.0,0.0,0.0,1.046433333333333,8.1375,6.0,10,20.0,,5152.977811747571,0.0,1847.0221882524293,0.0,47.23287243686719,optimal
2021-02-13 09:00:00,6,103,2.0,0.0,0.0,1.5665,10.0905,6.0,10,20.03617494443713,,7000.0,0.0,0.0,0.0,47.10546496099464,optimal
2021-02-13 09:30:00,6,103,2.0,0.0,0.0,0.2926,7.539,6.0,10,20.11072088977924,,7000.0,0.0,0.0,0.0,46.97818489259796,optimal
2021-02-13 10:00:00,6,103,2.0,0.0,0.0,0.2774,7.938,6.0,10,20.18313877253264,,7000.0,0.0,0.0,0.0,46.85103210426968,optimal
2021-02-13 10:30:00,6,103,2.0,0.0,0.0,0.4117333333333333,8.274,6.0,10,20.254400392953595,,7000.0,0.0,0.0,0.0,46.72400646872972,optimal
2021-02-13 11:00:00,6,103,2.0,0.0,0.0,0.3793,9.261,6.0,10,20.32677946299722,,7000.0,0.0,0.0,0.0,46.5971078588253,optimal
2021-02-13 11:30:00,6,103,2.0,0.0,0.0,0.068,9.9225,6.0,10,20.39057158918617,,7000.0,0.0,0.0,0.0,46.4703361475308,optimal
2021-02-13 12:00:00,6,103,2.0,0.0,0.0,1.9995333333333327,9.702,6.0,10,20.44433097005464,,7000.0,0.0,0.0,0.0,46.34369120794758,optimal
2021-02-13 12:30:00,6,103,2.0,0.0,0.0,0.9382666666666668,10.584,6.0,10,20.511596359380505,,7000.0,0.0,0.0,0.0,46.21717291330395,optimal
2021-02-13 13:00:00,6,103,2.0,0.0,0.0,0.068,10.143,6.0,10,20.58093089446013,,7000.0,0.0,0.0,0.0,46.09078113695496,optimal
2021-02-13 13:30:00,6,103,0.0,0.0,0.0,0.2376666666666666,13.0095,6.0,10,20.63496084759102,,0.0,0.0,0.0,0.0,45.96451575238232,optimal
2021-02-13 14:00:00,6,103,2.0,0.0,0.0,0.1085333333333333,11.025,6.0,10,20.54541805010194,,7000.0,0.0,0.0,0.0,45.83837663319425,optimal
2021-02-13 14:30:00,6,103,0.0,0.0,0.0,0.1084,12.789,6.0,10,20.60136969179312,,0.0,0.0,0.0,0.0,45.71236365312537,optimal
2021-02-13 15:00:00,6,103,0.0,0.0,0.0,0.1901999999999999,12.1275,6.0,10,20.510165505526857,,0.0,0.0,0.0,0.0,45.58647668603656,optimal
2021-02-13 15:30:00,6,103,0.8083459947986096,0.0,0.0,0.156,12.1695,6.0,10,20.42155067392996,,2829.2109817951336,0.0,0.0,0.0,45.46071560591484,optimal
2021-02-13 16:00:00,6,103,0.0,0.0,0.0,0.1018,12.306,6.0,10,20.391720312433986,,0.0,0.0,0.0,0.0,45.33508028687324,optimal
2021-02-13 16:30:00,6,103,0.0,0.0,0.0,0.5797,13.23,6.0,10,20.30087463489568,,0.0,0.0,0.0,0.0,45.209570603150674,optimal
2021-02-13 17:00:00,6,103,0.0,0.0,0.0,0.4240333333333334,13.671,6.0,10,20.222718394894883,,0.0,0.0,0.0,0.0,45.08418642911184,optimal
2021-02-13 17:30:00,6,103,0.0,0.0,0.0,0.3044,13.9335,6.0,10,20.14787781422969,,0.0,0.0,0.0,0.0,44.95892763924704,optimal
2021-02-13 18:00:00,6,103,0.0,0.0,0.0,0.4901,13.293,6.0,10,20.0722571986925,,0.0,0.0,0.0,0.0,44.8337941081721,optimal
2021-02-13 18:30:00,6,103,1.1767284057446143,0.0,0.0,0.12,12.1065,6.0,10,20.0,,4118.54942010615,0.0,0.0,0.0,44.70878571062824,optimal
2021-02-13 19:00:00,6,103,1.160092908568892,0.0,0.0,0.2456666666666666,11.571,6.0,10,20.0,,4060.325179991122,0.0,0.0,0.0,44.58390232148193,optimal
2021-02-13 19:30:00,6,103,1.219888580884158,0.0,0.0,0.1495999999999999,11.025,6.0,10,20.0,,4269.610033094553,0.0,0.0,0.0,44.45914381572476,optimal
2021-02-13 20:00:00,6,103,1.2493604436756052,0.0,0.0,0.068,10.8465,6.0,10,20.0,,4372.761552864618,0.0,0.0,0.0,44.33451006847335,optimal
2021-02-13 20:30:00,6,103,0.0,0.0,0.0,0.2176,11.2455,6.0,10,20.0,,0.0,0.0,0.0,0.0,44.21000095496919,optimal
2021-02-13 21:00:00,6,103,0.0,0.0,0.0,0.1286,23.8665,6.0,10,19.911100727067133,,0.0,0.0,0.0,0.0,44.08561635057853,optimal
2021-02-13 21:30:00,6,103,0.0,0.0,0.0,0.068,27.4575,6.0,10,19.82073127564174,,0.0,0.0,0.0,0.0,43.96135613079227,optimal
2021-02-13 22:00:00,6,103,0.0,0.0,0.0,0.068,27.3735,6.0,10,19.729269312899053,,0.0,0.0,0.0,0.0,43.83722017122579,optimal
2021-02-13 22:30:00,6,103,0.0,0.0,0.0,0.1966,30.4605,6.0,10,19.637995449929623,,0.0,0.0,0.0,0.0,43.71320834761888,optimal
2021-02-13 23:00:00,6,103,0.0,0.0,0.0,1.188766666666667,30.0195,6.0,10,19.55006958410881,,0.0,0.0,0.0,0.0,43.58932053583557,optimal
2021-02-13 23:30:00,6,103,0.0,0.0,0.0,2.843,26.9325,6.0,10,19.471248267784773,,0.0,0.0,0.0,0.0,43.54573121529973,optimal
2021-02-07 00:00:00,7,103,0.0,0.0,0.0,1.0875666666666666,9.261,6.0,0,21.0,,0.0,0.0,0.0,0.0,47.952,optimal
2021-02-07 00:30:00,7,103,0.0,0.0,0.0,0.3291,10.3635,6.0,0,20.93035634725384,,0.0,0.0,0.0,0.0,47.904048,optimal
2021-02-07 01:00:00,7,103,0.9925532040401064,0.0,0.0,0.4558999999999999,8.274,6.0,0,20.861843124123663,,0.0,0.0,3473.936214140372,0.0,47.856143952,optimal
2021-02-07 01:30:00,7,103,2.0,0.0,0.0,0.211,7.7175,6.0,0,20.797736750282287,,3855.60288080704,0.0,3144.3971191929604,0.0,47.80828780804799,optimal
2021-02-07 02:00:00,7,103,2.0,0.0,0.0,0.3041333333333333,6.615,6.0,0,20.80937836778439,,7000.0,0.0,0.0,0.0,47.76047952023995,optimal
2021-02-07 02:30:00,7,103,2.0,0.0,0.0,0.2797333333333333,6.174,6.0,0,20.889396882929088,,7000.0,0.0,0.0,0.0,47.712719040719705,optimal
2021-02-07 03:00:00,7,103,2.0,0.0,0.0,0.167,3.906,6.0,0,20.968562223798777,,7000.0,0.0,0.0,0.0,47.66500632167899,optimal
2021-02-07 03:30:00,7,103,2.0,0.0,0.0,0.2540666666666666,2.3415,6.0,0,21.044401329655617,,7000.0,0.0,0.0,0.0,47.61734131535731,optimal
2021-02-07 04:00:00,7,103,2.0,0.0,0.0,0.1488,2.205,6.0,0,21.12126376095669,,7000.0,0.0,0.0,0.0,47.56972397404195,optimal
2021-02-07 04:30:00,7,103,2.0,0.0,1.8180621596004705,0.1286,0.882,6.0,0,21.194605003914823,,7000.0,0.0,0.0,0.0,48.38573377587813,optimal
2021-02-07 05:00:00,7,103,2.0,0.0,0.0,0.1481333333333333,1.5435,6.0,0,21.26671817690528,,7000.0,0.0,0.0,0.0,48.33734804210225,optimal
2021-02-07 05:30:00,7,103,2.0,0.0,0.0,0.059,1.5435,6.0,0,21.33658580147243,,7000.0,0.0,0.0,0.0,48.28901069406015,optimal
2021-02-07 06:00:00,7,103,2.0,0.0,0.0,0.2030666666666666,5.0715,6.0,0,21.4042601657728,,7000.0,0.0,0.0,0.0,48.24072168336608,optimal
2021-02-07 06:30:00,7,103,2.0,0.0,0.0,0.1308,5.376,6.0,0,21.47457597340244,,7000.0,0.0,0.0,0.0,48.19248096168271,optimal
2021-02-07 07:00:00,7,103,2.0,0.0,0.0,0.1326666666666666,5.0715,6.0,0,21.542698401125723,,7000.0,0.0,0.0,0.0,48.144288480721016,optimal
2021-02-07 07:30:00,7,103,2.0,0.0,0.0,0.1625666666666666,5.5125,6.0,0,21.61032423895736,,7000.0,0.0,0.0,0.0,48.096144192240295,optimal
2021-02-07 08:00:00,7,103,0.0,0.0,0.0,0.4899666666666666,9.261,6.0,0,21.67759218458701,,0.0,0.0,0.0,0.0,48.048048048048045,optimal
2021-02-07 08:30:00,7,103,0.0,0.0,0.0,1.2809666666666666,11.7075,6.0,0,21.603026877491995,,0.0,0.0,0.0,0.0,48.0,optimal
2021-02-07 09:00:00,7,103,0.0,0.0,0.0,2.3581,12.348,6.0,0,21.54040895803416,,0.0,0.0,0.0,0.0,47.81288822482516,optimal
2021-02-07 09:30:00,7,103,0.0,0.0,0.0,2.760466666666667,12.348,6.0,0,21.47173356026716,,0.0,0.0,0.0,0.0,47.62596356142549,optimal
2021-02-07 10:00:00,7,103,0.0,0.0,0.0,0.3857333333333334,12.1275,6.0,0,21.42226637232633,,0.0,0.0,0.0,0.0,47.43922582268923,optimal
2021-02-07 10:30:00,7,103,0.0,0.0,0.0,1.5427,12.5265,6.0,0,21.349670821959183,,0.0,0.0,0.0,0.0,47.2526748216917,optimal
2021-02-07 11:00:00,7,103,0.0,0.0,0.0,0.3141333333333333,11.7495,6.0,0,21.275683852082643,,0.0,0.0,0.0,0.0,47.06631037169517,optimal
2021-02-07 11:30:00,7,103,0.0,0.0,0.0,0.3853999999999999,13.23,6.0,0,21.19819494719088,,0.0,0.0,0.0,0.0,46.88013228614863,optimal
2021-02-07 12:00:00,7,103,0.0,0.0,0.0,0.404,14.3325,6.0,0,21.12191223143825,,0.0,0.0,0.0,0.0,46.69414037868764,optimal
2021-02-07 12:30:00,7,103,0.0,0.0,0.0,0.3544333333333333,14.994,6.0,0,21.04490089342089,,0.0,0.0,0.0,0.0,46.50833446313411,optimal
2021-02-07 13:00:00,7,103,0.0,0.0,0.0,0.2008,14.8155,6.0,0,20.967290400040287,,0.0,0.0,0.0,0.0,46.32271435349614,optimal
2021-02-07 13:30:00,7,103,0.0,0.0,0.0,1.6039333333333334,14.112,6.0,0,20.89032207479556,,0.0,0.0,0.0,0.0,46.137279863967805,optimal
2021-02-07 14:00:00,7,103,0.0,0.0,0.0,1.9270333333333327,14.007,6.0,0,20.82486446907284,,0.0,0.0,0.0,0.0,45.952030808929,optimal
2021-02-07 14:30:00,7,103,0.0,0.0,0.0,0.2585,13.23,6.0,0,20.768262830577232,,0.0,0.0,0.0,0.0,45.76696700294523,optimal
2021-02-07 15:00:00,7,103,0.0,0.0,0.0,0.2414666666666666,11.382,6.0,0,20.69738482528976,,0.0,0.0,0.0,0.0,45.58208826076744,optimal
2021-02-07 15:30:00,7,103,0.0,0.0,0.0,0.6756333333333333,11.7495,6.0,0,20.62342934324586,,0.0,0.0,0.0,0.0,45.39739439733184,optimal
2021-02-07 16:00:00,7,103,0.0,0.0,0.0,0.2247666666666666,24.3285,6.0,0,20.56041567900452,,0.0,0.0,0.0,0.0,45.212885227759664,optimal
2021-02-07 16:30:00,7,103,0.0,0.0,0.0,1.8931666666666669,28.917,6.0,0,20.49228367234149,,0.0,0.0,0.0,0.0,45.02856056735706,optimal
2021-02-07 17:00:00,7,103,0.0,0.0,0.0,0.3372333333333333,31.3635,6.0,0,20.44108052803487,,0.0,0.0,0.0,0.0,44.84442023161486,optimal
2021-02-07 17:30:00,7,103,0.0,0.0,0.0,0.2270666666666666,33.306,6.0,0,20.371708020405027,,0.0,0.0,0.0,0.0,44.66046403620841,optimal
2021-02-07 18:00:00,7,103,0.0,0.0,0.0,0.3559,31.3425,6.0,0,20.30246888148188,,0.0,0.0,0.0,0.0,44.476691796997365,optimal
2021-02-07 18:30:00,7,103,0.0,0.0,0.0,0.3410666666666667,28.2555,6.0,0,20.23901804875387,,0.0,0.0,0.0,0.0,44.29310333002553,optimal
2021-02-07 19:00:00,7,103,0.0,0.0,0.0,0.2387,15.6975,6.0,0,20.17538373460841,,0.0,0.0,0.0,0.0,44.10969845152066,optimal
2021-02-07 19:30:00,7,103,0.0,0.0,0.0,1.8376,12.5475,6.0,0,20.10945962562077,,0.0,0.0,0.0,0.0,43.9264769778943,optimal
2021-02-07 20:00:00,7,103,0.0,0.0,0.0,0.6957000000000001,12.0855,6.0,0,20.0644735359093,,0.0,0.0,0.0,0.0,43.74343872574157,optimal
2021-02-07 20:30:00,7,103,0.0,0.0,0.0,0.3981666666666666,11.907,6.0,0,20.0,,0.0,0.0,0.0,0.0,43.56058351184099,optimal
2021-02-07 21:00:00,7,103,0.0,0.0,0.0,0.6501,12.5685,6.0,0,19.929668209422548,,0.0,0.0,0.0,0.0,43.51702292832915,optimal
2021-02-07 21:30:00,7,103,0.0,0.0,0.0,0.2695,13.146,6.0,0,19.8677819698128,,0.0,0.0,0.0,0.0,43.47350590540082,optimal
2021-02-07 22:00:00,7,103,0.0,0.0,0.0,0.2938,10.584,6.0,0,19.79925932443572,,0.0,0.0,0.0,0.0,43.43003239949542,optimal
2021-02-07 22:30:00,7,103,0.0398095238095238,0.0,0.0,0.3248666666666667,6.678,6.0,0,19.7310187756747,,0.0,0.0,139.33333333333331,0.0,43.38660236709592,optimal
2021-02-07 23:00:00,7,103,0.0,0.0,0.0,0.288,7.938,6.0,0,19.66273135906532,,0.0,0.0,0.0,0.0,43.343215764728825,optimal
2021-02-07 23:30:00,7,103,0.0,0.0,0.0,0.1564333333333333,5.292,6.0,0,19.59345843904384,,0.0,0.0,0.0,0.0,43.299872548964096,optimal
2021-02-08 00:00:00,7,103,2.0,0.0,0.0,0.062,11.025,6.0,1,19.59345843904384,,7000.0,0.0,0.0,0.0,43.25657267641513,optimal
2021-02-08 00:30:00,7,103,2.0,0.0,0.0,0.062,5.9745,6.0,1,19.665031481175493,,0.0,0.0,7000.0,0.0,43.21331610373872,optimal
2021-02-08 01:00:00,7,103,2.0,0.0,0.0,0.062,7.938,6.0,1,19.588926964451964,,0.0,0.0,7000.0,0.0,43.17010278763498,optimal
2021-02-08 01:30:00,7,103,2.0,0.0,0.0,0.0659666666666666,8.6835,6.0,1,19.513167709780515,,5673.333333333333,0.0,1326.6666666666667,0.0,43.12693268484735,optimal
2021-02-08 02:00:00,7,103,2.0,0.0,0.0,0.1294333333333333,7.665,6.0,1,19.55703479693312,,7000.0,0.0,0.0,0.0,43.0838057521625,optimal
2021-02-08 02:30:00,7,103,2.0,0.0,0.0,0.062,6.7725,6.0,1,19.629738912462017,,7000.0,0.0,0.0,0.0,43.040721946410336,optimal
2021-02-08 03:00:00,7,103,2.0,0.0,0.0,0.071,5.5755,6.0,1,19.700920527453874,,7000.0,0.0,0.0,0.0,42.997681224463925,optimal
2021-02-08 03:30:00,7,103,2.0,0.0,5.0,0.0944,5.0925,6.0,1,19.772006048177307,,7000.0,0.0,0.0,0.0,45.32968354323946,optimal
2021-02-08 04:00:00,7,103,2.0,0.0,5.0,0.1016666666666666,4.1895,6.0,1,19.84321024190928,,7000.0,0.0,0.0,0.0,47.65935385969623,optimal
2021-02-08 04:30:00,7,103,2.0,0.0,0.0,0.062,7.056,6.0,1,19.91403157056212,,7000.0,0.0,0.0,0.0,47.61169450583653,optimal
2021-02-08 05:00:00,7,103,2.0,0.0,1.4245028884955584,0.0818333333333333,5.271,6.0,1,19.98324293752149,,7000.0,0.0,0.0,0.0,48.24072168336608,optimal
2021-02-08 05:30:00,7,103,2.0,0.0,0.0,0.1135666666666666,7.938,6.0,1,20.05210414593758,,7000.0,0.0,0.0,0.0,48.19248096168271,optimal
2021-02-08 06:00:00,7,103,2.0,0.0,0.0,0.0613333333333333,7.938,6.0,1,20.1210941183616,,7000.0,0.0,0.0,0.0,48.144288480721016,optimal
2021-02-08 06:30:00,7,103,2.0,0.0,0.0,0.7037333333333333,11.907,6.0,1,20.18968671211709,,7000.0,0.0,0.0,0.0,48.096144192240295,optimal
2021-02-08 07:00:00,7,103,2.0,0.0,0.0,1.2788333333333333,11.025,6.0,1,20.2753267995762,,7000.0,0.0,0.0,0.0,48.048048048048045,optimal
2021-02-08 07:30:00,7,103,2.0,0.0,0.0,0.4346666666666667,11.2875,6.0,1,20.37987438086616,,7000.0,0.0,0.0,0.0,48.0,optimal
2021-02-08 08:00:00,7,103,1.5046955573927276,0.0,0.0,0.2386666666666666,12.936,6.0,1,20.465722602692733,,5266.434450874546,0.0,0.0,0.0,47.783897847170685,optimal
2021-02-08 08:30:00,7,103,0.0,0.0,0.0,0.442,13.0095,6.0,1,20.507641802912808,,0.0,0.0,0.0,0.0,47.56801179649421,optimal
2021-02-08 09:00:00,7,103,0.0,0.0,0.0,0.3459,13.671,6.0,1,20.44233330903227,,0.0,0.0,0.0,0.0,47.3523416318684,optimal
2021-02-08 09:30:00,7,103,0.0,0.0,0.0,0.5649,13.188,6.0,1,20.373527153134848,,0.0,0.0,0.0,0.0,47.136887137407214,optimal
2021-02-08 10:00:00,7,103,0.0,0.0,0.0,1.5507666666666668,13.8495,6.0,1,20.304577350348023,,0.0,0.0,0.0,0.0,46.921648097440496,optimal
2021-02-08 10:30:00,7,103,2.0,0.0,0.0,0.2858666666666666,13.23,6.0,1,20.23997909675605,,7000.0,0.0,0.0,0.0,46.70662429651375,optimal
2021-02-08 11:00:00,7,103,0.0,0.0,0.0,0.3031333333333333,13.3665,6.0,1,20.310327737361227,,0.0,0.0,0.0,0.0,46.49181551938792,optimal
2021-02-08 11:30:00,7,103,2.0,0.0,0.0,0.5133666666666666,13.0515,6.0,1,20.229667873250552,,7000.0,0.0,0.0,0.0,46.27722155103922,optimal
2021-02-08 12:00:00,7,103,0.0,0.0,0.0,0.2920333333333333,13.5345,6.0,1,20.30014309469921,,0.0,0.0,0.0,0.0,46.06284217665887,optimal
2021-02-08 12:30:00,7,103,0.0,0.0,0.0,0.3395333333333333,14.154,6.0,1,20.21974982727804,,0.0,0.0,0.0,0.0,45.848677181652896,optimal
2021-02-08 13:00:00,7,103,0.0,0.0,0.0,1.3226666666666669,14.112,6.0,1,20.14542263504512,,0.0,0.0,0.0,0.0,45.63472635164193,optimal
2021-02-08 13:30:00,7,103,0.0,0.0,0.0,0.4557,14.2485,6.0,1,20.074928616872644,,0.0,0.0,0.0,0.0,45.420989472460974,optimal
2021-02-08 14:00:00,7,103,2.0,0.0,0.0,0.5939333333333333,12.789,6.0,1,20.00643306937849,,7000.0,0.0,0.0,0.0,45.2074663301592,optimal
2021-02-08 14:30:00,7,103,2.0,0.0,0.0,0.4223666666666666,13.0095,6.0,1,20.091055662660008,,7000.0,0.0,0.0,0.0,44.994156710999725,optimal
2021-02-08 15:00:00,7,103,2.0,0.0,0.0,0.4484333333333333,12.1275,6.0,1,20.17179519805224,,7000.0,0.0,0.0,0.0,44.78106040145941,optimal
2021-02-08 15:30:00,7,103,2.0,0.0,0.0,0.3521333333333333,12.348,6.0,1,20.2553661268342,,7000.0,0.0,0.0,0.0,44.56817718822864,optimal
2021-02-08 16:00:00,7,103,2.0,0.0,0.0,0.2924333333333333,12.348,6.0,1,20.34279205092761,,7000.0,0.0,0.0,0.0,44.35550685821109,optimal
2021-02-08 16:30:00,7,103,0.0,0.0,0.0,0.9632333333333332,25.389,6.0,1,20.42539885048986,,0.0,0.0,0.0,0.0,44.14304919852357,optimal
2021-02-08 17:00:00,7,103,0.0,0.0,0.0,1.2058666666666666,29.1375,6.0,1,20.37438474192512,,0.0,0.0,0.0,0.0,43.93080399649573,optimal
2021-02-08 17:30:00,7,103,0.0,0.0,0.0,0.2658999999999999,30.597,6.0,1,20.32414880285894,,0.0,0.0,0.0,0.0,43.718771039669925,optimal
2021-02-08 18:00:00,7,103,0.0,0.0,0.0,0.2943,33.684,6.0,1,20.25703584462427,,0.0,0.0,0.0,0.0,43.50695011580094,optimal
2021-02-08 18:30:00,7,103,0.0,0.0,0.0,0.2606,32.445,6.0,1,20.19389286974145,,0.0,0.0,0.0,0.0,43.29534101285583,optimal
2021-02-08 19:00:00,7,103,0.0,0.0,0.0,0.3567666666666667,28.917,6.0,1,20.12872942122681,,0.0,0.0,0.0,0.0,43.08394351901366,optimal
2021-02-08 19:30:00,7,103,0.0,0.0,0.0,0.2973,15.876,6.0,1,20.06743544759002,,0.0,0.0,0.0,0.0,42.87275742266533,optimal
2021-02-08 20:00:00,7,103,0.8059855413440216,0.0,0.0,0.5703333333333334,12.348,6.0,1,20.0,,2820.9493947040755,0.0,0.0,0.0,42.66178251241335,optimal
2021-02-08 20:30:00,7,103,0.0796190476190476,0.0,0.0,1.6299666666666668,12.1275,6.0,1,20.0,,0.0,0.0,278.6666666666667,0.0,42.45101857707163,optimal
2021-02-08 21:00:00,7,103,0.0,0.0,0.0,0.5394,12.348,6.0,1,19.945634636197127,,0.0,0.0,0.0,0.0,42.24046540566525,optimal
2021-02-08 21:30:00,7,103,0.0199047619047619,0.0,0.0,0.4094666666666666,12.1275,6.0,1,19.88764744537026,,0.0,0.0,69.66666666666666,0.0,42.03012278743027,optimal
2021-02-08 22:00:00,7,103,0.0398095238095238,0.0,0.0,0.6702333333333333,12.1275,6.0,1,19.825316244685165,,0.0,0.0,139.33333333333331,0.0,41.81999051181353,optimal
2021-02-08 22:30:00,7,103,0.0398095238095238,0.0,0.0,0.4392666666666666,11.2665,6.0,1,19.769598954442586,,0.0,0.0,139.33333333333331,0.0,41.77817052130172,optimal
2021-02-08 23:00:00,7,103,0.0,0.0,0.0,0.072,10.143,6.0,1,19.708596583842,,0.0,0.0,0.0,0.0,41.73639235078041,optimal
2021-02-08 23:30:00,7,103,0.0,0.0,0.0,0.1417333333333333,11.2455,6.0,1,19.62866507982591,,0.0,0.0,0.0,0.0,41.69465595842964,optimal
2021-02-09 00:00:00,7,103,2.0,0.0,4.772570905878231,0.06,11.424,6.0,-8,19.62866507982591,,7000.0,0.0,0.0,0.0,43.919932482763365,optimal
2021-02-09 00:30:00,7,103,2.0,0.0,5.0,0.074,10.689,6.0,-8,19.695909079403183,,0.0,0.0,7000.0,0.0,46.25101255028059,optimal
2021-02-09 01:00:00,7,103,2.0,0.0,5.0,0.109,11.361,6.0,-8,19.61601669946754,,4525.333333333334,0.0,2474.6666666666665,0.0,48.57976153773031,optimal
2021-02-09 01:30:00,7,103,2.0,0.0,0.0,0.07,11.571,6.0,-8,19.632710476471463,,7000.0,0.0,0.0,0.0,48.53118177619257,optimal
2021-02-09 02:00:00,7,103,2.0,0.0,0.0,0.07,14.3745,6.0,-8,19.69993612336735,,7000.0,0.0,0.0,0.0,48.48265059441637,optimal
2021-02-09 02:30:00,7,103,2.0,0.0,0.0,0.0845,13.23,6.0,-8,19.766403120547125,,7000.0,0.0,0.0,0.0,48.434167943821954,optimal
2021-02-09 03:00:00,7,103,2.0,0.0,0.0,0.0985,13.9755,6.0,-8,19.833311147175348,,7000.0,0.0,0.0,0.0,48.38573377587813,optimal
2021-02-09 03:30:00,7,103,0.9827695461686312,0.0,0.0,0.06,14.994,6.0,-8,19.9004371731593,,3439.693411590209,0.0,0.0,0.0,48.33734804210225,optimal
2021-02-09 04:00:00,7,103,2.0,0.0,0.0,0.1195,13.671,6.0,-8,19.89195599162251,,7000.0,0.0,0.0,0.0,48.28901069406015,optimal
2021-02-09 04:30:00,7,103,0.0,0.0,0.0,0.0635,15.981,6.0,-8,19.960165359673454,,0.0,0.0,0.0,0.0,48.24072168336608,optimal
2021-02-09 05:00:00,7,103,0.0,0.0,0.0,0.06,15.6345,6.0,-8,19.879079937674163,,0.0,0.0,0.0,0.0,48.19248096168271,optimal
2021-02-09 05:30:00,7,103,0.0,0.0,0.0,0.123,16.5375,6.0,-8,19.79783502980684,,0.0,0.0,0.0,0.0,48.144288480721016,optimal
2021-02-09 06:00:00,7,103,2.0,0.0,0.0,0.06,14.7735,6.0,-8,19.71828488000768,,7000.0,0.0,0.0,0.0,48.096144192240295,optimal
2021-02-09 06:30:00,7,103,2.0,0.0,0.0,0.06,15.2145,6.0,-8,19.785122302978863,,7000.0,0.0,0.0,0.0,48.048048048048045,optimal
2021-02-09 07:00:00,7,103,2.0,0.0,0.0,0.1478,14.553,6.0,-8,19.85142967162277,,7000.0,0.0,0.0,0.0,48.0,optimal
2021-02-09 07:30:00,7,103,2.0,0.0,0.0,0.264,14.3325,6.0,-8,19.9232536643901,,7000.0,0.0,0.0,0.0,47.60020876597952,optimal
2021-02-09 08:00:00,7,103,2.0,0.0,0.0,1.2965,14.595,6.0,-8,20.0,,7000.0,0.0,0.0,0.0,47.20081732319307,optimal
2021-02-09 08:30:00,7,103,0.5367011509221992,0.0,0.0,0.2465,14.994,6.0,-8,20.07331880603602,,1878.454028227697,0.0,0.0,0.0,46.8018252718494,optimal
2021-02-09 09:00:00,7,103,2.0,0.0,0.0,0.201,14.3325,6.0,-8,20.035650319057776,,7000.0,0.0,0.0,0.0,46.40323221255708,optimal
2021-02-09 09:30:00,7,103,2.0,0.0,0.0,0.3653333333333333,13.8915,6.0,-8,20.108289297103177,,7000.0,0.0,0.0,0.0,46.00503774632405,optimal
2021-02-09 10:00:00,7,103,2.0,0.0,0.0,0.5038,13.8915,6.0,-8,20.18267755889273,,7000.0,0.0,0.0,0.0,45.60724147455725,optimal
2021-02-09 10:30:00,7,103,2.0,0.0,0.0,0.3554,13.4715,6.0,-8,20.26175984089153,,7000.0,0.0,0.0,0.0,45.20984299906222,optimal
2021-02-09 11:00:00,7,103,2.0,0.0,0.0,0.3929333333333333,13.23,6.0,-8,20.3409354891489,,7000.0,0.0,0.0,0.0,44.81284192204268,optimal
2021-02-09 11:30:00,7,103,2.0,0.0,0.0,1.7895333333333332,13.8915,6.0,-8,20.42045135396421,,7000.0,0.0,0.0,0.0,44.41623784610016,optimal
2021-02-09 12:00:00,7,103,0.0,0.0,0.0,1.6652,26.9325,6.0,-8,20.50109718114814,,0.0,0.0,0.0,0.0,44.02003037423359,optimal
2021-02-09 12:30:00,7,103,0.0,0.0,0.0,0.3953333333333333,30.303,6.0,-8,20.446095066276985,,0.0,0.0,0.0,0.0,43.62421910983888,optimal
2021-02-09 13:00:00,7,103,0.0,0.0,0.0,0.3778666666666667,32.886,6.0,-8,20.371174452760407,,0.0,0.0,0.0,0.0,43.22880365670856,optimal
2021-02-09 13:30:00,7,103,0.0,0.0,0.0,0.5621,34.9965,6.0,-8,20.294611152110168,,0.0,0.0,0.0,0.0,42.83378361903138,optimal
2021-02-09 14:00:00,7,103,0.0,0.0,0.0,0.3756666666666667,33.327,6.0,-8,20.222795942045888,,0.0,0.0,0.0,0.0,42.439158601391874,optimal
2021-02-09 14:30:00,7,103,0.0,0.0,0.0,0.3577333333333333,31.122,6.0,-8,20.15033128814608,,0.0,0.0,0.0,0.0,42.04492820877001,optimal
2021-02-09 15:00:00,7,103,0.0,0.0,0.0,0.2457,17.9025,6.0,-8,20.076685877739383,,0.0,0.0,0.0,0.0,41.65109204654077,optimal
2021-02-09 15:30:00,7,103,0.9967343876249988,0.0,0.0,0.3000666666666666,15.6555,6.0,-8,20.0,,3488.570356687496,0.0,0.0,0.0,41.25764972047375,optimal
2021-02-09 16:00:00,7,103,1.0471344139340728,0.0,0.0,0.224,14.553,6.0,-8,20.0,,3595.303782102588,0.0,69.66666666666666,0.0,40.864600836732805,optimal
2021-02-09 16:30:00,7,103,1.2151586576779223,0.0,0.0,0.2661333333333333,14.3325,6.0,-8,20.0,,3626.055301872728,0.0,627.0,0.0,40.4719450018756,optimal
2021-02-09 17:00:00,7,103,1.0241638803977218,0.0,0.0,0.153,13.335,6.0,-8,20.0,,3514.90691472536,0.0,69.66666666666666,0.0,40.079681822853246,optimal
2021-02-09 17:30:00,7,103,2.0,0.0,0.0,1.3994000000000002,12.1275,6.0,-8,20.0,,6024.666666666667,0.0,975.3333333333334,0.0,39.68781090700992,optimal
2021-02-09 18:00:00,7,103,0.0463158053839719,0.0,0.0,0.6751,12.2955,6.0,-8,20.065410245812828,,162.1053188439018,0.0,0.0,0.0,39.29633186208243,optimal
2021-02-09 18:30:00,7,103,1.2588288254491695,0.0,0.0,0.3326666666666666,11.6865,6.0,-8,20.0,,3221.5675557387603,0.0,1184.3333333333333,0.0,38.90524429619988,optimal
2021-02-09 19:00:00,7,103,0.8661290845296111,0.0,0.0,1.3687,11.466,6.0,-8,20.0,,3031.451795853639,0.0,0.0,0.0,38.5145478178832,optimal
2021-02-09 19:30:00,7,103,0.9382395607201016,0.0,0.0,1.8241333333333327,10.8045,6.0,-8,20.0,,2865.838462520356,0.0,418.0,0.0,38.12424203604484,optimal
2021-02-09 20:00:00,7,103,1.9317652750058327,0.0,0.0,0.5245666666666667,10.584,6.0,-8,20.0,,3347.5117958537485,0.0,3413.6666666666665,0.0,37.73432655998832,optimal
2021-02-09 20:30:00,7,103,0.0,0.0,0.0,0.4051666666666667,11.2455,6.0,-8,20.0,,0.0,0.0,0.0,0.0,37.34480099940785,optimal
2021-02-09 21:00:00,7,103,0.0,0.0,0.0,0.5418,12.1275,6.0,-8,19.93538415973717,,0.0,0.0,0.0,0.0,37.307456198408445,optimal
2021-02-09 21:30:00,7,103,0.0,0.0,0.0,0.3929333333333333,11.823,6.0,-8,19.874966630542527,,0.0,0.0,0.0,0.0,37.27014874221004,optimal
2021-02-09 22:00:00,7,103,0.0,0.0,0.0,1.3890333333333331,11.7705,6.0,-8,19.81369272563052,,0.0,0.0,0.0,0.0,37.23287859346783,optimal
2021-02-09 22:30:00,7,103,0.0,0.0,0.0,0.256,11.13,6.0,-8,19.749875982359026,,0.0,0.0,0.0,0.0,37.19564571487436,optimal
2021-02-09 23:00:00,7,103,0.0,0.0,0.0,0.133,11.6865,6.0,-8,19.68050956369876,,0.0,0.0,0.0,0.0,37.158450069159485,optimal
2021-02-09 23:30:00,7,103,0.0,0.0,0.0,0.07,10.7205,6.0,-8,19.60194535060385,,0.0,0.0,0.0,0.0,37.12129161909033,optimal
2021-02-10 00:00:00,7,103,2.0,0.0,0.0,0.0569333333333333,12.789,6.0,3,19.60194535060385,,6930.333333333333,0.0,69.66666666666666,0.0,37.08417032747124,optimal
2021-02-10 00:30:00,7,103,2.0,0.0,0.0,0.056,11.907,6.0,3,19.667656644760005,,0.0,0.0,7000.0,0.0,37.047086157143774,optimal
2021-02-10 01:00:00,7,103,2.0,0.0,0.0,0.0845,11.7075,6.0,3,19.58595937149036,,0.0,0.0,7000.0,0.0,37.01003907098663,optimal
2021-02-10 01:30:00,7,103,2.0,0.0,5.0,0.1529,10.8045,6.0,3,19.50477900117772,,5673.333333333333,0.0,1326.6666666666667,0.0,39.34802903191565,optimal
2021-02-10 02:00:00,7,103,2.0,0.0,0.0,0.056,11.508,6.0,3,19.54437908037437,,7000.0,0.0,0.0,0.0,39.30868100288373,optimal
2021-02-10 02:30:00,7,103,2.0,0.0,0.0,0.056,11.508,6.0,3,19.60923292813652,,7000.0,0.0,0.0,0.0,39.26937232188085,optimal
2021-02-10 03:00:00,7,103,2.0,0.0,0.0,0.056,11.508,6.0,3,19.67379255456296,,7000.0,0.0,0.0,0.0,39.23010294955896,optimal
2021-02-10 03:30:00,7,103,2.0,0.0,0.0,0.17,11.844,6.0,3,19.73805929444257,,7000.0,0.0,0.0,0.0,39.1908728466094,optimal
2021-02-10 04:00:00,7,103,2.0,0.0,0.0,0.0674,11.508,6.0,3,19.804434222998992,,7000.0,0.0,0.0,0.0,39.15168197376279,optimal
2021-02-10 04:30:00,7,103,2.0,0.0,0.0,0.056,11.508,6.0,3,19.86834825771738,,7000.0,0.0,0.0,0.0,39.11253029178903,optimal
2021-02-10 05:00:00,7,103,2.0,0.0,5.0,0.056,10.4475,6.0,3,19.93127869180464,,7000.0,0.0,0.0,0.0,41.44841776149724,optimal
2021-02-10 05:30:00,7,103,2.0,0.0,5.0,0.1814,10.8675,6.0,3,19.993469962193853,,7000.0,0.0,0.0,0.0,43.78196934373575,optimal
2021-02-10 06:00:00,7,103,2.0,0.0,5.0,0.056,10.542,6.0,3,20.05756514337557,,7000.0,0.0,0.0,0.0,46.11318737439201,optimal
2021-02-10 06:30:00,7,103,2.0,0.0,0.0,0.113,11.025,6.0,3,20.11827615563184,,7000.0,0.0,0.0,0.0,46.06707418701762,optimal
2021-02-10 07:00:00,7,103,2.0,0.0,4.166300815093468,0.2898666666666666,11.025,6.0,3,20.180818951088263,,7000.0,0.0,0.0,0.0,48.0,optimal
2021-02-10 07:30:00,7,103,2.0,0.0,0.0,1.7301333333333335,14.553,6.0,3,20.250308608114228,,7000.0,0.0,0.0,0.0,47.65690082913941,optimal
2021-02-10 08:00:00,7,103,2.0,0.0,0.0,0.2172666666666667,13.0935,6.0,3,20.3252841732486,,7000.0,0.0,0.0,0.0,47.31414475744968,optimal
2021-02-10 08:30:00,7,103,2.0,0.0,0.0,0.107,15.6345,6.0,3,20.391845592905064,,7000.0,0.0,0.0,0.0,46.97173144183164,optimal
2021-02-10 09:00:00,7,103,0.0,0.0,0.0,0.056,18.102,6.0,3,20.45363680859965,,0.0,0.0,0.0,0.0,46.629660539529226,optimal
2021-02-10 09:30:00,7,103,0.0,0.0,0.0,0.1757,17.199,6.0,3,20.361300856879183,,0.0,0.0,0.0,0.0,46.28793170812911,optimal
2021-02-10 10:00:00,7,103,0.0,0.0,0.0,0.0617,18.2805,6.0,3,20.27281087445771,,0.0,0.0,0.0,0.0,45.94654460556039,optimal
2021-02-10 10:30:00,7,103,0.0,0.0,0.0,0.0959,17.4615,6.0,3,20.18322993506789,,0.0,0.0,0.0,0.0,45.60549889009424,optimal
2021-02-10 11:00:00,7,103,0.0,0.0,0.0,0.1415,18.3225,6.0,3,20.095455822352267,,0.0,0.0,0.0,0.0,45.26479422034355,optimal
2021-02-10 11:30:00,7,103,2.0,0.0,0.0,0.056,17.094,6.0,3,20.00972031532986,,7000.0,0.0,0.0,0.0,44.92443025526262,optimal
2021-02-10 12:00:00,7,103,2.0,0.0,0.0,0.1814,17.094,6.0,3,20.07038047618589,,7000.0,0.0,0.0,0.0,44.58440665414677,optimal
2021-02-10 12:30:00,7,103,2.0,0.0,0.0,0.056,17.094,6.0,3,20.13385883232265,,7000.0,0.0,0.0,0.0,44.24472307663204,optimal
2021-02-10 13:00:00,7,103,1.821603039905441,0.0,0.0,0.0674,17.3565,6.0,3,20.19440948615361,,6375.610639669043,0.0,0.0,0.0,43.905379182694816,optimal
2021-02-10 13:30:00,7,103,2.0,0.0,0.0,0.17,17.115,6.0,3,20.24178176456199,,7000.0,0.0,0.0,0.0,43.56637463265153,optimal
2021-02-10 14:00:00,7,103,2.0,0.0,0.0,0.056,17.241,6.0,3,20.305149889037903,,7000.0,0.0,0.0,0.0,43.22770908715829,optimal
2021-02-10 14:30:00,7,103,2.0,0.0,0.0,0.1643,17.094,6.0,3,20.366738122271503,,7000.0,0.0,0.0,0.0,42.88938220721055,optimal
2021-02-10 15:00:00,7,103,2.0,0.0,0.0,0.0907999999999999,16.5165,6.0,3,20.430326708392425,,7000.0,0.0,0.0,0.0,42.55139365414274,optimal
2021-02-10 15:30:00,7,103,0.0,0.0,0.0,0.0627666666666666,17.8185,6.0,3,20.497584288672392,,0.0,0.0,0.0,0.0,42.21374308962801,optimal
2021-02-10 16:00:00,7,103,2.0,0.0,0.0,0.1814,17.094,6.0,3,20.4121675118142,,7000.0,0.0,0.0,0.0,41.8764301756778,optimal
2021-02-10 16:30:00,7,103,2.0,0.0,0.0,0.107,16.8945,6.0,3,20.474095284897817,,7000.0,0.0,0.0,0.0,41.53945457464153,optimal
2021-02-10 17:00:00,7,103,0.0,0.0,0.0,0.1867666666666667,18.123,6.0,3,20.54027700685725,,0.0,0.0,0.0,0.0,41.202815949206304,optimal
2021-02-10 17:30:00,7,103,0.0,0.0,0.0,0.1526666666666666,31.647,6.0,3,20.46183822477096,,0.0,0.0,0.0,0.0,40.86651396239651,optimal
2021-02-10 18:00:00,7,103,0.0,0.0,0.0,0.13,34.9965,6.0,3,20.38926016761638,,0.0,0.0,0.0,0.0,40.53054827757352,optimal
2021-02-10 18:30:00,7,103,0.0,0.0,0.0,0.2352666666666666,34.9965,6.0,3,20.31674352294664,,0.0,0.0,0.0,0.0,40.19491855843536,optimal
2021-02-10 19:00:00,7,103,0.0,0.0,0.0,0.1012666666666666,34.9965,6.0,3,20.245011125813363,,0.0,0.0,0.0,0.0,39.85962446901634,optimal
2021-02-10 19:30:00,7,103,0.0,0.0,0.0,0.1611,34.9965,6.0,3,20.168031984898143,,0.0,0.0,0.0,0.0,39.524665673686734,optimal
2021-02-10 20:00:00,7,103,0.0,0.0,0.0,0.3704666666666666,34.9965,6.0,3,20.082726945469755,,0.0,0.0,0.0,0.0,39.19004183715246,optimal
2021-02-10 20:30:00,7,103,0.0,0.0,0.0,0.9396666666666668,27.741,6.0,3,20.0,,0.0,0.0,0.0,0.0,38.85575262445472,optimal
2021-02-10 21:00:00,7,103,0.0,0.0,0.0,0.1159333333333333,19.026,6.0,3,19.91651228901956,,0.0,0.0,0.0,0.0,38.52179770096967,optimal
2021-02-10 21:30:00,7,103,0.0,0.0,0.0,0.2233333333333332,18.7215,6.0,3,19.82921116567448,,0.0,0.0,0.0,0.0,38.18817673240811,optimal
2021-02-10 22:00:00,7,103,0.0,0.0,0.0,0.1465333333333333,17.4195,6.0,3,19.73808204704646,,0.0,0.0,0.0,0.0,37.85488938481512,optimal
2021-02-10 22:30:00,7,103,0.0,0.0,0.0,0.3986,16.758,6.0,3,19.63853506694664,,0.0,0.0,0.0,0.0,37.52193532456971,optimal
2021-02-10 23:00:00,7,103,0.0796190476190476,0.0,0.0,0.2455999999999999,14.217,6.0,3,19.545349697352417,,0.0,0.0,278.66666666666663,0.0,37.48441338924514,optimal
2021-02-10 23:30:00,7,103,0.0995238095238095,0.0,0.0,0.2631333333333333,13.3665,6.0,3,19.447516483261165,,0.0,0.0,348.3333333333333,0.0,37.4469289758559,optimal
2021-02-11 00:00:00,7,103,2.0,0.0,0.0,0.0673333333333333,11.2455,6.0,1,19.447516483261165,,7000.0,0.0,0.0,0.0,37.40948204688004,optimal
2021-02-11 00:30:00,7,103,2.0,0.0,0.0,0.13,11.025,6.0,1,19.49436105732203,,5210.045540443113,0.0,1789.9544595568868,0.0,37.37207256483316,optimal
2021-02-11 01:00:00,7,103,2.0,0.0,0.0,0.061,12.0855,6.0,1,19.505219987494407,,7000.0,0.0,0.0,0.0,37.334700492268325,optimal
2021-02-11 01:30:00,7,103,2.0,0.0,0.0,0.061,11.6865,6.0,1,19.552710115620226,,7000.0,0.0,0.0,0.0,37.29736579177606,optimal
2021-02-11 02:00:00,7,103,2.0,0.0,0.0,0.061,11.2245,6.0,1,19.599984796098564,,7000.0,0.0,0.0,0.0,37.26006842598429,optimal
2021-02-11 02:30:00,7,103,2.0,0.0,0.0,0.13,11.025,6.0,1,19.64704500634707,,7000.0,0.0,0.0,0.0,37.2228083575583,optimal
2021-02-11 03:00:00,7,103,2.0,0.0,5.0,0.061,10.7835,6.0,1,19.69489052920792,,7000.0,0.0,0.0,0.0,39.560585549200745,optimal
2021-02-11 03:30:00,7,103,2.0,0.0,3.5306300900542382,0.0955,11.025,6.0,1,19.7406128456892,,7000.0,0.0,0.0,0.0,41.1980742564273,optimal
2021-02-11 04:00:00,7,103,2.0,0.0,5.0,0.0955,10.584,6.0,1,19.787988144293287,,7000.0,0.0,0.0,0.0,43.53187618217088,optimal
2021-02-11 04:30:00,7,103,2.0,0.0,5.0,0.061,11.025,6.0,1,19.836282686895203,,7000.0,0.0,0.0,0.0,45.8633443059887,optimal
2021-02-11 05:00:00,7,103,2.0,0.0,5.0,0.1108333333333333,10.4265,6.0,1,19.883631893406903,,7000.0,0.0,0.0,0.0,48.19248096168271,optimal
2021-02-11 05:30:00,7,103,2.0,0.0,0.0,0.0801666666666666,12.789,6.0,1,19.931815303576965,,7000.0,0.0,0.0,0.0,48.144288480721016,optimal
2021-02-11 06:00:00,7,103,2.0,0.0,0.0,0.1223333333333333,12.684,6.0,1,19.98026874575952,,7000.0,0.0,0.0,0.0,48.096144192240295,optimal
2021-02-11 06:30:00,7,103,2.0,0.0,0.0,0.0686666666666666,16.254,6.0,1,20.030524166273764,,7000.0,0.0,0.0,0.0,48.048048048048045,optimal
2021-02-11 07:00:00,7,103,2.0,0.0,0.0,0.059,17.64,6.0,1,20.0805560593672,,7000.0,0.0,0.0,0.0,48.0,optimal
2021-02-11 07:30:00,7,103,2.0,0.0,0.0,0.0626666666666666,19.1625,6.0,1,20.134710243284687,,7000.0,0.0,0.0,0.0,47.86340325230258,optimal
2021-02-11 08:00:00,7,103,0.0,0.0,0.0,0.0653333333333333,26.46,6.0,1,20.19015351299267,,0.0,0.0,0.0,0.0,47.72694310135287,optimal
2021-02-11 08:30:00,7,103,1.4354704750310476,0.0,0.0,0.1293333333333333,20.79,6.0,1,20.09549250421827,,5024.146662608667,0.0,0.0,0.0,47.5906194105541,optimal
2021-02-11 09:00:00,7,103,0.0,0.0,0.0,0.061,29.106,6.0,1,20.10288850925568,,0.0,0.0,0.0,0.0,47.454432043446126,optimal
2021-02-11 09:30:00,7,103,2.0,0.0,0.0,0.1131666666666666,19.1835,6.0,1,20.0,,7000.0,0.0,0.0,0.0,47.31838086370527,optimal
2021-02-11 10:00:00,7,103,0.4173754032373654,0.0,0.0,0.0901666666666666,19.6665,6.0,1,20.056553049696355,,1460.813911330779,0.0,0.0,0.0,47.18246573514414,optimal
2021-02-11 10:30:00,7,103,1.2239015124640815,0.0,0.0,0.071,19.404,6.0,1,20.0,,4283.655293624286,0.0,0.0,0.0,47.04668652171158,optimal
2021-02-11 11:00:00,7,103,2.0,0.0,0.0,0.071,19.047,6.0,1,20.0,,5236.954459556887,0.0,1763.0455404431132,0.0,46.91104308749245,optimal
2021-02-11 11:30:00,7,103,2.0,0.0,0.0,0.1093333333333333,18.858,6.0,1,20.01734532835984,,7000.0,0.0,0.0,0.0,46.775535296707545,optimal
2021-02-11 12:00:00,7,103,2.0,0.0,0.0,0.1016666666666666,19.2675,6.0,1,20.075934238479647,,7000.0,0.0,0.0,0.0,46.64016301371342,optimal
2021-02-11 12:30:00,7,103,2.0,0.0,0.0,0.071,18.963,6.0,1,20.137498476350903,,7000.0,0.0,0.0,0.0,46.50492610300229,optimal
2021-02-11 13:00:00,7,103,2.0,0.0,0.0,0.0673333333333333,18.438,6.0,1,20.20108671478406,,7000.0,0.0,0.0,0.0,46.36982442920187,optimal
2021-02-11 13:30:00,7,103,2.0,0.0,0.0,0.0646666666666666,18.7425,6.0,1,20.26733531656944,,7000.0,0.0,0.0,0.0,46.234857857075255,optimal
2021-02-11 14:00:00,7,103,2.0,0.0,0.0,0.0825,15.2145,6.0,1,20.333737037742587,,7000.0,0.0,0.0,0.0,46.10002625152077,optimal
2021-02-11 14:30:00,7,103,2.0,0.0,0.0,0.1285,17.7765,6.0,1,20.40053326350779,,7000.0,0.0,0.0,0.0,45.96532947757183,optimal
2021-02-11 15:00:00,7,103,2.0,0.0,0.0,0.0711666666666666,16.758,6.0,1,20.466406935763388,,7000.0,0.0,0.0,0.0,45.83076740039684,optimal
2021-02-11 15:30:00,7,103,2.0,0.0,0.0,0.1261666666666666,16.422,6.0,1,20.52926421440992,,7000.0,0.0,0.0,0.0,45.69633988529903,optimal
2021-02-11 16:00:00,7,103,2.0,0.0,0.0,0.0596666666666666,16.758,6.0,1,20.58791023597965,,7000.0,0.0,0.0,0.0,45.56204679771631,optimal
2021-02-11 16:30:00,7,103,0.0,0.0,0.0,0.1986666666666666,29.358,6.0,1,20.64280125055823,,0.0,0.0,0.0,0.0,45.42788800322118,optimal
2021-02-11 17:00:00,7,103,0.0,0.0,0.0,0.211,34.9965,6.0,1,20.55763912650368,,0.0,0.0,0.0,0.0,45.293863367520544,optimal
2021-02-11 17:30:00,7,103,0.0,0.0,0.0,0.2330333333333333,34.65,6.0,1,20.47120745121691,,0.0,0.0,0.0,0.0,45.15997275645561,optimal
2021-02-11 18:00:00,7,103,0.0,0.0,0.0,0.0849,34.9965,6.0,1,20.38542578797757,,0.0,0.0,0.0,0.0,45.026216036001735,optimal
2021-02-11 18:30:00,7,103,0.0,0.0,0.0,0.1322333333333333,34.9965,6.0,1,20.29412973269968,,0.0,0.0,0.0,0.0,44.89259307226832,optimal
2021-02-11 19:00:00,7,103,0.0,0.0,0.0,0.4874,30.4815,6.0,1,20.197911834615912,,0.0,0.0,0.0,0.0,44.75910373149864,optimal
2021-02-11 19:30:00,7,103,0.0,0.0,0.0,0.3476666666666667,21.4305,6.0,1,20.10253178138237,,0.0,0.0,0.0,0.0,44.62574788006972,optimal
2021-02-11 20:00:00,7,103,1.3880730796025895,0.0,0.0,0.4141666666666667,14.3325,6.0,1,20.0,,4858.255778609064,0.0,0.0,0.0,44.49252538449223,optimal
2021-02-11 20:30:00,7,103,0.1791428571428571,0.0,0.0,0.365,13.692,6.0,1,20.0,,0.0,0.0,627.0,0.0,44.359436111410325,optimal
2021-02-11 21:00:00,7,103,0.0,0.0,0.0,0.3708999999999999,14.007,6.0,1,19.901373136320483,,0.0,0.0,0.0,0.0,44.226479927601495,optimal
2021-02-11 21:30:00,7,103,0.0,0.0,0.0,0.5370333333333333,12.873,6.0,1,19.80199843110545,,0.0,0.0,0.0,0.0,44.09365669997648,optimal
2021-02-11 22:00:00,7,103,0.1194285714285714,0.0,0.0,0.5666,12.684,6.0,1,19.70713511762399,,0.0,0.0,418.0,0.0,43.96096629557909,optimal
2021-02-11 22:30:00,7,103,0.6369523809523808,0.0,0.0,0.2324666666666666,12.306,6.0,1,19.615691263365324,,0.0,0.0,2229.333333333333,0.0,43.91700532928351,optimal
2021-02-11 23:00:00,7,103,0.0,0.0,0.0,0.5381,10.6365,6.0,1,19.51883180763388,,0.0,0.0,0.0,0.0,43.87308832395422,optimal
2021-02-11 23:30:00,7,103,0.0,0.0,0.0,0.2722,11.2455,6.0,1,19.42289995003984,,0.0,0.0,0.0,0.0,43.829215235630265,optimal
2021-02-12 00:00:00,7,103,2.0,0.0,0.0,0.062,10.8045,6.0,-4,19.42289995003984,,7000.0,0.0,0.0,0.0,43.78538602039463,optimal
2021-02-12 00:30:00,7,103,2.0,0.0,0.3603903751226318,0.1956999999999999,10.059,6.0,-4,19.45713862640896,,163.1364841624909,0.0,6836.863515837509,0.0,43.91278606255748,optimal
2021-02-12 01:00:00,7,103,2.0,0.0,0.0,0.0683666666666666,10.584,6.0,-4,19.350117647142262,,7000.0,0.0,0.0,0.0,43.86887327649492,optimal
2021-02-12 01:30:00,7,103,2.0,0.0,5.0,0.131,9.4185,6.0,-4,19.384820534662857,,7000.0,0.0,0.0,0.0,46.200004403218415,optimal
2021-02-12 02:00:00,7,103,2.0,0.0,0.0,0.1065666666666666,10.3635,6.0,-4,19.421138111679703,,7000.0,0.0,0.0,0.0,46.15380439881519,optimal
2021-02-12 02:30:00,7,103,2.0,0.0,5.0,0.1575,9.8385,6.0,-4,19.4572302640188,,7000.0,0.0,0.0,0.0,48.48265059441637,optimal
2021-02-12 03:00:00,7,103,2.0,0.0,0.0,0.131,11.067,6.0,-4,19.495591849989115,,7000.0,0.0,0.0,0.0,48.434167943821954,optimal
2021-02-12 03:30:00,7,103,2.0,0.0,0.0,0.2020666666666666,10.8465,6.0,-4,19.534582570645416,,7000.0,0.0,0.0,0.0,48.38573377587813,optimal
2021-02-12 04:00:00,7,103,2.0,0.0,0.0,0.062,13.671,6.0,-4,19.57806806304543,,7000.0,0.0,0.0,0.0,48.33734804210225,optimal
2021-02-12 04:30:00,7,103,2.0,0.0,0.0,0.062,12.348,6.0,-4,19.62158349306665,,7000.0,0.0,0.0,0.0,48.28901069406015,optimal
2021-02-12 05:00:00,7,103,2.0,0.0,0.0,0.2020666666666666,14.3325,6.0,-4,19.66807718534545,,7000.0,0.0,0.0,0.0,48.24072168336608,optimal
2021-02-12 05:30:00,7,103,2.0,0.0,0.0,0.062,15.393,6.0,-4,19.72048408890449,,7000.0,0.0,0.0,0.0,48.19248096168271,optimal
2021-02-12 06:00:00,7,103,2.0,0.0,0.0,0.2519666666666666,13.587,6.0,-4,19.77333412475226,,7000.0,0.0,0.0,0.0,48.144288480721016,optimal
2021-02-12 06:30:00,7,103,1.2149990055160853,0.0,0.0,0.0810999999999999,16.1385,6.0,-4,19.83357261879549,,4252.496519306299,0.0,0.0,0.0,48.096144192240295,optimal
2021-02-12 07:00:00,7,103,2.0,0.0,0.0,1.3162333333333331,14.595,6.0,-4,19.83255861643816,,7000.0,0.0,0.0,0.0,48.048048048048045,optimal
2021-02-12 07:30:00,7,103,2.0,0.0,0.0,1.4637,14.637,6.0,-4,19.908363310166635,,7000.0,0.0,0.0,0.0,48.0,optimal
2021-02-12 08:00:00,7,103,2.0,0.0,0.0,0.2529333333333333,13.9125,6.0,-4,20.0,,4185.24351583751,0.0,2814.75648416249,0.0,47.857942250875645,optimal
2021-02-12 08:30:00,7,103,2.0,0.0,0.0,0.2849666666666666,13.3665,6.0,-4,20.0,,6828.62,0.0,171.38,0.0,47.71602655950041,optimal
2021-02-12 09:00:00,7,103,2.0,0.0,0.0,0.3238999999999999,13.0095,6.0,-4,20.05174836019663,,7000.0,0.0,0.0,0.0,47.57425278381656,optimal
2021-02-12 09:30:00,7,103,0.7408928639388735,0.0,0.0,0.072,13.8915,6.0,-4,20.101410438475074,,2593.1250237860577,0.0,0.0,0.0,47.43262078190839,optimal
2021-02-12 10:00:00,7,103,2.0,0.0,0.0,0.1090333333333333,13.188,6.0,-4,20.05722956422584,,7000.0,0.0,0.0,0.0,47.291130412002126,optimal
2021-02-12 10:30:00,7,103,2.0,0.0,0.0,0.2440333333333333,12.5685,6.0,-4,20.116775911083234,,7000.0,0.0,0.0,0.0,47.149781532465774,optimal
2021-02-12 11:00:00,7,103,2.0,0.0,0.0,0.0835,12.285,6.0,-4,20.18070859322756,,7000.0,0.0,0.0,0.0,47.00857400180895,optimal
2021-02-12 11:30:00,7,103,2.0,0.0,0.0,0.2122666666666667,11.487,6.0,-4,20.242786615870948,,7000.0,0.0,0.0,0.0,46.86750767868279,optimal
2021-02-12 12:00:00,7,103,2.0,0.0,0.0,0.1293,11.802,6.0,-4,20.307520435202346,,7000.0,0.0,0.0,0.0,46.72658242187976,optimal
2021-02-12 12:30:00,7,103,2.0,0.0,0.0,0.141,11.2245,6.0,-4,20.37044093037528,,7000.0,0.0,0.0,0.0,46.58579809033352,optimal
2021-02-12 13:00:00,7,103,2.0,0.0,0.0,0.2120666666666666,11.025,6.0,-4,20.433549099131355,,7000.0,0.0,0.0,0.0,46.44515454311883,optimal
2021-02-12 13:30:00,7,103,2.0,0.0,0.0,0.072,11.907,6.0,-4,20.498093782556538,,7000.0,0.0,0.0,0.0,46.30465163945136,optimal
2021-02-12 14:00:00,7,103,0.0,0.0,0.0,0.2810666666666667,25.83,6.0,-4,20.55894351849264,,0.0,0.0,0.0,0.0,46.16428923868755,optimal
2021-02-12 14:30:00,7,103,0.0,0.0,0.0,0.072,28.035,6.0,-4,20.476111613598224,,0.0,0.0,0.0,0.0,46.02406720032451,optimal
2021-02-12 15:00:00,7,103,0.0,0.0,0.0,0.1790666666666666,28.119,6.0,-4,20.388800883909337,,0.0,0.0,0.0,0.0,45.88398538399983,optimal
2021-02-12 15:30:00,7,103,0.0,0.0,0.0,0.174,30.156,6.0,-4,20.303686383200507,,0.0,0.0,0.0,0.0,45.74404364949147,optimal
2021-02-12 16:00:00,7,103,0.0,0.0,0.0,0.4323999999999999,29.1585,6.0,-4,20.21817086216346,,0.0,0.0,0.0,0.0,45.60424185671763,optimal
2021-02-12 16:30:00,7,103,0.0,0.0,0.0,0.2981999999999999,26.712,6.0,-4,20.145839264514606,,0.0,0.0,0.0,0.0,45.46457986573656,optimal
2021-02-12 17:00:00,7,103,0.0,0.0,0.0,0.3339333333333333,15.435,6.0,-4,20.0730642189592,,0.0,0.0,0.0,0.0,45.32505753674647,optimal
2021-02-12 17:30:00,7,103,1.1033777429758231,0.0,0.0,0.1683333333333333,13.566,6.0,-4,20.0,,3792.155433748714,0.0,69.66666666666666,0.0,45.185674730085374,optimal
2021-02-12 18:00:00,7,103,1.0761829505393758,0.0,0.0,0.5372333333333333,12.789,6.0,-4,20.0,,3139.640326887816,0.0,627.0,0.0,45.046431306230936,optimal
2021-02-12 18:30:00,7,103,1.9000625631695005,0.0,0.0,0.3644,12.1275,6.0,-4,20.0,,6650.218971093252,0.0,0.0,0.0,44.90732712580035,optimal
2021-02-12 19:00:00,7,103,0.0,0.0,0.0,0.3589333333333333,13.671,6.0,-4,20.071353224707195,,0.0,0.0,0.0,0.0,44.7683620495502,optimal
2021-02-12 19:30:00,7,103,1.944063939924929,0.0,0.0,0.3758333333333333,10.668,6.0,-4,20.0,,6804.223789737254,0.0,0.0,0.0,44.62953593837629,optimal
2021-02-12 20:00:00,7,103,0.0,0.0,0.0,0.2076,11.7285,6.0,-4,20.073400254893347,,0.0,0.0,0.0,0.0,44.49084865331356,optimal
2021-02-12 20:30:00,7,103,0.0,0.0,0.0,0.201,11.025,6.0,-4,20.0,,0.0,0.0,0.0,0.0,44.3523000555359,optimal
2021-02-12 21:00:00,7,103,0.0,0.0,0.0,0.2848333333333333,10.689,6.0,-4,19.9285965501102,,0.0,0.0,0.0,0.0,44.30794775548036,optimal
2021-02-12 21:30:00,7,103,0.6369523809523809,0.0,0.0,0.4043,8.1585,6.0,-4,19.86095539573136,,0.0,0.0,2229.333333333333,0.0,44.263639807724886,optimal
2021-02-12 22:00:00,7,103,0.0,0.0,0.0,0.5984666666666667,10.3635,6.0,-4,19.795699676161213,,0.0,0.0,0.0,0.0,44.21937616791716,optimal
2021-02-12 22:30:00,7,103,0.0,0.0,0.0,0.4840666666666666,10.8045,6.0,-4,19.73612067674373,,0.0,0.0,0.0,0.0,44.175156791749245,optimal
2021-02-12 23:00:00,7,103,0.0,0.0,0.0,0.4256,11.025,6.0,-4,19.67585277143236,,0.0,0.0,0.0,0.0,44.13098163495749,optimal
2021-02-12 23:30:00,7,103,0.0,0.0,0.0,0.5404333333333333,10.3635,6.0,-4,19.61329013273768,,0.0,0.0,0.0,0.0,44.086850653322536,optimal
2021-02-13 00:00:00,7,103,2.0,0.0,0.0,1.4980666666666669,8.1585,6.0,-3,19.61329013273768,,7000.0,0.0,0.0,0.0,44.042763802669214,optimal
2021-02-13 00:30:00,7,103,2.0,0.0,0.0,0.31,9.4815,6.0,-3,19.696093748737592,,0.0,0.0,7000.0,0.0,43.99872103886654,optimal
2021-02-13 01:00:00,7,103,2.0,0.0,0.0,0.2713333333333333,8.379,6.0,-3,19.626774915452803,,0.0,0.0,7000.0,0.0,43.95472231782768,optimal
2021-02-13 01:30:00,7,103,2.0,0.0,0.0,0.0914333333333333,9.5235,6.0,-3,19.55061150744672,,5673.333333333333,0.0,1326.6666666666667,0.0,43.910767595509846,optimal
2021-02-13 02:00:00,7,103,2.0,0.0,0.0,0.1083666666666666,8.1375,6.0,-3,19.587544014388545,,7000.0,0.0,0.0,0.0,43.86685682791433,optimal
2021-02-13 02:30:00,7,103,2.0,0.0,0.0,0.1891666666666666,10.0905,6.0,-3,19.65281913233412,,7000.0,0.0,0.0,0.0,43.82298997108642,optimal
2021-02-13 03:00:00,7,103,2.0,0.0,5.0,0.0793,7.539,6.0,-3,19.7194989907258,,7000.0,0.0,0.0,0.0,46.15416698111534,optimal
2021-02-13 03:30:00,7,103,2.0,0.0,4.59157448405458,0.0823333333333333,7.938,6.0,-3,19.78356360561276,,7000.0,0.0,0.0,0.0,48.28901069406015,optimal
2021-02-13 04:00:00,7,103,2.0,0.0,0.0,0.1655333333333333,8.274,6.0,-3,19.84717459842688,,7000.0,0.0,0.0,0.0,48.24072168336608,optimal
2021-02-13 04:30:00,7,103,2.0,0.0,0.0,0.1289666666666666,9.261,6.0,-3,19.912021568133675,,7000.0,0.0,0.0,0.0,48.19248096168271,optimal
2021-02-13 05:00:00,7,103,2.0,0.0,0.0,0.1120333333333333,9.9225,6.0,-3,19.97535093618268,,7000.0,0.0,0.0,0.0,48.144288480721016,optimal
2021-02-13 05:30:00,7,103,2.0,0.0,0.0,0.2006666666666666,9.702,6.0,-3,20.037582877124567,,7000.0,0.0,0.0,0.0,48.096144192240295,optimal
2021-02-13 06:00:00,7,103,2.0,0.0,0.0,0.1216,10.584,6.0,-3,20.10094459102243,,7000.0,0.0,0.0,0.0,48.048048048048045,optimal
2021-02-13 06:30:00,7,103,2.0,0.0,0.0,0.2108666666666666,10.143,6.0,-3,20.16460717982912,,7000.0,0.0,0.0,0.0,48.0,optimal
2021-02-13 07:00:00,7,103,0.0,0.0,0.0,1.0676333333333334,13.0095,6.0,-3,20.23074257375276,,0.0,0.0,0.0,0.0,47.84540698815562,optimal
2021-02-13 07:30:00,7,103,2.0,0.0,0.0,0.3081,11.025,6.0,-3,20.15195533468733,,7000.0,0.0,0.0,0.0,47.6909685693231,optimal
2021-02-13 08:00:00,7,103,2.0,0.0,0.0,0.4472333333333333,12.789,6.0,-3,20.21899396958125,,7000.0,0.0,0.0,0.0,47.5366845889094,optimal
2021-02-13 08:30:00,7,103,2.0,0.0,0.0,0.5342,12.1275,6.0,-3,20.28744599337777,,7000.0,0.0,0.0,0.0,47.38255489247612,optimal
2021-02-13 09:00:00,7,103,2.0,0.0,0.0,0.338,12.1695,6.0,-3,20.357826725181862,,7000.0,0.0,0.0,0.0,47.22857932573926,optimal
2021-02-13 09:30:00,7,103,2.0,0.0,0.0,0.2464333333333333,12.306,6.0,-3,20.425693498629915,,7000.0,0.0,0.0,0.0,47.07475773456915,optimal
2021-02-13 10:00:00,7,103,0.0,0.0,0.0,0.2585666666666666,13.23,6.0,-3,20.48813387995464,,0.0,0.0,0.0,0.0,46.9210899649902,optimal
2021-02-13 10:30:00,7,103,0.0,0.0,0.0,0.062,13.671,6.0,-3,20.397395117690788,,0.0,0.0,0.0,0.0,46.76757586318084,optimal
2021-02-13 11:00:00,7,103,0.0,0.0,0.0,0.2196,13.9335,6.0,-3,20.30315703405402,,0.0,0.0,0.0,0.0,46.614215275473285,optimal
2021-02-13 11:30:00,7,103,0.7296454111440678,0.0,0.0,0.1100666666666666,13.293,6.0,-3,20.21289085939673,,2553.758939004237,0.0,0.0,0.0,46.46100804835344,optimal
2021-02-13 12:00:00,7,103,2.0,0.0,0.0,0.1169333333333333,12.1065,6.0,-3,20.17471297365913,,7000.0,0.0,0.0,0.0,46.30795402846071,optimal
2021-02-13 12:30:00,7,103,2.0,0.0,0.0,0.1641999999999999,11.571,6.0,-3,20.23067485763278,,7000.0,0.0,0.0,0.0,46.15505306258787,optimal
2021-02-13 13:00:00,7,103,2.0,0.0,0.0,0.1105333333333333,11.025,6.0,-3,20.28783151117911,,7000.0,0.0,0.0,0.0,46.0023049976809,optimal
2021-02-13 13:30:00,7,103,2.0,0.0,0.0,0.3912666666666666,10.8465,6.0,-3,20.3440528266007,,7000.0,0.0,0.0,0.0,45.84970968083885,optimal
2021-02-13 14:00:00,7,103,2.0,0.0,0.0,0.4346,11.2455,6.0,-3,20.410408544513697,,7000.0,0.0,0.0,0.0,45.69726695931364,optimal
2021-02-13 14:30:00,7,103,0.0,0.0,0.0,0.3537333333333333,23.8665,6.0,-3,20.47889282576903,,0.0,0.0,0.0,0.0,45.54497668050995,optimal
2021-02-13 15:00:00,7,103,0.0,0.0,0.0,1.498,27.4575,6.0,-3,20.4003645416668,,0.0,0.0,0.0,0.0,45.39283869198506,optimal
2021-02-13 15:30:00,7,103,0.0,0.0,0.0,1.4744000000000002,27.3735,6.0,-3,20.33165912493548,,0.0,0.0,0.0,0.0,45.2408528414487,optimal
2021-02-13 16:00:00,7,103,0.0,0.0,0.0,0.3260333333333333,30.4605,6.0,-3,20.26187765784396,,0.0,0.0,0.0,0.0,45.08901897676288,optimal
2021-02-13 16:30:00,7,103,0.0,0.0,0.0,0.5003333333333333,30.0195,6.0,-3,20.18622650986196,,0.0,0.0,0.0,0.0,44.93733694594175,optimal
2021-02-13 17:00:00,7,103,0.0,0.0,0.0,0.4676666666666667,26.9325,6.0,-3,20.11794799998969,,0.0,0.0,0.0,0.0,44.78580659715143,optimal
2021-02-13 17:30:00,7,103,0.0,0.0,0.0,3.5573,14.595,6.0,-3,20.04765121185845,,0.0,0.0,0.0,0.0,44.6344277787099,optimal
2021-02-13 18:00:00,7,103,0.8033829505393651,0.0,0.0,1.957,12.4845,6.0,-3,20.0,,2811.8403268877782,0.0,0.0,0.0,44.483200339086814,optimal
2021-02-13 18:30:00,7,103,0.9580350724112632,0.0,0.0,0.4820666666666666,12.1275,6.0,-3,20.0,,3353.1227534394216,0.0,0.0,0.0,44.33212412690335,optimal
2021-02-13 19:00:00,7,103,1.6763416748968405,0.0,0.0,0.6006666666666667,12.1275,6.0,-3,20.0,,5867.195862138941,0.0,0.0,0.0,44.18119899093208,optimal
2021-02-13 19:30:00,7,103,0.0,0.0,0.0,0.7752,12.789,6.0,-3,20.059426508461925,,0.0,0.0,0.0,0.0,44.030424780096766,optimal
2021-02-13 20:00:00,7,103,1.6678556817708254,0.0,0.0,0.6202000000000001,11.907,6.0,-3,20.0,,3050.8282195312227,0.0,2786.6666666666665,0.0,43.879801343472295,optimal
2021-02-13 20:30:00,7,103,1.4132380952380952,0.0,0.0,0.6367333333333334,11.025,6.0,-3,20.0,,0.0,0.0,4946.333333333333,0.0,43.72932853028445,optimal
2021-02-13 21:00:00,7,103,0.3184761904761904,0.0,0.0,0.5280666666666667,8.2005,6.0,-3,19.934193726114326,,0.0,0.0,1114.6666666666663,0.0,43.685599201754165,optimal
2021-02-13 21:30:00,7,103,0.0,0.0,0.0,0.4011,9.5655,6.0,-3,19.869605897240845,,0.0,0.0,0.0,0.0,43.641913602552414,optimal
2021-02-13 22:00:00,7,103,0.0398095238095238,0.0,0.0,0.3126666666666667,7.056,6.0,-3,19.80289991806936,,0.0,0.0,139.33333333333331,0.0,43.598271688949865,optimal
2021-02-13 22:30:00,7,103,0.0,0.0,0.0,0.5033,9.3975,6.0,-3,19.73276413404572,,0.0,0.0,0.0,0.0,43.55467341726092,optimal
2021-02-13 23:00:00,7,103,0.0,0.0,0.0,0.2580666666666666,10.059,6.0,-3,19.666534416414105,,0.0,0.0,0.0,0.0,43.51111874384365,optimal
2021-02-13 23:30:00,7,103,0.0,0.0,0.0,0.0576666666666666,9.261,6.0,-3,19.589417763348884,,0.0,0.0,0.0,0.0,43.46760762509981,optimal
2021-02-07 00:00:00,8,103,2.0,0.0,0.0,0.048,8.274,6.0,-2,21.0,,7000.0,0.0,0.0,0.0,47.952,optimal
2021-02-07 00:30:00,8,103,2.0,0.0,0.0,0.1202666666666666,7.7175,6.0,-2,21.071717063000783,,7000.0,0.0,0.0,0.0,47.904048,optimal
2021-02-07 01:00:00,8,103,2.0,0.0,0.0,0.1770666666666666,6.615,6.0,-2,21.14417634295961,,7000.0,0.0,0.0,0.0,47.856143952,optimal
2021-02-07 01:30:00,8,103,2.0,0.0,0.0,0.0523333333333333,6.174,6.0,-2,21.2170138090198,,7000.0,0.0,0.0,0.0,47.80828780804799,optimal
2021-02-07 02:00:00,8,103,2.0,0.0,0.0,0.1911666666666666,3.906,6.0,-2,21.286612178505493,,7000.0,0.0,0.0,0.0,47.76047952023995,optimal
2021-02-07 02:30:00,8,103,2.0,0.0,0.0,0.1045,2.3415,6.0,-2,21.3586816848434,,7000.0,0.0,0.0,0.0,47.712719040719705,optimal
2021-02-07 03:00:00,8,103,2.0,0.0,0.0,0.0694666666666666,2.205,6.0,-2,21.42814619773456,,7000.0,0.0,0.0,0.0,47.66500632167899,optimal
2021-02-07 03:30:00,8,103,2.0,0.0,1.515803635252508,0.0817333333333333,0.882,6.0,-2,21.496104437931155,,7000.0,0.0,0.0,0.0,48.33734804210225,optimal
2021-02-07 04:00:00,8,103,2.0,0.0,0.0,0.1924666666666666,1.5435,6.0,-2,21.563785757344046,,7000.0,0.0,0.0,0.0,48.28901069406015,optimal
2021-02-07 04:30:00,8,103,2.0,0.0,0.0,0.048,1.5435,6.0,-2,21.63326417576395,,7000.0,0.0,0.0,0.0,48.24072168336608,optimal
2021-02-07 05:00:00,8,103,2.0,0.0,0.0,0.2380333333333333,5.0715,6.0,-2,21.699386310389787,,7000.0,0.0,0.0,0.0,48.19248096168271,optimal
2021-02-07 05:30:00,8,103,2.0,0.0,0.0,0.0576333333333333,5.376,6.0,-2,21.76920874902877,,7000.0,0.0,0.0,0.0,48.144288480721016,optimal
2021-02-07 06:00:00,8,103,2.0,0.0,0.0,0.1189333333333333,5.0715,6.0,-2,21.83491693184246,,7000.0,0.0,0.0,0.0,48.096144192240295,optimal
2021-02-07 06:30:00,8,103,2.0,0.0,0.0,0.1767333333333333,5.5125,6.0,-2,21.901617407472028,,7000.0,0.0,0.0,0.0,48.048048048048045,optimal
2021-02-07 07:00:00,8,103,1.866376208922237,0.0,0.0,1.0784,9.261,6.0,-2,21.96900516363236,,6532.316731227832,0.0,0.0,0.0,48.0,optimal
2021-02-07 07:30:00,8,103,0.0,0.0,0.0,1.0772,11.7075,6.0,-2,22.030956677638127,,0.0,0.0,0.0,0.0,47.86643037080804,optimal
2021-02-07 08:00:00,8,103,0.0,0.0,0.0,0.069,12.348,6.0,-2,21.95874281043984,,0.0,0.0,0.0,0.0,47.73299431124527,optimal
2021-02-07 08:30:00,8,103,0.0,0.0,0.0,0.1132,12.348,6.0,-2,21.884713048887978,,0.0,0.0,0.0,0.0,47.59969168774207,optimal
2021-02-07 09:00:00,8,103,0.0,0.0,0.0,0.1959,12.1275,6.0,-2,21.794389123296693,,0.0,0.0,0.0,0.0,47.46652236686237,optimal
2021-02-07 09:30:00,8,103,0.0,0.0,0.0,0.1194333333333333,12.5265,6.0,-2,21.70598900394408,,0.0,0.0,0.0,0.0,47.33348621530354,optimal
2021-02-07 10:00:00,8,103,0.0,0.0,0.0,0.9538666666666668,11.7495,6.0,-2,21.618354291363566,,0.0,0.0,0.0,0.0,47.200583099896285,optimal
2021-02-07 10:30:00,8,103,0.0,0.0,0.0,1.1432,13.23,6.0,-2,21.54104808228112,,0.0,0.0,0.0,0.0,47.06781288760443,optimal
2021-02-07 11:00:00,8,103,0.0,0.0,0.0,0.1132,14.3325,6.0,-2,21.459446519448417,,0.0,0.0,0.0,0.0,46.93517544552487,optimal
2021-02-07 11:30:00,8,103,0.0,0.0,0.0,0.0672,14.994,6.0,-2,21.37037139331515,,0.0,0.0,0.0,0.0,46.802670640887385,optimal
2021-02-07 12:00:00,8,103,0.0,0.0,0.0,0.2353333333333332,14.8155,6.0,-2,21.28073205401536,,0.0,0.0,0.0,0.0,46.67029834105454,optimal
2021-02-07 12:30:00,8,103,0.0,0.0,0.0,0.0834,14.112,6.0,-2,21.195038655934862,,0.0,0.0,0.0,0.0,46.538058413521526,optimal
2021-02-07 13:00:00,8,103,0.0,0.0,0.0,0.1469,14.007,6.0,-2,21.10653576299308,,0.0,0.0,0.0,0.0,46.40595072591604,optimal
2021-02-07 13:30:00,8,103,0.0,0.0,0.0,0.1565,13.23,6.0,-2,21.01977107982519,,0.0,0.0,0.0,0.0,46.273975145998165,optimal
2021-02-07 14:00:00,8,103,0.0,0.0,0.0,0.1101333333333333,11.382,6.0,-2,20.93382893855816,,0.0,0.0,0.0,0.0,46.142131541660206,optimal
2021-02-07 14:30:00,8,103,0.0,0.0,0.0,0.2055333333333333,11.7495,6.0,-2,20.847527486697107,,0.0,0.0,0.0,0.0,46.01041978092659,optimal
2021-02-07 15:00:00,8,103,0.0,0.0,0.0,0.058,24.3285,6.0,-2,20.763852600193445,,0.0,0.0,0.0,0.0,45.8788397319537,optimal
2021-02-07 15:30:00,8,103,0.0,0.0,0.0,0.2455666666666666,28.917,6.0,-2,20.677678518069268,,0.0,0.0,0.0,0.0,45.74739126302979,optimal
2021-02-07 16:00:00,8,103,0.0,0.0,0.0,0.2948,31.3635,6.0,-2,20.60175425584719,,0.0,0.0,0.0,0.0,45.6160742425748,optimal
2021-02-07 16:30:00,8,103,0.0,0.0,0.0,0.1601999999999999,33.306,6.0,-2,20.5326492482902,,0.0,0.0,0.0,0.0,45.48488853914027,optimal
2021-02-07 17:00:00,8,103,0.0,0.0,0.0,0.1911333333333333,31.3425,6.0,-2,20.463388796226354,,0.0,0.0,0.0,0.0,45.35383402140917,optimal
2021-02-07 17:30:00,8,103,0.0,0.0,0.0,0.1519,28.2555,6.0,-2,20.39697300563434,,0.0,0.0,0.0,0.0,45.2229105581958,optimal
2021-02-07 18:00:00,8,103,0.0,0.0,0.0,0.0585,15.6975,6.0,-2,20.3308645186912,,0.0,0.0,0.0,0.0,45.092118018445646,optimal
2021-02-07 18:30:00,8,103,0.0,0.0,0.0,0.2564666666666666,12.5475,6.0,-2,20.26489844939892,,0.0,0.0,0.0,0.0,44.96145627123524,optimal
2021-02-07 19:00:00,8,103,0.0,0.0,0.0,0.0752,12.0855,6.0,-2,20.200637304215984,,0.0,0.0,0.0,0.0,44.830925185772045,optimal
2021-02-07 19:30:00,8,103,0.0,0.0,0.0,0.1185,11.907,6.0,-2,20.12799792158468,,0.0,0.0,0.0,0.0,44.70052463139432,optimal
2021-02-07 20:00:00,8,103,0.0,0.0,0.0,0.8491000000000001,12.5685,6.0,-2,20.056307664461063,,0.0,0.0,0.0,0.0,44.57025447757096,optimal
2021-02-07 20:30:00,8,103,0.0,0.0,0.0,1.7018666666666666,13.146,6.0,-2,20.0,,0.0,0.0,0.0,0.0,44.44011459390144,optimal
2021-02-07 21:00:00,8,103,0.0,0.0,0.0,0.2649666666666666,10.584,6.0,-2,19.950382863227407,,0.0,0.0,0.0,0.0,44.31010485011557,optimal
2021-02-07 21:30:00,8,103,0.0,0.0,0.0,0.1381666666666666,6.678,6.0,-2,19.892478708436183,,0.0,0.0,0.0,0.0,44.26579474526545,optimal
2021-02-07 22:00:00,8,103,0.0,0.0,0.0,0.2565333333333333,7.938,6.0,-2,19.83371876809315,,0.0,0.0,0.0,0.0,44.22152895052019,optimal
2021-02-07 22:30:00,8,103,0.0,0.0,0.0,0.3177666666666666,5.292,6.0,-2,19.773365669598903,,0.0,0.0,0.0,0.0,44.17730742156967,optimal
2021-02-07 23:00:00,8,103,0.0,0.0,0.0,0.1132,9.261,6.0,-2,19.71162367242373,,0.0,0.0,0.0,0.0,44.133130114148095,optimal
2021-02-07 23:30:00,8,103,0.0,0.0,0.0,0.2011333333333333,10.3635,6.0,-2,19.638004466915028,,0.0,0.0,0.0,0.0,44.08899698403395,optimal
2021-02-08 00:00:00,8,103,2.0,0.0,0.0,0.1606,11.025,6.0,1,19.638004466915028,,7000.0,0.0,0.0,0.0,44.04490798704991,optimal
2021-02-08 00:30:00,8,103,2.0,0.0,0.0,0.219,5.9745,6.0,1,19.715701065394928,,0.0,0.0,7000.0,0.0,44.00086307906286,optimal
2021-02-08 01:00:00,8,103,2.0,0.0,0.0,0.1399,7.938,6.0,1,19.649693305231192,,2992.6666666666665,0.0,4007.3333333333335,0.0,43.9568622159838,optimal
2021-02-08 01:30:00,8,103,2.0,0.0,0.0,0.1529333333333333,8.6835,6.0,1,19.646853447621066,,7000.0,0.0,0.0,0.0,43.91290535376781,optimal
2021-02-08 02:00:00,8,103,2.0,0.0,0.0,0.2246,7.665,6.0,1,19.728977307883856,,7000.0,0.0,0.0,0.0,43.86899244841404,optimal
2021-02-08 02:30:00,8,103,2.0,0.0,0.0,0.229,6.7725,6.0,1,19.811084158718288,,7000.0,0.0,0.0,0.0,43.82512345596562,optimal
2021-02-08 03:00:00,8,103,2.0,0.0,0.0,0.1551333333333333,5.5755,6.0,1,19.891152217612422,,7000.0,0.0,0.0,0.0,43.78129833250966,optimal
2021-02-08 03:30:00,8,103,2.0,0.0,4.780714451207593,0.066,5.0925,6.0,1,19.96580302162181,,7000.0,0.0,0.0,0.0,46.00835639850075,optimal
2021-02-08 04:00:00,8,103,2.0,0.0,5.0,0.066,4.1895,6.0,1,20.035500016124534,,7000.0,0.0,0.0,0.0,48.33734804210225,optimal
2021-02-08 04:30:00,8,103,2.0,0.0,0.0,0.066,7.056,6.0,1,20.104653983331,,7000.0,0.0,0.0,0.0,48.28901069406015,optimal
2021-02-08 05:00:00,8,103,2.0,0.0,0.0,0.066,5.271,6.0,1,20.17304055264377,,7000.0,0.0,0.0,0.0,48.24072168336608,optimal
2021-02-08 05:30:00,8,103,2.0,0.0,0.0,0.066,7.938,6.0,1,20.24066320550366,,7000.0,0.0,0.0,0.0,48.19248096168271,optimal
2021-02-08 06:00:00,8,103,2.0,0.0,0.0,0.066,7.938,6.0,1,20.30775224169735,,7000.0,0.0,0.0,0.0,48.144288480721016,optimal
2021-02-08 06:30:00,8,103,2.0,0.0,0.0,0.066,11.907,6.0,1,20.374310082074388,,7000.0,0.0,0.0,0.0,48.096144192240295,optimal
2021-02-08 07:00:00,8,103,2.0,0.0,0.0,0.066,11.025,6.0,1,20.44033913650169,,7000.0,0.0,0.0,0.0,48.048048048048045,optimal
2021-02-08 07:30:00,8,103,2.0,0.0,0.0,0.3516333333333333,11.2875,6.0,1,20.5058418039134,,7000.0,0.0,0.0,0.0,48.0,optimal
2021-02-08 08:00:00,8,103,1.8128674066673696,0.0,0.0,0.3172,12.936,6.0,1,20.580278293156795,,6345.035923335793,0.0,0.0,0.0,47.732534976442736,optimal
2021-02-08 08:30:00,8,103,0.0,0.0,0.0,0.212,13.0095,6.0,1,20.64104139000575,,0.0,0.0,0.0,0.0,47.46533741790903,optimal
2021-02-08 09:00:00,8,103,0.0,0.0,0.0,1.6723666666666666,13.671,6.0,1,20.567365015792973,,0.0,0.0,0.0,0.0,47.19840705693386,optimal
2021-02-08 09:30:00,8,103,0.0,0.0,0.0,0.6112000000000001,13.188,6.0,1,20.500197432768264,,0.0,0.0,0.0,0.0,46.93174362631967,optimal
2021-02-08 10:00:00,8,103,0.0,0.0,0.0,1.6479666666666668,13.8495,6.0,1,20.433511123419382,,0.0,0.0,0.0,0.0,46.665346859136086,optimal
2021-02-08 10:30:00,8,103,2.0,0.0,0.0,0.3895,13.23,6.0,1,20.37785801915621,,7000.0,0.0,0.0,0.0,46.39921648871969,optimal
2021-02-08 11:00:00,8,103,0.0,0.0,0.0,1.3743333333333332,13.3665,6.0,1,20.448807683920588,,0.0,0.0,0.0,0.0,46.1333522486737,optimal
2021-02-08 11:30:00,8,103,2.0,0.0,0.0,3.941466666666666,13.0515,6.0,1,20.37559156959671,,7000.0,0.0,0.0,0.0,45.867753872867766,optimal
2021-02-08 12:00:00,8,103,0.0,0.0,0.0,1.872933333333333,13.5345,6.0,1,20.47529636061132,,0.0,0.0,0.0,0.0,45.602421095437634,optimal
2021-02-08 12:30:00,8,103,0.0,0.0,0.0,0.1315333333333333,14.154,6.0,1,20.40679934824133,,0.0,0.0,0.0,0.0,45.33735365078493,optimal
2021-02-08 13:00:00,8,103,0.0,0.0,0.0,0.1144333333333333,14.112,6.0,1,20.32901121605463,,0.0,0.0,0.0,0.0,45.072551273576885,optimal
2021-02-08 13:30:00,8,103,0.0,0.0,0.0,1.051,14.2485,6.0,1,20.250734031409817,,0.0,0.0,0.0,0.0,44.808013698746045,optimal
2021-02-08 14:00:00,8,103,2.0,0.0,0.0,0.074,12.789,6.0,1,20.17515441672705,,7000.0,0.0,0.0,0.0,44.543740661490034,optimal
2021-02-08 14:30:00,8,103,2.0,0.0,0.0,0.0842666666666666,13.0095,6.0,1,20.24561579692428,,7000.0,0.0,0.0,0.0,44.27973189727128,optimal
2021-02-08 15:00:00,8,103,2.0,0.0,0.0,0.1005666666666666,12.1275,6.0,1,20.317398172070853,,7000.0,0.0,0.0,0.0,44.01598714181675,optimal
2021-02-08 15:30:00,8,103,2.0,0.0,0.0,0.2355,12.348,6.0,1,20.38940162837853,,7000.0,0.0,0.0,0.0,43.75250613111767,optimal
2021-02-08 16:00:00,8,103,2.0,0.0,0.0,0.6167333333333334,12.348,6.0,1,20.46713482158711,,7000.0,0.0,0.0,0.0,43.48928860142929,optimal
2021-02-08 16:30:00,8,103,0.0,0.0,0.0,0.21,25.389,6.0,1,20.55233928869329,,0.0,0.0,0.0,0.0,43.2263342892706,optimal
2021-02-08 17:00:00,8,103,0.0,0.0,0.0,0.076,29.1375,6.0,1,20.472085652992,,0.0,0.0,0.0,0.0,42.96364293142406,optimal
2021-02-08 17:30:00,8,103,0.0,0.0,0.0,0.076,30.597,6.0,1,20.38437951022646,,0.0,0.0,0.0,0.0,42.70121426493537,optimal
2021-02-08 18:00:00,8,103,0.0,0.0,0.0,2.4491666666666667,33.684,6.0,1,20.296163925850177,,0.0,0.0,0.0,0.0,42.65851305067044,optimal
2021-02-08 18:30:00,8,103,0.0,0.0,0.0,0.4359333333333333,32.445,6.0,1,20.2464438270878,,0.0,0.0,0.0,0.0,42.61585453761977,optimal
2021-02-08 19:00:00,8,103,0.0,0.0,0.0,0.076,28.917,6.0,1,20.175727866265344,,0.0,0.0,0.0,0.0,42.57323868308215,optimal
2021-02-08 19:30:00,8,103,0.0,0.0,0.0,0.076,15.876,6.0,1,20.08800519938569,,0.0,0.0,0.0,0.0,42.53066544439906,optimal
2021-02-08 20:00:00,8,103,1.1982998270582823,0.0,0.0,0.076,12.348,6.0,1,20.0,,4194.049394703989,0.0,0.0,0.0,42.48813477895467,optimal
2021-02-08 20:30:00,8,103,0.0,0.0,0.0,0.076,12.1275,6.0,1,20.0,,0.0,0.0,0.0,0.0,42.44564664417571,optimal
2021-02-08 21:00:00,8,103,0.0,0.0,0.0,0.076,12.348,6.0,1,19.91125988158856,,0.0,0.0,0.0,0.0,42.403200997531535,optimal
2021-02-08 21:30:00,8,103,0.0,0.0,0.0,0.076,12.1275,6.0,1,19.822468680665963,,0.0,0.0,0.0,0.0,42.360797796534,optimal
2021-02-08 22:00:00,8,103,0.0,0.0,0.0,0.076,12.1275,6.0,1,19.734760799677566,,0.0,0.0,0.0,0.0,42.31843699873747,optimal
2021-02-08 22:30:00,8,103,0.0,0.0,0.0,0.076,11.2665,6.0,1,19.648131323944444,,0.0,0.0,0.0,0.0,42.27611856173873,optimal
2021-02-08 23:00:00,8,103,0.0,0.0,0.0,0.076,10.143,6.0,1,19.56166802452388,,0.0,0.0,0.0,0.0,42.23384244317699,optimal
2021-02-08 23:30:00,8,103,0.0,0.0,0.0,0.0743333333333333,11.2455,6.0,1,19.475370147526657,,0.0,0.0,0.0,0.0,42.191608600733815,optimal
2021-02-09 00:00:00,8,103,2.0,0.0,0.0,0.057,11.7705,6.0,-4,19.475370147526657,,7000.0,0.0,0.0,0.0,42.14941699213309,optimal
2021-02-09 00:30:00,8,103,2.0,0.0,3.8010915524558633,0.057,11.13,6.0,-4,19.541537153249177,,0.0,0.0,7000.0,0.0,43.91278606255748,optimal
2021-02-09 01:00:00,8,103,2.0,0.0,0.0,0.1970666666666666,11.6865,6.0,-4,19.46027795972895,,5570.333333333333,0.0,1429.6666666666667,0.0,43.86887327649492,optimal
2021-02-09 01:30:00,8,103,2.0,0.0,5.0,0.057,10.7205,6.0,-4,19.49982049628932,,7000.0,0.0,0.0,0.0,46.200004403218415,optimal
2021-02-09 02:00:00,8,103,2.0,0.0,0.0,0.057,11.424,6.0,-4,19.565876578535136,,7000.0,0.0,0.0,0.0,46.15380439881519,optimal
2021-02-09 02:30:00,8,103,2.0,0.0,5.0,0.2034,10.689,6.0,-4,19.63117931700867,,7000.0,0.0,0.0,0.0,48.48265059441637,optimal
2021-02-09 03:00:00,8,103,2.0,0.0,0.0,0.0663333333333333,11.361,6.0,-4,19.699361092265608,,7000.0,0.0,0.0,0.0,48.434167943821954,optimal
2021-02-09 03:30:00,8,103,2.0,0.0,0.0,0.057,11.571,6.0,-4,19.76451192212161,,7000.0,0.0,0.0,0.0,48.38573377587813,optimal
2021-02-09 04:00:00,8,103,2.0,0.0,0.0,0.1970666666666666,14.3745,6.0,-4,19.829820851608424,,7000.0,0.0,0.0,0.0,48.33734804210225,optimal
2021-02-09 04:30:00,8,103,2.0,0.0,0.0,0.0593333333333333,13.23,6.0,-4,19.898235623932017,,7000.0,0.0,0.0,0.0,48.28901069406015,optimal
2021-02-09 05:00:00,8,103,2.0,0.0,0.0,0.067,13.9755,6.0,-4,19.96293789140078,,7000.0,0.0,0.0,0.0,48.24072168336608,optimal
2021-02-09 05:30:00,8,103,2.0,0.0,0.0,0.1997333333333333,14.994,6.0,-4,20.02689295692548,,7000.0,0.0,0.0,0.0,48.19248096168271,optimal
2021-02-09 06:00:00,8,103,2.0,0.0,0.0,0.057,13.671,6.0,-4,20.093506339058223,,7000.0,0.0,0.0,0.0,48.144288480721016,optimal
2021-02-09 06:30:00,8,103,0.0,0.0,0.0,0.057,15.981,6.0,-4,20.15686905695212,,0.0,0.0,0.0,0.0,48.096144192240295,optimal
2021-02-09 07:00:00,8,103,1.0061736690682883,0.0,0.0,0.1589333333333333,15.6345,6.0,-4,20.07236462948755,,3521.6078417390104,0.0,0.0,0.0,48.048048048048045,optimal
2021-02-09 07:30:00,8,103,0.0,0.0,0.0,0.9393333333333334,16.5375,6.0,-4,20.072440966617616,,0.0,0.0,0.0,0.0,48.0,optimal
2021-02-09 08:00:00,8,103,2.0,0.0,0.0,0.0906333333333333,14.7735,6.0,-4,20.0,,7000.0,0.0,0.0,0.0,47.76469767562714,optimal
2021-02-09 08:30:00,8,103,0.0735929487595024,0.0,0.0,0.8134333333333332,15.2145,6.0,-4,20.0728718357102,,257.57532065825853,0.0,0.0,0.0,47.52963065357866,optimal
2021-02-09 09:00:00,8,103,1.891473366891127,0.0,0.0,0.067,14.553,6.0,-4,20.0,,4599.823450785611,0.0,2020.3333333333333,0.0,47.29479869855222,optimal
2021-02-09 09:30:00,8,103,2.0,0.0,0.0,0.2070666666666666,14.3325,6.0,-4,20.00795752966717,,7000.0,0.0,0.0,0.0,47.06020157548081,optimal
2021-02-09 10:00:00,8,103,2.0,0.0,0.0,0.067,14.595,6.0,-4,20.070713119015995,,7000.0,0.0,0.0,0.0,46.82583904953247,optimal
2021-02-09 10:30:00,8,103,0.0,0.0,0.0,0.1688666666666666,14.994,6.0,-4,20.131596552423503,,0.0,0.0,0.0,0.0,46.59171088611008,optimal
2021-02-09 11:00:00,8,103,2.0,0.0,0.0,0.1052,14.3325,6.0,-4,20.048129427915576,,7000.0,0.0,0.0,0.0,46.35781685085111,optimal
2021-02-09 11:30:00,8,103,2.0,0.0,0.0,0.067,13.8915,6.0,-4,20.112187785093496,,7000.0,0.0,0.0,0.0,46.1241567096274,optimal
2021-02-09 12:00:00,8,103,2.0,0.0,0.0,0.2070666666666666,13.8915,6.0,-4,20.17537823838588,,7000.0,0.0,0.0,0.0,45.89073022854491,optimal
2021-02-09 12:30:00,8,103,2.0,0.0,0.0,0.067,13.4715,6.0,-4,20.24145731245153,,7000.0,0.0,0.0,0.0,45.65753717394351,optimal
2021-02-09 13:00:00,8,103,2.0,0.0,0.0,1.918,13.23,6.0,-4,20.304061312124503,,7000.0,0.0,0.0,0.0,45.42457731239671,optimal
2021-02-09 13:30:00,8,103,2.0,0.0,0.0,2.9541,13.8915,6.0,-4,20.3768402118121,,7000.0,0.0,0.0,0.0,45.19185041071145,optimal
2021-02-09 14:00:00,8,103,0.0,0.0,0.0,1.1998666666666666,26.9325,6.0,-4,20.45669638380941,,0.0,0.0,0.0,0.0,44.959356235927885,optimal
2021-02-09 14:30:00,8,103,0.0,0.0,0.0,1.5612666666666668,30.303,6.0,-4,20.383229538940235,,0.0,0.0,0.0,0.0,44.7270945553191,optimal
2021-02-09 15:00:00,8,103,0.0,0.0,0.0,0.7258333333333333,32.886,6.0,-4,20.322425162616675,,0.0,0.0,0.0,0.0,44.49506513639092,optimal
2021-02-09 15:30:00,8,103,0.0,0.0,0.0,1.9108333333333327,34.9965,6.0,-4,20.24983091122165,,0.0,0.0,0.0,0.0,44.26326774688168,optimal
2021-02-09 16:00:00,8,103,0.0,0.0,0.0,0.1588666666666666,33.327,6.0,-4,20.18488031195188,,0.0,0.0,0.0,0.0,44.03170215476193,optimal
2021-02-09 16:30:00,8,103,0.0,0.0,0.0,1.6267,31.122,6.0,-4,20.117167851796424,,0.0,0.0,0.0,0.0,43.80036812823431,optimal
2021-02-09 17:00:00,8,103,0.0,0.0,0.0,1.1824,17.9025,6.0,-4,20.05698234830502,,0.0,0.0,0.0,0.0,43.56926543573322,optimal
2021-02-09 17:30:00,8,103,0.846252886046329,0.0,0.0,0.4055666666666667,15.6555,6.0,-4,20.0,,2961.8851011621514,0.0,0.0,0.0,43.33839384592463,optimal
2021-02-09 18:00:00,8,103,0.6822618997020526,0.0,0.0,2.0928,14.553,6.0,-4,20.0,,2387.9166489571844,0.0,0.0,0.0,43.10775312770585,optimal
2021-02-09 18:30:00,8,103,0.8722440635444036,0.0,0.0,0.4266666666666667,14.3325,6.0,-4,20.0,,2565.187555738746,0.0,487.6666666666667,0.0,42.87734305020528,optimal
2021-02-09 19:00:00,8,103,0.7394776559581838,0.0,0.0,2.263866666666667,13.335,6.0,-4,20.0,,2588.171795853644,0.0,0.0,0.0,42.64716338278222,optimal
2021-02-09 19:30:00,8,103,2.0,0.0,0.0,2.3791666666666664,12.1275,6.0,-4,20.0,,4631.333333333334,0.0,2368.6666666666665,0.0,42.41721389502658,optimal
2021-02-09 20:00:00,8,103,0.2057129835930245,0.0,0.0,0.643,12.2955,6.0,-4,20.04735250372371,,719.9954425755859,0.0,0.0,0.0,42.18749435675869,optimal
2021-02-09 20:30:00,8,103,0.1194285714285714,0.0,0.0,2.3945333333333334,11.6865,6.0,-4,20.0,,0.0,0.0,418.0,0.0,42.14530686240193,optimal
2021-02-09 21:00:00,8,103,0.0,0.0,0.0,0.3623333333333333,11.466,6.0,-4,19.947983670827423,,0.0,0.0,0.0,0.0,42.10316155553953,optimal
2021-02-09 21:30:00,8,103,0.7165714285714285,0.0,0.0,2.3548,10.8045,6.0,-4,19.891315597059723,,0.0,0.0,2508.0,0.0,42.06105839398399,optimal
2021-02-09 22:00:00,8,103,0.0,0.0,0.0,2.303033333333333,10.584,6.0,-4,19.833505393945003,,0.0,0.0,0.0,0.0,42.01899733559001,optimal
2021-02-09 22:30:00,8,103,0.0,0.0,0.0,0.8616,11.2455,6.0,-4,19.7764404300921,,0.0,0.0,0.0,0.0,41.97697833825442,optimal
2021-02-09 23:00:00,8,103,0.0,0.0,0.0,0.2217666666666666,12.1275,6.0,-4,19.713679523261955,,0.0,0.0,0.0,0.0,41.93500135991616,optimal
2021-02-09 23:30:00,8,103,0.0,0.0,0.0,0.2199,11.823,6.0,-4,19.63567984076726,,0.0,0.0,0.0,0.0,41.89306635855625,optimal
2021-02-10 00:00:00,8,103,2.0,0.0,0.0,0.062,11.844,6.0,-4,19.63567984076726,,7000.0,0.0,0.0,0.0,41.85117329219769,optimal
2021-02-10 00:30:00,8,103,2.0,0.0,0.0,0.3596666666666667,11.508,6.0,-4,19.703673624425647,,5397.666666666667,0.0,1602.3333333333333,0.0,41.8093221189055,optimal
2021-02-10 01:00:00,8,103,2.0,0.0,0.0,0.0766666666666666,11.508,6.0,-4,19.74549672966885,,7000.0,0.0,0.0,0.0,41.76751279678659,optimal
2021-02-10 01:30:00,8,103,2.0,0.0,5.0,0.064,10.4475,6.0,-4,19.81075598996295,,7000.0,0.0,0.0,0.0,44.1007452839898,optimal
2021-02-10 02:00:00,8,103,2.0,0.0,4.415073389703971,0.064,10.8675,6.0,-4,19.87322363185569,,7000.0,0.0,0.0,0.0,46.15380439881519,optimal
2021-02-10 02:30:00,8,103,2.0,0.0,5.0,0.064,10.542,6.0,-4,19.9349542095918,,7000.0,0.0,0.0,0.0,48.48265059441637,optimal
2021-02-10 03:00:00,8,103,2.0,0.0,0.0,0.064,11.025,6.0,-4,19.9964047352776,,7000.0,0.0,0.0,0.0,48.434167943821954,optimal
2021-02-10 03:30:00,8,103,2.0,0.0,0.0,0.064,11.025,6.0,-4,20.057576479420423,,7000.0,0.0,0.0,0.0,48.38573377587813,optimal
2021-02-10 04:00:00,8,103,2.0,0.0,0.0,0.064,14.553,6.0,-4,20.11847070676372,,7000.0,0.0,0.0,0.0,48.33734804210225,optimal
2021-02-10 04:30:00,8,103,2.0,0.0,0.0,0.064,13.0935,6.0,-4,20.179088676313143,,7000.0,0.0,0.0,0.0,48.28901069406015,optimal
2021-02-10 05:00:00,8,103,2.0,0.0,0.0,0.064,15.6345,6.0,-4,20.23897797308264,,7000.0,0.0,0.0,0.0,48.24072168336608,optimal
2021-02-10 05:30:00,8,103,0.0,0.0,0.0,0.064,18.102,6.0,-4,20.298141902829453,,0.0,0.0,0.0,0.0,48.19248096168271,optimal
2021-02-10 06:00:00,8,103,1.8028072738064949,0.0,0.0,0.064,17.199,6.0,-4,20.209230901647743,,6309.825458322732,0.0,0.0,0.0,48.144288480721016,optimal
2021-02-10 06:30:00,8,103,0.0,0.0,0.0,0.064,18.2805,6.0,-4,20.25309399229977,,0.0,0.0,0.0,0.0,48.096144192240295,optimal
2021-02-10 07:00:00,8,103,0.0,0.0,0.0,0.064,17.4615,6.0,-4,20.16484102747905,,0.0,0.0,0.0,0.0,48.048048048048045,optimal
2021-02-10 07:30:00,8,103,0.0,0.0,0.0,0.6975,18.3225,6.0,-4,20.077895774926084,,0.0,0.0,0.0,0.0,48.0,optimal
2021-02-10 08:00:00,8,103,2.0,0.0,0.0,0.5686666666666667,17.094,6.0,-4,20.0,,7000.0,0.0,0.0,0.0,47.89549905042951,optimal
2021-02-10 08:30:00,8,103,2.0,0.0,0.0,0.217,17.094,6.0,-4,20.072274156854466,,7000.0,0.0,0.0,0.0,47.79110260180859,optimal
2021-02-10 09:00:00,8,103,2.0,0.0,0.0,0.327,17.094,6.0,-4,20.14001995405781,,7000.0,0.0,0.0,0.0,47.68681054963629,optimal
2021-02-10 09:30:00,8,103,2.0,0.0,0.0,0.124,17.3565,6.0,-4,20.204230746076284,,7000.0,0.0,0.0,0.0,47.582622789516165,optimal
2021-02-10 10:00:00,8,103,2.0,0.0,0.0,0.064,17.115,6.0,-4,20.263717783878143,,7000.0,0.0,0.0,0.0,47.47853921715616,optimal
2021-02-10 10:30:00,8,103,2.0,0.0,0.0,0.064,17.241,6.0,-4,20.32154779194816,,7000.0,0.0,0.0,0.0,47.3745597283685,optimal
2021-02-10 11:00:00,8,103,2.0,0.0,0.0,0.064,17.094,6.0,-4,20.379795946035298,,7000.0,0.0,0.0,0.0,47.27068421906964,optimal
2021-02-10 11:30:00,8,103,2.0,0.0,0.0,0.065,16.5165,6.0,-4,20.43846035051322,,7000.0,0.0,0.0,0.0,47.16691258528008,optimal
2021-02-10 12:00:00,8,103,2.0,0.0,0.0,0.0696666666666666,17.8185,6.0,-4,20.497312281476407,,7000.0,0.0,0.0,0.0,47.06324472312431,optimal
2021-02-10 12:30:00,8,103,2.0,0.0,0.0,0.072,17.094,6.0,-4,20.556350889946483,,7000.0,0.0,0.0,0.0,46.95968052883069,optimal
2021-02-10 13:00:00,8,103,2.0,0.0,0.0,0.074,16.8945,6.0,-4,20.61512165897693,,7000.0,0.0,0.0,0.0,46.85621989873137,optimal
2021-02-10 13:30:00,8,103,1.565639857496263,0.0,0.0,0.074,18.123,6.0,-4,20.673625803375373,,5479.739501236922,0.0,0.0,0.0,46.75286272926215,optimal
2021-02-10 14:00:00,8,103,0.0,0.0,0.0,0.074,31.647,6.0,-4,20.70076976611277,,0.0,0.0,0.0,0.0,46.64960891696239,optimal
2021-02-10 14:30:00,8,103,0.0,0.0,0.0,0.074,34.9965,6.0,-4,20.613347170439244,,0.0,0.0,0.0,0.0,46.546458358474936,optimal
2021-02-10 15:00:00,8,103,0.0,0.0,0.0,0.074,34.9965,6.0,-4,20.526321183351897,,0.0,0.0,0.0,0.0,46.44341095054597,optimal
2021-02-10 15:30:00,8,103,0.0,0.0,0.0,0.074,34.9965,6.0,-4,20.43969000429924,,0.0,0.0,0.0,0.0,46.34046659002493,optimal
2021-02-10 16:00:00,8,103,0.0,0.0,0.0,0.074,34.9965,6.0,-4,20.352544506866444,,0.0,0.0,0.0,0.0,46.237625173864416,optimal
2021-02-10 16:30:00,8,103,0.0,0.0,0.0,0.074,34.9965,6.0,-4,20.26488702245665,,0.0,0.0,0.0,0.0,46.13488659912006,optimal
2021-02-10 17:00:00,8,103,0.0,0.0,0.0,0.074,27.741,6.0,-4,20.17671987568859,,0.0,0.0,0.0,0.0,46.03225076295045,optimal
2021-02-10 17:30:00,8,103,0.0,0.0,0.0,0.074,19.026,6.0,-4,20.08804537673715,,0.0,0.0,0.0,0.0,45.92971756261701,optimal
2021-02-10 18:00:00,8,103,0.9317827681420596,0.0,0.0,1.0866,18.7215,6.0,-4,20.0,,3261.2396884972086,0.0,0.0,0.0,45.8272868954839,optimal
2021-02-10 18:30:00,8,103,0.9595940288316596,0.0,0.0,0.5396,17.4195,6.0,-4,20.0,,3358.5791009108084,0.0,0.0,0.0,45.72495865901793,optimal
2021-02-10 19:00:00,8,103,0.6635805276165138,0.0,0.0,2.191,16.758,6.0,-4,20.0,,2322.5318466577983,0.0,0.0,0.0,45.62273275078842,optimal
2021-02-10 19:30:00,8,103,1.001359232214181,0.0,0.0,0.6614,14.217,6.0,-4,20.0,,3295.757312749635,0.0,209.0,0.0,45.520609068467145,optimal
2021-02-10 20:00:00,8,103,1.0519950796690225,0.0,0.0,0.367,13.3665,6.0,-4,20.0,,3472.982778841578,0.0,209.0,0.0,45.418587509828185,optimal
2021-02-10 20:30:00,8,103,0.0,0.0,0.0,0.3589,12.789,6.0,-4,20.0,,0.0,0.0,0.0,0.0,45.316667972747865,optimal
2021-02-10 21:00:00,8,103,0.0597142857142857,0.0,0.0,0.5727000000000001,11.907,6.0,-4,19.927848494969144,,0.0,0.0,209.0,0.0,45.21485035520463,optimal
2021-02-10 21:30:00,8,103,0.0796190476190476,0.0,0.0,0.2275,11.7075,6.0,-4,19.856807903865025,,0.0,0.0,278.66666666666663,0.0,45.113134555278926,optimal
2021-02-10 22:00:00,8,103,1.472952380952381,0.0,0.0,0.7025,10.8045,6.0,-4,19.769792438042053,,0.0,0.0,5155.333333333333,0.0,45.01152047115316,optimal
2021-02-10 22:30:00,8,103,0.0,0.0,0.0,1.5907,11.508,6.0,-4,19.685951993693084,,0.0,0.0,0.0,0.0,44.91000800111151,optimal
2021-02-10 23:00:00,8,103,0.0,0.0,0.0,0.4481333333333333,11.508,6.0,-4,19.61430499997308,,0.0,0.0,0.0,0.0,44.8650979931104,optimal
2021-02-10 23:30:00,8,103,0.0,0.0,0.0,0.3698,11.508,6.0,-4,19.533887611003504,,0.0,0.0,0.0,0.0,44.820232895117286,optimal
2021-02-11 00:00:00,8,103,2.0,0.0,0.0,0.051,11.2455,6.0,2,19.533887611003504,,7000.0,0.0,0.0,0.0,44.775412662222166,optimal
2021-02-11 00:30:00,8,103,2.0,0.0,0.0,0.051,11.2455,6.0,2,19.581866501220844,,0.0,0.0,7000.0,0.0,44.73063724955994,optimal
2021-02-11 01:00:00,8,103,2.0,0.0,0.0,0.1158,11.025,6.0,2,19.482728540046267,,6615.333333333332,0.0,384.6666666666677,0.0,44.68590661231038,optimal
2021-02-11 01:30:00,8,103,2.0,0.0,0.0,0.051,12.0855,6.0,2,19.525113535523094,,7000.0,0.0,0.0,0.0,44.64122070569808,optimal
2021-02-11 02:00:00,8,103,2.0,0.0,0.0,0.1158,11.6865,6.0,2,19.574039567497906,,7000.0,0.0,0.0,0.0,44.596579484992375,optimal
2021-02-11 02:30:00,8,103,2.0,0.0,0.0,0.051,11.2245,6.0,2,19.624107704011,,7000.0,0.0,0.0,0.0,44.55198290550738,optimal
2021-02-11 03:00:00,8,103,2.0,0.0,0.0,0.1158,11.025,6.0,2,19.672130962564182,,7000.0,0.0,0.0,0.0,44.50743092260187,optimal
2021-02-11 03:30:00,8,103,2.0,0.0,0.0,0.051,10.7835,6.0,2,19.72084675297224,,7000.0,0.0,0.0,0.0,44.46292349167927,optimal
2021-02-11 04:00:00,8,103,2.0,0.0,0.0,0.1158,11.025,6.0,2,19.76911163956595,,7000.0,0.0,0.0,0.0,44.41846056818759,optimal
2021-02-11 04:30:00,8,103,2.0,0.0,3.333786947307275,0.051,10.584,6.0,2,19.819655800805005,,7000.0,0.0,0.0,0.0,45.95759090759036,optimal
2021-02-11 05:00:00,8,103,2.0,0.0,0.0,0.1122,11.025,6.0,2,19.868606592791043,,7000.0,0.0,0.0,0.0,45.91163331668277,optimal
2021-02-11 05:30:00,8,103,2.0,0.0,5.0,0.0546,10.4265,6.0,2,19.91862359551893,,7000.0,0.0,0.0,0.0,48.24072168336608,optimal
2021-02-11 06:00:00,8,103,2.0,0.0,0.0,0.1158,12.789,6.0,2,19.96833535418116,,7000.0,0.0,0.0,0.0,48.19248096168271,optimal
2021-02-11 06:30:00,8,103,2.0,0.0,0.0,0.051,12.684,6.0,2,20.020244042020988,,7000.0,0.0,0.0,0.0,48.144288480721016,optimal
2021-02-11 07:00:00,8,103,2.0,0.0,0.0,0.051,16.254,6.0,2,20.071687340883617,,7000.0,0.0,0.0,0.0,48.096144192240295,optimal
2021-02-11 07:30:00,8,103,2.0,0.0,0.0,0.1138,17.64,6.0,2,20.124031428517267,,7000.0,0.0,0.0,0.0,48.048048048048045,optimal
2021-02-11 08:00:00,8,103,1.977203443639289,0.0,0.0,1.1605,19.1625,6.0,2,20.182651235221016,,6920.212052737513,0.0,0.0,0.0,48.0,optimal
2021-02-11 08:30:00,8,103,0.0,0.0,0.0,0.4899,26.46,6.0,2,20.25341651725442,,0.0,0.0,0.0,0.0,47.90089826466411,optimal
2021-02-11 09:00:00,8,103,0.0,0.0,0.0,0.0926666666666666,20.79,6.0,2,20.170920298788463,,0.0,0.0,0.0,0.0,47.80189563106355,optimal
2021-02-11 09:30:00,8,103,0.0,0.0,0.0,0.0878,29.106,6.0,2,20.082174255844475,,0.0,0.0,0.0,0.0,47.7029920000966,optimal
2021-02-11 10:00:00,8,103,2.0,0.0,0.0,0.1194,19.1835,6.0,2,20.0,,7000.0,0.0,0.0,0.0,47.60418727276061,optimal
2021-02-11 10:30:00,8,103,0.0,0.0,0.0,0.2920666666666666,19.6665,6.0,2,20.08021371199592,,0.0,0.0,0.0,0.0,47.50548135015196,optimal
2021-02-11 11:00:00,8,103,0.8569523706848824,0.0,0.0,0.5756,19.404,6.0,2,20.010116361285235,,2999.333297397088,0.0,0.0,0.0,47.40687413346592,optimal
2021-02-11 11:30:00,8,103,2.0,0.0,0.0,0.8692000000000001,19.047,6.0,2,20.0,,7000.0,0.0,0.0,0.0,47.30836552399656,optimal
2021-02-11 12:00:00,8,103,2.0,0.0,0.0,0.3785,18.858,6.0,2,20.090855077273776,,7000.0,0.0,0.0,0.0,47.20995542313668,optimal
2021-02-11 12:30:00,8,103,1.9305406945947765,0.0,0.0,0.3569,19.2675,6.0,2,20.167830690574835,,6756.892431081717,0.0,0.0,0.0,47.11164373237765,optimal
2021-02-11 13:00:00,8,103,2.0,0.0,0.0,0.1258,18.963,6.0,2,20.23457835758781,,7000.0,0.0,0.0,0.0,47.01343035330938,optimal
2021-02-11 13:30:00,8,103,2.0,0.0,0.0,0.061,18.438,6.0,2,20.30179700514956,,7000.0,0.0,0.0,0.0,46.91531518762018,optimal
2021-02-11 14:00:00,8,103,2.0,0.0,0.0,0.1258,18.7425,6.0,2,20.36780030488304,,7000.0,0.0,0.0,0.0,46.81729813709667,optimal
2021-02-11 14:30:00,8,103,2.0,0.0,0.0,0.061,15.2145,6.0,2,20.435321903456504,,7000.0,0.0,0.0,0.0,46.71937910362368,optimal
2021-02-11 15:00:00,8,103,2.0,0.0,0.0,0.1258,17.7765,6.0,2,20.49958527254874,,7000.0,0.0,0.0,0.0,46.62155798918417,optimal
2021-02-11 15:30:00,8,103,2.0,0.0,0.0,0.061,16.758,6.0,2,20.56333332511172,,7000.0,0.0,0.0,0.0,46.52383469585909,optimal
2021-02-11 16:00:00,8,103,2.0,0.0,0.0,0.061,16.422,6.0,2,20.62021092133417,,7000.0,0.0,0.0,0.0,46.42620912582734,optimal
2021-02-11 16:30:00,8,103,2.0,0.0,0.0,0.3672666666666666,16.758,6.0,2,20.67161329486917,,7000.0,0.0,0.0,0.0,46.32868118136562,optimal
2021-02-11 17:00:00,8,103,0.0,0.0,0.0,0.389,29.358,6.0,2,20.727560275946832,,0.0,0.0,0.0,0.0,46.23125076484837,optimal
2021-02-11 17:30:00,8,103,0.0,0.0,0.0,1.8834,34.9965,6.0,2,20.6352515950496,,0.0,0.0,0.0,0.0,46.13391777874763,optimal
2021-02-11 18:00:00,8,103,0.0,0.0,0.0,0.079,34.65,6.0,2,20.55450615754884,,0.0,0.0,0.0,0.0,46.03668212563299,optimal
2021-02-11 18:30:00,8,103,0.0,0.0,0.0,0.061,34.9965,6.0,2,20.446983618771128,,0.0,0.0,0.0,0.0,45.93954370817147,optimal
2021-02-11 19:00:00,8,103,0.0,0.0,0.0,0.061,34.9965,6.0,2,20.3357137879246,,0.0,0.0,0.0,0.0,45.84250242912741,optimal
2021-02-11 19:30:00,8,103,0.0,0.0,0.0,0.0718,30.4815,6.0,2,20.221092572625285,,0.0,0.0,0.0,0.0,45.74555819136239,optimal
2021-02-11 20:00:00,8,103,0.0,0.0,0.0,0.6398333333333334,21.4305,6.0,2,20.10358935558578,,0.0,0.0,0.0,0.0,45.64871089783514,optimal
2021-02-11 20:30:00,8,103,0.0,0.0,0.0,0.5094,14.3325,6.0,2,20.0,,0.0,0.0,0.0,0.0,45.55196045160141,optimal
2021-02-11 21:00:00,8,103,0.2189523809523809,0.0,0.0,0.505,13.692,6.0,2,19.895945639506955,,0.0,0.0,766.3333333333333,0.0,45.45530675581392,optimal
2021-02-11 21:30:00,8,103,0.0,0.0,0.0,0.3414,14.007,6.0,2,19.794682776733747,,0.0,0.0,0.0,0.0,45.35874971372221,optimal
2021-02-11 22:00:00,8,103,0.0,0.0,0.0,2.285,12.873,6.0,2,19.69431358808073,,0.0,0.0,0.0,0.0,45.2622892286726,optimal
2021-02-11 22:30:00,8,103,0.0,0.0,0.0,1.4938,12.684,6.0,2,19.627677567176423,,0.0,0.0,0.0,0.0,45.16592520410804,optimal
2021-02-11 23:00:00,8,103,0.0995238095238095,0.0,0.0,0.7218,12.306,6.0,2,19.54029662106721,,0.0,0.0,348.3333333333333,0.0,45.069657543568034,optimal
2021-02-11 23:30:00,8,103,0.0597142857142857,0.0,0.0,0.2574333333333333,10.6365,6.0,2,19.444674358974225,,0.0,0.0,209.0,0.0,45.02458788602446,optimal
2021-02-12 00:00:00,8,103,2.0,0.0,5.0,0.1531999999999999,8.1585,6.0,1,19.444674358974225,,7000.0,0.0,0.0,0.0,47.35456329813844,optimal
2021-02-12 00:30:00,8,103,2.0,0.0,0.0,0.1326,10.3635,6.0,1,19.480725628785933,,0.0,0.0,7000.0,0.0,47.3072087348403,optimal
2021-02-12 01:00:00,8,103,2.0,0.0,0.0,0.0984,10.8045,6.0,1,19.36882685235512,,5361.333333333333,0.0,1638.6666666666667,0.0,47.25990152610546,optimal
2021-02-12 01:30:00,8,103,2.0,0.0,0.0,0.2076,11.025,6.0,1,19.36957405430059,,7000.0,0.0,0.0,0.0,47.21264162457936,optimal
2021-02-12 02:00:00,8,103,2.0,0.0,0.0,0.1186,10.3635,6.0,1,19.407564840837743,,7000.0,0.0,0.0,0.0,47.16542898295477,optimal
2021-02-12 02:30:00,8,103,2.0,0.0,0.0,0.058,10.8045,6.0,1,19.443963457212064,,7000.0,0.0,0.0,0.0,47.118263553971815,optimal
2021-02-12 03:00:00,8,103,2.0,0.0,0.0,0.1934,10.059,6.0,1,19.48028229473648,,7000.0,0.0,0.0,0.0,47.071145290417846,optimal
2021-02-12 03:30:00,8,103,2.0,0.0,0.0,0.1328,10.584,6.0,1,19.52064759527296,,7000.0,0.0,0.0,0.0,47.02407414512743,optimal
2021-02-12 04:00:00,8,103,2.0,0.0,2.4573440205025734,0.058,9.4185,6.0,1,19.56272979449201,,7000.0,0.0,0.0,0.0,48.144288480721016,optimal
2021-02-12 04:30:00,8,103,2.0,0.0,0.0,0.092,10.3635,6.0,1,19.606222187578023,,7000.0,0.0,0.0,0.0,48.096144192240295,optimal
2021-02-12 05:00:00,8,103,2.0,0.0,0.0,0.1736,9.8385,6.0,1,19.653408661298386,,7000.0,0.0,0.0,0.0,48.048048048048045,optimal
2021-02-12 05:30:00,8,103,2.0,0.0,0.0,0.8592666666666666,11.067,6.0,1,19.705274456192747,,7000.0,0.0,0.0,0.0,48.0,optimal
2021-02-12 06:00:00,8,103,2.0,0.0,0.0,0.6366,10.8465,6.0,1,19.76611967354016,,7000.0,0.0,0.0,0.0,47.702636338497705,optimal
2021-02-12 06:30:00,8,103,2.0,0.0,0.0,1.4196,13.671,6.0,1,19.83255235162593,,7000.0,0.0,0.0,0.0,47.40557004065691,optimal
2021-02-12 07:00:00,8,103,2.0,0.0,0.0,1.4205666666666663,12.348,6.0,1,19.90448411758729,,7000.0,0.0,0.0,0.0,47.10880080911396,optimal
2021-02-12 07:30:00,8,103,2.0,0.0,0.0,2.3152,14.3325,6.0,1,19.969978159371724,,7000.0,0.0,0.0,0.0,46.81232834680255,optimal
2021-02-12 08:00:00,8,103,0.800677925627166,0.0,0.0,2.1306666666666665,15.393,6.0,1,20.05301213126664,,2802.372739695081,0.0,0.0,0.0,46.516152356953455,optimal
2021-02-12 08:30:00,8,103,2.0,0.0,0.0,1.046433333333333,13.587,6.0,1,20.024175969887768,,7000.0,0.0,0.0,0.0,46.22027254309421,optimal
2021-02-12 09:00:00,8,103,0.0,0.0,0.0,1.5665,16.1385,6.0,1,20.08664592821188,,0.0,0.0,0.0,0.0,45.92468860904882,optimal
2021-02-12 09:30:00,8,103,1.0749188825466247,0.0,0.0,0.2926,14.595,6.0,1,20.0,,3762.2160889131865,0.0,0.0,0.0,45.62940025893748,optimal
2021-02-12 10:00:00,8,103,0.9660807291088312,0.0,0.0,0.2774,14.637,6.0,1,20.0,,3381.282551880909,0.0,0.0,0.0,45.33440719717625,optimal
2021-02-12 10:30:00,8,103,0.9249742303240212,0.0,0.0,0.4117333333333333,13.9125,6.0,1,20.0,,3237.409806134074,0.0,0.0,0.0,45.03970912847678,optimal
2021-02-12 11:00:00,8,103,2.0,0.0,0.0,0.3793,13.3665,6.0,1,20.0,,4770.666666666666,0.0,2229.333333333333,0.0,44.74530575784601,optimal
2021-02-12 11:30:00,8,103,2.0,0.0,0.0,0.068,13.0095,6.0,1,20.025604937735064,,7000.0,0.0,0.0,0.0,44.45119679058588,optimal
2021-02-12 12:00:00,8,103,0.5307888851451265,0.0,0.0,1.9995333333333327,13.8915,6.0,1,20.08827874912053,,1857.7610980079423,0.0,0.0,0.0,44.157381932293,optimal
2021-02-12 12:30:00,8,103,2.0,0.0,0.0,0.9382666666666668,13.188,6.0,1,20.05617190082655,,7000.0,0.0,0.0,0.0,43.86386088885841,optimal
2021-02-12 13:00:00,8,103,2.0,0.0,0.0,0.068,12.5685,6.0,1,20.134604410407977,,7000.0,0.0,0.0,0.0,43.57063336646726,optimal
2021-02-12 13:30:00,8,103,2.0,0.0,0.0,0.2376666666666666,12.285,6.0,1,20.197464228812663,,7000.0,0.0,0.0,0.0,43.277699071598505,optimal
2021-02-12 14:00:00,8,103,2.0,0.0,0.0,0.1085333333333333,11.487,6.0,1,20.26315675640526,,7000.0,0.0,0.0,0.0,42.985057711024616,optimal
2021-02-12 14:30:00,8,103,2.0,0.0,0.0,0.1084,11.802,6.0,1,20.32537927970253,,7000.0,0.0,0.0,0.0,42.6927089918113,optimal
2021-02-12 15:00:00,8,103,2.0,0.0,0.0,0.1901999999999999,11.2245,6.0,1,20.38686304414743,,7000.0,0.0,0.0,0.0,42.4006526213172,optimal
2021-02-12 15:30:00,8,103,2.0,0.0,0.0,0.156,11.025,6.0,1,20.449336130512688,,7000.0,0.0,0.0,0.0,42.10888830719359,optimal
2021-02-12 16:00:00,8,103,2.0,0.0,0.0,0.1018,11.907,6.0,1,20.51012536993433,,7000.0,0.0,0.0,0.0,41.8174157573841,optimal
2021-02-12 16:30:00,8,103,0.0,0.0,0.0,0.5797,25.83,6.0,1,20.56881739127087,,0.0,0.0,0.0,0.0,41.526234680124425,optimal
2021-02-12 17:00:00,8,103,0.0,0.0,0.0,0.4240333333333334,28.035,6.0,1,20.49080658553222,,0.0,0.0,0.0,0.0,41.235344783942,optimal
2021-02-12 17:30:00,8,103,0.0,0.0,0.0,0.3044,28.119,6.0,1,20.41474977403632,,0.0,0.0,0.0,0.0,40.94474577765577,optimal
2021-02-12 18:00:00,8,103,0.0,0.0,0.0,0.4901,30.156,6.0,1,20.337918445321904,,0.0,0.0,0.0,0.0,40.65443737037582,optimal
2021-02-12 18:30:00,8,103,0.0,0.0,0.0,0.12,29.1585,6.0,1,20.264456025821,,0.0,0.0,0.0,0.0,40.364419271503145,optimal
2021-02-12 19:00:00,8,103,0.0,0.0,0.0,0.2456666666666666,26.712,6.0,1,20.176559127840623,,0.0,0.0,0.0,0.0,40.07469119072935,optimal
2021-02-12 19:30:00,8,103,0.0,0.0,0.0,0.1495999999999999,15.435,6.0,1,20.090286634204364,,0.0,0.0,0.0,0.0,39.78525283803632,optimal
2021-02-12 20:00:00,8,103,1.2493604436756052,0.0,0.0,0.068,13.566,6.0,1,20.0,,4372.761552864618,0.0,0.0,0.0,39.49610392369599,optimal
2021-02-12 20:30:00,8,103,0.0,0.0,0.0,0.2176,12.789,6.0,1,20.0,,0.0,0.0,0.0,0.0,39.20724415827,optimal
2021-02-12 21:00:00,8,103,0.0,0.0,0.0,0.1286,12.1275,6.0,1,19.910420224647023,,0.0,0.0,0.0,0.0,38.91867325260944,optimal
2021-02-12 21:30:00,8,103,0.0,0.0,0.0,0.068,13.671,6.0,1,19.81869285560504,,0.0,0.0,0.0,0.0,38.63039091785453,optimal
2021-02-12 22:00:00,8,103,0.0,0.0,0.0,0.068,10.668,6.0,1,19.726332803967324,,0.0,0.0,0.0,0.0,38.34239686543439,optimal
2021-02-12 22:30:00,8,103,0.0,0.0,0.0,0.1966,11.7285,6.0,1,19.634618594727385,,0.0,0.0,0.0,0.0,38.05469080706666,optimal
2021-02-12 23:00:00,8,103,0.0,0.0,0.0,1.188766666666667,11.025,6.0,1,19.54602754620738,,0.0,0.0,0.0,0.0,37.7672724547573,optimal
2021-02-12 23:30:00,8,103,0.0,0.0,0.0,2.843,10.689,6.0,1,19.466317230767025,,0.0,0.0,0.0,0.0,37.72950518230255,optimal
2021-02-13 00:00:00,8,103,2.0,0.0,0.0,0.048,9.3975,6.0,0,19.466317230767025,,7000.0,0.0,0.0,0.0,37.69177567712024,optimal
2021-02-13 00:30:00,8,103,2.0,0.0,0.0,0.0832333333333333,10.059,6.0,0,19.529981076991515,,0.0,0.0,7000.0,0.0,37.65408390144312,optimal
2021-02-13 01:00:00,8,103,2.0,0.0,0.0,0.216,9.261,6.0,0,19.446971756049056,,6197.333333333333,0.0,802.6666666666666,0.0,37.61642981754168,optimal
2021-02-13 01:30:00,8,103,2.0,0.0,5.0,0.0832,8.1585,6.0,0,19.497817042679667,,7000.0,0.0,0.0,0.0,39.95381338772414,optimal
2021-02-13 02:00:00,8,103,2.0,0.0,0.0,0.1436333333333333,9.4815,6.0,0,19.562759461024232,,7000.0,0.0,0.0,0.0,39.91385957433641,optimal
2021-02-13 02:30:00,8,103,2.0,0.0,0.0,0.1857666666666667,8.379,6.0,0,19.62890623666844,,7000.0,0.0,0.0,0.0,39.87394571476208,optimal
2021-02-13 03:00:00,8,103,2.0,0.0,0.0,0.1436333333333333,9.5235,6.0,0,19.695639849222296,,7000.0,0.0,0.0,0.0,39.83407176904732,optimal
2021-02-13 03:30:00,8,103,2.0,0.0,5.0,0.1143666666666666,8.1375,6.0,0,19.76118378869481,,7000.0,0.0,0.0,0.0,42.16923769727827,optimal
2021-02-13 04:00:00,8,103,2.0,0.0,0.0,0.2150333333333333,10.0905,6.0,0,19.82558746669584,,7000.0,0.0,0.0,0.0,42.12706845958099,optimal
2021-02-13 04:30:00,8,103,2.0,0.0,5.0,0.048,7.539,6.0,0,19.891591205884684,,7000.0,0.0,0.0,0.0,44.45994139112141,optimal
2021-02-13 05:00:00,8,103,2.0,0.0,5.0,0.1486333333333333,7.938,6.0,0,19.95332571898066,,7000.0,0.0,0.0,0.0,46.79048144973029,optimal
2021-02-13 05:30:00,8,103,2.0,0.0,2.948626341979937,0.1847666666666667,8.274,6.0,0,20.01644486659868,,7000.0,0.0,0.0,0.0,48.144288480721016,optimal
2021-02-13 06:00:00,8,103,2.0,0.0,0.0,0.0982666666666666,9.261,6.0,0,20.07950041415618,,7000.0,0.0,0.0,0.0,48.096144192240295,optimal
2021-02-13 06:30:00,8,103,2.0,0.0,0.0,0.1174,9.9225,6.0,0,20.139869067693137,,7000.0,0.0,0.0,0.0,48.048048048048045,optimal
2021-02-13 07:00:00,8,103,2.0,0.0,0.0,0.3763,9.702,6.0,0,20.20406567918373,,7000.0,0.0,0.0,0.0,48.0,optimal
2021-02-13 07:30:00,8,103,2.0,0.0,0.0,0.0672333333333333,10.584,6.0,0,20.274874691676384,,7000.0,0.0,0.0,0.0,47.48889040245303,optimal
2021-02-13 08:00:00,8,103,2.0,0.0,0.0,0.3642666666666666,10.143,6.0,0,20.339896185496123,,7000.0,0.0,0.0,0.0,46.97829191450361,optimal
2021-02-13 08:30:00,8,103,0.0,0.0,0.0,0.1907333333333332,13.0095,6.0,0,20.40764885303316,,0.0,0.0,0.0,0.0,46.46820402504213,optimal
2021-02-13 09:00:00,8,103,2.0,0.0,0.0,0.058,11.025,6.0,0,20.31336896818668,,7000.0,0.0,0.0,0.0,45.95862622347013,optimal
2021-02-13 09:30:00,8,103,1.586870291191926,0.0,0.0,0.2310666666666666,12.789,6.0,0,20.36430240041937,,5554.046019171741,0.0,0.0,0.0,45.449557999699685,optimal
2021-02-13 10:00:00,8,103,2.0,0.0,0.0,0.1183333333333333,12.1275,6.0,0,20.38934413746772,,7000.0,0.0,0.0,0.0,44.940998844153015,optimal
2021-02-13 10:30:00,8,103,2.0,0.0,0.0,0.0881666666666666,12.1695,6.0,0,20.443471279066543,,7000.0,0.0,0.0,0.0,44.43294824776189,optimal
2021-02-13 11:00:00,8,103,2.0,0.0,0.0,0.1656,12.306,6.0,0,20.49694467649748,,7000.0,0.0,0.0,0.0,43.925405701967165,optimal
2021-02-13 11:30:00,8,103,0.0,0.0,0.0,0.1536333333333333,13.23,6.0,0,20.552032321746204,,0.0,0.0,0.0,0.0,43.41837069871823,optimal
2021-02-13 12:00:00,8,103,0.0,0.0,0.0,0.0821333333333333,13.671,6.0,0,20.45949212808284,,0.0,0.0,0.0,0.0,42.91184273047254,optimal
2021-02-13 12:30:00,8,103,0.0,0.0,0.0,0.1666,13.9335,6.0,0,20.36609349083314,,0.0,0.0,0.0,0.0,42.4058212901951,optimal
2021-02-13 13:00:00,8,103,0.0,0.0,0.0,0.058,13.293,6.0,0,20.275350299634376,,0.0,0.0,0.0,0.0,41.900305871357936,optimal
2021-02-13 13:30:00,8,103,2.0,0.0,0.0,0.2250333333333333,12.1065,6.0,0,20.18318637592376,,7000.0,0.0,0.0,0.0,41.39529596793961,optimal
2021-02-13 14:00:00,8,103,2.0,0.0,0.0,0.1243666666666666,11.571,6.0,0,20.242763213431136,,7000.0,0.0,0.0,0.0,40.89079107442471,optimal
2021-02-13 14:30:00,8,103,2.0,0.0,0.0,0.1586666666666666,11.025,6.0,0,20.3004043619118,,7000.0,0.0,0.0,0.0,40.38679068580331,optimal
2021-02-13 15:00:00,8,103,2.0,0.0,0.0,0.1907333333333332,10.8465,6.0,0,20.358959708053472,,7000.0,0.0,0.0,0.0,39.883294297570544,optimal
2021-02-13 15:30:00,8,103,2.0,0.0,0.0,0.0623333333333333,11.2455,6.0,0,20.418378090421207,,7000.0,0.0,0.0,0.0,39.38030140572601,optimal
2021-02-13 16:00:00,8,103,0.0,0.0,0.0,0.2728666666666667,23.8665,6.0,0,20.47643330975813,,0.0,0.0,0.0,0.0,38.87781150677331,optimal
2021-02-13 16:30:00,8,103,0.0,0.0,0.0,0.1790666666666666,27.4575,6.0,0,20.395884994824616,,0.0,0.0,0.0,0.0,38.37582409771957,optimal
2021-02-13 17:00:00,8,103,0.0,0.0,0.0,0.5468333333333334,27.3735,6.0,0,20.31339427566992,,0.0,0.0,0.0,0.0,37.874338676074885,optimal
2021-02-13 17:30:00,8,103,0.0,0.0,0.0,2.0403666666666664,30.4605,6.0,0,20.24286674048868,,0.0,0.0,0.0,0.0,37.83646433739881,optimal
2021-02-13 18:00:00,8,103,0.0,0.0,0.0,1.5418666666666665,30.0195,6.0,0,20.193227137001944,,0.0,0.0,0.0,0.0,37.79862787306141,optimal
2021-02-13 18:30:00,8,103,0.0,0.0,0.0,0.0663333333333333,26.9325,6.0,0,20.1420307830478,,0.0,0.0,0.0,0.0,37.760829245188354,optimal
2021-02-13 19:00:00,8,103,0.0,0.0,0.0,0.2952333333333333,14.595,6.0,0,20.06878323926936,,0.0,0.0,0.0,0.0,37.72306841594317,optimal
2021-02-13 19:30:00,8,103,0.9045742951698572,0.0,0.0,0.3325,12.4845,6.0,0,20.0,,3166.0100330945006,0.0,0.0,0.0,37.685345347527225,optimal
2021-02-13 20:00:00,8,103,0.8337699674851277,0.0,0.0,0.5472,12.1275,6.0,0,20.0,,2918.1948861979467,0.0,0.0,0.0,37.6476600021797,optimal
2021-02-13 20:30:00,8,103,0.0,0.0,0.0,0.2814333333333333,12.1275,6.0,0,20.0,,0.0,0.0,0.0,0.0,37.61001234217752,optimal
2021-02-13 21:00:00,8,103,0.0,0.0,0.0,1.8427,12.789,6.0,0,19.93288509242884,,0.0,0.0,0.0,0.0,37.57240232983534,optimal
2021-02-13 21:30:00,8,103,0.0,0.0,0.0,0.2705,11.907,6.0,0,19.892010169686262,,0.0,0.0,0.0,0.0,37.53482992750551,optimal
2021-02-13 22:00:00,8,103,0.0199047619047619,0.0,0.0,0.3235,11.025,6.0,0,19.826875355177897,,0.0,0.0,69.66666666666666,0.0,37.497295097578,optimal
2021-02-13 22:30:00,8,103,2.0,0.0,0.0,0.1251666666666666,8.2005,6.0,0,19.75884460342238,,0.0,0.0,7000.0,0.0,37.459797802480416,optimal
2021-02-13 23:00:00,8,103,0.09,0.0,0.0,0.2457,9.5655,6.0,0,19.68722694821896,,0.0,0.0,315.0,0.0,37.42233800467793,optimal
2021-02-13 23:30:00,8,103,0.0,0.0,0.0,0.1087,7.056,6.0,0,19.615498647574427,,0.0,0.0,0.0,0.0,37.38491566667325,optimal
2021-02-07 00:00:00,9,103,2.0,0.0,0.0,0.1821333333333333,6.615,6.0,-4,21.0,,7000.0,0.0,0.0,0.0,47.952,optimal
2021-02-07 00:30:00,9,103,2.0,0.0,0.0,0.086,6.174,6.0,-4,21.070947319755216,,7000.0,0.0,0.0,0.0,47.904048,optimal
2021-02-07 01:00:00,9,103,2.0,0.0,0.0,0.05,3.906,6.0,-4,21.139095459874326,,7000.0,0.0,0.0,0.0,47.856143952,optimal
2021-02-07 01:30:00,9,103,2.0,0.0,0.0,0.2181333333333333,2.3415,6.0,-4,21.20572295053704,,7000.0,0.0,0.0,0.0,47.80828780804799,optimal
2021-02-07 02:00:00,9,103,2.0,0.0,0.0,0.05,2.205,6.0,-4,21.2753606145018,,7000.0,0.0,0.0,0.0,47.76047952023995,optimal
2021-02-07 02:30:00,9,103,2.0,0.0,1.8253526252854912,0.122,0.882,6.0,-4,21.340916245101106,,7000.0,0.0,0.0,0.0,48.57976153773031,optimal
2021-02-07 03:00:00,9,103,2.0,0.0,0.0,0.1461333333333333,1.5435,6.0,-4,21.407236431680783,,7000.0,0.0,0.0,0.0,48.53118177619257,optimal
2021-02-07 03:30:00,9,103,2.0,0.0,0.0,0.122,1.5435,6.0,-4,21.47331009283906,,7000.0,0.0,0.0,0.0,48.48265059441637,optimal
2021-02-07 04:00:00,9,103,2.0,0.0,0.0,0.05,5.0715,6.0,-4,21.53834914810668,,7000.0,0.0,0.0,0.0,48.434167943821954,optimal
2021-02-07 04:30:00,9,103,2.0,0.0,0.0,0.1461333333333333,5.376,6.0,-4,21.60135067830857,,7000.0,0.0,0.0,0.0,48.38573377587813,optimal
2021-02-07 05:00:00,9,103,2.0,0.0,0.0,0.074,5.0715,6.0,-4,21.66609003642272,,7000.0,0.0,0.0,0.0,48.33734804210225,optimal
2021-02-07 05:30:00,9,103,2.0,0.0,0.0,0.1804,5.5125,6.0,-4,21.729017256521065,,7000.0,0.0,0.0,0.0,48.28901069406015,optimal
2021-02-07 06:00:00,9,103,2.0,0.0,0.0,0.0637333333333333,9.261,6.0,-4,21.793898759173217,,7000.0,0.0,0.0,0.0,48.24072168336608,optimal
2021-02-07 06:30:00,9,103,0.0,0.0,0.0,0.102,11.7075,6.0,-4,21.8560300341171,,0.0,0.0,0.0,0.0,48.19248096168271,optimal
2021-02-07 07:00:00,9,103,0.0,0.0,0.0,0.4382,12.348,6.0,-4,21.771105279307417,,0.0,0.0,0.0,0.0,48.144288480721016,optimal
2021-02-07 07:30:00,9,103,0.0,0.0,0.0,0.059,12.348,6.0,-4,21.69550010451086,,0.0,0.0,0.0,0.0,48.096144192240295,optimal
2021-02-07 08:00:00,9,103,0.0,0.0,0.0,0.1430666666666666,12.1275,6.0,-4,21.61370541061932,,0.0,0.0,0.0,0.0,48.048048048048045,optimal
2021-02-07 08:30:00,9,103,0.0,0.0,0.0,0.2446333333333333,12.5265,6.0,-4,21.54247101980116,,0.0,0.0,0.0,0.0,48.0,optimal
2021-02-07 09:00:00,9,103,0.0,0.0,0.0,0.1461333333333333,11.7495,6.0,-4,21.473464105965235,,0.0,0.0,0.0,0.0,47.756408558918096,optimal
2021-02-07 09:30:00,9,103,0.0,0.0,0.0,0.2048666666666666,13.23,6.0,-4,21.399185951998,,0.0,0.0,0.0,0.0,47.51306070927728,optimal
2021-02-07 10:00:00,9,103,0.0,0.0,0.0,0.1039333333333333,14.3325,6.0,-4,21.324925701351848,,0.0,0.0,0.0,0.0,47.269956207486096,optimal
2021-02-07 10:30:00,9,103,0.0,0.0,0.0,0.131,14.994,6.0,-4,21.24287708070973,,0.0,0.0,0.0,0.0,47.02709481019671,optimal
2021-02-07 11:00:00,9,103,0.0,0.0,0.0,0.1964666666666666,14.8155,6.0,-4,21.158650399735805,,0.0,0.0,0.0,0.0,46.78447627430461,optimal
2021-02-07 11:30:00,9,103,0.0,0.0,0.0,0.06,14.112,6.0,-4,21.075856563769385,,0.0,0.0,0.0,0.0,46.5421003569484,optimal
2021-02-07 12:00:00,9,103,0.0,0.0,0.0,0.1766666666666666,14.007,6.0,-4,20.987344945794035,,0.0,0.0,0.0,0.0,46.29996681550955,optimal
2021-02-07 12:30:00,9,103,0.0,0.0,0.0,0.1114666666666666,13.23,6.0,-4,20.901690758602136,,0.0,0.0,0.0,0.0,46.05807540761214,optimal
2021-02-07 13:00:00,9,103,0.0,0.0,0.0,0.104,11.382,6.0,-4,20.815052670698904,,0.0,0.0,0.0,0.0,45.81642589112262,optimal
2021-02-07 13:30:00,9,103,0.0,0.0,0.0,0.1841333333333333,11.7495,6.0,-4,20.72865045526643,,0.0,0.0,0.0,0.0,45.57501802414959,optimal
2021-02-07 14:00:00,9,103,0.0,0.0,0.0,0.1475999999999999,24.3285,6.0,-4,20.64455389276448,,0.0,0.0,0.0,0.0,45.33385156504354,optimal
2021-02-07 14:30:00,9,103,0.0,0.0,0.0,0.354,28.917,6.0,-4,20.565962710641905,,0.0,0.0,0.0,0.0,45.0929262723966,optimal
2021-02-07 15:00:00,9,103,0.0,0.0,0.0,0.2815666666666667,31.3635,6.0,-4,20.499938903089493,,0.0,0.0,0.0,0.0,44.8522419050423,optimal
2021-02-07 15:30:00,9,103,0.0,0.0,0.0,0.269,33.306,6.0,-4,20.43464985843973,,0.0,0.0,0.0,0.0,44.61179822205536,optimal
2021-02-07 16:00:00,9,103,0.0,0.0,0.0,0.3445333333333333,31.3425,6.0,-4,20.37417174770317,,0.0,0.0,0.0,0.0,44.3715949827514,optimal
2021-02-07 16:30:00,9,103,0.0,0.0,0.0,0.6401666666666667,28.2555,6.0,-4,20.31465227116169,,0.0,0.0,0.0,0.0,44.131631946686745,optimal
2021-02-07 17:00:00,9,103,0.0,0.0,0.0,1.2029333333333334,15.6975,6.0,-4,20.2677972064678,,0.0,0.0,0.0,0.0,43.89190887365816,optimal
2021-02-07 17:30:00,9,103,0.0,0.0,0.0,1.3867,12.5475,6.0,-4,20.2148384425562,,0.0,0.0,0.0,0.0,43.6524255237026,optimal
2021-02-07 18:00:00,9,103,0.0,0.0,0.0,0.1543666666666666,12.0855,6.0,-4,20.16566155852765,,0.0,0.0,0.0,0.0,43.41318165709699,optimal
2021-02-07 18:30:00,9,103,0.6222410752614603,0.0,0.0,1.3807333333333331,11.907,6.0,-4,20.11305415694121,,2177.843763415111,0.0,0.0,0.0,43.174177034358,optimal
2021-02-07 19:00:00,9,103,0.0,0.0,0.0,1.5435333333333332,12.5685,6.0,-4,20.11297013065895,,0.0,0.0,0.0,0.0,42.935411416241735,optimal
2021-02-07 19:30:00,9,103,0.0,0.0,0.0,0.2999333333333333,13.146,6.0,-4,20.06260222561298,,0.0,0.0,0.0,0.0,42.69688456374359,optimal
2021-02-07 20:00:00,9,103,0.8676842241684818,0.0,0.0,0.198,10.584,6.0,-4,20.0,,3036.8947845896864,0.0,0.0,0.0,42.45859623809794,optimal
2021-02-07 20:30:00,9,103,1.3535238095238091,0.0,0.0,0.5413,6.678,6.0,-4,20.0,,0.0,0.0,4737.333333333332,0.0,42.22054620077794,optimal
2021-02-07 21:00:00,9,103,0.0,0.0,0.0,2.7374,7.938,6.0,-4,19.94187463923097,,0.0,0.0,0.0,0.0,41.982734213495256,optimal
2021-02-07 21:30:00,9,103,0.8559047619047618,0.0,0.0,3.070933333333333,5.292,6.0,-4,19.896482432532665,,0.0,0.0,2995.6666666666665,0.0,41.94075147928176,optimal
2021-02-07 22:00:00,9,103,0.0,0.0,0.0,0.6417999999999999,9.261,6.0,-4,19.85282343313237,,0.0,0.0,0.0,0.0,41.89881072780248,optimal
2021-02-07 22:30:00,9,103,0.0,0.0,0.0,0.252,10.3635,6.0,-4,19.80460131952542,,0.0,0.0,0.0,0.0,41.85691191707468,optimal
2021-02-07 23:00:00,9,103,0.0,0.0,0.0,0.323,8.274,6.0,-4,19.75780584675199,,0.0,0.0,0.0,0.0,41.8150550051576,optimal
2021-02-07 23:30:00,9,103,0.0,0.0,0.0,0.3542333333333333,7.7175,6.0,-4,19.708755562399777,,0.0,0.0,0.0,0.0,41.77323995015245,optimal
2021-02-08 00:00:00,9,103,2.0,0.0,0.0,0.0493333333333333,5.9745,6.0,0,19.708755562399777,,7000.0,0.0,0.0,0.0,41.73146671020229,optimal
2021-02-08 00:30:00,9,103,2.0,0.0,0.0,0.05,7.938,6.0,0,19.778901072199385,,0.0,0.0,7000.0,0.0,41.68973524349209,optimal
2021-02-08 01:00:00,9,103,2.0,0.0,0.0,0.1442,8.6835,6.0,0,19.70023176058088,,1181.333333333333,0.0,5818.666666666667,0.0,41.64804550824859,optimal
2021-02-08 01:30:00,9,103,2.0,0.0,0.0,0.1778,7.665,6.0,0,19.648769843516504,,7000.0,0.0,0.0,0.0,41.60639746274035,optimal
2021-02-08 02:00:00,9,103,2.0,0.0,0.0,0.05,6.7725,6.0,0,19.72050715864896,,7000.0,0.0,0.0,0.0,41.5647910652776,optimal
2021-02-08 02:30:00,9,103,2.0,0.0,0.0,0.2491999999999999,5.5755,6.0,0,19.78900194807959,,7000.0,0.0,0.0,0.0,41.52322627421233,optimal
2021-02-08 03:00:00,9,103,2.0,0.0,5.0,0.0728,5.0925,6.0,0,19.86160607375276,,7000.0,0.0,0.0,0.0,43.85670304793811,optimal
2021-02-08 03:30:00,9,103,2.0,0.0,5.0,0.2093,4.1895,6.0,0,19.930394359740166,,7000.0,0.0,0.0,0.0,46.187846344890175,optimal
2021-02-08 04:00:00,9,103,2.0,0.0,0.0,0.1127,7.056,6.0,0,20.0015171216196,,7000.0,0.0,0.0,0.0,46.14165849854528,optimal
2021-02-08 04:30:00,9,103,2.0,0.0,4.414661308707322,0.05,5.271,6.0,0,20.070056918554045,,7000.0,0.0,0.0,0.0,48.19248096168271,optimal
2021-02-08 05:00:00,9,103,2.0,0.0,0.0,0.1808,7.938,6.0,0,20.136512243320848,,7000.0,0.0,0.0,0.0,48.144288480721016,optimal
2021-02-08 05:30:00,9,103,2.0,0.0,0.0,0.1412,7.938,6.0,0,20.20496580642016,,7000.0,0.0,0.0,0.0,48.096144192240295,optimal
2021-02-08 06:00:00,9,103,2.0,0.0,0.0,0.048,11.907,6.0,0,20.27204838712783,,7000.0,0.0,0.0,0.0,48.048048048048045,optimal
2021-02-08 06:30:00,9,103,2.0,0.0,0.0,0.2016,11.025,6.0,0,20.346529489927143,,7000.0,0.0,0.0,0.0,48.0,optimal
2021-02-08 07:00:00,9,103,2.0,0.0,0.0,0.1257333333333333,11.2875,6.0,0,20.42295577173952,,7000.0,0.0,0.0,0.0,47.58353267226412,optimal
2021-02-08 07:30:00,9,103,2.0,0.0,0.0,0.0593333333333333,12.936,6.0,0,20.492902454862566,,7000.0,0.0,0.0,0.0,47.16748181185598,optimal
2021-02-08 08:00:00,9,103,2.0,0.0,0.0,0.2022,13.0095,6.0,0,20.553837674797684,,7000.0,0.0,0.0,0.0,46.751847002308246,optimal
2021-02-08 08:30:00,9,103,0.0,0.0,0.0,0.1398,13.671,6.0,0,20.61533323669184,,0.0,0.0,0.0,0.0,46.33662782757006,optimal
2021-02-08 09:00:00,9,103,0.0,0.0,0.0,0.129,13.188,6.0,0,20.527429744334693,,0.0,0.0,0.0,0.0,45.92182387200661,optimal
2021-02-08 09:30:00,9,103,0.0,0.0,0.0,0.1674,13.8495,6.0,0,20.43924403060849,,0.0,0.0,0.0,0.0,45.50743472039873,optimal
2021-02-08 10:00:00,9,103,2.0,0.0,0.0,0.1056,13.23,6.0,0,20.35294722557301,,7000.0,0.0,0.0,0.0,45.09345995794245,optimal
2021-02-08 10:30:00,9,103,1.0906735871329247,0.0,0.0,0.1794,13.3665,6.0,0,20.413774365316595,,3817.357554965237,0.0,0.0,0.0,44.67989917024863,optimal
2021-02-08 11:00:00,9,103,2.0,0.0,0.0,0.1626,13.0515,6.0,0,20.40820264791816,,7000.0,0.0,0.0,0.0,44.266751943342506,optimal
2021-02-08 11:30:00,9,103,0.0,0.0,0.0,0.0669,13.5345,6.0,0,20.468617981701883,,0.0,0.0,0.0,0.0,43.85401786366329,optimal
2021-02-08 12:00:00,9,103,0.0,0.0,0.0,0.2751,14.154,6.0,0,20.37984551986669,,0.0,0.0,0.0,0.0,43.44169651806374,optimal
2021-02-08 12:30:00,9,103,0.0,0.0,0.0,0.06,14.112,6.0,0,20.296312154329293,,0.0,0.0,0.0,0.0,43.0297874938098,optimal
2021-02-08 13:00:00,9,103,0.0,0.0,0.0,0.1914,14.2485,6.0,0,20.209537147014952,,0.0,0.0,0.0,0.0,42.61829037858011,optimal
2021-02-08 13:30:00,9,103,2.0,0.0,0.0,0.1505999999999999,12.789,6.0,0,20.12682917031944,,7000.0,0.0,0.0,0.0,42.20720476046566,optimal
2021-02-08 14:00:00,9,103,2.0,0.0,0.0,0.06,13.0095,6.0,0,20.19144407978668,,7000.0,0.0,0.0,0.0,41.79653022796931,optimal
2021-02-08 14:30:00,9,103,2.0,0.0,0.0,0.2763,12.1275,6.0,0,20.254312353280145,,7000.0,0.0,0.0,0.0,41.386266370005465,optimal
2021-02-08 15:00:00,9,103,2.0,0.0,0.0,0.0657,12.348,6.0,0,20.32076811414761,,7000.0,0.0,0.0,0.0,40.97641277589958,optimal
2021-02-08 15:30:00,9,103,2.0,0.0,0.0,0.1152,12.348,6.0,0,20.38180866667561,,7000.0,0.0,0.0,0.0,40.56696903538781,optimal
2021-02-08 16:00:00,9,103,0.0,0.0,0.0,0.3626333333333333,25.389,6.0,0,20.44384112690541,,0.0,0.0,0.0,0.0,40.15793473861654,optimal
2021-02-08 16:30:00,9,103,0.0,0.0,0.0,0.1561,29.1375,6.0,0,20.36817950327724,,0.0,0.0,0.0,0.0,39.749309476142045,optimal
2021-02-08 17:00:00,9,103,0.0,0.0,0.0,0.2872666666666666,30.597,6.0,0,20.294014822216003,,0.0,0.0,0.0,0.0,39.34109283893002,optimal
2021-02-08 17:30:00,9,103,0.0,0.0,0.0,2.4805333333333333,33.684,6.0,0,20.227522795656206,,0.0,0.0,0.0,0.0,38.933284418355214,optimal
2021-02-08 18:00:00,9,103,0.0,0.0,0.0,0.4039,32.445,6.0,0,20.186536151952403,,0.0,0.0,0.0,0.0,38.52588380620098,optimal
2021-02-08 18:30:00,9,103,0.0,0.0,0.0,2.0143,28.917,6.0,0,20.11994302411017,,0.0,0.0,0.0,0.0,38.1188905946589,optimal
2021-02-08 19:00:00,9,103,0.0,0.0,0.0,0.4742,15.876,6.0,0,20.06397321453058,,0.0,0.0,0.0,0.0,37.71230437632836,optimal
2021-02-08 19:30:00,9,103,0.4897301281092413,0.0,0.0,1.633733333333333,12.348,6.0,0,20.0,,1714.0554483823446,0.0,0.0,0.0,37.30612474421616,optimal
2021-02-08 20:00:00,9,103,2.0,0.0,0.0,0.7575,12.1275,6.0,0,20.0,,2903.782728037477,0.0,4096.217271962523,0.0,36.90035129173606,optimal
2021-02-08 20:30:00,9,103,0.0,0.0,0.0,0.6891333333333334,12.348,6.0,0,20.0,,0.0,0.0,0.0,0.0,36.494983612708445,optimal
2021-02-08 21:00:00,9,103,0.3424141127726123,0.0,0.0,0.3886,12.1275,6.0,0,19.93658197848671,,0.0,0.0,1198.449394704143,0.0,36.09002130135986,optimal
2021-02-08 21:30:00,9,103,0.0,0.0,0.0,0.5462666666666667,12.1275,6.0,0,19.866687925895853,,0.0,0.0,0.0,0.0,36.0539312800585,optimal
2021-02-08 22:00:00,9,103,0.0,0.0,0.0,0.3646,11.2665,6.0,0,19.80516752576779,,0.0,0.0,0.0,0.0,36.01787734877844,optimal
2021-02-08 22:30:00,9,103,0.0,0.0,0.0,0.0828,10.143,6.0,0,19.742159967533272,,0.0,0.0,0.0,0.0,35.981859471429665,optimal
2021-02-08 23:00:00,9,103,0.0,0.0,0.0,0.1641,11.2455,6.0,0,19.662503010105883,,0.0,0.0,0.0,0.0,35.94587761195824,optimal
2021-02-08 23:30:00,9,103,0.0,0.0,0.0,0.1779,11.025,6.0,0,19.58469199504208,,0.0,0.0,0.0,0.0,35.90993173434628,optimal
2021-02-09 00:00:00,9,103,2.0,0.0,5.0,0.057,11.361,6.0,-10,19.58469199504208,,7000.0,0.0,0.0,0.0,38.249021802611935,optimal
2021-02-09 00:30:00,9,103,2.0,0.0,5.0,0.136,11.571,6.0,-10,19.652042864762425,,3238.0000000000005,0.0,3762.0,0.0,40.58577278080932,optimal
2021-02-09 01:00:00,9,103,2.0,0.0,0.0,0.064,14.3745,6.0,-10,19.641639014273764,,7000.0,0.0,0.0,0.0,40.54518700802851,optimal
2021-02-09 01:30:00,9,103,2.0,0.0,5.0,0.104,13.23,6.0,-10,19.70918520171148,,7000.0,0.0,0.0,0.0,42.879641821020485,optimal
2021-02-09 02:00:00,9,103,2.0,0.0,5.0,0.096,13.9755,6.0,-10,19.776813301554697,,7000.0,0.0,0.0,0.0,45.21176217919946,optimal
2021-02-09 02:30:00,9,103,2.0,0.0,0.0,0.084,14.994,6.0,-10,19.84351252261796,,7000.0,0.0,0.0,0.0,45.16655041702026,optimal
2021-02-09 03:00:00,9,103,2.0,0.0,5.0,0.116,13.671,6.0,-10,19.90988337971853,,7000.0,0.0,0.0,0.0,47.49638386660324,optimal
2021-02-09 03:30:00,9,103,0.0,0.0,0.0,0.064,15.981,6.0,-10,19.97685358048315,,0.0,0.0,0.0,0.0,47.44888748273664,optimal
2021-02-09 04:00:00,9,103,0.2136008594135555,0.0,0.0,0.064,15.6345,6.0,-10,19.895526151097844,,747.6030079474442,0.0,0.0,0.0,47.4014385952539,optimal
2021-02-09 04:30:00,9,103,0.0,0.0,0.0,0.064,16.5375,6.0,-10,19.830758694939576,,0.0,0.0,0.0,0.0,47.35403715665865,optimal
2021-02-09 05:00:00,9,103,2.0,0.0,0.0,0.064,14.7735,6.0,-10,19.75009405170879,,7000.0,0.0,0.0,0.0,47.30668311950199,optimal
2021-02-09 05:30:00,9,103,2.0,0.0,0.0,0.064,15.2145,6.0,-10,19.816694544763447,,7000.0,0.0,0.0,0.0,47.25937643638249,optimal
2021-02-09 06:00:00,9,103,2.0,0.0,0.0,0.124,14.553,6.0,-10,19.882992892506746,,7000.0,0.0,0.0,0.0,47.21211705994611,optimal
2021-02-09 06:30:00,9,103,2.0,0.0,0.0,0.076,14.3325,6.0,-10,19.95025349014468,,7000.0,0.0,0.0,0.0,47.16490494288616,optimal
2021-02-09 07:00:00,9,103,2.0,0.0,0.0,0.064,14.595,6.0,-10,20.01597169407126,,7000.0,0.0,0.0,0.0,47.11774003794327,optimal
2021-02-09 07:30:00,9,103,2.0,0.0,0.0,0.0633333333333333,14.994,6.0,-10,20.08091231631864,,7000.0,0.0,0.0,0.0,47.07062229790533,optimal
2021-02-09 08:00:00,9,103,2.0,0.0,2.0556806829317287,0.134,14.3325,6.0,-10,20.146023856422943,,7000.0,0.0,0.0,0.0,48.0,optimal
2021-02-09 08:30:00,9,103,2.0,0.0,0.0,0.4036333333333333,13.8915,6.0,-10,20.21589452790759,,7000.0,0.0,0.0,0.0,47.86636025815164,optimal
2021-02-09 09:00:00,9,103,2.0,0.0,0.0,0.9650666666666669,13.8915,6.0,-10,20.290892428026016,,7000.0,0.0,0.0,0.0,47.73285415604512,optimal
2021-02-09 09:30:00,9,103,2.0,0.0,0.0,2.021533333333333,13.4715,6.0,-10,20.364341245707667,,7000.0,0.0,0.0,0.0,47.59948156004072,optimal
2021-02-09 10:00:00,9,103,2.0,0.0,0.0,1.2106,13.23,6.0,-10,20.444563633221232,,7000.0,0.0,0.0,0.0,47.46624233663231,optimal
2021-02-09 10:30:00,9,103,2.0,0.0,0.0,0.1050333333333333,13.8915,6.0,-10,20.520245142638,,7000.0,0.0,0.0,0.0,47.33313635244732,optimal
2021-02-09 11:00:00,9,103,0.0,0.0,0.0,0.094,26.9325,6.0,-10,20.584935145493752,,0.0,0.0,0.0,0.0,47.20016347424651,optimal
2021-02-09 11:30:00,9,103,0.0,0.0,0.0,1.0011,30.303,6.0,-10,20.502571992628443,,0.0,0.0,0.0,0.0,47.067323568923904,optimal
2021-02-09 12:00:00,9,103,0.0,0.0,0.0,0.1193333333333333,32.886,6.0,-10,20.42188240902429,,0.0,0.0,0.0,0.0,46.93461650350662,optimal
2021-02-09 12:30:00,9,103,0.0,0.0,0.0,0.064,34.9965,6.0,-10,20.33864970424089,,0.0,0.0,0.0,0.0,46.80204214515475,optimal
2021-02-09 13:00:00,9,103,0.0,0.0,0.0,0.096,33.327,6.0,-10,20.25337150648292,,0.0,0.0,0.0,0.0,46.66960036116124,optimal
2021-02-09 13:30:00,9,103,0.0,0.0,0.0,0.104,31.122,6.0,-10,20.16892696806283,,0.0,0.0,0.0,0.0,46.53729101895171,optimal
2021-02-09 14:00:00,9,103,0.0,0.0,0.0,0.064,17.9025,6.0,-10,20.084807096850245,,0.0,0.0,0.0,0.0,46.4051139860844,optimal
2021-02-09 14:30:00,9,103,1.1317889132598693,0.0,0.0,0.124,15.6555,6.0,-10,20.0,,3961.261196409543,0.0,0.0,0.0,46.27306913024996,optimal
2021-02-09 15:00:00,9,103,1.1485820066725978,0.0,0.0,0.076,14.553,6.0,-10,20.0,,4020.037023354093,0.0,0.0,0.0,46.14115631927135,optimal
2021-02-09 15:30:00,9,103,1.1474391495297709,0.0,0.0,0.08,14.3325,6.0,-10,20.0,,4016.0370233542,0.0,0.0,0.0,46.00937542110371,optimal
2021-02-09 16:00:00,9,103,1.1360106044102651,0.0,0.0,0.12,13.335,6.0,-10,20.0,,3976.037115435928,0.0,0.0,0.0,45.87772630383424,optimal
2021-02-09 16:30:00,9,103,1.9434116956726573,0.0,0.0,0.6157333333333334,12.1275,6.0,-10,20.0,,6453.607601520967,0.0,348.3333333333333,0.0,45.74620883568205,optimal
2021-02-09 17:00:00,9,103,0.0,0.0,0.0,1.3904,12.2955,6.0,-10,20.06415039435946,,0.0,0.0,0.0,0.0,45.614822884998006,optimal
2021-02-09 17:30:00,9,103,0.8233081241415615,0.0,0.0,1.121233333333333,11.6865,6.0,-10,20.0,,2881.578434495465,0.0,0.0,0.0,45.483568320264645,optimal
2021-02-09 18:00:00,9,103,0.8531742806544063,0.0,0.0,1.3510666666666666,11.466,6.0,-10,20.0,,2916.443315623756,0.0,69.66666666666666,0.0,45.35244501009602,optimal
2021-02-09 18:30:00,9,103,2.0,0.0,0.0,1.1565333333333334,10.8045,6.0,-10,20.0,,4246.666666666668,0.0,2753.333333333332,0.0,45.22145282323756,optimal
2021-02-09 19:00:00,9,103,2.0,0.0,0.0,0.1176,10.584,6.0,-10,20.02914399022471,,7000.0,0.0,0.0,0.0,45.09059162856597,optimal
2021-02-09 19:30:00,9,103,0.1473918428409416,0.0,0.0,0.146,11.2455,6.0,-10,20.11633394924144,,515.8714499432956,0.0,0.0,0.0,44.95986129508904,optimal
2021-02-09 20:00:00,9,103,0.0,0.0,0.0,0.2672,12.1275,6.0,-10,20.06339444536117,,0.0,0.0,0.0,0.0,44.82926169194559,optimal
2021-02-09 20:30:00,9,103,0.0,0.0,0.0,0.0876,11.823,6.0,-10,20.0,,0.0,0.0,0.0,0.0,44.784432430253645,optimal
2021-02-09 21:00:00,9,103,0.0,0.0,0.0,0.184,11.7705,6.0,-10,19.934200425138027,,0.0,0.0,0.0,0.0,44.73964799782339,optimal
2021-02-09 21:30:00,9,103,2.0,0.0,0.0,0.1794,11.13,6.0,-10,19.868988773191223,,0.0,0.0,7000.0,0.0,44.69490834982557,optimal
2021-02-09 22:00:00,9,103,0.0,0.0,0.0,0.1483333333333333,11.6865,6.0,-10,19.80584604785848,,0.0,0.0,0.0,0.0,44.65021344147574,optimal
2021-02-09 22:30:00,9,103,0.6170476190476191,0.0,0.0,0.5051,10.7205,6.0,-10,19.74135480205164,,0.0,0.0,2159.6666666666665,0.0,44.60556322803426,optimal
2021-02-09 23:00:00,9,103,0.0,0.0,0.0,0.2522,11.424,6.0,-10,19.683891331797003,,0.0,0.0,0.0,0.0,44.56095766480623,optimal
2021-02-09 23:30:00,9,103,0.0,0.0,0.0,0.1541333333333333,10.689,6.0,-10,19.620021801670152,,0.0,0.0,0.0,0.0,44.51639670714143,optimal
2021-02-10 00:00:00,9,103,2.0,0.0,0.0,0.065,13.3665,6.0,4,19.620021801670152,,7000.0,0.0,0.0,0.0,44.47188031043429,optimal
2021-02-10 00:30:00,9,103,2.0,0.0,0.0,0.065,12.789,6.0,4,19.68653029406783,,0.0,0.0,7000.0,0.0,44.427408430123855,optimal
2021-02-10 01:00:00,9,103,2.0,0.0,0.0,0.0748666666666666,11.907,6.0,4,19.60493053558592,,5709.666666666667,0.0,1290.3333333333333,0.0,44.38298102169373,optimal
2021-02-10 01:30:00,9,103,2.0,0.0,0.0,0.1538,11.7075,6.0,4,19.643645810191035,,7000.0,0.0,0.0,0.0,44.33859804067204,optimal
2021-02-10 02:00:00,9,103,2.0,0.0,0.0,0.0748666666666666,10.8045,6.0,4,19.710555399328832,,7000.0,0.0,0.0,0.0,44.294259442631365,optimal
2021-02-10 02:30:00,9,103,2.0,0.0,0.0,0.1538,11.508,6.0,4,19.775046193747887,,7000.0,0.0,0.0,0.0,44.249965183188735,optimal
2021-02-10 03:00:00,9,103,2.0,0.0,0.0,0.065,11.508,6.0,4,19.84090599274552,,7000.0,0.0,0.0,0.0,44.20571521800554,optimal
2021-02-10 03:30:00,9,103,2.0,0.0,0.0,0.065,11.508,6.0,4,19.9045977305123,,7000.0,0.0,0.0,0.0,44.16150950278754,optimal
2021-02-10 04:00:00,9,103,2.0,0.0,0.0,0.1636666666666666,11.844,6.0,4,19.968000519067807,,7000.0,0.0,0.0,0.0,44.11734799328475,optimal
2021-02-10 04:30:00,9,103,2.0,0.0,0.0,0.065,11.508,6.0,4,20.03319264285349,,7000.0,0.0,0.0,0.0,44.07323064529147,optimal
2021-02-10 05:00:00,9,103,2.0,0.0,0.0,0.1094,11.508,6.0,4,20.09555836880184,,7000.0,0.0,0.0,0.0,44.02915741464618,optimal
2021-02-10 05:30:00,9,103,2.0,0.0,5.0,0.1192666666666666,10.4475,6.0,4,20.1581221310606,,7000.0,0.0,0.0,0.0,46.36012825723153,optimal
2021-02-10 06:00:00,9,103,2.0,0.0,0.0,0.1044666666666666,10.8675,6.0,4,20.22015609045214,,7000.0,0.0,0.0,0.0,46.313768128974296,optimal
2021-02-10 06:30:00,9,103,2.0,0.0,3.849873329252579,0.1242,10.542,6.0,4,20.281143407131403,,7000.0,0.0,0.0,0.0,48.096144192240295,optimal
2021-02-10 07:00:00,9,103,2.0,0.0,0.0,1.2874,11.025,6.0,4,20.343176774974275,,7000.0,0.0,0.0,0.0,48.048048048048045,optimal
2021-02-10 07:30:00,9,103,2.0,0.0,0.0,3.8315,11.025,6.0,4,20.413946354785143,,7000.0,0.0,0.0,0.0,48.0,optimal
2021-02-10 08:00:00,9,103,2.0,0.0,0.0,1.4246,14.553,6.0,4,20.4995189108794,,7000.0,0.0,0.0,0.0,47.639803557751215,optimal
2021-02-10 08:30:00,9,103,2.0,0.0,0.0,1.020333333333333,13.0935,6.0,4,20.57386511725966,,7000.0,0.0,0.0,0.0,47.27996731194468,optimal
2021-02-10 09:00:00,9,103,2.0,0.0,0.0,0.202,15.6345,6.0,4,20.644518667462872,,7000.0,0.0,0.0,0.0,46.92049090238395,optimal
2021-02-10 09:30:00,9,103,0.0,0.0,0.0,0.2816666666666667,18.102,6.0,4,20.707900905466964,,0.0,0.0,0.0,0.0,46.56137396923278,optimal
2021-02-10 10:00:00,9,103,0.0,0.0,0.0,0.1938333333333332,17.199,6.0,4,20.63125463514353,,0.0,0.0,0.0,0.0,46.202616153014766,optimal
2021-02-10 10:30:00,9,103,0.0,0.0,0.0,0.196,18.2805,6.0,4,20.55388819324428,,0.0,0.0,0.0,0.0,45.844217094612965,optimal
2021-02-10 11:00:00,9,103,0.0,0.0,0.0,1.4565,17.4615,6.0,4,20.476658598439546,,0.0,0.0,0.0,0.0,45.48617643526957,optimal
2021-02-10 11:30:00,9,103,0.0,0.0,0.0,0.2816666666666667,18.3225,6.0,4,20.415723524301484,,0.0,0.0,0.0,0.0,45.12849381658552,optimal
2021-02-10 12:00:00,9,103,0.0,0.0,0.0,2.364333333333333,17.094,6.0,4,20.338325290127827,,0.0,0.0,0.0,0.0,44.77116888052015,optimal
2021-02-10 12:30:00,9,103,0.0,0.0,0.0,2.3780666666666668,17.094,6.0,4,20.26487819152908,,0.0,0.0,0.0,0.0,44.41420126939085,optimal
2021-02-10 13:00:00,9,103,0.0,0.0,0.0,0.3989666666666666,17.094,6.0,4,20.19142187915228,,0.0,0.0,0.0,0.0,44.05759062587267,optimal
2021-02-10 13:30:00,9,103,0.0,0.0,0.0,1.8361333333333327,17.3565,6.0,4,20.11853949079875,,0.0,0.0,0.0,0.0,43.70133659299801,optimal
2021-02-10 14:00:00,9,103,2.0,0.0,0.0,1.2101,17.115,6.0,4,20.053376644183665,,7000.0,0.0,0.0,0.0,43.34543881415623,optimal
2021-02-10 14:30:00,9,103,0.9307170622167996,0.0,0.0,2.5907666666666667,17.241,6.0,4,20.13591931558895,,3257.509717758798,0.0,0.0,0.0,42.98989693309329,optimal
2021-02-10 15:00:00,9,103,2.0,0.0,0.0,0.4850666666666666,17.094,6.0,4,20.13917507553179,,7000.0,0.0,0.0,0.0,42.63471059391141,optimal
2021-02-10 15:30:00,9,103,2.0,0.0,0.0,2.671733333333333,16.5165,6.0,4,20.21921476378893,,7000.0,0.0,0.0,0.0,42.27987944106872,optimal
2021-02-10 16:00:00,9,103,0.0,0.0,0.0,2.6418000000000004,17.8185,6.0,4,20.307220919755608,,0.0,0.0,0.0,0.0,41.92540311937887,optimal
2021-02-10 16:30:00,9,103,2.0,0.0,0.0,2.119333333333333,17.094,6.0,4,20.24904596126527,,7000.0,0.0,0.0,0.0,41.57128127401071,optimal
2021-02-10 17:00:00,9,103,2.0,0.0,0.0,1.2046,16.8945,6.0,4,20.338376708973755,,7000.0,0.0,0.0,0.0,41.21751355048792,optimal
2021-02-10 17:30:00,9,103,0.0,0.0,0.0,2.3130333333333333,18.123,6.0,4,20.422301530887253,,0.0,0.0,0.0,0.0,40.864099594688646,optimal
2021-02-10 18:00:00,9,103,0.0,0.0,0.0,0.7238666666666667,31.647,6.0,4,20.359189858089174,,0.0,0.0,0.0,0.0,40.51103905284518,optimal
2021-02-10 18:30:00,9,103,0.0,0.0,0.0,0.3963,34.9965,6.0,4,20.289723430324457,,0.0,0.0,0.0,0.0,40.15833157154355,optimal
2021-02-10 19:00:00,9,103,0.0,0.0,0.0,0.3517666666666666,34.9965,6.0,4,20.218606896003653,,0.0,0.0,0.0,0.0,39.80597679772322,optimal
2021-02-10 19:30:00,9,103,0.0,0.0,0.0,0.2368,34.9965,6.0,4,20.14487984338572,,0.0,0.0,0.0,0.0,39.45397437867671,optimal
2021-02-10 20:00:00,9,103,0.0,0.0,0.0,1.4668666666666663,34.9965,6.0,4,20.06705940917725,,0.0,0.0,0.0,0.0,39.102323962049255,optimal
2021-02-10 20:30:00,9,103,0.0,0.0,0.0,2.510266666666667,34.9965,6.0,4,20.0,,0.0,0.0,0.0,0.0,38.75102519583842,optimal
2021-02-10 21:00:00,9,103,0.0,0.0,0.0,0.5038666666666667,27.741,6.0,4,19.933564242033608,,0.0,0.0,0.0,0.0,38.71227417064259,optimal
2021-02-10 21:30:00,9,103,0.0,0.0,0.0,0.7094333333333332,19.026,6.0,4,19.870809123081507,,0.0,0.0,0.0,0.0,38.673561896471945,optimal
2021-02-10 22:00:00,9,103,0.0,0.0,0.0,2.1958,18.7215,6.0,4,19.797025996748715,,0.0,0.0,0.0,0.0,38.63488833457547,optimal
2021-02-10 22:30:00,9,103,0.0,0.0,0.0,0.4664333333333332,17.4195,6.0,4,19.720149113347585,,0.0,0.0,0.0,0.0,38.596253446240894,optimal
2021-02-10 23:00:00,9,103,0.0,0.0,0.0,0.075,16.758,6.0,4,19.640020840174124,,0.0,0.0,0.0,0.0,38.55765719279465,optimal
2021-02-10 23:30:00,9,103,0.0,0.0,0.0,0.1703333333333333,14.217,6.0,4,19.53957801256871,,0.0,0.0,0.0,0.0,38.51909953560185,optimal
2021-02-11 00:00:00,9,103,2.0,0.0,5.0,0.1214333333333333,10.4265,6.0,-9,19.53957801256871,,7000.0,0.0,0.0,0.0,40.855580436066255,optimal
2021-02-11 00:30:00,9,103,2.0,0.0,5.0,0.2863,12.789,6.0,-9,19.58969577084221,,0.0,0.0,7000.0,0.0,43.18972485563019,optimal
2021-02-11 01:00:00,9,103,2.0,0.0,5.0,0.088,12.684,6.0,-9,19.49756575720783,,3828.6666666666665,0.0,3171.333333333333,0.0,45.52153513077456,optimal
2021-02-11 01:30:00,9,103,2.0,0.0,5.0,0.3393,16.254,6.0,-9,19.481922546394028,,7000.0,0.0,0.0,0.0,47.851013595643785,optimal
2021-02-11 02:00:00,9,103,2.0,0.0,1.5326719876724997,0.212,17.64,6.0,-9,19.53996779005678,,7000.0,0.0,0.0,0.0,48.53118177619257,optimal
2021-02-11 02:30:00,9,103,2.0,0.0,0.0,0.4281333333333333,19.1625,6.0,-9,19.59489666892251,,7000.0,0.0,0.0,0.0,48.48265059441637,optimal
2021-02-11 03:00:00,9,103,1.733742004066785,0.0,0.0,0.3020333333333334,26.46,6.0,-9,19.652577758209933,,6068.097014233747,0.0,0.0,0.0,48.434167943821954,optimal
2021-02-11 03:30:00,9,103,2.0,0.0,0.0,0.2332,20.79,6.0,-9,19.68824743965946,,7000.0,0.0,0.0,0.0,48.38573377587813,optimal
2021-02-11 04:00:00,9,103,0.0,0.0,0.0,0.4325333333333334,29.106,6.0,-9,19.743520546902285,,0.0,0.0,0.0,0.0,48.33734804210225,optimal
2021-02-11 04:30:00,9,103,2.0,0.0,0.0,0.2266666666666666,19.1835,6.0,-9,19.656239589476925,,7000.0,0.0,0.0,0.0,48.28901069406015,optimal
2021-02-11 05:00:00,9,103,2.0,0.0,0.0,0.369,19.6665,6.0,-9,19.71499184449943,,7000.0,0.0,0.0,0.0,48.24072168336608,optimal
2021-02-11 05:30:00,9,103,2.0,0.0,0.0,0.3021,19.404,6.0,-9,19.775358763954973,,7000.0,0.0,0.0,0.0,48.19248096168271,optimal
2021-02-11 06:00:00,9,103,2.0,0.0,0.0,0.2231,19.047,6.0,-9,19.83589693852984,,7000.0,0.0,0.0,0.0,48.144288480721016,optimal
2021-02-11 06:30:00,9,103,2.0,0.0,0.0,0.4692666666666666,18.858,6.0,-9,19.898889560541203,,7000.0,0.0,0.0,0.0,48.096144192240295,optimal
2021-02-11 07:00:00,9,103,2.0,0.0,0.0,0.3062333333333333,19.2675,6.0,-9,19.969679315325788,,7000.0,0.0,0.0,0.0,48.048048048048045,optimal
2021-02-11 07:30:00,9,103,2.0,0.0,0.0,0.3176666666666667,18.963,6.0,-9,20.037923287077483,,7000.0,0.0,0.0,0.0,48.0,optimal
2021-02-11 08:00:00,9,103,2.0,0.0,0.0,0.2944666666666666,18.438,6.0,-9,20.106239422717792,,7000.0,0.0,0.0,0.0,46.83947858864505,optimal
2021-02-11 08:30:00,9,103,2.0,0.0,0.0,0.091,18.7425,6.0,-9,20.17095283573804,,7000.0,0.0,0.0,0.0,45.68011769870146,optimal
2021-02-11 09:00:00,9,103,2.0,0.0,0.0,0.2649333333333333,15.2145,6.0,-9,20.22407293305076,,7000.0,0.0,0.0,0.0,44.52191616964781,optimal
2021-02-11 09:30:00,9,103,2.0,0.0,0.0,0.1142666666666666,17.7765,6.0,-9,20.27209513941376,,7000.0,0.0,0.0,0.0,43.36487284212321,optimal
2021-02-11 10:00:00,9,103,2.0,0.0,0.0,0.069,16.758,6.0,-9,20.32421341610368,,7000.0,0.0,0.0,0.0,42.20898655792614,optimal
2021-02-11 10:30:00,9,103,2.0,0.0,0.0,0.3102,16.422,6.0,-9,20.382627895849435,,7000.0,0.0,0.0,0.0,41.05425616001327,optimal
2021-02-11 11:00:00,9,103,2.0,0.0,0.0,0.069,16.758,6.0,-9,20.44313271631281,,7000.0,0.0,0.0,0.0,39.9006804924983,optimal
2021-02-11 11:30:00,9,103,0.0,0.0,0.0,0.1714,29.358,6.0,-9,20.495563679386773,,0.0,0.0,0.0,0.0,38.748258400650855,optimal
2021-02-11 12:00:00,9,103,0.0,0.0,0.0,0.2078,34.9965,6.0,-9,20.405961999006617,,0.0,0.0,0.0,0.0,37.596988730895255,optimal
2021-02-11 12:30:00,9,103,0.0,0.0,0.0,0.069,34.65,6.0,-9,20.320935561385195,,0.0,0.0,0.0,0.0,36.44687033080941,optimal
2021-02-11 13:00:00,9,103,0.0,0.0,0.0,0.069,34.9965,6.0,-9,20.236321908957464,,0.0,0.0,0.0,0.0,35.29790204912366,optimal
2021-02-11 13:30:00,9,103,0.0,0.0,0.0,0.2778666666666666,34.9965,6.0,-9,20.155040964851256,,0.0,0.0,0.0,0.0,34.150082735719586,optimal
2021-02-11 14:00:00,9,103,0.0,0.0,0.0,0.1013333333333333,30.4815,6.0,-9,20.078979163397403,,0.0,0.0,0.0,0.0,33.00341124162892,optimal
2021-02-11 14:30:00,9,103,1.0978997183507917,0.0,0.0,0.069,21.4305,6.0,-9,20.0,,3842.6490142277694,0.0,0.0,0.0,31.85788641903234,optimal
2021-02-11 15:00:00,9,103,1.1726703054716996,0.0,0.0,0.1600666666666666,14.3325,6.0,-9,20.0,,3756.012735817615,0.0,348.3333333333333,0.0,30.71350712125836,optimal
2021-02-11 15:30:00,9,103,2.0,0.0,0.0,0.2251333333333333,13.692,6.0,-9,20.0,,7000.0,0.0,0.0,0.0,29.57027220278216,optimal
2021-02-11 16:00:00,9,103,0.2692036221169573,0.0,0.0,0.2171666666666666,14.007,6.0,-9,20.06523755994288,,942.2126774093506,0.0,0.0,0.0,28.428180519224423,optimal
2021-02-11 16:30:00,9,103,1.0730956542489731,0.0,0.0,1.4516,12.873,6.0,-9,20.0,,3755.834789871406,0.0,0.0,0.0,27.28723092735025,optimal
2021-02-11 17:00:00,9,103,1.172702450256576,0.0,0.0,1.478,12.684,6.0,-9,20.0,,4034.791909231349,0.0,69.66666666666666,0.0,26.14742228506796,optimal
2021-02-11 17:30:00,9,103,1.3420858328181224,0.0,0.0,0.2625333333333333,12.306,6.0,-9,20.0,,4697.300414863429,0.0,0.0,0.0,25.00875345142794,optimal
2021-02-11 18:00:00,9,103,2.0,0.0,0.0,0.1679333333333333,10.6365,6.0,-9,20.0,,4896.7222928633055,0.0,2103.2777071366945,0.0,23.871223286621564,optimal
2021-02-11 18:30:00,9,103,1.6320589753035135,0.0,0.0,0.2112666666666666,11.2455,6.0,-9,20.0,,5036.576877575666,0.0,675.6295359866316,0.0,22.73483065198,optimal
2021-02-11 19:00:00,9,103,2.0,0.0,0.0,0.2701333333333333,11.2455,6.0,-9,20.0,,6574.240576456659,0.0,425.7594235433408,0.0,22.712095821328013,optimal
2021-02-11 19:30:00,9,103,2.0,0.0,0.0,0.3761333333333333,11.025,6.0,-9,20.04353243520685,,7000.0,0.0,0.0,0.0,22.689383725506687,optimal
2021-02-11 20:00:00,9,103,0.0,0.0,0.0,0.3633666666666666,12.0855,6.0,-9,20.09633263587033,,0.0,0.0,0.0,0.0,22.66669434178118,optimal
2021-02-11 20:30:00,9,103,0.0,0.0,0.0,1.3495666666666666,11.6865,6.0,-9,20.0,,0.0,0.0,0.0,0.0,22.6440276474394,optimal
2021-02-11 21:00:00,9,103,0.0796190476190476,0.0,0.0,0.5764666666666667,11.2245,6.0,-9,19.911702360928487,,0.0,0.0,278.66666666666663,0.0,22.621383619791963,optimal
2021-02-11 21:30:00,9,103,0.0199047619047619,0.0,0.0,0.4271,11.025,6.0,-9,19.8214222857292,,0.0,0.0,69.66666666666666,0.0,22.59876223617217,optimal
2021-02-11 22:00:00,9,103,0.0,0.0,0.0,0.7585,10.7835,6.0,-9,19.72406970252975,,0.0,0.0,0.0,0.0,22.576163473936,optimal
2021-02-11 22:30:00,9,103,0.0,0.0,0.0,0.4011333333333333,11.025,6.0,-9,19.63548134323885,,0.0,0.0,0.0,0.0,22.553587310462063,optimal
2021-02-11 23:00:00,9,103,0.0398095238095238,0.0,0.0,0.8578666666666667,10.584,6.0,-9,19.537498531168985,,0.0,0.0,139.33333333333331,0.0,22.5310337231516,optimal
2021-02-11 23:30:00,9,103,0.0,0.0,0.0,1.7122,11.025,6.0,-9,19.437723227752883,,0.0,0.0,0.0,0.0,22.50850268942845,optimal
2021-02-12 00:00:00,9,103,2.0,0.0,0.0,0.0406666666666666,12.1275,6.0,7,19.437723227752883,,7000.0,0.0,0.0,0.0,22.48599418673902,optimal
2021-02-12 00:30:00,9,103,1.067356893758442,0.0,0.0,0.038,13.671,6.0,7,19.46961068636563,,0.0,0.0,3735.749128154548,0.0,22.463508192552283,optimal
2021-02-12 01:00:00,9,103,2.0,0.0,5.0,0.1738,10.668,6.0,7,19.354000627027386,,5650.082461487881,0.0,1349.9175385121189,0.0,24.81604468435973,optimal
2021-02-12 01:30:00,9,103,2.0,0.0,0.0,0.0444666666666666,11.7285,6.0,7,19.360710239208625,,7000.0,0.0,0.0,0.0,24.79122863967537,optimal
2021-02-12 02:00:00,9,103,2.0,0.0,0.0,0.038,11.025,6.0,7,19.393536875572504,,7000.0,0.0,0.0,0.0,24.766437411035696,optimal
2021-02-12 02:30:00,9,103,2.0,0.0,5.0,0.1608666666666666,10.689,6.0,7,19.42653213020936,,7000.0,0.0,0.0,0.0,27.11667097362466,optimal
2021-02-12 03:00:00,9,103,2.0,0.0,5.0,0.0574,8.1585,6.0,7,19.463325094121736,,7000.0,0.0,0.0,0.0,29.464554302651035,optimal
2021-02-12 03:30:00,9,103,2.0,0.0,5.0,0.038,10.3635,6.0,7,19.499134129339748,,7000.0,0.0,0.0,0.0,31.810089748348386,optimal
2021-02-12 04:00:00,9,103,2.0,0.0,4.725780549537133,0.0703333333333333,10.8045,6.0,7,19.53754801037258,,7000.0,0.0,0.0,0.0,34.023025419630166,optimal
2021-02-12 04:30:00,9,103,2.0,0.0,0.0,0.1479333333333333,11.025,6.0,7,19.579643927625032,,7000.0,0.0,0.0,0.0,33.98900239421053,optimal
2021-02-12 05:00:00,9,103,2.0,0.0,5.0,0.038,10.3635,6.0,7,19.62635805866023,,7000.0,0.0,0.0,0.0,36.33001339181632,optimal
2021-02-12 05:30:00,9,103,2.0,0.0,5.0,0.038,10.8045,6.0,7,19.673721798962603,,7000.0,0.0,0.0,0.0,38.6686833784245,optimal
2021-02-12 06:00:00,9,103,2.0,0.0,5.0,0.1530666666666666,10.059,6.0,7,19.72450001123955,,7000.0,0.0,0.0,0.0,41.00501469504607,optimal
2021-02-12 06:30:00,9,103,2.0,0.0,5.0,0.0692,10.584,6.0,7,19.78860738415875,,7000.0,0.0,0.0,0.0,43.33900968035103,optimal
2021-02-12 07:00:00,9,103,2.0,0.0,5.0,0.5351333333333333,9.4185,6.0,7,19.85025260468808,,7000.0,0.0,0.0,0.0,45.670670670670674,optimal
2021-02-12 07:30:00,9,103,2.0,0.0,5.0,1.9533666666666665,10.3635,6.0,7,19.91898857168376,,7000.0,0.0,0.0,0.0,48.0,optimal
2021-02-12 08:00:00,9,103,2.0,0.0,0.0,0.6312000000000001,9.8385,6.0,7,20.0,,7000.0,0.0,0.0,0.0,47.91704548071955,optimal
2021-02-12 08:30:00,9,103,2.0,0.0,0.0,1.0558333333333332,11.067,6.0,7,20.06700112867074,,7000.0,0.0,0.0,0.0,47.83417391595839,optimal
2021-02-12 09:00:00,9,103,2.0,0.0,0.0,0.1204,10.8465,6.0,7,20.123271191653554,,7000.0,0.0,0.0,0.0,47.75138522276198,optimal
2021-02-12 09:30:00,9,103,2.0,0.0,0.0,0.0997333333333333,13.671,6.0,7,20.16705148587098,,7000.0,0.0,0.0,0.0,47.668679318258775,optimal
2021-02-12 10:00:00,9,103,2.0,0.0,0.0,0.1385333333333333,12.348,6.0,7,20.21591260719812,,7000.0,0.0,0.0,0.0,47.58605611966007,optimal
2021-02-12 10:30:00,9,103,0.0,0.0,0.0,0.048,14.3325,6.0,7,20.275349521250167,,0.0,0.0,0.0,0.0,47.50351554425996,optimal
2021-02-12 11:00:00,9,103,0.0,0.0,0.0,0.1902666666666666,15.393,6.0,7,20.187072843743834,,0.0,0.0,0.0,0.0,47.42105750943526,optimal
2021-02-12 11:30:00,9,103,2.0,0.0,0.0,0.048,13.587,6.0,7,20.104006095805307,,7000.0,0.0,0.0,0.0,47.33868193264538,optimal
2021-02-12 12:00:00,9,103,0.0,0.0,0.0,0.1505666666666666,16.1385,6.0,7,20.165901112808427,,0.0,0.0,0.0,0.0,47.25638873143229,optimal
2021-02-12 12:30:00,9,103,0.0,0.0,0.0,0.0848,14.595,6.0,7,20.089768671940377,,0.0,0.0,0.0,0.0,47.17417782342041,optimal
2021-02-12 13:00:00,9,103,0.5929087004410665,0.0,0.0,1.4385333333333332,14.637,6.0,7,20.01385550877649,,2075.1804515437325,0.0,0.0,0.0,47.09204912631654,optimal
2021-02-12 13:30:00,9,103,0.9969386927182688,0.0,0.0,0.2555333333333333,13.9125,6.0,7,20.0,,3489.285424513941,0.0,0.0,0.0,47.01000255790977,optimal
2021-02-12 14:00:00,9,103,1.419010503680236,0.0,0.0,0.0466666666666666,13.3665,6.0,7,20.0,,4966.536762880826,0.0,0.0,0.0,46.92803803607141,optimal
2021-02-12 14:30:00,9,103,2.0,0.0,0.0,0.1902666666666666,13.0095,6.0,7,20.021931012190777,,7000.0,0.0,0.0,0.0,46.846155478754895,optimal
2021-02-12 15:00:00,9,103,0.0,0.0,0.0,0.048,13.8915,6.0,7,20.08651264685036,,0.0,0.0,0.0,0.0,46.764354803995694,optimal
2021-02-12 15:30:00,9,103,1.178133522153173,0.0,0.0,0.048,13.188,6.0,7,20.0,,4123.467327536106,0.0,0.0,0.0,46.68263592991125,optimal
2021-02-12 16:00:00,9,103,1.1128270586509277,0.0,0.0,0.0613999999999999,12.5685,6.0,7,20.0,,3616.228038611581,0.0,278.66666666666663,0.0,46.60099877470089,optimal
2021-02-12 16:30:00,9,103,0.8910178851205253,0.0,0.0,0.1802,12.285,6.0,7,20.0,,3118.5625979218385,0.0,0.0,0.0,46.519443256645744,optimal
2021-02-12 17:00:00,9,103,2.0,0.0,0.0,0.1072333333333333,11.487,6.0,7,20.0,,4561.666666666666,0.0,2438.333333333333,0.0,46.43796929410865,optimal
2021-02-12 17:30:00,9,103,0.3335770311891425,0.0,0.0,0.2762666666666666,11.802,6.0,7,20.03678129517456,,1167.519609161999,0.0,0.0,0.0,46.35657680553409,optimal
2021-02-12 18:00:00,9,103,2.0,0.0,0.0,0.2322,11.2245,6.0,7,20.0,,7000.0,0.0,0.0,0.0,46.27526570944811,optimal
2021-02-12 18:30:00,9,103,2.0,0.0,0.0,0.2012666666666666,11.025,6.0,7,20.08719415033075,,7000.0,0.0,0.0,0.0,46.19403592445821,optimal
2021-02-12 19:00:00,9,103,0.2951977236856395,0.0,0.0,0.4425666666666666,11.907,6.0,7,20.16397534964717,,1033.1920328997385,0.0,0.0,0.0,46.11288736925331,optimal
2021-02-12 19:30:00,9,103,0.0,0.0,0.0,1.9199666666666664,25.83,6.0,7,20.12017859402312,,0.0,0.0,0.0,0.0,46.031819962603606,optimal
2021-02-12 20:00:00,9,103,0.0,0.0,0.0,0.3262666666666666,28.035,6.0,7,20.07238945974308,,0.0,0.0,0.0,0.0,45.95083362336056,optimal
2021-02-12 20:30:00,9,103,0.0,0.0,0.0,0.1884,28.119,6.0,7,20.0,,0.0,0.0,0.0,0.0,45.869928270456754,optimal
2021-02-12 21:00:00,9,103,0.0,0.0,0.0,0.2756666666666666,30.156,6.0,7,19.92873478112148,,0.0,0.0,0.0,0.0,45.78910382290585,optimal
2021-02-12 21:30:00,9,103,0.0,0.0,0.0,0.4571666666666666,29.1585,6.0,7,19.863198040413334,,0.0,0.0,0.0,0.0,45.7083601998025,optimal
2021-02-12 22:00:00,9,103,0.0,0.0,0.0,0.3868333333333333,26.712,6.0,7,19.800009821926423,,0.0,0.0,0.0,0.0,45.62769732032225,optimal
2021-02-12 22:30:00,9,103,0.0,0.0,0.0,0.1382666666666666,15.435,6.0,7,19.74270295647497,,0.0,0.0,0.0,0.0,45.54711510372148,optimal
2021-02-12 23:00:00,9,103,0.0,0.0,0.0,0.3013333333333333,13.566,6.0,7,19.67774322579881,,0.0,0.0,0.0,0.0,45.50156798861776,optimal
2021-02-12 23:30:00,9,103,0.0,0.0,0.0,0.077,12.789,6.0,7,19.611879726930937,,0.0,0.0,0.0,0.0,45.45606642062914,optimal
2021-02-13 00:00:00,9,103,2.0,0.0,5.0,1.4173333333333331,7.938,6.0,-10,19.611879726930937,,7000.0,0.0,0.0,0.0,47.78561035420852,optimal
2021-02-13 00:30:00,9,103,2.0,0.0,1.977352106943852,0.2056666666666666,8.274,6.0,-10,19.684623225976072,,2750.333333333333,0.0,4249.666666666667,0.0,48.67706699465263,optimal
2021-02-13 01:00:00,9,103,2.0,0.0,0.0,0.1953,9.261,6.0,-10,19.661189483738063,,7000.0,0.0,0.0,0.0,48.62838992765797,optimal
2021-02-13 01:30:00,9,103,2.0,0.0,0.0,0.0994333333333333,9.9225,6.0,-10,19.727327880921933,,7000.0,0.0,0.0,0.0,48.57976153773031,optimal
2021-02-13 02:00:00,9,103,2.0,0.0,0.0,0.139,9.702,6.0,-10,19.791375030888208,,7000.0,0.0,0.0,0.0,48.53118177619257,optimal
2021-02-13 02:30:00,9,103,2.0,0.0,0.0,0.2915,10.584,6.0,-10,19.856191347859824,,7000.0,0.0,0.0,0.0,48.48265059441637,optimal
2021-02-13 03:00:00,9,103,2.0,0.0,0.0,0.0965666666666666,10.143,6.0,-10,19.923923800951965,,7000.0,0.0,0.0,0.0,48.434167943821954,optimal
2021-02-13 03:30:00,9,103,0.0,0.0,0.0,0.2117,13.0095,6.0,-10,19.987245547226795,,0.0,0.0,0.0,0.0,48.38573377587813,optimal
2021-02-13 04:00:00,9,103,2.0,0.0,0.0,0.0917,11.025,6.0,-10,19.90512393763753,,7000.0,0.0,0.0,0.0,48.33734804210225,optimal
2021-02-13 04:30:00,9,103,2.0,0.0,0.0,0.3357666666666666,12.789,6.0,-10,19.96797485933084,,7000.0,0.0,0.0,0.0,48.28901069406015,optimal
2021-02-13 05:00:00,9,103,2.0,0.0,0.0,0.1056333333333333,12.1275,6.0,-10,20.03522468091463,,7000.0,0.0,0.0,0.0,48.24072168336608,optimal
2021-02-13 05:30:00,9,103,2.0,0.0,0.0,0.2139333333333333,12.1695,6.0,-10,20.096871342592213,,7000.0,0.0,0.0,0.0,48.19248096168271,optimal
2021-02-13 06:00:00,9,103,2.0,0.0,0.0,0.1341333333333333,12.306,6.0,-10,20.16006442380573,,7000.0,0.0,0.0,0.0,48.144288480721016,optimal
2021-02-13 06:30:00,9,103,1.4995211068087937,0.0,0.0,0.2177333333333332,13.23,6.0,-10,20.22083732723132,,5248.323873830778,0.0,0.0,0.0,48.096144192240295,optimal
2021-02-13 07:00:00,9,103,0.0,0.0,0.0,1.100666666666667,13.671,6.0,-10,20.24599400641813,,0.0,0.0,0.0,0.0,48.048048048048045,optimal
2021-02-13 07:30:00,9,103,0.0,0.0,0.0,0.5052,13.9335,6.0,-10,20.168052356995805,,0.0,0.0,0.0,0.0,48.0,optimal
2021-02-13 08:00:00,9,103,2.0,0.0,0.0,0.5606,13.293,6.0,-10,20.09329609422855,,7000.0,0.0,0.0,0.0,47.71393362461361,optimal
2021-02-13 08:30:00,9,103,2.0,0.0,0.0,0.5326333333333333,12.1065,6.0,-10,20.16753606382996,,7000.0,0.0,0.0,0.0,47.42815331560261,optimal
2021-02-13 09:00:00,9,103,2.0,0.0,0.0,1.9378666666666664,11.571,6.0,-10,20.240663363286203,,7000.0,0.0,0.0,0.0,47.14265878690062,optimal
2021-02-13 09:30:00,9,103,2.0,0.0,0.0,1.5911666666666668,11.025,6.0,-10,20.34312333461946,,7000.0,0.0,0.0,0.0,46.85744975272733,optimal
2021-02-13 10:00:00,9,103,2.0,0.0,0.0,1.6944,10.8465,6.0,-10,20.422303388794333,,7000.0,0.0,0.0,0.0,46.57252592758821,optimal
2021-02-13 10:30:00,9,103,2.0,0.0,0.0,1.4381333333333337,11.2455,6.0,-10,20.51334544010696,,7000.0,0.0,0.0,0.0,46.28788702627424,optimal
2021-02-13 11:00:00,9,103,0.0,0.0,0.0,1.2757,23.8665,6.0,-10,20.58961785479302,,0.0,0.0,0.0,0.0,46.00353276386157,optimal
2021-02-13 11:30:00,9,103,0.0,0.0,0.0,2.1522666666666668,27.4575,6.0,-10,20.51785814629298,,0.0,0.0,0.0,0.0,45.71946285571132,optimal
2021-02-13 12:00:00,9,103,0.0,0.0,0.0,0.2502333333333333,27.3735,6.0,-10,20.446065200623057,,0.0,0.0,0.0,0.0,45.43567701746922,optimal
2021-02-13 12:30:00,9,103,0.0,0.0,0.0,0.2827666666666666,30.4605,6.0,-10,20.3546708507332,,0.0,0.0,0.0,0.0,45.15217496506536,optimal
2021-02-13 13:00:00,9,103,0.0,0.0,0.0,0.2847666666666666,30.0195,6.0,-10,20.26364239323226,,0.0,0.0,0.0,0.0,44.8689564147139,optimal
2021-02-13 13:30:00,9,103,0.0,0.0,0.0,0.059,26.9325,6.0,-10,20.176319850675632,,0.0,0.0,0.0,0.0,44.5860210829128,optimal
2021-02-13 14:00:00,9,103,0.0,0.0,0.0,0.2677,14.595,6.0,-10,20.0850946506729,,0.0,0.0,0.0,0.0,44.30336868644349,optimal
2021-02-13 14:30:00,9,103,1.100190150675474,0.0,0.0,1.9771333333333327,12.4845,6.0,-10,20.0,,3502.3321940308256,0.0,348.3333333333333,0.0,44.02099894237066,optimal
2021-02-13 15:00:00,9,103,1.049758945314308,0.0,0.0,2.102,12.1275,6.0,-10,20.0,,3674.1563086000783,0.0,0.0,0.0,43.7389115680419,optimal
2021-02-13 15:30:00,9,103,2.0,0.0,0.0,0.4360666666666666,12.1275,6.0,-10,20.000418669447715,,7000.0,0.0,0.0,0.0,43.45710628108747,optimal
2021-02-13 16:00:00,9,103,0.0,0.0,0.0,0.6205333333333333,12.789,6.0,-10,20.072489319221265,,0.0,0.0,0.0,0.0,43.17558279941999,optimal
2021-02-13 16:30:00,9,103,1.0247306260749445,0.0,0.0,0.5535333333333333,11.907,6.0,-10,20.0,,3586.557191262306,0.0,0.0,0.0,42.89434084123418,optimal
2021-02-13 17:00:00,9,103,1.0625249312350868,0.0,0.0,0.5352666666666667,11.025,6.0,-10,20.0,,3440.1705926561376,0.0,278.66666666666663,0.0,42.61338012500656,optimal
2021-02-13 17:30:00,9,103,2.0,0.0,0.0,1.5342,8.2005,6.0,-10,20.0,,5062.3130442458605,0.0,1937.6869557541395,0.0,42.33270036949517,optimal
2021-02-13 18:00:00,9,103,0.0,0.0,0.0,0.9119,9.5655,6.0,-10,20.05808069097834,,0.0,0.0,0.0,0.0,42.05230129373928,optimal
2021-02-13 18:30:00,9,103,2.0,0.0,0.0,2.259266666666667,7.056,6.0,-10,20.0,,3011.4160867728665,0.0,3988.5839132271335,0.0,41.77218261705916,optimal
2021-02-13 19:00:00,9,103,1.808716916483466,0.0,0.0,1.3496333333333337,9.3975,6.0,-10,20.0,,6195.780076673404,0.0,134.72913101872712,0.0,41.49234405905571,optimal
2021-02-13 19:30:00,9,103,0.0,0.0,0.0,2.0819666666666667,10.059,6.0,-10,20.06637519646144,,0.0,0.0,0.0,0.0,41.21278533961026,optimal
2021-02-13 20:00:00,9,103,0.8241356817708286,0.0,0.0,4.065666666666666,9.261,6.0,-10,20.0,,2745.141552864567,0.0,139.33333333333331,0.0,40.933506178884265,optimal
2021-02-13 20:30:00,9,103,0.0796190476190476,0.0,0.0,2.619266666666667,8.1585,6.0,-10,20.0,,0.0,0.0,278.66666666666663,0.0,40.654506297319,optimal
2021-02-13 21:00:00,9,103,0.0,0.0,0.0,2.0522666666666667,9.4815,6.0,-10,19.93068742985354,,0.0,0.0,0.0,0.0,40.375785415635285,optimal
2021-02-13 21:30:00,9,103,0.0,0.0,0.0,0.8701333333333333,8.379,6.0,-10,19.860737830418948,,0.0,0.0,0.0,0.0,40.09734325483326,optimal
2021-02-13 22:00:00,9,103,0.0,0.0,0.0,0.4367,9.5235,6.0,-10,19.786600170433704,,0.0,0.0,0.0,0.0,39.81917953619204,optimal
2021-02-13 22:30:00,9,103,0.6170476190476191,0.0,0.0,2.405,8.1375,6.0,-10,19.714433432749928,,0.0,0.0,2159.6666666666665,0.0,39.541293981269455,optimal
2021-02-13 23:00:00,9,103,0.0,0.0,0.0,0.2687666666666666,10.0905,6.0,-10,19.648836291339443,,0.0,0.0,0.0,0.0,39.50175268728818,optimal
2021-02-13 23:30:00,9,103,0.0,0.0,0.0,0.2888333333333333,7.539,6.0,-10,19.57362850781223,,0.0,0.0,0.0,0.0,39.462250934600895,optimal
2021-02-07 00:00:00,10,103,0.0,0.0,0.0,0.062,9.261,6.0,0,21.0,,0.0,0.0,0.0,0.0,47.952,optimal
2021-02-07 00:30:00,10,103,0.0,0.0,0.0,0.2652333333333332,10.3635,6.0,0,20.92464207371792,,0.0,0.0,0.0,0.0,47.904048,optimal
2021-02-07 01:00:00,10,103,0.0,0.0,0.0,0.1641,8.274,6.0,0,20.853450498710963,,0.0,0.0,0.0,0.0,47.856143952,optimal
2021-02-07 01:30:00,10,103,0.0,0.0,0.0,0.1258333333333333,7.7175,6.0,0,20.77999933110804,,0.0,0.0,0.0,0.0,47.80828780804799,optimal
2021-02-07 02:00:00,10,103,1.9934617078283767,0.0,0.0,0.3035,6.615,6.0,0,20.705849025074983,,6977.11597739932,0.0,0.0,0.0,47.76047952023995,optimal
2021-02-07 02:30:00,10,103,2.0,0.0,0.0,0.062,6.174,6.0,0,20.7824193737653,,7000.0,0.0,0.0,0.0,47.712719040719705,optimal
2021-02-07 03:00:00,10,103,2.0,0.0,0.0,0.3049666666666666,3.906,6.0,0,20.853586723313686,,7000.0,0.0,0.0,0.0,47.66500632167899,optimal
2021-02-07 03:30:00,10,103,2.0,0.0,0.0,0.1243666666666666,2.3415,6.0,0,20.92909208830876,,7000.0,0.0,0.0,0.0,47.61734131535731,optimal
2021-02-07 04:00:00,10,103,2.0,0.0,0.0,0.062,2.205,6.0,0,21.00022637162268,,7000.0,0.0,0.0,0.0,47.56972397404195,optimal
2021-02-07 04:30:00,10,103,2.0,0.0,1.61443461893103,0.1499,0.882,6.0,0,21.069498263349857,,7000.0,0.0,0.0,0.0,48.28901069406015,optimal
2021-02-07 05:00:00,10,103,2.0,0.0,0.0,0.1741,1.5435,6.0,0,21.14030622132372,,7000.0,0.0,0.0,0.0,48.24072168336608,optimal
2021-02-07 05:30:00,10,103,2.0,0.0,0.0,0.2112,1.5435,6.0,0,21.211302365921465,,7000.0,0.0,0.0,0.0,48.19248096168271,optimal
2021-02-07 06:00:00,10,103,2.0,0.0,0.0,0.2161333333333333,5.0715,6.0,0,21.28275739366084,,7000.0,0.0,0.0,0.0,48.144288480721016,optimal
2021-02-07 06:30:00,10,103,2.0,0.0,0.0,0.1126666666666666,5.376,6.0,0,21.358560039778,,7000.0,0.0,0.0,0.0,48.096144192240295,optimal
2021-02-07 07:00:00,10,103,2.0,0.0,0.0,0.5008,5.0715,6.0,0,21.43092980541242,,7000.0,0.0,0.0,0.0,48.048048048048045,optimal
2021-02-07 07:30:00,10,103,2.0,0.0,0.0,0.3713999999999999,5.5125,6.0,0,21.511667686106165,,7000.0,0.0,0.0,0.0,48.0,optimal
2021-02-07 08:00:00,10,103,0.0,0.0,0.0,0.3396666666666667,9.261,6.0,0,21.596561039675063,,0.0,0.0,0.0,0.0,47.73570552079879,optimal
2021-02-07 08:30:00,10,103,0.0,0.0,0.0,0.3512,11.7075,6.0,0,21.53152237761937,,0.0,0.0,0.0,0.0,47.47167533607678,optimal
2021-02-07 09:00:00,10,103,0.0,0.0,0.0,0.275,12.348,6.0,0,21.45367400338564,,0.0,0.0,0.0,0.0,47.20790918153949,optimal
2021-02-07 09:30:00,10,103,0.0,0.0,0.0,0.2986,12.348,6.0,0,21.377612846221623,,0.0,0.0,0.0,0.0,46.944406793156745,optimal
2021-02-07 10:00:00,10,103,0.0,0.0,0.0,0.5714333333333332,12.1275,6.0,0,21.30269152854385,,0.0,0.0,0.0,0.0,46.681167907162376,optimal
2021-02-07 10:30:00,10,103,0.0,0.0,0.0,0.3403,12.5265,6.0,0,21.234596348990213,,0.0,0.0,0.0,0.0,46.418192260054006,optimal
2021-02-07 11:00:00,10,103,0.0,0.0,0.0,0.4763333333333333,11.7495,6.0,0,21.161119085923414,,0.0,0.0,0.0,0.0,46.15547958859274,optimal
2021-02-07 11:30:00,10,103,0.0,0.0,0.0,0.3905333333333333,13.23,6.0,0,21.08931850183333,,0.0,0.0,0.0,0.0,45.89302962980294,optimal
2021-02-07 12:00:00,10,103,0.0,0.0,0.0,0.2332666666666666,14.3325,6.0,0,21.015069210468887,,0.0,0.0,0.0,0.0,45.63084212097193,optimal
2021-02-07 12:30:00,10,103,0.0,0.0,0.0,0.709,14.994,6.0,0,20.93755153214747,,0.0,0.0,0.0,0.0,45.36891679964975,optimal
2021-02-07 13:00:00,10,103,0.0,0.0,0.0,0.0958,14.8155,6.0,0,20.87143137760191,,0.0,0.0,0.0,0.0,45.10725340364888,optimal
2021-02-07 13:30:00,10,103,0.0,0.0,0.0,0.084,14.112,6.0,0,20.79851649943801,,0.0,0.0,0.0,0.0,44.84585167104402,optimal
2021-02-07 14:00:00,10,103,0.0,0.0,0.0,0.2206666666666666,14.007,6.0,0,20.724445042211883,,0.0,0.0,0.0,0.0,44.58471134017177,optimal
2021-02-07 14:30:00,10,103,0.0,0.0,0.0,0.2384666666666666,13.23,6.0,0,20.649542921108733,,0.0,0.0,0.0,0.0,44.32383214963039,optimal
2021-02-07 15:00:00,10,103,0.0,0.0,0.0,0.3868666666666667,11.382,6.0,0,20.577806464994367,,0.0,0.0,0.0,0.0,44.06321383827955,optimal
2021-02-07 15:30:00,10,103,0.0,0.0,0.0,0.5702999999999999,11.7495,6.0,0,20.509595308482773,,0.0,0.0,0.0,0.0,43.802856145240064,optimal
2021-02-07 16:00:00,10,103,0.0,0.0,0.0,0.5624333333333332,24.3285,6.0,0,20.444486419220187,,0.0,0.0,0.0,0.0,43.54275880989361,optimal
2021-02-07 16:30:00,10,103,0.0,0.0,0.0,0.563,28.917,6.0,0,20.3832424817564,,0.0,0.0,0.0,0.0,43.28292157188251,optimal
2021-02-07 17:00:00,10,103,0.0,0.0,0.0,0.5031666666666667,31.3635,6.0,0,20.32640807339904,,0.0,0.0,0.0,0.0,43.02334417110942,optimal
2021-02-07 17:30:00,10,103,0.0,0.0,0.0,0.6849,33.306,6.0,0,20.271140328161536,,0.0,0.0,0.0,0.0,42.7640263477371,optimal
2021-02-07 18:00:00,10,103,0.0,0.0,0.0,0.489,31.3425,6.0,0,20.219237754980472,,0.0,0.0,0.0,0.0,42.50496784218815,optimal
2021-02-07 18:30:00,10,103,0.0,0.0,0.0,1.8653666666666664,28.2555,6.0,0,20.158094136188407,,0.0,0.0,0.0,0.0,42.24616839514475,optimal
2021-02-07 19:00:00,10,103,0.0,0.0,0.0,2.9647,15.6975,6.0,0,20.112205673676524,,0.0,0.0,0.0,0.0,41.9876277475484,optimal
2021-02-07 19:30:00,10,103,0.0,0.0,0.0,1.4405666666666666,12.5475,6.0,0,20.094772635042503,,0.0,0.0,0.0,0.0,41.72934564059964,optimal
2021-02-07 20:00:00,10,103,0.0,0.0,0.0,0.4964333333333333,12.0855,6.0,0,20.046823671024683,,0.0,0.0,0.0,0.0,41.68761629495904,optimal
2021-02-07 20:30:00,10,103,0.0,0.0,0.0,0.5155666666666667,11.907,6.0,0,20.0,,0.0,0.0,0.0,0.0,41.645928678664085,optimal
2021-02-07 21:00:00,10,103,0.0,0.0,0.0,4.0681,12.5685,6.0,0,19.95679264223735,,0.0,0.0,0.0,0.0,41.60428274998542,optimal
2021-02-07 21:30:00,10,103,0.0,0.0,0.0,3.079,13.146,6.0,0,19.925362012080047,,0.0,0.0,0.0,0.0,41.56267846723544,optimal
2021-02-07 22:00:00,10,103,0.0,0.0,0.0,0.6585,10.584,6.0,0,19.88541930805523,,0.0,0.0,0.0,0.0,41.5211157887682,optimal
2021-02-07 22:30:00,10,103,0.0,0.0,0.0,0.3283666666666667,6.678,6.0,0,19.81878696584005,,0.0,0.0,0.0,0.0,41.47959467297943,optimal
2021-02-07 23:00:00,10,103,0.0,0.0,0.0,0.2980666666666666,7.938,6.0,0,19.747484807101188,,0.0,0.0,0.0,0.0,41.43811507830645,optimal
2021-02-07 23:30:00,10,103,0.0,0.0,0.0,0.1573333333333333,5.292,6.0,0,19.67512226983014,,0.0,0.0,0.0,0.0,41.39667696322815,optimal
2021-02-08 00:00:00,10,103,0.4976190476190476,0.0,0.0,0.3870666666666666,12.348,6.0,9,19.67512226983014,,0.0,0.0,1741.6666666666667,0.0,41.355280286264914,optimal
2021-02-08 00:30:00,10,103,0.0,0.0,0.0,0.2124666666666666,12.1275,6.0,9,19.60876251907144,,0.0,0.0,0.0,0.0,41.313925005978646,optimal
2021-02-08 01:00:00,10,103,0.0,0.0,0.0,0.1977666666666666,12.348,6.0,9,19.54220703182836,,0.0,0.0,0.0,0.0,41.272611080972666,optimal
2021-02-08 01:30:00,10,103,0.0,0.0,0.0,0.3205333333333333,12.1275,6.0,9,19.474963414872253,,0.0,0.0,0.0,0.0,41.231338469891696,optimal
2021-02-08 02:00:00,10,103,1.2254857922009643,0.0,0.0,0.145,12.1275,6.0,9,19.41065597043687,,0.0,0.0,4289.200272703376,0.0,41.19010713142181,optimal
2021-02-08 02:30:00,10,103,2.0,0.0,0.0,0.057,11.2665,6.0,9,19.33917490077318,,769.5336060367086,0.0,6230.466393963291,0.0,41.148917024290384,optimal
2021-02-08 03:00:00,10,103,2.0,0.0,0.0,0.057,10.143,6.0,9,19.28043033732997,,7000.0,0.0,0.0,0.0,41.1077681072661,optimal
2021-02-08 03:30:00,10,103,2.0,0.0,0.0,0.057,11.2455,6.0,9,19.35333297191324,,7000.0,0.0,0.0,0.0,41.06666033915883,optimal
2021-02-08 04:00:00,10,103,2.0,0.0,0.0,0.057,11.025,6.0,9,19.425678036228025,,7000.0,0.0,0.0,0.0,41.02559367881967,optimal
2021-02-08 04:30:00,10,103,2.0,0.0,0.3892158744634637,0.064,5.9745,6.0,9,19.49746805979378,,7000.0,0.0,0.0,0.0,41.169445625511,optimal
2021-02-08 05:00:00,10,103,2.0,0.0,0.0,0.111,7.938,6.0,9,19.56847872651428,,7000.0,0.0,0.0,0.0,41.12827617988548,optimal
2021-02-08 05:30:00,10,103,2.0,0.0,0.0,0.067,8.6835,6.0,9,19.6406431928002,,7000.0,0.0,0.0,0.0,41.08714790370559,optimal
2021-02-08 06:00:00,10,103,2.0,0.0,0.0,0.067,7.665,6.0,9,19.7103238169372,,7000.0,0.0,0.0,0.0,41.04606075580188,optimal
2021-02-08 06:30:00,10,103,2.0,0.0,0.0,0.067,6.7725,6.0,9,19.779461488045087,,7000.0,0.0,0.0,0.0,41.00501469504607,optimal
2021-02-08 07:00:00,10,103,2.0,0.0,5.0,0.1325,5.5755,6.0,9,19.848058669329543,,7000.0,0.0,0.0,0.0,43.33900968035103,optimal
2021-02-08 07:30:00,10,103,2.0,0.0,5.0,0.0694,5.0925,6.0,9,19.9235871991925,,7000.0,0.0,0.0,0.0,45.670670670670674,optimal
2021-02-08 08:00:00,10,103,2.0,0.0,5.0,0.1060666666666666,4.1895,6.0,9,20.0,,7000.0,0.0,0.0,0.0,48.0,optimal
2021-02-08 08:30:00,10,103,2.0,0.0,0.0,0.227,7.056,6.0,9,20.07874062649336,,7000.0,0.0,0.0,0.0,47.6181553143822,optimal
2021-02-08 09:00:00,10,103,2.0,0.0,0.0,0.2777666666666666,5.271,6.0,9,20.152630790202075,,7000.0,0.0,0.0,0.0,47.23669247345002,optimal
2021-02-08 09:30:00,10,103,2.0,0.0,0.0,0.7207333333333333,7.938,6.0,9,20.22746732573309,,7000.0,0.0,0.0,0.0,46.855611095358775,optimal
2021-02-08 10:00:00,10,103,2.0,0.0,0.0,0.2785666666666667,7.938,6.0,9,20.31110992472105,,7000.0,0.0,0.0,0.0,46.47491079864562,optimal
2021-02-08 10:30:00,10,103,2.0,0.0,0.0,1.3555333333333333,11.907,6.0,9,20.38350391076856,,7000.0,0.0,0.0,0.0,46.094591202229175,optimal
2021-02-08 11:00:00,10,103,2.0,0.0,0.0,0.5282333333333333,11.025,6.0,9,20.475191382496515,,7000.0,0.0,0.0,0.0,45.71465192540915,optimal
2021-02-08 11:30:00,10,103,2.0,0.0,0.0,0.3002666666666666,11.2875,6.0,9,20.54753941169985,,7000.0,0.0,0.0,0.0,45.33509258786594,optimal
2021-02-08 12:00:00,10,103,0.0,0.0,0.0,0.2896666666666667,12.936,6.0,9,20.6138107373026,,0.0,0.0,0.0,0.0,44.95591280966028,optimal
2021-02-08 12:30:00,10,103,0.0,0.0,0.0,0.067,13.0095,6.0,9,20.5316767384602,,0.0,0.0,0.0,0.0,44.577112211232816,optimal
2021-02-08 13:00:00,10,103,0.0,0.0,0.0,0.067,13.671,6.0,9,20.444023410355417,,0.0,0.0,0.0,0.0,44.19869041340378,optimal
2021-02-08 13:30:00,10,103,0.0,0.0,0.0,0.337,13.188,6.0,9,20.35767507394613,,0.0,0.0,0.0,0.0,43.82064703737258,optimal
2021-02-08 14:00:00,10,103,0.0,0.0,0.0,0.466,13.8495,6.0,9,20.280255497428385,,0.0,0.0,0.0,0.0,43.44298170471741,optimal
2021-02-08 14:30:00,10,103,1.566216302139768,0.0,0.0,0.5963666666666667,13.23,6.0,9,20.20849293629416,,5481.757057489188,0.0,0.0,0.0,43.0656940373949,optimal
2021-02-08 15:00:00,10,103,0.0,0.0,0.0,0.335,13.3665,6.0,9,20.25566017701267,,0.0,0.0,0.0,0.0,42.688783657739705,optimal
2021-02-08 15:30:00,10,103,2.0,0.0,0.0,0.3369333333333333,13.0515,6.0,9,20.18504793736825,,7000.0,0.0,0.0,0.0,42.31225018846417,optimal
2021-02-08 16:00:00,10,103,0.0,0.0,0.0,0.2507666666666667,13.5345,6.0,9,20.262853571895032,,0.0,0.0,0.0,0.0,41.93609325265791,optimal
2021-02-08 16:30:00,10,103,0.0,0.0,0.0,1.024733333333333,14.154,6.0,9,20.194808103035697,,0.0,0.0,0.0,0.0,41.56031247378745,optimal
2021-02-08 17:00:00,10,103,0.0,0.0,0.0,1.5193333333333332,14.112,6.0,9,20.13038984860408,,0.0,0.0,0.0,0.0,41.184907475695866,optimal
2021-02-08 17:30:00,10,103,0.0,0.0,0.0,0.8751,14.2485,6.0,9,20.062551936193145,,0.0,0.0,0.0,0.0,40.80987788260237,optimal
2021-02-08 18:00:00,10,103,1.5707984444088234,0.0,0.0,0.5679,12.789,6.0,9,20.0,,5497.794555430882,0.0,0.0,0.0,40.43522331910197,optimal
2021-02-08 18:30:00,10,103,0.0,0.0,0.0,0.5581,13.0095,6.0,9,20.05536007877275,,0.0,0.0,0.0,0.0,40.06094341016507,optimal
2021-02-08 19:00:00,10,103,2.0,0.0,0.0,1.6286333333333334,12.1275,6.0,9,20.0,,7000.0,0.0,0.0,0.0,39.68703778113711,optimal
2021-02-08 19:30:00,10,103,0.0,0.0,0.0,0.3735333333333334,12.348,6.0,9,20.10467326154941,,0.0,0.0,0.0,0.0,39.313506057738174,optimal
2021-02-08 20:00:00,10,103,0.2021840373917716,0.0,0.0,0.5581666666666666,12.348,6.0,9,20.043859739368585,,707.6441308712006,0.0,0.0,0.0,38.94034786606264,optimal
2021-02-08 20:30:00,10,103,0.0,0.0,0.0,0.2532666666666667,25.389,6.0,9,20.0,,0.0,0.0,0.0,0.0,38.56756283257878,optimal
2021-02-08 21:00:00,10,103,0.0,0.0,0.0,0.4203333333333333,29.1375,6.0,9,19.934395683131623,,0.0,0.0,0.0,0.0,38.195150584128406,optimal
2021-02-08 21:30:00,10,103,0.0,0.0,0.0,0.6176333333333334,30.597,6.0,9,19.87024006671451,,0.0,0.0,0.0,0.0,37.82311074792648,optimal
2021-02-08 22:00:00,10,103,0.0,0.0,0.0,0.067,33.684,6.0,9,19.810311101126665,,0.0,0.0,0.0,0.0,37.78528763717855,optimal
2021-02-08 22:30:00,10,103,0.0,0.0,0.0,0.067,32.445,6.0,9,19.73028130213592,,0.0,0.0,0.0,0.0,37.74750234954137,optimal
2021-02-08 23:00:00,10,103,0.0,0.0,0.0,0.067,28.917,6.0,9,19.650387738817763,,0.0,0.0,0.0,0.0,37.70975484719183,optimal
2021-02-08 23:30:00,10,103,0.0,0.0,0.0,0.0623333333333333,15.876,6.0,9,19.570629793114165,,0.0,0.0,0.0,0.0,37.67204509234464,optimal
2021-02-09 00:00:00,10,103,2.0,0.0,0.0,0.066,12.1275,6.0,-2,19.570629793114165,,7000.0,0.0,0.0,0.0,37.634373047252296,optimal
2021-02-09 00:30:00,10,103,2.0,0.0,0.0,0.0961333333333333,11.823,6.0,-2,19.638265487866136,,3307.6666666666665,0.0,3692.3333333333335,0.0,37.59673867420504,optimal
2021-02-09 01:00:00,10,103,2.0,0.0,0.0,0.3336,11.7705,6.0,-2,19.628730371585384,,7000.0,0.0,0.0,0.0,37.55914193553084,optimal
2021-02-09 01:30:00,10,103,2.0,0.0,5.0,0.0756,11.13,6.0,-2,19.702189239852167,,7000.0,0.0,0.0,0.0,39.89658279359531,optimal
2021-02-09 02:00:00,10,103,2.0,0.0,0.0,0.2302666666666666,11.6865,6.0,-2,19.76943017503982,,7000.0,0.0,0.0,0.0,39.85668621080171,optimal
2021-02-09 02:30:00,10,103,2.0,0.0,5.0,0.1514666666666666,10.7205,6.0,-2,19.83916818756108,,7000.0,0.0,0.0,0.0,42.19182952459091,optimal
2021-02-09 03:00:00,10,103,2.0,0.0,3.317638710443769,0.066,11.424,6.0,-2,19.90715788284504,,7000.0,0.0,0.0,0.0,43.7255160825271,optimal
2021-02-09 03:30:00,10,103,2.0,0.0,5.0,0.2861333333333333,10.689,6.0,-2,19.973266856400365,,7000.0,0.0,0.0,0.0,46.056790566444576,optimal
2021-02-09 04:00:00,10,103,2.0,0.0,5.0,0.128,11.361,6.0,-2,20.04416347923157,,7000.0,0.0,0.0,0.0,48.38573377587813,optimal
2021-02-09 04:30:00,10,103,2.0,0.0,0.0,0.159,11.571,6.0,-2,20.1118633636985,,7000.0,0.0,0.0,0.0,48.33734804210225,optimal
2021-02-09 05:00:00,10,103,0.0,0.0,0.0,0.1639333333333333,14.3745,6.0,-2,20.17945500962597,,0.0,0.0,0.0,0.0,48.28901069406015,optimal
2021-02-09 05:30:00,10,103,2.0,0.0,0.0,0.066,13.23,6.0,-2,20.0990373394284,,7000.0,0.0,0.0,0.0,48.24072168336608,optimal
2021-02-09 06:00:00,10,103,2.0,0.0,0.0,0.066,13.9755,6.0,-2,20.16427581675323,,7000.0,0.0,0.0,0.0,48.19248096168271,optimal
2021-02-09 06:30:00,10,103,0.0,0.0,0.0,0.2477333333333333,14.994,6.0,-2,20.22921832780004,,0.0,0.0,0.0,0.0,48.144288480721016,optimal
2021-02-09 07:00:00,10,103,2.0,0.0,0.0,2.0136,13.671,6.0,-2,20.150112087247187,,7000.0,0.0,0.0,0.0,48.096144192240295,optimal
2021-02-09 07:30:00,10,103,0.0,0.0,0.0,0.9749666666666668,15.981,6.0,-2,20.236714857030098,,0.0,0.0,0.0,0.0,48.048048048048045,optimal
2021-02-09 08:00:00,10,103,0.0,0.0,0.0,0.3086666666666667,15.6345,6.0,-2,20.16803124394165,,0.0,0.0,0.0,0.0,48.0,optimal
2021-02-09 08:30:00,10,103,0.0,0.0,0.0,1.7833333333333332,16.5375,6.0,-2,20.098704488486497,,0.0,0.0,0.0,0.0,47.904848623928295,optimal
2021-02-09 09:00:00,10,103,1.8910401412230529,0.0,0.0,0.3705333333333334,14.7735,6.0,-2,20.027173788643783,,6618.640494280684,0.0,0.0,0.0,47.80979239923266,optimal
2021-02-09 09:30:00,10,103,0.0,0.0,0.0,0.6367999999999999,15.2145,6.0,-2,20.083837625858905,,0.0,0.0,0.0,0.0,47.714831230761725,optimal
2021-02-09 10:00:00,10,103,2.0,0.0,0.0,0.2778666666666666,14.553,6.0,-2,20.0,,7000.0,0.0,0.0,0.0,47.61996502345926,optimal
2021-02-09 10:30:00,10,103,2.0,0.0,0.0,0.1814666666666666,14.3325,6.0,-2,20.065586229623992,,7000.0,0.0,0.0,0.0,47.5251936823641,optimal
2021-02-09 11:00:00,10,103,2.0,0.0,0.0,0.0910666666666666,14.595,6.0,-2,20.12997982671544,,7000.0,0.0,0.0,0.0,47.43051711261003,optimal
2021-02-09 11:30:00,10,103,0.7435323760713753,0.0,0.0,0.3586666666666667,14.994,6.0,-2,20.193312506065432,,2602.3633162498136,0.0,0.0,0.0,47.33593521942572,optimal
2021-02-09 12:00:00,10,103,2.0,0.0,0.0,0.0856,14.3325,6.0,-2,20.16964574281752,,7000.0,0.0,0.0,0.0,47.2414479081346,optimal
2021-02-09 12:30:00,10,103,2.0,0.0,0.0,0.3556666666666667,13.8915,6.0,-2,20.23313706442755,,7000.0,0.0,0.0,0.0,47.14705508415476,optimal
2021-02-09 13:00:00,10,103,2.0,0.0,0.0,0.1036666666666666,13.8915,6.0,-2,20.301798525379866,,7000.0,0.0,0.0,0.0,47.0527566529989,optimal
2021-02-09 13:30:00,10,103,2.0,0.0,0.0,0.2155333333333333,13.4715,6.0,-2,20.36461695445016,,7000.0,0.0,0.0,0.0,46.9585525202742,optimal
2021-02-09 14:00:00,10,103,2.0,0.0,0.0,0.1598,13.23,6.0,-2,20.42927840104729,,7000.0,0.0,0.0,0.0,46.86444259168222,optimal
2021-02-09 14:30:00,10,103,2.0,0.0,0.0,0.1244,13.8915,6.0,-2,20.49224645527833,,7000.0,0.0,0.0,0.0,46.77042677301883,optimal
2021-02-09 15:00:00,10,103,0.0,0.0,0.0,0.3349333333333333,26.9325,6.0,-2,20.55395682484425,,0.0,0.0,0.0,0.0,46.67650497017412,optimal
2021-02-09 15:30:00,10,103,0.0,0.0,0.0,0.0824,30.303,6.0,-2,20.472239356344463,,0.0,0.0,0.0,0.0,46.58267708913224,optimal
2021-02-09 16:00:00,10,103,0.0,0.0,0.0,0.3601333333333333,32.886,6.0,-2,20.3855766844264,,0.0,0.0,0.0,0.0,46.4889430359714,optimal
2021-02-09 16:30:00,10,103,0.0,0.0,0.0,0.0928,34.9965,6.0,-2,20.30515357155207,,0.0,0.0,0.0,0.0,46.395302716863725,optimal
2021-02-09 17:00:00,10,103,0.0,0.0,0.0,0.9941333333333332,33.327,6.0,-2,20.219014168862905,,0.0,0.0,0.0,0.0,46.30175603807516,optimal
2021-02-09 17:30:00,10,103,0.0,0.0,0.0,0.8912,31.122,6.0,-2,20.142952566202947,,0.0,0.0,0.0,0.0,46.208302905965375,optimal
2021-02-09 18:00:00,10,103,0.0,0.0,0.0,0.1727,17.9025,6.0,-2,20.07192385456692,,0.0,0.0,0.0,0.0,46.114943226987705,optimal
2021-02-09 18:30:00,10,103,0.8356193016396198,0.0,0.0,0.3662333333333333,15.6555,6.0,-2,20.0,,2924.6675557386693,0.0,0.0,0.0,46.02167690768901,optimal
2021-02-09 19:00:00,10,103,0.8188738464344097,0.0,0.0,0.4028,14.553,6.0,-2,20.0,,2866.058462520434,0.0,0.0,0.0,45.92850385470962,optimal
2021-02-09 19:30:00,10,103,0.7509024178629798,0.0,0.0,0.6245333333333333,14.3325,6.0,-2,20.0,,2628.1584625204296,0.0,0.0,0.0,45.8354239747832,optimal
2021-02-09 20:00:00,10,103,0.7890300369105682,0.0,0.0,1.4724333333333337,13.335,6.0,-2,20.0,,2761.6051291869885,0.0,0.0,0.0,45.74243717473672,optimal
2021-02-09 20:30:00,10,103,0.3184761904761904,0.0,0.0,1.612866666666667,12.1275,6.0,-2,20.0,,0.0,0.0,1114.6666666666663,0.0,45.649543361490274,optimal
2021-02-09 21:00:00,10,103,0.0,0.0,0.0,1.5735,12.2955,6.0,-2,19.94115983029588,,0.0,0.0,0.0,0.0,45.60389381812878,optimal
2021-02-09 21:30:00,10,103,0.0,0.0,0.0,1.4746,11.6865,6.0,-2,19.88912910470105,,0.0,0.0,0.0,0.0,45.55828992431065,optimal
2021-02-09 22:00:00,10,103,0.0,0.0,0.0,0.8929,11.466,6.0,-2,19.830192379659007,,0.0,0.0,0.0,0.0,45.51273163438634,optimal
2021-02-09 22:30:00,10,103,0.0,0.0,0.0,0.2176,10.8045,6.0,-2,19.75581627624126,,0.0,0.0,0.0,0.0,45.46721890275195,optimal
2021-02-09 23:00:00,10,103,0.0,0.0,0.0,0.076,10.584,6.0,-2,19.678466555880203,,0.0,0.0,0.0,0.0,45.4217516838492,optimal
2021-02-09 23:30:00,10,103,0.0,0.0,0.0,0.3270666666666666,11.2455,6.0,-2,19.59871384305937,,0.0,0.0,0.0,0.0,45.37632993216536,optimal
2021-02-10 00:00:00,10,103,2.0,0.0,0.0,0.064,11.508,6.0,-2,19.59871384305937,,7000.0,0.0,0.0,0.0,45.33095360223319,optimal
2021-02-10 00:30:00,10,103,2.0,0.0,0.0,0.1378,11.508,6.0,-2,19.665251641601408,,0.0,0.0,7000.0,0.0,45.28562264863096,optimal
2021-02-10 01:00:00,10,103,2.0,0.0,0.0,0.061,11.844,6.0,-2,19.585297727630945,,0.0,0.0,7000.0,0.0,45.24033702598233,optimal
2021-02-10 01:30:00,10,103,2.0,0.0,0.0,0.1805,11.508,6.0,-2,19.503636199607005,,5534.0,0.0,1466.0,0.0,45.19509668895635,optimal
2021-02-10 02:00:00,10,103,2.0,0.0,0.0,0.1339666666666666,11.508,6.0,-2,19.54089995630322,,7000.0,0.0,0.0,0.0,45.14990159226739,optimal
2021-02-10 02:30:00,10,103,2.0,0.0,5.0,0.1183333333333333,10.4475,6.0,-2,19.607273990225817,,7000.0,0.0,0.0,0.0,47.47975169067512,optimal
2021-02-10 03:00:00,10,103,2.0,0.0,0.0,0.1921333333333333,10.8675,6.0,-2,19.67310201979945,,7000.0,0.0,0.0,0.0,47.43227193898445,optimal
2021-02-10 03:30:00,10,103,2.0,0.0,1.4974832109364915,0.0827333333333333,10.542,6.0,-2,19.74024807980328,,7000.0,0.0,0.0,0.0,48.096144192240295,optimal
2021-02-10 04:00:00,10,103,2.0,0.0,0.0,0.1764666666666666,11.025,6.0,-2,19.804786604817195,,7000.0,0.0,0.0,0.0,48.048048048048045,optimal
2021-02-10 04:30:00,10,103,2.0,0.0,0.0,0.1588666666666666,11.025,6.0,-2,19.87421915949894,,7000.0,0.0,0.0,0.0,48.0,optimal
2021-02-10 05:00:00,10,103,2.0,0.0,0.0,0.2994666666666666,14.553,6.0,-2,19.94434114400491,,7000.0,0.0,0.0,0.0,47.908750836078106,optimal
2021-02-10 05:30:00,10,103,2.0,0.0,0.0,0.173,13.0935,6.0,-2,20.01468211155731,,7000.0,0.0,0.0,0.0,47.81759292132013,optimal
2021-02-10 06:00:00,10,103,2.0,0.0,0.0,1.0559666666666667,15.6345,6.0,-2,20.07994618945519,,7000.0,0.0,0.0,0.0,47.72652616447692,optimal
2021-02-10 06:30:00,10,103,0.0,0.0,0.0,0.3166666666666667,18.102,6.0,-2,20.146692070385168,,0.0,0.0,0.0,0.0,47.63555047439056,optimal
2021-02-10 07:00:00,10,103,2.0,0.0,0.0,1.0451,17.199,6.0,-2,20.07054304580488,,7000.0,0.0,0.0,0.0,47.544665759994274,optimal
2021-02-10 07:30:00,10,103,0.0,0.0,0.0,0.2995,18.2805,6.0,-2,20.141485660923102,,0.0,0.0,0.0,0.0,47.45387193031239,optimal
2021-02-10 08:00:00,10,103,1.2286932359498592,0.0,0.0,1.2962333333333331,17.4615,6.0,-2,20.06671507332134,,4300.426325824507,0.0,0.0,0.0,47.36316889446018,optimal
2021-02-10 08:30:00,10,103,0.0,0.0,0.0,0.2586666666666667,18.3225,6.0,-2,20.08586666409578,,0.0,0.0,0.0,0.0,47.27255656164383,optimal
2021-02-10 09:00:00,10,103,2.0,0.0,0.0,0.2402333333333333,17.094,6.0,-2,20.0,,7000.0,0.0,0.0,0.0,47.18203484116029,optimal
2021-02-10 09:30:00,10,103,2.0,0.0,0.0,0.3464666666666666,17.094,6.0,-2,20.067576957708948,,7000.0,0.0,0.0,0.0,47.09160364239724,optimal
2021-02-10 10:00:00,10,103,2.0,0.0,0.0,0.1284666666666666,17.094,6.0,-2,20.13905959078236,,7000.0,0.0,0.0,0.0,47.00126287483295,optimal
2021-02-10 10:30:00,10,103,2.0,0.0,0.0,0.2506333333333333,17.3565,6.0,-2,20.20718322866195,,7000.0,0.0,0.0,0.0,46.91101244803622,optimal
2021-02-10 11:00:00,10,103,2.0,0.0,0.0,1.4725,17.115,6.0,-2,20.277197451388943,,7000.0,0.0,0.0,0.0,46.82085227166629,optimal
2021-02-10 11:30:00,10,103,2.0,0.0,0.0,0.0820666666666666,17.241,6.0,-2,20.352009164830672,,7000.0,0.0,0.0,0.0,46.73078225547273,optimal
2021-02-10 12:00:00,10,103,2.0,0.0,0.0,0.2413,17.094,6.0,-2,20.41455961478765,,7000.0,0.0,0.0,0.0,46.64080230929537,optimal
2021-02-10 12:30:00,10,103,2.0,0.0,0.0,0.0970999999999999,16.5165,6.0,-2,20.48063188984753,,7000.0,0.0,0.0,0.0,46.55091234306418,optimal
2021-02-10 13:00:00,10,103,0.0903217493037011,0.0,0.0,0.2567,17.8185,6.0,-2,20.54543188711274,,316.1261225629541,0.0,0.0,0.0,46.46111226679922,optimal
2021-02-10 13:30:00,10,103,2.0,0.0,0.0,0.1555333333333333,17.094,6.0,-2,20.47538144350165,,7000.0,0.0,0.0,0.0,46.37140199061053,optimal
2021-02-10 14:00:00,10,103,2.0,0.0,0.0,0.076,16.8945,6.0,-2,20.54627766503785,,7000.0,0.0,0.0,0.0,46.281781424698025,optimal
2021-02-10 14:30:00,10,103,0.0,0.0,0.0,0.3106,18.123,6.0,-2,20.61874474831903,,0.0,0.0,0.0,0.0,46.19225047935144,optimal
2021-02-10 15:00:00,10,103,0.0,0.0,0.0,0.071,31.647,6.0,-2,20.54322498585069,,0.0,0.0,0.0,0.0,46.10280906495019,optimal
2021-02-10 15:30:00,10,103,0.0,0.0,0.0,1.7225,34.9965,6.0,-2,20.45649606920016,,0.0,0.0,0.0,0.0,46.01345709196335,optimal
2021-02-10 16:00:00,10,103,0.0,0.0,0.0,0.4670666666666667,34.9965,6.0,-2,20.38959119924707,,0.0,0.0,0.0,0.0,45.92419447094949,optimal
2021-02-10 16:30:00,10,103,0.0,0.0,0.0,0.9219,34.9965,6.0,-2,20.31927060353524,,0.0,0.0,0.0,0.0,45.83502111255665,optimal
2021-02-10 17:00:00,10,103,0.0,0.0,0.0,2.4309333333333334,34.9965,6.0,-2,20.249969313144767,,0.0,0.0,0.0,0.0,45.7459369275222,optimal
2021-02-10 17:30:00,10,103,0.0,0.0,0.0,0.3369333333333333,34.9965,6.0,-2,20.19280819317658,,0.0,0.0,0.0,0.0,45.65694182667279,optimal
2021-02-10 18:00:00,10,103,0.0,0.0,0.0,0.9846333333333332,27.741,6.0,-2,20.12141134584464,,0.0,0.0,0.0,0.0,45.56803572092422,optimal
2021-02-10 18:30:00,10,103,0.0,0.0,0.0,0.8676,19.026,6.0,-2,20.05943917655489,,0.0,0.0,0.0,0.0,45.522467685203296,optimal
2021-02-10 19:00:00,10,103,0.9252833847593948,0.0,0.0,0.322,18.7215,6.0,-2,20.0,,3238.491846657882,0.0,0.0,0.0,45.47694521751809,optimal
2021-02-10 19:30:00,10,103,0.9615916131665696,0.0,0.0,0.4101333333333333,17.4195,6.0,-2,20.0,,3365.5706460829933,0.0,0.0,0.0,45.43146827230058,optimal
2021-02-10 20:00:00,10,103,1.0196617463356703,0.0,0.0,0.232,16.758,6.0,-2,20.0,,3568.816112174847,0.0,0.0,0.0,45.38603680402828,optimal
2021-02-10 20:30:00,10,103,0.0,0.0,0.0,0.1506666666666666,14.217,6.0,-2,20.0,,0.0,0.0,0.0,0.0,45.340650767224254,optimal
2021-02-10 21:00:00,10,103,0.0199047619047619,0.0,0.0,0.4026666666666667,13.3665,6.0,-2,19.921724931337383,,0.0,0.0,69.66666666666666,0.0,45.29531011645703,optimal
2021-02-10 21:30:00,10,103,0.0398095238095238,0.0,0.0,0.1621,12.789,6.0,-2,19.84789347129339,,0.0,0.0,139.33333333333331,0.0,45.25001480634057,optimal
2021-02-10 22:00:00,10,103,0.0199047619047619,0.0,0.0,0.2602666666666666,11.907,6.0,-2,19.761835543523578,,0.0,0.0,69.66666666666666,0.0,45.20476479153423,optimal
2021-02-10 22:30:00,10,103,0.4976190476190476,0.0,0.0,0.1599,11.7075,6.0,-2,19.6729614168643,,0.0,0.0,1741.6666666666667,0.0,45.159560026742696,optimal
2021-02-10 23:00:00,10,103,0.0,0.0,0.0,0.2196666666666666,10.8045,6.0,-2,19.583087569686985,,0.0,0.0,0.0,0.0,45.11440046671596,optimal
2021-02-10 23:30:00,10,103,0.0,0.0,0.0,0.1524333333333333,11.508,6.0,-2,19.49206206270846,,0.0,0.0,0.0,0.0,45.06928606624924,optimal
2021-02-11 00:00:00,10,103,2.0,0.0,0.0,0.056,11.2245,6.0,-3,19.49206206270846,,7000.0,0.0,0.0,0.0,45.02421678018299,optimal
2021-02-11 00:30:00,10,103,2.0,0.0,0.0,0.1152,11.025,6.0,-3,19.540392790311515,,3991.729058970813,0.0,3008.270941029187,0.0,44.979192563402805,optimal
2021-02-11 01:00:00,10,103,2.0,0.0,0.0,0.1595333333333333,10.7835,6.0,-3,19.5268787790464,,7000.0,0.0,0.0,0.0,44.9342133708394,optimal
2021-02-11 01:30:00,10,103,2.0,0.0,0.0,0.0745,11.025,6.0,-3,19.578138309699952,,7000.0,0.0,0.0,0.0,44.889279157468565,optimal
2021-02-11 02:00:00,10,103,2.0,0.0,2.8539253155943665,0.1041,10.584,6.0,-3,19.62737530577835,,7000.0,0.0,0.0,0.0,46.200004403218415,optimal
2021-02-11 02:30:00,10,103,2.0,0.0,0.0,0.1632333333333333,11.025,6.0,-3,19.67701202129464,,7000.0,0.0,0.0,0.0,46.15380439881519,optimal
2021-02-11 03:00:00,10,103,2.0,0.0,5.0,0.1115,10.4265,6.0,-3,19.727214663279085,,7000.0,0.0,0.0,0.0,48.48265059441637,optimal
2021-02-11 03:30:00,10,103,2.0,0.0,0.0,0.1368333333333333,12.789,6.0,-3,19.775646875757005,,7000.0,0.0,0.0,0.0,48.434167943821954,optimal
2021-02-11 04:00:00,10,103,2.0,0.0,0.0,0.1379,12.684,6.0,-3,19.8255268143476,,7000.0,0.0,0.0,0.0,48.38573377587813,optimal
2021-02-11 04:30:00,10,103,2.0,0.0,0.0,0.056,16.254,6.0,-3,19.8763370879472,,7000.0,0.0,0.0,0.0,48.33734804210225,optimal
2021-02-11 05:00:00,10,103,2.0,0.0,0.0,0.1189,17.64,6.0,-3,19.925192823052864,,7000.0,0.0,0.0,0.0,48.28901069406015,optimal
2021-02-11 05:30:00,10,103,2.0,0.0,0.0,0.1558333333333333,19.1625,6.0,-3,19.97515098583657,,7000.0,0.0,0.0,0.0,48.24072168336608,optimal
2021-02-11 06:00:00,10,103,0.5967908024282825,0.0,0.0,0.0819,26.46,6.0,-3,20.02679413671104,,2088.767808498989,0.0,0.0,0.0,48.19248096168271,optimal
2021-02-11 06:30:00,10,103,2.0,0.0,0.0,0.1010333333333333,20.79,6.0,-3,19.974397402396107,,7000.0,0.0,0.0,0.0,48.144288480721016,optimal
2021-02-11 07:00:00,10,103,0.0,0.0,0.0,0.1621333333333333,29.106,6.0,-3,20.02706753265817,,0.0,0.0,0.0,0.0,48.096144192240295,optimal
2021-02-11 07:30:00,10,103,2.0,0.0,0.0,1.049233333333333,19.1835,6.0,-3,19.9344469255533,,7000.0,0.0,0.0,0.0,48.048048048048045,optimal
2021-02-11 08:00:00,10,103,2.0,0.0,0.0,2.333333333333333,19.6665,6.0,-3,20.0,,3788.558611930025,0.0,3211.441388069975,0.0,48.0,optimal
2021-02-11 08:30:00,10,103,2.0,0.0,0.0,0.7953666666666667,19.404,6.0,-3,20.0,,3916.4258915851697,0.0,3083.57410841483,0.0,47.69946866493272,optimal
2021-02-11 09:00:00,10,103,2.0,0.0,0.0,1.0912666666666668,19.047,6.0,-3,20.0,,3966.713104180657,0.0,3033.2868958193435,0.0,47.3992378612005,optimal
2021-02-11 09:30:00,10,103,2.0,0.0,0.0,2.4213666666666667,18.858,6.0,-3,20.0,,2615.0130279745367,0.0,4384.986972025463,0.0,47.09930728827202,optimal
2021-02-11 10:00:00,10,103,1.1840267987634758,0.0,0.0,0.2968666666666666,19.2675,6.0,-3,20.0,,2955.6128416706374,0.0,1188.480954001528,0.0,46.79967664591647,optimal
2021-02-11 10:30:00,10,103,2.0,0.0,0.0,0.4205666666666666,18.963,6.0,-3,20.0,,4219.041259360324,0.0,2780.958740639676,0.0,46.50034563420327,optimal
2021-02-11 11:00:00,10,103,2.0,0.0,0.0,0.2362,18.438,6.0,-3,20.025730319718733,,7000.0,0.0,0.0,0.0,46.20131395350179,optimal
2021-02-11 11:30:00,10,103,2.0,0.0,0.0,0.2774,18.7425,6.0,-3,20.102449732254488,,7000.0,0.0,0.0,0.0,45.90258130448101,optimal
2021-02-11 12:00:00,10,103,2.0,0.0,0.0,0.358,15.2145,6.0,-3,20.18100338327877,,7000.0,0.0,0.0,0.0,45.60414738810924,optimal
2021-02-11 12:30:00,10,103,2.0,0.0,0.0,0.2568,17.7765,6.0,-3,20.25873902162415,,7000.0,0.0,0.0,0.0,45.30601190565385,optimal
2021-02-11 13:00:00,10,103,2.0,0.0,0.0,0.4363333333333333,16.758,6.0,-3,20.33794394335845,,7000.0,0.0,0.0,0.0,45.00817455868091,optimal
2021-02-11 13:30:00,10,103,2.0,0.0,0.0,0.4083666666666666,16.422,6.0,-3,20.41831817965956,,7000.0,0.0,0.0,0.0,44.71063504905495,optimal
2021-02-11 14:00:00,10,103,2.0,0.0,0.0,0.3576666666666667,16.758,6.0,-3,20.49858568303266,,7000.0,0.0,0.0,0.0,44.41339307893861,optimal
2021-02-11 14:30:00,10,103,0.0,0.0,0.0,0.289,29.358,6.0,-3,20.578296459132627,,0.0,0.0,0.0,0.0,44.11644835079239,optimal
2021-02-11 15:00:00,10,103,0.0,0.0,0.0,0.3814666666666665,34.9965,6.0,-3,20.50826286051543,,0.0,0.0,0.0,0.0,43.81980056737432,optimal
2021-02-11 15:30:00,10,103,0.0,0.0,0.0,0.0747666666666666,34.65,6.0,-3,20.44023177842063,,0.0,0.0,0.0,0.0,43.52344943173966,optimal
2021-02-11 16:00:00,10,103,0.0,0.0,0.0,0.1258,34.9965,6.0,-3,20.35438052807501,,0.0,0.0,0.0,0.0,43.22739464724064,optimal
2021-02-11 16:30:00,10,103,0.0,0.0,0.0,0.1371,34.9965,6.0,-3,20.26802462262913,,0.0,0.0,0.0,0.0,42.93163591752612,optimal
2021-02-11 17:00:00,10,103,0.0,0.0,0.0,0.109,30.4815,6.0,-3,20.181302734767208,,0.0,0.0,0.0,0.0,42.63617294654131,optimal
2021-02-11 17:30:00,10,103,0.0,0.0,0.0,0.2413666666666666,21.4305,6.0,-3,20.089941886414064,,0.0,0.0,0.0,0.0,42.34100543852748,optimal
2021-02-11 18:00:00,10,103,1.254149226532398,0.0,0.0,0.0781333333333333,14.3325,6.0,-3,20.0,,4250.188959530061,0.0,139.33333333333331,0.0,42.04613309802167,optimal
2021-02-11 18:30:00,10,103,2.0,0.0,0.0,0.1148666666666666,13.692,6.0,-3,20.0,,6721.333333333333,0.0,278.6666666666667,0.0,41.75155562985637,optimal
2021-02-11 19:00:00,10,103,0.5016348989822544,0.0,0.0,0.3777,14.007,6.0,-3,20.0514757506331,,1755.7221464378904,0.0,0.0,0.0,41.45727273915923,optimal
2021-02-11 19:30:00,10,103,1.189041034413845,0.0,0.0,0.4778,12.873,6.0,-3,20.0,,4022.310287115122,0.0,139.33333333333331,0.0,41.16328413135279,optimal
2021-02-11 20:00:00,10,103,1.4115968891263777,0.0,0.0,0.3729333333333333,12.684,6.0,-3,20.0,,4346.922445275656,0.0,593.6666666666656,0.0,40.86958951215416,optimal
2021-02-11 20:30:00,10,103,2.0,0.0,0.0,0.8548333333333333,12.306,6.0,-3,20.0,,0.0,0.0,7000.0,0.0,40.828719922642,optimal
2021-02-11 21:00:00,10,103,1.4132380952380952,0.0,0.0,0.8672333333333333,10.6365,6.0,-3,19.92285437580973,,0.0,0.0,4946.333333333333,0.0,40.78789120271936,optimal
2021-02-11 21:30:00,10,103,0.0,0.0,0.0,0.195,11.2455,6.0,-3,19.8463173380136,,0.0,0.0,0.0,0.0,40.74710331151664,optimal
2021-02-11 22:00:00,10,103,0.0,0.0,0.0,0.3446666666666667,11.2455,6.0,-3,19.755010461503407,,0.0,0.0,0.0,0.0,40.70635620820512,optimal
2021-02-11 22:30:00,10,103,0.0,0.0,0.0,0.3962,11.025,6.0,-3,19.66647048579346,,0.0,0.0,0.0,0.0,40.66564985199692,optimal
2021-02-11 23:00:00,10,103,0.0,0.0,0.0,0.334,12.0855,6.0,-3,19.57183233166653,,0.0,0.0,0.0,0.0,40.62498420214492,optimal
2021-02-11 23:30:00,10,103,0.0,0.0,0.0,0.4458666666666667,11.6865,6.0,-3,19.472118647232875,,0.0,0.0,0.0,0.0,40.584359217942776,optimal
2021-02-12 00:00:00,10,103,2.0,0.0,0.0,0.0746,10.3635,6.0,0,19.472118647232875,,7000.0,0.0,0.0,0.0,40.54377485872483,optimal
2021-02-12 00:30:00,10,103,2.0,0.0,0.0,0.2925,10.8045,6.0,0,19.50623718098323,,2959.333333333333,0.0,4040.6666666666665,0.0,40.503231083866105,optimal
2021-02-12 01:00:00,10,103,2.0,0.0,0.0,0.2317666666666666,11.025,6.0,0,19.46088790490426,,7000.0,0.0,0.0,0.0,40.46272785278224,optimal
2021-02-12 01:30:00,10,103,2.0,0.0,0.0,0.2383,10.3635,6.0,0,19.499872318916456,,7000.0,0.0,0.0,0.0,40.42226512492945,optimal
2021-02-12 02:00:00,10,103,2.0,0.0,0.0,0.2072,10.8045,6.0,0,19.53944228060272,,7000.0,0.0,0.0,0.0,40.38184285980452,optimal
2021-02-12 02:30:00,10,103,2.0,0.0,5.0,0.1031333333333333,10.059,6.0,0,19.577400277664715,,7000.0,0.0,0.0,0.0,42.71646101694472,optimal
2021-02-12 03:00:00,10,103,2.0,0.0,0.0,0.2693,10.584,6.0,0,19.614261703566672,,7000.0,0.0,0.0,0.0,42.673744555927776,optimal
2021-02-12 03:30:00,10,103,2.0,0.0,5.0,0.071,9.4185,6.0,0,19.65648278141743,,7000.0,0.0,0.0,0.0,45.00607081137185,optimal
2021-02-12 04:00:00,10,103,2.0,0.0,2.8181576351890145,0.071,10.3635,6.0,0,19.69463540529457,,7000.0,0.0,0.0,0.0,46.299689617275256,optimal
2021-02-12 04:30:00,10,103,2.0,0.0,5.0,0.071,9.8385,6.0,0,19.735790620779667,,7000.0,0.0,0.0,0.0,48.62838992765797,optimal
2021-02-12 05:00:00,10,103,2.0,0.0,0.0,0.071,11.067,6.0,0,19.779934806067025,,7000.0,0.0,0.0,0.0,48.57976153773031,optimal
2021-02-12 05:30:00,10,103,2.0,0.0,0.0,0.071,10.8465,6.0,0,19.827054401148747,,7000.0,0.0,0.0,0.0,48.53118177619257,optimal
2021-02-12 06:00:00,10,103,2.0,0.0,0.0,0.071,13.671,6.0,0,19.87758957581447,,7000.0,0.0,0.0,0.0,48.48265059441637,optimal
2021-02-12 06:30:00,10,103,2.0,0.0,0.0,0.071,12.348,6.0,0,19.93152483466304,,7000.0,0.0,0.0,0.0,48.434167943821954,optimal
2021-02-12 07:00:00,10,103,2.0,0.0,0.0,0.069,14.3325,6.0,0,19.9856690746305,,7000.0,0.0,0.0,0.0,48.38573377587813,optimal
2021-02-12 07:30:00,10,103,1.2963706468409215,0.0,0.0,0.069,15.393,6.0,0,20.04207867415906,,4537.297263943226,0.0,0.0,0.0,48.33734804210225,optimal
2021-02-12 08:00:00,10,103,2.0,0.0,0.0,0.1111333333333333,13.587,6.0,0,20.04359252467599,,7000.0,0.0,0.0,0.0,48.28901069406015,optimal
2021-02-12 08:30:00,10,103,0.0,0.0,0.0,0.1338666666666666,16.1385,6.0,0,20.09455826273425,,0.0,0.0,0.0,0.0,48.24072168336608,optimal
2021-02-12 09:00:00,10,103,1.2630046258632508,0.0,0.0,0.1107,14.595,6.0,0,20.0,,4420.516190521378,0.0,0.0,0.0,48.19248096168271,optimal
2021-02-12 09:30:00,10,103,1.1514522158799465,0.0,0.0,0.17,14.637,6.0,0,20.0,,4030.082755579813,0.0,0.0,0.0,48.144288480721016,optimal
2021-02-12 10:00:00,10,103,0.9941473957755288,0.0,0.0,0.2684333333333333,13.9125,6.0,0,20.0,,3479.515885214352,0.0,0.0,0.0,48.096144192240295,optimal
2021-02-12 10:30:00,10,103,2.0,0.0,0.0,0.353,13.3665,6.0,0,20.0,,3380.1431394673746,0.0,3619.8568605326254,0.0,48.048048048048045,optimal
2021-02-12 11:00:00,10,103,2.0,0.0,0.0,0.0998,13.0095,6.0,0,20.0,,3524.4036409772866,0.0,3475.5963590227134,0.0,48.0,optimal
2021-02-12 11:30:00,10,103,1.4272742566552603,0.0,0.0,0.069,13.8915,6.0,0,20.0,,3719.761214425661,0.0,1275.6986838677506,0.0,47.51622182325846,optimal
2021-02-12 12:00:00,10,103,2.0,0.0,0.0,0.069,13.188,6.0,0,20.0,,6871.818570089756,0.0,128.18142991024433,0.0,47.03292742469367,optimal
2021-02-12 12:30:00,10,103,2.0,0.0,0.0,1.9734,12.5685,6.0,0,20.063492937804803,,7000.0,0.0,0.0,0.0,46.55011632052744,optimal
2021-02-12 13:00:00,10,103,2.0,0.0,0.0,0.069,12.285,6.0,0,20.15383595488265,,7000.0,0.0,0.0,0.0,46.067788027465376,optimal
2021-02-12 13:30:00,10,103,2.0,0.0,0.0,0.0934,11.487,6.0,0,20.219942910467296,,7000.0,0.0,0.0,0.0,45.585942062696375,optimal
2021-02-12 14:00:00,10,103,2.0,0.0,0.0,0.071,11.802,6.0,0,20.28357857820621,,7000.0,0.0,0.0,0.0,45.10457794389215,optimal
2021-02-12 14:30:00,10,103,2.0,0.0,0.0,0.071,11.2245,6.0,0,20.34488468155015,,7000.0,0.0,0.0,0.0,44.62369518920672,optimal
2021-02-12 15:00:00,10,103,2.0,0.0,0.0,0.071,11.025,6.0,0,20.405458990269395,,7000.0,0.0,0.0,0.0,44.14329331727597,optimal
2021-02-12 15:30:00,10,103,2.0,0.0,0.0,0.071,11.907,6.0,0,20.46530482346234,,7000.0,0.0,0.0,0.0,43.66337184721716,optimal
2021-02-12 16:00:00,10,103,0.0,0.0,0.0,0.071,25.83,6.0,0,20.52419865267304,,0.0,0.0,0.0,0.0,43.1839302986284,optimal
2021-02-12 16:30:00,10,103,0.0,0.0,0.0,0.2394,28.035,6.0,0,20.43479194011085,,0.0,0.0,0.0,0.0,42.70496819158824,optimal
2021-02-12 17:00:00,10,103,0.0,0.0,0.0,0.4156666666666667,28.119,6.0,0,20.355810384745634,,0.0,0.0,0.0,0.0,42.22648504665512,optimal
2021-02-12 17:30:00,10,103,0.0,0.0,0.0,0.2281,30.156,6.0,0,20.28123117995297,,0.0,0.0,0.0,0.0,41.74848038486692,optimal
2021-02-12 18:00:00,10,103,0.0,0.0,0.0,1.652766666666667,29.1585,6.0,0,20.20835329926988,,0.0,0.0,0.0,0.0,41.706731904482055,optimal
2021-02-12 18:30:00,10,103,0.0,0.0,0.0,0.1460333333333333,26.712,6.0,0,20.1480207893836,,0.0,0.0,0.0,0.0,41.66502517257757,optimal
2021-02-12 19:00:00,10,103,0.0,0.0,0.0,0.303,15.435,6.0,0,20.07233018571017,,0.0,0.0,0.0,0.0,41.623360147405,optimal
2021-02-12 19:30:00,10,103,1.0879647713603344,0.0,0.0,0.0902999999999999,13.566,6.0,0,20.0,,3668.543366427837,0.0,139.33333333333331,0.0,41.58173678725759,optimal
2021-02-12 20:00:00,10,103,1.045160443675597,0.0,0.0,0.2288,12.789,6.0,0,20.0,,3658.061552864589,0.0,0.0,0.0,41.54015505047033,optimal
2021-02-12 20:30:00,10,103,0.0796190476190476,0.0,0.0,0.3621,12.1275,6.0,0,20.0,,0.0,0.0,278.6666666666667,0.0,41.49861489541986,optimal
2021-02-12 21:00:00,10,103,0.0,0.0,0.0,0.2896333333333333,13.671,6.0,0,19.92275506194308,,0.0,0.0,0.0,0.0,41.457116280524446,optimal
2021-02-12 21:30:00,10,103,0.0796190476190476,0.0,0.0,0.0821333333333333,10.668,6.0,0,19.84396194031608,,0.0,0.0,278.6666666666667,0.0,41.41565916424392,optimal
2021-02-12 22:00:00,10,103,0.0,0.0,0.0,0.1635666666666666,11.7285,6.0,0,19.76199842115588,,0.0,0.0,0.0,0.0,41.37424350507968,optimal
2021-02-12 22:30:00,10,103,0.0,0.0,0.0,1.9873333333333327,11.025,6.0,0,19.68590109233754,,0.0,0.0,0.0,0.0,41.332869261574594,optimal
2021-02-12 23:00:00,10,103,0.0,0.0,0.0,0.597,10.689,6.0,0,19.632222450591,,0.0,0.0,0.0,0.0,41.29153639231302,optimal
2021-02-12 23:30:00,10,103,0.0,0.0,0.0,0.1688,8.1585,6.0,0,19.56301650662047,,0.0,0.0,0.0,0.0,41.25024485592071,optimal
2021-02-13 00:00:00,10,103,2.0,0.0,0.0,0.056,10.059,6.0,-1,19.56301650662047,,7000.0,0.0,0.0,0.0,41.20899461106478,optimal
2021-02-13 00:30:00,10,103,2.0,0.0,0.0,0.056,9.261,6.0,-1,19.626424797451296,,172.66666666666697,0.0,6827.333333333333,0.0,41.16778561645371,optimal
2021-02-13 01:00:00,10,103,2.0,0.0,0.401088963570858,0.2176,8.1585,6.0,-1,19.54605410820221,,7000.0,0.0,0.0,0.0,41.31713508853342,optimal
2021-02-13 01:30:00,10,103,2.0,0.0,0.0,0.1088,9.4815,6.0,-1,19.613394766236272,,7000.0,0.0,0.0,0.0,41.275817953444886,optimal
2021-02-13 02:00:00,10,103,2.0,0.0,0.0,0.09,8.379,6.0,-1,19.678366470835616,,7000.0,0.0,0.0,0.0,41.23454213549143,optimal
2021-02-13 02:30:00,10,103,2.0,0.0,0.0,0.222,9.5235,6.0,-1,19.74287450589339,,7000.0,0.0,0.0,0.0,41.19330759335593,optimal
2021-02-13 03:00:00,10,103,2.0,0.0,5.0,0.0704,8.1375,6.0,-1,19.80986854228885,,7000.0,0.0,0.0,0.0,43.52711428576258,optimal
2021-02-13 03:30:00,10,103,2.0,0.0,0.0,0.0848,10.0905,6.0,-1,19.873367406167738,,7000.0,0.0,0.0,0.0,43.48358717147681,optimal
2021-02-13 04:00:00,10,103,2.0,0.0,5.0,0.126,7.539,6.0,-1,19.93665448757542,,7000.0,0.0,0.0,0.0,45.81510358430533,optimal
2021-02-13 04:30:00,10,103,2.0,0.0,5.0,0.1968,7.938,6.0,-1,20.00029489823109,,7000.0,0.0,0.0,0.0,48.144288480721016,optimal
2021-02-13 05:00:00,10,103,2.0,0.0,0.0,0.0955999999999999,8.274,6.0,-1,20.064683293123128,,7000.0,0.0,0.0,0.0,48.096144192240295,optimal
2021-02-13 05:30:00,10,103,2.0,0.0,0.0,0.156,9.261,6.0,-1,20.12619560874111,,7000.0,0.0,0.0,0.0,48.048048048048045,optimal
2021-02-13 06:00:00,10,103,2.0,0.0,0.0,0.1022666666666666,9.9225,6.0,-1,20.19138314961001,,7000.0,0.0,0.0,0.0,48.0,optimal
2021-02-13 06:30:00,10,103,2.0,0.0,0.0,0.1636666666666666,9.702,6.0,-1,20.252665830872736,,7000.0,0.0,0.0,0.0,47.85062220476419,optimal
2021-02-13 07:00:00,10,103,2.0,0.0,0.0,1.4575333333333331,10.584,6.0,-1,20.31659083421292,,7000.0,0.0,0.0,0.0,47.70139378732362,optimal
2021-02-13 07:30:00,10,103,2.0,0.0,0.0,0.1850666666666666,10.143,6.0,-1,20.388333413745823,,7000.0,0.0,0.0,0.0,47.5523145983005,optimal
2021-02-13 08:00:00,10,103,0.0,0.0,0.0,0.1094666666666666,13.0095,6.0,-1,20.450027145168963,,0.0,0.0,0.0,0.0,47.40338448846639,optimal
2021-02-13 08:30:00,10,103,2.0,0.0,0.0,0.134,11.025,6.0,-1,20.359575439929067,,7000.0,0.0,0.0,0.0,47.25460330874212,optimal
2021-02-13 09:00:00,10,103,1.5760746158515004,0.0,0.0,0.1475999999999999,12.789,6.0,-1,20.411686979057343,,5516.261155480252,0.0,0.0,0.0,47.10597091019757,optimal
2021-02-13 09:30:00,10,103,2.0,0.0,0.0,0.0732,12.1275,6.0,-1,20.43284191772649,,7000.0,0.0,0.0,0.0,46.95748714405157,optimal
2021-02-13 10:00:00,10,103,2.0,0.0,0.0,0.1916,12.1695,6.0,-1,20.48470221126821,,7000.0,0.0,0.0,0.0,46.80915186167172,optimal
2021-02-13 10:30:00,10,103,2.0,0.0,0.0,0.1475999999999999,12.306,6.0,-1,20.53995377203136,,7000.0,0.0,0.0,0.0,46.66096491457424,optimal
2021-02-13 11:00:00,10,103,0.0,0.0,0.0,0.1308,13.23,6.0,-1,20.594255290185497,,0.0,0.0,0.0,0.0,46.51292615442386,optimal
2021-02-13 11:30:00,10,103,0.0,0.0,0.0,0.066,13.671,6.0,-1,20.500830794474528,,0.0,0.0,0.0,0.0,46.36503543303363,optimal
2021-02-13 12:00:00,10,103,0.0,0.0,0.0,0.2155999999999999,13.9335,6.0,-1,20.406692903780407,,0.0,0.0,0.0,0.0,46.21729260236479,optimal
2021-02-13 12:30:00,10,103,0.0,0.0,0.0,0.066,13.293,6.0,-1,20.31635806291126,,0.0,0.0,0.0,0.0,46.069697514526624,optimal
2021-02-13 13:00:00,10,103,2.0,0.0,0.0,0.2191999999999999,12.1065,6.0,-1,20.22373756983277,,7000.0,0.0,0.0,0.0,45.92225002177629,optimal
2021-02-13 13:30:00,10,103,2.0,0.0,0.0,0.1345333333333333,11.571,6.0,-1,20.282568712396035,,7000.0,0.0,0.0,0.0,45.77494997651871,optimal
2021-02-13 14:00:00,10,103,2.0,0.0,0.0,0.0927333333333333,11.025,6.0,-1,20.34083582712822,,7000.0,0.0,0.0,0.0,45.62779723130639,optimal
2021-02-13 14:30:00,10,103,2.0,0.0,0.0,0.1951999999999999,10.8465,6.0,-1,20.39944383195285,,7000.0,0.0,0.0,0.0,45.48079163883928,optimal
2021-02-13 15:00:00,10,103,2.0,0.0,0.0,0.084,11.2455,6.0,-1,20.45833364428497,,7000.0,0.0,0.0,0.0,45.33393305196464,optimal
2021-02-13 15:30:00,10,103,0.0,0.0,0.0,0.2556,23.8665,6.0,-1,20.515069153717302,,0.0,0.0,0.0,0.0,45.18722132367687,optimal
2021-02-13 16:00:00,10,103,0.0,0.0,0.0,0.3100333333333334,27.4575,6.0,-1,20.42735299917388,,0.0,0.0,0.0,0.0,45.04065630711738,optimal
2021-02-13 16:30:00,10,103,0.0,0.0,0.0,0.185,27.3735,6.0,-1,20.344558133205204,,0.0,0.0,0.0,0.0,44.89423785557446,optimal
2021-02-13 17:00:00,10,103,0.0,0.0,0.0,0.4171333333333333,30.4605,6.0,-1,20.26232412486968,,0.0,0.0,0.0,0.0,44.74796582248308,optimal
2021-02-13 17:30:00,10,103,0.0,0.0,0.0,0.1146,30.0195,6.0,-1,20.18983342290894,,0.0,0.0,0.0,0.0,44.6018400614248,optimal
2021-02-13 18:00:00,10,103,0.0,0.0,0.0,1.3759,26.9325,6.0,-1,20.11407369074245,,0.0,0.0,0.0,0.0,44.455860426127565,optimal
2021-02-13 18:30:00,10,103,0.0,0.0,0.0,0.8721666666666666,14.595,6.0,-1,20.065540748841453,,0.0,0.0,0.0,0.0,44.31002677046563,optimal
2021-02-13 19:00:00,10,103,0.7631367180927258,0.0,0.0,1.499766666666667,12.4845,6.0,-1,20.0,,2670.9785133245405,0.0,0.0,0.0,44.16433894845936,optimal
2021-02-13 19:30:00,10,103,0.982117152312722,0.0,0.0,0.2395666666666666,12.1275,6.0,-1,20.0,,3437.410033094527,0.0,0.0,0.0,44.01879681427509,optimal
2021-02-13 20:00:00,10,103,0.9646937770089506,0.0,0.0,0.4026,12.1275,6.0,-1,20.0,,3376.428219531327,0.0,0.0,0.0,43.87340022222501,optimal
2021-02-13 20:30:00,10,103,0.0,0.0,0.0,0.2421333333333333,12.789,6.0,-1,20.0,,0.0,0.0,0.0,0.0,43.72814902676698,optimal
2021-02-13 21:00:00,10,103,0.0,0.0,0.0,0.4015333333333333,11.907,6.0,-1,19.91569182101037,,0.0,0.0,0.0,0.0,43.5830430825044,optimal
2021-02-13 21:30:00,10,103,0.3435561904761904,0.0,0.0,0.2622,11.025,6.0,-1,19.83999121749772,,0.0,0.0,1202.4466666666665,0.0,43.5394600394219,optimal
2021-02-13 22:00:00,10,103,0.1341580952380952,0.0,0.0,0.2301,8.2005,6.0,-1,19.770013634750907,,0.0,0.0,469.5533333333333,0.0,43.49592057938248,optimal
2021-02-13 22:30:00,10,103,0.0,0.0,0.0,0.3338,9.5655,6.0,-1,19.694998804617764,,0.0,0.0,0.0,0.0,43.452424658803096,optimal
2021-02-13 23:00:00,10,103,0.0,0.0,0.0,0.1674666666666666,7.056,6.0,-1,19.621923613703498,,0.0,0.0,0.0,0.0,43.40897223414429,optimal
2021-02-13 23:30:00,10,103,0.0,0.0,0.0,0.1644666666666666,9.3975,6.0,-1,19.542649594984223,,0.0,0.0,0.0,0.0,43.36556326191015,optimal
2021-02-07 00:00:00,11,103,2.0,0.0,0.0,0.0994,2.205,6.0,-8,21.0,,7000.0,0.0,0.0,0.0,47.952,optimal
2021-02-07 00:30:00,11,103,2.0,0.0,1.5249303740168032,0.6142000000000001,0.882,6.0,-8,21.078822978996985,,7000.0,0.0,0.0,0.0,48.62838992765797,optimal
2021-02-07 01:00:00,11,103,2.0,0.0,0.0,0.108,1.5435,6.0,-8,21.167342356758976,,7000.0,0.0,0.0,0.0,48.57976153773031,optimal
2021-02-07 01:30:00,11,103,2.0,0.0,0.0,0.1496666666666666,1.5435,6.0,-8,21.242346766645685,,7000.0,0.0,0.0,0.0,48.53118177619257,optimal
2021-02-07 02:00:00,11,103,2.0,0.0,0.0,0.2347333333333333,5.0715,6.0,-8,21.313970333332183,,7000.0,0.0,0.0,0.0,48.48265059441637,optimal
2021-02-07 02:30:00,11,103,2.0,0.0,0.0,0.1121333333333333,5.376,6.0,-8,21.386832820499865,,7000.0,0.0,0.0,0.0,48.434167943821954,optimal
2021-02-07 03:00:00,11,103,2.0,0.0,0.0,0.2011666666666666,5.0715,6.0,-8,21.45633030539768,,7000.0,0.0,0.0,0.0,48.38573377587813,optimal
2021-02-07 03:30:00,11,103,2.0,0.0,0.0,0.1753666666666666,5.5125,6.0,-8,21.52693302194629,,7000.0,0.0,0.0,0.0,48.33734804210225,optimal
2021-02-07 04:00:00,11,103,2.0,0.0,0.0,0.1479333333333333,9.261,6.0,-8,21.59644550170353,,7000.0,0.0,0.0,0.0,48.28901069406015,optimal
2021-02-07 04:30:00,11,103,0.0,0.0,0.0,0.2286,11.7075,6.0,-8,21.66483830839515,,0.0,0.0,0.0,0.0,48.24072168336608,optimal
2021-02-07 05:00:00,11,103,0.0,0.0,0.0,0.061,12.348,6.0,-8,21.58726605018097,,0.0,0.0,0.0,0.0,48.19248096168271,optimal
2021-02-07 05:30:00,11,103,0.0,0.0,0.0,0.1951999999999999,12.348,6.0,-8,21.50651766434758,,0.0,0.0,0.0,0.0,48.144288480721016,optimal
2021-02-07 06:00:00,11,103,0.0,0.0,0.0,0.0806666666666666,12.1275,6.0,-8,21.428960573055413,,0.0,0.0,0.0,0.0,48.096144192240295,optimal
2021-02-07 06:30:00,11,103,0.0,0.0,0.0,0.1522666666666667,12.5265,6.0,-8,21.349344360310948,,0.0,0.0,0.0,0.0,48.048048048048045,optimal
2021-02-07 07:00:00,11,103,0.0,0.0,0.0,0.2463666666666666,11.7495,6.0,-8,21.27317654279893,,0.0,0.0,0.0,0.0,48.0,optimal
2021-02-07 07:30:00,11,103,0.0,0.0,0.0,0.3797333333333333,13.23,6.0,-8,21.20563040176903,,0.0,0.0,0.0,0.0,47.893985918175474,optimal
2021-02-07 08:00:00,11,103,0.0,0.0,0.0,0.353,14.3325,6.0,-8,21.13211036424983,,0.0,0.0,0.0,0.0,47.78807785043278,optimal
2021-02-07 08:30:00,11,103,0.0,0.0,0.0,0.071,14.994,6.0,-8,21.05825009753074,,0.0,0.0,0.0,0.0,47.68227569075782,optimal
2021-02-07 09:00:00,11,103,0.0,0.0,0.0,0.1729333333333333,14.8155,6.0,-8,20.97078724498676,,0.0,0.0,0.0,0.0,47.576579333242535,optimal
2021-02-07 09:30:00,11,103,0.0,0.0,0.0,0.1528,14.112,6.0,-8,20.88564008841076,,0.0,0.0,0.0,0.0,47.470988672084765,optimal
2021-02-07 10:00:00,11,103,0.0,0.0,0.0,0.0788666666666666,14.007,6.0,-8,20.80068223673834,,0.0,0.0,0.0,0.0,47.36550360158816,optimal
2021-02-07 10:30:00,11,103,0.0,0.0,0.0,0.1339333333333333,13.23,6.0,-8,20.71478032001368,,0.0,0.0,0.0,0.0,47.260124016162045,optimal
2021-02-07 11:00:00,11,103,2.0,0.0,0.0,0.1658666666666666,11.382,6.0,-8,20.62997362054713,,7000.0,0.0,0.0,0.0,47.15484981032136,optimal
2021-02-07 11:30:00,11,103,0.6693032435545493,0.0,0.0,0.13,11.7495,6.0,-8,20.69312305932522,,2342.5613524409227,0.0,0.0,0.0,47.04968087868652,optimal
2021-02-07 12:00:00,11,103,0.0,0.0,0.0,0.1066,24.3285,6.0,-8,20.65719001829196,,0.0,0.0,0.0,0.0,46.944617115983306,optimal
2021-02-07 12:30:00,11,103,0.0,0.0,0.0,0.1892666666666666,28.917,6.0,-8,20.57161554347514,,0.0,0.0,0.0,0.0,46.8396584170428,optimal
2021-02-07 13:00:00,11,103,0.0,0.0,0.0,0.1716666666666666,31.3635,6.0,-8,20.488169459951983,,0.0,0.0,0.0,0.0,46.73480467680123,optimal
2021-02-07 13:30:00,11,103,0.0,0.0,0.0,0.1658666666666666,33.306,6.0,-8,20.40473145698908,,0.0,0.0,0.0,0.0,46.63005579029991,optimal
2021-02-07 14:00:00,11,103,0.0,0.0,0.0,0.2306666666666666,31.3425,6.0,-8,20.32177672755388,,0.0,0.0,0.0,0.0,46.52541165268508,optimal
2021-02-07 14:30:00,11,103,0.0,0.0,0.0,0.1184666666666666,28.2555,6.0,-8,20.240789238252933,,0.0,0.0,0.0,0.0,46.42087215920787,optimal
2021-02-07 15:00:00,11,103,0.0,0.0,0.0,0.1734666666666666,15.6975,6.0,-8,20.15803414188559,,0.0,0.0,0.0,0.0,46.31643720522413,optimal
2021-02-07 15:30:00,11,103,0.0,0.0,0.0,0.2569333333333333,12.5475,6.0,-8,20.077039086363307,,0.0,0.0,0.0,0.0,46.21210668619438,optimal
2021-02-07 16:00:00,11,103,1.7404913024614126,0.0,0.0,0.2837333333333333,12.0855,6.0,-8,20.0,,6091.719558614944,0.0,0.0,0.0,46.10788049768367,optimal
2021-02-07 16:30:00,11,103,2.0,0.0,0.0,0.5527666666666666,11.907,6.0,-8,20.055132115291983,,7000.0,0.0,0.0,0.0,46.003758535361456,optimal
2021-02-07 17:00:00,11,103,0.0,0.0,0.0,0.2719,12.5685,6.0,-8,20.13992161109925,,0.0,0.0,0.0,0.0,45.89974069500157,optimal
2021-02-07 17:30:00,11,103,0.0,0.0,0.0,0.3125333333333334,13.146,6.0,-8,20.07010924095811,,0.0,0.0,0.0,0.0,45.795826872482046,optimal
2021-02-07 18:00:00,11,103,0.9210703726742256,0.0,0.0,0.315,10.584,6.0,-8,20.0,,3223.746304359789,0.0,0.0,0.0,45.69201696378504,optimal
2021-02-07 18:30:00,11,103,1.5527481610846128,0.0,0.0,0.7307,6.678,6.0,-8,20.0,,5434.618563796144,0.0,0.0,0.0,45.58831086499673,optimal
2021-02-07 19:00:00,11,103,0.0,0.0,0.0,0.5818666666666666,7.938,6.0,-8,20.05908276941684,,0.0,0.0,0.0,0.0,45.4847084723072,optimal
2021-02-07 19:30:00,11,103,1.9695351971217767,0.0,0.0,0.5185,5.292,6.0,-8,20.0,,5709.039856592885,0.0,1184.3333333333333,0.0,45.38120968201037,optimal
2021-02-07 20:00:00,11,103,0.0,0.0,0.0,0.5254333333333333,9.261,6.0,-8,20.05761521327817,,0.0,0.0,0.0,0.0,45.27781439050384,optimal
2021-02-07 20:30:00,11,103,0.0,0.0,0.0,0.4175333333333333,10.3635,6.0,-8,20.0,,0.0,0.0,0.0,0.0,45.17452249428881,optimal
2021-02-07 21:00:00,11,103,0.0,0.0,0.0,0.6310666666666667,8.274,6.0,-8,19.940970173375423,,0.0,0.0,0.0,0.0,45.07133388997,optimal
2021-02-07 21:30:00,11,103,0.0,0.0,0.0,0.6707666666666666,7.7175,6.0,-8,19.884095283418365,,0.0,0.0,0.0,0.0,44.9682484742555,optimal
2021-02-07 22:00:00,11,103,0.0,0.0,0.0,0.5419333333333333,6.615,6.0,-8,19.828279314645485,,0.0,0.0,0.0,0.0,44.86526614395672,optimal
2021-02-07 22:30:00,11,103,0.0,0.0,0.0,0.8856333333333333,6.174,6.0,-8,19.7701656767998,,0.0,0.0,0.0,0.0,44.76238679598824,optimal
2021-02-07 23:00:00,11,103,0.0,0.0,0.0,0.488,3.906,6.0,-8,19.718231548370124,,0.0,0.0,0.0,0.0,44.717624409192254,optimal
2021-02-07 23:30:00,11,103,0.0,0.0,0.0,0.1215,2.3415,6.0,-8,19.65498407320316,,0.0,0.0,0.0,0.0,44.67290678478306,optimal
2021-02-08 00:00:00,11,103,0.0,0.0,0.0,0.062,12.348,6.0,7,19.65498407320316,,0.0,0.0,0.0,0.0,44.62823387799828,optimal
2021-02-08 00:30:00,11,103,0.7089806838341312,0.0,0.0,0.1576666666666666,12.1275,6.0,7,19.578880932526168,,0.0,0.0,2481.432393419459,0.0,44.58360564412028,optimal
2021-02-08 01:00:00,11,103,0.0,0.0,0.0,0.1991333333333333,12.1275,6.0,7,19.50513687000567,,0.0,0.0,0.0,0.0,44.53902203847616,optimal
2021-02-08 01:30:00,11,103,2.0,0.0,0.0,0.062,11.2665,6.0,7,19.432600251149097,,0.0,0.0,7000.0,0.0,44.49448301643768,optimal
2021-02-08 02:00:00,11,103,2.0,0.0,0.0,0.2137666666666667,10.143,6.0,7,19.357279161192743,,0.0,0.0,7000.0,0.0,44.44998853342124,optimal
2021-02-08 02:30:00,11,103,2.0,0.0,0.0,0.1430333333333333,11.2455,6.0,7,19.285267695214905,,2581.432393419459,0.0,4418.567606580541,0.0,44.40553854488782,optimal
2021-02-08 03:00:00,11,103,2.0,0.0,0.0,0.1244,11.025,6.0,7,19.2666609956578,,7000.0,0.0,0.0,0.0,44.36113300634293,optimal
2021-02-08 03:30:00,11,103,2.0,0.0,0.0,0.2282666666666666,5.9745,6.0,7,19.34098595372109,,7000.0,0.0,0.0,0.0,44.31677187333659,optimal
2021-02-08 04:00:00,11,103,2.0,0.0,0.0,0.1285333333333333,7.938,6.0,7,19.416933324576576,,7000.0,0.0,0.0,0.0,44.27245510146326,optimal
2021-02-08 04:30:00,11,103,2.0,0.0,0.0,0.1244,8.6835,6.0,7,19.490209884822043,,7000.0,0.0,0.0,0.0,44.2281826463618,optimal
2021-02-08 05:00:00,11,103,2.0,0.0,0.0,0.1991333333333333,7.665,6.0,7,19.5626133359246,,7000.0,0.0,0.0,0.0,44.18395446371543,optimal
2021-02-08 05:30:00,11,103,2.0,0.0,0.0,0.2062,6.7725,6.0,7,19.63580781439937,,7000.0,0.0,0.0,0.0,44.13977050925172,optimal
2021-02-08 06:00:00,11,103,2.0,0.0,3.315873540901494,0.213,5.5755,6.0,7,19.70859215481769,,7000.0,0.0,0.0,0.0,45.670670670670674,optimal
2021-02-08 06:30:00,11,103,2.0,0.0,5.0,0.0892999999999999,5.0925,6.0,7,19.78096260440374,,7000.0,0.0,0.0,0.0,48.0,optimal
2021-02-08 07:00:00,11,103,2.0,0.0,0.0,0.2215666666666666,4.1895,6.0,7,19.8519281632806,,7000.0,0.0,0.0,0.0,47.92685458422476,optimal
2021-02-08 07:30:00,11,103,2.0,0.0,0.0,0.1661333333333333,7.056,6.0,7,19.92615366024,,7000.0,0.0,0.0,0.0,47.8537823138653,optimal
2021-02-08 08:00:00,11,103,2.0,0.0,0.0,0.3787666666666666,5.271,6.0,7,20.0,,7000.0,0.0,0.0,0.0,47.7807831157762,optimal
2021-02-08 08:30:00,11,103,2.0,0.0,0.0,0.3631999999999999,7.938,6.0,7,20.08185538516889,,7000.0,0.0,0.0,0.0,47.70785691688519,optimal
2021-02-08 09:00:00,11,103,2.0,0.0,0.0,1.9875,7.938,6.0,7,20.159925361121395,,7000.0,0.0,0.0,0.0,47.63500364419307,optimal
2021-02-08 09:30:00,11,103,2.0,0.0,0.0,0.5755,11.907,6.0,7,20.247548922862084,,7000.0,0.0,0.0,0.0,47.56222322477364,optimal
2021-02-08 10:00:00,11,103,2.0,0.0,0.0,0.4651333333333333,11.025,6.0,7,20.327870583775503,,7000.0,0.0,0.0,0.0,47.48951558577363,optimal
2021-02-08 10:30:00,11,103,2.0,0.0,0.0,0.5840666666666667,11.2875,6.0,7,20.408153164328127,,7000.0,0.0,0.0,0.0,47.41688065441262,optimal
2021-02-08 11:00:00,11,103,2.0,0.0,0.0,2.518733333333333,12.936,6.0,7,20.48520234479028,,7000.0,0.0,0.0,0.0,47.34431835798298,optimal
2021-02-08 11:30:00,11,103,0.1528029955047198,0.0,0.0,2.6878,13.0095,6.0,7,20.56228241765353,,534.8104842665194,0.0,0.0,0.0,47.27182862384976,optimal
2021-02-08 12:00:00,11,103,0.0,0.0,0.0,0.5797333333333333,13.671,6.0,7,20.503538875658705,,0.0,0.0,0.0,0.0,47.19941137945067,optimal
2021-02-08 12:30:00,11,103,0.0,0.0,0.0,0.1907333333333332,13.188,6.0,7,20.426166028487167,,0.0,0.0,0.0,0.0,47.12706655229599,optimal
2021-02-08 13:00:00,11,103,0.0,0.0,0.0,0.2439,13.8495,6.0,7,20.34298954312888,,0.0,0.0,0.0,0.0,47.05479406996845,optimal
2021-02-08 13:30:00,11,103,2.0,0.0,0.0,0.0782333333333333,13.23,6.0,7,20.260764441326945,,7000.0,0.0,0.0,0.0,46.982593860123245,optimal
2021-02-08 14:00:00,11,103,0.0,0.0,0.0,0.1815333333333333,13.3665,6.0,7,20.3232315407824,,0.0,0.0,0.0,0.0,46.91046585048789,optimal
2021-02-08 14:30:00,11,103,2.0,0.0,0.0,0.2576666666666667,13.0515,6.0,7,20.240690567605128,,7000.0,0.0,0.0,0.0,46.838409968862166,optimal
2021-02-08 15:00:00,11,103,0.0,0.0,0.0,0.1608333333333333,13.5345,6.0,7,20.30679904660162,,0.0,0.0,0.0,0.0,46.76642614311807,optimal
2021-02-08 15:30:00,11,103,0.0,0.0,0.0,0.1412333333333333,14.154,6.0,7,20.22253587282884,,0.0,0.0,0.0,0.0,46.69451430119972,optimal
2021-02-08 16:00:00,11,103,0.0,0.0,0.0,0.3927,14.112,6.0,7,20.13846922049422,,0.0,0.0,0.0,0.0,46.62267437112328,optimal
2021-02-08 16:30:00,11,103,0.0,0.0,0.0,0.6807000000000001,14.2485,6.0,7,20.0636091743651,,0.0,0.0,0.0,0.0,46.550906280976925,optimal
2021-02-08 17:00:00,11,103,1.458667703202803,0.0,0.0,1.2261,12.789,6.0,7,20.0,,5105.33696120981,0.0,0.0,0.0,46.47920995892071,optimal
2021-02-08 17:30:00,11,103,0.0,0.0,0.0,0.5293666666666667,13.0095,6.0,7,20.06338341036278,,0.0,0.0,0.0,0.0,46.40758533318656,optimal
2021-02-08 18:00:00,11,103,2.0,0.0,0.0,1.7058,12.1275,6.0,7,20.0,,6651.666666666667,0.0,348.3333333333333,0.0,46.33603233207814,optimal
2021-02-08 18:30:00,11,103,0.3828953768550349,0.0,0.0,0.355,12.348,6.0,7,20.079252827255,,1340.133818992622,0.0,0.0,0.0,46.26455088397083,optimal
2021-02-08 19:00:00,11,103,2.0,0.0,0.0,0.4472666666666666,12.348,6.0,7,20.03939885571724,,7000.0,0.0,0.0,0.0,46.19314091731162,optimal
2021-02-08 19:30:00,11,103,0.0,0.0,0.0,0.6778666666666667,25.389,6.0,7,20.11822212415986,,0.0,0.0,0.0,0.0,46.14694777639431,optimal
2021-02-08 20:00:00,11,103,0.0,0.0,0.0,2.2251,29.1375,6.0,7,20.05738474514901,,0.0,0.0,0.0,0.0,46.10080082861792,optimal
2021-02-08 20:30:00,11,103,0.0,0.0,0.0,2.7236,30.597,6.0,7,20.0,,0.0,0.0,0.0,0.0,46.0547000277893,optimal
2021-02-08 21:00:00,11,103,0.0,0.0,0.0,1.2736333333333334,33.684,6.0,7,19.94259551865365,,0.0,0.0,0.0,0.0,46.00864532776151,optimal
2021-02-08 21:30:00,11,103,0.0,0.0,0.0,0.3919666666666666,32.445,6.0,7,19.88238010657132,,0.0,0.0,0.0,0.0,45.96263668243376,optimal
2021-02-08 22:00:00,11,103,0.0,0.0,0.0,0.3672666666666666,28.917,6.0,7,19.81580658614885,,0.0,0.0,0.0,0.0,45.91667404575132,optimal
2021-02-08 22:30:00,11,103,0.0,0.0,0.0,0.1689666666666666,15.876,6.0,7,19.746434236168746,,0.0,0.0,0.0,0.0,45.87075737170557,optimal
2021-02-08 23:00:00,11,103,0.0,0.0,0.0,0.1676666666666666,12.348,6.0,7,19.66855489088701,,0.0,0.0,0.0,0.0,45.82488661433387,optimal
2021-02-08 23:30:00,11,103,0.0,0.0,0.0,0.0846666666666666,12.1275,6.0,7,19.59077465982136,,0.0,0.0,0.0,0.0,45.77906172771954,optimal
2021-02-09 00:00:00,11,103,2.0,0.0,5.0,0.057,11.361,6.0,-10,19.59077465982136,,7000.0,0.0,0.0,0.0,48.108282665991815,optimal
2021-02-09 00:30:00,11,103,2.0,0.0,1.4013019033984322,0.0932,11.571,6.0,-10,19.65814635035898,,0.0,0.0,7000.0,0.0,48.72579278744007,optimal
2021-02-09 01:00:00,11,103,2.0,0.0,0.0,0.1535333333333333,14.3745,6.0,-10,19.57884840114367,,0.0,0.0,7000.0,0.0,48.67706699465263,optimal
2021-02-09 01:30:00,11,103,2.0,0.0,0.0,0.057,13.23,6.0,-10,19.501407076981906,,5673.333333333333,0.0,1326.6666666666667,0.0,48.62838992765797,optimal
2021-02-09 02:00:00,11,103,2.0,0.0,0.0,0.1897333333333332,13.9755,6.0,-10,19.541257325535035,,7000.0,0.0,0.0,0.0,48.57976153773031,optimal
2021-02-09 02:30:00,11,103,2.0,0.0,0.0,0.057,14.994,6.0,-10,19.61119408302795,,7000.0,0.0,0.0,0.0,48.53118177619257,optimal
2021-02-09 03:00:00,11,103,2.0,0.0,0.0,0.1414666666666666,13.671,6.0,-10,19.67824630297947,,7000.0,0.0,0.0,0.0,48.48265059441637,optimal
2021-02-09 03:30:00,11,103,0.0,0.0,0.0,0.1052666666666666,15.981,6.0,-10,19.74699922019765,,0.0,0.0,0.0,0.0,48.434167943821954,optimal
2021-02-09 04:00:00,11,103,0.5136532736393298,0.0,0.0,0.057,15.6345,6.0,-10,19.66777901609023,,1797.7864577376542,0.0,0.0,0.0,48.38573377587813,optimal
2021-02-09 04:30:00,11,103,0.0,0.0,0.0,0.057,16.5375,6.0,-10,19.62619998227301,,0.0,0.0,0.0,0.0,48.33734804210225,optimal
2021-02-09 05:00:00,11,103,2.0,0.0,0.0,0.057,14.7735,6.0,-10,19.546511772973684,,7000.0,0.0,0.0,0.0,48.28901069406015,optimal
2021-02-09 05:30:00,11,103,2.0,0.0,0.0,0.1897333333333332,15.2145,6.0,-10,19.614084270188773,,7000.0,0.0,0.0,0.0,48.24072168336608,optimal
2021-02-09 06:00:00,11,103,2.0,0.0,0.0,0.2613333333333333,14.553,6.0,-10,19.68414430321452,,7000.0,0.0,0.0,0.0,48.19248096168271,optimal
2021-02-09 06:30:00,11,103,2.0,0.0,0.0,0.0924,14.3325,6.0,-10,19.75852600597461,,7000.0,0.0,0.0,0.0,48.144288480721016,optimal
2021-02-09 07:00:00,11,103,2.0,0.0,0.0,1.233933333333333,14.595,6.0,-10,19.83393483923346,,7000.0,0.0,0.0,0.0,48.096144192240295,optimal
2021-02-09 07:30:00,11,103,2.0,0.0,0.0,0.7818666666666667,14.994,6.0,-10,19.94052015073253,,7000.0,0.0,0.0,0.0,48.048048048048045,optimal
2021-02-09 08:00:00,11,103,2.0,0.0,0.0,0.1092,14.3325,6.0,-10,20.037631608155063,,7000.0,0.0,0.0,0.0,48.0,optimal
2021-02-09 08:30:00,11,103,2.0,0.0,0.0,1.2868666666666666,13.8915,6.0,-10,20.116456284827542,,7000.0,0.0,0.0,0.0,47.799852633491184,optimal
2021-02-09 09:00:00,11,103,2.0,0.0,0.0,2.6109,13.8915,6.0,-10,20.208210389258053,,7000.0,0.0,0.0,0.0,47.59990541434888,optimal
2021-02-09 09:30:00,11,103,2.0,0.0,0.0,0.3671999999999999,13.4715,6.0,-10,20.30738629760016,,7000.0,0.0,0.0,0.0,47.40015814242572,optimal
2021-02-09 10:00:00,11,103,2.0,0.0,0.0,0.2558,13.23,6.0,-10,20.387401857634632,,7000.0,0.0,0.0,0.0,47.20061061777448,optimal
2021-02-09 10:30:00,11,103,2.0,0.0,0.0,0.2128333333333333,13.8915,6.0,-10,20.46072486318038,,7000.0,0.0,0.0,0.0,47.00126264064789,optimal
2021-02-09 11:00:00,11,103,0.0,0.0,0.0,0.3208,26.9325,6.0,-10,20.53254521856934,,0.0,0.0,0.0,0.0,46.80211401149843,optimal
2021-02-09 11:30:00,11,103,0.0,0.0,0.0,0.1350666666666666,30.303,6.0,-10,20.46066132692793,,0.0,0.0,0.0,0.0,46.60316453097812,optimal
2021-02-09 12:00:00,11,103,0.0,0.0,0.0,0.1340666666666666,32.886,6.0,-10,20.38540462312101,,0.0,0.0,0.0,0.0,46.40441399993833,optimal
2021-02-09 12:30:00,11,103,0.0,0.0,0.0,1.2224000000000002,34.9965,6.0,-10,20.31086352332461,,0.0,0.0,0.0,0.0,46.20586221942958,optimal
2021-02-09 13:00:00,11,103,0.0,0.0,0.0,0.5349333333333333,33.327,6.0,-10,20.237745058784032,,0.0,0.0,0.0,0.0,46.00750899070133,optimal
2021-02-09 13:30:00,11,103,0.0,0.0,0.0,0.066,31.122,6.0,-10,20.16020339262303,,0.0,0.0,0.0,0.0,45.80935411520182,optimal
2021-02-09 14:00:00,11,103,0.0,0.0,0.0,0.2083333333333333,17.9025,6.0,-10,20.078402856670863,,0.0,0.0,0.0,0.0,45.61139739457781,optimal
2021-02-09 14:30:00,11,103,0.9192022465932208,0.0,0.0,1.619233333333333,15.6555,6.0,-10,20.0,,3217.207863076273,0.0,0.0,0.0,45.41363863067441,optimal
2021-02-09 15:00:00,11,103,0.8855058161964108,0.0,0.0,0.359,14.553,6.0,-10,20.0,,2820.6036900207714,0.0,278.66666666666663,0.0,45.21607762553492,optimal
2021-02-09 15:30:00,11,103,0.8596505781011693,0.0,0.0,0.2985333333333334,14.3325,6.0,-10,20.0,,3008.7770233540928,0.0,0.0,0.0,45.018714181400576,optimal
2021-02-09 16:00:00,11,103,1.0325763186960013,0.0,0.0,0.1664,13.335,6.0,-10,20.0,,3474.683782102671,0.0,139.33333333333331,0.0,44.82154810071036,optimal
2021-02-09 16:30:00,11,103,2.0,0.0,0.0,0.2793,12.1275,6.0,-10,20.0,,6373.0,0.0,627.0,0.0,44.62457918610083,optimal
2021-02-09 17:00:00,11,103,0.0043256690883417,0.0,0.0,0.2661333333333333,12.2955,6.0,-10,20.06414532258252,,15.139841809196149,0.0,0.0,0.0,44.42780724040592,optimal
2021-02-09 17:30:00,11,103,0.8238928860463371,0.0,0.0,0.201,11.6865,6.0,-10,20.0,,2883.62510116218,0.0,0.0,0.0,44.2312320666567,optimal
2021-02-09 18:00:00,11,103,0.5044238044639388,0.0,0.0,2.217,11.466,6.0,-10,20.0,,1486.816648957119,0.0,278.66666666666663,0.0,44.03485346808123,optimal
2021-02-09 18:30:00,11,103,1.316178674467404,0.0,0.0,0.3121,10.8045,6.0,-10,20.0,,2497.240889072039,0.0,2109.384471563875,0.0,43.83867124810433,optimal
2021-02-09 19:00:00,11,103,2.0,0.0,0.0,1.444766666666667,10.584,6.0,-10,20.0,,6810.384471563875,0.0,189.6155284361248,0.0,43.642685210347416,optimal
2021-02-09 19:30:00,11,103,0.0,0.0,0.0,0.4119333333333332,11.2455,6.0,-10,20.11321665750264,,0.0,0.0,0.0,0.0,43.44689515862825,optimal
2021-02-09 20:00:00,11,103,0.0,0.0,0.0,0.3292333333333332,12.1275,6.0,-10,20.05835245253701,,0.0,0.0,0.0,0.0,43.25130089696081,optimal
2021-02-09 20:30:00,11,103,0.0,0.0,0.0,0.1725,11.823,6.0,-10,20.0,,0.0,0.0,0.0,0.0,43.05590222955503,optimal
2021-02-09 21:00:00,11,103,0.0,0.0,0.0,0.2134666666666666,11.7705,6.0,-10,19.952750746179948,,0.0,0.0,0.0,0.0,42.86069896081666,optimal
2021-02-09 21:30:00,11,103,0.0,0.0,0.0,0.3658,11.13,6.0,-10,19.90252983602332,,0.0,0.0,0.0,0.0,42.81783826185585,optimal
2021-02-09 22:00:00,11,103,0.0,0.0,0.0,0.2297333333333333,11.6865,6.0,-10,19.855849330731413,,0.0,0.0,0.0,0.0,42.77502042359399,optimal
2021-02-09 22:30:00,11,103,0.0995238095238095,0.0,0.0,0.5785333333333333,10.7205,6.0,-10,19.79104913930073,,0.0,0.0,348.3333333333333,0.0,42.7322454031704,optimal
2021-02-09 23:00:00,11,103,0.0,0.0,0.0,0.3025333333333334,11.424,6.0,-10,19.73438088570766,,0.0,0.0,0.0,0.0,42.68951315776723,optimal
2021-02-09 23:30:00,11,103,0.0,0.0,0.0,0.2438666666666666,10.689,6.0,-10,19.67439555017593,,0.0,0.0,0.0,0.0,42.64682364460946,optimal
2021-02-10 00:00:00,11,103,0.0,0.0,0.0,0.055,17.4195,6.0,7,19.67439555017593,,0.0,0.0,0.0,0.0,42.60417682096485,optimal
2021-02-10 00:30:00,11,103,0.0,0.0,0.0,0.1753333333333333,16.758,6.0,7,19.593117162828506,,0.0,0.0,0.0,0.0,42.56157264414389,optimal
2021-02-10 01:00:00,11,103,2.0,0.0,0.0,0.074,14.217,6.0,7,19.51428690720268,,2541.333333333333,0.0,4458.666666666667,0.0,42.51901107149974,optimal
2021-02-10 01:30:00,11,103,2.0,0.0,0.0,0.1837333333333333,13.3665,6.0,7,19.48672360621665,,7000.0,0.0,0.0,0.0,42.47649206042824,optimal
2021-02-10 02:00:00,11,103,2.0,0.0,0.0,0.131,12.789,6.0,7,19.55499836594062,,7000.0,0.0,0.0,0.0,42.43401556836781,optimal
2021-02-10 02:30:00,11,103,2.0,0.0,0.0,0.1425,11.907,6.0,7,19.62139965828453,,7000.0,0.0,0.0,0.0,42.39158155279944,optimal
2021-02-10 03:00:00,11,103,2.0,0.0,0.0,0.0941333333333333,11.7075,6.0,7,19.687741788717336,,7000.0,0.0,0.0,0.0,42.349189971246645,optimal
2021-02-10 03:30:00,11,103,2.0,0.0,5.0,0.2497666666666667,10.8045,6.0,7,19.752764807890323,,7000.0,0.0,0.0,0.0,44.6818407812754,optimal
2021-02-10 04:00:00,11,103,2.0,0.0,0.0,0.1716666666666666,11.508,6.0,7,19.82076898338598,,7000.0,0.0,0.0,0.0,44.637158940494125,optimal
2021-02-10 04:30:00,11,103,2.0,0.0,0.0,0.2524666666666667,11.508,6.0,7,19.88682060865838,,7000.0,0.0,0.0,0.0,44.59252178155363,optimal
2021-02-10 05:00:00,11,103,2.0,0.0,0.0,0.1789333333333333,11.508,6.0,7,19.95381978332937,,7000.0,0.0,0.0,0.0,44.54792925977208,optimal
2021-02-10 05:30:00,11,103,2.0,0.0,0.0,0.055,11.844,6.0,7,20.01851342906264,,7000.0,0.0,0.0,0.0,44.50338133051231,optimal
2021-02-10 06:00:00,11,103,2.0,0.0,0.0,0.273,11.508,6.0,7,20.07985106475808,,7000.0,0.0,0.0,0.0,44.45887794918179,optimal
2021-02-10 06:30:00,11,103,2.0,0.0,2.644740209343297,0.1580666666666666,11.508,6.0,7,20.145045751679,,7000.0,0.0,0.0,0.0,45.670670670670674,optimal
2021-02-10 07:00:00,11,103,2.0,0.0,5.0,1.6923333333333332,10.4475,6.0,7,20.20926200007534,,7000.0,0.0,0.0,0.0,48.0,optimal
2021-02-10 07:30:00,11,103,2.0,0.0,0.0,0.9893,10.8675,6.0,7,20.30163731154031,,7000.0,0.0,0.0,0.0,47.75996027745196,optimal
2021-02-10 08:00:00,11,103,2.0,0.0,0.0,0.5276000000000001,10.542,6.0,7,20.383023523333325,,7000.0,0.0,0.0,0.0,47.52016059462647,optimal
2021-02-10 08:30:00,11,103,2.0,0.0,0.0,0.3476666666666667,11.025,6.0,7,20.45306863727092,,7000.0,0.0,0.0,0.0,47.2806007114838,optimal
2021-02-10 09:00:00,11,103,2.0,0.0,0.0,0.054,11.025,6.0,7,20.52328013193998,,7000.0,0.0,0.0,0.0,47.04128038822428,optimal
2021-02-10 09:30:00,11,103,2.0,0.0,0.0,0.4444666666666665,14.553,6.0,7,20.589042372841863,,7000.0,0.0,0.0,0.0,46.80219938528802,optimal
2021-02-10 10:00:00,11,103,2.0,0.0,0.0,0.1849333333333333,13.0935,6.0,7,20.66635210145469,,7000.0,0.0,0.0,0.0,46.56335746335469,optimal
2021-02-10 10:30:00,11,103,2.0,0.0,0.0,0.0616666666666666,15.6345,6.0,7,20.73172081177558,,7000.0,0.0,0.0,0.0,46.3247543833433,optimal
2021-02-10 11:00:00,11,103,0.0,0.0,0.0,0.4188666666666666,18.102,6.0,7,20.792513991332864,,0.0,0.0,0.0,0.0,46.08638990641192,optimal
2021-02-10 11:30:00,11,103,0.0,0.0,0.0,0.2604333333333333,17.199,6.0,7,20.7142641504544,,0.0,0.0,0.0,0.0,45.84826379395746,optimal
2021-02-10 12:00:00,11,103,0.0,0.0,0.0,0.3755333333333334,18.2805,6.0,7,20.632379231474715,,0.0,0.0,0.0,0.0,45.61037580761547,optimal
2021-02-10 12:30:00,11,103,0.0,0.0,0.0,0.2676666666666666,17.4615,6.0,7,20.55315295896868,,0.0,0.0,0.0,0.0,45.37272570925982,optimal
2021-02-10 13:00:00,11,103,0.0,0.0,0.0,0.0566,18.3225,6.0,7,20.47201547360812,,0.0,0.0,0.0,0.0,45.13531326100252,optimal
2021-02-10 13:30:00,11,103,0.0,0.0,0.0,0.3404,17.094,6.0,7,20.38680304357861,,0.0,0.0,0.0,0.0,44.898138225193485,optimal
2021-02-10 14:00:00,11,103,0.0,0.0,0.0,0.1418,17.094,6.0,7,20.30885863761128,,0.0,0.0,0.0,0.0,44.66120036442025,optimal
2021-02-10 14:30:00,11,103,0.0,0.0,0.0,0.5274,17.094,6.0,7,20.22825488940392,,0.0,0.0,0.0,0.0,44.42449944150779,optimal
2021-02-10 15:00:00,11,103,0.0,0.0,0.0,0.7746333333333333,17.3565,6.0,7,20.15647697373334,,0.0,0.0,0.0,0.0,44.18803521951825,optimal
2021-02-10 15:30:00,11,103,0.4862545034401463,0.0,0.0,1.5534333333333334,17.115,6.0,7,20.090623818239308,,1701.890762040512,0.0,0.0,0.0,43.95180746175069,optimal
2021-02-10 16:00:00,11,103,0.0,0.0,0.0,0.5340333333333332,17.241,6.0,7,20.06860701596877,,0.0,0.0,0.0,0.0,43.7158159317409,optimal
2021-02-10 16:30:00,11,103,1.6577492485309182,0.0,0.0,0.2703666666666667,17.094,6.0,7,20.0,,5802.122369858214,0.0,0.0,0.0,43.48006039326112,optimal
2021-02-10 17:00:00,11,103,2.0,0.0,0.0,0.5756333333333333,16.5165,6.0,7,20.048140759927914,,7000.0,0.0,0.0,0.0,43.24454061031982,optimal
2021-02-10 17:30:00,11,103,0.0,0.0,0.0,0.3632333333333333,17.8185,6.0,7,20.12816235048708,,0.0,0.0,0.0,0.0,43.00925634716146,optimal
2021-02-10 18:00:00,11,103,2.0,0.0,0.0,0.4497666666666666,17.094,6.0,7,20.060905392024843,,7000.0,0.0,0.0,0.0,42.77420736826626,optimal
2021-02-10 18:30:00,11,103,2.0,0.0,0.0,0.5862333333333334,16.8945,6.0,7,20.14541002859823,,7000.0,0.0,0.0,0.0,42.539393438349954,optimal
2021-02-10 19:00:00,11,103,0.0,0.0,0.0,0.2743,18.123,6.0,7,20.22468676595597,,0.0,0.0,0.0,0.0,42.30481432236357,optimal
2021-02-10 19:30:00,11,103,0.0,0.0,0.0,0.1923666666666666,31.647,6.0,7,20.145847054050098,,0.0,0.0,0.0,0.0,42.07046978549317,optimal
2021-02-10 20:00:00,11,103,0.0,0.0,0.0,1.2484666666666666,34.9965,6.0,7,20.062460714170392,,0.0,0.0,0.0,0.0,41.83635959315964,optimal
2021-02-10 20:30:00,11,103,0.0,0.0,0.0,0.8866666666666666,34.9965,6.0,7,20.0,,0.0,0.0,0.0,0.0,41.602483511018434,optimal
2021-02-10 21:00:00,11,103,0.0,0.0,0.0,0.3225,34.9965,6.0,7,19.9392646924684,,0.0,0.0,0.0,0.0,41.56088102750741,optimal
2021-02-10 21:30:00,11,103,0.0,0.0,0.0,0.3400666666666667,34.9965,6.0,7,19.879265874613,,0.0,0.0,0.0,0.0,41.51932014647991,optimal
2021-02-10 22:00:00,11,103,0.0,0.0,0.0,0.5106,34.9965,6.0,7,19.818388559115103,,0.0,0.0,0.0,0.0,41.47780082633343,optimal
2021-02-10 22:30:00,11,103,0.0,0.0,0.0,0.3733333333333333,27.741,6.0,7,19.75277889336865,,0.0,0.0,0.0,0.0,41.43632302550709,optimal
2021-02-10 23:00:00,11,103,0.0,0.0,0.0,1.4610999999999998,19.026,6.0,7,19.6759127552985,,0.0,0.0,0.0,0.0,41.39488670248159,optimal
2021-02-10 23:30:00,11,103,0.0,0.0,0.0,0.3620333333333334,18.7215,6.0,7,19.606321575469018,,0.0,0.0,0.0,0.0,41.3534918157791,optimal
2021-02-11 00:00:00,11,103,2.0,0.0,0.6803268319086442,0.058,11.025,6.0,-6,19.606321575469018,,7000.0,0.0,0.0,0.0,41.63529356911993,optimal
2021-02-11 00:30:00,11,103,2.0,0.0,5.0,0.0710666666666666,10.584,6.0,-6,19.65448408235561,,0.0,0.0,7000.0,0.0,43.96865827555081,optimal
2021-02-11 01:00:00,11,103,2.0,0.0,5.0,0.2501333333333333,11.025,6.0,-6,19.558947491067944,,0.0,0.0,7000.0,0.0,46.299689617275256,optimal
2021-02-11 01:30:00,11,103,2.0,0.0,5.0,0.5013333333333333,10.4265,6.0,-6,19.468523505798498,,6927.333333333333,0.0,72.66666666666667,0.0,48.62838992765797,optimal
2021-02-11 02:00:00,11,103,2.0,0.0,0.0,0.2254666666666666,12.789,6.0,-6,19.52962781641059,,7000.0,0.0,0.0,0.0,48.57976153773031,optimal
2021-02-11 02:30:00,11,103,2.0,0.0,0.0,0.3585333333333333,12.684,6.0,-6,19.586917745955432,,7000.0,0.0,0.0,0.0,48.53118177619257,optimal
2021-02-11 03:00:00,11,103,2.0,0.0,0.0,0.3250666666666666,16.254,6.0,-6,19.645740881175705,,7000.0,0.0,0.0,0.0,48.48265059441637,optimal
2021-02-11 03:30:00,11,103,2.0,0.0,0.0,0.3586333333333333,17.64,6.0,-6,19.701163769295928,,7000.0,0.0,0.0,0.0,48.434167943821954,optimal
2021-02-11 04:00:00,11,103,2.0,0.0,0.0,0.4165,19.1625,6.0,-6,19.75881100471075,,7000.0,0.0,0.0,0.0,48.38573377587813,optimal
2021-02-11 04:30:00,11,103,0.1793743836221773,0.0,0.0,0.3236,26.46,6.0,-6,19.82043652043649,,627.8103426776206,0.0,0.0,0.0,48.33734804210225,optimal
2021-02-11 05:00:00,11,103,2.0,0.0,0.0,0.4407,20.79,6.0,-6,19.74656678725924,,7000.0,0.0,0.0,0.0,48.28901069406015,optimal
2021-02-11 05:30:00,11,103,0.0,0.0,0.0,0.5740333333333333,29.106,6.0,-6,19.8094484260411,,0.0,0.0,0.0,0.0,48.24072168336608,optimal
2021-02-11 06:00:00,11,103,2.0,0.0,0.0,1.3123,19.1835,6.0,-6,19.73022915044152,,7000.0,0.0,0.0,0.0,48.19248096168271,optimal
2021-02-11 06:30:00,11,103,2.0,0.0,0.0,0.4245333333333334,19.6665,6.0,-6,19.7974552132504,,7000.0,0.0,0.0,0.0,48.144288480721016,optimal
2021-02-11 07:00:00,11,103,2.0,0.0,0.0,0.3256666666666666,19.404,6.0,-6,19.86486975919086,,7000.0,0.0,0.0,0.0,48.096144192240295,optimal
2021-02-11 07:30:00,11,103,2.0,0.0,0.0,1.3439,19.047,6.0,-6,19.92970457639608,,7000.0,0.0,0.0,0.0,48.048048048048045,optimal
2021-02-11 08:00:00,11,103,2.0,0.0,0.0,0.2451666666666666,18.858,6.0,-6,20.0,,6791.0,0.0,209.0,0.0,48.0,optimal
2021-02-11 08:30:00,11,103,0.5644912225924327,0.0,0.0,0.0941333333333333,19.2675,6.0,-6,20.05989419321537,,1975.7192790735144,0.0,0.0,0.0,47.75077539637671,optimal
2021-02-11 09:00:00,11,103,1.5925261295260422,0.0,0.0,0.1785999999999999,18.963,6.0,-6,20.0,,4755.946437514024,0.0,817.8950158271236,0.0,47.50180001735705,optimal
2021-02-11 09:30:00,11,103,2.0,0.0,0.0,0.07,18.438,6.0,-6,20.0,,6563.895015827124,0.0,436.1049841728764,0.0,47.2530736137164,optimal
2021-02-11 10:00:00,11,103,2.0,0.0,0.0,0.2457333333333333,18.7425,6.0,-6,20.04325750720505,,7000.0,0.0,0.0,0.0,47.0045959364794,optimal
2021-02-11 10:30:00,11,103,2.0,0.0,0.0,0.3388666666666666,15.2145,6.0,-6,20.107715213839565,,7000.0,0.0,0.0,0.0,46.75636673691963,optimal
2021-02-11 11:00:00,11,103,2.0,0.0,0.0,0.4256999999999999,17.7765,6.0,-6,20.17318192123722,,7000.0,0.0,0.0,0.0,46.50838576655942,optimal
2021-02-11 11:30:00,11,103,2.0,0.0,0.0,0.4424333333333333,16.758,6.0,-6,20.23745749618009,,7000.0,0.0,0.0,0.0,46.260652777169575,optimal
2021-02-11 12:00:00,11,103,2.0,0.0,0.0,0.3775333333333334,16.422,6.0,-6,20.30787664741325,,7000.0,0.0,0.0,0.0,46.01316752076912,optimal
2021-02-11 12:30:00,11,103,2.0,0.0,0.0,0.2930666666666666,16.758,6.0,-6,20.38011539732961,,7000.0,0.0,0.0,0.0,45.76592974962506,optimal
2021-02-11 13:00:00,11,103,0.0,0.0,0.0,0.3809333333333333,29.358,6.0,-6,20.456602884303987,,0.0,0.0,0.0,0.0,45.51893921625214,optimal
2021-02-11 13:30:00,11,103,0.0,0.0,0.0,0.2401333333333333,34.9965,6.0,-6,20.39018898933182,,0.0,0.0,0.0,0.0,45.27219567341261,optimal
2021-02-11 14:00:00,11,103,0.0,0.0,0.0,1.6184333333333334,34.65,6.0,-6,20.320534694012544,,0.0,0.0,0.0,0.0,45.0256988741159,optimal
2021-02-11 14:30:00,11,103,0.0,0.0,0.0,0.5251333333333333,34.9965,6.0,-6,20.26067304322088,,0.0,0.0,0.0,0.0,44.7794485716185,optimal
2021-02-11 15:00:00,11,103,0.0,0.0,0.0,0.5358999999999999,34.9965,6.0,-6,20.19337710641281,,0.0,0.0,0.0,0.0,44.5334445194236,optimal
2021-02-11 15:30:00,11,103,0.0,0.0,0.0,1.8061,30.4815,6.0,-6,20.124412003666368,,0.0,0.0,0.0,0.0,44.287686471280885,optimal
2021-02-11 16:00:00,11,103,0.0,0.0,0.0,0.5194,21.4305,6.0,-6,20.070816937936083,,0.0,0.0,0.0,0.0,44.04217418118632,optimal
2021-02-11 16:30:00,11,103,1.099855654248992,0.0,0.0,0.4264333333333333,14.3325,6.0,-6,20.0,,3710.161456538138,0.0,139.33333333333331,0.0,43.79690740338184,optimal
2021-02-11 17:00:00,11,103,2.0,0.0,0.0,0.5332,13.692,6.0,-6,20.0,,6373.0,0.0,627.0,0.0,43.55188589235517,optimal
2021-02-11 17:30:00,11,103,0.3450549213396977,0.0,0.0,0.4636,14.007,6.0,-6,20.055958469393765,,1207.692224688942,0.0,0.0,0.0,43.30710940283953,optimal
2021-02-11 18:00:00,11,103,1.2158063693895442,0.0,0.0,0.2802,12.873,6.0,-6,20.0,,4115.988959530072,0.0,139.33333333333331,0.0,43.0625776898134,optimal
2021-02-11 18:30:00,11,103,1.051002917402586,0.0,0.0,0.9205333333333332,12.684,6.0,-6,20.0,,3539.176877575717,0.0,139.33333333333331,0.0,42.8182905085003,optimal
2021-02-11 19:00:00,11,103,1.2860375606537011,0.0,0.0,0.8713,12.306,6.0,-6,20.0,,3943.798128954621,0.0,557.3333333333333,0.0,42.57424761436851,optimal
2021-02-11 19:30:00,11,103,2.0,0.0,0.0,0.0969333333333333,10.6365,6.0,-6,20.0,,4817.610287115106,0.0,2182.389712884894,0.0,42.33044876313085,optimal
2021-02-11 20:00:00,11,103,1.5915522092545191,0.0,0.0,0.2024,11.2455,6.0,-6,20.0,,4966.155778609044,0.0,604.2769537817722,0.0,42.086893710744434,optimal
2021-02-11 20:30:00,11,103,0.9952380952380953,0.0,0.0,0.1996333333333333,11.2455,6.0,-6,20.0,,0.0,0.0,3483.333333333333,0.0,41.8435822134104,optimal
2021-02-11 21:00:00,11,103,0.1791428571428571,0.0,0.0,0.3646,11.025,6.0,-6,19.89796086521457,,0.0,0.0,627.0,0.0,41.6005140275737,optimal
2021-02-11 21:30:00,11,103,0.0,0.0,0.0,0.4939333333333333,12.0855,6.0,-6,19.800775866845783,,0.0,0.0,0.0,0.0,41.55891351354613,optimal
2021-02-11 22:00:00,11,103,0.0,0.0,0.0,2.659933333333333,11.6865,6.0,-6,19.71231868674911,,0.0,0.0,0.0,0.0,41.51735460003258,optimal
2021-02-11 22:30:00,11,103,0.0,0.0,0.0,0.9798,11.2245,6.0,-6,19.623429500062024,,0.0,0.0,0.0,0.0,41.47583724543255,optimal
2021-02-11 23:00:00,11,103,0.0,0.0,0.0,0.4661333333333333,11.025,6.0,-6,19.52927107041232,,0.0,0.0,0.0,0.0,41.43436140818712,optimal
2021-02-11 23:30:00,11,103,0.0,0.0,0.0,0.2413666666666666,10.7835,6.0,-6,19.430233228939663,,0.0,0.0,0.0,0.0,41.39292704677893,optimal
2021-02-12 00:00:00,11,103,2.0,0.0,0.0,0.0931666666666666,12.1275,6.0,7,19.430233228939663,,7000.0,0.0,0.0,0.0,41.35153411973215,optimal
2021-02-12 00:30:00,11,103,0.650233384789463,0.0,0.0,0.1777,13.671,6.0,7,19.46506734206177,,0.0,0.0,2275.8168467631203,0.0,41.31018258561242,optimal
2021-02-12 01:00:00,11,103,2.0,0.0,0.0,0.9965333333333332,10.668,6.0,7,19.35496292903036,,0.0,0.0,7000.0,0.0,41.268872403026805,optimal
2021-02-12 01:30:00,11,103,2.0,0.0,0.0,0.2239333333333333,11.7285,6.0,7,19.24859164810746,,6522.483513429786,0.0,477.5164865702136,0.0,41.227603530623774,optimal
2021-02-12 02:00:00,11,103,2.0,0.0,0.0,0.1634666666666666,11.025,6.0,7,19.282642297771726,,7000.0,0.0,0.0,0.0,41.18637592709315,optimal
2021-02-12 02:30:00,11,103,2.0,0.0,4.719925089822509,0.3183999999999999,10.689,6.0,7,19.32633606011475,,7000.0,0.0,0.0,0.0,43.38715396883175,optimal
2021-02-12 03:00:00,11,103,2.0,0.0,5.0,0.2052333333333333,8.1585,6.0,7,19.374047037856823,,7000.0,0.0,0.0,0.0,45.71876681486292,optimal
2021-02-12 03:30:00,11,103,2.0,0.0,5.0,0.4215,10.3635,6.0,7,19.419327509940693,,7000.0,0.0,0.0,0.0,48.048048048048045,optimal
2021-02-12 04:00:00,11,103,2.0,0.0,0.0,0.5887333333333333,10.8045,6.0,7,19.471555360561617,,7000.0,0.0,0.0,0.0,48.0,optimal
2021-02-12 04:30:00,11,103,2.0,0.0,0.0,0.4281666666666667,11.025,6.0,7,19.532270133769725,,7000.0,0.0,0.0,0.0,47.86263339360477,optimal
2021-02-12 05:00:00,11,103,2.0,0.0,0.0,0.4386333333333333,10.3635,6.0,7,19.58960720798195,,7000.0,0.0,0.0,0.0,47.72540415381593,optimal
2021-02-12 05:30:00,11,103,2.0,0.0,0.0,0.3348,10.8045,6.0,7,19.64968371829092,,7000.0,0.0,0.0,0.0,47.58831214326688,optimal
2021-02-12 06:00:00,11,103,2.0,0.0,0.0,1.344,10.059,6.0,7,19.71130669169781,,7000.0,0.0,0.0,0.0,47.45135722472838,optimal
2021-02-12 06:30:00,11,103,2.0,0.0,0.0,1.3283333333333334,10.584,6.0,7,19.79237206322385,,7000.0,0.0,0.0,0.0,47.31453926110842,optimal
2021-02-12 07:00:00,11,103,2.0,0.0,0.0,0.343,9.4185,6.0,7,19.87221877121325,,7000.0,0.0,0.0,0.0,47.17785811545208,optimal
2021-02-12 07:30:00,11,103,2.0,0.0,0.0,0.3247333333333333,10.3635,6.0,7,19.939957354954025,,7000.0,0.0,0.0,0.0,47.0413136509414,optimal
2021-02-12 08:00:00,11,103,2.0,0.0,0.0,0.1417666666666666,9.8385,6.0,7,20.0,,7000.0,0.0,0.0,0.0,46.90490573089522,optimal
2021-02-12 08:30:00,11,103,2.0,0.0,0.0,0.1801666666666666,11.067,6.0,7,20.042320928874712,,7000.0,0.0,0.0,0.0,46.76863421876909,optimal
2021-02-12 09:00:00,11,103,2.0,0.0,0.0,0.0902,10.8465,6.0,7,20.084350860219025,,7000.0,0.0,0.0,0.0,46.63249897815509,optimal
2021-02-12 09:30:00,11,103,2.0,0.0,0.0,0.1610666666666666,13.671,6.0,7,20.123388945009868,,7000.0,0.0,0.0,0.0,46.496499872781705,optimal
2021-02-12 10:00:00,11,103,2.0,0.0,0.0,0.1224666666666666,12.348,6.0,7,20.1737224007879,,7000.0,0.0,0.0,0.0,46.36063676651369,optimal
2021-02-12 10:30:00,11,103,0.0,0.0,0.0,0.1095999999999999,14.3325,6.0,7,20.23299566821201,,0.0,0.0,0.0,0.0,46.22490952335195,optimal
2021-02-12 11:00:00,11,103,0.0,0.0,0.0,0.2059333333333333,15.393,6.0,7,20.14619100149711,,0.0,0.0,0.0,0.0,46.08931800743336,optimal
2021-02-12 11:30:00,11,103,2.0,0.0,0.0,0.0965999999999999,13.587,6.0,7,20.063622670905268,,7000.0,0.0,0.0,0.0,45.9538620830307,optimal
2021-02-12 12:00:00,11,103,0.0,0.0,0.0,0.0902,16.1385,6.0,7,20.126707104190857,,0.0,0.0,0.0,0.0,45.81854161455244,optimal
2021-02-12 12:30:00,11,103,0.5482238546742649,0.0,0.0,0.148,14.595,6.0,7,20.042244600951285,,1918.7834913599272,0.0,0.0,0.0,45.683356466542655,optimal
2021-02-12 13:00:00,11,103,1.108514448974414,0.0,0.0,0.1739333333333333,14.637,6.0,7,20.0,,3879.8005714104497,0.0,0.0,0.0,45.54830650368088,optimal
2021-02-12 13:30:00,11,103,1.1440815498611314,0.0,0.0,0.071,13.9125,6.0,7,20.0,,4004.28542451396,0.0,0.0,0.0,45.41339159078197,optimal
2021-02-12 14:00:00,11,103,1.4188115104721344,0.0,0.0,0.071,13.3665,6.0,7,20.0,,4965.84028665247,0.0,0.0,0.0,45.278611592795954,optimal
2021-02-12 14:30:00,11,103,2.0,0.0,0.0,0.2701333333333333,13.0095,6.0,7,20.01978745317235,,7000.0,0.0,0.0,0.0,45.14396637480792,optimal
2021-02-12 15:00:00,11,103,0.0,0.0,0.0,0.071,13.8915,6.0,7,20.086043198056725,,0.0,0.0,0.0,0.0,45.00945580203789,optimal
2021-02-12 15:30:00,11,103,1.171790665010293,0.0,0.0,0.071,13.188,6.0,7,20.0,,4101.267327536026,0.0,0.0,0.0,44.875079739840615,optimal
2021-02-12 16:00:00,11,103,1.164484201508064,0.0,0.0,0.1289,12.5685,6.0,7,20.0,,4075.694705278224,0.0,0.0,0.0,44.740838053705545,optimal
2021-02-12 16:30:00,11,103,1.1737759803586094,0.0,0.0,0.1610333333333333,12.285,6.0,7,20.0,,4108.215931255133,0.0,0.0,0.0,44.60673060925661,optimal
2021-02-12 17:00:00,11,103,2.0,0.0,0.0,0.1222,11.487,6.0,7,20.0,,4211.703913978688,0.0,2788.2960860213125,0.0,44.47275727225212,optimal
2021-02-12 17:30:00,11,103,1.000196790594911,0.0,0.0,0.3554333333333333,11.802,6.0,7,20.0,,3500.6887670821884,0.0,0.0,0.0,44.33891790858464,optimal
2021-02-12 18:00:00,11,103,2.0,0.0,0.0,1.339233333333333,11.2245,6.0,7,20.0,,6513.962752687979,0.0,486.03724731202055,0.0,44.20521238428082,optimal
2021-02-12 18:30:00,11,103,2.0,0.0,0.0,1.1271,11.025,6.0,7,20.083885224504368,,7000.0,0.0,0.0,0.0,44.071640565501305,optimal
2021-02-12 19:00:00,11,103,0.3429128423411317,0.0,0.0,0.4287333333333333,11.907,6.0,7,20.17517548316078,,1200.194948193961,0.0,0.0,0.0,43.938202318540576,optimal
2021-02-12 19:30:00,11,103,0.0,0.0,0.0,0.482,25.83,6.0,7,20.13685848092752,,0.0,0.0,0.0,0.0,43.8048975098268,optimal
2021-02-12 20:00:00,11,103,0.0,0.0,0.0,0.5335,28.035,6.0,7,20.07036434505221,,0.0,0.0,0.0,0.0,43.67172600592174,optimal
2021-02-12 20:30:00,11,103,0.0,0.0,0.0,0.3486666666666667,28.119,6.0,7,20.0,,0.0,0.0,0.0,0.0,43.53868767352059,optimal
2021-02-12 21:00:00,11,103,0.0,0.0,0.0,0.4008,30.156,6.0,7,19.927175647583063,,0.0,0.0,0.0,0.0,43.495148985847074,optimal
2021-02-12 21:30:00,11,103,0.0,0.0,0.0,0.4856666666666667,29.1585,6.0,7,19.85839439384293,,0.0,0.0,0.0,0.0,43.451653836861226,optimal
2021-02-12 22:00:00,11,103,0.0,0.0,0.0,0.2292666666666666,26.712,6.0,7,19.791053672108188,,0.0,0.0,0.0,0.0,43.408202183024365,optimal
2021-02-12 22:30:00,11,103,0.0,0.0,0.0,0.2996,15.435,6.0,7,19.717314090396183,,0.0,0.0,0.0,0.0,43.36479398084134,optimal
2021-02-12 23:00:00,11,103,0.0,0.0,0.0,0.3307,13.566,6.0,7,19.645384675363708,,0.0,0.0,0.0,0.0,43.3214291868605,optimal
2021-02-12 23:30:00,11,103,0.0,0.0,0.0,0.07,12.789,6.0,7,19.569309071292032,,0.0,0.0,0.0,0.0,43.27810775767364,optimal
2021-02-13 00:00:00,11,103,2.0,0.0,5.0,0.1067999999999999,7.056,6.0,1,19.569309071292032,,7000.0,0.0,0.0,0.0,45.609829649915966,optimal
2021-02-13 00:30:00,11,103,2.0,0.0,0.0,0.1289333333333333,9.3975,6.0,1,19.6337434401842,,0.0,0.0,7000.0,0.0,45.56421982026605,optimal
2021-02-13 01:00:00,11,103,2.0,0.0,0.0,0.0736,10.059,6.0,1,19.551225385950165,,1320.666666666667,0.0,5679.333333333333,0.0,45.51865560044578,optimal
2021-02-13 01:30:00,11,103,2.0,0.0,0.0,0.1621333333333333,9.261,6.0,1,19.495944306775087,,7000.0,0.0,0.0,0.0,45.473136944845336,optimal
2021-02-13 02:00:00,11,103,2.0,0.0,0.0,0.057,8.1585,6.0,1,19.56255679998484,,7000.0,0.0,0.0,0.0,45.427663807900494,optimal
2021-02-13 02:30:00,11,103,2.0,0.0,0.0,0.1012666666666666,9.4815,6.0,1,19.626880828041344,,7000.0,0.0,0.0,0.0,45.3822361440926,optimal
2021-02-13 03:00:00,11,103,2.0,0.0,0.0,0.1344666666666666,8.379,6.0,1,19.69184486977179,,7000.0,0.0,0.0,0.0,45.3368539079485,optimal
2021-02-13 03:30:00,11,103,2.0,0.0,0.0,0.0625333333333333,9.5235,6.0,1,19.75721306379072,,7000.0,0.0,0.0,0.0,45.29151705404056,optimal
2021-02-13 04:00:00,11,103,2.0,0.0,0.0,0.2758666666666666,8.1375,6.0,1,19.820543642906337,,7000.0,0.0,0.0,0.0,45.24622553698652,optimal
2021-02-13 04:30:00,11,103,2.0,0.0,0.0,0.057,10.0905,6.0,1,19.887850830798893,,7000.0,0.0,0.0,0.0,45.20097931144953,optimal
2021-02-13 05:00:00,11,103,2.0,0.0,5.0,0.057,7.539,6.0,1,19.94979176646048,,7000.0,0.0,0.0,0.0,47.53077833213808,optimal
2021-02-13 05:30:00,11,103,2.0,0.0,1.2903087124933834,0.2113333333333333,7.938,6.0,1,20.01099802746452,,7000.0,0.0,0.0,0.0,48.096144192240295,optimal
2021-02-13 06:00:00,11,103,2.0,0.0,0.0,0.3417333333333333,8.274,6.0,1,20.07739512819393,,7000.0,0.0,0.0,0.0,48.048048048048045,optimal
2021-02-13 06:30:00,11,103,2.0,0.0,0.0,1.4490333333333334,9.261,6.0,1,20.147728631942787,,7000.0,0.0,0.0,0.0,48.0,optimal
2021-02-13 07:00:00,11,103,2.0,0.0,0.0,3.5987666666666667,9.9225,6.0,1,20.22337370723188,,7000.0,0.0,0.0,0.0,47.27311726324909,optimal
2021-02-13 07:30:00,11,103,2.0,0.0,0.0,0.0944,9.702,6.0,1,20.311608713783084,,7000.0,0.0,0.0,0.0,46.54696140923493,optimal
2021-02-13 08:00:00,11,103,2.0,0.0,0.0,2.1035666666666666,10.584,6.0,1,20.380967782923538,,7000.0,0.0,0.0,0.0,45.82153171107479,optimal
2021-02-13 08:30:00,11,103,2.0,0.0,0.0,0.1441333333333333,10.143,6.0,1,20.46950495891883,,7000.0,0.0,0.0,0.0,45.096827442612806,optimal
2021-02-13 09:00:00,11,103,0.0,0.0,0.0,0.2831333333333333,13.0095,6.0,1,20.520103854712858,,0.0,0.0,0.0,0.0,44.372847878419286,optimal
2021-02-13 09:30:00,11,103,2.0,0.0,0.0,0.2546666666666666,11.025,6.0,1,20.42607447081421,,7000.0,0.0,0.0,0.0,43.64959229378996,optimal
2021-02-13 10:00:00,11,103,0.7327331310108833,0.0,0.0,0.1853,12.789,6.0,1,20.48016074297836,,2564.565958538092,0.0,0.0,0.0,42.92705996474526,optimal
2021-02-13 10:30:00,11,103,2.0,0.0,0.0,0.0875333333333333,12.1275,6.0,1,20.43992564810827,,7000.0,0.0,0.0,0.0,42.20525016802961,optimal
2021-02-13 11:00:00,11,103,2.0,0.0,0.0,0.2376666666666666,12.1695,6.0,1,20.49340179901725,,7000.0,0.0,0.0,0.0,41.48416218111067,optimal
2021-02-13 11:30:00,11,103,2.0,0.0,0.0,0.1104666666666666,12.306,6.0,1,20.550022549900103,,7000.0,0.0,0.0,0.0,40.76379528217865,optimal
2021-02-13 12:00:00,11,103,0.0,0.0,0.0,0.1594,13.23,6.0,1,20.603935652662944,,0.0,0.0,0.0,0.0,40.04414875014556,optimal
2021-02-13 12:30:00,11,103,0.0,0.0,0.0,0.1887333333333332,13.671,6.0,1,20.511508215803016,,0.0,0.0,0.0,0.0,39.3252218646445,optimal
2021-02-13 13:00:00,11,103,0.0,0.0,0.0,0.071,13.9335,6.0,1,20.42057123981536,,0.0,0.0,0.0,0.0,38.60701390602895,optimal
2021-02-13 13:30:00,11,103,0.0,0.0,0.0,0.2658,13.293,6.0,1,20.329053620047297,,0.0,0.0,0.0,0.0,37.889524155372015,optimal
2021-02-13 14:00:00,11,103,2.0,0.0,0.0,0.2326666666666666,12.1065,6.0,1,20.24473681763995,,7000.0,0.0,0.0,0.0,37.17275189446573,optimal
2021-02-13 14:30:00,11,103,2.0,0.0,0.0,0.1774,11.571,6.0,1,20.30897112207364,,7000.0,0.0,0.0,0.0,36.45669640582036,optimal
2021-02-13 15:00:00,11,103,2.0,0.0,0.0,0.1286,11.025,6.0,1,20.37089917296748,,7000.0,0.0,0.0,0.0,35.74135697266363,optimal
2021-02-13 15:30:00,11,103,2.0,0.0,0.0,0.1887333333333332,10.8465,6.0,1,20.42895545776486,,7000.0,0.0,0.0,0.0,35.02673287894006,optimal
2021-02-13 16:00:00,11,103,2.0,0.0,0.0,0.1696666666666666,11.2455,6.0,1,20.487560522523065,,7000.0,0.0,0.0,0.0,34.31282340931021,optimal
2021-02-13 16:30:00,11,103,0.0,0.0,0.0,0.1610666666666666,23.8665,6.0,1,20.54504468370172,,0.0,0.0,0.0,0.0,33.59962784915,optimal
2021-02-13 17:00:00,11,103,0.0,0.0,0.0,0.0946666666666666,27.4575,6.0,1,20.454734169301933,,0.0,0.0,0.0,0.0,32.88714548454994,optimal
2021-02-13 17:30:00,11,103,0.0,0.0,0.0,0.1696666666666666,27.3735,6.0,1,20.363435616548305,,0.0,0.0,0.0,0.0,32.17537560231448,optimal
2021-02-13 18:00:00,11,103,0.0,0.0,0.0,0.1611333333333333,30.4605,6.0,1,20.27367636867432,,0.0,0.0,0.0,0.0,31.46431748996126,optimal
2021-02-13 18:30:00,11,103,0.0,0.0,0.0,0.2436666666666666,30.0195,6.0,1,20.201534760039507,,0.0,0.0,0.0,0.0,30.75397043572039,optimal
2021-02-13 19:00:00,11,103,0.0,0.0,0.0,0.3322,26.9325,6.0,1,20.131402872848085,,0.0,0.0,0.0,0.0,30.04433372853376,optimal
2021-02-13 19:30:00,11,103,0.0,0.0,0.0,0.1286,14.595,6.0,1,20.06870961164877,,0.0,0.0,0.0,0.0,29.33540665805432,optimal
2021-02-13 20:00:00,11,103,0.8679699674851558,0.0,0.0,0.338,12.4845,6.0,1,20.0,,3037.894886198045,0.0,0.0,0.0,29.30607125139627,optimal
2021-02-13 20:30:00,11,103,0.0,0.0,0.0,0.3113999999999999,12.1275,6.0,1,20.0,,0.0,0.0,0.0,0.0,29.27676518014487,optimal
2021-02-13 21:00:00,11,103,0.0,0.0,0.0,0.26,12.1275,6.0,1,19.93267739507179,,0.0,0.0,0.0,0.0,29.247488414964725,optimal
2021-02-13 21:30:00,11,103,0.0,0.0,0.0,0.2874,12.789,6.0,1,19.86320994397844,,0.0,0.0,0.0,0.0,29.21824092654976,optimal
2021-02-13 22:00:00,11,103,0.0,0.0,0.0,0.3079333333333333,11.907,6.0,1,19.795228557614188,,0.0,0.0,0.0,0.0,29.18902268562321,optimal
2021-02-13 22:30:00,11,103,0.0,0.0,0.0,0.2727,11.025,6.0,1,19.725712075776425,,0.0,0.0,0.0,0.0,29.159833662937583,optimal
2021-02-13 23:00:00,11,103,0.0,0.0,0.0,0.2047666666666666,8.2005,6.0,1,19.65516814356389,,0.0,0.0,0.0,0.0,29.13067382927465,optimal
2021-02-13 23:30:00,11,103,0.0,0.0,0.0,0.1132,9.5655,6.0,1,19.58537947997268,,0.0,0.0,0.0,0.0,29.101543155445373,optimal
2021-02-07 00:00:00,12,103,2.0,0.0,0.0,0.2184666666666666,3.906,6.0,-6,21.0,,7000.0,0.0,0.0,0.0,47.952,optimal
2021-02-07 00:30:00,12,103,2.0,0.0,0.0,0.2803333333333333,2.3415,6.0,-6,21.076192379701062,,6721.333333333333,0.0,278.6666666666667,0.0,47.904048,optimal
2021-02-07 01:00:00,12,103,2.0,0.0,0.0,0.066,2.205,6.0,-6,21.14510260653848,,7000.0,0.0,0.0,0.0,47.856143952,optimal
2021-02-07 01:30:00,12,103,2.0,0.0,1.4197111291965985,0.3389333333333333,0.882,6.0,-6,21.213807885463183,,7000.0,0.0,0.0,0.0,48.48265059441637,optimal
2021-02-07 02:00:00,12,103,2.0,0.0,0.0,0.066,1.5435,6.0,-6,21.28823011571134,,7000.0,0.0,0.0,0.0,48.434167943821954,optimal
2021-02-07 02:30:00,12,103,2.0,0.0,0.0,0.206,1.5435,6.0,-6,21.3558324022468,,7000.0,0.0,0.0,0.0,48.38573377587813,optimal
2021-02-07 03:00:00,12,103,2.0,0.0,0.0,0.1502666666666667,5.0715,6.0,-6,21.425621387464883,,7000.0,0.0,0.0,0.0,48.33734804210225,optimal
2021-02-07 03:30:00,12,103,2.0,0.0,0.0,0.0998666666666666,5.376,6.0,-6,21.49346688451873,,7000.0,0.0,0.0,0.0,48.28901069406015,optimal
2021-02-07 04:00:00,12,103,2.0,0.0,0.0,0.2663999999999999,5.0715,6.0,-6,21.55952034290647,,7000.0,0.0,0.0,0.0,48.24072168336608,optimal
2021-02-07 04:30:00,12,103,2.0,0.0,0.0,0.066,5.5125,6.0,-6,21.628735335013783,,7000.0,0.0,0.0,0.0,48.19248096168271,optimal
2021-02-07 05:00:00,12,103,2.0,0.0,0.0,0.2009333333333333,9.261,6.0,-6,21.693431852537056,,7000.0,0.0,0.0,0.0,48.144288480721016,optimal
2021-02-07 05:30:00,12,103,0.0,0.0,0.0,0.066,11.7075,6.0,-6,21.760675264175763,,0.0,0.0,0.0,0.0,48.096144192240295,optimal
2021-02-07 06:00:00,12,103,0.0,0.0,0.0,0.2082666666666666,12.348,6.0,-6,21.677420357425728,,0.0,0.0,0.0,0.0,48.048048048048045,optimal
2021-02-07 06:30:00,12,103,0.0,0.0,0.0,0.288,12.348,6.0,-6,21.59753792313024,,0.0,0.0,0.0,0.0,48.0,optimal
2021-02-07 07:00:00,12,103,0.0,0.0,0.0,1.3827,12.1275,6.0,-6,21.5228242084677,,0.0,0.0,0.0,0.0,47.87081417837098,optimal
2021-02-07 07:30:00,12,103,0.0,0.0,0.0,4.4147,12.5265,6.0,-6,21.4572018740446,,0.0,0.0,0.0,0.0,47.74175754256358,optimal
2021-02-07 08:00:00,12,103,0.0,0.0,0.0,1.6243666666666663,11.7495,6.0,-6,21.419385346014906,,0.0,0.0,0.0,0.0,47.612829963392,optimal
2021-02-07 08:30:00,12,103,0.0,0.0,0.0,0.4188,13.23,6.0,-6,21.36901483380884,,0.0,0.0,0.0,0.0,47.48403131179959,optimal
2021-02-07 09:00:00,12,103,0.0,0.0,0.0,1.3295333333333332,14.3325,6.0,-6,21.29604853005177,,0.0,0.0,0.0,0.0,47.35536145885877,optimal
2021-02-07 09:30:00,12,103,0.0,0.0,0.0,0.6647000000000001,14.994,6.0,-6,21.22324339422024,,0.0,0.0,0.0,0.0,47.2268202757709,optimal
2021-02-07 10:00:00,12,103,0.0,0.0,0.0,1.4929,14.8155,6.0,-6,21.145367770312493,,0.0,0.0,0.0,0.0,47.09840763386611,optimal
2021-02-07 10:30:00,12,103,0.0,0.0,0.0,0.3958666666666667,14.112,6.0,-6,21.08306522080718,,0.0,0.0,0.0,0.0,46.97012340460322,optimal
2021-02-07 11:00:00,12,103,0.0,0.0,0.0,0.2397,14.007,6.0,-6,21.00043476176064,,0.0,0.0,0.0,0.0,46.8419674595696,optimal
2021-02-07 11:30:00,12,103,0.0,0.0,0.0,0.2692666666666666,13.23,6.0,-6,20.913291305453885,,0.0,0.0,0.0,0.0,46.71393967048101,optimal
2021-02-07 12:00:00,12,103,0.0,0.0,0.0,0.2965,11.382,6.0,-6,20.83095381314684,,0.0,0.0,0.0,0.0,46.5860399091815,optimal
2021-02-07 12:30:00,12,103,0.0,0.0,0.0,1.2038,11.7495,6.0,-6,20.750843840246223,,0.0,0.0,0.0,0.0,46.4582680476433,optimal
2021-02-07 13:00:00,12,103,0.0,0.0,0.0,1.5258666666666665,24.3285,6.0,-6,20.679614295881525,,0.0,0.0,0.0,0.0,46.33062395796664,optimal
2021-02-07 13:30:00,12,103,0.0,0.0,0.0,0.3877,28.917,6.0,-6,20.62978595070312,,0.0,0.0,0.0,0.0,46.20310751237965,optimal
2021-02-07 14:00:00,12,103,0.0,0.0,0.0,0.7669333333333332,31.3635,6.0,-6,20.55718389609254,,0.0,0.0,0.0,0.0,46.07571858323825,optimal
2021-02-07 14:30:00,12,103,0.0,0.0,0.0,0.6886,33.306,6.0,-6,20.49042366545324,,0.0,0.0,0.0,0.0,45.94845704302599,optimal
2021-02-07 15:00:00,12,103,0.0,0.0,0.0,0.4690333333333333,31.3425,6.0,-6,20.42465554623564,,0.0,0.0,0.0,0.0,45.82132276435394,optimal
2021-02-07 15:30:00,12,103,0.0,0.0,0.0,0.1996666666666666,28.2555,6.0,-6,20.356860619799743,,0.0,0.0,0.0,0.0,45.69431561996057,optimal
2021-02-07 16:00:00,12,103,0.0,0.0,0.0,0.2330666666666666,15.6975,6.0,-6,20.28389957716228,,0.0,0.0,0.0,0.0,45.56743548271159,optimal
2021-02-07 16:30:00,12,103,0.0,0.0,0.0,0.3509333333333333,12.5475,6.0,-6,20.211172829692625,,0.0,0.0,0.0,0.0,45.44068222559986,optimal
2021-02-07 17:00:00,12,103,0.0,0.0,0.0,0.232,12.0855,6.0,-6,20.142340045865467,,0.0,0.0,0.0,0.0,45.314055721745234,optimal
2021-02-07 17:30:00,12,103,1.8239668513311305,0.0,0.0,0.3070666666666666,11.907,6.0,-6,20.069823655213828,,6383.883979658956,0.0,0.0,0.0,45.18755584439447,optimal
2021-02-07 18:00:00,12,103,0.0,0.0,0.0,0.153,12.5685,6.0,-6,20.13805303931437,,0.0,0.0,0.0,0.0,45.06118246692105,optimal
2021-02-07 18:30:00,12,103,0.0,0.0,0.0,1.2209333333333334,13.146,6.0,-6,20.06704582826965,,0.0,0.0,0.0,0.0,44.93493546282511,optimal
2021-02-07 19:00:00,12,103,0.8741985098828028,0.0,0.0,0.3777333333333333,10.584,6.0,-6,20.0,,3059.69478458981,0.0,0.0,0.0,44.80881470573326,optimal
2021-02-07 19:30:00,12,103,1.848662010225893,0.0,0.0,0.3392,6.678,6.0,-6,20.0,,6470.317035790626,0.0,0.0,0.0,44.68282006939851,optimal
2021-02-07 20:00:00,12,103,0.0,0.0,0.0,0.3840666666666666,7.938,6.0,-6,20.06740808428418,,0.0,0.0,0.0,0.0,44.55695142770009,optimal
2021-02-07 20:30:00,12,103,1.7118095238095237,0.0,0.0,0.1189333333333333,5.292,6.0,-6,20.0,,0.0,0.0,5991.333333333333,0.0,44.43120865464337,optimal
2021-02-07 21:00:00,12,103,0.0,0.0,0.0,0.5063333333333333,9.261,6.0,-6,19.91851710672564,,0.0,0.0,0.0,0.0,44.30559162435971,optimal
2021-02-07 21:30:00,12,103,0.0,0.0,0.0,1.5598333333333332,10.3635,6.0,-6,19.848968727046383,,0.0,0.0,0.0,0.0,44.26128603273535,optimal
2021-02-07 22:00:00,12,103,0.0,0.0,0.0,0.5208333333333334,8.274,6.0,-6,19.792453119342973,,0.0,0.0,0.0,0.0,44.21702474670261,optimal
2021-02-07 22:30:00,12,103,0.0,0.0,0.0,1.429,7.7175,6.0,-6,19.731745813518817,,0.0,0.0,0.0,0.0,44.17280772195591,optimal
2021-02-07 23:00:00,12,103,0.0,0.0,0.0,0.2423,6.615,6.0,-6,19.668855931532995,,0.0,0.0,0.0,0.0,44.12863491423396,optimal
2021-02-07 23:30:00,12,103,0.0,0.0,0.0,0.4805333333333333,6.174,6.0,-6,19.599075276970886,,0.0,0.0,0.0,0.0,44.08450627931972,optimal
2021-02-08 00:00:00,12,103,2.0,0.0,0.0,0.8362,8.6835,6.0,-2,19.599075276970886,,6791.0,0.0,209.0,0.0,44.0404217730404,optimal
2021-02-08 00:30:00,12,103,2.0,0.0,0.0,1.0853666666666666,7.665,6.0,-2,19.6727438763814,,0.0,0.0,7000.0,0.0,43.99638135126736,optimal
2021-02-08 01:00:00,12,103,2.0,0.0,0.0,0.1904333333333333,6.7725,6.0,-2,19.603440140063167,,5291.666666666667,0.0,1708.3333333333333,0.0,43.95238496991609,optimal
2021-02-08 01:30:00,12,103,2.0,0.0,0.0,0.1170666666666666,5.5755,6.0,-2,19.64171035908538,,7000.0,0.0,0.0,0.0,43.908432584946176,optimal
2021-02-08 02:00:00,12,103,2.0,0.0,4.6152977138596825,0.062,5.0925,6.0,-2,19.713996839211283,,7000.0,0.0,0.0,0.0,46.056790566444576,optimal
2021-02-08 02:30:00,12,103,2.0,0.0,5.0,0.2240333333333333,4.1895,6.0,-2,19.784569368576,,7000.0,0.0,0.0,0.0,48.38573377587813,optimal
2021-02-08 03:00:00,12,103,2.0,0.0,0.0,0.0888333333333333,7.056,6.0,-2,19.85845943464596,,7000.0,0.0,0.0,0.0,48.33734804210225,optimal
2021-02-08 03:30:00,12,103,2.0,0.0,0.0,0.1703666666666666,5.271,6.0,-2,19.929395103928243,,7000.0,0.0,0.0,0.0,48.28901069406015,optimal
2021-02-08 04:00:00,12,103,2.0,0.0,0.0,0.1503666666666666,7.938,6.0,-2,20.001498436356425,,7000.0,0.0,0.0,0.0,48.24072168336608,optimal
2021-02-08 04:30:00,12,103,2.0,0.0,0.0,0.1249333333333333,7.938,6.0,-2,20.07262681654028,,7000.0,0.0,0.0,0.0,48.19248096168271,optimal
2021-02-08 05:00:00,12,103,2.0,0.0,0.0,0.1210333333333333,11.907,6.0,-2,20.14244345950642,,7000.0,0.0,0.0,0.0,48.144288480721016,optimal
2021-02-08 05:30:00,12,103,2.0,0.0,0.0,0.1210333333333333,11.025,6.0,-2,20.211407601638683,,7000.0,0.0,0.0,0.0,48.096144192240295,optimal
2021-02-08 06:00:00,12,103,2.0,0.0,0.0,0.1328,11.2875,6.0,-2,20.27983204119343,,7000.0,0.0,0.0,0.0,48.048048048048045,optimal
2021-02-08 06:30:00,12,103,2.0,0.0,0.0,2.4893,12.936,6.0,-2,20.34796691976195,,7000.0,0.0,0.0,0.0,48.0,optimal
2021-02-08 07:00:00,12,103,2.0,0.0,0.0,0.4224333333333332,13.0095,6.0,-2,20.429990439306035,,7000.0,0.0,0.0,0.0,47.660413368304,optimal
2021-02-08 07:30:00,12,103,0.0,0.0,0.0,1.6602666666666668,13.671,6.0,-2,20.50516009184322,,0.0,0.0,0.0,0.0,47.321166323239694,optimal
2021-02-08 08:00:00,12,103,0.5759377362963344,0.0,0.0,1.1941,13.188,6.0,-2,20.45999764191528,,2015.7820770371704,0.0,0.0,0.0,46.98225852522046,optimal
2021-02-08 08:30:00,12,103,0.0,0.0,0.0,2.007933333333333,13.8495,6.0,-2,20.440691480708782,,0.0,0.0,0.0,0.0,46.64368963499924,optimal
2021-02-08 09:00:00,12,103,2.0,0.0,0.0,0.2344666666666666,13.23,6.0,-2,20.373611780505723,,7000.0,0.0,0.0,0.0,46.30545931366824,optimal
2021-02-08 09:30:00,12,103,2.0,0.0,0.0,0.0854,13.3665,6.0,-2,20.440797374912272,,7000.0,0.0,0.0,0.0,45.96756722265857,optimal
2021-02-08 10:00:00,12,103,2.0,0.0,0.0,0.1832333333333333,13.0515,6.0,-2,20.50019672722036,,7000.0,0.0,0.0,0.0,45.63001302373991,optimal
2021-02-08 10:30:00,12,103,0.0,0.0,0.0,0.1496333333333333,13.5345,6.0,-2,20.56201742153882,,0.0,0.0,0.0,0.0,45.292796379020174,optimal
2021-02-08 11:00:00,12,103,0.0,0.0,0.0,0.1113333333333333,14.154,6.0,-2,20.474817004188186,,0.0,0.0,0.0,0.0,44.95591695094515,optimal
2021-02-08 11:30:00,12,103,0.0,0.0,0.0,0.2215333333333333,14.112,6.0,-2,20.386525456391382,,0.0,0.0,0.0,0.0,44.619374402298206,optimal
2021-02-08 12:00:00,12,103,0.0,0.0,0.0,0.072,14.2485,6.0,-2,20.30140788256159,,0.0,0.0,0.0,0.0,44.28316839619991,optimal
2021-02-08 12:30:00,12,103,2.0,0.0,0.0,0.1632333333333333,12.789,6.0,-2,20.21398239140834,,7000.0,0.0,0.0,0.0,43.947298596107714,optimal
2021-02-08 13:00:00,12,103,2.0,0.0,0.0,0.1696333333333333,13.0095,6.0,-2,20.277134212075723,,7000.0,0.0,0.0,0.0,43.611764665815606,optimal
2021-02-08 13:30:00,12,103,2.0,0.0,0.0,0.072,12.1275,6.0,-2,20.341041591923883,,7000.0,0.0,0.0,0.0,43.27656626945379,optimal
2021-02-08 14:00:00,12,103,2.0,0.0,0.0,0.1034666666666666,12.348,6.0,-2,20.403057491058657,,7000.0,0.0,0.0,0.0,42.941703071488334,optimal
2021-02-08 14:30:00,12,103,2.0,0.0,0.0,0.1703666666666666,12.348,6.0,-2,20.465908098218403,,7000.0,0.0,0.0,0.0,42.60717473672084,optimal
2021-02-08 15:00:00,12,103,0.0,0.0,0.0,0.1310333333333333,25.389,6.0,-2,20.529201341971973,,0.0,0.0,0.0,0.0,42.27298093028812,optimal
2021-02-08 15:30:00,12,103,0.0,0.0,0.0,0.1428,29.1375,6.0,-2,20.443346103234624,,0.0,0.0,0.0,0.0,41.93912131766184,optimal
2021-02-08 16:00:00,12,103,0.0,0.0,0.0,0.1679333333333333,30.597,6.0,-2,20.358354889754136,,0.0,0.0,0.0,0.0,41.605595564648176,optimal
2021-02-08 16:30:00,12,103,0.0,0.0,0.0,0.1504666666666666,33.684,6.0,-2,20.275578724724465,,0.0,0.0,0.0,0.0,41.27240333738753,optimal
2021-02-08 17:00:00,12,103,0.0,0.0,0.0,0.2871666666666667,32.445,6.0,-2,20.20182011041741,,0.0,0.0,0.0,0.0,40.93954430235414,optimal
2021-02-08 17:30:00,12,103,0.0,0.0,0.0,2.354966666666667,28.917,6.0,-2,20.1300209117689,,0.0,0.0,0.0,0.0,40.60701812635579,optimal
2021-02-08 18:00:00,12,103,0.0,0.0,0.0,0.5438999999999999,15.876,6.0,-2,20.06580177086572,,0.0,0.0,0.0,0.0,40.27482447653343,optimal
2021-02-08 18:30:00,12,103,0.8794639796035153,0.0,0.0,1.8619,12.348,6.0,-2,20.0,,2799.457261945637,0.0,278.66666666666663,0.0,39.9429630203609,optimal
2021-02-08 19:00:00,12,103,1.8714261625098567,0.0,0.0,1.1144,12.1275,6.0,-2,20.0,,5435.324902117834,0.0,1114.6666666666667,0.0,39.90302005734054,optimal
2021-02-08 19:30:00,12,103,0.0,0.0,0.0,0.4956333333333333,12.348,6.0,-2,20.057820910735355,,0.0,0.0,0.0,0.0,39.8631170372832,optimal
2021-02-08 20:00:00,12,103,0.7943569699154404,0.0,0.0,0.4246333333333333,12.1275,6.0,-2,20.0,,2780.249394704041,0.0,0.0,0.0,39.82325392024592,optimal
2021-02-08 20:30:00,12,103,0.0,0.0,0.0,0.4089666666666666,12.1275,6.0,-2,20.0,,0.0,0.0,0.0,0.0,39.78343066632567,optimal
2021-02-08 21:00:00,12,103,0.1393333333333333,0.0,0.0,0.6157999999999999,11.2665,6.0,-2,19.935794833570693,,0.0,0.0,487.6666666666667,0.0,39.74364723565935,optimal
2021-02-08 21:30:00,12,103,0.5374285714285715,0.0,0.0,1.5179333333333334,10.143,6.0,-2,19.87346285177074,,0.0,0.0,1881.0,0.0,39.703903588423685,optimal
2021-02-08 22:00:00,12,103,0.0,0.0,0.0,2.301066666666667,11.2455,6.0,-2,19.81655550608377,,0.0,0.0,0.0,0.0,39.66419968483526,optimal
2021-02-08 22:30:00,12,103,0.0,0.0,0.0,1.182,11.025,6.0,-2,19.759910974966584,,0.0,0.0,0.0,0.0,39.624535485150425,optimal
2021-02-08 23:00:00,12,103,0.0,0.0,0.0,0.072,5.9745,6.0,-2,19.688731179303865,,0.0,0.0,0.0,0.0,39.58491094966527,optimal
2021-02-08 23:30:00,12,103,0.0,0.0,0.0,0.2267333333333333,7.938,6.0,-2,19.608889798326874,,0.0,0.0,0.0,0.0,39.54532603871561,optimal
2021-02-09 00:00:00,12,103,0.0,0.0,0.0,0.064,14.553,6.0,8,19.608889798326874,,0.0,0.0,0.0,0.0,39.505780712676895,optimal
2021-02-09 00:30:00,12,103,0.0,0.0,0.0,0.064,14.3325,6.0,8,19.52899906490529,,0.0,0.0,0.0,0.0,39.466274931964215,optimal
2021-02-09 01:00:00,12,103,0.0,0.0,0.0,0.1916,13.335,6.0,8,19.44969760454,,0.0,0.0,0.0,0.0,39.426808657032254,optimal
2021-02-09 01:30:00,12,103,2.0,0.0,0.0,0.064,12.1275,6.0,8,19.37366877592253,,0.0,0.0,7000.0,0.0,39.38738184837522,optimal
2021-02-09 02:00:00,12,103,2.0,0.0,0.0,0.064,12.2955,6.0,8,19.294845165667667,,1042.0,0.0,5958.0,0.0,39.34799446652684,optimal
2021-02-09 02:30:00,12,103,2.0,0.0,0.0,0.1916,11.6865,6.0,8,19.23786000978708,,7000.0,0.0,0.0,0.0,39.30864647206032,optimal
2021-02-09 03:00:00,12,103,2.0,0.0,3.958734911151456,0.064,11.466,6.0,8,19.30946457338812,,7000.0,0.0,0.0,0.0,41.1497369083852,optimal
2021-02-09 03:30:00,12,103,2.0,0.0,5.0,0.0756,10.8045,6.0,8,19.378285091900565,,7000.0,0.0,0.0,0.0,43.48358717147681,optimal
2021-02-09 04:00:00,12,103,2.0,0.0,5.0,0.18,10.584,6.0,8,19.447491246561004,,7000.0,0.0,0.0,0.0,45.81510358430533,optimal
2021-02-09 04:30:00,12,103,2.0,0.0,5.0,0.064,11.2455,6.0,8,19.519034765705268,,7000.0,0.0,0.0,0.0,48.144288480721016,optimal
2021-02-09 05:00:00,12,103,2.0,0.0,0.0,0.0857333333333333,12.1275,6.0,8,19.58735819901076,,7000.0,0.0,0.0,0.0,48.096144192240295,optimal
2021-02-09 05:30:00,12,103,2.0,0.0,0.0,0.1841999999999999,11.823,6.0,8,19.6552842793873,,7000.0,0.0,0.0,0.0,48.048048048048045,optimal
2021-02-09 06:00:00,12,103,2.0,0.0,0.0,0.0736666666666666,11.7705,6.0,8,19.724855678527987,,7000.0,0.0,0.0,0.0,48.0,optimal
2021-02-09 06:30:00,12,103,2.0,0.0,0.0,0.0846,11.13,6.0,8,19.79286527015645,,7000.0,0.0,0.0,0.0,47.53798096206549,optimal
2021-02-09 07:00:00,12,103,2.0,0.0,0.0,0.3394,11.6865,6.0,8,19.860180208281164,,7000.0,0.0,0.0,0.0,47.07642394316891,optimal
2021-02-09 07:30:00,12,103,2.0,0.0,0.0,0.183,10.7205,6.0,8,19.93147051973608,,7000.0,0.0,0.0,0.0,46.61532848129124,optimal
2021-02-09 08:00:00,12,103,2.0,0.0,0.0,0.2786,11.424,6.0,8,20.001501687042243,,7000.0,0.0,0.0,0.0,46.15469411487543,optimal
2021-02-09 08:30:00,12,103,2.0,0.0,0.0,1.7235,10.689,6.0,8,20.074156205996573,,7000.0,0.0,0.0,0.0,45.69452038282605,optimal
2021-02-09 09:00:00,12,103,2.0,0.0,0.0,0.5839,11.361,6.0,8,20.16504758703593,,7000.0,0.0,0.0,0.0,45.23480682450872,optimal
2021-02-09 09:30:00,12,103,2.0,0.0,0.0,0.4224,11.571,6.0,8,20.23971483338748,,7000.0,0.0,0.0,0.0,44.7755529797497,optimal
2021-02-09 10:00:00,12,103,0.0,0.0,0.0,0.3833999999999999,14.3745,6.0,8,20.3122957590777,,0.0,0.0,0.0,0.0,44.31675838883544,optimal
2021-02-09 10:30:00,12,103,2.0,0.0,0.0,0.3818999999999999,13.23,6.0,8,20.236565314289752,,7000.0,0.0,0.0,0.0,43.85842259251209,optimal
2021-02-09 11:00:00,12,103,2.0,0.0,0.0,0.1874,13.9755,6.0,8,20.30785049371297,,7000.0,0.0,0.0,0.0,43.40054513198507,optimal
2021-02-09 11:30:00,12,103,0.0,0.0,0.0,0.3226,14.994,6.0,8,20.37708429355584,,0.0,0.0,0.0,0.0,42.94312554891857,optimal
2021-02-09 12:00:00,12,103,2.0,0.0,0.0,0.0805999999999999,13.671,6.0,8,20.300482022158903,,7000.0,0.0,0.0,0.0,42.48616338543515,optimal
2021-02-09 12:30:00,12,103,0.0,0.0,0.0,0.247,15.981,6.0,8,20.36970192021616,,0.0,0.0,0.0,0.0,42.029658184115206,optimal
2021-02-09 13:00:00,12,103,0.0,0.0,0.0,0.2841,15.6345,6.0,8,20.29433441813305,,0.0,0.0,0.0,0.0,41.573609487996585,optimal
2021-02-09 13:30:00,12,103,0.0,0.0,0.0,0.164,16.5375,6.0,8,20.21894938308611,,0.0,0.0,0.0,0.0,41.11801684057408,optimal
2021-02-09 14:00:00,12,103,0.0658376889875457,0.0,0.0,0.1963666666666666,14.7735,6.0,8,20.14206494561208,,230.4319114564101,0.0,0.0,0.0,40.662879785799,optimal
2021-02-09 14:30:00,12,103,0.0,0.0,0.0,0.2932,15.2145,6.0,8,20.0708344911862,,0.0,0.0,0.0,0.0,40.20819786807869,optimal
2021-02-09 15:00:00,12,103,1.0092962923869055,0.0,0.0,0.183,14.553,6.0,8,20.0,,3532.5370233541694,0.0,0.0,0.0,39.75397063227611,optimal
2021-02-09 15:30:00,12,103,2.0,0.0,0.0,0.183,14.3325,6.0,8,20.0,,7000.0,0.0,0.0,0.0,39.30019762370932,optimal
2021-02-09 16:00:00,12,103,0.7285744905484205,0.0,0.0,0.3128666666666667,14.595,6.0,8,20.07873125425183,,2550.010716919472,0.0,0.0,0.0,38.846878388151104,optimal
2021-02-09 16:30:00,12,103,0.0,0.0,0.0,0.6344666666666667,14.994,6.0,8,20.06363121755605,,0.0,0.0,0.0,0.0,38.39401247182845,optimal
2021-02-09 17:00:00,12,103,0.9914781661120248,0.0,0.0,0.2138,14.3325,6.0,8,20.0,,3470.1735813920864,0.0,0.0,0.0,37.94159942142211,optimal
2021-02-09 17:30:00,12,103,0.9569500289034756,0.0,0.0,0.2616666666666666,13.8915,6.0,8,20.0,,3349.3251011621646,0.0,0.0,0.0,37.48963878406618,optimal
2021-02-09 18:00:00,12,103,0.7357295187496359,0.0,0.0,1.7328666666666666,13.8915,6.0,8,20.0,,2575.0533156237257,0.0,0.0,0.0,37.038130107347605,optimal
2021-02-09 18:30:00,12,103,1.19077806537622,0.0,0.0,2.1476666666666664,13.4715,6.0,8,20.0,,4167.723228816771,0.0,0.0,0.0,36.58707293930575,optimal
2021-02-09 19:00:00,12,103,2.0,0.0,0.0,0.5073,13.23,6.0,8,20.031338703542804,,7000.0,0.0,0.0,0.0,36.136466828431935,optimal
2021-02-09 19:30:00,12,103,0.0,0.0,0.0,0.3278,13.8915,6.0,8,20.1225210900462,,0.0,0.0,0.0,0.0,35.686311323668995,optimal
2021-02-09 20:00:00,12,103,0.0,0.0,0.0,1.187733333333333,26.9325,6.0,8,20.05978462379664,,0.0,0.0,0.0,0.0,35.23660597441082,optimal
2021-02-09 20:30:00,12,103,0.0,0.0,0.0,0.8125333333333333,30.303,6.0,8,20.0,,0.0,0.0,0.0,0.0,34.7873503305019,optimal
2021-02-09 21:00:00,12,103,0.0,0.0,0.0,0.2076,32.886,6.0,8,19.94009818806202,,0.0,0.0,0.0,0.0,34.7525629801714,optimal
2021-02-09 21:30:00,12,103,0.0,0.0,0.0,0.3786,34.9965,6.0,8,19.870848273787384,,0.0,0.0,0.0,0.0,34.717810417191224,optimal
2021-02-09 22:00:00,12,103,0.0,0.0,0.0,0.4623,33.327,6.0,8,19.80829115499864,,0.0,0.0,0.0,0.0,34.68309260677403,optimal
2021-02-09 22:30:00,12,103,0.0,0.0,0.0,0.3596,31.122,6.0,8,19.741203124757043,,0.0,0.0,0.0,0.0,34.648409514167255,optimal
2021-02-09 23:00:00,12,103,0.0,0.0,0.0,0.2263333333333332,17.9025,6.0,8,19.672753854106343,,0.0,0.0,0.0,0.0,34.613761104653086,optimal
2021-02-09 23:30:00,12,103,0.0,0.0,0.0,0.3211666666666667,15.6555,6.0,8,19.602633060765097,,0.0,0.0,0.0,0.0,34.579147343548435,optimal
2021-02-10 00:00:00,12,103,2.0,0.0,0.0,0.1859333333333333,14.217,6.0,5,19.602633060765097,,7000.0,0.0,0.0,0.0,34.544568196204885,optimal
2021-02-10 00:30:00,12,103,2.0,0.0,0.0,0.062,13.3665,6.0,5,19.671757716185866,,0.0,0.0,7000.0,0.0,34.51002362800868,optimal
2021-02-10 01:00:00,12,103,2.0,0.0,0.0,0.1443333333333333,12.789,6.0,5,19.590153404817404,,2435.333333333333,0.0,4564.666666666667,0.0,34.47551360438067,optimal
2021-02-10 01:30:00,12,103,2.0,0.0,0.0,0.2375333333333333,11.907,6.0,5,19.561463548106243,,7000.0,0.0,0.0,0.0,34.441038090776296,optimal
2021-02-10 02:00:00,12,103,2.0,0.0,0.0,0.1131333333333333,11.7075,6.0,5,19.63050017274975,,7000.0,0.0,0.0,0.0,34.40659705268552,optimal
2021-02-10 02:30:00,12,103,2.0,0.0,5.0,0.2018666666666666,10.8045,6.0,5,19.69615126111405,,7000.0,0.0,0.0,0.0,36.74719045563283,optimal
2021-02-10 03:00:00,12,103,2.0,0.0,0.0,0.1119666666666666,11.508,6.0,5,19.76337238416788,,7000.0,0.0,0.0,0.0,36.7104432651772,optimal
2021-02-10 03:30:00,12,103,2.0,0.0,0.0,0.2089,11.508,6.0,5,19.828396114646825,,7000.0,0.0,0.0,0.0,36.67373282191202,optimal
2021-02-10 04:00:00,12,103,2.0,0.0,0.0,0.1199333333333333,11.508,6.0,5,19.895165339283068,,7000.0,0.0,0.0,0.0,36.63705908909011,optimal
2021-02-10 04:30:00,12,103,2.0,0.0,0.0,0.2749333333333333,11.844,6.0,5,19.959758868511507,,7000.0,0.0,0.0,0.0,36.60042203000102,optimal
2021-02-10 05:00:00,12,103,2.0,0.0,0.0,0.0828,11.508,6.0,5,20.02686850231725,,7000.0,0.0,0.0,0.0,36.56382160797102,optimal
2021-02-10 05:30:00,12,103,2.0,0.0,0.0,0.1842333333333333,11.508,6.0,5,20.08917552770101,,7000.0,0.0,0.0,0.0,36.52725778636305,optimal
2021-02-10 06:00:00,12,103,2.0,0.0,5.0,0.2314333333333333,10.4475,6.0,5,20.15288143062641,,7000.0,0.0,0.0,0.0,38.86573052857669,optimal
2021-02-10 06:30:00,12,103,2.0,0.0,5.0,0.062,10.8675,6.0,5,20.216838231046243,,7000.0,0.0,0.0,0.0,41.20186479804811,optimal
2021-02-10 07:00:00,12,103,2.0,0.0,5.0,0.2912666666666667,10.542,6.0,5,20.27784557554659,,7000.0,0.0,0.0,0.0,43.53566293325007,optimal
2021-02-10 07:30:00,12,103,2.0,0.0,4.586407158639705,0.0755333333333333,11.025,6.0,5,20.34430964246701,,7000.0,0.0,0.0,0.0,45.670670670670674,optimal
2021-02-10 08:00:00,12,103,2.0,0.0,5.0,0.2324666666666666,11.025,6.0,5,20.406398737671086,,7000.0,0.0,0.0,0.0,48.0,optimal
2021-02-10 08:30:00,12,103,2.0,0.0,0.0,0.1008,14.553,6.0,5,20.47560798803708,,7000.0,0.0,0.0,0.0,47.47274586633147,optimal
2021-02-10 09:00:00,12,103,2.0,0.0,0.0,0.5792,13.0935,6.0,5,20.542092348596395,,7000.0,0.0,0.0,0.0,46.946018986796616,optimal
2021-02-10 09:30:00,12,103,2.0,0.0,0.0,1.2161666666666668,15.6345,6.0,5,20.61180825635295,,7000.0,0.0,0.0,0.0,46.419818834141296,optimal
2021-02-10 10:00:00,12,103,0.0,0.0,0.0,0.2456666666666666,18.102,6.0,5,20.683742979577875,,0.0,0.0,0.0,0.0,45.89414488163863,optimal
2021-02-10 10:30:00,12,103,0.0,0.0,0.0,0.2484666666666666,17.199,6.0,5,20.60266158901933,,0.0,0.0,0.0,0.0,45.36899660308847,optimal
2021-02-10 11:00:00,12,103,0.0,0.0,0.0,1.6335333333333333,18.2805,6.0,5,20.520104457198496,,0.0,0.0,0.0,0.0,44.844373472816855,optimal
2021-02-10 11:30:00,12,103,0.0,0.0,0.0,0.9733,17.4615,6.0,5,20.457087148792883,,0.0,0.0,0.0,0.0,44.32027496567551,optimal
2021-02-10 12:00:00,12,103,0.0,0.0,0.0,1.6041666666666667,18.3225,6.0,5,20.387759897303265,,0.0,0.0,0.0,0.0,43.796700557041305,optimal
2021-02-10 12:30:00,12,103,0.0,0.0,0.0,0.6437333333333334,17.094,6.0,5,20.317425580554385,,0.0,0.0,0.0,0.0,43.27364972281574,optimal
2021-02-10 13:00:00,12,103,0.0,0.0,0.0,0.3923999999999999,17.094,6.0,5,20.24826232846268,,0.0,0.0,0.0,0.0,42.7511219394244,optimal
2021-02-10 13:30:00,12,103,0.0,0.0,0.0,0.5139333333333332,17.094,6.0,5,20.176956826565053,,0.0,0.0,0.0,0.0,42.22911668381645,optimal
2021-02-10 14:00:00,12,103,0.0,0.0,0.0,0.4594333333333333,17.3565,6.0,5,20.10953997616165,,0.0,0.0,0.0,0.0,41.70763343346411,optimal
2021-02-10 14:30:00,12,103,1.9339302204591848,0.0,0.0,0.2078666666666666,17.115,6.0,5,20.040812367055985,,6768.755771607146,0.0,0.0,0.0,41.18667166636212,optimal
2021-02-10 15:00:00,12,103,0.0,0.0,0.0,0.408,17.241,6.0,5,20.113702378821703,,0.0,0.0,0.0,0.0,40.66623086102724,optimal
2021-02-10 15:30:00,12,103,2.0,0.0,0.0,0.3647666666666666,17.094,6.0,5,20.053770673053503,,7000.0,0.0,0.0,0.0,40.14631049649768,optimal
2021-02-10 16:00:00,12,103,2.0,0.0,0.0,0.3727333333333333,16.5165,6.0,5,20.13709007604393,,7000.0,0.0,0.0,0.0,39.62691005233266,optimal
2021-02-10 16:30:00,12,103,0.0,0.0,0.0,0.2450666666666666,17.8185,6.0,5,20.216028333566967,,0.0,0.0,0.0,0.0,39.1080290086118,optimal
2021-02-10 17:00:00,12,103,2.0,0.0,0.0,0.2218,17.094,6.0,5,20.1434503425536,,7000.0,0.0,0.0,0.0,38.589666845934666,optimal
2021-02-10 17:30:00,12,103,2.0,0.0,0.0,0.3782666666666666,16.8945,6.0,5,20.22503091234729,,7000.0,0.0,0.0,0.0,38.0718230454202,optimal
2021-02-10 18:00:00,12,103,0.0,0.0,0.0,1.297233333333333,18.123,6.0,5,20.309368255629035,,0.0,0.0,0.0,0.0,37.554497088706256,optimal
2021-02-10 18:30:00,12,103,0.0,0.0,0.0,1.9458333333333333,31.647,6.0,5,20.2433147440776,,0.0,0.0,0.0,0.0,37.037688457949024,optimal
2021-02-10 19:00:00,12,103,0.0,0.0,0.0,1.6793,34.9965,6.0,5,20.196287912856352,,0.0,0.0,0.0,0.0,36.52139663582255,optimal
2021-02-10 19:30:00,12,103,0.0,0.0,0.0,0.5967333333333333,34.9965,6.0,5,20.13437905204422,,0.0,0.0,0.0,0.0,36.0056211055182,optimal
2021-02-10 20:00:00,12,103,0.0,0.0,0.0,0.7880666666666667,34.9965,6.0,5,20.06495344497192,,0.0,0.0,0.0,0.0,35.49036135074416,optimal
2021-02-10 20:30:00,12,103,0.0,0.0,0.0,0.6394,34.9965,6.0,5,20.0,,0.0,0.0,0.0,0.0,34.97561685572489,optimal
2021-02-10 21:00:00,12,103,0.0,0.0,0.0,0.4430333333333333,34.9965,6.0,5,19.93350333618701,,0.0,0.0,0.0,0.0,34.94064123886916,optimal
2021-02-10 21:30:00,12,103,0.0,0.0,0.0,0.6111333333333333,27.741,6.0,5,19.86099022616523,,0.0,0.0,0.0,0.0,34.90570059763029,optimal
2021-02-10 22:00:00,12,103,0.0,0.0,0.0,0.4084666666666666,19.026,6.0,5,19.787025984681485,,0.0,0.0,0.0,0.0,34.87079489703266,optimal
2021-02-10 22:30:00,12,103,0.0,0.0,0.0,0.1344,18.7215,6.0,5,19.69721661107649,,0.0,0.0,0.0,0.0,34.83592410213563,optimal
2021-02-10 23:00:00,12,103,0.0,0.0,0.0,0.296,17.4195,6.0,5,19.59889044916189,,0.0,0.0,0.0,0.0,34.801088178033496,optimal
2021-02-10 23:30:00,12,103,0.0,0.0,0.0,0.1077999999999999,16.758,6.0,5,19.50327793705673,,0.0,0.0,0.0,0.0,34.76628708985546,optimal
2021-02-11 00:00:00,12,103,2.0,0.0,4.386449880262576,0.063,11.025,6.0,-4,19.50327793705673,,7000.0,0.0,0.0,0.0,36.815084495890325,optimal
2021-02-11 00:30:00,12,103,2.0,0.0,5.0,0.2288666666666666,10.7835,6.0,-4,19.55164829854911,,1635.666666666666,0.0,5364.333333333334,0.0,39.153269411394426,optimal
2021-02-11 01:00:00,12,103,2.0,0.0,5.0,0.2125999999999999,11.025,6.0,-4,19.490823044017507,,7000.0,0.0,0.0,0.0,41.48911614198303,optimal
2021-02-11 01:30:00,12,103,2.0,0.0,5.0,0.1219333333333333,10.584,6.0,-4,19.54330638697736,,7000.0,0.0,0.0,0.0,43.82262702584104,optimal
2021-02-11 02:00:00,12,103,2.0,0.0,5.0,0.2900333333333333,11.025,6.0,-4,19.59364305934983,,7000.0,0.0,0.0,0.0,46.15380439881519,optimal
2021-02-11 02:30:00,12,103,2.0,0.0,5.0,0.0855666666666666,10.4265,6.0,-4,19.647289943759265,,7000.0,0.0,0.0,0.0,48.48265059441637,optimal
2021-02-11 03:00:00,12,103,2.0,0.0,0.0,0.063,12.789,6.0,-4,19.695935674274047,,7000.0,0.0,0.0,0.0,48.434167943821954,optimal
2021-02-11 03:30:00,12,103,2.0,0.0,0.0,0.246,12.684,6.0,-4,19.74343200872357,,7000.0,0.0,0.0,0.0,48.38573377587813,optimal
2021-02-11 04:00:00,12,103,2.0,0.0,0.0,0.1434666666666666,16.254,6.0,-4,19.795699262698804,,7000.0,0.0,0.0,0.0,48.33734804210225,optimal
2021-02-11 04:30:00,12,103,2.0,0.0,0.0,0.1115333333333333,17.64,6.0,-4,19.846705198941343,,7000.0,0.0,0.0,0.0,48.28901069406015,optimal
2021-02-11 05:00:00,12,103,2.0,0.0,0.0,0.063,19.1625,6.0,-4,19.89680752774081,,7000.0,0.0,0.0,0.0,48.24072168336608,optimal
2021-02-11 05:30:00,12,103,0.7607472523423152,0.0,0.0,0.1254,26.46,6.0,-4,19.94566091170793,,2662.6153831981032,0.0,0.0,0.0,48.19248096168271,optimal
2021-02-11 06:00:00,12,103,2.0,0.0,0.0,0.2052666666666666,20.79,6.0,-4,19.905436664505743,,7000.0,0.0,0.0,0.0,48.144288480721016,optimal
2021-02-11 06:30:00,12,103,0.0,0.0,0.0,0.1683333333333333,29.106,6.0,-4,19.95951401356789,,0.0,0.0,0.0,0.0,48.096144192240295,optimal
2021-02-11 07:00:00,12,103,2.0,0.0,0.0,0.1491333333333333,19.1835,6.0,-4,19.866349885156453,,7000.0,0.0,0.0,0.0,48.048048048048045,optimal
2021-02-11 07:30:00,12,103,2.0,0.0,0.0,0.2678,19.6665,6.0,-4,19.92703386388224,,7000.0,0.0,0.0,0.0,48.0,optimal
2021-02-11 08:00:00,12,103,1.6933119843609712,0.0,0.0,0.0924666666666666,19.404,6.0,-4,20.0,,3975.925278596732,0.0,1950.6666666666667,0.0,47.236009775397136,optimal
2021-02-11 08:30:00,12,103,1.7630250275917492,0.0,0.0,0.2521,19.047,6.0,-4,20.0,,4916.587596571122,0.0,1254.0,0.0,46.47278354101888,optimal
2021-02-11 09:00:00,12,103,2.0,0.0,0.0,0.2413333333333333,18.858,6.0,-4,20.018220567210225,,7000.0,0.0,0.0,0.0,45.710320532875,optimal
2021-02-11 09:30:00,12,103,0.0,0.0,0.0,1.4608666666666663,19.2675,6.0,-4,20.075271243943806,,0.0,0.0,0.0,0.0,44.94861998773926,optimal
2021-02-11 10:00:00,12,103,1.8446369059598504,0.0,0.0,0.6273333333333334,18.963,6.0,-4,20.0,,5550.562504192809,0.0,905.6666666666666,0.0,44.18768114314865,optimal
2021-02-11 10:30:00,12,103,2.0,0.0,0.0,0.6225333333333333,18.438,6.0,-4,20.04721739080498,,7000.0,0.0,0.0,0.0,43.42750323740264,optimal
2021-02-11 11:00:00,12,103,2.0,0.0,0.0,0.3219333333333333,18.7425,6.0,-4,20.12531795374105,,7000.0,0.0,0.0,0.0,42.66808550956237,optimal
2021-02-11 11:30:00,12,103,2.0,0.0,0.0,0.3225666666666666,15.2145,6.0,-4,20.188770501504152,,7000.0,0.0,0.0,0.0,41.90942719944995,optimal
2021-02-11 12:00:00,12,103,2.0,0.0,0.0,0.2591666666666667,17.7765,6.0,-4,20.24832243837913,,7000.0,0.0,0.0,0.0,41.15152754764764,optimal
2021-02-11 12:30:00,12,103,2.0,0.0,0.0,0.1209666666666666,16.758,6.0,-4,20.31238846928713,,7000.0,0.0,0.0,0.0,40.39438579549713,optimal
2021-02-11 13:00:00,12,103,2.0,0.0,0.0,0.1379333333333333,16.422,6.0,-4,20.37620353039581,,7000.0,0.0,0.0,0.0,39.63800118509877,optimal
2021-02-11 13:30:00,12,103,2.0,0.0,0.0,0.3096666666666667,16.758,6.0,-4,20.44303508108668,,7000.0,0.0,0.0,0.0,38.882372959310814,optimal
2021-02-11 14:00:00,12,103,0.0,0.0,0.0,0.1076666666666666,29.358,6.0,-4,20.513632163212183,,0.0,0.0,0.0,0.0,38.12750036174864,optimal
2021-02-11 14:30:00,12,103,0.0,0.0,0.0,0.5588666666666666,34.9965,6.0,-4,20.43275760017461,,0.0,0.0,0.0,0.0,37.37338263678403,optimal
2021-02-11 15:00:00,12,103,0.0,0.0,0.0,0.3419666666666666,34.65,6.0,-4,20.36362423984472,,0.0,0.0,0.0,0.0,36.62001902954438,optimal
2021-02-11 15:30:00,12,103,0.0,0.0,0.0,0.4446333333333333,34.9965,6.0,-4,20.293860116006268,,0.0,0.0,0.0,0.0,35.86740878591198,optimal
2021-02-11 16:00:00,12,103,0.0,0.0,0.0,0.4341666666666667,34.9965,6.0,-4,20.2218104669779,,0.0,0.0,0.0,0.0,35.1155511525232,optimal
2021-02-11 16:30:00,12,103,0.0,0.0,0.0,0.8515666666666667,30.4815,6.0,-4,20.14517993827296,,0.0,0.0,0.0,0.0,34.36444537676782,optimal
2021-02-11 17:00:00,12,103,0.0,0.0,0.0,1.3632,21.4305,6.0,-4,20.077165721071253,,0.0,0.0,0.0,0.0,33.61409070678819,optimal
2021-02-11 17:30:00,12,103,1.107742975675269,0.0,0.0,1.6138333333333332,14.3325,6.0,-4,20.0,,3389.433748196775,0.0,487.6666666666667,0.0,32.864486391478536,optimal
2021-02-11 18:00:00,12,103,2.0,0.0,0.0,0.7950666666666667,13.692,6.0,-4,20.0,,6582.0,0.0,418.0,0.0,32.11563168048419,optimal
2021-02-11 18:30:00,12,103,0.3001665604529684,0.0,0.0,0.2857666666666666,14.007,6.0,-4,20.06061656572625,,1050.5829615853895,0.0,0.0,0.0,32.08351604880371,optimal
2021-02-11 19:00:00,12,103,1.330717560653671,0.0,0.0,0.3808333333333333,12.873,6.0,-4,20.0,,4100.178128954515,0.0,557.3333333333333,0.0,32.05143253275491,optimal
2021-02-11 19:30:00,12,103,1.2338619867948089,0.0,0.0,0.4275666666666666,12.684,6.0,-4,20.0,,4248.850287115164,0.0,69.66666666666666,0.0,32.019381100222155,optimal
2021-02-11 20:00:00,12,103,1.35441403198352,0.0,0.0,0.9731,12.306,6.0,-4,20.0,,4670.782445275653,0.0,69.66666666666666,0.0,31.98736171912193,optimal
2021-02-11 20:30:00,12,103,0.1592380952380952,0.0,0.0,3.2434333333333334,10.6365,6.0,-4,20.0,,0.0,0.0,557.3333333333334,0.0,31.95537435740281,optimal
2021-02-11 21:00:00,12,103,0.0,0.0,0.0,0.3229333333333333,11.2455,6.0,-4,19.938179072695,,0.0,0.0,0.0,0.0,31.92341898304541,optimal
2021-02-11 21:30:00,12,103,0.0,0.0,0.0,0.5054,11.2455,6.0,-4,19.848842628327453,,0.0,0.0,0.0,0.0,31.891495564062364,optimal
2021-02-11 22:00:00,12,103,0.0,0.0,0.0,0.5363333333333333,11.025,6.0,-4,19.7618561886312,,0.0,0.0,0.0,0.0,31.859604068498303,optimal
2021-02-11 22:30:00,12,103,0.0,0.0,0.0,0.2387666666666666,12.0855,6.0,-4,19.672563969057187,,0.0,0.0,0.0,0.0,31.82774446442981,optimal
2021-02-11 23:00:00,12,103,0.0,0.0,0.0,0.3399,11.6865,6.0,-4,19.57667935211737,,0.0,0.0,0.0,0.0,31.795916719965376,optimal
2021-02-11 23:30:00,12,103,0.0,0.0,0.0,0.1736666666666666,11.2245,6.0,-4,19.47905994595451,,0.0,0.0,0.0,0.0,31.76412080324541,optimal
2021-02-12 00:00:00,12,103,2.0,0.0,0.0,0.1232999999999999,11.025,6.0,3,19.47905994595451,,7000.0,0.0,0.0,0.0,31.73235668244217,optimal
2021-02-12 00:30:00,12,103,2.0,0.0,0.0,0.0567,10.689,6.0,3,19.51432370703089,,0.0,0.0,7000.0,0.0,31.700624325759723,optimal
2021-02-12 01:00:00,12,103,2.0,0.0,5.0,0.0603999999999999,8.1585,6.0,3,19.40067267578285,,7000.0,0.0,0.0,0.0,34.04392370143397,optimal
2021-02-12 01:30:00,12,103,2.0,0.0,5.0,0.1196,10.3635,6.0,3,19.4349679843884,,7000.0,0.0,0.0,0.0,36.384879777732536,optimal
2021-02-12 02:00:00,12,103,2.0,0.0,0.0,0.053,10.8045,6.0,3,19.470807558479645,,7000.0,0.0,0.0,0.0,36.3484948979548,optimal
2021-02-12 02:30:00,12,103,2.0,0.0,0.0,0.0678,11.025,6.0,3,19.50553625091149,,7000.0,0.0,0.0,0.0,36.31214640305684,optimal
2021-02-12 03:00:00,12,103,2.0,0.0,5.0,0.1122,10.3635,6.0,3,19.541779941157483,,7000.0,0.0,0.0,0.0,38.65083425665379,optimal
2021-02-12 03:30:00,12,103,2.0,0.0,0.0,0.053,10.8045,6.0,3,19.58015484822426,,7000.0,0.0,0.0,0.0,38.61218342239713,optimal
2021-02-12 04:00:00,12,103,2.0,0.0,5.0,0.053,10.059,6.0,3,19.62028515432836,,7000.0,0.0,0.0,0.0,40.948571238974736,optimal
2021-02-12 04:30:00,12,103,2.0,0.0,0.7133417315103873,0.127,10.584,6.0,3,19.66340907992348,,7000.0,0.0,0.0,0.0,41.24645999020319,optimal
2021-02-12 05:00:00,12,103,2.0,0.0,5.0,0.053,9.4185,6.0,3,19.711070774085456,,7000.0,0.0,0.0,0.0,43.58021353021298,optimal
2021-02-12 05:30:00,12,103,2.0,0.0,5.0,0.127,10.3635,6.0,3,19.76090182824668,,7000.0,0.0,0.0,0.0,45.91163331668277,optimal
2021-02-12 06:00:00,12,103,2.0,0.0,5.0,0.053,9.8385,6.0,3,19.81492625293523,,7000.0,0.0,0.0,0.0,48.24072168336608,optimal
2021-02-12 06:30:00,12,103,2.0,0.0,0.0,0.053,11.067,6.0,3,19.87077720200817,,7000.0,0.0,0.0,0.0,48.19248096168271,optimal
2021-02-12 07:00:00,12,103,2.0,0.0,0.0,0.1196,10.8465,6.0,3,19.92682844132112,,7000.0,0.0,0.0,0.0,48.144288480721016,optimal
2021-02-12 07:30:00,12,103,2.0,0.0,0.0,1.8525666666666665,13.671,6.0,3,19.98448101938089,,7000.0,0.0,0.0,0.0,48.096144192240295,optimal
2021-02-12 08:00:00,12,103,2.0,0.0,0.0,2.444033333333333,12.348,6.0,3,20.04758532991101,,7000.0,0.0,0.0,0.0,48.048048048048045,optimal
2021-02-12 08:30:00,12,103,0.8815569571159813,0.0,0.0,1.5744333333333334,14.3325,6.0,3,20.105362407852063,,3085.4493499059345,0.0,0.0,0.0,48.0,optimal
2021-02-12 09:00:00,12,103,0.0,0.0,0.0,1.9366,15.393,6.0,3,20.091126485654453,,0.0,0.0,0.0,0.0,47.83136175460718,optimal
2021-02-12 09:30:00,12,103,2.0,0.0,0.0,1.7168333333333332,13.587,6.0,3,20.0,,7000.0,0.0,0.0,0.0,47.66289214745975,optimal
2021-02-12 10:00:00,12,103,0.0,0.0,0.0,1.8359333333333328,16.1385,6.0,3,20.075061205488648,,0.0,0.0,0.0,0.0,47.49459100991948,optimal
2021-02-12 10:30:00,12,103,0.8791597237435687,0.0,0.0,2.120733333333333,14.595,6.0,3,20.00343559205277,,3077.05903310249,0.0,0.0,0.0,47.326458173516734,optimal
2021-02-12 11:00:00,12,103,0.927635325993496,0.0,0.0,1.8893666666666664,14.637,6.0,3,20.0,,3246.7236409772354,0.0,0.0,0.0,47.1584934699504,optimal
2021-02-12 11:30:00,12,103,0.6077765374549327,0.0,0.0,4.113966666666666,13.9125,6.0,3,20.0,,2127.217881092264,0.0,0.0,0.0,46.99069673108763,optimal
2021-02-12 12:00:00,12,103,1.04248154928918,0.0,0.0,0.2595333333333333,13.3665,6.0,3,20.0,,3473.018755845464,0.0,175.66666666666652,0.0,46.823067788963726,optimal
2021-02-12 12:30:00,12,103,2.0,0.0,0.0,0.2742333333333333,13.0095,6.0,3,20.0,,6781.35756059798,0.0,218.6424394020205,0.0,46.65560647578194,optimal
2021-02-12 13:00:00,12,103,0.0,0.0,0.0,0.6844,13.8915,6.0,3,20.069696522815928,,0.0,0.0,0.0,0.0,46.48831262391335,optimal
2021-02-12 13:30:00,12,103,1.2916983851448007,0.0,0.0,0.063,13.188,6.0,3,20.0,,4011.485424513804,0.0,509.4589234929993,0.0,46.32118606589661,optimal
2021-02-12 14:00:00,12,103,2.0,0.0,0.0,0.063,12.5685,6.0,3,20.0,,4033.036969306165,0.0,2966.963030693835,0.0,46.1542266344379,optimal
2021-02-12 14:30:00,12,103,2.0,0.0,0.0,0.1259,12.285,6.0,3,20.0,,3991.6884890763154,0.0,3008.3115109236846,0.0,45.98743416241064,optimal
2021-02-12 15:00:00,12,103,2.0,0.0,0.0,2.453766666666667,11.487,6.0,3,20.0,,5794.815904512539,0.0,1205.1840954874606,0.0,45.82080848285541,optimal
2021-02-12 15:30:00,12,103,2.0,0.0,0.0,1.3351,11.802,6.0,3,20.053198082388217,,7000.0,0.0,0.0,0.0,45.654349428979735,optimal
2021-02-12 16:00:00,12,103,2.0,0.0,0.0,3.172766666666667,11.2245,6.0,3,20.144633497038104,,7000.0,0.0,0.0,0.0,45.48805683415794,optimal
2021-02-12 16:30:00,12,103,2.0,0.0,0.0,0.6842,11.025,6.0,3,20.232552937168062,,7000.0,0.0,0.0,0.0,45.32193053193096,optimal
2021-02-12 17:00:00,12,103,2.0,0.0,0.0,2.1660666666666666,11.907,6.0,3,20.30709556162418,,7000.0,0.0,0.0,0.0,45.15597035600621,optimal
2021-02-12 17:30:00,12,103,0.0,0.0,0.0,1.3440333333333334,25.83,6.0,3,20.384569812147536,,0.0,0.0,0.0,0.0,44.99017614025738,optimal
2021-02-12 18:00:00,12,103,0.0,0.0,0.0,3.6423666666666654,28.035,6.0,3,20.324419617524832,,0.0,0.0,0.0,0.0,44.824547718724304,optimal
2021-02-12 18:30:00,12,103,0.0,0.0,0.0,0.9751333333333332,28.119,6.0,3,20.269715269804102,,0.0,0.0,0.0,0.0,44.77972317100558,optimal
2021-02-12 19:00:00,12,103,0.0,0.0,0.0,0.9885,30.156,6.0,3,20.204834744993622,,0.0,0.0,0.0,0.0,44.734943447834574,optimal
2021-02-12 19:30:00,12,103,0.0,0.0,0.0,1.7408333333333332,29.1585,6.0,3,20.13439404221232,,0.0,0.0,0.0,0.0,44.69020850438674,optimal
2021-02-12 20:00:00,12,103,0.0,0.0,0.0,0.3073333333333333,26.712,6.0,3,20.0696277474706,,0.0,0.0,0.0,0.0,44.645518295882354,optimal
2021-02-12 20:30:00,12,103,0.0,0.0,0.0,0.5782333333333334,15.435,6.0,3,20.0,,0.0,0.0,0.0,0.0,44.60087277758648,optimal
2021-02-12 21:00:00,12,103,0.0,0.0,0.0,1.422,13.566,6.0,3,19.935586688863445,,0.0,0.0,0.0,0.0,44.55627190480889,optimal
2021-02-12 21:30:00,12,103,0.8654590476190476,0.0,0.0,0.4028,12.789,6.0,3,19.88985887258368,,0.0,0.0,3029.1066666666666,0.0,44.51171563290408,optimal
2021-02-12 22:00:00,12,103,0.0,0.0,0.0,2.256766666666667,12.1275,6.0,3,19.821276575201747,,0.0,0.0,0.0,0.0,44.46720391727117,optimal
2021-02-12 22:30:00,12,103,0.0,0.0,0.0,1.0835,13.671,6.0,3,19.75787666973184,,0.0,0.0,0.0,0.0,44.4227367133539,optimal
2021-02-12 23:00:00,12,103,0.0,0.0,0.0,0.063,10.668,6.0,3,19.68941513005814,,0.0,0.0,0.0,0.0,44.37831397664055,optimal
2021-02-12 23:30:00,12,103,0.0,0.0,0.0,0.063,11.7285,6.0,3,19.604833984538605,,0.0,0.0,0.0,0.0,44.33393566266391,optimal
2021-02-13 00:00:00,12,103,2.0,0.0,0.0,0.0853666666666666,8.1375,6.0,-7,19.604833984538605,,7000.0,0.0,0.0,0.0,44.28960172700124,optimal
2021-02-13 00:30:00,12,103,2.0,0.0,0.0,0.1856333333333333,10.0905,6.0,-7,19.670537212538363,,0.0,0.0,7000.0,0.0,44.24531212527424,optimal
2021-02-13 01:00:00,12,103,2.0,0.0,5.0,0.3068999999999999,7.539,6.0,-7,19.592346498697434,,0.0,0.0,7000.0,0.0,46.57606681314896,optimal
2021-02-13 01:30:00,12,103,2.0,0.0,4.316359560830533,0.1594666666666666,7.938,6.0,-7,19.51820968039939,,0.0,0.0,7000.0,0.0,48.57976153773031,optimal
2021-02-13 02:00:00,12,103,2.0,0.0,0.0,0.1214,8.274,6.0,-7,19.441240039345985,,3477.333333333333,0.0,3522.6666666666665,0.0,48.53118177619257,optimal
2021-02-13 02:30:00,12,103,2.0,0.0,0.0,0.2196,9.261,6.0,-7,19.44256045516624,,6582.0,0.0,418.0,0.0,48.48265059441637,optimal
2021-02-13 03:00:00,12,103,2.0,0.0,0.0,0.1515999999999999,9.9225,6.0,-7,19.516880501682856,,7000.0,0.0,0.0,0.0,48.434167943821954,optimal
2021-02-13 03:30:00,12,103,2.0,0.0,0.0,0.5325333333333333,9.702,6.0,-7,19.603281718969733,,7000.0,0.0,0.0,0.0,48.38573377587813,optimal
2021-02-13 04:00:00,12,103,2.0,0.0,0.0,0.3492666666666666,10.584,6.0,-7,19.69699241246144,,7000.0,0.0,0.0,0.0,48.33734804210225,optimal
2021-02-13 04:30:00,12,103,2.0,0.0,0.0,0.2014,10.143,6.0,-7,19.78106120862656,,7000.0,0.0,0.0,0.0,48.28901069406015,optimal
2021-02-13 05:00:00,12,103,0.0,0.0,0.0,0.2138,13.0095,6.0,-7,19.86285509515579,,0.0,0.0,0.0,0.0,48.24072168336608,optimal
2021-02-13 05:30:00,12,103,2.0,0.0,0.0,0.2796,11.025,6.0,-7,19.79328365239818,,7000.0,0.0,0.0,0.0,48.19248096168271,optimal
2021-02-13 06:00:00,12,103,2.0,0.0,0.0,0.4478,12.789,6.0,-7,19.872941543621582,,7000.0,0.0,0.0,0.0,48.144288480721016,optimal
2021-02-13 06:30:00,12,103,2.0,0.0,0.0,0.6939666666666667,12.1275,6.0,-7,19.95704979265326,,7000.0,0.0,0.0,0.0,48.096144192240295,optimal
2021-02-13 07:00:00,12,103,2.0,0.0,0.0,0.4710333333333333,12.1695,6.0,-7,20.04533509447345,,7000.0,0.0,0.0,0.0,48.048048048048045,optimal
2021-02-13 07:30:00,12,103,2.0,0.0,0.0,0.363,12.306,6.0,-7,20.132383981277343,,7000.0,0.0,0.0,0.0,48.0,optimal
2021-02-13 08:00:00,12,103,1.839505965208215,0.0,0.0,0.2539666666666667,13.23,6.0,-7,20.215547605862884,,6438.270878228753,0.0,0.0,0.0,47.80177588968488,optimal
2021-02-13 08:30:00,12,103,0.0,0.0,0.0,0.2949333333333333,13.671,6.0,-7,20.282092749460244,,0.0,0.0,0.0,0.0,47.60375000348008,optimal
2021-02-13 09:00:00,12,103,0.0,0.0,0.0,0.4068333333333333,13.9335,6.0,-7,20.20397170317276,,0.0,0.0,0.0,0.0,47.40592214316148,optimal
2021-02-13 09:30:00,12,103,2.0,0.0,0.0,0.2849,13.293,6.0,-7,20.12839127452901,,7000.0,0.0,0.0,0.0,47.208292110703205,optimal
2021-02-13 10:00:00,12,103,2.0,0.0,0.0,0.2905,12.1065,6.0,-7,20.200434988322773,,7000.0,0.0,0.0,0.0,47.01085970827739,optimal
2021-02-13 10:30:00,12,103,2.0,0.0,0.0,0.2556,11.571,6.0,-7,20.278089738339915,,7000.0,0.0,0.0,0.0,46.81362473825399,optimal
2021-02-13 11:00:00,12,103,2.0,0.0,0.0,0.25,11.025,6.0,-7,20.35183276084364,,7000.0,0.0,0.0,0.0,46.61658700320062,optimal
2021-02-13 11:30:00,12,103,2.0,0.0,0.0,0.5029333333333332,10.8465,6.0,-7,20.42232384181453,,7000.0,0.0,0.0,0.0,46.41974630588231,optimal
2021-02-13 12:00:00,12,103,2.0,0.0,0.0,0.2816666666666667,11.2455,6.0,-7,20.496494194330264,,7000.0,0.0,0.0,0.0,46.22310244926131,optimal
2021-02-13 12:30:00,12,103,0.0,0.0,0.0,0.2943333333333333,23.8665,6.0,-7,20.56393664633521,,0.0,0.0,0.0,0.0,46.026655236496936,optimal
2021-02-13 13:00:00,12,103,0.0,0.0,0.0,0.1851,27.4575,6.0,-7,20.48407220330449,,0.0,0.0,0.0,0.0,45.830404470945325,optimal
2021-02-13 13:30:00,12,103,0.0,0.0,0.0,0.1120666666666666,27.3735,6.0,-7,20.39953520562413,,0.0,0.0,0.0,0.0,45.63434995615926,optimal
2021-02-13 14:00:00,12,103,0.0,0.0,0.0,0.071,30.4605,6.0,-7,20.31282448377024,,0.0,0.0,0.0,0.0,45.43849149588799,optimal
2021-02-13 14:30:00,12,103,0.0,0.0,0.0,0.6919333333333333,30.0195,6.0,-7,20.2247841953628,,0.0,0.0,0.0,0.0,45.242828894076986,optimal
2021-02-13 15:00:00,12,103,0.0,0.0,0.0,1.3458,26.9325,6.0,-7,20.14701058813395,,0.0,0.0,0.0,0.0,45.0473619548678,optimal
2021-02-13 15:30:00,12,103,0.0,0.0,0.0,0.178,14.595,6.0,-7,20.08069625131477,,0.0,0.0,0.0,0.0,44.852090482597816,optimal
2021-02-13 16:00:00,12,103,1.1850868165511517,0.0,0.0,0.1744666666666666,12.4845,6.0,-7,20.0,,3520.803857929032,0.0,627.0,0.0,44.6570142818001,optimal
2021-02-13 16:30:00,12,103,0.8841534832178064,0.0,0.0,0.4891999999999999,12.1275,6.0,-7,20.0,,2606.870524595656,0.0,487.6666666666667,0.0,44.46213315720318,optimal
2021-02-13 17:00:00,12,103,1.3491871694695383,0.0,0.0,0.2743333333333333,12.1275,6.0,-7,20.0,,4722.155093143385,0.0,0.0,0.0,44.26744691373087,optimal
2021-02-13 17:30:00,12,103,0.0,0.0,0.0,1.9674,12.789,6.0,-7,20.042823220015904,,0.0,0.0,0.0,0.0,44.07295535650202,optimal
2021-02-13 18:00:00,12,103,0.620674379110808,0.0,0.0,1.4040666666666666,11.907,6.0,-7,20.0,,2172.360326887828,0.0,0.0,0.0,43.8786582908304,optimal
2021-02-13 18:30:00,12,103,0.6514141200303296,0.0,0.0,1.4041,11.025,6.0,-7,20.0,,2279.949420106154,0.0,0.0,0.0,43.68455552222446,optimal
2021-02-13 19:00:00,12,103,1.5873297070222503,0.0,0.0,0.2827666666666666,8.2005,6.0,-7,20.0,,5067.9873079112085,0.0,487.6666666666667,0.0,43.49064685638712,optimal
2021-02-13 19:30:00,12,103,0.0,0.0,0.0,0.4691333333333333,9.5655,6.0,-7,20.051282206282583,,0.0,0.0,0.0,0.0,43.29693209921562,optimal
2021-02-13 20:00:00,12,103,1.817341396056564,0.0,0.0,0.2996,7.056,6.0,-7,20.0,,2598.694886197972,0.0,3762.0,0.0,43.103411056801285,optimal
2021-02-13 20:30:00,12,103,0.0,0.0,0.0,0.1211333333333333,9.3975,6.0,-7,20.0,,0.0,0.0,0.0,0.0,42.91008353542937,optimal
2021-02-13 21:00:00,12,103,0.0,0.0,0.0,0.4309666666666666,10.059,6.0,-7,19.937001850516104,,0.0,0.0,0.0,0.0,42.716949341578825,optimal
2021-02-13 21:30:00,12,103,0.0,0.0,0.0,0.18,9.261,6.0,-7,19.88220684270268,,0.0,0.0,0.0,0.0,42.52400828192213,optimal
2021-02-13 22:00:00,12,103,0.0,0.0,0.0,0.4408666666666667,8.1585,6.0,-7,19.82170759672246,,0.0,0.0,0.0,0.0,42.481484273640206,optimal
2021-02-13 22:30:00,12,103,0.0,0.0,0.0,1.0921666666666667,9.4815,6.0,-7,19.768091751586883,,0.0,0.0,0.0,0.0,42.43900278936657,optimal
2021-02-13 23:00:00,12,103,0.0,0.0,0.0,0.2649666666666666,8.379,6.0,-7,19.729846159001585,,0.0,0.0,0.0,0.0,42.3965637865772,optimal
2021-02-13 23:30:00,12,103,0.0,0.0,0.0,0.5231,9.5235,6.0,-7,19.67317833569548,,0.0,0.0,0.0,0.0,42.35416722279063,optimal
2021-02-07 00:00:00,13,103,1.068507469090152,0.0,0.0,1.4881666666666666,7.938,6.0,2,21.0,,3739.776141815532,0.0,0.0,0.0,47.952,optimal
2021-02-07 00:30:00,13,103,2.0,0.0,0.0,1.4047333333333332,5.292,6.0,2,21.007889408753247,,1705.333333333333,0.0,5294.666666666667,0.0,47.904048,optimal
2021-02-07 01:00:00,13,103,0.0,0.0,0.0,0.7258666666666667,9.261,6.0,2,20.98056672084811,,0.0,0.0,0.0,0.0,47.856143952,optimal
2021-02-07 01:30:00,13,103,0.0,0.0,0.0,0.9617,10.3635,6.0,2,20.91384265709612,,0.0,0.0,0.0,0.0,47.80828780804799,optimal
2021-02-07 02:00:00,13,103,0.0,0.0,0.0,0.2395333333333333,8.274,6.0,2,20.8463480282185,,0.0,0.0,0.0,0.0,47.76047952023995,optimal
2021-02-07 02:30:00,13,103,2.0,0.0,0.0,0.055,7.7175,6.0,2,20.77310762790577,,7000.0,0.0,0.0,0.0,47.712719040719705,optimal
2021-02-07 03:00:00,13,103,2.0,0.0,0.0,0.055,6.615,6.0,2,20.840667081177283,,7000.0,0.0,0.0,0.0,47.66500632167899,optimal
2021-02-07 03:30:00,13,103,2.0,0.0,0.0,0.055,6.174,6.0,2,20.90746637035905,,7000.0,0.0,0.0,0.0,47.61734131535731,optimal
2021-02-07 04:00:00,13,103,2.0,0.0,0.0,0.1099,3.906,6.0,2,20.97373577821444,,7000.0,0.0,0.0,0.0,47.56972397404195,optimal
2021-02-07 04:30:00,13,103,2.0,0.0,0.0,0.1343,2.3415,6.0,2,21.0406333760357,,7000.0,0.0,0.0,0.0,47.52215425006791,optimal
2021-02-07 05:00:00,13,103,2.0,0.0,0.0,0.0773,2.205,6.0,2,21.107741110626066,,7000.0,0.0,0.0,0.0,47.47463209581784,optimal
2021-02-07 05:30:00,13,103,2.0,0.0,2.0180553940128663,0.1809,0.882,6.0,2,21.173260323834747,,7000.0,0.0,0.0,0.0,48.38573377587813,optimal
2021-02-07 06:00:00,13,103,2.0,0.0,0.0,0.0633333333333333,1.5435,6.0,2,21.240536816957945,,7000.0,0.0,0.0,0.0,48.33734804210225,optimal
2021-02-07 06:30:00,13,103,2.0,0.0,0.0,0.1281999999999999,1.5435,6.0,2,21.305068355706783,,7000.0,0.0,0.0,0.0,48.28901069406015,optimal
2021-02-07 07:00:00,13,103,2.0,0.0,0.0,0.3516666666666667,5.0715,6.0,2,21.37062119104529,,7000.0,0.0,0.0,0.0,48.24072168336608,optimal
2021-02-07 07:30:00,13,103,2.0,0.0,0.0,0.2195666666666666,5.376,6.0,2,21.442148201049964,,7000.0,0.0,0.0,0.0,48.19248096168271,optimal
2021-02-07 08:00:00,13,103,2.0,0.0,0.0,0.1954666666666666,5.0715,6.0,2,21.51215588164764,,7000.0,0.0,0.0,0.0,48.144288480721016,optimal
2021-02-07 08:30:00,13,103,2.0,0.0,0.0,0.078,5.5125,6.0,2,21.582456408527648,,7000.0,0.0,0.0,0.0,48.096144192240295,optimal
2021-02-07 09:00:00,13,103,0.0,0.0,0.0,0.2211,9.261,6.0,2,21.650005087338013,,0.0,0.0,0.0,0.0,48.048048048048045,optimal
2021-02-07 09:30:00,13,103,0.0,0.0,0.0,0.3425333333333333,11.7075,6.0,2,21.57267994442369,,0.0,0.0,0.0,0.0,48.0,optimal
2021-02-07 10:00:00,13,103,0.0,0.0,0.0,0.1131333333333333,12.348,6.0,2,21.49905701749451,,0.0,0.0,0.0,0.0,47.79486779028179,optimal
2021-02-07 10:30:00,13,103,0.0,0.0,0.0,0.1651,12.348,6.0,2,21.417629497308862,,0.0,0.0,0.0,0.0,47.589940712773306,optimal
2021-02-07 11:00:00,13,103,0.0,0.0,0.0,0.3541,12.1275,6.0,2,21.3364959253338,,0.0,0.0,0.0,0.0,47.38521856234232,optimal
2021-02-07 11:30:00,13,103,0.0,0.0,0.0,0.2342333333333333,12.5265,6.0,2,21.25925529050969,,0.0,0.0,0.0,0.0,47.18070113406178,optimal
2021-02-07 12:00:00,13,103,0.0,0.0,0.0,0.3497666666666666,11.7495,6.0,2,21.179841829729025,,0.0,0.0,0.0,0.0,46.97638822320951,optimal
2021-02-07 12:30:00,13,103,0.0,0.0,0.0,0.2014,13.23,6.0,2,21.103220667149696,,0.0,0.0,0.0,0.0,46.7722796252681,optimal
2021-02-07 13:00:00,13,103,0.0,0.0,0.0,0.2778,14.3325,6.0,2,21.02382393164216,,0.0,0.0,0.0,0.0,46.56837513592463,optimal
2021-02-07 13:30:00,13,103,0.0,0.0,0.0,0.3193999999999999,14.994,6.0,2,20.94433270445613,,0.0,0.0,0.0,0.0,46.36467455107049,optimal
2021-02-07 14:00:00,13,103,0.0,0.0,0.0,0.2013333333333332,14.8155,6.0,2,20.865273164875536,,0.0,0.0,0.0,0.0,46.161177666801215,optimal
2021-02-07 14:30:00,13,103,0.0,0.0,0.0,0.4228,14.112,6.0,2,20.784566381174,,0.0,0.0,0.0,0.0,45.957884279416206,optimal
2021-02-07 15:00:00,13,103,0.0,0.0,0.0,0.6194,14.007,6.0,2,20.70867247777556,,0.0,0.0,0.0,0.0,45.75479418541858,optimal
2021-02-07 15:30:00,13,103,0.0,0.0,0.0,0.2688333333333333,13.23,6.0,2,20.63888962172776,,0.0,0.0,0.0,0.0,45.55190718151496,optimal
2021-02-07 16:00:00,13,103,0.0,0.0,0.0,0.2153,11.382,6.0,2,20.56693658061656,,0.0,0.0,0.0,0.0,45.34922306461524,optimal
2021-02-07 16:30:00,13,103,0.0,0.0,0.0,0.0980999999999999,11.7495,6.0,2,20.491622062117703,,0.0,0.0,0.0,0.0,45.14674163183242,optimal
2021-02-07 17:00:00,13,103,0.0,0.0,0.0,0.2188,24.3285,6.0,2,20.416731509705983,,0.0,0.0,0.0,0.0,45.10159489020059,optimal
2021-02-07 17:30:00,13,103,0.0,0.0,0.0,0.3642666666666666,28.917,6.0,2,20.350993304116106,,0.0,0.0,0.0,0.0,45.05649329531039,optimal
2021-02-07 18:00:00,13,103,0.0,0.0,0.0,0.3661999999999999,31.3635,6.0,2,20.29045495136308,,0.0,0.0,0.0,0.0,45.01143680201508,optimal
2021-02-07 18:30:00,13,103,0.0,0.0,0.0,0.4593333333333333,33.306,6.0,2,20.229983786694405,,0.0,0.0,0.0,0.0,44.96642536521306,optimal
2021-02-07 19:00:00,13,103,0.0,0.0,0.0,0.2959,31.3425,6.0,2,20.17276199556601,,0.0,0.0,0.0,0.0,44.92145893984785,optimal
2021-02-07 19:30:00,13,103,0.0,0.0,0.0,0.4642,28.2555,6.0,2,20.11180027514936,,0.0,0.0,0.0,0.0,44.876537480908006,optimal
2021-02-07 20:00:00,13,103,0.0,0.0,0.0,0.3713,15.6975,6.0,2,20.05656142056573,,0.0,0.0,0.0,0.0,44.831660943427096,optimal
2021-02-07 20:30:00,13,103,0.0,0.0,0.0,0.3679666666666666,12.5475,6.0,2,20.0,,0.0,0.0,0.0,0.0,44.78682928248367,optimal
2021-02-07 21:00:00,13,103,0.0,0.0,0.0,0.5408333333333334,12.0855,6.0,2,19.9415469545494,,0.0,0.0,0.0,0.0,44.74204245320118,optimal
2021-02-07 21:30:00,13,103,0.0,0.0,0.0,1.1664666666666668,11.907,6.0,2,19.882990327056177,,0.0,0.0,0.0,0.0,44.69730041074798,optimal
2021-02-07 22:00:00,13,103,0.0,0.0,0.0,1.6232,12.5685,6.0,2,19.82157126180729,,0.0,0.0,0.0,0.0,44.65260311033723,optimal
2021-02-07 22:30:00,13,103,0.0,0.0,0.0,0.5254666666666667,13.146,6.0,2,19.766604919985856,,0.0,0.0,0.0,0.0,44.607950507226896,optimal
2021-02-07 23:00:00,13,103,0.0,0.0,0.0,0.1656333333333333,10.584,6.0,2,19.704836056405824,,0.0,0.0,0.0,0.0,44.56334255671967,optimal
2021-02-07 23:30:00,13,103,0.0,0.0,0.0,0.1199,6.678,6.0,2,19.63783431676153,,0.0,0.0,0.0,0.0,44.51877921416295,optimal
2021-02-08 00:00:00,13,103,2.0,0.0,0.0,2.331566666666667,10.143,6.0,3,19.63783431676153,,7000.0,0.0,0.0,0.0,44.47426043494878,optimal
2021-02-08 00:30:00,13,103,2.0,0.0,0.0,0.4924666666666666,11.2455,6.0,3,19.718256311609508,,0.0,0.0,7000.0,0.0,44.42978617451384,optimal
2021-02-08 01:00:00,13,103,2.0,0.0,0.0,0.3250666666666666,11.025,6.0,3,19.65456513420794,,0.0,0.0,7000.0,0.0,44.385356388339325,optimal
2021-02-08 01:30:00,13,103,2.0,0.0,0.0,0.0727,5.9745,6.0,3,19.585751545307907,,100.0,0.0,6900.0,0.0,44.340971031950986,optimal
2021-02-08 02:00:00,13,103,2.0,0.0,0.0,0.2708333333333333,7.938,6.0,3,19.51212487779581,,7000.0,0.0,0.0,0.0,44.29663006091904,optimal
2021-02-08 02:30:00,13,103,2.0,0.0,0.0,0.052,8.6835,6.0,3,19.588023998332154,,7000.0,0.0,0.0,0.0,44.25233343085812,optimal
2021-02-08 03:00:00,13,103,2.0,0.0,0.0,0.2038,7.665,6.0,3,19.65919909186485,,7000.0,0.0,0.0,0.0,44.20808109742726,optimal
2021-02-08 03:30:00,13,103,2.0,0.0,0.0,0.1397333333333333,6.7725,6.0,3,19.733473572620383,,7000.0,0.0,0.0,0.0,44.16387301632983,optimal
2021-02-08 04:00:00,13,103,2.0,0.0,0.0,0.1693,5.5755,6.0,3,19.80583563001618,,7000.0,0.0,0.0,0.0,44.1197091433135,optimal
2021-02-08 04:30:00,13,103,2.0,0.0,3.6621350529161054,0.1303666666666667,5.0925,6.0,3,19.878264959961623,,7000.0,0.0,0.0,0.0,45.81510358430533,optimal
2021-02-08 05:00:00,13,103,2.0,0.0,5.0,0.0958666666666666,4.1895,6.0,3,19.949092470187523,,7000.0,0.0,0.0,0.0,48.144288480721016,optimal
2021-02-08 05:30:00,13,103,2.0,0.0,0.0,2.316733333333333,7.056,6.0,3,20.01841875111646,,7000.0,0.0,0.0,0.0,48.096144192240295,optimal
2021-02-08 06:00:00,13,103,2.0,0.0,0.0,0.4929666666666666,5.271,6.0,3,20.09591659068741,,7000.0,0.0,0.0,0.0,48.048048048048045,optimal
2021-02-08 06:30:00,13,103,2.0,0.0,0.0,0.0639333333333333,7.938,6.0,3,20.17386790399325,,6233.666666666667,0.0,766.3333333333334,0.0,48.0,optimal
2021-02-08 07:00:00,13,103,2.0,0.0,0.0,0.1188666666666666,7.938,6.0,3,20.22963134117664,,5119.0,0.0,1881.0,0.0,47.60126213637039,optimal
2021-02-08 07:30:00,13,103,2.0,0.0,0.0,0.271,11.907,6.0,3,20.26271099303624,,7000.0,0.0,0.0,0.0,47.20292301060441,optimal
2021-02-08 08:00:00,13,103,2.0,0.0,0.0,2.3110666666666666,11.025,6.0,3,20.32951106200545,,7000.0,0.0,0.0,0.0,46.8049822239642,optimal
2021-02-08 08:30:00,13,103,2.0,0.0,0.0,0.4698,11.2875,6.0,3,20.40013013295275,,7000.0,0.0,0.0,0.0,46.40743937811062,optimal
2021-02-08 09:00:00,13,103,1.1879982034586956,0.0,0.0,1.6792333333333331,12.936,6.0,3,20.4722668470256,,4157.9937121054345,0.0,0.0,0.0,46.0102940751029,optimal
2021-02-08 09:30:00,13,103,0.0,0.0,0.0,0.167,13.0095,6.0,3,20.48458354402437,,0.0,0.0,0.0,0.0,45.61354591739818,optimal
2021-02-08 10:00:00,13,103,0.0,0.0,0.0,2.0518,13.671,6.0,3,20.4014631468529,,0.0,0.0,0.0,0.0,45.217194507851175,optimal
2021-02-08 10:30:00,13,103,0.0,0.0,0.0,0.9379,13.188,6.0,3,20.3301192122988,,0.0,0.0,0.0,0.0,44.82123944971372,optimal
2021-02-08 11:00:00,13,103,0.0,0.0,0.0,2.6225666666666667,13.8495,6.0,3,20.25445071892543,,0.0,0.0,0.0,0.0,44.4256803466344,optimal
2021-02-08 11:30:00,13,103,2.0,0.0,0.0,2.401366666666666,13.23,6.0,3,20.18252850748676,,7000.0,0.0,0.0,0.0,44.03051680265815,optimal
2021-02-08 12:00:00,13,103,0.0,0.0,0.0,1.3636666666666668,13.3665,6.0,3,20.258355288151336,,0.0,0.0,0.0,0.0,43.63574842222588,optimal
2021-02-08 12:30:00,13,103,2.0,0.0,0.0,1.2333,13.0515,6.0,3,20.18340016710055,,7000.0,0.0,0.0,0.0,43.24137481017405,optimal
2021-02-08 13:00:00,13,103,0.0,0.0,0.0,1.5415666666666663,13.5345,6.0,3,20.25956670273177,,0.0,0.0,0.0,0.0,42.84739557173426,optimal
2021-02-08 13:30:00,13,103,0.0,0.0,0.0,0.3237666666666666,14.154,6.0,3,20.191330696240417,,0.0,0.0,0.0,0.0,42.45381031253292,optimal
2021-02-08 14:00:00,13,103,0.0,0.0,0.0,1.4688,14.112,6.0,3,20.11953901097592,,0.0,0.0,0.0,0.0,42.060618638590775,optimal
2021-02-08 14:30:00,13,103,0.0,0.0,0.0,0.5690333333333333,14.2485,6.0,3,20.066127918459223,,0.0,0.0,0.0,0.0,41.66782015632257,optimal
2021-02-08 15:00:00,13,103,2.0,0.0,0.0,1.5623,12.789,6.0,3,20.0,,7000.0,0.0,0.0,0.0,41.27541447253664,optimal
2021-02-08 15:30:00,13,103,1.2281213004722504,0.0,0.0,0.5146333333333333,13.0095,6.0,3,20.09651786582421,,4298.424551652876,0.0,0.0,0.0,40.88340119443449,optimal
2021-02-08 16:00:00,13,103,2.0,0.0,0.0,2.4992666666666667,12.1275,6.0,3,20.1275502827648,,7000.0,0.0,0.0,0.0,40.491779929610445,optimal
2021-02-08 16:30:00,13,103,2.0,0.0,0.0,1.4302666666666668,12.348,6.0,3,20.220446547041664,,7000.0,0.0,0.0,0.0,40.10055028605122,optimal
2021-02-08 17:00:00,13,103,2.0,0.0,0.0,1.9828333333333328,12.348,6.0,3,20.30175299349916,,7000.0,0.0,0.0,0.0,39.70971187213557,optimal
2021-02-08 17:30:00,13,103,0.0,0.0,0.0,3.5252,25.389,6.0,3,20.381478902336724,,0.0,0.0,0.0,0.0,39.31926429663382,optimal
2021-02-08 18:00:00,13,103,0.0,0.0,0.0,2.308233333333333,29.1375,6.0,3,20.33773970981764,,0.0,0.0,0.0,0.0,38.92920716870757,optimal
2021-02-08 18:30:00,13,103,0.0,0.0,0.0,0.2774,30.597,6.0,3,20.290387917779785,,0.0,0.0,0.0,0.0,38.53954009790925,optimal
2021-02-08 19:00:00,13,103,0.0,0.0,0.0,0.6059333333333333,33.684,6.0,3,20.2206362631006,,0.0,0.0,0.0,0.0,38.15026269418173,optimal
2021-02-08 19:30:00,13,103,0.0,0.0,0.0,1.2396666666666667,32.445,6.0,3,20.15357923537168,,0.0,0.0,0.0,0.0,37.76137456785794,optimal
2021-02-08 20:00:00,13,103,0.0,0.0,0.0,1.4143333333333332,28.917,6.0,3,20.07616241494327,,0.0,0.0,0.0,0.0,37.37287532966048,optimal
2021-02-08 20:30:00,13,103,0.0,0.0,0.0,0.2796,15.876,6.0,3,20.0,,0.0,0.0,0.0,0.0,36.9847645907012,optimal
2021-02-08 21:00:00,13,103,0.0,0.0,0.0,0.617,12.348,6.0,3,19.918128629656767,,0.0,0.0,0.0,0.0,36.597041962480894,optimal
2021-02-08 21:30:00,13,103,1.2539999999999998,0.0,0.0,2.577733333333333,12.1275,6.0,3,19.84259440750068,,0.0,0.0,4388.999999999999,0.0,36.2097070568888,optimal
2021-02-08 22:00:00,13,103,0.0,0.0,0.0,0.3558666666666666,12.348,6.0,3,19.78150355889393,,0.0,0.0,0.0,0.0,35.8227594862023,optimal
2021-02-08 22:30:00,13,103,0.1592380952380952,0.0,0.0,0.4219333333333332,12.1275,6.0,3,19.712529612237653,,0.0,0.0,557.3333333333333,0.0,35.7869367267161,optimal
2021-02-08 23:00:00,13,103,0.0398095238095238,0.0,0.0,0.6242666666666666,12.1275,6.0,3,19.646898242446948,,0.0,0.0,139.33333333333331,0.0,35.751149789989384,optimal
2021-02-08 23:30:00,13,103,0.0796190476190476,0.0,0.0,2.5026666666666664,11.2665,6.0,3,19.58731119127878,,0.0,0.0,278.66666666666663,0.0,35.7153986401994,optimal
2021-02-09 00:00:00,13,103,2.0,0.0,5.0,0.1438333333333333,11.13,6.0,-5,19.58731119127878,,7000.0,0.0,0.0,0.0,38.0546832415592,optimal
2021-02-09 00:30:00,13,103,2.0,0.0,0.0,0.054,11.6865,6.0,-5,19.654493002158294,,2750.333333333333,0.0,4249.666666666667,0.0,38.01662855831764,optimal
2021-02-09 01:00:00,13,103,2.0,0.0,5.0,0.1773,10.7205,6.0,-5,19.62875404096845,,7000.0,0.0,0.0,0.0,40.35361192975932,optimal
2021-02-09 01:30:00,13,103,2.0,0.0,5.0,0.1105,11.424,6.0,-5,19.695411415091527,,7000.0,0.0,0.0,0.0,42.68825831782956,optimal
2021-02-09 02:00:00,13,103,2.0,0.0,5.0,0.1324,10.689,6.0,-5,19.759906550330133,,7000.0,0.0,0.0,0.0,45.020570059511726,optimal
2021-02-09 02:30:00,13,103,2.0,0.0,5.0,0.0876,11.361,6.0,-5,19.824116427248924,,7000.0,0.0,0.0,0.0,47.35054948945221,optimal
2021-02-09 03:00:00,13,103,2.0,0.0,2.177156004504184,0.054,11.571,6.0,-5,19.887318780193635,,7000.0,0.0,0.0,0.0,48.33734804210225,optimal
2021-02-09 03:30:00,13,103,2.0,0.0,0.0,0.2338,14.3745,6.0,-5,19.949753944548416,,7000.0,0.0,0.0,0.0,48.28901069406015,optimal
2021-02-09 04:00:00,13,103,2.0,0.0,0.0,0.0543333333333333,13.23,6.0,-5,20.01614439197112,,7000.0,0.0,0.0,0.0,48.24072168336608,optimal
2021-02-09 04:30:00,13,103,2.0,0.0,0.0,0.0623333333333333,13.9755,6.0,-5,20.0789024519488,,7000.0,0.0,0.0,0.0,48.19248096168271,optimal
2021-02-09 05:00:00,13,103,0.2268188605589705,0.0,0.0,0.166,14.994,6.0,-5,20.1409221302351,,793.8660119563968,0.0,0.0,0.0,48.144288480721016,optimal
2021-02-09 05:30:00,13,103,2.0,0.0,0.0,0.2622333333333333,13.671,6.0,-5,20.073922770939973,,7000.0,0.0,0.0,0.0,48.096144192240295,optimal
2021-02-09 06:00:00,13,103,0.0,0.0,0.0,2.2896666666666663,15.981,6.0,-5,20.14378207740771,,0.0,0.0,0.0,0.0,48.048048048048045,optimal
2021-02-09 06:30:00,13,103,0.0,0.0,0.0,3.5161333333333333,15.6345,6.0,-5,20.07082933213753,,0.0,0.0,0.0,0.0,48.0,optimal
2021-02-09 07:00:00,13,103,0.0,0.0,0.0,1.7114666666666667,16.5375,6.0,-5,20.00702270836251,,0.0,0.0,0.0,0.0,47.8296090799963,optimal
2021-02-09 07:30:00,13,103,2.0,0.0,0.0,1.2537333333333331,14.7735,6.0,-5,19.932242974397987,,7000.0,0.0,0.0,0.0,47.65938855091261,optimal
2021-02-09 08:00:00,13,103,1.2066158493667043,0.0,0.0,0.1251333333333333,15.2145,6.0,-5,20.0,,4223.1554727834655,0.0,0.0,0.0,47.489338242358,optimal
2021-02-09 08:30:00,13,103,1.576853224260294,0.0,0.0,0.1663333333333333,14.553,6.0,-5,20.0,,5518.986284911029,0.0,0.0,0.0,47.31945798411195,optimal
2021-02-09 09:00:00,13,103,2.0,0.0,0.0,0.1268,14.3325,6.0,-5,20.028888697492583,,7000.0,0.0,0.0,0.0,47.149747606124144,optimal
2021-02-09 09:30:00,13,103,2.0,0.0,0.0,0.054,14.595,6.0,-5,20.08857235429261,,7000.0,0.0,0.0,0.0,46.98020693851432,optimal
2021-02-09 10:00:00,13,103,0.0,0.0,0.0,0.054,14.994,6.0,-5,20.14791903246409,,0.0,0.0,0.0,0.0,46.81083581157211,optimal
2021-02-09 10:30:00,13,103,2.0,0.0,0.0,0.054,14.3325,6.0,-5,20.06100462563085,,7000.0,0.0,0.0,0.0,46.641634055756846,optimal
2021-02-09 11:00:00,13,103,2.0,0.0,0.0,0.054,13.8915,6.0,-5,20.122971547258363,,7000.0,0.0,0.0,0.0,46.47260150169739,optimal
2021-02-09 11:30:00,13,103,2.0,0.0,0.0,0.2338,13.8915,6.0,-5,20.185791517067223,,7000.0,0.0,0.0,0.0,46.303737980192,optimal
2021-02-09 12:00:00,13,103,2.0,0.0,0.0,1.1426666666666667,13.4715,6.0,-5,20.25233819006369,,7000.0,0.0,0.0,0.0,46.13504332220811,optimal
2021-02-09 12:30:00,13,103,2.0,0.0,0.0,0.3385333333333333,13.23,6.0,-5,20.32224241710882,,7000.0,0.0,0.0,0.0,45.96651735888221,optimal
2021-02-09 13:00:00,13,103,2.0,0.0,0.0,0.1753333333333333,13.8915,6.0,-5,20.39719506838409,,7000.0,0.0,0.0,0.0,45.79815992151963,optimal
2021-02-09 13:30:00,13,103,0.0,0.0,0.0,0.2793666666666666,26.9325,6.0,-5,20.46916987603593,,0.0,0.0,0.0,0.0,45.629970841594414,optimal
2021-02-09 14:00:00,13,103,0.0,0.0,0.0,2.0920666666666667,30.303,6.0,-5,20.39504599636041,,0.0,0.0,0.0,0.0,45.46194995074912,optimal
2021-02-09 14:30:00,13,103,0.0,0.0,0.0,0.371,32.886,6.0,-5,20.32205460853626,,0.0,0.0,0.0,0.0,45.29409708079468,optimal
2021-02-09 15:00:00,13,103,0.0,0.0,0.0,2.174,34.9965,6.0,-5,20.25126274260312,,0.0,0.0,0.0,0.0,45.12641206371019,optimal
2021-02-09 15:30:00,13,103,0.0,0.0,0.0,1.3606666666666667,33.327,6.0,-5,20.18276286393421,,0.0,0.0,0.0,0.0,44.95889473164279,optimal
2021-02-09 16:00:00,13,103,0.0,0.0,0.0,1.3564,31.122,6.0,-5,20.11920567922111,,0.0,0.0,0.0,0.0,44.79154491690745,optimal
2021-02-09 16:30:00,13,103,0.0,0.0,0.0,1.5882,17.9025,6.0,-5,20.05913677401553,,0.0,0.0,0.0,0.0,44.62436245198685,optimal
2021-02-09 17:00:00,13,103,0.82986673754059,0.0,0.0,1.8741333333333328,15.6555,6.0,-5,20.0,,2904.533581392065,0.0,0.0,0.0,44.45734716953117,optimal
2021-02-09 17:30:00,13,103,0.8060833622367898,0.0,0.0,2.085366666666667,14.553,6.0,-5,20.0,,2821.291767828764,0.0,0.0,0.0,44.29049890235794,optimal
2021-02-09 18:00:00,13,103,0.8145266616067942,0.0,0.0,0.2545333333333333,14.3325,6.0,-5,20.0,,2641.84331562378,0.0,209.0,0.0,44.12381748345189,optimal
2021-02-09 18:30:00,13,103,0.7962764444967981,0.0,0.0,0.3150666666666666,13.335,6.0,-5,20.0,,2786.9675557387936,0.0,0.0,0.0,43.95730274596474,optimal
2021-02-09 19:00:00,13,103,1.5603216888525948,0.0,0.0,0.3382,12.1275,6.0,-5,20.0,,5461.125910984082,0.0,0.0,0.0,43.79095452321508,optimal
2021-02-09 19:30:00,13,103,0.0,0.0,0.0,2.5065,12.2955,6.0,-5,20.052474192372365,,0.0,0.0,0.0,0.0,43.624772648688165,optimal
2021-02-09 20:00:00,13,103,0.7875976559582115,0.0,0.0,0.3887333333333334,11.6865,6.0,-5,20.0,,2756.59179585374,0.0,0.0,0.0,43.45875695603578,optimal
2021-02-09 20:30:00,13,103,0.0,0.0,0.0,0.2364,11.466,6.0,-5,20.0,,0.0,0.0,0.0,0.0,43.29290727907605,optimal
2021-02-09 21:00:00,13,103,0.0597142857142857,0.0,0.0,0.3268999999999999,10.8045,6.0,-5,19.94134002178672,,0.0,0.0,209.0,0.0,43.12722345179328,optimal
2021-02-09 21:30:00,13,103,0.7364761904761903,0.0,0.0,0.5058,10.584,6.0,-5,19.88274089181977,,0.0,0.0,2577.666666666666,0.0,42.96170530833779,optimal
2021-02-09 22:00:00,13,103,0.0,0.0,0.0,1.9593333333333327,11.2455,6.0,-5,19.82727601243849,,0.0,0.0,0.0,0.0,42.79635268302576,optimal
2021-02-09 22:30:00,13,103,0.0,0.0,0.0,1.2040666666666666,12.1275,6.0,-5,19.77887306390853,,0.0,0.0,0.0,0.0,42.63116541033904,optimal
2021-02-09 23:00:00,13,103,0.0,0.0,0.0,2.250266666666667,11.823,6.0,-5,19.72630677970456,,0.0,0.0,0.0,0.0,42.588534244928695,optimal
2021-02-09 23:30:00,13,103,0.0,0.0,0.0,0.4457333333333333,11.7705,6.0,-5,19.67206371669938,,0.0,0.0,0.0,0.0,42.54594571068377,optimal
2021-02-10 00:00:00,13,103,2.0,0.0,0.0,0.2814666666666666,13.3665,6.0,4,19.67206371669938,,7000.0,0.0,0.0,0.0,42.50339976497308,optimal
2021-02-10 00:30:00,13,103,2.0,0.0,0.0,0.071,12.789,6.0,4,19.741906260600704,,0.0,0.0,7000.0,0.0,42.46089636520811,optimal
2021-02-10 01:00:00,13,103,2.0,0.0,0.0,0.1398,11.907,6.0,4,19.658282834586306,,2853.333333333333,0.0,4146.666666666667,0.0,42.4184354688429,optimal
2021-02-10 01:30:00,13,103,2.0,0.0,0.0,0.2221999999999999,11.7075,6.0,4,19.636202463629584,,7000.0,0.0,0.0,0.0,42.376017033374055,optimal
2021-02-10 02:00:00,13,103,2.0,0.0,0.0,0.066,10.8045,6.0,4,19.702792174018505,,7000.0,0.0,0.0,0.0,42.33364101634068,optimal
2021-02-10 02:30:00,13,103,2.0,0.0,0.0,0.2120999999999999,11.508,6.0,4,19.76533804603369,,7000.0,0.0,0.0,0.0,42.29130737532434,optimal
2021-02-10 03:00:00,13,103,2.0,0.0,0.0,0.1499,11.508,6.0,4,19.830675631848013,,7000.0,0.0,0.0,0.0,42.249016067949015,optimal
2021-02-10 03:30:00,13,103,2.0,0.0,0.0,0.0873,11.508,6.0,4,19.89440746639478,,7000.0,0.0,0.0,0.0,42.206767051881066,optimal
2021-02-10 04:00:00,13,103,2.0,0.0,0.0,0.2747,11.844,6.0,4,19.95653241429503,,7000.0,0.0,0.0,0.0,42.16456028482919,optimal
2021-02-10 04:30:00,13,103,2.0,0.0,0.0,0.066,11.508,6.0,4,20.02232036743613,,7000.0,0.0,0.0,0.0,42.122395724544354,optimal
2021-02-10 05:00:00,13,103,2.0,0.0,0.0,0.066,11.508,6.0,4,20.082962973111822,,7000.0,0.0,0.0,0.0,42.08027332881981,optimal
2021-02-10 05:30:00,13,103,2.0,0.0,5.0,0.0701,10.4475,6.0,4,20.14287679424128,,7000.0,0.0,0.0,0.0,44.413193055490986,optimal
2021-02-10 06:00:00,13,103,2.0,0.0,2.842077794584046,0.3665666666666666,10.8675,6.0,4,20.202151443760844,,7000.0,0.0,0.0,0.0,45.71876681486292,optimal
2021-02-10 06:30:00,13,103,2.0,0.0,5.0,0.2452666666666667,10.542,6.0,4,20.269694845573003,,7000.0,0.0,0.0,0.0,48.048048048048045,optimal
2021-02-10 07:00:00,13,103,2.0,0.0,0.0,0.5035333333333334,11.025,6.0,4,20.343986581716614,,7000.0,0.0,0.0,0.0,48.0,optimal
2021-02-10 07:30:00,13,103,2.0,0.0,0.0,0.3388,11.025,6.0,4,20.41938259505687,,7000.0,0.0,0.0,0.0,47.6735813250661,optimal
2021-02-10 08:00:00,13,103,2.0,0.0,0.0,0.4579666666666666,14.553,6.0,4,20.48748552452553,,7000.0,0.0,0.0,0.0,47.34748906880714,optimal
2021-02-10 08:30:00,13,103,2.0,0.0,0.0,1.620266666666667,13.0935,6.0,4,20.555307368442,,7000.0,0.0,0.0,0.0,47.02172290480444,optimal
2021-02-10 09:00:00,13,103,2.0,0.0,0.0,2.340133333333333,15.6345,6.0,4,20.629598418103324,,7000.0,0.0,0.0,0.0,46.696282506965744,optimal
2021-02-10 09:30:00,13,103,0.0,0.0,0.0,2.866,18.102,6.0,4,20.702506994455103,,0.0,0.0,0.0,0.0,46.37116754952488,optimal
2021-02-10 10:00:00,13,103,0.0,0.0,0.0,0.8907333333333334,17.199,6.0,4,20.63002089804928,,0.0,0.0,0.0,0.0,46.046377707041465,optimal
2021-02-10 10:30:00,13,103,0.0,0.0,0.0,0.1653333333333333,18.2805,6.0,4,20.55184189404035,,0.0,0.0,0.0,0.0,45.721912654400526,optimal
2021-02-10 11:00:00,13,103,0.0,0.0,0.0,0.2425999999999999,17.4615,6.0,4,20.46544991996346,,0.0,0.0,0.0,0.0,45.39777206681223,optimal
2021-02-10 11:30:00,13,103,0.0,0.0,0.0,0.1394,18.3225,6.0,4,20.379921983621774,,0.0,0.0,0.0,0.0,45.07395561981152,optimal
2021-02-10 12:00:00,13,103,0.0,0.0,0.0,0.117,17.094,6.0,4,20.29306332659201,,0.0,0.0,0.0,0.0,44.75046298925781,optimal
2021-02-10 12:30:00,13,103,1.375915368938308,0.0,0.0,0.1088,17.094,6.0,4,20.20658086065264,,4815.703791284078,0.0,0.0,0.0,44.42729385133466,optimal
2021-02-10 13:00:00,13,103,2.0,0.0,0.0,0.2608999999999999,17.094,6.0,4,20.22169065358092,,7000.0,0.0,0.0,0.0,44.10444788254943,optimal
2021-02-10 13:30:00,13,103,0.0,0.0,0.0,0.1211,17.3565,6.0,4,20.285913990874395,,0.0,0.0,0.0,0.0,43.78192475973299,optimal
2021-02-10 14:00:00,13,103,2.0,0.0,0.0,0.1238,17.115,6.0,4,20.2004576021406,,7000.0,0.0,0.0,0.0,43.45972416003936,optimal
2021-02-10 14:30:00,13,103,2.0,0.0,0.0,0.3475333333333333,17.241,6.0,4,20.263705929031207,,7000.0,0.0,0.0,0.0,43.137845760945424,optimal
2021-02-10 15:00:00,13,103,2.0,0.0,0.0,0.3437666666666666,17.094,6.0,4,20.333082079264823,,7000.0,0.0,0.0,0.0,42.81628924025058,optimal
2021-02-10 15:30:00,13,103,2.0,0.0,0.0,0.2095999999999999,16.5165,6.0,4,20.406290420985204,,7000.0,0.0,0.0,0.0,42.49505427607644,optimal
2021-02-10 16:00:00,13,103,0.0,0.0,0.0,0.1683,17.8185,6.0,4,20.46950373683249,,0.0,0.0,0.0,0.0,42.17414054686647,optimal
2021-02-10 16:30:00,13,103,2.0,0.0,0.0,0.1435,17.094,6.0,4,20.38330069895215,,7000.0,0.0,0.0,0.0,41.8535477313857,optimal
2021-02-10 17:00:00,13,103,2.0,0.0,0.0,0.2385,16.8945,6.0,4,20.443412204903264,,7000.0,0.0,0.0,0.0,41.53327550872042,optimal
2021-02-10 17:30:00,13,103,0.0,0.0,0.0,0.076,18.123,6.0,4,20.504343454199383,,0.0,0.0,0.0,0.0,41.21332355827781,optimal
2021-02-10 18:00:00,13,103,0.0,0.0,0.0,0.2847,31.647,6.0,4,20.414451565949854,,0.0,0.0,0.0,0.0,40.89369155978564,optimal
2021-02-10 18:30:00,13,103,0.0,0.0,0.0,0.0973,34.9965,6.0,4,20.32958754223825,,0.0,0.0,0.0,0.0,40.57437919329195,optimal
2021-02-10 19:00:00,13,103,0.0,0.0,0.0,0.1365333333333333,34.9965,6.0,4,20.239349000139647,,0.0,0.0,0.0,0.0,40.25538613916476,optimal
2021-02-10 19:30:00,13,103,0.0,0.0,0.0,0.8394666666666667,34.9965,6.0,4,20.1510213094729,,0.0,0.0,0.0,0.0,39.9367120780917,optimal
2021-02-10 20:00:00,13,103,0.0,0.0,0.0,0.6623,34.9965,6.0,4,20.07811915753581,,0.0,0.0,0.0,0.0,39.61835669107971,optimal
2021-02-10 20:30:00,13,103,0.0,0.0,0.0,0.3017333333333333,34.9965,6.0,4,20.0,,0.0,0.0,0.0,0.0,39.300319659454736,optimal
2021-02-10 21:00:00,13,103,0.0,0.0,0.0,0.2556,27.741,6.0,4,19.91683141320195,,0.0,0.0,0.0,0.0,39.26101933979528,optimal
2021-02-10 21:30:00,13,103,0.0,0.0,0.0,0.4230333333333334,19.026,6.0,4,19.839444987530435,,0.0,0.0,0.0,0.0,39.221758320455486,optimal
2021-02-10 22:00:00,13,103,0.0,0.0,0.0,0.4709666666666666,18.7215,6.0,4,19.7597622622825,,0.0,0.0,0.0,0.0,39.18253656213503,optimal
2021-02-10 22:30:00,13,103,0.0,0.0,0.0,0.5116,17.4195,6.0,4,19.67139643610765,,0.0,0.0,0.0,0.0,39.14335402557289,optimal
2021-02-10 23:00:00,13,103,0.0,0.0,0.0,0.2989,16.758,6.0,4,19.58370349419807,,0.0,0.0,0.0,0.0,39.104210671547314,optimal
2021-02-10 23:30:00,13,103,0.0,0.0,0.0,0.076,14.217,6.0,4,19.486435852090697,,0.0,0.0,0.0,0.0,39.06510646087577,optimal
2021-02-11 00:00:00,13,103,2.0,0.0,0.0,0.055,12.873,6.0,6,19.486435852090697,,7000.0,0.0,0.0,0.0,39.02604135441489,optimal
2021-02-11 00:30:00,13,103,2.0,0.0,0.0,0.055,12.684,6.0,6,19.53473947800717,,242.333333333334,0.0,6757.666666666666,0.0,38.98701531306048,optimal
2021-02-11 01:00:00,13,103,2.0,0.0,0.0,0.055,12.306,6.0,6,19.44102599480135,,7000.0,0.0,0.0,0.0,38.94802829774741,optimal
2021-02-11 01:30:00,13,103,2.0,0.0,5.0,0.055,10.6365,6.0,6,19.49044296739652,,7000.0,0.0,0.0,0.0,41.28408026944967,optimal
2021-02-11 02:00:00,13,103,2.0,0.0,0.0,0.055,11.2455,6.0,6,19.53963575086205,,7000.0,0.0,0.0,0.0,41.24279618918022,optimal
2021-02-11 02:30:00,13,103,2.0,0.0,0.0,0.055,11.2455,6.0,6,19.588605362272915,,7000.0,0.0,0.0,0.0,41.20155339299104,optimal
2021-02-11 03:00:00,13,103,2.0,0.0,0.0,0.055,11.025,6.0,6,19.63689914580986,,7000.0,0.0,0.0,0.0,41.16035183959804,optimal
2021-02-11 03:30:00,13,103,2.0,0.0,0.0,0.055,12.0855,6.0,6,19.684520167489577,,7000.0,0.0,0.0,0.0,41.11919148775844,optimal
2021-02-11 04:00:00,13,103,2.0,0.0,0.0,0.055,11.6865,6.0,6,19.73305931839947,,7000.0,0.0,0.0,0.0,41.07807229627068,optimal
2021-02-11 04:30:00,13,103,2.0,0.0,0.0,0.0546666666666666,11.2245,6.0,6,19.78251243327845,,7000.0,0.0,0.0,0.0,41.03699422397441,optimal
2021-02-11 05:00:00,13,103,2.0,0.0,0.0,0.0593333333333333,11.025,6.0,6,19.83235516528949,,7000.0,0.0,0.0,0.0,40.99595722975044,optimal
2021-02-11 05:30:00,13,103,2.0,0.0,5.0,0.0586666666666666,10.7835,6.0,6,19.88211562108884,,7000.0,0.0,0.0,0.0,43.32996127252069,optimal
2021-02-11 06:00:00,13,103,2.0,0.0,0.0,0.055,11.025,6.0,6,19.93202668550325,,7000.0,0.0,0.0,0.0,43.286631311248165,optimal
2021-02-11 06:30:00,13,103,2.0,0.0,5.0,0.055,10.584,6.0,6,19.982845489950343,,7000.0,0.0,0.0,0.0,45.61834467993692,optimal
2021-02-11 07:00:00,13,103,2.0,0.0,0.5102678927333746,0.4812333333333333,11.025,6.0,6,20.034567916301533,,7000.0,0.0,0.0,0.0,45.81510358430533,optimal
2021-02-11 07:30:00,13,103,2.0,0.0,5.0,1.734,10.4265,6.0,6,20.09274198033863,,7000.0,0.0,0.0,0.0,48.144288480721016,optimal
2021-02-11 08:00:00,13,103,2.0,0.0,0.0,0.1802,12.789,6.0,6,20.15317864812515,,7000.0,0.0,0.0,0.0,48.096144192240295,optimal
2021-02-11 08:30:00,13,103,2.0,0.0,0.0,0.403,12.684,6.0,6,20.21321502295269,,7000.0,0.0,0.0,0.0,48.048048048048045,optimal
2021-02-11 09:00:00,13,103,2.0,0.0,0.0,1.0895,16.254,6.0,6,20.276896640116867,,7000.0,0.0,0.0,0.0,48.0,optimal
2021-02-11 09:30:00,13,103,2.0,0.0,0.0,2.1211,17.64,6.0,6,20.34247241011759,,7000.0,0.0,0.0,0.0,47.5802099938738,optimal
2021-02-11 10:00:00,13,103,0.0,0.0,0.0,0.4889333333333333,19.1625,6.0,6,20.41722940321906,,0.0,0.0,0.0,0.0,47.16083977775373,optimal
2021-02-11 10:30:00,13,103,0.0,0.0,0.0,0.5054666666666666,26.46,6.0,6,20.344916366194266,,0.0,0.0,0.0,0.0,46.74188893184978,optimal
2021-02-11 11:00:00,13,103,0.0,0.0,0.0,0.3258,20.79,6.0,6,20.270190295097283,,0.0,0.0,0.0,0.0,46.32335703679173,optimal
2021-02-11 11:30:00,13,103,0.0,0.0,0.0,0.3982333333333333,29.106,6.0,6,20.18806898219892,,0.0,0.0,0.0,0.0,45.905243673628746,optimal
2021-02-11 12:00:00,13,103,1.261170652432044,0.0,0.0,0.3797666666666666,19.1835,6.0,6,20.108846060431667,,4414.097283512155,0.0,0.0,0.0,45.48754842382892,optimal
2021-02-11 12:30:00,13,103,0.0,0.0,0.0,0.4756666666666667,19.6665,6.0,6,20.12961680322473,,0.0,0.0,0.0,0.0,45.07027086927889,optimal
2021-02-11 13:00:00,13,103,0.0,0.0,0.0,0.2913333333333333,19.404,6.0,6,20.06242023225611,,0.0,0.0,0.0,0.0,44.65341059228341,optimal
2021-02-11 13:30:00,13,103,0.8321153017551333,0.0,0.0,0.2956,19.047,6.0,6,20.0,,2912.4035561429664,0.0,0.0,0.0,44.236967175564935,optimal
2021-02-11 14:00:00,13,103,1.7826056238795294,0.0,0.0,0.277,18.858,6.0,6,20.0,,6239.119683578352,0.0,0.0,0.0,43.82094020226317,optimal
2021-02-11 14:30:00,13,103,0.0,0.0,0.0,0.223,19.2675,6.0,6,20.06690312858945,,0.0,0.0,0.0,0.0,43.40532925593471,optimal
2021-02-11 15:00:00,13,103,1.0010226864240586,0.0,0.0,0.1616666666666666,18.963,6.0,6,20.0,,3503.5794024842053,0.0,0.0,0.0,42.99013392055258,optimal
2021-02-11 15:30:00,13,103,2.0,0.0,0.0,0.065,18.438,6.0,6,20.0,,7000.0,0.0,0.0,0.0,42.57535378050583,optimal
2021-02-11 16:00:00,13,103,0.4581481962349831,0.0,0.0,0.065,18.7425,6.0,6,20.059542722950173,,1603.5186868224412,0.0,0.0,0.0,42.160988420599125,optimal
2021-02-11 16:30:00,13,103,2.0,0.0,0.0,0.065,15.2145,6.0,6,20.0,,7000.0,0.0,0.0,0.0,41.74703742605233,optimal
2021-02-11 17:00:00,13,103,1.9002680002579004,0.0,0.0,0.065,17.7765,6.0,6,20.0502425213546,,6650.938000902652,0.0,0.0,0.0,41.33350038250008,optimal
2021-02-11 17:30:00,13,103,2.0,0.0,0.0,0.2368666666666666,16.758,6.0,6,20.08882619409881,,7000.0,0.0,0.0,0.0,40.92037687599139,optimal
2021-02-11 18:00:00,13,103,2.0,0.0,0.0,1.677533333333333,16.422,6.0,6,20.139506093393816,,7000.0,0.0,0.0,0.0,40.5076664929892,optimal
2021-02-11 18:30:00,13,103,2.0,0.0,0.0,0.2668999999999999,16.758,6.0,6,20.206029143579592,,7000.0,0.0,0.0,0.0,40.09536882037001,optimal
2021-02-11 19:00:00,13,103,0.0,0.0,0.0,1.0198333333333334,29.358,6.0,6,20.26225451712937,,0.0,0.0,0.0,0.0,39.68348344542345,optimal
2021-02-11 19:30:00,13,103,0.0,0.0,0.0,1.6265333333333334,34.9965,6.0,6,20.18528823460628,,0.0,0.0,0.0,0.0,39.27200995585183,optimal
2021-02-11 20:00:00,13,103,0.0,0.0,0.0,0.2066,34.65,6.0,6,20.10233960677029,,0.0,0.0,0.0,0.0,38.86094793976978,optimal
2021-02-11 20:30:00,13,103,0.0,0.0,0.0,1.1364,34.9965,6.0,6,20.0,,0.0,0.0,0.0,0.0,38.450296985703815,optimal
2021-02-11 21:00:00,13,103,0.0,0.0,0.0,0.1599333333333333,34.9965,6.0,6,19.899399871092427,,0.0,0.0,0.0,0.0,38.04005668259192,optimal
2021-02-11 21:30:00,13,103,0.0,0.0,0.0,0.1181333333333333,30.4815,6.0,6,19.801332928117656,,0.0,0.0,0.0,0.0,37.63022661978313,optimal
2021-02-11 22:00:00,13,103,0.0,0.0,0.0,0.1199666666666666,21.4305,6.0,6,19.704303740127525,,0.0,0.0,0.0,0.0,37.22080638703715,optimal
2021-02-11 22:30:00,13,103,0.0199047619047619,0.0,0.0,0.2188,14.3325,6.0,6,19.605897327462667,,0.0,0.0,69.66666666666666,0.0,37.18358558065011,optimal
2021-02-11 23:00:00,13,103,0.0398095238095238,0.0,0.0,0.2816666666666667,13.692,6.0,6,19.506961124284853,,0.0,0.0,139.33333333333331,0.0,37.14640199506946,optimal
2021-02-11 23:30:00,13,103,0.0,0.0,0.0,0.3179333333333333,14.007,6.0,6,19.405910333336763,,0.0,0.0,0.0,0.0,37.1092555930744,optimal
2021-02-12 00:00:00,13,103,2.0,0.0,5.0,0.2814666666666666,9.8385,6.0,-9,19.405910333336763,,6721.333333333333,0.0,278.66666666666663,0.0,39.44714633748132,optimal
2021-02-12 00:30:00,13,103,2.0,0.0,5.0,0.2517666666666667,11.067,6.0,-9,19.442225874949667,,4840.333333333334,0.0,2159.6666666666665,0.0,41.78269919114384,optimal
2021-02-12 01:00:00,13,103,2.0,0.0,5.0,0.1682666666666666,10.8465,6.0,-9,19.442796563509795,,7000.0,0.0,0.0,0.0,44.115916491952696,optimal
2021-02-12 01:30:00,13,103,2.0,0.0,0.0,0.1450666666666666,13.671,6.0,-9,19.47917140672077,,7000.0,0.0,0.0,0.0,44.07180057546074,optimal
2021-02-12 02:00:00,13,103,2.0,0.0,5.0,0.104,12.348,6.0,-9,19.515346527625063,,7000.0,0.0,0.0,0.0,46.40272877488528,optimal
2021-02-12 02:30:00,13,103,2.0,0.0,0.0,0.1734,14.3325,6.0,-9,19.550946731679904,,7000.0,0.0,0.0,0.0,46.3563260461104,optimal
2021-02-12 03:00:00,13,103,2.0,0.0,0.0,0.1551333333333333,15.393,6.0,-9,19.589207332043497,,7000.0,0.0,0.0,0.0,46.30996972006429,optimal
2021-02-12 03:30:00,13,103,2.0,0.0,0.0,0.0812,13.587,6.0,-9,19.62827084025704,,7000.0,0.0,0.0,0.0,46.26365975034423,optimal
2021-02-12 04:00:00,13,103,1.445031424680432,0.0,0.0,0.0814,16.1385,6.0,-9,19.66877648086788,,5057.6099863815125,0.0,0.0,0.0,46.21739609059388,optimal
2021-02-12 04:30:00,13,103,2.0,0.0,0.0,0.1635333333333333,14.595,6.0,-9,19.671390146366065,,7000.0,0.0,0.0,0.0,46.17117869450328,optimal
2021-02-12 05:00:00,13,103,2.0,0.0,0.0,0.0736,14.637,6.0,-9,19.719784674526487,,7000.0,0.0,0.0,0.0,46.12500751580878,optimal
2021-02-12 05:30:00,13,103,2.0,0.0,0.0,0.1781333333333333,13.9125,6.0,-9,19.76924219668153,,7000.0,0.0,0.0,0.0,46.07888250829297,optimal
2021-02-12 06:00:00,13,103,2.0,0.0,0.0,0.1276,13.3665,6.0,-9,19.824305161283384,,7000.0,0.0,0.0,0.0,46.03280362578468,optimal
2021-02-12 06:30:00,13,103,2.0,0.0,0.0,0.066,13.0095,6.0,-9,19.88168392164671,,7000.0,0.0,0.0,0.0,45.986770822158896,optimal
2021-02-12 07:00:00,13,103,2.0,0.0,0.0,0.4260666666666666,13.8915,6.0,-9,19.937959335933783,,7000.0,0.0,0.0,0.0,45.940784051336735,optimal
2021-02-12 07:30:00,13,103,2.0,0.0,0.0,1.1097,13.188,6.0,-9,20.00752506509377,,7000.0,0.0,0.0,0.0,45.8948432672854,optimal
2021-02-12 08:00:00,13,103,2.0,0.0,4.528529633646082,0.5994666666666667,12.5685,6.0,-9,20.079486131038564,,7000.0,0.0,0.0,0.0,48.0,optimal
2021-02-12 08:30:00,13,103,2.0,0.0,0.0,0.4281999999999999,12.285,6.0,-9,20.151648178314137,,7000.0,0.0,0.0,0.0,47.45342842414291,optimal
2021-02-12 09:00:00,13,103,2.0,0.0,0.0,0.0862666666666666,11.487,6.0,-9,20.204846157573467,,7000.0,0.0,0.0,0.0,46.90740341986169,optimal
2021-02-12 09:30:00,13,103,2.0,0.0,0.0,0.076,11.802,6.0,-9,20.243271635476763,,7000.0,0.0,0.0,0.0,46.36192444058474,optimal
2021-02-12 10:00:00,13,103,2.0,0.0,0.0,0.2573333333333333,11.2245,6.0,-9,20.29128737381677,,7000.0,0.0,0.0,0.0,45.81699094028708,optimal
2021-02-12 10:30:00,13,103,2.0,0.0,0.0,0.076,11.025,6.0,-9,20.352883124909248,,7000.0,0.0,0.0,0.0,45.2726023734897,optimal
2021-02-12 11:00:00,13,103,2.0,0.0,0.0,0.2419333333333333,11.907,6.0,-9,20.41219696812133,,7000.0,0.0,0.0,0.0,44.72875819525913,optimal
2021-02-12 11:30:00,13,103,0.0,0.0,0.0,0.0914,25.83,6.0,-9,20.476549362509143,,0.0,0.0,0.0,0.0,44.18545786120679,optimal
2021-02-12 12:00:00,13,103,0.0,0.0,0.0,0.418,28.035,6.0,-9,20.39031500191466,,0.0,0.0,0.0,0.0,43.6427008274885,optimal
2021-02-12 12:30:00,13,103,0.0,0.0,0.0,0.3814666666666665,28.119,6.0,-9,20.31466816721351,,0.0,0.0,0.0,0.0,43.10048655080392,optimal
2021-02-12 13:00:00,13,103,0.0,0.0,0.0,0.5179,30.156,6.0,-9,20.23882231078101,,0.0,0.0,0.0,0.0,42.55881448839603,optimal
2021-02-12 13:30:00,13,103,0.0,0.0,0.0,0.1693333333333333,29.1585,6.0,-9,20.16662985842236,,0.0,0.0,0.0,0.0,42.01768409805055,optimal
2021-02-12 14:00:00,13,103,0.0,0.0,0.0,0.076,26.712,6.0,-9,20.0850090768296,,0.0,0.0,0.0,0.0,41.47709483809542,optimal
2021-02-12 14:30:00,13,103,1.1181300444979574,0.0,0.0,0.2041333333333333,15.435,6.0,-9,20.0,,3913.455155742851,0.0,0.0,0.0,40.93704616740024,optimal
2021-02-12 15:00:00,13,103,0.98623048987078,0.0,0.0,0.4398,13.566,6.0,-9,20.0,,3451.8067145477303,0.0,0.0,0.0,40.39753754537576,optimal
2021-02-12 15:30:00,13,103,0.8670668554864975,0.0,0.0,0.4735,12.789,6.0,-9,20.0,,3034.733994202741,0.0,0.0,0.0,39.858568431973296,optimal
2021-02-12 16:00:00,13,103,1.607592242002282,0.0,0.0,0.6952666666666667,12.1275,6.0,-9,20.0,,4651.239513674655,0.0,975.3333333333334,0.0,39.32013828768424,optimal
2021-02-12 16:30:00,13,103,0.0,0.0,0.0,2.7485,13.671,6.0,-9,20.03808955112538,,0.0,0.0,0.0,0.0,38.78224657353947,optimal
2021-02-12 17:00:00,13,103,2.0,0.0,0.0,0.4362,10.668,6.0,-9,20.0,,6094.333333333333,0.0,905.6666666666666,0.0,38.74346432696593,optimal
2021-02-12 17:30:00,13,103,0.0,0.0,0.0,0.4737333333333333,11.7285,6.0,-9,20.069473981863105,,0.0,0.0,0.0,0.0,38.704720862638965,optimal
2021-02-12 18:00:00,13,103,0.5792894861805389,0.0,0.0,0.3474666666666666,11.025,6.0,-9,20.01148021782392,,2027.5132016318864,0.0,0.0,0.0,38.666016141776325,optimal
2021-02-12 18:30:00,13,103,0.8480998343160545,0.0,0.0,0.3802,10.689,6.0,-9,20.0,,2480.6827534395243,0.0,487.6666666666667,0.0,38.62735012563455,optimal
2021-02-12 19:00:00,13,103,2.0,0.0,0.0,0.5476,8.1585,6.0,-9,20.0,,2420.791846657748,0.0,4579.208153342252,0.0,38.58872277550891,optimal
2021-02-12 19:30:00,13,103,1.7234917093040765,0.0,0.0,1.417166666666667,10.3635,6.0,-9,20.0,,5107.762469239852,0.0,924.4585133244154,0.0,38.550134052733405,optimal
2021-02-12 20:00:00,13,103,0.0,0.0,0.0,0.4223333333333333,10.8045,6.0,-9,20.057865447141143,,0.0,0.0,0.0,0.0,38.51158391868067,optimal
2021-02-12 20:30:00,13,103,0.0,0.0,0.0,0.5153666666666666,11.025,6.0,-9,20.0,,0.0,0.0,0.0,0.0,38.47307233476199,optimal
2021-02-12 21:00:00,13,103,1.5525714285714287,0.0,0.0,0.6195333333333333,10.3635,6.0,-9,19.937916969007947,,0.0,0.0,5434.0,0.0,38.43459926242723,optimal
2021-02-12 21:30:00,13,103,0.0,0.0,0.0,0.4372666666666666,10.8045,6.0,-9,19.876985098309746,,0.0,0.0,0.0,0.0,38.3961646631648,optimal
2021-02-12 22:00:00,13,103,0.0398095238095238,0.0,0.0,0.3793333333333333,10.059,6.0,-9,19.817136078216404,,0.0,0.0,139.33333333333331,0.0,38.35776849850164,optimal
2021-02-12 22:30:00,13,103,0.0,0.0,0.0,0.076,10.584,6.0,-9,19.74400230292985,,0.0,0.0,0.0,0.0,38.319410730003135,optimal
2021-02-12 23:00:00,13,103,0.0,0.0,0.0,0.1376,9.4185,6.0,-9,19.657678933767546,,0.0,0.0,0.0,0.0,38.28109131927313,optimal
2021-02-12 23:30:00,13,103,0.0,0.0,0.0,0.1691333333333333,10.3635,6.0,-9,19.57304389147048,,0.0,0.0,0.0,0.0,38.24281022795386,optimal
2021-02-13 00:00:00,13,103,2.0,0.0,1.3487888620330062,0.1296,8.379,6.0,-5,19.57304389147048,,6860.666666666667,0.0,139.33333333333331,0.0,38.84524212719158,optimal
2021-02-13 00:30:00,13,103,2.0,0.0,0.0,0.2619666666666666,9.5235,6.0,-5,19.64180050739795,,0.0,0.0,7000.0,0.0,38.80639688506439,optimal
2021-02-13 01:00:00,13,103,2.0,0.0,5.0,0.1156,8.1375,6.0,-5,19.57123340637288,,2574.666666666667,0.0,4425.333333333333,0.0,41.14259048817932,optimal
2021-02-13 01:30:00,13,103,2.0,0.0,0.0,0.0806666666666666,10.0905,6.0,-5,19.55461465625255,,7000.0,0.0,0.0,0.0,41.10144789769113,optimal
2021-02-13 02:00:00,13,103,2.0,0.0,5.0,0.2354,7.539,6.0,-5,19.62746134662847,,7000.0,0.0,0.0,0.0,43.43534644979344,optimal
2021-02-13 02:30:00,13,103,2.0,0.0,5.0,0.0957,7.938,6.0,-5,19.702528353839263,,7000.0,0.0,0.0,0.0,45.76691110334364,optimal
2021-02-13 03:00:00,13,103,2.0,0.0,5.0,0.1904,8.274,6.0,-5,19.77525992886948,,7000.0,0.0,0.0,0.0,48.096144192240295,optimal
2021-02-13 03:30:00,13,103,2.0,0.0,0.0,0.2352,9.261,6.0,-5,19.852275793206,,7000.0,0.0,0.0,0.0,48.048048048048045,optimal
2021-02-13 04:00:00,13,103,2.0,0.0,0.0,0.3642666666666666,9.9225,6.0,-5,19.928896460362527,,7000.0,0.0,0.0,0.0,48.0,optimal
2021-02-13 04:30:00,13,103,2.0,0.0,0.0,1.0345666666666666,9.702,6.0,-5,20.00581066819816,,7000.0,0.0,0.0,0.0,47.75577104206295,optimal
2021-02-13 05:00:00,13,103,2.0,0.0,0.0,0.8095,10.584,6.0,-5,20.07587378854599,,7000.0,0.0,0.0,0.0,47.51178631308383,optimal
2021-02-13 05:30:00,13,103,2.0,0.0,0.0,1.6930999999999998,10.143,6.0,-5,20.15645107143154,,7000.0,0.0,0.0,0.0,47.2680455688337,optimal
2021-02-13 06:00:00,13,103,0.0,0.0,0.0,0.076,13.0095,6.0,-5,20.25278759163801,,0.0,0.0,0.0,0.0,47.02454856532781,optimal
2021-02-13 06:30:00,13,103,2.0,0.0,0.0,0.2124,11.025,6.0,-5,20.169899532802617,,7000.0,0.0,0.0,0.0,46.78129505882544,optimal
2021-02-13 07:00:00,13,103,2.0,0.0,0.0,0.0686666666666666,12.789,6.0,-5,20.23664032419305,,7000.0,0.0,0.0,0.0,46.53828480582956,optimal
2021-02-13 07:30:00,13,103,2.0,0.0,0.0,0.1641999999999999,12.1275,6.0,-5,20.303666852105525,,7000.0,0.0,0.0,0.0,46.29551756308668,optimal
2021-02-13 08:00:00,13,103,2.0,0.0,0.0,0.3076,12.1695,6.0,-5,20.374124856211584,,7000.0,0.0,0.0,0.0,46.052993087586536,optimal
2021-02-13 08:30:00,13,103,2.0,0.0,0.0,0.065,12.306,6.0,-5,20.44439143083713,,7000.0,0.0,0.0,0.0,45.8107111365619,optimal
2021-02-13 09:00:00,13,103,0.0,0.0,0.0,1.1408666666666665,13.23,6.0,-5,20.50526108051012,,0.0,0.0,0.0,0.0,45.56867146748829,optimal
2021-02-13 09:30:00,13,103,0.0,0.0,0.0,0.5722,13.671,6.0,-5,20.43101624888473,,0.0,0.0,0.0,0.0,45.32687383808375,optimal
2021-02-13 10:00:00,13,103,0.0,0.0,0.0,0.1227999999999999,13.9335,6.0,-5,20.34484200427084,,0.0,0.0,0.0,0.0,45.08531800630861,optimal
2021-02-13 10:30:00,13,103,1.964495095161105,0.0,0.0,0.1475999999999999,13.293,6.0,-5,20.251912208420872,,6875.732833063868,0.0,0.0,0.0,44.84400373036525,optimal
2021-02-13 11:00:00,13,103,2.0,0.0,0.0,0.067,12.1065,6.0,-5,20.30488986995574,,7000.0,0.0,0.0,0.0,44.60293076869783,optimal
2021-02-13 11:30:00,13,103,2.0,0.0,0.0,0.0732,11.571,6.0,-5,20.35877323673209,,7000.0,0.0,0.0,0.0,44.36209887999208,optimal
2021-02-13 12:00:00,13,103,2.0,0.0,0.0,0.1972,11.025,6.0,-5,20.4127694984336,,7000.0,0.0,0.0,0.0,44.12150782317504,optimal
2021-02-13 12:30:00,13,103,2.0,0.0,0.0,0.1698,10.8465,6.0,-5,20.469357881858787,,7000.0,0.0,0.0,0.0,43.88115735741481,optimal
2021-02-13 13:00:00,13,103,2.0,0.0,0.0,0.3765,11.2455,6.0,-5,20.52915201497447,,7000.0,0.0,0.0,0.0,43.64104724212034,optimal
2021-02-13 13:30:00,13,103,0.0,0.0,0.0,0.7587999999999999,23.8665,6.0,-5,20.594265550962074,,0.0,0.0,0.0,0.0,43.40117723694117,optimal
2021-02-13 14:00:00,13,103,0.0,0.0,0.0,0.9371333333333332,27.4575,6.0,-5,20.517160396502987,,0.0,0.0,0.0,0.0,43.16154710176718,optimal
2021-02-13 14:30:00,13,103,0.0,0.0,0.0,0.2216,27.3735,6.0,-5,20.444922280968985,,0.0,0.0,0.0,0.0,42.92215659672836,optimal
2021-02-13 15:00:00,13,103,0.0,0.0,0.0,0.067,30.4605,6.0,-5,20.35911647448004,,0.0,0.0,0.0,0.0,42.683005482194574,optimal
2021-02-13 15:30:00,13,103,0.0,0.0,0.0,0.1972,30.0195,6.0,-5,20.268576653855995,,0.0,0.0,0.0,0.0,42.444093518775325,optimal
2021-02-13 16:00:00,13,103,0.0,0.0,0.0,0.0732,26.9325,6.0,-5,20.180734678495668,,0.0,0.0,0.0,0.0,42.2054204673195,optimal
2021-02-13 16:30:00,13,103,0.0,0.0,0.0,0.067,14.595,6.0,-5,20.090227293864444,,0.0,0.0,0.0,0.0,41.96698608891513,optimal
2021-02-13 17:00:00,13,103,1.1494677883779152,0.0,0.0,0.247,12.4845,6.0,-5,20.0,,4023.137259322703,0.0,0.0,0.0,41.72879014488916,optimal
2021-02-13 17:30:00,13,103,1.3210063178360458,0.0,0.0,0.1442333333333333,12.1275,6.0,-5,20.0,,3996.52211242616,0.0,627.0,0.0,41.49083239680722,optimal
2021-02-13 18:00:00,13,103,1.9334234276653697,0.0,0.0,0.3692,12.1275,6.0,-5,20.0,,6766.981996828794,0.0,0.0,0.0,41.25311260647336,optimal
2021-02-13 18:30:00,13,103,0.0,0.0,0.0,0.1561999999999999,12.789,6.0,-5,20.07250339342672,,0.0,0.0,0.0,0.0,41.01563053592983,optimal
2021-02-13 19:00:00,13,103,1.1486357657117416,0.0,0.0,0.2115333333333333,11.907,6.0,-5,20.0,,3671.8918466577625,0.0,348.3333333333333,0.0,40.77838594745685,optimal
2021-02-13 19:30:00,13,103,0.8922885808841422,0.0,0.0,0.6502666666666667,11.025,6.0,-5,20.0,,3123.010033094498,0.0,0.0,0.0,40.54137860357234,optimal
2021-02-13 20:00:00,13,103,1.44750520558035,0.0,0.0,1.9265333333333328,8.2005,6.0,-5,20.0,,2488.601552864559,0.0,2577.6666666666665,0.0,40.30460826703172,optimal
2021-02-13 20:30:00,13,103,0.0,0.0,0.0,0.2082333333333333,9.5655,6.0,-5,20.0,,0.0,0.0,0.0,0.0,40.06807470082764,optimal
2021-02-13 21:00:00,13,103,0.1393333333333333,0.0,0.0,1.806,7.056,6.0,-5,19.933182604859216,,0.0,0.0,487.6666666666667,0.0,39.83177766818976,optimal
2021-02-13 21:30:00,13,103,0.0,0.0,0.0,0.0976333333333333,9.3975,6.0,-5,19.877775095550213,,0.0,0.0,0.0,0.0,39.79194589052157,optimal
2021-02-13 22:00:00,13,103,0.0,0.0,0.0,0.169,10.059,6.0,-5,19.80284134163861,,0.0,0.0,0.0,0.0,39.75215394463105,optimal
2021-02-13 22:30:00,13,103,0.0,0.0,0.0,0.2342666666666666,9.261,6.0,-5,19.72988577039145,,0.0,0.0,0.0,0.0,39.712401790686414,optimal
2021-02-13 23:00:00,13,103,0.0,0.0,0.0,0.0794,8.1585,6.0,-5,19.66110025954972,,0.0,0.0,0.0,0.0,39.672689388895726,optimal
2021-02-13 23:30:00,13,103,0.0,0.0,0.0,0.1876666666666666,9.4815,6.0,-5,19.57788539757898,,0.0,0.0,0.0,0.0,39.63301669950683,optimal
2021-02-07 00:00:00,14,103,0.0,0.0,0.0,0.043,10.584,6.0,4,,,,,,,,infeasible
2021-02-07 00:30:00,14,103,0.0,0.0,0.0,0.097,6.678,6.0,4,,,,,,,,infeasible
2021-02-07 01:00:00,14,103,0.0,0.0,0.0,0.0771333333333333,7.938,6.0,4,,,,,,,,infeasible
2021-02-07 01:30:00,14,103,0.0,0.0,0.0,0.2128,5.292,6.0,4,,,,,,,,infeasible
2021-02-07 02:00:00,14,103,0.0,0.0,0.0,0.043,9.261,6.0,4,,,,,,,,infeasible
2021-02-07 02:30:00,14,103,0.0,0.0,0.0,0.1719666666666666,10.3635,6.0,4,,,,,,,,infeasible
2021-02-07 03:00:00,14,103,0.0,0.0,0.0,0.1071666666666666,8.274,6.0,4,,,,,,,,infeasible
2021-02-07 03:30:00,14,103,0.0,0.0,0.0,0.043,7.7175,6.0,4,,,,,,,,infeasible
2021-02-07 04:00:00,14,103,0.0,0.0,0.0,0.043,6.615,6.0,4,,,,,,,,infeasible
2021-02-07 04:30:00,14,103,0.0,0.0,0.0,0.1821333333333333,6.174,6.0,4,,,,,,,,infeasible
2021-02-07 05:00:00,14,103,0.0,0.0,0.0,0.097,3.906,6.0,4,,,,,,,,infeasible
2021-02-07 05:30:00,14,103,0.0,0.0,0.0,0.043,2.3415,6.0,4,,,,,,,,infeasible
2021-02-07 06:00:00,14,103,0.0,0.0,0.0,0.0897999999999999,2.205,6.0,4,,,,,,,,infeasible
2021-02-07 06:30:00,14,103,0.0,0.0,0.0,0.061,0.882,6.0,4,,,,,,,,infeasible
2021-02-07 07:00:00,14,103,0.0,0.0,0.0,0.2162666666666667,1.5435,6.0,4,,,,,,,,infeasible
2021-02-07 07:30:00,14,103,0.0,0.0,0.0,0.1512666666666667,1.5435,6.0,4,,,,,,,,infeasible
2021-02-07 08:00:00,14,103,0.0,0.0,0.0,0.3142666666666666,5.0715,6.0,4,,,,,,,,infeasible
2021-02-07 08:30:00,14,103,0.0,0.0,0.0,0.2571,5.376,6.0,4,,,,,,,,infeasible
2021-02-07 09:00:00,14,103,0.0,0.0,0.0,0.4983999999999999,5.0715,6.0,4,,,,,,,,infeasible
2021-02-07 09:30:00,14,103,0.0,0.0,0.0,0.1941999999999999,5.5125,6.0,4,,,,,,,,infeasible
2021-02-07 10:00:00,14,103,0.0,0.0,0.0,0.3390333333333333,9.261,6.0,4,,,,,,,,infeasible
2021-02-07 10:30:00,14,103,0.0,0.0,0.0,0.2592,11.7075,6.0,4,,,,,,,,infeasible
2021-02-07 11:00:00,14,103,0.0,0.0,0.0,0.1934,12.348,6.0,4,,,,,,,,infeasible
2021-02-07 11:30:00,14,103,0.0,0.0,0.0,0.3495666666666666,12.348,6.0,4,,,,,,,,infeasible
2021-02-07 12:00:00,14,103,0.0,0.0,0.0,1.2196333333333331,12.1275,6.0,4,,,,,,,,infeasible
2021-02-07 12:30:00,14,103,0.0,0.0,0.0,0.4939333333333333,12.5265,6.0,4,,,,,,,,infeasible
2021-02-07 13:00:00,14,103,0.0,0.0,0.0,0.2783333333333333,11.7495,6.0,4,,,,,,,,infeasible
2021-02-07 13:30:00,14,103,0.0,0.0,0.0,0.4259333333333333,13.23,6.0,4,,,,,,,,infeasible
2021-02-07 14:00:00,14,103,0.0,0.0,0.0,0.2475333333333333,14.3325,6.0,4,,,,,,,,infeasible
2021-02-07 14:30:00,14,103,0.0,0.0,0.0,0.2425333333333333,14.994,6.0,4,,,,,,,,infeasible
2021-02-07 15:00:00,14,103,0.0,0.0,0.0,0.1072,14.8155,6.0,4,,,,,,,,infeasible
2021-02-07 15:30:00,14,103,0.0,0.0,0.0,0.3475,14.112,6.0,4,,,,,,,,infeasible
2021-02-07 16:00:00,14,103,0.0,0.0,0.0,0.2905,14.007,6.0,4,,,,,,,,infeasible
2021-02-07 16:30:00,14,103,0.0,0.0,0.0,0.4092666666666666,13.23,6.0,4,,,,,,,,infeasible
2021-02-07 17:00:00,14,103,0.0,0.0,0.0,0.304,11.382,6.0,4,,,,,,,,infeasible
2021-02-07 17:30:00,14,103,0.0,0.0,0.0,0.3991666666666666,11.7495,6.0,4,,,,,,,,infeasible
2021-02-07 18:00:00,14,103,0.0,0.0,0.0,0.3583,24.3285,6.0,4,,,,,,,,infeasible
2021-02-07 18:30:00,14,103,0.0,0.0,0.0,0.3373333333333333,28.917,6.0,4,,,,,,,,infeasible
2021-02-07 19:00:00,14,103,0.0,0.0,0.0,0.3417,31.3635,6.0,4,,,,,,,,infeasible
2021-02-07 19:30:00,14,103,0.0,0.0,0.0,0.1976,33.306,6.0,4,,,,,,,,infeasible
2021-02-07 20:00:00,14,103,0.0,0.0,0.0,0.3280333333333333,31.3425,6.0,4,,,,,,,,infeasible
2021-02-07 20:30:00,14,103,0.0,0.0,0.0,1.5160333333333331,28.2555,6.0,4,,,,,,,,infeasible
2021-02-07 21:00:00,14,103,0.0,0.0,0.0,0.4681666666666667,15.6975,6.0,4,,,,,,,,infeasible
2021-02-07 21:30:00,14,103,0.0,0.0,0.0,0.1292333333333333,12.5475,6.0,4,,,,,,,,infeasible
2021-02-07 22:00:00,14,103,0.0,0.0,0.0,0.2088333333333333,12.0855,6.0,4,,,,,,,,infeasible
2021-02-07 22:30:00,14,103,0.0,0.0,0.0,0.4158333333333333,11.907,6.0,4,,,,,,,,infeasible
2021-02-07 23:00:00,14,103,0.0,0.0,0.0,0.1407333333333333,12.5685,6.0,4,,,,,,,,infeasible
2021-02-07 23:30:00,14,103,0.0,0.0,0.0,0.1964,13.146,6.0,4,,,,,,,,infeasible
2021-02-08 00:00:00,14,103,0.0,0.0,0.0,0.1125999999999999,11.025,6.0,1,,,,,,,,infeasible
2021-02-08 00:30:00,14,103,0.0,0.0,0.0,0.055,5.9745,6.0,1,,,,,,,,infeasible
2021-02-08 01:00:00,14,103,0.0,0.0,0.0,0.1932666666666666,7.938,6.0,1,,,,,,,,infeasible
2021-02-08 01:30:00,14,103,0.0,0.0,0.0,0.1356666666666666,8.6835,6.0,1,,,,,,,,infeasible
2021-02-08 02:00:00,14,103,0.0,0.0,0.0,0.1125999999999999,7.665,6.0,1,,,,,,,,infeasible
2021-02-08 02:30:00,14,103,0.0,0.0,0.0,0.2163333333333333,6.7725,6.0,1,,,,,,,,infeasible
2021-02-08 03:00:00,14,103,0.0,0.0,0.0,0.0934,5.5755,6.0,1,,,,,,,,infeasible
2021-02-08 03:30:00,14,103,0.0,0.0,0.0,0.0742,5.0925,6.0,1,,,,,,,,infeasible
2021-02-08 04:00:00,14,103,0.0,0.0,0.0,0.2707333333333332,4.1895,6.0,1,,,,,,,,infeasible
2021-02-08 04:30:00,14,103,0.0,0.0,0.0,0.0582,7.056,6.0,1,,,,,,,,infeasible
2021-02-08 05:00:00,14,103,0.0,0.0,0.0,0.143,5.271,6.0,1,,,,,,,,infeasible
2021-02-08 05:30:00,14,103,0.0,0.0,0.0,0.1731333333333333,7.938,6.0,1,,,,,,,,infeasible
2021-02-08 06:00:00,14,103,0.0,0.0,0.0,0.0678,7.938,6.0,1,,,,,,,,infeasible
2021-02-08 06:30:00,14,103,0.0,0.0,0.0,0.071,11.907,6.0,1,,,,,,,,infeasible
2021-02-08 07:00:00,14,103,0.0,0.0,0.0,0.1049333333333333,11.025,6.0,1,,,,,,,,infeasible
2021-02-08 07:30:00,14,103,0.0,0.0,0.0,0.2390666666666666,11.2875,6.0,1,,,,,,,,infeasible
2021-02-08 08:00:00,14,103,0.0,0.0,0.0,1.1017666666666668,12.936,6.0,1,,,,,,,,infeasible
2021-02-08 08:30:00,14,103,0.0,0.0,0.0,0.1134666666666666,13.0095,6.0,1,,,,,,,,infeasible
2021-02-08 09:00:00,14,103,0.0,0.0,0.0,0.2116666666666666,13.671,6.0,1,,,,,,,,infeasible
2021-02-08 09:30:00,14,103,0.0,0.0,0.0,0.1372666666666666,13.188,6.0,1,,,,,,,,infeasible
2021-02-08 10:00:00,14,103,0.0,0.0,0.0,0.1016666666666666,13.8495,6.0,1,,,,,,,,infeasible
2021-02-08 10:30:00,14,103,0.0,0.0,0.0,0.2472666666666667,13.23,6.0,1,,,,,,,,infeasible
2021-02-08 11:00:00,14,103,0.0,0.0,0.0,0.065,13.3665,6.0,1,,,,,,,,infeasible
2021-02-08 11:30:00,14,103,0.0,0.0,0.0,0.2263333333333332,13.0515,6.0,1,,,,,,,,infeasible
2021-02-08 12:00:00,14,103,0.0,0.0,0.0,0.1066,13.5345,6.0,1,,,,,,,,infeasible
2021-02-08 12:30:00,14,103,0.0,0.0,0.0,0.2844333333333333,14.154,6.0,1,,,,,,,,infeasible
2021-02-08 13:00:00,14,103,0.0,0.0,0.0,0.1635333333333333,14.112,6.0,1,,,,,,,,infeasible
2021-02-08 13:30:00,14,103,0.0,0.0,0.0,0.1303,14.2485,6.0,1,,,,,,,,infeasible
2021-02-08 14:00:00,14,103,0.0,0.0,0.0,0.1768,12.789,6.0,1,,,,,,,,infeasible
2021-02-08 14:30:00,14,103,0.0,0.0,0.0,0.4171,13.0095,6.0,1,,,,,,,,infeasible
2021-02-08 15:00:00,14,103,0.0,0.0,0.0,0.3355333333333333,12.1275,6.0,1,,,,,,,,infeasible
2021-02-08 15:30:00,14,103,0.0,0.0,0.0,0.259,12.348,6.0,1,,,,,,,,infeasible
2021-02-08 16:00:00,14,103,0.0,0.0,0.0,0.3883333333333333,12.348,6.0,1,,,,,,,,infeasible
2021-02-08 16:30:00,14,103,0.0,0.0,0.0,0.7698666666666667,25.389,6.0,1,,,,,,,,infeasible
2021-02-08 17:00:00,14,103,0.0,0.0,0.0,1.0501666666666667,29.1375,6.0,1,,,,,,,,infeasible
2021-02-08 17:30:00,14,103,0.0,0.0,0.0,0.5714,30.597,6.0,1,,,,,,,,infeasible
2021-02-08 18:00:00,14,103,0.0,0.0,0.0,0.3831,33.684,6.0,1,,,,,,,,infeasible
2021-02-08 18:30:00,14,103,0.0,0.0,0.0,0.5993666666666667,32.445,6.0,1,,,,,,,,infeasible
2021-02-08 19:00:00,14,103,0.0,0.0,0.0,0.3659,28.917,6.0,1,,,,,,,,infeasible
2021-02-08 19:30:00,14,103,0.0,0.0,0.0,0.2559,15.876,6.0,1,,,,,,,,infeasible
2021-02-08 20:00:00,14,103,0.0,0.0,0.0,0.2884,12.348,6.0,1,,,,,,,,infeasible
2021-02-08 20:30:00,14,103,0.0,0.0,0.0,0.4251333333333333,12.1275,6.0,1,,,,,,,,infeasible
2021-02-08 21:00:00,14,103,0.0,0.0,0.0,0.1212,12.348,6.0,1,,,,,,,,infeasible
2021-02-08 21:30:00,14,103,0.0,0.0,0.0,0.5185333333333333,12.1275,6.0,1,,,,,,,,infeasible
2021-02-08 22:00:00,14,103,0.0,0.0,0.0,0.267,12.1275,6.0,1,,,,,,,,infeasible
2021-02-08 22:30:00,14,103,0.0,0.0,0.0,0.3723666666666667,11.2665,6.0,1,,,,,,,,infeasible
2021-02-08 23:00:00,14,103,0.0,0.0,0.0,0.3986,10.143,6.0,1,,,,,,,,infeasible
2021-02-08 23:30:00,14,103,0.0,0.0,0.0,0.152,11.2455,6.0,1,,,,,,,,infeasible
2021-02-09 00:00:00,14,103,0.0,0.0,0.0,0.0643333333333333,11.361,6.0,-10,,,,,,,,infeasible
2021-02-09 00:30:00,14,103,0.0,0.0,0.0,0.1674,11.571,6.0,-10,,,,,,,,infeasible
2021-02-09 01:00:00,14,103,0.0,0.0,0.0,0.1912666666666666,14.3745,6.0,-10,,,,,,,,infeasible
2021-02-09 01:30:00,14,103,0.0,0.0,0.0,0.061,13.23,6.0,-10,,,,,,,,infeasible
2021-02-09 02:00:00,14,103,0.0,0.0,0.0,0.1233333333333333,13.9755,6.0,-10,,,,,,,,infeasible
2021-02-09 02:30:00,14,103,0.0,0.0,0.0,0.1681333333333333,14.994,6.0,-10,,,,,,,,infeasible
2021-02-09 03:00:00,14,103,0.0,0.0,0.0,0.1281999999999999,13.671,6.0,-10,,,,,,,,infeasible
2021-02-09 03:30:00,14,103,0.0,0.0,0.0,0.2136666666666666,15.981,6.0,-10,,,,,,,,infeasible
2021-02-09 04:00:00,14,103,0.0,0.0,0.0,0.145,15.6345,6.0,-10,,,,,,,,infeasible
2021-02-09 04:30:00,14,103,0.0,0.0,0.0,0.1233333333333333,16.5375,6.0,-10,,,,,,,,infeasible
2021-02-09 05:00:00,14,103,0.0,0.0,0.0,0.1401333333333333,14.7735,6.0,-10,,,,,,,,infeasible
2021-02-09 05:30:00,14,103,0.0,0.0,0.0,0.1561999999999999,15.2145,6.0,-10,,,,,,,,infeasible
2021-02-09 06:00:00,14,103,0.0,0.0,0.0,0.1836666666666666,14.553,6.0,-10,,,,,,,,infeasible
2021-02-09 06:30:00,14,103,0.0,0.0,0.0,0.4234333333333333,14.3325,6.0,-10,,,,,,,,infeasible
2021-02-09 07:00:00,14,103,0.0,0.0,0.0,0.164,14.595,6.0,-10,,,,,,,,infeasible
2021-02-09 07:30:00,14,103,0.0,0.0,0.0,0.2780666666666667,14.994,6.0,-10,,,,,,,,infeasible
2021-02-09 08:00:00,14,103,0.0,0.0,0.0,0.1273333333333333,14.3325,6.0,-10,,,,,,,,infeasible
2021-02-09 08:30:00,14,103,0.0,0.0,0.0,0.3683999999999999,13.8915,6.0,-10,,,,,,,,infeasible
2021-02-09 09:00:00,14,103,0.0,0.0,0.0,0.2780666666666667,13.8915,6.0,-10,,,,,,,,infeasible
2021-02-09 09:30:00,14,103,0.0,0.0,0.0,0.082,13.4715,6.0,-10,,,,,,,,infeasible
2021-02-09 10:00:00,14,103,0.0,0.0,0.0,0.0720333333333333,13.23,6.0,-10,,,,,,,,infeasible
2021-02-09 10:30:00,14,103,0.0,0.0,0.0,0.201,13.8915,6.0,-10,,,,,,,,infeasible
2021-02-09 11:00:00,14,103,0.0,0.0,0.0,0.1923333333333332,26.9325,6.0,-10,,,,,,,,infeasible
2021-02-09 11:30:00,14,103,0.0,0.0,0.0,0.122,30.303,6.0,-10,,,,,,,,infeasible
2021-02-09 12:00:00,14,103,0.0,0.0,0.0,0.1446666666666666,32.886,6.0,-10,,,,,,,,infeasible
2021-02-09 12:30:00,14,103,0.0,0.0,0.0,0.071,34.9965,6.0,-10,,,,,,,,infeasible
2021-02-09 13:00:00,14,103,0.0,0.0,0.0,0.3076666666666667,33.327,6.0,-10,,,,,,,,infeasible
2021-02-09 13:30:00,14,103,0.0,0.0,0.0,0.071,31.122,6.0,-10,,,,,,,,infeasible
2021-02-09 14:00:00,14,103,0.0,0.0,0.0,0.1333333333333333,17.9025,6.0,-10,,,,,,,,infeasible
2021-02-09 14:30:00,14,103,0.0,0.0,0.0,0.2285333333333333,15.6555,6.0,-10,,,,,,,,infeasible
2021-02-09 15:00:00,14,103,0.0,0.0,0.0,0.0878,14.553,6.0,-10,,,,,,,,infeasible
2021-02-09 15:30:00,14,103,0.0,0.0,0.0,0.1786666666666666,14.3325,6.0,-10,,,,,,,,infeasible
2021-02-09 16:00:00,14,103,0.0,0.0,0.0,0.0940333333333333,13.335,6.0,-10,,,,,,,,infeasible
2021-02-09 16:30:00,14,103,0.0,0.0,0.0,0.1943333333333332,12.1275,6.0,-10,,,,,,,,infeasible
2021-02-09 17:00:00,14,103,0.0,0.0,0.0,0.1843333333333333,12.2955,6.0,-10,,,,,,,,infeasible
2021-02-09 17:30:00,14,103,0.0,0.0,0.0,0.5834,11.6865,6.0,-10,,,,,,,,infeasible
2021-02-09 18:00:00,14,103,0.0,0.0,0.0,0.4368999999999999,11.466,6.0,-10,,,,,,,,infeasible
2021-02-09 18:30:00,14,103,0.0,0.0,0.0,2.4915,10.8045,6.0,-10,,,,,,,,infeasible
2021-02-09 19:00:00,14,103,0.0,0.0,0.0,0.3424333333333333,10.584,6.0,-10,,,,,,,,infeasible
2021-02-09 19:30:00,14,103,0.0,0.0,0.0,0.3541,11.2455,6.0,-10,,,,,,,,infeasible
2021-02-09 20:00:00,14,103,0.0,0.0,0.0,0.3601333333333333,12.1275,6.0,-10,,,,,,,,infeasible
2021-02-09 20:30:00,14,103,0.0,0.0,0.0,0.2405999999999999,11.823,6.0,-10,,,,,,,,infeasible
2021-02-09 21:00:00,14,103,0.0,0.0,0.0,0.3629333333333333,11.7705,6.0,-10,,,,,,,,infeasible
2021-02-09 21:30:00,14,103,0.0,0.0,0.0,0.4375333333333334,11.13,6.0,-10,,,,,,,,infeasible
2021-02-09 22:00:00,14,103,0.0,0.0,0.0,0.2131666666666666,11.6865,6.0,-10,,,,,,,,infeasible
2021-02-09 22:30:00,14,103,0.0,0.0,0.0,0.3085333333333334,10.7205,6.0,-10,,,,,,,,infeasible
2021-02-09 23:00:00,14,103,0.0,0.0,0.0,0.4382,11.424,6.0,-10,,,,,,,,infeasible
2021-02-09 23:30:00,14,103,0.0,0.0,0.0,0.1964333333333333,10.689,6.0,-10,,,,,,,,infeasible
2021-02-10 00:00:00,14,103,0.0,0.0,0.0,0.0682666666666666,11.508,6.0,-3,,,,,,,,infeasible
2021-02-10 00:30:00,14,103,0.0,0.0,0.0,0.1450333333333333,11.844,6.0,-3,,,,,,,,infeasible
2021-02-10 01:00:00,14,103,0.0,0.0,0.0,0.1397,11.508,6.0,-3,,,,,,,,infeasible
2021-02-10 01:30:00,14,103,0.0,0.0,0.0,0.0891666666666666,11.508,6.0,-3,,,,,,,,infeasible
2021-02-10 02:00:00,14,103,0.0,0.0,0.0,0.0957666666666666,10.4475,6.0,-3,,,,,,,,infeasible
2021-02-10 02:30:00,14,103,0.0,0.0,0.0,0.0989666666666666,10.8675,6.0,-3,,,,,,,,infeasible
2021-02-10 03:00:00,14,103,0.0,0.0,0.0,0.3698,10.542,6.0,-3,,,,,,,,infeasible
2021-02-10 03:30:00,14,103,0.0,0.0,0.0,0.0742,11.025,6.0,-3,,,,,,,,infeasible
2021-02-10 04:00:00,14,103,0.0,0.0,0.0,0.1258,11.025,6.0,-3,,,,,,,,infeasible
2021-02-10 04:30:00,14,103,0.0,0.0,0.0,0.0854666666666666,14.553,6.0,-3,,,,,,,,infeasible
2021-02-10 05:00:00,14,103,0.0,0.0,0.0,0.1738,13.0935,6.0,-3,,,,,,,,infeasible
2021-02-10 05:30:00,14,103,0.0,0.0,0.0,3.1069,15.6345,6.0,-3,,,,,,,,infeasible
2021-02-10 06:00:00,14,103,0.0,0.0,0.0,1.0720999999999998,18.102,6.0,-3,,,,,,,,infeasible
2021-02-10 06:30:00,14,103,0.0,0.0,0.0,1.341,17.199,6.0,-3,,,,,,,,infeasible
2021-02-10 07:00:00,14,103,0.0,0.0,0.0,0.211,18.2805,6.0,-3,,,,,,,,infeasible
2021-02-10 07:30:00,14,103,0.0,0.0,0.0,1.3326666666666669,17.4615,6.0,-3,,,,,,,,infeasible
2021-02-10 08:00:00,14,103,0.0,0.0,0.0,1.0182,18.3225,6.0,-3,,,,,,,,infeasible
2021-02-10 08:30:00,14,103,0.0,0.0,0.0,0.068,17.094,6.0,-3,,,,,,,,infeasible
2021-02-10 09:00:00,14,103,0.0,0.0,0.0,0.1067,17.094,6.0,-3,,,,,,,,infeasible
2021-02-10 09:30:00,14,103,0.0,0.0,0.0,0.1153,17.094,6.0,-3,,,,,,,,infeasible
2021-02-10 10:00:00,14,103,0.0,0.0,0.0,0.068,17.3565,6.0,-3,,,,,,,,infeasible
2021-02-10 10:30:00,14,103,0.0,0.0,0.0,0.068,17.115,6.0,-3,,,,,,,,infeasible
2021-02-10 11:00:00,14,103,0.0,0.0,0.0,0.068,17.241,6.0,-3,,,,,,,,infeasible
2021-02-10 11:30:00,14,103,0.0,0.0,0.0,0.068,17.094,6.0,-3,,,,,,,,infeasible
2021-02-10 12:00:00,14,103,0.0,0.0,0.0,0.068,16.5165,6.0,-3,,,,,,,,infeasible
2021-02-10 12:30:00,14,103,0.0,0.0,0.0,0.068,17.8185,6.0,-3,,,,,,,,infeasible
2021-02-10 13:00:00,14,103,0.0,0.0,0.0,0.0895,17.094,6.0,-3,,,,,,,,infeasible
2021-02-10 13:30:00,14,103,0.0,0.0,0.0,0.1325,16.8945,6.0,-3,,,,,,,,infeasible
2021-02-10 14:00:00,14,103,0.0,0.0,0.0,0.068,18.123,6.0,-3,,,,,,,,infeasible
2021-02-10 14:30:00,14,103,0.0,0.0,0.0,0.0895,31.647,6.0,-3,,,,,,,,infeasible
2021-02-10 15:00:00,14,103,0.0,0.0,0.0,0.1325,34.9965,6.0,-3,,,,,,,,infeasible
2021-02-10 15:30:00,14,103,0.0,0.0,0.0,0.1344333333333333,34.9965,6.0,-3,,,,,,,,infeasible
2021-02-10 16:00:00,14,103,0.0,0.0,0.0,0.186,34.9965,6.0,-3,,,,,,,,infeasible
2021-02-10 16:30:00,14,103,0.0,0.0,0.0,1.375033333333333,34.9965,6.0,-3,,,,,,,,infeasible
2021-02-10 17:00:00,14,103,0.0,0.0,0.0,0.5939,34.9965,6.0,-3,,,,,,,,infeasible
2021-02-10 17:30:00,14,103,0.0,0.0,0.0,0.303,27.741,6.0,-3,,,,,,,,infeasible
2021-02-10 18:00:00,14,103,0.0,0.0,0.0,0.3280666666666667,19.026,6.0,-3,,,,,,,,infeasible
2021-02-10 18:30:00,14,103,0.0,0.0,0.0,0.4721,18.7215,6.0,-3,,,,,,,,infeasible
2021-02-10 19:00:00,14,103,0.0,0.0,0.0,0.2320333333333333,17.4195,6.0,-3,,,,,,,,infeasible
2021-02-10 19:30:00,14,103,0.0,0.0,0.0,0.2976999999999999,16.758,6.0,-3,,,,,,,,infeasible
2021-02-10 20:00:00,14,103,0.0,0.0,0.0,0.3777,14.217,6.0,-3,,,,,,,,infeasible
2021-02-10 20:30:00,14,103,0.0,0.0,0.0,0.3447333333333333,13.3665,6.0,-3,,,,,,,,infeasible
2021-02-10 21:00:00,14,103,0.0,0.0,0.0,0.3482666666666666,12.789,6.0,-3,,,,,,,,infeasible
2021-02-10 21:30:00,14,103,0.0,0.0,0.0,0.3396,11.907,6.0,-3,,,,,,,,infeasible
2021-02-10 22:00:00,14,103,0.0,0.0,0.0,0.3566,11.7075,6.0,-3,,,,,,,,infeasible
2021-02-10 22:30:00,14,103,0.0,0.0,0.0,0.2839,10.8045,6.0,-3,,,,,,,,infeasible
2021-02-10 23:00:00,14,103,0.0,0.0,0.0,0.5105666666666666,11.508,6.0,-3,,,,,,,,infeasible
2021-02-10 23:30:00,14,103,0.0,0.0,0.0,0.1324666666666666,11.508,6.0,-3,,,,,,,,infeasible
2021-02-11 00:00:00,14,103,0.0,0.0,0.0,0.052,10.584,6.0,-7,,,,,,,,infeasible
2021-02-11 00:30:00,14,103,0.0,0.0,0.0,0.052,11.025,6.0,-7,,,,,,,,infeasible
2021-02-11 01:00:00,14,103,0.0,0.0,0.0,0.052,10.4265,6.0,-7,,,,,,,,infeasible
2021-02-11 01:30:00,14,103,0.0,0.0,0.0,0.052,12.789,6.0,-7,,,,,,,,infeasible
2021-02-11 02:00:00,14,103,0.0,0.0,0.0,0.052,12.684,6.0,-7,,,,,,,,infeasible
2021-02-11 02:30:00,14,103,0.0,0.0,0.0,0.052,16.254,6.0,-7,,,,,,,,infeasible
2021-02-11 03:00:00,14,103,0.0,0.0,0.0,0.052,17.64,6.0,-7,,,,,,,,infeasible
2021-02-11 03:30:00,14,103,0.0,0.0,0.0,0.052,19.1625,6.0,-7,,,,,,,,infeasible
2021-02-11 04:00:00,14,103,0.0,0.0,0.0,0.052,26.46,6.0,-7,,,,,,,,infeasible
2021-02-11 04:30:00,14,103,0.0,0.0,0.0,0.052,20.79,6.0,-7,,,,,,,,infeasible
2021-02-11 05:00:00,14,103,0.0,0.0,0.0,0.052,29.106,6.0,-7,,,,,,,,infeasible
2021-02-11 05:30:00,14,103,0.0,0.0,0.0,0.052,19.1835,6.0,-7,,,,,,,,infeasible
2021-02-11 06:00:00,14,103,0.0,0.0,0.0,0.052,19.6665,6.0,-7,,,,,,,,infeasible
2021-02-11 06:30:00,14,103,0.0,0.0,0.0,0.0513333333333333,19.404,6.0,-7,,,,,,,,infeasible
2021-02-11 07:00:00,14,103,0.0,0.0,0.0,0.05,19.047,6.0,-7,,,,,,,,infeasible
2021-02-11 07:30:00,14,103,0.0,0.0,0.0,0.0526666666666666,18.858,6.0,-7,,,,,,,,infeasible
2021-02-11 08:00:00,14,103,0.0,0.0,0.0,0.0606666666666666,19.2675,6.0,-7,,,,,,,,infeasible
2021-02-11 08:30:00,14,103,0.0,0.0,0.0,0.0613333333333333,18.963,6.0,-7,,,,,,,,infeasible
2021-02-11 09:00:00,14,103,0.0,0.0,0.0,0.0613333333333333,18.438,6.0,-7,,,,,,,,infeasible
2021-02-11 09:30:00,14,103,0.0,0.0,0.0,0.06,18.7425,6.0,-7,,,,,,,,infeasible
2021-02-11 10:00:00,14,103,0.0,0.0,0.0,0.06,15.2145,6.0,-7,,,,,,,,infeasible
2021-02-11 10:30:00,14,103,0.0,0.0,0.0,0.1466333333333333,17.7765,6.0,-7,,,,,,,,infeasible
2021-02-11 11:00:00,14,103,0.0,0.0,0.0,0.173,16.758,6.0,-7,,,,,,,,infeasible
2021-02-11 11:30:00,14,103,0.0,0.0,0.0,0.1014333333333333,16.422,6.0,-7,,,,,,,,infeasible
2021-02-11 12:00:00,14,103,0.0,0.0,0.0,0.06,16.758,6.0,-7,,,,,,,,infeasible
2021-02-11 12:30:00,14,103,0.0,0.0,0.0,0.0606666666666666,29.358,6.0,-7,,,,,,,,infeasible
2021-02-11 13:00:00,14,103,0.0,0.0,0.0,0.062,34.9965,6.0,-7,,,,,,,,infeasible
2021-02-11 13:30:00,14,103,0.0,0.0,0.0,0.062,34.65,6.0,-7,,,,,,,,infeasible
2021-02-11 14:00:00,14,103,0.0,0.0,0.0,0.062,34.9965,6.0,-7,,,,,,,,infeasible
2021-02-11 14:30:00,14,103,0.0,0.0,0.0,0.062,34.9965,6.0,-7,,,,,,,,infeasible
2021-02-11 15:00:00,14,103,0.0,0.0,0.0,0.062,30.4815,6.0,-7,,,,,,,,infeasible
2021-02-11 15:30:00,14,103,0.0,0.0,0.0,0.062,21.4305,6.0,-7,,,,,,,,infeasible
2021-02-11 16:00:00,14,103,0.0,0.0,0.0,1.7064,14.3325,6.0,-7,,,,,,,,infeasible
2021-02-11 16:30:00,14,103,0.0,0.0,0.0,0.5304,13.692,6.0,-7,,,,,,,,infeasible
2021-02-11 17:00:00,14,103,0.0,0.0,0.0,0.2728,14.007,6.0,-7,,,,,,,,infeasible
2021-02-11 17:30:00,14,103,0.0,0.0,0.0,0.1484,12.873,6.0,-7,,,,,,,,infeasible
2021-02-11 18:00:00,14,103,0.0,0.0,0.0,0.208,12.684,6.0,-7,,,,,,,,infeasible
2021-02-11 18:30:00,14,103,0.0,0.0,0.0,0.2366,12.306,6.0,-7,,,,,,,,infeasible
2021-02-11 19:00:00,14,103,0.0,0.0,0.0,0.273,10.6365,6.0,-7,,,,,,,,infeasible
2021-02-11 19:30:00,14,103,0.0,0.0,0.0,0.1935,11.2455,6.0,-7,,,,,,,,infeasible
2021-02-11 20:00:00,14,103,0.0,0.0,0.0,0.1944666666666666,11.2455,6.0,-7,,,,,,,,infeasible
2021-02-11 20:30:00,14,103,0.0,0.0,0.0,0.2465333333333333,11.025,6.0,-7,,,,,,,,infeasible
2021-02-11 21:00:00,14,103,0.0,0.0,0.0,0.4183666666666666,12.0855,6.0,-7,,,,,,,,infeasible
2021-02-11 21:30:00,14,103,0.0,0.0,0.0,0.2801,11.6865,6.0,-7,,,,,,,,infeasible
2021-02-11 22:00:00,14,103,0.0,0.0,0.0,0.4652,11.2245,6.0,-7,,,,,,,,infeasible
2021-02-11 22:30:00,14,103,0.0,0.0,0.0,0.1876666666666666,11.025,6.0,-7,,,,,,,,infeasible
2021-02-11 23:00:00,14,103,0.0,0.0,0.0,0.1978333333333332,10.7835,6.0,-7,,,,,,,,infeasible
2021-02-11 23:30:00,14,103,0.0,0.0,0.0,0.0892666666666666,11.025,6.0,-7,,,,,,,,infeasible
2021-02-12 00:00:00,14,103,0.0,0.0,0.0,0.2797,10.3635,6.0,-3,,,,,,,,infeasible
2021-02-12 00:30:00,14,103,0.0,0.0,0.0,0.4899,10.8045,6.0,-3,,,,,,,,infeasible
2021-02-12 01:00:00,14,103,0.0,0.0,0.0,1.1197666666666668,10.059,6.0,-3,,,,,,,,infeasible
2021-02-12 01:30:00,14,103,0.0,0.0,0.0,0.3722333333333333,10.584,6.0,-3,,,,,,,,infeasible
2021-02-12 02:00:00,14,103,0.0,0.0,0.0,0.1641999999999999,9.4185,6.0,-3,,,,,,,,infeasible
2021-02-12 02:30:00,14,103,0.0,0.0,0.0,0.106,10.3635,6.0,-3,,,,,,,,infeasible
2021-02-12 03:00:00,14,103,0.0,0.0,0.0,0.1066333333333333,9.8385,6.0,-3,,,,,,,,infeasible
2021-02-12 03:30:00,14,103,0.0,0.0,0.0,1.459733333333333,11.067,6.0,-3,,,,,,,,infeasible
2021-02-12 04:00:00,14,103,0.0,0.0,0.0,0.0715666666666666,10.8465,6.0,-3,,,,,,,,infeasible
2021-02-12 04:30:00,14,103,0.0,0.0,0.0,0.2537,13.671,6.0,-3,,,,,,,,infeasible
2021-02-12 05:00:00,14,103,0.0,0.0,0.0,0.1157333333333333,12.348,6.0,-3,,,,,,,,infeasible
2021-02-12 05:30:00,14,103,0.0,0.0,0.0,0.0642333333333333,14.3325,6.0,-3,,,,,,,,infeasible
2021-02-12 06:00:00,14,103,0.0,0.0,0.0,0.061,15.393,6.0,-3,,,,,,,,infeasible
2021-02-12 06:30:00,14,103,0.0,0.0,0.0,0.1192,13.587,6.0,-3,,,,,,,,infeasible
2021-02-12 07:00:00,14,103,0.0,0.0,0.0,0.0596666666666666,16.1385,6.0,-3,,,,,,,,infeasible
2021-02-12 07:30:00,14,103,0.0,0.0,0.0,0.1038333333333333,14.595,6.0,-3,,,,,,,,infeasible
2021-02-12 08:00:00,14,103,0.0,0.0,0.0,0.1338,14.637,6.0,-3,,,,,,,,infeasible
2021-02-12 08:30:00,14,103,0.0,0.0,0.0,0.2142,13.9125,6.0,-3,,,,,,,,infeasible
2021-02-12 09:00:00,14,103,0.0,0.0,0.0,0.2919,13.3665,6.0,-3,,,,,,,,infeasible
2021-02-12 09:30:00,14,103,0.0,0.0,0.0,0.2434666666666666,13.0095,6.0,-3,,,,,,,,infeasible
2021-02-12 10:00:00,14,103,0.0,0.0,0.0,0.4938,13.8915,6.0,-3,,,,,,,,infeasible
2021-02-12 10:30:00,14,103,0.0,0.0,0.0,0.2229,13.188,6.0,-3,,,,,,,,infeasible
2021-02-12 11:00:00,14,103,0.0,0.0,0.0,0.2430999999999999,12.5685,6.0,-3,,,,,,,,infeasible
2021-02-12 11:30:00,14,103,0.0,0.0,0.0,2.0022,12.285,6.0,-3,,,,,,,,infeasible
2021-02-12 12:00:00,14,103,0.0,0.0,0.0,1.2703,11.487,6.0,-3,,,,,,,,infeasible
2021-02-12 12:30:00,14,103,0.0,0.0,0.0,0.3956333333333333,11.802,6.0,-3,,,,,,,,infeasible
2021-02-12 13:00:00,14,103,0.0,0.0,0.0,0.5587666666666666,11.2245,6.0,-3,,,,,,,,infeasible
2021-02-12 13:30:00,14,103,0.0,0.0,0.0,0.2228,11.025,6.0,-3,,,,,,,,infeasible
2021-02-12 14:00:00,14,103,0.0,0.0,0.0,0.164,11.907,6.0,-3,,,,,,,,infeasible
2021-02-12 14:30:00,14,103,0.0,0.0,0.0,1.6318,25.83,6.0,-3,,,,,,,,infeasible
2021-02-12 15:00:00,14,103,0.0,0.0,0.0,0.4039666666666666,28.035,6.0,-3,,,,,,,,infeasible
2021-02-12 15:30:00,14,103,0.0,0.0,0.0,0.6371333333333333,28.119,6.0,-3,,,,,,,,infeasible
2021-02-12 16:00:00,14,103,0.0,0.0,0.0,0.5311,30.156,6.0,-3,,,,,,,,infeasible
2021-02-12 16:30:00,14,103,0.0,0.0,0.0,0.6467999999999999,29.1585,6.0,-3,,,,,,,,infeasible
2021-02-12 17:00:00,14,103,0.0,0.0,0.0,0.6030333333333333,26.712,6.0,-3,,,,,,,,infeasible
2021-02-12 17:30:00,14,103,0.0,0.0,0.0,0.3736666666666667,15.435,6.0,-3,,,,,,,,infeasible
2021-02-12 18:00:00,14,103,0.0,0.0,0.0,0.4106333333333333,13.566,6.0,-3,,,,,,,,infeasible
2021-02-12 18:30:00,14,103,0.0,0.0,0.0,1.7562666666666669,12.789,6.0,-3,,,,,,,,infeasible
2021-02-12 19:00:00,14,103,0.0,0.0,0.0,0.1259666666666666,12.1275,6.0,-3,,,,,,,,infeasible
2021-02-12 19:30:00,14,103,0.0,0.0,0.0,0.6969333333333333,13.671,6.0,-3,,,,,,,,infeasible
2021-02-12 20:00:00,14,103,0.0,0.0,0.0,0.2898666666666666,10.668,6.0,-3,,,,,,,,infeasible
2021-02-12 20:30:00,14,103,0.0,0.0,0.0,0.3663666666666667,11.7285,6.0,-3,,,,,,,,infeasible
2021-02-12 21:00:00,14,103,0.0,0.0,0.0,0.396,11.025,6.0,-3,,,,,,,,infeasible
2021-02-12 21:30:00,14,103,0.0,0.0,0.0,0.4337333333333333,10.689,6.0,-3,,,,,,,,infeasible
2021-02-12 22:00:00,14,103,0.0,0.0,0.0,1.2014,8.1585,6.0,-3,,,,,,,,infeasible
2021-02-12 22:30:00,14,103,0.0,0.0,0.0,1.2356666666666667,10.3635,6.0,-3,,,,,,,,infeasible
2021-02-12 23:00:00,14,103,0.0,0.0,0.0,0.071,10.8045,6.0,-3,,,,,,,,infeasible
2021-02-12 23:30:00,14,103,0.0,0.0,0.0,0.071,11.025,6.0,-3,,,,,,,,infeasible
2021-02-13 00:00:00,14,103,0.0,0.0,0.0,0.065,12.4845,6.0,9,,,,,,,,infeasible
2021-02-13 00:30:00,14,103,0.0,0.0,0.0,0.065,12.1275,6.0,9,,,,,,,,infeasible
2021-02-13 01:00:00,14,103,0.0,0.0,0.0,0.065,12.1275,6.0,9,,,,,,,,infeasible
2021-02-13 01:30:00,14,103,0.0,0.0,0.0,0.065,12.789,6.0,9,,,,,,,,infeasible
2021-02-13 02:00:00,14,103,0.0,0.0,0.0,0.065,11.907,6.0,9,,,,,,,,infeasible
2021-02-13 02:30:00,14,103,0.0,0.0,0.0,0.065,11.025,6.0,9,,,,,,,,infeasible
2021-02-13 03:00:00,14,103,0.0,0.0,0.0,0.065,8.2005,6.0,9,,,,,,,,infeasible
2021-02-13 03:30:00,14,103,0.0,0.0,0.0,0.065,9.5655,6.0,9,,,,,,,,infeasible
2021-02-13 04:00:00,14,103,0.0,0.0,0.0,0.065,7.056,6.0,9,,,,,,,,infeasible
2021-02-13 04:30:00,14,103,0.0,0.0,0.0,0.065,9.3975,6.0,9,,,,,,,,infeasible
2021-02-13 05:00:00,14,103,0.0,0.0,0.0,0.065,10.059,6.0,9,,,,,,,,infeasible
2021-02-13 05:30:00,14,103,0.0,0.0,0.0,0.065,9.261,6.0,9,,,,,,,,infeasible
2021-02-13 06:00:00,14,103,0.0,0.0,0.0,0.065,8.1585,6.0,9,,,,,,,,infeasible
2021-02-13 06:30:00,14,103,0.0,0.0,0.0,0.065,9.4815,6.0,9,,,,,,,,infeasible
2021-02-13 07:00:00,14,103,0.0,0.0,0.0,0.065,8.379,6.0,9,,,,,,,,infeasible
2021-02-13 07:30:00,14,103,0.0,0.0,0.0,0.0643333333333333,9.5235,6.0,9,,,,,,,,infeasible
2021-02-13 08:00:00,14,103,0.0,0.0,0.0,0.0703333333333333,8.1375,6.0,9,,,,,,,,infeasible
2021-02-13 08:30:00,14,103,0.0,0.0,0.0,0.074,10.0905,6.0,9,,,,,,,,infeasible
2021-02-13 09:00:00,14,103,0.0,0.0,0.0,0.0666666666666666,7.539,6.0,9,,,,,,,,infeasible
2021-02-13 09:30:00,14,103,0.0,0.0,0.0,0.4337,7.938,6.0,9,,,,,,,,infeasible
2021-02-13 10:00:00,14,103,0.0,0.0,0.0,1.4712,8.274,6.0,9,,,,,,,,infeasible
2021-02-13 10:30:00,14,103,0.0,0.0,0.0,0.9699,9.261,6.0,9,,,,,,,,infeasible
2021-02-13 11:00:00,14,103,0.0,0.0,0.0,0.1898,9.9225,6.0,9,,,,,,,,infeasible
2021-02-13 11:30:00,14,103,0.0,0.0,0.0,0.3720666666666666,9.702,6.0,9,,,,,,,,infeasible
2021-02-13 12:00:00,14,103,0.0,0.0,0.0,0.1695,10.584,6.0,9,,,,,,,,infeasible
2021-02-13 12:30:00,14,103,0.0,0.0,0.0,0.2514666666666666,10.143,6.0,9,,,,,,,,infeasible
2021-02-13 13:00:00,14,103,0.0,0.0,0.0,0.1327333333333333,13.0095,6.0,9,,,,,,,,infeasible
2021-02-13 13:30:00,14,103,0.0,0.0,0.0,0.201,11.025,6.0,9,,,,,,,,infeasible
2021-02-13 14:00:00,14,103,0.0,0.0,0.0,0.3845666666666666,12.789,6.0,9,,,,,,,,infeasible
2021-02-13 14:30:00,14,103,0.0,0.0,0.0,1.6465,12.1275,6.0,9,,,,,,,,infeasible
2021-02-13 15:00:00,14,103,0.0,0.0,0.0,0.6802666666666667,12.1695,6.0,9,,,,,,,,infeasible
2021-02-13 15:30:00,14,103,0.0,0.0,0.0,1.8937,12.306,6.0,9,,,,,,,,infeasible
2021-02-13 16:00:00,14,103,0.0,0.0,0.0,2.3639,13.23,6.0,9,,,,,,,,infeasible
2021-02-13 16:30:00,14,103,0.0,0.0,0.0,2.9323,13.671,6.0,9,,,,,,,,infeasible
2021-02-13 17:00:00,14,103,0.0,0.0,0.0,2.955833333333333,13.9335,6.0,9,,,,,,,,infeasible
2021-02-13 17:30:00,14,103,0.0,0.0,0.0,1.9074333333333329,13.293,6.0,9,,,,,,,,infeasible
2021-02-13 18:00:00,14,103,0.0,0.0,0.0,1.2895,12.1065,6.0,9,,,,,,,,infeasible
2021-02-13 18:30:00,14,103,0.0,0.0,0.0,0.3097,11.571,6.0,9,,,,,,,,infeasible
2021-02-13 19:00:00,14,103,0.0,0.0,0.0,0.3345666666666667,11.025,6.0,9,,,,,,,,infeasible
2021-02-13 19:30:00,14,103,0.0,0.0,0.0,0.4467666666666666,10.8465,6.0,9,,,,,,,,infeasible
2021-02-13 20:00:00,14,103,0.0,0.0,0.0,1.5532666666666668,11.2455,6.0,9,,,,,,,,infeasible
2021-02-13 20:30:00,14,103,0.0,0.0,0.0,0.5526666666666666,23.8665,6.0,9,,,,,,,,infeasible
2021-02-13 21:00:00,14,103,0.0,0.0,0.0,0.2005333333333333,27.4575,6.0,9,,,,,,,,infeasible
2021-02-13 21:30:00,14,103,0.0,0.0,0.0,1.1504333333333334,27.3735,6.0,9,,,,,,,,infeasible
2021-02-13 22:00:00,14,103,0.0,0.0,0.0,0.4574,30.4605,6.0,9,,,,,,,,infeasible
2021-02-13 22:30:00,14,103,0.0,0.0,0.0,0.106,30.0195,6.0,9,,,,,,,,infeasible
2021-02-13 23:00:00,14,103,0.0,0.0,0.0,0.377,26.9325,6.0,9,,,,,,,,infeasible
2021-02-13 23:30:00,14,103,0.0,0.0,0.0,0.259,14.595,6.0,9,,,,,,,,infeasible
2021-02-07 00:00:00,15,103,2.0,0.0,0.0,0.0886333333333333,2.205,6.0,-8,21.0,,7000.0,0.0,0.0,0.0,47.952,optimal
2021-02-07 00:30:00,15,103,2.0,0.0,1.5249303740168032,0.1311,0.882,6.0,-8,21.075901182393032,,7000.0,0.0,0.0,0.0,48.62838992765797,optimal
2021-02-07 01:00:00,15,103,2.0,0.0,0.0,0.4048333333333333,1.5435,6.0,-8,21.154302955821013,,7000.0,0.0,0.0,0.0,48.57976153773031,optimal
2021-02-07 01:30:00,15,103,2.0,0.0,0.0,0.2132,1.5435,6.0,-8,21.23894726360802,,7000.0,0.0,0.0,0.0,48.53118177619257,optimal
2021-02-07 02:00:00,15,103,2.0,0.0,0.0,0.1176666666666666,5.0715,6.0,-8,21.32374626604367,,7000.0,0.0,0.0,0.0,48.48265059441637,optimal
2021-02-07 02:30:00,15,103,2.0,0.0,0.0,0.059,5.376,6.0,-8,21.397677969478668,,7000.0,0.0,0.0,0.0,48.434167943821954,optimal
2021-02-07 03:00:00,15,103,2.0,0.0,0.0,0.059,5.0715,6.0,-8,21.465950938939613,,7000.0,0.0,0.0,0.0,48.38573377587813,optimal
2021-02-07 03:30:00,15,103,2.0,0.0,0.0,0.059,5.5125,6.0,-8,21.53346050731417,,7000.0,0.0,0.0,0.0,48.33734804210225,optimal
2021-02-07 04:00:00,15,103,2.0,0.0,0.0,0.059,9.261,6.0,-8,21.60043697205097,,7000.0,0.0,0.0,0.0,48.28901069406015,optimal
2021-02-07 04:30:00,15,103,0.0,0.0,0.0,0.059,11.7075,6.0,-8,21.666882751672112,,0.0,0.0,0.0,0.0,48.24072168336608,optimal
2021-02-07 05:00:00,15,103,0.0,0.0,0.0,0.059,12.348,6.0,-8,21.585674233201715,,0.0,0.0,0.0,0.0,48.19248096168271,optimal
2021-02-07 05:30:00,15,103,0.0,0.0,0.0,0.059,12.348,6.0,-8,21.50483413202033,,0.0,0.0,0.0,0.0,48.144288480721016,optimal
2021-02-07 06:00:00,15,103,0.0,0.0,0.0,0.059,12.1275,6.0,-8,21.4243607767356,,0.0,0.0,0.0,0.0,48.096144192240295,optimal
2021-02-07 06:30:00,15,103,0.0,0.0,0.0,0.059,12.5265,6.0,-8,21.34425250353769,,0.0,0.0,0.0,0.0,48.048048048048045,optimal
2021-02-07 07:00:00,15,103,0.0,0.0,0.0,0.235,11.7495,6.0,-8,21.26428082202496,,0.0,0.0,0.0,0.0,48.0,optimal
2021-02-07 07:30:00,15,103,0.0,0.0,0.0,2.5517,13.23,6.0,-8,21.191286495062325,,0.0,0.0,0.0,0.0,47.66916779598122,optimal
2021-02-07 08:00:00,15,103,0.0,0.0,0.0,0.4962,14.3325,6.0,-8,21.13401768103882,,0.0,0.0,0.0,0.0,47.33866642416647,optimal
2021-02-07 08:30:00,15,103,0.0,0.0,0.0,1.2997,14.994,6.0,-8,21.07067621071,,0.0,0.0,0.0,0.0,47.00849555372353,optimal
2021-02-07 09:00:00,15,103,0.0,0.0,0.0,0.2203333333333333,14.8155,6.0,-8,20.99439313117654,,0.0,0.0,0.0,0.0,46.67865485415103,optimal
2021-02-07 09:30:00,15,103,0.0,0.0,0.0,2.4726666666666666,14.112,6.0,-8,20.91455374875152,,0.0,0.0,0.0,0.0,46.349143995278105,optimal
2021-02-07 10:00:00,15,103,0.0,0.0,0.0,0.2868333333333333,14.007,6.0,-8,20.83905655379596,,0.0,0.0,0.0,0.0,46.01996264726405,optimal
2021-02-07 10:30:00,15,103,0.0,0.0,0.0,2.2128666666666668,13.23,6.0,-8,20.7602794230349,,0.0,0.0,0.0,0.0,45.69111048059801,optimal
2021-02-07 11:00:00,15,103,2.0,0.0,0.0,2.568,11.382,6.0,-8,20.684815475232845,,7000.0,0.0,0.0,0.0,45.36258716609864,optimal
2021-02-07 11:30:00,15,103,0.0,0.0,0.0,0.5688,11.7495,6.0,-8,20.756141188797617,,0.0,0.0,0.0,0.0,45.03439237491377,optimal
2021-02-07 12:00:00,15,103,0.0,0.0,0.0,0.069,24.3285,6.0,-8,20.671373670499943,,0.0,0.0,0.0,0.0,44.70652577852008,optimal
2021-02-07 12:30:00,15,103,0.0,0.0,0.0,0.1136666666666666,28.917,6.0,-8,20.58488651751738,,0.0,0.0,0.0,0.0,44.378987048722784,optimal
2021-02-07 13:00:00,15,103,0.0,0.0,0.0,2.1848,31.3635,6.0,-8,20.501044122949843,,0.0,0.0,0.0,0.0,44.05177585765529,optimal
2021-02-07 13:30:00,15,103,0.0,0.0,0.0,0.5584,33.306,6.0,-8,20.43159142112677,,0.0,0.0,0.0,0.0,43.72489187777886,optimal
2021-02-07 14:00:00,15,103,0.0,0.0,0.0,0.2912,31.3425,6.0,-8,20.36591271793663,,0.0,0.0,0.0,0.0,43.39833478188231,optimal
2021-02-07 14:30:00,15,103,0.0,0.0,0.0,0.101,28.2555,6.0,-8,20.29869194322877,,0.0,0.0,0.0,0.0,43.07210424308165,optimal
2021-02-07 15:00:00,15,103,0.0,0.0,0.0,1.0310333333333332,15.6975,6.0,-8,20.225090709749068,,0.0,0.0,0.0,0.0,42.74619993481979,optimal
2021-02-07 15:30:00,15,103,0.0,0.0,0.0,1.719,12.5475,6.0,-8,20.15409519346324,,0.0,0.0,0.0,0.0,42.4206215308662,optimal
2021-02-07 16:00:00,15,103,0.2518076451373167,0.0,0.0,0.5895666666666667,12.0855,6.0,-8,20.090511104753475,,881.3267579806085,0.0,0.0,0.0,42.09536870531656,optimal
2021-02-07 16:30:00,15,103,2.0,0.0,0.0,1.0344,11.907,6.0,-8,20.04742694329818,,7000.0,0.0,0.0,0.0,41.77044113259247,optimal
2021-02-07 17:00:00,15,103,0.0,0.0,0.0,0.3148,12.5685,6.0,-8,20.145883639124094,,0.0,0.0,0.0,0.0,41.4458384874411,optimal
2021-02-07 17:30:00,15,103,0.0,0.0,0.0,0.0924666666666666,13.146,6.0,-8,20.076797124072268,,0.0,0.0,0.0,0.0,41.121560444934886,optimal
2021-02-07 18:00:00,15,103,0.9539179917218288,0.0,0.0,0.3077333333333333,10.584,6.0,-8,20.0,,3338.712971026401,0.0,0.0,0.0,40.797606680471176,optimal
2021-02-07 18:30:00,15,103,1.9084706737528447,0.0,0.0,0.1134,6.678,6.0,-8,20.0,,6679.647358134956,0.0,0.0,0.0,40.47397686977193,optimal
2021-02-07 19:00:00,15,103,0.0,0.0,0.0,0.2974,7.938,6.0,-8,20.06905326969612,,0.0,0.0,0.0,0.0,40.15067068888339,optimal
2021-02-07 19:30:00,15,103,1.810034478471085,0.0,0.0,0.1042,5.292,6.0,-8,20.0,,6335.120674648796,0.0,0.0,0.0,39.82768781417573,optimal
2021-02-07 20:00:00,15,103,0.0,0.0,0.0,1.616,9.261,6.0,-8,20.063805734427177,,0.0,0.0,0.0,0.0,39.505027922342784,optimal
2021-02-07 20:30:00,15,103,0.0,0.0,0.0,0.959,10.3635,6.0,-8,20.0,,0.0,0.0,0.0,0.0,39.182690690401664,optimal
2021-02-07 21:00:00,15,103,0.0,0.0,0.0,0.1008,8.274,6.0,-8,19.929119776131085,,0.0,0.0,0.0,0.0,38.86067579569249,optimal
2021-02-07 21:30:00,15,103,0.0,0.0,0.0,0.121,7.7175,6.0,-8,19.856030190832005,,0.0,0.0,0.0,0.0,38.53898291587802,optimal
2021-02-07 22:00:00,15,103,0.0,0.0,0.0,0.2976,6.615,6.0,-8,19.787009338863893,,0.0,0.0,0.0,0.0,38.21761172894337,optimal
2021-02-07 22:30:00,15,103,0.0,0.0,0.0,2.5040666666666667,6.174,6.0,-8,19.724170466305065,,0.0,0.0,0.0,0.0,38.17939411721442,optimal
2021-02-07 23:00:00,15,103,0.0,0.0,0.0,3.3142,3.906,6.0,-8,19.669173770182173,,0.0,0.0,0.0,0.0,38.14121472309721,optimal
2021-02-07 23:30:00,15,103,0.0,0.0,0.0,0.069,2.3415,6.0,-8,19.61068830486983,,0.0,0.0,0.0,0.0,38.10307350837411,optimal
2021-02-08 00:00:00,15,103,0.0,0.0,0.0,0.058,12.1275,6.0,5,19.61068830486983,,0.0,0.0,0.0,0.0,38.064970434865735,optimal
2021-02-08 00:30:00,15,103,2.0,0.0,0.0,0.058,11.2665,6.0,5,19.53473559906444,,0.0,0.0,7000.0,0.0,38.02690546443087,optimal
2021-02-08 01:00:00,15,103,2.0,0.0,0.0,0.058,10.143,6.0,5,19.45912746659315,,0.0,0.0,7000.0,0.0,37.988878558966434,optimal
2021-02-08 01:30:00,15,103,2.0,0.0,0.0,0.058,11.2455,6.0,5,19.383862344236032,,5464.333333333333,0.0,1535.6666666666667,0.0,37.95088968040746,optimal
2021-02-08 02:00:00,15,103,2.0,0.0,0.0,0.058,11.025,6.0,5,19.42373828679825,,7000.0,0.0,0.0,0.0,37.912938790727054,optimal
2021-02-08 02:30:00,15,103,2.0,0.0,5.0,0.058,5.9745,6.0,5,19.49553290031032,,7000.0,0.0,0.0,0.0,40.25002585193633,optimal
2021-02-08 03:00:00,15,103,2.0,0.0,0.0,0.058,7.938,6.0,5,19.56722863857412,,7000.0,0.0,0.0,0.0,40.20977582608439,optimal
2021-02-08 03:30:00,15,103,2.0,0.0,0.0,0.058,8.6835,6.0,5,19.638825950155287,,7000.0,0.0,0.0,0.0,40.169566050258304,optimal
2021-02-08 04:00:00,15,103,2.0,0.0,0.0,0.058,7.665,6.0,5,19.709871613304387,,7000.0,0.0,0.0,0.0,40.12939648420805,optimal
2021-02-08 04:30:00,15,103,2.0,0.0,2.029347554281966,0.058,6.7725,6.0,5,19.78036813067538,,7000.0,0.0,0.0,0.0,41.05320717600776,optimal
2021-02-08 05:00:00,15,103,2.0,0.0,5.0,0.058,5.5755,6.0,5,19.85009115942844,,7000.0,0.0,0.0,0.0,43.38715396883175,optimal
2021-02-08 05:30:00,15,103,2.0,0.0,5.0,0.058,5.0925,6.0,5,19.919044208636056,,7000.0,0.0,0.0,0.0,45.71876681486292,optimal
2021-02-08 06:00:00,15,103,2.0,0.0,5.0,1.8921,4.1895,6.0,5,19.98745760559124,,7000.0,0.0,0.0,0.0,48.048048048048045,optimal
2021-02-08 06:30:00,15,103,2.0,0.0,0.0,0.064,7.056,6.0,5,20.083071078879247,,7000.0,0.0,0.0,0.0,48.0,optimal
2021-02-08 07:00:00,15,103,2.0,0.0,0.0,0.067,5.271,6.0,5,20.15522158694406,,7000.0,0.0,0.0,0.0,47.73857137441048,optimal
2021-02-08 07:30:00,15,103,2.0,0.0,0.0,0.067,7.938,6.0,5,20.228050789117205,,7000.0,0.0,0.0,0.0,47.47740417744655,optimal
2021-02-08 08:00:00,15,103,2.0,0.0,0.0,0.9517,7.938,6.0,5,20.29864210250557,,7000.0,0.0,0.0,0.0,47.21649814767957,optimal
2021-02-08 08:30:00,15,103,2.0,0.0,0.0,1.052533333333333,11.907,6.0,5,20.379547653030706,,7000.0,0.0,0.0,0.0,46.955853023942375,optimal
2021-02-08 09:00:00,15,103,2.0,0.0,0.0,0.101,11.025,6.0,5,20.46096175554135,,7000.0,0.0,0.0,0.0,46.69546854532891,optimal
2021-02-08 09:30:00,15,103,2.0,0.0,0.0,0.0928666666666666,11.2875,6.0,5,20.5307535606524,,7000.0,0.0,0.0,0.0,46.435344451194055,optimal
2021-02-08 10:00:00,15,103,1.1336435216489202,0.0,0.0,1.77,12.936,6.0,5,20.60205228204572,,3967.752325771221,0.0,0.0,0.0,46.175480481153336,optimal
2021-02-08 10:30:00,15,103,0.0,0.0,0.0,2.183,13.0095,6.0,5,20.6102028756794,,0.0,0.0,0.0,0.0,45.91587637508266,optimal
2021-02-08 11:00:00,15,103,0.0,0.0,0.0,0.491,13.671,6.0,5,20.529959238549694,,0.0,0.0,0.0,0.0,45.656531873118055,optimal
2021-02-08 11:30:00,15,103,0.0,0.0,0.0,0.068,13.188,6.0,5,20.442275682885032,,0.0,0.0,0.0,0.0,45.39744671565541,optimal
2021-02-08 12:00:00,15,103,0.0,0.0,0.0,0.068,13.8495,6.0,5,20.353662723478656,,0.0,0.0,0.0,0.0,45.13862064335024,optimal
2021-02-08 12:30:00,15,103,2.0,0.0,0.0,0.068,13.23,6.0,5,20.26590544185222,,7000.0,0.0,0.0,0.0,44.880053397117365,optimal
2021-02-08 13:00:00,15,103,0.0,0.0,0.0,0.068,13.3665,6.0,5,20.326806478402062,,0.0,0.0,0.0,0.0,44.62174471813073,optimal
2021-02-08 13:30:00,15,103,2.0,0.0,0.0,0.068,13.0515,6.0,5,20.24098570795036,,7000.0,0.0,0.0,0.0,44.36369434782308,optimal
2021-02-08 14:00:00,15,103,0.0,0.0,0.0,0.068,13.5345,6.0,5,20.303360802057927,,0.0,0.0,0.0,0.0,44.10590202788573,optimal
2021-02-08 14:30:00,15,103,0.0,0.0,0.0,0.068,14.154,6.0,5,20.218553733805123,,0.0,0.0,0.0,0.0,43.84836750026832,optimal
2021-02-08 15:00:00,15,103,0.0,0.0,0.0,1.2050666666666665,14.112,6.0,5,20.133450905900137,,0.0,0.0,0.0,0.0,43.591090507178535,optimal
2021-02-08 15:30:00,15,103,0.0,0.0,0.0,2.2806666666666664,14.2485,6.0,5,20.06354675893107,,0.0,0.0,0.0,0.0,43.33407079108184,optimal
2021-02-08 16:00:00,15,103,2.0,0.0,0.0,1.3417333333333332,12.789,6.0,5,20.0,,7000.0,0.0,0.0,0.0,43.07730809470123,optimal
2021-02-08 16:30:00,15,103,0.5868237812013174,0.0,0.0,0.068,13.0095,6.0,5,20.073614982371137,,2053.8832342046107,0.0,0.0,0.0,42.820802161017006,optimal
2021-02-08 17:00:00,15,103,2.0,0.0,0.0,0.3722666666666666,12.1275,6.0,5,20.031497435812195,,7000.0,0.0,0.0,0.0,42.56455273326647,optimal
2021-02-08 17:30:00,15,103,2.0,0.0,0.0,0.0907333333333333,12.348,6.0,5,20.107393381106405,,7000.0,0.0,0.0,0.0,42.30855955494368,optimal
2021-02-08 18:00:00,15,103,2.0,0.0,0.0,0.1770666666666666,12.348,6.0,5,20.18081745203812,,7000.0,0.0,0.0,0.0,42.05282236979921,optimal
2021-02-08 18:30:00,15,103,0.0,0.0,0.0,0.3869333333333333,25.389,6.0,5,20.257400619374305,,0.0,0.0,0.0,0.0,41.79734092183989,optimal
2021-02-08 19:00:00,15,103,0.0,0.0,0.0,1.9931666666666668,29.1375,6.0,5,20.184847210093505,,0.0,0.0,0.0,0.0,41.54211495532853,optimal
2021-02-08 19:30:00,15,103,0.0,0.0,0.0,0.2766666666666666,30.597,6.0,5,20.134484834559075,,0.0,0.0,0.0,0.0,41.28714421478368,optimal
2021-02-08 20:00:00,15,103,0.0,0.0,0.0,0.237,33.684,6.0,5,20.06751003665213,,0.0,0.0,0.0,0.0,41.032428444979374,optimal
2021-02-08 20:30:00,15,103,0.0,0.0,0.0,0.2303666666666666,32.445,6.0,5,20.0,,0.0,0.0,0.0,0.0,40.77796739094487,optimal
2021-02-08 21:00:00,15,103,0.0,0.0,0.0,0.212,28.917,6.0,5,19.931247945483857,,0.0,0.0,0.0,0.0,40.52376079796441,optimal
2021-02-08 21:30:00,15,103,0.0,0.0,0.0,0.2038666666666666,15.876,6.0,5,19.85677226248008,,0.0,0.0,0.0,0.0,40.26980841157692,optimal
2021-02-08 22:00:00,15,103,0.0,0.0,0.0,0.2286333333333333,12.348,6.0,5,19.784684634314704,,0.0,0.0,0.0,0.0,40.22953860316534,optimal
2021-02-08 22:30:00,15,103,0.0,0.0,0.0,0.2444,12.1275,6.0,5,19.71503316828228,,0.0,0.0,0.0,0.0,40.189309064562174,optimal
2021-02-08 23:00:00,15,103,0.0,0.0,0.0,0.122,12.348,6.0,5,19.64823266822241,,0.0,0.0,0.0,0.0,40.14911975549761,optimal
2021-02-08 23:30:00,15,103,0.0,0.0,0.0,0.068,12.1275,6.0,5,19.572258837510745,,0.0,0.0,0.0,0.0,40.10897063574211,optimal
2021-02-09 00:00:00,15,103,2.0,0.0,0.0,0.2556,11.7705,6.0,-4,19.572258837510745,,6582.0,0.0,418.0,0.0,40.06886166510637,optimal
2021-02-09 00:30:00,15,103,2.0,0.0,5.0,0.0882666666666666,11.13,6.0,-4,19.63609385831776,,2750.333333333333,0.0,4249.666666666667,0.0,42.40379280344126,optimal
2021-02-09 01:00:00,15,103,2.0,0.0,0.0,0.3316,11.6865,6.0,-4,19.61652053270373,,7000.0,0.0,0.0,0.0,42.36138901063782,optimal
2021-02-09 01:30:00,15,103,2.0,0.0,5.0,0.0623333333333333,10.7205,6.0,-4,19.69250891773444,,7000.0,0.0,0.0,0.0,44.69402762162719,optimal
2021-02-09 02:00:00,15,103,2.0,0.0,0.0,0.3039666666666666,11.424,6.0,-4,19.76251488552244,,7000.0,0.0,0.0,0.0,44.64933359400556,optimal
2021-02-09 02:30:00,15,103,2.0,0.0,5.0,0.0626333333333333,10.689,6.0,-4,19.83652733105284,,7000.0,0.0,0.0,0.0,46.97968426041155,optimal
2021-02-09 03:00:00,15,103,2.0,0.0,3.1609755108859283,0.1941666666666666,11.361,6.0,-4,19.90682420319658,,7000.0,0.0,0.0,0.0,48.434167943821954,optimal
2021-02-09 03:30:00,15,103,2.0,0.0,0.0,0.1477333333333333,11.571,6.0,-4,19.978691696414405,,7000.0,0.0,0.0,0.0,48.38573377587813,optimal
2021-02-09 04:00:00,15,103,1.6904923840987554,0.0,0.0,0.1914666666666666,14.3745,6.0,-4,20.0535141683328,,5916.723344345643,0.0,0.0,0.0,48.33734804210225,optimal
2021-02-09 04:30:00,15,103,2.0,0.0,0.0,0.1069,13.23,6.0,-4,20.10299930603541,,7000.0,0.0,0.0,0.0,48.28901069406015,optimal
2021-02-09 05:00:00,15,103,2.0,0.0,0.0,0.1177666666666666,13.9755,6.0,-4,20.16955969962333,,7000.0,0.0,0.0,0.0,48.24072168336608,optimal
2021-02-09 05:30:00,15,103,0.0,0.0,0.0,0.2130333333333333,14.994,6.0,-4,20.23559320930324,,0.0,0.0,0.0,0.0,48.19248096168271,optimal
2021-02-09 06:00:00,15,103,2.0,0.0,0.0,0.1679,13.671,6.0,-4,20.155979693413546,,7000.0,0.0,0.0,0.0,48.144288480721016,optimal
2021-02-09 06:30:00,15,103,0.0,0.0,0.0,1.414,15.981,6.0,-4,20.223572196949565,,0.0,0.0,0.0,0.0,48.096144192240295,optimal
2021-02-09 07:00:00,15,103,0.0,0.0,0.0,0.4828,15.6345,6.0,-4,20.15180588613495,,0.0,0.0,0.0,0.0,48.048048048048045,optimal
2021-02-09 07:30:00,15,103,0.0,0.0,0.0,0.1405333333333333,16.5375,6.0,-4,20.08034461616478,,0.0,0.0,0.0,0.0,48.0,optimal
2021-02-09 08:00:00,15,103,2.0,0.0,0.0,0.9236333333333332,14.7735,6.0,-4,20.00298536160889,,7000.0,0.0,0.0,0.0,47.698715805738274,optimal
2021-02-09 08:30:00,15,103,0.0,0.0,0.0,0.4626666666666666,15.2145,6.0,-4,20.073835164103297,,0.0,0.0,0.0,0.0,47.39773289567081,optimal
2021-02-09 09:00:00,15,103,2.0,0.0,0.0,1.5137,14.553,6.0,-4,20.0,,7000.0,0.0,0.0,0.0,47.09705096851342,optimal
2021-02-09 09:30:00,15,103,2.0,0.0,0.0,0.1721666666666666,14.3325,6.0,-4,20.069324026880903,,7000.0,0.0,0.0,0.0,46.79666972328319,optimal
2021-02-09 10:00:00,15,103,2.0,0.0,0.0,0.3417666666666666,14.595,6.0,-4,20.13175911508166,,7000.0,0.0,0.0,0.0,46.49658885929818,optimal
2021-02-09 10:30:00,15,103,0.7439337681185137,0.0,0.0,0.1595,14.994,6.0,-4,20.197115977531087,,2603.7681884147983,0.0,0.0,0.0,46.19680807617716,optimal
2021-02-09 11:00:00,15,103,2.0,0.0,0.0,0.2110999999999999,14.3325,6.0,-4,20.1664344575806,,7000.0,0.0,0.0,0.0,45.89732707383926,optimal
2021-02-09 11:30:00,15,103,2.0,0.0,0.0,0.2236,13.8915,6.0,-4,20.229894915846497,,7000.0,0.0,0.0,0.0,45.598145552503695,optimal
2021-02-09 12:00:00,15,103,2.0,0.0,0.0,0.1603666666666666,13.8915,6.0,-4,20.295816287474512,,7000.0,0.0,0.0,0.0,45.29926321268947,optimal
2021-02-09 12:30:00,15,103,2.0,0.0,0.0,0.1741333333333333,13.4715,6.0,-4,20.36033434265789,,7000.0,0.0,0.0,0.0,45.00067975521505,optimal
2021-02-09 13:00:00,15,103,2.0,0.0,0.0,0.1349666666666666,13.23,6.0,-4,20.42462265969745,,7000.0,0.0,0.0,0.0,44.70239488119812,optimal
2021-02-09 13:30:00,15,103,2.0,0.0,0.0,0.2025666666666666,13.8915,6.0,-4,20.48756801288388,,7000.0,0.0,0.0,0.0,44.4044082920552,optimal
2021-02-09 14:00:00,15,103,0.0,0.0,0.0,0.1608666666666666,26.9325,6.0,-4,20.551423976397,,0.0,0.0,0.0,0.0,44.10671968950142,optimal
2021-02-09 14:30:00,15,103,0.0,0.0,0.0,0.1658,30.303,6.0,-4,20.46653275448892,,0.0,0.0,0.0,0.0,43.80932877555019,optimal
2021-02-09 15:00:00,15,103,0.0,0.0,0.0,0.1518333333333333,32.886,6.0,-4,20.38190367166569,,0.0,0.0,0.0,0.0,43.51223525251292,optimal
2021-02-09 15:30:00,15,103,0.0,0.0,0.0,0.1409666666666666,34.9965,6.0,-4,20.2971376845662,,0.0,0.0,0.0,0.0,43.21543882299868,optimal
2021-02-09 16:00:00,15,103,0.0,0.0,0.0,0.2476666666666666,33.327,6.0,-4,20.21252750609761,,0.0,0.0,0.0,0.0,42.91893918991396,optimal
2021-02-09 16:30:00,15,103,0.0,0.0,0.0,0.5861666666666666,31.122,6.0,-4,20.13517553674239,,0.0,0.0,0.0,0.0,42.62273605646232,optimal
2021-02-09 17:00:00,15,103,0.0,0.0,0.0,0.3781,17.9025,6.0,-4,20.07078400186234,,0.0,0.0,0.0,0.0,42.326829126144126,optimal
2021-02-09 17:30:00,15,103,0.9418071717606208,0.0,0.0,0.2793666666666666,15.6555,6.0,-4,20.0,,3296.325101162173,0.0,0.0,0.0,42.031218102756256,optimal
2021-02-09 18:00:00,15,103,0.9083438044639336,0.0,0.0,1.1109666666666669,14.553,6.0,-4,20.0,,3179.203315623767,0.0,0.0,0.0,41.735902690391775,optimal
2021-02-09 18:30:00,15,103,0.9011907302110695,0.0,0.0,0.2866,14.3325,6.0,-4,20.0,,3154.167555738744,0.0,0.0,0.0,41.44088259343966,optimal
2021-02-09 19:00:00,15,103,0.9567119416724692,0.0,0.0,0.3489666666666666,13.335,6.0,-4,20.0,,3209.1584625203086,0.0,139.33333333333331,0.0,41.146157516584495,optimal
2021-02-09 19:30:00,15,103,1.727836794437188,0.0,0.0,1.4621666666666668,12.1275,6.0,-4,20.0,,6047.428780530158,0.0,0.0,0.0,40.851727164806185,optimal
2021-02-09 20:00:00,15,103,0.0,0.0,0.0,0.6947000000000001,12.2955,6.0,-4,20.06510842687259,,0.0,0.0,0.0,0.0,40.557591243379655,optimal
2021-02-09 20:30:00,15,103,0.0,0.0,0.0,0.4377666666666666,11.6865,6.0,-4,20.0,,0.0,0.0,0.0,0.0,40.26374945787455,optimal
2021-02-09 21:00:00,15,103,1.4132380952380952,0.0,0.0,0.4562333333333333,11.466,6.0,-4,19.93391133287077,,0.0,0.0,4946.333333333333,0.0,40.22348570841668,optimal
2021-02-09 21:30:00,15,103,0.0,0.0,0.0,0.5221,10.8045,6.0,-4,19.869802349780485,,0.0,0.0,0.0,0.0,40.183262222708265,optimal
2021-02-09 22:00:00,15,103,0.4976190476190476,0.0,0.0,0.7531333333333333,10.584,6.0,-4,19.804446202033034,,0.0,0.0,1741.6666666666667,0.0,40.14307896048555,optimal
2021-02-09 22:30:00,15,103,0.0,0.0,0.0,0.1549333333333333,11.2455,6.0,-4,19.74365214505193,,0.0,0.0,0.0,0.0,40.10293588152507,optimal
2021-02-09 23:00:00,15,103,0.0,0.0,0.0,0.103,12.1275,6.0,-4,19.66506371109561,,0.0,0.0,0.0,0.0,40.06283294564354,optimal
2021-02-09 23:30:00,15,103,0.0,0.0,0.0,0.2,11.823,6.0,-4,19.58596542423042,,0.0,0.0,0.0,0.0,40.0227701126979,optimal
2021-02-10 00:00:00,15,103,0.0,0.0,0.0,0.063,16.758,6.0,6,19.58596542423042,,0.0,0.0,0.0,0.0,39.9827473425852,optimal
2021-02-10 00:30:00,15,103,2.0,0.0,0.0,0.063,14.217,6.0,6,19.505208203638947,,0.0,0.0,7000.0,0.0,39.942764595242615,optimal
2021-02-10 01:00:00,15,103,2.0,0.0,0.0,0.0835,13.3665,6.0,6,19.42436368466109,,0.0,0.0,7000.0,0.0,39.90282183064737,optimal
2021-02-10 01:30:00,15,103,2.0,0.0,0.0,0.1980333333333333,12.789,6.0,6,19.34386379670204,,3792.3333333333335,0.0,3207.6666666666665,0.0,39.862919008816725,optimal
2021-02-10 02:00:00,15,103,2.0,0.0,0.0,0.1618,11.907,6.0,6,19.34551657951044,,7000.0,0.0,0.0,0.0,39.82305608980791,optimal
2021-02-10 02:30:00,15,103,2.0,0.0,0.0,0.186,11.7075,6.0,6,19.41346816089449,,7000.0,0.0,0.0,0.0,39.7832330337181,optimal
2021-02-10 03:00:00,15,103,2.0,0.0,5.0,0.1475333333333333,10.8045,6.0,6,19.48162088737698,,7000.0,0.0,0.0,0.0,42.11844980068438,optimal
2021-02-10 03:30:00,15,103,2.0,0.0,0.0,0.1098,11.508,6.0,6,19.54865468753701,,7000.0,0.0,0.0,0.0,42.0763313508837,optimal
2021-02-10 04:00:00,15,103,2.0,0.0,2.8431932842634846,0.2133333333333333,11.508,6.0,6,19.614590074554112,,7000.0,0.0,0.0,0.0,43.38477182955796,optimal
2021-02-10 04:30:00,15,103,2.0,0.0,5.0,0.0994,11.508,6.0,6,19.68240575252351,,7000.0,0.0,0.0,0.0,45.7163870577284,optimal
2021-02-10 05:00:00,15,103,2.0,0.0,0.0,0.1306,11.844,6.0,6,19.74706176086321,,7000.0,0.0,0.0,0.0,45.670670670670674,optimal
2021-02-10 05:30:00,15,103,2.0,0.0,5.0,0.0915,11.508,6.0,6,19.811627549845507,,7000.0,0.0,0.0,0.0,48.0,optimal
2021-02-10 06:00:00,15,103,2.0,0.0,0.0,0.4208333333333333,11.508,6.0,6,19.87645857897871,,7000.0,0.0,0.0,0.0,47.68573316088344,optimal
2021-02-10 06:30:00,15,103,2.0,0.0,0.0,1.5015666666666667,10.4475,6.0,6,19.949639106591984,,7000.0,0.0,0.0,0.0,47.37178058860599,optimal
2021-02-10 07:00:00,15,103,2.0,0.0,0.0,1.775766666666667,10.8675,6.0,6,20.02658593507624,,7000.0,0.0,0.0,0.0,47.05814196890083,optimal
2021-02-10 07:30:00,15,103,2.0,0.0,0.0,0.7274333333333333,10.542,6.0,6,20.106924682330533,,7000.0,0.0,0.0,0.0,46.74481698781536,optimal
2021-02-10 08:00:00,15,103,2.0,0.0,0.0,0.2534666666666667,11.025,6.0,6,20.171997744411893,,7000.0,0.0,0.0,0.0,46.43180533171098,optimal
2021-02-10 08:30:00,15,103,2.0,0.0,0.0,0.1413333333333333,11.025,6.0,6,20.234850830659912,,7000.0,0.0,0.0,0.0,46.11910668726271,optimal
2021-02-10 09:00:00,15,103,2.0,0.0,0.0,0.155,14.553,6.0,6,20.29150718018299,,7000.0,0.0,0.0,0.0,45.80672074145888,optimal
2021-02-10 09:30:00,15,103,2.0,0.0,0.0,0.1542666666666667,13.0935,6.0,6,20.34910152450852,,7000.0,0.0,0.0,0.0,45.49464718160086,optimal
2021-02-10 10:00:00,15,103,2.0,0.0,0.0,0.5473333333333333,15.6345,6.0,6,20.407326481157146,,7000.0,0.0,0.0,0.0,45.1828856953027,optimal
2021-02-10 10:30:00,15,103,0.0,0.0,0.0,0.32,18.102,6.0,6,20.47806846155205,,0.0,0.0,0.0,0.0,44.87143597049084,optimal
2021-02-10 11:00:00,15,103,0.0,0.0,0.0,0.4716666666666667,17.199,6.0,6,20.39673699069069,,0.0,0.0,0.0,0.0,44.56029769540378,optimal
2021-02-10 11:30:00,15,103,0.0,0.0,0.0,2.0360666666666662,18.2805,6.0,6,20.31990473953576,,0.0,0.0,0.0,0.0,44.24947055859182,optimal
2021-02-10 12:00:00,15,103,0.0,0.0,0.0,0.2536,17.4615,6.0,6,20.252114691846177,,0.0,0.0,0.0,0.0,43.938954248916666,optimal
2021-02-10 12:30:00,15,103,0.0,0.0,0.0,0.2907333333333333,18.3225,6.0,6,20.167480979090712,,0.0,0.0,0.0,0.0,43.62874845555119,optimal
2021-02-10 13:00:00,15,103,0.0077667161232638,0.0,0.0,0.248,17.094,6.0,6,20.084012894454258,,27.1835064314233,0.0,0.0,0.0,43.31885286797908,optimal
2021-02-10 13:30:00,15,103,0.922349085825702,0.0,0.0,1.7110666666666663,17.094,6.0,6,20.0,,3228.221800389957,0.0,0.0,0.0,43.00926717599454,optimal
2021-02-10 14:00:00,15,103,1.8483844205047828,0.0,0.0,2.7731666666666666,17.094,6.0,6,20.0,,6469.34547176674,0.0,0.0,0.0,42.69999106970198,optimal
2021-02-10 14:30:00,15,103,0.0,0.0,0.0,1.6945,17.3565,6.0,6,20.07034891990224,,0.0,0.0,0.0,0.0,42.39102423951572,optimal
2021-02-10 15:00:00,15,103,2.0,0.0,0.0,0.1764,17.115,6.0,6,20.0,,7000.0,0.0,0.0,0.0,42.08236637615964,optimal
2021-02-10 15:30:00,15,103,0.2564684668123373,0.0,0.0,0.1351,17.241,6.0,6,20.06526498963314,,897.6396338431807,0.0,0.0,0.0,41.77401717066692,optimal
2021-02-10 16:00:00,15,103,1.5616516825293931,0.0,0.0,0.9603666666666668,17.094,6.0,6,20.0,,5465.780888852876,0.0,0.0,0.0,41.465976314379695,optimal
2021-02-10 16:30:00,15,103,2.0,0.0,0.0,2.790033333333333,16.5165,6.0,6,20.04325008132132,,7000.0,0.0,0.0,0.0,41.15824349894876,optimal
2021-02-10 17:00:00,15,103,0.0,0.0,0.0,1.9423,17.8185,6.0,6,20.139864666014645,,0.0,0.0,0.0,0.0,40.85081841633325,optimal
2021-02-10 17:30:00,15,103,2.0,0.0,0.0,1.026733333333333,17.094,6.0,6,20.086095452106417,,7000.0,0.0,0.0,0.0,40.54370075880036,optimal
2021-02-10 18:00:00,15,103,2.0,0.0,0.0,0.5226666666666666,16.8945,6.0,6,20.17170120952978,,7000.0,0.0,0.0,0.0,40.50315705804155,optimal
2021-02-10 18:30:00,15,103,0.0,0.0,0.0,1.8051,18.123,6.0,6,20.257543146602096,,0.0,0.0,0.0,0.0,40.46265390098351,optimal
2021-02-10 19:00:00,15,103,0.0,0.0,0.0,0.5282333333333333,31.647,6.0,6,20.19912454118958,,0.0,0.0,0.0,0.0,40.42219124708253,optimal
2021-02-10 19:30:00,15,103,0.0,0.0,0.0,0.3942333333333333,34.9965,6.0,6,20.136621539566832,,0.0,0.0,0.0,0.0,40.38176905583545,optimal
2021-02-10 20:00:00,15,103,0.0,0.0,0.0,0.4763,34.9965,6.0,6,20.06909601338064,,0.0,0.0,0.0,0.0,40.341387286779614,optimal
2021-02-10 20:30:00,15,103,0.0,0.0,0.0,1.9998,34.9965,6.0,6,20.0,,0.0,0.0,0.0,0.0,40.301045899492834,optimal
2021-02-10 21:00:00,15,103,0.0,0.0,0.0,2.959966666666667,34.9965,6.0,6,19.94473779849885,,0.0,0.0,0.0,0.0,40.260744853593344,optimal
2021-02-10 21:30:00,15,103,0.0,0.0,0.0,1.9703,34.9965,6.0,6,19.890872096861973,,0.0,0.0,0.0,0.0,40.22048410873976,optimal
2021-02-10 22:00:00,15,103,0.0,0.0,0.0,0.4486666666666666,27.741,6.0,6,19.828063168214147,,0.0,0.0,0.0,0.0,40.18026362463102,optimal
2021-02-10 22:30:00,15,103,0.0,0.0,0.0,0.1406,19.026,6.0,6,19.74322637519826,,0.0,0.0,0.0,0.0,40.14008336100638,optimal
2021-02-10 23:00:00,15,103,0.0,0.0,0.0,0.1345,18.7215,6.0,6,19.644805153780275,,0.0,0.0,0.0,0.0,40.09994327764537,optimal
2021-02-10 23:30:00,15,103,0.0,0.0,0.0,0.2606333333333333,17.4195,6.0,6,19.5455678600369,,0.0,0.0,0.0,0.0,40.05984333436773,optimal
2021-02-11 00:00:00,15,103,2.0,0.0,0.0,0.055,12.684,6.0,5,19.5455678600369,,7000.0,0.0,0.0,0.0,40.01978349103336,optimal
2021-02-11 00:30:00,15,103,2.0,0.0,0.0,0.055,12.306,6.0,5,19.593634798401663,,0.0,0.0,7000.0,0.0,39.979763707542325,optimal
2021-02-11 01:00:00,15,103,2.0,0.0,5.0,0.2097333333333333,10.6365,6.0,5,19.494584485928,,5431.0,0.0,1569.0,0.0,42.31478394383478,optimal
2021-02-11 01:30:00,15,103,2.0,0.0,0.0,0.055,11.2455,6.0,5,19.51401916616475,,7000.0,0.0,0.0,0.0,42.27246915989095,optimal
2021-02-11 02:00:00,15,103,2.0,0.0,2.5271223073494897,0.1394,11.2455,6.0,5,19.563136567506536,,7000.0,0.0,0.0,0.0,43.43057978672206,optimal
2021-02-11 02:30:00,15,103,2.0,0.0,5.0,0.1253333333333333,11.025,6.0,5,19.613807793197555,,7000.0,0.0,0.0,0.0,45.76214920693534,optimal
2021-02-11 03:00:00,15,103,2.0,0.0,0.0,0.0620333333333333,12.0855,6.0,5,19.663499362260563,,7000.0,0.0,0.0,0.0,45.7163870577284,optimal
2021-02-11 03:30:00,15,103,2.0,0.0,0.0,0.2027,11.6865,6.0,5,19.71117933734245,,7000.0,0.0,0.0,0.0,45.670670670670674,optimal
2021-02-11 04:00:00,15,103,2.0,0.0,5.0,0.0719333333333333,11.2245,6.0,5,19.76273826490016,,7000.0,0.0,0.0,0.0,48.0,optimal
2021-02-11 04:30:00,15,103,2.0,0.0,0.0,0.3051,11.025,6.0,5,19.81327274770413,,7000.0,0.0,0.0,0.0,47.75443880912223,optimal
2021-02-11 05:00:00,15,103,2.0,0.0,0.0,0.3635666666666666,10.7835,6.0,5,19.867763494341887,,7000.0,0.0,0.0,0.0,47.509123179435335,optimal
2021-02-11 05:30:00,15,103,2.0,0.0,0.0,0.2423,11.025,6.0,5,19.92449659531017,,7000.0,0.0,0.0,0.0,47.264052865378126,optimal
2021-02-11 06:00:00,15,103,2.0,0.0,0.0,0.1413333333333333,10.584,6.0,5,19.980372634972007,,7000.0,0.0,0.0,0.0,47.019227621634975,optimal
2021-02-11 06:30:00,15,103,2.0,0.0,0.0,0.2311333333333333,11.025,6.0,5,20.03322099441597,,7000.0,0.0,0.0,0.0,46.77464720313557,optimal
2021-02-11 07:00:00,15,103,2.0,0.0,0.0,0.054,10.4265,6.0,5,20.08834888515064,,7000.0,0.0,0.0,0.0,46.530311365054665,optimal
2021-02-11 07:30:00,15,103,2.0,0.0,0.0,0.7895666666666667,12.789,6.0,5,20.14146010263562,,7000.0,0.0,0.0,0.0,46.28621986281184,optimal
2021-02-11 08:00:00,15,103,2.0,0.0,0.0,0.7071666666666666,12.684,6.0,5,20.20763301716469,,7000.0,0.0,0.0,0.0,46.042372452071255,optimal
2021-02-11 08:30:00,15,103,2.0,0.0,0.0,0.1719333333333333,16.254,6.0,5,20.27078269655944,,7000.0,0.0,0.0,0.0,45.79876888874141,optimal
2021-02-11 09:00:00,15,103,2.0,0.0,0.0,0.3021333333333333,17.64,6.0,5,20.32597454303617,,7000.0,0.0,0.0,0.0,45.5554089289749,optimal
2021-02-11 09:30:00,15,103,0.0,0.0,0.0,1.6410333333333331,19.1625,6.0,5,20.38388816736688,,0.0,0.0,0.0,0.0,45.31229232916815,optimal
2021-02-11 10:00:00,15,103,0.0,0.0,0.0,1.5380666666666667,26.46,6.0,5,20.30539414169037,,0.0,0.0,0.0,0.0,45.06941884596121,optimal
2021-02-11 10:30:00,15,103,0.0,0.0,0.0,0.3251,20.79,6.0,5,20.24835532685137,,0.0,0.0,0.0,0.0,44.82678823623748,optimal
2021-02-11 11:00:00,15,103,0.0,0.0,0.0,0.2,29.106,6.0,5,20.169607442826244,,0.0,0.0,0.0,0.0,44.58440025712347,optimal
2021-02-11 11:30:00,15,103,1.976798071408443,0.0,0.0,1.684766666666667,19.1835,6.0,5,20.086510313012525,,6918.793249929551,0.0,0.0,0.0,44.34225466598858,optimal
2021-02-11 12:00:00,15,103,0.0,0.0,0.0,2.564,19.6665,6.0,5,20.155062250872923,,0.0,0.0,0.0,0.0,44.100351220444814,optimal
2021-02-11 12:30:00,15,103,0.0,0.0,0.0,1.2312,19.404,6.0,5,20.07868906141153,,0.0,0.0,0.0,0.0,43.8586896783466,optimal
2021-02-11 13:00:00,15,103,1.2124036419840811,0.0,0.0,0.2197333333333332,19.047,6.0,5,20.0,,4243.412746944285,0.0,0.0,0.0,43.617269797790485,optimal
2021-02-11 13:30:00,15,103,2.0,0.0,0.0,0.065,18.858,6.0,5,20.012289740397605,,7000.0,0.0,0.0,0.0,43.37609133711492,optimal
2021-02-11 14:00:00,15,103,0.0,0.0,0.0,0.065,19.2675,6.0,5,20.07974748049209,,0.0,0.0,0.0,0.0,43.13515405490004,optimal
2021-02-11 14:30:00,15,103,1.0809568612079277,0.0,0.0,0.1283,18.963,6.0,5,20.0,,3783.3490142277465,0.0,0.0,0.0,42.89445770996736,optimal
2021-02-11 15:00:00,15,103,2.0,0.0,0.0,0.1988333333333332,18.438,6.0,5,20.0,,7000.0,0.0,0.0,0.0,42.65400206137962,optimal
2021-02-11 15:30:00,15,103,0.2008717237559412,0.0,0.0,0.2107,18.7425,6.0,5,20.069671669993205,,703.0510331457945,0.0,0.0,0.0,42.41378686844047,optimal
2021-02-11 16:00:00,15,103,2.0,0.0,0.0,0.2874666666666666,15.2145,6.0,5,20.007212594840773,,7000.0,0.0,0.0,0.0,42.17381189069425,optimal
2021-02-11 16:30:00,15,103,2.0,0.0,0.0,0.3966333333333333,17.7765,6.0,5,20.077480563947635,,7000.0,0.0,0.0,0.0,41.93407688792579,optimal
2021-02-11 17:00:00,15,103,2.0,0.0,0.0,0.4973666666666667,16.758,6.0,5,20.14805851799496,,7000.0,0.0,0.0,0.0,41.69458162016009,optimal
2021-02-11 17:30:00,15,103,2.0,0.0,0.0,0.5263,16.422,6.0,5,20.217402053511503,,7000.0,0.0,0.0,0.0,41.45532584766216,optimal
2021-02-11 18:00:00,15,103,2.0,0.0,0.0,0.4628333333333333,16.758,6.0,5,20.28937422871207,,7000.0,0.0,0.0,0.0,41.21630933093672,optimal
2021-02-11 18:30:00,15,103,0.0,0.0,0.0,0.3386333333333333,29.358,6.0,5,20.35794831427912,,0.0,0.0,0.0,0.0,40.97753183072802,optimal
2021-02-11 19:00:00,15,103,0.0,0.0,0.0,0.5845333333333333,34.9965,6.0,5,20.26876994185292,,0.0,0.0,0.0,0.0,40.73899310801952,optimal
2021-02-11 19:30:00,15,103,0.0,0.0,0.0,0.4709333333333332,34.65,6.0,5,20.18412578607711,,0.0,0.0,0.0,0.0,40.50069292403373,optimal
2021-02-11 20:00:00,15,103,0.0,0.0,0.0,0.3857333333333334,34.9965,6.0,5,20.09597526268958,,0.0,0.0,0.0,0.0,40.26263104023192,optimal
2021-02-11 20:30:00,15,103,0.0,0.0,0.0,0.6592333333333333,34.9965,6.0,5,20.0,,0.0,0.0,0.0,0.0,40.02480721831392,optimal
2021-02-11 21:00:00,15,103,0.0,0.0,0.0,0.2727,30.4815,6.0,5,19.91271088596664,,0.0,0.0,0.0,0.0,39.78722122021783,optimal
2021-02-11 21:30:00,15,103,0.0,0.0,0.0,0.2466999999999999,21.4305,6.0,5,19.816687894240303,,0.0,0.0,0.0,0.0,39.54987280811984,optimal
2021-02-11 22:00:00,15,103,0.0796190476190476,0.0,0.0,0.3995,14.3325,6.0,5,19.71945362134922,,0.0,0.0,278.66666666666663,0.0,39.31276174443396,optimal
2021-02-11 22:30:00,15,103,0.0995238095238095,0.0,0.0,0.2231999999999999,13.692,6.0,5,19.629523540688897,,0.0,0.0,348.3333333333333,0.0,39.27344898268952,optimal
2021-02-11 23:00:00,15,103,0.0,0.0,0.0,0.2251666666666666,14.007,6.0,5,19.537682900748017,,0.0,0.0,0.0,0.0,39.23417553370683,optimal
2021-02-11 23:30:00,15,103,0.0,0.0,0.0,0.0636666666666666,12.873,6.0,5,19.4328369806888,,0.0,0.0,0.0,0.0,39.194941358173125,optimal
2021-02-12 00:00:00,15,103,2.0,0.0,5.0,0.0893333333333333,9.8385,6.0,-9,19.4328369806888,,7000.0,0.0,0.0,0.0,41.53074641681495,optimal
2021-02-12 00:30:00,15,103,2.0,0.0,5.0,0.1657,11.067,6.0,-9,19.46757858818519,,2471.666666666667,0.0,4528.333333333333,0.0,43.86421567039813,optimal
2021-02-12 01:00:00,15,103,2.0,0.0,5.0,0.0594333333333333,10.8465,6.0,-9,19.408446870141105,,7000.0,0.0,0.0,0.0,46.195351454727735,optimal
2021-02-12 01:30:00,15,103,2.0,0.0,0.0,0.0711666666666666,13.671,6.0,-9,19.44266972063902,,7000.0,0.0,0.0,0.0,46.14915610327301,optimal
2021-02-12 02:00:00,15,103,2.0,0.0,5.0,0.171,12.348,6.0,-9,19.4774379726514,,7000.0,0.0,0.0,0.0,48.47800694716973,optimal
2021-02-12 02:30:00,15,103,2.0,0.0,0.0,0.0723,14.3325,6.0,-9,19.514603692792573,,7000.0,0.0,0.0,0.0,48.42952894022256,optimal
2021-02-12 03:00:00,15,103,2.0,0.0,0.0,0.1184,15.393,6.0,-9,19.55088413343984,,7000.0,0.0,0.0,0.0,48.381099411282335,optimal
2021-02-12 03:30:00,15,103,2.0,0.0,0.0,0.1430666666666666,13.587,6.0,-9,19.58933140987624,,7000.0,0.0,0.0,0.0,48.332718311871055,optimal
2021-02-12 04:00:00,15,103,1.3404258583483826,0.0,0.0,0.0965999999999999,16.1385,6.0,-9,19.631299184568046,,4691.490504219339,0.0,0.0,0.0,48.28438559355919,optimal
2021-02-12 04:30:00,15,103,2.0,0.0,0.0,0.1326999999999999,14.595,6.0,-9,19.626679034137748,,7000.0,0.0,0.0,0.0,48.236101207965625,optimal
2021-02-12 05:00:00,15,103,2.0,0.0,0.0,0.1360333333333333,14.637,6.0,-9,19.67461050786498,,7000.0,0.0,0.0,0.0,48.18786510675766,optimal
2021-02-12 05:30:00,15,103,2.0,0.0,0.0,0.0675333333333333,13.9125,6.0,-9,19.72557037768628,,7000.0,0.0,0.0,0.0,48.13967724165091,optimal
2021-02-12 06:00:00,15,103,2.0,0.0,0.0,0.157,13.3665,6.0,-9,19.77848645204828,,7000.0,0.0,0.0,0.0,48.09153756440926,optimal
2021-02-12 06:30:00,15,103,2.0,0.0,0.0096884656909573,0.1057999999999999,13.0095,6.0,-9,19.836675119025088,,7000.0,0.0,0.0,0.0,48.048048048048045,optimal
2021-02-12 07:00:00,15,103,2.0,0.0,0.0,0.1264,13.8915,6.0,-9,19.89394762266705,,7000.0,0.0,0.0,0.0,48.0,optimal
2021-02-12 07:30:00,15,103,2.0,0.0,0.0,0.1948,13.188,6.0,-9,19.96062071410244,,7000.0,0.0,0.0,0.0,47.52170302558893,optimal
2021-02-12 08:00:00,15,103,2.0,0.0,0.0,1.0514,12.5685,6.0,-9,20.02632409585719,,7000.0,0.0,0.0,0.0,47.04388434815227,optimal
2021-02-12 08:30:00,15,103,2.0,0.0,0.0,0.0750666666666666,12.285,6.0,-9,20.086227028921986,,7000.0,0.0,0.0,0.0,46.56654348939305,optimal
2021-02-12 09:00:00,15,103,2.0,0.0,0.0,0.1600666666666666,11.487,6.0,-9,20.142718679576365,,7000.0,0.0,0.0,0.0,46.089679971492586,optimal
2021-02-12 09:30:00,15,103,2.0,0.0,0.0,0.1006,11.802,6.0,-9,20.195997102426222,,7000.0,0.0,0.0,0.0,45.61329331711002,optimal
2021-02-12 10:00:00,15,103,2.0,0.0,0.0,0.3284666666666666,11.2245,6.0,-9,20.256666697982084,,7000.0,0.0,0.0,0.0,45.13738304938184,optimal
2021-02-12 10:30:00,15,103,2.0,0.0,0.0,0.1234666666666666,11.025,6.0,-9,20.33287552882216,,7000.0,0.0,0.0,0.0,44.66194869192139,optimal
2021-02-12 11:00:00,15,103,2.0,0.0,0.0,0.2919666666666666,11.907,6.0,-9,20.404903368034343,,7000.0,0.0,0.0,0.0,44.18698976881839,optimal
2021-02-12 11:30:00,15,103,0.0,0.0,0.0,0.2360333333333333,25.83,6.0,-9,20.48314773799369,,0.0,0.0,0.0,0.0,43.7125058046385,optimal
2021-02-12 12:00:00,15,103,0.0,0.0,0.0,0.1247666666666666,28.035,6.0,-9,20.4039970771417,,0.0,0.0,0.0,0.0,43.23849632442279,optimal
2021-02-12 12:30:00,15,103,0.0,0.0,0.0,0.0923666666666666,28.119,6.0,-9,20.31900423968097,,0.0,0.0,0.0,0.0,42.7649608536873,optimal
2021-02-12 13:00:00,15,103,0.0,0.0,0.0,0.2562,30.156,6.0,-9,20.23394178869115,,0.0,0.0,0.0,0.0,42.29189891842254,optimal
2021-02-12 13:30:00,15,103,0.0,0.0,0.0,0.1554,29.1585,6.0,-9,20.15550898138981,,0.0,0.0,0.0,0.0,41.81931004509305,optimal
2021-02-12 14:00:00,15,103,0.0,0.0,0.0,0.2693666666666667,26.712,6.0,-9,20.077334082468283,,0.0,0.0,0.0,0.0,41.34719376063688,optimal
2021-02-12 14:30:00,15,103,1.0119967111646413,0.0,0.0,0.0685,15.435,6.0,-9,20.0,,3541.988489076245,0.0,0.0,0.0,40.87554959246518,optimal
2021-02-12 15:00:00,15,103,1.0294209660612452,0.0,0.0,0.1866333333333333,13.566,6.0,-9,20.0,,3463.640047881025,0.0,139.33333333333331,0.0,40.40437706846164,optimal
2021-02-12 15:30:00,15,103,1.4528298921096077,0.0,0.0,0.0764333333333333,12.789,6.0,-9,20.0,,3654.567327536172,0.0,1430.3372948474544,0.0,39.93367571698211,optimal
2021-02-12 16:00:00,15,103,2.0,0.0,0.0,0.1354,12.1275,6.0,-9,20.0,,6758.337294847454,0.0,241.66270515254564,0.0,39.46344506685406,optimal
2021-02-12 16:30:00,15,103,0.0,0.0,0.0,0.1945666666666666,13.671,6.0,-9,20.06956968761689,,0.0,0.0,0.0,0.0,38.99368464737613,optimal
2021-02-12 17:00:00,15,103,2.0,0.0,0.0,0.0679,10.668,6.0,-9,20.0,,5606.666666666667,0.0,1393.3333333333333,0.0,38.52439398831768,optimal
2021-02-12 17:30:00,15,103,0.0035151773395986,0.0,0.0,1.7455,11.7285,6.0,-9,20.044716597238445,,12.303120688595344,0.0,0.0,0.0,38.05557261991829,optimal
2021-02-12 18:00:00,15,103,0.64938104577745,0.0,0.0,1.4958,11.025,6.0,-9,20.0,,2203.1669935544087,0.0,69.66666666666666,0.0,37.587220072887305,optimal
2021-02-12 18:30:00,15,103,0.9074465009827082,0.0,0.0,0.3998666666666666,10.689,6.0,-9,20.0,,3176.0627534394785,0.0,0.0,0.0,37.11933587840335,optimal
2021-02-12 19:00:00,15,103,2.0,0.0,0.0,0.1889333333333333,8.1585,6.0,-9,20.0,,4840.333333333334,0.0,2159.6666666666665,0.0,36.65191956811388,optimal
2021-02-12 19:30:00,15,103,1.1920194269426618,0.0,0.0,0.8580333333333333,10.3635,6.0,-9,20.03048046045896,,4172.0679942993165,0.0,0.0,0.0,36.18497067413469,optimal
2021-02-12 20:00:00,15,103,0.0,0.0,0.0,0.8774333333333333,10.8045,6.0,-9,20.05971222768068,,0.0,0.0,0.0,0.0,35.71848872904948,optimal
2021-02-12 20:30:00,15,103,0.0,0.0,0.0,0.5306000000000001,11.025,6.0,-9,20.0,,0.0,0.0,0.0,0.0,35.25247326590936,optimal
2021-02-12 21:00:00,15,103,0.0,0.0,0.0,0.1278666666666666,10.3635,6.0,-9,19.932274056354505,,0.0,0.0,0.0,0.0,35.21722079264345,optimal
2021-02-12 21:30:00,15,103,0.0,0.0,0.0,0.2109333333333333,10.8045,6.0,-9,19.86273010175661,,0.0,0.0,0.0,0.0,35.18200357185081,optimal
2021-02-12 22:00:00,15,103,0.0796190476190476,0.0,0.0,0.0831,10.059,6.0,-9,19.79462031577233,,0.0,0.0,278.6666666666667,0.0,35.14682156827896,optimal
2021-02-12 22:30:00,15,103,0.0,0.0,0.0,0.1751333333333333,10.584,6.0,-9,19.720114457131093,,0.0,0.0,0.0,0.0,35.11167474671068,optimal
2021-02-12 23:00:00,15,103,0.0,0.0,0.0,0.0920666666666666,9.4185,6.0,-9,19.64837512331825,,0.0,0.0,0.0,0.0,35.076563071963974,optimal
2021-02-12 23:30:00,15,103,0.0,0.0,0.0,0.1860666666666666,10.3635,6.0,-9,19.564575188152176,,0.0,0.0,0.0,0.0,35.041486508892014,optimal
2021-02-13 00:00:00,15,103,2.0,0.0,5.0,0.062,7.539,6.0,-9,19.564575188152176,,7000.0,0.0,0.0,0.0,37.38144502238312,optimal
2021-02-13 00:30:00,15,103,2.0,0.0,5.0,0.3596666666666667,7.938,6.0,-9,19.629715873104622,,5955.0,0.0,1045.0,0.0,39.719063577360735,optimal
2021-02-13 01:00:00,15,103,2.0,0.0,5.0,0.0766666666666666,8.274,6.0,-9,19.681111419618283,,7000.0,0.0,0.0,0.0,42.05434451378338,optimal
2021-02-13 01:30:00,15,103,2.0,0.0,5.0,0.064,9.261,6.0,-9,19.744848102520816,,7000.0,0.0,0.0,0.0,44.38729016926959,optimal
2021-02-13 02:00:00,15,103,2.0,0.0,3.812424252031316,0.064,9.9225,6.0,-9,19.80648057689277,,7000.0,0.0,0.0,0.0,46.15380439881519,optimal
2021-02-13 02:30:00,15,103,2.0,0.0,5.0,0.064,9.702,6.0,-9,19.868060278418312,,7000.0,0.0,0.0,0.0,48.48265059441637,optimal
2021-02-13 03:00:00,15,103,2.0,0.0,0.0,0.064,10.584,6.0,-9,19.92936061237107,,7000.0,0.0,0.0,0.0,48.434167943821954,optimal
2021-02-13 03:30:00,15,103,2.0,0.0,0.0,0.064,10.143,6.0,-9,19.990382846153107,,7000.0,0.0,0.0,0.0,48.38573377587813,optimal
2021-02-13 04:00:00,15,103,2.0,0.0,0.0,0.064,13.0095,6.0,-9,20.050901407276644,,7000.0,0.0,0.0,0.0,48.33734804210225,optimal
2021-02-13 04:30:00,15,103,2.0,0.0,0.0,0.064,11.025,6.0,-9,20.110918580744773,,7000.0,0.0,0.0,0.0,48.28901069406015,optimal
2021-02-13 05:00:00,15,103,2.0,0.0,0.0,0.064,12.789,6.0,-9,20.170209807054206,,7000.0,0.0,0.0,0.0,48.24072168336608,optimal
2021-02-13 05:30:00,15,103,2.0,0.0,0.0,0.064,12.1275,6.0,-9,20.22877837959694,,7000.0,0.0,0.0,0.0,48.19248096168271,optimal
2021-02-13 06:00:00,15,103,2.0,0.0,0.0,0.064,12.1695,6.0,-9,20.28662757682388,,7000.0,0.0,0.0,0.0,48.144288480721016,optimal
2021-02-13 06:30:00,15,103,2.0,0.0,0.0,0.064,12.306,6.0,-9,20.34376066231265,,7000.0,0.0,0.0,0.0,48.096144192240295,optimal
2021-02-13 07:00:00,15,103,2.0,0.0,0.0,0.064,13.23,6.0,-9,20.400407718975096,,7000.0,0.0,0.0,0.0,48.048048048048045,optimal
2021-02-13 07:30:00,15,103,0.2454413543284131,0.0,0.0,0.6975,13.671,6.0,-9,20.45657095176984,,859.0447401494458,0.0,0.0,0.0,48.0,optimal
2021-02-13 08:00:00,15,103,0.0,0.0,0.0,0.5686666666666667,13.9335,6.0,-9,20.391864811828075,,0.0,0.0,0.0,0.0,47.8386741443338,optimal
2021-02-13 08:30:00,15,103,2.0,0.0,0.0,0.217,13.293,6.0,-9,20.311832669725124,,7000.0,0.0,0.0,0.0,47.67750961452327,optimal
2021-02-13 09:00:00,15,103,2.0,0.0,0.0,0.327,12.1065,6.0,-9,20.374635485583813,,7000.0,0.0,0.0,0.0,47.51650624924255,optimal
2021-02-13 09:30:00,15,103,2.0,0.0,0.0,0.124,11.571,6.0,-9,20.43324521849169,,7000.0,0.0,0.0,0.0,47.355663887327104,optimal
2021-02-13 10:00:00,15,103,2.0,0.0,0.0,0.064,11.025,6.0,-9,20.487383441551533,,7000.0,0.0,0.0,0.0,47.19498236777358,optimal
2021-02-13 10:30:00,15,103,2.0,0.0,0.0,0.064,10.8465,6.0,-9,20.540115734853263,,7000.0,0.0,0.0,0.0,47.03446152973961,optimal
2021-02-13 11:00:00,15,103,2.0,0.0,0.0,0.064,11.2455,6.0,-9,20.592835632606967,,7000.0,0.0,0.0,0.0,46.87410121254367,optimal
2021-02-13 11:30:00,15,103,0.0,0.0,0.0,0.065,23.8665,6.0,-9,20.645543193322776,,0.0,0.0,0.0,0.0,46.71390125566493,optimal
2021-02-13 12:00:00,15,103,0.0,0.0,0.0,0.0696666666666666,27.4575,6.0,-9,20.550885616028506,,0.0,0.0,0.0,0.0,46.55386149874307,optimal
2021-02-13 12:30:00,15,103,0.0,0.0,0.0,0.072,27.3735,6.0,-9,20.456884305204184,,0.0,0.0,0.0,0.0,46.39398178157813,optimal
2021-02-13 13:00:00,15,103,0.0,0.0,0.0,0.074,30.4605,6.0,-9,20.36376311679,,0.0,0.0,0.0,0.0,46.23426194413035,optimal
2021-02-13 13:30:00,15,103,0.0,0.0,0.0,0.074,30.0195,6.0,-9,20.271518058371125,,0.0,0.0,0.0,0.0,46.07470182652003,optimal
2021-02-13 14:00:00,15,103,0.0,0.0,0.0,0.074,26.9325,6.0,-9,20.18014515480231,,0.0,0.0,0.0,0.0,45.91530126902731,optimal
2021-02-13 14:30:00,15,103,0.0,0.0,0.0,0.074,14.595,6.0,-9,20.08964044768704,,0.0,0.0,0.0,0.0,45.75606011209209,optimal
2021-02-13 15:00:00,15,103,1.205000212091766,0.0,0.0,0.074,12.4845,6.0,-9,20.0,,4217.500742321181,0.0,0.0,0.0,45.5969781963138,optimal
2021-02-13 15:30:00,15,103,1.6533423583882656,0.0,0.0,0.074,12.1275,6.0,-9,20.0,,5786.69825435893,0.0,0.0,0.0,45.43805536245129,optimal
2021-02-13 16:00:00,15,103,2.0,0.0,0.0,0.074,12.1275,6.0,-9,20.03257857928185,,7000.0,0.0,0.0,0.0,45.27929145142264,optimal
2021-02-13 16:30:00,15,103,0.0,0.0,0.0,0.074,12.789,6.0,-9,20.0900961865437,,0.0,0.0,0.0,0.0,45.12068630430502,optimal
2021-02-13 17:00:00,15,103,1.21731540742554,0.0,0.0,0.074,11.907,6.0,-9,20.0,,4260.60392598939,0.0,0.0,0.0,44.96223976233451,optimal
2021-02-13 17:30:00,15,103,1.22347298450271,0.0,0.0,0.074,11.025,6.0,-9,20.0,,4282.155445759486,0.0,0.0,0.0,44.80395166690598,optimal
2021-02-13 18:00:00,15,103,2.0,0.0,0.0,1.0866,8.2005,6.0,-9,20.0,,6442.666666666667,0.0,557.3333333333334,0.0,44.64582185957288,optimal
2021-02-13 18:30:00,15,103,0.1191976567192097,0.0,0.0,0.5396,9.5655,6.0,-9,20.06379465734585,,417.1917985172342,0.0,0.0,0.0,44.487850182047104,optimal
2021-02-13 19:00:00,15,103,2.0,0.0,0.0,2.191,7.056,6.0,-9,20.0,,6582.0,0.0,418.0,0.0,44.33003647619886,optimal
2021-02-13 19:30:00,15,103,0.699184836393028,0.0,0.0,0.6614,9.3975,6.0,-9,20.08966354167909,,2447.146927375598,0.0,0.0,0.0,44.17238058405647,optimal
2021-02-13 20:00:00,15,103,0.0,0.0,0.0,0.367,10.059,6.0,-9,20.072073674368383,,0.0,0.0,0.0,0.0,44.01488234780621,optimal
2021-02-13 20:30:00,15,103,0.0,0.0,0.0,0.3589,9.261,6.0,-9,20.0,,0.0,0.0,0.0,0.0,43.85754160979221,optimal
2021-02-13 21:00:00,15,103,1.0756533333333334,0.0,0.0,0.5727000000000001,8.1585,6.0,-9,19.9294363339494,,0.0,0.0,3764.786666666667,0.0,43.70035821251622,optimal
2021-02-13 21:30:00,15,103,0.0,0.0,0.0,0.2275,9.4815,6.0,-9,19.86020321244378,,0.0,0.0,0.0,0.0,43.54333199863751,optimal
2021-02-13 22:00:00,15,103,0.0,0.0,0.0,0.7025,8.379,6.0,-9,19.781338372224084,,0.0,0.0,0.0,0.0,43.386462810972674,optimal
2021-02-13 22:30:00,15,103,0.0,0.0,0.0,1.5907,9.5235,6.0,-9,19.711962932596425,,0.0,0.0,0.0,0.0,43.22975049249551,optimal
2021-02-13 23:00:00,15,103,0.5366323809523809,0.0,0.0,0.4481333333333333,8.1375,6.0,-9,19.65607632529981,,0.0,0.0,1878.213333333333,0.0,43.18652074200301,optimal
2021-02-13 23:30:00,15,103,0.0,0.0,0.0,0.3698,10.0905,6.0,-9,19.592708827719832,,0.0,0.0,0.0,0.0,43.14333422126101,optimal
2021-02-07 00:00:00,16,103,2.142857142857143,0.0,0.0,0.0563333333333333,3.906,6.0,-6,21.0,,7500.0,0.0,0.0,0.0,47.952,optimal
2021-02-07 00:30:00,16,103,2.142857142857143,0.0,0.0,0.1178,2.3415,6.0,-6,21.082364359270787,,7500.0,0.0,0.0,0.0,47.904048,optimal
2021-02-07 01:00:00,16,103,2.142857142857143,0.0,0.0,0.2103333333333333,2.205,6.0,-6,21.16501285082174,,7500.0,0.0,0.0,0.0,47.856143952,optimal
2021-02-07 01:30:00,16,103,2.142857142857143,0.0,1.726530778126283,0.065,0.882,6.0,-6,21.248780588505127,,7500.0,0.0,0.0,0.0,48.62838992765797,optimal
2021-02-07 02:00:00,16,103,2.142857142857143,0.0,0.0,0.1404,1.5435,6.0,-6,21.328882138458702,,7500.0,0.0,0.0,0.0,48.57976153773031,optimal
2021-02-07 02:30:00,16,103,2.142857142857143,0.0,0.0,0.1877333333333332,1.5435,6.0,-6,21.40998065969709,,7500.0,0.0,0.0,0.0,48.53118177619257,optimal
2021-02-07 03:00:00,16,103,2.142857142857143,0.0,0.0,0.065,5.0715,6.0,-6,21.491253980358582,,7500.0,0.0,0.0,0.0,48.48265059441637,optimal
2021-02-07 03:30:00,16,103,2.142857142857143,0.0,0.0,0.123,5.376,6.0,-6,21.56912133474552,,7500.0,0.0,0.0,0.0,48.434167943821954,optimal
2021-02-07 04:00:00,16,103,2.142857142857143,0.0,0.0,0.2051333333333333,5.0715,6.0,-6,21.647629519157984,,7500.0,0.0,0.0,0.0,48.38573377587813,optimal
2021-02-07 04:30:00,16,103,2.142857142857143,0.0,0.0,0.1056,5.5125,6.0,-6,21.727283642861885,,7500.0,0.0,0.0,0.0,48.33734804210225,optimal
2021-02-07 05:00:00,16,103,2.142857142857143,0.0,0.0,0.1404,9.261,6.0,-6,21.80448118381548,,7500.0,0.0,0.0,0.0,48.28901069406015,optimal
2021-02-07 05:30:00,16,103,0.0,0.0,0.0,0.1471333333333333,11.7075,6.0,-6,21.88206105820453,,0.0,0.0,0.0,0.0,48.24072168336608,optimal
2021-02-07 06:00:00,16,103,0.0,0.0,0.0,0.181,12.348,6.0,-6,21.80155265815369,,0.0,0.0,0.0,0.0,48.19248096168271,optimal
2021-02-07 06:30:00,16,103,0.0,0.0,0.0,0.0884666666666666,12.348,6.0,-6,21.722122406321148,,0.0,0.0,0.0,0.0,48.144288480721016,optimal
2021-02-07 07:00:00,16,103,0.0,0.0,0.0,0.1381,12.1275,6.0,-6,21.640877805803285,,0.0,0.0,0.0,0.0,48.096144192240295,optimal
2021-02-07 07:30:00,16,103,0.0,0.0,0.0,0.4318666666666667,12.5265,6.0,-6,21.563631386837898,,0.0,0.0,0.0,0.0,48.048048048048045,optimal
2021-02-07 08:00:00,16,103,0.0,0.0,0.0,1.181733333333333,11.7495,6.0,-6,21.495502611649712,,0.0,0.0,0.0,0.0,48.0,optimal
2021-02-07 08:30:00,16,103,0.0,0.0,0.0,0.1384,13.23,6.0,-6,21.44137436811185,,0.0,0.0,0.0,0.0,47.63295955825426,optimal
2021-02-07 09:00:00,16,103,0.0,0.0,0.0,0.1036,14.3325,6.0,-6,21.365191676148587,,0.0,0.0,0.0,0.0,47.26628615695026,optimal
2021-02-07 09:30:00,16,103,0.0,0.0,0.0,0.4999333333333333,14.994,6.0,-6,21.2828400105941,,0.0,0.0,0.0,0.0,46.89997942904757,optimal
2021-02-07 10:00:00,16,103,0.0,0.0,0.0,0.1616,14.8155,6.0,-6,21.20868601507885,,0.0,0.0,0.0,0.0,46.53403900787278,optimal
2021-02-07 10:30:00,16,103,0.0,0.0,0.0,0.096,14.112,6.0,-6,21.12816112299185,,0.0,0.0,0.0,0.0,46.16846452711916,optimal
2021-02-07 11:00:00,16,103,0.0,0.0,0.0,0.3282,14.007,6.0,-6,21.045329867214893,,0.0,0.0,0.0,0.0,45.8032556208463,optimal
2021-02-07 11:30:00,16,103,0.0,0.0,0.0,0.2972333333333333,13.23,6.0,-6,20.96598104900666,,0.0,0.0,0.0,0.0,45.43841192347971,optimal
2021-02-07 12:00:00,16,103,0.0,0.0,0.0,0.2548666666666667,11.382,6.0,-6,20.88634035025542,,0.0,0.0,0.0,0.0,45.073933069810494,optimal
2021-02-07 12:30:00,16,103,0.0,0.0,0.0,0.3994,11.7495,6.0,-6,20.807432145687567,,0.0,0.0,0.0,0.0,44.709818694994944,optimal
2021-02-07 13:00:00,16,103,0.0,0.0,0.0,0.2751333333333333,24.3285,6.0,-6,20.73181494610233,,0.0,0.0,0.0,0.0,44.346068434554205,optimal
2021-02-07 13:30:00,16,103,0.0,0.0,0.0,0.167,28.917,6.0,-6,20.65322325282091,,0.0,0.0,0.0,0.0,43.98268192437391,optimal
2021-02-07 14:00:00,16,103,0.0,0.0,0.0,0.3795333333333333,31.3635,6.0,-6,20.57599801443323,,0.0,0.0,0.0,0.0,43.61965880070379,optimal
2021-02-07 14:30:00,16,103,0.0,0.0,0.0,0.2046,33.306,6.0,-6,20.50590505386211,,0.0,0.0,0.0,0.0,43.25699870015735,optimal
2021-02-07 15:00:00,16,103,0.0,0.0,0.0,0.3306,31.3425,6.0,-6,20.43129218884076,,0.0,0.0,0.0,0.0,42.89470125971145,optimal
2021-02-07 15:30:00,16,103,0.0,0.0,0.0,0.1634,28.2555,6.0,-6,20.364408808971845,,0.0,0.0,0.0,0.0,42.53276611670599,optimal
2021-02-07 16:00:00,16,103,0.0,0.0,0.0,0.065,15.6975,6.0,-6,20.296382120517663,,0.0,0.0,0.0,0.0,42.17119290884354,optimal
2021-02-07 16:30:00,16,103,0.0,0.0,0.0,0.0860666666666666,12.5475,6.0,-6,20.21108988970765,,0.0,0.0,0.0,0.0,41.80998127418896,optimal
2021-02-07 17:00:00,16,103,0.0,0.0,0.0,0.2510666666666666,12.0855,6.0,-6,20.128917838724067,,0.0,0.0,0.0,0.0,41.44913085116902,optimal
2021-02-07 17:30:00,16,103,1.4509320181684149,0.0,0.0,0.2457,11.907,6.0,-6,20.05454113981597,,5078.262063589453,0.0,0.0,0.0,41.08864127857211,optimal
2021-02-07 18:00:00,16,103,0.0,0.0,0.0,0.3011666666666667,12.5685,6.0,-6,20.091808286666947,,0.0,0.0,0.0,0.0,40.7285121955478,optimal
2021-02-07 18:30:00,16,103,0.0,0.0,0.0,1.8766666666666667,13.146,6.0,-6,20.03476029809704,,0.0,0.0,0.0,0.0,40.36874324160651,optimal
2021-02-07 19:00:00,16,103,0.7231889860732574,0.0,0.0,0.3014333333333333,10.584,6.0,-6,20.0,,2531.161451256401,0.0,0.0,0.0,40.00933405661916,optimal
2021-02-07 19:30:00,16,103,1.6097575463149825,0.0,0.0,0.1273,6.678,6.0,-6,20.0,,5634.151412102438,0.0,0.0,0.0,39.6502842808168,optimal
2021-02-07 20:00:00,16,103,0.0,0.0,0.0,0.2781666666666667,7.938,6.0,-6,20.06091686215114,,0.0,0.0,0.0,0.0,39.29159355479024,optimal
2021-02-07 20:30:00,16,103,0.0,0.0,0.0,0.2005333333333333,5.292,6.0,-6,20.0,,0.0,0.0,0.0,0.0,38.9332615194897,optimal
2021-02-07 21:00:00,16,103,0.0,0.0,0.0,0.3822666666666666,9.261,6.0,-6,19.93832343543352,,0.0,0.0,0.0,0.0,38.57528781622448,optimal
2021-02-07 21:30:00,16,103,0.0,0.0,0.0,0.4922333333333333,10.3635,6.0,-6,19.87549135891247,,0.0,0.0,0.0,0.0,38.21767208666251,optimal
2021-02-07 22:00:00,16,103,0.0,0.0,0.0,0.5096666666666667,8.274,6.0,-6,19.81600295584701,,0.0,0.0,0.0,0.0,38.17945441457585,optimal
2021-02-07 22:30:00,16,103,0.0,0.0,0.0,0.4725333333333333,7.7175,6.0,-6,19.7574454156018,,0.0,0.0,0.0,0.0,38.14127496016128,optimal
2021-02-07 23:00:00,16,103,0.0,0.0,0.0,0.3766666666666667,6.615,6.0,-6,19.69630625418197,,0.0,0.0,0.0,0.0,38.10313368520112,optimal
2021-02-07 23:30:00,16,103,0.0,0.0,0.0,0.1810333333333333,6.174,6.0,-6,19.63548361550273,,0.0,0.0,0.0,0.0,38.06503055151591,optimal
2021-02-08 00:00:00,16,103,2.142857142857143,0.0,0.0,0.067,8.6835,6.0,-2,19.63548361550273,,7500.0,0.0,0.0,0.0,38.0269655209644,optimal
2021-02-08 00:30:00,16,103,2.142857142857143,0.0,0.0,0.069,7.665,6.0,-2,19.717386996562293,,4434.666666666666,0.0,3065.333333333333,0.0,37.98893855544343,optimal
2021-02-08 01:00:00,16,103,2.142857142857143,0.0,2.628755108601261,0.073,6.7725,6.0,-2,19.7343922912232,,7500.0,0.0,0.0,0.0,39.19960829347358,optimal
2021-02-08 01:30:00,16,103,2.142857142857143,0.0,5.0,0.185,5.5755,6.0,-2,19.815846954994782,,7500.0,0.0,0.0,0.0,41.5354086851801,optimal
2021-02-08 02:00:00,16,103,2.142857142857143,0.0,5.0,0.073,5.0925,6.0,-2,19.899062896328807,,7500.0,0.0,0.0,0.0,43.86887327649492,optimal
2021-02-08 02:30:00,16,103,2.142857142857143,0.0,5.0,0.073,4.1895,6.0,-2,19.979316833518347,,7500.0,0.0,0.0,0.0,46.200004403218415,optimal
2021-02-08 03:00:00,16,103,2.142857142857143,0.0,0.0,0.1626,7.056,6.0,-2,20.059433518191383,,7500.0,0.0,0.0,0.0,46.15380439881519,optimal
2021-02-08 03:30:00,16,103,2.142857142857143,0.0,5.0,0.0954,5.271,6.0,-2,20.14129968955877,,7500.0,0.0,0.0,0.0,48.48265059441637,optimal
2021-02-08 04:00:00,16,103,2.142857142857143,0.0,0.0,0.1626,7.938,6.0,-2,20.221153038529728,,7500.0,0.0,0.0,0.0,48.434167943821954,optimal
2021-02-08 04:30:00,16,103,2.142857142857143,0.0,0.0,0.0954,7.938,6.0,-2,20.30183187145058,,7500.0,0.0,0.0,0.0,48.38573377587813,optimal
2021-02-08 05:00:00,16,103,2.142857142857143,0.0,0.0,0.0954,11.907,6.0,-2,20.38027643441288,,7500.0,0.0,0.0,0.0,48.33734804210225,optimal
2021-02-08 05:30:00,16,103,2.142857142857143,0.0,0.0,0.1626,11.025,6.0,-2,20.457911450995493,,7500.0,0.0,0.0,0.0,48.28901069406015,optimal
2021-02-08 06:00:00,16,103,2.142857142857143,0.0,0.0,0.0785999999999999,11.2875,6.0,-2,20.53638201539841,,7500.0,0.0,0.0,0.0,48.24072168336608,optimal
2021-02-08 06:30:00,16,103,1.2199765868327463,0.0,0.0,0.1787333333333333,12.936,6.0,-2,20.612501515345404,,4269.918053914612,0.0,0.0,0.0,48.19248096168271,optimal
2021-02-08 07:00:00,16,103,0.0,0.0,0.0,0.071,13.0095,6.0,-2,20.6226182485744,,0.0,0.0,0.0,0.0,48.144288480721016,optimal
2021-02-08 07:30:00,16,103,0.0,0.0,0.0,0.1695,13.671,6.0,-2,20.54200616381358,,0.0,0.0,0.0,0.0,48.096144192240295,optimal
2021-02-08 08:00:00,16,103,0.0,0.0,0.0,2.8091666666666666,13.188,6.0,-2,20.46761429175494,,0.0,0.0,0.0,0.0,48.048048048048045,optimal
2021-02-08 08:30:00,16,103,0.0,0.0,0.0,1.1914,13.8495,6.0,-2,20.43716944238217,,0.0,0.0,0.0,0.0,48.0,optimal
2021-02-08 09:00:00,16,103,2.142857142857143,0.0,0.0,1.4572333333333332,13.23,6.0,-2,20.386775047317908,,7500.0,0.0,0.0,0.0,47.10241565935736,optimal
2021-02-08 09:30:00,16,103,0.0,0.0,0.0,0.7112,13.3665,6.0,-2,20.48154137263655,,0.0,0.0,0.0,0.0,46.205728903055366,optimal
2021-02-08 10:00:00,16,103,2.142857142857143,0.0,0.0,0.6657666666666666,13.0515,6.0,-2,20.41778641673089,,7500.0,0.0,0.0,0.0,45.30993883350968,optimal
2021-02-08 10:30:00,16,103,0.0,0.0,0.0,0.1122,13.5345,6.0,-2,20.50664483037949,,0.0,0.0,0.0,0.0,44.41504455403353,optimal
2021-02-08 11:00:00,16,103,0.0,0.0,0.0,0.073,14.154,6.0,-2,20.418882373489097,,0.0,0.0,0.0,0.0,43.52104516883686,optimal
2021-02-08 11:30:00,16,103,0.0,0.0,0.0,0.073,14.112,6.0,-2,20.330012390580617,,0.0,0.0,0.0,0.0,42.62793978302538,optimal
2021-02-08 12:00:00,16,103,0.0,0.0,0.0,0.073,14.2485,6.0,-2,20.24199925087517,,0.0,0.0,0.0,0.0,41.73572750259972,optimal
2021-02-08 12:30:00,16,103,2.142857142857143,0.0,0.0,0.073,12.789,6.0,-2,20.154839067757944,,7500.0,0.0,0.0,0.0,40.84440743445449,optimal
2021-02-08 13:00:00,16,103,2.142857142857143,0.0,0.0,0.1514,13.0095,6.0,-2,20.22685969787517,,7500.0,0.0,0.0,0.0,39.9539786863774,optimal
2021-02-08 13:30:00,16,103,2.142857142857143,0.0,0.0,0.1066,12.1275,6.0,-2,20.301111281560168,,7500.0,0.0,0.0,0.0,39.064440367048384,optimal
2021-02-08 14:00:00,16,103,2.142857142857143,0.0,0.0,0.073,12.348,6.0,-2,20.37453661937274,,7500.0,0.0,0.0,0.0,38.1757915860387,optimal
2021-02-08 14:30:00,16,103,2.142857142857143,0.0,0.0,0.185,12.348,6.0,-2,20.447375224337936,,7500.0,0.0,0.0,0.0,37.28803145381002,optimal
2021-02-08 15:00:00,16,103,0.0,0.0,0.0,0.073,25.389,6.0,-2,20.521560526911305,,0.0,0.0,0.0,0.0,36.40115908171357,optimal
2021-02-08 15:30:00,16,103,0.0,0.0,0.0,0.1794,29.1375,6.0,-2,20.43449306630565,,0.0,0.0,0.0,0.0,35.515173581989224,optimal
2021-02-08 16:00:00,16,103,0.0,0.0,0.0,0.0785999999999999,30.597,6.0,-2,20.350287200681983,,0.0,0.0,0.0,0.0,34.6300740677646,optimal
2021-02-08 16:30:00,16,103,0.0,0.0,0.0,0.4675,33.684,6.0,-2,20.26456830181328,,0.0,0.0,0.0,0.0,33.7458596530542,optimal
2021-02-08 17:00:00,16,103,0.0,0.0,0.0,0.4809333333333332,32.445,6.0,-2,20.195421261674777,,0.0,0.0,0.0,0.0,32.86252945275851,optimal
2021-02-08 17:30:00,16,103,0.0,0.0,0.0,1.5569000000000002,28.917,6.0,-2,20.126326318733767,,0.0,0.0,0.0,0.0,31.980082582663112,optimal
2021-02-08 18:00:00,16,103,0.0,0.0,0.0,0.475,15.876,6.0,-2,20.06486386010774,,0.0,0.0,0.0,0.0,31.09851815943781,optimal
2021-02-08 18:30:00,16,103,0.8184201700796626,0.0,0.0,0.3851333333333333,12.348,6.0,-2,20.0,,2864.470595278819,0.0,0.0,0.0,31.06741964127837,optimal
2021-02-08 19:00:00,16,103,2.142857142857143,0.0,0.0,0.4145333333333333,12.1275,6.0,-2,20.0,,4644.685039748621,0.0,2855.3149602513786,0.0,31.03635222163709,optimal
2021-02-08 19:30:00,16,103,0.0,0.0,0.0,1.3759,12.348,6.0,-2,20.04083898830847,,0.0,0.0,0.0,0.0,31.00531586941545,optimal
2021-02-08 20:00:00,16,103,0.658882684201173,0.0,0.0,1.9545666666666663,12.1275,6.0,-2,20.0,,2306.0893947041054,0.0,0.0,0.0,30.97431055354604,optimal
2021-02-08 20:30:00,16,103,0.3247385827853202,0.0,0.0,0.757,12.1275,6.0,-2,20.0,,0.0,0.0,1136.5850397486208,0.0,30.94333624299249,optimal
2021-02-08 21:00:00,16,103,0.6508857142857143,0.0,0.0,0.4231999999999999,11.2665,6.0,-2,19.94510683230532,,0.0,0.0,2278.1,0.0,30.912392906749503,optimal
2021-02-08 21:30:00,16,103,0.6568571428571428,0.0,0.0,1.4360666666666666,10.143,6.0,-2,19.883616722048867,,0.0,0.0,2298.9999999999995,0.0,30.88148051384276,optimal
2021-02-08 22:00:00,16,103,0.0,0.0,0.0,0.6679333333333333,11.2455,6.0,-2,19.828927703841305,,0.0,0.0,0.0,0.0,30.850599033328912,optimal
2021-02-08 22:30:00,16,103,0.0,0.0,0.0,0.5078,11.025,6.0,-2,19.76643025285281,,0.0,0.0,0.0,0.0,30.819748434295583,optimal
2021-02-08 23:00:00,16,103,0.0,0.0,0.0,0.4244,5.9745,6.0,-2,19.70227767967221,,0.0,0.0,0.0,0.0,30.788928685861286,optimal
2021-02-08 23:30:00,16,103,0.0,0.0,0.0,0.494,7.938,6.0,-2,19.637837068736268,,0.0,0.0,0.0,0.0,30.758139757175424,optimal
2021-02-09 00:00:00,16,103,0.0,0.0,0.0,0.05,17.9025,6.0,10,19.637837068736268,,0.0,0.0,0.0,0.0,30.72738161741825,optimal
2021-02-09 00:30:00,16,103,0.0,0.0,0.0,0.05,15.6555,6.0,10,19.557511884858435,,0.0,0.0,0.0,0.0,30.696654235800832,optimal
2021-02-09 01:00:00,16,103,0.0,0.0,0.0,0.1105999999999999,14.553,6.0,10,19.477777945000803,,0.0,0.0,0.0,0.0,30.66595758156503,optimal
2021-02-09 01:30:00,16,103,0.0,0.0,0.0,0.1375333333333333,14.3325,6.0,10,19.39990822159005,,0.0,0.0,0.0,0.0,30.635291623983463,optimal
2021-02-09 02:00:00,16,103,1.328919026732766,0.0,0.0,0.05,13.335,6.0,10,19.322505057784443,,0.0,0.0,4651.216593564681,0.0,30.60465633235948,optimal
2021-02-09 02:30:00,16,103,2.142857142857143,0.0,0.0,0.1981333333333333,12.1275,6.0,10,19.243156766937144,,0.0,0.0,7500.0,0.0,30.57405167602712,optimal
2021-02-09 03:00:00,16,103,2.142857142857143,0.0,0.0,0.05,12.2955,6.0,10,19.16751355533307,,7167.354188368426,0.0,332.64581163157345,0.0,30.54347762435109,optimal
2021-02-09 03:30:00,16,103,2.142857142857143,0.0,5.0,0.1981333333333333,11.6865,6.0,10,19.240197808628988,,7500.0,0.0,0.0,0.0,32.88793414672674,optimal
2021-02-09 04:00:00,16,103,2.142857142857143,0.0,5.0,0.05,11.466,6.0,10,19.323126581870945,,7500.0,0.0,0.0,0.0,35.230046212580014,optimal
2021-02-09 04:30:00,16,103,2.142857142857143,0.0,5.0,0.0971333333333333,10.8045,6.0,10,19.403014534776887,,7500.0,0.0,0.0,0.0,37.56981616636743,optimal
2021-02-09 05:00:00,16,103,2.142857142857143,0.0,5.0,0.151,10.584,6.0,10,19.48307856898891,,7500.0,0.0,0.0,0.0,39.90724635020106,optimal
2021-02-09 05:30:00,16,103,2.142857142857143,0.0,5.0,0.05,11.2455,6.0,10,19.56345962509456,,7500.0,0.0,0.0,0.0,42.24233910385086,optimal
2021-02-09 06:00:00,16,103,2.142857142857143,0.0,2.3977114012716148,2.093,12.1275,6.0,10,19.64134992665672,,7500.0,0.0,0.0,0.0,43.33900968035103,optimal
2021-02-09 06:30:00,16,103,2.142857142857143,0.0,5.0,0.198,11.823,6.0,10,19.72671059952993,,7500.0,0.0,0.0,0.0,45.670670670670674,optimal
2021-02-09 07:00:00,16,103,2.142857142857143,0.0,5.0,2.688466666666667,11.7705,6.0,10,19.8121013264456,,7500.0,0.0,0.0,0.0,48.0,optimal
2021-02-09 07:30:00,16,103,2.142857142857143,0.0,0.0,0.9483333333333334,11.13,6.0,10,19.908167863967545,,7500.0,0.0,0.0,0.0,47.82895668184499,optimal
2021-02-09 08:00:00,16,103,2.142857142857143,0.0,0.0,0.2802,11.6865,6.0,10,20.0,,4448.195738529588,0.0,3051.804261470412,0.0,47.65808440700814,optimal
2021-02-09 08:30:00,16,103,2.142857142857143,0.0,0.0,2.676533333333333,10.7205,6.0,10,20.02559463510533,,7500.0,0.0,0.0,0.0,47.48738300444612,optimal
2021-02-09 09:00:00,16,103,2.142857142857143,0.0,0.0,2.298,11.424,6.0,10,20.12957780694728,,7500.0,0.0,0.0,0.0,47.31685230328667,optimal
2021-02-09 09:30:00,16,103,2.142857142857143,0.0,0.0,1.851,10.689,6.0,10,20.224960849649687,,7500.0,0.0,0.0,0.0,47.14649213282838,optimal
2021-02-09 10:00:00,16,103,2.142857142857143,0.0,0.0,0.3846666666666667,11.361,6.0,10,20.325752824053264,,7500.0,0.0,0.0,0.0,46.97630232254054,optimal
2021-02-09 10:30:00,16,103,2.142857142857143,0.0,0.0,0.2831333333333333,11.571,6.0,10,20.414544924640413,,7500.0,0.0,0.0,0.0,46.806282702062994,optimal
2021-02-09 11:00:00,16,103,0.0,0.0,0.0,2.759,14.3745,6.0,10,20.5012742835356,,0.0,0.0,0.0,0.0,46.63643310120592,optimal
2021-02-09 11:30:00,16,103,2.142857142857143,0.0,0.0,1.3585333333333334,13.23,6.0,10,20.43907146101024,,7500.0,0.0,0.0,0.0,46.46675334994971,optimal
2021-02-09 12:00:00,16,103,0.0,0.0,0.0,0.2782,13.9755,6.0,10,20.534455248829715,,0.0,0.0,0.0,0.0,46.29724327844476,optimal
2021-02-09 12:30:00,16,103,0.0,0.0,0.0,0.21,14.994,6.0,10,20.460415373100027,,0.0,0.0,0.0,0.0,46.12790271701131,optimal
2021-02-09 13:00:00,16,103,2.142857142857143,0.0,0.0,2.365933333333333,13.671,6.0,10,20.3865258174604,,7500.0,0.0,0.0,0.0,45.95873149613929,optimal
2021-02-09 13:30:00,16,103,0.0,0.0,0.0,1.2505,15.981,6.0,10,20.47933279742991,,0.0,0.0,0.0,0.0,45.78972944648815,optimal
2021-02-09 14:00:00,16,103,0.0,0.0,0.0,1.1403,15.6345,6.0,10,20.40263430698565,,0.0,0.0,0.0,0.0,45.62089639888665,optimal
2021-02-09 14:30:00,16,103,0.0,0.0,0.0,0.058,16.5375,6.0,10,20.32587660693872,,0.0,0.0,0.0,0.0,45.45223218433276,optimal
2021-02-09 15:00:00,16,103,0.0,0.0,0.0,2.1645333333333334,14.7735,6.0,10,20.24714543167221,,0.0,0.0,0.0,0.0,45.28373663399342,optimal
2021-02-09 15:30:00,16,103,0.0,0.0,0.0,0.1911999999999999,15.2145,6.0,10,20.17798851384632,,0.0,0.0,0.0,0.0,45.115409579204425,optimal
2021-02-09 16:00:00,16,103,0.0,0.0,0.0,2.750766666666667,14.553,6.0,10,20.10438724517488,,0.0,0.0,0.0,0.0,44.947250851470216,optimal
2021-02-09 16:30:00,16,103,2.142857142857143,0.0,0.0,1.4597,14.3325,6.0,10,20.03606286676856,,7500.0,0.0,0.0,0.0,44.77926028246374,optimal
2021-02-09 17:00:00,16,103,0.0,0.0,0.0,0.0957333333333333,14.595,6.0,10,20.128557431109552,,0.0,0.0,0.0,0.0,44.61143770402627,optimal
2021-02-09 17:30:00,16,103,0.0,0.0,0.0,0.4191999999999999,14.994,6.0,10,20.05944656368236,,0.0,0.0,0.0,0.0,44.44378294816724,optimal
2021-02-09 18:00:00,16,103,0.9091552330353594,0.0,0.0,0.2120666666666666,14.3325,6.0,10,20.0,,3182.0433156237577,0.0,0.0,0.0,44.27629584706407,optimal
2021-02-09 18:30:00,16,103,0.9991240635443818,0.0,0.0,0.084,13.8915,6.0,10,20.0,,3496.934222405336,0.0,0.0,0.0,44.108976233062,optimal
2021-02-09 19:00:00,16,103,0.9567357511962958,0.0,0.0,0.8399,13.8915,6.0,10,20.0,,3348.575129187036,0.0,0.0,0.0,43.941823938673934,optimal
2021-02-09 19:30:00,16,103,0.9536119416724916,0.0,0.0,1.4361666666666668,13.4715,6.0,10,20.0,,3337.6417958537213,0.0,0.0,0.0,43.774838796580255,optimal
2021-02-09 20:00:00,16,103,1.3763500369106052,0.0,0.0,0.2582,13.23,6.0,10,20.0,,3284.558462520451,0.0,1532.6666666666667,0.0,43.60802063962867,optimal
2021-02-09 20:30:00,16,103,0.0,0.0,0.0,0.0944,13.8915,6.0,10,20.0,,0.0,0.0,0.0,0.0,43.44136930083403,optimal
2021-02-09 21:00:00,16,103,0.0,0.0,0.0,0.1774666666666666,26.9325,6.0,10,19.92665104721731,,0.0,0.0,0.0,0.0,43.27488461337819,optimal
2021-02-09 21:30:00,16,103,0.0,0.0,0.0,0.3648,30.303,6.0,10,19.85726215948107,,0.0,0.0,0.0,0.0,43.231609728764816,optimal
2021-02-09 22:00:00,16,103,0.0,0.0,0.0,0.4334666666666665,32.886,6.0,10,19.79280014748588,,0.0,0.0,0.0,0.0,43.18837811903605,optimal
2021-02-09 22:30:00,16,103,0.0,0.0,0.0,0.5019333333333332,34.9965,6.0,10,19.73029756717069,,0.0,0.0,0.0,0.0,43.14518974091702,optimal
2021-02-09 23:00:00,16,103,0.0,0.0,0.0,0.4322666666666666,33.327,6.0,10,19.669061927033333,,0.0,0.0,0.0,0.0,43.1020445511761,optimal
2021-02-09 23:30:00,16,103,0.0,0.0,0.0,0.1963333333333332,31.122,6.0,10,19.607907112834184,,0.0,0.0,0.0,0.0,43.05894250662492,optimal
2021-02-10 00:00:00,16,103,2.142857142857143,0.0,0.0,0.1591333333333333,11.508,6.0,-2,19.607907112834184,,7291.0,0.0,209.0,0.0,43.0158835641183,optimal
2021-02-10 00:30:00,16,103,2.142857142857143,0.0,0.0,0.4507666666666666,11.508,6.0,-2,19.683332085739845,,0.0,0.0,7500.0,0.0,42.97286768055418,optimal
2021-02-10 01:00:00,16,103,2.142857142857143,0.0,0.0,0.0862,11.844,6.0,-2,19.61168403236122,,1066.666666666667,0.0,6433.333333333333,0.0,42.92989481287363,optimal
2021-02-10 01:30:00,16,103,2.142857142857143,0.0,0.0,0.2446666666666666,11.508,6.0,-2,19.55272635186967,,7500.0,0.0,0.0,0.0,42.88696491806076,optimal
2021-02-10 02:00:00,16,103,2.142857142857143,0.0,0.0,0.2825,11.508,6.0,-2,19.635241896426862,,7500.0,0.0,0.0,0.0,42.84407795314269,optimal
2021-02-10 02:30:00,16,103,2.142857142857143,0.0,5.0,0.4391,10.4475,6.0,-2,19.71665366550989,,7500.0,0.0,0.0,0.0,45.17623387518955,optimal
2021-02-10 03:00:00,16,103,2.142857142857143,0.0,1.948911421326763,1.3270666666666666,10.8675,6.0,-2,19.801629714759667,,7500.0,0.0,0.0,0.0,46.056790566444576,optimal
2021-02-10 03:30:00,16,103,2.142857142857143,0.0,5.0,0.2071333333333333,10.542,6.0,-2,19.886983542415507,,7500.0,0.0,0.0,0.0,48.38573377587813,optimal
2021-02-10 04:00:00,16,103,2.142857142857143,0.0,0.0,0.2558333333333333,11.025,6.0,-2,19.96685679015588,,7500.0,0.0,0.0,0.0,48.33734804210225,optimal
2021-02-10 04:30:00,16,103,2.142857142857143,0.0,0.0,0.2755666666666667,11.025,6.0,-2,20.046970421650595,,7500.0,0.0,0.0,0.0,48.28901069406015,optimal
2021-02-10 05:00:00,16,103,2.142857142857143,0.0,0.0,1.1194000000000002,14.553,6.0,-2,20.12737418618191,,7500.0,0.0,0.0,0.0,48.24072168336608,optimal
2021-02-10 05:30:00,16,103,2.142857142857143,0.0,0.0,0.0613999999999999,13.0935,6.0,-2,20.205870367957427,,7500.0,0.0,0.0,0.0,48.19248096168271,optimal
2021-02-10 06:00:00,16,103,2.142857142857143,0.0,0.0,0.0604666666666666,15.6345,6.0,-2,20.280391629856865,,7500.0,0.0,0.0,0.0,48.144288480721016,optimal
2021-02-10 06:30:00,16,103,0.0,0.0,0.0,0.3357333333333333,18.102,6.0,-2,20.35418148865147,,0.0,0.0,0.0,0.0,48.096144192240295,optimal
2021-02-10 07:00:00,16,103,0.2603838798788273,0.0,0.0,0.4194333333333332,17.199,6.0,-2,20.2780882380459,,911.3435795758955,0.0,0.0,0.0,48.048048048048045,optimal
2021-02-10 07:30:00,16,103,0.0,0.0,0.0,0.7876333333333333,18.2805,6.0,-2,20.225379447719902,,0.0,0.0,0.0,0.0,48.0,optimal
2021-02-10 08:00:00,16,103,0.0,0.0,0.0,2.3825,17.4615,6.0,-2,20.15206624189236,,0.0,0.0,0.0,0.0,47.3133283977648,optimal
2021-02-10 08:30:00,16,103,0.0,0.0,0.0,1.745,18.3225,6.0,-2,20.08353732403053,,0.0,0.0,0.0,0.0,46.62734346713184,optimal
2021-02-10 09:00:00,16,103,2.142857142857143,0.0,0.0,0.1288666666666666,17.094,6.0,-2,20.0,,7500.0,0.0,0.0,0.0,45.94204452142951,optimal
2021-02-10 09:30:00,16,103,2.142857142857143,0.0,0.0,0.196,17.094,6.0,-2,20.068948742617863,,7500.0,0.0,0.0,0.0,45.25743087467288,optimal
2021-02-10 10:00:00,16,103,2.142857142857143,0.0,0.0,0.059,17.094,6.0,-2,20.13990520726538,,7500.0,0.0,0.0,0.0,44.57350184156301,optimal
2021-02-10 10:30:00,16,103,1.806646726657628,0.0,0.0,0.2658666666666667,17.3565,6.0,-2,20.20856319761088,,6323.263543301698,0.0,0.0,0.0,43.89025673748625,optimal
2021-02-10 11:00:00,16,103,2.142857142857143,0.0,0.0,0.059,17.115,6.0,-2,20.25717405625035,,7500.0,0.0,0.0,0.0,43.20769487851357,optimal
2021-02-10 11:30:00,16,103,2.142857142857143,0.0,0.0,0.1040666666666666,17.241,6.0,-2,20.326661041235308,,7500.0,0.0,0.0,0.0,42.525815581399854,optimal
2021-02-10 12:00:00,16,103,2.142857142857143,0.0,0.0,0.2208,17.094,6.0,-2,20.39723512580263,,7500.0,0.0,0.0,0.0,41.844618163583256,optimal
2021-02-10 12:30:00,16,103,2.142857142857143,0.0,0.0,0.2533,16.5165,6.0,-2,20.470399992455818,,7500.0,0.0,0.0,0.0,41.16410194318448,optimal
2021-02-10 13:00:00,16,103,0.0,0.0,0.0,0.2475666666666666,17.8185,6.0,-2,20.54701148151863,,0.0,0.0,0.0,0.0,40.4842662390061,optimal
2021-02-10 13:30:00,16,103,2.142857142857143,0.0,0.0,0.4199333333333332,17.094,6.0,-2,20.46564153442164,,7500.0,0.0,0.0,0.0,39.80511037053189,optimal
2021-02-10 14:00:00,16,103,2.142857142857143,0.0,0.0,0.2966999999999999,16.8945,6.0,-2,20.547837595891536,,7500.0,0.0,0.0,0.0,39.12663365792616,optimal
2021-02-10 14:30:00,16,103,0.0,0.0,0.0,0.2813666666666666,18.123,6.0,-2,20.62914158026224,,0.0,0.0,0.0,0.0,38.44883542203304,optimal
2021-02-10 15:00:00,16,103,0.0,0.0,0.0,0.1853666666666666,31.647,6.0,-2,20.55567337632384,,0.0,0.0,0.0,0.0,37.771714984375805,optimal
2021-02-10 15:30:00,16,103,0.0,0.0,0.0,0.9012666666666668,34.9965,6.0,-2,20.485858824050307,,0.0,0.0,0.0,0.0,37.09527166715623,optimal
2021-02-10 16:00:00,16,103,0.0,0.0,0.0,0.304,34.9965,6.0,-2,20.430127900979112,,0.0,0.0,0.0,0.0,36.41950479325388,optimal
2021-02-10 16:30:00,16,103,0.0,0.0,0.0,0.1214,34.9965,6.0,-2,20.36015653977152,,0.0,0.0,0.0,0.0,35.74441368622543,optimal
2021-02-10 17:00:00,16,103,0.0,0.0,0.0,0.2851333333333333,34.9965,6.0,-2,20.27261181085408,,0.0,0.0,0.0,0.0,35.069997670304005,optimal
2021-02-10 17:30:00,16,103,0.0,0.0,0.0,0.4108,34.9965,6.0,-2,20.18917536551428,,0.0,0.0,0.0,0.0,35.0349276726337,optimal
2021-02-10 18:00:00,16,103,0.0,0.0,0.0,0.2835,27.741,6.0,-2,20.124802679928862,,0.0,0.0,0.0,0.0,34.999892744961066,optimal
2021-02-10 18:30:00,16,103,0.0,0.0,0.0,0.3254666666666666,19.026,6.0,-2,20.063373171543123,,0.0,0.0,0.0,0.0,34.9648928522161,optimal
2021-02-10 19:00:00,16,103,0.9704833847593554,0.0,0.0,0.1620666666666666,18.7215,6.0,-2,20.0,,3396.691846657744,0.0,0.0,0.0,34.92992795936389,optimal
2021-02-10 19:30:00,16,103,1.002829708404672,0.0,0.0,0.0992666666666666,17.4195,6.0,-2,20.0,,3509.9039794163523,0.0,0.0,0.0,34.894998031404526,optimal
2021-02-10 20:00:00,16,103,0.9675569844309196,0.0,0.0,0.235,16.758,6.0,-2,20.0,,3386.449445508219,0.0,0.0,0.0,34.86010303337312,optimal
2021-02-10 20:30:00,16,103,0.0995238095238095,0.0,0.0,0.1937333333333332,14.217,6.0,-2,20.0,,0.0,0.0,348.3333333333333,0.0,34.82524293033975,optimal
2021-02-10 21:00:00,16,103,0.418,0.0,0.0,0.3668,13.3665,6.0,-2,19.924195547533948,,0.0,0.0,1463.0,0.0,34.79041768740941,optimal
2021-02-10 21:30:00,16,103,0.3686361904761905,0.0,0.0,0.3826666666666667,12.789,6.0,-2,19.85152679016345,,0.0,0.0,1290.2266666666667,0.0,34.755627269722,optimal
2021-02-10 22:00:00,16,103,0.2086019047619047,0.0,0.0,0.2341666666666666,11.907,6.0,-2,19.775747431957743,,0.0,0.0,730.1066666666667,0.0,34.72087164245227,optimal
2021-02-10 22:30:00,16,103,0.0398095238095238,0.0,0.0,0.3344666666666666,11.7075,6.0,-2,19.68498301607562,,0.0,0.0,139.33333333333331,0.0,34.686150770809824,optimal
2021-02-10 23:00:00,16,103,0.1393333333333333,0.0,0.0,0.3762333333333333,10.8045,6.0,-2,19.595399857404,,0.0,0.0,487.6666666666667,0.0,34.651464620039015,optimal
2021-02-10 23:30:00,16,103,0.0,0.0,0.0,0.4030333333333333,11.508,6.0,-2,19.50838473059007,,0.0,0.0,0.0,0.0,34.616813155418974,optimal
2021-02-11 00:00:00,16,103,2.142857142857143,0.0,5.0,0.4919333333333333,10.7835,6.0,-5,19.50838473059007,,7500.0,0.0,0.0,0.0,36.95719634226356,optimal
2021-02-11 00:30:00,16,103,2.142857142857143,0.0,5.0,0.0618333333333333,11.025,6.0,-5,19.580996729261987,,6201.517666516439,0.0,1298.482333483561,0.0,39.29523914592129,optimal
2021-02-11 01:00:00,16,103,2.142857142857143,0.0,5.0,0.2172333333333332,10.584,6.0,-5,19.61269207207008,,7500.0,0.0,0.0,0.0,41.63094390677537,optimal
2021-02-11 01:30:00,16,103,2.142857142857143,0.0,5.0,0.044,11.025,6.0,-5,19.675302107468404,,7500.0,0.0,0.0,0.0,43.9643129628686,optimal
2021-02-11 02:00:00,16,103,2.142857142857143,0.0,5.0,0.044,10.4265,6.0,-5,19.733981468683137,,7500.0,0.0,0.0,0.0,46.295348649905726,optimal
2021-02-11 02:30:00,16,103,2.142857142857143,0.0,0.0,0.1312666666666666,12.789,6.0,-5,19.792394620249087,,7500.0,0.0,0.0,0.0,46.24905330125582,optimal
2021-02-11 03:00:00,16,103,2.142857142857143,0.0,4.697607780773446,0.1501333333333333,12.684,6.0,-5,19.85192610051642,,7500.0,0.0,0.0,0.0,48.434167943821954,optimal
2021-02-11 03:30:00,16,103,2.142857142857143,0.0,0.0,0.0513333333333333,16.254,6.0,-5,19.911081870470166,,7500.0,0.0,0.0,0.0,48.38573377587813,optimal
2021-02-11 04:00:00,16,103,2.142857142857143,0.0,0.0,0.1403666666666666,17.64,6.0,-5,19.968918407829364,,7500.0,0.0,0.0,0.0,48.33734804210225,optimal
2021-02-11 04:30:00,16,103,2.142857142857143,0.0,0.0,0.1387,19.1625,6.0,-5,20.02965528749702,,7500.0,0.0,0.0,0.0,48.28901069406015,optimal
2021-02-11 05:00:00,16,103,0.0,0.0,0.0,0.044,26.46,6.0,-5,20.090081539194305,,0.0,0.0,0.0,0.0,48.24072168336608,optimal
2021-02-11 05:30:00,16,103,0.0,0.0,0.0,0.2029666666666666,20.79,6.0,-5,19.99036212396459,,0.0,0.0,0.0,0.0,48.19248096168271,optimal
2021-02-11 06:00:00,16,103,0.0,0.0,0.0,0.0784333333333333,29.106,6.0,-5,19.895575587952468,,0.0,0.0,0.0,0.0,48.144288480721016,optimal
2021-02-11 06:30:00,16,103,2.142857142857143,0.0,0.0,0.184,19.1835,6.0,-5,19.79968264401744,,7500.0,0.0,0.0,0.0,48.096144192240295,optimal
2021-02-11 07:00:00,16,103,2.142857142857143,0.0,0.0,0.1027333333333333,19.6665,6.0,-5,19.86534691776547,,7500.0,0.0,0.0,0.0,48.048048048048045,optimal
2021-02-11 07:30:00,16,103,2.142857142857143,0.0,0.0,0.1608666666666666,19.404,6.0,-5,19.93029815421757,,7500.0,0.0,0.0,0.0,48.0,optimal
2021-02-11 08:00:00,16,103,2.142857142857143,0.0,0.0,1.405,19.047,6.0,-5,20.0,,3278.931945263381,0.0,4221.068054736619,0.0,47.8987505438681,optimal
2021-02-11 08:30:00,16,103,2.142857142857143,0.0,0.0,2.948533333333333,18.858,6.0,-5,20.0,,3996.4268858407936,0.0,3503.5731141592064,0.0,47.79760233719233,optimal
2021-02-11 09:00:00,16,103,0.757872182821362,0.0,0.0,1.8612333333333329,19.2675,6.0,-5,20.018810104003776,,2652.552639874767,0.0,0.0,0.0,47.69655527872324,optimal
2021-02-11 09:30:00,16,103,2.142857142857143,0.0,0.0,0.3471,18.963,6.0,-5,20.0,,3683.3130279746056,0.0,3816.6869720253935,0.0,47.59560926731261,optimal
2021-02-11 10:00:00,16,103,2.142857142857143,0.0,0.0,0.2542,18.438,6.0,-5,20.0,,3898.477141071448,0.0,3601.522858928552,0.0,47.4947642019134,optimal
2021-02-11 10:30:00,16,103,2.142857142857143,0.0,0.0,0.2761333333333333,18.7425,6.0,-5,20.0112429729791,,7500.0,0.0,0.0,0.0,47.39401998157958,optimal
2021-02-11 11:00:00,16,103,2.142857142857143,0.0,0.0,0.1287333333333333,15.2145,6.0,-5,20.093351948264303,,7500.0,0.0,0.0,0.0,47.2933765054661,optimal
2021-02-11 11:30:00,16,103,2.142857142857143,0.0,0.0,2.380733333333333,17.7765,6.0,-5,20.1687387263803,,7500.0,0.0,0.0,0.0,47.19283367282873,optimal
2021-02-11 12:00:00,16,103,2.142857142857143,0.0,0.0,2.917766666666667,16.758,6.0,-5,20.255214916907786,,7500.0,0.0,0.0,0.0,47.092391383024,optimal
2021-02-11 12:30:00,16,103,2.142857142857143,0.0,0.0,0.5392666666666667,16.422,6.0,-5,20.352644747456115,,7500.0,0.0,0.0,0.0,46.99204953550908,optimal
2021-02-11 13:00:00,16,103,2.142857142857143,0.0,0.0,0.2152333333333333,16.758,6.0,-5,20.43904642237509,,7500.0,0.0,0.0,0.0,46.89180802984166,optimal
2021-02-11 13:30:00,16,103,0.0,0.0,0.0,0.0935333333333333,29.358,6.0,-5,20.522341982612463,,0.0,0.0,0.0,0.0,46.79166676567992,optimal
2021-02-11 14:00:00,16,103,0.0,0.0,0.0,0.1097666666666666,34.9965,6.0,-5,20.446386998966457,,0.0,0.0,0.0,0.0,46.69162564278234,optimal
2021-02-11 14:30:00,16,103,0.0,0.0,0.0,0.2186999999999999,34.65,6.0,-5,20.37314866126871,,0.0,0.0,0.0,0.0,46.59168456100766,optimal
2021-02-11 15:00:00,16,103,0.0,0.0,0.0,0.1351,34.9965,6.0,-5,20.300239839405744,,0.0,0.0,0.0,0.0,46.49184342031475,optimal
2021-02-11 15:30:00,16,103,0.0,0.0,0.0,0.1051,34.9965,6.0,-5,20.22503054275984,,0.0,0.0,0.0,0.0,46.39210212076254,optimal
2021-02-11 16:00:00,16,103,0.0,0.0,0.0,0.1984,30.4815,6.0,-5,20.15242797991163,,0.0,0.0,0.0,0.0,46.29246056250987,optimal
2021-02-11 16:30:00,16,103,0.0,0.0,0.0,0.4568666666666667,21.4305,6.0,-5,20.07602310414937,,0.0,0.0,0.0,0.0,46.19291864581546,optimal
2021-02-11 17:00:00,16,103,1.209502450256571,0.0,0.0,0.2829,14.3325,6.0,-5,20.0,,3606.258575897999,0.0,627.0,0.0,46.093476271037744,optimal
2021-02-11 17:30:00,16,103,2.142857142857143,0.0,0.0,0.1867333333333332,13.692,6.0,-5,20.0,,6942.666666666667,0.0,557.3333333333334,0.0,45.9941333386348,optimal
2021-02-11 18:00:00,16,103,0.2878740077306276,0.0,0.0,0.1749666666666666,14.007,6.0,-5,20.06293285179821,,1007.5590270571968,0.0,0.0,0.0,45.89488974916426,optimal
2021-02-11 18:30:00,16,103,1.152793393593038,0.0,0.0,0.2840333333333333,12.873,6.0,-5,20.0,,4034.776877575633,0.0,0.0,0.0,45.7957454032832,optimal
2021-02-11 19:00:00,16,103,2.084865960384372,0.0,0.0,0.3466666666666667,12.684,6.0,-5,20.0,,4239.198128954519,0.0,3057.832732390781,0.0,45.696700201748016,optimal
2021-02-11 19:30:00,16,103,2.142857142857143,0.0,0.0,0.1791666666666666,12.306,6.0,-5,20.0,,4819.87695378173,0.0,2680.1230462182702,0.0,45.59775404541437,optimal
2021-02-11 20:00:00,16,103,2.142857142857143,0.0,0.0,0.238,10.6365,6.0,-5,20.0,,5017.289111942385,0.0,2482.710888057615,0.0,45.49890683523705,optimal
2021-02-11 20:30:00,16,103,0.0,0.0,0.0,0.3840666666666666,11.2455,6.0,-5,20.0,,0.0,0.0,0.0,0.0,45.40015847226992,optimal
2021-02-11 21:00:00,16,103,0.0,0.0,0.0,0.2215666666666666,11.2455,6.0,-5,19.899324931640628,,0.0,0.0,0.0,0.0,45.30150885766575,optimal
2021-02-11 21:30:00,16,103,0.1194285714285714,0.0,0.0,0.0861,11.025,6.0,-5,19.795109504521243,,0.0,0.0,418.0,0.0,45.202957892676174,optimal
2021-02-11 22:00:00,16,103,0.0,0.0,0.0,0.1366333333333333,12.0855,6.0,-5,19.678762523772782,,0.0,0.0,0.0,0.0,45.1045054786516,optimal
2021-02-11 22:30:00,16,103,0.0,0.0,0.0,0.1624333333333333,11.6865,6.0,-5,19.5655949586257,,0.0,0.0,0.0,0.0,45.00615151704104,optimal
2021-02-11 23:00:00,16,103,0.0,0.0,0.0,0.0751333333333333,11.2245,6.0,-5,19.45076188966606,,0.0,0.0,0.0,0.0,44.961145365524,optimal
2021-02-11 23:30:00,16,103,0.0,0.0,0.0,0.3630333333333334,11.025,6.0,-5,19.33775331188831,,0.0,0.0,0.0,0.0,44.91618422015847,optimal
2021-02-12 00:00:00,16,103,0.7179934159607184,0.0,0.0,0.0496666666666666,13.671,6.0,6,19.33775331188831,,2373.643622529181,0.0,139.33333333333331,0.0,44.87126803593832,optimal
2021-02-12 00:30:00,16,103,2.142857142857143,0.0,0.0,0.051,10.668,6.0,6,19.27551854500429,,2167.713333333334,0.0,5332.286666666666,0.0,44.82639676790237,optimal
2021-02-12 01:00:00,16,103,2.142857142857143,0.0,0.0,0.051,11.7285,6.0,6,19.206719185617,,7500.0,0.0,0.0,0.0,44.78157037113447,optimal
2021-02-12 01:30:00,16,103,2.142857142857143,0.0,0.0,0.051,11.025,6.0,6,19.250478755990205,,7500.0,0.0,0.0,0.0,44.736788800763335,optimal
2021-02-12 02:00:00,16,103,2.142857142857143,0.0,0.0,0.051,10.689,6.0,6,19.294493471353206,,7500.0,0.0,0.0,0.0,44.69205201196257,optimal
2021-02-12 02:30:00,16,103,2.142857142857143,0.0,5.0,0.051,8.1585,6.0,6,19.33876217419412,,7500.0,0.0,0.0,0.0,47.02235995995061,optimal
2021-02-12 03:00:00,16,103,2.142857142857143,0.0,0.0,0.051,10.3635,6.0,6,19.38478046023112,,7500.0,0.0,0.0,0.0,46.97533759999066,optimal
2021-02-12 03:30:00,16,103,2.142857142857143,0.0,0.0,0.051,10.8045,6.0,6,19.43312980357889,,7500.0,0.0,0.0,0.0,46.92836226239067,optimal
2021-02-12 04:00:00,16,103,2.142857142857143,0.0,0.0,0.051,11.025,6.0,6,19.484435479252767,,7500.0,0.0,0.0,0.0,46.88143390012828,optimal
2021-02-12 04:30:00,16,103,2.142857142857143,0.0,0.0,0.051,10.3635,6.0,6,19.538684075310748,,7500.0,0.0,0.0,0.0,46.83455246622815,optimal
2021-02-12 05:00:00,16,103,2.142857142857143,0.0,0.0,0.051,10.8045,6.0,6,19.59586224065654,,7500.0,0.0,0.0,0.0,46.78771791376192,optimal
2021-02-12 05:30:00,16,103,2.142857142857143,0.0,0.0,0.051,10.059,6.0,6,19.65595668476354,,7500.0,0.0,0.0,0.0,46.740930195848165,optimal
2021-02-12 06:00:00,16,103,2.142857142857143,0.0,0.0,0.051,10.584,6.0,6,19.719407845680124,,7500.0,0.0,0.0,0.0,46.69418926565232,optimal
2021-02-12 06:30:00,16,103,2.142857142857143,0.0,3.1511440091249576,0.051,9.4185,6.0,6,19.78620049504687,,7500.0,0.0,0.0,0.0,48.144288480721016,optimal
2021-02-12 07:00:00,16,103,2.142857142857143,0.0,0.0,0.0496666666666666,10.3635,6.0,6,19.853143795630093,,7500.0,0.0,0.0,0.0,48.096144192240295,optimal
2021-02-12 07:30:00,16,103,2.142857142857143,0.0,0.0,2.218366666666667,9.8385,6.0,6,19.92248244080601,,7500.0,0.0,0.0,0.0,48.048048048048045,optimal
2021-02-12 08:00:00,16,103,2.142857142857143,0.0,0.0,1.0701333333333334,11.067,6.0,6,20.0,,7500.0,0.0,0.0,0.0,48.0,optimal
2021-02-12 08:30:00,16,103,2.142857142857143,0.0,0.0,0.061,10.8465,6.0,6,20.07206543578153,,7500.0,0.0,0.0,0.0,47.775856401572526,optimal
2021-02-12 09:00:00,16,103,2.142857142857143,0.0,0.0,0.061,13.671,6.0,6,20.12201922352265,,7500.0,0.0,0.0,0.0,47.55193694674348,optimal
2021-02-12 09:30:00,16,103,2.142857142857143,0.0,0.0,0.061,12.348,6.0,6,20.17083905170985,,7500.0,0.0,0.0,0.0,47.32824141136926,optimal
2021-02-12 10:00:00,16,103,0.0,0.0,0.0,0.061,14.3325,6.0,6,20.22941810198379,,0.0,0.0,0.0,0.0,47.10476957153042,optimal
2021-02-12 10:30:00,16,103,0.0,0.0,0.0,0.061,15.393,6.0,6,20.13983404342786,,0.0,0.0,0.0,0.0,46.88152120353141,optimal
2021-02-12 11:00:00,16,103,2.142857142857143,0.0,0.0,0.061,13.587,6.0,6,20.05247107244989,,7500.0,0.0,0.0,0.0,46.65849608390041,optimal
2021-02-12 11:30:00,16,103,0.0,0.0,0.0,0.061,16.1385,6.0,6,20.12519717306267,,0.0,0.0,0.0,0.0,46.43569398938904,optimal
2021-02-12 12:00:00,16,103,0.6066979184024444,0.0,0.0,0.061,14.595,6.0,6,20.03994211399501,,2123.442714408556,0.0,0.0,0.0,46.21311469697218,optimal
2021-02-12 12:30:00,16,103,1.1432884750363053,0.0,0.0,0.061,14.637,6.0,6,20.0,,4001.509662627068,0.0,0.0,0.0,45.99075798384773,optimal
2021-02-12 13:00:00,16,103,1.1402096870696634,0.0,0.0,0.061,13.9125,6.0,6,20.0,,3990.7339047438218,0.0,0.0,0.0,45.76862362743641,optimal
2021-02-12 13:30:00,16,103,1.320789222937655,0.0,0.0,0.061,13.3665,6.0,6,20.0,,4622.762280281792,0.0,0.0,0.0,45.5467114053815,optimal
2021-02-12 14:00:00,16,103,2.142857142857143,0.0,0.0,0.061,13.0095,6.0,6,20.012850786772127,,7500.0,0.0,0.0,0.0,45.32502109554865,optimal
2021-02-12 14:30:00,16,103,0.0,0.0,0.0,0.061,13.8915,6.0,6,20.085756632158848,,0.0,0.0,0.0,0.0,45.10355247602563,optimal
2021-02-12 15:00:00,16,103,1.0605638232040917,0.0,0.0,0.7721333333333333,13.188,6.0,6,20.0,,3679.926714547655,0.0,32.046666666666674,0.0,44.882305325122125,optimal
2021-02-12 15:30:00,16,103,1.1740763792960436,0.0,0.0,0.061,12.5685,6.0,6,20.0,,4109.267327536152,0.0,0.0,0.0,44.66127942136953,optimal
2021-02-12 16:00:00,16,103,1.1833127729366812,0.0,0.0,0.061,12.285,6.0,6,20.0,,4141.594705278385,0.0,0.0,0.0,44.440474543520686,optimal
2021-02-12 16:30:00,16,103,2.142857142857143,0.0,0.0,0.061,11.487,6.0,6,20.0,,6455.0,0.0,1045.0,0.0,44.21989047054969,optimal
2021-02-12 17:00:00,16,103,1.0765185276332196,0.0,0.0,0.061,11.802,6.0,6,20.047337120042148,,3767.8148467162687,0.0,0.0,0.0,43.99952698165167,optimal
2021-02-12 17:30:00,16,103,2.142857142857143,0.0,0.0,0.1087333333333333,11.2245,6.0,6,20.036532136513483,,7500.0,0.0,0.0,0.0,43.77938385624255,optimal
2021-02-12 18:00:00,16,103,2.142857142857143,0.0,0.0,0.0632666666666666,11.025,6.0,6,20.107669982948185,,7500.0,0.0,0.0,0.0,43.559460873958834,optimal
2021-02-12 18:30:00,16,103,2.142857142857143,0.0,0.0,0.0891666666666666,11.907,6.0,6,20.17964880341567,,7500.0,0.0,0.0,0.0,43.3397578146574,optimal
2021-02-12 19:00:00,16,103,0.0,0.0,0.0,1.7305333333333333,25.83,6.0,6,20.25705045544338,,0.0,0.0,0.0,0.0,43.12027445841528,optimal
2021-02-12 19:30:00,16,103,0.0,0.0,0.0,0.061,28.035,6.0,6,20.18515159205348,,0.0,0.0,0.0,0.0,42.90101058552938,optimal
2021-02-12 20:00:00,16,103,0.0,0.0,0.0,0.061,28.119,6.0,6,20.09259267494312,,0.0,0.0,0.0,0.0,42.68196597651638,optimal
2021-02-12 20:30:00,16,103,0.0,0.0,0.0,0.061,30.156,6.0,6,20.0,,0.0,0.0,0.0,0.0,42.4631404121124,optimal
2021-02-12 21:00:00,16,103,0.0,0.0,0.0,0.061,29.1585,6.0,6,19.907146886232656,,0.0,0.0,0.0,0.0,42.24453367327281,optimal
2021-02-12 21:30:00,16,103,0.0,0.0,0.0,0.1879666666666666,26.712,6.0,6,19.81403451516943,,0.0,0.0,0.0,0.0,42.02614554117207,optimal
2021-02-12 22:00:00,16,103,0.0,0.0,0.0,0.5338666666666667,15.435,6.0,6,19.73217308659165,,0.0,0.0,0.0,0.0,41.9841193956309,optimal
2021-02-12 22:30:00,16,103,0.0,0.0,0.0,1.350266666666667,13.566,6.0,6,19.655840859350327,,0.0,0.0,0.0,0.0,41.94213527623527,optimal
2021-02-12 23:00:00,16,103,0.0,0.0,0.0,0.1443333333333333,12.789,6.0,6,19.58118334828029,,0.0,0.0,0.0,0.0,41.90019314095903,optimal
2021-02-12 23:30:00,16,103,0.0,0.0,0.0,1.6422333333333332,12.1275,6.0,6,19.501029642284003,,0.0,0.0,0.0,0.0,41.85829294781807,optimal
2021-02-13 00:00:00,16,103,2.142857142857143,0.0,0.0,0.1523333333333333,8.1585,6.0,-3,19.501029642284003,,7500.0,0.0,0.0,0.0,41.81643465487026,optimal
2021-02-13 00:30:00,16,103,2.142857142857143,0.0,0.0,0.1127333333333333,9.4815,6.0,-3,19.57804686272054,,0.0,0.0,7500.0,0.0,41.77461822021539,optimal
2021-02-13 01:00:00,16,103,2.142857142857143,0.0,0.0,0.1465,8.379,6.0,-3,19.49526154111866,,2947.666666666667,0.0,4552.333333333333,0.0,41.73284360199517,optimal
2021-02-13 01:30:00,16,103,2.142857142857143,0.0,0.0,0.1390333333333333,9.5235,6.0,-3,19.47604249920024,,7500.0,0.0,0.0,0.0,41.69111075839317,optimal
2021-02-13 02:00:00,16,103,2.142857142857143,0.0,4.462875200547851,0.1932666666666666,8.1375,6.0,-3,19.552815795694148,,7500.0,0.0,0.0,0.0,43.769285367895,optimal
2021-02-13 02:30:00,16,103,2.142857142857143,0.0,0.0,0.1436666666666666,10.0905,6.0,-3,19.630609264017867,,7500.0,0.0,0.0,0.0,43.7255160825271,optimal
2021-02-13 03:00:00,16,103,2.142857142857143,0.0,5.0,0.1868,7.539,6.0,-3,19.70700570782449,,7500.0,0.0,0.0,0.0,46.056790566444576,optimal
2021-02-13 03:30:00,16,103,2.142857142857143,0.0,5.0,0.0574666666666666,7.938,6.0,-3,19.783963539455296,,7500.0,0.0,0.0,0.0,48.38573377587813,optimal
2021-02-13 04:00:00,16,103,2.142857142857143,0.0,0.0,0.0897999999999999,8.274,6.0,-3,19.85762288426492,,7500.0,0.0,0.0,0.0,48.33734804210225,optimal
2021-02-13 04:30:00,16,103,2.142857142857143,0.0,0.0,0.1544666666666666,9.261,6.0,-3,19.931401855704287,,7500.0,0.0,0.0,0.0,48.28901069406015,optimal
2021-02-13 05:00:00,16,103,2.142857142857143,0.0,0.0,0.1436666666666666,9.9225,6.0,-3,20.005753706777814,,7500.0,0.0,0.0,0.0,48.24072168336608,optimal
2021-02-13 05:30:00,16,103,2.142857142857143,0.0,0.0,0.1932666666666666,9.702,6.0,-3,20.079087234402955,,7500.0,0.0,0.0,0.0,48.19248096168271,optimal
2021-02-13 06:00:00,16,103,2.142857142857143,0.0,0.0,0.0602666666666666,10.584,6.0,-3,20.15267850302188,,7500.0,0.0,0.0,0.0,48.144288480721016,optimal
2021-02-13 06:30:00,16,103,2.142857142857143,0.0,0.0,0.1926,10.143,6.0,-3,20.222682538879447,,7500.0,0.0,0.0,0.0,48.096144192240295,optimal
2021-02-13 07:00:00,16,103,0.0,0.0,0.0,0.2234,13.0095,6.0,-3,20.29492782512497,,0.0,0.0,0.0,0.0,48.048048048048045,optimal
2021-02-13 07:30:00,16,103,2.142857142857143,0.0,0.0,1.5214333333333334,11.025,6.0,-3,20.209830875836783,,7500.0,0.0,0.0,0.0,48.0,optimal
2021-02-13 08:00:00,16,103,1.6881779951173437,0.0,0.0,1.6641666666666668,12.789,6.0,-3,20.30056413621439,,5908.622982910702,0.0,0.0,0.0,47.90296571048844,optimal
2021-02-13 08:30:00,16,103,2.142857142857143,0.0,0.0,0.4837666666666667,12.1275,6.0,-3,20.3721514787388,,7500.0,0.0,0.0,0.0,47.80602845526639,optimal
2021-02-13 09:00:00,16,103,2.142857142857143,0.0,0.0,0.2363333333333332,12.1695,6.0,-3,20.44805186633462,,7500.0,0.0,0.0,0.0,47.70918813729956,optimal
2021-02-13 09:30:00,16,103,2.142857142857143,0.0,0.0,0.2032666666666666,12.306,6.0,-3,20.51431716217433,,7500.0,0.0,0.0,0.0,47.6124446596507,optimal
2021-02-13 10:00:00,16,103,0.0,0.0,0.0,0.1536666666666666,13.23,6.0,-3,20.579087828982583,,0.0,0.0,0.0,0.0,47.51579792547949,optimal
2021-02-13 10:30:00,16,103,0.0,0.0,0.0,0.3686,13.671,6.0,-3,20.48577666566127,,0.0,0.0,0.0,0.0,47.41924783804245,optimal
2021-02-13 11:00:00,16,103,0.0,0.0,0.0,0.3146,13.9335,6.0,-3,20.39988547078126,,0.0,0.0,0.0,0.0,47.32279430069285,optimal
2021-02-13 11:30:00,16,103,0.0,0.0,0.0,0.1305,13.293,6.0,-3,20.31438763910052,,0.0,0.0,0.0,0.0,47.2264372168806,optimal
2021-02-13 12:00:00,16,103,2.142857142857143,0.0,0.0,0.1811666666666666,12.1065,6.0,-3,20.22247017349265,,7500.0,0.0,0.0,0.0,47.13017649015216,optimal
2021-02-13 12:30:00,16,103,2.142857142857143,0.0,0.0,0.1062666666666666,11.571,6.0,-3,20.2901411559035,,7500.0,0.0,0.0,0.0,47.03401202415045,optimal
2021-02-13 13:00:00,16,103,2.142857142857143,0.0,0.0,0.3838333333333333,11.025,6.0,-3,20.356382129267487,,7500.0,0.0,0.0,0.0,46.93794372261474,optimal
2021-02-13 13:30:00,16,103,2.142857142857143,0.0,0.0,0.6437,10.8465,6.0,-3,20.431721978687108,,7500.0,0.0,0.0,0.0,46.84197148938056,optimal
2021-02-13 14:00:00,16,103,2.142857142857143,0.0,0.0,0.061,11.2455,6.0,-3,20.513521103022534,,7500.0,0.0,0.0,0.0,46.74609522837962,optimal
2021-02-13 14:30:00,16,103,0.0,0.0,0.0,0.1822333333333333,23.8665,6.0,-3,20.57915679418389,,0.0,0.0,0.0,0.0,46.65031484363968,optimal
2021-02-13 15:00:00,16,103,0.0,0.0,0.0,0.1747,27.4575,6.0,-3,20.48962233785023,,0.0,0.0,0.0,0.0,46.554630239284485,optimal
2021-02-13 15:30:00,16,103,0.0,0.0,0.0,0.1305,27.3735,6.0,-3,20.400789158053225,,0.0,0.0,0.0,0.0,46.45904131953364,optimal
2021-02-13 16:00:00,16,103,0.0,0.0,0.0,0.0841666666666666,30.4605,6.0,-3,20.310974889909893,,0.0,0.0,0.0,0.0,46.36354798870254,optimal
2021-02-13 16:30:00,16,103,0.0,0.0,0.0,1.4853333333333332,30.0195,6.0,-3,20.22013907516894,,0.0,0.0,0.0,0.0,46.26815015120228,optimal
2021-02-13 17:00:00,16,103,0.0,0.0,0.0,1.7971333333333337,26.9325,6.0,-3,20.14609636005555,,0.0,0.0,0.0,0.0,46.17284771153952,optimal
2021-02-13 17:30:00,16,103,0.0,0.0,0.0,0.6136666666666666,14.595,6.0,-3,20.07695440292313,,0.0,0.0,0.0,0.0,46.07764057431642,optimal
2021-02-13 18:00:00,16,103,0.5088058076822047,0.0,0.0,3.023,12.4845,6.0,-3,20.0,,1780.8203268877164,0.0,0.0,0.0,45.98252864423054,optimal
2021-02-13 18:30:00,16,103,1.0035474533636668,0.0,0.0,1.0131,12.1275,6.0,-3,20.0,,3512.4160867728338,0.0,0.0,0.0,45.88751182607475,optimal
2021-02-13 19:00:00,16,103,1.795354814080725,0.0,0.0,1.3400666666666663,12.1275,6.0,-3,20.0,,6283.741849282537,0.0,0.0,0.0,45.79259002473712,optimal
2021-02-13 19:30:00,16,103,0.0,0.0,0.0,1.215733333333333,12.789,6.0,-3,20.062795120751403,,0.0,0.0,0.0,0.0,45.69776314520082,optimal
2021-02-13 20:00:00,16,103,1.0526747293899084,0.0,0.0,0.3953666666666667,11.907,6.0,-3,20.0,,3475.361552864679,0.0,209.0,0.0,45.60303109254406,optimal
2021-02-13 20:30:00,16,103,0.1791428571428571,0.0,0.0,1.1467333333333332,11.025,6.0,-3,20.0,,0.0,0.0,627.0,0.0,45.55742806145151,optimal
2021-02-13 21:00:00,16,103,0.1791428571428571,0.0,0.0,0.5204333333333333,8.2005,6.0,-3,19.93195578709208,,0.0,0.0,626.9999999999999,0.0,45.51187063339006,optimal
2021-02-13 21:30:00,16,103,0.0,0.0,0.0,0.2626333333333333,9.5655,6.0,-3,19.86663011988057,,0.0,0.0,0.0,0.0,45.46635876275667,optimal
2021-02-13 22:00:00,16,103,0.3781904761904762,0.0,0.0,0.3776,7.056,6.0,-3,19.797953990771145,,0.0,0.0,1323.6666666666667,0.0,45.42089240399391,optimal
2021-02-13 22:30:00,16,103,0.0,0.0,0.0,0.6368333333333334,9.3975,6.0,-3,19.728751425828698,,0.0,0.0,0.0,0.0,45.37547151158992,optimal
2021-02-13 23:00:00,16,103,0.0,0.0,0.0,0.1828,10.059,6.0,-3,19.66326615165087,,0.0,0.0,0.0,0.0,45.33009604007832,optimal
2021-02-13 23:30:00,16,103,0.0,0.0,0.0,0.061,9.261,6.0,-3,19.583793348066585,,0.0,0.0,0.0,0.0,45.28476594403825,optimal
2021-02-07 00:00:00,17,103,2.0,0.0,0.0,0.052,7.938,6.0,2,21.0,,7000.0,0.0,0.0,0.0,47.952,optimal
2021-02-07 00:30:00,17,103,2.0,0.0,0.0,0.052,5.292,6.0,2,21.07179284446889,,7000.0,0.0,0.0,0.0,47.904048,optimal
2021-02-07 01:00:00,17,103,0.0,0.0,0.0,0.052,9.261,6.0,2,21.142806319295,,0.0,0.0,0.0,0.0,47.856143952,optimal
2021-02-07 01:30:00,17,103,0.0,0.0,0.0,0.052,10.3635,6.0,2,21.06569110556521,,0.0,0.0,0.0,0.0,47.80828780804799,optimal
2021-02-07 02:00:00,17,103,0.1235940897046139,0.0,0.0,0.052,8.274,6.0,2,20.988698904959204,,432.57931396614873,0.0,0.0,0.0,47.76047952023995,optimal
2021-02-07 02:30:00,17,103,2.0,0.0,0.0,0.052,7.7175,6.0,2,20.920935130374342,,7000.0,0.0,0.0,0.0,47.712719040719705,optimal
2021-02-07 03:00:00,17,103,2.0,0.0,0.0,0.052,6.615,6.0,2,20.99127199395712,,7000.0,0.0,0.0,0.0,47.66500632167899,optimal
2021-02-07 03:30:00,17,103,2.0,0.0,0.0,0.052,6.174,6.0,2,21.06083609322055,,7000.0,0.0,0.0,0.0,47.61734131535731,optimal
2021-02-07 04:00:00,17,103,2.0,0.0,0.0,0.052,3.906,6.0,2,21.12985776809127,,7000.0,0.0,0.0,0.0,47.56972397404195,optimal
2021-02-07 04:30:00,17,103,2.0,0.0,0.0,0.052,2.3415,6.0,2,21.19833947937669,,7000.0,0.0,0.0,0.0,47.52215425006791,optimal
2021-02-07 05:00:00,17,103,2.0,0.0,0.0,0.052,2.205,6.0,2,21.26651051086036,,7000.0,0.0,0.0,0.0,47.47463209581784,optimal
2021-02-07 05:30:00,17,103,2.0,0.0,1.5097495094715896,0.052,0.882,6.0,2,21.33437227199797,,7000.0,0.0,0.0,0.0,48.144288480721016,optimal
2021-02-07 06:00:00,17,103,2.0,0.0,0.0,0.052,1.5435,6.0,2,21.401926165851023,,7000.0,0.0,0.0,0.0,48.096144192240295,optimal
2021-02-07 06:30:00,17,103,2.0,0.0,0.0,0.0513333333333333,1.5435,6.0,2,21.4691735891157,,7000.0,0.0,0.0,0.0,48.048048048048045,optimal
2021-02-07 07:00:00,17,103,2.0,0.0,0.0,0.05,5.0715,6.0,2,21.53676619833722,,7000.0,0.0,0.0,0.0,48.0,optimal
2021-02-07 07:30:00,17,103,2.0,0.0,0.0,0.0526666666666666,5.376,6.0,2,21.609936962258324,,7000.0,0.0,0.0,0.0,47.70071272178711,optimal
2021-02-07 08:00:00,17,103,2.0,0.0,0.0,0.0606666666666666,5.0715,6.0,2,21.67737997986381,,7000.0,0.0,0.0,0.0,47.40172473085243,optimal
2021-02-07 08:30:00,17,103,2.0,0.0,0.0,0.0613333333333333,5.5125,6.0,2,21.74164868841953,,7000.0,0.0,0.0,0.0,47.10303572790868,optimal
2021-02-07 09:00:00,17,103,0.0,0.0,0.0,0.0613333333333333,9.261,6.0,2,21.79951049534593,,0.0,0.0,0.0,0.0,46.80464541396788,optimal
2021-02-07 09:30:00,17,103,0.0,0.0,0.0,0.06,11.7075,6.0,2,21.710308978544138,,0.0,0.0,0.0,0.0,46.50655349034102,optimal
2021-02-07 10:00:00,17,103,0.0,0.0,0.0,0.06,12.348,6.0,2,21.62633638393503,,0.0,0.0,0.0,0.0,46.20875965863779,optimal
2021-02-07 10:30:00,17,103,0.0,0.0,0.0,0.1466333333333333,12.348,6.0,2,21.542535136170365,,0.0,0.0,0.0,0.0,45.911263620766256,optimal
2021-02-07 11:00:00,17,103,0.0,0.0,0.0,0.173,12.1275,6.0,2,21.459122807096584,,0.0,0.0,0.0,0.0,45.6140650789326,optimal
2021-02-07 11:30:00,17,103,0.0,0.0,0.0,0.1014333333333333,12.5265,6.0,2,21.37628428033673,,0.0,0.0,0.0,0.0,45.317163735640776,optimal
2021-02-07 12:00:00,17,103,0.0,0.0,0.0,0.06,11.7495,6.0,2,21.29252977233722,,0.0,0.0,0.0,0.0,45.02055929369224,optimal
2021-02-07 12:30:00,17,103,0.0,0.0,0.0,0.0606666666666666,13.23,6.0,2,21.207230523757016,,0.0,0.0,0.0,0.0,44.72425145618566,optimal
2021-02-07 13:00:00,17,103,0.0,0.0,0.0,0.062,14.3325,6.0,2,21.120669302199023,,0.0,0.0,0.0,0.0,44.42823992651658,optimal
2021-02-07 13:30:00,17,103,0.0,0.0,0.0,0.062,14.994,6.0,2,21.03204489986077,,0.0,0.0,0.0,0.0,44.13252440837717,optimal
2021-02-07 14:00:00,17,103,0.0,0.0,0.0,0.062,14.8155,6.0,2,20.94404939246437,,0.0,0.0,0.0,0.0,43.837104605755904,optimal
2021-02-07 14:30:00,17,103,0.0,0.0,0.0,0.062,14.112,6.0,2,20.85667992718685,,0.0,0.0,0.0,0.0,43.541980222937255,optimal
2021-02-07 15:00:00,17,103,0.0,0.0,0.0,0.062,14.007,6.0,2,20.7699336635998,,0.0,0.0,0.0,0.0,43.24715096450142,optimal
2021-02-07 15:30:00,17,103,0.0,0.0,0.0,0.062,13.23,6.0,2,20.68380777508797,,0.0,0.0,0.0,0.0,42.952616535324026,optimal
2021-02-07 16:00:00,17,103,0.0,0.0,0.0,1.7064,11.382,6.0,2,20.59739210999314,,0.0,0.0,0.0,0.0,42.65837664057581,optimal
2021-02-07 16:30:00,17,103,0.0,0.0,0.0,0.5304,11.7495,6.0,2,20.53780315207921,,0.0,0.0,0.0,0.0,42.36443098572234,optimal
2021-02-07 17:00:00,17,103,0.0,0.0,0.0,0.2728,24.3285,6.0,2,20.46445041489517,,0.0,0.0,0.0,0.0,42.07077927652373,optimal
2021-02-07 17:30:00,17,103,0.0,0.0,0.0,0.1484,28.917,6.0,2,20.38867290180472,,0.0,0.0,0.0,0.0,41.77742121903432,optimal
2021-02-07 18:00:00,17,103,0.0,0.0,0.0,0.208,31.3635,6.0,2,20.31967536143409,,0.0,0.0,0.0,0.0,41.48435651960239,optimal
2021-02-07 18:30:00,17,103,0.0,0.0,0.0,0.2366,33.306,6.0,2,20.25399511668629,,0.0,0.0,0.0,0.0,41.1915848848699,optimal
2021-02-07 19:00:00,17,103,0.0,0.0,0.0,0.273,31.3425,6.0,2,20.190972082826324,,0.0,0.0,0.0,0.0,40.89910602177213,optimal
2021-02-07 19:30:00,17,103,0.0,0.0,0.0,0.1935,28.2555,6.0,2,20.127103345636183,,0.0,0.0,0.0,0.0,40.60691963753747,optimal
2021-02-07 20:00:00,17,103,0.0,0.0,0.0,0.1944666666666666,15.6975,6.0,2,20.06525961593132,,0.0,0.0,0.0,0.0,40.31502543968704,optimal
2021-02-07 20:30:00,17,103,0.0,0.0,0.0,0.2465333333333333,12.5475,6.0,2,20.0,,0.0,0.0,0.0,0.0,40.02342313603446,optimal
2021-02-07 21:00:00,17,103,0.0,0.0,0.0,0.4183666666666666,12.0855,6.0,2,19.93501360964562,,0.0,0.0,0.0,0.0,39.73211243468553,optimal
2021-02-07 21:30:00,17,103,0.0,0.0,0.0,0.2801,11.907,6.0,2,19.870010113063152,,0.0,0.0,0.0,0.0,39.44109304403796,optimal
2021-02-07 22:00:00,17,103,0.0,0.0,0.0,0.4652,12.5685,6.0,2,19.80211167826223,,0.0,0.0,0.0,0.0,39.15036467278102,optimal
2021-02-07 22:30:00,17,103,0.0,0.0,0.0,0.1876666666666666,13.146,6.0,2,19.735827104087107,,0.0,0.0,0.0,0.0,38.85992702989535,optimal
2021-02-07 23:00:00,17,103,0.0,0.0,0.0,0.1978333333333332,10.584,6.0,2,19.66371476660602,,0.0,0.0,0.0,0.0,38.821067102865456,optimal
2021-02-07 23:30:00,17,103,0.0,0.0,0.0,0.0892666666666666,6.678,6.0,2,19.59326347410096,,0.0,0.0,0.0,0.0,38.78224603576259,optimal
2021-02-08 00:00:00,17,103,2.0,0.0,0.0,0.2155,11.2455,6.0,2,19.59326347410096,,6860.666666666667,0.0,139.33333333333334,0.0,38.743463789726825,optimal
2021-02-08 00:30:00,17,103,2.0,0.0,0.0,0.1612333333333333,11.025,6.0,2,19.66604008069289,,0.0,0.0,7000.0,0.0,38.704720325937096,optimal
2021-02-08 01:00:00,17,103,2.0,0.0,0.7354973631035927,0.1223666666666666,5.9745,6.0,2,19.59459295192281,,3480.333333333333,0.0,3519.6666666666665,0.0,39.01537685308536,optimal
2021-02-08 01:30:00,17,103,2.0,0.0,0.0,0.2486999999999999,7.938,6.0,2,19.595931774915343,,7000.0,0.0,0.0,0.0,38.97636147623227,optimal
2021-02-08 02:00:00,17,103,2.0,0.0,0.0,0.1692666666666666,8.6835,6.0,2,19.675484841375454,,7000.0,0.0,0.0,0.0,38.93738511475604,optimal
2021-02-08 02:30:00,17,103,2.0,0.0,0.0,0.049,7.665,6.0,2,19.75485503617737,,7000.0,0.0,0.0,0.0,38.89844772964128,optimal
2021-02-08 03:00:00,17,103,2.0,0.0,0.0,0.0804666666666666,6.7725,6.0,2,19.83137788847478,,7000.0,0.0,0.0,0.0,38.85954928191163,optimal
2021-02-08 03:30:00,17,103,2.0,0.0,5.0,0.0883333333333333,5.5755,6.0,2,19.907938994743176,,7000.0,0.0,0.0,0.0,41.19568973262973,optimal
2021-02-08 04:00:00,17,103,2.0,0.0,5.0,0.2255,5.0925,6.0,2,19.98438763902881,,7000.0,0.0,0.0,0.0,43.52949404289709,optimal
2021-02-08 04:30:00,17,103,2.0,0.0,5.0,0.1748,4.1895,6.0,2,20.06254378845102,,7000.0,0.0,0.0,0.0,45.86096454885418,optimal
2021-02-08 05:00:00,17,103,2.0,0.0,0.0,0.0857333333333333,7.056,6.0,2,20.13837536889176,,7000.0,0.0,0.0,0.0,45.81510358430533,optimal
2021-02-08 05:30:00,17,103,2.0,0.0,5.0,0.051,5.271,6.0,2,20.20711378193016,,7000.0,0.0,0.0,0.0,48.144288480721016,optimal
2021-02-08 06:00:00,17,103,2.0,0.0,0.0,0.0503333333333333,7.938,6.0,2,20.272119467907388,,7000.0,0.0,0.0,0.0,48.096144192240295,optimal
2021-02-08 06:30:00,17,103,2.0,0.0,0.0,0.3071,7.938,6.0,2,20.33799975328508,,7000.0,0.0,0.0,0.0,48.048048048048045,optimal
2021-02-08 07:00:00,17,103,2.0,0.0,0.0,0.3744333333333333,11.907,6.0,2,20.414962223111537,,7000.0,0.0,0.0,0.0,48.0,optimal
2021-02-08 07:30:00,17,103,2.0,0.0,0.0,0.1631999999999999,11.025,6.0,2,20.491824724373387,,7000.0,0.0,0.0,0.0,47.792756521934585,optimal
2021-02-08 08:00:00,17,103,2.0,0.0,0.0,0.1879333333333333,11.2875,6.0,2,20.563625440699017,,7000.0,0.0,0.0,0.0,47.58572028734724,optimal
2021-02-08 08:30:00,17,103,2.0,0.0,0.0,0.0588666666666666,12.936,6.0,2,20.6304984819754,,7000.0,0.0,0.0,0.0,47.37889108899448,optimal
2021-02-08 09:00:00,17,103,1.082075551184964,0.0,0.0,0.051,13.0095,6.0,2,20.688217465520328,,3787.264429147374,0.0,0.0,0.0,47.17226871984007,optimal
2021-02-08 09:30:00,17,103,0.0,0.0,0.0,0.1139333333333333,13.671,6.0,2,20.677425938627007,,0.0,0.0,0.0,0.0,46.965852973054815,optimal
2021-02-08 10:00:00,17,103,0.0,0.0,0.0,0.1823333333333333,13.188,6.0,2,20.58896518350405,,0.0,0.0,0.0,0.0,46.75964364201635,optimal
2021-02-08 10:30:00,17,103,0.0,0.0,0.0,0.4014333333333332,13.8495,6.0,2,20.505089038711464,,0.0,0.0,0.0,0.0,46.55364052030892,optimal
2021-02-08 11:00:00,17,103,2.0,0.0,0.0,0.1103,13.23,6.0,2,20.428212490710283,,7000.0,0.0,0.0,0.0,46.3478434017232,optimal
2021-02-08 11:30:00,17,103,0.0,0.0,0.0,0.061,13.3665,6.0,2,20.493043938496367,,0.0,0.0,0.0,0.0,46.14225208025606,optimal
2021-02-08 12:00:00,17,103,2.0,0.0,0.0,0.049,13.0515,6.0,2,20.41142445789788,,7000.0,0.0,0.0,0.0,45.93686635011039,optimal
2021-02-08 12:30:00,17,103,0.0,0.0,0.0,0.1198,13.5345,6.0,2,20.477289224133305,,0.0,0.0,0.0,0.0,45.73168600569486,optimal
2021-02-08 13:00:00,17,103,0.0,0.0,0.0,0.0503333333333333,14.154,6.0,2,20.398253680434888,,0.0,0.0,0.0,0.0,45.52671084162375,optimal
2021-02-08 13:30:00,17,103,0.0,0.0,0.0,0.0549333333333333,14.112,6.0,2,20.31352336409536,,0.0,0.0,0.0,0.0,45.32194065271672,optimal
2021-02-08 14:00:00,17,103,0.0,0.0,0.0,0.1178666666666666,14.2485,6.0,2,20.22796672502726,,0.0,0.0,0.0,0.0,45.11737523399859,optimal
2021-02-08 14:30:00,17,103,2.0,0.0,0.0,0.051,12.789,6.0,2,20.144576669945803,,7000.0,0.0,0.0,0.0,44.91301438069917,optimal
2021-02-08 15:00:00,17,103,2.0,0.0,0.0,0.051,13.0095,6.0,2,20.20682971073663,,7000.0,0.0,0.0,0.0,44.70885788825306,optimal
2021-02-08 15:30:00,17,103,2.0,0.0,0.0,0.2408333333333333,12.1275,6.0,2,20.26811982548055,,7000.0,0.0,0.0,0.0,44.5049055522994,optimal
2021-02-08 16:00:00,17,103,2.0,0.0,0.0,0.1783333333333333,12.348,6.0,2,20.341052222093225,,7000.0,0.0,0.0,0.0,44.30115716868168,optimal
2021-02-08 16:30:00,17,103,2.0,0.0,0.0,0.1855,12.348,6.0,2,20.410492166139367,,7000.0,0.0,0.0,0.0,44.09761253344759,optimal
2021-02-08 17:00:00,17,103,0.0,0.0,0.0,0.1233333333333333,25.389,6.0,2,20.47866924058638,,0.0,0.0,0.0,0.0,43.894271442848726,optimal
2021-02-08 17:30:00,17,103,0.0,0.0,0.0,0.0683333333333333,29.1375,6.0,2,20.40166121967217,,0.0,0.0,0.0,0.0,43.69113369334046,optimal
2021-02-08 18:00:00,17,103,0.0,0.0,0.0,0.4427666666666666,30.597,6.0,2,20.32393383670195,,0.0,0.0,0.0,0.0,43.488199081581705,optimal
2021-02-08 18:30:00,17,103,0.0,0.0,0.0,1.707733333333333,33.684,6.0,2,20.250171403997985,,0.0,0.0,0.0,0.0,43.28546740443471,optimal
2021-02-08 19:00:00,17,103,0.0,0.0,0.0,0.3258999999999999,32.445,6.0,2,20.188814103307685,,0.0,0.0,0.0,0.0,43.08293845896486,optimal
2021-02-08 19:30:00,17,103,0.0,0.0,0.0,0.5228666666666667,28.917,6.0,2,20.1200146244038,,0.0,0.0,0.0,0.0,43.039855520505895,optimal
2021-02-08 20:00:00,17,103,0.0,0.0,0.0,0.5707000000000001,15.876,6.0,2,20.058713863235024,,0.0,0.0,0.0,0.0,42.99681566498539,optimal
2021-02-08 20:30:00,17,103,0.0,0.0,0.0,0.4159666666666666,12.348,6.0,2,20.0,,0.0,0.0,0.0,0.0,42.953818849320406,optimal
2021-02-08 21:00:00,17,103,0.0,0.0,0.0,0.1745666666666666,12.1275,6.0,2,19.937682213134885,,0.0,0.0,0.0,0.0,42.910865030471086,optimal
2021-02-08 21:30:00,17,103,0.0,0.0,0.0,0.3901,12.348,6.0,2,19.869264416157947,,0.0,0.0,0.0,0.0,42.867954165440615,optimal
2021-02-08 22:00:00,17,103,0.0,0.0,0.0,0.4654333333333332,12.1275,6.0,2,19.80492911467087,,0.0,0.0,0.0,0.0,42.82508621127518,optimal
2021-02-08 22:30:00,17,103,0.0,0.0,0.0,0.1777333333333333,12.1275,6.0,2,19.74151776852168,,0.0,0.0,0.0,0.0,42.782261125063904,optimal
2021-02-08 23:00:00,17,103,0.0,0.0,0.0,0.2400666666666666,11.2665,6.0,2,19.67099118137366,,0.0,0.0,0.0,0.0,42.73947886393884,optimal
2021-02-08 23:30:00,17,103,0.0398095238095238,0.0,0.0,0.0976666666666666,10.143,6.0,2,19.59969465012033,,0.0,0.0,139.33333333333331,0.0,42.696739385074906,optimal
2021-02-09 00:00:00,17,103,2.0,0.0,0.0,0.059,12.1275,6.0,5,19.59969465012033,,7000.0,0.0,0.0,0.0,42.65404264568984,optimal
2021-02-09 00:30:00,17,103,2.0,0.0,0.0,0.059,12.2955,6.0,5,19.667067974306995,,0.0,0.0,7000.0,0.0,42.61138860304415,optimal
2021-02-09 01:00:00,17,103,2.0,0.0,0.0,0.2769333333333333,11.6865,6.0,5,19.587009626566687,,4804.0,0.0,2196.0,0.0,42.56877721444111,optimal
2021-02-09 01:30:00,17,103,2.0,0.0,0.0,0.059,11.466,6.0,5,19.613255056954053,,7000.0,0.0,0.0,0.0,42.52620843722666,optimal
2021-02-09 02:00:00,17,103,2.0,0.0,0.0,0.2706,10.8045,6.0,5,19.680566861876265,,7000.0,0.0,0.0,0.0,42.48368222878944,optimal
2021-02-09 02:30:00,17,103,2.0,0.0,5.0,0.0653333333333333,10.584,6.0,5,19.751573892503203,,7000.0,0.0,0.0,0.0,44.81619854656065,optimal
2021-02-09 03:00:00,17,103,2.0,0.0,0.0,0.1376,11.2455,6.0,5,19.818164673852586,,7000.0,0.0,0.0,0.0,44.771382348014086,optimal
2021-02-09 03:30:00,17,103,2.0,0.0,0.0,0.1476666666666666,12.1275,6.0,5,19.886201430893934,,7000.0,0.0,0.0,0.0,44.72661096566607,optimal
2021-02-09 04:00:00,17,103,2.0,0.0,0.0,0.1096666666666666,11.823,6.0,5,19.95459510246848,,7000.0,0.0,0.0,0.0,44.6818843547004,optimal
2021-02-09 04:30:00,17,103,2.0,0.0,0.0,0.0895666666666666,11.7705,6.0,5,20.02233224643283,,7000.0,0.0,0.0,0.0,44.6372024703457,optimal
2021-02-09 05:00:00,17,103,2.0,0.0,0.0,0.2337,11.13,6.0,5,20.088885306984142,,7000.0,0.0,0.0,0.0,44.59256526787535,optimal
2021-02-09 05:30:00,17,103,2.0,0.0,0.0,0.0978666666666666,11.6865,6.0,5,20.157716834575844,,7000.0,0.0,0.0,0.0,44.547972702607474,optimal
2021-02-09 06:00:00,17,103,2.0,0.0,2.6549612974826693,0.1304,10.7205,6.0,5,20.2233767482994,,7000.0,0.0,0.0,0.0,45.764531346209125,optimal
2021-02-09 06:30:00,17,103,2.0,0.0,0.0,0.2186333333333333,11.424,6.0,5,20.289423623755724,,7000.0,0.0,0.0,0.0,45.71876681486292,optimal
2021-02-09 07:00:00,17,103,2.0,0.0,5.0,0.0969666666666666,10.689,6.0,5,20.35680137899714,,7000.0,0.0,0.0,0.0,48.048048048048045,optimal
2021-02-09 07:30:00,17,103,2.0,0.0,0.0,0.1646,11.361,6.0,5,20.424846501840303,,7000.0,0.0,0.0,0.0,48.0,optimal
2021-02-09 08:00:00,17,103,2.0,0.0,0.0,0.6765333333333333,11.571,6.0,5,20.49562643168232,,7000.0,0.0,0.0,0.0,47.814964683499504,optimal
2021-02-09 08:30:00,17,103,0.0,0.0,0.0,1.2638333333333334,14.3745,6.0,5,20.577779777521805,,0.0,0.0,0.0,0.0,47.63011440231551,optimal
2021-02-09 09:00:00,17,103,2.0,0.0,0.0,0.5596666666666666,13.23,6.0,5,20.50644432710981,,7000.0,0.0,0.0,0.0,47.4454489714127,optimal
2021-02-09 09:30:00,17,103,0.0678743518429211,0.0,0.0,0.6417999999999999,13.9755,6.0,5,20.57133086243252,,237.560231450224,0.0,0.0,0.0,47.26096820594079,optimal
2021-02-09 10:00:00,17,103,0.0,0.0,0.0,0.3285333333333333,14.994,6.0,5,20.502184134382503,,0.0,0.0,0.0,0.0,47.07667192123436,optimal
2021-02-09 10:30:00,17,103,2.0,0.0,0.0,0.3077666666666666,13.671,6.0,5,20.42294506731819,,7000.0,0.0,0.0,0.0,46.89255993281263,optimal
2021-02-09 11:00:00,17,103,0.0,0.0,0.0,0.0908333333333333,15.981,6.0,5,20.48983840888581,,0.0,0.0,0.0,0.0,46.70863205637932,optimal
2021-02-09 11:30:00,17,103,0.0,0.0,0.0,0.069,15.6345,6.0,5,20.40419759789385,,0.0,0.0,0.0,0.0,46.52488810782245,optimal
2021-02-09 12:00:00,17,103,0.0,0.0,0.0,0.2825666666666667,16.5375,6.0,5,20.318712545665694,,0.0,0.0,0.0,0.0,46.34132790321413,optimal
2021-02-09 12:30:00,17,103,0.0,0.0,0.0,0.0733666666666666,14.7735,6.0,5,20.23833781279357,,0.0,0.0,0.0,0.0,46.15795125881042,optimal
2021-02-09 13:00:00,17,103,0.0,0.0,0.0,1.4084,15.2145,6.0,5,20.15369713513593,,0.0,0.0,0.0,0.0,45.97475799105111,optimal
2021-02-09 13:30:00,17,103,0.0,0.0,0.0,0.1006666666666666,14.553,6.0,5,20.083818665150066,,0.0,0.0,0.0,0.0,45.791747916559565,optimal
2021-02-09 14:00:00,17,103,2.0,0.0,0.0,0.1126666666666666,14.3325,6.0,5,20.0,,7000.0,0.0,0.0,0.0,45.60892085214251,optimal
2021-02-09 14:30:00,17,103,1.3853944630765795,0.0,0.0,0.1039333333333333,14.595,6.0,5,20.06394021860796,,4848.880620768028,0.0,0.0,0.0,45.42627661478988,optimal
2021-02-09 15:00:00,17,103,0.0,0.0,0.0,0.2238333333333332,14.994,6.0,5,20.08189774617805,,0.0,0.0,0.0,0.0,45.24381502167459,optimal
2021-02-09 15:30:00,17,103,1.1327534352440276,0.0,0.0,0.1321,14.3325,6.0,5,20.0,,3964.637023354097,0.0,0.0,0.0,45.06153589015242,optimal
2021-02-09 16:00:00,17,103,1.1308772710769506,0.0,0.0,0.1386666666666666,13.8915,6.0,5,20.0,,3958.070448769327,0.0,0.0,0.0,44.87943903776177,optimal
2021-02-09 16:30:00,17,103,1.769950697267041,0.0,0.0,0.1430333333333333,13.8915,6.0,5,20.0,,6194.827440434643,0.0,0.0,0.0,44.69752428222351,optimal
2021-02-09 17:00:00,17,103,2.0,0.0,0.0,0.1622333333333333,13.4715,6.0,5,20.04672289867916,,7000.0,0.0,0.0,0.0,44.5157914414408,optimal
2021-02-09 17:30:00,17,103,2.0,0.0,0.0,0.1893333333333333,13.23,6.0,5,20.11013353871372,,7000.0,0.0,0.0,0.0,44.33424033349886,optimal
2021-02-09 18:00:00,17,103,2.0,0.0,0.0,0.5326666666666666,13.8915,6.0,5,20.173373302559824,,7000.0,0.0,0.0,0.0,44.15287077666487,optimal
2021-02-09 18:30:00,17,103,0.0,0.0,0.0,0.4178,26.9325,6.0,5,20.24168437604709,,0.0,0.0,0.0,0.0,43.97168258938771,optimal
2021-02-09 19:00:00,17,103,0.0,0.0,0.0,0.2513666666666667,30.303,6.0,5,20.174034240969217,,0.0,0.0,0.0,0.0,43.79067559029783,optimal
2021-02-09 19:30:00,17,103,0.0,0.0,0.0,0.3644,32.886,6.0,5,20.11160507137455,,0.0,0.0,0.0,0.0,43.60984959820704,optimal
2021-02-09 20:00:00,17,103,0.0,0.0,0.0,0.4563666666666667,34.9965,6.0,5,20.052887532871747,,0.0,0.0,0.0,0.0,43.42920443210834,optimal
2021-02-09 20:30:00,17,103,0.0,0.0,0.0,0.0966666666666666,33.327,6.0,5,20.0,,0.0,0.0,0.0,0.0,43.24873991117574,optimal
2021-02-09 21:00:00,17,103,0.0,0.0,0.0,0.2405999999999999,31.122,6.0,5,19.93796213301357,,0.0,0.0,0.0,0.0,43.06845585476407,optimal
2021-02-09 21:30:00,17,103,0.0,0.0,0.0,0.2732666666666666,17.9025,6.0,5,19.87590501016797,,0.0,0.0,0.0,0.0,42.88835208240881,optimal
2021-02-09 22:00:00,17,103,0.0,0.0,0.0,0.2903333333333333,15.6555,6.0,5,19.81204676980808,,0.0,0.0,0.0,0.0,42.70842841382591,optimal
2021-02-09 22:30:00,17,103,0.0,0.0,0.0,0.3677666666666666,14.553,6.0,5,19.75305944046493,,0.0,0.0,0.0,0.0,42.52868466891159,optimal
2021-02-09 23:00:00,17,103,0.0,0.0,0.0,0.1590333333333333,14.3325,6.0,5,19.692389939896827,,0.0,0.0,0.0,0.0,42.48615598424268,optimal
2021-02-09 23:30:00,17,103,0.0,0.0,0.0,0.1179,13.335,6.0,5,19.62445350790632,,0.0,0.0,0.0,0.0,42.44366982825844,optimal
2021-02-10 00:00:00,17,103,2.0,0.0,0.0,0.067,11.844,6.0,-4,19.62445350790632,,7000.0,0.0,0.0,0.0,42.40122615843018,optimal
2021-02-10 00:30:00,17,103,2.0,0.0,0.0,0.1170333333333333,11.508,6.0,-4,19.69093768497697,,0.0,0.0,7000.0,0.0,42.35882493227175,optimal
2021-02-10 01:00:00,17,103,2.0,0.0,0.0,0.1593666666666666,11.508,6.0,-4,19.610198540287225,,5431.0,0.0,1569.0,0.0,42.31646610733947,optimal
2021-02-10 01:30:00,17,103,2.0,0.0,5.0,0.1614,10.4475,6.0,-4,19.644566863542224,,7000.0,0.0,0.0,0.0,44.649149641232135,optimal
2021-02-10 02:00:00,17,103,2.0,0.0,3.36396561844638,0.163,10.8675,6.0,-4,19.711396492685008,,7000.0,0.0,0.0,0.0,46.20238416035293,optimal
2021-02-10 02:30:00,17,103,2.0,0.0,5.0,0.076,10.542,6.0,-4,19.777502949371105,,7000.0,0.0,0.0,0.0,48.53118177619257,optimal
2021-02-10 03:00:00,17,103,2.0,0.0,0.0,0.3336,11.025,6.0,-4,19.841478116552715,,7000.0,0.0,0.0,0.0,48.48265059441637,optimal
2021-02-10 03:30:00,17,103,2.0,0.0,0.0,0.1162,11.025,6.0,-4,19.91058563374541,,7000.0,0.0,0.0,0.0,48.434167943821954,optimal
2021-02-10 04:00:00,17,103,2.0,0.0,0.0,0.1042333333333333,14.553,6.0,-4,19.97480327339568,,7000.0,0.0,0.0,0.0,48.38573377587813,optimal
2021-02-10 04:30:00,17,103,2.0,0.0,0.0,0.3455666666666667,13.0935,6.0,-4,20.0384776747712,,7000.0,0.0,0.0,0.0,48.33734804210225,optimal
2021-02-10 05:00:00,17,103,2.0,0.0,0.0,0.076,15.6345,6.0,-4,20.106489702389744,,7000.0,0.0,0.0,0.0,48.28901069406015,optimal
2021-02-10 05:30:00,17,103,0.0,0.0,0.0,0.2054,18.102,6.0,-4,20.16806502446712,,0.0,0.0,0.0,0.0,48.24072168336608,optimal
2021-02-10 06:00:00,17,103,2.0,0.0,0.0,0.2444,17.199,6.0,-4,20.0842783986644,,7000.0,0.0,0.0,0.0,48.19248096168271,optimal
2021-02-10 06:30:00,17,103,0.0,0.0,0.0,0.188,18.2805,6.0,-4,20.14859203849633,,0.0,0.0,0.0,0.0,48.144288480721016,optimal
2021-02-10 07:00:00,17,103,1.2577158020957162,0.0,0.0,0.2327,17.4615,6.0,-4,20.06498114663833,,4402.005307335007,0.0,0.0,0.0,48.096144192240295,optimal
2021-02-10 07:30:00,17,103,0.0,0.0,0.0,0.2117333333333333,18.3225,6.0,-4,20.076261867563247,,0.0,0.0,0.0,0.0,48.048048048048045,optimal
2021-02-10 08:00:00,17,103,2.0,0.0,0.0,0.3325,17.094,6.0,-4,20.0,,7000.0,0.0,0.0,0.0,48.0,optimal
2021-02-10 08:30:00,17,103,2.0,0.0,0.0,0.3333666666666667,17.094,6.0,-4,20.07841708686141,,7000.0,0.0,0.0,0.0,47.787439395372665,optimal
2021-02-10 09:00:00,17,103,2.0,0.0,0.0,0.2032333333333333,17.094,6.0,-4,20.145283175703828,,7000.0,0.0,0.0,0.0,47.57509135134996,optimal
2021-02-10 09:30:00,17,103,2.0,0.0,0.0,0.0921666666666666,17.3565,6.0,-4,20.204556223292204,,7000.0,0.0,0.0,0.0,47.36295565537128,optimal
2021-02-10 10:00:00,17,103,2.0,0.0,0.0,0.2951666666666667,17.115,6.0,-4,20.262129705797825,,7000.0,0.0,0.0,0.0,47.151032095088574,optimal
2021-02-10 10:30:00,17,103,2.0,0.0,0.0,0.1546333333333333,17.241,6.0,-4,20.324622567001533,,7000.0,0.0,0.0,0.0,46.93932045836616,optimal
2021-02-10 11:00:00,17,103,2.0,0.0,0.0,0.076,17.094,6.0,-4,20.38455413635928,,7000.0,0.0,0.0,0.0,46.72782053328046,optimal
2021-02-10 11:30:00,17,103,2.0,0.0,0.0,0.2402,16.5165,6.0,-4,20.44323905525261,,7000.0,0.0,0.0,0.0,46.51653210811985,optimal
2021-02-10 12:00:00,17,103,2.0,0.0,0.0,0.2095999999999999,17.8185,6.0,-4,20.50556788452613,,7000.0,0.0,0.0,0.0,46.30545497138439,optimal
2021-02-10 12:30:00,17,103,2.0,0.0,0.0,0.076,17.094,6.0,-4,20.567423475242794,,7000.0,0.0,0.0,0.0,46.09458891178568,optimal
2021-02-10 13:00:00,17,103,2.0,0.0,0.0,0.2138666666666666,16.8945,6.0,-4,20.62618611228159,,7000.0,0.0,0.0,0.0,45.88393371824656,optimal
2021-02-10 13:30:00,17,103,0.3537190993687603,0.0,0.0,0.1083333333333333,18.123,6.0,-4,20.6875843111373,,1238.016847790661,0.0,0.0,0.0,45.67348917990098,optimal
2021-02-10 14:00:00,17,103,0.0,0.0,0.0,0.0954,31.647,6.0,-4,20.62609768755124,,0.0,0.0,0.0,0.0,45.46325508609375,optimal
2021-02-10 14:30:00,17,103,0.0,0.0,0.0,0.1988,34.9965,6.0,-4,20.53946433413933,,0.0,0.0,0.0,0.0,45.25323122638032,optimal
2021-02-10 15:00:00,17,103,0.0,0.0,0.0,0.104,34.9965,6.0,-4,20.455400620939304,,0.0,0.0,0.0,0.0,45.043417390526606,optimal
2021-02-10 15:30:00,17,103,0.0,0.0,0.0,0.2845666666666667,34.9965,6.0,-4,20.36972269821664,,0.0,0.0,0.0,0.0,44.83381336850875,optimal
2021-02-10 16:00:00,17,103,0.0,0.0,0.0,1.3791333333333335,34.9965,6.0,-4,20.290867813055915,,0.0,0.0,0.0,0.0,44.62441895051291,optimal
2021-02-10 16:30:00,17,103,0.0,0.0,0.0,0.4089666666666666,34.9965,6.0,-4,20.217499603647465,,0.0,0.0,0.0,0.0,44.415233926935066,optimal
2021-02-10 17:00:00,17,103,0.0,0.0,0.0,0.3203,27.741,6.0,-4,20.144289039156224,,0.0,0.0,0.0,0.0,44.2062580883808,optimal
2021-02-10 17:30:00,17,103,0.0,0.0,0.0,0.2191666666666666,19.026,6.0,-4,20.07332963730057,,0.0,0.0,0.0,0.0,43.99749122566509,optimal
2021-02-10 18:00:00,17,103,0.9301370538563424,0.0,0.0,0.3717,18.7215,6.0,-4,20.0,,3255.479688497199,0.0,0.0,0.0,43.78893312981209,optimal
2021-02-10 18:30:00,17,103,0.8120264097840776,0.0,0.0,0.9773,17.4195,6.0,-4,20.0,,2842.092434244272,0.0,0.0,0.0,43.58058359205494,optimal
2021-02-10 19:00:00,17,103,0.8732281466641371,0.0,0.0,1.3621,16.758,6.0,-4,20.0,,3056.29851332448,0.0,0.0,0.0,43.37244240383556,optimal
2021-02-10 19:30:00,17,103,0.9407249464999158,0.0,0.0,0.5242,14.217,6.0,-4,20.0,,3222.8706460830385,0.0,69.66666666666666,0.0,43.16450935680439,optimal
2021-02-10 20:00:00,17,103,0.99098555585949,0.0,0.0,0.5615,13.3665,6.0,-4,20.0,,3329.116112174881,0.0,139.33333333333331,0.0,42.95678424282025,optimal
2021-02-10 20:30:00,17,103,0.0995238095238095,0.0,0.0,0.7313999999999999,12.789,6.0,-4,20.0,,0.0,0.0,348.3333333333333,0.0,42.7492668539501,optimal
2021-02-10 21:00:00,17,103,0.0597142857142857,0.0,0.0,1.799,11.907,6.0,-4,19.929120079936883,,0.0,0.0,209.0,0.0,42.54195698246881,optimal
2021-02-10 21:30:00,17,103,0.0,0.0,0.0,0.6121666666666666,11.7075,6.0,-4,19.864425189435423,,0.0,0.0,0.0,0.0,42.33485442085901,optimal
2021-02-10 22:00:00,17,103,0.1194285714285714,0.0,0.0,0.5404666666666667,10.8045,6.0,-4,19.78974228099205,,0.0,0.0,418.0,0.0,42.29251956643815,optimal
2021-02-10 22:30:00,17,103,0.0,0.0,0.0,0.7062,11.508,6.0,-4,19.71265804584173,,0.0,0.0,0.0,0.0,42.250227046871714,optimal
2021-02-10 23:00:00,17,103,0.0,0.0,0.0,2.3835333333333333,11.508,6.0,-4,19.63541580685146,,0.0,0.0,0.0,0.0,42.20797681982484,optimal
2021-02-10 23:30:00,17,103,0.0,0.0,0.0,2.7116,11.508,6.0,-4,19.55757113487738,,0.0,0.0,0.0,0.0,42.16576884300502,optimal
2021-02-11 00:00:00,17,103,2.0,0.0,0.0,0.1066666666666666,11.2455,6.0,1,19.55757113487738,,7000.0,0.0,0.0,0.0,42.12360307416201,optimal
2021-02-11 00:30:00,17,103,2.0,0.0,0.0,0.1446666666666666,11.025,6.0,1,19.606654382268864,,2471.666666666667,0.0,4528.333333333333,0.0,42.08147947108785,optimal
2021-02-11 01:00:00,17,103,2.0,0.0,0.0,0.056,12.0855,6.0,1,19.561445274949275,,7000.0,0.0,0.0,0.0,42.03939799161677,optimal
2021-02-11 01:30:00,17,103,2.0,0.0,0.0,0.132,11.6865,6.0,1,19.610351729160595,,7000.0,0.0,0.0,0.0,41.99735859362515,optimal
2021-02-11 02:00:00,17,103,2.0,0.0,0.0,0.1193333333333333,11.2245,6.0,1,19.660636141295765,,7000.0,0.0,0.0,0.0,41.955361235031525,optimal
2021-02-11 02:30:00,17,103,2.0,0.0,0.0,0.1573333333333333,11.025,6.0,1,19.71042579050434,,7000.0,0.0,0.0,0.0,41.91340587379649,optimal
2021-02-11 03:00:00,17,103,2.0,0.0,3.684127107074296,0.1953333333333332,10.7835,6.0,1,19.760335807084378,,7000.0,0.0,0.0,0.0,43.621452843782976,optimal
2021-02-11 03:30:00,17,103,2.0,0.0,0.0,0.1522666666666667,11.025,6.0,1,19.810365644967305,,7000.0,0.0,0.0,0.0,43.5778313909392,optimal
2021-02-11 04:00:00,17,103,2.0,0.0,5.0,0.0610666666666666,10.584,6.0,1,19.86039611314904,,7000.0,0.0,0.0,0.0,45.909253559548254,optimal
2021-02-11 04:30:00,17,103,2.0,0.0,0.0,0.1763333333333333,11.025,6.0,1,19.909413982474216,,7000.0,0.0,0.0,0.0,45.8633443059887,optimal
2021-02-11 05:00:00,17,103,2.0,0.0,5.0,0.1763333333333333,10.4265,6.0,1,19.96063588361487,,7000.0,0.0,0.0,0.0,48.19248096168271,optimal
2021-02-11 05:30:00,17,103,2.0,0.0,0.0,0.132,12.789,6.0,1,20.0116254072376,,7000.0,0.0,0.0,0.0,48.144288480721016,optimal
2021-02-11 06:00:00,17,103,2.0,0.0,0.0,0.2206666666666666,12.684,6.0,1,20.062584543519453,,7000.0,0.0,0.0,0.0,48.096144192240295,optimal
2021-02-11 06:30:00,17,103,2.0,0.0,0.0,0.0796666666666666,16.254,6.0,1,20.11631313455681,,7000.0,0.0,0.0,0.0,48.048048048048045,optimal
2021-02-11 07:00:00,17,103,2.0,0.0,0.0,0.2856666666666667,17.64,6.0,1,20.16786580398192,,7000.0,0.0,0.0,0.0,48.0,optimal
2021-02-11 07:30:00,17,103,2.0,0.0,0.0,0.0641666666666666,19.1625,6.0,1,20.231194810033365,,7000.0,0.0,0.0,0.0,47.89097606968519,optimal
2021-02-11 08:00:00,17,103,0.0,0.0,0.0,1.5264666666666666,26.46,6.0,1,20.28992277364781,,0.0,0.0,0.0,0.0,47.78206116330069,optimal
2021-02-11 08:30:00,17,103,0.0,0.0,0.0,1.3421333333333334,20.79,6.0,1,20.209720971604646,,0.0,0.0,0.0,0.0,47.673255171822575,optimal
2021-02-11 09:00:00,17,103,0.0,0.0,0.0,0.3205,29.106,6.0,1,20.12239018430201,,0.0,0.0,0.0,0.0,47.56455798633594,optimal
2021-02-11 09:30:00,17,103,2.0,0.0,0.0,0.2164,19.1835,6.0,1,20.028986506596127,,7000.0,0.0,0.0,0.0,47.4559694980348,optimal
2021-02-11 10:00:00,17,103,0.0217525929234678,0.0,0.0,0.1115999999999999,19.6665,6.0,1,20.08537226801328,,76.13407523213748,0.0,0.0,0.0,47.34748959822196,optimal
2021-02-11 10:30:00,17,103,1.1854062743688412,0.0,0.0,0.2053333333333332,19.404,6.0,1,20.0,,4148.921960290944,0.0,0.0,0.0,47.23911817830892,optimal
2021-02-11 11:00:00,17,103,2.0,0.0,0.0,0.1673333333333333,19.047,6.0,1,20.0,,7000.0,0.0,0.0,0.0,47.1308551298158,optimal
2021-02-11 11:30:00,17,103,2.0,0.0,0.0,0.0786666666666666,18.858,6.0,1,20.056494432088176,,7000.0,0.0,0.0,0.0,47.02270034437117,optimal
2021-02-11 12:00:00,17,103,1.250978339236512,0.0,0.0,0.1926666666666666,19.2675,6.0,1,20.11426860946608,,4378.424187327792,0.0,0.0,0.0,46.91465371371199,optimal
2021-02-11 12:30:00,17,103,2.0,0.0,0.0,0.1673333333333333,18.963,6.0,1,20.12239770376952,,7000.0,0.0,0.0,0.0,46.80671512968347,optimal
2021-02-11 13:00:00,17,103,2.0,0.0,0.0,0.2053333333333332,18.438,6.0,1,20.18809072573336,,7000.0,0.0,0.0,0.0,46.698884484238974,optimal
2021-02-11 13:30:00,17,103,2.0,0.0,0.0,0.1673333333333333,18.7425,6.0,1,20.257234477810925,,7000.0,0.0,0.0,0.0,46.59116166943993,optimal
2021-02-11 14:00:00,17,103,2.0,0.0,0.0,0.066,15.2145,6.0,1,20.325718299400982,,7000.0,0.0,0.0,0.0,46.48354657745568,optimal
2021-02-11 14:30:00,17,103,2.0,0.0,0.0,0.2712,17.7765,6.0,1,20.39221199207277,,7000.0,0.0,0.0,0.0,46.37603910056341,optimal
2021-02-11 15:00:00,17,103,2.0,0.0,0.0,0.1014666666666666,16.758,6.0,1,20.461135728654902,,7000.0,0.0,0.0,0.0,46.26863913114804,optimal
2021-02-11 15:30:00,17,103,2.0,0.0,0.0,0.0723333333333333,16.422,6.0,1,20.524585983787173,,7000.0,0.0,0.0,0.0,46.16134656170208,optimal
2021-02-11 16:00:00,17,103,2.0,0.0,0.0,0.3003333333333333,16.758,6.0,1,20.58191793146993,,7000.0,0.0,0.0,0.0,46.05416128482556,optimal
2021-02-11 16:30:00,17,103,0.0,0.0,0.0,0.066,29.358,6.0,1,20.63857208819733,,0.0,0.0,0.0,0.0,45.94708319322592,optimal
2021-02-11 17:00:00,17,103,0.0,0.0,0.0,0.4455666666666666,34.9965,6.0,1,20.53860054156971,,0.0,0.0,0.0,0.0,45.840112179717885,optimal
2021-02-11 17:30:00,17,103,0.0,0.0,0.0,0.2295333333333333,34.65,6.0,1,20.44540585661073,,0.0,0.0,0.0,0.0,45.73324813722336,optimal
2021-02-11 18:00:00,17,103,0.0,0.0,0.0,0.2153333333333333,34.9965,6.0,1,20.35141019729117,,0.0,0.0,0.0,0.0,45.62649095877132,optimal
2021-02-11 18:30:00,17,103,0.0,0.0,0.0,0.6536666666666666,34.9965,6.0,1,20.2619728413108,,0.0,0.0,0.0,0.0,45.519840537497736,optimal
2021-02-11 19:00:00,17,103,0.0,0.0,0.0,0.2503333333333333,30.4815,6.0,1,20.18230892005031,,0.0,0.0,0.0,0.0,45.41329676664543,optimal
2021-02-11 19:30:00,17,103,0.0,0.0,0.0,0.2928,21.4305,6.0,1,20.087494617546547,,0.0,0.0,0.0,0.0,45.30685953956397,optimal
2021-02-11 20:00:00,17,103,1.3049111748406692,0.0,0.0,0.2702666666666666,14.3325,6.0,1,20.0,,4567.189111942343,0.0,0.0,0.0,45.2005287497096,optimal
2021-02-11 20:30:00,17,103,0.1791428571428571,0.0,0.0,0.2943333333333333,13.692,6.0,1,20.0,,0.0,0.0,627.0,0.0,45.09430429064508,optimal
2021-02-11 21:00:00,17,103,0.0,0.0,0.0,0.4838333333333333,14.007,6.0,1,19.90452017228799,,0.0,0.0,0.0,0.0,44.98818605603962,optimal
2021-02-11 21:30:00,17,103,0.0,0.0,0.0,0.1836666666666666,12.873,6.0,1,19.81018188448275,,0.0,0.0,0.0,0.0,44.882173939668775,optimal
2021-02-11 22:00:00,17,103,0.0398095238095238,0.0,0.0,0.4046666666666667,12.684,6.0,1,19.71451029866302,,0.0,0.0,139.33333333333331,0.0,44.776267835414295,optimal
2021-02-11 22:30:00,17,103,0.0199047619047619,0.0,0.0,0.4279333333333333,12.306,6.0,1,19.63266284543993,,0.0,0.0,69.66666666666666,0.0,44.67046763726407,optimal
2021-02-11 23:00:00,17,103,1.8312380952380949,0.0,0.0,0.3021333333333333,10.6365,6.0,1,19.54489174258421,,0.0,0.0,6409.333333333332,0.0,44.6257971696268,optimal
2021-02-11 23:30:00,17,103,0.0,0.0,0.0,0.3323333333333333,11.2455,6.0,1,19.449621226100703,,0.0,0.0,0.0,0.0,44.58117137245717,optimal
2021-02-12 00:00:00,17,103,2.0,0.0,0.0,0.0978666666666666,10.8045,6.0,-1,19.449621226100703,,7000.0,0.0,0.0,0.0,44.53659020108472,optimal
2021-02-12 00:30:00,17,103,2.0,0.0,0.0,0.0642,11.025,6.0,-1,19.48498135225732,,1712.5523018267158,0.0,5287.447698173284,0.0,44.49205361088363,optimal
2021-02-12 01:00:00,17,103,2.0,0.0,0.0,0.2832,10.3635,6.0,-1,19.4076712403725,,7000.0,0.0,0.0,0.0,44.44756155727275,optimal
2021-02-12 01:30:00,17,103,2.0,0.0,0.0,0.0762,10.8045,6.0,-1,19.446624829570386,,7000.0,0.0,0.0,0.0,44.40311399571548,optimal
2021-02-12 02:00:00,17,103,2.0,0.0,0.0,0.0888,10.059,6.0,-1,19.48149793255365,,7000.0,0.0,0.0,0.0,44.358710881719766,optimal
2021-02-12 02:30:00,17,103,2.0,0.0,0.0,0.264,10.584,6.0,-1,19.51693173074888,,7000.0,0.0,0.0,0.0,44.31435217083805,optimal
2021-02-12 03:00:00,17,103,2.0,0.0,5.0,0.0708,9.4185,6.0,-1,19.55725381332969,,7000.0,0.0,0.0,0.0,46.64503781866721,optimal
2021-02-12 03:30:00,17,103,2.0,0.0,0.0,0.1518,10.3635,6.0,-1,19.594687033463423,,7000.0,0.0,0.0,0.0,46.59839278084854,optimal
2021-02-12 04:00:00,17,103,2.0,0.0,3.555636411154509,0.135,9.8385,6.0,-1,19.63683119194426,,7000.0,0.0,0.0,0.0,48.24072168336608,optimal
2021-02-12 04:30:00,17,103,2.0,0.0,0.0,0.1421333333333333,11.067,6.0,-1,19.68160618685548,,7000.0,0.0,0.0,0.0,48.19248096168271,optimal
2021-02-12 05:00:00,17,103,2.0,0.0,0.0,0.1996,10.8465,6.0,-1,19.729391620511947,,7000.0,0.0,0.0,0.0,48.144288480721016,optimal
2021-02-12 05:30:00,17,103,2.0,0.0,0.0,0.061,13.671,6.0,-1,19.78124740630627,,7000.0,0.0,0.0,0.0,48.096144192240295,optimal
2021-02-12 06:00:00,17,103,2.0,0.0,0.0,0.1306,12.348,6.0,-1,19.83357969856726,,7000.0,0.0,0.0,0.0,48.048048048048045,optimal
2021-02-12 06:30:00,17,103,2.0,0.0,0.0,0.4511666666666666,14.3325,6.0,-1,19.89190575246385,,7000.0,0.0,0.0,0.0,48.0,optimal
2021-02-12 07:00:00,17,103,2.0,0.0,0.0,0.09,15.393,6.0,-1,19.957568884646783,,7000.0,0.0,0.0,0.0,47.20153992253948,optimal
2021-02-12 07:30:00,17,103,2.0,0.0,0.0,1.2351666666666667,13.587,6.0,-1,20.0207529829299,,7000.0,0.0,0.0,0.0,46.403878305156425,optimal
2021-02-12 08:00:00,17,103,0.0,0.0,0.0,1.2882333333333331,16.1385,6.0,-1,20.084285869390875,,0.0,0.0,0.0,0.0,45.60701434939075,optimal
2021-02-12 08:30:00,17,103,1.422654911582237,0.0,0.0,1.0147,14.595,6.0,-1,20.0,,3857.40655537778,0.0,1121.8856351600489,0.0,44.81094725758084,optimal
2021-02-12 09:00:00,17,103,1.1397331972918363,0.0,0.0,1.439266666666667,14.637,6.0,-1,20.0,,3989.0661905214274,0.0,0.0,0.0,44.015676232862745,optimal
2021-02-12 09:30:00,17,103,1.1246750730228323,0.0,0.0,0.5637000000000001,13.9125,6.0,-1,20.0,,3588.0294222465795,0.0,348.3333333333333,0.0,43.22120047916937,optimal
2021-02-12 10:00:00,17,103,1.1492974447632844,0.0,0.0,0.3262666666666666,13.3665,6.0,-1,20.0,,4022.541056671495,0.0,0.0,0.0,42.427519201229686,optimal
2021-02-12 10:30:00,17,103,2.0,0.0,0.0,0.2186666666666666,13.0095,6.0,-1,20.00283952820267,,7000.0,0.0,0.0,0.0,41.634631604567936,optimal
2021-02-12 11:00:00,17,103,0.0,0.0,0.0,0.1754,13.8915,6.0,-1,20.0726001214659,,0.0,0.0,0.0,0.0,40.84253689550285,optimal
2021-02-12 11:30:00,17,103,0.8453546326930137,0.0,0.0,1.8616,13.188,6.0,-1,20.0,,2749.741214425548,0.0,209.0,0.0,40.05123428114683,optimal
2021-02-12 12:00:00,17,103,2.0,0.0,0.0,0.5909,12.5685,6.0,-1,20.0,,5606.666666666667,0.0,1393.3333333333333,0.0,39.26072296940517,optimal
2021-02-12 12:30:00,17,103,2.0,0.0,0.0,0.132,12.285,6.0,-1,20.06375778203524,,7000.0,0.0,0.0,0.0,38.47100216897525,optimal
2021-02-12 13:00:00,17,103,2.0,0.0,0.0,0.3985,11.487,6.0,-1,20.1448218408609,,7000.0,0.0,0.0,0.0,37.68207108934576,optimal
2021-02-12 13:30:00,17,103,2.0,0.0,0.0,0.371,11.802,6.0,-1,20.22897649013388,,7000.0,0.0,0.0,0.0,36.8939289407959,optimal
2021-02-12 14:00:00,17,103,2.0,0.0,0.0,0.089,11.2245,6.0,-1,20.306626252009533,,7000.0,0.0,0.0,0.0,36.10657493439459,optimal
2021-02-12 14:30:00,17,103,2.0,0.0,0.0,0.3821333333333333,11.025,6.0,-1,20.3802580611796,,7000.0,0.0,0.0,0.0,35.32000828199968,optimal
2021-02-12 15:00:00,17,103,2.0,0.0,0.0,0.3716,11.907,6.0,-1,20.4571747101382,,7000.0,0.0,0.0,0.0,34.53422819625716,optimal
2021-02-12 15:30:00,17,103,0.0,0.0,0.0,0.1853333333333333,25.83,6.0,-1,20.531393505173508,,0.0,0.0,0.0,0.0,33.74923389060039,optimal
2021-02-12 16:00:00,17,103,0.0,0.0,0.0,0.1976,28.035,6.0,-1,20.454545678751447,,0.0,0.0,0.0,0.0,32.96502457924927,optimal
2021-02-12 16:30:00,17,103,0.0,0.0,0.0,0.2959,28.119,6.0,-1,20.37465609289157,,0.0,0.0,0.0,0.0,32.1815994772095,optimal
2021-02-12 17:00:00,17,103,0.0,0.0,0.0,0.3222,30.156,6.0,-1,20.29731071953593,,0.0,0.0,0.0,0.0,31.39895780027177,optimal
2021-02-12 17:30:00,17,103,0.0,0.0,0.0,0.6146,29.1585,6.0,-1,20.225515239622545,,0.0,0.0,0.0,0.0,30.61709876501098,optimal
2021-02-12 18:00:00,17,103,0.0,0.0,0.0,1.5836,26.712,6.0,-1,20.16017847735155,,0.0,0.0,0.0,0.0,29.83602158878545,optimal
2021-02-12 18:30:00,17,103,0.0,0.0,0.0,1.4036,15.435,6.0,-1,20.10595624982505,,0.0,0.0,0.0,0.0,29.055725489736144,optimal
2021-02-12 19:00:00,17,103,0.3639374191092908,0.0,0.0,0.4004,13.566,6.0,-1,20.04895894607293,,1273.7809668825178,0.0,0.0,0.0,28.276209686785887,optimal
2021-02-12 19:30:00,17,103,0.9676123904079468,0.0,0.0,0.5856666666666667,12.789,6.0,-1,20.0,,3386.643366427814,0.0,0.0,0.0,27.49747339963858,optimal
2021-02-12 20:00:00,17,103,1.4318175865327467,0.0,0.0,0.5835,12.1275,6.0,-1,20.0,,3200.02821953128,0.0,1811.333333333333,0.0,26.71951584877842,optimal
2021-02-12 20:30:00,17,103,0.0,0.0,0.0,1.4110333333333334,13.671,6.0,-1,20.0,,0.0,0.0,0.0,0.0,25.94233625546912,optimal
2021-02-12 21:00:00,17,103,1.074857142857143,0.0,0.0,0.4664333333333332,10.668,6.0,-1,19.93150536562933,,0.0,0.0,3762.0,0.0,25.91639391921365,optimal
2021-02-12 21:30:00,17,103,0.0,0.0,0.0,0.5098,11.7285,6.0,-1,19.86359700662292,,0.0,0.0,0.0,0.0,25.89047752529444,optimal
2021-02-12 22:00:00,17,103,0.0,0.0,0.0,0.5024,11.025,6.0,-1,19.79646985021225,,0.0,0.0,0.0,0.0,25.864587047769145,optimal
2021-02-12 22:30:00,17,103,0.0,0.0,0.0,0.061,10.689,6.0,-1,19.72737818587163,,0.0,0.0,0.0,0.0,25.83872246072137,optimal
2021-02-12 23:00:00,17,103,0.0,0.0,0.0,0.2686,8.1585,6.0,-1,19.642582713194106,,0.0,0.0,0.0,0.0,25.81288373826065,optimal
2021-02-12 23:30:00,17,103,0.0,0.0,0.0,0.124,10.3635,6.0,-1,19.562541995340293,,0.0,0.0,0.0,0.0,25.78707085452239,optimal
2021-02-13 00:00:00,17,103,2.0,0.0,5.0,0.162,8.1585,6.0,-3,19.562541995340293,,7000.0,0.0,0.0,0.0,28.136283783667867,optimal
2021-02-13 00:30:00,17,103,2.0,0.0,5.0,0.4405,9.4815,6.0,-3,19.638691444004284,,0.0,0.0,7000.0,0.0,30.4831474998842,optimal
2021-02-13 01:00:00,17,103,2.0,0.0,5.0,0.0692666666666666,8.379,6.0,-3,19.57540294354866,,0.0,0.0,7000.0,0.0,32.82766435238432,optimal
2021-02-13 01:30:00,17,103,2.0,0.0,5.0,0.1736666666666666,9.5235,6.0,-3,19.503844763585967,,4071.0,0.0,2929.0,0.0,35.169836688031936,optimal
2021-02-13 02:00:00,17,103,2.0,0.0,5.0,0.0597333333333333,8.1375,6.0,-3,19.520284956969235,,7000.0,0.0,0.0,0.0,37.5096668513439,optimal
2021-02-13 02:30:00,17,103,2.0,0.0,0.0,0.3139333333333333,10.0905,6.0,-3,19.592448372126064,,7000.0,0.0,0.0,0.0,37.47215718449256,optimal
2021-02-13 03:00:00,17,103,2.0,0.0,5.0,0.198,7.539,6.0,-3,19.66834053767128,,7000.0,0.0,0.0,0.0,39.80968502730806,optimal
2021-02-13 03:30:00,17,103,2.0,0.0,5.0,0.172,7.938,6.0,-3,19.742159745045047,,7000.0,0.0,0.0,0.0,42.14487534228076,optimal
2021-02-13 04:00:00,17,103,2.0,0.0,5.0,0.1462,8.274,6.0,-3,19.81345251922145,,7000.0,0.0,0.0,0.0,44.47773046693848,optimal
2021-02-13 04:30:00,17,103,2.0,0.0,5.0,0.0990666666666666,9.261,6.0,-3,19.8834273883506,,7000.0,0.0,0.0,0.0,46.80825273647154,optimal
2021-02-13 05:00:00,17,103,2.0,0.0,0.0,0.1896666666666666,9.9225,6.0,-3,19.958542089927302,,7000.0,0.0,0.0,0.0,46.76144448373507,optimal
2021-02-13 05:30:00,17,103,2.0,0.0,2.908339269450446,0.2311666666666666,9.702,6.0,-3,20.03586764820414,,7000.0,0.0,0.0,0.0,48.096144192240295,optimal
2021-02-13 06:00:00,17,103,2.0,0.0,0.0,0.9903,10.584,6.0,-3,20.11383981144894,,7000.0,0.0,0.0,0.0,48.048048048048045,optimal
2021-02-13 06:30:00,17,103,2.0,0.0,0.0,1.3218666666666663,10.143,6.0,-3,20.18775431830793,,7000.0,0.0,0.0,0.0,48.0,optimal
2021-02-13 07:00:00,17,103,0.0,0.0,0.0,0.0885333333333333,13.0095,6.0,-3,20.26635011043616,,0.0,0.0,0.0,0.0,47.65741219456317,optimal
2021-02-13 07:30:00,17,103,2.0,0.0,0.0,0.0988,11.025,6.0,-3,20.189725085789554,,7000.0,0.0,0.0,0.0,47.315166976931785,optimal
2021-02-13 08:00:00,17,103,0.2872626235306613,0.0,0.0,0.1398666666666666,12.789,6.0,-3,20.26697302907435,,1005.4191823573146,0.0,0.0,0.0,46.97326400451803,optimal
2021-02-13 08:30:00,17,103,2.0,0.0,0.0,0.2672333333333332,12.1275,6.0,-3,20.216498226133645,,7000.0,0.0,0.0,0.0,46.63170293507668,optimal
2021-02-13 09:00:00,17,103,2.0,0.0,0.0,0.3811666666666667,12.1695,6.0,-3,20.28865611031304,,7000.0,0.0,0.0,0.0,46.29048342670478,optimal
2021-02-13 09:30:00,17,103,2.0,0.0,0.0,0.2767666666666666,12.306,6.0,-3,20.3613997156327,,7000.0,0.0,0.0,0.0,45.94960513784125,optimal
2021-02-13 10:00:00,17,103,0.0,0.0,0.0,0.3787,13.23,6.0,-3,20.435077989517847,,0.0,0.0,0.0,0.0,45.60906772726658,optimal
2021-02-13 10:30:00,17,103,0.0,0.0,0.0,0.6137666666666667,13.671,6.0,-3,20.36426374033405,,0.0,0.0,0.0,0.0,45.26887085410249,optimal
2021-02-13 11:00:00,17,103,0.0,0.0,0.0,0.2404666666666666,13.9335,6.0,-3,20.29959194345604,,0.0,0.0,0.0,0.0,44.92901417781156,optimal
2021-02-13 11:30:00,17,103,0.0,0.0,0.0,0.1254666666666666,13.293,6.0,-3,20.22195885524465,,0.0,0.0,0.0,0.0,44.58949735819692,optimal
2021-02-13 12:00:00,17,103,2.0,0.0,0.0,0.1152,12.1065,6.0,-3,20.130348440869145,,7000.0,0.0,0.0,0.0,44.2503200554019,optimal
2021-02-13 12:30:00,17,103,2.0,0.0,0.0,0.069,11.571,6.0,-3,20.186517206097747,,7000.0,0.0,0.0,0.0,43.91148192990967,optimal
2021-02-13 13:00:00,17,103,2.0,0.0,0.0,0.069,11.025,6.0,-3,20.24191229089448,,7000.0,0.0,0.0,0.0,43.57298264254293,optimal
2021-02-13 13:30:00,17,103,2.0,0.0,0.0,0.1716666666666666,10.8465,6.0,-3,20.29750973446422,,7000.0,0.0,0.0,0.0,43.23482185446356,optimal
2021-02-13 14:00:00,17,103,2.0,0.0,0.0,0.069,11.2455,6.0,-3,20.3554697935498,,7000.0,0.0,0.0,0.0,42.89699922717227,optimal
2021-02-13 14:30:00,17,103,0.0,0.0,0.0,0.3223333333333333,23.8665,6.0,-3,20.41145939760389,,0.0,0.0,0.0,0.0,42.55951442250827,optimal
2021-02-13 15:00:00,17,103,0.0,0.0,0.0,0.7343666666666667,27.4575,6.0,-3,20.33354844327493,,0.0,0.0,0.0,0.0,42.22236710264894,optimal
2021-02-13 15:30:00,17,103,0.0,0.0,0.0,0.5747666666666666,27.3735,6.0,-3,20.27743790411608,,0.0,0.0,0.0,0.0,41.885556930109466,optimal
2021-02-13 16:00:00,17,103,0.0,0.0,0.0,0.3231333333333333,30.4605,6.0,-3,20.224696577190887,,0.0,0.0,0.0,0.0,41.54908356774253,optimal
2021-02-13 16:30:00,17,103,0.0,0.0,0.0,0.3703333333333333,30.0195,6.0,-3,20.1634561122216,,0.0,0.0,0.0,0.0,41.21294667873796,optimal
2021-02-13 17:00:00,17,103,0.0,0.0,0.0,0.3488,26.9325,6.0,-3,20.10340706351537,,0.0,0.0,0.0,0.0,40.87714592662239,optimal
2021-02-13 17:30:00,17,103,0.0,0.0,0.0,1.437266666666667,14.595,6.0,-3,20.04616490596316,,0.0,0.0,0.0,0.0,40.54168097525894,optimal
2021-02-13 18:00:00,17,103,0.6287639029202967,0.0,0.0,1.703633333333333,12.4845,6.0,-3,20.0,,2200.6736602210385,0.0,0.0,0.0,40.206551488846856,optimal
2021-02-13 18:30:00,17,103,1.1035465650268683,0.0,0.0,0.4105666666666666,12.1275,6.0,-3,20.0,,3862.41297759404,0.0,0.0,0.0,39.87175713192119,optimal
2021-02-13 19:00:00,17,103,2.0,0.0,0.0,0.069,12.1275,6.0,-3,20.023115387366044,,7000.0,0.0,0.0,0.0,39.53729756935244,optimal
2021-02-13 19:30:00,17,103,0.0,0.0,0.0,0.4687,12.789,6.0,-3,20.07925176804162,,0.0,0.0,0.0,0.0,39.20317246634626,optimal
2021-02-13 20:00:00,17,103,1.1522175865327315,0.0,0.0,0.5384,11.907,6.0,-3,20.0,,3405.7615528645606,0.0,627.0,0.0,38.86938148844309,optimal
2021-02-13 20:30:00,17,103,0.0,0.0,0.0,0.3217,11.025,6.0,-3,20.0,,0.0,0.0,0.0,0.0,38.83051210695464,optimal
2021-02-13 21:00:00,17,103,0.2587619047619047,0.0,0.0,0.207,8.2005,6.0,-3,19.934054793422785,,0.0,0.0,905.6666666666666,0.0,38.79168159484769,optimal
2021-02-13 21:30:00,17,103,0.0,0.0,0.0,0.3160666666666666,9.5655,6.0,-3,19.87247639979908,,0.0,0.0,0.0,0.0,38.75288991325285,optimal
2021-02-13 22:00:00,17,103,0.6568571428571429,0.0,0.0,0.3056999999999999,7.056,6.0,-3,19.812619129333616,,0.0,0.0,2299.0,0.0,38.71413702333959,optimal
2021-02-13 22:30:00,17,103,0.0,0.0,0.0,1.3913666666666666,9.3975,6.0,-3,19.75470181656064,,0.0,0.0,0.0,0.0,38.67542288631625,optimal
2021-02-13 23:00:00,17,103,0.0,0.0,0.0,0.3522333333333333,10.059,6.0,-3,19.70422696993585,,0.0,0.0,0.0,0.0,38.636747463429934,optimal
2021-02-13 23:30:00,17,103,0.0,0.0,0.0,0.0663333333333333,9.261,6.0,-3,19.639929524370544,,0.0,0.0,0.0,0.0,38.598110715966506,optimal
2021-02-07 00:00:00,18,103,0.0398095238095238,0.0,0.0,0.06,13.146,6.0,5,21.0,,0.0,0.0,139.33333333333334,0.0,47.952,optimal
2021-02-07 00:30:00,18,103,0.0,0.0,0.0,0.0871,10.584,6.0,5,20.9287195377106,,0.0,0.0,0.0,0.0,47.904048,optimal
2021-02-07 01:00:00,18,103,0.35863753201187,0.0,0.0,0.2424666666666666,6.678,6.0,5,20.86278610010044,,1255.2313620415453,0.0,0.0,0.0,47.856143952,optimal
2021-02-07 01:30:00,18,103,0.0,0.0,0.0,0.3578333333333333,7.938,6.0,5,20.827349570617407,,0.0,0.0,0.0,0.0,47.80828780804799,optimal
2021-02-07 02:00:00,18,103,2.0,0.0,0.0,0.2019,5.292,6.0,5,20.769847933263293,,7000.0,0.0,0.0,0.0,47.76047952023995,optimal
2021-02-07 02:30:00,18,103,0.0,0.0,0.0,0.1900666666666666,9.261,6.0,5,20.851253377178388,,0.0,0.0,0.0,0.0,47.712719040719705,optimal
2021-02-07 03:00:00,18,103,0.0,0.0,0.0,0.0996666666666666,10.3635,6.0,5,20.77746828990781,,0.0,0.0,0.0,0.0,47.66500632167899,optimal
2021-02-07 03:30:00,18,103,0.0,0.0,0.0,0.1072,8.274,6.0,5,20.70166131702756,,0.0,0.0,0.0,0.0,47.61734131535731,optimal
2021-02-07 04:00:00,18,103,0.0,0.0,0.0,0.2407333333333333,7.7175,6.0,5,20.626130001936144,,0.0,0.0,0.0,0.0,47.56972397404195,optimal
2021-02-07 04:30:00,18,103,2.0,0.0,0.0,0.062,6.615,6.0,5,20.5535254454456,,7000.0,0.0,0.0,0.0,47.52215425006791,optimal
2021-02-07 05:00:00,18,103,2.0,0.0,0.0,0.0717,6.174,6.0,5,20.624840717907887,,7000.0,0.0,0.0,0.0,47.47463209581784,optimal
2021-02-07 05:30:00,18,103,2.0,0.0,0.0,0.2009,3.906,6.0,5,20.69603664455592,,7000.0,0.0,0.0,0.0,47.42715746372202,optimal
2021-02-07 06:00:00,18,103,2.0,0.0,0.0,0.1373333333333333,2.3415,6.0,5,20.769629290557013,,7000.0,0.0,0.0,0.0,47.379730306258296,optimal
2021-02-07 06:30:00,18,103,2.0,0.0,0.0,0.1137333333333333,2.205,6.0,5,20.84154996581032,,7000.0,0.0,0.0,0.0,47.332350575952034,optimal
2021-02-07 07:00:00,18,103,2.0,0.0,1.5052247886819266,0.6943333333333334,0.882,6.0,5,20.91242073600885,,7000.0,0.0,0.0,0.0,48.0,optimal
2021-02-07 07:30:00,18,103,2.0,0.0,0.0,0.5558333333333334,1.5435,6.0,5,20.9975794812872,,7000.0,0.0,0.0,0.0,47.764780530113725,optimal
2021-02-07 08:00:00,18,103,2.0,0.0,0.0,0.4374333333333333,1.5435,6.0,5,21.082230625097857,,7000.0,0.0,0.0,0.0,47.52979627969734,optimal
2021-02-07 08:30:00,18,103,2.0,0.0,0.0,0.5103333333333333,5.0715,6.0,5,21.16385603477265,,7000.0,0.0,0.0,0.0,47.29504701353137,optimal
2021-02-07 09:00:00,18,103,2.0,0.0,0.0,0.4546666666666666,5.376,6.0,5,21.246359233622407,,7000.0,0.0,0.0,0.0,47.06053249663156,optimal
2021-02-07 09:30:00,18,103,2.0,0.0,0.0,0.6777000000000001,5.0715,6.0,5,21.3287342406375,,7000.0,0.0,0.0,0.0,46.826252494248656,optimal
2021-02-07 10:00:00,18,103,2.0,0.0,0.0,1.628,5.5125,6.0,5,21.408142740557047,,7000.0,0.0,0.0,0.0,46.592206771868135,optimal
2021-02-07 10:30:00,18,103,0.0,0.0,0.0,0.306,9.261,6.0,5,21.483943384264467,,0.0,0.0,0.0,0.0,46.35839509520999,optimal
2021-02-07 11:00:00,18,103,0.0,0.0,0.0,0.4877333333333333,11.7075,6.0,5,21.40362674387368,,0.0,0.0,0.0,0.0,46.12481723022851,optimal
2021-02-07 11:30:00,18,103,0.0,0.0,0.0,0.5377666666666666,12.348,6.0,5,21.32598598896825,,0.0,0.0,0.0,0.0,45.89147294311201,optimal
2021-02-07 12:00:00,18,103,0.0,0.0,0.0,0.1879,12.348,6.0,5,21.251534920176898,,0.0,0.0,0.0,0.0,45.65836200028262,optimal
2021-02-07 12:30:00,18,103,0.0,0.0,0.0,0.1301999999999999,12.1275,6.0,5,21.16302369540881,,0.0,0.0,0.0,0.0,45.42548416839607,optimal
2021-02-07 13:00:00,18,103,0.0,0.0,0.0,0.2377333333333333,12.5265,6.0,5,21.075651203273285,,0.0,0.0,0.0,0.0,45.1928392143414,optimal
2021-02-07 13:30:00,18,103,0.0,0.0,0.0,0.1301999999999999,11.7495,6.0,5,20.99093871226565,,0.0,0.0,0.0,0.0,44.96042690524078,optimal
2021-02-07 14:00:00,18,103,0.0,0.0,0.0,0.1096666666666666,13.23,6.0,5,20.90457374857924,,0.0,0.0,0.0,0.0,44.72824700844927,optimal
2021-02-07 14:30:00,18,103,0.0,0.0,0.0,0.2000666666666666,14.3325,6.0,5,20.81839519471175,,0.0,0.0,0.0,0.0,44.49629929155454,optimal
2021-02-07 15:00:00,18,103,0.0,0.0,0.0,0.1301999999999999,14.994,6.0,5,20.7347373966134,,0.0,0.0,0.0,0.0,44.26458352237672,optimal
2021-02-07 15:30:00,18,103,0.0,0.0,0.0,0.2226666666666666,14.8155,6.0,5,20.65021524037638,,0.0,0.0,0.0,0.0,44.03309946896807,optimal
2021-02-07 16:00:00,18,103,0.0,0.0,0.0,0.1533,14.112,6.0,5,20.567342492973847,,0.0,0.0,0.0,0.0,43.801846899612826,optimal
2021-02-07 16:30:00,18,103,0.0,0.0,0.0,0.1961,14.007,6.0,5,20.48390488564651,,0.0,0.0,0.0,0.0,43.57082558282694,optimal
2021-02-07 17:00:00,18,103,0.0,0.0,0.0,0.4391,13.23,6.0,5,20.40627209314623,,0.0,0.0,0.0,0.0,43.34003528735784,optimal
2021-02-07 17:30:00,18,103,0.0,0.0,0.0,0.329,11.382,6.0,5,20.337466579936027,,0.0,0.0,0.0,0.0,43.10947578218421,optimal
2021-02-07 18:00:00,18,103,0.0,0.0,0.0,0.4078333333333333,11.7495,6.0,5,20.268614338052835,,0.0,0.0,0.0,0.0,42.87914683651576,optimal
2021-02-07 18:30:00,18,103,0.0,0.0,0.0,0.3285666666666667,24.3285,6.0,5,20.205856684769905,,0.0,0.0,0.0,0.0,42.64904821979297,optimal
2021-02-07 19:00:00,18,103,0.0,0.0,0.0,0.519,28.917,6.0,5,20.14395510220109,,0.0,0.0,0.0,0.0,42.4191797016869,optimal
2021-02-07 19:30:00,18,103,0.0,0.0,0.0,1.1171333333333335,31.3635,6.0,5,20.089345026374005,,0.0,0.0,0.0,0.0,42.18954105209894,optimal
2021-02-07 20:00:00,18,103,0.0,0.0,0.0,0.7497,33.306,6.0,5,20.049612732566217,,0.0,0.0,0.0,0.0,41.96013204116057,optimal
2021-02-07 20:30:00,18,103,0.0,0.0,0.0,1.1334333333333333,31.3425,6.0,5,20.0,,0.0,0.0,0.0,0.0,41.730952439233135,optimal
2021-02-07 21:00:00,18,103,0.0,0.0,0.0,0.4356666666666667,28.2555,6.0,5,19.95490343830448,,0.0,0.0,0.0,0.0,41.50200201690763,optimal
2021-02-07 21:30:00,18,103,0.0,0.0,0.0,0.6733,15.6975,6.0,5,19.897395573172684,,0.0,0.0,0.0,0.0,41.46050001489073,optimal
2021-02-07 22:00:00,18,103,0.0,0.0,0.0,0.4571333333333333,12.5475,6.0,5,19.846474250530267,,0.0,0.0,0.0,0.0,41.41903951487584,optimal
2021-02-07 22:30:00,18,103,0.0,0.0,0.0,0.7624666666666667,12.0855,6.0,5,19.78783600946789,,0.0,0.0,0.0,0.0,41.37762047536096,optimal
2021-02-07 23:00:00,18,103,0.0,0.0,0.0,0.4652666666666666,11.907,6.0,5,19.73481410349012,,0.0,0.0,0.0,0.0,41.3362428548856,optimal
2021-02-07 23:30:00,18,103,0.0,0.0,0.0,0.2885333333333333,12.5685,6.0,5,19.67649367710632,,0.0,0.0,0.0,0.0,41.29490661203072,optimal
2021-02-08 00:00:00,18,103,0.0,0.0,0.0,0.055,12.1275,6.0,5,19.67649367710632,,0.0,0.0,0.0,0.0,41.253611705418685,optimal
2021-02-08 00:30:00,18,103,2.0,0.0,0.0,0.1403333333333333,11.2665,6.0,5,19.600204542466457,,6651.666666666667,0.0,348.3333333333333,0.0,41.21235809371326,optimal
2021-02-08 01:00:00,18,103,2.0,0.0,0.0,0.087,10.143,6.0,5,19.666078104843663,,7000.0,0.0,0.0,0.0,41.17114573561955,optimal
2021-02-08 01:30:00,18,103,2.0,0.0,0.0,0.103,11.2455,6.0,5,19.73786269006719,,7000.0,0.0,0.0,0.0,41.12997458988393,optimal
2021-02-08 02:00:00,18,103,2.0,0.0,0.0,0.1243333333333333,11.025,6.0,5,19.80943158378249,,7000.0,0.0,0.0,0.0,41.08884461529404,optimal
2021-02-08 02:30:00,18,103,2.0,0.0,0.2561891680678896,0.055,5.9745,6.0,5,19.88089803335517,,7000.0,0.0,0.0,0.0,41.169445625511,optimal
2021-02-08 03:00:00,18,103,2.0,0.0,0.0,0.1723333333333333,7.938,6.0,5,19.950807601513823,,7000.0,0.0,0.0,0.0,41.12827617988548,optimal
2021-02-08 03:30:00,18,103,2.0,0.0,0.0,0.055,8.6835,6.0,5,20.023096760793354,,7000.0,0.0,0.0,0.0,41.08714790370559,optimal
2021-02-08 04:00:00,18,103,2.0,0.0,0.0,0.1723333333333333,7.665,6.0,5,20.092361218430955,,7000.0,0.0,0.0,0.0,41.04606075580188,optimal
2021-02-08 04:30:00,18,103,2.0,0.0,0.0,0.055,6.7725,6.0,5,20.16355452557116,,7000.0,0.0,0.0,0.0,41.00501469504607,optimal
2021-02-08 05:00:00,18,103,2.0,0.0,5.0,0.0603333333333333,5.5755,6.0,5,20.23150126846296,,7000.0,0.0,0.0,0.0,43.33900968035103,optimal
2021-02-08 05:30:00,18,103,2.0,0.0,5.0,0.3705333333333334,5.0925,6.0,5,20.298798359096487,,7000.0,0.0,0.0,0.0,45.670670670670674,optimal
2021-02-08 06:00:00,18,103,2.0,0.0,5.0,0.057,4.1895,6.0,5,20.373622809506333,,7000.0,0.0,0.0,0.0,48.0,optimal
2021-02-08 06:30:00,18,103,2.0,0.0,0.0,1.151,7.056,6.0,5,20.450345973733377,,7000.0,0.0,0.0,0.0,47.59110425053932,optimal
2021-02-08 07:00:00,18,103,2.0,0.0,0.0,0.9003333333333333,5.271,6.0,5,20.527623940379925,,7000.0,0.0,0.0,0.0,47.1826173968281,optimal
2021-02-08 07:30:00,18,103,2.0,0.0,0.0,0.4839333333333332,7.938,6.0,5,20.600456123989165,,7000.0,0.0,0.0,0.0,46.77453902997059,optimal
2021-02-08 08:00:00,18,103,2.0,0.0,0.0,0.1238666666666666,7.938,6.0,5,20.67639089374905,,7000.0,0.0,0.0,0.0,46.36686874147994,optimal
2021-02-08 08:30:00,18,103,2.0,0.0,0.0,0.065,11.907,6.0,5,20.739688116237268,,7000.0,0.0,0.0,0.0,45.95960612327778,optimal
2021-02-08 09:00:00,18,103,2.0,0.0,0.0,0.1823333333333333,11.025,6.0,5,20.79704085021433,,7000.0,0.0,0.0,0.0,45.55275076769382,optimal
2021-02-08 09:30:00,18,103,2.0,0.0,0.0,0.065,11.2875,6.0,5,20.85614964031927,,7000.0,0.0,0.0,0.0,45.14630226746545,optimal
2021-02-08 10:00:00,18,103,0.0,0.0,0.0,0.065,12.936,6.0,5,20.913200860496573,,0.0,0.0,0.0,0.0,44.7402602157373,optimal
2021-02-08 10:30:00,18,103,0.0,0.0,0.0,0.1823333333333333,13.0095,6.0,5,20.82332090680316,,0.0,0.0,0.0,0.0,44.33462420606088,optimal
2021-02-08 11:00:00,18,103,0.0,0.0,0.0,0.065,13.671,6.0,5,20.735638122045994,,0.0,0.0,0.0,0.0,43.92939383239414,optimal
2021-02-08 11:30:00,18,103,0.0,0.0,0.0,0.113,13.188,6.0,5,20.64520271129337,,0.0,0.0,0.0,0.0,43.524568689101066,optimal
2021-02-08 12:00:00,18,103,0.0,0.0,0.0,0.1343333333333333,13.8495,6.0,5,20.556641665168204,,0.0,0.0,0.0,0.0,43.12014837095128,optimal
2021-02-08 12:30:00,18,103,0.0,0.0,0.0,0.3236666666666666,13.23,6.0,5,20.46938513667549,,0.0,0.0,0.0,0.0,42.71613247311965,optimal
2021-02-08 13:00:00,18,103,0.0,0.0,0.0,0.7773,13.3665,6.0,5,20.390535610890407,,0.0,0.0,0.0,0.0,42.31252059118585,optimal
2021-02-08 13:30:00,18,103,1.2713575207858738,0.0,0.0,0.065,13.0515,6.0,5,20.313887879889773,,4449.751322750559,0.0,0.0,0.0,41.90931232113398,optimal
2021-02-08 14:00:00,18,103,0.0,0.0,0.0,0.1343333333333333,13.5345,6.0,5,20.32221057456217,,0.0,0.0,0.0,0.0,41.50650725935217,optimal
2021-02-08 14:30:00,18,103,0.0,0.0,0.0,0.113,14.154,6.0,5,20.238739595078048,,0.0,0.0,0.0,0.0,41.10410500263214,optimal
2021-02-08 15:00:00,18,103,0.0,0.0,0.0,0.065,14.112,6.0,5,20.154517719164204,,0.0,0.0,0.0,0.0,40.702105148168826,optimal
2021-02-08 15:30:00,18,103,0.0,0.0,0.0,1.8061666666666667,14.2485,6.0,5,20.068987007863942,,0.0,0.0,0.0,0.0,40.30050729355997,optimal
2021-02-08 16:00:00,18,103,2.0,0.0,0.0,0.3448,12.789,6.0,5,20.0,,7000.0,0.0,0.0,0.0,39.89931103680573,optimal
2021-02-08 16:30:00,18,103,0.2100079139528599,0.0,0.0,0.3289666666666666,13.0095,6.0,5,20.08343640097475,,735.0276988350097,0.0,0.0,0.0,39.49851597630825,optimal
2021-02-08 17:00:00,18,103,2.0,0.0,0.0,0.4006,12.1275,6.0,5,20.031741504056665,,7000.0,0.0,0.0,0.0,39.09812171087126,optimal
2021-02-08 17:30:00,18,103,2.0,0.0,0.0,1.5407,12.348,6.0,5,20.11417179203524,,7000.0,0.0,0.0,0.0,38.69812783969971,optimal
2021-02-08 18:00:00,18,103,2.0,0.0,0.0,0.8610333333333333,12.348,6.0,5,20.19514536331884,,7000.0,0.0,0.0,0.0,38.298533962399326,optimal
2021-02-08 18:30:00,18,103,0.0,0.0,0.0,0.2147,25.389,6.0,5,20.27282972205899,,0.0,0.0,0.0,0.0,37.89933967897625,optimal
2021-02-08 19:00:00,18,103,0.0,0.0,0.0,0.1672,29.1375,6.0,5,20.2036004835886,,0.0,0.0,0.0,0.0,37.500544589836586,optimal
2021-02-08 19:30:00,18,103,0.0,0.0,0.0,1.0404,30.597,6.0,5,20.13412837350296,,0.0,0.0,0.0,0.0,37.10214829578607,optimal
2021-02-08 20:00:00,18,103,0.0,0.0,0.0,1.4065333333333334,33.684,6.0,5,20.071731551404525,,0.0,0.0,0.0,0.0,36.7041503980296,optimal
2021-02-08 20:30:00,18,103,0.0,0.0,0.0,0.2146333333333333,32.445,6.0,5,20.0,,0.0,0.0,0.0,0.0,36.306550498170886,optimal
2021-02-08 21:00:00,18,103,0.0,0.0,0.0,1.6665666666666663,28.917,6.0,5,19.92247483718915,,0.0,0.0,0.0,0.0,35.90934819821204,optimal
2021-02-08 21:30:00,18,103,0.0,0.0,0.0,0.7475666666666667,15.876,6.0,5,19.85423058161189,,0.0,0.0,0.0,0.0,35.512543100553145,optimal
2021-02-08 22:00:00,18,103,0.0,0.0,0.0,1.566,12.348,6.0,5,19.78920075742047,,0.0,0.0,0.0,0.0,35.11613480799191,optimal
2021-02-08 22:30:00,18,103,0.0,0.0,0.0,0.7559333333333332,12.1275,6.0,5,19.72374239313321,,0.0,0.0,0.0,0.0,35.08101867318392,optimal
2021-02-08 23:00:00,18,103,0.0,0.0,0.0,0.065,12.348,6.0,5,19.65761599090749,,0.0,0.0,0.0,0.0,35.04593765451074,optimal
2021-02-08 23:30:00,18,103,0.0,0.0,0.0,0.0643333333333333,12.1275,6.0,5,19.57778315210134,,0.0,0.0,0.0,0.0,35.01089171685623,optimal
2021-02-09 00:00:00,18,103,2.0,0.0,5.0,0.058,10.689,6.0,-9,19.57778315210134,,7000.0,0.0,0.0,0.0,37.35088082513937,optimal
2021-02-09 00:30:00,18,103,2.0,0.0,5.0,0.1870666666666666,11.361,6.0,-9,19.645276932212017,,451.333333333333,0.0,6548.666666666667,0.0,39.68852994431423,optimal
2021-02-09 01:00:00,18,103,2.0,0.0,5.0,0.1345,11.571,6.0,-9,19.577556150617987,,7000.0,0.0,0.0,0.0,42.02384141436992,optimal
2021-02-09 01:30:00,18,103,2.0,0.0,0.0,0.1597666666666666,14.3745,6.0,-9,19.647114985039885,,7000.0,0.0,0.0,0.0,41.98181757295555,optimal
2021-02-09 02:00:00,18,103,2.0,0.0,5.0,0.1108,13.23,6.0,-9,19.716436458451263,,7000.0,0.0,0.0,0.0,44.3148357553826,optimal
2021-02-09 02:30:00,18,103,2.0,0.0,3.959797309586248,0.0814666666666666,13.9755,6.0,-9,19.783959005744027,,7000.0,0.0,0.0,0.0,46.15142464168068,optimal
2021-02-09 03:00:00,18,103,0.7385419327919373,0.0,0.0,0.2145999999999999,14.994,6.0,-9,19.85078458016878,,2584.8967647717805,0.0,0.0,0.0,46.10527321703899,optimal
2021-02-09 03:30:00,18,103,2.0,0.0,5.0,0.109,13.671,6.0,-9,19.82739660963688,,7000.0,0.0,0.0,0.0,48.434167943821954,optimal
2021-02-09 04:00:00,18,103,0.0,0.0,0.0,0.1870666666666666,15.981,6.0,-9,19.89528521174628,,0.0,0.0,0.0,0.0,48.38573377587813,optimal
2021-02-09 04:30:00,18,103,0.0,0.0,0.0,0.058,15.6345,6.0,-9,19.8176099735859,,0.0,0.0,0.0,0.0,48.33734804210225,optimal
2021-02-09 05:00:00,18,103,0.0,0.0,0.0,0.2714666666666666,16.5375,6.0,-9,19.73711654909452,,0.0,0.0,0.0,0.0,48.28901069406015,optimal
2021-02-09 05:30:00,18,103,2.0,0.0,0.0,0.0756,14.7735,6.0,-9,19.66102818984458,,7000.0,0.0,0.0,0.0,48.24072168336608,optimal
2021-02-09 06:00:00,18,103,2.0,0.0,0.0,0.058,15.2145,6.0,-9,19.72851480080173,,7000.0,0.0,0.0,0.0,48.19248096168271,optimal
2021-02-09 06:30:00,18,103,2.0,0.0,0.0,0.2890666666666666,14.553,6.0,-9,19.79532475923422,,7000.0,0.0,0.0,0.0,48.144288480721016,optimal
2021-02-09 07:00:00,18,103,2.0,0.0,0.0,0.058,14.3325,6.0,-9,19.86646883550184,,7000.0,0.0,0.0,0.0,48.096144192240295,optimal
2021-02-09 07:30:00,18,103,2.0,0.0,0.0,0.1710666666666666,14.595,6.0,-9,19.93219927195774,,7000.0,0.0,0.0,0.0,48.048048048048045,optimal
2021-02-09 08:00:00,18,103,0.9914634684143032,0.0,0.0,0.1906666666666666,14.994,6.0,-9,20.0,,3470.122139450061,0.0,0.0,0.0,48.0,optimal
2021-02-09 08:30:00,18,103,2.0,0.0,0.0,0.0688333333333333,14.3325,6.0,-9,20.0,,7000.0,0.0,0.0,0.0,47.85624774419935,optimal
2021-02-09 09:00:00,18,103,2.0,0.0,0.0,0.3639666666666666,13.8915,6.0,-9,20.07284434274765,,7000.0,0.0,0.0,0.0,47.7126392406545,optimal
2021-02-09 09:30:00,18,103,2.0,0.0,0.0,0.4201333333333333,13.8915,6.0,-9,20.14988813524221,,7000.0,0.0,0.0,0.0,47.5691743456132,optimal
2021-02-09 10:00:00,18,103,2.0,0.0,0.0,0.4418,13.4715,6.0,-9,20.23033824405714,,7000.0,0.0,0.0,0.0,47.42585291546694,optimal
2021-02-09 10:30:00,18,103,2.0,0.0,0.0,0.3718,13.23,6.0,-9,20.312296609552487,,7000.0,0.0,0.0,0.0,47.282674806750826,optimal
2021-02-09 11:00:00,18,103,2.0,0.0,0.0,0.4443999999999999,13.8915,6.0,-9,20.39067392582955,,7000.0,0.0,0.0,0.0,47.13963987614343,optimal
2021-02-09 11:30:00,18,103,0.0,0.0,0.0,0.5650666666666667,26.9325,6.0,-9,20.470445916801367,,0.0,0.0,0.0,0.0,46.99674798046664,optimal
2021-02-09 12:00:00,18,103,0.0,0.0,0.0,0.4564,30.303,6.0,-9,20.40527848973332,,0.0,0.0,0.0,0.0,46.85399897668552,optimal
2021-02-09 12:30:00,18,103,0.0,0.0,0.0,0.5951000000000001,32.886,6.0,-9,20.33885688755373,,0.0,0.0,0.0,0.0,46.71139272190819,optimal
2021-02-09 13:00:00,18,103,0.0,0.0,0.0,0.2873333333333333,34.9965,6.0,-9,20.27765941640477,,0.0,0.0,0.0,0.0,46.56892907338563,optimal
2021-02-09 13:30:00,18,103,0.0,0.0,0.0,0.2521,33.327,6.0,-9,20.208159241426507,,0.0,0.0,0.0,0.0,46.4266078885116,optimal
2021-02-09 14:00:00,18,103,0.0,0.0,0.0,0.1473666666666666,31.122,6.0,-9,20.14007440992893,,0.0,0.0,0.0,0.0,46.28442902482244,optimal
2021-02-09 14:30:00,18,103,0.0,0.0,0.0,0.5197333333333334,17.9025,6.0,-9,20.06986062871695,,0.0,0.0,0.0,0.0,46.14239233999697,optimal
2021-02-09 15:00:00,18,103,0.7959702480584334,0.0,0.0,0.4141666666666667,15.6555,6.0,-9,20.00652099241472,,2785.895868204517,0.0,0.0,0.0,46.00049769185632,optimal
2021-02-09 15:30:00,18,103,1.0724201019107191,0.0,0.0,0.3596333333333333,14.553,6.0,-9,20.0,,3056.8036900208504,0.0,696.6666666666666,0.0,45.85874493836382,optimal
2021-02-09 16:00:00,18,103,0.872153461553147,0.0,0.0,0.5699666666666667,14.3325,6.0,-9,20.0,,2704.2037821026806,0.0,348.3333333333333,0.0,45.71713393762481,optimal
2021-02-09 16:30:00,18,103,0.9385872291064904,0.0,0.0,0.4824333333333332,13.335,6.0,-9,20.0,,2936.721968539383,0.0,348.3333333333333,0.0,45.57566454788654,optimal
2021-02-09 17:00:00,18,103,1.8750594627341,0.0,0.0,1.0496666666666667,12.1275,6.0,-9,20.0,,5796.374786236016,0.0,766.3333333333334,0.0,45.434336627538,optimal
2021-02-09 17:30:00,18,103,0.0,0.0,0.0,1.4989,12.2955,6.0,-9,20.060704630059057,,0.0,0.0,0.0,0.0,45.29315003510982,optimal
2021-02-09 18:00:00,18,103,0.7967380901782319,0.0,0.0,0.7964,11.6865,6.0,-9,20.0,,2788.583315623812,0.0,0.0,0.0,45.15210462927406,optimal
2021-02-09 18:30:00,18,103,0.8854573968777458,0.0,0.0,0.3528666666666666,11.466,6.0,-9,20.0,,2890.1008890721105,0.0,209.0,0.0,45.01120026884414,optimal
2021-02-09 19:00:00,18,103,2.0,0.0,0.0,0.3051999999999999,10.8045,6.0,-9,20.0,,2753.391795853792,0.0,4246.608204146209,0.0,44.87043681277465,optimal
2021-02-09 19:30:00,18,103,2.0,0.0,0.0,0.4111,10.584,6.0,-9,20.0,,5046.274870812876,0.0,1953.7251291871248,0.0,44.82556637596188,optimal
2021-02-09 20:00:00,18,103,0.0188400626250658,0.0,0.0,0.4786,11.2455,6.0,-9,20.0525786506671,,65.94021918773038,0.0,0.0,0.0,44.78074080958592,optimal
2021-02-09 20:30:00,18,103,0.0,0.0,0.0,0.3311,12.1275,6.0,-9,20.0,,0.0,0.0,0.0,0.0,44.73596006877633,optimal
2021-02-09 21:00:00,18,103,0.0,0.0,0.0,0.3989,11.823,6.0,-9,19.944479339271368,,0.0,0.0,0.0,0.0,44.69122410870755,optimal
2021-02-09 21:30:00,18,103,0.0,0.0,0.0,0.4024333333333332,11.7705,6.0,-9,19.89165061928281,,0.0,0.0,0.0,0.0,44.64653288459884,optimal
2021-02-09 22:00:00,18,103,0.0,0.0,0.0,0.3682333333333333,11.13,6.0,-9,19.83002512372768,,0.0,0.0,0.0,0.0,44.60188635171424,optimal
2021-02-09 22:30:00,18,103,0.0,0.0,0.0,0.2092,11.6865,6.0,-9,19.762268728992577,,0.0,0.0,0.0,0.0,44.55728446536253,optimal
2021-02-09 23:00:00,18,103,0.0199047619047619,0.0,0.0,0.3359,10.7205,6.0,-9,19.69318149153624,,0.0,0.0,69.66666666666666,0.0,44.512727180897166,optimal
2021-02-09 23:30:00,18,103,0.0,0.0,0.0,0.1746666666666666,11.424,6.0,-9,19.62631574100556,,0.0,0.0,0.0,0.0,44.46821445371627,optimal
2021-02-10 00:00:00,18,103,2.0,0.0,0.0,0.1196,11.508,6.0,-5,19.62631574100556,,7000.0,0.0,0.0,0.0,44.42374623926256,optimal
2021-02-10 00:30:00,18,103,2.0,0.0,0.0,0.0674,11.508,6.0,-5,19.69395134718564,,0.0,0.0,7000.0,0.0,44.379322493023295,optimal
2021-02-10 01:00:00,18,103,2.0,0.0,5.0,0.17,10.4475,6.0,-5,19.61237475784077,,4943.333333333334,0.0,2056.6666666666665,0.0,46.70994317053027,optimal
2021-02-10 01:30:00,18,103,2.0,0.0,0.0,0.056,10.8675,6.0,-5,19.63693354177148,,7000.0,0.0,0.0,0.0,46.66323322735974,optimal
2021-02-10 02:00:00,18,103,2.0,0.0,4.030761646442524,0.1196,10.542,6.0,-5,19.701821167580547,,7000.0,0.0,0.0,0.0,48.53118177619257,optimal
2021-02-10 02:30:00,18,103,2.0,0.0,0.0,0.056,11.025,6.0,-5,19.767299556470235,,7000.0,0.0,0.0,0.0,48.48265059441637,optimal
2021-02-10 03:00:00,18,103,2.0,0.0,0.0,0.245,11.025,6.0,-5,19.83114208474255,,7000.0,0.0,0.0,0.0,48.434167943821954,optimal
2021-02-10 03:30:00,18,103,2.0,0.0,0.0,0.056,14.553,6.0,-5,19.898673506790875,,7000.0,0.0,0.0,0.0,48.38573377587813,optimal
2021-02-10 04:00:00,18,103,2.0,0.0,0.0,0.1187,13.0935,6.0,-5,19.961920033122304,,7000.0,0.0,0.0,0.0,48.33734804210225,optimal
2021-02-10 04:30:00,18,103,2.0,0.0,0.0,0.1187,15.6345,6.0,-5,20.02619949059517,,7000.0,0.0,0.0,0.0,48.28901069406015,optimal
2021-02-10 05:00:00,18,103,0.0,0.0,0.0,0.131,18.102,6.0,-5,20.08973366427881,,0.0,0.0,0.0,0.0,48.24072168336608,optimal
2021-02-10 05:30:00,18,103,2.0,0.0,0.0,0.17,17.199,6.0,-5,20.00543200063948,,7000.0,0.0,0.0,0.0,48.19248096168271,optimal
2021-02-10 06:00:00,18,103,0.0,0.0,0.0,0.0807333333333333,18.2805,6.0,-5,20.069232939198084,,0.0,0.0,0.0,0.0,48.144288480721016,optimal
2021-02-10 06:30:00,18,103,1.5347097573447157,0.0,0.0,0.1717666666666666,17.4615,6.0,-5,19.983058810452928,,5371.484150706505,0.0,0.0,0.0,48.096144192240295,optimal
2021-02-10 07:00:00,18,103,0.0,0.0,0.0,0.1500999999999999,18.3225,6.0,-5,20.01361324222479,,0.0,0.0,0.0,0.0,48.048048048048045,optimal
2021-02-10 07:30:00,18,103,2.0,0.0,0.0,0.0953333333333333,17.094,6.0,-5,19.93318783184843,,7000.0,0.0,0.0,0.0,48.0,optimal
2021-02-10 08:00:00,18,103,2.0,0.0,0.0,0.1623,17.094,6.0,-5,20.0,,7000.0,0.0,0.0,0.0,47.8569945621858,optimal
2021-02-10 08:30:00,18,103,2.0,0.0,0.0,0.6303,17.094,6.0,-5,20.0737424929672,,7000.0,0.0,0.0,0.0,47.71413212980941,optimal
2021-02-10 09:00:00,18,103,2.0,0.0,0.0,2.1731333333333334,17.3565,6.0,-5,20.160183512773504,,7000.0,0.0,0.0,0.0,47.571412559865394,optimal
2021-02-10 09:30:00,18,103,2.0,0.0,0.0,1.1690666666666667,17.115,6.0,-5,20.25890983989669,,7000.0,0.0,0.0,0.0,47.42883570949133,optimal
2021-02-10 10:00:00,18,103,2.0,0.0,0.0,0.111,17.241,6.0,-5,20.349856483933177,,7000.0,0.0,0.0,0.0,47.28640143596763,optimal
2021-02-10 10:30:00,18,103,2.0,0.0,0.0,0.1105333333333333,17.094,6.0,-5,20.41812754622264,,7000.0,0.0,0.0,0.0,47.14410959671746,optimal
2021-02-10 11:00:00,18,103,2.0,0.0,0.0,0.0610666666666666,16.5165,6.0,-5,20.48241967084445,,7000.0,0.0,0.0,0.0,47.00196004930655,optimal
2021-02-10 11:30:00,18,103,0.7040621109776241,0.0,0.0,0.4233666666666666,17.8185,6.0,-5,20.545882509347965,,2464.217388421684,0.0,0.0,0.0,46.85995265144304,optimal
2021-02-10 12:00:00,18,103,2.0,0.0,0.0,0.1007333333333333,17.094,6.0,-5,20.521513048270748,,7000.0,0.0,0.0,0.0,46.71808726097739,optimal
2021-02-10 12:30:00,18,103,2.0,0.0,0.0,0.1649333333333333,16.8945,6.0,-5,20.58579358088376,,7000.0,0.0,0.0,0.0,46.57636373590221,optimal
2021-02-10 13:00:00,18,103,0.0,0.0,0.0,0.3263999999999999,18.123,6.0,-5,20.651070778067982,,0.0,0.0,0.0,0.0,46.43478193435211,optimal
2021-02-10 13:30:00,18,103,0.0,0.0,0.0,0.7199333333333333,31.647,6.0,-5,20.57134010285337,,0.0,0.0,0.0,0.0,46.29334171460356,optimal
2021-02-10 14:00:00,18,103,0.0,0.0,0.0,0.1320333333333333,34.9965,6.0,-5,20.50237080754336,,0.0,0.0,0.0,0.0,46.15204293507475,optimal
2021-02-10 14:30:00,18,103,0.0,0.0,0.0,0.2337666666666666,34.9965,6.0,-5,20.42329381425504,,0.0,0.0,0.0,0.0,46.01088545432548,optimal
2021-02-10 15:00:00,18,103,0.0,0.0,0.0,0.1372,34.9965,6.0,-5,20.34702232726982,,0.0,0.0,0.0,0.0,45.86986913105695,optimal
2021-02-10 15:30:00,18,103,0.0,0.0,0.0,0.2691,34.9965,6.0,-5,20.27203921515324,,0.0,0.0,0.0,0.0,45.72899382411169,optimal
2021-02-10 16:00:00,18,103,0.0,0.0,0.0,0.2507666666666667,34.9965,6.0,-5,20.20007803560312,,0.0,0.0,0.0,0.0,45.588259392473375,optimal
2021-02-10 16:30:00,18,103,0.0,0.0,0.0,0.4166333333333333,27.741,6.0,-5,20.12948735544613,,0.0,0.0,0.0,0.0,45.4476656952667,optimal
2021-02-10 17:00:00,18,103,0.0,0.0,0.0,0.4669,19.026,6.0,-5,20.065920010356937,,0.0,0.0,0.0,0.0,45.30721259175724,optimal
2021-02-10 17:30:00,18,103,0.6624177377198823,0.0,0.0,1.7868333333333333,18.7215,6.0,-5,20.0,,2318.4620820195883,0.0,0.0,0.0,45.16689994135128,optimal
2021-02-10 18:00:00,18,103,0.8195561014754275,0.0,0.0,0.3253,17.4195,6.0,-5,20.0,,2868.446355163996,0.0,0.0,0.0,45.02672760359573,optimal
2021-02-10 18:30:00,18,103,0.781030219307882,0.0,0.0,1.3855,16.758,6.0,-5,20.0,,2733.605767577587,0.0,0.0,0.0,44.88669543817792,optimal
2021-02-10 19:00:00,18,103,0.726687194283166,0.0,0.0,0.8556333333333334,14.217,6.0,-5,20.0,,2404.071846657748,0.0,139.33333333333331,0.0,44.74680330492554,optimal
2021-02-10 19:30:00,18,103,0.8559382798332429,0.0,0.0,0.8147000000000001,13.3665,6.0,-5,20.0,,2438.450646083017,0.0,557.3333333333333,0.0,44.607051063806416,optimal
2021-02-10 20:00:00,18,103,0.8613950796689815,0.0,0.0,0.3971666666666666,12.789,6.0,-5,20.0,,2945.216112174769,0.0,69.66666666666666,0.0,44.46743857492841,optimal
2021-02-10 20:30:00,18,103,0.1592380952380952,0.0,0.0,0.3087,11.907,6.0,-5,20.0,,0.0,0.0,557.3333333333333,0.0,44.32796569853928,optimal
2021-02-10 21:00:00,18,103,0.0,0.0,0.0,0.1716,11.7075,6.0,-5,19.930282623792174,,0.0,0.0,0.0,0.0,44.18863229502654,optimal
2021-02-10 21:30:00,18,103,0.7165714285714285,0.0,0.0,1.3824333333333334,10.8045,6.0,-5,19.859319401530488,,0.0,0.0,2508.0,0.0,44.14444366273151,optimal
2021-02-10 22:00:00,18,103,0.0,0.0,0.0,0.9542666666666668,11.508,6.0,-5,19.79860232387184,,0.0,0.0,0.0,0.0,44.10029921906878,optimal
2021-02-10 22:30:00,18,103,0.0,0.0,0.0,0.2496,11.508,6.0,-5,19.7254867331806,,0.0,0.0,0.0,0.0,44.05619891984971,optimal
2021-02-10 23:00:00,18,103,0.0,0.0,0.0,0.3277,11.508,6.0,-5,19.6497534271985,,0.0,0.0,0.0,0.0,44.012142720929866,optimal
2021-02-10 23:30:00,18,103,0.0,0.0,0.0,0.2485,11.844,6.0,-5,19.567043515327985,,0.0,0.0,0.0,0.0,43.968130578208935,optimal
2021-02-11 00:00:00,18,103,2.0,0.0,0.0,0.405,11.025,6.0,-4,19.567043515327985,,6791.0,0.0,209.0,0.0,43.92416244763073,optimal
2021-02-11 00:30:00,18,103,2.0,0.0,0.0685216365776628,0.5460666666666667,10.7835,6.0,-4,19.619644115174832,,3098.6666666666665,0.0,3901.3333333333335,0.0,43.91278606255748,optimal
2021-02-11 01:00:00,18,103,2.0,0.0,0.0,1.3234,11.025,6.0,-4,19.58965137615231,,7000.0,0.0,0.0,0.0,43.86887327649492,optimal
2021-02-11 01:30:00,18,103,2.0,0.0,5.0,0.1956666666666666,10.584,6.0,-4,19.644421515972248,,7000.0,0.0,0.0,0.0,46.200004403218415,optimal
2021-02-11 02:00:00,18,103,2.0,0.0,0.0,0.171,11.025,6.0,-4,19.6941317594959,,7000.0,0.0,0.0,0.0,46.15380439881519,optimal
2021-02-11 02:30:00,18,103,2.0,0.0,5.0,0.1680666666666666,10.4265,6.0,-4,19.743097240020106,,7000.0,0.0,0.0,0.0,48.48265059441637,optimal
2021-02-11 03:00:00,18,103,2.0,0.0,0.0,0.1585,12.789,6.0,-4,19.79132516354801,,7000.0,0.0,0.0,0.0,48.434167943821954,optimal
2021-02-11 03:30:00,18,103,2.0,0.0,0.0,0.1331999999999999,12.684,6.0,-4,19.838679241769945,,7000.0,0.0,0.0,0.0,48.38573377587813,optimal
2021-02-11 04:00:00,18,103,2.0,0.0,0.0,0.1521333333333333,16.254,6.0,-4,19.886420084942262,,7000.0,0.0,0.0,0.0,48.33734804210225,optimal
2021-02-11 04:30:00,18,103,2.0,0.0,0.0,0.2239333333333333,17.64,6.0,-4,19.93547706814052,,7000.0,0.0,0.0,0.0,48.28901069406015,optimal
2021-02-11 05:00:00,18,103,2.0,0.0,0.0,0.063,19.1625,6.0,-4,19.98582291464756,,7000.0,0.0,0.0,0.0,48.24072168336608,optimal
2021-02-11 05:30:00,18,103,0.0,0.0,0.0,0.2350666666666666,26.46,6.0,-4,20.03255264572186,,0.0,0.0,0.0,0.0,48.19248096168271,optimal
2021-02-11 06:00:00,18,103,1.4208864034352526,0.0,0.0,0.797,20.79,6.0,-4,19.93647376836689,,4973.102412023384,0.0,0.0,0.0,48.144288480721016,optimal
2021-02-11 06:30:00,18,103,0.0,0.0,0.0,0.2831,29.106,6.0,-4,19.951461775490444,,0.0,0.0,0.0,0.0,48.096144192240295,optimal
2021-02-11 07:00:00,18,103,2.0,0.0,0.0,0.2600333333333333,19.1835,6.0,-4,19.869080410715707,,7000.0,0.0,0.0,0.0,48.048048048048045,optimal
2021-02-11 07:30:00,18,103,2.0,0.0,0.0,0.2712666666666666,19.6665,6.0,-4,19.934110839690224,,7000.0,0.0,0.0,0.0,48.0,optimal
2021-02-11 08:00:00,18,103,1.057445317694292,0.0,0.0,0.4285666666666666,19.404,6.0,-4,20.0,,3631.3919452633554,0.0,69.66666666666666,0.0,47.79916757805376,optimal
2021-02-11 08:30:00,18,103,2.0,0.0,0.0,0.4926999999999999,19.047,6.0,-4,20.0,,3822.119224918432,0.0,3177.880775081568,0.0,47.598535988529456,optimal
2021-02-11 09:00:00,18,103,2.0,0.0,0.0,0.5307999999999999,18.858,6.0,-4,20.0,,5381.13979963853,0.0,1618.8602003614697,0.0,47.398105030594685,optimal
2021-02-11 09:30:00,18,103,0.4762996024086915,0.0,0.0,0.7072666666666666,19.2675,6.0,-4,20.035553297379867,,1667.0486084304205,0.0,0.0,0.0,47.19787450361785,optimal
2021-02-11 10:00:00,18,103,2.0,0.0,0.0,0.5638333333333334,18.963,6.0,-4,20.0,,5875.074308776371,0.0,1124.9256912236287,0.0,46.99784420716799,optimal
2021-02-11 10:30:00,18,103,2.0,0.0,0.0,2.634033333333333,18.438,6.0,-4,20.053075687117538,,7000.0,0.0,0.0,0.0,46.798013941014574,optimal
2021-02-11 11:00:00,18,103,2.0,0.0,0.0,0.3919666666666666,18.7425,6.0,-4,20.129130938712564,,7000.0,0.0,0.0,0.0,46.59838350512732,optimal
2021-02-11 11:30:00,18,103,2.0,0.0,0.0,0.5444666666666667,15.2145,6.0,-4,20.19497603885835,,7000.0,0.0,0.0,0.0,46.398952699675945,optimal
2021-02-11 12:00:00,18,103,2.0,0.0,0.0,2.573033333333333,17.7765,6.0,-4,20.266405372491548,,7000.0,0.0,0.0,0.0,46.199721325030026,optimal
2021-02-11 12:30:00,18,103,2.0,0.0,0.0,0.1816666666666666,16.758,6.0,-4,20.3436265649742,,7000.0,0.0,0.0,0.0,46.00068918175875,optimal
2021-02-11 13:00:00,18,103,2.0,0.0,0.0,0.2832666666666666,16.422,6.0,-4,20.41469561869515,,7000.0,0.0,0.0,0.0,45.80185607063075,optimal
2021-02-11 13:30:00,18,103,2.0,0.0,0.0,0.073,16.758,6.0,-4,20.484460284863992,,7000.0,0.0,0.0,0.0,45.60322179261387,optimal
2021-02-11 14:00:00,18,103,0.0,0.0,0.0,0.2532,29.358,6.0,-4,20.549935920069743,,0.0,0.0,0.0,0.0,45.40478614887502,optimal
2021-02-11 14:30:00,18,103,0.0,0.0,0.0,0.2169666666666666,34.9965,6.0,-4,20.472008610357324,,0.0,0.0,0.0,0.0,45.2065489407799,optimal
2021-02-11 15:00:00,18,103,0.0,0.0,0.0,0.2493,34.65,6.0,-4,20.39208426670737,,0.0,0.0,0.0,0.0,45.00850996989288,optimal
2021-02-11 15:30:00,18,103,0.0,0.0,0.0,0.1003,34.9965,6.0,-4,20.311615303871093,,0.0,0.0,0.0,0.0,44.81066903797674,optimal
2021-02-11 16:00:00,18,103,0.0,0.0,0.0,2.393,34.9965,6.0,-4,20.223157707210067,,0.0,0.0,0.0,0.0,44.61302594699252,optimal
2021-02-11 16:30:00,18,103,0.0,0.0,0.0,0.4804333333333332,30.4815,6.0,-4,20.14774128847622,,0.0,0.0,0.0,0.0,44.415580499099285,optimal
2021-02-11 17:00:00,18,103,0.0,0.0,0.0,0.6131666666666666,21.4305,6.0,-4,20.072038367513,,0.0,0.0,0.0,0.0,44.21833249665394,optimal
2021-02-11 17:30:00,18,103,1.1084591661514485,0.0,0.0,0.3688,14.3325,6.0,-4,20.0,,3600.9404148634035,0.0,278.66666666666663,0.0,44.021281742211045,optimal
2021-02-11 18:00:00,18,103,1.6742374296725944,0.0,0.0,3.349933333333333,13.692,6.0,-4,20.0,,5650.83100385408,0.0,209.0,0.0,43.977260460468834,optimal
2021-02-11 18:30:00,18,103,0.0,0.0,0.0,1.7238666666666669,14.007,6.0,-4,20.065216592140327,,0.0,0.0,0.0,0.0,43.93328320000837,optimal
2021-02-11 19:00:00,18,103,1.044507084463203,0.0,0.0,2.8729,12.873,6.0,-4,20.0,,3655.7747956212106,0.0,0.0,0.0,43.88934991680836,optimal
2021-02-11 19:30:00,18,103,1.122101986794823,0.0,0.0,1.9318666666666664,12.684,6.0,-4,20.0,,3788.023620448547,0.0,139.33333333333331,0.0,43.845460566891546,optimal
2021-02-11 20:00:00,18,103,1.2650254605549434,0.0,0.0,0.1655,12.306,6.0,-4,20.0,,4427.589111942301,0.0,0.0,0.0,43.801615106324654,optimal
2021-02-11 20:30:00,18,103,0.2985714285714285,0.0,0.0,0.3771,10.6365,6.0,-4,20.0,,0.0,0.0,1045.0,0.0,43.75781349121833,optimal
2021-02-11 21:00:00,18,103,0.0,0.0,0.0,0.4927666666666666,11.2455,6.0,-4,19.90839344732493,,0.0,0.0,0.0,0.0,43.71405567772711,optimal
2021-02-11 21:30:00,18,103,0.0,0.0,0.0,0.5956666666666667,11.2455,6.0,-4,19.81598264538103,,0.0,0.0,0.0,0.0,43.670341622049385,optimal
2021-02-11 22:00:00,18,103,0.0,0.0,0.0,3.0690666666666666,11.025,6.0,-4,19.725171174513903,,0.0,0.0,0.0,0.0,43.62667128042734,optimal
2021-02-11 22:30:00,18,103,0.0,0.0,0.0,2.1047,12.0855,6.0,-4,19.64351862882496,,0.0,0.0,0.0,0.0,43.58304460914691,optimal
2021-02-11 23:00:00,18,103,0.0,0.0,0.0,0.4938999999999999,11.6865,6.0,-4,19.55414573897949,,0.0,0.0,0.0,0.0,43.53946156453776,optimal
2021-02-11 23:30:00,18,103,0.0,0.0,0.0,0.2288333333333332,11.2245,6.0,-4,19.456219481080023,,0.0,0.0,0.0,0.0,43.495922102973225,optimal
2021-02-12 00:00:00,18,103,2.0,0.0,0.0,0.0767666666666666,10.3635,6.0,0,19.456219481080023,,7000.0,0.0,0.0,0.0,43.452426180870255,optimal
2021-02-12 00:30:00,18,103,2.0,0.0,0.0,0.4490333333333333,10.8045,6.0,0,19.49664246837612,,0.0,0.0,7000.0,0.0,43.40897375468938,optimal
2021-02-12 01:00:00,18,103,2.0,0.0,0.0,0.1246666666666666,11.025,6.0,0,19.40170547229228,,2365.666666666667,0.0,4634.333333333333,0.0,43.3655647809347,optimal
2021-02-12 01:30:00,18,103,2.0,0.0,0.0,0.1645333333333333,10.3635,6.0,0,19.339777488051848,,7000.0,0.0,0.0,0.0,43.32219921615376,optimal
2021-02-12 02:00:00,18,103,2.0,0.0,0.0,0.2306666666666666,10.8045,6.0,0,19.37697793589527,,7000.0,0.0,0.0,0.0,43.27887701693761,optimal
2021-02-12 02:30:00,18,103,2.0,0.0,0.9142923616971343,0.1504,10.059,6.0,0,19.41585541902332,,7000.0,0.0,0.0,0.0,43.6698870117268,optimal
2021-02-12 03:00:00,18,103,2.0,0.0,0.0,0.1533333333333333,10.584,6.0,0,19.454227886115707,,7000.0,0.0,0.0,0.0,43.62621712471508,optimal
2021-02-12 03:30:00,18,103,2.0,0.0,5.0,0.2006666666666666,9.4185,6.0,0,19.493849022199743,,7000.0,0.0,0.0,0.0,45.95759090759036,optimal
2021-02-12 04:00:00,18,103,2.0,0.0,0.0,0.058,10.3635,6.0,0,19.53746247368732,,7000.0,0.0,0.0,0.0,45.91163331668277,optimal
2021-02-12 04:30:00,18,103,2.0,0.0,5.0,0.3852,9.8385,6.0,0,19.581050551226006,,7000.0,0.0,0.0,0.0,48.24072168336608,optimal
2021-02-12 05:00:00,18,103,2.0,0.0,0.0,0.0612,11.067,6.0,0,19.634504254878763,,7000.0,0.0,0.0,0.0,48.19248096168271,optimal
2021-02-12 05:30:00,18,103,2.0,0.0,0.0,0.3446666666666667,10.8465,6.0,0,19.68407080186378,,7000.0,0.0,0.0,0.0,48.144288480721016,optimal
2021-02-12 06:00:00,18,103,2.0,0.0,0.0,0.1017333333333333,13.671,6.0,0,19.74300891632189,,7000.0,0.0,0.0,0.0,48.096144192240295,optimal
2021-02-12 06:30:00,18,103,2.0,0.0,0.0,0.2491,12.348,6.0,0,19.80019514775325,,7000.0,0.0,0.0,0.0,48.048048048048045,optimal
2021-02-12 07:00:00,18,103,2.0,0.0,0.0,1.1102,14.3325,6.0,0,19.861225050706,,7000.0,0.0,0.0,0.0,48.0,optimal
2021-02-12 07:30:00,18,103,2.0,0.0,0.0,0.611,15.393,6.0,0,19.934078728764643,,7000.0,0.0,0.0,0.0,47.87430101542995,optimal
2021-02-12 08:00:00,18,103,2.0,0.0,0.0,1.1729666666666667,13.587,6.0,0,20.00744348084537,,7000.0,0.0,0.0,0.0,47.74872772984447,optimal
2021-02-12 08:30:00,18,103,0.1723807777384784,0.0,0.0,0.2558666666666667,16.1385,6.0,0,20.075158621458,,603.3327220846746,0.0,0.0,0.0,47.62328001754457,optimal
2021-02-12 09:00:00,18,103,2.0,0.0,0.0,1.6743333333333332,14.595,6.0,0,20.0,,3187.982857188008,0.0,3812.017142811992,0.0,47.49795775295698,optimal
2021-02-12 09:30:00,18,103,1.3019711274574717,0.0,0.0,0.2911333333333333,14.637,6.0,0,20.0,,3979.916088913143,0.0,576.9828571880081,0.0,47.37276081063397,optimal
2021-02-12 10:00:00,18,103,1.1838997767278767,0.0,0.0,0.1256,13.9125,6.0,0,20.0,,4143.649218547569,0.0,0.0,0.0,47.24768906525329,optimal
2021-02-12 10:30:00,18,103,1.364305468271786,0.0,0.0,0.2381333333333333,13.3665,6.0,0,20.0,,4775.06913895125,0.0,0.0,0.0,47.12274239161799,optimal
2021-02-12 11:00:00,18,103,2.0,0.0,0.0,0.068,13.0095,6.0,0,20.017475192502594,,7000.0,0.0,0.0,0.0,46.99792066465633,optimal
2021-02-12 11:30:00,18,103,0.0,0.0,0.0,0.3057333333333333,13.8915,6.0,0,20.07994010645637,,0.0,0.0,0.0,0.0,46.87322375942162,optimal
2021-02-12 12:00:00,18,103,1.4127589318205875,0.0,0.0,0.5140333333333333,13.188,6.0,0,20.0,,3443.252089178744,0.0,1501.4041721933122,0.0,46.74865155109215,optimal
2021-02-12 12:30:00,18,103,2.0,0.0,0.0,0.3921,12.5685,6.0,0,20.0,,3833.7375055266457,0.0,3166.2624944733543,0.0,46.62420391497101,optimal
2021-02-12 13:00:00,18,103,2.0,0.0,0.0,0.5220333333333333,12.285,6.0,0,20.01056017234185,,7000.0,0.0,0.0,0.0,46.49988072648599,optimal
2021-02-12 13:30:00,18,103,2.0,0.0,0.0,0.2770666666666667,11.487,6.0,0,20.095334168749,,7000.0,0.0,0.0,0.0,46.375681861189456,optimal
2021-02-12 14:00:00,18,103,2.0,0.0,0.0,0.3276,11.802,6.0,0,20.172667794575325,,7000.0,0.0,0.0,0.0,46.251607194758215,optimal
2021-02-12 14:30:00,18,103,2.0,0.0,0.0,0.4721666666666667,11.2245,6.0,0,20.24624073452794,,7000.0,0.0,0.0,0.0,46.12765660299341,optimal
2021-02-12 15:00:00,18,103,2.0,0.0,0.0,0.3726666666666667,11.025,6.0,0,20.32609916613317,,7000.0,0.0,0.0,0.0,46.00382996182037,optimal
2021-02-12 15:30:00,18,103,2.0,0.0,0.0,0.5935333333333334,11.907,6.0,0,20.403049225727216,,7000.0,0.0,0.0,0.0,45.880127147288505,optimal
2021-02-12 16:00:00,18,103,0.0,0.0,0.0,0.4208333333333333,25.83,6.0,0,20.48527568538872,,0.0,0.0,0.0,0.0,45.75654803557117,optimal
2021-02-12 16:30:00,18,103,0.0,0.0,0.0,0.298,28.035,6.0,0,20.41290412391708,,0.0,0.0,0.0,0.0,45.63309250296555,optimal
2021-02-12 17:00:00,18,103,0.0,0.0,0.0,1.0414,28.119,6.0,0,20.33969495153577,,0.0,0.0,0.0,0.0,45.50976042589254,optimal
2021-02-12 17:30:00,18,103,0.0,0.0,0.0,0.2524666666666667,30.156,6.0,0,20.271287651670352,,0.0,0.0,0.0,0.0,45.3865516808966,optimal
2021-02-12 18:00:00,18,103,0.0,0.0,0.0,0.3373333333333333,29.1585,6.0,0,20.204032538010225,,0.0,0.0,0.0,0.0,45.26346614464565,optimal
2021-02-12 18:30:00,18,103,0.0,0.0,0.0,0.2566,26.712,6.0,0,20.13781190326355,,0.0,0.0,0.0,0.0,45.14050369393095,optimal
2021-02-12 19:00:00,18,103,0.0,0.0,0.0,0.3621333333333333,15.435,6.0,0,20.067814736803204,,0.0,0.0,0.0,0.0,45.017664205666975,optimal
2021-02-12 19:30:00,18,103,0.9275552475508282,0.0,0.0,0.3046666666666667,13.566,6.0,0,20.0,,3246.4433664278986,0.0,0.0,0.0,44.89494755689126,optimal
2021-02-12 20:00:00,18,103,1.0826080627232315,0.0,0.0,0.1802666666666667,12.789,6.0,0,20.0,,3371.128219531311,0.0,418.0,0.0,44.77235362476432,optimal
2021-02-12 20:30:00,18,103,0.0597142857142857,0.0,0.0,0.4189666666666666,12.1275,6.0,0,20.0,,0.0,0.0,209.0,0.0,44.64988228656951,optimal
2021-02-12 21:00:00,18,103,0.0,0.0,0.0,0.6811666666666666,13.671,6.0,0,19.934292088783167,,0.0,0.0,0.0,0.0,44.52753341971289,optimal
2021-02-12 21:30:00,18,103,0.0597142857142857,0.0,0.0,0.3468666666666666,10.668,6.0,0,19.873126864844057,,0.0,0.0,209.0,0.0,44.40530690172313,optimal
2021-02-12 22:00:00,18,103,0.0,0.0,0.0,0.6320333333333333,11.7285,6.0,0,19.806098915582343,,0.0,0.0,0.0,0.0,44.28320261025136,optimal
2021-02-12 22:30:00,18,103,0.0,0.0,0.0,0.3988333333333333,11.025,6.0,0,19.74844937140755,,0.0,0.0,0.0,0.0,44.16122042307106,optimal
2021-02-12 23:00:00,18,103,0.0,0.0,0.0,0.6123999999999999,10.689,6.0,0,19.683998953108222,,0.0,0.0,0.0,0.0,44.11705920264799,optimal
2021-02-12 23:30:00,18,103,0.0,0.0,0.0,0.068,8.1585,6.0,0,19.62056155154044,,0.0,0.0,0.0,0.0,44.07294214344534,optimal
2021-02-13 00:00:00,18,103,0.0,0.0,0.0,0.2190666666666666,11.025,6.0,4,19.62056155154044,,0.0,0.0,0.0,0.0,44.028869201301895,optimal
2021-02-13 00:30:00,18,103,2.0,0.0,0.0,0.057,8.2005,6.0,4,19.53978854392322,,0.0,0.0,7000.0,0.0,43.9848403321006,optimal
2021-02-13 01:00:00,18,103,2.0,0.0,0.0,0.057,9.5655,6.0,4,19.45619724253481,,0.0,0.0,7000.0,0.0,43.940855491768495,optimal
2021-02-13 01:30:00,18,103,2.0,0.0,5.0,0.1969666666666666,7.056,6.0,4,19.37321200250574,,5255.333333333333,0.0,1744.6666666666667,0.0,46.271914636276726,optimal
2021-02-13 02:00:00,18,103,2.0,0.0,0.0,0.0790999999999999,9.3975,6.0,4,19.404403339582025,,7000.0,0.0,0.0,0.0,46.22564272164045,optimal
2021-02-13 02:30:00,18,103,2.0,0.0,0.0,0.057,10.059,6.0,4,19.46992480902027,,7000.0,0.0,0.0,0.0,46.17941707891881,optimal
2021-02-13 03:00:00,18,103,2.0,0.0,0.0,0.2190666666666666,9.261,6.0,4,19.534683814322445,,7000.0,0.0,0.0,0.0,46.13323766183989,optimal
2021-02-13 03:30:00,18,103,2.0,0.0,0.0,0.057,8.1585,6.0,4,19.602560597984724,,7000.0,0.0,0.0,0.0,46.08710442417805,optimal
2021-02-13 04:00:00,18,103,2.0,0.0,0.0,0.1601333333333333,9.4815,6.0,4,19.666491042644303,,7000.0,0.0,0.0,0.0,46.04101731975387,optimal
2021-02-13 04:30:00,18,103,2.0,0.0,0.0,0.1159333333333333,8.379,6.0,4,19.73207561974053,,7000.0,0.0,0.0,0.0,45.99497630243412,optimal
2021-02-13 05:00:00,18,103,2.0,0.0,0.0,0.057,9.5235,6.0,4,19.79597856410861,,7000.0,0.0,0.0,0.0,45.94898132613169,optimal
2021-02-13 05:30:00,18,103,2.0,0.0,4.515822533142105,0.2043333333333332,8.1375,6.0,4,19.857897362107742,,7000.0,0.0,0.0,0.0,48.048048048048045,optimal
2021-02-13 06:00:00,18,103,2.0,0.0,0.0,0.0707333333333333,10.0905,6.0,4,19.922183012631468,,7000.0,0.0,0.0,0.0,48.0,optimal
2021-02-13 06:30:00,18,103,2.0,0.0,0.0,0.0854666666666666,7.539,6.0,4,19.9881750220996,,7000.0,0.0,0.0,0.0,47.868154564437255,optimal
2021-02-13 07:00:00,18,103,2.0,0.0,0.0,0.3843999999999999,7.938,6.0,4,20.057292356688016,,7000.0,0.0,0.0,0.0,47.73644097431007,optimal
2021-02-13 07:30:00,18,103,2.0,0.0,0.0,0.0626666666666666,8.274,6.0,4,20.13202443295682,,7000.0,0.0,0.0,0.0,47.604859097773016,optimal
2021-02-13 08:00:00,18,103,2.0,0.0,0.0,0.2206999999999999,9.261,6.0,4,20.195356696141268,,7000.0,0.0,0.0,0.0,47.4734088031125,optimal
2021-02-13 08:30:00,18,103,2.0,0.0,0.0,0.0740333333333333,9.9225,6.0,4,20.26141025454008,,7000.0,0.0,0.0,0.0,47.34208995874664,optimal
2021-02-13 09:00:00,18,103,2.0,0.0,0.0,0.1480333333333333,9.702,6.0,4,20.3162061996872,,7000.0,0.0,0.0,0.0,47.21090243322515,optimal
2021-02-13 09:30:00,18,103,2.0,0.0,0.0,0.1473666666666666,10.584,6.0,4,20.36903673396912,,7000.0,0.0,0.0,0.0,47.07984609522918,optimal
2021-02-13 10:00:00,18,103,2.0,0.0,0.0,0.8758666666666667,10.143,6.0,4,20.425133442854857,,7000.0,0.0,0.0,0.0,46.948920813571206,optimal
2021-02-13 10:30:00,18,103,0.0,0.0,0.0,0.9252333333333332,13.0095,6.0,4,20.4861165660272,,0.0,0.0,0.0,0.0,46.81812645719489,optimal
2021-02-13 11:00:00,18,103,2.0,0.0,0.0,0.1419333333333333,11.025,6.0,4,20.39733501149533,,7000.0,0.0,0.0,0.0,46.68746289517495,optimal
2021-02-13 11:30:00,18,103,0.0,0.0,0.0,0.3376666666666666,12.789,6.0,4,20.452266197412364,,0.0,0.0,0.0,0.0,46.55692999671704,optimal
2021-02-13 12:00:00,18,103,1.1281277762993152,0.0,0.0,0.2524333333333333,12.1275,6.0,4,20.366183310005017,,3948.4472170476033,0.0,0.0,0.0,46.426527631157576,optimal
2021-02-13 12:30:00,18,103,2.0,0.0,0.0,0.1912333333333332,12.1695,6.0,4,20.36115982840815,,7000.0,0.0,0.0,0.0,46.29625566796368,optimal
2021-02-13 13:00:00,18,103,0.0,0.0,0.0,0.1145666666666666,12.306,6.0,4,20.421419561282622,,0.0,0.0,0.0,0.0,46.16611397673297,optimal
2021-02-13 13:30:00,18,103,0.0,0.0,0.0,0.098,13.23,6.0,4,20.33289286430017,,0.0,0.0,0.0,0.0,46.0361024271935,optimal
2021-02-13 14:00:00,18,103,0.0,0.0,0.0,0.2605333333333333,13.671,6.0,4,20.2452656589978,,0.0,0.0,0.0,0.0,45.90622088920356,optimal
2021-02-13 14:30:00,18,103,0.0,0.0,0.0,0.1663666666666666,13.9335,6.0,4,20.16185491563254,,0.0,0.0,0.0,0.0,45.776469232751616,optimal
2021-02-13 15:00:00,18,103,0.0,0.0,0.0,0.2125333333333333,13.293,6.0,4,20.07819495935103,,0.0,0.0,0.0,0.0,45.64684732795613,optimal
2021-02-13 15:30:00,18,103,1.2316433587482336,0.0,0.0,0.2568,12.1065,6.0,4,20.0,,4310.751755618818,0.0,0.0,0.0,45.51735504506542,optimal
2021-02-13 16:00:00,18,103,2.0,0.0,0.0,0.2062,11.571,6.0,4,20.01191452015868,,7000.0,0.0,0.0,0.0,45.387992254457615,optimal
2021-02-13 16:30:00,18,103,2.0,0.0,0.0,0.3897666666666666,11.025,6.0,4,20.08101785266952,,7000.0,0.0,0.0,0.0,45.25875882664042,optimal
2021-02-13 17:00:00,18,103,2.0,0.0,0.0,1.6569333333333334,10.8465,6.0,4,20.15829085929143,,7000.0,0.0,0.0,0.0,45.12965463225103,optimal
2021-02-13 17:30:00,18,103,2.0,0.0,0.0,2.086733333333333,11.2455,6.0,4,20.24062676456886,,7000.0,0.0,0.0,0.0,45.00067954205604,optimal
2021-02-13 18:00:00,18,103,0.0,0.0,0.0,1.1056,23.8665,6.0,4,20.35811819477397,,0.0,0.0,0.0,0.0,44.87183342695124,optimal
2021-02-13 18:30:00,18,103,0.0,0.0,0.0,0.2258666666666667,27.4575,6.0,4,20.3021198948581,,0.0,0.0,0.0,0.0,44.743116157961545,optimal
2021-02-13 19:00:00,18,103,0.0,0.0,0.0,0.3041666666666667,27.3735,6.0,4,20.216942068170983,,0.0,0.0,0.0,0.0,44.61452760624084,optimal
2021-02-13 19:30:00,18,103,0.0,0.0,0.0,0.1484333333333333,30.4605,6.0,4,20.138767881048214,,0.0,0.0,0.0,0.0,44.486067643071856,optimal
2021-02-13 20:00:00,18,103,0.0,0.0,0.0,0.3106,30.0195,6.0,4,20.06585383029173,,0.0,0.0,0.0,0.0,44.35773613986604,optimal
2021-02-13 20:30:00,18,103,0.0,0.0,0.0,0.3142666666666666,26.9325,6.0,4,20.0,,0.0,0.0,0.0,0.0,44.313378403726176,optimal
2021-02-13 21:00:00,18,103,0.0,0.0,0.0,0.4886999999999999,14.595,6.0,4,19.93197080304965,,0.0,0.0,0.0,0.0,44.26906502532245,optimal
2021-02-13 21:30:00,18,103,0.0,0.0,0.0,0.334,12.4845,6.0,4,19.87310894627352,,0.0,0.0,0.0,0.0,44.22479596029712,optimal
2021-02-13 22:00:00,18,103,0.0,0.0,0.0,0.4873333333333333,12.1275,6.0,4,19.809402896638566,,0.0,0.0,0.0,0.0,44.180571164336826,optimal
2021-02-13 22:30:00,18,103,0.0,0.0,0.0,0.1950333333333333,12.1275,6.0,4,19.75067078882545,,0.0,0.0,0.0,0.0,44.136390593172486,optimal
2021-02-13 23:00:00,18,103,0.0,0.0,0.0,0.2394333333333333,12.789,6.0,4,19.682569848037023,,0.0,0.0,0.0,0.0,44.09225420257931,optimal
2021-02-13 23:30:00,18,103,0.0,0.0,0.0,0.2357,11.907,6.0,4,19.614691744359323,,0.0,0.0,0.0,0.0,44.04816194837673,optimal
2021-02-07 00:00:00,19,103,2.0,0.0,0.0,0.126,6.678,6.0,3,21.0,,7000.0,0.0,0.0,0.0,47.952,optimal
2021-02-07 00:30:00,19,103,0.7222429160671124,0.0,0.0,0.058,7.938,6.0,3,21.07069822326281,,2527.850206234893,0.0,0.0,0.0,47.904048,optimal
2021-02-07 01:00:00,19,103,2.0,0.0,0.3028548378947442,0.1174,5.292,6.0,3,21.044165921029407,,7000.0,0.0,0.0,0.0,48.0,optimal
2021-02-07 01:30:00,19,103,0.0,0.0,0.0,0.1474666666666666,9.261,6.0,3,21.11151246748527,,0.0,0.0,0.0,0.0,47.71794046696858,optimal
2021-02-07 02:00:00,19,103,0.0,0.0,0.0,0.063,10.3635,6.0,3,21.03094011456366,,0.0,0.0,0.0,0.0,47.43616299347019,optimal
2021-02-07 02:30:00,19,103,0.0,0.0,0.0,0.1042,8.274,6.0,3,20.948700333719675,,0.0,0.0,0.0,0.0,47.1546672974453,optimal
2021-02-07 03:00:00,19,103,2.0,0.0,0.0,0.157,7.7175,6.0,3,20.867352509235708,,7000.0,0.0,0.0,0.0,46.87345309711643,optimal
2021-02-07 03:30:00,19,103,2.0,0.0,0.0,0.058,6.615,6.0,3,20.934384381946167,,7000.0,0.0,0.0,0.0,46.5925201109879,optimal
2021-02-07 04:00:00,19,103,2.0,0.0,0.0,0.1438,6.174,6.0,3,20.998801327799427,,7000.0,0.0,0.0,0.0,46.31186805784549,optimal
2021-02-07 04:30:00,19,103,2.0,0.0,0.0,0.1174,3.906,6.0,3,21.06450532525237,,7000.0,0.0,0.0,0.0,46.03149665675622,optimal
2021-02-07 05:00:00,19,103,2.0,0.0,0.0,0.058,2.3415,6.0,3,21.129355513743963,,7000.0,0.0,0.0,0.0,45.75140562706804,optimal
2021-02-07 05:30:00,19,103,2.0,0.0,0.0,0.2306666666666666,2.205,6.0,3,21.19266110327692,,7000.0,0.0,0.0,0.0,45.47159468840955,optimal
2021-02-07 06:00:00,19,103,2.0,0.0,0.0,0.3288666666666667,0.882,6.0,3,21.25983765265328,,7000.0,0.0,0.0,0.0,45.192063560689725,optimal
2021-02-07 06:30:00,19,103,2.0,0.0,0.0,0.1103333333333333,1.5435,6.0,3,21.33148578086542,,7000.0,0.0,0.0,0.0,44.912811964097614,optimal
2021-02-07 07:00:00,19,103,2.0,0.0,0.0,0.2032,1.5435,6.0,3,21.394933013588883,,7000.0,0.0,0.0,0.0,44.6338396191021,optimal
2021-02-07 07:30:00,19,103,2.0,0.0,0.0,0.058,5.0715,6.0,3,21.45786837892389,,7000.0,0.0,0.0,0.0,44.355146246451575,optimal
2021-02-07 08:00:00,19,103,2.0,0.0,0.0,0.1464666666666666,5.376,6.0,3,21.516781204835404,,7000.0,0.0,0.0,0.0,44.0767315671737,optimal
2021-02-07 08:30:00,19,103,2.0,0.0,0.0,0.1250666666666666,5.0715,6.0,3,21.576552384512794,,7000.0,0.0,0.0,0.0,43.79859530257511,optimal
2021-02-07 09:00:00,19,103,2.0,0.0,0.0,0.058,5.5125,6.0,3,21.63526983640116,,7000.0,0.0,0.0,0.0,43.52073717424111,optimal
2021-02-07 09:30:00,19,103,0.0,0.0,0.0,0.2032,9.261,6.0,3,21.69224367812466,,0.0,0.0,0.0,0.0,43.24315690403545,optimal
2021-02-07 10:00:00,19,103,0.0,0.0,0.0,0.0806666666666666,11.7075,6.0,3,21.604889546288348,,0.0,0.0,0.0,0.0,42.9658542141,optimal
2021-02-07 10:30:00,19,103,0.0,0.0,0.0,0.2886,12.348,6.0,3,21.518105219680383,,0.0,0.0,0.0,0.0,42.68882882685448,optimal
2021-02-07 11:00:00,19,103,0.0,0.0,0.0,0.178,12.348,6.0,3,21.437469404697502,,0.0,0.0,0.0,0.0,42.4120804649962,optimal
2021-02-07 11:30:00,19,103,0.0,0.0,0.0,1.3055,12.1275,6.0,3,21.362192183804588,,0.0,0.0,0.0,0.0,42.13560885149978,optimal
2021-02-07 12:00:00,19,103,0.0,0.0,0.0,0.2107666666666666,12.5265,6.0,3,21.29140291094726,,0.0,0.0,0.0,0.0,41.85941370961686,optimal
2021-02-07 12:30:00,19,103,0.0,0.0,0.0,0.058,11.7495,6.0,3,21.20914213834508,,0.0,0.0,0.0,0.0,41.58349476287582,optimal
2021-02-07 13:00:00,19,103,0.0,0.0,0.0,0.2032,13.23,6.0,3,21.12024266593382,,0.0,0.0,0.0,0.0,41.30785173508153,optimal
2021-02-07 13:30:00,19,103,0.0,0.0,0.0,0.0676666666666666,14.3325,6.0,3,21.03480302076976,,0.0,0.0,0.0,0.0,41.03248435031502,optimal
2021-02-07 14:00:00,19,103,0.0,0.0,0.0,0.0788,14.994,6.0,3,20.946921303100524,,0.0,0.0,0.0,0.0,40.757392332933286,optimal
2021-02-07 14:30:00,19,103,0.0,0.0,0.0,0.1834,14.8155,6.0,3,20.860081909396897,,0.0,0.0,0.0,0.0,40.48257540756893,optimal
2021-02-07 15:00:00,19,103,0.0,0.0,0.0,0.058,14.112,6.0,3,20.77608623568182,,0.0,0.0,0.0,0.0,40.20803329912994,optimal
2021-02-07 15:30:00,19,103,0.0,0.0,0.0,0.1930666666666666,14.007,6.0,3,20.690058737348902,,0.0,0.0,0.0,0.0,39.933765732799394,optimal
2021-02-07 16:00:00,19,103,0.0,0.0,0.0,2.4904,13.23,6.0,3,20.606380737207253,,0.0,0.0,0.0,0.0,39.659772434035176,optimal
2021-02-07 16:30:00,19,103,0.0,0.0,0.0,0.0645999999999999,11.382,6.0,3,20.5371726441814,,0.0,0.0,0.0,0.0,39.38605312856972,optimal
2021-02-07 17:00:00,19,103,0.0,0.0,0.0,0.2875333333333333,11.7495,6.0,3,20.45123378152535,,0.0,0.0,0.0,0.0,39.11260754240973,optimal
2021-02-07 17:30:00,19,103,0.0,0.0,0.0,0.3753,24.3285,6.0,3,20.376231941973707,,0.0,0.0,0.0,0.0,38.83943540183591,optimal
2021-02-07 18:00:00,19,103,0.0,0.0,0.0,0.3462333333333333,28.917,6.0,3,20.310098966693342,,0.0,0.0,0.0,0.0,38.56653643340265,optimal
2021-02-07 18:30:00,19,103,0.0,0.0,0.0,0.1929333333333333,31.3635,6.0,3,20.242202195228447,,0.0,0.0,0.0,0.0,38.29391036393783,optimal
2021-02-07 19:00:00,19,103,0.0,0.0,0.0,0.2498666666666666,33.306,6.0,3,20.17214849820429,,0.0,0.0,0.0,0.0,38.02155692054247,optimal
2021-02-07 19:30:00,19,103,0.0,0.0,0.0,0.1036333333333333,31.3425,6.0,3,20.10801852759816,,0.0,0.0,0.0,0.0,37.74947583059051,optimal
2021-02-07 20:00:00,19,103,0.0,0.0,0.0,0.3816666666666667,28.2555,6.0,3,20.048501844730225,,0.0,0.0,0.0,0.0,37.477666821728505,optimal
2021-02-07 20:30:00,19,103,0.0,0.0,0.0,0.9235666666666668,15.6975,6.0,3,20.0,,0.0,0.0,0.0,0.0,37.20612962187536,optimal
2021-02-07 21:00:00,19,103,0.0,0.0,0.0,0.6587999999999999,12.5475,6.0,3,19.96725862432809,,0.0,0.0,0.0,0.0,36.93486395922206,optimal
2021-02-07 21:30:00,19,103,0.0,0.0,0.0,0.5438333333333334,12.0855,6.0,3,19.92815310856417,,0.0,0.0,0.0,0.0,36.66386956223141,optimal
2021-02-07 22:00:00,19,103,0.0,0.0,0.0,0.2683,11.907,6.0,3,19.878758037677944,,0.0,0.0,0.0,0.0,36.39314615963776,optimal
2021-02-07 22:30:00,19,103,0.0,0.0,0.0,0.2220666666666666,12.5685,6.0,3,19.827634982076045,,0.0,0.0,0.0,0.0,36.1226934804467,optimal
2021-02-07 23:00:00,19,103,0.0,0.0,0.0,0.4611333333333333,13.146,6.0,3,19.77295267711474,,0.0,0.0,0.0,0.0,35.85251125393484,optimal
2021-02-07 23:30:00,19,103,0.0,0.0,0.0,0.4219,10.584,6.0,3,19.72287658452267,,0.0,0.0,0.0,0.0,35.8166587426809,optimal
2021-02-08 00:00:00,19,103,2.0,0.0,5.0,0.177,5.9745,6.0,0,19.72287658452267,,7000.0,0.0,0.0,0.0,38.15584208393822,optimal
2021-02-08 00:30:00,19,103,2.0,0.0,0.0,0.057,7.938,6.0,0,19.79451506022172,,7000.0,0.0,0.0,0.0,38.11768624185428,optimal
2021-02-08 01:00:00,19,103,2.0,0.0,0.0,0.057,8.6835,6.0,0,19.863302485943063,,7000.0,0.0,0.0,0.0,38.079568555612425,optimal
2021-02-08 01:30:00,19,103,2.0,0.0,0.0,0.177,7.665,6.0,0,19.93177784493323,,7000.0,0.0,0.0,0.0,38.041488987056816,optimal
2021-02-08 02:00:00,19,103,2.0,0.0,2.108525861381736,0.057,6.7725,6.0,0,20.00224176773709,,7000.0,0.0,0.0,0.0,39.004997282226086,optimal
2021-02-08 02:30:00,19,103,2.0,0.0,5.0,0.099,5.5755,6.0,0,20.06963313499712,,7000.0,0.0,0.0,0.0,41.34099228494385,optimal
2021-02-08 03:00:00,19,103,2.0,0.0,5.0,0.135,5.0925,6.0,0,20.137829720268417,,7000.0,0.0,0.0,0.0,43.67465129265891,optimal
2021-02-08 03:30:00,19,103,2.0,0.0,5.0,0.057,4.1895,6.0,0,20.206701568085425,,7000.0,0.0,0.0,0.0,46.005976641366246,optimal
2021-02-08 04:00:00,19,103,2.0,0.0,0.0,0.057,7.056,6.0,0,20.27339220022581,,7000.0,0.0,0.0,0.0,45.95997066472487,optimal
2021-02-08 04:30:00,19,103,2.0,0.0,5.0,0.177,5.271,6.0,0,20.339553443982364,,7000.0,0.0,0.0,0.0,48.28901069406015,optimal
2021-02-08 05:00:00,19,103,2.0,0.0,0.0,0.057,7.938,6.0,0,20.407486915819348,,7000.0,0.0,0.0,0.0,48.24072168336608,optimal
2021-02-08 05:30:00,19,103,2.0,0.0,0.0,0.057,7.938,6.0,0,20.472132477825856,,7000.0,0.0,0.0,0.0,48.19248096168271,optimal
2021-02-08 06:00:00,19,103,2.0,0.0,0.0,0.1637333333333333,11.907,6.0,0,20.53625792928303,,7000.0,0.0,0.0,0.0,48.144288480721016,optimal
2021-02-08 06:30:00,19,103,2.0,0.0,0.0,0.135,11.025,6.0,0,20.601757921093466,,7000.0,0.0,0.0,0.0,48.096144192240295,optimal
2021-02-08 07:00:00,19,103,2.0,0.0,0.0,0.123,11.2875,6.0,0,20.668834195432744,,7000.0,0.0,0.0,0.0,48.048048048048045,optimal
2021-02-08 07:30:00,19,103,2.0,0.0,0.0,0.9298666666666668,12.936,6.0,0,20.7379334479994,,7000.0,0.0,0.0,0.0,48.0,optimal
2021-02-08 08:00:00,19,103,1.4767132346182377,0.0,0.0,0.2135999999999999,13.0095,6.0,0,20.81051064011772,,5168.496321163832,0.0,0.0,0.0,47.847986655507455,optimal
2021-02-08 08:30:00,19,103,0.0,0.0,0.0,0.0623666666666666,13.671,6.0,0,20.836172220425784,,0.0,0.0,0.0,0.0,47.69612532435941,optimal
2021-02-08 09:00:00,19,103,0.0,0.0,0.0,0.3493666666666666,13.188,6.0,0,20.75145307608244,,0.0,0.0,0.0,0.0,47.54441585454251,optimal
2021-02-08 09:30:00,19,103,0.0,0.0,0.0,0.117,13.8495,6.0,0,20.671071160432287,,0.0,0.0,0.0,0.0,47.39285809419542,optimal
2021-02-08 10:00:00,19,103,2.0,0.0,0.0,0.057,13.23,6.0,0,20.58289955829885,,7000.0,0.0,0.0,0.0,47.24145189160868,optimal
2021-02-08 10:30:00,19,103,0.0,0.0,0.0,0.057,13.3665,6.0,0,20.64189829703827,,0.0,0.0,0.0,0.0,47.090197095224525,optimal
2021-02-08 11:00:00,19,103,2.0,0.0,0.0,0.177,13.0515,6.0,0,20.55259602012833,,7000.0,0.0,0.0,0.0,46.93909355363676,optimal
2021-02-08 11:30:00,19,103,0.0,0.0,0.0,0.057,13.5345,6.0,0,20.61289728246452,,0.0,0.0,0.0,0.0,46.78814111559058,optimal
2021-02-08 12:00:00,19,103,0.0,0.0,0.0,0.057,14.154,6.0,0,20.52349974177799,,0.0,0.0,0.0,0.0,46.63733962998244,optimal
2021-02-08 12:30:00,19,103,0.0,0.0,0.0,0.177,14.112,6.0,0,20.4349614382678,,0.0,0.0,0.0,0.0,46.48668894585992,optimal
2021-02-08 13:00:00,19,103,0.0,0.0,0.0,0.057,14.2485,6.0,0,20.35025819045363,,0.0,0.0,0.0,0.0,46.33618891242151,optimal
2021-02-08 13:30:00,19,103,2.0,0.0,0.0,0.177,12.789,6.0,0,20.26432050181931,,7000.0,0.0,0.0,0.0,46.18583937901655,optimal
2021-02-08 14:00:00,19,103,2.0,0.0,0.0,0.057,13.0095,6.0,0,20.329105257102096,,7000.0,0.0,0.0,0.0,46.03564019514499,optimal
2021-02-08 14:30:00,19,103,2.0,0.0,0.0,0.171,12.1275,6.0,0,20.391523723884923,,7000.0,0.0,0.0,0.0,45.88559121045731,optimal
2021-02-08 15:00:00,19,103,2.0,0.0,0.0,0.0723333333333333,12.348,6.0,0,20.45525195950636,,7000.0,0.0,0.0,0.0,45.73569227475431,optimal
2021-02-08 15:30:00,19,103,2.0,0.0,0.0,0.069,12.348,6.0,0,20.51598973744016,,7000.0,0.0,0.0,0.0,45.58594323798701,optimal
2021-02-08 16:00:00,19,103,0.0,0.0,0.0,0.165,25.389,6.0,0,20.57667880148149,,0.0,0.0,0.0,0.0,45.43634395025648,optimal
2021-02-08 16:30:00,19,103,0.0,0.0,0.0,0.0573333333333333,29.1375,6.0,0,20.491987355533404,,0.0,0.0,0.0,0.0,45.28689426181368,optimal
2021-02-08 17:00:00,19,103,0.0,0.0,0.0,0.181,30.597,6.0,0,20.404726181348,,0.0,0.0,0.0,0.0,45.13759402305932,optimal
2021-02-08 17:30:00,19,103,0.0,0.0,0.0,0.1076,33.684,6.0,0,20.31970642826217,,0.0,0.0,0.0,0.0,44.98844308454372,optimal
2021-02-08 18:00:00,19,103,0.0,0.0,0.0,0.0929666666666666,32.445,6.0,0,20.23580557471637,,0.0,0.0,0.0,0.0,44.83944129696663,optimal
2021-02-08 18:30:00,19,103,0.0,0.0,0.0,1.4939333333333331,28.917,6.0,0,20.15417140473818,,0.0,0.0,0.0,0.0,44.690588511177125,optimal
2021-02-08 19:00:00,19,103,0.0,0.0,0.0,0.2932,15.876,6.0,0,20.08180536088372,,0.0,0.0,0.0,0.0,44.5418845781734,optimal
2021-02-08 19:30:00,19,103,1.1210253662044554,0.0,0.0,0.1510333333333333,12.348,6.0,0,20.0,,3923.5887817155935,0.0,0.0,0.0,44.393329349102686,optimal
2021-02-08 20:00:00,19,103,1.0878045889630636,0.0,0.0,0.2016333333333333,12.1275,6.0,0,20.0,,3807.316061370723,0.0,0.0,0.0,44.24492267526104,optimal
2021-02-08 20:30:00,19,103,0.0,0.0,0.0,0.3339,12.348,6.0,0,20.0,,0.0,0.0,0.0,0.0,44.09666440809323,optimal
2021-02-08 21:00:00,19,103,0.0,0.0,0.0,0.3196333333333333,12.1275,6.0,0,19.92414273116792,,0.0,0.0,0.0,0.0,43.9485543991926,optimal
2021-02-08 21:30:00,19,103,0.0,0.0,0.0,1.2191666666666667,12.1275,6.0,0,19.85030904241394,,0.0,0.0,0.0,0.0,43.80059250030086,optimal
2021-02-08 22:00:00,19,103,0.0,0.0,0.0,0.234,11.2665,6.0,0,19.7821266772498,,0.0,0.0,0.0,0.0,43.75679190780056,optimal
2021-02-08 22:30:00,19,103,0.0,0.0,0.0,0.4996,10.143,6.0,0,19.708377776252792,,0.0,0.0,0.0,0.0,43.71303511589275,optimal
2021-02-08 23:00:00,19,103,0.0,0.0,0.0,0.3256666666666666,11.2455,6.0,0,19.639320553291057,,0.0,0.0,0.0,0.0,43.66932208077686,optimal
2021-02-08 23:30:00,19,103,0.0,0.0,0.0,0.0626666666666666,11.025,6.0,0,19.56752706755377,,0.0,0.0,0.0,0.0,43.62565275869608,optimal
2021-02-09 00:00:00,19,103,2.0,0.0,0.0,0.0696666666666666,11.466,6.0,2,19.56752706755377,,7000.0,0.0,0.0,0.0,43.582027105937385,optimal
2021-02-09 00:30:00,19,103,2.0,0.0,0.0,0.061,10.8045,6.0,2,19.633360188193475,,0.0,0.0,7000.0,0.0,43.53844507883145,optimal
2021-02-09 01:00:00,19,103,2.0,0.0,5.0,0.1492,10.584,6.0,2,19.551768624321145,,5709.666666666667,0.0,1290.3333333333333,0.0,45.86990663375262,optimal
2021-02-09 01:30:00,19,103,2.0,0.0,0.0,0.1114,11.2455,6.0,2,19.59282150739133,,7000.0,0.0,0.0,0.0,45.82403672711887,optimal
2021-02-09 02:00:00,19,103,2.0,0.0,0.0,0.0656666666666666,12.1275,6.0,2,19.659600815734464,,7000.0,0.0,0.0,0.0,45.77821269039175,optimal
2021-02-09 02:30:00,19,103,2.0,0.0,0.0,0.13,11.823,6.0,2,19.724562558704324,,7000.0,0.0,0.0,0.0,45.73243447770136,optimal
2021-02-09 03:00:00,19,103,2.0,0.0,0.0,0.1366,11.7705,6.0,2,19.79078260068417,,7000.0,0.0,0.0,0.0,45.68670204322365,optimal
2021-02-09 03:30:00,19,103,2.0,0.0,0.0,0.061,11.13,6.0,2,19.85719429261695,,7000.0,0.0,0.0,0.0,45.64101534118043,optimal
2021-02-09 04:00:00,19,103,2.0,0.0,0.0,0.061,11.6865,6.0,2,19.922166953218845,,7000.0,0.0,0.0,0.0,45.595374325839245,optimal
2021-02-09 04:30:00,19,103,2.0,0.0,0.6551275733490283,0.1177,10.7205,6.0,2,19.987298521748944,,7000.0,0.0,0.0,0.0,45.86096454885418,optimal
2021-02-09 05:00:00,19,103,2.0,0.0,0.0,0.1429,11.424,6.0,2,20.05287449885503,,7000.0,0.0,0.0,0.0,45.81510358430533,optimal
2021-02-09 05:30:00,19,103,2.0,0.0,5.0,0.061,10.689,6.0,2,20.11822978055036,,7000.0,0.0,0.0,0.0,48.144288480721016,optimal
2021-02-09 06:00:00,19,103,2.0,0.0,0.0,0.2026333333333333,11.361,6.0,2,20.1815645376637,,7000.0,0.0,0.0,0.0,48.096144192240295,optimal
2021-02-09 06:30:00,19,103,2.0,0.0,0.0,0.1629666666666666,11.571,6.0,2,20.248312626766648,,7000.0,0.0,0.0,0.0,48.048048048048045,optimal
2021-02-09 07:00:00,19,103,0.0,0.0,0.0,1.7147333333333332,14.3745,6.0,2,20.323730095034463,,0.0,0.0,0.0,0.0,48.0,optimal
2021-02-09 07:30:00,19,103,2.0,0.0,0.0,1.3931,13.23,6.0,2,20.26301171236157,,7000.0,0.0,0.0,0.0,47.605246542418186,optimal
2021-02-09 08:00:00,19,103,2.0,0.0,0.0,0.2966,13.9755,6.0,2,20.35302816142169,,7000.0,0.0,0.0,0.0,47.21088783829396,optimal
2021-02-09 08:30:00,19,103,0.0,0.0,0.0,0.1666,14.994,6.0,2,20.42509342407873,,0.0,0.0,0.0,0.0,46.81692349287385,optimal
2021-02-09 09:00:00,19,103,2.0,0.0,0.0,1.1953,13.671,6.0,2,20.334100462142665,,7000.0,0.0,0.0,0.0,46.42335311179916,optimal
2021-02-09 09:30:00,19,103,0.0,0.0,0.0,0.6426666666666666,15.981,6.0,2,20.40040227368436,,0.0,0.0,0.0,0.0,46.03017630110555,optimal
2021-02-09 10:00:00,19,103,0.0,0.0,0.0,1.2486666666666668,15.6345,6.0,2,20.327130594948965,,0.0,0.0,0.0,0.0,45.63739266722263,optimal
2021-02-09 10:30:00,19,103,0.0,0.0,0.0,0.7246666666666667,16.5375,6.0,2,20.26280377777583,,0.0,0.0,0.0,0.0,45.24500181697359,optimal
2021-02-09 11:00:00,19,103,0.0,0.0,0.0,0.3366,14.7735,6.0,2,20.195112730866857,,0.0,0.0,0.0,0.0,44.853003357574806,optimal
2021-02-09 11:30:00,19,103,0.0,0.0,0.0,0.479,15.2145,6.0,2,20.123053317331784,,0.0,0.0,0.0,0.0,44.46139689663542,optimal
2021-02-09 12:00:00,19,103,0.2779043016308075,0.0,0.0,0.2517333333333333,14.553,6.0,2,20.054387348652256,,972.6650557078262,0.0,0.0,0.0,44.07018204215697,optimal
2021-02-09 12:30:00,19,103,2.0,0.0,0.0,0.1198,14.3325,6.0,2,20.0,,7000.0,0.0,0.0,0.0,43.679358402533005,optimal
2021-02-09 13:00:00,19,103,1.138639494965691,0.0,0.0,1.4096,14.595,6.0,2,20.07018223883452,,3985.238232379919,0.0,0.0,0.0,43.28892558654866,optimal
2021-02-09 13:30:00,19,103,0.0,0.0,0.0,0.459,14.994,6.0,2,20.08343808045436,,0.0,0.0,0.0,0.0,42.89888320338029,optimal
2021-02-09 14:00:00,19,103,2.0,0.0,0.0,0.2560666666666666,14.3325,6.0,2,20.006178203592924,,7000.0,0.0,0.0,0.0,42.5092308625951,optimal
2021-02-09 14:30:00,19,103,2.0,0.0,0.0,0.4792,13.8915,6.0,2,20.076448318489607,,7000.0,0.0,0.0,0.0,42.1199681741507,optimal
2021-02-09 15:00:00,19,103,2.0,0.0,0.0,0.3187,13.8915,6.0,2,20.15520174694221,,7000.0,0.0,0.0,0.0,41.73109474839474,optimal
2021-02-09 15:30:00,19,103,2.0,0.0,0.0,0.3463,13.4715,6.0,2,20.228972086630822,,7000.0,0.0,0.0,0.0,41.34261019606453,optimal
2021-02-09 16:00:00,19,103,2.0,0.0,0.0,0.2203,13.23,6.0,2,20.306376878248667,,7000.0,0.0,0.0,0.0,41.30126758586847,optimal
2021-02-09 16:30:00,19,103,2.0,0.0,0.0,0.2851,13.8915,6.0,2,20.38492508589579,,7000.0,0.0,0.0,0.0,41.2599663182826,optimal
2021-02-09 17:00:00,19,103,0.0,0.0,0.0,0.5112666666666666,26.9325,6.0,2,20.464611141362813,,0.0,0.0,0.0,0.0,41.21870635196432,optimal
2021-02-09 17:30:00,19,103,0.0,0.0,0.0,0.3992,30.303,6.0,2,20.40112723006131,,0.0,0.0,0.0,0.0,41.17748764561235,optimal
2021-02-09 18:00:00,19,103,0.0,0.0,0.0,0.3919666666666666,32.886,6.0,2,20.335385246312,,0.0,0.0,0.0,0.0,41.13631015796674,optimal
2021-02-09 18:30:00,19,103,0.0,0.0,0.0,0.3173999999999999,34.9965,6.0,2,20.26908648311074,,0.0,0.0,0.0,0.0,41.09517384780877,optimal
2021-02-09 19:00:00,19,103,0.0,0.0,0.0,0.4146666666666667,33.327,6.0,2,20.198851240692125,,0.0,0.0,0.0,0.0,41.054078673960966,optimal
2021-02-09 19:30:00,19,103,0.0,0.0,0.0,0.457,31.122,6.0,2,20.13103355036436,,0.0,0.0,0.0,0.0,41.01302459528701,optimal
2021-02-09 20:00:00,19,103,0.0,0.0,0.0,0.4366,17.9025,6.0,2,20.06465674100628,,0.0,0.0,0.0,0.0,40.97201157069172,optimal
2021-02-09 20:30:00,19,103,0.0,0.0,0.0,0.3926,15.6555,6.0,2,20.0,,0.0,0.0,0.0,0.0,40.93103955912103,optimal
2021-02-09 21:00:00,19,103,0.0,0.0,0.0,0.5088,14.553,6.0,2,19.930435910541444,,0.0,0.0,0.0,0.0,40.89010851956191,optimal
2021-02-09 21:30:00,19,103,0.0,0.0,0.0,0.3561,14.3325,6.0,2,19.865457454523444,,0.0,0.0,0.0,0.0,40.84921841104234,optimal
2021-02-09 22:00:00,19,103,0.0,0.0,0.0,0.3339,13.335,6.0,2,19.794494384516167,,0.0,0.0,0.0,0.0,40.8083691926313,optimal
2021-02-09 22:30:00,19,103,0.1592380952380952,0.0,0.0,0.2751,12.1275,6.0,2,19.725471262144808,,0.0,0.0,557.3333333333334,0.0,40.76756082343867,optimal
2021-02-09 23:00:00,19,103,0.0,0.0,0.0,0.2249666666666666,12.2955,6.0,2,19.655704736729483,,0.0,0.0,0.0,0.0,40.72679326261523,optimal
2021-02-09 23:30:00,19,103,0.0995238095238095,0.0,0.0,0.3734333333333333,11.6865,6.0,2,19.584257929305178,,0.0,0.0,348.3333333333333,0.0,40.68606646935262,optimal
2021-02-10 00:00:00,19,103,2.0,0.0,5.0,0.0673333333333333,10.8675,6.0,-8,19.584257929305178,,7000.0,0.0,0.0,0.0,43.02038040288326,optimal
2021-02-10 00:30:00,19,103,2.0,0.0,5.0,0.13,10.542,6.0,-8,19.64908255028261,,5429.713333333333,0.0,1570.2866666666666,0.0,45.352360022480376,optimal
2021-02-10 01:00:00,19,103,2.0,0.0,1.8850031534632337,0.061,11.025,6.0,-8,19.681556717664744,,7000.0,0.0,0.0,0.0,46.20238416035293,optimal
2021-02-10 01:30:00,19,103,2.0,0.0,5.0,0.061,11.025,6.0,-8,19.74503258834235,,7000.0,0.0,0.0,0.0,48.53118177619257,optimal
2021-02-10 02:00:00,19,103,2.0,0.0,0.0,0.061,14.553,6.0,-8,19.80776682084912,,7000.0,0.0,0.0,0.0,48.48265059441637,optimal
2021-02-10 02:30:00,19,103,2.0,0.0,0.0,0.13,13.0935,6.0,-8,19.869762779762187,,7000.0,0.0,0.0,0.0,48.434167943821954,optimal
2021-02-10 03:00:00,19,103,2.0,0.0,0.0,0.061,15.6345,6.0,-8,19.932929960813592,,7000.0,0.0,0.0,0.0,48.38573377587813,optimal
2021-02-10 03:30:00,19,103,0.0,0.0,0.0,0.0955,18.102,6.0,-8,19.994358094262296,,0.0,0.0,0.0,0.0,48.33734804210225,optimal
2021-02-10 04:00:00,19,103,2.0,0.0,0.0,0.0955,17.199,6.0,-8,19.908880932157984,,7000.0,0.0,0.0,0.0,48.28901069406015,optimal
2021-02-10 04:30:00,19,103,0.0,0.0,0.0,0.061,18.2805,6.0,-8,19.97114440749079,,0.0,0.0,0.0,0.0,48.24072168336608,optimal
2021-02-10 05:00:00,19,103,2.0,0.0,0.0,0.1108333333333333,17.4615,6.0,-8,19.884592651170497,,7000.0,0.0,0.0,0.0,48.19248096168271,optimal
2021-02-10 05:30:00,19,103,0.3156743526571545,0.0,0.0,0.0801666666666666,18.3225,6.0,-8,19.94638175108952,,1104.860234300041,0.0,0.0,0.0,48.144288480721016,optimal
2021-02-10 06:00:00,19,103,2.0,0.0,0.0,0.1223333333333333,17.094,6.0,-8,19.88269622318058,,7000.0,0.0,0.0,0.0,48.096144192240295,optimal
2021-02-10 06:30:00,19,103,2.0,0.0,0.0,0.0686666666666666,17.094,6.0,-8,19.94382866972151,,7000.0,0.0,0.0,0.0,48.048048048048045,optimal
2021-02-10 07:00:00,19,103,2.0,0.0,0.0,0.059,17.094,6.0,-8,20.004461409084687,,7000.0,0.0,0.0,0.0,48.0,optimal
2021-02-10 07:30:00,19,103,2.0,0.0,0.0,0.0626666666666666,17.3565,6.0,-8,20.06894151245494,,7000.0,0.0,0.0,0.0,47.76794736207767,optimal
2021-02-10 08:00:00,19,103,2.0,0.0,0.0,0.0653333333333333,17.115,6.0,-8,20.13421018791444,,7000.0,0.0,0.0,0.0,47.53612677679327,optimal
2021-02-10 08:30:00,19,103,2.0,0.0,0.0,0.1293333333333333,17.241,6.0,-8,20.196229196507065,,7000.0,0.0,0.0,0.0,47.30453801209415,optimal
2021-02-10 09:00:00,19,103,2.0,0.0,0.0,0.061,17.094,6.0,-8,20.255421914209496,,7000.0,0.0,0.0,0.0,47.07318083615973,optimal
2021-02-10 09:30:00,19,103,2.0,0.0,0.0,0.1131666666666666,16.5165,6.0,-8,20.311443307296248,,7000.0,0.0,0.0,0.0,46.84205501740124,optimal
2021-02-10 10:00:00,19,103,2.0,0.0,0.0,0.0901666666666666,17.8185,6.0,-8,20.372254290787208,,7000.0,0.0,0.0,0.0,46.61116032446152,optimal
2021-02-10 10:30:00,19,103,2.0,0.0,0.0,0.071,17.094,6.0,-8,20.42996379369104,,7000.0,0.0,0.0,0.0,46.38049652621473,optimal
2021-02-10 11:00:00,19,103,2.0,0.0,0.0,0.071,16.8945,6.0,-8,20.48768852315604,,7000.0,0.0,0.0,0.0,46.15006339176619,optimal
2021-02-10 11:30:00,19,103,2.0,0.0,0.0,0.1093333333333333,18.123,6.0,-8,20.5458318776233,,7000.0,0.0,0.0,0.0,45.9198606904521,optimal
2021-02-10 12:00:00,19,103,0.0,0.0,0.0,0.1016666666666666,31.647,6.0,-8,20.60497205471381,,0.0,0.0,0.0,0.0,45.68988819183932,optimal
2021-02-10 12:30:00,19,103,0.0,0.0,0.0,0.071,34.9965,6.0,-8,20.51678336050414,,0.0,0.0,0.0,0.0,45.46014566572515,optimal
2021-02-10 13:00:00,19,103,0.0,0.0,0.0,0.0673333333333333,34.9965,6.0,-8,20.428349204587217,,0.0,0.0,0.0,0.0,45.23063288213709,optimal
2021-02-10 13:30:00,19,103,0.0,0.0,0.0,0.0646666666666666,34.9965,6.0,-8,20.340316246089472,,0.0,0.0,0.0,0.0,45.00134961133263,optimal
2021-02-10 14:00:00,19,103,0.0,0.0,0.0,0.0825,34.9965,6.0,-8,20.25359000176059,,0.0,0.0,0.0,0.0,44.77229562379897,optimal
2021-02-10 14:30:00,19,103,0.0,0.0,0.0,0.1285,34.9965,6.0,-8,20.16840662291092,,0.0,0.0,0.0,0.0,44.54347069025284,optimal
2021-02-10 15:00:00,19,103,0.0,0.0,0.0,0.0711666666666666,27.741,6.0,-8,20.08457801279021,,0.0,0.0,0.0,0.0,44.31487458164026,optimal
2021-02-10 15:30:00,19,103,1.1375491061294605,0.0,0.0,0.1261666666666666,19.026,6.0,-8,20.0,,3981.4218714531103,0.0,0.0,0.0,44.086507069136296,optimal
2021-02-10 16:00:00,19,103,1.1264071431637737,0.0,0.0,0.0596666666666666,18.7215,6.0,-8,20.0,,3942.425001073208,0.0,0.0,0.0,43.85836792414483,optimal
2021-02-10 16:30:00,19,103,1.0696213449371732,0.0,0.0,0.1986666666666666,17.4195,6.0,-8,20.0,,3432.9613739467736,0.0,310.71333333333325,0.0,43.63045691829836,optimal
2021-02-10 17:00:00,19,103,1.0199327167346786,0.0,0.0,0.211,16.758,6.0,-8,20.0,,3360.764508571375,0.0,209.0,0.0,43.40277382345773,optimal
2021-02-10 17:30:00,19,103,1.0453586901008227,0.0,0.0,0.2330333333333333,14.217,6.0,-8,20.0,,3240.75541535288,0.0,418.0,0.0,43.17531841171194,optimal
2021-02-10 18:00:00,19,103,0.9951751490944708,0.0,0.0,0.0849,13.3665,6.0,-8,20.0,,3413.446355163982,0.0,69.66666666666666,0.0,42.9480904553779,optimal
2021-02-10 18:30:00,19,103,1.1991292669269216,0.0,0.0,0.1322333333333333,12.789,6.0,-8,20.0,,3569.952434244225,0.0,627.0,0.0,42.7210897270002,optimal
2021-02-10 19:00:00,19,103,1.046544337140345,0.0,0.0,0.4874,11.907,6.0,-8,20.0,,3453.905179991207,0.0,209.0,0.0,42.49431599935087,optimal
2021-02-10 19:30:00,19,103,1.0957154226903811,0.0,0.0,0.3476666666666667,11.7075,6.0,-8,20.0,,3695.670646083,0.0,139.33333333333331,0.0,42.26776904542919,optimal
2021-02-10 20:00:00,19,103,1.960299841573789,0.0,0.0,0.4141666666666667,10.8045,6.0,-8,20.0,,3586.716112174927,0.0,3274.333333333333,0.0,42.04144863846143,optimal
2021-02-10 20:30:00,19,103,0.0,0.0,0.0,0.365,11.508,6.0,-8,20.0,,0.0,0.0,0.0,0.0,41.81535455190064,optimal
2021-02-10 21:00:00,19,103,0.0,0.0,0.0,0.3708999999999999,11.508,6.0,-8,19.92745906242467,,0.0,0.0,0.0,0.0,41.58948655942641,optimal
2021-02-10 21:30:00,19,103,0.0,0.0,0.0,0.5370333333333333,11.508,6.0,-8,19.85337143732141,,0.0,0.0,0.0,0.0,41.36384443494466,optimal
2021-02-10 22:00:00,19,103,0.0,0.0,0.0,0.5666,11.844,6.0,-8,19.775514455449,,0.0,0.0,0.0,0.0,41.138427952587385,optimal
2021-02-10 22:30:00,19,103,0.0,0.0,0.0,0.2324666666666666,11.508,6.0,-8,19.69283375142596,,0.0,0.0,0.0,0.0,41.0972895246348,optimal
2021-02-10 23:00:00,19,103,0.0,0.0,0.0,0.5381,11.508,6.0,-8,19.606285529277432,,0.0,0.0,0.0,0.0,41.05619223511016,optimal
2021-02-10 23:30:00,19,103,0.0,0.0,0.0,0.2722,10.4475,6.0,-8,19.52220596545052,,0.0,0.0,0.0,0.0,41.01513604287505,optimal
2021-02-11 00:00:00,19,103,2.0,0.0,1.3919424469215875,0.056,11.025,6.0,-6,19.52220596545052,,7000.0,0.0,0.0,0.0,41.63529356911993,optimal
2021-02-11 00:30:00,19,103,2.0,0.0,5.0,0.1602666666666666,10.584,6.0,-6,19.57035783891284,,4395.25727325076,0.0,2604.7427267492403,0.0,43.96865827555081,optimal
2021-02-11 01:00:00,19,103,2.0,0.0,5.0,0.0866666666666666,11.025,6.0,-6,19.56610889009664,,7000.0,0.0,0.0,0.0,46.299689617275256,optimal
2021-02-11 01:30:00,19,103,2.0,0.0,5.0,0.056,10.4265,6.0,-6,19.61561447231545,,7000.0,0.0,0.0,0.0,48.62838992765797,optimal
2021-02-11 02:00:00,19,103,2.0,0.0,0.0,0.1909333333333333,12.789,6.0,-6,19.66424991757137,,7000.0,0.0,0.0,0.0,48.57976153773031,optimal
2021-02-11 02:30:00,19,103,2.0,0.0,0.0,0.056,12.684,6.0,-6,19.715505120933056,,7000.0,0.0,0.0,0.0,48.53118177619257,optimal
2021-02-11 03:00:00,19,103,2.0,0.0,0.0,0.1909333333333333,16.254,6.0,-6,19.76323372572137,,7000.0,0.0,0.0,0.0,48.48265059441637,optimal
2021-02-11 03:30:00,19,103,2.0,0.0,0.0,0.056,17.64,6.0,-6,19.813132534382923,,7000.0,0.0,0.0,0.0,48.434167943821954,optimal
2021-02-11 04:00:00,19,103,2.0,0.0,0.0,0.1418666666666666,19.1625,6.0,-6,19.86109873698388,,7000.0,0.0,0.0,0.0,48.38573377587813,optimal
2021-02-11 04:30:00,19,103,0.0,0.0,0.0,0.1050666666666666,26.46,6.0,-6,19.91178903118922,,0.0,0.0,0.0,0.0,48.33734804210225,optimal
2021-02-11 05:00:00,19,103,2.0,0.0,0.0,0.056,20.79,6.0,-6,19.814121849935344,,7000.0,0.0,0.0,0.0,48.28901069406015,optimal
2021-02-11 05:30:00,19,103,0.0,0.0,0.0,0.1848,29.106,6.0,-6,19.863217735025625,,0.0,0.0,0.0,0.0,48.24072168336608,optimal
2021-02-11 06:00:00,19,103,2.0,0.0,0.0,0.0621333333333333,19.1835,6.0,-6,19.768583496218515,,7000.0,0.0,0.0,0.0,48.19248096168271,optimal
2021-02-11 06:30:00,19,103,2.0,0.0,0.0,0.0853333333333333,19.6665,6.0,-6,19.820283424943145,,7000.0,0.0,0.0,0.0,48.144288480721016,optimal
2021-02-11 07:00:00,19,103,2.0,0.0,0.0,0.3473333333333333,19.404,6.0,-6,19.876206135903352,,7000.0,0.0,0.0,0.0,48.096144192240295,optimal
2021-02-11 07:30:00,19,103,2.0,0.0,0.0,0.064,19.047,6.0,-6,19.939548973988888,,7000.0,0.0,0.0,0.0,48.048048048048045,optimal
2021-02-11 08:00:00,19,103,2.0,0.0,0.0,0.2085666666666666,18.858,6.0,-6,20.0,,3822.125278596737,0.0,3177.874721403263,0.0,48.0,optimal
2021-02-11 08:30:00,19,103,2.0,0.0,0.0,0.081,19.2675,6.0,-6,20.0,,4482.019224918508,0.0,2517.980775081492,0.0,47.79750032099816,optimal
2021-02-11 09:00:00,19,103,2.0,0.0,0.0,0.0787333333333333,18.963,6.0,-6,20.0,,5477.598223233995,0.0,1522.401776766005,0.0,47.59520314167533,optimal
2021-02-11 09:30:00,19,103,2.0,0.0,0.0,0.0902666666666666,18.438,6.0,-6,20.02389189961369,,7000.0,0.0,0.0,0.0,47.39310825953181,optimal
2021-02-11 10:00:00,19,103,2.0,0.0,0.0,0.1973333333333332,18.7425,6.0,-6,20.08645450952968,,7000.0,0.0,0.0,0.0,47.19121547227044,optimal
2021-02-11 10:30:00,19,103,2.0,0.0,0.0,0.0706666666666666,15.2145,6.0,-6,20.152424134820304,,7000.0,0.0,0.0,0.0,46.98952457779634,optimal
2021-02-11 11:00:00,19,103,2.0,0.0,0.0,0.5451,17.7765,6.0,-6,20.210951881526093,,7000.0,0.0,0.0,0.0,46.78803537421671,optimal
2021-02-11 11:30:00,19,103,2.0,0.0,0.0,0.066,16.758,6.0,-6,20.27326997903712,,7000.0,0.0,0.0,0.0,46.58674765984065,optimal
2021-02-11 12:00:00,19,103,2.0,0.0,0.0,0.1028,16.422,6.0,-6,20.32976881553126,,7000.0,0.0,0.0,0.0,46.38566123317897,optimal
2021-02-11 12:30:00,19,103,2.0,0.0,0.0,0.1641333333333333,16.758,6.0,-6,20.390188503245184,,7000.0,0.0,0.0,0.0,46.184775892943954,optimal
2021-02-11 13:00:00,19,103,0.0,0.0,0.0,0.755,29.358,6.0,-6,20.454574021500484,,0.0,0.0,0.0,0.0,45.98409143804917,optimal
2021-02-11 13:30:00,19,103,0.0,0.0,0.0,0.5483333333333333,34.9965,6.0,-6,20.38440902632028,,0.0,0.0,0.0,0.0,45.78360766760928,optimal
2021-02-11 14:00:00,19,103,0.0,0.0,0.0,0.1344,34.65,6.0,-6,20.318063763957664,,0.0,0.0,0.0,0.0,45.58332438093984,optimal
2021-02-11 14:30:00,19,103,0.0,0.0,0.0,0.1609,34.9965,6.0,-6,20.24544618048744,,0.0,0.0,0.0,0.0,45.383241377557056,optimal
2021-02-11 15:00:00,19,103,0.0,0.0,0.0,0.207,34.9965,6.0,-6,20.1742330775668,,0.0,0.0,0.0,0.0,45.18335845717766,optimal
2021-02-11 15:30:00,19,103,0.0,0.0,0.0,0.1655,30.4815,6.0,-6,20.106655038729123,,0.0,0.0,0.0,0.0,44.98367541971864,optimal
2021-02-11 16:00:00,19,103,0.6311740494290514,0.0,0.0,0.2428,21.4305,6.0,-6,20.031180745289475,,2209.10917300168,0.0,0.0,0.0,44.78419206529709,optimal
2021-02-11 16:30:00,19,103,1.050293749487088,0.0,0.0,0.3107,14.3325,6.0,-6,20.0,,3467.028123204808,0.0,209.0,0.0,44.584908194229946,optimal
2021-02-11 17:00:00,19,103,2.0,0.0,0.0,0.3243666666666667,13.692,6.0,-6,20.0,,6164.0,0.0,836.0,0.0,44.38582360703388,optimal
2021-02-11 17:30:00,19,103,0.4184579262555744,0.0,0.0,0.2989333333333333,14.007,6.0,-6,20.050717619529475,,1464.6027418945105,0.0,0.0,0.0,44.186938104425,optimal
2021-02-11 18:00:00,19,103,1.1971587503419276,0.0,0.0,0.3509333333333333,12.873,6.0,-6,20.0,,4190.055626196747,0.0,0.0,0.0,43.98825148731874,optimal
2021-02-11 18:30:00,19,103,1.4228233351991215,0.0,0.0,0.3079333333333333,12.684,6.0,-6,20.0,,4009.850210908936,0.0,970.0314622879896,0.0,43.789763556829584,optimal
2021-02-11 19:00:00,19,103,2.0,0.0,0.0,0.214,12.306,6.0,-6,20.0,,4626.03146228799,0.0,2373.9685377120104,0.0,43.59147411427092,optimal
2021-02-11 19:30:00,19,103,2.0,0.0,0.0,0.1396,10.6365,6.0,-6,20.0,,7000.0,0.0,0.0,0.0,43.393382961154806,optimal
2021-02-11 20:00:00,19,103,1.1956169656909166,0.0,0.0,0.066,11.2455,6.0,-6,20.032294617432985,,4184.659379918208,0.0,0.0,0.0,43.19548989919181,optimal
2021-02-11 20:30:00,19,103,0.0,0.0,0.0,0.4131,11.2455,6.0,-6,20.0,,0.0,0.0,0.0,0.0,42.99779473029079,optimal
2021-02-11 21:00:00,19,103,0.0995238095238095,0.0,0.0,0.3724333333333333,11.025,6.0,-6,19.89325259066787,,0.0,0.0,348.33333333333326,0.0,42.80029725655866,optimal
2021-02-11 21:30:00,19,103,0.0,0.0,0.0,0.5905333333333334,12.0855,6.0,-6,19.79320743209023,,0.0,0.0,0.0,0.0,42.60299728030026,optimal
2021-02-11 22:00:00,19,103,0.0,0.0,0.0,0.3041,11.6865,6.0,-6,19.70909234303545,,0.0,0.0,0.0,0.0,42.40589460401812,optimal
2021-02-11 22:30:00,19,103,0.0,0.0,0.0,0.1521666666666666,11.2245,6.0,-6,19.615622980397788,,0.0,0.0,0.0,0.0,42.20898903041227,optimal
2021-02-11 23:00:00,19,103,0.0,0.0,0.0,0.4377,11.025,6.0,-6,19.518772956287894,,0.0,0.0,0.0,0.0,42.01228036238002,optimal
2021-02-11 23:30:00,19,103,0.0,0.0,0.0,0.3075666666666666,10.7835,6.0,-6,19.427762951029585,,0.0,0.0,0.0,0.0,41.97026808201764,optimal
2021-02-12 00:00:00,19,103,2.0,0.0,0.0,0.1,11.025,6.0,-2,19.427762951029585,,7000.0,0.0,0.0,0.0,41.92829781393562,optimal
2021-02-12 00:30:00,19,103,2.0,0.0,0.0,0.1459333333333333,10.3635,6.0,-2,19.46667380644725,,6024.666666666667,0.0,975.3333333333334,0.0,41.88636951612169,optimal
2021-02-12 01:00:00,19,103,2.0,0.0,0.0,0.0625333333333333,10.8045,6.0,-2,19.483949349935468,,7000.0,0.0,0.0,0.0,41.84448314660557,optimal
2021-02-12 01:30:00,19,103,2.0,0.0,4.135288801344135,0.1017333333333333,10.059,6.0,-2,19.51788019061064,,7000.0,0.0,0.0,0.0,43.76690084409742,optimal
2021-02-12 02:00:00,19,103,2.0,0.0,0.0,0.0690666666666666,10.584,6.0,-2,19.55293594209069,,7000.0,0.0,0.0,0.0,43.72313394325332,optimal
2021-02-12 02:30:00,19,103,2.0,0.0,5.0,0.0788666666666666,9.4185,6.0,-2,19.58759867837092,,7000.0,0.0,0.0,0.0,46.05441080931006,optimal
2021-02-12 03:00:00,19,103,2.0,0.0,0.0,0.0919333333333333,10.3635,6.0,-2,19.62367145964837,,7000.0,0.0,0.0,0.0,46.00835639850075,optimal
2021-02-12 03:30:00,19,103,2.0,0.0,5.0,0.0919333333333333,9.8385,6.0,-2,19.661216653661707,,7000.0,0.0,0.0,0.0,48.33734804210225,optimal
2021-02-12 04:00:00,19,103,2.0,0.0,0.0,0.0788666666666666,11.067,6.0,-2,19.70176719499962,,7000.0,0.0,0.0,0.0,48.28901069406015,optimal
2021-02-12 04:30:00,19,103,2.0,0.0,0.0,0.0886666666666666,10.8465,6.0,-2,19.745034390692545,,7000.0,0.0,0.0,0.0,48.24072168336608,optimal
2021-02-12 05:00:00,19,103,2.0,0.0,0.0,0.0821333333333333,13.671,6.0,-2,19.791487268799976,,7000.0,0.0,0.0,0.0,48.19248096168271,optimal
2021-02-12 05:30:00,19,103,2.0,0.0,0.0,0.1017333333333333,12.348,6.0,-2,19.840767553563744,,7000.0,0.0,0.0,0.0,48.144288480721016,optimal
2021-02-12 06:00:00,19,103,2.0,0.0,0.0,0.0690666666666666,14.3325,6.0,-2,19.893866203540856,,7000.0,0.0,0.0,0.0,48.096144192240295,optimal
2021-02-12 06:30:00,19,103,2.0,0.0,0.0,0.1148,15.393,6.0,-2,19.94966566137135,,7000.0,0.0,0.0,0.0,48.048048048048045,optimal
2021-02-12 07:00:00,19,103,2.0,0.0,0.0,0.0823333333333333,13.587,6.0,-2,20.00662834835844,,7000.0,0.0,0.0,0.0,48.0,optimal
2021-02-12 07:30:00,19,103,0.097116348036198,0.0,0.0,1.1874,16.1385,6.0,-2,20.065621877544235,,339.9072181266929,0.0,0.0,0.0,47.89809746657974,optimal
2021-02-12 08:00:00,19,103,1.5692524330964608,0.0,0.0,1.2618333333333334,14.595,6.0,-2,20.0,,3193.3835158376137,0.0,2299.0,0.0,47.79629683569291,optimal
2021-02-12 08:30:00,19,103,1.2566037777269814,0.0,0.0,0.351,14.637,6.0,-2,20.0,,4398.113222044435,0.0,0.0,0.0,47.69459800543696,optimal
2021-02-12 09:00:00,19,103,1.2255284353870552,0.0,0.0,0.3512,13.9125,6.0,-2,20.0,,4080.349523854693,0.0,209.0,0.0,47.59300087401127,optimal
2021-02-12 09:30:00,19,103,1.302323779576176,0.0,0.0,0.3248666666666667,13.3665,6.0,-2,20.0,,3791.7998951832815,0.0,766.3333333333334,0.0,47.491505339717,optimal
2021-02-12 10:00:00,19,103,2.0,0.0,0.0,0.2841333333333333,13.0095,6.0,-2,20.005745017086834,,7000.0,0.0,0.0,0.0,47.39011130095703,optimal
2021-02-12 10:30:00,19,103,0.0,0.0,0.0,1.050366666666667,13.8915,6.0,-2,20.07637501486897,,0.0,0.0,0.0,0.0,47.28881865623582,optimal
2021-02-12 11:00:00,19,103,1.547618104092319,0.0,0.0,0.8566,13.188,6.0,-2,20.0,,3486.043640977235,0.0,1930.6197233458813,0.0,47.18762730415933,optimal
2021-02-12 11:30:00,19,103,2.0,0.0,0.0,1.5240333333333334,12.5685,6.0,-2,20.0,,6004.6197233458815,0.0,995.3802766541183,0.0,47.08653714343491,optimal
2021-02-12 12:00:00,19,103,2.0,0.0,0.0,0.2788666666666666,12.285,6.0,-2,20.0766569933549,,7000.0,0.0,0.0,0.0,46.98554807287122,optimal
2021-02-12 12:30:00,19,103,2.0,0.0,0.0,1.3928333333333334,11.487,6.0,-2,20.15477254115039,,7000.0,0.0,0.0,0.0,46.88465999137809,optimal
2021-02-12 13:00:00,19,103,2.0,0.0,0.0,1.9797,11.802,6.0,-2,20.23301012529236,,7000.0,0.0,0.0,0.0,46.78387279796646,optimal
2021-02-12 13:30:00,19,103,2.0,0.0,0.0,0.1512666666666667,11.2245,6.0,-2,20.327413532258703,,7000.0,0.0,0.0,0.0,46.68318639174824,optimal
2021-02-12 14:00:00,19,103,2.0,0.0,0.0,0.2562,11.025,6.0,-2,20.396895005905748,,7000.0,0.0,0.0,0.0,46.58260067193624,optimal
2021-02-12 14:30:00,19,103,2.0,0.0,0.0,2.1229333333333336,11.907,6.0,-2,20.465143925023515,,7000.0,0.0,0.0,0.0,46.48211553784404,optimal
2021-02-12 15:00:00,19,103,0.0,0.0,0.0,0.1543333333333333,25.83,6.0,-2,20.54542209549354,,0.0,0.0,0.0,0.0,46.38173088888594,optimal
2021-02-12 15:30:00,19,103,0.0,0.0,0.0,0.1498,28.035,6.0,-2,20.45782180296929,,0.0,0.0,0.0,0.0,46.2814466245768,optimal
2021-02-12 16:00:00,19,103,0.0,0.0,0.0,0.9179,28.119,6.0,-2,20.369644278400248,,0.0,0.0,0.0,0.0,46.18126264453196,optimal
2021-02-12 16:30:00,19,103,0.0,0.0,0.0,0.233,30.156,6.0,-2,20.290079027584536,,0.0,0.0,0.0,0.0,46.081178848467175,optimal
2021-02-12 17:00:00,19,103,0.0,0.0,0.0,0.1008666666666666,29.1585,6.0,-2,20.211555413286952,,0.0,0.0,0.0,0.0,45.98119513619845,optimal
2021-02-12 17:30:00,19,103,0.0,0.0,0.0,0.1728333333333333,26.712,6.0,-2,20.1383561849314,,0.0,0.0,0.0,0.0,45.881311407642,optimal
2021-02-12 18:00:00,19,103,0.0,0.0,0.0,0.1466333333333333,15.435,6.0,-2,20.0683606327297,,0.0,0.0,0.0,0.0,45.7815275628141,optimal
2021-02-12 18:30:00,19,103,0.9573379295541152,0.0,0.0,0.2184666666666666,13.566,6.0,-2,20.0,,3350.682753439404,0.0,0.0,0.0,45.68184350183103,optimal
2021-02-12 19:00:00,19,103,1.5402643371403226,0.0,0.0,0.2644666666666666,12.789,6.0,-2,20.0,,2952.591846657796,0.0,2438.333333333333,0.0,45.58225912490894,optimal
2021-02-12 19:30:00,19,103,1.717816063340514,0.0,0.0,0.2411333333333333,12.1275,6.0,-2,20.0,,5385.356221691799,0.0,627.0,0.0,45.482774332363775,optimal
2021-02-12 20:00:00,19,103,0.0,0.0,0.0,1.2623,13.671,6.0,-2,20.05519163316381,,0.0,0.0,0.0,0.0,45.38338902461116,optimal
2021-02-12 20:30:00,19,103,2.0,0.0,0.0,0.3818666666666667,10.668,6.0,-2,20.0,,0.0,0.0,7000.0,0.0,45.28410310216629,optimal
2021-02-12 21:00:00,19,103,0.0,0.0,0.0,0.2879333333333333,11.7285,6.0,-2,19.94513585552606,,0.0,0.0,0.0,0.0,45.23881899906412,optimal
2021-02-12 21:30:00,19,103,0.1298095238095235,0.0,0.0,0.192,11.025,6.0,-2,19.887196880312025,,0.0,0.0,454.3333333333323,0.0,45.19358018006505,optimal
2021-02-12 22:00:00,19,103,0.418,0.0,0.0,0.3048,10.689,6.0,-2,19.829127304640245,,0.0,0.0,1463.0,0.0,45.14838659988499,optimal
2021-02-12 22:30:00,19,103,0.0,0.0,0.0,0.1746666666666666,8.1585,6.0,-2,19.77063020857321,,0.0,0.0,0.0,0.0,45.1032382132851,optimal
2021-02-12 23:00:00,19,103,0.0,0.0,0.0,0.066,10.3635,6.0,-2,19.70054781735935,,0.0,0.0,0.0,0.0,45.058134975071816,optimal
2021-02-12 23:30:00,19,103,0.0,0.0,0.0,0.064,10.8045,6.0,-2,19.615947741980523,,0.0,0.0,0.0,0.0,45.01307684009674,optimal
2021-02-13 00:00:00,19,103,0.0,0.0,0.0,0.063,14.595,6.0,10,19.615947741980523,,0.0,0.0,0.0,0.0,44.96806376325664,optimal
2021-02-13 00:30:00,19,103,0.0,0.0,0.0,0.063,12.4845,6.0,10,19.53187882316328,,0.0,0.0,0.0,0.0,44.92309569949339,optimal
2021-02-13 01:00:00,19,103,0.2985714285714285,0.0,0.0,0.1678666666666666,12.1275,6.0,10,19.448418132504145,,0.0,0.0,1045.0,0.0,44.87817260379389,optimal
2021-02-13 01:30:00,19,103,1.037595337021507,0.0,0.0,0.063,12.1275,6.0,10,19.36777039676384,,3631.583679575275,0.0,0.0,0.0,44.8332944311901,optimal
2021-02-13 02:00:00,19,103,0.0,0.0,0.0,0.1202,12.789,6.0,10,19.361954199709373,,0.0,0.0,0.0,0.0,44.788461136758905,optimal
2021-02-13 02:30:00,19,103,2.0,0.0,0.0,0.1106666666666666,11.907,6.0,10,19.28114898891369,,7000.0,0.0,0.0,0.0,44.74367267562214,optimal
2021-02-13 03:00:00,19,103,2.0,0.0,0.0,0.0677666666666666,11.025,6.0,10,19.34786253983953,,7000.0,0.0,0.0,0.0,44.69892900294652,optimal
2021-02-13 03:30:00,19,103,2.0,0.0,0.0,0.1631,8.2005,6.0,10,19.41337037005128,,7000.0,0.0,0.0,0.0,44.65423007394357,optimal
2021-02-13 04:00:00,19,103,2.0,0.0,0.0,0.063,9.5655,6.0,10,19.48036098342086,,7000.0,0.0,0.0,0.0,44.60957584386963,optimal
2021-02-13 04:30:00,19,103,2.0,0.0,5.0,0.1297333333333333,7.056,6.0,10,19.5447137016652,,7000.0,0.0,0.0,0.0,46.93996626802576,optimal
2021-02-13 05:00:00,19,103,2.0,0.0,0.0,0.1011333333333333,9.3975,6.0,10,19.609725567640574,,7000.0,0.0,0.0,0.0,46.89302630175773,optimal
2021-02-13 05:30:00,19,103,2.0,0.0,0.0,0.063,10.059,6.0,10,19.673386785458312,,7000.0,0.0,0.0,0.0,46.84613327545597,optimal
2021-02-13 06:00:00,19,103,2.0,0.0,0.0,0.1678666666666666,9.261,6.0,10,19.735502802026232,,7000.0,0.0,0.0,0.0,46.79928714218051,optimal
2021-02-13 06:30:00,19,103,2.0,0.0,2.7274951431783587,0.0623333333333333,8.1585,6.0,10,19.799090835749013,,7000.0,0.0,0.0,0.0,48.048048048048045,optimal
2021-02-13 07:00:00,19,103,2.0,0.0,0.0,0.0716666666666666,9.4815,6.0,10,19.86049776765485,,7000.0,0.0,0.0,0.0,48.0,optimal
2021-02-13 07:30:00,19,103,2.0,0.0,0.0,0.7261,8.379,6.0,10,19.923246104093973,,7000.0,0.0,0.0,0.0,47.56938813506111,optimal
2021-02-13 08:00:00,19,103,2.0,0.0,0.0,0.8876333333333333,9.5235,6.0,10,20.0,,3272.588854919178,0.0,3727.411145080821,0.0,47.13920688198717,optimal
2021-02-13 08:30:00,19,103,2.0,0.0,0.0,0.1672666666666666,8.1375,6.0,10,20.0,,4248.411145080821,0.0,2751.588854919178,0.0,46.70945581016629,optimal
2021-02-13 09:00:00,19,103,2.0,0.0,0.0,1.3460666666666663,10.0905,6.0,10,20.00172118063124,,7000.0,0.0,0.0,0.0,46.28013448941724,optimal
2021-02-13 09:30:00,19,103,2.0,0.0,0.0,0.2181333333333333,7.539,6.0,10,20.069713403777687,,7000.0,0.0,0.0,0.0,45.85124248998893,optimal
2021-02-13 10:00:00,19,103,2.0,0.0,0.0,0.1277333333333333,7.938,6.0,10,20.131294067934057,,7000.0,0.0,0.0,0.0,45.42277938256006,optimal
2021-02-13 10:30:00,19,103,2.0,0.0,0.0,0.3075333333333334,8.274,6.0,10,20.19611861373935,,7000.0,0.0,0.0,0.0,44.99474473823861,optimal
2021-02-13 11:00:00,19,103,2.0,0.0,0.0,0.0929333333333333,9.261,6.0,10,20.263138824122173,,7000.0,0.0,0.0,0.0,44.56713812856148,optimal
2021-02-13 11:30:00,19,103,2.0,0.0,0.0,0.2027333333333333,9.9225,6.0,10,20.324575034801807,,7000.0,0.0,0.0,0.0,44.13995912549403,optimal
2021-02-13 12:00:00,19,103,2.0,0.0,0.0,0.1014,9.702,6.0,10,20.386846286870185,,7000.0,0.0,0.0,0.0,43.71320730142965,optimal
2021-02-13 12:30:00,19,103,2.0,0.0,0.0,0.1859,10.584,6.0,10,20.446928761096043,,7000.0,0.0,0.0,0.0,43.28688222918933,optimal
2021-02-13 13:00:00,19,103,2.0,0.0,0.0,0.1721,10.143,6.0,10,20.50777823149189,,7000.0,0.0,0.0,0.0,42.86098348202125,optimal
2021-02-13 13:30:00,19,103,0.0,0.0,0.0,0.1712666666666666,13.0095,6.0,10,20.56745528302257,,0.0,0.0,0.0,0.0,42.43551063360034,optimal
2021-02-13 14:00:00,19,103,2.0,0.0,0.0,1.8188,11.025,6.0,10,20.481271045999584,,7000.0,0.0,0.0,0.0,42.010463258027855,optimal
2021-02-13 14:30:00,19,103,0.0,0.0,0.0,0.4103333333333333,12.789,6.0,10,20.570920699494543,,0.0,0.0,0.0,0.0,41.58584092983094,optimal
2021-02-13 15:00:00,19,103,0.0,0.0,0.0,0.3120666666666666,12.1275,6.0,10,20.49125695487804,,0.0,0.0,0.0,0.0,41.161643223962216,optimal
2021-02-13 15:30:00,19,103,0.0,0.0,0.0,0.4031666666666667,12.1695,6.0,10,20.41308049593833,,0.0,0.0,0.0,0.0,40.73786971579936,optimal
2021-02-13 16:00:00,19,103,0.0,0.0,0.0,0.1585,12.306,6.0,10,20.3367844705296,,0.0,0.0,0.0,0.0,40.31451998114468,optimal
2021-02-13 16:30:00,19,103,0.0,0.0,0.0,1.4512333333333332,13.23,6.0,10,20.256323089160368,,0.0,0.0,0.0,0.0,39.891593596224645,optimal
2021-02-13 17:00:00,19,103,0.0,0.0,0.0,1.5988666666666669,13.671,6.0,10,20.20267411708775,,0.0,0.0,0.0,0.0,39.469090137689534,optimal
2021-02-13 17:30:00,19,103,0.0,0.0,0.0,0.2585,13.9335,6.0,10,20.14966049054472,,0.0,0.0,0.0,0.0,39.04700918261296,optimal
2021-02-13 18:00:00,19,103,0.0,0.0,0.0,1.7878,13.293,6.0,10,20.08454492257478,,0.0,0.0,0.0,0.0,38.62535030849146,optimal
2021-02-13 18:30:00,19,103,0.4465949731730384,0.0,0.0,2.105433333333333,12.1065,6.0,10,20.025118125853272,,1563.0824061056344,0.0,0.0,0.0,38.20411309324408,optimal
2021-02-13 19:00:00,19,103,0.9010395752355548,0.0,0.0,0.9624,11.571,6.0,10,20.0,,3153.6385133244416,0.0,0.0,0.0,37.78329711521195,optimal
2021-02-13 19:30:00,19,103,1.0201404531311846,0.0,0.0,1.0506666666666666,11.025,6.0,10,20.0,,3222.470033094534,0.0,348.0215528646127,0.0,37.36290195315785,optimal
2021-02-13 20:00:00,19,103,2.0,0.0,0.0,1.2017666666666669,10.8465,6.0,10,20.0,,3168.0215528646127,0.0,3831.9784471353873,0.0,36.942927186265806,optimal
2021-02-13 20:30:00,19,103,0.0,0.0,0.0,0.5122666666666666,11.2455,6.0,10,20.0,,0.0,0.0,0.0,0.0,36.52337239414065,optimal
2021-02-13 21:00:00,19,103,0.0,0.0,0.0,0.2534,23.8665,6.0,10,19.931949331633685,,0.0,0.0,0.0,0.0,36.10423715680762,optimal
2021-02-13 21:30:00,19,103,0.0,0.0,0.0,0.255,27.4575,6.0,10,19.86360085514712,,0.0,0.0,0.0,0.0,36.068132919650814,optimal
2021-02-13 22:00:00,19,103,0.0,0.0,0.0,0.6239333333333332,27.3735,6.0,10,19.797119992780218,,0.0,0.0,0.0,0.0,36.03206478673116,optimal
2021-02-13 22:30:00,19,103,0.0,0.0,0.0,1.406,30.4605,6.0,10,19.738044492873712,,0.0,0.0,0.0,0.0,35.99603272194443,optimal
2021-02-13 23:00:00,19,103,0.0,0.0,0.0,1.7996,30.0195,6.0,10,19.68239012126923,,0.0,0.0,0.0,0.0,35.960036689222484,optimal
2021-02-13 23:30:00,19,103,0.0,0.0,0.0,0.2616666666666666,26.9325,6.0,10,19.63593232458121,,0.0,0.0,0.0,0.0,35.92407665253326,optimal
2021-02-07 00:00:00,20,103,2.0,0.0,0.0,0.1205666666666666,2.205,6.0,-8,21.0,,6512.333333333333,0.0,487.6666666666667,0.0,47.952,optimal
2021-02-07 00:30:00,20,103,2.0,0.0,1.3202816340896406,0.2215333333333333,0.882,6.0,-8,21.06722841437556,,7000.0,0.0,0.0,0.0,48.53118177619257,optimal
2021-02-07 01:00:00,20,103,2.0,0.0,0.0,2.4821,1.5435,6.0,-8,21.149526248783825,,7000.0,0.0,0.0,0.0,48.48265059441637,optimal
2021-02-07 01:30:00,20,103,2.0,0.0,0.0,0.2678666666666667,1.5435,6.0,-8,21.23667357888004,,7000.0,0.0,0.0,0.0,48.434167943821954,optimal
2021-02-07 02:00:00,20,103,2.0,0.0,0.0,0.1258333333333333,5.0715,6.0,-8,21.31676690327252,,7000.0,0.0,0.0,0.0,48.38573377587813,optimal
2021-02-07 02:30:00,20,103,2.0,0.0,0.0,0.7647666666666667,5.376,6.0,-8,21.39375731850556,,7000.0,0.0,0.0,0.0,48.33734804210225,optimal
2021-02-07 03:00:00,20,103,2.0,0.0,0.0,0.5637333333333333,5.0715,6.0,-8,21.47220012505861,,7000.0,0.0,0.0,0.0,48.28901069406015,optimal
2021-02-07 03:30:00,20,103,2.0,0.0,0.0,0.3741,5.5125,6.0,-8,21.5487081085668,,7000.0,0.0,0.0,0.0,48.24072168336608,optimal
2021-02-07 04:00:00,20,103,2.0,0.0,0.0,0.2766,9.261,6.0,-8,21.62774394307277,,7000.0,0.0,0.0,0.0,48.19248096168271,optimal
2021-02-07 04:30:00,20,103,0.0,0.0,0.0,0.3858999999999999,11.7075,6.0,-8,21.707670718195363,,0.0,0.0,0.0,0.0,48.144288480721016,optimal
2021-02-07 05:00:00,20,103,0.0,0.0,0.0,0.4561666666666666,12.348,6.0,-8,21.63892424267066,,0.0,0.0,0.0,0.0,48.096144192240295,optimal
2021-02-07 05:30:00,20,103,0.0,0.0,0.0,0.067,12.348,6.0,-8,21.57474814559893,,0.0,0.0,0.0,0.0,48.048048048048045,optimal
2021-02-07 06:00:00,20,103,0.0,0.0,0.0,0.9543666666666668,12.1275,6.0,-8,21.50261775038405,,0.0,0.0,0.0,0.0,48.0,optimal
2021-02-07 06:30:00,20,103,0.0,0.0,0.0,0.1906,12.5265,6.0,-8,21.43437891311088,,0.0,0.0,0.0,0.0,47.94058452217445,optimal
2021-02-07 07:00:00,20,103,0.0,0.0,0.0,0.0572666666666666,11.7495,6.0,-8,21.361439675826578,,0.0,0.0,0.0,0.0,47.88122845982672,optimal
2021-02-07 07:30:00,20,103,0.0,0.0,0.0,0.0706,13.23,6.0,-8,21.282131506184133,,0.0,0.0,0.0,0.0,47.82193175354134,optimal
2021-02-07 08:00:00,20,103,0.0,0.0,0.0,0.1656,14.3325,6.0,-8,21.199366119367145,,0.0,0.0,0.0,0.0,47.76269434396225,optimal
2021-02-07 08:30:00,20,103,0.0,0.0,0.0,0.0653333333333333,14.994,6.0,-8,21.11365388425684,,0.0,0.0,0.0,0.0,47.70351617179274,optimal
2021-02-07 09:00:00,20,103,0.0,0.0,0.0,0.1694,14.8155,6.0,-8,21.03165206130573,,0.0,0.0,0.0,0.0,47.6443971777954,optimal
2021-02-07 09:30:00,20,103,0.0,0.0,0.0,0.0798,14.112,6.0,-8,20.95531553973544,,0.0,0.0,0.0,0.0,47.58533730279205,optimal
2021-02-07 10:00:00,20,103,0.0,0.0,0.0,0.1166666666666666,14.007,6.0,-8,20.868488072545027,,0.0,0.0,0.0,0.0,47.526336487663706,optimal
2021-02-07 10:30:00,20,103,0.0,0.0,0.0,0.1272,13.23,6.0,-8,20.78305740734022,,0.0,0.0,0.0,0.0,47.46739467335049,optimal
2021-02-07 11:00:00,20,103,2.0,0.0,0.0,0.064,11.382,6.0,-8,20.697782376647087,,7000.0,0.0,0.0,0.0,47.40851180085159,optimal
2021-02-07 11:30:00,20,103,0.0,0.0,0.0,0.1798666666666666,11.7495,6.0,-8,20.75846301340588,,0.0,0.0,0.0,0.0,47.34968781122519,optimal
2021-02-07 12:00:00,20,103,0.0,0.0,0.0,0.064,24.3285,6.0,-8,20.673954547282445,,0.0,0.0,0.0,0.0,47.29092264558841,optimal
2021-02-07 12:30:00,20,103,0.0,0.0,0.0,0.064,28.917,6.0,-8,20.58739042941636,,0.0,0.0,0.0,0.0,47.23221624511727,optimal
2021-02-07 13:00:00,20,103,0.0,0.0,0.0,0.0638333333333333,31.3635,6.0,-8,20.50121902549496,,0.0,0.0,0.0,0.0,47.1735685510466,optimal
2021-02-07 13:30:00,20,103,0.0,0.0,0.0,0.1888666666666666,33.306,6.0,-8,20.419560924754776,,0.0,0.0,0.0,0.0,47.11497950467,optimal
2021-02-07 14:00:00,20,103,0.0,0.0,0.0,0.0948666666666666,31.3425,6.0,-8,20.34587547627196,,0.0,0.0,0.0,0.0,47.05644904733978,optimal
2021-02-07 14:30:00,20,103,0.0,0.0,0.0,0.1514,28.2555,6.0,-8,20.27043490317057,,0.0,0.0,0.0,0.0,46.99797712046689,optimal
2021-02-07 15:00:00,20,103,0.0,0.0,0.0,0.5655333333333333,15.6975,6.0,-8,20.19766634989986,,0.0,0.0,0.0,0.0,46.93956366552087,optimal
2021-02-07 15:30:00,20,103,0.0,0.0,0.0,0.1462666666666666,12.5475,6.0,-8,20.13397596434763,,0.0,0.0,0.0,0.0,46.8812086240298,optimal
2021-02-07 16:00:00,20,103,0.4937294125634739,0.0,0.0,0.1550333333333333,12.0855,6.0,-8,20.06504330381245,,1728.0529439721586,0.0,0.0,0.0,46.82291193758022,optimal
2021-02-07 16:30:00,20,103,2.0,0.0,0.0,0.208,11.907,6.0,-8,20.032265033657737,,7000.0,0.0,0.0,0.0,46.76467354781709,optimal
2021-02-07 17:00:00,20,103,0.0,0.0,0.0,1.1616333333333335,12.5685,6.0,-8,20.11384844437306,,0.0,0.0,0.0,0.0,46.70649339644372,optimal
2021-02-07 17:30:00,20,103,0.0,0.0,0.0,0.6042666666666666,13.146,6.0,-8,20.06289974807325,,0.0,0.0,0.0,0.0,46.648371425221725,optimal
2021-02-07 18:00:00,20,103,0.8842798964837705,0.0,0.0,0.1859,10.584,6.0,-8,20.0,,3094.9796376931968,0.0,0.0,0.0,46.59030757597096,optimal
2021-02-07 18:30:00,20,103,1.5842872800926102,0.0,0.0,0.0848,6.678,6.0,-8,20.0,,5545.005480324136,0.0,0.0,0.0,46.53230179056944,optimal
2021-02-07 19:00:00,20,103,0.0,0.0,0.0,0.2329,7.938,6.0,-8,20.057104176678493,,0.0,0.0,0.0,0.0,46.47435401095331,optimal
2021-02-07 19:30:00,20,103,1.4799750495504456,0.0,0.0,0.328,5.292,6.0,-8,20.0,,5179.91267342656,0.0,0.0,0.0,46.41646417911681,optimal
2021-02-07 20:00:00,20,103,0.0,0.0,0.0,0.3305333333333333,9.261,6.0,-8,20.05346771072298,,0.0,0.0,0.0,0.0,46.35863223711214,optimal
2021-02-07 20:30:00,20,103,0.0,0.0,0.0,0.1946999999999999,10.3635,6.0,-8,20.0,,0.0,0.0,0.0,0.0,46.30085812704947,optimal
2021-02-07 21:00:00,20,103,0.0,0.0,0.0,0.1013,8.274,6.0,-8,19.942601579980654,,0.0,0.0,0.0,0.0,46.24314179109688,optimal
2021-02-07 21:30:00,20,103,0.0,0.0,0.0,0.1914333333333333,7.7175,6.0,-8,19.877655579297777,,0.0,0.0,0.0,0.0,46.19689864930578,optimal
2021-02-07 22:00:00,20,103,0.0,0.0,0.0,2.269733333333333,6.615,6.0,-8,19.81940284031298,,0.0,0.0,0.0,0.0,46.15070175065648,optimal
2021-02-07 22:30:00,20,103,0.0,0.0,0.0,2.670866666666667,6.174,6.0,-8,19.77048064583469,,0.0,0.0,0.0,0.0,46.10455104890582,optimal
2021-02-07 23:00:00,20,103,0.0,0.0,0.0,0.5353333333333333,3.906,6.0,-8,19.721941922630595,,0.0,0.0,0.0,0.0,46.05844649785691,optimal
2021-02-07 23:30:00,20,103,0.0,0.0,0.0,0.077,2.3415,6.0,-8,19.662300530192592,,0.0,0.0,0.0,0.0,46.01238805135905,optimal
2021-02-08 00:00:00,20,103,0.3686361904761905,0.0,0.0,0.064,12.1275,6.0,8,19.662300530192592,,0.0,0.0,1290.2266666666667,0.0,45.966375663307694,optimal
2021-02-08 00:30:00,20,103,0.0,0.0,0.0,0.3013666666666666,12.348,6.0,8,19.59509097334273,,0.0,0.0,0.0,0.0,45.92040928764439,optimal
2021-02-08 01:00:00,20,103,0.0,0.0,0.0,0.0743333333333333,12.1275,6.0,8,19.53544450554617,,0.0,0.0,0.0,0.0,45.87448887835674,optimal
2021-02-08 01:30:00,20,103,0.2981564189131842,0.0,0.0,0.3270333333333333,12.1275,6.0,8,19.46592584669134,,0.0,0.0,1043.5474661961446,0.0,45.82861438947839,optimal
2021-02-08 02:00:00,20,103,2.0,0.0,0.0,0.0855,11.2665,6.0,8,19.39584107011756,,0.0,0.0,7000.0,0.0,45.78278577508891,optimal
2021-02-08 02:30:00,20,103,2.0,0.0,0.0,0.068,10.143,6.0,8,19.320763036637985,,1355.4407995294775,0.0,5644.559200470522,0.0,45.73700298931382,optimal
2021-02-08 03:00:00,20,103,2.0,0.0,0.0,0.1992,11.2455,6.0,8,19.2744166419766,,7000.0,0.0,0.0,0.0,45.69126598632451,optimal
2021-02-08 03:30:00,20,103,2.0,0.0,0.0,0.2133333333333333,11.025,6.0,8,19.35008942692571,,7000.0,0.0,0.0,0.0,45.64557472033818,optimal
2021-02-08 04:00:00,20,103,2.0,0.0,5.0,0.1496666666666666,5.9745,6.0,8,19.4254895867432,,7000.0,0.0,0.0,0.0,47.97492914561784,optimal
2021-02-08 04:30:00,20,103,2.0,0.0,0.0,0.1974666666666666,7.938,6.0,8,19.498980636515224,,7000.0,0.0,0.0,0.0,47.92695421647223,optimal
2021-02-08 05:00:00,20,103,2.0,0.0,0.0,0.1334,8.6835,6.0,8,19.572690821918965,,7000.0,0.0,0.0,0.0,47.87902726225576,optimal
2021-02-08 05:30:00,20,103,2.0,0.0,0.0,0.1846666666666666,7.665,6.0,8,19.64426430985195,,7000.0,0.0,0.0,0.0,47.8311482349935,optimal
2021-02-08 06:00:00,20,103,2.0,0.0,0.4561745541926143,0.0897999999999999,6.7725,6.0,8,19.716365441673567,,7000.0,0.0,0.0,0.0,48.0,optimal
2021-02-08 06:30:00,20,103,2.0,0.0,0.0,0.2767333333333333,5.5755,6.0,8,19.78591565736965,,7000.0,0.0,0.0,0.0,47.79535587882339,optimal
2021-02-08 07:00:00,20,103,2.0,0.0,0.0,0.3048,5.0925,6.0,8,19.85896168155646,,7000.0,0.0,0.0,0.0,47.59091640176796,optimal
2021-02-08 07:30:00,20,103,2.0,0.0,0.0,0.2324666666666666,4.1895,6.0,8,19.930847443298298,,7000.0,0.0,0.0,0.0,47.38668136418959,optimal
2021-02-08 08:00:00,20,103,2.0,0.0,0.0,0.0723333333333333,7.056,6.0,8,20.0,,7000.0,0.0,0.0,0.0,47.1826505616488,optimal
2021-02-08 08:30:00,20,103,2.0,0.0,0.0,0.1846666666666666,5.271,6.0,8,20.063749929412005,,7000.0,0.0,0.0,0.0,46.97882378991054,optimal
2021-02-08 09:00:00,20,103,2.0,0.0,0.0,0.0785333333333333,7.938,6.0,8,20.12664821689528,,7000.0,0.0,0.0,0.0,46.77520084494402,optimal
2021-02-08 09:30:00,20,103,2.0,0.0,0.0,0.3223333333333333,7.938,6.0,8,20.18864259271174,,7000.0,0.0,0.0,0.0,46.57178152292248,optimal
2021-02-08 10:00:00,20,103,2.0,0.0,0.0,0.1245999999999999,11.907,6.0,8,20.260649241696107,,7000.0,0.0,0.0,0.0,46.36856562022295,optimal
2021-02-08 10:30:00,20,103,2.0,0.0,0.0,0.193,11.025,6.0,8,20.331531283130577,,7000.0,0.0,0.0,0.0,46.16555293342613,optimal
2021-02-08 11:00:00,20,103,2.0,0.0,0.0,0.3671,11.2875,6.0,8,20.401223202496915,,7000.0,0.0,0.0,0.0,45.9627432593161,optimal
2021-02-08 11:30:00,20,103,2.0,0.0,0.0,0.1777,12.936,6.0,8,20.473204419929683,,7000.0,0.0,0.0,0.0,45.76013639488018,optimal
2021-02-08 12:00:00,20,103,0.0897359455828209,0.0,0.0,0.833,13.0095,6.0,8,20.54108723116381,,314.0758095398733,0.0,0.0,0.0,45.55773213730869,optimal
2021-02-08 12:30:00,20,103,0.0,0.0,0.0,1.753266666666667,13.671,6.0,8,20.46916791808918,,0.0,0.0,0.0,0.0,45.35553028399477,optimal
2021-02-08 13:00:00,20,103,0.0,0.0,0.0,0.9384666666666668,13.188,6.0,8,20.399104274279,,0.0,0.0,0.0,0.0,45.15353063253418,optimal
2021-02-08 13:30:00,20,103,0.0,0.0,0.0,0.1082,13.8495,6.0,8,20.32508405495973,,0.0,0.0,0.0,0.0,44.95173298072504,optimal
2021-02-08 14:00:00,20,103,2.0,0.0,0.0,0.2179333333333333,13.23,6.0,8,20.242131530169782,,7000.0,0.0,0.0,0.0,44.75013712656771,optimal
2021-02-08 14:30:00,20,103,0.0,0.0,0.0,0.1946,13.3665,6.0,8,20.30809651689304,,0.0,0.0,0.0,0.0,44.54874286826453,optimal
2021-02-08 15:00:00,20,103,2.0,0.0,0.0,0.0913333333333333,13.0515,6.0,8,20.22523770812729,,7000.0,0.0,0.0,0.0,44.34755000421966,optimal
2021-02-08 15:30:00,20,103,0.0,0.0,0.0,0.3139333333333333,13.5345,6.0,8,20.28725334896619,,0.0,0.0,0.0,0.0,44.14655833303884,optimal
2021-02-08 16:00:00,20,103,0.0,0.0,0.0,0.1972666666666666,14.154,6.0,8,20.206547444766382,,0.0,0.0,0.0,0.0,43.9457676535292,optimal
2021-02-08 16:30:00,20,103,0.0,0.0,0.0,0.7531,14.112,6.0,8,20.13500342955289,,0.0,0.0,0.0,0.0,43.74517776469906,optimal
2021-02-08 17:00:00,20,103,0.0,0.0,0.0,0.1560666666666666,14.2485,6.0,8,20.07358448247092,,0.0,0.0,0.0,0.0,43.54478846575776,optimal
2021-02-08 17:30:00,20,103,2.0,0.0,0.0,0.1906666666666666,12.789,6.0,8,20.0,,7000.0,0.0,0.0,0.0,43.34459955611539,optimal
2021-02-08 18:00:00,20,103,0.0659878754449028,0.0,0.0,0.3681666666666667,13.0095,6.0,8,20.069606472239663,,230.95756405716008,0.0,0.0,0.0,43.14461083538267,optimal
2021-02-08 18:30:00,20,103,2.0,0.0,0.0,0.3857333333333334,12.1275,6.0,8,20.0,,7000.0,0.0,0.0,0.0,42.94482210337068,optimal
2021-02-08 19:00:00,20,103,0.0,0.0,0.0,0.3201666666666667,12.348,6.0,8,20.08120593517146,,0.0,0.0,0.0,0.0,42.74523316009071,optimal
2021-02-08 19:30:00,20,103,1.6190981576191936,0.0,0.0,0.5304666666666666,12.348,6.0,8,20.013294598141552,,5666.843551667178,0.0,0.0,0.0,42.54584380575401,optimal
2021-02-08 20:00:00,20,103,0.0,0.0,0.0,0.2896,25.389,6.0,8,20.06851942204626,,0.0,0.0,0.0,0.0,42.34665384077165,optimal
2021-02-08 20:30:00,20,103,0.0,0.0,0.0,0.5541666666666666,29.1375,6.0,8,20.0,,0.0,0.0,0.0,0.0,42.30430718693088,optimal
2021-02-08 21:00:00,20,103,0.0,0.0,0.0,0.3191,30.597,6.0,8,19.93947444485578,,0.0,0.0,0.0,0.0,42.262002879743946,optimal
2021-02-08 21:30:00,20,103,0.0,0.0,0.0,0.3670333333333334,33.684,6.0,8,19.873607545001384,,0.0,0.0,0.0,0.0,42.2197408768642,optimal
2021-02-08 22:00:00,20,103,0.0,0.0,0.0,0.3397333333333333,32.445,6.0,8,19.81158983706349,,0.0,0.0,0.0,0.0,42.17752113598733,optimal
2021-02-08 22:30:00,20,103,0.0,0.0,0.0,0.2631666666666666,28.917,6.0,8,19.74916360466625,,0.0,0.0,0.0,0.0,42.135343614851344,optimal
2021-02-08 23:00:00,20,103,0.0,0.0,0.0,0.5669333333333333,15.876,6.0,8,19.679897632545448,,0.0,0.0,0.0,0.0,42.09320827123649,optimal
2021-02-08 23:30:00,20,103,0.0,0.0,0.0,0.1844666666666666,12.348,6.0,8,19.615696783795663,,0.0,0.0,0.0,0.0,42.05111506296525,optimal
2021-02-09 00:00:00,20,103,2.0,0.0,0.0,0.119,12.1275,6.0,-2,19.615696783795663,,7000.0,0.0,0.0,0.0,42.00906394790229,optimal
2021-02-09 00:30:00,20,103,2.0,0.0,0.0,0.053,11.823,6.0,-2,19.684275271131742,,0.0,0.0,7000.0,0.0,41.96705488395438,optimal
2021-02-09 01:00:00,20,103,2.0,0.0,0.0,0.119,11.7705,6.0,-2,19.604027292182494,,833.0,0.0,6167.0,0.0,41.92508782907043,optimal
2021-02-09 01:30:00,20,103,2.0,0.0,4.170413166992546,0.053,11.13,6.0,-2,19.54329452361984,,7000.0,0.0,0.0,0.0,43.864108995562816,optimal
2021-02-09 02:00:00,20,103,2.0,0.0,0.0,0.1153333333333333,11.6865,6.0,-2,19.610812150128968,,7000.0,0.0,0.0,0.0,43.82024488656725,optimal
2021-02-09 02:30:00,20,103,2.0,0.0,5.0,0.0566666666666666,10.7205,6.0,-2,19.67888194438988,,7000.0,0.0,0.0,0.0,46.15142464168068,optimal
2021-02-09 03:00:00,20,103,2.0,0.0,0.0,0.053,11.424,6.0,-2,19.74563480446781,,7000.0,0.0,0.0,0.0,46.10527321703899,optimal
2021-02-09 03:30:00,20,103,2.0,0.0,5.0,0.119,10.689,6.0,-2,19.81223447730492,,7000.0,0.0,0.0,0.0,48.434167943821954,optimal
2021-02-09 04:00:00,20,103,2.0,0.0,0.0,0.053,11.361,6.0,-2,19.88037500374724,,7000.0,0.0,0.0,0.0,48.38573377587813,optimal
2021-02-09 04:30:00,20,103,2.0,0.0,0.0,0.064,11.571,6.0,-2,19.94727073959985,,7000.0,0.0,0.0,0.0,48.33734804210225,optimal
2021-02-09 05:00:00,20,103,2.0,0.0,0.0,0.108,14.3745,6.0,-2,20.013640876924025,,7000.0,0.0,0.0,0.0,48.28901069406015,optimal
2021-02-09 05:30:00,20,103,2.0,0.0,0.0,0.053,13.23,6.0,-2,20.080182463651248,,7000.0,0.0,0.0,0.0,48.24072168336608,optimal
2021-02-09 06:00:00,20,103,2.0,0.0,0.0,0.0786666666666666,13.9755,6.0,-2,20.14526439987692,,7000.0,0.0,0.0,0.0,48.19248096168271,optimal
2021-02-09 06:30:00,20,103,0.2679599311226352,0.0,0.0,0.0933333333333333,14.994,6.0,-2,20.21059137380232,,937.8597589292232,0.0,0.0,0.0,48.144288480721016,optimal
2021-02-09 07:00:00,20,103,2.0,0.0,0.0,0.0516666666666666,13.671,6.0,-2,20.148093360870742,,7000.0,0.0,0.0,0.0,48.096144192240295,optimal
2021-02-09 07:30:00,20,103,0.0,0.0,0.0,2.0955,15.981,6.0,-2,20.21339589098139,,0.0,0.0,0.0,0.0,48.048048048048045,optimal
2021-02-09 08:00:00,20,103,0.0,0.0,0.0,2.2416666666666667,15.6345,6.0,-2,20.146037518769543,,0.0,0.0,0.0,0.0,48.0,optimal
2021-02-09 08:30:00,20,103,0.0,0.0,0.0,0.1315,16.5375,6.0,-2,20.07961375450905,,0.0,0.0,0.0,0.0,47.82513405050564,optimal
2021-02-09 09:00:00,20,103,2.0,0.0,0.0,0.0675,14.7735,6.0,-2,20.0,,7000.0,0.0,0.0,0.0,47.650442966960775,optimal
2021-02-09 09:30:00,20,103,0.2318622314270251,0.0,0.0,0.074,15.2145,6.0,-2,20.06497908237299,,811.5178099945881,0.0,0.0,0.0,47.475926574499454,optimal
2021-02-09 10:00:00,20,103,1.5185576882129836,0.0,0.0,0.1827333333333333,14.553,6.0,-2,20.0,,5314.951908745443,0.0,0.0,0.0,47.3015846984306,optimal
2021-02-09 10:30:00,20,103,2.0,0.0,0.0,0.17,14.3325,6.0,-2,20.03338581181792,,7000.0,0.0,0.0,0.0,47.127417164237805,optimal
2021-02-09 11:00:00,20,103,2.0,0.0,0.0,0.17,14.595,6.0,-2,20.100824133146364,,7000.0,0.0,0.0,0.0,46.953423797579205,optimal
2021-02-09 11:30:00,20,103,0.0,0.0,0.0,0.203,14.994,6.0,-2,20.16907664704604,,0.0,0.0,0.0,0.0,46.779604424287264,optimal
2021-02-09 12:00:00,20,103,2.0,0.0,0.0,0.2736666666666666,14.3325,6.0,-2,20.0905881638716,,7000.0,0.0,0.0,0.0,46.60595887036862,optimal
2021-02-09 12:30:00,20,103,2.0,0.0,0.0,0.288,13.8915,6.0,-2,20.161607211859927,,7000.0,0.0,0.0,0.0,46.43248696200389,optimal
2021-02-09 13:00:00,20,103,2.0,0.0,0.0,0.4173,13.8915,6.0,-2,20.232477192563067,,7000.0,0.0,0.0,0.0,46.25918852554753,optimal
2021-02-09 13:30:00,20,103,2.0,0.0,0.0,0.2641333333333333,13.4715,6.0,-2,20.306853835022945,,7000.0,0.0,0.0,0.0,46.08606338752762,optimal
2021-02-09 14:00:00,20,103,2.0,0.0,0.0,0.3313,13.23,6.0,-2,20.378648889359763,,7000.0,0.0,0.0,0.0,45.91311137464574,optimal
2021-02-09 14:30:00,20,103,2.0,0.0,0.0,0.0767333333333333,13.8915,6.0,-2,20.45235078712258,,7000.0,0.0,0.0,0.0,45.74033231377673,optimal
2021-02-09 15:00:00,20,103,0.0,0.0,0.0,0.1563333333333333,26.9325,6.0,-2,20.51701729610959,,0.0,0.0,0.0,0.0,45.5677260319686,optimal
2021-02-09 15:30:00,20,103,0.0,0.0,0.0,0.4293,30.303,6.0,-2,20.43620206976703,,0.0,0.0,0.0,0.0,45.39529235644227,optimal
2021-02-09 16:00:00,20,103,0.0,0.0,0.0,0.3026666666666667,32.886,6.0,-2,20.365204407898027,,0.0,0.0,0.0,0.0,45.22303111459146,optimal
2021-02-09 16:30:00,20,103,0.0,0.0,0.0,0.1533333333333333,34.9965,6.0,-2,20.29163160016732,,0.0,0.0,0.0,0.0,45.05094213398252,optimal
2021-02-09 17:00:00,20,103,0.0,0.0,0.0,0.7747333333333334,33.327,6.0,-2,20.212613147472187,,0.0,0.0,0.0,0.0,44.879025242354174,optimal
2021-02-09 17:30:00,20,103,0.0,0.0,0.0,0.6698666666666667,31.122,6.0,-2,20.147036321774813,,0.0,0.0,0.0,0.0,44.70728026761746,optimal
2021-02-09 18:00:00,20,103,0.0,0.0,0.0,0.1233333333333333,17.9025,6.0,-2,20.078352342551863,,0.0,0.0,0.0,0.0,44.53570703785549,optimal
2021-02-09 18:30:00,20,103,1.0163240635443829,0.0,0.0,0.237,15.6555,6.0,-2,20.0,,3557.13422240534,0.0,0.0,0.0,44.36430538132328,optimal
2021-02-09 19:00:00,20,103,0.9828833702439188,0.0,0.0,0.2509333333333333,14.553,6.0,-2,20.0,,3440.091795853716,0.0,0.0,0.0,44.1930751264476,optimal
2021-02-09 19:30:00,20,103,1.0047976559581837,0.0,0.0,0.1805666666666666,14.3325,6.0,-2,20.0,,3516.791795853643,0.0,0.0,0.0,44.02201610182679,optimal
2021-02-09 20:00:00,20,103,0.961264322624852,0.0,0.0,0.2246666666666666,13.335,6.0,-2,20.0,,3364.425129186982,0.0,0.0,0.0,43.8511281362306,optimal
2021-02-09 20:30:00,20,103,0.0199047619047619,0.0,0.0,0.4236333333333333,12.1275,6.0,-2,20.0,,0.0,0.0,69.66666666666666,0.0,43.68041105860001,optimal
2021-02-09 21:00:00,20,103,0.0,0.0,0.0,0.3714333333333333,12.2955,6.0,-2,19.93405728236492,,0.0,0.0,0.0,0.0,43.509864698047046,optimal
2021-02-09 21:30:00,20,103,0.0199047619047619,0.0,0.0,0.2645666666666666,11.6865,6.0,-2,19.865636794300805,,0.0,0.0,69.66666666666666,0.0,43.33948888385464,optimal
2021-02-09 22:00:00,20,103,0.0,0.0,0.0,0.2213333333333333,11.466,6.0,-2,19.793566360915328,,0.0,0.0,0.0,0.0,43.29614939497079,optimal
2021-02-09 22:30:00,20,103,0.0,0.0,0.0,0.3297666666666666,10.8045,6.0,-2,19.72353492407704,,0.0,0.0,0.0,0.0,43.25285324557582,optimal
2021-02-09 23:00:00,20,103,0.0,0.0,0.0,0.2405333333333333,10.584,6.0,-2,19.656751605836792,,0.0,0.0,0.0,0.0,43.209600392330245,optimal
2021-02-09 23:30:00,20,103,0.0,0.0,0.0,0.129,11.2455,6.0,-2,19.58305888234797,,0.0,0.0,0.0,0.0,43.16639079193792,optimal
2021-02-10 00:00:00,20,103,2.0,0.0,0.0,0.13,11.508,6.0,-5,19.58305888234797,,7000.0,0.0,0.0,0.0,43.123224401145976,optimal
2021-02-10 00:30:00,20,103,2.0,0.0,0.0,0.1225666666666666,11.508,6.0,-5,19.65107457140294,,0.0,0.0,7000.0,0.0,43.08010117674483,optimal
2021-02-10 01:00:00,20,103,2.0,0.0,5.0,0.2337666666666666,10.4475,6.0,-5,19.5714361758362,,2797.57178247053,0.0,4202.42821752947,0.0,45.41202107556809,optimal
2021-02-10 01:30:00,20,103,2.0,0.0,1.7595265386535026,0.0848333333333333,10.8675,6.0,-5,19.55467640541996,,7000.0,0.0,0.0,0.0,46.20238416035293,optimal
2021-02-10 02:00:00,20,103,2.0,0.0,5.0,0.055,10.542,6.0,-5,19.617007690677934,,7000.0,0.0,0.0,0.0,48.53118177619257,optimal
2021-02-10 02:30:00,20,103,2.0,0.0,0.0,0.1862666666666667,11.025,6.0,-5,19.677974526553086,,7000.0,0.0,0.0,0.0,48.48265059441637,optimal
2021-02-10 03:00:00,20,103,2.0,0.0,0.0,0.055,11.025,6.0,-5,19.741427992097623,,7000.0,0.0,0.0,0.0,48.434167943821954,optimal
2021-02-10 03:30:00,20,103,2.0,0.0,0.0,0.0848333333333333,14.553,6.0,-5,19.801830372531263,,7000.0,0.0,0.0,0.0,48.38573377587813,optimal
2021-02-10 04:00:00,20,103,2.0,0.0,0.0,0.1564333333333333,13.0935,6.0,-5,19.86258673035745,,7000.0,0.0,0.0,0.0,48.33734804210225,optimal
2021-02-10 04:30:00,20,103,2.0,0.0,0.0,0.1127333333333333,15.6345,6.0,-5,19.9245746650592,,7000.0,0.0,0.0,0.0,48.28901069406015,optimal
2021-02-10 05:00:00,20,103,0.0,0.0,0.0,0.3211666666666667,18.102,6.0,-5,19.985560371704484,,0.0,0.0,0.0,0.0,48.24072168336608,optimal
2021-02-10 05:30:00,20,103,2.0,0.0,0.0,0.169,17.199,6.0,-5,19.9125743743125,,7000.0,0.0,0.0,0.0,48.19248096168271,optimal
2021-02-10 06:00:00,20,103,0.0,0.0,0.0,0.1421666666666666,18.2805,6.0,-5,19.99058319222204,,0.0,0.0,0.0,0.0,48.144288480721016,optimal
2021-02-10 06:30:00,20,103,2.0,0.0,0.0,0.1852666666666667,17.4615,6.0,-5,19.919769901437554,,7000.0,0.0,0.0,0.0,48.096144192240295,optimal
2021-02-10 07:00:00,20,103,0.0816575356821762,0.0,0.0,0.0586666666666666,18.3225,6.0,-5,19.989127018037152,,285.8013748876167,0.0,0.0,0.0,48.048048048048045,optimal
2021-02-10 07:30:00,20,103,2.0,0.0,0.0,0.1535,17.094,6.0,-5,19.92109282907062,,7000.0,0.0,0.0,0.0,48.0,optimal
2021-02-10 08:00:00,20,103,2.0,0.0,0.0,0.1061,17.094,6.0,-5,20.0,,3851.0948841961385,0.0,3148.905115803861,0.0,47.51939882491596,optimal
2021-02-10 08:30:00,20,103,2.0,0.0,0.0,0.0646666666666666,17.094,6.0,-5,20.0,,7000.0,0.0,0.0,0.0,47.039278251007005,optimal
2021-02-10 09:00:00,20,103,2.0,0.0,0.0,0.0647333333333333,17.3565,6.0,-5,20.057627066412127,,7000.0,0.0,0.0,0.0,46.55963779767196,optimal
2021-02-10 09:30:00,20,103,2.0,0.0,0.0,0.2029333333333333,17.115,6.0,-5,20.1201887046364,,7000.0,0.0,0.0,0.0,46.08047698479025,optimal
2021-02-10 10:00:00,20,103,2.0,0.0,0.0,0.1296,17.241,6.0,-5,20.18327281515522,,7000.0,0.0,0.0,0.0,45.60179533272142,optimal
2021-02-10 10:30:00,20,103,2.0,0.0,0.0,0.3154333333333333,17.094,6.0,-5,20.245764164765145,,7000.0,0.0,0.0,0.0,45.12359236230466,optimal
2021-02-10 11:00:00,20,103,2.0,0.0,0.0,0.3784666666666665,16.5165,6.0,-5,20.31269068326232,,7000.0,0.0,0.0,0.0,44.64586759485832,optimal
2021-02-10 11:30:00,20,103,2.0,0.0,0.0,0.229,17.8185,6.0,-5,20.38119465608911,,7000.0,0.0,0.0,0.0,44.16862055217943,optimal
2021-02-10 12:00:00,20,103,2.0,0.0,0.0,0.3087,17.094,6.0,-5,20.448758122078747,,7000.0,0.0,0.0,0.0,43.69185075654321,optimal
2021-02-10 12:30:00,20,103,2.0,0.0,0.0,0.2348,16.8945,6.0,-5,20.520209401571883,,7000.0,0.0,0.0,0.0,43.21555773070263,optimal
2021-02-10 13:00:00,20,103,0.2551062862081871,0.0,0.0,0.199,18.123,6.0,-5,20.58874943415448,,892.872001728655,0.0,0.0,0.0,42.739740997887885,optimal
2021-02-10 13:30:00,20,103,0.0,0.0,0.0,0.3448333333333333,31.647,6.0,-5,20.532929984499955,,0.0,0.0,0.0,0.0,42.26440008180596,optimal
2021-02-10 14:00:00,20,103,0.0,0.0,0.0,0.218,34.9965,6.0,-5,20.46797664313848,,0.0,0.0,0.0,0.0,41.78953450664012,optimal
2021-02-10 14:30:00,20,103,0.0,0.0,0.0,0.2854666666666666,34.9965,6.0,-5,20.401457182185048,,0.0,0.0,0.0,0.0,41.31514379704944,optimal
2021-02-10 15:00:00,20,103,0.0,0.0,0.0,0.2627333333333333,34.9965,6.0,-5,20.333640369612784,,0.0,0.0,0.0,0.0,40.84122747816835,optimal
2021-02-10 15:30:00,20,103,0.0,0.0,0.0,0.2113333333333333,34.9965,6.0,-5,20.269787674980066,,0.0,0.0,0.0,0.0,40.36778507560614,optimal
2021-02-10 16:00:00,20,103,0.0,0.0,0.0,0.2185333333333333,34.9965,6.0,-5,20.207402015262115,,0.0,0.0,0.0,0.0,39.894816115446496,optimal
2021-02-10 16:30:00,20,103,0.0,0.0,0.0,0.2029333333333333,27.741,6.0,-5,20.14231506746673,,0.0,0.0,0.0,0.0,39.42232012424701,optimal
2021-02-10 17:00:00,20,103,0.0,0.0,0.0,0.9268666666666668,19.026,6.0,-5,20.06812923919931,,0.0,0.0,0.0,0.0,38.950296629038725,optimal
2021-02-10 17:30:00,20,103,0.9066824996246792,0.0,0.0,0.8935,18.7215,6.0,-5,20.0,,3173.3887486863773,0.0,0.0,0.0,38.47874515732565,optimal
2021-02-10 18:00:00,20,103,0.8405751490944753,0.0,0.0,0.3448666666666666,17.4195,6.0,-5,20.0,,2942.0130218306635,0.0,0.0,0.0,38.00766523708428,optimal
2021-02-10 18:30:00,20,103,0.976891171688843,0.0,0.0,0.2174333333333333,16.758,6.0,-5,20.0,,2931.452434244284,0.0,487.6666666666667,0.0,37.9696575718472,optimal
2021-02-10 19:00:00,20,103,0.933778622854612,0.0,0.0,0.3168666666666667,14.217,6.0,-5,20.0,,3128.891846657808,0.0,139.33333333333331,0.0,37.93168791427535,optimal
2021-02-10 19:30:00,20,103,0.8917058988808348,0.0,0.0,0.1550666666666666,13.3665,6.0,-5,20.0,,2842.3039794162555,0.0,278.66666666666663,0.0,37.89375622636108,optimal
2021-02-10 20:00:00,20,103,0.8639093653832877,0.0,0.0,0.116,12.789,6.0,-5,20.0,,2954.01611217484,0.0,69.66666666666666,0.0,37.85586247013472,optimal
2021-02-10 20:30:00,20,103,0.1194285714285714,0.0,0.0,0.1351666666666666,11.907,6.0,-5,20.0,,0.0,0.0,418.0,0.0,37.818006607664586,optimal
2021-02-10 21:00:00,20,103,0.0995238095238095,0.0,0.0,0.3477,11.7075,6.0,-5,19.92940482178652,,0.0,0.0,348.3333333333333,0.0,37.78018860105692,optimal
2021-02-10 21:30:00,20,103,0.1393333333333333,0.0,0.0,0.2205333333333333,10.8045,6.0,-5,19.863380499104885,,0.0,0.0,487.6666666666667,0.0,37.742408412455866,optimal
2021-02-10 22:00:00,20,103,0.0,0.0,0.0,0.2134,11.508,6.0,-5,19.79138695876613,,0.0,0.0,0.0,0.0,37.70466600404341,optimal
2021-02-10 22:30:00,20,103,0.0,0.0,0.0,0.3332333333333332,11.508,6.0,-5,19.705921550343906,,0.0,0.0,0.0,0.0,37.66696133803936,optimal
2021-02-10 23:00:00,20,103,0.0,0.0,0.0,0.2885,11.508,6.0,-5,19.62374576552727,,0.0,0.0,0.0,0.0,37.62929437670133,optimal
2021-02-10 23:30:00,20,103,0.0,0.0,0.0,0.3622333333333333,11.844,6.0,-5,19.534185455502968,,0.0,0.0,0.0,0.0,37.591665082324624,optimal
2021-02-11 00:00:00,20,103,2.0,0.0,0.0,0.0666666666666666,11.025,6.0,0,19.534185455502968,,7000.0,0.0,0.0,0.0,37.5540734172423,optimal
2021-02-11 00:30:00,20,103,2.0,0.0,0.0,0.1206,12.0855,6.0,0,19.58249769597846,,5776.131916373831,0.0,1223.8680836261683,0.0,37.51651934382506,optimal
2021-02-11 01:00:00,20,103,2.0,0.0,0.0,0.1818666666666666,11.6865,6.0,0,19.606451907832536,,7000.0,0.0,0.0,0.0,37.47900282448124,optimal
2021-02-11 01:30:00,20,103,2.0,0.0,0.0,0.0835333333333333,11.2245,6.0,0,19.657803725889483,,7000.0,0.0,0.0,0.0,37.44152382165675,optimal
2021-02-11 02:00:00,20,103,2.0,0.0,0.0,0.2145,11.025,6.0,0,19.706852620268737,,7000.0,0.0,0.0,0.0,37.404082297835096,optimal
2021-02-11 02:30:00,20,103,2.0,0.0,5.0,0.0694333333333333,10.7835,6.0,0,19.75843589711524,,7000.0,0.0,0.0,0.0,39.74167821553726,optimal
2021-02-11 03:00:00,20,103,2.0,0.0,3.5578346383071624,0.1798333333333333,11.025,6.0,0,19.80627777622391,,7000.0,0.0,0.0,0.0,41.39190799051762,optimal
2021-02-11 03:30:00,20,103,2.0,0.0,5.0,0.1226333333333333,10.584,6.0,0,19.85577290864456,,7000.0,0.0,0.0,0.0,43.7255160825271,optimal
2021-02-11 04:00:00,20,103,2.0,0.0,5.0,0.1798333333333333,11.025,6.0,0,19.90497358472272,,7000.0,0.0,0.0,0.0,46.056790566444576,optimal
2021-02-11 04:30:00,20,103,2.0,0.0,5.0,0.1226333333333333,10.4265,6.0,0,19.95628930696681,,7000.0,0.0,0.0,0.0,48.38573377587813,optimal
2021-02-11 05:00:00,20,103,2.0,0.0,0.0,0.1886999999999999,12.789,6.0,0,20.00616814272969,,7000.0,0.0,0.0,0.0,48.33734804210225,optimal
2021-02-11 05:30:00,20,103,2.0,0.0,0.0,0.1137666666666666,12.684,6.0,0,20.0572114243122,,7000.0,0.0,0.0,0.0,48.28901069406015,optimal
2021-02-11 06:00:00,20,103,2.0,0.0,0.0,0.0881666666666666,16.254,6.0,0,20.10757993219204,,7000.0,0.0,0.0,0.0,48.24072168336608,optimal
2021-02-11 06:30:00,20,103,2.0,0.0,0.0,0.2143,17.64,6.0,0,20.15831521438875,,7000.0,0.0,0.0,0.0,48.19248096168271,optimal
2021-02-11 07:00:00,20,103,2.0,0.0,0.0,0.065,19.1625,6.0,0,20.21260965550854,,7000.0,0.0,0.0,0.0,48.144288480721016,optimal
2021-02-11 07:30:00,20,103,0.0,0.0,0.0,0.1793,26.46,6.0,0,20.26464912478536,,0.0,0.0,0.0,0.0,48.096144192240295,optimal
2021-02-11 08:00:00,20,103,0.0,0.0,0.0,0.1708333333333333,20.79,6.0,0,20.171557128518582,,0.0,0.0,0.0,0.0,48.048048048048045,optimal
2021-02-11 08:30:00,20,103,0.0,0.0,0.0,1.184766666666667,29.106,6.0,0,20.081433348573736,,0.0,0.0,0.0,0.0,48.0,optimal
2021-02-11 09:00:00,20,103,2.0,0.0,0.0,0.182,19.1835,6.0,0,20.0,,7000.0,0.0,0.0,0.0,47.80904292831201,optimal
2021-02-11 09:30:00,20,103,0.3538748705097582,0.0,0.0,0.2618,19.6665,6.0,0,20.05692985039197,,1238.5620467841538,0.0,0.0,0.0,47.61827681369571,optimal
2021-02-11 10:00:00,20,103,1.0300322404773097,0.0,0.0,0.3088,19.404,6.0,0,20.0,,3605.112841670584,0.0,0.0,0.0,47.427701465194026,optimal
2021-02-11 10:30:00,20,103,2.0,0.0,0.0,0.2887,19.047,6.0,0,20.0,,5228.201416959502,0.0,1771.798583040498,0.0,47.23731669204084,optimal
2021-02-11 11:00:00,20,103,2.0,0.0,0.0,0.2585,18.858,6.0,0,20.032565951796187,,7000.0,0.0,0.0,0.0,47.047122303660814,optimal
2021-02-11 11:30:00,20,103,0.191935124001949,0.0,0.0,0.3011999999999999,19.2675,6.0,0,20.099729043703704,,671.7729340068216,0.0,0.0,0.0,46.857118109669166,optimal
2021-02-11 12:00:00,20,103,2.0,0.0,0.0,0.2803333333333333,18.963,6.0,0,20.0373262019014,,7000.0,0.0,0.0,0.0,46.66730391987151,optimal
2021-02-11 12:30:00,20,103,2.0,0.0,0.0,0.2047333333333333,18.438,6.0,0,20.109276443336263,,7000.0,0.0,0.0,0.0,46.47767954426365,optimal
2021-02-11 13:00:00,20,103,2.0,0.0,0.0,0.1854,18.7425,6.0,0,20.177244337214493,,7000.0,0.0,0.0,0.0,46.2882447930314,optimal
2021-02-11 13:30:00,20,103,2.0,0.0,0.0,0.1370666666666666,15.2145,6.0,0,20.24601769112064,,7000.0,0.0,0.0,0.0,46.09899947655038,optimal
2021-02-11 14:00:00,20,103,2.0,0.0,0.0,0.1072333333333333,17.7765,6.0,0,20.313915274037587,,7000.0,0.0,0.0,0.0,45.909943405385846,optimal
2021-02-11 14:30:00,20,103,2.0,0.0,0.0,0.2152333333333333,16.758,6.0,0,20.38133049177355,,7000.0,0.0,0.0,0.0,45.72107639029248,optimal
2021-02-11 15:00:00,20,103,2.0,0.0,0.0,0.0935333333333333,16.422,6.0,0,20.449125473113863,,7000.0,0.0,0.0,0.0,45.53239824221419,optimal
2021-02-11 15:30:00,20,103,2.0,0.0,0.0,0.1713,16.758,6.0,0,20.512463215063924,,7000.0,0.0,0.0,0.0,45.34390877228399,optimal
2021-02-11 16:00:00,20,103,0.0,0.0,0.0,0.3529666666666666,29.358,6.0,0,20.57193344859592,,0.0,0.0,0.0,0.0,45.15560779182372,optimal
2021-02-11 16:30:00,20,103,0.0,0.0,0.0,0.4378333333333333,34.9965,6.0,0,20.49248517916606,,0.0,0.0,0.0,0.0,44.967495112343904,optimal
2021-02-11 17:00:00,20,103,0.0,0.0,0.0,0.5227,34.65,6.0,0,20.417104381063023,,0.0,0.0,0.0,0.0,44.77957054554357,optimal
2021-02-11 17:30:00,20,103,0.0,0.0,0.0,0.4393,34.9965,6.0,0,20.34056051821052,,0.0,0.0,0.0,0.0,44.59183390331004,optimal
2021-02-11 18:00:00,20,103,0.0,0.0,0.0,0.4231,34.9965,6.0,0,20.25958234190725,,0.0,0.0,0.0,0.0,44.54724206940673,optimal
2021-02-11 18:30:00,20,103,0.0,0.0,0.0,0.2722333333333332,30.4815,6.0,0,20.177009460027115,,0.0,0.0,0.0,0.0,44.50269482733732,optimal
2021-02-11 19:00:00,20,103,0.0,0.0,0.0,0.4428999999999999,21.4305,6.0,0,20.08900068487836,,0.0,0.0,0.0,0.0,44.45819213250999,optimal
2021-02-11 19:30:00,20,103,1.6085743677471918,0.0,0.0,2.002733333333333,14.3325,6.0,0,20.0,,3122.010287115171,0.0,2508.0,0.0,44.41373394037748,optimal
2021-02-11 20:00:00,20,103,1.3159302224597271,0.0,0.0,0.4635,13.692,6.0,0,20.0,,4396.755778609045,0.0,209.0,0.0,44.369320206437095,optimal
2021-02-11 20:30:00,20,103,0.0,0.0,0.0,0.3887,14.007,6.0,0,20.0,,0.0,0.0,0.0,0.0,44.32495088623066,optimal
2021-02-11 21:00:00,20,103,0.0398095238095238,0.0,0.0,0.4795,12.873,6.0,0,19.90671362478173,,0.0,0.0,139.33333333333331,0.0,44.28062593534443,optimal
2021-02-11 21:30:00,20,103,0.0199047619047619,0.0,0.0,0.3731,12.684,6.0,0,19.8180637313723,,0.0,0.0,69.66666666666666,0.0,44.23634530940909,optimal
2021-02-11 22:00:00,20,103,0.0,0.0,0.0,0.4648666666666666,12.306,6.0,0,19.729010422021904,,0.0,0.0,0.0,0.0,44.19210896409968,optimal
2021-02-11 22:30:00,20,103,0.0796190476190476,0.0,0.0,0.3056666666666667,10.6365,6.0,0,19.64272992839837,,0.0,0.0,278.66666666666663,0.0,44.147916855135584,optimal
2021-02-11 23:00:00,20,103,0.0,0.0,0.0,0.2871,11.2455,6.0,0,19.54963090538089,,0.0,0.0,0.0,0.0,44.103768938280446,optimal
2021-02-11 23:30:00,20,103,0.0,0.0,0.0,0.3469,11.2455,6.0,0,19.45358879262076,,0.0,0.0,0.0,0.0,44.05966516934217,optimal
2021-02-12 00:00:00,20,103,2.0,0.0,0.0,0.1354,12.1275,6.0,7,19.45358879262076,,7000.0,0.0,0.0,0.0,44.015605504172825,optimal
2021-02-12 00:30:00,20,103,0.0,0.0,0.0,0.2998,13.671,6.0,7,19.49237195918316,,0.0,0.0,0.0,0.0,43.971589898668654,optimal
2021-02-12 01:00:00,20,103,2.0,0.0,0.0,0.1839333333333333,10.668,6.0,7,19.386669511443905,,4422.333333333334,0.0,2577.6666666666665,0.0,43.92761830876999,optimal
2021-02-12 01:30:00,20,103,2.0,0.0,0.0,0.0932,11.7285,6.0,7,19.3709767933158,,7000.0,0.0,0.0,0.0,43.883690690461215,optimal
2021-02-12 02:00:00,20,103,2.0,0.0,0.0,0.042,11.025,6.0,7,19.4065530494176,,7000.0,0.0,0.0,0.0,43.83980699977075,optimal
2021-02-12 02:30:00,20,103,2.0,0.0,0.0,0.1316,10.689,6.0,7,19.44134379473045,,7000.0,0.0,0.0,0.0,43.79596719277098,optimal
2021-02-12 03:00:00,20,103,2.0,0.0,5.0,0.0932,8.1585,6.0,7,19.47922382684736,,7000.0,0.0,0.0,0.0,46.12717122557821,optimal
2021-02-12 03:30:00,20,103,2.0,0.0,0.0,0.042,10.3635,6.0,7,19.51748467845441,,7000.0,0.0,0.0,0.0,46.08104405435263,optimal
2021-02-12 04:00:00,20,103,2.0,0.0,0.0,0.1828,10.8045,6.0,7,19.557669849794703,,7000.0,0.0,0.0,0.0,46.03496301029828,optimal
2021-02-12 04:30:00,20,103,2.0,0.0,0.0,0.042,11.025,6.0,7,19.603812289139405,,7000.0,0.0,0.0,0.0,45.98892804728798,optimal
2021-02-12 05:00:00,20,103,2.0,0.0,4.330654485809071,0.9799666666666668,10.3635,6.0,7,19.64995717541409,,7000.0,0.0,0.0,0.0,48.0,optimal
2021-02-12 05:30:00,20,103,2.0,0.0,0.0,0.3506333333333333,10.8045,6.0,7,19.705443440774445,,7000.0,0.0,0.0,0.0,47.58738336107208,optimal
2021-02-12 06:00:00,20,103,2.0,0.0,0.0,2.070833333333333,10.059,6.0,7,19.76403234029562,,7000.0,0.0,0.0,0.0,47.17517933878309,optimal
2021-02-12 06:30:00,20,103,2.0,0.0,0.0,2.2415666666666665,10.584,6.0,7,19.829680536735687,,7000.0,0.0,0.0,0.0,46.76338752051638,optimal
2021-02-12 07:00:00,20,103,2.0,0.0,0.0,0.2544333333333333,9.4185,6.0,7,19.89612064956811,,7000.0,0.0,0.0,0.0,46.35200749406795,optimal
2021-02-12 07:30:00,20,103,2.0,0.0,0.0,0.3018,10.3635,6.0,7,19.9618050387066,,7000.0,0.0,0.0,0.0,45.94103884764596,optimal
2021-02-12 08:00:00,20,103,2.0,0.0,0.0,0.3065666666666666,9.8385,6.0,7,20.027715656675163,,7000.0,0.0,0.0,0.0,45.5304811698704,optimal
2021-02-12 08:30:00,20,103,2.0,0.0,0.0,0.052,11.067,6.0,7,20.08092793017412,,7000.0,0.0,0.0,0.0,45.12033404977261,optimal
2021-02-12 09:00:00,20,103,2.0,0.0,0.0,0.3398666666666666,10.8465,6.0,7,20.12010369856577,,7000.0,0.0,0.0,0.0,44.71059707679492,optimal
2021-02-12 09:30:00,20,103,2.0,0.0,0.0,0.4274,13.671,6.0,7,20.169836682737653,,7000.0,0.0,0.0,0.0,44.301269840790205,optimal
2021-02-12 10:00:00,20,103,2.0,0.0,0.0,0.9818333333333332,12.348,6.0,7,20.23464067594935,,7000.0,0.0,0.0,0.0,43.8923519320215,optimal
2021-02-12 10:30:00,20,103,0.0,0.0,0.0,1.9990333333333328,14.3325,6.0,7,20.309481165920044,,0.0,0.0,0.0,0.0,43.48384294116156,optimal
2021-02-12 11:00:00,20,103,0.0,0.0,0.0,0.4218,15.393,6.0,7,20.246459240395,,0.0,0.0,0.0,0.0,43.07574245929247,optimal
2021-02-12 11:30:00,20,103,2.0,0.0,0.0,0.116,13.587,6.0,7,20.176503416096114,,7000.0,0.0,0.0,0.0,42.66805007790526,optimal
2021-02-12 12:00:00,20,103,0.0,0.0,0.0,0.1288,16.1385,6.0,7,20.239503068525,,0.0,0.0,0.0,0.0,42.26076538889943,optimal
2021-02-12 12:30:00,20,103,0.0,0.0,0.0,0.052,14.595,6.0,7,20.15536033688251,,0.0,0.0,0.0,0.0,41.85388798458261,optimal
2021-02-12 13:00:00,20,103,0.1670462024546045,0.0,0.0,0.148,14.637,6.0,7,20.070209496943747,,584.6617085911158,0.0,0.0,0.0,41.44741745767011,optimal
2021-02-12 13:30:00,20,103,1.136452978432517,0.0,0.0,0.0968,13.9125,6.0,7,20.0,,3977.58542451381,0.0,0.0,0.0,41.041353401284525,optimal
2021-02-12 14:00:00,20,103,1.4510638874847956,0.0,0.0,0.052,13.3665,6.0,7,20.0,,5078.723606196785,0.0,0.0,0.0,40.63569540895532,optimal
2021-02-12 14:30:00,20,103,2.0,0.0,0.0,0.1352,13.0095,6.0,7,20.021782680702284,,7000.0,0.0,0.0,0.0,40.23044307461844,optimal
2021-02-12 15:00:00,20,103,0.0,0.0,0.0,0.1095999999999999,13.8915,6.0,7,20.08520791754552,,0.0,0.0,0.0,0.0,39.8255959926159,optimal
2021-02-12 15:30:00,20,103,0.9697239983436484,0.0,0.0,0.415,13.188,6.0,7,20.0,,3394.033994202769,0.0,0.0,0.0,39.421153757695365,optimal
2021-02-12 16:00:00,20,103,0.9583889634128712,0.0,0.0,0.3608666666666666,12.5685,6.0,7,20.0,,3354.361371945049,0.0,0.0,0.0,39.01711596500975,optimal
2021-02-12 16:30:00,20,103,0.97594740893007,0.0,0.0,0.4175333333333333,12.285,6.0,7,20.0,,3346.149264588579,0.0,69.66666666666666,0.0,38.61348221011682,optimal
2021-02-12 17:00:00,20,103,2.0,0.0,0.0,0.1886,11.487,6.0,7,20.0,,4422.333333333334,0.0,2577.6666666666665,0.0,38.210252088978784,optimal
2021-02-12 17:30:00,20,103,0.6348660201417536,0.0,0.0,0.2782,11.802,6.0,7,20.019820981602503,,2222.031070496138,0.0,0.0,0.0,37.80742519796189,optimal
2021-02-12 18:00:00,20,103,2.0,0.0,0.0,0.3626666666666667,11.2245,6.0,7,20.0,,7000.0,0.0,0.0,0.0,37.405001133836,optimal
2021-02-12 18:30:00,20,103,2.0,0.0,0.0,2.2937,11.025,6.0,7,20.07857471001305,,7000.0,0.0,0.0,0.0,37.00297949377425,optimal
2021-02-12 19:00:00,20,103,0.1443981121925656,0.0,0.0,3.790233333333333,11.907,6.0,7,20.168006312314745,,505.3933926739796,0.0,0.0,0.0,36.60135987535256,optimal
2021-02-12 19:30:00,20,103,0.0,0.0,0.0,0.5955,25.83,6.0,7,20.13575379594902,,0.0,0.0,0.0,0.0,36.20014187654928,optimal
2021-02-12 20:00:00,20,103,0.0,0.0,0.0,0.3176,28.035,6.0,7,20.067936040106147,,0.0,0.0,0.0,0.0,35.79932509574481,optimal
2021-02-12 20:30:00,20,103,0.0,0.0,0.0,0.5075333333333334,28.119,6.0,7,20.0,,0.0,0.0,0.0,0.0,35.76352577064907,optimal
2021-02-12 21:00:00,20,103,0.0,0.0,0.0,0.1968666666666666,30.156,6.0,7,19.93495236990812,,0.0,0.0,0.0,0.0,35.72776224487842,optimal
2021-02-12 21:30:00,20,103,0.0,0.0,0.0,2.2130666666666667,29.1585,6.0,7,19.86588884419394,,0.0,0.0,0.0,0.0,35.69203448263354,optimal
2021-02-12 22:00:00,20,103,0.0,0.0,0.0,0.2221,26.712,6.0,7,19.7988923281755,,0.0,0.0,0.0,0.0,35.6563424481509,optimal
2021-02-12 22:30:00,20,103,0.0,0.0,0.0,0.3208,15.435,6.0,7,19.72048118348744,,0.0,0.0,0.0,0.0,35.62068610570275,optimal
2021-02-12 23:00:00,20,103,0.0,0.0,0.0,0.7421333333333333,13.566,6.0,7,19.64179846313815,,0.0,0.0,0.0,0.0,35.58506541959705,optimal
2021-02-12 23:30:00,20,103,0.0,0.0,0.0,0.0968,12.789,6.0,7,19.56541144389224,,0.0,0.0,0.0,0.0,35.549480354177454,optimal
2021-02-13 00:00:00,20,103,2.0,0.0,0.0,0.0581333333333333,9.261,6.0,-2,19.56541144389224,,1078.333333333332,0.0,5921.666666666668,0.0,35.51393087382328,optimal
2021-02-13 00:30:00,20,103,2.0,0.0,5.0,0.0978,8.1585,6.0,-2,19.506745273248367,,0.0,0.0,7000.0,0.0,37.85341694294945,optimal
2021-02-13 01:00:00,20,103,2.0,0.0,0.0,0.509,9.4815,6.0,-2,19.43275481012388,,5709.666666666667,0.0,1290.3333333333333,0.0,37.8155635260065,optimal
2021-02-13 01:30:00,20,103,2.0,0.0,2.65583563487004,0.075,8.379,6.0,-2,19.480684558463,,7000.0,0.0,0.0,0.0,39.03926988904376,optimal
2021-02-13 02:00:00,20,103,2.0,0.0,0.0,0.3394,9.5235,6.0,-2,19.55310742820035,,7000.0,0.0,0.0,0.0,39.00023061915471,optimal
2021-02-13 02:30:00,20,103,2.0,0.0,5.0,2.363933333333333,8.1375,6.0,-2,19.630525718237195,,7000.0,0.0,0.0,0.0,41.336230388535554,optimal
2021-02-13 03:00:00,20,103,2.0,0.0,0.0,2.8943000000000003,10.0905,6.0,-2,19.713010178666952,,7000.0,0.0,0.0,0.0,41.29489415814702,optimal
2021-02-13 03:30:00,20,103,2.0,0.0,5.0,0.298,7.539,6.0,-2,19.79668251385926,,7000.0,0.0,0.0,0.0,43.62859926398887,optimal
2021-02-13 04:00:00,20,103,2.0,0.0,5.0,0.361,7.938,6.0,-2,19.879744209986008,,7000.0,0.0,0.0,0.0,45.95997066472487,optimal
2021-02-13 04:30:00,20,103,2.0,0.0,5.0,2.6753,8.274,6.0,-2,19.96504054405748,,7000.0,0.0,0.0,0.0,48.28901069406015,optimal
2021-02-13 05:00:00,20,103,2.0,0.0,0.0,1.9278,9.261,6.0,-2,20.05784975093616,,7000.0,0.0,0.0,0.0,48.24072168336608,optimal
2021-02-13 05:30:00,20,103,2.0,0.0,0.0,0.9244,9.9225,6.0,-2,20.14504748083689,,7000.0,0.0,0.0,0.0,48.19248096168271,optimal
2021-02-13 06:00:00,20,103,2.0,0.0,0.0,0.056,9.702,6.0,-2,20.228441318775925,,7000.0,0.0,0.0,0.0,48.144288480721016,optimal
2021-02-13 06:30:00,20,103,2.0,0.0,0.0,0.0595,10.584,6.0,-2,20.30830196871452,,7000.0,0.0,0.0,0.0,48.096144192240295,optimal
2021-02-13 07:00:00,20,103,2.0,0.0,0.0,1.8826,10.143,6.0,-2,20.37563158572576,,7000.0,0.0,0.0,0.0,48.048048048048045,optimal
2021-02-13 07:30:00,20,103,0.0,0.0,0.0,0.9299,13.0095,6.0,-2,20.45266629014341,,0.0,0.0,0.0,0.0,48.0,optimal
2021-02-13 08:00:00,20,103,2.0,0.0,0.0,0.0573333333333333,11.025,6.0,-2,20.37969583251833,,7000.0,0.0,0.0,0.0,47.85552834497811,optimal
2021-02-13 08:30:00,20,103,2.0,0.0,0.0,0.058,12.789,6.0,-2,20.43879725757873,,7000.0,0.0,0.0,0.0,47.71120116161125,optimal
2021-02-13 09:00:00,20,103,2.0,0.0,0.0,0.058,12.1275,6.0,-2,20.488960086659823,,7000.0,0.0,0.0,0.0,47.56701830542775,optimal
2021-02-13 09:30:00,20,103,2.0,0.0,0.0,0.058,12.1695,6.0,-2,20.53912217817476,,7000.0,0.0,0.0,0.0,47.42297963210044,optimal
2021-02-13 10:00:00,20,103,2.0,0.0,0.0,0.058,12.306,6.0,-2,20.59019087089204,,7000.0,0.0,0.0,0.0,47.279084997446446,optimal
2021-02-13 10:30:00,20,103,0.0,0.0,0.0,0.058,13.23,6.0,-2,20.642162053787963,,0.0,0.0,0.0,0.0,47.13533425742711,optimal
2021-02-13 11:00:00,20,103,0.0,0.0,0.0,0.058,13.671,6.0,-2,20.5467714393864,,0.0,0.0,0.0,0.0,46.9917272681478,optimal
2021-02-13 11:30:00,20,103,0.0,0.0,0.0,0.058,13.9335,6.0,-2,20.45204041836004,,0.0,0.0,0.0,0.0,46.84826388585776,optimal
2021-02-13 12:00:00,20,103,0.0479982360376772,0.0,0.0,0.058,13.293,6.0,-2,20.357965996067502,,167.9938261318704,0.0,0.0,0.0,46.70494396695002,optimal
2021-02-13 12:30:00,20,103,2.0,0.0,0.0,0.4861999999999999,12.1065,6.0,-2,20.268081533205187,,7000.0,0.0,0.0,0.0,46.56176736796118,optimal
2021-02-13 13:00:00,20,103,2.0,0.0,0.0,2.2426,11.571,6.0,-2,20.33120481874231,,7000.0,0.0,0.0,0.0,46.41873394557133,optimal
2021-02-13 13:30:00,20,103,2.0,0.0,0.0,2.4742,11.025,6.0,-2,20.400587110005013,,7000.0,0.0,0.0,0.0,46.275843556603874,optimal
2021-02-13 14:00:00,20,103,2.0,0.0,0.0,2.2216666666666667,10.8465,6.0,-2,20.47525358511317,,7000.0,0.0,0.0,0.0,46.13309605802538,optimal
2021-02-13 14:30:00,20,103,2.0,0.0,0.0,0.1819,11.2455,6.0,-2,20.540129228110484,,7000.0,0.0,0.0,0.0,45.990491306945465,optimal
2021-02-13 15:00:00,20,103,0.0,0.0,0.0,0.2306,23.8665,6.0,-2,20.596024833783503,,0.0,0.0,0.0,0.0,45.84802916061663,optimal
2021-02-13 15:30:00,20,103,0.0,0.0,0.0,0.058,27.4575,6.0,-2,20.51253541182279,,0.0,0.0,0.0,0.0,45.70570947643413,optimal
2021-02-13 16:00:00,20,103,0.0,0.0,0.0,0.058,27.3735,6.0,-2,20.420681716683408,,0.0,0.0,0.0,0.0,45.56353211193581,optimal
2021-02-13 16:30:00,20,103,0.0,0.0,0.0,0.058,30.4605,6.0,-2,20.32879106274162,,0.0,0.0,0.0,0.0,45.42149692480199,optimal
2021-02-13 17:00:00,20,103,0.0,0.0,0.0,0.056,30.0195,6.0,-2,20.23731728754912,,0.0,0.0,0.0,0.0,45.279603772855296,optimal
2021-02-13 17:30:00,20,103,0.0,0.0,0.0,0.056,26.9325,6.0,-2,20.154640069136004,,0.0,0.0,0.0,0.0,45.13785251406056,optimal
2021-02-13 18:00:00,20,103,0.0,0.0,0.0,0.2968,14.595,6.0,-2,20.076357474417104,,0.0,0.0,0.0,0.0,44.99624300652461,optimal
2021-02-13 18:30:00,20,103,1.011025548601752,0.0,0.0,0.7918666666666667,12.4845,6.0,-2,20.0,,3538.589420106132,0.0,0.0,0.0,44.8547751084962,optimal
2021-02-13 19:00:00,20,103,0.9634338609498484,0.0,0.0,2.3209,12.1275,6.0,-2,20.0,,3372.018513324469,0.0,0.0,0.0,44.713448678365815,optimal
2021-02-13 19:30:00,20,103,1.9514289068945951,0.0,0.0,0.2184,12.1275,6.0,-2,20.0,,6830.001174131084,0.0,0.0,0.0,44.57226357466556,optimal
2021-02-13 20:00:00,20,103,0.0,0.0,0.0,0.1390333333333333,12.789,6.0,-2,20.072521976819964,,0.0,0.0,0.0,0.0,44.43121965606901,optimal
2021-02-13 20:30:00,20,103,1.3101314285714285,0.0,0.0,0.3049,11.907,6.0,-2,20.0,,0.0,0.0,4585.459999999999,0.0,44.38678843641294,optimal
2021-02-13 21:00:00,20,103,0.2026304761904762,0.0,0.0,1.9814333333333327,11.025,6.0,-2,19.93851607651786,,0.0,0.0,709.2066666666669,0.0,44.34240164797653,optimal
2021-02-13 21:30:00,20,103,0.0597142857142857,0.0,0.0,1.0787666666666669,8.2005,6.0,-2,19.88795304959393,,0.0,0.0,209.0,0.0,44.29805924632856,optimal
2021-02-13 22:00:00,20,103,0.0,0.0,0.0,0.2357666666666666,9.5655,6.0,-2,19.840221190409945,,0.0,0.0,0.0,0.0,44.25376118708223,optimal
2021-02-13 22:30:00,20,103,0.0398095238095238,0.0,0.0,1.5939,7.056,6.0,-2,19.783887948955343,,0.0,0.0,139.33333333333331,0.0,44.20950742589515,optimal
2021-02-13 23:00:00,20,103,0.0,0.0,0.0,2.749433333333333,9.3975,6.0,-2,19.725425734431617,,0.0,0.0,0.0,0.0,44.16529791846925,optimal
2021-02-13 23:30:00,20,103,0.0,0.0,0.0,0.1263333333333333,10.059,6.0,-2,19.653609462330323,,0.0,0.0,0.0,0.0,44.12113262055078,optimal
2021-02-07 00:00:00,21,103,0.0,0.0,0.0,0.064,8.274,6.0,-2,21.0,,0.0,0.0,0.0,0.0,47.952,optimal
2021-02-07 00:30:00,21,103,1.5060332484214736,0.0,0.0,0.1106666666666666,7.7175,6.0,-2,20.91761123750957,,0.0,0.0,5271.116369475158,0.0,47.904048,optimal
2021-02-07 01:00:00,21,103,2.142857142857143,0.0,0.0,0.1626666666666666,6.615,6.0,-2,20.836124930785275,,4411.116369475158,0.0,3088.8836305248424,0.0,47.856143952,optimal
2021-02-07 01:30:00,21,103,2.142857142857143,0.0,0.0,0.1467333333333333,6.174,6.0,-2,20.85621651904632,,7185.106666666667,0.0,314.8933333333333,0.0,47.80828780804799,optimal
2021-02-07 02:00:00,21,103,2.142857142857143,0.0,0.0,0.5426666666666666,3.906,6.0,-2,20.93937129431,,7500.0,0.0,0.0,0.0,47.76047952023995,optimal
2021-02-07 02:30:00,21,103,2.142857142857143,0.0,0.0,0.2223333333333333,2.3415,6.0,-2,21.0348952145918,,7500.0,0.0,0.0,0.0,47.712719040719705,optimal
2021-02-07 03:00:00,21,103,2.142857142857143,0.0,0.0,0.3766,2.205,6.0,-2,21.12270124753316,,7500.0,0.0,0.0,0.0,47.66500632167899,optimal
2021-02-07 03:30:00,21,103,2.142857142857143,0.0,1.515803635252508,0.1573333333333333,0.882,6.0,-2,21.21288088823168,,7500.0,0.0,0.0,0.0,48.33734804210225,optimal
2021-02-07 04:00:00,21,103,2.142857142857143,0.0,0.0,0.064,1.5435,6.0,-2,21.2939468774601,,7500.0,0.0,0.0,0.0,48.28901069406015,optimal
2021-02-07 04:30:00,21,103,2.142857142857143,0.0,0.0,0.064,1.5435,6.0,-2,21.37245355714056,,7500.0,0.0,0.0,0.0,48.24072168336608,optimal
2021-02-07 05:00:00,21,103,2.142857142857143,0.0,0.0,0.184,5.0715,6.0,-2,21.450604076917568,,7500.0,0.0,0.0,0.0,48.19248096168271,optimal
2021-02-07 05:30:00,21,103,2.142857142857143,0.0,0.0,0.0906666666666666,5.376,6.0,-2,21.530926101512765,,7500.0,0.0,0.0,0.0,48.144288480721016,optimal
2021-02-07 06:00:00,21,103,2.142857142857143,0.0,0.0,0.1143333333333333,5.0715,6.0,-2,21.608919025831582,,7500.0,0.0,0.0,0.0,48.096144192240295,optimal
2021-02-07 06:30:00,21,103,2.142857142857143,0.0,0.0,0.174,5.5125,6.0,-2,21.68697912914825,,7500.0,0.0,0.0,0.0,48.048048048048045,optimal
2021-02-07 07:00:00,21,103,0.0,0.0,0.0,0.0773333333333333,9.261,6.0,-2,21.76558095281325,,0.0,0.0,0.0,0.0,48.0,optimal
2021-02-07 07:30:00,21,103,0.0,0.0,0.0,0.1917333333333332,11.7075,6.0,-2,21.684329158589566,,0.0,0.0,0.0,0.0,47.85133369818434,optimal
2021-02-07 08:00:00,21,103,0.0,0.0,0.0,0.1988666666666666,12.348,6.0,-2,21.608402774774515,,0.0,0.0,0.0,0.0,47.7028160626705,optimal
2021-02-07 08:30:00,21,103,0.0,0.0,0.0,0.1822666666666667,12.348,6.0,-2,21.531915804775632,,0.0,0.0,0.0,0.0,47.554446944792176,optimal
2021-02-07 09:00:00,21,103,0.0,0.0,0.0,0.5686,12.1275,6.0,-2,21.4562506780183,,0.0,0.0,0.0,0.0,47.40622619603173,optimal
2021-02-07 09:30:00,21,103,0.0,0.0,0.0,2.7761666666666667,12.5265,6.0,-2,21.39021228002944,,0.0,0.0,0.0,0.0,47.25815366802004,optimal
2021-02-07 10:00:00,21,103,0.0,0.0,0.0,2.3834,11.7495,6.0,-2,21.330048378053025,,0.0,0.0,0.0,0.0,47.11022921253636,optimal
2021-02-07 10:30:00,21,103,0.0,0.0,0.0,0.2266666666666666,13.23,6.0,-2,21.2670477659188,,0.0,0.0,0.0,0.0,46.96245268150817,optimal
2021-02-07 11:00:00,21,103,0.0,0.0,0.0,1.3917666666666668,14.3325,6.0,-2,21.19305910901185,,0.0,0.0,0.0,0.0,46.814823927011005,optimal
2021-02-07 11:30:00,21,103,0.0,0.0,0.0,0.8991,14.994,6.0,-2,21.12644092004073,,0.0,0.0,0.0,0.0,46.66734280126834,optimal
2021-02-07 12:00:00,21,103,0.0,0.0,0.0,0.5724333333333332,14.8155,6.0,-2,21.06069359834468,,0.0,0.0,0.0,0.0,46.52000915665141,optimal
2021-02-07 12:30:00,21,103,0.0,0.0,0.0,0.5934666666666667,14.112,6.0,-2,20.998301352015616,,0.0,0.0,0.0,0.0,46.3728228456791,optimal
2021-02-07 13:00:00,21,103,0.0,0.0,0.0,0.2401,14.007,6.0,-2,20.92813729113712,,0.0,0.0,0.0,0.0,46.22578372101777,optimal
2021-02-07 13:30:00,21,103,0.0,0.0,0.0,0.154,13.23,6.0,-2,20.84132982474006,,0.0,0.0,0.0,0.0,46.07889163548109,optimal
2021-02-07 14:00:00,21,103,0.0,0.0,0.0,0.1406666666666666,11.382,6.0,-2,20.75612774850014,,0.0,0.0,0.0,0.0,45.93214644202995,optimal
2021-02-07 14:30:00,21,103,0.0,0.0,0.0,0.074,11.7495,6.0,-2,20.671258369363898,,0.0,0.0,0.0,0.0,45.78554799377227,optimal
2021-02-07 15:00:00,21,103,0.0,0.0,0.0,0.2073333333333333,24.3285,6.0,-2,20.58559748929969,,0.0,0.0,0.0,0.0,45.63909614396284,optimal
2021-02-07 15:30:00,21,103,0.0,0.0,0.0,0.3353333333333333,28.917,6.0,-2,20.50335878131121,,0.0,0.0,0.0,0.0,45.492790746003216,optimal
2021-02-07 16:00:00,21,103,0.0,0.0,0.0,0.3884666666666665,31.3635,6.0,-2,20.427506691518097,,0.0,0.0,0.0,0.0,45.34663165344156,optimal
2021-02-07 16:30:00,21,103,0.0,0.0,0.0,0.7940666666666667,33.306,6.0,-2,20.36208058651283,,0.0,0.0,0.0,0.0,45.20061871997245,optimal
2021-02-07 17:00:00,21,103,0.0,0.0,0.0,1.4348,31.3425,6.0,-2,20.30773308828064,,0.0,0.0,0.0,0.0,45.05475179943682,optimal
2021-02-07 17:30:00,21,103,0.0,0.0,0.0,1.4703333333333333,28.2555,6.0,-2,20.26794843883952,,0.0,0.0,0.0,0.0,44.90903074582173,optimal
2021-02-07 18:00:00,21,103,0.0,0.0,0.0,0.5470333333333333,15.6975,6.0,-2,20.23021393877864,,0.0,0.0,0.0,0.0,44.76345541326025,optimal
2021-02-07 18:30:00,21,103,0.0,0.0,0.0,0.6213333333333334,12.5475,6.0,-2,20.17998947102365,,0.0,0.0,0.0,0.0,44.618025656031335,optimal
2021-02-07 19:00:00,21,103,0.0,0.0,0.0,1.6891666666666667,12.0855,6.0,-2,20.131161765805235,,0.0,0.0,0.0,0.0,44.47274132855965,optimal
2021-02-07 19:30:00,21,103,0.0,0.0,0.0,0.5634333333333332,11.907,6.0,-2,20.101753739735432,,0.0,0.0,0.0,0.0,44.32760228541543,optimal
2021-02-07 20:00:00,21,103,0.0,0.0,0.0,0.4974666666666665,12.5685,6.0,-2,20.04838413009278,,0.0,0.0,0.0,0.0,44.18260838131436,optimal
2021-02-07 20:30:00,21,103,0.0,0.0,0.0,0.7563333333333334,13.146,6.0,-2,20.0,,0.0,0.0,0.0,0.0,44.03775947111739,optimal
2021-02-07 21:00:00,21,103,0.0,0.0,0.0,0.5093,10.584,6.0,-2,19.95153046129315,,0.0,0.0,0.0,0.0,43.893055409830616,optimal
2021-02-07 21:30:00,21,103,0.1090780952380953,0.0,0.0,0.6073333333333334,6.678,6.0,-2,19.89529881771593,,0.0,0.0,381.7733333333335,0.0,43.74849605260513,optimal
2021-02-07 22:00:00,21,103,0.0,0.0,0.0,1.4137,7.938,6.0,-2,19.840080795630385,,0.0,0.0,0.0,0.0,43.70474755655252,optimal
2021-02-07 22:30:00,21,103,1.5326666666666662,0.0,0.0,0.8934666666666667,5.292,6.0,-2,19.791914386287043,,0.0,0.0,5364.333333333332,0.0,43.661042808995965,optimal
2021-02-07 23:00:00,21,103,0.0,0.0,0.0,0.502,9.261,6.0,-2,19.74723169158789,,0.0,0.0,0.0,0.0,43.617381766186966,optimal
2021-02-07 23:30:00,21,103,0.0,0.0,0.0,0.174,10.3635,6.0,-2,19.687181423124898,,0.0,0.0,0.0,0.0,43.57376438442078,optimal
2021-02-08 00:00:00,21,103,2.142857142857143,0.0,5.0,0.064,7.056,6.0,-8,19.687181423124898,,7500.0,0.0,0.0,0.0,45.90519062003636,optimal
2021-02-08 00:30:00,21,103,2.142857142857143,0.0,5.0,0.064,5.271,6.0,-8,19.76888605332306,,3807.6666666666665,0.0,3692.3333333333335,0.0,48.234285429416325,optimal
2021-02-08 01:00:00,21,103,2.142857142857143,0.0,0.0,0.2135999999999999,7.938,6.0,-8,19.772494893095683,,7500.0,0.0,0.0,0.0,48.18605114398691,optimal
2021-02-08 01:30:00,21,103,2.142857142857143,0.0,1.032683862768537,0.064,7.938,6.0,-8,19.856961624150248,,7500.0,0.0,0.0,0.0,48.62838992765797,optimal
2021-02-08 02:00:00,21,103,2.142857142857143,0.0,0.0,0.1591999999999999,11.907,6.0,-8,19.93766918129048,,7500.0,0.0,0.0,0.0,48.57976153773031,optimal
2021-02-08 02:30:00,21,103,2.142857142857143,0.0,0.0,0.1184,11.025,6.0,-8,20.01978775852777,,7500.0,0.0,0.0,0.0,48.53118177619257,optimal
2021-02-08 03:00:00,21,103,2.142857142857143,0.0,0.0,0.064,11.2875,6.0,-8,20.10090176732949,,7500.0,0.0,0.0,0.0,48.48265059441637,optimal
2021-02-08 03:30:00,21,103,2.142857142857143,0.0,0.0,0.1524,12.936,6.0,-8,20.18072947955779,,7500.0,0.0,0.0,0.0,48.434167943821954,optimal
2021-02-08 04:00:00,21,103,2.0099580300382,0.0,0.0,0.1252,13.0095,6.0,-8,20.26182906068732,,7034.853105133699,0.0,0.0,0.0,48.38573377587813,optimal
2021-02-08 04:30:00,21,103,0.0,0.0,0.0,0.064,13.671,6.0,-8,20.33196978168132,,0.0,0.0,0.0,0.0,48.33734804210225,optimal
2021-02-08 05:00:00,21,103,0.0,0.0,0.0,0.2135999999999999,13.188,6.0,-8,20.251963816492303,,0.0,0.0,0.0,0.0,48.28901069406015,optimal
2021-02-08 05:30:00,21,103,0.0,0.0,0.0,0.064,13.8495,6.0,-8,20.17501628571774,,0.0,0.0,0.0,0.0,48.24072168336608,optimal
2021-02-08 06:00:00,21,103,2.142857142857143,0.0,0.0,0.064,13.23,6.0,-8,20.09504186633427,,7500.0,0.0,0.0,0.0,48.19248096168271,optimal
2021-02-08 06:30:00,21,103,0.0,0.0,0.0,0.2702666666666666,13.3665,6.0,-8,20.17308148995434,,0.0,0.0,0.0,0.0,48.144288480721016,optimal
2021-02-08 07:00:00,21,103,2.142857142857143,0.0,0.0,0.1788,13.0515,6.0,-8,20.098646109105417,,7500.0,0.0,0.0,0.0,48.096144192240295,optimal
2021-02-08 07:30:00,21,103,0.0,0.0,0.0,2.1928666666666667,13.5345,6.0,-8,20.18580347221615,,0.0,0.0,0.0,0.0,48.048048048048045,optimal
2021-02-08 08:00:00,21,103,0.0,0.0,0.0,0.3699333333333333,14.154,6.0,-8,20.153369983668547,,0.0,0.0,0.0,0.0,48.0,optimal
2021-02-08 08:30:00,21,103,0.0,0.0,0.0,0.1948,14.112,6.0,-8,20.10546265112427,,0.0,0.0,0.0,0.0,47.85310464679642,optimal
2021-02-08 09:00:00,21,103,0.0,0.0,0.0,1.2148,14.2485,6.0,-8,20.05260987410848,,0.0,0.0,0.0,0.0,47.70635618894604,optimal
2021-02-08 09:30:00,21,103,2.142857142857143,0.0,0.0,0.5265333333333333,12.789,6.0,-8,20.0,,7500.0,0.0,0.0,0.0,47.55975447955351,optimal
2021-02-08 10:00:00,21,103,1.6948634152245825,0.0,0.0,0.4948999999999999,13.0095,6.0,-8,20.108733758857976,,5932.021953286038,0.0,0.0,0.0,47.41329937187038,optimal
2021-02-08 10:30:00,21,103,2.142857142857143,0.0,0.0,0.1848,12.1275,6.0,-8,20.186676711539874,,7500.0,0.0,0.0,0.0,47.26699071929493,optimal
2021-02-08 11:00:00,21,103,2.142857142857143,0.0,0.0,2.0864333333333334,12.348,6.0,-8,20.27935676443425,,7500.0,0.0,0.0,0.0,47.12082837537206,optimal
2021-02-08 11:30:00,21,103,2.142857142857143,0.0,0.0,0.2580333333333333,12.348,6.0,-8,20.390778111603225,,7500.0,0.0,0.0,0.0,46.97481219379311,optimal
2021-02-08 12:00:00,21,103,0.0,0.0,0.0,0.1885666666666666,25.389,6.0,-8,20.486527399132022,,0.0,0.0,0.0,0.0,46.82894202839573,optimal
2021-02-08 12:30:00,21,103,0.0,0.0,0.0,0.3616999999999999,29.1375,6.0,-8,20.41648611917275,,0.0,0.0,0.0,0.0,46.68321773316375,optimal
2021-02-08 13:00:00,21,103,0.0,0.0,0.0,0.4701,30.597,6.0,-8,20.34780605681425,,0.0,0.0,0.0,0.0,46.53763916222701,optimal
2021-02-08 13:30:00,21,103,0.0,0.0,0.0,0.1963333333333332,33.684,6.0,-8,20.280577868309283,,0.0,0.0,0.0,0.0,46.3922061698612,optimal
2021-02-08 14:00:00,21,103,0.0,0.0,0.0,0.3399333333333333,32.445,6.0,-8,20.206450904370094,,0.0,0.0,0.0,0.0,46.24691861048776,optimal
2021-02-08 14:30:00,21,103,0.0,0.0,0.0,0.1948,28.917,6.0,-8,20.139827576006176,,0.0,0.0,0.0,0.0,46.101776338673695,optimal
2021-02-08 15:00:00,21,103,0.0,0.0,0.0,0.3594333333333333,15.876,6.0,-8,20.06819209769096,,0.0,0.0,0.0,0.0,45.95677920913144,optimal
2021-02-08 15:30:00,21,103,0.6755508463326596,0.0,0.0,1.1855,12.348,6.0,-8,20.0,,2364.4279621643086,0.0,0.0,0.0,45.811927076718725,optimal
2021-02-08 16:00:00,21,103,2.142857142857143,0.0,0.0,0.193,12.1275,6.0,-8,20.0,,6713.6064603009445,0.0,786.3935396990555,0.0,45.66721979643842,optimal
2021-02-08 16:30:00,21,103,0.0,0.0,0.0,0.198,12.348,6.0,-8,20.069482923310115,,0.0,0.0,0.0,0.0,45.52265722343841,optimal
2021-02-08 17:00:00,21,103,0.9512228696271048,0.0,0.0,0.2194666666666666,12.1275,6.0,-8,20.0,,3279.673583393922,0.0,49.60646030094448,0.0,45.37823921301139,optimal
2021-02-08 17:30:00,21,103,0.8286504636954382,0.0,0.0,0.5249666666666667,12.1275,6.0,-8,20.0,,2900.2766229340336,0.0,0.0,0.0,45.2339656205948,optimal
2021-02-08 18:00:00,21,103,0.9702513395706244,0.0,0.0,0.2408,11.2665,6.0,-8,20.0,,3395.879688497185,0.0,0.0,0.0,45.08983630177063,optimal
2021-02-08 18:30:00,21,103,2.142857142857143,0.0,0.0,0.2019333333333333,10.143,6.0,-8,20.0,,7221.333333333333,0.0,278.6666666666667,0.0,44.94585111226528,optimal
2021-02-08 19:00:00,21,103,0.0,0.0,0.0,1.5470666666666666,11.2455,6.0,-8,20.081555512277152,,0.0,0.0,0.0,0.0,44.80200990794943,optimal
2021-02-08 19:30:00,21,103,0.2427157226715535,0.0,0.0,1.4176,11.025,6.0,-8,20.032701628557447,,849.5050293504374,0.0,0.0,0.0,44.6583125448379,optimal
2021-02-08 20:00:00,21,103,1.4091683984868886,0.0,0.0,0.7799333333333333,5.9745,6.0,-8,20.0,,2424.089394704109,0.0,2507.9999999999995,0.0,44.51475887908948,optimal
2021-02-08 20:30:00,21,103,0.0,0.0,0.0,1.4313333333333331,7.938,6.0,-8,20.0,,0.0,0.0,0.0,0.0,44.37134876700681,optimal
2021-02-08 21:00:00,21,103,0.0,0.0,0.0,0.3041333333333333,8.6835,6.0,-8,19.95294881089459,,0.0,0.0,0.0,0.0,44.22808206503622,optimal
2021-02-08 21:30:00,21,103,0.0,0.0,0.0,0.4373,7.665,6.0,-8,19.89512841685136,,0.0,0.0,0.0,0.0,44.0849586297676,optimal
2021-02-08 22:00:00,21,103,0.0,0.0,0.0,0.351,6.7725,6.0,-8,19.839974024398703,,0.0,0.0,0.0,0.0,44.04087367113783,optimal
2021-02-08 22:30:00,21,103,0.0,0.0,0.0,0.4413333333333333,5.5755,6.0,-8,19.78851820030462,,0.0,0.0,0.0,0.0,43.996832797466695,optimal
2021-02-08 23:00:00,21,103,0.4379047619047618,0.0,0.0,0.3315333333333333,5.0925,6.0,-8,19.740773852597123,,0.0,0.0,1532.6666666666663,0.0,43.95283596466923,optimal
2021-02-08 23:30:00,21,103,0.0796190476190476,0.0,0.0,0.4775333333333333,4.1895,6.0,-8,19.69291822975318,,0.0,0.0,278.66666666666663,0.0,43.90888312870456,optimal
2021-02-09 00:00:00,21,103,2.142857142857143,0.0,0.0,0.0772666666666666,12.1275,6.0,-2,19.69291822975318,,7500.0,0.0,0.0,0.0,43.86497424557585,optimal
2021-02-09 00:30:00,21,103,2.142857142857143,0.0,0.0,0.2383,11.823,6.0,-2,19.776588967052525,,603.0,0.0,6897.0,0.0,43.82110927133028,optimal
2021-02-09 01:00:00,21,103,2.142857142857143,0.0,0.0,0.099,11.7705,6.0,-2,19.71999754155836,,7500.0,0.0,0.0,0.0,43.77728816205895,optimal
2021-02-09 01:30:00,21,103,2.142857142857143,0.0,0.2749434140335289,0.1978333333333332,11.13,6.0,-2,19.81123903381557,,7500.0,0.0,0.0,0.0,43.864108995562816,optimal
2021-02-09 02:00:00,21,103,2.142857142857143,0.0,0.0,0.1502333333333333,11.6865,6.0,-2,19.90672606814099,,7500.0,0.0,0.0,0.0,43.82024488656725,optimal
2021-02-09 02:30:00,21,103,2.142857142857143,0.0,5.0,0.064,10.7205,6.0,-2,19.982930288415364,,7500.0,0.0,0.0,0.0,46.15142464168068,optimal
2021-02-09 03:00:00,21,103,2.142857142857143,0.0,0.0,0.2099333333333333,11.424,6.0,-2,20.05720038162088,,7500.0,0.0,0.0,0.0,46.10527321703899,optimal
2021-02-09 03:30:00,21,103,2.142857142857143,0.0,5.0,0.064,10.689,6.0,-2,20.13443232529164,,7500.0,0.0,0.0,0.0,48.434167943821954,optimal
2021-02-09 04:00:00,21,103,2.142857142857143,0.0,0.0,0.064,11.361,6.0,-2,20.20869560423229,,7500.0,0.0,0.0,0.0,48.38573377587813,optimal
2021-02-09 04:30:00,21,103,2.142857142857143,0.0,0.0,0.064,11.571,6.0,-2,20.28307564251272,,7500.0,0.0,0.0,0.0,48.33734804210225,optimal
2021-02-09 05:00:00,21,103,0.0,0.0,0.0,0.1900333333333333,14.3745,6.0,-2,20.35666457387269,,0.0,0.0,0.0,0.0,48.28901069406015,optimal
2021-02-09 05:30:00,21,103,2.142857142857143,0.0,0.0,0.0839,13.23,6.0,-2,20.274240981806965,,7500.0,0.0,0.0,0.0,48.24072168336608,optimal
2021-02-09 06:00:00,21,103,1.138805512240932,0.0,0.0,0.064,13.9755,6.0,-2,20.347835228055548,,3985.819292843262,0.0,0.0,0.0,48.19248096168271,optimal
2021-02-09 06:30:00,21,103,0.0,0.0,0.0,0.4056666666666667,14.994,6.0,-2,20.346701760435884,,0.0,0.0,0.0,0.0,48.144288480721016,optimal
2021-02-09 07:00:00,21,103,2.142857142857143,0.0,0.0,0.4141333333333333,13.671,6.0,-2,20.2725335358045,,7500.0,0.0,0.0,0.0,48.096144192240295,optimal
2021-02-09 07:30:00,21,103,0.0,0.0,0.0,0.1864,15.981,6.0,-2,20.370046303592805,,0.0,0.0,0.0,0.0,48.048048048048045,optimal
2021-02-09 08:00:00,21,103,0.0,0.0,0.0,1.407166666666667,15.6345,6.0,-2,20.308302905695065,,0.0,0.0,0.0,0.0,48.0,optimal
2021-02-09 08:30:00,21,103,0.0,0.0,0.0,2.738066666666666,16.5375,6.0,-2,20.2505868393001,,0.0,0.0,0.0,0.0,47.89903665880181,optimal
2021-02-09 09:00:00,21,103,0.0,0.0,0.0,0.615,14.7735,6.0,-2,20.20450833584277,,0.0,0.0,0.0,0.0,47.79817428094482,optimal
2021-02-09 09:30:00,21,103,0.0,0.0,0.0,0.3795,15.2145,6.0,-2,20.13357178364725,,0.0,0.0,0.0,0.0,47.69741276546569,optimal
2021-02-09 10:00:00,21,103,0.0,0.0,0.0,1.0610666666666666,14.553,6.0,-2,20.06258770940629,,0.0,0.0,0.0,0.0,47.59675201150204,optimal
2021-02-09 10:30:00,21,103,2.142857142857143,0.0,0.0,1.3374666666666668,14.3325,6.0,-2,20.0,,7500.0,0.0,0.0,0.0,47.496191918292354,optimal
2021-02-09 11:00:00,21,103,0.5265268502081553,0.0,0.0,0.3795666666666666,14.595,6.0,-2,20.09643270010704,,1842.8439757285432,0.0,0.0,0.0,47.39573238517588,optimal
2021-02-09 11:30:00,21,103,0.0,0.0,0.0,1.6106666666666667,14.994,6.0,-2,20.071546780811616,,0.0,0.0,0.0,0.0,47.29537331159251,optimal
2021-02-09 12:00:00,21,103,2.142857142857143,0.0,0.0,0.6450333333333333,14.3325,6.0,-2,20.01169967927144,,7500.0,0.0,0.0,0.0,47.195114597082735,optimal
2021-02-09 12:30:00,21,103,2.142857142857143,0.0,0.0,0.2359333333333333,13.8915,6.0,-2,20.10124508593528,,7500.0,0.0,0.0,0.0,47.09495614128747,optimal
2021-02-09 13:00:00,21,103,2.142857142857143,0.0,0.0,0.1762333333333333,13.8915,6.0,-2,20.183408798945152,,7500.0,0.0,0.0,0.0,46.994897843948,optimal
2021-02-09 13:30:00,21,103,2.142857142857143,0.0,0.0,0.3722,13.4715,6.0,-2,20.25722399161954,,7500.0,0.0,0.0,0.0,46.894939604905865,optimal
2021-02-09 14:00:00,21,103,2.142857142857143,0.0,0.0,0.074,13.23,6.0,-2,20.33353665963777,,7500.0,0.0,0.0,0.0,46.795081324102775,optimal
2021-02-09 14:30:00,21,103,2.142857142857143,0.0,0.0,0.195,13.8915,6.0,-2,20.40567498302128,,7500.0,0.0,0.0,0.0,46.69532290158048,optimal
2021-02-09 15:00:00,21,103,0.0,0.0,0.0,0.3269666666666666,26.9325,6.0,-2,20.485247131657204,,0.0,0.0,0.0,0.0,46.59566423748072,optimal
2021-02-09 15:30:00,21,103,0.0,0.0,0.0,0.122,30.303,6.0,-2,20.41297304414847,,0.0,0.0,0.0,0.0,46.49610523204505,optimal
2021-02-09 16:00:00,21,103,0.0,0.0,0.0,0.6865333333333333,32.886,6.0,-2,20.332962430017684,,0.0,0.0,0.0,0.0,46.39664578561482,optimal
2021-02-09 16:30:00,21,103,0.0,0.0,0.0,1.4574333333333334,34.9965,6.0,-2,20.26711263736436,,0.0,0.0,0.0,0.0,46.29728579863102,optimal
2021-02-09 17:00:00,21,103,0.0,0.0,0.0,1.8226,33.327,6.0,-2,20.20970420092183,,0.0,0.0,0.0,0.0,46.19802517163421,optimal
2021-02-09 17:30:00,21,103,0.0,0.0,0.0,0.2491999999999999,31.122,6.0,-2,20.16789665908544,,0.0,0.0,0.0,0.0,46.09886380526439,optimal
2021-02-09 18:00:00,21,103,0.0,0.0,0.0,0.1604333333333333,17.9025,6.0,-2,20.11412179146318,,0.0,0.0,0.0,0.0,45.99980160026094,optimal
2021-02-09 18:30:00,21,103,0.0,0.0,0.0,0.2749,15.6555,6.0,-2,20.05638533013607,,0.0,0.0,0.0,0.0,45.90083845746249,optimal
2021-02-09 19:00:00,21,103,0.8016452750058269,0.0,0.0,0.1988,14.553,6.0,-2,20.0,,2805.7584625203945,0.0,0.0,0.0,45.80197427780684,optimal
2021-02-09 19:30:00,21,103,0.7544719416725111,0.0,0.0,0.9572666666666668,14.3325,6.0,-2,20.0,,2640.651795853789,0.0,0.0,0.0,45.70320896233085,optimal
2021-02-09 20:00:00,21,103,0.8035309892915325,0.0,0.0,1.0114333333333332,13.335,6.0,-2,20.0,,2812.358462520364,0.0,0.0,0.0,45.60454241217033,optimal
2021-02-09 20:30:00,21,103,0.0597142857142857,0.0,0.0,0.5917,12.1275,6.0,-2,20.0,,0.0,0.0,209.0,0.0,45.505974528559975,optimal
2021-02-09 21:00:00,21,103,0.0,0.0,0.0,0.2927666666666667,12.2955,6.0,-2,19.935890772885124,,0.0,0.0,0.0,0.0,45.40750521283323,optimal
2021-02-09 21:30:00,21,103,0.1194285714285714,0.0,0.0,0.5154333333333333,11.6865,6.0,-2,19.864182032647285,,0.0,0.0,418.0,0.0,45.36209770762039,optimal
2021-02-09 22:00:00,21,103,0.0,0.0,0.0,0.2622,11.466,6.0,-2,19.801595934666096,,0.0,0.0,0.0,0.0,45.316735609912776,optimal
2021-02-09 22:30:00,21,103,0.0,0.0,0.0,0.5174666666666667,10.8045,6.0,-2,19.73951108652027,,0.0,0.0,0.0,0.0,45.27141887430286,optimal
2021-02-09 23:00:00,21,103,0.0,0.0,0.0,0.1005333333333333,10.584,6.0,-2,19.68376709810098,,0.0,0.0,0.0,0.0,45.22614745542856,optimal
2021-02-09 23:30:00,21,103,0.0,0.0,0.0,0.1525999999999999,11.2455,6.0,-2,19.602755381143268,,0.0,0.0,0.0,0.0,45.18092130797313,optimal
2021-02-10 00:00:00,21,103,2.142857142857143,0.0,0.0,0.061,13.3665,6.0,4,19.602755381143268,,7500.0,0.0,0.0,0.0,45.13574038666516,optimal
2021-02-10 00:30:00,21,103,2.142857142857143,0.0,0.0,0.061,12.789,6.0,4,19.67801497383146,,0.0,0.0,7500.0,0.0,45.09060464627849,optimal
2021-02-10 01:00:00,21,103,2.142857142857143,0.0,0.0,0.1198,11.907,6.0,4,19.594601410769183,,0.0,0.0,7500.0,0.0,45.04551404163222,optimal
2021-02-10 01:30:00,21,103,2.142857142857143,0.0,0.0,0.1975,11.7075,6.0,4,19.51235036428292,,1600.0,0.0,5900.0,0.0,45.00046852759058,optimal
2021-02-10 02:00:00,21,103,2.142857142857143,0.0,0.0,0.1263,10.8045,6.0,4,19.46533506560639,,7500.0,0.0,0.0,0.0,44.955468059062994,optimal
2021-02-10 02:30:00,21,103,2.142857142857143,0.0,0.0,0.1543333333333333,11.508,6.0,4,19.54077800918621,,7500.0,0.0,0.0,0.0,44.91051259100393,optimal
2021-02-10 03:00:00,21,103,2.142857142857143,0.0,0.0,0.1198,11.508,6.0,4,19.616468805160387,,7500.0,0.0,0.0,0.0,44.86560207841293,optimal
2021-02-10 03:30:00,21,103,2.142857142857143,0.0,0.0,0.1845,11.508,6.0,4,19.691089275252605,,7500.0,0.0,0.0,0.0,44.82073647633452,optimal
2021-02-10 04:00:00,21,103,2.142857142857143,0.0,0.0,0.1085,11.844,6.0,4,19.766733177326845,,7500.0,0.0,0.0,0.0,44.775915739858185,optimal
2021-02-10 04:30:00,21,103,2.142857142857143,0.0,0.0,0.1851333333333333,11.508,6.0,4,19.84043407601805,,7500.0,0.0,0.0,0.0,44.73113982411833,optimal
2021-02-10 05:00:00,21,103,2.142857142857143,0.0,0.0,0.089,11.508,6.0,4,19.914960111748147,,7500.0,0.0,0.0,0.0,44.68640868429421,optimal
2021-02-10 05:30:00,21,103,2.142857142857143,0.0,5.0,0.1263333333333333,10.4475,6.0,4,19.98667073234293,,7500.0,0.0,0.0,0.0,47.01672227560992,optimal
2021-02-10 06:00:00,21,103,2.142857142857143,0.0,0.0,0.191,10.8675,6.0,4,20.058388238210103,,7500.0,0.0,0.0,0.0,46.96970555333432,optimal
2021-02-10 06:30:00,21,103,2.142857142857143,0.0,2.369078316351737,0.0850666666666666,10.542,6.0,4,20.13068797592684,,6315.666666666667,0.0,1184.3333333333333,0.0,48.048048048048045,optimal
2021-02-10 07:00:00,21,103,2.142857142857143,0.0,0.0,0.2184666666666666,11.025,6.0,4,20.17840269005148,,4922.333333333334,0.0,2577.6666666666665,0.0,48.0,optimal
2021-02-10 07:30:00,21,103,2.142857142857143,0.0,0.0,0.5634666666666667,11.025,6.0,4,20.20541053467508,,4713.333333333334,0.0,2786.6666666666665,0.0,47.89387912791372,optimal
2021-02-10 08:00:00,21,103,2.142857142857143,0.0,0.0,0.3267333333333332,14.553,6.0,4,20.23518209377736,,7360.666666666667,0.0,139.33333333333334,0.0,47.78786437669953,optimal
2021-02-10 08:30:00,21,103,2.142857142857143,0.0,0.0,0.2089333333333333,13.0935,6.0,4,20.3112909616984,,7082.0,0.0,418.0,0.0,47.68195564023655,optimal
2021-02-10 09:00:00,21,103,2.142857142857143,0.0,0.0,0.6191,15.6345,6.0,4,20.378087839764365,,7221.333333333333,0.0,278.6666666666667,0.0,47.57615281251004,optimal
2021-02-10 09:30:00,21,103,0.0,0.0,0.0,2.6184000000000003,18.102,6.0,4,20.460433405548788,,0.0,0.0,0.0,0.0,47.47045578761125,optimal
2021-02-10 10:00:00,21,103,0.0,0.0,0.0,0.4824666666666666,17.199,6.0,4,20.4071271188583,,0.0,0.0,0.0,0.0,47.36486445973736,optimal
2021-02-10 10:30:00,21,103,0.0,0.0,0.0,0.8334,18.2805,6.0,4,20.33446059209373,,0.0,0.0,0.0,0.0,47.25937872319135,optimal
2021-02-10 11:00:00,21,103,0.0,0.0,0.0,0.2435999999999999,17.4615,6.0,4,20.27174925268992,,0.0,0.0,0.0,0.0,47.15399847238188,optimal
2021-02-10 11:30:00,21,103,0.0,0.0,0.0,1.7409333333333334,18.3225,6.0,4,20.198430807677493,,0.0,0.0,0.0,0.0,47.04872360182322,optimal
2021-02-10 12:00:00,21,103,0.0,0.0,0.0,4.269399999999999,17.094,6.0,4,20.1305042020302,,0.0,0.0,0.0,0.0,46.94355400613512,optimal
2021-02-10 12:30:00,21,103,0.6170476190476191,0.0,0.0,1.8056666666666668,17.094,6.0,4,20.072900523123376,,0.0,0.0,2159.6666666666665,0.0,46.83848958004271,optimal
2021-02-10 13:00:00,21,103,1.991233136152274,0.0,0.0,0.3206666666666667,17.094,6.0,4,20.00364392368788,,6969.315976532959,0.0,0.0,0.0,46.73353021837639,optimal
2021-02-10 13:30:00,21,103,0.0,0.0,0.0,0.3742666666666666,17.3565,6.0,4,20.073105480119345,,0.0,0.0,0.0,0.0,46.62867581607173,optimal
2021-02-10 14:00:00,21,103,2.142857142857143,0.0,0.0,0.2985333333333334,17.115,6.0,4,20.0,,7500.0,0.0,0.0,0.0,46.52392626816938,optimal
2021-02-10 14:30:00,21,103,2.1089191500894064,0.0,0.0,0.1333333333333333,17.241,6.0,4,20.083754265756564,,7381.217025312922,0.0,0.0,0.0,46.41928146981493,optimal
2021-02-10 15:00:00,21,103,2.142857142857143,0.0,0.0,0.3038,17.094,6.0,4,20.15578275355669,,7500.0,0.0,0.0,0.0,46.31474131625884,optimal
2021-02-10 15:30:00,21,103,2.142857142857143,0.0,0.0,0.1281666666666666,16.5165,6.0,4,20.23357329260012,,7500.0,0.0,0.0,0.0,46.2103057028563,optimal
2021-02-10 16:00:00,21,103,0.0,0.0,0.0,0.1925333333333333,17.8185,6.0,4,20.3100677983896,,0.0,0.0,0.0,0.0,46.10597452506717,optimal
2021-02-10 16:30:00,21,103,2.142857142857143,0.0,0.0,0.123,17.094,6.0,4,20.23152698688325,,7500.0,0.0,0.0,0.0,46.00174767845582,optimal
2021-02-10 17:00:00,21,103,2.142857142857143,0.0,0.0,0.3633333333333333,16.8945,6.0,4,20.30998201905327,,7500.0,0.0,0.0,0.0,45.89762505869109,optimal
2021-02-10 17:30:00,21,103,0.0,0.0,0.0,0.3386666666666666,18.123,6.0,4,20.39904200698945,,0.0,0.0,0.0,0.0,45.79360656154612,optimal
2021-02-10 18:00:00,21,103,0.0,0.0,0.0,0.2293333333333332,31.647,6.0,4,20.33319026114572,,0.0,0.0,0.0,0.0,45.6896920828983,optimal
2021-02-10 18:30:00,21,103,0.0,0.0,0.0,0.4085333333333333,34.9965,6.0,4,20.26560047670973,,0.0,0.0,0.0,0.0,45.58588151872912,optimal
2021-02-10 19:00:00,21,103,0.0,0.0,0.0,0.349,34.9965,6.0,4,20.19893257130748,,0.0,0.0,0.0,0.0,45.482174765124114,optimal
2021-02-10 19:30:00,21,103,0.0,0.0,0.0,0.5484,34.9965,6.0,4,20.12905016761321,,0.0,0.0,0.0,0.0,45.37857171827271,optimal
2021-02-10 20:00:00,21,103,0.0,0.0,0.0,0.8519333333333333,34.9965,6.0,4,20.060930705834853,,0.0,0.0,0.0,0.0,45.27507227446816,optimal
2021-02-10 20:30:00,21,103,0.0,0.0,0.0,1.5754,34.9965,6.0,4,20.0,,0.0,0.0,0.0,0.0,45.17167633010741,optimal
2021-02-10 21:00:00,21,103,0.0,0.0,0.0,0.7878,27.741,6.0,4,19.938878347317072,,0.0,0.0,0.0,0.0,45.06838378169103,optimal
2021-02-10 21:30:00,21,103,0.0,0.0,0.0,0.5257000000000001,19.026,6.0,4,19.87039053002912,,0.0,0.0,0.0,0.0,45.023315397909336,optimal
2021-02-10 22:00:00,21,103,0.0,0.0,0.0,0.5562999999999999,18.7215,6.0,4,19.79729301996588,,0.0,0.0,0.0,0.0,44.97829208251142,optimal
2021-02-10 22:30:00,21,103,0.0,0.0,0.0,0.6387,17.4195,6.0,4,19.718215578557185,,0.0,0.0,0.0,0.0,44.93331379042891,optimal
2021-02-10 23:00:00,21,103,0.0,0.0,0.0,0.2471666666666666,16.758,6.0,4,19.642334225990048,,0.0,0.0,0.0,0.0,44.88838047663848,optimal
2021-02-10 23:30:00,21,103,0.0,0.0,0.0,0.1167333333333333,14.217,6.0,4,19.548923668059764,,0.0,0.0,0.0,0.0,44.843492096161846,optimal
2021-02-11 00:00:00,21,103,2.142857142857143,0.0,0.0,0.1247,11.025,6.0,0,19.548923668059764,,7500.0,0.0,0.0,0.0,44.79864860406568,optimal
2021-02-11 00:30:00,21,103,2.142857142857143,0.0,0.0,0.2072,12.0855,6.0,0,19.611089680624207,,0.0,0.0,7500.0,0.0,44.75384995546162,optimal
2021-02-11 01:00:00,21,103,2.142857142857143,0.0,0.0,0.0633333333333333,11.6865,6.0,0,19.515138792465795,,2111.666666666667,0.0,5388.333333333333,0.0,44.70909610550616,optimal
2021-02-11 01:30:00,21,103,2.142857142857143,0.0,0.0,0.2149666666666666,11.2245,6.0,0,19.46149986381885,,7500.0,0.0,0.0,0.0,44.66438700940065,optimal
2021-02-11 02:00:00,21,103,2.142857142857143,0.0,0.0,0.1822333333333333,11.025,6.0,0,19.524722835560887,,7500.0,0.0,0.0,0.0,44.61972262239125,optimal
2021-02-11 02:30:00,21,103,2.142857142857143,0.0,0.0,0.152,10.7835,6.0,0,19.586969934718777,,7500.0,0.0,0.0,0.0,44.57510289976886,optimal
2021-02-11 03:00:00,21,103,2.142857142857143,0.0,0.0,0.1013333333333333,11.025,6.0,0,19.647844546256344,,7500.0,0.0,0.0,0.0,44.53052779686909,optimal
2021-02-11 03:30:00,21,103,2.142857142857143,0.0,3.199956573250577,0.2108,10.584,6.0,0,19.706922766715,,7500.0,0.0,0.0,0.0,46.005976641366246,optimal
2021-02-11 04:00:00,21,103,2.142857142857143,0.0,0.0,0.1927333333333332,11.025,6.0,0,19.76917145670205,,7500.0,0.0,0.0,0.0,45.95997066472487,optimal
2021-02-11 04:30:00,21,103,2.142857142857143,0.0,5.0,0.0855333333333333,10.4265,6.0,0,19.83189160412697,,7500.0,0.0,0.0,0.0,48.28901069406015,optimal
2021-02-11 05:00:00,21,103,2.142857142857143,0.0,0.0,0.3116666666666667,12.789,6.0,0,19.89207060642063,,7500.0,0.0,0.0,0.0,48.24072168336608,optimal
2021-02-11 05:30:00,21,103,2.142857142857143,0.0,0.0,0.0633333333333333,12.684,6.0,0,19.9567367945556,,7500.0,0.0,0.0,0.0,48.19248096168271,optimal
2021-02-11 06:00:00,21,103,2.142857142857143,0.0,0.0,0.0920333333333333,16.254,6.0,0,20.017016265467905,,7500.0,0.0,0.0,0.0,48.144288480721016,optimal
2021-02-11 06:30:00,21,103,2.142857142857143,0.0,0.0,0.1721666666666666,17.64,6.0,0,20.078760584945595,,7500.0,0.0,0.0,0.0,48.096144192240295,optimal
2021-02-11 07:00:00,21,103,2.142857142857143,0.0,0.0,0.3972,19.1625,6.0,0,20.143045800077047,,7500.0,0.0,0.0,0.0,48.048048048048045,optimal
2021-02-11 07:30:00,21,103,0.0,0.0,0.0,0.5118,26.46,6.0,0,20.217446950599165,,0.0,0.0,0.0,0.0,48.0,optimal
2021-02-11 08:00:00,21,103,0.3889206959596602,0.0,0.0,0.8579666666666667,20.79,6.0,0,20.14556547405355,,1361.2224358588107,0.0,0.0,0.0,47.92005046325859,optimal
2021-02-11 08:30:00,21,103,0.0,0.0,0.0,0.3043,29.106,6.0,0,20.097271465358823,,0.0,0.0,0.0,0.0,47.84018087605392,optimal
2021-02-11 09:00:00,21,103,2.142857142857143,0.0,0.0,0.1192333333333333,19.1835,6.0,0,20.0,,7500.0,0.0,0.0,0.0,47.76039115843646,optimal
2021-02-11 09:30:00,21,103,0.4900466566633769,0.0,0.0,0.1952666666666666,19.6665,6.0,0,20.056471653181987,,1715.1632983218192,0.0,0.0,0.0,47.68068123053662,optimal
2021-02-11 10:00:00,21,103,1.1665941452392428,0.0,0.0,0.1422666666666666,19.404,6.0,0,20.0,,4083.0795083373496,0.0,0.0,0.0,47.60105101256468,optimal
2021-02-11 10:30:00,21,103,2.142857142857143,0.0,0.0,0.1186,19.047,6.0,0,20.0,,4813.5882674928525,0.0,2686.4117325071475,0.0,47.521500424810704,optimal
2021-02-11 11:00:00,21,103,2.142857142857143,0.0,0.0,0.1014,18.858,6.0,0,20.01215730462332,,7500.0,0.0,0.0,0.0,47.44202938764448,optimal
2021-02-11 11:30:00,21,103,0.1037324884747528,0.0,0.0,0.2836666666666667,19.2675,6.0,0,20.0777254430634,,363.06370966163496,0.0,0.0,0.0,47.36263782151543,optimal
2021-02-11 12:00:00,21,103,2.142857142857143,0.0,0.0,0.1398666666666666,18.963,6.0,0,20.0,,7399.74506584048,0.0,100.25493415951952,0.0,47.283325646952505,optimal
2021-02-11 12:30:00,21,103,2.142857142857143,0.0,0.0,0.1556666666666666,18.438,6.0,0,20.071127649659022,,7500.0,0.0,0.0,0.0,47.20409278456415,optimal
2021-02-11 13:00:00,21,103,2.142857142857143,0.0,0.0,0.2464666666666666,18.7425,6.0,0,20.147324463246008,,7500.0,0.0,0.0,0.0,47.12493915503818,optimal
2021-02-11 13:30:00,21,103,2.142857142857143,0.0,0.0,0.1074,15.2145,6.0,0,20.228035816108267,,7500.0,0.0,0.0,0.0,47.04586467914173,optimal
2021-02-11 14:00:00,21,103,2.142857142857143,0.0,0.0,0.2260333333333333,17.7765,6.0,0,20.30590726539821,,7500.0,0.0,0.0,0.0,46.96686927772118,optimal
2021-02-11 14:30:00,21,103,2.142857142857143,0.0,0.0,0.1143,16.758,6.0,0,20.386376385118584,,7500.0,0.0,0.0,0.0,46.88795287170205,optimal
2021-02-11 15:00:00,21,103,2.142857142857143,0.0,0.0,0.067,16.422,6.0,0,20.4625405707547,,7500.0,0.0,0.0,0.0,46.80911538208894,optimal
2021-02-11 15:30:00,21,103,2.142857142857143,0.0,0.0,0.067,16.758,6.0,0,20.5357756989164,,7500.0,0.0,0.0,0.0,46.73035672996544,optimal
2021-02-11 16:00:00,21,103,0.0,0.0,0.0,1.3794333333333333,29.358,6.0,0,20.603461397310923,,0.0,0.0,0.0,0.0,46.65167683649407,optimal
2021-02-11 16:30:00,21,103,0.0,0.0,0.0,0.6229,34.9965,6.0,0,20.52860222725394,,0.0,0.0,0.0,0.0,46.57307562291616,optimal
2021-02-11 17:00:00,21,103,0.0,0.0,0.0,0.4411,34.65,6.0,0,20.44534611149918,,0.0,0.0,0.0,0.0,46.49455301055184,optimal
2021-02-11 17:30:00,21,103,0.0,0.0,0.0,0.8777333333333334,34.9965,6.0,0,20.373816037821523,,0.0,0.0,0.0,0.0,46.41610892079988,optimal
2021-02-11 18:00:00,21,103,0.0,0.0,0.0,0.067,34.9965,6.0,0,20.29529934738357,,0.0,0.0,0.0,0.0,46.33774327513767,optimal
2021-02-11 18:30:00,21,103,0.0,0.0,0.0,1.2203666666666666,30.4815,6.0,0,20.188731718401367,,0.0,0.0,0.0,0.0,46.29140553186253,optimal
2021-02-11 19:00:00,21,103,0.0,0.0,0.0,0.5246000000000001,21.4305,6.0,0,20.09289725084116,,0.0,0.0,0.0,0.0,46.24511412633067,optimal
2021-02-11 19:30:00,21,103,1.3931838915567227,0.0,0.0,0.0836666666666666,14.3325,6.0,0,20.0,,4876.14362044853,0.0,0.0,0.0,46.19886901220434,optimal
2021-02-11 20:00:00,21,103,1.4717873653168758,0.0,0.0,0.2551333333333333,13.692,6.0,0,20.0,,4872.589111942399,0.0,278.66666666666663,0.0,46.15267014319214,optimal
2021-02-11 20:30:00,21,103,0.0,0.0,0.0,0.307,14.007,6.0,0,20.0,,0.0,0.0,0.0,0.0,46.10651747304895,optimal
2021-02-11 21:00:00,21,103,0.0,0.0,0.0,0.2843,12.873,6.0,0,19.900171859714824,,0.0,0.0,0.0,0.0,46.0604109555759,optimal
2021-02-11 21:30:00,21,103,0.0,0.0,0.0,0.277,12.684,6.0,0,19.80225648581008,,0.0,0.0,0.0,0.0,46.01435054462032,optimal
2021-02-11 22:00:00,21,103,0.0398095238095238,0.0,0.0,0.3407,12.306,6.0,0,19.70748251836985,,0.0,0.0,139.33333333333331,0.0,45.9683361940757,optimal
2021-02-11 22:30:00,21,103,0.6369523809523809,0.0,0.0,0.5312666666666667,10.6365,6.0,0,19.614474446124483,,0.0,0.0,2229.333333333333,0.0,45.922367857881625,optimal
2021-02-11 23:00:00,21,103,0.0,0.0,0.0,0.5991666666666666,11.2455,6.0,0,19.524233847160342,,0.0,0.0,0.0,0.0,45.87644549002374,optimal
2021-02-11 23:30:00,21,103,0.0,0.0,0.0,0.2881333333333333,11.2455,6.0,0,19.43086106894497,,0.0,0.0,0.0,0.0,45.83056904453372,optimal
2021-02-12 00:00:00,21,103,2.142857142857143,0.0,0.0,0.06,11.025,6.0,3,19.43086106894497,,7500.0,0.0,0.0,0.0,45.78473847548919,optimal
2021-02-12 00:30:00,21,103,2.142857142857143,0.0,0.0,0.0871666666666666,10.689,6.0,3,19.47553831116885,,0.0,0.0,7500.0,0.0,45.738953737013695,optimal
2021-02-12 01:00:00,21,103,2.142857142857143,0.0,5.0,0.1617666666666666,8.1585,6.0,3,19.36270667775785,,161.0,0.0,7339.0,0.0,48.06821478327668,optimal
2021-02-12 01:30:00,21,103,2.142857142857143,0.0,0.0,0.1446,10.3635,6.0,3,19.25534640175741,,7500.0,0.0,0.0,0.0,48.0201465684934,optimal
2021-02-12 02:00:00,21,103,2.142857142857143,0.0,0.0,0.1143333333333333,10.8045,6.0,3,19.303054431133944,,7500.0,0.0,0.0,0.0,47.97212642192491,optimal
2021-02-12 02:30:00,21,103,2.142857142857143,0.0,0.0,0.2191999999999999,11.025,6.0,3,19.35036256691785,,7500.0,0.0,0.0,0.0,47.92415429550299,optimal
2021-02-12 03:00:00,21,103,2.142857142857143,0.0,0.0,0.06,10.3635,6.0,3,19.401024571634988,,7500.0,0.0,0.0,0.0,47.876230141207486,optimal
2021-02-12 03:30:00,21,103,2.142857142857143,0.0,0.0,0.1543666666666666,10.8045,6.0,3,19.449466518823627,,7500.0,0.0,0.0,0.0,47.82835391106628,optimal
2021-02-12 04:00:00,21,103,2.142857142857143,0.0,0.0,0.0951666666666666,10.059,6.0,3,19.50280873422546,,7500.0,0.0,0.0,0.0,47.780525557155215,optimal
2021-02-12 04:30:00,21,103,2.142857142857143,0.0,0.0,0.2029,10.584,6.0,3,19.557712144287464,,7500.0,0.0,0.0,0.0,47.73274503159806,optimal
2021-02-12 05:00:00,21,103,2.142857142857143,0.0,1.0683551055078953,0.1326333333333333,9.4185,6.0,3,19.61797838681765,,7500.0,0.0,0.0,0.0,48.19248096168271,optimal
2021-02-12 05:30:00,21,103,2.142857142857143,0.0,0.0,0.068,10.3635,6.0,3,19.67962565567805,,7500.0,0.0,0.0,0.0,48.144288480721016,optimal
2021-02-12 06:00:00,21,103,2.142857142857143,0.0,0.0,0.1920333333333333,9.8385,6.0,3,19.743135736203065,,7500.0,0.0,0.0,0.0,48.096144192240295,optimal
2021-02-12 06:30:00,21,103,2.142857142857143,0.0,0.0,0.1418333333333333,11.067,6.0,3,19.81276639338978,,7500.0,0.0,0.0,0.0,48.048048048048045,optimal
2021-02-12 07:00:00,21,103,2.142857142857143,0.0,0.0,0.307,10.8465,6.0,3,19.886356177349374,,7500.0,0.0,0.0,0.0,48.0,optimal
2021-02-12 07:30:00,21,103,2.142857142857143,0.0,0.0,0.171,13.671,6.0,3,19.97020435416312,,7500.0,0.0,0.0,0.0,47.63445610759855,optimal
2021-02-12 08:00:00,21,103,2.142857142857143,0.0,0.0,2.6914,12.348,6.0,3,20.04490470645673,,7500.0,0.0,0.0,0.0,47.26927775908949,optimal
2021-02-12 08:30:00,21,103,0.8322697231808925,0.0,0.0,0.3723666666666667,14.3325,6.0,3,20.14928902322226,,2912.944031133124,0.0,0.0,0.0,46.90446458892895,optimal
2021-02-12 09:00:00,21,103,0.0,0.0,0.0,0.2825666666666667,15.393,6.0,3,20.112410324479665,,0.0,0.0,0.0,0.0,46.540016231938566,optimal
2021-02-12 09:30:00,21,103,2.142857142857143,0.0,0.0,0.3211333333333333,13.587,6.0,3,20.011413085277585,,7500.0,0.0,0.0,0.0,46.175932323305176,optimal
2021-02-12 10:00:00,21,103,0.0,0.0,0.0,0.1949666666666666,16.1385,6.0,3,20.080677155247106,,0.0,0.0,0.0,0.0,45.812212498580415,optimal
2021-02-12 10:30:00,21,103,0.9770980398478266,0.0,0.0,0.2729,14.595,6.0,3,20.0,,3419.843139467393,0.0,0.0,0.0,45.44885639368038,optimal
2021-02-12 11:00:00,21,103,0.9627343736125517,0.0,0.0,0.3026999999999999,14.637,6.0,3,20.0,,3369.570307643931,0.0,0.0,0.0,45.08586364488525,optimal
2021-02-12 11:30:00,21,103,0.9311603469787388,0.0,0.0,0.3537666666666667,13.9125,6.0,3,20.0,,3259.061214425586,0.0,0.0,0.0,44.723233888838905,optimal
2021-02-12 12:00:00,21,103,0.7190529778606233,0.0,0.0,1.284166666666667,13.3665,6.0,3,20.0,,2377.352089178848,0.0,139.33333333333331,0.0,44.36096676254861,optimal
2021-02-12 12:30:00,21,103,2.142857142857143,0.0,0.0,3.8897,13.0095,6.0,3,20.0,,6814.561741530719,0.0,685.4382584692817,0.0,43.99906190338461,optimal
2021-02-12 13:00:00,21,103,0.0,0.0,0.0,1.4185333333333332,13.8915,6.0,3,20.124511100913715,,0.0,0.0,0.0,0.0,43.63751894907978,optimal
2021-02-12 13:30:00,21,103,0.0614075008353173,0.0,0.0,0.3934333333333333,13.188,6.0,3,20.06702528728637,,214.9262529236107,0.0,0.0,0.0,43.27633753772924,optimal
2021-02-12 14:00:00,21,103,2.142857142857143,0.0,0.0,0.2195,12.5685,6.0,3,20.0,,3637.00363597282,0.0,3862.99636402718,0.0,42.91551730779006,optimal
2021-02-12 14:30:00,21,103,2.142857142857143,0.0,0.0,0.224,12.285,6.0,3,20.0,,5778.434622496462,0.0,1721.565377503538,0.0,42.55505789808082,optimal
2021-02-12 15:00:00,21,103,2.142857142857143,0.0,0.0,0.4216,11.487,6.0,3,20.04496253716745,,7500.0,0.0,0.0,0.0,42.19495894778129,optimal
2021-02-12 15:30:00,21,103,2.142857142857143,0.0,0.0,0.2336333333333333,11.802,6.0,3,20.12952560058193,,7500.0,0.0,0.0,0.0,41.83522009643205,optimal
2021-02-12 16:00:00,21,103,2.142857142857143,0.0,0.0,0.1954,11.2245,6.0,3,20.212724206629527,,7500.0,0.0,0.0,0.0,41.47584098393417,optimal
2021-02-12 16:30:00,21,103,2.142857142857143,0.0,0.0,0.3414333333333333,11.025,6.0,3,20.30003835106644,,7500.0,0.0,0.0,0.0,41.11682125054878,optimal
2021-02-12 17:00:00,21,103,2.142857142857143,0.0,0.0,0.7058,11.907,6.0,3,20.393560146720617,,7500.0,0.0,0.0,0.0,40.75816053689678,optimal
2021-02-12 17:30:00,21,103,0.0,0.0,0.0,0.3631666666666667,25.83,6.0,3,20.493376505114043,,0.0,0.0,0.0,0.0,40.39985848395843,optimal
2021-02-12 18:00:00,21,103,0.0,0.0,0.0,0.164,28.035,6.0,3,20.41615549288884,,0.0,0.0,0.0,0.0,40.04191473307302,optimal
2021-02-12 18:30:00,21,103,0.0,0.0,0.0,0.1080333333333333,28.119,6.0,3,20.32560095747058,,0.0,0.0,0.0,0.0,39.684328925938495,optimal
2021-02-12 19:00:00,21,103,0.0,0.0,0.0,0.5358333333333334,30.156,6.0,3,20.234052283958587,,0.0,0.0,0.0,0.0,39.32710070461111,optimal
2021-02-12 19:30:00,21,103,0.0,0.0,0.0,0.5608,29.1585,6.0,3,20.15560021366784,,0.0,0.0,0.0,0.0,38.97022971150504,optimal
2021-02-12 20:00:00,21,103,0.0,0.0,0.0,0.4163666666666666,26.712,6.0,3,20.07834779405632,,0.0,0.0,0.0,0.0,38.613715589392086,optimal
2021-02-12 20:30:00,21,103,0.0,0.0,0.0,0.6517000000000001,15.435,6.0,3,20.0,,0.0,0.0,0.0,0.0,38.25755798140124,optimal
2021-02-12 21:00:00,21,103,0.0,0.0,0.0,0.306,13.566,6.0,3,19.92639116905203,,0.0,0.0,0.0,0.0,37.90175653101839,optimal
2021-02-12 21:30:00,21,103,0.0199047619047619,0.0,0.0,0.4357666666666666,12.789,6.0,3,19.847044064481043,,0.0,0.0,69.66666666666666,0.0,37.54631088208591,optimal
2021-02-12 22:00:00,21,103,0.0,0.0,0.0,0.329,12.1275,6.0,3,19.776974778398937,,0.0,0.0,0.0,0.0,37.19122067880237,optimal
2021-02-12 22:30:00,21,103,0.0,0.0,0.0,0.3936333333333333,13.671,6.0,3,19.707246019626144,,0.0,0.0,0.0,0.0,36.83648556572212,optimal
2021-02-12 23:00:00,21,103,0.0597142857142857,0.0,0.0,0.2296666666666666,10.668,6.0,3,19.63767150997386,,0.0,0.0,209.0,0.0,36.7996490801564,optimal
2021-02-12 23:30:00,21,103,0.0,0.0,0.0,2.4682,11.7285,6.0,3,19.565522416810648,,0.0,0.0,0.0,0.0,36.76284943107624,optimal
2021-02-13 00:00:00,21,103,0.0,0.0,0.0,0.1940666666666666,11.907,6.0,5,19.565522416810648,,0.0,0.0,0.0,0.0,36.72608658164516,optimal
2021-02-13 00:30:00,21,103,0.0,0.0,0.0,0.065,11.025,6.0,5,19.48444126848237,,0.0,0.0,0.0,0.0,36.68936049506352,optimal
2021-02-13 01:00:00,21,103,2.142857142857143,0.0,5.0,0.1647333333333333,8.2005,6.0,5,19.401237887777285,,0.0,0.0,7500.0,0.0,39.02767113456846,optimal
2021-02-13 01:30:00,21,103,2.142857142857143,0.0,0.0,0.0943333333333333,9.5655,6.0,5,19.320738235897306,,5943.333333333333,0.0,1556.6666666666667,0.0,38.98864346343389,optimal
2021-02-13 02:00:00,21,103,2.142857142857143,0.0,5.0,0.065,7.056,6.0,5,19.364458261247712,,7500.0,0.0,0.0,0.0,41.324654819970455,optimal
2021-02-13 02:30:00,21,103,2.142857142857143,0.0,0.0,0.1940666666666666,9.3975,6.0,5,19.44035776637869,,7500.0,0.0,0.0,0.0,41.28333016515048,optimal
2021-02-13 03:00:00,21,103,2.142857142857143,0.0,0.0,0.065,10.059,6.0,5,19.518629845498094,,7500.0,0.0,0.0,0.0,41.24204683498533,optimal
2021-02-13 03:30:00,21,103,2.142857142857143,0.0,4.699283204988032,0.065,9.261,6.0,5,19.593829923054443,,7500.0,0.0,0.0,0.0,43.43296431051965,optimal
2021-02-13 04:00:00,21,103,2.142857142857143,0.0,5.0,0.065,8.1585,6.0,5,19.66846200757229,,7500.0,0.0,0.0,0.0,45.764531346209125,optimal
2021-02-13 04:30:00,21,103,2.142857142857143,0.0,0.0,0.1940666666666666,9.4815,6.0,5,19.74252867585589,,7500.0,0.0,0.0,0.0,45.71876681486292,optimal
2021-02-13 05:00:00,21,103,2.142857142857143,0.0,5.0,0.065,8.379,6.0,5,19.81852256484725,,7500.0,0.0,0.0,0.0,48.048048048048045,optimal
2021-02-13 05:30:00,21,103,2.142857142857143,0.0,0.0,0.2135666666666666,9.5235,6.0,5,19.89100111942145,,7500.0,0.0,0.0,0.0,48.0,optimal
2021-02-13 06:00:00,21,103,2.142857142857143,0.0,0.0,0.5646333333333333,8.1375,6.0,5,19.967838404770934,,7500.0,0.0,0.0,0.0,47.85537695192009,optimal
2021-02-13 06:30:00,21,103,2.142857142857143,0.0,0.0,0.2119,10.0905,6.0,5,20.049488280892483,,7500.0,0.0,0.0,0.0,47.710898526888265,optimal
2021-02-13 07:00:00,21,103,2.142857142857143,0.0,0.0,0.4085666666666667,7.539,6.0,5,20.12359286534768,,7500.0,0.0,0.0,0.0,47.56656458028147,optimal
2021-02-13 07:30:00,21,103,2.142857142857143,0.0,0.0,1.7329,7.938,6.0,5,20.2021898926086,,7500.0,0.0,0.0,0.0,47.42237496762129,optimal
2021-02-13 08:00:00,21,103,2.142857142857143,0.0,0.0,4.269266666666667,8.274,6.0,5,20.29546225488852,,7500.0,0.0,0.0,0.0,47.27832954457376,optimal
2021-02-13 08:30:00,21,103,2.142857142857143,0.0,0.0,2.150866666666667,9.261,6.0,5,20.415189842745523,,7500.0,0.0,0.0,0.0,47.13442816694928,optimal
2021-02-13 09:00:00,21,103,2.142857142857143,0.0,0.0,0.2741333333333333,9.9225,6.0,5,20.505929320529123,,7500.0,0.0,0.0,0.0,46.99067069070242,optimal
2021-02-13 09:30:00,21,103,2.142857142857143,0.0,0.0,0.248,9.702,6.0,5,20.57600810535001,,7500.0,0.0,0.0,0.0,46.84705697193181,optimal
2021-02-13 10:00:00,21,103,2.142857142857143,0.0,0.0,1.610266666666667,10.584,6.0,5,20.64663649715436,,7500.0,0.0,0.0,0.0,46.70358686687997,optimal
2021-02-13 10:30:00,21,103,2.142857142857143,0.0,0.0,0.1950666666666666,10.143,6.0,5,20.729906446126865,,7500.0,0.0,0.0,0.0,46.56026023193319,optimal
2021-02-13 11:00:00,21,103,0.0,0.0,0.0,0.3669666666666666,13.0095,6.0,5,20.802683815545475,,0.0,0.0,0.0,0.0,46.41707692362135,optimal
2021-02-13 11:30:00,21,103,2.0621381294954664,0.0,0.0,0.1082,11.025,6.0,5,20.721049242453027,,7217.483453234132,0.0,0.0,0.0,46.27403679861781,optimal
2021-02-13 12:00:00,21,103,0.0,0.0,0.0,0.073,12.789,6.0,5,20.784671311175,,0.0,0.0,0.0,0.0,46.131139713739294,optimal
2021-02-13 12:30:00,21,103,0.0,0.0,0.0,0.4625333333333333,12.1275,6.0,5,20.69394577281719,,0.0,0.0,0.0,0.0,45.98838552594565,optimal
2021-02-13 13:00:00,21,103,0.0,0.0,0.0,0.2286666666666666,12.1695,6.0,5,20.612285331250938,,0.0,0.0,0.0,0.0,45.8457740923398,optimal
2021-02-13 13:30:00,21,103,0.0,0.0,0.0,0.203,12.306,6.0,5,20.52649796999012,,0.0,0.0,0.0,0.0,45.703305270167554,optimal
2021-02-13 14:00:00,21,103,0.0,0.0,0.0,0.2891666666666667,13.23,6.0,5,20.442225676745107,,0.0,0.0,0.0,0.0,45.56097891681748,optimal
2021-02-13 14:30:00,21,103,0.0,0.0,0.0,0.2440666666666666,13.671,6.0,5,20.36582511470708,,0.0,0.0,0.0,0.0,45.41879488982076,optimal
2021-02-13 15:00:00,21,103,0.0,0.0,0.0,0.4536,13.9335,6.0,5,20.29081774588485,,0.0,0.0,0.0,0.0,45.27675304685104,optimal
2021-02-13 15:30:00,21,103,0.0,0.0,0.0,0.2552,13.293,6.0,5,20.22185851033929,,0.0,0.0,0.0,0.0,45.13485324572428,optimal
2021-02-13 16:00:00,21,103,0.0,0.0,0.0,0.3632666666666666,12.1065,6.0,5,20.14861853915566,,0.0,0.0,0.0,0.0,44.99309534439865,optimal
2021-02-13 16:30:00,21,103,0.0,0.0,0.0,0.3398,11.571,6.0,5,20.073726098280293,,0.0,0.0,0.0,0.0,44.851479200974346,optimal
2021-02-13 17:00:00,21,103,2.142857142857143,0.0,0.0,2.066866666666667,11.025,6.0,5,20.0,,7500.0,0.0,0.0,0.0,44.71000467369347,optimal
2021-02-13 17:30:00,21,103,2.142857142857143,0.0,0.0,0.9927333333333332,10.8465,6.0,5,20.1094134816913,,7500.0,0.0,0.0,0.0,44.56867162093987,optimal
2021-02-13 18:00:00,21,103,2.1024849383693645,0.0,0.0,0.3119333333333333,11.2455,6.0,5,20.208427252440263,,7358.697284292776,0.0,0.0,0.0,44.42747990123903,optimal
2021-02-13 18:30:00,21,103,0.0,0.0,0.0,0.2615,23.8665,6.0,5,20.28784351657825,,0.0,0.0,0.0,0.0,44.28642937325788,optimal
2021-02-13 19:00:00,21,103,0.0,0.0,0.0,0.5927,27.4575,6.0,5,20.209421960925383,,0.0,0.0,0.0,0.0,44.14551989580472,optimal
2021-02-13 19:30:00,21,103,0.0,0.0,0.0,0.6116666666666666,27.3735,6.0,5,20.137951641690208,,0.0,0.0,0.0,0.0,44.004751327829005,optimal
2021-02-13 20:00:00,21,103,0.0,0.0,0.0,0.3186333333333333,30.4605,6.0,5,20.06987727430686,,0.0,0.0,0.0,0.0,43.86412352842128,optimal
2021-02-13 20:30:00,21,103,0.0,0.0,0.0,0.4805666666666666,30.0195,6.0,5,20.0,,0.0,0.0,0.0,0.0,43.72363635681295,optimal
2021-02-13 21:00:00,21,103,0.0,0.0,0.0,0.9432666666666668,26.9325,6.0,5,19.93176591241364,,0.0,0.0,0.0,0.0,43.67991272045613,optimal
2021-02-13 21:30:00,21,103,0.0,0.0,0.0,3.413566666666666,14.595,6.0,5,19.87603882953995,,0.0,0.0,0.0,0.0,43.63623280773568,optimal
2021-02-13 22:00:00,21,103,0.0,0.0,0.0,0.5682666666666667,12.4845,6.0,5,19.840107148950825,,0.0,0.0,0.0,0.0,43.59259657492794,optimal
2021-02-13 22:30:00,21,103,0.0,0.0,0.0,0.3302,12.1275,6.0,5,19.77619417301398,,0.0,0.0,0.0,0.0,43.54900397835301,optimal
2021-02-13 23:00:00,21,103,0.0,0.0,0.0,0.4590666666666667,12.1275,6.0,5,19.71179949310542,,0.0,0.0,0.0,0.0,43.50545497437466,optimal
2021-02-13 23:30:00,21,103,0.0,0.0,0.0,0.298,12.789,6.0,5,19.646342899947207,,0.0,0.0,0.0,0.0,43.461949519400285,optimal
2021-02-07 00:00:00,22,103,2.0,0.0,0.0,0.043,3.906,6.0,-6,21.0,,7000.0,0.0,0.0,0.0,47.952,optimal
2021-02-07 00:30:00,22,103,2.0,0.0,0.0,0.043,2.3415,6.0,-6,21.07158023535002,,7000.0,0.0,0.0,0.0,47.904048,optimal
2021-02-07 01:00:00,22,103,2.0,0.0,0.0,0.2598666666666667,2.205,6.0,-6,21.14238206559738,,7000.0,0.0,0.0,0.0,47.856143952,optimal
2021-02-07 01:30:00,22,103,2.0,0.0,1.726530778126283,0.162,0.882,6.0,-6,21.21697415389273,,7000.0,0.0,0.0,0.0,48.62838992765797,optimal
2021-02-07 02:00:00,22,103,2.0,0.0,0.0,0.1078666666666666,1.5435,6.0,-6,21.28894087415972,,7000.0,0.0,0.0,0.0,48.57976153773031,optimal
2021-02-07 02:30:00,22,103,2.0,0.0,0.0,0.2905333333333333,1.5435,6.0,-6,21.359214741361868,,7000.0,0.0,0.0,0.0,48.53118177619257,optimal
2021-02-07 03:00:00,22,103,2.0,0.0,0.0,0.113,5.0715,6.0,-6,21.432561337865785,,7000.0,0.0,0.0,0.0,48.48265059441637,optimal
2021-02-07 03:30:00,22,103,2.0,0.0,0.0,0.2522,5.376,6.0,-6,21.501384366780343,,7000.0,0.0,0.0,0.0,48.434167943821954,optimal
2021-02-07 04:00:00,22,103,2.0,0.0,0.0,0.1645333333333333,5.0715,6.0,-6,21.572598550070367,,7000.0,0.0,0.0,0.0,48.38573377587813,optimal
2021-02-07 04:30:00,22,103,2.0,0.0,0.0,0.1508333333333333,5.5125,6.0,-6,21.641277067923166,,7000.0,0.0,0.0,0.0,48.33734804210225,optimal
2021-02-07 05:00:00,22,103,2.0,0.0,0.0,0.2412333333333333,9.261,6.0,-6,21.709285454512223,,7000.0,0.0,0.0,0.0,48.28901069406015,optimal
2021-02-07 05:30:00,22,103,0.0,0.0,0.0,0.1468333333333333,11.7075,6.0,-6,21.7790987695676,,0.0,0.0,0.0,0.0,48.24072168336608,optimal
2021-02-07 06:00:00,22,103,0.0,0.0,0.0,0.2709333333333333,12.348,6.0,-6,21.69925535059415,,0.0,0.0,0.0,0.0,48.19248096168271,optimal
2021-02-07 06:30:00,22,103,0.0,0.0,0.0,1.0526333333333335,12.348,6.0,-6,21.62235142748244,,0.0,0.0,0.0,0.0,48.144288480721016,optimal
2021-02-07 07:00:00,22,103,0.0,0.0,0.0,0.8531,12.1275,6.0,-6,21.54966063552572,,0.0,0.0,0.0,0.0,48.096144192240295,optimal
2021-02-07 07:30:00,22,103,0.0,0.0,0.0,0.2288666666666666,12.5265,6.0,-6,21.4795523821985,,0.0,0.0,0.0,0.0,48.048048048048045,optimal
2021-02-07 08:00:00,22,103,0.0,0.0,0.0,0.2452666666666667,11.7495,6.0,-6,21.40754697029287,,0.0,0.0,0.0,0.0,48.0,optimal
2021-02-07 08:30:00,22,103,0.0,0.0,0.0,0.2856,13.23,6.0,-6,21.337414153146863,,0.0,0.0,0.0,0.0,47.80336343207322,optimal
2021-02-07 09:00:00,22,103,0.0,0.0,0.0,0.3157,14.3325,6.0,-6,21.26701692031415,,0.0,0.0,0.0,0.0,47.606923500714366,optimal
2021-02-07 09:30:00,22,103,0.0,0.0,0.0,1.9941666666666664,14.994,6.0,-6,21.19279544469688,,0.0,0.0,0.0,0.0,47.41068000928687,optimal
2021-02-07 10:00:00,22,103,0.0,0.0,0.0,2.3748,14.8155,6.0,-6,21.124448119393687,,0.0,0.0,0.0,0.0,47.214632761350806,optimal
2021-02-07 10:30:00,22,103,0.0,0.0,0.0,0.5779666666666667,14.112,6.0,-6,21.056156767515915,,0.0,0.0,0.0,0.0,47.018781560662674,optimal
2021-02-07 11:00:00,22,103,0.0,0.0,0.0,0.0822,14.007,6.0,-6,20.97429603446688,,0.0,0.0,0.0,0.0,46.82312621117524,optimal
2021-02-07 11:30:00,22,103,0.0,0.0,0.0,0.3183666666666667,13.23,6.0,-6,20.88694824801889,,0.0,0.0,0.0,0.0,46.62766651703728,optimal
2021-02-07 12:00:00,22,103,0.7462056881049494,0.0,0.0,0.1221666666666666,11.382,6.0,-6,20.80496813541567,,2611.7199083673227,0.0,0.0,0.0,46.432402282593465,optimal
2021-02-07 12:30:00,22,103,0.0,0.0,0.0,0.2638,11.7495,6.0,-6,20.77523909044229,,0.0,0.0,0.0,0.0,46.237333312384095,optimal
2021-02-07 13:00:00,22,103,0.0,0.0,0.0,0.4851999999999999,24.3285,6.0,-6,20.695711526952213,,0.0,0.0,0.0,0.0,46.04245941114493,optimal
2021-02-07 13:30:00,22,103,0.0,0.0,0.0,1.2206333333333337,28.917,6.0,-6,20.62077883314417,,0.0,0.0,0.0,0.0,45.847780383807006,optimal
2021-02-07 14:00:00,22,103,0.0,0.0,0.0,0.2958,31.3635,6.0,-6,20.559915071916503,,0.0,0.0,0.0,0.0,45.65329603549642,optimal
2021-02-07 14:30:00,22,103,0.0,0.0,0.0,1.8146,33.306,6.0,-6,20.485695518196103,,0.0,0.0,0.0,0.0,45.45900617153414,optimal
2021-02-07 15:00:00,22,103,0.0,0.0,0.0,0.2325333333333333,31.3425,6.0,-6,20.42013732040077,,0.0,0.0,0.0,0.0,45.26491059743583,optimal
2021-02-07 15:30:00,22,103,0.0,0.0,0.0,0.1241666666666666,28.2555,6.0,-6,20.34436093003369,,0.0,0.0,0.0,0.0,45.07100911891161,optimal
2021-02-07 16:00:00,22,103,0.0,0.0,0.0,0.2203666666666666,15.6975,6.0,-6,20.262619633325404,,0.0,0.0,0.0,0.0,44.87730154186592,optimal
2021-02-07 16:30:00,22,103,0.0,0.0,0.0,0.2148,12.5475,6.0,-6,20.18074478878132,,0.0,0.0,0.0,0.0,44.68378767239727,optimal
2021-02-07 17:00:00,22,103,0.0,0.0,0.0,0.4182,12.0855,6.0,-6,20.099351037972863,,0.0,0.0,0.0,0.0,44.490467316798096,optimal
2021-02-07 17:30:00,22,103,2.0,0.0,0.0,1.3899,11.907,6.0,-6,20.02941959778058,,7000.0,0.0,0.0,0.0,44.29734028155452,optimal
2021-02-07 18:00:00,22,103,0.0,0.0,0.0,0.3708333333333333,12.5685,6.0,-6,20.12734809797812,,0.0,0.0,0.0,0.0,44.10440637334619,optimal
2021-02-07 18:30:00,22,103,0.0,0.0,0.0,0.2996666666666667,13.146,6.0,-6,20.06485873259863,,0.0,0.0,0.0,0.0,43.91166539904607,optimal
2021-02-07 19:00:00,22,103,0.902255652739925,0.0,0.0,0.5077,10.584,6.0,-6,20.0,,3157.894784589738,0.0,0.0,0.0,43.71911716572024,optimal
2021-02-07 19:30:00,22,103,1.7453618866560383,0.0,0.0,0.1635,6.678,6.0,-6,20.0,,6108.766603296134,0.0,0.0,0.0,43.52676148062774,optimal
2021-02-07 20:00:00,22,103,0.0,0.0,0.0,0.3153666666666667,7.938,6.0,-6,20.06098734995799,,0.0,0.0,0.0,0.0,43.334598151220334,optimal
2021-02-07 20:30:00,22,103,0.0,0.0,0.0,0.3671333333333333,5.292,6.0,-6,20.0,,0.0,0.0,0.0,0.0,43.142626985142336,optimal
2021-02-07 21:00:00,22,103,0.0,0.0,0.0,0.3621999999999999,9.261,6.0,-6,19.94126207236372,,0.0,0.0,0.0,0.0,42.95084779023041,optimal
2021-02-07 21:30:00,22,103,0.0,0.0,0.0,0.3583666666666666,10.3635,6.0,-6,19.878364739839785,,0.0,0.0,0.0,0.0,42.90789694244018,optimal
2021-02-07 22:00:00,22,103,0.0,0.0,0.0,0.5519333333333333,8.274,6.0,-6,19.813886984750344,,0.0,0.0,0.0,0.0,42.864989045497744,optimal
2021-02-07 22:30:00,22,103,0.0,0.0,0.0,0.1755333333333333,7.7175,6.0,-6,19.754880145104565,,0.0,0.0,0.0,0.0,42.822124056452246,optimal
2021-02-07 23:00:00,22,103,0.0,0.0,0.0,0.456,6.615,6.0,-6,19.687361577356285,,0.0,0.0,0.0,0.0,42.7793019323958,optimal
2021-02-07 23:30:00,22,103,0.0,0.0,0.0,0.1554666666666666,6.174,6.0,-6,19.62513124978127,,0.0,0.0,0.0,0.0,42.7365226304634,optimal
2021-02-08 00:00:00,22,103,2.0,0.0,0.0,0.064,10.143,6.0,3,19.62513124978127,,7000.0,0.0,0.0,0.0,42.693786107832935,optimal
2021-02-08 00:30:00,22,103,2.0,0.0,0.0,0.064,11.2455,6.0,3,19.69660059819204,,2471.666666666667,0.0,4528.333333333333,0.0,42.6510923217251,optimal
2021-02-08 01:00:00,22,103,2.0,0.0,0.0,0.1470666666666666,11.025,6.0,3,19.67242244947543,,7000.0,0.0,0.0,0.0,42.608441229403375,optimal
2021-02-08 01:30:00,22,103,2.0,0.0,0.0,0.17,5.9745,6.0,3,19.74542583992262,,7000.0,0.0,0.0,0.0,42.56583278817397,optimal
2021-02-08 02:00:00,22,103,2.0,0.0,0.0,0.1174,7.938,6.0,3,19.818353959023035,,7000.0,0.0,0.0,0.0,42.5232669553858,optimal
2021-02-08 02:30:00,22,103,2.0,0.0,0.0,0.0936666666666666,8.6835,6.0,3,19.889617140789024,,7000.0,0.0,0.0,0.0,42.480743688430415,optimal
2021-02-08 03:00:00,22,103,2.0,0.0,0.0,0.1064,7.665,6.0,3,19.960284261898664,,7000.0,0.0,0.0,0.0,42.43826294474199,optimal
2021-02-08 03:30:00,22,103,2.0,0.0,0.0,0.2106666666666666,6.7725,6.0,3,20.031125664694866,,7000.0,0.0,0.0,0.0,42.39582468179725,optimal
2021-02-08 04:00:00,22,103,2.0,0.0,0.0,0.1011,5.5755,6.0,3,20.10361370423165,,7000.0,0.0,0.0,0.0,42.353428857115446,optimal
2021-02-08 04:30:00,22,103,2.0,0.0,5.0,0.1329,5.0925,6.0,3,20.17323963137052,,7000.0,0.0,0.0,0.0,44.68607542825833,optimal
2021-02-08 05:00:00,22,103,2.0,0.0,5.0,0.1470666666666666,4.1895,6.0,3,20.24276542245152,,7000.0,0.0,0.0,0.0,47.01638935283007,optimal
2021-02-08 05:30:00,22,103,2.0,0.0,0.0,0.1448333333333333,7.056,6.0,3,20.31182034290248,,7000.0,0.0,0.0,0.0,46.96937296347724,optimal
2021-02-08 06:00:00,22,103,2.0,0.0,2.572389242541593,0.1479666666666666,5.271,6.0,3,20.38026006915563,,7000.0,0.0,0.0,0.0,48.144288480721016,optimal
2021-02-08 06:30:00,22,103,2.0,0.0,0.0,0.1095999999999999,7.938,6.0,3,20.44804599301656,,7000.0,0.0,0.0,0.0,48.096144192240295,optimal
2021-02-08 07:00:00,22,103,2.0,0.0,0.0,0.0793,7.938,6.0,3,20.514489925522906,,7000.0,0.0,0.0,0.0,48.048048048048045,optimal
2021-02-08 07:30:00,22,103,2.0,0.0,0.0,0.2910333333333333,11.907,6.0,3,20.579767761486785,,7000.0,0.0,0.0,0.0,48.0,optimal
2021-02-08 08:00:00,22,103,2.0,0.0,0.0,0.0793333333333333,11.025,6.0,3,20.65281073827737,,7000.0,0.0,0.0,0.0,47.938184948024656,optimal
2021-02-08 08:30:00,22,103,2.0,0.0,0.0,1.0692666666666668,11.2875,6.0,3,20.726173884386,,7000.0,0.0,0.0,0.0,47.87643171110129,optimal
2021-02-08 09:00:00,22,103,0.0,0.0,0.0,1.4704666666666666,12.936,6.0,3,20.80229753060728,,0.0,0.0,0.0,0.0,47.814740227414845,optimal
2021-02-08 09:30:00,22,103,0.0,0.0,0.0,0.7284333333333333,13.0095,6.0,3,20.7363481025306,,0.0,0.0,0.0,0.0,47.753110435212086,optimal
2021-02-08 10:00:00,22,103,0.0,0.0,0.0,0.136,13.671,6.0,3,20.65833539549534,,0.0,0.0,0.0,0.0,47.691542272801534,optimal
2021-02-08 10:30:00,22,103,0.0,0.0,0.0,0.2791333333333333,13.188,6.0,3,20.570087424789985,,0.0,0.0,0.0,0.0,47.63003567855339,optimal
2021-02-08 11:00:00,22,103,0.0,0.0,0.0,0.2972333333333333,13.8495,6.0,3,20.48417488805377,,0.0,0.0,0.0,0.0,47.5685905908995,optimal
2021-02-08 11:30:00,22,103,0.0126468592798671,0.0,0.0,0.064,13.23,6.0,3,20.397205794948544,,44.26400747953485,0.0,0.0,0.0,47.507206948333256,optimal
2021-02-08 12:00:00,22,103,0.0,0.0,0.0,0.2250666666666666,13.3665,6.0,3,20.309863801346307,,0.0,0.0,0.0,0.0,47.44588468940958,optimal
2021-02-08 12:30:00,22,103,2.0,0.0,0.0,0.3039333333333333,13.0515,6.0,3,20.2257953791514,,7000.0,0.0,0.0,0.0,47.38462375274483,optimal
2021-02-08 13:00:00,22,103,0.0,0.0,0.0,0.5521666666666666,13.5345,6.0,3,20.293916235343787,,0.0,0.0,0.0,0.0,47.32342407701674,optimal
2021-02-08 13:30:00,22,103,0.0,0.0,0.0,0.4555,14.154,6.0,3,20.22183411909357,,0.0,0.0,0.0,0.0,47.26228560096438,optimal
2021-02-08 14:00:00,22,103,0.0,0.0,0.0,0.2167666666666667,14.112,6.0,3,20.148806551380098,,0.0,0.0,0.0,0.0,47.20120826338808,optimal
2021-02-08 14:30:00,22,103,0.0,0.0,0.0,0.2185666666666666,14.2485,6.0,3,20.071900587889203,,0.0,0.0,0.0,0.0,47.14019200314935,optimal
2021-02-08 15:00:00,22,103,2.0,0.0,0.0,0.3367333333333333,12.789,6.0,3,20.0,,7000.0,0.0,0.0,0.0,47.07923675917085,optimal
2021-02-08 15:30:00,22,103,0.4613165613559211,0.0,0.0,0.3516666666666667,13.0095,6.0,3,20.08684618578815,,1614.6079647457238,0.0,0.0,0.0,47.01834247043634,optimal
2021-02-08 16:00:00,22,103,2.0,0.0,0.0,0.244,12.1275,6.0,3,20.065630812872666,,7000.0,0.0,0.0,0.0,46.95750907599056,optimal
2021-02-08 16:30:00,22,103,2.0,0.0,0.0,0.3401,12.348,6.0,3,20.15574978289706,,7000.0,0.0,0.0,0.0,46.89673651493923,optimal
2021-02-08 17:00:00,22,103,2.0,0.0,0.0,0.6359333333333332,12.348,6.0,3,20.24718827765368,,7000.0,0.0,0.0,0.0,46.83602472644895,optimal
2021-02-08 17:30:00,22,103,0.0,0.0,0.0,0.476,25.389,6.0,3,20.3485302789386,,0.0,0.0,0.0,0.0,46.77537364974716,optimal
2021-02-08 18:00:00,22,103,0.0,0.0,0.0,0.6548333333333334,29.1375,6.0,3,20.29518805027053,,0.0,0.0,0.0,0.0,46.71478322412207,optimal
2021-02-08 18:30:00,22,103,0.0,0.0,0.0,0.7443,30.597,6.0,3,20.240083755019,,0.0,0.0,0.0,0.0,46.654253388922605,optimal
2021-02-08 19:00:00,22,103,0.0,0.0,0.0,0.4497333333333334,33.684,6.0,3,20.184301318907547,,0.0,0.0,0.0,0.0,46.59378408355834,optimal
2021-02-08 19:30:00,22,103,0.0,0.0,0.0,0.4430666666666666,32.445,6.0,3,20.11943839060784,,0.0,0.0,0.0,0.0,46.53337524749944,optimal
2021-02-08 20:00:00,22,103,0.0,0.0,0.0,0.7607666666666667,28.917,6.0,3,20.05851367786356,,0.0,0.0,0.0,0.0,46.4730268202766,optimal
2021-02-08 20:30:00,22,103,0.0,0.0,0.0,0.4729666666666666,15.876,6.0,3,20.0,,0.0,0.0,0.0,0.0,46.41273874148098,optimal
2021-02-08 21:00:00,22,103,0.0,0.0,0.0,0.6354,12.348,6.0,3,19.93121426483136,,0.0,0.0,0.0,0.0,46.35251095076416,optimal
2021-02-08 21:30:00,22,103,0.0,0.0,0.0,0.7063333333333334,12.1275,6.0,3,19.867375505692124,,0.0,0.0,0.0,0.0,46.29234338783805,optimal
2021-02-08 22:00:00,22,103,0.0,0.0,0.0,0.5363333333333333,12.348,6.0,3,19.809603870584525,,0.0,0.0,0.0,0.0,46.23223599247487,optimal
2021-02-08 22:30:00,22,103,0.0,0.0,0.0,0.5086666666666667,12.1275,6.0,3,19.74983549086994,,0.0,0.0,0.0,0.0,46.17218870450705,optimal
2021-02-08 23:00:00,22,103,0.0,0.0,0.0,0.5233,12.1275,6.0,3,19.688781743102307,,0.0,0.0,0.0,0.0,46.1122014638272,optimal
2021-02-08 23:30:00,22,103,0.0,0.0,0.0,0.5417000000000001,11.2665,6.0,3,19.631780526886885,,0.0,0.0,0.0,0.0,46.06608926236337,optimal
2021-02-09 00:00:00,22,103,0.0,0.0,0.0,0.055,14.3325,6.0,7,19.631780526886885,,0.0,0.0,0.0,0.0,46.02002317310101,optimal
2021-02-09 00:30:00,22,103,0.0,0.0,0.0,0.2222666666666666,13.335,6.0,7,19.55212345369596,,0.0,0.0,0.0,0.0,45.97400314992791,optimal
2021-02-09 01:00:00,22,103,2.0,0.0,0.0,0.3188,12.1275,6.0,7,19.47701417522793,,521.0,0.0,6479.0,0.0,45.92802914677798,optimal
2021-02-09 01:30:00,22,103,2.0,0.0,0.0,0.183,12.2955,6.0,7,19.41655590237649,,7000.0,0.0,0.0,0.0,45.8821011176312,optimal
2021-02-09 02:00:00,22,103,2.0,0.0,0.0,0.122,11.6865,6.0,7,19.4855999802418,,7000.0,0.0,0.0,0.0,45.83621901651357,optimal
2021-02-09 02:30:00,22,103,2.0,0.0,0.0,0.1406,11.466,6.0,7,19.5525930838701,,7000.0,0.0,0.0,0.0,45.79038279749705,optimal
2021-02-09 03:00:00,22,103,2.0,0.0,0.0,0.174,10.8045,6.0,7,19.6199006327627,,7000.0,0.0,0.0,0.0,45.744592414699554,optimal
2021-02-09 03:30:00,22,103,2.0,0.0,5.0,0.1114,10.584,6.0,7,19.68783274641675,,7000.0,0.0,0.0,0.0,48.07384782228485,optimal
2021-02-09 04:00:00,22,103,2.0,0.0,0.0,0.2032,11.2455,6.0,7,19.75459258637037,,7000.0,0.0,0.0,0.0,48.02577397446257,optimal
2021-02-09 04:30:00,22,103,2.0,0.0,0.0,0.1146,12.1275,6.0,7,19.823435653823275,,7000.0,0.0,0.0,0.0,47.9777482004881,optimal
2021-02-09 05:00:00,22,103,2.0,0.0,0.0,0.1675,11.823,6.0,7,19.88964766770413,,7000.0,0.0,0.0,0.0,47.92977045228761,optimal
2021-02-09 05:30:00,22,103,2.0,0.0,0.0,0.1470999999999999,11.7705,6.0,7,19.956219196973453,,7000.0,0.0,0.0,0.0,47.88184068183533,optimal
2021-02-09 06:00:00,22,103,2.0,0.0,0.0,0.0996666666666666,11.13,6.0,7,20.02205928401161,,7000.0,0.0,0.0,0.0,47.833958841153496,optimal
2021-02-09 06:30:00,22,103,2.0,0.0,0.0,0.2032333333333333,11.6865,6.0,7,20.087528402392493,,7000.0,0.0,0.0,0.0,47.78612488231234,optimal
2021-02-09 07:00:00,22,103,2.0,0.0,0.6520195591958393,0.0860666666666666,10.7205,6.0,7,20.16399666724488,,7000.0,0.0,0.0,0.0,48.048048048048045,optimal
2021-02-09 07:30:00,22,103,2.0,0.0,0.0,0.3250666666666666,11.424,6.0,7,20.237873153266605,,7000.0,0.0,0.0,0.0,48.0,optimal
2021-02-09 08:00:00,22,103,2.0,0.0,0.0,0.0797,10.689,6.0,7,20.313884016789213,,7000.0,0.0,0.0,0.0,47.75669024683156,optimal
2021-02-09 08:30:00,22,103,2.0,0.0,0.0,0.1219666666666666,11.361,6.0,7,20.37732147842728,,7000.0,0.0,0.0,0.0,47.51362380341629,optimal
2021-02-09 09:00:00,22,103,2.0,0.0,0.0,0.2035,11.571,6.0,7,20.43719978361824,,7000.0,0.0,0.0,0.0,47.27080042644444,optimal
2021-02-09 09:30:00,22,103,0.0,0.0,0.0,0.1245999999999999,14.3745,6.0,7,20.49652985157252,,0.0,0.0,0.0,0.0,47.028219872849554,optimal
2021-02-09 10:00:00,22,103,2.0,0.0,0.0,0.1936,13.23,6.0,7,20.407938030826067,,7000.0,0.0,0.0,0.0,46.78588189980827,optimal
2021-02-09 10:30:00,22,103,1.8975509769689969,0.0,0.0,0.141,13.9755,6.0,7,20.46991446258924,,6641.428419391488,0.0,0.0,0.0,46.54378626474002,optimal
2021-02-09 11:00:00,22,103,0.0,0.0,0.0,0.0894,14.994,6.0,7,20.524088568189114,,0.0,0.0,0.0,0.0,46.30193272530684,optimal
2021-02-09 11:30:00,22,103,2.0,0.0,0.0,0.2452,13.671,6.0,7,20.43826009779655,,7000.0,0.0,0.0,0.0,46.0603210394131,optimal
2021-02-09 12:00:00,22,103,0.0,0.0,0.0,0.083,15.981,6.0,7,20.50368034629212,,0.0,0.0,0.0,0.0,45.81895096520525,optimal
2021-02-09 12:30:00,22,103,0.0,0.0,0.0,0.1475999999999999,15.6345,6.0,7,20.41826340842093,,0.0,0.0,0.0,0.0,45.5778222610716,optimal
2021-02-09 13:00:00,22,103,0.0,0.0,0.0,0.171,16.5375,6.0,7,20.33436700230713,,0.0,0.0,0.0,0.0,45.33693468564209,optimal
2021-02-09 13:30:00,22,103,0.0,0.0,0.0,0.115,14.7735,6.0,7,20.25111695327365,,0.0,0.0,0.0,0.0,45.09628799778801,optimal
2021-02-09 14:00:00,22,103,0.0,0.0,0.0,0.1936,15.2145,6.0,7,20.166838926328428,,0.0,0.0,0.0,0.0,44.855881956621786,optimal
2021-02-09 14:30:00,22,103,0.0,0.0,0.0,0.0962,14.553,6.0,7,20.08437096961413,,0.0,0.0,0.0,0.0,44.61571632149673,optimal
2021-02-09 15:00:00,22,103,2.0,0.0,0.0,0.1214,14.3325,6.0,7,20.0,,7000.0,0.0,0.0,0.0,44.3757908520068,optimal
2021-02-09 15:30:00,22,103,1.2002004709601013,0.0,0.0,0.2557,14.595,6.0,7,20.06366828410367,,4200.701648360355,0.0,0.0,0.0,44.13610530798635,optimal
2021-02-09 16:00:00,22,103,0.0,0.0,0.0,0.0972,14.994,6.0,7,20.07517955525414,,0.0,0.0,0.0,0.0,43.896659449509926,optimal
2021-02-09 16:30:00,22,103,0.981311038630312,0.0,0.0,0.1202999999999999,14.3325,6.0,7,20.0,,3434.588635206092,0.0,0.0,0.0,43.65745303689198,optimal
2021-02-09 17:00:00,22,103,0.9658686423025182,0.0,0.0,0.2145,13.8915,6.0,7,20.0,,3380.5402480588136,0.0,0.0,0.0,43.41848583068665,optimal
2021-02-09 17:30:00,22,103,0.7537995527129762,0.0,0.0,1.173366666666667,13.8915,6.0,7,20.0,,2638.2984344954166,0.0,0.0,0.0,43.179757591687526,optimal
2021-02-09 18:00:00,22,103,2.0,0.0,0.0,0.7936666666666666,13.4715,6.0,7,20.0,,7000.0,0.0,0.0,0.0,42.9412680809274,optimal
2021-02-09 18:30:00,22,103,2.0,0.0,0.0,0.2676,13.23,6.0,7,20.0764766231206,,7000.0,0.0,0.0,0.0,42.70301705967803,optimal
2021-02-09 19:00:00,22,103,0.9572459630131788,0.0,0.0,0.6008666666666667,13.8915,6.0,7,20.141287683197262,,3350.3608705461256,0.0,0.0,0.0,42.46500428944992,optimal
2021-02-09 19:30:00,22,103,0.0,0.0,0.0,0.3116,26.9325,6.0,7,20.13865651059452,,0.0,0.0,0.0,0.0,42.22722953199203,optimal
2021-02-09 20:00:00,22,103,0.0,0.0,0.0,0.3619,30.303,6.0,7,20.06610752104692,,0.0,0.0,0.0,0.0,41.9896925492916,optimal
2021-02-09 20:30:00,22,103,0.0,0.0,0.0,0.222,32.886,6.0,7,20.0,,0.0,0.0,0.0,0.0,41.75239310357387,optimal
2021-02-09 21:00:00,22,103,0.0,0.0,0.0,0.2,34.9965,6.0,7,19.93203012809288,,0.0,0.0,0.0,0.0,41.51533095730186,optimal
2021-02-09 21:30:00,22,103,0.0,0.0,0.0,0.1479,33.327,6.0,7,19.864862915686214,,0.0,0.0,0.0,0.0,41.27850587317612,optimal
2021-02-09 22:00:00,22,103,0.0,0.0,0.0,0.3187,31.122,6.0,7,19.794527740025,,0.0,0.0,0.0,0.0,41.04191761413451,optimal
2021-02-09 22:30:00,22,103,0.0,0.0,0.0,0.3333,17.9025,6.0,7,19.727648099525524,,0.0,0.0,0.0,0.0,41.00087569652037,optimal
2021-02-09 23:00:00,22,103,0.0,0.0,0.0,0.2583999999999999,15.6555,6.0,7,19.665275126916068,,0.0,0.0,0.0,0.0,40.959874820823856,optimal
2021-02-09 23:30:00,22,103,0.0,0.0,0.0,0.1249,14.553,6.0,7,19.607434687771097,,0.0,0.0,0.0,0.0,40.91891494600304,optimal
2021-02-10 00:00:00,22,103,2.0,0.0,0.0,0.058,11.7075,6.0,1,19.607434687771097,,7000.0,0.0,0.0,0.0,40.87799603105703,optimal
2021-02-10 00:30:00,22,103,2.0,0.0,1.4871894706840445,0.097,10.8045,6.0,1,19.673859246179585,,0.0,0.0,7000.0,0.0,41.543533033600895,optimal
2021-02-10 01:00:00,22,103,2.0,0.0,0.0,0.1884,11.508,6.0,1,19.592996900394944,,6127.666666666667,0.0,872.3333333333334,0.0,41.50198950056728,optimal
2021-02-10 01:30:00,22,103,2.0,0.0,0.0,0.1342666666666666,11.508,6.0,1,19.64296162267089,,7000.0,0.0,0.0,0.0,41.46048751106672,optimal
2021-02-10 02:00:00,22,103,2.0,0.0,0.0,0.1281999999999999,11.508,6.0,1,19.70946944624024,,7000.0,0.0,0.0,0.0,41.41902702355565,optimal
2021-02-10 02:30:00,22,103,2.0,0.0,0.0,0.2148,11.844,6.0,1,19.77509417082284,,7000.0,0.0,0.0,0.0,41.377607996532085,optimal
2021-02-10 03:00:00,22,103,2.0,0.0,0.0,0.1468666666666666,11.508,6.0,1,19.84224414216241,,7000.0,0.0,0.0,0.0,41.336230388535554,optimal
2021-02-10 03:30:00,22,103,2.0,0.0,0.0,0.0990666666666666,11.508,6.0,1,19.907659451011423,,7000.0,0.0,0.0,0.0,41.29489415814702,optimal
2021-02-10 04:00:00,22,103,2.0,0.0,5.0,0.1130666666666666,10.4475,6.0,1,19.971771781860586,,7000.0,0.0,0.0,0.0,43.62859926398887,optimal
2021-02-10 04:30:00,22,103,2.0,0.0,5.0,0.2075333333333333,10.8675,6.0,1,20.0358879611104,,7000.0,0.0,0.0,0.0,45.95997066472487,optimal
2021-02-10 05:00:00,22,103,2.0,0.0,5.0,0.058,10.542,6.0,1,20.101248159170225,,7000.0,0.0,0.0,0.0,48.28901069406015,optimal
2021-02-10 05:30:00,22,103,2.0,0.0,0.0,0.2334666666666666,11.025,6.0,1,20.16271043281581,,7000.0,0.0,0.0,0.0,48.24072168336608,optimal
2021-02-10 06:00:00,22,103,2.0,0.0,0.0,0.1281999999999999,11.025,6.0,1,20.22713384823188,,7000.0,0.0,0.0,0.0,48.19248096168271,optimal
2021-02-10 06:30:00,22,103,2.0,0.0,0.0,0.1642666666666666,14.553,6.0,1,20.28859542050512,,7000.0,0.0,0.0,0.0,48.144288480721016,optimal
2021-02-10 07:00:00,22,103,2.0,0.0,0.0,0.1272,13.0935,6.0,1,20.35144471572233,,7000.0,0.0,0.0,0.0,48.096144192240295,optimal
2021-02-10 07:30:00,22,103,2.0,0.0,0.0,0.2946999999999999,15.6345,6.0,1,20.414135951733567,,7000.0,0.0,0.0,0.0,48.048048048048045,optimal
2021-02-10 08:00:00,22,103,0.0,0.0,0.0,0.3306,18.102,6.0,1,20.48386953135488,,0.0,0.0,0.0,0.0,48.0,optimal
2021-02-10 08:30:00,22,103,0.0,0.0,0.0,0.1727333333333333,17.199,6.0,1,20.409143191315803,,0.0,0.0,0.0,0.0,47.86090375429197,optimal
2021-02-10 09:00:00,22,103,0.0,0.0,0.0,1.5720999999999998,18.2805,6.0,1,20.334066173266013,,0.0,0.0,0.0,0.0,47.72194660482965,optimal
2021-02-10 09:30:00,22,103,0.0,0.0,0.0,0.6728333333333334,17.4615,6.0,1,20.28323298011406,,0.0,0.0,0.0,0.0,47.58312841251679,optimal
2021-02-10 10:00:00,22,103,0.0,0.0,0.0,0.1801333333333333,18.3225,6.0,1,20.2219051419038,,0.0,0.0,0.0,0.0,47.44444903839624,optimal
2021-02-10 10:30:00,22,103,2.0,0.0,0.0,0.1170666666666666,17.094,6.0,1,20.1491435687094,,7000.0,0.0,0.0,0.0,47.30590834364981,optimal
2021-02-10 11:00:00,22,103,2.0,0.0,0.0,0.2419333333333333,17.094,6.0,1,20.22373502920387,,7000.0,0.0,0.0,0.0,47.16750618959813,optimal
2021-02-10 11:30:00,22,103,2.0,0.0,0.0,0.1372,17.094,6.0,1,20.30130410674977,,7000.0,0.0,0.0,0.0,47.0292424377005,optimal
2021-02-10 12:00:00,22,103,0.4987742617086301,0.0,0.0,0.1471666666666666,17.3565,6.0,1,20.37444770523624,,1745.709915980205,0.0,0.0,0.0,46.89111694955477,optimal
2021-02-10 12:30:00,22,103,2.0,0.0,0.0,0.2515666666666666,17.115,6.0,1,20.33421657109697,,7000.0,0.0,0.0,0.0,46.75312958689719,optimal
2021-02-10 13:00:00,22,103,2.0,0.0,0.0,1.369033333333333,17.241,6.0,1,20.40597417847528,,7000.0,0.0,0.0,0.0,46.61528021160226,optimal
2021-02-10 13:30:00,22,103,2.0,0.0,0.0,0.3756,17.094,6.0,1,20.481148164547605,,7000.0,0.0,0.0,0.0,46.47756868568263,optimal
2021-02-10 14:00:00,22,103,2.0,0.0,0.0,0.2458666666666666,16.5165,6.0,1,20.5548031932528,,7000.0,0.0,0.0,0.0,46.33999487128892,optimal
2021-02-10 14:30:00,22,103,0.0,0.0,0.0,0.1799333333333333,17.8185,6.0,1,20.624248756130168,,0.0,0.0,0.0,0.0,46.2025586307096,optimal
2021-02-10 15:00:00,22,103,2.0,0.0,0.0,0.1613333333333333,17.094,6.0,1,20.544907933515955,,7000.0,0.0,0.0,0.0,46.065259826370855,optimal
2021-02-10 15:30:00,22,103,2.0,0.0,0.0,0.0825999999999999,16.8945,6.0,1,20.607415264833183,,7000.0,0.0,0.0,0.0,45.928098320836455,optimal
2021-02-10 16:00:00,22,103,0.0,0.0,0.0,0.4063,18.123,6.0,1,20.6710809091669,,0.0,0.0,0.0,0.0,45.79107397680759,optimal
2021-02-10 16:30:00,22,103,0.0,0.0,0.0,0.2875666666666666,31.647,6.0,1,20.604099498026045,,0.0,0.0,0.0,0.0,45.65418665712275,optimal
2021-02-10 17:00:00,22,103,0.0,0.0,0.0,0.2460333333333333,34.9965,6.0,1,20.53176845846017,,0.0,0.0,0.0,0.0,45.5174362247576,optimal
2021-02-10 17:30:00,22,103,0.0,0.0,0.0,0.2677666666666666,34.9965,6.0,1,20.456633195210287,,0.0,0.0,0.0,0.0,45.38082254282481,optimal
2021-02-10 18:00:00,22,103,0.0,0.0,0.0,0.1690666666666666,34.9965,6.0,1,20.389144181423003,,0.0,0.0,0.0,0.0,45.244345474573954,optimal
2021-02-10 18:30:00,22,103,0.0,0.0,0.0,0.2270666666666666,34.9965,6.0,1,20.321513160918137,,0.0,0.0,0.0,0.0,45.10800488339135,optimal
2021-02-10 19:00:00,22,103,0.0,0.0,0.0,0.2086666666666666,34.9965,6.0,1,20.251331590913672,,0.0,0.0,0.0,0.0,44.97180063279993,optimal
2021-02-10 19:30:00,22,103,0.0,0.0,0.0,0.1960333333333333,27.741,6.0,1,20.17305934822405,,0.0,0.0,0.0,0.0,44.8357325864591,optimal
2021-02-10 20:00:00,22,103,0.0,0.0,0.0,0.3136666666666667,19.026,6.0,1,20.08864228222081,,0.0,0.0,0.0,0.0,44.699800608164615,optimal
2021-02-10 20:30:00,22,103,0.0,0.0,0.0,0.068,18.7215,6.0,1,20.0,,0.0,0.0,0.0,0.0,44.56400456184842,optimal
2021-02-10 21:00:00,22,103,0.0,0.0,0.0,0.2358666666666666,17.4195,6.0,1,19.90636164203781,,0.0,0.0,0.0,0.0,44.51944055728657,optimal
2021-02-10 21:30:00,22,103,0.0,0.0,0.0,0.5017,16.758,6.0,1,19.82282617601823,,0.0,0.0,0.0,0.0,44.47492111672928,optimal
2021-02-10 22:00:00,22,103,0.0,0.0,0.0,0.1835999999999999,14.217,6.0,1,19.743753525405005,,0.0,0.0,0.0,0.0,44.43044619561256,optimal
2021-02-10 22:30:00,22,103,0.0398095238095238,0.0,0.0,0.2887666666666666,13.3665,6.0,1,19.65140882396836,,0.0,0.0,139.33333333333331,0.0,44.38601574941694,optimal
2021-02-10 23:00:00,22,103,0.0,0.0,0.0,0.2526333333333333,12.789,6.0,1,19.56191553121345,,0.0,0.0,0.0,0.0,44.34162973366752,optimal
2021-02-10 23:30:00,22,103,0.0398095238095238,0.0,0.0,0.2526,11.907,6.0,1,19.46720051005333,,0.0,0.0,139.33333333333331,0.0,44.29728810393386,optimal
2021-02-11 00:00:00,22,103,2.0,0.0,5.0,0.06,10.4265,6.0,-9,19.46720051005333,,7000.0,0.0,0.0,0.0,46.627990815829925,optimal
2021-02-11 00:30:00,22,103,2.0,0.0,0.0,0.2542666666666667,12.789,6.0,-9,19.515675602246432,,4213.333333333334,0.0,2786.6666666666665,0.0,46.5813628250141,optimal
2021-02-11 01:00:00,22,103,2.0,0.0,4.305221211665753,0.1179666666666666,12.684,6.0,-9,19.50983441980525,,7000.0,0.0,0.0,0.0,48.57976153773031,optimal
2021-02-11 01:30:00,22,103,2.0,0.0,0.0,0.1871666666666666,16.254,6.0,-9,19.560264704413896,,7000.0,0.0,0.0,0.0,48.53118177619257,optimal
2021-02-11 02:00:00,22,103,2.0,0.0,0.0,0.2453333333333333,17.64,6.0,-9,19.61192289103813,,7000.0,0.0,0.0,0.0,48.48265059441637,optimal
2021-02-11 02:30:00,22,103,2.0,0.0,0.0,0.059,19.1625,6.0,-9,19.66457115290984,,7000.0,0.0,0.0,0.0,48.434167943821954,optimal
2021-02-11 03:00:00,22,103,1.628524129764988,0.0,0.0,0.1725666666666666,26.46,6.0,-9,19.712604505382192,,5699.834454177458,0.0,0.0,0.0,48.38573377587813,optimal
2021-02-11 03:30:00,22,103,2.0,0.0,0.0,0.1650333333333333,20.79,6.0,-9,19.73498788717802,,7000.0,0.0,0.0,0.0,48.33734804210225,optimal
2021-02-11 04:00:00,22,103,0.0,0.0,0.0,0.0737999999999999,29.106,6.0,-9,19.785614328591304,,0.0,0.0,0.0,0.0,48.28901069406015,optimal
2021-02-11 04:30:00,22,103,2.0,0.0,0.0,0.2739666666666666,19.1835,6.0,-9,19.687871911060324,,7000.0,0.0,0.0,0.0,48.24072168336608,optimal
2021-02-11 05:00:00,22,103,2.0,0.0,0.0,0.0887,19.6665,6.0,-9,19.74213936450299,,7000.0,0.0,0.0,0.0,48.19248096168271,optimal
2021-02-11 05:30:00,22,103,2.0,0.0,0.0,0.2639666666666666,19.404,6.0,-9,19.79207123116587,,7000.0,0.0,0.0,0.0,48.144288480721016,optimal
2021-02-11 06:00:00,22,103,2.0,0.0,0.0,0.1763,19.047,6.0,-9,19.84670543033602,,7000.0,0.0,0.0,0.0,48.096144192240295,optimal
2021-02-11 06:30:00,22,103,2.0,0.0,0.0,0.2254666666666666,18.858,6.0,-9,19.900464724721253,,7000.0,0.0,0.0,0.0,48.048048048048045,optimal
2021-02-11 07:00:00,22,103,2.0,0.0,0.0,1.5308333333333333,19.2675,6.0,-9,19.95614927932441,,7000.0,0.0,0.0,0.0,48.0,optimal
2021-02-11 07:30:00,22,103,2.0,0.0,0.0,1.7033666666666665,18.963,6.0,-9,20.02281543730161,,7000.0,0.0,0.0,0.0,47.91558654284557,optimal
2021-02-11 08:00:00,22,103,2.0,0.0,0.0,0.2192666666666667,18.438,6.0,-9,20.08740661847282,,7000.0,0.0,0.0,0.0,47.83125749914831,optimal
2021-02-11 08:30:00,22,103,2.0,0.0,0.0,0.2218666666666666,18.7425,6.0,-9,20.13642397921745,,7000.0,0.0,0.0,0.0,47.747012784494736,optimal
2021-02-11 09:00:00,22,103,2.0,0.0,0.0,0.0876,15.2145,6.0,-9,20.184586175582247,,7000.0,0.0,0.0,0.0,47.66285231455581,optimal
2021-02-11 09:30:00,22,103,2.0,0.0,0.0,0.197,17.7765,6.0,-9,20.22923351032022,,7000.0,0.0,0.0,0.0,47.57877600508683,optimal
2021-02-11 10:00:00,22,103,2.0,0.0,0.0,0.0663333333333333,16.758,6.0,-9,20.28346673549814,,7000.0,0.0,0.0,0.0,47.49478377192732,optimal
2021-02-11 10:30:00,22,103,2.0,0.0,0.0,0.3322333333333332,16.422,6.0,-9,20.34203449439727,,7000.0,0.0,0.0,0.0,47.41087553100097,optimal
2021-02-11 11:00:00,22,103,2.0,0.0,0.0,0.1100333333333333,16.758,6.0,-9,20.40323991091843,,7000.0,0.0,0.0,0.0,47.32705119831554,optimal
2021-02-11 11:30:00,22,103,0.0,0.0,0.0,0.0853666666666666,29.358,6.0,-9,20.456894551863325,,0.0,0.0,0.0,0.0,47.2433106899628,optimal
2021-02-11 12:00:00,22,103,0.0,0.0,0.0,0.3507,34.9965,6.0,-9,20.36583619276343,,0.0,0.0,0.0,0.0,47.159653922118416,optimal
2021-02-11 12:30:00,22,103,0.0,0.0,0.0,0.0732,34.65,6.0,-9,20.28397533766392,,0.0,0.0,0.0,0.0,47.07608081104188,optimal
2021-02-11 13:00:00,22,103,0.0,0.0,0.0,0.5483,34.9965,6.0,-9,20.1997054837928,,0.0,0.0,0.0,0.0,46.992591273076414,optimal
2021-02-11 13:30:00,22,103,0.0,0.0,0.0,0.4160666666666666,34.9965,6.0,-9,20.133322433858154,,0.0,0.0,0.0,0.0,46.90918522464892,optimal
2021-02-11 14:00:00,22,103,0.0,0.0,0.0,0.5231,30.4815,6.0,-9,20.06463278006873,,0.0,0.0,0.0,0.0,46.82586258226984,optimal
2021-02-11 14:30:00,22,103,0.9031473373983648,0.0,0.0,0.4689333333333332,21.4305,6.0,-9,20.0,,3161.015680894277,0.0,0.0,0.0,46.74262326253315,optimal
2021-02-11 15:00:00,22,103,0.9620703054717064,0.0,0.0,0.209,14.3325,6.0,-9,20.0,,3367.2460691509723,0.0,0.0,0.0,46.6594671821162,optimal
2021-02-11 15:30:00,22,103,2.0,0.0,0.0,2.2719333333333336,13.692,6.0,-9,20.0,,6233.666666666667,0.0,766.3333333333334,0.0,46.57639425777965,optimal
2021-02-11 16:00:00,22,103,0.1152996092326606,0.0,0.0,0.5552,14.007,6.0,-9,20.06076434828337,,403.5486323143124,0.0,0.0,0.0,46.49340440636745,optimal
2021-02-11 16:30:00,22,103,1.001491844725186,0.0,0.0,2.6605333333333334,12.873,6.0,-9,20.0,,3017.5547898714844,0.0,487.6666666666667,0.0,46.41049754480666,optimal
2021-02-11 17:00:00,22,103,0.6643719740661208,0.0,0.0,3.3483,12.684,6.0,-9,20.0,,2046.6352425647565,0.0,278.66666666666663,0.0,46.32767359010743,optimal
2021-02-11 17:30:00,22,103,0.9313820232942932,0.0,0.0,0.7391333333333333,12.306,6.0,-9,20.0,,3120.503748196693,0.0,139.33333333333331,0.0,46.2449324593629,optimal
2021-02-11 18:00:00,22,103,2.0,0.0,0.0,0.5898333333333333,10.6365,6.0,-9,20.0,,4492.0,0.0,2508.0,0.0,46.16227406974911,optimal
2021-02-11 18:30:00,22,103,0.8008383870082814,0.0,0.0,0.4384666666666665,11.2455,6.0,-9,20.028021131921776,,2802.934354528985,0.0,0.0,0.0,46.079698338524935,optimal
2021-02-11 19:00:00,22,103,2.0,0.0,0.0,1.3044333333333331,11.2455,6.0,-9,20.00402545975248,,7000.0,0.0,0.0,0.0,45.99720518303199,optimal
2021-02-11 19:30:00,22,103,2.0,0.0,0.0,1.9935333333333327,11.025,6.0,-9,20.054360022888936,,7000.0,0.0,0.0,0.0,45.91479452069453,optimal
2021-02-11 20:00:00,22,103,0.0,0.0,0.0,0.3283666666666667,12.0855,6.0,-9,20.107412614229457,,0.0,0.0,0.0,0.0,45.832466269019406,optimal
2021-02-11 20:30:00,22,103,0.0,0.0,0.0,2.619833333333333,11.6865,6.0,-9,20.0,,0.0,0.0,0.0,0.0,45.75022034559596,optimal
2021-02-11 21:00:00,22,103,0.0,0.0,0.0,0.4881,11.2245,6.0,-9,19.901557678228947,,0.0,0.0,0.0,0.0,45.66805666809594,optimal
2021-02-11 21:30:00,22,103,0.5175238095238094,0.0,0.0,2.4217,11.025,6.0,-9,19.801893043538563,,0.0,0.0,1811.333333333333,0.0,45.58597515427342,optimal
2021-02-11 22:00:00,22,103,0.1592380952380952,0.0,0.0,0.364,10.7835,6.0,-9,19.712117390054345,,0.0,0.0,557.3333333333333,0.0,45.50397572196472,optimal
2021-02-11 22:30:00,22,103,0.0,0.0,0.0,0.3363333333333333,11.025,6.0,-9,19.62034289517176,,0.0,0.0,0.0,0.0,45.42205828908833,optimal
2021-02-11 23:00:00,22,103,0.0995238095238095,0.0,0.0,1.7111666666666667,10.584,6.0,-9,19.526887237812893,,0.0,0.0,348.3333333333333,0.0,45.37663623079924,optimal
2021-02-11 23:30:00,22,103,0.0,0.0,0.0,0.9678,11.025,6.0,-9,19.435995351634627,,0.0,0.0,0.0,0.0,45.33125959456845,optimal
2021-02-12 00:00:00,22,103,2.0,0.0,0.0,0.0578,11.025,6.0,-2,19.435995351634627,,7000.0,0.0,0.0,0.0,45.28592833497388,optimal
2021-02-12 00:30:00,22,103,2.0,0.0,0.0,0.1526666666666666,10.3635,6.0,-2,19.47260453706204,,0.0,0.0,7000.0,0.0,45.2406424066389,optimal
2021-02-12 01:00:00,22,103,2.0,0.0,0.0,0.1948,10.8045,6.0,-2,19.366036079332176,,5431.0,0.0,1568.9999999999995,0.0,45.19540176423226,optimal
2021-02-12 01:30:00,22,103,2.0,0.0,0.0,0.2467333333333333,10.059,6.0,-2,19.37429339571108,,7000.0,0.0,0.0,0.0,45.150206362468026,optimal
2021-02-12 02:00:00,22,103,2.0,0.0,0.0,0.1844,10.584,6.0,-2,19.419748297110257,,7000.0,0.0,0.0,0.0,45.10505615610556,optimal
2021-02-12 02:30:00,22,103,2.0,0.0,5.0,0.1183333333333333,9.4185,6.0,-2,19.464437426024222,,7000.0,0.0,0.0,0.0,47.43495109994945,optimal
2021-02-12 03:00:00,22,103,2.0,0.0,0.0,0.2715,10.3635,6.0,-2,19.50986310953944,,7000.0,0.0,0.0,0.0,47.3875161488495,optimal
2021-02-12 03:30:00,22,103,2.0,0.0,1.4903566638892736,0.2134,9.8385,6.0,-2,19.559534617524445,,7000.0,0.0,0.0,0.0,48.048048048048045,optimal
2021-02-12 04:00:00,22,103,2.0,0.0,0.0,1.9315,11.067,6.0,-2,19.61174892369881,,7000.0,0.0,0.0,0.0,48.0,optimal
2021-02-12 04:30:00,22,103,2.0,0.0,0.0,0.064,10.8465,6.0,-2,19.68704081290413,,7000.0,0.0,0.0,0.0,47.84129180384178,optimal
2021-02-12 05:00:00,22,103,2.0,0.0,0.0,0.064,13.671,6.0,-2,19.741306167399188,,7000.0,0.0,0.0,0.0,47.68274231587972,optimal
2021-02-12 05:30:00,22,103,2.0,0.0,0.0,1.1828,12.348,6.0,-2,19.799041308954784,,7000.0,0.0,0.0,0.0,47.524351377405615,optimal
2021-02-12 06:00:00,22,103,2.0,0.0,0.0,0.9753,14.3325,6.0,-2,19.865088541353675,,7000.0,0.0,0.0,0.0,47.36611882986999,optimal
2021-02-12 06:30:00,22,103,2.0,0.0,0.0,0.064,15.393,6.0,-2,19.93088130188021,,7000.0,0.0,0.0,0.0,47.2080445148819,optimal
2021-02-12 07:00:00,22,103,2.0,0.0,0.0,0.064,13.587,6.0,-2,19.999005230456977,,7000.0,0.0,0.0,0.0,47.0501282742088,optimal
2021-02-12 07:30:00,22,103,0.3138944340320078,0.0,0.0,0.1115999999999999,16.1385,6.0,-2,20.065698498474323,,1098.6305191120273,0.0,0.0,0.0,46.892369949776366,optimal
2021-02-12 08:00:00,22,103,1.3267743378583732,0.0,0.0,0.0646666666666666,14.595,6.0,-2,20.0,,4643.710182504306,0.0,0.0,0.0,46.73476938366837,optimal
2021-02-12 08:30:00,22,103,1.4590894920126771,0.0,0.0,0.066,14.637,6.0,-2,20.0,,5106.8132220443695,0.0,0.0,0.0,46.57732641812648,optimal
2021-02-12 09:00:00,22,103,1.4714046258632485,0.0,0.0,0.066,13.9125,6.0,-2,20.0,,5149.91619052137,0.0,0.0,0.0,46.42004089555014,optimal
2021-02-12 09:30:00,22,103,2.0,0.0,0.0,0.066,13.3665,6.0,-2,20.0,,5265.602904434657,0.0,1734.397095565343,0.0,46.26291265849637,optimal
2021-02-12 10:00:00,22,103,2.0,0.0,0.0,0.066,13.0095,6.0,-2,20.01241595466761,,7000.0,0.0,0.0,0.0,46.10594154967965,optimal
2021-02-12 10:30:00,22,103,0.2129448438549718,0.0,0.0,0.066,13.8915,6.0,-2,20.071266052563,,745.3069534924016,0.0,0.0,0.0,45.94912741197175,optimal
2021-02-12 11:00:00,22,103,2.0,0.0,0.0,0.066,13.188,6.0,-2,20.0,,6853.397095565343,0.0,146.60290443465692,0.0,45.79247008840156,optimal
2021-02-12 11:30:00,22,103,2.0,0.0,0.0,0.066,12.5685,6.0,-2,20.05944972227152,,7000.0,0.0,0.0,0.0,45.635969422154936,optimal
2021-02-12 12:00:00,22,103,2.0,0.0,0.0,0.066,12.285,6.0,-2,20.12194262507493,,7000.0,0.0,0.0,0.0,45.47962525657456,optimal
2021-02-12 12:30:00,22,103,2.0,0.0,0.0,0.066,11.487,6.0,-2,20.18437885221527,,7000.0,0.0,0.0,0.0,45.32343743515976,optimal
2021-02-12 13:00:00,22,103,2.0,0.0,0.0,0.066,11.802,6.0,-2,20.24675866013784,,7000.0,0.0,0.0,0.0,45.16740580156638,optimal
2021-02-12 13:30:00,22,103,2.0,0.0,0.0,0.066,11.2245,6.0,-2,20.30908230475659,,7000.0,0.0,0.0,0.0,45.0115301996066,optimal
2021-02-12 14:00:00,22,103,2.0,0.0,0.0,0.0646666666666666,11.025,6.0,-2,20.37066953848865,,7000.0,0.0,0.0,0.0,44.855810473248766,optimal
2021-02-12 14:30:00,22,103,2.0,0.0,0.0,0.066,11.907,6.0,-2,20.43395011201006,,7000.0,0.0,0.0,0.0,44.700246466617294,optimal
2021-02-12 15:00:00,22,103,0.0,0.0,0.0,0.0649333333333333,25.83,6.0,-2,20.494063523021715,,0.0,0.0,0.0,0.0,44.544838023992455,optimal
2021-02-12 15:30:00,22,103,0.0,0.0,0.0,0.2410666666666666,28.035,6.0,-2,20.41073439794798,,0.0,0.0,0.0,0.0,44.38958498981024,optimal
2021-02-12 16:00:00,22,103,0.0,0.0,0.0,0.25,28.119,6.0,-2,20.34018142663465,,0.0,0.0,0.0,0.0,44.23448720866221,optimal
2021-02-12 16:30:00,22,103,0.0,0.0,0.0,0.4422333333333333,30.156,6.0,-2,20.27633885927112,,0.0,0.0,0.0,0.0,44.079544525295326,optimal
2021-02-12 17:00:00,22,103,0.0,0.0,0.0,0.3153333333333333,29.1585,6.0,-2,20.21362749488181,,0.0,0.0,0.0,0.0,43.92475678461181,optimal
2021-02-12 17:30:00,22,103,0.0,0.0,0.0,0.355,26.712,6.0,-2,20.14224604154717,,0.0,0.0,0.0,0.0,43.770123831668975,optimal
2021-02-12 18:00:00,22,103,0.0,0.0,0.0,0.1954666666666666,15.435,6.0,-2,20.07292048895498,,0.0,0.0,0.0,0.0,43.61564551167909,optimal
2021-02-12 18:30:00,22,103,1.158395072411278,0.0,0.0,0.1085666666666666,13.566,6.0,-2,20.0,,3497.0494201061388,0.0,557.3333333333333,0.0,43.461321670009184,optimal
2021-02-12 19:00:00,22,103,1.0683228626518395,0.0,0.0,0.0822666666666666,12.789,6.0,-2,20.0,,3450.691846657752,0.0,288.4381726236876,0.0,43.30715215218096,optimal
2021-02-12 19:30:00,22,103,2.0,0.0,0.0,0.2266666666666666,12.1275,6.0,-2,20.0,,6591.771505957021,0.0,408.22849404297904,0.0,43.15313680387055,optimal
2021-02-12 20:00:00,22,103,0.0,0.0,0.0,0.2033333333333332,13.671,6.0,-2,20.07176564265244,,0.0,0.0,0.0,0.0,42.99927547090846,optimal
2021-02-12 20:30:00,22,103,0.0398095238095238,0.0,0.0,0.4435,10.668,6.0,-2,20.0,,0.0,0.0,139.33333333333331,0.0,42.845567999279325,optimal
2021-02-12 21:00:00,22,103,0.0,0.0,0.0,0.2955,11.7285,6.0,-2,19.930809649651227,,0.0,0.0,0.0,0.0,42.802722431280046,optimal
2021-02-12 21:30:00,22,103,0.0,0.0,0.0,0.5632999999999999,11.025,6.0,-2,19.861547397264083,,0.0,0.0,0.0,0.0,42.75991970884876,optimal
2021-02-12 22:00:00,22,103,0.0,0.0,0.0,0.7204666666666667,10.689,6.0,-2,19.796937344531297,,0.0,0.0,0.0,0.0,42.71715978913991,optimal
2021-02-12 22:30:00,22,103,0.0,0.0,0.0,0.2705,8.1585,6.0,-2,19.736260915719967,,0.0,0.0,0.0,0.0,42.67444262935077,optimal
2021-02-12 23:00:00,22,103,0.0,0.0,0.0,0.066,10.3635,6.0,-2,19.665633468505817,,0.0,0.0,0.0,0.0,42.63176818672142,optimal
2021-02-12 23:30:00,22,103,0.0,0.0,0.0,0.066,10.8045,6.0,-2,19.579471970134904,,0.0,0.0,0.0,0.0,42.5891364185347,optimal
2021-02-13 00:00:00,22,103,2.0,0.0,0.0,0.062,8.1585,6.0,-3,19.579471970134904,,7000.0,0.0,0.0,0.0,42.546547282116165,optimal
2021-02-13 00:30:00,22,103,2.0,0.0,0.0,0.062,9.4815,6.0,-3,19.642915069868035,,0.0,0.0,7000.0,0.0,42.50400073483405,optimal
2021-02-13 01:00:00,22,103,2.0,0.0,0.0,0.1954666666666666,8.379,6.0,-3,19.55894432785588,,2296.0,0.0,4704.0,0.0,42.461496734099214,optimal
2021-02-13 01:30:00,22,103,2.0,0.0,0.0,0.0991,9.5235,6.0,-3,19.526722632697524,,7000.0,0.0,0.0,0.0,42.41903523736512,optimal
2021-02-13 02:00:00,22,103,2.0,0.0,3.0342082680105054,0.2279666666666666,8.1375,6.0,-3,19.5918665119924,,7000.0,0.0,0.0,0.0,43.81786512943274,optimal
2021-02-13 02:30:00,22,103,2.0,0.0,0.0,0.0984,10.0905,6.0,-3,19.659654384196912,,7000.0,0.0,0.0,0.0,43.7740472643033,optimal
2021-02-13 03:00:00,22,103,2.0,0.0,5.0,0.1877333333333332,7.539,6.0,-3,19.724407293155657,,7000.0,0.0,0.0,0.0,46.10527321703899,optimal
2021-02-13 03:30:00,22,103,2.0,0.0,5.0,0.1757333333333333,7.938,6.0,-3,19.790746941803675,,7000.0,0.0,0.0,0.0,48.434167943821954,optimal
2021-02-13 04:00:00,22,103,2.0,0.0,0.0,0.062,8.274,6.0,-3,19.85630618947492,,7000.0,0.0,0.0,0.0,48.38573377587813,optimal
2021-02-13 04:30:00,22,103,2.0,0.0,0.0,0.062,9.261,6.0,-3,19.918947048446583,,7000.0,0.0,0.0,0.0,48.33734804210225,optimal
2021-02-13 05:00:00,22,103,2.0,0.0,0.0,0.1469333333333333,9.9225,6.0,-3,19.980850057430665,,7000.0,0.0,0.0,0.0,48.28901069406015,optimal
2021-02-13 05:30:00,22,103,2.0,0.0,0.0,0.1105333333333333,9.702,6.0,-3,20.04380644512178,,7000.0,0.0,0.0,0.0,48.24072168336608,optimal
2021-02-13 06:00:00,22,103,2.0,0.0,0.0,0.168,10.584,6.0,-3,20.10525731652733,,7000.0,0.0,0.0,0.0,48.19248096168271,optimal
2021-02-13 06:30:00,22,103,2.0,0.0,0.0,0.1951333333333333,10.143,6.0,-3,20.167185433310188,,7000.0,0.0,0.0,0.0,48.144288480721016,optimal
2021-02-13 07:00:00,22,103,0.0,0.0,0.0,0.2506666666666666,13.0095,6.0,-3,20.229759330078675,,0.0,0.0,0.0,0.0,48.096144192240295,optimal
2021-02-13 07:30:00,22,103,2.0,0.0,0.0,0.4178666666666666,11.025,6.0,-3,20.15039605159855,,7000.0,0.0,0.0,0.0,48.048048048048045,optimal
2021-02-13 08:00:00,22,103,1.995458969092009,0.0,0.0,0.4664666666666666,12.789,6.0,-3,20.2261432973734,,6984.106391822032,0.0,0.0,0.0,48.0,optimal
2021-02-13 08:30:00,22,103,2.0,0.0,0.0,0.3897,12.1275,6.0,-3,20.30313825594924,,7000.0,0.0,0.0,0.0,47.83930470110399,optimal
2021-02-13 09:00:00,22,103,2.0,0.0,0.0,0.3175,12.1695,6.0,-3,20.3773610677474,,7000.0,0.0,0.0,0.0,47.67877009750688,optimal
2021-02-13 09:30:00,22,103,2.0,0.0,0.0,0.2901333333333333,12.306,6.0,-3,20.443772346932416,,7000.0,0.0,0.0,0.0,47.518396028513365,optimal
2021-02-13 10:00:00,22,103,0.0,0.0,0.0,0.2784,13.23,6.0,-3,20.507365667515145,,0.0,0.0,0.0,0.0,47.35818233358884,optimal
2021-02-13 10:30:00,22,103,0.0,0.0,0.0,0.3815666666666666,13.671,6.0,-3,20.423476467784905,,0.0,0.0,0.0,0.0,47.19812885235925,optimal
2021-02-13 11:00:00,22,103,0.0,0.0,0.0,1.2727666666666668,13.9335,6.0,-3,20.3402332732986,,0.0,0.0,0.0,0.0,47.03823542461088,optimal
2021-02-13 11:30:00,22,103,0.0,0.0,0.0,0.4073333333333333,13.293,6.0,-3,20.2753302334562,,0.0,0.0,0.0,0.0,46.878501890290266,optimal
2021-02-13 12:00:00,22,103,2.0,0.0,0.0,0.1558,12.1065,6.0,-3,20.19273074765987,,7000.0,0.0,0.0,0.0,46.71892808950397,optimal
2021-02-13 12:30:00,22,103,2.0,0.0,0.0,0.262,11.571,6.0,-3,20.2527908000188,,7000.0,0.0,0.0,0.0,46.55951386251846,optimal
2021-02-13 13:00:00,22,103,2.0,0.0,0.0,0.2179666666666666,11.025,6.0,-3,20.31733054052593,,7000.0,0.0,0.0,0.0,46.40025904975993,optimal
2021-02-13 13:30:00,22,103,2.0,0.0,0.0,0.3255666666666666,10.8465,6.0,-3,20.382135703762582,,7000.0,0.0,0.0,0.0,46.24116349181416,optimal
2021-02-13 14:00:00,22,103,2.0,0.0,0.0,0.0722,11.2455,6.0,-3,20.449438533437224,,7000.0,0.0,0.0,0.0,46.08222702942634,optimal
2021-02-13 14:30:00,22,103,0.0,0.0,0.0,0.3104666666666666,23.8665,6.0,-3,20.51583366930374,,0.0,0.0,0.0,0.0,45.92344950350091,optimal
2021-02-13 15:00:00,22,103,0.0,0.0,0.0,0.0716666666666666,27.4575,6.0,-3,20.44110355280724,,0.0,0.0,0.0,0.0,45.76483075510141,optimal
2021-02-13 15:30:00,22,103,0.0,0.0,0.0,0.072,27.3735,6.0,-3,20.35473095241904,,0.0,0.0,0.0,0.0,45.606370625450296,optimal
2021-02-13 16:00:00,22,103,0.0,0.0,0.0,0.4710333333333333,30.4605,6.0,-3,20.263860506235687,,0.0,0.0,0.0,0.0,45.44806895592884,optimal
2021-02-13 16:30:00,22,103,0.0,0.0,0.0,0.318,30.0195,6.0,-3,20.19633325792469,,0.0,0.0,0.0,0.0,45.289925588076905,optimal
2021-02-13 17:00:00,22,103,0.0,0.0,0.0,0.6042666666666666,26.9325,6.0,-3,20.12612558712363,,0.0,0.0,0.0,0.0,45.13194036359282,optimal
2021-02-13 17:30:00,22,103,0.0,0.0,0.0,0.2659333333333333,14.595,6.0,-3,20.064606066967503,,0.0,0.0,0.0,0.0,44.974113124333215,optimal
2021-02-13 18:00:00,22,103,0.7832781886345884,0.0,0.0,0.5207,12.4845,6.0,-3,20.0,,2741.47366022106,0.0,0.0,0.0,44.81644371231288,optimal
2021-02-13 18:30:00,22,103,0.8758331676493927,0.0,0.0,0.3040333333333334,12.1275,6.0,-3,20.0,,3065.416086772874,0.0,0.0,0.0,44.65893196970456,optimal
2021-02-13 19:00:00,22,103,1.8743538189113336,0.0,0.0,0.2474666666666666,12.1275,6.0,-3,20.0,,6560.238366189667,0.0,0.0,0.0,44.50157773883884,optimal
2021-02-13 19:30:00,22,103,0.0,0.0,0.0,0.4584666666666666,12.789,6.0,-3,20.070388631208,,0.0,0.0,0.0,0.0,44.34438086220399,optimal
2021-02-13 20:00:00,22,103,0.9324175865327596,0.0,0.0,0.6887000000000001,11.907,6.0,-3,20.0,,3054.461552864658,0.0,209.0,0.0,44.18734118244578,optimal
2021-02-13 20:30:00,22,103,0.0,0.0,0.0,0.4599333333333333,11.025,6.0,-3,20.0,,0.0,0.0,0.0,0.0,44.03045854236733,optimal
2021-02-13 21:00:00,22,103,0.0995238095238095,0.0,0.0,1.6292666666666669,8.2005,6.0,-3,19.93224445835117,,0.0,0.0,348.3333333333333,0.0,43.87373278492896,optimal
2021-02-13 21:30:00,22,103,0.0,0.0,0.0,1.2557,9.5655,6.0,-3,19.88200964157672,,0.0,0.0,0.0,0.0,43.717163753248016,optimal
2021-02-13 22:00:00,22,103,0.0,0.0,0.0,0.2054666666666666,7.056,6.0,-3,19.82290566924876,,0.0,0.0,0.0,0.0,43.673446589494766,optimal
2021-02-13 22:30:00,22,103,0.0,0.0,0.0,0.178,9.3975,6.0,-3,19.741154728882428,,0.0,0.0,0.0,0.0,43.62977314290527,optimal
2021-02-13 23:00:00,22,103,0.0,0.0,0.0,0.0962666666666666,10.059,6.0,-3,19.659423316206738,,0.0,0.0,0.0,0.0,43.58614336976237,optimal
2021-02-13 23:30:00,22,103,0.0,0.0,0.0,0.1772,9.261,6.0,-3,19.57656900716696,,0.0,0.0,0.0,0.0,43.5425572263926,optimal
2021-02-07 00:00:00,23,103,1.680831275620361,0.0,0.0,0.057,7.938,6.0,2,21.0,,5882.909464671263,0.0,0.0,0.0,47.952,optimal
2021-02-07 00:30:00,23,103,2.0,0.0,0.0,0.057,5.292,6.0,2,21.04836604485298,,7000.0,0.0,0.0,0.0,47.904048,optimal
2021-02-07 01:00:00,23,103,0.0,0.0,0.0,0.057,9.261,6.0,2,21.119574211350777,,0.0,0.0,0.0,0.0,47.856143952,optimal
2021-02-07 01:30:00,23,103,0.0,0.0,0.0,0.057,10.3635,6.0,2,21.042652806038333,,0.0,0.0,0.0,0.0,47.80828780804799,optimal
2021-02-07 02:00:00,23,103,0.0,0.0,0.0,0.057,8.274,6.0,2,20.965853534602346,,0.0,0.0,0.0,0.0,47.76047952023995,optimal
2021-02-07 02:30:00,23,103,2.0,0.0,0.0,0.057,7.7175,6.0,2,20.889175842960142,,7000.0,0.0,0.0,0.0,47.712719040719705,optimal
2021-02-07 03:00:00,23,103,2.0,0.0,0.0,0.057,6.615,6.0,2,20.959745200068696,,7000.0,0.0,0.0,0.0,47.66500632167899,optimal
2021-02-07 03:30:00,23,103,2.0,0.0,0.0,0.057,6.174,6.0,2,21.029540738108523,,7000.0,0.0,0.0,0.0,47.61734131535731,optimal
2021-02-07 04:00:00,23,103,2.0,0.0,0.0,0.057,3.906,6.0,2,21.09879280179132,,7000.0,0.0,0.0,0.0,47.56972397404195,optimal
2021-02-07 04:30:00,23,103,2.0,0.0,0.0,0.057,2.3415,6.0,2,21.16750385668785,,7000.0,0.0,0.0,0.0,47.52215425006791,optimal
2021-02-07 05:00:00,23,103,2.0,0.0,0.0,0.057,2.205,6.0,2,21.23590319132342,,7000.0,0.0,0.0,0.0,47.47463209581784,optimal
2021-02-07 05:30:00,23,103,2.0,0.0,1.5097495094715896,0.057,0.882,6.0,2,21.30399221987396,,7000.0,0.0,0.0,0.0,48.144288480721016,optimal
2021-02-07 06:00:00,23,103,2.0,0.0,0.0,0.0563333333333333,1.5435,6.0,2,21.37177235009976,,7000.0,0.0,0.0,0.0,48.096144192240295,optimal
2021-02-07 06:30:00,23,103,2.0,0.0,0.0,0.06,1.5435,6.0,2,21.4398414115958,,7000.0,0.0,0.0,0.0,48.048048048048045,optimal
2021-02-07 07:00:00,23,103,2.0,0.0,0.0,2.180633333333333,5.0715,6.0,2,21.511956803311104,,7000.0,0.0,0.0,0.0,48.0,optimal
2021-02-07 07:30:00,23,103,2.0,0.0,0.0,2.817833333333333,5.376,6.0,2,21.592722066035623,,7000.0,0.0,0.0,0.0,47.72554971668815,optimal
2021-02-07 08:00:00,23,103,2.0,0.0,0.0,0.5513333333333333,5.0715,6.0,2,21.66747925984921,,7000.0,0.0,0.0,0.0,47.45137388365961,optimal
2021-02-07 08:30:00,23,103,2.0,0.0,0.0,0.067,5.5125,6.0,2,21.73422350525286,,7000.0,0.0,0.0,0.0,47.1774722264641,optimal
2021-02-07 09:00:00,23,103,0.0,0.0,0.0,0.067,9.261,6.0,2,21.790937368321654,,0.0,0.0,0.0,0.0,46.90384447092579,optimal
2021-02-07 09:30:00,23,103,0.0,0.0,0.0,0.067,11.7075,6.0,2,21.69981425043046,,0.0,0.0,0.0,0.0,46.630490343143016,optimal
2021-02-07 10:00:00,23,103,0.0,0.0,0.0,0.067,12.348,6.0,2,21.60933136336099,,0.0,0.0,0.0,0.0,46.35740956948803,optimal
2021-02-07 10:30:00,23,103,0.0,0.0,0.0,0.067,12.348,6.0,2,21.51948580338971,,0.0,0.0,0.0,0.0,46.08460187660669,optimal
2021-02-07 11:00:00,23,103,0.0,0.0,0.0,0.067,12.1275,6.0,2,21.429594175945,,0.0,0.0,0.0,0.0,45.81206699141824,optimal
2021-02-07 11:30:00,23,103,0.0,0.0,0.0,0.067,12.5265,6.0,2,21.3396566910949,,0.0,0.0,0.0,0.0,45.53980464111497,optimal
2021-02-07 12:00:00,23,103,0.0,0.0,0.0,0.067,11.7495,6.0,2,21.25012722408546,,0.0,0.0,0.0,0.0,45.267814553162005,optimal
2021-02-07 12:30:00,23,103,0.0,0.0,0.0,0.067,13.23,6.0,2,21.16100392460658,,0.0,0.0,0.0,0.0,44.99609645529699,optimal
2021-02-07 13:00:00,23,103,0.0,0.0,0.0,0.067,14.3325,6.0,2,21.072284949267587,,0.0,0.0,0.0,0.0,44.72465007552984,optimal
2021-02-07 13:30:00,23,103,0.0,0.0,0.0,0.067,14.994,6.0,2,20.983968463103903,,0.0,0.0,0.0,0.0,44.45347514214247,optimal
2021-02-07 14:00:00,23,103,0.0,0.0,0.0,0.067,14.8155,6.0,2,20.896279474964054,,0.0,0.0,0.0,0.0,44.18257138368848,optimal
2021-02-07 14:30:00,23,103,0.0,0.0,0.0,0.067,14.112,6.0,2,20.80921513836245,,0.0,0.0,0.0,0.0,43.91193852899294,optimal
2021-02-07 15:00:00,23,103,0.0,0.0,0.0,0.067,14.007,6.0,2,20.7227726191793,,0.0,0.0,0.0,0.0,43.6415763071521,optimal
2021-02-07 15:30:00,23,103,0.0,0.0,0.0,0.07,13.23,6.0,2,20.63694909707936,,0.0,0.0,0.0,0.0,43.3714844475331,optimal
2021-02-07 16:00:00,23,103,0.0,0.0,0.0,1.7229333333333334,11.382,6.0,2,20.55242022404422,,0.0,0.0,0.0,0.0,43.10166267977372,optimal
2021-02-07 16:30:00,23,103,0.0,0.0,0.0,0.6513333333333333,11.7495,6.0,2,20.47501494737049,,0.0,0.0,0.0,0.0,42.832110733782095,optimal
2021-02-07 17:00:00,23,103,0.0,0.0,0.0,2.3923666666666668,24.3285,6.0,2,20.400325687777336,,0.0,0.0,0.0,0.0,42.56282833973646,optimal
2021-02-07 17:30:00,23,103,0.0,0.0,0.0,1.3025666666666669,28.917,6.0,2,20.339554165308595,,0.0,0.0,0.0,0.0,42.29381522808488,optimal
2021-02-07 18:00:00,23,103,0.0,0.0,0.0,2.9389333333333334,31.3635,6.0,2,20.27665147232346,,0.0,0.0,0.0,0.0,42.02507112954495,optimal
2021-02-07 18:30:00,23,103,0.0,0.0,0.0,1.6185,33.306,6.0,2,20.221373756060203,,0.0,0.0,0.0,0.0,41.75659577510356,optimal
2021-02-07 19:00:00,23,103,0.0,0.0,0.0,2.978466666666667,31.3425,6.0,2,20.16842503476845,,0.0,0.0,0.0,0.0,41.4883888960166,optimal
2021-02-07 19:30:00,23,103,0.0,0.0,0.0,2.275333333333333,28.2555,6.0,2,20.11049474178058,,0.0,0.0,0.0,0.0,41.44690050712059,optimal
2021-02-07 20:00:00,23,103,0.0,0.0,0.0,2.474533333333333,15.6975,6.0,2,20.05285855509616,,0.0,0.0,0.0,0.0,41.40545360661347,optimal
2021-02-07 20:30:00,23,103,0.0,0.0,0.0,2.3200333333333334,12.5475,6.0,2,20.0,,0.0,0.0,0.0,0.0,41.364048153006856,optimal
2021-02-07 21:00:00,23,103,0.0,0.0,0.0,2.4425666666666666,12.0855,6.0,2,19.946730827976552,,0.0,0.0,0.0,0.0,41.32268410485385,optimal
2021-02-07 21:30:00,23,103,0.0,0.0,0.0,0.2263,11.907,6.0,2,19.89348625959333,,0.0,0.0,0.0,0.0,41.28136142074899,optimal
2021-02-07 22:00:00,23,103,0.0,0.0,0.0,2.432633333333333,12.5685,6.0,2,19.83647566828898,,0.0,0.0,0.0,0.0,41.24008005932824,optimal
2021-02-07 22:30:00,23,103,0.0,0.0,0.0,0.073,13.146,6.0,2,19.78257548486762,,0.0,0.0,0.0,0.0,41.19883997926891,optimal
2021-02-07 23:00:00,23,103,0.0,0.0,0.0,0.067,10.584,6.0,2,19.71492004526361,,0.0,0.0,0.0,0.0,41.157641139289645,optimal
2021-02-07 23:30:00,23,103,0.0,0.0,0.0,0.062,6.678,6.0,2,19.640288095826776,,0.0,0.0,0.0,0.0,41.11648349815035,optimal
2021-02-08 00:00:00,23,103,2.0,0.0,0.0,1.4980666666666669,7.665,6.0,-3,19.640288095826776,,7000.0,0.0,0.0,0.0,41.0753670146522,optimal
2021-02-08 00:30:00,23,103,2.0,0.0,0.0,0.31,6.7725,6.0,-3,19.7311352596732,,0.0,0.0,7000.0,0.0,41.03429164763755,optimal
2021-02-08 01:00:00,23,103,2.0,0.0,0.8342444436423971,0.2713333333333333,5.5755,6.0,-3,19.66959664906971,,0.0,0.0,7000.0,0.0,41.38952346672004,optimal
2021-02-08 01:30:00,23,103,2.0,0.0,5.0,0.0914333333333333,5.0925,6.0,-3,19.600951333202463,,6439.666666666667,0.0,560.3333333333334,0.0,43.72313394325332,optimal
2021-02-08 02:00:00,23,103,2.0,0.0,5.0,0.1083666666666666,4.1895,6.0,-3,19.661045785988385,,7000.0,0.0,0.0,0.0,46.05441080931006,optimal
2021-02-08 02:30:00,23,103,2.0,0.0,0.0,0.1891666666666666,7.056,6.0,-3,19.732792473912014,,7000.0,0.0,0.0,0.0,46.00835639850075,optimal
2021-02-08 03:00:00,23,103,2.0,0.0,5.0,0.0793,5.271,6.0,-3,19.80614137696157,,7000.0,0.0,0.0,0.0,48.33734804210225,optimal
2021-02-08 03:30:00,23,103,2.0,0.0,0.0,0.0823333333333333,7.938,6.0,-3,19.87707161530624,,7000.0,0.0,0.0,0.0,48.28901069406015,optimal
2021-02-08 04:00:00,23,103,2.0,0.0,0.0,0.1655333333333333,7.938,6.0,-3,19.947517084422223,,7000.0,0.0,0.0,0.0,48.24072168336608,optimal
2021-02-08 04:30:00,23,103,2.0,0.0,0.0,0.1289666666666666,11.907,6.0,-3,20.019167524579785,,7000.0,0.0,0.0,0.0,48.19248096168271,optimal
2021-02-08 05:00:00,23,103,2.0,0.0,0.0,0.1120333333333333,11.025,6.0,-3,20.08926949789218,,7000.0,0.0,0.0,0.0,48.144288480721016,optimal
2021-02-08 05:30:00,23,103,2.0,0.0,0.0,0.2006666666666666,11.2875,6.0,-3,20.15824331893564,,7000.0,0.0,0.0,0.0,48.096144192240295,optimal
2021-02-08 06:00:00,23,103,2.0,0.0,0.0,0.1216,12.936,6.0,-3,20.22854316130361,,7000.0,0.0,0.0,0.0,48.048048048048045,optimal
2021-02-08 06:30:00,23,103,2.0,0.0,0.0,0.2108666666666666,13.0095,6.0,-3,20.299339236632346,,7000.0,0.0,0.0,0.0,48.0,optimal
2021-02-08 07:00:00,23,103,0.0,0.0,0.0,1.0676333333333334,13.671,6.0,-3,20.37257575471241,,0.0,0.0,0.0,0.0,47.89292564095425,optimal
2021-02-08 07:30:00,23,103,0.972221882841976,0.0,0.0,0.3081,13.188,6.0,-3,20.30085742425559,,3402.776589946916,0.0,0.0,0.0,47.78595835626756,optimal
2021-02-08 08:00:00,23,103,0.0,0.0,0.0,0.4472333333333333,13.8495,6.0,-3,20.29989038101891,,0.0,0.0,0.0,0.0,47.67909803886555,optimal
2021-02-08 08:30:00,23,103,2.0,0.0,0.0,0.5342,13.23,6.0,-3,20.229695914350383,,7000.0,0.0,0.0,0.0,47.57234458178094,optimal
2021-02-08 09:00:00,23,103,2.0,0.0,0.0,0.338,13.3665,6.0,-3,20.308731503083955,,7000.0,0.0,0.0,0.0,47.46569787815341,optimal
2021-02-08 09:30:00,23,103,2.0,0.0,0.0,0.2464333333333333,13.0515,6.0,-3,20.38453336661652,,7000.0,0.0,0.0,0.0,47.35915782122952,optimal
2021-02-08 10:00:00,23,103,0.0,0.0,0.0,0.2585666666666666,13.5345,6.0,-3,20.45441917075897,,0.0,0.0,0.0,0.0,47.25272430436255,optimal
2021-02-08 10:30:00,23,103,0.0,0.0,0.0,0.062,14.154,6.0,-3,20.37063838523724,,0.0,0.0,0.0,0.0,47.14639722101244,optimal
2021-02-08 11:00:00,23,103,0.0,0.0,0.0,0.2196,14.112,6.0,-3,20.28241937564903,,0.0,0.0,0.0,0.0,47.04017646474568,optimal
2021-02-08 11:30:00,23,103,0.0,0.0,0.0,0.1100666666666666,14.2485,6.0,-3,20.197237631534403,,0.0,0.0,0.0,0.0,46.93406192923519,optimal
2021-02-08 12:00:00,23,103,2.0,0.0,0.0,0.1169333333333333,12.789,6.0,-3,20.110590276917915,,7000.0,0.0,0.0,0.0,46.82805350826021,optimal
2021-02-08 12:30:00,23,103,2.0,0.0,0.0,0.1641999999999999,13.0095,6.0,-3,20.17228708355549,,7000.0,0.0,0.0,0.0,46.7221510957062,optimal
2021-02-08 13:00:00,23,103,2.0,0.0,0.0,0.1105333333333333,12.1275,6.0,-3,20.23560631052081,,7000.0,0.0,0.0,0.0,46.61635458556475,optimal
2021-02-08 13:30:00,23,103,2.0,0.0,0.0,0.3912666666666666,12.348,6.0,-3,20.29841590936855,,7000.0,0.0,0.0,0.0,46.51066387193344,optimal
2021-02-08 14:00:00,23,103,2.0,0.0,0.0,0.4346,12.348,6.0,-3,20.3713300217556,,7000.0,0.0,0.0,0.0,46.40507884901576,optimal
2021-02-08 14:30:00,23,103,0.0,0.0,0.0,0.3537333333333333,25.389,6.0,-3,20.446342945878296,,0.0,0.0,0.0,0.0,46.299599411121,optimal
2021-02-08 15:00:00,23,103,0.0,0.0,0.0,1.498,29.1375,6.0,-3,20.373179515561443,,0.0,0.0,0.0,0.0,46.194225452664135,optimal
2021-02-08 15:30:00,23,103,0.0,0.0,0.0,1.4744000000000002,30.597,6.0,-3,20.30868044338077,,0.0,0.0,0.0,0.0,46.08895686816573,optimal
2021-02-08 16:00:00,23,103,0.0,0.0,0.0,0.3260333333333333,33.684,6.0,-3,20.243766740409026,,0.0,0.0,0.0,0.0,45.98379355225181,optimal
2021-02-08 16:30:00,23,103,0.0,0.0,0.0,0.5003333333333333,32.445,6.0,-3,20.173641775486228,,0.0,0.0,0.0,0.0,45.87873539965381,optimal
2021-02-08 17:00:00,23,103,0.0,0.0,0.0,0.4676666666666667,28.917,6.0,-3,20.11018387571341,,0.0,0.0,0.0,0.0,45.773782305208414,optimal
2021-02-08 17:30:00,23,103,0.0,0.0,0.0,3.5573,15.876,6.0,-3,20.044005325429755,,0.0,0.0,0.0,0.0,45.66893416385746,optimal
2021-02-08 18:00:00,23,103,0.879708482427793,0.0,0.0,1.957,12.348,6.0,-3,20.0,,2660.979688497276,0.0,418.0,0.0,45.564190870647856,optimal
2021-02-08 18:30:00,23,103,1.726821342289471,0.0,0.0,0.4820666666666666,12.1275,6.0,-3,20.0,,6043.874698013148,0.0,0.0,0.0,45.45955232073146,optimal
2021-02-08 19:00:00,23,103,0.0,0.0,0.0,0.6006666666666667,12.348,6.0,-3,20.06027077198785,,0.0,0.0,0.0,0.0,45.35501840936499,optimal
2021-02-08 19:30:00,23,103,0.7505891757282559,0.0,0.0,0.7752,12.1275,6.0,-3,20.0,,2627.0621150488955,0.0,0.0,0.0,45.25058903190988,optimal
2021-02-08 20:00:00,23,103,1.61859506515356,0.0,0.0,0.6202000000000001,12.1275,6.0,-3,20.0,,2878.416061370793,0.0,2786.6666666666665,0.0,45.14626408383222,optimal
2021-02-08 20:30:00,23,103,1.4132380952380952,0.0,0.0,0.6367333333333334,11.2665,6.0,-3,20.0,,0.0,0.0,4946.333333333333,0.0,45.04204346070264,optimal
2021-02-08 21:00:00,23,103,0.3184761904761904,0.0,0.0,0.5280666666666667,10.143,6.0,-3,19.93736940407484,,0.0,0.0,1114.6666666666663,0.0,44.99700141724194,optimal
2021-02-08 21:30:00,23,103,0.0,0.0,0.0,0.4011,11.2455,6.0,-3,19.875489177838208,,0.0,0.0,0.0,0.0,44.952004415824696,optimal
2021-02-08 22:00:00,23,103,0.0,0.0,0.0,0.3126666666666667,11.025,6.0,-3,19.812385854329403,,0.0,0.0,0.0,0.0,44.90705241140887,optimal
2021-02-08 22:30:00,23,103,0.0398095238095238,0.0,0.0,0.5033,5.9745,6.0,-3,19.746743718422607,,0.0,0.0,139.33333333333331,0.0,44.86214535899746,optimal
2021-02-08 23:00:00,23,103,0.0,0.0,0.0,0.2580666666666666,7.938,6.0,-3,19.68453359437165,,0.0,0.0,0.0,0.0,44.81728321363846,optimal
2021-02-08 23:30:00,23,103,0.0,0.0,0.0,0.0576666666666666,8.6835,6.0,-3,19.610964630985944,,0.0,0.0,0.0,0.0,44.77246593042482,optimal
2021-02-09 00:00:00,23,103,2.0,0.0,0.0,0.062,12.2955,6.0,4,19.610964630985944,,7000.0,0.0,0.0,0.0,44.7276934644944,optimal
2021-02-09 00:30:00,23,103,2.0,0.0,0.0,0.1450666666666666,11.6865,6.0,4,19.67657963877091,,730.0,0.0,6270.0,0.0,44.68296577102991,optimal
2021-02-09 01:00:00,23,103,2.0,0.0,0.0,0.062,11.466,6.0,4,19.61188633646226,,7000.0,0.0,0.0,0.0,44.63828280525888,optimal
2021-02-09 01:30:00,23,103,2.0,0.0,0.0,0.062,10.8045,6.0,4,19.677950831041915,,7000.0,0.0,0.0,0.0,44.593644522453616,optimal
2021-02-09 02:00:00,23,103,2.0,0.0,5.0,0.062,10.584,6.0,4,19.7432619436852,,7000.0,0.0,0.0,0.0,46.924050877931165,optimal
2021-02-09 02:30:00,23,103,2.0,0.0,0.0,0.1450666666666666,11.2455,6.0,4,19.807823092246988,,7000.0,0.0,0.0,0.0,46.87712682705323,optimal
2021-02-09 03:00:00,23,103,2.0,0.0,0.0,0.062,12.1275,6.0,4,19.87406676870524,,7000.0,0.0,0.0,0.0,46.830249700226176,optimal
2021-02-09 03:30:00,23,103,2.0,0.0,0.0,0.1213333333333333,11.823,6.0,4,19.938488165547177,,7000.0,0.0,0.0,0.0,46.78341945052595,optimal
2021-02-09 04:00:00,23,103,2.0,0.0,0.0,0.0857333333333333,11.7705,6.0,4,20.004319962089493,,7000.0,0.0,0.0,0.0,46.73663603107542,optimal
2021-02-09 04:30:00,23,103,2.0,0.0,0.0,0.064,11.13,6.0,4,20.06955737441476,,7000.0,0.0,0.0,0.0,46.68989939504434,optimal
2021-02-09 05:00:00,23,103,2.0,0.0,0.0,0.1550666666666666,11.6865,6.0,4,20.133545560668143,,7000.0,0.0,0.0,0.0,46.6432094956493,optimal
2021-02-09 05:30:00,23,103,2.0,0.0,0.0,0.072,10.7205,6.0,4,20.19853837174613,,7000.0,0.0,0.0,0.0,46.59656628615365,optimal
2021-02-09 06:00:00,23,103,2.0,0.0,0.0,0.1076,11.424,6.0,4,20.26148774384723,,7000.0,0.0,0.0,0.0,46.5499697198675,optimal
2021-02-09 06:30:00,23,103,2.0,0.0,3.353104088616141,0.5493666666666667,10.689,6.0,4,20.32490092913261,,7000.0,0.0,0.0,0.0,48.096144192240295,optimal
2021-02-09 07:00:00,23,103,2.0,0.0,0.0,0.9575,11.361,6.0,4,20.39816271053552,,7000.0,0.0,0.0,0.0,48.048048048048045,optimal
2021-02-09 07:30:00,23,103,2.0,0.0,0.0,0.3278666666666667,11.571,6.0,4,20.48284802647618,,7000.0,0.0,0.0,0.0,48.0,optimal
2021-02-09 08:00:00,23,103,0.0,0.0,0.0,0.07,14.3745,6.0,4,20.559083515920527,,0.0,0.0,0.0,0.0,47.91316599488943,optimal
2021-02-09 08:30:00,23,103,2.0,0.0,0.0,1.0564,13.23,6.0,4,20.469627426419347,,7000.0,0.0,0.0,0.0,47.826418823783975,optimal
2021-02-09 09:00:00,23,103,1.3119030524129656,0.0,0.0,0.1194666666666666,13.9755,6.0,4,20.530083635445383,,4591.66068344538,0.0,0.0,0.0,47.73975839984963,optimal
2021-02-09 09:30:00,23,103,0.0,0.0,0.0,0.07,14.994,6.0,4,20.53652685813344,,0.0,0.0,0.0,0.0,47.65318463633921,optimal
2021-02-09 10:00:00,23,103,2.0,0.0,0.0,0.1450666666666666,13.671,6.0,4,20.446646332204462,,7000.0,0.0,0.0,0.0,47.56669744659231,optimal
2021-02-09 10:30:00,23,103,0.0,0.0,0.0,0.062,15.981,6.0,4,20.507636014301607,,0.0,0.0,0.0,0.0,47.48029674403515,optimal
2021-02-09 11:00:00,23,103,0.0,0.0,0.0,0.1094666666666666,15.6345,6.0,4,20.42038173438249,,0.0,0.0,0.0,0.0,47.39398244218055,optimal
2021-02-09 11:30:00,23,103,0.0,0.0,0.0,0.0975999999999999,16.5375,6.0,4,20.33565666459398,,0.0,0.0,0.0,0.0,47.307754454627805,optimal
2021-02-09 12:00:00,23,103,0.0,0.0,0.0,0.062,14.7735,6.0,4,20.251293001539736,,0.0,0.0,0.0,0.0,47.22161269506261,optimal
2021-02-09 12:30:00,23,103,0.0,0.0,0.0,0.062,15.2145,6.0,4,20.166789510508703,,0.0,0.0,0.0,0.0,47.13555707725698,optimal
2021-02-09 13:00:00,23,103,0.0,0.0,0.0,0.1450666666666666,14.553,6.0,4,20.082442550871995,,0.0,0.0,0.0,0.0,47.04958751506916,optimal
2021-02-09 13:30:00,23,103,2.0,0.0,0.0,0.062,14.3325,6.0,4,20.0,,7000.0,0.0,0.0,0.0,46.96370392244353,optimal
2021-02-09 14:00:00,23,103,1.37747156388557,0.0,0.0,0.1076666666666666,14.595,6.0,4,20.0633088981478,,4821.150473599495,0.0,0.0,0.0,46.87790621341052,optimal
2021-02-09 14:30:00,23,103,0.0,0.0,0.0,0.1174,14.994,6.0,4,20.08375349642611,,0.0,0.0,0.0,0.0,46.79219430208654,optimal
2021-02-09 15:00:00,23,103,1.1499534352440288,0.0,0.0,0.072,14.3325,6.0,4,20.0,,4024.837023354101,0.0,0.0,0.0,46.70656810267389,optimal
2021-02-09 15:30:00,23,103,0.938648673339304,0.0,0.0,0.6255333333333333,13.8915,6.0,4,20.0,,3285.2703566875643,0.0,0.0,0.0,46.621027529460655,optimal
2021-02-09 16:00:00,23,103,1.4981322812577311,0.0,0.0,1.26,13.8915,6.0,4,20.0,,5243.46298440206,0.0,0.0,0.0,46.53557249682063,optimal
2021-02-09 16:30:00,23,103,2.0,0.0,0.0,0.8988333333333334,13.4715,6.0,4,20.04576693785101,,7000.0,0.0,0.0,0.0,46.45020291921324,optimal
2021-02-09 17:00:00,23,103,2.0,0.0,0.0,0.2867,13.23,6.0,4,20.126039466141744,,7000.0,0.0,0.0,0.0,46.36491871118346,optimal
2021-02-09 17:30:00,23,103,2.0,0.0,0.0,2.2762333333333333,13.8915,6.0,4,20.20742405458248,,7000.0,0.0,0.0,0.0,46.279719787361714,optimal
2021-02-09 18:00:00,23,103,0.0,0.0,0.0,0.9642333333333332,26.9325,6.0,4,20.298511804601542,,0.0,0.0,0.0,0.0,46.19460606246378,optimal
2021-02-09 18:30:00,23,103,0.0,0.0,0.0,0.283,30.303,6.0,4,20.242266999376923,,0.0,0.0,0.0,0.0,46.109577451290754,optimal
2021-02-09 19:00:00,23,103,0.0,0.0,0.0,0.4254333333333333,32.886,6.0,4,20.17399884753352,,0.0,0.0,0.0,0.0,46.0246338687289,optimal
2021-02-09 19:30:00,23,103,0.0,0.0,0.0,1.5316,34.9965,6.0,4,20.10910441474501,,0.0,0.0,0.0,0.0,45.93977522974961,optimal
2021-02-09 20:00:00,23,103,0.0,0.0,0.0,3.0199000000000003,33.327,6.0,4,20.048921183980163,,0.0,0.0,0.0,0.0,45.85500144940929,optimal
2021-02-09 20:30:00,23,103,0.0,0.0,0.0,1.8239666666666667,31.122,6.0,4,20.0,,0.0,0.0,0.0,0.0,45.77031244284932,optimal
2021-02-09 21:00:00,23,103,0.0,0.0,0.0,0.336,17.9025,6.0,4,19.945469831126825,,0.0,0.0,0.0,0.0,45.6857081252959,optimal
2021-02-09 21:30:00,23,103,0.0,0.0,0.0,1.4088333333333332,15.6555,6.0,4,19.88242015300073,,0.0,0.0,0.0,0.0,45.60118841206004,optimal
2021-02-09 22:00:00,23,103,0.0,0.0,0.0,1.3768,14.553,6.0,4,19.82246667672398,,0.0,0.0,0.0,0.0,45.51675321853742,optimal
2021-02-09 22:30:00,23,103,0.0,0.0,0.0,0.2896333333333333,14.3325,6.0,4,19.76032784209672,,0.0,0.0,0.0,0.0,45.47123646531888,optimal
2021-02-09 23:00:00,23,103,0.0,0.0,0.0,0.2258666666666667,13.335,6.0,4,19.699505379771427,,0.0,0.0,0.0,0.0,45.42576522885357,optimal
2021-02-09 23:30:00,23,103,0.0,0.0,0.0,0.9023,12.1275,6.0,4,19.634233926207862,,0.0,0.0,0.0,0.0,45.38033946362471,optimal
2021-02-10 00:00:00,23,103,2.0,0.0,0.0,0.0969,11.844,6.0,-4,19.634233926207862,,6860.666666666667,0.0,139.33333333333331,0.0,45.33495912416108,optimal
2021-02-10 00:30:00,23,103,2.0,0.0,0.0,0.4880333333333334,11.508,6.0,-4,19.699699800421712,,0.0,0.0,7000.0,0.0,45.28962416503692,optimal
2021-02-10 01:00:00,23,103,2.0,0.0,0.0,0.1009,11.508,6.0,-4,19.629632053967224,,6754.666666666667,0.0,245.3333333333333,0.0,45.24433454087188,optimal
2021-02-10 01:30:00,23,103,2.0,0.0,5.0,0.1800666666666666,10.4475,6.0,-4,19.69447810735449,,7000.0,0.0,0.0,0.0,47.57409020633101,optimal
2021-02-10 02:00:00,23,103,2.0,0.0,0.0,0.2239333333333333,10.8675,6.0,-4,19.767499574357004,,7000.0,0.0,0.0,0.0,47.52651611612468,optimal
2021-02-10 02:30:00,23,103,2.0,0.0,2.0109017764492654,0.6061,10.542,6.0,-4,19.83733354463469,,7000.0,0.0,0.0,0.0,48.434167943821954,optimal
2021-02-10 03:00:00,23,103,2.0,0.0,0.0,1.866766666666667,11.025,6.0,-4,19.90663837189374,,7000.0,0.0,0.0,0.0,48.38573377587813,optimal
2021-02-10 03:30:00,23,103,2.0,0.0,0.0,0.3592333333333333,11.025,6.0,-4,19.98065365781512,,7000.0,0.0,0.0,0.0,48.33734804210225,optimal
2021-02-10 04:00:00,23,103,2.0,0.0,0.0,0.2583666666666667,14.553,6.0,-4,20.05475304532964,,7000.0,0.0,0.0,0.0,48.28901069406015,optimal
2021-02-10 04:30:00,23,103,2.0,0.0,0.0,1.2752333333333332,13.0935,6.0,-4,20.125231000448483,,7000.0,0.0,0.0,0.0,48.24072168336608,optimal
2021-02-10 05:00:00,23,103,2.0,0.0,0.0,1.3476333333333337,15.6345,6.0,-4,20.19614314288844,,7000.0,0.0,0.0,0.0,48.19248096168271,optimal
2021-02-10 05:30:00,23,103,0.0,0.0,0.0,0.2694666666666666,18.102,6.0,-4,20.26893085917482,,0.0,0.0,0.0,0.0,48.144288480721016,optimal
2021-02-10 06:00:00,23,103,1.825500524789076,0.0,0.0,0.06,17.199,6.0,-4,20.189164058815663,,6389.251836761764,0.0,0.0,0.0,48.096144192240295,optimal
2021-02-10 06:30:00,23,103,0.0,0.0,0.0,0.1238,18.2805,6.0,-4,20.23652259258812,,0.0,0.0,0.0,0.0,48.048048048048045,optimal
2021-02-10 07:00:00,23,103,0.0,0.0,0.0,0.2900333333333333,17.4615,6.0,-4,20.1514202715324,,0.0,0.0,0.0,0.0,48.0,optimal
2021-02-10 07:30:00,23,103,0.0,0.0,0.0,0.2255333333333333,18.3225,6.0,-4,20.07714930905152,,0.0,0.0,0.0,0.0,47.7997876349832,optimal
2021-02-10 08:00:00,23,103,2.0,0.0,0.0,2.625766666666667,17.094,6.0,-4,20.0,,7000.0,0.0,0.0,0.0,47.599775482331424,optimal
2021-02-10 08:30:00,23,103,2.0,0.0,0.0,1.222,17.094,6.0,-4,20.09598989713269,,7000.0,0.0,0.0,0.0,47.3999633418323,optimal
2021-02-10 09:00:00,23,103,2.0,0.0,0.0,0.2188,17.094,6.0,-4,20.173344059605498,,7000.0,0.0,0.0,0.0,47.20035101347367,optimal
2021-02-10 09:30:00,23,103,0.9953821665990712,0.0,0.0,2.163133333333333,17.3565,6.0,-4,20.242263929218574,,3483.837583096749,0.0,0.0,0.0,47.000938297443405,optimal
2021-02-10 10:00:00,23,103,2.0,0.0,0.0,0.197,17.115,6.0,-4,20.24042707730549,,7000.0,0.0,0.0,0.0,46.80172499412917,optimal
2021-02-10 10:30:00,23,103,2.0,0.0,0.0,0.0779666666666666,17.241,6.0,-4,20.30975172022859,,7000.0,0.0,0.0,0.0,46.60271090411824,optimal
2021-02-10 11:00:00,23,103,2.0,0.0,0.0,2.1735,17.094,6.0,-4,20.373687881841743,,7000.0,0.0,0.0,0.0,46.40389582819733,optimal
2021-02-10 11:30:00,23,103,2.0,0.0,0.0,1.9039333333333328,16.5165,6.0,-4,20.4457722661178,,7000.0,0.0,0.0,0.0,46.205279567352335,optimal
2021-02-10 12:00:00,23,103,0.0,0.0,0.0,0.5173333333333334,17.8185,6.0,-4,20.52009296655823,,0.0,0.0,0.0,0.0,46.00686192276819,optimal
2021-02-10 12:30:00,23,103,2.0,0.0,0.0,1.1023,17.094,6.0,-4,20.44164302039003,,7000.0,0.0,0.0,0.0,45.808642695828624,optimal
2021-02-10 13:00:00,23,103,2.0,0.0,0.0,1.2493,16.8945,6.0,-4,20.513218428788697,,7000.0,0.0,0.0,0.0,45.610621688116,optimal
2021-02-10 13:30:00,23,103,0.0,0.0,0.0,0.1283333333333333,18.123,6.0,-4,20.58302520432849,,0.0,0.0,0.0,0.0,45.41279870141109,optimal
2021-02-10 14:00:00,23,103,0.0,0.0,0.0,2.266,31.647,6.0,-4,20.506464044702778,,0.0,0.0,0.0,0.0,45.21517353769288,optimal
2021-02-10 14:30:00,23,103,0.0,0.0,0.0,0.105,34.9965,6.0,-4,20.43585740948512,,0.0,0.0,0.0,0.0,45.01774599913839,optimal
2021-02-10 15:00:00,23,103,0.0,0.0,0.0,0.1138333333333333,34.9965,6.0,-4,20.362605793394977,,0.0,0.0,0.0,0.0,44.82051588812246,optimal
2021-02-10 15:30:00,23,103,0.0,0.0,0.0,0.6546000000000001,34.9965,6.0,-4,20.286415963694207,,0.0,0.0,0.0,0.0,44.62348300721754,optimal
2021-02-10 16:00:00,23,103,0.0,0.0,0.0,2.6962,34.9965,6.0,-4,20.213970938952937,,0.0,0.0,0.0,0.0,44.426647159193536,optimal
2021-02-10 16:30:00,23,103,0.0,0.0,0.0,0.5426,34.9965,6.0,-4,20.16552513066712,,0.0,0.0,0.0,0.0,44.23000814701755,optimal
2021-02-10 17:00:00,23,103,0.0,0.0,0.0,2.3723666666666667,27.741,6.0,-4,20.106139097794763,,0.0,0.0,0.0,0.0,44.03356577385374,optimal
2021-02-10 17:30:00,23,103,0.0,0.0,0.0,2.257966666666667,19.026,6.0,-4,20.062324587480123,,0.0,0.0,0.0,0.0,43.83731984306309,optimal
2021-02-10 18:00:00,23,103,0.8221275300468484,0.0,0.0,2.541033333333333,18.7215,6.0,-4,20.0,,2877.446355163969,0.0,0.0,0.0,43.641270158203234,optimal
2021-02-10 18:30:00,23,103,0.8994854574031163,0.0,0.0,1.9207,17.4195,6.0,-4,20.0,,3148.199100910907,0.0,0.0,0.0,43.44541652302824,optimal
2021-02-10 19:00:00,23,103,0.8946033847593565,0.0,0.0,0.8254333333333332,16.758,6.0,-4,20.0,,3131.111846657748,0.0,0.0,0.0,43.249758741488414,optimal
2021-02-10 19:30:00,23,103,0.9606658988808656,0.0,0.0,1.4104666666666668,14.217,6.0,-4,20.0,,3362.33064608303,0.0,0.0,0.0,43.05429661773013,optimal
2021-02-10 20:00:00,23,103,1.1599398415737443,0.0,0.0,1.0549000000000002,13.3665,6.0,-4,20.0,,3293.4561121747715,0.0,766.3333333333333,0.0,42.8590299560956,optimal
2021-02-10 20:30:00,23,103,0.0,0.0,0.0,0.4450666666666666,12.789,6.0,-4,20.0,,0.0,0.0,0.0,0.0,42.66395856112271,optimal
2021-02-10 21:00:00,23,103,0.0,0.0,0.0,0.3576333333333333,11.907,6.0,-4,19.93244590403472,,0.0,0.0,0.0,0.0,42.4690822375448,optimal
2021-02-10 21:30:00,23,103,0.0597142857142857,0.0,0.0,0.3936666666666666,11.7075,6.0,-4,19.864457113803883,,0.0,0.0,209.0,0.0,42.42661315530725,optimal
2021-02-10 22:00:00,23,103,0.2189523809523809,0.0,0.0,0.6304,10.8045,6.0,-4,19.78721433094016,,0.0,0.0,766.3333333333334,0.0,42.38418654215194,optimal
2021-02-10 22:30:00,23,103,0.0,0.0,0.0,2.4175,11.508,6.0,-4,19.707201664342698,,0.0,0.0,0.0,0.0,42.34180235560979,optimal
2021-02-10 23:00:00,23,103,0.0,0.0,0.0,0.1396,11.508,6.0,-4,19.629501703877533,,0.0,0.0,0.0,0.0,42.299460553254185,optimal
2021-02-10 23:30:00,23,103,0.0,0.0,0.0,0.128,11.508,6.0,-4,19.53048961004992,,0.0,0.0,0.0,0.0,42.25716109270093,optimal
2021-02-11 00:00:00,23,103,2.0,0.0,5.0,0.063,12.789,6.0,-10,19.53048961004992,,7000.0,0.0,0.0,0.0,44.58990393160824,optimal
2021-02-11 00:30:00,23,103,2.0,0.0,5.0,0.063,12.684,6.0,-10,19.57876809642517,,3516.666666666667,0.0,3483.333333333333,0.0,46.92031402767663,optimal
2021-02-11 01:00:00,23,103,2.0,0.0,3.694728871597949,0.136,16.254,6.0,-10,19.55395563969889,,7000.0,0.0,0.0,0.0,48.62838992765797,optimal
2021-02-11 01:30:00,23,103,2.0,0.0,0.0,0.1505999999999999,17.64,6.0,-10,19.604571684471264,,7000.0,0.0,0.0,0.0,48.57976153773031,optimal
2021-02-11 02:00:00,23,103,2.0,0.0,0.0,0.063,19.1625,6.0,-10,19.655265436257896,,7000.0,0.0,0.0,0.0,48.53118177619257,optimal
2021-02-11 02:30:00,23,103,2.0,0.0,0.0,0.209,26.46,6.0,-10,19.703885190848588,,7000.0,0.0,0.0,0.0,48.48265059441637,optimal
2021-02-11 03:00:00,23,103,2.0,0.0,0.0,0.0775999999999999,20.79,6.0,-10,19.75490406429496,,7000.0,0.0,0.0,0.0,48.434167943821954,optimal
2021-02-11 03:30:00,23,103,0.0,0.0,0.0,0.1286999999999999,29.106,6.0,-10,19.80247178942942,,0.0,0.0,0.0,0.0,48.38573377587813,optimal
2021-02-11 04:00:00,23,103,2.0,0.0,0.0,0.1579,19.1835,6.0,-10,19.70468070675669,,7000.0,0.0,0.0,0.0,48.33734804210225,optimal
2021-02-11 04:30:00,23,103,2.0,0.0,0.0,0.0849,19.6665,6.0,-10,19.75643496848095,,7000.0,0.0,0.0,0.0,48.28901069406015,optimal
2021-02-11 05:00:00,23,103,2.0,0.0,0.0,0.2017,19.404,6.0,-10,19.80641775776609,,7000.0,0.0,0.0,0.0,48.24072168336608,optimal
2021-02-11 05:30:00,23,103,2.0,0.0,0.0,0.063,19.047,6.0,-10,19.85863247862289,,7000.0,0.0,0.0,0.0,48.19248096168271,optimal
2021-02-11 06:00:00,23,103,2.0,0.0,0.0,0.1651999999999999,18.858,6.0,-10,19.90882479699065,,7000.0,0.0,0.0,0.0,48.144288480721016,optimal
2021-02-11 06:30:00,23,103,2.0,0.0,0.0,0.1214,19.2675,6.0,-10,19.96207493110925,,7000.0,0.0,0.0,0.0,48.096144192240295,optimal
2021-02-11 07:00:00,23,103,2.0,0.0,0.0,0.063,18.963,6.0,-10,20.01529564909838,,7000.0,0.0,0.0,0.0,48.048048048048045,optimal
2021-02-11 07:30:00,23,103,2.0,0.0,0.0,0.0616666666666666,18.438,6.0,-10,20.068179748455684,,7000.0,0.0,0.0,0.0,48.0,optimal
2021-02-11 08:00:00,23,103,2.0,0.0,0.0,0.2033666666666666,18.7425,6.0,-10,20.12422586674696,,7000.0,0.0,0.0,0.0,47.70901984360325,optimal
2021-02-11 08:30:00,23,103,2.0,0.0,0.0,0.0949,15.2145,6.0,-10,20.18434307018107,,7000.0,0.0,0.0,0.0,47.41833066736289,optimal
2021-02-11 09:00:00,23,103,2.0,0.0,0.0,0.144,17.7765,6.0,-10,20.22962148784088,,7000.0,0.0,0.0,0.0,47.12793218029877,optimal
2021-02-11 09:30:00,23,103,2.0,0.0,0.0,1.2247,16.758,6.0,-10,20.279734088155635,,7000.0,0.0,0.0,0.0,46.83782409172172,optimal
2021-02-11 10:00:00,23,103,2.0,0.0,0.0,0.0949,16.422,6.0,-10,20.351890676564988,,7000.0,0.0,0.0,0.0,46.54800611123324,optimal
2021-02-11 10:30:00,23,103,2.0,0.0,0.0,0.2117,16.758,6.0,-10,20.410699538432134,,7000.0,0.0,0.0,0.0,46.25847794872526,optimal
2021-02-11 11:00:00,23,103,0.0693250491570592,0.0,0.0,0.073,29.358,6.0,-10,20.468978281098817,,242.63767204970745,0.0,0.0,0.0,45.96923931437978,optimal
2021-02-11 11:30:00,23,103,0.0,0.0,0.0,0.073,34.9965,6.0,-10,20.37910569946604,,0.0,0.0,0.0,0.0,45.68028991866864,optimal
2021-02-11 12:00:00,23,103,0.0,0.0,0.0,0.8916000000000001,34.65,6.0,-10,20.28793573138258,,0.0,0.0,0.0,0.0,45.391629472353216,optimal
2021-02-11 12:30:00,23,103,0.0,0.0,0.0,0.3814666666666665,34.9965,6.0,-10,20.2137229539526,,0.0,0.0,0.0,0.0,45.103257686484106,optimal
2021-02-11 13:00:00,23,103,0.0,0.0,0.0,0.4622,34.9965,6.0,-10,20.1387301647458,,0.0,0.0,0.0,0.0,44.81517427240087,optimal
2021-02-11 13:30:00,23,103,0.0,0.0,0.0,0.4125666666666666,30.4815,6.0,-10,20.06923813323633,,0.0,0.0,0.0,0.0,44.52737894173171,optimal
2021-02-11 14:00:00,23,103,0.9439862938187744,0.0,0.0,0.5587333333333333,21.4305,6.0,-10,20.0,,3094.9520283657102,0.0,209.0,0.0,44.23987140639323,optimal
2021-02-11 14:30:00,23,103,0.9046901945412366,0.0,0.0,0.3889333333333333,14.3325,6.0,-10,20.0,,3166.415680894328,0.0,0.0,0.0,43.95265137859008,optimal
2021-02-11 15:00:00,23,103,1.965294790156204,0.0,0.0,0.4568333333333333,13.692,6.0,-10,20.0,,6460.531765546714,0.0,418.0,0.0,43.66571857081474,optimal
2021-02-11 15:30:00,23,103,0.0,0.0,0.0,0.6134,14.007,6.0,-10,20.06958743535942,,0.0,0.0,0.0,0.0,43.37907269584717,optimal
2021-02-11 16:00:00,23,103,1.038761270078337,0.0,0.0,0.4637,12.873,6.0,-10,20.0,,3496.3311119408463,0.0,139.33333333333331,0.0,43.09271346675457,optimal
2021-02-11 16:30:00,23,103,1.0197889875823345,0.0,0.0,0.4366666666666667,12.684,6.0,-10,20.0,,3499.594789871504,0.0,69.66666666666666,0.0,42.80664059689106,optimal
2021-02-11 17:00:00,23,103,0.9036014978756546,0.0,0.0,1.9795,12.306,6.0,-10,20.0,,2517.4919092314576,0.0,645.1133333333333,0.0,42.52085379989741,optimal
2021-02-11 17:30:00,23,103,2.0,0.0,0.0,0.4569,10.6365,6.0,-10,20.0,,3761.7737481966847,0.0,3238.226251803315,0.0,42.23535278970076,optimal
2021-02-11 18:00:00,23,103,2.0,0.0,0.0,0.3240333333333333,11.2455,6.0,-10,20.0,,6494.339585136648,0.0,505.6604148633522,0.0,41.9501372805143,optimal
2021-02-11 18:30:00,23,103,2.0,0.0,0.0,0.3189333333333333,11.2455,6.0,-10,20.05019716647175,,7000.0,0.0,0.0,0.0,41.66520698683703,optimal
2021-02-11 19:00:00,23,103,2.0,0.0,0.0,0.7297666666666667,11.025,6.0,-10,20.10603137066449,,7000.0,0.0,0.0,0.0,41.38056162345344,optimal
2021-02-11 19:30:00,23,103,0.0,0.0,0.0,0.2396666666666666,12.0855,6.0,-10,20.172146151181263,,0.0,0.0,0.0,0.0,41.09620090543323,optimal
2021-02-11 20:00:00,23,103,0.2735773067891958,0.0,0.0,0.2407333333333333,11.6865,6.0,-10,20.07900629788619,,957.5205737621852,0.0,0.0,0.0,40.81212454813104,optimal
2021-02-11 20:30:00,23,103,0.0597142857142857,0.0,0.0,0.4037666666666666,11.2245,6.0,-10,20.0,,0.0,0.0,209.0,0.0,40.52833226718615,optimal
2021-02-11 21:00:00,23,103,0.0,0.0,0.0,0.6344,11.025,6.0,-10,19.905070991292337,,0.0,0.0,0.0,0.0,40.24482377852221,optimal
2021-02-11 21:30:00,23,103,0.6767619047619047,0.0,0.0,0.436,10.7835,6.0,-10,19.811303477368668,,0.0,0.0,2368.6666666666665,0.0,39.96159879834693,optimal
2021-02-11 22:00:00,23,103,0.0,0.0,0.0,0.3383666666666666,11.025,6.0,-10,19.715049320383542,,0.0,0.0,0.0,0.0,39.67865704315183,optimal
2021-02-11 22:30:00,23,103,0.2587619047619047,0.0,0.0,0.4097333333333333,10.584,6.0,-10,19.62313943189776,,0.0,0.0,905.6666666666666,0.0,39.39599822971192,optimal
2021-02-11 23:00:00,23,103,0.0,0.0,0.0,0.5452,11.025,6.0,-10,19.529144125663336,,0.0,0.0,0.0,0.0,39.11362207508545,optimal
2021-02-11 23:30:00,23,103,0.0,0.0,0.0,0.3168333333333333,10.4265,6.0,-10,19.434892319474088,,0.0,0.0,0.0,0.0,39.07450845301037,optimal
2021-02-12 00:00:00,23,103,2.0,0.0,5.0,0.1606,10.3635,6.0,-8,19.434892319474088,,7000.0,0.0,0.0,0.0,41.41043394455736,optimal
2021-02-12 00:30:00,23,103,2.0,0.0,5.0,0.219,9.8385,6.0,-8,19.475402237813785,,2709.6188333646087,0.0,4290.381166635391,0.0,43.7440235106128,optimal
2021-02-12 01:00:00,23,103,2.0,0.0,5.0,0.1399,11.067,6.0,-8,19.429415083132472,,7000.0,0.0,0.0,0.0,46.075279487102186,optimal
2021-02-12 01:30:00,23,103,2.0,0.0,5.0,0.1529333333333333,10.8465,6.0,-8,19.47382242331275,,7000.0,0.0,0.0,0.0,48.40420420761508,optimal
2021-02-12 02:00:00,23,103,2.0,0.0,0.0,0.2246,13.671,6.0,-8,19.51930363734151,,7000.0,0.0,0.0,0.0,48.35580000340747,optimal
2021-02-12 02:30:00,23,103,2.0,0.0,0.3688555600259304,0.229,12.348,6.0,-8,19.56561458042496,,7000.0,0.0,0.0,0.0,48.48265059441637,optimal
2021-02-12 03:00:00,23,103,2.0,0.0,0.0,0.1551333333333333,14.3325,6.0,-8,19.61118329694733,,7000.0,0.0,0.0,0.0,48.434167943821954,optimal
2021-02-12 03:30:00,23,103,2.0,0.0,0.0,0.066,15.393,6.0,-8,19.65262544185829,,7000.0,0.0,0.0,0.0,48.38573377587813,optimal
2021-02-12 04:00:00,23,103,2.0,0.0,0.0,0.066,13.587,6.0,-8,19.692666946515725,,7000.0,0.0,0.0,0.0,48.33734804210225,optimal
2021-02-12 04:30:00,23,103,0.4425562202609577,0.0,0.0,0.066,16.1385,6.0,-8,19.735702473528168,,1548.946770913352,0.0,0.0,0.0,48.28901069406015,optimal
2021-02-12 05:00:00,23,103,2.0,0.0,0.0,0.066,14.595,6.0,-8,19.66697154650277,,7000.0,0.0,0.0,0.0,48.24072168336608,optimal
2021-02-12 05:30:00,23,103,2.0,0.0,0.0,0.066,14.637,6.0,-8,19.716475001315526,,7000.0,0.0,0.0,0.0,48.19248096168271,optimal
2021-02-12 06:00:00,23,103,2.0,0.0,0.0,0.066,13.9125,6.0,-8,19.769383220896845,,7000.0,0.0,0.0,0.0,48.144288480721016,optimal
2021-02-12 06:30:00,23,103,2.0,0.0,0.0,0.066,13.3665,6.0,-8,19.825680758908952,,7000.0,0.0,0.0,0.0,48.096144192240295,optimal
2021-02-12 07:00:00,23,103,2.0,0.0,0.0,0.066,13.0095,6.0,-8,19.88217656112871,,7000.0,0.0,0.0,0.0,48.048048048048045,optimal
2021-02-12 07:30:00,23,103,2.0,0.0,0.0,0.3516333333333333,13.8915,6.0,-8,19.938869728094293,,7000.0,0.0,0.0,0.0,48.0,optimal
2021-02-12 08:00:00,23,103,2.0,0.0,0.0,0.3172,13.188,6.0,-8,20.0,,4303.243515837514,0.0,2696.7564841624853,0.0,47.49162620110423,optimal
2021-02-12 08:30:00,23,103,2.0,0.0,0.0,0.212,12.5685,6.0,-8,20.0,,4353.213222044436,0.0,2646.786777955564,0.0,46.983760776007344,optimal
2021-02-12 09:00:00,23,103,2.0,0.0,0.0,1.6723666666666666,12.285,6.0,-8,20.0,,5938.697762086772,0.0,1061.3022379132271,0.0,46.47640321633556,optimal
2021-02-12 09:30:00,23,103,2.0,0.0,0.0,0.6112000000000001,11.487,6.0,-8,20.039095973154165,,7000.0,0.0,0.0,0.0,45.96955301422345,optimal
2021-02-12 10:00:00,23,103,2.0,0.0,0.0,1.6479666666666668,11.802,6.0,-8,20.10983218059512,,7000.0,0.0,0.0,0.0,45.46320966231345,optimal
2021-02-12 10:30:00,23,103,2.0,0.0,0.0,0.3895,11.2245,6.0,-8,20.200278350979502,,7000.0,0.0,0.0,0.0,44.95737265375536,optimal
2021-02-12 11:00:00,23,103,2.0,0.0,0.0,1.3743333333333332,11.025,6.0,-8,20.2718068051994,,7000.0,0.0,0.0,0.0,44.45204148220584,optimal
2021-02-12 11:30:00,23,103,2.0,0.0,0.0,3.941466666666666,11.907,6.0,-8,20.349014884605733,,7000.0,0.0,0.0,0.0,43.94721564182785,optimal
2021-02-12 12:00:00,23,103,0.0,0.0,0.0,1.872933333333333,25.83,6.0,-8,20.45088175369206,,0.0,0.0,0.0,0.0,43.44289462729025,optimal
2021-02-12 12:30:00,23,103,0.0,0.0,0.0,0.1315333333333333,28.035,6.0,-8,20.38431017665456,,0.0,0.0,0.0,0.0,42.93907793376719,optimal
2021-02-12 13:00:00,23,103,0.0,0.0,0.0,0.1144333333333333,28.119,6.0,-8,20.30775824229089,,0.0,0.0,0.0,0.0,42.43576505693765,optimal
2021-02-12 13:30:00,23,103,0.0,0.0,0.0,1.051,30.156,6.0,-8,20.230031144980146,,0.0,0.0,0.0,0.0,41.93295549298494,optimal
2021-02-12 14:00:00,23,103,0.0,0.0,0.0,0.074,29.1585,6.0,-8,20.15409178549956,,0.0,0.0,0.0,0.0,41.43064873859618,optimal
2021-02-12 14:30:00,23,103,0.0,0.0,0.0,0.0842666666666666,26.712,6.0,-8,20.075934861152035,,0.0,0.0,0.0,0.0,40.92884429096181,optimal
2021-02-12 15:00:00,23,103,1.2638895374897936,0.0,0.0,0.1005666666666666,15.435,6.0,-8,20.0,,3554.173381214278,0.0,869.44,0.0,40.42754164777508,optimal
2021-02-12 15:30:00,23,103,1.025209712629371,0.0,0.0,0.2355,13.566,6.0,-8,20.0,,3309.5673275361323,0.0,278.66666666666663,0.0,39.92674030723153,optimal
2021-02-12 16:00:00,23,103,1.236663013096588,0.0,0.0,0.6167333333333334,12.789,6.0,-8,20.0,,4119.320545838059,0.0,209.0,0.0,39.42643976802853,optimal
2021-02-12 16:30:00,23,103,2.0,0.0,0.0,0.21,12.1275,6.0,-8,20.023962223163785,,7000.0,0.0,0.0,0.0,38.92663952936473,optimal
2021-02-12 17:00:00,23,103,0.0,0.0,0.0,0.076,13.671,6.0,-8,20.09005600967904,,0.0,0.0,0.0,0.0,38.42733909093959,optimal
2021-02-12 17:30:00,23,103,2.0,0.0,0.0,0.076,10.668,6.0,-8,20.0,,6740.403337987559,0.0,259.5966620124409,0.0,37.92853795295288,optimal
2021-02-12 18:00:00,23,103,0.0,0.0,0.0,2.4491666666666667,11.7285,6.0,-8,20.05178711665572,,0.0,0.0,0.0,0.0,37.89060941499993,optimal
2021-02-12 18:30:00,23,103,1.0988760261219852,0.0,0.0,0.4359333333333333,11.025,6.0,-8,20.0,,3478.662753439389,0.0,367.4033379875591,0.0,37.85271880558493,optimal
2021-02-12 19:00:00,23,103,1.2352452895213042,0.0,0.0,0.076,10.689,6.0,-8,20.0,,4323.358513324564,0.0,0.0,0.0,37.81486608677934,optimal
2021-02-12 19:30:00,23,103,2.0,0.0,0.0,0.076,8.1585,6.0,-8,20.0,,7000.0,0.0,0.0,0.0,37.77705122069256,optimal
2021-02-12 20:00:00,23,103,0.4924048248417809,0.0,0.0,0.076,10.3635,6.0,-8,20.055890726574063,,1723.4168869462333,0.0,0.0,0.0,37.73927416947187,optimal
2021-02-12 20:30:00,23,103,0.0,0.0,0.0,0.076,10.8045,6.0,-8,20.0,,0.0,0.0,0.0,0.0,37.7015348953024,optimal
2021-02-12 21:00:00,23,103,0.0,0.0,0.0,0.076,11.025,6.0,-8,19.907403701207933,,0.0,0.0,0.0,0.0,37.66383336040709,optimal
2021-02-12 21:30:00,23,103,0.0,0.0,0.0,0.076,10.3635,6.0,-8,19.8145469800319,,0.0,0.0,0.0,0.0,37.626169527046684,optimal
2021-02-12 22:00:00,23,103,0.0,0.0,0.0,0.076,10.8045,6.0,-8,19.722338354485792,,0.0,0.0,0.0,0.0,37.58854335751964,optimal
2021-02-12 22:30:00,23,103,0.0,0.0,0.0,0.076,10.059,6.0,-8,19.63077488436532,,0.0,0.0,0.0,0.0,37.55095481416212,optimal
2021-02-12 23:00:00,23,103,0.0,0.0,0.0,0.076,10.584,6.0,-8,19.53962680866491,,0.0,0.0,0.0,0.0,37.51340385934795,optimal
2021-02-12 23:30:00,23,103,0.0,0.0,0.0,0.0743333333333333,9.4185,6.0,-8,19.448892242871853,,0.0,0.0,0.0,0.0,37.4758904554886,optimal
2021-02-13 00:00:00,23,103,0.0,0.0,0.0,0.047,11.025,6.0,4,19.448892242871853,,0.0,0.0,0.0,0.0,37.43841456503311,optimal
2021-02-13 00:30:00,23,103,2.0,0.0,5.0,0.1845333333333333,8.2005,6.0,4,19.3653580675414,,0.0,0.0,7000.0,0.0,39.77597615046808,optimal
2021-02-13 01:00:00,23,103,2.0,0.0,0.0,0.3964,9.5655,6.0,4,19.28899180820193,,0.0,0.0,7000.0,0.0,39.73620017431762,optimal
2021-02-13 01:30:00,23,103,2.0,0.0,5.0,0.192,7.056,6.0,4,19.21853581255776,,5534.0,0.0,1466.0,0.0,42.0714639741433,optimal
2021-02-13 02:00:00,23,103,2.0,0.0,2.949877985717879,0.5086,9.3975,6.0,4,19.261167381148503,,7000.0,0.0,0.0,0.0,43.43058455338514,optimal
2021-02-13 02:30:00,23,103,2.0,0.0,0.0,0.2080333333333333,10.059,6.0,4,19.340767142845603,,7000.0,0.0,0.0,0.0,43.38715396883175,optimal
2021-02-13 03:00:00,23,103,2.0,0.0,5.0,0.432,9.261,6.0,4,19.41421369579608,,7000.0,0.0,0.0,0.0,45.71876681486292,optimal
2021-02-13 03:30:00,23,103,2.0,0.0,5.0,0.198,8.1585,6.0,4,19.49233493705088,,7000.0,0.0,0.0,0.0,48.048048048048045,optimal
2021-02-13 04:00:00,23,103,2.0,0.0,0.0,0.264,9.4815,6.0,4,19.56457865026921,,7000.0,0.0,0.0,0.0,48.0,optimal
2021-02-13 04:30:00,23,103,2.0,0.0,0.0,0.1983333333333332,8.379,6.0,4,19.63611621960007,,7000.0,0.0,0.0,0.0,47.73110152302283,optimal
2021-02-13 05:00:00,23,103,2.0,0.0,0.0,0.2963,9.5235,6.0,4,19.703861158992154,,7000.0,0.0,0.0,0.0,47.46247194452264,optimal
2021-02-13 05:30:00,23,103,2.0,0.0,0.0,0.256,8.1375,6.0,4,19.774598380515208,,7000.0,0.0,0.0,0.0,47.19411099560095,optimal
2021-02-13 06:00:00,23,103,2.0,0.0,0.0,0.2277333333333333,10.0905,6.0,4,19.843380093543825,,7000.0,0.0,0.0,0.0,46.926018407628185,optimal
2021-02-13 06:30:00,23,103,2.0,0.0,0.0,0.208,7.539,6.0,4,19.913819701097,,7000.0,0.0,0.0,0.0,46.65819391224339,optimal
2021-02-13 07:00:00,23,103,2.0,0.0,0.0,0.4124,7.938,6.0,4,19.98363502584516,,7000.0,0.0,0.0,0.0,46.39063724135398,optimal
2021-02-13 07:30:00,23,103,2.0,0.0,0.0,0.1985,8.274,6.0,4,20.055610360513256,,7000.0,0.0,0.0,0.0,46.12334812713546,optimal
2021-02-13 08:00:00,23,103,2.0,0.0,0.0,0.2613999999999999,9.261,6.0,4,20.12362216571333,,7000.0,0.0,0.0,0.0,45.85632630203116,optimal
2021-02-13 08:30:00,23,103,2.0,0.0,0.0,0.3663333333333333,9.9225,6.0,4,20.19315872209396,,7000.0,0.0,0.0,0.0,45.58957149875196,optimal
2021-02-13 09:00:00,23,103,2.0,0.0,0.0,0.0871666666666666,9.702,6.0,4,20.26232737857167,,7000.0,0.0,0.0,0.0,45.32308345027604,optimal
2021-02-13 09:30:00,23,103,2.0,0.0,0.0,0.1263333333333333,10.584,6.0,4,20.32284787321686,,7000.0,0.0,0.0,0.0,45.05686188984859,optimal
2021-02-13 10:00:00,23,103,2.0,0.0,0.0,0.1457333333333333,10.143,6.0,4,20.38497596743258,,7000.0,0.0,0.0,0.0,44.790906550981575,optimal
2021-02-13 10:30:00,23,103,0.0,0.0,0.0,0.0783333333333333,13.0095,6.0,4,20.446578980479376,,0.0,0.0,0.0,0.0,44.52521716745343,optimal
2021-02-13 11:00:00,23,103,2.0,0.0,0.0,1.055233333333333,11.025,6.0,4,20.3576947199672,,7000.0,0.0,0.0,0.0,44.2597934733088,optimal
2021-02-13 11:30:00,23,103,0.0,0.0,0.0,0.8018333333333334,12.789,6.0,4,20.432043358169928,,0.0,0.0,0.0,0.0,43.994635202858326,optimal
2021-02-13 12:00:00,23,103,1.1816666204058093,0.0,0.0,0.092,12.1275,6.0,4,20.350462907317866,,4135.833171420332,0.0,0.0,0.0,43.7297420906783,optimal
2021-02-13 12:30:00,23,103,2.0,0.0,0.0,0.092,12.1695,6.0,4,20.344844413632217,,7000.0,0.0,0.0,0.0,43.465113871610455,optimal
2021-02-13 13:00:00,23,103,0.0,0.0,0.0,0.2742666666666666,12.306,6.0,4,20.39999695732613,,0.0,0.0,0.0,0.0,43.20075028076168,optimal
2021-02-13 13:30:00,23,103,0.0,0.0,0.0,0.3815333333333333,13.23,6.0,4,20.31509970633302,,0.0,0.0,0.0,0.0,42.93665105350375,optimal
2021-02-13 14:00:00,23,103,0.0,0.0,0.0,0.5494,13.671,6.0,4,20.2364708773727,,0.0,0.0,0.0,0.0,42.672815925473074,optimal
2021-02-13 14:30:00,23,103,0.0,0.0,0.0,0.4038,13.9335,6.0,4,20.160403822971585,,0.0,0.0,0.0,0.0,42.409244632570434,optimal
2021-02-13 15:00:00,23,103,0.0,0.0,0.0,0.4003333333333333,13.293,6.0,4,20.08382479022168,,0.0,0.0,0.0,0.0,42.14593691096069,optimal
2021-02-13 15:30:00,23,103,2.0,0.0,0.0,0.059,12.1065,6.0,4,20.0096719305828,,7000.0,0.0,0.0,0.0,41.88289249707256,optimal
2021-02-13 16:00:00,23,103,2.0,0.0,0.0,0.3520333333333333,11.571,6.0,4,20.06746505246051,,7000.0,0.0,0.0,0.0,41.62011112759832,optimal
2021-02-13 16:30:00,23,103,2.0,0.0,0.0,0.32,11.025,6.0,4,20.13894851281937,,7000.0,0.0,0.0,0.0,41.35759253949355,optimal
2021-02-13 17:00:00,23,103,2.0,0.0,0.0,0.386,10.8465,6.0,4,20.212096938931083,,7000.0,0.0,0.0,0.0,41.09533646997689,optimal
2021-02-13 17:30:00,23,103,2.0,0.0,0.0,1.6661333333333337,11.2455,6.0,4,20.286824187752288,,7000.0,0.0,0.0,0.0,40.833342656529744,optimal
2021-02-13 18:00:00,23,103,0.0,0.0,0.0,1.507266666666667,23.8665,6.0,4,20.36956287703116,,0.0,0.0,0.0,0.0,40.57161083689605,optimal
2021-02-13 18:30:00,23,103,0.0,0.0,0.0,0.1680666666666666,27.4575,6.0,4,20.300770563702983,,0.0,0.0,0.0,0.0,40.31014074908198,optimal
2021-02-13 19:00:00,23,103,0.0,0.0,0.0,0.5471,27.3735,6.0,4,20.222080559739936,,0.0,0.0,0.0,0.0,40.04893213135573,optimal
2021-02-13 19:30:00,23,103,0.0,0.0,0.0,0.2838,30.4605,6.0,4,20.15166764205481,,0.0,0.0,0.0,0.0,39.7879847222472,optimal
2021-02-13 20:00:00,23,103,0.0,0.0,0.0,1.5151333333333334,30.0195,6.0,4,20.073355001721342,,0.0,0.0,0.0,0.0,39.52729826054779,optimal
2021-02-13 20:30:00,23,103,0.0,0.0,0.0,0.3831666666666667,26.9325,6.0,4,20.0,,0.0,0.0,0.0,0.0,39.26687248531008,optimal
2021-02-13 21:00:00,23,103,0.0,0.0,0.0,0.259,14.595,6.0,4,19.926949579106846,,0.0,0.0,0.0,0.0,39.0067071358476,optimal
2021-02-13 21:30:00,23,103,0.0,0.0,0.0,0.3314,12.4845,6.0,4,19.84942335333833,,0.0,0.0,0.0,0.0,38.74680195173458,optimal
2021-02-13 22:00:00,23,103,0.0,0.0,0.0,0.5811000000000001,12.1275,6.0,4,19.773360811261515,,0.0,0.0,0.0,0.0,38.70805514978285,optimal
2021-02-13 22:30:00,23,103,0.0,0.0,0.0,1.0375333333333332,12.1275,6.0,4,19.707580766249883,,0.0,0.0,0.0,0.0,38.66934709463307,optimal
2021-02-13 23:00:00,23,103,0.0,0.0,0.0,0.1086666666666666,12.789,6.0,4,19.65323738729711,,0.0,0.0,0.0,0.0,38.63067774753844,optimal
2021-02-13 23:30:00,23,103,0.0,0.0,0.0,0.0963333333333333,11.907,6.0,4,19.573862707055103,,0.0,0.0,0.0,0.0,38.592047069790894,optimal
2021-02-07 00:00:00,24,103,0.0,0.0,0.0,0.0975999999999999,10.3635,6.0,-1,21.0,,0.0,0.0,0.0,0.0,47.952,optimal
2021-02-07 00:30:00,24,103,1.6888393901485783,0.0,0.0,0.144,8.274,6.0,-1,20.92538304807281,,5910.937865520025,0.0,0.0,0.0,47.904048,optimal
2021-02-07 01:00:00,24,103,2.0,0.0,0.0,0.057,7.7175,6.0,-1,20.9760553328357,,7000.0,0.0,0.0,0.0,47.856143952,optimal
2021-02-07 01:30:00,24,103,2.0,0.0,0.0,0.1846,6.615,6.0,-1,21.047137881816944,,7000.0,0.0,0.0,0.0,47.80828780804799,optimal
2021-02-07 02:00:00,24,103,2.0,0.0,0.0,0.1573333333333333,6.174,6.0,-1,21.12035714971724,,7000.0,0.0,0.0,0.0,47.76047952023995,optimal
2021-02-07 02:30:00,24,103,2.0,0.0,0.0,0.1382,3.906,6.0,-1,21.1924434364312,,7000.0,0.0,0.0,0.0,47.712719040719705,optimal
2021-02-07 03:00:00,24,103,2.0,0.0,0.0,0.1177333333333333,2.3415,6.0,-1,21.26334625777855,,7000.0,0.0,0.0,0.0,47.66500632167899,optimal
2021-02-07 03:30:00,24,103,2.0,0.0,0.0,0.1662,2.205,6.0,-1,21.333042915555875,,7000.0,0.0,0.0,0.0,47.61734131535731,optimal
2021-02-07 04:00:00,24,103,2.0,0.0,1.616050669600632,0.1614,0.882,6.0,-1,21.40321679066305,,7000.0,0.0,0.0,0.0,48.33734804210225,optimal
2021-02-07 04:30:00,24,103,2.0,0.0,0.0,0.057,1.5435,6.0,-1,21.472744433060445,,7000.0,0.0,0.0,0.0,48.28901069406015,optimal
2021-02-07 05:00:00,24,103,2.0,0.0,0.0,0.1921333333333333,1.5435,6.0,-1,21.53975898802309,,7000.0,0.0,0.0,0.0,48.24072168336608,optimal
2021-02-07 05:30:00,24,103,2.0,0.0,0.0,0.1511333333333333,5.0715,6.0,-1,21.609314130982163,,7000.0,0.0,0.0,0.0,48.19248096168271,optimal
2021-02-07 06:00:00,24,103,2.0,0.0,0.0,0.1301666666666666,5.376,6.0,-1,21.67766259038987,,7000.0,0.0,0.0,0.0,48.144288480721016,optimal
2021-02-07 06:30:00,24,103,2.0,0.0,0.0,0.3671666666666667,5.0715,6.0,-1,21.74510524797632,,7000.0,0.0,0.0,0.0,48.096144192240295,optimal
2021-02-07 07:00:00,24,103,2.0,0.0,0.0,0.9863,5.5125,6.0,-1,21.818912622436905,,7000.0,0.0,0.0,0.0,48.048048048048045,optimal
2021-02-07 07:30:00,24,103,0.0,0.0,0.0,1.3410333333333333,9.261,6.0,-1,21.89722627795932,,0.0,0.0,0.0,0.0,48.0,optimal
2021-02-07 08:00:00,24,103,0.0,0.0,0.0,0.4776333333333333,11.7075,6.0,-1,21.83353335482127,,0.0,0.0,0.0,0.0,47.75129120328638,optimal
2021-02-07 08:30:00,24,103,0.0,0.0,0.0,0.0583333333333333,12.348,6.0,-1,21.76421743650324,,0.0,0.0,0.0,0.0,47.502831115369474,optimal
2021-02-07 09:00:00,24,103,0.0,0.0,0.0,0.2939333333333333,12.348,6.0,-1,21.673442371954057,,0.0,0.0,0.0,0.0,47.25461948754049,optimal
2021-02-07 09:30:00,24,103,0.0,0.0,0.0,0.057,12.1275,6.0,-1,21.58765038121208,,0.0,0.0,0.0,0.0,47.00665607133933,optimal
2021-02-07 10:00:00,24,103,0.0,0.0,0.0,0.1672,12.5265,6.0,-1,21.49767634603896,,0.0,0.0,0.0,0.0,46.75894061855437,optimal
2021-02-07 10:30:00,24,103,0.0,0.0,0.0,0.0774,11.7495,6.0,-1,21.41065708440497,,0.0,0.0,0.0,0.0,46.5114728812222,optimal
2021-02-07 11:00:00,24,103,0.0,0.0,0.0,0.1117,13.23,6.0,-1,21.32162545543379,,0.0,0.0,0.0,0.0,46.26425261162736,optimal
2021-02-07 11:30:00,24,103,0.0,0.0,0.0,0.2402333333333333,14.3325,6.0,-1,21.23311874365013,,0.0,0.0,0.0,0.0,46.01727956230211,optimal
2021-02-07 12:00:00,24,103,0.0,0.0,0.0,0.057,14.994,6.0,-1,21.14792974190544,,0.0,0.0,0.0,0.0,45.77055348602619,optimal
2021-02-07 12:30:00,24,103,0.0,0.0,0.0,0.2142666666666667,14.8155,6.0,-1,21.05927007998624,,0.0,0.0,0.0,0.0,45.52407413582654,optimal
2021-02-07 13:00:00,24,103,0.0,0.0,0.0,0.1386666666666666,14.112,6.0,-1,20.97430211589074,,0.0,0.0,0.0,0.0,45.27784126497709,optimal
2021-02-07 13:30:00,24,103,0.0,0.0,0.0,0.1463333333333333,14.007,6.0,-1,20.88793875932168,,0.0,0.0,0.0,0.0,45.031854626998495,optimal
2021-02-07 14:00:00,24,103,0.0,0.0,0.0,0.1549333333333333,13.23,6.0,-1,20.80251681296676,,0.0,0.0,0.0,0.0,44.78611397565788,optimal
2021-02-07 14:30:00,24,103,0.0,0.0,0.0,0.1,11.382,6.0,-1,20.71793938442599,,0.0,0.0,0.0,0.0,44.5406190649686,optimal
2021-02-07 15:00:00,24,103,0.0,0.0,0.0,0.0844,11.7495,6.0,-1,20.63281612192165,,0.0,0.0,0.0,0.0,44.29536964919001,optimal
2021-02-07 15:30:00,24,103,0.0,0.0,0.0,0.2712,24.3285,6.0,-1,20.54776698101152,,0.0,0.0,0.0,0.0,44.0503654828272,optimal
2021-02-07 16:00:00,24,103,0.0,0.0,0.0,0.057,28.917,6.0,-1,20.46648871408431,,0.0,0.0,0.0,0.0,43.80560632063075,optimal
2021-02-07 16:30:00,24,103,0.0,0.0,0.0,0.2635333333333333,31.3635,6.0,-1,20.38046686443259,,0.0,0.0,0.0,0.0,43.5610919175965,optimal
2021-02-07 17:00:00,24,103,0.0,0.0,0.0,0.2288,33.306,6.0,-1,20.31660930020044,,0.0,0.0,0.0,0.0,43.31682202896528,optimal
2021-02-07 17:30:00,24,103,0.0,0.0,0.0,0.5082333333333333,31.3425,6.0,-1,20.26174877758336,,0.0,0.0,0.0,0.0,43.0727964102227,optimal
2021-02-07 18:00:00,24,103,0.0,0.0,0.0,0.6245333333333333,28.2555,6.0,-1,20.20611236772726,,0.0,0.0,0.0,0.0,42.82901481709886,optimal
2021-02-07 18:30:00,24,103,0.0,0.0,0.0,1.0113666666666667,15.6975,6.0,-1,20.16225384336425,,0.0,0.0,0.0,0.0,42.58547700556814,optimal
2021-02-07 19:00:00,24,103,0.0,0.0,0.0,1.1584333333333334,12.5475,6.0,-1,20.12446473968813,,0.0,0.0,0.0,0.0,42.34218273184895,optimal
2021-02-07 19:30:00,24,103,0.0,0.0,0.0,0.4191,12.0855,6.0,-1,20.101701134035245,,0.0,0.0,0.0,0.0,42.09913175240348,optimal
2021-02-07 20:00:00,24,103,0.0,0.0,0.0,0.2895666666666666,11.907,6.0,-1,20.054627940023767,,0.0,0.0,0.0,0.0,41.85632382393746,optimal
2021-02-07 20:30:00,24,103,0.0,0.0,0.0,0.3006,12.5685,6.0,-1,20.0,,0.0,0.0,0.0,0.0,41.6137587033999,optimal
2021-02-07 21:00:00,24,103,0.0,0.0,0.0,0.4881999999999999,13.146,6.0,-1,19.94199041647392,,0.0,0.0,0.0,0.0,41.37143614798288,optimal
2021-02-07 21:30:00,24,103,0.0,0.0,0.0,0.248,10.584,6.0,-1,19.89455832102241,,0.0,0.0,0.0,0.0,41.12935591512128,optimal
2021-02-07 22:00:00,24,103,0.0,0.0,0.0,0.1782333333333333,6.678,6.0,-1,19.844555739309087,,0.0,0.0,0.0,0.0,41.08822655920616,optimal
2021-02-07 22:30:00,24,103,0.0,0.0,0.0,0.1837,7.938,6.0,-1,19.77167718087738,,0.0,0.0,0.0,0.0,41.04713833264695,optimal
2021-02-07 23:00:00,24,103,0.0,0.0,0.0,0.067,5.292,6.0,-1,19.699244324910943,,0.0,0.0,0.0,0.0,41.00609119431431,optimal
2021-02-07 23:30:00,24,103,0.0,0.0,0.0,0.067,9.261,6.0,-1,19.62468349124501,,0.0,0.0,0.0,0.0,40.96508510312,optimal
2021-02-08 00:00:00,24,103,0.0,0.0,0.0,1.0085666666666668,12.1275,6.0,5,19.62468349124501,,0.0,0.0,0.0,0.0,40.92412001801688,optimal
2021-02-08 00:30:00,24,103,1.8062908576317545,0.0,0.0,1.2234333333333334,11.2665,6.0,5,19.55713636395622,,3674.684668377807,0.0,2647.333333333333,0.0,40.88319589799886,optimal
2021-02-08 01:00:00,24,103,2.0,0.0,0.0,0.2078666666666666,10.143,6.0,5,19.567288300820888,,7000.0,0.0,0.0,0.0,40.84231270210086,optimal
2021-02-08 01:30:00,24,103,2.0,0.0,0.0,0.0837333333333333,11.2455,6.0,5,19.641829592105648,,7000.0,0.0,0.0,0.0,40.80147038939876,optimal
2021-02-08 02:00:00,24,103,2.0,0.0,0.0,0.2781,11.025,6.0,5,19.71319282176685,,7000.0,0.0,0.0,0.0,40.76066891900936,optimal
2021-02-08 02:30:00,24,103,2.0,0.0,0.946394474569768,0.1609,5.9745,6.0,5,19.78809696254929,,7000.0,0.0,0.0,0.0,41.169445625511,optimal
2021-02-08 03:00:00,24,103,2.0,0.0,0.0,0.148,7.938,6.0,5,19.86042101334932,,7000.0,0.0,0.0,0.0,41.12827617988548,optimal
2021-02-08 03:30:00,24,103,2.0,0.0,0.0,0.2755333333333333,8.6835,6.0,5,19.932372236751288,,7000.0,0.0,0.0,0.0,41.08714790370559,optimal
2021-02-08 04:00:00,24,103,2.0,0.0,0.0,0.1048666666666666,7.665,6.0,5,20.00645483481149,,7000.0,0.0,0.0,0.0,41.04606075580188,optimal
2021-02-08 04:30:00,24,103,2.0,0.0,0.0,0.21,6.7725,6.0,5,20.07638190655039,,7000.0,0.0,0.0,0.0,41.00501469504607,optimal
2021-02-08 05:00:00,24,103,2.0,0.0,5.0,0.2078666666666666,5.5755,6.0,5,20.147751172606583,,7000.0,0.0,0.0,0.0,43.33900968035103,optimal
2021-02-08 05:30:00,24,103,2.0,0.0,5.0,0.1172333333333333,5.0925,6.0,5,20.218298083124235,,7000.0,0.0,0.0,0.0,45.670670670670674,optimal
2021-02-08 06:00:00,24,103,2.0,0.0,5.0,0.4238666666666666,4.1895,6.0,5,20.286390241918465,,7000.0,0.0,0.0,0.0,48.0,optimal
2021-02-08 06:30:00,24,103,2.0,0.0,0.0,0.1888666666666666,7.056,6.0,5,20.361740216698298,,7000.0,0.0,0.0,0.0,47.8309718645636,optimal
2021-02-08 07:00:00,24,103,2.0,0.0,0.0,0.4008333333333333,5.271,6.0,5,20.434179309694542,,7000.0,0.0,0.0,0.0,47.66211275726263,optimal
2021-02-08 07:30:00,24,103,2.0,0.0,0.0,0.4634,7.938,6.0,5,20.514191199498946,,7000.0,0.0,0.0,0.0,47.49342250906896,optimal
2021-02-08 08:00:00,24,103,2.0,0.0,0.0,1.2718333333333331,7.938,6.0,5,20.600744315652147,,7000.0,0.0,0.0,0.0,47.324900951123496,optimal
2021-02-08 08:30:00,24,103,2.0,0.0,0.0,0.1456,11.907,6.0,5,20.67606019102559,,7000.0,0.0,0.0,0.0,47.15654791473597,optimal
2021-02-08 09:00:00,24,103,2.0,0.0,0.0,0.4244,11.025,6.0,5,20.73537298709667,,7000.0,0.0,0.0,0.0,46.98836323138482,optimal
2021-02-08 09:30:00,24,103,2.0,0.0,0.0,0.4831666666666667,11.2875,6.0,5,20.804008287205992,,7000.0,0.0,0.0,0.0,46.82034673271704,optimal
2021-02-08 10:00:00,24,103,0.0,0.0,0.0,3.3144333333333336,12.936,6.0,5,20.87986812929316,,0.0,0.0,0.0,0.0,46.65249825054792,optimal
2021-02-08 10:30:00,24,103,0.0,0.0,0.0,3.509733333333333,13.0095,6.0,5,20.81243760144444,,0.0,0.0,0.0,0.0,46.48481761686098,optimal
2021-02-08 11:00:00,24,103,0.0,0.0,0.0,1.6129666666666669,13.671,6.0,5,20.751605359510386,,0.0,0.0,0.0,0.0,46.31730466380772,optimal
2021-02-08 11:30:00,24,103,0.0,0.0,0.0,1.5664,13.188,6.0,5,20.675375721411204,,0.0,0.0,0.0,0.0,46.14995922370751,optimal
2021-02-08 12:00:00,24,103,0.0,0.0,0.0,1.9475,13.8495,6.0,5,20.59861000307269,,0.0,0.0,0.0,0.0,45.98278112904741,optimal
2021-02-08 12:30:00,24,103,0.0,0.0,0.0,2.4044,13.23,6.0,5,20.522397118846907,,0.0,0.0,0.0,0.0,45.815770212481965,optimal
2021-02-08 13:00:00,24,103,0.0,0.0,0.0,0.3259333333333333,13.3665,6.0,5,20.452097744815287,,0.0,0.0,0.0,0.0,45.64892630683308,optimal
2021-02-08 13:30:00,24,103,0.0,0.0,0.0,0.2308666666666666,13.0515,6.0,5,20.377639938776543,,0.0,0.0,0.0,0.0,45.48224924508985,optimal
2021-02-08 14:00:00,24,103,0.0,0.0,0.0,0.3581666666666667,13.5345,6.0,5,20.301933106268915,,0.0,0.0,0.0,0.0,45.31573886040836,optimal
2021-02-08 14:30:00,24,103,0.0,0.0,0.0,1.0738666666666663,14.154,6.0,5,20.228650596492106,,0.0,0.0,0.0,0.0,45.149394986111545,optimal
2021-02-08 15:00:00,24,103,0.0,0.0,0.0,1.0734,14.112,6.0,5,20.16079641603584,,0.0,0.0,0.0,0.0,44.98321745568903,optimal
2021-02-08 15:30:00,24,103,0.0,0.0,0.0,0.3766,14.2485,6.0,5,20.07964264962582,,0.0,0.0,0.0,0.0,44.81720610279695,optimal
2021-02-08 16:00:00,24,103,2.0,0.0,0.0,0.3778,12.789,6.0,5,20.0,,7000.0,0.0,0.0,0.0,44.65136076125775,optimal
2021-02-08 16:30:00,24,103,0.1195934217939133,0.0,0.0,0.4816,13.0095,6.0,5,20.07232796043767,,418.5769762786968,0.0,0.0,0.0,44.485681265060094,optimal
2021-02-08 17:00:00,24,103,2.0,0.0,0.0,2.4641,12.1275,6.0,5,20.00687570945012,,7000.0,0.0,0.0,0.0,44.32016744835863,optimal
2021-02-08 17:30:00,24,103,2.0,0.0,0.0,0.3500666666666666,12.348,6.0,5,20.082670886924017,,7000.0,0.0,0.0,0.0,44.154819145473866,optimal
2021-02-08 18:00:00,24,103,2.0,0.0,0.0,0.4809333333333332,12.348,6.0,5,20.15347757975725,,7000.0,0.0,0.0,0.0,43.98963619089199,optimal
2021-02-08 18:30:00,24,103,0.0,0.0,0.0,0.8416666666666667,25.389,6.0,5,20.23117414858884,,0.0,0.0,0.0,0.0,43.824618419264695,optimal
2021-02-08 19:00:00,24,103,0.0,0.0,0.0,1.5442333333333331,29.1375,6.0,5,20.175411082127827,,0.0,0.0,0.0,0.0,43.65976566540903,optimal
2021-02-08 19:30:00,24,103,0.0,0.0,0.0,2.300266666666667,30.597,6.0,5,20.12647214139304,,0.0,0.0,0.0,0.0,43.49507776430721,optimal
2021-02-08 20:00:00,24,103,0.0,0.0,0.0,1.7871,33.684,6.0,5,20.05948457691515,,0.0,0.0,0.0,0.0,43.3305545511065,optimal
2021-02-08 20:30:00,24,103,0.0,0.0,0.0,1.1378666666666666,32.445,6.0,5,20.0,,0.0,0.0,0.0,0.0,43.16619586111899,optimal
2021-02-08 21:00:00,24,103,0.0,0.0,0.0,0.9336666666666666,28.917,6.0,5,19.93446613182976,,0.0,0.0,0.0,0.0,43.123029665257874,optimal
2021-02-08 21:30:00,24,103,0.0,0.0,0.0,1.8320333333333327,15.876,6.0,5,19.877744357831222,,0.0,0.0,0.0,0.0,43.07990663559261,optimal
2021-02-08 22:00:00,24,103,0.0,0.0,0.0,1.5769000000000002,12.348,6.0,5,19.827170671554256,,0.0,0.0,0.0,0.0,43.036826728957024,optimal
2021-02-08 22:30:00,24,103,0.0,0.0,0.0,1.8594,12.1275,6.0,5,19.769443986766856,,0.0,0.0,0.0,0.0,42.99378990222807,optimal
2021-02-08 23:00:00,24,103,0.0,0.0,0.0,2.144,12.348,6.0,5,19.70948305136756,,0.0,0.0,0.0,0.0,42.95079611232584,optimal
2021-02-08 23:30:00,24,103,0.0,0.0,0.0,0.1370666666666666,12.1275,6.0,5,19.653877236235488,,0.0,0.0,0.0,0.0,42.90784531621351,optimal
2021-02-09 00:00:00,24,103,2.0,0.0,5.0,0.055,11.361,6.0,-10,19.653877236235488,,7000.0,0.0,0.0,0.0,45.239937470897296,optimal
2021-02-09 00:30:00,24,103,2.0,0.0,5.0,0.055,11.571,6.0,-10,19.720952125196103,,0.0,0.0,7000.0,0.0,47.5696975334264,optimal
2021-02-09 01:00:00,24,103,2.0,0.0,0.0,0.055,14.3745,6.0,-10,19.6405966961357,,1251.0,0.0,5749.0,0.0,47.522127835892974,optimal
2021-02-09 01:30:00,24,103,2.0,0.0,2.22437066975893,0.2009333333333333,13.23,6.0,-10,19.58716670847788,,7000.0,0.0,0.0,0.0,48.53118177619257,optimal
2021-02-09 02:00:00,24,103,2.0,0.0,0.0,0.055,13.9755,6.0,-10,19.657616198122057,,7000.0,0.0,0.0,0.0,48.48265059441637,optimal
2021-02-09 02:30:00,24,103,2.0,0.0,0.0,0.2009333333333333,14.994,6.0,-10,19.72422045631852,,7000.0,0.0,0.0,0.0,48.434167943821954,optimal
2021-02-09 03:00:00,24,103,2.0,0.0,0.0,0.055,13.671,6.0,-10,19.793821342442047,,7000.0,0.0,0.0,0.0,48.38573377587813,optimal
2021-02-09 03:30:00,24,103,0.0,0.0,0.0,0.1545,15.981,6.0,-10,19.86026134938297,,0.0,0.0,0.0,0.0,48.33734804210225,optimal
2021-02-09 04:00:00,24,103,1.292220473598665,0.0,0.0,0.1014333333333333,15.6345,6.0,-10,19.781595268278288,,4522.771657595329,0.0,0.0,0.0,48.28901069406015,optimal
2021-02-09 04:30:00,24,103,0.0,0.0,0.0,0.055,16.5375,6.0,-10,19.79782885135768,,0.0,0.0,0.0,0.0,48.24072168336608,optimal
2021-02-09 05:00:00,24,103,2.0,0.0,0.0,0.2026,14.7735,6.0,-10,19.71735149111596,,7000.0,0.0,0.0,0.0,48.19248096168271,optimal
2021-02-09 05:30:00,24,103,2.0,0.0,0.0,0.0626666666666666,15.2145,6.0,-10,19.787210373695824,,7000.0,0.0,0.0,0.0,48.144288480721016,optimal
2021-02-09 06:00:00,24,103,2.0,0.0,0.0,0.0682666666666666,14.553,6.0,-10,19.85368037250496,,7000.0,0.0,0.0,0.0,48.096144192240295,optimal
2021-02-09 06:30:00,24,103,2.0,0.0,0.0,0.187,14.3325,6.0,-10,19.92012808675733,,7000.0,0.0,0.0,0.0,48.048048048048045,optimal
2021-02-09 07:00:00,24,103,2.0,0.0,0.0,0.8413999999999999,14.595,6.0,-10,19.989353832053872,,7000.0,0.0,0.0,0.0,48.0,optimal
2021-02-09 07:30:00,24,103,2.0,0.0,0.0,2.309833333333333,14.994,6.0,-10,20.0657453825974,,7000.0,0.0,0.0,0.0,47.93160429102284,optimal
2021-02-09 08:00:00,24,103,2.0,0.0,0.0,0.1826333333333333,14.3325,6.0,-10,20.145551202774914,,7000.0,0.0,0.0,0.0,47.86327697775465,optimal
2021-02-09 08:30:00,24,103,2.0,0.0,0.0,0.1914,13.8915,6.0,-10,20.212045428085823,,7000.0,0.0,0.0,0.0,47.79501799179973,optimal
2021-02-09 09:00:00,24,103,2.0,0.0,0.0,2.1252,13.8915,6.0,-10,20.27859642136904,,7000.0,0.0,0.0,0.0,47.72682726483077,optimal
2021-02-09 09:30:00,24,103,2.0,0.0,0.0,0.063,13.4715,6.0,-10,20.35050933063012,,7000.0,0.0,0.0,0.0,47.65870472858877,optimal
2021-02-09 10:00:00,24,103,2.0,0.0,0.0,2.4639,13.23,6.0,-10,20.419110791140422,,7000.0,0.0,0.0,0.0,47.59065031488302,optimal
2021-02-09 10:30:00,24,103,2.0,0.0,0.0,0.9718,13.8915,6.0,-10,20.50301568743602,,7000.0,0.0,0.0,0.0,47.52266395559098,optimal
2021-02-09 11:00:00,24,103,0.0,0.0,0.0,0.065,26.9325,6.0,-10,20.570807816114705,,0.0,0.0,0.0,0.0,47.45474558265823,optimal
2021-02-09 11:30:00,24,103,0.0,0.0,0.0,0.065,30.303,6.0,-10,20.48428744601556,,0.0,0.0,0.0,0.0,47.38689512809841,optimal
2021-02-09 12:00:00,24,103,0.0,0.0,0.0,0.065,32.886,6.0,-10,20.398386425531395,,0.0,0.0,0.0,0.0,47.31911252399315,optimal
2021-02-09 12:30:00,24,103,0.0,0.0,0.0,0.1379666666666666,34.9965,6.0,-10,20.313101946091468,,0.0,0.0,0.0,0.0,47.25139770249199,optimal
2021-02-09 13:00:00,24,103,0.0,0.0,0.0,2.4635,33.327,6.0,-10,20.229513519232377,,0.0,0.0,0.0,0.0,47.18375059581234,optimal
2021-02-09 13:30:00,24,103,0.0,0.0,0.0,0.065,31.122,6.0,-10,20.169696521445044,,0.0,0.0,0.0,0.0,47.116171136239366,optimal
2021-02-09 14:00:00,24,103,0.0,0.0,0.0,0.065,17.9025,6.0,-10,20.084769033434547,,0.0,0.0,0.0,0.0,47.048659256125966,optimal
2021-02-09 14:30:00,24,103,1.106722246593219,0.0,0.0,0.2109333333333333,15.6555,6.0,-10,20.0,,3873.527863076266,0.0,0.0,0.0,46.98121488789268,optimal
2021-02-09 15:00:00,24,103,1.0072381971488205,0.0,0.0,1.3211,14.553,6.0,-10,20.0,,3177.000356687538,0.0,348.3333333333333,0.0,46.91383796402762,optimal
2021-02-09 15:30:00,24,103,0.8238772447678788,0.0,0.0,1.3410666666666666,14.3325,6.0,-10,20.0,,2883.570356687576,0.0,0.0,0.0,46.84652841708643,optimal
2021-02-09 16:00:00,24,103,0.9595058425055294,0.0,0.0,0.4103,13.335,6.0,-10,20.0,,3009.937115436019,0.0,348.3333333333333,0.0,46.779286179692185,optimal
2021-02-09 16:30:00,24,103,1.862923249174508,0.0,0.0,2.3776666666666664,12.1275,6.0,-10,20.0,,6102.231372110778,0.0,418.0,0.0,46.71211118453533,optimal
2021-02-09 17:00:00,24,103,0.0,0.0,0.0,1.293233333333333,12.2955,6.0,-10,20.06794179251444,,0.0,0.0,0.0,0.0,46.64500336437364,optimal
2021-02-09 17:30:00,24,103,1.115239552712979,0.0,0.0,1.0524,11.6865,6.0,-10,20.0,,3555.005101162093,0.0,348.3333333333333,0.0,46.5779626520321,optimal
2021-02-09 18:00:00,24,103,0.9610695187496632,0.0,0.0,0.4172,11.466,6.0,-10,20.0,,3363.743315623821,0.0,0.0,0.0,46.51098898040291,optimal
2021-02-09 18:30:00,24,103,2.0,0.0,0.0,0.1133333333333333,10.8045,6.0,-10,20.0,,5885.333333333334,0.0,1114.6666666666663,0.0,46.44408228244534,optimal
2021-02-09 19:00:00,24,103,2.0,0.0,0.0,0.065,10.584,6.0,-10,20.04139350320112,,7000.0,0.0,0.0,0.0,46.37724249118573,optimal
2021-02-09 19:30:00,24,103,0.9622626016948654,0.0,0.0,0.065,11.2455,6.0,-10,20.10235942643485,,3367.919105932029,0.0,0.0,0.0,46.31046953971739,optimal
2021-02-09 20:00:00,24,103,0.0,0.0,0.0,0.065,12.1275,6.0,-10,20.086591982596296,,0.0,0.0,0.0,0.0,46.24376336120051,optimal
2021-02-09 20:30:00,24,103,0.0,0.0,0.0,0.2441333333333333,11.823,6.0,-10,20.0,,0.0,0.0,0.0,0.0,46.17712388886214,optimal
2021-02-09 21:00:00,24,103,0.0,0.0,0.0,1.7968666666666666,11.7705,6.0,-10,19.9241158764368,,0.0,0.0,0.0,0.0,46.11055105599612,optimal
2021-02-09 21:30:00,24,103,0.0398095238095238,0.0,0.0,0.7156333333333333,11.13,6.0,-10,19.860528053794084,,0.0,0.0,139.33333333333331,0.0,46.04404479596296,optimal
2021-02-09 22:00:00,24,103,0.0,0.0,0.0,0.3232666666666666,11.6865,6.0,-10,19.78973048968741,,0.0,0.0,0.0,0.0,45.97760504218984,optimal
2021-02-09 22:30:00,24,103,0.0597142857142857,0.0,0.0,3.928133333333333,10.7205,6.0,-10,19.719374736693386,,0.0,0.0,209.0,0.0,45.911231728170485,optimal
2021-02-09 23:00:00,24,103,0.0,0.0,0.0,0.8591333333333333,11.424,6.0,-10,19.67792761737608,,0.0,0.0,0.0,0.0,45.84492478746515,optimal
2021-02-09 23:30:00,24,103,0.0,0.0,0.0,1.4414,10.689,6.0,-10,19.62125210490872,,0.0,0.0,0.0,0.0,45.79907986267769,optimal
2021-02-10 00:00:00,24,103,2.0,0.0,0.0,0.057,11.508,6.0,-5,19.62125210490872,,7000.0,0.0,0.0,0.0,45.75328078281501,optimal
2021-02-10 00:30:00,24,103,2.0,0.0,0.0,0.2161333333333333,11.508,6.0,-5,19.687576087344475,,0.0,0.0,7000.0,0.0,45.7075275020322,optimal
2021-02-10 01:00:00,24,103,2.0,0.0,5.0,0.057,10.4475,6.0,-5,19.60914247752656,,2435.333333333333,0.0,4564.666666666667,0.0,48.03681997453017,optimal
2021-02-10 01:30:00,24,103,2.0,0.0,0.0,0.1615333333333333,10.8675,6.0,-5,19.578525966093032,,7000.0,0.0,0.0,0.0,47.98878315455564,optimal
2021-02-10 02:00:00,24,103,2.0,0.0,1.2429208521926158,0.1871999999999999,10.542,6.0,-5,19.64588324792402,,7000.0,0.0,0.0,0.0,48.53118177619257,optimal
2021-02-10 02:30:00,24,103,2.0,0.0,0.0,0.0859333333333333,11.025,6.0,-5,19.71302157665339,,7000.0,0.0,0.0,0.0,48.48265059441637,optimal
2021-02-10 03:00:00,24,103,2.0,0.0,0.0,0.1438,11.025,6.0,-5,19.77772361545071,,7000.0,0.0,0.0,0.0,48.434167943821954,optimal
2021-02-10 03:30:00,24,103,2.0,0.0,0.0,0.2338666666666666,14.553,6.0,-5,19.843350238553352,,7000.0,0.0,0.0,0.0,48.38573377587813,optimal
2021-02-10 04:00:00,24,103,2.0,0.0,0.0,0.1004,13.0935,6.0,-5,19.91057507454706,,7000.0,0.0,0.0,0.0,48.33734804210225,optimal
2021-02-10 04:30:00,24,103,2.0,0.0,0.0,0.1727333333333333,15.6345,6.0,-5,19.97468540502124,,7000.0,0.0,0.0,0.0,48.28901069406015,optimal
2021-02-10 05:00:00,24,103,0.0,0.0,0.0,0.1641999999999999,18.102,6.0,-5,20.03957386514661,,0.0,0.0,0.0,0.0,48.24072168336608,optimal
2021-02-10 05:30:00,24,103,2.0,0.0,0.0,0.1366666666666666,17.199,6.0,-5,19.95612565939749,,7000.0,0.0,0.0,0.0,48.19248096168271,optimal
2021-02-10 06:00:00,24,103,0.0,0.0,0.0,0.2483333333333333,18.2805,6.0,-5,20.019277394942545,,0.0,0.0,0.0,0.0,48.144288480721016,optimal
2021-02-10 06:30:00,24,103,1.872346998533733,0.0,0.0,0.0629,17.4615,6.0,-5,19.936841106678425,,6553.214494868066,0.0,0.0,0.0,48.096144192240295,optimal
2021-02-10 07:00:00,24,103,0.0,0.0,0.0,0.2617,18.3225,6.0,-5,19.99106372505162,,0.0,0.0,0.0,0.0,48.048048048048045,optimal
2021-02-10 07:30:00,24,103,2.0,0.0,0.0,0.7592333333333333,17.094,6.0,-5,19.917309043598785,,7000.0,0.0,0.0,0.0,48.0,optimal
2021-02-10 08:00:00,24,103,2.0,0.0,0.0,1.4786666666666668,17.094,6.0,-5,20.0,,7000.0,0.0,0.0,0.0,47.79234364328703,optimal
2021-02-10 08:30:00,24,103,2.0,0.0,0.0,0.1398666666666666,17.094,6.0,-5,20.08759997642814,,7000.0,0.0,0.0,0.0,47.58489494293077,optimal
2021-02-10 09:00:00,24,103,2.0,0.0,0.0,0.2364666666666666,17.3565,6.0,-5,20.151984663148284,,7000.0,0.0,0.0,0.0,47.37765369127487,optimal
2021-02-10 09:30:00,24,103,2.0,0.0,0.0,0.1373333333333333,17.115,6.0,-5,20.215882956741016,,7000.0,0.0,0.0,0.0,47.170619680870615,optimal
2021-02-10 10:00:00,24,103,2.0,0.0,0.0,0.1695333333333333,17.241,6.0,-5,20.28156980495882,,7000.0,0.0,0.0,0.0,46.96379270447677,optimal
2021-02-10 10:30:00,24,103,2.0,0.0,0.0,0.2189,17.094,6.0,-5,20.351201077599995,,7000.0,0.0,0.0,0.0,46.75717255505933,optimal
2021-02-10 11:00:00,24,103,2.0,0.0,0.0,0.1713,16.5165,6.0,-5,20.41237964351319,,7000.0,0.0,0.0,0.0,46.550759025791294,optimal
2021-02-10 11:30:00,24,103,1.7008533375748631,0.0,0.0,0.1468,17.8185,6.0,-5,20.47295916605651,,5952.986681512021,0.0,0.0,0.0,46.34455191005253,optimal
2021-02-10 12:00:00,24,103,2.0,0.0,0.0,0.1524666666666666,17.094,6.0,-5,20.511161734474506,,7000.0,0.0,0.0,0.0,46.13855100142951,optimal
2021-02-10 12:30:00,24,103,2.0,0.0,0.0,0.1634,16.8945,6.0,-5,20.574077447031023,,7000.0,0.0,0.0,0.0,45.93275609371511,optimal
2021-02-10 13:00:00,24,103,0.0,0.0,0.0,0.2336,18.123,6.0,-5,20.635695908021127,,0.0,0.0,0.0,0.0,45.72716698090842,optimal
2021-02-10 13:30:00,24,103,0.0,0.0,0.0,1.4563333333333333,31.647,6.0,-5,20.55012823928369,,0.0,0.0,0.0,0.0,45.52178345721454,optimal
2021-02-10 14:00:00,24,103,0.0,0.0,0.0,0.1660666666666666,34.9965,6.0,-5,20.489259943879976,,0.0,0.0,0.0,0.0,45.31660531704436,optimal
2021-02-10 14:30:00,24,103,0.0,0.0,0.0,0.4931,34.9965,6.0,-5,20.41980212228785,,0.0,0.0,0.0,0.0,45.111632355014336,optimal
2021-02-10 15:00:00,24,103,0.0,0.0,0.0,0.1493666666666666,34.9965,6.0,-5,20.357443253557047,,0.0,0.0,0.0,0.0,44.90686436594635,optimal
2021-02-10 15:30:00,24,103,0.0,0.0,0.0,0.2998,34.9965,6.0,-5,20.285181695310616,,0.0,0.0,0.0,0.0,44.70230114486743,optimal
2021-02-10 16:00:00,24,103,0.0,0.0,0.0,0.2497333333333332,34.9965,6.0,-5,20.213426127635195,,0.0,0.0,0.0,0.0,44.49794248700959,optimal
2021-02-10 16:30:00,24,103,0.0,0.0,0.0,0.1408666666666666,27.741,6.0,-5,20.14075124554793,,0.0,0.0,0.0,0.0,44.2937881878096,optimal
2021-02-10 17:00:00,24,103,0.0,0.0,0.0,0.3024,19.026,6.0,-5,20.06958763192308,,0.0,0.0,0.0,0.0,44.08983804290882,optimal
2021-02-10 17:30:00,24,103,1.0131205948627684,0.0,0.0,0.0933333333333333,18.7215,6.0,-5,20.0,,3545.922082019689,0.0,0.0,0.0,43.886091848152944,optimal
2021-02-10 18:00:00,24,103,0.996108482427789,0.0,0.0,0.2052,17.4195,6.0,-5,20.0,,3486.3796884972617,0.0,0.0,0.0,43.68254939959182,optimal
2021-02-10 18:30:00,24,103,0.9352435526412116,0.0,0.0,0.5640333333333333,16.758,6.0,-5,20.0,,3273.35243424424,0.0,0.0,0.0,43.47921049347926,optimal
2021-02-10 19:00:00,24,103,1.119997670473662,0.0,0.0,0.2065333333333333,14.217,6.0,-5,20.0,,3501.9918466578174,0.0,418.0,0.0,43.276074926272805,optimal
2021-02-10 19:30:00,24,103,1.4026582798332263,0.0,0.0,0.4101,13.3665,6.0,-5,20.0,,3097.97064608296,0.0,1811.333333333333,0.0,43.07314249463356,optimal
2021-02-10 20:00:00,24,103,0.9939474606213804,0.0,0.0,0.3197333333333333,12.789,6.0,-5,20.0,,3339.482778841498,0.0,139.33333333333331,0.0,42.87041299542595,optimal
2021-02-10 20:30:00,24,103,0.7364761904761903,0.0,0.0,0.2011333333333333,11.907,6.0,-5,20.0,,0.0,0.0,2577.666666666666,0.0,42.66788622571755,optimal
2021-02-10 21:00:00,24,103,0.1791428571428571,0.0,0.0,0.3525,11.7075,6.0,-5,19.92882733893228,,0.0,0.0,627.0,0.0,42.46556198277887,optimal
2021-02-10 21:30:00,24,103,0.0796190476190476,0.0,0.0,1.6513,10.8045,6.0,-5,19.86285685876618,,0.0,0.0,278.6666666666667,0.0,42.26344006408311,optimal
2021-02-10 22:00:00,24,103,0.0,0.0,0.0,0.8009333333333333,11.508,6.0,-5,19.80268058624071,,0.0,0.0,0.0,0.0,42.06152026730606,optimal
2021-02-10 22:30:00,24,103,0.0,0.0,0.0,0.2641666666666666,11.508,6.0,-5,19.722301645078986,,0.0,0.0,0.0,0.0,42.01945874703876,optimal
2021-02-10 23:00:00,24,103,0.0,0.0,0.0,0.067,11.508,6.0,-5,19.62659121653469,,0.0,0.0,0.0,0.0,41.97743928829171,optimal
2021-02-10 23:30:00,24,103,0.0,0.0,0.0,0.1715333333333333,11.844,6.0,-5,19.526030386405484,,0.0,0.0,0.0,0.0,41.935461849003424,optimal
2021-02-11 00:00:00,24,103,2.0,0.0,0.0,0.0552666666666666,11.2455,6.0,1,19.526030386405484,,7000.0,0.0,0.0,0.0,41.89352638715442,optimal
2021-02-11 00:30:00,24,103,2.0,0.0,0.0,0.2438666666666666,11.025,6.0,1,19.574928337806256,,0.0,0.0,7000.0,0.0,41.85163286076727,optimal
2021-02-11 01:00:00,24,103,2.0,0.0,0.0,0.2561333333333333,12.0855,6.0,1,19.481938399707463,,543.352756158241,0.0,6456.647243841759,0.0,41.8097812279065,optimal
2021-02-11 01:30:00,24,103,2.0,0.0,0.0,0.3686999999999999,11.6865,6.0,1,19.400509591604006,,7000.0,0.0,0.0,0.0,41.767971446678594,optimal
2021-02-11 02:00:00,24,103,2.0,0.0,0.0,0.335,11.2245,6.0,1,19.45818390734388,,7000.0,0.0,0.0,0.0,41.72620347523191,optimal
2021-02-11 02:30:00,24,103,2.0,0.0,0.0,0.1407333333333333,11.025,6.0,1,19.51365221700616,,7000.0,0.0,0.0,0.0,41.68447727175668,optimal
2021-02-11 03:00:00,24,103,2.0,0.0,4.369635511234339,0.1471333333333333,10.7835,6.0,1,19.56289439597379,,7000.0,0.0,0.0,0.0,43.71836966232123,optimal
2021-02-11 03:30:00,24,103,2.0,0.0,0.0,0.0858,11.025,6.0,1,19.61101183850888,,7000.0,0.0,0.0,0.0,43.67465129265891,optimal
2021-02-11 04:00:00,24,103,2.0,0.0,5.0,0.049,10.584,6.0,1,19.658754066491195,,7000.0,0.0,0.0,0.0,46.005976641366246,optimal
2021-02-11 04:30:00,24,103,2.0,0.0,0.0,0.1195333333333333,11.025,6.0,1,19.70663921882176,,7000.0,0.0,0.0,0.0,45.95997066472487,optimal
2021-02-11 05:00:00,24,103,2.0,0.0,5.0,0.1939333333333333,10.4265,6.0,1,19.755658567586696,,7000.0,0.0,0.0,0.0,48.28901069406015,optimal
2021-02-11 05:30:00,24,103,2.0,0.0,0.0,0.1089333333333333,12.789,6.0,1,19.80594449662757,,7000.0,0.0,0.0,0.0,48.24072168336608,optimal
2021-02-11 06:00:00,24,103,2.0,0.0,0.0,0.1292666666666666,12.684,6.0,1,19.85534718039544,,7000.0,0.0,0.0,0.0,48.19248096168271,optimal
2021-02-11 06:30:00,24,103,2.0,0.0,0.0,0.3578,16.254,6.0,1,19.906726464553405,,7000.0,0.0,0.0,0.0,48.144288480721016,optimal
2021-02-11 07:00:00,24,103,2.0,0.0,0.0,0.2822666666666666,17.64,6.0,1,19.965845403713818,,7000.0,0.0,0.0,0.0,48.096144192240295,optimal
2021-02-11 07:30:00,24,103,2.0,0.0,0.0,1.7251,19.1625,6.0,1,20.02543961413098,,7000.0,0.0,0.0,0.0,48.048048048048045,optimal
2021-02-11 08:00:00,24,103,0.0,0.0,0.0,1.1518666666666666,26.46,6.0,1,20.09568629153884,,0.0,0.0,0.0,0.0,48.0,optimal
2021-02-11 08:30:00,24,103,2.0,0.0,0.0,0.8281000000000001,20.79,6.0,1,20.023840397944348,,7000.0,0.0,0.0,0.0,47.84431682733644,optimal
2021-02-11 09:00:00,24,103,0.0,0.0,0.0,0.3893666666666667,29.106,6.0,1,20.088972383500032,,0.0,0.0,0.0,0.0,47.68878933784555,optimal
2021-02-11 09:30:00,24,103,2.0,0.0,0.0,0.3953666666666667,19.1835,6.0,1,20.0,,6426.032973126336,0.0,573.9670268736635,0.0,47.53341737584414,optimal
2021-02-11 10:00:00,24,103,0.2985597035856637,0.0,0.0,0.3131333333333333,19.6665,6.0,1,20.053945457930467,,1044.9589625498231,0.0,0.0,0.0,47.37820078580474,optimal
2021-02-11 10:30:00,24,103,2.0,0.0,0.0,0.1767,19.404,6.0,1,20.0,,3935.755293624404,0.0,3064.244706375596,0.0,47.223139412355366,optimal
2021-02-11 11:00:00,24,103,2.0,0.0,0.0,0.1843333333333333,19.047,6.0,1,20.0,,4136.097658500828,0.0,2863.9023414991725,0.0,47.06823310027946,optimal
2021-02-11 11:30:00,24,103,2.0,0.0,0.0,0.4061333333333333,18.858,6.0,1,20.0,,3723.994593558554,0.0,3276.0054064414458,0.0,46.913481694515625,optimal
2021-02-11 12:00:00,24,103,2.0,0.0,0.0,0.3221666666666667,19.2675,6.0,1,20.0,,3508.324794890231,0.0,3491.675205109769,0.0,46.75888504015755,optimal
2021-02-11 12:30:00,24,103,2.0,0.0,0.0,0.4488666666666667,18.963,6.0,1,20.0,,6655.386151532415,0.0,344.6138484675839,0.0,46.60444298245383,optimal
2021-02-11 13:00:00,24,103,2.0,0.0,0.0,0.6923666666666667,18.438,6.0,1,20.07108399035957,,7000.0,0.0,0.0,0.0,46.45015536680782,optimal
2021-02-11 13:30:00,24,103,2.0,0.0,0.0,0.3963333333333333,18.7425,6.0,1,20.157469080280453,,7000.0,0.0,0.0,0.0,46.29602203877745,optimal
2021-02-11 14:00:00,24,103,2.0,0.0,0.0,0.4419333333333333,15.2145,6.0,1,20.237389608628547,,7000.0,0.0,0.0,0.0,46.14204284407512,optimal
2021-02-11 14:30:00,24,103,2.0,0.0,0.0,1.3738333333333332,17.7765,6.0,1,20.31972295098421,,7000.0,0.0,0.0,0.0,45.98821762856748,optimal
2021-02-11 15:00:00,24,103,2.0,0.0,0.0,1.3415,16.758,6.0,1,20.40799122274285,,7000.0,0.0,0.0,0.0,45.83454623827535,optimal
2021-02-11 15:30:00,24,103,2.0,0.0,0.0,1.3296,16.422,6.0,1,20.48542414352298,,7000.0,0.0,0.0,0.0,45.68102851937351,optimal
2021-02-11 16:00:00,24,103,2.0,0.0,0.0,0.4049,16.758,6.0,1,20.55901339073024,,7000.0,0.0,0.0,0.0,45.527664318190574,optimal
2021-02-11 16:30:00,24,103,0.0,0.0,0.0,0.8302,29.358,6.0,1,20.62784611234921,,0.0,0.0,0.0,0.0,45.37445348120882,optimal
2021-02-11 17:00:00,24,103,0.0,0.0,0.0,0.4258,34.9965,6.0,1,20.55559889889905,,0.0,0.0,0.0,0.0,45.221395855064046,optimal
2021-02-11 17:30:00,24,103,0.0,0.0,0.0,0.3503333333333333,34.65,6.0,1,20.471385930281432,,0.0,0.0,0.0,0.0,45.068491286545424,optimal
2021-02-11 18:00:00,24,103,0.0,0.0,0.0,1.2231333333333334,34.9965,6.0,1,20.38526314241294,,0.0,0.0,0.0,0.0,44.915739622595325,optimal
2021-02-11 18:30:00,24,103,0.0,0.0,0.0,1.3296,34.9965,6.0,1,20.298616386562934,,0.0,0.0,0.0,0.0,44.76314071030917,optimal
2021-02-11 19:00:00,24,103,0.0,0.0,0.0,0.3999333333333333,30.4815,6.0,1,20.2077234640088,,0.0,0.0,0.0,0.0,44.6106943969353,optimal
2021-02-11 19:30:00,24,103,0.0,0.0,0.0,0.3367,21.4305,6.0,1,20.10810172787985,,0.0,0.0,0.0,0.0,44.45840052987481,optimal
2021-02-11 20:00:00,24,103,2.0,0.0,0.0,0.3661333333333333,14.3325,6.0,1,20.0,,5089.722445275656,0.0,1910.277554724344,0.0,44.306258956681376,optimal
2021-02-11 20:30:00,24,103,0.0,0.0,0.0,0.4876333333333333,13.692,6.0,1,20.0,,0.0,0.0,0.0,0.0,44.15426952506114,optimal
2021-02-11 21:00:00,24,103,0.0,0.0,0.0,0.4902666666666666,14.007,6.0,1,19.8992175745608,,0.0,0.0,0.0,0.0,44.00243208287252,optimal
2021-02-11 21:30:00,24,103,0.0,0.0,0.0,0.4738,12.873,6.0,1,19.80100831583446,,0.0,0.0,0.0,0.0,43.85074647812608,optimal
2021-02-11 22:00:00,24,103,1.9705714285714289,0.0,0.0,0.5291666666666667,12.684,6.0,1,19.705496229869567,,0.0,0.0,6897.0,0.0,43.6992125589844,optimal
2021-02-11 22:30:00,24,103,0.0597142857142857,0.0,0.0,0.4163666666666666,12.306,6.0,1,19.61440573909313,,0.0,0.0,209.0,0.0,43.54783017376185,optimal
2021-02-11 23:00:00,24,103,0.0995238095238095,0.0,0.0,0.5963666666666667,10.6365,6.0,1,19.516164893502893,,0.0,0.0,348.3333333333333,0.0,43.50428234358809,optimal
2021-02-11 23:30:00,24,103,0.0,0.0,0.0,0.1805666666666666,11.2455,6.0,1,19.4230195786016,,0.0,0.0,0.0,0.0,43.4607780612445,optimal
2021-02-12 00:00:00,24,103,2.0,0.0,5.0,0.161,11.067,6.0,-10,19.4230195786016,,6651.666666666667,0.0,348.3333333333333,0.0,45.79231728318325,optimal
2021-02-12 00:30:00,24,103,2.0,0.0,5.0,0.1256666666666666,10.8465,6.0,-10,19.454375209744512,,939.0,0.0,6061.0,0.0,48.12152496590007,optimal
2021-02-12 01:00:00,24,103,2.0,0.0,0.0,0.0812,13.671,6.0,-10,19.365004837599948,,7000.0,0.0,0.0,0.0,48.07340344093417,optimal
2021-02-12 01:30:00,24,103,2.0,0.0,0.9627801198381816,0.1161333333333333,12.348,6.0,-10,19.399876652907366,,7000.0,0.0,0.0,0.0,48.48265059441637,optimal
2021-02-12 02:00:00,24,103,2.0,0.0,0.0,0.055,14.3325,6.0,-10,19.43577929504293,,7000.0,0.0,0.0,0.0,48.434167943821954,optimal
2021-02-12 02:30:00,24,103,2.0,0.0,0.0,0.1423333333333333,15.393,6.0,-10,19.47068584496208,,7000.0,0.0,0.0,0.0,48.38573377587813,optimal
2021-02-12 03:00:00,24,103,2.0,0.0,0.0,0.055,13.587,6.0,-10,19.50863344205881,,7000.0,0.0,0.0,0.0,48.33734804210225,optimal
2021-02-12 03:30:00,24,103,2.0,0.0,0.0,0.0626666666666666,16.1385,6.0,-10,19.545931485502667,,7000.0,0.0,0.0,0.0,48.28901069406015,optimal
2021-02-12 04:00:00,24,103,2.0,0.0,0.0,0.055,14.595,6.0,-10,19.58623599751484,,7000.0,0.0,0.0,0.0,48.24072168336608,optimal
2021-02-12 04:30:00,24,103,2.0,0.0,0.0,0.055,14.637,6.0,-10,19.62953333870108,,7000.0,0.0,0.0,0.0,48.19248096168271,optimal
2021-02-12 05:00:00,24,103,2.0,0.0,0.0,0.1423333333333333,13.9125,6.0,-10,19.675809931544755,,7000.0,0.0,0.0,0.0,48.144288480721016,optimal
2021-02-12 05:30:00,24,103,2.0,0.0,0.0,0.055,13.3665,6.0,-10,19.72689066240813,,7000.0,0.0,0.0,0.0,48.096144192240295,optimal
2021-02-12 06:00:00,24,103,2.0,0.0,0.0,0.1205,13.0095,6.0,-10,19.77953060015692,,7000.0,0.0,0.0,0.0,48.048048048048045,optimal
2021-02-12 06:30:00,24,103,2.0,0.0,0.0,1.0076,13.8915,6.0,-10,19.83693987515758,,7000.0,0.0,0.0,0.0,48.0,optimal
2021-02-12 07:00:00,24,103,2.0,0.0,0.0,0.1809666666666666,13.188,6.0,-10,19.899432591006025,,7000.0,0.0,0.0,0.0,47.6771274478331,optimal
2021-02-12 07:30:00,24,103,2.0,0.0,0.0,0.2219333333333333,12.5685,6.0,-10,19.96212683061302,,7000.0,0.0,0.0,0.0,47.35457776821837,optimal
2021-02-12 08:00:00,24,103,2.0,0.0,0.0,1.120266666666667,12.285,6.0,-10,20.022810575815225,,7000.0,0.0,0.0,0.0,47.032350638283255,optimal
2021-02-12 08:30:00,24,103,2.0,0.0,0.0,0.1893333333333333,11.487,6.0,-10,20.08218922497354,,7000.0,0.0,0.0,0.0,46.71044573547808,optimal
2021-02-12 09:00:00,24,103,2.0,0.0,0.0,1.673533333333333,11.802,6.0,-10,20.134357196412825,,7000.0,0.0,0.0,0.0,46.3888627375757,optimal
2021-02-12 09:30:00,24,103,2.0,0.0,0.0,1.4609666666666667,11.2245,6.0,-10,20.20140697905046,,7000.0,0.0,0.0,0.0,46.06760132267123,optimal
2021-02-12 10:00:00,24,103,2.0,0.0,0.0,0.1886333333333333,11.025,6.0,-10,20.26330691668963,,7000.0,0.0,0.0,0.0,45.746661169181664,optimal
2021-02-12 10:30:00,24,103,2.0,0.0,0.0,0.1598,11.907,6.0,-10,20.3297364774269,,7000.0,0.0,0.0,0.0,45.426041955845584,optimal
2021-02-12 11:00:00,24,103,1.1539093998300152,0.0,0.0,0.2394666666666666,25.83,6.0,-10,20.396242159929624,,4038.682899405053,0.0,0.0,0.0,45.10574336172285,optimal
2021-02-12 11:30:00,24,103,0.0,0.0,0.0,2.054766666666667,28.035,6.0,-10,20.40298116137433,,0.0,0.0,0.0,0.0,44.78576506619422,optimal
2021-02-12 12:00:00,24,103,0.0,0.0,0.0,2.564,28.119,6.0,-10,20.32561411102646,,0.0,0.0,0.0,0.0,44.46610674896113,optimal
2021-02-12 12:30:00,24,103,0.0,0.0,0.0,0.7707,30.156,6.0,-10,20.250233438214043,,0.0,0.0,0.0,0.0,44.14676809004527,optimal
2021-02-12 13:00:00,24,103,0.0,0.0,0.0,0.1130333333333333,29.1585,6.0,-10,20.16853346330012,,0.0,0.0,0.0,0.0,43.82774876978833,optimal
2021-02-12 13:30:00,24,103,0.0,0.0,0.0,0.065,26.712,6.0,-10,20.084809211230468,,0.0,0.0,0.0,0.0,43.509048468851645,optimal
2021-02-12 14:00:00,24,103,1.1520391340874812,0.0,0.0,0.065,15.435,6.0,-10,20.0,,4032.136969306184,0.0,0.0,0.0,43.1906668682159,optimal
2021-02-12 14:30:00,24,103,1.1332443302122788,0.0,0.0,0.1523333333333333,13.566,6.0,-10,20.0,,3966.355155742976,0.0,0.0,0.0,42.87260364918079,optimal
2021-02-12 15:00:00,24,103,1.3405551738204424,0.0,0.0,0.065,12.789,6.0,-10,20.0,,4691.943108371548,0.0,0.0,0.0,42.55485849336471,optimal
2021-02-12 15:30:00,24,103,2.0,0.0,0.0,0.2274,12.1275,6.0,-10,20.01298185092065,,7000.0,0.0,0.0,0.0,42.23743108270445,optimal
2021-02-12 16:00:00,24,103,0.0,0.0,0.0,0.2364666666666666,13.671,6.0,-10,20.07793684631657,,0.0,0.0,0.0,0.0,41.920321099454846,optimal
2021-02-12 16:30:00,24,103,2.0,0.0,0.0,0.2277666666666666,10.668,6.0,-10,20.0,,4631.333333333334,0.0,2368.6666666666665,0.0,41.87840077835539,optimal
2021-02-12 17:00:00,24,103,0.5086828735586377,0.0,0.0,0.3173,11.7285,6.0,-10,20.0294961977434,,1780.390057455232,0.0,0.0,0.0,41.83652237757703,optimal
2021-02-12 17:30:00,24,103,0.9261015524996372,0.0,0.0,0.2384,11.025,6.0,-10,20.0,,3171.688767082064,0.0,69.66666666666666,0.0,41.794685855199454,optimal
2021-02-12 18:00:00,24,103,1.1781924743488796,0.0,0.0,0.1533,10.689,6.0,-10,20.0,,3427.006993554412,0.0,696.6666666666666,0.0,41.75289116934425,optimal
2021-02-12 18:30:00,24,103,2.0,0.0,0.0,0.3625666666666666,8.1585,6.0,-10,20.0,,5855.874080750376,0.0,1144.1259192496227,0.0,41.71113827817491,optimal
2021-02-12 19:00:00,24,103,2.0,0.0,0.0,0.2916333333333333,10.3635,6.0,-10,20.05537572190008,,7000.0,0.0,0.0,0.0,41.66942713989673,optimal
2021-02-12 19:30:00,24,103,0.0,0.0,0.0,1.6577666666666668,10.8045,6.0,-10,20.13514274463577,,0.0,0.0,0.0,0.0,41.62775771275684,optimal
2021-02-12 20:00:00,24,103,0.0,0.0,0.0,0.9512,11.025,6.0,-10,20.070072102605,,0.0,0.0,0.0,0.0,41.58612995504408,optimal
2021-02-12 20:30:00,24,103,0.4692973564048697,0.0,0.0,0.8893333333333334,10.3635,6.0,-10,20.0,,0.0,0.0,1642.5407474170438,0.0,41.54454382508904,optimal
2021-02-12 21:00:00,24,103,0.0,0.0,0.0,0.9256333333333332,10.8045,6.0,-10,19.93558149642952,,0.0,0.0,0.0,0.0,41.502999281263946,optimal
2021-02-12 21:30:00,24,103,0.0,0.0,0.0,1.8476666666666668,10.059,6.0,-10,19.88014357159184,,0.0,0.0,0.0,0.0,41.46149628198268,optimal
2021-02-12 22:00:00,24,103,0.0,0.0,0.0,2.7294333333333336,10.584,6.0,-10,19.8143078008034,,0.0,0.0,0.0,0.0,41.4200347857007,optimal
2021-02-12 22:30:00,24,103,0.0,0.0,0.0,1.1049,9.4185,6.0,-10,19.74993961608149,,0.0,0.0,0.0,0.0,41.378614750915,optimal
2021-02-12 23:00:00,24,103,0.0,0.0,0.0,0.065,10.3635,6.0,-10,19.674348034308075,,0.0,0.0,0.0,0.0,41.33723613616408,optimal
2021-02-12 23:30:00,24,103,0.0,0.0,0.0,0.065,9.8385,6.0,-10,19.58985418878972,,0.0,0.0,0.0,0.0,41.29589890002792,optimal
2021-02-13 00:00:00,24,103,0.0597142857142857,0.0,0.0,0.0763333333333333,14.595,6.0,10,19.58985418878972,,0.0,0.0,209.0,0.0,41.25460300112789,optimal
2021-02-13 00:30:00,24,103,1.0934641695593,0.0,0.0,0.1080333333333333,12.4845,6.0,10,19.509666057702248,,0.0,0.0,3827.1245934575504,0.0,41.21334839812676,optimal
2021-02-13 01:00:00,24,103,2.0,0.0,0.0,0.0973,12.1275,6.0,10,19.42726252950894,,0.0,0.0,7000.0,0.0,41.17213504972864,optimal
2021-02-13 01:30:00,24,103,2.0,0.0,0.0,0.049,12.1275,6.0,10,19.345233733080924,,3197.1245934575504,0.0,3802.8754065424496,0.0,41.13096291467891,optimal
2021-02-13 02:00:00,24,103,0.0,0.0,0.0,0.049,12.789,6.0,10,19.33008795123548,,0.0,0.0,0.0,0.0,41.08983195176423,optimal
2021-02-13 02:30:00,24,103,2.0,0.0,0.0,0.049,11.907,6.0,10,19.247936938628264,,7000.0,0.0,0.0,0.0,41.04874211981247,optimal
2021-02-13 03:00:00,24,103,2.0,0.0,0.0,0.1563333333333333,11.025,6.0,10,19.31351147377295,,7000.0,0.0,0.0,0.0,41.007693377692654,optimal
2021-02-13 03:30:00,24,103,2.0,0.0,5.0,0.049,8.2005,6.0,10,19.38104792849009,,7000.0,0.0,0.0,0.0,43.34168568431496,optimal
2021-02-13 04:00:00,24,103,2.0,0.0,0.0,0.1563333333333333,9.5655,6.0,10,19.44579174715645,,7000.0,0.0,0.0,0.0,43.29834399863064,optimal
2021-02-13 04:30:00,24,103,2.0,0.0,5.0,0.049,7.056,6.0,10,19.512274419952387,,7000.0,0.0,0.0,0.0,45.63004565463201,optimal
2021-02-13 05:00:00,24,103,2.0,0.0,0.2778346289495241,0.0758333333333333,9.3975,6.0,10,19.575742403231818,,7000.0,0.0,0.0,0.0,45.7163870577284,optimal
2021-02-13 05:30:00,24,103,2.0,0.0,0.0,0.1790999999999999,10.059,6.0,10,19.639033636732588,,7000.0,0.0,0.0,0.0,45.670670670670674,optimal
2021-02-13 06:00:00,24,103,2.0,0.0,5.0,0.0945333333333333,9.261,6.0,10,19.70666283142698,,7000.0,0.0,0.0,0.0,48.0,optimal
2021-02-13 06:30:00,24,103,2.0,0.0,0.0,0.1919666666666666,8.1585,6.0,10,19.7778209170682,,7000.0,0.0,0.0,0.0,47.74641296067912,optimal
2021-02-13 07:00:00,24,103,2.0,0.0,0.0,0.191,9.4815,6.0,10,19.85212930691876,,7000.0,0.0,0.0,0.0,47.49307950839756,optimal
2021-02-13 07:30:00,24,103,2.0,0.0,0.0,1.1446666666666667,8.379,6.0,10,19.9261831900299,,7000.0,0.0,0.0,0.0,47.23999938956828,optimal
2021-02-13 08:00:00,24,103,2.0,0.0,0.0,0.3489666666666666,9.5235,6.0,10,20.0,,3700.522188252486,0.0,3299.477811747514,0.0,46.98717235085783,optimal
2021-02-13 08:30:00,24,103,2.0,0.0,0.0,1.2104333333333337,8.1375,6.0,10,20.0,,3664.47309503412,0.0,3335.52690496588,0.0,46.73459813918608,optimal
2021-02-13 09:00:00,24,103,2.0,0.0,0.0,0.4780333333333333,10.0905,6.0,10,20.0,,3515.237281101133,0.0,3484.762718898867,0.0,46.48227650172601,optimal
2021-02-13 09:30:00,24,103,2.0,0.0,0.0,0.2726,7.539,6.0,10,20.0,,4923.934811966888,0.0,2076.0651880331125,0.0,46.2302071859034,optimal
2021-02-13 10:00:00,24,103,2.0,0.0,0.0,1.589,7.938,6.0,10,20.023263710773683,,7000.0,0.0,0.0,0.0,45.97838993939662,optimal
2021-02-13 10:30:00,24,103,2.0,0.0,0.0,0.9322333333333332,8.274,6.0,10,20.095254282374945,,7000.0,0.0,0.0,0.0,45.72682451013634,optimal
2021-02-13 11:00:00,24,103,2.0,0.0,0.0,1.1060333333333332,9.261,6.0,10,20.16856500990301,,7000.0,0.0,0.0,0.0,45.47551064630533,optimal
2021-02-13 11:30:00,24,103,2.0,0.0,0.0,0.4900666666666666,9.9225,6.0,10,20.24536371195112,,7000.0,0.0,0.0,0.0,45.224448096338136,optimal
2021-02-13 12:00:00,24,103,2.0,0.0,0.0,1.4394,9.702,6.0,10,20.314558960508887,,7000.0,0.0,0.0,0.0,44.97363660892091,optimal
2021-02-13 12:30:00,24,103,2.0,0.0,0.0,0.5494,10.584,6.0,10,20.38168951159404,,7000.0,0.0,0.0,0.0,44.72307593299111,optimal
2021-02-13 13:00:00,24,103,2.0,0.0,0.0,0.4947,10.143,6.0,10,20.4465702764688,,7000.0,0.0,0.0,0.0,44.47276581773723,optimal
2021-02-13 13:30:00,24,103,0.0,0.0,0.0,0.4963999999999999,13.0095,6.0,10,20.51280645076663,,0.0,0.0,0.0,0.0,44.22270601259861,optimal
2021-02-13 14:00:00,24,103,2.0,0.0,0.0,1.6942000000000002,11.025,6.0,10,20.43660356605999,,7000.0,0.0,0.0,0.0,43.972896267265135,optimal
2021-02-13 14:30:00,24,103,0.0,0.0,0.0,3.532766666666667,12.789,6.0,10,20.51794511169757,,0.0,0.0,0.0,0.0,43.72333633167699,optimal
2021-02-13 15:00:00,24,103,0.0,0.0,0.0,2.1529000000000003,12.1275,6.0,10,20.46148523955825,,0.0,0.0,0.0,0.0,43.474025956024434,optimal
2021-02-13 15:30:00,24,103,0.0,0.0,0.0,1.4659666666666666,12.1695,6.0,10,20.39864181887763,,0.0,0.0,0.0,0.0,43.22496489074753,optimal
2021-02-13 16:00:00,24,103,0.0,0.0,0.0,3.3502,12.306,6.0,10,20.333000774983333,,0.0,0.0,0.0,0.0,42.9761528865359,optimal
2021-02-13 16:30:00,24,103,0.0,0.0,0.0,2.5773,13.23,6.0,10,20.28335751574736,,0.0,0.0,0.0,0.0,42.72758969432848,optimal
2021-02-13 17:00:00,24,103,0.0,0.0,0.0,1.644266666666667,13.671,6.0,10,20.22461680795715,,0.0,0.0,0.0,0.0,42.47927506531327,optimal
2021-02-13 17:30:00,24,103,0.0,0.0,0.0,1.8695666666666664,13.9335,6.0,10,20.16576802977002,,0.0,0.0,0.0,0.0,42.231208750927074,optimal
2021-02-13 18:00:00,24,103,0.0,0.0,0.0,1.1273333333333333,13.293,6.0,10,20.111676460320783,,0.0,0.0,0.0,0.0,41.98339050285527,optimal
2021-02-13 18:30:00,24,103,0.0,0.0,0.0,0.2563999999999999,12.1065,6.0,10,20.05797515155637,,0.0,0.0,0.0,0.0,41.735820073031526,optimal
2021-02-13 19:00:00,24,103,0.8260586228546319,0.0,0.0,0.3914666666666666,11.571,6.0,10,20.0,,2891.205179991212,0.0,0.0,0.0,41.488497213637615,optimal
2021-02-13 19:30:00,24,103,0.810913342788941,0.0,0.0,0.5642666666666667,11.025,6.0,10,20.0,,2838.196699761293,0.0,0.0,0.0,41.2414216771031,optimal
2021-02-13 20:00:00,24,103,1.1946749321578969,0.0,0.0,0.2864333333333333,10.8465,6.0,10,20.0,,2722.5282195313453,0.0,1458.8340430212932,0.0,41.200180255426,optimal
2021-02-13 20:30:00,24,103,0.0,0.0,0.0,0.3670333333333334,11.2455,6.0,10,20.0,,0.0,0.0,0.0,0.0,41.158980075170575,optimal
2021-02-13 21:00:00,24,103,0.0,0.0,0.0,0.6395333333333333,23.8665,6.0,10,19.941635746955217,,0.0,0.0,0.0,0.0,41.1178210950954,optimal
2021-02-13 21:30:00,24,103,0.0,0.0,0.0,0.5005333333333334,27.4575,6.0,10,19.8880024688703,,0.0,0.0,0.0,0.0,41.07670327400031,optimal
2021-02-13 22:00:00,24,103,0.0,0.0,0.0,0.4956333333333333,27.3735,6.0,10,19.82959319763764,,0.0,0.0,0.0,0.0,41.03562657072631,optimal
2021-02-13 22:30:00,24,103,0.0,0.0,0.0,0.8964,30.4605,6.0,10,19.773883549828515,,0.0,0.0,0.0,0.0,40.99459094415558,optimal
2021-02-13 23:00:00,24,103,0.0,0.0,0.0,1.0682,30.0195,6.0,10,19.70987278671896,,0.0,0.0,0.0,0.0,40.953596353211424,optimal
2021-02-13 23:30:00,24,103,0.0,0.0,0.0,0.4931666666666667,26.9325,6.0,10,19.644916952615,,0.0,0.0,0.0,0.0,40.91264275685821,optimal
2021-02-07 00:00:00,25,103,0.1592380952380952,0.0,0.0,0.9845666666666668,12.0855,6.0,8,21.0,,0.0,0.0,557.3333333333334,0.0,47.952,optimal
2021-02-07 00:30:00,25,103,0.0,0.0,0.0,0.1024666666666666,11.907,6.0,8,20.93097340487476,,0.0,0.0,0.0,0.0,47.904048,optimal
2021-02-07 01:00:00,25,103,0.0,0.0,0.0,0.061,12.5685,6.0,8,20.85812871682401,,0.0,0.0,0.0,0.0,47.856143952,optimal
2021-02-07 01:30:00,25,103,0.0,0.0,0.0,0.1849333333333333,13.146,6.0,8,20.782502868910523,,0.0,0.0,0.0,0.0,47.80828780804799,optimal
2021-02-07 02:00:00,25,103,0.0,0.0,0.0,0.061,10.584,6.0,8,20.709602124548365,,0.0,0.0,0.0,0.0,47.76047952023995,optimal
2021-02-07 02:30:00,25,103,2.0,0.0,0.0,0.061,6.678,6.0,8,20.63419642639144,,0.0,0.0,7000.0,0.0,47.712719040719705,optimal
2021-02-07 03:00:00,25,103,2.0,0.0,0.0,0.061,7.938,6.0,8,20.55867915168833,,5640.0,0.0,1360.0,0.0,47.66500632167899,optimal
2021-02-07 03:30:00,25,103,2.0,0.0,0.0,0.1849333333333333,5.292,6.0,8,20.6017751066716,,7000.0,0.0,0.0,0.0,47.61734131535731,optimal
2021-02-07 04:00:00,25,103,0.0,0.0,0.0,0.061,9.261,6.0,8,20.675686116665737,,0.0,0.0,0.0,0.0,47.56972397404195,optimal
2021-02-07 04:30:00,25,103,0.0,0.0,0.0,0.0746,10.3635,6.0,8,20.59907327983821,,0.0,0.0,0.0,0.0,47.52215425006791,optimal
2021-02-07 05:00:00,25,103,0.1672102363646298,0.0,0.0,0.1796666666666666,8.274,6.0,8,20.52304517907784,,585.2358272762044,0.0,0.0,0.0,47.47463209581784,optimal
2021-02-07 05:30:00,25,103,2.0,0.0,0.0,0.061,7.7175,6.0,8,20.461815957875263,,7000.0,0.0,0.0,0.0,47.42715746372202,optimal
2021-02-07 06:00:00,25,103,2.0,0.0,0.0,0.1229666666666666,6.615,6.0,8,20.533526236784663,,7000.0,0.0,0.0,0.0,47.379730306258296,optimal
2021-02-07 06:30:00,25,103,2.0,0.0,0.0,0.1229666666666666,6.174,6.0,8,20.606215612509025,,7000.0,0.0,0.0,0.0,47.332350575952034,optimal
2021-02-07 07:00:00,25,103,2.0,0.0,1.5052247886819266,0.2266,3.906,6.0,8,20.678348385452708,,1702.546666666667,0.0,5297.453333333333,0.0,48.0,optimal
2021-02-07 07:30:00,25,103,2.0,0.0,0.0,0.2081333333333333,2.3415,6.0,8,20.64617130468596,,6097.12,0.0,902.88,0.0,47.74943195762466,optimal
2021-02-07 08:00:00,25,103,2.0,0.0,0.0,0.071,2.205,6.0,8,20.705798154580325,,7000.0,0.0,0.0,0.0,47.49911448329169,optimal
2021-02-07 08:30:00,25,103,2.0,0.0,0.0,0.0991666666666666,0.882,6.0,8,20.76751395350999,,7000.0,0.0,0.0,0.0,47.24904732643306,optimal
2021-02-07 09:00:00,25,103,2.0,0.0,0.0,0.1667666666666666,1.5435,6.0,8,20.829315853116046,,7000.0,0.0,0.0,0.0,46.999230236731286,optimal
2021-02-07 09:30:00,25,103,2.0,0.0,0.0,0.071,1.5435,6.0,8,20.89203355118813,,7000.0,0.0,0.0,0.0,46.74966296411922,optimal
2021-02-07 10:00:00,25,103,2.0,0.0,0.0,0.1949333333333333,5.0715,6.0,8,20.95267762571024,,7000.0,0.0,0.0,0.0,46.50034525877976,optimal
2021-02-07 10:30:00,25,103,2.0,0.0,0.0,0.071,5.376,6.0,8,21.01588225945099,,7000.0,0.0,0.0,0.0,46.25127687114564,optimal
2021-02-07 11:00:00,25,103,2.0,0.0,0.0,0.1498666666666666,5.0715,6.0,8,21.07573763832901,,7000.0,0.0,0.0,0.0,46.00245755189916,optimal
2021-02-07 11:30:00,25,103,2.0,0.0,0.0,0.1160666666666666,5.5125,6.0,8,21.13652798062949,,7000.0,0.0,0.0,0.0,45.75388705197192,optimal
2021-02-07 12:00:00,25,103,0.0,0.0,0.0,0.071,9.261,6.0,8,21.19633103264566,,0.0,0.0,0.0,0.0,45.5055651225446,optimal
2021-02-07 12:30:00,25,103,0.0,0.0,0.0,0.0991666666666666,11.7075,6.0,8,21.10756125154384,,0.0,0.0,0.0,0.0,45.25749151504672,optimal
2021-02-07 13:00:00,25,103,0.0,0.0,0.0,0.1667666666666666,12.348,6.0,8,21.01978711060113,,0.0,0.0,0.0,0.0,45.00966598115633,optimal
2021-02-07 13:30:00,25,103,0.0,0.0,0.0,0.071,12.348,6.0,8,20.93383417998769,,0.0,0.0,0.0,0.0,44.76208827279984,optimal
2021-02-07 14:00:00,25,103,0.0,0.0,0.0,0.1780333333333333,12.1275,6.0,8,20.846482097308392,,0.0,0.0,0.0,0.0,44.5147581421517,optimal
2021-02-07 14:30:00,25,103,0.0,0.0,0.0,0.0879,12.5265,6.0,8,20.76200623305,,0.0,0.0,0.0,0.0,44.26767534163421,optimal
2021-02-07 15:00:00,25,103,0.0,0.0,0.0,0.1104333333333333,11.7495,6.0,8,20.67624309970821,,0.0,0.0,0.0,0.0,44.02083962391723,optimal
2021-02-07 15:30:00,25,103,0.0,0.0,0.0,0.1701666666666666,13.23,6.0,8,20.59157021714753,,0.0,0.0,0.0,0.0,43.77425074191797,optimal
2021-02-07 16:00:00,25,103,0.0,0.0,0.0,0.1022666666666666,14.3325,6.0,8,20.510665098244488,,0.0,0.0,0.0,0.0,43.52790844880072,optimal
2021-02-07 16:30:00,25,103,0.0,0.0,0.0,0.4169,14.994,6.0,8,20.439268636570723,,0.0,0.0,0.0,0.0,43.281812497976574,optimal
2021-02-07 17:00:00,25,103,0.0,0.0,0.0,0.5124333333333333,14.8155,6.0,8,20.37458997994461,,0.0,0.0,0.0,0.0,43.2385306854786,optimal
2021-02-07 17:30:00,25,103,0.0,0.0,0.0,0.5256000000000001,14.112,6.0,8,20.3173122589758,,0.0,0.0,0.0,0.0,43.19529215479312,optimal
2021-02-07 18:00:00,25,103,0.0,0.0,0.0,0.4823,14.007,6.0,8,20.261344485359903,,0.0,0.0,0.0,0.0,43.15209686263833,optimal
2021-02-07 18:30:00,25,103,0.0,0.0,0.0,0.4825666666666666,13.23,6.0,8,20.206187434700134,,0.0,0.0,0.0,0.0,43.10894476577569,optimal
2021-02-07 19:00:00,25,103,0.0,0.0,0.0,0.683,11.382,6.0,8,20.15172637246469,,0.0,0.0,0.0,0.0,43.06583582100991,optimal
2021-02-07 19:30:00,25,103,0.0,0.0,0.0,1.6904333333333337,11.7495,6.0,8,20.100123526458184,,0.0,0.0,0.0,0.0,43.0227699851889,optimal
2021-02-07 20:00:00,25,103,0.0,0.0,0.0,1.555766666666667,24.3285,6.0,8,20.052411803376327,,0.0,0.0,0.0,0.0,42.97974721520372,optimal
2021-02-07 20:30:00,25,103,0.0,0.0,0.0,0.9539333333333332,28.917,6.0,8,20.0,,0.0,0.0,0.0,0.0,42.93676746798851,optimal
2021-02-07 21:00:00,25,103,0.0,0.0,0.0,1.5837333333333332,31.3635,6.0,8,19.943767912909347,,0.0,0.0,0.0,0.0,42.893830700520525,optimal
2021-02-07 21:30:00,25,103,0.0,0.0,0.0,1.3773,33.306,6.0,8,19.89036697970896,,0.0,0.0,0.0,0.0,42.85093686982,optimal
2021-02-07 22:00:00,25,103,0.0,0.0,0.0,0.3714666666666665,31.3425,6.0,8,19.839789791281465,,0.0,0.0,0.0,0.0,42.808085932950185,optimal
2021-02-07 22:30:00,25,103,0.0,0.0,0.0,0.2192333333333332,28.2555,6.0,8,19.77868459544394,,0.0,0.0,0.0,0.0,42.76527784701724,optimal
2021-02-07 23:00:00,25,103,0.0,0.0,0.0,0.0940999999999999,15.6975,6.0,8,19.71417138977024,,0.0,0.0,0.0,0.0,42.72251256917022,optimal
2021-02-07 23:30:00,25,103,0.0,0.0,0.0,0.1949333333333333,12.5475,6.0,8,19.64522223677288,,0.0,0.0,0.0,0.0,42.67979005660105,optimal
2021-02-08 00:00:00,25,103,2.0,0.0,0.0,1.5297,5.5755,6.0,-5,19.64522223677288,,7000.0,0.0,0.0,0.0,42.63711026654445,optimal
2021-02-08 00:30:00,25,103,2.0,0.0,5.0,0.3794666666666665,5.0925,6.0,-5,19.73078588756313,,0.0,0.0,7000.0,0.0,44.9694731562779,optimal
2021-02-08 01:00:00,25,103,2.0,0.0,5.0,0.4115,4.1895,6.0,-5,19.66634109895134,,0.0,0.0,7000.0,0.0,47.29950368312162,optimal
2021-02-08 01:30:00,25,103,2.0,0.0,0.0,0.3778333333333333,7.056,6.0,-5,19.60586618214795,,2886.666666666667,0.0,4113.333333333333,0.0,47.2522041794385,optimal
2021-02-08 02:00:00,25,103,2.0,0.0,2.894335920992104,0.315,5.271,6.0,-5,19.60285728242096,,7000.0,0.0,0.0,0.0,48.57976153773031,optimal
2021-02-08 02:30:00,25,103,2.0,0.0,0.0,0.2406333333333333,7.938,6.0,-5,19.68544718641268,,7000.0,0.0,0.0,0.0,48.53118177619257,optimal
2021-02-08 03:00:00,25,103,2.0,0.0,0.0,0.0874,7.938,6.0,-5,19.76577648108367,,7000.0,0.0,0.0,0.0,48.48265059441637,optimal
2021-02-08 03:30:00,25,103,2.0,0.0,0.0,0.3470666666666667,11.907,6.0,-5,19.84480549717384,,7000.0,0.0,0.0,0.0,48.434167943821954,optimal
2021-02-08 04:00:00,25,103,2.0,0.0,0.0,0.3072666666666666,11.025,6.0,-5,19.92611902181059,,7000.0,0.0,0.0,0.0,48.38573377587813,optimal
2021-02-08 04:30:00,25,103,2.0,0.0,0.0,0.2244,11.2875,6.0,-5,20.002758933637782,,7000.0,0.0,0.0,0.0,48.33734804210225,optimal
2021-02-08 05:00:00,25,103,2.0,0.0,0.0,0.3893,12.936,6.0,-5,20.07581293827004,,7000.0,0.0,0.0,0.0,48.28901069406015,optimal
2021-02-08 05:30:00,25,103,2.0,0.0,0.0,0.379,13.0095,6.0,-5,20.15235297952041,,7000.0,0.0,0.0,0.0,48.24072168336608,optimal
2021-02-08 06:00:00,25,103,0.0,0.0,0.0,0.3177333333333333,13.671,6.0,-5,20.2303334727694,,0.0,0.0,0.0,0.0,48.19248096168271,optimal
2021-02-08 06:30:00,25,103,2.0,0.0,0.0,0.3793,13.188,6.0,-5,20.157687455610805,,7000.0,0.0,0.0,0.0,48.144288480721016,optimal
2021-02-08 07:00:00,25,103,0.0,0.0,0.0,0.2404666666666666,13.8495,6.0,-5,20.234999924403247,,0.0,0.0,0.0,0.0,48.096144192240295,optimal
2021-02-08 07:30:00,25,103,2.0,0.0,0.0,0.1159333333333333,13.23,6.0,-5,20.163192614201023,,7000.0,0.0,0.0,0.0,48.048048048048045,optimal
2021-02-08 08:00:00,25,103,2.0,0.0,0.0,0.1767333333333333,13.3665,6.0,-5,20.23695225090227,,7000.0,0.0,0.0,0.0,48.0,optimal
2021-02-08 08:30:00,25,103,2.0,0.0,0.0,0.2471333333333333,13.0515,6.0,-5,20.31325453544857,,7000.0,0.0,0.0,0.0,47.85960070590214,optimal
2021-02-08 09:00:00,25,103,1.826798728428721,0.0,0.0,0.0795333333333333,13.5345,6.0,-5,20.38193806368312,,6393.795549500524,0.0,0.0,0.0,47.71934181109837,optimal
2021-02-08 09:30:00,25,103,0.0,0.0,0.0,0.5268333333333334,14.154,6.0,-5,20.4316799101618,,0.0,0.0,0.0,0.0,47.57922317518942,optimal
2021-02-08 10:00:00,25,103,0.0,0.0,0.0,0.07,14.112,6.0,-5,20.35693901101581,,0.0,0.0,0.0,0.0,47.43924465791637,optimal
2021-02-08 10:30:00,25,103,0.0,0.0,0.0,0.1038666666666666,14.2485,6.0,-5,20.27680082572549,,0.0,0.0,0.0,0.0,47.299406119160594,optimal
2021-02-08 11:00:00,25,103,2.0,0.0,0.0,0.2976666666666667,12.789,6.0,-5,20.20021616785784,,7000.0,0.0,0.0,0.0,47.159707418943576,optimal
2021-02-08 11:30:00,25,103,2.0,0.0,0.0,0.0734666666666666,13.0095,6.0,-5,20.274730873529062,,7000.0,0.0,0.0,0.0,47.020148417426775,optimal
2021-02-08 12:00:00,25,103,2.0,0.0,0.0,0.2346333333333333,12.1275,6.0,-5,20.341582370530904,,7000.0,0.0,0.0,0.0,46.88072897491149,optimal
2021-02-08 12:30:00,25,103,2.0,0.0,0.0,0.1961,12.348,6.0,-5,20.41027881021583,,7000.0,0.0,0.0,0.0,46.74144895183872,optimal
2021-02-08 13:00:00,25,103,2.0,0.0,0.0,0.072,12.348,6.0,-5,20.479208865490182,,7000.0,0.0,0.0,0.0,46.60230820878902,optimal
2021-02-08 13:30:00,25,103,0.0,0.0,0.0,0.215,25.389,6.0,-5,20.54013585508816,,0.0,0.0,0.0,0.0,46.46330660648237,optimal
2021-02-08 14:00:00,25,103,0.0,0.0,0.0,0.072,29.1375,6.0,-5,20.456897460191183,,0.0,0.0,0.0,0.0,46.32444400577803,optimal
2021-02-08 14:30:00,25,103,0.0,0.0,0.0,0.215,30.597,6.0,-5,20.37148015149417,,0.0,0.0,0.0,0.0,46.18572026767439,optimal
2021-02-08 15:00:00,25,103,0.0,0.0,0.0,0.1227999999999999,33.684,6.0,-5,20.28878005992904,,0.0,0.0,0.0,0.0,46.04713525330886,optimal
2021-02-08 15:30:00,25,103,0.0,0.0,0.0,0.4498666666666667,32.445,6.0,-5,20.20383380109944,,0.0,0.0,0.0,0.0,45.90868882395769,optimal
2021-02-08 16:00:00,25,103,0.0,0.0,0.0,0.4992666666666666,28.917,6.0,-5,20.12962640015815,,0.0,0.0,0.0,0.0,45.77038084103587,optimal
2021-02-08 16:30:00,25,103,0.0,0.0,0.0,1.8405,15.876,6.0,-5,20.06005532011921,,0.0,0.0,0.0,0.0,45.63221116609698,optimal
2021-02-08 17:00:00,25,103,1.0174305476363537,0.0,0.0,0.4753666666666666,12.348,6.0,-5,20.0,,3143.006916727238,0.0,418.0,0.0,45.49417966083303,optimal
2021-02-08 17:30:00,25,103,1.501905330907281,0.0,0.0,1.1099,12.1275,6.0,-5,20.0,,5256.668658175484,0.0,0.0,0.0,45.35628618707433,optimal
2021-02-08 18:00:00,25,103,0.0,0.0,0.0,2.0950666666666664,12.348,6.0,-5,20.04976762748977,,0.0,0.0,0.0,0.0,45.31092990088726,optimal
2021-02-08 18:30:00,25,103,0.9284820748415636,0.0,0.0,0.6822999999999999,12.1275,6.0,-5,20.0,,3249.6872619454725,0.0,0.0,0.0,45.26561897098637,optimal
2021-02-08 19:00:00,25,103,0.9377899529696564,0.0,0.0,1.0827666666666669,12.1275,6.0,-5,20.0,,3073.264835393797,0.0,209.0,0.0,45.22035335201539,optimal
2021-02-08 19:30:00,25,103,0.9155396519187604,0.0,0.0,0.4649666666666666,11.2665,6.0,-5,20.0,,3204.388781715662,0.0,0.0,0.0,45.17513299866337,optimal
2021-02-08 20:00:00,25,103,0.9832807794392768,0.0,0.0,0.4275333333333334,10.143,6.0,-5,20.0,,3302.149394704136,0.0,139.33333333333331,0.0,45.12995786566471,optimal
2021-02-08 20:30:00,25,103,0.0,0.0,0.0,0.2795,11.2455,6.0,-5,20.0,,0.0,0.0,0.0,0.0,45.084827907799045,optimal
2021-02-08 21:00:00,25,103,0.0,0.0,0.0,0.3475666666666667,11.025,6.0,-5,19.927620258538035,,0.0,0.0,0.0,0.0,45.039743079891245,optimal
2021-02-08 21:30:00,25,103,1.472952380952381,0.0,0.0,0.3713999999999999,5.9745,6.0,-5,19.857642665021856,,0.0,0.0,5155.333333333333,0.0,44.99470333681136,optimal
2021-02-08 22:00:00,25,103,0.0,0.0,0.0,0.2800333333333333,7.938,6.0,-5,19.790575118780087,,0.0,0.0,0.0,0.0,44.94970863347454,optimal
2021-02-08 22:30:00,25,103,0.0,0.0,0.0,0.4166666666666667,8.6835,6.0,-5,19.72469863313848,,0.0,0.0,0.0,0.0,44.90475892484107,optimal
2021-02-08 23:00:00,25,103,0.0,0.0,0.0,0.6217666666666667,7.665,6.0,-5,19.66119147524849,,0.0,0.0,0.0,0.0,44.85985416591623,optimal
2021-02-08 23:30:00,25,103,0.0,0.0,0.0,0.4233666666666666,6.7725,6.0,-5,19.60014042977784,,0.0,0.0,0.0,0.0,44.81499431175031,optimal
2021-02-09 00:00:00,25,103,2.0,0.0,0.0,0.055,11.823,6.0,-3,19.60014042977784,,7000.0,0.0,0.0,0.0,44.77017931743856,optimal
2021-02-09 00:30:00,25,103,2.0,0.0,0.0,0.055,11.7705,6.0,-3,19.66744226525783,,1287.333333333333,0.0,5712.666666666667,0.0,44.72540913812112,optimal
2021-02-09 01:00:00,25,103,2.0,0.0,0.0,0.055,11.13,6.0,-3,19.61441164478576,,7000.0,0.0,0.0,0.0,44.680683728983,optimal
2021-02-09 01:30:00,25,103,2.0,0.0,0.0,0.2236666666666666,11.6865,6.0,-3,19.68210240457015,,7000.0,0.0,0.0,0.0,44.636003045254014,optimal
2021-02-09 02:00:00,25,103,2.0,0.0,3.694039180461953,0.1206666666666666,10.7205,6.0,-3,19.752582906685973,,7000.0,0.0,0.0,0.0,46.34603565292819,optimal
2021-02-09 02:30:00,25,103,2.0,0.0,0.0,0.3000333333333334,11.424,6.0,-3,19.82374948778144,,7000.0,0.0,0.0,0.0,46.299689617275256,optimal
2021-02-09 03:00:00,25,103,2.0,0.0,5.0,0.1674,10.689,6.0,-3,19.90609183451419,,7000.0,0.0,0.0,0.0,48.62838992765797,optimal
2021-02-09 03:30:00,25,103,2.0,0.0,0.0,0.055,11.361,6.0,-3,19.97920981675109,,7000.0,0.0,0.0,0.0,48.57976153773031,optimal
2021-02-09 04:00:00,25,103,2.0,0.0,0.0,0.0626666666666666,11.571,6.0,-3,20.045245602943,,7000.0,0.0,0.0,0.0,48.53118177619257,optimal
2021-02-09 04:30:00,25,103,0.927022867100355,0.0,0.0,0.216,14.3745,6.0,-3,20.1115968604594,,3244.5800348512425,0.0,0.0,0.0,48.48265059441637,optimal
2021-02-09 05:00:00,25,103,2.0,0.0,0.0,0.055,13.23,6.0,-3,20.10136804252236,,7000.0,0.0,0.0,0.0,48.434167943821954,optimal
2021-02-09 05:30:00,25,103,2.0,0.0,0.0,0.124,13.9755,6.0,-3,20.16639596731236,,7000.0,0.0,0.0,0.0,48.38573377587813,optimal
2021-02-09 06:00:00,25,103,0.0,0.0,0.0,0.1546666666666666,14.994,6.0,-3,20.23258135917325,,0.0,0.0,0.0,0.0,48.33734804210225,optimal
2021-02-09 06:30:00,25,103,2.0,0.0,0.0,0.0633333333333333,13.671,6.0,-3,20.151759180078766,,7000.0,0.0,0.0,0.0,48.28901069406015,optimal
2021-02-09 07:00:00,25,103,0.0,0.0,0.0,0.2563333333333333,15.981,6.0,-3,20.21633166212167,,0.0,0.0,0.0,0.0,48.24072168336608,optimal
2021-02-09 07:30:00,25,103,0.0,0.0,0.0,0.0596,15.6345,6.0,-3,20.14166217769177,,0.0,0.0,0.0,0.0,48.19248096168271,optimal
2021-02-09 08:00:00,25,103,0.0,0.0,0.0,0.4486,16.5375,6.0,-3,20.067317028590505,,0.0,0.0,0.0,0.0,48.144288480721016,optimal
2021-02-09 08:30:00,25,103,1.7920067097734504,0.0,0.0,0.221,14.7735,6.0,-3,20.0,,6272.023484207077,0.0,0.0,0.0,48.096144192240295,optimal
2021-02-09 09:00:00,25,103,0.0,0.0,0.0,0.1323,15.2145,6.0,-3,20.07003881773879,,0.0,0.0,0.0,0.0,48.048048048048045,optimal
2021-02-09 09:30:00,25,103,1.7022942686643006,0.0,0.0,0.2901,14.553,6.0,-3,20.0,,5958.029940325052,0.0,0.0,0.0,48.0,optimal
2021-02-09 10:00:00,25,103,2.0,0.0,0.0,0.2490333333333333,14.3325,6.0,-3,20.05734377317152,,7000.0,0.0,0.0,0.0,46.78418032247782,optimal
2021-02-09 10:30:00,25,103,2.0,0.0,0.0,0.157,14.595,6.0,-3,20.130743385361203,,7000.0,0.0,0.0,0.0,45.56957646463317,optimal
2021-02-09 11:00:00,25,103,0.0,0.0,0.0,0.065,14.994,6.0,-3,20.19435792740552,,0.0,0.0,0.0,0.0,44.35618721064636,optimal
2021-02-09 11:30:00,25,103,2.0,0.0,0.0,0.2336666666666666,14.3325,6.0,-3,20.10952855071557,,7000.0,0.0,0.0,0.0,43.14401134591354,optimal
2021-02-09 12:00:00,25,103,2.0,0.0,0.0,0.065,13.8915,6.0,-3,20.176214208923017,,7000.0,0.0,0.0,0.0,41.93304765704545,optimal
2021-02-09 12:30:00,25,103,2.0,0.0,0.0,0.065,13.8915,6.0,-3,20.23927366869668,,7000.0,0.0,0.0,0.0,40.72329493186623,optimal
2021-02-09 13:00:00,25,103,2.0,0.0,0.0,0.2336666666666666,13.4715,6.0,-3,20.30182021356372,,7000.0,0.0,0.0,0.0,39.51475195941219,optimal
2021-02-09 13:30:00,25,103,2.0,0.0,0.0,0.065,13.23,6.0,-3,20.36740667286854,,7000.0,0.0,0.0,0.0,38.3074175299306,optimal
2021-02-09 14:00:00,25,103,2.0,0.0,0.0,0.065,13.8915,6.0,-3,20.428918250954247,,7000.0,0.0,0.0,0.0,37.1012904348785,optimal
2021-02-09 14:30:00,25,103,0.0,0.0,0.0,0.065,26.9325,6.0,-3,20.489923936023395,,0.0,0.0,0.0,0.0,35.89636946692145,optimal
2021-02-09 15:00:00,25,103,0.0,0.0,0.0,0.3146666666666667,30.303,6.0,-3,20.40307316884436,,0.0,0.0,0.0,0.0,34.69265341993236,optimal
2021-02-09 15:30:00,25,103,0.0,0.0,0.0,0.1067999999999999,32.886,6.0,-3,20.328833879912025,,0.0,0.0,0.0,0.0,33.49014108899025,optimal
2021-02-09 16:00:00,25,103,0.0,0.0,0.0,0.189,34.9965,6.0,-3,20.25704836043029,,0.0,0.0,0.0,0.0,32.288831270379085,optimal
2021-02-09 16:30:00,25,103,0.0,0.0,0.0,0.4035,33.327,6.0,-3,20.187751787384315,,0.0,0.0,0.0,0.0,31.08872276158653,optimal
2021-02-09 17:00:00,25,103,0.0,0.0,0.0,0.5183333333333334,31.122,6.0,-3,20.12505275480863,,0.0,0.0,0.0,0.0,29.88981436130277,optimal
2021-02-09 17:30:00,25,103,0.0,0.0,0.0,0.3763333333333333,17.9025,6.0,-3,20.06272058133504,,0.0,0.0,0.0,0.0,28.69210486941929,optimal
2021-02-09 18:00:00,25,103,0.7963552330353842,0.0,0.0,0.2981666666666667,15.6555,6.0,-3,20.0,,2787.243315623845,0.0,0.0,0.0,28.663412764549868,optimal
2021-02-09 18:30:00,25,103,0.6892859683063259,0.0,0.0,0.5231666666666667,14.553,6.0,-3,20.0,,2412.5008890721406,0.0,0.0,0.0,28.63474935178532,optimal
2021-02-09 19:00:00,25,103,0.852502417862952,0.0,0.0,0.3430666666666667,14.3325,6.0,-3,20.0,,2983.758462520332,0.0,0.0,0.0,28.60611460243353,optimal
2021-02-09 19:30:00,25,103,0.8437500369106029,0.0,0.0,0.6712333333333333,13.335,6.0,-3,20.0,,2604.791795853777,0.0,348.3333333333333,0.0,28.5775084878311,optimal
2021-02-09 20:00:00,25,103,1.0502928940534255,0.0,0.0,0.2395,12.1275,6.0,-3,20.0,,2909.6917958536565,0.0,766.3333333333334,0.0,28.548930979343268,optimal
2021-02-09 20:30:00,25,103,0.0,0.0,0.0,0.2818333333333333,12.2955,6.0,-3,20.0,,0.0,0.0,0.0,0.0,28.520382048363924,optimal
2021-02-09 21:00:00,25,103,0.0199047619047619,0.0,0.0,0.4115,11.6865,6.0,-3,19.941218631101687,,0.0,0.0,69.66666666666666,0.0,28.49186166631556,optimal
2021-02-09 21:30:00,25,103,1.3933333333333335,0.0,0.0,0.4173333333333333,11.466,6.0,-3,19.881730321275697,,0.0,0.0,4876.666666666667,0.0,28.463369804649247,optimal
2021-02-09 22:00:00,25,103,0.0,0.0,0.0,0.2440999999999999,10.8045,6.0,-3,19.82055554249242,,0.0,0.0,0.0,0.0,28.4349064348446,optimal
2021-02-09 22:30:00,25,103,0.0,0.0,0.0,0.065,10.584,6.0,-3,19.74757599788998,,0.0,0.0,0.0,0.0,28.40647152840976,optimal
2021-02-09 23:00:00,25,103,0.0,0.0,0.0,0.065,11.2455,6.0,-3,19.667082944438,,0.0,0.0,0.0,0.0,28.378065056881344,optimal
2021-02-09 23:30:00,25,103,0.0,0.0,0.0,0.1676666666666666,12.1275,6.0,-3,19.587181896577214,,0.0,0.0,0.0,0.0,28.349686991824463,optimal
2021-02-10 00:00:00,25,103,2.0,0.0,5.0,0.065,10.4475,6.0,-7,19.587181896577214,,7000.0,0.0,0.0,0.0,30.69633730483264,optimal
2021-02-10 00:30:00,25,103,2.0,0.0,5.0,0.065,10.8675,6.0,-7,19.65381411271813,,0.0,0.0,7000.0,0.0,33.04064096752781,optimal
2021-02-10 01:00:00,25,103,2.0,0.0,5.0,0.065,10.542,6.0,-7,19.57233751668409,,6476.0,0.0,524.0,0.0,35.38260032656028,optimal
2021-02-10 01:30:00,25,103,2.0,0.0,5.0,0.0848333333333333,11.025,6.0,-7,19.627099326815674,,7000.0,0.0,0.0,0.0,37.72221772623372,optimal
2021-02-10 02:00:00,25,103,2.0,0.0,5.0,0.1165666666666666,11.025,6.0,-7,19.692606945152047,,7000.0,0.0,0.0,0.0,40.05949550850748,optimal
2021-02-10 02:30:00,25,103,2.0,0.0,5.0,0.065,14.553,6.0,-7,19.758031707530744,,7000.0,0.0,0.0,0.0,42.39443601299897,optimal
2021-02-10 03:00:00,25,103,2.0,0.0,5.0,0.1364,13.0935,6.0,-7,19.82207415915251,,7000.0,0.0,0.0,0.0,44.727041576985975,optimal
2021-02-10 03:30:00,25,103,2.0,0.0,5.0,0.065,15.6345,6.0,-7,19.887329069603084,,7000.0,0.0,0.0,0.0,47.05731453540899,optimal
2021-02-10 04:00:00,25,103,0.0,0.0,0.0,0.065,18.102,6.0,-7,19.95078494010616,,0.0,0.0,0.0,0.0,47.010257220873584,optimal
2021-02-10 04:30:00,25,103,2.0,0.0,0.0,0.065,17.199,6.0,-7,19.86660007678697,,7000.0,0.0,0.0,0.0,46.96324696365271,optimal
2021-02-10 05:00:00,25,103,0.0,0.0,0.0,0.1324333333333333,18.2805,6.0,-7,19.929696319875152,,0.0,0.0,0.0,0.0,46.91628371668906,optimal
2021-02-10 05:30:00,25,103,1.4073609759834484,0.0,0.0,0.0689666666666666,17.4615,6.0,-7,19.846119291543125,,4925.7634159420695,0.0,0.0,0.0,46.86936743297237,optimal
2021-02-10 06:00:00,25,103,0.0,0.0,0.0,0.0643333333333333,18.3225,6.0,-7,19.864821086860665,,0.0,0.0,0.0,0.0,46.82249806553939,optimal
2021-02-10 06:30:00,25,103,2.0,0.0,2.5775251211076755,0.8188333333333334,17.094,6.0,-7,19.782162106650308,,7000.0,0.0,0.0,0.0,48.0,optimal
2021-02-10 07:00:00,25,103,2.0,0.0,0.0,2.5641333333333334,17.094,6.0,-7,19.851824732823506,,7000.0,0.0,0.0,0.0,47.91271395721287,optimal
2021-02-10 07:30:00,25,103,2.0,0.0,0.0,0.074,17.094,6.0,-7,19.93081450739171,,7000.0,0.0,0.0,0.0,47.82551520046852,optimal
2021-02-10 08:00:00,25,103,2.0,0.0,0.0,1.4098,17.3565,6.0,-7,20.0,,7000.0,0.0,0.0,0.0,47.73840364248092,optimal
2021-02-10 08:30:00,25,103,2.0,0.0,0.0,0.4368999999999999,17.115,6.0,-7,20.077871460291,,7000.0,0.0,0.0,0.0,47.6513791960513,optimal
2021-02-10 09:00:00,25,103,2.0,0.0,0.0,2.0844666666666667,17.241,6.0,-7,20.15284302811419,,7000.0,0.0,0.0,0.0,47.56444177406812,optimal
2021-02-10 09:30:00,25,103,2.0,0.0,0.0,2.0631,17.094,6.0,-7,20.229304029863385,,7000.0,0.0,0.0,0.0,47.47759128950691,optimal
2021-02-10 10:00:00,25,103,2.0,0.0,0.0,0.16,16.5165,6.0,-7,20.303049484061813,,7000.0,0.0,0.0,0.0,47.39082765543027,optimal
2021-02-10 10:30:00,25,103,2.0,0.0,0.0,2.3658,17.8185,6.0,-7,20.36723510326812,,7000.0,0.0,0.0,0.0,47.30415078498771,optimal
2021-02-10 11:00:00,25,103,2.0,0.0,0.0,2.2685,17.094,6.0,-7,20.436290123225888,,7000.0,0.0,0.0,0.0,47.21756059141559,optimal
2021-02-10 11:30:00,25,103,2.0,0.0,0.0,0.3088,16.8945,6.0,-7,20.526791402615952,,7000.0,0.0,0.0,0.0,47.131056988037045,optimal
2021-02-10 12:00:00,25,103,0.6382268708635928,0.0,0.0,0.2358,18.123,6.0,-7,20.591327855503845,,2233.7940480225748,0.0,0.0,0.0,47.04463988826188,optimal
2021-02-10 12:30:00,25,103,0.0,0.0,0.0,0.2596,31.647,6.0,-7,20.55636233696868,,0.0,0.0,0.0,0.0,46.95830920558648,optimal
2021-02-10 13:00:00,25,103,0.0,0.0,0.0,0.2723,34.9965,6.0,-7,20.47604458950765,,0.0,0.0,0.0,0.0,46.87206485359376,optimal
2021-02-10 13:30:00,25,103,0.0,0.0,0.0,2.849733333333333,34.9965,6.0,-7,20.396358558074336,,0.0,0.0,0.0,0.0,46.78590674595304,optimal
2021-02-10 14:00:00,25,103,0.0,0.0,0.0,1.0553333333333332,34.9965,6.0,-7,20.33176798297892,,0.0,0.0,0.0,0.0,46.69983479641995,optimal
2021-02-10 14:30:00,25,103,0.0,0.0,0.0,0.331,34.9965,6.0,-7,20.2711255510624,,0.0,0.0,0.0,0.0,46.6138489188364,optimal
2021-02-10 15:00:00,25,103,0.0,0.0,0.0,3.744433333333333,34.9965,6.0,-7,20.19592471392071,,0.0,0.0,0.0,0.0,46.527949027130425,optimal
2021-02-10 15:30:00,25,103,0.0,0.0,0.0,0.4630666666666667,27.741,6.0,-7,20.13633037259457,,0.0,0.0,0.0,0.0,46.44213503531616,optimal
2021-02-10 16:00:00,25,103,0.0,0.0,0.0,0.6647333333333334,19.026,6.0,-7,20.06657837688756,,0.0,0.0,0.0,0.0,46.35640685749372,optimal
2021-02-10 16:30:00,25,103,0.957156583032384,0.0,0.0,0.8803666666666666,18.7215,6.0,-7,20.0,,3350.048040613344,0.0,0.0,0.0,46.27076440784909,optimal
2021-02-10 17:00:00,25,103,0.9169079548299004,0.0,0.0,2.022533333333333,17.4195,6.0,-7,20.0,,3209.177841904652,0.0,0.0,0.0,46.18520760065411,optimal
2021-02-10 17:30:00,25,103,0.9203967853389402,0.0,0.0,0.3893999999999999,16.758,6.0,-7,20.0,,3221.3887486862905,0.0,0.0,0.0,46.099736350266326,optimal
2021-02-10 18:00:00,25,103,0.8680608633801601,0.0,0.0,0.2701333333333333,14.217,6.0,-7,20.0,,3038.21302183056,0.0,0.0,0.0,46.01435057112893,optimal
2021-02-10 18:30:00,25,103,0.9233864097840822,0.0,0.0,0.3250333333333333,13.3665,6.0,-7,20.0,,3162.185767577621,0.0,69.66666666666666,0.0,45.92905017777067,optimal
2021-02-10 19:00:00,25,103,0.9641300514260348,0.0,0.0,0.5495,12.789,6.0,-7,20.0,,3235.1218466577884,0.0,139.33333333333331,0.0,45.84383508480577,optimal
2021-02-10 19:30:00,25,103,0.9701163750713294,0.0,0.0,2.4403,11.907,6.0,-7,20.0,,3395.407312749653,0.0,0.0,0.0,45.75870520693383,optimal
2021-02-10 20:00:00,25,103,1.032814127288069,0.0,0.0,0.317,11.7075,6.0,-7,20.0,,3614.8494455082414,0.0,0.0,0.0,45.67366045893976,optimal
2021-02-10 20:30:00,25,103,0.2388571428571428,0.0,0.0,2.057366666666667,10.8045,6.0,-7,20.0,,0.0,0.0,836.0,0.0,45.588700755693694,optimal
2021-02-10 21:00:00,25,103,0.0,0.0,0.0,2.571266666666667,11.508,6.0,-7,19.936441692445104,,0.0,0.0,0.0,0.0,45.50382601215087,optimal
2021-02-10 21:30:00,25,103,0.0,0.0,0.0,0.5812999999999999,11.508,6.0,-7,19.86679003605953,,0.0,0.0,0.0,0.0,45.45832218613872,optimal
2021-02-10 22:00:00,25,103,0.0,0.0,0.0,2.1432,11.508,6.0,-7,19.793552385597305,,0.0,0.0,0.0,0.0,45.41286386395258,optimal
2021-02-10 22:30:00,25,103,0.0,0.0,0.0,2.7361,11.844,6.0,-7,19.716693085236816,,0.0,0.0,0.0,0.0,45.36745100008863,optimal
2021-02-10 23:00:00,25,103,0.0,0.0,0.0,0.2596666666666667,11.508,6.0,-7,19.640205371191428,,0.0,0.0,0.0,0.0,45.32208354908854,optimal
2021-02-10 23:30:00,25,103,0.0,0.0,0.0,0.4006666666666666,11.508,6.0,-7,19.55158080873205,,0.0,0.0,0.0,0.0,45.27676146553945,optimal
2021-02-11 00:00:00,25,103,2.0,0.0,0.0,2.035,12.0855,6.0,-1,19.55158080873205,,7000.0,0.0,0.0,0.0,45.23148470407392,optimal
2021-02-11 00:30:00,25,103,2.0,0.0,0.0,0.0563333333333333,11.6865,6.0,-1,19.60754524511588,,0.0,0.0,7000.0,0.0,45.18625321936984,optimal
2021-02-11 01:00:00,25,103,2.0,0.0,0.0,0.1772666666666666,11.2245,6.0,-1,19.510041479875014,,3898.3333333333353,0.0,3101.6666666666647,0.0,45.14106696615047,optimal
2021-02-11 01:30:00,25,103,2.0,0.0,0.0,0.173,11.025,6.0,-1,19.49647618201664,,7000.0,0.0,0.0,0.0,45.09592589918432,optimal
2021-02-11 02:00:00,25,103,2.0,0.0,0.0,0.057,10.7835,6.0,-1,19.548173958760643,,7000.0,0.0,0.0,0.0,45.05082997328513,optimal
2021-02-11 02:30:00,25,103,2.0,0.0,0.0,0.2642666666666666,11.025,6.0,-1,19.597195351784165,,7000.0,0.0,0.0,0.0,45.00577914331185,optimal
2021-02-11 03:00:00,25,103,2.0,0.0,2.4044633594441,0.086,10.584,6.0,-1,19.64990372987565,,7000.0,0.0,0.0,0.0,46.10289345990448,optimal
2021-02-11 03:30:00,25,103,2.0,0.0,0.0,0.2205333333333333,11.025,6.0,-1,19.69816673246256,,7000.0,0.0,0.0,0.0,46.056790566444576,optimal
2021-02-11 04:00:00,25,103,2.0,0.0,5.0,0.1297333333333333,10.4265,6.0,-1,19.750176933346527,,7000.0,0.0,0.0,0.0,48.38573377587813,optimal
2021-02-11 04:30:00,25,103,2.0,0.0,0.0,0.057,12.789,6.0,-1,19.801173974117773,,7000.0,0.0,0.0,0.0,48.33734804210225,optimal
2021-02-11 05:00:00,25,103,2.0,0.0,0.0,0.1772666666666666,12.684,6.0,-1,19.85040859116326,,7000.0,0.0,0.0,0.0,48.28901069406015,optimal
2021-02-11 05:30:00,25,103,2.0,0.0,0.0,0.1672,16.254,6.0,-1,19.901951508747604,,7000.0,0.0,0.0,0.0,48.24072168336608,optimal
2021-02-11 06:00:00,25,103,2.0,0.0,0.0,0.0721333333333333,17.64,6.0,-1,19.95418285572581,,7000.0,0.0,0.0,0.0,48.19248096168271,optimal
2021-02-11 06:30:00,25,103,2.0,0.0,0.0,0.1872666666666667,19.1625,6.0,-1,20.005113753775408,,7000.0,0.0,0.0,0.0,48.144288480721016,optimal
2021-02-11 07:00:00,25,103,0.5025110263806108,0.0,0.0,0.181,26.46,6.0,-1,20.05935733520989,,1758.7885923321378,0.0,0.0,0.0,48.096144192240295,optimal
2021-02-11 07:30:00,25,103,2.0,0.0,0.0,1.0446,20.79,6.0,-1,20.00814631111392,,7000.0,0.0,0.0,0.0,48.048048048048045,optimal
2021-02-11 08:00:00,25,103,0.0,0.0,0.0,2.1693,29.106,6.0,-1,20.07276523853921,,0.0,0.0,0.0,0.0,48.0,optimal
2021-02-11 08:30:00,25,103,2.0,0.0,0.0,0.1316333333333333,19.1835,6.0,-1,20.0,,6651.666666666667,0.0,348.3333333333333,0.0,47.43178648265253,optimal
2021-02-11 09:00:00,25,103,0.6941225539060342,0.0,0.0,0.1872666666666667,19.6665,6.0,-1,20.049014066531345,,2429.42893867112,0.0,0.0,0.0,46.864141178822415,optimal
2021-02-11 09:30:00,25,103,1.2659275318022538,0.0,0.0,0.1482,19.404,6.0,-1,20.0,,4430.746361307888,0.0,0.0,0.0,46.29706352029613,optimal
2021-02-11 10:00:00,25,103,2.0,0.0,0.0,0.1018,19.047,6.0,-1,20.0,,4492.0,0.0,2508.0,0.0,45.73055293942837,optimal
2021-02-11 10:30:00,25,103,2.0,0.0,0.0,0.2056666666666666,18.858,6.0,-1,20.00779820409073,,7000.0,0.0,0.0,0.0,45.16460886914147,optimal
2021-02-11 11:00:00,25,103,1.906133130659428,0.0,0.0,0.1646,19.2675,6.0,-1,20.067819878999806,,6671.465957307999,0.0,0.0,0.0,44.59923074292486,optimal
2021-02-11 11:30:00,25,103,2.0,0.0,0.0,0.067,18.963,6.0,-1,20.117067001102583,,7000.0,0.0,0.0,0.0,44.03441799483447,optimal
2021-02-11 12:00:00,25,103,2.0,0.0,0.0,0.3032666666666666,18.438,6.0,-1,20.174354472509823,,7000.0,0.0,0.0,0.0,43.47017005949217,optimal
2021-02-11 12:30:00,25,103,2.0,0.0,0.0,0.067,18.7425,6.0,-1,20.23975807202812,,7000.0,0.0,0.0,0.0,42.90648637208521,optimal
2021-02-11 13:00:00,25,103,2.0,0.0,0.0,0.2363333333333332,15.2145,6.0,-1,20.30284029029673,,7000.0,0.0,0.0,0.0,42.34336636836567,optimal
2021-02-11 13:30:00,25,103,2.0,0.0,0.0,0.1339333333333333,17.7765,6.0,-1,20.37214970329294,,7000.0,0.0,0.0,0.0,41.78080948464984,optimal
2021-02-11 14:00:00,25,103,2.0,0.0,0.0,0.067,16.758,6.0,-1,20.43944278798767,,7000.0,0.0,0.0,0.0,41.21881515781772,optimal
2021-02-11 14:30:00,25,103,2.0,0.0,0.0,0.1988666666666666,16.422,6.0,-1,20.50547527978837,,7000.0,0.0,0.0,0.0,40.65738282531244,optimal
2021-02-11 15:00:00,25,103,2.0,0.0,0.0,0.1714,16.758,6.0,-1,20.57239621124878,,7000.0,0.0,0.0,0.0,40.09651192513966,optimal
2021-02-11 15:30:00,25,103,0.0,0.0,0.0,0.1326,29.358,6.0,-1,20.6368475187019,,0.0,0.0,0.0,0.0,39.53620189586705,optimal
2021-02-11 16:00:00,25,103,0.0,0.0,0.0,0.1216666666666666,34.9965,6.0,-1,20.54761963530722,,0.0,0.0,0.0,0.0,38.97645217662373,optimal
2021-02-11 16:30:00,25,103,0.0,0.0,0.0,0.0943333333333333,34.65,6.0,-1,20.453349212316184,,0.0,0.0,0.0,0.0,38.41726220709963,optimal
2021-02-11 17:00:00,25,103,0.0,0.0,0.0,0.2585333333333333,34.9965,6.0,-1,20.35484807199764,,0.0,0.0,0.0,0.0,37.85863142754507,optimal
2021-02-11 17:30:00,25,103,0.0,0.0,0.0,1.1418666666666666,34.9965,6.0,-1,20.25616726027441,,0.0,0.0,0.0,0.0,37.30055927877006,optimal
2021-02-11 18:00:00,25,103,0.0,0.0,0.0,2.035033333333333,30.4815,6.0,-1,20.166530097578523,,0.0,0.0,0.0,0.0,36.74304520214383,optimal
2021-02-11 18:30:00,25,103,0.0,0.0,0.0,1.4513666666666665,21.4305,6.0,-1,20.08410697193774,,0.0,0.0,0.0,0.0,36.18608863959422,optimal
2021-02-11 19:00:00,25,103,1.2329708939870307,0.0,0.0,0.124,14.3325,6.0,-1,20.0,,4315.398128954607,0.0,0.0,0.0,35.62968903360716,optimal
2021-02-11 19:30:00,25,103,2.0,0.0,0.0,0.3163999999999999,13.692,6.0,-1,20.0,,6233.666666666667,0.0,766.3333333333334,0.0,35.59405934457355,optimal
2021-02-11 20:00:00,25,103,0.7222797128824588,0.0,0.0,3.0028,14.007,6.0,-1,20.040490242873453,,2527.978995088606,0.0,0.0,0.0,35.558465285228976,optimal
2021-02-11 20:30:00,25,103,0.5573333333333333,0.0,0.0,0.464,12.873,6.0,-1,20.0,,0.0,0.0,1950.6666666666667,0.0,35.52290681994375,optimal
2021-02-11 21:00:00,25,103,0.0796190476190476,0.0,0.0,0.5168333333333334,12.684,6.0,-1,19.911140525544056,,0.0,0.0,278.66666666666663,0.0,35.48738391312381,optimal
2021-02-11 21:30:00,25,103,0.0597142857142857,0.0,0.0,0.4555,12.306,6.0,-1,19.8227954266506,,0.0,0.0,209.0,0.0,35.451896529210686,optimal
2021-02-11 22:00:00,25,103,0.0199047619047619,0.0,0.0,2.413733333333333,10.6365,6.0,-1,19.73533451569834,,0.0,0.0,69.66666666666666,0.0,35.416444632681475,optimal
2021-02-11 22:30:00,25,103,0.0,0.0,0.0,0.4388333333333333,11.2455,6.0,-1,19.651857313198427,,0.0,0.0,0.0,0.0,35.381028188048795,optimal
2021-02-11 23:00:00,25,103,0.0,0.0,0.0,0.5477666666666666,11.2455,6.0,-1,19.558697936764283,,0.0,0.0,0.0,0.0,35.34564715986075,optimal
2021-02-11 23:30:00,25,103,0.0,0.0,0.0,0.2858666666666666,11.025,6.0,-1,19.463564764831283,,0.0,0.0,0.0,0.0,35.31030151270089,optimal
2021-02-12 00:00:00,25,103,2.0,0.0,5.0,0.3196,10.584,6.0,-6,19.463564764831283,,6860.666666666667,0.0,139.33333333333331,0.0,37.64999121118819,optimal
2021-02-12 00:30:00,25,103,2.0,0.0,5.0,0.4226333333333333,9.4185,6.0,-6,19.508966531004344,,0.0,0.0,7000.0,0.0,39.987341219977,optimal
2021-02-12 01:00:00,25,103,2.0,0.0,5.0,0.3763,10.3635,6.0,-6,19.41378908264908,,6197.333333333333,0.0,802.6666666666666,0.0,42.32235387875702,optimal
2021-02-12 01:30:00,25,103,2.0,0.0,5.0,0.0634666666666666,9.8385,6.0,-6,19.44628612259213,,7000.0,0.0,0.0,0.0,44.65503152487826,optimal
2021-02-12 02:00:00,25,103,2.0,0.0,3.3515950884201047,0.04,11.067,6.0,-6,19.480903245526,,7000.0,0.0,0.0,0.0,46.20238416035293,optimal
2021-02-12 02:30:00,25,103,2.0,0.0,5.0,0.1784,10.8465,6.0,-6,19.51532300693044,,7000.0,0.0,0.0,0.0,48.53118177619257,optimal
2021-02-12 03:00:00,25,103,2.0,0.0,0.0,0.05,13.671,6.0,-6,19.553664527603463,,7000.0,0.0,0.0,0.0,48.48265059441637,optimal
2021-02-12 03:30:00,25,103,2.0,0.0,0.0,0.0793333333333333,12.348,6.0,-6,19.59047620383138,,7000.0,0.0,0.0,0.0,48.434167943821954,optimal
2021-02-12 04:00:00,25,103,2.0,0.0,0.0,0.1404,14.3325,6.0,-6,19.630914033750475,,7000.0,0.0,0.0,0.0,48.38573377587813,optimal
2021-02-12 04:30:00,25,103,2.0,0.0,0.0,0.04,15.393,6.0,-6,19.67582603673237,,7000.0,0.0,0.0,0.0,48.33734804210225,optimal
2021-02-12 05:00:00,25,103,2.0,0.0,0.0,0.0493333333333333,13.587,6.0,-6,19.721610538824443,,7000.0,0.0,0.0,0.0,48.28901069406015,optimal
2021-02-12 05:30:00,25,103,0.9399107105609148,0.0,0.0,0.0969333333333333,16.1385,6.0,-6,19.770363009113844,,3289.6874869632024,0.0,0.0,0.0,48.24072168336608,optimal
2021-02-12 06:00:00,25,103,2.0,0.0,0.0,0.1227999999999999,14.595,6.0,-6,19.74540802545707,,7000.0,0.0,0.0,0.0,48.19248096168271,optimal
2021-02-12 06:30:00,25,103,2.0,0.0,0.0,0.1024,14.637,6.0,-6,19.803040166740743,,7000.0,0.0,0.0,0.0,48.144288480721016,optimal
2021-02-12 07:00:00,25,103,2.0,0.0,0.0,0.3015333333333334,13.9125,6.0,-6,19.86089960157337,,7000.0,0.0,0.0,0.0,48.096144192240295,optimal
2021-02-12 07:30:00,25,103,2.0,0.0,0.0,0.6182000000000001,13.3665,6.0,-6,19.92898564586622,,7000.0,0.0,0.0,0.0,48.048048048048045,optimal
2021-02-12 08:00:00,25,103,2.0,0.0,0.0,2.285033333333333,13.0095,6.0,-6,20.0,,3074.6268491709284,0.0,3925.373150829072,0.0,48.0,optimal
2021-02-12 08:30:00,25,103,2.0,0.0,0.0,0.6666,13.8915,6.0,-6,20.0,,3597.7132220443373,0.0,3402.2867779556627,0.0,47.80755502251307,optimal
2021-02-12 09:00:00,25,103,2.0,0.0,0.0,1.2643666666666666,13.188,6.0,-6,20.0,,3979.0195238547553,0.0,3020.9804761452447,0.0,47.61530249000363,optimal
2021-02-12 09:30:00,25,103,2.0,0.0,0.0,0.3909666666666666,12.5685,6.0,-6,20.0,,4460.307071596647,0.0,2539.692928403353,0.0,47.4232422100267,optimal
2021-02-12 10:00:00,25,103,2.0,0.0,0.0,0.325,12.285,6.0,-6,20.01961598353915,,7000.0,0.0,0.0,0.0,47.23137399032974,optimal
2021-02-12 10:30:00,25,103,2.0,0.0,0.0,1.9090666666666665,11.487,6.0,-6,20.099372257835427,,7000.0,0.0,0.0,0.0,47.03969763885249,optimal
2021-02-12 11:00:00,25,103,2.0,0.0,0.0,0.5662999999999999,11.802,6.0,-6,20.204382370763994,,7000.0,0.0,0.0,0.0,46.84821296372671,optimal
2021-02-12 11:30:00,25,103,2.0,0.0,0.0,1.3049333333333335,11.2245,6.0,-6,20.29024099577014,,7000.0,0.0,0.0,0.0,46.65691977327606,optimal
2021-02-12 12:00:00,25,103,2.0,0.0,0.0,2.4240666666666666,11.025,6.0,-6,20.37521856131846,,7000.0,0.0,0.0,0.0,46.465817876015855,optimal
2021-02-12 12:30:00,25,103,2.0,0.0,0.0,0.387,11.907,6.0,-6,20.464295521912643,,7000.0,0.0,0.0,0.0,46.27490708065291,optimal
2021-02-12 13:00:00,25,103,0.0,0.0,0.0,0.5218666666666667,25.83,6.0,-6,20.538959092602383,,0.0,0.0,0.0,0.0,46.08418719608533,optimal
2021-02-12 13:30:00,25,103,0.0,0.0,0.0,0.2361333333333333,28.035,6.0,-6,20.46478332615713,,0.0,0.0,0.0,0.0,45.89365803140232,optimal
2021-02-12 14:00:00,25,103,0.0,0.0,0.0,0.2223333333333333,28.119,6.0,-6,20.38388857445848,,0.0,0.0,0.0,0.0,45.70331939588399,optimal
2021-02-12 14:30:00,25,103,0.0,0.0,0.0,0.3777333333333333,30.156,6.0,-6,20.3075821626841,,0.0,0.0,0.0,0.0,45.51317109900118,optimal
2021-02-12 15:00:00,25,103,0.0,0.0,0.0,0.05,29.1585,6.0,-6,20.23442265366286,,0.0,0.0,0.0,0.0,45.32321295041525,optimal
2021-02-12 15:30:00,25,103,0.0,0.0,0.0,0.05,26.712,6.0,-6,20.147291612048065,,0.0,0.0,0.0,0.0,45.13344475997791,optimal
2021-02-12 16:00:00,25,103,0.3424625697426514,0.0,0.0,0.1732,15.435,6.0,-6,20.059875353911064,,1198.61899409928,0.0,0.0,0.0,44.943866337731,optimal
2021-02-12 16:30:00,25,103,1.203452170834821,0.0,0.0,0.0558666666666666,13.566,6.0,-6,20.0,,4212.0825979218735,0.0,0.0,0.0,44.75447749390634,optimal
2021-02-12 17:00:00,25,103,1.7179078635973857,0.0,0.0,0.1321333333333333,12.789,6.0,-6,20.0,,5246.3441892575165,0.0,766.3333333333333,0.0,44.56527803892551,optimal
2021-02-12 17:30:00,25,103,2.0,0.0,0.0,0.0969333333333333,12.1275,6.0,-6,20.022016065978395,,7000.0,0.0,0.0,0.0,44.37626778339966,optimal
2021-02-12 18:00:00,25,103,0.0,0.0,0.0,0.2916333333333333,13.671,6.0,-6,20.07965277938745,,0.0,0.0,0.0,0.0,44.187446538129336,optimal
2021-02-12 18:30:00,25,103,2.0,0.0,0.0,0.3725,10.668,6.0,-6,20.0,,6373.0,0.0,627.0,0.0,43.99881411410428,optimal
2021-02-12 19:00:00,25,103,0.1874838320987009,0.0,0.0,0.3035333333333334,11.7285,6.0,-6,20.060779065179226,,656.1934123454532,0.0,0.0,0.0,43.810370322503246,optimal
2021-02-12 19:30:00,25,103,0.8965742951698834,0.0,0.0,0.4119666666666666,11.025,6.0,-6,20.0,,3068.343366427925,0.0,69.66666666666666,0.0,43.622114974693815,optimal
2021-02-12 20:00:00,25,103,0.869354729389884,0.0,0.0,0.7547999999999999,10.689,6.0,-6,20.0,,2973.074886197928,0.0,69.66666666666666,0.0,43.43404788223219,optimal
2021-02-12 20:30:00,25,103,0.0398095238095238,0.0,0.0,1.6056666666666668,8.1585,6.0,-6,20.0,,0.0,0.0,139.33333333333331,0.0,43.39061383434996,optimal
2021-02-12 21:00:00,25,103,0.0,0.0,0.0,0.4990333333333334,10.3635,6.0,-6,19.938510029163965,,0.0,0.0,0.0,0.0,43.347223220515616,optimal
2021-02-12 21:30:00,25,103,0.0,0.0,0.0,0.3283,10.8045,6.0,-6,19.871954307374573,,0.0,0.0,0.0,0.0,43.3038759972951,optimal
2021-02-12 22:00:00,25,103,0.0,0.0,0.0,0.2857333333333333,11.025,6.0,-6,19.80418649319771,,0.0,0.0,0.0,0.0,43.260572121297805,optimal
2021-02-12 22:30:00,25,103,0.0,0.0,0.0,0.1757666666666666,10.3635,6.0,-6,19.736950849197125,,0.0,0.0,0.0,0.0,43.21731154917651,optimal
2021-02-12 23:00:00,25,103,0.0,0.0,0.0,0.1986,10.8045,6.0,-6,19.66495129378576,,0.0,0.0,0.0,0.0,43.17409423762733,optimal
2021-02-12 23:30:00,25,103,0.0,0.0,0.0,0.1635666666666666,10.059,6.0,-6,19.59152066846701,,0.0,0.0,0.0,0.0,43.1309201433897,optimal
2021-02-13 00:00:00,25,103,2.0,0.0,5.0,0.057,7.056,6.0,1,19.59152066846701,,6303.333333333333,0.0,696.6666666666666,0.0,45.46278922324631,optimal
2021-02-13 00:30:00,25,103,2.0,0.0,0.0,0.1252333333333333,9.3975,6.0,1,19.64716536372482,,0.0,0.0,7000.0,0.0,45.41732643402307,optimal
2021-02-13 01:00:00,25,103,2.0,0.0,0.0,0.2966333333333333,10.059,6.0,1,19.56861406317532,,5291.666666666667,0.0,1708.3333333333333,0.0,45.37190910758905,optimal
2021-02-13 01:30:00,25,103,2.0,0.0,0.0,0.059,9.261,6.0,1,19.60155494440578,,7000.0,0.0,0.0,0.0,45.32653719848146,optimal
2021-02-13 02:00:00,25,103,2.0,0.0,0.0,0.2555333333333333,8.1585,6.0,1,19.66553205221228,,7000.0,0.0,0.0,0.0,45.28121066128298,optimal
2021-02-13 02:30:00,25,103,2.0,0.0,0.0,0.1544666666666666,9.4815,6.0,1,19.733582857129,,7000.0,0.0,0.0,0.0,45.2359294506217,optimal
2021-02-13 03:00:00,25,103,2.0,0.0,0.0,0.1402666666666666,8.379,6.0,1,19.799120257751568,,7000.0,0.0,0.0,0.0,45.19069352117108,optimal
2021-02-13 03:30:00,25,103,2.0,0.0,0.0,0.1026333333333333,9.5235,6.0,1,19.86401931936941,,7000.0,0.0,0.0,0.0,45.14550282764991,optimal
2021-02-13 04:00:00,25,103,2.0,0.0,0.0,0.2605,8.1375,6.0,1,19.92772420902096,,7000.0,0.0,0.0,0.0,45.100357324822255,optimal
2021-02-13 04:30:00,25,103,2.0,0.0,0.0,0.059,10.0905,6.0,1,19.99423641336812,,7000.0,0.0,0.0,0.0,45.05525696749744,optimal
2021-02-13 05:00:00,25,103,2.0,0.0,5.0,0.1641,7.539,6.0,1,20.0557515474881,,7000.0,0.0,0.0,0.0,47.38520171052994,optimal
2021-02-13 05:30:00,25,103,2.0,0.0,1.7992935849753766,0.2584333333333333,7.938,6.0,1,20.118746336537832,,7000.0,0.0,0.0,0.0,48.19248096168271,optimal
2021-02-13 06:00:00,25,103,2.0,0.0,0.0,0.1019,8.274,6.0,1,20.182987425068166,,7000.0,0.0,0.0,0.0,48.144288480721016,optimal
2021-02-13 06:30:00,25,103,2.0,0.0,0.0,0.2825666666666667,9.261,6.0,1,20.24318831337456,,7000.0,0.0,0.0,0.0,48.096144192240295,optimal
2021-02-13 07:00:00,25,103,2.0,0.0,0.0,0.1348333333333333,9.9225,6.0,1,20.307232656017685,,7000.0,0.0,0.0,0.0,48.048048048048045,optimal
2021-02-13 07:30:00,25,103,2.0,0.0,0.0,1.3149000000000002,9.702,6.0,1,20.37657865005181,,7000.0,0.0,0.0,0.0,48.0,optimal
2021-02-13 08:00:00,25,103,2.0,0.0,0.0,1.4368,10.584,6.0,1,20.455410079751296,,7000.0,0.0,0.0,0.0,47.91082695180403,optimal
2021-02-13 08:30:00,25,103,2.0,0.0,0.0,0.0986,10.143,6.0,1,20.530823797627583,,7000.0,0.0,0.0,0.0,47.82174307665626,optimal
2021-02-13 09:00:00,25,103,0.0,0.0,0.0,0.3362666666666666,13.0095,6.0,1,20.581623756918475,,0.0,0.0,0.0,0.0,47.73274828538364,optimal
2021-02-13 09:30:00,25,103,2.0,0.0,0.0,0.1834666666666666,11.025,6.0,1,20.49313669684926,,7000.0,0.0,0.0,0.0,47.64384248890229,optimal
2021-02-13 10:00:00,25,103,0.0,0.0,0.0,1.2514333333333334,12.789,6.0,1,20.55143011203164,,0.0,0.0,0.0,0.0,47.55502559821743,optimal
2021-02-13 10:30:00,25,103,2.0,0.0,0.0,1.4932,12.1275,6.0,1,20.468731104657543,,7000.0,0.0,0.0,0.0,47.46629752442325,optimal
2021-02-13 11:00:00,25,103,2.0,0.0,0.0,0.1995666666666666,12.1695,6.0,1,20.539763969005016,,7000.0,0.0,0.0,0.0,47.37765817870286,optimal
2021-02-13 11:30:00,25,103,0.2020862324443151,0.0,0.0,0.3020666666666666,12.306,6.0,1,20.59438510476488,,707.301813555103,0.0,0.0,0.0,47.28910747232819,optimal
2021-02-13 12:00:00,25,103,0.0,0.0,0.0,0.316,13.23,6.0,1,20.51828164795238,,0.0,0.0,0.0,0.0,47.20064531665989,optimal
2021-02-13 12:30:00,25,103,0.0,0.0,0.0,0.2093,13.671,6.0,1,20.42692693439624,,0.0,0.0,0.0,0.0,47.11227162314727,optimal
2021-02-13 13:00:00,25,103,0.0,0.0,0.0,0.2242333333333332,13.9335,6.0,1,20.336954668108746,,0.0,0.0,0.0,0.0,47.02398630332816,optimal
2021-02-13 13:30:00,25,103,0.0,0.0,0.0,0.0883333333333333,13.293,6.0,1,20.248081414083693,,0.0,0.0,0.0,0.0,46.93578926882886,optimal
2021-02-13 14:00:00,25,103,2.0,0.0,0.0,0.2261999999999999,12.1065,6.0,1,20.157358637337666,,7000.0,0.0,0.0,0.0,46.84768043136407,optimal
2021-02-13 14:30:00,25,103,2.0,0.0,0.0,0.0854,11.571,6.0,1,20.21775611184861,,7000.0,0.0,0.0,0.0,46.75965970273674,optimal
2021-02-13 15:00:00,25,103,2.0,0.0,0.0,0.1668,11.025,6.0,1,20.27536935303625,,7000.0,0.0,0.0,0.0,46.67172699483804,optimal
2021-02-13 15:30:00,25,103,2.0,0.0,0.0,0.8254333333333332,10.8465,6.0,1,20.33488839126656,,7000.0,0.0,0.0,0.0,46.58388221964724,optimal
2021-02-13 16:00:00,25,103,2.0,0.0,0.0,0.3318333333333333,11.2455,6.0,1,20.405587818003983,,7000.0,0.0,0.0,0.0,46.49612528923162,optimal
2021-02-13 16:30:00,25,103,0.0,0.0,0.0,0.2171333333333333,23.8665,6.0,1,20.479944576342906,,0.0,0.0,0.0,0.0,46.408456115746425,optimal
2021-02-13 17:00:00,25,103,0.0,0.0,0.0,1.2977333333333332,27.4575,6.0,1,20.39841692490926,,0.0,0.0,0.0,0.0,46.32087461143471,optimal
2021-02-13 17:30:00,25,103,0.0,0.0,0.0,1.3518666666666663,27.3735,6.0,1,20.33184566638836,,0.0,0.0,0.0,0.0,46.233380688627314,optimal
2021-02-13 18:00:00,25,103,0.0,0.0,0.0,0.2122333333333333,30.4605,6.0,1,20.273119802197744,,0.0,0.0,0.0,0.0,46.14597425974272,optimal
2021-02-13 18:30:00,25,103,0.0,0.0,0.0,0.22,30.0195,6.0,1,20.194641739056816,,0.0,0.0,0.0,0.0,46.05865523728701,optimal
2021-02-13 19:00:00,25,103,0.0,0.0,0.0,0.2921333333333333,26.9325,6.0,1,20.127236277195,,0.0,0.0,0.0,0.0,45.97142353385376,optimal
2021-02-13 19:30:00,25,103,0.0,0.0,0.0,0.3323333333333333,14.595,6.0,1,20.064736636903344,,0.0,0.0,0.0,0.0,45.88427906212394,optimal
2021-02-13 20:00:00,25,103,0.7347280627232384,0.0,0.0,0.5811666666666666,12.4845,6.0,1,20.0,,2571.5482195313343,0.0,0.0,0.0,45.79722173486585,optimal
2021-02-13 20:30:00,25,103,0.0,0.0,0.0,1.8549666666666669,12.1275,6.0,1,20.0,,0.0,0.0,0.0,0.0,45.71025146493502,optimal
2021-02-13 21:00:00,25,103,0.0,0.0,0.0,0.4697333333333333,12.1275,6.0,1,19.94358543572653,,0.0,0.0,0.0,0.0,45.62336816527412,optimal
2021-02-13 21:30:00,25,103,0.0,0.0,0.0,0.3384,12.789,6.0,1,19.87444389725201,,0.0,0.0,0.0,0.0,45.53657174891288,optimal
2021-02-13 22:00:00,25,103,0.0,0.0,0.0,0.5355,11.907,6.0,1,19.80428882288166,,0.0,0.0,0.0,0.0,45.44986212896801,optimal
2021-02-13 22:30:00,25,103,0.0,0.0,0.0,0.4429333333333333,11.025,6.0,1,19.737154560441308,,0.0,0.0,0.0,0.0,45.36323921864307,optimal
2021-02-13 23:00:00,25,103,0.6170476190476191,0.0,0.0,0.2103666666666666,8.2005,6.0,1,19.668469813662394,,0.0,0.0,2159.6666666666665,0.0,45.31787597942443,optimal
2021-02-13 23:30:00,25,103,0.0,0.0,0.0,0.323,9.5655,6.0,1,19.60011468188743,,0.0,0.0,0.0,0.0,45.27255810344501,optimal
2021-02-07 00:00:00,26,103,0.0,0.0,0.0,0.055,15.6975,6.0,10,21.0,,0.0,0.0,0.0,0.0,47.952,optimal
2021-02-07 00:30:00,26,103,0.0,0.0,0.0,0.055,12.5475,6.0,10,20.92449472086325,,0.0,0.0,0.0,0.0,47.904048,optimal
2021-02-07 01:00:00,26,103,0.0,0.0,0.0,0.055,12.0855,6.0,10,20.84887831694766,,0.0,0.0,0.0,0.0,47.856143952,optimal
2021-02-07 01:30:00,26,103,0.0,0.0,0.0,0.055,11.907,6.0,10,20.773151292391088,,0.0,0.0,0.0,0.0,47.80828780804799,optimal
2021-02-07 02:00:00,26,103,0.0,0.0,0.0,0.055,12.5685,6.0,10,20.697540983184336,,0.0,0.0,0.0,0.0,47.76047952023995,optimal
2021-02-07 02:30:00,26,103,0.0,0.0,0.0,0.055,13.146,6.0,10,20.62204685982688,,0.0,0.0,0.0,0.0,47.712719040719705,optimal
2021-02-07 03:00:00,26,103,0.0,0.0,0.0,0.055,10.584,6.0,10,20.546441561080343,,0.0,0.0,0.0,0.0,47.66500632167899,optimal
2021-02-07 03:30:00,26,103,2.0,0.0,0.0,0.055,6.678,6.0,10,20.47072559131221,,7000.0,0.0,0.0,0.0,47.61734131535731,optimal
2021-02-07 04:00:00,26,103,0.0,0.0,0.0,0.055,7.938,6.0,10,20.542479141407764,,0.0,0.0,0.0,0.0,47.56972397404195,optimal
2021-02-07 04:30:00,26,103,2.0,0.0,0.0,0.055,5.292,6.0,10,20.46632747960073,,7000.0,0.0,0.0,0.0,47.52215425006791,optimal
2021-02-07 05:00:00,26,103,0.0,0.0,0.0,0.055,9.261,6.0,10,20.53787414839401,,0.0,0.0,0.0,0.0,47.47463209581784,optimal
2021-02-07 05:30:00,26,103,0.0,0.0,0.0,0.055,10.3635,6.0,10,20.461743377979577,,0.0,0.0,0.0,0.0,47.42715746372202,optimal
2021-02-07 06:00:00,26,103,0.0,0.0,0.0,0.055,8.274,6.0,10,20.385957988721888,,0.0,0.0,0.0,0.0,47.379730306258296,optimal
2021-02-07 06:30:00,26,103,0.0987322997954538,0.0,0.0,0.055,7.7175,6.0,10,20.31051641373619,,345.56304928408866,0.0,0.0,0.0,47.332350575952034,optimal
2021-02-07 07:00:00,26,103,2.0,0.0,0.0,0.0684,6.615,6.0,10,20.24246450221746,,7000.0,0.0,0.0,0.0,47.285018225376085,optimal
2021-02-07 07:30:00,26,103,2.0,0.0,0.0,0.074,6.174,6.0,10,20.316925130282453,,7000.0,0.0,0.0,0.0,47.23773320715071,optimal
2021-02-07 08:00:00,26,103,2.0,0.0,0.0,0.076,3.906,6.0,10,20.39073793885411,,7000.0,0.0,0.0,0.0,47.19049547394357,optimal
2021-02-07 08:30:00,26,103,2.0,0.0,0.0,0.0882666666666666,2.3415,6.0,10,20.46648945360246,,7000.0,0.0,0.0,0.0,47.14330497846962,optimal
2021-02-07 09:00:00,26,103,2.0,0.0,1.902817529492309,0.857,2.205,6.0,10,20.54338117009133,,7000.0,0.0,0.0,0.0,48.0,optimal
2021-02-07 09:30:00,26,103,2.0,0.0,0.0,2.3584,0.882,6.0,10,20.62318948242117,,7000.0,0.0,0.0,0.0,47.84517559832809,optimal
2021-02-07 10:00:00,26,103,2.0,0.0,0.0,1.6192666666666669,1.5435,6.0,10,20.699443275984645,,7000.0,0.0,0.0,0.0,47.69050602105786,optimal
2021-02-07 10:30:00,26,103,2.0,0.0,0.0,0.065,1.5435,6.0,10,20.772507412395893,,7000.0,0.0,0.0,0.0,47.535991113364894,optimal
2021-02-07 11:00:00,26,103,2.0,0.0,0.0,0.065,5.0715,6.0,10,20.83332376298357,,7000.0,0.0,0.0,0.0,47.38163072057962,optimal
2021-02-07 11:30:00,26,103,2.0,0.0,0.0,0.065,5.376,6.0,10,20.893410541873987,,7000.0,0.0,0.0,0.0,47.227424688187135,optimal
2021-02-07 12:00:00,26,103,2.0,0.0,0.0,0.065,5.0715,6.0,10,20.953224726108058,,7000.0,0.0,0.0,0.0,47.07337286182704,optimal
2021-02-07 12:30:00,26,103,2.0,0.0,0.0,0.065,5.5125,6.0,10,21.01276755309869,,7000.0,0.0,0.0,0.0,46.91947508729331,optimal
2021-02-07 13:00:00,26,103,0.0,0.0,0.0,0.065,9.261,6.0,10,21.07204025317021,,0.0,0.0,0.0,0.0,46.765731210534106,optimal
2021-02-07 13:30:00,26,103,0.0,0.0,0.0,0.065,11.7075,6.0,10,20.98369119646261,,0.0,0.0,0.0,0.0,46.612141077651664,optimal
2021-02-07 14:00:00,26,103,0.0,0.0,0.0,0.065,12.348,6.0,10,20.89596978554108,,0.0,0.0,0.0,0.0,46.4587045349021,optimal
2021-02-07 14:30:00,26,103,0.0,0.0,0.0,0.065,12.348,6.0,10,20.80887317324965,,0.0,0.0,0.0,0.0,46.3054214286953,optimal
2021-02-07 15:00:00,26,103,0.0,0.0,0.0,0.798,12.1275,6.0,10,20.722398524801253,,0.0,0.0,0.0,0.0,46.15229160559469,optimal
2021-02-07 15:30:00,26,103,0.0,0.0,0.0,0.1360666666666666,12.5265,6.0,10,20.64428395582813,,0.0,0.0,0.0,0.0,45.99931491231719,optimal
2021-02-07 16:00:00,26,103,0.0,0.0,0.0,0.3995,11.7495,6.0,10,20.572277673443523,,0.0,0.0,0.0,0.0,45.846491195732966,optimal
2021-02-07 16:30:00,26,103,0.0,0.0,0.0,2.4730333333333334,13.23,6.0,10,20.510053328165974,,0.0,0.0,0.0,0.0,45.693820302865326,optimal
2021-02-07 17:00:00,26,103,0.0,0.0,0.0,0.188,14.3325,6.0,10,20.451484443432715,,0.0,0.0,0.0,0.0,45.54130208089055,optimal
2021-02-07 17:30:00,26,103,0.0,0.0,0.0,1.6435333333333333,14.994,6.0,10,20.386811603499847,,0.0,0.0,0.0,0.0,45.38893637713775,optimal
2021-02-07 18:00:00,26,103,0.0,0.0,0.0,0.8426666666666667,14.8155,6.0,10,20.32090779535383,,0.0,0.0,0.0,0.0,45.23672303908871,optimal
2021-02-07 18:30:00,26,103,0.0,0.0,0.0,0.1099333333333333,14.112,6.0,10,20.255601568465096,,0.0,0.0,0.0,0.0,45.08466191437771,optimal
2021-02-07 19:00:00,26,103,0.0,0.0,0.0,2.415366666666667,14.007,6.0,10,20.189701374378288,,0.0,0.0,0.0,0.0,44.932752850791424,optimal
2021-02-07 19:30:00,26,103,0.0,0.0,0.0,0.6185333333333333,13.23,6.0,10,20.12843391727221,,0.0,0.0,0.0,0.0,44.780995696268725,optimal
2021-02-07 20:00:00,26,103,0.0,0.0,0.0,2.251033333333333,11.382,6.0,10,20.06409374760598,,0.0,0.0,0.0,0.0,44.62939029890055,optimal
2021-02-07 20:30:00,26,103,0.0,0.0,0.0,0.4315333333333334,11.7495,6.0,10,20.0,,0.0,0.0,0.0,0.0,44.47793650692974,optimal
2021-02-07 21:00:00,26,103,0.0,0.0,0.0,0.458,24.3285,6.0,10,19.93756421739186,,0.0,0.0,0.0,0.0,44.3266341687509,optimal
2021-02-07 21:30:00,26,103,0.0,0.0,0.0,0.3094666666666666,28.917,6.0,10,19.873760951320666,,0.0,0.0,0.0,0.0,44.17548313291024,optimal
2021-02-07 22:00:00,26,103,0.0,0.0,0.0,0.065,31.3635,6.0,10,19.80994120783578,,0.0,0.0,0.0,0.0,44.13130764977733,optimal
2021-02-07 22:30:00,26,103,0.0,0.0,0.0,0.065,33.306,6.0,10,19.734844496872498,,0.0,0.0,0.0,0.0,44.08717634212756,optimal
2021-02-07 23:00:00,26,103,0.0,0.0,0.0,0.065,31.3425,6.0,10,19.660088475866235,,0.0,0.0,0.0,0.0,44.04308916578543,optimal
2021-02-07 23:30:00,26,103,0.0,0.0,0.0,0.065,28.2555,6.0,10,19.58567159921472,,0.0,0.0,0.0,0.0,43.99904607661965,optimal
2021-02-08 00:00:00,26,103,2.0,0.0,0.0,0.058,11.025,6.0,1,19.58567159921472,,7000.0,0.0,0.0,0.0,43.95504703054303,optimal
2021-02-08 00:30:00,26,103,2.0,0.0,0.0,0.058,5.9745,6.0,1,19.65719576613746,,0.0,0.0,7000.0,0.0,43.911091983512485,optimal
2021-02-08 01:00:00,26,103,2.0,0.0,0.0,0.119,7.938,6.0,1,19.58104259593633,,1460.0,0.0,5540.0,0.0,43.867180891528974,optimal
2021-02-08 01:30:00,26,103,2.0,0.0,0.0,0.1311999999999999,8.6835,6.0,1,19.537252578790817,,7000.0,0.0,0.0,0.0,43.82331371063744,optimal
2021-02-08 02:00:00,26,103,2.0,0.0,0.0,0.058,7.665,6.0,1,19.61031046316236,,7000.0,0.0,0.0,0.0,43.7794903969268,optimal
2021-02-08 02:30:00,26,103,2.0,0.0,0.0,0.1921999999999999,6.7725,6.0,1,19.68126918309472,,7000.0,0.0,0.0,0.0,43.735710906529874,optimal
2021-02-08 03:00:00,26,103,2.0,0.0,0.0,0.058,5.5755,6.0,1,19.754957784690863,,7000.0,0.0,0.0,0.0,43.69197519562334,optimal
2021-02-08 03:30:00,26,103,2.0,0.0,4.460269227191418,0.0885,5.0925,6.0,1,19.82571395388755,,7000.0,0.0,0.0,0.0,45.76691110334364,optimal
2021-02-08 04:00:00,26,103,2.0,0.0,5.0,0.1616999999999999,4.1895,6.0,1,19.89656432808655,,7000.0,0.0,0.0,0.0,48.096144192240295,optimal
2021-02-08 04:30:00,26,103,2.0,0.0,0.0,0.058,7.056,6.0,1,19.96840733232311,,7000.0,0.0,0.0,0.0,48.048048048048045,optimal
2021-02-08 05:00:00,26,103,2.0,0.0,0.0,0.1908666666666666,5.271,6.0,1,20.03728781206809,,7000.0,0.0,0.0,0.0,48.0,optimal
2021-02-08 05:30:00,26,103,2.0,0.0,0.0,0.056,7.938,6.0,1,20.108704241950267,,7000.0,0.0,0.0,0.0,47.78029276067061,optimal
2021-02-08 06:00:00,26,103,2.0,0.0,0.0,0.1612666666666666,7.938,6.0,1,20.179067440936887,,7000.0,0.0,0.0,0.0,47.56080522858056,optimal
2021-02-08 06:30:00,26,103,2.0,0.0,0.0,0.0925999999999999,11.907,6.0,1,20.255205326053733,,7000.0,0.0,0.0,0.0,47.34153718402259,optimal
2021-02-08 07:00:00,26,103,2.0,0.0,0.0,1.3724666666666667,11.025,6.0,1,20.33203047966392,,7000.0,0.0,0.0,0.0,47.12248840750918,optimal
2021-02-08 07:30:00,26,103,2.0,0.0,0.0,0.6193,11.2875,6.0,1,20.416931564382526,,7000.0,0.0,0.0,0.0,46.903658679772285,optimal
2021-02-08 08:00:00,26,103,0.1294274838061962,0.0,0.0,0.2459,12.936,6.0,1,20.498769549088625,,452.9961933216867,0.0,0.0,0.0,46.68504778176312,optimal
2021-02-08 08:30:00,26,103,0.0,0.0,0.0,0.182,13.0095,6.0,1,20.43912768083639,,0.0,0.0,0.0,0.0,46.46665549465197,optimal
2021-02-08 09:00:00,26,103,0.0,0.0,0.0,1.336,13.671,6.0,1,20.3703654991985,,0.0,0.0,0.0,0.0,46.24848159982793,optimal
2021-02-08 09:30:00,26,103,0.0,0.0,0.0,2.275333333333333,13.188,6.0,1,20.304885872379128,,0.0,0.0,0.0,0.0,46.03052587889872,optimal
2021-02-08 10:00:00,26,103,0.0,0.0,0.0,0.9157333333333332,13.8495,6.0,1,20.2474707087378,,0.0,0.0,0.0,0.0,45.81278811369044,optimal
2021-02-08 10:30:00,26,103,2.0,0.0,0.0,0.4451333333333333,13.23,6.0,1,20.182856751874688,,7000.0,0.0,0.0,0.0,45.59526808624736,optimal
2021-02-08 11:00:00,26,103,0.0,0.0,0.0,0.3214666666666666,13.3665,6.0,1,20.265067523223983,,0.0,0.0,0.0,0.0,45.37796557883173,optimal
2021-02-08 11:30:00,26,103,2.0,0.0,0.0,0.2092,13.0515,6.0,1,20.195223237900603,,7000.0,0.0,0.0,0.0,45.16088037392351,optimal
2021-02-08 12:00:00,26,103,0.0,0.0,0.0,0.3357333333333333,13.5345,6.0,1,20.26813237785901,,0.0,0.0,0.0,0.0,44.944012254220205,optimal
2021-02-08 12:30:00,26,103,0.0,0.0,0.0,0.2100333333333333,14.154,6.0,1,20.19819776970851,,0.0,0.0,0.0,0.0,44.7273610026366,optimal
2021-02-08 13:00:00,26,103,0.0,0.0,0.0,0.4271999999999999,14.112,6.0,1,20.12875732010114,,0.0,0.0,0.0,0.0,44.51092640230458,optimal
2021-02-08 13:30:00,26,103,0.0,0.0,0.0,0.3251,14.2485,6.0,1,20.062811697827684,,0.0,0.0,0.0,0.0,44.29470823657289,optimal
2021-02-08 14:00:00,26,103,2.0,0.0,0.0,0.4052,12.789,6.0,1,20.0,,7000.0,0.0,0.0,0.0,44.07870628900693,optimal
2021-02-08 14:30:00,26,103,1.5970565310643887,0.0,0.0,3.1522,13.0095,6.0,1,20.08112822048152,,5589.697858725361,0.0,0.0,0.0,43.86292034338854,optimal
2021-02-08 15:00:00,26,103,2.0,0.0,0.0,3.8578333333333337,12.1275,6.0,1,20.149526688500167,,7000.0,0.0,0.0,0.0,43.647350183715766,optimal
2021-02-08 15:30:00,26,103,2.0,0.0,0.0,0.1108,12.348,6.0,1,20.26341201210317,,7000.0,0.0,0.0,0.0,43.43199559420266,optimal
2021-02-08 16:00:00,26,103,2.0,0.0,0.0,0.1255333333333333,12.348,6.0,1,20.34385830839146,,7000.0,0.0,0.0,0.0,43.21685635927907,optimal
2021-02-08 16:30:00,26,103,0.0,0.0,0.0,0.2198666666666666,25.389,6.0,1,20.42374687311517,,0.0,0.0,0.0,0.0,43.001932263590405,optimal
2021-02-08 17:00:00,26,103,0.0,0.0,0.0,0.1406,29.1375,6.0,1,20.358446330464915,,0.0,0.0,0.0,0.0,42.78722309199743,optimal
2021-02-08 17:30:00,26,103,0.0,0.0,0.0,0.2799666666666666,30.597,6.0,1,20.29078419658417,,0.0,0.0,0.0,0.0,42.57272862957604,optimal
2021-02-08 18:00:00,26,103,0.0,0.0,0.0,0.2741,33.684,6.0,1,20.23047944361453,,0.0,0.0,0.0,0.0,42.35844866161708,optimal
2021-02-08 18:30:00,26,103,0.0,0.0,0.0,0.7273666666666667,32.445,6.0,1,20.17004544517973,,0.0,0.0,0.0,0.0,42.14438297362607,optimal
2021-02-08 19:00:00,26,103,0.0,0.0,0.0,1.1078666666666666,28.917,6.0,1,20.113304253934352,,0.0,0.0,0.0,0.0,41.93053135132306,optimal
2021-02-08 19:30:00,26,103,0.0,0.0,0.0,0.4567333333333333,15.876,6.0,1,20.05746635706689,,0.0,0.0,0.0,0.0,41.71689358064235,optimal
2021-02-08 20:00:00,26,103,0.7403855413440384,0.0,0.0,0.5596,12.348,6.0,1,20.0,,2591.3493947041343,0.0,0.0,0.0,41.50346944773232,optimal
2021-02-08 20:30:00,26,103,0.0995238095238095,0.0,0.0,0.408,12.1275,6.0,1,20.0,,0.0,0.0,348.3333333333333,0.0,41.2902587389552,optimal
2021-02-08 21:00:00,26,103,0.0,0.0,0.0,0.4124666666666666,12.348,6.0,1,19.94063432232608,,0.0,0.0,0.0,0.0,41.07726124088686,optimal
2021-02-08 21:30:00,26,103,0.1791428571428571,0.0,0.0,0.4741333333333333,12.1275,6.0,1,19.87719979769984,,0.0,0.0,627.0,0.0,40.86447674031659,optimal
2021-02-08 22:00:00,26,103,0.0,0.0,0.0,0.2746,12.1275,6.0,1,19.81742099320756,,0.0,0.0,0.0,0.0,40.65190502424689,optimal
2021-02-08 22:30:00,26,103,0.0,0.0,0.0,0.3476666666666667,11.2665,6.0,1,19.75291308522208,,0.0,0.0,0.0,0.0,40.43954587989325,optimal
2021-02-08 23:00:00,26,103,0.0398095238095238,0.0,0.0,0.3473333333333333,10.143,6.0,1,19.688023323007144,,0.0,0.0,139.33333333333331,0.0,40.227399094683975,optimal
2021-02-08 23:30:00,26,103,0.0,0.0,0.0,0.3911666666666666,11.2455,6.0,1,19.622260859371536,,0.0,0.0,0.0,0.0,40.18717169558929,optimal
2021-02-09 00:00:00,26,103,2.0,0.0,0.0,0.9092666666666668,11.6865,6.0,3,19.622260859371536,,6512.333333333333,0.0,487.6666666666667,0.0,40.1469845238937,optimal
2021-02-09 00:30:00,26,103,2.0,0.0,0.0,1.4126,11.466,6.0,3,19.684624817428386,,0.0,0.0,7000.0,0.0,40.106837539369806,optimal
2021-02-09 01:00:00,26,103,2.0,0.0,3.0315620641184933,2.0786333333333333,10.8045,6.0,3,19.62071121117489,,0.0,0.0,7000.0,0.0,41.50672268228672,optimal
2021-02-09 01:30:00,26,103,2.0,0.0,5.0,0.5205666666666667,10.584,6.0,3,19.55746995733336,,1772.0,0.0,5228.0,0.0,43.84021595960443,optimal
2021-02-09 02:00:00,26,103,2.0,0.0,0.0,0.2774666666666666,11.2455,6.0,3,19.532062978914222,,7000.0,0.0,0.0,0.0,43.79637574364482,optimal
2021-02-09 02:30:00,26,103,2.0,0.0,0.0,0.4236666666666667,12.1275,6.0,3,19.61302484935601,,7000.0,0.0,0.0,0.0,43.75257936790118,optimal
2021-02-09 03:00:00,26,103,2.0,0.0,0.0,0.3608,11.823,6.0,3,19.69582359058625,,7000.0,0.0,0.0,0.0,43.70882678853327,optimal
2021-02-09 03:30:00,26,103,2.0,0.0,0.0,2.0196666666666667,11.7705,6.0,3,19.775220544644448,,7000.0,0.0,0.0,0.0,43.66511796174473,optimal
2021-02-09 04:00:00,26,103,2.0,0.0,0.0,0.4293333333333333,11.13,6.0,3,19.85557964834908,,7000.0,0.0,0.0,0.0,43.621452843782976,optimal
2021-02-09 04:30:00,26,103,2.0,0.0,0.0,0.3680666666666666,11.6865,6.0,3,19.93788590589944,,7000.0,0.0,0.0,0.0,43.5778313909392,optimal
2021-02-09 05:00:00,26,103,2.0,0.0,5.0,0.2603333333333333,10.7205,6.0,3,20.01778070375892,,7000.0,0.0,0.0,0.0,45.909253559548254,optimal
2021-02-09 05:30:00,26,103,2.0,0.0,0.0,2.445333333333333,11.424,6.0,3,20.096703602965217,,7000.0,0.0,0.0,0.0,45.8633443059887,optimal
2021-02-09 06:00:00,26,103,2.0,0.0,5.0,2.1686,10.689,6.0,3,20.18364651632025,,7000.0,0.0,0.0,0.0,48.19248096168271,optimal
2021-02-09 06:30:00,26,103,2.0,0.0,0.0,2.5912333333333333,11.361,6.0,3,20.263181703053785,,7000.0,0.0,0.0,0.0,48.144288480721016,optimal
2021-02-09 07:00:00,26,103,2.0,0.0,0.0,2.318866666666666,11.571,6.0,3,20.36709978482132,,7000.0,0.0,0.0,0.0,48.096144192240295,optimal
2021-02-09 07:30:00,26,103,0.0,0.0,0.0,0.8205333333333333,14.3745,6.0,3,20.445215714737373,,0.0,0.0,0.0,0.0,48.048048048048045,optimal
2021-02-09 08:00:00,26,103,2.0,0.0,0.0,1.6501333333333337,13.23,6.0,3,20.36784491192191,,7000.0,0.0,0.0,0.0,48.0,optimal
2021-02-09 08:30:00,26,103,0.0,0.0,0.0,0.8183333333333334,13.9755,6.0,3,20.438877022635445,,0.0,0.0,0.0,0.0,47.86508742912622,optimal
2021-02-09 09:00:00,26,103,0.0,0.0,0.0,0.9682666666666668,14.994,6.0,3,20.36578622758153,,0.0,0.0,0.0,0.0,47.73030977082332,optimal
2021-02-09 09:30:00,26,103,2.0,0.0,0.0,4.1179,13.671,6.0,3,20.302933217858744,,7000.0,0.0,0.0,0.0,47.59566689017872,optimal
2021-02-09 10:00:00,26,103,0.0,0.0,0.0,3.2159,15.981,6.0,3,20.41281031888623,,0.0,0.0,0.0,0.0,47.46115865241476,optimal
2021-02-09 10:30:00,26,103,0.0,0.0,0.0,2.9269666666666665,15.6345,6.0,3,20.350813740823828,,0.0,0.0,0.0,0.0,47.32678492288856,optimal
2021-02-09 11:00:00,26,103,0.0,0.0,0.0,2.3100666666666667,16.5375,6.0,3,20.281694406527453,,0.0,0.0,0.0,0.0,47.1925455670919,optimal
2021-02-09 11:30:00,26,103,0.0,0.0,0.0,0.3106,14.7735,6.0,3,20.21023297192112,,0.0,0.0,0.0,0.0,47.05844045065103,optimal
2021-02-09 12:00:00,26,103,0.0,0.0,0.0,0.6051333333333333,15.2145,6.0,3,20.13378911878328,,0.0,0.0,0.0,0.0,46.9244694393266,optimal
2021-02-09 12:30:00,26,103,0.0,0.0,0.0,1.4401333333333337,14.553,6.0,3,20.0645365893923,,0.0,0.0,0.0,0.0,46.7906323990135,optimal
2021-02-09 13:00:00,26,103,2.0,0.0,0.0,0.3514,14.3325,6.0,3,20.00594965355268,,7000.0,0.0,0.0,0.0,46.6569291957407,optimal
2021-02-09 13:30:00,26,103,1.0386905560433712,0.0,0.0,0.5886,14.595,6.0,3,20.07841744771326,,3635.4169461518,0.0,0.0,0.0,46.52335969567118,optimal
2021-02-09 14:00:00,26,103,0.0,0.0,0.0,1.3191,14.994,6.0,3,20.07852790204021,,0.0,0.0,0.0,0.0,46.38992376510173,optimal
2021-02-09 14:30:00,26,103,0.9675089132598848,0.0,0.0,1.7934666666666668,14.3325,6.0,3,20.0,,3386.2811964095968,0.0,0.0,0.0,46.25662127046285,optimal
2021-02-09 15:00:00,26,103,1.719258687259537,0.0,0.0,1.0974000000000002,13.8915,6.0,3,20.0,,6017.40540540838,0.0,0.0,0.0,46.12345207831861,optimal
2021-02-09 15:30:00,26,103,2.0,0.0,0.0,0.5335666666666667,13.8915,6.0,3,20.05760405607193,,7000.0,0.0,0.0,0.0,45.99041605536651,optimal
2021-02-09 16:00:00,26,103,2.0,0.0,0.0,1.2064,13.4715,6.0,3,20.13927153593958,,7000.0,0.0,0.0,0.0,45.85751306843736,optimal
2021-02-09 16:30:00,26,103,2.0,0.0,0.0,1.2202666666666668,13.23,6.0,3,20.22292363404329,,7000.0,0.0,0.0,0.0,45.72474298449514,optimal
2021-02-09 17:00:00,26,103,2.0,0.0,0.0,0.8229333333333333,13.8915,6.0,3,20.29151430952173,,7000.0,0.0,0.0,0.0,45.59210567063687,optimal
2021-02-09 17:30:00,26,103,0.0,0.0,0.0,0.6693333333333333,26.9325,6.0,3,20.3696031967824,,0.0,0.0,0.0,0.0,45.459600994092455,optimal
2021-02-09 18:00:00,26,103,0.0,0.0,0.0,2.078866666666667,30.303,6.0,3,20.296938588023416,,0.0,0.0,0.0,0.0,45.32722882222458,optimal
2021-02-09 18:30:00,26,103,0.0,0.0,0.0,0.5822666666666666,32.886,6.0,3,20.232294790464824,,0.0,0.0,0.0,0.0,45.19498902252858,optimal
2021-02-09 19:00:00,26,103,0.0,0.0,0.0,2.9087,34.9965,6.0,3,20.170041073344564,,0.0,0.0,0.0,0.0,45.06288146263228,optimal
2021-02-09 19:30:00,26,103,0.0,0.0,0.0,1.0210333333333332,33.327,6.0,3,20.127431646934927,,0.0,0.0,0.0,0.0,44.93090601029586,optimal
2021-02-09 20:00:00,26,103,0.0,0.0,0.0,0.4466666666666667,31.122,6.0,3,20.063347218530577,,0.0,0.0,0.0,0.0,44.79906253341179,optimal
2021-02-09 20:30:00,26,103,0.0,0.0,0.0,0.53,17.9025,6.0,3,20.0,,0.0,0.0,0.0,0.0,44.75426347087838,optimal
2021-02-09 21:00:00,26,103,0.0,0.0,0.0,0.5625333333333333,15.6555,6.0,3,19.94266339075768,,0.0,0.0,0.0,0.0,44.7095092074075,optimal
2021-02-09 21:30:00,26,103,0.0,0.0,0.0,1.4917333333333331,14.553,6.0,3,19.88851813682004,,0.0,0.0,0.0,0.0,44.66479969820009,optimal
2021-02-09 22:00:00,26,103,0.0,0.0,0.0,1.8300333333333327,14.3325,6.0,3,19.834694380545283,,0.0,0.0,0.0,0.0,44.620134898501895,optimal
2021-02-09 22:30:00,26,103,0.0,0.0,0.0,2.119933333333333,13.335,6.0,3,19.776559994690583,,0.0,0.0,0.0,0.0,44.575514763603394,optimal
2021-02-09 23:00:00,26,103,0.0597142857142857,0.0,0.0,2.6266666666666665,12.1275,6.0,3,19.715176084120827,,0.0,0.0,209.0,0.0,44.53093924883979,optimal
2021-02-09 23:30:00,26,103,0.0,0.0,0.0,1.4867,12.2955,6.0,3,19.656917561114447,,0.0,0.0,0.0,0.0,44.48640830959096,optimal
2021-02-10 00:00:00,26,103,2.0,0.0,5.0,0.458,10.4475,6.0,-7,19.656917561114447,,7000.0,0.0,0.0,0.0,46.81692190128137,optimal
2021-02-10 00:30:00,26,103,2.0,0.0,0.0,0.0662666666666666,10.8675,6.0,-7,19.7318788111528,,5606.666666666667,0.0,1393.3333333333333,0.0,46.770104979380086,optimal
2021-02-10 01:00:00,26,103,2.0,0.0,2.6877160538932507,0.0683333333333333,10.542,6.0,-7,19.767256029346616,,7000.0,0.0,0.0,0.0,48.0,optimal
2021-02-10 01:30:00,26,103,2.0,0.0,0.0,0.1876666666666666,11.025,6.0,-7,19.8275756824842,,7000.0,0.0,0.0,0.0,47.73965305153322,optimal
2021-02-10 02:00:00,26,103,2.0,0.0,0.0,0.0576666666666666,11.025,6.0,-7,19.888915200056964,,7000.0,0.0,0.0,0.0,47.479566450014914,optimal
2021-02-10 02:30:00,26,103,2.0,0.0,0.0,0.1793333333333333,14.553,6.0,-7,19.94692655445212,,7000.0,0.0,0.0,0.0,47.219739935098126,optimal
2021-02-10 03:00:00,26,103,2.0,0.0,0.0,0.0683333333333333,13.0935,6.0,-7,20.007270946696696,,7000.0,0.0,0.0,0.0,46.96017324669626,optimal
2021-02-10 03:30:00,26,103,2.0,0.0,0.0,0.056,15.6345,6.0,-7,20.06500498030801,,7000.0,0.0,0.0,0.0,46.70086612498279,optimal
2021-02-10 04:00:00,26,103,0.0,0.0,0.0,0.2,18.102,6.0,-7,20.12221747122572,,0.0,0.0,0.0,0.0,46.44181831039103,optimal
2021-02-10 04:30:00,26,103,2.0,0.0,0.0,0.0576666666666666,17.199,6.0,-7,20.034673391213417,,7000.0,0.0,0.0,0.0,46.18302954361386,optimal
2021-02-10 05:00:00,26,103,0.0,0.0,0.0,0.056,18.2805,6.0,-7,20.09156981864961,,0.0,0.0,0.0,0.0,45.92449956560348,optimal
2021-02-10 05:30:00,26,103,0.4908714813708008,0.0,0.0,0.1063333333333333,17.4615,6.0,-7,20.00040160209601,,1718.050184797803,0.0,0.0,0.0,45.6662281175711,optimal
2021-02-10 06:00:00,26,103,0.0,0.0,0.0,0.2933333333333333,18.3225,6.0,-7,19.9471552770358,,0.0,0.0,0.0,0.0,45.40821494098676,optimal
2021-02-10 06:30:00,26,103,2.0,0.0,0.0,0.203,17.094,6.0,-7,19.866856519015144,,7000.0,0.0,0.0,0.0,45.150459777579,optimal
2021-02-10 07:00:00,26,103,2.0,0.0,0.0,0.5112333333333333,17.094,6.0,-7,19.934066570601114,,7000.0,0.0,0.0,0.0,44.89296236933465,optimal
2021-02-10 07:30:00,26,103,2.0,0.0,0.0,0.1970333333333333,17.094,6.0,-7,20.006116495154203,,7000.0,0.0,0.0,0.0,44.63572245849854,optimal
2021-02-10 08:00:00,26,103,2.0,0.0,0.0,0.056,17.3565,6.0,-7,20.06969215113532,,7000.0,0.0,0.0,0.0,44.37873978757327,optimal
2021-02-10 08:30:00,26,103,2.0,0.0,0.0,0.1916666666666666,17.115,6.0,-7,20.12466147535181,,7000.0,0.0,0.0,0.0,44.12201409931892,optimal
2021-02-10 09:00:00,26,103,2.0,0.0,0.0,0.056,17.241,6.0,-7,20.1831445964002,,7000.0,0.0,0.0,0.0,43.86554513675282,optimal
2021-02-10 09:30:00,26,103,2.0,0.0,0.0,0.056,17.094,6.0,-7,20.23941389720186,,7000.0,0.0,0.0,0.0,43.609332643149294,optimal
2021-02-10 10:00:00,26,103,2.0,0.0,0.0,0.093,16.5165,6.0,-7,20.29633525859452,,7000.0,0.0,0.0,0.0,43.35337636203937,optimal
2021-02-10 10:30:00,26,103,2.0,0.0,0.0,0.163,17.8185,6.0,-7,20.354684589455537,,7000.0,0.0,0.0,0.0,43.09767603721056,optimal
2021-02-10 11:00:00,26,103,2.0,0.0,0.0,0.0576666666666666,17.094,6.0,-7,20.414747818812497,,7000.0,0.0,0.0,0.0,42.84223141270657,optimal
2021-02-10 11:30:00,26,103,2.0,0.0,0.0,0.1075,16.8945,6.0,-7,20.47314209056895,,7000.0,0.0,0.0,0.0,42.58704223282709,optimal
2021-02-10 12:00:00,26,103,2.0,0.0,0.0,0.1585,18.123,6.0,-7,20.532633790254245,,7000.0,0.0,0.0,0.0,42.33210824212749,optimal
2021-02-10 12:30:00,26,103,0.0,0.0,0.0,0.066,31.647,6.0,-7,20.59334775180393,,0.0,0.0,0.0,0.0,42.07742918541859,optimal
2021-02-10 13:00:00,26,103,0.0,0.0,0.0,0.066,34.9965,6.0,-7,20.504486255980176,,0.0,0.0,0.0,0.0,41.8230048077664,optimal
2021-02-10 13:30:00,26,103,0.0,0.0,0.0,0.1153333333333333,34.9965,6.0,-7,20.416027896281204,,0.0,0.0,0.0,0.0,41.568834854491854,optimal
2021-02-10 14:00:00,26,103,0.0,0.0,0.0,0.1523333333333333,34.9965,6.0,-7,20.329916667446668,,0.0,0.0,0.0,0.0,41.314919071170586,optimal
2021-02-10 14:30:00,26,103,0.0,0.0,0.0,0.18,34.9965,6.0,-7,20.24588229936027,,0.0,0.0,0.0,0.0,41.06125720363264,optimal
2021-02-10 15:00:00,26,103,0.0,0.0,0.0,0.066,34.9965,6.0,-7,20.167898745049577,,0.0,0.0,0.0,0.0,40.80784899796224,optimal
2021-02-10 15:30:00,26,103,0.0,0.0,0.0,0.2016666666666666,27.741,6.0,-7,20.08278204774677,,0.0,0.0,0.0,0.0,40.5546942004975,optimal
2021-02-10 16:00:00,26,103,1.016197619354274,0.0,0.0,0.1861333333333333,19.026,6.0,-7,20.0,,3556.691667739958,0.0,0.0,0.0,40.30179255783023,optimal
2021-02-10 16:30:00,26,103,0.9222080116038092,0.0,0.0,0.2388,18.7215,6.0,-7,20.0,,3227.7280406133323,0.0,0.0,0.0,40.04914381680563,optimal
2021-02-10 17:00:00,26,103,0.8484165262584796,0.0,0.0,1.3335333333333332,17.4195,6.0,-7,20.0,,2969.457841904679,0.0,0.0,0.0,39.79674772452205,optimal
2021-02-10 17:30:00,26,103,0.7912729758151263,0.0,0.0,2.853333333333333,16.758,6.0,-7,20.0,,2769.455415352942,0.0,0.0,0.0,39.54460402833075,optimal
2021-02-10 18:00:00,26,103,0.8458818157611184,0.0,0.0,2.0285333333333333,14.217,6.0,-7,20.0,,2681.919688497248,0.0,278.66666666666663,0.0,39.29271247583565,optimal
2021-02-10 18:30:00,26,103,1.1187673621650054,0.0,0.0,0.1163333333333333,13.3665,6.0,-7,20.0,,3915.685767577519,0.0,0.0,0.0,39.04107281489304,optimal
2021-02-10 19:00:00,26,103,1.2373024323784505,0.0,0.0,0.066,12.789,6.0,-7,20.0,,4330.558513324576,0.0,0.0,0.0,38.78968479361137,optimal
2021-02-10 19:30:00,26,103,1.1718392322142115,0.0,0.0,0.2396666666666666,11.907,6.0,-7,20.0,,4101.437312749741,0.0,0.0,0.0,38.538548160350985,optimal
2021-02-10 20:00:00,26,103,1.1143760320499547,0.0,0.0,0.2058666666666666,11.7075,6.0,-7,20.0,,3900.316112174842,0.0,0.0,0.0,38.28766266372386,optimal
2021-02-10 20:30:00,26,103,1.472952380952381,0.0,0.0,0.2825,10.8045,6.0,-7,20.0,,0.0,0.0,5155.333333333333,0.0,38.03702805259336,optimal
2021-02-10 21:00:00,26,103,0.0,0.0,0.0,0.4905666666666666,11.508,6.0,-7,19.924180812248483,,0.0,0.0,0.0,0.0,37.78664407607399,optimal
2021-02-10 21:30:00,26,103,0.0,0.0,0.0,0.2853,11.508,6.0,-7,19.863100371226395,,0.0,0.0,0.0,0.0,37.536510483531146,optimal
2021-02-10 22:00:00,26,103,0.0,0.0,0.0,0.4112666666666666,11.508,6.0,-7,19.78626159618098,,0.0,0.0,0.0,0.0,37.49897397304761,optimal
2021-02-10 22:30:00,26,103,0.0,0.0,0.0,0.5679666666666667,11.844,6.0,-7,19.711406391670664,,0.0,0.0,0.0,0.0,37.46147499907456,optimal
2021-02-10 23:00:00,26,103,0.0,0.0,0.0,0.2495,11.508,6.0,-7,19.641064821948287,,0.0,0.0,0.0,0.0,37.42401352407549,optimal
2021-02-10 23:30:00,26,103,0.0,0.0,0.0,0.4027,11.508,6.0,-7,19.55207148669808,,0.0,0.0,0.0,0.0,37.38658951055141,optimal
2021-02-11 00:00:00,26,103,2.0,0.0,5.0,0.0982,10.584,6.0,-7,19.55207148669808,,7000.0,0.0,0.0,0.0,39.724202921040856,optimal
2021-02-11 00:30:00,26,103,2.0,0.0,5.0,0.1084666666666666,11.025,6.0,-7,19.60100145746275,,6361.959392734625,0.0,638.0406072653752,0.0,42.05947871811981,optimal
2021-02-11 01:00:00,26,103,2.0,0.0,5.0,0.052,10.4265,6.0,-7,19.63694821928896,,7000.0,0.0,0.0,0.0,44.39241923940169,optimal
2021-02-11 01:30:00,26,103,2.0,0.0,4.006285747617495,0.0776666666666666,12.789,6.0,-7,19.685427938960046,,7000.0,0.0,0.0,0.0,46.25101255028059,optimal
2021-02-11 02:00:00,26,103,2.0,0.0,5.0,0.129,12.684,6.0,-7,19.734228015321165,,7000.0,0.0,0.0,0.0,48.57976153773031,optimal
2021-02-11 02:30:00,26,103,2.0,0.0,0.0,0.052,16.254,6.0,-7,19.783887288816064,,7000.0,0.0,0.0,0.0,48.53118177619257,optimal
2021-02-11 03:00:00,26,103,2.0,0.0,0.0,0.052,17.64,6.0,-7,19.831246724257607,,7000.0,0.0,0.0,0.0,48.48265059441637,optimal
2021-02-11 03:30:00,26,103,2.0,0.0,0.0,0.1546666666666666,19.1625,6.0,-7,19.87793763668285,,7000.0,0.0,0.0,0.0,48.434167943821954,optimal
2021-02-11 04:00:00,26,103,0.0,0.0,0.0,0.052,26.46,6.0,-7,19.9277120731507,,0.0,0.0,0.0,0.0,48.38573377587813,optimal
2021-02-11 04:30:00,26,103,1.3543383491607872,0.0,0.0,0.1546666666666666,20.79,6.0,-7,19.828880839621178,,4740.184222062755,0.0,0.0,0.0,48.33734804210225,optimal
2021-02-11 05:00:00,26,103,0.0,0.0,0.0,0.052,29.106,6.0,-7,19.83244195821696,,0.0,0.0,0.0,0.0,48.28901069406015,optimal
2021-02-11 05:30:00,26,103,2.0,0.0,0.0,0.052,19.1835,6.0,-7,19.734042934979275,,7000.0,0.0,0.0,0.0,48.24072168336608,optimal
2021-02-11 06:00:00,26,103,2.0,0.0,0.0,0.1616666666666666,19.6665,6.0,-7,19.78457734226405,,7000.0,0.0,0.0,0.0,48.19248096168271,optimal
2021-02-11 06:30:00,26,103,2.0,0.0,0.0,0.052,19.404,6.0,-7,19.838177836874408,,7000.0,0.0,0.0,0.0,48.144288480721016,optimal
2021-02-11 07:00:00,26,103,2.0,0.0,0.0,0.052,19.047,6.0,-7,19.89050815854117,,7000.0,0.0,0.0,0.0,48.096144192240295,optimal
2021-02-11 07:30:00,26,103,2.0,0.0,0.0,0.154,18.858,6.0,-7,19.943735244837853,,7000.0,0.0,0.0,0.0,48.048048048048045,optimal
2021-02-11 08:00:00,26,103,2.0,0.0,0.0,0.05,19.2675,6.0,-7,20.0,,4249.825278596798,0.0,2750.174721403202,0.0,48.0,optimal
2021-02-11 08:30:00,26,103,2.0,0.0,0.0,0.1389666666666666,18.963,6.0,-7,20.0,,5232.881995335244,0.0,1767.118004664756,0.0,47.85157490104636,optimal
2021-02-11 09:00:00,26,103,2.0,0.0,0.0,0.1189333333333333,18.438,6.0,-7,20.025548797940644,,7000.0,0.0,0.0,0.0,47.70329822719168,optimal
2021-02-11 09:30:00,26,103,2.0,0.0,0.0,0.105,18.7425,6.0,-7,20.08761481828887,,7000.0,0.0,0.0,0.0,47.55516983001085,optimal
2021-02-11 10:00:00,26,103,2.0,0.0,0.0,3.0545,15.2145,6.0,-7,20.15772470268287,,7000.0,0.0,0.0,0.0,47.407189561227206,optimal
2021-02-11 10:30:00,26,103,2.0,0.0,0.0,0.7168666666666667,17.7765,6.0,-7,20.24359461567272,,7000.0,0.0,0.0,0.0,47.25935727271234,optimal
2021-02-11 11:00:00,26,103,2.0,0.0,0.0,1.7581,16.758,6.0,-7,20.316621912238663,,7000.0,0.0,0.0,0.0,47.11167281648599,optimal
2021-02-11 11:30:00,26,103,2.0,0.0,0.0,0.5221,16.422,6.0,-7,20.39355312922592,,7000.0,0.0,0.0,0.0,46.96413604471587,optimal
2021-02-11 12:00:00,26,103,2.0,0.0,0.0,1.0568333333333333,16.758,6.0,-7,20.46765987024413,,7000.0,0.0,0.0,0.0,46.81674680971752,optimal
2021-02-11 12:30:00,26,103,0.0,0.0,0.0,2.6735333333333333,29.358,6.0,-7,20.53245121645967,,0.0,0.0,0.0,0.0,46.66950496395417,optimal
2021-02-11 13:00:00,26,103,0.0,0.0,0.0,2.0321,34.9965,6.0,-7,20.457795006759547,,0.0,0.0,0.0,0.0,46.52241036003658,optimal
2021-02-11 13:30:00,26,103,0.0,0.0,0.0,0.062,34.65,6.0,-7,20.38363939796387,,0.0,0.0,0.0,0.0,46.37546285072291,optimal
2021-02-11 14:00:00,26,103,0.0,0.0,0.0,0.083,34.9965,6.0,-7,20.3019795962382,,0.0,0.0,0.0,0.0,46.22866228891855,optimal
2021-02-11 14:30:00,26,103,0.0,0.0,0.0,0.0990333333333333,34.9965,6.0,-7,20.22585220212586,,0.0,0.0,0.0,0.0,46.082008527676,optimal
2021-02-11 15:00:00,26,103,0.0,0.0,0.0,0.1938666666666667,30.4815,6.0,-7,20.15189671101949,,0.0,0.0,0.0,0.0,45.93550142019468,optimal
2021-02-11 15:30:00,26,103,0.0,0.0,0.0,0.0735333333333333,21.4305,6.0,-7,20.08004994053052,,0.0,0.0,0.0,0.0,45.78914081982085,optimal
2021-02-11 16:00:00,26,103,1.2925898415069013,0.0,0.0,0.1626666666666666,14.3325,6.0,-7,20.0,,3479.064445274155,0.0,1044.9999999999998,0.0,45.642926580047394,optimal
2021-02-11 16:30:00,26,103,2.0,0.0,0.0,0.1252,13.692,6.0,-7,20.0,,6582.0,0.0,418.0,0.0,45.49685855451371,optimal
2021-02-11 17:00:00,26,103,0.2190581736471991,0.0,0.0,0.5227666666666666,14.007,6.0,-7,20.059471020138247,,766.703607765197,0.0,0.0,0.0,45.35093659700556,optimal
2021-02-11 17:30:00,26,103,1.3727563090085726,0.0,0.0,0.2302666666666666,12.873,6.0,-7,20.0,,4038.313748196671,0.0,766.3333333333333,0.0,45.20516056145492,optimal
2021-02-11 18:00:00,26,103,1.3663435122466585,0.0,0.0,0.2704666666666666,12.684,6.0,-7,20.0,,4015.868959529971,0.0,766.3333333333333,0.0,45.159955400893466,optimal
2021-02-11 18:30:00,26,103,1.1378314888311185,0.0,0.0,0.3997333333333333,12.306,6.0,-7,20.0,,3843.076877575581,0.0,139.33333333333331,0.0,45.114795445492575,optimal
2021-02-11 19:00:00,26,103,2.0,0.0,0.0,0.0648333333333333,10.6365,6.0,-7,20.0,,6721.333333333333,0.0,278.66666666666663,0.0,45.06968065004708,optimal
2021-02-11 19:30:00,26,103,0.5752662720291348,0.0,0.0,0.2808666666666666,11.2455,6.0,-7,20.04898433835879,,2013.431952101972,0.0,0.0,0.0,45.02461096939704,optimal
2021-02-11 20:00:00,26,103,1.3057206986501897,0.0,0.0,0.2389666666666666,11.2455,6.0,-7,20.0,,4570.022445275664,0.0,0.0,0.0,44.97958635842764,optimal
2021-02-11 20:30:00,26,103,0.0796190476190476,0.0,0.0,0.3118666666666667,11.025,6.0,-7,20.0,,0.0,0.0,278.6666666666667,0.0,44.93460677206921,optimal
2021-02-11 21:00:00,26,103,0.0,0.0,0.0,0.3756333333333333,12.0855,6.0,-7,19.90572074721339,,0.0,0.0,0.0,0.0,44.88967216529714,optimal
2021-02-11 21:30:00,26,103,0.0,0.0,0.0,0.2054333333333333,11.6865,6.0,-7,19.81157067653238,,0.0,0.0,0.0,0.0,44.844782493131845,optimal
2021-02-11 22:00:00,26,103,0.0,0.0,0.0,1.3032666666666668,11.2245,6.0,-7,19.71415823660015,,0.0,0.0,0.0,0.0,44.79993771063872,optimal
2021-02-11 22:30:00,26,103,0.0,0.0,0.0,0.6478666666666667,11.025,6.0,-7,19.640815341965453,,0.0,0.0,0.0,0.0,44.75513777292808,optimal
2021-02-11 23:00:00,26,103,0.0398095238095238,0.0,0.0,0.3021999999999999,10.7835,6.0,-7,19.55227961138901,,0.0,0.0,139.33333333333331,0.0,44.71038263515515,optimal
2021-02-11 23:30:00,26,103,0.0,0.0,0.0,0.2068,11.025,6.0,-7,19.4540629037276,,0.0,0.0,0.0,0.0,44.66567225252,optimal
2021-02-12 00:00:00,26,103,2.0,0.0,0.0,0.1525,10.8045,6.0,-1,19.4540629037276,,7000.0,0.0,0.0,0.0,44.62100658026748,optimal
2021-02-12 00:30:00,26,103,2.0,0.0,0.0,0.1058333333333333,11.025,6.0,-1,19.49004000507809,,3865.0,0.0,3135.0,0.0,44.57638557368721,optimal
2021-02-12 01:00:00,26,103,2.0,0.0,0.0,0.153,10.3635,6.0,-1,19.45887850888468,,7000.0,0.0,0.0,0.0,44.53180918811353,optimal
2021-02-12 01:30:00,26,103,2.0,0.0,0.0,0.1816666666666666,10.8045,6.0,-1,19.49484428856598,,7000.0,0.0,0.0,0.0,44.48727737892541,optimal
2021-02-12 02:00:00,26,103,2.0,0.0,0.0,0.1338666666666666,10.059,6.0,-1,19.531704016217127,,7000.0,0.0,0.0,0.0,44.442790101546485,optimal
2021-02-12 02:30:00,26,103,2.0,0.0,0.0,0.0958,10.584,6.0,-1,19.567843981762586,,7000.0,0.0,0.0,0.0,44.39834731144494,optimal
2021-02-12 03:00:00,26,103,2.0,0.0,5.0,0.2153333333333333,9.4185,6.0,-1,19.60437967773087,,7000.0,0.0,0.0,0.0,46.72894896413349,optimal
2021-02-12 03:30:00,26,103,2.0,0.0,0.0,0.131,10.3635,6.0,-1,19.64462685308935,,7000.0,0.0,0.0,0.0,46.68222001516936,optimal
2021-02-12 04:00:00,26,103,2.0,0.0,3.277775087428462,0.1258333333333333,9.8385,6.0,-1,19.686091866681515,,7000.0,0.0,0.0,0.0,48.19248096168271,optimal
2021-02-12 04:30:00,26,103,2.0,0.0,0.0,0.1408333333333333,11.067,6.0,-1,19.73026026411477,,7000.0,0.0,0.0,0.0,48.144288480721016,optimal
2021-02-12 05:00:00,26,103,2.0,0.0,0.0,0.153,10.8465,6.0,-1,19.77789513768178,,7000.0,0.0,0.0,0.0,48.096144192240295,optimal
2021-02-12 05:30:00,26,103,2.0,0.0,0.0,0.1816666666666666,13.671,6.0,-1,19.82874569819269,,7000.0,0.0,0.0,0.0,48.048048048048045,optimal
2021-02-12 06:00:00,26,103,2.0,0.0,0.0,0.2972666666666667,12.348,6.0,-1,19.88359835710478,,7000.0,0.0,0.0,0.0,48.0,optimal
2021-02-12 06:30:00,26,103,2.0,0.0,0.0,0.151,14.3325,6.0,-1,19.94689624126213,,7000.0,0.0,0.0,0.0,47.86668850633949,optimal
2021-02-12 07:00:00,26,103,1.2905929293522946,0.0,0.0,0.1388333333333333,15.393,6.0,-1,20.01004627852056,,4517.075252733031,0.0,0.0,0.0,47.73351032417265,optimal
2021-02-12 07:30:00,26,103,2.0,0.0,0.0,0.3381,13.587,6.0,-1,20.0226616608616,,7000.0,0.0,0.0,0.0,47.60046532018797,optimal
2021-02-12 08:00:00,26,103,0.0,0.0,0.0,0.1750666666666666,16.1385,6.0,-1,20.084458000615207,,0.0,0.0,0.0,0.0,47.46755336120728,optimal
2021-02-12 08:30:00,26,103,0.7458418729650597,0.0,0.0,2.3265333333333333,14.595,6.0,-1,20.0,,2610.446555377709,0.0,0.0,0.0,47.334774314185566,optimal
2021-02-12 09:00:00,26,103,1.2583741496727785,0.0,0.0,0.5674,14.637,6.0,-1,20.0,,4404.309523854724,0.0,0.0,0.0,47.20212804621087,optimal
2021-02-12 09:30:00,26,103,1.1087988825466362,0.0,0.0,1.7435666666666667,13.9125,6.0,-1,20.0,,3880.796088913227,0.0,0.0,0.0,47.06961442450416,optimal
2021-02-12 10:00:00,26,103,1.428503966771665,0.0,0.0,0.4038333333333333,13.3665,6.0,-1,20.0,,3676.0972170341615,0.0,1323.6666666666667,0.0,46.93723331641915,optimal
2021-02-12 10:30:00,26,103,2.0,0.0,0.0,0.2989,13.0095,6.0,-1,20.00059322852742,,7000.0,0.0,0.0,0.0,46.80498458944223,optimal
2021-02-12 11:00:00,26,103,0.0,0.0,0.0,0.4346333333333333,13.8915,6.0,-1,20.072168313161125,,0.0,0.0,0.0,0.0,46.67286811119228,optimal
2021-02-12 11:30:00,26,103,1.5158126487711157,0.0,0.0,0.5961333333333333,13.188,6.0,-1,20.0,,3226.4012144255234,0.0,2078.943056273381,0.0,46.54088374942058,optimal
2021-02-12 12:00:00,26,103,2.0,0.0,0.0,0.4345,12.5685,6.0,-1,20.0,,5107.943056273381,0.0,1892.0569437266183,0.0,46.40903137201065,optimal
2021-02-12 12:30:00,26,103,2.0,0.0,0.0,0.3547333333333333,12.285,6.0,-1,20.035138553929663,,7000.0,0.0,0.0,0.0,46.27731084697814,optimal
2021-02-12 13:00:00,26,103,2.0,0.0,0.0,0.3701666666666667,11.487,6.0,-1,20.10733620649775,,7000.0,0.0,0.0,0.0,46.14572204247066,optimal
2021-02-12 13:30:00,26,103,2.0,0.0,0.0,0.1294666666666666,11.802,6.0,-1,20.1797580332756,,7000.0,0.0,0.0,0.0,46.014264826767686,optimal
2021-02-12 14:00:00,26,103,2.0,0.0,0.0,0.1724,11.2245,6.0,-1,20.24679391272952,,7000.0,0.0,0.0,0.0,45.882939068280415,optimal
2021-02-12 14:30:00,26,103,2.0,0.0,0.0,0.1520333333333333,11.025,6.0,-1,20.315322993130376,,7000.0,0.0,0.0,0.0,45.75174463555163,optimal
2021-02-12 15:00:00,26,103,2.0,0.0,0.0,0.2323333333333332,11.907,6.0,-1,20.388202057968183,,7000.0,0.0,0.0,0.0,45.62068139725557,optimal
2021-02-12 15:30:00,26,103,0.0,0.0,0.0,1.4090666666666667,25.83,6.0,-1,20.459131333591856,,0.0,0.0,0.0,0.0,45.489749222197815,optimal
2021-02-12 16:00:00,26,103,0.0,0.0,0.0,0.3425333333333333,28.035,6.0,-1,20.40461041724212,,0.0,0.0,0.0,0.0,45.35894797931511,optimal
2021-02-12 16:30:00,26,103,0.0,0.0,0.0,0.2306333333333333,28.119,6.0,-1,20.336561443156945,,0.0,0.0,0.0,0.0,45.22827753767529,optimal
2021-02-12 17:00:00,26,103,0.0,0.0,0.0,0.2145333333333333,30.156,6.0,-1,20.26456448674364,,0.0,0.0,0.0,0.0,45.09773776647711,optimal
2021-02-12 17:30:00,26,103,0.0,0.0,0.0,0.3175,29.1585,6.0,-1,20.192699343540387,,0.0,0.0,0.0,0.0,44.96732853505013,optimal
2021-02-12 18:00:00,26,103,0.0,0.0,0.0,0.354,26.712,6.0,-1,20.12301087939108,,0.0,0.0,0.0,0.0,44.83704971285457,optimal
2021-02-12 18:30:00,26,103,0.0,0.0,0.0,2.5099,15.435,6.0,-1,20.058156305219978,,0.0,0.0,0.0,0.0,44.70690116948121,optimal
2021-02-12 19:00:00,26,103,0.8960738609498702,0.0,0.0,0.7628666666666667,13.566,6.0,-1,20.0,,3136.2585133245457,0.0,0.0,0.0,44.57688277465122,optimal
2021-02-12 19:30:00,26,103,1.085364771360365,0.0,0.0,0.2581666666666667,12.789,6.0,-1,20.0,,3798.7766997612775,0.0,0.0,0.0,44.44699439821607,optimal
2021-02-12 20:00:00,26,103,1.2756690151042034,0.0,0.0,0.2542,12.1275,6.0,-1,20.0,,4116.508219531379,0.0,348.3333333333333,0.0,44.31723591015735,optimal
2021-02-12 20:30:00,26,103,0.0,0.0,0.0,0.7225666666666667,13.671,6.0,-1,20.0,,0.0,0.0,0.0,0.0,44.18760718058669,optimal
2021-02-12 21:00:00,26,103,0.0199047619047619,0.0,0.0,0.0902,10.668,6.0,-1,19.93103292431006,,0.0,0.0,69.66666666666666,0.0,44.0581080797456,optimal
2021-02-12 21:30:00,26,103,0.0,0.0,0.0,0.1018666666666666,11.7285,6.0,-1,19.857472569082447,,0.0,0.0,0.0,0.0,43.92873847800534,optimal
2021-02-12 22:00:00,26,103,0.0,0.0,0.0,0.3348333333333333,11.025,6.0,-1,19.787679446782885,,0.0,0.0,0.0,0.0,43.79949824586683,optimal
2021-02-12 22:30:00,26,103,0.0,0.0,0.0,0.2763333333333333,10.689,6.0,-1,19.72206729835037,,0.0,0.0,0.0,0.0,43.670387253960456,optimal
2021-02-12 23:00:00,26,103,0.0597142857142857,0.0,0.0,0.443,8.1585,6.0,-1,19.653251426924204,,0.0,0.0,209.0,0.0,43.626716866706495,optimal
2021-02-12 23:30:00,26,103,0.0,0.0,0.0,0.4924666666666666,10.3635,6.0,-1,19.589438483818547,,0.0,0.0,0.0,0.0,43.58309014983979,optimal
2021-02-13 00:00:00,26,103,0.0,0.0,0.0,0.058,12.1275,6.0,8,19.589438483818547,,0.0,0.0,0.0,0.0,43.53950705968995,optimal
2021-02-13 00:30:00,26,103,0.0,0.0,0.0,0.1406666666666666,12.1275,6.0,8,19.50539931234329,,0.0,0.0,0.0,0.0,43.49596755263026,optimal
2021-02-13 01:00:00,26,103,0.0,0.0,0.0,0.0786666666666666,12.789,6.0,8,19.42370840111746,,0.0,0.0,0.0,0.0,43.45247158507763,optimal
2021-02-13 01:30:00,26,103,0.0,0.0,0.0,0.2006666666666666,11.907,6.0,8,19.341309804499414,,0.0,0.0,0.0,0.0,43.40901911349256,optimal
2021-02-13 02:00:00,26,103,2.0,0.0,0.0,0.2089333333333333,11.025,6.0,8,19.26208000807024,,2184.7010109245034,0.0,4815.298989075496,0.0,43.365610094379065,optimal
2021-02-13 02:30:00,26,103,2.0,0.0,0.0,0.1853,8.2005,6.0,8,19.22959935016204,,7000.0,0.0,0.0,0.0,43.32224448428469,optimal
2021-02-13 03:00:00,26,103,2.0,0.0,0.0,0.1148333333333333,9.5655,6.0,8,19.298132562835693,,7000.0,0.0,0.0,0.0,43.2789222398004,optimal
2021-02-13 03:30:00,26,103,2.0,0.0,5.0,0.2224,7.056,6.0,8,19.36487150999183,,7000.0,0.0,0.0,0.0,45.6106433175606,optimal
2021-02-13 04:00:00,26,103,2.0,0.0,0.0,0.1201666666666666,9.3975,6.0,8,19.43334517177426,,7000.0,0.0,0.0,0.0,45.56503267424304,optimal
2021-02-13 04:30:00,26,103,2.0,0.0,0.0,0.2792333333333333,10.059,6.0,8,19.49912930277456,,7000.0,0.0,0.0,0.0,45.5194676415688,optimal
2021-02-13 05:00:00,26,103,2.0,0.0,0.0,0.146,9.261,6.0,8,19.56750974196133,,7000.0,0.0,0.0,0.0,45.47394817392723,optimal
2021-02-13 05:30:00,26,103,2.0,0.0,0.7989114491497605,1.0139,8.1585,6.0,8,19.632321676505203,,7000.0,0.0,0.0,0.0,45.80795716409944,optimal
2021-02-13 06:00:00,26,103,2.0,0.0,0.0,0.3609,9.4815,6.0,8,19.70248260085806,,7000.0,0.0,0.0,0.0,45.76214920693534,optimal
2021-02-13 06:30:00,26,103,2.0,0.0,0.0,0.2521,8.379,6.0,8,19.775914289891848,,7000.0,0.0,0.0,0.0,45.7163870577284,optimal
2021-02-13 07:00:00,26,103,2.0,0.0,0.0,0.9981666666666666,9.5235,6.0,8,19.849521930761945,,7000.0,0.0,0.0,0.0,45.670670670670674,optimal
2021-02-13 07:30:00,26,103,2.0,0.0,5.0,1.4276666666666666,8.1375,6.0,8,19.925309987078613,,7000.0,0.0,0.0,0.0,48.0,optimal
2021-02-13 08:00:00,26,103,2.0,0.0,0.0,0.7313999999999999,10.0905,6.0,8,20.0,,3730.508854919115,0.0,3269.491145080885,0.0,47.768352003684015,optimal
2021-02-13 08:30:00,26,103,2.0,0.0,0.0,0.7347666666666667,7.539,6.0,8,20.0,,3762.473095034147,0.0,3237.526904965853,0.0,47.536935655364346,optimal
2021-02-13 09:00:00,26,103,2.0,0.0,0.0,1.2321333333333335,7.938,6.0,8,20.0,,3287.997281101013,0.0,3712.002718898987,0.0,47.305750723393,optimal
2021-02-13 09:30:00,26,103,2.0,0.0,0.0,0.2368,8.274,6.0,8,20.0,,4547.986424687888,0.0,2452.013575312112,0.0,47.07479697635362,optimal
2021-02-13 10:00:00,26,103,2.0,0.0,0.0,0.3184333333333333,9.261,6.0,8,20.016175721572555,,7000.0,0.0,0.0,0.0,46.84407418306128,optimal
2021-02-13 10:30:00,26,103,2.0,0.0,0.0,0.3086666666666667,9.9225,6.0,8,20.08305822021756,,7000.0,0.0,0.0,0.0,46.61358211256224,optimal
2021-02-13 11:00:00,26,103,2.0,0.0,0.0,0.6432,9.702,6.0,8,20.14811203271132,,7000.0,0.0,0.0,0.0,46.38332053413369,optimal
2021-02-13 11:30:00,26,103,2.0,0.0,0.0,0.0913333333333333,10.584,6.0,8,20.220952161942275,,7000.0,0.0,0.0,0.0,46.15328921728357,optimal
2021-02-13 12:00:00,26,103,2.0,0.0,0.0,0.3500333333333333,10.143,6.0,8,20.282387691151268,,7000.0,0.0,0.0,0.0,45.9234879317503,optimal
2021-02-13 12:30:00,26,103,0.0,0.0,0.0,0.2563666666666667,13.0095,6.0,8,20.349792460232376,,0.0,0.0,0.0,0.0,45.693916447502566,optimal
2021-02-13 13:00:00,26,103,2.0,0.0,0.0,0.2329,11.025,6.0,8,20.2674591831313,,7000.0,0.0,0.0,0.0,45.46457453473908,optimal
2021-02-13 13:30:00,26,103,0.0,0.0,0.0,0.4701,12.789,6.0,8,20.334067974122483,,0.0,0.0,0.0,0.0,45.23546196388836,optimal
2021-02-13 14:00:00,26,103,0.0,0.0,0.0,0.5083666666666666,12.1275,6.0,8,20.25898779589635,,0.0,0.0,0.0,0.0,45.00657850560848,optimal
2021-02-13 14:30:00,26,103,1.4550154162479194,0.0,0.0,0.4824,12.1695,6.0,8,20.186756418999124,,5092.553956867718,0.0,0.0,0.0,44.77792393078689,optimal
2021-02-13 15:00:00,26,103,0.0,0.0,0.0,0.3417,12.306,6.0,8,20.223854666590825,,0.0,0.0,0.0,0.0,44.54949801054012,optimal
2021-02-13 15:30:00,26,103,0.0,0.0,0.0,1.6041666666666667,13.23,6.0,8,20.15549673372576,,0.0,0.0,0.0,0.0,44.3213005162136,optimal
2021-02-13 16:00:00,26,103,0.0,0.0,0.0,4.461666666666667,13.671,6.0,8,20.094353140216626,,0.0,0.0,0.0,0.0,44.0933312193814,optimal
2021-02-13 16:30:00,26,103,0.0,0.0,0.0,4.6049,13.9335,6.0,8,20.063191272999426,,0.0,0.0,0.0,0.0,43.86558989184604,optimal
2021-02-13 17:00:00,26,103,0.0,0.0,0.0,3.6658,13.293,6.0,8,20.02828613503212,,0.0,0.0,0.0,0.0,43.63807630563821,optimal
2021-02-13 17:30:00,26,103,0.7404539368836587,0.0,0.0,1.0876,12.1065,6.0,8,20.0,,2591.588779092805,0.0,0.0,0.0,43.41079023301658,optimal
2021-02-13 18:00:00,26,103,0.8831353314917221,0.0,0.0,0.3377,11.571,6.0,8,20.0,,3021.306993554361,0.0,69.66666666666666,0.0,43.18373144646758,optimal
2021-02-13 18:30:00,26,103,2.0,0.0,0.0,2.395766666666667,11.025,6.0,8,20.0,,2211.342753439382,0.0,4788.657246560619,0.0,42.95689971870513,optimal
2021-02-13 19:00:00,26,103,2.0,0.0,0.0,2.090733333333333,10.8465,6.0,8,20.0,,6702.990579893953,0.0,297.00942010604723,0.0,42.73029482267045,optimal
2021-02-13 19:30:00,26,103,0.5165308425664635,0.0,0.0,1.1433666666666666,11.2455,6.0,8,20.08519532415644,,1807.8579489826225,0.0,0.0,0.0,42.50391653153179,optimal
2021-02-13 20:00:00,26,103,0.0,0.0,0.0,0.5788333333333334,23.8665,6.0,8,20.06377373511151,,0.0,0.0,0.0,0.0,42.27776461868428,optimal
2021-02-13 20:30:00,26,103,0.0,0.0,0.0,0.3282333333333332,27.4575,6.0,8,20.0,,0.0,0.0,0.0,0.0,42.2354868540656,optimal
2021-02-13 21:00:00,26,103,0.0,0.0,0.0,0.3224666666666666,27.3735,6.0,8,19.932131487829263,,0.0,0.0,0.0,0.0,42.19325136721153,optimal
2021-02-13 21:30:00,26,103,0.0,0.0,0.0,0.5056666666666667,30.4605,6.0,8,19.86393023949274,,0.0,0.0,0.0,0.0,42.15105811584432,optimal
2021-02-13 22:00:00,26,103,0.0,0.0,0.0,0.8172333333333334,30.0195,6.0,8,19.79870810056107,,0.0,0.0,0.0,0.0,42.10890705772848,optimal
2021-02-13 22:30:00,26,103,0.0,0.0,0.0,0.3333666666666667,26.9325,6.0,8,19.73882337537577,,0.0,0.0,0.0,0.0,42.06679815067075,optimal
2021-02-13 23:00:00,26,103,0.0,0.0,0.0,0.6313,14.595,6.0,8,19.673643248087817,,0.0,0.0,0.0,0.0,42.02473135252008,optimal
2021-02-13 23:30:00,26,103,0.0,0.0,0.0,0.3903333333333333,12.4845,6.0,8,19.615613728241243,,0.0,0.0,0.0,0.0,41.98270662116756,optimal
2021-02-07 00:00:00,27,103,0.0,0.0,0.0,0.054,13.146,6.0,5,21.0,,0.0,0.0,0.0,0.0,47.952,optimal
2021-02-07 00:30:00,27,103,0.0,0.0,0.0,0.1501333333333333,10.584,6.0,5,20.924450515006853,,0.0,0.0,0.0,0.0,47.904048,optimal
2021-02-07 01:00:00,27,103,2.0,0.0,0.0,0.054,6.678,6.0,5,20.85081375165355,,4770.666666666669,0.0,2229.333333333331,0.0,47.856143952,optimal
2021-02-07 01:30:00,27,103,0.7018292965363954,0.0,0.0,0.054,7.938,6.0,5,20.87545821964338,,2456.402537877384,0.0,0.0,0.0,47.80828780804799,optimal
2021-02-07 02:00:00,27,103,2.0,0.0,0.0,0.0608666666666666,5.292,6.0,5,20.85104784566938,,7000.0,0.0,0.0,0.0,47.76047952023995,optimal
2021-02-07 02:30:00,27,103,0.0,0.0,0.0,0.1432666666666666,9.261,6.0,5,20.922310505312268,,0.0,0.0,0.0,0.0,47.712719040719705,optimal
2021-02-07 03:00:00,27,103,0.0,0.0,0.0,0.054,10.3635,6.0,5,20.847177899530298,,0.0,0.0,0.0,0.0,47.66500632167899,optimal
2021-02-07 03:30:00,27,103,0.0,0.0,0.0,0.1501333333333333,8.274,6.0,5,20.77005337853156,,0.0,0.0,0.0,0.0,47.61734131535731,optimal
2021-02-07 04:00:00,27,103,2.0,0.0,0.0,0.054,7.7175,6.0,5,20.695075558751466,,7000.0,0.0,0.0,0.0,47.56972397404195,optimal
2021-02-07 04:30:00,27,103,2.0,0.0,0.0,0.054,6.615,6.0,5,20.76554026421196,,7000.0,0.0,0.0,0.0,47.52215425006791,optimal
2021-02-07 05:00:00,27,103,2.0,0.0,0.0,0.1501333333333333,6.174,6.0,5,20.835685293655136,,7000.0,0.0,0.0,0.0,47.47463209581784,optimal
2021-02-07 05:30:00,27,103,2.0,0.0,0.0,0.054,3.906,6.0,5,20.907535743220425,,7000.0,0.0,0.0,0.0,47.42715746372202,optimal
2021-02-07 06:00:00,27,103,2.0,0.0,0.0,0.054,2.3415,6.0,5,20.9770365842162,,7000.0,0.0,0.0,0.0,47.379730306258296,optimal
2021-02-07 06:30:00,27,103,2.0,0.0,0.0,0.1481333333333333,2.205,6.0,5,21.046222121941994,,7000.0,0.0,0.0,0.0,47.332350575952034,optimal
2021-02-07 07:00:00,27,103,2.0,0.0,1.6063785740462473,0.1056,0.882,6.0,5,21.12402528344631,,7000.0,0.0,0.0,0.0,48.048048048048045,optimal
2021-02-07 07:30:00,27,103,2.0,0.0,0.0,0.7285,1.5435,6.0,5,21.20222117138675,,7000.0,0.0,0.0,0.0,48.0,optimal
2021-02-07 08:00:00,27,103,2.0,0.0,0.0,0.7261666666666666,1.5435,6.0,5,21.29752936353968,,7000.0,0.0,0.0,0.0,47.68265093152622,optimal
2021-02-07 08:30:00,27,103,2.0,0.0,0.0,0.2014666666666666,5.0715,6.0,5,21.38712305108924,,7000.0,0.0,0.0,0.0,47.36561921212091,optimal
2021-02-07 09:00:00,27,103,2.0,0.0,0.0,0.064,5.376,6.0,5,21.454198740718475,,7000.0,0.0,0.0,0.0,47.04890452443501,optimal
2021-02-07 09:30:00,27,103,2.0,0.0,0.0,0.064,5.0715,6.0,5,21.51187826732452,,7000.0,0.0,0.0,0.0,46.73250655143679,optimal
2021-02-07 10:00:00,27,103,2.0,0.0,0.0,0.1601333333333333,5.5125,6.0,5,21.56952295435429,,7000.0,0.0,0.0,0.0,46.41642497641158,optimal
2021-02-07 10:30:00,27,103,0.0,0.0,0.0,0.064,9.261,6.0,5,21.629156606535275,,0.0,0.0,0.0,0.0,46.10065948296138,optimal
2021-02-07 11:00:00,27,103,0.0,0.0,0.0,0.1464,11.7075,6.0,5,21.5386895509353,,0.0,0.0,0.0,0.0,45.78520975500464,optimal
2021-02-07 11:30:00,27,103,0.0,0.0,0.0,0.0777333333333333,12.348,6.0,5,21.449913802068444,,0.0,0.0,0.0,0.0,45.47007547677586,optimal
2021-02-07 12:00:00,27,103,0.0,0.0,0.0,0.064,12.348,6.0,5,21.36009533927835,,0.0,0.0,0.0,0.0,45.1552563328253,optimal
2021-02-07 12:30:00,27,103,0.0,0.0,0.0,0.1601333333333333,12.1275,6.0,5,21.270395262833752,,0.0,0.0,0.0,0.0,44.8407520080187,optimal
2021-02-07 13:00:00,27,103,0.0,0.0,0.0,0.064,12.5265,6.0,5,21.183125773053927,,0.0,0.0,0.0,0.0,44.526562187536896,optimal
2021-02-07 13:30:00,27,103,0.0,0.0,0.0,0.064,11.7495,6.0,5,21.09422855072246,,0.0,0.0,0.0,0.0,44.21268655687558,optimal
2021-02-07 14:00:00,27,103,0.0,0.0,0.0,0.1601333333333333,13.23,6.0,5,21.00596146103061,,0.0,0.0,0.0,0.0,43.89912480184493,optimal
2021-02-07 14:30:00,27,103,0.0,0.0,0.0,0.064,14.3325,6.0,5,20.92034529141112,,0.0,0.0,0.0,0.0,43.5858766085693,optimal
2021-02-07 15:00:00,27,103,0.0,0.0,0.0,0.1601333333333333,14.994,6.0,5,20.833320723465093,,0.0,0.0,0.0,0.0,43.27294166348696,optimal
2021-02-07 15:30:00,27,103,0.0,0.0,0.0,0.1848,14.8155,6.0,5,20.74894143904364,,0.0,0.0,0.0,0.0,42.960319653349686,optimal
2021-02-07 16:00:00,27,103,0.0,0.0,0.0,0.188,14.112,6.0,5,20.672168180702617,,0.0,0.0,0.0,0.0,42.64801026522256,optimal
2021-02-07 16:30:00,27,103,0.0,0.0,0.0,0.064,14.007,6.0,5,20.59652501602875,,0.0,0.0,0.0,0.0,42.33601318648356,optimal
2021-02-07 17:00:00,27,103,0.0,0.0,0.0,0.1601333333333333,13.23,6.0,5,20.510062180553664,,0.0,0.0,0.0,0.0,42.02432810482329,optimal
2021-02-07 17:30:00,27,103,0.0,0.0,0.0,0.064,11.382,6.0,5,20.426242077883508,,0.0,0.0,0.0,0.0,41.71295470824469,optimal
2021-02-07 18:00:00,27,103,0.0,0.0,0.0,0.1658,11.7495,6.0,5,20.341232262840816,,0.0,0.0,0.0,0.0,41.40189268506266,optimal
2021-02-07 18:30:00,27,103,0.0,0.0,0.0,0.3911666666666666,24.3285,6.0,5,20.263402161118016,,0.0,0.0,0.0,0.0,41.09114172390382,optimal
2021-02-07 19:00:00,27,103,0.0,0.0,0.0,0.2996999999999999,28.917,6.0,5,20.195645016260908,,0.0,0.0,0.0,0.0,40.78070151370613,optimal
2021-02-07 19:30:00,27,103,0.0,0.0,0.0,0.2976666666666667,31.3635,6.0,5,20.12484521292256,,0.0,0.0,0.0,0.0,40.47057174371865,optimal
2021-02-07 20:00:00,27,103,0.0,0.0,0.0,0.3932333333333333,33.306,6.0,5,20.0608393255636,,0.0,0.0,0.0,0.0,40.16075210350115,optimal
2021-02-07 20:30:00,27,103,0.0,0.0,0.0,0.2120666666666666,31.3425,6.0,5,20.0,,0.0,0.0,0.0,0.0,40.12059135139765,optimal
2021-02-07 21:00:00,27,103,0.0,0.0,0.0,0.2706666666666666,28.2555,6.0,5,19.93678465062265,,0.0,0.0,0.0,0.0,40.08047076004625,optimal
2021-02-07 21:30:00,27,103,0.0,0.0,0.0,1.3488,15.6975,6.0,5,19.884298112035648,,0.0,0.0,0.0,0.0,40.04039028928621,optimal
2021-02-07 22:00:00,27,103,0.0,0.0,0.0,0.7718333333333334,12.5475,6.0,5,19.848261308959817,,0.0,0.0,0.0,0.0,40.00034989899692,optimal
2021-02-07 22:30:00,27,103,0.0,0.0,0.0,0.0767333333333333,12.0855,6.0,5,19.80313493583593,,0.0,0.0,0.0,0.0,39.96034954909793,optimal
2021-02-07 23:00:00,27,103,0.0,0.0,0.0,0.1052,11.907,6.0,5,19.74183536779687,,0.0,0.0,0.0,0.0,39.92038919954883,optimal
2021-02-07 23:30:00,27,103,0.0,0.0,0.0,0.1152666666666666,12.5685,6.0,5,19.66787070237207,,0.0,0.0,0.0,0.0,39.88046881034928,optimal
2021-02-08 00:00:00,27,103,2.0,0.0,5.0,0.063,7.056,6.0,-8,19.66787070237207,,7000.0,0.0,0.0,0.0,42.215588341538925,optimal
2021-02-08 00:30:00,27,103,2.0,0.0,5.0,0.1036666666666666,5.271,6.0,-8,19.739116684872425,,4283.0,0.0,2717.0,0.0,44.54837275319738,optimal
2021-02-08 01:00:00,27,103,2.0,0.0,3.678290883866133,0.1036666666666666,7.938,6.0,-8,19.75370153884873,,7000.0,0.0,0.0,0.0,46.25101255028059,optimal
2021-02-08 01:30:00,27,103,2.0,0.0,5.0,0.063,7.938,6.0,-8,19.825414183987057,,7000.0,0.0,0.0,0.0,48.57976153773031,optimal
2021-02-08 02:00:00,27,103,2.0,0.0,0.0,0.0955333333333333,11.907,6.0,-8,19.89571860754397,,7000.0,0.0,0.0,0.0,48.53118177619257,optimal
2021-02-08 02:30:00,27,103,2.0,0.0,0.0,0.1118,11.025,6.0,-8,19.966162088025737,,7000.0,0.0,0.0,0.0,48.48265059441637,optimal
2021-02-08 03:00:00,27,103,2.0,0.0,0.0,0.063,11.2875,6.0,-8,20.03685524288825,,7000.0,0.0,0.0,0.0,48.434167943821954,optimal
2021-02-08 03:30:00,27,103,2.0,0.0,0.0,0.0752,12.936,6.0,-8,20.106427259569912,,7000.0,0.0,0.0,0.0,48.38573377587813,optimal
2021-02-08 04:00:00,27,103,2.0,0.0,0.0,0.1321333333333333,13.0095,6.0,-8,20.17571363091532,,7000.0,0.0,0.0,0.0,48.33734804210225,optimal
2021-02-08 04:30:00,27,103,0.0,0.0,0.0,0.063,13.671,6.0,-8,20.24565730771609,,0.0,0.0,0.0,0.0,48.28901069406015,optimal
2021-02-08 05:00:00,27,103,2.0,0.0,0.0,0.1443333333333333,13.188,6.0,-8,20.1660218644354,,7000.0,0.0,0.0,0.0,48.24072168336608,optimal
2021-02-08 05:30:00,27,103,0.0,0.0,0.0,0.063,13.8495,6.0,-8,20.235358988121607,,0.0,0.0,0.0,0.0,48.19248096168271,optimal
2021-02-08 06:00:00,27,103,2.0,0.0,0.0,0.063,13.23,6.0,-8,20.155089762630183,,7000.0,0.0,0.0,0.0,48.144288480721016,optimal
2021-02-08 06:30:00,27,103,2.0,0.0,0.0,0.1443333333333333,13.3665,6.0,-8,20.222310713679384,,7000.0,0.0,0.0,0.0,48.096144192240295,optimal
2021-02-08 07:00:00,27,103,2.0,0.0,0.0,0.1563666666666666,13.0515,6.0,-8,20.29071197029124,,7000.0,0.0,0.0,0.0,48.048048048048045,optimal
2021-02-08 07:30:00,27,103,2.0,0.0,0.0,1.9449333333333327,13.5345,6.0,-8,20.360382343284744,,7000.0,0.0,0.0,0.0,48.0,optimal
2021-02-08 08:00:00,27,103,0.0,0.0,0.0,0.3549333333333333,14.154,6.0,-8,20.459592679787328,,0.0,0.0,0.0,0.0,47.76771810932262,optimal
2021-02-08 08:30:00,27,103,0.4174944329709196,0.0,0.0,0.0743333333333333,14.112,6.0,-8,20.388475820613337,,1461.2305153982186,0.0,0.0,0.0,47.53566850053593,optimal
2021-02-08 09:00:00,27,103,0.0,0.0,0.0,0.0772666666666666,14.2485,6.0,-8,20.33290130044708,,0.0,0.0,0.0,0.0,47.303850941358014,optimal
2021-02-08 09:30:00,27,103,2.0,0.0,0.0,0.063,12.789,6.0,-8,20.249280518572643,,7000.0,0.0,0.0,0.0,47.07226519973928,optimal
2021-02-08 10:00:00,27,103,2.0,0.0,0.0,0.1280666666666666,13.0095,6.0,-8,20.309228054229973,,7000.0,0.0,0.0,0.0,46.84091104386216,optimal
2021-02-08 10:30:00,27,103,2.0,0.0,0.0,0.0792666666666666,12.1275,6.0,-8,20.37095381088604,,7000.0,0.0,0.0,0.0,46.60978824214092,optimal
2021-02-08 11:00:00,27,103,2.0,0.0,0.0,0.063,12.348,6.0,-8,20.43069177504232,,7000.0,0.0,0.0,0.0,46.3788965632214,optimal
2021-02-08 11:30:00,27,103,2.0,0.0,0.0,0.1443333333333333,12.348,6.0,-8,20.48913580657634,,7000.0,0.0,0.0,0.0,46.14823577598081,optimal
2021-02-08 12:00:00,27,103,0.0,0.0,0.0,0.1562333333333333,25.389,6.0,-8,20.54948046419293,,0.0,0.0,0.0,0.0,45.91780564952745,optimal
2021-02-08 12:30:00,27,103,0.0,0.0,0.0,0.2937666666666667,29.1375,6.0,-8,20.46349081971146,,0.0,0.0,0.0,0.0,45.68760595320055,optimal
2021-02-08 13:00:00,27,103,0.0,0.0,0.0,1.0329666666666666,30.597,6.0,-8,20.38625944540316,,0.0,0.0,0.0,0.0,45.45763645656997,optimal
2021-02-08 13:30:00,27,103,0.0,0.0,0.0,1.5312333333333332,33.684,6.0,-8,20.32892956654441,,0.0,0.0,0.0,0.0,45.22789692943603,optimal
2021-02-08 14:00:00,27,103,0.0,0.0,0.0,0.2082,32.445,6.0,-8,20.24997643470639,,0.0,0.0,0.0,0.0,44.99838714182922,optimal
2021-02-08 14:30:00,27,103,0.0,0.0,0.0,0.1468,28.917,6.0,-8,20.16736082215793,,0.0,0.0,0.0,0.0,44.76910686401001,optimal
2021-02-08 15:00:00,27,103,0.0,0.0,0.0,0.2399333333333333,15.876,6.0,-8,20.082948297128667,,0.0,0.0,0.0,0.0,44.54005586646863,optimal
2021-02-08 15:30:00,27,103,1.0449051320469172,0.0,0.0,0.2314333333333333,12.348,6.0,-8,20.0,,3587.501295497543,0.0,69.66666666666666,0.0,44.31123391992478,optimal
2021-02-08 16:00:00,27,103,2.0,0.0,0.0,0.143,12.1275,6.0,-8,20.0,,6860.666666666667,0.0,139.33333333333331,0.0,44.08264079532748,optimal
2021-02-08 16:30:00,27,103,0.2517143800486305,0.0,0.0,0.063,12.348,6.0,-8,20.06667045283481,,881.000330170207,0.0,0.0,0.0,43.85427626385477,optimal
2021-02-08 17:00:00,27,103,1.16175435716014,0.0,0.0,0.063,12.1275,6.0,-8,20.0,,4066.140250060489,0.0,0.0,0.0,43.62614009691354,optimal
2021-02-08 17:30:00,27,103,1.1589647494097342,0.0,0.0,0.1158666666666666,12.1275,6.0,-8,20.0,,4056.3766229340695,0.0,0.0,0.0,43.39823206613925,optimal
2021-02-08 18:00:00,27,103,1.178251339570625,0.0,0.0,0.0971333333333333,11.2665,6.0,-8,20.0,,4123.879688497187,0.0,0.0,0.0,43.170551943395736,optimal
2021-02-08 18:30:00,27,103,2.0,0.0,0.0,0.0802666666666666,10.143,6.0,-8,20.0,,7000.0,0.0,0.0,0.0,42.94309950077496,optimal
2021-02-08 19:00:00,27,103,0.34402105187534,0.0,0.0,0.1280666666666666,11.2455,6.0,-8,20.060513524630853,,1204.07368156369,0.0,0.0,0.0,42.71587451059681,optimal
2021-02-08 19:30:00,27,103,1.170209955167567,0.0,0.0,0.1941333333333333,11.025,6.0,-8,20.0,,3657.322115049026,0.0,438.41272803745903,0.0,42.48887674540884,optimal
2021-02-08 20:00:00,27,103,2.0,0.0,0.0,1.1854333333333331,5.9745,6.0,-8,20.0,,3258.412728037459,0.0,3741.587271962541,0.0,42.26210597798605,optimal
2021-02-08 20:30:00,27,103,0.4681599999999999,0.0,0.0,0.1839333333333333,7.938,6.0,-8,20.0,,0.0,0.0,1638.56,0.0,42.03556198133069,optimal
2021-02-08 21:00:00,27,103,0.0,0.0,0.0,0.1966,8.6835,6.0,-8,19.92538891531024,,0.0,0.0,0.0,0.0,41.993526419349365,optimal
2021-02-08 21:30:00,27,103,0.0493638095238094,0.0,0.0,0.2888,7.665,6.0,-8,19.85516533139549,,0.0,0.0,172.7733333333332,0.0,41.95153289293002,optimal
2021-02-08 22:00:00,27,103,0.0,0.0,0.0,0.4363666666666667,6.7725,6.0,-8,19.78820304918546,,0.0,0.0,0.0,0.0,41.90958136003709,optimal
2021-02-08 22:30:00,27,103,0.0,0.0,0.0,0.482,5.5755,6.0,-8,19.724703390708964,,0.0,0.0,0.0,0.0,41.86767177867705,optimal
2021-02-08 23:00:00,27,103,0.0,0.0,0.0,0.6613,5.0925,6.0,-8,19.663318794022835,,0.0,0.0,0.0,0.0,41.82580410689837,optimal
2021-02-08 23:30:00,27,103,0.0597142857142857,0.0,0.0,0.3761666666666667,4.1895,6.0,-8,19.60457153739994,,0.0,0.0,209.0,0.0,41.78397830279148,optimal
2021-02-09 00:00:00,27,103,2.0,0.0,0.0,0.0723333333333333,11.823,6.0,-3,19.60457153739994,,7000.0,0.0,0.0,0.0,41.742194324488686,optimal
2021-02-09 00:30:00,27,103,2.0,0.0,0.0,0.0666666666666666,11.7705,6.0,-3,19.672053249224383,,1008.666666666667,0.0,5991.333333333333,0.0,41.700452130164194,optimal
2021-02-09 01:00:00,27,103,2.0,0.0,4.64285751058692,0.066,11.13,6.0,-3,19.613335642078617,,7000.0,0.0,0.0,0.0,43.864108995562816,optimal
2021-02-09 01:30:00,27,103,2.0,0.0,0.0,0.066,11.6865,6.0,-3,19.681231262220173,,7000.0,0.0,0.0,0.0,43.82024488656725,optimal
2021-02-09 02:00:00,27,103,2.0,0.0,5.0,0.066,10.7205,6.0,-3,19.74836519318952,,7000.0,0.0,0.0,0.0,46.15142464168068,optimal
2021-02-09 02:30:00,27,103,2.0,0.0,0.0,0.069,11.424,6.0,-3,19.814740890528807,,7000.0,0.0,0.0,0.0,46.10527321703899,optimal
2021-02-09 03:00:00,27,103,2.0,0.0,5.0,0.0696666666666666,10.689,6.0,-3,19.88104229652363,,7000.0,0.0,0.0,0.0,48.434167943821954,optimal
2021-02-09 03:30:00,27,103,2.0,0.0,0.0,0.066,11.361,6.0,-3,19.947269748210253,,7000.0,0.0,0.0,0.0,48.38573377587813,optimal
2021-02-09 04:00:00,27,103,2.0,0.0,0.0,0.066,11.571,6.0,-3,20.013650415235944,,7000.0,0.0,0.0,0.0,48.33734804210225,optimal
2021-02-09 04:30:00,27,103,1.949837563372199,0.0,0.0,0.066,14.3745,6.0,-3,20.080183602511312,,6824.431471802696,0.0,0.0,0.0,48.28901069406015,optimal
2021-02-09 05:00:00,27,103,2.0,0.0,0.0,0.066,13.23,6.0,-3,20.142265492423164,,7000.0,0.0,0.0,0.0,48.24072168336608,optimal
2021-02-09 05:30:00,27,103,2.0,0.0,0.0,0.066,13.9755,6.0,-3,20.207307857329795,,7000.0,0.0,0.0,0.0,48.19248096168271,optimal
2021-02-09 06:00:00,27,103,0.0,0.0,0.0,0.066,14.994,6.0,-3,20.27205514565824,,0.0,0.0,0.0,0.0,48.144288480721016,optimal
2021-02-09 06:30:00,27,103,2.0,0.0,0.0,0.066,13.671,6.0,-3,20.189155841411377,,7000.0,0.0,0.0,0.0,48.096144192240295,optimal
2021-02-09 07:00:00,27,103,0.0,0.0,0.0,0.071,15.981,6.0,-3,20.2537586455382,,0.0,0.0,0.0,0.0,48.048048048048045,optimal
2021-02-09 07:30:00,27,103,0.0,0.0,0.0,0.069,15.6345,6.0,-3,20.17275650903001,,0.0,0.0,0.0,0.0,48.0,optimal
2021-02-09 08:00:00,27,103,0.0,0.0,0.0,0.2388,16.5375,6.0,-3,20.09729566092899,,0.0,0.0,0.0,0.0,47.74734153311773,optimal
2021-02-09 08:30:00,27,103,2.0,0.0,0.0,0.0653333333333333,14.7735,6.0,-3,20.02645140809467,,7000.0,0.0,0.0,0.0,47.49493572470235,optimal
2021-02-09 09:00:00,27,103,0.0,0.0,0.0,0.071,15.2145,6.0,-3,20.089142423151934,,0.0,0.0,0.0,0.0,47.24278232209539,optimal
2021-02-09 09:30:00,27,103,1.1859560863190806,0.0,0.0,0.076,14.553,6.0,-3,20.0,,4150.846302116783,0.0,0.0,0.0,46.99088107289103,optimal
2021-02-09 10:00:00,27,103,2.0,0.0,0.0,0.066,14.3325,6.0,-3,20.0,,7000.0,0.0,0.0,0.0,46.73923172493587,optimal
2021-02-09 10:30:00,27,103,2.0,0.0,0.0,0.066,14.595,6.0,-3,20.06133685396753,,7000.0,0.0,0.0,0.0,46.48783402632867,optimal
2021-02-09 11:00:00,27,103,0.0,0.0,0.0,0.066,14.994,6.0,-3,20.1235296127848,,0.0,0.0,0.0,0.0,46.23668772542008,optimal
2021-02-09 11:30:00,27,103,2.0,0.0,0.0,0.0753333333333333,14.3325,6.0,-3,20.039221540565787,,7000.0,0.0,0.0,0.0,45.98579257081239,optimal
2021-02-09 12:00:00,27,103,2.0,0.0,0.0,0.0753333333333333,13.8915,6.0,-3,20.102875636133952,,7000.0,0.0,0.0,0.0,45.73514831135932,optimal
2021-02-09 12:30:00,27,103,2.0,0.0,0.0,0.074,13.8915,6.0,-3,20.167864132341627,,7000.0,0.0,0.0,0.0,45.484754696165695,optimal
2021-02-09 13:00:00,27,103,2.0,0.0,0.0,0.2488,13.4715,6.0,-3,20.23908814312309,,7000.0,0.0,0.0,0.0,45.23461147458726,optimal
2021-02-09 13:30:00,27,103,2.0,0.0,0.0,0.1890666666666666,13.23,6.0,-3,20.315378448118345,,7000.0,0.0,0.0,0.0,44.984718396230406,optimal
2021-02-09 14:00:00,27,103,2.0,0.0,0.0,0.117,13.8915,6.0,-3,20.38970508378308,,7000.0,0.0,0.0,0.0,44.73507521095191,optimal
2021-02-09 14:30:00,27,103,0.0,0.0,0.0,0.2236666666666666,26.9325,6.0,-3,20.4607367490068,,0.0,0.0,0.0,0.0,44.485681668858696,optimal
2021-02-09 15:00:00,27,103,0.0,0.0,0.0,0.0780999999999999,30.303,6.0,-3,20.38820286129936,,0.0,0.0,0.0,0.0,44.23653752030757,optimal
2021-02-09 15:30:00,27,103,0.0,0.0,0.0,0.4565333333333333,32.886,6.0,-3,20.31443309702465,,0.0,0.0,0.0,0.0,43.987642515905,optimal
2021-02-09 16:00:00,27,103,0.0,0.0,0.0,1.3562,34.9965,6.0,-3,20.249434304540515,,0.0,0.0,0.0,0.0,43.73899640650683,optimal
2021-02-09 16:30:00,27,103,0.0,0.0,0.0,0.2966,33.327,6.0,-3,20.206688209744,,0.0,0.0,0.0,0.0,43.49059894321806,optimal
2021-02-09 17:00:00,27,103,0.0,0.0,0.0,2.200533333333333,31.122,6.0,-3,20.14040679588955,,0.0,0.0,0.0,0.0,43.24244987739258,optimal
2021-02-09 17:30:00,27,103,0.0,0.0,0.0,3.085,17.9025,6.0,-3,20.081757131025867,,0.0,0.0,0.0,0.0,42.994548960632926,optimal
2021-02-09 18:00:00,27,103,0.2944011551642123,0.0,0.0,1.247266666666667,15.6555,6.0,-3,20.032679964556827,,1030.4040430747432,0.0,0.0,0.0,42.746895944790026,optimal
2021-02-09 18:30:00,27,103,0.9479716825920108,0.0,0.0,0.3390666666666667,14.553,6.0,-3,20.0,,3317.900889072037,0.0,0.0,0.0,42.499490581962974,optimal
2021-02-09 19:00:00,27,103,0.9789500369105943,0.0,0.0,0.3041333333333333,14.3325,6.0,-3,20.0,,3426.32512918708,0.0,0.0,0.0,42.25233262449875,optimal
2021-02-09 19:30:00,27,103,1.042578608339158,0.0,0.0,0.2555,13.335,6.0,-3,20.0,,3370.358462520386,0.0,278.66666666666663,0.0,42.005421824991984,optimal
2021-02-09 20:00:00,27,103,1.0896452750058403,0.0,0.0,0.4311,12.1275,6.0,-3,20.0,,3326.0917958537752,0.0,487.6666666666667,0.0,41.75875793628473,optimal
2021-02-09 20:30:00,27,103,0.0,0.0,0.0,0.2866,12.2955,6.0,-3,20.0,,0.0,0.0,0.0,0.0,41.51234071146618,optimal
2021-02-09 21:00:00,27,103,0.0,0.0,0.0,0.076,11.6865,6.0,-3,19.92594164847413,,0.0,0.0,0.0,0.0,41.26616990387245,optimal
2021-02-09 21:30:00,27,103,0.0,0.0,0.0,0.3965333333333333,11.466,6.0,-3,19.839354287473373,,0.0,0.0,0.0,0.0,41.02024526708632,optimal
2021-02-09 22:00:00,27,103,0.0597142857142857,0.0,0.0,0.4263333333333333,10.8045,6.0,-3,19.766325308604745,,0.0,0.0,209.0,0.0,40.97922502181923,optimal
2021-02-09 22:30:00,27,103,0.0,0.0,0.0,0.537,10.584,6.0,-3,19.69730508130925,,0.0,0.0,0.0,0.0,40.93824579679741,optimal
2021-02-09 23:00:00,27,103,0.0,0.0,0.0,0.3327666666666666,11.2455,6.0,-3,19.629463340068742,,0.0,0.0,0.0,0.0,40.897307551000615,optimal
2021-02-09 23:30:00,27,103,0.0,0.0,0.0,0.3352,12.1275,6.0,-3,19.55914459775167,,0.0,0.0,0.0,0.0,40.856410243449616,optimal
2021-02-10 00:00:00,27,103,2.0,0.0,0.0,0.3752333333333333,11.508,6.0,-2,19.55914459775167,,7000.0,0.0,0.0,0.0,40.81555383320617,optimal
2021-02-10 00:30:00,27,103,2.0,0.0,0.0,0.2401666666666666,11.508,6.0,-2,19.6324591072158,,3238.0,0.0,3762.0,0.0,40.77473827937296,optimal
2021-02-10 01:00:00,27,103,2.0,0.0,0.0,0.4594333333333333,11.844,6.0,-2,19.62519998300568,,7000.0,0.0,0.0,0.0,40.73396354109359,optimal
2021-02-10 01:30:00,27,103,2.0,0.0,0.0,0.1767666666666666,11.508,6.0,-2,19.70117444349408,,7000.0,0.0,0.0,0.0,40.69322957755249,optimal
2021-02-10 02:00:00,27,103,2.0,0.0,0.0,0.174,11.508,6.0,-2,19.76690243896909,,7000.0,0.0,0.0,0.0,40.652536347974944,optimal
2021-02-10 02:30:00,27,103,2.0,0.0,5.0,0.2986666666666667,10.4475,6.0,-2,19.837259765013776,,7000.0,0.0,0.0,0.0,42.98688381162697,optimal
2021-02-10 03:00:00,27,103,2.0,0.0,5.0,0.1156666666666666,10.8675,6.0,-2,19.90830481336104,,7000.0,0.0,0.0,0.0,45.31889692781534,optimal
2021-02-10 03:30:00,27,103,2.0,0.0,5.0,0.049,10.542,6.0,-2,19.97550020619079,,7000.0,0.0,0.0,0.0,47.64857803088752,optimal
2021-02-10 04:00:00,27,103,2.0,0.0,0.0,0.1736666666666666,11.025,6.0,-2,20.0414855873018,,7000.0,0.0,0.0,0.0,47.60092945285663,optimal
2021-02-10 04:30:00,27,103,2.0,0.0,1.447143494657484,0.049,11.025,6.0,-2,20.111376081789025,,7000.0,0.0,0.0,0.0,48.24072168336608,optimal
2021-02-10 05:00:00,27,103,2.0,0.0,0.0,0.2583,14.553,6.0,-2,20.177821031839585,,7000.0,0.0,0.0,0.0,48.19248096168271,optimal
2021-02-10 05:30:00,27,103,2.0,0.0,0.0,0.3206333333333333,13.0935,6.0,-2,20.245094566295503,,7000.0,0.0,0.0,0.0,48.144288480721016,optimal
2021-02-10 06:00:00,27,103,2.0,0.0,0.0,0.1113333333333333,15.6345,6.0,-2,20.31449805141636,,7000.0,0.0,0.0,0.0,48.096144192240295,optimal
2021-02-10 06:30:00,27,103,0.0,0.0,0.0,0.049,18.102,6.0,-2,20.37873066470667,,0.0,0.0,0.0,0.0,48.048048048048045,optimal
2021-02-10 07:00:00,27,103,0.4048440542608137,0.0,0.0,1.396766666666667,17.199,6.0,-2,20.29908289723896,,1416.9541899128485,0.0,0.0,0.0,48.0,optimal
2021-02-10 07:30:00,27,103,0.0,0.0,0.0,0.0496666666666666,18.2805,6.0,-2,20.266078676733,,0.0,0.0,0.0,0.0,47.76836134422652,optimal
2021-02-10 08:00:00,27,103,0.0,0.0,0.0,0.2271,17.4615,6.0,-2,20.179657705386884,,0.0,0.0,0.0,0.0,47.536954327108816,optimal
2021-02-10 08:30:00,27,103,0.0,0.0,0.0,0.067,18.3225,6.0,-2,20.09157970084116,,0.0,0.0,0.0,0.0,47.30577871700823,optimal
2021-02-10 09:00:00,27,103,2.0,0.0,0.0,0.05,17.094,6.0,-2,20.0,,7000.0,0.0,0.0,0.0,47.07483428251774,optimal
2021-02-10 09:30:00,27,103,2.0,0.0,0.0,0.3073333333333333,17.094,6.0,-2,20.05673810272788,,7000.0,0.0,0.0,0.0,46.844120792461744,optimal
2021-02-10 10:00:00,27,103,2.0,0.0,0.0,1.5204333333333333,17.094,6.0,-2,20.120844587397567,,7000.0,0.0,0.0,0.0,46.6136380158958,optimal
2021-02-10 10:30:00,27,103,2.0,0.0,0.0,1.3059333333333334,17.3565,6.0,-2,20.193072611549745,,7000.0,0.0,0.0,0.0,46.383385722106425,optimal
2021-02-10 11:00:00,27,103,2.0,0.0,0.0,1.1079333333333334,17.115,6.0,-2,20.274021280263483,,7000.0,0.0,0.0,0.0,46.15336368061084,optimal
2021-02-10 11:30:00,27,103,2.0,0.0,0.0,0.3463333333333333,17.241,6.0,-2,20.350795828732966,,7000.0,0.0,0.0,0.0,45.92357166115675,optimal
2021-02-10 12:00:00,27,103,2.0,0.0,0.0,1.2546333333333335,17.094,6.0,-2,20.419390022523057,,7000.0,0.0,0.0,0.0,45.69400943372212,optimal
2021-02-10 12:30:00,27,103,2.0,0.0,0.0,1.3721666666666668,16.5165,6.0,-2,20.49444701104058,,7000.0,0.0,0.0,0.0,45.46467676851491,optimal
2021-02-10 13:00:00,27,103,1.1338519743930195,0.0,0.0,0.68,17.8185,6.0,-2,20.56857351704635,,3968.481910375569,0.0,0.0,0.0,45.23557343597292,optimal
2021-02-10 13:30:00,27,103,2.0,0.0,0.0,0.2158,17.094,6.0,-2,20.580260721071056,,7000.0,0.0,0.0,0.0,45.00669920676346,optimal
2021-02-10 14:00:00,27,103,2.0,0.0,0.0,1.2435,16.8945,6.0,-2,20.649392853634616,,7000.0,0.0,0.0,0.0,44.77805385178322,optimal
2021-02-10 14:30:00,27,103,0.0,0.0,0.0,0.5868333333333333,18.123,6.0,-2,20.723605095218176,,0.0,0.0,0.0,0.0,44.54963714215796,optimal
2021-02-10 15:00:00,27,103,0.0,0.0,0.0,0.05,31.647,6.0,-2,20.642841697248745,,0.0,0.0,0.0,0.0,44.32144884924232,optimal
2021-02-10 15:30:00,27,103,0.0,0.0,0.0,0.1746666666666666,34.9965,6.0,-2,20.555208267409043,,0.0,0.0,0.0,0.0,44.09348874461959,optimal
2021-02-10 16:00:00,27,103,0.0,0.0,0.0,0.05,34.9965,6.0,-2,20.469689350256694,,0.0,0.0,0.0,0.0,43.86575660010149,optimal
2021-02-10 16:30:00,27,103,0.0,0.0,0.0,0.1633333333333333,34.9965,6.0,-2,20.381026782674983,,0.0,0.0,0.0,0.0,43.63825218772792,optimal
2021-02-10 17:00:00,27,103,0.0,0.0,0.0,0.0613333333333333,34.9965,6.0,-2,20.294244825363617,,0.0,0.0,0.0,0.0,43.41097527976671,optimal
2021-02-10 17:30:00,27,103,0.0,0.0,0.0,1.264066666666667,34.9965,6.0,-2,20.204802090107123,,0.0,0.0,0.0,0.0,43.18392564871346,optimal
2021-02-10 18:00:00,27,103,0.0,0.0,0.0,1.6695666666666666,27.741,6.0,-2,20.12753390091126,,0.0,0.0,0.0,0.0,42.95710306729127,optimal
2021-02-10 18:30:00,27,103,0.0,0.0,0.0,1.248733333333333,19.026,6.0,-2,20.063518940327693,,0.0,0.0,0.0,0.0,42.7305073084505,optimal
2021-02-10 19:00:00,27,103,1.0503119561879704,0.0,0.0,0.0656666666666666,18.7215,6.0,-2,20.0,,3676.091846657896,0.0,0.0,0.0,42.50413814536857,optimal
2021-02-10 19:30:00,27,103,1.1060773274522666,0.0,0.0,0.4900333333333334,17.4195,6.0,-2,20.0,,3871.2706460829336,0.0,0.0,0.0,42.277995351449725,optimal
2021-02-10 20:00:00,27,103,1.145528413002348,0.0,0.0,0.2351666666666666,16.758,6.0,-2,20.0,,4009.349445508218,0.0,0.0,0.0,42.0520787003248,optimal
2021-02-10 20:30:00,27,103,0.0,0.0,0.0,0.3049,14.217,6.0,-2,20.0,,0.0,0.0,0.0,0.0,41.826387965851,optimal
2021-02-10 21:00:00,27,103,0.0597142857142857,0.0,0.0,0.1737333333333333,13.3665,6.0,-2,19.91581818690606,,0.0,0.0,209.0,0.0,41.60092292211167,optimal
2021-02-10 21:30:00,27,103,0.0,0.0,0.0,0.1789,12.789,6.0,-2,19.83922855493475,,0.0,0.0,0.0,0.0,41.37568334341608,optimal
2021-02-10 22:00:00,27,103,0.0,0.0,0.0,0.3242666666666666,11.907,6.0,-2,19.758654274281724,,0.0,0.0,0.0,0.0,41.15066900429918,optimal
2021-02-10 22:30:00,27,103,0.0,0.0,0.0,0.1178,11.7075,6.0,-2,19.673535237499635,,0.0,0.0,0.0,0.0,40.9258796795214,optimal
2021-02-10 23:00:00,27,103,0.0,0.0,0.0,0.3432333333333333,10.8045,6.0,-2,19.588917178950904,,0.0,0.0,0.0,0.0,40.7013151440684,optimal
2021-02-10 23:30:00,27,103,0.0,0.0,0.0,0.2148333333333333,11.508,6.0,-2,19.50452276719416,,0.0,0.0,0.0,0.0,40.66061382892433,optimal
2021-02-11 00:00:00,27,103,0.0,0.0,0.0,0.059,21.4305,6.0,10,19.50452276719416,,0.0,0.0,0.0,0.0,40.61995321509541,optimal
2021-02-11 00:30:00,27,103,2.0,0.0,0.0,0.2465,14.3325,6.0,10,19.4054820006016,,0.0,0.0,7000.0,0.0,40.57933326188032,optimal
2021-02-11 01:00:00,27,103,2.0,0.0,0.0,0.3066666666666667,13.692,6.0,10,19.311291170295743,,3574.161617722781,0.0,3425.8383822772184,0.0,40.53875392861843,optimal
2021-02-11 01:30:00,27,103,2.0,0.0,0.0,0.0612,14.007,6.0,10,19.296050161670017,,7000.0,0.0,0.0,0.0,40.49821517468982,optimal
2021-02-11 02:00:00,27,103,2.0,0.0,0.0,0.1710666666666666,12.873,6.0,10,19.35250662560143,,7000.0,0.0,0.0,0.0,40.45771695951513,optimal
2021-02-11 02:30:00,27,103,2.0,0.0,0.0,0.0908666666666666,12.684,6.0,10,19.40832525040232,,7000.0,0.0,0.0,0.0,40.417259242555616,optimal
2021-02-11 03:00:00,27,103,2.0,0.0,0.0,0.1894666666666666,12.306,6.0,10,19.458198230704543,,7000.0,0.0,0.0,0.0,40.37684198331306,optimal
2021-02-11 03:30:00,27,103,2.0,0.0,5.0,0.059,10.6365,6.0,10,19.509466855044742,,7000.0,0.0,0.0,0.0,42.71146514132976,optimal
2021-02-11 04:00:00,27,103,2.0,0.0,0.0,0.2952666666666667,11.2455,6.0,10,19.55889068406,,7000.0,0.0,0.0,0.0,42.66875367618842,optimal
2021-02-11 04:30:00,27,103,2.0,0.0,0.0,0.0864666666666666,11.2455,6.0,10,19.614197973225497,,7000.0,0.0,0.0,0.0,42.62608492251224,optimal
2021-02-11 05:00:00,27,103,2.0,0.0,0.0,0.206,11.025,6.0,10,19.66485902561288,,7000.0,0.0,0.0,0.0,42.58345883758973,optimal
2021-02-11 05:30:00,27,103,2.0,0.0,0.0,0.1757333333333333,12.0855,6.0,10,19.71780647028872,,7000.0,0.0,0.0,0.0,42.54087537875213,optimal
2021-02-11 06:00:00,27,103,2.0,0.0,0.0,0.059,11.6865,6.0,10,19.77101075422676,,7000.0,0.0,0.0,0.0,42.49833450337338,optimal
2021-02-11 06:30:00,27,103,2.0,0.0,0.0,0.059,11.2245,6.0,10,19.8226505536335,,7000.0,0.0,0.0,0.0,42.45583616887001,optimal
2021-02-11 07:00:00,27,103,2.0,0.0,1.948693363473449,0.2399666666666666,11.025,6.0,10,19.87519025035062,,7000.0,0.0,0.0,0.0,43.33900968035103,optimal
2021-02-11 07:30:00,27,103,2.0,0.0,5.0,0.2024333333333333,10.7835,6.0,10,19.936111988526765,,7000.0,0.0,0.0,0.0,45.670670670670674,optimal
2021-02-11 08:00:00,27,103,2.0,0.0,5.0,0.0983666666666666,11.025,6.0,10,20.0,,6906.171715610553,0.0,93.828284389447,0.0,48.0,optimal
2021-02-11 08:30:00,27,103,2.0,0.0,0.0,1.165,10.584,6.0,10,20.05832113235408,,7000.0,0.0,0.0,0.0,47.94043712604194,optimal
2021-02-11 09:00:00,27,103,2.0,0.0,0.0,0.7259,11.025,6.0,10,20.12254771624515,,7000.0,0.0,0.0,0.0,47.88093381495784,optimal
2021-02-11 09:30:00,27,103,2.0,0.0,0.0,0.3438333333333333,10.4265,6.0,10,20.176414783622565,,7000.0,0.0,0.0,0.0,47.82149000718483,optimal
2021-02-11 10:00:00,27,103,2.0,0.0,0.0,0.2771,12.789,6.0,10,20.239100096376166,,7000.0,0.0,0.0,0.0,47.762105643219584,optimal
2021-02-11 10:30:00,27,103,2.0,0.0,0.0,0.2605,12.684,6.0,10,20.30822775765484,,7000.0,0.0,0.0,0.0,47.70278066361831,optimal
2021-02-11 11:00:00,27,103,2.0,0.0,0.0,0.2482333333333332,16.254,6.0,10,20.372068949042067,,7000.0,0.0,0.0,0.0,47.64351500899663,optimal
2021-02-11 11:30:00,27,103,2.0,0.0,0.0,0.1535,17.64,6.0,10,20.4285699801571,,7000.0,0.0,0.0,0.0,47.58430862002957,optimal
2021-02-11 12:00:00,27,103,0.0,0.0,0.0,0.0723333333333333,19.1625,6.0,10,20.486223020816784,,0.0,0.0,0.0,0.0,47.52516143745149,optimal
2021-02-11 12:30:00,27,103,0.0,0.0,0.0,0.3637666666666666,26.46,6.0,10,20.39898704531352,,0.0,0.0,0.0,0.0,47.46607340205598,optimal
2021-02-11 13:00:00,27,103,0.0,0.0,0.0,1.3012,20.79,6.0,10,20.32329340606165,,0.0,0.0,0.0,0.0,47.40704445469587,optimal
2021-02-11 13:30:00,27,103,0.0,0.0,0.0,0.069,29.106,6.0,10,20.25114152536152,,0.0,0.0,0.0,0.0,47.34807453628312,optimal
2021-02-11 14:00:00,27,103,0.8360905790354112,0.0,0.0,0.172,19.1835,6.0,10,20.17022175714716,,2926.3170266239395,0.0,0.0,0.0,47.28916358778879,optimal
2021-02-11 14:30:00,27,103,0.0,0.0,0.0,0.2297333333333333,19.6665,6.0,10,20.15389112349658,,0.0,0.0,0.0,0.0,47.23031155024294,optimal
2021-02-11 15:00:00,27,103,0.0,0.0,0.0,0.1929333333333333,19.404,6.0,10,20.075661881191333,,0.0,0.0,0.0,0.0,47.17151836473464,optimal
2021-02-11 15:30:00,27,103,1.2415837633545477,0.0,0.0,0.3601333333333333,19.047,6.0,10,20.0,,4345.5431717409165,0.0,0.0,0.0,47.11278397241185,optimal
2021-02-11 16:00:00,27,103,2.0,0.0,0.0,0.0989333333333333,18.858,6.0,10,20.020264974121066,,7000.0,0.0,0.0,0.0,47.05410831448138,optimal
2021-02-11 16:30:00,27,103,0.0,0.0,0.0,0.2104666666666666,19.2675,6.0,10,20.085815975155374,,0.0,0.0,0.0,0.0,46.99549133220884,optimal
2021-02-11 17:00:00,27,103,1.1990548312089533,0.0,0.0,0.2648666666666667,18.963,6.0,10,20.0,,4196.6919092313365,0.0,0.0,0.0,46.936932966918576,optimal
2021-02-11 17:30:00,27,103,2.0,0.0,0.0,0.1645333333333333,18.438,6.0,10,20.0,,7000.0,0.0,0.0,0.0,46.8784331599936,optimal
2021-02-11 18:00:00,27,103,0.4363735927230033,0.0,0.0,0.6832333333333334,18.7425,6.0,10,20.053692424450134,,1527.3075745305116,0.0,0.0,0.0,46.819991852875546,optimal
2021-02-11 18:30:00,27,103,2.0,0.0,0.0,1.6411,15.2145,6.0,10,20.0,,6373.0,0.0,627.0,0.0,46.76160898706461,optimal
2021-02-11 19:00:00,27,103,0.4340847584476919,0.0,0.0,0.2723666666666667,17.7765,6.0,10,20.06240077195013,,1519.2966545669217,0.0,0.0,0.0,46.703284504119495,optimal
2021-02-11 19:30:00,27,103,1.496307701080533,0.0,0.0,0.1712333333333333,16.758,6.0,10,20.0,,4610.076953781865,0.0,627.0,0.0,46.64501834565732,optimal
2021-02-11 20:00:00,27,103,1.3924540319835192,0.0,0.0,0.4619666666666666,16.422,6.0,10,20.0,,4246.589111942317,0.0,627.0,0.0,46.58681045335361,optimal
2021-02-11 20:30:00,27,103,0.0,0.0,0.0,0.2208,16.758,6.0,10,20.0,,0.0,0.0,0.0,0.0,46.5286607689422,optimal
2021-02-11 21:00:00,27,103,0.0,0.0,0.0,1.2643666666666666,29.358,6.0,10,19.908347136427743,,0.0,0.0,0.0,0.0,46.4705692342152,optimal
2021-02-11 21:30:00,27,103,0.0,0.0,0.0,0.3362,34.9965,6.0,10,19.80855669261188,,0.0,0.0,0.0,0.0,46.412535791022925,optimal
2021-02-11 22:00:00,27,103,0.0,0.0,0.0,0.3621999999999999,34.65,6.0,10,19.7122427238511,,0.0,0.0,0.0,0.0,46.36612325523191,optimal
2021-02-11 22:30:00,27,103,0.0,0.0,0.0,0.1715,34.9965,6.0,10,19.619330236666865,,0.0,0.0,0.0,0.0,46.31975713197667,optimal
2021-02-11 23:00:00,27,103,0.0,0.0,0.0,0.182,34.9965,6.0,10,19.52008048774719,,0.0,0.0,0.0,0.0,46.2734373748447,optimal
2021-02-11 23:30:00,27,103,0.0,0.0,0.0,0.1028,30.4815,6.0,10,19.417902922732583,,0.0,0.0,0.0,0.0,46.227163937469854,optimal
2021-02-12 00:00:00,27,103,0.2788016369235745,0.0,0.0,0.1008,13.566,6.0,9,19.417902922732583,,975.805729232511,0.0,0.0,0.0,46.18093677353238,optimal
2021-02-12 00:30:00,27,103,2.0,0.0,0.0,0.1098666666666666,12.789,6.0,9,19.32615243840347,,5188.666666666667,0.0,1811.333333333333,0.0,46.13475583675885,optimal
2021-02-12 01:00:00,27,103,2.0,0.0,0.0,0.111,12.1275,6.0,9,19.323691494726745,,7000.0,0.0,0.0,0.0,46.08862108092209,optimal
2021-02-12 01:30:00,27,103,2.0,0.0,0.0,0.2062,13.671,6.0,9,19.359394878045183,,7000.0,0.0,0.0,0.0,46.04253245984117,optimal
2021-02-12 02:00:00,27,103,2.0,0.0,0.0,0.0781333333333333,10.668,6.0,9,19.397393953542124,,7000.0,0.0,0.0,0.0,45.996489927381326,optimal
2021-02-12 02:30:00,27,103,2.0,0.0,0.0,0.1846666666666666,11.7285,6.0,9,19.43297845200676,,7000.0,0.0,0.0,0.0,45.95049343745394,optimal
2021-02-12 03:00:00,27,103,2.0,0.0,0.0,0.128,11.025,6.0,9,19.47200508984142,,7000.0,0.0,0.0,0.0,45.90454294401649,optimal
2021-02-12 03:30:00,27,103,2.0,0.0,0.0,0.111,10.689,6.0,9,19.51102282459713,,7000.0,0.0,0.0,0.0,45.85863840107248,optimal
2021-02-12 04:00:00,27,103,2.0,0.0,5.0,0.1563333333333333,8.1585,6.0,9,19.552681369294405,,7000.0,0.0,0.0,0.0,48.18777976267141,optimal
2021-02-12 04:30:00,27,103,2.0,0.0,0.0,0.128,10.3635,6.0,9,19.59828088550298,,7000.0,0.0,0.0,0.0,48.13959198290873,optimal
2021-02-12 05:00:00,27,103,2.0,0.0,0.0,0.2073333333333333,10.8045,6.0,9,19.646252780909897,,7000.0,0.0,0.0,0.0,48.091452390925824,optimal
2021-02-12 05:30:00,27,103,2.0,0.0,0.0,0.0872,11.025,6.0,9,19.698852720024057,,7000.0,0.0,0.0,0.0,48.043360938534896,optimal
2021-02-12 06:00:00,27,103,2.0,0.0,0.0,0.1744666666666666,10.3635,6.0,9,19.75231452048153,,7000.0,0.0,0.0,0.0,47.99531757759636,optimal
2021-02-12 06:30:00,27,103,2.0,0.0,0.0,0.133,10.8045,6.0,9,19.811000126870457,,7000.0,0.0,0.0,0.0,47.947322260018765,optimal
2021-02-12 07:00:00,27,103,2.0,0.0,0.2118422362973822,0.1963333333333332,10.059,6.0,9,19.86986334003466,,7000.0,0.0,0.0,0.0,48.0,optimal
2021-02-12 07:30:00,27,103,2.0,0.0,0.0,0.5701,10.584,6.0,9,19.93475817432059,,7000.0,0.0,0.0,0.0,47.80486463746165,optimal
2021-02-12 08:00:00,27,103,2.0,0.0,0.0,0.379,9.4185,6.0,9,20.0,,6408.0527624523,0.0,591.9472375476998,0.0,47.60992441028584,optimal
2021-02-12 08:30:00,27,103,2.0,0.0,0.0,0.0926666666666666,10.3635,6.0,9,20.040723611912856,,7000.0,0.0,0.0,0.0,47.4151791233372,optimal
2021-02-12 09:00:00,27,103,2.0,0.0,0.0,0.2309333333333333,9.8385,6.0,9,20.08092940429814,,7000.0,0.0,0.0,0.0,47.22062858167551,optimal
2021-02-12 09:30:00,27,103,2.0,0.0,0.0,0.1244,11.067,6.0,9,20.12295603041216,,7000.0,0.0,0.0,0.0,47.026272590555486,optimal
2021-02-12 10:00:00,27,103,2.0,0.0,0.0,0.0813333333333333,10.8465,6.0,9,20.17253012710396,,7000.0,0.0,0.0,0.0,46.83211095542658,optimal
2021-02-12 10:30:00,27,103,2.0,0.0,0.0,0.1833333333333333,13.671,6.0,9,20.23095345525826,,7000.0,0.0,0.0,0.0,46.6381434819328,optimal
2021-02-12 11:00:00,27,103,2.0,0.0,0.0,0.1606666666666666,12.348,6.0,9,20.29307355002141,,7000.0,0.0,0.0,0.0,46.44436997591252,optimal
2021-02-12 11:30:00,27,103,0.0,0.0,0.0,0.1606666666666666,14.3325,6.0,9,20.356249357974296,,0.0,0.0,0.0,0.0,46.25079024339825,optimal
2021-02-12 12:00:00,27,103,0.0,0.0,0.0,0.104,15.393,6.0,9,20.272012536799902,,0.0,0.0,0.0,0.0,46.0574040906165,optimal
2021-02-12 12:30:00,27,103,2.0,0.0,0.0,0.2173333333333333,13.587,6.0,9,20.18719184973504,,7000.0,0.0,0.0,0.0,45.86421132398753,optimal
2021-02-12 13:00:00,27,103,0.0,0.0,0.0,0.138,16.1385,6.0,9,20.25272136891338,,0.0,0.0,0.0,0.0,45.6712117501252,optimal
2021-02-12 13:30:00,27,103,0.0,0.0,0.0,0.07,14.595,6.0,9,20.169157581861526,,0.0,0.0,0.0,0.0,45.47840517583672,optimal
2021-02-12 14:00:00,27,103,0.0,0.0,0.0,0.1198666666666666,14.637,6.0,9,20.08408780119404,,0.0,0.0,0.0,0.0,45.285791408122535,optimal
2021-02-12 14:30:00,27,103,1.0749586159265616,0.0,0.0,0.2874666666666666,13.9125,6.0,9,20.0,,3762.355155742966,0.0,0.0,0.0,45.09337025417607,optimal
2021-02-12 15:00:00,27,103,1.5814481866035723,0.0,0.0,0.5559333333333333,13.3665,6.0,9,20.0,,3828.015890660203,0.0,1707.0527624523004,0.0,44.901141521383536,optimal
2021-02-12 15:30:00,27,103,2.0,0.0,0.0,0.4016666666666666,13.0095,6.0,9,20.01106218246476,,7000.0,0.0,0.0,0.0,44.7091050173238,optimal
2021-02-12 16:00:00,27,103,0.0,0.0,0.0,0.087,13.8915,6.0,9,20.087061492913623,,0.0,0.0,0.0,0.0,44.517260549768125,optimal
2021-02-12 16:30:00,27,103,0.9792997898824376,0.0,0.0,1.1942000000000002,13.188,6.0,9,20.0,,3288.2159312551985,0.0,139.33333333333331,0.0,44.32560792668001,optimal
2021-02-12 17:00:00,27,103,0.8145058801843937,0.0,0.0,1.3448666666666669,12.5685,6.0,9,20.0,,2781.103913978712,0.0,69.66666666666666,0.0,44.13414695621498,optimal
2021-02-12 17:30:00,27,103,0.9345301239282374,0.0,0.0,0.5013333333333333,12.285,6.0,9,20.0,,3270.855433748832,0.0,0.0,0.0,43.94287744672041,optimal
2021-02-12 18:00:00,27,103,1.8293565489708576,0.0,0.0,1.1655333333333333,11.487,6.0,9,20.0,,5497.081254731334,0.0,905.6666666666666,0.0,43.75179920673534,optimal
2021-02-12 18:30:00,27,103,0.0,0.0,0.0,1.3786666666666667,11.802,6.0,9,20.051805353822576,,0.0,0.0,0.0,0.0,43.7080474075286,optimal
2021-02-12 19:00:00,27,103,0.7252757657117614,0.0,0.0,0.8039,11.2245,6.0,9,20.0,,2468.7985133244983,0.0,69.66666666666666,0.0,43.66433936012108,optimal
2021-02-12 19:30:00,27,103,1.9167564154907537,0.0,0.0,0.5460666666666667,11.025,6.0,9,20.0,,5454.6474542176375,0.0,1254.0,0.0,43.62067502076096,optimal
2021-02-12 20:00:00,27,103,0.0,0.0,0.0,0.4795333333333333,11.907,6.0,9,20.064137170243644,,0.0,0.0,0.0,0.0,43.577054345740194,optimal
2021-02-12 20:30:00,27,103,0.0,0.0,0.0,2.526733333333333,25.83,6.0,9,20.0,,0.0,0.0,0.0,0.0,43.533477291394455,optimal
2021-02-12 21:00:00,27,103,0.0,0.0,0.0,2.310233333333333,28.035,6.0,9,19.94235790337548,,0.0,0.0,0.0,0.0,43.48994381410306,optimal
2021-02-12 21:30:00,27,103,0.0,0.0,0.0,0.3429,28.119,6.0,9,19.88079275735524,,0.0,0.0,0.0,0.0,43.44645387028896,optimal
2021-02-12 22:00:00,27,103,0.0,0.0,0.0,0.3938,30.156,6.0,9,19.813439534743047,,0.0,0.0,0.0,0.0,43.40300741641867,optimal
2021-02-12 22:30:00,27,103,0.0,0.0,0.0,0.5291333333333333,29.1585,6.0,9,19.75044075885542,,0.0,0.0,0.0,0.0,43.35960440900225,optimal
2021-02-12 23:00:00,27,103,0.0,0.0,0.0,0.492,26.712,6.0,9,19.68536663435487,,0.0,0.0,0.0,0.0,43.316244804593246,optimal
2021-02-12 23:30:00,27,103,0.0,0.0,0.0,0.4502666666666666,15.435,6.0,9,19.622275973222035,,0.0,0.0,0.0,0.0,43.27292855978865,optimal
2021-02-13 00:00:00,27,103,2.0,0.0,5.0,0.057,7.056,6.0,1,19.622275973222035,,6303.333333333333,0.0,696.6666666666666,0.0,45.60465563122887,optimal
2021-02-13 00:30:00,27,103,2.0,0.0,0.0,0.1252333333333333,9.3975,6.0,1,19.67778114141773,,0.0,0.0,7000.0,0.0,45.55905097559764,optimal
2021-02-13 01:00:00,27,103,2.0,0.0,0.0,0.2966333333333333,10.059,6.0,1,19.59909094679613,,5291.666666666667,0.0,1708.3333333333333,0.0,45.51349192462204,optimal
2021-02-13 01:30:00,27,103,2.0,0.0,0.0,0.059,9.261,6.0,1,19.631893564072858,,7000.0,0.0,0.0,0.0,45.46797843269741,optimal
2021-02-13 02:00:00,27,103,2.0,0.0,0.0,0.2555333333333333,8.1585,6.0,1,19.69573303518532,,7000.0,0.0,0.0,0.0,45.42251045426472,optimal
2021-02-13 02:30:00,27,103,2.0,0.0,0.0,0.1544666666666666,9.4815,6.0,1,19.76364682782201,,7000.0,0.0,0.0,0.0,45.37708794381045,optimal
2021-02-13 03:00:00,27,103,2.0,0.0,0.0,0.1402666666666666,8.379,6.0,1,19.82904783774581,,7000.0,0.0,0.0,0.0,45.33171085586664,optimal
2021-02-13 03:30:00,27,103,2.0,0.0,0.0,0.1026333333333333,9.5235,6.0,1,19.89381112742624,,7000.0,0.0,0.0,0.0,45.28637914501077,optimal
2021-02-13 04:00:00,27,103,2.0,0.0,0.0,0.2605,8.1375,6.0,1,19.957380861094567,,7000.0,0.0,0.0,0.0,45.24109276586576,optimal
2021-02-13 04:30:00,27,103,2.0,0.0,0.0,0.059,10.0905,6.0,1,20.02375852261833,,7000.0,0.0,0.0,0.0,45.195851673099895,optimal
2021-02-13 05:00:00,27,103,2.0,0.0,5.0,0.1641,7.539,6.0,1,20.08513972429304,,7000.0,0.0,0.0,0.0,47.5256558214268,optimal
2021-02-13 05:30:00,27,103,2.0,0.0,1.5038964127944012,0.2584333333333333,7.938,6.0,1,20.148001188506512,,7000.0,0.0,0.0,0.0,48.19248096168271,optimal
2021-02-13 06:00:00,27,103,2.0,0.0,0.0,0.1019,8.274,6.0,1,20.21210955705308,,7000.0,0.0,0.0,0.0,48.144288480721016,optimal
2021-02-13 06:30:00,27,103,2.0,0.0,0.0,0.2825666666666667,9.261,6.0,1,20.272178327484173,,7000.0,0.0,0.0,0.0,48.096144192240295,optimal
2021-02-13 07:00:00,27,103,2.0,0.0,0.0,0.1348333333333333,9.9225,6.0,1,20.3360911516289,,7000.0,0.0,0.0,0.0,48.048048048048045,optimal
2021-02-13 07:30:00,27,103,2.0,0.0,0.0,1.3149000000000002,9.702,6.0,1,20.40530622382233,,7000.0,0.0,0.0,0.0,48.0,optimal
2021-02-13 08:00:00,27,103,2.0,0.0,0.0,1.4368,10.584,6.0,1,20.484007325631985,,7000.0,0.0,0.0,0.0,47.90546609250653,optimal
2021-02-13 08:30:00,27,103,2.0,0.0,0.0,0.0986,10.143,6.0,1,20.559291306874737,,7000.0,0.0,0.0,0.0,47.81102671892055,optimal
2021-02-13 09:00:00,27,103,0.0,0.0,0.0,0.3362666666666666,13.0095,6.0,1,20.609962118106047,,0.0,0.0,0.0,0.0,47.716681784708165,optimal
2021-02-13 09:30:00,27,103,2.0,0.0,0.0,0.1834666666666666,11.025,6.0,1,20.52134649588104,,7000.0,0.0,0.0,0.0,47.62243119542999,optimal
2021-02-13 10:00:00,27,103,0.0,0.0,0.0,1.2514333333333334,12.789,6.0,1,20.57951193215333,,0.0,0.0,0.0,0.0,47.52827485674109,optimal
2021-02-13 10:30:00,27,103,1.8262321865950435,0.0,0.0,1.4932,12.1275,6.0,1,20.49668552646888,,6391.812653082652,0.0,0.0,0.0,47.434212674390885,optimal
2021-02-13 11:00:00,27,103,2.0,0.0,0.0,0.1995666666666666,12.1695,6.0,1,20.554788978794576,,7000.0,0.0,0.0,0.0,47.34024455422303,optimal
2021-02-13 11:30:00,27,103,0.0,0.0,0.0,0.3020666666666666,12.306,6.0,1,20.60934195085095,,0.0,0.0,0.0,0.0,47.24637040217534,optimal
2021-02-13 12:00:00,27,103,0.0,0.0,0.0,0.316,13.23,6.0,1,20.51828164795238,,0.0,0.0,0.0,0.0,47.15259012427969,optimal
2021-02-13 12:30:00,27,103,0.0,0.0,0.0,0.2093,13.671,6.0,1,20.42692693439624,,0.0,0.0,0.0,0.0,47.05890362666194,optimal
2021-02-13 13:00:00,27,103,0.0,0.0,0.0,0.2242333333333332,13.9335,6.0,1,20.336954668108746,,0.0,0.0,0.0,0.0,46.96531081554181,optimal
2021-02-13 13:30:00,27,103,0.0,0.0,0.0,0.0883333333333333,13.293,6.0,1,20.248081414083693,,0.0,0.0,0.0,0.0,46.8718115972328,optimal
2021-02-13 14:00:00,27,103,2.0,0.0,0.0,0.2261999999999999,12.1065,6.0,1,20.157358637337666,,7000.0,0.0,0.0,0.0,46.778405878142095,optimal
2021-02-13 14:30:00,27,103,2.0,0.0,0.0,0.0854,11.571,6.0,1,20.21775611184861,,7000.0,0.0,0.0,0.0,46.68509356477048,optimal
2021-02-13 15:00:00,27,103,2.0,0.0,0.0,0.1668,11.025,6.0,1,20.27536935303625,,7000.0,0.0,0.0,0.0,46.591874563712246,optimal
2021-02-13 15:30:00,27,103,2.0,0.0,0.0,0.8254333333333332,10.8465,6.0,1,20.33488839126656,,7000.0,0.0,0.0,0.0,46.49874878165507,optimal
2021-02-13 16:00:00,27,103,2.0,0.0,0.0,0.3318333333333333,11.2455,6.0,1,20.405587818003983,,7000.0,0.0,0.0,0.0,46.40571612537994,optimal
2021-02-13 16:30:00,27,103,0.0,0.0,0.0,0.2171333333333333,23.8665,6.0,1,20.479944576342906,,0.0,0.0,0.0,0.0,46.31277650176109,optimal
2021-02-13 17:00:00,27,103,0.0,0.0,0.0,1.2977333333333332,27.4575,6.0,1,20.39841692490926,,0.0,0.0,0.0,0.0,46.21992981776586,optimal
2021-02-13 17:30:00,27,103,0.0,0.0,0.0,1.3518666666666663,27.3735,6.0,1,20.33184566638836,,0.0,0.0,0.0,0.0,46.12717598045462,optimal
2021-02-13 18:00:00,27,103,0.0,0.0,0.0,0.2122333333333333,30.4605,6.0,1,20.273119802197744,,0.0,0.0,0.0,0.0,46.0345148969807,optimal
2021-02-13 18:30:00,27,103,0.0,0.0,0.0,0.22,30.0195,6.0,1,20.194641739056816,,0.0,0.0,0.0,0.0,45.94194647459025,optimal
2021-02-13 19:00:00,27,103,0.0,0.0,0.0,0.2921333333333333,26.9325,6.0,1,20.127236277195,,0.0,0.0,0.0,0.0,45.84947062062219,optimal
2021-02-13 19:30:00,27,103,0.0,0.0,0.0,0.3323333333333333,14.595,6.0,1,20.064736636903344,,0.0,0.0,0.0,0.0,45.7570872425081,optimal
2021-02-13 20:00:00,27,103,0.7347280627232384,0.0,0.0,0.5811666666666666,12.4845,6.0,1,20.0,,2571.5482195313343,0.0,0.0,0.0,45.66479624777213,optimal
2021-02-13 20:30:00,27,103,0.0,0.0,0.0,1.8549666666666669,12.1275,6.0,1,20.0,,0.0,0.0,0.0,0.0,45.57259754403088,optimal
2021-02-13 21:00:00,27,103,0.0,0.0,0.0,0.4697333333333333,12.1275,6.0,1,19.94358543572653,,0.0,0.0,0.0,0.0,45.480491038993385,optimal
2021-02-13 21:30:00,27,103,0.0,0.0,0.0,0.3384,12.789,6.0,1,19.87444389725201,,0.0,0.0,0.0,0.0,45.38847664046092,optimal
2021-02-13 22:00:00,27,103,0.0,0.0,0.0,0.5355,11.907,6.0,1,19.80428882288166,,0.0,0.0,0.0,0.0,45.29655425632699,optimal
2021-02-13 22:30:00,27,103,0.0,0.0,0.0,0.4429333333333333,11.025,6.0,1,19.737154560441308,,0.0,0.0,0.0,0.0,45.2047237945772,optimal
2021-02-13 23:00:00,27,103,0.6170476190476191,0.0,0.0,0.2103666666666666,8.2005,6.0,1,19.668469813662394,,0.0,0.0,2159.6666666666665,0.0,45.15951907078262,optimal
2021-02-13 23:30:00,27,103,0.0,0.0,0.0,0.323,9.5655,6.0,1,19.60011468188743,,0.0,0.0,0.0,0.0,45.11435955171184,optimal
2021-02-07 00:00:00,28,103,0.0,0.0,0.0,0.059,10.584,6.0,4,21.0,,0.0,0.0,0.0,0.0,47.952,optimal
2021-02-07 00:30:00,28,103,2.0,0.0,0.0,0.2088666666666666,6.678,6.0,4,20.91748283002193,,0.0,0.0,7000.0,0.0,47.904048,optimal
2021-02-07 01:00:00,28,103,2.0,0.0,0.0,0.4545666666666667,7.938,6.0,4,20.841149543993165,,5500.666666666667,0.0,1499.3333333333333,0.0,47.856143952,optimal
2021-02-07 01:30:00,28,103,2.0,0.0,0.0,0.307,5.292,6.0,4,20.89037350909007,,7000.0,0.0,0.0,0.0,47.80828780804799,optimal
2021-02-07 02:00:00,28,103,0.0,0.0,0.0,0.1936666666666666,9.261,6.0,4,20.970121598262143,,0.0,0.0,0.0,0.0,47.76047952023995,optimal
2021-02-07 02:30:00,28,103,0.0,0.0,0.0,0.1145666666666666,10.3635,6.0,4,20.89862329281762,,0.0,0.0,0.0,0.0,47.712719040719705,optimal
2021-02-07 03:00:00,28,103,0.5494883781543047,0.0,0.0,0.269,8.274,6.0,4,20.824264042972214,,1923.2093235400669,0.0,0.0,0.0,47.66500632167899,optimal
2021-02-07 03:30:00,28,103,2.0,0.0,0.0,0.2275,7.7175,6.0,4,20.79423168976867,,5397.666666666667,0.0,1602.3333333333333,0.0,47.61734131535731,optimal
2021-02-07 04:00:00,28,103,2.0,0.0,0.0,0.2656666666666666,6.615,6.0,4,20.84004354917588,,7000.0,0.0,0.0,0.0,47.56972397404195,optimal
2021-02-07 04:30:00,28,103,2.0,0.0,0.0,0.1712333333333333,6.174,6.0,4,20.92137217072192,,7000.0,0.0,0.0,0.0,47.52215425006791,optimal
2021-02-07 05:00:00,28,103,2.0,0.0,0.0,0.1338,3.906,6.0,4,20.99856170207072,,7000.0,0.0,0.0,0.0,47.47463209581784,optimal
2021-02-07 05:30:00,28,103,2.0,0.0,0.0,0.1336,2.3415,6.0,4,21.07399558343884,,7000.0,0.0,0.0,0.0,47.42715746372202,optimal
2021-02-07 06:00:00,28,103,2.0,0.0,1.305830934193062,0.2826666666666667,2.205,6.0,4,21.149672446551865,,6024.666666666667,0.0,975.3333333333334,0.0,48.0,optimal
2021-02-07 06:30:00,28,103,2.0,0.0,0.0,0.1349333333333333,0.882,6.0,4,21.20971076142727,,6791.0,0.0,209.0,0.0,47.61250081959229,optimal
2021-02-07 07:00:00,28,103,2.0,0.0,0.0,1.0402333333333331,1.5435,6.0,4,21.281099843608345,,103.0,0.0,6897.0,0.0,47.225389138365,optimal
2021-02-07 07:30:00,28,103,2.0,0.0,0.0,0.1407333333333333,1.5435,6.0,4,21.216871157208008,,2750.333333333333,0.0,4249.666666666667,0.0,46.83866456881893,optimal
2021-02-07 08:00:00,28,103,2.0,0.0,0.0,0.2201666666666666,5.0715,6.0,4,21.20237921615249,,6303.333333333333,0.0,696.6666666666666,0.0,46.4523267238424,optimal
2021-02-07 08:30:00,28,103,2.0,0.0,0.0,0.2237333333333332,5.376,6.0,4,21.256976733395938,,7000.0,0.0,0.0,0.0,46.06637521671085,optimal
2021-02-07 09:00:00,28,103,2.0,0.0,0.0,0.2285333333333333,5.0715,6.0,4,21.32134355500224,,7000.0,0.0,0.0,0.0,45.68080966108644,optimal
2021-02-07 09:30:00,28,103,2.0,0.0,0.0,0.1265666666666666,5.5125,6.0,4,21.383089297209217,,7000.0,0.0,0.0,0.0,45.29562967101764,optimal
2021-02-07 10:00:00,28,103,0.0,0.0,0.0,0.2499,9.261,6.0,4,21.442635312793247,,0.0,0.0,0.0,0.0,44.91083486093892,optimal
2021-02-07 10:30:00,28,103,0.0,0.0,0.0,0.1792666666666666,11.7075,6.0,4,21.3573813842304,,0.0,0.0,0.0,0.0,44.52642484567028,optimal
2021-02-07 11:00:00,28,103,0.0,0.0,0.0,0.1728666666666666,12.348,6.0,4,21.27057369694728,,0.0,0.0,0.0,0.0,44.1423992404169,optimal
2021-02-07 11:30:00,28,103,0.0,0.0,0.0,0.2384666666666666,12.348,6.0,4,21.184971290909832,,0.0,0.0,0.0,0.0,43.75875766076878,optimal
2021-02-07 12:00:00,28,103,0.0,0.0,0.0,0.1894666666666666,12.1275,6.0,4,21.09973829046852,,0.0,0.0,0.0,0.0,43.37549972270031,optimal
2021-02-07 12:30:00,28,103,0.0,0.0,0.0,1.0239333333333331,12.5265,6.0,4,21.01592343583445,,0.0,0.0,0.0,0.0,42.9926250425699,optimal
2021-02-07 13:00:00,28,103,0.0,0.0,0.0,2.291333333333333,11.7495,6.0,4,20.94740850964885,,0.0,0.0,0.0,0.0,42.61013323711962,optimal
2021-02-07 13:30:00,28,103,0.0,0.0,0.0,0.4482,13.23,6.0,4,20.89312673199325,,0.0,0.0,0.0,0.0,42.2280239234748,optimal
2021-02-07 14:00:00,28,103,0.0,0.0,0.0,1.6175666666666666,14.3325,6.0,4,20.822790109489123,,0.0,0.0,0.0,0.0,41.84629671914361,optimal
2021-02-07 14:30:00,28,103,0.0,0.0,0.0,0.4650666666666667,14.994,6.0,4,20.75927524459276,,0.0,0.0,0.0,0.0,41.46495124201676,optimal
2021-02-07 15:00:00,28,103,0.0,0.0,0.0,0.5616,14.8155,6.0,4,20.6868704594305,,0.0,0.0,0.0,0.0,41.08398711036703,optimal
2021-02-07 15:30:00,28,103,0.0,0.0,0.0,0.8883,14.112,6.0,4,20.6112268611014,,0.0,0.0,0.0,0.0,40.70340394284896,optimal
2021-02-07 16:00:00,28,103,0.0,0.0,0.0,2.223333333333333,14.007,6.0,4,20.55362841048735,,0.0,0.0,0.0,0.0,40.3232013584984,optimal
2021-02-07 16:30:00,28,103,0.0,0.0,0.0,2.7174666666666667,13.23,6.0,4,20.493876909934308,,0.0,0.0,0.0,0.0,39.9433789767322,optimal
2021-02-07 17:00:00,28,103,0.0,0.0,0.0,0.8413666666666667,11.382,6.0,4,20.43647884040655,,0.0,0.0,0.0,0.0,39.56393641734776,optimal
2021-02-07 17:30:00,28,103,0.0,0.0,0.0,0.8242333333333334,11.7495,6.0,4,20.37794318937841,,0.0,0.0,0.0,0.0,39.18487330052271,optimal
2021-02-07 18:00:00,28,103,0.0,0.0,0.0,0.7092999999999999,24.3285,6.0,4,20.319986147587425,,0.0,0.0,0.0,0.0,38.80618924681448,optimal
2021-02-07 18:30:00,28,103,0.0,0.0,0.0,0.4613333333333333,28.917,6.0,4,20.25544163593129,,0.0,0.0,0.0,0.0,38.42788387715997,optimal
2021-02-07 19:00:00,28,103,0.0,0.0,0.0,0.4866999999999999,31.3635,6.0,4,20.186811929514786,,0.0,0.0,0.0,0.0,38.3894559932828,optimal
2021-02-07 19:30:00,28,103,0.0,0.0,0.0,0.5765666666666667,33.306,6.0,4,20.124636274721727,,0.0,0.0,0.0,0.0,38.35106653728952,optimal
2021-02-07 20:00:00,28,103,0.0,0.0,0.0,0.4430666666666666,31.3425,6.0,4,20.06572413057848,,0.0,0.0,0.0,0.0,38.31271547075223,optimal
2021-02-07 20:30:00,28,103,0.0,0.0,0.0,0.5504666666666667,28.2555,6.0,4,20.0,,0.0,0.0,0.0,0.0,38.27440275528148,optimal
2021-02-07 21:00:00,28,103,0.0,0.0,0.0,0.3534333333333333,15.6975,6.0,4,19.93793961633113,,0.0,0.0,0.0,0.0,38.236128352526194,optimal
2021-02-07 21:30:00,28,103,0.0,0.0,0.0,0.1787,12.5475,6.0,4,19.86969006408913,,0.0,0.0,0.0,0.0,38.19789222417367,optimal
2021-02-07 22:00:00,28,103,0.0,0.0,0.0,0.4608,12.0855,6.0,4,19.799639624529988,,0.0,0.0,0.0,0.0,38.159694331949495,optimal
2021-02-07 22:30:00,28,103,0.0,0.0,0.0,0.2418666666666666,11.907,6.0,4,19.738666056284668,,0.0,0.0,0.0,0.0,38.12153463761754,optimal
2021-02-07 23:00:00,28,103,0.0,0.0,0.0,0.5979666666666666,12.5685,6.0,4,19.673787091426234,,0.0,0.0,0.0,0.0,38.083413102979925,optimal
2021-02-07 23:30:00,28,103,0.0,0.0,0.0,0.1288666666666666,13.146,6.0,4,19.616082436804184,,0.0,0.0,0.0,0.0,38.045329689876944,optimal
2021-02-08 00:00:00,28,103,2.0,0.0,2.429734194964346,0.051,5.9745,6.0,0,19.616082436804184,,7000.0,0.0,0.0,0.0,39.16140810279512,optimal
2021-02-08 00:30:00,28,103,2.0,0.0,0.0,0.051,7.938,6.0,0,19.68727918573279,,33.33333333333303,0.0,6966.666666666667,0.0,39.12224669469233,optimal
2021-02-08 01:00:00,28,103,2.0,0.0,0.0,0.1269,8.6835,6.0,0,19.61150176318944,,7000.0,0.0,0.0,0.0,39.08312444799763,optimal
2021-02-08 01:30:00,28,103,2.0,0.0,0.0,0.1869,7.665,6.0,0,19.68431701913397,,7000.0,0.0,0.0,0.0,39.04404132354964,optimal
2021-02-08 02:00:00,28,103,2.0,0.0,0.0,0.1536,6.7725,6.0,0,19.75783812568778,,7000.0,0.0,0.0,0.0,39.004997282226086,optimal
2021-02-08 02:30:00,28,103,2.0,0.0,5.0,0.051,5.5755,6.0,0,19.8300978775819,,7000.0,0.0,0.0,0.0,41.34099228494385,optimal
2021-02-08 03:00:00,28,103,2.0,0.0,5.0,0.3654,5.0925,6.0,0,19.900096872201203,,7000.0,0.0,0.0,0.0,43.67465129265891,optimal
2021-02-08 03:30:00,28,103,2.0,0.0,5.0,0.051,4.1895,6.0,0,19.97662338594087,,7000.0,0.0,0.0,0.0,46.005976641366246,optimal
2021-02-08 04:00:00,28,103,2.0,0.0,0.0,0.1005,7.056,6.0,0,20.04595764080653,,7000.0,0.0,0.0,0.0,45.95997066472487,optimal
2021-02-08 04:30:00,28,103,2.0,0.0,5.0,0.3158999999999999,5.271,6.0,0,20.115792509197178,,7000.0,0.0,0.0,0.0,48.28901069406015,optimal
2021-02-08 05:00:00,28,103,2.0,0.0,0.0,0.0542,7.938,6.0,0,20.18939114850357,,7000.0,0.0,0.0,0.0,48.24072168336608,optimal
2021-02-08 05:30:00,28,103,2.0,0.0,0.0,0.1804,7.938,6.0,0,20.256693334125085,,7000.0,0.0,0.0,0.0,48.19248096168271,optimal
2021-02-08 06:00:00,28,103,2.0,0.0,0.0,0.2776,11.907,6.0,0,20.326119918404142,,7000.0,0.0,0.0,0.0,48.144288480721016,optimal
2021-02-08 06:30:00,28,103,2.0,0.0,0.0,2.0736666666666665,11.025,6.0,0,20.397492860355424,,7000.0,0.0,0.0,0.0,48.096144192240295,optimal
2021-02-08 07:00:00,28,103,2.0,0.0,0.0,0.4271999999999999,11.2875,6.0,0,20.472697866674405,,7000.0,0.0,0.0,0.0,48.048048048048045,optimal
2021-02-08 07:30:00,28,103,0.0,0.0,0.0,0.4453,12.936,6.0,0,20.55234064457173,,0.0,0.0,0.0,0.0,48.0,optimal
2021-02-08 08:00:00,28,103,0.0,0.0,0.0,0.3316,13.0095,6.0,0,20.4885632181272,,0.0,0.0,0.0,0.0,47.60858768573152,optimal
2021-02-08 08:30:00,28,103,0.0,0.0,0.0,0.3242,13.671,6.0,0,20.4231830808272,,0.0,0.0,0.0,0.0,47.2175667837773,optimal
2021-02-08 09:00:00,28,103,0.0,0.0,0.0,2.292,13.188,6.0,0,20.36146162144712,,0.0,0.0,0.0,0.0,46.82693690272504,optimal
2021-02-08 09:30:00,28,103,0.0,0.0,0.0,0.9726,13.8495,6.0,0,20.31484054109408,,0.0,0.0,0.0,0.0,46.43669765155383,optimal
2021-02-08 10:00:00,28,103,1.0225186037629794,0.0,0.0,1.7608333333333333,13.23,6.0,0,20.25439723315576,,3578.8151131704285,0.0,0.0,0.0,46.046848639633794,optimal
2021-02-08 10:30:00,28,103,0.0,0.0,0.0,1.2080333333333333,13.3665,6.0,0,20.271527391884373,,0.0,0.0,0.0,0.0,45.65738947672568,optimal
2021-02-08 11:00:00,28,103,2.0,0.0,0.0,3.7741666666666656,13.0515,6.0,0,20.2125949710932,,7000.0,0.0,0.0,0.0,45.26831977298047,optimal
2021-02-08 11:30:00,28,103,0.0,0.0,0.0,2.5065666666666666,13.5345,6.0,0,20.308934574962272,,0.0,0.0,0.0,0.0,44.879639138939005,optimal
2021-02-08 12:00:00,28,103,0.0,0.0,0.0,4.570366666666667,14.154,6.0,0,20.239732695531675,,0.0,0.0,0.0,0.0,44.49134718553158,optimal
2021-02-08 12:30:00,28,103,0.0,0.0,0.0,6.869633333333333,14.112,6.0,0,20.18045374550084,,0.0,0.0,0.0,0.0,44.10344352407756,optimal
2021-02-08 13:00:00,28,103,0.0,0.0,0.0,1.4747,14.2485,6.0,0,20.125264859272185,,0.0,0.0,0.0,0.0,43.715927766285,optimal
2021-02-08 13:30:00,28,103,2.0,0.0,0.0,1.6390333333333331,12.789,6.0,0,20.05763182252182,,7000.0,0.0,0.0,0.0,43.32879952425023,optimal
2021-02-08 14:00:00,28,103,2.0,0.0,0.0,2.665233333333333,13.0095,6.0,0,20.14239154592366,,7000.0,0.0,0.0,0.0,42.94205841045749,optimal
2021-02-08 14:30:00,28,103,2.0,0.0,0.0,0.9595,12.1275,6.0,0,20.22853956855776,,7000.0,0.0,0.0,0.0,42.55570403777855,optimal
2021-02-08 15:00:00,28,103,2.0,0.0,0.0,0.3578,12.348,6.0,0,20.315317135470146,,7000.0,0.0,0.0,0.0,42.16973601947228,optimal
2021-02-08 15:30:00,28,103,2.0,0.0,0.0,1.5579333333333334,12.348,6.0,0,20.39033322429492,,7000.0,0.0,0.0,0.0,41.78415396918432,optimal
2021-02-08 16:00:00,28,103,0.0,0.0,0.0,1.1838,25.389,6.0,0,20.470068786188747,,0.0,0.0,0.0,0.0,41.39895750094666,optimal
2021-02-08 16:30:00,28,103,0.0,0.0,0.0,0.2249,29.1375,6.0,0,20.397579266914747,,0.0,0.0,0.0,0.0,41.01414622917723,optimal
2021-02-08 17:00:00,28,103,0.0,0.0,0.0,0.2830333333333333,30.597,6.0,0,20.32351627133868,,0.0,0.0,0.0,0.0,40.62971976867957,optimal
2021-02-08 17:30:00,28,103,0.0,0.0,0.0,0.2637333333333332,33.684,6.0,0,20.25789661555534,,0.0,0.0,0.0,0.0,40.2456777346424,optimal
2021-02-08 18:00:00,28,103,0.0,0.0,0.0,0.3455666666666667,32.445,6.0,0,20.193363279964817,,0.0,0.0,0.0,0.0,39.86201974263927,optimal
2021-02-08 18:30:00,28,103,0.0,0.0,0.0,0.3927333333333333,28.917,6.0,0,20.133031006166537,,0.0,0.0,0.0,0.0,39.47874540862814,optimal
2021-02-08 19:00:00,28,103,0.0,0.0,0.0,1.6134000000000002,15.876,6.0,0,20.06762723195001,,0.0,0.0,0.0,0.0,39.09585434895103,optimal
2021-02-08 19:30:00,28,103,0.8114072709663566,0.0,0.0,1.4791,12.348,6.0,0,20.0,,2839.925448382248,0.0,0.0,0.0,38.7133461803336,optimal
2021-02-08 20:00:00,28,103,0.8330807794392749,0.0,0.0,2.691,12.1275,6.0,0,20.0,,2567.4493947041287,0.0,348.33333333333326,0.0,38.67463283415327,optimal
2021-02-08 20:30:00,28,103,0.0,0.0,0.0,1.4278,12.348,6.0,0,20.0,,0.0,0.0,0.0,0.0,38.63595820131911,optimal
2021-02-08 21:00:00,28,103,0.1194285714285714,0.0,0.0,3.2486666666666664,12.1275,6.0,0,19.93034025189912,,0.0,0.0,418.0,0.0,38.597322243117794,optimal
2021-02-08 21:30:00,28,103,0.0,0.0,0.0,1.7354333333333334,12.1275,6.0,0,19.87527660146929,,0.0,0.0,0.0,0.0,38.558724920874674,optimal
2021-02-08 22:00:00,28,103,0.5529542857142856,0.0,0.0,2.063266666666667,11.2665,6.0,0,19.817512906444616,,0.0,0.0,1935.34,0.0,38.5201661959538,optimal
2021-02-08 22:30:00,28,103,0.9598076190476192,0.0,0.0,2.679,10.143,6.0,0,19.75820908430473,,0.0,0.0,3359.326666666667,0.0,38.48164602975785,optimal
2021-02-08 23:00:00,28,103,0.0,0.0,0.0,2.3163666666666667,11.2455,6.0,0,19.692970979205533,,0.0,0.0,0.0,0.0,38.44316438372809,optimal
2021-02-08 23:30:00,28,103,0.0,0.0,0.0,2.7814666666666668,11.025,6.0,0,19.62861960239497,,0.0,0.0,0.0,0.0,38.40472121934436,optimal
2021-02-09 00:00:00,28,103,2.0,0.0,0.0,1.089,12.1275,6.0,-2,19.62861960239497,,6791.0,0.0,209.0,0.0,38.366316498125016,optimal
2021-02-09 00:30:00,28,103,2.0,0.0,0.0,0.3162,11.823,6.0,-2,19.698055436413984,,0.0,0.0,7000.0,0.0,38.32795018162689,optimal
2021-02-09 01:00:00,28,103,2.0,0.0,0.0,0.111,11.7705,6.0,-2,19.62763301945425,,66.66666666666879,0.0,6933.333333333331,0.0,38.289622231445264,optimal
2021-02-09 01:30:00,28,103,2.0,0.0,5.0,0.111,11.13,6.0,-2,19.550518387236963,,7000.0,0.0,0.0,0.0,40.62633260921382,optimal
2021-02-09 02:00:00,28,103,2.0,0.0,0.0,0.0694,11.6865,6.0,-2,19.61924942551058,,7000.0,0.0,0.0,0.0,40.58570627660461,optimal
2021-02-09 02:30:00,28,103,2.0,0.0,5.0,0.1525999999999999,10.7205,6.0,-2,19.686339287620044,,7000.0,0.0,0.0,0.0,42.920120570328,optimal
2021-02-09 03:00:00,28,103,2.0,0.0,1.6838589098421304,0.059,11.424,6.0,-2,19.755103012375752,,7000.0,0.0,0.0,0.0,43.677033431932685,optimal
2021-02-09 03:30:00,28,103,2.0,0.0,5.0,0.0746,10.689,6.0,-2,19.821811293893123,,7000.0,0.0,0.0,0.0,46.00835639850075,optimal
2021-02-09 04:00:00,28,103,2.0,0.0,5.0,0.1474,11.361,6.0,-2,19.88899899573897,,7000.0,0.0,0.0,0.0,48.33734804210225,optimal
2021-02-09 04:30:00,28,103,2.0,0.0,0.0,0.059,11.571,6.0,-2,19.957868026262027,,7000.0,0.0,0.0,0.0,48.28901069406015,optimal
2021-02-09 05:00:00,28,103,2.0,0.0,0.0,0.163,14.3745,6.0,-2,20.024110095508384,,7000.0,0.0,0.0,0.0,48.24072168336608,optimal
2021-02-09 05:30:00,28,103,2.0,0.0,0.0,0.2114333333333333,13.23,6.0,-2,20.09178721963061,,7000.0,0.0,0.0,0.0,48.19248096168271,optimal
2021-02-09 06:00:00,28,103,2.0,0.0,0.0,0.2084,13.9755,6.0,-2,20.161067989456665,,7000.0,0.0,0.0,0.0,48.144288480721016,optimal
2021-02-09 06:30:00,28,103,0.0552195186452942,0.0,0.0,0.3460333333333333,14.994,6.0,-2,20.23043651719499,,193.26831525853,0.0,0.0,0.0,48.096144192240295,optimal
2021-02-09 07:00:00,28,103,2.0,0.0,0.0,0.176,13.671,6.0,-2,20.160452241632964,,7000.0,0.0,0.0,0.0,48.048048048048045,optimal
2021-02-09 07:30:00,28,103,0.0,0.0,0.0,0.4923,15.981,6.0,-2,20.234579168796348,,0.0,0.0,0.0,0.0,48.0,optimal
2021-02-09 08:00:00,28,103,0.0,0.0,0.0,0.307,15.6345,6.0,-2,20.16626583813375,,0.0,0.0,0.0,0.0,47.66875747510569,optimal
2021-02-09 08:30:00,28,103,0.0,0.0,0.0,0.069,16.5375,6.0,-2,20.08991695723668,,0.0,0.0,0.0,0.0,47.33784619273628,optimal
2021-02-09 09:00:00,28,103,2.0,0.0,0.0,0.069,14.7735,6.0,-2,20.0,,7000.0,0.0,0.0,0.0,47.007265821649234,optimal
2021-02-09 09:30:00,28,103,0.3726742986166713,0.0,0.0,0.1522,15.2145,6.0,-2,20.05852432565836,,1304.3600451583495,0.0,0.0,0.0,46.67701603093328,optimal
2021-02-09 10:00:00,28,103,1.162769043922144,0.0,0.0,0.0897999999999999,14.553,6.0,-2,20.0,,4069.6916537275047,0.0,0.0,0.0,46.34709649000804,optimal
2021-02-09 10:30:00,28,103,2.0,0.0,0.0,0.069,14.3325,6.0,-2,20.0,,7000.0,0.0,0.0,0.0,46.01750686862373,optimal
2021-02-09 11:00:00,28,103,2.0,0.0,0.0,0.1522,14.595,6.0,-2,20.06238050791413,,7000.0,0.0,0.0,0.0,45.6882468368608,optimal
2021-02-09 11:30:00,28,103,0.0,0.0,0.0,0.0897999999999999,14.994,6.0,-2,20.12736358162957,,0.0,0.0,0.0,0.0,45.35931606512963,optimal
2021-02-09 12:00:00,28,103,2.0,0.0,0.0,0.1522,14.3325,6.0,-2,20.04361228177893,,7000.0,0.0,0.0,0.0,45.0307142241702,optimal
2021-02-09 12:30:00,28,103,2.0,0.0,0.0,0.0897999999999999,13.8915,6.0,-2,20.10913417048516,,7000.0,0.0,0.0,0.0,44.70244098505172,optimal
2021-02-09 13:00:00,28,103,2.0,0.0,0.0,0.069,13.8915,6.0,-2,20.17281842757848,,7000.0,0.0,0.0,0.0,44.37449601917237,optimal
2021-02-09 13:30:00,28,103,2.0,0.0,0.0,0.173,13.4715,6.0,-2,20.235549087070464,,7000.0,0.0,0.0,0.0,44.04687899825889,optimal
2021-02-09 14:00:00,28,103,2.0,0.0,0.0,0.069,13.23,6.0,-2,20.2999575657306,,7000.0,0.0,0.0,0.0,43.719589594366326,optimal
2021-02-09 14:30:00,28,103,2.0,0.0,0.0,0.3666333333333333,13.8915,6.0,-2,20.361657766642978,,7000.0,0.0,0.0,0.0,43.39262747987765,optimal
2021-02-09 15:00:00,28,103,0.0,0.0,0.0,0.4681333333333333,26.9325,6.0,-2,20.43014799220205,,0.0,0.0,0.0,0.0,43.06599232750347,optimal
2021-02-09 15:30:00,28,103,0.0,0.0,0.0,1.1241333333333334,30.303,6.0,-2,20.35654719646669,,0.0,0.0,0.0,0.0,42.73968381028166,optimal
2021-02-09 16:00:00,28,103,0.0,0.0,0.0,1.2058,32.886,6.0,-2,20.29839533901894,,0.0,0.0,0.0,0.0,42.413701601577074,optimal
2021-02-09 16:30:00,28,103,0.0,0.0,0.0,0.302,34.9965,6.0,-2,20.246164382759048,,0.0,0.0,0.0,0.0,42.0880453750812,optimal
2021-02-09 17:00:00,28,103,0.0,0.0,0.0,0.5215,33.327,6.0,-2,20.184759484305,,0.0,0.0,0.0,0.0,41.76271480481181,optimal
2021-02-09 17:30:00,28,103,0.0,0.0,0.0,1.4433666666666665,31.122,6.0,-2,20.129521697359024,,0.0,0.0,0.0,0.0,41.43770956511269,optimal
2021-02-09 18:00:00,28,103,0.0,0.0,0.0,0.5562999999999999,17.9025,6.0,-2,20.086209171246413,,0.0,0.0,0.0,0.0,41.11302933065327,optimal
2021-02-09 18:30:00,28,103,0.3469965666733577,0.0,0.0,0.5415,15.6555,6.0,-2,20.029306283485628,,1214.4879833567522,0.0,0.0,0.0,40.78867377642831,optimal
2021-02-09 19:00:00,28,103,0.9073024178629772,0.0,0.0,0.323,14.553,6.0,-2,20.0,,3175.55846252042,0.0,0.0,0.0,40.46464257775758,optimal
2021-02-09 19:30:00,28,103,0.9275214654820316,0.0,0.0,0.3615,14.3325,6.0,-2,20.0,,3246.325129187111,0.0,0.0,0.0,40.14093541028552,optimal
2021-02-09 20:00:00,28,103,0.9175214654820188,0.0,0.0,0.2178333333333333,13.335,6.0,-2,20.0,,3211.3251291870656,0.0,0.0,0.0,39.81755194998093,optimal
2021-02-09 20:30:00,28,103,0.0398095238095238,0.0,0.0,0.4306,12.1275,6.0,-2,20.0,,0.0,0.0,139.33333333333331,0.0,39.777734398030944,optimal
2021-02-09 21:00:00,28,103,0.0,0.0,0.0,1.2712333333333332,12.2955,6.0,-2,19.93724641914805,,0.0,0.0,0.0,0.0,39.737956663632914,optimal
2021-02-09 21:30:00,28,103,0.0796190476190476,0.0,0.0,0.3036666666666667,11.6865,6.0,-2,19.872753783356487,,0.0,0.0,278.66666666666663,0.0,39.69821870696928,optimal
2021-02-09 22:00:00,28,103,0.1592380952380952,0.0,0.0,0.4495666666666666,11.466,6.0,-2,19.804832375120384,,0.0,0.0,557.3333333333333,0.0,39.65852048826231,optimal
2021-02-09 22:30:00,28,103,0.0,0.0,0.0,0.3615333333333334,10.8045,6.0,-2,19.738028779805667,,0.0,0.0,0.0,0.0,39.61886196777405,optimal
2021-02-09 23:00:00,28,103,0.0,0.0,0.0,0.3038,10.584,6.0,-2,19.6683175537576,,0.0,0.0,0.0,0.0,39.57924310580628,optimal
2021-02-09 23:30:00,28,103,0.0,0.0,0.0,0.069,11.2455,6.0,-2,19.59592169037236,,0.0,0.0,0.0,0.0,39.53966386270047,optimal
2021-02-10 00:00:00,28,103,2.0,0.0,0.0,0.065,11.508,6.0,-6,19.59592169037236,,7000.0,0.0,0.0,0.0,39.500124198837774,optimal
2021-02-10 00:30:00,28,103,2.0,0.0,5.0,0.065,10.4475,6.0,-6,19.662528992126543,,0.0,0.0,7000.0,0.0,41.835624074638936,optimal
2021-02-10 01:00:00,28,103,2.0,0.0,5.0,0.2458666666666666,10.8675,6.0,-6,19.581027594734447,,0.0,0.0,7000.0,0.0,44.1687884505643,optimal
2021-02-10 01:30:00,28,103,2.0,0.0,5.0,0.1196,10.542,6.0,-6,19.503249592142524,,5336.079937814378,0.0,1663.9200621856212,0.0,46.49961966211374,optimal
2021-02-10 02:00:00,28,103,2.0,0.0,0.0,0.167,11.025,6.0,-6,19.53503946936576,,7000.0,0.0,0.0,0.0,46.45312004245162,optimal
2021-02-10 02:30:00,28,103,2.0,0.0,4.064591830932793,0.065,11.025,6.0,-6,19.602255442921127,,7000.0,0.0,0.0,0.0,48.33734804210225,optimal
2021-02-10 03:00:00,28,103,2.0,0.0,0.0,0.3004666666666666,14.553,6.0,-6,19.66701933732877,,7000.0,0.0,0.0,0.0,48.28901069406015,optimal
2021-02-10 03:30:00,28,103,2.0,0.0,0.0,0.065,13.0935,6.0,-6,19.73644608784942,,7000.0,0.0,0.0,0.0,48.24072168336608,optimal
2021-02-10 04:00:00,28,103,2.0,0.0,0.0,0.1958333333333332,15.6345,6.0,-6,19.800601201866204,,7000.0,0.0,0.0,0.0,48.19248096168271,optimal
2021-02-10 04:30:00,28,103,0.0,0.0,0.0,0.1696333333333333,18.102,6.0,-6,19.867219359502386,,0.0,0.0,0.0,0.0,48.144288480721016,optimal
2021-02-10 05:00:00,28,103,2.0,0.0,0.0,0.065,17.199,6.0,-6,19.78517724805797,,7000.0,0.0,0.0,0.0,48.096144192240295,optimal
2021-02-10 05:30:00,28,103,0.0,0.0,0.0,0.2988,18.2805,6.0,-6,19.84820394769823,,0.0,0.0,0.0,0.0,48.048048048048045,optimal
2021-02-10 06:00:00,28,103,2.0,0.0,0.0,0.0782,17.4615,6.0,-6,19.76994098237197,,7000.0,0.0,0.0,0.0,48.0,optimal
2021-02-10 06:30:00,28,103,1.1344826124356118,0.0,0.0,0.1335333333333333,18.3225,6.0,-6,19.838469850388773,,3970.689143524641,0.0,0.0,0.0,47.73878926233572,optimal
2021-02-10 07:00:00,28,103,2.0,0.0,0.0,0.2741,17.094,6.0,-6,19.846923447307283,,7000.0,0.0,0.0,0.0,47.4778397354091,optimal
2021-02-10 07:30:00,28,103,2.0,0.0,0.0,1.0423333333333331,17.094,6.0,-6,19.923455298405088,,7000.0,0.0,0.0,0.0,47.21715115800941,optimal
2021-02-10 08:00:00,28,103,2.0,0.0,0.0,0.4256666666666667,17.094,6.0,-6,20.0,,3428.9948841962,0.0,3571.0051158038,0.0,46.95672326918712,optimal
2021-02-10 08:30:00,28,103,2.0,0.0,0.0,0.2163,17.3565,6.0,-6,20.0,,3871.9251779894216,0.0,3128.074822010578,0.0,46.69655580825364,optimal
2021-02-10 09:00:00,28,103,2.0,0.0,0.0,0.075,17.115,6.0,-6,20.0,,7000.0,0.0,0.0,0.0,46.43664851478111,optimal
2021-02-10 09:30:00,28,103,2.0,0.0,0.0,0.1413,17.241,6.0,-6,20.057247522596864,,7000.0,0.0,0.0,0.0,46.17700112860204,optimal
2021-02-10 10:00:00,28,103,2.0,0.0,0.0,0.2441666666666666,17.094,6.0,-6,20.11653830994049,,7000.0,0.0,0.0,0.0,45.91761338980916,optimal
2021-02-10 10:30:00,28,103,2.0,0.0,0.0,0.1311,16.5165,6.0,-6,20.178632837612906,,7000.0,0.0,0.0,0.0,45.65848503875506,optimal
2021-02-10 11:00:00,28,103,2.0,0.0,0.0,0.3001666666666667,17.8185,6.0,-6,20.238746065086733,,7000.0,0.0,0.0,0.0,45.39961581605202,optimal
2021-02-10 11:30:00,28,103,2.0,0.0,0.0,0.2349,17.094,6.0,-6,20.30385747396796,,7000.0,0.0,0.0,0.0,45.14100546257168,optimal
2021-02-10 12:00:00,28,103,2.0,0.0,0.0,0.3242666666666666,16.8945,6.0,-6,20.370658227648462,,7000.0,0.0,0.0,0.0,44.88265371944483,optimal
2021-02-10 12:30:00,28,103,1.7142072336901704,0.0,0.0,0.2473333333333333,18.123,6.0,-6,20.43991181048264,,5999.725317915596,0.0,0.0,0.0,44.6245603280611,optimal
2021-02-10 13:00:00,28,103,0.0,0.0,0.0,0.9715333333333332,31.647,6.0,-6,20.48904288997431,,0.0,0.0,0.0,0.0,44.36672503006876,optimal
2021-02-10 13:30:00,28,103,0.0,0.0,0.0,0.8295333333333333,34.9965,6.0,-6,20.4180032153564,,0.0,0.0,0.0,0.0,44.10914756737441,optimal
2021-02-10 14:00:00,28,103,0.0,0.0,0.0,2.2932,34.9965,6.0,-6,20.3527832733595,,0.0,0.0,0.0,0.0,43.85182768214275,optimal
2021-02-10 14:30:00,28,103,0.0,0.0,0.0,0.4187333333333333,34.9965,6.0,-6,20.2969428089454,,0.0,0.0,0.0,0.0,43.59476511679632,optimal
2021-02-10 15:00:00,28,103,0.0,0.0,0.0,1.463833333333333,34.9965,6.0,-6,20.22757579738164,,0.0,0.0,0.0,0.0,43.33795961401525,optimal
2021-02-10 15:30:00,28,103,0.0,0.0,0.0,0.361,34.9965,6.0,-6,20.18267882364333,,0.0,0.0,0.0,0.0,43.08141091673695,optimal
2021-02-10 16:00:00,28,103,0.0,0.0,0.0,0.5115,27.741,6.0,-6,20.11989755549965,,0.0,0.0,0.0,0.0,42.82511876815593,optimal
2021-02-10 16:30:00,28,103,0.0,0.0,0.0,0.6376000000000001,19.026,6.0,-6,20.06293168398739,,0.0,0.0,0.0,0.0,42.56908291172349,optimal
2021-02-10 17:00:00,28,103,0.8481803357823022,0.0,0.0,1.3978666666666666,18.7215,6.0,-6,20.0,,2968.631175238058,0.0,0.0,0.0,42.31330309114748,optimal
2021-02-10 17:30:00,28,103,0.8784501186722949,0.0,0.0,1.2029333333333334,17.4195,6.0,-6,20.0,,2726.242082019699,0.0,348.3333333333333,0.0,42.05777905039205,optimal
2021-02-10 18:00:00,28,103,0.8877656252849223,0.0,0.0,0.3866333333333333,16.758,6.0,-6,20.0,,2828.5130218305617,0.0,278.66666666666663,0.0,41.80251053367737,optimal
2021-02-10 18:30:00,28,103,0.9042911716888408,0.0,0.0,0.3335666666666667,14.217,6.0,-6,20.0,,3165.0191009109426,0.0,0.0,0.0,41.54749728547941,optimal
2021-02-10 19:00:00,28,103,0.7827710038070048,0.0,0.0,2.232,13.3665,6.0,-6,20.0,,2739.698513324517,0.0,0.0,0.0,41.29273905052965,optimal
2021-02-10 19:30:00,28,103,1.2506963750713445,0.0,0.0,0.075,12.789,6.0,-6,20.0,,4377.437312749706,0.0,0.0,0.0,41.03823557381483,optimal
2021-02-10 20:00:00,28,103,0.9458712701452106,0.0,0.0,1.4579000000000002,11.907,6.0,-6,20.0,,3310.549445508237,0.0,0.0,0.0,40.78398660057673,optimal
2021-02-10 20:30:00,28,103,0.0,0.0,0.0,1.5365333333333333,11.7075,6.0,-6,20.0,,0.0,0.0,0.0,0.0,40.52999187631187,optimal
2021-02-10 21:00:00,28,103,0.1592380952380952,0.0,0.0,0.3210333333333333,10.8045,6.0,-6,19.929077137104954,,0.0,0.0,557.3333333333334,0.0,40.27625114677127,optimal
2021-02-10 21:30:00,28,103,0.0,0.0,0.0,0.3541333333333333,11.508,6.0,-6,19.853866499696228,,0.0,0.0,0.0,0.0,40.02276415796022,optimal
2021-02-10 22:00:00,28,103,0.0,0.0,0.0,0.6037333333333333,11.508,6.0,-6,19.77962232858399,,0.0,0.0,0.0,0.0,39.76953065613797,optimal
2021-02-10 22:30:00,28,103,0.0,0.0,0.0,0.2002333333333333,11.508,6.0,-6,19.702876745452308,,0.0,0.0,0.0,0.0,39.51655038781755,optimal
2021-02-10 23:00:00,28,103,0.0,0.0,0.0,0.3367666666666666,11.844,6.0,-6,19.61610052455784,,0.0,0.0,0.0,0.0,39.26382309976545,optimal
2021-02-10 23:30:00,28,103,0.0,0.0,0.0,0.1700666666666666,11.508,6.0,-6,19.52960545561104,,0.0,0.0,0.0,0.0,39.22455927666569,optimal
2021-02-11 00:00:00,28,103,2.0,0.0,0.0,0.3187333333333333,11.2455,6.0,2,19.52960545561104,,6930.333333333333,0.0,69.66666666666666,0.0,39.18533471738902,optimal
2021-02-11 00:30:00,28,103,2.0,0.0,0.0,0.2929666666666666,11.2455,6.0,2,19.583128802978813,,0.0,0.0,7000.0,0.0,39.14614938267163,optimal
2021-02-11 01:00:00,28,103,2.0,0.0,0.0,0.0897999999999999,11.025,6.0,2,19.49222775315947,,5291.666666666667,0.0,1708.3333333333333,0.0,39.10700323328896,optimal
2021-02-11 01:30:00,28,103,2.0,0.0,0.0,0.1871333333333333,12.0855,6.0,2,19.5082861145287,,7000.0,0.0,0.0,0.0,39.06789623005567,optimal
2021-02-11 02:00:00,28,103,2.0,0.0,0.0,0.1660666666666666,11.6865,6.0,2,19.565043457411907,,7000.0,0.0,0.0,0.0,39.02882833382561,optimal
2021-02-11 02:30:00,28,103,2.0,0.0,0.0,0.0728,11.2245,6.0,2,19.61540501131661,,7000.0,0.0,0.0,0.0,38.98979950549178,optimal
2021-02-11 03:00:00,28,103,2.0,0.0,0.0,0.066,11.025,6.0,2,19.66039018160433,,7000.0,0.0,0.0,0.0,38.95080970598629,optimal
2021-02-11 03:30:00,28,103,2.0,0.0,5.0,0.1272,10.7835,6.0,2,19.70457445739054,,7000.0,0.0,0.0,0.0,41.2868588962803,optimal
2021-02-11 04:00:00,28,103,2.0,0.0,0.001869374356147,0.066,11.025,6.0,2,19.750980738790844,,7000.0,0.0,0.0,0.0,41.24645999020319,optimal
2021-02-11 04:30:00,28,103,2.0,0.0,5.0,0.066,10.584,6.0,2,19.79702237535472,,7000.0,0.0,0.0,0.0,43.58021353021298,optimal
2021-02-11 05:00:00,28,103,2.0,0.0,5.0,0.1238,11.025,6.0,2,19.842855135617874,,7000.0,0.0,0.0,0.0,45.91163331668277,optimal
2021-02-11 05:30:00,28,103,2.0,0.0,5.0,0.0694,10.4265,6.0,2,19.88969668075722,,7000.0,0.0,0.0,0.0,48.24072168336608,optimal
2021-02-11 06:00:00,28,103,2.0,0.0,0.0,0.1573333333333333,12.789,6.0,2,19.93631474917972,,7000.0,0.0,0.0,0.0,48.19248096168271,optimal
2021-02-11 06:30:00,28,103,2.0,0.0,0.0,0.203,12.684,6.0,2,19.987104276518444,,7000.0,0.0,0.0,0.0,48.144288480721016,optimal
2021-02-11 07:00:00,28,103,2.0,0.0,0.0,0.2642,16.254,6.0,2,20.04308061489117,,7000.0,0.0,0.0,0.0,48.096144192240295,optimal
2021-02-11 07:30:00,28,103,2.0,0.0,0.0,1.4279333333333335,17.64,6.0,2,20.10055605906213,,7000.0,0.0,0.0,0.0,48.048048048048045,optimal
2021-02-11 08:00:00,28,103,2.0,0.0,0.0,0.4572,19.1625,6.0,2,20.17363944587702,,7000.0,0.0,0.0,0.0,48.0,optimal
2021-02-11 08:30:00,28,103,0.0,0.0,0.0,0.074,26.46,6.0,2,20.234909873927567,,0.0,0.0,0.0,0.0,47.56045417058938,optimal
2021-02-11 09:00:00,28,103,0.4381243126042695,0.0,0.0,0.1345,20.79,6.0,2,20.14249130287988,,1533.4350941149437,0.0,0.0,0.0,47.12134788700818,optimal
2021-02-11 09:30:00,28,103,0.0,0.0,0.0,0.3557333333333333,29.106,6.0,2,20.082523875366466,,0.0,0.0,0.0,0.0,46.68268070971055,optimal
2021-02-11 10:00:00,28,103,2.0,0.0,0.0,1.4194666666666669,19.1835,6.0,2,20.0,,7000.0,0.0,0.0,0.0,46.24445219959023,optimal
2021-02-11 10:30:00,28,103,0.0781967157029156,0.0,0.0,0.6741,19.6665,6.0,2,20.07467549003731,,273.6885049602048,0.0,0.0,0.0,45.80666191798002,optimal
2021-02-11 11:00:00,28,103,1.1400945690954674,0.0,0.0,0.3087333333333333,19.404,6.0,2,20.0,,3990.330991834135,0.0,0.0,0.0,45.36930942665143,optimal
2021-02-11 11:30:00,28,103,2.0,0.0,0.0,0.4151333333333333,19.047,6.0,2,20.0,,4561.666666666666,0.0,2438.333333333333,0.0,44.93239428781416,optimal
2021-02-11 12:00:00,28,103,2.0,0.0,0.0,0.5342333333333333,18.858,6.0,2,20.021130934175048,,7000.0,0.0,0.0,0.0,44.495916064115725,optimal
2021-02-11 12:30:00,28,103,0.0125939344409759,0.0,0.0,0.4537,19.2675,6.0,2,20.098544394817985,,44.0787705434158,0.0,0.0,0.0,44.05987431864099,optimal
2021-02-11 13:00:00,28,103,2.0,0.0,0.0,0.343,18.963,6.0,2,20.032345795899545,,7000.0,0.0,0.0,0.0,43.624268614911735,optimal
2021-02-11 13:30:00,28,103,2.0,0.0,0.0,0.5127666666666667,18.438,6.0,2,20.112510111467945,,7000.0,0.0,0.0,0.0,43.189098516886204,optimal
2021-02-11 14:00:00,28,103,2.0,0.0,0.0,0.4056,18.7425,6.0,2,20.19467368723306,,7000.0,0.0,0.0,0.0,42.754363588958704,optimal
2021-02-11 14:30:00,28,103,2.0,0.0,0.0,0.1168,15.2145,6.0,2,20.27412058216791,,7000.0,0.0,0.0,0.0,42.32006339595912,optimal
2021-02-11 15:00:00,28,103,2.0,0.0,0.0,0.0964,17.7765,6.0,2,20.34028988327765,,7000.0,0.0,0.0,0.0,41.88619750315255,optimal
2021-02-11 15:30:00,28,103,2.0,0.0,0.0,1.2573333333333332,16.758,6.0,2,20.40414172650378,,7000.0,0.0,0.0,0.0,41.45276547623877,optimal
2021-02-11 16:00:00,28,103,2.0,0.0,0.0,0.5668,16.422,6.0,2,20.48116824420072,,7000.0,0.0,0.0,0.0,41.01976688135192,optimal
2021-02-11 16:30:00,28,103,2.0,0.0,0.0,0.2251999999999999,16.758,6.0,2,20.54866363647392,,7000.0,0.0,0.0,0.0,40.58720128505995,optimal
2021-02-11 17:00:00,28,103,0.0,0.0,0.0,0.2744,29.358,6.0,2,20.60902062578129,,0.0,0.0,0.0,0.0,40.155068254364274,optimal
2021-02-11 17:30:00,28,103,0.0,0.0,0.0,0.3262,34.9965,6.0,2,20.520651467578176,,0.0,0.0,0.0,0.0,39.72336735669929,optimal
2021-02-11 18:00:00,28,103,0.0,0.0,0.0,1.652,34.65,6.0,2,20.435662928897667,,0.0,0.0,0.0,0.0,39.292098159931975,optimal
2021-02-11 18:30:00,28,103,0.0,0.0,0.0,1.780433333333333,34.9965,6.0,2,20.364879228780964,,0.0,0.0,0.0,0.0,38.861260232361424,optimal
2021-02-11 19:00:00,28,103,0.0,0.0,0.0,1.2571333333333334,34.9965,6.0,2,20.285774310422934,,0.0,0.0,0.0,0.0,38.43085314271845,optimal
2021-02-11 19:30:00,28,103,0.0,0.0,0.0,1.197266666666667,30.4815,6.0,2,20.19226446596027,,0.0,0.0,0.0,0.0,38.00087646016511,optimal
2021-02-11 20:00:00,28,103,0.0,0.0,0.0,1.4485,21.4305,6.0,2,20.094958123636705,,0.0,0.0,0.0,0.0,37.571329754294325,optimal
2021-02-11 20:30:00,28,103,0.0,0.0,0.0,0.4715333333333333,14.3325,6.0,2,20.0,,0.0,0.0,0.0,0.0,37.53375842454003,optimal
2021-02-11 21:00:00,28,103,0.0398095238095238,0.0,0.0,0.4166,13.692,6.0,2,19.90259041123608,,0.0,0.0,139.33333333333331,0.0,37.496224666115495,optimal
2021-02-11 21:30:00,28,103,0.0,0.0,0.0,0.485,14.007,6.0,2,19.80505139263393,,0.0,0.0,0.0,0.0,37.45872844144938,optimal
2021-02-11 22:00:00,28,103,0.0,0.0,0.0,0.7382000000000001,12.873,6.0,2,19.70976304420187,,0.0,0.0,0.0,0.0,37.42126971300793,optimal
2021-02-11 22:30:00,28,103,0.6170476190476191,0.0,0.0,0.4266333333333333,12.684,6.0,2,19.622397362111272,,0.0,0.0,2159.6666666666665,0.0,37.38384844329492,optimal
2021-02-11 23:00:00,28,103,0.0,0.0,0.0,0.2735333333333333,12.306,6.0,2,19.5277261959201,,0.0,0.0,0.0,0.0,37.346464594851625,optimal
2021-02-11 23:30:00,28,103,0.0,0.0,0.0,0.0713333333333333,10.6365,6.0,2,19.42570410010327,,0.0,0.0,0.0,0.0,37.30911813025677,optimal
2021-02-12 00:00:00,28,103,2.0,0.0,4.233873862583909,0.0506666666666666,10.3635,6.0,-3,19.42570410010327,,7000.0,0.0,0.0,0.0,39.28289909685387,optimal
2021-02-12 00:30:00,28,103,2.0,0.0,0.0,0.046,10.8045,6.0,-3,19.459567987918707,,5894.847071596565,0.0,1105.1529284034348,0.0,39.24361619775701,optimal
2021-02-12 01:00:00,28,103,2.0,0.0,5.0,0.046,10.059,6.0,-3,19.470014326182053,,7000.0,0.0,0.0,0.0,41.57937258155925,optimal
2021-02-12 01:30:00,28,103,2.0,0.0,0.0,0.046,10.584,6.0,-3,19.50367719255694,,7000.0,0.0,0.0,0.0,41.53779320897769,optimal
2021-02-12 02:00:00,28,103,2.0,0.0,5.0,0.046,9.4185,6.0,-3,19.53764100946499,,7000.0,0.0,0.0,0.0,43.8712554157687,optimal
2021-02-12 02:30:00,28,103,2.0,0.0,5.0,0.046,10.3635,6.0,-3,19.571904411589102,,7000.0,0.0,0.0,0.0,46.20238416035293,optimal
2021-02-12 03:00:00,28,103,2.0,0.0,5.0,0.046,9.8385,6.0,-3,19.60737337636633,,7000.0,0.0,0.0,0.0,48.53118177619257,optimal
2021-02-12 03:30:00,28,103,2.0,0.0,0.0,0.046,11.067,6.0,-3,19.644042434541305,,7000.0,0.0,0.0,0.0,48.48265059441637,optimal
2021-02-12 04:00:00,28,103,2.0,0.0,0.0,0.046,10.8465,6.0,-3,19.683720814791247,,7000.0,0.0,0.0,0.0,48.434167943821954,optimal
2021-02-12 04:30:00,28,103,2.0,0.0,0.0,0.046,13.671,6.0,-3,19.72639486477646,,7000.0,0.0,0.0,0.0,48.38573377587813,optimal
2021-02-12 05:00:00,28,103,2.0,0.0,0.0,0.046,12.348,6.0,-3,19.772050994093576,,7000.0,0.0,0.0,0.0,48.33734804210225,optimal
2021-02-12 05:30:00,28,103,2.0,0.0,0.0,0.046,14.3325,6.0,-3,19.82067567399458,,7000.0,0.0,0.0,0.0,48.28901069406015,optimal
2021-02-12 06:00:00,28,103,2.0,0.0,0.0,0.046,15.393,6.0,-3,19.87270910538717,,7000.0,0.0,0.0,0.0,48.24072168336608,optimal
2021-02-12 06:30:00,28,103,2.0,0.0,0.0,0.046,13.587,6.0,-3,19.92813582384708,,7000.0,0.0,0.0,0.0,48.19248096168271,optimal
2021-02-12 07:00:00,28,103,0.3430213073452801,0.0,0.0,0.215,16.1385,6.0,-3,19.98376475714673,,1200.5745757084806,0.0,0.0,0.0,48.144288480721016,optimal
2021-02-12 07:30:00,28,103,2.0,0.0,0.0,1.5467,14.595,6.0,-3,19.92465501598882,,7000.0,0.0,0.0,0.0,48.096144192240295,optimal
2021-02-12 08:00:00,28,103,2.0,0.0,0.0,0.7420666666666668,14.637,6.0,-3,20.0,,4187.53018250431,0.0,2812.46981749569,0.0,48.048048048048045,optimal
2021-02-12 08:30:00,28,103,2.0,0.0,0.0,0.0880333333333333,13.9125,6.0,-3,20.0,,4178.1132220443415,0.0,2821.8867779556585,0.0,48.0,optimal
2021-02-12 09:00:00,28,103,2.0,0.0,0.0,0.8995333333333333,13.3665,6.0,-3,20.0,,4125.509523854784,0.0,2874.490476145216,0.0,47.66224378135296,optimal
2021-02-12 09:30:00,28,103,2.0,0.0,0.0,2.3877333333333333,13.0095,6.0,-3,20.0,,6721.333333333333,0.0,278.66666666666663,0.0,47.32482531892456,optimal
2021-02-12 10:00:00,28,103,1.1243977643391585,0.0,0.0,1.0314,13.8915,6.0,-3,20.07259578172601,,3935.392175187054,0.0,0.0,0.0,46.987744274958594,optimal
2021-02-12 10:30:00,28,103,2.0,0.0,0.0,1.538433333333333,13.188,6.0,-3,20.093408687517588,,7000.0,0.0,0.0,0.0,46.651000312036594,optimal
2021-02-12 11:00:00,28,103,2.0,0.0,0.0,0.9648666666666668,12.5685,6.0,-3,20.18135250312364,,7000.0,0.0,0.0,0.0,46.31459309307751,optimal
2021-02-12 11:30:00,28,103,2.0,0.0,0.0,0.8551,12.285,6.0,-3,20.256046762689625,,7000.0,0.0,0.0,0.0,45.97852228133739,optimal
2021-02-12 12:00:00,28,103,2.0,0.0,0.0,0.128,11.487,6.0,-3,20.32076996356739,,7000.0,0.0,0.0,0.0,45.64278754040901,optimal
2021-02-12 12:30:00,28,103,2.0,0.0,0.0,0.1515999999999999,11.802,6.0,-3,20.382365220323525,,7000.0,0.0,0.0,0.0,45.30738853422156,optimal
2021-02-12 13:00:00,28,103,2.0,0.0,0.0,0.2341,11.2245,6.0,-3,20.444007231002622,,7000.0,0.0,0.0,0.0,44.9723249270403,optimal
2021-02-12 13:30:00,28,103,2.0,0.0,0.0,0.056,11.025,6.0,-3,20.50594375725884,,7000.0,0.0,0.0,0.0,44.63759638346622,optimal
2021-02-12 14:00:00,28,103,2.0,0.0,0.0,0.056,11.907,6.0,-3,20.5663958133354,,7000.0,0.0,0.0,0.0,44.30320256843571,optimal
2021-02-12 14:30:00,28,103,0.0,0.0,0.0,0.056,25.83,6.0,-3,20.62611994880208,,0.0,0.0,0.0,0.0,43.96914314722023,optimal
2021-02-12 15:00:00,28,103,0.0,0.0,0.0,0.056,28.035,6.0,-3,20.537766611864587,,0.0,0.0,0.0,0.0,43.635417785425965,optimal
2021-02-12 15:30:00,28,103,0.0,0.0,0.0,0.056,28.119,6.0,-3,20.4493604368894,,0.0,0.0,0.0,0.0,43.3020261489935,optimal
2021-02-12 16:00:00,28,103,0.0,0.0,0.0,0.056,30.156,6.0,-3,20.360674830267588,,0.0,0.0,0.0,0.0,42.96896790419746,optimal
2021-02-12 16:30:00,28,103,0.0,0.0,0.0,0.056,29.1585,6.0,-3,20.27171105762713,,0.0,0.0,0.0,0.0,42.63624271764623,optimal
2021-02-12 17:00:00,28,103,0.0,0.0,0.0,0.056,26.712,6.0,-3,20.18178988056367,,0.0,0.0,0.0,0.0,42.303850256281535,optimal
2021-02-12 17:30:00,28,103,0.0,0.0,0.0,0.056,15.435,6.0,-3,20.090915640621184,,0.0,0.0,0.0,0.0,41.97179018737821,optimal
2021-02-12 18:00:00,28,103,1.234544855301276,0.0,0.0,0.056,13.566,6.0,-3,20.0,,4320.906993554466,0.0,0.0,0.0,41.64006217854379,optimal
2021-02-12 18:30:00,28,103,1.6896812198152704,0.0,0.0,0.056,12.789,6.0,-3,20.0,,5913.884269353446,0.0,0.0,0.0,41.30866589771821,optimal
2021-02-12 19:00:00,28,103,2.0,0.0,0.0,0.1583333333333333,12.1275,6.0,-3,20.033305987146672,,7000.0,0.0,0.0,0.0,40.97760101317345,optimal
2021-02-12 19:30:00,28,103,0.0,0.0,0.0,0.056,13.671,6.0,-3,20.092282848894424,,0.0,0.0,0.0,0.0,40.64686719351323,optimal
2021-02-12 20:00:00,28,103,1.805971872247024,0.0,0.0,0.056,10.668,6.0,-3,20.0,,4385.561552864584,0.0,1935.34,0.0,40.31646410767267,optimal
2021-02-12 20:30:00,28,103,0.0,0.0,0.0,0.056,11.7285,6.0,-3,20.0,,0.0,0.0,0.0,0.0,39.986391424917954,optimal
2021-02-12 21:00:00,28,103,0.0,0.0,0.0,0.3462333333333333,11.025,6.0,-3,19.907001638418773,,0.0,0.0,0.0,0.0,39.656648814846,optimal
2021-02-12 21:30:00,28,103,0.0,0.0,0.0,0.318,10.689,6.0,-3,19.823444004723243,,0.0,0.0,0.0,0.0,39.3272359473841,optimal
2021-02-12 22:00:00,28,103,0.9598076190476192,0.0,0.0,0.445,8.1585,6.0,-3,19.74187248471944,,0.0,0.0,3359.326666666668,0.0,38.99815249278968,optimal
2021-02-12 22:30:00,28,103,0.0,0.0,0.0,0.2728333333333333,10.3635,6.0,-3,19.67464448094732,,0.0,0.0,0.0,0.0,38.95915434029689,optimal
2021-02-12 23:00:00,28,103,0.0,0.0,0.0,1.15,10.8045,6.0,-3,19.59780321882409,,0.0,0.0,0.0,0.0,38.920195185956594,optimal
2021-02-12 23:30:00,28,103,0.0,0.0,0.0,1.1845,11.025,6.0,-3,19.523532782517545,,0.0,0.0,0.0,0.0,38.88127499077064,optimal
2021-02-13 00:00:00,28,103,2.0,0.0,0.0,0.1427,9.3975,6.0,0,19.523532782517545,,7000.0,0.0,0.0,0.0,38.84239371577986,optimal
2021-02-13 00:30:00,28,103,2.0,0.0,0.0,0.2677,10.059,6.0,0,19.59147552785619,,1496.333333333333,0.0,5503.666666666667,0.0,38.80355132206408,optimal
2021-02-13 01:00:00,28,103,2.0,0.0,0.0,0.071,9.261,6.0,0,19.546590888423403,,7000.0,0.0,0.0,0.0,38.76474777074202,optimal
2021-02-13 01:30:00,28,103,2.0,0.0,5.0,0.3266666666666666,8.1585,6.0,0,19.60888964362629,,7000.0,0.0,0.0,0.0,41.10098302297128,optimal
2021-02-13 02:00:00,28,103,2.0,0.0,0.0,0.071,9.4815,6.0,0,19.6765144908746,,7000.0,0.0,0.0,0.0,41.05988203994831,optimal
2021-02-13 02:30:00,28,103,2.0,0.0,0.0,0.1916666666666666,8.379,6.0,0,19.73867749218492,,7000.0,0.0,0.0,0.0,41.01882215790836,optimal
2021-02-13 03:00:00,28,103,2.0,0.0,0.0,0.206,9.5235,6.0,0,19.803098562218683,,7000.0,0.0,0.0,0.0,40.97780333575045,optimal
2021-02-13 03:30:00,28,103,2.0,0.0,5.0,0.071,8.1375,6.0,0,19.86752909680396,,7000.0,0.0,0.0,0.0,43.3118255324147,optimal
2021-02-13 04:00:00,28,103,2.0,0.0,0.0,0.3123333333333333,10.0905,6.0,0,19.92859869129684,,7000.0,0.0,0.0,0.0,43.26851370688229,optimal
2021-02-13 04:30:00,28,103,2.0,0.0,5.0,0.0853333333333333,7.539,6.0,0,19.99424456335536,,7000.0,0.0,0.0,0.0,45.60024519317541,optimal
2021-02-13 05:00:00,28,103,2.0,0.0,5.0,0.071,7.938,6.0,0,20.05436051006237,,7000.0,0.0,0.0,0.0,47.92964494798223,optimal
2021-02-13 05:30:00,28,103,2.0,0.0,0.7558029059617717,0.2678666666666667,8.274,6.0,0,20.11344833899589,,7000.0,0.0,0.0,0.0,48.24072168336608,optimal
2021-02-13 06:00:00,28,103,2.0,0.0,0.0,0.1298,9.261,6.0,0,20.175958560529505,,7000.0,0.0,0.0,0.0,48.19248096168271,optimal
2021-02-13 06:30:00,28,103,2.0,0.0,0.0,0.1573666666666666,9.9225,6.0,0,20.23482516509792,,7000.0,0.0,0.0,0.0,48.144288480721016,optimal
2021-02-13 07:00:00,28,103,2.0,0.0,0.0,1.2629,9.702,6.0,0,20.2937781659891,,7000.0,0.0,0.0,0.0,48.096144192240295,optimal
2021-02-13 07:30:00,28,103,2.0,0.0,0.0,0.6131333333333333,10.584,6.0,0,20.36667711059218,,7000.0,0.0,0.0,0.0,48.048048048048045,optimal
2021-02-13 08:00:00,28,103,2.0,0.0,0.0,1.3122333333333331,10.143,6.0,0,20.44126949194214,,7000.0,0.0,0.0,0.0,48.0,optimal
2021-02-13 08:30:00,28,103,0.0,0.0,0.0,2.8607,13.0095,6.0,0,20.51883836835567,,0.0,0.0,0.0,0.0,47.73774108050616,optimal
2021-02-13 09:00:00,28,103,2.0,0.0,0.0,2.9101666666666666,11.025,6.0,0,20.447390534044924,,7000.0,0.0,0.0,0.0,47.47574441993181,optimal
2021-02-13 09:30:00,28,103,0.0,0.0,0.0,0.2087,12.789,6.0,0,20.52692493747701,,0.0,0.0,0.0,0.0,47.21400975601803,optimal
2021-02-13 10:00:00,28,103,2.0,0.0,0.0,0.2758333333333333,12.1275,6.0,0,20.443615447493343,,7000.0,0.0,0.0,0.0,46.95253682676817,optimal
2021-02-13 10:30:00,28,103,2.0,0.0,0.0,0.5595333333333333,12.1695,6.0,0,20.50878781612238,,7000.0,0.0,0.0,0.0,46.69132537044756,optimal
2021-02-13 11:00:00,28,103,1.7408840524192326,0.0,0.0,0.2344333333333333,12.306,6.0,0,20.57782146366563,,6093.094183467314,0.0,0.0,0.0,46.43037512558327,optimal
2021-02-13 11:30:00,28,103,0.0,0.0,0.0,0.5859333333333333,13.23,6.0,0,20.61849794373446,,0.0,0.0,0.0,0.0,46.16968583096384,optimal
2021-02-13 12:00:00,28,103,0.0,0.0,0.0,0.0925,13.671,6.0,0,20.536859243663155,,0.0,0.0,0.0,0.0,45.90925722563904,optimal
2021-02-13 12:30:00,28,103,0.0,0.0,0.0,0.0781666666666666,13.9335,6.0,0,20.44336783468665,,0.0,0.0,0.0,0.0,45.64908904891956,optimal
2021-02-13 13:00:00,28,103,0.0,0.0,0.0,0.2264,13.293,6.0,0,20.350452512345417,,0.0,0.0,0.0,0.0,45.38918104037679,optimal
2021-02-13 13:30:00,28,103,2.0,0.0,0.0,0.1641,12.1065,6.0,0,20.26153275816804,,7000.0,0.0,0.0,0.0,45.12953293984257,optimal
2021-02-13 14:00:00,28,103,2.0,0.0,0.0,0.1856666666666666,11.571,6.0,0,20.31951148724957,,7000.0,0.0,0.0,0.0,44.870144487408886,optimal
2021-02-13 14:30:00,28,103,2.0,0.0,0.0,0.212,11.025,6.0,0,20.378134838929977,,7000.0,0.0,0.0,0.0,44.61101542342763,optimal
2021-02-13 15:00:00,28,103,2.0,0.0,0.0,0.071,10.8465,6.0,0,20.437500230744806,,7000.0,0.0,0.0,0.0,44.35214548851036,optimal
2021-02-13 15:30:00,28,103,2.0,0.0,0.0,0.1203333333333333,11.2455,6.0,0,20.49408185995388,,7000.0,0.0,0.0,0.0,44.093534423528006,optimal
2021-02-13 16:00:00,28,103,0.0,0.0,0.0,0.3378333333333333,23.8665,6.0,0,20.5521634207988,,0.0,0.0,0.0,0.0,43.83518196961063,optimal
2021-02-13 16:30:00,28,103,0.0,0.0,0.0,0.5523666666666667,27.4575,6.0,0,20.47635240913797,,0.0,0.0,0.0,0.0,43.57708786814717,optimal
2021-02-13 17:00:00,28,103,0.0,0.0,0.0,0.2181999999999999,27.3735,6.0,0,20.403896237986853,,0.0,0.0,0.0,0.0,43.31925186078519,optimal
2021-02-13 17:30:00,28,103,0.0,0.0,0.0,0.3634333333333333,30.4605,6.0,0,20.31661949924832,,0.0,0.0,0.0,0.0,43.06167368943056,optimal
2021-02-13 18:00:00,28,103,0.0,0.0,0.0,0.183,30.0195,6.0,0,20.23406137664121,,0.0,0.0,0.0,0.0,42.80435309624728,optimal
2021-02-13 18:30:00,28,103,0.0,0.0,0.0,0.4733666666666666,26.9325,6.0,0,20.15146412095383,,0.0,0.0,0.0,0.0,42.5472898236572,optimal
2021-02-13 19:00:00,28,103,0.0,0.0,0.0,0.2174333333333333,14.595,6.0,0,20.077898722451508,,0.0,0.0,0.0,0.0,42.29048361433969,optimal
2021-02-13 19:30:00,28,103,0.8909647713603472,0.0,0.0,0.3747333333333333,12.4845,6.0,0,20.0,,3118.376699761215,0.0,0.0,0.0,42.03393421123151,optimal
2021-02-13 20:00:00,28,103,0.8003318722470324,0.0,0.0,0.4585,12.1275,6.0,0,20.0,,2801.161552864613,0.0,0.0,0.0,41.777641357526434,optimal
2021-02-13 20:30:00,28,103,0.0,0.0,0.0,0.6214666666666667,12.1275,6.0,0,20.0,,0.0,0.0,0.0,0.0,41.73586371616891,optimal
2021-02-13 21:00:00,28,103,0.0,0.0,0.0,0.6596000000000001,12.789,6.0,0,19.944317568910137,,0.0,0.0,0.0,0.0,41.69412785245274,optimal
2021-02-13 21:30:00,28,103,0.0,0.0,0.0,0.5221333333333333,11.907,6.0,0,19.88590841696241,,0.0,0.0,0.0,0.0,41.652433724600286,optimal
2021-02-13 22:00:00,28,103,0.1393333333333333,0.0,0.0,0.6165,11.025,6.0,0,19.82723990223932,,0.0,0.0,487.6666666666667,0.0,41.610781290875686,optimal
2021-02-13 22:30:00,28,103,0.1194285714285714,0.0,0.0,0.6910666666666667,8.2005,6.0,0,19.77001056593721,,0.0,0.0,418.0,0.0,41.56917050958481,optimal
2021-02-13 23:00:00,28,103,0.0,0.0,0.0,0.3167,9.5655,6.0,0,19.71406831229785,,0.0,0.0,0.0,0.0,41.527601339075225,optimal
2021-02-13 23:30:00,28,103,0.0796190476190476,0.0,0.0,0.4728,7.056,6.0,0,19.64799798120276,,0.0,0.0,278.66666666666663,0.0,41.48607373773615,optimal
2021-02-07 00:00:00,29,103,0.0,0.0,0.0,0.148,15.6975,6.0,10,21.0,,0.0,0.0,0.0,0.0,47.952,optimal
2021-02-07 00:30:00,29,103,0.0,0.0,0.0,0.2425999999999999,12.5475,6.0,10,20.929473142310183,,0.0,0.0,0.0,0.0,47.904048,optimal
2021-02-07 01:00:00,29,103,0.0,0.0,0.0,0.4242666666666666,12.0855,6.0,10,20.863340517042367,,0.0,0.0,0.0,0.0,47.856143952,optimal
2021-02-07 01:30:00,29,103,0.0,0.0,0.0,0.2294,11.907,6.0,10,20.799411891912754,,0.0,0.0,0.0,0.0,47.80828780804799,optimal
2021-02-07 02:00:00,29,103,0.0,0.0,0.0,0.3880666666666666,12.5685,6.0,10,20.73310039914975,,0.0,0.0,0.0,0.0,47.76047952023995,optimal
2021-02-07 02:30:00,29,103,0.0,0.0,0.0,0.4335,13.146,6.0,10,20.67186939511276,,0.0,0.0,0.0,0.0,47.712719040719705,optimal
2021-02-07 03:00:00,29,103,0.0,0.0,0.0,0.0854666666666666,10.584,6.0,10,20.61238721739262,,0.0,0.0,0.0,0.0,47.66500632167899,optimal
2021-02-07 03:30:00,29,103,0.9699098172472366,0.0,0.0,0.2458666666666666,6.678,6.0,10,20.53680290477953,,3394.684360365328,0.0,0.0,0.0,47.61734131535731,optimal
2021-02-07 04:00:00,29,103,0.0,0.0,0.0,0.1448,7.938,6.0,10,20.53617063566004,,0.0,0.0,0.0,0.0,47.56972397404195,optimal
2021-02-07 04:30:00,29,103,2.0,0.0,1.61443461893103,0.1056,5.292,6.0,10,20.46172741608572,,7000.0,0.0,0.0,0.0,48.28901069406015,optimal
2021-02-07 05:00:00,29,103,0.0,0.0,0.0,0.1504,9.261,6.0,10,20.534149600465096,,0.0,0.0,0.0,0.0,48.24072168336608,optimal
2021-02-07 05:30:00,29,103,0.0,0.0,0.0,0.2201333333333333,10.3635,6.0,10,20.45983343197012,,0.0,0.0,0.0,0.0,48.19248096168271,optimal
2021-02-07 06:00:00,29,103,0.0,0.0,0.0,0.072,8.274,6.0,10,20.387322327463146,,0.0,0.0,0.0,0.0,48.144288480721016,optimal
2021-02-07 06:30:00,29,103,0.0,0.0,0.0,0.1326,7.7175,6.0,10,20.312021915760017,,0.0,0.0,0.0,0.0,48.096144192240295,optimal
2021-02-07 07:00:00,29,103,2.0,0.0,0.0,0.2817333333333333,6.615,6.0,10,20.238111938712763,,7000.0,0.0,0.0,0.0,48.048048048048045,optimal
2021-02-07 07:30:00,29,103,2.0,0.0,0.0,0.2023333333333332,6.174,6.0,10,20.31885130089975,,7000.0,0.0,0.0,0.0,48.0,optimal
2021-02-07 08:00:00,29,103,2.0,0.0,0.0,1.945433333333333,3.906,6.0,10,20.39980549289889,,7000.0,0.0,0.0,0.0,47.56894151765909,optimal
2021-02-07 08:30:00,29,103,2.0,0.0,0.0,0.5343,2.3415,6.0,10,20.493516215084647,,7000.0,0.0,0.0,0.0,47.13831409380051,optimal
2021-02-07 09:00:00,29,103,2.0,0.0,0.0,0.227,2.205,6.0,10,20.574676434798587,,7000.0,0.0,0.0,0.0,46.7081172973658,optimal
2021-02-07 09:30:00,29,103,2.0,0.0,0.0,0.3002333333333333,0.882,6.0,10,20.63858794355446,,7000.0,0.0,0.0,0.0,46.27835069772752,optimal
2021-02-07 10:00:00,29,103,2.0,0.0,0.0,0.2906,1.5435,6.0,10,20.703481142115432,,7000.0,0.0,0.0,0.0,45.84901386468888,optimal
2021-02-07 10:30:00,29,103,2.0,0.0,0.0,0.2201333333333333,1.5435,6.0,10,20.76735796371128,,7000.0,0.0,0.0,0.0,45.42010636848328,optimal
2021-02-07 11:00:00,29,103,2.0,0.0,0.0,0.1504,5.0715,6.0,10,20.83146329564574,,7000.0,0.0,0.0,0.0,44.99162777977388,optimal
2021-02-07 11:30:00,29,103,2.0,0.0,0.0,0.1056,5.376,6.0,10,20.89335621971325,,7000.0,0.0,0.0,0.0,44.56357766965319,optimal
2021-02-07 12:00:00,29,103,2.0,0.0,0.0,0.559,5.0715,6.0,10,20.954025296946803,,7000.0,0.0,0.0,0.0,44.13595560964262,optimal
2021-02-07 12:30:00,29,103,2.0,0.0,0.0,0.184,5.5125,6.0,10,21.029120743372648,,7000.0,0.0,0.0,0.0,43.70876117169207,optimal
2021-02-07 13:00:00,29,103,0.0,0.0,0.0,0.1662666666666666,9.261,6.0,10,21.09082425273644,,0.0,0.0,0.0,0.0,43.28199392817946,optimal
2021-02-07 13:30:00,29,103,0.0,0.0,0.0,0.1874666666666666,11.7075,6.0,10,21.004521683611912,,0.0,0.0,0.0,0.0,42.85565345191037,optimal
2021-02-07 14:00:00,29,103,0.0,0.0,0.0,0.1224,12.348,6.0,10,20.919283744653985,,0.0,0.0,0.0,0.0,42.42973931611754,optimal
2021-02-07 14:30:00,29,103,0.0,0.0,0.0,0.2435999999999999,12.348,6.0,10,20.8332896577335,,0.0,0.0,0.0,0.0,42.00425109446051,optimal
2021-02-07 15:00:00,29,103,0.0,0.0,0.0,0.1605333333333333,12.1275,6.0,10,20.750463842274648,,0.0,0.0,0.0,0.0,41.57918836102513,optimal
2021-02-07 15:30:00,29,103,0.0,0.0,0.0,0.1258666666666666,12.5265,6.0,10,20.666492028852723,,0.0,0.0,0.0,0.0,41.15455069032319,optimal
2021-02-07 16:00:00,29,103,0.0,0.0,0.0,0.1662666666666666,11.7495,6.0,10,20.581490919021658,,0.0,0.0,0.0,0.0,40.73033765729196,optimal
2021-02-07 16:30:00,29,103,0.0,0.0,0.0,0.184,13.23,6.0,10,20.49704536482309,,0.0,0.0,0.0,0.0,40.30654883729375,optimal
2021-02-07 17:00:00,29,103,0.0,0.0,0.0,0.2652,14.3325,6.0,10,20.41358304135638,,0.0,0.0,0.0,0.0,39.88318380611554,optimal
2021-02-07 17:30:00,29,103,0.0,0.0,0.0,0.4088,14.994,6.0,10,20.33552287871213,,0.0,0.0,0.0,0.0,39.46024213996851,optimal
2021-02-07 18:00:00,29,103,0.0,0.0,0.0,0.6117333333333334,14.8155,6.0,10,20.263163335000414,,0.0,0.0,0.0,0.0,39.037723415487626,optimal
2021-02-07 18:30:00,29,103,0.0,0.0,0.0,0.6369,14.112,6.0,10,20.19997291565956,,0.0,0.0,0.0,0.0,38.61562720973122,optimal
2021-02-07 19:00:00,29,103,0.0,0.0,0.0,0.6596000000000001,14.007,6.0,10,20.143282741328324,,0.0,0.0,0.0,0.0,38.19395310018058,optimal
2021-02-07 19:30:00,29,103,0.0,0.0,0.0,0.4532,13.23,6.0,10,20.09481892646829,,0.0,0.0,0.0,0.0,37.77270066473948,optimal
2021-02-07 20:00:00,29,103,0.0,0.0,0.0,0.7894333333333333,11.382,6.0,10,20.044468532422133,,0.0,0.0,0.0,0.0,37.35186948173383,optimal
2021-02-07 20:30:00,29,103,0.0,0.0,0.0,0.5816,11.7495,6.0,10,20.0,,0.0,0.0,0.0,0.0,36.93145912991118,optimal
2021-02-07 21:00:00,29,103,0.0,0.0,0.0,0.3301333333333333,24.3285,6.0,10,19.95229795916188,,0.0,0.0,0.0,0.0,36.51146918844036,optimal
2021-02-07 21:30:00,29,103,0.0,0.0,0.0,0.3863999999999999,28.917,6.0,10,19.90048201596974,,0.0,0.0,0.0,0.0,36.09189923691101,optimal
2021-02-07 22:00:00,29,103,0.0,0.0,0.0,0.505,31.3635,6.0,10,19.84649297862248,,0.0,0.0,0.0,0.0,36.055807337674096,optimal
2021-02-07 22:30:00,29,103,0.0,0.0,0.0,0.5206333333333333,33.306,6.0,10,19.79624183674823,,0.0,0.0,0.0,0.0,36.01975153033642,optimal
2021-02-07 23:00:00,29,103,0.0,0.0,0.0,0.184,31.3425,6.0,10,19.744326938383228,,0.0,0.0,0.0,0.0,35.98373177880608,optimal
2021-02-07 23:30:00,29,103,0.0,0.0,0.0,0.1659333333333333,28.2555,6.0,10,19.67203289707697,,0.0,0.0,0.0,0.0,35.947748047027275,optimal
2021-02-08 00:00:00,29,103,0.0,0.0,0.0,1.4980666666666669,12.1275,6.0,5,19.67203289707697,,0.0,0.0,0.0,0.0,35.911800298980246,optimal
2021-02-08 00:30:00,29,103,2.0,0.0,0.0,0.31,11.2665,6.0,5,19.615383190163605,,0.0,0.0,7000.0,0.0,35.87588849868126,optimal
2021-02-08 01:00:00,29,103,2.0,0.0,0.0,0.2713333333333333,10.143,6.0,5,19.55436970998301,,0.0,0.0,7000.0,0.0,35.84001261018258,optimal
2021-02-08 01:30:00,29,103,2.0,0.0,0.0,0.0914333333333333,11.2455,6.0,5,19.486247142188496,,5255.333333333333,0.0,1744.6666666666667,0.0,35.8041725975724,optimal
2021-02-08 02:00:00,29,103,2.0,0.0,0.0,0.1083666666666666,11.025,6.0,5,19.521931271856,,7000.0,0.0,0.0,0.0,35.76836842497483,optimal
2021-02-08 02:30:00,29,103,2.0,0.0,5.0,0.1891666666666666,5.9745,6.0,5,19.594309078203224,,7000.0,0.0,0.0,0.0,38.107600056549856,optimal
2021-02-08 03:00:00,29,103,2.0,0.0,0.0,0.0793,7.938,6.0,5,19.668286236492275,,7000.0,0.0,0.0,0.0,38.06949245649331,optimal
2021-02-08 03:30:00,29,103,2.0,0.0,0.0,0.0823333333333333,8.6835,6.0,5,19.73984187988172,,7000.0,0.0,0.0,0.0,38.031422964036814,optimal
2021-02-08 04:00:00,29,103,2.0,0.0,0.0,0.1655333333333333,7.665,6.0,5,19.810909916778144,,7000.0,0.0,0.0,0.0,37.993391541072775,optimal
2021-02-08 04:30:00,29,103,2.0,0.0,5.0,0.1289666666666666,6.7725,6.0,5,19.883180100323614,,7000.0,0.0,0.0,0.0,40.3303981495317,optimal
2021-02-08 05:00:00,29,103,2.0,0.0,5.0,0.1120333333333333,5.5755,6.0,5,19.953899005444747,,7000.0,0.0,0.0,0.0,42.665067751382175,optimal
2021-02-08 05:30:00,29,103,2.0,0.0,5.0,0.2006666666666666,5.0925,6.0,5,20.02348695947302,,7000.0,0.0,0.0,0.0,44.9974026836308,optimal
2021-02-08 06:00:00,29,103,2.0,0.0,5.0,0.1216,4.1895,6.0,5,20.09439814869925,,5571.304030378651,0.0,1428.6959696213487,0.0,47.32740528094717,optimal
2021-02-08 06:30:00,29,103,2.0,0.0,1.5156255249132158,0.2108666666666666,7.056,6.0,5,20.13572816460326,,7000.0,0.0,0.0,0.0,48.0,optimal
2021-02-08 07:00:00,29,103,2.0,0.0,0.0,1.0676333333333334,5.271,6.0,5,20.209706934219817,,7000.0,0.0,0.0,0.0,47.937904632192094,optimal
2021-02-08 07:30:00,29,103,2.0,0.0,0.0,0.3081,7.938,6.0,5,20.28608034260564,,7000.0,0.0,0.0,0.0,47.875871359752,optimal
2021-02-08 08:00:00,29,103,2.0,0.0,0.0,0.4472333333333333,7.938,6.0,5,20.360903358064338,,7000.0,0.0,0.0,0.0,47.81390012058434,optimal
2021-02-08 08:30:00,29,103,2.0,0.0,0.0,0.5342,11.907,6.0,5,20.437784949538177,,7000.0,0.0,0.0,0.0,47.75199085265585,optimal
2021-02-08 09:00:00,29,103,2.0,0.0,0.0,0.338,11.025,6.0,5,20.51587650432479,,7000.0,0.0,0.0,0.0,47.69014349399529,optimal
2021-02-08 09:30:00,29,103,2.0,0.0,0.0,0.2464333333333333,11.2875,6.0,5,20.590738616692963,,7000.0,0.0,0.0,0.0,47.628357982693394,optimal
2021-02-08 10:00:00,29,103,0.0,0.0,0.0,0.2585666666666666,12.936,6.0,5,20.65968893302398,,0.0,0.0,0.0,0.0,47.5666342569028,optimal
2021-02-08 10:30:00,29,103,0.0,0.0,0.0,0.062,13.0095,6.0,5,20.574976903702268,,0.0,0.0,0.0,0.0,47.50497225483799,optimal
2021-02-08 11:00:00,29,103,0.0,0.0,0.0,0.2196,13.671,6.0,5,20.485830875071816,,0.0,0.0,0.0,0.0,47.44337191477525,optimal
2021-02-08 11:30:00,29,103,0.0,0.0,0.0,0.1100666666666666,13.188,6.0,5,20.39972631750629,,0.0,0.0,0.0,0.0,47.38183317505257,optimal
2021-02-08 12:00:00,29,103,0.0,0.0,0.0,0.1169333333333333,13.8495,6.0,5,20.312160335950807,,0.0,0.0,0.0,0.0,47.320355974069614,optimal
2021-02-08 12:30:00,29,103,1.9162743747184927,0.0,0.0,0.1641999999999999,13.23,6.0,5,20.22558982850248,,6706.960311514725,0.0,0.0,0.0,47.25894025028764,optimal
2021-02-08 13:00:00,29,103,0.0,0.0,0.0,0.1105333333333333,13.3665,6.0,5,20.282498632874606,,0.0,0.0,0.0,0.0,47.197585942229445,optimal
2021-02-08 13:30:00,29,103,2.0,0.0,0.0,0.3912666666666666,13.0515,6.0,5,20.19774264146409,,7000.0,0.0,0.0,0.0,47.13629298847931,optimal
2021-02-08 14:00:00,29,103,0.0,0.0,0.0,0.4346,13.5345,6.0,5,20.27111347653413,,0.0,0.0,0.0,0.0,47.07506132768293,optimal
2021-02-08 14:30:00,29,103,0.0,0.0,0.0,0.3537333333333333,14.154,6.0,5,20.19922819666794,,0.0,0.0,0.0,0.0,47.01389089854735,optimal
2021-02-08 15:00:00,29,103,0.0,0.0,0.0,1.498,14.112,6.0,5,20.127185847583632,,0.0,0.0,0.0,0.0,46.95278163984089,optimal
2021-02-08 15:30:00,29,103,0.0,0.0,0.0,1.4744000000000002,14.2485,6.0,5,20.06380277064556,,0.0,0.0,0.0,0.0,46.89173349039315,optimal
2021-02-08 16:00:00,29,103,1.7912761206963954,0.0,0.0,0.3260333333333333,12.789,6.0,5,20.0,,6269.466422437384,0.0,0.0,0.0,46.830746389094855,optimal
2021-02-08 16:30:00,29,103,0.0,0.0,0.0,0.5003333333333333,13.0095,6.0,5,20.06295575239558,,0.0,0.0,0.0,0.0,46.76982027489785,optimal
2021-02-08 17:00:00,29,103,2.0,0.0,0.0,0.4676666666666667,12.1275,6.0,5,20.0,,5572.362636288015,0.0,1427.637363711984,0.0,46.70895508681505,optimal
2021-02-08 17:30:00,29,103,2.0,0.0,0.0,3.5573,12.348,6.0,5,20.05162182496605,,7000.0,0.0,0.0,0.0,46.648150763920334,optimal
2021-02-08 18:00:00,29,103,2.0,0.0,0.0,1.957,12.348,6.0,5,20.1549348005598,,7000.0,0.0,0.0,0.0,46.58740724534851,optimal
2021-02-08 18:30:00,29,103,0.0,0.0,0.0,0.4820666666666666,25.389,6.0,5,20.24557005756536,,0.0,0.0,0.0,0.0,46.52672447029526,optimal
2021-02-08 19:00:00,29,103,0.0,0.0,0.0,0.6006666666666667,29.1375,6.0,5,20.17750072895446,,0.0,0.0,0.0,0.0,46.466102378017055,optimal
2021-02-08 19:30:00,29,103,0.0,0.0,0.0,0.7752,30.597,6.0,5,20.116698121837107,,0.0,0.0,0.0,0.0,46.40554090783113,optimal
2021-02-08 20:00:00,29,103,0.0,0.0,0.0,0.6202000000000001,33.684,6.0,5,20.060867970612435,,0.0,0.0,0.0,0.0,46.34503999911539,optimal
2021-02-08 20:30:00,29,103,0.0,0.0,0.0,0.6367333333333334,32.445,6.0,5,20.0,,0.0,0.0,0.0,0.0,46.28459959130837,optimal
2021-02-08 21:00:00,29,103,0.0,0.0,0.0,0.5280666666666667,28.917,6.0,5,19.93736940407484,,0.0,0.0,0.0,0.0,46.23831499171706,optimal
2021-02-08 21:30:00,29,103,0.0,0.0,0.0,0.4011,15.876,6.0,5,19.875489177838208,,0.0,0.0,0.0,0.0,46.19207667672534,optimal
2021-02-08 22:00:00,29,103,0.0,0.0,0.0,0.3126666666666667,12.348,6.0,5,19.812385854329403,,0.0,0.0,0.0,0.0,46.14588460004862,optimal
2021-02-08 22:30:00,29,103,0.0398095238095238,0.0,0.0,0.5033,12.1275,6.0,5,19.746743718422607,,0.0,0.0,139.33333333333331,0.0,46.09973871544857,optimal
2021-02-08 23:00:00,29,103,0.0,0.0,0.0,0.2580666666666666,12.348,6.0,5,19.68453359437165,,0.0,0.0,0.0,0.0,46.05363897673312,optimal
2021-02-08 23:30:00,29,103,0.0,0.0,0.0,0.0576666666666666,12.1275,6.0,5,19.610964630985944,,0.0,0.0,0.0,0.0,46.00758533775639,optimal
2021-02-09 00:00:00,29,103,2.0,0.0,0.0,0.0575333333333333,11.823,6.0,-3,19.610964630985944,,6721.333333333333,0.0,278.66666666666663,0.0,45.96157775241864,optimal
2021-02-09 00:30:00,29,103,2.0,0.0,0.0,0.05,11.7705,6.0,-3,19.67266426291836,,0.0,0.0,7000.0,0.0,45.91561617466621,optimal
2021-02-09 01:00:00,29,103,2.0,0.0,0.0,0.4318999999999999,11.13,6.0,-3,19.59615628919832,,151.0215374795971,0.0,6848.978462520403,0.0,45.86970055849154,optimal
2021-02-09 01:30:00,29,103,2.0,0.0,0.0,0.0720666666666666,11.6865,6.0,-3,19.533924405842686,,7000.0,0.0,0.0,0.0,45.82383085793305,optimal
2021-02-09 02:00:00,29,103,2.0,0.0,0.7861423465380307,0.3008333333333333,10.7205,6.0,-3,19.6056497156292,,7000.0,0.0,0.0,0.0,46.15142464168068,optimal
2021-02-09 02:30:00,29,103,2.0,0.0,0.0,0.1837333333333333,11.424,6.0,-3,19.68114565696424,,7000.0,0.0,0.0,0.0,46.10527321703899,optimal
2021-02-09 03:00:00,29,103,2.0,0.0,5.0,0.1346333333333333,10.689,6.0,-3,19.75476962560916,,7000.0,0.0,0.0,0.0,48.434167943821954,optimal
2021-02-09 03:30:00,29,103,2.0,0.0,0.0,0.1974666666666666,11.361,6.0,-3,19.827151101140657,,7000.0,0.0,0.0,0.0,48.38573377587813,optimal
2021-02-09 04:00:00,29,103,2.0,0.0,0.0,0.4793,11.571,6.0,-3,19.90108930088813,,7000.0,0.0,0.0,0.0,48.33734804210225,optimal
2021-02-09 04:30:00,29,103,2.0,0.0,0.0,0.2477333333333333,14.3745,6.0,-3,19.98268949923521,,7000.0,0.0,0.0,0.0,48.28901069406015,optimal
2021-02-09 05:00:00,29,103,2.0,0.0,0.0,0.1827333333333333,13.23,6.0,-3,20.055597894326933,,7000.0,0.0,0.0,0.0,48.24072168336608,optimal
2021-02-09 05:30:00,29,103,2.0,0.0,0.0,1.1189333333333331,13.9755,6.0,-3,20.12704122902404,,7000.0,0.0,0.0,0.0,48.19248096168271,optimal
2021-02-09 06:00:00,29,103,0.260369147792661,0.0,0.0,0.0660666666666666,14.994,6.0,-3,20.20203260032192,,911.2920172743136,0.0,0.0,0.0,48.144288480721016,optimal
2021-02-09 06:30:00,29,103,2.0,0.0,0.0,0.2308666666666666,13.671,6.0,-3,20.143415284043027,,7000.0,0.0,0.0,0.0,48.096144192240295,optimal
2021-02-09 07:00:00,29,103,0.0,0.0,0.0,0.2437,15.981,6.0,-3,20.219154970304405,,0.0,0.0,0.0,0.0,48.048048048048045,optimal
2021-02-09 07:30:00,29,103,0.0,0.0,0.0,0.0864,15.6345,6.0,-3,20.14644720567336,,0.0,0.0,0.0,0.0,48.0,optimal
2021-02-09 08:00:00,29,103,0.0,0.0,0.0,0.2638666666666667,16.5375,6.0,-3,20.073109011679566,,0.0,0.0,0.0,0.0,47.3792352802101,optimal
2021-02-09 08:30:00,29,103,2.0,0.0,0.0,0.0934,14.7735,6.0,-3,20.0,,7000.0,0.0,0.0,0.0,46.759091325139984,optimal
2021-02-09 09:00:00,29,103,0.1181296063482306,0.0,0.0,0.075,15.2145,6.0,-3,20.07017865943872,,413.4536222188072,0.0,0.0,0.0,46.13956751402494,optimal
2021-02-09 09:30:00,29,103,1.3584106678564047,0.0,0.0,0.3452333333333333,14.553,6.0,-3,20.0,,4754.437337497417,0.0,0.0,0.0,45.52066322672101,optimal
2021-02-09 10:00:00,29,103,2.0,0.0,0.0,1.1564333333333334,14.3325,6.0,-3,20.02482308369221,,7000.0,0.0,0.0,0.0,44.90237784370439,optimal
2021-02-09 10:30:00,29,103,2.0,0.0,0.0,0.0705,14.595,6.0,-3,20.10233886531884,,7000.0,0.0,0.0,0.0,44.28471074607079,optimal
2021-02-09 11:00:00,29,103,0.0,0.0,0.0,0.4145666666666666,14.994,6.0,-3,20.17027130081477,,0.0,0.0,0.0,0.0,43.667661315534815,optimal
2021-02-09 11:30:00,29,103,2.0,0.0,0.0,0.2437,14.3325,6.0,-3,20.09866700493519,,7000.0,0.0,0.0,0.0,43.05122893442938,optimal
2021-02-09 12:00:00,29,103,2.0,0.0,0.0,0.345,13.8915,6.0,-3,20.170752952195723,,7000.0,0.0,0.0,0.0,42.43541298570505,optimal
2021-02-09 12:30:00,29,103,2.0,0.0,0.0,0.1693,13.8915,6.0,-3,20.241762666499096,,7000.0,0.0,0.0,0.0,41.82021285292944,optimal
2021-02-09 13:00:00,29,103,2.0,0.0,0.0,0.0967666666666666,13.4715,6.0,-3,20.30955631144341,,7000.0,0.0,0.0,0.0,41.20562792028661,optimal
2021-02-09 13:30:00,29,103,2.0,0.0,0.0,0.1629,13.23,6.0,-3,20.377520051261,,7000.0,0.0,0.0,0.0,40.59165757257642,optimal
2021-02-09 14:00:00,29,103,2.0,0.0,0.0,0.1776,13.8915,6.0,-3,20.448480885439466,,7000.0,0.0,0.0,0.0,39.978301195213945,optimal
2021-02-09 14:30:00,29,103,0.0,0.0,0.0,0.061,26.9325,6.0,-3,20.516476371507256,,0.0,0.0,0.0,0.0,39.36555817422883,optimal
2021-02-09 15:00:00,29,103,0.0,0.0,0.0,0.061,30.303,6.0,-3,20.42938936710789,,0.0,0.0,0.0,0.0,38.7534278962647,optimal
2021-02-09 15:30:00,29,103,0.0,0.0,0.0,0.2318666666666666,32.886,6.0,-3,20.34247061327189,,0.0,0.0,0.0,0.0,38.14190974857853,optimal
2021-02-09 16:00:00,29,103,0.0,0.0,0.0,1.0428,34.9965,6.0,-3,20.259542995265843,,0.0,0.0,0.0,0.0,37.53100311904005,optimal
2021-02-09 16:30:00,29,103,0.0,0.0,0.0,1.6868333333333332,33.327,6.0,-3,20.19490268194453,,0.0,0.0,0.0,0.0,36.9207073961311,optimal
2021-02-09 17:00:00,29,103,0.0,0.0,0.0,0.4037666666666666,31.122,6.0,-3,20.1315628512428,,0.0,0.0,0.0,0.0,36.31102196894507,optimal
2021-02-09 17:30:00,29,103,0.0,0.0,0.0,0.3927,17.9025,6.0,-3,20.06683114827944,,0.0,0.0,0.0,0.0,35.70194622718623,optimal
2021-02-09 18:00:00,29,103,0.846783804463931,0.0,0.0,0.5136666666666666,15.6555,6.0,-3,20.0,,2963.7433156237585,0.0,0.0,0.0,35.09347956116914,optimal
2021-02-09 18:30:00,29,103,0.937381206401554,0.0,0.0,0.1672666666666666,14.553,6.0,-3,20.0,,3280.834222405439,0.0,0.0,0.0,34.48562136181807,optimal
2021-02-09 19:00:00,29,103,0.939388132148696,0.0,0.0,0.122,14.3325,6.0,-3,20.0,,3287.858462520436,0.0,0.0,0.0,33.87837102066635,optimal
2021-02-09 19:30:00,29,103,2.0,0.0,0.0,1.3948333333333331,13.335,6.0,-3,20.0,,2805.311795853739,0.0,4194.688204146261,0.0,33.27172792985578,optimal
2021-02-09 20:00:00,29,103,1.0557309892915288,0.0,0.0,0.3251333333333333,12.1275,6.0,-3,20.0,,2789.391795853684,0.0,905.6666666666666,0.0,33.23845620192592,optimal
2021-02-09 20:30:00,29,103,0.0,0.0,0.0,0.2111333333333333,12.2955,6.0,-3,20.0,,0.0,0.0,0.0,0.0,33.20521774572399,optimal
2021-02-09 21:00:00,29,103,0.0199047619047619,0.0,0.0,0.4139666666666666,11.6865,6.0,-3,19.93811299426953,,0.0,0.0,69.66666666666666,0.0,33.17201252797827,optimal
2021-02-09 21:30:00,29,103,0.0,0.0,0.0,0.173,11.466,6.0,-3,19.874133986461533,,0.0,0.0,0.0,0.0,33.13884051545029,optimal
2021-02-09 22:00:00,29,103,0.0,0.0,0.0,0.2914,10.8045,6.0,-3,19.80587231687783,,0.0,0.0,0.0,0.0,33.10570167493484,optimal
2021-02-09 22:30:00,29,103,0.0199047619047619,0.0,0.0,0.3148,10.584,6.0,-3,19.740806977443853,,0.0,0.0,69.66666666666666,0.0,33.07259597325991,optimal
2021-02-09 23:00:00,29,103,0.0,0.0,0.0,0.2810333333333333,11.2455,6.0,-3,19.675668628095497,,0.0,0.0,0.0,0.0,33.03952337728665,optimal
2021-02-09 23:30:00,29,103,0.0,0.0,0.0,0.1538666666666666,12.1275,6.0,-3,19.603346070617302,,0.0,0.0,0.0,0.0,33.006483853909366,optimal
2021-02-10 00:00:00,29,103,0.0,0.0,0.0,0.064,17.4195,6.0,7,19.603346070617302,,0.0,0.0,0.0,0.0,32.973477370055456,optimal
2021-02-10 00:30:00,29,103,0.0,0.0,0.0,0.1990333333333333,16.758,6.0,7,19.522562625565826,,0.0,0.0,0.0,0.0,32.9405038926854,optimal
2021-02-10 01:00:00,29,103,2.0,0.0,0.0,0.0955666666666666,14.217,6.0,7,19.44453450783455,,0.0,0.0,7000.0,0.0,32.90756338879272,optimal
2021-02-10 01:30:00,29,103,2.0,0.0,0.0,0.1431333333333333,13.3665,6.0,7,19.3640602918524,,3410.6666666666665,0.0,3589.333333333333,0.0,32.87465582540393,optimal
2021-02-10 02:00:00,29,103,2.0,0.0,0.0,0.3001999999999999,12.789,6.0,7,19.35642101799538,,7000.0,0.0,0.0,0.0,32.841781169578525,optimal
2021-02-10 02:30:00,29,103,2.0,0.0,0.0,0.064,11.907,6.0,7,19.42726808145344,,7000.0,0.0,0.0,0.0,32.808939388408945,optimal
2021-02-10 03:00:00,29,103,2.0,0.0,0.0,0.2776,11.7075,6.0,7,19.49282162793264,,7000.0,0.0,0.0,0.0,32.776130449020535,optimal
2021-02-10 03:30:00,29,103,2.0,0.0,5.0,0.1637333333333333,10.8045,6.0,7,19.5625741458731,,7000.0,0.0,0.0,0.0,35.11835431857151,optimal
2021-02-10 04:00:00,29,103,2.0,0.0,0.0,0.1025666666666666,11.508,6.0,7,19.62961327899588,,7000.0,0.0,0.0,0.0,35.08323596425294,optimal
2021-02-10 04:30:00,29,103,2.0,0.0,2.7802248430183933,0.2983666666666666,11.508,6.0,7,19.695060693558755,,7000.0,0.0,0.0,0.0,36.36875952872242,optimal
2021-02-10 05:00:00,29,103,2.0,0.0,5.0,0.1044,11.508,6.0,7,19.763879195530656,,7000.0,0.0,0.0,0.0,38.7073907691937,optimal
2021-02-10 05:30:00,29,103,2.0,0.0,0.0,0.1705,11.844,6.0,7,19.82784874407345,,7000.0,0.0,0.0,0.0,38.6686833784245,optimal
2021-02-10 06:00:00,29,103,2.0,0.0,5.0,0.2728,11.508,6.0,7,19.8930763085682,,7000.0,0.0,0.0,0.0,41.00501469504607,optimal
2021-02-10 06:30:00,29,103,2.0,0.0,5.0,0.0753666666666666,11.508,6.0,7,19.96233904570797,,7000.0,0.0,0.0,0.0,43.33900968035103,optimal
2021-02-10 07:00:00,29,103,2.0,0.0,5.0,0.1704666666666666,10.4475,6.0,7,20.030522792279257,,7000.0,0.0,0.0,0.0,45.670670670670674,optimal
2021-02-10 07:30:00,29,103,2.0,0.0,5.0,0.2868666666666666,10.8675,6.0,7,20.103008717474523,,7000.0,0.0,0.0,0.0,48.0,optimal
2021-02-10 08:00:00,29,103,2.0,0.0,0.0,0.083,10.542,6.0,7,20.179626187018524,,7000.0,0.0,0.0,0.0,47.88245168990776,optimal
2021-02-10 08:30:00,29,103,2.0,0.0,0.0,1.6887333333333332,11.025,6.0,7,20.246826658667835,,7000.0,0.0,0.0,0.0,47.7650209281256,optimal
2021-02-10 09:00:00,29,103,2.0,0.0,0.0,0.2757333333333333,11.025,6.0,7,20.33494604991049,,7000.0,0.0,0.0,0.0,47.64770759710523,optimal
2021-02-10 09:30:00,29,103,2.0,0.0,0.0,0.1326,14.553,6.0,7,20.40131290463044,,7000.0,0.0,0.0,0.0,47.53051157941588,optimal
2021-02-10 10:00:00,29,103,2.0,0.0,0.0,0.072,13.0935,6.0,7,20.46519019723368,,7000.0,0.0,0.0,0.0,47.41343275774422,optimal
2021-02-10 10:30:00,29,103,2.0,0.0,0.0,0.4048,15.6345,6.0,7,20.52593385469121,,7000.0,0.0,0.0,0.0,47.29647101489423,optimal
2021-02-10 11:00:00,29,103,0.0,0.0,0.0,0.0928666666666666,18.102,6.0,7,20.593933645924523,,0.0,0.0,0.0,0.0,47.17962623378709,optimal
2021-02-10 11:30:00,29,103,0.0,0.0,0.0,0.183,17.199,6.0,7,20.50684958915204,,0.0,0.0,0.0,0.0,47.06289829746106,optimal
2021-02-10 12:00:00,29,103,0.0,0.0,0.0,0.1336999999999999,18.2805,6.0,7,20.420364475229537,,0.0,0.0,0.0,0.0,46.94628708907136,optimal
2021-02-10 12:30:00,29,103,0.0,0.0,0.0,0.1043,17.4615,6.0,7,20.33368760178076,,0.0,0.0,0.0,0.0,46.82979249189004,optimal
2021-02-10 13:00:00,29,103,0.0,0.0,0.0,0.1753666666666666,18.3225,6.0,7,20.24678507182337,,0.0,0.0,0.0,0.0,46.7134143893059,optimal
2021-02-10 13:30:00,29,103,0.0,0.0,0.0,0.1312333333333333,17.094,6.0,7,20.161772773099013,,0.0,0.0,0.0,0.0,46.59715266482435,optimal
2021-02-10 14:00:00,29,103,0.3211741595297771,0.0,0.0,0.2581333333333333,17.094,6.0,7,20.07712446010361,,1124.10955835422,0.0,0.0,0.0,46.48100720206728,optimal
2021-02-10 14:30:00,29,103,2.0,0.0,0.0,0.1426,17.094,6.0,7,20.02010176735912,,7000.0,0.0,0.0,0.0,46.36497788477297,optimal
2021-02-10 15:00:00,29,103,0.0,0.0,0.0,0.074,17.3565,6.0,7,20.084595634741923,,0.0,0.0,0.0,0.0,46.249064596795954,optimal
2021-02-10 15:30:00,29,103,1.984825250834179,0.0,0.0,0.4055333333333333,17.115,6.0,7,20.0,,6946.888377919627,0.0,0.0,0.0,46.13326722210692,optimal
2021-02-10 16:00:00,29,103,0.0,0.0,0.0,0.3898,17.241,6.0,7,20.072670074131352,,0.0,0.0,0.0,0.0,46.01758564479256,optimal
2021-02-10 16:30:00,29,103,1.2869034196309652,0.0,0.0,0.328,17.094,6.0,7,20.0,,4504.161968708378,0.0,0.0,0.0,45.902019749055526,optimal
2021-02-10 17:00:00,29,103,2.0,0.0,0.0,0.4944333333333333,16.5165,6.0,7,20.020693265076897,,7000.0,0.0,0.0,0.0,45.786569419214224,optimal
2021-02-10 17:30:00,29,103,0.0,0.0,0.0,0.2909666666666666,17.8185,6.0,7,20.09753305882727,,0.0,0.0,0.0,0.0,45.671234539702766,optimal
2021-02-10 18:00:00,29,103,2.0,0.0,0.0,0.5992000000000001,17.094,6.0,7,20.028232830136133,,7000.0,0.0,0.0,0.0,45.55601499507082,optimal
2021-02-10 18:30:00,29,103,2.0,0.0,0.0,0.5546666666666666,16.8945,6.0,7,20.11390733821812,,7000.0,0.0,0.0,0.0,45.4409106699835,optimal
2021-02-10 19:00:00,29,103,0.0,0.0,0.0,0.7697,18.123,6.0,7,20.19497874862226,,0.0,0.0,0.0,0.0,45.32592144922128,optimal
2021-02-10 19:30:00,29,103,0.0,0.0,0.0,0.5177,31.647,6.0,7,20.13150448429804,,0.0,0.0,0.0,0.0,45.28059552777206,optimal
2021-02-10 20:00:00,29,103,0.0,0.0,0.0,0.7106333333333333,34.9965,6.0,7,20.06360684590981,,0.0,0.0,0.0,0.0,45.235314932244286,optimal
2021-02-10 20:30:00,29,103,0.0,0.0,0.0,1.9758666666666664,34.9965,6.0,7,20.0,,0.0,0.0,0.0,0.0,45.19007961731205,optimal
2021-02-10 21:00:00,29,103,0.0,0.0,0.0,0.4531333333333333,34.9965,6.0,7,19.94925760172764,,0.0,0.0,0.0,0.0,45.14488953769473,optimal
2021-02-10 21:30:00,29,103,0.0,0.0,0.0,0.4732666666666666,34.9965,6.0,7,19.875432448900103,,0.0,0.0,0.0,0.0,45.09974464815704,optimal
2021-02-10 22:00:00,29,103,0.0,0.0,0.0,0.317,34.9965,6.0,7,19.79439290183233,,0.0,0.0,0.0,0.0,45.05464490350888,optimal
2021-02-10 22:30:00,29,103,0.0,0.0,0.0,0.2602666666666666,27.741,6.0,7,19.703200775720425,,0.0,0.0,0.0,0.0,45.00959025860537,optimal
2021-02-10 23:00:00,29,103,0.0,0.0,0.0,0.2010666666666666,19.026,6.0,7,19.60751174549742,,0.0,0.0,0.0,0.0,44.96458066834676,optimal
2021-02-10 23:30:00,29,103,0.0,0.0,0.0,0.1828666666666666,18.7215,6.0,7,19.509876471209544,,0.0,0.0,0.0,0.0,44.91961608767841,optimal
2021-02-11 00:00:00,29,103,2.0,0.0,0.0,0.059,11.6865,6.0,-2,19.509876471209544,,7000.0,0.0,0.0,0.0,44.87469647159074,optimal
2021-02-11 00:30:00,29,103,2.0,0.0,0.0,0.0785,11.2245,6.0,-2,19.561740735512824,,3586.333333333334,0.0,3413.666666666666,0.0,44.82982177511915,optimal
2021-02-11 01:00:00,29,103,2.0,0.0,0.0,0.1098333333333333,11.025,6.0,-2,19.54070408317405,,7000.0,0.0,0.0,0.0,44.78499195334403,optimal
2021-02-11 01:30:00,29,103,2.0,0.0,0.0,0.06,10.7835,6.0,-2,19.590837847213773,,7000.0,0.0,0.0,0.0,44.74020696139069,optimal
2021-02-11 02:00:00,29,103,2.0,0.0,0.0,0.2117,11.025,6.0,-2,19.63969515827927,,7000.0,0.0,0.0,0.0,44.6954667544293,optimal
2021-02-11 02:30:00,29,103,2.0,0.0,3.1592702189596062,0.1502,10.584,6.0,-2,19.69329240034265,,7000.0,0.0,0.0,0.0,46.15142464168068,optimal
2021-02-11 03:00:00,29,103,2.0,0.0,0.0,0.3168,11.025,6.0,-2,19.747215870259254,,7000.0,0.0,0.0,0.0,46.10527321703899,optimal
2021-02-11 03:30:00,29,103,2.0,0.0,5.0,0.1416666666666666,10.4265,6.0,-2,19.804249056989985,,7000.0,0.0,0.0,0.0,48.434167943821954,optimal
2021-02-11 04:00:00,29,103,2.0,0.0,0.0,0.1066666666666666,12.789,6.0,-2,19.854084139868416,,7000.0,0.0,0.0,0.0,48.38573377587813,optimal
2021-02-11 04:30:00,29,103,2.0,0.0,0.0,0.0906666666666666,12.684,6.0,-2,19.90409054321033,,7000.0,0.0,0.0,0.0,48.33734804210225,optimal
2021-02-11 05:00:00,29,103,2.0,0.0,0.0,0.2266666666666666,16.254,6.0,-2,19.953533276837323,,7000.0,0.0,0.0,0.0,48.28901069406015,optimal
2021-02-11 05:30:00,29,103,2.0,0.0,0.0,0.06,17.64,6.0,-2,20.00561455992713,,7000.0,0.0,0.0,0.0,48.24072168336608,optimal
2021-02-11 06:00:00,29,103,2.0,0.0,0.0,0.2073333333333333,19.1625,6.0,-2,20.05508533615432,,7000.0,0.0,0.0,0.0,48.19248096168271,optimal
2021-02-11 06:30:00,29,103,0.1193762626122243,0.0,0.0,0.11,26.46,6.0,-2,20.10856727661263,,417.81691914278537,0.0,0.0,0.0,48.144288480721016,optimal
2021-02-11 07:00:00,29,103,2.0,0.0,0.0,0.2401333333333333,20.79,6.0,-2,20.02233421268326,,7000.0,0.0,0.0,0.0,48.096144192240295,optimal
2021-02-11 07:30:00,29,103,0.0,0.0,0.0,1.5163,29.106,6.0,-2,20.07880017398688,,0.0,0.0,0.0,0.0,48.048048048048045,optimal
2021-02-11 08:00:00,29,103,2.0,0.0,0.0,0.3666,19.1835,6.0,-2,20.0,,6442.666666666667,0.0,557.3333333333333,0.0,48.0,optimal
2021-02-11 08:30:00,29,103,0.3844614108795319,0.0,0.0,0.1981333333333333,19.6665,6.0,-2,20.05613108197932,,1345.6149380783618,0.0,0.0,0.0,47.44317135489602,optimal
2021-02-11 09:00:00,29,103,1.2767504107183227,0.0,0.0,0.2806666666666667,19.404,6.0,-2,20.0,,3980.959770847463,0.0,487.6666666666667,0.0,46.88689953843715,optimal
2021-02-11 09:30:00,29,103,0.9393980079927068,0.0,0.0,1.3645666666666667,19.047,6.0,-2,20.0,,3287.8930279744736,0.0,0.0,0.0,46.33118399379474,optimal
2021-02-11 10:00:00,29,103,2.0,0.0,0.0,0.3300666666666667,18.858,6.0,-2,20.0,,6176.602531864549,0.0,823.3974681354512,0.0,45.77602416469697,optimal
2021-02-11 10:30:00,29,103,0.0,0.0,0.0,1.766733333333333,19.2675,6.0,-2,20.06205778855708,,0.0,0.0,0.0,0.0,45.2214194954283,optimal
2021-02-11 11:00:00,29,103,1.899321115863722,0.0,0.0,0.6767000000000001,18.963,6.0,-2,20.0,,4196.688040325145,0.0,2450.9358651978823,0.0,44.6673694308289,optimal
2021-02-11 11:30:00,29,103,2.0,0.0,0.0,0.3754333333333333,18.438,6.0,-2,20.013613376935936,,7000.0,0.0,0.0,0.0,44.1138734162941,optimal
2021-02-11 12:00:00,29,103,2.0,0.0,0.0,0.3596666666666667,18.7425,6.0,-2,20.088602750133656,,7000.0,0.0,0.0,0.0,43.56093089777383,optimal
2021-02-11 12:30:00,29,103,2.0,0.0,0.0,0.4747333333333333,15.2145,6.0,-2,20.166539217945186,,7000.0,0.0,0.0,0.0,43.00854132177208,optimal
2021-02-11 13:00:00,29,103,2.0,0.0,0.0,1.902766666666667,17.7765,6.0,-2,20.24591178075408,,7000.0,0.0,0.0,0.0,42.45670413534633,optimal
2021-02-11 13:30:00,29,103,2.0,0.0,0.0,2.307,16.758,6.0,-2,20.331996311987936,,7000.0,0.0,0.0,0.0,41.905418786107006,optimal
2021-02-11 14:00:00,29,103,2.0,0.0,0.0,0.7152666666666666,16.422,6.0,-2,20.418763556959465,,7000.0,0.0,0.0,0.0,41.35468472221692,optimal
2021-02-11 14:30:00,29,103,2.0,0.0,0.0,0.2446666666666666,16.758,6.0,-2,20.49587537002738,,7000.0,0.0,0.0,0.0,40.80450139239073,optimal
2021-02-11 15:00:00,29,103,0.0,0.0,0.0,0.3067333333333333,29.358,6.0,-2,20.568141749280223,,0.0,0.0,0.0,0.0,40.254868245894365,optimal
2021-02-11 15:30:00,29,103,0.0,0.0,0.0,0.2563333333333333,34.9965,6.0,-2,20.492078431981565,,0.0,0.0,0.0,0.0,39.705784732544494,optimal
2021-02-11 16:00:00,29,103,0.0,0.0,0.0,0.267,34.65,6.0,-2,20.412638986920417,,0.0,0.0,0.0,0.0,39.15725030270797,optimal
2021-02-11 16:30:00,29,103,0.0,0.0,0.0,0.163,34.9965,6.0,-2,20.33224689531685,,0.0,0.0,0.0,0.0,38.60926440730129,optimal
2021-02-11 17:00:00,29,103,0.0,0.0,0.0,0.1669333333333333,34.9965,6.0,-2,20.24542310504528,,0.0,0.0,0.0,0.0,38.061826497790015,optimal
2021-02-11 17:30:00,29,103,0.0,0.0,0.0,0.1748,30.4815,6.0,-2,20.15895116659276,,0.0,0.0,0.0,0.0,37.51493602618825,optimal
2021-02-11 18:00:00,29,103,0.0,0.0,0.0,1.185,21.4305,6.0,-2,20.07439034227666,,0.0,0.0,0.0,0.0,36.968592445058086,optimal
2021-02-11 18:30:00,29,103,1.1765533935930423,0.0,0.0,1.1287333333333331,14.3325,6.0,-2,20.0,,4117.936877575648,0.0,0.0,0.0,36.422795207509054,optimal
2021-02-11 19:00:00,29,103,2.0,0.0,0.0,0.3213333333333333,13.692,6.0,-2,20.0,,6373.0,0.0,627.0,0.0,36.38637241230155,optimal
2021-02-11 19:30:00,29,103,0.6469243540799154,0.0,0.0,0.6174333333333333,14.007,6.0,-2,20.041822989622027,,2264.2352392797043,0.0,0.0,0.0,36.349986039889245,optimal
2021-02-11 20:00:00,29,103,1.3598673653168811,0.0,0.0,0.589,12.873,6.0,-2,20.0,,4411.202445275752,0.0,348.3333333333333,0.0,36.31363605384936,optimal
2021-02-11 20:30:00,29,103,0.0796190476190476,0.0,0.0,0.3931,12.684,6.0,-2,20.0,,0.0,0.0,278.66666666666663,0.0,36.27732241779551,optimal
2021-02-11 21:00:00,29,103,0.0398095238095238,0.0,0.0,0.4704,12.306,6.0,-2,19.907536976399182,,0.0,0.0,139.33333333333331,0.0,36.241045095377714,optimal
2021-02-11 21:30:00,29,103,0.398095238095238,0.0,0.0,0.7872666666666667,10.6365,6.0,-2,19.81956888931896,,0.0,0.0,1393.3333333333333,0.0,36.204804050282334,optimal
2021-02-11 22:00:00,29,103,0.0,0.0,0.0,0.4725333333333333,11.2455,6.0,-2,19.741424791354103,,0.0,0.0,0.0,0.0,36.16859924623205,optimal
2021-02-11 22:30:00,29,103,0.0,0.0,0.0,0.4820666666666666,11.2455,6.0,-2,19.656532035650468,,0.0,0.0,0.0,0.0,36.13243064698582,optimal
2021-02-11 23:00:00,29,103,0.0,0.0,0.0,0.4688333333333333,11.025,6.0,-2,19.565552622459983,,0.0,0.0,0.0,0.0,36.09629821633883,optimal
2021-02-11 23:30:00,29,103,0.0,0.0,0.0,0.5357999999999999,12.0855,6.0,-2,19.47237621316976,,0.0,0.0,0.0,0.0,36.060201918122495,optimal
2021-02-12 00:00:00,29,103,2.0,0.0,0.0,3.502333333333333,10.668,6.0,5,19.47237621316976,,7000.0,0.0,0.0,0.0,36.02414171620437,optimal
2021-02-12 00:30:00,29,103,2.0,0.0,0.0,0.046,11.7285,6.0,5,19.51862071836416,,5537.0,0.0,1463.0,0.0,35.988117574488165,optimal
2021-02-12 01:00:00,29,103,2.0,0.0,0.0,0.046,11.025,6.0,5,19.52128106161592,,7000.0,0.0,0.0,0.0,35.952129456913674,optimal
2021-02-12 01:30:00,29,103,2.0,0.0,0.0,0.046,10.689,6.0,5,19.554726082359377,,7000.0,0.0,0.0,0.0,35.91617732745676,optimal
2021-02-12 02:00:00,29,103,2.0,0.0,5.0,0.046,8.1585,6.0,5,19.58847304193253,,7000.0,0.0,0.0,0.0,38.2552611501293,optimal
2021-02-12 02:30:00,29,103,2.0,0.0,0.0,0.046,10.3635,6.0,5,19.622520570534693,,7000.0,0.0,0.0,0.0,38.21700588897917,optimal
2021-02-12 03:00:00,29,103,2.0,0.0,0.0,0.046,10.8045,6.0,5,19.657774641139653,,7000.0,0.0,0.0,0.0,38.17878888309019,optimal
2021-02-12 03:30:00,29,103,2.0,0.0,0.0,0.046,11.025,6.0,5,19.694229780049064,,7000.0,0.0,0.0,0.0,38.14061009420711,optimal
2021-02-12 04:00:00,29,103,2.0,0.0,1.4618671774795788,0.046,10.3635,6.0,5,19.733695211517293,,7000.0,0.0,0.0,0.0,38.796856393415695,optimal
2021-02-12 04:30:00,29,103,2.0,0.0,0.0,0.046,10.8045,6.0,5,19.77615727880187,,7000.0,0.0,0.0,0.0,38.75805953702228,optimal
2021-02-12 05:00:00,29,103,2.0,0.0,5.0,0.046,10.059,6.0,5,19.82160238711662,,7000.0,0.0,0.0,0.0,41.09430147748525,optimal
2021-02-12 05:30:00,29,103,2.0,0.0,0.0,1.9236333333333329,10.584,6.0,5,19.87001700335061,,7000.0,0.0,0.0,0.0,41.05320717600776,optimal
2021-02-12 06:00:00,29,103,2.0,0.0,5.0,0.046,9.4185,6.0,5,19.92733891873995,,7000.0,0.0,0.0,0.0,43.38715396883175,optimal
2021-02-12 06:30:00,29,103,2.0,0.0,5.0,1.2609,10.3635,6.0,5,19.98253253435068,,7000.0,0.0,0.0,0.0,45.71876681486292,optimal
2021-02-12 07:00:00,29,103,2.0,0.0,5.0,1.0391,9.8385,6.0,5,20.042770103926664,,7000.0,0.0,0.0,0.0,48.048048048048045,optimal
2021-02-12 07:30:00,29,103,2.0,0.0,0.0,0.044,11.067,6.0,5,20.108025166079365,,7000.0,0.0,0.0,0.0,48.0,optimal
2021-02-12 08:00:00,29,103,2.0,0.0,0.0,0.044,10.8465,6.0,5,20.168362772929544,,7000.0,0.0,0.0,0.0,47.63203216144399,optimal
2021-02-12 08:30:00,29,103,2.0,0.0,0.0,0.046,13.671,6.0,5,20.226555328919552,,7000.0,0.0,0.0,0.0,47.26443229072653,optimal
2021-02-12 09:00:00,29,103,2.0,0.0,0.0,0.0476666666666666,12.348,6.0,5,20.26515252858646,,7000.0,0.0,0.0,0.0,46.8972000198798,optimal
2021-02-12 09:30:00,29,103,0.0,0.0,0.0,0.0543333333333333,14.3325,6.0,5,20.30266728993724,,0.0,0.0,0.0,0.0,46.53033498130391,optimal
2021-02-12 10:00:00,29,103,0.0,0.0,0.0,0.046,15.393,6.0,5,20.202639706211084,,0.0,0.0,0.0,0.0,46.16383680776659,optimal
2021-02-12 10:30:00,29,103,2.0,0.0,0.0,0.046,13.587,6.0,5,20.11304662021427,,7000.0,0.0,0.0,0.0,45.79770513240282,optimal
2021-02-12 11:00:00,29,103,0.0,0.0,0.0,0.046,16.1385,6.0,5,20.173027517416,,0.0,0.0,0.0,0.0,45.43193958871441,optimal
2021-02-12 11:30:00,29,103,0.0,0.0,0.0,0.046,14.595,6.0,5,20.08719812057931,,0.0,0.0,0.0,0.0,45.06653981056968,optimal
2021-02-12 12:00:00,29,103,1.1213196176382452,0.0,0.0,0.046,14.637,6.0,5,20.00198493863108,,3924.618661733858,0.0,0.0,0.0,44.7015054322031,optimal
2021-02-12 12:30:00,29,103,1.145059903607733,0.0,0.0,0.046,13.9125,6.0,5,20.0,,4007.709662627065,0.0,0.0,0.0,44.33683608821489,optimal
2021-02-12 13:00:00,29,103,1.4510789054050732,0.0,0.0,0.0553333333333333,13.3665,6.0,5,20.0,,5078.776168917757,0.0,0.0,0.0,43.97253141357066,optimal
2021-02-12 13:30:00,29,103,2.0,0.0,0.0,0.056,13.0095,6.0,5,20.02277322084633,,7000.0,0.0,0.0,0.0,43.60859104360108,optimal
2021-02-12 14:00:00,29,103,0.0,0.0,0.0,0.056,13.8915,6.0,5,20.085432003670714,,0.0,0.0,0.0,0.0,43.24501461400147,optimal
2021-02-12 14:30:00,29,103,1.1268729016408174,0.0,0.0,0.0735333333333333,13.188,6.0,5,20.0,,3944.0551557428607,0.0,0.0,0.0,42.88180176083146,optimal
2021-02-12 15:00:00,29,103,0.984316204156493,0.0,0.0,2.3107333333333333,12.5685,6.0,5,20.0,,3445.106714547725,0.0,0.0,0.0,42.51895212051461,optimal
2021-02-12 15:30:00,29,103,1.56278398905486,0.0,0.0,0.1734666666666666,12.285,6.0,5,20.0,,3230.680660869441,0.0,2239.0633008225686,0.0,42.156465329838085,optimal
2021-02-12 16:00:00,29,103,2.0,0.0,0.0,1.7641,11.487,6.0,5,20.0,,2729.608038611568,0.0,4270.391961388432,0.0,41.79434102595224,optimal
2021-02-12 16:30:00,29,103,2.0,0.0,0.0,0.358,11.802,6.0,5,20.0,,2898.24926458847,0.0,4101.75073541153,0.0,41.43257884637027,optimal
2021-02-12 17:00:00,29,103,2.0,0.0,0.0,2.958833333333333,11.2245,6.0,5,20.0,,5419.539330955865,0.0,1580.460669044135,0.0,41.07117842896789,optimal
2021-02-12 17:30:00,29,103,2.0,0.0,0.0,1.2923333333333331,11.025,6.0,5,20.06143734308597,,7000.0,0.0,0.0,0.0,40.71013941198292,optimal
2021-02-12 18:00:00,29,103,2.0,0.0,0.0,2.5368666666666666,11.907,6.0,5,20.158564217005864,,7000.0,0.0,0.0,0.0,40.34946143401492,optimal
2021-02-12 18:30:00,29,103,0.0,0.0,0.0,1.7478666666666665,25.83,6.0,5,20.24198298374277,,0.0,0.0,0.0,0.0,39.9891441340249,optimal
2021-02-12 19:00:00,29,103,0.0,0.0,0.0,0.9284,28.035,6.0,5,20.190179043746053,,0.0,0.0,0.0,0.0,39.94915498989087,optimal
2021-02-12 19:30:00,29,103,0.0,0.0,0.0,0.2358,28.119,6.0,5,20.13548576918595,,0.0,0.0,0.0,0.0,39.90920583490098,optimal
2021-02-12 20:00:00,29,103,0.0,0.0,0.0,0.2854,30.156,6.0,5,20.06658337909265,,0.0,0.0,0.0,0.0,39.86929662906608,optimal
2021-02-12 20:30:00,29,103,0.0,0.0,0.0,1.1987,29.1585,6.0,5,20.0,,0.0,0.0,0.0,0.0,39.82942733243701,optimal
2021-02-12 21:00:00,29,103,0.0,0.0,0.0,2.812,26.712,6.0,5,19.94757672047959,,0.0,0.0,0.0,0.0,39.78959790510458,optimal
2021-02-12 21:30:00,29,103,0.0,0.0,0.0,0.3074333333333333,15.435,6.0,5,19.89149664972924,,0.0,0.0,0.0,0.0,39.74980830719947,optimal
2021-02-12 22:00:00,29,103,0.0,0.0,0.0,2.519333333333333,13.566,6.0,5,19.83274237448072,,0.0,0.0,0.0,0.0,39.71005849889227,optimal
2021-02-12 22:30:00,29,103,0.0,0.0,0.0,2.5457666666666667,12.789,6.0,5,19.771479694728605,,0.0,0.0,0.0,0.0,39.67034844039338,optimal
2021-02-12 23:00:00,29,103,0.0796190476190476,0.0,0.0,0.9442,12.1275,6.0,5,19.707732429137195,,0.0,0.0,278.66666666666663,0.0,39.63067809195299,optimal
2021-02-12 23:30:00,29,103,0.0,0.0,0.0,0.6131,13.671,6.0,5,19.63778985671152,,0.0,0.0,0.0,0.0,39.59104741386104,optimal
2021-02-13 00:00:00,29,103,0.0,0.0,0.0,0.3393,12.1275,6.0,8,19.63778985671152,,0.0,0.0,0.0,0.0,39.55145636644717,optimal
2021-02-13 00:30:00,29,103,0.0,0.0,0.0,0.3698666666666667,12.1275,6.0,8,19.56564443672826,,0.0,0.0,0.0,0.0,39.51190491008072,optimal
2021-02-13 01:00:00,29,103,0.0,0.0,0.0,0.3431666666666667,12.789,6.0,8,19.49957958550126,,0.0,0.0,0.0,0.0,39.472393005170645,optimal
2021-02-13 01:30:00,29,103,1.0014203958433416,0.0,0.0,0.2405,11.907,6.0,8,19.42735567416832,,0.0,0.0,3504.971385451696,0.0,39.43292061216548,optimal
2021-02-13 02:00:00,29,103,2.0,0.0,0.0,0.3964666666666666,11.025,6.0,8,19.35616339652877,,0.0,0.0,7000.0,0.0,39.39348769155331,optimal
2021-02-13 02:30:00,29,103,2.0,0.0,5.0,0.2932666666666667,8.2005,6.0,8,19.28803575186374,,2805.30471878503,0.0,4194.69528121497,0.0,41.72909420386176,optimal
2021-02-13 03:00:00,29,103,2.0,0.0,0.0,0.2867666666666666,9.5655,6.0,8,19.27644221762357,,7000.0,0.0,0.0,0.0,41.6873651096579,optimal
2021-02-13 03:30:00,29,103,2.0,0.0,5.0,0.181,7.056,6.0,8,19.352688397606325,,7000.0,0.0,0.0,0.0,44.02067774454824,optimal
2021-02-13 04:00:00,29,103,2.0,0.0,3.662589454578348,0.3951333333333333,9.3975,6.0,8,19.42571860917509,,7000.0,0.0,0.0,0.0,45.7163870577284,optimal
2021-02-13 04:30:00,29,103,2.0,0.0,0.0,0.1004666666666666,10.059,6.0,8,19.505833934438613,,7000.0,0.0,0.0,0.0,45.670670670670674,optimal
2021-02-13 05:00:00,29,103,2.0,0.0,5.0,0.2539333333333333,9.261,6.0,8,19.578631908008365,,7000.0,0.0,0.0,0.0,48.0,optimal
2021-02-13 05:30:00,29,103,2.0,0.0,0.0,0.1870333333333333,8.1585,6.0,8,19.651998089845048,,7000.0,0.0,0.0,0.0,47.83004592971052,optimal
2021-02-13 06:00:00,29,103,2.0,0.0,0.0,0.1593333333333333,9.4815,6.0,8,19.721146547833428,,7000.0,0.0,0.0,0.0,47.66026181349134,optimal
2021-02-13 06:30:00,29,103,2.0,0.0,0.0,1.1221666666666668,8.379,6.0,8,19.788242154684788,,7000.0,0.0,0.0,0.0,47.49064748138837,optimal
2021-02-13 07:00:00,29,103,2.0,0.0,0.0,1.0451,9.5235,6.0,8,19.857870422767167,,7000.0,0.0,0.0,0.0,47.32120276361751,optimal
2021-02-13 07:30:00,29,103,2.0,0.0,0.0,1.2057666666666669,8.1375,6.0,8,19.92674547126516,,7000.0,0.0,0.0,0.0,47.15192749056441,optimal
2021-02-13 08:00:00,29,103,2.0,0.0,0.0,0.3268666666666667,10.0905,6.0,8,20.0,,3373.0888549190754,0.0,3626.911145080924,0.0,46.98282149278437,optimal
2021-02-13 08:30:00,29,103,2.0,0.0,0.0,0.3494333333333333,7.539,6.0,8,20.0,,3498.079761700731,0.0,3501.920238299269,0.0,46.81388460100211,optimal
2021-02-13 09:00:00,29,103,2.0,0.0,0.0,0.4313999999999999,7.938,6.0,8,20.0,,5629.49805004686,0.0,1370.50194995314,0.0,46.64511664611163,optimal
2021-02-13 09:30:00,29,103,2.0,0.0,0.0,0.1855333333333333,8.274,6.0,8,20.045785916196586,,7000.0,0.0,0.0,0.0,46.47651745917605,optimal
2021-02-13 10:00:00,29,103,2.0,0.0,0.0,0.3246666666666666,9.261,6.0,8,20.11112934223399,,7000.0,0.0,0.0,0.0,46.30808687142739,optimal
2021-02-13 10:30:00,29,103,2.0,0.0,0.0,0.118,9.9225,6.0,8,20.17683616265692,,7000.0,0.0,0.0,0.0,46.13982471426649,optimal
2021-02-13 11:00:00,29,103,2.0,0.0,0.0,0.2386,9.702,6.0,8,20.236430259176483,,7000.0,0.0,0.0,0.0,45.971730819262746,optimal
2021-02-13 11:30:00,29,103,2.0,0.0,0.0,0.4673,10.584,6.0,8,20.29656378855911,,7000.0,0.0,0.0,0.0,45.80380501815401,optimal
2021-02-13 12:00:00,29,103,2.0,0.0,0.0,0.1337333333333333,10.143,6.0,8,20.3623505327436,,7000.0,0.0,0.0,0.0,45.63604714284638,optimal
2021-02-13 12:30:00,29,103,0.0,0.0,0.0,0.2146666666666666,13.0095,6.0,8,20.41784849213387,,0.0,0.0,0.0,0.0,45.46845702541405,optimal
2021-02-13 13:00:00,29,103,2.0,0.0,0.0,0.1613333333333333,11.025,6.0,8,20.327899168172472,,7000.0,0.0,0.0,0.0,45.30103449809916,optimal
2021-02-13 13:30:00,29,103,0.0,0.0,0.0,0.0989333333333333,12.789,6.0,8,20.38504175071293,,0.0,0.0,0.0,0.0,45.13377939331159,optimal
2021-02-13 14:00:00,29,103,0.8207562511089127,0.0,0.0,0.1933333333333332,12.1275,6.0,8,20.2937123636488,,2872.6468788811944,0.0,0.0,0.0,44.9666915436288,optimal
2021-02-13 14:30:00,29,103,2.0,0.0,0.0,0.1826666666666666,12.1695,6.0,8,20.26570852240776,,7000.0,0.0,0.0,0.0,44.799770781795694,optimal
2021-02-13 15:00:00,29,103,0.0,0.0,0.0,0.2277666666666666,12.306,6.0,8,20.32653824191313,,0.0,0.0,0.0,0.0,44.63301694072442,optimal
2021-02-13 15:30:00,29,103,0.0,0.0,0.0,0.1964666666666666,13.23,6.0,8,20.25407555240799,,0.0,0.0,0.0,0.0,44.46642985349423,optimal
2021-02-13 16:00:00,29,103,0.0,0.0,0.0,0.3313,13.671,6.0,8,20.177271538175724,,0.0,0.0,0.0,0.0,44.30000935335126,optimal
2021-02-13 16:30:00,29,103,0.0,0.0,0.0,0.3324333333333333,13.9335,6.0,8,20.10841617554041,,0.0,0.0,0.0,0.0,44.13375527370843,optimal
2021-02-13 17:00:00,29,103,0.0,0.0,0.0,2.0861666666666667,13.293,6.0,8,20.040828876359047,,0.0,0.0,0.0,0.0,43.96766744814525,optimal
2021-02-13 17:30:00,29,103,0.7922444130741093,0.0,0.0,0.3833666666666667,12.1065,6.0,8,20.0,,2772.8554457593823,0.0,0.0,0.0,43.80174571040763,optimal
2021-02-13 18:00:00,29,103,1.5451683998635828,0.0,0.0,0.2583,11.571,6.0,8,20.0,,3034.473660221123,0.0,2373.6157393014173,0.0,43.63598989440774,optimal
2021-02-13 18:30:00,29,103,2.0,0.0,0.0,0.2903333333333333,11.025,6.0,8,20.0,,3281.8160867727083,0.0,3718.183913227292,0.0,43.47039983422386,optimal
2021-02-13 19:00:00,29,103,2.0,0.0,0.0,0.1627333333333333,10.8465,6.0,8,20.0,,5498.132985862042,0.0,1501.867014137958,0.0,43.30497536410016,optimal
2021-02-13 19:30:00,29,103,2.0,0.0,0.0,0.0946666666666666,11.2455,6.0,8,20.030302928038687,,7000.0,0.0,0.0,0.0,43.13971631844658,optimal
2021-02-13 20:00:00,29,103,0.0,0.0,0.0,0.3509333333333333,23.8665,6.0,8,20.08648490647936,,0.0,0.0,0.0,0.0,42.974622531838655,optimal
2021-02-13 20:30:00,29,103,0.0,0.0,0.0,0.068,27.4575,6.0,8,20.0,,0.0,0.0,0.0,0.0,42.80969383901734,optimal
2021-02-13 21:00:00,29,103,0.0,0.0,0.0,0.2109333333333333,27.3735,6.0,8,19.907951586058843,,0.0,0.0,0.0,0.0,42.64493007488885,optimal
2021-02-13 21:30:00,29,103,0.0,0.0,0.0,0.2293333333333332,30.4605,6.0,8,19.819329571530275,,0.0,0.0,0.0,0.0,42.480331074524486,optimal
2021-02-13 22:00:00,29,103,0.0,0.0,0.0,0.3356,30.0195,6.0,8,19.7381009576686,,0.0,0.0,0.0,0.0,42.43785074344997,optimal
2021-02-13 22:30:00,29,103,0.0,0.0,0.0,0.3838999999999999,26.9325,6.0,8,19.667848663021832,,0.0,0.0,0.0,0.0,42.39541289270652,optimal
2021-02-13 23:00:00,29,103,0.0,0.0,0.0,0.6850333333333333,14.595,6.0,8,19.60212816045078,,0.0,0.0,0.0,0.0,42.35301747981381,optimal
2021-02-13 23:30:00,29,103,0.0,0.0,0.0,0.5432333333333333,12.4845,6.0,8,19.544808304335195,,0.0,0.0,0.0,0.0,42.310664462334,optimal
2021-02-07 00:00:00,30,103,0.0,0.0,0.0,0.058,7.938,6.0,2,21.0,,0.0,0.0,0.0,0.0,47.952,optimal
2021-02-07 00:30:00,30,103,2.0,0.0,0.0,0.058,5.292,6.0,2,20.924559977127466,,3377.333333333333,0.0,3622.6666666666665,0.0,47.904048,optimal
2021-02-07 01:00:00,30,103,0.0,0.0,0.0,0.2659666666666666,9.261,6.0,2,20.92010277740412,,0.0,0.0,0.0,0.0,47.856143952,optimal
2021-02-07 01:30:00,30,103,0.0,0.0,0.0,0.1583,10.3635,6.0,2,20.84849566947112,,0.0,0.0,0.0,0.0,47.80828780804799,optimal
2021-02-07 02:00:00,30,103,0.0,0.0,0.0,0.058,8.274,6.0,2,20.774720158892222,,0.0,0.0,0.0,0.0,47.76047952023995,optimal
2021-02-07 02:30:00,30,103,1.2407468030892392,0.0,0.0,0.3429333333333333,7.7175,6.0,2,20.69894115435997,,4342.613810812337,0.0,0.0,0.0,47.712719040719705,optimal
2021-02-07 03:00:00,30,103,2.0,0.0,0.0,0.0813333333333333,6.615,6.0,2,20.72046402139576,,7000.0,0.0,0.0,0.0,47.66500632167899,optimal
2021-02-07 03:30:00,30,103,2.0,0.0,0.0,0.2140666666666666,6.174,6.0,2,20.79186785403734,,7000.0,0.0,0.0,0.0,47.61734131535731,optimal
2021-02-07 04:00:00,30,103,2.0,0.0,0.0,0.2102,3.906,6.0,2,20.865515006796,,7000.0,0.0,0.0,0.0,47.56972397404195,optimal
2021-02-07 04:30:00,30,103,2.0,0.0,0.0,0.0993,2.3415,6.0,2,20.93851981673319,,7000.0,0.0,0.0,0.0,47.52215425006791,optimal
2021-02-07 05:00:00,30,103,2.0,0.0,0.0,0.2631666666666666,2.205,6.0,2,21.008858936778704,,7000.0,0.0,0.0,0.0,47.47463209581784,optimal
2021-02-07 05:30:00,30,103,2.0,0.0,1.9161906913268016,0.1257,0.882,6.0,2,21.082328410707795,,7000.0,0.0,0.0,0.0,48.33734804210225,optimal
2021-02-07 06:00:00,30,103,2.0,0.0,0.0,0.2985666666666666,1.5435,6.0,2,21.152570847544595,,7000.0,0.0,0.0,0.0,48.28901069406015,optimal
2021-02-07 06:30:00,30,103,2.0,0.0,0.0,0.058,1.5435,6.0,2,21.226133530556304,,7000.0,0.0,0.0,0.0,48.24072168336608,optimal
2021-02-07 07:00:00,30,103,2.0,0.0,0.0,0.1860666666666666,5.0715,6.0,2,21.294071622430497,,7000.0,0.0,0.0,0.0,48.19248096168271,optimal
2021-02-07 07:30:00,30,103,2.0,0.0,0.0,0.1936333333333333,5.376,6.0,2,21.3694015484925,,7000.0,0.0,0.0,0.0,48.144288480721016,optimal
2021-02-07 08:00:00,30,103,2.0,0.0,0.0,0.3118666666666667,5.0715,6.0,2,21.44555043315752,,7000.0,0.0,0.0,0.0,48.096144192240295,optimal
2021-02-07 08:30:00,30,103,2.0,0.0,0.0,2.028233333333333,5.5125,6.0,2,21.52288013648576,,7000.0,0.0,0.0,0.0,48.048048048048045,optimal
2021-02-07 09:00:00,30,103,0.0,0.0,0.0,1.727266666666667,9.261,6.0,2,21.611560890100268,,0.0,0.0,0.0,0.0,48.0,optimal
2021-02-07 09:30:00,30,103,0.0,0.0,0.0,0.8742000000000001,11.7075,6.0,2,21.56298797945233,,0.0,0.0,0.0,0.0,47.759097333737785,optimal
2021-02-07 10:00:00,30,103,0.0,0.0,0.0,0.7013333333333334,12.348,6.0,2,21.49880360839521,,0.0,0.0,0.0,0.0,47.51843557014183,optimal
2021-02-07 10:30:00,30,103,0.0,0.0,0.0,0.5267000000000001,12.348,6.0,2,21.433092489964416,,0.0,0.0,0.0,0.0,47.27801446830948,optimal
2021-02-07 11:00:00,30,103,0.0,0.0,0.0,0.5813333333333334,12.1275,6.0,2,21.361921391658484,,0.0,0.0,0.0,0.0,47.03783378757896,optimal
2021-02-07 11:30:00,30,103,0.0,0.0,0.0,1.5265333333333333,12.5265,6.0,2,21.289885549292308,,0.0,0.0,0.0,0.0,46.79789328752916,optimal
2021-02-07 12:00:00,30,103,0.0,0.0,0.0,0.3872333333333334,11.7495,6.0,2,21.22031410943825,,0.0,0.0,0.0,0.0,46.55819272797942,optimal
2021-02-07 12:30:00,30,103,0.0,0.0,0.0,0.5368333333333334,13.23,6.0,2,21.144540105266064,,0.0,0.0,0.0,0.0,46.318731868989225,optimal
2021-02-07 13:00:00,30,103,0.0,0.0,0.0,0.475,14.3325,6.0,2,21.07065917373012,,0.0,0.0,0.0,0.0,46.079510470858025,optimal
2021-02-07 13:30:00,30,103,0.0,0.0,0.0,0.4326666666666667,14.994,6.0,2,20.994954345710376,,0.0,0.0,0.0,0.0,45.84052829412495,optimal
2021-02-07 14:00:00,30,103,0.0,0.0,0.0,0.4871999999999999,14.8155,6.0,2,20.91885990202577,,0.0,0.0,0.0,0.0,45.601785099568616,optimal
2021-02-07 14:30:00,30,103,0.0,0.0,0.0,0.2728666666666667,14.112,6.0,2,20.84456404620402,,0.0,0.0,0.0,0.0,45.36328064820683,optimal
2021-02-07 15:00:00,30,103,0.0,0.0,0.0,0.1613333333333333,14.007,6.0,2,20.762937897652943,,0.0,0.0,0.0,0.0,45.125014701296415,optimal
2021-02-07 15:30:00,30,103,0.0,0.0,0.0,0.1978,13.23,6.0,2,20.67892843876556,,0.0,0.0,0.0,0.0,44.8869870203329,optimal
2021-02-07 16:00:00,30,103,0.0,0.0,0.0,0.2687,11.382,6.0,2,20.59538723993008,,0.0,0.0,0.0,0.0,44.64919736705036,optimal
2021-02-07 16:30:00,30,103,0.0,0.0,0.0,0.4643,11.7495,6.0,2,20.51467052265819,,0.0,0.0,0.0,0.0,44.41164550342109,optimal
2021-02-07 17:00:00,30,103,0.0,0.0,0.0,0.2165,24.3285,6.0,2,20.444821529721093,,0.0,0.0,0.0,0.0,44.174331191655455,optimal
2021-02-07 17:30:00,30,103,0.0,0.0,0.0,1.5234,28.917,6.0,2,20.370092263572253,,0.0,0.0,0.0,0.0,43.93725419420159,optimal
2021-02-07 18:00:00,30,103,0.0,0.0,0.0,0.374,31.3635,6.0,2,20.30525956904935,,0.0,0.0,0.0,0.0,43.70041427374517,optimal
2021-02-07 18:30:00,30,103,0.0,0.0,0.0,0.5355333333333333,33.306,6.0,2,20.233472744609205,,0.0,0.0,0.0,0.0,43.46381119320921,optimal
2021-02-07 19:00:00,30,103,0.0,0.0,0.0,0.4729,31.3425,6.0,2,20.167456122776542,,0.0,0.0,0.0,0.0,43.22744471575379,optimal
2021-02-07 19:30:00,30,103,0.0,0.0,0.0,0.9709,28.2555,6.0,2,20.10277627225741,,0.0,0.0,0.0,0.0,43.18421727103804,optimal
2021-02-07 20:00:00,30,103,0.0,0.0,0.0,0.54,15.6975,6.0,2,20.05467164246401,,0.0,0.0,0.0,0.0,43.141033053767,optimal
2021-02-07 20:30:00,30,103,0.0,0.0,0.0,0.6441333333333333,12.5475,6.0,2,20.0,,0.0,0.0,0.0,0.0,43.09789202071323,optimal
2021-02-07 21:00:00,30,103,0.0,0.0,0.0,0.4175666666666666,12.0855,6.0,2,19.944549444383288,,0.0,0.0,0.0,0.0,43.05479412869252,optimal
2021-02-07 21:30:00,30,103,0.0,0.0,0.0,0.8932333333333333,11.907,6.0,2,19.883254571095275,,0.0,0.0,0.0,0.0,43.01173933456383,optimal
2021-02-07 22:00:00,30,103,0.0,0.0,0.0,0.4981333333333333,12.5685,6.0,2,19.8327770107146,,0.0,0.0,0.0,0.0,42.96872759522926,optimal
2021-02-07 22:30:00,30,103,0.0,0.0,0.0,0.3645333333333334,13.146,6.0,2,19.774951707563048,,0.0,0.0,0.0,0.0,42.92575886763403,optimal
2021-02-07 23:00:00,30,103,0.0,0.0,0.0,0.5481333333333334,10.584,6.0,2,19.71429222448099,,0.0,0.0,0.0,0.0,42.8828331087664,optimal
2021-02-07 23:30:00,30,103,0.0398095238095238,0.0,0.0,0.9321,6.678,6.0,2,19.65525375697181,,0.0,0.0,139.33333333333331,0.0,42.83995027565764,optimal
2021-02-08 00:00:00,30,103,2.0,0.0,5.0,0.064,5.0925,6.0,-6,19.65525375697181,,7000.0,0.0,0.0,0.0,45.17211032538198,optimal
2021-02-08 00:30:00,30,103,2.0,0.0,5.0,0.064,4.1895,6.0,-6,19.726578028959167,,3307.6666666666665,0.0,3692.3333333333335,0.0,47.5019382150566,optimal
2021-02-08 01:00:00,30,103,2.0,0.0,0.0,0.064,7.056,6.0,-6,19.719853602913545,,7000.0,0.0,0.0,0.0,47.45443627684154,optimal
2021-02-08 01:30:00,30,103,2.0,0.0,2.366736706585007,0.064,5.271,6.0,-6,19.790884805890887,,7000.0,0.0,0.0,0.0,48.53118177619257,optimal
2021-02-08 02:00:00,30,103,2.0,0.0,0.0,0.064,7.938,6.0,-6,19.86136692869133,,7000.0,0.0,0.0,0.0,48.48265059441637,optimal
2021-02-08 02:30:00,30,103,2.0,0.0,0.0,0.064,7.938,6.0,-6,19.931302462317475,,7000.0,0.0,0.0,0.0,48.434167943821954,optimal
2021-02-08 03:00:00,30,103,2.0,0.0,0.0,0.064,11.907,6.0,-6,20.001147554751093,,7000.0,0.0,0.0,0.0,48.38573377587813,optimal
2021-02-08 03:30:00,30,103,2.0,0.0,0.0,0.064,11.025,6.0,-6,20.070902616295182,,7000.0,0.0,0.0,0.0,48.33734804210225,optimal
2021-02-08 04:00:00,30,103,2.0,0.0,0.0,0.064,11.2875,6.0,-6,20.14011438711127,,7000.0,0.0,0.0,0.0,48.28901069406015,optimal
2021-02-08 04:30:00,30,103,2.0,0.0,0.0,0.064,12.936,6.0,-6,20.20878533193705,,7000.0,0.0,0.0,0.0,48.24072168336608,optimal
2021-02-08 05:00:00,30,103,2.0,0.0,0.0,0.064,13.0095,6.0,-6,20.276691070188463,,7000.0,0.0,0.0,0.0,48.19248096168271,optimal
2021-02-08 05:30:00,30,103,0.0,0.0,0.0,0.064,13.671,6.0,-6,20.343835073365,,0.0,0.0,0.0,0.0,48.144288480721016,optimal
2021-02-08 06:00:00,30,103,2.0,0.0,0.0,0.064,13.188,6.0,-6,20.26309477669117,,7000.0,0.0,0.0,0.0,48.096144192240295,optimal
2021-02-08 06:30:00,30,103,0.0,0.0,0.0,0.064,13.8495,6.0,-6,20.3298467936585,,0.0,0.0,0.0,0.0,48.048048048048045,optimal
2021-02-08 07:00:00,30,103,2.0,0.0,0.0,0.073,13.23,6.0,-6,20.24871628909256,,7000.0,0.0,0.0,0.0,48.0,optimal
2021-02-08 07:30:00,30,103,2.0,0.0,0.0,0.077,13.3665,6.0,-6,20.319751655590373,,7000.0,0.0,0.0,0.0,47.871042064400896,optimal
2021-02-08 08:00:00,30,103,2.0,0.0,0.0,0.0960999999999999,13.0515,6.0,-6,20.3926445588832,,7000.0,0.0,0.0,0.0,47.742213086737394,optimal
2021-02-08 08:30:00,30,103,0.966244757244115,0.0,0.0,0.258,13.5345,6.0,-6,20.462903536753736,,3381.856650354402,0.0,0.0,0.0,47.61351293805156,optimal
2021-02-08 09:00:00,30,103,0.0,0.0,0.0,0.062,14.154,6.0,-6,20.457859520590457,,0.0,0.0,0.0,0.0,47.484941489514405,optimal
2021-02-08 09:30:00,30,103,0.0,0.0,0.0,0.3597333333333333,14.112,6.0,-6,20.37471103137341,,0.0,0.0,0.0,0.0,47.35649861242579,optimal
2021-02-08 10:00:00,30,103,0.0,0.0,0.0,1.665,14.2485,6.0,-6,20.296764526850883,,0.0,0.0,0.0,0.0,47.22818417821426,optimal
2021-02-08 10:30:00,30,103,2.0,0.0,0.0,0.1396333333333333,12.789,6.0,-6,20.22363967468849,,7000.0,0.0,0.0,0.0,47.09999805843695,optimal
2021-02-08 11:00:00,30,103,2.0,0.0,0.0,0.1538,13.0095,6.0,-6,20.29020179727649,,7000.0,0.0,0.0,0.0,46.97194012477941,optimal
2021-02-08 11:30:00,30,103,2.0,0.0,0.0,0.2386,12.1275,6.0,-6,20.35396535931734,,7000.0,0.0,0.0,0.0,46.84401024905553,optimal
2021-02-08 12:00:00,30,103,2.0,0.0,0.0,0.3231666666666667,12.348,6.0,-6,20.418560472174544,,7000.0,0.0,0.0,0.0,46.716208303207374,optimal
2021-02-08 12:30:00,30,103,2.0,0.0,0.0,0.4156,12.348,6.0,-6,20.484586107320432,,7000.0,0.0,0.0,0.0,46.58853415930506,optimal
2021-02-08 13:00:00,30,103,0.0,0.0,0.0,0.2642666666666666,25.389,6.0,-6,20.555229363678684,,0.0,0.0,0.0,0.0,46.460987689546656,optimal
2021-02-08 13:30:00,30,103,0.0,0.0,0.0,0.211,29.1375,6.0,-6,20.478208464941133,,0.0,0.0,0.0,0.0,46.333568766258,optimal
2021-02-08 14:00:00,30,103,0.0,0.0,0.0,0.2187333333333332,30.597,6.0,-6,20.401374578601697,,0.0,0.0,0.0,0.0,46.206277261892645,optimal
2021-02-08 14:30:00,30,103,0.0,0.0,0.0,1.6251,33.684,6.0,-6,20.32357076788969,,0.0,0.0,0.0,0.0,46.07911304903165,optimal
2021-02-08 15:00:00,30,103,0.0,0.0,0.0,0.136,32.445,6.0,-6,20.24888481638166,,0.0,0.0,0.0,0.0,45.95207600038352,optimal
2021-02-08 15:30:00,30,103,0.0,0.0,0.0,0.1376666666666666,28.917,6.0,-6,20.16339331054787,,0.0,0.0,0.0,0.0,45.82516598878403,optimal
2021-02-08 16:00:00,30,103,0.0,0.0,0.0,0.3837333333333333,15.876,6.0,-6,20.07851648669824,,0.0,0.0,0.0,0.0,45.69838288719615,optimal
2021-02-08 16:30:00,30,103,1.1026455877145902,0.0,0.0,0.2798333333333333,12.348,6.0,-6,20.0,,3859.259557001065,0.0,0.0,0.0,45.57172656870985,optimal
2021-02-08 17:00:00,30,103,2.0,0.0,0.0,0.064,12.1275,6.0,-6,20.0,,6791.0,0.0,209.0,0.0,45.44519690654204,optimal
2021-02-08 17:30:00,30,103,0.3299094954397557,0.0,0.0,0.165,12.348,6.0,-6,20.057380459367515,,1154.6832340391452,0.0,0.0,0.0,45.31879377403639,optimal
2021-02-08 18:00:00,30,103,2.0,0.0,0.0,0.24,12.1275,6.0,-6,20.0,,3532.0796884972056,0.0,3467.920311502794,0.0,45.192517044663255,optimal
2021-02-08 18:30:00,30,103,1.3088791286979544,0.0,0.0,0.5549666666666667,12.1275,6.0,-6,20.0,,3115.2039286123027,0.0,1465.8730218305382,0.0,45.06636659201949,optimal
2021-02-08 19:00:00,30,103,1.2274194767791848,0.0,0.0,0.3323666666666667,11.2665,6.0,-6,20.0,,3308.094835393814,0.0,987.8733333333328,0.0,44.94034228982837,optimal
2021-02-08 19:30:00,30,103,1.971200789227081,0.0,0.0,0.3788,10.143,6.0,-6,20.0,,6899.202762294784,0.0,0.0,0.0,44.81444401193944,optimal
2021-02-08 20:00:00,30,103,0.0,0.0,0.0,0.2381,11.2455,6.0,-6,20.074231049035514,,0.0,0.0,0.0,0.0,44.6886716323284,optimal
2021-02-08 20:30:00,30,103,0.0,0.0,0.0,0.405,11.025,6.0,-6,20.0,,0.0,0.0,0.0,0.0,44.56302502509697,optimal
2021-02-08 21:00:00,30,103,0.1592380952380952,0.0,0.0,0.4801666666666667,5.9745,6.0,-6,19.931708247734623,,0.0,0.0,557.3333333333334,0.0,44.43750406447277,optimal
2021-02-08 21:30:00,30,103,0.0,0.0,0.0,0.4155333333333333,7.938,6.0,-6,19.86300811174897,,0.0,0.0,0.0,0.0,44.31210862480919,optimal
2021-02-08 22:00:00,30,103,0.0,0.0,0.0,0.3645,8.6835,6.0,-6,19.795796236852805,,0.0,0.0,0.0,0.0,44.18683858058528,optimal
2021-02-08 22:30:00,30,103,0.0,0.0,0.0,0.4215333333333333,7.665,6.0,-6,19.72725073007325,,0.0,0.0,0.0,0.0,44.06169380640559,optimal
2021-02-08 23:00:00,30,103,0.0,0.0,0.0,0.478,6.7725,6.0,-6,19.65645767487032,,0.0,0.0,0.0,0.0,44.01763211259919,optimal
2021-02-08 23:30:00,30,103,0.0398095238095238,0.0,0.0,0.2003,5.5755,6.0,-6,19.590398461044487,,0.0,0.0,139.33333333333331,0.0,43.97361448048659,optimal
2021-02-09 00:00:00,30,103,2.0,0.0,5.0,0.1225333333333333,11.361,6.0,-10,19.590398461044487,,7000.0,0.0,0.0,0.0,46.3046408660061,optimal
2021-02-09 00:30:00,30,103,2.0,0.0,5.0,0.1225333333333333,11.571,6.0,-10,19.659193462484023,,3865.0,0.0,3135.0,0.0,48.6333362251401,optimal
2021-02-09 01:00:00,30,103,2.0,0.0,0.0,0.0756,14.3745,6.0,-10,19.661910168481256,,7000.0,0.0,0.0,0.0,48.58470288891496,optimal
2021-02-09 01:30:00,30,103,2.0,0.0,0.0918807404300393,0.1694666666666666,13.23,6.0,-10,19.729846446461163,,7000.0,0.0,0.0,0.0,48.57976153773031,optimal
2021-02-09 02:00:00,30,103,2.0,0.0,0.0,0.058,13.9755,6.0,-10,19.798996782430187,,7000.0,0.0,0.0,0.0,48.53118177619257,optimal
2021-02-09 02:30:00,30,103,1.8344259302270327,0.0,0.0,0.1342666666666666,14.994,6.0,-10,19.86503331818879,,6420.490755794616,0.0,0.0,0.0,48.48265059441637,optimal
2021-02-09 03:00:00,30,103,2.0,0.0,0.0,0.1108,13.671,6.0,-10,19.92040363978717,,7000.0,0.0,0.0,0.0,48.434167943821954,optimal
2021-02-09 03:30:00,30,103,0.0,0.0,0.0,0.0756,15.981,6.0,-10,19.98745452095653,,0.0,0.0,0.0,0.0,48.38573377587813,optimal
2021-02-09 04:00:00,30,103,0.0,0.0,0.0,0.1694666666666666,15.6345,6.0,-10,19.906561052805746,,0.0,0.0,0.0,0.0,48.33734804210225,optimal
2021-02-09 04:30:00,30,103,0.0,0.0,0.0,0.058,16.5375,6.0,-10,19.828464172553723,,0.0,0.0,0.0,0.0,48.28901069406015,optimal
2021-02-09 05:00:00,30,103,2.0,0.0,0.0,0.1812,14.7735,6.0,-10,19.74792150600457,,7000.0,0.0,0.0,0.0,48.24072168336608,optimal
2021-02-09 05:30:00,30,103,2.0,0.0,0.0,0.0685333333333333,15.2145,6.0,-10,19.81723683261347,,7000.0,0.0,0.0,0.0,48.19248096168271,optimal
2021-02-09 06:00:00,30,103,2.0,0.0,0.0,0.1090666666666666,14.553,6.0,-10,19.88376778305601,,7000.0,0.0,0.0,0.0,48.144288480721016,optimal
2021-02-09 06:30:00,30,103,2.0,0.0,0.0,0.1553333333333333,14.3325,6.0,-10,19.950737878034857,,7000.0,0.0,0.0,0.0,48.096144192240295,optimal
2021-02-09 07:00:00,30,103,2.0,0.0,0.0,0.0638666666666666,14.595,6.0,-10,20.018165282602133,,7000.0,0.0,0.0,0.0,48.048048048048045,optimal
2021-02-09 07:30:00,30,103,2.0,0.0,0.0,0.2193333333333333,14.994,6.0,-10,20.083331016121363,,7000.0,0.0,0.0,0.0,48.0,optimal
2021-02-09 08:00:00,30,103,2.0,0.0,0.0,0.0703333333333333,14.3325,6.0,-10,20.1517603545068,,7000.0,0.0,0.0,0.0,47.91867739869869,optimal
2021-02-09 08:30:00,30,103,2.0,0.0,0.0,0.2144,13.8915,6.0,-10,20.217253882025044,,7000.0,0.0,0.0,0.0,47.83743611999867,optimal
2021-02-09 09:00:00,30,103,2.0,0.0,0.0,1.3510666666666666,13.8915,6.0,-10,20.29051386830257,,7000.0,0.0,0.0,0.0,47.75627608257736,optimal
2021-02-09 09:30:00,30,103,2.0,0.0,0.0,0.1578,13.4715,6.0,-10,20.37035748240936,,7000.0,0.0,0.0,0.0,47.67519720519346,optimal
2021-02-09 10:00:00,30,103,2.0,0.0,0.0,0.2370666666666666,13.23,6.0,-10,20.438769891066134,,7000.0,0.0,0.0,0.0,47.59419940668696,optimal
2021-02-09 10:30:00,30,103,2.0,0.0,0.0,0.2070333333333333,13.8915,6.0,-10,20.50824564145328,,7000.0,0.0,0.0,0.0,47.51328260597895,optimal
2021-02-09 11:00:00,30,103,0.0,0.0,0.0,0.0867333333333333,26.9325,6.0,-10,20.574378707474843,,0.0,0.0,0.0,0.0,47.43244672207166,optimal
2021-02-09 11:30:00,30,103,0.0,0.0,0.0,0.2044,30.303,6.0,-10,20.49140456805589,,0.0,0.0,0.0,0.0,47.35169167404828,optimal
2021-02-09 12:00:00,30,103,0.0,0.0,0.0,0.1394,32.886,6.0,-10,20.409447681481776,,0.0,0.0,0.0,0.0,47.27101738107292,optimal
2021-02-09 12:30:00,30,103,0.0,0.0,0.0,0.3502666666666666,34.9965,6.0,-10,20.32775263614248,,0.0,0.0,0.0,0.0,47.19042376239053,optimal
2021-02-09 13:00:00,30,103,0.0,0.0,0.0,0.1541999999999999,33.327,6.0,-10,20.25170115105058,,0.0,0.0,0.0,0.0,47.10991073732683,optimal
2021-02-09 13:30:00,30,103,0.0,0.0,0.0,0.068,31.122,6.0,-10,20.16954815975057,,0.0,0.0,0.0,0.0,47.02947822528819,optimal
2021-02-09 14:00:00,30,103,0.0,0.0,0.0,0.068,17.9025,6.0,-10,20.084695021237348,,0.0,0.0,0.0,0.0,46.94912614576158,optimal
2021-02-09 14:30:00,30,103,1.1105412942122654,0.0,0.0,0.1970666666666666,15.6555,6.0,-10,20.0,,3886.8945297429295,0.0,0.0,0.0,46.868854418314505,optimal
2021-02-09 15:00:00,30,103,1.1504962923868849,0.0,0.0,0.068,14.553,6.0,-10,20.0,,4026.737023354097,0.0,0.0,0.0,46.78866296259488,optimal
2021-02-09 15:30:00,30,103,1.1220010542916572,0.0,0.0,0.1677333333333333,14.3325,6.0,-10,20.0,,3927.0036900208,0.0,0.0,0.0,46.708551698330965,optimal
2021-02-09 16:00:00,30,103,1.077315366315024,0.0,0.0,0.1876666666666666,13.335,6.0,-10,20.0,,3770.603782102585,0.0,0.0,0.0,46.62852054533132,optimal
2021-02-09 16:30:00,30,103,1.9032242421083403,0.0,0.0,0.4415333333333333,12.1275,6.0,-10,20.0,,6591.618180712525,0.0,69.66666666666666,0.0,46.54856942348467,optimal
2021-02-09 17:00:00,30,103,0.0,0.0,0.0,0.539,12.2955,6.0,-10,20.07029340672665,,0.0,0.0,0.0,0.0,46.46869825275987,optimal
2021-02-09 17:30:00,30,103,0.994816695570164,0.0,0.0,0.346,11.6865,6.0,-10,20.0,,3481.858434495574,0.0,0.0,0.0,46.3889069532058,optimal
2021-02-09 18:00:00,30,103,1.104136185416342,0.0,0.0,0.2428,11.466,6.0,-10,20.0,,3864.4766489571966,0.0,0.0,0.0,46.30919544495128,optimal
2021-02-09 18:30:00,30,103,1.88017461237861,0.0,0.0,0.3885333333333333,10.8045,6.0,-10,20.0,,6441.277809991802,0.0,139.33333333333331,0.0,46.229563648205016,optimal
2021-02-09 19:00:00,30,103,2.0,0.0,0.0,0.2747333333333333,10.584,6.0,-10,20.06395682788726,,7000.0,0.0,0.0,0.0,46.1500114832555,optimal
2021-02-09 19:30:00,30,103,0.0,0.0,0.0,0.3731333333333333,11.2455,6.0,-10,20.13809688067937,,0.0,0.0,0.0,0.0,46.070538870470926,optimal
2021-02-09 20:00:00,30,103,0.0,0.0,0.0,0.4801333333333333,12.1275,6.0,-10,20.068127701591308,,0.0,0.0,0.0,0.0,45.99114573029914,optimal
2021-02-09 20:30:00,30,103,0.0,0.0,0.0,0.2148666666666666,11.823,6.0,-10,20.0,,0.0,0.0,0.0,0.0,45.911831983267525,optimal
2021-02-09 21:00:00,30,103,0.0,0.0,0.0,0.205,11.7705,6.0,-10,19.9277828574772,,0.0,0.0,0.0,0.0,45.83259754998294,optimal
2021-02-09 21:30:00,30,103,0.0,0.0,0.0,0.1159333333333333,11.13,6.0,-10,19.860503699381404,,0.0,0.0,0.0,0.0,45.753442351131646,optimal
2021-02-09 22:00:00,30,103,0.0,0.0,0.0,0.2941333333333333,11.6865,6.0,-10,19.795377927307104,,0.0,0.0,0.0,0.0,45.70768890878051,optimal
2021-02-09 22:30:00,30,103,0.0597142857142857,0.0,0.0,0.2287333333333333,10.7205,6.0,-10,19.7379734284142,,0.0,0.0,209.0,0.0,45.66198121987173,optimal
2021-02-09 23:00:00,30,103,0.0,0.0,0.0,0.068,11.424,6.0,-10,19.66984895254641,,0.0,0.0,0.0,0.0,45.61631923865186,optimal
2021-02-09 23:30:00,30,103,0.0,0.0,0.0,0.1970666666666666,10.689,6.0,-10,19.5900258729378,,0.0,0.0,0.0,0.0,45.57070291941321,optimal
2021-02-10 00:00:00,30,103,2.0,0.0,5.0,0.047,10.542,6.0,-9,19.5900258729378,,7000.0,0.0,0.0,0.0,47.9001322164938,optimal
2021-02-10 00:30:00,30,103,2.0,0.0,0.0,0.047,11.025,6.0,-9,19.65630627529434,,0.0,0.0,7000.0,0.0,47.8522320842773,optimal
2021-02-10 01:00:00,30,103,2.0,0.0,1.4279384046807309,0.0768666666666666,11.025,6.0,-9,19.57447946154347,,0.0,0.0,7000.0,0.0,48.48265059441637,optimal
2021-02-10 01:30:00,30,103,2.0,0.0,0.0,0.1814,14.553,6.0,-9,19.49319890732435,,100.0,0.0,6900.0,0.0,48.434167943821954,optimal
2021-02-10 02:00:00,30,103,2.0,0.0,0.0,0.047,13.0935,6.0,-9,19.4161389389948,,7000.0,0.0,0.0,0.0,48.38573377587813,optimal
2021-02-10 02:30:00,30,103,2.0,0.0,0.0,0.0917999999999999,15.6345,6.0,-9,19.48139353809355,,7000.0,0.0,0.0,0.0,48.33734804210225,optimal
2021-02-10 03:00:00,30,103,0.4903250808082999,0.0,0.0,0.1664666666666666,18.102,6.0,-9,19.54729515604476,,1716.1377828290497,0.0,0.0,0.0,48.28901069406015,optimal
2021-02-10 03:30:00,30,103,2.0,0.0,0.0,0.047,17.199,6.0,-9,19.50324210856213,,7000.0,0.0,0.0,0.0,48.24072168336608,optimal
2021-02-10 04:00:00,30,103,0.0,0.0,0.0,0.2112666666666666,18.2805,6.0,-9,19.56810154820961,,0.0,0.0,0.0,0.0,48.19248096168271,optimal
2021-02-10 04:30:00,30,103,2.0,0.0,0.0,0.047,17.4615,6.0,-9,19.48877176680966,,7000.0,0.0,0.0,0.0,48.144288480721016,optimal
2021-02-10 05:00:00,30,103,2.0,0.0,0.0,0.047,18.3225,6.0,-9,19.553243185527617,,7000.0,0.0,0.0,0.0,48.096144192240295,optimal
2021-02-10 05:30:00,30,103,2.0,0.0,0.0,0.1738,17.094,6.0,-9,19.616968449589063,,7000.0,0.0,0.0,0.0,48.048048048048045,optimal
2021-02-10 06:00:00,30,103,2.0,0.0,0.0,0.4236999999999999,17.094,6.0,-9,19.683160429571675,,6762.877002320723,0.0,237.12299767927783,0.0,48.0,optimal
2021-02-10 06:30:00,30,103,2.0,0.0,0.0,1.4323333333333332,17.094,6.0,-9,19.75741527929766,,7000.0,0.0,0.0,0.0,47.89219239258674,optimal
2021-02-10 07:00:00,30,103,2.0,0.0,0.0,0.2123333333333333,17.3565,6.0,-9,19.843169959553165,,7000.0,0.0,0.0,0.0,47.7844925927809,optimal
2021-02-10 07:30:00,30,103,2.0,0.0,0.0,0.3019333333333333,17.115,6.0,-9,19.92045209490633,,7000.0,0.0,0.0,0.0,47.67690049277486,optimal
2021-02-10 08:00:00,30,103,2.0,0.0,0.0,0.4003,17.241,6.0,-9,20.0,,5425.789664345945,0.0,1574.2103356540547,0.0,47.56941598486883,optimal
2021-02-10 08:30:00,30,103,2.0,0.0,0.0,0.2162666666666667,17.094,6.0,-9,20.05042193194593,,7000.0,0.0,0.0,0.0,47.46203896147071,optimal
2021-02-10 09:00:00,30,103,2.0,0.0,0.0,0.4299,16.5165,6.0,-9,20.12971688424998,,7000.0,0.0,0.0,0.0,47.35476931509599,optimal
2021-02-10 09:30:00,30,103,2.0,0.0,0.0,0.1779,17.8185,6.0,-9,20.20918123262957,,7000.0,0.0,0.0,0.0,47.24760693836763,optimal
2021-02-10 10:00:00,30,103,2.0,0.0,0.0,0.2388666666666666,17.094,6.0,-9,20.2848083147603,,7000.0,0.0,0.0,0.0,47.14055172401601,optimal
2021-02-10 10:30:00,30,103,2.0,0.0,0.0,0.9411666666666666,16.8945,6.0,-9,20.3573361667098,,7000.0,0.0,0.0,0.0,47.03360356487874,optimal
2021-02-10 11:00:00,30,103,2.0,0.0,0.0,1.1412666666666669,18.123,6.0,-9,20.433969614949632,,7000.0,0.0,0.0,0.0,46.92676235390061,optimal
2021-02-10 11:30:00,30,103,0.0,0.0,0.0,1.6236333333333337,31.647,6.0,-9,20.50729334276513,,0.0,0.0,0.0,0.0,46.82002798413345,optimal
2021-02-10 12:00:00,30,103,0.0,0.0,0.0,0.2551666666666666,34.9965,6.0,-9,20.44964078361848,,0.0,0.0,0.0,0.0,46.71340034873607,optimal
2021-02-10 12:30:00,30,103,0.0,0.0,0.0,0.4305333333333334,34.9965,6.0,-9,20.371527156647087,,0.0,0.0,0.0,0.0,46.60687934097408,optimal
2021-02-10 13:00:00,30,103,0.0,0.0,0.0,0.2710666666666667,34.9965,6.0,-9,20.29889704879052,,0.0,0.0,0.0,0.0,46.50046485421984,optimal
2021-02-10 13:30:00,30,103,0.0,0.0,0.0,1.3835666666666666,34.9965,6.0,-9,20.22431794425882,,0.0,0.0,0.0,0.0,46.39415678195237,optimal
2021-02-10 14:00:00,30,103,0.0,0.0,0.0,0.9336666666666666,34.9965,6.0,-9,20.15713979760762,,0.0,0.0,0.0,0.0,46.28795501775716,optimal
2021-02-10 14:30:00,30,103,0.0,0.0,0.0,0.2212666666666666,27.741,6.0,-9,20.08147302362845,,0.0,0.0,0.0,0.0,46.18185945532615,optimal
2021-02-10 15:00:00,30,103,1.1477387138799244,0.0,0.0,0.057,19.026,6.0,-9,20.0,,4017.085498579736,0.0,0.0,0.0,46.07586998845757,optimal
2021-02-10 15:30:00,30,103,1.1600538680342167,0.0,0.0,0.057,18.7215,6.0,-9,20.0,,4060.188538119759,0.0,0.0,0.0,45.96998651105586,optimal
2021-02-10 16:00:00,30,103,1.1254357145923874,0.0,0.0,0.2212666666666666,17.4195,6.0,-9,20.0,,3939.0250010733566,0.0,0.0,0.0,45.86420891713155,optimal
2021-02-10 16:30:00,30,103,1.1846842020800077,0.0,0.0,0.057,16.758,6.0,-9,20.0,,4146.3947072800265,0.0,0.0,0.0,45.75853710080116,optimal
2021-02-10 17:00:00,30,103,1.0405422405441798,0.0,0.0,0.8584666666666667,14.217,6.0,-9,20.0,,3641.897841904629,0.0,0.0,0.0,45.65297095628711,optimal
2021-02-10 17:30:00,30,103,1.2031586901008475,0.0,0.0,0.3378,13.3665,6.0,-9,20.0,,3653.7220820196335,0.0,557.3333333333333,0.0,45.54751037791756,optimal
2021-02-10 18:00:00,30,103,1.1172037205230296,0.0,0.0,0.2480666666666666,12.789,6.0,-9,20.0,,3561.8796884972708,0.0,348.3333333333333,0.0,45.44215526012639,optimal
2021-02-10 18:30:00,30,103,1.1203578383554675,0.0,0.0,0.5825666666666667,11.907,6.0,-9,20.0,,3015.5857675774696,0.0,905.6666666666664,0.0,45.33690549745301,optimal
2021-02-10 19:00:00,30,103,0.8468357657117378,0.0,0.0,0.4628333333333333,11.7075,6.0,-9,20.0,,2963.9251799910826,0.0,0.0,0.0,45.29156859195556,optimal
2021-02-10 19:30:00,30,103,2.0,0.0,0.0,1.6364,10.8045,6.0,-9,20.0,,2376.993979416324,0.0,4623.006020583676,0.0,45.2462770233636,optimal
2021-02-10 20:00:00,30,103,1.8403266928355848,0.0,0.0,0.3443,11.508,6.0,-9,20.0,,2982.816112174889,0.0,3458.3273127496573,0.0,45.20103074634024,optimal
2021-02-10 20:30:00,30,103,0.0,0.0,0.0,1.0833333333333333,11.508,6.0,-9,20.0,,0.0,0.0,0.0,0.0,45.155829715593896,optimal
2021-02-10 21:00:00,30,103,0.0,0.0,0.0,0.3996333333333333,11.508,6.0,-9,19.930911539809493,,0.0,0.0,0.0,0.0,45.1106738858783,optimal
2021-02-10 21:30:00,30,103,0.0,0.0,0.0,0.3076,11.844,6.0,-9,19.86678614521313,,0.0,0.0,0.0,0.0,45.06556321199242,optimal
2021-02-10 22:00:00,30,103,0.0,0.0,0.0,0.3205333333333333,11.508,6.0,-9,19.791041408832346,,0.0,0.0,0.0,0.0,45.02049764878043,optimal
2021-02-10 22:30:00,30,103,0.0,0.0,0.0,0.5683333333333334,11.508,6.0,-9,19.703843014457064,,0.0,0.0,0.0,0.0,44.97547715113165,optimal
2021-02-10 23:00:00,30,103,0.0,0.0,0.0,0.5490333333333333,10.4475,6.0,-9,19.61893168612009,,0.0,0.0,0.0,0.0,44.93050167398052,optimal
2021-02-10 23:30:00,30,103,0.0,0.0,0.0,0.169,10.8675,6.0,-9,19.524308209368566,,0.0,0.0,0.0,0.0,44.88557117230653,optimal
2021-02-11 00:00:00,30,103,2.0,0.0,0.0,0.2211999999999999,14.007,6.0,7,19.524308209368566,,6651.666666666667,0.0,348.3333333333333,0.0,44.84068560113423,optimal
2021-02-11 00:30:00,30,103,2.0,0.0,0.0,0.3732,12.873,6.0,7,19.57223021801532,,0.0,0.0,7000.0,0.0,44.79584491553309,optimal
2021-02-11 01:00:00,30,103,2.0,0.0,0.0,0.3246666666666666,12.684,6.0,7,19.48318192988794,,0.0,0.0,7000.0,0.0,44.75104907061756,optimal
2021-02-11 01:30:00,30,103,2.0,0.0,0.0,0.1373666666666666,12.306,6.0,7,19.391780405006617,,6718.333333333336,0.0,281.6666666666646,0.0,44.706298021546935,optimal
2021-02-11 02:00:00,30,103,2.0,0.0,0.0,0.06,10.6365,6.0,7,19.437257018557315,,7000.0,0.0,0.0,0.0,44.66159172352539,optimal
2021-02-11 02:30:00,30,103,2.0,0.0,0.0,0.38,11.2455,6.0,7,19.486827917452946,,7000.0,0.0,0.0,0.0,44.616930131801865,optimal
2021-02-11 03:00:00,30,103,2.0,0.0,0.0,0.06,11.2455,6.0,7,19.54245639112308,,7000.0,0.0,0.0,0.0,44.57231320167006,optimal
2021-02-11 03:30:00,30,103,2.0,0.0,0.0,0.2624666666666666,11.025,6.0,7,19.5906426972744,,7000.0,0.0,0.0,0.0,44.5277408884684,optimal
2021-02-11 04:00:00,30,103,2.0,0.0,0.0,0.1775333333333333,12.0855,6.0,7,19.644006574040706,,7000.0,0.0,0.0,0.0,44.48321314757992,optimal
2021-02-11 04:30:00,30,103,2.0,0.0,0.0,0.1266,11.6865,6.0,7,19.696474645222,,7000.0,0.0,0.0,0.0,44.438729934432345,optimal
2021-02-11 05:00:00,30,103,2.0,0.0,0.0,0.3133999999999999,11.2245,6.0,7,19.74763251796942,,7000.0,0.0,0.0,0.0,44.39429120449791,optimal
2021-02-11 05:30:00,30,103,2.0,0.0,0.0,0.0822,11.025,6.0,7,19.802490519854228,,7000.0,0.0,0.0,0.0,44.34989691329341,optimal
2021-02-11 06:00:00,30,103,2.0,0.0,0.0,0.2814,10.7835,6.0,7,19.853366964800045,,7000.0,0.0,0.0,0.0,44.30554701638012,optimal
2021-02-11 06:30:00,30,103,2.0,0.0,0.0,0.2316666666666666,11.025,6.0,7,19.90934001138893,,7000.0,0.0,0.0,0.0,44.26124146936374,optimal
2021-02-11 07:00:00,30,103,2.0,0.0,3.1566459575453254,0.4774,10.584,6.0,7,19.96647677554541,,7000.0,0.0,0.0,0.0,45.7163870577284,optimal
2021-02-11 07:30:00,30,103,2.0,0.0,0.0,0.3292,11.025,6.0,7,20.031574346967584,,7000.0,0.0,0.0,0.0,45.670670670670674,optimal
2021-02-11 08:00:00,30,103,2.0,0.0,5.0,0.2436666666666666,10.4265,6.0,7,20.098288580810323,,7000.0,0.0,0.0,0.0,48.0,optimal
2021-02-11 08:30:00,30,103,2.0,0.0,0.0,0.4253,12.789,6.0,7,20.16153366180019,,7000.0,0.0,0.0,0.0,47.71840123872315,optimal
2021-02-11 09:00:00,30,103,2.0,0.0,0.0,0.1107,12.684,6.0,7,20.21966929892216,,7000.0,0.0,0.0,0.0,47.43708407620758,optimal
2021-02-11 09:30:00,30,103,2.0,0.0,0.0,0.2915666666666666,16.254,6.0,7,20.264464808611898,,7000.0,0.0,0.0,0.0,47.15604823085453,optimal
2021-02-11 10:00:00,30,103,2.0,0.0,0.0,0.1018333333333333,17.64,6.0,7,20.320349938996944,,7000.0,0.0,0.0,0.0,46.87529342134683,optimal
2021-02-11 10:30:00,30,103,0.0,0.0,0.0,0.1293666666666666,19.1625,6.0,7,20.379473101169253,,0.0,0.0,0.0,0.0,46.59481936664864,optimal
2021-02-11 11:00:00,30,103,0.0,0.0,0.0,0.2229666666666666,26.46,6.0,7,20.288832763857247,,0.0,0.0,0.0,0.0,46.31462578600515,optimal
2021-02-11 11:30:00,30,103,0.0,0.0,0.0,0.2035666666666666,20.79,6.0,7,20.19785194332811,,0.0,0.0,0.0,0.0,46.034712398942304,optimal
2021-02-11 12:00:00,30,103,0.0,0.0,0.0,0.2189333333333333,29.106,6.0,7,20.11027800811171,,0.0,0.0,0.0,0.0,45.75507892526652,optimal
2021-02-11 12:30:00,30,103,2.0,0.0,0.0,0.1585,19.1835,6.0,7,20.02682735617318,,7000.0,0.0,0.0,0.0,45.4757250850644,optimal
2021-02-11 13:00:00,30,103,0.0,0.0,0.0,0.1377666666666666,19.6665,6.0,7,20.09278484554648,,0.0,0.0,0.0,0.0,45.1966505987025,optimal
2021-02-11 13:30:00,30,103,0.8425545727755792,0.0,0.0,0.2655666666666667,19.404,6.0,7,20.013602649944144,,2948.9410047145275,0.0,0.0,0.0,44.91785518682695,optimal
2021-02-11 14:00:00,30,103,1.0707767700092756,0.0,0.0,0.0885,19.047,6.0,7,20.0,,3747.718695032464,0.0,0.0,0.0,44.63933857036328,optimal
2021-02-11 14:30:00,30,103,1.915463917767876,0.0,0.0,0.4723,18.858,6.0,7,20.0,,6704.123712187566,0.0,0.0,0.0,44.36110047051607,optimal
2021-02-11 15:00:00,30,103,0.0,0.0,0.0,0.2688,19.2675,6.0,7,20.07282686159973,,0.0,0.0,0.0,0.0,44.08314060876871,optimal
2021-02-11 15:30:00,30,103,0.9634443466209834,0.0,0.0,0.4080666666666667,18.963,6.0,7,20.0,,3372.055213173442,0.0,0.0,0.0,43.80545870688309,optimal
2021-02-11 16:00:00,30,103,2.0,0.0,0.0,0.4662,18.438,6.0,7,20.0,,7000.0,0.0,0.0,0.0,43.76165324817621,optimal
2021-02-11 16:30:00,30,103,0.0604925795322196,0.0,0.0,0.373,18.7425,6.0,7,20.07469601551243,,211.72402836276868,0.0,0.0,0.0,43.717891594928034,optimal
2021-02-11 17:00:00,30,103,2.0,0.0,0.0,0.3962,15.2145,6.0,7,20.0,,7000.0,0.0,0.0,0.0,43.6741737033331,optimal
2021-02-11 17:30:00,30,103,0.9511733593955092,0.0,0.0,0.3688666666666667,17.7765,6.0,7,20.06388464961427,,3329.106757884282,0.0,0.0,0.0,43.63049952962977,optimal
2021-02-11 18:00:00,30,103,2.0,0.0,0.0,0.2856666666666667,16.758,6.0,7,20.047504588361,,7000.0,0.0,0.0,0.0,43.58686903010015,optimal
2021-02-11 18:30:00,30,103,2.0,0.0,0.0,0.3989666666666666,16.422,6.0,7,20.10368335003986,,7000.0,0.0,0.0,0.0,43.543282161070046,optimal
2021-02-11 19:00:00,30,103,2.0,0.0,0.0,0.2995666666666666,16.758,6.0,7,20.158338161236003,,7000.0,0.0,0.0,0.0,43.49973887890898,optimal
2021-02-11 19:30:00,30,103,0.0,0.0,0.0,0.4498999999999999,29.358,6.0,7,20.20743776573127,,0.0,0.0,0.0,0.0,43.45623914003007,optimal
2021-02-11 20:00:00,30,103,0.0,0.0,0.0,0.3005,34.9965,6.0,7,20.10639336054237,,0.0,0.0,0.0,0.0,43.41278290089004,optimal
2021-02-11 20:30:00,30,103,0.0,0.0,0.0,0.3663666666666667,34.65,6.0,7,20.0,,0.0,0.0,0.0,0.0,43.36937011798916,optimal
2021-02-11 21:00:00,30,103,0.0,0.0,0.0,0.4764333333333332,34.9965,6.0,7,19.8977889535508,,0.0,0.0,0.0,0.0,43.32600074787117,optimal
2021-02-11 21:30:00,30,103,0.0,0.0,0.0,0.4941666666666667,34.9965,6.0,7,19.796277753597444,,0.0,0.0,0.0,0.0,43.2826747471233,optimal
2021-02-11 22:00:00,30,103,0.0,0.0,0.0,0.4179333333333332,30.4815,6.0,7,19.69849894936401,,0.0,0.0,0.0,0.0,43.23939207237618,optimal
2021-02-11 22:30:00,30,103,0.0,0.0,0.0,0.4429666666666665,21.4305,6.0,7,19.601694143377976,,0.0,0.0,0.0,0.0,43.1961526803038,optimal
2021-02-11 23:00:00,30,103,0.0,0.0,0.0,0.4023333333333333,14.3325,6.0,7,19.499815918014583,,0.0,0.0,0.0,0.0,43.152956527623495,optimal
2021-02-11 23:30:00,30,103,0.6170476190476191,0.0,0.0,0.7839666666666667,13.692,6.0,7,19.397191396485024,,0.0,0.0,2159.6666666666665,0.0,43.109803571095874,optimal
2021-02-12 00:00:00,30,103,2.0,0.0,0.0,0.065,10.8045,6.0,-1,19.397191396485024,,7000.0,0.0,0.0,0.0,43.066693767524775,optimal
2021-02-12 00:30:00,30,103,2.0,0.0,0.0,0.065,11.025,6.0,-1,19.43155091448845,,6512.333333333333,0.0,487.6666666666667,0.0,43.02362707375725,optimal
2021-02-12 01:00:00,30,103,2.0,0.0,0.0,0.065,10.3635,6.0,-1,19.45548897204912,,7000.0,0.0,0.0,0.0,42.98060344668349,optimal
2021-02-12 01:30:00,30,103,2.0,0.0,0.0,0.065,10.8045,6.0,-1,19.48958401244416,,7000.0,0.0,0.0,0.0,42.9376228432368,optimal
2021-02-12 02:00:00,30,103,2.0,0.0,1.9385166005086247,0.065,10.059,6.0,-1,19.523978042735923,,7000.0,0.0,0.0,0.0,43.81548060563516,optimal
2021-02-12 02:30:00,30,103,2.0,0.0,0.0,0.065,10.584,6.0,-1,19.558669706502087,,7000.0,0.0,0.0,0.0,43.77166512502952,optimal
2021-02-12 03:00:00,30,103,2.0,0.0,5.0,0.065,9.4185,6.0,-1,19.594564990034133,,7000.0,0.0,0.0,0.0,46.10289345990448,optimal
2021-02-12 03:30:00,30,103,2.0,0.0,0.0,0.065,10.3635,6.0,-1,19.63165843289097,,7000.0,0.0,0.0,0.0,46.056790566444576,optimal
2021-02-12 04:00:00,30,103,2.0,0.0,5.0,0.065,9.8385,6.0,-1,19.67175927252409,,7000.0,0.0,0.0,0.0,48.38573377587813,optimal
2021-02-12 04:30:00,30,103,2.0,0.0,0.0,0.065,11.067,6.0,-1,19.71485386532826,,7000.0,0.0,0.0,0.0,48.33734804210225,optimal
2021-02-12 05:00:00,30,103,2.0,0.0,0.0,0.065,10.8465,6.0,-1,19.76092862959496,,7000.0,0.0,0.0,0.0,48.28901069406015,optimal
2021-02-12 05:30:00,30,103,2.0,0.0,0.0,0.065,13.671,6.0,-1,19.809970045231577,,7000.0,0.0,0.0,0.0,48.24072168336608,optimal
2021-02-12 06:00:00,30,103,2.0,0.0,0.0,0.065,12.348,6.0,-1,19.86241832176193,,7000.0,0.0,0.0,0.0,48.19248096168271,optimal
2021-02-12 06:30:00,30,103,2.0,0.0,0.0,0.065,14.3325,6.0,-1,19.9182580033388,,7000.0,0.0,0.0,0.0,48.144288480721016,optimal
2021-02-12 07:00:00,30,103,2.0,0.0,0.0,0.065,15.393,6.0,-1,19.97429802627273,,7000.0,0.0,0.0,0.0,48.096144192240295,optimal
2021-02-12 07:30:00,30,103,2.0,0.0,0.0,0.0643333333333333,13.587,6.0,-1,20.03053748167855,,7000.0,0.0,0.0,0.0,48.048048048048045,optimal
2021-02-12 08:00:00,30,103,0.1988324067708311,0.0,0.0,0.0703333333333333,16.1385,6.0,-1,20.08286680695244,,695.9134236979089,0.0,0.0,0.0,48.0,optimal
2021-02-12 08:30:00,30,103,1.5638323491555508,0.0,0.0,0.074,14.595,6.0,-1,20.0,,4637.413222044428,0.0,836.0,0.0,47.8080867545706,optimal
2021-02-12 09:00:00,30,103,1.293671292529951,0.0,0.0,0.0666666666666666,14.637,6.0,-1,20.0,,4527.8495238548285,0.0,0.0,0.0,47.61636542238662,optimal
2021-02-12 09:30:00,30,103,1.2009169777847113,0.0,0.0,0.4337,13.9125,6.0,-1,20.0,,3924.542755579823,0.0,278.66666666666663,0.0,47.424835811534834,optimal
2021-02-12 10:00:00,30,103,0.8907321576802559,0.0,0.0,1.4712,13.3665,6.0,-1,20.0,,3117.562551880896,0.0,0.0,0.0,47.2334977302939,optimal
2021-02-12 10:30:00,30,103,2.0,0.0,0.0,0.9699,13.0095,6.0,-1,20.0,,6577.883099894832,0.0,422.1169001051667,0.0,47.0423509871342,optimal
2021-02-12 11:00:00,30,103,0.0,0.0,0.0,0.1898,13.8915,6.0,-1,20.07762632502132,,0.0,0.0,0.0,0.0,46.85139539071766,optimal
2021-02-12 11:30:00,30,103,1.441961421224627,0.0,0.0,0.3720666666666666,13.188,6.0,-1,20.0,,3605.4145477589295,0.0,1441.4504265272644,0.0,46.66063074989754,optimal
2021-02-12 12:00:00,30,103,2.0,0.0,0.0,0.1695,12.5685,6.0,-1,20.0,,5101.567326632431,0.0,1898.432673367569,0.0,46.47005687371824,optimal
2021-02-12 12:30:00,30,103,2.0,0.0,0.0,0.2514666666666666,12.285,6.0,-1,20.02354871029075,,7000.0,0.0,0.0,0.0,46.27967357141512,optimal
2021-02-12 13:00:00,30,103,2.0,0.0,0.0,0.1327333333333333,11.487,6.0,-1,20.093275700087048,,7000.0,0.0,0.0,0.0,46.08948065241431,optimal
2021-02-12 13:30:00,30,103,2.0,0.0,0.0,0.201,11.802,6.0,-1,20.162778472135912,,7000.0,0.0,0.0,0.0,45.899477926332494,optimal
2021-02-12 14:00:00,30,103,2.0,0.0,0.0,0.3845666666666666,11.2245,6.0,-1,20.237527768745817,,7000.0,0.0,0.0,0.0,45.70966520297676,optimal
2021-02-12 14:30:00,30,103,2.0,0.0,0.0,1.6465,11.025,6.0,-1,20.314928971434554,,7000.0,0.0,0.0,0.0,45.52004229234438,optimal
2021-02-12 15:00:00,30,103,2.0,0.0,0.0,0.6802666666666667,11.907,6.0,-1,20.393166170258944,,7000.0,0.0,0.0,0.0,45.33060900462263,optimal
2021-02-12 15:30:00,30,103,0.0,0.0,0.0,1.8937,25.83,6.0,-1,20.474894238254333,,0.0,0.0,0.0,0.0,45.141365150188605,optimal
2021-02-12 16:00:00,30,103,0.0,0.0,0.0,2.3639,28.035,6.0,-1,20.40678506307959,,0.0,0.0,0.0,0.0,44.952310539609016,optimal
2021-02-12 16:30:00,30,103,0.0,0.0,0.0,2.9323,28.119,6.0,-1,20.34231966826517,,0.0,0.0,0.0,0.0,44.76344498364001,optimal
2021-02-12 17:00:00,30,103,0.0,0.0,0.0,2.955833333333333,30.156,6.0,-1,20.28219406860085,,0.0,0.0,0.0,0.0,44.57476829322697,optimal
2021-02-12 17:30:00,30,103,0.0,0.0,0.0,1.9074333333333329,29.1585,6.0,-1,20.219699947171005,,0.0,0.0,0.0,0.0,44.38628027950434,optimal
2021-02-12 18:00:00,30,103,0.0,0.0,0.0,1.2895,26.712,6.0,-1,20.1488380131537,,0.0,0.0,0.0,0.0,44.19798075379544,optimal
2021-02-12 18:30:00,30,103,0.0,0.0,0.0,0.3097,15.435,6.0,-1,20.0757218666876,,0.0,0.0,0.0,0.0,44.00986952761224,optimal
2021-02-12 19:00:00,30,103,1.0194852895212618,0.0,0.0,0.3345666666666667,13.566,6.0,-1,20.0,,3568.1985133244166,0.0,0.0,0.0,43.82194641265522,optimal
2021-02-12 19:30:00,30,103,0.9709419142174972,0.0,0.0,0.4467666666666666,12.789,6.0,-1,20.0,,3328.6300330945737,0.0,69.66666666666666,0.0,43.63421122081317,optimal
2021-02-12 20:00:00,30,103,0.9259909198660656,0.0,0.0,1.5532666666666668,12.1275,6.0,-1,20.0,,3240.96821953123,0.0,0.0,0.0,43.44666376416295,optimal
2021-02-12 20:30:00,30,103,0.0,0.0,0.0,0.5526666666666666,13.671,6.0,-1,20.0,,0.0,0.0,0.0,0.0,43.25930385496938,optimal
2021-02-12 21:00:00,30,103,0.1791428571428571,0.0,0.0,0.2005333333333333,10.668,6.0,-1,19.92789402783357,,0.0,0.0,626.9999999999999,0.0,43.07213130568501,optimal
2021-02-12 21:30:00,30,103,0.0,0.0,0.0,1.1504333333333334,11.7285,6.0,-1,19.853473619179265,,0.0,0.0,0.0,0.0,42.885145928949925,optimal
2021-02-12 22:00:00,30,103,0.0,0.0,0.0,0.4574,11.025,6.0,-1,19.78458044043008,,0.0,0.0,0.0,0.0,42.69834753759157,optimal
2021-02-12 22:30:00,30,103,0.0,0.0,0.0,0.106,10.689,6.0,-1,19.71659691899342,,0.0,0.0,0.0,0.0,42.511735944624576,optimal
2021-02-12 23:00:00,30,103,0.8559047619047618,0.0,0.0,0.377,8.1585,6.0,-1,19.63626462802155,,0.0,0.0,2995.6666666666665,0.0,42.469224208679954,optimal
2021-02-12 23:30:00,30,103,0.0,0.0,0.0,0.259,10.3635,6.0,-1,19.56314868691444,,0.0,0.0,0.0,0.0,42.42675498447127,optimal
2021-02-13 00:00:00,30,103,2.0,0.0,5.0,0.059,7.938,6.0,-10,19.56314868691444,,7000.0,0.0,0.0,0.0,44.759328229486805,optimal
2021-02-13 00:30:00,30,103,2.0,0.0,5.0,0.059,8.274,6.0,-10,19.62660268898238,,172.66666666666697,0.0,6827.333333333333,0.0,47.08956890125732,optimal
2021-02-13 01:00:00,30,103,2.0,0.0,2.929870760980832,0.2255,9.261,6.0,-10,19.546277503593025,,7000.0,0.0,0.0,0.0,48.434167943821954,optimal
2021-02-13 01:30:00,30,103,2.0,0.0,0.0,0.1228333333333333,9.9225,6.0,-10,19.61376660604851,,7000.0,0.0,0.0,0.0,48.38573377587813,optimal
2021-02-13 02:00:00,30,103,2.0,0.0,0.0,0.0956666666666666,9.702,6.0,-10,19.67901519079192,,7000.0,0.0,0.0,0.0,48.33734804210225,optimal
2021-02-13 02:30:00,30,103,2.0,0.0,0.0,0.2526666666666666,10.584,6.0,-10,19.74362272813104,,7000.0,0.0,0.0,0.0,48.28901069406015,optimal
2021-02-13 03:00:00,30,103,2.0,0.0,0.0,0.059,10.143,6.0,-10,19.81124207559278,,7000.0,0.0,0.0,0.0,48.24072168336608,optimal
2021-02-13 03:30:00,30,103,2.0,0.0,0.0,0.0935,13.0095,6.0,-10,19.87447789321148,,7000.0,0.0,0.0,0.0,48.19248096168271,optimal
2021-02-13 04:00:00,30,103,2.0,0.0,0.0,0.2548333333333333,11.025,6.0,-10,19.93792623491338,,7000.0,0.0,0.0,0.0,48.144288480721016,optimal
2021-02-13 04:30:00,30,103,2.0,0.0,0.0,0.059,12.789,6.0,-10,20.00425602993464,,7000.0,0.0,0.0,0.0,48.096144192240295,optimal
2021-02-13 05:00:00,30,103,2.0,0.0,0.0,0.0896666666666666,12.1275,6.0,-10,20.065708867906224,,7000.0,0.0,0.0,0.0,48.048048048048045,optimal
2021-02-13 05:30:00,30,103,2.0,0.0,0.0,0.0953333333333333,12.1695,6.0,-10,20.127074791404148,,7000.0,0.0,0.0,0.0,48.0,optimal
2021-02-13 06:00:00,30,103,2.0,0.0,0.0,0.2716,12.306,6.0,-10,20.190959533538347,,7000.0,0.0,0.0,0.0,47.47933432246042,optimal
2021-02-13 06:30:00,30,103,2.0,0.0,0.0,0.298,13.23,6.0,-10,20.260896555902747,,7000.0,0.0,0.0,0.0,46.959189310598376,optimal
2021-02-13 07:00:00,30,103,1.0998628545324258,0.0,0.0,1.2780333333333334,13.671,6.0,-10,20.330619953443225,,3849.5199908634895,0.0,0.0,0.0,46.4395644437482,optimal
2021-02-13 07:30:00,30,103,0.0,0.0,0.0,0.2869333333333333,13.9335,6.0,-10,20.33585657276668,,0.0,0.0,0.0,0.0,45.920459201764864,optimal
2021-02-13 08:00:00,30,103,2.0,0.0,0.0,0.067,13.293,6.0,-10,20.254495442291944,,7000.0,0.0,0.0,0.0,45.40187306502352,optimal
2021-02-13 08:30:00,30,103,2.0,0.0,0.0,0.2403333333333333,12.1065,6.0,-10,20.31702841895168,,7000.0,0.0,0.0,0.0,44.88380551441891,optimal
2021-02-13 09:00:00,30,103,2.0,0.0,0.0,0.102,11.571,6.0,-10,20.38249369538069,,7000.0,0.0,0.0,0.0,44.36625603136491,optimal
2021-02-13 09:30:00,30,103,2.0,0.0,0.0,0.2302,11.025,6.0,-10,20.44370679754238,,7000.0,0.0,0.0,0.0,43.849224097793964,optimal
2021-02-13 10:00:00,30,103,2.0,0.0,0.0,0.1914,10.8465,6.0,-10,20.50705763413184,,7000.0,0.0,0.0,0.0,43.33270919615659,optimal
2021-02-13 10:30:00,30,103,2.0,0.0,0.0,0.092,11.2455,6.0,-10,20.56687745756496,,7000.0,0.0,0.0,0.0,42.81671080942085,optimal
2021-02-13 11:00:00,30,103,0.0,0.0,0.0,0.1776666666666666,23.8665,6.0,-10,20.61986958849756,,0.0,0.0,0.0,0.0,42.301228421071855,optimal
2021-02-13 11:30:00,30,103,0.0,0.0,0.0,0.2524333333333333,27.4575,6.0,-10,20.5283300809424,,0.0,0.0,0.0,0.0,41.7862615151112,optimal
2021-02-13 12:00:00,30,103,0.0,0.0,0.0,0.0958,27.3735,6.0,-10,20.441069502026,,0.0,0.0,0.0,0.0,41.271809576056505,optimal
2021-02-13 12:30:00,30,103,0.0,0.0,0.0,0.5025666666666667,30.4605,6.0,-10,20.351134436201008,,0.0,0.0,0.0,0.0,40.757872088940864,optimal
2021-02-13 13:00:00,30,103,0.0,0.0,0.0,0.179,30.0195,6.0,-10,20.26433799796712,,0.0,0.0,0.0,0.0,40.24444853931234,optimal
2021-02-13 13:30:00,30,103,0.0,0.0,0.0,0.069,26.9325,6.0,-10,20.17476902788023,,0.0,0.0,0.0,0.0,39.73153841323345,optimal
2021-02-13 14:00:00,30,103,0.0,0.0,0.0,0.8923333333333334,14.595,6.0,-10,20.08374452722045,,0.0,0.0,0.0,0.0,39.21914119728064,optimal
2021-02-13 14:30:00,30,103,0.98163396019931,0.0,0.0,1.4904666666666666,12.4845,6.0,-10,20.0,,3435.718860697585,0.0,0.0,0.0,38.707256378543775,optimal
2021-02-13 15:00:00,30,103,1.146145902331781,0.0,0.0,0.157,12.1275,6.0,-10,20.0,,3872.177324827901,0.0,139.33333333333331,0.0,38.19588344462565,optimal
2021-02-13 15:30:00,30,103,2.0,0.0,0.0,1.0025666666666668,12.1275,6.0,-10,20.001739674097795,,7000.0,0.0,0.0,0.0,37.68502188364145,optimal
2021-02-13 16:00:00,30,103,0.0,0.0,0.0,0.8449,12.789,6.0,-10,20.075318135885865,,0.0,0.0,0.0,0.0,37.17467118421823,optimal
2021-02-13 16:30:00,30,103,0.9982572927415886,0.0,0.0,1.2602,11.907,6.0,-10,20.0,,3493.90052459556,0.0,0.0,0.0,36.66483083549443,optimal
2021-02-13 17:00:00,30,103,1.1985858836160406,0.0,0.0,0.4936,11.025,6.0,-10,20.0,,3428.7172593228083,0.0,766.3333333333333,0.0,36.15550032711936,optimal
2021-02-13 17:30:00,30,103,2.0,0.0,0.0,0.3444333333333333,8.2005,6.0,-10,20.0,,5885.333333333334,0.0,1114.6666666666663,0.0,35.646679149252655,optimal
2021-02-13 18:00:00,30,103,0.296429329799501,0.0,0.0,0.5038333333333334,9.5655,6.0,-10,20.04971133559083,,1037.5026542982537,0.0,0.0,0.0,35.13836679256382,optimal
2021-02-13 18:30:00,30,103,2.0,0.0,0.0,0.8556333333333334,7.056,6.0,-10,20.0,,6164.0,0.0,836.0,0.0,35.103228425771256,optimal
2021-02-13 19:00:00,30,103,0.8225395196243224,0.0,0.0,1.497766666666667,9.3975,6.0,-10,20.06370100211922,,2878.888318685128,0.0,0.0,0.0,35.06812519734549,optimal
2021-02-13 19:30:00,30,103,0.0,0.0,0.0,1.1404,10.059,6.0,-10,20.061287950465285,,0.0,0.0,0.0,0.0,35.03305707214814,optimal
2021-02-13 20:00:00,30,103,0.8748937770089524,0.0,0.0,0.4231666666666667,9.261,6.0,-10,20.0,,3062.1282195313333,0.0,0.0,0.0,34.99802401507599,optimal
2021-02-13 20:30:00,30,103,0.4379047619047619,0.0,0.0,0.4186333333333333,8.1585,6.0,-10,20.0,,0.0,0.0,1532.6666666666667,0.0,34.96302599106092,optimal
2021-02-13 21:00:00,30,103,0.0,0.0,0.0,0.2433666666666666,9.4815,6.0,-10,19.93420284795771,,0.0,0.0,0.0,0.0,34.928062965069856,optimal
2021-02-13 21:30:00,30,103,0.0,0.0,0.0,0.1573333333333333,8.379,6.0,-10,19.86374893072509,,0.0,0.0,0.0,0.0,34.893134902104784,optimal
2021-02-13 22:00:00,30,103,0.0,0.0,0.0,0.3693666666666667,9.5235,6.0,-10,19.794111940455632,,0.0,0.0,0.0,0.0,34.85824176720268,optimal
2021-02-13 22:30:00,30,103,0.0,0.0,0.0,0.2665666666666667,8.1375,6.0,-10,19.72639682582213,,0.0,0.0,0.0,0.0,34.823383525435474,optimal
2021-02-13 23:00:00,30,103,0.0,0.0,0.0,0.1896666666666666,10.0905,6.0,-10,19.655736114913672,,0.0,0.0,0.0,0.0,34.78856014191004,optimal
2021-02-13 23:30:00,30,103,0.0,0.0,0.0,0.113,7.539,6.0,-10,19.577103001656383,,0.0,0.0,0.0,0.0,34.75377158176813,optimal
2021-02-07 00:00:00,31,103,1.1588166166126563,0.0,0.0,0.064,7.938,6.0,2,21.0,,4055.858158144297,0.0,0.0,0.0,47.952,optimal
2021-02-07 00:30:00,31,103,2.0,0.0,0.0,0.0625666666666666,5.292,6.0,2,21.008181841362266,,7000.0,0.0,0.0,0.0,47.904048,optimal
2021-02-07 01:00:00,31,103,0.0,0.0,0.0,0.1196333333333333,9.261,6.0,2,21.07792336223316,,0.0,0.0,0.0,0.0,47.856143952,optimal
2021-02-07 01:30:00,31,103,0.0,0.0,0.0,0.059,10.3635,6.0,2,21.00074324160546,,0.0,0.0,0.0,0.0,47.80828780804799,optimal
2021-02-07 02:00:00,31,103,0.0,0.0,0.0,0.1125,8.274,6.0,2,20.922410072170024,,0.0,0.0,0.0,0.0,47.76047952023995,optimal
2021-02-07 02:30:00,31,103,2.0,0.0,0.0,0.0697,7.7175,6.0,2,20.84533163815486,,7000.0,0.0,0.0,0.0,47.712719040719705,optimal
2021-02-07 03:00:00,31,103,2.0,0.0,0.0,0.1232,6.615,6.0,2,20.914601113477232,,7000.0,0.0,0.0,0.0,47.66500632167899,optimal
2021-02-07 03:30:00,31,103,2.0,0.0,0.0,0.059,6.174,6.0,2,20.984228863700025,,7000.0,0.0,0.0,0.0,47.61734131535731,optimal
2021-02-07 04:00:00,31,103,2.0,0.0,0.0,0.0982333333333333,3.906,6.0,2,21.051962464584527,,7000.0,0.0,0.0,0.0,47.56972397404195,optimal
2021-02-07 04:30:00,31,103,2.0,0.0,0.0,0.0839666666666666,2.3415,6.0,2,21.11998782313322,,7000.0,0.0,0.0,0.0,47.52215425006791,optimal
2021-02-07 05:00:00,31,103,2.0,0.0,0.0,0.059,2.205,6.0,2,21.187404253056357,,7000.0,0.0,0.0,0.0,47.47463209581784,optimal
2021-02-07 05:30:00,31,103,2.0,0.0,1.611207364127776,0.1252,0.882,6.0,2,21.253989277506395,,7000.0,0.0,0.0,0.0,48.19248096168271,optimal
2021-02-07 06:00:00,31,103,2.0,0.0,0.0,0.0686666666666666,1.5435,6.0,2,21.321623663002597,,7000.0,0.0,0.0,0.0,48.144288480721016,optimal
2021-02-07 06:30:00,31,103,2.0,0.0,0.0,0.1225333333333333,1.5435,6.0,2,21.38759977656401,,7000.0,0.0,0.0,0.0,48.096144192240295,optimal
2021-02-07 07:00:00,31,103,2.0,0.0,0.0,1.0166666666666666,5.0715,6.0,2,21.454853763235,,7000.0,0.0,0.0,0.0,48.048048048048045,optimal
2021-02-07 07:30:00,31,103,2.0,0.0,0.0,0.067,5.376,6.0,2,21.52600551324471,,7000.0,0.0,0.0,0.0,48.0,optimal
2021-02-07 08:00:00,31,103,2.0,0.0,0.0,0.1311999999999999,5.0715,6.0,2,21.595789795858693,,7000.0,0.0,0.0,0.0,47.62334401587028,optimal
2021-02-07 08:30:00,31,103,2.0,0.0,0.0,0.0706666666666666,5.5125,6.0,2,21.667416686911363,,7000.0,0.0,0.0,0.0,47.247064687724695,optimal
2021-02-07 09:00:00,31,103,0.0,0.0,0.0,0.0859333333333333,9.261,6.0,2,21.73270363487196,,0.0,0.0,0.0,0.0,46.87116163890725,optimal
2021-02-07 09:30:00,31,103,0.0,0.0,0.0,1.2490666666666663,11.7075,6.0,2,21.64373994334084,,0.0,0.0,0.0,0.0,46.49563449313863,optimal
2021-02-07 10:00:00,31,103,0.0,0.0,0.0,0.2801666666666667,12.348,6.0,2,21.567278554659318,,0.0,0.0,0.0,0.0,46.12048287451577,optimal
2021-02-07 10:30:00,31,103,0.0,0.0,0.0,0.1377666666666666,12.348,6.0,2,21.486547744492665,,0.0,0.0,0.0,0.0,45.74570640751154,optimal
2021-02-07 11:00:00,31,103,0.0,0.0,0.0,0.0954,12.1275,6.0,2,21.4020716569269,,0.0,0.0,0.0,0.0,45.37130471697432,optimal
2021-02-07 11:30:00,31,103,0.0,0.0,0.0,0.3688,12.5265,6.0,2,21.318191739616417,,0.0,0.0,0.0,0.0,44.99727742812762,optimal
2021-02-07 12:00:00,31,103,0.0,0.0,0.0,0.0901,11.7495,6.0,2,21.24346827389987,,0.0,0.0,0.0,0.0,44.623624166569776,optimal
2021-02-07 12:30:00,31,103,0.0,0.0,0.0,0.1406333333333333,13.23,6.0,2,21.16354263656677,,0.0,0.0,0.0,0.0,44.25034455827349,optimal
2021-02-07 13:00:00,31,103,0.0,0.0,0.0,0.1762333333333333,14.3325,6.0,2,21.08366875214258,,0.0,0.0,0.0,0.0,43.8774382295855,optimal
2021-02-07 13:30:00,31,103,0.0,0.0,0.0,0.069,14.994,6.0,2,21.002064818985613,,0.0,0.0,0.0,0.0,43.5049048072262,optimal
2021-02-07 14:00:00,31,103,0.0,0.0,0.0,0.069,14.8155,6.0,2,20.914337939275683,,0.0,0.0,0.0,0.0,43.13274391828925,optimal
2021-02-07 14:30:00,31,103,0.0,0.0,0.0,0.069,14.112,6.0,2,20.827235883006026,,0.0,0.0,0.0,0.0,42.76095519024124,optimal
2021-02-07 15:00:00,31,103,0.0,0.0,0.0,0.069,14.007,6.0,2,20.74075581527699,,0.0,0.0,0.0,0.0,42.38953825092128,optimal
2021-02-07 15:30:00,31,103,0.0,0.0,0.0,0.069,13.23,6.0,2,20.654894914977007,,0.0,0.0,0.0,0.0,42.01849272854064,optimal
2021-02-07 16:00:00,31,103,0.0,0.0,0.0,0.1160333333333333,11.382,6.0,2,20.568743035926563,,0.0,0.0,0.0,0.0,41.64781825168239,optimal
2021-02-07 16:30:00,31,103,0.0,0.0,0.0,0.0964,11.7495,6.0,2,20.48938846733721,,0.0,0.0,0.0,0.0,41.27751444930099,optimal
2021-02-07 17:00:00,31,103,0.0,0.0,0.0,0.0798,24.3285,6.0,2,20.412520187859048,,0.0,0.0,0.0,0.0,40.90758095072197,optimal
2021-02-07 17:30:00,31,103,0.0,0.0,0.0,0.1082666666666666,28.917,6.0,2,20.332839755561093,,0.0,0.0,0.0,0.0,40.86667336977125,optimal
2021-02-07 18:00:00,31,103,0.0,0.0,0.0,2.232466666666667,31.3635,6.0,2,20.26367310094803,,0.0,0.0,0.0,0.0,40.82580669640148,optimal
2021-02-07 18:30:00,31,103,0.0,0.0,0.0,1.3196666666666668,33.306,6.0,2,20.22494950333449,,0.0,0.0,0.0,0.0,40.78498088970508,optimal
2021-02-07 19:00:00,31,103,0.0,0.0,0.0,0.1994,31.3425,6.0,2,20.17022523709489,,0.0,0.0,0.0,0.0,40.74419590881537,optimal
2021-02-07 19:30:00,31,103,0.0,0.0,0.0,0.7117333333333333,28.2555,6.0,2,20.110869102362145,,0.0,0.0,0.0,0.0,40.70345171290656,optimal
2021-02-07 20:00:00,31,103,0.0,0.0,0.0,0.8092,15.6975,6.0,2,20.055967349329578,,0.0,0.0,0.0,0.0,40.66274826119365,optimal
2021-02-07 20:30:00,31,103,0.0,0.0,0.0,0.2177333333333332,12.5475,6.0,2,20.0,,0.0,0.0,0.0,0.0,40.62208551293246,optimal
2021-02-07 21:00:00,31,103,0.0,0.0,0.0,0.1409666666666666,12.0855,6.0,2,19.9403393628214,,0.0,0.0,0.0,0.0,40.58146342741953,optimal
2021-02-07 21:30:00,31,103,0.0,0.0,0.0,2.4512,11.907,6.0,2,19.87950213950069,,0.0,0.0,0.0,0.0,40.540881963992106,optimal
2021-02-07 22:00:00,31,103,0.0,0.0,0.0,1.1232666666666669,12.5685,6.0,2,19.826090756545167,,0.0,0.0,0.0,0.0,40.50034108202812,optimal
2021-02-07 22:30:00,31,103,0.0,0.0,0.0,0.2362666666666666,13.146,6.0,2,19.76698757413058,,0.0,0.0,0.0,0.0,40.459840740946085,optimal
2021-02-07 23:00:00,31,103,0.0,0.0,0.0,0.1699333333333333,10.584,6.0,2,19.703368047084147,,0.0,0.0,0.0,0.0,40.41938090020514,optimal
2021-02-07 23:30:00,31,103,0.0,0.0,0.0,0.069,6.678,6.0,2,19.63269054932637,,0.0,0.0,0.0,0.0,40.37896151930494,optimal
2021-02-08 00:00:00,31,103,0.0,0.0,0.0,0.067,12.348,6.0,7,19.63269054932637,,0.0,0.0,0.0,0.0,40.33858255778564,optimal
2021-02-08 00:30:00,31,103,0.0,0.0,0.0,0.069,12.1275,6.0,7,19.55672854307056,,0.0,0.0,0.0,0.0,40.29824397522785,optimal
2021-02-08 01:00:00,31,103,0.0,0.0,0.0,0.073,12.1275,6.0,7,19.48111115234204,,0.0,0.0,0.0,0.0,40.25794573125262,optimal
2021-02-08 01:30:00,31,103,2.0,0.0,0.0,0.185,11.2665,6.0,7,19.40583681372947,,0.0,0.0,7000.0,0.0,40.21768778552136,optimal
2021-02-08 02:00:00,31,103,2.0,0.0,0.0,0.073,10.143,6.0,7,19.33303478244884,,902.666666666667,0.0,6097.333333333333,0.0,40.17747009773584,optimal
2021-02-08 02:30:00,31,103,2.0,0.0,0.0,0.073,11.2455,6.0,7,19.276980052526,,7000.0,0.0,0.0,0.0,40.1372926276381,optimal
2021-02-08 03:00:00,31,103,2.0,0.0,0.0,0.1626,11.025,6.0,7,19.349757812488967,,7000.0,0.0,0.0,0.0,40.09715533501046,optimal
2021-02-08 03:30:00,31,103,2.0,0.0,0.0,0.0954,5.9745,6.0,7,19.4243183535198,,7000.0,0.0,0.0,0.0,40.05705817967545,optimal
2021-02-08 04:00:00,31,103,2.0,0.0,0.0,0.1626,7.938,6.0,7,19.4968992154817,,7000.0,0.0,0.0,0.0,40.017001121495774,optimal
2021-02-08 04:30:00,31,103,2.0,0.0,0.0,0.0954,8.6835,6.0,7,19.57033855436023,,7000.0,0.0,0.0,0.0,39.97698412037428,optimal
2021-02-08 05:00:00,31,103,2.0,0.0,0.0,0.0954,7.665,6.0,7,19.641576466568303,,7000.0,0.0,0.0,0.0,39.937007136253904,optimal
2021-02-08 05:30:00,31,103,2.0,0.0,0.0,0.1626,6.7725,6.0,7,19.71203752668524,,7000.0,0.0,0.0,0.0,39.89707012911765,optimal
2021-02-08 06:00:00,31,103,2.0,0.0,2.6145059261158337,0.0785999999999999,5.5755,6.0,7,19.783366680587367,,7000.0,0.0,0.0,0.0,41.09906337389355,optimal
2021-02-08 06:30:00,31,103,2.0,0.0,5.0,0.1787333333333333,5.0925,6.0,7,19.85237716834777,,7000.0,0.0,0.0,0.0,43.43296431051965,optimal
2021-02-08 07:00:00,31,103,2.0,0.0,5.0,0.071,4.1895,6.0,7,19.923411682946437,,7000.0,0.0,0.0,0.0,45.764531346209125,optimal
2021-02-08 07:30:00,31,103,2.0,0.0,0.0,0.1695,7.056,6.0,7,19.993324531252007,,7000.0,0.0,0.0,0.0,45.71876681486292,optimal
2021-02-08 08:00:00,31,103,2.0,0.0,5.0,2.8091666666666666,5.271,6.0,7,20.068774708384836,,7000.0,0.0,0.0,0.0,48.048048048048045,optimal
2021-02-08 08:30:00,31,103,2.0,0.0,0.0,1.1914,7.938,6.0,7,20.187492122356144,,7000.0,0.0,0.0,0.0,48.0,optimal
2021-02-08 09:00:00,31,103,2.0,0.0,0.0,1.4572333333333332,7.938,6.0,7,20.28558328876132,,7000.0,0.0,0.0,0.0,47.73621948231482,optimal
2021-02-08 09:30:00,31,103,2.0,0.0,0.0,0.7112,11.907,6.0,7,20.370283485085864,,7000.0,0.0,0.0,0.0,47.47270274514733,optimal
2021-02-08 10:00:00,31,103,2.0,0.0,0.0,0.6657666666666666,11.025,6.0,7,20.45438612559105,,7000.0,0.0,0.0,0.0,47.20944952471701,optimal
2021-02-08 10:30:00,31,103,2.0,0.0,0.0,0.1122,11.2875,6.0,7,20.53255329406524,,7000.0,0.0,0.0,0.0,46.94645955750712,optimal
2021-02-08 11:00:00,31,103,1.722357712310801,0.0,0.0,0.073,12.936,6.0,7,20.5920261533592,,6028.251993087803,0.0,0.0,0.0,46.68373258026443,optimal
2021-02-08 11:30:00,31,103,0.0,0.0,0.0,0.073,13.0095,6.0,7,20.629267834874984,,0.0,0.0,0.0,0.0,46.421268329999,optimal
2021-02-08 12:00:00,31,103,0.0,0.0,0.0,0.073,13.671,6.0,7,20.539897068142384,,0.0,0.0,0.0,0.0,46.15906654398382,optimal
2021-02-08 12:30:00,31,103,0.0,0.0,0.0,0.073,13.188,6.0,7,20.451385417121184,,0.0,0.0,0.0,0.0,45.89712695975466,optimal
2021-02-08 13:00:00,31,103,0.0,0.0,0.0,0.1514,13.8495,6.0,7,20.364182651944983,,0.0,0.0,0.0,0.0,45.63544931510973,optimal
2021-02-08 13:30:00,31,103,2.0,0.0,0.0,0.1066,13.23,6.0,7,20.279933186375445,,7000.0,0.0,0.0,0.0,45.37403334810945,optimal
2021-02-08 14:00:00,31,103,0.0,0.0,0.0,0.073,13.3665,6.0,7,20.34292939858349,,0.0,0.0,0.0,0.0,45.11287879707616,optimal
2021-02-08 14:30:00,31,103,2.0,0.0,0.0,0.185,13.0515,6.0,7,20.25803333691296,,7000.0,0.0,0.0,0.0,44.85198540059391,optimal
2021-02-08 15:00:00,31,103,0.0,0.0,0.0,0.073,13.5345,6.0,7,20.322552419665755,,0.0,0.0,0.0,0.0,44.59135289750815,optimal
2021-02-08 15:30:00,31,103,0.0,0.0,0.0,0.1794,14.154,6.0,7,20.236387795717445,,0.0,0.0,0.0,0.0,44.33098102692546,optimal
2021-02-08 16:00:00,31,103,0.0,0.0,0.0,0.0785999999999999,14.112,6.0,7,20.15308067086759,,0.0,0.0,0.0,0.0,44.070869528213365,optimal
2021-02-08 16:30:00,31,103,0.0,0.0,0.0,0.4675,14.2485,6.0,7,20.06825643547088,,0.0,0.0,0.0,0.0,43.81101814099998,optimal
2021-02-08 17:00:00,31,103,1.7559921692194804,0.0,0.0,0.4809333333333332,12.789,6.0,7,20.0,,6145.972592268182,0.0,0.0,0.0,43.5514266051738,optimal
2021-02-08 17:30:00,31,103,0.0,0.0,0.0,1.5569000000000002,13.0095,6.0,7,20.061166850788496,,0.0,0.0,0.0,0.0,43.29209466088345,optimal
2021-02-08 18:00:00,31,103,2.0,0.0,0.0,0.475,12.1275,6.0,7,20.0,,7000.0,0.0,0.0,0.0,43.03302204853739,optimal
2021-02-08 18:30:00,31,103,0.0,0.0,0.0,0.3851333333333333,12.348,6.0,7,20.082783261316745,,0.0,0.0,0.0,0.0,42.98998902648885,optimal
2021-02-08 19:00:00,31,103,1.6932279808802548,0.0,0.0,0.4145333333333333,12.348,6.0,7,20.02210942573023,,5926.297933080892,0.0,0.0,0.0,42.94699903746236,optimal
2021-02-08 19:30:00,31,103,0.0,0.0,0.0,1.3759,25.389,6.0,7,20.08982658464571,,0.0,0.0,0.0,0.0,42.9040520384249,optimal
2021-02-08 20:00:00,31,103,0.0,0.0,0.0,1.9545666666666663,29.1375,6.0,7,20.048765355151488,,0.0,0.0,0.0,0.0,42.86114798638648,optimal
2021-02-08 20:30:00,31,103,0.0,0.0,0.0,0.757,30.597,6.0,7,20.0,,0.0,0.0,0.0,0.0,42.81828683840009,optimal
2021-02-08 21:00:00,31,103,0.0,0.0,0.0,0.4231999999999999,33.684,6.0,7,19.94510683230532,,0.0,0.0,0.0,0.0,42.775468551561694,optimal
2021-02-08 21:30:00,31,103,0.0,0.0,0.0,1.4360666666666666,32.445,6.0,7,19.883616722048867,,0.0,0.0,0.0,0.0,42.73269308301013,optimal
2021-02-08 22:00:00,31,103,0.0,0.0,0.0,0.6679333333333333,28.917,6.0,7,19.828927703841305,,0.0,0.0,0.0,0.0,42.68996038992712,optimal
2021-02-08 22:30:00,31,103,0.0,0.0,0.0,0.5078,15.876,6.0,7,19.76643025285281,,0.0,0.0,0.0,0.0,42.6472704295372,optimal
2021-02-08 23:00:00,31,103,0.0,0.0,0.0,0.4244,12.348,6.0,7,19.70227767967221,,0.0,0.0,0.0,0.0,42.60462315910765,optimal
2021-02-08 23:30:00,31,103,0.0,0.0,0.0,0.494,12.1275,6.0,7,19.637837068736268,,0.0,0.0,0.0,0.0,42.56201853594855,optimal
2021-02-09 00:00:00,31,103,2.0,0.0,5.0,0.062,11.361,6.0,-10,19.637837068736268,,7000.0,0.0,0.0,0.0,44.8944565174126,optimal
2021-02-09 00:30:00,31,103,2.0,0.0,5.0,0.1747333333333333,11.571,6.0,-10,19.703332269835855,,0.0,0.0,7000.0,0.0,47.22456206089519,optimal
2021-02-09 01:00:00,31,103,2.0,0.0,0.0,0.1378666666666666,14.3745,6.0,-10,19.623777402097563,,3828.6666666666665,0.0,3171.333333333333,0.0,47.17733749883429,optimal
2021-02-09 01:30:00,31,103,2.0,0.0,3.1541679291000504,0.0932666666666666,13.23,6.0,-10,19.62462922003125,,7000.0,0.0,0.0,0.0,48.62838992765797,optimal
2021-02-09 02:00:00,31,103,2.0,0.0,0.0,0.1747333333333333,13.9755,6.0,-10,19.69084251703507,,7000.0,0.0,0.0,0.0,48.57976153773031,optimal
2021-02-09 02:30:00,31,103,2.0,0.0,0.0,0.1691333333333333,14.994,6.0,-10,19.758016663589327,,7000.0,0.0,0.0,0.0,48.53118177619257,optimal
2021-02-09 03:00:00,31,103,2.0,0.0,0.0,0.1331999999999999,13.671,6.0,-10,19.82499501420456,,7000.0,0.0,0.0,0.0,48.48265059441637,optimal
2021-02-09 03:30:00,31,103,0.0,0.0,0.0,0.2017333333333333,15.981,6.0,-10,19.89113992810796,,0.0,0.0,0.0,0.0,48.434167943821954,optimal
2021-02-09 04:00:00,31,103,1.9177286073534028,0.0,0.0,0.0709333333333333,15.6345,6.0,-10,19.811528231747424,,6712.05012573691,0.0,0.0,0.0,48.38573377587813,optimal
2021-02-09 04:30:00,31,103,0.0,0.0,0.0,0.1925333333333333,16.5375,6.0,-10,19.871269375723145,,0.0,0.0,0.0,0.0,48.33734804210225,optimal
2021-02-09 05:00:00,31,103,2.0,0.0,0.0,0.1513333333333333,14.7735,6.0,-10,19.791554162004008,,7000.0,0.0,0.0,0.0,48.28901069406015,optimal
2021-02-09 05:30:00,31,103,2.0,0.0,0.0,0.2849333333333333,15.2145,6.0,-10,19.858232500508034,,7000.0,0.0,0.0,0.0,48.24072168336608,optimal
2021-02-09 06:00:00,31,103,2.0,0.0,0.0,0.1595333333333333,14.553,6.0,-10,19.92786273358793,,7000.0,0.0,0.0,0.0,48.19248096168271,optimal
2021-02-09 06:30:00,31,103,2.0,0.0,0.0,0.1259333333333333,14.3325,6.0,-10,19.99558987563816,,7000.0,0.0,0.0,0.0,48.144288480721016,optimal
2021-02-09 07:00:00,31,103,2.0,0.0,0.0,1.6260333333333332,14.595,6.0,-10,20.06589965036814,,7000.0,0.0,0.0,0.0,48.096144192240295,optimal
2021-02-09 07:30:00,31,103,2.0,0.0,0.0,0.3031999999999999,14.994,6.0,-10,20.140738730799143,,7000.0,0.0,0.0,0.0,48.048048048048045,optimal
2021-02-09 08:00:00,31,103,2.0,0.0,0.0,0.1881333333333333,14.3325,6.0,-10,20.210951623191068,,7000.0,0.0,0.0,0.0,48.0,optimal
2021-02-09 08:30:00,31,103,2.0,0.0,0.0,0.5437000000000001,13.8915,6.0,-10,20.27815872509805,,7000.0,0.0,0.0,0.0,47.91611126749629,optimal
2021-02-09 09:00:00,31,103,2.0,0.0,0.0,0.1926999999999999,13.8915,6.0,-10,20.34654962744567,,7000.0,0.0,0.0,0.0,47.83230642372507,optimal
2021-02-09 09:30:00,31,103,2.0,0.0,0.0,0.072,13.4715,6.0,-10,20.404033079662707,,7000.0,0.0,0.0,0.0,47.74858538479764,optimal
2021-02-09 10:00:00,31,103,2.0,0.0,0.0,0.2918666666666666,13.23,6.0,-10,20.46210859568645,,7000.0,0.0,0.0,0.0,47.664948066909126,optimal
2021-02-09 10:30:00,31,103,2.0,0.0,0.0,0.072,13.8915,6.0,-10,20.5259099312279,,7000.0,0.0,0.0,0.0,47.5813943863385,optimal
2021-02-09 11:00:00,31,103,0.0,0.0,0.0,0.1613333333333333,26.9325,6.0,-10,20.58592770805089,,0.0,0.0,0.0,0.0,47.497924259448446,optimal
2021-02-09 11:30:00,31,103,0.0,0.0,0.0,0.1016666666666666,30.303,6.0,-10,20.501335024138644,,0.0,0.0,0.0,0.0,47.414537602685286,optimal
2021-02-09 12:00:00,31,103,0.0,0.0,0.0,0.1907333333333332,32.886,6.0,-10,20.416096936874645,,0.0,0.0,0.0,0.0,47.33123433257889,optimal
2021-02-09 12:30:00,31,103,0.0,0.0,0.0,0.1434666666666666,34.9965,6.0,-10,20.333347272792704,,0.0,0.0,0.0,0.0,47.24801436574259,optimal
2021-02-09 13:00:00,31,103,0.0,0.0,0.0,0.072,33.327,6.0,-10,20.249751200939407,,0.0,0.0,0.0,0.0,47.164877618873135,optimal
2021-02-09 13:30:00,31,103,0.0,0.0,0.0,0.1791333333333333,31.122,6.0,-10,20.164803141624315,,0.0,0.0,0.0,0.0,47.081824008750544,optimal
2021-02-09 14:00:00,31,103,0.0,0.0,0.0,0.1847333333333333,17.9025,6.0,-10,20.08226883092549,,0.0,0.0,0.0,0.0,46.99885345223808,optimal
2021-02-09 14:30:00,31,103,1.131531770402732,0.0,0.0,0.1256,15.6555,6.0,-10,20.0,,3960.361196409562,0.0,0.0,0.0,46.91596586628213,optimal
2021-02-09 15:00:00,31,103,1.1397153400059328,0.0,0.0,0.1077333333333333,14.553,6.0,-10,20.0,,3989.003690020765,0.0,0.0,0.0,46.83316116791213,optimal
2021-02-09 15:30:00,31,103,1.064801054291675,0.0,0.0,0.3608,14.3325,6.0,-10,20.0,,3517.803690020862,0.0,209.0,0.0,46.750439274240506,optimal
2021-02-09 16:00:00,31,103,0.9975248901245712,0.0,0.0,0.4228666666666666,13.335,6.0,-10,20.0,,3003.6704487693323,0.0,487.6666666666667,0.0,46.66780010246255,optimal
2021-02-09 16:30:00,31,103,1.7024961316304192,0.0,0.0,2.9181,12.1275,6.0,-10,20.0,,4407.956460706468,0.0,1550.78,0.0,46.58524356985637,optimal
2021-02-09 17:00:00,31,103,0.0,0.0,0.0,0.2918,12.2955,6.0,-10,20.071275301876103,,0.0,0.0,0.0,0.0,46.5027695937828,optimal
2021-02-09 17:30:00,31,103,1.373984314617754,0.0,0.0,0.298,11.6865,6.0,-10,20.0,,3364.0584344954714,0.0,1444.8866666666668,0.0,46.4203780916853,optimal
2021-02-09 18:00:00,31,103,0.6392885663687005,0.0,0.0,1.5290333333333332,11.466,6.0,-10,20.0,,2028.509982290452,0.0,209.0,0.0,46.338068981089904,optimal
2021-02-09 18:30:00,31,103,2.0,0.0,0.0,1.3282333333333332,10.8045,6.0,-10,20.0,,2115.414222405486,0.0,4884.585777594514,0.0,46.2558421796051,optimal
2021-02-09 19:00:00,31,103,2.0,0.0,0.0,0.5918,10.584,6.0,-10,20.0,,4639.252444261181,0.0,2360.747555738819,0.0,46.17369760492178,optimal
2021-02-09 19:30:00,31,103,1.1279831292227829,0.0,0.0,0.5303,11.2455,6.0,-10,20.039977404464324,,3947.94095227974,0.0,0.0,0.0,46.09163517481314,optimal
2021-02-09 20:00:00,31,103,0.0,0.0,0.0,0.4500333333333333,12.1275,6.0,-10,20.06466181612837,,0.0,0.0,0.0,0.0,46.009654807134616,optimal
2021-02-09 20:30:00,31,103,0.0,0.0,0.0,0.6606666666666666,11.823,6.0,-10,20.0,,0.0,0.0,0.0,0.0,45.96364515232748,optimal
2021-02-09 21:00:00,31,103,0.0,0.0,0.0,1.6841333333333337,11.7705,6.0,-10,19.93800549685366,,0.0,0.0,0.0,0.0,45.91768150717515,optimal
2021-02-09 21:30:00,31,103,0.2587619047619047,0.0,0.0,0.1636,11.13,6.0,-10,19.88836062041292,,0.0,0.0,905.6666666666666,0.0,45.871763825667976,optimal
2021-02-09 22:00:00,31,103,0.0,0.0,0.0,1.5771666666666668,11.6865,6.0,-10,19.819153098696702,,0.0,0.0,0.0,0.0,45.82589206184231,optimal
2021-02-09 22:30:00,31,103,0.2189523809523809,0.0,0.0,1.5508,10.7205,6.0,-10,19.76130645891666,,0.0,0.0,766.3333333333334,0.0,45.78006616978047,optimal
2021-02-09 23:00:00,31,103,0.0,0.0,0.0,0.4795666666666666,11.424,6.0,-10,19.702767876582207,,0.0,0.0,0.0,0.0,45.734286103610685,optimal
2021-02-09 23:30:00,31,103,0.0,0.0,0.0,0.557,10.689,6.0,-10,19.638330655220457,,0.0,0.0,0.0,0.0,45.68855181750708,optimal
2021-02-10 00:00:00,31,103,2.0,0.0,0.0,0.059,11.508,6.0,-1,19.638330655220457,,7000.0,0.0,0.0,0.0,45.64286326568957,optimal
2021-02-10 00:30:00,31,103,2.0,0.0,0.0,0.059,11.508,6.0,-1,19.70462136354715,,0.0,0.0,7000.0,0.0,45.59722040242388,optimal
2021-02-10 01:00:00,31,103,2.0,0.0,0.0,0.1787,11.508,6.0,-1,19.622804809011512,,0.0,0.0,7000.0,0.0,45.55162318202146,optimal
2021-02-10 01:30:00,31,103,2.0,0.0,0.0,0.1145,11.844,6.0,-1,19.543425495766364,,866.333333333333,0.0,6133.666666666667,0.0,45.50607155883944,optimal
2021-02-10 02:00:00,31,103,2.0,0.0,0.0,0.1436666666666666,11.508,6.0,-1,19.480837866790477,,7000.0,0.0,0.0,0.0,45.4605654872806,optimal
2021-02-10 02:30:00,31,103,2.0,0.0,0.0,0.1274,11.508,6.0,-1,19.547810664682583,,7000.0,0.0,0.0,0.0,45.41510492179332,optimal
2021-02-10 03:00:00,31,103,2.0,0.0,5.0,0.1364666666666666,10.4475,6.0,-1,19.614137208267344,,7000.0,0.0,0.0,0.0,47.74468981687152,optimal
2021-02-10 03:30:00,31,103,2.0,0.0,0.0,0.0932,10.8675,6.0,-1,19.6803537063934,,7000.0,0.0,0.0,0.0,47.69694512705465,optimal
2021-02-10 04:00:00,31,103,2.0,0.0,1.6524626566197156,0.1541999999999999,10.542,6.0,-1,19.745359020293392,,7000.0,0.0,0.0,0.0,48.434167943821954,optimal
2021-02-10 04:30:00,31,103,2.0,0.0,0.0,0.1424666666666666,11.025,6.0,-1,19.811269298949,,7000.0,0.0,0.0,0.0,48.38573377587813,optimal
2021-02-10 05:00:00,31,103,2.0,0.0,0.0,0.1331,11.025,6.0,-1,19.87613780302971,,7000.0,0.0,0.0,0.0,48.33734804210225,optimal
2021-02-10 05:30:00,31,103,2.0,0.0,0.0,0.1103,14.553,6.0,-1,19.94018748129729,,7000.0,0.0,0.0,0.0,48.28901069406015,optimal
2021-02-10 06:00:00,31,103,2.0,0.0,0.0,0.1091333333333333,13.0935,6.0,-1,20.00301296891295,,7000.0,0.0,0.0,0.0,48.24072168336608,optimal
2021-02-10 06:30:00,31,103,2.0,0.0,0.0,0.2220666666666666,15.6345,6.0,-1,20.06506819332771,,7000.0,0.0,0.0,0.0,48.19248096168271,optimal
2021-02-10 07:00:00,31,103,0.0,0.0,0.0,0.1475999999999999,18.102,6.0,-1,20.129923034879774,,0.0,0.0,0.0,0.0,48.144288480721016,optimal
2021-02-10 07:30:00,31,103,2.0,0.0,0.0,0.3049333333333333,17.199,6.0,-1,20.051554252266257,,7000.0,0.0,0.0,0.0,48.096144192240295,optimal
2021-02-10 08:00:00,31,103,0.0,0.0,0.0,0.1798,18.2805,6.0,-1,20.126476937042245,,0.0,0.0,0.0,0.0,48.048048048048045,optimal
2021-02-10 08:30:00,31,103,1.0393205804601735,0.0,0.0,1.4675,17.4615,6.0,-1,20.0551752921079,,3637.622031610607,0.0,0.0,0.0,48.0,optimal
2021-02-10 09:00:00,31,103,0.0,0.0,0.0,0.3110333333333334,18.3225,6.0,-1,20.073715910447824,,0.0,0.0,0.0,0.0,47.59579720969312,optimal
2021-02-10 09:30:00,31,103,2.0,0.0,0.0,1.3667,17.094,6.0,-1,20.0,,7000.0,0.0,0.0,0.0,47.19199862217656,optimal
2021-02-10 10:00:00,31,103,2.0,0.0,0.0,0.7931,17.094,6.0,-1,20.075837342052974,,7000.0,0.0,0.0,0.0,46.78860383324751,optimal
2021-02-10 10:30:00,31,103,2.0,0.0,0.0,0.3876,17.094,6.0,-1,20.155902287336662,,7000.0,0.0,0.0,0.0,46.38561243910738,optimal
2021-02-10 11:00:00,31,103,0.7055433056477667,0.0,0.0,1.3970333333333331,17.3565,6.0,-1,20.230222409339294,,2469.4015697671834,0.0,0.0,0.0,45.9830240363614,optimal
2021-02-10 11:30:00,31,103,2.0,0.0,0.0,2.233033333333333,17.115,6.0,-1,20.22552067148109,,7000.0,0.0,0.0,0.0,45.580838222018166,optimal
2021-02-10 12:00:00,31,103,2.0,0.0,0.0,0.4296,17.241,6.0,-1,20.333522885363447,,7000.0,0.0,0.0,0.0,45.17905459348928,optimal
2021-02-10 12:30:00,31,103,2.0,0.0,0.0,0.5135333333333333,17.094,6.0,-1,20.40639650466675,,7000.0,0.0,0.0,0.0,44.77767274858891,optimal
2021-02-10 13:00:00,31,103,2.0,0.0,0.0,0.2632,16.5165,6.0,-1,20.480316216145468,,7000.0,0.0,0.0,0.0,44.37669228553345,optimal
2021-02-10 13:30:00,31,103,0.0,0.0,0.0,0.2104,17.8185,6.0,-1,20.54863095829056,,0.0,0.0,0.0,0.0,43.976112802941046,optimal
2021-02-10 14:00:00,31,103,2.0,0.0,0.0,0.4941,17.094,6.0,-1,20.470019050030608,,7000.0,0.0,0.0,0.0,43.57593389983123,optimal
2021-02-10 14:30:00,31,103,2.0,0.0,0.0,0.3241666666666666,16.8945,6.0,-1,20.55085159815403,,7000.0,0.0,0.0,0.0,43.17615517562452,optimal
2021-02-10 15:00:00,31,103,0.0,0.0,0.0,0.4241,18.123,6.0,-1,20.625635227898616,,0.0,0.0,0.0,0.0,42.776776230142026,optimal
2021-02-10 15:30:00,31,103,0.0,0.0,0.0,0.5044333333333333,31.647,6.0,-1,20.55541978094536,,0.0,0.0,0.0,0.0,42.37779666360501,optimal
2021-02-10 16:00:00,31,103,0.0,0.0,0.0,0.2414666666666666,34.9965,6.0,-1,20.490323711560148,,0.0,0.0,0.0,0.0,41.97921607663453,optimal
2021-02-10 16:30:00,31,103,0.0,0.0,0.0,0.4128333333333333,34.9965,6.0,-1,20.41659261184052,,0.0,0.0,0.0,0.0,41.58103407025102,optimal
2021-02-10 17:00:00,31,103,0.0,0.0,0.0,0.3882,34.9965,6.0,-1,20.345545168260838,,0.0,0.0,0.0,0.0,41.1832502458739,optimal
2021-02-10 17:30:00,31,103,0.0,0.0,0.0,0.1047666666666666,34.9965,6.0,-1,20.27175223231325,,0.0,0.0,0.0,0.0,40.785864205321154,optimal
2021-02-10 18:00:00,31,103,0.0,0.0,0.0,0.6632,34.9965,6.0,-1,20.19649094465595,,0.0,0.0,0.0,0.0,40.38887555080896,optimal
2021-02-10 18:30:00,31,103,0.0,0.0,0.0,0.9426666666666668,27.741,6.0,-1,20.133636465880617,,0.0,0.0,0.0,0.0,39.99228388495128,optimal
2021-02-10 19:00:00,31,103,0.0,0.0,0.0,1.1233,19.026,6.0,-1,20.067935200465115,,0.0,0.0,0.0,0.0,39.596088810759454,optimal
2021-02-10 19:30:00,31,103,0.7894868512618071,0.0,0.0,1.4601333333333335,18.7215,6.0,-1,20.0,,2763.2039794163247,0.0,0.0,0.0,39.20028993164182,optimal
2021-02-10 20:00:00,31,103,0.9679665082404436,0.0,0.0,0.2916666666666667,17.4195,6.0,-1,20.0,,3387.8827788415524,0.0,0.0,0.0,38.8048868514033,optimal
2021-02-10 20:30:00,31,103,0.0,0.0,0.0,0.3581666666666667,16.758,6.0,-1,20.0,,0.0,0.0,0.0,0.0,38.7660819645519,optimal
2021-02-10 21:00:00,31,103,0.0,0.0,0.0,0.2076,14.217,6.0,-1,19.92918309082426,,0.0,0.0,0.0,0.0,38.72731588258735,optimal
2021-02-10 21:30:00,31,103,0.0,0.0,0.0,0.2546333333333333,13.3665,6.0,-1,19.856512055279453,,0.0,0.0,0.0,0.0,38.68858856670476,optimal
2021-02-10 22:00:00,31,103,0.1791428571428571,0.0,0.0,0.204,12.789,6.0,-1,19.782947037177117,,0.0,0.0,627.0,0.0,38.64989997813805,optimal
2021-02-10 22:30:00,31,103,0.0,0.0,0.0,0.4061333333333333,11.907,6.0,-1,19.70390310333008,,0.0,0.0,0.0,0.0,38.61125007815991,optimal
2021-02-10 23:00:00,31,103,0.0,0.0,0.0,0.2398333333333333,11.7075,6.0,-1,19.626794888563904,,0.0,0.0,0.0,0.0,38.57263882808175,optimal
2021-02-10 23:30:00,31,103,0.0796190476190476,0.0,0.0,0.0838,10.8045,6.0,-1,19.541314348274238,,0.0,0.0,278.66666666666663,0.0,38.53406618925367,optimal
2021-02-11 00:00:00,31,103,2.0,0.0,0.0,0.065,11.025,6.0,-4,19.541314348274238,,7000.0,0.0,0.0,0.0,38.495532123064415,optimal
2021-02-11 00:30:00,31,103,2.0,0.0,5.0,0.065,10.7835,6.0,-4,19.589594247224504,,3656.000000000001,0.0,3343.9999999999995,0.0,40.83203659094135,optimal
2021-02-11 01:00:00,31,103,2.0,0.0,1.366911995168338,0.065,11.025,6.0,-4,19.56771622015295,,7000.0,0.0,0.0,0.0,41.44048775205536,optimal
2021-02-11 01:30:00,31,103,2.0,0.0,5.0,0.065,10.584,6.0,-4,19.616783678745303,,7000.0,0.0,0.0,0.0,43.7740472643033,optimal
2021-02-11 02:00:00,31,103,2.0,0.0,5.0,0.065,11.025,6.0,-4,19.665628533842188,,7000.0,0.0,0.0,0.0,46.10527321703899,optimal
2021-02-11 02:30:00,31,103,2.0,0.0,5.0,0.065,10.4265,6.0,-4,19.71425179532505,,7000.0,0.0,0.0,0.0,48.434167943821954,optimal
2021-02-11 03:00:00,31,103,2.0,0.0,0.0,0.065,12.789,6.0,-4,19.762200800213755,,7000.0,0.0,0.0,0.0,48.38573377587813,optimal
2021-02-11 03:30:00,31,103,2.0,0.0,0.0,0.065,12.684,6.0,-4,19.8094786073966,,7000.0,0.0,0.0,0.0,48.33734804210225,optimal
2021-02-11 04:00:00,31,103,2.0,0.0,0.0,0.0643333333333333,16.254,6.0,-4,19.85767610086492,,7000.0,0.0,0.0,0.0,48.28901069406015,optimal
2021-02-11 04:30:00,31,103,2.0,0.0,0.0,0.0643333333333333,17.64,6.0,-4,19.907315368489,,7000.0,0.0,0.0,0.0,48.24072168336608,optimal
2021-02-11 05:00:00,31,103,2.0,0.0,0.0,0.065,19.1625,6.0,-4,19.95708519039339,,7000.0,0.0,0.0,0.0,48.19248096168271,optimal
2021-02-11 05:30:00,31,103,0.2111283090893862,0.0,0.0,0.065,26.46,6.0,-4,20.005747210315537,,738.9490818128518,0.0,0.0,0.0,48.144288480721016,optimal
2021-02-11 06:00:00,31,103,2.0,0.0,0.0,0.065,20.79,6.0,-4,19.923524961645647,,7000.0,0.0,0.0,0.0,48.096144192240295,optimal
2021-02-11 06:30:00,31,103,0.0,0.0,0.0,0.065,29.106,6.0,-4,19.974607575080707,,0.0,0.0,0.0,0.0,48.048048048048045,optimal
2021-02-11 07:00:00,31,103,2.0,0.0,0.0,0.1609666666666666,19.1835,6.0,-4,19.87923975893621,,7000.0,0.0,0.0,0.0,48.0,optimal
2021-02-11 07:30:00,31,103,2.0,0.0,0.0,0.2661333333333333,19.6665,6.0,-4,19.93827384956293,,7000.0,0.0,0.0,0.0,47.66716449561145,optimal
2021-02-11 08:00:00,31,103,1.2251976986467017,0.0,0.0,0.4876333333333333,19.404,6.0,-4,20.0,,4009.525278596789,0.0,278.66666666666663,0.0,47.33466182672729,optimal
2021-02-11 08:30:00,31,103,2.0,0.0,0.0,0.117,19.047,6.0,-4,20.0,,6024.666666666667,0.0,975.3333333333334,0.0,47.00249166051202,optimal
2021-02-11 09:00:00,31,103,2.0,0.0,0.0,0.065,18.858,6.0,-4,20.02932000666511,,7000.0,0.0,0.0,0.0,46.67065366446296,optimal
2021-02-11 09:30:00,31,103,1.3938219984804603,0.0,0.0,0.065,19.2675,6.0,-4,20.07421073083012,,4878.376994681611,0.0,0.0,0.0,46.33914750640995,optimal
2021-02-11 10:00:00,31,103,2.0,0.0,0.0,0.065,18.963,6.0,-4,20.08172229716029,,7000.0,0.0,0.0,0.0,46.007972854515,optimal
2021-02-11 10:30:00,31,103,2.0,0.0,0.0,0.065,18.438,6.0,-4,20.1413463443153,,7000.0,0.0,0.0,0.0,45.67712937727193,optimal
2021-02-11 11:00:00,31,103,2.0,0.0,0.0,0.065,18.7425,6.0,-4,20.19797788640063,,7000.0,0.0,0.0,0.0,45.34661674350611,optimal
2021-02-11 11:30:00,31,103,2.0,0.0,0.0,0.065,15.2145,6.0,-4,20.25163050129558,,7000.0,0.0,0.0,0.0,45.01643462237406,optimal
2021-02-11 12:00:00,31,103,2.0,0.0,0.0,0.156,17.7765,6.0,-4,20.30844222339587,,7000.0,0.0,0.0,0.0,44.686582683363135,optimal
2021-02-11 12:30:00,31,103,2.0,0.0,0.0,0.1713333333333333,16.758,6.0,-4,20.37307191277949,,7000.0,0.0,0.0,0.0,44.35706059629123,optimal
2021-02-11 13:00:00,31,103,2.0,0.0,0.0,0.3113999999999999,16.422,6.0,-4,20.447149506503184,,7000.0,0.0,0.0,0.0,44.02786803130639,optimal
2021-02-11 13:30:00,31,103,2.0,0.0,0.0,0.205,16.758,6.0,-4,20.52743739139599,,7000.0,0.0,0.0,0.0,43.69900465888654,optimal
2021-02-11 14:00:00,31,103,0.0,0.0,0.0,0.1975333333333333,29.358,6.0,-4,20.60315063521206,,0.0,0.0,0.0,0.0,43.37047014983911,optimal
2021-02-11 14:30:00,31,103,0.0,0.0,0.0,0.2071666666666666,34.9965,6.0,-4,20.53039747546581,,0.0,0.0,0.0,0.0,43.04226417530072,optimal
2021-02-11 15:00:00,31,103,0.0,0.0,0.0,0.075,34.65,6.0,-4,20.45573186706496,,0.0,0.0,0.0,0.0,42.71438640673688,optimal
2021-02-11 15:30:00,31,103,0.0,0.0,0.0,0.075,34.9965,6.0,-4,20.371296649010525,,0.0,0.0,0.0,0.0,42.3868365159416,optimal
2021-02-11 16:00:00,31,103,0.0,0.0,0.0,0.075,34.9965,6.0,-4,20.282027301536772,,0.0,0.0,0.0,0.0,42.05961417503711,optimal
2021-02-11 16:30:00,31,103,0.0,0.0,0.0,0.075,30.4815,6.0,-4,20.187945753701424,,0.0,0.0,0.0,0.0,41.73271905647352,optimal
2021-02-11 17:00:00,31,103,0.0,0.0,0.0,0.3411333333333333,21.4305,6.0,-4,20.090208009485348,,0.0,0.0,0.0,0.0,41.4061508330285,optimal
2021-02-11 17:30:00,31,103,1.3223734518657206,0.0,0.0,0.1578333333333333,14.3325,6.0,-4,20.0,,4628.307081530023,0.0,0.0,0.0,41.079909177806925,optimal
2021-02-11 18:00:00,31,103,2.0,0.0,0.0,0.1223333333333333,13.692,6.0,-4,20.0,,5328.0,0.0,1672.0,0.0,40.75399376424057,optimal
2021-02-11 18:30:00,31,103,1.2159351996926375,0.0,0.0,0.1056,14.007,6.0,-4,20.010087587828668,,4255.773198924231,0.0,0.0,0.0,40.42840426608778,optimal
2021-02-11 19:00:00,31,103,1.825761198479633,0.0,0.0,0.1905333333333333,12.873,6.0,-4,20.0,,4625.864795621264,0.0,1764.299399057452,0.0,40.10314035743315,optimal
2021-02-11 19:30:00,31,103,2.0,0.0,0.0,0.4721,12.684,6.0,-4,20.0,,4602.310287115154,0.0,2397.689712884846,0.0,39.77820171268717,optimal
2021-02-11 20:00:00,31,103,2.0,0.0,0.0,0.497,12.306,6.0,-4,20.0,,4543.655778608964,0.0,2456.344221391036,0.0,39.45358800658594,optimal
2021-02-11 20:30:00,31,103,0.1791428571428571,0.0,0.0,0.3689666666666666,10.6365,6.0,-4,20.0,,0.0,0.0,627.0,0.0,39.129298914190805,optimal
2021-02-11 21:00:00,31,103,0.0,0.0,0.0,0.3791333333333333,11.2455,6.0,-4,19.90064479221028,,0.0,0.0,0.0,0.0,38.80533411088807,optimal
2021-02-11 21:30:00,31,103,0.0,0.0,0.0,0.6742,11.2455,6.0,-4,19.79966935018636,,0.0,0.0,0.0,0.0,38.76652877677718,optimal
2021-02-11 22:00:00,31,103,0.0,0.0,0.0,0.5224,11.025,6.0,-4,19.707664723182862,,0.0,0.0,0.0,0.0,38.7277622480004,optimal
2021-02-11 22:30:00,31,103,0.0,0.0,0.0,1.8114,12.0855,6.0,-4,19.61768217129478,,0.0,0.0,0.0,0.0,38.6890344857524,optimal
2021-02-11 23:00:00,31,103,0.0,0.0,0.0,2.746,11.6865,6.0,-4,19.52904986600509,,0.0,0.0,0.0,0.0,38.65034545126665,optimal
2021-02-11 23:30:00,31,103,0.0,0.0,0.0,1.2618666666666665,11.2245,6.0,-4,19.43296850532311,,0.0,0.0,0.0,0.0,38.611695105815386,optimal
2021-02-12 00:00:00,31,103,2.0,0.0,0.0,0.2466666666666666,11.025,6.0,3,19.43296850532311,,7000.0,0.0,0.0,0.0,38.57308341070957,optimal
2021-02-12 00:30:00,31,103,2.0,0.0,0.0,0.2290333333333333,10.689,6.0,3,19.472417790680662,,5397.666666666667,0.0,1602.3333333333333,0.0,38.53451032729886,optimal
2021-02-12 01:00:00,31,103,2.0,0.0,5.0,0.3281666666666666,8.1585,6.0,3,19.47833092924876,,7000.0,0.0,0.0,0.0,40.870975816971566,optimal
2021-02-12 01:30:00,31,103,2.0,0.0,0.0,0.2268,10.3635,6.0,3,19.522130429608104,,7000.0,0.0,0.0,0.0,40.83010484115459,optimal
2021-02-12 02:00:00,31,103,2.0,0.0,0.0,0.4679,10.8045,6.0,3,19.563343790433557,,7000.0,0.0,0.0,0.0,40.78927473631344,optimal
2021-02-12 02:30:00,31,103,2.0,0.0,0.0,0.3088,11.025,6.0,3,19.61061481478223,,7000.0,0.0,0.0,0.0,40.748485461577125,optimal
2021-02-12 03:00:00,31,103,2.0,0.0,0.0,0.1481333333333333,10.3635,6.0,3,19.65650423635008,,7000.0,0.0,0.0,0.0,40.70773697611555,optimal
2021-02-12 03:30:00,31,103,2.0,0.0,0.0,0.1179333333333333,10.8045,6.0,3,19.693330012418407,,7000.0,0.0,0.0,0.0,40.66702923913943,optimal
2021-02-12 04:00:00,31,103,2.0,0.0,5.0,0.1693333333333333,10.059,6.0,3,19.73252867726649,,7000.0,0.0,0.0,0.0,43.00136220990029,optimal
2021-02-12 04:30:00,31,103,2.0,0.0,0.0,0.1321999999999999,10.584,6.0,3,19.775807179127863,,7000.0,0.0,0.0,0.0,42.95836084769039,optimal
2021-02-12 05:00:00,31,103,2.0,0.0,5.0,0.0715666666666666,9.4185,6.0,3,19.82128334630472,,7000.0,0.0,0.0,0.0,45.2904024868427,optimal
2021-02-12 05:30:00,31,103,2.0,0.0,1.7087968043972972,0.2299666666666666,10.3635,6.0,3,19.8684525241031,,7000.0,0.0,0.0,0.0,46.056790566444576,optimal
2021-02-12 06:00:00,31,103,2.0,0.0,5.0,0.0929666666666666,9.8385,6.0,3,19.92237144114143,,7000.0,0.0,0.0,0.0,48.38573377587813,optimal
2021-02-12 06:30:00,31,103,2.0,0.0,0.0,0.4838,11.067,6.0,3,19.97679118552689,,7000.0,0.0,0.0,0.0,48.33734804210225,optimal
2021-02-12 07:00:00,31,103,2.0,0.0,0.0,0.1177333333333333,10.8465,6.0,3,20.042535836798724,,7000.0,0.0,0.0,0.0,48.28901069406015,optimal
2021-02-12 07:30:00,31,103,2.0,0.0,0.0,0.1179333333333333,13.671,6.0,3,20.097839118430706,,7000.0,0.0,0.0,0.0,48.24072168336608,optimal
2021-02-12 08:00:00,31,103,2.0,0.0,0.0,0.1693333333333333,12.348,6.0,3,20.148812702176983,,7000.0,0.0,0.0,0.0,48.19248096168271,optimal
2021-02-12 08:30:00,31,103,0.1536586465609032,0.0,0.0,0.1072333333333333,14.3325,6.0,3,20.19655401144655,,537.8052629631612,0.0,0.0,0.0,48.144288480721016,optimal
2021-02-12 09:00:00,31,103,0.0,0.0,0.0,0.0929666666666666,15.393,6.0,3,20.10583233209584,,0.0,0.0,0.0,0.0,48.096144192240295,optimal
2021-02-12 09:30:00,31,103,2.0,0.0,0.0,0.8907,13.587,6.0,3,20.00299355390441,,7000.0,0.0,0.0,0.0,48.048048048048045,optimal
2021-02-12 10:00:00,31,103,0.0,0.0,0.0,2.6698000000000004,16.1385,6.0,3,20.063994101121278,,0.0,0.0,0.0,0.0,48.0,optimal
2021-02-12 10:30:00,31,103,0.9483247065145018,0.0,0.0,1.8008666666666666,14.595,6.0,3,20.0,,3319.136472800757,0.0,0.0,0.0,47.58492189024441,optimal
2021-02-12 11:00:00,31,103,1.0080772307554198,0.0,0.0,0.3969,14.637,6.0,3,20.0,,3528.2703076439693,0.0,0.0,0.0,47.17025885859858,optimal
2021-02-12 11:30:00,31,103,1.0588270136454254,0.0,0.0,0.2298333333333332,13.9125,6.0,3,20.0,,3705.894547758989,0.0,0.0,0.0,46.75601048998439,optimal
2021-02-12 12:00:00,31,103,1.2350688041483562,0.0,0.0,0.3120333333333334,13.3665,6.0,3,20.0,,4322.740814519247,0.0,0.0,0.0,46.342176369738816,optimal
2021-02-12 12:30:00,31,103,2.0,0.0,0.0,0.2176666666666666,13.0095,6.0,3,20.01487187578117,,7000.0,0.0,0.0,0.0,45.928756083613486,optimal
2021-02-12 13:00:00,31,103,0.0,0.0,0.0,0.1172333333333333,13.8915,6.0,3,20.083242587585595,,0.0,0.0,0.0,0.0,45.515749217774285,optimal
2021-02-12 13:30:00,31,103,1.126262502242057,0.0,0.0,0.1333666666666666,13.188,6.0,3,20.0,,3941.9187578471992,0.0,0.0,0.0,45.10315535880092,optimal
2021-02-12 14:00:00,31,103,1.1868536032465888,0.0,0.0,0.1846,12.5685,6.0,3,20.0,,3912.236969306184,0.0,241.75064205687727,0.0,44.69097409368653,optimal
2021-02-12 14:30:00,31,103,2.0,0.0,0.0,0.1065333333333333,12.285,6.0,3,20.0,,5430.417308723544,0.0,1569.582691276456,0.0,44.279205009837256,optimal
2021-02-12 15:00:00,31,103,2.0,0.0,0.0,0.1739,11.487,6.0,3,20.02986131182325,,7000.0,0.0,0.0,0.0,43.86784769507183,optimal
2021-02-12 15:30:00,31,103,2.0,0.0,0.0,0.1476333333333333,11.802,6.0,3,20.093591934793057,,7000.0,0.0,0.0,0.0,43.45690173762117,optimal
2021-02-12 16:00:00,31,103,2.0,0.0,0.0,0.2501666666666666,11.2245,6.0,3,20.155800005676515,,7000.0,0.0,0.0,0.0,43.04636672612797,optimal
2021-02-12 16:30:00,31,103,2.0,0.0,0.0,0.4829666666666666,11.025,6.0,3,20.22616789885419,,7000.0,0.0,0.0,0.0,42.63624224964624,optimal
2021-02-12 17:00:00,31,103,2.0,0.0,0.0,0.2969333333333333,11.907,6.0,3,20.305321111463527,,7000.0,0.0,0.0,0.0,42.226527897641006,optimal
2021-02-12 17:30:00,31,103,0.0,0.0,0.0,0.4558999999999999,25.83,6.0,3,20.381135447957615,,0.0,0.0,0.0,0.0,41.81722325998778,optimal
2021-02-12 18:00:00,31,103,0.0,0.0,0.0,0.9179,28.035,6.0,3,20.312690553960863,,0.0,0.0,0.0,0.0,41.4083279269722,optimal
2021-02-12 18:30:00,31,103,0.0,0.0,0.0,1.8768333333333331,28.119,6.0,3,20.24759729231918,,0.0,0.0,0.0,0.0,40.99984148928964,optimal
2021-02-12 19:00:00,31,103,0.0,0.0,0.0,0.5742,30.156,6.0,3,20.196162085955557,,0.0,0.0,0.0,0.0,40.59176353804476,optimal
2021-02-12 19:30:00,31,103,0.0,0.0,0.0,0.5577666666666666,29.1585,6.0,3,20.12989720357992,,0.0,0.0,0.0,0.0,40.18409366475112,optimal
2021-02-12 20:00:00,31,103,0.0,0.0,0.0,0.7121333333333333,26.712,6.0,3,20.06033252038097,,0.0,0.0,0.0,0.0,39.77683146133079,optimal
2021-02-12 20:30:00,31,103,0.0,0.0,0.0,0.4937666666666666,15.435,6.0,3,20.0,,0.0,0.0,0.0,0.0,39.369976520113866,optimal
2021-02-12 21:00:00,31,103,0.0,0.0,0.0,0.2761666666666666,13.566,6.0,3,19.937847502662176,,0.0,0.0,0.0,0.0,38.96352843383816,optimal
2021-02-12 21:30:00,31,103,0.0,0.0,0.0,0.4284,12.789,6.0,3,19.86786918351452,,0.0,0.0,0.0,0.0,38.92456490540432,optimal
2021-02-12 22:00:00,31,103,1.3336190476190477,0.0,0.0,0.2966666666666667,12.1275,6.0,3,19.80368934973303,,0.0,0.0,4667.666666666667,0.0,38.88564034049892,optimal
2021-02-12 22:30:00,31,103,0.0,0.0,0.0,0.2214,13.671,6.0,3,19.73316788741482,,0.0,0.0,0.0,0.0,38.84675470015842,optimal
2021-02-12 23:00:00,31,103,0.0,0.0,0.0,0.1779,10.668,6.0,3,19.65820335299477,,0.0,0.0,0.0,0.0,38.80790794545826,optimal
2021-02-12 23:30:00,31,103,0.0,0.0,0.0,0.2268,11.7285,6.0,3,19.58149141011426,,0.0,0.0,0.0,0.0,38.7691000375128,optimal
2021-02-13 00:00:00,31,103,2.0,0.0,5.0,0.069,7.539,6.0,-9,19.58149141011426,,7000.0,0.0,0.0,0.0,41.10533093747529,optimal
2021-02-13 00:30:00,31,103,2.0,0.0,5.0,0.0716666666666666,7.938,6.0,-9,19.64496323902283,,0.0,0.0,7000.0,0.0,43.43922560653781,optimal
2021-02-13 01:00:00,31,103,2.0,0.0,5.0,0.063,8.274,6.0,-9,19.561021095850943,,275.66666666666697,0.0,6724.333333333333,0.0,45.77078638093127,optimal
2021-02-13 01:30:00,31,103,2.0,0.0,5.0,0.2001333333333333,9.261,6.0,-9,19.48348950144908,,7000.0,0.0,0.0,0.0,48.100015594550335,optimal
2021-02-13 02:00:00,31,103,2.0,0.0,0.0,0.063,9.9225,6.0,-9,19.55097314894217,,7000.0,0.0,0.0,0.0,48.051915578955786,optimal
2021-02-13 02:30:00,31,103,2.0,0.0,0.6003095382806721,0.063,9.702,6.0,-9,19.615490766081447,,7000.0,0.0,0.0,0.0,48.28901069406015,optimal
2021-02-13 03:00:00,31,103,2.0,0.0,0.0,0.1939,10.584,6.0,-9,19.679715687256707,,7000.0,0.0,0.0,0.0,48.24072168336608,optimal
2021-02-13 03:30:00,31,103,2.0,0.0,0.0,0.0692333333333333,10.143,6.0,-9,19.746404738718947,,7000.0,0.0,0.0,0.0,48.19248096168271,optimal
2021-02-13 04:00:00,31,103,2.0,0.0,0.0,0.1502666666666667,13.0095,6.0,-9,19.80994012479481,,7000.0,0.0,0.0,0.0,48.144288480721016,optimal
2021-02-13 04:30:00,31,103,2.0,0.0,0.0,0.1128666666666666,11.025,6.0,-9,19.87466622155021,,7000.0,0.0,0.0,0.0,48.096144192240295,optimal
2021-02-13 05:00:00,31,103,2.0,0.0,0.0,0.0938333333333333,12.789,6.0,-9,19.937857723003564,,7000.0,0.0,0.0,0.0,48.048048048048045,optimal
2021-02-13 05:30:00,31,103,2.0,0.0,0.0,0.1689666666666666,12.1275,6.0,-9,20.00043447714564,,7000.0,0.0,0.0,0.0,48.0,optimal
2021-02-13 06:00:00,31,103,2.0,0.0,0.0,1.371733333333333,12.1695,6.0,-9,20.06675319890525,,7000.0,0.0,0.0,0.0,47.78347659698121,optimal
2021-02-13 06:30:00,31,103,2.0,0.0,0.0,1.8352333333333328,12.306,6.0,-9,20.148964188212155,,7000.0,0.0,0.0,0.0,47.56716971736544,optimal
2021-02-13 07:00:00,31,103,2.0,0.0,0.0,0.5459666666666667,13.23,6.0,-9,20.228947479993877,,7000.0,0.0,0.0,0.0,47.35107914462928,optimal
2021-02-13 07:30:00,31,103,1.119217838903498,0.0,0.0,0.308,13.671,6.0,-9,20.305008658919103,,3917.262436162243,0.0,0.0,0.0,47.13520466246587,optimal
2021-02-13 08:00:00,31,103,0.0,0.0,0.0,0.2805333333333333,13.9335,6.0,-9,20.31112552859201,,0.0,0.0,0.0,0.0,46.91954605478461,optimal
2021-02-13 08:30:00,31,103,2.0,0.0,0.0,0.164,13.293,6.0,-9,20.232044595671656,,7000.0,0.0,0.0,0.0,46.70410310571104,optimal
2021-02-13 09:00:00,31,103,2.0,0.0,0.0,0.3186666666666667,12.1065,6.0,-9,20.299046172377,,7000.0,0.0,0.0,0.0,46.488875599586535,optimal
2021-02-13 09:30:00,31,103,2.0,0.0,0.0,0.2246333333333333,11.571,6.0,-9,20.365574871792635,,7000.0,0.0,0.0,0.0,46.27386332096816,optimal
2021-02-13 10:00:00,31,103,2.0,0.0,0.0,0.2728666666666667,11.025,6.0,-9,20.429489970543656,,7000.0,0.0,0.0,0.0,46.0590660546284,optimal
2021-02-13 10:30:00,31,103,2.0,0.0,0.0,0.2807333333333333,10.8465,6.0,-9,20.494860442910745,,7000.0,0.0,0.0,0.0,45.84448358555498,optimal
2021-02-13 11:00:00,31,103,2.0,0.0,0.0,0.1574333333333333,11.2455,6.0,-9,20.56082076376489,,7000.0,0.0,0.0,0.0,45.63011569895064,optimal
2021-02-13 11:30:00,31,103,0.0,0.0,0.0,0.1665,23.8665,6.0,-9,20.621495897327527,,0.0,0.0,0.0,0.0,45.4159621802329,optimal
2021-02-13 12:00:00,31,103,0.0,0.0,0.0,0.1166333333333333,27.4575,6.0,-9,20.52892615332149,,0.0,0.0,0.0,0.0,45.20202281503388,optimal
2021-02-13 12:30:00,31,103,0.0,0.0,0.0,0.0979333333333333,27.3735,6.0,-9,20.4359534902786,,0.0,0.0,0.0,0.0,44.988297389200056,optimal
2021-02-13 13:00:00,31,103,0.0,0.0,0.0,0.2112,30.4605,6.0,-9,20.343462640371104,,0.0,0.0,0.0,0.0,44.77478568879207,optimal
2021-02-13 13:30:00,31,103,0.0,0.0,0.0,0.1465,30.0195,6.0,-9,20.256292310302943,,0.0,0.0,0.0,0.0,44.56148750008448,optimal
2021-02-13 14:00:00,31,103,0.0,0.0,0.0,0.3228333333333333,26.9325,6.0,-9,20.1696406212494,,0.0,0.0,0.0,0.0,44.34840260956561,optimal
2021-02-13 14:30:00,31,103,0.0,0.0,0.0,0.0917,14.595,6.0,-9,20.08923443791957,,0.0,0.0,0.0,0.0,44.13553080393726,optimal
2021-02-13 15:00:00,31,103,1.204857354948955,0.0,0.0,0.073,12.4845,6.0,-9,20.0,,4217.000742321342,0.0,0.0,0.0,43.92287187011453,optimal
2021-02-13 15:30:00,31,103,1.58489884764771,0.0,0.0,0.073,12.1275,6.0,-9,20.0,,5300.525966766985,0.0,246.62,0.0,43.71042559522563,optimal
2021-02-13 16:00:00,31,103,2.0,0.0,0.0,0.2101333333333333,12.1275,6.0,-9,20.022354979566305,,7000.0,0.0,0.0,0.0,43.49819176661161,optimal
2021-02-13 16:30:00,31,103,0.0,0.0,0.0,0.2011,12.789,6.0,-9,20.082816205851984,,0.0,0.0,0.0,0.0,43.28617017182621,optimal
2021-02-13 17:00:00,31,103,1.1371763598064846,0.0,0.0,0.3078333333333333,11.907,6.0,-9,20.0,,3460.4039259893625,0.0,519.7133333333334,0.0,43.0743605986356,optimal
2021-02-13 17:30:00,31,103,1.090432984502718,0.0,0.0,0.4631666666666666,11.025,6.0,-9,20.0,,3398.515445759513,0.0,418.0,0.0,42.862762835018174,optimal
2021-02-13 18:00:00,31,103,2.0,0.0,0.0,1.0495333333333332,8.2005,6.0,-9,20.0,,6651.666666666667,0.0,348.3333333333333,0.0,42.65137666916437,optimal
2021-02-13 18:30:00,31,103,0.0,0.0,0.0,0.9833333333333334,9.5655,6.0,-9,20.080229973747134,,0.0,0.0,0.0,0.0,42.44020188947641,optimal
2021-02-13 19:00:00,31,103,2.0,0.0,0.0,0.0792333333333333,7.056,6.0,-9,20.015262657285152,,7000.0,0.0,0.0,0.0,42.22923828456815,optimal
2021-02-13 19:30:00,31,103,1.4917267992480154,0.0,0.0,0.073,9.3975,6.0,-9,20.071639553942237,,5221.043797368054,0.0,0.0,0.0,42.01848564326479,optimal
2021-02-13 20:00:00,31,103,0.0,0.0,0.0,0.1976666666666666,10.059,6.0,-9,20.08972805047264,,0.0,0.0,0.0,0.0,41.80794375460273,optimal
2021-02-13 20:30:00,31,103,0.0,0.0,0.0,0.0854666666666666,9.261,6.0,-9,20.0,,0.0,0.0,0.0,0.0,41.59761240782934,optimal
2021-02-13 21:00:00,31,103,0.0,0.0,0.0,0.324,8.1585,6.0,-9,19.908317161474468,,0.0,0.0,0.0,0.0,41.38749139240272,optimal
2021-02-13 21:30:00,31,103,0.0,0.0,0.0,0.3674666666666666,9.4815,6.0,-9,19.82419055723455,,0.0,0.0,0.0,0.0,41.17758049799153,optimal
2021-02-13 22:00:00,31,103,0.0,0.0,0.0,0.3959,8.379,6.0,-9,19.74390540266083,,0.0,0.0,0.0,0.0,40.967879514474745,optimal
2021-02-13 22:30:00,31,103,0.0,0.0,0.0,0.5241333333333333,9.5235,6.0,-9,19.6643000410682,,0.0,0.0,0.0,0.0,40.75838823194148,optimal
2021-02-13 23:00:00,31,103,0.0199047619047619,0.0,0.0,0.5019666666666666,8.1375,6.0,-9,19.5908518941165,,0.0,0.0,69.66666666666666,0.0,40.54910644069075,optimal
2021-02-13 23:30:00,31,103,0.0,0.0,0.0,0.5349666666666667,10.0905,6.0,-9,19.51895666981821,,0.0,0.0,0.0,0.0,40.50855733425006,optimal
2021-02-07 00:00:00,32,103,2.0,0.0,0.0,0.1607666666666666,2.205,6.0,-8,21.0,,7000.0,0.0,0.0,0.0,47.952,optimal
2021-02-07 00:30:00,32,103,2.0,0.0,1.422554816274352,0.298,0.882,6.0,-8,21.076595845850743,,6582.0,0.0,418.0,0.0,48.57976153773031,optimal
2021-02-07 01:00:00,32,103,2.0,0.0,0.0,0.075,1.5435,6.0,-8,21.14586630930453,,7000.0,0.0,0.0,0.0,48.53118177619257,optimal
2021-02-07 01:30:00,32,103,2.0,0.0,0.0,0.075,1.5435,6.0,-8,21.216330042685684,,7000.0,0.0,0.0,0.0,48.48265059441637,optimal
2021-02-07 02:00:00,32,103,2.0,0.0,0.0,0.0996666666666666,5.0715,6.0,-8,21.28624727031949,,7000.0,0.0,0.0,0.0,48.434167943821954,optimal
2021-02-07 02:30:00,32,103,2.0,0.0,0.0,0.186,5.376,6.0,-8,21.356139714921817,,7000.0,0.0,0.0,0.0,48.38573377587813,optimal
2021-02-07 03:00:00,32,103,2.0,0.0,0.0,0.075,5.0715,6.0,-8,21.427078763266948,,7000.0,0.0,0.0,0.0,48.33734804210225,optimal
2021-02-07 03:30:00,32,103,2.0,0.0,0.0,0.2106666666666666,5.5125,6.0,-8,21.49490572010464,,7000.0,0.0,0.0,0.0,48.28901069406015,optimal
2021-02-07 04:00:00,32,103,2.0,0.0,0.0,0.075,9.261,6.0,-8,21.56505397207325,,7000.0,0.0,0.0,0.0,48.24072168336608,optimal
2021-02-07 04:30:00,32,103,0.0,0.0,0.0,0.1181666666666666,11.7075,6.0,-8,21.631801310874152,,0.0,0.0,0.0,0.0,48.19248096168271,optimal
2021-02-07 05:00:00,32,103,0.0,0.0,0.0,0.1675,12.348,6.0,-8,21.55180165944228,,0.0,0.0,0.0,0.0,48.144288480721016,optimal
2021-02-07 05:30:00,32,103,0.0,0.0,0.0,0.075,12.348,6.0,-8,21.473203427838385,,0.0,0.0,0.0,0.0,48.096144192240295,optimal
2021-02-07 06:00:00,32,103,0.0,0.0,0.0,0.4286999999999999,12.1275,6.0,-8,21.393014608757603,,0.0,0.0,0.0,0.0,48.048048048048045,optimal
2021-02-07 06:30:00,32,103,0.0,0.0,0.0,0.3626666666666667,12.5265,6.0,-8,21.32634762949062,,0.0,0.0,0.0,0.0,48.0,optimal
2021-02-07 07:00:00,32,103,0.0,0.0,0.0,0.6666666666666666,11.7495,6.0,-8,21.26011678633957,,0.0,0.0,0.0,0.0,47.74817074113606,optimal
2021-02-07 07:30:00,32,103,0.0,0.0,0.0,0.3484,13.23,6.0,-8,21.19947773127864,,0.0,0.0,0.0,0.0,47.49659331153098,optimal
2021-02-07 08:00:00,32,103,0.0,0.0,0.0,0.2735,14.3325,6.0,-8,21.12937724818008,,0.0,0.0,0.0,0.0,47.24526745935551,optimal
2021-02-07 08:30:00,32,103,0.0,0.0,0.0,0.2821666666666667,14.994,6.0,-8,21.05249882369736,,0.0,0.0,0.0,0.0,46.99419293303222,optimal
2021-02-07 09:00:00,32,103,0.0,0.0,0.0,0.165,14.8155,6.0,-8,20.97091758463078,,0.0,0.0,0.0,0.0,46.74336948123524,optimal
2021-02-07 09:30:00,32,103,0.0,0.0,0.0,0.3445333333333333,14.112,6.0,-8,20.88767279361113,,0.0,0.0,0.0,0.0,46.49279685289007,optimal
2021-02-07 10:00:00,32,103,0.0,0.0,0.0,1.727666666666667,14.007,6.0,-8,20.81419362942185,,0.0,0.0,0.0,0.0,46.24247479717324,optimal
2021-02-07 10:30:00,32,103,0.0,0.0,0.0,1.9766666666666668,13.23,6.0,-8,20.761492866854315,,0.0,0.0,0.0,0.0,45.99240306351212,optimal
2021-02-07 11:00:00,32,103,2.0,0.0,0.0,2.444333333333333,11.382,6.0,-8,20.695701689873065,,7000.0,0.0,0.0,0.0,45.742581401584665,optimal
2021-02-07 11:30:00,32,103,0.0,0.0,0.0,0.986,11.7495,6.0,-8,20.770095581531688,,0.0,0.0,0.0,0.0,45.49300956131914,optimal
2021-02-07 12:00:00,32,103,0.0,0.0,0.0,0.1273333333333333,24.3285,6.0,-8,20.68942165077865,,0.0,0.0,0.0,0.0,45.24368729289388,optimal
2021-02-07 12:30:00,32,103,0.0,0.0,0.0,0.9551666666666666,28.917,6.0,-8,20.60615823554071,,0.0,0.0,0.0,0.0,44.994614346737045,optimal
2021-02-07 13:00:00,32,103,0.0,0.0,0.0,2.6663666666666668,31.3635,6.0,-8,20.5353511436716,,0.0,0.0,0.0,0.0,44.74579047352637,optimal
2021-02-07 13:30:00,32,103,0.0,0.0,0.0,2.0141,33.306,6.0,-8,20.47506715008489,,0.0,0.0,0.0,0.0,44.4972154241889,optimal
2021-02-07 14:00:00,32,103,0.0,0.0,0.0,0.0924,31.3425,6.0,-8,20.40986482435283,,0.0,0.0,0.0,0.0,44.24888894990077,optimal
2021-02-07 14:30:00,32,103,0.0,0.0,0.0,0.5530666666666667,28.2555,6.0,-8,20.33230326807742,,0.0,0.0,0.0,0.0,44.00081080208693,optimal
2021-02-07 15:00:00,32,103,0.0,0.0,0.0,0.7082666666666666,15.6975,6.0,-8,20.263180640396435,,0.0,0.0,0.0,0.0,43.7529807324209,optimal
2021-02-07 15:30:00,32,103,0.0,0.0,0.0,2.4947,12.5475,6.0,-8,20.190292223187225,,0.0,0.0,0.0,0.0,43.50539849282454,optimal
2021-02-07 16:00:00,32,103,0.1252874848277553,0.0,0.0,2.313833333333333,12.0855,6.0,-8,20.11951546953981,,438.5061968971438,0.0,0.0,0.0,43.25806383546777,optimal
2021-02-07 16:30:00,32,103,2.0,0.0,0.0,0.1442,11.907,6.0,-8,20.07022905573048,,7000.0,0.0,0.0,0.0,43.010976512768366,optimal
2021-02-07 17:00:00,32,103,0.0,0.0,0.0,0.2280666666666666,12.5685,6.0,-8,20.141564808861965,,0.0,0.0,0.0,0.0,42.76413627739166,optimal
2021-02-07 17:30:00,32,103,0.0,0.0,0.0,0.3486333333333333,13.146,6.0,-8,20.06812641895135,,0.0,0.0,0.0,0.0,42.517542882250325,optimal
2021-02-07 18:00:00,32,103,0.9156037060075564,0.0,0.0,0.3517666666666666,10.584,6.0,-8,20.0,,3204.612971026447,0.0,0.0,0.0,42.27119608050413,optimal
2021-02-07 18:30:00,32,103,2.0,0.0,0.0,0.2746666666666666,6.678,6.0,-8,20.0,,7000.0,0.0,0.0,0.0,42.025095625559686,optimal
2021-02-07 19:00:00,32,103,0.3128980768249119,0.0,0.0,0.149,7.938,6.0,-8,20.071748128348187,,1095.1432688871917,0.0,0.0,0.0,41.77924127107018,optimal
2021-02-07 19:30:00,32,103,2.0,0.0,0.0,0.075,5.292,6.0,-8,20.01409426815412,,7000.0,0.0,0.0,0.0,41.53363277093517,optimal
2021-02-07 20:00:00,32,103,0.0,0.0,0.0,0.2106666666666666,9.261,6.0,-8,20.07944387730423,,0.0,0.0,0.0,0.0,41.28826987930029,optimal
2021-02-07 20:30:00,32,103,0.0,0.0,0.0,0.075,10.3635,6.0,-8,20.0,,0.0,0.0,0.0,0.0,41.04315235055705,optimal
2021-02-07 21:00:00,32,103,0.0,0.0,0.0,0.2362,8.274,6.0,-8,19.91760702742801,,0.0,0.0,0.0,0.0,40.79827993934256,optimal
2021-02-07 21:30:00,32,103,0.0597142857142857,0.0,0.0,0.4841999999999999,7.7175,6.0,-8,19.845507116645734,,0.0,0.0,209.0,0.0,40.55365240053927,optimal
2021-02-07 22:00:00,32,103,0.0398095238095238,0.0,0.0,2.399233333333333,6.615,6.0,-8,19.782333391878797,,0.0,0.0,139.33333333333331,0.0,40.30926948927479,optimal
2021-02-07 22:30:00,32,103,0.0199047619047619,0.0,0.0,0.7468333333333333,6.174,6.0,-8,19.746018476712397,,0.0,0.0,69.66666666666666,0.0,40.06513096092157,optimal
2021-02-07 23:00:00,32,103,0.0597142857142857,0.0,0.0,0.339,3.906,6.0,-8,19.685171130338716,,0.0,0.0,209.0,0.0,40.02506582996065,optimal
2021-02-07 23:30:00,32,103,0.0,0.0,0.0,0.3383333333333333,2.3415,6.0,-8,19.621279337746937,,0.0,0.0,0.0,0.0,39.98504076413069,optimal
2021-02-08 00:00:00,32,103,2.0,0.0,0.0,0.06,5.9745,6.0,0,19.621279337746937,,7000.0,0.0,0.0,0.0,39.945055723366565,optimal
2021-02-08 00:30:00,32,103,2.0,0.0,0.0,0.06,7.938,6.0,0,19.692656698940173,,0.0,0.0,7000.0,0.0,39.9051106676432,optimal
2021-02-08 01:00:00,32,103,2.0,0.0,0.0,0.1284,8.6835,6.0,0,19.61635738902057,,0.0,0.0,7000.0,0.0,39.86520555697555,optimal
2021-02-08 01:30:00,32,103,2.0,0.0,0.0,0.0841333333333333,7.665,6.0,0,19.54184407276216,,518.0,0.0,6482.0,0.0,39.825340351418575,optimal
2021-02-08 02:00:00,32,103,2.0,0.0,0.0,0.1686,6.7725,6.0,0,19.47741424550359,,7000.0,0.0,0.0,0.0,39.785515011067154,optimal
2021-02-08 02:30:00,32,103,2.0,0.0,3.5628920677930416,0.06,5.5755,6.0,0,19.55127668299446,,7000.0,0.0,0.0,0.0,41.43810322825778,optimal
2021-02-08 03:00:00,32,103,2.0,0.0,5.0,0.1284,5.0925,6.0,0,19.62274478988748,,7000.0,0.0,0.0,0.0,43.77166512502952,optimal
2021-02-08 03:30:00,32,103,2.0,0.0,5.0,0.1746333333333333,4.1895,6.0,0,19.69555535068336,,7000.0,0.0,0.0,0.0,46.10289345990448,optimal
2021-02-08 04:00:00,32,103,2.0,0.0,0.0,0.0780999999999999,7.056,6.0,0,19.76878198944138,,7000.0,0.0,0.0,0.0,46.056790566444576,optimal
2021-02-08 04:30:00,32,103,2.0,0.0,5.0,0.1284,5.271,6.0,0,19.83941752199289,,7000.0,0.0,0.0,0.0,48.38573377587813,optimal
2021-02-08 05:00:00,32,103,2.0,0.0,0.0,0.1324,7.938,6.0,0,19.91033777077149,,7000.0,0.0,0.0,0.0,48.33734804210225,optimal
2021-02-08 05:30:00,32,103,2.0,0.0,0.0,0.1887333333333332,7.938,6.0,0,19.980566810228403,,7000.0,0.0,0.0,0.0,48.28901069406015,optimal
2021-02-08 06:00:00,32,103,2.0,0.0,0.0,0.06,11.907,6.0,0,20.05143624830979,,7000.0,0.0,0.0,0.0,48.24072168336608,optimal
2021-02-08 06:30:00,32,103,2.0,0.0,0.0,0.1284,11.025,6.0,0,20.119047450924967,,7000.0,0.0,0.0,0.0,48.19248096168271,optimal
2021-02-08 07:00:00,32,103,2.0,0.0,0.0,0.1927333333333332,11.2875,6.0,0,20.18756493671423,,7000.0,0.0,0.0,0.0,48.144288480721016,optimal
2021-02-08 07:30:00,32,103,2.0,0.0,0.0,0.0663333333333333,12.936,6.0,0,20.25689898916654,,7000.0,0.0,0.0,0.0,48.096144192240295,optimal
2021-02-08 08:00:00,32,103,2.0,0.0,0.0,0.1605333333333333,13.0095,6.0,0,20.325145626200623,,7000.0,0.0,0.0,0.0,48.048048048048045,optimal
2021-02-08 08:30:00,32,103,0.0,0.0,0.0,0.2273333333333332,13.671,6.0,0,20.39985073885398,,0.0,0.0,0.0,0.0,48.0,optimal
2021-02-08 09:00:00,32,103,1.7602973038388825,0.0,0.0,0.1222,13.188,6.0,0,20.33056927406449,,6161.040563436089,0.0,0.0,0.0,47.58960950026374,optimal
2021-02-08 09:30:00,32,103,0.0,0.0,0.0,0.3317,13.8495,6.0,0,20.38336656833596,,0.0,0.0,0.0,0.0,47.17962939102722,optimal
2021-02-08 10:00:00,32,103,2.0,0.0,0.0,0.1668666666666666,13.23,6.0,0,20.308681359996225,,7000.0,0.0,0.0,0.0,46.77005926189994,optimal
2021-02-08 10:30:00,32,103,2.0,0.0,0.0,0.2019666666666666,13.3665,6.0,0,20.377475517051984,,7000.0,0.0,0.0,0.0,46.36089870290178,optimal
2021-02-08 11:00:00,32,103,2.0,0.0,0.0,0.0993,13.0515,6.0,0,20.44343376037468,,7000.0,0.0,0.0,0.0,45.95214730446262,optimal
2021-02-08 11:30:00,32,103,0.0,0.0,0.0,0.2123666666666666,13.5345,6.0,0,20.50347244257604,,0.0,0.0,0.0,0.0,45.5438046574219,optimal
2021-02-08 12:00:00,32,103,0.0,0.0,0.0,0.1232,14.154,6.0,0,20.418635459746344,,0.0,0.0,0.0,0.0,45.135870353028224,optimal
2021-02-08 12:30:00,32,103,0.0,0.0,0.0,0.1093333333333333,14.112,6.0,0,20.3317285596096,,0.0,0.0,0.0,0.0,44.72834398293894,optimal
2021-02-08 13:00:00,32,103,0.0,0.0,0.0,0.1861999999999999,14.2485,6.0,0,20.24583136608382,,0.0,0.0,0.0,0.0,44.32122513921974,optimal
2021-02-08 13:30:00,32,103,2.0,0.0,0.0,0.1308,12.789,6.0,0,20.16284927190828,,7000.0,0.0,0.0,0.0,43.91451341434426,optimal
2021-02-08 14:00:00,32,103,2.0,0.0,0.0,0.3588666666666666,13.0095,6.0,0,20.226883971525535,,7000.0,0.0,0.0,0.0,43.50820840119366,optimal
2021-02-08 14:30:00,32,103,2.0,0.0,0.0,0.2411666666666666,12.1275,6.0,0,20.299643736880952,,7000.0,0.0,0.0,0.0,43.10230969305621,optimal
2021-02-08 15:00:00,32,103,2.0,0.0,0.0,0.0954666666666666,12.348,6.0,0,20.371465184906995,,7000.0,0.0,0.0,0.0,42.6968168836269,optimal
2021-02-08 15:30:00,32,103,2.0,0.0,0.0,0.2432333333333333,12.348,6.0,0,20.43857191788183,,7000.0,0.0,0.0,0.0,42.29172956700702,optimal
2021-02-08 16:00:00,32,103,0.0,0.0,0.0,0.3483,25.389,6.0,0,20.504726047750797,,0.0,0.0,0.0,0.0,41.88704733770376,optimal
2021-02-08 16:30:00,32,103,0.0,0.0,0.0,2.027,29.1375,6.0,0,20.43363962586921,,0.0,0.0,0.0,0.0,41.4827697906298,optimal
2021-02-08 17:00:00,32,103,0.0,0.0,0.0,0.2504,30.597,6.0,0,20.38038541684736,,0.0,0.0,0.0,0.0,41.078896521102905,optimal
2021-02-08 17:30:00,32,103,0.0,0.0,0.0,0.1827666666666667,33.684,6.0,0,20.29860067228838,,0.0,0.0,0.0,0.0,40.67542712484555,optimal
2021-02-08 18:00:00,32,103,0.0,0.0,0.0,0.2904333333333333,32.445,6.0,0,20.214185808716486,,0.0,0.0,0.0,0.0,40.272361197984445,optimal
2021-02-08 18:30:00,32,103,0.0,0.0,0.0,0.2081,28.917,6.0,0,20.14272935769828,,0.0,0.0,0.0,0.0,39.8696983370502,optimal
2021-02-08 19:00:00,32,103,0.0,0.0,0.0,0.2665333333333333,15.876,6.0,0,20.069608009810363,,0.0,0.0,0.0,0.0,39.467438138976895,optimal
2021-02-08 19:30:00,32,103,0.9479396519187312,0.0,0.0,0.3126,12.348,6.0,0,20.0,,3317.78878171556,0.0,0.0,0.0,39.06558020110166,optimal
2021-02-08 20:00:00,32,103,1.301842684201156,0.0,0.0,0.2478333333333333,12.1275,6.0,0,20.0,,3372.116061370713,0.0,1184.3333333333333,0.0,38.6641241211643,optimal
2021-02-08 20:30:00,32,103,0.0,0.0,0.0,1.2183666666666666,12.348,6.0,0,20.0,,0.0,0.0,0.0,0.0,38.26306949730688,optimal
2021-02-08 21:00:00,32,103,0.0,0.0,0.0,0.2978666666666666,12.1275,6.0,0,19.93002519746224,,0.0,0.0,0.0,0.0,37.86241592807332,optimal
2021-02-08 21:30:00,32,103,0.0,0.0,0.0,0.2377333333333333,12.1275,6.0,0,19.85367105017944,,0.0,0.0,0.0,0.0,37.462163012408986,optimal
2021-02-08 22:00:00,32,103,0.0,0.0,0.0,0.3438333333333333,11.2665,6.0,0,19.77690114524829,,0.0,0.0,0.0,0.0,37.06231034966032,optimal
2021-02-08 22:30:00,32,103,0.1393333333333333,0.0,0.0,0.1875,10.143,6.0,0,19.70422145442031,,0.0,0.0,487.6666666666667,0.0,37.02524803931066,optimal
2021-02-08 23:00:00,32,103,0.0,0.0,0.0,0.3436333333333333,11.2455,6.0,0,19.628757239884443,,0.0,0.0,0.0,0.0,36.98822279127135,optimal
2021-02-08 23:30:00,32,103,0.0,0.0,0.0,0.2537,11.025,6.0,0,19.56150523693646,,0.0,0.0,0.0,0.0,36.95123456848008,optimal
2021-02-09 00:00:00,32,103,2.0,0.0,0.0,0.06,11.466,6.0,2,19.56150523693646,,7000.0,0.0,0.0,0.0,36.9142833339116,optimal
2021-02-09 00:30:00,32,103,2.0,0.0,5.0,0.06,10.8045,6.0,2,19.629112860559733,,0.0,0.0,7000.0,0.0,39.25236905057768,optimal
2021-02-09 01:00:00,32,103,2.0,0.0,5.0,0.2606666666666667,10.584,6.0,2,19.54928774931381,,1460.0,0.0,5540.0,0.0,41.588116681527104,optimal
2021-02-09 01:30:00,32,103,2.0,0.0,0.0,0.0638666666666666,11.2455,6.0,2,19.505009323986023,,7000.0,0.0,0.0,0.0,41.54652856484558,optimal
2021-02-09 02:00:00,32,103,2.0,0.0,0.0,0.1090666666666666,12.1275,6.0,2,19.572954646556088,,7000.0,0.0,0.0,0.0,41.50498203628074,optimal
2021-02-09 02:30:00,32,103,2.0,0.0,0.0,0.2154666666666666,11.823,6.0,2,19.64108953290277,,7000.0,0.0,0.0,0.0,41.46347705424446,optimal
2021-02-09 03:00:00,32,103,2.0,0.0,0.0,0.0716,11.7705,6.0,2,19.7113819104134,,7000.0,0.0,0.0,0.0,41.42201357719021,optimal
2021-02-09 03:30:00,32,103,2.0,0.0,4.717602695094651,0.1854666666666666,11.13,6.0,2,19.778553775840468,,7000.0,0.0,0.0,0.0,43.621452843782976,optimal
2021-02-09 04:00:00,32,103,2.0,0.0,0.0,0.1274666666666666,11.6865,6.0,2,19.84827151187027,,7000.0,0.0,0.0,0.0,43.5778313909392,optimal
2021-02-09 04:30:00,32,103,2.0,0.0,5.0,0.1296,10.7205,6.0,2,19.91690570527324,,7000.0,0.0,0.0,0.0,45.909253559548254,optimal
2021-02-09 05:00:00,32,103,2.0,0.0,0.0,0.1336,11.424,6.0,2,19.984819766368048,,7000.0,0.0,0.0,0.0,45.8633443059887,optimal
2021-02-09 05:30:00,32,103,2.0,0.0,5.0,0.1909333333333333,10.689,6.0,2,20.052056256261125,,7000.0,0.0,0.0,0.0,48.19248096168271,optimal
2021-02-09 06:00:00,32,103,2.0,0.0,0.0,0.0663333333333333,11.361,6.0,2,20.120194605574664,,7000.0,0.0,0.0,0.0,48.144288480721016,optimal
2021-02-09 06:30:00,32,103,2.0,0.0,0.0,0.1952666666666666,11.571,6.0,2,20.18526763274829,,7000.0,0.0,0.0,0.0,48.096144192240295,optimal
2021-02-09 07:00:00,32,103,0.0,0.0,0.0,0.2042666666666666,14.3745,6.0,2,20.25403079670137,,0.0,0.0,0.0,0.0,48.048048048048045,optimal
2021-02-09 07:30:00,32,103,2.0,0.0,0.0,0.1782666666666666,13.23,6.0,2,20.17801314445132,,7000.0,0.0,0.0,0.0,48.0,optimal
2021-02-09 08:00:00,32,103,2.0,0.0,0.0,1.5201,13.9755,6.0,2,20.25095571614333,,7000.0,0.0,0.0,0.0,47.85767378345687,optimal
2021-02-09 08:30:00,32,103,0.0,0.0,0.0,0.7905333333333333,14.994,6.0,2,20.339791940373303,,0.0,0.0,0.0,0.0,47.71548989313028,optimal
2021-02-09 09:00:00,32,103,2.0,0.0,0.0,1.5602,13.671,6.0,2,20.26581592671673,,7000.0,0.0,0.0,0.0,47.57344818669402,optimal
2021-02-09 09:30:00,32,103,0.0,0.0,0.0,0.2126666666666666,15.981,6.0,2,20.357964334593664,,0.0,0.0,0.0,0.0,47.4315485219642,optimal
2021-02-09 10:00:00,32,103,0.0,0.0,0.0,0.3414333333333333,15.6345,6.0,2,20.278284898126024,,0.0,0.0,0.0,0.0,47.2897907568991,optimal
2021-02-09 10:30:00,32,103,0.0,0.0,0.0,0.5932000000000001,16.5375,6.0,2,20.20172695880576,,0.0,0.0,0.0,0.0,47.14817474959907,optimal
2021-02-09 11:00:00,32,103,0.1519526004467798,0.0,0.0,1.1826333333333334,14.7735,6.0,2,20.130763969462294,,531.8341015637293,0.0,0.0,0.0,47.00670035830634,optimal
2021-02-09 11:30:00,32,103,0.0,0.0,0.0,0.1616333333333333,15.2145,6.0,2,20.07786770144286,,0.0,0.0,0.0,0.0,46.8653674414049,optimal
2021-02-09 12:00:00,32,103,0.934499731613827,0.0,0.0,0.5724333333333332,14.553,6.0,2,20.0,,3270.749060648395,0.0,0.0,0.0,46.72417585742036,optimal
2021-02-09 12:30:00,32,103,2.0,0.0,0.0,0.2429666666666666,14.3325,6.0,2,20.0,,7000.0,0.0,0.0,0.0,46.58312546501981,optimal
2021-02-09 13:00:00,32,103,1.0378351524695155,0.0,0.0,0.2485,14.595,6.0,2,20.0714803473161,,3632.4230336433047,0.0,0.0,0.0,46.44221612301166,optimal
2021-02-09 13:30:00,32,103,0.0,0.0,0.0,0.4808,14.994,6.0,2,20.071531935537617,,0.0,0.0,0.0,0.0,46.30144769034552,optimal
2021-02-09 14:00:00,32,103,0.9883386961498796,0.0,0.0,0.4031,14.3325,6.0,2,20.0,,3459.1854365245786,0.0,0.0,0.0,46.16082002611204,optimal
2021-02-09 14:30:00,32,103,1.5640792719506924,0.0,0.0,0.2320666666666666,13.8915,6.0,2,20.0,,5474.277451827424,0.0,0.0,0.0,46.0203329895428,optimal
2021-02-09 15:00:00,32,103,2.0,0.0,0.0,0.3339333333333333,13.8915,6.0,2,20.04055184778724,,7000.0,0.0,0.0,0.0,45.87998644001013,optimal
2021-02-09 15:30:00,32,103,2.0,0.0,0.0,0.3858666666666667,13.4715,6.0,2,20.120617567252,,7000.0,0.0,0.0,0.0,45.73978023702698,optimal
2021-02-09 16:00:00,32,103,2.0,0.0,0.0,0.3142,13.23,6.0,2,20.203009313710016,,7000.0,0.0,0.0,0.0,45.599714240246826,optimal
2021-02-09 16:30:00,32,103,2.0,0.0,0.0,0.5800666666666667,13.8915,6.0,2,20.28971267278081,,7000.0,0.0,0.0,0.0,45.45978830946345,optimal
2021-02-09 17:00:00,32,103,0.0,0.0,0.0,1.2009666666666667,26.9325,6.0,2,20.37999030525392,,0.0,0.0,0.0,0.0,45.32000230461085,optimal
2021-02-09 17:30:00,32,103,0.0,0.0,0.0,0.2906666666666667,30.303,6.0,2,20.318857733126062,,0.0,0.0,0.0,0.0,45.18035608576311,optimal
2021-02-09 18:00:00,32,103,0.0,0.0,0.0,0.4058666666666666,32.886,6.0,2,20.25640446147013,,0.0,0.0,0.0,0.0,45.13517572967734,optimal
2021-02-09 18:30:00,32,103,0.0,0.0,0.0,0.4634666666666666,34.9965,6.0,2,20.20357771142206,,0.0,0.0,0.0,0.0,45.09004055394767,optimal
2021-02-09 19:00:00,32,103,0.0,0.0,0.0,0.8635,33.327,6.0,2,20.15063014734451,,0.0,0.0,0.0,0.0,45.04495051339372,optimal
2021-02-09 19:30:00,32,103,0.0,0.0,0.0,0.6417333333333334,31.122,6.0,2,20.108870596407623,,0.0,0.0,0.0,0.0,44.99990556288033,optimal
2021-02-09 20:00:00,32,103,0.0,0.0,0.0,0.3837666666666666,17.9025,6.0,2,20.058554752542683,,0.0,0.0,0.0,0.0,44.95490565731745,optimal
2021-02-09 20:30:00,32,103,0.0,0.0,0.0,0.4624,15.6555,6.0,2,20.0,,0.0,0.0,0.0,0.0,44.909950751660126,optimal
2021-02-09 21:00:00,32,103,0.0,0.0,0.0,0.5062666666666666,14.553,6.0,2,19.94502243979285,,0.0,0.0,0.0,0.0,44.86504080090847,optimal
2021-02-09 21:30:00,32,103,0.0,0.0,0.0,0.5165333333333333,14.3325,6.0,2,19.88765278800579,,0.0,0.0,0.0,0.0,44.82017576010756,optimal
2021-02-09 22:00:00,32,103,0.6170476190476191,0.0,0.0,0.7321,13.335,6.0,2,19.825186011360216,,0.0,0.0,2159.6666666666665,0.0,44.77535558434745,optimal
2021-02-09 22:30:00,32,103,0.0796190476190476,0.0,0.0,0.5018666666666667,12.1275,6.0,2,19.767216152645496,,0.0,0.0,278.66666666666663,0.0,44.7305802287631,optimal
2021-02-09 23:00:00,32,103,0.0,0.0,0.0,0.3429333333333333,12.2955,6.0,2,19.70111106517202,,0.0,0.0,0.0,0.0,44.68584964853434,optimal
2021-02-09 23:30:00,32,103,0.0,0.0,0.0,0.1085999999999999,11.6865,6.0,2,19.631629964044095,,0.0,0.0,0.0,0.0,44.6411637988858,optimal
2021-02-10 00:00:00,32,103,2.0,0.0,3.688195315738498,0.2259,10.8675,6.0,-8,19.631629964044095,,6930.333333333333,0.0,69.66666666666666,0.0,46.3484154100627,optimal
2021-02-10 00:30:00,32,103,2.0,0.0,5.0,0.3478666666666666,10.542,6.0,-8,19.704493538028373,,103.0,0.0,6897.0,0.0,48.67706699465263,optimal
2021-02-10 01:00:00,32,103,2.0,0.0,0.0,0.055,11.025,6.0,-8,19.638717272467083,,7000.0,0.0,0.0,0.0,48.62838992765797,optimal
2021-02-10 01:30:00,32,103,2.0,0.0,0.0,0.055,11.025,6.0,-8,19.704054684417414,,7000.0,0.0,0.0,0.0,48.57976153773031,optimal
2021-02-10 02:00:00,32,103,2.0,0.0,0.0,0.1201666666666666,14.553,6.0,-8,19.76864201297464,,7000.0,0.0,0.0,0.0,48.53118177619257,optimal
2021-02-10 02:30:00,32,103,2.0,0.0,0.0,0.0588333333333333,13.0935,6.0,-8,19.83385444593809,,7000.0,0.0,0.0,0.0,48.48265059441637,optimal
2021-02-10 03:00:00,32,103,2.0,0.0,0.0,0.101,15.6345,6.0,-8,19.89747993909955,,7000.0,0.0,0.0,0.0,48.434167943821954,optimal
2021-02-10 03:30:00,32,103,0.0,0.0,0.0,0.078,18.102,6.0,-8,19.961704409109792,,0.0,0.0,0.0,0.0,48.38573377587813,optimal
2021-02-10 04:00:00,32,103,2.0,0.0,0.0,0.055,17.199,6.0,-8,19.877800499025987,,7000.0,0.0,0.0,0.0,48.33734804210225,optimal
2021-02-10 04:30:00,32,103,0.0,0.0,0.0,0.055,18.2805,6.0,-8,19.941145929654304,,0.0,0.0,0.0,0.0,48.28901069406015,optimal
2021-02-10 05:00:00,32,103,0.0667787443336643,0.0,0.0,0.0933333333333333,17.4615,6.0,-8,19.856397459210964,,233.7256051678253,0.0,0.0,0.0,48.24072168336608,optimal
2021-02-10 05:30:00,32,103,0.0,0.0,0.0,0.0856666666666666,18.3225,6.0,-8,19.77730674901945,,0.0,0.0,0.0,0.0,48.19248096168271,optimal
2021-02-10 06:00:00,32,103,2.0,0.0,0.0,0.0709333333333333,17.094,6.0,-8,19.693039774248327,,7000.0,0.0,0.0,0.0,48.144288480721016,optimal
2021-02-10 06:30:00,32,103,2.0,0.0,0.0,0.074,17.094,6.0,-8,19.759303058003447,,7000.0,0.0,0.0,0.0,48.096144192240295,optimal
2021-02-10 07:00:00,32,103,2.0,0.0,0.0,1.2668333333333333,17.094,6.0,-8,19.833267050250758,,7000.0,0.0,0.0,0.0,48.048048048048045,optimal
2021-02-10 07:30:00,32,103,2.0,0.0,0.0,1.3767333333333331,17.3565,6.0,-8,19.919878324158557,,7000.0,0.0,0.0,0.0,48.0,optimal
2021-02-10 08:00:00,32,103,2.0,0.0,0.0,0.779,17.115,6.0,-8,20.0,,7000.0,0.0,0.0,0.0,47.79863909237611,optimal
2021-02-10 08:30:00,32,103,2.0,0.0,0.0,0.7888,17.241,6.0,-8,20.084473710196335,,7000.0,0.0,0.0,0.0,47.59747954565985,optimal
2021-02-10 09:00:00,32,103,2.0,0.0,0.0,0.8074333333333332,17.094,6.0,-8,20.171140402855794,,7000.0,0.0,0.0,0.0,47.39652115849031,optimal
2021-02-10 09:30:00,32,103,2.0,0.0,0.0,1.3396,16.5165,6.0,-8,20.257011216957416,,7000.0,0.0,0.0,0.0,47.195763729707934,optimal
2021-02-10 10:00:00,32,103,2.0,0.0,0.0,0.4066333333333333,17.8185,6.0,-8,20.33148540848968,,7000.0,0.0,0.0,0.0,46.99520705835434,optimal
2021-02-10 10:30:00,32,103,2.0,0.0,0.0,0.1802,17.094,6.0,-8,20.39981834310517,,7000.0,0.0,0.0,0.0,46.7948509436721,optimal
2021-02-10 11:00:00,32,103,2.0,0.0,0.0,0.1872666666666667,16.8945,6.0,-8,20.46795523864941,,7000.0,0.0,0.0,0.0,46.59469518510455,optimal
2021-02-10 11:30:00,32,103,1.7324519000816678,0.0,0.0,0.3034,18.123,6.0,-8,20.538179551745756,,6063.581650285838,0.0,0.0,0.0,46.39473958229556,optimal
2021-02-10 12:00:00,32,103,0.0,0.0,0.0,0.5372666666666667,31.647,6.0,-8,20.591610665475766,,0.0,0.0,0.0,0.0,46.194983935089375,optimal
2021-02-10 12:30:00,32,103,0.0,0.0,0.0,1.536,34.9965,6.0,-8,20.51439231233821,,0.0,0.0,0.0,0.0,45.9954280435304,optimal
2021-02-10 13:00:00,32,103,0.0,0.0,0.0,0.9956666666666666,34.9965,6.0,-8,20.442031868367486,,0.0,0.0,0.0,0.0,45.796071707862986,optimal
2021-02-10 13:30:00,32,103,0.0,0.0,0.0,0.3227666666666666,34.9965,6.0,-8,20.370124599569746,,0.0,0.0,0.0,0.0,45.59691472853124,optimal
2021-02-10 14:00:00,32,103,0.0,0.0,0.0,0.2127666666666667,34.9965,6.0,-8,20.295760751312763,,0.0,0.0,0.0,0.0,45.39795690617882,optimal
2021-02-10 14:30:00,32,103,0.0,0.0,0.0,0.3719666666666665,34.9965,6.0,-8,20.221002479487456,,0.0,0.0,0.0,0.0,45.19919804164876,optimal
2021-02-10 15:00:00,32,103,0.0,0.0,0.0,0.1492666666666667,27.741,6.0,-8,20.14946025129544,,0.0,0.0,0.0,0.0,45.00063793598322,optimal
2021-02-10 15:30:00,32,103,0.0,0.0,0.0,0.063,19.026,6.0,-8,20.07591230609093,,0.0,0.0,0.0,0.0,44.80227639042335,optimal
2021-02-10 16:00:00,32,103,0.8947385717352296,0.0,0.0,1.6538,18.7215,6.0,-8,20.0,,3131.5850010733034,0.0,0.0,0.0,44.604113206409046,optimal
2021-02-10 16:30:00,32,103,0.7637775354133417,0.0,0.0,1.2616666666666667,17.4195,6.0,-8,20.0,,2673.221373946696,0.0,0.0,0.0,44.40614818557875,optimal
2021-02-10 17:00:00,32,103,1.0582184310203924,0.0,0.0,0.3415333333333333,16.758,6.0,-8,20.0,,3285.7645085713734,0.0,418.0,0.0,44.208381129769286,optimal
2021-02-10 17:30:00,32,103,0.9191682139103838,0.0,0.0,0.4411,14.217,6.0,-8,20.0,,3077.75541535301,0.0,139.33333333333331,0.0,44.01081184101563,optimal
2021-02-10 18:00:00,32,103,0.8294037205230055,0.0,0.0,0.4511666666666666,13.3665,6.0,-8,20.0,,2902.9130218305195,0.0,0.0,0.0,43.813440121550734,optimal
2021-02-10 18:30:00,32,103,1.9249364612101163,0.0,0.0,1.0395,12.789,6.0,-8,20.0,,3308.619100910878,0.0,3428.658513324529,0.0,43.616265773805296,optimal
2021-02-10 19:00:00,32,103,2.0,0.0,0.0,0.1734333333333333,11.907,6.0,-8,20.0,,3461.991846657862,0.0,3538.008153342138,0.0,43.4192886004076,optimal
2021-02-10 19:30:00,32,103,1.0862392322141772,0.0,0.0,0.1543333333333333,11.7075,6.0,-8,20.0,,3592.8373127496207,0.0,209.0,0.0,43.22250840418332,optimal
2021-02-10 20:00:00,32,103,1.1999379368118428,0.0,0.0,0.2665333333333333,10.8045,6.0,-8,20.0,,3433.449445508116,0.0,766.3333333333334,0.0,43.025924988155246,optimal
2021-02-10 20:30:00,32,103,0.0,0.0,0.0,0.6409666666666667,11.508,6.0,-8,20.0,,0.0,0.0,0.0,0.0,42.8295381555432,optimal
2021-02-10 21:00:00,32,103,0.0,0.0,0.0,1.509266666666667,11.508,6.0,-8,19.92889049015571,,0.0,0.0,0.0,0.0,42.78670861738766,optimal
2021-02-10 21:30:00,32,103,0.0,0.0,0.0,1.3518666666666663,11.508,6.0,-8,19.87009510583451,,0.0,0.0,0.0,0.0,42.74392190877028,optimal
2021-02-10 22:00:00,32,103,0.0,0.0,0.0,0.328,11.844,6.0,-8,19.814794950779216,,0.0,0.0,0.0,0.0,42.7011779868615,optimal
2021-02-10 22:30:00,32,103,0.0,0.0,0.0,0.4001666666666666,11.508,6.0,-8,19.74243037358186,,0.0,0.0,0.0,0.0,42.65847680887464,optimal
2021-02-10 23:00:00,32,103,0.0,0.0,0.0,0.4912333333333333,11.508,6.0,-8,19.670693453588896,,0.0,0.0,0.0,0.0,42.61581833206576,optimal
2021-02-10 23:30:00,32,103,0.5175238095238094,0.0,0.0,0.388,10.4475,6.0,-8,19.59980798604276,,0.0,0.0,1811.333333333333,0.0,42.5732025137337,optimal
2021-02-11 00:00:00,32,103,2.0,0.0,0.0,0.0695333333333333,13.692,6.0,8,19.59980798604276,,6721.333333333333,0.0,278.66666666666663,0.0,42.53062931121996,optimal
2021-02-11 00:30:00,32,103,2.0,0.0,0.0,0.3168666666666667,14.007,6.0,8,19.64466425506094,,0.0,0.0,7000.0,0.0,42.48809868190874,optimal
2021-02-11 01:00:00,32,103,2.0,0.0,0.0,2.143466666666667,12.873,6.0,8,19.553900696153068,,0.0,0.0,7000.0,0.0,42.44561058322683,optimal
2021-02-11 01:30:00,32,103,2.0,0.0,0.0,0.416,12.684,6.0,8,19.47547981468381,,4447.726126878692,0.0,2552.273873121308,0.0,42.4031649726436,optimal
2021-02-11 02:00:00,32,103,2.0,0.0,0.0,0.5166666666666666,12.306,6.0,8,19.4784694281222,,7000.0,0.0,0.0,0.0,42.36076180767096,optimal
2021-02-11 02:30:00,32,103,2.0,0.0,5.0,0.6708999999999999,10.6365,6.0,8,19.53765302590372,,7000.0,0.0,0.0,0.0,44.69340104586329,optimal
2021-02-11 03:00:00,32,103,2.0,0.0,0.0,1.5227,11.2455,6.0,8,19.59977750982598,,7000.0,0.0,0.0,0.0,44.64870764481743,optimal
2021-02-11 03:30:00,32,103,2.0,0.0,0.0,2.8756666666666666,11.2455,6.0,8,19.66139453247505,,7000.0,0.0,0.0,0.0,44.60405893717261,optimal
2021-02-11 04:00:00,32,103,2.0,0.0,0.0,1.6092,11.025,6.0,8,19.73088832431054,,7000.0,0.0,0.0,0.0,44.55945487823544,optimal
2021-02-11 04:30:00,32,103,2.0,0.0,0.0,0.2890333333333333,12.0855,6.0,8,19.79426336248626,,7000.0,0.0,0.0,0.0,44.5148954233572,optimal
2021-02-11 05:00:00,32,103,2.0,0.0,0.0,1.1098,11.6865,6.0,8,19.850346856193884,,7000.0,0.0,0.0,0.0,44.47038052793385,optimal
2021-02-11 05:30:00,32,103,2.0,0.0,0.0,0.2336,11.2245,6.0,8,19.91020699980768,,7000.0,0.0,0.0,0.0,44.42591014740592,optimal
2021-02-11 06:00:00,32,103,2.0,0.0,0.0,0.3872666666666666,11.025,6.0,8,19.96787189523125,,7000.0,0.0,0.0,0.0,44.38148423725851,optimal
2021-02-11 06:30:00,32,103,2.0,0.0,3.0051128277639507,0.2251,10.7835,6.0,8,20.030227196312108,,7000.0,0.0,0.0,0.0,45.764531346209125,optimal
2021-02-11 07:00:00,32,103,2.0,0.0,0.0,1.0679666666666667,11.025,6.0,8,20.09404761176292,,7000.0,0.0,0.0,0.0,45.71876681486292,optimal
2021-02-11 07:30:00,32,103,2.0,0.0,5.0,0.0742666666666666,10.584,6.0,8,20.16096442705617,,7000.0,0.0,0.0,0.0,48.048048048048045,optimal
2021-02-11 08:00:00,32,103,2.0,0.0,0.0,0.127,11.025,6.0,8,20.22102984337913,,7000.0,0.0,0.0,0.0,48.0,optimal
2021-02-11 08:30:00,32,103,2.0,0.0,0.0,0.3571666666666667,10.4265,6.0,8,20.282215788756837,,7000.0,0.0,0.0,0.0,47.94046333179693,optimal
2021-02-11 09:00:00,32,103,2.0,0.0,0.0,1.4755333333333334,12.789,6.0,8,20.3432919819231,,7000.0,0.0,0.0,0.0,47.88098620026206,optimal
2021-02-11 09:30:00,32,103,2.0,0.0,0.0,0.2927333333333333,12.684,6.0,8,20.40978100551316,,7000.0,0.0,0.0,0.0,47.821568545858725,optimal
2021-02-11 10:00:00,32,103,2.0,0.0,0.0,0.2963333333333333,16.254,6.0,8,20.471023088958987,,7000.0,0.0,0.0,0.0,47.7622103091098,optimal
2021-02-11 10:30:00,32,103,2.0,0.0,0.0,1.7328333333333332,17.64,6.0,8,20.538538227330232,,7000.0,0.0,0.0,0.0,47.70291143059762,optimal
2021-02-11 11:00:00,32,103,0.0,0.0,0.0,0.6985333333333333,19.1625,6.0,8,20.623175493961543,,0.0,0.0,0.0,0.0,47.64367185096395,optimal
2021-02-11 11:30:00,32,103,0.0,0.0,0.0,0.7413333333333334,26.46,6.0,8,20.54186377255702,,0.0,0.0,0.0,0.0,47.58449151090991,optimal
2021-02-11 12:00:00,32,103,0.0,0.0,0.0,1.0152,20.79,6.0,8,20.46841522701103,,0.0,0.0,0.0,0.0,47.52537035119593,optimal
2021-02-11 12:30:00,32,103,0.0,0.0,0.0,0.9701,29.106,6.0,8,20.40571149185081,,0.0,0.0,0.0,0.0,47.46630831264167,optimal
2021-02-11 13:00:00,32,103,0.0,0.0,0.0,0.802,19.1835,6.0,8,20.33024009114776,,0.0,0.0,0.0,0.0,47.40730533612595,optimal
2021-02-11 13:30:00,32,103,0.0,0.0,0.0,0.141,19.6665,6.0,8,20.25156222372351,,0.0,0.0,0.0,0.0,47.34836136258675,optimal
2021-02-11 14:00:00,32,103,0.0,0.0,0.0,0.2179333333333333,19.404,6.0,8,20.17091209719487,,0.0,0.0,0.0,0.0,47.28947633302109,optimal
2021-02-11 14:30:00,32,103,0.0142308521589735,0.0,0.0,0.3380333333333333,19.047,6.0,8,20.092303569498117,,49.80798255640735,0.0,0.0,0.0,47.230650188485,optimal
2021-02-11 15:00:00,32,103,2.0,0.0,0.0,0.069,18.858,6.0,8,20.01469154696716,,7000.0,0.0,0.0,0.0,47.17188287009345,optimal
2021-02-11 15:30:00,32,103,0.0,0.0,0.0,0.3674333333333333,19.2675,6.0,8,20.07944374539159,,0.0,0.0,0.0,0.0,47.11317431902028,optimal
2021-02-11 16:00:00,32,103,1.1162660319830775,0.0,0.0,0.3618,18.963,6.0,8,20.0,,3906.931111940772,0.0,0.0,0.0,47.05452447649819,optimal
2021-02-11 16:30:00,32,103,2.0,0.0,0.0,0.1554,18.438,6.0,8,20.0,,7000.0,0.0,0.0,0.0,46.995933283818616,optimal
2021-02-11 17:00:00,32,103,0.3779512772122061,0.0,0.0,0.2316666666666666,18.7425,6.0,8,20.060673700104424,,1322.8294702427215,0.0,0.0,0.0,46.93740068233173,optimal
2021-02-11 17:30:00,32,103,2.0,0.0,0.0,0.0808,15.2145,6.0,8,20.0,,7000.0,0.0,0.0,0.0,46.878926613446325,optimal
2021-02-11 18:00:00,32,103,0.5385726494670711,0.0,0.0,0.146,17.7765,6.0,8,20.052161358122127,,1885.0042731347487,0.0,0.0,0.0,46.82051101862981,optimal
2021-02-11 18:30:00,32,103,2.0,0.0,0.0,0.3291,16.758,6.0,8,20.0,,4254.610210909001,0.0,2745.389789091,0.0,46.76215383940811,optimal
2021-02-11 19:00:00,32,103,2.0,0.0,0.0,0.3881666666666666,16.422,6.0,8,20.0,,6094.330328878973,0.0,905.669671121027,0.0,46.703855017365626,optimal
2021-02-11 19:30:00,32,103,2.0,0.0,0.0,0.2563,16.758,6.0,8,20.034763321278017,,7000.0,0.0,0.0,0.0,46.64561449414519,optimal
2021-02-11 20:00:00,32,103,0.0,0.0,0.0,1.1083,29.358,6.0,8,20.08899964834785,,0.0,0.0,0.0,0.0,46.587432211447975,optimal
2021-02-11 20:30:00,32,103,0.0,0.0,0.0,1.9211333333333327,34.9965,6.0,8,20.0,,0.0,0.0,0.0,0.0,46.52930811103346,optimal
2021-02-11 21:00:00,32,103,0.0,0.0,0.0,0.3228,34.65,6.0,8,19.91322977851914,,0.0,0.0,0.0,0.0,46.482778802922425,optimal
2021-02-11 21:30:00,32,103,0.0,0.0,0.0,0.3743333333333333,34.9965,6.0,8,19.816779214504137,,0.0,0.0,0.0,0.0,46.4362960241195,optimal
2021-02-11 22:00:00,32,103,0.0,0.0,0.0,0.7131000000000001,34.9965,6.0,8,19.723485584672066,,0.0,0.0,0.0,0.0,46.38985972809538,optimal
2021-02-11 22:30:00,32,103,0.0,0.0,0.0,2.8786,30.4815,6.0,8,19.637970849165896,,0.0,0.0,0.0,0.0,46.343469868367286,optimal
2021-02-11 23:00:00,32,103,0.0,0.0,0.0,2.841,21.4305,6.0,8,19.55533091045349,,0.0,0.0,0.0,0.0,46.29712639849892,optimal
2021-02-11 23:30:00,32,103,0.0,0.0,0.0,0.5921666666666666,14.3325,6.0,8,19.46675407703749,,0.0,0.0,0.0,0.0,46.25082927210042,optimal
2021-02-12 00:00:00,32,103,0.0398095238095238,0.0,0.0,0.06,15.435,6.0,10,19.46675407703749,,0.0,0.0,139.33333333333331,0.0,46.20457844282832,optimal
2021-02-12 00:30:00,32,103,0.7196830566685504,0.0,0.0,0.0871,13.566,6.0,10,19.35751630542888,,1055.8906983399268,0.0,1463.0,0.0,46.15837386438549,optimal
2021-02-12 01:00:00,32,103,2.0,0.0,0.0,0.2424666666666666,12.789,6.0,10,19.276478356854152,,7000.0,0.0,0.0,0.0,46.1122154905211,optimal
2021-02-12 01:30:00,32,103,2.0,0.0,0.0,0.3578333333333333,12.1275,6.0,10,19.3251623018593,,7000.0,0.0,0.0,0.0,46.06610327503058,optimal
2021-02-12 02:00:00,32,103,2.0,0.0,0.0,0.2019,13.671,6.0,10,19.378503145569827,,7000.0,0.0,0.0,0.0,46.02003717175555,optimal
2021-02-12 02:30:00,32,103,2.0,0.0,0.0,0.1900666666666666,10.668,6.0,10,19.42357586112629,,7000.0,0.0,0.0,0.0,45.97401713458379,optimal
2021-02-12 03:00:00,32,103,2.0,0.0,0.0,0.0996666666666666,11.7285,6.0,10,19.462790403347167,,7000.0,0.0,0.0,0.0,45.92804311744921,optimal
2021-02-12 03:30:00,32,103,2.0,0.0,0.0,0.1072,11.025,6.0,10,19.50128508960306,,7000.0,0.0,0.0,0.0,45.88211507433176,optimal
2021-02-12 04:00:00,32,103,2.0,0.0,0.0,0.2407333333333333,10.689,6.0,10,19.542939395377235,,7000.0,0.0,0.0,0.0,45.83623295925742,optimal
2021-02-12 04:30:00,32,103,2.0,0.0,5.0,0.062,8.1585,6.0,10,19.590391337862155,,7000.0,0.0,0.0,0.0,48.16539672629816,optimal
2021-02-12 05:00:00,32,103,2.0,0.0,0.0,0.0717,10.3635,6.0,10,19.63704127434045,,7000.0,0.0,0.0,0.0,48.117231329571865,optimal
2021-02-12 05:30:00,32,103,2.0,0.0,0.0,0.2009,10.8045,6.0,10,19.68685944177053,,7000.0,0.0,0.0,0.0,48.069114098242295,optimal
2021-02-12 06:00:00,32,103,2.0,0.0,0.0,0.1373333333333333,11.025,6.0,10,19.742800658906827,,7000.0,0.0,0.0,0.0,48.021044984144055,optimal
2021-02-12 06:30:00,32,103,2.0,0.0,0.1579454923960922,0.1137333333333333,10.3635,6.0,10,19.80077933046965,,7000.0,0.0,0.0,0.0,48.048048048048045,optimal
2021-02-12 07:00:00,32,103,2.0,0.0,0.0,0.6943333333333334,10.8045,6.0,10,19.85845184984616,,7000.0,0.0,0.0,0.0,48.0,optimal
2021-02-12 07:30:00,32,103,2.0,0.0,0.0,0.5558333333333334,10.059,6.0,10,19.93115272300009,,7000.0,0.0,0.0,0.0,47.83803836132309,optimal
2021-02-12 08:00:00,32,103,2.0,0.0,0.0,0.4374333333333333,10.584,6.0,10,20.0,,4031.376849170994,0.0,2968.623150829006,0.0,47.67623868428487,optimal
2021-02-12 08:30:00,32,103,2.0,0.0,0.0,0.5103333333333333,9.4185,6.0,10,20.0,,6136.95648416234,0.0,863.0435158376608,0.0,47.51460080692368,optimal
2021-02-12 09:00:00,32,103,2.0,0.0,0.0,0.4546666666666666,10.3635,6.0,10,20.04489090533881,,7000.0,0.0,0.0,0.0,47.353124567439856,optimal
2021-02-12 09:30:00,32,103,2.0,0.0,0.0,0.6777000000000001,9.8385,6.0,10,20.107311170276343,,7000.0,0.0,0.0,0.0,47.19180980419552,optimal
2021-02-12 10:00:00,32,103,2.0,0.0,0.0,1.628,11.067,6.0,10,20.17660932447507,,7000.0,0.0,0.0,0.0,47.03065635571441,optimal
2021-02-12 10:30:00,32,103,2.0,0.0,0.0,0.306,10.8465,6.0,10,20.2520993592632,,7000.0,0.0,0.0,0.0,46.86966406068179,optimal
2021-02-12 11:00:00,32,103,0.4235864739137127,0.0,0.0,0.4877333333333333,13.671,6.0,10,20.32109471515357,,1482.5526586979945,0.0,0.0,0.0,46.70883275794421,optimal
2021-02-12 11:30:00,32,103,2.0,0.0,0.0,0.5377666666666666,12.348,6.0,10,20.27821240090021,,7000.0,0.0,0.0,0.0,46.54816228650936,optimal
2021-02-12 12:00:00,32,103,0.0,0.0,0.0,0.1879,14.3325,6.0,10,20.354733435482483,,0.0,0.0,0.0,0.0,46.38765248554594,optimal
2021-02-12 12:30:00,32,103,0.0,0.0,0.0,0.1301999999999999,15.393,6.0,10,20.26938338095414,,0.0,0.0,0.0,0.0,46.22730319438349,optimal
2021-02-12 13:00:00,32,103,2.0,0.0,0.0,0.2377333333333333,13.587,6.0,10,20.185384551971737,,7000.0,0.0,0.0,0.0,46.0671142525122,optimal
2021-02-12 13:30:00,32,103,0.0,0.0,0.0,0.1301999999999999,16.1385,6.0,10,20.25161010831568,,0.0,0.0,0.0,0.0,45.90708549958278,optimal
2021-02-12 14:00:00,32,103,0.0,0.0,0.0,0.1096666666666666,14.595,6.0,10,20.167465076851396,,0.0,0.0,0.0,0.0,45.74721677540629,optimal
2021-02-12 14:30:00,32,103,0.0,0.0,0.0,0.2000666666666666,14.637,6.0,10,20.08281588085697,,0.0,0.0,0.0,0.0,45.58750791995398,optimal
2021-02-12 15:00:00,32,103,1.1450685851088658,0.0,0.0,0.1301999999999999,13.9125,6.0,10,20.0,,4007.7400478810314,0.0,0.0,0.0,45.42795877335712,optimal
2021-02-12 15:30:00,32,103,1.363126622191417,0.0,0.0,0.2226666666666666,13.3665,6.0,10,20.0,,4770.943177669959,0.0,0.0,0.0,45.268569175906855,optimal
2021-02-12 16:00:00,32,103,2.0,0.0,0.0,0.1533,13.0095,6.0,10,20.017331695745487,,7000.0,0.0,0.0,0.0,45.10933896805404,optimal
2021-02-12 16:30:00,32,103,0.0,0.0,0.0,0.1961,13.8915,6.0,10,20.08056649036394,,0.0,0.0,0.0,0.0,44.95026799040908,optimal
2021-02-12 17:00:00,32,103,1.0149820706605788,0.0,0.0,0.4391,13.188,6.0,10,20.0,,3482.770580645359,0.0,69.66666666666666,0.0,44.79135608374177,optimal
2021-02-12 17:30:00,32,103,1.689025362023454,0.0,0.0,0.329,12.5685,6.0,10,20.0,,3542.9221004154224,0.0,2368.6666666666665,0.0,44.63260308898112,optimal
2021-02-12 18:00:00,32,103,1.0058115219679205,0.0,0.0,0.4078333333333333,12.285,6.0,10,20.0,,3311.340326887722,0.0,209.0,0.0,44.47400884721524,optimal
2021-02-12 18:30:00,32,103,1.803901097624607,0.0,0.0,0.3285666666666667,11.487,6.0,10,20.0,,6313.653841686125,0.0,0.0,0.0,44.31557319969112,optimal
2021-02-12 19:00:00,32,103,0.0,0.0,0.0,0.519,11.802,6.0,10,20.06331761472602,,0.0,0.0,0.0,0.0,44.15729598781452,optimal
2021-02-12 19:30:00,32,103,0.6630885808841738,0.0,0.0,1.1171333333333335,11.2245,6.0,10,20.0,,2320.810033094608,0.0,0.0,0.0,43.9991770531498,optimal
2021-02-12 20:00:00,32,103,0.8854175865327492,0.0,0.0,0.7497,11.025,6.0,10,20.0,,2820.294886197956,0.0,278.66666666666663,0.0,43.841216237419744,optimal
2021-02-12 20:30:00,32,103,0.0,0.0,0.0,1.1334333333333333,11.907,6.0,10,20.0,,0.0,0.0,0.0,0.0,43.68341338250542,optimal
2021-02-12 21:00:00,32,103,0.0,0.0,0.0,0.4356666666666667,25.83,6.0,10,19.94469590200284,,0.0,0.0,0.0,0.0,43.52576833044601,optimal
2021-02-12 21:30:00,32,103,0.0,0.0,0.0,0.6733,28.035,6.0,10,19.876799974783747,,0.0,0.0,0.0,0.0,43.482242562115566,optimal
2021-02-12 22:00:00,32,103,0.0,0.0,0.0,0.4571333333333333,28.119,6.0,10,19.815764551536677,,0.0,0.0,0.0,0.0,43.43876031955345,optimal
2021-02-12 22:30:00,32,103,0.0,0.0,0.0,0.7624666666666667,30.156,6.0,10,19.74728492847594,,0.0,0.0,0.0,0.0,43.3953215592339,optimal
2021-02-12 23:00:00,32,103,0.0,0.0,0.0,0.4652666666666666,29.1585,6.0,10,19.68446628772824,,0.0,0.0,0.0,0.0,43.35192623767467,optimal
2021-02-12 23:30:00,32,103,0.0,0.0,0.0,0.2885333333333333,26.712,6.0,10,19.616393571252665,,0.0,0.0,0.0,0.0,43.30857431143699,optimal
2021-02-13 00:00:00,32,103,2.0,0.0,0.0,0.0596666666666666,9.261,6.0,-2,19.616393571252665,,7000.0,0.0,0.0,0.0,43.26526573712555,optimal
2021-02-13 00:30:00,32,103,2.0,0.0,0.0,0.0595333333333333,8.1585,6.0,-2,19.679475505641182,,0.0,0.0,7000.0,0.0,43.22200047138843,optimal
2021-02-13 01:00:00,32,103,2.0,0.0,0.0,0.1122666666666666,9.4815,6.0,-2,19.59530381651585,,1529.666666666667,0.0,5470.333333333333,0.0,43.17877847091704,optimal
2021-02-13 01:30:00,32,103,2.0,0.0,0.0,0.1618666666666667,8.379,6.0,-2,19.54505098710254,,7000.0,0.0,0.0,0.0,43.13559969244612,optimal
2021-02-13 02:00:00,32,103,2.0,0.0,0.0,0.0972,9.5235,6.0,-2,19.61144982072364,,7000.0,0.0,0.0,0.0,43.09246409275367,optimal
2021-02-13 02:30:00,32,103,2.0,0.0,1.6178810542564592,0.0670666666666666,8.1375,6.0,-2,19.676412998333287,,7000.0,0.0,0.0,0.0,43.81786512943274,optimal
2021-02-13 03:00:00,32,103,2.0,0.0,0.0,0.192,10.0905,6.0,-2,19.740447139657068,,7000.0,0.0,0.0,0.0,43.7740472643033,optimal
2021-02-13 03:30:00,32,103,2.0,0.0,5.0,0.0783666666666666,7.539,6.0,-2,19.8068206760089,,7000.0,0.0,0.0,0.0,46.10527321703899,optimal
2021-02-13 04:00:00,32,103,2.0,0.0,5.0,0.1183666666666666,7.938,6.0,-2,19.8702742345325,,7000.0,0.0,0.0,0.0,48.434167943821954,optimal
2021-02-13 04:30:00,32,103,2.0,0.0,0.0,0.1407,8.274,6.0,-2,19.934055106560837,,7000.0,0.0,0.0,0.0,48.38573377587813,optimal
2021-02-13 05:00:00,32,103,2.0,0.0,0.0,0.0934333333333333,9.261,6.0,-2,19.997563082498363,,7000.0,0.0,0.0,0.0,48.33734804210225,optimal
2021-02-13 05:30:00,32,103,2.0,0.0,0.0,0.0821333333333333,9.9225,6.0,-2,20.05933429200455,,7000.0,0.0,0.0,0.0,48.28901069406015,optimal
2021-02-13 06:00:00,32,103,2.0,0.0,0.0,0.1644666666666666,9.702,6.0,-2,20.12013372723867,,7000.0,0.0,0.0,0.0,48.24072168336608,optimal
2021-02-13 06:30:00,32,103,2.0,0.0,0.0,0.0668,10.584,6.0,-2,20.18193681668357,,7000.0,0.0,0.0,0.0,48.19248096168271,optimal
2021-02-13 07:00:00,32,103,2.0,0.0,0.0,0.062,10.143,6.0,-2,20.24112765019458,,7000.0,0.0,0.0,0.0,48.144288480721016,optimal
2021-02-13 07:30:00,32,103,0.0,0.0,0.0,0.2791,13.0095,6.0,-2,20.299560691111846,,0.0,0.0,0.0,0.0,48.096144192240295,optimal
2021-02-13 08:00:00,32,103,2.0,0.0,0.0,0.7621666666666667,11.025,6.0,-2,20.21872558887322,,7000.0,0.0,0.0,0.0,48.048048048048045,optimal
2021-02-13 08:30:00,32,103,0.0,0.0,0.0,0.8433333333333334,12.789,6.0,-2,20.30910493500217,,0.0,0.0,0.0,0.0,48.0,optimal
2021-02-13 09:00:00,32,103,2.0,0.0,0.0,1.4345,12.1275,6.0,-2,20.24294904850551,,7000.0,0.0,0.0,0.0,47.70887599016907,optimal
2021-02-13 09:30:00,32,103,2.0,0.0,0.0,0.4968999999999999,12.1695,6.0,-2,20.32410447887809,,7000.0,0.0,0.0,0.0,47.41804310434797,optimal
2021-02-13 10:00:00,32,103,0.7645495088203933,0.0,0.0,0.4247333333333333,12.306,6.0,-2,20.39621458909783,,2675.9232808713764,0.0,0.0,0.0,47.12750105141269,optimal
2021-02-13 10:30:00,32,103,0.0,0.0,0.0,0.3590666666666666,13.23,6.0,-2,20.375308448683786,,0.0,0.0,0.0,0.0,46.83724954053035,optimal
2021-02-13 11:00:00,32,103,0.0,0.0,0.0,0.5740666666666667,13.671,6.0,-2,20.296389308424377,,0.0,0.0,0.0,0.0,46.54728828115889,optimal
2021-02-13 11:30:00,32,103,0.0,0.0,0.0,2.4642,13.9335,6.0,-2,20.22150309248592,,0.0,0.0,0.0,0.0,46.2576169830468,optimal
2021-02-13 12:00:00,32,103,0.0,0.0,0.0,1.0385,13.293,6.0,-2,20.16624473030284,,0.0,0.0,0.0,0.0,45.968235356232825,optimal
2021-02-13 12:30:00,32,103,2.0,0.0,0.0,1.779766666666667,12.1065,6.0,-2,20.096222134569658,,7000.0,0.0,0.0,0.0,45.67914311104566,optimal
2021-02-13 13:00:00,32,103,2.0,0.0,0.0,0.3618,11.571,6.0,-2,20.185472870080407,,7000.0,0.0,0.0,0.0,45.39033995810369,optimal
2021-02-13 13:30:00,32,103,2.0,0.0,0.0,0.4807666666666667,11.025,6.0,-2,20.25839866314144,,7000.0,0.0,0.0,0.0,45.101825608314655,optimal
2021-02-13 14:00:00,32,103,2.0,0.0,0.0,1.5319,10.8465,6.0,-2,20.33270399263765,,7000.0,0.0,0.0,0.0,44.81359977287541,optimal
2021-02-13 14:30:00,32,103,2.0,0.0,0.0,0.4088333333333333,11.2455,6.0,-2,20.42074999360338,,7000.0,0.0,0.0,0.0,44.52566216327161,optimal
2021-02-13 15:00:00,32,103,0.0,0.0,0.0,0.2618,23.8665,6.0,-2,20.49427211698264,,0.0,0.0,0.0,0.0,44.23801249127741,optimal
2021-02-13 15:30:00,32,103,0.0,0.0,0.0,0.2258333333333332,27.4575,6.0,-2,20.41838559550348,,0.0,0.0,0.0,0.0,43.9506504689552,optimal
2021-02-13 16:00:00,32,103,0.0,0.0,0.0,0.2948,27.3735,6.0,-2,20.34915177148969,,0.0,0.0,0.0,0.0,43.66357580865532,optimal
2021-02-13 16:30:00,32,103,0.0,0.0,0.0,0.4247666666666666,30.4605,6.0,-2,20.27768666063722,,0.0,0.0,0.0,0.0,43.37678822301573,optimal
2021-02-13 17:00:00,32,103,0.0,0.0,0.0,0.1792333333333333,30.0195,6.0,-2,20.2131141932408,,0.0,0.0,0.0,0.0,43.09028742496179,optimal
2021-02-13 17:30:00,32,103,0.0,0.0,0.0,0.4483999999999999,26.9325,6.0,-2,20.14787477061781,,0.0,0.0,0.0,0.0,42.8040731277059,optimal
2021-02-13 18:00:00,32,103,0.0,0.0,0.0,0.3725,14.595,6.0,-2,20.0768480695528,,0.0,0.0,0.0,0.0,42.518145044747264,optimal
2021-02-13 18:30:00,32,103,0.9404617390779416,0.0,0.0,0.6023666666666667,12.4845,6.0,-2,20.0,,3291.616086772796,0.0,0.0,0.0,42.23250288987159,optimal
2021-02-13 19:00:00,32,103,0.9420871942832102,0.0,0.0,1.2377333333333331,12.1275,6.0,-2,20.0,,3297.305179991236,0.0,0.0,0.0,41.94714637715079,optimal
2021-02-13 19:30:00,32,103,1.7817924486780727,0.0,0.0,0.3493,12.1275,6.0,-2,20.0,,6236.273570373255,0.0,0.0,0.0,41.662075220942704,optimal
2021-02-13 20:00:00,32,103,0.0,0.0,0.0,0.3035666666666666,12.789,6.0,-2,20.06574316443497,,0.0,0.0,0.0,0.0,41.377289135890834,optimal
2021-02-13 20:30:00,32,103,0.0,0.0,0.0,1.3209666666666666,11.907,6.0,-2,20.0,,0.0,0.0,0.0,0.0,41.09278783692402,optimal
2021-02-13 21:00:00,32,103,0.0597142857142857,0.0,0.0,0.3334,11.025,6.0,-2,19.947004021954776,,0.0,0.0,209.0,0.0,40.808571039256165,optimal
2021-02-13 21:30:00,32,103,0.0796190476190476,0.0,0.0,0.3796,8.2005,6.0,-2,19.8812845060342,,0.0,0.0,278.6666666666667,0.0,40.52463845838598,optimal
2021-02-13 22:00:00,32,103,0.0,0.0,0.0,2.935366666666667,9.5655,6.0,-2,19.81008025993392,,0.0,0.0,0.0,0.0,40.48411381992759,optimal
2021-02-13 22:30:00,32,103,0.0398095238095238,0.0,0.0,0.3272,7.056,6.0,-2,19.756393107267147,,0.0,0.0,139.33333333333331,0.0,40.443629706107664,optimal
2021-02-13 23:00:00,32,103,0.0,0.0,0.0,0.2858,9.3975,6.0,-2,19.69064911229909,,0.0,0.0,0.0,0.0,40.40318607640155,optimal
2021-02-13 23:30:00,32,103,0.0,0.0,0.0,0.4386333333333333,10.059,6.0,-2,19.622777017722,,0.0,0.0,0.0,0.0,40.36278289032515,optimal
2021-02-07 00:00:00,33,103,2.0,0.0,0.0,0.3393,2.3415,6.0,-7,21.0,,7000.0,0.0,0.0,0.0,47.952,optimal
2021-02-07 00:30:00,33,103,2.0,0.0,0.0,0.3698666666666667,2.205,6.0,-7,21.083998572597057,,0.0,0.0,7000.0,0.0,47.904048,optimal
2021-02-07 01:00:00,33,103,2.0,0.0,1.1149259450065967,0.3431666666666667,0.882,6.0,-7,21.025335981098745,,5640.0,0.0,1360.0,0.0,48.38573377587813,optimal
2021-02-07 01:30:00,33,103,2.0,0.0,0.0,0.2405,1.5435,6.0,-7,21.078524545415117,,6791.0,0.0,209.0,0.0,48.33734804210225,optimal
2021-02-07 02:00:00,33,103,2.0,0.0,0.0,0.3964666666666666,1.5435,6.0,-7,21.155951137912176,,6791.0,0.0,209.0,0.0,48.28901069406015,optimal
2021-02-07 02:30:00,33,103,2.0,0.0,0.0,0.2932666666666667,5.0715,6.0,-7,21.235314458431667,,6930.333333333333,0.0,69.66666666666667,0.0,48.24072168336608,optimal
2021-02-07 03:00:00,33,103,2.0,0.0,0.0,0.2867666666666666,5.376,6.0,-7,21.313969316498923,,7000.0,0.0,0.0,0.0,48.19248096168271,optimal
2021-02-07 03:30:00,33,103,2.0,0.0,0.0,0.181,5.0715,6.0,-7,21.39276725761809,,7000.0,0.0,0.0,0.0,48.144288480721016,optimal
2021-02-07 04:00:00,33,103,2.0,0.0,0.0,0.3951333333333333,5.5125,6.0,-7,21.4683376537924,,4646.66,0.0,2353.34,0.0,48.096144192240295,optimal
2021-02-07 04:30:00,33,103,2.0,0.0,0.0,0.1004666666666666,9.261,6.0,-7,21.501442872935435,,6738.053333333335,0.0,261.9466666666646,0.0,48.048048048048045,optimal
2021-02-07 05:00:00,33,103,0.0,0.0,0.0,0.2539333333333333,11.7075,6.0,-7,21.57192236116125,,0.0,0.0,0.0,0.0,48.0,optimal
2021-02-07 05:30:00,33,103,0.0,0.0,0.0,0.1870333333333333,12.348,6.0,-7,21.501595473658348,,0.0,0.0,0.0,0.0,47.74168543098816,optimal
2021-02-07 06:00:00,33,103,0.0,0.0,0.0,0.1593333333333333,12.348,6.0,-7,21.42815642046348,,0.0,0.0,0.0,0.0,47.48362917654534,optimal
2021-02-07 06:30:00,33,103,0.0,0.0,0.0,1.1221666666666668,12.1275,6.0,-7,21.35376505872124,,0.0,0.0,0.0,0.0,47.22583097835696,optimal
2021-02-07 07:00:00,33,103,0.0,0.0,0.0,1.0451,12.5265,6.0,-7,21.28254823970697,,0.0,0.0,0.0,0.0,46.96829057836677,optimal
2021-02-07 07:30:00,33,103,0.0,0.0,0.0,1.2057666666666669,11.7495,6.0,-7,21.211217170592512,,0.0,0.0,0.0,0.0,46.71100771877656,optimal
2021-02-07 08:00:00,33,103,0.0,0.0,0.0,0.3268666666666667,13.23,6.0,-7,21.14444798411716,,0.0,0.0,0.0,0.0,46.45398214204595,optimal
2021-02-07 08:30:00,33,103,0.0,0.0,0.0,0.3494333333333333,14.3325,6.0,-7,21.080953802436657,,0.0,0.0,0.0,0.0,46.19721359089207,optimal
2021-02-07 09:00:00,33,103,0.0,0.0,0.0,0.4313999999999999,14.994,6.0,-7,21.01466289587784,,0.0,0.0,0.0,0.0,45.94070180828934,optimal
2021-02-07 09:30:00,33,103,0.0,0.0,0.0,0.1855333333333333,14.8155,6.0,-7,20.949137753384424,,0.0,0.0,0.0,0.0,45.68444653746921,optimal
2021-02-07 10:00:00,33,103,0.0,0.0,0.0,0.3246666666666666,14.112,6.0,-7,20.87391814218706,,0.0,0.0,0.0,0.0,45.42844752191991,optimal
2021-02-07 10:30:00,33,103,0.0,0.0,0.0,0.118,14.007,6.0,-7,20.79879227759078,,0.0,0.0,0.0,0.0,45.17270450538615,optimal
2021-02-07 11:00:00,33,103,0.0,0.0,0.0,0.2386,13.23,6.0,-7,20.71751209989093,,0.0,0.0,0.0,0.0,44.91721723186893,optimal
2021-02-07 11:30:00,33,103,2.0,0.0,0.0,0.4673,11.382,6.0,-7,20.63672995333001,,7000.0,0.0,0.0,0.0,44.66198544562523,optimal
2021-02-07 12:00:00,33,103,0.0,0.0,0.0,0.1337333333333333,11.7495,6.0,-7,20.709366331820277,,0.0,0.0,0.0,0.0,44.40700889116776,optimal
2021-02-07 12:30:00,33,103,0.0,0.0,0.0,0.2146666666666666,24.3285,6.0,-7,20.624103161902568,,0.0,0.0,0.0,0.0,44.15228731326476,optimal
2021-02-07 13:00:00,33,103,0.0,0.0,0.0,0.1613333333333333,28.917,6.0,-7,20.54093048361341,,0.0,0.0,0.0,0.0,43.897820456939655,optimal
2021-02-07 13:30:00,33,103,0.0,0.0,0.0,0.0989333333333333,31.3635,6.0,-7,20.45701244429262,,0.0,0.0,0.0,0.0,43.64360806747088,optimal
2021-02-07 14:00:00,33,103,0.0,0.0,0.0,0.1933333333333332,33.306,6.0,-7,20.37238840319021,,0.0,0.0,0.0,0.0,43.38964989039157,optimal
2021-02-07 14:30:00,33,103,0.0,0.0,0.0,0.1826666666666666,31.3425,6.0,-7,20.29036226743075,,0.0,0.0,0.0,0.0,43.13594567148935,optimal
2021-02-07 15:00:00,33,103,0.0,0.0,0.0,0.2277666666666666,28.2555,6.0,-7,20.21030547391903,,0.0,0.0,0.0,0.0,42.88249515680602,optimal
2021-02-07 15:30:00,33,103,0.0,0.0,0.0,0.1964666666666666,15.6975,6.0,-7,20.144721451429003,,0.0,0.0,0.0,0.0,42.62929809263738,optimal
2021-02-07 16:00:00,33,103,0.0,0.0,0.0,0.3313,12.5475,6.0,-7,20.074538063741475,,0.0,0.0,0.0,0.0,42.376354225532914,optimal
2021-02-07 16:30:00,33,103,0.6647868578779879,0.0,0.0,0.3324333333333333,12.0855,6.0,-7,20.01204645793364,,2326.754002572957,0.0,0.0,0.0,42.12366330229555,optimal
2021-02-07 17:00:00,33,103,1.9253932376026277,0.0,0.0,2.0861666666666667,11.907,6.0,-7,20.0,,6738.876331609195,0.0,0.0,0.0,41.87122506998141,optimal
2021-02-07 17:30:00,33,103,0.0,0.0,0.0,0.3833666666666667,12.5685,6.0,-7,20.107563801948988,,0.0,0.0,0.0,0.0,41.6190392758996,optimal
2021-02-07 18:00:00,33,103,0.0,0.0,0.0,0.2583,13.146,6.0,-7,20.0559647734183,,0.0,0.0,0.0,0.0,41.36710566761186,optimal
2021-02-07 18:30:00,33,103,0.8298239650880169,0.0,0.0,0.2903333333333333,10.584,6.0,-7,20.0,,2872.337211141393,0.0,32.046666666666674,0.0,41.11542399293241,optimal
2021-02-07 19:00:00,33,103,2.0,0.0,0.0,0.1627333333333333,6.678,6.0,-7,20.0,,7000.0,0.0,0.0,0.0,40.86399399992765,optimal
2021-02-07 19:30:00,33,103,0.1470921675638345,0.0,0.0,0.0946666666666666,7.938,6.0,-7,20.070991206763264,,514.822586473421,0.0,0.0,0.0,40.61281543691588,optimal
2021-02-07 20:00:00,33,103,2.0,0.0,0.0,0.3509333333333333,5.292,6.0,-7,20.0,,3615.6947845898007,0.0,3384.3052154101997,0.0,40.36188805246713,optimal
2021-02-07 20:30:00,33,103,0.0,0.0,0.0,0.068,9.261,6.0,-7,20.0,,0.0,0.0,0.0,0.0,40.11121159540283,optimal
2021-02-07 21:00:00,33,103,0.0,0.0,0.0,0.2109333333333333,10.3635,6.0,-7,19.91747861994037,,0.0,0.0,0.0,0.0,39.86078581479559,optimal
2021-02-07 21:30:00,33,103,0.0,0.0,0.0,0.2293333333333332,8.274,6.0,-7,19.837886749882507,,0.0,0.0,0.0,0.0,39.61061045996896,optimal
2021-02-07 22:00:00,33,103,0.6453413670256575,0.0,0.0,0.3356,7.7175,6.0,-7,19.76587414773046,,0.0,0.0,2258.694784589801,0.0,39.57099984950899,optimal
2021-02-07 22:30:00,33,103,0.0995238095238095,0.0,0.0,0.3838999999999999,6.615,6.0,-7,19.70502288881154,,0.0,0.0,348.3333333333333,0.0,39.53142884965949,optimal
2021-02-07 23:00:00,33,103,0.1393333333333333,0.0,0.0,0.6850333333333333,6.174,6.0,-7,19.648433938311207,,0.0,0.0,487.6666666666667,0.0,39.49189742080983,optimal
2021-02-07 23:30:00,33,103,0.0796190476190476,0.0,0.0,0.5432333333333333,3.906,6.0,-7,19.59997737317109,,0.0,0.0,278.66666666666663,0.0,39.45240552338902,optimal
2021-02-08 00:00:00,33,103,0.0,0.0,0.0,0.058,12.1275,6.0,6,19.59997737317109,,0.0,0.0,0.0,0.0,39.41295311786563,optimal
2021-02-08 00:30:00,33,103,0.0,0.0,0.0,0.058,12.1275,6.0,6,19.52408167962844,,0.0,0.0,0.0,0.0,39.37354016474776,optimal
2021-02-08 01:00:00,33,103,2.0,0.0,0.0,0.1235999999999999,11.2665,6.0,6,19.448530300773346,,0.0,0.0,7000.0,0.0,39.33416662458301,optimal
2021-02-08 01:30:00,33,103,2.0,0.0,0.0,0.1261333333333333,10.143,6.0,6,19.37470258131156,,6336.666666666667,0.0,663.3333333333334,0.0,39.29483245795843,optimal
2021-02-08 02:00:00,33,103,2.0,0.0,0.0,0.1388,11.2455,6.0,6,19.43442570584033,,7000.0,0.0,0.0,0.0,39.25553762550047,optimal
2021-02-08 02:30:00,33,103,2.0,0.0,0.0,0.1673333333333333,11.025,6.0,6,19.507881127036367,,7000.0,0.0,0.0,0.0,39.21628208787497,optimal
2021-02-08 03:00:00,33,103,2.0,0.0,0.0,0.1631999999999999,5.9745,6.0,6,19.581830776729312,,7000.0,0.0,0.0,0.0,39.177065805787095,optimal
2021-02-08 03:30:00,33,103,2.0,0.0,0.0,0.0907999999999999,7.938,6.0,6,19.65558476610613,,7000.0,0.0,0.0,0.0,39.13788873998131,optimal
2021-02-08 04:00:00,33,103,2.0,0.0,0.0,0.2262666666666666,8.6835,6.0,6,19.72725327336242,,7000.0,0.0,0.0,0.0,39.09875085124133,optimal
2021-02-08 04:30:00,33,103,2.0,0.0,0.0,0.0714666666666666,7.665,6.0,6,19.80122143777237,,7000.0,0.0,0.0,0.0,39.05965210039009,optimal
2021-02-08 05:00:00,33,103,2.0,0.0,0.0,0.0975333333333333,6.7725,6.0,6,19.871141760674067,,7000.0,0.0,0.0,0.0,39.0205924482897,optimal
2021-02-08 05:30:00,33,103,2.0,0.0,4.356317466039531,0.233,5.5755,6.0,6,19.940839922932927,,7000.0,0.0,0.0,0.0,41.05082265221018,optimal
2021-02-08 06:00:00,33,103,2.0,0.0,5.0,0.058,5.0925,6.0,6,20.012846681175706,,7000.0,0.0,0.0,0.0,43.38477182955796,optimal
2021-02-08 06:30:00,33,103,2.0,0.0,5.0,0.225,4.1895,6.0,6,20.08061611209014,,7000.0,0.0,0.0,0.0,45.7163870577284,optimal
2021-02-08 07:00:00,33,103,2.0,0.0,0.0,0.1055333333333333,7.056,6.0,6,20.15136667855707,,7000.0,0.0,0.0,0.0,45.670670670670674,optimal
2021-02-08 07:30:00,33,103,2.0,0.0,5.0,0.0659333333333333,5.271,6.0,6,20.219054615952967,,7000.0,0.0,0.0,0.0,48.0,optimal
2021-02-08 08:00:00,33,103,2.0,0.0,0.0,0.3799666666666665,7.938,6.0,6,20.287163499909315,,7000.0,0.0,0.0,0.0,47.81337754348685,optimal
2021-02-08 08:30:00,33,103,2.0,0.0,0.0,2.2045,7.938,6.0,6,20.36295872320224,,7000.0,0.0,0.0,0.0,47.62694170943022,optimal
2021-02-08 09:00:00,33,103,2.0,0.0,0.0,1.9938,11.907,6.0,6,20.440057250028584,,7000.0,0.0,0.0,0.0,47.44069231120764,optimal
2021-02-08 09:30:00,33,103,2.0,0.0,0.0,0.7999666666666667,11.025,6.0,6,20.522959499734863,,7000.0,0.0,0.0,0.0,47.25462916238329,optimal
2021-02-08 10:00:00,33,103,2.0,0.0,0.0,0.6010666666666667,11.2875,6.0,6,20.603978732607366,,7000.0,0.0,0.0,0.0,47.06875207670776,optimal
2021-02-08 10:30:00,33,103,0.0,0.0,0.0,2.4429333333333334,12.936,6.0,6,20.68845738562744,,0.0,0.0,0.0,0.0,46.88306086811791,optimal
2021-02-08 11:00:00,33,103,0.0,0.0,0.0,2.7538,13.0095,6.0,6,20.62954851147099,,0.0,0.0,0.0,0.0,46.69755535073664,optimal
2021-02-08 11:30:00,33,103,0.0,0.0,0.0,0.5257333333333334,13.671,6.0,6,20.56826813845957,,0.0,0.0,0.0,0.0,46.51223533887276,optimal
2021-02-08 12:00:00,33,103,0.0,0.0,0.0,1.2868,13.188,6.0,6,20.49945112382705,,0.0,0.0,0.0,0.0,46.327100647020735,optimal
2021-02-08 12:30:00,33,103,0.0,0.0,0.0,2.302033333333333,13.8495,6.0,6,20.433181264561128,,0.0,0.0,0.0,0.0,46.14215108986057,optimal
2021-02-08 13:00:00,33,103,0.0333428844324402,0.0,0.0,1.0169,13.23,6.0,6,20.37085341415237,,116.70009551354087,0.0,0.0,0.0,45.95738648225756,optimal
2021-02-08 13:30:00,33,103,0.0,0.0,0.0,2.223333333333333,13.3665,6.0,6,20.306630796694183,,0.0,0.0,0.0,0.0,45.77280663926216,optimal
2021-02-08 14:00:00,33,103,2.0,0.0,0.0,0.3012666666666666,13.0515,6.0,6,20.245874459535056,,7000.0,0.0,0.0,0.0,45.58841137610975,optimal
2021-02-08 14:30:00,33,103,0.0,0.0,0.0,0.1021333333333333,13.5345,6.0,6,20.32727557014793,,0.0,0.0,0.0,0.0,45.40420050822049,optimal
2021-02-08 15:00:00,33,103,0.0,0.0,0.0,0.2442666666666667,14.154,6.0,6,20.249507450742,,0.0,0.0,0.0,0.0,45.22017385119912,optimal
2021-02-08 15:30:00,33,103,0.0,0.0,0.0,0.1062666666666666,14.112,6.0,6,20.16730259727397,,0.0,0.0,0.0,0.0,45.036331220834775,optimal
2021-02-08 16:00:00,33,103,0.0,0.0,0.0,0.1588666666666666,14.2485,6.0,6,20.082792559013136,,0.0,0.0,0.0,0.0,44.85267243310079,optimal
2021-02-08 16:30:00,33,103,1.720147438536903,0.0,0.0,0.4370666666666666,12.789,6.0,6,20.0,,6020.5160348791605,0.0,0.0,0.0,44.669197304154544,optimal
2021-02-08 17:00:00,33,103,0.0,0.0,0.0,2.4043666666666668,13.0095,6.0,6,20.057519042508726,,0.0,0.0,0.0,0.0,44.48590565033725,optimal
2021-02-08 17:30:00,33,103,2.0,0.0,0.0,0.6744333333333333,12.1275,6.0,6,20.0,,7000.0,0.0,0.0,0.0,44.30279728817376,optimal
2021-02-08 18:00:00,33,103,1.1809941090380212,0.0,0.0,2.1795,12.348,6.0,6,20.08649240770412,,4133.479381633074,0.0,0.0,0.0,44.11987203437244,optimal
2021-02-08 18:30:00,33,103,2.0,0.0,0.0,0.3859333333333333,12.348,6.0,6,20.103764813179488,,7000.0,0.0,0.0,0.0,43.93712970582492,optimal
2021-02-08 19:00:00,33,103,0.0,0.0,0.0,0.5872666666666666,25.389,6.0,6,20.18231721335389,,0.0,0.0,0.0,0.0,43.75457011960594,optimal
2021-02-08 19:30:00,33,103,0.0,0.0,0.0,0.49,29.1375,6.0,6,20.12061242732002,,0.0,0.0,0.0,0.0,43.5721930929732,optimal
2021-02-08 20:00:00,33,103,0.0,0.0,0.0,2.3943000000000003,30.597,6.0,6,20.05529478167584,,0.0,0.0,0.0,0.0,43.528620899880224,optimal
2021-02-08 20:30:00,33,103,0.0,0.0,0.0,1.8750666666666664,33.684,6.0,6,20.0,,0.0,0.0,0.0,0.0,43.485092278980346,optimal
2021-02-08 21:00:00,33,103,0.0,0.0,0.0,2.1810666666666667,32.445,6.0,6,19.940447535040786,,0.0,0.0,0.0,0.0,43.44160718670137,optimal
2021-02-08 21:30:00,33,103,0.0,0.0,0.0,2.042466666666667,28.917,6.0,6,19.880218431558063,,0.0,0.0,0.0,0.0,43.39816557951467,optimal
2021-02-08 22:00:00,33,103,0.0,0.0,0.0,0.7044666666666667,15.876,6.0,6,19.817971033922746,,0.0,0.0,0.0,0.0,43.35476741393515,optimal
2021-02-08 22:30:00,33,103,0.0,0.0,0.0,0.2259,12.348,6.0,6,19.752033833935688,,0.0,0.0,0.0,0.0,43.31141264652121,optimal
2021-02-08 23:00:00,33,103,0.0,0.0,0.0,0.2114666666666666,12.1275,6.0,6,19.67650637777702,,0.0,0.0,0.0,0.0,43.26810123387469,optimal
2021-02-08 23:30:00,33,103,0.0,0.0,0.0,0.068,12.348,6.0,6,19.59965418201523,,0.0,0.0,0.0,0.0,43.22483313264081,optimal
2021-02-09 00:00:00,33,103,2.0,0.0,0.0,0.2683,11.6865,6.0,3,19.59965418201523,,7000.0,0.0,0.0,0.0,43.18160829950817,optimal
2021-02-09 00:30:00,33,103,2.0,0.0,0.0,0.1911666666666666,11.466,6.0,3,19.672869177959964,,0.0,0.0,7000.0,0.0,43.13842669120866,optimal
2021-02-09 01:00:00,33,103,2.0,0.0,0.0,0.311,10.8045,6.0,3,19.59666550551861,,1529.666666666667,0.0,5470.333333333333,0.0,43.09528826451746,optimal
2021-02-09 01:30:00,33,103,2.0,0.0,5.0,0.2426333333333333,10.584,6.0,3,19.55554652271097,,7000.0,0.0,0.0,0.0,45.42719297625294,optimal
2021-02-09 02:00:00,33,103,2.0,0.0,0.0,0.3765666666666666,11.2455,6.0,3,19.62807048718445,,7000.0,0.0,0.0,0.0,45.38176578327669,optimal
2021-02-09 02:30:00,33,103,2.0,0.0,0.0,0.4339666666666665,12.1275,6.0,3,19.702336410732205,,7000.0,0.0,0.0,0.0,45.33638401749341,optimal
2021-02-09 03:00:00,33,103,2.0,0.0,0.0,0.062,11.823,6.0,3,19.778781128491097,,7000.0,0.0,0.0,0.0,45.29104763347591,optimal
2021-02-09 03:30:00,33,103,2.0,0.0,0.0,0.2306666666666666,11.7705,6.0,3,19.843620070772683,,7000.0,0.0,0.0,0.0,45.24575658584244,optimal
2021-02-09 04:00:00,33,103,2.0,0.0,0.0,0.0974666666666666,11.13,6.0,3,19.912169029737267,,7000.0,0.0,0.0,0.0,45.200510829256594,optimal
2021-02-09 04:30:00,33,103,2.0,0.0,0.0,0.1366666666666666,11.6865,6.0,3,19.978056757778567,,7000.0,0.0,0.0,0.0,45.15531031842734,optimal
2021-02-09 05:00:00,33,103,2.0,0.0,1.580651664726905,0.1914666666666666,10.7205,6.0,3,20.04401708180334,,7000.0,0.0,0.0,0.0,45.86096454885418,optimal
2021-02-09 05:30:00,33,103,2.0,0.0,0.0,0.062,11.424,6.0,3,20.11037805882846,,7000.0,0.0,0.0,0.0,45.81510358430533,optimal
2021-02-09 06:00:00,33,103,2.0,0.0,5.0,0.062,10.689,6.0,3,20.17371265101941,,7000.0,0.0,0.0,0.0,48.144288480721016,optimal
2021-02-09 06:30:00,33,103,2.0,0.0,0.0,0.1366666666666666,11.361,6.0,3,20.23675991425528,,7000.0,0.0,0.0,0.0,48.096144192240295,optimal
2021-02-09 07:00:00,33,103,2.0,0.0,0.0,0.1934,11.571,6.0,3,20.300866081699457,,7000.0,0.0,0.0,0.0,48.048048048048045,optimal
2021-02-09 07:30:00,33,103,0.0,0.0,0.0,0.1095999999999999,14.3745,6.0,3,20.36703115557221,,0.0,0.0,0.0,0.0,48.0,optimal
2021-02-09 08:00:00,33,103,2.0,0.0,0.0,0.076,13.23,6.0,3,20.28759172835457,,7000.0,0.0,0.0,0.0,47.78597866947027,optimal
2021-02-09 08:30:00,33,103,2.0,0.0,0.0,0.2344666666666666,13.9755,6.0,3,20.34601778370196,,7000.0,0.0,0.0,0.0,47.57217136027106,optimal
2021-02-09 09:00:00,33,103,0.0,0.0,0.0,0.1136666666666666,14.994,6.0,3,20.405718137627662,,0.0,0.0,0.0,0.0,47.35857785838106,optimal
2021-02-09 09:30:00,33,103,2.0,0.0,0.0,0.1093333333333333,13.671,6.0,3,20.31593240957089,,7000.0,0.0,0.0,0.0,47.14519794999295,optimal
2021-02-09 10:00:00,33,103,0.0,0.0,0.0,0.2388,15.981,6.0,3,20.37517665195468,,0.0,0.0,0.0,0.0,46.93203142151322,optimal
2021-02-09 10:30:00,33,103,0.0,0.0,0.0,0.072,15.6345,6.0,3,20.29088560018348,,0.0,0.0,0.0,0.0,46.71907805956198,optimal
2021-02-09 11:00:00,33,103,0.0,0.0,0.0,0.1854666666666666,16.5375,6.0,3,20.20459991285468,,0.0,0.0,0.0,0.0,46.50633765097269,optimal
2021-02-09 11:30:00,33,103,0.5942303831079467,0.0,0.0,0.1626666666666666,14.7735,6.0,3,20.12222836837456,,2079.806340877813,0.0,0.0,0.0,46.293809982791984,optimal
2021-02-09 12:00:00,33,103,0.0,0.0,0.0,0.072,15.2145,6.0,3,20.08375817394563,,0.0,0.0,0.0,0.0,46.08149484227946,optimal
2021-02-09 12:30:00,33,103,0.9905404249143194,0.0,0.0,0.2337666666666666,14.553,6.0,3,20.0,,3466.891487200118,0.0,0.0,0.0,45.869392016907454,optimal
2021-02-09 13:00:00,33,103,2.0,0.0,0.0,0.4853,14.3325,6.0,3,20.0,,7000.0,0.0,0.0,0.0,45.65750129436082,optimal
2021-02-09 13:30:00,33,103,0.9087364370316628,0.0,0.0,1.2935333333333332,14.595,6.0,3,20.07792831711529,,3180.5775296108195,0.0,0.0,0.0,45.44582246253673,optimal
2021-02-09 14:00:00,33,103,0.0,0.0,0.0,1.1859333333333333,14.994,6.0,3,20.074799660960178,,0.0,0.0,0.0,0.0,45.23435530954446,optimal
2021-02-09 14:30:00,33,103,0.9592365323075226,0.0,0.0,0.5244333333333333,14.3325,6.0,3,20.0,,3357.327863076329,0.0,0.0,0.0,45.02309962370519,optimal
2021-02-09 15:00:00,33,103,1.7996610561415258,0.0,0.0,0.3928666666666667,13.8915,6.0,3,20.0,,6298.813696495341,0.0,0.0,0.0,44.81205519355175,optimal
2021-02-09 15:30:00,33,103,2.0,0.0,0.0,0.457,13.8915,6.0,3,20.059316049765755,,7000.0,0.0,0.0,0.0,44.60122180782847,optimal
2021-02-09 16:00:00,33,103,2.0,0.0,0.0,0.4666,13.4715,6.0,3,20.134368039849683,,7000.0,0.0,0.0,0.0,44.390599255490905,optimal
2021-02-09 16:30:00,33,103,2.0,0.0,0.0,0.2922,13.23,6.0,3,20.211548052078463,,7000.0,0.0,0.0,0.0,44.18018732570568,optimal
2021-02-09 17:00:00,33,103,2.0,0.0,0.0,1.4385,13.8915,6.0,3,20.28334087933276,,7000.0,0.0,0.0,0.0,43.96998580785024,optimal
2021-02-09 17:30:00,33,103,0.0,0.0,0.0,2.7399,26.9325,6.0,3,20.365485089032298,,0.0,0.0,0.0,0.0,43.75999449151266,optimal
2021-02-09 18:00:00,33,103,0.0,0.0,0.0,1.508733333333333,30.303,6.0,3,20.305831193849787,,0.0,0.0,0.0,0.0,43.550213166491424,optimal
2021-02-09 18:30:00,33,103,0.0,0.0,0.0,2.5917,32.886,6.0,3,20.242038888970157,,0.0,0.0,0.0,0.0,43.3406416227952,optimal
2021-02-09 19:00:00,33,103,0.0,0.0,0.0,0.8433999999999999,34.9965,6.0,3,20.20214547634157,,0.0,0.0,0.0,0.0,43.13127965064268,optimal
2021-02-09 19:30:00,33,103,0.0,0.0,0.0,1.1085999999999998,33.327,6.0,3,20.136844152650667,,0.0,0.0,0.0,0.0,42.9221270404623,optimal
2021-02-09 20:00:00,33,103,0.0,0.0,0.0,0.2368666666666666,31.122,6.0,3,20.070861218741044,,0.0,0.0,0.0,0.0,42.71318358289211,optimal
2021-02-09 20:30:00,33,103,0.0,0.0,0.0,0.3073999999999999,17.9025,6.0,3,20.0,,0.0,0.0,0.0,0.0,42.67047039930922,optimal
2021-02-09 21:00:00,33,103,0.0,0.0,0.0,0.2136333333333333,15.6555,6.0,3,19.93118951514102,,0.0,0.0,0.0,0.0,42.62779992890991,optimal
2021-02-09 21:30:00,33,103,0.0,0.0,0.0,0.953,14.553,6.0,3,19.86147410522192,,0.0,0.0,0.0,0.0,42.585172128981,optimal
2021-02-09 22:00:00,33,103,0.0,0.0,0.0,0.8353333333333334,14.3325,6.0,3,19.79424099498397,,0.0,0.0,0.0,0.0,42.54258695685202,optimal
2021-02-09 22:30:00,33,103,0.0398095238095238,0.0,0.0,0.1914666666666666,13.335,6.0,3,19.72855859919148,,0.0,0.0,139.33333333333331,0.0,42.50004436989517,optimal
2021-02-09 23:00:00,33,103,0.1393333333333333,0.0,0.0,0.1596,12.1275,6.0,3,19.656683551930232,,0.0,0.0,487.6666666666667,0.0,42.45754432552528,optimal
2021-02-09 23:30:00,33,103,0.0,0.0,0.0,0.0849,12.2955,6.0,3,19.581154138258896,,0.0,0.0,0.0,0.0,42.41508678119976,optimal
2021-02-10 00:00:00,33,103,2.0,0.0,0.0,0.062,11.508,6.0,-3,19.581154138258896,,7000.0,0.0,0.0,0.0,42.37267169441856,optimal
2021-02-10 00:30:00,33,103,2.0,0.0,0.0,0.062,11.844,6.0,-3,19.647775809693247,,2820.0,0.0,4180.0,0.0,42.33029902272414,optimal
2021-02-10 01:00:00,33,103,2.0,0.0,0.0,0.0692333333333333,11.508,6.0,-3,19.625650866813192,,7000.0,0.0,0.0,0.0,42.28796872370142,optimal
2021-02-10 01:30:00,33,103,2.0,0.0,0.0,0.2557333333333333,11.508,6.0,-3,19.69492223529878,,7000.0,0.0,0.0,0.0,42.24568075497772,optimal
2021-02-10 02:00:00,33,103,2.0,0.0,5.0,0.2197333333333332,10.4475,6.0,-3,19.77115468134566,,7000.0,0.0,0.0,0.0,44.57843507422274,optimal
2021-02-10 02:30:00,33,103,2.0,0.0,3.6150650760675407,0.1219333333333333,10.8675,6.0,-3,19.84457940778061,,7000.0,0.0,0.0,0.0,46.25101255028059,optimal
2021-02-10 03:00:00,33,103,2.0,0.0,5.0,0.0616666666666666,10.542,6.0,-3,19.915655803814374,,7000.0,0.0,0.0,0.0,48.57976153773031,optimal
2021-02-10 03:30:00,33,103,2.0,0.0,0.0,0.062,11.025,6.0,-3,19.9807345588393,,7000.0,0.0,0.0,0.0,48.53118177619257,optimal
2021-02-10 04:00:00,33,103,2.0,0.0,0.0,0.062,11.025,6.0,-3,20.043728787531805,,7000.0,0.0,0.0,0.0,48.48265059441637,optimal
2021-02-10 04:30:00,33,103,2.0,0.0,0.0,0.062,14.553,6.0,-3,20.10643723139045,,7000.0,0.0,0.0,0.0,48.434167943821954,optimal
2021-02-10 05:00:00,33,103,2.0,0.0,0.0,0.0663333333333333,13.0935,6.0,-3,20.16840751865032,,7000.0,0.0,0.0,0.0,48.38573377587813,optimal
2021-02-10 05:30:00,33,103,2.0,0.0,0.0,0.0676666666666666,15.6345,6.0,-3,20.22964299809374,,7000.0,0.0,0.0,0.0,48.33734804210225,optimal
2021-02-10 06:00:00,33,103,0.0,0.0,0.0,0.062,18.102,6.0,-3,20.290147003310704,,0.0,0.0,0.0,0.0,48.28901069406015,optimal
2021-02-10 06:30:00,33,103,1.9008166093123933,0.0,0.0,0.062,17.199,6.0,-3,20.202569998101804,,6652.8581325933765,0.0,0.0,0.0,48.24072168336608,optimal
2021-02-10 07:00:00,33,103,0.0,0.0,0.0,0.062,18.2805,6.0,-3,20.256343015335634,,0.0,0.0,0.0,0.0,48.19248096168271,optimal
2021-02-10 07:30:00,33,103,0.0,0.0,0.0,0.062,17.4615,6.0,-3,20.17073404121787,,0.0,0.0,0.0,0.0,48.144288480721016,optimal
2021-02-10 08:00:00,33,103,0.0,0.0,0.0,0.062,18.3225,6.0,-3,20.085286613720537,,0.0,0.0,0.0,0.0,48.096144192240295,optimal
2021-02-10 08:30:00,33,103,2.0,0.0,0.0,0.062,17.094,6.0,-3,20.0,,7000.0,0.0,0.0,0.0,48.048048048048045,optimal
2021-02-10 09:00:00,33,103,2.0,0.0,0.0,0.1064666666666666,17.094,6.0,-3,20.063360495819158,,7000.0,0.0,0.0,0.0,48.0,optimal
2021-02-10 09:30:00,33,103,2.0,0.0,0.0,0.1706666666666666,17.094,6.0,-3,20.13211511544001,,7000.0,0.0,0.0,0.0,47.92400113458205,optimal
2021-02-10 10:00:00,33,103,2.0,0.0,0.0,0.1959333333333333,17.3565,6.0,-3,20.20458482415806,,7000.0,0.0,0.0,0.0,47.84807826802952,optimal
2021-02-10 10:30:00,33,103,2.0,0.0,0.0,0.1738,17.115,6.0,-3,20.2775895951595,,7000.0,0.0,0.0,0.0,47.77223132434354,optimal
2021-02-10 11:00:00,33,103,2.0,0.0,0.0,0.072,17.241,6.0,-3,20.34589578129938,,7000.0,0.0,0.0,0.0,47.69646022760124,optimal
2021-02-10 11:30:00,33,103,2.0,0.0,0.0,0.072,17.094,6.0,-3,20.404697139745355,,7000.0,0.0,0.0,0.0,47.620764901955695,optimal
2021-02-10 12:00:00,33,103,2.0,0.0,0.0,0.072,16.5165,6.0,-3,20.46368540335989,,7000.0,0.0,0.0,0.0,47.54514527163579,optimal
2021-02-10 12:30:00,33,103,0.7439310268408457,0.0,0.0,0.072,17.8185,6.0,-3,20.52285972598331,,2603.75859394296,0.0,0.0,0.0,47.469601260946206,optimal
2021-02-10 13:00:00,33,103,2.0,0.0,0.0,0.072,17.094,6.0,-3,20.48922291904888,,7000.0,0.0,0.0,0.0,47.394132794267314,optimal
2021-02-10 13:30:00,33,103,2.0,0.0,0.0,0.0813,16.8945,6.0,-3,20.548281385769137,,7000.0,0.0,0.0,0.0,47.3187397960551,optimal
2021-02-10 14:00:00,33,103,0.0,0.0,0.0,0.0739333333333333,18.123,6.0,-3,20.61032216990852,,0.0,0.0,0.0,0.0,47.243422190841095,optimal
2021-02-10 14:30:00,33,103,0.0,0.0,0.0,0.0845333333333333,31.647,6.0,-3,20.52651237499712,,0.0,0.0,0.0,0.0,47.16817990323231,optimal
2021-02-10 15:00:00,33,103,0.0,0.0,0.0,0.1094,34.9965,6.0,-3,20.444049713939545,,0.0,0.0,0.0,0.0,47.09301285791113,optimal
2021-02-10 15:30:00,33,103,0.0,0.0,0.0,0.3100666666666666,34.9965,6.0,-3,20.36391253135788,,0.0,0.0,0.0,0.0,47.017920979635264,optimal
2021-02-10 16:00:00,33,103,0.0,0.0,0.0,0.3753999999999999,34.9965,6.0,-3,20.291571039087813,,0.0,0.0,0.0,0.0,46.94290419323768,optimal
2021-02-10 16:30:00,33,103,0.0,0.0,0.0,0.5114666666666666,34.9965,6.0,-3,20.21980466279336,,0.0,0.0,0.0,0.0,46.867962423626494,optimal
2021-02-10 17:00:00,33,103,0.0,0.0,0.0,2.0546666666666664,34.9965,6.0,-3,20.15210586462861,,0.0,0.0,0.0,0.0,46.79309559578492,optimal
2021-02-10 17:30:00,33,103,0.0,0.0,0.0,3.339533333333333,27.741,6.0,-3,20.101665671020797,,0.0,0.0,0.0,0.0,46.71830363477118,optimal
2021-02-10 18:00:00,33,103,0.0,0.0,0.0,1.1476666666666668,19.026,6.0,-3,20.059240624828284,,0.0,0.0,0.0,0.0,46.643586465718464,optimal
2021-02-10 18:30:00,33,103,0.8890645050221467,0.0,0.0,0.5078666666666667,18.7215,6.0,-3,20.0,,3111.7257675775136,0.0,0.0,0.0,46.5689440138348,optimal
2021-02-10 19:00:00,33,103,0.8395386228546207,0.0,0.0,0.6449666666666667,17.4195,6.0,-3,20.0,,2938.3851799911727,0.0,0.0,0.0,46.49437620440301,optimal
2021-02-10 19:30:00,33,103,0.9268392322142064,0.0,0.0,0.6245,16.758,6.0,-3,20.0,,3243.9373127497224,0.0,0.0,0.0,46.41988296278066,optimal
2021-02-10 20:00:00,33,103,1.0146903177642597,0.0,0.0,0.7436,14.217,6.0,-3,20.0,,3203.082778841575,0.0,348.3333333333333,0.0,46.34546421439993,optimal
2021-02-10 20:30:00,33,103,0.0,0.0,0.0,0.7741333333333333,13.3665,6.0,-3,20.0,,0.0,0.0,0.0,0.0,46.27111988476759,optimal
2021-02-10 21:00:00,33,103,0.0199047619047619,0.0,0.0,0.2036666666666666,12.789,6.0,-3,19.9331623195805,,0.0,0.0,69.66666666666666,0.0,46.19684989946487,optimal
2021-02-10 21:30:00,33,103,0.0,0.0,0.0,0.2692,11.907,6.0,-3,19.858153476596435,,0.0,0.0,0.0,0.0,46.12265418414746,optimal
2021-02-10 22:00:00,33,103,0.0199047619047619,0.0,0.0,0.3776666666666667,11.7075,6.0,-3,19.774763803364184,,0.0,0.0,69.66666666666666,0.0,46.04853266454536,optimal
2021-02-10 22:30:00,33,103,0.0995238095238095,0.0,0.0,0.4037333333333333,10.8045,6.0,-3,19.6880188643425,,0.0,0.0,348.3333333333333,0.0,46.00248413188082,optimal
2021-02-10 23:00:00,33,103,0.0,0.0,0.0,1.8285,11.508,6.0,-3,19.606256754440874,,0.0,0.0,0.0,0.0,45.95648164774894,optimal
2021-02-10 23:30:00,33,103,0.0,0.0,0.0,0.2673999999999999,11.508,6.0,-3,19.52821219240312,,0.0,0.0,0.0,0.0,45.91052516610119,optimal
2021-02-11 00:00:00,33,103,2.0,0.0,0.0,0.3947666666666666,11.025,6.0,-4,19.52821219240312,,7000.0,0.0,0.0,0.0,45.86461464093509,optimal
2021-02-11 00:30:00,33,103,2.0,0.0,0.0,0.06,10.7835,6.0,-4,19.577679342360987,,2332.333333333333,0.0,4667.666666666667,0.0,45.81875002629416,optimal
2021-02-11 01:00:00,33,103,2.0,0.0,0.0,0.06,11.025,6.0,-4,19.52784639848245,,7000.0,0.0,0.0,0.0,45.77293127626786,optimal
2021-02-11 01:30:00,33,103,2.0,0.0,0.7910212945534574,0.2146666666666666,10.584,6.0,-4,19.57694948599516,,7000.0,0.0,0.0,0.0,46.10289345990448,optimal
2021-02-11 02:00:00,33,103,2.0,0.0,0.0,0.0754666666666666,11.025,6.0,-4,19.62908560478315,,7000.0,0.0,0.0,0.0,46.056790566444576,optimal
2021-02-11 02:30:00,33,103,2.0,0.0,5.0,0.06,10.4265,6.0,-4,19.67805498177066,,7000.0,0.0,0.0,0.0,48.38573377587813,optimal
2021-02-11 03:00:00,33,103,2.0,0.0,0.0,0.2301333333333333,12.789,6.0,-4,19.726022952306973,,7000.0,0.0,0.0,0.0,48.33734804210225,optimal
2021-02-11 03:30:00,33,103,2.0,0.0,0.0,0.06,12.684,6.0,-4,19.77690101514494,,7000.0,0.0,0.0,0.0,48.28901069406015,optimal
2021-02-11 04:00:00,33,103,2.0,0.0,0.0,0.1296,16.254,6.0,-4,19.825101055001834,,7000.0,0.0,0.0,0.0,48.24072168336608,optimal
2021-02-11 04:30:00,33,103,2.0,0.0,0.0,0.1605333333333333,17.64,6.0,-4,19.875681705650635,,7000.0,0.0,0.0,0.0,48.19248096168271,optimal
2021-02-11 05:00:00,33,103,2.0,0.0,0.0,0.06,19.1625,6.0,-4,19.92668404721316,,7000.0,0.0,0.0,0.0,48.144288480721016,optimal
2021-02-11 05:30:00,33,103,0.0398815279125386,0.0,0.0,0.06,26.46,6.0,-4,19.975338739664807,,139.5853476938853,0.0,0.0,0.0,48.096144192240295,optimal
2021-02-11 06:00:00,33,103,2.0,0.0,0.0,0.062,20.79,6.0,-4,19.880492345737448,,7000.0,0.0,0.0,0.0,48.048048048048045,optimal
2021-02-11 06:30:00,33,103,0.0,0.0,0.0,1.7853,29.106,6.0,-4,19.931624936687083,,0.0,0.0,0.0,0.0,48.0,optimal
2021-02-11 07:00:00,33,103,2.0,0.0,0.0,0.5659333333333333,19.1835,6.0,-4,19.864346435535342,,7000.0,0.0,0.0,0.0,47.270224151359095,optimal
2021-02-11 07:30:00,33,103,2.0,0.0,0.0,0.0603333333333333,19.6665,6.0,-4,19.936427773901464,,7000.0,0.0,0.0,0.0,46.54117807856683,optimal
2021-02-11 08:00:00,33,103,1.4301881748371783,0.0,0.0,0.2401333333333333,19.404,6.0,-4,20.0,,3821.325278596792,0.0,1184.3333333333333,0.0,45.81286105184736,optimal
2021-02-11 08:30:00,33,103,1.4504106003562225,0.0,0.0,0.2638999999999999,19.047,6.0,-4,20.0,,4031.437101246778,0.0,1044.9999999999998,0.0,45.0852723421546,optimal
2021-02-11 09:00:00,33,103,2.0,0.0,0.0,0.1803,18.858,6.0,-4,20.00252502188061,,7000.0,0.0,0.0,0.0,44.35841122117154,optimal
2021-02-11 09:30:00,33,103,0.0,0.0,0.0,0.3698666666666667,19.2675,6.0,-4,20.06904801645242,,0.0,0.0,0.0,0.0,43.63227696130947,optimal
2021-02-11 10:00:00,33,103,1.641751405627698,0.0,0.0,0.2024,18.963,6.0,-4,20.0,,3238.1299196969426,0.0,2508.0,0.0,42.90686883570726,optimal
2021-02-11 10:30:00,33,103,2.0,0.0,0.0,0.3373333333333333,18.438,6.0,-4,20.00159948881268,,7000.0,0.0,0.0,0.0,42.182186118230646,optimal
2021-02-11 11:00:00,33,103,2.0,0.0,0.0,2.076866666666666,18.7425,6.0,-4,20.08212782372401,,7000.0,0.0,0.0,0.0,41.45822808347151,optimal
2021-02-11 11:30:00,33,103,2.0,0.0,0.0,3.381933333333333,15.2145,6.0,-4,20.166473633709558,,7000.0,0.0,0.0,0.0,40.73499400674714,optimal
2021-02-11 12:00:00,33,103,2.0,0.0,0.0,4.251733333333333,17.7765,6.0,-4,20.2638009199298,,7000.0,0.0,0.0,0.0,40.012483164099486,optimal
2021-02-11 12:30:00,33,103,2.0,0.0,0.0,3.2048,16.758,6.0,-4,20.365026761800607,,7000.0,0.0,0.0,0.0,39.29069483229448,optimal
2021-02-11 13:00:00,33,103,2.0,0.0,0.0,2.9634666666666667,16.422,6.0,-4,20.460155756610625,,7000.0,0.0,0.0,0.0,38.569628288821285,optimal
2021-02-11 13:30:00,33,103,2.0,0.0,0.0,0.328,16.758,6.0,-4,20.54765474544938,,7000.0,0.0,0.0,0.0,37.84928281189156,optimal
2021-02-11 14:00:00,33,103,0.0,0.0,0.0,0.2318333333333332,29.358,6.0,-4,20.616553190296862,,0.0,0.0,0.0,0.0,37.12965768043877,optimal
2021-02-11 14:30:00,33,103,0.0,0.0,0.0,0.07,34.9965,6.0,-4,20.53523037190081,,0.0,0.0,0.0,0.0,36.41075217411743,optimal
2021-02-11 15:00:00,33,103,0.0,0.0,0.0,0.2401333333333333,34.65,6.0,-4,20.45187708696694,,0.0,0.0,0.0,0.0,35.6925655733024,optimal
2021-02-11 15:30:00,33,103,0.0,0.0,0.0,0.07,34.9965,6.0,-4,20.37089548506184,,0.0,0.0,0.0,0.0,34.9750971590882,optimal
2021-02-11 16:00:00,33,103,0.0,0.0,0.0,0.0777333333333333,34.9965,6.0,-4,20.281482709727797,,0.0,0.0,0.0,0.0,34.258346213288206,optimal
2021-02-11 16:30:00,33,103,0.0,0.0,0.0,0.2324,30.4815,6.0,-4,20.18742117453924,,0.0,0.0,0.0,0.0,33.54231201843402,optimal
2021-02-11 17:00:00,33,103,0.0,0.0,0.0,0.3479,21.4305,6.0,-4,20.0929591485868,,0.0,0.0,0.0,0.0,32.82699385777468,optimal
2021-02-11 17:30:00,33,103,1.3222020232943028,0.0,0.0,0.196,14.3325,6.0,-4,20.0,,4418.707081530059,0.0,209.0,0.0,32.112391015276,optimal
2021-02-11 18:00:00,33,103,2.0,0.0,0.0,0.2164333333333333,13.692,6.0,-4,20.0,,7000.0,0.0,0.0,0.0,31.39850277561983,optimal
2021-02-11 18:30:00,33,103,0.4632968161935138,0.0,0.0,0.3351333333333333,14.007,6.0,-4,20.060504717892755,,1621.5388566772983,0.0,0.0,0.0,30.68532842420331,optimal
2021-02-11 19:00:00,33,103,1.3304947035108188,0.0,0.0,0.4227333333333333,12.873,6.0,-4,20.0,,4656.731462287866,0.0,0.0,0.0,29.972867247138208,optimal
2021-02-11 19:30:00,33,103,1.404050558223371,0.0,0.0,0.2411333333333333,12.684,6.0,-4,20.0,,4914.176953781799,0.0,0.0,0.0,29.26111853125017,optimal
2021-02-11 20:00:00,33,103,1.5142445081739973,0.0,0.0,0.353,12.306,6.0,-4,20.0,,4812.189111942324,0.0,487.6666666666667,0.0,28.55008156407802,optimal
2021-02-11 20:30:00,33,103,0.6966666666666668,0.0,0.0,0.1832,10.6365,6.0,-4,20.0,,0.0,0.0,2438.333333333333,0.0,27.839755633873043,optimal
2021-02-11 21:00:00,33,103,0.0,0.0,0.0,0.3863999999999999,11.2455,6.0,-4,19.896783445737768,,0.0,0.0,0.0,0.0,27.13014002959827,optimal
2021-02-11 21:30:00,33,103,0.0,0.0,0.0,0.4941,11.2455,6.0,-4,19.798297540975067,,0.0,0.0,0.0,0.0,26.42123404092777,optimal
2021-02-11 22:00:00,33,103,0.0,0.0,0.0,0.4711,11.025,6.0,-4,19.706760843046112,,0.0,0.0,0.0,0.0,26.394812806886844,optimal
2021-02-11 22:30:00,33,103,0.0,0.0,0.0,0.7076333333333333,12.0855,6.0,-4,19.625731621815547,,0.0,0.0,0.0,0.0,26.368417994079955,optimal
2021-02-11 23:00:00,33,103,0.0,0.0,0.0,0.4724666666666666,11.6865,6.0,-4,19.54755867239195,,0.0,0.0,0.0,0.0,26.342049576085877,optimal
2021-02-11 23:30:00,33,103,0.0,0.0,0.0,0.4461333333333333,11.2245,6.0,-4,19.46158384554692,,0.0,0.0,0.0,0.0,26.315707526509787,optimal
2021-02-12 00:00:00,33,103,0.094493949810804,0.0,0.0,0.064,13.566,6.0,9,19.46158384554692,,330.7288243378141,0.0,0.0,0.0,26.28939181898328,optimal
2021-02-12 00:30:00,33,103,2.0,0.0,0.0,0.064,12.789,6.0,9,19.35529824812894,,4770.666666666666,0.0,2229.333333333333,0.0,26.26310242716429,optimal
2021-02-12 01:00:00,33,103,2.0,0.0,1.5621883035051698,0.1916,12.1275,6.0,9,19.342957336982234,,7000.0,0.0,0.0,0.0,26.97887876890208,optimal
2021-02-12 01:30:00,33,103,2.0,0.0,0.0,0.064,13.671,6.0,9,19.38028682048116,,7000.0,0.0,0.0,0.0,26.951899890133173,optimal
2021-02-12 02:00:00,33,103,2.0,0.0,5.0,0.064,10.668,6.0,9,19.415214588197927,,7000.0,0.0,0.0,0.0,29.29994799024304,optimal
2021-02-12 02:30:00,33,103,2.0,0.0,5.0,0.1916,11.7285,6.0,9,19.4504375679917,,7000.0,0.0,0.0,0.0,31.64564804225279,optimal
2021-02-12 03:00:00,33,103,2.0,0.0,5.0,0.064,11.025,6.0,9,19.48954778917555,,7000.0,0.0,0.0,0.0,33.98900239421053,optimal
2021-02-12 03:30:00,33,103,2.0,0.0,5.0,0.0756,10.689,6.0,9,19.52715555249536,,7000.0,0.0,0.0,0.0,36.33001339181632,optimal
2021-02-12 04:00:00,33,103,2.0,0.0,5.0,0.18,8.1585,6.0,9,19.56801256401324,,7000.0,0.0,0.0,0.0,38.6686833784245,optimal
2021-02-12 04:30:00,33,103,2.0,0.0,5.0,0.064,10.3635,6.0,9,19.61405756076549,,7000.0,0.0,0.0,0.0,41.00501469504607,optimal
2021-02-12 05:00:00,33,103,2.0,0.0,5.0,0.0857333333333333,10.8045,6.0,9,19.660627496627537,,7000.0,0.0,0.0,0.0,43.33900968035103,optimal
2021-02-12 05:30:00,33,103,2.0,0.0,5.0,0.1841999999999999,11.025,6.0,9,19.710528114518915,,7000.0,0.0,0.0,0.0,45.670670670670674,optimal
2021-02-12 06:00:00,33,103,2.0,0.0,5.0,0.0736666666666666,10.3635,6.0,9,19.76578517322066,,7000.0,0.0,0.0,0.0,48.0,optimal
2021-02-12 06:30:00,33,103,2.0,0.0,0.0,0.0846,10.8045,6.0,9,19.82317471027284,,7000.0,0.0,0.0,0.0,47.82264958072732,optimal
2021-02-12 07:00:00,33,103,2.0,0.0,0.0,0.3394,10.059,6.0,9,19.880598276060308,,7000.0,0.0,0.0,0.0,47.64547651187392,optimal
2021-02-12 07:30:00,33,103,2.0,0.0,0.0,0.183,10.584,6.0,9,19.94272259161685,,7000.0,0.0,0.0,0.0,47.468480616089366,optimal
2021-02-12 08:00:00,33,103,2.0,0.0,0.0,0.2786,9.4185,6.0,9,20.0,,4324.076849170951,0.0,2675.9231508290486,0.0,47.2916617162006,optimal
2021-02-12 08:30:00,33,103,2.0,0.0,0.0,1.7235,10.3635,6.0,9,20.0,,6471.256484162383,0.0,528.7435158376178,0.0,47.11501963521172,optimal
2021-02-12 09:00:00,33,103,2.0,0.0,0.0,0.5839,9.8385,6.0,9,20.062177640567967,,7000.0,0.0,0.0,0.0,46.93855419630383,optimal
2021-02-12 09:30:00,33,103,2.0,0.0,0.0,0.4224,11.067,6.0,9,20.11780383963569,,7000.0,0.0,0.0,0.0,46.762265222834856,optimal
2021-02-12 10:00:00,33,103,2.0,0.0,0.0,0.3833999999999999,10.8465,6.0,9,20.180049798555192,,7000.0,0.0,0.0,0.0,46.58615253833935,optimal
2021-02-12 10:30:00,33,103,0.9592611534659794,0.0,0.0,0.3818999999999999,13.671,6.0,9,20.25000382572374,,3357.414037130928,0.0,0.0,0.0,46.410215966528334,optimal
2021-02-12 11:00:00,33,103,2.0,0.0,0.0,0.1874,12.348,6.0,9,20.24296228062009,,7000.0,0.0,0.0,0.0,46.234455331289126,optimal
2021-02-12 11:30:00,33,103,0.0,0.0,0.0,0.3226,14.3325,6.0,9,20.311583121922684,,0.0,0.0,0.0,0.0,46.05887045668516,optimal
2021-02-12 12:00:00,33,103,0.0,0.0,0.0,0.0805999999999999,15.393,6.0,9,20.234370672783932,,0.0,0.0,0.0,0.0,45.88346116695581,optimal
2021-02-12 12:30:00,33,103,2.0,0.0,0.0,0.247,13.587,6.0,9,20.155630306068502,,7000.0,0.0,0.0,0.0,45.70822728651617,optimal
2021-02-12 13:00:00,33,103,0.0,0.0,0.0,0.2841,16.1385,6.0,9,20.228133165613052,,0.0,0.0,0.0,0.0,45.533168639956976,optimal
2021-02-12 13:30:00,33,103,0.0,0.0,0.0,0.164,14.595,6.0,9,20.15304846454446,,0.0,0.0,0.0,0.0,45.35828505204434,optimal
2021-02-12 14:00:00,33,103,0.0,0.0,0.0,0.1963666666666666,14.637,6.0,9,20.07623616438875,,0.0,0.0,0.0,0.0,45.18357634771962,optimal
2021-02-12 14:30:00,33,103,0.9663014730694124,0.0,0.0,0.2932,13.9125,6.0,9,20.0,,3382.055155742944,0.0,0.0,0.0,45.00904235209923,optimal
2021-02-12 15:00:00,33,103,1.1012304898707432,0.0,0.0,0.183,13.3665,6.0,9,20.0,,3575.6400478809346,0.0,278.66666666666663,0.0,44.83468289047445,optimal
2021-02-12 15:30:00,33,103,2.0,0.0,0.0,0.183,13.0095,6.0,9,20.0,,7000.0,0.0,0.0,0.0,44.6604977883113,optimal
2021-02-12 16:00:00,33,103,0.0,0.0,0.0,0.3128666666666667,13.8915,6.0,9,20.077143415587614,,0.0,0.0,0.0,0.0,44.48648687125032,optimal
2021-02-12 16:30:00,33,103,0.8203768383718704,0.0,0.0,0.6344666666666667,13.188,6.0,9,20.0061034756919,,2871.318934301546,0.0,0.0,0.0,44.31264996510639,optimal
2021-02-12 17:00:00,33,103,1.0468963563748974,0.0,0.0,0.2138,12.5685,6.0,9,20.0,,3664.137247312141,0.0,0.0,0.0,44.138986895868605,optimal
2021-02-12 17:30:00,33,103,1.0720825048805858,0.0,0.0,0.2616666666666666,12.285,6.0,9,20.0,,3543.28876708205,0.0,209.0,0.0,43.96549748970006,optimal
2021-02-12 18:00:00,33,103,2.0,0.0,0.0,1.7328666666666666,11.487,6.0,9,20.0,,4730.948571791112,0.0,2269.0514282088875,0.0,43.792181572937686,optimal
2021-02-12 18:30:00,33,103,0.2689890961285328,0.0,0.0,2.1476666666666664,11.802,6.0,9,20.041299459816063,,941.4618364498648,0.0,0.0,0.0,43.61903897209207,optimal
2021-02-12 19:00:00,33,103,2.0,0.0,0.0,0.5073,11.2245,6.0,9,20.0,,2898.691846657824,0.0,4101.308153342176,0.0,43.446069513847306,optimal
2021-02-12 19:30:00,33,103,2.0,0.0,0.0,0.3278,11.025,6.0,9,20.0,,6334.02624821773,0.0,665.9737517822696,0.0,43.27327302506078,optimal
2021-02-12 20:00:00,33,103,0.0,0.0,0.0,1.187733333333333,11.907,6.0,9,20.065709189312063,,0.0,0.0,0.0,0.0,43.10064933276305,optimal
2021-02-12 20:30:00,33,103,0.0,0.0,0.0,0.8125333333333333,25.83,6.0,9,20.0,,0.0,0.0,0.0,0.0,42.92819826415761,optimal
2021-02-12 21:00:00,33,103,0.0,0.0,0.0,0.2076,28.035,6.0,9,19.93397366628104,,0.0,0.0,0.0,0.0,42.88527006589345,optimal
2021-02-12 21:30:00,33,103,0.0,0.0,0.0,0.3786,28.119,6.0,9,19.85840018109801,,0.0,0.0,0.0,0.0,42.84238479582756,optimal
2021-02-12 22:00:00,33,103,0.0,0.0,0.0,0.4623,30.156,6.0,9,19.79068235013644,,0.0,0.0,0.0,0.0,42.79954241103173,optimal
2021-02-12 22:30:00,33,103,0.0,0.0,0.0,0.3596,29.1585,6.0,9,19.719591190936335,,0.0,0.0,0.0,0.0,42.7567428686207,optimal
2021-02-12 23:00:00,33,103,0.0,0.0,0.0,0.2263333333333332,26.712,6.0,9,19.6469301181134,,0.0,0.0,0.0,0.0,42.71398612575208,optimal
2021-02-12 23:30:00,33,103,0.0,0.0,0.0,0.3211666666666667,15.435,6.0,9,19.57238979607035,,0.0,0.0,0.0,0.0,42.671272139626325,optimal
2021-02-13 00:00:00,33,103,0.0,0.0,0.0,0.06,12.1275,6.0,8,19.57238979607035,,0.0,0.0,0.0,0.0,42.628600867486696,optimal
2021-02-13 00:30:00,33,103,0.0,0.0,0.0,0.192,12.1275,6.0,8,19.488472174939968,,0.0,0.0,0.0,0.0,42.58597226661921,optimal
2021-02-13 01:00:00,33,103,0.0,0.0,0.0,0.06,12.789,6.0,8,19.40794074940893,,0.0,0.0,0.0,0.0,42.54338629435259,optimal
2021-02-13 01:30:00,33,103,1.7966683151140572,0.0,0.0,0.168,11.907,6.0,8,19.3252228497202,,0.0,0.0,6288.3391028992,0.0,42.50084290805823,optimal
2021-02-13 02:00:00,33,103,2.0,0.0,0.0,0.084,11.025,6.0,8,19.24538049308776,,3883.339102899201,0.0,3116.6608971007995,0.0,42.45834206515018,optimal
2021-02-13 02:30:00,33,103,2.0,0.0,2.6299517430004173,0.06,8.2005,6.0,8,19.24610482756377,,7000.0,0.0,0.0,0.0,43.665110801010215,optimal
2021-02-13 03:00:00,33,103,2.0,0.0,0.0,0.192,9.5655,6.0,8,19.31192764906424,,7000.0,0.0,0.0,0.0,43.6214456902092,optimal
2021-02-13 03:30:00,33,103,2.0,0.0,5.0,0.06,7.056,6.0,8,19.38023050713336,,7000.0,0.0,0.0,0.0,45.952824244518986,optimal
2021-02-13 04:00:00,33,103,2.0,0.0,0.0,0.06,9.3975,6.0,8,19.445218008830157,,7000.0,0.0,0.0,0.0,45.90687142027446,optimal
2021-02-13 04:30:00,33,103,2.0,0.0,0.0,0.06,10.059,6.0,8,19.509683848705706,,7000.0,0.0,0.0,0.0,45.86096454885418,optimal
2021-02-13 05:00:00,33,103,2.0,0.0,0.0,0.126,9.261,6.0,8,19.57340355923418,,7000.0,0.0,0.0,0.0,45.81510358430533,optimal
2021-02-13 05:30:00,33,103,2.0,0.0,5.0,0.1253333333333333,8.1585,6.0,8,19.637769852283185,,7000.0,0.0,0.0,0.0,48.144288480721016,optimal
2021-02-13 06:00:00,33,103,2.0,0.0,0.0,0.1701333333333333,9.4815,6.0,8,19.70181849255629,,7000.0,0.0,0.0,0.0,48.096144192240295,optimal
2021-02-13 06:30:00,33,103,2.0,0.0,0.0,0.1694333333333333,8.379,6.0,8,19.773489731608564,,7000.0,0.0,0.0,0.0,48.048048048048045,optimal
2021-02-13 07:00:00,33,103,2.0,0.0,0.0,0.1442,9.5235,6.0,8,19.850663785809537,,7000.0,0.0,0.0,0.0,48.0,optimal
2021-02-13 07:30:00,33,103,2.0,0.0,0.0,0.106,8.1375,6.0,8,19.932630850698303,,7000.0,0.0,0.0,0.0,47.63796120556076,optimal
2021-02-13 08:00:00,33,103,2.0,0.0,0.0,0.19,10.0905,6.0,8,20.0,,6442.666666666667,0.0,557.3333333333333,0.0,47.27628444991596,optimal
2021-02-13 08:30:00,33,103,2.0,0.0,0.0,0.1336,7.539,6.0,8,20.056195701616268,,7000.0,0.0,0.0,0.0,46.9149693710268,optimal
2021-02-13 09:00:00,33,103,2.0,0.0,0.0,0.07,7.938,6.0,8,20.116286529971045,,7000.0,0.0,0.0,0.0,46.554015607216535,optimal
2021-02-13 09:30:00,33,103,2.0,0.0,0.0,0.07,8.274,6.0,8,20.168366667605238,,7000.0,0.0,0.0,0.0,46.19342279717008,optimal
2021-02-13 10:00:00,33,103,2.0,0.0,0.0,0.106,9.261,6.0,8,20.221344704874937,,7000.0,0.0,0.0,0.0,45.83319057993367,optimal
2021-02-13 10:30:00,33,103,2.0,0.0,0.0,0.166,9.9225,6.0,8,20.275974384913827,,7000.0,0.0,0.0,0.0,45.473318594914495,optimal
2021-02-13 11:00:00,33,103,2.0,0.0,0.0,0.07,9.702,6.0,8,20.33184608603148,,7000.0,0.0,0.0,0.0,45.11380648188034,optimal
2021-02-13 11:30:00,33,103,2.0,0.0,0.0,0.202,10.584,6.0,8,20.38567031222941,,7000.0,0.0,0.0,0.0,44.75465388095922,optimal
2021-02-13 12:00:00,33,103,2.0,0.0,0.0,0.07,10.143,6.0,8,20.44225584295697,,7000.0,0.0,0.0,0.0,44.39586043263902,optimal
2021-02-13 12:30:00,33,103,0.0,0.0,0.0,0.07,13.0095,6.0,8,20.49603284431675,,0.0,0.0,0.0,0.0,44.03742577776714,optimal
2021-02-13 13:00:00,33,103,2.0,0.0,0.0,0.8037333333333333,11.025,6.0,8,20.402666690093508,,7000.0,0.0,0.0,0.0,43.67934955755013,optimal
2021-02-13 13:30:00,33,103,0.0,0.0,0.0,1.1856666666666666,12.789,6.0,8,20.465615953167248,,0.0,0.0,0.0,0.0,43.32163141355334,optimal
2021-02-13 14:00:00,33,103,0.2165086762350113,0.0,0.0,0.214,12.1275,6.0,8,20.38676851139891,,757.7803668225397,0.0,0.0,0.0,42.964270987700544,optimal
2021-02-13 14:30:00,33,103,2.0,0.0,0.0,0.2296,12.1695,6.0,8,20.317204396885742,,7000.0,0.0,0.0,0.0,42.6072679222736,optimal
2021-02-13 15:00:00,33,103,0.0,0.0,0.0,0.5253,12.306,6.0,8,20.38045747841677,,0.0,0.0,0.0,0.0,42.25062185991209,optimal
2021-02-13 15:30:00,33,103,0.0,0.0,0.0,0.248,13.23,6.0,8,20.302412212026443,,0.0,0.0,0.0,0.0,41.89433244361293,optimal
2021-02-13 16:00:00,33,103,0.0,0.0,0.0,0.421,13.671,6.0,8,20.22377294006234,,0.0,0.0,0.0,0.0,41.53839931673008,optimal
2021-02-13 16:30:00,33,103,0.0,0.0,0.0,0.4286999999999999,13.9335,6.0,8,20.1575687690987,,0.0,0.0,0.0,0.0,41.18282212297411,optimal
2021-02-13 17:00:00,33,103,0.0,0.0,0.0,0.106,13.293,6.0,8,20.0894025879635,,0.0,0.0,0.0,0.0,40.82760050641189,optimal
2021-02-13 17:30:00,33,103,1.1969586987884115,0.0,0.0,0.166,12.1065,6.0,8,20.0,,4189.35544575944,0.0,0.0,0.0,40.47273411146624,optimal
2021-02-13 18:00:00,33,103,1.2305448553012608,0.0,0.0,0.07,11.571,6.0,8,20.0,,4306.906993554413,0.0,0.0,0.0,40.11822258291553,optimal
2021-02-13 18:30:00,33,103,2.0,0.0,0.0,0.082,11.025,6.0,8,20.0,,4305.682753439441,0.0,2694.3172465605594,0.0,39.76406556589337,optimal
2021-02-13 19:00:00,33,103,2.0,0.0,0.0,0.19,10.8465,6.0,8,20.0,,6628.983913227226,0.0,371.0160867727739,0.0,39.41026270588824,optimal
2021-02-13 19:30:00,33,103,1.2843221652283825,0.0,0.0,0.1753666666666666,11.2455,6.0,8,20.05095304678101,,4495.127578299339,0.0,0.0,0.0,39.05681364874311,optimal
2021-02-13 20:00:00,33,103,0.0,0.0,0.0,0.2800333333333333,23.8665,6.0,8,20.068828415740896,,0.0,0.0,0.0,0.0,38.703718040655126,optimal
2021-02-13 20:30:00,33,103,0.0,0.0,0.0,0.4303,27.4575,6.0,8,20.0,,0.0,0.0,0.0,0.0,38.66501432261447,optimal
2021-02-13 21:00:00,33,103,0.0,0.0,0.0,0.3407,27.3735,6.0,8,19.93510310373169,,0.0,0.0,0.0,0.0,38.62634930829185,optimal
2021-02-13 21:30:00,33,103,0.0,0.0,0.0,0.4342333333333333,30.4605,6.0,8,19.868207533005805,,0.0,0.0,0.0,0.0,38.58772295898356,optimal
2021-02-13 22:00:00,33,103,0.0,0.0,0.0,0.1780333333333333,30.0195,6.0,8,19.802817233135038,,0.0,0.0,0.0,0.0,38.54913523602457,optimal
2021-02-13 22:30:00,33,103,0.0,0.0,0.0,0.202,26.9325,6.0,8,19.727598852421,,0.0,0.0,0.0,0.0,38.510586100788544,optimal
2021-02-13 23:00:00,33,103,0.0,0.0,0.0,0.07,14.595,6.0,8,19.646436253285103,,0.0,0.0,0.0,0.0,38.47207551468775,optimal
2021-02-13 23:30:00,33,103,0.0,0.0,0.0,0.123,12.4845,6.0,8,19.56309004342597,,0.0,0.0,0.0,0.0,38.43360343917306,optimal
2021-02-07 00:00:00,34,103,2.0,0.0,1.629037447242273,0.1826666666666666,0.882,6.0,-9,21.0,,7000.0,0.0,0.0,0.0,48.72579278744007,optimal
2021-02-07 00:30:00,34,103,2.0,0.0,0.0,0.106,1.5435,6.0,-9,21.074473263063297,,7000.0,0.0,0.0,0.0,48.67706699465263,optimal
2021-02-07 01:00:00,34,103,2.0,0.0,0.0,0.14,1.5435,6.0,-9,21.14661129970217,,7000.0,0.0,0.0,0.0,48.62838992765797,optimal
2021-02-07 01:30:00,34,103,2.0,0.0,0.0,0.062,5.0715,6.0,-9,21.2186841145364,,7000.0,0.0,0.0,0.0,48.57976153773031,optimal
2021-02-07 02:00:00,34,103,2.0,0.0,0.0,0.2406666666666666,5.376,6.0,-9,21.288561191921996,,7000.0,0.0,0.0,0.0,48.53118177619257,optimal
2021-02-07 02:30:00,34,103,2.0,0.0,0.0,0.1226666666666666,5.0715,6.0,-9,21.3616554312277,,7000.0,0.0,0.0,0.0,48.48265059441637,optimal
2021-02-07 03:00:00,34,103,2.0,0.0,0.0,0.0913333333333333,5.5125,6.0,-9,21.43148044875353,,7000.0,0.0,0.0,0.0,48.434167943821954,optimal
2021-02-07 03:30:00,34,103,2.0,0.0,0.0,0.272,9.261,6.0,-9,21.49987544459852,,7000.0,0.0,0.0,0.0,48.38573377587813,optimal
2021-02-07 04:00:00,34,103,0.0,0.0,0.0,0.062,11.7075,6.0,-9,21.57153642691307,,0.0,0.0,0.0,0.0,48.33734804210225,optimal
2021-02-07 04:30:00,34,103,0.0,0.0,0.0,0.1313333333333333,12.348,6.0,-9,21.49087203163571,,0.0,0.0,0.0,0.0,48.28901069406015,optimal
2021-02-07 05:00:00,34,103,0.0,0.0,0.0,0.0706666666666666,12.348,6.0,-9,21.41203308007449,,0.0,0.0,0.0,0.0,48.24072168336608,optimal
2021-02-07 05:30:00,34,103,0.0,0.0,0.0,0.2796666666666667,12.1275,6.0,-9,21.332274737755075,,0.0,0.0,0.0,0.0,48.19248096168271,optimal
2021-02-07 06:00:00,34,103,0.0,0.0,0.0,0.0836666666666666,12.5265,6.0,-9,21.25727776896764,,0.0,0.0,0.0,0.0,48.144288480721016,optimal
2021-02-07 06:30:00,34,103,0.0,0.0,0.0,0.103,11.7495,6.0,-9,21.178495157707967,,0.0,0.0,0.0,0.0,48.096144192240295,optimal
2021-02-07 07:00:00,34,103,0.0,0.0,0.0,0.242,13.23,6.0,-9,21.10101773678152,,0.0,0.0,0.0,0.0,48.048048048048045,optimal
2021-02-07 07:30:00,34,103,0.0,0.0,0.0,2.202,14.3325,6.0,-9,21.03183674050961,,0.0,0.0,0.0,0.0,48.0,optimal
2021-02-07 08:00:00,34,103,0.0,0.0,0.0,1.6624,14.994,6.0,-9,20.969321333622386,,0.0,0.0,0.0,0.0,47.74255020219144,optimal
2021-02-07 08:30:00,34,103,0.0,0.0,0.0,0.8756,14.8155,6.0,-9,20.898137770313728,,0.0,0.0,0.0,0.0,47.48535785418069,optimal
2021-02-07 09:00:00,34,103,0.0,0.0,0.0,0.0731,14.112,6.0,-9,20.832184223905003,,0.0,0.0,0.0,0.0,47.228422698517946,optimal
2021-02-07 09:30:00,34,103,0.0,0.0,0.0,1.0376,14.007,6.0,-9,20.75965266915782,,0.0,0.0,0.0,0.0,46.97174447801087,optimal
2021-02-07 10:00:00,34,103,0.0,0.0,0.0,1.501966666666667,13.23,6.0,-9,20.6872446258312,,0.0,0.0,0.0,0.0,46.715322935724295,optimal
2021-02-07 10:30:00,34,103,2.0,0.0,0.0,0.061,11.382,6.0,-9,20.61848449534935,,7000.0,0.0,0.0,0.0,46.45915781498001,optimal
2021-02-07 11:00:00,34,103,0.0,0.0,0.0,0.0791333333333333,11.7495,6.0,-9,20.685439024433663,,0.0,0.0,0.0,0.0,46.20324885935647,optimal
2021-02-07 11:30:00,34,103,0.0,0.0,0.0,1.9284666666666668,24.3285,6.0,-9,20.60466499424757,,0.0,0.0,0.0,0.0,45.94759581268856,optimal
2021-02-07 12:00:00,34,103,0.0,0.0,0.0,1.0552666666666668,28.917,6.0,-9,20.531635157144013,,0.0,0.0,0.0,0.0,45.6921984190673,optimal
2021-02-07 12:30:00,34,103,0.0,0.0,0.0,1.9732,31.3635,6.0,-9,20.46320677937597,,0.0,0.0,0.0,0.0,45.43705642283968,optimal
2021-02-07 13:00:00,34,103,0.0,0.0,0.0,0.5318333333333334,33.306,6.0,-9,20.389913666860508,,0.0,0.0,0.0,0.0,45.18216956860827,optimal
2021-02-07 13:30:00,34,103,0.0,0.0,0.0,0.2726666666666666,31.3425,6.0,-9,20.321973162528185,,0.0,0.0,0.0,0.0,44.92753760123111,optimal
2021-02-07 14:00:00,34,103,0.0,0.0,0.0,1.5096666666666667,28.2555,6.0,-9,20.251509092598667,,0.0,0.0,0.0,0.0,44.67316026582132,optimal
2021-02-07 14:30:00,34,103,0.0,0.0,0.0,1.6796,15.6975,6.0,-9,20.18857409082364,,0.0,0.0,0.0,0.0,44.41903730774693,optimal
2021-02-07 15:00:00,34,103,0.0,0.0,0.0,0.3959,12.5475,6.0,-9,20.129004190595097,,0.0,0.0,0.0,0.0,44.16516847263063,optimal
2021-02-07 15:30:00,34,103,1.064001950239324,0.0,0.0,2.1427666666666667,12.0855,6.0,-9,20.058263414524884,,3724.0068258376346,0.0,0.0,0.0,43.91155350634944,optimal
2021-02-07 16:00:00,34,103,2.0,0.0,0.0,0.3368333333333333,11.907,6.0,-9,20.069227240676,,7000.0,0.0,0.0,0.0,43.65819215503453,optimal
2021-02-07 16:30:00,34,103,0.0,0.0,0.0,0.259,12.5685,6.0,-9,20.14834827971529,,0.0,0.0,0.0,0.0,43.40508416507093,optimal
2021-02-07 17:00:00,34,103,0.0,0.0,0.0,0.2481666666666666,13.146,6.0,-9,20.075363786657505,,0.0,0.0,0.0,0.0,43.1522292830973,optimal
2021-02-07 17:30:00,34,103,0.9354469925089604,0.0,0.0,2.1911666666666667,10.584,6.0,-9,20.0,,3274.0644737813614,0.0,0.0,0.0,42.89962725600565,optimal
2021-02-07 18:00:00,34,103,2.0,0.0,0.0,2.1833666666666667,6.678,6.0,-9,20.0,,7000.0,0.0,0.0,0.0,42.64727783094108,optimal
2021-02-07 18:30:00,34,103,0.1541018635266129,0.0,0.0,0.3326,7.938,6.0,-9,20.07926924764254,,539.3565223431452,0.0,0.0,0.0,42.39518075530157,optimal
2021-02-07 19:00:00,34,103,2.0,0.0,0.0,2.2058,5.292,6.0,-9,20.024370533125374,,7000.0,0.0,0.0,0.0,42.14333577673772,optimal
2021-02-07 19:30:00,34,103,0.0,0.0,0.0,0.3900666666666667,9.261,6.0,-9,20.11134281191995,,0.0,0.0,0.0,0.0,41.89174264315242,optimal
2021-02-07 20:00:00,34,103,0.0,0.0,0.0,2.859933333333333,10.3635,6.0,-9,20.04790058373777,,0.0,0.0,0.0,0.0,41.64040110270071,optimal
2021-02-07 20:30:00,34,103,0.0,0.0,0.0,0.4776333333333333,8.274,6.0,-9,20.0,,0.0,0.0,0.0,0.0,41.38931090378944,optimal
2021-02-07 21:00:00,34,103,0.0,0.0,0.0,0.8297,7.7175,6.0,-9,19.940844572608828,,0.0,0.0,0.0,0.0,41.138471795077095,optimal
2021-02-07 21:30:00,34,103,0.0,0.0,0.0,2.7713,6.615,6.0,-9,19.882843213628487,,0.0,0.0,0.0,0.0,40.887883525473455,optimal
2021-02-07 22:00:00,34,103,0.0,0.0,0.0,1.7272,6.174,6.0,-9,19.83401043360765,,0.0,0.0,0.0,0.0,40.637545844139424,optimal
2021-02-07 22:30:00,34,103,0.0,0.0,0.0,0.6428333333333334,3.906,6.0,-9,19.777424876933683,,0.0,0.0,0.0,0.0,40.59690829829528,optimal
2021-02-07 23:00:00,34,103,0.0,0.0,0.0,0.3603333333333333,2.3415,6.0,-9,19.724012354479363,,0.0,0.0,0.0,0.0,40.556311389996985,optimal
2021-02-07 23:30:00,34,103,0.0,0.0,0.0,2.4820666666666664,2.205,6.0,-9,19.663789559400595,,0.0,0.0,0.0,0.0,40.515755078606986,optimal
2021-02-08 00:00:00,34,103,2.0,0.0,0.0,0.054,7.665,6.0,-3,19.663789559400595,,6791.0,0.0,209.0,0.0,40.47523932352838,optimal
2021-02-08 00:30:00,34,103,2.0,0.0,0.0,0.0553333333333333,6.7725,6.0,-3,19.731851588044,,7000.0,0.0,0.0,0.0,40.43476408420485,optimal
2021-02-08 01:00:00,34,103,2.0,0.0,2.4022723474936027,0.1546666666666666,5.5755,6.0,-3,19.803573544405012,,7000.0,0.0,0.0,0.0,41.5354086851801,optimal
2021-02-08 01:30:00,34,103,2.0,0.0,5.0,0.093,5.0925,6.0,-3,19.87617560768739,,7000.0,0.0,0.0,0.0,43.86887327649492,optimal
2021-02-08 02:00:00,34,103,2.0,0.0,5.0,0.056,4.1895,6.0,-3,19.94692335581636,,7000.0,0.0,0.0,0.0,46.200004403218415,optimal
2021-02-08 02:30:00,34,103,2.0,0.0,0.0,0.1485,7.056,6.0,-3,20.016344444624213,,7000.0,0.0,0.0,0.0,46.15380439881519,optimal
2021-02-08 03:00:00,34,103,2.0,0.0,5.0,0.0991666666666666,5.271,6.0,-3,20.087624588834878,,7000.0,0.0,0.0,0.0,48.48265059441637,optimal
2021-02-08 03:30:00,34,103,2.0,0.0,0.0,0.056,7.938,6.0,-3,20.15776970499603,,7000.0,0.0,0.0,0.0,48.434167943821954,optimal
2021-02-08 04:00:00,34,103,2.0,0.0,0.0,0.1423333333333333,7.938,6.0,-3,20.226461084938,,7000.0,0.0,0.0,0.0,48.38573377587813,optimal
2021-02-08 04:30:00,34,103,2.0,0.0,0.0,0.1053333333333333,11.907,6.0,-3,20.29643135161221,,7000.0,0.0,0.0,0.0,48.33734804210225,optimal
2021-02-08 05:00:00,34,103,2.0,0.0,0.0,0.056,11.025,6.0,-3,20.36485165201201,,7000.0,0.0,0.0,0.0,48.28901069406015,optimal
2021-02-08 05:30:00,34,103,2.0,0.0,0.0,0.056,11.2875,6.0,-3,20.431469396146436,,7000.0,0.0,0.0,0.0,48.24072168336608,optimal
2021-02-08 06:00:00,34,103,2.0,0.0,0.0,0.056,12.936,6.0,-3,20.49755808256678,,7000.0,0.0,0.0,0.0,48.19248096168271,optimal
2021-02-08 06:30:00,34,103,2.0,0.0,0.0,0.1916666666666666,13.0095,6.0,-3,20.563120111440085,,7000.0,0.0,0.0,0.0,48.144288480721016,optimal
2021-02-08 07:00:00,34,103,0.0,0.0,0.0,0.056,13.671,6.0,-3,20.63101371070406,,0.0,0.0,0.0,0.0,48.096144192240295,optimal
2021-02-08 07:30:00,34,103,0.0,0.0,0.0,0.0855,13.188,6.0,-3,20.548163770778515,,0.0,0.0,0.0,0.0,48.048048048048045,optimal
2021-02-08 08:00:00,34,103,0.0,0.0,0.0,0.4090666666666667,13.8495,6.0,-3,20.468778172408022,,0.0,0.0,0.0,0.0,48.0,optimal
2021-02-08 08:30:00,34,103,2.0,0.0,0.0,1.7068,13.23,6.0,-3,20.404160003274036,,7000.0,0.0,0.0,0.0,47.82978703002392,optimal
2021-02-08 09:00:00,34,103,1.5238655119748914,0.0,0.0,0.3560333333333333,13.3665,6.0,-3,20.488427327130577,,5333.52929191212,0.0,0.0,0.0,47.65974427301782,optimal
2021-02-08 09:30:00,34,103,2.0,0.0,0.0,1.8743333333333327,13.0515,6.0,-3,20.527599841476725,,7000.0,0.0,0.0,0.0,47.489871558768726,optimal
2021-02-08 10:00:00,34,103,0.0,0.0,0.0,0.2,13.5345,6.0,-3,20.604166350402565,,0.0,0.0,0.0,0.0,47.32016871723389,optimal
2021-02-08 10:30:00,34,103,0.0,0.0,0.0,0.2442666666666667,14.154,6.0,-3,20.525911869648706,,0.0,0.0,0.0,0.0,47.15063557854057,optimal
2021-02-08 11:00:00,34,103,0.0,0.0,0.0,0.4199,14.112,6.0,-3,20.44581767622989,,0.0,0.0,0.0,0.0,46.98127197298596,optimal
2021-02-08 11:30:00,34,103,0.0,0.0,0.0,1.6074333333333335,14.2485,6.0,-3,20.36751503381841,,0.0,0.0,0.0,0.0,46.812077731036894,optimal
2021-02-08 12:00:00,34,103,2.0,0.0,0.0,0.1775,12.789,6.0,-3,20.287718098651627,,7000.0,0.0,0.0,0.0,46.64305268332978,optimal
2021-02-08 12:30:00,34,103,2.0,0.0,0.0,0.066,13.0095,6.0,-3,20.353033321547315,,7000.0,0.0,0.0,0.0,46.47419666067037,optimal
2021-02-08 13:00:00,34,103,2.0,0.0,0.0,0.2016666666666666,12.1275,6.0,-3,20.413539086543885,,7000.0,0.0,0.0,0.0,46.30550949403363,optimal
2021-02-08 13:30:00,34,103,2.0,0.0,0.0,0.066,12.348,6.0,-3,20.477533531085985,,7000.0,0.0,0.0,0.0,46.13699101456352,optimal
2021-02-08 14:00:00,34,103,2.0,0.0,0.0,0.066,12.348,6.0,-3,20.53883548275278,,7000.0,0.0,0.0,0.0,45.96864105357288,optimal
2021-02-08 14:30:00,34,103,0.0,0.0,0.0,0.066,25.389,6.0,-3,20.60031299523201,,0.0,0.0,0.0,0.0,45.80045944254324,optimal
2021-02-08 15:00:00,34,103,0.0,0.0,0.0,0.1215,29.1375,6.0,-3,20.513478246651687,,0.0,0.0,0.0,0.0,45.63244601312461,optimal
2021-02-08 15:30:00,34,103,0.0,0.0,0.0,0.1461666666666666,30.597,6.0,-3,20.42752523366772,,0.0,0.0,0.0,0.0,45.464600597135416,optimal
2021-02-08 16:00:00,34,103,0.0,0.0,0.0,0.066,33.684,6.0,-3,20.34270823977209,,0.0,0.0,0.0,0.0,45.296923026562204,optimal
2021-02-08 16:30:00,34,103,0.0,0.0,0.0,0.2016666666666666,32.445,6.0,-3,20.256815325207675,,0.0,0.0,0.0,0.0,45.12941313355957,optimal
2021-02-08 17:00:00,34,103,0.0,0.0,0.0,0.066,28.917,6.0,-3,20.17348741579084,,0.0,0.0,0.0,0.0,44.96207075044993,optimal
2021-02-08 17:30:00,34,103,0.0,0.0,0.0,0.066,15.876,6.0,-3,20.08700119590236,,0.0,0.0,0.0,0.0,44.794895709723406,optimal
2021-02-08 18:00:00,34,103,1.1825275300468314,0.0,0.0,0.0845,12.348,6.0,-3,20.0,,4138.84635516391,0.0,0.0,0.0,44.62788784403761,optimal
2021-02-08 18:30:00,34,103,2.0,0.0,0.0,0.1831666666666666,12.1275,6.0,-3,20.0,,7000.0,0.0,0.0,0.0,44.4610469862175,optimal
2021-02-08 19:00:00,34,103,0.2791644046031989,0.0,0.0,0.1052666666666666,12.348,6.0,-3,20.062532258739772,,977.0754161111964,0.0,0.0,0.0,44.29437296925521,optimal
2021-02-08 19:30:00,34,103,0.9627967947759156,0.0,0.0,0.222,12.1275,6.0,-3,20.0,,3369.7887817157048,0.0,0.0,0.0,44.25007859628595,optimal
2021-02-08 20:00:00,34,103,0.7820312556297112,0.0,0.0,1.0874,12.1275,6.0,-3,20.0,,2737.109394703989,0.0,0.0,0.0,44.20582851768967,optimal
2021-02-08 20:30:00,34,103,0.0,0.0,0.0,1.1032,11.2665,6.0,-3,20.0,,0.0,0.0,0.0,0.0,44.16162268917198,optimal
2021-02-08 21:00:00,34,103,0.0,0.0,0.0,0.3387,10.143,6.0,-3,19.942829739524548,,0.0,0.0,0.0,0.0,44.1174610664828,optimal
2021-02-08 21:30:00,34,103,0.0,0.0,0.0,0.1672,11.2455,6.0,-3,19.886511519710616,,0.0,0.0,0.0,0.0,44.07334360541632,optimal
2021-02-08 22:00:00,34,103,0.0,0.0,0.0,0.3507,11.025,6.0,-3,19.82662872302634,,0.0,0.0,0.0,0.0,44.0292702618109,optimal
2021-02-08 22:30:00,34,103,1.1743809523809523,0.0,0.0,0.3328333333333333,5.9745,6.0,-3,19.768615194116176,,0.0,0.0,4110.333333333333,0.0,43.98524099154909,optimal
2021-02-08 23:00:00,34,103,0.0,0.0,0.0,0.066,7.938,6.0,-3,19.705430850833004,,0.0,0.0,0.0,0.0,43.941255750557545,optimal
2021-02-08 23:30:00,34,103,0.0,0.0,0.0,0.1983333333333332,8.6835,6.0,-3,19.62541898190827,,0.0,0.0,0.0,0.0,43.89731449480698,optimal
2021-02-09 00:00:00,34,103,2.0,0.0,5.0,0.061,11.361,6.0,-10,19.62541898190827,,7000.0,0.0,0.0,0.0,46.22841718031218,optimal
2021-02-09 00:30:00,34,103,2.0,0.0,5.0,0.1185,11.571,6.0,-10,19.69271770377697,,312.0,0.0,6688.0,0.0,48.55718876313187,optimal
2021-02-09 01:00:00,34,103,2.0,0.0,0.0,0.0725,14.3745,6.0,-10,19.62036321785133,,7000.0,0.0,0.0,0.0,48.508631574368735,optimal
2021-02-09 01:30:00,34,103,2.0,0.0,0.3542462839233974,0.061,13.23,6.0,-10,19.68838062408776,,7000.0,0.0,0.0,0.0,48.62838992765797,optimal
2021-02-09 02:00:00,34,103,2.0,0.0,0.0,0.1031666666666666,13.9755,6.0,-10,19.75539370895728,,7000.0,0.0,0.0,0.0,48.57976153773031,optimal
2021-02-09 02:30:00,34,103,0.9912943962198744,0.0,0.0,0.0878333333333333,14.994,6.0,-10,19.822536733966476,,3469.5303867695607,0.0,0.0,0.0,48.53118177619257,optimal
2021-02-09 03:00:00,34,103,2.0,0.0,0.0,0.061,13.671,6.0,-10,19.814961388471943,,7000.0,0.0,0.0,0.0,48.48265059441637,optimal
2021-02-09 03:30:00,34,103,0.0,0.0,0.0,0.061,15.981,6.0,-10,19.881400216564774,,0.0,0.0,0.0,0.0,48.434167943821954,optimal
2021-02-09 04:00:00,34,103,0.0,0.0,0.0,0.13,15.6345,6.0,-10,19.800638446383036,,0.0,0.0,0.0,0.0,48.38573377587813,optimal
2021-02-09 04:30:00,34,103,0.0,0.0,0.0,0.061,16.5375,6.0,-10,19.722149213153948,,0.0,0.0,0.0,0.0,48.33734804210225,optimal
2021-02-09 05:00:00,34,103,2.0,0.0,0.0,0.061,14.7735,6.0,-10,19.642109914260374,,7000.0,0.0,0.0,0.0,48.28901069406015,optimal
2021-02-09 05:30:00,34,103,2.0,0.0,0.0,0.061,15.2145,6.0,-10,19.709332914663342,,7000.0,0.0,0.0,0.0,48.24072168336608,optimal
2021-02-09 06:00:00,34,103,2.0,0.0,0.0,0.068,14.553,6.0,-10,19.776250945636576,,7000.0,0.0,0.0,0.0,48.19248096168271,optimal
2021-02-09 06:30:00,34,103,2.0,0.0,0.0,0.1246666666666666,14.3325,6.0,-10,19.84286539072963,,7000.0,0.0,0.0,0.0,48.144288480721016,optimal
2021-02-09 07:00:00,34,103,2.0,0.0,0.0,0.0863333333333333,14.595,6.0,-10,19.910080498294423,,7000.0,0.0,0.0,0.0,48.096144192240295,optimal
2021-02-09 07:30:00,34,103,2.0,0.0,0.0,0.3439666666666666,14.994,6.0,-10,19.97678488850455,,7000.0,0.0,0.0,0.0,48.048048048048045,optimal
2021-02-09 08:00:00,34,103,2.0,0.0,0.0,0.0955,14.3325,6.0,-10,20.054018117401437,,7000.0,0.0,0.0,0.0,48.0,optimal
2021-02-09 08:30:00,34,103,2.0,0.0,0.0,0.0703333333333333,13.8915,6.0,-10,20.127389372803684,,7000.0,0.0,0.0,0.0,47.76623346744748,optimal
2021-02-09 09:00:00,34,103,2.0,0.0,0.0,0.071,13.8915,6.0,-10,20.20139034397824,,7000.0,0.0,0.0,0.0,47.53270070142751,optimal
2021-02-09 09:30:00,34,103,2.0,0.0,0.0,1.529,13.4715,6.0,-10,20.27679563692841,,7000.0,0.0,0.0,0.0,47.29940146817356,optimal
2021-02-09 10:00:00,34,103,2.0,0.0,0.0,0.4146,13.23,6.0,-10,20.36715170639172,,7000.0,0.0,0.0,0.0,47.06633553415287,optimal
2021-02-09 10:30:00,34,103,2.0,0.0,0.0,1.2691333333333334,13.8915,6.0,-10,20.44095615333085,,7000.0,0.0,0.0,0.0,46.8335026660662,optimal
2021-02-09 11:00:00,34,103,0.0,0.0,0.0,1.1855,26.9325,6.0,-10,20.519157598635804,,0.0,0.0,0.0,0.0,46.60090263084761,optimal
2021-02-09 11:30:00,34,103,0.0,0.0,0.0,0.3543333333333333,30.303,6.0,-10,20.444807972434205,,0.0,0.0,0.0,0.0,46.36853519566424,optimal
2021-02-09 12:00:00,34,103,0.0,0.0,0.0,0.2733333333333333,32.886,6.0,-10,20.36973742381433,,0.0,0.0,0.0,0.0,46.136400127916055,optimal
2021-02-09 12:30:00,34,103,0.0,0.0,0.0,1.7045,34.9965,6.0,-10,20.2949607668578,,0.0,0.0,0.0,0.0,45.90449719523562,optimal
2021-02-09 13:00:00,34,103,0.0,0.0,0.0,1.6051,33.327,6.0,-10,20.226372784116958,,0.0,0.0,0.0,0.0,45.67282616548786,optimal
2021-02-09 13:30:00,34,103,0.0,0.0,0.0,0.2404333333333333,31.122,6.0,-10,20.15685365777995,,0.0,0.0,0.0,0.0,45.441386806769856,optimal
2021-02-09 14:00:00,34,103,0.0,0.0,0.0,0.2046,17.9025,6.0,-10,20.078740211314457,,0.0,0.0,0.0,0.0,45.21017888741056,optimal
2021-02-09 14:30:00,34,103,1.0100365323074845,0.0,0.0,0.278,15.6555,6.0,-10,20.0,,3535.127863076196,0.0,0.0,0.0,44.97920217597064,optimal
2021-02-09 15:00:00,34,103,0.9032581971488132,0.0,0.0,0.2046666666666666,14.553,6.0,-10,20.0,,3161.4036900208457,0.0,0.0,0.0,44.74845644124214,optimal
2021-02-09 15:30:00,34,103,0.8130772447678625,0.0,0.0,1.21,14.3325,6.0,-10,20.0,,2497.437023354185,0.0,348.3333333333333,0.0,44.51794145224838,optimal
2021-02-09 16:00:00,34,103,0.9056106044102482,0.0,0.0,0.9153,13.335,6.0,-10,20.0,,2821.3037821025355,0.0,348.3333333333333,0.0,44.28765697824361,optimal
2021-02-09 16:30:00,34,103,1.8863040083133096,0.0,0.0,0.268,12.1275,6.0,-10,20.0,,6044.730695763251,0.0,557.3333333333334,0.0,44.05760278871285,optimal
2021-02-09 17:00:00,34,103,0.0,0.0,0.0,0.3029666666666666,12.2955,6.0,-10,20.0626490040735,,0.0,0.0,0.0,0.0,43.82777865337162,optimal
2021-02-09 17:30:00,34,103,0.9149214574748892,0.0,0.0,0.4391,11.6865,6.0,-10,20.0,,2923.558434495445,0.0,278.66666666666663,0.0,43.59818434216572,optimal
2021-02-09 18:00:00,34,103,1.0041266616067934,0.0,0.0,0.3480666666666666,11.466,6.0,-10,20.0,,2957.1099822904443,0.0,557.3333333333333,0.0,43.36881962527104,optimal
2021-02-09 18:30:00,34,103,2.0,0.0,0.0,1.0663,10.8045,6.0,-10,20.0,,2472.657555738712,0.0,4527.342444261289,0.0,43.139684273093245,optimal
2021-02-09 19:00:00,34,103,2.0,0.0,0.0,1.2575666666666665,10.584,6.0,-10,20.0,,6757.862506383026,0.0,242.1374936169732,0.0,42.91077805626763,optimal
2021-02-09 19:30:00,34,103,0.0,0.0,0.0,0.5581,11.2455,6.0,-10,20.09711901844279,,0.0,0.0,0.0,0.0,42.86786727821136,optimal
2021-02-09 20:00:00,34,103,0.0,0.0,0.0,0.4680666666666667,12.1275,6.0,-10,20.04686364489814,,0.0,0.0,0.0,0.0,42.82499941093315,optimal
2021-02-09 20:30:00,34,103,0.0,0.0,0.0,0.4258666666666666,11.823,6.0,-10,20.0,,0.0,0.0,0.0,0.0,42.78217441152222,optimal
2021-02-09 21:00:00,34,103,0.0,0.0,0.0,1.2470333333333332,11.7705,6.0,-10,19.940927433793657,,0.0,0.0,0.0,0.0,42.7393922371107,optimal
2021-02-09 21:30:00,34,103,0.8666247796538299,0.0,0.0,0.5173666666666666,11.13,6.0,-10,19.88080928364333,,0.0,0.0,3033.1867287884047,0.0,42.69665284487359,optimal
2021-02-09 22:00:00,34,103,0.0,0.0,0.0,0.4481,11.6865,6.0,-10,19.827684149180403,,0.0,0.0,0.0,0.0,42.65395619202872,optimal
2021-02-09 22:30:00,34,103,0.0,0.0,0.0,0.071,10.7205,6.0,-10,19.77160310735173,,0.0,0.0,0.0,0.0,42.61130223583669,optimal
2021-02-09 23:00:00,34,103,0.0,0.0,0.0,0.071,11.424,6.0,-10,19.691112617686883,,0.0,0.0,0.0,0.0,42.568690933600855,optimal
2021-02-09 23:30:00,34,103,0.0,0.0,0.0,0.071,10.689,6.0,-10,19.61121412198216,,0.0,0.0,0.0,0.0,42.526122242667256,optimal
2021-02-10 00:00:00,34,103,2.0,0.0,0.0,0.1576333333333333,11.508,6.0,-2,19.61121412198216,,6930.333333333333,0.0,69.66666666666666,0.0,42.483596120424586,optimal
2021-02-10 00:30:00,34,103,2.0,0.0,0.0,0.1633333333333333,11.508,6.0,-2,19.684456601712185,,0.0,0.0,7000.0,0.0,42.44111252430416,optimal
2021-02-10 01:00:00,34,103,2.0,0.0,0.0,0.087,11.844,6.0,-2,19.608227789783783,,0.0,0.0,7000.0,0.0,42.39867141177986,optimal
2021-02-10 01:30:00,34,103,2.0,0.0,0.0,0.1912666666666666,11.508,6.0,-2,19.532390731860644,,0.0,0.0,7000.0,0.0,42.35627274036808,optimal
2021-02-10 02:00:00,34,103,2.0,0.0,0.0,0.0848666666666666,11.508,6.0,-2,19.456061638591905,,4592.0,0.0,2408.0,0.0,42.313916467627706,optimal
2021-02-10 02:30:00,34,103,2.0,0.0,5.0,0.1682,10.4475,6.0,-2,19.47489790031264,,7000.0,0.0,0.0,0.0,44.64660255116008,optimal
2021-02-10 03:00:00,34,103,2.0,0.0,2.655554436589024,0.1148666666666666,10.8675,6.0,-2,19.5467139792553,,7000.0,0.0,0.0,0.0,45.8633443059887,optimal
2021-02-10 03:30:00,34,103,2.0,0.0,5.0,1.908733333333333,10.542,6.0,-2,19.61771237356533,,7000.0,0.0,0.0,0.0,48.19248096168271,optimal
2021-02-10 04:00:00,34,103,2.0,0.0,0.0,0.2414333333333333,11.025,6.0,-2,19.69426390966865,,7000.0,0.0,0.0,0.0,48.144288480721016,optimal
2021-02-10 04:30:00,34,103,2.0,0.0,0.0,1.2116333333333331,11.025,6.0,-2,19.770939544533636,,7000.0,0.0,0.0,0.0,48.096144192240295,optimal
2021-02-10 05:00:00,34,103,2.0,0.0,0.0,2.1794,14.553,6.0,-2,19.852900804510867,,7000.0,0.0,0.0,0.0,48.048048048048045,optimal
2021-02-10 05:30:00,34,103,2.0,0.0,0.0,0.2226,13.0935,6.0,-2,19.939553033840102,,7000.0,0.0,0.0,0.0,48.0,optimal
2021-02-10 06:00:00,34,103,2.0,0.0,0.0,0.3253666666666667,15.6345,6.0,-2,20.015100056141083,,7000.0,0.0,0.0,0.0,47.82993457030982,optimal
2021-02-10 06:30:00,34,103,0.0,0.0,0.0,0.8794333333333333,18.102,6.0,-2,20.090140471232782,,0.0,0.0,0.0,0.0,47.660039206049326,optimal
2021-02-10 07:00:00,34,103,2.0,0.0,0.0,1.7719666666666667,17.199,6.0,-2,20.01664725863381,,7000.0,0.0,0.0,0.0,47.490313737153095,optimal
2021-02-10 07:30:00,34,103,0.0,0.0,0.0,3.0645666666666664,18.2805,6.0,-2,20.09335000969695,,0.0,0.0,0.0,0.0,47.32075799372576,optimal
2021-02-10 08:00:00,34,103,1.7159575163320162,0.0,0.0,0.7662,17.4615,6.0,-2,20.02468987759009,,6005.851307162056,0.0,0.0,0.0,47.15137180604186,optimal
2021-02-10 08:30:00,34,103,0.0,0.0,0.0,0.3834666666666665,18.3225,6.0,-2,20.075818063326512,,0.0,0.0,0.0,0.0,46.98215500454563,optimal
2021-02-10 09:00:00,34,103,2.0,0.0,0.0,0.4616,17.094,6.0,-2,20.0,,7000.0,0.0,0.0,0.0,46.81310741985091,optimal
2021-02-10 09:30:00,34,103,2.0,0.0,0.0,1.2518,17.094,6.0,-2,20.078367116079956,,7000.0,0.0,0.0,0.0,46.64422888274088,optimal
2021-02-10 10:00:00,34,103,2.0,0.0,0.0,1.7301666666666669,17.094,6.0,-2,20.163494719419727,,7000.0,0.0,0.0,0.0,46.475519224167954,optimal
2021-02-10 10:30:00,34,103,0.0,0.0,0.0,2.1316,17.3565,6.0,-2,20.24842971520541,,0.0,0.0,0.0,0.0,46.306978275253606,optimal
2021-02-10 11:00:00,34,103,2.0,0.0,0.0,2.175533333333333,17.115,6.0,-2,20.17883926310426,,7000.0,0.0,0.0,0.0,46.13860586728817,optimal
2021-02-10 11:30:00,34,103,2.0,0.0,0.0,2.7520333333333333,17.241,6.0,-2,20.25571527112737,,7000.0,0.0,0.0,0.0,45.9704018317307,optimal
2021-02-10 12:00:00,34,103,2.0,0.0,0.0,2.6385,17.094,6.0,-2,20.33462342037015,,7000.0,0.0,0.0,0.0,45.80236600020879,optimal
2021-02-10 12:30:00,34,103,2.0,0.0,0.0,1.017966666666667,16.5165,6.0,-2,20.413925612865985,,7000.0,0.0,0.0,0.0,45.6344982045184,optimal
2021-02-10 13:00:00,34,103,0.0,0.0,0.0,2.813266666666667,17.8185,6.0,-2,20.48591494643356,,0.0,0.0,0.0,0.0,45.46679827662369,optimal
2021-02-10 13:30:00,34,103,2.0,0.0,0.0,2.5182,17.094,6.0,-2,20.42761597752067,,7000.0,0.0,0.0,0.0,45.29926604865689,optimal
2021-02-10 14:00:00,34,103,2.0,0.0,0.0,1.9607666666666668,16.8945,6.0,-2,20.525080498000943,,7000.0,0.0,0.0,0.0,45.13190135291805,optimal
2021-02-10 14:30:00,34,103,0.0,0.0,0.0,2.261633333333333,18.123,6.0,-2,20.61204475109583,,0.0,0.0,0.0,0.0,44.96470402187495,optimal
2021-02-10 15:00:00,34,103,0.0,0.0,0.0,1.471266666666667,31.647,6.0,-2,20.561419424413884,,0.0,0.0,0.0,0.0,44.7976738881629,optimal
2021-02-10 15:30:00,34,103,0.0,0.0,0.0,1.8208,34.9965,6.0,-2,20.503399590480164,,0.0,0.0,0.0,0.0,44.63081078458456,optimal
2021-02-10 16:00:00,34,103,0.0,0.0,0.0,0.2222333333333332,34.9965,6.0,-2,20.45096024315825,,0.0,0.0,0.0,0.0,44.46411454410979,optimal
2021-02-10 16:30:00,34,103,0.0,0.0,0.0,1.1145333333333334,34.9965,6.0,-2,20.39362986894689,,0.0,0.0,0.0,0.0,44.2975849998755,optimal
2021-02-10 17:00:00,34,103,0.0,0.0,0.0,2.231533333333333,34.9965,6.0,-2,20.33763140724028,,0.0,0.0,0.0,0.0,44.13122198518544,optimal
2021-02-10 17:30:00,34,103,0.0,0.0,0.0,1.383233333333333,34.9965,6.0,-2,20.280495073842268,,0.0,0.0,0.0,0.0,43.96502533351008,optimal
2021-02-10 18:00:00,34,103,0.0,0.0,0.0,0.1484,27.741,6.0,-2,20.20348861864545,,0.0,0.0,0.0,0.0,43.79899487848638,optimal
2021-02-10 18:30:00,34,103,0.0,0.0,0.0,0.3736,19.026,6.0,-2,20.11672723160952,,0.0,0.0,0.0,0.0,43.63313045391772,optimal
2021-02-10 19:00:00,34,103,0.6291910954091722,0.0,0.0,0.1878,18.7215,6.0,-2,20.036179763258104,,2202.168833932102,0.0,0.0,0.0,43.467431893773615,optimal
2021-02-10 19:30:00,34,103,0.8812868512617886,0.0,0.0,2.188533333333333,17.4195,6.0,-2,20.0,,3084.5039794162603,0.0,0.0,0.0,43.42396446187984,optimal
2021-02-10 20:00:00,34,103,0.8784998415737517,0.0,0.0,0.2672333333333332,16.758,6.0,-2,20.0,,3074.749445508131,0.0,0.0,0.0,43.38054049741796,optimal
2021-02-10 20:30:00,34,103,0.0,0.0,0.0,0.3588666666666666,14.217,6.0,-2,20.0,,0.0,0.0,0.0,0.0,43.337159956920544,optimal
2021-02-10 21:00:00,34,103,0.0398095238095238,0.0,0.0,0.3129333333333333,13.3665,6.0,-2,19.935939570050824,,0.0,0.0,139.33333333333331,0.0,43.29382279696362,optimal
2021-02-10 21:30:00,34,103,0.0796190476190476,0.0,0.0,0.6082666666666666,12.789,6.0,-2,19.86900779928348,,0.0,0.0,278.66666666666663,0.0,43.25052897416666,optimal
2021-02-10 22:00:00,34,103,0.0597142857142857,0.0,0.0,0.5474,11.907,6.0,-2,19.7996495012159,,0.0,0.0,209.0,0.0,43.20727844519249,optimal
2021-02-10 22:30:00,34,103,0.0,0.0,0.0,0.4961666666666667,11.7075,6.0,-2,19.726056928998027,,0.0,0.0,0.0,0.0,43.1640711667473,optimal
2021-02-10 23:00:00,34,103,0.1393333333333333,0.0,0.0,2.437866666666667,10.8045,6.0,-2,19.647373277444792,,0.0,0.0,487.6666666666667,0.0,43.12090709558055,optimal
2021-02-10 23:30:00,34,103,0.0,0.0,0.0,0.6655666666666668,11.508,6.0,-2,19.568065384256823,,0.0,0.0,0.0,0.0,43.07778618848497,optimal
2021-02-11 00:00:00,34,103,2.0,0.0,0.0,0.064,14.007,6.0,7,19.568065384256823,,7000.0,0.0,0.0,0.0,43.03470840229649,optimal
2021-02-11 00:30:00,34,103,2.0,0.0,0.0,0.064,12.873,6.0,7,19.616194451671312,,1844.666666666667,0.0,5155.333333333333,0.0,42.99167369389419,optimal
2021-02-11 01:00:00,34,103,2.0,0.0,0.0,0.064,12.684,6.0,7,19.55603697199335,,7000.0,0.0,0.0,0.0,42.948682020200295,optimal
2021-02-11 01:30:00,34,103,2.0,0.0,0.0,0.0703,12.306,6.0,7,19.605127945059024,,7000.0,0.0,0.0,0.0,42.90573333818009,optimal
2021-02-11 02:00:00,34,103,2.0,0.0,5.0,0.1963,10.6365,6.0,7,19.65412882552072,,7000.0,0.0,0.0,0.0,45.23782760484191,optimal
2021-02-11 02:30:00,34,103,2.0,0.0,0.0,0.064,11.2455,6.0,7,19.705559755914788,,7000.0,0.0,0.0,0.0,45.19258977723707,optimal
2021-02-11 03:00:00,34,103,2.0,0.0,0.0,0.0765999999999999,11.2455,6.0,7,19.753518723258253,,7000.0,0.0,0.0,0.0,45.14739718745983,optimal
2021-02-11 03:30:00,34,103,2.0,0.0,0.0,0.19,11.025,6.0,7,19.80107168283776,,7000.0,0.0,0.0,0.0,45.10224979027237,optimal
2021-02-11 04:00:00,34,103,2.0,0.0,0.0,0.064,12.0855,6.0,7,19.851930196669183,,7000.0,0.0,0.0,0.0,45.05714754048209,optimal
2021-02-11 04:30:00,34,103,2.0,0.0,0.0,0.1333,11.6865,6.0,7,19.90103980087184,,7000.0,0.0,0.0,0.0,45.01209039294161,optimal
2021-02-11 05:00:00,34,103,2.0,0.0,0.0,0.1333,11.2245,6.0,7,19.951385403638948,,7000.0,0.0,0.0,0.0,44.96707830254866,optimal
2021-02-11 05:30:00,34,103,2.0,0.0,0.0,0.064,11.025,6.0,7,20.001502604375894,,7000.0,0.0,0.0,0.0,44.92211122424612,optimal
2021-02-11 06:00:00,34,103,2.0,0.0,5.0,0.1522,10.7835,6.0,7,20.05106781670922,,7000.0,0.0,0.0,0.0,47.25218911302187,optimal
2021-02-11 06:30:00,34,103,2.0,0.0,1.6738170022971657,0.1144,11.025,6.0,7,20.103398984065212,,7000.0,0.0,0.0,0.0,48.0,optimal
2021-02-11 07:00:00,34,103,2.0,0.0,0.0,0.9036,10.584,6.0,7,20.15583120679931,,7000.0,0.0,0.0,0.0,47.9211639606948,optimal
2021-02-11 07:30:00,34,103,2.0,0.0,0.0,0.062,11.025,6.0,7,20.21228417373363,,7000.0,0.0,0.0,0.0,47.8424067574289,optimal
2021-02-11 08:00:00,34,103,2.0,0.0,0.0,0.2243,10.4265,6.0,7,20.265287314670864,,7000.0,0.0,0.0,0.0,47.76372831136627,optimal
2021-02-11 08:30:00,34,103,2.0,0.0,0.0,0.1060333333333333,12.789,6.0,7,20.319069028387368,,7000.0,0.0,0.0,0.0,47.685128543749705,optimal
2021-02-11 09:00:00,34,103,2.0,0.0,0.0,0.1711,12.684,6.0,7,20.3681947134838,,7000.0,0.0,0.0,0.0,47.60660737590076,optimal
2021-02-11 09:30:00,34,103,2.0,0.0,0.0,0.0991666666666666,16.254,6.0,7,20.41377309870024,,7000.0,0.0,0.0,0.0,47.52816472921965,optimal
2021-02-11 10:00:00,34,103,2.0,0.0,0.0,0.0723333333333333,17.64,6.0,7,20.46503882503119,,7000.0,0.0,0.0,0.0,47.44980052518523,optimal
2021-02-11 10:30:00,34,103,0.0,0.0,0.0,0.0703,19.1625,6.0,7,20.522894416116035,,0.0,0.0,0.0,0.0,47.371514685354846,optimal
2021-02-11 11:00:00,34,103,0.0,0.0,0.0,0.1963,26.46,6.0,7,20.430545287958697,,0.0,0.0,0.0,0.0,47.29330713136429,optimal
2021-02-11 11:30:00,34,103,0.0,0.0,0.0,0.2472666666666667,20.79,6.0,7,20.338545462039296,,0.0,0.0,0.0,0.0,47.21517778492773,optimal
2021-02-11 12:00:00,34,103,0.0,0.0,0.0,0.575,29.106,6.0,7,20.25286645103217,,0.0,0.0,0.0,0.0,47.137126567837605,optimal
2021-02-11 12:30:00,34,103,0.738156538680784,0.0,0.0,0.2751,19.1835,6.0,7,20.180696783302132,,2583.547885382744,0.0,0.0,0.0,47.059153401964565,optimal
2021-02-11 13:00:00,34,103,0.0,0.0,0.0,0.0663333333333333,19.6665,6.0,7,20.159157270657023,,0.0,0.0,0.0,0.0,46.9812582092574,optimal
2021-02-11 13:30:00,34,103,0.0,0.0,0.0,0.1529,19.404,6.0,7,20.078306389587897,,0.0,0.0,0.0,0.0,46.90344091174294,optimal
2021-02-11 14:00:00,34,103,1.2404056589982395,0.0,0.0,0.1207,19.047,6.0,7,20.0,,4341.419806493839,0.0,0.0,0.0,46.825701431526,optimal
2021-02-11 14:30:00,34,103,2.0,0.0,0.0,0.0829,18.858,6.0,7,20.013360717233358,,7000.0,0.0,0.0,0.0,46.74803969078928,optimal
2021-02-11 15:00:00,34,103,0.0,0.0,0.0,0.1837,19.2675,6.0,7,20.08024147400253,,0.0,0.0,0.0,0.0,46.67045561179329,optimal
2021-02-11 15:30:00,34,103,1.0106538704305028,0.0,0.0,0.4865,18.963,6.0,7,20.0,,3537.2885465067598,0.0,0.0,0.0,46.59294911687629,optimal
2021-02-11 16:00:00,34,103,2.0,0.0,0.0,0.3629333333333333,18.438,6.0,7,20.0,,7000.0,0.0,0.0,0.0,46.51552012845421,optimal
2021-02-11 16:30:00,34,103,0.2203133018871455,0.0,0.0,0.3178333333333333,18.7425,6.0,7,20.070083169481123,,771.0965566050094,0.0,0.0,0.0,46.43816856902056,optimal
2021-02-11 17:00:00,34,103,2.0,0.0,0.0,0.2864,15.2145,6.0,7,20.0,,7000.0,0.0,0.0,0.0,46.36089436114634,optimal
2021-02-11 17:30:00,34,103,1.3526946868255951,0.0,0.0,0.241,17.7765,6.0,7,20.05722570394389,,4734.431403889584,0.0,0.0,0.0,46.28369742748,optimal
2021-02-11 18:00:00,34,103,2.0,0.0,0.0,0.0803,16.758,6.0,7,20.0643082816363,,7000.0,0.0,0.0,0.0,46.20657769074733,optimal
2021-02-11 18:30:00,34,103,2.0,0.0,0.0,0.2063,16.422,6.0,7,20.106421410939014,,7000.0,0.0,0.0,0.0,46.12953507375138,optimal
2021-02-11 19:00:00,34,103,2.0,0.0,0.0,0.3665666666666666,16.758,6.0,7,20.1471396573357,,7000.0,0.0,0.0,0.0,46.05256949937242,optimal
2021-02-11 19:30:00,34,103,0.0,0.0,0.0,0.3565,29.358,6.0,7,20.193790680803765,,0.0,0.0,0.0,0.0,45.97568089056785,optimal
2021-02-11 20:00:00,34,103,0.0,0.0,0.0,0.5629,34.9965,6.0,7,20.094960943148976,,0.0,0.0,0.0,0.0,45.89886917037208,optimal
2021-02-11 20:30:00,34,103,0.0,0.0,0.0,0.6148333333333333,34.65,6.0,7,20.0,,0.0,0.0,0.0,0.0,45.82213426189651,optimal
2021-02-11 21:00:00,34,103,0.0,0.0,0.0,0.3092333333333333,34.9965,6.0,7,19.90809663657481,,0.0,0.0,0.0,0.0,45.74547608832941,optimal
2021-02-11 21:30:00,34,103,0.0,0.0,0.0,0.3669,34.9965,6.0,7,19.814245228232195,,0.0,0.0,0.0,0.0,45.66889457293588,optimal
2021-02-11 22:00:00,34,103,0.0,0.0,0.0,0.4534333333333333,30.4815,6.0,7,19.72109669421362,,0.0,0.0,0.0,0.0,45.59238963905775,optimal
2021-02-11 22:30:00,34,103,0.0,0.0,0.0,0.5347000000000001,21.4305,6.0,7,19.63436443488201,,0.0,0.0,0.0,0.0,45.515961210113495,optimal
2021-02-11 23:00:00,34,103,0.0597142857142857,0.0,0.0,0.4565666666666667,14.3325,6.0,7,19.547892842779696,,0.0,0.0,209.0,0.0,45.47044524890338,optimal
2021-02-11 23:30:00,34,103,0.1301771428571428,0.0,0.0,0.904,13.692,6.0,7,19.455487003684357,,0.0,0.0,455.62,0.0,45.42497480365448,optimal
2021-02-12 00:00:00,34,103,0.1393333333333333,0.0,0.0,0.1556666666666666,13.566,6.0,9,19.455487003684357,,0.0,0.0,487.6666666666667,0.0,45.37954982885083,optimal
2021-02-12 00:30:00,34,103,2.0,0.0,0.0,0.3881,12.789,6.0,9,19.34603441039497,,2193.0,0.0,4807.0,0.0,45.334170279021976,optimal
2021-02-12 01:00:00,34,103,2.0,0.0,0.0,2.403833333333333,12.1275,6.0,9,19.288766241818585,,7000.0,0.0,0.0,0.0,45.28883610874296,optimal
2021-02-12 01:30:00,34,103,1.8826133413416437,0.0,0.0,0.3465,13.671,6.0,9,19.33698536099559,,6589.146694695753,0.0,0.0,0.0,45.24354727263421,optimal
2021-02-12 02:00:00,34,103,2.0,0.0,0.0,2.0207,10.668,6.0,9,19.37072263308634,,7000.0,0.0,0.0,0.0,45.198303725361576,optimal
2021-02-12 02:30:00,34,103,2.0,0.0,0.0,0.5512999999999999,11.7285,6.0,9,19.41810921266929,,7000.0,0.0,0.0,0.0,45.15310542163621,optimal
2021-02-12 03:00:00,34,103,2.0,0.0,0.0,2.3387333333333333,11.025,6.0,9,19.46708836852954,,7000.0,0.0,0.0,0.0,45.10795231621458,optimal
2021-02-12 03:30:00,34,103,2.0,0.0,0.0,0.3156,10.689,6.0,9,19.51969048496161,,7000.0,0.0,0.0,0.0,45.06284436389837,optimal
2021-02-12 04:00:00,34,103,2.0,0.0,5.0,1.3989666666666667,8.1585,6.0,9,19.56912712701335,,7000.0,0.0,0.0,0.0,47.39278151953447,optimal
2021-02-12 04:30:00,34,103,2.0,0.0,0.0,1.092,10.3635,6.0,9,19.625844535868005,,7000.0,0.0,0.0,0.0,47.34538873801493,optimal
2021-02-12 05:00:00,34,103,2.0,0.0,0.0,0.073,10.8045,6.0,9,19.67384013995157,,7000.0,0.0,0.0,0.0,47.29804334927692,optimal
2021-02-12 05:30:00,34,103,2.0,0.0,0.0,0.1489,11.025,6.0,9,19.7197633353779,,7000.0,0.0,0.0,0.0,47.25074530592764,optimal
2021-02-12 06:00:00,34,103,2.0,0.0,0.0,0.1489,10.3635,6.0,9,19.7707052640267,,7000.0,0.0,0.0,0.0,47.20349456062171,optimal
2021-02-12 06:30:00,34,103,2.0,0.0,0.0,0.8321000000000001,10.8045,6.0,9,19.825045431544545,,7000.0,0.0,0.0,0.0,47.15629106606109,optimal
2021-02-12 07:00:00,34,103,2.0,0.0,1.9766595222168948,1.4362666666666668,10.059,6.0,9,19.88100613778745,,7000.0,0.0,0.0,0.0,48.048048048048045,optimal
2021-02-12 07:30:00,34,103,2.0,0.0,0.0,0.2578,10.584,6.0,9,19.941381208652444,,7000.0,0.0,0.0,0.0,48.0,optimal
2021-02-12 08:00:00,34,103,2.0,0.0,0.0,0.0938,9.4185,6.0,9,20.0,,5606.666666666667,0.0,1393.3333333333333,0.0,47.71347605264935,optimal
2021-02-12 08:30:00,34,103,2.0,0.0,0.0,1.9626,10.3635,6.0,9,20.01956473635247,,7000.0,0.0,0.0,0.0,47.42723862924605,optimal
2021-02-12 09:00:00,34,103,2.0,0.0,0.0,0.5965666666666667,9.8385,6.0,9,20.078616398752548,,7000.0,0.0,0.0,0.0,47.14128744326615,optimal
2021-02-12 09:30:00,34,103,2.0,0.0,0.0,2.3851,11.067,6.0,9,20.132939658925043,,7000.0,0.0,0.0,0.0,46.85562220847224,optimal
2021-02-12 10:00:00,34,103,2.0,0.0,0.0,1.9802666666666668,10.8465,6.0,9,20.20428510571476,,7000.0,0.0,0.0,0.0,46.57024263891311,optimal
2021-02-12 10:30:00,34,103,0.0,0.0,0.0,0.6048666666666667,13.671,6.0,9,20.280282780529053,,0.0,0.0,0.0,0.0,46.28514844892354,optimal
2021-02-12 11:00:00,34,103,2.0,0.0,0.0,1.1144666666666667,12.348,6.0,9,20.2052157280671,,7000.0,0.0,0.0,0.0,46.00033935312397,optimal
2021-02-12 11:30:00,34,103,0.0,0.0,0.0,3.1159,14.3325,6.0,9,20.28873285444024,,0.0,0.0,0.0,0.0,45.7158150664202,optimal
2021-02-12 12:00:00,34,103,0.0,0.0,0.0,0.2966999999999999,15.393,6.0,9,20.226780924683965,,0.0,0.0,0.0,0.0,45.431575304003125,optimal
2021-02-12 12:30:00,34,103,2.0,0.0,0.0,3.183266666666667,13.587,6.0,9,20.150770845808324,,7000.0,0.0,0.0,0.0,45.14761978134848,optimal
2021-02-12 13:00:00,34,103,0.0,0.0,0.0,2.3386,16.1385,6.0,9,20.230732088413443,,0.0,0.0,0.0,0.0,44.86394821421648,optimal
2021-02-12 13:30:00,34,103,0.0,0.0,0.0,2.1601,14.595,6.0,9,20.164893566211063,,0.0,0.0,0.0,0.0,44.580560318651614,optimal
2021-02-12 14:00:00,34,103,0.0,0.0,0.0,0.7955,14.637,6.0,9,20.1057453059994,,0.0,0.0,0.0,0.0,44.29745581098231,optimal
2021-02-12 14:30:00,34,103,0.7580201495080502,0.0,0.0,0.073,13.9125,6.0,9,20.029408597807805,,2653.070523278176,0.0,0.0,0.0,44.01463440782068,optimal
2021-02-12 15:00:00,34,103,1.0987638232040906,0.0,0.0,0.2236666666666666,13.3665,6.0,9,20.0,,3845.6733812143175,0.0,0.0,0.0,43.732095826062206,optimal
2021-02-12 15:30:00,34,103,2.0,0.0,0.0,1.7929666666666666,13.0095,6.0,9,20.0,,6582.0,0.0,418.0,0.0,43.44983978288549,optimal
2021-02-12 16:00:00,34,103,0.0,0.0,0.0,1.3777,13.8915,6.0,9,20.07255800525449,,0.0,0.0,0.0,0.0,43.16786599575195,optimal
2021-02-12 16:30:00,34,103,0.7462103668012252,0.0,0.0,2.745366666666667,13.188,6.0,9,20.00503120073458,,2611.736283804288,0.0,0.0,0.0,42.88617418240555,optimal
2021-02-12 17:00:00,34,103,0.7689411182796148,0.0,0.0,2.2779333333333334,12.5685,6.0,9,20.0,,2621.627247311985,0.0,69.66666666666666,0.0,42.60476406087249,optimal
2021-02-12 17:30:00,34,103,0.8622853620234506,0.0,0.0,1.612866666666667,12.285,6.0,9,20.0,,2878.6654337487435,0.0,139.33333333333331,0.0,42.323635349460965,optimal
2021-02-12 18:00:00,34,103,1.794347376177901,0.0,0.0,1.2079666666666666,11.487,6.0,9,20.0,,5862.215816622654,0.0,418.0,0.0,42.04278776676085,optimal
2021-02-12 18:30:00,34,103,0.0,0.0,0.0,2.4196,11.802,6.0,9,20.060178600398576,,0.0,0.0,0.0,0.0,41.76222103164344,optimal
2021-02-12 19:00:00,34,103,1.3307662602322314,0.0,0.0,2.1911,11.2245,6.0,9,20.0,,2687.781846657819,0.0,1969.9000641549912,0.0,41.481934863261145,optimal
2021-02-12 19:30:00,34,103,2.0,0.0,0.0,0.7950333333333333,11.025,6.0,9,20.0,,5904.566730821658,0.0,1095.433269178342,0.0,41.20192898104723,optimal
2021-02-12 20:00:00,34,103,0.0,0.0,0.0,0.406,11.907,6.0,9,20.065974364441445,,0.0,0.0,0.0,0.0,40.922203104715535,optimal
2021-02-12 20:30:00,34,103,0.0,0.0,0.0,2.8247,25.83,6.0,9,20.0,,0.0,0.0,0.0,0.0,40.64275695426017,optimal
2021-02-12 21:00:00,34,103,0.0,0.0,0.0,0.6552333333333333,28.035,6.0,9,19.944060179687,,0.0,0.0,0.0,0.0,40.36359024995526,optimal
2021-02-12 21:30:00,34,103,0.0,0.0,0.0,1.0358333333333332,28.119,6.0,9,19.88400139664481,,0.0,0.0,0.0,0.0,40.323226659705306,optimal
2021-02-12 22:00:00,34,103,0.0,0.0,0.0,3.1411,30.156,6.0,9,19.825120089362308,,0.0,0.0,0.0,0.0,40.2829034330456,optimal
2021-02-12 22:30:00,34,103,0.0,0.0,0.0,1.1966,29.1585,6.0,9,19.767265247183428,,0.0,0.0,0.0,0.0,40.24262052961255,optimal
2021-02-12 23:00:00,34,103,0.0,0.0,0.0,0.073,26.712,6.0,9,19.6979223259287,,0.0,0.0,0.0,0.0,40.20237790908294,optimal
2021-02-12 23:30:00,34,103,0.0,0.0,0.0,0.2248,15.435,6.0,9,19.61352993036432,,0.0,0.0,0.0,0.0,40.16217553117386,optimal
2021-02-13 00:00:00,34,103,2.0,0.0,2.92534343816207,0.0544,8.1585,6.0,-3,19.61352993036432,,6582.0,0.0,418.0,0.0,41.51155148876966,optimal
2021-02-13 00:30:00,34,103,2.0,0.0,0.0,0.067,9.4815,6.0,-3,19.671090703970112,,0.0,0.0,7000.0,0.0,41.47003993728089,optimal
2021-02-13 01:00:00,34,103,2.0,0.0,0.0,0.1573333333333333,8.379,6.0,-3,19.593150084007835,,0.0,0.0,7000.0,0.0,41.4285698973436,optimal
2021-02-13 01:30:00,34,103,2.0,0.0,0.0,0.1288,9.5235,6.0,-3,19.511438770761448,,3304.666666666668,0.0,3695.333333333332,0.0,41.38714132744626,optimal
2021-02-13 02:00:00,34,103,2.0,0.0,5.0,0.064,8.1375,6.0,-3,19.49928893266923,,7000.0,0.0,0.0,0.0,43.7207541861188,optimal
2021-02-13 02:30:00,34,103,2.0,0.0,0.0,0.2461333333333333,10.0905,6.0,-3,19.56384525591092,,7000.0,0.0,0.0,0.0,43.677033431932685,optimal
2021-02-13 03:00:00,34,103,2.0,0.0,5.0,0.1749333333333333,7.539,6.0,-3,19.631942688533638,,7000.0,0.0,0.0,0.0,46.00835639850075,optimal
2021-02-13 03:30:00,34,103,2.0,0.0,5.0,0.064,7.938,6.0,-3,19.698232395668967,,7000.0,0.0,0.0,0.0,48.33734804210225,optimal
2021-02-13 04:00:00,34,103,2.0,0.0,0.0,0.3570666666666666,8.274,6.0,-3,19.761659341383712,,7000.0,0.0,0.0,0.0,48.28901069406015,optimal
2021-02-13 04:30:00,34,103,2.0,0.0,0.0,0.064,9.261,6.0,-3,19.83074087787337,,7000.0,0.0,0.0,0.0,48.24072168336608,optimal
2021-02-13 05:00:00,34,103,2.0,0.0,0.0,0.1573333333333333,9.9225,6.0,-3,19.89288617221584,,7000.0,0.0,0.0,0.0,48.19248096168271,optimal
2021-02-13 05:30:00,34,103,2.0,0.0,0.0,0.1376,9.702,6.0,-3,19.956260569519124,,7000.0,0.0,0.0,0.0,48.144288480721016,optimal
2021-02-13 06:00:00,34,103,2.0,0.0,0.0,0.1253333333333333,10.584,6.0,-3,20.01847839428997,,7000.0,0.0,0.0,0.0,48.096144192240295,optimal
2021-02-13 06:30:00,34,103,2.0,0.0,0.0,0.064,10.143,6.0,-3,20.079702069909423,,7000.0,0.0,0.0,0.0,48.048048048048045,optimal
2021-02-13 07:00:00,34,103,0.0,0.0,0.0,0.3432666666666666,13.0095,6.0,-3,20.13913006731368,,0.0,0.0,0.0,0.0,48.0,optimal
2021-02-13 07:30:00,34,103,2.0,0.0,0.0,0.1166,11.025,6.0,-3,20.066088197883808,,7000.0,0.0,0.0,0.0,47.8036229939838,optimal
2021-02-13 08:00:00,34,103,1.1489905860350558,0.0,0.0,0.0686666666666666,12.789,6.0,-3,20.13462363619119,,4021.467051122695,0.0,0.0,0.0,47.60744236497362,optimal
2021-02-13 08:30:00,34,103,2.0,0.0,0.0,1.1969666666666667,12.1275,6.0,-3,20.13264345428963,,7000.0,0.0,0.0,0.0,47.41145791659245,optimal
2021-02-13 09:00:00,34,103,2.0,0.0,0.0,2.7051,12.1695,6.0,-3,20.202455171814684,,7000.0,0.0,0.0,0.0,47.21566945265966,optimal
2021-02-13 09:30:00,34,103,2.0,0.0,0.0,1.7434666666666667,12.306,6.0,-3,20.275279700774377,,7000.0,0.0,0.0,0.0,47.0200767771908,optimal
2021-02-13 10:00:00,34,103,0.0,0.0,0.0,0.1901333333333333,13.23,6.0,-3,20.345036708314048,,0.0,0.0,0.0,0.0,46.82467969439741,optimal
2021-02-13 10:30:00,34,103,0.0,0.0,0.0,0.3238999999999999,13.671,6.0,-3,20.26560074391996,,0.0,0.0,0.0,0.0,46.62947800868682,optimal
2021-02-13 11:00:00,34,103,0.0,0.0,0.0,0.3062666666666666,13.9335,6.0,-3,20.19043651248624,,0.0,0.0,0.0,0.0,46.43447152466193,optimal
2021-02-13 11:30:00,34,103,0.0,0.0,0.0,0.0921666666666666,13.293,6.0,-3,20.10400487279328,,0.0,0.0,0.0,0.0,46.23966004712107,optimal
2021-02-13 12:00:00,34,103,2.0,0.0,0.0,0.2488,12.1065,6.0,-3,20.02042141836061,,7000.0,0.0,0.0,0.0,46.04504338105775,optimal
2021-02-13 12:30:00,34,103,2.0,0.0,0.0,1.1621333333333337,11.571,6.0,-3,20.08957949793541,,7000.0,0.0,0.0,0.0,45.8506213316605,optimal
2021-02-13 13:00:00,34,103,2.0,0.0,0.0,0.3882666666666666,11.025,6.0,-3,20.17681005926089,,7000.0,0.0,0.0,0.0,45.65639370431264,optimal
2021-02-13 13:30:00,34,103,2.0,0.0,0.0,1.2229666666666668,10.8465,6.0,-3,20.25591752140951,,7000.0,0.0,0.0,0.0,45.46236030459213,optimal
2021-02-13 14:00:00,34,103,2.0,0.0,0.0,0.3006666666666667,11.2455,6.0,-3,20.33852880975197,,7000.0,0.0,0.0,0.0,45.268520938271344,optimal
2021-02-13 14:30:00,34,103,0.0,0.0,0.0,1.0308,23.8665,6.0,-3,20.415260455022405,,0.0,0.0,0.0,0.0,45.07487541131688,optimal
2021-02-13 15:00:00,34,103,0.0,0.0,0.0,2.8266,27.4575,6.0,-3,20.34681813160477,,0.0,0.0,0.0,0.0,44.88142352988936,optimal
2021-02-13 15:30:00,34,103,0.0,0.0,0.0,3.179933333333333,27.3735,6.0,-3,20.288538421888692,,0.0,0.0,0.0,0.0,44.68816510034328,optimal
2021-02-13 16:00:00,34,103,0.0,0.0,0.0,0.346,30.4605,6.0,-3,20.23776855693752,,0.0,0.0,0.0,0.0,44.49509992922673,optimal
2021-02-13 16:30:00,34,103,0.0,0.0,0.0,1.7409,30.0195,6.0,-3,20.174494961970275,,0.0,0.0,0.0,0.0,44.30222782328131,optimal
2021-02-13 17:00:00,34,103,0.0,0.0,0.0,0.4145,26.9325,6.0,-3,20.124405442753684,,0.0,0.0,0.0,0.0,44.10954858944183,optimal
2021-02-13 17:30:00,34,103,0.0,0.0,0.0,0.5305333333333333,14.595,6.0,-3,20.06124309370257,,0.0,0.0,0.0,0.0,43.91706203483619,optimal
2021-02-13 18:00:00,34,103,0.9223448553012522,0.0,0.0,0.4400666666666666,12.4845,6.0,-3,20.0,,3228.2069935543827,0.0,0.0,0.0,43.72476796678516,optimal
2021-02-13 18:30:00,34,103,0.9122998343160204,0.0,0.0,0.5268999999999999,12.1275,6.0,-3,20.0,,3193.049420106071,0.0,0.0,0.0,43.532666192802175,optimal
2021-02-13 19:00:00,34,103,1.9078267910571016,0.0,0.0,0.3561333333333333,12.1275,6.0,-3,20.0,,6677.393768699857,0.0,0.0,0.0,43.340756520593175,optimal
2021-02-13 19:30:00,34,103,0.0,0.0,0.0,0.256,12.789,6.0,-3,20.070027028758847,,0.0,0.0,0.0,0.0,43.14903875805639,optimal
2021-02-13 20:00:00,34,103,0.9759604436756184,0.0,0.0,0.3494666666666666,11.907,6.0,-3,20.0,,3206.8615528646646,0.0,209.0,0.0,42.95751271328213,optimal
2021-02-13 20:30:00,34,103,1.433142857142857,0.0,0.0,0.3161333333333333,11.025,6.0,-3,20.0,,0.0,0.0,5016.0,0.0,42.91455520056885,optimal
2021-02-13 21:00:00,34,103,0.1791428571428571,0.0,0.0,0.2426666666666666,8.2005,6.0,-3,19.936476292001128,,0.0,0.0,627.0,0.0,42.87164064536828,optimal
2021-02-13 21:30:00,34,103,0.0,0.0,0.0,0.3967333333333333,9.5655,6.0,-3,19.87086488155435,,0.0,0.0,0.0,0.0,42.82876900472292,optimal
2021-02-13 22:00:00,34,103,0.0796190476190476,0.0,0.0,0.3515333333333333,7.056,6.0,-3,19.807007626069336,,0.0,0.0,278.66666666666663,0.0,42.78594023571819,optimal
2021-02-13 22:30:00,34,103,0.0,0.0,0.0,0.3501333333333333,9.3975,6.0,-3,19.741475876232407,,0.0,0.0,0.0,0.0,42.74315429548248,optimal
2021-02-13 23:00:00,34,103,0.0,0.0,0.0,0.3470666666666667,10.059,6.0,-3,19.677038723349536,,0.0,0.0,0.0,0.0,42.700411141187,optimal
2021-02-13 23:30:00,34,103,0.0,0.0,0.0,0.1966,9.261,6.0,-3,19.61062135044268,,0.0,0.0,0.0,0.0,42.65771073004581,optimal
2021-02-07 00:00:00,35,103,2.0,0.0,0.9131237386908037,0.0984,0.882,6.0,-9,21.0,,6721.333333333333,0.0,278.6666666666667,0.0,48.38573377587813,optimal
2021-02-07 00:30:00,35,103,2.0,0.0,0.0,0.2433666666666666,1.5435,6.0,-9,21.06899103518946,,3795.3333333333335,0.0,3204.6666666666665,0.0,48.33734804210225,optimal
2021-02-07 01:00:00,35,103,2.0,0.0,0.0,0.3678666666666667,1.5435,6.0,-9,21.081204486556796,,7000.0,0.0,0.0,0.0,48.28901069406015,optimal
2021-02-07 01:30:00,35,103,2.0,0.0,0.0,0.1785333333333333,5.0715,6.0,-9,21.16387680261746,,7000.0,0.0,0.0,0.0,48.24072168336608,optimal
2021-02-07 02:00:00,35,103,2.0,0.0,0.0,0.1977666666666666,5.376,6.0,-9,21.239011117090516,,7000.0,0.0,0.0,0.0,48.19248096168271,optimal
2021-02-07 02:30:00,35,103,2.0,0.0,0.0,0.2690666666666667,5.0715,6.0,-9,21.316585840147283,,7000.0,0.0,0.0,0.0,48.144288480721016,optimal
2021-02-07 03:00:00,35,103,2.0,0.0,0.0,0.052,5.5125,6.0,-9,21.3944250254091,,7000.0,0.0,0.0,0.0,48.096144192240295,optimal
2021-02-07 03:30:00,35,103,2.0,0.0,0.0,0.2246666666666666,9.261,6.0,-9,21.46517526732725,,7000.0,0.0,0.0,0.0,48.048048048048045,optimal
2021-02-07 04:00:00,35,103,0.0,0.0,0.0,0.4378,11.7075,6.0,-9,21.54180860328548,,0.0,0.0,0.0,0.0,48.0,optimal
2021-02-07 04:30:00,35,103,0.0,0.0,0.0,0.0593333333333333,12.348,6.0,-9,21.47361601605112,,0.0,0.0,0.0,0.0,47.789450769882485,optimal
2021-02-07 05:00:00,35,103,0.0,0.0,0.0,0.2265666666666666,12.348,6.0,-9,21.39644255030784,,0.0,0.0,0.0,0.0,47.57911208899509,optimal
2021-02-07 05:30:00,35,103,0.0,0.0,0.0,0.3025,12.1275,6.0,-9,21.321409463115437,,0.0,0.0,0.0,0.0,47.36898374678858,optimal
2021-02-07 06:00:00,35,103,0.0,0.0,0.0,0.2964,12.5265,6.0,-9,21.2509735907064,,0.0,0.0,0.0,0.0,47.15906553292428,optimal
2021-02-07 06:30:00,35,103,0.0,0.0,0.0,0.2501666666666666,11.7495,6.0,-9,21.182917396752565,,0.0,0.0,0.0,0.0,46.94935723727384,optimal
2021-02-07 07:00:00,35,103,0.0,0.0,0.0,1.4082,13.23,6.0,-9,21.11433616459811,,0.0,0.0,0.0,0.0,46.73985864991906,optimal
2021-02-07 07:30:00,35,103,0.0,0.0,0.0,0.3323,14.3325,6.0,-9,21.04483245876249,,0.0,0.0,0.0,0.0,46.53056956115162,optimal
2021-02-07 08:00:00,35,103,0.0,0.0,0.0,0.2501333333333333,14.994,6.0,-9,20.97110614971056,,0.0,0.0,0.0,0.0,46.32148976147296,optimal
2021-02-07 08:30:00,35,103,0.0,0.0,0.0,0.3177666666666666,14.8155,6.0,-9,20.903135762996506,,0.0,0.0,0.0,0.0,46.11261904159397,optimal
2021-02-07 09:00:00,35,103,0.0,0.0,0.0,0.2881,14.112,6.0,-9,20.83505183511441,,0.0,0.0,0.0,0.0,45.90395719243487,optimal
2021-02-07 09:30:00,35,103,0.0,0.0,0.0,1.5777,14.007,6.0,-9,20.765531933854884,,0.0,0.0,0.0,0.0,45.69550400512492,optimal
2021-02-07 10:00:00,35,103,0.0,0.0,0.0,0.312,13.23,6.0,-9,20.69897014161201,,0.0,0.0,0.0,0.0,45.48725927100228,optimal
2021-02-07 10:30:00,35,103,2.0,0.0,0.0,0.2817,11.382,6.0,-9,20.623224074876426,,7000.0,0.0,0.0,0.0,45.27922278161377,optimal
2021-02-07 11:00:00,35,103,0.0,0.0,0.0,0.3174666666666666,11.7495,6.0,-9,20.69380640068966,,0.0,0.0,0.0,0.0,45.07139432871464,optimal
2021-02-07 11:30:00,35,103,0.0,0.0,0.0,0.5638333333333334,24.3285,6.0,-9,20.61398911230864,,0.0,0.0,0.0,0.0,44.86377370426841,optimal
2021-02-07 12:00:00,35,103,0.0,0.0,0.0,0.173,28.917,6.0,-9,20.54039029343565,,0.0,0.0,0.0,0.0,44.65636070044663,optimal
2021-02-07 12:30:00,35,103,0.0,0.0,0.0,1.2718,31.3635,6.0,-9,20.461100883416805,,0.0,0.0,0.0,0.0,44.44915510962867,optimal
2021-02-07 13:00:00,35,103,0.0,0.0,0.0,0.4451,33.306,6.0,-9,20.404866330640274,,0.0,0.0,0.0,0.0,44.242156724401525,optimal
2021-02-07 13:30:00,35,103,0.0,0.0,0.0,0.3442,31.3425,6.0,-9,20.33181782150552,,0.0,0.0,0.0,0.0,44.03536533755961,optimal
2021-02-07 14:00:00,35,103,0.0,0.0,0.0,0.3303,28.2555,6.0,-9,20.25848412475292,,0.0,0.0,0.0,0.0,43.82878074210454,optimal
2021-02-07 14:30:00,35,103,0.0,0.0,0.0,0.4172333333333333,15.6975,6.0,-9,20.18541384506517,,0.0,0.0,0.0,0.0,43.622402731244925,optimal
2021-02-07 15:00:00,35,103,0.0,0.0,0.0,0.2056666666666666,12.5475,6.0,-9,20.11681586869059,,0.0,0.0,0.0,0.0,43.41623109839617,optimal
2021-02-07 15:30:00,35,103,0.7083762282666766,0.0,0.0,0.3172,12.0855,6.0,-9,20.04184999724676,,2479.316798933368,0.0,0.0,0.0,43.21026563718026,optimal
2021-02-07 16:00:00,35,103,2.0,0.0,0.0,0.1918,11.907,6.0,-9,20.0299500067496,,7000.0,0.0,0.0,0.0,43.004506141425566,optimal
2021-02-07 16:30:00,35,103,0.0,0.0,0.0,0.2681,12.5685,6.0,-9,20.11613622589548,,0.0,0.0,0.0,0.0,42.798952405166624,optimal
2021-02-07 17:00:00,35,103,0.0,0.0,0.0,0.5268333333333334,13.146,6.0,-9,20.05699536906983,,0.0,0.0,0.0,0.0,42.59360422264395,optimal
2021-02-07 17:30:00,35,103,0.8147231829851729,0.0,0.0,0.3844666666666665,10.584,6.0,-9,20.0,,2851.5311404481054,0.0,0.0,0.0,42.38846138830379,optimal
2021-02-07 18:00:00,35,103,2.0,0.0,0.0,0.5229333333333333,6.678,6.0,-9,20.0,,2889.666666666667,0.0,4110.333333333333,0.0,42.18352369679797,optimal
2021-02-07 18:30:00,35,103,1.2261663050428444,0.0,0.0,0.2481999999999999,7.938,6.0,-9,20.00709441606664,,4291.582067649955,0.0,0.0,0.0,41.97879094298366,optimal
2021-02-07 19:00:00,35,103,2.0,0.0,0.0,0.2551333333333333,5.292,6.0,-9,20.034739549706654,,7000.0,0.0,0.0,0.0,41.77426292192316,optimal
2021-02-07 19:30:00,35,103,0.0,0.0,0.0,0.6464,9.261,6.0,-9,20.120335103468744,,0.0,0.0,0.0,0.0,41.56993942888372,optimal
2021-02-07 20:00:00,35,103,0.0,0.0,0.0,0.308,10.3635,6.0,-9,20.0650114988512,,0.0,0.0,0.0,0.0,41.365820259337326,optimal
2021-02-07 20:30:00,35,103,0.0,0.0,0.0,0.4229,8.274,6.0,-9,20.0,,0.0,0.0,0.0,0.0,41.16190520896048,optimal
2021-02-07 21:00:00,35,103,0.1393333333333333,0.0,0.0,0.3616,7.7175,6.0,-9,19.934213694148863,,0.0,0.0,487.6666666666667,0.0,40.958194073634,optimal
2021-02-07 21:30:00,35,103,0.0,0.0,0.0,0.3389333333333333,6.615,6.0,-9,19.869380826431225,,0.0,0.0,0.0,0.0,40.75468664944286,optimal
2021-02-07 22:00:00,35,103,0.0,0.0,0.0,0.4079,6.174,6.0,-9,19.80550236599444,,0.0,0.0,0.0,0.0,40.551382732675904,optimal
2021-02-07 22:30:00,35,103,0.0,0.0,0.0,0.1835999999999999,3.906,6.0,-9,19.745319657854026,,0.0,0.0,0.0,0.0,40.34828211982572,optimal
2021-02-07 23:00:00,35,103,0.0,0.0,0.0,0.063,2.3415,6.0,-9,19.681369002951374,,0.0,0.0,0.0,0.0,40.307933837705896,optimal
2021-02-07 23:30:00,35,103,0.0,0.0,0.0,0.1086333333333333,2.205,6.0,-9,19.60683032280928,,0.0,0.0,0.0,0.0,40.26762590386819,optimal
2021-02-08 00:00:00,35,103,2.0,0.0,0.0,0.047,8.6835,6.0,-2,19.60683032280928,,7000.0,0.0,0.0,0.0,40.22735827796433,optimal
2021-02-08 00:30:00,35,103,2.0,0.0,0.0,0.1845333333333333,7.665,6.0,-2,19.678098516215247,,0.0,0.0,7000.0,0.0,40.18713091968636,optimal
2021-02-08 01:00:00,35,103,2.0,0.0,0.0,0.3964,6.7725,6.0,-2,19.608252647562463,,0.0,0.0,7000.0,0.0,40.14694378876668,optimal
2021-02-08 01:30:00,35,103,2.0,0.0,2.0889821661382104,0.192,5.5755,6.0,-2,19.54406062752065,,6370.0,0.0,630.0,0.0,41.09906337389355,optimal
2021-02-08 02:00:00,35,103,2.0,0.0,5.0,0.5086,5.0925,6.0,-2,19.61007222669199,,7000.0,0.0,0.0,0.0,43.43296431051965,optimal
2021-02-08 02:30:00,35,103,2.0,0.0,5.0,0.2080333333333333,4.1895,6.0,-2,19.694894141978317,,7000.0,0.0,0.0,0.0,45.764531346209125,optimal
2021-02-08 03:00:00,35,103,2.0,0.0,0.0,0.432,7.056,6.0,-2,19.77376599140368,,7000.0,0.0,0.0,0.0,45.71876681486292,optimal
2021-02-08 03:30:00,35,103,2.0,0.0,5.0,0.198,5.271,6.0,-2,19.8575147504242,,7000.0,0.0,0.0,0.0,48.048048048048045,optimal
2021-02-08 04:00:00,35,103,2.0,0.0,0.0,0.264,7.938,6.0,-2,19.9353604511452,,7000.0,0.0,0.0,0.0,48.0,optimal
2021-02-08 04:30:00,35,103,2.0,0.0,0.0,0.1983333333333332,7.938,6.0,-2,20.01247459353836,,7000.0,0.0,0.0,0.0,47.738301708818014,optimal
2021-02-08 05:00:00,35,103,2.0,0.0,0.0,0.2963,11.907,6.0,-2,20.085770806849656,,7000.0,0.0,0.0,0.0,47.47686511592721,optimal
2021-02-08 05:30:00,35,103,2.0,0.0,0.0,0.256,11.025,6.0,-2,20.162034117923007,,7000.0,0.0,0.0,0.0,47.2156899596293,optimal
2021-02-08 06:00:00,35,103,2.0,0.0,0.0,0.2277333333333333,11.2875,6.0,-2,20.23654368452654,,7000.0,0.0,0.0,0.0,46.95477597848769,optimal
2021-02-08 06:30:00,35,103,2.0,0.0,0.0,0.208,12.936,6.0,-2,20.312911994339863,,7000.0,0.0,0.0,0.0,46.69412291132722,optimal
2021-02-08 07:00:00,35,103,2.0,0.0,0.0,0.4124,13.0095,6.0,-2,20.388629124706604,,7000.0,0.0,0.0,0.0,46.43373049723391,optimal
2021-02-08 07:30:00,35,103,0.0,0.0,0.0,0.1985,13.671,6.0,-2,20.46647949037324,,0.0,0.0,0.0,0.0,46.17359847555469,optimal
2021-02-08 08:00:00,35,103,0.0,0.0,0.0,0.2613999999999999,13.188,6.0,-2,20.39366732117393,,0.0,0.0,0.0,0.0,45.91372658589715,optimal
2021-02-08 08:30:00,35,103,0.0,0.0,0.0,0.3663333333333333,13.8495,6.0,-2,20.32369927923573,,0.0,0.0,0.0,0.0,45.65411456812927,optimal
2021-02-08 09:00:00,35,103,2.0,0.0,0.0,0.0871666666666666,13.23,6.0,-2,20.253315723086317,,7000.0,0.0,0.0,0.0,45.39476216237916,optimal
2021-02-08 09:30:00,35,103,1.839329796342724,0.0,0.0,0.1263333333333333,13.3665,6.0,-2,20.32158946138877,,6437.654287199533,0.0,0.0,0.0,45.1356691090348,optimal
2021-02-08 10:00:00,35,103,2.0,0.0,0.0,0.1457333333333333,13.0515,6.0,-2,20.37914435039021,,7000.0,0.0,0.0,0.0,44.87683514874377,optimal
2021-02-08 10:30:00,35,103,0.0,0.0,0.0,0.0783333333333333,13.5345,6.0,-2,20.44757884343452,,0.0,0.0,0.0,0.0,44.61826002241305,optimal
2021-02-08 11:00:00,35,103,0.0,0.0,0.0,1.055233333333333,14.154,6.0,-2,20.364587734101903,,0.0,0.0,0.0,0.0,44.35994347120865,optimal
2021-02-08 11:30:00,35,103,0.0,0.0,0.0,0.8018333333333334,14.112,6.0,-2,20.296542596584462,,0.0,0.0,0.0,0.0,44.10188523655546,optimal
2021-02-08 12:00:00,35,103,0.0,0.0,0.0,0.092,14.2485,6.0,-2,20.220794054211456,,0.0,0.0,0.0,0.0,43.84408506013692,optimal
2021-02-08 12:30:00,35,103,2.0,0.0,0.0,0.092,12.789,6.0,-2,20.134146870419848,,7000.0,0.0,0.0,0.0,43.5865426838948,optimal
2021-02-08 13:00:00,35,103,2.0,0.0,0.0,0.2742666666666666,13.0095,6.0,-2,20.19615296864277,,7000.0,0.0,0.0,0.0,43.32925785002892,optimal
2021-02-08 13:30:00,35,103,2.0,0.0,0.0,0.3815333333333333,12.1275,6.0,-2,20.265884702089654,,7000.0,0.0,0.0,0.0,43.07223030099691,optimal
2021-02-08 14:00:00,35,103,2.0,0.0,0.0,0.5494,12.348,6.0,-2,20.341183354915128,,7000.0,0.0,0.0,0.0,42.81545977951392,optimal
2021-02-08 14:30:00,35,103,2.0,0.0,0.0,0.4038,12.348,6.0,-2,20.418345463889366,,7000.0,0.0,0.0,0.0,42.55894602855243,optimal
2021-02-08 15:00:00,35,103,0.0,0.0,0.0,0.4003333333333333,25.389,6.0,-2,20.493166271704577,,0.0,0.0,0.0,0.0,42.30268879134189,optimal
2021-02-08 15:30:00,35,103,0.0,0.0,0.0,0.059,29.1375,6.0,-2,20.421239374317317,,0.0,0.0,0.0,0.0,42.04668781136856,optimal
2021-02-08 16:00:00,35,103,0.0,0.0,0.0,0.3520333333333333,30.597,6.0,-2,20.33457600771613,,0.0,0.0,0.0,0.0,41.79094283237521,optimal
2021-02-08 16:30:00,35,103,0.0,0.0,0.0,0.32,33.684,6.0,-2,20.26293883530402,,0.0,0.0,0.0,0.0,41.535453598360846,optimal
2021-02-08 17:00:00,35,103,0.0,0.0,0.0,0.386,32.445,6.0,-2,20.19293541913776,,0.0,0.0,0.0,0.0,41.2802198535805,optimal
2021-02-08 17:30:00,35,103,0.0,0.0,0.0,1.6661333333333337,28.917,6.0,-2,20.124479757508816,,0.0,0.0,0.0,0.0,41.02524134254493,optimal
2021-02-08 18:00:00,35,103,0.0,0.0,0.0,1.507266666666667,15.876,6.0,-2,20.06423144350466,,0.0,0.0,0.0,0.0,40.7705178100204,optimal
2021-02-08 18:30:00,35,103,1.0997915986511102,0.0,0.0,0.1680666666666666,12.348,6.0,-2,20.0,,3500.937261945553,0.0,348.3333333333333,0.0,40.5160490010284,optimal
2021-02-08 19:00:00,35,103,1.991946937292265,0.0,0.0,0.5471,12.1275,6.0,-2,20.0,,6623.480947189593,0.0,348.3333333333333,0.0,40.26183466084539,optimal
2021-02-08 19:30:00,35,103,0.0,0.0,0.0,0.2838,12.348,6.0,-2,20.074104580947555,,0.0,0.0,0.0,0.0,40.00787453500256,optimal
2021-02-08 20:00:00,35,103,0.9418598270582856,0.0,0.0,1.5151333333333334,12.1275,6.0,-2,20.0,,3296.5093947039995,0.0,0.0,0.0,39.75416836928557,optimal
2021-02-08 20:30:00,35,103,0.0398095238095238,0.0,0.0,0.3831666666666667,12.1275,6.0,-2,20.0,,0.0,0.0,139.33333333333331,0.0,39.5007159097343,optimal
2021-02-08 21:00:00,35,103,0.0,0.0,0.0,0.259,11.2665,6.0,-2,19.93012525706736,,0.0,0.0,0.0,0.0,39.24751690264259,optimal
2021-02-08 21:30:00,35,103,0.0,0.0,0.0,0.3314,10.143,6.0,-2,19.855306633935697,,0.0,0.0,0.0,0.0,38.99457109455796,optimal
2021-02-08 22:00:00,35,103,0.0,0.0,0.0,0.5811000000000001,11.2455,6.0,-2,19.78284674752156,,0.0,0.0,0.0,0.0,38.95557652346341,optimal
2021-02-08 22:30:00,35,103,0.0,0.0,0.0,1.0375333333333332,11.025,6.0,-2,19.72156035062677,,0.0,0.0,0.0,0.0,38.91662094693994,optimal
2021-02-08 23:00:00,35,103,0.0,0.0,0.0,0.1086666666666666,5.9745,6.0,-2,19.67123656525465,,0.0,0.0,0.0,0.0,38.877704325993,optimal
2021-02-08 23:30:00,35,103,0.0,0.0,0.0,0.0963333333333333,7.938,6.0,-2,19.59540957469216,,0.0,0.0,0.0,0.0,38.83882662166701,optimal
2021-02-09 00:00:00,35,103,0.0,0.0,0.0,0.0714,14.3325,6.0,7,19.59540957469216,,0.0,0.0,0.0,0.0,38.79998779504535,optimal
2021-02-09 00:30:00,35,103,0.0,0.0,0.0,0.2522666666666667,13.335,6.0,7,19.51572524458318,,0.0,0.0,0.0,0.0,38.7611878072503,optimal
2021-02-09 01:00:00,35,103,2.0,0.0,0.0,0.064,12.1275,6.0,7,19.440436568236592,,0.0,0.0,7000.0,0.0,38.72242661944305,optimal
2021-02-09 01:30:00,35,103,2.0,0.0,0.0,0.2362,12.2955,6.0,7,19.36175319676285,,0.0,0.0,7000.0,0.0,38.683704192823605,optimal
2021-02-09 02:00:00,35,103,2.0,0.0,0.0,0.0874666666666666,11.6865,6.0,7,19.2865979987319,,2329.333333333333,0.0,4670.666666666667,0.0,38.645020488630784,optimal
2021-02-09 02:30:00,35,103,2.0,0.0,0.0,0.064,11.466,6.0,7,19.257232606984385,,7000.0,0.0,0.0,0.0,38.60637546814216,optimal
2021-02-09 03:00:00,35,103,2.0,0.0,5.0,0.2068666666666666,10.8045,6.0,7,19.326052726016524,,7000.0,0.0,0.0,0.0,40.94276909267401,optimal
2021-02-09 03:30:00,35,103,2.0,0.0,5.0,0.1168,10.584,6.0,7,19.39779486573405,,7000.0,0.0,0.0,0.0,43.27682632358134,optimal
2021-02-09 04:00:00,35,103,2.0,0.0,0.694683660971347,0.1269,11.2455,6.0,7,19.467769262336933,,7000.0,0.0,0.0,0.0,43.563524236219145,optimal
2021-02-09 04:30:00,35,103,2.0,0.0,0.0,0.1967666666666666,12.1275,6.0,7,19.53809248469721,,7000.0,0.0,0.0,0.0,43.51996071198292,optimal
2021-02-09 05:00:00,35,103,2.0,0.0,0.0,0.1306,11.823,6.0,7,19.609113726449653,,7000.0,0.0,0.0,0.0,43.47644075127093,optimal
2021-02-09 05:30:00,35,103,2.0,0.0,0.0,0.1637333333333333,11.7705,6.0,7,19.67796626375936,,7000.0,0.0,0.0,0.0,43.43296431051965,optimal
2021-02-09 06:00:00,35,103,2.0,0.0,5.0,0.1357,11.13,6.0,7,19.74720390912601,,7000.0,0.0,0.0,0.0,45.764531346209125,optimal
2021-02-09 06:30:00,35,103,2.0,0.0,0.0,0.1292333333333333,11.6865,6.0,7,19.81550224814584,,7000.0,0.0,0.0,0.0,45.71876681486292,optimal
2021-02-09 07:00:00,35,103,2.0,0.0,5.0,0.3478,10.7205,6.0,7,19.88295235909009,,7000.0,0.0,0.0,0.0,48.048048048048045,optimal
2021-02-09 07:30:00,35,103,2.0,0.0,0.0,0.4014,11.424,6.0,7,19.960728839844705,,7000.0,0.0,0.0,0.0,48.0,optimal
2021-02-09 08:00:00,35,103,2.0,0.0,0.0,0.2575333333333333,10.689,6.0,7,20.04021853891149,,7000.0,0.0,0.0,0.0,47.87850739210612,optimal
2021-02-09 08:30:00,35,103,2.0,0.0,0.0,0.4865666666666666,11.361,6.0,7,20.115728670514404,,7000.0,0.0,0.0,0.0,47.75713627682014,optimal
2021-02-09 09:00:00,35,103,2.0,0.0,0.0,0.2554666666666667,11.571,6.0,7,20.18739261962985,,7000.0,0.0,0.0,0.0,47.63588653264944,optimal
2021-02-09 09:30:00,35,103,0.0,0.0,0.0,0.3254666666666666,14.3745,6.0,7,20.254581588743616,,0.0,0.0,0.0,0.0,47.51475803822292,optimal
2021-02-09 10:00:00,35,103,2.0,0.0,0.0,0.3818666666666667,13.23,6.0,7,20.17686321990649,,7000.0,0.0,0.0,0.0,47.39375067229082,optimal
2021-02-09 10:30:00,35,103,2.0,0.0,0.0,1.2529666666666668,13.9755,6.0,7,20.248414783313383,,7000.0,0.0,0.0,0.0,47.272864313724654,optimal
2021-02-09 11:00:00,35,103,0.0,0.0,0.0,0.487,14.994,6.0,7,20.34220733086416,,0.0,0.0,0.0,0.0,47.15209884151705,optimal
2021-02-09 11:30:00,35,103,2.0,0.0,0.0,0.5095333333333334,13.671,6.0,7,20.27258412757856,,7000.0,0.0,0.0,0.0,47.03145413478166,optimal
2021-02-09 12:00:00,35,103,0.0,0.0,0.0,0.4181333333333333,15.981,6.0,7,20.35314675585749,,0.0,0.0,0.0,0.0,46.91093007275301,optimal
2021-02-09 12:30:00,35,103,0.0,0.0,0.0,0.3229333333333333,15.6345,6.0,7,20.283007690551496,,0.0,0.0,0.0,0.0,46.79052653478637,optimal
2021-02-09 13:00:00,35,103,0.0,0.0,0.0,0.3862333333333334,16.5375,6.0,7,20.20986768488949,,0.0,0.0,0.0,0.0,46.67024340035771,optimal
2021-02-09 13:30:00,35,103,0.1538597386056661,0.0,0.0,0.4357333333333333,14.7735,6.0,7,20.135683306121752,,538.5090851198314,0.0,0.0,0.0,46.55008054906348,optimal
2021-02-09 14:00:00,35,103,0.0,0.0,0.0,0.3591,15.2145,6.0,7,20.073978055083508,,0.0,0.0,0.0,0.0,46.430037860620544,optimal
2021-02-09 14:30:00,35,103,0.9961698656408372,0.0,0.0,0.4126666666666667,14.553,6.0,7,20.0,,3486.59452974293,0.0,0.0,0.0,46.310115214866045,optimal
2021-02-09 15:00:00,35,103,2.0,0.0,0.0,0.3093999999999999,14.3325,6.0,7,20.0,,7000.0,0.0,0.0,0.0,46.1903124917573,optimal
2021-02-09 15:30:00,35,103,1.0290534416422936,0.0,0.0,0.2989333333333333,14.595,6.0,7,20.06875827271199,,3601.6870457480272,0.0,0.0,0.0,46.07062957137167,optimal
2021-02-09 16:00:00,35,103,0.0,0.0,0.0,0.538,14.994,6.0,7,20.06646444281491,,0.0,0.0,0.0,0.0,45.95106633390642,optimal
2021-02-09 16:30:00,35,103,0.8053396100588668,0.0,0.0,0.4914666666666666,14.3325,6.0,7,20.0,,2818.6886352060337,0.0,0.0,0.0,45.83162265967864,optimal
2021-02-09 17:00:00,35,103,0.4873295946834583,0.0,0.0,2.0499333333333336,13.8915,6.0,7,20.0,,1705.653581392104,0.0,0.0,0.0,45.712298429125084,optimal
2021-02-09 17:30:00,35,103,0.6121519336653642,0.0,0.0,0.9010333333333332,13.8915,6.0,7,20.0,,2142.5317678287747,0.0,0.0,0.0,45.593093522802086,optimal
2021-02-09 18:00:00,35,103,1.7376274035070811,0.0,0.0,1.6603666666666663,13.4715,6.0,7,20.0,,6081.695912274784,0.0,0.0,0.0,45.474007821385406,optimal
2021-02-09 18:30:00,35,103,2.0,0.0,0.0,0.8883,13.23,6.0,7,20.09755501209215,,7000.0,0.0,0.0,0.0,45.35504120567015,optimal
2021-02-09 19:00:00,35,103,0.0,0.0,0.0,2.5601333333333334,13.8915,6.0,7,20.19228790673218,,0.0,0.0,0.0,0.0,45.236193556570605,optimal
2021-02-09 19:30:00,35,103,0.0,0.0,0.0,0.4245333333333334,26.9325,6.0,7,20.13200228734395,,0.0,0.0,0.0,0.0,45.11746475512016,optimal
2021-02-09 20:00:00,35,103,0.0,0.0,0.0,0.2134666666666666,30.303,6.0,7,20.06761596011356,,0.0,0.0,0.0,0.0,44.99885468247116,optimal
2021-02-09 20:30:00,35,103,0.0,0.0,0.0,0.3743666666666667,32.886,6.0,7,20.0,,0.0,0.0,0.0,0.0,44.88036321989482,optimal
2021-02-09 21:00:00,35,103,0.0,0.0,0.0,1.6306333333333334,34.9965,6.0,7,19.936468536411468,,0.0,0.0,0.0,0.0,44.83548285667492,optimal
2021-02-09 21:30:00,35,103,0.0,0.0,0.0,1.0586333333333335,33.327,6.0,7,19.88679709235629,,0.0,0.0,0.0,0.0,44.790647373818246,optimal
2021-02-09 22:00:00,35,103,0.0,0.0,0.0,0.3405666666666667,31.122,6.0,7,19.832585396247534,,0.0,0.0,0.0,0.0,44.74585672644443,optimal
2021-02-09 22:30:00,35,103,0.0,0.0,0.0,0.084,17.9025,6.0,7,19.768672417718296,,0.0,0.0,0.0,0.0,44.70111086971799,optimal
2021-02-09 23:00:00,35,103,0.0,0.0,0.0,0.1975666666666666,15.6555,6.0,7,19.69199061219074,,0.0,0.0,0.0,0.0,44.65640975884827,optimal
2021-02-09 23:30:00,35,103,0.0,0.0,0.0,0.2119,14.553,6.0,7,19.61522183734601,,0.0,0.0,0.0,0.0,44.61175334908942,optimal
2021-02-10 00:00:00,35,103,0.0,0.0,0.0,0.0756,17.4195,6.0,7,19.61522183734601,,0.0,0.0,0.0,0.0,44.56714159574033,optimal
2021-02-10 00:30:00,35,103,0.0,0.0,0.0,0.207,16.758,6.0,7,19.534628700438454,,0.0,0.0,0.0,0.0,44.52257445414459,optimal
2021-02-10 01:00:00,35,103,2.0,0.0,0.0,0.061,14.217,6.0,7,19.45671354433505,,0.0,0.0,7000.0,0.0,44.47805187969045,optimal
2021-02-10 01:30:00,35,103,2.0,0.0,0.0,0.061,13.3665,6.0,7,19.375624836760007,,1808.333333333333,0.0,5191.666666666667,0.0,44.433573827810754,optimal
2021-02-10 02:00:00,35,103,2.0,0.0,0.0,0.2216,12.789,6.0,7,19.332516488771915,,7000.0,0.0,0.0,0.0,44.389140253982944,optimal
2021-02-10 02:30:00,35,103,2.0,0.0,0.0,0.061,11.907,6.0,7,19.40181743744274,,7000.0,0.0,0.0,0.0,44.34475111372896,optimal
2021-02-10 03:00:00,35,103,2.0,0.0,0.0,0.061,11.7075,6.0,7,19.467423294197467,,7000.0,0.0,0.0,0.0,44.300406362615234,optimal
2021-02-10 03:30:00,35,103,2.0,0.0,0.0,0.2216,10.8045,6.0,7,19.532731517990225,,7000.0,0.0,0.0,0.0,44.25610595625262,optimal
2021-02-10 04:00:00,35,103,2.0,0.0,0.0,0.061,11.508,6.0,7,19.60112415458155,,7000.0,0.0,0.0,0.0,44.21184985029637,optimal
2021-02-10 04:30:00,35,103,2.0,0.0,0.0,0.1559,11.508,6.0,7,19.66582581998056,,7000.0,0.0,0.0,0.0,44.16763800044607,optimal
2021-02-10 05:00:00,35,103,2.0,0.0,0.0,0.1267,11.508,6.0,7,19.73177796986802,,7000.0,0.0,0.0,0.0,44.12347036244562,optimal
2021-02-10 05:30:00,35,103,2.0,0.0,0.0,0.061,11.844,6.0,7,19.796362575583306,,7000.0,0.0,0.0,0.0,44.07934689208318,optimal
2021-02-10 06:00:00,35,103,2.0,0.0,0.0,0.134,11.508,6.0,7,19.8588175013555,,7000.0,0.0,0.0,0.0,44.0352675451911,optimal
2021-02-10 06:30:00,35,103,2.0,0.0,0.0,0.1485999999999999,11.508,6.0,7,19.92207210043013,,7000.0,0.0,0.0,0.0,43.99123227764591,optimal
2021-02-10 07:00:00,35,103,2.0,0.0,5.0,0.0596666666666666,10.4475,6.0,7,19.986254405967244,,7000.0,0.0,0.0,0.0,46.32224104536826,optimal
2021-02-10 07:30:00,35,103,2.0,0.0,3.6296446224781223,0.2668999999999999,10.8675,6.0,7,20.0502052435484,,7000.0,0.0,0.0,0.0,48.0,optimal
2021-02-10 08:00:00,35,103,2.0,0.0,0.0,0.2271999999999999,10.542,6.0,7,20.121006063377614,,7000.0,0.0,0.0,0.0,47.85224560508493,optimal
2021-02-10 08:30:00,35,103,2.0,0.0,0.0,0.2491999999999999,11.025,6.0,7,20.189971966649917,,7000.0,0.0,0.0,0.0,47.70463896456478,optimal
2021-02-10 09:00:00,35,103,2.0,0.0,0.0,0.6257333333333334,11.025,6.0,7,20.25822439804992,,7000.0,0.0,0.0,0.0,47.557179930685145,optimal
2021-02-10 09:30:00,35,103,2.0,0.0,0.0,0.193,14.553,6.0,7,20.33561102931137,,7000.0,0.0,0.0,0.0,47.40986835583939,optimal
2021-02-10 10:00:00,35,103,2.0,0.0,0.0,0.3171,13.0935,6.0,7,20.404703064066368,,7000.0,0.0,0.0,0.0,47.26270409256848,optimal
2021-02-10 10:30:00,35,103,2.0,0.0,0.0,0.239,15.6345,6.0,7,20.475831643331475,,7000.0,0.0,0.0,0.0,47.11568699356085,optimal
2021-02-10 11:00:00,35,103,0.0,0.0,0.0,0.208,18.102,6.0,7,20.547562923625343,,0.0,0.0,0.0,0.0,46.96881691165222,optimal
2021-02-10 11:30:00,35,103,0.0,0.0,0.0,0.3591,17.199,6.0,7,20.470971658645816,,0.0,0.0,0.0,0.0,46.8220936998255,optimal
2021-02-10 12:00:00,35,103,0.0,0.0,0.0,0.193,18.2805,6.0,7,20.396804518662982,,0.0,0.0,0.0,0.0,46.67551721121061,optimal
2021-02-10 12:30:00,35,103,0.0,0.0,0.0,0.131,17.4615,6.0,7,20.316008656126076,,0.0,0.0,0.0,0.0,46.52908729908433,optimal
2021-02-10 13:00:00,35,103,0.0,0.0,0.0,0.2296,18.3225,6.0,7,20.23410581024244,,0.0,0.0,0.0,0.0,46.38280381687018,optimal
2021-02-10 13:30:00,35,103,0.0,0.0,0.0,0.9167333333333332,17.094,6.0,7,20.154770088830613,,0.0,0.0,0.0,0.0,46.23666661813824,optimal
2021-02-10 14:00:00,35,103,0.0,0.0,0.0,0.6121666666666666,17.094,6.0,7,20.09451167334904,,0.0,0.0,0.0,0.0,46.09067555660504,optimal
2021-02-10 14:30:00,35,103,1.4815579274971475,0.0,0.0,0.253,17.094,6.0,7,20.0335962669112,,5185.4527462400165,0.0,0.0,0.0,45.94483048613337,optimal
2021-02-10 15:00:00,35,103,0.0,0.0,0.0,0.089,17.3565,6.0,7,20.07330912710872,,0.0,0.0,0.0,0.0,45.79913126073217,optimal
2021-02-10 15:30:00,35,103,1.8428103440305816,0.0,0.0,0.1441333333333333,17.115,6.0,7,20.0,,6449.836204107036,0.0,0.0,0.0,45.65357773455637,optimal
2021-02-10 16:00:00,35,103,0.0,0.0,0.0,0.4095,17.241,6.0,7,20.06320976459808,,0.0,0.0,0.0,0.0,45.50816976190675,optimal
2021-02-10 16:30:00,35,103,0.9353984877943166,0.0,0.0,0.2091666666666666,17.094,6.0,7,20.0,,3273.894707280108,0.0,0.0,0.0,45.362907197229774,optimal
2021-02-10 17:00:00,35,103,2.0,0.0,0.0,0.2556,16.5165,6.0,7,20.0,,7000.0,0.0,0.0,0.0,45.317544290032544,optimal
2021-02-10 17:30:00,35,103,0.0,0.0,0.0,0.4373333333333333,17.8185,6.0,7,20.08447168323064,,0.0,0.0,0.0,0.0,45.27222674574251,optimal
2021-02-10 18:00:00,35,103,1.265334463566105,0.0,0.0,1.0126666666666666,17.094,6.0,7,20.026479346110616,,4428.670622481368,0.0,0.0,0.0,45.22695451899676,optimal
2021-02-10 18:30:00,35,103,2.0,0.0,0.0,0.6896,16.8945,6.0,7,20.07580643481754,,7000.0,0.0,0.0,0.0,45.18172756447777,optimal
2021-02-10 19:00:00,35,103,0.0,0.0,0.0,0.6107,18.123,6.0,7,20.171780368959343,,0.0,0.0,0.0,0.0,45.13654583691329,optimal
2021-02-10 19:30:00,35,103,0.0,0.0,0.0,0.3236666666666666,31.647,6.0,7,20.117397767418996,,0.0,0.0,0.0,0.0,45.09140929107638,optimal
2021-02-10 20:00:00,35,103,0.0,0.0,0.0,0.5141,34.9965,6.0,7,20.056895983770623,,0.0,0.0,0.0,0.0,45.046317881785306,optimal
2021-02-10 20:30:00,35,103,0.0,0.0,0.0,0.332,34.9965,6.0,7,20.0,,0.0,0.0,0.0,0.0,45.00127156390352,optimal
2021-02-10 21:00:00,35,103,0.0,0.0,0.0,0.361,34.9965,6.0,7,19.93463935652846,,0.0,0.0,0.0,0.0,44.95627029233962,optimal
2021-02-10 21:30:00,35,103,0.0,0.0,0.0,0.5183333333333334,34.9965,6.0,7,19.86910772309468,,0.0,0.0,0.0,0.0,44.91131402204728,optimal
2021-02-10 22:00:00,35,103,0.0,0.0,0.0,0.071,34.9965,6.0,7,19.79782636779121,,0.0,0.0,0.0,0.0,44.866402708025234,optimal
2021-02-10 22:30:00,35,103,0.0,0.0,0.0,0.1951,27.741,6.0,7,19.69885808145426,,0.0,0.0,0.0,0.0,44.82153630531721,optimal
2021-02-10 23:00:00,35,103,0.0,0.0,0.0,0.1075,19.026,6.0,7,19.60181696774873,,0.0,0.0,0.0,0.0,44.776714769011896,optimal
2021-02-10 23:30:00,35,103,0.0,0.0,0.0,0.071,18.7215,6.0,7,19.502237912370425,,0.0,0.0,0.0,0.0,44.73193805424288,optimal
2021-02-11 00:00:00,35,103,2.0,0.0,0.0,0.0674,10.6365,6.0,3,19.502237912370425,,7000.0,0.0,0.0,0.0,44.68720611618864,optimal
2021-02-11 00:30:00,35,103,2.0,0.0,0.0,1.697266666666667,11.2455,6.0,3,19.554036490114985,,0.0,0.0,7000.0,0.0,44.64251891007245,optimal
2021-02-11 01:00:00,35,103,2.0,0.0,0.0,1.890266666666667,11.2455,6.0,3,19.48394144940883,,0.0,0.0,7000.0,0.0,44.59787639116238,optimal
2021-02-11 01:30:00,35,103,2.0,0.0,0.0,0.5288333333333334,11.025,6.0,3,19.412387925576983,,5500.1660681976,0.0,1499.8339318024,0.0,44.553278514771215,optimal
2021-02-11 02:00:00,35,103,2.0,0.0,0.0,0.2535333333333333,12.0855,6.0,3,19.445995438616936,,7000.0,0.0,0.0,0.0,44.508725236256446,optimal
2021-02-11 02:30:00,35,103,2.0,0.0,0.0,0.2617666666666666,11.6865,6.0,3,19.50717879647535,,7000.0,0.0,0.0,0.0,44.46421651102019,optimal
2021-02-11 03:00:00,35,103,2.0,0.0,0.0,0.2670333333333333,11.2245,6.0,3,19.567382521754254,,7000.0,0.0,0.0,0.0,44.41975229450917,optimal
2021-02-11 03:30:00,35,103,2.0,0.0,0.0,0.2006,11.025,6.0,3,19.62623355475588,,7000.0,0.0,0.0,0.0,44.37533254221466,optimal
2021-02-11 04:00:00,35,103,2.0,0.0,0.0,0.1799666666666666,10.7835,6.0,3,19.681409793663445,,7000.0,0.0,0.0,0.0,44.33095720967245,optimal
2021-02-11 04:30:00,35,103,2.0,0.0,0.0,0.1313666666666667,11.025,6.0,3,19.73172382652542,,7000.0,0.0,0.0,0.0,44.28662625246277,optimal
2021-02-11 05:00:00,35,103,2.0,0.0,3.814886701262639,0.065,10.584,6.0,3,19.78078655076034,,7000.0,0.0,0.0,0.0,46.05441080931006,optimal
2021-02-11 05:30:00,35,103,2.0,0.0,0.0,0.212,11.025,6.0,3,19.82822964757978,,7000.0,0.0,0.0,0.0,46.00835639850075,optimal
2021-02-11 06:00:00,35,103,2.0,0.0,5.0,0.0993333333333333,10.4265,6.0,3,19.87968609076603,,7000.0,0.0,0.0,0.0,48.33734804210225,optimal
2021-02-11 06:30:00,35,103,2.0,0.0,0.0,0.1410666666666666,12.789,6.0,3,19.92967158381181,,7000.0,0.0,0.0,0.0,48.28901069406015,optimal
2021-02-11 07:00:00,35,103,2.0,0.0,0.0,0.1084666666666666,12.684,6.0,3,19.981442982917105,,7000.0,0.0,0.0,0.0,48.24072168336608,optimal
2021-02-11 07:30:00,35,103,2.0,0.0,0.0,0.1771666666666666,16.254,6.0,3,20.033427439012097,,7000.0,0.0,0.0,0.0,48.19248096168271,optimal
2021-02-11 08:00:00,35,103,2.0,0.0,0.0,0.2083,17.64,6.0,3,20.08858360887926,,7000.0,0.0,0.0,0.0,48.144288480721016,optimal
2021-02-11 08:30:00,35,103,2.0,0.0,0.0,0.9051666666666668,19.1625,6.0,3,20.14635891476282,,7000.0,0.0,0.0,0.0,48.096144192240295,optimal
2021-02-11 09:00:00,35,103,0.0,0.0,0.0,0.5005333333333334,26.46,6.0,3,20.20511919583287,,0.0,0.0,0.0,0.0,48.048048048048045,optimal
2021-02-11 09:30:00,35,103,0.0,0.0,0.0,2.739033333333333,20.79,6.0,3,20.122154779687325,,0.0,0.0,0.0,0.0,48.0,optimal
2021-02-11 10:00:00,35,103,0.0,0.0,0.0,0.5349333333333333,29.106,6.0,3,20.068113908096365,,0.0,0.0,0.0,0.0,47.73948951297125,optimal
2021-02-11 10:30:00,35,103,2.0,0.0,0.0,1.6151666666666666,19.1835,6.0,3,20.0,,7000.0,0.0,0.0,0.0,47.47923953642954,optimal
2021-02-11 11:00:00,35,103,0.0,0.0,0.0,0.4854,19.6665,6.0,3,20.09160487806328,,0.0,0.0,0.0,0.0,47.219249809864365,optimal
2021-02-11 11:30:00,35,103,0.8433829167685323,0.0,0.0,0.5046666666666667,19.404,6.0,3,20.013226072362684,,2951.8402086898627,0.0,0.0,0.0,46.95952007302576,optimal
2021-02-11 12:00:00,35,103,1.5976700031705509,0.0,0.0,1.4085,19.047,6.0,3,20.0,,3114.9914615568277,0.0,2476.8535495401006,0.0,46.70005006592399,optimal
2021-02-11 12:30:00,35,103,2.0,0.0,0.0,1.2950666666666666,18.858,6.0,3,20.0,,5500.379392524337,0.0,1499.6206074756628,0.0,46.44083952882932,optimal
2021-02-11 13:00:00,35,103,0.0,0.0,0.0,1.3802,19.2675,6.0,3,20.05662895404512,,0.0,0.0,0.0,0.0,46.18188820227175,optimal
2021-02-11 13:30:00,35,103,2.0,0.0,0.0,0.3621666666666667,18.963,6.0,3,20.0,,4740.308088818162,0.0,2259.691911181838,0.0,45.923195827040736,optimal
2021-02-11 14:00:00,35,103,2.0,0.0,0.0,0.2183,18.438,6.0,3,20.036196552315065,,7000.0,0.0,0.0,0.0,45.66476214418495,optimal
2021-02-11 14:30:00,35,103,2.0,0.0,0.0,0.0978,18.7425,6.0,3,20.11455838779294,,7000.0,0.0,0.0,0.0,45.40658689501202,optimal
2021-02-11 15:00:00,35,103,2.0,0.0,0.0,0.2258666666666667,15.2145,6.0,3,20.188149110050247,,7000.0,0.0,0.0,0.0,45.14866982108826,optimal
2021-02-11 15:30:00,35,103,2.0,0.0,0.0,0.2605333333333333,17.7765,6.0,3,20.258872269118672,,7000.0,0.0,0.0,0.0,44.89101066423843,optimal
2021-02-11 16:00:00,35,103,2.0,0.0,0.0,0.2270333333333333,16.758,6.0,3,20.32593438912324,,7000.0,0.0,0.0,0.0,44.63360916654545,optimal
2021-02-11 16:30:00,35,103,2.0,0.0,0.0,0.4333999999999999,16.422,6.0,3,20.39486096890655,,7000.0,0.0,0.0,0.0,44.37646507035016,optimal
2021-02-11 17:00:00,35,103,2.0,0.0,0.0,1.3945999999999998,16.758,6.0,3,20.461964055638447,,7000.0,0.0,0.0,0.0,44.11957811825106,optimal
2021-02-11 17:30:00,35,103,0.0,0.0,0.0,0.6146,29.358,6.0,3,20.53173453382802,,0.0,0.0,0.0,0.0,43.86294805310407,optimal
2021-02-11 18:00:00,35,103,0.0,0.0,0.0,0.3366666666666666,34.9965,6.0,3,20.456512221633268,,0.0,0.0,0.0,0.0,43.60657461802222,optimal
2021-02-11 18:30:00,35,103,0.0,0.0,0.0,0.2168,34.65,6.0,3,20.37337066897929,,0.0,0.0,0.0,0.0,43.35045755637545,optimal
2021-02-11 19:00:00,35,103,0.0,0.0,0.0,0.1828,34.9965,6.0,3,20.282923158656903,,0.0,0.0,0.0,0.0,43.09459661179033,optimal
2021-02-11 19:30:00,35,103,0.0,0.0,0.0,0.1571333333333333,34.9965,6.0,3,20.189957420922475,,0.0,0.0,0.0,0.0,42.8389915281498,optimal
2021-02-11 20:00:00,35,103,0.0,0.0,0.0,0.4228333333333333,30.4815,6.0,3,20.092890152359264,,0.0,0.0,0.0,0.0,42.79615253662165,optimal
2021-02-11 20:30:00,35,103,0.0,0.0,0.0,0.22,21.4305,6.0,3,20.0,,0.0,0.0,0.0,0.0,42.75335638408502,optimal
2021-02-11 21:00:00,35,103,0.0199047619047619,0.0,0.0,0.075,14.3325,6.0,3,19.90474751669233,,0.0,0.0,69.66666666666666,0.0,42.71060302770094,optimal
2021-02-11 21:30:00,35,103,0.0995238095238095,0.0,0.0,1.4617,13.692,6.0,3,19.80500876789452,,0.0,0.0,348.3333333333333,0.0,42.66789242467324,optimal
2021-02-11 22:00:00,35,103,0.0,0.0,0.0,0.8343666666666667,14.007,6.0,3,19.7235831483962,,0.0,0.0,0.0,0.0,42.625224532248566,optimal
2021-02-11 22:30:00,35,103,0.0,0.0,0.0,0.1587333333333333,12.873,6.0,3,19.639488872801504,,0.0,0.0,0.0,0.0,42.58259930771632,optimal
2021-02-11 23:00:00,35,103,0.0,0.0,0.0,0.065,12.684,6.0,3,19.533791850746063,,0.0,0.0,0.0,0.0,42.5400167084086,optimal
2021-02-11 23:30:00,35,103,0.0,0.0,0.0,0.1301999999999999,12.306,6.0,3,19.421346142240505,,0.0,0.0,0.0,0.0,42.49747669170019,optimal
2021-02-12 00:00:00,35,103,2.0,0.0,5.0,0.059,11.067,6.0,-10,19.421346142240505,,6721.333333333333,0.0,278.66666666666663,0.0,44.82997921500849,optimal
2021-02-12 00:30:00,35,103,2.0,0.0,5.0,0.1009666666666666,10.8465,6.0,-10,19.451315126556125,,281.2988668245811,0.0,6718.701133175419,0.0,47.16014923579348,optimal
2021-02-12 01:00:00,35,103,2.0,0.0,0.0,0.1964333333333333,13.671,6.0,-10,19.343034998244114,,7000.0,0.0,0.0,0.0,47.11298908655769,optimal
2021-02-12 01:30:00,35,103,2.0,0.0,3.1871272426509063,0.172,12.348,6.0,-10,19.378687113596374,,7000.0,0.0,0.0,0.0,48.57976153773031,optimal
2021-02-12 02:00:00,35,103,2.0,0.0,0.0,0.061,14.3325,6.0,-10,19.414116823259377,,7000.0,0.0,0.0,0.0,48.53118177619257,optimal
2021-02-12 02:30:00,35,103,2.0,0.0,0.0,0.2119,15.393,6.0,-10,19.44750287258114,,7000.0,0.0,0.0,0.0,48.48265059441637,optimal
2021-02-12 03:00:00,35,103,2.0,0.0,0.0,0.1965,13.587,6.0,-10,19.485274971365826,,7000.0,0.0,0.0,0.0,48.434167943821954,optimal
2021-02-12 03:30:00,35,103,2.0,0.0,0.0,0.0828,16.1385,6.0,-10,19.52391253867955,,7000.0,0.0,0.0,0.0,48.38573377587813,optimal
2021-02-12 04:00:00,35,103,2.0,0.0,0.0,0.2306,14.595,6.0,-10,19.56315706619876,,7000.0,0.0,0.0,0.0,48.33734804210225,optimal
2021-02-12 04:30:00,35,103,2.0,0.0,0.0,0.156,14.637,6.0,-10,19.6085104819797,,7000.0,0.0,0.0,0.0,48.28901069406015,optimal
2021-02-12 05:00:00,35,103,2.0,0.0,0.0,0.1397666666666666,13.9125,6.0,-10,19.65526346123724,,7000.0,0.0,0.0,0.0,48.24072168336608,optimal
2021-02-12 05:30:00,35,103,2.0,0.0,0.0,0.2686333333333333,13.3665,6.0,-10,19.704638296731627,,7000.0,0.0,0.0,0.0,48.19248096168271,optimal
2021-02-12 06:00:00,35,103,2.0,0.0,0.0,0.061,13.0095,6.0,-10,19.760131176386,,7000.0,0.0,0.0,0.0,48.144288480721016,optimal
2021-02-12 06:30:00,35,103,2.0,0.0,0.0,0.217,13.8915,6.0,-10,19.81463088234677,,7000.0,0.0,0.0,0.0,48.096144192240295,optimal
2021-02-12 07:00:00,35,103,2.0,0.0,0.0,0.1894,13.188,6.0,-10,19.872620872327204,,7000.0,0.0,0.0,0.0,48.048048048048045,optimal
2021-02-12 07:30:00,35,103,2.0,0.0,0.0,0.0626333333333333,12.5685,6.0,-10,19.93755301586229,,7000.0,0.0,0.0,0.0,48.0,optimal
2021-02-12 08:00:00,35,103,2.0,0.0,0.0,0.8403333333333334,12.285,6.0,-10,20.0,,4662.034466508752,0.0,2337.965533491248,0.0,47.6032314765663,optimal
2021-02-12 08:30:00,35,103,2.0,0.0,0.0,1.320266666666667,11.487,6.0,-10,20.01850627553359,,7000.0,0.0,0.0,0.0,47.20685972165604,optimal
2021-02-12 09:00:00,35,103,2.0,0.0,0.0,0.3122666666666666,11.802,6.0,-10,20.088565156484407,,7000.0,0.0,0.0,0.0,46.810884338500685,optimal
2021-02-12 09:30:00,35,103,2.0,0.0,0.0,0.5166333333333333,11.2245,6.0,-10,20.14399642363861,,7000.0,0.0,0.0,0.0,46.41530493072849,optimal
2021-02-12 10:00:00,35,103,2.0,0.0,0.0,0.7398666666666667,11.025,6.0,-10,20.21369398344129,,7000.0,0.0,0.0,0.0,46.02012110236407,optimal
2021-02-12 10:30:00,35,103,2.0,0.0,0.0,0.4284,11.907,6.0,-10,20.30167338711072,,7000.0,0.0,0.0,0.0,45.625332457828,optimal
2021-02-12 11:00:00,35,103,0.3382770926751389,0.0,0.0,0.3487666666666666,25.83,6.0,-10,20.382039809343546,,1183.9698243629862,0.0,0.0,0.0,45.23093860193647,optimal
2021-02-12 11:30:00,35,103,0.0,0.0,0.0,1.0768333333333333,28.035,6.0,-10,20.338515231114,,0.0,0.0,0.0,0.0,44.83693913990084,optimal
2021-02-12 12:00:00,35,103,0.0,0.0,0.0,1.1391,28.119,6.0,-10,20.26993981456425,,0.0,0.0,0.0,0.0,44.44333367732724,optimal
2021-02-12 12:30:00,35,103,0.0,0.0,0.0,0.6667666666666666,30.156,6.0,-10,20.205130908955315,,0.0,0.0,0.0,0.0,44.05012182021621,optimal
2021-02-12 13:00:00,35,103,0.0,0.0,0.0,0.7834,29.1585,6.0,-10,20.14076398607257,,0.0,0.0,0.0,0.0,43.6573031749623,optimal
2021-02-12 13:30:00,35,103,0.0,0.0,0.0,0.6241666666666666,26.712,6.0,-10,20.07278483723513,,0.0,0.0,0.0,0.0,43.26487734835364,optimal
2021-02-12 14:00:00,35,103,1.1255819912303455,0.0,0.0,0.1565,15.435,6.0,-10,20.0,,3939.53696930621,0.0,0.0,0.0,42.87284394757159,optimal
2021-02-12 14:30:00,35,103,1.1316252825932378,0.0,0.0,0.1569,13.566,6.0,-10,20.0,,3960.6884890763326,0.0,0.0,0.0,42.48120258019032,optimal
2021-02-12 15:00:00,35,103,1.3710771379830335,0.0,0.0,0.186,12.789,6.0,-10,20.0,,4798.769982940617,0.0,0.0,0.0,42.08995285417643,optimal
2021-02-12 15:30:00,35,103,2.0,0.0,0.0,0.2087666666666666,12.1275,6.0,-10,20.01780085498886,,7000.0,0.0,0.0,0.0,41.69909437788856,optimal
2021-02-12 16:00:00,35,103,0.0,0.0,0.0,0.2543,13.671,6.0,-10,20.081656487884175,,0.0,0.0,0.0,0.0,41.30862676007697,optimal
2021-02-12 16:30:00,35,103,2.0,0.0,0.0,0.2965333333333333,10.668,6.0,-10,20.0,,6860.666666666667,0.0,139.33333333333331,0.0,40.91854960988319,optimal
2021-02-12 17:00:00,35,103,0.1121298120053096,0.0,0.0,0.9011333333333332,11.7285,6.0,-10,20.063574001265813,,392.45434201858376,0.0,0.0,0.0,40.52886253683961,optimal
2021-02-12 17:30:00,35,103,1.0771586953568082,0.0,0.0,1.3106666666666666,11.025,6.0,-10,20.0,,3352.0554337488293,0.0,418.0,0.0,40.13956515086908,optimal
2021-02-12 18:00:00,35,103,1.0215827990029729,0.0,0.0,0.8945,10.689,6.0,-10,20.0,,3529.240326887749,0.0,46.29946962265608,0.0,39.75065706228451,optimal
2021-02-12 18:30:00,35,103,2.0,0.0,0.0,0.3064666666666666,8.1585,6.0,-10,20.0,,5792.299469622656,0.0,1207.700530377344,0.0,39.36213788178853,optimal
2021-02-12 19:00:00,35,103,2.0,0.0,0.0,0.4166666666666667,10.3635,6.0,-10,20.045402573126093,,7000.0,0.0,0.0,0.0,38.97400722047304,optimal
2021-02-12 19:30:00,35,103,0.0,0.0,0.0,0.5586,10.8045,6.0,-10,20.125257783706235,,0.0,0.0,0.0,0.0,38.93503321325257,optimal
2021-02-12 20:00:00,35,103,0.0,0.0,0.0,0.3663666666666667,11.025,6.0,-10,20.06607445712717,,0.0,0.0,0.0,0.0,38.89609818003932,optimal
2021-02-12 20:30:00,35,103,0.0,0.0,0.0,0.4571666666666666,10.3635,6.0,-10,20.0,,0.0,0.0,0.0,0.0,38.85720208185928,optimal
2021-02-12 21:00:00,35,103,0.0,0.0,0.0,0.6481,10.8045,6.0,-10,19.935849117280803,,0.0,0.0,0.0,0.0,38.81834487977742,optimal
2021-02-12 21:30:00,35,103,0.0,0.0,0.0,0.5356666666666666,10.059,6.0,-10,19.873683250348684,,0.0,0.0,0.0,0.0,38.77952653489764,optimal
2021-02-12 22:00:00,35,103,0.0,0.0,0.0,0.2045,10.584,6.0,-10,19.811363156529907,,0.0,0.0,0.0,0.0,38.740747008362746,optimal
2021-02-12 22:30:00,35,103,0.0,0.0,0.0,0.2189,9.4185,6.0,-10,19.72920740420113,,0.0,0.0,0.0,0.0,38.702006261354384,optimal
2021-02-12 23:00:00,35,103,0.0,0.0,0.0,0.166,10.3635,6.0,-10,19.64772749233338,,0.0,0.0,0.0,0.0,38.66330425509303,optimal
2021-02-12 23:30:00,35,103,0.0,0.0,0.0,0.2115333333333333,9.8385,6.0,-10,19.565503662407288,,0.0,0.0,0.0,0.0,38.624640950837936,optimal
2021-02-13 00:00:00,35,103,0.0,0.0,0.0,0.051,12.789,6.0,6,19.565503662407288,,0.0,0.0,0.0,0.0,38.5860163098871,optimal
2021-02-13 00:30:00,35,103,0.0,0.0,0.0,0.051,11.907,6.0,6,19.481436247973896,,0.0,0.0,0.0,0.0,38.547430293577214,optimal
2021-02-13 01:00:00,35,103,0.317672300049458,0.0,0.0,0.051,11.025,6.0,6,19.397977054873703,,0.0,0.0,1111.853050173103,0.0,38.50888286328364,optimal
2021-02-13 01:30:00,35,103,2.0,0.0,0.0,0.051,8.2005,6.0,6,19.315123323799448,,657.5197168397704,0.0,6342.48028316023,0.0,38.47037398042036,optimal
2021-02-13 02:00:00,35,103,2.0,0.0,0.0,0.051,9.5655,6.0,6,19.24671336614418,,7000.0,0.0,0.0,0.0,38.43190360643993,optimal
2021-02-13 02:30:00,35,103,2.0,0.0,5.0,0.051,7.056,6.0,6,19.31235239339098,,7000.0,0.0,0.0,0.0,40.76847170283349,optimal
2021-02-13 03:00:00,35,103,2.0,0.0,0.0,0.051,9.3975,6.0,6,19.37769363719181,,7000.0,0.0,0.0,0.0,40.72770323113066,optimal
2021-02-13 03:30:00,35,103,2.0,0.0,0.0,0.051,10.059,6.0,6,19.442738448495717,,7000.0,0.0,0.0,0.0,40.68697552789953,optimal
2021-02-13 04:00:00,35,103,2.0,0.0,0.0,0.051,9.261,6.0,6,19.50726133798286,,7000.0,0.0,0.0,0.0,40.64628855237163,optimal
2021-02-13 04:30:00,35,103,2.0,0.0,1.3958108928836797,0.051,8.1585,6.0,6,19.57126467344698,,7000.0,0.0,0.0,0.0,41.26865243793901,optimal
2021-02-13 05:00:00,35,103,2.0,0.0,0.0,0.051,9.4815,6.0,6,19.63452397779984,,7000.0,0.0,0.0,0.0,41.22738378550106,optimal
2021-02-13 05:30:00,35,103,2.0,0.0,0.0,0.051,8.379,6.0,6,19.697042626474573,,7000.0,0.0,0.0,0.0,41.18615640171555,optimal
2021-02-13 06:00:00,35,103,2.0,0.0,0.0,0.051,9.5235,6.0,6,19.75882397959108,,7000.0,0.0,0.0,0.0,41.14497024531383,optimal
2021-02-13 06:30:00,35,103,2.0,0.0,5.0,0.051,8.1375,6.0,6,19.81987138202542,,7000.0,0.0,0.0,0.0,43.47882527506851,optimal
2021-02-13 07:00:00,35,103,2.0,0.0,0.0,0.051,10.0905,6.0,6,19.88041499761907,,7000.0,0.0,0.0,0.0,43.43534644979344,optimal
2021-02-13 07:30:00,35,103,2.0,0.0,5.0,0.058,7.539,6.0,6,19.940457111893128,,7000.0,0.0,0.0,0.0,45.76691110334364,optimal
2021-02-13 08:00:00,35,103,2.0,0.0,5.0,0.716,7.938,6.0,6,20.0,,7000.0,0.0,0.0,0.0,48.096144192240295,optimal
2021-02-13 08:30:00,35,103,2.0,0.0,0.0,0.3816666666666667,8.274,6.0,6,20.061779673127845,,7000.0,0.0,0.0,0.0,48.048048048048045,optimal
2021-02-13 09:00:00,35,103,2.0,0.0,0.0,3.1589333333333336,9.261,6.0,6,20.13047990572248,,7000.0,0.0,0.0,0.0,48.0,optimal
2021-02-13 09:30:00,35,103,2.0,0.0,0.0,1.3469666666666666,9.9225,6.0,6,20.212979449742093,,7000.0,0.0,0.0,0.0,47.80901567858039,optimal
2021-02-13 10:00:00,35,103,2.0,0.0,0.0,0.4188333333333333,9.702,6.0,6,20.28573964846439,,7000.0,0.0,0.0,0.0,47.6182223414822,optimal
2021-02-13 10:30:00,35,103,2.0,0.0,0.0,0.0558333333333333,10.584,6.0,6,20.351061993545457,,7000.0,0.0,0.0,0.0,47.4276197977211,optimal
2021-02-13 11:00:00,35,103,2.0,0.0,0.0,0.0568666666666666,10.143,6.0,6,20.41387438206176,,7000.0,0.0,0.0,0.0,47.237207856503765,optimal
2021-02-13 11:30:00,35,103,0.0,0.0,0.0,0.051,13.0095,6.0,6,20.47307884667397,,0.0,0.0,0.0,0.0,47.04698632722765,optimal
2021-02-13 12:00:00,35,103,2.0,0.0,0.0,0.051,11.025,6.0,6,20.378955290602736,,7000.0,0.0,0.0,0.0,46.856955019480814,optimal
2021-02-13 12:30:00,35,103,0.0,0.0,0.0,0.051,12.789,6.0,6,20.432838432982493,,0.0,0.0,0.0,0.0,46.667113743041725,optimal
2021-02-13 13:00:00,35,103,1.9125101934312871,0.0,0.0,0.0593333333333333,12.1275,6.0,6,20.33957793825109,,6693.785677009505,0.0,0.0,0.0,46.47746230787907,optimal
2021-02-13 13:30:00,35,103,2.0,0.0,0.0,0.0556666666666666,12.1695,6.0,6,20.38810112379349,,7000.0,0.0,0.0,0.0,46.28800052415159,optimal
2021-02-13 14:00:00,35,103,0.0,0.0,0.0,0.0576666666666666,12.306,6.0,6,20.44503692993369,,0.0,0.0,0.0,0.0,46.09872820220782,optimal
2021-02-13 14:30:00,35,103,0.0,0.0,0.0,0.061,13.23,6.0,6,20.353082098045974,,0.0,0.0,0.0,0.0,45.909645152586,optimal
2021-02-13 15:00:00,35,103,0.0,0.0,0.0,0.061,13.671,6.0,6,20.26199810434261,,0.0,0.0,0.0,0.0,45.72075118601381,optimal
2021-02-13 15:30:00,35,103,0.0,0.0,0.0,0.0643333333333333,13.9335,6.0,6,20.17178099667426,,0.0,0.0,0.0,0.0,45.532046113408185,optimal
2021-02-13 16:00:00,35,103,0.0,0.0,0.0,0.071,13.293,6.0,6,20.08281761560812,,0.0,0.0,0.0,0.0,45.343529745875166,optimal
2021-02-13 16:30:00,35,103,0.9629820546463524,0.0,0.0,2.0476666666666667,12.1065,6.0,6,20.0,,3370.437191262233,0.0,0.0,0.0,45.15520189470968,optimal
2021-02-13 17:00:00,35,103,0.9231611217112412,0.0,0.0,0.7090666666666667,11.571,6.0,6,20.0,,3231.0639259893446,0.0,0.0,0.0,44.96706237139536,optimal
2021-02-13 17:30:00,35,103,2.0,0.0,0.0,3.1645333333333334,11.025,6.0,6,20.0,,7000.0,0.0,0.0,0.0,44.77911098760435,optimal
2021-02-13 18:00:00,35,103,2.0,0.0,0.0,2.2942,10.8465,6.0,6,20.09100549958241,,7000.0,0.0,0.0,0.0,44.59134755519713,optimal
2021-02-13 18:30:00,35,103,1.4178936982933157,0.0,0.0,0.5147,11.2455,6.0,6,20.176792225227462,,4962.627944026604,0.0,0.0,0.0,44.40377188622232,optimal
2021-02-13 19:00:00,35,103,0.0,0.0,0.0,1.3689,23.8665,6.0,6,20.211324235768377,,0.0,0.0,0.0,0.0,44.21638379291649,optimal
2021-02-13 19:30:00,35,103,0.0,0.0,0.0,1.2249,27.4575,6.0,6,20.140620292363156,,0.0,0.0,0.0,0.0,44.02918308770396,optimal
2021-02-13 20:00:00,35,103,0.0,0.0,0.0,0.0698,27.3735,6.0,6,20.07431236711401,,0.0,0.0,0.0,0.0,43.84216958319665,optimal
2021-02-13 20:30:00,35,103,0.0,0.0,0.0,0.3825333333333333,30.4605,6.0,6,20.0,,0.0,0.0,0.0,0.0,43.655343092193846,optimal
2021-02-13 21:00:00,35,103,0.0,0.0,0.0,2.0939,30.0195,6.0,6,19.925615053419754,,0.0,0.0,0.0,0.0,43.46870342768205,optimal
2021-02-13 21:30:00,35,103,0.0,0.0,0.0,2.29,26.9325,6.0,6,19.855845571958376,,0.0,0.0,0.0,0.0,43.42523472425436,optimal
2021-02-13 22:00:00,35,103,0.0,0.0,0.0,0.2159333333333333,14.595,6.0,6,19.788658216816184,,0.0,0.0,0.0,0.0,43.381809489530106,optimal
2021-02-13 22:30:00,35,103,0.0,0.0,0.0,0.1915666666666666,12.4845,6.0,6,19.714590973791186,,0.0,0.0,0.0,0.0,43.338427680040574,optimal
2021-02-13 23:00:00,35,103,0.0,0.0,0.0,1.4769,12.1275,6.0,6,19.640440336973995,,0.0,0.0,0.0,0.0,43.29508925236053,optimal
2021-02-13 23:30:00,35,103,0.0,0.0,0.0,1.2361,12.1275,6.0,6,19.5716297609237,,0.0,0.0,0.0,0.0,43.25179416310817,optimal
2021-02-07 00:00:00,36,103,0.0597142857142857,0.0,0.0,0.0676333333333333,15.6975,6.0,10,21.0,,0.0,0.0,209.0,0.0,47.952,optimal
2021-02-07 00:30:00,36,103,0.0,0.0,0.0,0.1348333333333333,12.5475,6.0,10,20.92741230738564,,0.0,0.0,0.0,0.0,47.904048,optimal
2021-02-07 01:00:00,36,103,0.0,0.0,0.0,0.1547666666666667,12.0855,6.0,10,20.853827363584,,0.0,0.0,0.0,0.0,47.856143952,optimal
2021-02-07 01:30:00,36,103,0.0,0.0,0.0,0.048,11.907,6.0,10,20.778384521046423,,0.0,0.0,0.0,0.0,47.80828780804799,optimal
2021-02-07 02:00:00,36,103,0.0,0.0,0.0,0.051,12.5685,6.0,10,20.70068332029436,,0.0,0.0,0.0,0.0,47.76047952023995,optimal
2021-02-07 02:30:00,36,103,0.0,0.0,0.0,0.042,13.146,6.0,10,20.623107791103298,,0.0,0.0,0.0,0.0,47.712719040719705,optimal
2021-02-07 03:00:00,36,103,0.0,0.0,0.0,0.1282333333333333,10.584,6.0,10,20.545430529201205,,0.0,0.0,0.0,0.0,47.66500632167899,optimal
2021-02-07 03:30:00,36,103,0.308953090625471,0.0,0.0,0.1017,6.678,6.0,10,20.46946724295055,,1081.3358171891489,0.0,0.0,0.0,47.61734131535731,optimal
2021-02-07 04:00:00,36,103,0.0,0.0,0.0,0.042,7.938,6.0,10,20.415825766337637,,0.0,0.0,0.0,0.0,47.56972397404195,optimal
2021-02-07 04:30:00,36,103,2.0,0.0,0.0,0.042,5.292,6.0,10,20.33818154067205,,7000.0,0.0,0.0,0.0,47.52215425006791,optimal
2021-02-07 05:00:00,36,103,0.0,0.0,0.0,0.0486333333333333,9.261,6.0,10,20.40824241689556,,0.0,0.0,0.0,0.0,47.47463209581784,optimal
2021-02-07 05:30:00,36,103,0.0,0.0,0.0,0.1813,10.3635,6.0,10,20.33077222885277,,0.0,0.0,0.0,0.0,47.42715746372202,optimal
2021-02-07 06:00:00,36,103,0.0,0.0,0.0,0.042,8.274,6.0,10,20.25644618591568,,0.0,0.0,0.0,0.0,47.379730306258296,optimal
2021-02-07 06:30:00,36,103,0.0,0.0,0.0,0.2705666666666667,7.7175,6.0,10,20.179525014851382,,0.0,0.0,0.0,0.0,47.332350575952034,optimal
2021-02-07 07:00:00,36,103,2.0,0.0,0.0,0.4351333333333333,6.615,6.0,10,20.108814456219573,,7000.0,0.0,0.0,0.0,47.285018225376085,optimal
2021-02-07 07:30:00,36,103,2.0,0.0,0.0,0.1804,6.174,6.0,10,20.19234437776921,,7000.0,0.0,0.0,0.0,47.23773320715071,optimal
2021-02-07 08:00:00,36,103,2.0,0.0,0.0,0.2518333333333333,3.906,6.0,10,20.269641359581,,7000.0,0.0,0.0,0.0,47.19049547394357,optimal
2021-02-07 08:30:00,36,103,2.0,0.0,0.0,0.5110333333333333,2.3415,6.0,10,20.349815526134694,,7000.0,0.0,0.0,0.0,47.14330497846962,optimal
2021-02-07 09:00:00,36,103,2.0,0.0,0.0,2.0115333333333334,2.205,6.0,10,20.43441965604844,,7000.0,0.0,0.0,0.0,47.09616167349115,optimal
2021-02-07 09:30:00,36,103,2.0,0.0,2.00196734354177,1.1817,0.882,6.0,10,20.536203110686078,,7000.0,0.0,0.0,0.0,48.0,optimal
2021-02-07 10:00:00,36,103,2.0,0.0,0.0,0.7927000000000001,1.5435,6.0,10,20.622164374577032,,7000.0,0.0,0.0,0.0,47.88245604021756,optimal
2021-02-07 10:30:00,36,103,2.0,0.0,0.0,0.2189666666666666,1.5435,6.0,10,20.70075736083622,,7000.0,0.0,0.0,0.0,47.765029624394906,optimal
2021-02-07 11:00:00,36,103,2.0,0.0,0.0,0.5229666666666667,5.0715,6.0,10,20.774301417249813,,7000.0,0.0,0.0,0.0,47.64772063498808,optimal
2021-02-07 11:30:00,36,103,2.0,0.0,0.0,0.3620333333333334,5.376,6.0,10,20.84876717284405,,7000.0,0.0,0.0,0.0,47.53052895457065,optimal
2021-02-07 12:00:00,36,103,2.0,0.0,0.0,0.2053,5.0715,6.0,10,20.91881328651534,,7000.0,0.0,0.0,0.0,47.413454465833645,optimal
2021-02-07 12:30:00,36,103,2.0,0.0,0.0,0.7059666666666667,5.5125,6.0,10,20.98409970720501,,7000.0,0.0,0.0,0.0,47.296497051585376,optimal
2021-02-07 13:00:00,36,103,0.0,0.0,0.0,0.0638,9.261,6.0,10,21.060064223384124,,0.0,0.0,0.0,0.0,47.17965659475136,optimal
2021-02-07 13:30:00,36,103,0.0,0.0,0.0,0.1493333333333333,11.7075,6.0,10,20.97481338709412,,0.0,0.0,0.0,0.0,47.06293297837417,optimal
2021-02-07 14:00:00,36,103,0.0,0.0,0.0,0.1626,12.348,6.0,10,20.89197665249485,,0.0,0.0,0.0,0.0,46.94632608561336,optimal
2021-02-07 14:30:00,36,103,0.0,0.0,0.0,0.1071,12.348,6.0,10,20.811025227814508,,0.0,0.0,0.0,0.0,46.82983579974531,optimal
2021-02-07 15:00:00,36,103,0.0,0.0,0.0,0.1382333333333333,12.1275,6.0,10,20.733492151258,,0.0,0.0,0.0,0.0,46.71346200416313,optimal
2021-02-07 15:30:00,36,103,0.0,0.0,0.0,0.1117,12.5265,6.0,10,20.649102648431285,,0.0,0.0,0.0,0.0,46.59720458237653,optimal
2021-02-07 16:00:00,36,103,0.0,0.0,0.0,1.0867666666666669,11.7495,6.0,10,20.56385695410329,,0.0,0.0,0.0,0.0,46.48106341801172,optimal
2021-02-07 16:30:00,36,103,0.0,0.0,0.0,1.1263666666666663,13.23,6.0,10,20.493993025549987,,0.0,0.0,0.0,0.0,46.36503839481127,optimal
2021-02-07 17:00:00,36,103,0.0,0.0,0.0,0.1766,14.3325,6.0,10,20.431332107962263,,0.0,0.0,0.0,0.0,46.24912939663402,optimal
2021-02-07 17:30:00,36,103,0.0,0.0,0.0,0.2735,14.994,6.0,10,20.354374456351703,,0.0,0.0,0.0,0.0,46.13333630745495,optimal
2021-02-07 18:00:00,36,103,0.0,0.0,0.0,0.2433333333333333,14.8155,6.0,10,20.289265456133528,,0.0,0.0,0.0,0.0,46.017659011365055,optimal
2021-02-07 18:30:00,36,103,0.0,0.0,0.0,0.44,14.112,6.0,10,20.23051192799862,,0.0,0.0,0.0,0.0,45.90209739257126,optimal
2021-02-07 19:00:00,36,103,0.0,0.0,0.0,0.3559,14.007,6.0,10,20.1769993487656,,0.0,0.0,0.0,0.0,45.78665133539625,optimal
2021-02-07 19:30:00,36,103,0.0,0.0,0.0,0.1753,13.23,6.0,10,20.11933300203524,,0.0,0.0,0.0,0.0,45.67132072427842,optimal
2021-02-07 20:00:00,36,103,0.0,0.0,0.0,0.2798666666666666,11.382,6.0,10,20.05865984257573,,0.0,0.0,0.0,0.0,45.5561054437717,optimal
2021-02-07 20:30:00,36,103,0.0,0.0,0.0,0.2675666666666667,11.7495,6.0,10,20.0,,0.0,0.0,0.0,0.0,45.51054933832793,optimal
2021-02-07 21:00:00,36,103,0.0,0.0,0.0,0.206,24.3285,6.0,10,19.949555231360367,,0.0,0.0,0.0,0.0,45.4650387889896,optimal
2021-02-07 21:30:00,36,103,0.0,0.0,0.0,0.3551,28.917,6.0,10,19.89078053766805,,0.0,0.0,0.0,0.0,45.419573750200605,optimal
2021-02-07 22:00:00,36,103,0.0,0.0,0.0,0.052,31.3635,6.0,10,19.82894020656149,,0.0,0.0,0.0,0.0,45.3741541764504,optimal
2021-02-07 22:30:00,36,103,0.0,0.0,0.0,0.0785333333333333,33.306,6.0,10,19.753458387376565,,0.0,0.0,0.0,0.0,45.32878002227395,optimal
2021-02-07 23:00:00,36,103,0.0,0.0,0.0,0.1714,31.3425,6.0,10,19.678877542749717,,0.0,0.0,0.0,0.0,45.28345124225168,optimal
2021-02-07 23:30:00,36,103,0.0,0.0,0.0,0.0473333333333333,28.2555,6.0,10,19.606589928963174,,0.0,0.0,0.0,0.0,45.23816779100943,optimal
2021-02-08 00:00:00,36,103,2.0,0.0,0.0,0.055,5.5755,6.0,-5,19.606589928963174,,7000.0,0.0,0.0,0.0,45.19292962321842,optimal
2021-02-08 00:30:00,36,103,2.0,0.0,2.2203104563320752,0.055,5.0925,6.0,-5,19.677956044835703,,0.0,0.0,7000.0,0.0,46.20238416035293,optimal
2021-02-08 01:00:00,36,103,2.0,0.0,5.0,0.055,4.1895,6.0,-5,19.601645540611848,,5779.333333333333,0.0,1220.6666666666667,0.0,48.53118177619257,optimal
2021-02-08 01:30:00,36,103,2.0,0.0,0.0,0.055,7.056,6.0,-5,19.647338556473265,,7000.0,0.0,0.0,0.0,48.48265059441637,optimal
2021-02-08 02:00:00,36,103,2.0,0.0,0.0,0.1730666666666666,5.271,6.0,-5,19.718292974608172,,7000.0,0.0,0.0,0.0,48.434167943821954,optimal
2021-02-08 02:30:00,36,103,2.0,0.0,0.0,0.055,7.938,6.0,-5,19.79118401239669,,7000.0,0.0,0.0,0.0,48.38573377587813,optimal
2021-02-08 03:00:00,36,103,2.0,0.0,0.0,0.055,7.938,6.0,-5,19.86148584932575,,7000.0,0.0,0.0,0.0,48.33734804210225,optimal
2021-02-08 03:30:00,36,103,2.0,0.0,0.0,0.0925666666666666,11.907,6.0,-5,19.93169558326039,,7000.0,0.0,0.0,0.0,48.28901069406015,optimal
2021-02-08 04:00:00,36,103,2.0,0.0,0.0,0.1355,11.025,6.0,-5,20.00215075741598,,7000.0,0.0,0.0,0.0,48.24072168336608,optimal
2021-02-08 04:30:00,36,103,2.0,0.0,0.0,0.055,11.2875,6.0,-5,20.07296322883,,7000.0,0.0,0.0,0.0,48.19248096168271,optimal
2021-02-08 05:00:00,36,103,2.0,0.0,0.0,0.0818333333333333,12.936,6.0,-5,20.141306220414155,,7000.0,0.0,0.0,0.0,48.144288480721016,optimal
2021-02-08 05:30:00,36,103,2.0,0.0,0.0,0.1462333333333333,13.0095,6.0,-5,20.20945034585332,,7000.0,0.0,0.0,0.0,48.096144192240295,optimal
2021-02-08 06:00:00,36,103,0.0,0.0,0.0,0.055,13.671,6.0,-5,20.27841413513352,,0.0,0.0,0.0,0.0,48.048048048048045,optimal
2021-02-08 06:30:00,36,103,2.0,0.0,0.0,0.1717333333333333,13.188,6.0,-5,20.197564869898557,,7000.0,0.0,0.0,0.0,48.0,optimal
2021-02-08 07:00:00,36,103,0.0,0.0,0.0,0.4921999999999999,13.8495,6.0,-5,20.270959980125287,,0.0,0.0,0.0,0.0,47.8237841744855,optimal
2021-02-08 07:30:00,36,103,2.0,0.0,0.0,0.1696666666666666,13.23,6.0,-5,20.204333527419305,,7000.0,0.0,0.0,0.0,47.647744564796525,optimal
2021-02-08 08:00:00,36,103,2.0,0.0,0.0,0.5504666666666667,13.3665,6.0,-5,20.27909446552786,,7000.0,0.0,0.0,0.0,47.47188099471723,optimal
2021-02-08 08:30:00,36,103,2.0,0.0,0.0,0.4753,13.0515,6.0,-5,20.36071866601917,,7000.0,0.0,0.0,0.0,47.296193288208016,optimal
2021-02-08 09:00:00,36,103,2.0,0.0,0.0,0.1581999999999999,13.5345,6.0,-5,20.4350746636132,,7000.0,0.0,0.0,0.0,47.12068126940531,optimal
2021-02-08 09:30:00,36,103,0.0,0.0,0.0,0.065,14.154,6.0,-5,20.4977039775482,,0.0,0.0,0.0,0.0,46.94534476262141,optimal
2021-02-08 10:00:00,36,103,0.0543245226780497,0.0,0.0,0.1830666666666666,14.112,6.0,-5,20.409013762047376,,190.1358293731741,0.0,0.0,0.0,46.770183592344296,optimal
2021-02-08 10:30:00,36,103,0.0,0.0,0.0,0.065,14.2485,6.0,-5,20.3278941982359,,0.0,0.0,0.0,0.0,46.59519758323746,optimal
2021-02-08 11:00:00,36,103,2.0,0.0,0.0,0.4447,12.789,6.0,-5,20.23997435750474,,7000.0,0.0,0.0,0.0,46.420386560139725,optimal
2021-02-08 11:30:00,36,103,2.0,0.0,0.0,0.3985333333333333,13.0095,6.0,-5,20.31240503433457,,7000.0,0.0,0.0,0.0,46.24575034806509,optimal
2021-02-08 12:00:00,36,103,2.0,0.0,0.0,0.1294,12.1275,6.0,-5,20.38254854803976,,7000.0,0.0,0.0,0.0,46.071288772202536,optimal
2021-02-08 12:30:00,36,103,2.0,0.0,0.0,0.1186666666666666,12.348,6.0,-5,20.4433160954992,,7000.0,0.0,0.0,0.0,45.89700165791584,optimal
2021-02-08 13:00:00,36,103,2.0,0.0,0.0,0.065,12.348,6.0,-5,20.50448935538756,,7000.0,0.0,0.0,0.0,45.72288883074343,optimal
2021-02-08 13:30:00,36,103,0.0,0.0,0.0,0.4926999999999999,25.389,6.0,-5,20.565162722730275,,0.0,0.0,0.0,0.0,45.54895011639819,optimal
2021-02-08 14:00:00,36,103,0.0,0.0,0.0,0.5145,29.1375,6.0,-5,20.48972784725044,,0.0,0.0,0.0,0.0,45.375185340767295,optimal
2021-02-08 14:30:00,36,103,0.0,0.0,0.0,0.2587333333333333,30.597,6.0,-5,20.417337047749022,,0.0,0.0,0.0,0.0,45.201594329912034,optimal
2021-02-08 15:00:00,36,103,0.0,0.0,0.0,0.065,33.684,6.0,-5,20.34028794816499,,0.0,0.0,0.0,0.0,45.02817691006763,optimal
2021-02-08 15:30:00,36,103,0.0,0.0,0.0,0.0972,32.445,6.0,-5,20.25389972097647,,0.0,0.0,0.0,0.0,44.85493290764307,optimal
2021-02-08 16:00:00,36,103,0.0,0.0,0.0,0.1508666666666666,28.917,6.0,-5,20.16880806704392,,0.0,0.0,0.0,0.0,44.68186214922093,optimal
2021-02-08 16:30:00,36,103,0.0,0.0,0.0,0.065,15.876,6.0,-5,20.08545898473321,,0.0,0.0,0.0,0.0,44.50896446155722,optimal
2021-02-08 17:00:00,36,103,1.1301638809696894,0.0,0.0,0.1830666666666666,12.348,6.0,-5,20.0,,3955.573583393913,0.0,0.0,0.0,44.33623967158117,optimal
2021-02-08 17:30:00,36,103,2.0,0.0,0.0,0.065,12.1275,6.0,-5,20.0,,7000.0,0.0,0.0,0.0,44.16368760639509,optimal
2021-02-08 18:00:00,36,103,0.3393438283502895,0.0,0.0,0.1669666666666666,12.348,6.0,-5,20.06069372957316,,1187.703399226013,0.0,0.0,0.0,43.991308093274206,optimal
2021-02-08 18:30:00,36,103,1.1808487415082587,0.0,0.0,0.0810999999999999,12.1275,6.0,-5,20.0,,4132.970595278905,0.0,0.0,0.0,43.81910095966644,optimal
2021-02-08 19:00:00,36,103,1.1823699529696592,0.0,0.0,0.065,12.1275,6.0,-5,20.0,,4138.294835393807,0.0,0.0,0.0,43.647066033192274,optimal
2021-02-08 19:30:00,36,103,1.1578729852520735,0.0,0.0,0.1830666666666666,11.2665,6.0,-5,20.0,,4052.555448382257,0.0,0.0,0.0,43.475203141644585,optimal
2021-02-08 20:00:00,36,103,1.2713055413440273,0.0,0.0,0.065,10.143,6.0,-5,20.0,,4202.949394704096,0.0,246.62,0.0,43.30351211298844,optimal
2021-02-08 20:30:00,36,103,0.0,0.0,0.0,0.8161333333333334,11.2455,6.0,-5,20.0,,0.0,0.0,0.0,0.0,43.13199277536096,optimal
2021-02-08 21:00:00,36,103,0.0,0.0,0.0,0.8118333333333334,11.025,6.0,-5,19.91968158840889,,0.0,0.0,0.0,0.0,42.9606449570711,optimal
2021-02-08 21:30:00,36,103,0.4072514285714286,0.0,0.0,0.2946333333333333,5.9745,6.0,-5,19.8432463803199,,0.0,0.0,1425.38,0.0,42.78946848659954,optimal
2021-02-08 22:00:00,36,103,0.0,0.0,0.0,0.5064666666666666,7.938,6.0,-5,19.76898105308082,,0.0,0.0,0.0,0.0,42.61846319259845,optimal
2021-02-08 22:30:00,36,103,0.0,0.0,0.0,0.7503333333333334,8.6835,6.0,-5,19.705019884739887,,0.0,0.0,0.0,0.0,42.57584472940585,optimal
2021-02-08 23:00:00,36,103,0.0,0.0,0.0,0.259,7.665,6.0,-5,19.651504114922847,,0.0,0.0,0.0,0.0,42.533268884676446,optimal
2021-02-08 23:30:00,36,103,0.0,0.0,0.0,0.1106666666666666,6.7725,6.0,-5,19.58411663932613,,0.0,0.0,0.0,0.0,42.49073561579177,optimal
2021-02-09 00:00:00,36,103,2.0,0.0,0.0,0.173,11.2455,6.0,-1,19.58411663932613,,7000.0,0.0,0.0,0.0,42.44824488017598,optimal
2021-02-09 00:30:00,36,103,2.0,0.0,0.0,0.1207333333333333,12.1275,6.0,-1,19.654000378271544,,3238.0,0.0,3762.0,0.0,42.4057966352958,optimal
2021-02-09 01:00:00,36,103,2.0,0.0,0.0,0.1655333333333333,11.823,6.0,-1,19.64350204217326,,7000.0,0.0,0.0,0.0,42.36339083866051,optimal
2021-02-09 01:30:00,36,103,2.0,0.0,0.0,0.1338,11.7705,6.0,-1,19.71341286028473,,7000.0,0.0,0.0,0.0,42.32102744782185,optimal
2021-02-09 02:00:00,36,103,2.0,0.0,3.1330408920492623,0.1002,11.13,6.0,-1,19.7818848473022,,7000.0,0.0,0.0,0.0,43.76690084409742,optimal
2021-02-09 02:30:00,36,103,2.0,0.0,0.0,0.2532666666666667,11.6865,6.0,-1,19.848885236651363,,7000.0,0.0,0.0,0.0,43.72313394325332,optimal
2021-02-09 03:00:00,36,103,2.0,0.0,5.0,0.145,10.7205,6.0,-1,19.91903061638192,,7000.0,0.0,0.0,0.0,46.05441080931006,optimal
2021-02-09 03:30:00,36,103,2.0,0.0,0.0,0.1057999999999999,11.424,6.0,-1,19.98680554542924,,7000.0,0.0,0.0,0.0,46.00835639850075,optimal
2021-02-09 04:00:00,36,103,2.0,0.0,5.0,0.2140666666666666,10.689,6.0,-1,20.053901493415577,,7000.0,0.0,0.0,0.0,48.33734804210225,optimal
2021-02-09 04:30:00,36,103,2.0,0.0,0.0,0.1394,11.361,6.0,-1,20.12342577413425,,7000.0,0.0,0.0,0.0,48.28901069406015,optimal
2021-02-09 05:00:00,36,103,2.0,0.0,0.0,0.2252666666666666,11.571,6.0,-1,20.19060921318119,,7000.0,0.0,0.0,0.0,48.24072168336608,optimal
2021-02-09 05:30:00,36,103,0.0,0.0,0.0,0.173,14.3745,6.0,-1,20.2588417223462,,0.0,0.0,0.0,0.0,48.19248096168271,optimal
2021-02-09 06:00:00,36,103,2.0,0.0,0.0,0.1505999999999999,13.23,6.0,-1,20.178311592946315,,7000.0,0.0,0.0,0.0,48.144288480721016,optimal
2021-02-09 06:30:00,36,103,2.0,0.0,0.0,0.1356666666666666,13.9755,6.0,-1,20.245028128730432,,7000.0,0.0,0.0,0.0,48.096144192240295,optimal
2021-02-09 07:00:00,36,103,0.0,0.0,0.0,2.3376666666666663,14.994,6.0,-1,20.31090080585748,,0.0,0.0,0.0,0.0,48.048048048048045,optimal
2021-02-09 07:30:00,36,103,2.0,0.0,0.0,1.2365666666666666,13.671,6.0,-1,20.24046565822976,,7000.0,0.0,0.0,0.0,48.0,optimal
2021-02-09 08:00:00,36,103,0.0,0.0,0.0,2.597866666666667,15.981,6.0,-1,20.318964776979165,,0.0,0.0,0.0,0.0,47.88111386586592,optimal
2021-02-09 08:30:00,36,103,0.0,0.0,0.0,0.1718,15.6345,6.0,-1,20.25275849601231,,0.0,0.0,0.0,0.0,47.76234661786598,optimal
2021-02-09 09:00:00,36,103,0.0,0.0,0.0,0.1979333333333333,16.5375,6.0,-1,20.164266760290232,,0.0,0.0,0.0,0.0,47.64369813711404,optimal
2021-02-09 09:30:00,36,103,1.2522171462082738,0.0,0.0,0.1923333333333332,14.7735,6.0,-1,20.0774071043434,,4382.760011728959,0.0,0.0,0.0,47.52516830484284,optimal
2021-02-09 10:00:00,36,103,0.0,0.0,0.0,0.1662,15.2145,6.0,-1,20.084443511237986,,0.0,0.0,0.0,0.0,47.40675700240392,optimal
2021-02-09 10:30:00,36,103,2.0,0.0,0.0,0.1680666666666666,14.553,6.0,-1,20.0,,7000.0,0.0,0.0,0.0,47.28846411126744,optimal
2021-02-09 11:00:00,36,103,2.0,0.0,0.0,0.183,14.3325,6.0,-1,20.064465901647782,,7000.0,0.0,0.0,0.0,47.17028951302209,optimal
2021-02-09 11:30:00,36,103,2.0,0.0,0.0,0.2352666666666666,14.595,6.0,-1,20.130087867153875,,7000.0,0.0,0.0,0.0,47.052233089374994,optimal
2021-02-09 12:00:00,36,103,0.4133141029545821,0.0,0.0,0.071,14.994,6.0,-1,20.196739195405907,,1446.5993603410377,0.0,0.0,0.0,46.93429472215154,optimal
2021-02-09 12:30:00,36,103,2.0,0.0,0.0,0.2539333333333333,14.3325,6.0,-1,20.142955754568717,,7000.0,0.0,0.0,0.0,46.81647429329532,optimal
2021-02-09 13:00:00,36,103,2.0,0.0,0.0,0.1643333333333333,13.8915,6.0,-1,20.209941647465016,,7000.0,0.0,0.0,0.0,46.69877168486794,optimal
2021-02-09 13:30:00,36,103,2.0,0.0,0.0,0.0934,13.8915,6.0,-1,20.274510696228333,,7000.0,0.0,0.0,0.0,46.581186779049,optimal
2021-02-09 14:00:00,36,103,2.0,0.0,0.0,0.1606,13.4715,6.0,-1,20.33706680596468,,7000.0,0.0,0.0,0.0,46.46371945813587,optimal
2021-02-09 14:30:00,36,103,2.0,0.0,0.0,0.071,13.23,6.0,-1,20.40052687138049,,7000.0,0.0,0.0,0.0,46.34636960454365,optimal
2021-02-09 15:00:00,36,103,2.0,0.0,0.0,0.0784666666666666,13.8915,6.0,-1,20.46158608792923,,7000.0,0.0,0.0,0.0,46.22913710080503,optimal
2021-02-09 15:30:00,36,103,0.0,0.0,0.0,0.5656666666666667,26.9325,6.0,-1,20.522298639007072,,0.0,0.0,0.0,0.0,46.11202182957015,optimal
2021-02-09 16:00:00,36,103,0.0,0.0,0.0,0.1792666666666666,30.303,6.0,-1,20.453002093169196,,0.0,0.0,0.0,0.0,45.9950236736065,optimal
2021-02-09 16:30:00,36,103,0.0,0.0,0.0,0.1326,32.886,6.0,-1,20.375079813643943,,0.0,0.0,0.0,0.0,45.87814251579882,optimal
2021-02-09 17:00:00,36,103,0.0,0.0,0.0,0.2856666666666667,34.9965,6.0,-1,20.289517820106862,,0.0,0.0,0.0,0.0,45.76137823914895,optimal
2021-02-09 17:30:00,36,103,0.0,0.0,0.0,0.123,33.327,6.0,-1,20.20711243971012,,0.0,0.0,0.0,0.0,45.64473072677572,optimal
2021-02-09 18:00:00,36,103,0.0,0.0,0.0,2.708733333333333,31.122,6.0,-1,20.12398590234731,,0.0,0.0,0.0,0.0,45.528199861914864,optimal
2021-02-09 18:30:00,36,103,0.0,0.0,0.0,0.9345333333333332,17.9025,6.0,-1,20.066325379682784,,0.0,0.0,0.0,0.0,45.41178552791887,optimal
2021-02-09 19:00:00,36,103,0.903485275005836,0.0,0.0,2.1056,15.6555,6.0,-1,20.0,,3162.198462520425,0.0,0.0,0.0,45.29548760825688,optimal
2021-02-09 19:30:00,36,103,0.8820833702439402,0.0,0.0,0.6028666666666667,14.553,6.0,-1,20.0,,3087.2917958537905,0.0,0.0,0.0,45.17930598651454,optimal
2021-02-09 20:00:00,36,103,0.9431119416724708,0.0,0.0,0.9274666666666668,14.3325,6.0,-1,20.0,,3300.891795853648,0.0,0.0,0.0,45.06324054639395,optimal
2021-02-09 20:30:00,36,103,0.0,0.0,0.0,1.8826,13.335,6.0,-1,20.0,,0.0,0.0,0.0,0.0,44.94729117171348,optimal
2021-02-09 21:00:00,36,103,0.2587619047619047,0.0,0.0,0.4669333333333332,12.1275,6.0,-1,19.92964160848677,,0.0,0.0,905.6666666666666,0.0,44.90234388054176,optimal
2021-02-09 21:30:00,36,103,0.0,0.0,0.0,0.6486000000000001,12.2955,6.0,-1,19.865978196371763,,0.0,0.0,0.0,0.0,44.85744153666122,optimal
2021-02-09 22:00:00,36,103,0.0199047619047619,0.0,0.0,1.9935333333333332,11.6865,6.0,-1,19.795866849136758,,0.0,0.0,69.66666666666666,0.0,44.81258409512456,optimal
2021-02-09 22:30:00,36,103,0.0398095238095238,0.0,0.0,2.5927333333333333,11.466,6.0,-1,19.72962513566693,,0.0,0.0,139.33333333333331,0.0,44.76777151102943,optimal
2021-02-09 23:00:00,36,103,0.0,0.0,0.0,2.0114666666666667,10.8045,6.0,-1,19.66976433104692,,0.0,0.0,0.0,0.0,44.7230037395184,optimal
2021-02-09 23:30:00,36,103,0.0,0.0,0.0,2.3666,10.584,6.0,-1,19.607338394033174,,0.0,0.0,0.0,0.0,44.67828073577888,optimal
2021-02-10 00:00:00,36,103,2.0,0.0,0.0,0.052,11.508,6.0,-6,19.607338394033174,,7000.0,0.0,0.0,0.0,44.6336024550431,optimal
2021-02-10 00:30:00,36,103,2.0,0.0,5.0,0.052,10.4475,6.0,-6,19.67363708684896,,0.0,0.0,7000.0,0.0,46.96396885258806,optimal
2021-02-10 01:00:00,36,103,2.0,0.0,0.0,0.052,10.8675,6.0,-6,19.591828480579316,,4739.500483260254,0.0,2260.4995167397456,0.0,46.91700488373547,optimal
2021-02-10 01:30:00,36,103,2.0,0.0,3.4970397838754548,0.052,10.542,6.0,-6,19.60970576371218,,7000.0,0.0,0.0,0.0,48.53118177619257,optimal
2021-02-10 02:00:00,36,103,2.0,0.0,0.0,0.052,11.025,6.0,-6,19.674632711682435,,7000.0,0.0,0.0,0.0,48.48265059441637,optimal
2021-02-10 02:30:00,36,103,2.0,0.0,0.0,0.052,11.025,6.0,-6,19.73881143840445,,7000.0,0.0,0.0,0.0,48.434167943821954,optimal
2021-02-10 03:00:00,36,103,2.0,0.0,0.0,0.052,14.553,6.0,-6,19.802699006600783,,7000.0,0.0,0.0,0.0,48.38573377587813,optimal
2021-02-10 03:30:00,36,103,2.0,0.0,0.0,0.052,13.0935,6.0,-6,19.866296737165293,,7000.0,0.0,0.0,0.0,48.33734804210225,optimal
2021-02-10 04:00:00,36,103,2.0,0.0,0.0,0.052,15.6345,6.0,-6,19.929605944999388,,7000.0,0.0,0.0,0.0,48.28901069406015,optimal
2021-02-10 04:30:00,36,103,0.0,0.0,0.0,0.052,18.102,6.0,-6,19.99262793903917,,0.0,0.0,0.0,0.0,48.24072168336608,optimal
2021-02-10 05:00:00,36,103,2.0,0.0,0.0,0.056,17.199,6.0,-6,19.907557499336512,,7000.0,0.0,0.0,0.0,48.19248096168271,optimal
2021-02-10 05:30:00,36,103,0.0,0.0,0.0,0.062,18.2805,6.0,-6,19.96977218362037,,0.0,0.0,0.0,0.0,48.144288480721016,optimal
2021-02-10 06:00:00,36,103,2.0,0.0,0.0,0.062,17.4615,6.0,-6,19.883898096670077,,7000.0,0.0,0.0,0.0,48.096144192240295,optimal
2021-02-10 06:30:00,36,103,0.0,0.0,0.0,0.0613333333333333,18.3225,6.0,-6,19.945312779598943,,0.0,0.0,0.0,0.0,48.048048048048045,optimal
2021-02-10 07:00:00,36,103,2.0,0.0,0.0,0.1174666666666666,17.094,6.0,-6,19.860515552076283,,7000.0,0.0,0.0,0.0,48.0,optimal
2021-02-10 07:30:00,36,103,2.0,0.0,0.0,0.1802666666666667,17.094,6.0,-6,19.93157789033992,,7000.0,0.0,0.0,0.0,47.80587813635153,optimal
2021-02-10 08:00:00,36,103,2.0,0.0,0.0,0.055,17.094,6.0,-6,20.0,,7000.0,0.0,0.0,0.0,47.61195039456671,optimal
2021-02-10 08:30:00,36,103,2.0,0.0,0.0,0.0606666666666666,17.3565,6.0,-6,20.06134380276745,,7000.0,0.0,0.0,0.0,47.41821658052368,optimal
2021-02-10 09:00:00,36,103,2.0,0.0,0.0,0.062,17.115,6.0,-6,20.124263211391263,,7000.0,0.0,0.0,0.0,47.22467650029469,optimal
2021-02-10 09:30:00,36,103,2.0,0.0,0.0,0.062,17.241,6.0,-6,20.180690176238976,,7000.0,0.0,0.0,0.0,47.031329960145925,optimal
2021-02-10 10:00:00,36,103,2.0,0.0,0.0,0.0566666666666666,17.094,6.0,-6,20.237768486405912,,7000.0,0.0,0.0,0.0,46.83817676653731,optimal
2021-02-10 10:30:00,36,103,2.0,0.0,0.0,0.05,16.5165,6.0,-6,20.298119473099035,,7000.0,0.0,0.0,0.0,46.64521672612231,optimal
2021-02-10 11:00:00,36,103,2.0,0.0,0.0,0.0654666666666666,17.8185,6.0,-6,20.360707151047823,,7000.0,0.0,0.0,0.0,46.45244964574772,optimal
2021-02-10 11:30:00,36,103,2.0,0.0,0.0,0.052,17.094,6.0,-6,20.42500072770988,,7000.0,0.0,0.0,0.0,46.259875332453504,optimal
2021-02-10 12:00:00,36,103,2.0,0.0,0.0,0.056,16.8945,6.0,-6,20.483692691430345,,7000.0,0.0,0.0,0.0,46.06749359347258,optimal
2021-02-10 12:30:00,36,103,2.0,0.0,0.0,0.062,18.123,6.0,-6,20.542572058378337,,7000.0,0.0,0.0,0.0,45.87530423623064,optimal
2021-02-10 13:00:00,36,103,0.0,0.0,0.0,0.062,31.647,6.0,-6,20.601184308314977,,0.0,0.0,0.0,0.0,45.68330706834594,optimal
2021-02-10 13:30:00,36,103,0.0,0.0,0.0,0.058,34.9965,6.0,-6,20.512177798104503,,0.0,0.0,0.0,0.0,45.49150189762913,optimal
2021-02-10 14:00:00,36,103,0.0,0.0,0.0,0.056,34.9965,6.0,-6,20.42448241875821,,0.0,0.0,0.0,0.0,45.29988853208303,optimal
2021-02-10 14:30:00,36,103,0.0,0.0,0.0,0.062,34.9965,6.0,-6,20.33809222185948,,0.0,0.0,0.0,0.0,45.10846677990248,optimal
2021-02-10 15:00:00,36,103,0.0,0.0,0.0,0.0666666666666666,34.9965,6.0,-6,20.252093949881168,,0.0,0.0,0.0,0.0,44.91723644947411,optimal
2021-02-10 15:30:00,36,103,0.0,0.0,0.0,1.4342666666666668,34.9965,6.0,-6,20.16780919249104,,0.0,0.0,0.0,0.0,44.72619734937617,optimal
2021-02-10 16:00:00,36,103,0.0,0.0,0.0,1.9073666666666664,27.741,6.0,-6,20.09714759117474,,0.0,0.0,0.0,0.0,44.53534928837833,optimal
2021-02-10 16:30:00,36,103,0.1591547220347259,0.0,0.0,0.7823666666666667,19.026,6.0,-6,20.045981730731786,,557.0415271215408,0.0,0.0,0.0,44.34469207544148,optimal
2021-02-10 17:00:00,36,103,0.9614831929251192,0.0,0.0,0.1996333333333333,18.7215,6.0,-6,20.0,,3365.1911752379174,0.0,0.0,0.0,44.15422551971757,optimal
2021-02-10 17:30:00,36,103,0.9044253567675103,0.0,0.0,0.3344,17.4195,6.0,-6,20.0,,3165.4887486862867,0.0,0.0,0.0,44.11007129419785,optimal
2021-02-10 18:00:00,36,103,0.818739096692604,0.0,0.0,1.0238,16.758,6.0,-6,20.0,,2860.4196884971934,0.0,5.167149926920408,0.0,44.06596122290365,optimal
2021-02-10 18:30:00,36,103,1.3985840802577372,0.0,0.0,0.2271,14.217,6.0,-6,20.0,,2912.519100910843,0.0,1982.5251799912376,0.0,44.02189526168075,optimal
2021-02-10 19:00:00,36,103,2.0,0.0,0.0,0.231,13.3665,6.0,-6,20.0,,3060.858513324572,0.0,3939.141486675428,0.0,43.97787336641907,optimal
2021-02-10 19:30:00,36,103,0.9675630417380242,0.0,0.0,0.9967333333333332,12.789,6.0,-6,20.0,,3038.137312749752,0.0,348.3333333333333,0.0,43.93389549305265,optimal
2021-02-10 20:00:00,36,103,0.9319093653832916,0.0,0.0,0.2333333333333332,11.907,6.0,-6,20.0,,3261.6827788415203,0.0,0.0,0.0,43.8899615975596,optimal
2021-02-10 20:30:00,36,103,0.398095238095238,0.0,0.0,2.7075,11.7075,6.0,-6,20.0,,0.0,0.0,1393.3333333333333,0.0,43.84607163596204,optimal
2021-02-10 21:00:00,36,103,0.0597142857142857,0.0,0.0,1.1289,10.8045,6.0,-6,19.95363889327304,,0.0,0.0,209.0,0.0,43.80222556432608,optimal
2021-02-10 21:30:00,36,103,0.0,0.0,0.0,0.1788333333333333,11.508,6.0,-6,19.88722816627353,,0.0,0.0,0.0,0.0,43.75842333876175,optimal
2021-02-10 22:00:00,36,103,0.0,0.0,0.0,0.1868,11.508,6.0,-6,19.80178819656499,,0.0,0.0,0.0,0.0,43.714664915422986,optimal
2021-02-10 22:30:00,36,103,0.0,0.0,0.0,0.2377,11.508,6.0,-6,19.71065626482944,,0.0,0.0,0.0,0.0,43.670950250507566,optimal
2021-02-10 23:00:00,36,103,0.0,0.0,0.0,0.062,11.844,6.0,-6,19.611499528559296,,0.0,0.0,0.0,0.0,43.62727930025706,optimal
2021-02-10 23:30:00,36,103,0.0,0.0,0.0,0.062,11.508,6.0,-6,19.510918752918563,,0.0,0.0,0.0,0.0,43.5836520209568,optimal
2021-02-11 00:00:00,36,103,2.0,0.0,0.0,0.162,12.684,6.0,5,19.510918752918563,,7000.0,0.0,0.0,0.0,43.54006836893584,optimal
2021-02-11 00:30:00,36,103,2.0,0.0,0.0,0.4405,12.306,6.0,5,19.57187767833609,,0.0,0.0,7000.0,0.0,43.49652830056691,optimal
2021-02-11 01:00:00,36,103,2.0,0.0,5.0,0.0692666666666666,10.6365,6.0,5,19.493694403359587,,0.0,0.0,7000.0,0.0,45.82803177226634,optimal
2021-02-11 01:30:00,36,103,2.0,0.0,0.0,0.1736666666666666,11.2455,6.0,5,19.40753585588344,,2538.333333333333,0.0,4461.666666666667,0.0,45.78220374049408,optimal
2021-02-11 02:00:00,36,103,2.0,0.0,0.0,0.0597333333333333,11.2455,6.0,5,19.37695182648016,,7000.0,0.0,0.0,0.0,45.73642153675358,optimal
2021-02-11 02:30:00,36,103,2.0,0.0,0.0,0.3139333333333333,11.025,6.0,5,19.434340777062378,,7000.0,0.0,0.0,0.0,45.69068511521683,optimal
2021-02-11 03:00:00,36,103,2.0,0.0,0.0,0.198,12.0855,6.0,5,19.49507183681224,,7000.0,0.0,0.0,0.0,45.64499443010161,optimal
2021-02-11 03:30:00,36,103,2.0,0.0,0.0,0.172,11.6865,6.0,5,19.55334505123848,,7000.0,0.0,0.0,0.0,45.59934943567151,optimal
2021-02-11 04:00:00,36,103,2.0,0.0,0.0,0.1462,11.2245,6.0,5,19.61052336454639,,7000.0,0.0,0.0,0.0,45.55375008623584,optimal
2021-02-11 04:30:00,36,103,2.0,0.0,0.0,0.0990666666666666,11.025,6.0,5,19.66780881047914,,7000.0,0.0,0.0,0.0,45.50819633614961,optimal
2021-02-11 05:00:00,36,103,2.0,0.0,0.635459381885629,0.1896666666666666,10.7835,6.0,5,19.730745325027485,,7000.0,0.0,0.0,0.0,45.764531346209125,optimal
2021-02-11 05:30:00,36,103,2.0,0.0,0.0,0.2311666666666666,11.025,6.0,5,19.796401613127664,,7000.0,0.0,0.0,0.0,45.71876681486292,optimal
2021-02-11 06:00:00,36,103,2.0,0.0,5.0,0.9903,10.584,6.0,5,19.86434528495337,,7000.0,0.0,0.0,0.0,48.048048048048045,optimal
2021-02-11 06:30:00,36,103,2.0,0.0,0.0,1.3218666666666663,11.025,6.0,5,19.929864635458067,,7000.0,0.0,0.0,0.0,48.0,optimal
2021-02-11 07:00:00,36,103,2.0,0.0,0.0,0.0885333333333333,10.4265,6.0,5,20.001464362233644,,7000.0,0.0,0.0,0.0,47.66033145990116,optimal
2021-02-11 07:30:00,36,103,2.0,0.0,0.0,0.0988,12.789,6.0,5,20.06658887066993,,7000.0,0.0,0.0,0.0,47.32100258834242,optimal
2021-02-11 08:00:00,36,103,2.0,0.0,0.0,0.1398666666666666,12.684,6.0,5,20.138044087982983,,7000.0,0.0,0.0,0.0,46.98201304565524,optimal
2021-02-11 08:30:00,36,103,2.0,0.0,0.0,0.2672333333333332,16.254,6.0,5,20.20844487796881,,7000.0,0.0,0.0,0.0,46.64336249251074,optimal
2021-02-11 09:00:00,36,103,2.0,0.0,0.0,0.3811666666666667,17.64,6.0,5,20.27383427343322,,7000.0,0.0,0.0,0.0,46.30505058991939,optimal
2021-02-11 09:30:00,36,103,0.0,0.0,0.0,0.2767666666666666,19.1625,6.0,5,20.338932760237988,,0.0,0.0,0.0,0.0,45.96707699923063,optimal
2021-02-11 10:00:00,36,103,0.0,0.0,0.0,0.3787,26.46,6.0,5,20.26399910034099,,0.0,0.0,0.0,0.0,45.62944138213256,optimal
2021-02-11 10:30:00,36,103,0.0,0.0,0.0,0.6137666666666667,20.79,6.0,5,20.19895133354523,,0.0,0.0,0.0,0.0,45.29214340065158,optimal
2021-02-11 11:00:00,36,103,0.0,0.0,0.0,0.2404666666666666,29.106,6.0,5,20.13707101453332,,0.0,0.0,0.0,0.0,44.95518271715209,optimal
2021-02-11 11:30:00,36,103,2.0,0.0,0.0,0.1254666666666666,19.1835,6.0,5,20.059267895875475,,7000.0,0.0,0.0,0.0,44.6185589943361,optimal
2021-02-11 12:00:00,36,103,0.0,0.0,0.0,0.1152,19.6665,6.0,5,20.11801675505417,,0.0,0.0,0.0,0.0,44.28227189524292,optimal
2021-02-11 12:30:00,36,103,0.6920321599009845,0.0,0.0,0.069,19.404,6.0,5,20.032332630619926,,2422.1125596534457,0.0,0.0,0.0,43.94632108324884,optimal
2021-02-11 13:00:00,36,103,1.2243046681322236,0.0,0.0,0.069,19.047,6.0,5,20.0,,4285.066338462783,0.0,0.0,0.0,43.61070622206675,optimal
2021-02-11 13:30:00,36,103,2.0,0.0,0.0,0.1716666666666666,18.858,6.0,5,20.00997883206319,,7000.0,0.0,0.0,0.0,43.275426975745845,optimal
2021-02-11 14:00:00,36,103,0.0,0.0,0.0,0.069,19.2675,6.0,5,20.079677697563312,,0.0,0.0,0.0,0.0,42.94048300867126,optimal
2021-02-11 14:30:00,36,103,0.9182235278745776,0.0,0.0,0.3223333333333333,18.963,6.0,5,20.0,,3213.782347561021,0.0,0.0,0.0,42.60587398556375,optimal
2021-02-11 15:00:00,36,103,1.3351381097407486,0.0,0.0,0.7343666666666667,18.438,6.0,5,20.0,,4672.98338409262,0.0,0.0,0.0,42.27159957147934,optimal
2021-02-11 15:30:00,36,103,0.0,0.0,0.0,0.5747666666666666,18.7425,6.0,5,20.050122227497127,,0.0,0.0,0.0,0.0,41.937659431809024,optimal
2021-02-11 16:00:00,36,103,2.0,0.0,0.0,0.3231333333333333,15.2145,6.0,5,20.0,,7000.0,0.0,0.0,0.0,41.604053232278375,optimal
2021-02-11 16:30:00,36,103,1.756369184332376,0.0,0.0,0.3703333333333333,17.7765,6.0,5,20.083956089907797,,6147.292145163316,0.0,0.0,0.0,41.27078063894726,optimal
2021-02-11 17:00:00,36,103,2.0,0.0,0.0,0.3488,16.758,6.0,5,20.14641202275815,,7000.0,0.0,0.0,0.0,40.93784131820947,optimal
2021-02-11 17:30:00,36,103,2.0,0.0,0.0,1.437266666666667,16.422,6.0,5,20.22498591324289,,7000.0,0.0,0.0,0.0,40.60523493679242,optimal
2021-02-11 18:00:00,36,103,2.0,0.0,0.0,1.703633333333333,16.758,6.0,5,20.312433062007223,,7000.0,0.0,0.0,0.0,40.27296116175679,optimal
2021-02-11 18:30:00,36,103,0.0,0.0,0.0,0.4105666666666666,29.358,6.0,5,20.39752604400895,,0.0,0.0,0.0,0.0,39.9410196604962,optimal
2021-02-11 19:00:00,36,103,0.0,0.0,0.0,0.069,34.9965,6.0,5,20.31938588229863,,0.0,0.0,0.0,0.0,39.60941010073686,optimal
2021-02-11 19:30:00,36,103,0.0,0.0,0.0,0.4687,34.65,6.0,5,20.20504924560604,,0.0,0.0,0.0,0.0,39.27813215053728,optimal
2021-02-11 20:00:00,36,103,0.0,0.0,0.0,0.5384,34.9965,6.0,5,20.100275018907578,,0.0,0.0,0.0,0.0,38.94718547828791,optimal
2021-02-11 20:30:00,36,103,0.0,0.0,0.0,0.3217,34.9965,6.0,5,20.0,,0.0,0.0,0.0,0.0,38.90823829280962,optimal
2021-02-11 21:00:00,36,103,0.0,0.0,0.0,0.207,30.4815,6.0,5,19.906381028338345,,0.0,0.0,0.0,0.0,38.86933005451681,optimal
2021-02-11 21:30:00,36,103,0.0,0.0,0.0,0.3160666666666666,21.4305,6.0,5,19.81770808500436,,0.0,0.0,0.0,0.0,38.83046072446229,optimal
2021-02-11 22:00:00,36,103,0.4681599999999999,0.0,0.0,0.3056999999999999,14.3325,6.0,5,19.732693857326577,,0.0,0.0,1638.56,0.0,38.79163026373783,optimal
2021-02-11 22:30:00,36,103,0.1886971428571429,0.0,0.0,1.3913666666666666,13.692,6.0,5,19.65154838959668,,0.0,0.0,660.4400000000002,0.0,38.75283863347409,optimal
2021-02-11 23:00:00,36,103,0.0,0.0,0.0,0.3522333333333333,14.007,6.0,5,19.575001922965573,,0.0,0.0,0.0,0.0,38.71408579484062,optimal
2021-02-11 23:30:00,36,103,0.0,0.0,0.0,0.0663333333333333,12.873,6.0,5,19.481802292243547,,0.0,0.0,0.0,0.0,38.67537170904578,optimal
2021-02-12 00:00:00,36,103,2.0,0.0,0.0,0.0603333333333333,10.8045,6.0,-1,19.481802292243547,,7000.0,0.0,0.0,0.0,38.63669633733673,optimal
2021-02-12 00:30:00,36,103,2.0,0.0,0.0,0.1924,11.025,6.0,-1,19.515710596146445,,5885.333333333333,0.0,1114.6666666666667,0.0,38.5980596409994,optimal
2021-02-12 01:00:00,36,103,2.0,0.0,1.2149763465424863,0.1146,10.3635,6.0,-1,19.52862656845941,,7000.0,0.0,0.0,0.0,39.13657534596607,optimal
2021-02-12 01:30:00,36,103,2.0,0.0,0.0,0.138,10.8045,6.0,-1,19.56328234406985,,7000.0,0.0,0.0,0.0,39.0974387706201,optimal
2021-02-12 02:00:00,36,103,2.0,0.0,5.0,0.1703333333333333,10.059,6.0,-1,19.598727145241945,,7000.0,0.0,0.0,0.0,41.43334133184948,optimal
2021-02-12 02:30:00,36,103,2.0,0.0,0.0,0.069,10.584,6.0,-1,19.635145442726763,,7000.0,0.0,0.0,0.0,41.39190799051762,optimal
2021-02-12 03:00:00,36,103,2.0,0.0,5.0,0.2393333333333333,9.4185,6.0,-1,19.670626418796616,,7000.0,0.0,0.0,0.0,43.7255160825271,optimal
2021-02-12 03:30:00,36,103,2.0,0.0,5.0,0.069,10.3635,6.0,-1,19.710893019903,,7000.0,0.0,0.0,0.0,46.056790566444576,optimal
2021-02-12 04:00:00,36,103,2.0,0.0,5.0,0.1044666666666666,9.8385,6.0,-1,19.750567036043005,,7000.0,0.0,0.0,0.0,48.38573377587813,optimal
2021-02-12 04:30:00,36,103,2.0,0.0,0.0,0.2038666666666666,11.067,6.0,-1,19.79398332951384,,7000.0,0.0,0.0,0.0,48.33734804210225,optimal
2021-02-12 05:00:00,36,103,2.0,0.0,0.0,0.069,10.8465,6.0,-1,19.842470745529575,,7000.0,0.0,0.0,0.0,48.28901069406015,optimal
2021-02-12 05:30:00,36,103,2.0,0.0,0.0,0.2163333333333333,13.671,6.0,-1,19.891074869146305,,7000.0,0.0,0.0,0.0,48.24072168336608,optimal
2021-02-12 06:00:00,36,103,2.0,0.0,0.0,0.092,12.348,6.0,-1,19.946189264262543,,7000.0,0.0,0.0,0.0,48.19248096168271,optimal
2021-02-12 06:30:00,36,103,2.0,0.0,0.0,0.115,14.3325,6.0,-1,20.002065701720003,,7000.0,0.0,0.0,0.0,48.144288480721016,optimal
2021-02-12 07:00:00,36,103,0.6833851912113401,0.0,0.0,0.2026666666666666,15.393,6.0,-1,20.058626473164367,,2391.8481692396904,0.0,0.0,0.0,48.096144192240295,optimal
2021-02-12 07:30:00,36,103,2.0,0.0,0.0,0.1623333333333333,13.587,6.0,-1,20.021868190218328,,7000.0,0.0,0.0,0.0,48.048048048048045,optimal
2021-02-12 08:00:00,36,103,0.0,0.0,0.0,0.3918,16.1385,6.0,-1,20.08373338596077,,0.0,0.0,0.0,0.0,48.0,optimal
2021-02-12 08:30:00,36,103,1.2513180634412322,0.0,0.0,0.1683333333333333,14.595,6.0,-1,20.0,,4379.613222044312,0.0,0.0,0.0,47.70265168742541,optimal
2021-02-12 09:00:00,36,103,1.1560122449108732,0.0,0.0,1.2205666666666666,14.637,6.0,-1,20.0,,4046.042857188056,0.0,0.0,0.0,47.4056007231634,optimal
2021-02-12 09:30:00,36,103,1.0226160254037722,0.0,0.0,1.5717,13.9125,6.0,-1,20.0,,3439.822755579869,0.0,139.33333333333331,0.0,47.10884680986564,optimal
2021-02-12 10:00:00,36,103,0.9723493005374296,0.0,0.0,0.8713,13.3665,6.0,-1,20.0,,3124.555885214337,0.0,278.66666666666663,0.0,46.81238965048119,optimal
2021-02-12 10:30:00,36,103,2.0,0.0,0.0,0.5865666666666667,13.0095,6.0,-1,20.0,,6930.333333333333,0.0,69.66666666666666,0.0,46.51622894825611,optimal
2021-02-12 11:00:00,36,103,0.0,0.0,0.0,0.3427666666666666,13.8915,6.0,-1,20.07659310575198,,0.0,0.0,0.0,0.0,46.22036440673327,optimal
2021-02-12 11:30:00,36,103,0.6726901375317932,0.0,0.0,0.4933999999999999,13.188,6.0,-1,20.011138463496543,,2354.4154813612763,0.0,0.0,0.0,45.92479572975194,optimal
2021-02-12 12:00:00,36,103,2.0,0.0,0.0,0.2575333333333333,12.5685,6.0,-1,20.0,,4283.0,0.0,2717.0,0.0,45.6295226214476,optimal
2021-02-12 12:30:00,36,103,2.0,0.0,0.0,0.2887666666666666,12.285,6.0,-1,20.024415973199957,,7000.0,0.0,0.0,0.0,45.33454478625156,optimal
2021-02-12 13:00:00,36,103,2.0,0.0,0.0,0.2,11.487,6.0,-1,20.106266168438538,,7000.0,0.0,0.0,0.0,45.03986192889072,optimal
2021-02-12 13:30:00,36,103,2.0,0.0,0.0,0.4737666666666666,11.802,6.0,-1,20.182012498951195,,7000.0,0.0,0.0,0.0,44.74547375438724,optimal
2021-02-12 14:00:00,36,103,2.0,0.0,0.0,1.0241333333333331,11.2245,6.0,-1,20.261447366013115,,7000.0,0.0,0.0,0.0,44.45137996805826,optimal
2021-02-12 14:30:00,36,103,2.0,0.0,0.0,0.5829666666666667,11.025,6.0,-1,20.35400426512315,,7000.0,0.0,0.0,0.0,44.15758027551561,optimal
2021-02-12 15:00:00,36,103,2.0,0.0,0.0,0.0965,11.907,6.0,-1,20.437646338877634,,7000.0,0.0,0.0,0.0,43.86407438266551,optimal
2021-02-12 15:30:00,36,103,0.0,0.0,0.0,0.1233333333333333,25.83,6.0,-1,20.509271204303783,,0.0,0.0,0.0,0.0,43.57086199570825,optimal
2021-02-12 16:00:00,36,103,0.0,0.0,0.0,0.0735,28.035,6.0,-1,20.434969095450786,,0.0,0.0,0.0,0.0,43.27794282113795,optimal
2021-02-12 16:30:00,36,103,0.0,0.0,0.0,0.1802333333333333,28.119,6.0,-1,20.360148147147115,,0.0,0.0,0.0,0.0,42.985316565742224,optimal
2021-02-12 17:00:00,36,103,0.0,0.0,0.0,0.5114333333333333,30.156,6.0,-1,20.28815224409957,,0.0,0.0,0.0,0.0,42.69298293660189,optimal
2021-02-12 17:30:00,36,103,0.0,0.0,0.0,1.2994333333333334,29.1585,6.0,-1,20.218090766072056,,0.0,0.0,0.0,0.0,42.400941641090704,optimal
2021-02-12 18:00:00,36,103,0.0,0.0,0.0,0.2728333333333333,26.712,6.0,-1,20.14897601877244,,0.0,0.0,0.0,0.0,42.10919238687502,optimal
2021-02-12 18:30:00,36,103,0.0,0.0,0.0,0.2182666666666667,15.435,6.0,-1,20.075692947996927,,0.0,0.0,0.0,0.0,41.81773488191356,optimal
2021-02-12 19:00:00,36,103,0.9313762231592544,0.0,0.0,0.3723999999999999,13.566,6.0,-1,20.00335962648131,,3259.8167810573905,0.0,0.0,0.0,41.52656883445705,optimal
2021-02-12 19:30:00,36,103,0.982063818979418,0.0,0.0,0.3377666666666666,12.789,6.0,-1,20.0,,3437.223366427964,0.0,0.0,0.0,41.235693953048006,optimal
2021-02-12 20:00:00,36,103,1.8411413960565388,0.0,0.0,0.2466999999999999,12.1275,6.0,-1,20.0,,3517.994886197886,0.0,2925.9999999999995,0.0,40.94510994652037,optimal
2021-02-12 20:30:00,36,103,0.0,0.0,0.0,0.2787666666666666,13.671,6.0,-1,20.0,,0.0,0.0,0.0,0.0,40.65481652399926,optimal
2021-02-12 21:00:00,36,103,0.1592380952380952,0.0,0.0,0.3269666666666666,10.668,6.0,-1,19.92719529463035,,0.0,0.0,557.3333333333334,0.0,40.61416170747526,optimal
2021-02-12 21:30:00,36,103,0.0,0.0,0.0,0.3733999999999999,11.7285,6.0,-1,19.85650397808922,,0.0,0.0,0.0,0.0,40.57354754576779,optimal
2021-02-12 22:00:00,36,103,0.0,0.0,0.0,0.268,11.025,6.0,-1,19.788660307661345,,0.0,0.0,0.0,0.0,40.53297399822202,optimal
2021-02-12 22:30:00,36,103,0.0,0.0,0.0,0.0794333333333333,10.689,6.0,-1,19.717630947846093,,0.0,0.0,0.0,0.0,40.492441024223794,optimal
2021-02-12 23:00:00,36,103,0.0,0.0,0.0,0.069,8.1585,6.0,-1,19.641887866477585,,0.0,0.0,0.0,0.0,40.45194858319957,optimal
2021-02-12 23:30:00,36,103,0.0,0.0,0.0,0.0892666666666666,10.3635,6.0,-1,19.557659164728065,,0.0,0.0,0.0,0.0,40.41149663461637,optimal
2021-02-13 00:00:00,36,103,2.0,0.0,0.0,0.0720666666666666,8.379,6.0,-5,19.557659164728065,,7000.0,0.0,0.0,0.0,40.37108513798175,optimal
2021-02-13 00:30:00,36,103,2.0,0.0,0.0,0.2148,9.5235,6.0,-5,19.62141523471972,,0.0,0.0,7000.0,0.0,40.33071405284377,optimal
2021-02-13 01:00:00,36,103,2.0,0.0,5.0,0.1140666666666666,8.1375,6.0,-5,19.540760637993955,,4873.666666666666,0.0,2126.333333333333,0.0,42.665383338790924,optimal
2021-02-13 01:30:00,36,103,2.0,0.0,0.0,0.057,10.0905,6.0,-5,19.56117097284384,,7000.0,0.0,0.0,0.0,42.62271795545213,optimal
2021-02-13 02:00:00,36,103,2.0,0.0,5.0,0.2227333333333332,7.539,6.0,-5,19.625274453818456,,7000.0,0.0,0.0,0.0,44.95509523749668,optimal
2021-02-13 02:30:00,36,103,2.0,0.0,5.0,0.057,7.938,6.0,-5,19.69280270602779,,7000.0,0.0,0.0,0.0,47.28514014225918,optimal
2021-02-13 03:00:00,36,103,2.0,0.0,2.518553561484276,0.2235,8.274,6.0,-5,19.75653584972248,,7000.0,0.0,0.0,0.0,48.434167943821954,optimal
2021-02-13 03:30:00,36,103,2.0,0.0,0.0,0.1204333333333333,9.261,6.0,-5,19.823484749260608,,7000.0,0.0,0.0,0.0,48.38573377587813,optimal
2021-02-13 04:00:00,36,103,2.0,0.0,0.0,0.1212,9.9225,6.0,-5,19.887733493372743,,7000.0,0.0,0.0,0.0,48.33734804210225,optimal
2021-02-13 04:30:00,36,103,2.0,0.0,0.0,0.2227333333333332,9.702,6.0,-5,19.95148006581845,,7000.0,0.0,0.0,0.0,48.28901069406015,optimal
2021-02-13 05:00:00,36,103,2.0,0.0,0.0,0.057,10.584,6.0,-5,20.016621090078186,,7000.0,0.0,0.0,0.0,48.24072168336608,optimal
2021-02-13 05:30:00,36,103,2.0,0.0,0.0,0.2191333333333333,10.143,6.0,-5,20.077524167639176,,7000.0,0.0,0.0,0.0,48.19248096168271,optimal
2021-02-13 06:00:00,36,103,0.0,0.0,0.0,0.1512666666666667,13.0095,6.0,-5,20.14111025176178,,0.0,0.0,0.0,0.0,48.144288480721016,optimal
2021-02-13 06:30:00,36,103,2.0,0.0,0.0,1.4494333333333334,11.025,6.0,-5,20.056477847318348,,7000.0,0.0,0.0,0.0,48.096144192240295,optimal
2021-02-13 07:00:00,36,103,2.0,0.0,0.0,1.0155666666666667,12.789,6.0,-5,20.126099753932507,,7000.0,0.0,0.0,0.0,48.048048048048045,optimal
2021-02-13 07:30:00,36,103,2.0,0.0,0.0,2.6106333333333334,12.1275,6.0,-5,20.200840130240557,,7000.0,0.0,0.0,0.0,48.0,optimal
2021-02-13 08:00:00,36,103,2.0,0.0,0.0,3.3200666666666665,12.1695,6.0,-5,20.28077918303943,,7000.0,0.0,0.0,0.0,47.447078399026886,optimal
2021-02-13 08:30:00,36,103,2.0,0.0,0.0,2.8689666666666667,12.306,6.0,-5,20.3609882317864,,7000.0,0.0,0.0,0.0,46.89470971965475,optimal
2021-02-13 09:00:00,36,103,0.3949852478241714,0.0,0.0,0.5524666666666667,13.23,6.0,-5,20.434985083967693,,1382.4483673845998,0.0,0.0,0.0,46.342893408961984,optimal
2021-02-13 09:30:00,36,103,0.0,0.0,0.0,0.4705,13.671,6.0,-5,20.373593082201875,,0.0,0.0,0.0,0.0,45.79162891457991,optimal
2021-02-13 10:00:00,36,103,0.0,0.0,0.0,2.1775333333333333,13.9335,6.0,-5,20.29226510945389,,0.0,0.0,0.0,0.0,45.24091568469222,optimal
2021-02-13 10:30:00,36,103,2.0,0.0,0.0,1.7748333333333333,13.293,6.0,-5,20.21667518960273,,7000.0,0.0,0.0,0.0,44.69075316803441,optimal
2021-02-13 11:00:00,36,103,2.0,0.0,0.0,0.5797666666666667,12.1065,6.0,-5,20.284720128480146,,7000.0,0.0,0.0,0.0,44.14114081389327,optimal
2021-02-13 11:30:00,36,103,2.0,0.0,0.0,0.1311999999999999,11.571,6.0,-5,20.35153623891568,,7000.0,0.0,0.0,0.0,43.59207807210626,optimal
2021-02-13 12:00:00,36,103,2.0,0.0,0.0,0.1498666666666666,11.025,6.0,-5,20.40678625623365,,7000.0,0.0,0.0,0.0,43.04356439306104,optimal
2021-02-13 12:30:00,36,103,2.0,0.0,0.0,0.1485333333333333,10.8465,6.0,-5,20.462405397761177,,7000.0,0.0,0.0,0.0,42.49559922769487,optimal
2021-02-13 13:00:00,36,103,2.0,0.0,0.0,0.1546333333333333,11.2455,6.0,-5,20.521376425534825,,7000.0,0.0,0.0,0.0,41.94818202749406,optimal
2021-02-13 13:30:00,36,103,0.0,0.0,0.0,0.3020666666666666,23.8665,6.0,-5,20.585735144932197,,0.0,0.0,0.0,0.0,41.401312244493454,optimal
2021-02-13 14:00:00,36,103,0.0,0.0,0.0,1.6761333333333337,27.4575,6.0,-5,20.503943294674364,,0.0,0.0,0.0,0.0,40.854989331275846,optimal
2021-02-13 14:30:00,36,103,0.0,0.0,0.0,0.174,27.3735,6.0,-5,20.43222179445232,,0.0,0.0,0.0,0.0,40.30921274097146,optimal
2021-02-13 15:00:00,36,103,0.0,0.0,0.0,0.1554,30.4605,6.0,-5,20.35116574194284,,0.0,0.0,0.0,0.0,39.763981927257376,optimal
2021-02-13 15:30:00,36,103,0.0,0.0,0.0,0.18,30.0195,6.0,-5,20.264326165589704,,0.0,0.0,0.0,0.0,39.219296344357005,optimal
2021-02-13 16:00:00,36,103,0.0,0.0,0.0,0.067,26.9325,6.0,-5,20.176141406332068,,0.0,0.0,0.0,0.0,38.675155447039536,optimal
2021-02-13 16:30:00,36,103,0.0,0.0,0.0,0.2894,14.595,6.0,-5,20.08552434739125,,0.0,0.0,0.0,0.0,38.131558690619386,optimal
2021-02-13 17:00:00,36,103,1.2169344550445973,0.0,0.0,0.0745333333333333,12.4845,6.0,-5,20.0,,4259.270592656091,0.0,0.0,0.0,37.58850553095565,optimal
2021-02-13 17:30:00,36,103,1.4995147190719105,0.0,0.0,0.1311999999999999,12.1275,6.0,-5,20.0,,4760.634850085019,0.0,487.6666666666667,0.0,37.04599542445158,optimal
2021-02-13 18:00:00,36,103,2.0,0.0,0.0,0.1383333333333333,12.1275,6.0,-5,20.01129311024241,,7000.0,0.0,0.0,0.0,36.50402782805402,optimal
2021-02-13 18:30:00,36,103,0.0,0.0,0.0,0.213,12.789,6.0,-5,20.074809049588865,,0.0,0.0,0.0,0.0,36.46752380022597,optimal
2021-02-13 19:00:00,36,103,0.9722595752355706,0.0,0.0,0.6945666666666667,11.907,6.0,-5,20.0,,3402.908513324497,0.0,0.0,0.0,36.43105627642574,optimal
2021-02-13 19:30:00,36,103,1.2573633102740531,0.0,0.0,2.3716666666666666,11.025,6.0,-5,20.0,,3476.793366427851,0.0,923.9782195313348,0.0,36.39462522014932,optimal
2021-02-13 20:00:00,36,103,2.0,0.0,0.0,2.6371,8.2005,6.0,-5,20.0,,3256.311552864668,0.0,3743.688447135332,0.0,36.35823059492917,optimal
2021-02-13 20:30:00,36,103,0.0597142857142857,0.0,0.0,2.32,9.5655,6.0,-5,20.0,,0.0,0.0,209.0,0.0,36.32187236433424,optimal
2021-02-13 21:00:00,36,103,0.1194285714285714,0.0,0.0,2.0266,7.056,6.0,-5,19.92863494492409,,0.0,0.0,418.0,0.0,36.28555049196991,optimal
2021-02-13 21:30:00,36,103,0.0,0.0,0.0,0.3309666666666666,9.3975,6.0,-5,19.862235335556125,,0.0,0.0,0.0,0.0,36.24926494147794,optimal
2021-02-13 22:00:00,36,103,0.0,0.0,0.0,2.15,10.059,6.0,-5,19.78730963106325,,0.0,0.0,0.0,0.0,36.21301567653647,optimal
2021-02-13 22:30:00,36,103,0.0,0.0,0.0,2.2615333333333334,9.261,6.0,-5,19.71281907782473,,0.0,0.0,0.0,0.0,36.17680266085993,optimal
2021-02-13 23:00:00,36,103,0.0,0.0,0.0,0.4503999999999999,8.1585,6.0,-5,19.64185509111672,,0.0,0.0,0.0,0.0,36.140625858199066,optimal
2021-02-13 23:30:00,36,103,0.0,0.0,0.0,0.149,9.4815,6.0,-5,19.56700736544231,,0.0,0.0,0.0,0.0,36.10448523234086,optimal
2021-02-07 00:00:00,37,103,0.0,0.0,0.0,0.0583333333333333,10.584,6.0,4,21.0,,0.0,0.0,0.0,0.0,47.952,optimal
2021-02-07 00:30:00,37,103,2.0,0.0,0.0,0.059,6.678,6.0,4,20.92509114908452,,3656.0,0.0,3344.0,0.0,47.904048,optimal
2021-02-07 01:00:00,37,103,1.4181237990721425,0.0,0.0,0.059,7.938,6.0,4,20.926516531945747,,4963.433296752499,0.0,0.0,0.0,47.856143952,optimal
2021-02-07 01:30:00,37,103,2.0,0.0,0.0,0.059,5.292,6.0,4,20.95500378409725,,7000.0,0.0,0.0,0.0,47.80828780804799,optimal
2021-02-07 02:00:00,37,103,0.0,0.0,0.0,0.059,9.261,6.0,4,21.02600552411629,,0.0,0.0,0.0,0.0,47.76047952023995,optimal
2021-02-07 02:30:00,37,103,0.0,0.0,0.0,0.059,10.3635,6.0,4,20.94910546295658,,0.0,0.0,0.0,0.0,47.712719040719705,optimal
2021-02-07 03:00:00,37,103,0.0,0.0,0.0,0.059,8.274,6.0,4,20.87210060470164,,0.0,0.0,0.0,0.0,47.66500632167899,optimal
2021-02-07 03:30:00,37,103,2.0,0.0,0.0,0.059,7.7175,6.0,4,20.79499142478264,,7000.0,0.0,0.0,0.0,47.61734131535731,optimal
2021-02-07 04:00:00,37,103,2.0,0.0,0.0,0.059,6.615,6.0,4,20.865358085279865,,7000.0,0.0,0.0,0.0,47.56972397404195,optimal
2021-02-07 04:30:00,37,103,2.0,0.0,0.0,0.059,6.174,6.0,4,20.935178680418637,,7000.0,0.0,0.0,0.0,47.52215425006791,optimal
2021-02-07 05:00:00,37,103,2.0,0.0,0.0,0.059,3.906,6.0,4,21.0046825216643,,7000.0,0.0,0.0,0.0,47.47463209581784,optimal
2021-02-07 05:30:00,37,103,2.0,0.0,0.0,0.059,2.3415,6.0,4,21.073871046028803,,7000.0,0.0,0.0,0.0,47.42715746372202,optimal
2021-02-07 06:00:00,37,103,2.0,0.0,0.0,0.059,2.205,6.0,4,21.14274568400481,,7000.0,0.0,0.0,0.0,47.379730306258296,optimal
2021-02-07 06:30:00,37,103,2.0,0.0,1.506731520202143,0.0693333333333333,0.882,6.0,4,21.21130785959531,,7000.0,0.0,0.0,0.0,48.048048048048045,optimal
2021-02-07 07:00:00,37,103,2.0,0.0,0.0,0.7299333333333333,1.5435,6.0,4,21.280012786055494,,7000.0,0.0,0.0,0.0,48.0,optimal
2021-02-07 07:30:00,37,103,2.0,0.0,0.0,0.3250666666666666,1.5435,6.0,4,21.360793572629213,,7000.0,0.0,0.0,0.0,47.83612642727399,optimal
2021-02-07 08:00:00,37,103,2.0,0.0,0.0,0.2218,5.0715,6.0,4,21.433631827723588,,7000.0,0.0,0.0,0.0,47.67241672812071,optimal
2021-02-07 08:30:00,37,103,2.0,0.0,0.0,0.0683333333333333,5.376,6.0,4,21.510749665165445,,7000.0,0.0,0.0,0.0,47.50887073866658,optimal
2021-02-07 09:00:00,37,103,2.0,0.0,0.0,0.0720666666666666,5.0715,6.0,4,21.573306321712455,,7000.0,0.0,0.0,0.0,47.3454882952019,optimal
2021-02-07 09:30:00,37,103,2.0,0.0,0.0,0.079,5.5125,6.0,4,21.634764337006605,,7000.0,0.0,0.0,0.0,47.18226923418069,optimal
2021-02-07 10:00:00,37,103,0.0,0.0,0.0,0.0746,9.261,6.0,4,21.69936862954635,,0.0,0.0,0.0,0.0,47.01921339222051,optimal
2021-02-07 10:30:00,37,103,0.0,0.0,0.0,0.0683333333333333,11.7075,6.0,4,21.616769930698165,,0.0,0.0,0.0,0.0,46.85632060610228,optimal
2021-02-07 11:00:00,37,103,0.0,0.0,0.0,0.069,12.348,6.0,4,21.528052223985554,,0.0,0.0,0.0,0.0,46.69359071277017,optimal
2021-02-07 11:30:00,37,103,0.0,0.0,0.0,0.069,12.348,6.0,4,21.43771858718106,,0.0,0.0,0.0,0.0,46.53102354933139,optimal
2021-02-07 12:00:00,37,103,0.0,0.0,0.0,0.069,12.1275,6.0,4,21.347794765432983,,0.0,0.0,0.0,0.0,46.36861895305604,optimal
2021-02-07 12:30:00,37,103,0.0,0.0,0.0,0.069,12.5265,6.0,4,21.258278900277823,,0.0,0.0,0.0,0.0,46.20637676137698,optimal
2021-02-07 13:00:00,37,103,0.0,0.0,0.0,0.069,11.7495,6.0,4,21.16916914020851,,0.0,0.0,0.0,0.0,46.0442968118896,optimal
2021-02-07 13:30:00,37,103,0.0,0.0,0.0,0.069,13.23,6.0,4,21.080463642180863,,0.0,0.0,0.0,0.0,45.88237894235169,optimal
2021-02-07 14:00:00,37,103,0.0,0.0,0.0,0.069,14.3325,6.0,4,20.99238740700049,,0.0,0.0,0.0,0.0,45.72062299068333,optimal
2021-02-07 14:30:00,37,103,0.0,0.0,0.0,0.069,14.994,6.0,4,20.90493758017534,,0.0,0.0,0.0,0.0,45.55902879496664,optimal
2021-02-07 15:00:00,37,103,0.0,0.0,0.0,0.0851333333333333,14.8155,6.0,4,20.818111319615515,,0.0,0.0,0.0,0.0,45.39759619344566,optimal
2021-02-07 15:30:00,37,103,0.0,0.0,0.0,1.5271,14.112,6.0,4,20.733078164430733,,0.0,0.0,0.0,0.0,45.2363250245262,optimal
2021-02-07 16:00:00,37,103,0.0,0.0,0.0,0.1534,14.007,6.0,4,20.658484439564692,,0.0,0.0,0.0,0.0,45.07521512677567,optimal
2021-02-07 16:30:00,37,103,0.0,0.0,0.0,0.3216,13.23,6.0,4,20.57986858655804,,0.0,0.0,0.0,0.0,44.91426633892288,optimal
2021-02-07 17:00:00,37,103,0.0,0.0,0.0,0.2737333333333333,11.382,6.0,4,20.50554586607985,,0.0,0.0,0.0,0.0,44.75347849985795,optimal
2021-02-07 17:30:00,37,103,0.0,0.0,0.0,0.1890333333333333,11.7495,6.0,4,20.437373654245444,,0.0,0.0,0.0,0.0,44.59285144863208,optimal
2021-02-07 18:00:00,37,103,0.0,0.0,0.0,0.069,24.3285,6.0,4,20.358096727813287,,0.0,0.0,0.0,0.0,44.43238502445744,optimal
2021-02-07 18:30:00,37,103,0.0,0.0,0.0,0.2378666666666666,28.917,6.0,4,20.273978142017743,,0.0,0.0,0.0,0.0,44.27207906670697,optimal
2021-02-07 19:00:00,37,103,0.0,0.0,0.0,0.1971333333333333,31.3635,6.0,4,20.20107376650223,,0.0,0.0,0.0,0.0,44.111933414914255,optimal
2021-02-07 19:30:00,37,103,0.0,0.0,0.0,0.1693666666666666,33.306,6.0,4,20.13031220519736,,0.0,0.0,0.0,0.0,43.95194790877333,optimal
2021-02-07 20:00:00,37,103,0.0,0.0,0.0,0.2804,31.3425,6.0,4,20.06376879881639,,0.0,0.0,0.0,0.0,43.792122388138544,optimal
2021-02-07 20:30:00,37,103,0.0,0.0,0.0,0.7306666666666666,28.2555,6.0,4,20.0,,0.0,0.0,0.0,0.0,43.6324566930244,optimal
2021-02-07 21:00:00,37,103,0.0,0.0,0.0,0.5264666666666667,15.6975,6.0,4,19.93900855603969,,0.0,0.0,0.0,0.0,43.47295066360536,optimal
2021-02-07 21:30:00,37,103,0.0,0.0,0.0,0.3674,12.5475,6.0,4,19.877721418334072,,0.0,0.0,0.0,0.0,43.31360414021575,optimal
2021-02-07 22:00:00,37,103,0.0,0.0,0.0,0.2314,12.0855,6.0,4,19.82050616576345,,0.0,0.0,0.0,0.0,43.15441696334952,optimal
2021-02-07 22:30:00,37,103,0.0,0.0,0.0,0.2246,11.907,6.0,4,19.76258496860692,,0.0,0.0,0.0,0.0,43.11126254638617,optimal
2021-02-07 23:00:00,37,103,0.0,0.0,0.0,0.2104666666666666,12.5685,6.0,4,19.70567312934629,,0.0,0.0,0.0,0.0,43.06815128383978,optimal
2021-02-07 23:30:00,37,103,0.0,0.0,0.0,0.211,13.146,6.0,4,19.64869460308748,,0.0,0.0,0.0,0.0,43.02508313255594,optimal
2021-02-08 00:00:00,37,103,0.0,0.0,0.0,0.061,15.876,6.0,10,19.64869460308748,,0.0,0.0,0.0,0.0,42.98205804942339,optimal
2021-02-08 00:30:00,37,103,0.0,0.0,0.0,0.061,12.348,6.0,10,19.5726410461492,,0.0,0.0,0.0,0.0,42.93907599137396,optimal
2021-02-08 01:00:00,37,103,2.0,0.0,0.0,0.061,12.1275,6.0,10,19.49693252007461,,0.0,0.0,7000.0,0.0,42.89613691538258,optimal
2021-02-08 01:30:00,37,103,0.0,0.0,0.0,0.064,12.348,6.0,10,19.421567459568134,,0.0,0.0,0.0,0.0,42.8532407784672,optimal
2021-02-08 02:00:00,37,103,0.7793071193385609,0.0,0.0,0.1026,12.1275,6.0,10,19.346317472295404,,0.0,0.0,2727.574917684963,0.0,42.81038753768873,optimal
2021-02-08 02:30:00,37,103,2.0,0.0,0.0,0.1277333333333333,12.1275,6.0,10,19.271938447526267,,1288.8034134216807,0.0,5711.19658657832,0.0,42.76757715015104,optimal
2021-02-08 03:00:00,37,103,2.0,0.0,0.0,0.0866666666666666,11.2665,6.0,10,19.225901880938807,,7000.0,0.0,0.0,0.0,42.72480957300089,optimal
2021-02-08 03:30:00,37,103,2.0,0.0,1.5657539513387064,0.138,10.143,6.0,10,19.29965954893776,,7000.0,0.0,0.0,0.0,43.42581789031377,optimal
2021-02-08 04:00:00,37,103,2.0,0.0,0.0,0.061,11.2455,6.0,10,19.37393635525373,,7000.0,0.0,0.0,0.0,43.38239207242345,optimal
2021-02-08 04:30:00,37,103,2.0,0.0,0.0,0.061,11.025,6.0,10,19.446028475718627,,7000.0,0.0,0.0,0.0,43.33900968035103,optimal
2021-02-08 05:00:00,37,103,2.0,0.0,5.0,0.1714,5.9745,6.0,10,19.517339868820475,,7000.0,0.0,0.0,0.0,45.670670670670674,optimal
2021-02-08 05:30:00,37,103,2.0,0.0,5.0,0.3318666666666667,7.938,6.0,10,19.594627047296928,,7000.0,0.0,0.0,0.0,48.0,optimal
2021-02-08 06:00:00,37,103,2.0,0.0,0.0,0.3173,8.6835,6.0,10,19.67688845843964,,7000.0,0.0,0.0,0.0,47.66958195266183,optimal
2021-02-08 06:30:00,37,103,2.0,0.0,0.0,0.1385333333333333,7.665,6.0,10,19.75659846870929,,7000.0,0.0,0.0,0.0,47.339494323371,optimal
2021-02-08 07:00:00,37,103,2.0,0.0,0.0,0.1745333333333333,6.7725,6.0,10,19.83628558009608,,7000.0,0.0,0.0,0.0,47.00973678170946,optimal
2021-02-08 07:30:00,37,103,2.0,0.0,0.0,0.185,5.5755,6.0,10,19.91596112336914,,7000.0,0.0,0.0,0.0,46.68030899758958,optimal
2021-02-08 08:00:00,37,103,2.0,0.0,0.0,0.109,5.0925,6.0,10,20.0,,7000.0,0.0,0.0,0.0,46.35121064125382,optimal
2021-02-08 08:30:00,37,103,2.0,0.0,0.0,0.1924,4.1895,6.0,10,20.069183039667617,,7000.0,0.0,0.0,0.0,46.0224413832744,optimal
2021-02-08 09:00:00,37,103,2.0,0.0,0.0,0.0844,7.056,6.0,10,20.133737203076493,,7000.0,0.0,0.0,0.0,45.69400089455296,optimal
2021-02-08 09:30:00,37,103,2.0,0.0,0.0,0.071,5.271,6.0,10,20.201020259825235,,7000.0,0.0,0.0,0.0,45.36588884632024,optimal
2021-02-08 10:00:00,37,103,2.0,0.0,0.0,0.071,7.938,6.0,10,20.261153056315884,,7000.0,0.0,0.0,0.0,45.03810491013575,optimal
2021-02-08 10:30:00,37,103,2.0,0.0,0.0,0.0864,7.938,6.0,10,20.321693553467505,,7000.0,0.0,0.0,0.0,44.71064875788745,optimal
2021-02-08 11:00:00,37,103,2.0,0.0,0.0,0.1582666666666666,11.907,6.0,10,20.381603071447103,,7000.0,0.0,0.0,0.0,44.383520061791394,optimal
2021-02-08 11:30:00,37,103,2.0,0.0,0.0,0.0812666666666666,11.025,6.0,10,20.442073121127443,,7000.0,0.0,0.0,0.0,44.05671849439143,optimal
2021-02-08 12:00:00,37,103,2.0,0.0,0.0,0.1634,11.2875,6.0,10,20.501101624252183,,7000.0,0.0,0.0,0.0,43.73024372855888,optimal
2021-02-08 12:30:00,37,103,2.0,0.0,0.0,0.071,12.936,6.0,10,20.56204494283454,,7000.0,0.0,0.0,0.0,43.40409543749215,optimal
2021-02-08 13:00:00,37,103,0.2136774246584832,0.0,0.0,0.1736666666666666,13.0095,6.0,10,20.621674059790216,,747.8709863046914,0.0,0.0,0.0,43.07827329471648,optimal
2021-02-08 13:30:00,37,103,0.0,0.0,0.0,0.071,13.671,6.0,10,20.552491304492403,,0.0,0.0,0.0,0.0,42.7527769740836,optimal
2021-02-08 14:00:00,37,103,0.0,0.0,0.0,0.071,13.188,6.0,10,20.46617191323841,,0.0,0.0,0.0,0.0,42.42760614977134,optimal
2021-02-08 14:30:00,37,103,0.0,0.0,0.0,0.1685333333333333,13.8495,6.0,10,20.380697794004305,,0.0,0.0,0.0,0.0,42.1027604962834,optimal
2021-02-08 15:00:00,37,103,2.0,0.0,0.0,0.0761333333333333,13.23,6.0,10,20.296984057758404,,7000.0,0.0,0.0,0.0,41.77823968844895,optimal
2021-02-08 15:30:00,37,103,0.0,0.0,0.0,0.0747999999999999,13.3665,6.0,10,20.35837739741681,,0.0,0.0,0.0,0.0,41.45404340142233,optimal
2021-02-08 16:00:00,37,103,2.0,0.0,0.0,0.1672,13.0515,6.0,10,20.27660434321349,,7000.0,0.0,0.0,0.0,41.13017131068274,optimal
2021-02-08 16:30:00,37,103,0.0,0.0,0.0,0.071,13.5345,6.0,10,20.34632684331964,,0.0,0.0,0.0,0.0,40.80662309203389,optimal
2021-02-08 17:00:00,37,103,0.0,0.0,0.0,0.1018,14.154,6.0,10,20.25980858126519,,0.0,0.0,0.0,0.0,40.48339842160369,optimal
2021-02-08 17:30:00,37,103,0.0,0.0,0.0,0.1428666666666666,14.112,6.0,10,20.173650673577047,,0.0,0.0,0.0,0.0,40.16049697584391,optimal
2021-02-08 18:00:00,37,103,0.0,0.0,0.0,0.071,14.2485,6.0,10,20.08784077050742,,0.0,0.0,0.0,0.0,39.8379184315299,optimal
2021-02-08 18:30:00,37,103,2.0,0.0,0.0,0.2018,12.789,6.0,10,20.0,,7000.0,0.0,0.0,0.0,39.5156624657602,optimal
2021-02-08 19:00:00,37,103,0.1600188834889993,0.0,0.0,0.2242333333333332,13.0095,6.0,10,20.065273021836564,,560.0660922114976,0.0,0.0,0.0,39.19372875595627,optimal
2021-02-08 19:30:00,37,103,2.0,0.0,0.0,1.1190666666666669,12.1275,6.0,10,20.0,,4882.771504263284,0.0,2117.228495736716,0.0,38.87211697986215,optimal
2021-02-08 20:00:00,37,103,0.0,0.0,0.0,1.0527666666666669,12.348,6.0,10,20.0550927636214,,0.0,0.0,0.0,0.0,38.55082681554412,optimal
2021-02-08 20:30:00,37,103,0.0,0.0,0.0,1.4019333333333337,12.348,6.0,10,20.0,,0.0,0.0,0.0,0.0,38.22985794139041,optimal
2021-02-08 21:00:00,37,103,0.0,0.0,0.0,0.4124666666666666,25.389,6.0,10,19.93698881270164,,0.0,0.0,0.0,0.0,38.19162808344902,optimal
2021-02-08 21:30:00,37,103,0.0,0.0,0.0,0.3551666666666667,29.1375,6.0,10,19.877788626640967,,0.0,0.0,0.0,0.0,38.15343645536557,optimal
2021-02-08 22:00:00,37,103,0.0,0.0,0.0,0.5696,30.597,6.0,10,19.81902093845866,,0.0,0.0,0.0,0.0,38.115283018910205,optimal
2021-02-08 22:30:00,37,103,0.0,0.0,0.0,0.5115333333333334,33.684,6.0,10,19.765149840569883,,0.0,0.0,0.0,0.0,38.077167735891294,optimal
2021-02-08 23:00:00,37,103,0.0,0.0,0.0,0.3178666666666667,32.445,6.0,10,19.70343439831565,,0.0,0.0,0.0,0.0,38.0390905681554,optimal
2021-02-08 23:30:00,37,103,0.0,0.0,0.0,0.0693333333333333,28.917,6.0,10,19.63557626860823,,0.0,0.0,0.0,0.0,38.00105147758725,optimal
2021-02-09 00:00:00,37,103,2.0,0.0,5.0,0.048,10.584,6.0,0,19.63557626860823,,7000.0,0.0,0.0,0.0,40.33805042610966,optimal
2021-02-09 00:30:00,37,103,2.0,0.0,2.447932548011941,0.0832333333333333,11.2455,6.0,0,19.702555254787534,,0.0,0.0,7000.0,0.0,41.46048033598922,optimal
2021-02-09 01:00:00,37,103,2.0,0.0,0.0,0.216,12.1275,6.0,0,19.62284603406147,,6336.666666666667,0.0,663.3333333333334,0.0,41.419019855653225,optimal
2021-02-09 01:30:00,37,103,2.0,0.0,0.0,0.0832,11.823,6.0,0,19.679909472888703,,7000.0,0.0,0.0,0.0,41.377600835797566,optimal
2021-02-09 02:00:00,37,103,2.0,0.0,0.0,0.1436333333333333,11.7705,6.0,0,19.74742830773754,,7000.0,0.0,0.0,0.0,41.33622323496177,optimal
2021-02-09 02:30:00,37,103,2.0,0.0,5.0,0.1857666666666667,11.13,6.0,0,19.81545930908147,,7000.0,0.0,0.0,0.0,43.6698870117268,optimal
2021-02-09 03:00:00,37,103,2.0,0.0,0.0,0.1436333333333333,11.6865,6.0,0,19.88429543334076,,7000.0,0.0,0.0,0.0,43.62621712471508,optimal
2021-02-09 03:30:00,37,103,2.0,0.0,5.0,0.1143666666666666,10.7205,6.0,0,19.95215918023005,,7000.0,0.0,0.0,0.0,45.95759090759036,optimal
2021-02-09 04:00:00,37,103,2.0,0.0,0.0,0.2150333333333333,11.424,6.0,0,20.01955264383756,,7000.0,0.0,0.0,0.0,45.91163331668277,optimal
2021-02-09 04:30:00,37,103,2.0,0.0,5.0,0.048,10.689,6.0,0,20.08921310734405,,7000.0,0.0,0.0,0.0,48.24072168336608,optimal
2021-02-09 05:00:00,37,103,2.0,0.0,0.0,0.1486333333333333,11.361,6.0,0,20.15458775535937,,7000.0,0.0,0.0,0.0,48.19248096168271,optimal
2021-02-09 05:30:00,37,103,2.0,0.0,0.0,0.1847666666666667,11.571,6.0,0,20.221330523759235,,7000.0,0.0,0.0,0.0,48.144288480721016,optimal
2021-02-09 06:00:00,37,103,0.0,0.0,0.0,0.0982666666666666,14.3745,6.0,0,20.28844692116057,,0.0,0.0,0.0,0.0,48.096144192240295,optimal
2021-02-09 06:30:00,37,103,2.0,0.0,0.0,0.1174,13.23,6.0,0,20.205958815367858,,7000.0,0.0,0.0,0.0,48.048048048048045,optimal
2021-02-09 07:00:00,37,103,2.0,0.0,0.0,0.3763,13.9755,6.0,0,20.275299617997742,,7000.0,0.0,0.0,0.0,48.0,optimal
2021-02-09 07:30:00,37,103,0.0,0.0,0.0,0.0672333333333333,14.994,6.0,0,20.351229484066224,,0.0,0.0,0.0,0.0,47.56232935107039,optimal
2021-02-09 08:00:00,37,103,2.0,0.0,0.0,0.3642666666666666,13.671,6.0,0,20.27376891096747,,7000.0,0.0,0.0,0.0,47.125096372789706,optimal
2021-02-09 08:30:00,37,103,0.0,0.0,0.0,0.1907333333333332,15.981,6.0,0,20.346811928012183,,0.0,0.0,0.0,0.0,46.68830062748731,optimal
2021-02-09 09:00:00,37,103,0.0,0.0,0.0,0.058,15.6345,6.0,0,20.258252060315822,,0.0,0.0,0.0,0.0,46.25194167793021,optimal
2021-02-09 09:30:00,37,103,0.0,0.0,0.0,0.2310666666666666,16.5375,6.0,0,20.16798037336721,,0.0,0.0,0.0,0.0,45.81601908732267,optimal
2021-02-09 10:00:00,37,103,1.1856878716827175,0.0,0.0,0.1183333333333333,14.7735,6.0,0,20.08312234917994,,4149.907550889512,0.0,0.0,0.0,45.38053241930574,optimal
2021-02-09 10:30:00,37,103,0.0,0.0,0.0,0.0881666666666666,15.2145,6.0,0,20.084994469324112,,0.0,0.0,0.0,0.0,44.94548123795682,optimal
2021-02-09 11:00:00,37,103,1.3190834325854626,0.0,0.0,0.1656,14.553,6.0,0,20.0,,4616.792014049119,0.0,0.0,0.0,44.51086510778925,optimal
2021-02-09 11:30:00,37,103,2.0,0.0,0.0,0.1536333333333333,14.3325,6.0,0,20.015340653983667,,7000.0,0.0,0.0,0.0,44.07668359375185,optimal
2021-02-09 12:00:00,37,103,2.0,0.0,0.0,0.0821333333333333,14.595,6.0,0,20.080754143211774,,7000.0,0.0,0.0,0.0,43.64293626122849,optimal
2021-02-09 12:30:00,37,103,0.0,0.0,0.0,0.1666,14.994,6.0,0,20.14459260339204,,0.0,0.0,0.0,0.0,43.20962267603765,optimal
2021-02-09 13:00:00,37,103,2.0,0.0,0.0,0.058,14.3325,6.0,0,20.06233981770163,,7000.0,0.0,0.0,0.0,42.77674240443201,optimal
2021-02-09 13:30:00,37,103,2.0,0.0,0.0,0.2250333333333333,13.8915,6.0,0,20.125300133342147,,7000.0,0.0,0.0,0.0,42.34429501309796,optimal
2021-02-09 14:00:00,37,103,2.0,0.0,0.0,0.1243666666666666,13.8915,6.0,0,20.19126410364597,,7000.0,0.0,0.0,0.0,41.91228006915526,optimal
2021-02-09 14:30:00,37,103,2.0,0.0,0.0,0.1586666666666666,13.4715,6.0,0,20.254582907455887,,7000.0,0.0,0.0,0.0,41.480697140156494,optimal
2021-02-09 15:00:00,37,103,2.0,0.0,0.0,0.1907333333333332,13.23,6.0,0,20.318109648785427,,7000.0,0.0,0.0,0.0,41.049545794086725,optimal
2021-02-09 15:30:00,37,103,2.0,0.0,0.0,0.0623333333333333,13.8915,6.0,0,20.381796370298943,,7000.0,0.0,0.0,0.0,40.61882559936303,optimal
2021-02-09 16:00:00,37,103,0.0,0.0,0.0,0.2728666666666667,26.9325,6.0,0,20.444554232960925,,0.0,0.0,0.0,0.0,40.18853612483406,optimal
2021-02-09 16:30:00,37,103,0.0,0.0,0.0,0.1790666666666666,30.303,6.0,0,20.36914089489435,,0.0,0.0,0.0,0.0,39.75867693977961,optimal
2021-02-09 17:00:00,37,103,0.0,0.0,0.0,0.5468333333333334,32.886,6.0,0,20.29130818856528,,0.0,0.0,0.0,0.0,39.32924761391023,optimal
2021-02-09 17:30:00,37,103,0.0,0.0,0.0,2.0403666666666664,34.9965,6.0,0,20.2249638654762,,0.0,0.0,0.0,0.0,39.28991836629631,optimal
2021-02-09 18:00:00,37,103,0.0,0.0,0.0,1.5418666666666665,33.327,6.0,0,20.17948849617527,,0.0,0.0,0.0,0.0,39.25062844793002,optimal
2021-02-09 18:30:00,37,103,0.0,0.0,0.0,0.0663333333333333,31.122,6.0,0,20.13243748459733,,0.0,0.0,0.0,0.0,39.21137781948209,optimal
2021-02-09 19:00:00,37,103,0.0,0.0,0.0,0.2952333333333333,17.9025,6.0,0,20.06377014537169,,0.0,0.0,0.0,0.0,39.17216644166261,optimal
2021-02-09 19:30:00,37,103,0.8306833702439108,0.0,0.0,0.3325,15.6555,6.0,0,20.0,,2907.391795853688,0.0,0.0,0.0,39.13299427522095,optimal
2021-02-09 20:00:00,37,103,0.7537214654820109,0.0,0.0,0.5472,14.553,6.0,0,20.0,,2638.025129187038,0.0,0.0,0.0,39.09386128094573,optimal
2021-02-09 20:30:00,37,103,0.0,0.0,0.0,0.2814333333333333,14.3325,6.0,0,20.0,,0.0,0.0,0.0,0.0,39.05476741966478,optimal
2021-02-09 21:00:00,37,103,0.0398095238095238,0.0,0.0,1.8427,13.335,6.0,0,19.93832911178972,,0.0,0.0,139.33333333333331,0.0,39.01571265224512,optimal
2021-02-09 21:30:00,37,103,0.0199047619047619,0.0,0.0,0.2705,12.1275,6.0,0,19.902419842338936,,0.0,0.0,69.66666666666666,0.0,38.97669693959287,optimal
2021-02-09 22:00:00,37,103,0.0,0.0,0.0,0.3235,12.2955,6.0,0,19.84154765110837,,0.0,0.0,0.0,0.0,38.93772024265328,optimal
2021-02-09 22:30:00,37,103,0.6568571428571429,0.0,0.0,0.1251666666666666,11.6865,6.0,0,19.77707968204084,,0.0,0.0,2299.0,0.0,38.89878252241063,optimal
2021-02-09 23:00:00,37,103,1.433142857142857,0.0,0.0,0.2457,11.466,6.0,0,19.709008646310465,,0.0,0.0,5016.0,0.0,38.85988373988822,optimal
2021-02-09 23:30:00,37,103,0.0,0.0,0.0,0.1087,10.8045,6.0,0,19.64081087525141,,0.0,0.0,0.0,0.0,38.82102385614833,optimal
2021-02-10 00:00:00,37,103,2.0,0.0,0.0,0.065,11.7075,6.0,1,19.64081087525141,,7000.0,0.0,0.0,0.0,38.78220283229218,optimal
2021-02-10 00:30:00,37,103,2.0,0.0,5.0,0.065,10.8045,6.0,1,19.70721663405341,,0.0,0.0,7000.0,0.0,41.11842062945989,optimal
2021-02-10 01:00:00,37,103,2.0,0.0,0.0,0.065,11.508,6.0,1,19.62551460804556,,0.0,0.0,7000.0,0.0,41.07730220883042,optimal
2021-02-10 01:30:00,37,103,2.0,0.0,0.0,0.1896666666666666,11.508,6.0,1,19.54372956993381,,5325.0,0.0,1675.0,0.0,41.03622490662159,optimal
2021-02-10 02:00:00,37,103,2.0,0.0,0.0,0.065,11.508,6.0,1,19.57657960207648,,7000.0,0.0,0.0,0.0,40.99518868171497,optimal
2021-02-10 02:30:00,37,103,2.0,0.0,0.0,0.116,11.844,6.0,1,19.64146208467046,,7000.0,0.0,0.0,0.0,40.95419349303326,optimal
2021-02-10 03:00:00,37,103,2.0,0.0,0.0,0.1386666666666666,11.508,6.0,1,19.707123786819874,,7000.0,0.0,0.0,0.0,40.91323929954022,optimal
2021-02-10 03:30:00,37,103,2.0,0.0,0.0,0.065,11.508,6.0,1,19.77296474523149,,7000.0,0.0,0.0,0.0,40.87232606024068,optimal
2021-02-10 04:00:00,37,103,2.0,0.0,5.0,0.15,10.4475,6.0,1,19.836956290724203,,7000.0,0.0,0.0,0.0,43.20645373418044,optimal
2021-02-10 04:30:00,37,103,2.0,0.0,5.0,0.1046666666666666,10.8675,6.0,1,19.902446811536887,,7000.0,0.0,0.0,0.0,45.53824728044626,optimal
2021-02-10 05:00:00,37,103,2.0,0.0,5.0,0.0763333333333333,10.542,6.0,1,19.96623226919609,,7000.0,0.0,0.0,0.0,47.867709033165816,optimal
2021-02-10 05:30:00,37,103,2.0,0.0,0.0,0.1783333333333333,11.025,6.0,1,20.028678255965257,,7000.0,0.0,0.0,0.0,47.81984132413265,optimal
2021-02-10 06:00:00,37,103,2.0,0.0,0.68236359880374,0.1151333333333333,11.025,6.0,1,20.09253441841676,,7000.0,0.0,0.0,0.0,48.096144192240295,optimal
2021-02-10 06:30:00,37,103,2.0,0.0,0.0,0.9181333333333332,14.553,6.0,1,20.15545355368243,,7000.0,0.0,0.0,0.0,48.048048048048045,optimal
2021-02-10 07:00:00,37,103,2.0,0.0,0.0,1.4404,13.0935,6.0,1,20.23519076511802,,7000.0,0.0,0.0,0.0,48.0,optimal
2021-02-10 07:30:00,37,103,2.0,0.0,0.0,0.073,15.6345,6.0,1,20.32413286643454,,7000.0,0.0,0.0,0.0,47.80866279974968,optimal
2021-02-10 08:00:00,37,103,0.0,0.0,0.0,0.187,18.102,6.0,1,20.384688405788527,,0.0,0.0,0.0,0.0,47.6175169366996,optimal
2021-02-10 08:30:00,37,103,0.8541870474506242,0.0,0.0,0.0863333333333333,17.199,6.0,1,20.29656856920023,,2989.654666077185,0.0,0.0,0.0,47.42656221951258,optimal
2021-02-10 09:00:00,37,103,0.0,0.0,0.0,0.1486666666666666,18.2805,6.0,1,20.26738458808142,,0.0,0.0,0.0,0.0,47.23579845704275,optimal
2021-02-10 09:30:00,37,103,0.0,0.0,0.0,0.126,17.4615,6.0,1,20.177619035366487,,0.0,0.0,0.0,0.0,47.04522545833538,optimal
2021-02-10 10:00:00,37,103,0.0,0.0,0.0,0.075,18.3225,6.0,1,20.088690914473784,,0.0,0.0,0.0,0.0,46.854843032626725,optimal
2021-02-10 10:30:00,37,103,2.0,0.0,0.0,0.194,17.094,6.0,1,20.0,,7000.0,0.0,0.0,0.0,46.66465098934378,optimal
2021-02-10 11:00:00,37,103,2.0,0.0,0.0,0.0806666666666666,17.094,6.0,1,20.062249803687862,,7000.0,0.0,0.0,0.0,46.47464913810411,optimal
2021-02-10 11:30:00,37,103,2.0,0.0,0.0,0.1033333333333333,17.094,6.0,1,20.122511990666528,,7000.0,0.0,0.0,0.0,46.284837288715686,optimal
2021-02-10 12:00:00,37,103,2.0,0.0,0.0,0.17,17.3565,6.0,1,20.183431598075074,,7000.0,0.0,0.0,0.0,46.09521525117665,optimal
2021-02-10 12:30:00,37,103,2.0,0.0,0.0,0.1072,17.115,6.0,1,20.247994803084293,,7000.0,0.0,0.0,0.0,45.90578283567515,optimal
2021-02-10 13:00:00,37,103,2.0,0.0,0.0,0.238,17.241,6.0,1,20.311974609684015,,7000.0,0.0,0.0,0.0,45.71653985258915,optimal
2021-02-10 13:30:00,37,103,2.0,0.0,0.0,0.2702666666666666,17.094,6.0,1,20.37841755324205,,7000.0,0.0,0.0,0.0,45.52748611248624,optimal
2021-02-10 14:00:00,37,103,2.0,0.0,0.0,0.223,16.5165,6.0,1,20.446145629292943,,7000.0,0.0,0.0,0.0,45.33862142612343,optimal
2021-02-10 14:30:00,37,103,0.7421744051619648,0.0,0.0,0.2683333333333333,17.8185,6.0,1,20.51554173823068,,2597.6104180668767,0.0,0.0,0.0,45.14994560444698,optimal
2021-02-10 15:00:00,37,103,2.0,0.0,0.0,0.3474333333333333,17.094,6.0,1,20.49425945105535,,7000.0,0.0,0.0,0.0,44.96145845859221,optimal
2021-02-10 15:30:00,37,103,2.0,0.0,0.0,0.3636,16.8945,6.0,1,20.56537602414052,,7000.0,0.0,0.0,0.0,44.773159799883295,optimal
2021-02-10 16:00:00,37,103,0.0,0.0,0.0,0.3709666666666665,18.123,6.0,1,20.63556785824481,,0.0,0.0,0.0,0.0,44.58504943983309,optimal
2021-02-10 16:30:00,37,103,0.0,0.0,0.0,0.6468333333333334,31.647,6.0,1,20.559830605803203,,0.0,0.0,0.0,0.0,44.39712719014294,optimal
2021-02-10 17:00:00,37,103,0.0,0.0,0.0,0.5107666666666667,34.9965,6.0,1,20.48840348378012,,0.0,0.0,0.0,0.0,44.20939286270247,optimal
2021-02-10 17:30:00,37,103,0.0,0.0,0.0,1.4289333333333334,34.9965,6.0,1,20.41176408071402,,0.0,0.0,0.0,0.0,44.021846269589446,optimal
2021-02-10 18:00:00,37,103,0.0,0.0,0.0,0.6628,34.9965,6.0,1,20.34837224763124,,0.0,0.0,0.0,0.0,43.97782442331986,optimal
2021-02-10 18:30:00,37,103,0.0,0.0,0.0,0.2858,34.9965,6.0,1,20.27988307858217,,0.0,0.0,0.0,0.0,43.93384659889654,optimal
2021-02-10 19:00:00,37,103,0.0,0.0,0.0,0.3447,34.9965,6.0,1,20.20811862839894,,0.0,0.0,0.0,0.0,43.88991275229764,optimal
2021-02-10 19:30:00,37,103,0.0,0.0,0.0,0.5940666666666667,27.741,6.0,1,20.13515346822925,,0.0,0.0,0.0,0.0,43.84602283954534,optimal
2021-02-10 20:00:00,37,103,0.0,0.0,0.0,0.4891333333333333,19.026,6.0,1,20.06861176214756,,0.0,0.0,0.0,0.0,43.8021768167058,optimal
2021-02-10 20:30:00,37,103,0.0,0.0,0.0,0.3766333333333333,18.7215,6.0,1,20.0,,0.0,0.0,0.0,0.0,43.75837463988909,optimal
2021-02-10 21:00:00,37,103,0.0,0.0,0.0,0.3800333333333333,17.4195,6.0,1,19.92824143591492,,0.0,0.0,0.0,0.0,43.714616265249205,optimal
2021-02-10 21:30:00,37,103,0.0,0.0,0.0,0.2561666666666667,16.758,6.0,1,19.856201272832205,,0.0,0.0,0.0,0.0,43.67090164898396,optimal
2021-02-10 22:00:00,37,103,0.0,0.0,0.0,0.3678333333333333,14.217,6.0,1,19.77257977979991,,0.0,0.0,0.0,0.0,43.62723074733497,optimal
2021-02-10 22:30:00,37,103,0.0,0.0,0.0,0.4015666666666667,13.3665,6.0,1,19.683117317828525,,0.0,0.0,0.0,0.0,43.58360351658764,optimal
2021-02-10 23:00:00,37,103,0.0398095238095238,0.0,0.0,0.4722,12.789,6.0,1,19.593408602308333,,0.0,0.0,139.33333333333331,0.0,43.54001991307105,optimal
2021-02-10 23:30:00,37,103,0.7364761904761903,0.0,0.0,0.3123666666666667,11.907,6.0,1,19.50351228819492,,0.0,0.0,2577.666666666666,0.0,43.496479893157975,optimal
2021-02-11 00:00:00,37,103,0.0,0.0,0.0,0.1259,21.4305,6.0,10,19.50351228819492,,0.0,0.0,0.0,0.0,43.45298341326482,optimal
2021-02-11 00:30:00,37,103,2.0,0.0,0.0,0.0940999999999999,14.3325,6.0,10,19.4058843781075,,0.0,0.0,7000.0,0.0,43.40953042985155,optimal
2021-02-11 01:00:00,37,103,2.0,0.0,0.0,0.0881333333333333,13.692,6.0,10,19.308483640192385,,2893.3730496263843,0.0,4106.626950373616,0.0,43.3661208994217,optimal
2021-02-11 01:30:00,37,103,2.0,0.0,0.0,0.2566,14.007,6.0,10,19.274759317424543,,7000.0,0.0,0.0,0.0,43.32275477852228,optimal
2021-02-11 02:00:00,37,103,2.0,0.0,0.0,0.0848666666666666,12.873,6.0,10,19.32918066653202,,7000.0,0.0,0.0,0.0,43.27943202374376,optimal
2021-02-11 02:30:00,37,103,2.0,0.0,0.0,0.2187333333333332,12.684,6.0,10,19.379740066539878,,7000.0,0.0,0.0,0.0,43.236152591720014,optimal
2021-02-11 03:00:00,37,103,2.0,0.0,0.0,0.1545333333333333,12.306,6.0,10,19.43243437423264,,7000.0,0.0,0.0,0.0,43.1929164391283,optimal
2021-02-11 03:30:00,37,103,2.0,0.0,5.0,0.057,10.6365,6.0,10,19.48308452010457,,7000.0,0.0,0.0,0.0,45.52472352268917,optimal
2021-02-11 04:00:00,37,103,2.0,0.0,0.0,0.0676,11.2455,6.0,10,19.532585936589367,,7000.0,0.0,0.0,0.0,45.47919879916648,optimal
2021-02-11 04:30:00,37,103,2.0,0.0,0.0,0.3056666666666667,11.2455,6.0,10,19.583220085872348,,7000.0,0.0,0.0,0.0,45.43371960036732,optimal
2021-02-11 05:00:00,37,103,2.0,0.0,0.0,0.057,11.025,6.0,10,19.638635924500317,,7000.0,0.0,0.0,0.0,45.38828588076695,optimal
2021-02-11 05:30:00,37,103,2.0,0.0,0.0,0.1057666666666666,12.0855,6.0,10,19.68856582430434,,7000.0,0.0,0.0,0.0,45.34289759488618,optimal
2021-02-11 06:00:00,37,103,2.0,0.0,0.0,0.2755,11.6865,6.0,10,19.74042993691171,,7000.0,0.0,0.0,0.0,45.2975546972913,optimal
2021-02-11 06:30:00,37,103,2.0,0.0,0.0,0.0739666666666666,11.2245,6.0,10,19.79659748181466,,7000.0,0.0,0.0,0.0,45.252257142594,optimal
2021-02-11 07:00:00,37,103,2.0,0.0,0.976138495198448,0.3067,11.025,6.0,10,19.8493599234134,,7000.0,0.0,0.0,0.0,45.670670670670674,optimal
2021-02-11 07:30:00,37,103,2.0,0.0,5.0,1.4794,10.7835,6.0,10,19.918216967049915,,7000.0,0.0,0.0,0.0,48.0,optimal
2021-02-11 08:00:00,37,103,2.0,0.0,0.0,1.8109666666666664,11.025,6.0,10,20.0,,7000.0,0.0,0.0,0.0,47.69041428693766,optimal
2021-02-11 08:30:00,37,103,2.0,0.0,0.0,0.1673,10.584,6.0,10,20.074620146334507,,7000.0,0.0,0.0,0.0,47.38113815958838,optimal
2021-02-11 09:00:00,37,103,2.0,0.0,0.0,0.086,11.025,6.0,10,20.13894315473639,,7000.0,0.0,0.0,0.0,47.07217130836646,optimal
2021-02-11 09:30:00,37,103,2.0,0.0,0.0,0.3567666666666667,10.4265,6.0,10,20.20187354256796,,7000.0,0.0,0.0,0.0,46.76351342399576,optimal
2021-02-11 10:00:00,37,103,2.0,0.0,0.0,1.910733333333333,12.789,6.0,10,20.275914425903338,,7000.0,0.0,0.0,0.0,46.45516419750942,optimal
2021-02-11 10:30:00,37,103,2.0,0.0,0.0,1.2964,12.684,6.0,10,20.36130077562814,,7000.0,0.0,0.0,0.0,46.14712332024957,optimal
2021-02-11 11:00:00,37,103,2.0,0.0,0.0,0.5523666666666667,16.254,6.0,10,20.4432836706912,,7000.0,0.0,0.0,0.0,45.83939048386698,optimal
2021-02-11 11:30:00,37,103,2.0,0.0,0.0,0.3365333333333333,17.64,6.0,10,20.516881537345924,,7000.0,0.0,0.0,0.0,45.53196538032077,optimal
2021-02-11 12:00:00,37,103,0.0,0.0,0.0,0.4918,19.1625,6.0,10,20.58696528273126,,0.0,0.0,0.0,0.0,45.22484770187811,optimal
2021-02-11 12:30:00,37,103,0.0,0.0,0.0,0.2324,26.46,6.0,10,20.51117950488649,,0.0,0.0,0.0,0.0,44.91803714111389,optimal
2021-02-11 13:00:00,37,103,0.0,0.0,0.0,0.3938666666666667,20.79,6.0,10,20.435811181862423,,0.0,0.0,0.0,0.0,44.61153339091044,optimal
2021-02-11 13:30:00,37,103,0.0,0.0,0.0,0.255,29.106,6.0,10,20.368044747552357,,0.0,0.0,0.0,0.0,44.30533614445719,optimal
2021-02-11 14:00:00,37,103,0.0,0.0,0.0,0.5451666666666666,19.1835,6.0,10,20.30074050054846,,0.0,0.0,0.0,0.0,43.9994450952504,optimal
2021-02-11 14:30:00,37,103,0.0,0.0,0.0,0.4565,19.6665,6.0,10,20.24018410103477,,0.0,0.0,0.0,0.0,43.6938599370928,optimal
2021-02-11 15:00:00,37,103,0.0,0.0,0.0,0.2951666666666667,19.404,6.0,10,20.17860227662371,,0.0,0.0,0.0,0.0,43.38858036409337,optimal
2021-02-11 15:30:00,37,103,0.0,0.0,0.0,0.3995,19.047,6.0,10,20.11294736875663,,0.0,0.0,0.0,0.0,43.08360607066694,optimal
2021-02-11 16:00:00,37,103,1.5764306813097262,0.0,0.0,0.3497666666666666,18.858,6.0,10,20.04583943164597,,5517.507384584042,0.0,0.0,0.0,42.778936751533934,optimal
2021-02-11 16:30:00,37,103,0.0,0.0,0.0,0.192,19.2675,6.0,10,20.08555658002616,,0.0,0.0,0.0,0.0,42.474572101720064,optimal
2021-02-11 17:00:00,37,103,0.965902450256606,0.0,0.0,0.9289,18.963,6.0,10,20.0,,3380.6585758981205,0.0,0.0,0.0,42.17051181655601,optimal
2021-02-11 17:30:00,37,103,2.0,0.0,0.0,0.7470666666666668,18.438,6.0,10,20.0,,7000.0,0.0,0.0,0.0,41.86675559167711,optimal
2021-02-11 18:00:00,37,103,0.0887921449492591,0.0,0.0,0.9859666666666668,18.7425,6.0,10,20.076760864688215,,310.7725073224069,0.0,0.0,0.0,41.5633031230231,optimal
2021-02-11 18:30:00,37,103,2.0,0.0,0.0,1.503266666666667,15.2145,6.0,10,20.0,,7000.0,0.0,0.0,0.0,41.26015410683774,optimal
2021-02-11 19:00:00,37,103,0.2608869092284795,0.0,0.0,0.6284666666666667,17.7765,6.0,10,20.066952010454585,,913.1041822996782,0.0,0.0,0.0,40.95730823966856,optimal
2021-02-11 19:30:00,37,103,1.287385715259499,0.0,0.0,0.2405,16.758,6.0,10,20.0,,4465.810287115196,0.0,40.039716293050176,0.0,40.65476521836656,optimal
2021-02-11 20:00:00,37,103,1.88478736531685,0.0,0.0,0.6339666666666667,16.422,6.0,10,20.0,,4367.4224452756425,0.0,2229.333333333333,0.0,40.352524740085855,optimal
2021-02-11 20:30:00,37,103,0.0,0.0,0.0,0.6364333333333333,16.758,6.0,10,20.0,,0.0,0.0,0.0,0.0,40.05058650228343,optimal
2021-02-11 21:00:00,37,103,0.0,0.0,0.0,0.7279,29.358,6.0,10,19.9097624255128,,0.0,0.0,0.0,0.0,39.74895020271881,optimal
2021-02-11 21:30:00,37,103,0.0,0.0,0.0,1.6015,34.9965,6.0,10,19.82389910658044,,0.0,0.0,0.0,0.0,39.70920125251609,optimal
2021-02-11 22:00:00,37,103,0.0,0.0,0.0,1.2655,34.65,6.0,10,19.75920271302961,,0.0,0.0,0.0,0.0,39.669492051263575,optimal
2021-02-11 22:30:00,37,103,0.0,0.0,0.0,0.4353333333333333,34.9965,6.0,10,19.667605793717243,,0.0,0.0,0.0,0.0,39.62982255921232,optimal
2021-02-11 23:00:00,37,103,0.0,0.0,0.0,0.3450333333333333,34.9965,6.0,10,19.5746100343096,,0.0,0.0,0.0,0.0,39.5901927366531,optimal
2021-02-11 23:30:00,37,103,0.0,0.0,0.0,0.3581999999999999,30.4815,6.0,10,19.47403120680385,,0.0,0.0,0.0,0.0,39.55060254391645,optimal
2021-02-12 00:00:00,37,103,0.0,0.0,0.0,0.058,15.435,6.0,10,19.47403120680385,,0.0,0.0,0.0,0.0,39.51105194137253,optimal
2021-02-12 00:30:00,37,103,1.413627872486588,0.0,0.0,0.1032,13.566,6.0,10,19.36057560009328,,4460.030887036392,0.0,487.6666666666667,0.0,39.471540889431154,optimal
2021-02-12 01:00:00,37,103,2.0,0.0,0.0,0.0805999999999999,12.789,6.0,10,19.34247165293003,,7000.0,0.0,0.0,0.0,39.43206934854173,optimal
2021-02-12 01:30:00,37,103,2.0,0.0,0.0,0.1182666666666666,12.1275,6.0,10,19.377441484067223,,7000.0,0.0,0.0,0.0,39.39263727919318,optimal
2021-02-12 02:00:00,37,103,2.0,0.0,0.0,0.0655333333333333,13.671,6.0,10,19.413499235147185,,7000.0,0.0,0.0,0.0,39.35324464191399,optimal
2021-02-12 02:30:00,37,103,2.0,0.0,0.0,0.058,10.668,6.0,10,19.44873701375624,,7000.0,0.0,0.0,0.0,39.31389139727207,optimal
2021-02-12 03:00:00,37,103,2.0,0.0,0.0,0.058,11.7285,6.0,10,19.48501735484253,,7000.0,0.0,0.0,0.0,39.2745775058748,optimal
2021-02-12 03:30:00,37,103,2.0,0.0,0.0,0.058,11.025,6.0,10,19.522494108369628,,7000.0,0.0,0.0,0.0,39.23530292836893,optimal
2021-02-12 04:00:00,37,103,2.0,0.0,0.0,0.058,10.689,6.0,10,19.562976519714084,,7000.0,0.0,0.0,0.0,39.19606762544056,optimal
2021-02-12 04:30:00,37,103,2.0,0.0,5.0,0.058,8.1585,6.0,10,19.60645095315977,,7000.0,0.0,0.0,0.0,41.53187155781512,optimal
2021-02-12 05:00:00,37,103,2.0,0.0,4.171225294803244,0.058,10.3635,6.0,10,19.65290383485149,,7000.0,0.0,0.0,0.0,43.47167170128885,optimal
2021-02-12 05:30:00,37,103,2.0,0.0,0.0,0.1220333333333333,10.8045,6.0,10,19.702321652514293,,7000.0,0.0,0.0,0.0,43.42820002958756,optimal
2021-02-12 06:00:00,37,103,2.0,0.0,0.0,0.0617666666666666,11.025,6.0,10,19.756492551234302,,7000.0,0.0,0.0,0.0,43.38477182955796,optimal
2021-02-12 06:30:00,37,103,2.0,0.0,5.0,0.06,10.3635,6.0,10,19.81277840209973,,7000.0,0.0,0.0,0.0,45.7163870577284,optimal
2021-02-12 07:00:00,37,103,2.0,0.0,0.0,0.1322333333333333,10.8045,6.0,10,19.869183280324265,,7000.0,0.0,0.0,0.0,45.670670670670674,optimal
2021-02-12 07:30:00,37,103,2.0,0.0,5.0,0.584,10.059,6.0,10,19.932625213285235,,7000.0,0.0,0.0,0.0,48.0,optimal
2021-02-12 08:00:00,37,103,2.0,0.0,0.0,1.0265666666666666,10.584,6.0,10,20.0,,3583.8435158375123,0.0,3416.156484162488,0.0,47.85408788702883,optimal
2021-02-12 08:30:00,37,103,2.0,0.0,0.0,0.2618,9.4185,6.0,10,20.0,,4129.179888711103,0.0,2870.8201112888974,0.0,47.70832168617064,optimal
2021-02-12 09:00:00,37,103,2.0,0.0,0.0,0.3045666666666666,10.3635,6.0,10,20.0,,4421.196595451385,0.0,2578.8034045486147,0.0,47.562701251513296,optimal
2021-02-12 09:30:00,37,103,2.0,0.0,0.0,0.2264666666666666,9.8385,6.0,10,20.0089910587075,,7000.0,0.0,0.0,0.0,47.417226437290616,optimal
2021-02-12 10:00:00,37,103,2.0,0.0,0.0,0.068,11.067,6.0,10,20.07435424919205,,7000.0,0.0,0.0,0.0,47.27189709788216,optimal
2021-02-12 10:30:00,37,103,2.0,0.0,0.0,0.068,10.8465,6.0,10,20.13293387789587,,7000.0,0.0,0.0,0.0,47.12671308781312,optimal
2021-02-12 11:00:00,37,103,1.6248551411770764,0.0,0.0,0.2325333333333333,13.671,6.0,10,20.19306242252597,,5686.992994119767,0.0,0.0,0.0,46.98167426175414,optimal
2021-02-12 11:30:00,37,103,2.0,0.0,0.0,0.217,12.348,6.0,10,20.236766187412066,,7000.0,0.0,0.0,0.0,46.83678047452122,optimal
2021-02-12 12:00:00,37,103,0.0,0.0,0.0,0.3053333333333333,14.3325,6.0,10,20.31224618717426,,0.0,0.0,0.0,0.0,46.69203158107553,optimal
2021-02-12 12:30:00,37,103,0.0,0.0,0.0,0.3103999999999999,15.393,6.0,10,20.240082318202955,,0.0,0.0,0.0,0.0,46.54742743652329,optimal
2021-02-12 13:00:00,37,103,2.0,0.0,0.0,0.3175666666666666,13.587,6.0,10,20.169105583549687,,7000.0,0.0,0.0,0.0,46.402967896115605,optimal
2021-02-12 13:30:00,37,103,0.0,0.0,0.0,0.36,16.1385,6.0,10,20.244448247604613,,0.0,0.0,0.0,0.0,46.258652815248325,optimal
2021-02-12 14:00:00,37,103,0.0,0.0,0.0,0.068,14.595,6.0,10,20.17099212534403,,0.0,0.0,0.0,0.0,46.11448204946191,optimal
2021-02-12 14:30:00,37,103,0.0,0.0,0.0,0.0793,14.637,6.0,10,20.085409832149136,,0.0,0.0,0.0,0.0,45.970455454441286,optimal
2021-02-12 15:00:00,37,103,1.14724001368029,0.0,0.0,0.1245,13.9125,6.0,10,20.0,,4015.340047881016,0.0,0.0,0.0,45.82657288601568,optimal
2021-02-12 15:30:00,37,103,1.542570668552966,0.0,0.0,0.068,13.3665,6.0,10,20.0,,5398.997339935381,0.0,0.0,0.0,45.682834200158496,optimal
2021-02-12 16:00:00,37,103,2.0,0.0,0.0,0.1282666666666666,13.0095,6.0,10,20.027256699804884,,7000.0,0.0,0.0,0.0,45.53923925298717,optimal
2021-02-12 16:30:00,37,103,0.0,0.0,0.0,0.0755333333333333,13.8915,6.0,10,20.088679636932653,,0.0,0.0,0.0,0.0,45.39578790076302,optimal
2021-02-12 17:00:00,37,103,1.4880925468510435,0.0,0.0,0.1431666666666666,13.188,6.0,10,20.0,,4111.77058064532,0.0,1096.5533333333333,0.0,45.25247999989109,optimal
2021-02-12 17:30:00,37,103,1.2249586953568077,0.0,0.0,0.068,12.5685,6.0,10,20.0,,4287.355433748827,0.0,0.0,0.0,45.10931540692003,optimal
2021-02-12 18:00:00,37,103,1.214973426729828,0.0,0.0,0.1245,12.285,6.0,10,20.0,,4252.406993554398,0.0,0.0,0.0,44.96629397854195,optimal
2021-02-12 18:30:00,37,103,2.0,0.0,0.0,0.1185333333333333,11.487,6.0,10,20.0,,6373.0,0.0,627.0,0.0,44.82341557159224,optimal
2021-02-12 19:00:00,37,103,0.0193893951292586,0.0,0.0,0.1068666666666666,11.802,6.0,10,20.06212222153352,,67.86288295240517,0.0,0.0,0.0,44.680680043049485,optimal
2021-02-12 19:30:00,37,103,0.8346123904079789,0.0,0.0,0.3145666666666666,11.2245,6.0,10,20.0,,2851.47669976126,0.0,69.66666666666666,0.0,44.53808725003527,optimal
2021-02-12 20:00:00,37,103,1.0205699674851478,0.0,0.0,0.5095,11.025,6.0,10,20.0,,2805.6615528646844,0.0,766.3333333333334,0.0,44.39563704981407,optimal
2021-02-12 20:30:00,37,103,0.0,0.0,0.0,0.4386666666666667,11.907,6.0,10,20.0,,0.0,0.0,0.0,0.0,44.25332929979309,optimal
2021-02-12 21:00:00,37,103,0.0,0.0,0.0,0.2593333333333333,25.83,6.0,10,19.93088051935752,,0.0,0.0,0.0,0.0,44.209075970493295,optimal
2021-02-12 21:30:00,37,103,0.0,0.0,0.0,0.2498333333333333,28.035,6.0,10,19.860629979650472,,0.0,0.0,0.0,0.0,44.1648668945228,optimal
2021-02-12 22:00:00,37,103,0.0,0.0,0.0,0.0935666666666666,28.119,6.0,10,19.791275116948597,,0.0,0.0,0.0,0.0,44.12070202762828,optimal
2021-02-12 22:30:00,37,103,0.0,0.0,0.0,0.2296333333333333,30.156,6.0,10,19.721220457019022,,0.0,0.0,0.0,0.0,44.07658132560065,optimal
2021-02-12 23:00:00,37,103,0.0,0.0,0.0,0.1933333333333332,29.1585,6.0,10,19.659346641857343,,0.0,0.0,0.0,0.0,44.03250474427505,optimal
2021-02-12 23:30:00,37,103,0.0,0.0,0.0,0.1245,26.712,6.0,10,19.589776827369477,,0.0,0.0,0.0,0.0,43.98847223953078,optimal
2021-02-13 00:00:00,37,103,2.0,0.0,0.0,0.06,10.059,6.0,-1,19.589776827369477,,7000.0,0.0,0.0,0.0,43.944483767291246,optimal
2021-02-13 00:30:00,37,103,2.0,0.0,0.0,0.06,9.261,6.0,-1,19.653156336907777,,0.0,0.0,7000.0,0.0,43.90053928352396,optimal
2021-02-13 01:00:00,37,103,2.0,0.0,0.0,0.06,8.1585,6.0,-1,19.56912229318933,,3201.6666666666665,0.0,3798.3333333333335,0.0,43.85663874424043,optimal
2021-02-13 01:30:00,37,103,2.0,0.0,0.0,0.06,9.4815,6.0,-1,19.553092708414898,,7000.0,0.0,0.0,0.0,43.81278210549619,optimal
2021-02-13 02:00:00,37,103,2.0,0.0,0.0,0.06,8.379,6.0,-1,19.617319144584837,,7000.0,0.0,0.0,0.0,43.76896932339069,optimal
2021-02-13 02:30:00,37,103,2.0,0.0,0.0,0.06,9.5235,6.0,-1,19.68148103992648,,7000.0,0.0,0.0,0.0,43.7252003540673,optimal
2021-02-13 03:00:00,37,103,2.0,0.0,0.0,0.06,8.1375,6.0,-1,19.74535185310107,,7000.0,0.0,0.0,0.0,43.68147515371324,optimal
2021-02-13 03:30:00,37,103,2.0,0.0,0.0,0.06,10.0905,6.0,-1,19.80893290465606,,7000.0,0.0,0.0,0.0,43.637793678559525,optimal
2021-02-13 04:00:00,37,103,2.0,0.0,5.0,0.06,7.539,6.0,-1,19.871998675007976,,7000.0,0.0,0.0,0.0,45.96915588488097,optimal
2021-02-13 04:30:00,37,103,2.0,0.0,4.77746154249816,0.06,7.938,6.0,-1,19.934551501824185,,7000.0,0.0,0.0,0.0,48.19248096168271,optimal
2021-02-13 05:00:00,37,103,2.0,0.0,0.0,0.06,8.274,6.0,-1,19.99636687802677,,7000.0,0.0,0.0,0.0,48.144288480721016,optimal
2021-02-13 05:30:00,37,103,2.0,0.0,0.0,0.06,9.261,6.0,-1,20.057448149195235,,7000.0,0.0,0.0,0.0,48.096144192240295,optimal
2021-02-13 06:00:00,37,103,2.0,0.0,0.0,0.06,9.9225,6.0,-1,20.117798645731277,,7000.0,0.0,0.0,0.0,48.048048048048045,optimal
2021-02-13 06:30:00,37,103,2.0,0.0,0.0,0.066,9.702,6.0,-1,20.177421682927587,,7000.0,0.0,0.0,0.0,48.0,optimal
2021-02-13 07:00:00,37,103,2.0,0.0,0.0,0.068,10.584,6.0,-1,20.239262897783902,,7000.0,0.0,0.0,0.0,47.83477719598145,optimal
2021-02-13 07:30:00,37,103,2.0,0.0,0.0,0.195,10.143,6.0,-1,20.298491683743432,,7000.0,0.0,0.0,0.0,47.669719614766926,optimal
2021-02-13 08:00:00,37,103,0.0,0.0,0.0,0.195,13.0095,6.0,-1,20.365771398918977,,0.0,0.0,0.0,0.0,47.50482709113361,optimal
2021-02-13 08:30:00,37,103,2.0,0.0,0.0,0.1116666666666666,11.025,6.0,-1,20.291165564850758,,7000.0,0.0,0.0,0.0,47.340099460023936,optimal
2021-02-13 09:00:00,37,103,1.056171873162669,0.0,0.0,0.07,12.789,6.0,-1,20.34724461539945,,3696.6015560693418,0.0,0.0,0.0,47.17553655654537,optimal
2021-02-13 09:30:00,37,103,2.0,0.0,0.0,0.07,12.1275,6.0,-1,20.328762240506627,,7000.0,0.0,0.0,0.0,47.01113821597028,optimal
2021-02-13 10:00:00,37,103,2.0,0.0,0.0,1.1398666666666666,12.1695,6.0,-1,20.381035769388028,,7000.0,0.0,0.0,0.0,46.84690427373576,optimal
2021-02-13 10:30:00,37,103,2.0,0.0,0.0,0.6442,12.306,6.0,-1,20.452911153523804,,7000.0,0.0,0.0,0.0,46.68283456544348,optimal
2021-02-13 11:00:00,37,103,0.0,0.0,0.0,0.224,13.23,6.0,-1,20.52210062186899,,0.0,0.0,0.0,0.0,46.51892892685949,optimal
2021-02-13 11:30:00,37,103,0.0,0.0,0.0,0.2710333333333333,13.671,6.0,-1,20.44770044121709,,0.0,0.0,0.0,0.0,46.35518719391408,optimal
2021-02-13 12:00:00,37,103,0.0,0.0,0.0,0.202,13.9335,6.0,-1,20.37419230940673,,0.0,0.0,0.0,0.0,46.19160920270162,optimal
2021-02-13 12:30:00,37,103,0.0,0.0,0.0,0.2009666666666666,13.293,6.0,-1,20.294862713773192,,0.0,0.0,0.0,0.0,46.02819478948037,optimal
2021-02-13 13:00:00,37,103,2.0,0.0,0.0,0.07,12.1065,6.0,-1,20.21043783015972,,7000.0,0.0,0.0,0.0,45.86494379067235,optimal
2021-02-13 13:30:00,37,103,2.0,0.0,0.0,0.07,11.571,6.0,-1,20.26619700874117,,7000.0,0.0,0.0,0.0,45.70185604286313,optimal
2021-02-13 14:00:00,37,103,2.0,0.0,0.0,0.07,11.025,6.0,-1,20.32215689389624,,7000.0,0.0,0.0,0.0,45.53893138280172,optimal
2021-02-13 14:30:00,37,103,2.0,0.0,0.0,0.232,10.8465,6.0,-1,20.378316573376267,,7000.0,0.0,0.0,0.0,45.37616964740037,optimal
2021-02-13 15:00:00,37,103,2.0,0.0,0.0,0.549,11.2455,6.0,-1,20.4414253065886,,7000.0,0.0,0.0,0.0,45.21357067373443,optimal
2021-02-13 15:30:00,37,103,0.0,0.0,0.0,0.3,23.8665,6.0,-1,20.513682909675783,,0.0,0.0,0.0,0.0,45.05113429904215,optimal
2021-02-13 16:00:00,37,103,0.0,0.0,0.0,0.3,27.4575,6.0,-1,20.4344928458026,,0.0,0.0,0.0,0.0,44.88886036072456,optimal
2021-02-13 16:30:00,37,103,0.0,0.0,0.0,0.2615,27.3735,6.0,-1,20.355764103015016,,0.0,0.0,0.0,0.0,44.72674869634529,optimal
2021-02-13 17:00:00,37,103,0.0,0.0,0.0,0.3418333333333333,30.4605,6.0,-1,20.282784940361275,,0.0,0.0,0.0,0.0,44.5647991436304,optimal
2021-02-13 17:30:00,37,103,0.0,0.0,0.0,0.2635,30.0195,6.0,-1,20.208391079099197,,0.0,0.0,0.0,0.0,44.40301154046822,optimal
2021-02-13 18:00:00,37,103,0.0,0.0,0.0,0.2021333333333333,26.9325,6.0,-1,20.132406119000727,,0.0,0.0,0.0,0.0,44.24138572490921,optimal
2021-02-13 18:30:00,37,103,0.0,0.0,0.0,0.3440333333333333,14.595,6.0,-1,20.060304068694773,,0.0,0.0,0.0,0.0,44.07992153516575,optimal
2021-02-13 19:00:00,37,103,0.8003214799974613,0.0,0.0,0.4655666666666667,12.4845,6.0,-1,20.0,,2801.1251799911147,0.0,0.0,0.0,43.91861880961204,optimal
2021-02-13 19:30:00,37,103,0.8551742951698597,0.0,0.0,0.3890666666666666,12.1275,6.0,-1,20.0,,2993.1100330945087,0.0,0.0,0.0,43.75747738678388,optimal
2021-02-13 20:00:00,37,103,0.9238366341517904,0.0,0.0,0.3852333333333333,12.1275,6.0,-1,20.0,,3233.428219531266,0.0,0.0,0.0,43.59649710537855,optimal
2021-02-13 20:30:00,37,103,0.0,0.0,0.0,0.4312333333333333,12.789,6.0,-1,20.0,,0.0,0.0,0.0,0.0,43.43567780425463,optimal
2021-02-13 21:00:00,37,103,0.0,0.0,0.0,0.4094,11.907,6.0,-1,19.934163553863133,,0.0,0.0,0.0,0.0,43.27501932243183,optimal
2021-02-13 21:30:00,37,103,0.0597142857142857,0.0,0.0,0.3967,11.025,6.0,-1,19.863015853117908,,0.0,0.0,209.0,0.0,43.114521499090856,optimal
2021-02-13 22:00:00,37,103,0.1393333333333333,0.0,0.0,1.3186333333333335,8.2005,6.0,-1,19.793857927805515,,0.0,0.0,487.6666666666667,0.0,42.95418417357322,optimal
2021-02-13 22:30:00,37,103,0.0,0.0,0.0,0.4152666666666667,9.5655,6.0,-1,19.72789725401328,,0.0,0.0,0.0,0.0,42.91122998939965,optimal
2021-02-13 23:00:00,37,103,0.0995238095238095,0.0,0.0,0.4111,7.056,6.0,-1,19.658061928926784,,0.0,0.0,348.3333333333333,0.0,42.86831875941024,optimal
2021-02-13 23:30:00,37,103,0.0,0.0,0.0,0.2337333333333333,9.3975,6.0,-1,19.589671917833037,,0.0,0.0,0.0,0.0,42.82545044065083,optimal
2021-02-07 00:00:00,38,103,0.0,0.0,0.0,0.067,10.3635,6.0,-1,21.0,,0.0,0.0,0.0,0.0,47.952,optimal
2021-02-07 00:30:00,38,103,2.0,0.0,0.0,0.1170333333333333,8.274,6.0,-1,20.92468627957432,,7000.0,0.0,0.0,0.0,47.904048,optimal
2021-02-07 01:00:00,38,103,2.0,0.0,0.0,0.1593666666666666,7.7175,6.0,-1,20.997498238802883,,7000.0,0.0,0.0,0.0,47.856143952,optimal
2021-02-07 01:30:00,38,103,2.0,0.0,0.0,0.1614,6.615,6.0,-1,21.07039628851104,,7000.0,0.0,0.0,0.0,47.80828780804799,optimal
2021-02-07 02:00:00,38,103,2.0,0.0,0.0,0.163,6.174,6.0,-1,21.142779591246725,,7000.0,0.0,0.0,0.0,47.76047952023995,optimal
2021-02-07 02:30:00,38,103,2.0,0.0,0.0,0.076,3.906,6.0,-1,21.214641360410287,,7000.0,0.0,0.0,0.0,47.712719040719705,optimal
2021-02-07 03:00:00,38,103,2.0,0.0,0.0,0.3336,2.3415,6.0,-1,21.283892061762163,,7000.0,0.0,0.0,0.0,47.66500632167899,optimal
2021-02-07 03:30:00,38,103,2.0,0.0,0.0,0.1162,2.205,6.0,-1,21.35779751141991,,7000.0,0.0,0.0,0.0,47.61734131535731,optimal
2021-02-07 04:00:00,38,103,2.0,0.0,1.7179153722866964,0.1042333333333333,0.882,6.0,-1,21.42656448269751,,7000.0,0.0,0.0,0.0,48.38573377587813,optimal
2021-02-07 04:30:00,38,103,2.0,0.0,0.0,0.3455666666666667,1.5435,6.0,-1,21.494540742685768,,7000.0,0.0,0.0,0.0,48.33734804210225,optimal
2021-02-07 05:00:00,38,103,2.0,0.0,0.0,0.076,1.5435,6.0,-1,21.567288781029152,,7000.0,0.0,0.0,0.0,48.28901069406015,optimal
2021-02-07 05:30:00,38,103,2.0,0.0,0.0,0.2054,5.0715,6.0,-1,21.63403229633304,,7000.0,0.0,0.0,0.0,48.24072168336608,optimal
2021-02-07 06:00:00,38,103,2.0,0.0,0.0,0.2444,5.376,6.0,-1,21.703196940249526,,7000.0,0.0,0.0,0.0,48.19248096168271,optimal
2021-02-07 06:30:00,38,103,2.0,0.0,0.0,0.188,5.0715,6.0,-1,21.772868772020107,,7000.0,0.0,0.0,0.0,48.144288480721016,optimal
2021-02-07 07:00:00,38,103,2.0,0.0,0.0,0.2327,5.5125,6.0,-1,21.84081044764931,,7000.0,0.0,0.0,0.0,48.096144192240295,optimal
2021-02-07 07:30:00,38,103,1.2785005978691204,0.0,0.0,0.2117333333333333,9.261,6.0,-1,21.90915801253628,,4474.752092541921,0.0,0.0,0.0,48.048048048048045,optimal
2021-02-07 08:00:00,38,103,0.0,0.0,0.0,0.3325,11.7075,6.0,-1,21.928756935112283,,0.0,0.0,0.0,0.0,48.0,optimal
2021-02-07 08:30:00,38,103,0.0,0.0,0.0,0.3333666666666667,12.348,6.0,-1,21.86059804273283,,0.0,0.0,0.0,0.0,47.68238630612571,optimal
2021-02-07 09:00:00,38,103,0.0,0.0,0.0,0.2032333333333333,12.348,6.0,-1,21.780418950358214,,0.0,0.0,0.0,0.0,47.36509022594529,optimal
2021-02-07 09:30:00,38,103,0.0,0.0,0.0,0.0921666666666666,12.1275,6.0,-1,21.69217974280508,,0.0,0.0,0.0,0.0,47.04811144184505,optimal
2021-02-07 10:00:00,38,103,0.0,0.0,0.0,0.2951666666666667,12.5265,6.0,-1,21.602229684059868,,0.0,0.0,0.0,0.0,46.731449636528914,optimal
2021-02-07 10:30:00,38,103,0.0,0.0,0.0,0.1546333333333333,11.7495,6.0,-1,21.517187767925066,,0.0,0.0,0.0,0.0,46.41510449301809,optimal
2021-02-07 11:00:00,38,103,0.0,0.0,0.0,0.076,13.23,6.0,-1,21.429119707730973,,0.0,0.0,0.0,0.0,46.09907569465079,optimal
2021-02-07 11:30:00,38,103,0.0,0.0,0.0,0.2402,14.3325,6.0,-1,21.33934225345123,,0.0,0.0,0.0,0.0,45.783362925081846,optimal
2021-02-07 12:00:00,38,103,0.0,0.0,0.0,0.2095999999999999,14.994,6.0,-1,21.25342856796652,,0.0,0.0,0.0,0.0,45.46796586828248,optimal
2021-02-07 12:30:00,38,103,0.0,0.0,0.0,0.076,14.8155,6.0,-1,21.167260503879547,,0.0,0.0,0.0,0.0,45.1528842085399,optimal
2021-02-07 13:00:00,38,103,0.0,0.0,0.0,0.2138666666666666,14.112,6.0,-1,21.078671022483547,,0.0,0.0,0.0,0.0,44.83811763045707,optimal
2021-02-07 13:30:00,38,103,0.0,0.0,0.0,0.1083333333333333,14.007,6.0,-1,20.99338559234657,,0.0,0.0,0.0,0.0,44.52366581895232,optimal
2021-02-07 14:00:00,38,103,0.0,0.0,0.0,0.0954,13.23,6.0,-1,20.90649238958953,,0.0,0.0,0.0,0.0,44.20952845925908,optimal
2021-02-07 14:30:00,38,103,0.0,0.0,0.0,0.1988,11.382,6.0,-1,20.81994797620387,,0.0,0.0,0.0,0.0,43.89570523692553,optimal
2021-02-07 15:00:00,38,103,0.0,0.0,0.0,0.104,11.7495,6.0,-1,20.736199633677447,,0.0,0.0,0.0,0.0,43.58219583781431,optimal
2021-02-07 15:30:00,38,103,0.0,0.0,0.0,0.2845666666666667,24.3285,6.0,-1,20.651062486949,,0.0,0.0,0.0,0.0,43.268999948102206,optimal
2021-02-07 16:00:00,38,103,0.0,0.0,0.0,1.3791333333333335,28.917,6.0,-1,20.572972758593377,,0.0,0.0,0.0,0.0,42.95611725427981,optimal
2021-02-07 16:30:00,38,103,0.0,0.0,0.0,0.4089666666666666,31.3635,6.0,-1,20.500593069256656,,0.0,0.0,0.0,0.0,42.64354744315124,optimal
2021-02-07 17:00:00,38,103,0.0,0.0,0.0,0.3203,33.306,6.0,-1,20.42950071093532,,0.0,0.0,0.0,0.0,42.3312902018338,optimal
2021-02-07 17:30:00,38,103,0.0,0.0,0.0,0.2191666666666666,31.3425,6.0,-1,20.361784076657365,,0.0,0.0,0.0,0.0,42.01934521775768,optimal
2021-02-07 18:00:00,38,103,0.0,0.0,0.0,0.3717,28.2555,6.0,-1,20.291909329666627,,0.0,0.0,0.0,0.0,41.70771217866562,optimal
2021-02-07 18:30:00,38,103,0.0,0.0,0.0,0.9773,15.6975,6.0,-1,20.227046205654005,,0.0,0.0,0.0,0.0,41.39639077261267,optimal
2021-02-07 19:00:00,38,103,0.0,0.0,0.0,1.3621,12.5475,6.0,-1,20.173220822606066,,0.0,0.0,0.0,0.0,41.08538068796577,optimal
2021-02-07 19:30:00,38,103,0.0,0.0,0.0,0.5242,12.0855,6.0,-1,20.117172010188067,,0.0,0.0,0.0,0.0,40.77468161340351,optimal
2021-02-07 20:00:00,38,103,0.0,0.0,0.0,0.5615,11.907,6.0,-1,20.0590052328293,,0.0,0.0,0.0,0.0,40.46429323791581,optimal
2021-02-07 20:30:00,38,103,0.0,0.0,0.0,0.7313999999999999,12.5685,6.0,-1,20.0,,0.0,0.0,0.0,0.0,40.1542152508036,optimal
2021-02-07 21:00:00,38,103,0.0,0.0,0.0,1.799,13.146,6.0,-1,19.94023495279867,,0.0,0.0,0.0,0.0,39.84444734167851,optimal
2021-02-07 21:30:00,38,103,0.0,0.0,0.0,0.6121666666666666,10.584,6.0,-1,19.886377676366408,,0.0,0.0,0.0,0.0,39.53498920046254,optimal
2021-02-07 22:00:00,38,103,0.0,0.0,0.0,0.5404666666666667,6.678,6.0,-1,19.82906140523595,,0.0,0.0,0.0,0.0,39.49545421126208,optimal
2021-02-07 22:30:00,38,103,0.0,0.0,0.0,0.7062,7.938,6.0,-1,19.775843210534795,,0.0,0.0,0.0,0.0,39.455958757050816,optimal
2021-02-07 23:00:00,38,103,0.0,0.0,0.0,2.3835333333333333,5.292,6.0,-1,19.72349291003864,,0.0,0.0,0.0,0.0,39.41650279829376,optimal
2021-02-07 23:30:00,38,103,0.0,0.0,0.0,2.7116,9.261,6.0,-1,19.67156142042961,,0.0,0.0,0.0,0.0,39.37708629549547,optimal
2021-02-08 00:00:00,38,103,0.0,0.0,0.0,0.062,15.876,6.0,10,19.67156142042961,,0.0,0.0,0.0,0.0,39.33770920919997,optimal
2021-02-08 00:30:00,38,103,0.0,0.0,0.0,0.062,12.348,6.0,10,19.595427279442983,,0.0,0.0,0.0,0.0,39.29837149999077,optimal
2021-02-08 01:00:00,38,103,1.388676051098502,0.0,0.0,0.062,12.1275,6.0,10,19.519638534904317,,0.0,0.0,4860.366178844757,0.0,39.25907312849078,optimal
2021-02-08 01:30:00,38,103,0.0,0.0,0.0,0.0659666666666666,12.348,6.0,10,19.44419361985948,,0.0,0.0,0.0,0.0,39.21981405536229,optimal
2021-02-08 02:00:00,38,103,2.0,0.0,0.0,0.1294333333333333,12.1275,6.0,10,19.36894764027408,,0.0,0.0,7000.0,0.0,39.18059424130693,optimal
2021-02-08 02:30:00,38,103,0.0,0.0,0.0,0.062,12.1275,6.0,10,19.29515219290568,,0.0,0.0,0.0,0.0,39.14141364706562,optimal
2021-02-08 03:00:00,38,103,2.0,0.0,0.0,0.071,11.2665,6.0,10,19.22049886704756,,6670.5719258831805,0.0,329.4280741168195,0.0,39.10227223341855,optimal
2021-02-08 03:30:00,38,103,2.0,0.0,0.0,0.0944,10.143,6.0,10,19.286829313150815,,7000.0,0.0,0.0,0.0,39.06316996118513,optimal
2021-02-08 04:00:00,38,103,2.0,0.0,0.0,0.1016666666666666,11.2455,6.0,10,19.360234599831895,,7000.0,0.0,0.0,0.0,39.02410679122395,optimal
2021-02-08 04:30:00,38,103,2.0,0.0,0.0,0.062,11.025,6.0,10,19.433247035773324,,7000.0,0.0,0.0,0.0,38.985082684432726,optimal
2021-02-08 05:00:00,38,103,2.0,0.0,5.0,0.0818333333333333,5.9745,6.0,10,19.50463956966253,,7000.0,0.0,0.0,0.0,41.32109760174829,optimal
2021-02-08 05:30:00,38,103,2.0,0.0,0.0,0.1135666666666666,7.938,6.0,10,19.575672049745958,,7000.0,0.0,0.0,0.0,41.27977650414655,optimal
2021-02-08 06:00:00,38,103,2.0,0.0,0.0,0.0613333333333333,8.6835,6.0,10,19.646823443466477,,7000.0,0.0,0.0,0.0,41.2384967276424,optimal
2021-02-08 06:30:00,38,103,2.0,0.0,4.508950419865833,0.7037333333333333,7.665,6.0,10,19.71756765283566,,7000.0,0.0,0.0,0.0,43.33900968035103,optimal
2021-02-08 07:00:00,38,103,2.0,0.0,5.0,1.2788333333333333,6.7725,6.0,10,19.805349594710904,,7000.0,0.0,0.0,0.0,45.670670670670674,optimal
2021-02-08 07:30:00,38,103,2.0,0.0,5.0,0.4346666666666667,5.5755,6.0,10,19.91202931350291,,7000.0,0.0,0.0,0.0,48.0,optimal
2021-02-08 08:00:00,38,103,2.0,0.0,0.0,0.2386666666666666,5.0925,6.0,10,20.0,,7000.0,0.0,0.0,0.0,47.80739569354792,optimal
2021-02-08 08:30:00,38,103,2.0,0.0,0.0,0.442,4.1895,6.0,10,20.080524297715076,,7000.0,0.0,0.0,0.0,47.61498399140229,optimal
2021-02-08 09:00:00,38,103,2.0,0.0,0.0,0.3459,7.056,6.0,10,20.164506355140205,,7000.0,0.0,0.0,0.0,47.42276470095881,optimal
2021-02-08 09:30:00,38,103,2.0,0.0,0.0,0.5649,5.271,6.0,10,20.24431346667203,,7000.0,0.0,0.0,0.0,47.230737629805766,optimal
2021-02-08 10:00:00,38,103,2.0,0.0,0.0,1.5507666666666668,7.938,6.0,10,20.323302720060145,,7000.0,0.0,0.0,0.0,47.03890258572388,optimal
2021-02-08 10:30:00,38,103,2.0,0.0,0.0,0.2858666666666666,7.938,6.0,10,20.405972370071407,,7000.0,0.0,0.0,0.0,46.84725937668608,optimal
2021-02-08 11:00:00,38,103,2.0,0.0,0.0,0.3031333333333333,11.907,6.0,10,20.4755679518485,,7000.0,0.0,0.0,0.0,46.65580781085731,optimal
2021-02-08 11:30:00,38,103,2.0,0.0,0.0,0.5133666666666666,11.025,6.0,10,20.54151129996472,,7000.0,0.0,0.0,0.0,46.46454769659437,optimal
2021-02-08 12:00:00,38,103,2.0,0.0,0.0,0.2920333333333333,11.2875,6.0,10,20.610571786702884,,7000.0,0.0,0.0,0.0,46.2734788424457,optimal
2021-02-08 12:30:00,38,103,0.0,0.0,0.0,0.3395333333333333,12.936,6.0,10,20.67612305743979,,0.0,0.0,0.0,0.0,46.08260105715117,optimal
2021-02-08 13:00:00,38,103,0.0,0.0,0.0,1.3226666666666669,13.0095,6.0,10,20.59972544462289,,0.0,0.0,0.0,0.0,45.89191414964194,optimal
2021-02-08 13:30:00,38,103,0.0,0.0,0.0,0.4557,13.671,6.0,10,20.52717039870788,,0.0,0.0,0.0,0.0,45.70141792904022,optimal
2021-02-08 14:00:00,38,103,0.0,0.0,0.0,0.5939333333333333,13.188,6.0,10,20.456623173700308,,0.0,0.0,0.0,0.0,45.5111122046591,optimal
2021-02-08 14:30:00,38,103,0.0,0.0,0.0,0.4223666666666666,13.8495,6.0,10,20.391850542612534,,0.0,0.0,0.0,0.0,45.32099678600236,optimal
2021-02-08 15:00:00,38,103,0.0,0.0,0.0,0.4484333333333333,13.23,6.0,10,20.323872612380388,,0.0,0.0,0.0,0.0,45.13107148276428,optimal
2021-02-08 15:30:00,38,103,0.0,0.0,0.0,0.3521333333333333,13.3665,6.0,10,20.259400759506445,,0.0,0.0,0.0,0.0,44.94133610482943,optimal
2021-02-08 16:00:00,38,103,1.2566766462027532,0.0,0.0,0.2924333333333333,13.0515,6.0,10,20.199455525085256,,4398.3682617096365,0.0,0.0,0.0,44.75179046227253,optimal
2021-02-08 16:30:00,38,103,0.0,0.0,0.0,0.9632333333333332,13.5345,6.0,10,20.227947187938064,,0.0,0.0,0.0,0.0,44.56243436535817,optimal
2021-02-08 17:00:00,38,103,0.0,0.0,0.0,1.2058666666666666,14.154,6.0,10,20.17782885493479,,0.0,0.0,0.0,0.0,44.37326762454073,optimal
2021-02-08 17:30:00,38,103,0.0,0.0,0.0,0.2658999999999999,14.112,6.0,10,20.12848462758051,,0.0,0.0,0.0,0.0,44.18429005046411,optimal
2021-02-08 18:00:00,38,103,0.0,0.0,0.0,0.2943,14.2485,6.0,10,20.062259335644544,,0.0,0.0,0.0,0.0,43.99550145396156,optimal
2021-02-08 18:30:00,38,103,1.700278756126379,0.0,0.0,0.2606,12.789,6.0,10,20.0,,5950.975646442326,0.0,0.0,0.0,43.80690164605552,optimal
2021-02-08 19:00:00,38,103,0.0,0.0,0.0,0.3567666666666667,13.0095,6.0,10,20.060986646154245,,0.0,0.0,0.0,0.0,43.61849043795738,optimal
2021-02-08 19:30:00,38,103,2.0,0.0,0.0,0.2973,12.1275,6.0,10,20.0,,6022.794252961577,0.0,977.2057470384234,0.0,43.43026764106734,optimal
2021-02-08 20:00:00,38,103,0.0,0.0,0.0,0.5703333333333334,12.348,6.0,10,20.059652760822296,,0.0,0.0,0.0,0.0,43.242233066974194,optimal
2021-02-08 20:30:00,38,103,0.0,0.0,0.0,1.6299666666666668,12.348,6.0,10,20.0,,0.0,0.0,0.0,0.0,43.05438652745514,optimal
2021-02-08 21:00:00,38,103,0.0,0.0,0.0,0.5394,25.389,6.0,10,19.945634636197127,,0.0,0.0,0.0,0.0,42.8667278344756,optimal
2021-02-08 21:30:00,38,103,0.0,0.0,0.0,0.4094666666666666,29.1375,6.0,10,19.88764744537026,,0.0,0.0,0.0,0.0,42.67925680018904,optimal
2021-02-08 22:00:00,38,103,0.0,0.0,0.0,0.6702333333333333,30.597,6.0,10,19.825316244685165,,0.0,0.0,0.0,0.0,42.491973236936765,optimal
2021-02-08 22:30:00,38,103,0.0,0.0,0.0,0.4392666666666666,33.684,6.0,10,19.769598954442586,,0.0,0.0,0.0,0.0,42.44948126369983,optimal
2021-02-08 23:00:00,38,103,0.0,0.0,0.0,0.072,32.445,6.0,10,19.708596583842,,0.0,0.0,0.0,0.0,42.40703178243613,optimal
2021-02-08 23:30:00,38,103,0.0,0.0,0.0,0.1417333333333333,28.917,6.0,10,19.62866507982591,,0.0,0.0,0.0,0.0,42.36462475065369,optimal
2021-02-09 00:00:00,38,103,2.0,0.0,0.0,0.074,11.6865,6.0,-6,19.62866507982591,,7000.0,0.0,0.0,0.0,42.32226012590304,optimal
2021-02-09 00:30:00,38,103,2.0,0.0,5.0,0.114,10.7205,6.0,-6,19.69623746576501,,103.00000000000092,0.0,6896.999999999999,0.0,44.654937865777136,optimal
2021-02-09 01:00:00,38,103,2.0,0.0,0.0,0.0774,11.424,6.0,-6,19.61938748501385,,7000.0,0.0,0.0,0.0,44.61028292791136,optimal
2021-02-09 01:30:00,38,103,2.0,0.0,5.0,0.1331333333333333,10.689,6.0,-6,19.68752720012439,,7000.0,0.0,0.0,0.0,46.94067264498344,optimal
2021-02-09 02:00:00,38,103,2.0,0.0,3.243023097859993,0.126,11.361,6.0,-6,19.75607732807651,,7000.0,0.0,0.0,0.0,48.434167943821954,optimal
2021-02-09 02:30:00,38,103,2.0,0.0,0.0,0.2205333333333333,11.571,6.0,-6,19.823712637986382,,7000.0,0.0,0.0,0.0,48.38573377587813,optimal
2021-02-09 03:00:00,38,103,2.0,0.0,0.0,0.1996,14.3745,6.0,-6,19.89325790730736,,7000.0,0.0,0.0,0.0,48.33734804210225,optimal
2021-02-09 03:30:00,38,103,2.0,0.0,0.0,0.066,13.23,6.0,-6,19.962273850737688,,7000.0,0.0,0.0,0.0,48.28901069406015,optimal
2021-02-09 04:00:00,38,103,2.0,0.0,0.0,0.126,13.9755,6.0,-6,20.02861802452122,,7000.0,0.0,0.0,0.0,48.24072168336608,optimal
2021-02-09 04:30:00,38,103,0.0,0.0,0.0,0.1844,14.994,6.0,-6,20.096377908581253,,0.0,0.0,0.0,0.0,48.19248096168271,optimal
2021-02-09 05:00:00,38,103,2.0,0.0,0.0,0.1757333333333333,13.671,6.0,-6,20.017253208410743,,7000.0,0.0,0.0,0.0,48.144288480721016,optimal
2021-02-09 05:30:00,38,103,0.0,0.0,0.0,0.1748666666666666,15.981,6.0,-6,20.085204221424803,,0.0,0.0,0.0,0.0,48.096144192240295,optimal
2021-02-09 06:00:00,38,103,0.0,0.0,0.0,1.0580999999999998,15.6345,6.0,-6,20.00976313028464,,0.0,0.0,0.0,0.0,48.048048048048045,optimal
2021-02-09 06:30:00,38,103,0.0,0.0,0.0,0.1515333333333333,16.5375,6.0,-6,19.941627555844388,,0.0,0.0,0.0,0.0,48.0,optimal
2021-02-09 07:00:00,38,103,2.0,0.0,0.0,1.0879,14.7735,6.0,-6,19.87309451795881,,7000.0,0.0,0.0,0.0,47.925474081271474,optimal
2021-02-09 07:30:00,38,103,1.5176982548347482,0.0,0.0,0.1362,15.2145,6.0,-6,19.95629248594244,,5311.943891921619,0.0,0.0,0.0,47.85102268846168,optimal
2021-02-09 08:00:00,38,103,2.0,0.0,0.0,0.2178,14.553,6.0,-6,20.0,,7000.0,0.0,0.0,0.0,47.77664574704469,optimal
2021-02-09 08:30:00,38,103,2.0,0.0,0.0,0.068,14.3325,6.0,-6,20.076863694711125,,7000.0,0.0,0.0,0.0,47.70234318256912,optimal
2021-02-09 09:00:00,38,103,2.0,0.0,0.0,0.3801333333333333,14.595,6.0,-6,20.13431249975481,,7000.0,0.0,0.0,0.0,47.62811492065803,optimal
2021-02-09 09:30:00,38,103,0.6873752562740457,0.0,0.0,0.068,14.994,6.0,-6,20.19875171526601,,2405.81339695916,0.0,0.0,0.0,47.55396088700885,optimal
2021-02-09 10:00:00,38,103,2.0,0.0,0.0,0.1,14.3325,6.0,-6,20.16097955983256,,7000.0,0.0,0.0,0.0,47.47988100739332,optimal
2021-02-09 10:30:00,38,103,2.0,0.0,0.0,0.3481333333333333,13.8915,6.0,-6,20.222122885998868,,7000.0,0.0,0.0,0.0,47.4058752076574,optimal
2021-02-09 11:00:00,38,103,2.0,0.0,0.0,0.068,13.8915,6.0,-6,20.28934630284694,,7000.0,0.0,0.0,0.0,47.33194341372122,optimal
2021-02-09 11:30:00,38,103,2.0,0.0,0.0,0.1718666666666666,13.4715,6.0,-6,20.351501999917232,,7000.0,0.0,0.0,0.0,47.25808555157897,optimal
2021-02-09 12:00:00,38,103,2.0,0.0,0.0,0.315,13.23,6.0,-6,20.415788986136835,,7000.0,0.0,0.0,0.0,47.18430154729887,optimal
2021-02-09 12:30:00,38,103,2.0,0.0,0.0,0.252,13.8915,6.0,-6,20.485087113056903,,7000.0,0.0,0.0,0.0,47.11059132702305,optimal
2021-02-09 13:00:00,38,103,0.0,0.0,0.0,0.3241333333333333,26.9325,6.0,-6,20.555085996277164,,0.0,0.0,0.0,0.0,47.0369548169675,optimal
2021-02-09 13:30:00,38,103,0.0,0.0,0.0,0.076,30.303,6.0,-6,20.474074974622084,,0.0,0.0,0.0,0.0,46.96339194342201,optimal
2021-02-09 14:00:00,38,103,0.0,0.0,0.0,0.132,32.886,6.0,-6,20.3879813322778,,0.0,0.0,0.0,0.0,46.88990263275007,optimal
2021-02-09 14:30:00,38,103,0.0,0.0,0.0,0.3081333333333333,34.9965,6.0,-6,20.30323025781911,,0.0,0.0,0.0,0.0,46.81648681138879,optimal
2021-02-09 15:00:00,38,103,0.0,0.0,0.0,0.14,33.327,6.0,-6,20.22234451645772,,0.0,0.0,0.0,0.0,46.74314440584888,optimal
2021-02-09 15:30:00,38,103,0.0,0.0,0.0,0.1095666666666666,31.122,6.0,-6,20.138059617263306,,0.0,0.0,0.0,0.0,46.669875342714505,optimal
2021-02-09 16:00:00,38,103,0.0,0.0,0.0,0.9189,17.9025,6.0,-6,20.05674699376224,,0.0,0.0,0.0,0.0,46.59667954864327,optimal
2021-02-09 16:30:00,38,103,0.921385324344594,0.0,0.0,0.6418333333333334,15.6555,6.0,-6,20.0,,3224.8486352060786,0.0,0.0,0.0,46.5235569503661,optimal
2021-02-09 17:00:00,38,103,0.7364400708739457,0.0,0.0,1.9586666666666668,14.553,6.0,-6,20.0,,2577.54024805881,0.0,0.0,0.0,46.45050747468721,optimal
2021-02-09 17:30:00,38,103,0.8861405050939605,0.0,0.0,0.3096,14.3325,6.0,-6,20.0,,3101.4917678288616,0.0,0.0,0.0,46.377531048484,optimal
2021-02-09 18:00:00,38,103,0.7718409473210687,0.0,0.0,0.4526,13.335,6.0,-6,20.0,,2701.4433156237405,0.0,0.0,0.0,46.304627598706986,optimal
2021-02-09 18:30:00,38,103,1.8881405439533725,0.0,0.0,0.283,12.1275,6.0,-6,20.0,,5911.8252371701365,0.0,696.6666666666666,0.0,46.23179705237976,optimal
2021-02-09 19:00:00,38,103,0.0,0.0,0.0,0.266,12.2955,6.0,-6,20.06031694771399,,0.0,0.0,0.0,0.0,46.15903933659885,optimal
2021-02-09 19:30:00,38,103,1.3400471797677231,0.0,0.0,0.3927666666666666,11.6865,6.0,-6,20.0,,2948.498462520364,0.0,1741.6666666666667,0.0,46.08635437853373,optimal
2021-02-09 20:00:00,38,103,0.5414586083391417,0.0,0.0,2.3537,11.466,6.0,-6,20.0,,1895.105129186996,0.0,0.0,0.0,46.01374210542667,optimal
2021-02-09 20:30:00,38,103,0.0,0.0,0.0,0.1491333333333333,10.8045,6.0,-6,20.0,,0.0,0.0,0.0,0.0,45.96772836332124,optimal
2021-02-09 21:00:00,38,103,0.1194285714285714,0.0,0.0,0.3460666666666667,10.584,6.0,-6,19.928671886367013,,0.0,0.0,418.0,0.0,45.92176063495792,optimal
2021-02-09 21:30:00,38,103,0.0,0.0,0.0,0.3361333333333333,11.2455,6.0,-6,19.866888464909493,,0.0,0.0,0.0,0.0,45.87583887432296,optimal
2021-02-09 22:00:00,38,103,0.0,0.0,0.0,0.187,12.1275,6.0,-6,19.80280238621569,,0.0,0.0,0.0,0.0,45.82996303544864,optimal
2021-02-09 22:30:00,38,103,0.0,0.0,0.0,0.1585333333333333,11.823,6.0,-6,19.72574732987016,,0.0,0.0,0.0,0.0,45.784133072413184,optimal
2021-02-09 23:00:00,38,103,0.0,0.0,0.0,0.068,11.7705,6.0,-6,19.647322220971372,,0.0,0.0,0.0,0.0,45.73834893934077,optimal
2021-02-09 23:30:00,38,103,0.0,0.0,0.0,0.252,11.13,6.0,-6,19.567573972468303,,0.0,0.0,0.0,0.0,45.69261059040143,optimal
2021-02-10 00:00:00,38,103,0.0,0.0,0.0,0.8802666666666666,17.4195,6.0,7,19.567573972468303,,0.0,0.0,0.0,0.0,45.64691797981103,optimal
2021-02-10 00:30:00,38,103,0.0398095238095238,0.0,0.0,0.1071,16.758,6.0,7,19.49333515739101,,0.0,0.0,139.33333333333331,0.0,45.60127106183122,optimal
2021-02-10 01:00:00,38,103,2.0,0.0,0.0,0.1628333333333333,14.217,6.0,7,19.42028894769095,,0.0,0.0,7000.0,0.0,45.555669790769386,optimal
2021-02-10 01:30:00,38,103,2.0,0.0,0.0,0.1832,13.3665,6.0,7,19.34698854130508,,0.0,0.0,7000.0,0.0,45.51011412097861,optimal
2021-02-10 02:00:00,38,103,2.0,0.0,0.0,0.065,12.789,6.0,7,19.268501577532863,,4349.666666666666,0.0,2650.333333333333,0.0,45.464604006857634,optimal
2021-02-10 02:30:00,38,103,2.0,0.0,0.0,0.2094666666666666,11.907,6.0,7,19.278991114904507,,7000.0,0.0,0.0,0.0,45.41913940285077,optimal
2021-02-10 03:00:00,38,103,2.0,0.0,0.0,0.065,11.7075,6.0,7,19.34826474431814,,7000.0,0.0,0.0,0.0,45.37372026344792,optimal
2021-02-10 03:30:00,38,103,2.0,0.0,0.0,0.1897666666666666,10.8045,6.0,7,19.414183019000465,,7000.0,0.0,0.0,0.0,45.32834654318447,optimal
2021-02-10 04:00:00,38,103,2.0,0.0,0.0,0.0847,11.508,6.0,7,19.482428632594143,,7000.0,0.0,0.0,0.0,45.28301819664129,optimal
2021-02-10 04:30:00,38,103,2.0,0.0,0.0,0.1109666666666666,11.508,6.0,7,19.548152941305894,,7000.0,0.0,0.0,0.0,45.237735178444645,optimal
2021-02-10 05:00:00,38,103,2.0,0.0,0.0,0.1635,11.508,6.0,7,19.613678335441776,,7000.0,0.0,0.0,0.0,45.1924974432662,optimal
2021-02-10 05:30:00,38,103,2.0,0.0,0.0,0.065,11.844,6.0,7,19.67955864145925,,7000.0,0.0,0.0,0.0,45.14730494582293,optimal
2021-02-10 06:00:00,38,103,2.0,0.0,0.0,0.065,11.508,6.0,7,19.74261293597621,,7000.0,0.0,0.0,0.0,45.10215764087711,optimal
2021-02-10 06:30:00,38,103,2.0,0.0,0.0,0.2094666666666666,11.508,6.0,7,19.804927504879657,,7000.0,0.0,0.0,0.0,45.05705548323623,optimal
2021-02-10 07:00:00,38,103,2.0,0.0,5.0,0.1099666666666666,10.4475,6.0,7,19.870907791158466,,7000.0,0.0,0.0,0.0,47.386998427753,optimal
2021-02-10 07:30:00,38,103,2.0,0.0,1.3902917277363258,0.3669,10.8675,6.0,7,19.93791077540132,,7000.0,0.0,0.0,0.0,48.0,optimal
2021-02-10 08:00:00,38,103,2.0,0.0,0.0,0.1485333333333333,10.542,6.0,7,20.01395246960809,,7000.0,0.0,0.0,0.0,47.90078270879476,optimal
2021-02-10 08:30:00,38,103,2.0,0.0,0.0,1.1947333333333332,11.025,6.0,7,20.084268511158708,,7000.0,0.0,0.0,0.0,47.80166463488072,optimal
2021-02-10 09:00:00,38,103,2.0,0.0,0.0,0.4826333333333333,11.025,6.0,7,20.178934588028422,,7000.0,0.0,0.0,0.0,47.7026456790406,optimal
2021-02-10 09:30:00,38,103,2.0,0.0,0.0,1.0938,14.553,6.0,7,20.254838880987897,,7000.0,0.0,0.0,0.0,47.60372574215632,optimal
2021-02-10 10:00:00,38,103,2.0,0.0,0.0,0.9726333333333332,13.0935,6.0,7,20.331467964275173,,7000.0,0.0,0.0,0.0,47.50490472520893,optimal
2021-02-10 10:30:00,38,103,2.0,0.0,0.0,1.4430999999999998,15.6345,6.0,7,20.41434084554363,,7000.0,0.0,0.0,0.0,47.40618252927848,optimal
2021-02-10 11:00:00,38,103,0.0,0.0,0.0,0.251,18.102,6.0,7,20.5061953796922,,0.0,0.0,0.0,0.0,47.30755905554396,optimal
2021-02-10 11:30:00,38,103,0.0,0.0,0.0,0.458,17.199,6.0,7,20.432667973524765,,0.0,0.0,0.0,0.0,47.20903420528317,optimal
2021-02-10 12:00:00,38,103,0.0,0.0,0.0,0.246,18.2805,6.0,7,20.364481711045784,,0.0,0.0,0.0,0.0,47.110607879872646,optimal
2021-02-10 12:30:00,38,103,0.0,0.0,0.0,0.2778333333333333,17.4615,6.0,7,20.28955047927556,,0.0,0.0,0.0,0.0,47.01227998078753,optimal
2021-02-10 13:00:00,38,103,0.0,0.0,0.0,0.2063333333333332,18.3225,6.0,7,20.212675217488417,,0.0,0.0,0.0,0.0,46.9140504096015,optimal
2021-02-10 13:30:00,38,103,0.0,0.0,0.0,0.075,17.094,6.0,7,20.12845479002992,,0.0,0.0,0.0,0.0,46.815919067986655,optimal
2021-02-10 14:00:00,38,103,0.6188473217567667,0.0,0.0,0.2194666666666666,17.094,6.0,7,20.04275916027065,,2165.9656261486834,0.0,0.0,0.0,46.71788585771343,optimal
2021-02-10 14:30:00,38,103,2.0,0.0,0.0,0.1940666666666666,17.094,6.0,7,20.006995182709208,,7000.0,0.0,0.0,0.0,46.61995068065048,optimal
2021-02-10 15:00:00,38,103,0.0,0.0,0.0,0.215,17.3565,6.0,7,20.075297588140025,,0.0,0.0,0.0,0.0,46.522113438764585,optimal
2021-02-10 15:30:00,38,103,1.7418817571519227,0.0,0.0,0.2804333333333333,17.115,6.0,7,20.0,,6096.58615003173,0.0,0.0,0.0,46.42437403412058,optimal
2021-02-10 16:00:00,38,103,0.0,0.0,0.0,1.7264666666666666,17.241,6.0,7,20.05843026836664,,0.0,0.0,0.0,0.0,46.32673236888122,optimal
2021-02-10 16:30:00,38,103,1.1269787277074352,0.0,0.0,0.2405,17.094,6.0,7,20.0,,3944.425546976023,0.0,0.0,0.0,46.2291883453071,optimal
2021-02-10 17:00:00,38,103,2.0,0.0,0.0,0.2263,16.5165,6.0,7,20.006141754826444,,7000.0,0.0,0.0,0.0,46.13174186575655,optimal
2021-02-10 17:30:00,38,103,0.0,0.0,0.0,0.238,17.8185,6.0,7,20.07572833736776,,0.0,0.0,0.0,0.0,46.03439283268556,optimal
2021-02-10 18:00:00,38,103,1.97336740556758,0.0,0.0,1.6633666666666669,17.094,6.0,7,20.0,,6906.785919486529,0.0,0.0,0.0,45.937141148647626,optimal
2021-02-10 18:30:00,38,103,2.0,0.0,0.0,2.1298000000000004,16.8945,6.0,7,20.095981430276648,,7000.0,0.0,0.0,0.0,45.83998671629374,optimal
2021-02-10 19:00:00,38,103,0.0,0.0,0.0,0.4676666666666667,18.123,6.0,7,20.19803736012984,,0.0,0.0,0.0,0.0,45.7429294383722,optimal
2021-02-10 19:30:00,38,103,0.0,0.0,0.0,0.2907333333333333,31.647,6.0,7,20.132406288340405,,0.0,0.0,0.0,0.0,45.645969217728585,optimal
2021-02-10 20:00:00,38,103,0.0,0.0,0.0,0.6304,34.9965,6.0,7,20.065304474250045,,0.0,0.0,0.0,0.0,45.54910595730561,optimal
2021-02-10 20:30:00,38,103,0.0,0.0,0.0,1.7993666666666666,34.9965,6.0,7,20.0,,0.0,0.0,0.0,0.0,45.452339560143066,optimal
2021-02-10 21:00:00,38,103,0.0,0.0,0.0,0.2326666666666666,34.9965,6.0,7,19.948877852370757,,0.0,0.0,0.0,0.0,45.35566992937768,optimal
2021-02-10 21:30:00,38,103,0.0,0.0,0.0,0.3151,34.9965,6.0,7,19.87620307293173,,0.0,0.0,0.0,0.0,45.25909696824306,optimal
2021-02-10 22:00:00,38,103,0.0,0.0,0.0,0.3169333333333333,34.9965,6.0,7,19.79535650026006,,0.0,0.0,0.0,0.0,45.16262058006958,optimal
2021-02-10 22:30:00,38,103,0.0,0.0,0.0,0.2624333333333333,27.741,6.0,7,19.70399651110709,,0.0,0.0,0.0,0.0,45.11745795948951,optimal
2021-02-10 23:00:00,38,103,0.0,0.0,0.0,1.1556,19.026,6.0,7,19.611942784715023,,0.0,0.0,0.0,0.0,45.072340501530014,optimal
2021-02-10 23:30:00,38,103,0.0,0.0,0.0,0.075,18.7215,6.0,7,19.52406588397943,,0.0,0.0,0.0,0.0,45.02726816102849,optimal
2021-02-11 00:00:00,38,103,2.0,0.0,0.0,0.2523,11.2245,6.0,-3,19.52406588397943,,7000.0,0.0,0.0,0.0,44.98224089286746,optimal
2021-02-11 00:30:00,38,103,2.0,0.0,0.0,1.008233333333333,11.025,6.0,-3,19.57607557781568,,0.0,0.0,7000.0,0.0,44.9372586519746,optimal
2021-02-11 01:00:00,38,103,2.0,0.0,0.0,2.2411333333333334,10.7835,6.0,-3,19.48160017037571,,3968.0,0.0,3032.0,0.0,44.89232139332262,optimal
2021-02-11 01:30:00,38,103,2.0,0.0,0.0,1.8784666666666667,11.025,6.0,-3,19.47782140781177,,7000.0,0.0,0.0,0.0,44.8474290719293,optimal
2021-02-11 02:00:00,38,103,2.0,0.0,2.3298356140860745,0.6161,10.584,6.0,-3,19.54386701033652,,7000.0,0.0,0.0,0.0,45.909253559548254,optimal
2021-02-11 02:30:00,38,103,2.0,0.0,0.0,0.3699333333333333,11.025,6.0,-3,19.61343630031463,,7000.0,0.0,0.0,0.0,45.8633443059887,optimal
2021-02-11 03:00:00,38,103,2.0,0.0,5.0,0.3444,10.4265,6.0,-3,19.68162584638489,,7000.0,0.0,0.0,0.0,48.19248096168271,optimal
2021-02-11 03:30:00,38,103,2.0,0.0,0.0,2.5781,12.789,6.0,-3,19.74833455092792,,7000.0,0.0,0.0,0.0,48.144288480721016,optimal
2021-02-11 04:00:00,38,103,2.0,0.0,0.0,1.1184,12.684,6.0,-3,19.814782975453536,,7000.0,0.0,0.0,0.0,48.096144192240295,optimal
2021-02-11 04:30:00,38,103,2.0,0.0,0.0,2.5680666666666667,16.254,6.0,-3,19.875027805940277,,7000.0,0.0,0.0,0.0,48.048048048048045,optimal
2021-02-11 05:00:00,38,103,2.0,0.0,0.0,2.183,17.64,6.0,-3,19.94226297845943,,7000.0,0.0,0.0,0.0,48.0,optimal
2021-02-11 05:30:00,38,103,2.0,0.0,0.0,0.4168666666666666,19.1625,6.0,-3,20.00250007899678,,7000.0,0.0,0.0,0.0,47.776038468506,optimal
2021-02-11 06:00:00,38,103,0.0,0.0,0.0,0.3334,26.46,6.0,-3,20.05745500327334,,0.0,0.0,0.0,0.0,47.5523008985435,optimal
2021-02-11 06:30:00,38,103,1.8194653817570816,0.0,0.0,1.167,20.79,6.0,-3,19.97210085884124,,6368.128836149786,0.0,0.0,0.0,47.32878706615096,optimal
2021-02-11 07:00:00,38,103,0.0,0.0,0.0,2.268866666666667,29.106,6.0,-3,20.021514430169432,,0.0,0.0,0.0,0.0,47.10549674759081,optimal
2021-02-11 07:30:00,38,103,2.0,0.0,0.0,2.063066666666667,19.1835,6.0,-3,19.93433809237952,,7000.0,0.0,0.0,0.0,46.882429719349226,optimal
2021-02-11 08:00:00,38,103,1.313858651027623,0.0,0.0,3.599133333333333,19.6665,6.0,-3,20.0,,3553.5052785966805,0.0,1044.9999999999998,0.0,46.65958575813588,optimal
2021-02-11 08:30:00,38,103,1.1448226356910156,0.0,0.0,0.3466,19.404,6.0,-3,20.0,,3588.8792249185544,0.0,418.0,0.0,46.43696464088375,optimal
2021-02-11 09:00:00,38,103,1.805384683536316,0.0,0.0,1.7001333333333335,19.047,6.0,-3,20.0,,4298.513059043772,0.0,2020.3333333333333,0.0,46.21456614474887,optimal
2021-02-11 09:30:00,38,103,2.0,0.0,0.0,0.269,18.858,6.0,-3,20.010073741875072,,7000.0,0.0,0.0,0.0,45.99239004711013,optimal
2021-02-11 10:00:00,38,103,0.0,0.0,0.0,0.9668666666666668,19.2675,6.0,-3,20.071996658449027,,0.0,0.0,0.0,0.0,45.77043612556902,optimal
2021-02-11 10:30:00,38,103,1.0666398582402108,0.0,0.0,1.9416,18.963,6.0,-3,20.0,,3613.935293624285,0.0,119.30421021645267,0.0,45.54870415794945,optimal
2021-02-11 11:00:00,38,103,2.0,0.0,0.0,0.3525,18.438,6.0,-3,20.0,,4820.304210216453,0.0,2179.6957897835478,0.0,45.3271939222975,optimal
2021-02-11 11:30:00,38,103,2.0,0.0,0.0,0.4945,18.7425,6.0,-3,20.01759603346813,,7000.0,0.0,0.0,0.0,45.10590519688121,optimal
2021-02-11 12:00:00,38,103,2.0,0.0,0.0,0.328,15.2145,6.0,-3,20.090600528846803,,7000.0,0.0,0.0,0.0,44.88483776019033,optimal
2021-02-11 12:30:00,38,103,2.0,0.0,0.0,0.2844666666666666,17.7765,6.0,-3,20.163487202715963,,7000.0,0.0,0.0,0.0,44.66399139093614,optimal
2021-02-11 13:00:00,38,103,2.0,0.0,0.0,0.3956,16.758,6.0,-3,20.23557066373656,,7000.0,0.0,0.0,0.0,44.44336586805121,optimal
2021-02-11 13:30:00,38,103,2.0,0.0,0.0,1.3413333333333333,16.422,6.0,-3,20.31818107779187,,7000.0,0.0,0.0,0.0,44.222960970689165,optimal
2021-02-11 14:00:00,38,103,2.0,0.0,0.0,1.3893333333333333,16.758,6.0,-3,20.4047822503339,,7000.0,0.0,0.0,0.0,44.00277647822448,optimal
2021-02-11 14:30:00,38,103,0.0,0.0,0.0,0.3314,29.358,6.0,-3,20.492814590822952,,0.0,0.0,0.0,0.0,43.78281217025226,optimal
2021-02-11 15:00:00,38,103,0.0,0.0,0.0,1.2365,34.9965,6.0,-3,20.42517840859303,,0.0,0.0,0.0,0.0,43.56306782658802,optimal
2021-02-11 15:30:00,38,103,0.0,0.0,0.0,3.0408666666666666,34.65,6.0,-3,20.3609885900835,,0.0,0.0,0.0,0.0,43.34354322726743,optimal
2021-02-11 16:00:00,38,103,0.0,0.0,0.0,0.5150333333333333,34.9965,6.0,-3,20.30024931381033,,0.0,0.0,0.0,0.0,43.12423815254617,optimal
2021-02-11 16:30:00,38,103,0.0,0.0,0.0,0.5716,34.9965,6.0,-3,20.225315768707624,,0.0,0.0,0.0,0.0,42.90515238289963,optimal
2021-02-11 17:00:00,38,103,0.0,0.0,0.0,0.5095333333333334,30.4815,6.0,-3,20.14907805905833,,0.0,0.0,0.0,0.0,42.68628569902273,optimal
2021-02-11 17:30:00,38,103,0.0,0.0,0.0,2.5527,21.4305,6.0,-3,20.07183540151666,,0.0,0.0,0.0,0.0,42.46763788182972,optimal
2021-02-11 18:00:00,38,103,1.0892368455799948,0.0,0.0,1.5823,14.3325,6.0,-3,20.0,,3742.662292863315,0.0,69.66666666666666,0.0,42.24920871245389,optimal
2021-02-11 18:30:00,38,103,1.7677014092748018,0.0,0.0,3.510266666666667,13.692,6.0,-3,20.0,,6186.954932461807,0.0,0.0,0.0,42.03099797224744,optimal
2021-02-11 19:00:00,38,103,0.0,0.0,0.0,3.1459,14.007,6.0,-3,20.08138602807971,,0.0,0.0,0.0,0.0,41.8130054427812,optimal
2021-02-11 19:30:00,38,103,1.6256696058424018,0.0,0.0,0.1606999999999999,12.873,6.0,-3,20.0,,4435.843620448406,0.0,1254.0,0.0,41.59523090584442,optimal
2021-02-11 20:00:00,38,103,1.275993079602595,0.0,0.0,1.4230999999999998,12.684,6.0,-3,20.0,,4326.642445275748,0.0,139.33333333333331,0.0,41.37767414344458,optimal
2021-02-11 20:30:00,38,103,0.0398095238095238,0.0,0.0,3.718066666666666,12.306,6.0,-3,20.0,,0.0,0.0,139.33333333333331,0.0,41.160334937807136,optimal
2021-02-11 21:00:00,38,103,0.4976190476190476,0.0,0.0,1.5558333333333332,10.6365,6.0,-3,19.90890904198021,,0.0,0.0,1741.6666666666667,0.0,40.94321307137533,optimal
2021-02-11 21:30:00,38,103,0.0,0.0,0.0,2.5664333333333333,11.2455,6.0,-3,19.817880316100503,,0.0,0.0,0.0,0.0,40.72630832680996,optimal
2021-02-11 22:00:00,38,103,0.0,0.0,0.0,0.1903666666666666,11.2455,6.0,-3,19.733765562838848,,0.0,0.0,0.0,0.0,40.50962048698916,optimal
2021-02-11 22:30:00,38,103,0.0,0.0,0.0,2.121,11.025,6.0,-3,19.641316075889144,,0.0,0.0,0.0,0.0,40.293149335008174,optimal
2021-02-11 23:00:00,38,103,0.0,0.0,0.0,1.4542666666666668,12.0855,6.0,-3,19.554432495359496,,0.0,0.0,0.0,0.0,40.25285618567317,optimal
2021-02-11 23:30:00,38,103,0.0,0.0,0.0,1.6159666666666668,11.6865,6.0,-3,19.46125236484253,,0.0,0.0,0.0,0.0,40.21260332948749,optimal
2021-02-12 00:00:00,38,103,2.0,0.0,5.0,0.1283333333333333,8.1585,6.0,1,19.46125236484253,,7000.0,0.0,0.0,0.0,42.54739072615801,optimal
2021-02-12 00:30:00,38,103,2.0,0.0,0.0,0.1934666666666666,10.3635,6.0,1,19.496744967800783,,2471.666666666667,0.0,4528.333333333333,0.0,42.50484333543185,optimal
2021-02-12 01:00:00,38,103,2.0,0.0,0.0,0.0998,10.8045,6.0,1,19.43812437194264,,7000.0,0.0,0.0,0.0,42.46233849209642,optimal
2021-02-12 01:30:00,38,103,2.0,0.0,0.0,0.06,11.025,6.0,1,19.47312126096568,,7000.0,0.0,0.0,0.0,42.41987615360433,optimal
2021-02-12 02:00:00,38,103,2.0,0.0,0.0,0.1556666666666666,10.3635,6.0,1,19.50757524225346,,7000.0,0.0,0.0,0.0,42.377456277450726,optimal
2021-02-12 02:30:00,38,103,2.0,0.0,0.0,0.06,10.8045,6.0,1,19.54434040738409,,7000.0,0.0,0.0,0.0,42.33507882117328,optimal
2021-02-12 03:00:00,38,103,2.0,0.0,2.6954176161157912,0.06,10.059,6.0,1,19.580285963115525,,7000.0,0.0,0.0,0.0,43.5730671100071,optimal
2021-02-12 03:30:00,38,103,2.0,0.0,0.0,0.3016,10.584,6.0,1,19.61742945010273,,7000.0,0.0,0.0,0.0,43.52949404289709,optimal
2021-02-12 04:00:00,38,103,2.0,0.0,5.0,0.06,9.4185,6.0,1,19.66266588535862,,7000.0,0.0,0.0,0.0,45.86096454885418,optimal
2021-02-12 04:30:00,38,103,2.0,0.0,0.0,0.1546666666666666,10.3635,6.0,1,19.70578699669048,,7000.0,0.0,0.0,0.0,45.81510358430533,optimal
2021-02-12 05:00:00,38,103,2.0,0.0,5.0,0.2069333333333333,9.8385,6.0,1,19.753880931118008,,7000.0,0.0,0.0,0.0,48.144288480721016,optimal
2021-02-12 05:30:00,38,103,2.0,0.0,0.0,0.06,11.067,6.0,1,19.806032591229084,,7000.0,0.0,0.0,0.0,48.096144192240295,optimal
2021-02-12 06:00:00,38,103,2.0,0.0,0.0,0.2062666666666666,10.8465,6.0,1,19.858483995453824,,7000.0,0.0,0.0,0.0,48.048048048048045,optimal
2021-02-12 06:30:00,38,103,2.0,0.0,0.0,1.0209666666666668,13.671,6.0,1,19.91818462860693,,7000.0,0.0,0.0,0.0,48.0,optimal
2021-02-12 07:00:00,38,103,2.0,0.0,0.0,0.7871333333333334,12.348,6.0,1,19.98334584545047,,7000.0,0.0,0.0,0.0,47.83586671445706,optimal
2021-02-12 07:30:00,38,103,2.0,0.0,0.0,0.6696666666666666,14.3325,6.0,1,20.04922281027325,,7000.0,0.0,0.0,0.0,47.67189756219967,optimal
2021-02-12 08:00:00,38,103,0.1012439991595705,0.0,0.0,0.4408666666666667,15.393,6.0,1,20.114406350138463,,354.3539970584969,0.0,0.0,0.0,47.508092379094535,optimal
2021-02-12 08:30:00,38,103,2.0,0.0,0.0,0.2469333333333333,13.587,6.0,1,20.03452820969022,,7000.0,0.0,0.0,0.0,47.3444510011725,optimal
2021-02-12 09:00:00,38,103,0.0,0.0,0.0,0.5503666666666667,16.1385,6.0,1,20.088744491197488,,0.0,0.0,0.0,0.0,47.18097326462839,optimal
2021-02-12 09:30:00,38,103,1.1398998349275828,0.0,0.0,0.3759333333333333,14.595,6.0,1,20.0,,3989.6494222465394,0.0,0.0,0.0,47.017659005820825,optimal
2021-02-12 10:00:00,38,103,0.978233110061214,0.0,0.0,0.4696333333333333,14.637,6.0,1,20.0,,3423.815885214249,0.0,0.0,0.0,46.85450806127207,optimal
2021-02-12 10:30:00,38,103,0.9639647065144824,0.0,0.0,0.4493666666666667,13.9125,6.0,1,20.0,,3373.876472800688,0.0,0.0,0.0,46.69152026766786,optimal
2021-02-12 11:00:00,38,103,1.2343489278616402,0.0,0.0,0.2328666666666666,13.3665,6.0,1,20.0,,3832.5545808490742,0.0,487.6666666666667,0.0,46.52869546185726,optimal
2021-02-12 11:30:00,38,103,2.0,0.0,0.0,0.3676333333333333,13.0095,6.0,1,20.004491825971083,,7000.0,0.0,0.0,0.0,46.36603348085247,optimal
2021-02-12 12:00:00,38,103,0.0,0.0,0.0,0.1785,13.8915,6.0,1,20.077966254898907,,0.0,0.0,0.0,0.0,46.20353416182868,optimal
2021-02-12 12:30:00,38,103,1.1194107139152063,0.0,0.0,0.3143333333333333,13.188,6.0,1,20.0,,3393.376329293721,0.0,524.561169409501,0.0,46.04119734212392,optimal
2021-02-12 13:00:00,38,103,2.0,0.0,0.0,0.2731333333333333,12.5685,6.0,1,20.0,,3623.227836076168,0.0,3376.7721639238325,0.0,45.87902285923885,optimal
2021-02-12 13:30:00,38,103,2.0,0.0,0.0,0.2986999999999999,12.285,6.0,1,20.00419802524953,,7000.0,0.0,0.0,0.0,45.71701055083668,optimal
2021-02-12 14:00:00,38,103,2.0,0.0,0.0,0.4714333333333332,11.487,6.0,1,20.07767047070476,,7000.0,0.0,0.0,0.0,45.5551602547429,optimal
2021-02-12 14:30:00,38,103,2.0,0.0,0.0,0.2392,11.802,6.0,1,20.151718589239096,,7000.0,0.0,0.0,0.0,45.39347180894522,optimal
2021-02-12 15:00:00,38,103,2.0,0.0,0.0,0.6666333333333333,11.2245,6.0,1,20.22036215559549,,7000.0,0.0,0.0,0.0,45.23194505159334,optimal
2021-02-12 15:30:00,38,103,2.0,0.0,0.0,0.4602666666666666,11.025,6.0,1,20.305223406103632,,7000.0,0.0,0.0,0.0,45.070579820998816,optimal
2021-02-12 16:00:00,38,103,2.0,0.0,0.0,0.6614333333333333,11.907,6.0,1,20.390166412841648,,7000.0,0.0,0.0,0.0,44.90937595563488,optimal
2021-02-12 16:30:00,38,103,0.0,0.0,0.0,0.5547666666666666,25.83,6.0,1,20.480722850015,,0.0,0.0,0.0,0.0,44.74833329413631,optimal
2021-02-12 17:00:00,38,103,0.0,0.0,0.0,0.4137666666666666,28.035,6.0,1,20.41918649435004,,0.0,0.0,0.0,0.0,44.58745167529924,optimal
2021-02-12 17:30:00,38,103,0.0,0.0,0.0,0.4461666666666667,28.119,6.0,1,20.351944229959532,,0.0,0.0,0.0,0.0,44.426730938081,optimal
2021-02-12 18:00:00,38,103,0.0,0.0,0.0,0.5009333333333332,30.156,6.0,1,20.280541146384824,,0.0,0.0,0.0,0.0,44.26617092159999,optimal
2021-02-12 18:30:00,38,103,0.0,0.0,0.0,0.3464666666666666,29.1585,6.0,1,20.21080673333563,,0.0,0.0,0.0,0.0,44.10577146513545,optimal
2021-02-12 19:00:00,38,103,0.0,0.0,0.0,0.4483,26.712,6.0,1,20.136485851803968,,0.0,0.0,0.0,0.0,43.94553240812738,optimal
2021-02-12 19:30:00,38,103,0.0,0.0,0.0,0.3738999999999999,15.435,6.0,1,20.067958916505795,,0.0,0.0,0.0,0.0,43.78545359017631,optimal
2021-02-12 20:00:00,38,103,0.9362842531994192,0.0,0.0,0.5009,13.566,6.0,1,20.0,,3276.9948861979674,0.0,0.0,0.0,43.6255348510432,optimal
2021-02-12 20:30:00,38,103,0.0,0.0,0.0,0.5015,12.789,6.0,1,20.0,,0.0,0.0,0.0,0.0,43.46577603064922,optimal
2021-02-12 21:00:00,38,103,0.0,0.0,0.0,0.7877333333333334,12.1275,6.0,1,19.929754322539715,,0.0,0.0,0.0,0.0,43.30617696907563,optimal
2021-02-12 21:30:00,38,103,0.0,0.0,0.0,0.0965333333333333,13.671,6.0,1,19.863263583103343,,0.0,0.0,0.0,0.0,43.14673750656362,optimal
2021-02-12 22:00:00,38,103,0.6966666666666668,0.0,0.0,0.6555,10.668,6.0,1,19.77134196229044,,0.0,0.0,2438.333333333333,0.0,43.10359076905706,optimal
2021-02-12 22:30:00,38,103,0.0,0.0,0.0,0.5334666666666666,11.7285,6.0,1,19.70497314241462,,0.0,0.0,0.0,0.0,43.060487178288,optimal
2021-02-12 23:00:00,38,103,0.0,0.0,0.0,0.6483666666666666,11.025,6.0,1,19.6418658058407,,0.0,0.0,0.0,0.0,43.01742669110971,optimal
2021-02-12 23:30:00,38,103,0.0,0.0,0.0,0.5323333333333333,10.689,6.0,1,19.579863628098995,,0.0,0.0,0.0,0.0,42.97440926441861,optimal
2021-02-13 00:00:00,38,103,2.0,0.0,5.0,0.0905,7.539,6.0,-9,19.579863628098995,,7000.0,0.0,0.0,0.0,45.30643485515419,optimal
2021-02-13 00:30:00,38,103,2.0,0.0,5.0,0.0982666666666666,7.938,6.0,-9,19.644532189779465,,0.0,0.0,7000.0,0.0,47.63612842029903,optimal
2021-02-13 01:00:00,38,103,2.0,0.0,1.9846094406607275,0.06,8.274,6.0,-9,19.561334379856685,,0.0,0.0,7000.0,0.0,48.53118177619257,optimal
2021-02-13 01:30:00,38,103,2.0,0.0,0.0,0.06,9.261,6.0,-9,19.477935317208438,,1005.666666666667,0.0,5994.333333333333,0.0,48.48265059441637,optimal
2021-02-13 02:00:00,38,103,2.0,0.0,0.0,0.06,9.9225,6.0,-9,19.41631113724701,,7000.0,0.0,0.0,0.0,48.434167943821954,optimal
2021-02-13 02:30:00,38,103,2.0,0.0,0.0,0.0623333333333333,9.702,6.0,-9,19.481376521995237,,7000.0,0.0,0.0,0.0,48.38573377587813,optimal
2021-02-13 03:00:00,38,103,2.0,0.0,0.0,0.1145333333333333,10.584,6.0,-9,19.546146725731543,,7000.0,0.0,0.0,0.0,48.33734804210225,optimal
2021-02-13 03:30:00,38,103,2.0,0.0,0.0,0.06,10.143,6.0,-9,19.611658767662792,,7000.0,0.0,0.0,0.0,48.28901069406015,optimal
2021-02-13 04:00:00,38,103,2.0,0.0,0.0,0.06,13.0095,6.0,-9,19.675611088035907,,7000.0,0.0,0.0,0.0,48.24072168336608,optimal
2021-02-13 04:30:00,38,103,2.0,0.0,0.0,0.06,11.025,6.0,-9,19.739046442877083,,7000.0,0.0,0.0,0.0,48.19248096168271,optimal
2021-02-13 05:00:00,38,103,2.0,0.0,0.0,0.06,12.789,6.0,-9,19.80174034335492,,7000.0,0.0,0.0,0.0,48.144288480721016,optimal
2021-02-13 05:30:00,38,103,2.0,0.0,0.0,0.083,12.1275,6.0,-9,19.863696153212675,,7000.0,0.0,0.0,0.0,48.096144192240295,optimal
2021-02-13 06:00:00,38,103,2.0,0.0,0.0,0.0955333333333333,12.1695,6.0,-9,19.9252049098401,,7000.0,0.0,0.0,0.0,48.048048048048045,optimal
2021-02-13 06:30:00,38,103,2.0,0.0,0.0,0.3753999999999999,12.306,6.0,-9,19.98644125471993,,7000.0,0.0,0.0,0.0,48.0,optimal
2021-02-13 07:00:00,38,103,2.0,0.0,0.0,0.3785333333333333,13.23,6.0,-9,20.05623164774779,,7000.0,0.0,0.0,0.0,47.79568330083702,optimal
2021-02-13 07:30:00,38,103,1.4074754551151885,0.0,0.0,0.21,13.671,6.0,-9,20.12638937073779,,4926.164092903159,0.0,0.0,0.0,47.5915709183732,optimal
2021-02-13 08:00:00,38,103,0.0,0.0,0.0,0.2570333333333333,13.9335,6.0,-9,20.14783929068606,,0.0,0.0,0.0,0.0,47.38766264829185,optimal
2021-02-13 08:30:00,38,103,2.0,0.0,0.0,0.3917333333333333,13.293,6.0,-9,20.066761880937328,,7000.0,0.0,0.0,0.0,47.18395828648058,optimal
2021-02-13 09:00:00,38,103,2.0,0.0,0.0,0.3912,12.1065,6.0,-9,20.13635730861597,,7000.0,0.0,0.0,0.0,46.98045762903112,optimal
2021-02-13 09:30:00,38,103,2.0,0.0,0.0,0.342,11.571,6.0,-9,20.20746156514536,,7000.0,0.0,0.0,0.0,46.77716047223911,optimal
2021-02-13 10:00:00,38,103,2.0,0.0,0.0,0.3489666666666666,11.025,6.0,-9,20.27785406707213,,7000.0,0.0,0.0,0.0,46.57406661260389,optimal
2021-02-13 10:30:00,38,103,2.0,0.0,0.0,0.4022,10.8465,6.0,-9,20.34592067233949,,7000.0,0.0,0.0,0.0,46.37117584682831,optimal
2021-02-13 11:00:00,38,103,2.0,0.0,0.0,0.5262,11.2455,6.0,-9,20.414166340206297,,7000.0,0.0,0.0,0.0,46.1684879718185,optimal
2021-02-13 11:30:00,38,103,0.0,0.0,0.0,0.3920666666666667,23.8665,6.0,-9,20.485128939779624,,0.0,0.0,0.0,0.0,45.9660027846837,optimal
2021-02-13 12:00:00,38,103,0.0,0.0,0.0,0.3752666666666666,27.4575,6.0,-9,20.406051577140463,,0.0,0.0,0.0,0.0,45.76372008273604,optimal
2021-02-13 12:30:00,38,103,0.0,0.0,0.0,0.5615333333333333,27.3735,6.0,-9,20.328456545852077,,0.0,0.0,0.0,0.0,45.561639663490325,optimal
2021-02-13 13:00:00,38,103,0.0,0.0,0.0,0.2515,30.4605,6.0,-9,20.25735783379877,,0.0,0.0,0.0,0.0,45.35976132466386,optimal
2021-02-13 13:30:00,38,103,0.0,0.0,0.0,0.2926333333333333,30.0195,6.0,-9,20.186247355818715,,0.0,0.0,0.0,0.0,45.15808486417622,optimal
2021-02-13 14:00:00,38,103,0.0,0.0,0.0,1.7169,26.9325,6.0,-9,20.118470074669723,,0.0,0.0,0.0,0.0,44.95661008014906,optimal
2021-02-13 14:30:00,38,103,0.0,0.0,0.0,1.7739,14.595,6.0,-9,20.054450960847728,,0.0,0.0,0.0,0.0,44.755336770905934,optimal
2021-02-13 15:00:00,38,103,1.964544391952743,0.0,0.0,0.7880666666666667,12.4845,6.0,-9,20.0,,3031.940742321201,0.0,3843.9646295134,0.0,44.55426473497205,optimal
2021-02-13 15:30:00,38,103,2.0,0.0,0.0,0.2104666666666666,12.1275,6.0,-9,20.0,,3502.518928757964,0.0,3497.4810712420363,0.0,44.3533937710741,optimal
2021-02-13 16:00:00,38,103,2.0,0.0,0.0,0.2749,12.1275,6.0,-9,20.0,,6538.779034088769,0.0,461.22096591123136,0.0,44.15272367814005,optimal
2021-02-13 16:30:00,38,103,0.0,0.0,0.0,0.3568666666666666,12.789,6.0,-9,20.06448726143615,,0.0,0.0,0.0,0.0,43.95225425529893,optimal
2021-02-13 17:00:00,38,103,1.1365630264731468,0.0,0.0,0.3201333333333333,11.907,6.0,-9,20.0,,3350.9705926560137,0.0,627.0,0.0,43.75198530188065,optimal
2021-02-13 17:30:00,38,103,1.056215841645541,0.0,0.0,0.2682333333333332,11.025,6.0,-9,20.0,,3278.7554457593933,0.0,418.0,0.0,43.55191661741579,optimal
2021-02-13 18:00:00,38,103,2.0,0.0,0.0,0.2463666666666666,8.2005,6.0,-9,20.0,,6303.333333333333,0.0,696.6666666666666,0.0,43.3520480016354,optimal
2021-02-13 18:30:00,38,103,0.0221979698051947,0.0,0.0,0.4392666666666666,9.5655,6.0,-9,20.063273870256644,,77.69289431818159,0.0,0.0,0.0,43.15237925447078,optimal
2021-02-13 19:00:00,38,103,2.0,0.0,0.0,1.5458666666666665,7.056,6.0,-9,20.0,,6651.666666666667,0.0,348.33333333333326,0.0,42.95291017605333,optimal
2021-02-13 19:30:00,38,103,0.6007706611793984,0.0,0.0,1.1027,9.3975,6.0,-9,20.08454604720457,,2102.6973141278945,0.0,0.0,0.0,42.753640566714296,optimal
2021-02-13 20:00:00,38,103,0.0,0.0,0.0,0.2361333333333333,10.059,6.0,-9,20.07037209871097,,0.0,0.0,0.0,0.0,42.5545702269846,optimal
2021-02-13 20:30:00,38,103,0.597142857142857,0.0,0.0,0.3352666666666666,9.261,6.0,-9,20.0,,0.0,0.0,2089.9999999999995,0.0,42.35569895759464,optimal
2021-02-13 21:00:00,38,103,0.3383809523809523,0.0,0.0,0.3375333333333333,8.1585,6.0,-9,19.93170655026362,,0.0,0.0,1184.3333333333333,0.0,42.31334325863705,optimal
2021-02-13 21:30:00,38,103,0.0,0.0,0.0,1.6381666666666668,9.4815,6.0,-9,19.86583540483776,,0.0,0.0,0.0,0.0,42.27102991537841,optimal
2021-02-13 22:00:00,38,103,0.0,0.0,0.0,1.6478,8.379,6.0,-9,19.81747848933922,,0.0,0.0,0.0,0.0,42.22875888546304,optimal
2021-02-13 22:30:00,38,103,0.0,0.0,0.0,0.3294666666666666,9.5235,6.0,-9,19.760034236782964,,0.0,0.0,0.0,0.0,42.18653012657757,optimal
2021-02-13 23:00:00,38,103,0.2786666666666667,0.0,0.0,0.4518333333333333,8.1375,6.0,-9,19.69453334486158,,0.0,0.0,975.3333333333334,0.0,42.144343596450994,optimal
2021-02-13 23:30:00,38,103,0.0,0.0,0.0,0.3687333333333333,10.0905,6.0,-9,19.62815027660837,,0.0,0.0,0.0,0.0,42.10219925285455,optimal
2021-02-07 00:00:00,39,103,2.0,0.0,0.0,0.131,7.7175,6.0,-3,21.0,,7000.0,0.0,0.0,0.0,47.952,optimal
2021-02-07 00:30:00,39,103,2.0,0.0,0.0,0.065,6.615,6.0,-3,21.07345582668584,,7000.0,0.0,0.0,0.0,47.904048,optimal
2021-02-07 01:00:00,39,103,2.0,0.0,0.0,0.065,6.174,6.0,-3,21.144735412390645,,7000.0,0.0,0.0,0.0,47.856143952,optimal
2021-02-07 01:30:00,39,103,2.0,0.0,0.0,0.2439333333333333,3.906,6.0,-3,21.21523795694487,,7000.0,0.0,0.0,0.0,47.80828780804799,optimal
2021-02-07 02:00:00,39,103,2.0,0.0,0.0,0.1126666666666666,2.3415,6.0,-3,21.288960439315137,,7000.0,0.0,0.0,0.0,47.76047952023995,optimal
2021-02-07 02:30:00,39,103,2.0,0.0,0.0,0.1308333333333333,2.205,6.0,-3,21.35935841516245,,7000.0,0.0,0.0,0.0,47.712719040719705,optimal
2021-02-07 03:00:00,39,103,2.0,0.0,1.4154562535226565,0.2257666666666666,0.882,6.0,-3,21.429365765185334,,7000.0,0.0,0.0,0.0,48.33734804210225,optimal
2021-02-07 03:30:00,39,103,2.0,0.0,0.0,0.065,1.5435,6.0,-3,21.500600231168747,,7000.0,0.0,0.0,0.0,48.28901069406015,optimal
2021-02-07 04:00:00,39,103,2.0,0.0,0.0,0.1748,1.5435,6.0,-3,21.56790049093998,,7000.0,0.0,0.0,0.0,48.24072168336608,optimal
2021-02-07 04:30:00,39,103,2.0,0.0,0.0,0.1818,5.0715,6.0,-3,21.636979931417663,,7000.0,0.0,0.0,0.0,48.19248096168271,optimal
2021-02-07 05:00:00,39,103,2.0,0.0,0.0,0.131,5.376,6.0,-3,21.70589333324051,,7000.0,0.0,0.0,0.0,48.144288480721016,optimal
2021-02-07 05:30:00,39,103,2.0,0.0,0.0,0.065,5.0715,6.0,-3,21.77342473610185,,7000.0,0.0,0.0,0.0,48.096144192240295,optimal
2021-02-07 06:00:00,39,103,2.0,0.0,0.0,0.2587,5.5125,6.0,-3,21.839260443493902,,7000.0,0.0,0.0,0.0,48.048048048048045,optimal
2021-02-07 06:30:00,39,103,0.4371489719948112,0.0,0.0,0.1012333333333333,9.261,6.0,-3,21.90887493915724,,1530.021401981839,0.0,0.0,0.0,48.0,optimal
2021-02-07 07:00:00,39,103,0.0,0.0,0.0,0.1578333333333333,11.7075,6.0,-3,21.863317938269883,,0.0,0.0,0.0,0.0,47.8702022650674,optimal
2021-02-07 07:30:00,39,103,0.0,0.0,0.0,0.9687666666666668,12.348,6.0,-3,21.78859112901046,,0.0,0.0,0.0,0.0,47.74053432786973,optimal
2021-02-07 08:00:00,39,103,0.0,0.0,0.0,0.2386,12.348,6.0,-3,21.71650581228389,,0.0,0.0,0.0,0.0,47.61099605860926,optimal
2021-02-07 08:30:00,39,103,0.0,0.0,0.0,0.0977666666666666,12.1275,6.0,-3,21.63848290950617,,0.0,0.0,0.0,0.0,47.48158732761805,optimal
2021-02-07 09:00:00,39,103,0.0,0.0,0.0,0.2356666666666666,12.5265,6.0,-3,21.556078842076975,,0.0,0.0,0.0,0.0,47.35230800535784,optimal
2021-02-07 09:30:00,39,103,0.0,0.0,0.0,0.1461666666666666,11.7495,6.0,-3,21.47847883416402,,0.0,0.0,0.0,0.0,47.22315796241988,optimal
2021-02-07 10:00:00,39,103,0.0,0.0,0.0,0.086,13.23,6.0,-3,21.399815775203194,,0.0,0.0,0.0,0.0,47.094137069524855,optimal
2021-02-07 10:30:00,39,103,0.0,0.0,0.0,0.1860666666666666,14.3325,6.0,-3,21.31133751907182,,0.0,0.0,0.0,0.0,46.965245197522734,optimal
2021-02-07 11:00:00,39,103,0.0,0.0,0.0,0.0887666666666666,14.994,6.0,-3,21.227397384706176,,0.0,0.0,0.0,0.0,46.83648221739261,optimal
2021-02-07 11:30:00,39,103,0.0,0.0,0.0,0.1901666666666666,14.8155,6.0,-3,21.144276228509707,,0.0,0.0,0.0,0.0,46.70784800024262,optimal
2021-02-07 12:00:00,39,103,0.0,0.0,0.0,0.1995333333333333,14.112,6.0,-3,21.062179115832947,,0.0,0.0,0.0,0.0,46.579342417309775,optimal
2021-02-07 12:30:00,39,103,0.0,0.0,0.0,0.6048,14.007,6.0,-3,20.980651624605823,,0.0,0.0,0.0,0.0,46.450965339959865,optimal
2021-02-07 13:00:00,39,103,0.0,0.0,0.0,0.5028,13.23,6.0,-3,20.9099616638693,,0.0,0.0,0.0,0.0,46.32271663968731,optimal
2021-02-07 13:30:00,39,103,0.0,0.0,0.0,0.4230666666666666,11.382,6.0,-3,20.848675651357382,,0.0,0.0,0.0,0.0,46.19459618811502,optimal
2021-02-07 14:00:00,39,103,0.0,0.0,0.0,0.2871666666666667,11.7495,6.0,-3,20.781827078973464,,0.0,0.0,0.0,0.0,46.06660385699431,optimal
2021-02-07 14:30:00,39,103,0.0,0.0,0.0,0.0969,24.3285,6.0,-3,20.703750555649982,,0.0,0.0,0.0,0.0,45.93873951820471,optimal
2021-02-07 15:00:00,39,103,0.0,0.0,0.0,0.2613666666666667,28.917,6.0,-3,20.618432743345057,,0.0,0.0,0.0,0.0,45.81100304375391,optimal
2021-02-07 15:30:00,39,103,0.0,0.0,0.0,2.3070666666666666,31.3635,6.0,-3,20.53719091608938,,0.0,0.0,0.0,0.0,45.683394305777554,optimal
2021-02-07 16:00:00,39,103,0.0,0.0,0.0,0.5946333333333333,33.306,6.0,-3,20.496319874626757,,0.0,0.0,0.0,0.0,45.55591317653918,optimal
2021-02-07 16:30:00,39,103,0.0,0.0,0.0,0.6253,31.3425,6.0,-3,20.443185868553236,,0.0,0.0,0.0,0.0,45.42855952843004,optimal
2021-02-07 17:00:00,39,103,0.0,0.0,0.0,0.9631666666666666,28.2555,6.0,-3,20.38912340503321,,0.0,0.0,0.0,0.0,45.30133323396901,optimal
2021-02-07 17:30:00,39,103,0.0,0.0,0.0,0.5515,15.6975,6.0,-3,20.338505355819876,,0.0,0.0,0.0,0.0,45.17423416580243,optimal
2021-02-07 18:00:00,39,103,0.0,0.0,0.0,0.6747666666666666,12.5475,6.0,-3,20.282290574590068,,0.0,0.0,0.0,0.0,45.04726219670403,optimal
2021-02-07 18:30:00,39,103,0.0,0.0,0.0,0.5597666666666666,12.0855,6.0,-3,20.22820497143229,,0.0,0.0,0.0,0.0,44.92041719957473,optimal
2021-02-07 19:00:00,39,103,0.0,0.0,0.0,0.6050666666666668,11.907,6.0,-3,20.171818952259564,,0.0,0.0,0.0,0.0,44.79369904744255,optimal
2021-02-07 19:30:00,39,103,0.0,0.0,0.0,0.5972000000000001,12.5685,6.0,-3,20.114122077964893,,0.0,0.0,0.0,0.0,44.667107613462505,optimal
2021-02-07 20:00:00,39,103,0.0,0.0,0.0,0.372,13.146,6.0,-3,20.057784384014617,,0.0,0.0,0.0,0.0,44.54064277091644,optimal
2021-02-07 20:30:00,39,103,0.0,0.0,0.0,0.4775,10.584,6.0,-3,20.0,,0.0,0.0,0.0,0.0,44.41430439321292,optimal
2021-02-07 21:00:00,39,103,0.0,0.0,0.0,0.6742999999999999,6.678,6.0,-3,19.94375373896809,,0.0,0.0,0.0,0.0,44.28809235388711,optimal
2021-02-07 21:30:00,39,103,0.0,0.0,0.0,0.7396666666666666,7.938,6.0,-3,19.88885548439487,,0.0,0.0,0.0,0.0,44.16200652660062,optimal
2021-02-07 22:00:00,39,103,0.0,0.0,0.0,0.5681,5.292,6.0,-3,19.836704969195942,,0.0,0.0,0.0,0.0,44.03604678514142,optimal
2021-02-07 22:30:00,39,103,0.0,0.0,0.0,0.2943,9.261,6.0,-3,19.779425295391743,,0.0,0.0,0.0,0.0,43.99201073835628,optimal
2021-02-07 23:00:00,39,103,0.0,0.0,0.0,0.0823,10.3635,6.0,-3,19.70930230411742,,0.0,0.0,0.0,0.0,43.94801872761792,optimal
2021-02-07 23:30:00,39,103,0.0,0.0,0.0,0.5307999999999999,8.274,6.0,-3,19.635034752155946,,0.0,0.0,0.0,0.0,43.9040707088903,optimal
2021-02-08 00:00:00,39,103,0.0,0.0,0.0,0.062,12.348,6.0,9,19.635034752155946,,0.0,0.0,0.0,0.0,43.86016663818141,optimal
2021-02-08 00:30:00,39,103,1.203204033815398,0.0,0.0,0.062,12.1275,6.0,9,19.55906421603626,,0.0,0.0,4211.214118353892,0.0,43.81630647154323,optimal
2021-02-08 01:00:00,39,103,0.0,0.0,0.0,0.0831,12.348,6.0,9,19.483438334141145,,0.0,0.0,0.0,0.0,43.77249016507169,optimal
2021-02-08 01:30:00,39,103,0.0,0.0,0.0,0.1956333333333333,12.1275,6.0,9,19.40859970648849,,0.0,0.0,0.0,0.0,43.72871767490662,optimal
2021-02-08 02:00:00,39,103,0.0,0.0,0.0,0.062,12.1275,6.0,9,19.33624263636953,,0.0,0.0,0.0,0.0,43.68498895723171,optimal
2021-02-08 02:30:00,39,103,2.0,0.0,0.0,0.062,11.2665,6.0,9,19.26117395702245,,2851.2141183538924,0.0,4148.785881646108,0.0,43.64130396827448,optimal
2021-02-08 03:00:00,39,103,2.0,0.0,0.0,0.2167333333333332,10.143,6.0,9,19.2466918945452,,7000.0,0.0,0.0,0.0,43.597662664306206,optimal
2021-02-08 03:30:00,39,103,2.0,0.0,0.0,0.062,11.2455,6.0,9,19.323093201222743,,7000.0,0.0,0.0,0.0,43.5540650016419,optimal
2021-02-08 04:00:00,39,103,2.0,0.0,0.0,0.062,11.025,6.0,9,19.39566386549792,,7000.0,0.0,0.0,0.0,43.51051093664026,optimal
2021-02-08 04:30:00,39,103,2.0,0.0,5.0,0.2167333333333332,5.9745,6.0,9,19.4676784655486,,7000.0,0.0,0.0,0.0,45.84200042570362,optimal
2021-02-08 05:00:00,39,103,2.0,0.0,0.0,0.0653333333333333,7.938,6.0,9,19.542169889690136,,7000.0,0.0,0.0,0.0,45.79615842527792,optimal
2021-02-08 05:30:00,39,103,2.0,0.0,0.0,0.2416666666666666,8.6835,6.0,9,19.613468551738094,,7000.0,0.0,0.0,0.0,45.75036226685264,optimal
2021-02-08 06:00:00,39,103,2.0,0.0,4.832395990345707,0.2857,7.665,6.0,9,19.68893922838411,,7000.0,0.0,0.0,0.0,48.0,optimal
2021-02-08 06:30:00,39,103,2.0,0.0,0.0,0.3129666666666666,6.7725,6.0,9,19.76748703601013,,7000.0,0.0,0.0,0.0,47.73138708903741,optimal
2021-02-08 07:00:00,39,103,2.0,0.0,0.0,0.3224666666666666,5.5755,6.0,9,19.845369285745672,,7000.0,0.0,0.0,0.0,47.46304279098579,optimal
2021-02-08 07:30:00,39,103,2.0,0.0,0.0,0.4455,5.0925,6.0,9,19.92266098941046,,7000.0,0.0,0.0,0.0,47.194966837232215,optimal
2021-02-08 08:00:00,39,103,2.0,0.0,0.0,1.6904333333333337,4.1895,6.0,9,20.0,,7000.0,0.0,0.0,0.0,46.9271589594324,optimal
2021-02-08 08:30:00,39,103,2.0,0.0,0.0,1.2519333333333331,7.056,6.0,9,20.0860331894388,,7000.0,0.0,0.0,0.0,46.65961888951038,optimal
2021-02-08 09:00:00,39,103,2.0,0.0,0.0,0.3514,5.271,6.0,9,20.16317455372906,,7000.0,0.0,0.0,0.0,46.39234635965828,optimal
2021-02-08 09:30:00,39,103,2.0,0.0,0.0,1.0654,7.938,6.0,9,20.24018056517203,,7000.0,0.0,0.0,0.0,46.12534110233603,optimal
2021-02-08 10:00:00,39,103,2.0,0.0,0.0,0.498,7.938,6.0,9,20.315404827587585,,7000.0,0.0,0.0,0.0,45.85860285027111,optimal
2021-02-08 10:30:00,39,103,2.0,0.0,0.0,0.2801,11.907,6.0,9,20.39198870890476,,7000.0,0.0,0.0,0.0,45.592131336458245,optimal
2021-02-08 11:00:00,39,103,2.0,0.0,0.0,0.3473,11.025,6.0,9,20.460856234783325,,7000.0,0.0,0.0,0.0,45.3259262941592,optimal
2021-02-08 11:30:00,39,103,2.0,0.0,0.0,0.2489333333333333,11.2875,6.0,9,20.5292865608472,,7000.0,0.0,0.0,0.0,45.059987456902455,optimal
2021-02-08 12:00:00,39,103,0.0524166382494526,0.0,0.0,0.1801333333333333,12.936,6.0,9,20.59496427407352,,183.4582338730841,0.0,0.0,0.0,44.79431455848297,optimal
2021-02-08 12:30:00,39,103,0.0,0.0,0.0,0.3839666666666665,13.0095,6.0,9,20.515572159608524,,0.0,0.0,0.0,0.0,44.5289073329619,optimal
2021-02-08 13:00:00,39,103,0.0,0.0,0.0,0.1304333333333333,13.671,6.0,9,20.437741740086693,,0.0,0.0,0.0,0.0,44.26376551466635,optimal
2021-02-08 13:30:00,39,103,0.0,0.0,0.0,0.1243333333333333,13.188,6.0,9,20.355834768779985,,0.0,0.0,0.0,0.0,43.9988888381891,optimal
2021-02-08 14:00:00,39,103,0.0,0.0,0.0,0.501,13.8495,6.0,9,20.2746246442137,,0.0,0.0,0.0,0.0,43.73427703838833,optimal
2021-02-08 14:30:00,39,103,2.0,0.0,0.0,0.072,13.23,6.0,9,20.202165599486538,,7000.0,0.0,0.0,0.0,43.46992985038735,optimal
2021-02-08 15:00:00,39,103,0.0,0.0,0.0,0.072,13.3665,6.0,9,20.26458259580896,,0.0,0.0,0.0,0.0,43.20584700957438,optimal
2021-02-08 15:30:00,39,103,2.0,0.0,0.0,0.6400333333333333,13.0515,6.0,9,20.178683067604275,,7000.0,0.0,0.0,0.0,42.94202825160222,optimal
2021-02-08 16:00:00,39,103,0.0,0.0,0.0,1.3168333333333333,13.5345,6.0,9,20.256648090054668,,0.0,0.0,0.0,0.0,42.67847331238803,optimal
2021-02-08 16:30:00,39,103,0.0,0.0,0.0,0.4943666666666667,14.154,6.0,9,20.206178393448003,,0.0,0.0,0.0,0.0,42.41518192811306,optimal
2021-02-08 17:00:00,39,103,0.0,0.0,0.0,0.442,14.112,6.0,9,20.139192891546152,,0.0,0.0,0.0,0.0,42.15215383522236,optimal
2021-02-08 17:30:00,39,103,0.0,0.0,0.0,0.4747,14.2485,6.0,9,20.06934893443231,,0.0,0.0,0.0,0.0,41.88938877042455,optimal
2021-02-08 18:00:00,39,103,1.8609761024054072,0.0,0.0,0.4783333333333333,12.789,6.0,9,20.0,,6513.416358418925,0.0,0.0,0.0,41.62688647069154,optimal
2021-02-08 18:30:00,39,103,0.0,0.0,0.0,0.4441,13.0095,6.0,9,20.06836056791738,,0.0,0.0,0.0,0.0,41.36464667325826,optimal
2021-02-08 19:00:00,39,103,2.0,0.0,0.0,0.5121333333333333,12.1275,6.0,9,20.0,,7000.0,0.0,0.0,0.0,41.10266911562241,optimal
2021-02-08 19:30:00,39,103,0.0,0.0,0.0,0.3554666666666666,12.348,6.0,9,20.078940541362915,,0.0,0.0,0.0,0.0,40.8409535355442,optimal
2021-02-08 20:00:00,39,103,1.015606198102483,0.0,0.0,0.3680333333333334,12.348,6.0,9,20.004311197122377,,3554.6216933586907,0.0,0.0,0.0,40.57949967104607,optimal
2021-02-08 20:30:00,39,103,0.0,0.0,0.0,0.6216666666666666,25.389,6.0,9,20.0,,0.0,0.0,0.0,0.0,40.31830726041244,optimal
2021-02-08 21:00:00,39,103,0.0,0.0,0.0,0.4253333333333333,29.1375,6.0,9,19.93132092023093,,0.0,0.0,0.0,0.0,40.05737604218944,optimal
2021-02-08 21:30:00,39,103,0.0,0.0,0.0,0.3652666666666666,30.597,6.0,9,19.861159538084543,,0.0,0.0,0.0,0.0,40.01731866614725,optimal
2021-02-08 22:00:00,39,103,0.0,0.0,0.0,0.3134666666666666,33.684,6.0,9,19.79221447917463,,0.0,0.0,0.0,0.0,39.9773013474811,optimal
2021-02-08 22:30:00,39,103,0.0,0.0,0.0,0.4255666666666666,32.445,6.0,9,19.72058660166399,,0.0,0.0,0.0,0.0,39.93732404613362,optimal
2021-02-08 23:00:00,39,103,0.0,0.0,0.0,0.4845,28.917,6.0,9,19.649461010803204,,0.0,0.0,0.0,0.0,39.89738672208748,optimal
2021-02-08 23:30:00,39,103,0.0,0.0,0.0,0.3178,15.876,6.0,9,19.581541808641106,,0.0,0.0,0.0,0.0,39.85748933536539,optimal
2021-02-09 00:00:00,39,103,0.0,0.0,0.0,0.054,17.9025,6.0,10,19.581541808641106,,0.0,0.0,0.0,0.0,39.817631846030025,optimal
2021-02-09 00:30:00,39,103,0.0,0.0,0.0,0.1501333333333333,15.6555,6.0,10,19.501539379806506,,0.0,0.0,0.0,0.0,39.777814214184,optimal
2021-02-09 01:00:00,39,103,0.0,0.0,0.0,0.054,14.553,6.0,10,19.42415037662559,,0.0,0.0,0.0,0.0,39.738036399969815,optimal
2021-02-09 01:30:00,39,103,0.0,0.0,0.0,0.054,14.3325,6.0,10,19.345315651073665,,0.0,0.0,0.0,0.0,39.69829836356985,optimal
2021-02-09 02:00:00,39,103,2.0,0.0,0.0,0.0608666666666666,13.335,6.0,10,19.26638490538518,,792.8508760790601,0.0,6207.14912392094,0.0,39.65860006520628,optimal
2021-02-09 02:30:00,39,103,2.0,0.0,0.0,0.1432666666666666,12.1275,6.0,10,19.20419295558018,,7000.0,0.0,0.0,0.0,39.61894146514107,optimal
2021-02-09 03:00:00,39,103,2.0,0.0,0.0,0.054,12.2955,6.0,10,19.274907559060164,,7000.0,0.0,0.0,0.0,39.57932252367593,optimal
2021-02-09 03:30:00,39,103,2.0,0.0,0.0,0.1501333333333333,11.6865,6.0,10,19.343649087217692,,7000.0,0.0,0.0,0.0,39.53974320115225,optimal
2021-02-09 04:00:00,39,103,2.0,0.0,0.0,0.054,11.466,6.0,10,19.414556071017557,,7000.0,0.0,0.0,0.0,39.500203457951095,optimal
2021-02-09 04:30:00,39,103,2.0,0.0,5.0,0.054,10.8045,6.0,10,19.483571394732884,,7000.0,0.0,0.0,0.0,41.83570325449315,optimal
2021-02-09 05:00:00,39,103,2.0,0.0,5.0,0.1501333333333333,10.584,6.0,10,19.551819949536053,,7000.0,0.0,0.0,0.0,44.168867551238655,optimal
2021-02-09 05:30:00,39,103,2.0,0.0,3.5437020640253087,0.054,11.2455,6.0,10,19.621328859885143,,7000.0,0.0,0.0,0.0,45.80795716409944,optimal
2021-02-09 06:00:00,39,103,2.0,0.0,0.0,0.054,12.1275,6.0,10,19.688498784485414,,7000.0,0.0,0.0,0.0,45.76214920693534,optimal
2021-02-09 06:30:00,39,103,2.0,0.0,0.0,0.1481333333333333,11.823,6.0,10,19.75536398044403,,7000.0,0.0,0.0,0.0,45.7163870577284,optimal
2021-02-09 07:00:00,39,103,2.0,0.0,0.0,0.1056,11.7705,6.0,10,19.83085732683575,,7000.0,0.0,0.0,0.0,45.670670670670674,optimal
2021-02-09 07:30:00,39,103,2.0,0.0,5.0,0.7285,11.13,6.0,10,19.906753878562085,,7000.0,0.0,0.0,0.0,48.0,optimal
2021-02-09 08:00:00,39,103,2.0,0.0,0.0,0.7261666666666666,11.6865,6.0,10,20.0,,2830.588806116759,0.0,4169.411193883241,0.0,47.498474315006526,optimal
2021-02-09 08:30:00,39,103,2.0,0.0,0.0,0.2014666666666666,10.7205,6.0,10,20.0,,7000.0,0.0,0.0,0.0,46.99745015569805,optimal
2021-02-09 09:00:00,39,103,2.0,0.0,0.0,0.064,11.424,6.0,10,20.06656360273758,,7000.0,0.0,0.0,0.0,46.49692702054888,optimal
2021-02-09 09:30:00,39,103,2.0,0.0,0.0,0.064,10.689,6.0,10,20.12464070263037,,7000.0,0.0,0.0,0.0,45.99690440853485,optimal
2021-02-09 10:00:00,39,103,2.0,0.0,0.0,0.1601333333333333,11.361,6.0,10,20.18381532998317,,7000.0,0.0,0.0,0.0,45.49738181913285,optimal
2021-02-09 10:30:00,39,103,2.0,0.0,0.0,0.064,11.571,6.0,10,20.246106153407936,,7000.0,0.0,0.0,0.0,44.99835875232024,optimal
2021-02-09 11:00:00,39,103,0.0,0.0,0.0,0.1464,14.3745,6.0,10,20.30722490795487,,0.0,0.0,0.0,0.0,44.49983470857445,optimal
2021-02-09 11:30:00,39,103,2.0,0.0,0.0,0.0777333333333333,13.23,6.0,10,20.22358225748571,,7000.0,0.0,0.0,0.0,44.0018091888724,optimal
2021-02-09 12:00:00,39,103,2.0,0.0,0.0,0.064,13.9755,6.0,10,20.28645329466008,,7000.0,0.0,0.0,0.0,43.50428169469006,optimal
2021-02-09 12:30:00,39,103,0.0,0.0,0.0,0.1601333333333333,14.994,6.0,10,20.348976848976232,,0.0,0.0,0.0,0.0,43.0072517280019,optimal
2021-02-09 13:00:00,39,103,2.0,0.0,0.0,0.064,13.671,6.0,10,20.26566071082364,,7000.0,0.0,0.0,0.0,42.510718791280425,optimal
2021-02-09 13:30:00,39,103,0.0,0.0,0.0,0.064,15.981,6.0,10,20.327824926512164,,0.0,0.0,0.0,0.0,42.01468238749568,optimal
2021-02-09 14:00:00,39,103,0.0,0.0,0.0,0.1601333333333333,15.6345,6.0,10,20.242127434066568,,0.0,0.0,0.0,0.0,41.51914202011471,optimal
2021-02-09 14:30:00,39,103,0.0,0.0,0.0,0.064,16.5375,6.0,10,20.158615535333546,,0.0,0.0,0.0,0.0,41.02409719310112,optimal
2021-02-09 15:00:00,39,103,1.1573897463058092,0.0,0.0,0.1601333333333333,14.7735,6.0,10,20.073232023584385,,4050.864112070332,0.0,0.0,0.0,40.52954741091455,optimal
2021-02-09 15:30:00,39,103,0.0,0.0,0.0,0.1848,15.2145,6.0,10,20.075305021603143,,0.0,0.0,0.0,0.0,40.03549217851016,optimal
2021-02-09 16:00:00,39,103,0.9976201282197896,0.0,0.0,0.188,14.553,6.0,10,20.0,,3491.670448769264,0.0,0.0,0.0,39.54193100133818,optimal
2021-02-09 16:30:00,39,103,2.0,0.0,0.0,0.064,14.3325,6.0,10,20.0,,7000.0,0.0,0.0,0.0,39.04886338534337,optimal
2021-02-09 17:00:00,39,103,1.4752641021030397,0.0,0.0,0.1601333333333333,14.595,6.0,10,20.06200842551776,,5163.424357360639,0.0,0.0,0.0,38.55628883696455,optimal
2021-02-09 17:30:00,39,103,0.0,0.0,0.0,0.064,14.994,6.0,10,20.08664484785881,,0.0,0.0,0.0,0.0,38.06420686313411,optimal
2021-02-09 18:00:00,39,103,1.0907838044639206,0.0,0.0,0.1658,14.3325,6.0,10,20.0,,3817.7433156237225,0.0,0.0,0.0,37.57261697127751,optimal
2021-02-09 18:30:00,39,103,0.9910759144156954,0.0,0.0,0.3911666666666666,13.8915,6.0,10,20.0,,3356.000889071997,0.0,112.76481138293737,0.0,37.08151866931276,optimal
2021-02-09 19:00:00,39,103,1.0043271797677342,0.0,0.0,0.2996999999999999,13.8915,6.0,10,20.0,,3515.14512918707,0.0,0.0,0.0,36.59091146564997,optimal
2021-02-09 19:30:00,39,103,2.0,0.0,0.0,0.2976666666666667,13.4715,6.0,10,20.0,,3207.6584625204537,0.0,3792.3415374795454,0.0,36.10079486919085,optimal
2021-02-09 20:00:00,39,103,1.0167690845296518,0.0,0.0,0.3932333333333333,13.23,6.0,10,20.0,,3071.0251291871145,0.0,487.6666666666667,0.0,35.611168389328185,optimal
2021-02-09 20:30:00,39,103,0.0,0.0,0.0,0.2120666666666666,13.8915,6.0,10,20.0,,0.0,0.0,0.0,0.0,35.575557220938855,optimal
2021-02-09 21:00:00,39,103,0.0,0.0,0.0,0.2706666666666666,26.9325,6.0,10,19.932701636102,,0.0,0.0,0.0,0.0,35.53998166371792,optimal
2021-02-09 21:30:00,39,103,0.0,0.0,0.0,1.3488,30.303,6.0,10,19.87615060633609,,0.0,0.0,0.0,0.0,35.5044416820542,optimal
2021-02-09 22:00:00,39,103,0.0,0.0,0.0,0.7718333333333334,32.886,6.0,10,19.83516041482844,,0.0,0.0,0.0,0.0,35.46893724037214,optimal
2021-02-09 22:30:00,39,103,0.0,0.0,0.0,0.0767333333333333,34.9965,6.0,10,19.78419578866469,,0.0,0.0,0.0,0.0,35.43346830313177,optimal
2021-02-09 23:00:00,39,103,0.0,0.0,0.0,0.1052,33.327,6.0,10,19.717311288027947,,0.0,0.0,0.0,0.0,35.39803483482864,optimal
2021-02-09 23:30:00,39,103,0.0,0.0,0.0,0.1152666666666666,31.122,6.0,10,19.638013861213164,,0.0,0.0,0.0,0.0,35.36263679999381,optimal
2021-02-10 00:00:00,39,103,0.0,0.0,0.0,0.063,19.026,6.0,9,19.638013861213164,,0.0,0.0,0.0,0.0,35.32727416319381,optimal
2021-02-10 00:30:00,39,103,0.0,0.0,0.0,0.1624,18.7215,6.0,9,19.5552670144023,,0.0,0.0,0.0,0.0,35.29194688903062,optimal
2021-02-10 01:00:00,39,103,0.0,0.0,0.0,0.1198,17.4195,6.0,9,19.47453430604436,,0.0,0.0,0.0,0.0,35.25665494214159,optimal
2021-02-10 01:30:00,39,103,0.0,0.0,0.0,0.1463333333333333,16.758,6.0,9,19.39281744072313,,0.0,0.0,0.0,0.0,35.22139828719945,optimal
2021-02-10 02:00:00,39,103,2.0,0.0,0.0,0.2191999999999999,14.217,6.0,9,19.311576168106477,,2349.5921526012185,0.0,4650.407847398781,0.0,35.18617688891225,optimal
2021-02-10 02:30:00,39,103,2.0,0.0,0.0,0.0755,13.3665,6.0,9,19.281243539141048,,7000.0,0.0,0.0,0.0,35.15099071202334,optimal
2021-02-10 03:00:00,39,103,2.0,0.0,0.0,0.2119333333333333,12.789,6.0,9,19.345916557757413,,7000.0,0.0,0.0,0.0,35.11583972131131,optimal
2021-02-10 03:30:00,39,103,2.0,0.0,0.0,0.1411,11.907,6.0,9,19.41316815270801,,7000.0,0.0,0.0,0.0,35.08072388159,optimal
2021-02-10 04:00:00,39,103,2.0,0.0,0.0,0.1463333333333333,11.7075,6.0,9,19.478623577951318,,7000.0,0.0,0.0,0.0,35.045643157708405,optimal
2021-02-10 04:30:00,39,103,2.0,0.0,5.0,0.2191999999999999,10.8045,6.0,9,19.543892216493568,,7000.0,0.0,0.0,0.0,37.385597514550696,optimal
2021-02-10 05:00:00,39,103,2.0,0.0,2.8714542075070577,0.1463333333333333,11.508,6.0,9,19.609944956694896,,7000.0,0.0,0.0,0.0,38.712152665602,optimal
2021-02-10 05:30:00,39,103,2.0,0.0,5.0,0.1056,11.508,6.0,9,19.67371049523669,,7000.0,0.0,0.0,0.0,41.0484405129364,optimal
2021-02-10 06:00:00,39,103,2.0,0.0,5.0,0.2021,11.508,6.0,9,19.73587562819833,,7000.0,0.0,0.0,0.0,43.38239207242345,optimal
2021-02-10 06:30:00,39,103,2.0,0.0,0.0,0.1348333333333333,11.844,6.0,9,19.799238198507545,,7000.0,0.0,0.0,0.0,43.33900968035103,optimal
2021-02-10 07:00:00,39,103,2.0,0.0,5.0,0.2255333333333333,11.508,6.0,9,19.86283612871133,,7000.0,0.0,0.0,0.0,45.670670670670674,optimal
2021-02-10 07:30:00,39,103,2.0,0.0,5.0,0.541,11.508,6.0,9,19.93024271030252,,7000.0,0.0,0.0,0.0,48.0,optimal
2021-02-10 08:00:00,39,103,2.0,0.0,0.0,1.1741,10.4475,6.0,9,20.0,,3855.3615508627936,0.0,3144.6384491372064,0.0,47.143170138906655,optimal
2021-02-10 08:30:00,39,103,2.0,0.0,0.0,0.2588999999999999,10.8675,6.0,9,20.0,,4008.258511322655,0.0,2991.7414886773454,0.0,46.2871971076744,optimal
2021-02-10 09:00:00,39,103,2.0,0.0,0.0,0.2343333333333332,10.542,6.0,9,20.0,,3834.662080397701,0.0,3165.337919602299,0.0,45.432080049473385,optimal
2021-02-10 09:30:00,39,103,2.0,0.0,0.0,0.6414,11.025,6.0,9,20.0,,3953.459038148965,0.0,3046.540961851035,0.0,44.57781810833057,optimal
2021-02-10 10:00:00,39,103,2.0,0.0,0.0,0.5509666666666667,11.025,6.0,9,20.01023162082678,,7000.0,0.0,0.0,0.0,43.724410429128895,optimal
2021-02-10 10:30:00,39,103,2.0,0.0,0.0,0.4546333333333333,14.553,6.0,9,20.08224574705642,,7000.0,0.0,0.0,0.0,42.87185615760642,optimal
2021-02-10 11:00:00,39,103,2.0,0.0,0.0,2.369533333333333,13.0935,6.0,9,20.1538589431703,,7000.0,0.0,0.0,0.0,42.02015444035548,optimal
2021-02-10 11:30:00,39,103,2.0,0.0,0.0,1.3643333333333332,15.6345,6.0,9,20.239908163998308,,7000.0,0.0,0.0,0.0,41.169304424821775,optimal
2021-02-10 12:00:00,39,103,0.0,0.0,0.0,0.5546666666666666,18.102,6.0,9,20.322734706427195,,0.0,0.0,0.0,0.0,40.31930525930361,optimal
2021-02-10 12:30:00,39,103,0.4903508337573354,0.0,0.0,0.3921666666666666,17.199,6.0,9,20.24796409868413,,1716.2279181506742,0.0,0.0,0.0,39.470156092950965,optimal
2021-02-10 13:00:00,39,103,0.0,0.0,0.0,1.1809666666666667,18.2805,6.0,9,20.20587696008674,,0.0,0.0,0.0,0.0,38.62185607576467,optimal
2021-02-10 13:30:00,39,103,0.0,0.0,0.0,3.1389333333333336,17.4615,6.0,9,20.1305265807409,,0.0,0.0,0.0,0.0,37.77440435859556,optimal
2021-02-10 14:00:00,39,103,0.0,0.0,0.0,1.9986666666666668,18.3225,6.0,9,20.070326927706496,,0.0,0.0,0.0,0.0,36.92780009314362,optimal
2021-02-10 14:30:00,39,103,1.0284720300551589,0.0,0.0,0.3161333333333333,17.094,6.0,9,20.0,,3599.6521051930563,0.0,0.0,0.0,36.082042431957134,optimal
2021-02-10 15:00:00,39,103,0.9924196662608518,0.0,0.0,0.5033,17.094,6.0,9,20.0,,3473.468831912981,0.0,0.0,0.0,35.237130528431834,optimal
2021-02-10 15:30:00,39,103,1.4489880400228563,0.0,0.0,1.491,17.094,6.0,9,20.0,,5071.458140079998,0.0,0.0,0.0,34.39306353681006,optimal
2021-02-10 16:00:00,39,103,0.0,0.0,0.0,1.5193,17.3565,6.0,9,20.04807673734493,,0.0,0.0,0.0,0.0,33.549840612179906,optimal
2021-02-10 16:30:00,39,103,1.6723926518751542,0.0,0.0,0.7881666666666667,17.115,6.0,9,20.0,,5853.374281563039,0.0,0.0,0.0,32.70746091047438,optimal
2021-02-10 17:00:00,39,103,0.0,0.0,0.0,0.2063333333333332,17.241,6.0,9,20.0668865391645,,0.0,0.0,0.0,0.0,31.865923588470565,optimal
2021-02-10 17:30:00,39,103,0.7777586901008396,0.0,0.0,0.6907333333333333,17.094,6.0,9,20.0,,2722.1554153529387,0.0,0.0,0.0,31.025227803788752,optimal
2021-02-10 18:00:00,39,103,2.0,0.0,0.0,0.7019666666666667,16.5165,6.0,9,20.0,,7000.0,0.0,0.0,0.0,30.994202575984964,optimal
2021-02-10 18:30:00,39,103,0.0,0.0,0.0,0.4338666666666667,17.8185,6.0,9,20.09108133207522,,0.0,0.0,0.0,0.0,30.96320837340898,optimal
2021-02-10 19:00:00,39,103,0.5298559213997014,0.0,0.0,0.3912,17.094,6.0,9,20.027882074867925,,1854.495724898955,0.0,0.0,0.0,30.93224516503557,optimal
2021-02-10 19:30:00,39,103,1.788606921338555,0.0,0.0,0.3036999999999999,16.8945,6.0,9,20.0,,6260.124224684942,0.0,0.0,0.0,30.90131291987053,optimal
2021-02-10 20:00:00,39,103,0.0,0.0,0.0,0.6738333333333334,18.123,6.0,9,20.062659771736943,,0.0,0.0,0.0,0.0,30.870411606950665,optimal
2021-02-10 20:30:00,39,103,0.0,0.0,0.0,0.3206,31.647,6.0,9,20.0,,0.0,0.0,0.0,0.0,30.839541195343717,optimal
2021-02-10 21:00:00,39,103,0.0,0.0,0.0,0.4244333333333333,34.9965,6.0,9,19.92880278012317,,0.0,0.0,0.0,0.0,30.80870165414837,optimal
2021-02-10 21:30:00,39,103,0.0,0.0,0.0,0.4021,34.9965,6.0,9,19.85906930013653,,0.0,0.0,0.0,0.0,30.77789295249422,optimal
2021-02-10 22:00:00,39,103,0.0,0.0,0.0,0.405,34.9965,6.0,9,19.78009044430128,,0.0,0.0,0.0,0.0,30.747115059541727,optimal
2021-02-10 22:30:00,39,103,0.0,0.0,0.0,0.4212333333333333,34.9965,6.0,9,19.695163250682597,,0.0,0.0,0.0,0.0,30.716367944482187,optimal
2021-02-10 23:00:00,39,103,0.0,0.0,0.0,0.4280666666666666,34.9965,6.0,9,19.61222863887938,,0.0,0.0,0.0,0.0,30.685651576537705,optimal
2021-02-10 23:30:00,39,103,0.0,0.0,0.0,0.308,27.741,6.0,9,19.529935956522262,,0.0,0.0,0.0,0.0,30.654965924961168,optimal
2021-02-11 00:00:00,39,103,2.0,0.0,0.0,0.0979333333333333,14.007,6.0,7,19.529935956522262,,7000.0,0.0,0.0,0.0,30.624310959036208,optimal
2021-02-11 00:30:00,39,103,2.0,0.0,0.0,0.1511333333333333,12.873,6.0,7,19.579402794287883,,0.0,0.0,7000.0,0.0,30.59368664807717,optimal
2021-02-11 01:00:00,39,103,2.0,0.0,0.0,0.062,12.684,6.0,7,19.482423853446992,,0.0,0.0,7000.0,0.0,30.56309296142909,optimal
2021-02-11 01:30:00,39,103,2.0,0.0,0.0,0.1002,12.306,6.0,7,19.38446225056304,,3653.0,0.0,3347.0,0.0,30.532529868467662,optimal
2021-02-11 02:00:00,39,103,2.0,0.0,5.0,0.2421333333333333,10.6365,6.0,7,19.36464633370416,,7000.0,0.0,0.0,0.0,32.8769973385992,optimal
2021-02-11 02:30:00,39,103,2.0,0.0,0.0,0.1364,11.2455,6.0,7,19.41836378486102,,7000.0,0.0,0.0,0.0,32.8441203412606,optimal
2021-02-11 03:00:00,39,103,2.0,0.0,0.0,0.0854,11.2455,6.0,7,19.469158138915333,,7000.0,0.0,0.0,0.0,32.81127622091934,optimal
2021-02-11 03:30:00,39,103,2.0,0.0,2.7635973286520032,0.3313333333333333,11.025,6.0,7,19.51819481601888,,7000.0,0.0,0.0,0.0,34.09117367580812,optimal
2021-02-11 04:00:00,39,103,2.0,0.0,0.0,0.071,12.0855,6.0,7,19.573320196933587,,7000.0,0.0,0.0,0.0,34.0570825021323,optimal
2021-02-11 04:30:00,39,103,2.0,0.0,0.0,0.2684666666666666,11.6865,6.0,7,19.62384953934794,,7000.0,0.0,0.0,0.0,34.023025419630166,optimal
2021-02-11 05:00:00,39,103,2.0,0.0,0.0,0.1392666666666666,11.2245,6.0,7,19.678306400025733,,7000.0,0.0,0.0,0.0,33.98900239421053,optimal
2021-02-11 05:30:00,39,103,2.0,0.0,5.0,0.1382666666666666,11.025,6.0,7,19.729796494511326,,7000.0,0.0,0.0,0.0,36.33001339181632,optimal
2021-02-11 06:00:00,39,103,2.0,0.0,5.0,0.204,10.7835,6.0,7,19.78206787982679,,7000.0,0.0,0.0,0.0,38.6686833784245,optimal
2021-02-11 06:30:00,39,103,2.0,0.0,5.0,0.1295333333333333,11.025,6.0,7,19.836507741779396,,7000.0,0.0,0.0,0.0,41.00501469504607,optimal
2021-02-11 07:00:00,39,103,2.0,0.0,5.0,0.1497333333333333,10.584,6.0,7,19.89036547958169,,7000.0,0.0,0.0,0.0,43.33900968035103,optimal
2021-02-11 07:30:00,39,103,2.0,0.0,5.0,0.2895666666666666,11.025,6.0,7,19.94565053969079,,7000.0,0.0,0.0,0.0,45.670670670670674,optimal
2021-02-11 08:00:00,39,103,2.0,0.0,5.0,0.2425333333333333,10.4265,6.0,7,20.00823927011705,,7000.0,0.0,0.0,0.0,48.0,optimal
2021-02-11 08:30:00,39,103,2.0,0.0,0.0,0.4470333333333333,12.789,6.0,7,20.0781953683641,,7000.0,0.0,0.0,0.0,47.84071149908052,optimal
2021-02-11 09:00:00,39,103,2.0,0.0,0.0,0.2387333333333333,12.684,6.0,7,20.1454583360544,,7000.0,0.0,0.0,0.0,47.68158228666197,optimal
2021-02-11 09:30:00,39,103,2.0,0.0,0.0,2.8074666666666666,16.254,6.0,7,20.207531885548025,,7000.0,0.0,0.0,0.0,47.52261220345582,optimal
2021-02-11 10:00:00,39,103,2.0,0.0,0.0,2.813066666666667,17.64,6.0,7,20.288475910674624,,7000.0,0.0,0.0,0.0,47.363801090332885,optimal
2021-02-11 10:30:00,39,103,0.0,0.0,0.0,0.3659,19.1625,6.0,7,20.373581647428555,,0.0,0.0,0.0,0.0,47.20514878832307,optimal
2021-02-11 11:00:00,39,103,0.0,0.0,0.0,0.3994,26.46,6.0,7,20.2929616487129,,0.0,0.0,0.0,0.0,47.04665513861527,optimal
2021-02-11 11:30:00,39,103,0.0,0.0,0.0,0.23,20.79,6.0,7,20.21184806993042,,0.0,0.0,0.0,0.0,46.88831998255718,optimal
2021-02-11 12:00:00,39,103,0.0,0.0,0.0,0.3496333333333333,29.106,6.0,7,20.138731911714384,,0.0,0.0,0.0,0.0,46.73014316165514,optimal
2021-02-11 12:30:00,39,103,1.9405505807038823,0.0,0.0,0.5942666666666666,19.1835,6.0,7,20.07139747482756,,6791.927032463589,0.0,0.0,0.0,46.57212451757401,optimal
2021-02-11 13:00:00,39,103,0.0,0.0,0.0,0.1363333333333333,19.6665,6.0,7,20.15086907680287,,0.0,0.0,0.0,0.0,46.41426389213696,optimal
2021-02-11 13:30:00,39,103,0.0,0.0,0.0,0.3481333333333333,19.404,6.0,7,20.07423289922989,,0.0,0.0,0.0,0.0,46.25656112732534,optimal
2021-02-11 14:00:00,39,103,1.1732617876456577,0.0,0.0,0.0856,19.047,6.0,7,20.0,,4106.416256759801,0.0,0.0,0.0,46.09901606527854,optimal
2021-02-11 14:30:00,39,103,2.0,0.0,0.0,0.2236999999999999,18.858,6.0,7,20.00747284344571,,7000.0,0.0,0.0,0.0,45.941628548293785,optimal
2021-02-11 15:00:00,39,103,0.0,0.0,0.0,0.2743666666666666,19.2675,6.0,7,20.077142125135232,,0.0,0.0,0.0,0.0,45.784398418826015,optimal
2021-02-11 15:30:00,39,103,0.984263394240009,0.0,0.0,0.5078,18.963,6.0,7,20.0,,3444.921879840032,0.0,0.0,0.0,45.62732551948771,optimal
2021-02-11 16:00:00,39,103,2.0,0.0,0.0,0.3808666666666667,18.438,6.0,7,20.0,,7000.0,0.0,0.0,0.0,45.47040969304874,optimal
2021-02-11 16:30:00,39,103,0.3431405651260849,0.0,0.0,0.1773666666666666,18.7425,6.0,7,20.06907204822601,,1200.9919779412974,0.0,0.0,0.0,45.31365078243622,optimal
2021-02-11 17:00:00,39,103,2.0,0.0,0.0,0.3035,15.2145,6.0,7,20.0,,7000.0,0.0,0.0,0.0,45.1570486307343,optimal
2021-02-11 17:30:00,39,103,0.2765054014314643,0.0,0.0,0.4438,17.7765,6.0,7,20.061016180710105,,967.7689050101252,0.0,0.0,0.0,45.00060308118409,optimal
2021-02-11 18:00:00,39,103,1.3468619841736895,0.0,0.0,1.2962333333333331,16.758,6.0,7,20.0,,3743.6556261966616,0.0,970.3613184112528,0.0,44.84431397718343,optimal
2021-02-11 18:30:00,39,103,2.0,0.0,0.0,1.3595333333333333,16.422,6.0,7,20.0,,6089.361318411253,0.0,910.6386815887472,0.0,44.68818116228676,optimal
2021-02-11 19:00:00,39,103,2.0,0.0,0.0,0.4173,16.758,6.0,7,20.049324707380176,,7000.0,0.0,0.0,0.0,44.532204480205,optimal
2021-02-11 19:30:00,39,103,0.0,0.0,0.0,4.435533333333334,29.358,6.0,7,20.111190557409238,,0.0,0.0,0.0,0.0,44.37638377480531,optimal
2021-02-11 20:00:00,39,103,0.0,0.0,0.0,4.299300000000001,34.9965,6.0,7,20.062981330058104,,0.0,0.0,0.0,0.0,44.22071889011103,optimal
2021-02-11 20:30:00,39,103,0.0,0.0,0.0,1.190233333333333,34.65,6.0,7,20.0,,0.0,0.0,0.0,0.0,44.06520967030144,optimal
2021-02-11 21:00:00,39,103,0.0,0.0,0.0,0.6984666666666667,34.9965,6.0,7,19.908952125148183,,0.0,0.0,0.0,0.0,43.90985595971166,optimal
2021-02-11 21:30:00,39,103,0.0,0.0,0.0,0.5646333333333333,34.9965,6.0,7,19.815836406719644,,0.0,0.0,0.0,0.0,43.75465760283248,optimal
2021-02-11 22:00:00,39,103,0.0,0.0,0.0,0.6322000000000001,30.4815,6.0,7,19.7204121217474,,0.0,0.0,0.0,0.0,43.71090294522964,optimal
2021-02-11 22:30:00,39,103,0.0,0.0,0.0,0.4238666666666666,21.4305,6.0,7,19.64327283222163,,0.0,0.0,0.0,0.0,43.66719204228441,optimal
2021-02-11 23:00:00,39,103,0.0,0.0,0.0,0.3233,14.3325,6.0,7,19.55763090906911,,0.0,0.0,0.0,0.0,43.62352485024213,optimal
2021-02-11 23:30:00,39,103,0.0199047619047619,0.0,0.0,0.4651,13.692,6.0,7,19.46841212905467,,0.0,0.0,69.66666666666666,0.0,43.57990132539189,optimal
2021-02-12 00:00:00,39,103,2.0,0.0,0.0,0.057,10.668,6.0,5,19.46841212905467,,7000.0,0.0,0.0,0.0,43.53632142406649,optimal
2021-02-12 00:30:00,39,103,2.0,0.0,0.0,0.2255666666666666,11.7285,6.0,5,19.50231171353483,,1357.0,0.0,5643.0,0.0,43.49278510264243,optimal
2021-02-12 01:00:00,39,103,2.0,0.0,0.0,0.2179666666666666,11.025,6.0,5,19.420818452160976,,7000.0,0.0,0.0,0.0,43.449292317539786,optimal
2021-02-12 01:30:00,39,103,2.0,0.0,0.0,0.1752,10.689,6.0,5,19.458322368033578,,7000.0,0.0,0.0,0.0,43.40584302522225,optimal
2021-02-12 02:00:00,39,103,2.0,0.0,5.0,0.1703333333333333,8.1585,6.0,5,19.495209553042173,,7000.0,0.0,0.0,0.0,45.73743718219703,optimal
2021-02-12 02:30:00,39,103,2.0,0.0,0.0,0.155,10.3635,6.0,5,19.53228061555504,,7000.0,0.0,0.0,0.0,45.69169974501483,optimal
2021-02-12 03:00:00,39,103,2.0,0.0,0.0,0.1272,10.8045,6.0,5,19.57022173033668,,7000.0,0.0,0.0,0.0,45.64600804526982,optimal
2021-02-12 03:30:00,39,103,2.0,0.0,0.0,0.0728,11.025,6.0,5,19.60876652181856,,7000.0,0.0,0.0,0.0,45.60036203722455,optimal
2021-02-12 04:00:00,39,103,2.0,0.0,0.0,0.3005333333333334,10.3635,6.0,5,19.649166983583537,,7000.0,0.0,0.0,0.0,45.55476167518732,optimal
2021-02-12 04:30:00,39,103,2.0,0.0,0.0,0.1355333333333333,10.8045,6.0,5,19.697353718767463,,7000.0,0.0,0.0,0.0,45.50920691351214,optimal
2021-02-12 05:00:00,39,103,2.0,0.0,0.0,0.2128,10.059,6.0,5,19.744848786625536,,7000.0,0.0,0.0,0.0,45.46369770659862,optimal
2021-02-12 05:30:00,39,103,2.0,0.0,0.0,0.2112333333333333,10.584,6.0,5,19.79710597729513,,7000.0,0.0,0.0,0.0,45.41823400889202,optimal
2021-02-12 06:00:00,39,103,2.0,0.0,5.0,0.1375,9.4185,6.0,5,19.852722460934952,,7000.0,0.0,0.0,0.0,47.74781577488313,optimal
2021-02-12 06:30:00,39,103,2.0,0.0,0.0,0.3059333333333333,10.3635,6.0,5,19.91703050276221,,7000.0,0.0,0.0,0.0,47.700067959108246,optimal
2021-02-12 07:00:00,39,103,2.0,0.0,0.7318570712649681,0.0736333333333333,9.8385,6.0,5,19.98887793393917,,7000.0,0.0,0.0,0.0,48.0,optimal
2021-02-12 07:30:00,39,103,2.0,0.0,0.0,0.3624333333333333,11.067,6.0,5,20.057666754328825,,7000.0,0.0,0.0,0.0,47.29576726311497,optimal
2021-02-12 08:00:00,39,103,2.0,0.0,0.0,1.0638333333333332,10.8465,6.0,5,20.12150545805357,,7000.0,0.0,0.0,0.0,46.59223875896682,optimal
2021-02-12 08:30:00,39,103,2.0,0.0,0.0,0.2282333333333333,13.671,6.0,5,20.172553262784596,,7000.0,0.0,0.0,0.0,45.88941378332282,optimal
2021-02-12 09:00:00,39,103,2.0,0.0,0.0,0.2486999999999999,12.348,6.0,5,20.220891291658965,,7000.0,0.0,0.0,0.0,45.18729163265447,optimal
2021-02-12 09:30:00,39,103,0.0,0.0,0.0,0.1337333333333333,14.3325,6.0,5,20.269277303920653,,0.0,0.0,0.0,0.0,44.48587160413678,optimal
2021-02-12 10:00:00,39,103,0.0,0.0,0.0,0.1723333333333333,15.393,6.0,5,20.173525676539903,,0.0,0.0,0.0,0.0,43.785152995647614,optimal
2021-02-12 10:30:00,39,103,2.0,0.0,0.0,0.1512,13.587,6.0,5,20.086496695443007,,7000.0,0.0,0.0,0.0,43.08513510576694,optimal
2021-02-12 11:00:00,39,103,0.0,0.0,0.0,0.3018,16.1385,6.0,5,20.148585199729013,,0.0,0.0,0.0,0.0,42.38581723377614,optimal
2021-02-12 11:30:00,39,103,0.2061442469147346,0.0,0.0,0.1477333333333333,14.595,6.0,5,20.06802403984789,,721.5048642015713,0.0,0.0,0.0,41.68719867965733,optimal
2021-02-12 12:00:00,39,103,1.0941386921463343,0.0,0.0,0.2458,14.637,6.0,5,20.0,,3829.4854225121694,0.0,0.0,0.0,40.98927874409264,optimal
2021-02-12 12:30:00,39,103,1.119136094083926,0.0,0.0,0.1475333333333333,13.9125,6.0,5,20.0,,3916.976329293741,0.0,0.0,0.0,40.29205672846352,optimal
2021-02-12 13:00:00,39,103,1.2910150570387264,0.0,0.0,0.1407333333333333,13.3665,6.0,5,20.0,,4518.552699635542,0.0,0.0,0.0,39.59553193485002,optimal
2021-02-12 13:30:00,39,103,2.0,0.0,0.0,0.2526,13.0095,6.0,5,20.012747119249,,7000.0,0.0,0.0,0.0,38.89970366603014,optimal
2021-02-12 14:00:00,39,103,0.0,0.0,0.0,0.1502,13.8915,6.0,5,20.079573057165145,,0.0,0.0,0.0,0.0,38.20457122547908,optimal
2021-02-12 14:30:00,39,103,1.0994729016408369,0.0,0.0,0.0765666666666666,13.188,6.0,5,20.0,,3778.488489076261,0.0,69.66666666666666,0.0,37.51013391736857,optimal
2021-02-12 15:00:00,39,103,1.0707066803469585,0.0,0.0,0.5000333333333333,12.5685,6.0,5,20.0,,3399.140047881021,0.0,348.3333333333333,0.0,36.816391046566174,optimal
2021-02-12 15:30:00,39,103,1.703928176074307,0.0,0.0,0.1551333333333333,12.285,6.0,5,20.0,,3507.9939942026967,0.0,2455.754622057378,0.0,36.12334191863458,optimal
2021-02-12 16:00:00,39,103,2.0,0.0,0.0,1.8422,11.487,6.0,5,20.0,,2993.141371945017,0.0,4006.858628054983,0.0,35.43098583983092,optimal
2021-02-12 16:30:00,39,103,2.0,0.0,0.0,0.5155,11.802,6.0,5,20.0,,4127.279916779026,0.0,2872.7200832209737,0.0,34.739322117106056,optimal
2021-02-12 17:00:00,39,103,2.0,0.0,0.0,0.2760666666666667,11.2245,6.0,5,20.01936140698369,,7000.0,0.0,0.0,0.0,34.04835005810392,optimal
2021-02-12 17:30:00,39,103,2.0,0.0,0.0,0.3064666666666666,11.025,6.0,5,20.092154771292773,,7000.0,0.0,0.0,0.0,33.35806897116078,optimal
2021-02-12 18:00:00,39,103,2.0,0.0,0.0,1.3544,11.907,6.0,5,20.1658642578526,,7000.0,0.0,0.0,0.0,32.66847816530459,optimal
2021-02-12 18:30:00,39,103,0.0,0.0,0.0,0.4460666666666666,25.83,6.0,5,20.24329530759467,,0.0,0.0,0.0,0.0,31.97957695025425,optimal
2021-02-12 19:00:00,39,103,0.0,0.0,0.0,1.7071666666666667,28.035,6.0,5,20.176467632061502,,0.0,0.0,0.0,0.0,31.947597373304,optimal
2021-02-12 19:30:00,39,103,0.0,0.0,0.0,0.8212666666666667,28.119,6.0,5,20.127071096568912,,0.0,0.0,0.0,0.0,31.915649775930696,optimal
2021-02-12 20:00:00,39,103,0.0,0.0,0.0,0.22,30.156,6.0,5,20.065907401024937,,0.0,0.0,0.0,0.0,31.883734126154764,optimal
2021-02-12 20:30:00,39,103,0.0,0.0,0.0,0.6629666666666667,29.1585,6.0,5,20.0,,0.0,0.0,0.0,0.0,31.85185039202861,optimal
2021-02-12 21:00:00,39,103,0.0,0.0,0.0,0.3365666666666667,26.712,6.0,5,19.939781333459603,,0.0,0.0,0.0,0.0,31.81999854163658,optimal
2021-02-12 21:30:00,39,103,0.0,0.0,0.0,0.4781333333333333,15.435,6.0,5,19.869635661396195,,0.0,0.0,0.0,0.0,31.788178543094944,optimal
2021-02-12 22:00:00,39,103,0.0,0.0,0.0,0.4582666666666666,13.566,6.0,5,19.79974174978801,,0.0,0.0,0.0,0.0,31.756390364551848,optimal
2021-02-12 22:30:00,39,103,0.0,0.0,0.0,0.1248,12.789,6.0,5,19.72951044841957,,0.0,0.0,0.0,0.0,31.72463397418729,optimal
2021-02-12 23:00:00,39,103,0.0,0.0,0.0,0.0771333333333333,12.1275,6.0,5,19.653644708859623,,0.0,0.0,0.0,0.0,31.69290934021311,optimal
2021-02-12 23:30:00,39,103,0.0,0.0,0.0,0.2295333333333333,13.671,6.0,5,19.5772285057636,,0.0,0.0,0.0,0.0,31.661216430872894,optimal
2021-02-13 00:00:00,39,103,2.0,0.0,5.0,0.059,9.5235,6.0,-6,19.5772285057636,,7000.0,0.0,0.0,0.0,34.00455521444202,optimal
2021-02-13 00:30:00,39,103,2.0,0.0,5.0,0.1838,8.1375,6.0,-6,19.64066073297515,,1008.666666666667,0.0,5991.333333333333,0.0,36.34555065922758,optimal
2021-02-13 01:00:00,39,103,2.0,0.0,0.0,0.0867333333333333,10.0905,6.0,-6,19.580539103338303,,7000.0,0.0,0.0,0.0,36.30920510856835,optimal
2021-02-13 01:30:00,39,103,2.0,0.0,5.0,0.1514,7.539,6.0,-6,19.64499377767543,,7000.0,0.0,0.0,0.0,38.64789590345978,optimal
2021-02-13 02:00:00,39,103,2.0,0.0,5.0,0.2218,7.938,6.0,-6,19.710744135445115,,7000.0,0.0,0.0,0.0,40.98424800755632,optimal
2021-02-13 02:30:00,39,103,2.0,0.0,5.0,0.0846666666666666,8.274,6.0,-6,19.77790498754738,,7000.0,0.0,0.0,0.0,43.31826375954877,optimal
2021-02-13 03:00:00,39,103,2.0,0.0,5.0,0.1914666666666666,9.261,6.0,-6,19.8418744395761,,7000.0,0.0,0.0,0.0,45.64994549578922,optimal
2021-02-13 03:30:00,39,103,2.0,0.0,0.7487897145925241,0.1766,9.9225,6.0,-6,19.907801866046075,,7000.0,0.0,0.0,0.0,45.95997066472487,optimal
2021-02-13 04:00:00,39,103,2.0,0.0,5.0,0.1411333333333333,9.702,6.0,-6,19.97289041715815,,7000.0,0.0,0.0,0.0,48.28901069406015,optimal
2021-02-13 04:30:00,39,103,2.0,0.0,0.0,0.2115333333333333,10.584,6.0,-6,20.03671026022286,,7000.0,0.0,0.0,0.0,48.24072168336608,optimal
2021-02-13 05:00:00,39,103,2.0,0.0,0.0,0.1616666666666666,10.143,6.0,-6,20.101268853332904,,7000.0,0.0,0.0,0.0,48.19248096168271,optimal
2021-02-13 05:30:00,39,103,0.0,0.0,0.0,0.1838,13.0095,6.0,-6,20.16403118263445,,0.0,0.0,0.0,0.0,48.144288480721016,optimal
2021-02-13 06:00:00,39,103,2.0,0.0,0.0,0.1586,11.025,6.0,-6,20.079168171902936,,7000.0,0.0,0.0,0.0,48.096144192240295,optimal
2021-02-13 06:30:00,39,103,2.0,0.0,0.0,0.3009333333333333,12.789,6.0,-6,20.141058873841708,,7000.0,0.0,0.0,0.0,48.048048048048045,optimal
2021-02-13 07:00:00,39,103,2.0,0.0,0.0,1.4142333333333332,12.1275,6.0,-6,20.206463994409557,,7000.0,0.0,0.0,0.0,48.0,optimal
2021-02-13 07:30:00,39,103,2.0,0.0,0.0,0.4783,12.1695,6.0,-6,20.276897603611538,,7000.0,0.0,0.0,0.0,47.48355475754473,optimal
2021-02-13 08:00:00,39,103,2.0,0.0,0.0,0.0994,12.306,6.0,-6,20.34811733454436,,7000.0,0.0,0.0,0.0,46.96762596033192,optimal
2021-02-13 08:30:00,39,103,0.0,0.0,0.0,2.6728,13.23,6.0,-6,20.41357217220928,,0.0,0.0,0.0,0.0,46.45221309191631,optimal
2021-02-13 09:00:00,39,103,0.0,0.0,0.0,1.3385333333333334,13.671,6.0,-6,20.34066596140189,,0.0,0.0,0.0,0.0,45.93731563636913,optimal
2021-02-13 09:30:00,39,103,0.0,0.0,0.0,0.2909333333333333,13.9335,6.0,-6,20.260296150497137,,0.0,0.0,0.0,0.0,45.42293307827749,optimal
2021-02-13 10:00:00,39,103,0.7044839034402968,0.0,0.0,2.4761666666666664,13.293,6.0,-6,20.177892443192825,,2465.693662041039,0.0,0.0,0.0,44.90906490274394,optimal
2021-02-13 10:30:00,39,103,2.0,0.0,0.0,1.1914,12.1065,6.0,-6,20.15478875503219,,7000.0,0.0,0.0,0.0,44.39571059538593,optimal
2021-02-13 11:00:00,39,103,2.0,0.0,0.0,2.3010333333333333,11.571,6.0,-6,20.22095973328955,,7000.0,0.0,0.0,0.0,43.88286964233527,optimal
2021-02-13 11:30:00,39,103,2.0,0.0,0.0,1.3918333333333333,11.025,6.0,-6,20.29368331792159,,7000.0,0.0,0.0,0.0,43.37054153023767,optimal
2021-02-13 12:00:00,39,103,2.0,0.0,0.0,2.1737333333333333,10.8465,6.0,-6,20.36282137372612,,7000.0,0.0,0.0,0.0,42.85872574625216,optimal
2021-02-13 12:30:00,39,103,2.0,0.0,0.0,0.9709,11.2455,6.0,-6,20.441196885308266,,7000.0,0.0,0.0,0.0,42.347421778050645,optimal
2021-02-13 13:00:00,39,103,0.0,0.0,0.0,1.6934333333333331,23.8665,6.0,-6,20.51380340083848,,0.0,0.0,0.0,0.0,41.83662911381733,optimal
2021-02-13 13:30:00,39,103,0.0,0.0,0.0,0.6273333333333334,27.4575,6.0,-6,20.44168703788355,,0.0,0.0,0.0,0.0,41.32634724224824,optimal
2021-02-13 14:00:00,39,103,0.0,0.0,0.0,1.8178,27.3735,6.0,-6,20.366976781060185,,0.0,0.0,0.0,0.0,40.816575652550725,optimal
2021-02-13 14:30:00,39,103,0.0,0.0,0.0,0.3906666666666666,30.4605,6.0,-6,20.290398356000352,,0.0,0.0,0.0,0.0,40.30731383444291,optimal
2021-02-13 15:00:00,39,103,0.0,0.0,0.0,2.0046666666666666,30.0195,6.0,-6,20.212590348571123,,0.0,0.0,0.0,0.0,39.7985612781532,optimal
2021-02-13 15:30:00,39,103,0.0,0.0,0.0,1.3275,26.9325,6.0,-6,20.140785361574107,,0.0,0.0,0.0,0.0,39.29031747441978,optimal
2021-02-13 16:00:00,39,103,0.0,0.0,0.0,0.8721666666666666,14.595,6.0,-6,20.071210529429344,,0.0,0.0,0.0,0.0,38.782581914490095,optimal
2021-02-13 16:30:00,39,103,0.8298201498844632,0.0,0.0,0.7576666666666666,12.4845,6.0,-6,20.0,,2904.370524595621,0.0,0.0,0.0,38.27535409012034,optimal
2021-02-13 17:00:00,39,103,0.8848430264731807,0.0,0.0,0.9850666666666668,12.1275,6.0,-6,20.0,,2887.9505926561324,0.0,209.0,0.0,37.76863349357495,optimal
2021-02-13 17:30:00,39,103,1.8687961228442345,0.0,0.0,2.2172666666666667,12.1275,6.0,-6,20.0,,5635.119763288154,0.0,905.6666666666664,0.0,37.26241961762611,optimal
2021-02-13 18:00:00,39,103,0.0,0.0,0.0,2.090333333333333,12.789,6.0,-6,20.058173734883383,,0.0,0.0,0.0,0.0,36.756711955553214,optimal
2021-02-13 18:30:00,39,103,1.0734426914589008,0.0,0.0,0.4223333333333333,11.907,6.0,-6,20.0,,3408.716086772819,0.0,348.3333333333333,0.0,36.25151000114239,optimal
2021-02-13 19:00:00,39,103,1.3216738609498675,0.0,0.0,2.543133333333333,11.025,6.0,-6,20.0,,2605.5251799912035,0.0,2020.3333333333333,0.0,35.74681324868598,optimal
2021-02-13 19:30:00,39,103,2.0,0.0,0.0,0.4188333333333333,8.2005,6.0,-6,20.0,,4840.333333333334,0.0,2159.6666666666665,0.0,35.24262119298203,optimal
2021-02-13 20:00:00,39,103,0.4278089597698102,0.0,0.0,0.6032666666666666,9.5655,6.0,-6,20.03461367604056,,1497.3313591943356,0.0,0.0,0.0,34.738933329333776,optimal
2021-02-13 20:30:00,39,103,2.0,0.0,0.0,0.4399666666666665,7.056,6.0,-6,20.0,,0.0,0.0,7000.0,0.0,34.23574915354917,optimal
2021-02-13 21:00:00,39,103,0.0,0.0,0.0,1.2701666666666669,9.3975,6.0,-6,19.929497380132045,,0.0,0.0,0.0,0.0,34.20151340439562,optimal
2021-02-13 21:30:00,39,103,0.0,0.0,0.0,1.2065333333333332,10.059,6.0,-6,19.86259741938493,,0.0,0.0,0.0,0.0,34.16731189099122,optimal
2021-02-13 22:00:00,39,103,0.0,0.0,0.0,1.8604,9.261,6.0,-6,19.804586881628484,,0.0,0.0,0.0,0.0,34.13314457910023,optimal
2021-02-13 22:30:00,39,103,1.125047619047619,0.0,0.0,0.5457333333333334,8.1585,6.0,-6,19.746798981250016,,0.0,0.0,3937.6666666666665,0.0,34.09901143452113,optimal
2021-02-13 23:00:00,39,103,0.0,0.0,0.0,0.6390333333333333,9.4815,6.0,-6,19.68276780912774,,0.0,0.0,0.0,0.0,34.06491242308661,optimal
2021-02-13 23:30:00,39,103,0.0,0.0,0.0,0.2638,8.379,6.0,-6,19.618965569675787,,0.0,0.0,0.0,0.0,34.03084751066353,optimal
2021-02-07 00:00:00,40,103,0.0,0.0,0.0,0.057,12.5685,6.0,6,21.0,,0.0,0.0,0.0,0.0,47.952,optimal
2021-02-07 00:30:00,40,103,0.0,0.0,0.0,0.1686,13.146,6.0,6,20.92453682167887,,0.0,0.0,0.0,0.0,47.904048,optimal
2021-02-07 01:00:00,40,103,0.0,0.0,0.0,0.1158666666666666,10.584,6.0,6,20.85131155309238,,0.0,0.0,0.0,0.0,47.856143952,optimal
2021-02-07 01:30:00,40,103,0.0,0.0,0.0,0.133,6.678,6.0,6,20.77685475787057,,0.0,0.0,0.0,0.0,47.80828780804799,optimal
2021-02-07 02:00:00,40,103,0.0,0.0,0.0,0.1514666666666666,7.938,6.0,6,20.70286957902481,,0.0,0.0,0.0,0.0,47.76047952023995,optimal
2021-02-07 02:30:00,40,103,2.142857142857143,0.0,0.0,0.1022,5.292,6.0,6,20.629381944191604,,7500.0,0.0,0.0,0.0,47.712719040719705,optimal
2021-02-07 03:00:00,40,103,0.0,0.0,0.0,0.172,9.261,6.0,6,20.712615006313253,,0.0,0.0,0.0,0.0,47.66500632167899,optimal
2021-02-07 03:30:00,40,103,0.0,0.0,0.0,0.0672666666666666,10.3635,6.0,6,20.63860805804789,,0.0,0.0,0.0,0.0,47.61734131535731,optimal
2021-02-07 04:00:00,40,103,0.0,0.0,0.0,0.2171999999999999,8.274,6.0,6,20.56250534231392,,0.0,0.0,0.0,0.0,47.56972397404195,optimal
2021-02-07 04:30:00,40,103,0.0,0.0,0.0,0.0672666666666666,7.7175,6.0,6,20.48967720413236,,0.0,0.0,0.0,0.0,47.52215425006791,optimal
2021-02-07 05:00:00,40,103,1.8056140137699537,0.0,0.0,0.1032,6.615,6.0,6,20.4140233063018,,6319.649048194839,0.0,0.0,0.0,47.47463209581784,optimal
2021-02-07 05:30:00,40,103,2.142857142857143,0.0,0.0,0.1188,6.174,6.0,6,20.47250022720588,,7500.0,0.0,0.0,0.0,47.42715746372202,optimal
2021-02-07 06:00:00,40,103,2.142857142857143,0.0,0.0,0.067,3.906,6.0,6,20.555774843282567,,7500.0,0.0,0.0,0.0,47.379730306258296,optimal
2021-02-07 06:30:00,40,103,2.142857142857143,0.0,0.0,0.1469333333333333,2.3415,6.0,6,20.637483022479792,,7500.0,0.0,0.0,0.0,47.332350575952034,optimal
2021-02-07 07:00:00,40,103,2.142857142857143,0.0,0.0,0.2751,2.205,6.0,6,20.721314799495232,,7500.0,0.0,0.0,0.0,47.285018225376085,optimal
2021-02-07 07:30:00,40,103,2.142857142857143,0.0,1.604772195472187,1.5835666666666666,0.882,6.0,6,20.81154008814685,,7500.0,0.0,0.0,0.0,48.0,optimal
2021-02-07 08:00:00,40,103,2.142857142857143,0.0,0.0,0.2508333333333333,1.5435,6.0,6,20.90816640865015,,7500.0,0.0,0.0,0.0,47.90927104501485,optimal
2021-02-07 08:30:00,40,103,2.142857142857143,0.0,0.0,0.1534666666666666,1.5435,6.0,6,20.99555570382728,,7500.0,0.0,0.0,0.0,47.81863281898468,optimal
2021-02-07 09:00:00,40,103,2.142857142857143,0.0,0.0,0.2679333333333333,5.0715,6.0,6,21.074615012716905,,7500.0,0.0,0.0,0.0,47.72808523118054,optimal
2021-02-07 09:30:00,40,103,2.142857142857143,0.0,0.0,1.6036,5.376,6.0,6,21.149338901465587,,7500.0,0.0,0.0,0.0,47.637628190964215,optimal
2021-02-07 10:00:00,40,103,2.142857142857143,0.0,0.0,2.7162,5.0715,6.0,6,21.22573008691357,,7500.0,0.0,0.0,0.0,47.5472616077881,optimal
2021-02-07 10:30:00,40,103,2.142857142857143,0.0,0.0,1.1501666666666668,5.5125,6.0,6,21.309404552143487,,7500.0,0.0,0.0,0.0,47.45698539119516,optimal
2021-02-07 11:00:00,40,103,0.0,0.0,0.0,0.1248,9.261,6.0,6,21.383127690275384,,0.0,0.0,0.0,0.0,47.36679945081882,optimal
2021-02-07 11:30:00,40,103,0.0,0.0,0.0,0.1057333333333333,11.7075,6.0,6,21.294836646944237,,0.0,0.0,0.0,0.0,47.276703696382846,optimal
2021-02-07 12:00:00,40,103,0.0,0.0,0.0,0.1695333333333333,12.348,6.0,6,21.20953394887086,,0.0,0.0,0.0,0.0,47.18669803770131,optimal
2021-02-07 12:30:00,40,103,0.0,0.0,0.0,1.6686333333333334,12.348,6.0,6,21.133905682743627,,0.0,0.0,0.0,0.0,47.09678238467846,optimal
2021-02-07 13:00:00,40,103,0.0,0.0,0.0,0.3822333333333333,12.1275,6.0,6,21.064864490035013,,0.0,0.0,0.0,0.0,47.00695664730864,optimal
2021-02-07 13:30:00,40,103,0.0,0.0,0.0,1.3748333333333334,12.5265,6.0,6,20.993222717194712,,0.0,0.0,0.0,0.0,46.917220735676175,optimal
2021-02-07 14:00:00,40,103,0.0,0.0,0.0,1.882,11.7495,6.0,6,20.943495309682312,,0.0,0.0,0.0,0.0,46.82757455995535,optimal
2021-02-07 14:30:00,40,103,0.0,0.0,0.0,1.7804666666666666,13.23,6.0,6,20.87938639234704,,0.0,0.0,0.0,0.0,46.73801803041024,optimal
2021-02-07 15:00:00,40,103,0.0,0.0,0.0,2.8119,14.3325,6.0,6,20.809076141473792,,0.0,0.0,0.0,0.0,46.64855105739468,optimal
2021-02-07 15:30:00,40,103,0.0,0.0,0.0,1.4436,14.994,6.0,6,20.74735674555618,,0.0,0.0,0.0,0.0,46.55917355135213,optimal
2021-02-07 16:00:00,40,103,0.0,0.0,0.0,0.2616,14.8155,6.0,6,20.680705257083225,,0.0,0.0,0.0,0.0,46.46988542281563,optimal
2021-02-07 16:30:00,40,103,0.0,0.0,0.0,0.1529666666666666,14.112,6.0,6,20.60234925892972,,0.0,0.0,0.0,0.0,46.38068658240766,optimal
2021-02-07 17:00:00,40,103,0.0,0.0,0.0,0.1523,14.007,6.0,6,20.529502068333063,,0.0,0.0,0.0,0.0,46.2915769408401,optimal
2021-02-07 17:30:00,40,103,0.0,0.0,0.0,0.0906666666666666,13.23,6.0,6,20.455815851090627,,0.0,0.0,0.0,0.0,46.20255640891411,optimal
2021-02-07 18:00:00,40,103,0.0,0.0,0.0,0.2344666666666666,11.382,6.0,6,20.383051614052395,,0.0,0.0,0.0,0.0,46.11362489752005,optimal
2021-02-07 18:30:00,40,103,0.0,0.0,0.0,0.1001666666666666,11.7495,6.0,6,20.31414731945996,,0.0,0.0,0.0,0.0,46.024782317637374,optimal
2021-02-07 19:00:00,40,103,0.0,0.0,0.0,0.1696666666666666,24.3285,6.0,6,20.235819297919534,,0.0,0.0,0.0,0.0,45.936028580334586,optimal
2021-02-07 19:30:00,40,103,0.0,0.0,0.0,0.0956666666666666,28.917,6.0,6,20.154828188703327,,0.0,0.0,0.0,0.0,45.8473635967691,optimal
2021-02-07 20:00:00,40,103,0.0,0.0,0.0,0.1023333333333333,31.3635,6.0,6,20.07513072840293,,0.0,0.0,0.0,0.0,45.75878727818718,optimal
2021-02-07 20:30:00,40,103,0.0,0.0,0.0,0.34,33.306,6.0,6,20.0,,0.0,0.0,0.0,0.0,45.67029953592384,optimal
2021-02-07 21:00:00,40,103,0.0,0.0,0.0,0.2735333333333333,31.3425,6.0,6,19.93105543129719,,0.0,0.0,0.0,0.0,45.58190028140277,optimal
2021-02-07 21:30:00,40,103,0.0,0.0,0.0,0.2754666666666666,28.2555,6.0,6,19.86210399488306,,0.0,0.0,0.0,0.0,45.49358942613621,optimal
2021-02-07 22:00:00,40,103,0.0,0.0,0.0,0.5367000000000001,15.6975,6.0,6,19.79571635953969,,0.0,0.0,0.0,0.0,45.44809583671008,optimal
2021-02-07 22:30:00,40,103,0.0,0.0,0.0,0.4924,12.5475,6.0,6,19.73934957880563,,0.0,0.0,0.0,0.0,45.40264774087336,optimal
2021-02-07 23:00:00,40,103,0.0,0.0,0.0,0.1234666666666666,12.0855,6.0,6,19.681826033912245,,0.0,0.0,0.0,0.0,45.35724509313249,optimal
2021-02-07 23:30:00,40,103,0.0,0.0,0.0,0.066,11.907,6.0,6,19.608541288031606,,0.0,0.0,0.0,0.0,45.31188784803936,optimal
2021-02-08 00:00:00,40,103,2.142857142857143,0.0,0.0,0.1024,8.6835,6.0,-2,19.608541288031606,,7500.0,0.0,0.0,0.0,45.266575960191325,optimal
2021-02-08 00:30:00,40,103,2.142857142857143,0.0,0.0,0.059,7.665,6.0,-2,19.692991203184206,,7500.0,0.0,0.0,0.0,45.221309384231134,optimal
2021-02-08 01:00:00,40,103,2.142857142857143,0.0,0.0,0.1139333333333333,6.7725,6.0,-2,19.774572644377177,,7500.0,0.0,0.0,0.0,45.1760880748469,optimal
2021-02-08 01:30:00,40,103,2.142857142857143,0.0,0.0,0.1551333333333333,5.5755,6.0,-2,19.856940345518023,,7500.0,0.0,0.0,0.0,45.130911986772055,optimal
2021-02-08 02:00:00,40,103,2.142857142857143,0.0,2.2484701558524547,0.059,5.0925,6.0,-2,19.939574813187487,,7500.0,0.0,0.0,0.0,46.15380439881519,optimal
2021-02-08 02:30:00,40,103,2.142857142857143,0.0,5.0,0.059,4.1895,6.0,-2,20.01958391447794,,7500.0,0.0,0.0,0.0,48.48265059441637,optimal
2021-02-08 03:00:00,40,103,2.142857142857143,0.0,0.0,0.0864666666666666,7.056,6.0,-2,20.099456873994708,,7500.0,0.0,0.0,0.0,48.434167943821954,optimal
2021-02-08 03:30:00,40,103,2.142857142857143,0.0,0.0,0.1825999999999999,5.271,6.0,-2,20.179772493904323,,7500.0,0.0,0.0,0.0,48.38573377587813,optimal
2021-02-08 04:00:00,40,103,2.142857142857143,0.0,0.0,0.059,7.938,6.0,-2,20.26152055905317,,7500.0,0.0,0.0,0.0,48.33734804210225,optimal
2021-02-08 04:30:00,40,103,2.142857142857143,0.0,0.0,0.1894666666666666,7.938,6.0,-2,20.340069094615597,,7500.0,0.0,0.0,0.0,48.28901069406015,optimal
2021-02-08 05:00:00,40,103,2.142857142857143,0.0,0.0,0.0795999999999999,11.907,6.0,-2,20.4205539886465,,7500.0,0.0,0.0,0.0,48.24072168336608,optimal
2021-02-08 05:30:00,40,103,2.142857142857143,0.0,0.0,0.059,11.025,6.0,-2,20.49790734182487,,7500.0,0.0,0.0,0.0,48.19248096168271,optimal
2021-02-08 06:00:00,40,103,2.142857142857143,0.0,0.0,0.2100666666666666,11.2875,6.0,-2,20.574249294835383,,7500.0,0.0,0.0,0.0,48.144288480721016,optimal
2021-02-08 06:30:00,40,103,1.634420156201218,0.0,0.0,0.059,12.936,6.0,-2,20.65319808942041,,5720.470546704262,0.0,0.0,0.0,48.096144192240295,optimal
2021-02-08 07:00:00,40,103,0.0,0.0,0.0,0.2405999999999999,13.0095,6.0,-2,20.690922048586373,,0.0,0.0,0.0,0.0,48.048048048048045,optimal
2021-02-08 07:30:00,40,103,0.0,0.0,0.0,0.0614666666666666,13.671,6.0,-2,20.61507674783419,,0.0,0.0,0.0,0.0,48.0,optimal
2021-02-08 08:00:00,40,103,0.0,0.0,0.0,0.4470333333333333,13.188,6.0,-2,20.541198200747207,,0.0,0.0,0.0,0.0,47.87288808377952,optimal
2021-02-08 08:30:00,40,103,0.0,0.0,0.0,0.198,13.8495,6.0,-2,20.47024650524845,,0.0,0.0,0.0,0.0,47.745903279475264,optimal
2021-02-08 09:00:00,40,103,2.142857142857143,0.0,0.0,0.2495333333333333,13.23,6.0,-2,20.389121280600925,,7500.0,0.0,0.0,0.0,47.61904545997531,optimal
2021-02-08 09:30:00,40,103,0.0,0.0,0.0,0.3870666666666666,13.3665,6.0,-2,20.46817840967543,,0.0,0.0,0.0,0.0,47.49231449829486,optimal
2021-02-08 10:00:00,40,103,2.142857142857143,0.0,0.0,1.2853,13.0515,6.0,-2,20.39591445627479,,7500.0,0.0,0.0,0.0,47.36571026757609,optimal
2021-02-08 10:30:00,40,103,0.0,0.0,0.0,0.8283333333333334,13.5345,6.0,-2,20.481979910373248,,0.0,0.0,0.0,0.0,47.23923264108804,optimal
2021-02-08 11:00:00,40,103,0.0,0.0,0.0,0.2885333333333333,14.154,6.0,-2,20.406756528819542,,0.0,0.0,0.0,0.0,47.11288149222647,optimal
2021-02-08 11:30:00,40,103,0.0,0.0,0.0,0.1646,14.112,6.0,-2,20.322615449235972,,0.0,0.0,0.0,0.0,46.98665669451377,optimal
2021-02-08 12:00:00,40,103,0.0,0.0,0.0,0.8026666666666666,14.2485,6.0,-2,20.234977304721777,,0.0,0.0,0.0,0.0,46.86055812159878,optimal
2021-02-08 12:30:00,40,103,2.142857142857143,0.0,0.0,2.568,12.789,6.0,-2,20.15342074022194,,7500.0,0.0,0.0,0.0,46.7345856472567,optimal
2021-02-08 13:00:00,40,103,2.142857142857143,0.0,0.0,2.1515,13.0095,6.0,-2,20.23590775248181,,7500.0,0.0,0.0,0.0,46.60873914538897,optimal
2021-02-08 13:30:00,40,103,2.142857142857143,0.0,0.0,0.3640666666666666,12.1275,6.0,-2,20.31717438471081,,7500.0,0.0,0.0,0.0,46.4830184900231,optimal
2021-02-08 14:00:00,40,103,2.142857142857143,0.0,0.0,0.069,12.348,6.0,-2,20.398032723064176,,7500.0,0.0,0.0,0.0,46.3574235553126,optimal
2021-02-08 14:30:00,40,103,2.142857142857143,0.0,0.0,0.1788666666666666,12.348,6.0,-2,20.470703687477226,,7500.0,0.0,0.0,0.0,46.23195421553681,optimal
2021-02-08 15:00:00,40,103,0.0,0.0,0.0,0.1102,25.389,6.0,-2,20.544677202493794,,0.0,0.0,0.0,0.0,46.1066103451008,optimal
2021-02-08 15:30:00,40,103,0.0,0.0,0.0,0.0896,29.1375,6.0,-2,20.45831109948271,,0.0,0.0,0.0,0.0,45.98139181853522,optimal
2021-02-08 16:00:00,40,103,0.0,0.0,0.0,0.1994666666666666,30.597,6.0,-2,20.37213000782489,,0.0,0.0,0.0,0.0,45.85629851049621,optimal
2021-02-08 16:30:00,40,103,0.0,0.0,0.0,0.2750333333333333,33.684,6.0,-2,20.288879463141186,,0.0,0.0,0.0,0.0,45.73133029576524,optimal
2021-02-08 17:00:00,40,103,0.0,0.0,0.0,0.2408,32.445,6.0,-2,20.2124670973608,,0.0,0.0,0.0,0.0,45.606487049249,optimal
2021-02-08 17:30:00,40,103,0.0,0.0,0.0,0.3259333333333333,28.917,6.0,-2,20.135863327233224,,0.0,0.0,0.0,0.0,45.48176864597927,optimal
2021-02-08 18:00:00,40,103,0.0,0.0,0.0,0.4018,15.876,6.0,-2,20.06582460891514,,0.0,0.0,0.0,0.0,45.35717496111282,optimal
2021-02-08 18:30:00,40,103,0.9568487415082468,0.0,0.0,0.1395333333333333,12.348,6.0,-2,20.0,,3348.970595278864,0.0,0.0,0.0,45.23270586993123,optimal
2021-02-08 19:00:00,40,103,1.7267695792973294,0.0,0.0,0.2192666666666667,12.1275,6.0,-2,20.0,,6043.693527540653,0.0,0.0,0.0,45.108361247840826,optimal
2021-02-08 19:30:00,40,103,0.0,0.0,0.0,0.0792666666666666,12.348,6.0,-2,20.06237724257029,,0.0,0.0,0.0,0.0,44.98414097037251,optimal
2021-02-08 20:00:00,40,103,0.7719093508678467,0.0,0.0,0.3527,12.1275,6.0,-2,20.0,,2701.682728037463,0.0,0.0,0.0,44.86004491318166,optimal
2021-02-08 20:30:00,40,103,0.1194285714285714,0.0,0.0,0.3147666666666666,12.1275,6.0,-2,20.0,,0.0,0.0,418.0,0.0,44.736072952048005,optimal
2021-02-08 21:00:00,40,103,0.0398095238095238,0.0,0.0,0.2531333333333333,11.2665,6.0,-2,19.93253693212205,,0.0,0.0,139.33333333333331,0.0,44.61222496287548,optimal
2021-02-08 21:30:00,40,103,0.5772380952380952,0.0,0.0,0.3751333333333333,10.143,6.0,-2,19.867305652266488,,0.0,0.0,2020.333333333333,0.0,44.48850082169213,optimal
2021-02-08 22:00:00,40,103,0.0,0.0,0.0,0.2774333333333333,11.2455,6.0,-2,19.805485638959716,,0.0,0.0,0.0,0.0,44.44401232087044,optimal
2021-02-08 22:30:00,40,103,0.0,0.0,0.0,0.069,11.025,6.0,-2,19.740184248136103,,0.0,0.0,0.0,0.0,44.39956830854956,optimal
2021-02-08 23:00:00,40,103,0.0,0.0,0.0,0.2200666666666666,5.9745,6.0,-2,19.660271018782524,,0.0,0.0,0.0,0.0,44.35516874024101,optimal
2021-02-08 23:30:00,40,103,0.0,0.0,0.0,0.066,7.938,6.0,-2,19.58367351120181,,0.0,0.0,0.0,0.0,44.31081357150077,optimal
2021-02-09 00:00:00,40,103,2.142857142857143,0.0,0.0,0.064,12.1275,6.0,5,19.58367351120181,,7500.0,0.0,0.0,0.0,44.26650275792928,optimal
2021-02-09 00:30:00,40,103,2.142857142857143,0.0,0.0,0.1881333333333333,12.2955,6.0,5,19.661766814483855,,0.0,0.0,7500.0,0.0,44.22223625517135,optimal
2021-02-09 01:00:00,40,103,2.142857142857143,0.0,0.0,0.0836,11.6865,6.0,5,19.584467666078847,,3574.6666666666665,0.0,3925.3333333333335,0.0,44.17801401891617,optimal
2021-02-09 01:30:00,40,103,2.142857142857143,0.0,0.0,0.064,11.466,6.0,5,19.580793755350687,,7500.0,0.0,0.0,0.0,44.133836004897255,optimal
2021-02-09 02:00:00,40,103,2.142857142857143,0.0,0.0,0.064,10.8045,6.0,5,19.658900123171577,,7500.0,0.0,0.0,0.0,44.08970216889236,optimal
2021-02-09 02:30:00,40,103,2.142857142857143,0.0,5.0,0.2077333333333333,10.584,6.0,5,19.736198478896878,,7500.0,0.0,0.0,0.0,46.42061246672347,optimal
2021-02-09 03:00:00,40,103,2.142857142857143,0.0,0.0,0.064,11.2455,6.0,5,19.816398635923736,,7500.0,0.0,0.0,0.0,46.37419185425674,optimal
2021-02-09 03:30:00,40,103,2.142857142857143,0.0,0.0,0.1685333333333333,12.1275,6.0,5,19.89343613913516,,7500.0,0.0,0.0,0.0,46.32781766240249,optimal
2021-02-09 04:00:00,40,103,2.142857142857143,0.0,0.0,0.1032,11.823,6.0,5,19.972778285207177,,7500.0,0.0,0.0,0.0,46.281489844740086,optimal
2021-02-09 04:30:00,40,103,2.142857142857143,0.0,0.0,0.1097333333333333,11.7705,6.0,5,20.050838856099592,,7500.0,0.0,0.0,0.0,46.23520835489535,optimal
2021-02-09 05:00:00,40,103,2.142857142857143,0.0,0.0,0.162,11.13,6.0,5,20.128229151993573,,7500.0,0.0,0.0,0.0,46.188973146540455,optimal
2021-02-09 05:30:00,40,103,2.142857142857143,0.0,0.0,0.0998,11.6865,6.0,5,20.20591491903133,,7500.0,0.0,0.0,0.0,46.14278417339391,optimal
2021-02-09 06:00:00,40,103,2.142857142857143,0.0,0.0,0.2056,10.7205,6.0,5,20.28684716844105,,7500.0,0.0,0.0,0.0,46.09664138922052,optimal
2021-02-09 06:30:00,40,103,2.142857142857143,0.0,0.0,0.1112,11.424,6.0,5,20.369252761229657,,7500.0,0.0,0.0,0.0,46.0505447478313,optimal
2021-02-09 07:00:00,40,103,2.142857142857143,0.0,4.201064835613738,0.0743333333333333,10.689,6.0,5,20.452095456947745,,7500.0,0.0,0.0,0.0,48.0,optimal
2021-02-09 07:30:00,40,103,2.142857142857143,0.0,0.0,1.6492,11.361,6.0,5,20.535728322809685,,7500.0,0.0,0.0,0.0,47.84045793592867,optimal
2021-02-09 08:00:00,40,103,2.142857142857143,0.0,0.0,1.7980666666666667,11.571,6.0,5,20.627455442223347,,7500.0,0.0,0.0,0.0,47.68107541392141,optimal
2021-02-09 08:30:00,40,103,0.0,0.0,0.0,0.2593333333333333,14.3745,6.0,5,20.721460494180768,,0.0,0.0,0.0,0.0,47.52185227443616,optimal
2021-02-09 09:00:00,40,103,2.142857142857143,0.0,0.0,0.074,13.23,6.0,5,20.6422047146202,,7500.0,0.0,0.0,0.0,47.3627883580904,optimal
2021-02-09 09:30:00,40,103,0.0,0.0,0.0,0.1916,13.9755,6.0,5,20.70842286169037,,0.0,0.0,0.0,0.0,47.203883505660976,optimal
2021-02-09 10:00:00,40,103,0.0,0.0,0.0,0.1001333333333333,14.994,6.0,5,20.62029907225957,,0.0,0.0,0.0,0.0,47.04513755808399,optimal
2021-02-09 10:30:00,40,103,2.142857142857143,0.0,0.0,0.1524,13.671,6.0,5,20.53201066858969,,7500.0,0.0,0.0,0.0,46.88655035645457,optimal
2021-02-09 11:00:00,40,103,0.0,0.0,0.0,0.1393333333333333,15.981,6.0,5,20.60423526532125,,0.0,0.0,0.0,0.0,46.72812174202679,optimal
2021-02-09 11:30:00,40,103,0.0,0.0,0.0,0.074,15.6345,6.0,5,20.519113257183257,,0.0,0.0,0.0,0.0,46.56985155621343,optimal
2021-02-09 12:00:00,40,103,0.0,0.0,0.0,0.0870666666666666,16.5375,6.0,5,20.43322896142536,,0.0,0.0,0.0,0.0,46.411739640585886,optimal
2021-02-09 12:30:00,40,103,0.0,0.0,0.0,0.2046666666666666,14.7735,6.0,5,20.348236189498973,,0.0,0.0,0.0,0.0,46.25378583687397,optimal
2021-02-09 13:00:00,40,103,0.0,0.0,0.0,0.074,15.2145,6.0,5,20.26587769663752,,0.0,0.0,0.0,0.0,46.09598998696577,optimal
2021-02-09 13:30:00,40,103,0.0,0.0,0.0,0.074,14.553,6.0,5,20.180915417668626,,0.0,0.0,0.0,0.0,45.93835193290747,optimal
2021-02-09 14:00:00,40,103,1.9965817242117652,0.0,0.0,0.2177333333333332,14.3325,6.0,5,20.096111751469405,,6988.036034741179,0.0,0.0,0.0,45.78087151690323,optimal
2021-02-09 14:30:00,40,103,0.0,0.0,0.0,0.074,14.595,6.0,5,20.16159263170656,,0.0,0.0,0.0,0.0,45.623548581315,optimal
2021-02-09 15:00:00,40,103,0.0,0.0,0.0,0.2313333333333332,14.994,6.0,5,20.076422958219823,,0.0,0.0,0.0,0.0,45.46638296866235,optimal
2021-02-09 15:30:00,40,103,0.8677153400059356,0.0,0.0,0.4706,14.3325,6.0,5,20.0,,3037.0036900207747,0.0,0.0,0.0,45.30937452162236,optimal
2021-02-09 16:00:00,40,103,0.942601080600736,0.0,0.0,0.3697,13.8915,6.0,5,20.0,,3299.103782102576,0.0,0.0,0.0,45.15252308302941,optimal
2021-02-09 16:30:00,40,103,1.600753147828961,0.0,0.0,0.3454666666666666,13.8915,6.0,5,20.0,,5602.636017401364,0.0,0.0,0.0,44.995828495875045,optimal
2021-02-09 17:00:00,40,103,2.142857142857143,0.0,0.0,0.074,13.4715,6.0,5,20.041405044534883,,7500.0,0.0,0.0,0.0,44.83929060330784,optimal
2021-02-09 17:30:00,40,103,2.142857142857143,0.0,0.0,0.074,13.23,6.0,5,20.11352450656879,,7500.0,0.0,0.0,0.0,44.6829092486332,optimal
2021-02-09 18:00:00,40,103,2.142857142857143,0.0,0.0,0.6796333333333333,13.8915,6.0,5,20.18486311719962,,7500.0,0.0,0.0,0.0,44.52668427531324,optimal
2021-02-09 18:30:00,40,103,0.0,0.0,0.0,0.4411666666666667,26.9325,6.0,5,20.271210119128845,,0.0,0.0,0.0,0.0,44.3706155269666,optimal
2021-02-09 19:00:00,40,103,0.0,0.0,0.0,0.3777333333333333,30.303,6.0,5,20.20431113460052,,0.0,0.0,0.0,0.0,44.2147028473683,optimal
2021-02-09 19:30:00,40,103,0.0,0.0,0.0,0.4649333333333332,32.886,6.0,5,20.13570173794143,,0.0,0.0,0.0,0.0,44.0589460804496,optimal
2021-02-09 20:00:00,40,103,0.0,0.0,0.0,0.4304666666666666,34.9965,6.0,5,20.06658824788965,,0.0,0.0,0.0,0.0,43.903345070297824,optimal
2021-02-09 20:30:00,40,103,0.0,0.0,0.0,0.5288666666666667,33.327,6.0,5,20.0,,0.0,0.0,0.0,0.0,43.7478996611562,optimal
2021-02-09 21:00:00,40,103,0.0,0.0,0.0,1.5719666666666667,31.122,6.0,5,19.937053457076463,,0.0,0.0,0.0,0.0,43.59260969742371,optimal
2021-02-09 21:30:00,40,103,0.0,0.0,0.0,0.5923333333333334,17.9025,6.0,5,19.887156505771088,,0.0,0.0,0.0,0.0,43.43747502365496,optimal
2021-02-09 22:00:00,40,103,0.0,0.0,0.0,0.3184666666666666,15.6555,6.0,5,19.830633107364672,,0.0,0.0,0.0,0.0,43.28249548455997,optimal
2021-02-09 22:30:00,40,103,0.0,0.0,0.0,0.3337,14.553,6.0,5,19.76387665549265,,0.0,0.0,0.0,0.0,43.23921298907541,optimal
2021-02-09 23:00:00,40,103,0.0,0.0,0.0,0.1197333333333333,14.3325,6.0,5,19.69924761656045,,0.0,0.0,0.0,0.0,43.19597377608633,optimal
2021-02-09 23:30:00,40,103,0.0,0.0,0.0,0.0716666666666666,13.335,6.0,5,19.62035491181308,,0.0,0.0,0.0,0.0,43.15277780231025,optimal
2021-02-10 00:00:00,40,103,2.142857142857143,0.0,0.0,0.069,11.844,6.0,-4,19.62035491181308,,7500.0,0.0,0.0,0.0,43.109625024507935,optimal
2021-02-10 00:30:00,40,103,2.142857142857143,0.0,0.0,0.0716666666666666,11.508,6.0,-4,19.69735131120713,,0.0,0.0,7500.0,0.0,43.06651539948343,optimal
2021-02-10 01:00:00,40,103,2.142857142857143,0.0,0.0,0.063,11.508,6.0,-4,19.61566667550961,,0.0,0.0,7500.0,0.0,43.02344888408395,optimal
2021-02-10 01:30:00,40,103,2.142857142857143,0.0,5.0,0.2001333333333333,10.4475,6.0,-4,19.533898948813864,,7243.0,0.0,257.0,0.0,45.35542543519986,optimal
2021-02-10 02:00:00,40,103,2.142857142857143,0.0,1.3682119051793955,0.063,10.8675,6.0,-4,19.60740332443197,,7500.0,0.0,0.0,0.0,45.95997066472487,optimal
2021-02-10 02:30:00,40,103,2.142857142857143,0.0,5.0,0.063,10.542,6.0,-4,19.682643807949447,,7500.0,0.0,0.0,0.0,48.28901069406015,optimal
2021-02-10 03:00:00,40,103,2.142857142857143,0.0,0.0,0.1939,11.025,6.0,-4,19.75754294925943,,7500.0,0.0,0.0,0.0,48.24072168336608,optimal
2021-02-10 03:30:00,40,103,2.142857142857143,0.0,0.0,0.0692333333333333,11.025,6.0,-4,19.8348577953055,,7500.0,0.0,0.0,0.0,48.19248096168271,optimal
2021-02-10 04:00:00,40,103,2.142857142857143,0.0,0.0,0.1502666666666667,14.553,6.0,-4,19.90919760424569,,7500.0,0.0,0.0,0.0,48.144288480721016,optimal
2021-02-10 04:30:00,40,103,2.142857142857143,0.0,0.0,0.1128666666666666,13.0935,6.0,-4,19.984905941766087,,7500.0,0.0,0.0,0.0,48.096144192240295,optimal
2021-02-10 05:00:00,40,103,2.142857142857143,0.0,0.0,0.0938333333333333,15.6345,6.0,-4,20.059029861041637,,7500.0,0.0,0.0,0.0,48.048048048048045,optimal
2021-02-10 05:30:00,40,103,0.0,0.0,0.0,0.1689666666666666,18.102,6.0,-4,20.132489436094,,0.0,0.0,0.0,0.0,48.0,optimal
2021-02-10 06:00:00,40,103,2.142857142857143,0.0,0.0,1.371733333333333,17.199,6.0,-4,20.0517635482868,,7500.0,0.0,0.0,0.0,47.72339082539214,optimal
2021-02-10 06:30:00,40,103,0.0,0.0,0.0,1.8352333333333328,18.2805,6.0,-4,20.145475081348707,,0.0,0.0,0.0,0.0,47.44705825995889,optimal
2021-02-10 07:00:00,40,103,0.8060786495931418,0.0,0.0,0.5459666666666667,17.4615,6.0,-4,20.080162854695903,,2821.2752735759964,0.0,0.0,0.0,47.17100202709106,optimal
2021-02-10 07:30:00,40,103,0.0,0.0,0.0,0.308,18.3225,6.0,-4,20.072110840617707,,0.0,0.0,0.0,0.0,46.89522185045611,optimal
2021-02-10 08:00:00,40,103,2.142857142857143,0.0,0.0,0.2805333333333333,17.094,6.0,-4,20.0,,7500.0,0.0,0.0,0.0,46.619717453997794,optimal
2021-02-10 08:30:00,40,103,2.142857142857143,0.0,0.0,0.164,17.094,6.0,-4,20.083384281424173,,7500.0,0.0,0.0,0.0,46.34448856193593,optimal
2021-02-10 09:00:00,40,103,2.142857142857143,0.0,0.0,0.3186666666666667,17.094,6.0,-4,20.16544166708458,,7500.0,0.0,0.0,0.0,46.069534898766136,optimal
2021-02-10 09:30:00,40,103,2.142857142857143,0.0,0.0,0.2246333333333333,17.3565,6.0,-4,20.247638374530123,,7500.0,0.0,0.0,0.0,45.79485618925951,optimal
2021-02-10 10:00:00,40,103,2.142857142857143,0.0,0.0,0.2728666666666667,17.115,6.0,-4,20.326923566388466,,7500.0,0.0,0.0,0.0,45.52045215846239,optimal
2021-02-10 10:30:00,40,103,2.142857142857143,0.0,0.0,0.2807333333333333,17.241,6.0,-4,20.40736756852792,,7500.0,0.0,0.0,0.0,45.24632253169607,optimal
2021-02-10 11:00:00,40,103,2.142857142857143,0.0,0.0,0.1574333333333333,17.094,6.0,-4,20.488786703611257,,7500.0,0.0,0.0,0.0,44.97246703455651,optimal
2021-02-10 11:30:00,40,103,2.142857142857143,0.0,0.0,0.1665,16.5165,6.0,-4,20.565304187040542,,7500.0,0.0,0.0,0.0,44.69888539291409,optimal
2021-02-10 12:00:00,40,103,0.4795521388778215,0.0,0.0,0.1166333333333333,17.8185,6.0,-4,20.636084609990977,,1678.4324860723752,0.0,0.0,0.0,44.42557733291332,optimal
2021-02-10 12:30:00,40,103,2.142857142857143,0.0,0.0,0.0979333333333333,17.094,6.0,-4,20.58340151073618,,7500.0,0.0,0.0,0.0,44.15254258097254,optimal
2021-02-10 13:00:00,40,103,2.142857142857143,0.0,0.0,0.2112,16.8945,6.0,-4,20.65311014562388,,7500.0,0.0,0.0,0.0,43.87978086378371,optimal
2021-02-10 13:30:00,40,103,0.0,0.0,0.0,0.1465,18.123,6.0,-4,20.72694978374152,,0.0,0.0,0.0,0.0,43.607291908312064,optimal
2021-02-10 14:00:00,40,103,0.0,0.0,0.0,0.3228333333333333,31.647,6.0,-4,20.64315322142978,,0.0,0.0,0.0,0.0,43.33507544179589,optimal
2021-02-10 14:30:00,40,103,0.0,0.0,0.0,0.0917,34.9965,6.0,-4,20.566042881792285,,0.0,0.0,0.0,0.0,43.06313119174624,optimal
2021-02-10 15:00:00,40,103,0.0,0.0,0.0,0.073,34.9965,6.0,-4,20.47963566708758,,0.0,0.0,0.0,0.0,42.79145888594663,optimal
2021-02-10 15:30:00,40,103,0.0,0.0,0.0,0.073,34.9965,6.0,-4,20.393226810617502,,0.0,0.0,0.0,0.0,42.52005825245283,optimal
2021-02-10 16:00:00,40,103,0.0,0.0,0.0,0.2101333333333333,34.9965,6.0,-4,20.30630262716026,,0.0,0.0,0.0,0.0,42.24892901959252,optimal
2021-02-10 16:30:00,40,103,0.0,0.0,0.0,0.2011,34.9965,6.0,-4,20.22175216528564,,0.0,0.0,0.0,0.0,41.97807091596506,optimal
2021-02-10 17:00:00,40,103,0.0,0.0,0.0,0.3078333333333333,27.741,6.0,-4,20.14102766141074,,0.0,0.0,0.0,0.0,41.70748367044124,optimal
2021-02-10 17:30:00,40,103,0.0,0.0,0.0,0.4631666666666666,19.026,6.0,-4,20.069359623043027,,0.0,0.0,0.0,0.0,41.43716701216293,optimal
2021-02-10 18:00:00,40,103,0.7684227681420626,0.0,0.0,1.0495333333333332,18.7215,6.0,-4,20.0,,2689.479688497219,0.0,0.0,0.0,41.16712067054291,optimal
2021-02-10 18:30:00,40,103,0.8553006954983668,0.0,0.0,0.9833333333333334,17.4195,6.0,-4,20.0,,2993.552434244284,0.0,0.0,0.0,40.8973443752645,optimal
2021-02-10 19:00:00,40,103,1.2338643371403455,0.0,0.0,0.0792333333333333,16.758,6.0,-4,20.0,,4318.52517999121,0.0,0.0,0.0,40.627837856281374,optimal
2021-02-10 19:30:00,40,103,1.251039232214178,0.0,0.0,0.073,14.217,6.0,-4,20.0,,4378.637312749623,0.0,0.0,0.0,40.35860084381723,optimal
2021-02-10 20:00:00,40,103,1.2308141272880568,0.0,0.0,0.1976666666666666,13.3665,6.0,-4,20.0,,4307.849445508199,0.0,0.0,0.0,40.08963306836555,optimal
2021-02-10 20:30:00,40,103,0.0,0.0,0.0,0.0854666666666666,12.789,6.0,-4,20.0,,0.0,0.0,0.0,0.0,39.82093426068933,optimal
2021-02-10 21:00:00,40,103,0.0,0.0,0.0,0.324,11.907,6.0,-4,19.90672932249421,,0.0,0.0,0.0,0.0,39.55250415182078,optimal
2021-02-10 21:30:00,40,103,0.0,0.0,0.0,0.3674666666666666,11.7075,6.0,-4,19.820795248655795,,0.0,0.0,0.0,0.0,39.284342473061095,optimal
2021-02-10 22:00:00,40,103,0.0199047619047619,0.0,0.0,0.3959,10.8045,6.0,-4,19.732359468478798,,0.0,0.0,69.66666666666666,0.0,39.016448955980174,optimal
2021-02-10 22:30:00,40,103,0.0,0.0,0.0,0.5241333333333333,11.508,6.0,-4,19.63828910216486,,0.0,0.0,0.0,0.0,38.74882333241633,optimal
2021-02-10 23:00:00,40,103,0.0,0.0,0.0,0.5019666666666666,11.508,6.0,-4,19.54908056878977,,0.0,0.0,0.0,0.0,38.48146533447605,optimal
2021-02-10 23:30:00,40,103,0.0,0.0,0.0,0.5349666666666667,11.508,6.0,-4,19.46013545310188,,0.0,0.0,0.0,0.0,38.44298386914157,optimal
2021-02-11 00:00:00,40,103,2.142857142857143,0.0,5.0,0.054,10.6365,6.0,3,19.46013545310188,,7500.0,0.0,0.0,0.0,40.77954088527243,optimal
2021-02-11 00:30:00,40,103,2.142857142857143,0.0,0.0,0.0742666666666666,11.2455,6.0,3,19.51909412469471,,2553.666666666667,0.0,4946.333333333333,0.0,40.73876134438716,optimal
2021-02-11 01:00:00,40,103,2.142857142857143,0.0,0.0,0.2404,11.2455,6.0,3,19.47454327554652,,7500.0,0.0,0.0,0.0,40.69802258304277,optimal
2021-02-11 01:30:00,40,103,2.142857142857143,0.0,0.0,0.0708,11.025,6.0,3,19.53826771599489,,7500.0,0.0,0.0,0.0,40.65732456045973,optimal
2021-02-11 02:00:00,40,103,2.142857142857143,0.0,0.0,0.0742666666666666,12.0855,6.0,3,19.598132909705825,,7500.0,0.0,0.0,0.0,40.61666723589927,optimal
2021-02-11 02:30:00,40,103,2.142857142857143,0.0,0.0,0.2572,11.6865,6.0,3,19.657799488769157,,7500.0,0.0,0.0,0.0,40.57605056866337,optimal
2021-02-11 03:00:00,40,103,2.142857142857143,0.0,0.0,0.054,11.2245,6.0,3,19.720592532478,,7500.0,0.0,0.0,0.0,40.53547451809471,optimal
2021-02-11 03:30:00,40,103,2.142857142857143,0.0,0.0,0.1478666666666666,11.025,6.0,3,19.7783695929185,,7500.0,0.0,0.0,0.0,40.494939043576615,optimal
2021-02-11 04:00:00,40,103,2.142857142857143,0.0,5.0,0.1835999999999999,10.7835,6.0,3,19.83899463947585,,7500.0,0.0,0.0,0.0,42.82944410453304,optimal
2021-02-11 04:30:00,40,103,2.142857142857143,0.0,0.0,0.054,11.025,6.0,3,19.901231021366428,,7500.0,0.0,0.0,0.0,42.786614660428505,optimal
2021-02-11 05:00:00,40,103,2.142857142857143,0.0,5.0,0.2054666666666666,10.584,6.0,3,19.9604569236816,,7500.0,0.0,0.0,0.0,45.11882804576808,optimal
2021-02-11 05:30:00,40,103,2.142857142857143,0.0,1.5608302454379437,0.126,11.025,6.0,3,20.02260257196725,,7500.0,0.0,0.0,0.0,45.81510358430533,optimal
2021-02-11 06:00:00,40,103,2.142857142857143,0.0,5.0,0.138,10.4265,6.0,3,20.083927650118778,,7500.0,0.0,0.0,0.0,48.144288480721016,optimal
2021-02-11 06:30:00,40,103,2.142857142857143,0.0,0.0,0.1934666666666666,12.789,6.0,3,20.146361291436897,,7500.0,0.0,0.0,0.0,48.096144192240295,optimal
2021-02-11 07:00:00,40,103,2.142857142857143,0.0,0.0,0.054,12.684,6.0,3,20.210813457781605,,7500.0,0.0,0.0,0.0,48.048048048048045,optimal
2021-02-11 07:30:00,40,103,2.142857142857143,0.0,0.0,1.8796666666666668,16.254,6.0,3,20.27317156558281,,7500.0,0.0,0.0,0.0,48.0,optimal
2021-02-11 08:00:00,40,103,2.142857142857143,0.0,0.0,3.602133333333333,17.64,6.0,3,20.351913977068072,,7500.0,0.0,0.0,0.0,47.8758356554441,optimal
2021-02-11 08:30:00,40,103,0.0,0.0,0.0,0.18,19.1625,6.0,3,20.4328319954202,,0.0,0.0,0.0,0.0,47.751795475232754,optimal
2021-02-11 09:00:00,40,103,0.0,0.0,0.0,0.1198666666666666,26.46,6.0,3,20.3373417090416,,0.0,0.0,0.0,0.0,47.62787933520162,optimal
2021-02-11 09:30:00,40,103,0.0,0.0,0.0,0.0996,20.79,6.0,3,20.234653987815964,,0.0,0.0,0.0,0.0,47.50408711131052,optimal
2021-02-11 10:00:00,40,103,0.0,0.0,0.0,0.0708,29.106,6.0,3,20.13949103323199,,0.0,0.0,0.0,0.0,47.380418679643306,optimal
2021-02-11 10:30:00,40,103,2.142857142857143,0.0,0.0,0.2606666666666667,19.1835,6.0,3,20.05163907998124,,7500.0,0.0,0.0,0.0,47.25687391640776,optimal
2021-02-11 11:00:00,40,103,0.0,0.0,0.0,0.0606666666666666,19.6665,6.0,3,20.123338502828773,,0.0,0.0,0.0,0.0,47.133452697935454,optimal
2021-02-11 11:30:00,40,103,0.7912638057193615,0.0,0.0,0.1399333333333333,19.404,6.0,3,20.02976216410583,,2769.423320017765,0.0,0.0,0.0,47.01015490068162,optimal
2021-02-11 12:00:00,40,103,1.1004101868817024,0.0,0.0,1.1272,19.047,6.0,3,20.0,,3851.4356540859594,0.0,0.0,0.0,46.88698040122504,optimal
2021-02-11 12:30:00,40,103,2.142857142857143,0.0,0.0,0.054,18.858,6.0,3,20.00372474741225,,7500.0,0.0,0.0,0.0,46.76392907626792,optimal
2021-02-11 13:00:00,40,103,0.0,0.0,0.0,0.1654666666666666,19.2675,6.0,3,20.07832298636008,,0.0,0.0,0.0,0.0,46.64100080263575,optimal
2021-02-11 13:30:00,40,103,0.9577057779456192,0.0,0.0,1.2275999999999998,18.963,6.0,3,20.0,,3351.970222809667,0.0,0.0,0.0,46.51819545727721,optimal
2021-02-11 14:00:00,40,103,2.142857142857143,0.0,0.0,0.1164,18.438,6.0,3,20.0,,7500.0,0.0,0.0,0.0,46.39551291726404,optimal
2021-02-11 14:30:00,40,103,1.9439982420045767,0.0,0.0,0.1436,18.7425,6.0,3,20.086057883668417,,6803.993847016019,0.0,0.0,0.0,46.27295305979087,optimal
2021-02-11 15:00:00,40,103,2.142857142857143,0.0,0.0,3.089,15.2145,6.0,3,20.155425953175307,,7500.0,0.0,0.0,0.0,46.15051576217518,optimal
2021-02-11 15:30:00,40,103,2.142857142857143,0.0,0.0,0.2817333333333333,17.7765,6.0,3,20.2471826587668,,7500.0,0.0,0.0,0.0,46.02820090185711,optimal
2021-02-11 16:00:00,40,103,2.142857142857143,0.0,0.0,0.4546666666666666,16.758,6.0,3,20.325380850537258,,7500.0,0.0,0.0,0.0,45.90600835639935,optimal
2021-02-11 16:30:00,40,103,2.142857142857143,0.0,0.0,0.2524333333333333,16.422,6.0,3,20.40323320941996,,7500.0,0.0,0.0,0.0,45.78393800348705,optimal
2021-02-11 17:00:00,40,103,2.142857142857143,0.0,0.0,1.9333333333333331,16.758,6.0,3,20.478498149474348,,7500.0,0.0,0.0,0.0,45.661989720927664,optimal
2021-02-11 17:30:00,40,103,0.0,0.0,0.0,0.5707333333333333,29.358,6.0,3,20.554343845206443,,0.0,0.0,0.0,0.0,45.54016338665084,optimal
2021-02-11 18:00:00,40,103,0.0,0.0,0.0,1.6686666666666667,34.9965,6.0,3,20.465842108129188,,0.0,0.0,0.0,0.0,45.418458878708286,optimal
2021-02-11 18:30:00,40,103,0.0,0.0,0.0,0.5614666666666667,34.65,6.0,3,20.375837896609365,,0.0,0.0,0.0,0.0,45.29687607527368,optimal
2021-02-11 19:00:00,40,103,0.0,0.0,0.0,0.5973999999999999,34.9965,6.0,3,20.28557776877149,,0.0,0.0,0.0,0.0,45.1754148546425,optimal
2021-02-11 19:30:00,40,103,0.0,0.0,0.0,1.9842,34.9965,6.0,3,20.19493377645881,,0.0,0.0,0.0,0.0,45.054075095231966,optimal
2021-02-11 20:00:00,40,103,0.0,0.0,0.0,0.2672,30.4815,6.0,3,20.10233749213608,,0.0,0.0,0.0,0.0,44.93285667558084,optimal
2021-02-11 20:30:00,40,103,0.0,0.0,0.0,1.4306666666666668,21.4305,6.0,3,20.0,,0.0,0.0,0.0,0.0,44.81175947434936,optimal
2021-02-11 21:00:00,40,103,0.0796190476190476,0.0,0.0,2.551533333333333,14.3325,6.0,3,19.902692295209874,,0.0,0.0,278.66666666666663,0.0,44.69078337031911,optimal
2021-02-11 21:30:00,40,103,0.0,0.0,0.0,0.9516,13.692,6.0,3,19.80767114484672,,0.0,0.0,0.0,0.0,44.56992824239289,optimal
2021-02-11 22:00:00,40,103,0.0,0.0,0.0,0.2324,14.007,6.0,3,19.717393538733184,,0.0,0.0,0.0,0.0,44.525358314150495,optimal
2021-02-11 22:30:00,40,103,0.4578095238095238,0.0,0.0,2.0841333333333334,12.873,6.0,3,19.62891826535048,,0.0,0.0,1602.3333333333333,0.0,44.48083295583634,optimal
2021-02-11 23:00:00,40,103,0.2440323809523809,0.0,0.0,0.7113333333333334,12.684,6.0,3,19.545017778456494,,0.0,0.0,854.1133333333333,0.0,44.43635212288051,optimal
2021-02-11 23:30:00,40,103,0.5720628571428571,0.0,0.0,2.095466666666667,12.306,6.0,3,19.45091779454268,,0.0,0.0,2002.22,0.0,44.39191577075763,optimal
2021-02-12 00:00:00,40,103,2.142857142857143,0.0,0.0,0.058,12.1275,6.0,7,19.45091779454268,,7500.0,0.0,0.0,0.0,44.34752385498687,optimal
2021-02-12 00:30:00,40,103,0.1980776513345956,0.0,0.0,0.058,13.671,6.0,7,19.495459839908094,,0.0,0.0,693.2717796710848,0.0,44.30317633113188,optimal
2021-02-12 01:00:00,40,103,2.142857142857143,0.0,0.0,0.058,10.668,6.0,7,19.38192175357174,,0.0,0.0,7500.0,0.0,44.258873154800746,optimal
2021-02-12 01:30:00,40,103,2.142857142857143,0.0,0.0,0.058,11.7285,6.0,7,19.268898753518894,,5065.23159951146,0.0,2434.7684004885405,0.0,44.21461428164594,optimal
2021-02-12 02:00:00,40,103,2.142857142857143,0.0,0.0,0.058,11.025,6.0,7,19.26346736206543,,7500.0,0.0,0.0,0.0,44.1703996673643,optimal
2021-02-12 02:30:00,40,103,2.142857142857143,0.0,0.0,0.058,10.689,6.0,7,19.309767147144004,,7500.0,0.0,0.0,0.0,44.126229267696935,optimal
2021-02-12 03:00:00,40,103,2.142857142857143,0.0,5.0,0.058,8.1585,6.0,7,19.357217889624152,,7500.0,0.0,0.0,0.0,46.45710303842924,optimal
2021-02-12 03:30:00,40,103,2.142857142857143,0.0,0.0,0.058,10.3635,6.0,7,19.40581436797723,,7500.0,0.0,0.0,0.0,46.41064593539081,optimal
2021-02-12 04:00:00,40,103,2.142857142857143,0.0,0.0,0.058,10.8045,6.0,7,19.45736605748329,,7500.0,0.0,0.0,0.0,46.36423528945542,optimal
2021-02-12 04:30:00,40,103,2.142857142857143,0.0,0.0,0.058,11.025,6.0,7,19.51185955128674,,7500.0,0.0,0.0,0.0,46.31787105416597,optimal
2021-02-12 05:00:00,40,103,2.142857142857143,0.0,0.0,0.058,10.3635,6.0,7,19.56928150335461,,7500.0,0.0,0.0,0.0,46.271553183111806,optimal
2021-02-12 05:30:00,40,103,2.142857142857143,0.0,0.0,0.058,10.8045,6.0,7,19.62961862820065,,7500.0,0.0,0.0,0.0,46.225281629928695,optimal
2021-02-12 06:00:00,40,103,2.142857142857143,0.0,3.9347193678932366,1.8921,10.059,6.0,7,19.693311368890743,,7500.0,0.0,0.0,0.0,48.048048048048045,optimal
2021-02-12 06:30:00,40,103,2.142857142857143,0.0,0.0,0.064,10.584,6.0,7,19.78808178241436,,7500.0,0.0,0.0,0.0,48.0,optimal
2021-02-12 07:00:00,40,103,2.142857142857143,0.0,0.0,0.067,9.4185,6.0,7,19.860073557829622,,7500.0,0.0,0.0,0.0,47.72179053948496,optimal
2021-02-12 07:30:00,40,103,2.142857142857143,0.0,0.0,0.067,10.3635,6.0,7,19.933425249893013,,7500.0,0.0,0.0,0.0,47.443859288430446,optimal
2021-02-12 08:00:00,40,103,2.142857142857143,0.0,0.0,0.9517,9.8385,6.0,7,20.0,,6911.706846826292,0.0,588.2931531737077,0.0,47.16620596862698,optimal
2021-02-12 08:30:00,40,103,2.142857142857143,0.0,0.0,1.052533333333333,11.067,6.0,7,20.05998671557292,,7500.0,0.0,0.0,0.0,46.88883030214332,optimal
2021-02-12 09:00:00,40,103,2.142857142857143,0.0,0.0,0.101,10.8465,6.0,7,20.13250702775581,,7500.0,0.0,0.0,0.0,46.61173201132614,optimal
2021-02-12 09:30:00,40,103,2.142857142857143,0.0,0.0,0.0928666666666666,13.671,6.0,7,20.192991723007097,,7500.0,0.0,0.0,0.0,46.33491081879978,optimal
2021-02-12 10:00:00,40,103,2.142857142857143,0.0,0.0,1.77,12.348,6.0,7,20.264325757687384,,7500.0,0.0,0.0,0.0,46.05836644746594,optimal
2021-02-12 10:30:00,40,103,0.0,0.0,0.0,2.183,14.3325,6.0,7,20.34564175475061,,0.0,0.0,0.0,0.0,45.78209862050344,optimal
2021-02-12 11:00:00,40,103,0.0,0.0,0.0,0.491,15.393,6.0,7,20.2663715143371,,0.0,0.0,0.0,0.0,45.5061070613679,optimal
2021-02-12 11:30:00,40,103,2.142857142857143,0.0,0.0,0.068,13.587,6.0,7,20.18215211478941,,7500.0,0.0,0.0,0.0,45.23039149379149,optimal
2021-02-12 12:00:00,40,103,0.0,0.0,0.0,0.068,16.1385,6.0,7,20.254638820153165,,0.0,0.0,0.0,0.0,44.95495164178267,optimal
2021-02-12 12:30:00,40,103,0.0,0.0,0.0,0.068,14.595,6.0,7,20.169145452571,,0.0,0.0,0.0,0.0,44.67978722962585,optimal
2021-02-12 13:00:00,40,103,0.0,0.0,0.0,0.068,14.637,6.0,7,20.08426677541916,,0.0,0.0,0.0,0.0,44.40489798188119,optimal
2021-02-12 13:30:00,40,103,1.144710121289684,0.0,0.0,0.068,13.9125,6.0,7,20.0,,4006.4854245138936,0.0,0.0,0.0,44.13028362338427,optimal
2021-02-12 14:00:00,40,103,1.150867705516073,0.0,0.0,0.068,13.3665,6.0,7,20.0,,4028.036969306255,0.0,0.0,0.0,43.85594387924586,optimal
2021-02-12 14:30:00,40,103,2.142857142857143,0.0,0.0,0.068,13.0095,6.0,7,20.0,,7500.0,0.0,0.0,0.0,43.58187847485158,optimal
2021-02-12 15:00:00,40,103,0.0,0.0,0.0,1.2050666666666665,13.8915,6.0,7,20.072632569415266,,0.0,0.0,0.0,0.0,43.30808713586169,optimal
2021-02-12 15:30:00,40,103,0.8548955873812893,0.0,0.0,2.2806666666666664,13.188,6.0,7,20.0020970003774,,2992.134555834513,0.0,0.0,0.0,43.03456958821079,optimal
2021-02-12 16:00:00,40,103,1.0377794396033329,0.0,0.0,1.3417333333333332,12.5685,6.0,7,20.0,,3632.228038611665,0.0,0.0,0.0,42.76132555810755,optimal
2021-02-12 16:30:00,40,103,1.2001283613109943,0.0,0.0,0.068,12.285,6.0,7,20.0,,4200.44926458848,0.0,0.0,0.0,42.488354772034405,optimal
2021-02-12 17:00:00,40,103,2.142857142857143,0.0,0.0,0.3722666666666666,11.487,6.0,7,20.0,,3581.7372473120563,0.0,3918.262752687944,0.0,42.21565695674734,optimal
2021-02-12 17:30:00,40,103,1.046072981071108,0.0,0.0,0.0907333333333333,11.802,6.0,7,20.0,,3661.2554337488777,0.0,0.0,0.0,41.94323183927556,optimal
2021-02-12 18:00:00,40,103,2.142857142857143,0.0,0.0,0.1770666666666666,11.2245,6.0,7,20.0,,4381.929419354611,0.0,3118.070580645389,0.0,41.67107914692125,optimal
2021-02-12 18:30:00,40,103,2.142857142857143,0.0,0.0,0.3869333333333333,11.025,6.0,7,20.019116347403976,,7500.0,0.0,0.0,0.0,41.39919860725929,optimal
2021-02-12 19:00:00,40,103,1.278529313060352,0.0,0.0,1.9931666666666668,11.907,6.0,7,20.101892670611583,,4474.852595711232,0.0,0.0,0.0,41.12758994813699,optimal
2021-02-12 19:30:00,40,103,0.0,0.0,0.0,0.2766666666666666,25.83,6.0,7,20.14202109101577,,0.0,0.0,0.0,0.0,40.85625289767382,optimal
2021-02-12 20:00:00,40,103,0.0,0.0,0.0,0.237,28.035,6.0,7,20.071155923123165,,0.0,0.0,0.0,0.0,40.58518718426111,optimal
2021-02-12 20:30:00,40,103,0.0,0.0,0.0,0.2303666666666666,28.119,6.0,7,20.0,,0.0,0.0,0.0,0.0,40.31439253656181,optimal
2021-02-12 21:00:00,40,103,0.0,0.0,0.0,0.212,30.156,6.0,7,19.92739176510324,,0.0,0.0,0.0,0.0,40.04386868351022,optimal
2021-02-12 21:30:00,40,103,0.0,0.0,0.0,0.2038666666666666,29.1585,6.0,7,19.848850561846017,,0.0,0.0,0.0,0.0,39.77361535431167,optimal
2021-02-12 22:00:00,40,103,0.0,0.0,0.0,0.2286333333333333,26.712,6.0,7,19.77226218912293,,0.0,0.0,0.0,0.0,39.73384173895736,optimal
2021-02-12 22:30:00,40,103,0.0,0.0,0.0,0.2444,15.435,6.0,7,19.69767672870315,,0.0,0.0,0.0,0.0,39.6941078972184,optimal
2021-02-12 23:00:00,40,103,0.0,0.0,0.0,0.122,13.566,6.0,7,19.62619145236344,,0.0,0.0,0.0,0.0,39.65441378932118,optimal
2021-02-12 23:30:00,40,103,0.0,0.0,0.0,0.068,12.789,6.0,7,19.545780932855937,,0.0,0.0,0.0,0.0,39.61475937553186,optimal
2021-02-13 00:00:00,40,103,2.142857142857143,0.0,5.0,0.1451,8.1375,6.0,-7,19.545780932855937,,6803.333333333333,0.0,696.6666666666666,0.0,41.95014461615633,optimal
2021-02-13 00:30:00,40,103,2.142857142857143,0.0,0.0,2.4351333333333334,10.0905,6.0,-7,19.61063428916492,,0.0,0.0,7500.0,0.0,41.90819447154017,optimal
2021-02-13 01:00:00,40,103,2.142857142857143,0.0,5.0,0.286,7.539,6.0,-7,19.54081763785201,,5873.666666666667,0.0,1626.3333333333333,0.0,44.24128627706863,optimal
2021-02-13 01:30:00,40,103,2.142857142857143,0.0,5.0,0.1930666666666666,7.938,6.0,-7,19.59175361215632,,7500.0,0.0,0.0,0.0,46.57204499079156,optimal
2021-02-13 02:00:00,40,103,2.142857142857143,0.0,4.222544906088007,0.2053,8.274,6.0,-7,19.6772690552322,,7500.0,0.0,0.0,0.0,48.53118177619257,optimal
2021-02-13 02:30:00,40,103,2.142857142857143,0.0,0.0,0.4179666666666666,9.261,6.0,-7,19.764722803347173,,7500.0,0.0,0.0,0.0,48.48265059441637,optimal
2021-02-13 03:00:00,40,103,2.142857142857143,0.0,0.0,0.0833333333333333,9.9225,6.0,-7,19.85106268432117,,7500.0,0.0,0.0,0.0,48.434167943821954,optimal
2021-02-13 03:30:00,40,103,2.142857142857143,0.0,0.0,0.0746666666666666,9.702,6.0,-7,19.92341441023804,,7500.0,0.0,0.0,0.0,48.38573377587813,optimal
2021-02-13 04:00:00,40,103,2.142857142857143,0.0,0.0,0.1093333333333333,10.584,6.0,-7,19.99502862831661,,7500.0,0.0,0.0,0.0,48.33734804210225,optimal
2021-02-13 04:30:00,40,103,2.142857142857143,0.0,0.0,0.1872666666666667,10.143,6.0,-7,20.066820868734435,,7500.0,0.0,0.0,0.0,48.28901069406015,optimal
2021-02-13 05:00:00,40,103,0.0,0.0,0.0,0.04,13.0095,6.0,-7,20.139474270698468,,0.0,0.0,0.0,0.0,48.24072168336608,optimal
2021-02-13 05:30:00,40,103,2.142857142857143,0.0,0.0,0.1786333333333333,11.025,6.0,-7,20.0503663169826,,7500.0,0.0,0.0,0.0,48.19248096168271,optimal
2021-02-13 06:00:00,40,103,2.142857142857143,0.0,0.0,0.1179666666666666,12.789,6.0,-7,20.122005296281,,7500.0,0.0,0.0,0.0,48.144288480721016,optimal
2021-02-13 06:30:00,40,103,2.142857142857143,0.0,0.0,2.1439666666666666,12.1275,6.0,-7,20.1915885459003,,7500.0,0.0,0.0,0.0,48.096144192240295,optimal
2021-02-13 07:00:00,40,103,2.142857142857143,0.0,0.0,2.5937,12.1695,6.0,-7,20.270699799343827,,7500.0,0.0,0.0,0.0,48.048048048048045,optimal
2021-02-13 07:30:00,40,103,2.142857142857143,0.0,0.0,0.147,12.306,6.0,-7,20.358171739303483,,7500.0,0.0,0.0,0.0,48.0,optimal
2021-02-13 08:00:00,40,103,0.0,0.0,0.0,0.3445666666666667,13.23,6.0,-7,20.436746500728177,,0.0,0.0,0.0,0.0,47.78705695426912,optimal
2021-02-13 08:30:00,40,103,0.0,0.0,0.0,0.2134333333333333,13.671,6.0,-7,20.357145484602604,,0.0,0.0,0.0,0.0,47.57432685158396,optimal
2021-02-13 09:00:00,40,103,0.0,0.0,0.0,2.4808000000000003,13.9335,6.0,-7,20.2635978222657,,0.0,0.0,0.0,0.0,47.36180947900149,optimal
2021-02-13 09:30:00,40,103,1.650434840699747,0.0,0.0,3.0723000000000003,13.293,6.0,-7,20.185221541576123,,5776.521942449116,0.0,0.0,0.0,47.149504623791614,optimal
2021-02-13 10:00:00,40,103,2.142857142857143,0.0,0.0,1.9687666666666668,12.1065,6.0,-7,20.231299033314667,,7500.0,0.0,0.0,0.0,46.93741207343695,optimal
2021-02-13 10:30:00,40,103,2.142857142857143,0.0,0.0,1.005,11.571,6.0,-7,20.30552330353701,,7500.0,0.0,0.0,0.0,46.72553161563262,optimal
2021-02-13 11:00:00,40,103,2.142857142857143,0.0,0.0,1.0379333333333334,11.025,6.0,-7,20.37443640083168,,7500.0,0.0,0.0,0.0,46.5138630382861,optimal
2021-02-13 11:30:00,40,103,2.142857142857143,0.0,0.0,0.128,10.8465,6.0,-7,20.44502421345173,,7500.0,0.0,0.0,0.0,46.30240612951694,optimal
2021-02-13 12:00:00,40,103,2.142857142857143,0.0,0.0,0.05,11.2455,6.0,-7,20.510333208572646,,7500.0,0.0,0.0,0.0,46.09116067765653,optimal
2021-02-13 12:30:00,40,103,0.0,0.0,0.0,0.1984666666666666,23.8665,6.0,-7,20.57393082075661,,0.0,0.0,0.0,0.0,45.88012647124799,optimal
2021-02-13 13:00:00,40,103,0.0,0.0,0.0,0.1181333333333333,27.4575,6.0,-7,20.48294080433606,,0.0,0.0,0.0,0.0,45.669303299045865,optimal
2021-02-13 13:30:00,40,103,0.0,0.0,0.0,0.05,27.3735,6.0,-7,20.391126200032147,,0.0,0.0,0.0,0.0,45.458690950015935,optimal
2021-02-13 14:00:00,40,103,0.0,0.0,0.0,1.306533333333333,30.4605,6.0,-7,20.298747563292423,,0.0,0.0,0.0,0.0,45.24828921333504,optimal
2021-02-13 14:30:00,40,103,0.0,0.0,0.0,0.5001,30.0195,6.0,-7,20.21628002913173,,0.0,0.0,0.0,0.0,45.03809787839083,optimal
2021-02-13 15:00:00,40,103,0.0,0.0,0.0,0.1371333333333333,26.9325,6.0,-7,20.140822095388323,,0.0,0.0,0.0,0.0,44.82811673478156,optimal
2021-02-13 15:30:00,40,103,0.0,0.0,0.0,0.6876666666666666,14.595,6.0,-7,20.067530538750876,,0.0,0.0,0.0,0.0,44.61834557231589,optimal
2021-02-13 16:00:00,40,103,0.9680868165511336,0.0,0.0,1.9665333333333328,12.4845,6.0,-7,20.0,,3388.303857928968,0.0,0.0,0.0,44.40878418101269,optimal
2021-02-13 16:30:00,40,103,0.993686816551128,0.0,0.0,1.6284333333333334,12.1275,6.0,-7,20.0,,3338.570524595615,0.0,139.33333333333331,0.0,44.1994323511008,optimal
2021-02-13 17:00:00,40,103,2.096847216726037,0.0,0.0,2.2938666666666667,12.1275,6.0,-7,20.0,,6048.738591874463,0.0,1290.2266666666667,0.0,43.99028987301881,optimal
2021-02-13 17:30:00,40,103,0.0,0.0,0.0,0.2705,12.789,6.0,-7,20.06922583782861,,0.0,0.0,0.0,0.0,43.78135653741491,optimal
2021-02-13 18:00:00,40,103,1.3705181886345967,0.0,0.0,0.4610333333333333,11.907,6.0,-7,20.0,,3230.7069935544223,0.0,1566.106666666667,0.0,43.572632135146605,optimal
2021-02-13 18:30:00,40,103,0.9962522152684372,0.0,0.0,3.280533333333333,11.025,6.0,-7,20.0,,3208.216086772864,0.0,278.66666666666663,0.0,43.36411645728057,optimal
2021-02-13 19:00:00,40,103,2.104947361574581,0.0,0.0,1.4458333333333333,8.2005,6.0,-7,20.0,,6233.254212646329,0.0,1134.0615528647052,0.0,43.15580929509241,optimal
2021-02-13 19:30:00,40,103,0.0,0.0,0.0,0.3636666666666667,9.5655,6.0,-7,20.064894106663854,,0.0,0.0,0.0,0.0,42.94771044006643,optimal
2021-02-13 20:00:00,40,103,2.142857142857143,0.0,0.0,2.0798666666666668,7.056,6.0,-7,20.0,,2991.061552864705,0.0,4508.938447135295,0.0,42.73981968389548,optimal
2021-02-13 20:30:00,40,103,0.0,0.0,0.0,2.548233333333333,9.3975,6.0,-7,20.0,,0.0,0.0,0.0,0.0,42.53213681848069,optimal
2021-02-13 21:00:00,40,103,0.0,0.0,0.0,3.665533333333333,10.059,6.0,-7,19.94147927225717,,0.0,0.0,0.0,0.0,42.324661635931335,optimal
2021-02-13 21:30:00,40,103,0.0,0.0,0.0,3.0733333333333333,9.261,6.0,-7,19.8878312670826,,0.0,0.0,0.0,0.0,42.117393928564525,optimal
2021-02-13 22:00:00,40,103,0.199047619047619,0.0,0.0,2.443,8.1585,6.0,-7,19.83128503194901,,0.0,0.0,696.6666666666666,0.0,41.91033348890508,optimal
2021-02-13 22:30:00,40,103,0.0,0.0,0.0,2.3246666666666664,9.4815,6.0,-7,19.77177933709883,,0.0,0.0,0.0,0.0,41.70348010968529,optimal
2021-02-13 23:00:00,40,103,0.0,0.0,0.0,1.6383666666666663,8.379,6.0,-7,19.70632058989825,,0.0,0.0,0.0,0.0,41.49683358384472,optimal
2021-02-13 23:30:00,40,103,0.0,0.0,0.0,3.094866666666667,9.5235,6.0,-7,19.641777881675804,,0.0,0.0,0.0,0.0,41.45533675026088,optimal
2021-02-07 00:00:00,41,103,0.0199047619047619,0.0,0.2022064169432718,0.0682666666666666,12.5685,6.0,6,21.0,,0.0,0.0,69.66666666666667,0.0,48.048048048048045,optimal
2021-02-07 00:30:00,41,103,0.0,0.0,0.0,0.1450333333333333,13.146,6.0,6,20.93174377963256,,0.0,0.0,0.0,0.0,48.0,optimal
2021-02-07 01:00:00,41,103,0.0,0.0,0.0,0.1397,10.584,6.0,6,20.86808901140653,,0.0,0.0,0.0,0.0,47.812497845596766,optimal
2021-02-07 01:30:00,41,103,2.0,0.0,0.0,0.0891666666666666,6.678,6.0,6,20.80071885427544,,0.0,0.0,7000.0,0.0,47.62518319334794,optimal
2021-02-07 02:00:00,41,103,0.515791769162304,0.0,0.0,0.0957666666666666,7.938,6.0,6,20.73174066069165,,445.2711920680635,0.0,1360.0,0.0,47.43805585575136,optimal
2021-02-07 02:30:00,41,103,2.0,0.0,0.0,0.0989666666666666,5.292,6.0,6,20.67117339502219,,7000.0,0.0,0.0,0.0,47.251115645492376,optimal
2021-02-07 03:00:00,41,103,0.0,0.0,0.0,0.3698,9.261,6.0,6,20.748684815415324,,0.0,0.0,0.0,0.0,47.06436237544365,optimal
2021-02-07 03:30:00,41,103,0.0,0.0,0.0,0.0742,10.3635,6.0,6,20.684047959564268,,0.0,0.0,0.0,0.0,46.877795858664975,optimal
2021-02-07 04:00:00,41,103,0.0,0.0,0.0,0.1258,8.274,6.0,6,20.614244375103983,,0.0,0.0,0.0,0.0,46.69141590840308,optimal
2021-02-07 04:30:00,41,103,2.0,0.0,0.0,0.0854666666666666,7.7175,6.0,6,20.54623431289676,,6164.0,0.0,836.0,0.0,46.50522233809144,optimal
2021-02-07 05:00:00,41,103,2.0,0.0,0.0,0.1738,6.615,6.0,6,20.60841380695316,,4979.666666666667,0.0,2020.3333333333333,0.0,46.31921496135012,optimal
2021-02-07 05:30:00,41,103,2.0,0.0,0.0,3.1069,6.174,6.0,6,20.64425698228653,,7000.0,0.0,0.0,0.0,46.13339359198554,optimal
2021-02-07 06:00:00,41,103,2.0,0.0,0.0,1.0720999999999998,3.906,6.0,6,20.740556969215856,,7000.0,0.0,0.0,0.0,45.94775804399032,optimal
2021-02-07 06:30:00,41,103,2.0,0.0,0.0,1.341,2.3415,6.0,6,20.815435413281733,,7000.0,0.0,0.0,0.0,45.76230813154309,optimal
2021-02-07 07:00:00,41,103,2.0,0.0,0.0,0.211,2.205,6.0,6,20.89488628934872,,7000.0,0.0,0.0,0.0,45.57704366900832,optimal
2021-02-07 07:30:00,41,103,2.0,0.0,0.0,1.3326666666666669,0.882,6.0,6,20.968293271308383,,7000.0,0.0,0.0,0.0,45.39196447093608,optimal
2021-02-07 08:00:00,41,103,2.0,0.0,0.0,1.0182,1.5435,6.0,6,21.06215084514633,,7000.0,0.0,0.0,0.0,45.20707035206191,optimal
2021-02-07 08:30:00,41,103,2.0,0.0,0.0,0.068,1.5435,6.0,6,21.14659309755269,,7000.0,0.0,0.0,0.0,45.02236112730662,optimal
2021-02-07 09:00:00,41,103,2.0,0.0,0.0,0.1067,5.0715,6.0,6,21.20596232818137,,7000.0,0.0,0.0,0.0,44.83783661177608,optimal
2021-02-07 09:30:00,41,103,2.0,0.0,0.0,0.1153,5.376,6.0,6,21.26565003673791,,7000.0,0.0,0.0,0.0,44.65349662076107,optimal
2021-02-07 10:00:00,41,103,2.0,0.0,0.0,0.068,5.0715,6.0,6,21.325474828740816,,7000.0,0.0,0.0,0.0,44.46934096973708,optimal
2021-02-07 10:30:00,41,103,2.0,0.0,0.0,0.068,5.5125,6.0,6,21.384259365290063,,7000.0,0.0,0.0,0.0,44.28536947436411,optimal
2021-02-07 11:00:00,41,103,0.0,0.0,0.0,0.068,9.261,6.0,6,21.44232354676333,,0.0,0.0,0.0,0.0,44.10158195048651,optimal
2021-02-07 11:30:00,41,103,0.0,0.0,0.0,0.068,11.7075,6.0,6,21.352317787591662,,0.0,0.0,0.0,0.0,43.9179782141328,optimal
2021-02-07 12:00:00,41,103,0.0,0.0,0.0,0.068,12.348,6.0,6,21.262720355999605,,0.0,0.0,0.0,0.0,43.73455808151543,optimal
2021-02-07 12:30:00,41,103,0.0,0.0,0.0,0.068,12.348,6.0,6,21.173529400271853,,0.0,0.0,0.0,0.0,43.55132136903068,optimal
2021-02-07 13:00:00,41,103,0.0,0.0,0.0,0.0895,12.1275,6.0,6,21.08474307561894,,0.0,0.0,0.0,0.0,43.36826789325842,optimal
2021-02-07 13:30:00,41,103,0.0,0.0,0.0,0.1325,12.5265,6.0,6,20.996812129451705,,0.0,0.0,0.0,0.0,43.18539747096193,optimal
2021-02-07 14:00:00,41,103,0.0,0.0,0.0,0.068,11.7495,6.0,6,20.91041209977144,,0.0,0.0,0.0,0.0,43.002709919087735,optimal
2021-02-07 14:30:00,41,103,0.0,0.0,0.0,0.0895,13.23,6.0,6,20.82327312273004,,0.0,0.0,0.0,0.0,42.82020505476542,optimal
2021-02-07 15:00:00,41,103,0.0,0.0,0.0,0.1325,14.3325,6.0,6,20.737208885494997,,0.0,0.0,0.0,0.0,42.63788269530742,optimal
2021-02-07 15:30:00,41,103,0.0,0.0,0.0,0.1344333333333333,14.994,6.0,6,20.652667096733754,,0.0,0.0,0.0,0.0,42.45574265820888,optimal
2021-02-07 16:00:00,41,103,0.0,0.0,0.0,0.186,14.8155,6.0,6,20.572001939019767,,0.0,0.0,0.0,0.0,42.27378476114744,optimal
2021-02-07 16:30:00,41,103,0.0,0.0,0.0,1.375033333333333,14.112,6.0,6,20.49400226568893,,0.0,0.0,0.0,0.0,42.09200882198306,optimal
2021-02-07 17:00:00,41,103,0.0,0.0,0.0,0.5939,14.007,6.0,6,20.42465976640687,,0.0,0.0,0.0,0.0,41.91041465875784,optimal
2021-02-07 17:30:00,41,103,0.0,0.0,0.0,0.303,13.23,6.0,6,20.353713788304503,,0.0,0.0,0.0,0.0,41.729002089695854,optimal
2021-02-07 18:00:00,41,103,0.0,0.0,0.0,0.3280666666666667,11.382,6.0,6,20.292208106743367,,0.0,0.0,0.0,0.0,41.547770933202926,optimal
2021-02-07 18:30:00,41,103,0.0,0.0,0.0,0.4721,11.7495,6.0,6,20.2294953999602,,0.0,0.0,0.0,0.0,41.366721007866495,optimal
2021-02-07 19:00:00,41,103,0.0,0.0,0.0,0.2320333333333333,24.3285,6.0,6,20.172524499971747,,0.0,0.0,0.0,0.0,41.1858521324554,optimal
2021-02-07 19:30:00,41,103,0.0,0.0,0.0,0.2976999999999999,28.917,6.0,6,20.117799549134634,,0.0,0.0,0.0,0.0,41.005164125919705,optimal
2021-02-07 20:00:00,41,103,0.0,0.0,0.0,0.3777,31.3635,6.0,6,20.061059247520983,,0.0,0.0,0.0,0.0,40.82465680739056,optimal
2021-02-07 20:30:00,41,103,0.0,0.0,0.0,0.3447333333333333,33.306,6.0,6,20.0,,0.0,0.0,0.0,0.0,40.783832150583166,optimal
2021-02-07 21:00:00,41,103,0.0,0.0,0.0,0.3482666666666666,31.3425,6.0,6,19.938875657798388,,0.0,0.0,0.0,0.0,40.743048318432585,optimal
2021-02-07 21:30:00,41,103,0.0,0.0,0.0,0.3396,28.2555,6.0,6,19.877284453440904,,0.0,0.0,0.0,0.0,40.70230527011415,optimal
2021-02-07 22:00:00,41,103,0.0,0.0,0.0,0.3566,15.6975,6.0,6,19.81607090407735,,0.0,0.0,0.0,0.0,40.66160296484404,optimal
2021-02-07 22:30:00,41,103,0.0,0.0,0.0,0.2839,12.5475,6.0,6,19.755254346814617,,0.0,0.0,0.0,0.0,40.62094136187919,optimal
2021-02-07 23:00:00,41,103,0.0,0.0,0.0,0.5105666666666666,12.0855,6.0,6,19.69192732266751,,0.0,0.0,0.0,0.0,40.58032042051731,optimal
2021-02-07 23:30:00,41,103,0.0,0.0,0.0,0.1324666666666666,11.907,6.0,6,19.63429053114609,,0.0,0.0,0.0,0.0,40.53974010009679,optimal
2021-02-08 00:00:00,41,103,2.0,0.0,5.0,0.7280333333333333,4.1895,6.0,-7,19.63429053114609,,6721.333333333333,0.0,278.66666666666663,0.0,42.8742003599967,optimal
2021-02-08 00:30:00,41,103,2.0,0.0,5.0,1.5230666666666666,7.056,6.0,-7,19.70587915191829,,2123.333333333333,0.0,4876.666666666667,0.0,45.2063261596367,optimal
2021-02-08 01:00:00,41,103,2.0,0.0,5.0,0.1394,5.271,6.0,-7,19.680856046792726,,7000.0,0.0,0.0,0.0,47.536119833477066,optimal
2021-02-08 01:30:00,41,103,2.0,0.0,0.0,0.1603333333333333,7.938,6.0,-7,19.753645054938684,,7000.0,0.0,0.0,0.0,47.48858371364359,optimal
2021-02-08 02:00:00,41,103,2.0,0.0,2.294919255289741,0.0967333333333333,7.938,6.0,-7,19.826317663506742,,7000.0,0.0,0.0,0.0,48.53118177619257,optimal
2021-02-08 02:30:00,41,103,2.0,0.0,0.0,0.089,11.907,6.0,-7,19.89709493942471,,7000.0,0.0,0.0,0.0,48.48265059441637,optimal
2021-02-08 03:00:00,41,103,2.0,0.0,0.0,0.1735333333333333,11.025,6.0,-7,19.967615165611985,,7000.0,0.0,0.0,0.0,48.434167943821954,optimal
2021-02-08 03:30:00,41,103,2.0,0.0,0.0,0.1008666666666666,11.2875,6.0,-7,20.039821759182203,,7000.0,0.0,0.0,0.0,48.38573377587813,optimal
2021-02-08 04:00:00,41,103,2.0,0.0,0.0,0.1823333333333333,12.936,6.0,-7,20.10994427723375,,7000.0,0.0,0.0,0.0,48.33734804210225,optimal
2021-02-08 04:30:00,41,103,2.0,0.0,0.0,0.1091333333333333,13.0095,6.0,-7,20.18123674407988,,7000.0,0.0,0.0,0.0,48.28901069406015,optimal
2021-02-08 05:00:00,41,103,0.0,0.0,0.0,0.0512666666666666,13.671,6.0,-7,20.25021122148613,,0.0,0.0,0.0,0.0,48.24072168336608,optimal
2021-02-08 05:30:00,41,103,2.0,0.0,0.0,0.2154,13.188,6.0,-7,20.169848143689112,,7000.0,0.0,0.0,0.0,48.19248096168271,optimal
2021-02-08 06:00:00,41,103,0.0,0.0,0.0,0.0843333333333333,13.8495,6.0,-7,20.24043074181265,,0.0,0.0,0.0,0.0,48.144288480721016,optimal
2021-02-08 06:30:00,41,103,2.0,0.0,0.0,0.1316666666666666,13.23,6.0,-7,20.160354433487708,,7000.0,0.0,0.0,0.0,48.096144192240295,optimal
2021-02-08 07:00:00,41,103,2.0,0.0,0.0,0.0936666666666666,13.3665,6.0,-7,20.228763812469044,,7000.0,0.0,0.0,0.0,48.048048048048045,optimal
2021-02-08 07:30:00,41,103,2.0,0.0,0.0,2.3758666666666666,13.0515,6.0,-7,20.29583609016056,,7000.0,0.0,0.0,0.0,48.0,optimal
2021-02-08 08:00:00,41,103,2.0,0.0,0.0,0.3432666666666666,13.5345,6.0,-7,20.37898589239266,,7000.0,0.0,0.0,0.0,47.814381286901245,optimal
2021-02-08 08:30:00,41,103,0.0,0.0,0.0,2.3373666666666666,14.154,6.0,-7,20.458891787656427,,0.0,0.0,0.0,0.0,47.6289481925156,optimal
2021-02-08 09:00:00,41,103,0.5747993999432425,0.0,0.0,1.4234,14.112,6.0,-7,20.39060142707936,,2011.7978998013489,0.0,0.0,0.0,47.44370053122432,optimal
2021-02-08 09:30:00,41,103,0.0,0.0,0.0,0.163,14.2485,6.0,-7,20.35130457991551,,0.0,0.0,0.0,0.0,47.25863811759434,optimal
2021-02-08 10:00:00,41,103,2.0,0.0,0.0,0.2871333333333333,12.789,6.0,-7,20.26411212819322,,7000.0,0.0,0.0,0.0,47.073760766378,optimal
2021-02-08 10:30:00,41,103,2.0,0.0,0.0,0.8346,13.0095,6.0,-7,20.327564225307487,,7000.0,0.0,0.0,0.0,46.88906829251286,optimal
2021-02-08 11:00:00,41,103,2.0,0.0,0.0,2.7012666666666667,12.1275,6.0,-7,20.39064635089,,7000.0,0.0,0.0,0.0,46.70456051112159,optimal
2021-02-08 11:30:00,41,103,2.0,0.0,0.0,2.0333666666666663,12.348,6.0,-7,20.462507850561327,,7000.0,0.0,0.0,0.0,46.52023723751172,optimal
2021-02-08 12:00:00,41,103,2.0,0.0,0.0,0.11,12.348,6.0,-7,20.53025703254216,,7000.0,0.0,0.0,0.0,46.33609828717545,optimal
2021-02-08 12:30:00,41,103,0.0,0.0,0.0,0.151,25.389,6.0,-7,20.58992925522268,,0.0,0.0,0.0,0.0,46.15214347578952,optimal
2021-02-08 13:00:00,41,103,0.0,0.0,0.0,0.0654,29.1375,6.0,-7,20.505811252536603,,0.0,0.0,0.0,0.0,45.96837261921498,optimal
2021-02-08 13:30:00,41,103,0.0,0.0,0.0,0.248,30.597,6.0,-7,20.419117348022183,,0.0,0.0,0.0,0.0,45.784785533497015,optimal
2021-02-08 14:00:00,41,103,0.0,0.0,0.0,0.0593333333333333,33.684,6.0,-7,20.33711421899937,,0.0,0.0,0.0,0.0,45.60138203486476,optimal
2021-02-08 14:30:00,41,103,0.0,0.0,0.0,0.1907333333333332,32.445,6.0,-7,20.251965270210448,,0.0,0.0,0.0,0.0,45.41816193973114,optimal
2021-02-08 15:00:00,41,103,0.0,0.0,0.0,0.129,28.917,6.0,-7,20.16928813635904,,0.0,0.0,0.0,0.0,45.23512506469266,optimal
2021-02-08 15:30:00,41,103,0.0,0.0,0.0,0.0656666666666666,15.876,6.0,-7,20.08500606684922,,0.0,0.0,0.0,0.0,45.052271226529214,optimal
2021-02-08 16:00:00,41,103,0.7174720792416835,0.0,0.0,1.4832333333333332,12.348,6.0,-7,20.0,,2371.818944012559,0.0,139.33333333333331,0.0,44.86960024220393,optimal
2021-02-08 16:30:00,41,103,2.0,0.0,0.0,0.6247,12.1275,6.0,-7,20.0,,5558.711490898762,0.0,1441.2885091012367,0.0,44.82473064196173,optimal
2021-02-08 17:00:00,41,103,0.0,0.0,0.0,1.4023333333333332,12.348,6.0,-7,20.056229679545783,,0.0,0.0,0.0,0.0,44.779905911319766,optimal
2021-02-08 17:30:00,41,103,0.9100823182379338,0.0,0.0,0.2908,12.1275,6.0,-7,20.0,,2884.9099562673387,0.0,300.3781575654299,0.0,44.735126005408446,optimal
2021-02-08 18:00:00,41,103,0.8550799109992023,0.0,0.0,0.2464,12.1275,6.0,-7,20.0,,2992.779688497208,0.0,0.0,0.0,44.69039087940304,optimal
2021-02-08 18:30:00,41,103,0.7461344557939734,0.0,0.0,1.9095333333333333,11.2665,6.0,-7,20.0,,2541.8039286122403,0.0,69.66666666666666,0.0,44.64570048852364,optimal
2021-02-08 19:00:00,41,103,2.0,0.0,0.0,0.1710666666666666,10.143,6.0,-7,20.0,,6930.333333333333,0.0,69.66666666666666,0.0,44.60105478803512,optimal
2021-02-08 19:30:00,41,103,0.0,0.0,0.0,0.2445999999999999,11.2455,6.0,-7,20.078243772864425,,0.0,0.0,0.0,0.0,44.55645373324708,optimal
2021-02-08 20:00:00,41,103,0.6469365411133696,0.0,0.0,0.2942333333333333,11.025,6.0,-7,20.013218680643423,,2264.2778938967936,0.0,0.0,0.0,44.51189727951383,optimal
2021-02-08 20:30:00,41,103,0.1194285714285714,0.0,0.0,0.2056,5.9745,6.0,-7,20.0,,0.0,0.0,418.0,0.0,44.46738538223432,optimal
2021-02-08 21:00:00,41,103,0.0,0.0,0.0,0.3545,7.938,6.0,-7,19.93760306360152,,0.0,0.0,0.0,0.0,44.422917996852085,optimal
2021-02-08 21:30:00,41,103,0.0,0.0,0.0,0.2555666666666666,8.6835,6.0,-7,19.87911861146592,,0.0,0.0,0.0,0.0,44.37849507885523,optimal
2021-02-08 22:00:00,41,103,0.0,0.0,0.0,1.8651333333333329,7.665,6.0,-7,19.8158360325476,,0.0,0.0,0.0,0.0,44.33411658377638,optimal
2021-02-08 22:30:00,41,103,0.0,0.0,0.0,2.0481,6.7725,6.0,-7,19.75269755708326,,0.0,0.0,0.0,0.0,44.2897824671926,optimal
2021-02-08 23:00:00,41,103,0.0796190476190476,0.0,0.0,0.7415666666666667,5.5755,6.0,-7,19.69193773997492,,0.0,0.0,278.66666666666663,0.0,44.245492684725406,optimal
2021-02-08 23:30:00,41,103,0.0597142857142857,0.0,0.0,2.1611666666666665,5.0925,6.0,-7,19.6202368801707,,0.0,0.0,209.0,0.0,44.20124719204068,optimal
2021-02-09 00:00:00,41,103,2.0,0.0,0.0,0.063,11.6865,6.0,3,19.6202368801707,,7000.0,0.0,0.0,0.0,44.15704594484864,optimal
2021-02-09 00:30:00,41,103,2.0,0.0,0.0,0.063,11.466,6.0,3,19.687599107366065,,0.0,0.0,7000.0,0.0,44.11288889890379,optimal
2021-02-09 01:00:00,41,103,2.0,0.0,0.0,0.2007,10.8045,6.0,3,19.607529712977986,,902.666666666667,0.0,6097.333333333333,0.0,44.06877601000489,optimal
2021-02-09 01:30:00,41,103,2.0,0.0,5.0,0.1035,10.584,6.0,3,19.549950544778984,,7000.0,0.0,0.0,0.0,46.39970723399488,optimal
2021-02-09 02:00:00,41,103,2.0,0.0,0.0,0.1035,11.2455,6.0,3,19.61848418029953,,7000.0,0.0,0.0,0.0,46.35330752676089,optimal
2021-02-09 02:30:00,41,103,2.0,0.0,0.0,0.2007,12.1275,6.0,3,19.68625323217446,,7000.0,0.0,0.0,0.0,46.30695421923413,optimal
2021-02-09 03:00:00,41,103,2.0,0.0,0.0,0.063,11.823,6.0,3,19.755987771136446,,7000.0,0.0,0.0,0.0,46.260647265014896,optimal
2021-02-09 03:30:00,41,103,2.0,0.0,0.0,0.0954,11.7705,6.0,3,19.822734139599586,,7000.0,0.0,0.0,0.0,46.21438661774988,optimal
2021-02-09 04:00:00,41,103,2.0,0.0,0.0,0.2088,11.13,6.0,3,19.890313402454,,7000.0,0.0,0.0,0.0,46.16817223113213,optimal
2021-02-09 04:30:00,41,103,2.0,0.0,0.0,0.063,11.6865,6.0,3,19.9604268641546,,7000.0,0.0,0.0,0.0,46.122004058901,optimal
2021-02-09 05:00:00,41,103,2.0,0.0,0.0,0.1601999999999999,10.7205,6.0,3,20.02669942558072,,7000.0,0.0,0.0,0.0,46.0758820548421,optimal
2021-02-09 05:30:00,41,103,2.0,0.0,0.0,0.144,11.424,6.0,3,20.09426376077625,,7000.0,0.0,0.0,0.0,46.02980617278725,optimal
2021-02-09 06:00:00,41,103,2.0,0.0,4.548446556013809,0.063,10.689,6.0,3,20.161180561407853,,7000.0,0.0,0.0,0.0,48.144288480721016,optimal
2021-02-09 06:30:00,41,103,2.0,0.0,0.0,0.2398666666666666,11.361,6.0,3,20.226088698708388,,7000.0,0.0,0.0,0.0,48.096144192240295,optimal
2021-02-09 07:00:00,41,103,2.0,0.0,0.0,0.3888,11.571,6.0,3,20.295279237300875,,7000.0,0.0,0.0,0.0,48.048048048048045,optimal
2021-02-09 07:30:00,41,103,0.0,0.0,0.0,0.2946,14.3745,6.0,3,20.368421904933715,,0.0,0.0,0.0,0.0,48.0,optimal
2021-02-09 08:00:00,41,103,2.0,0.0,0.0,0.3494,13.23,6.0,3,20.29735493231578,,7000.0,0.0,0.0,0.0,47.91796182680599,optimal
2021-02-09 08:30:00,41,103,2.0,0.0,0.0,0.3704333333333333,13.9755,6.0,3,20.37041444278892,,7000.0,0.0,0.0,0.0,47.83600569178517,optimal
2021-02-09 09:00:00,41,103,0.0,0.0,0.0,1.5406,14.994,6.0,3,20.44746543008887,,0.0,0.0,0.0,0.0,47.75413151289937,optimal
2021-02-09 09:30:00,41,103,2.0,0.0,0.0,0.2336,13.671,6.0,3,20.3840284165977,,7000.0,0.0,0.0,0.0,47.67233920819246,optimal
2021-02-09 10:00:00,41,103,0.0,0.0,0.0,0.1864,15.981,6.0,3,20.45889818602908,,0.0,0.0,0.0,0.0,47.59062869579026,optimal
2021-02-09 10:30:00,41,103,0.0,0.0,0.0,0.1378,15.6345,6.0,3,20.373139010130448,,0.0,0.0,0.0,0.0,47.50899989390045,optimal
2021-02-09 11:00:00,41,103,0.0,0.0,0.0,0.073,16.5375,6.0,3,20.287880017290764,,0.0,0.0,0.0,0.0,47.42745272081254,optimal
2021-02-09 11:30:00,41,103,0.0,0.0,0.0,0.1378,14.7735,6.0,3,20.20277792348037,,0.0,0.0,0.0,0.0,47.34598709489772,optimal
2021-02-09 12:00:00,41,103,0.0,0.0,0.0,0.3494,15.2145,6.0,3,20.11965281144137,,0.0,0.0,0.0,0.0,47.2646029346088,optimal
2021-02-09 12:30:00,41,103,0.3932032016965339,0.0,0.0,0.236,14.553,6.0,3,20.045438137952093,,1376.2112059378685,0.0,0.0,0.0,47.18330015848018,optimal
2021-02-09 13:00:00,41,103,2.0,0.0,0.0,0.2948,14.3325,6.0,3,20.0,,7000.0,0.0,0.0,0.0,47.10207868512769,optimal
2021-02-09 13:30:00,41,103,0.7527007959651019,0.0,0.0,0.5442,14.595,6.0,3,20.074414583043744,,2634.4527858778565,0.0,0.0,0.0,47.02093843324855,optimal
2021-02-09 14:00:00,41,103,0.0,0.0,0.0,2.7336666666666667,14.994,6.0,3,20.06161815912755,,0.0,0.0,0.0,0.0,46.93987932162128,optimal
2021-02-09 14:30:00,41,103,1.764745608550362,0.0,0.0,2.759233333333333,14.3325,6.0,3,20.0,,6176.609629926266,0.0,0.0,0.0,46.85890126910565,optimal
2021-02-09 15:00:00,41,103,2.0,0.0,0.0,1.8070666666666664,13.8915,6.0,3,20.068500449917654,,7000.0,0.0,0.0,0.0,46.77800419464253,optimal
2021-02-09 15:30:00,41,103,2.0,0.0,0.0,0.4472666666666666,13.8915,6.0,3,20.154399447570928,,7000.0,0.0,0.0,0.0,46.69718801725388,optimal
2021-02-09 16:00:00,41,103,2.0,0.0,0.0,1.3202,13.4715,6.0,3,20.23437319314533,,7000.0,0.0,0.0,0.0,46.61645265604261,optimal
2021-02-09 16:30:00,41,103,2.0,0.0,0.0,0.7187333333333333,13.23,6.0,3,20.31527254655931,,7000.0,0.0,0.0,0.0,46.53579803019255,optimal
2021-02-09 17:00:00,41,103,2.0,0.0,0.0,0.2398333333333333,13.8915,6.0,3,20.38231750615266,,7000.0,0.0,0.0,0.0,46.45522405896835,optimal
2021-02-09 17:30:00,41,103,0.0,0.0,0.0,0.4693,26.9325,6.0,3,20.445656033001555,,0.0,0.0,0.0,0.0,46.37473066171537,optimal
2021-02-09 18:00:00,41,103,0.0,0.0,0.0,0.3845666666666666,30.303,6.0,3,20.37032116860192,,0.0,0.0,0.0,0.0,46.29431775785964,optimal
2021-02-09 18:30:00,41,103,0.0,0.0,0.0,0.3050333333333334,32.886,6.0,3,20.292959099277347,,0.0,0.0,0.0,0.0,46.21398526690776,optimal
2021-02-09 19:00:00,41,103,0.0,0.0,0.0,0.5212,34.9965,6.0,3,20.213373723662965,,0.0,0.0,0.0,0.0,46.13373310844684,optimal
2021-02-09 19:30:00,41,103,0.0,0.0,0.0,0.2486,33.327,6.0,3,20.140193165151363,,0.0,0.0,0.0,0.0,46.05356120214438,optimal
2021-02-09 20:00:00,41,103,0.0,0.0,0.0,0.4851666666666667,31.122,6.0,3,20.065988255677723,,0.0,0.0,0.0,0.0,46.00750764094224,optimal
2021-02-09 20:30:00,41,103,0.0,0.0,0.0,0.4008,17.9025,6.0,3,20.0,,0.0,0.0,0.0,0.0,45.96150013330129,optimal
2021-02-09 21:00:00,41,103,0.0,0.0,0.0,0.5244333333333333,15.6555,6.0,3,19.937722158364544,,0.0,0.0,0.0,0.0,45.91553863316799,optimal
2021-02-09 21:30:00,41,103,0.0,0.0,0.0,0.4298666666666667,14.553,6.0,3,19.876110287812583,,0.0,0.0,0.0,0.0,45.86962309453482,optimal
2021-02-09 22:00:00,41,103,0.0,0.0,0.0,0.4147,14.3325,6.0,3,19.81115298656573,,0.0,0.0,0.0,0.0,45.82375347144029,optimal
2021-02-09 22:30:00,41,103,0.0,0.0,0.0,0.3662666666666666,13.335,6.0,3,19.7451585228726,,0.0,0.0,0.0,0.0,45.77792971796885,optimal
2021-02-09 23:00:00,41,103,0.0796190476190476,0.0,0.0,0.195,12.1275,6.0,3,19.678219567442262,,0.0,0.0,278.66666666666663,0.0,45.73215178825088,optimal
2021-02-09 23:30:00,41,103,0.0,0.0,0.0,0.3983666666666666,12.2955,6.0,3,19.60736177242911,,0.0,0.0,0.0,0.0,45.68641963646263,optimal
2021-02-10 00:00:00,41,103,0.0,0.0,0.0,0.052,27.741,6.0,10,19.60736177242911,,0.0,0.0,0.0,0.0,45.64073321682617,optimal
2021-02-10 00:30:00,41,103,0.0,0.0,0.0,0.1245,19.026,6.0,10,19.526318029722475,,0.0,0.0,0.0,0.0,45.59509248360934,optimal
2021-02-10 01:00:00,41,103,0.0,0.0,0.0,0.2184333333333333,18.7215,6.0,10,19.4467144430556,,0.0,0.0,0.0,0.0,45.54949739112573,optimal
2021-02-10 01:30:00,41,103,0.0,0.0,0.0,0.052,17.4195,6.0,10,19.36899565930472,,0.0,0.0,0.0,0.0,45.503947893734605,optimal
2021-02-10 02:00:00,41,103,1.0375036086600993,0.0,0.0,0.1341666666666666,16.758,6.0,10,19.28767230320356,,2795.2626303103475,0.0,836.0,0.0,45.45844394584087,optimal
2021-02-10 02:30:00,41,103,2.0,0.0,0.0,0.1570333333333333,14.217,6.0,10,19.266835277237387,,7000.0,0.0,0.0,0.0,45.41298550189503,optimal
2021-02-10 03:00:00,41,103,2.0,0.0,0.0,0.1037333333333333,13.3665,6.0,10,19.33508557127059,,7000.0,0.0,0.0,0.0,45.36757251639313,optimal
2021-02-10 03:30:00,41,103,2.0,0.0,0.0,0.2004,12.789,6.0,10,19.401904248632466,,7000.0,0.0,0.0,0.0,45.32220494387674,optimal
2021-02-10 04:00:00,41,103,2.0,0.0,0.0,0.1425333333333333,11.907,6.0,10,19.470454663604897,,7000.0,0.0,0.0,0.0,45.27688273893286,optimal
2021-02-10 04:30:00,41,103,2.0,0.0,0.0,0.0584666666666666,11.7075,6.0,10,19.53747597015684,,7000.0,0.0,0.0,0.0,45.23160585619393,optimal
2021-02-10 05:00:00,41,103,2.0,0.0,5.0,0.1878,10.8045,6.0,10,19.60196991640348,,7000.0,0.0,0.0,0.0,47.561374250337735,optimal
2021-02-10 05:30:00,41,103,2.0,0.0,0.0,0.083,11.508,6.0,10,19.66844012520337,,7000.0,0.0,0.0,0.0,47.5138128760874,optimal
2021-02-10 06:00:00,41,103,2.0,0.0,0.0,0.125,11.508,6.0,10,19.731906927916125,,7000.0,0.0,0.0,0.0,47.46629906321131,optimal
2021-02-10 06:30:00,41,103,2.0,0.0,0.0,0.2184333333333333,11.508,6.0,10,19.795446082698483,,7000.0,0.0,0.0,0.0,47.4188327641481,optimal
2021-02-10 07:00:00,41,103,2.0,0.0,0.0,0.1231666666666666,11.844,6.0,10,19.861683395661625,,7000.0,0.0,0.0,0.0,47.37141393138395,optimal
2021-02-10 07:30:00,41,103,2.0,0.0,0.0,0.7030666666666667,11.508,6.0,10,19.928051808289933,,7000.0,0.0,0.0,0.0,47.32404251745256,optimal
2021-02-10 08:00:00,41,103,2.0,0.0,1.5226979475050342,2.7912,11.508,6.0,10,20.0,,3034.974884196225,0.0,3965.025115803775,0.0,48.0,optimal
2021-02-10 08:30:00,41,103,2.0,0.0,0.0,0.6200333333333333,10.4475,6.0,10,20.0,,3465.071844655967,0.0,3534.928155344033,0.0,47.64079303931917,optimal
2021-02-10 09:00:00,41,103,2.0,0.0,0.0,2.658133333333333,10.8675,6.0,10,20.0,,2916.008747064345,0.0,4083.991252935655,0.0,47.28194528559902,optimal
2021-02-10 09:30:00,41,103,2.0,0.0,0.0,0.7930333333333333,10.542,6.0,10,20.0,,5765.277857416796,0.0,1234.7221425832038,0.0,46.9234563796326,optimal
2021-02-10 10:00:00,41,103,2.0,0.0,0.0,0.2172666666666667,11.025,6.0,10,20.04781485373877,,7000.0,0.0,0.0,0.0,46.56532596257214,optimal
2021-02-10 10:30:00,41,103,2.0,0.0,0.0,0.1463333333333333,11.025,6.0,10,20.126038434360947,,7000.0,0.0,0.0,0.0,46.207553675928736,optimal
2021-02-10 11:00:00,41,103,2.0,0.0,0.0,0.7482666666666666,14.553,6.0,10,20.197656444219025,,7000.0,0.0,0.0,0.0,45.85013916157198,optimal
2021-02-10 11:30:00,41,103,2.0,0.0,0.0,1.3598,13.0935,6.0,10,20.269659660580142,,7000.0,0.0,0.0,0.0,45.49308206172958,optimal
2021-02-10 12:00:00,41,103,2.0,0.0,0.0,1.0247666666666668,15.6345,6.0,10,20.341345445191195,,7000.0,0.0,0.0,0.0,45.13638201898702,optimal
2021-02-10 12:30:00,41,103,0.0,0.0,0.0,2.577433333333333,18.102,6.0,10,20.415986052274565,,0.0,0.0,0.0,0.0,44.780038676287205,optimal
2021-02-10 13:00:00,41,103,0.0,0.0,0.0,1.0990666666666666,17.199,6.0,10,20.343045768742623,,0.0,0.0,0.0,0.0,44.42405167693009,optimal
2021-02-10 13:30:00,41,103,0.0,0.0,0.0,1.2792,18.2805,6.0,10,20.26790879921179,,0.0,0.0,0.0,0.0,44.068420664572336,optimal
2021-02-10 14:00:00,41,103,0.0,0.0,0.0,1.3460666666666663,17.4615,6.0,10,20.19148725377084,,0.0,0.0,0.0,0.0,43.713145283226936,optimal
2021-02-10 14:30:00,41,103,0.0,0.0,0.0,0.3461666666666667,18.3225,6.0,10,20.13886080232352,,0.0,0.0,0.0,0.0,43.35822517726288,optimal
2021-02-10 15:00:00,41,103,0.0333168342666048,0.0,0.0,1.2952,17.094,6.0,10,20.06828414468548,,116.60891993311684,0.0,0.0,0.0,43.00365999140479,optimal
2021-02-10 15:30:00,41,103,0.8730691061294675,0.0,0.0,0.9936,17.094,6.0,10,20.0,,3055.7418714531364,0.0,0.0,0.0,42.64944937073256,optimal
2021-02-10 16:00:00,41,103,1.8025366259203464,0.0,0.0,0.4251666666666667,17.094,6.0,10,20.0,,6308.878190721212,0.0,0.0,0.0,42.29559296068099,optimal
2021-02-10 16:30:00,41,103,0.0,0.0,0.0,1.1555666666666666,17.3565,6.0,10,20.068944011960674,,0.0,0.0,0.0,0.0,41.94209040703948,optimal
2021-02-10 17:00:00,41,103,1.9459478606659704,0.0,0.0,1.2790666666666666,17.115,6.0,10,20.0,,6810.817512330897,0.0,0.0,0.0,41.58894135595161,optimal
2021-02-10 17:30:00,41,103,0.0,0.0,0.0,0.5091,17.241,6.0,10,20.07348710706108,,0.0,0.0,0.0,0.0,41.23614545391483,optimal
2021-02-10 18:00:00,41,103,0.8801332443325629,0.0,0.0,1.845,17.094,6.0,10,20.0,,3080.46635516397,0.0,0.0,0.0,40.88370234778009,optimal
2021-02-10 18:30:00,41,103,2.0,0.0,0.0,1.0041,16.5165,6.0,10,20.0,,7000.0,0.0,0.0,0.0,40.53161168475148,optimal
2021-02-10 19:00:00,41,103,0.0,0.0,0.0,1.4103333333333332,17.8185,6.0,10,20.08118807378188,,0.0,0.0,0.0,0.0,40.17987311238591,optimal
2021-02-10 19:30:00,41,103,0.7737000370281985,0.0,0.0,0.5483333333333333,17.094,6.0,10,20.0201282270953,,2707.9501295986947,0.0,0.0,0.0,39.82848627859269,optimal
2021-02-10 20:00:00,41,103,1.0996998415737869,0.0,0.0,0.5734,16.8945,6.0,10,20.0,,3848.9494455082554,0.0,0.0,0.0,39.47745083163327,optimal
2021-02-10 20:30:00,41,103,0.0,0.0,0.0,2.367366666666667,18.123,6.0,10,20.0,,0.0,0.0,0.0,0.0,39.12676642012081,optimal
2021-02-10 21:00:00,41,103,0.0,0.0,0.0,1.388766666666667,31.647,6.0,10,19.9306959134655,,0.0,0.0,0.0,0.0,39.08763965370069,optimal
2021-02-10 21:30:00,41,103,0.0,0.0,0.0,0.7816000000000001,34.9965,6.0,10,19.861421725330963,,0.0,0.0,0.0,0.0,39.04855201404699,optimal
2021-02-10 22:00:00,41,103,0.0,0.0,0.0,0.3657333333333333,34.9965,6.0,10,19.78632596138932,,0.0,0.0,0.0,0.0,39.00950346203295,optimal
2021-02-10 22:30:00,41,103,0.0,0.0,0.0,0.1785,34.9965,6.0,10,19.70866655055425,,0.0,0.0,0.0,0.0,38.97049395857091,optimal
2021-02-10 23:00:00,41,103,0.0,0.0,0.0,0.3878333333333333,34.9965,6.0,10,19.62477393119008,,0.0,0.0,0.0,0.0,38.93152346461234,optimal
2021-02-10 23:30:00,41,103,0.0,0.0,0.0,0.297,34.9965,6.0,10,19.543930140659736,,0.0,0.0,0.0,0.0,38.89259194114773,optimal
2021-02-11 00:00:00,41,103,2.0,0.0,0.0,0.098,11.025,6.0,0,19.543930140659736,,7000.0,0.0,0.0,0.0,38.85369934920658,optimal
2021-02-11 00:30:00,41,103,2.0,0.0,0.0,0.034,12.0855,6.0,0,19.59831121101754,,0.0,0.0,7000.0,0.0,38.814845649857375,optimal
2021-02-11 01:00:00,41,103,2.0,0.0,0.0,0.034,11.6865,6.0,0,19.49873868343732,,4734.333333333334,0.0,2265.6666666666665,0.0,38.77603080420752,optimal
2021-02-11 01:30:00,41,103,2.0,0.0,0.0,0.034,11.2245,6.0,0,19.49973120048287,,7000.0,0.0,0.0,0.0,38.73725477340331,optimal
2021-02-11 02:00:00,41,103,2.0,0.0,0.0,0.034,11.025,6.0,0,19.54841242208696,,7000.0,0.0,0.0,0.0,38.69851751862991,optimal
2021-02-11 02:30:00,41,103,2.0,0.0,5.0,0.034,10.7835,6.0,0,19.596872792430275,,7000.0,0.0,0.0,0.0,41.03481900111127,optimal
2021-02-11 03:00:00,41,103,2.0,0.0,0.5319490696695384,0.034,11.025,6.0,0,19.644659645164868,,7000.0,0.0,0.0,0.0,41.24645999020319,optimal
2021-02-11 03:30:00,41,103,2.0,0.0,5.0,0.034,10.584,6.0,0,19.69177603582649,,7000.0,0.0,0.0,0.0,43.58021353021298,optimal
2021-02-11 04:00:00,41,103,2.0,0.0,5.0,0.034,11.025,6.0,0,19.739812845069142,,7000.0,0.0,0.0,0.0,45.91163331668277,optimal
2021-02-11 04:30:00,41,103,2.0,0.0,5.0,0.034,10.4265,6.0,0,19.788765897245685,,7000.0,0.0,0.0,0.0,48.24072168336608,optimal
2021-02-11 05:00:00,41,103,2.0,0.0,0.0,0.034,12.789,6.0,0,19.83749686495237,,7000.0,0.0,0.0,0.0,48.19248096168271,optimal
2021-02-11 05:30:00,41,103,2.0,0.0,0.0,0.034,12.684,6.0,0,19.886006755716007,,7000.0,0.0,0.0,0.0,48.144288480721016,optimal
2021-02-11 06:00:00,41,103,2.0,0.0,0.0,0.077,16.254,6.0,0,19.935430743192725,,7000.0,0.0,0.0,0.0,48.096144192240295,optimal
2021-02-11 06:30:00,41,103,2.0,0.0,0.0,0.121,17.64,6.0,0,19.987427662632644,,7000.0,0.0,0.0,0.0,48.048048048048045,optimal
2021-02-11 07:00:00,41,103,2.0,0.0,0.0,0.069,19.1625,6.0,0,20.045676679628823,,7000.0,0.0,0.0,0.0,48.0,optimal
2021-02-11 07:30:00,41,103,0.218328623678041,0.0,0.0,0.0536333333333333,26.46,6.0,0,20.1069673104173,,764.1501828731435,0.0,0.0,0.0,47.78433777844827,optimal
2021-02-11 08:00:00,41,103,2.0,0.0,0.0,0.0704333333333333,20.79,6.0,0,20.042358614156846,,7000.0,0.0,0.0,0.0,47.56889121911809,optimal
2021-02-11 08:30:00,41,103,0.0,0.0,0.0,0.0537,29.106,6.0,0,20.09963703615679,,0.0,0.0,0.0,0.0,47.35366010634724,optimal
2021-02-11 09:00:00,41,103,2.0,0.0,0.0,0.044,19.1835,6.0,0,20.0,,7000.0,0.0,0.0,0.0,47.138644224689166,optimal
2021-02-11 09:30:00,41,103,0.6977846824170236,0.0,0.0,0.044,19.6665,6.0,0,20.04432907627725,,2442.2463884595827,0.0,0.0,0.0,46.92384335891275,optimal
2021-02-11 10:00:00,41,103,1.195127478572531,0.0,0.0,0.044,19.404,6.0,0,20.0,,4182.946175003858,0.0,0.0,0.0,46.70925729400211,optimal
2021-02-11 10:30:00,41,103,2.0,0.0,0.0,0.044,19.047,6.0,0,20.0,,5119.0,0.0,1881.0,0.0,46.49488581515637,optimal
2021-02-11 11:00:00,41,103,2.0,0.0,0.0,0.293,18.858,6.0,0,20.016982305067295,,7000.0,0.0,0.0,0.0,46.280728707789486,optimal
2021-02-11 11:30:00,41,103,0.2833958017088028,0.0,0.0,1.4348666666666663,19.2675,6.0,0,20.07766717283134,,991.88530598081,0.0,0.0,0.0,46.06678575752996,optimal
2021-02-11 12:00:00,41,103,2.0,0.0,0.0,0.0510666666666666,18.963,6.0,0,20.032897704174797,,7000.0,0.0,0.0,0.0,45.8530567502207,optimal
2021-02-11 12:30:00,41,103,2.0,0.0,0.0,0.054,18.438,6.0,0,20.096694864626997,,7000.0,0.0,0.0,0.0,45.639541471918754,optimal
2021-02-11 13:00:00,41,103,2.0,0.0,0.0,0.1759333333333333,18.7425,6.0,0,20.16321318928201,,7000.0,0.0,0.0,0.0,45.4262397088951,optimal
2021-02-11 13:30:00,41,103,2.0,0.0,0.0,0.0964666666666666,15.2145,6.0,0,20.23515583488781,,7000.0,0.0,0.0,0.0,45.21315124763448,optimal
2021-02-11 14:00:00,41,103,2.0,0.0,0.0,0.072,17.7765,6.0,0,20.306563381644978,,7000.0,0.0,0.0,0.0,45.00027587483511,optimal
2021-02-11 14:30:00,41,103,2.0,0.0,0.0,0.0797,16.758,6.0,0,20.37670149302249,,7000.0,0.0,0.0,0.0,44.78761337740855,optimal
2021-02-11 15:00:00,41,103,2.0,0.0,0.0,0.2279666666666666,16.422,6.0,0,20.44531739015858,,7000.0,0.0,0.0,0.0,44.57516354247941,optimal
2021-02-11 15:30:00,41,103,2.0,0.0,0.0,1.3220666666666665,16.758,6.0,0,20.5191232339702,,7000.0,0.0,0.0,0.0,44.3629261573852,optimal
2021-02-11 16:00:00,41,103,0.0,0.0,0.0,0.5794666666666667,29.358,6.0,0,20.59184620077277,,0.0,0.0,0.0,0.0,44.15090100967608,optimal
2021-02-11 16:30:00,41,103,0.0,0.0,0.0,0.3456666666666667,34.9965,6.0,0,20.510338257684,,0.0,0.0,0.0,0.0,43.939087887114674,optimal
2021-02-11 17:00:00,41,103,0.0,0.0,0.0,0.2529333333333333,34.65,6.0,0,20.43025519963228,,0.0,0.0,0.0,0.0,43.72748657767583,optimal
2021-02-11 17:30:00,41,103,0.0,0.0,0.0,0.9192666666666668,34.9965,6.0,0,20.3405348859092,,0.0,0.0,0.0,0.0,43.51609686954642,optimal
2021-02-11 18:00:00,41,103,0.0,0.0,0.0,2.6285666666666665,34.9965,6.0,0,20.26017739191379,,0.0,0.0,0.0,0.0,43.30491855112515,optimal
2021-02-11 18:30:00,41,103,0.0,0.0,0.0,1.989233333333333,30.4815,6.0,0,20.178998715542747,,0.0,0.0,0.0,0.0,43.093951411022296,optimal
2021-02-11 19:00:00,41,103,0.0,0.0,0.0,0.1200333333333333,21.4305,6.0,0,20.09356758988433,,0.0,0.0,0.0,0.0,42.88319523805954,optimal
2021-02-11 19:30:00,41,103,1.3943362725090922,0.0,0.0,0.2397333333333333,14.3325,6.0,0,20.0,,4740.84362044849,0.0,139.33333333333331,0.0,42.67264982126975,optimal
2021-02-11 20:00:00,41,103,1.318358793888314,0.0,0.0,0.3765,13.692,6.0,0,20.0,,4614.255778609098,0.0,0.0,0.0,42.46231494989675,optimal
2021-02-11 20:30:00,41,103,0.0,0.0,0.0,0.272,14.007,6.0,0,20.0,,0.0,0.0,0.0,0.0,42.41985263494686,optimal
2021-02-11 21:00:00,41,103,0.0,0.0,0.0,0.426,12.873,6.0,0,19.91084231143342,,0.0,0.0,0.0,0.0,42.37743278231191,optimal
2021-02-11 21:30:00,41,103,0.0,0.0,0.0,0.1861999999999999,12.684,6.0,0,19.82422890896472,,0.0,0.0,0.0,0.0,42.3350553495296,optimal
2021-02-11 22:00:00,41,103,0.0199047619047619,0.0,0.0,0.2971333333333333,12.306,6.0,0,19.73881671624036,,0.0,0.0,69.66666666666666,0.0,42.292720294180064,optimal
2021-02-11 22:30:00,41,103,0.0597142857142857,0.0,0.0,0.2316666666666666,10.6365,6.0,0,19.65252822194404,,0.0,0.0,209.0,0.0,42.25042757388589,optimal
2021-02-11 23:00:00,41,103,0.0,0.0,0.0,0.1672333333333333,11.2455,6.0,0,19.5626461570267,,0.0,0.0,0.0,0.0,42.208177146312,optimal
2021-02-11 23:30:00,41,103,0.0,0.0,0.0,0.1252666666666667,11.2455,6.0,0,19.46698284668071,,0.0,0.0,0.0,0.0,42.16596896916569,optimal
2021-02-12 00:00:00,41,103,2.0,0.0,0.0,0.3355,10.584,6.0,-6,19.46698284668071,,6860.666666666667,0.0,139.33333333333331,0.0,42.12380300019653,optimal
2021-02-12 00:30:00,41,103,2.0,0.0,5.0,0.171,9.4185,6.0,-6,19.50665602542116,,5885.333333333334,0.0,1114.6666666666663,0.0,44.45667919719633,optimal
2021-02-12 01:00:00,41,103,2.0,0.0,3.768761352323793,0.1718,10.3635,6.0,-6,19.519334508386063,,7000.0,0.0,0.0,0.0,46.20238416035293,optimal
2021-02-12 01:30:00,41,103,2.0,0.0,5.0,0.1960666666666666,9.8385,6.0,-6,19.555436501326508,,7000.0,0.0,0.0,0.0,48.53118177619257,optimal
2021-02-12 02:00:00,41,103,2.0,0.0,0.0,0.1216666666666666,11.067,6.0,-6,19.59233920248609,,7000.0,0.0,0.0,0.0,48.48265059441637,optimal
2021-02-12 02:30:00,41,103,2.0,0.0,0.0,0.1734,10.8465,6.0,-6,19.627962005735075,,7000.0,0.0,0.0,0.0,48.434167943821954,optimal
2021-02-12 03:00:00,41,103,2.0,0.0,0.0,0.1318,13.671,6.0,-6,19.665873212229467,,7000.0,0.0,0.0,0.0,48.38573377587813,optimal
2021-02-12 03:30:00,41,103,2.0,0.0,0.0,0.0982,12.348,6.0,-6,19.70409773548075,,7000.0,0.0,0.0,0.0,48.33734804210225,optimal
2021-02-12 04:00:00,41,103,2.0,0.0,0.0,0.2696666666666666,14.3325,6.0,-6,19.744617230452945,,7000.0,0.0,0.0,0.0,48.28901069406015,optimal
2021-02-12 04:30:00,41,103,1.461065519152457,0.0,0.0,0.0645999999999999,15.393,6.0,-6,19.79173802254877,,5113.7293170336,0.0,0.0,0.0,48.24072168336608,optimal
2021-02-12 05:00:00,41,103,2.0,0.0,0.0,0.2405999999999999,13.587,6.0,-6,19.7977972164412,,7000.0,0.0,0.0,0.0,48.19248096168271,optimal
2021-02-12 05:30:00,41,103,0.0,0.0,0.0,0.1216666666666666,16.1385,6.0,-6,19.850416238543275,,0.0,0.0,0.0,0.0,48.144288480721016,optimal
2021-02-12 06:00:00,41,103,2.0,0.0,0.0,0.1898,14.595,6.0,-6,19.756569441238625,,7000.0,0.0,0.0,0.0,48.096144192240295,optimal
2021-02-12 06:30:00,41,103,2.0,0.0,0.0,0.1780666666666666,14.637,6.0,-6,19.815564832443822,,7000.0,0.0,0.0,0.0,48.048048048048045,optimal
2021-02-12 07:00:00,41,103,2.0,0.0,0.0,1.0233,13.9125,6.0,-6,19.87449925710085,,7000.0,0.0,0.0,0.0,48.0,optimal
2021-02-12 07:30:00,41,103,2.0,0.0,0.0,0.4017333333333333,13.3665,6.0,-6,19.93890426711965,,7000.0,0.0,0.0,0.0,47.85544443469157,optimal
2021-02-12 08:00:00,41,103,2.0,0.0,0.0,0.2207333333333332,13.0095,6.0,-6,20.0,,6721.333333333333,0.0,278.6666666666667,0.0,47.71103342494845,optimal
2021-02-12 08:30:00,41,103,0.622961749367914,0.0,0.0,0.3228,13.8915,6.0,-6,20.04536130944265,,2180.366122787699,0.0,0.0,0.0,47.56676682621508,optimal
2021-02-12 09:00:00,41,103,1.453814149672798,0.0,0.0,0.3120333333333334,13.188,6.0,-6,20.0,,4461.349523854793,0.0,627.0,0.0,47.42264449408044,optimal
2021-02-12 09:30:00,41,103,2.0,0.0,0.0,1.22,12.5685,6.0,-6,20.0,,4384.713333333333,0.0,2615.286666666667,0.0,47.278666284277925,optimal
2021-02-12 10:00:00,41,103,2.0,0.0,0.0,1.4663,12.285,6.0,-6,20.011646360786585,,7000.0,0.0,0.0,0.0,47.13483205268522,optimal
2021-02-12 10:30:00,41,103,2.0,0.0,0.0,0.8537333333333333,11.487,6.0,-6,20.0910761623748,,7000.0,0.0,0.0,0.0,46.99114165532411,optimal
2021-02-12 11:00:00,41,103,2.0,0.0,0.0,0.2924,11.802,6.0,-6,20.171498864329397,,7000.0,0.0,0.0,0.0,46.84759494836035,optimal
2021-02-12 11:30:00,41,103,2.0,0.0,0.0,0.8504666666666667,11.2245,6.0,-6,20.249658377662,,7000.0,0.0,0.0,0.0,46.70419178810357,optimal
2021-02-12 12:00:00,41,103,2.0,0.0,0.0,0.4745,11.025,6.0,-6,20.335016103140624,,7000.0,0.0,0.0,0.0,46.56093203100704,optimal
2021-02-12 12:30:00,41,103,2.0,0.0,0.0,0.2165,11.907,6.0,-6,20.41297839734431,,7000.0,0.0,0.0,0.0,46.4178155336676,optimal
2021-02-12 13:00:00,41,103,0.0,0.0,0.0,0.3744666666666665,25.83,6.0,-6,20.486580177470184,,0.0,0.0,0.0,0.0,46.27484215282551,optimal
2021-02-12 13:30:00,41,103,0.0,0.0,0.0,0.7448666666666667,28.035,6.0,-6,20.415889413793067,,0.0,0.0,0.0,0.0,46.13201174536425,optimal
2021-02-12 14:00:00,41,103,0.0,0.0,0.0,0.5498666666666667,28.119,6.0,-6,20.353785464002545,,0.0,0.0,0.0,0.0,45.98932416831046,optimal
2021-02-12 14:30:00,41,103,0.0,0.0,0.0,0.4184666666666666,30.156,6.0,-6,20.28751703064491,,0.0,0.0,0.0,0.0,45.84677927883372,optimal
2021-02-12 15:00:00,41,103,0.0,0.0,0.0,0.4772666666666667,29.1585,6.0,-6,20.219389081475963,,0.0,0.0,0.0,0.0,45.70437693424646,optimal
2021-02-12 15:30:00,41,103,0.0,0.0,0.0,0.7540666666666668,26.712,6.0,-6,20.152449169250875,,0.0,0.0,0.0,0.0,45.56211699200379,optimal
2021-02-12 16:00:00,41,103,0.0,0.0,0.0,0.6150666666666668,15.435,6.0,-6,20.09741801909594,,0.0,0.0,0.0,0.0,45.41999930970336,optimal
2021-02-12 16:30:00,41,103,0.3401067605970516,0.0,0.0,0.37,13.566,6.0,-6,20.038107307100717,,1190.3736620896805,0.0,0.0,0.0,45.27802374508523,optimal
2021-02-12 17:00:00,41,103,0.8364773087558139,0.0,0.0,0.5011,12.789,6.0,-6,20.0,,2927.6705806453488,0.0,0.0,0.0,45.13619015603172,optimal
2021-02-12 17:30:00,41,103,1.8259371190836284,0.0,0.0,0.3625666666666666,12.1275,6.0,-6,20.0,,6080.066583459367,0.0,310.7133333333333,0.0,44.99449840056726,optimal
2021-02-12 18:00:00,41,103,0.0,0.0,0.0,0.4092,13.671,6.0,-6,20.062505210614468,,0.0,0.0,0.0,0.0,44.85294833685826,optimal
2021-02-12 18:30:00,41,103,2.0,0.0,0.0,0.4066666666666667,10.668,6.0,-6,20.0,,6721.333333333333,0.0,278.66666666666663,0.0,44.71153982321297,optimal
2021-02-12 19:00:00,41,103,0.0,0.0,0.0,0.3657666666666666,11.7285,6.0,-6,20.076585255059108,,0.0,0.0,0.0,0.0,44.57027271808133,optimal
2021-02-12 19:30:00,41,103,0.7774427429973219,0.0,0.0,0.4295,11.025,6.0,-6,20.0097116782005,,2721.0496004906263,0.0,0.0,0.0,44.42914688005482,optimal
2021-02-12 20:00:00,41,103,0.997969967485132,0.0,0.0,0.1918,10.689,6.0,-6,20.0,,3492.8948861979625,0.0,0.0,0.0,44.28816216786634,optimal
2021-02-12 20:30:00,41,103,0.2587619047619047,0.0,0.0,0.1800666666666666,8.1585,6.0,-6,20.0,,0.0,0.0,905.6666666666666,0.0,44.147318440390045,optimal
2021-02-12 21:00:00,41,103,0.0,0.0,0.0,0.2845,10.3635,6.0,-6,19.923830036101883,,0.0,0.0,0.0,0.0,44.00661555664123,optimal
2021-02-12 21:30:00,41,103,0.0,0.0,0.0,0.2404666666666666,10.8045,6.0,-6,19.84781840997181,,0.0,0.0,0.0,0.0,43.86605337577616,optimal
2021-02-12 22:00:00,41,103,0.0,0.0,0.0,0.3713,11.025,6.0,-6,19.77388987789941,,0.0,0.0,0.0,0.0,43.72563175709196,optimal
2021-02-12 22:30:00,41,103,0.0,0.0,0.0,0.2585666666666666,10.3635,6.0,-6,19.70412319000239,,0.0,0.0,0.0,0.0,43.58535056002644,optimal
2021-02-12 23:00:00,41,103,0.0,0.0,0.0,0.3608666666666666,10.8045,6.0,-6,19.63488562055729,,0.0,0.0,0.0,0.0,43.54176520946641,optimal
2021-02-12 23:30:00,41,103,0.0,0.0,0.0,0.3558,10.059,6.0,-6,19.565873748289864,,0.0,0.0,0.0,0.0,43.49822344425694,optimal
2021-02-13 00:00:00,41,103,0.0,0.0,0.0,0.059,11.907,6.0,5,19.565873748289864,,0.0,0.0,0.0,0.0,43.45472522081268,optimal
2021-02-13 00:30:00,41,103,0.0,0.0,0.0,0.059,11.025,6.0,5,19.48022166422695,,0.0,0.0,0.0,0.0,43.41127049559187,optimal
2021-02-13 01:00:00,41,103,2.0,0.0,0.0,0.059,8.2005,6.0,5,19.395184990640686,,1357.0,0.0,5643.0,0.0,43.36785922509628,optimal
2021-02-13 01:30:00,41,103,2.0,0.0,0.0,0.2434666666666666,9.5655,6.0,5,19.33932633900633,,7000.0,0.0,0.0,0.0,43.32449136587119,optimal
2021-02-13 02:00:00,41,103,2.0,0.0,5.0,0.061,7.056,6.0,5,19.40648516507584,,7000.0,0.0,0.0,0.0,45.65616687450532,optimal
2021-02-13 02:30:00,41,103,2.0,0.0,0.0,0.1379666666666666,9.3975,6.0,5,19.469816367683112,,7000.0,0.0,0.0,0.0,45.61051070763081,optimal
2021-02-13 03:00:00,41,103,2.0,0.0,0.0,0.1581666666666666,10.059,6.0,5,19.53452253724945,,7000.0,0.0,0.0,0.0,45.564900196923176,optimal
2021-02-13 03:30:00,41,103,2.0,0.0,0.0,0.1088,9.261,6.0,5,19.599360373686974,,7000.0,0.0,0.0,0.0,45.519335296726254,optimal
2021-02-13 04:00:00,41,103,2.0,0.0,0.7034551635156038,0.059,8.1585,6.0,5,19.662638038821527,,7000.0,0.0,0.0,0.0,45.80795716409944,optimal
2021-02-13 04:30:00,41,103,2.0,0.0,0.0,0.1581666666666666,9.4815,6.0,5,19.724353488812053,,7000.0,0.0,0.0,0.0,45.76214920693534,optimal
2021-02-13 05:00:00,41,103,2.0,0.0,0.0,0.0881666666666666,8.379,6.0,5,19.787422785876423,,7000.0,0.0,0.0,0.0,45.7163870577284,optimal
2021-02-13 05:30:00,41,103,2.0,0.0,0.0,0.0918666666666666,9.5235,6.0,5,19.848278760718824,,7000.0,0.0,0.0,0.0,45.670670670670674,optimal
2021-02-13 06:00:00,41,103,2.0,0.0,5.0,0.2526,8.1375,6.0,5,19.90934593625584,,7000.0,0.0,0.0,0.0,48.0,optimal
2021-02-13 06:30:00,41,103,2.0,0.0,0.0,1.1843666666666666,10.0905,6.0,5,19.97846182452488,,7000.0,0.0,0.0,0.0,47.81528903203714,optimal
2021-02-13 07:00:00,41,103,2.0,0.0,0.0,0.1806666666666666,7.539,6.0,5,20.05363915068951,,7000.0,0.0,0.0,0.0,47.63076277504225,optimal
2021-02-13 07:30:00,41,103,2.0,0.0,0.0,0.2736333333333333,7.938,6.0,5,20.12353568139506,,7000.0,0.0,0.0,0.0,47.44642104430435,optimal
2021-02-13 08:00:00,41,103,2.0,0.0,0.0,0.2831666666666667,8.274,6.0,5,20.193469972507696,,7000.0,0.0,0.0,0.0,47.26226365529719,optimal
2021-02-13 08:30:00,41,103,2.0,0.0,0.0,0.2178,9.261,6.0,5,20.26246441218101,,7000.0,0.0,0.0,0.0,47.07829042367904,optimal
2021-02-13 09:00:00,41,103,2.0,0.0,0.0,0.1873333333333333,9.9225,6.0,5,20.325049839280865,,7000.0,0.0,0.0,0.0,46.8945011652925,optimal
2021-02-13 09:30:00,41,103,2.0,0.0,0.0,0.0756,9.702,6.0,5,20.378888563084057,,7000.0,0.0,0.0,0.0,46.71089569616436,optimal
2021-02-13 10:00:00,41,103,2.0,0.0,0.0,0.1213666666666666,10.584,6.0,5,20.431265176142567,,7000.0,0.0,0.0,0.0,46.527473832505336,optimal
2021-02-13 10:30:00,41,103,2.0,0.0,0.0,0.1581666666666666,10.143,6.0,5,20.485501752757408,,7000.0,0.0,0.0,0.0,46.344235390709976,optimal
2021-02-13 11:00:00,41,103,0.0,0.0,0.0,0.059,13.0095,6.0,5,20.54049376437537,,0.0,0.0,0.0,0.0,46.16118018735641,optimal
2021-02-13 11:30:00,41,103,2.0,0.0,0.0,0.2039333333333333,11.025,6.0,5,20.44602277765517,,7000.0,0.0,0.0,0.0,45.9783080392062,optimal
2021-02-13 12:00:00,41,103,0.0,0.0,0.0,0.0922,12.789,6.0,5,20.50261097041341,,0.0,0.0,0.0,0.0,45.79561876320414,optimal
2021-02-13 12:30:00,41,103,0.4269038135450815,0.0,0.0,0.1756666666666666,12.1275,6.0,5,20.40946438865941,,1494.1633474077853,0.0,0.0,0.0,45.61311217647808,optimal
2021-02-13 13:00:00,41,103,2.0,0.0,0.0,0.1204666666666666,12.1695,6.0,5,20.35040380684952,,7000.0,0.0,0.0,0.0,45.43078809633875,optimal
2021-02-13 13:30:00,41,103,0.0,0.0,0.0,0.059,12.306,6.0,5,20.406802957224823,,0.0,0.0,0.0,0.0,45.24864634027956,optimal
2021-02-13 14:00:00,41,103,0.0,0.0,0.0,0.2371333333333333,13.23,6.0,5,20.314753157758755,,0.0,0.0,0.0,0.0,45.066686725976425,optimal
2021-02-13 14:30:00,41,103,0.0,0.0,0.0,1.502733333333333,13.671,6.0,5,20.22732440491932,,0.0,0.0,0.0,0.0,44.8849090712876,optimal
2021-02-13 15:00:00,41,103,0.0,0.0,0.0,0.3867,13.9335,6.0,5,20.15192905619604,,0.0,0.0,0.0,0.0,44.703313194253454,optimal
2021-02-13 15:30:00,41,103,0.0,0.0,0.0,0.2601,13.293,6.0,5,20.077627212204412,,0.0,0.0,0.0,0.0,44.52189891309634,optimal
2021-02-13 16:00:00,41,103,0.9845534832177836,0.0,0.0,0.287,12.1065,6.0,5,20.0,,3445.9371912622423,0.0,0.0,0.0,44.34066604622039,optimal
2021-02-13 16:30:00,41,103,1.3781988680951904,0.0,0.0,0.4688,11.571,6.0,5,20.0,,4823.696038333166,0.0,0.0,0.0,44.15961441221132,optimal
2021-02-13 17:00:00,41,103,2.0,0.0,0.0,0.7129,11.025,6.0,5,20.039086232614853,,7000.0,0.0,0.0,0.0,43.978743829836255,optimal
2021-02-13 17:30:00,41,103,2.0,0.0,0.0,2.010933333333333,10.8465,6.0,5,20.119540731213288,,7000.0,0.0,0.0,0.0,43.79805411804356,optimal
2021-02-13 18:00:00,41,103,2.0,0.0,0.0,0.5112666666666666,11.2455,6.0,5,20.201842669308707,,7000.0,0.0,0.0,0.0,43.61754509596266,optimal
2021-02-13 18:30:00,41,103,0.0,0.0,0.0,0.2032666666666666,23.8665,6.0,5,20.27928135555372,,0.0,0.0,0.0,0.0,43.43721658290384,optimal
2021-02-13 19:00:00,41,103,0.0,0.0,0.0,0.3564666666666666,27.4575,6.0,5,20.204277234162927,,0.0,0.0,0.0,0.0,43.257068398358086,optimal
2021-02-13 19:30:00,41,103,0.0,0.0,0.0,0.3182,27.3735,6.0,5,20.140217685037804,,0.0,0.0,0.0,0.0,43.07710036199687,optimal
2021-02-13 20:00:00,41,103,0.0,0.0,0.0,0.4972666666666666,30.4605,6.0,5,20.067835947420416,,0.0,0.0,0.0,0.0,42.897312293672016,optimal
2021-02-13 20:30:00,41,103,0.0,0.0,0.0,0.2710666666666667,30.0195,6.0,5,20.0,,0.0,0.0,0.0,0.0,42.717704013415485,optimal
2021-02-13 21:00:00,41,103,0.0,0.0,0.0,0.4558,26.9325,6.0,5,19.92418425720095,,0.0,0.0,0.0,0.0,42.53827534143922,optimal
2021-02-13 21:30:00,41,103,0.0,0.0,0.0,0.434,14.595,6.0,5,19.85708842364565,,0.0,0.0,0.0,0.0,42.35902609813492,optimal
2021-02-13 22:00:00,41,103,0.0,0.0,0.0,0.465,12.4845,6.0,5,19.78987437967177,,0.0,0.0,0.0,0.0,42.17995610407393,optimal
2021-02-13 22:30:00,41,103,0.0,0.0,0.0,0.6147999999999999,12.1275,6.0,5,19.72745723010574,,0.0,0.0,0.0,0.0,42.13777614796986,optimal
2021-02-13 23:00:00,41,103,0.0,0.0,0.0,0.2833333333333333,12.1275,6.0,5,19.669605091713,,0.0,0.0,0.0,0.0,42.09563837182189,optimal
2021-02-13 23:30:00,41,103,0.0,0.0,0.0,0.1923333333333332,12.789,6.0,5,19.605720827922173,,0.0,0.0,0.0,0.0,42.05354273345007,optimal
2021-02-07 00:00:00,42,103,0.0,0.0,0.0,0.061,12.5475,6.0,9,21.0,,0.0,0.0,0.0,0.0,47.952,optimal
2021-02-07 00:30:00,42,103,0.0,0.0,0.0,0.061,12.0855,6.0,9,20.924606288024645,,0.0,0.0,0.0,0.0,47.904048,optimal
2021-02-07 01:00:00,42,103,0.0,0.0,0.0,0.061,11.907,6.0,9,20.849100945125617,,0.0,0.0,0.0,0.0,47.856143952,optimal
2021-02-07 01:30:00,42,103,0.0,0.0,0.0,0.061,12.5685,6.0,9,20.77348447773701,,0.0,0.0,0.0,0.0,47.80828780804799,optimal
2021-02-07 02:00:00,42,103,0.0,0.0,0.0,0.061,13.146,6.0,9,20.69798422413542,,0.0,0.0,0.0,0.0,47.76047952023995,optimal
2021-02-07 02:30:00,42,103,0.0,0.0,0.0,0.061,10.584,6.0,9,20.62259965709576,,0.0,0.0,0.0,0.0,47.712719040719705,optimal
2021-02-07 03:00:00,42,103,0.0,0.0,0.0,0.061,6.678,6.0,9,20.547103417644752,,0.0,0.0,0.0,0.0,47.66500632167899,optimal
2021-02-07 03:30:00,42,103,0.0,0.0,0.0,0.061,7.938,6.0,9,20.47149601240471,,0.0,0.0,0.0,0.0,47.61734131535731,optimal
2021-02-07 04:00:00,42,103,2.142857142857143,0.0,0.0,0.061,5.292,6.0,9,20.39600477983959,,7500.0,0.0,0.0,0.0,47.56972397404195,optimal
2021-02-07 04:30:00,42,103,0.0,0.0,0.0,0.061,9.261,6.0,9,20.47850725148148,,0.0,0.0,0.0,0.0,47.52215425006791,optimal
2021-02-07 05:00:00,42,103,0.0,0.0,0.0,0.061,10.3635,6.0,9,20.40275737700859,,0.0,0.0,0.0,0.0,47.47463209581784,optimal
2021-02-07 05:30:00,42,103,0.0,0.0,0.0,0.0623333333333333,8.274,6.0,9,20.327351155688383,,0.0,0.0,0.0,0.0,47.42715746372202,optimal
2021-02-07 06:00:00,42,103,0.0,0.0,0.0,0.071,7.7175,6.0,9,20.252287028475507,,0.0,0.0,0.0,0.0,47.379730306258296,optimal
2021-02-07 06:30:00,42,103,1.8303624268934584,0.0,0.0,0.071,6.615,6.0,9,20.177563443397503,,6406.2684941271045,0.0,0.0,0.0,47.332350575952034,optimal
2021-02-07 07:00:00,42,103,2.142857142857143,0.0,0.0,0.062,6.174,6.0,9,20.237806585720723,,7500.0,0.0,0.0,0.0,47.285018225376085,optimal
2021-02-07 07:30:00,42,103,2.142857142857143,0.0,1.604772195472187,1.0687,3.906,6.0,9,20.32157648688115,,7500.0,0.0,0.0,0.0,48.0,optimal
2021-02-07 08:00:00,42,103,2.142857142857143,0.0,0.0,1.0799,2.3415,6.0,9,20.409528171544487,,7500.0,0.0,0.0,0.0,47.76126935623258,optimal
2021-02-07 08:30:00,42,103,2.142857142857143,0.0,0.0,0.2088,2.205,6.0,9,20.497942638104774,,7500.0,0.0,0.0,0.0,47.522777443108936,optimal
2021-02-07 09:00:00,42,103,2.142857142857143,0.0,0.0,0.1624666666666666,0.882,6.0,9,20.588227775374204,,7500.0,0.0,0.0,0.0,47.28452402189841,optimal
2021-02-07 09:30:00,42,103,2.142857142857143,0.0,0.0,0.1168,1.5435,6.0,9,20.679230025349472,,7500.0,0.0,0.0,0.0,47.0465088541091,optimal
2021-02-07 10:00:00,42,103,2.142857142857143,0.0,0.0,0.0876666666666666,1.5435,6.0,9,20.763833584097668,,7500.0,0.0,0.0,0.0,46.80873170148757,optimal
2021-02-07 10:30:00,42,103,2.142857142857143,0.0,0.0,0.2831333333333333,5.0715,6.0,9,20.850390812499697,,7500.0,0.0,0.0,0.0,46.57119232601867,optimal
2021-02-07 11:00:00,42,103,2.142857142857143,0.0,0.0,0.1659333333333333,5.376,6.0,9,20.94404541215929,,7500.0,0.0,0.0,0.0,46.33389048992523,optimal
2021-02-07 11:30:00,42,103,2.142857142857143,0.0,0.0,1.8819,5.0715,6.0,9,21.035284081951517,,7500.0,0.0,0.0,0.0,46.09682595566789,optimal
2021-02-07 12:00:00,42,103,2.142857142857143,0.0,0.0,3.6092,5.5125,6.0,9,21.13137999329125,,7500.0,0.0,0.0,0.0,45.85999848594481,optimal
2021-02-07 12:30:00,42,103,0.0,0.0,0.0,1.0542,9.261,6.0,9,21.2302189812876,,0.0,0.0,0.0,0.0,45.623407843691446,optimal
2021-02-07 13:00:00,42,103,0.0,0.0,0.0,0.071,11.7075,6.0,9,21.145403237891955,,0.0,0.0,0.0,0.0,45.38705379208034,optimal
2021-02-07 13:30:00,42,103,0.0,0.0,0.0,0.071,12.348,6.0,9,21.056832923754747,,0.0,0.0,0.0,0.0,45.15093609452084,optimal
2021-02-07 14:00:00,42,103,0.0,0.0,0.0,0.071,12.348,6.0,9,20.96889125917837,,0.0,0.0,0.0,0.0,44.9150545146589,optimal
2021-02-07 14:30:00,42,103,0.0,0.0,0.0,0.071,12.1275,6.0,9,20.881575392453087,,0.0,0.0,0.0,0.0,44.67940881637682,optimal
2021-02-07 15:00:00,42,103,0.0,0.0,0.0,0.071,12.5265,6.0,9,20.79488248425864,,0.0,0.0,0.0,0.0,44.44399876379303,optimal
2021-02-07 15:30:00,42,103,0.0,0.0,0.0,0.071,11.7495,6.0,9,20.708809709082924,,0.0,0.0,0.0,0.0,44.20882412126181,optimal
2021-02-07 16:00:00,42,103,0.0,0.0,0.0,0.071,13.23,6.0,9,20.622446916365845,,0.0,0.0,0.0,0.0,43.97388465337313,optimal
2021-02-07 16:30:00,42,103,0.0,0.0,0.0,0.071,14.3325,6.0,9,20.535795420329094,,0.0,0.0,0.0,0.0,43.73918012495234,optimal
2021-02-07 17:00:00,42,103,0.0,0.0,0.0,0.069,14.994,6.0,9,20.449763868784117,,0.0,0.0,0.0,0.0,43.50471030105997,optimal
2021-02-07 17:30:00,42,103,0.0,0.0,0.0,0.1707,14.8155,6.0,9,20.371120662086952,,0.0,0.0,0.0,0.0,43.2704749469915,optimal
2021-02-07 18:00:00,42,103,0.0,0.0,0.0,0.1292666666666666,14.112,6.0,9,20.300003684724544,,0.0,0.0,0.0,0.0,43.03647382827709,optimal
2021-02-07 18:30:00,42,103,0.0,0.0,0.0,1.2464666666666666,14.007,6.0,9,20.225415739836397,,0.0,0.0,0.0,0.0,42.80270671068139,optimal
2021-02-07 19:00:00,42,103,0.0,0.0,0.0,0.5791333333333333,13.23,6.0,9,20.165286911601445,,0.0,0.0,0.0,0.0,42.75990400397071,optimal
2021-02-07 19:30:00,42,103,0.0,0.0,0.0,0.1725,11.382,6.0,9,20.11399022618667,,0.0,0.0,0.0,0.0,42.71714409996674,optimal
2021-02-07 20:00:00,42,103,0.0,0.0,0.0,0.3063,11.7495,6.0,9,20.05607434982038,,0.0,0.0,0.0,0.0,42.67442695586677,optimal
2021-02-07 20:30:00,42,103,0.0,0.0,0.0,0.3846666666666667,24.3285,6.0,9,20.0,,0.0,0.0,0.0,0.0,42.6317525289109,optimal
2021-02-07 21:00:00,42,103,0.0,0.0,0.0,0.6710333333333333,28.917,6.0,9,19.943766369212774,,0.0,0.0,0.0,0.0,42.58912077638199,optimal
2021-02-07 21:30:00,42,103,0.0,0.0,0.0,0.1283666666666666,31.3635,6.0,9,19.893793151087287,,0.0,0.0,0.0,0.0,42.546531655605605,optimal
2021-02-07 22:00:00,42,103,0.0,0.0,0.0,0.2454,33.306,6.0,9,19.83094908186194,,0.0,0.0,0.0,0.0,42.50398512395,optimal
2021-02-07 22:30:00,42,103,0.0,0.0,0.0,0.071,31.3425,6.0,9,19.768942338609445,,0.0,0.0,0.0,0.0,42.46148113882605,optimal
2021-02-07 23:00:00,42,103,0.0,0.0,0.0,0.071,28.2555,6.0,9,19.69414319367242,,0.0,0.0,0.0,0.0,42.41901965768722,optimal
2021-02-07 23:30:00,42,103,0.0,0.0,0.0,0.068,15.6975,6.0,9,19.61968338872974,,0.0,0.0,0.0,0.0,42.37660063802954,optimal
2021-02-08 00:00:00,42,103,2.142857142857143,0.0,0.0,0.059,5.5755,6.0,-5,19.61968338872974,,7500.0,0.0,0.0,0.0,42.33422403739151,optimal
2021-02-08 00:30:00,42,103,2.142857142857143,0.0,5.0,0.2465,5.0925,6.0,-5,19.70158898406058,,0.0,0.0,7500.0,0.0,44.66688981335412,optimal
2021-02-08 01:00:00,42,103,2.142857142857143,0.0,5.0,0.3066666666666667,4.1895,6.0,-5,19.62919189257941,,5455.666666666667,0.0,2044.3333333333333,0.0,46.99722292354076,optimal
2021-02-08 01:30:00,42,103,2.142857142857143,0.0,0.0,0.0612,7.056,6.0,-5,19.67479853179395,,7500.0,0.0,0.0,0.0,46.95022570061722,optimal
2021-02-08 02:00:00,42,103,2.142857142857143,0.0,3.5294443427657174,0.1710666666666666,5.271,6.0,-5,19.76251851827713,,7500.0,0.0,0.0,0.0,48.57976153773031,optimal
2021-02-08 02:30:00,42,103,2.142857142857143,0.0,0.0,0.0908666666666666,7.938,6.0,-5,19.849231998804704,,7500.0,0.0,0.0,0.0,48.53118177619257,optimal
2021-02-08 03:00:00,42,103,2.142857142857143,0.0,0.0,0.1894666666666666,7.938,6.0,-5,19.93054017709311,,7500.0,0.0,0.0,0.0,48.48265059441637,optimal
2021-02-08 03:30:00,42,103,2.142857142857143,0.0,0.0,0.059,11.907,6.0,-5,20.01378189031756,,7500.0,0.0,0.0,0.0,48.434167943821954,optimal
2021-02-08 04:00:00,42,103,2.142857142857143,0.0,0.0,0.2952666666666667,11.025,6.0,-5,20.09367275161442,,7500.0,0.0,0.0,0.0,48.38573377587813,optimal
2021-02-08 04:30:00,42,103,2.142857142857143,0.0,0.0,0.0864666666666666,11.2875,6.0,-5,20.177947848959967,,7500.0,0.0,0.0,0.0,48.33734804210225,optimal
2021-02-08 05:00:00,42,103,2.142857142857143,0.0,0.0,0.206,12.936,6.0,-5,20.256991623490176,,7500.0,0.0,0.0,0.0,48.28901069406015,optimal
2021-02-08 05:30:00,42,103,2.142857142857143,0.0,0.0,0.1757333333333333,13.0095,6.0,-5,20.33773935862138,,7500.0,0.0,0.0,0.0,48.24072168336608,optimal
2021-02-08 06:00:00,42,103,0.0,0.0,0.0,0.059,13.671,6.0,-5,20.41725680707502,,0.0,0.0,0.0,0.0,48.19248096168271,optimal
2021-02-08 06:30:00,42,103,0.5513237777715091,0.0,0.0,0.059,13.188,6.0,-5,20.335851333105587,,1929.6332222002816,0.0,0.0,0.0,48.144288480721016,optimal
2021-02-08 07:00:00,42,103,0.0,0.0,0.0,0.2399666666666666,13.8495,6.0,-5,20.295207902059683,,0.0,0.0,0.0,0.0,48.096144192240295,optimal
2021-02-08 07:30:00,42,103,2.142857142857143,0.0,0.0,0.2024333333333333,13.23,6.0,-5,20.221388683675706,,7500.0,0.0,0.0,0.0,48.048048048048045,optimal
2021-02-08 08:00:00,42,103,2.142857142857143,0.0,0.0,0.0983666666666666,13.3665,6.0,-5,20.309251908279684,,7500.0,0.0,0.0,0.0,48.0,optimal
2021-02-08 08:30:00,42,103,2.142857142857143,0.0,0.0,1.165,13.0515,6.0,-5,20.39364144357581,,7500.0,0.0,0.0,0.0,47.632035728549816,optimal
2021-02-08 09:00:00,42,103,0.0,0.0,0.0,0.7259,13.5345,6.0,-5,20.482069876823235,,0.0,0.0,0.0,0.0,47.26443942137109,optimal
2021-02-08 09:30:00,42,103,0.0,0.0,0.0,0.3438333333333333,14.154,6.0,-5,20.40237777265449,,0.0,0.0,0.0,0.0,46.897210710499536,optimal
2021-02-08 10:00:00,42,103,0.0,0.0,0.0,0.2771,14.112,6.0,-5,20.32530480525727,,0.0,0.0,0.0,0.0,46.53034922833886,optimal
2021-02-08 10:30:00,42,103,0.0,0.0,0.0,0.2605,14.2485,6.0,-5,20.248503200516712,,0.0,0.0,0.0,0.0,46.16385460766033,optimal
2021-02-08 11:00:00,42,103,2.142857142857143,0.0,0.0,0.2482333333333332,12.789,6.0,-5,20.169118667936303,,7500.0,0.0,0.0,0.0,45.79772648160249,optimal
2021-02-08 11:30:00,42,103,2.142857142857143,0.0,0.0,0.1535,13.0095,6.0,-5,20.242963310719645,,7500.0,0.0,0.0,0.0,45.431964483670704,optimal
2021-02-08 12:00:00,42,103,2.142857142857143,0.0,0.0,0.0723333333333333,12.1275,6.0,-5,20.314932436762405,,7500.0,0.0,0.0,0.0,45.06656824773685,optimal
2021-02-08 12:30:00,42,103,2.142857142857143,0.0,0.0,0.3637666666666666,12.348,6.0,-5,20.38635160914874,,7500.0,0.0,0.0,0.0,44.70153740803894,optimal
2021-02-08 13:00:00,42,103,2.142857142857143,0.0,0.0,1.3012,12.348,6.0,-5,20.466551842445465,,7500.0,0.0,0.0,0.0,44.33687159918072,optimal
2021-02-08 13:30:00,42,103,0.0,0.0,0.0,0.069,25.389,6.0,-5,20.5475450865732,,0.0,0.0,0.0,0.0,43.97257045613136,optimal
2021-02-08 14:00:00,42,103,0.0,0.0,0.0,0.172,29.1375,6.0,-5,20.461197613762227,,0.0,0.0,0.0,0.0,43.60863361422504,optimal
2021-02-08 14:30:00,42,103,0.0,0.0,0.0,0.2297333333333333,30.597,6.0,-5,20.377863732372624,,0.0,0.0,0.0,0.0,43.24506070916063,optimal
2021-02-08 15:00:00,42,103,0.0,0.0,0.0,0.1929333333333333,33.684,6.0,-5,20.2954427181602,,0.0,0.0,0.0,0.0,42.88185137700129,optimal
2021-02-08 15:30:00,42,103,0.0,0.0,0.0,0.3601333333333333,32.445,6.0,-5,20.21651541848776,,0.0,0.0,0.0,0.0,42.5190052541741,optimal
2021-02-08 16:00:00,42,103,0.0,0.0,0.0,0.0989333333333333,28.917,6.0,-5,20.147498351737863,,0.0,0.0,0.0,0.0,42.15652197746975,optimal
2021-02-08 16:30:00,42,103,0.0,0.0,0.0,0.2104666666666666,15.876,6.0,-5,20.073738977087864,,0.0,0.0,0.0,0.0,41.7944011840421,optimal
2021-02-08 17:00:00,42,103,1.1688400714458702,0.0,0.0,0.2648666666666667,12.348,6.0,-5,20.0,,3463.940250060546,0.0,627.0,0.0,41.43264251140788,optimal
2021-02-08 17:30:00,42,103,1.992275570677722,0.0,0.0,0.1645333333333333,12.1275,6.0,-5,20.0,,6903.29783070536,0.0,69.66666666666666,0.0,41.071245597446286,optimal
2021-02-08 18:00:00,42,103,0.0,0.0,0.0,0.6832333333333334,12.348,6.0,-5,20.068215696299184,,0.0,0.0,0.0,0.0,40.71021008039866,optimal
2021-02-08 18:30:00,42,103,0.7579554081749299,0.0,0.0,1.6411,12.1275,6.0,-5,20.0,,2374.177261945588,0.0,278.66666666666663,0.0,40.34953559886808,optimal
2021-02-08 19:00:00,42,103,1.0257413815410965,0.0,0.0,0.2723666666666667,12.1275,6.0,-5,20.0,,3241.7615020605035,0.0,348.3333333333333,0.0,39.98922179181903,optimal
2021-02-08 19:30:00,42,103,1.105301556680656,0.0,0.0,0.1712333333333333,11.2665,6.0,-5,20.0,,3241.555448382296,0.0,627.0,0.0,39.629268298577024,optimal
2021-02-08 20:00:00,42,103,0.8818045889630844,0.0,0.0,0.4619666666666666,10.143,6.0,-5,20.0,,2737.982728037462,0.0,348.3333333333333,0.0,39.269674758828266,optimal
2021-02-08 20:30:00,42,103,0.0,0.0,0.0,0.2208,11.2455,6.0,-5,20.0,,0.0,0.0,0.0,0.0,38.91044081261926,optimal
2021-02-08 21:00:00,42,103,0.0,0.0,0.0,1.2643666666666666,11.025,6.0,-5,19.939196579472693,,0.0,0.0,0.0,0.0,38.55156610035645,optimal
2021-02-08 21:30:00,42,103,0.0796190476190476,0.0,0.0,0.3362,5.9745,6.0,-5,19.86920828800395,,0.0,0.0,278.66666666666663,0.0,38.19305026280591,optimal
2021-02-08 22:00:00,42,103,0.0,0.0,0.0,0.3621999999999999,7.938,6.0,-5,19.80165393211818,,0.0,0.0,0.0,0.0,38.15485721254311,optimal
2021-02-08 22:30:00,42,103,0.0,0.0,0.0,0.1715,8.6835,6.0,-5,19.736463248007723,,0.0,0.0,0.0,0.0,38.11670235533057,optimal
2021-02-08 23:00:00,42,103,0.0,0.0,0.0,0.182,7.665,6.0,-5,19.66730471267501,,0.0,0.0,0.0,0.0,38.07858565297524,optimal
2021-02-08 23:30:00,42,103,0.0,0.0,0.0,0.1028,6.7725,6.0,-5,19.59757702249664,,0.0,0.0,0.0,0.0,38.04050706732226,optimal
2021-02-09 00:00:00,42,103,2.142857142857143,0.0,0.0,0.1435333333333333,11.466,6.0,2,19.59757702249664,,7500.0,0.0,0.0,0.0,38.00246656025494,optimal
2021-02-09 00:30:00,42,103,2.142857142857143,0.0,5.0,0.1615,10.8045,6.0,2,19.677681416807616,,0.0,0.0,7500.0,0.0,40.33946409369468,optimal
2021-02-09 01:00:00,42,103,2.142857142857143,0.0,5.0,0.056,10.584,6.0,2,19.59965890961839,,0.0,0.0,7500.0,0.0,42.67412462960098,optimal
2021-02-09 01:30:00,42,103,2.142857142857143,0.0,0.0,0.056,11.2455,6.0,2,19.52010163395079,,5640.666666666667,0.0,1859.3333333333333,0.0,42.63145050497138,optimal
2021-02-09 02:00:00,42,103,2.142857142857143,0.0,0.0,0.1833,12.1275,6.0,2,19.55918994977765,,7500.0,0.0,0.0,0.0,42.58881905446641,optimal
2021-02-09 02:30:00,42,103,2.142857142857143,0.0,0.0,0.0761,11.823,6.0,2,19.63946670786877,,7500.0,0.0,0.0,0.0,42.54623023541195,optimal
2021-02-09 03:00:00,42,103,2.142857142857143,0.0,0.0,0.056,11.7705,6.0,2,19.717349506195028,,7500.0,0.0,0.0,0.0,42.50368400517654,optimal
2021-02-09 03:30:00,42,103,2.142857142857143,0.0,2.442678994971833,0.056,11.13,6.0,2,19.794682695912712,,7500.0,0.0,0.0,0.0,43.621452843782976,optimal
2021-02-09 04:00:00,42,103,2.142857142857143,0.0,0.0,0.2034,11.6865,6.0,2,19.872118717758752,,7500.0,0.0,0.0,0.0,43.5778313909392,optimal
2021-02-09 04:30:00,42,103,2.142857142857143,0.0,5.0,0.056,10.7205,6.0,2,19.95275993532751,,7500.0,0.0,0.0,0.0,45.909253559548254,optimal
2021-02-09 05:00:00,42,103,2.142857142857143,0.0,0.0,0.056,11.424,6.0,2,20.02947881088031,,7500.0,0.0,0.0,0.0,45.8633443059887,optimal
2021-02-09 05:30:00,42,103,2.142857142857143,0.0,5.0,0.2034,10.689,6.0,2,20.105395968949825,,7500.0,0.0,0.0,0.0,48.19248096168271,optimal
2021-02-09 06:00:00,42,103,2.142857142857143,0.0,0.0,0.061,11.361,6.0,2,20.18407154506516,,7500.0,0.0,0.0,0.0,48.144288480721016,optimal
2021-02-09 06:30:00,42,103,2.142857142857143,0.0,0.0,0.4164,11.571,6.0,2,20.25928736493638,,7500.0,0.0,0.0,0.0,48.096144192240295,optimal
2021-02-09 07:00:00,42,103,0.0,0.0,0.0,1.2152333333333332,14.3745,6.0,2,20.34550021440171,,0.0,0.0,0.0,0.0,48.048048048048045,optimal
2021-02-09 07:30:00,42,103,2.142857142857143,0.0,0.0,0.2488,13.23,6.0,2,20.276439377064413,,7500.0,0.0,0.0,0.0,48.0,optimal
2021-02-09 08:00:00,42,103,1.242565578659803,0.0,0.0,0.5393333333333333,13.9755,6.0,2,20.36147991951763,,4348.979525309312,0.0,0.0,0.0,47.89795088196187,optimal
2021-02-09 08:30:00,42,103,0.0,0.0,0.0,0.3732,14.994,6.0,2,20.38539359613928,,0.0,0.0,0.0,0.0,47.79600381304178,optimal
2021-02-09 09:00:00,42,103,2.142857142857143,0.0,0.0,0.2729333333333333,13.671,6.0,2,20.31588052470375,,7500.0,0.0,0.0,0.0,47.69415869119061,optimal
2021-02-09 09:30:00,42,103,0.0,0.0,0.0,1.076566666666667,15.981,6.0,2,20.40001596121163,,0.0,0.0,0.0,0.0,47.592415414461286,optimal
2021-02-09 10:00:00,42,103,0.0,0.0,0.0,0.3538,15.6345,6.0,2,20.32805558092321,,0.0,0.0,0.0,0.0,47.49077388100869,optimal
2021-02-09 10:30:00,42,103,0.0,0.0,0.0,0.2229333333333333,16.5375,6.0,2,20.26836800667277,,0.0,0.0,0.0,0.0,47.389233989089554,optimal
2021-02-09 11:00:00,42,103,0.0,0.0,0.0,0.3514,14.7735,6.0,2,20.2063692880554,,0.0,0.0,0.0,0.0,47.28779563706234,optimal
2021-02-09 11:30:00,42,103,0.0,0.0,0.0,0.1219,15.2145,6.0,2,20.139249157102288,,0.0,0.0,0.0,0.0,47.18645872338715,optimal
2021-02-09 12:00:00,42,103,0.0,0.0,0.0,0.1956666666666666,14.553,6.0,2,20.065654085633657,,0.0,0.0,0.0,0.0,47.08522314662563,optimal
2021-02-09 12:30:00,42,103,2.142857142857143,0.0,0.0,0.1923333333333332,14.3325,6.0,2,20.0,,7500.0,0.0,0.0,0.0,46.98408880544088,optimal
2021-02-09 13:00:00,42,103,0.2595032158086412,0.0,0.0,1.8634,14.595,6.0,2,20.09430039274203,,908.2612553302444,0.0,0.0,0.0,46.88305559859731,optimal
2021-02-09 13:30:00,42,103,0.0,0.0,0.0,0.1097333333333333,14.994,6.0,2,20.07530655759456,,0.0,0.0,0.0,0.0,46.78212342496058,optimal
2021-02-09 14:00:00,42,103,1.661760613510674,0.0,0.0,0.066,14.3325,6.0,2,20.0,,5816.162147287359,0.0,0.0,0.0,46.68129218349749,optimal
2021-02-09 14:30:00,42,103,2.142857142857143,0.0,0.0,0.1263,13.8915,6.0,2,20.0380691722754,,7500.0,0.0,0.0,0.0,46.58056177327586,optimal
2021-02-09 15:00:00,42,103,2.142857142857143,0.0,0.0,0.1530999999999999,13.8915,6.0,2,20.11245361572711,,7500.0,0.0,0.0,0.0,46.479932093464456,optimal
2021-02-09 15:30:00,42,103,2.142857142857143,0.0,0.0,0.066,13.4715,6.0,2,20.1868379159312,,7500.0,0.0,0.0,0.0,46.379403043332864,optimal
2021-02-09 16:00:00,42,103,2.142857142857143,0.0,0.0,0.196,13.23,6.0,2,20.259051267639705,,7500.0,0.0,0.0,0.0,46.2789745222514,optimal
2021-02-09 16:30:00,42,103,2.142857142857143,0.0,0.0,0.1456,13.8915,6.0,2,20.34210424968207,,7500.0,0.0,0.0,0.0,46.17864642969102,optimal
2021-02-09 17:00:00,42,103,0.0,0.0,0.0,0.2747,26.9325,6.0,2,20.42386577447816,,0.0,0.0,0.0,0.0,46.0784186652232,optimal
2021-02-09 17:30:00,42,103,0.0,0.0,0.0,0.5746666666666667,30.303,6.0,2,20.34713304339809,,0.0,0.0,0.0,0.0,45.97829112851985,optimal
2021-02-09 18:00:00,42,103,0.0,0.0,0.0,0.4468,32.886,6.0,2,20.27803428937057,,0.0,0.0,0.0,0.0,45.8782637193532,optimal
2021-02-09 18:30:00,42,103,0.0,0.0,0.0,0.492,34.9965,6.0,2,20.211704652297296,,0.0,0.0,0.0,0.0,45.77833633759572,optimal
2021-02-09 19:00:00,42,103,0.0,0.0,0.0,0.358,33.327,6.0,2,20.153824595690644,,0.0,0.0,0.0,0.0,45.67850888321999,optimal
2021-02-09 19:30:00,42,103,0.0,0.0,0.0,0.3859333333333333,31.122,6.0,2,20.108821419996925,,0.0,0.0,0.0,0.0,45.57878125629864,optimal
2021-02-09 20:00:00,42,103,0.0,0.0,0.0,0.3367666666666666,17.9025,6.0,2,20.056270947600662,,0.0,0.0,0.0,0.0,45.479153357004215,optimal
2021-02-09 20:30:00,42,103,0.0,0.0,0.0,0.5217,15.6555,6.0,2,20.0,,0.0,0.0,0.0,0.0,45.43367420364721,optimal
2021-02-09 21:00:00,42,103,0.0,0.0,0.0,0.3765,14.553,6.0,2,19.94031346356588,,0.0,0.0,0.0,0.0,45.38824052944356,optimal
2021-02-09 21:30:00,42,103,0.0,0.0,0.0,0.4953,14.3325,6.0,2,19.874908482161352,,0.0,0.0,0.0,0.0,45.34285228891412,optimal
2021-02-09 22:00:00,42,103,0.0,0.0,0.0,0.3829666666666665,13.335,6.0,2,19.810224674984973,,0.0,0.0,0.0,0.0,45.297509436625205,optimal
2021-02-09 22:30:00,42,103,0.0796190476190476,0.0,0.0,0.3446,12.1275,6.0,2,19.742731423629422,,0.0,0.0,278.66666666666663,0.0,45.25221192718858,optimal
2021-02-09 23:00:00,42,103,0.0,0.0,0.0,0.3443,12.2955,6.0,2,19.67150638926432,,0.0,0.0,0.0,0.0,45.20695971526139,optimal
2021-02-09 23:30:00,42,103,0.0,0.0,0.0,0.9563,11.6865,6.0,2,19.60136459142547,,0.0,0.0,0.0,0.0,45.16175275554613,optimal
2021-02-10 00:00:00,42,103,0.0,0.0,0.0,0.059,19.026,6.0,9,19.60136459142547,,0.0,0.0,0.0,0.0,45.116591002790585,optimal
2021-02-10 00:30:00,42,103,0.0,0.0,0.0,0.059,18.7215,6.0,9,19.5204533080658,,0.0,0.0,0.0,0.0,45.0714744117878,optimal
2021-02-10 01:00:00,42,103,0.0,0.0,0.0,0.059,17.4195,6.0,9,19.43945542525365,,0.0,0.0,0.0,0.0,45.02640293737601,optimal
2021-02-10 01:30:00,42,103,0.0,0.0,0.0,0.059,16.758,6.0,9,19.35837133586329,,0.0,0.0,0.0,0.0,44.98137653443864,optimal
2021-02-10 02:00:00,42,103,2.142857142857143,0.0,0.0,0.1304,14.217,6.0,9,19.2772014309866,,254.66666666666697,0.0,7245.333333333333,0.0,44.9363951579042,optimal
2021-02-10 02:30:00,42,103,2.142857142857143,0.0,0.0,0.059,13.3665,6.0,9,19.202809936247625,,7500.0,0.0,0.0,0.0,44.891458762746296,optimal
2021-02-10 03:00:00,42,103,2.142857142857143,0.0,0.0,0.1304,12.789,6.0,9,19.279770154387613,,7500.0,0.0,0.0,0.0,44.84656730398355,optimal
2021-02-10 03:30:00,42,103,2.142857142857143,0.0,0.0,0.0629666666666666,11.907,6.0,9,19.357884227547217,,7500.0,0.0,0.0,0.0,44.80172073667956,optimal
2021-02-10 04:00:00,42,103,2.142857142857143,0.0,0.0,0.1264333333333333,11.7075,6.0,9,19.43422442276801,,7500.0,0.0,0.0,0.0,44.75691901594288,optimal
2021-02-10 04:30:00,42,103,2.142857142857143,0.0,5.0,0.059,10.8045,6.0,9,19.511554285953785,,7500.0,0.0,0.0,0.0,47.08716209692694,optimal
2021-02-10 05:00:00,42,103,2.142857142857143,0.0,0.0,0.059,11.508,6.0,9,19.586660160632565,,7500.0,0.0,0.0,0.0,47.04007493483001,optimal
2021-02-10 05:30:00,42,103,2.142857142857143,0.0,0.0,0.0947,11.508,6.0,9,19.660971635501387,,7500.0,0.0,0.0,0.0,46.99303485989518,optimal
2021-02-10 06:00:00,42,103,2.142857142857143,0.0,0.0,0.0940333333333333,11.508,6.0,9,19.735243814059,,7500.0,0.0,0.0,0.0,46.94604182503529,optimal
2021-02-10 06:30:00,42,103,2.142857142857143,0.0,0.0,0.0626666666666666,11.844,6.0,9,19.809153399980296,,7500.0,0.0,0.0,0.0,46.89909578321025,optimal
2021-02-10 07:00:00,42,103,2.142857142857143,0.0,2.416428026469392,0.0613333333333333,11.508,6.0,9,19.889440018908054,,7500.0,0.0,0.0,0.0,48.0,optimal
2021-02-10 07:30:00,42,103,2.142857142857143,0.0,0.0,0.3541,11.508,6.0,9,19.97390163650013,,7500.0,0.0,0.0,0.0,47.76541355425263,optimal
2021-02-10 08:00:00,42,103,2.142857142857143,0.0,0.0,0.2546,10.4475,6.0,9,20.06255484240565,,7500.0,0.0,0.0,0.0,47.53106169495101,optimal
2021-02-10 08:30:00,42,103,2.142857142857143,0.0,0.0,0.2308,10.8675,6.0,9,20.143949547639355,,7500.0,0.0,0.0,0.0,47.29694418750869,optimal
2021-02-10 09:00:00,42,103,2.142857142857143,0.0,0.0,0.2142,10.542,6.0,9,20.22310086692202,,7500.0,0.0,0.0,0.0,47.06306079757382,optimal
2021-02-10 09:30:00,42,103,2.142857142857143,0.0,0.0,1.6948666666666663,11.025,6.0,9,20.30059800555692,,7500.0,0.0,0.0,0.0,46.82941129102888,optimal
2021-02-10 10:00:00,42,103,2.142857142857143,0.0,0.0,0.3226333333333333,11.025,6.0,9,20.38725097475853,,7500.0,0.0,0.0,0.0,46.59599543399048,optimal
2021-02-10 10:30:00,42,103,2.142857142857143,0.0,0.0,0.5408999999999999,14.553,6.0,9,20.4663715769126,,7500.0,0.0,0.0,0.0,46.362812992809125,optimal
2021-02-10 11:00:00,42,103,2.142857142857143,0.0,0.0,0.38,13.0935,6.0,9,20.54897859505792,,7500.0,0.0,0.0,0.0,46.12986373406895,optimal
2021-02-10 11:30:00,42,103,2.142857142857143,0.0,0.0,0.3373,15.6345,6.0,9,20.62805498849916,,7500.0,0.0,0.0,0.0,45.89714742458752,optimal
2021-02-10 12:00:00,42,103,0.0,0.0,0.0,0.2807333333333333,18.102,6.0,9,20.70956135727668,,0.0,0.0,0.0,0.0,45.66466383141556,optimal
2021-02-10 12:30:00,42,103,0.0,0.0,0.0,1.0941666666666667,17.199,6.0,9,20.635869224610992,,0.0,0.0,0.0,0.0,45.432412721836776,optimal
2021-02-10 13:00:00,42,103,0.0,0.0,0.0,2.3094,18.2805,6.0,9,20.560821342701125,,0.0,0.0,0.0,0.0,45.20039386336757,optimal
2021-02-10 13:30:00,42,103,0.0,0.0,0.0,1.6533666666666669,17.4615,6.0,9,20.49025636851617,,0.0,0.0,0.0,0.0,44.96860702375684,optimal
2021-02-10 14:00:00,42,103,0.0,0.0,0.0,0.4327333333333333,18.3225,6.0,9,20.42664780044944,,0.0,0.0,0.0,0.0,44.73705197098572,optimal
2021-02-10 14:30:00,42,103,0.0,0.0,0.0,0.2418666666666666,17.094,6.0,9,20.35392142313357,,0.0,0.0,0.0,0.0,44.50572847326737,optimal
2021-02-10 15:00:00,42,103,0.0,0.0,0.0,0.2912333333333333,17.094,6.0,9,20.2795701011176,,0.0,0.0,0.0,0.0,44.27463629904673,optimal
2021-02-10 15:30:00,42,103,0.0,0.0,0.0,0.4537666666666666,17.094,6.0,9,20.203625763805157,,0.0,0.0,0.0,0.0,44.04377521700032,optimal
2021-02-10 16:00:00,42,103,0.0,0.0,0.0,0.3098,17.3565,6.0,9,20.130043228626448,,0.0,0.0,0.0,0.0,43.81314499603596,optimal
2021-02-10 16:30:00,42,103,0.96452767986818,0.0,0.0,0.371,17.115,6.0,9,20.060890857549456,,3375.8468795386298,0.0,0.0,0.0,43.58274540529256,optimal
2021-02-10 17:00:00,42,103,0.0,0.0,0.0,0.6698333333333334,17.241,6.0,9,20.0624211366004,,0.0,0.0,0.0,0.0,43.35257621413989,optimal
2021-02-10 17:30:00,42,103,0.937092023434194,0.0,0.0,0.3550333333333333,17.094,6.0,9,20.0,,3279.822082019679,0.0,0.0,0.0,43.12263719217839,optimal
2021-02-10 18:00:00,42,103,2.142857142857143,0.0,0.0,0.3335,16.5165,6.0,9,20.0,,7500.0,0.0,0.0,0.0,42.892928109238845,optimal
2021-02-10 18:30:00,42,103,0.0,0.0,0.0,0.3763999999999999,17.8185,6.0,9,20.08993829493117,,0.0,0.0,0.0,0.0,42.66344873538224,optimal
2021-02-10 19:00:00,42,103,0.6559943806028845,0.0,0.0,0.413,17.094,6.0,9,20.02029227332724,,2295.980332110096,0.0,0.0,0.0,42.43419884089949,optimal
2021-02-10 19:30:00,42,103,1.9830167207915812,0.0,0.0,0.239,16.8945,6.0,9,20.0,,6940.558522770535,0.0,0.0,0.0,42.20517819631122,optimal
2021-02-10 20:00:00,42,103,0.0,0.0,0.0,0.3234666666666666,18.123,6.0,9,20.072717676896712,,0.0,0.0,0.0,0.0,42.16297301811491,optimal
2021-02-10 20:30:00,42,103,0.0,0.0,0.0,1.7987,31.647,6.0,9,20.0,,0.0,0.0,0.0,0.0,42.1208100450968,optimal
2021-02-10 21:00:00,42,103,0.0,0.0,0.0,0.4209666666666666,34.9965,6.0,9,19.938700120530957,,0.0,0.0,0.0,0.0,42.0786892350517,optimal
2021-02-10 21:30:00,42,103,0.0,0.0,0.0,0.4598,34.9965,6.0,9,19.87292763205645,,0.0,0.0,0.0,0.0,42.03661054581664,optimal
2021-02-10 22:00:00,42,103,0.0,0.0,0.0,0.5198666666666667,34.9965,6.0,9,19.798823629356956,,0.0,0.0,0.0,0.0,41.99457393527083,optimal
2021-02-10 22:30:00,42,103,0.0,0.0,0.0,0.496,34.9965,6.0,9,19.71925297963856,,0.0,0.0,0.0,0.0,41.95257936133556,optimal
2021-02-10 23:00:00,42,103,0.0,0.0,0.0,0.1404,34.9965,6.0,9,19.636839048914027,,0.0,0.0,0.0,0.0,41.91062678197422,optimal
2021-02-10 23:30:00,42,103,0.0,0.0,0.0,0.0686666666666666,27.741,6.0,9,19.537762092267663,,0.0,0.0,0.0,0.0,41.868716155192246,optimal
2021-02-11 00:00:00,42,103,2.142857142857143,0.0,4.494030350121848,0.064,10.7835,6.0,-5,19.537762092267663,,7500.0,0.0,0.0,0.0,43.96151185534493,optimal
2021-02-11 00:30:00,42,103,2.142857142857143,0.0,0.0,0.064,11.025,6.0,-5,19.59479613095836,,4852.666666666666,0.0,2647.333333333333,0.0,43.91755034348957,optimal
2021-02-11 01:00:00,42,103,2.142857142857143,0.0,5.0,0.064,10.584,6.0,-5,19.596297646312596,,7500.0,0.0,0.0,0.0,46.24863279314608,optimal
2021-02-11 01:30:00,42,103,2.142857142857143,0.0,0.0,0.064,11.025,6.0,-5,19.65397346432216,,7500.0,0.0,0.0,0.0,46.20238416035293,optimal
2021-02-11 02:00:00,42,103,2.142857142857143,0.0,5.0,0.064,10.4265,6.0,-5,19.711387625440143,,7500.0,0.0,0.0,0.0,48.53118177619257,optimal
2021-02-11 02:30:00,42,103,2.142857142857143,0.0,0.0,0.064,12.789,6.0,-5,19.768541316720867,,7500.0,0.0,0.0,0.0,48.48265059441637,optimal
2021-02-11 03:00:00,42,103,2.142857142857143,0.0,0.0,0.064,12.684,6.0,-5,19.824982051553285,,7500.0,0.0,0.0,0.0,48.434167943821954,optimal
2021-02-11 03:30:00,42,103,2.142857142857143,0.0,0.0,0.064,16.254,6.0,-5,19.88071306439466,,7500.0,0.0,0.0,0.0,48.38573377587813,optimal
2021-02-11 04:00:00,42,103,2.142857142857143,0.0,0.0,0.064,17.64,6.0,-5,19.937325414008782,,7500.0,0.0,0.0,0.0,48.33734804210225,optimal
2021-02-11 04:30:00,42,103,2.142857142857143,0.0,0.0,0.064,19.1625,6.0,-5,19.994815102050296,,7500.0,0.0,0.0,0.0,48.28901069406015,optimal
2021-02-11 05:00:00,42,103,0.0,0.0,0.0,0.064,26.46,6.0,-5,20.052043977612847,,0.0,0.0,0.0,0.0,48.24072168336608,optimal
2021-02-11 05:30:00,42,103,0.5727836828535539,0.0,0.0,0.0626666666666666,20.79,6.0,-5,19.95113516534927,,2004.7428899874385,0.0,0.0,0.0,48.19248096168271,optimal
2021-02-11 06:00:00,42,103,0.0,0.0,0.0,0.062,29.106,6.0,-5,19.89491712117939,,0.0,0.0,0.0,0.0,48.144288480721016,optimal
2021-02-11 06:30:00,42,103,2.142857142857143,0.0,0.0,0.062,19.1835,6.0,-5,19.79849108078036,,7500.0,0.0,0.0,0.0,48.096144192240295,optimal
2021-02-11 07:00:00,42,103,2.142857142857143,0.0,0.0,0.2010666666666666,19.6665,6.0,-5,19.862454975560016,,7500.0,0.0,0.0,0.0,48.048048048048045,optimal
2021-02-11 07:30:00,42,103,2.142857142857143,0.0,0.0,0.1905333333333333,19.404,6.0,-5,19.92971733468912,,7500.0,0.0,0.0,0.0,48.0,optimal
2021-02-11 08:00:00,42,103,2.142857142857143,0.0,0.0,0.2673333333333333,19.047,6.0,-5,20.0,,6106.666666666667,0.0,1393.3333333333333,0.0,47.73438724250837,optimal
2021-02-11 08:30:00,42,103,2.142857142857143,0.0,0.0,0.2896,18.858,6.0,-5,20.04126458230404,,7500.0,0.0,0.0,0.0,47.46904009777423,optimal
2021-02-11 09:00:00,42,103,0.2667327082416913,0.0,0.0,0.0763333333333333,19.2675,6.0,-5,20.10862646892681,,933.5644788459196,0.0,0.0,0.0,47.20395830018483,optimal
2021-02-11 09:30:00,42,103,2.142857142857143,0.0,0.0,0.074,18.963,6.0,-5,20.027783936582104,,7500.0,0.0,0.0,0.0,46.93914158439301,optimal
2021-02-11 10:00:00,42,103,2.142857142857143,0.0,0.0,0.074,18.438,6.0,-5,20.090673414568723,,7500.0,0.0,0.0,0.0,46.67458968531699,optimal
2021-02-11 10:30:00,42,103,2.142857142857143,0.0,0.0,0.074,18.7425,6.0,-5,20.160763111881018,,7500.0,0.0,0.0,0.0,46.41030233814004,optimal
2021-02-11 11:00:00,42,103,2.142857142857143,0.0,0.0,0.074,15.2145,6.0,-5,20.22781282478857,,7500.0,0.0,0.0,0.0,46.146279278310274,optimal
2021-02-11 11:30:00,42,103,2.142857142857143,0.0,0.0,0.074,17.7765,6.0,-5,20.29183634656936,,7500.0,0.0,0.0,0.0,45.882520241540334,optimal
2021-02-11 12:00:00,42,103,2.142857142857143,0.0,0.0,0.074,16.758,6.0,-5,20.35897192604059,,7500.0,0.0,0.0,0.0,45.61902496380716,optimal
2021-02-11 12:30:00,42,103,2.142857142857143,0.0,0.0,0.074,16.422,6.0,-5,20.429205446195287,,7500.0,0.0,0.0,0.0,45.35579318135173,optimal
2021-02-11 13:00:00,42,103,2.142857142857143,0.0,0.0,0.074,16.758,6.0,-5,20.50206918296754,,7500.0,0.0,0.0,0.0,45.09282463067875,optimal
2021-02-11 13:30:00,42,103,0.0,0.0,0.0,0.1668666666666666,29.358,6.0,-5,20.577551203098228,,0.0,0.0,0.0,0.0,44.83011904855644,optimal
2021-02-11 14:00:00,42,103,0.0,0.0,0.0,0.1638333333333333,34.9965,6.0,-5,20.4992842161264,,0.0,0.0,0.0,0.0,44.567676172016256,optimal
2021-02-11 14:30:00,42,103,0.0,0.0,0.0,0.1227333333333333,34.65,6.0,-5,20.422827267828325,,0.0,0.0,0.0,0.0,44.30549573835261,optimal
2021-02-11 15:00:00,42,103,0.0,0.0,0.0,0.074,34.9965,6.0,-5,20.34326918710224,,0.0,0.0,0.0,0.0,44.04357748512263,optimal
2021-02-11 15:30:00,42,103,0.0,0.0,0.0,0.074,34.9965,6.0,-5,20.25932523118669,,0.0,0.0,0.0,0.0,43.78192115014589,optimal
2021-02-11 16:00:00,42,103,0.0,0.0,0.0,0.186,30.4815,6.0,-5,20.17054491715133,,0.0,0.0,0.0,0.0,43.520526471504105,optimal
2021-02-11 16:30:00,42,103,0.0,0.0,0.0,0.2412666666666666,21.4305,6.0,-5,20.08363719704557,,0.0,0.0,0.0,0.0,43.25939318754097,optimal
2021-02-11 17:00:00,42,103,1.4394834026375418,0.0,0.0,0.2622,14.3325,6.0,-5,20.0,,4271.858575898064,0.0,766.3333333333333,0.0,42.9985210368618,optimal
2021-02-11 17:30:00,42,103,2.142857142857143,0.0,0.0,0.5125,13.692,6.0,-5,20.0,,6733.666666666667,0.0,766.3333333333334,0.0,42.73790975833331,optimal
2021-02-11 18:00:00,42,103,0.4947590387734126,0.0,0.0,0.2993,14.007,6.0,-5,20.05812704369532,,1731.6566357069444,0.0,0.0,0.0,42.47755909108335,optimal
2021-02-11 18:30:00,42,103,1.3610505364501837,0.0,0.0,0.2758666666666666,12.873,6.0,-5,20.0,,4694.010210908976,0.0,69.66666666666666,0.0,42.21746877450064,optimal
2021-02-11 19:00:00,42,103,1.4796661320822588,0.0,0.0,0.3912333333333333,12.684,6.0,-5,20.0,,4621.498128954573,0.0,557.3333333333333,0.0,41.957638548234506,optimal
2021-02-11 19:30:00,42,103,1.2546410344138608,0.0,0.0,0.54,12.306,6.0,-5,20.0,,4391.243620448513,0.0,0.0,0.0,41.69806815219464,optimal
2021-02-11 20:00:00,42,103,1.5658349843645014,0.0,0.0,0.7647999999999999,10.6365,6.0,-5,20.0,,4296.089111942422,0.0,1184.3333333333333,0.0,41.43875732655082,optimal
2021-02-11 20:30:00,42,103,0.0,0.0,0.0,0.4789,11.2455,6.0,-5,20.0,,0.0,0.0,0.0,0.0,41.39731856922427,optimal
2021-02-11 21:00:00,42,103,0.0,0.0,0.0,0.3996333333333333,11.2455,6.0,-5,19.90734092693445,,0.0,0.0,0.0,0.0,41.35592125065504,optimal
2021-02-11 21:30:00,42,103,0.0,0.0,0.0,0.3709333333333333,11.025,6.0,-5,19.81182098328249,,0.0,0.0,0.0,0.0,41.31456532940439,optimal
2021-02-11 22:00:00,42,103,0.0,0.0,0.0,0.6741333333333334,12.0855,6.0,-5,19.717777578078216,,0.0,0.0,0.0,0.0,41.27325076407499,optimal
2021-02-11 22:30:00,42,103,0.0,0.0,0.0,0.5711333333333333,11.6865,6.0,-5,19.63249531265603,,0.0,0.0,0.0,0.0,41.23197751331091,optimal
2021-02-11 23:00:00,42,103,0.0,0.0,0.0,0.074,11.2245,6.0,-5,19.539882674366982,,0.0,0.0,0.0,0.0,41.1907455357976,optimal
2021-02-11 23:30:00,42,103,0.0,0.0,0.0,0.073,11.025,6.0,-5,19.42764088821256,,0.0,0.0,0.0,0.0,41.1495547902618,optimal
2021-02-12 00:00:00,42,103,1.380768626253433,0.0,0.0,0.0763333333333333,13.566,6.0,9,19.42764088821256,,4623.690191887016,0.0,209.0,0.0,41.10840523547154,optimal
2021-02-12 00:30:00,42,103,2.142857142857143,0.0,0.0,0.1080333333333333,12.789,6.0,9,19.4155771250547,,0.0,0.0,7500.0,0.0,41.06729683023607,optimal
2021-02-12 01:00:00,42,103,2.142857142857143,0.0,0.0,0.0973,12.1275,6.0,9,19.303431507879036,,370.0,0.0,7130.0,0.0,41.02622953340583,optimal
2021-02-12 01:30:00,42,103,2.142857142857143,0.0,0.0,0.049,13.671,6.0,9,19.19935736964165,,7500.0,0.0,0.0,0.0,40.98520330387242,optimal
2021-02-12 02:00:00,42,103,2.142857142857143,0.0,0.0,0.049,10.668,6.0,9,19.245281724021257,,7500.0,0.0,0.0,0.0,40.94421810056855,optimal
2021-02-12 02:30:00,42,103,2.142857142857143,0.0,0.0,0.049,11.7285,6.0,9,19.29145140245229,,7500.0,0.0,0.0,0.0,40.90327388246798,optimal
2021-02-12 03:00:00,42,103,2.142857142857143,0.0,0.0,0.1563333333333333,11.025,6.0,9,19.33877262853749,,7500.0,0.0,0.0,0.0,40.86237060858551,optimal
2021-02-12 03:30:00,42,103,2.142857142857143,0.0,0.5793015267543847,0.049,10.689,6.0,9,19.389499588508627,,7500.0,0.0,0.0,0.0,41.09667646318525,optimal
2021-02-12 04:00:00,42,103,2.142857142857143,0.0,5.0,0.1563333333333333,8.1585,6.0,9,19.44091268387523,,7500.0,0.0,0.0,0.0,43.43057978672206,optimal
2021-02-12 04:30:00,42,103,2.142857142857143,0.0,5.0,0.049,10.3635,6.0,9,19.49752762273507,,7500.0,0.0,0.0,0.0,45.76214920693534,optimal
2021-02-12 05:00:00,42,103,2.142857142857143,0.0,0.0,0.0758333333333333,10.8045,6.0,9,19.55480198509782,,7500.0,0.0,0.0,0.0,45.7163870577284,optimal
2021-02-12 05:30:00,42,103,2.142857142857143,0.0,0.0,0.1790999999999999,11.025,6.0,9,19.615557042415983,,7500.0,0.0,0.0,0.0,45.670670670670674,optimal
2021-02-12 06:00:00,42,103,2.142857142857143,0.0,5.0,0.0945333333333333,10.3635,6.0,9,19.68474458127528,,7500.0,0.0,0.0,0.0,48.0,optimal
2021-02-12 06:30:00,42,103,2.142857142857143,0.0,0.0,0.1919666666666666,10.8045,6.0,9,19.7615369558889,,7500.0,0.0,0.0,0.0,47.72283004960036,optimal
2021-02-12 07:00:00,42,103,2.142857142857143,0.0,0.0,0.191,10.059,6.0,9,19.84213457615009,,7500.0,0.0,0.0,0.0,47.44593726915112,optimal
2021-02-12 07:30:00,42,103,2.142857142857143,0.0,0.0,1.1446666666666667,10.584,6.0,9,19.92312965984853,,7500.0,0.0,0.0,0.0,47.169321381482334,optimal
2021-02-12 08:00:00,42,103,2.142857142857143,0.0,0.0,0.3489666666666666,9.4185,6.0,9,20.0,,4239.310182504208,0.0,3260.6898174957923,0.0,46.892982109701215,optimal
2021-02-12 08:30:00,42,103,2.142857142857143,0.0,0.0,1.2104333333333337,10.3635,6.0,9,20.0,,6093.023150829125,0.0,1406.9768491708742,0.0,46.61691917719188,optimal
2021-02-12 09:00:00,42,103,2.142857142857143,0.0,0.0,0.4780333333333333,9.8385,6.0,9,20.038646091358075,,7500.0,0.0,0.0,0.0,46.34113230761505,optimal
2021-02-12 09:30:00,42,103,2.142857142857143,0.0,0.0,0.2726,11.067,6.0,9,20.108741598512687,,7500.0,0.0,0.0,0.0,46.065621224907794,optimal
2021-02-12 10:00:00,42,103,2.142857142857143,0.0,0.0,1.589,10.8465,6.0,9,20.18097568931584,,7500.0,0.0,0.0,0.0,45.79038565328325,optimal
2021-02-12 10:30:00,42,103,0.0,0.0,0.0,0.9322333333333332,13.671,6.0,9,20.266858990690807,,0.0,0.0,0.0,0.0,45.51542531723033,optimal
2021-02-12 11:00:00,42,103,2.142857142857143,0.0,0.0,1.1060333333333332,12.348,6.0,9,20.197709201493964,,7500.0,0.0,0.0,0.0,45.24073994151346,optimal
2021-02-12 11:30:00,42,103,0.0,0.0,0.0,0.4900666666666666,14.3325,6.0,9,20.29215958208056,,0.0,0.0,0.0,0.0,44.96632925117231,optimal
2021-02-12 12:00:00,42,103,0.0,0.0,0.0,1.4394,15.393,6.0,9,20.22104837053973,,0.0,0.0,0.0,0.0,44.6921929715215,optimal
2021-02-12 12:30:00,42,103,2.142857142857143,0.0,0.0,0.5494,13.587,6.0,9,20.148508987177816,,7500.0,0.0,0.0,0.0,44.41833082815034,optimal
2021-02-12 13:00:00,42,103,0.0,0.0,0.0,0.4947,16.1385,6.0,9,20.232004680225508,,0.0,0.0,0.0,0.0,44.14474254692255,optimal
2021-02-12 13:30:00,42,103,0.0,0.0,0.0,0.4963999999999999,14.595,6.0,9,20.158666439497587,,0.0,0.0,0.0,0.0,43.871427853976,optimal
2021-02-12 14:00:00,42,103,0.0,0.0,0.0,1.6942000000000002,14.637,6.0,9,20.089967862719064,,0.0,0.0,0.0,0.0,43.59838647572238,optimal
2021-02-12 14:30:00,42,103,0.266653537831902,0.0,0.0,3.532766666666667,13.9125,6.0,9,20.03051948157383,,933.287382411657,0.0,0.0,0.0,43.32561813884702,optimal
2021-02-12 15:00:00,42,103,0.7814457279659961,0.0,0.0,2.1529000000000003,13.3665,6.0,9,20.0,,2735.060047880986,0.0,0.0,0.0,43.05312257030854,optimal
2021-02-12 15:30:00,42,103,2.142857142857143,0.0,0.0,1.4659666666666666,13.0095,6.0,9,20.0,,6385.333333333334,0.0,1114.6666666666663,0.0,42.7808994973386,optimal
2021-02-12 16:00:00,42,103,0.0,0.0,0.0,3.3502,13.8915,6.0,9,20.073530183255155,,0.0,0.0,0.0,0.0,42.50894864744162,optimal
2021-02-12 16:30:00,42,103,0.3859332827981951,0.0,0.0,2.5773,13.188,6.0,9,20.027786070186757,,1350.766489793683,0.0,0.0,0.0,42.23726974839454,optimal
2021-02-12 17:00:00,42,103,0.7849154039939192,0.0,0.0,1.644266666666667,12.5685,6.0,9,20.0,,2747.203913978717,0.0,0.0,0.0,41.9658625282465,optimal
2021-02-12 17:30:00,42,103,0.8832082191663438,0.0,0.0,1.8695666666666664,12.285,6.0,9,20.0,,2533.89543374887,0.0,557.3333333333333,0.0,41.69472671531862,optimal
2021-02-12 18:00:00,42,103,1.7315605452943674,0.0,0.0,1.1273333333333333,11.487,6.0,9,20.0,,5281.12427324319,0.0,779.3376352870956,0.0,41.42386203820367,optimal
2021-02-12 18:30:00,42,103,0.0,0.0,0.0,0.2563999999999999,11.802,6.0,9,20.05797515155637,,0.0,0.0,0.0,0.0,41.15326822576583,optimal
2021-02-12 19:00:00,42,103,2.142857142857143,0.0,0.0,0.3914666666666666,11.2245,6.0,9,20.0,,2891.205179991212,0.0,4608.7948200087885,0.0,40.88294500714043,optimal
2021-02-12 19:30:00,42,103,2.142857142857143,0.0,0.0,0.5642666666666667,11.025,6.0,9,20.0,,5573.132455295884,0.0,1926.867544704116,0.0,40.61289211173365,optimal
2021-02-12 20:00:00,42,103,0.0,0.0,0.0,0.2864333333333333,11.907,6.0,9,20.05757151298657,,0.0,0.0,0.0,0.0,40.57227921962192,optimal
2021-02-12 20:30:00,42,103,0.0,0.0,0.0,0.3670333333333334,25.83,6.0,9,20.0,,0.0,0.0,0.0,0.0,40.53170694040229,optimal
2021-02-12 21:00:00,42,103,0.0,0.0,0.0,0.6395333333333333,28.035,6.0,9,19.940955244535107,,0.0,0.0,0.0,0.0,40.491175233461895,optimal
2021-02-12 21:30:00,42,103,0.0,0.0,0.0,0.5005333333333334,28.119,6.0,9,19.8859640488336,,0.0,0.0,0.0,0.0,40.45068405822843,optimal
2021-02-12 22:00:00,42,103,0.0,0.0,0.0,0.4956333333333333,30.156,6.0,9,19.82665668870591,,0.0,0.0,0.0,0.0,40.41023337417021,optimal
2021-02-12 22:30:00,42,103,0.0,0.0,0.0,0.8964,29.1585,6.0,9,19.77050669462628,,0.0,0.0,0.0,0.0,40.36982314079604,optimal
2021-02-12 23:00:00,42,103,0.0,0.0,0.0,1.0682,26.712,6.0,9,19.70583074881753,,0.0,0.0,0.0,0.0,40.32945331765524,optimal
2021-02-12 23:30:00,42,103,0.0,0.0,0.0,0.4931666666666667,15.435,6.0,9,19.639985915597254,,0.0,0.0,0.0,0.0,40.28912386433759,optimal
2021-02-13 00:00:00,42,103,0.0,0.0,0.0,0.055,12.1275,6.0,7,19.639985915597254,,0.0,0.0,0.0,0.0,40.24883474047325,optimal
2021-02-13 00:30:00,42,103,0.0,0.0,0.0,0.0945999999999999,12.789,6.0,7,19.55567111556044,,0.0,0.0,0.0,0.0,40.208585905732775,optimal
2021-02-13 01:00:00,42,103,0.0,0.0,0.0,0.1606,11.907,6.0,7,19.472799255316087,,0.0,0.0,0.0,0.0,40.16837731982704,optimal
2021-02-13 01:30:00,42,103,0.0,0.0,0.0,0.055,11.025,6.0,7,19.39191951947023,,0.0,0.0,0.0,0.0,40.128208942507214,optimal
2021-02-13 02:00:00,42,103,2.142857142857143,0.0,5.0,0.1341999999999999,8.2005,6.0,7,19.30941062040627,,0.0,0.0,7500.0,0.0,42.46308073356471,optimal
2021-02-13 02:30:00,42,103,2.142857142857143,0.0,0.0,0.121,9.5655,6.0,7,19.22917006448414,,6082.666666666667,0.0,1417.3333333333333,0.0,42.42061765283115,optimal
2021-02-13 03:00:00,42,103,2.142857142857143,0.0,5.0,0.055,7.056,6.0,7,19.277058283031007,,7500.0,0.0,0.0,0.0,44.75319703517832,optimal
2021-02-13 03:30:00,42,103,2.142857142857143,0.0,0.0,0.1077999999999999,9.3975,6.0,7,19.353175365673565,,7500.0,0.0,0.0,0.0,44.70844383814314,optimal
2021-02-13 04:00:00,42,103,2.142857142857143,0.0,0.0,0.1474,10.059,6.0,7,19.42983175664876,,7500.0,0.0,0.0,0.0,44.66373539430499,optimal
2021-02-13 04:30:00,42,103,2.142857142857143,0.0,0.0,0.055,9.261,6.0,7,19.50674714390267,,7500.0,0.0,0.0,0.0,44.61907165891069,optimal
2021-02-13 05:00:00,42,103,2.142857142857143,0.0,5.0,0.2002,8.1585,6.0,7,19.580914864480448,,7500.0,0.0,0.0,0.0,46.94945258725178,optimal
2021-02-13 05:30:00,42,103,2.142857142857143,0.0,0.0,0.055,9.4815,6.0,7,19.657348960569767,,7500.0,0.0,0.0,0.0,46.902503134664535,optimal
2021-02-13 06:00:00,42,103,2.142857142857143,0.0,2.409261828358174,0.1606,8.379,6.0,7,19.72992611191597,,7500.0,0.0,0.0,0.0,48.0,optimal
2021-02-13 06:30:00,42,103,2.142857142857143,0.0,0.0,0.1026,9.5235,6.0,7,19.804413384306944,,7500.0,0.0,0.0,0.0,47.88393116283091,optimal
2021-02-13 07:00:00,42,103,2.142857142857143,0.0,0.0,0.5901666666666666,8.1375,6.0,7,19.87667993201601,,7500.0,0.0,0.0,0.0,47.767978394499,optimal
2021-02-13 07:30:00,42,103,2.142857142857143,0.0,0.0,0.9789666666666668,10.0905,6.0,7,19.957174516495257,,7500.0,0.0,0.0,0.0,47.65214157893541,optimal
2021-02-13 08:00:00,42,103,2.142857142857143,0.0,0.0,0.2024,7.539,6.0,7,20.04371056311444,,7500.0,0.0,0.0,0.0,47.53642060018739,optimal
2021-02-13 08:30:00,42,103,2.142857142857143,0.0,0.0,0.2102,7.938,6.0,7,20.120599090161143,,7500.0,0.0,0.0,0.0,47.42081534241812,optimal
2021-02-13 09:00:00,42,103,2.142857142857143,0.0,0.0,0.065,8.274,6.0,7,20.18592403416498,,7500.0,0.0,0.0,0.0,47.30532568990661,optimal
2021-02-13 09:30:00,42,103,2.142857142857143,0.0,0.0,0.065,9.261,6.0,7,20.248122935682737,,7500.0,0.0,0.0,0.0,47.18995152704762,optimal
2021-02-13 10:00:00,42,103,2.142857142857143,0.0,0.0,0.2102,9.9225,6.0,7,20.31117383121394,,7500.0,0.0,0.0,0.0,47.07469273835149,optimal
2021-02-13 10:30:00,42,103,2.142857142857143,0.0,0.0,0.065,9.702,6.0,7,20.37812937668428,,7500.0,0.0,0.0,0.0,46.95954920844405,optimal
2021-02-13 11:00:00,42,103,2.142857142857143,0.0,0.0,0.0848,10.584,6.0,7,20.441951481009184,,7500.0,0.0,0.0,0.0,46.84452082206652,optimal
2021-02-13 11:30:00,42,103,2.142857142857143,0.0,0.0,0.2349,10.143,6.0,7,20.506127679181212,,7500.0,0.0,0.0,0.0,46.72960746407536,optimal
2021-02-13 12:00:00,42,103,0.0,0.0,0.0,0.065,13.0095,6.0,7,20.57443070063368,,0.0,0.0,0.0,0.0,46.614809019442205,optimal
2021-02-13 12:30:00,42,103,2.142857142857143,0.0,0.0,0.2102,11.025,6.0,7,20.480164695170416,,7500.0,0.0,0.0,0.0,46.50012537325368,optimal
2021-02-13 13:00:00,42,103,0.0,0.0,0.0,0.065,12.789,6.0,7,20.54771459073749,,0.0,0.0,0.0,0.0,46.38555641071133,optimal
2021-02-13 13:30:00,42,103,0.0,0.0,0.0,0.131,12.1275,6.0,7,20.454477124772023,,0.0,0.0,0.0,0.0,46.27110201713153,optimal
2021-02-13 14:00:00,42,103,1.9921779558597572,0.0,0.0,0.2907,12.1695,6.0,7,20.363505642810285,,6972.622845509151,0.0,0.0,0.0,46.15676207794532,optimal
2021-02-13 14:30:00,42,103,0.0,0.0,0.0,0.114,12.306,6.0,7,20.4291171987755,,0.0,0.0,0.0,0.0,46.04253647869829,optimal
2021-02-13 15:00:00,42,103,0.0,0.0,0.0,0.2102,13.23,6.0,7,20.3407258317853,,0.0,0.0,0.0,0.0,45.9284251050505,optimal
2021-02-13 15:30:00,42,103,0.0,0.0,0.0,0.065,13.671,6.0,7,20.25329859735744,,0.0,0.0,0.0,0.0,45.81442784277636,optimal
2021-02-13 16:00:00,42,103,0.0,0.0,0.0,0.065,13.9335,6.0,7,20.162757805066317,,0.0,0.0,0.0,0.0,45.7005445777645,optimal
2021-02-13 16:30:00,42,103,0.0,0.0,0.0,0.6798,13.293,6.0,7,20.07217409774902,,0.0,0.0,0.0,0.0,45.58677519601765,optimal
2021-02-13 17:00:00,42,103,0.7096296931398347,0.0,0.0,1.4334,12.1065,6.0,7,20.0,,2483.7039259894214,0.0,0.0,0.0,45.47311958365255,optimal
2021-02-13 17:30:00,42,103,1.0318253654550813,0.0,0.0,0.1835999999999999,11.571,6.0,7,20.0,,3611.3887790927847,0.0,0.0,0.0,45.35957762689981,optimal
2021-02-13 18:00:00,42,103,2.142857142857143,0.0,0.0,0.4127333333333333,11.025,6.0,7,20.0,,7500.0,0.0,0.0,0.0,45.24614921210382,optimal
2021-02-13 18:30:00,42,103,2.142857142857143,0.0,0.0,1.541,10.8465,6.0,7,20.08610023080492,,7500.0,0.0,0.0,0.0,45.13283422572263,optimal
2021-02-13 19:00:00,42,103,0.3063571170715801,0.0,0.0,0.2184666666666666,11.2455,6.0,7,20.1958176508643,,1072.2499097505304,0.0,0.0,0.0,45.01963255432782,optimal
2021-02-13 19:30:00,42,103,0.0,0.0,0.0,0.1195,23.8665,6.0,7,20.143186503110982,,0.0,0.0,0.0,0.0,44.906544084604405,optimal
2021-02-13 20:00:00,42,103,0.0,0.0,0.0,0.3355333333333333,27.4575,6.0,7,20.06997313772418,,0.0,0.0,0.0,0.0,44.79356870335072,optimal
2021-02-13 20:30:00,42,103,0.0,0.0,0.0,1.3775666666666666,27.3735,6.0,7,20.0,,0.0,0.0,0.0,0.0,44.68070629747828,optimal
2021-02-13 21:00:00,42,103,0.0,0.0,0.0,0.7856000000000001,30.4605,6.0,7,19.936820957344995,,0.0,0.0,0.0,0.0,44.6360255911808,optimal
2021-02-13 21:30:00,42,103,0.0,0.0,0.0,0.412,30.0195,6.0,7,19.872964008280345,,0.0,0.0,0.0,0.0,44.59138956558962,optimal
2021-02-13 22:00:00,42,103,0.0,0.0,0.0,0.4921999999999999,26.9325,6.0,7,19.80536709745939,,0.0,0.0,0.0,0.0,44.54679817602403,optimal
2021-02-13 22:30:00,42,103,0.0,0.0,0.0,1.3032666666666668,14.595,6.0,7,19.738551417829303,,0.0,0.0,0.0,0.0,44.50225137784801,optimal
2021-02-13 23:00:00,42,103,0.0,0.0,0.0,0.065,12.4845,6.0,7,19.67430393470402,,0.0,0.0,0.0,0.0,44.45774912647016,optimal
2021-02-13 23:30:00,42,103,0.0,0.0,0.0,0.0603333333333333,12.1275,6.0,7,19.590740781260315,,0.0,0.0,0.0,0.0,44.41329137734369,optimal
2021-02-07 00:00:00,43,103,2.0,0.0,0.0,0.056,2.205,6.0,-8,21.0,,7000.0,0.0,0.0,0.0,47.952,optimal
2021-02-07 00:30:00,43,103,2.0,0.0,1.422554816274352,0.056,0.882,6.0,-8,21.071828630162173,,7000.0,0.0,0.0,0.0,48.57976153773031,optimal
2021-02-07 01:00:00,43,103,2.0,0.0,0.0,0.056,1.5435,6.0,-8,21.14287772833321,,7000.0,0.0,0.0,0.0,48.53118177619257,optimal
2021-02-07 01:30:00,43,103,2.0,0.0,0.0,0.056,1.5435,6.0,-8,21.213150831002505,,7000.0,0.0,0.0,0.0,48.48265059441637,optimal
2021-02-07 02:00:00,43,103,2.0,0.0,0.0,0.056,5.0715,6.0,-8,21.282878292755523,,7000.0,0.0,0.0,0.0,48.434167943821954,optimal
2021-02-07 02:30:00,43,103,2.0,0.0,0.0,0.056,5.376,6.0,-8,21.352062588992037,,7000.0,0.0,0.0,0.0,48.38573377587813,optimal
2021-02-07 03:00:00,43,103,2.0,0.0,0.0,0.056,5.0715,6.0,-8,21.42047934974165,,7000.0,0.0,0.0,0.0,48.33734804210225,optimal
2021-02-07 03:30:00,43,103,2.0,0.0,0.0,0.056,5.5125,6.0,-8,21.488132057069425,,7000.0,0.0,0.0,0.0,48.28901069406015,optimal
2021-02-07 04:00:00,43,103,2.0,0.0,0.0,0.056,9.261,6.0,-8,21.555251011383405,,7000.0,0.0,0.0,0.0,48.24072168336608,optimal
2021-02-07 04:30:00,43,103,0.0,0.0,0.0,0.056,11.7075,6.0,-8,21.621838634151707,,0.0,0.0,0.0,0.0,48.19248096168271,optimal
2021-02-07 05:00:00,43,103,0.0,0.0,0.0,0.056,12.348,6.0,-8,21.54077131533111,,0.0,0.0,0.0,0.0,48.144288480721016,optimal
2021-02-07 05:30:00,43,103,0.0,0.0,0.0,0.056,12.348,6.0,-8,21.460071773221507,,0.0,0.0,0.0,0.0,48.096144192240295,optimal
2021-02-07 06:00:00,43,103,0.0,0.0,0.0,0.3495,12.1275,6.0,-8,21.37973833933662,,0.0,0.0,0.0,0.0,48.048048048048045,optimal
2021-02-07 06:30:00,43,103,0.0,0.0,0.0,1.9832,12.5265,6.0,-8,21.309259297608204,,0.0,0.0,0.0,0.0,48.0,optimal
2021-02-07 07:00:00,43,103,0.0,0.0,0.0,0.068,11.7495,6.0,-8,21.260399309822088,,0.0,0.0,0.0,0.0,47.60807281419609,optimal
2021-02-07 07:30:00,43,103,0.0,0.0,0.0,0.0843333333333333,13.23,6.0,-8,21.18776992377796,,0.0,0.0,0.0,0.0,47.21653755557799,optimal
2021-02-07 08:00:00,43,103,0.0,0.0,0.0,0.1055,14.3325,6.0,-8,21.10826039697799,,0.0,0.0,0.0,0.0,46.8253938322185,optimal
2021-02-07 08:30:00,43,103,0.0,0.0,0.0,0.8356666666666667,14.994,6.0,-8,21.02760590127451,,0.0,0.0,0.0,0.0,46.43464125258237,optimal
2021-02-07 09:00:00,43,103,0.0,0.0,0.0,2.6209,14.8155,6.0,-8,20.9522029176711,,0.0,0.0,0.0,0.0,46.044279425525886,optimal
2021-02-07 09:30:00,43,103,0.0,0.0,0.0,2.021133333333333,14.112,6.0,-8,20.884996431557678,,0.0,0.0,0.0,0.0,45.65430796029646,optimal
2021-02-07 10:00:00,43,103,0.0,0.0,0.0,0.1987333333333333,14.007,6.0,-8,20.816160498892163,,0.0,0.0,0.0,0.0,45.26472646653225,optimal
2021-02-07 10:30:00,43,103,0.0,0.0,0.0,0.107,13.23,6.0,-8,20.73795947108478,,0.0,0.0,0.0,0.0,44.87553455426181,optimal
2021-02-07 11:00:00,43,103,2.0,0.0,0.0,0.066,11.382,6.0,-8,20.653967517983503,,7000.0,0.0,0.0,0.0,44.48673183390364,optimal
2021-02-07 11:30:00,43,103,0.2525249923257024,0.0,0.0,0.066,11.7495,6.0,-8,20.71484903389879,,883.8374731399585,0.0,0.0,0.0,44.09831791626583,optimal
2021-02-07 12:00:00,43,103,0.0,0.0,0.0,0.066,24.3285,6.0,-8,20.646706634268835,,0.0,0.0,0.0,0.0,43.710292412545655,optimal
2021-02-07 12:30:00,43,103,0.0,0.0,0.0,0.066,28.917,6.0,-8,20.56026823658185,,0.0,0.0,0.0,0.0,43.3226549343292,optimal
2021-02-07 13:00:00,43,103,0.0,0.0,0.0,0.066,31.3635,6.0,-8,20.474221982486984,,0.0,0.0,0.0,0.0,42.935405093590965,optimal
2021-02-07 13:30:00,43,103,0.0,0.0,0.0,0.066,33.306,6.0,-8,20.38856609227892,,0.0,0.0,0.0,0.0,42.548542502693465,optimal
2021-02-07 14:00:00,43,103,0.0,0.0,0.0,0.107,31.3425,6.0,-8,20.303525629814786,,0.0,0.0,0.0,0.0,42.16206677438687,optimal
2021-02-07 14:30:00,43,103,0.0,0.0,0.0,0.2040666666666666,28.2555,6.0,-8,20.220992340070858,,0.0,0.0,0.0,0.0,41.77597752180857,optimal
2021-02-07 15:00:00,43,103,0.0,0.0,0.0,0.302,15.6975,6.0,-8,20.143551767169303,,0.0,0.0,0.0,0.0,41.390274358482856,optimal
2021-02-07 15:30:00,43,103,0.0,0.0,0.0,0.3356,12.5475,6.0,-8,20.071018017901974,,0.0,0.0,0.0,0.0,41.00495689832047,optimal
2021-02-07 16:00:00,43,103,1.7239849651169938,0.0,0.0,1.1966666666666668,12.0855,6.0,-8,20.0,,6033.947377909479,0.0,0.0,0.0,40.62002475561824,optimal
2021-02-07 16:30:00,43,103,2.0,0.0,0.0,1.0600999999999998,11.907,6.0,-8,20.05877245674578,,7000.0,0.0,0.0,0.0,40.23547754505872,optimal
2021-02-07 17:00:00,43,103,0.0,0.0,0.0,0.4255666666666666,12.5685,6.0,-8,20.138538106804933,,0.0,0.0,0.0,0.0,39.85131488170975,optimal
2021-02-07 17:30:00,43,103,0.0,0.0,0.0,0.2288666666666666,13.146,6.0,-8,20.071476986362278,,0.0,0.0,0.0,0.0,39.46753638102413,optimal
2021-02-07 18:00:00,43,103,0.9021294202932838,0.0,0.0,0.3036333333333333,10.584,6.0,-8,20.0,,3157.4529710264933,0.0,0.0,0.0,39.0841416588392,optimal
2021-02-07 18:30:00,43,103,1.8465043852464995,0.0,0.0,0.215,6.678,6.0,-8,20.0,,6462.765348362748,0.0,0.0,0.0,38.70113033137645,optimal
2021-02-07 19:00:00,43,103,0.0,0.0,0.0,0.1959666666666666,7.938,6.0,-8,20.0689820770112,,0.0,0.0,0.0,0.0,38.31850201524117,optimal
2021-02-07 19:30:00,43,103,1.743158889229271,0.0,0.0,0.2114,5.292,6.0,-8,20.0,,6101.056112302449,0.0,0.0,0.0,37.93625632742202,optimal
2021-02-07 20:00:00,43,103,0.0,0.0,0.0,0.2011666666666666,9.261,6.0,-8,20.064960042752197,,0.0,0.0,0.0,0.0,37.554392885290696,optimal
2021-02-07 20:30:00,43,103,0.0,0.0,0.0,0.2490333333333333,10.3635,6.0,-8,20.0,,0.0,0.0,0.0,0.0,37.516838492405405,optimal
2021-02-07 21:00:00,43,103,0.0,0.0,0.0,0.2923666666666666,8.274,6.0,-8,19.93817046913677,,0.0,0.0,0.0,0.0,37.479321653913,optimal
2021-02-07 21:30:00,43,103,0.0,0.0,0.0,1.567,7.7175,6.0,-8,19.87949120934767,,0.0,0.0,0.0,0.0,37.441842332259085,optimal
2021-02-07 22:00:00,43,103,0.0,0.0,0.0,0.2966,6.615,6.0,-8,19.81932620347326,,0.0,0.0,0.0,0.0,37.40440048992683,optimal
2021-02-07 22:30:00,43,103,0.0,0.0,0.0,0.2058333333333332,6.174,6.0,-8,19.75663963534148,,0.0,0.0,0.0,0.0,37.3669960894369,optimal
2021-02-07 23:00:00,43,103,0.0,0.0,0.0,0.2139666666666666,3.906,6.0,-8,19.690983764918094,,0.0,0.0,0.0,0.0,37.32962909334746,optimal
2021-02-07 23:30:00,43,103,0.0,0.0,0.0,0.3399333333333333,2.3415,6.0,-8,19.62256039396763,,0.0,0.0,0.0,0.0,37.292299464254114,optimal
2021-02-08 00:00:00,43,103,2.0,0.0,0.0,0.0998333333333333,7.938,6.0,-1,19.62256039396763,,7000.0,0.0,0.0,0.0,37.25500716478986,optimal
2021-02-08 00:30:00,43,103,2.0,0.0,0.0,0.1825,8.6835,6.0,-1,19.69620398409804,,0.0,0.0,7000.0,0.0,37.21775215762507,optimal
2021-02-08 01:00:00,43,103,2.0,0.0,0.0,0.059,7.665,6.0,-1,19.62246936126831,,7000.0,0.0,0.0,0.0,37.18053440546745,optimal
2021-02-08 01:30:00,43,103,2.0,0.0,4.021522468845966,0.163,6.7725,6.0,-1,19.693822378335277,,7000.0,0.0,0.0,0.0,39.053577043763816,optimal
2021-02-08 02:00:00,43,103,2.0,0.0,5.0,0.098,5.5755,6.0,-1,19.766814097669076,,7000.0,0.0,0.0,0.0,41.38952346672004,optimal
2021-02-08 02:30:00,43,103,2.0,0.0,5.0,0.098,5.0925,6.0,-1,19.837879566077525,,7000.0,0.0,0.0,0.0,43.72313394325332,optimal
2021-02-08 03:00:00,43,103,2.0,0.0,5.0,0.163,4.1895,6.0,-1,19.90884946713776,,7000.0,0.0,0.0,0.0,46.05441080931006,optimal
2021-02-08 03:30:00,43,103,2.0,0.0,0.0,0.059,7.056,6.0,-1,19.98109251091613,,7000.0,0.0,0.0,0.0,46.00835639850075,optimal
2021-02-08 04:00:00,43,103,2.0,0.0,5.0,0.0915,5.271,6.0,-1,20.050591734368112,,7000.0,0.0,0.0,0.0,48.33734804210225,optimal
2021-02-08 04:30:00,43,103,2.0,0.0,0.0,0.1695,7.938,6.0,-1,20.120232966002163,,7000.0,0.0,0.0,0.0,48.28901069406015,optimal
2021-02-08 05:00:00,43,103,2.0,0.0,0.0,0.059,7.938,6.0,-1,20.1907465209875,,7000.0,0.0,0.0,0.0,48.24072168336608,optimal
2021-02-08 05:30:00,43,103,2.0,0.0,0.0,0.137,11.907,6.0,-1,20.2581604399977,,7000.0,0.0,0.0,0.0,48.19248096168271,optimal
2021-02-08 06:00:00,43,103,2.0,0.0,0.0,0.124,11.025,6.0,-1,20.326683621110096,,7000.0,0.0,0.0,0.0,48.144288480721016,optimal
2021-02-08 06:30:00,43,103,2.0,0.0,0.0,0.059,11.2875,6.0,-1,20.394395444843727,,7000.0,0.0,0.0,0.0,48.096144192240295,optimal
2021-02-08 07:00:00,43,103,2.0,0.0,0.0,0.318,12.936,6.0,-1,20.46020497086357,,7000.0,0.0,0.0,0.0,48.048048048048045,optimal
2021-02-08 07:30:00,43,103,2.0,0.0,0.0,0.1493333333333333,13.0095,6.0,-1,20.53863298043477,,7000.0,0.0,0.0,0.0,48.0,optimal
2021-02-08 08:00:00,43,103,0.0,0.0,0.0,0.1193333333333333,13.671,6.0,-1,20.61636455322924,,0.0,0.0,0.0,0.0,47.29837325799779,optimal
2021-02-08 08:30:00,43,103,0.0,0.0,0.0,0.2625,13.188,6.0,-1,20.547552993232458,,0.0,0.0,0.0,0.0,46.59744814273758,optimal
2021-02-08 09:00:00,43,103,0.0,0.0,0.0,0.4435,13.8495,6.0,-1,20.474296536139825,,0.0,0.0,0.0,0.0,45.89722395259263,optimal
2021-02-08 09:30:00,43,103,2.0,0.0,0.0,2.1746666666666665,13.23,6.0,-1,20.404862196192475,,7000.0,0.0,0.0,0.0,45.19769998663783,optimal
2021-02-08 10:00:00,43,103,0.2020307786122577,0.0,0.0,0.331,13.3665,6.0,-1,20.48119964499113,,707.107725142902,0.0,0.0,0.0,44.49887554464898,optimal
2021-02-08 10:30:00,43,103,2.0,0.0,0.0,0.3933333333333333,13.0515,6.0,-1,20.42275659245493,,7000.0,0.0,0.0,0.0,43.800749927102125,optimal
2021-02-08 11:00:00,43,103,0.0,0.0,0.0,0.178,13.5345,6.0,-1,20.502644057065417,,0.0,0.0,0.0,0.0,43.103322435172814,optimal
2021-02-08 11:30:00,43,103,0.0,0.0,0.0,0.321,14.154,6.0,-1,20.430251240541484,,0.0,0.0,0.0,0.0,42.40659237073543,optimal
2021-02-08 12:00:00,43,103,0.0,0.0,0.0,0.2293333333333332,14.112,6.0,-1,20.35954287635801,,0.0,0.0,0.0,0.0,41.71055903636248,optimal
2021-02-08 12:30:00,43,103,0.0,0.0,0.0,0.3376666666666666,14.2485,6.0,-1,20.284290226112084,,0.0,0.0,0.0,0.0,41.01522173532391,optimal
2021-02-08 13:00:00,43,103,2.0,0.0,0.0,0.082,12.789,6.0,-1,20.210658200368357,,7000.0,0.0,0.0,0.0,40.32057977158638,optimal
2021-02-08 13:30:00,43,103,2.0,0.0,0.0,0.0755,13.0095,6.0,-1,20.27299718290175,,7000.0,0.0,0.0,0.0,39.62663244981258,optimal
2021-02-08 14:00:00,43,103,2.0,0.0,0.0,0.2055,12.1275,6.0,-1,20.33537019387458,,7000.0,0.0,0.0,0.0,38.93337907536056,optimal
2021-02-08 14:30:00,43,103,2.0,0.0,0.0,0.1416666666666666,12.348,6.0,-1,20.400650459618745,,7000.0,0.0,0.0,0.0,38.24081895428299,optimal
2021-02-08 15:00:00,43,103,2.0,0.0,0.0,0.069,12.348,6.0,-1,20.46582064220545,,7000.0,0.0,0.0,0.0,37.5489513933265,optimal
2021-02-08 15:30:00,43,103,0.0,0.0,0.0,0.2055,25.389,6.0,-1,20.52627470881076,,0.0,0.0,0.0,0.0,36.85777569993096,optimal
2021-02-08 16:00:00,43,103,0.0,0.0,0.0,0.0755,29.1375,6.0,-1,20.442201874631944,,0.0,0.0,0.0,0.0,36.16729118222882,optimal
2021-02-08 16:30:00,43,103,0.0,0.0,0.0,0.1248333333333333,30.597,6.0,-1,20.356000731778582,,0.0,0.0,0.0,0.0,35.47749714904438,optimal
2021-02-08 17:00:00,43,103,0.0,0.0,0.0,0.3065,33.684,6.0,-1,20.27170641296208,,0.0,0.0,0.0,0.0,34.788392909893126,optimal
2021-02-08 17:30:00,43,103,0.0,0.0,0.0,0.221,32.445,6.0,-1,20.194280968805163,,0.0,0.0,0.0,0.0,34.09997777498102,optimal
2021-02-08 18:00:00,43,103,0.0,0.0,0.0,0.5673333333333334,28.917,6.0,-1,20.11624330834812,,0.0,0.0,0.0,0.0,33.41225105520383,optimal
2021-02-08 18:30:00,43,103,0.0,0.0,0.0,2.142233333333333,15.876,6.0,-1,20.04592697753292,,0.0,0.0,0.0,0.0,32.72521206214642,optimal
2021-02-08 19:00:00,43,103,0.6202785243982577,0.0,0.0,1.9057333333333328,12.348,6.0,-1,20.0,,2170.9748353939017,0.0,0.0,0.0,32.03886010808206,optimal
2021-02-08 19:30:00,43,103,2.0,0.0,0.0,2.535233333333333,12.1275,6.0,-1,20.0,,5918.666666666667,0.0,1081.3333333333333,0.0,31.35319450597177,optimal
2021-02-08 20:00:00,43,103,0.008679550005661,0.0,0.0,1.7758,12.348,6.0,-1,20.06322948642267,,30.378425019813594,0.0,0.0,0.0,31.321841311465803,optimal
2021-02-08 20:30:00,43,103,0.0,0.0,0.0,0.9545333333333332,12.1275,6.0,-1,20.0,,0.0,0.0,0.0,0.0,31.290519470154337,optimal
2021-02-08 21:00:00,43,103,0.0,0.0,0.0,1.5034,12.1275,6.0,-1,19.936485707955,,0.0,0.0,0.0,0.0,31.259228950684182,optimal
2021-02-08 21:30:00,43,103,0.0,0.0,0.0,1.0959333333333334,11.2665,6.0,-1,19.874199849831385,,0.0,0.0,0.0,0.0,31.227969721733498,optimal
2021-02-08 22:00:00,43,103,0.0398095238095238,0.0,0.0,0.1513333333333333,10.143,6.0,-1,19.809107358278645,,0.0,0.0,139.33333333333331,0.0,31.196741752011764,optimal
2021-02-08 22:30:00,43,103,0.0,0.0,0.0,0.8319333333333333,11.2455,6.0,-1,19.73642399917078,,0.0,0.0,0.0,0.0,31.165545010259752,optimal
2021-02-08 23:00:00,43,103,0.0,0.0,0.0,1.8725333333333332,11.025,6.0,-1,19.672198313791547,,0.0,0.0,0.0,0.0,31.13437946524949,optimal
2021-02-08 23:30:00,43,103,0.0796190476190476,0.0,0.0,0.2191,5.9745,6.0,-1,19.602852029382888,,0.0,0.0,278.66666666666663,0.0,31.10324508578424,optimal
2021-02-09 00:00:00,43,103,2.0,0.0,5.0,0.052,10.689,6.0,-9,19.602852029382888,,7000.0,0.0,0.0,0.0,33.44714184069846,optimal
2021-02-09 00:30:00,43,103,2.0,0.0,5.0,0.052,11.361,6.0,-9,19.670080517012934,,0.0,0.0,7000.0,0.0,35.78869469885776,optimal
2021-02-09 01:00:00,43,103,2.0,0.0,5.0,0.1505,11.571,6.0,-9,19.58987798979353,,3271.333333333333,0.0,3728.6666666666665,0.0,38.1279060041589,optimal
2021-02-09 01:30:00,43,103,2.0,0.0,1.8915009198542672,0.1431666666666666,14.3745,6.0,-9,19.58120251605642,,7000.0,0.0,0.0,0.0,38.98824103508552,optimal
2021-02-09 02:00:00,43,103,2.0,0.0,5.0,0.0746,13.23,6.0,-9,19.65044831617318,,7000.0,0.0,0.0,0.0,41.32425279405042,optimal
2021-02-09 02:30:00,43,103,2.0,0.0,5.0,0.1964666666666666,13.9755,6.0,-9,19.71748294548399,,7000.0,0.0,0.0,0.0,43.657928541256375,optimal
2021-02-09 03:00:00,43,103,1.9662982949878995,0.0,0.0,0.0934333333333333,14.994,6.0,-9,19.7870056371167,,6882.044032457648,0.0,0.0,0.0,43.61427061271511,optimal
2021-02-09 03:30:00,43,103,2.0,0.0,5.0,0.0915,13.671,6.0,-9,19.8517878455851,,7000.0,0.0,0.0,0.0,45.9456563421024,optimal
2021-02-09 04:00:00,43,103,0.0,0.0,0.0,0.1833333333333333,15.981,6.0,-9,19.91917214976785,,0.0,0.0,0.0,0.0,45.89971068576028,optimal
2021-02-09 04:30:00,43,103,0.0,0.0,0.0,0.0972,15.6345,6.0,-9,19.841284695468055,,0.0,0.0,0.0,0.0,45.85381097507452,optimal
2021-02-09 05:00:00,43,103,0.0,0.0,0.0,0.2190666666666666,16.5375,6.0,-9,19.76148378176986,,0.0,0.0,0.0,0.0,45.80795716409944,optimal
2021-02-09 05:30:00,43,103,2.0,0.0,0.0,0.0583333333333333,14.7735,6.0,-9,19.684156574255955,,7000.0,0.0,0.0,0.0,45.76214920693534,optimal
2021-02-09 06:00:00,43,103,2.0,0.0,0.0,0.1291333333333333,15.2145,6.0,-9,19.751016208955654,,7000.0,0.0,0.0,0.0,45.7163870577284,optimal
2021-02-09 06:30:00,43,103,2.0,0.0,0.0,0.1125333333333333,14.553,6.0,-9,19.81942776530883,,7000.0,0.0,0.0,0.0,45.670670670670674,optimal
2021-02-09 07:00:00,43,103,2.0,0.0,5.0,0.1820666666666666,14.3325,6.0,-9,19.88989974631457,,7000.0,0.0,0.0,0.0,48.0,optimal
2021-02-09 07:30:00,43,103,2.0,0.0,0.0,0.4750666666666666,14.595,6.0,-9,19.96405350940476,,7000.0,0.0,0.0,0.0,47.70347870105663,optimal
2021-02-09 08:00:00,43,103,2.0,0.0,0.0,0.1803,14.994,6.0,-9,20.042125466659968,,7000.0,0.0,0.0,0.0,47.407253923412206,optimal
2021-02-09 08:30:00,43,103,2.0,0.0,0.0,0.4876333333333333,14.3325,6.0,-9,20.11008346333003,,7000.0,0.0,0.0,0.0,47.11132537054543,optimal
2021-02-09 09:00:00,43,103,2.0,0.0,0.0,0.083,13.8915,6.0,-9,20.1819077455698,,7000.0,0.0,0.0,0.0,46.81569274623152,optimal
2021-02-09 09:30:00,43,103,2.0,0.0,0.0,1.0595,13.8915,6.0,-9,20.245077814477185,,7000.0,0.0,0.0,0.0,46.52035575454192,optimal
2021-02-09 10:00:00,43,103,2.0,0.0,0.0,0.2414333333333333,13.4715,6.0,-9,20.321795233630944,,7000.0,0.0,0.0,0.0,46.22531409984401,optimal
2021-02-09 10:30:00,43,103,2.0,0.0,0.0,0.062,13.23,6.0,-9,20.38518832448114,,7000.0,0.0,0.0,0.0,45.9305674868008,optimal
2021-02-09 11:00:00,43,103,2.0,0.0,0.0,1.3983333333333332,13.8915,6.0,-9,20.4456508468453,,7000.0,0.0,0.0,0.0,45.63611562037064,optimal
2021-02-09 11:30:00,43,103,0.0,0.0,0.0,1.2392999999999998,26.9325,6.0,-9,20.5284125915508,,0.0,0.0,0.0,0.0,45.3419582058069,optimal
2021-02-09 12:00:00,43,103,0.0,0.0,0.0,0.1109,30.303,6.0,-9,20.46303572627025,,0.0,0.0,0.0,0.0,45.04809494865773,optimal
2021-02-09 12:30:00,43,103,0.0,0.0,0.0,0.1342666666666666,32.886,6.0,-9,20.38313875684709,,0.0,0.0,0.0,0.0,44.754525554765706,optimal
2021-02-09 13:00:00,43,103,0.0,0.0,0.0,0.0684,34.9965,6.0,-9,20.302950097212364,,0.0,0.0,0.0,0.0,44.461249730267575,optimal
2021-02-09 13:30:00,43,103,0.0,0.0,0.0,0.2119666666666666,33.327,6.0,-9,20.222157419890664,,0.0,0.0,0.0,0.0,44.16826718159394,optimal
2021-02-09 14:00:00,43,103,0.0,0.0,0.0,1.3928333333333334,31.122,6.0,-9,20.145840121507035,,0.0,0.0,0.0,0.0,43.87557761546898,optimal
2021-02-09 14:30:00,43,103,0.0,0.0,0.0,0.1967666666666666,17.9025,6.0,-9,20.076283198655887,,0.0,0.0,0.0,0.0,43.583180738910144,optimal
2021-02-09 15:00:00,43,103,0.9275781971488224,0.0,0.0,1.3654000000000002,15.6555,6.0,-9,20.0,,3246.5236900208783,0.0,0.0,0.0,43.29107625922786,optimal
2021-02-09 15:30:00,43,103,0.9563343876250032,0.0,0.0,0.7051000000000001,14.553,6.0,-9,20.0,,2859.5036900208447,0.0,487.6666666666667,0.0,42.99926388402527,optimal
2021-02-09 16:00:00,43,103,0.9165629853626563,0.0,0.0,0.7109666666666667,14.3325,6.0,-9,20.0,,2720.303782102631,0.0,487.6666666666667,0.0,42.707743321197874,optimal
2021-02-09 16:30:00,43,103,0.8096729433921881,0.0,0.0,0.7426333333333334,13.335,6.0,-9,20.0,,2833.8553018726584,0.0,0.0,0.0,42.41651427893331,optimal
2021-02-09 17:00:00,43,103,1.723025163545333,0.0,0.0,0.5577000000000001,12.1275,6.0,-9,20.0,,5612.5880724086655,0.0,418.0,0.0,42.12557646571101,optimal
2021-02-09 17:30:00,43,103,0.0,0.0,0.0,0.2751333333333333,12.2955,6.0,-9,20.06089001299108,,0.0,0.0,0.0,0.0,41.83492959030194,optimal
2021-02-09 18:00:00,43,103,0.8757742806544347,0.0,0.0,0.2672666666666666,11.6865,6.0,-9,20.0,,2995.543315623855,0.0,69.66666666666666,0.0,41.54457336176827,optimal
2021-02-09 18:30:00,43,103,0.886295492115825,0.0,0.0,0.2923333333333333,11.466,6.0,-9,20.0,,3102.0342224053875,0.0,0.0,0.0,41.25450748946314,optimal
2021-02-09 19:00:00,43,103,1.1505824593932643,0.0,0.0,0.2862666666666666,10.8045,6.0,-9,20.0,,3194.791795853629,0.0,832.2468120227965,0.0,40.96473168303031,optimal
2021-02-09 19:30:00,43,103,2.0,0.0,0.0,0.098,10.584,6.0,-9,20.0,,6717.58014535613,0.0,282.41985464387017,0.0,40.67524565240391,optimal
2021-02-09 20:00:00,43,103,0.0,0.0,0.0,0.3595,11.2455,6.0,-9,20.068501991845693,,0.0,0.0,0.0,0.0,40.38604910780814,optimal
2021-02-09 20:30:00,43,103,0.0,0.0,0.0,0.198,12.1275,6.0,-9,20.0,,0.0,0.0,0.0,0.0,40.097141759756965,optimal
2021-02-09 21:00:00,43,103,0.0,0.0,0.0,0.3373333333333333,11.823,6.0,-9,19.932719879788763,,0.0,0.0,0.0,0.0,39.80852331905384,optimal
2021-02-09 21:30:00,43,103,0.0,0.0,0.0,0.2366333333333333,11.7705,6.0,-9,19.87994871881935,,0.0,0.0,0.0,0.0,39.76871479573479,optimal
2021-02-09 22:00:00,43,103,0.0,0.0,0.0,0.2973,11.13,6.0,-9,19.815984423403425,,0.0,0.0,0.0,0.0,39.72894608093905,optimal
2021-02-09 22:30:00,43,103,0.0,0.0,0.0,0.2935,11.6865,6.0,-9,19.749108482695,,0.0,0.0,0.0,0.0,39.68921713485811,optimal
2021-02-09 23:00:00,43,103,0.0,0.0,0.0,0.1765,10.7205,6.0,-9,19.68589647509917,,0.0,0.0,0.0,0.0,39.649527917723255,optimal
2021-02-09 23:30:00,43,103,0.0,0.0,0.0,0.2064666666666666,11.424,6.0,-9,19.613977995850508,,0.0,0.0,0.0,0.0,39.60987838980553,optimal
2021-02-10 00:00:00,43,103,2.0,0.0,0.0,0.1523333333333333,14.217,6.0,5,19.613977995850508,,7000.0,0.0,0.0,0.0,39.570268511415726,optimal
2021-02-10 00:30:00,43,103,2.0,0.0,0.0,0.1127333333333333,13.3665,6.0,5,19.683133279489848,,0.0,0.0,7000.0,0.0,39.53069824290431,optimal
2021-02-10 01:00:00,43,103,2.0,0.0,0.0,0.1465,12.789,6.0,5,19.602366389688815,,0.0,0.0,7000.0,0.0,39.4911675446614,optimal
2021-02-10 01:30:00,43,103,2.0,0.0,0.0,0.1390333333333333,11.907,6.0,5,19.52242653474673,,6161.0,0.0,839.0,0.0,39.45167637711674,optimal
2021-02-10 02:00:00,43,103,2.0,0.0,0.0,0.1932666666666666,11.7075,6.0,5,19.57193707622772,,7000.0,0.0,0.0,0.0,39.41222470073962,optimal
2021-02-10 02:30:00,43,103,2.0,0.0,4.058059714817516,0.1436666666666666,10.8045,6.0,5,19.639572261742277,,7000.0,0.0,0.0,0.0,41.3003908405772,optimal
2021-02-10 03:00:00,43,103,2.0,0.0,0.0,0.1868,11.508,6.0,5,19.70585650764664,,7000.0,0.0,0.0,0.0,41.25909044973661,optimal
2021-02-10 03:30:00,43,103,2.0,0.0,0.0,0.0574666666666666,11.508,6.0,5,19.77274801720949,,7000.0,0.0,0.0,0.0,41.21783135928688,optimal
2021-02-10 04:00:00,43,103,2.0,0.0,0.0,0.0897999999999999,11.508,6.0,5,19.836613541801377,,7000.0,0.0,0.0,0.0,41.17661352792759,optimal
2021-02-10 04:30:00,43,103,2.0,0.0,0.0,0.1544666666666666,11.844,6.0,5,19.90086995861879,,7000.0,0.0,0.0,0.0,41.135436914399655,optimal
2021-02-10 05:00:00,43,103,2.0,0.0,0.0,0.1436666666666666,11.508,6.0,5,19.96574245588013,,7000.0,0.0,0.0,0.0,41.09430147748525,optimal
2021-02-10 05:30:00,43,103,2.0,0.0,0.0,0.1932666666666666,11.508,6.0,5,20.02963963451449,,7000.0,0.0,0.0,0.0,41.05320717600776,optimal
2021-02-10 06:00:00,43,103,2.0,0.0,5.0,0.0602666666666666,10.4475,6.0,5,20.0938373638648,,7000.0,0.0,0.0,0.0,43.38715396883175,optimal
2021-02-10 06:30:00,43,103,2.0,0.0,5.0,0.1926,10.8675,6.0,5,20.1544904759618,,7000.0,0.0,0.0,0.0,45.71876681486292,optimal
2021-02-10 07:00:00,43,103,2.0,0.0,5.0,0.2234,10.542,6.0,5,20.21856143132192,,7000.0,0.0,0.0,0.0,48.048048048048045,optimal
2021-02-10 07:30:00,43,103,2.0,0.0,0.0,1.5214333333333334,11.025,6.0,5,20.284339464765512,,7000.0,0.0,0.0,0.0,48.0,optimal
2021-02-10 08:00:00,43,103,2.0,0.0,0.0,1.6641666666666668,11.025,6.0,5,20.367385177365016,,7000.0,0.0,0.0,0.0,47.74724735604711,optimal
2021-02-10 08:30:00,43,103,2.0,0.0,0.0,0.4837666666666667,14.553,6.0,5,20.46481898324431,,7000.0,0.0,0.0,0.0,47.494747464738175,optimal
2021-02-10 09:00:00,43,103,2.0,0.0,0.0,0.2363333333333332,13.0935,6.0,5,20.53362994422109,,7000.0,0.0,0.0,0.0,47.24250007332055,optimal
2021-02-10 09:30:00,43,103,2.0,0.0,0.0,0.2032666666666666,15.6345,6.0,5,20.59351847842596,,7000.0,0.0,0.0,0.0,46.99050492929434,optimal
2021-02-10 10:00:00,43,103,0.0,0.0,0.0,0.1536666666666666,18.102,6.0,5,20.65171447880417,,0.0,0.0,0.0,0.0,46.73876178041216,optimal
2021-02-10 10:30:00,43,103,0.0,0.0,0.0,0.3686,17.199,6.0,5,20.56215684603573,,0.0,0.0,0.0,0.0,46.48727037467886,optimal
2021-02-10 11:00:00,43,103,0.0,0.0,0.0,0.3146,18.2805,6.0,5,20.480455821411176,,0.0,0.0,0.0,0.0,46.236030460351294,optimal
2021-02-10 11:30:00,43,103,0.0,0.0,0.0,0.1305,17.4615,6.0,5,20.399582817886653,,0.0,0.0,0.0,0.0,45.98504178593806,optimal
2021-02-10 12:00:00,43,103,0.0,0.0,0.0,0.1811666666666666,18.3225,6.0,5,20.31249603319669,,0.0,0.0,0.0,0.0,45.73430410019923,optimal
2021-02-10 12:30:00,43,103,0.0,0.0,0.0,0.1062666666666666,17.094,6.0,5,20.22732455767056,,0.0,0.0,0.0,0.0,45.48381715214615,optimal
2021-02-10 13:00:00,43,103,0.0,0.0,0.0,0.3838333333333333,17.094,6.0,5,20.140962802567635,,0.0,0.0,0.0,0.0,45.23358069104111,optimal
2021-02-10 13:30:00,43,103,1.226106158477815,0.0,0.0,0.6437,17.094,6.0,5,20.0639385646975,,4291.371554672352,0.0,0.0,0.0,44.98359446639719,optimal
2021-02-10 14:00:00,43,103,0.0,0.0,0.0,0.061,17.3565,6.0,5,20.0848536188451,,0.0,0.0,0.0,0.0,44.73385822797791,optimal
2021-02-10 14:30:00,43,103,2.0,0.0,0.0,0.1822333333333333,17.115,6.0,5,20.0,,7000.0,0.0,0.0,0.0,44.48437172579704,optimal
2021-02-10 15:00:00,43,103,1.7793866697252714,0.0,0.0,0.1747,17.241,6.0,5,20.065436200880804,,6227.85334403845,0.0,0.0,0.0,44.23513471011836,optimal
2021-02-10 15:30:00,43,103,2.0,0.0,0.0,0.1305,17.094,6.0,5,20.11416295547488,,7000.0,0.0,0.0,0.0,43.98614693145535,optimal
2021-02-10 16:00:00,43,103,2.0,0.0,0.0,0.0841666666666666,16.5165,6.0,5,20.1770848896508,,7000.0,0.0,0.0,0.0,43.73740814057101,optimal
2021-02-10 16:30:00,43,103,0.0,0.0,0.0,1.4853333333333332,17.8185,6.0,5,20.23783869295196,,0.0,0.0,0.0,0.0,43.488918088477554,optimal
2021-02-10 17:00:00,43,103,2.0,0.0,0.0,1.7971333333333337,17.094,6.0,5,20.16643769064164,,7000.0,0.0,0.0,0.0,43.24067652643619,optimal
2021-02-10 17:30:00,43,103,2.0,0.0,0.0,0.6136666666666666,16.8945,6.0,5,20.24637097923619,,7000.0,0.0,0.0,0.0,42.99268320595687,optimal
2021-02-10 18:00:00,43,103,0.0,0.0,0.0,3.023,18.123,6.0,5,20.31849601735683,,0.0,0.0,0.0,0.0,42.74493787879802,optimal
2021-02-10 18:30:00,43,103,0.0,0.0,0.0,1.0131,31.647,6.0,5,20.282739785797,,0.0,0.0,0.0,0.0,42.49744029696633,optimal
2021-02-10 19:00:00,43,103,0.0,0.0,0.0,1.3400666666666663,34.9965,6.0,5,20.20910713303101,,0.0,0.0,0.0,0.0,42.25019021271648,optimal
2021-02-10 19:30:00,43,103,0.0,0.0,0.0,1.215733333333333,34.9965,6.0,5,20.138678272551967,,0.0,0.0,0.0,0.0,42.00318737855087,optimal
2021-02-10 20:00:00,43,103,0.0,0.0,0.0,0.3953666666666667,34.9965,6.0,5,20.07485839159082,,0.0,0.0,0.0,0.0,41.75643154721944,optimal
2021-02-10 20:30:00,43,103,0.0,0.0,0.0,1.1467333333333332,34.9965,6.0,5,20.0,,0.0,0.0,0.0,0.0,41.714675115672215,optimal
2021-02-10 21:00:00,43,103,0.0,0.0,0.0,0.5204333333333333,34.9965,6.0,5,19.930367948111822,,0.0,0.0,0.0,0.0,41.672960440556544,optimal
2021-02-10 21:30:00,43,103,0.0,0.0,0.0,0.2626333333333333,27.741,6.0,5,19.863234811301822,,0.0,0.0,0.0,0.0,41.63128748011599,optimal
2021-02-10 22:00:00,43,103,0.0,0.0,0.0,0.3776,19.026,6.0,5,19.78640805658912,,0.0,0.0,0.0,0.0,41.58965619263587,optimal
2021-02-10 22:30:00,43,103,0.0,0.0,0.0,0.6368333333333334,18.7215,6.0,5,19.702740486925364,,0.0,0.0,0.0,0.0,41.54806653644324,optimal
2021-02-10 23:00:00,43,103,0.0,0.0,0.0,0.1828,17.4195,6.0,5,19.62149482632414,,0.0,0.0,0.0,0.0,41.5065184699068,optimal
2021-02-10 23:30:00,43,103,0.0,0.0,0.0,0.061,16.758,6.0,5,19.524972131350268,,0.0,0.0,0.0,0.0,41.465011951436885,optimal
2021-02-11 00:00:00,43,103,2.0,0.0,5.0,0.049,10.584,6.0,-7,19.524972131350268,,7000.0,0.0,0.0,0.0,43.79854693948545,optimal
2021-02-11 00:30:00,43,103,2.0,0.0,5.0,0.049,11.025,6.0,-7,19.572997783393152,,2213.4014241864143,0.0,4786.598575813586,0.0,46.12974839254596,optimal
2021-02-11 01:00:00,43,103,2.0,0.0,5.0,0.049,10.4265,6.0,-7,19.520499374525624,,7000.0,0.0,0.0,0.0,48.45861864415342,optimal
2021-02-11 01:30:00,43,103,2.0,0.0,0.0,0.049,12.789,6.0,-7,19.569452654607616,,7000.0,0.0,0.0,0.0,48.41016002550926,optimal
2021-02-11 02:00:00,43,103,2.0,0.0,0.3566987593869965,0.049,12.684,6.0,-7,19.61818384918582,,7000.0,0.0,0.0,0.0,48.53118177619257,optimal
2021-02-11 02:30:00,43,103,2.0,0.0,0.0,0.049,16.254,6.0,-7,19.66669396579172,,7000.0,0.0,0.0,0.0,48.48265059441637,optimal
2021-02-11 03:00:00,43,103,2.0,0.0,0.0,0.049,17.64,6.0,-7,19.71453033910588,,7000.0,0.0,0.0,0.0,48.434167943821954,optimal
2021-02-11 03:30:00,43,103,2.0,0.0,0.0,0.049,19.1625,6.0,-7,19.761696025687904,,7000.0,0.0,0.0,0.0,48.38573377587813,optimal
2021-02-11 04:00:00,43,103,0.7906736139889862,0.0,0.0,0.049,26.46,6.0,-7,19.80978190721101,,2767.357648961452,0.0,0.0,0.0,48.33734804210225,optimal
2021-02-11 04:30:00,43,103,2.0,0.0,0.0,0.049,20.79,6.0,-7,19.769684961441847,,7000.0,0.0,0.0,0.0,48.28901069406015,optimal
2021-02-11 05:00:00,43,103,0.0,0.0,0.0,0.049,29.106,6.0,-7,19.818868770397703,,0.0,0.0,0.0,0.0,48.24072168336608,optimal
2021-02-11 05:30:00,43,103,2.0,0.0,0.0,0.049,19.1835,6.0,-7,19.72047659334745,,7000.0,0.0,0.0,0.0,48.19248096168271,optimal
2021-02-11 06:00:00,43,103,2.0,0.0,0.0,0.049,19.6665,6.0,-7,19.771017815760672,,7000.0,0.0,0.0,0.0,48.144288480721016,optimal
2021-02-11 06:30:00,43,103,2.0,0.0,0.0,0.049,19.404,6.0,-7,19.82246391937963,,7000.0,0.0,0.0,0.0,48.096144192240295,optimal
2021-02-11 07:00:00,43,103,2.0,0.0,0.0,0.3895666666666666,19.047,6.0,-7,19.874810799045317,,7000.0,0.0,0.0,0.0,48.048048048048045,optimal
2021-02-11 07:30:00,43,103,2.0,0.0,0.0,0.1813333333333333,18.858,6.0,-7,19.939928903267823,,7000.0,0.0,0.0,0.0,48.0,optimal
2021-02-11 08:00:00,43,103,2.0,0.0,0.0,0.19,19.2675,6.0,-7,20.0,,6979.598575813587,0.0,20.40142418641335,0.0,47.79072207446797,optimal
2021-02-11 08:30:00,43,103,2.0,0.0,0.0,0.19,18.963,6.0,-7,20.055726884169665,,7000.0,0.0,0.0,0.0,47.58165342686148,optimal
2021-02-11 09:00:00,43,103,2.0,0.0,0.0,0.1463333333333333,18.438,6.0,-7,20.11032260686857,,7000.0,0.0,0.0,0.0,47.37279384790259,optimal
2021-02-11 09:30:00,43,103,2.0,0.0,0.0,0.059,18.7425,6.0,-7,20.161377087793426,,7000.0,0.0,0.0,0.0,47.16414312852266,optimal
2021-02-11 10:00:00,43,103,2.0,0.0,0.0,0.059,15.2145,6.0,-7,20.21282585112914,,7000.0,0.0,0.0,0.0,46.95570105986212,optimal
2021-02-11 10:30:00,43,103,2.0,0.0,0.0,0.059,17.7765,6.0,-7,20.271526736683917,,7000.0,0.0,0.0,0.0,46.747467433270224,optimal
2021-02-11 11:00:00,43,103,2.0,0.0,0.0,0.059,16.758,6.0,-7,20.327239305260363,,7000.0,0.0,0.0,0.0,46.53944204030493,optimal
2021-02-11 11:30:00,43,103,2.0,0.0,0.0,0.059,16.422,6.0,-7,20.379977115737745,,7000.0,0.0,0.0,0.0,46.3316246727326,optimal
2021-02-11 12:00:00,43,103,2.0,0.0,0.0,0.059,16.758,6.0,-7,20.435878183597936,,7000.0,0.0,0.0,0.0,46.12401512252784,optimal
2021-02-11 12:30:00,43,103,0.0,0.0,0.0,0.059,29.358,6.0,-7,20.4949281595572,,0.0,0.0,0.0,0.0,45.91661318187328,optimal
2021-02-11 13:00:00,43,103,0.0,0.0,0.0,0.059,34.9965,6.0,-7,20.40930623366067,,0.0,0.0,0.0,0.0,45.70941864315938,optimal
2021-02-11 13:30:00,43,103,0.0,0.0,0.0,0.059,34.65,6.0,-7,20.327021590302568,,0.0,0.0,0.0,0.0,45.5024312989842,optimal
2021-02-11 14:00:00,43,103,0.0,0.0,0.0,0.059,34.9965,6.0,-7,20.245563914550825,,0.0,0.0,0.0,0.0,45.29565094215319,optimal
2021-02-11 14:30:00,43,103,0.0,0.0,0.0,0.059,34.9965,6.0,-7,20.16492945488428,,0.0,0.0,0.0,0.0,45.08907736567901,optimal
2021-02-11 15:00:00,43,103,0.0,0.0,0.0,0.059,30.4815,6.0,-7,20.083072969203798,,0.0,0.0,0.0,0.0,44.8827103627813,optimal
2021-02-11 15:30:00,43,103,1.193234822811444,0.0,0.0,0.059,21.4305,6.0,-7,20.0,,4176.321879840054,0.0,0.0,0.0,44.6765497268865,optimal
2021-02-11 16:00:00,43,103,1.26404698436402,0.0,0.0,0.059,14.3325,6.0,-7,20.0,,4424.16444527407,0.0,0.0,0.0,44.47059525162759,optimal
2021-02-11 16:30:00,43,103,2.0,0.0,0.0,0.059,13.692,6.0,-7,20.0,,7000.0,0.0,0.0,0.0,44.264846730843935,optimal
2021-02-11 17:00:00,43,103,0.6709597608418374,0.0,0.0,0.1026666666666666,14.007,6.0,-7,20.05013937435633,,2348.359162946431,0.0,0.0,0.0,44.05930395858106,optimal
2021-02-11 17:30:00,43,103,1.3243639280562252,0.0,0.0,0.2558,12.873,6.0,-7,20.0,,4635.273748196788,0.0,0.0,0.0,43.85396672909045,optimal
2021-02-11 18:00:00,43,103,1.430301607484748,0.0,0.0,0.059,12.684,6.0,-7,20.0,,5006.0556261966185,0.0,0.0,0.0,43.64883483682934,optimal
2021-02-11 18:30:00,43,103,1.423212441212103,0.0,0.0,0.169,12.306,6.0,-7,20.0,,4981.24354424236,0.0,0.0,0.0,43.44390807646048,optimal
2021-02-11 19:00:00,43,103,2.0,0.0,0.0,0.2409333333333333,10.6365,6.0,-7,20.0,,7000.0,0.0,0.0,0.0,43.23918624285199,optimal
2021-02-11 19:30:00,43,103,0.7651781443059171,0.0,0.0,0.7332666666666666,11.2455,6.0,-7,20.04198507776216,,2678.12350507071,0.0,0.0,0.0,43.03466913107712,optimal
2021-02-11 20:00:00,43,103,1.4929968891263887,0.0,0.0,0.2021333333333333,11.2455,6.0,-7,20.0,,5225.48911194236,0.0,0.0,0.0,42.830356536414016,optimal
2021-02-11 20:30:00,43,103,0.5175238095238095,0.0,0.0,0.2812666666666666,11.025,6.0,-7,20.0,,0.0,0.0,1811.3333333333333,0.0,42.626248254345576,optimal
2021-02-11 21:00:00,43,103,0.0,0.0,0.0,0.2782666666666666,12.0855,6.0,-7,19.89476962339067,,0.0,0.0,0.0,0.0,42.422344080559206,optimal
2021-02-11 21:30:00,43,103,0.0,0.0,0.0,0.3564,11.6865,6.0,-7,19.789860551754877,,0.0,0.0,0.0,0.0,42.37992173647865,optimal
2021-02-11 22:00:00,43,103,0.0,0.0,0.0,0.3108,11.2245,6.0,-7,19.689247303188324,,0.0,0.0,0.0,0.0,42.337541814742174,optimal
2021-02-11 22:30:00,43,103,1.0211142857142856,0.0,0.0,0.2010666666666666,11.025,6.0,-7,19.588854676999773,,0.0,0.0,3573.9,0.0,42.29520427292744,optimal
2021-02-11 23:00:00,43,103,0.9892666666666666,0.0,0.0,0.234,10.7835,6.0,-7,19.484305865690303,,0.0,0.0,3462.4333333333334,0.0,42.25290906865451,optimal
2021-02-11 23:30:00,43,103,0.0,0.0,0.0,0.3087666666666666,11.025,6.0,-7,19.37592916554828,,0.0,0.0,0.0,0.0,42.21065615958585,optimal
2021-02-12 00:00:00,43,103,1.4564844303170772,0.0,0.0,0.1553333333333333,13.566,6.0,9,19.37592916554828,,5097.69550610977,0.0,0.0,0.0,42.16844550342627,optimal
2021-02-12 00:30:00,43,103,2.0,0.0,0.0,0.2170666666666666,12.789,6.0,9,19.372259252006717,,3098.6666666666665,0.0,3901.3333333333335,0.0,42.12627705792284,optimal
2021-02-12 01:00:00,43,103,2.0,0.0,0.0,0.1553333333333333,12.1275,6.0,9,19.327825127247827,,7000.0,0.0,0.0,0.0,42.08415078086492,optimal
2021-02-12 01:30:00,43,103,2.0,0.0,0.0,0.0866,13.671,6.0,9,19.364417731843552,,7000.0,0.0,0.0,0.0,42.04206663008405,optimal
2021-02-12 02:00:00,43,103,2.0,0.0,0.0,0.2679333333333333,10.668,6.0,9,19.39985113098268,,7000.0,0.0,0.0,0.0,42.00002456345397,optimal
2021-02-12 02:30:00,43,103,2.0,0.0,0.0,0.1534666666666666,11.7285,6.0,9,19.43939458892554,,7000.0,0.0,0.0,0.0,41.95802453889051,optimal
2021-02-12 03:00:00,43,103,2.0,0.0,0.0,0.066,11.025,6.0,9,19.47771008556917,,7000.0,0.0,0.0,0.0,41.91606651435162,optimal
2021-02-12 03:30:00,43,103,2.0,0.0,0.0,0.298,10.689,6.0,9,19.515371552795333,,7000.0,0.0,0.0,0.0,41.87415044783727,optimal
2021-02-12 04:00:00,43,103,2.0,0.0,5.0,0.144,8.1585,6.0,9,19.560921534463173,,7000.0,0.0,0.0,0.0,44.20727629738943,optimal
2021-02-12 04:30:00,43,103,2.0,0.0,0.0,0.1546,10.3635,6.0,9,19.60619878547047,,7000.0,0.0,0.0,0.0,44.16306902109204,optimal
2021-02-12 05:00:00,43,103,2.0,0.0,0.0,0.2178,10.8045,6.0,9,19.65466944023514,,7000.0,0.0,0.0,0.0,44.11890595207095,optimal
2021-02-12 05:30:00,43,103,2.0,0.0,0.0,0.1579333333333333,11.025,6.0,9,19.70742626274807,,7000.0,0.0,0.0,0.0,44.07478704611888,optimal
2021-02-12 06:00:00,43,103,2.0,0.0,3.650145446602895,0.133,10.3635,6.0,9,19.76231287278474,,7000.0,0.0,0.0,0.0,45.764531346209125,optimal
2021-02-12 06:30:00,43,103,2.0,0.0,0.0,0.1982,10.8045,6.0,9,19.820054969087533,,7000.0,0.0,0.0,0.0,45.71876681486292,optimal
2021-02-12 07:00:00,43,103,2.0,0.0,5.0,0.2083333333333333,10.059,6.0,9,19.8793612626844,,7000.0,0.0,0.0,0.0,48.048048048048045,optimal
2021-02-12 07:30:00,43,103,2.0,0.0,0.0,0.1363333333333333,10.584,6.0,9,19.94134103060254,,7000.0,0.0,0.0,0.0,48.0,optimal
2021-02-12 08:00:00,43,103,2.0,0.0,0.0,0.3015333333333334,9.4185,6.0,9,20.0,,6164.0,0.0,835.9999999999999,0.0,47.69996482031858,optimal
2021-02-12 08:30:00,43,103,2.0,0.0,0.0,0.1828666666666666,10.3635,6.0,9,20.037452671228653,,7000.0,0.0,0.0,0.0,47.40022967581684,optimal
2021-02-12 09:00:00,43,103,2.0,0.0,0.0,0.1034666666666666,9.8385,6.0,9,20.07954678912932,,7000.0,0.0,0.0,0.0,47.1007942664596,optimal
2021-02-12 09:30:00,43,103,2.0,0.0,0.0,0.2889333333333333,11.067,6.0,9,20.118871201924986,,7000.0,0.0,0.0,0.0,46.80165829251172,optimal
2021-02-12 10:00:00,43,103,2.0,0.0,0.0,0.076,10.8465,6.0,9,20.171902063463463,,7000.0,0.0,0.0,0.0,46.50282145453779,optimal
2021-02-12 10:30:00,43,103,1.8527964570372184,0.0,0.0,0.2349333333333333,13.671,6.0,9,20.230190711612256,,6484.787599630264,0.0,0.0,0.0,46.20428345340183,optimal
2021-02-12 11:00:00,43,103,2.0,0.0,0.0,0.2270666666666666,12.348,6.0,9,20.28252977611873,,7000.0,0.0,0.0,0.0,45.90604399026701,optimal
2021-02-12 11:30:00,43,103,0.0,0.0,0.0,0.1456,14.3325,6.0,9,20.347125904418508,,0.0,0.0,0.0,0.0,45.60810276659532,optimal
2021-02-12 12:00:00,43,103,0.0,0.0,0.0,0.1790666666666666,15.393,6.0,9,20.26258805349192,,0.0,0.0,0.0,0.0,45.31045948414731,optimal
2021-02-12 12:30:00,43,103,2.0,0.0,0.0,0.2365333333333333,13.587,6.0,9,20.17936504577524,,7000.0,0.0,0.0,0.0,45.01311384498174,optimal
2021-02-12 13:00:00,43,103,0.0,0.0,0.0,0.2117333333333333,16.1385,6.0,9,20.24530898002105,,0.0,0.0,0.0,0.0,44.71606555145534,optimal
2021-02-12 13:30:00,43,103,0.0,0.0,0.0,0.076,14.595,6.0,9,20.163305676872845,,0.0,0.0,0.0,0.0,44.41931430622246,optimal
2021-02-12 14:00:00,43,103,0.0,0.0,0.0,0.3394333333333333,14.637,6.0,9,20.07836348639956,,0.0,0.0,0.0,0.0,44.122859812234815,optimal
2021-02-12 14:30:00,43,103,0.9625967111646438,0.0,0.0,0.4801666666666667,13.9125,6.0,9,20.0,,3369.088489076253,0.0,0.0,0.0,43.82670177274116,optimal
2021-02-12 15:00:00,43,103,0.9459733470136388,0.0,0.0,0.1894,13.3665,6.0,9,20.0,,3310.906714547736,0.0,0.0,0.0,43.530839891287,optimal
2021-02-12 15:30:00,43,103,2.0,0.0,0.0,0.4052666666666666,13.0095,6.0,9,20.0,,6373.0,0.0,627.0,0.0,43.23527387171429,optimal
2021-02-12 16:00:00,43,103,0.0,0.0,0.0,0.6687666666666666,13.8915,6.0,9,20.069584915823512,,0.0,0.0,0.0,0.0,42.94000341816115,optimal
2021-02-12 16:30:00,43,103,0.8645298256555106,0.0,0.0,0.3655,13.188,6.0,9,20.007794433302383,,3025.8543897942877,0.0,0.0,0.0,42.64502823506157,optimal
2021-02-12 17:00:00,43,103,0.9991058801844134,0.0,0.0,0.4719333333333332,12.5685,6.0,9,20.0,,3496.870580645447,0.0,0.0,0.0,42.35034802714508,optimal
2021-02-12 17:30:00,43,103,1.07996821916633,0.0,0.0,0.3102,12.285,6.0,9,20.0,,3640.5554337488215,0.0,139.33333333333331,0.0,42.05596249943652,optimal
2021-02-12 18:00:00,43,103,2.0,0.0,0.0,0.4468666666666667,11.487,6.0,9,20.0,,6233.666666666667,0.0,766.3333333333333,0.0,41.76187135725566,optimal
2021-02-12 18:30:00,43,103,0.221608986174107,0.0,0.0,0.3428333333333333,11.802,6.0,9,20.055100698584507,,775.6314516093744,0.0,0.0,0.0,41.46807430621698,optimal
2021-02-12 19:00:00,43,103,1.1720606237811613,0.0,0.0,0.2944333333333333,11.2245,6.0,9,20.0,,3246.158513324557,0.0,856.0536699095076,0.0,41.17457105222935,optimal
2021-02-12 19:30:00,43,103,2.0,0.0,0.0,0.4953333333333333,11.025,6.0,9,20.0,,6253.720336576174,0.0,746.2796634238257,0.0,40.881361301495694,optimal
2021-02-12 20:00:00,43,103,0.0,0.0,0.0,0.4061,11.907,6.0,9,20.065650825407992,,0.0,0.0,0.0,0.0,40.58844476051278,optimal
2021-02-12 20:30:00,43,103,0.0,0.0,0.0,1.7585333333333333,25.83,6.0,9,20.0,,0.0,0.0,0.0,0.0,40.29582113607084,optimal
2021-02-12 21:00:00,43,103,0.0,0.0,0.0,1.9344,28.035,6.0,9,19.93405421917492,,0.0,0.0,0.0,0.0,40.00349013525335,optimal
2021-02-12 21:30:00,43,103,0.0,0.0,0.0,1.2492,28.119,6.0,9,19.878572842467005,,0.0,0.0,0.0,0.0,39.711451465436674,optimal
2021-02-12 22:00:00,43,103,0.0,0.0,0.0,2.0153333333333334,30.156,6.0,9,19.82271788079847,,0.0,0.0,0.0,0.0,39.67174001397124,optimal
2021-02-12 22:30:00,43,103,0.0,0.0,0.0,1.4363,29.1585,6.0,9,19.77693736404924,,0.0,0.0,0.0,0.0,39.63206827395727,optimal
2021-02-12 23:00:00,43,103,0.0,0.0,0.0,0.8279,26.712,6.0,9,19.715412259272867,,0.0,0.0,0.0,0.0,39.592436205683306,optimal
2021-02-12 23:30:00,43,103,0.0,0.0,0.0,0.3535333333333333,15.435,6.0,9,19.65566885249058,,0.0,0.0,0.0,0.0,39.552843769477626,optimal
2021-02-13 00:00:00,43,103,2.0,0.0,5.0,0.058,8.1375,6.0,-7,19.65566885249058,,7000.0,0.0,0.0,0.0,41.88829092570815,optimal
2021-02-13 00:30:00,43,103,2.0,0.0,0.0,0.058,10.0905,6.0,-7,19.718698909833076,,1148.0,0.0,5852.0,0.0,41.84640263478244,optimal
2021-02-13 01:00:00,43,103,2.0,0.0,5.0,0.058,7.539,6.0,-7,19.658482867437797,,7000.0,0.0,0.0,0.0,44.17955623214766,optimal
2021-02-13 01:30:00,43,103,2.0,0.0,5.0,0.058,7.938,6.0,-7,19.721953826767145,,7000.0,0.0,0.0,0.0,46.51037667591552,optimal
2021-02-13 02:00:00,43,103,2.0,0.0,4.148003462278646,0.058,8.274,6.0,-7,19.785363672627,,7000.0,0.0,0.0,0.0,48.434167943821954,optimal
2021-02-13 02:30:00,43,103,2.0,0.0,0.0,0.0815333333333333,9.261,6.0,-7,19.848712682269777,,7000.0,0.0,0.0,0.0,48.38573377587813,optimal
2021-02-13 03:00:00,43,103,2.0,0.0,0.0,0.1004,9.9225,6.0,-7,19.912220566195625,,7000.0,0.0,0.0,0.0,48.33734804210225,optimal
2021-02-13 03:30:00,43,103,2.0,0.0,0.0,0.058,9.702,6.0,-7,19.97588660364232,,7000.0,0.0,0.0,0.0,48.28901069406015,optimal
2021-02-13 04:00:00,43,103,2.0,0.0,0.0,0.058,10.584,6.0,-7,20.03814443704078,,7000.0,0.0,0.0,0.0,48.24072168336608,optimal
2021-02-13 04:30:00,43,103,2.0,0.0,0.0,0.2725333333333333,10.143,6.0,-7,20.099892992257217,,7000.0,0.0,0.0,0.0,48.19248096168271,optimal
2021-02-13 05:00:00,43,103,0.2764680844632949,0.0,0.0,0.116,13.0095,6.0,-7,20.16936650112325,,967.6382956215324,0.0,0.0,0.0,48.144288480721016,optimal
2021-02-13 05:30:00,43,103,2.0,0.0,0.0,0.063,11.025,6.0,-7,20.105028479457516,,7000.0,0.0,0.0,0.0,48.096144192240295,optimal
2021-02-13 06:00:00,43,103,2.0,0.0,0.0,0.0716666666666666,12.789,6.0,-7,20.16613985804996,,7000.0,0.0,0.0,0.0,48.048048048048045,optimal
2021-02-13 06:30:00,43,103,2.0,0.0,0.0,0.9361333333333332,12.1275,6.0,-7,20.22755600548636,,7000.0,0.0,0.0,0.0,48.0,optimal
2021-02-13 07:00:00,43,103,2.0,0.0,0.0,0.067,12.1695,6.0,-7,20.292470621104368,,7000.0,0.0,0.0,0.0,47.81529727481893,optimal
2021-02-13 07:30:00,43,103,2.0,0.0,0.0,1.8062,12.306,6.0,-7,20.35342763699134,,7000.0,0.0,0.0,0.0,47.63077925236305,optimal
2021-02-13 08:00:00,43,103,2.0,0.0,0.0,1.8238,13.23,6.0,-7,20.41713917754136,,7000.0,0.0,0.0,0.0,47.446445747929616,optimal
2021-02-13 08:30:00,43,103,0.0,0.0,0.0,0.1316,13.671,6.0,-7,20.477440413890527,,0.0,0.0,0.0,0.0,47.26229657700062,optimal
2021-02-13 09:00:00,43,103,0.0,0.0,0.0,0.068,13.9335,6.0,-7,20.38161386137393,,0.0,0.0,0.0,0.0,47.07833155524255,optimal
2021-02-13 09:30:00,43,103,2.0,0.0,0.0,0.068,13.293,6.0,-7,20.28511007287108,,7000.0,0.0,0.0,0.0,46.89455049850624,optimal
2021-02-13 10:00:00,43,103,2.0,0.0,0.0,0.1316,12.1065,6.0,-7,20.337531116811867,,7000.0,0.0,0.0,0.0,46.71095322282667,optimal
2021-02-13 10:30:00,43,103,2.0,0.0,0.0,0.068,11.571,6.0,-7,20.39218732167943,,7000.0,0.0,0.0,0.0,46.52753954442277,optimal
2021-02-13 11:00:00,43,103,2.0,0.0,0.0,0.068,11.025,6.0,-7,20.445483596885776,,7000.0,0.0,0.0,0.0,46.344309279697285,optimal
2021-02-13 11:30:00,43,103,2.0,0.0,0.0,0.1068666666666666,10.8465,6.0,-7,20.498764920212547,,7000.0,0.0,0.0,0.0,46.16126224523652,optimal
2021-02-13 12:00:00,43,103,2.0,0.0,0.0,0.0927333333333333,11.2455,6.0,-7,20.55284951639975,,7000.0,0.0,0.0,0.0,45.97839825781022,optimal
2021-02-13 12:30:00,43,103,0.0,0.0,0.0,0.0892,23.8665,6.0,-7,20.606618070566345,,0.0,0.0,0.0,0.0,45.795717134371344,optimal
2021-02-13 13:00:00,43,103,0.0,0.0,0.0,0.1154,27.4575,6.0,-7,20.51316912936457,,0.0,0.0,0.0,0.0,45.61321869205591,optimal
2021-02-13 13:30:00,43,103,0.0,0.0,0.0,0.0783333333333333,27.3735,6.0,-7,20.42221026630675,,0.0,0.0,0.0,0.0,45.43090274818279,optimal
2021-02-13 14:00:00,43,103,0.0,0.0,0.0,0.101,30.4605,6.0,-7,20.33436029315057,,0.0,0.0,0.0,0.0,45.24876912025354,optimal
2021-02-13 14:30:00,43,103,0.0,0.0,0.0,0.5034,30.0195,6.0,-7,20.250052074467916,,0.0,0.0,0.0,0.0,45.06681762595222,optimal
2021-02-13 15:00:00,43,103,0.0,0.0,0.0,0.068,26.9325,6.0,-7,20.175296977584864,,0.0,0.0,0.0,0.0,44.8850480831452,optimal
2021-02-13 15:30:00,43,103,0.0,0.0,0.0,0.0920999999999999,14.595,6.0,-7,20.08562687340409,,0.0,0.0,0.0,0.0,44.70346030988099,optimal
2021-02-13 16:00:00,43,103,1.2400677689320994,0.0,0.0,0.1038666666666666,12.4845,6.0,-7,20.0,,4131.237191262348,0.0,209.0,0.0,44.52205412439004,optimal
2021-02-13 16:30:00,43,103,1.3623627140164587,0.0,0.0,0.1561999999999999,12.1275,6.0,-7,20.0,,4280.602832390939,0.0,487.6666666666667,0.0,44.34082934508458,optimal
2021-02-13 17:00:00,43,103,2.0,0.0,0.0,0.1207333333333333,12.1275,6.0,-7,20.006561390526205,,7000.0,0.0,0.0,0.0,44.15978579055843,optimal
2021-02-13 17:30:00,43,103,0.0,0.0,0.0,2.007966666666667,12.789,6.0,-7,20.072348447672173,,0.0,0.0,0.0,0.0,43.9789232795868,optimal
2021-02-13 18:00:00,43,103,1.059744855301252,0.0,0.0,1.9396,11.907,6.0,-7,20.0,,3151.7736602210484,0.0,557.3333333333333,0.0,43.93494435630721,optimal
2021-02-13 18:30:00,43,103,0.9679093581255404,0.0,0.0,0.1879666666666666,11.025,6.0,-7,20.0,,3178.6827534393915,0.0,209.0,0.0,43.8910094119509,optimal
2021-02-13 19:00:00,43,103,1.817406662887528,0.0,0.0,1.9336666666666664,8.2005,6.0,-7,20.0,,6221.589986773013,0.0,139.33333333333331,0.0,43.84711840253895,optimal
2021-02-13 19:30:00,43,103,0.0,0.0,0.0,0.1666,9.5655,6.0,-7,20.068153462852703,,0.0,0.0,0.0,0.0,43.803271284136414,optimal
2021-02-13 20:00:00,43,103,2.0,0.0,0.0,0.1094,7.056,6.0,-7,20.0,,3305.594886197946,0.0,3694.405113802054,0.0,43.75946801285228,optimal
2021-02-13 20:30:00,43,103,0.0,0.0,0.0,0.1065,9.3975,6.0,-7,20.0,,0.0,0.0,0.0,0.0,43.71570854483943,optimal
2021-02-13 21:00:00,43,103,0.0,0.0,0.0,0.1959,10.059,6.0,-7,19.927817557588853,,0.0,0.0,0.0,0.0,43.67199283629459,optimal
2021-02-13 21:30:00,43,103,0.0,0.0,0.0,0.3054,9.261,6.0,-7,19.858686506793248,,0.0,0.0,0.0,0.0,43.6283208434583,optimal
2021-02-13 22:00:00,43,103,0.7955985389136986,0.0,0.0,1.0197333333333332,8.1585,6.0,-7,19.79282436748727,,0.0,0.0,2784.594886197945,0.0,43.58469252261484,optimal
2021-02-13 22:30:00,43,103,0.0,0.0,0.0,1.1759333333333335,9.4815,6.0,-7,19.7238489823022,,0.0,0.0,0.0,0.0,43.54110783009222,optimal
2021-02-13 23:00:00,43,103,0.0,0.0,0.0,0.1917333333333332,8.379,6.0,-7,19.652301258410255,,0.0,0.0,0.0,0.0,43.49756672226213,optimal
2021-02-13 23:30:00,43,103,0.0,0.0,0.0,0.065,9.5235,6.0,-7,19.57480360970285,,0.0,0.0,0.0,0.0,43.45406915553987,optimal
2021-02-07 00:00:00,44,103,2.0,0.0,0.0,0.1953,5.292,6.0,1,21.0,,7000.0,0.0,0.0,0.0,47.952,optimal
2021-02-07 00:30:00,44,103,0.0,0.0,0.0,0.1670666666666666,9.261,6.0,1,21.07746312265249,,0.0,0.0,0.0,0.0,47.904048,optimal
2021-02-07 01:00:00,44,103,0.0,0.0,0.0,0.1004333333333333,10.3635,6.0,1,21.008222879922368,,0.0,0.0,0.0,0.0,47.856143952,optimal
2021-02-07 01:30:00,44,103,0.0401591449805513,0.0,0.0,0.1717333333333333,8.274,6.0,1,20.935722717812865,,140.5570074319298,0.0,0.0,0.0,47.80828780804799,optimal
2021-02-07 02:00:00,44,103,2.0,0.0,0.0,0.1672,7.7175,6.0,1,20.86282904220721,,7000.0,0.0,0.0,0.0,47.76047952023995,optimal
2021-02-07 02:30:00,44,103,2.0,0.0,0.0,0.0785999999999999,6.615,6.0,1,20.934337871769547,,7000.0,0.0,0.0,0.0,47.712719040719705,optimal
2021-02-07 03:00:00,44,103,2.0,0.0,0.0,0.2603333333333333,6.174,6.0,1,21.00320355404272,,7000.0,0.0,0.0,0.0,47.66500632167899,optimal
2021-02-07 03:30:00,44,103,2.0,0.0,0.0,0.056,3.906,6.0,1,21.075128707058727,,7000.0,0.0,0.0,0.0,47.61734131535731,optimal
2021-02-07 04:00:00,44,103,2.0,0.0,0.0,0.1125,2.3415,6.0,1,21.142199424334343,,7000.0,0.0,0.0,0.0,47.56972397404195,optimal
2021-02-07 04:30:00,44,103,2.0,0.0,0.0,0.2264333333333333,2.205,6.0,1,21.209928376941654,,7000.0,0.0,0.0,0.0,47.52215425006791,optimal
2021-02-07 05:00:00,44,103,2.0,0.0,1.714481259457488,0.056,0.882,6.0,1,21.27974840790432,,7000.0,0.0,0.0,0.0,48.28901069406015,optimal
2021-02-07 05:30:00,44,103,2.0,0.0,0.0,0.232,1.5435,6.0,1,21.345663996362383,,7000.0,0.0,0.0,0.0,48.24072168336608,optimal
2021-02-07 06:00:00,44,103,2.0,0.0,0.0,0.1069333333333333,1.5435,6.0,1,21.41498541847845,,7000.0,0.0,0.0,0.0,48.19248096168271,optimal
2021-02-07 06:30:00,44,103,2.0,0.0,0.0,0.0974333333333333,5.0715,6.0,1,21.48135964695438,,7000.0,0.0,0.0,0.0,48.144288480721016,optimal
2021-02-07 07:00:00,44,103,2.0,0.0,0.0,0.2552,5.376,6.0,1,21.547005943595348,,7000.0,0.0,0.0,0.0,48.096144192240295,optimal
2021-02-07 07:30:00,44,103,2.0,0.0,0.0,0.0594,5.0715,6.0,1,21.6201400765639,,7000.0,0.0,0.0,0.0,48.048048048048045,optimal
2021-02-07 08:00:00,44,103,2.0,0.0,0.0,0.4211,5.5125,6.0,1,21.691266938140032,,7000.0,0.0,0.0,0.0,48.0,optimal
2021-02-07 08:30:00,44,103,0.0,0.0,0.0,0.5206333333333333,9.261,6.0,1,21.7716821616645,,0.0,0.0,0.0,0.0,47.79620743741717,optimal
2021-02-07 09:00:00,44,103,0.0,0.0,0.0,0.0870666666666666,11.7075,6.0,1,21.69920182210473,,0.0,0.0,0.0,0.0,47.59261866739693,optimal
2021-02-07 09:30:00,44,103,0.0,0.0,0.0,0.1851999999999999,12.348,6.0,1,21.617561991612053,,0.0,0.0,0.0,0.0,47.38923348614672,optimal
2021-02-07 10:00:00,44,103,0.0,0.0,0.0,0.1227,12.348,6.0,1,21.539206804671267,,0.0,0.0,0.0,0.0,47.18605169007775,optimal
2021-02-07 10:30:00,44,103,0.0,0.0,0.0,0.2531333333333333,12.1275,6.0,1,21.45774659553213,,0.0,0.0,0.0,0.0,46.983073075804846,optimal
2021-02-07 11:00:00,44,103,0.0,0.0,0.0,0.2172333333333332,12.5265,6.0,1,21.37557427340969,,0.0,0.0,0.0,0.0,46.78029744014621,optimal
2021-02-07 11:30:00,44,103,0.0,0.0,0.0,0.4229333333333333,11.7495,6.0,1,21.292416607986624,,0.0,0.0,0.0,0.0,46.577724580123245,optimal
2021-02-07 12:00:00,44,103,0.0,0.0,0.0,0.2832666666666666,13.23,6.0,1,21.21541173273668,,0.0,0.0,0.0,0.0,46.375354292960296,optimal
2021-02-07 12:30:00,44,103,0.0,0.0,0.0,0.2083333333333333,14.3325,6.0,1,21.13695148328774,,0.0,0.0,0.0,0.0,46.17318637608451,optimal
2021-02-07 13:00:00,44,103,0.0,0.0,0.0,0.2885,14.994,6.0,1,21.056899318700385,,0.0,0.0,0.0,0.0,45.9712206271256,optimal
2021-02-07 13:30:00,44,103,0.0,0.0,0.0,0.1035666666666666,14.8155,6.0,1,20.97854000881036,,0.0,0.0,0.0,0.0,45.76945684391565,optimal
2021-02-07 14:00:00,44,103,0.0,0.0,0.0,0.2251666666666666,14.112,6.0,1,20.897901572292263,,0.0,0.0,0.0,0.0,45.56789482448891,optimal
2021-02-07 14:30:00,44,103,0.0,0.0,0.0,0.2161333333333333,14.007,6.0,1,20.82627736768042,,0.0,0.0,0.0,0.0,45.3665343670816,optimal
2021-02-07 15:00:00,44,103,0.0,0.0,0.0,0.2495666666666666,13.23,6.0,1,20.75618658418997,,0.0,0.0,0.0,0.0,45.16537527013169,optimal
2021-02-07 15:30:00,44,103,0.0,0.0,0.0,0.2919,11.382,6.0,1,20.686152947363738,,0.0,0.0,0.0,0.0,44.964417332278735,optimal
2021-02-07 16:00:00,44,103,0.0,0.0,0.0,0.1937333333333332,11.7495,6.0,1,20.609703834587588,,0.0,0.0,0.0,0.0,44.76366035236363,optimal
2021-02-07 16:30:00,44,103,0.0,0.0,0.0,0.1883333333333333,24.3285,6.0,1,20.53090792260364,,0.0,0.0,0.0,0.0,44.56310412942844,optimal
2021-02-07 17:00:00,44,103,0.0,0.0,0.0,0.3038,28.917,6.0,1,20.452410031272187,,0.0,0.0,0.0,0.0,44.36274846271618,optimal
2021-02-07 17:30:00,44,103,0.0,0.0,0.0,0.3026333333333333,31.3635,6.0,1,20.3766717046173,,0.0,0.0,0.0,0.0,44.16259315167064,optimal
2021-02-07 18:00:00,44,103,0.0,0.0,0.0,0.1543666666666666,33.306,6.0,1,20.30984698257743,,0.0,0.0,0.0,0.0,43.96263799593615,optimal
2021-02-07 18:30:00,44,103,0.0,0.0,0.0,0.1899666666666666,31.3425,6.0,1,20.242517469918557,,0.0,0.0,0.0,0.0,43.762882795357385,optimal
2021-02-07 19:00:00,44,103,0.0,0.0,0.0,0.0821333333333333,28.2555,6.0,1,20.17788001588302,,0.0,0.0,0.0,0.0,43.5633273499792,optimal
2021-02-07 19:30:00,44,103,0.0,0.0,0.0,0.4664666666666666,15.6975,6.0,1,20.10884736539003,,0.0,0.0,0.0,0.0,43.3639714600464,optimal
2021-02-07 20:00:00,44,103,0.0,0.0,0.0,0.2445666666666666,12.5475,6.0,1,20.0531202058352,,0.0,0.0,0.0,0.0,43.16481492600353,optimal
2021-02-07 20:30:00,44,103,0.0,0.0,0.0,0.2847,12.0855,6.0,1,20.0,,0.0,0.0,0.0,0.0,42.965857548494704,optimal
2021-02-07 21:00:00,44,103,0.0,0.0,0.0,0.3916,11.907,6.0,1,19.941960244222727,,0.0,0.0,0.0,0.0,42.76709912836338,optimal
2021-02-07 21:30:00,44,103,0.0,0.0,0.0,0.4470333333333333,12.5685,6.0,1,19.877261337807344,,0.0,0.0,0.0,0.0,42.5685394666522,optimal
2021-02-07 22:00:00,44,103,0.0,0.0,0.0,0.5281666666666667,13.146,6.0,1,19.81548935582488,,0.0,0.0,0.0,0.0,42.37017836460272,optimal
2021-02-07 22:30:00,44,103,0.0,0.0,0.0,1.1808333333333332,10.584,6.0,1,19.75942932062573,,0.0,0.0,0.0,0.0,42.1720156236553,optimal
2021-02-07 23:00:00,44,103,1.2141904761904765,0.0,0.0,0.1638,6.678,6.0,1,19.699476190509444,,0.0,0.0,4249.666666666667,0.0,41.97405104544882,optimal
2021-02-07 23:30:00,44,103,0.0,0.0,0.0,0.2109666666666666,7.938,6.0,1,19.633222199224964,,0.0,0.0,0.0,0.0,41.93207699440337,optimal
2021-02-08 00:00:00,44,103,0.0,0.0,0.0,0.058,15.876,6.0,10,19.633222199224964,,0.0,0.0,0.0,0.0,41.89014491740896,optimal
2021-02-08 00:30:00,44,103,0.0,0.0,0.0,0.0966666666666666,12.348,6.0,10,19.5571693693294,,0.0,0.0,0.0,0.0,41.84825477249155,optimal
2021-02-08 01:00:00,44,103,2.0,0.0,0.0,0.2424,12.1275,6.0,10,19.4821913144699,,0.0,0.0,7000.0,0.0,41.80640651771906,optimal
2021-02-08 01:30:00,44,103,0.0,0.0,0.0,0.1829333333333333,12.348,6.0,10,19.41057905654479,,0.0,0.0,0.0,0.0,41.76460011120134,optimal
2021-02-08 02:00:00,44,103,0.0314874759578557,0.0,0.0,0.058,12.1275,6.0,10,19.337939351440948,,0.0,0.0,110.20616585249496,0.0,41.72283551109014,optimal
2021-02-08 02:30:00,44,103,2.0,0.0,0.0,0.3845333333333333,12.1275,6.0,10,19.262772457882203,,2336.5394991858284,0.0,4663.460500814172,0.0,41.68111267557905,optimal
2021-02-08 03:00:00,44,103,2.0,0.0,0.0,0.0694666666666666,11.2665,6.0,10,19.244232175967408,,7000.0,0.0,0.0,0.0,41.63943156290348,optimal
2021-02-08 03:30:00,44,103,2.0,0.0,0.0,0.1085999999999999,10.143,6.0,10,19.317538303095507,,7000.0,0.0,0.0,0.0,41.59779213134057,optimal
2021-02-08 04:00:00,44,103,2.0,0.0,0.0,0.3554,11.2455,6.0,10,19.391024600431813,,7000.0,0.0,0.0,0.0,41.55619433920923,optimal
2021-02-08 04:30:00,44,103,2.0,0.0,0.0,0.058,11.025,6.0,10,19.469103819438608,,7000.0,0.0,0.0,0.0,41.51463814487002,optimal
2021-02-08 05:00:00,44,103,2.0,0.0,5.0,0.279,5.9745,6.0,10,19.54024106067971,,7000.0,0.0,0.0,0.0,43.84812350672515,optimal
2021-02-08 05:30:00,44,103,2.0,0.0,0.0,0.175,7.938,6.0,10,19.61525404666779,,7000.0,0.0,0.0,0.0,43.804275383218425,optimal
2021-02-08 06:00:00,44,103,2.0,0.0,0.0,0.056,8.6835,6.0,10,19.68751064598029,,7000.0,0.0,0.0,0.0,43.76047110783521,optimal
2021-02-08 06:30:00,44,103,2.0,0.0,4.113600071459587,0.6176,7.665,6.0,10,19.75900210180332,,7000.0,0.0,0.0,0.0,45.670670670670674,optimal
2021-02-08 07:00:00,44,103,2.0,0.0,5.0,0.4061333333333333,6.7725,6.0,10,19.84203795375557,,7000.0,0.0,0.0,0.0,48.0,optimal
2021-02-08 07:30:00,44,103,2.0,0.0,0.0,1.4144666666666668,5.5755,6.0,10,19.91651896387257,,7000.0,0.0,0.0,0.0,47.5330517492752,optimal
2021-02-08 08:00:00,44,103,2.0,0.0,0.0,0.4203,5.0925,6.0,10,20.0,,7000.0,0.0,0.0,0.0,47.06657044680113,optimal
2021-02-08 08:30:00,44,103,2.0,0.0,0.0,0.0912,4.1895,6.0,10,20.07254675449951,,7000.0,0.0,0.0,0.0,46.60055562562953,optimal
2021-02-08 09:00:00,44,103,2.0,0.0,0.0,0.5073333333333333,7.056,6.0,10,20.133454462454036,,7000.0,0.0,0.0,0.0,46.13500681927911,optimal
2021-02-08 09:30:00,44,103,2.0,0.0,0.0,0.1214666666666666,5.271,6.0,10,20.20737038204752,,7000.0,0.0,0.0,0.0,45.66992356173503,optimal
2021-02-08 10:00:00,44,103,2.0,0.0,0.0,0.3392,7.938,6.0,10,20.277824153887533,,7000.0,0.0,0.0,0.0,45.2053053874485,optimal
2021-02-08 10:30:00,44,103,2.0,0.0,0.0,0.0786666666666666,7.938,6.0,10,20.343928423809675,,7000.0,0.0,0.0,0.0,44.74115183133626,optimal
2021-02-08 11:00:00,44,103,2.0,0.0,0.0,0.2210666666666666,11.907,6.0,10,20.404599434275344,,7000.0,0.0,0.0,0.0,44.277462428780126,optimal
2021-02-08 11:30:00,44,103,2.0,0.0,0.0,0.6305666666666667,11.025,6.0,10,20.47030143513165,,7000.0,0.0,0.0,0.0,43.81423671562655,optimal
2021-02-08 12:00:00,44,103,2.0,0.0,0.0,0.3309333333333333,11.2875,6.0,10,20.547073671579952,,7000.0,0.0,0.0,0.0,43.35147422818613,optimal
2021-02-08 12:30:00,44,103,0.0,0.0,0.0,0.4335333333333334,12.936,6.0,10,20.61558094180938,,0.0,0.0,0.0,0.0,42.88917450323314,optimal
2021-02-08 13:00:00,44,103,0.0,0.0,0.0,0.1586666666666666,13.0095,6.0,10,20.53949167001968,,0.0,0.0,0.0,0.0,42.42733707800512,optimal
2021-02-08 13:30:00,44,103,0.0,0.0,0.0,0.1165333333333333,13.671,6.0,10,20.45461668966603,,0.0,0.0,0.0,0.0,41.96596149020232,optimal
2021-02-08 14:00:00,44,103,0.0,0.0,0.0,0.1455333333333333,13.188,6.0,10,20.369693504607,,0.0,0.0,0.0,0.0,41.50504727798732,optimal
2021-02-08 14:30:00,44,103,0.0,0.0,0.0,0.1835999999999999,13.8495,6.0,10,20.28621971924969,,0.0,0.0,0.0,0.0,41.04459397998454,optimal
2021-02-08 15:00:00,44,103,1.6102177790314651,0.0,0.0,0.2613999999999999,13.23,6.0,10,20.20324544441589,,5635.762226610129,0.0,0.0,0.0,40.58460113527976,optimal
2021-02-08 15:30:00,44,103,0.0,0.0,0.0,0.2882666666666666,13.3665,6.0,10,20.240239908714816,,0.0,0.0,0.0,0.0,40.12506828341969,optimal
2021-02-08 16:00:00,44,103,2.0,0.0,0.0,0.4224333333333332,13.0515,6.0,10,20.16141307851879,,7000.0,0.0,0.0,0.0,39.66599496441147,optimal
2021-02-08 16:30:00,44,103,0.0,0.0,0.0,0.5320666666666667,13.5345,6.0,10,20.235947395949527,,0.0,0.0,0.0,0.0,39.20738071872226,optimal
2021-02-08 17:00:00,44,103,0.0,0.0,0.0,0.4610333333333333,14.154,6.0,10,20.168895606191544,,0.0,0.0,0.0,0.0,38.749225087278745,optimal
2021-02-08 17:30:00,44,103,0.0,0.0,0.0,1.9504666666666668,14.112,6.0,10,20.100936894416428,,0.0,0.0,0.0,0.0,38.29152761146667,optimal
2021-02-08 18:00:00,44,103,0.0,0.0,0.0,1.8501333333333327,14.2485,6.0,10,20.051284384117626,,0.0,0.0,0.0,0.0,38.2532360838552,optimal
2021-02-08 18:30:00,44,103,1.761786367108598,0.0,0.0,0.3582333333333333,12.789,6.0,10,20.0,,6166.252284880094,0.0,0.0,0.0,38.21498284777135,optimal
2021-02-08 19:00:00,44,103,0.0,0.0,0.0,0.3383666666666666,13.0095,6.0,10,20.06443561454353,,0.0,0.0,0.0,0.0,38.176767864923576,optimal
2021-02-08 19:30:00,44,103,1.691211621941611,0.0,0.0,0.3657333333333333,12.1275,6.0,10,20.0,,5919.240676795637,0.0,0.0,0.0,38.13859109705865,optimal
2021-02-08 20:00:00,44,103,0.0,0.0,0.0,0.4473999999999999,12.348,6.0,10,20.061105514521525,,0.0,0.0,0.0,0.0,38.10045250596159,optimal
2021-02-08 20:30:00,44,103,0.0,0.0,0.0,0.3777666666666666,12.348,6.0,10,20.0,,0.0,0.0,0.0,0.0,38.062352053455626,optimal
2021-02-08 21:00:00,44,103,0.0,0.0,0.0,0.3833666666666667,25.389,6.0,10,19.929232719776238,,0.0,0.0,0.0,0.0,38.02428970140217,optimal
2021-02-08 21:30:00,44,103,0.0,0.0,0.0,0.6510666666666667,29.1375,6.0,10,19.858854168408858,,0.0,0.0,0.0,0.0,37.98626541170077,optimal
2021-02-08 22:00:00,44,103,0.0,0.0,0.0,0.3377,30.597,6.0,10,19.79352830980869,,0.0,0.0,0.0,0.0,37.94827914628906,optimal
2021-02-08 22:30:00,44,103,0.0,0.0,0.0,0.0876666666666666,33.684,6.0,10,19.720503039909005,,0.0,0.0,0.0,0.0,37.91033086714277,optimal
2021-02-08 23:00:00,44,103,0.0,0.0,0.0,0.3171333333333333,32.445,6.0,10,19.64106572377772,,0.0,0.0,0.0,0.0,37.87242053627563,optimal
2021-02-08 23:30:00,44,103,0.0,0.0,0.0,0.2693333333333333,28.917,6.0,10,19.566592322324222,,0.0,0.0,0.0,0.0,37.83454811573935,optimal
2021-02-09 00:00:00,44,103,2.0,0.0,5.0,0.158,10.8045,6.0,1,19.566592322324222,,7000.0,0.0,0.0,0.0,40.17171356762361,optimal
2021-02-09 00:30:00,44,103,2.0,0.0,5.0,0.054,10.584,6.0,1,19.6361998116452,,0.0,0.0,7000.0,0.0,42.50654185405599,optimal
2021-02-09 01:00:00,44,103,2.0,0.0,0.0,0.1955333333333333,11.2455,6.0,1,19.55617625092848,,5431.0,0.0,1569.0,0.0,42.464035312201936,optimal
2021-02-09 01:30:00,44,103,2.0,0.0,0.0,0.0696,12.1275,6.0,1,19.59404666506161,,7000.0,0.0,0.0,0.0,42.421571276889736,optimal
2021-02-09 02:00:00,44,103,2.0,0.0,0.0,0.1424,11.823,6.0,1,19.66166874668773,,7000.0,0.0,0.0,0.0,42.379149705612846,optimal
2021-02-09 02:30:00,44,103,2.0,0.0,0.0,0.1247666666666666,11.7705,6.0,1,19.730062849787647,,7000.0,0.0,0.0,0.0,42.33677055590724,optimal
2021-02-09 03:00:00,44,103,2.0,0.0,2.5900967928708805,0.1819666666666666,11.13,6.0,1,19.79800231581868,,7000.0,0.0,0.0,0.0,43.52472976196499,optimal
2021-02-09 03:30:00,44,103,2.0,0.0,0.0,0.1008,11.6865,6.0,1,19.86706447950942,,7000.0,0.0,0.0,0.0,43.48120503220302,optimal
2021-02-09 04:00:00,44,103,2.0,0.0,5.0,0.1955333333333333,10.7205,6.0,1,19.934558406916167,,7000.0,0.0,0.0,0.0,45.812723827170814,optimal
2021-02-09 04:30:00,44,103,2.0,0.0,0.0,0.158,11.424,6.0,1,20.004193979363183,,7000.0,0.0,0.0,0.0,45.76691110334364,optimal
2021-02-09 05:00:00,44,103,2.0,0.0,5.0,0.1633666666666667,10.689,6.0,1,20.072269877053174,,7000.0,0.0,0.0,0.0,48.096144192240295,optimal
2021-02-09 05:30:00,44,103,2.0,0.0,0.0,0.3599333333333333,11.361,6.0,1,20.13969623823081,,7000.0,0.0,0.0,0.0,48.048048048048045,optimal
2021-02-09 06:00:00,44,103,2.0,0.0,0.0,0.2433333333333333,11.571,6.0,1,20.21445028694733,,7000.0,0.0,0.0,0.0,48.0,optimal
2021-02-09 06:30:00,44,103,0.0,0.0,0.0,0.2988,14.3745,6.0,1,20.288415423209887,,0.0,0.0,0.0,0.0,47.67185792369577,optimal
2021-02-09 07:00:00,44,103,2.0,0.0,0.0,2.0142,13.23,6.0,1,20.219350412277237,,7000.0,0.0,0.0,0.0,47.34404398946784,optimal
2021-02-09 07:30:00,44,103,2.0,0.0,0.0,2.8973,13.9755,6.0,1,20.313508343693226,,7000.0,0.0,0.0,0.0,47.01655786917414,optimal
2021-02-09 08:00:00,44,103,0.0,0.0,0.0,1.0739,14.994,6.0,1,20.4147085349885,,0.0,0.0,0.0,0.0,46.689399235000735,optimal
2021-02-09 08:30:00,44,103,2.0,0.0,0.0,0.2246666666666666,13.671,6.0,1,20.3567991831126,,7000.0,0.0,0.0,0.0,46.36256775946151,optimal
2021-02-09 09:00:00,44,103,0.0,0.0,0.0,1.237933333333333,15.981,6.0,1,20.416164339702824,,0.0,0.0,0.0,0.0,46.036063115397816,optimal
2021-02-09 09:30:00,44,103,0.0,0.0,0.0,0.7749333333333333,15.6345,6.0,1,20.34047379669148,,0.0,0.0,0.0,0.0,45.70988497597819,optimal
2021-02-09 10:00:00,44,103,0.0,0.0,0.0,0.3018,16.5375,6.0,1,20.26181375029105,,0.0,0.0,0.0,0.0,45.384033014697984,optimal
2021-02-09 10:30:00,44,103,0.0,0.0,0.0,0.6100666666666668,14.7735,6.0,1,20.190137466135187,,0.0,0.0,0.0,0.0,45.058506905379055,optimal
2021-02-09 11:00:00,44,103,0.0,0.0,0.0,1.6064333333333334,15.2145,6.0,1,20.12805791122392,,0.0,0.0,0.0,0.0,44.73330632216945,optimal
2021-02-09 11:30:00,44,103,0.2507615019175996,0.0,0.0,0.4897333333333333,14.553,6.0,1,20.06372030650365,,877.6652567115987,0.0,0.0,0.0,44.408430939543045,optimal
2021-02-09 12:00:00,44,103,2.0,0.0,0.0,0.3255333333333333,14.3325,6.0,1,20.013798163103598,,7000.0,0.0,0.0,0.0,44.08388043229928,optimal
2021-02-09 12:30:00,44,103,2.0,0.0,0.0,0.2115999999999999,14.595,6.0,1,20.085030158677437,,7000.0,0.0,0.0,0.0,43.75965447556275,optimal
2021-02-09 13:00:00,44,103,0.0,0.0,0.0,0.3205,14.994,6.0,1,20.14973777673364,,0.0,0.0,0.0,0.0,43.43575274478295,optimal
2021-02-09 13:30:00,44,103,2.0,0.0,0.0,0.2535333333333333,14.3325,6.0,1,20.06887043186554,,7000.0,0.0,0.0,0.0,43.11217491573394,optimal
2021-02-09 14:00:00,44,103,2.0,0.0,0.0,1.0643,13.8915,6.0,1,20.13676391324635,,7000.0,0.0,0.0,0.0,42.78892066451397,optimal
2021-02-09 14:30:00,44,103,2.0,0.0,0.0,0.2798,13.8915,6.0,1,20.209542257102328,,7000.0,0.0,0.0,0.0,42.46598966754523,optimal
2021-02-09 15:00:00,44,103,2.0,0.0,0.0,0.1230666666666666,13.4715,6.0,1,20.28563272968083,,7000.0,0.0,0.0,0.0,42.14338160157345,optimal
2021-02-09 15:30:00,44,103,2.0,0.0,0.0,0.1246333333333333,13.23,6.0,1,20.351698131902467,,7000.0,0.0,0.0,0.0,41.821096143667646,optimal
2021-02-09 16:00:00,44,103,2.0,0.0,0.0,0.2822333333333333,13.8915,6.0,1,20.41384104116612,,7000.0,0.0,0.0,0.0,41.49913297121975,optimal
2021-02-09 16:30:00,44,103,0.0,0.0,0.0,0.1682333333333333,26.9325,6.0,1,20.48030364497091,,0.0,0.0,0.0,0.0,41.1774917619443,optimal
2021-02-09 17:00:00,44,103,0.0,0.0,0.0,0.4836999999999999,30.303,6.0,1,20.407766015856986,,0.0,0.0,0.0,0.0,40.85617219387813,optimal
2021-02-09 17:30:00,44,103,0.0,0.0,0.0,0.8671666666666666,32.886,6.0,1,20.345629842638985,,0.0,0.0,0.0,0.0,40.53517394538002,optimal
2021-02-09 18:00:00,44,103,0.0,0.0,0.0,1.258733333333333,34.9965,6.0,1,20.272883978368927,,0.0,0.0,0.0,0.0,40.214496695130414,optimal
2021-02-09 18:30:00,44,103,0.0,0.0,0.0,1.3063333333333331,33.327,6.0,1,20.211504484402763,,0.0,0.0,0.0,0.0,39.894140122131056,optimal
2021-02-09 19:00:00,44,103,0.0,0.0,0.0,1.7115333333333334,31.122,6.0,1,20.15097817694429,,0.0,0.0,0.0,0.0,39.574103905704696,optimal
2021-02-09 19:30:00,44,103,0.0,0.0,0.0,0.168,17.9025,6.0,1,20.08444562887764,,0.0,0.0,0.0,0.0,39.25438772549476,optimal
2021-02-09 20:00:00,44,103,1.1706833702439194,0.0,0.0,0.064,15.6555,6.0,1,20.0,,4097.391795853718,0.0,0.0,0.0,38.93499126146504,optimal
2021-02-09 20:30:00,44,103,0.0,0.0,0.0,0.2055333333333333,14.553,6.0,1,20.0,,0.0,0.0,0.0,0.0,38.61591419389934,optimal
2021-02-09 21:00:00,44,103,0.0,0.0,0.0,0.168,14.3325,6.0,1,19.916273897847525,,0.0,0.0,0.0,0.0,38.297156203401215,optimal
2021-02-09 21:30:00,44,103,0.0,0.0,0.0,0.1412,13.335,6.0,1,19.83168387420947,,0.0,0.0,0.0,0.0,37.97871697089359,optimal
2021-02-09 22:00:00,44,103,0.0597142857142857,0.0,0.0,1.2884,12.1275,6.0,1,19.74600612118733,,0.0,0.0,209.0,0.0,37.66059617761847,optimal
2021-02-09 22:30:00,44,103,0.0,0.0,0.0,0.6531333333333333,12.2955,6.0,1,19.68503512975188,,0.0,0.0,0.0,0.0,37.62293558144085,optimal
2021-02-09 23:00:00,44,103,0.0597142857142857,0.0,0.0,0.5415666666666668,11.6865,6.0,1,19.62087954705644,,0.0,0.0,209.0,0.0,37.58531264585941,optimal
2021-02-09 23:30:00,44,103,0.0,0.0,0.0,0.0613333333333333,11.466,6.0,1,19.555134004527638,,0.0,0.0,0.0,0.0,37.54772733321355,optimal
2021-02-10 00:00:00,44,103,0.0597142857142857,0.0,0.0,0.1044666666666666,18.7215,6.0,8,19.555134004527638,,0.0,0.0,209.0,0.0,37.51017960588034,optimal
2021-02-10 00:30:00,44,103,1.433142857142857,0.0,0.0,0.2783666666666666,17.4195,6.0,8,19.47601474366342,,0.0,0.0,5016.0,0.0,37.47266942627446,optimal
2021-02-10 01:00:00,44,103,0.0199047619047619,0.0,0.0,0.2588333333333333,16.758,6.0,8,19.40441538769403,,0.0,0.0,69.66666666666666,0.0,37.435196756848185,optimal
2021-02-10 01:30:00,44,103,2.0,0.0,0.0,0.3656,14.217,6.0,8,19.334005644220465,,1496.333333333333,0.0,5503.666666666667,0.0,37.39776156009134,optimal
2021-02-10 02:00:00,44,103,2.0,0.0,0.0,0.2726666666666666,13.3665,6.0,8,19.30035811226714,,7000.0,0.0,0.0,0.0,37.360363798531246,optimal
2021-02-10 02:30:00,44,103,2.0,0.0,0.0,0.1706666666666666,12.789,6.0,8,19.374118883531967,,7000.0,0.0,0.0,0.0,37.32300343473271,optimal
2021-02-10 03:00:00,44,103,2.0,0.0,0.0,0.074,11.907,6.0,8,19.441931583491915,,7000.0,0.0,0.0,0.0,37.285680431297976,optimal
2021-02-10 03:30:00,44,103,2.0,0.0,0.0,0.074,11.7075,6.0,8,19.50740176598737,,7000.0,0.0,0.0,0.0,37.24839475086668,optimal
2021-02-10 04:00:00,44,103,2.0,0.0,5.0,0.1126666666666666,10.8045,6.0,8,19.572574931031948,,7000.0,0.0,0.0,0.0,39.58614635611581,optimal
2021-02-10 04:30:00,44,103,2.0,0.0,0.0,0.2646666666666666,11.508,6.0,8,19.63826637520156,,7000.0,0.0,0.0,0.0,39.5465602097597,optimal
2021-02-10 05:00:00,44,103,2.0,0.0,3.245109186076748,0.074,11.508,6.0,8,19.707682849906977,,7000.0,0.0,0.0,0.0,41.0484405129364,optimal
2021-02-10 05:30:00,44,103,2.0,0.0,5.0,0.074,11.508,6.0,8,19.771040066642676,,7000.0,0.0,0.0,0.0,43.38239207242345,optimal
2021-02-10 06:00:00,44,103,2.0,0.0,0.0,0.1706666666666666,11.844,6.0,8,19.83365618350283,,7000.0,0.0,0.0,0.0,43.33900968035103,optimal
2021-02-10 06:30:00,44,103,2.0,0.0,5.0,0.1829333333333333,11.508,6.0,8,19.897569435377417,,7000.0,0.0,0.0,0.0,45.670670670670674,optimal
2021-02-10 07:00:00,44,103,2.0,0.0,5.0,0.221,11.508,6.0,8,19.965838622088583,,7000.0,0.0,0.0,0.0,48.0,optimal
2021-02-10 07:30:00,44,103,2.0,0.0,0.0,1.9981,10.4475,6.0,8,20.039107771667936,,7000.0,0.0,0.0,0.0,47.567377832822025,optimal
2021-02-10 08:00:00,44,103,2.0,0.0,0.0,1.524066666666667,10.8675,6.0,8,20.136832589496724,,7000.0,0.0,0.0,0.0,47.13518828781123,optimal
2021-02-10 08:30:00,44,103,2.0,0.0,0.0,0.2539,10.542,6.0,8,20.23094858979717,,7000.0,0.0,0.0,0.0,46.70343093234545,optimal
2021-02-10 09:00:00,44,103,2.0,0.0,0.0,0.1416666666666666,11.025,6.0,8,20.30331782661196,,7000.0,0.0,0.0,0.0,46.27210533423513,optimal
2021-02-10 09:30:00,44,103,2.0,0.0,0.0,0.074,11.025,6.0,8,20.360592652962307,,7000.0,0.0,0.0,0.0,45.84121106172292,optimal
2021-02-10 10:00:00,44,103,2.0,0.0,0.0,0.2547333333333333,14.553,6.0,8,20.417090567224747,,7000.0,0.0,0.0,0.0,45.41074768348323,optimal
2021-02-10 10:30:00,44,103,2.0,0.0,0.0,0.2547333333333333,13.0935,6.0,8,20.481138427231325,,7000.0,0.0,0.0,0.0,44.98071476862177,optimal
2021-02-10 11:00:00,44,103,2.0,0.0,0.0,0.4453999999999999,15.6345,6.0,8,20.54571656088516,,7000.0,0.0,0.0,0.0,44.55111188667518,optimal
2021-02-10 11:30:00,44,103,0.0,0.0,0.0,1.6839000000000002,18.102,6.0,8,20.617940969777244,,0.0,0.0,0.0,0.0,44.12193860761053,optimal
2021-02-10 12:00:00,44,103,0.0,0.0,0.0,0.296,17.199,6.0,8,20.543533417574533,,0.0,0.0,0.0,0.0,43.69319450182495,optimal
2021-02-10 12:30:00,44,103,0.0,0.0,0.0,0.2782333333333333,18.2805,6.0,8,20.46389485788185,,0.0,0.0,0.0,0.0,43.26487914014515,optimal
2021-02-10 13:00:00,44,103,0.0,0.0,0.0,0.3893999999999999,17.4615,6.0,8,20.383822589338266,,0.0,0.0,0.0,0.0,42.83699209382703,optimal
2021-02-10 13:30:00,44,103,0.0,0.0,0.0,0.3953666666666667,18.3225,6.0,8,20.305857539102217,,0.0,0.0,0.0,0.0,42.40953293455523,optimal
2021-02-10 14:00:00,44,103,0.0,0.0,0.0,0.1562333333333333,17.094,6.0,8,20.228853068641307,,0.0,0.0,0.0,0.0,41.9825012344427,optimal
2021-02-10 14:30:00,44,103,0.0,0.0,0.0,0.1706666666666666,17.094,6.0,8,20.14959743940814,,0.0,0.0,0.0,0.0,41.555896566030285,optimal
2021-02-10 15:00:00,44,103,1.374745442094302,0.0,0.0,0.074,17.094,6.0,8,20.06672494578978,,4811.609047330057,0.0,0.0,0.0,41.12971850228628,optimal
2021-02-10 15:30:00,44,103,0.0,0.0,0.0,0.1706666666666666,17.3565,6.0,8,20.08347987703461,,0.0,0.0,0.0,0.0,40.70396661660602,optimal
2021-02-10 16:00:00,44,103,2.0,0.0,0.0,0.074,17.115,6.0,8,20.0,,7000.0,0.0,0.0,0.0,40.27864048281145,optimal
2021-02-10 16:30:00,44,103,0.3517998575651317,0.0,0.0,0.074,17.241,6.0,8,20.06130948814241,,1231.2995014779613,0.0,0.0,0.0,39.85373967515066,optimal
2021-02-10 17:00:00,44,103,1.2640536071407575,0.0,0.0,0.1706666666666666,17.094,6.0,8,20.0,,4424.187624992652,0.0,0.0,0.0,39.42926376829754,optimal
2021-02-10 17:30:00,44,103,2.0,0.0,0.0,0.1443333333333333,16.5165,6.0,8,20.007307784841007,,7000.0,0.0,0.0,0.0,39.00521233735127,optimal
2021-02-10 18:00:00,44,103,0.0,0.0,0.0,0.2541,17.8185,6.0,8,20.073992031095127,,0.0,0.0,0.0,0.0,38.58158495783594,optimal
2021-02-10 18:30:00,44,103,1.256862879498651,0.0,0.0,0.6724666666666667,17.094,6.0,8,20.0,,4399.020078245279,0.0,0.0,0.0,38.15838120570013,optimal
2021-02-10 19:00:00,44,103,2.0,0.0,0.0,1.1238666666666666,16.8945,6.0,8,20.03298881633169,,7000.0,0.0,0.0,0.0,37.73560065731646,optimal
2021-02-10 19:30:00,44,103,0.0,0.0,0.0,1.2049666666666667,18.123,6.0,8,20.12203565983385,,0.0,0.0,0.0,0.0,37.31324288948117,optimal
2021-02-10 20:00:00,44,103,0.0,0.0,0.0,0.4768333333333333,31.647,6.0,8,20.06575982548231,,0.0,0.0,0.0,0.0,36.89130747941372,optimal
2021-02-10 20:30:00,44,103,0.0,0.0,0.0,0.6345666666666667,34.9965,6.0,8,20.0,,0.0,0.0,0.0,0.0,36.46979400475633,optimal
2021-02-10 21:00:00,44,103,0.0,0.0,0.0,0.7157666666666667,34.9965,6.0,8,19.93100367042767,,0.0,0.0,0.0,0.0,36.0487020435736,optimal
2021-02-10 21:30:00,44,103,0.0,0.0,0.0,0.3396666666666667,34.9965,6.0,8,19.860550526284563,,0.0,0.0,0.0,0.0,36.012653341530026,optimal
2021-02-10 22:00:00,44,103,0.0,0.0,0.0,0.431,34.9965,6.0,8,19.78321179416707,,0.0,0.0,0.0,0.0,35.976640688188496,optimal
2021-02-10 22:30:00,44,103,0.0,0.0,0.0,0.3021,34.9965,6.0,8,19.70182795889393,,0.0,0.0,0.0,0.0,35.940664047500306,optimal
2021-02-10 23:00:00,44,103,0.0,0.0,0.0,0.1126666666666666,27.741,6.0,8,19.61466425674588,,0.0,0.0,0.0,0.0,35.904723383452804,optimal
2021-02-10 23:30:00,44,103,0.0,0.0,0.0,0.1296666666666666,19.026,6.0,8,19.513350603150645,,0.0,0.0,0.0,0.0,35.86881866006935,optimal
2021-02-11 00:00:00,44,103,2.0,0.0,0.0,0.1955333333333333,12.873,6.0,6,19.513350603150645,,7000.0,0.0,0.0,0.0,35.83294984140928,optimal
2021-02-11 00:30:00,44,103,2.0,0.0,0.0,0.054,12.684,6.0,6,19.5645219849681,,0.0,0.0,7000.0,0.0,35.797116891567875,optimal
2021-02-11 01:00:00,44,103,2.0,0.0,0.0,0.0604333333333333,12.306,6.0,6,19.465582697686603,,6406.333333333333,0.0,593.6666666666666,0.0,35.76131977467631,optimal
2021-02-11 01:30:00,44,103,2.0,0.0,5.0,0.1891,10.6365,6.0,6,19.502537288368103,,7000.0,0.0,0.0,0.0,38.10055845490163,optimal
2021-02-11 02:00:00,44,103,2.0,0.0,0.0,0.054,11.2455,6.0,6,19.55452963903465,,7000.0,0.0,0.0,0.0,38.06245789644673,optimal
2021-02-11 02:30:00,44,103,2.0,0.0,0.0,0.1633666666666667,11.2455,6.0,6,19.60344220680312,,7000.0,0.0,0.0,0.0,38.024395438550286,optimal
2021-02-11 03:00:00,44,103,2.0,0.0,0.0,0.0861666666666666,11.025,6.0,6,19.65398141842066,,7000.0,0.0,0.0,0.0,37.98637104311174,optimal
2021-02-11 03:30:00,44,103,2.0,0.0,0.0,0.0861666666666666,12.0855,6.0,6,19.702212589903137,,7000.0,0.0,0.0,0.0,37.94838467206863,optimal
2021-02-11 04:00:00,44,103,2.0,0.0,0.0,0.1633666666666667,11.6865,6.0,6,19.75135912255967,,7000.0,0.0,0.0,0.0,37.91043628739656,optimal
2021-02-11 04:30:00,44,103,2.0,0.0,0.0,0.054,11.2245,6.0,6,19.803041955169853,,7000.0,0.0,0.0,0.0,37.87252585110916,optimal
2021-02-11 05:00:00,44,103,2.0,0.0,0.0,0.1955333333333333,11.025,6.0,6,19.85218810622815,,7000.0,0.0,0.0,0.0,37.83465332525805,optimal
2021-02-11 05:30:00,44,103,2.0,0.0,5.0,0.054,10.7835,6.0,6,19.90409063117352,,7000.0,0.0,0.0,0.0,40.1718186719328,optimal
2021-02-11 06:00:00,44,103,2.0,0.0,2.0416864093268834,0.1891,11.025,6.0,6,19.953912527141537,,7000.0,0.0,0.0,0.0,41.10144789769113,optimal
2021-02-11 06:30:00,44,103,2.0,0.0,5.0,0.0654333333333333,10.584,6.0,6,20.007486477766253,,7000.0,0.0,0.0,0.0,43.43534644979344,optimal
2021-02-11 07:00:00,44,103,2.0,0.0,5.0,1.2203666666666666,11.025,6.0,6,20.05924306526597,,7000.0,0.0,0.0,0.0,45.76691110334364,optimal
2021-02-11 07:30:00,44,103,2.0,0.0,5.0,1.6891666666666667,10.4265,6.0,6,20.11626971641901,,7000.0,0.0,0.0,0.0,48.096144192240295,optimal
2021-02-11 08:00:00,44,103,2.0,0.0,0.0,0.3583,12.789,6.0,6,20.184255258642043,,7000.0,0.0,0.0,0.0,48.048048048048045,optimal
2021-02-11 08:30:00,44,103,2.0,0.0,0.0,0.1852666666666667,12.684,6.0,6,20.250935195182123,,7000.0,0.0,0.0,0.0,48.0,optimal
2021-02-11 09:00:00,44,103,2.0,0.0,0.0,0.2891333333333333,16.254,6.0,6,20.31681161339143,,7000.0,0.0,0.0,0.0,47.78425006170335,optimal
2021-02-11 09:30:00,44,103,2.0,0.0,0.0,1.2200333333333333,17.64,6.0,6,20.38261580241933,,7000.0,0.0,0.0,0.0,47.56871587334499,optimal
2021-02-11 10:00:00,44,103,0.0,0.0,0.0,0.3448333333333333,19.1625,6.0,6,20.45615226106614,,0.0,0.0,0.0,0.0,47.353397219174994,optimal
2021-02-11 10:30:00,44,103,0.0,0.0,0.0,0.3565333333333333,26.46,6.0,6,20.389809362461943,,0.0,0.0,0.0,0.0,47.138293883659166,optimal
2021-02-11 11:00:00,44,103,0.0,0.0,0.0,0.1799,20.79,6.0,6,20.31984976770078,,0.0,0.0,0.0,0.0,46.92340565147885,optimal
2021-02-11 11:30:00,44,103,0.0,0.0,0.0,0.457,29.106,6.0,6,20.244057841510863,,0.0,0.0,0.0,0.0,46.70873230753072,optimal
2021-02-11 12:00:00,44,103,0.5237002438629287,0.0,0.0,0.1957666666666666,19.1835,6.0,6,20.173520743573093,,1832.9508535202503,0.0,0.0,0.0,46.49427363692654,optimal
2021-02-11 12:30:00,44,103,0.0,0.0,0.0,0.3763999999999999,19.6665,6.0,6,20.13613163444592,,0.0,0.0,0.0,0.0,46.28002942499297,optimal
2021-02-11 13:00:00,44,103,0.0,0.0,0.0,0.2668999999999999,19.404,6.0,6,20.066363320171437,,0.0,0.0,0.0,0.0,46.065999457271325,optimal
2021-02-11 13:30:00,44,103,1.1248002247493745,0.0,0.0,0.1421333333333333,19.047,6.0,6,20.0,,3936.80078662281,0.0,0.0,0.0,45.8521835195174,optimal
2021-02-11 14:00:00,44,103,2.0,0.0,0.0,0.1540666666666666,18.858,6.0,6,20.011574157594357,,7000.0,0.0,0.0,0.0,45.63858139770124,optimal
2021-02-11 14:30:00,44,103,0.0,0.0,0.0,0.064,19.2675,6.0,6,20.081363702165223,,0.0,0.0,0.0,0.0,45.42519287800688,optimal
2021-02-11 15:00:00,44,103,1.0859560197574067,0.0,0.0,0.1862333333333332,18.963,6.0,6,20.0,,3800.846069150924,0.0,0.0,0.0,45.212017746832224,optimal
2021-02-11 15:30:00,44,103,2.0,0.0,0.0,0.0833,18.438,6.0,6,20.0,,7000.0,0.0,0.0,0.0,44.99905579078874,optimal
2021-02-11 16:00:00,44,103,0.397402432326206,0.0,0.0,0.1164,18.7425,6.0,6,20.0599595210248,,1390.9085131417212,0.0,0.0,0.0,44.7863067967013,optimal
2021-02-11 16:30:00,44,103,2.0,0.0,0.0,0.2016,15.2145,6.0,6,20.0,,7000.0,0.0,0.0,0.0,44.57377055160794,optimal
2021-02-11 17:00:00,44,103,1.5548543084054958,0.0,0.0,0.062,17.7765,6.0,6,20.062149333691867,,5441.9900794192345,0.0,0.0,0.0,44.36144684275968,optimal
2021-02-11 17:30:00,44,103,2.0,0.0,0.0,0.1651333333333333,16.758,6.0,6,20.08644650119888,,7000.0,0.0,0.0,0.0,44.14933545762028,optimal
2021-02-11 18:00:00,44,103,2.0,0.0,0.0,0.1995,16.422,6.0,6,20.143756146301275,,7000.0,0.0,0.0,0.0,43.937436183866005,optimal
2021-02-11 18:30:00,44,103,2.0,0.0,0.0,0.2641666666666666,16.758,6.0,6,20.201115618192716,,7000.0,0.0,0.0,0.0,43.725748809385486,optimal
2021-02-11 19:00:00,44,103,0.0,0.0,0.0,1.6633666666666669,29.358,6.0,6,20.258659987969665,,0.0,0.0,0.0,0.0,43.51427312227945,optimal
2021-02-11 19:30:00,44,103,0.0,0.0,0.0,1.284,34.9965,6.0,6,20.170467831890484,,0.0,0.0,0.0,0.0,43.47075884915717,optimal
2021-02-11 20:00:00,44,103,0.0,0.0,0.0,0.6136666666666666,34.65,6.0,6,20.081740250095734,,0.0,0.0,0.0,0.0,43.42728809030801,optimal
2021-02-11 20:30:00,44,103,0.0,0.0,0.0,0.2764666666666666,34.9965,6.0,6,20.0,,0.0,0.0,0.0,0.0,43.3838608022177,optimal
2021-02-11 21:00:00,44,103,0.0,0.0,0.0,0.9187666666666668,34.9965,6.0,6,19.91164966474094,,0.0,0.0,0.0,0.0,43.34047694141549,optimal
2021-02-11 21:30:00,44,103,0.0,0.0,0.0,0.3387333333333333,30.4815,6.0,6,19.83155303355337,,0.0,0.0,0.0,0.0,43.29713646447407,optimal
2021-02-11 22:00:00,44,103,0.0,0.0,0.0,0.2142,21.4305,6.0,6,19.74099517122231,,0.0,0.0,0.0,0.0,43.2538393280096,optimal
2021-02-11 22:30:00,44,103,0.0,0.0,0.0,0.1733666666666666,14.3325,6.0,6,19.64461154358525,,0.0,0.0,0.0,0.0,43.21058548868159,optimal
2021-02-11 23:00:00,44,103,0.0597142857142857,0.0,0.0,0.064,13.692,6.0,6,19.536723089593,,0.0,0.0,209.0,0.0,43.16737490319291,optimal
2021-02-11 23:30:00,44,103,0.0,0.0,0.0,0.219,14.007,6.0,6,19.42429986867985,,0.0,0.0,0.0,0.0,43.12420752828972,optimal
2021-02-12 00:00:00,44,103,2.0,0.0,0.0,0.059,10.8045,6.0,-4,19.42429986867985,,7000.0,0.0,0.0,0.0,43.08108332076143,optimal
2021-02-12 00:30:00,44,103,2.0,0.0,1.7391721223624237,0.0879333333333333,10.059,6.0,-4,19.456690283378823,,5815.666666666667,0.0,1184.3333333333333,0.0,43.864108995562816,optimal
2021-02-12 01:00:00,44,103,2.0,0.0,0.0,0.1891999999999999,10.584,6.0,-4,19.464612111857527,,7000.0,0.0,0.0,0.0,43.82024488656725,optimal
2021-02-12 01:30:00,44,103,2.0,0.0,5.0,0.059,9.4185,6.0,-4,19.49956040579301,,7000.0,0.0,0.0,0.0,46.15142464168068,optimal
2021-02-12 02:00:00,44,103,2.0,0.0,0.0,0.059,10.3635,6.0,-4,19.53206305558777,,7000.0,0.0,0.0,0.0,46.10527321703899,optimal
2021-02-12 02:30:00,44,103,2.0,0.0,5.0,0.059,9.8385,6.0,-4,19.564871919450297,,7000.0,0.0,0.0,0.0,48.434167943821954,optimal
2021-02-12 03:00:00,44,103,2.0,0.0,0.0,0.1747333333333333,11.067,6.0,-4,19.598892944744648,,7000.0,0.0,0.0,0.0,48.38573377587813,optimal
2021-02-12 03:30:00,44,103,2.0,0.0,0.0,0.1024,10.8465,6.0,-4,19.636556866142712,,7000.0,0.0,0.0,0.0,48.33734804210225,optimal
2021-02-12 04:00:00,44,103,2.0,0.0,0.0,0.059,13.671,6.0,-4,19.675702950071987,,7000.0,0.0,0.0,0.0,48.28901069406015,optimal
2021-02-12 04:30:00,44,103,2.0,0.0,0.0,0.2036666666666666,12.348,6.0,-4,19.716933530897165,,7000.0,0.0,0.0,0.0,48.24072168336608,optimal
2021-02-12 05:00:00,44,103,2.0,0.0,0.0,0.0734666666666666,14.3325,6.0,-4,19.76419803194572,,7000.0,0.0,0.0,0.0,48.19248096168271,optimal
2021-02-12 05:30:00,44,103,2.0,0.0,0.0,0.1385666666666666,15.393,6.0,-4,19.81168302380901,,7000.0,0.0,0.0,0.0,48.144288480721016,optimal
2021-02-12 06:00:00,44,103,2.0,0.0,0.0,0.1385666666666666,13.587,6.0,-4,19.863952319115395,,7000.0,0.0,0.0,0.0,48.096144192240295,optimal
2021-02-12 06:30:00,44,103,0.2750396349472473,0.0,0.0,0.6718666666666667,16.1385,6.0,-4,19.91961383144934,,962.6387223153656,0.0,0.0,0.0,48.048048048048045,optimal
2021-02-12 07:00:00,44,103,2.0,0.0,0.0,0.7485333333333333,14.595,6.0,-4,19.85182763409384,,7000.0,0.0,0.0,0.0,48.0,optimal
2021-02-12 07:30:00,44,103,2.0,0.0,0.0,1.9271,14.637,6.0,-4,19.91986565146443,,7000.0,0.0,0.0,0.0,47.78602727462862,optimal
2021-02-12 08:00:00,44,103,1.2597171950012045,0.0,0.0,1.2563,13.9125,6.0,-4,20.0,,4060.676849170882,0.0,348.3333333333333,0.0,47.57226852198262,optimal
2021-02-12 08:30:00,44,103,2.0,0.0,0.0,0.4818,13.3665,6.0,-4,20.0,,6579.961824256555,0.0,420.0381757434455,0.0,47.358723528089264,optimal
2021-02-12 09:00:00,44,103,2.0,0.0,0.0,0.0814666666666666,13.0095,6.0,-4,20.037957013417557,,7000.0,0.0,0.0,0.0,47.1453920791898,optimal
2021-02-12 09:30:00,44,103,0.2525169658140916,0.0,0.0,0.207,13.8915,6.0,-4,20.077080673288904,,883.8093803493207,0.0,0.0,0.0,46.932273961739234,optimal
2021-02-12 10:00:00,44,103,2.0,0.0,0.0,0.059,13.188,6.0,-4,20.0,,6026.704842410112,0.0,973.2951575898878,0.0,46.71936896240612,optimal
2021-02-12 10:30:00,44,103,2.0,0.0,0.0,0.0656666666666666,12.5685,6.0,-4,20.03846447605436,,7000.0,0.0,0.0,0.0,46.50667686807234,optimal
2021-02-12 11:00:00,44,103,2.0,0.0,0.0,1.2061333333333335,12.285,6.0,-4,20.099057384088265,,7000.0,0.0,0.0,0.0,46.294197465832895,optimal
2021-02-12 11:30:00,44,103,2.0,0.0,0.0,0.2004333333333333,11.487,6.0,-4,20.17430307695543,,7000.0,0.0,0.0,0.0,46.081930542995686,optimal
2021-02-12 12:00:00,44,103,2.0,0.0,0.0,0.0711666666666666,11.802,6.0,-4,20.242392876709715,,7000.0,0.0,0.0,0.0,45.869875887081314,optimal
2021-02-12 12:30:00,44,103,2.0,0.0,0.0,0.4701333333333333,11.2245,6.0,-4,20.307679493405303,,7000.0,0.0,0.0,0.0,45.65803328582286,optimal
2021-02-12 13:00:00,44,103,2.0,0.0,0.0,4.059333333333334,11.025,6.0,-4,20.378353165610104,,7000.0,0.0,0.0,0.0,45.44640252716566,optimal
2021-02-12 13:30:00,44,103,2.0,0.0,0.0,2.2838000000000003,11.907,6.0,-4,20.47040972644721,,7000.0,0.0,0.0,0.0,45.23498339926712,optimal
2021-02-12 14:00:00,44,103,0.0,0.0,0.0,0.2181333333333333,25.83,6.0,-4,20.540677969196057,,0.0,0.0,0.0,0.0,45.02377569049647,optimal
2021-02-12 14:30:00,44,103,0.0,0.0,0.0,0.0656666666666666,28.035,6.0,-4,20.456804135847705,,0.0,0.0,0.0,0.0,44.8127791894346,optimal
2021-02-12 15:00:00,44,103,0.0,0.0,0.0,0.069,28.119,6.0,-4,20.369507321633723,,0.0,0.0,0.0,0.0,44.60199368487379,optimal
2021-02-12 15:30:00,44,103,0.0,0.0,0.0,1.1183333333333332,30.156,6.0,-4,20.28215287627357,,0.0,0.0,0.0,0.0,44.39141896581754,optimal
2021-02-12 16:00:00,44,103,0.0,0.0,0.0,0.9512,29.1585,6.0,-4,20.22005538937858,,0.0,0.0,0.0,0.0,44.18105482148035,optimal
2021-02-12 16:30:00,44,103,0.0,0.0,0.0,0.4333333333333333,26.712,6.0,-4,20.152170911880518,,0.0,0.0,0.0,0.0,43.9709010412875,optimal
2021-02-12 17:00:00,44,103,0.0,0.0,0.0,2.1848,15.435,6.0,-4,20.066013464615367,,0.0,0.0,0.0,0.0,43.76095741487484,optimal
2021-02-12 17:30:00,44,103,0.8923339334520388,0.0,0.0,1.3579666666666668,13.566,6.0,-4,20.0,,3123.168767082136,0.0,0.0,0.0,43.55122373208859,optimal
2021-02-12 18:00:00,44,103,1.2943632019326723,0.0,0.0,0.0812,12.789,6.0,-4,20.0,,3972.93787343102,0.0,557.3333333333333,0.0,43.34169978298512,optimal
2021-02-12 18:30:00,44,103,2.0,0.0,0.0,0.1645333333333333,12.1275,6.0,-4,20.00317013976984,,7000.0,0.0,0.0,0.0,43.13238535783076,optimal
2021-02-12 19:00:00,44,103,0.0,0.0,0.0,0.4757666666666666,13.671,6.0,-4,20.07334239061657,,0.0,0.0,0.0,0.0,42.92328024710156,optimal
2021-02-12 19:30:00,44,103,2.0,0.0,0.0,0.292,10.668,6.0,-4,20.0,,6930.333333333333,0.0,69.66666666666666,0.0,42.71438424148308,optimal
2021-02-12 20:00:00,44,103,0.0557104906323302,0.0,0.0,1.2495333333333334,11.7285,6.0,-4,20.06931513297834,,194.98671721315597,0.0,0.0,0.0,42.50569713187022,optimal
2021-02-12 20:30:00,44,103,0.0796190476190476,0.0,0.0,1.4511666666666667,11.025,6.0,-4,20.0,,0.0,0.0,278.66666666666663,0.0,42.29721870936697,optimal
2021-02-12 21:00:00,44,103,0.0199047619047619,0.0,0.0,1.446,10.689,6.0,-4,19.93116750658399,,0.0,0.0,69.66666666666666,0.0,42.25492149065761,optimal
2021-02-12 21:30:00,44,103,0.1194285714285714,0.0,0.0,0.6382666666666666,8.1585,6.0,-4,19.86589127963282,,0.0,0.0,418.0,0.0,42.21266656916695,optimal
2021-02-12 22:00:00,44,103,0.0,0.0,0.0,0.3707666666666666,10.3635,6.0,-4,19.80164463750573,,0.0,0.0,0.0,0.0,42.170453902597785,optimal
2021-02-12 22:30:00,44,103,0.0,0.0,0.0,0.277,10.8045,6.0,-4,19.73414336139532,,0.0,0.0,0.0,0.0,42.12828344869519,optimal
2021-02-12 23:00:00,44,103,0.0,0.0,0.0,0.069,11.025,6.0,-4,19.6614331103172,,0.0,0.0,0.0,0.0,42.08615516524649,optimal
2021-02-12 23:30:00,44,103,0.0,0.0,0.0,0.0686666666666666,10.3635,6.0,-4,19.57710521279221,,0.0,0.0,0.0,0.0,42.044069010081245,optimal
2021-02-13 00:00:00,44,103,0.0,0.0,0.0,0.059,14.595,6.0,10,19.57710521279221,,0.0,0.0,0.0,0.0,42.00202494107116,optimal
2021-02-13 00:30:00,44,103,0.0,0.0,0.0,0.1584,12.4845,6.0,10,19.493151464026425,,0.0,0.0,0.0,0.0,41.96002291613009,optimal
2021-02-13 01:00:00,44,103,0.6767619047619047,0.0,0.0,0.1745666666666666,12.1275,6.0,10,19.4118767810572,,0.0,0.0,2368.6666666666665,0.0,41.91806289321397,optimal
2021-02-13 01:30:00,44,103,0.9377226791648346,0.0,0.0,0.1397,12.1275,6.0,10,19.331348510940344,,3282.0293770769213,0.0,0.0,0.0,41.87614483032075,optimal
2021-02-13 02:00:00,44,103,0.0,0.0,0.0,0.2497666666666667,12.789,6.0,10,19.31993490872169,,0.0,0.0,0.0,0.0,41.83426868549043,optimal
2021-02-13 02:30:00,44,103,2.0,0.0,0.0,0.1243,11.907,6.0,10,19.24207091274116,,7000.0,0.0,0.0,0.0,41.79243441680494,optimal
2021-02-13 03:00:00,44,103,2.0,0.0,0.0,0.1567666666666667,11.025,6.0,10,19.309271891178117,,7000.0,0.0,0.0,0.0,41.75064198238813,optimal
2021-02-13 03:30:00,44,103,2.0,0.0,3.812762549142436,0.2667,8.2005,6.0,10,19.376851436665547,,7000.0,0.0,0.0,0.0,43.51995355124839,optimal
2021-02-13 04:00:00,44,103,2.0,0.0,0.0,0.091,9.5655,6.0,10,19.446211702549768,,7000.0,0.0,0.0,0.0,43.47643359769714,optimal
2021-02-13 04:30:00,44,103,2.0,0.0,5.0,0.2982666666666666,7.056,6.0,10,19.511331912116542,,7000.0,0.0,0.0,0.0,45.80795716409944,optimal
2021-02-13 05:00:00,44,103,2.0,0.0,0.0,0.0742,9.3975,6.0,10,19.58006607152716,,7000.0,0.0,0.0,0.0,45.76214920693534,optimal
2021-02-13 05:30:00,44,103,2.0,0.0,0.0,0.059,10.059,6.0,10,19.64331804286905,,7000.0,0.0,0.0,0.0,45.7163870577284,optimal
2021-02-13 06:00:00,44,103,2.0,0.0,0.0,0.3779333333333333,9.261,6.0,10,19.705509425601665,,7000.0,0.0,0.0,0.0,45.670670670670674,optimal
2021-02-13 06:30:00,44,103,2.0,0.0,5.0,0.2570666666666666,8.1585,6.0,10,19.777580016455843,,7000.0,0.0,0.0,0.0,48.0,optimal
2021-02-13 07:00:00,44,103,2.0,0.0,0.0,0.5434666666666667,9.4815,6.0,10,19.84708579613396,,7000.0,0.0,0.0,0.0,47.815537922864536,optimal
2021-02-13 07:30:00,44,103,2.0,0.0,0.0,0.3155333333333333,8.379,6.0,10,19.92349915532057,,7000.0,0.0,0.0,0.0,47.63126030780621,optimal
2021-02-13 08:00:00,44,103,2.0,0.0,0.0,0.2658333333333333,9.5235,6.0,10,20.0,,3492.288854919166,0.0,3507.711145080834,0.0,47.44716697036294,optimal
2021-02-13 08:30:00,44,103,2.0,0.0,0.0,0.5183,8.1375,6.0,10,20.0,,3522.71309503416,0.0,3477.28690496584,0.0,47.26325772625712,optimal
2021-02-13 09:00:00,44,103,2.0,0.0,0.0,0.0728,10.0905,6.0,10,20.0,,4497.770614434443,0.0,2502.229385565557,0.0,47.0795323913954,optimal
2021-02-13 09:30:00,44,103,2.0,0.0,0.0,0.5194,7.539,6.0,10,20.0,,3850.291815009261,0.0,3149.708184990739,0.0,46.89599078186854,optimal
2021-02-13 10:00:00,44,103,2.0,0.0,0.0,0.7413666666666667,7.938,6.0,10,20.0,,3398.779590168932,0.0,3601.220409831068,0.0,46.71263271395121,optimal
2021-02-13 10:30:00,44,103,2.0,0.0,0.0,1.4935,8.274,6.0,10,20.0,,4875.530850442936,0.0,2124.4691495570646,0.0,46.5294580041018,optimal
2021-02-13 11:00:00,44,103,2.0,0.0,0.0,0.9939666666666668,9.261,6.0,10,20.031344766349648,,7000.0,0.0,0.0,0.0,46.34646646896224,optimal
2021-02-13 11:30:00,44,103,2.0,0.0,0.0,1.5803,9.9225,6.0,10,20.104040878243644,,7000.0,0.0,0.0,0.0,46.16365792535781,optimal
2021-02-13 12:00:00,44,103,2.0,0.0,0.0,3.158266666666667,9.702,6.0,10,20.17529970989415,,7000.0,0.0,0.0,0.0,45.98103219029699,optimal
2021-02-13 12:30:00,44,103,2.0,0.0,0.0,2.3339000000000003,10.584,6.0,10,20.252342038141165,,7000.0,0.0,0.0,0.0,45.79858908097123,optimal
2021-02-13 13:00:00,44,103,2.0,0.0,0.0,2.7687,10.143,6.0,10,20.32862194294128,,7000.0,0.0,0.0,0.0,45.6163284147548,optimal
2021-02-13 13:30:00,44,103,0.0,0.0,0.0,2.763033333333333,13.0095,6.0,10,20.404938167996253,,0.0,0.0,0.0,0.0,45.43425000920458,optimal
2021-02-13 14:00:00,44,103,2.0,0.0,0.0,0.8636333333333334,11.025,6.0,10,20.337161914241424,,7000.0,0.0,0.0,0.0,45.25235368205992,optimal
2021-02-13 14:30:00,44,103,0.0,0.0,0.0,0.067,12.789,6.0,10,20.419475312031665,,0.0,0.0,0.0,0.0,45.0706392512424,optimal
2021-02-13 15:00:00,44,103,0.003328827913708,0.0,0.0,0.2594666666666666,12.1275,6.0,10,20.33920964046152,,11.65089769797817,0.0,0.0,0.0,44.88910653485569,optimal
2021-02-13 15:30:00,44,103,2.0,0.0,0.0,0.3091,12.1695,6.0,10,20.26594956190293,,7000.0,0.0,0.0,0.0,44.70775535118538,optimal
2021-02-13 16:00:00,44,103,0.0,0.0,0.0,0.2827666666666666,12.306,6.0,10,20.33852080561223,,0.0,0.0,0.0,0.0,44.52658551869873,optimal
2021-02-13 16:30:00,44,103,0.0,0.0,0.0,0.6506666666666666,13.23,6.0,10,20.26672431505898,,0.0,0.0,0.0,0.0,44.34559685604457,optimal
2021-02-13 17:00:00,44,103,0.0,0.0,0.0,0.3488,13.671,6.0,10,20.20238401721489,,0.0,0.0,0.0,0.0,44.16478918205306,optimal
2021-02-13 17:30:00,44,103,0.0,0.0,0.0,0.4496333333333333,13.9335,6.0,10,20.13061431987622,,0.0,0.0,0.0,0.0,43.984162315735546,optimal
2021-02-13 18:00:00,44,103,0.0,0.0,0.0,0.4597333333333333,13.293,6.0,10,20.062132330116217,,0.0,0.0,0.0,0.0,43.803716076284346,optimal
2021-02-13 18:30:00,44,103,0.8813474533636496,0.0,0.0,0.3675,12.1065,6.0,10,20.0,,3084.716086772773,0.0,0.0,0.0,43.6234502830726,optimal
2021-02-13 19:00:00,44,103,2.0,0.0,0.0,0.4175333333333333,11.571,6.0,10,20.0,,3278.291846657767,0.0,3721.708153342233,0.0,43.44336475565407,optimal
2021-02-13 19:30:00,44,103,0.9986885808841708,0.0,0.0,0.4909666666666666,11.025,6.0,10,20.0,,3495.410033094598,0.0,0.0,0.0,43.26345931376295,optimal
2021-02-13 20:00:00,44,103,1.3031413960565803,0.0,0.0,0.2318,10.8465,6.0,10,20.0,,3933.994886198032,0.0,627.0,0.0,43.083733777313725,optimal
2021-02-13 20:30:00,44,103,0.0,0.0,0.0,0.5135666666666667,11.2455,6.0,10,20.0,,0.0,0.0,0.0,0.0,42.90418796640095,optimal
2021-02-13 21:00:00,44,103,0.0,0.0,0.0,0.4996,23.8665,6.0,10,19.91953773051715,,0.0,0.0,0.0,0.0,42.724821701299085,optimal
2021-02-13 21:30:00,44,103,0.0,0.0,0.0,0.5208333333333334,27.4575,6.0,10,19.84224089874728,,0.0,0.0,0.0,0.0,42.54563480246232,optimal
2021-02-13 22:00:00,44,103,0.0,0.0,0.0,0.5174,27.3735,6.0,10,19.770626615066824,,0.0,0.0,0.0,0.0,42.3666270905244,optimal
2021-02-13 22:30:00,44,103,0.0,0.0,0.0,0.5654,30.4605,6.0,10,19.699948194766208,,0.0,0.0,0.0,0.0,42.18779838629841,optimal
2021-02-13 23:00:00,44,103,0.0,0.0,0.0,0.5751333333333333,30.0195,6.0,10,19.62866860359325,,0.0,0.0,0.0,0.0,42.14561058791211,optimal
2021-02-13 23:30:00,44,103,0.0,0.0,0.0,0.3033333333333333,26.9325,6.0,10,19.561764780234885,,0.0,0.0,0.0,0.0,42.1034649773242,optimal
2021-02-07 00:00:00,45,103,0.3374361016331811,0.0,0.0,0.2820666666666667,9.261,6.0,0,21.0,,1181.026355716134,0.0,0.0,0.0,47.952,optimal
2021-02-07 00:30:00,45,103,0.0,0.0,0.0,0.1052666666666666,10.3635,6.0,0,20.95565338762107,,0.0,0.0,0.0,0.0,47.904048,optimal
2021-02-07 01:00:00,45,103,2.0,0.0,0.0,0.0595333333333333,8.274,6.0,0,20.880913764775617,,7000.0,0.0,0.0,0.0,47.856143952,optimal
2021-02-07 01:30:00,45,103,2.0,0.0,0.0,0.1052666666666666,7.7175,6.0,0,20.95244969296038,,7000.0,0.0,0.0,0.0,47.80828780804799,optimal
2021-02-07 02:00:00,45,103,2.0,0.0,0.0,0.053,6.615,6.0,0,21.02439695650723,,7000.0,0.0,0.0,0.0,47.76047952023995,optimal
2021-02-07 02:30:00,45,103,2.0,0.0,0.0,0.1052666666666666,6.174,6.0,0,21.09469074935277,,7000.0,0.0,0.0,0.0,47.712719040719705,optimal
2021-02-07 03:00:00,45,103,2.0,0.0,0.0,0.0595333333333333,3.906,6.0,0,21.16531220792542,,7000.0,0.0,0.0,0.0,47.66500632167899,optimal
2021-02-07 03:30:00,45,103,2.0,0.0,0.0,0.1118,2.3415,6.0,0,21.234196905744376,,7000.0,0.0,0.0,0.0,47.61734131535731,optimal
2021-02-07 04:00:00,45,103,2.0,0.0,0.0,0.053,2.205,6.0,0,21.30364249604764,,7000.0,0.0,0.0,0.0,47.56972397404195,optimal
2021-02-07 04:30:00,45,103,2.0,0.0,1.61443461893103,0.0856666666666666,0.882,6.0,0,21.37130843561656,,7000.0,0.0,0.0,0.0,48.28901069406015,optimal
2021-02-07 05:00:00,45,103,2.0,0.0,0.0,0.0791333333333333,1.5435,6.0,0,21.439355042936345,,7000.0,0.0,0.0,0.0,48.24072168336608,optimal
2021-02-07 05:30:00,45,103,2.0,0.0,0.0,0.0909333333333333,1.5435,6.0,0,21.506955415052037,,7000.0,0.0,0.0,0.0,48.19248096168271,optimal
2021-02-07 06:00:00,45,103,2.0,0.0,0.0,0.0858666666666666,5.0715,6.0,0,21.574455399718754,,7000.0,0.0,0.0,0.0,48.144288480721016,optimal
2021-02-07 06:30:00,45,103,2.0,0.0,0.0,0.063,5.376,6.0,0,21.641374099703945,,7000.0,0.0,0.0,0.0,48.096144192240295,optimal
2021-02-07 07:00:00,45,103,2.0,0.0,0.0,0.066,5.0715,6.0,0,21.707281023975256,,7000.0,0.0,0.0,0.0,48.048048048048045,optimal
2021-02-07 07:30:00,45,103,2.0,0.0,0.0,1.7606333333333335,5.5125,6.0,0,21.77687570525993,,7000.0,0.0,0.0,0.0,48.0,optimal
2021-02-07 08:00:00,45,103,2.0,0.0,0.0,0.5478333333333334,9.261,6.0,0,21.859540388469267,,7000.0,0.0,0.0,0.0,47.77692885801243,optimal
2021-02-07 08:30:00,45,103,0.0,0.0,0.0,0.0656666666666666,11.7075,6.0,0,21.934790568452858,,0.0,0.0,0.0,0.0,47.55408078716685,optimal
2021-02-07 09:00:00,45,103,0.0,0.0,0.0,0.063,12.348,6.0,0,21.849714668111087,,0.0,0.0,0.0,0.0,47.33145556439212,optimal
2021-02-07 09:30:00,45,103,0.0,0.0,0.0,0.1217999999999999,12.348,6.0,0,21.758209119011912,,0.0,0.0,0.0,0.0,47.10905296684017,optimal
2021-02-07 10:00:00,45,103,0.0,0.0,0.0,0.0603333333333333,12.1275,6.0,0,21.668583299682737,,0.0,0.0,0.0,0.0,46.88687277188576,optimal
2021-02-07 10:30:00,45,103,0.0,0.0,0.0,0.1118,12.5265,6.0,0,21.578353155228083,,0.0,0.0,0.0,0.0,46.66491475712631,optimal
2021-02-07 11:00:00,45,103,0.0,0.0,0.0,0.053,11.7495,6.0,0,21.489316452017,,0.0,0.0,0.0,0.0,46.44317870038162,optimal
2021-02-07 11:30:00,45,103,0.0,0.0,0.0,0.1191333333333333,13.23,6.0,0,21.398992248901276,,0.0,0.0,0.0,0.0,46.22166437969368,optimal
2021-02-07 12:00:00,45,103,0.0,0.0,0.0,0.0603333333333333,14.3325,6.0,0,21.310315582023502,,0.0,0.0,0.0,0.0,46.00037157332642,optimal
2021-02-07 12:30:00,45,103,0.0,0.0,0.0,0.053,14.994,6.0,0,21.22080344981341,,0.0,0.0,0.0,0.0,45.779300059765525,optimal
2021-02-07 13:00:00,45,103,0.0,0.0,0.0,0.053,14.8155,6.0,0,21.13169740575397,,0.0,0.0,0.0,0.0,45.5584496177182,optimal
2021-02-07 13:30:00,45,103,0.0,0.0,0.0,0.053,14.112,6.0,0,21.042995606877845,,0.0,0.0,0.0,0.0,45.33782002611292,optimal
2021-02-07 14:00:00,45,103,0.0,0.0,0.0,0.1118,14.007,6.0,0,20.954923054067116,,0.0,0.0,0.0,0.0,45.11741106409924,optimal
2021-02-07 14:30:00,45,103,0.0,0.0,0.0,0.055,13.23,6.0,0,20.868714656885057,,0.0,0.0,0.0,0.0,44.89722251104757,optimal
2021-02-07 15:00:00,45,103,0.0,0.0,0.0,0.063,11.382,6.0,0,20.78188643001662,,0.0,0.0,0.0,0.0,44.67725414654896,optimal
2021-02-07 15:30:00,45,103,0.0,0.0,0.0,0.0677666666666666,11.7495,6.0,0,20.695678950064814,,0.0,0.0,0.0,0.0,44.457505750414846,optimal
2021-02-07 16:00:00,45,103,0.0,0.0,0.0,0.1651999999999999,24.3285,6.0,0,20.612032990582147,,0.0,0.0,0.0,0.0,44.23797710267687,optimal
2021-02-07 16:30:00,45,103,0.0,0.0,0.0,0.5378,28.917,6.0,0,20.53615392200229,,0.0,0.0,0.0,0.0,44.018667983586624,optimal
2021-02-07 17:00:00,45,103,0.0,0.0,0.0,0.4512333333333334,31.3635,6.0,0,20.468861220441397,,0.0,0.0,0.0,0.0,43.79957817361547,optimal
2021-02-07 17:30:00,45,103,0.0,0.0,0.0,0.3853999999999999,33.306,6.0,0,20.402158876459467,,0.0,0.0,0.0,0.0,43.580707453454295,optimal
2021-02-07 18:00:00,45,103,0.0,0.0,0.0,0.5696,31.3425,6.0,0,20.330444996394544,,0.0,0.0,0.0,0.0,43.36205560401328,optimal
2021-02-07 18:30:00,45,103,0.0,0.0,0.0,0.5542,28.2555,6.0,0,20.2603037277522,,0.0,0.0,0.0,0.0,43.1436224064217,optimal
2021-02-07 19:00:00,45,103,0.0,0.0,0.0,0.5302,15.6975,6.0,0,20.19573012924029,,0.0,0.0,0.0,0.0,42.925407642027714,optimal
2021-02-07 19:30:00,45,103,0.0,0.0,0.0,0.5875666666666667,12.5475,6.0,0,20.13122162599348,,0.0,0.0,0.0,0.0,42.70741109239812,optimal
2021-02-07 20:00:00,45,103,0.0,0.0,0.0,0.5423333333333333,12.0855,6.0,0,20.064570245180303,,0.0,0.0,0.0,0.0,42.48963253931815,optimal
2021-02-07 20:30:00,45,103,0.0,0.0,0.0,0.4783,11.907,6.0,0,20.0,,0.0,0.0,0.0,0.0,42.27207176479127,optimal
2021-02-07 21:00:00,45,103,0.0,0.0,0.0,0.4059333333333332,12.5685,6.0,0,19.93814731368818,,0.0,0.0,0.0,0.0,42.05472855103891,optimal
2021-02-07 21:30:00,45,103,0.0,0.0,0.0,2.644066666666667,13.146,6.0,0,19.87897249201212,,0.0,0.0,0.0,0.0,42.01267382248788,optimal
2021-02-07 22:00:00,45,103,0.0,0.0,0.0,0.5178333333333334,10.584,6.0,0,19.851425762261798,,0.0,0.0,0.0,0.0,41.970661148665386,optimal
2021-02-07 22:30:00,45,103,0.0,0.0,0.0,0.1217999999999999,6.678,6.0,0,19.796752706680675,,0.0,0.0,0.0,0.0,41.92869048751672,optimal
2021-02-07 23:00:00,45,103,0.0,0.0,0.0,0.063,7.938,6.0,0,19.72287149515249,,0.0,0.0,0.0,0.0,41.8867617970292,optimal
2021-02-07 23:30:00,45,103,0.0,0.0,0.0,0.1198,5.292,6.0,0,19.648087695266742,,0.0,0.0,0.0,0.0,41.84487503523217,optimal
2021-02-08 00:00:00,45,103,2.0,0.0,5.0,0.064,4.1895,6.0,-7,19.648087695266742,,7000.0,0.0,0.0,0.0,44.17803016019694,optimal
2021-02-08 00:30:00,45,103,2.0,0.0,4.559657867870553,0.1990333333333333,7.056,6.0,-7,19.719444477402988,,7000.0,0.0,0.0,0.0,46.299689617275256,optimal
2021-02-08 01:00:00,45,103,2.0,0.0,5.0,0.0955666666666666,5.271,6.0,-7,19.79332004318753,,7000.0,0.0,0.0,0.0,48.62838992765797,optimal
2021-02-08 01:30:00,45,103,2.0,0.0,0.0,0.1431333333333333,7.938,6.0,-7,19.864514040172896,,7000.0,0.0,0.0,0.0,48.57976153773031,optimal
2021-02-08 02:00:00,45,103,2.0,0.0,0.0,0.3001999999999999,7.938,6.0,-7,19.93628581861491,,7000.0,0.0,0.0,0.0,48.53118177619257,optimal
2021-02-08 02:30:00,45,103,2.0,0.0,0.0,0.064,11.907,6.0,-7,20.010853575326276,,7000.0,0.0,0.0,0.0,48.48265059441637,optimal
2021-02-08 03:00:00,45,103,2.0,0.0,0.0,0.2776,11.025,6.0,-7,20.08033776959373,,7000.0,0.0,0.0,0.0,48.434167943821954,optimal
2021-02-08 03:30:00,45,103,2.0,0.0,0.0,0.1637333333333333,11.2875,6.0,-7,20.15422993736025,,7000.0,0.0,0.0,0.0,48.38573377587813,optimal
2021-02-08 04:00:00,45,103,2.0,0.0,0.0,0.1025666666666666,12.936,6.0,-7,20.225163105890893,,7000.0,0.0,0.0,0.0,48.33734804210225,optimal
2021-02-08 04:30:00,45,103,2.0,0.0,0.0,0.2983666666666666,13.0095,6.0,-7,20.294260055718144,,7000.0,0.0,0.0,0.0,48.28901069406015,optimal
2021-02-08 05:00:00,45,103,0.0,0.0,0.0,0.1044,13.671,6.0,-7,20.366711536170545,,0.0,0.0,0.0,0.0,48.24072168336608,optimal
2021-02-08 05:30:00,45,103,2.0,0.0,0.0,0.1705,13.188,6.0,-7,20.286944726856905,,7000.0,0.0,0.0,0.0,48.19248096168271,optimal
2021-02-08 06:00:00,45,103,0.0,0.0,0.0,0.2728,13.8495,6.0,-7,20.356667708563734,,0.0,0.0,0.0,0.0,48.144288480721016,optimal
2021-02-08 06:30:00,45,103,2.0,0.0,0.0,0.0753666666666666,13.23,6.0,-7,20.28327944810773,,7000.0,0.0,0.0,0.0,48.096144192240295,optimal
2021-02-08 07:00:00,45,103,2.0,0.0,0.0,0.1704666666666666,13.3665,6.0,-7,20.3556780433763,,7000.0,0.0,0.0,0.0,48.048048048048045,optimal
2021-02-08 07:30:00,45,103,2.0,0.0,0.0,0.2868666666666666,13.0515,6.0,-7,20.43122552513708,,7000.0,0.0,0.0,0.0,48.0,optimal
2021-02-08 08:00:00,45,103,0.5455756889112073,0.0,0.0,0.083,13.5345,6.0,-7,20.511571164355686,,1909.5149111892256,0.0,0.0,0.0,47.866966886179085,optimal
2021-02-08 08:30:00,45,103,0.0,0.0,0.0,1.6887333333333332,14.154,6.0,-7,20.47600660748816,,0.0,0.0,0.0,0.0,47.73406680547199,optimal
2021-02-08 09:00:00,45,103,0.0,0.0,0.0,0.2757333333333333,14.112,6.0,-7,20.42027011011244,,0.0,0.0,0.0,0.0,47.6012996248456,optimal
2021-02-08 09:30:00,45,103,0.0,0.0,0.0,0.1326,14.2485,6.0,-7,20.34207269974092,,0.0,0.0,0.0,0.0,47.468665211399845,optimal
2021-02-08 10:00:00,45,103,2.0,0.0,0.0,0.072,12.789,6.0,-7,20.2618147353277,,7000.0,0.0,0.0,0.0,47.336163432367535,optimal
2021-02-08 10:30:00,45,103,2.0,0.0,0.0,0.4048,13.0095,6.0,-7,20.32620305192013,,7000.0,0.0,0.0,0.0,47.20379415511425,optimal
2021-02-08 11:00:00,45,103,2.0,0.0,0.0,0.0928666666666666,12.1275,6.0,-7,20.39646996278571,,7000.0,0.0,0.0,0.0,47.07155724713822,optimal
2021-02-08 11:30:00,45,103,2.0,0.0,0.0,0.183,12.348,6.0,-7,20.457634590858515,,7000.0,0.0,0.0,0.0,46.939452576070174,optimal
2021-02-08 12:00:00,45,103,2.0,0.0,0.0,0.1336999999999999,12.348,6.0,-7,20.51872560452253,,7000.0,0.0,0.0,0.0,46.80748000967319,optimal
2021-02-08 12:30:00,45,103,0.0,0.0,0.0,0.1043,25.389,6.0,-7,20.578955351421644,,0.0,0.0,0.0,0.0,46.6756394158426,optimal
2021-02-08 13:00:00,45,103,0.0,0.0,0.0,0.1753666666666666,29.1375,6.0,-7,20.491847454968514,,0.0,0.0,0.0,0.0,46.543930662605845,optimal
2021-02-08 13:30:00,45,103,0.0,0.0,0.0,0.1312333333333333,30.597,6.0,-7,20.40753805807548,,0.0,0.0,0.0,0.0,46.41235361812232,optimal
2021-02-08 14:00:00,45,103,0.0,0.0,0.0,0.2581333333333333,33.684,6.0,-7,20.32313578978868,,0.0,0.0,0.0,0.0,46.28090815068329,optimal
2021-02-08 14:30:00,45,103,0.0,0.0,0.0,0.1426,32.445,6.0,-7,20.242241392893987,,0.0,0.0,0.0,0.0,46.14959412871169,optimal
2021-02-08 15:00:00,45,103,0.0,0.0,0.0,0.074,28.917,6.0,-7,20.158601462016005,,0.0,0.0,0.0,0.0,46.018411420762064,optimal
2021-02-08 15:30:00,45,103,0.0,0.0,0.0,0.4055333333333333,15.876,6.0,-7,20.073216417250705,,0.0,0.0,0.0,0.0,45.88735989552039,optimal
2021-02-08 16:00:00,45,103,0.9572358887654656,0.0,0.0,0.3898,12.348,6.0,-7,20.0,,3350.3256106791296,0.0,0.0,0.0,45.756439421803954,optimal
2021-02-08 16:30:00,45,103,1.9075450339226203,0.0,0.0,0.328,12.1275,6.0,-7,20.0,,6676.407618729172,0.0,0.0,0.0,45.62564986856124,optimal
2021-02-08 17:00:00,45,103,0.0,0.0,0.0,0.4944333333333333,12.348,6.0,-7,20.068461428668883,,0.0,0.0,0.0,0.0,45.494991104871765,optimal
2021-02-08 17:30:00,45,103,0.919202844647794,0.0,0.0,0.2909666666666666,12.1275,6.0,-7,20.0,,3217.209956267279,0.0,0.0,0.0,45.36446299994598,optimal
2021-02-08 18:00:00,45,103,0.835413244332531,0.0,0.0,0.5992000000000001,12.1275,6.0,-7,20.0,,2923.9463551638582,0.0,0.0,0.0,45.23406542312512,optimal
2021-02-08 18:30:00,45,103,0.8649058843654057,0.0,0.0,0.5546666666666666,11.2665,6.0,-7,20.0,,3027.17059527892,0.0,0.0,0.0,45.10379824388108,optimal
2021-02-08 19:00:00,45,103,2.0,0.0,0.0,0.7697,10.143,6.0,-7,20.0,,7000.0,0.0,0.0,0.0,44.97366133181629,optimal
2021-02-08 19:30:00,45,103,0.0,0.0,0.0,0.5177,11.2455,6.0,-7,20.08884616159777,,0.0,0.0,0.0,0.0,44.92868767048447,optimal
2021-02-08 20:00:00,45,103,0.444724247764745,0.0,0.0,0.7106333333333333,11.025,6.0,-7,20.02567873328917,,1556.5348671766076,0.0,0.0,0.0,44.88375898281399,optimal
2021-02-08 20:30:00,45,103,0.2786666666666667,0.0,0.0,1.9758666666666664,5.9745,6.0,-7,20.0,,0.0,0.0,975.3333333333334,0.0,44.83887522383117,optimal
2021-02-08 21:00:00,45,103,0.0,0.0,0.0,0.4531333333333333,7.938,6.0,-7,19.9540211186684,,0.0,0.0,0.0,0.0,44.79403634860734,optimal
2021-02-08 21:30:00,45,103,0.0,0.0,0.0,0.4732666666666666,8.6835,6.0,-7,19.88471103807622,,0.0,0.0,0.0,0.0,44.74924231225874,optimal
2021-02-08 22:00:00,45,103,0.0,0.0,0.0,0.317,7.665,6.0,-7,19.81542477227441,,0.0,0.0,0.0,0.0,44.70449306994648,optimal
2021-02-08 22:30:00,45,103,0.0,0.0,0.0,0.2602666666666666,6.7725,6.0,-7,19.743191299000664,,0.0,0.0,0.0,0.0,44.65978857687654,optimal
2021-02-08 23:00:00,45,103,0.0,0.0,0.0,0.2010666666666666,5.5755,6.0,-7,19.667282248781703,,0.0,0.0,0.0,0.0,44.61512878829966,optimal
2021-02-08 23:30:00,45,103,0.0,0.0,0.0,0.1828666666666666,5.0925,6.0,-7,19.590244555562936,,0.0,0.0,0.0,0.0,44.57051365951136,optimal
2021-02-09 00:00:00,45,103,0.0,0.0,0.0,0.062,14.3325,6.0,7,19.590244555562936,,0.0,0.0,0.0,0.0,44.52594314585185,optimal
2021-02-09 00:30:00,45,103,0.0,0.0,0.0,0.3596666666666667,13.335,6.0,7,19.511998946592456,,0.0,0.0,0.0,0.0,44.481417202706,optimal
2021-02-09 01:00:00,45,103,2.0,0.0,0.0,0.0766666666666666,12.1275,6.0,7,19.44265637347753,,0.0,0.0,7000.0,0.0,44.436935785503294,optimal
2021-02-09 01:30:00,45,103,2.0,0.0,0.0,0.064,12.2955,6.0,7,19.36420501114134,,6336.666666666667,0.0,663.3333333333334,0.0,44.39249884971779,optimal
2021-02-09 02:00:00,45,103,2.0,0.0,0.0,0.064,11.6865,6.0,7,19.41700341739947,,7000.0,0.0,0.0,0.0,44.34810635086807,optimal
2021-02-09 02:30:00,45,103,2.0,0.0,0.0,0.064,11.466,6.0,7,19.4830720629362,,7000.0,0.0,0.0,0.0,44.303758244517205,optimal
2021-02-09 03:00:00,45,103,2.0,0.0,0.0,0.064,10.8045,6.0,7,19.54906781012509,,7000.0,0.0,0.0,0.0,44.25945448627269,optimal
2021-02-09 03:30:00,45,103,2.0,0.0,5.0,0.064,10.584,6.0,7,19.614990989682827,,7000.0,0.0,0.0,0.0,46.590195031786415,optimal
2021-02-09 04:00:00,45,103,2.0,0.0,0.0,0.064,11.2455,6.0,7,19.681068764965765,,7000.0,0.0,0.0,0.0,46.54360483675463,optimal
2021-02-09 04:30:00,45,103,2.0,0.0,0.0,0.064,12.1275,6.0,7,19.74730043462214,,7000.0,0.0,0.0,0.0,46.49706123191787,optimal
2021-02-09 05:00:00,45,103,2.0,0.0,0.0,0.064,11.823,6.0,7,19.81277796392185,,7000.0,0.0,0.0,0.0,46.45056417068595,optimal
2021-02-09 05:30:00,45,103,2.0,0.0,0.0,0.064,11.7705,6.0,7,19.87750477416048,,7000.0,0.0,0.0,0.0,46.40411360651527,optimal
2021-02-09 06:00:00,45,103,2.0,0.0,0.0,0.064,11.13,6.0,7,19.94193793939235,,7000.0,0.0,0.0,0.0,46.357709492908754,optimal
2021-02-09 06:30:00,45,103,2.0,0.0,0.0,0.064,11.6865,6.0,7,20.00607879179172,,7000.0,0.0,0.0,0.0,46.31135178341584,optimal
2021-02-09 07:00:00,45,103,2.0,0.0,3.753700245085524,0.064,10.7205,6.0,7,20.069701823349146,,7000.0,0.0,0.0,0.0,48.048048048048045,optimal
2021-02-09 07:30:00,45,103,2.0,0.0,0.0,0.6975,11.424,6.0,7,20.13280938325354,,7000.0,0.0,0.0,0.0,48.0,optimal
2021-02-09 08:00:00,45,103,2.0,0.0,0.0,0.5686666666666667,10.689,6.0,7,20.204058844631305,,7000.0,0.0,0.0,0.0,47.76511865470976,optimal
2021-02-09 08:30:00,45,103,2.0,0.0,0.0,0.217,11.361,6.0,7,20.27722192433422,,7000.0,0.0,0.0,0.0,47.53047219076481,optimal
2021-02-09 09:00:00,45,103,2.0,0.0,0.0,0.327,11.571,6.0,7,20.34562577748498,,7000.0,0.0,0.0,0.0,47.29606037328381,optimal
2021-02-09 09:30:00,45,103,0.0,0.0,0.0,0.124,14.3745,6.0,7,20.410264805793314,,0.0,0.0,0.0,0.0,47.061882967620285,optimal
2021-02-09 10:00:00,45,103,2.0,0.0,0.0,0.064,13.23,6.0,7,20.32327895072695,,7000.0,0.0,0.0,0.0,46.82793973936243,optimal
2021-02-09 10:30:00,45,103,2.0,0.0,0.0,0.064,13.9755,6.0,7,20.383107089823262,,7000.0,0.0,0.0,0.0,46.59423045433282,optimal
2021-02-09 11:00:00,45,103,0.0,0.0,0.0,0.064,14.994,6.0,7,20.44379797833012,,0.0,0.0,0.0,0.0,46.36075487858825,optimal
2021-02-09 11:30:00,45,103,2.0,0.0,0.0,0.065,13.671,6.0,7,20.3579948493099,,7000.0,0.0,0.0,0.0,46.12751277841942,optimal
2021-02-09 12:00:00,45,103,0.0,0.0,0.0,0.0696666666666666,15.981,6.0,7,20.42016067067534,,0.0,0.0,0.0,0.0,45.894503920350765,optimal
2021-02-09 12:30:00,45,103,0.0,0.0,0.0,0.072,15.6345,6.0,7,20.33491844612429,,0.0,0.0,0.0,0.0,45.661728071140175,optimal
2021-02-09 13:00:00,45,103,0.0,0.0,0.0,0.074,16.5375,6.0,7,20.249836104367223,,0.0,0.0,0.0,0.0,45.4291849977788,optimal
2021-02-09 13:30:00,45,103,0.0607953091747502,0.0,0.0,0.074,14.7735,6.0,7,20.164912920361587,,212.78358211162595,0.0,0.0,0.0,45.19687446749078,optimal
2021-02-09 14:00:00,45,103,0.0,0.0,0.0,0.074,15.2145,6.0,7,20.08462735294277,,0.0,0.0,0.0,0.0,44.96479624773305,optimal
2021-02-09 14:30:00,45,103,1.146503198974146,0.0,0.0,0.074,14.553,6.0,7,20.0,,4012.761196409511,0.0,0.0,0.0,44.73295010619508,optimal
2021-02-09 15:00:00,45,103,2.0,0.0,0.0,0.074,14.3325,6.0,7,20.0,,7000.0,0.0,0.0,0.0,44.50133581079864,optimal
2021-02-09 15:30:00,45,103,1.457843179987408,0.0,0.0,0.074,14.595,6.0,7,20.06265575948804,,5102.451129955928,0.0,0.0,0.0,44.269953129697605,optimal
2021-02-09 16:00:00,45,103,0.0,0.0,0.0,0.074,14.994,6.0,7,20.085083092116907,,0.0,0.0,0.0,0.0,44.03880183127767,optimal
2021-02-09 16:30:00,45,103,1.155739610058885,0.0,0.0,0.074,14.3325,6.0,7,20.0,,4045.088635206098,0.0,0.0,0.0,43.80788168415615,optimal
2021-02-09 17:00:00,45,103,1.161897213731056,0.0,0.0,0.074,13.8915,6.0,7,20.0,,4066.640248058696,0.0,0.0,0.0,43.57719245718175,optimal
2021-02-09 17:30:00,45,103,1.168054790808226,0.0,0.0,0.074,13.8915,6.0,7,20.0,,4088.191767828792,0.0,0.0,0.0,43.34673391943433,optimal
2021-02-09 18:00:00,45,103,2.0,0.0,0.0,1.0866,13.4715,6.0,7,20.0,,7000.0,0.0,0.0,0.0,43.116505840224654,optimal
2021-02-09 18:30:00,45,103,2.0,0.0,0.0,0.5396,13.23,6.0,7,20.079609765818955,,7000.0,0.0,0.0,0.0,42.88650798909419,optimal
2021-02-09 19:00:00,45,103,0.2139226839465099,0.0,0.0,2.191,13.8915,6.0,7,20.158850840315644,,748.7293938127848,0.0,0.0,0.0,42.65674013581486,optimal
2021-02-09 19:30:00,45,103,0.0,0.0,0.0,0.6614,26.9325,6.0,7,20.12999135207745,,0.0,0.0,0.0,0.0,42.4272020503888,optimal
2021-02-09 20:00:00,45,103,0.0,0.0,0.0,0.367,30.303,6.0,7,20.06614910885296,,0.0,0.0,0.0,0.0,42.19789350304817,optimal
2021-02-09 20:30:00,45,103,0.0,0.0,0.0,0.3589,32.886,6.0,7,20.0,,0.0,0.0,0.0,0.0,41.96881426425488,optimal
2021-02-09 21:00:00,45,103,0.0,0.0,0.0,0.5727000000000001,34.9965,6.0,7,19.934880353310277,,0.0,0.0,0.0,0.0,41.739964104700384,optimal
2021-02-09 21:30:00,45,103,0.0,0.0,0.0,0.2275,33.327,6.0,7,19.870612885096453,,0.0,0.0,0.0,0.0,41.511342795305445,optimal
2021-02-09 22:00:00,45,103,0.0,0.0,0.0,0.7025,31.122,6.0,7,19.79601066815457,,0.0,0.0,0.0,0.0,41.282950107219904,optimal
2021-02-09 22:30:00,45,103,0.0,0.0,0.0,1.5907,17.9025,6.0,7,19.730198011214892,,0.0,0.0,0.0,0.0,41.05478581182245,optimal
2021-02-09 23:00:00,45,103,0.0,0.0,0.0,0.4481333333333333,15.6555,6.0,7,19.67785802339133,,0.0,0.0,0.0,0.0,41.01373102601063,optimal
2021-02-09 23:30:00,45,103,0.0,0.0,0.0,0.3698,14.553,6.0,7,19.618021055396827,,0.0,0.0,0.0,0.0,40.97271729498461,optimal
2021-02-10 00:00:00,45,103,2.0,0.0,0.0,0.1296,12.789,6.0,3,19.618021055396827,,6860.666666666667,0.0,139.33333333333331,0.0,40.93174457768963,optimal
2021-02-10 00:30:00,45,103,2.0,0.0,0.0,0.2619666666666666,11.907,6.0,3,19.6897493021588,,0.0,0.0,7000.0,0.0,40.89081283311194,optimal
2021-02-10 01:00:00,45,103,2.0,0.0,0.0,0.1156,11.7075,6.0,3,19.621459848201617,,0.0,0.0,7000.0,0.0,40.849922020278825,optimal
2021-02-10 01:30:00,45,103,2.0,0.0,5.0,0.0806666666666666,10.8045,6.0,3,19.55223012646014,,5534.0,0.0,1466.0,0.0,43.18407209825855,optimal
2021-02-10 02:00:00,45,103,2.0,0.0,0.0,0.2354,11.508,6.0,3,19.595361907542927,,7000.0,0.0,0.0,0.0,43.14088802616029,optimal
2021-02-10 02:30:00,45,103,2.0,0.0,0.6042625082607114,0.0957,11.508,6.0,3,19.671028208007005,,7000.0,0.0,0.0,0.0,43.38477182955796,optimal
2021-02-10 03:00:00,45,103,2.0,0.0,5.0,0.1904,11.508,6.0,3,19.744356357487103,,7000.0,0.0,0.0,0.0,45.7163870577284,optimal
2021-02-10 03:30:00,45,103,2.0,0.0,0.0,0.2352,11.844,6.0,3,19.82196608980447,,7000.0,0.0,0.0,0.0,45.670670670670674,optimal
2021-02-10 04:00:00,45,103,2.0,0.0,5.0,0.3642666666666666,11.508,6.0,3,19.899404764891223,,7000.0,0.0,0.0,0.0,48.0,optimal
2021-02-10 04:30:00,45,103,2.0,0.0,0.0,1.0345666666666666,11.508,6.0,3,19.977360103754613,,7000.0,0.0,0.0,0.0,47.79484071509138,optimal
2021-02-10 05:00:00,45,103,2.0,0.0,0.0,0.8095,10.4475,6.0,3,20.04845963184897,,7000.0,0.0,0.0,0.0,47.58988658946768,optimal
2021-02-10 05:30:00,45,103,2.0,0.0,0.0,1.6930999999999998,10.8675,6.0,3,20.130068620627853,,7000.0,0.0,0.0,0.0,47.38513741796959,optimal
2021-02-10 06:00:00,45,103,2.0,0.0,0.0,0.076,10.542,6.0,3,20.227432166205272,,7000.0,0.0,0.0,0.0,47.180592995643,optimal
2021-02-10 06:30:00,45,103,2.0,0.0,0.0,0.2124,11.025,6.0,3,20.29291932811844,,7000.0,0.0,0.0,0.0,46.97625311773874,optimal
2021-02-10 07:00:00,45,103,2.0,0.0,0.0,0.0686666666666666,11.025,6.0,3,20.36114352497964,,7000.0,0.0,0.0,0.0,46.77211757971239,optimal
2021-02-10 07:30:00,45,103,2.0,0.0,0.0,0.1641999999999999,14.553,6.0,3,20.43078089932298,,7000.0,0.0,0.0,0.0,46.56818617722406,optimal
2021-02-10 08:00:00,45,103,2.0,0.0,0.0,0.3076,13.0935,6.0,3,20.503837905277805,,7000.0,0.0,0.0,0.0,46.364458706138215,optimal
2021-02-10 08:30:00,45,103,2.0,0.0,0.0,0.065,15.6345,6.0,3,20.57669169088406,,7000.0,0.0,0.0,0.0,46.16093496252346,optimal
2021-02-10 09:00:00,45,103,0.0,0.0,0.0,1.1408666666666665,18.102,6.0,3,20.640817316602316,,0.0,0.0,0.0,0.0,45.957614742652325,optimal
2021-02-10 09:30:00,45,103,0.0,0.0,0.0,0.5722,17.199,6.0,3,20.57049419219606,,0.0,0.0,0.0,0.0,45.754497843001054,optimal
2021-02-10 10:00:00,45,103,0.0,0.0,0.0,0.1227999999999999,18.2805,6.0,3,20.48799702911956,,0.0,0.0,0.0,0.0,45.55158406024944,optimal
2021-02-10 10:30:00,45,103,0.0,0.0,0.0,0.1475999999999999,17.4615,6.0,3,20.39850079895653,,0.0,0.0,0.0,0.0,45.348873191280575,optimal
2021-02-10 11:00:00,45,103,0.0,0.0,0.0,0.067,18.3225,6.0,3,20.31061313733539,,0.0,0.0,0.0,0.0,45.14636503318068,optimal
2021-02-10 11:30:00,45,103,0.009675436235386,0.0,0.0,0.0732,17.094,6.0,3,20.222108035077287,,33.864026823851184,0.0,0.0,0.0,44.94405938323888,optimal
2021-02-10 12:00:00,45,103,2.0,0.0,0.0,0.1972,17.094,6.0,3,20.13530148477757,,7000.0,0.0,0.0,0.0,44.74195603894702,optimal
2021-02-10 12:30:00,45,103,2.0,0.0,0.0,0.1698,17.094,6.0,3,20.19859267197108,,7000.0,0.0,0.0,0.0,44.54005479799946,optimal
2021-02-10 13:00:00,45,103,0.0,0.0,0.0,0.3765,17.3565,6.0,3,20.26460553208043,,0.0,0.0,0.0,0.0,44.338355458292845,optimal
2021-02-10 13:30:00,45,103,2.0,0.0,0.0,0.7587999999999999,17.115,6.0,3,20.188103059007545,,7000.0,0.0,0.0,0.0,44.136857817925936,optimal
2021-02-10 14:00:00,45,103,2.0,0.0,0.0,0.9371333333333332,17.241,6.0,3,20.265183740012542,,7000.0,0.0,0.0,0.0,43.9355616751994,optimal
2021-02-10 14:30:00,45,103,2.0,0.0,0.0,0.2216,17.094,6.0,3,20.34688563746968,,7000.0,0.0,0.0,0.0,43.73446682861558,optimal
2021-02-10 15:00:00,45,103,2.0,0.0,0.0,0.067,16.5165,6.0,3,20.413867798682517,,7000.0,0.0,0.0,0.0,43.53357307687835,optimal
2021-02-10 15:30:00,45,103,0.0,0.0,0.0,0.1972,17.8185,6.0,3,20.474969127103492,,0.0,0.0,0.0,0.0,43.33288021889285,optimal
2021-02-10 16:00:00,45,103,2.0,0.0,0.0,0.0732,17.094,6.0,3,20.390273830049424,,7000.0,0.0,0.0,0.0,43.13238805376535,optimal
2021-02-10 16:30:00,45,103,2.0,0.0,0.0,0.067,16.8945,6.0,3,20.44979803433401,,7000.0,0.0,0.0,0.0,42.93209638080297,optimal
2021-02-10 17:00:00,45,103,0.0,0.0,0.0,0.247,18.123,6.0,3,20.508014347096225,,0.0,0.0,0.0,0.0,42.73200499951355,optimal
2021-02-10 17:30:00,45,103,0.0,0.0,0.0,0.1442333333333333,31.647,6.0,3,20.422835640388847,,0.0,0.0,0.0,0.0,42.53211370960542,optimal
2021-02-10 18:00:00,45,103,0.0,0.0,0.0,0.3692,34.9965,6.0,3,20.33928412457137,,0.0,0.0,0.0,0.0,42.3324223109872,optimal
2021-02-10 18:30:00,45,103,0.0,0.0,0.0,0.1561999999999999,34.9965,6.0,3,20.270976240833846,,0.0,0.0,0.0,0.0,42.1329306037676,optimal
2021-02-10 19:00:00,45,103,0.0,0.0,0.0,0.2115333333333333,34.9965,6.0,3,20.19916027803413,,0.0,0.0,0.0,0.0,41.93363838825521,optimal
2021-02-10 19:30:00,45,103,0.0,0.0,0.0,0.6502666666666667,34.9965,6.0,3,20.12096193022196,,0.0,0.0,0.0,0.0,41.73454546495834,optimal
2021-02-10 20:00:00,45,103,0.0,0.0,0.0,1.9265333333333328,34.9965,6.0,3,20.053992027103916,,0.0,0.0,0.0,0.0,41.53565163458477,optimal
2021-02-10 20:30:00,45,103,0.0,0.0,0.0,0.2082333333333333,27.741,6.0,3,20.0,,0.0,0.0,0.0,0.0,41.33695669804157,optimal
2021-02-10 21:00:00,45,103,0.0,0.0,0.0,1.806,19.026,6.0,3,19.93159476587896,,0.0,0.0,0.0,0.0,41.13846045643491,optimal
2021-02-10 21:30:00,45,103,0.0,0.0,0.0,0.0976333333333333,18.7215,6.0,3,19.87437978697146,,0.0,0.0,0.0,0.0,41.09732199597848,optimal
2021-02-10 22:00:00,45,103,0.0,0.0,0.0,0.169,17.4195,6.0,3,19.79129540745658,,0.0,0.0,0.0,0.0,41.0562246739825,optimal
2021-02-10 22:30:00,45,103,0.0,0.0,0.0,0.2342666666666666,16.758,6.0,3,19.703874831488115,,0.0,0.0,0.0,0.0,41.01516844930852,optimal
2021-02-10 23:00:00,45,103,0.0,0.0,0.0,0.0794,14.217,6.0,3,19.619328934222988,,0.0,0.0,0.0,0.0,40.97415328085921,optimal
2021-02-10 23:30:00,45,103,0.0,0.0,0.0,0.1876666666666666,13.3665,6.0,3,19.519064180862657,,0.0,0.0,0.0,0.0,40.93317912757836,optimal
2021-02-11 00:00:00,45,103,2.0,0.0,0.0,0.06,12.684,6.0,5,19.519064180862657,,7000.0,0.0,0.0,0.0,40.89224594845078,optimal
2021-02-11 00:30:00,45,103,2.0,0.0,0.0,0.2542666666666667,12.306,6.0,5,19.567303984032414,,0.0,0.0,7000.0,0.0,40.85135370250233,optimal
2021-02-11 01:00:00,45,103,2.0,0.0,5.0,0.1179666666666666,10.6365,6.0,5,19.472536195095863,,7000.0,0.0,0.0,0.0,43.18550234879983,optimal
2021-02-11 01:30:00,45,103,2.0,0.0,0.0,0.1871666666666666,11.2455,6.0,5,19.523135689919044,,7000.0,0.0,0.0,0.0,43.14231684645103,optimal
2021-02-11 02:00:00,45,103,2.0,0.0,0.0,0.2453333333333333,11.2455,6.0,5,19.574962319104745,,7000.0,0.0,0.0,0.0,43.09917452960458,optimal
2021-02-11 02:30:00,45,103,2.0,0.0,0.0,0.059,11.025,6.0,5,19.62777825936745,,7000.0,0.0,0.0,0.0,43.05607535507498,optimal
2021-02-11 03:00:00,45,103,2.0,0.0,0.0,0.1725666666666666,12.0855,6.0,5,19.67597852952712,,7000.0,0.0,0.0,0.0,43.01301927971991,optimal
2021-02-11 03:30:00,45,103,2.0,0.0,0.0,0.1650333333333333,11.6865,6.0,5,19.725897086716994,,7000.0,0.0,0.0,0.0,42.97000626044019,optimal
2021-02-11 04:00:00,45,103,2.0,0.0,0.0,0.0737999999999999,11.2245,6.0,5,19.776564770208378,,7000.0,0.0,0.0,0.0,42.92703625417975,optimal
2021-02-11 04:30:00,45,103,2.0,0.0,0.0,0.2739666666666666,11.025,6.0,5,19.82621626231921,,7000.0,0.0,0.0,0.0,42.88410921792557,optimal
2021-02-11 05:00:00,45,103,2.0,0.0,1.235736675536654,0.0887,10.7835,6.0,5,19.879856091322942,,7000.0,0.0,0.0,0.0,43.42820002958756,optimal
2021-02-11 05:30:00,45,103,2.0,0.0,0.0,0.2639666666666666,11.025,6.0,5,19.929163180879893,,7000.0,0.0,0.0,0.0,43.38477182955796,optimal
2021-02-11 06:00:00,45,103,2.0,0.0,5.0,0.1763,10.584,6.0,5,19.98317543735965,,7000.0,0.0,0.0,0.0,45.7163870577284,optimal
2021-02-11 06:30:00,45,103,2.0,0.0,0.0,0.2254666666666666,11.025,6.0,5,20.03631561061121,,7000.0,0.0,0.0,0.0,45.670670670670674,optimal
2021-02-11 07:00:00,45,103,2.0,0.0,5.0,1.5308333333333333,10.4265,6.0,5,20.09138385283689,,7000.0,0.0,0.0,0.0,48.0,optimal
2021-02-11 07:30:00,45,103,2.0,0.0,0.0,1.7033666666666665,12.789,6.0,5,20.15743649445037,,7000.0,0.0,0.0,0.0,47.69078876473834,optimal
2021-02-11 08:00:00,45,103,2.0,0.0,0.0,0.2192666666666667,12.684,6.0,5,20.221416942586995,,7000.0,0.0,0.0,0.0,47.38188674071195,optimal
2021-02-11 08:30:00,45,103,2.0,0.0,0.0,0.2218666666666666,16.254,6.0,5,20.2698263409991,,7000.0,0.0,0.0,0.0,47.07329361870959,optimal
2021-02-11 09:00:00,45,103,2.0,0.0,0.0,0.0876,17.64,6.0,5,20.317383333163622,,7000.0,0.0,0.0,0.0,46.76500908982922,optimal
2021-02-11 09:30:00,45,103,0.2890345522658296,0.0,0.0,0.197,19.1625,6.0,5,20.36142820932081,,1011.6209329304036,0.0,0.0,0.0,46.45703284547773,optimal
2021-02-11 10:00:00,45,103,0.0,0.0,0.0,0.0663333333333333,26.46,6.0,5,20.289003887602213,,0.0,0.0,0.0,0.0,46.1493645773706,optimal
2021-02-11 10:30:00,45,103,0.0,0.0,0.0,0.3322333333333332,20.79,6.0,5,20.20019367153268,,0.0,0.0,0.0,0.0,45.842003977531576,optimal
2021-02-11 11:00:00,45,103,0.0,0.0,0.0,0.1100333333333333,29.106,6.0,5,20.114689720209423,,0.0,0.0,0.0,0.0,45.53495073829239,optimal
2021-02-11 11:30:00,45,103,2.0,0.0,0.0,0.0853666666666666,19.1835,6.0,5,20.02230056717571,,7000.0,0.0,0.0,0.0,45.22820455229244,optimal
2021-02-11 12:00:00,45,103,0.0,0.0,0.0,0.3507,19.6665,6.0,5,20.0805666777974,,0.0,0.0,0.0,0.0,44.92176511247849,optimal
2021-02-11 12:30:00,45,103,1.126297118967041,0.0,0.0,0.0732,19.404,6.0,5,20.0,,3942.0399163846423,0.0,0.0,0.0,44.61563211210436,optimal
2021-02-11 13:00:00,45,103,0.8887109740703776,0.0,0.0,0.5483,19.047,6.0,5,20.0,,3110.4884092463217,0.0,0.0,0.0,44.3098052447306,optimal
2021-02-11 13:30:00,45,103,1.8013575992999429,0.0,0.0,0.4160666666666666,18.858,6.0,5,20.0,,6304.751597549799,0.0,0.0,0.0,44.00428420422421,optimal
2021-02-11 14:00:00,45,103,0.0,0.0,0.0,0.5231,19.2675,6.0,5,20.06463278006873,,0.0,0.0,0.0,0.0,43.69906868475833,optimal
2021-02-11 14:30:00,45,103,0.9031473373983648,0.0,0.0,0.4689333333333332,18.963,6.0,5,20.0,,3161.015680894277,0.0,0.0,0.0,43.39415838081192,optimal
2021-02-11 15:00:00,45,103,1.922730003278178,0.0,0.0,0.209,18.438,6.0,5,20.0,,6729.555011473623,0.0,0.0,0.0,43.08955298716945,optimal
2021-02-11 15:30:00,45,103,0.0,0.0,0.0,2.2719333333333336,18.7425,6.0,5,20.070777974417155,,0.0,0.0,0.0,0.0,42.785252198920624,optimal
2021-02-11 16:00:00,45,103,2.0,0.0,0.0,0.5552,15.2145,6.0,5,20.0,,5222.0,0.0,1778.0,0.0,42.48125571146005,optimal
2021-02-11 16:30:00,45,103,1.9591634745064723,0.0,0.0,2.6605333333333334,17.7765,6.0,5,20.04094168659002,,6857.072160772654,0.0,0.0,0.0,42.17756322048694,optimal
2021-02-11 17:00:00,45,103,2.0,0.0,0.0,3.3483,16.758,6.0,5,20.12157935359346,,7000.0,0.0,0.0,0.0,41.8741744220048,optimal
2021-02-11 17:30:00,45,103,2.0,0.0,0.0,0.7391333333333333,16.422,6.0,5,20.22529813480392,,7000.0,0.0,0.0,0.0,41.57108901232114,optimal
2021-02-11 18:00:00,45,103,2.0,0.0,0.0,0.5898333333333333,16.758,6.0,5,20.3059410068263,,7000.0,0.0,0.0,0.0,41.26830668804716,optimal
2021-02-11 18:30:00,45,103,0.0,0.0,0.0,0.4384666666666665,29.358,6.0,5,20.3853686042304,,0.0,0.0,0.0,0.0,40.96582714609746,optimal
2021-02-11 19:00:00,45,103,0.0,0.0,0.0,1.3044333333333331,34.9965,6.0,5,20.30074884870372,,0.0,0.0,0.0,0.0,40.66365008368971,optimal
2021-02-11 19:30:00,45,103,0.0,0.0,0.0,1.9935333333333332,34.65,6.0,5,20.202384417279003,,0.0,0.0,0.0,0.0,40.36177519834437,optimal
2021-02-11 20:00:00,45,103,0.0,0.0,0.0,0.3283666666666667,34.9965,6.0,5,20.107412614229457,,0.0,0.0,0.0,0.0,40.06020218788437,optimal
2021-02-11 20:30:00,45,103,0.0,0.0,0.0,2.619833333333333,34.9965,6.0,5,20.0,,0.0,0.0,0.0,0.0,39.75893075043484,optimal
2021-02-11 21:00:00,45,103,0.0,0.0,0.0,0.4881,30.4815,6.0,5,19.901557678228947,,0.0,0.0,0.0,0.0,39.45796058442274,optimal
2021-02-11 21:30:00,45,103,0.0,0.0,0.0,2.4217,21.4305,6.0,5,19.801893043538563,,0.0,0.0,0.0,0.0,39.15729138857667,optimal
2021-02-11 22:00:00,45,103,0.0796190476190476,0.0,0.0,0.364,14.3325,6.0,5,19.712117390054345,,0.0,0.0,278.66666666666663,0.0,38.85692286192644,optimal
2021-02-11 22:30:00,45,103,0.1791428571428571,0.0,0.0,0.3363333333333333,13.692,6.0,5,19.62034289517176,,0.0,0.0,627.0,0.0,38.556854703802856,optimal
2021-02-11 23:00:00,45,103,0.0,0.0,0.0,1.7111666666666667,14.007,6.0,5,19.526887237812893,,0.0,0.0,0.0,0.0,38.51829784909905,optimal
2021-02-11 23:30:00,45,103,0.0,0.0,0.0,0.9678,12.873,6.0,5,19.435995351634627,,0.0,0.0,0.0,0.0,38.47977955124995,optimal
2021-02-12 00:00:00,45,103,2.0,0.0,0.0,0.055,12.789,6.0,8,19.435995351634627,,7000.0,0.0,0.0,0.0,38.441299771698695,optimal
2021-02-12 00:30:00,45,103,2.0,0.0,0.0,0.0829,12.1275,6.0,8,19.47153026458349,,4074.0,0.0,2926.0,0.0,38.402858471927,optimal
2021-02-12 01:00:00,45,103,0.0368138616280289,0.0,0.0,0.1424,13.671,6.0,8,19.44744498500546,,128.84851569810135,0.0,0.0,0.0,38.36445561345507,optimal
2021-02-12 01:30:00,45,103,2.0,0.0,0.0,0.1449,10.668,6.0,8,19.338622115218843,,7000.0,0.0,0.0,0.0,38.32609115784162,optimal
2021-02-12 02:00:00,45,103,2.0,0.0,0.0,0.1528333333333333,11.7285,6.0,8,19.375439775438373,,7000.0,0.0,0.0,0.0,38.287765066683775,optimal
2021-02-12 02:30:00,45,103,2.0,0.0,0.0,0.056,11.025,6.0,8,19.41271107379405,,7000.0,0.0,0.0,0.0,38.24947730161709,optimal
2021-02-12 03:00:00,45,103,2.0,0.0,0.0,0.1831333333333333,10.689,6.0,8,19.44913590777552,,7000.0,0.0,0.0,0.0,38.21122782431547,optimal
2021-02-12 03:30:00,45,103,2.0,0.0,5.0,0.1146,8.1585,6.0,8,19.489432707192204,,7000.0,0.0,0.0,0.0,40.54801659649116,optimal
2021-02-12 04:00:00,45,103,2.0,0.0,5.0,0.1946666666666666,10.3635,6.0,8,19.531279716157357,,7000.0,0.0,0.0,0.0,42.88246857989467,optimal
2021-02-12 04:30:00,45,103,2.0,0.0,0.0,0.2390666666666666,10.8045,6.0,8,19.580043369295456,,7000.0,0.0,0.0,0.0,42.83958611131477,optimal
2021-02-12 05:00:00,45,103,2.0,0.0,0.0,0.08,11.025,6.0,8,19.63273119728733,,7000.0,0.0,0.0,0.0,42.79674652520346,optimal
2021-02-12 05:30:00,45,103,2.0,0.0,5.0,0.1184,10.3635,6.0,8,19.68272679622842,,7000.0,0.0,0.0,0.0,45.128949778678255,optimal
2021-02-12 06:00:00,45,103,2.0,0.0,0.0,0.1454,10.8045,6.0,8,19.73693326289614,,7000.0,0.0,0.0,0.0,45.083820828899576,optimal
2021-02-12 06:30:00,45,103,2.0,0.0,5.0,0.2822,10.059,6.0,8,19.79509151927028,,7000.0,0.0,0.0,0.0,47.41373700807068,optimal
2021-02-12 07:00:00,45,103,2.0,0.0,1.334056271447148,0.2453333333333333,10.584,6.0,8,19.859562460314574,,7000.0,0.0,0.0,0.0,48.0,optimal
2021-02-12 07:30:00,45,103,2.0,0.0,0.0,1.2695,9.4185,6.0,8,19.92830783511553,,7000.0,0.0,0.0,0.0,47.86524953515371,optimal
2021-02-12 08:00:00,45,103,2.0,0.0,0.0,1.042166666666667,10.3635,6.0,8,20.0,,7000.0,0.0,0.0,0.0,47.73063382077226,optimal
2021-02-12 08:30:00,45,103,2.0,0.0,0.0,0.2450333333333333,9.8385,6.0,8,20.058601594946623,,7000.0,0.0,0.0,0.0,47.5961527221052,optimal
2021-02-12 09:00:00,45,103,2.0,0.0,0.0,0.0944,11.067,6.0,8,20.105407680032474,,7000.0,0.0,0.0,0.0,47.461806104536805,optimal
2021-02-12 09:30:00,45,103,2.0,0.0,0.0,0.128,10.8465,6.0,8,20.144674412991296,,7000.0,0.0,0.0,0.0,47.32759383358598,optimal
2021-02-12 10:00:00,45,103,2.0,0.0,0.0,0.0704,13.671,6.0,8,20.194451001102063,,7000.0,0.0,0.0,0.0,47.1935157749061,optimal
2021-02-12 10:30:00,45,103,2.0,0.0,0.0,0.128,12.348,6.0,8,20.252769969442497,,7000.0,0.0,0.0,0.0,47.059571794284906,optimal
2021-02-12 11:00:00,45,103,0.0,0.0,0.0,0.1051666666666666,14.3325,6.0,8,20.31385153973242,,0.0,0.0,0.0,0.0,46.92576175764433,optimal
2021-02-12 11:30:00,45,103,0.0,0.0,0.0,0.1397666666666666,15.393,6.0,8,20.228637171600937,,0.0,0.0,0.0,0.0,46.7920855310404,optimal
2021-02-12 12:00:00,45,103,2.0,0.0,0.0,0.1480333333333333,13.587,6.0,8,20.14476457227797,,7000.0,0.0,0.0,0.0,46.65854298066307,optimal
2021-02-12 12:30:00,45,103,0.0,0.0,0.0,0.1305,16.1385,6.0,8,20.209026182518567,,0.0,0.0,0.0,0.0,46.52513397283612,optimal
2021-02-12 13:00:00,45,103,0.0,0.0,0.0,0.056,14.595,6.0,8,20.1255011538744,,0.0,0.0,0.0,0.0,46.39185837401699,optimal
2021-02-12 13:30:00,45,103,0.5910203524003278,0.0,0.0,0.056,14.637,6.0,8,20.0410136305072,,2068.5712334011478,0.0,0.0,0.0,46.258716050796686,optimal
2021-02-12 14:00:00,45,103,1.1229438959922342,0.0,0.0,0.1553333333333333,13.9125,6.0,8,20.0,,3930.30363597282,0.0,0.0,0.0,46.1257068698996,optimal
2021-02-12 14:30:00,45,103,1.4488579576946483,0.0,0.0,0.056,13.3665,6.0,8,20.0,,5071.002851931269,0.0,0.0,0.0,45.99283069818341,optimal
2021-02-12 15:00:00,45,103,2.0,0.0,0.0,0.1530333333333333,13.0095,6.0,8,20.021467508228003,,7000.0,0.0,0.0,0.0,45.86008740263894,optimal
2021-02-12 15:30:00,45,103,0.0,0.0,0.0,0.1485666666666666,13.8915,6.0,8,20.08497658952589,,0.0,0.0,0.0,0.0,45.72747685039001,optimal
2021-02-12 16:00:00,45,103,1.1537794396033294,0.0,0.0,0.1551666666666666,13.188,6.0,8,20.0,,4038.2280386116527,0.0,0.0,0.0,45.59499890869333,optimal
2021-02-12 16:30:00,45,103,1.1991664565490872,0.0,0.0,0.0609666666666666,12.5685,6.0,8,20.0,,4197.082597921805,0.0,0.0,0.0,45.462653444938354,optimal
2021-02-12 17:00:00,45,103,1.19351540399391,0.0,0.0,0.1454,12.285,6.0,8,20.0,,4177.303913978685,0.0,0.0,0.0,45.33044032664713,optimal
2021-02-12 17:30:00,45,103,2.0,0.0,0.0,0.2923333333333333,11.487,6.0,8,20.0,,3886.922100415446,0.0,3113.077899584554,0.0,45.198359421474194,optimal
2021-02-12 18:00:00,45,103,1.059125807682214,0.0,0.0,0.2348666666666666,11.802,6.0,8,20.0,,3706.940326887749,0.0,0.0,0.0,45.06641059720643,optimal
2021-02-12 18:30:00,45,103,2.0,0.0,0.0,0.2974,11.2245,6.0,8,20.0,,6699.411232917887,0.0,300.5887670821127,0.0,44.93459372176293,optimal
2021-02-12 19:00:00,45,103,2.0,0.0,0.0,0.2208,11.025,6.0,8,20.068881743938626,,7000.0,0.0,0.0,0.0,44.80290866319488,optimal
2021-02-12 19:30:00,45,103,0.1452562037918839,0.0,0.0,0.2205333333333333,11.907,6.0,8,20.1414796134355,,508.39671327159374,0.0,0.0,0.0,44.671355289685394,optimal
2021-02-12 20:00:00,45,103,0.0,0.0,0.0,0.236,25.83,6.0,8,20.075287918360853,,0.0,0.0,0.0,0.0,44.53993346954942,optimal
2021-02-12 20:30:00,45,103,0.0,0.0,0.0,0.3596666666666667,28.035,6.0,8,20.0,,0.0,0.0,0.0,0.0,44.40864307123358,optimal
2021-02-12 21:00:00,45,103,0.0,0.0,0.0,0.5153666666666666,28.119,6.0,8,19.92609856838348,,0.0,0.0,0.0,0.0,44.27748396331605,optimal
2021-02-12 21:30:00,45,103,0.0,0.0,0.0,0.3560333333333333,30.156,6.0,8,19.86008120779358,,0.0,0.0,0.0,0.0,44.14645601450645,optimal
2021-02-12 22:00:00,45,103,0.0,0.0,0.0,1.2882333333333331,29.1585,6.0,8,19.79436915188605,,0.0,0.0,0.0,0.0,44.01555909364565,optimal
2021-02-12 22:30:00,45,103,0.0,0.0,0.0,0.3598,26.712,6.0,8,19.73121509325863,,0.0,0.0,0.0,0.0,43.88479306970572,optimal
2021-02-12 23:00:00,45,103,0.0,0.0,0.0,0.5667666666666666,15.435,6.0,8,19.663671266635944,,0.0,0.0,0.0,0.0,43.84090827663601,optimal
2021-02-12 23:30:00,45,103,0.0,0.0,0.0,0.2201333333333333,13.566,6.0,8,19.601355169603533,,0.0,0.0,0.0,0.0,43.79706736835937,optimal
2021-02-13 00:00:00,45,103,2.0,0.0,0.0,0.056,9.4815,6.0,-4,19.601355169603533,,7000.0,0.0,0.0,0.0,43.75327030099101,optimal
2021-02-13 00:30:00,45,103,2.0,0.0,0.0,0.056,8.379,6.0,-4,19.664600055285305,,0.0,0.0,7000.0,0.0,43.70951703069002,optimal
2021-02-13 01:00:00,45,103,2.0,0.0,0.0,0.056,9.5235,6.0,-4,19.580431998456064,,2574.666666666667,0.0,4425.333333333333,0.0,43.66580751365933,optimal
2021-02-13 01:30:00,45,103,2.0,0.0,0.3097761299986096,0.056,8.1375,6.0,-4,19.5510704028493,,7000.0,0.0,0.0,0.0,43.769285367895,optimal
2021-02-13 02:00:00,45,103,2.0,0.0,0.0,0.056,10.0905,6.0,-4,19.61522391698766,,7000.0,0.0,0.0,0.0,43.7255160825271,optimal
2021-02-13 02:30:00,45,103,2.0,0.0,5.0,0.056,7.539,6.0,-4,19.679313221121856,,7000.0,0.0,0.0,0.0,46.056790566444576,optimal
2021-02-13 03:00:00,45,103,2.0,0.0,5.0,0.056,7.938,6.0,-4,19.743111772412277,,7000.0,0.0,0.0,0.0,48.38573377587813,optimal
2021-02-13 03:30:00,45,103,2.0,0.0,0.0,0.056,8.274,6.0,-4,19.80662088991234,,7000.0,0.0,0.0,0.0,48.33734804210225,optimal
2021-02-13 04:00:00,45,103,2.0,0.0,0.0,0.056,9.261,6.0,-4,19.86961505255132,,7000.0,0.0,0.0,0.0,48.28901069406015,optimal
2021-02-13 04:30:00,45,103,2.0,0.0,0.0,0.056,9.9225,6.0,-4,19.93209659651607,,7000.0,0.0,0.0,0.0,48.24072168336608,optimal
2021-02-13 05:00:00,45,103,2.0,0.0,0.0,0.056,9.702,6.0,-4,19.993841013254883,,7000.0,0.0,0.0,0.0,48.19248096168271,optimal
2021-02-13 05:30:00,45,103,2.0,0.0,0.0,0.056,10.584,6.0,-4,20.05485164688016,,7000.0,0.0,0.0,0.0,48.144288480721016,optimal
2021-02-13 06:00:00,45,103,2.0,0.0,0.0,0.5431333333333334,10.143,6.0,-4,20.115131826333133,,7000.0,0.0,0.0,0.0,48.096144192240295,optimal
2021-02-13 06:30:00,45,103,0.0,0.0,0.0,0.8988666666666667,13.0095,6.0,-4,20.188244134803,,0.0,0.0,0.0,0.0,48.048048048048045,optimal
2021-02-13 07:00:00,45,103,2.0,0.0,0.0,1.2124333333333337,11.025,6.0,-4,20.121827339504232,,7000.0,0.0,0.0,0.0,48.0,optimal
2021-02-13 07:30:00,45,103,2.0,0.0,0.0,0.3848333333333333,12.789,6.0,-4,20.18898860286239,,7000.0,0.0,0.0,0.0,47.60847491400829,optimal
2021-02-13 08:00:00,45,103,2.0,0.0,0.0,0.2201333333333333,12.1275,6.0,-4,20.260411029414183,,7000.0,0.0,0.0,0.0,47.217341353102576,optimal
2021-02-13 08:30:00,45,103,2.0,0.0,0.0,1.4758,12.1695,6.0,-4,20.329490509610185,,7000.0,0.0,0.0,0.0,46.82659892575776,optimal
2021-02-13 09:00:00,45,103,2.0,0.0,0.0,0.0917333333333333,12.306,6.0,-4,20.40115311514295,,7000.0,0.0,0.0,0.0,46.4362472408403,optimal
2021-02-13 09:30:00,45,103,1.5510386502538744,0.0,0.0,0.064,13.23,6.0,-4,20.46103327625284,,5428.6352758885605,0.0,0.0,0.0,46.04628590760775,optimal
2021-02-13 10:00:00,45,103,0.0,0.0,0.0,1.2153,13.671,6.0,-4,20.48688634407388,,0.0,0.0,0.0,0.0,45.65671453570844,optimal
2021-02-13 10:30:00,45,103,0.0,0.0,0.0,0.3496,13.9335,6.0,-4,20.399311293832195,,0.0,0.0,0.0,0.0,45.26753273518102,optimal
2021-02-13 11:00:00,45,103,2.0,0.0,0.0,0.066,13.293,6.0,-4,20.31425512516168,,7000.0,0.0,0.0,0.0,44.87874011645413,optimal
2021-02-13 11:30:00,45,103,2.0,0.0,0.0,0.066,12.1065,6.0,-4,20.36810021482738,,7000.0,0.0,0.0,0.0,44.49033629034597,optimal
2021-02-13 12:00:00,45,103,2.0,0.0,0.0,0.066,11.571,6.0,-4,20.42192786054093,,7000.0,0.0,0.0,0.0,44.10232086806392,optimal
2021-02-13 12:30:00,45,103,2.0,0.0,0.0,0.066,11.025,6.0,-4,20.47573814236703,,7000.0,0.0,0.0,0.0,43.71469346120415,optimal
2021-02-13 13:00:00,45,103,2.0,0.0,0.0,0.066,10.8465,6.0,-4,20.52975797229315,,7000.0,0.0,0.0,0.0,43.32745368175124,optimal
2021-02-13 13:30:00,45,103,2.0,0.0,0.0,0.066,11.2455,6.0,-4,20.5839864000874,,7000.0,0.0,0.0,0.0,42.94060114207778,optimal
2021-02-13 14:00:00,45,103,0.0,0.0,0.0,0.066,23.8665,6.0,-4,20.63842247898604,,0.0,0.0,0.0,0.0,42.554135454944,optimal
2021-02-13 14:30:00,45,103,0.0,0.0,0.0,0.066,27.4575,6.0,-4,20.54571241056933,,0.0,0.0,0.0,0.0,42.16805623349735,optimal
2021-02-13 15:00:00,45,103,0.0,0.0,0.0,0.066,27.3735,6.0,-4,20.45387660660553,,0.0,0.0,0.0,0.0,41.78236309127214,optimal
2021-02-13 15:30:00,45,103,0.0,0.0,0.0,0.066,30.4605,6.0,-4,20.36291109940144,,0.0,0.0,0.0,0.0,41.39705564218916,optimal
2021-02-13 16:00:00,45,103,0.0,0.0,0.0,0.066,30.0195,6.0,-4,20.27190460556926,,0.0,0.0,0.0,0.0,41.01213350055527,optimal
2021-02-13 16:30:00,45,103,0.0,0.0,0.0,0.066,26.9325,6.0,-4,20.180857309451085,,0.0,0.0,0.0,0.0,40.627596281063,optimal
2021-02-13 17:00:00,45,103,0.0,0.0,0.0,0.066,14.595,6.0,-4,20.09022306603526,,0.0,0.0,0.0,0.0,40.24344359879023,optimal
2021-02-13 17:30:00,45,103,1.0981967940265245,0.0,0.0,0.3334666666666666,12.4845,6.0,-4,20.0,,3843.688779092836,0.0,0.0,0.0,39.85967506919973,optimal
2021-02-13 18:00:00,45,103,1.4898217350203875,0.0,0.0,0.1573333333333333,12.1275,6.0,-4,20.0,,5214.376072571356,0.0,0.0,0.0,39.47629030813882,optimal
2021-02-13 18:30:00,45,103,2.0,0.0,0.0,0.066,12.1275,6.0,-4,20.022334533466758,,7000.0,0.0,0.0,0.0,39.09328893183898,optimal
2021-02-13 19:00:00,45,103,0.0,0.0,0.0,0.4347666666666666,12.789,6.0,-4,20.07863813954539,,0.0,0.0,0.0,0.0,38.71067055691543,optimal
2021-02-13 19:30:00,45,103,1.0666314380270343,0.0,0.0,0.4448,11.907,6.0,-4,20.0,,3593.876699761287,0.0,139.33333333333331,0.0,38.32843480036681,optimal
2021-02-13 20:00:00,45,103,1.0136842531994068,0.0,0.0,0.5641333333333334,11.025,6.0,-4,20.0,,3269.228219531257,0.0,278.66666666666663,0.0,38.29010636556644,optimal
2021-02-13 20:30:00,45,103,0.0398095238095238,0.0,0.0,0.4740333333333333,8.2005,6.0,-4,20.0,,0.0,0.0,139.33333333333331,0.0,38.25181625920087,optimal
2021-02-13 21:00:00,45,103,0.0,0.0,0.0,0.4258666666666666,9.5655,6.0,-4,19.931017219575885,,0.0,0.0,0.0,0.0,38.21356444294168,optimal
2021-02-13 21:30:00,45,103,0.2388571428571428,0.0,0.0,0.4729333333333332,7.056,6.0,-4,19.860306204268014,,0.0,0.0,836.0,0.0,38.17535087849873,optimal
2021-02-13 22:00:00,45,103,0.0,0.0,0.0,0.3339333333333333,9.3975,6.0,-4,19.790560635150385,,0.0,0.0,0.0,0.0,38.13717552762024,optimal
2021-02-13 22:30:00,45,103,0.0,0.0,0.0,0.4717333333333333,10.059,6.0,-4,19.715520652779176,,0.0,0.0,0.0,0.0,38.09903835209261,optimal
2021-02-13 23:00:00,45,103,0.0,0.0,0.0,0.352,9.261,6.0,-4,19.64050202990287,,0.0,0.0,0.0,0.0,38.06093931374052,optimal
2021-02-13 23:30:00,45,103,0.0,0.0,0.0,0.2405333333333333,8.1585,6.0,-4,19.56686312260418,,0.0,0.0,0.0,0.0,38.02287837442678,optimal
2021-02-07 00:00:00,46,103,0.0,0.0,0.0,0.059,12.5685,6.0,6,21.0,,0.0,0.0,0.0,0.0,47.952,optimal
2021-02-07 00:30:00,46,103,0.0,0.0,0.0,0.059,13.146,6.0,6,20.92281279327928,,0.0,0.0,0.0,0.0,47.904048,optimal
2021-02-07 01:00:00,46,103,0.0,0.0,0.0,0.059,10.584,6.0,6,20.84552209215165,,0.0,0.0,0.0,0.0,47.856143952,optimal
2021-02-07 01:30:00,46,103,1.8863284818689203,0.0,0.0,0.2434666666666666,6.678,6.0,6,20.768128366138416,,6602.149686541221,0.0,0.0,0.0,47.80828780804799,optimal
2021-02-07 02:00:00,46,103,0.0,0.0,0.0,0.061,7.938,6.0,6,20.83358663940248,,0.0,0.0,0.0,0.0,47.76047952023995,optimal
2021-02-07 02:30:00,46,103,2.0,0.0,0.0,0.1379666666666666,5.292,6.0,6,20.755793392472373,,7000.0,0.0,0.0,0.0,47.712719040719705,optimal
2021-02-07 03:00:00,46,103,0.0,0.0,0.0,0.1581666666666666,9.261,6.0,6,20.826914535750188,,0.0,0.0,0.0,0.0,47.66500632167899,optimal
2021-02-07 03:30:00,46,103,0.0,0.0,0.0,0.1088,10.3635,6.0,6,20.75033172025225,,0.0,0.0,0.0,0.0,47.61734131535731,optimal
2021-02-07 04:00:00,46,103,0.0,0.0,0.0,0.059,8.274,6.0,6,20.67283031409066,,0.0,0.0,0.0,0.0,47.56972397404195,optimal
2021-02-07 04:30:00,46,103,0.0,0.0,0.0,0.1581666666666666,7.7175,6.0,6,20.594405362776488,,0.0,0.0,0.0,0.0,47.52215425006791,optimal
2021-02-07 05:00:00,46,103,2.0,0.0,0.0,0.0881666666666666,6.615,6.0,6,20.51842369936453,,7000.0,0.0,0.0,0.0,47.47463209581784,optimal
2021-02-07 05:30:00,46,103,2.0,0.0,0.0,0.0918666666666666,6.174,6.0,6,20.58866606677742,,7000.0,0.0,0.0,0.0,47.42715746372202,optimal
2021-02-07 06:00:00,46,103,2.0,0.0,1.305830934193062,0.2526,3.906,6.0,6,20.65953072007927,,7000.0,0.0,0.0,0.0,48.0,optimal
2021-02-07 06:30:00,46,103,2.0,0.0,0.0,1.1843666666666666,2.3415,6.0,6,20.73885330634436,,7000.0,0.0,0.0,0.0,47.79060928567412,optimal
2021-02-07 07:00:00,46,103,2.0,0.0,0.0,0.1806666666666666,2.205,6.0,6,20.82419102595378,,7000.0,0.0,0.0,0.0,47.58142796206256,optimal
2021-02-07 07:30:00,46,103,2.0,0.0,0.0,0.2736333333333333,0.882,6.0,6,20.90420185562193,,7000.0,0.0,0.0,0.0,47.37245581977461,optimal
2021-02-07 08:00:00,46,103,2.0,0.0,0.0,0.2831666666666667,1.5435,6.0,6,20.98375089205096,,7000.0,0.0,0.0,0.0,47.16369264962895,optimal
2021-02-07 08:30:00,46,103,2.0,0.0,0.0,0.2178,1.5435,6.0,6,21.061862789647662,,7000.0,0.0,0.0,0.0,46.95513824265344,optimal
2021-02-07 09:00:00,46,103,2.0,0.0,0.0,0.1873333333333333,5.0715,6.0,6,21.133070643376293,,7000.0,0.0,0.0,0.0,46.746792390084906,optimal
2021-02-07 09:30:00,46,103,2.0,0.0,0.0,0.0756,5.376,6.0,6,21.19503900782901,,7000.0,0.0,0.0,0.0,46.538654883368935,optimal
2021-02-07 10:00:00,46,103,2.0,0.0,0.0,0.1213666666666666,5.0715,6.0,6,21.254601043375988,,7000.0,0.0,0.0,0.0,46.33072551415968,optimal
2021-02-07 10:30:00,46,103,2.0,0.0,0.0,0.1581666666666666,5.5125,6.0,6,21.3150831067988,,7000.0,0.0,0.0,0.0,46.12300407431964,optimal
2021-02-07 11:00:00,46,103,0.0,0.0,0.0,0.059,9.261,6.0,6,21.37561176901204,,0.0,0.0,0.0,0.0,45.91549035591944,optimal
2021-02-07 11:30:00,46,103,0.0,0.0,0.0,0.2039333333333333,11.7075,6.0,6,21.28597181123854,,0.0,0.0,0.0,0.0,45.70818415123764,optimal
2021-02-07 12:00:00,46,103,0.0,0.0,0.0,0.0922,12.348,6.0,6,21.19978942729157,,0.0,0.0,0.0,0.0,45.50108525276052,optimal
2021-02-07 12:30:00,46,103,0.0,0.0,0.0,0.1756666666666666,12.348,6.0,6,21.111645993988425,,0.0,0.0,0.0,0.0,45.29419345318188,optimal
2021-02-07 13:00:00,46,103,0.0,0.0,0.0,0.1204666666666666,12.1275,6.0,6,21.025659446854974,,0.0,0.0,0.0,0.0,45.08750854540281,optimal
2021-02-07 13:30:00,46,103,0.0,0.0,0.0,0.059,12.5265,6.0,6,20.938901010225702,,0.0,0.0,0.0,0.0,44.88103032253153,optimal
2021-02-07 14:00:00,46,103,0.0,0.0,0.0,0.2371333333333333,11.7495,6.0,6,20.851469104843723,,0.0,0.0,0.0,0.0,44.67475857788312,optimal
2021-02-07 14:30:00,46,103,0.0,0.0,0.0,1.502733333333333,13.23,6.0,6,20.76841046400818,,0.0,0.0,0.0,0.0,44.46869310497935,optimal
2021-02-07 15:00:00,46,103,0.0,0.0,0.0,0.3867,14.3325,6.0,6,20.697138567336783,,0.0,0.0,0.0,0.0,44.26283369754849,optimal
2021-02-07 15:30:00,46,103,0.0,0.0,0.0,0.2601,14.994,6.0,6,20.626714636548847,,0.0,0.0,0.0,0.0,44.05718014952505,optimal
2021-02-07 16:00:00,46,103,0.0,0.0,0.0,0.287,14.8155,6.0,6,20.55272091054595,,0.0,0.0,0.0,0.0,43.85173225504965,optimal
2021-02-07 16:30:00,46,103,0.0,0.0,0.0,0.4688,14.112,6.0,6,20.4835726955767,,0.0,0.0,0.0,0.0,43.64648980846872,optimal
2021-02-07 17:00:00,46,103,0.0,0.0,0.0,0.7129,14.007,6.0,6,20.42504886528601,,0.0,0.0,0.0,0.0,43.441452604334366,optimal
2021-02-07 17:30:00,46,103,0.0,0.0,0.0,2.010933333333333,13.23,6.0,6,20.3627508748704,,0.0,0.0,0.0,0.0,43.23662043740415,optimal
2021-02-07 18:00:00,46,103,0.0,0.0,0.0,0.5112666666666666,11.382,6.0,6,20.303855283273585,,0.0,0.0,0.0,0.0,43.03199310264086,optimal
2021-02-07 18:30:00,46,103,0.0,0.0,0.0,0.2032666666666666,11.7495,6.0,6,20.241644345022728,,0.0,0.0,0.0,0.0,42.82757039521234,optimal
2021-02-07 19:00:00,46,103,0.0,0.0,0.0,0.3564666666666666,24.3285,6.0,6,20.175430668131668,,0.0,0.0,0.0,0.0,42.62335211049125,optimal
2021-02-07 19:30:00,46,103,0.0,0.0,0.0,0.3182,28.917,6.0,6,20.120575352327972,,0.0,0.0,0.0,0.0,42.41933804405488,optimal
2021-02-07 20:00:00,46,103,0.0,0.0,0.0,0.4972666666666666,31.3635,6.0,6,20.057809759625087,,0.0,0.0,0.0,0.0,42.21552799168494,optimal
2021-02-07 20:30:00,46,103,0.0,0.0,0.0,0.2710666666666667,33.306,6.0,6,20.0,,0.0,0.0,0.0,0.0,42.01192174936737,optimal
2021-02-07 21:00:00,46,103,0.0,0.0,0.0,0.4558,31.3425,6.0,6,19.93371129108248,,0.0,0.0,0.0,0.0,41.808519113292114,optimal
2021-02-07 21:30:00,46,103,0.0,0.0,0.0,0.434,28.2555,6.0,6,19.87564560199788,,0.0,0.0,0.0,0.0,41.60531987985294,optimal
2021-02-07 22:00:00,46,103,0.0,0.0,0.0,0.465,15.6975,6.0,6,19.81764756973364,,0.0,0.0,0.0,0.0,41.4023238456472,optimal
2021-02-07 22:30:00,46,103,0.0,0.0,0.0,0.6147999999999999,12.5475,6.0,6,19.76463145589545,,0.0,0.0,0.0,0.0,41.36092152180156,optimal
2021-02-07 23:00:00,46,103,0.0,0.0,0.0,0.2833333333333333,12.0855,6.0,6,19.71591086957344,,0.0,0.0,0.0,0.0,41.31956060027976,optimal
2021-02-07 23:30:00,46,103,0.0,0.0,0.0,0.1923333333333332,11.907,6.0,6,19.66088989675807,,0.0,0.0,0.0,0.0,41.27824103967948,optimal
2021-02-08 00:00:00,46,103,2.0,0.0,5.0,0.1130999999999999,7.938,6.0,-10,19.66088989675807,,7000.0,0.0,0.0,0.0,43.6119627986398,optimal
2021-02-08 00:30:00,46,103,2.0,0.0,5.0,0.1032333333333333,7.938,6.0,-10,19.73695862177661,,6094.333333333332,0.0,905.6666666666677,0.0,45.94335083584116,optimal
2021-02-08 01:00:00,46,103,2.0,0.0,0.0,0.058,11.907,6.0,-10,19.7922872086724,,7000.0,0.0,0.0,0.0,45.89740748500532,optimal
2021-02-08 01:30:00,46,103,2.0,0.0,5.0,0.058,11.025,6.0,-10,19.862874026113357,,7000.0,0.0,0.0,0.0,48.22651007752031,optimal
2021-02-08 02:00:00,46,103,2.0,0.0,0.4367372809165048,0.1141,11.2875,6.0,-10,19.932913779413624,,7000.0,0.0,0.0,0.0,48.38573377587813,optimal
2021-02-08 02:30:00,46,103,2.0,0.0,0.0,0.1039,12.936,6.0,-10,20.003589878307803,,7000.0,0.0,0.0,0.0,48.33734804210225,optimal
2021-02-08 03:00:00,46,103,2.0,0.0,0.0,0.058,13.0095,6.0,-10,20.073957462140086,,7000.0,0.0,0.0,0.0,48.28901069406015,optimal
2021-02-08 03:30:00,46,103,0.0,0.0,0.0,0.1498,13.671,6.0,-10,20.143266430986653,,0.0,0.0,0.0,0.0,48.24072168336608,optimal
2021-02-08 04:00:00,46,103,2.0,0.0,0.0,0.0682,13.188,6.0,-10,20.06661370565724,,7000.0,0.0,0.0,0.0,48.19248096168271,optimal
2021-02-08 04:30:00,46,103,0.0,0.0,0.0,0.1498666666666666,13.8495,6.0,-10,20.13571703667712,,0.0,0.0,0.0,0.0,48.144288480721016,optimal
2021-02-08 05:00:00,46,103,2.0,0.0,0.0,0.0884666666666666,13.23,6.0,-10,20.061337048017823,,7000.0,0.0,0.0,0.0,48.096144192240295,optimal
2021-02-08 05:30:00,46,103,2.0,0.0,0.0,0.1628666666666667,13.3665,6.0,-10,20.137582799816983,,7000.0,0.0,0.0,0.0,48.048048048048045,optimal
2021-02-08 06:00:00,46,103,2.0,0.0,0.0,1.1866,13.0515,6.0,-10,20.214499192106576,,7000.0,0.0,0.0,0.0,48.0,optimal
2021-02-08 06:30:00,46,103,2.0,0.0,0.0,2.1819333333333333,13.5345,6.0,-10,20.30515225792386,,7000.0,0.0,0.0,0.0,47.9212290410874,optimal
2021-02-08 07:00:00,46,103,0.0,0.0,0.0,0.4185333333333333,14.154,6.0,-10,20.395491121004746,,0.0,0.0,0.0,0.0,47.84253685313372,optimal
2021-02-08 07:30:00,46,103,0.5441557522956522,0.0,0.0,0.8596,14.112,6.0,-10,20.33068682625937,,1904.5451330347823,0.0,0.0,0.0,47.76392335736799,optimal
2021-02-08 08:00:00,46,103,0.0,0.0,0.0,0.213,14.2485,6.0,-10,20.31750647366631,,0.0,0.0,0.0,0.0,47.68538847509802,optimal
2021-02-08 08:30:00,46,103,2.0,0.0,0.0,0.1163333333333333,12.789,6.0,-10,20.248876125223173,,7000.0,0.0,0.0,0.0,47.60693212771033,optimal
2021-02-08 09:00:00,46,103,2.0,0.0,0.0,0.0986,13.0095,6.0,-10,20.312882418280577,,7000.0,0.0,0.0,0.0,47.52855423667002,optimal
2021-02-08 09:30:00,46,103,2.0,0.0,0.0,0.1394,12.1275,6.0,-10,20.37241032551712,,7000.0,0.0,0.0,0.0,47.45025472352075,optimal
2021-02-08 10:00:00,46,103,2.0,0.0,0.0,0.0731,12.348,6.0,-10,20.433207532579477,,7000.0,0.0,0.0,0.0,47.37203350988463,optimal
2021-02-08 10:30:00,46,103,2.0,0.0,0.0,0.1649,12.348,6.0,-10,20.493013784045026,,7000.0,0.0,0.0,0.0,47.29389051746215,optimal
2021-02-08 11:00:00,46,103,0.0,0.0,0.0,0.068,25.389,6.0,-10,20.55380063853497,,0.0,0.0,0.0,0.0,47.21582566803209,optimal
2021-02-08 11:30:00,46,103,0.0,0.0,0.0,0.1445,29.1375,6.0,-10,20.464238582704272,,0.0,0.0,0.0,0.0,47.13783888345146,optimal
2021-02-08 12:00:00,46,103,0.0,0.0,0.0,0.0935,30.597,6.0,-10,20.37714686598936,,0.0,0.0,0.0,0.0,47.05993008565541,optimal
2021-02-08 12:30:00,46,103,0.0,0.0,0.0,0.1608,33.684,6.0,-10,20.28983035486055,,0.0,0.0,0.0,0.0,46.98209919665716,optimal
2021-02-08 13:00:00,46,103,0.0,0.0,0.0,0.5383333333333333,32.445,6.0,-10,20.20626547003437,,0.0,0.0,0.0,0.0,46.90434613854791,optimal
2021-02-08 13:30:00,46,103,0.0,0.0,0.0,0.3483333333333333,28.917,6.0,-10,20.134797115023797,,0.0,0.0,0.0,0.0,46.82667083349676,optimal
2021-02-08 14:00:00,46,103,0.0,0.0,0.0,1.1990333333333334,15.876,6.0,-10,20.059433467016564,,0.0,0.0,0.0,0.0,46.74907320375067,optimal
2021-02-08 14:30:00,46,103,0.8682799179061474,0.0,0.0,0.9518333333333334,12.348,6.0,-10,20.0,,3038.979712671516,0.0,0.0,0.0,46.67155317163432,optimal
2021-02-08 15:00:00,46,103,2.0,0.0,0.0,0.3008,12.1275,6.0,-10,20.0,,6366.778716939847,0.0,633.2212830601529,0.0,46.59411065955009,optimal
2021-02-08 15:30:00,46,103,0.0,0.0,0.0,0.3931333333333333,12.348,6.0,-10,20.06284336110649,,0.0,0.0,0.0,0.0,46.51674558997794,optimal
2021-02-08 16:00:00,46,103,0.8762802840816273,0.0,0.0,1.540433333333333,12.1275,6.0,-10,20.0,,2655.2022773458484,0.0,411.778716939847,0.0,46.43945788547537,optimal
2021-02-08 16:30:00,46,103,0.860108444857444,0.0,0.0,0.2592333333333333,12.1275,6.0,-10,20.0,,3010.379557001054,0.0,0.0,0.0,46.362247468677296,optimal
2021-02-08 17:00:00,46,103,0.919106738112534,0.0,0.0,0.3108999999999999,11.2665,6.0,-10,20.0,,3147.206916727203,0.0,69.66666666666666,0.0,46.28511426229602,optimal
2021-02-08 17:30:00,46,103,2.0,0.0,0.0,0.1296999999999999,10.143,6.0,-10,20.0,,6303.333333333333,0.0,696.6666666666666,0.0,46.208058189121125,optimal
2021-02-08 18:00:00,46,103,0.0702482787811074,0.0,0.0,0.1590666666666666,11.2455,6.0,-10,20.064400706388398,,245.86897573387603,0.0,0.0,0.0,46.131079172019405,optimal
2021-02-08 18:30:00,46,103,0.8984392176987398,0.0,0.0,0.251,11.025,6.0,-10,20.0,,3005.203928612256,0.0,139.33333333333331,0.0,46.05417713393479,optimal
2021-02-08 19:00:00,46,103,2.0,0.0,0.0,0.2266,5.9745,6.0,-10,20.0,,6791.0,0.0,209.0,0.0,45.977351997888256,optimal
2021-02-08 19:30:00,46,103,0.821445592321559,0.0,0.0,0.1900333333333333,7.938,6.0,-10,20.081531846564257,,2875.0595731254566,0.0,0.0,0.0,45.90060368697777,optimal
2021-02-08 20:00:00,46,103,0.0,0.0,0.0,0.1946,8.6835,6.0,-10,20.073723536826176,,0.0,0.0,0.0,0.0,45.82393212437819,optimal
2021-02-08 20:30:00,46,103,0.0,0.0,0.0,0.2804666666666666,7.665,6.0,-10,20.0,,0.0,0.0,0.0,0.0,45.74733723334121,optimal
2021-02-08 21:00:00,46,103,0.1791428571428571,0.0,0.0,0.4264666666666666,6.7725,6.0,-10,19.92541768420091,,0.0,0.0,627.0,0.0,45.67081893719527,optimal
2021-02-08 21:30:00,46,103,0.2388571428571428,0.0,0.0,0.4732,5.5755,6.0,-10,19.85363062615085,,0.0,0.0,836.0,0.0,45.59437715934548,optimal
2021-02-08 22:00:00,46,103,0.0199047619047619,0.0,0.0,0.3843333333333333,5.0925,6.0,-10,19.78793973424079,,0.0,0.0,69.66666666666666,0.0,45.51801182327353,optimal
2021-02-08 22:30:00,46,103,0.6966666666666668,0.0,0.0,0.587,4.1895,6.0,-10,19.72004594519007,,0.0,0.0,2438.333333333333,0.0,45.44172285253766,optimal
2021-02-08 23:00:00,46,103,0.0,0.0,0.0,0.2969666666666666,7.056,6.0,-10,19.657213159391823,,0.0,0.0,0.0,0.0,45.39628112968512,optimal
2021-02-08 23:30:00,46,103,0.0,0.0,0.0,0.3837,5.271,6.0,-10,19.58832134336277,,0.0,0.0,0.0,0.0,45.35088484855544,optimal
2021-02-09 00:00:00,46,103,2.0,0.0,5.0,0.064,10.689,6.0,-9,19.58832134336277,,7000.0,0.0,0.0,0.0,47.680533963706885,optimal
2021-02-09 00:30:00,46,103,2.0,0.0,1.7890466624698913,0.082,11.361,6.0,-9,19.655866251959107,,2541.333333333333,0.0,4458.666666666667,0.0,48.48265059441637,optimal
2021-02-09 01:00:00,46,103,2.0,0.0,0.0,0.136,11.571,6.0,-9,19.62985372059133,,7000.0,0.0,0.0,0.0,48.434167943821954,optimal
2021-02-09 01:30:00,46,103,2.0,0.0,0.0,0.064,14.3745,6.0,-9,19.699179507608573,,7000.0,0.0,0.0,0.0,48.38573377587813,optimal
2021-02-09 02:00:00,46,103,2.0,0.0,0.0,0.145,13.23,6.0,-9,19.766221487877853,,7000.0,0.0,0.0,0.0,48.33734804210225,optimal
2021-02-09 02:30:00,46,103,2.0,0.0,0.0,0.073,13.9755,6.0,-9,19.83421073470081,,7000.0,0.0,0.0,0.0,48.28901069406015,optimal
2021-02-09 03:00:00,46,103,0.0,0.0,0.0,0.064,14.994,6.0,-9,19.900602740654826,,0.0,0.0,0.0,0.0,48.24072168336608,optimal
2021-02-09 03:30:00,46,103,2.0,0.0,0.0,0.091,13.671,6.0,-9,19.81937807294113,,7000.0,0.0,0.0,0.0,48.19248096168271,optimal
2021-02-09 04:00:00,46,103,0.0,0.0,0.0,0.127,15.981,6.0,-9,19.88689677973732,,0.0,0.0,0.0,0.0,48.144288480721016,optimal
2021-02-09 04:30:00,46,103,0.0,0.0,0.0,0.064,15.6345,6.0,-9,19.807967803872927,,0.0,0.0,0.0,0.0,48.096144192240295,optimal
2021-02-09 05:00:00,46,103,0.0,0.0,0.0,0.1405,16.5375,6.0,-9,19.72761705976375,,0.0,0.0,0.0,0.0,48.048048048048045,optimal
2021-02-09 05:30:00,46,103,2.0,0.0,0.0,0.7138,14.7735,6.0,-9,19.648787529410747,,7000.0,0.0,0.0,0.0,48.0,optimal
2021-02-09 06:00:00,46,103,1.5051103076814034,0.0,0.0,1.7391666666666667,15.2145,6.0,-9,19.72227774576021,,5267.886076884912,0.0,0.0,0.0,47.8912807054927,optimal
2021-02-09 06:30:00,46,103,2.0,0.0,0.0,2.2405666666666666,14.553,6.0,-9,19.76340859778879,,7000.0,0.0,0.0,0.0,47.782670130279904,optimal
2021-02-09 07:00:00,46,103,2.0,0.0,0.0,0.0876,14.3325,6.0,-9,19.84462624324054,,7000.0,0.0,0.0,0.0,47.67416816564232,optimal
2021-02-09 07:30:00,46,103,2.0,0.0,0.0,0.3944666666666666,14.595,6.0,-9,19.91961550672722,,7000.0,0.0,0.0,0.0,47.56577470296938,optimal
2021-02-09 08:00:00,46,103,1.5594236533838457,0.0,0.0,2.0215,14.994,6.0,-9,20.0,,5457.98278684346,0.0,0.0,0.0,47.45748963375911,optimal
2021-02-09 08:30:00,46,103,2.0,0.0,0.0,2.2716666666666665,14.3325,6.0,-9,20.048243618917628,,7000.0,0.0,0.0,0.0,47.34931284961805,optimal
2021-02-09 09:00:00,46,103,2.0,0.0,0.0,0.1974,13.8915,6.0,-9,20.124966908389325,,7000.0,0.0,0.0,0.0,47.24124424226113,optimal
2021-02-09 09:30:00,46,103,2.0,0.0,0.0,0.1185,13.8915,6.0,-9,20.196348143883803,,7000.0,0.0,0.0,0.0,47.13328370351157,optimal
2021-02-09 10:00:00,46,103,2.0,0.0,0.0,0.2070666666666666,13.4715,6.0,-9,20.267926638923544,,7000.0,0.0,0.0,0.0,47.02543112530076,optimal
2021-02-09 10:30:00,46,103,2.0,0.0,0.0,0.8932,13.23,6.0,-9,20.342844326365658,,7000.0,0.0,0.0,0.0,46.91768639966816,optimal
2021-02-09 11:00:00,46,103,2.0,0.0,0.0,1.659333333333333,13.8915,6.0,-9,20.41600703217012,,7000.0,0.0,0.0,0.0,46.8100494187612,optimal
2021-02-09 11:30:00,46,103,0.0,0.0,0.0,2.2911666666666664,26.9325,6.0,-9,20.493569649465098,,0.0,0.0,0.0,0.0,46.702520074835135,optimal
2021-02-09 12:00:00,46,103,0.0,0.0,0.0,0.1378666666666666,30.303,6.0,-9,20.42204253951634,,0.0,0.0,0.0,0.0,46.595098260253,optimal
2021-02-09 12:30:00,46,103,0.0,0.0,0.0,0.6602333333333333,32.886,6.0,-9,20.34854562356381,,0.0,0.0,0.0,0.0,46.48778386748544,optimal
2021-02-09 13:00:00,46,103,0.0,0.0,0.0,1.7991333333333337,34.9965,6.0,-9,20.277559402573644,,0.0,0.0,0.0,0.0,46.380576789110656,optimal
2021-02-09 13:30:00,46,103,0.0,0.0,0.0,2.310033333333333,33.327,6.0,-9,20.210206261578765,,0.0,0.0,0.0,0.0,46.27347691781424,optimal
2021-02-09 14:00:00,46,103,0.0,0.0,0.0,2.349,31.122,6.0,-9,20.142985033643907,,0.0,0.0,0.0,0.0,46.16648414638913,optimal
2021-02-09 14:30:00,46,103,0.0,0.0,0.0,0.1110999999999999,17.9025,6.0,-9,20.075065874231548,,0.0,0.0,0.0,0.0,46.05959836773544,optimal
2021-02-09 15:00:00,46,103,1.0392962923868962,0.0,0.0,0.0761666666666666,15.6555,6.0,-9,20.0,,3637.537023354137,0.0,0.0,0.0,45.952819474860405,optimal
2021-02-09 15:30:00,46,103,0.9465248638154804,0.0,0.0,0.1807,14.553,6.0,-9,20.0,,3312.837023354182,0.0,0.0,0.0,45.84614736087824,optimal
2021-02-09 16:00:00,46,103,1.2181534615531158,0.0,0.0,0.1703333333333333,14.3325,6.0,-9,20.0,,2939.870448769238,0.0,1323.6666666666667,0.0,45.739581919010064,optimal
2021-02-09 16:30:00,46,103,0.8126729433921948,0.0,0.0,0.277,13.335,6.0,-9,20.0,,2774.688635206015,0.0,69.66666666666666,0.0,45.63312304258376,optimal
2021-02-09 17:00:00,46,103,1.7422515764643187,0.0,0.0,0.3972666666666666,12.1275,6.0,-9,20.0,,5331.547184291782,0.0,766.3333333333334,0.0,45.52677062503387,optimal
2021-02-09 17:30:00,46,103,0.0,0.0,0.0,2.4281,12.2955,6.0,-9,20.05519410478276,,0.0,0.0,0.0,0.0,45.42052455990154,optimal
2021-02-09 18:00:00,46,103,1.1725228520829811,0.0,0.0,0.452,11.6865,6.0,-9,20.0,,3058.829982290435,0.0,1044.9999999999998,0.0,45.314384740834335,optimal
2021-02-09 18:30:00,46,103,0.7704478730682224,0.0,0.0,3.6618666666666666,11.466,6.0,-9,20.0,,2626.900889072112,0.0,69.66666666666666,0.0,45.2083510615862,optimal
2021-02-09 19:00:00,46,103,1.3544947372792415,0.0,0.0,1.842233333333333,10.8045,6.0,-9,20.0,,2755.638462520408,0.0,1985.0931179569384,0.0,45.10242341601731,optimal
2021-02-09 19:30:00,46,103,2.0,0.0,0.0,1.589,10.584,6.0,-9,20.0,,5850.093117956939,0.0,1149.9068820430612,0.0,44.99660169809399,optimal
2021-02-09 20:00:00,46,103,0.0,0.0,0.0,1.2445666666666666,11.2455,6.0,-9,20.06005543795057,,0.0,0.0,0.0,0.0,44.890885801888594,optimal
2021-02-09 20:30:00,46,103,0.0,0.0,0.0,2.323,12.1275,6.0,-9,20.0,,0.0,0.0,0.0,0.0,44.7852756215794,optimal
2021-02-09 21:00:00,46,103,0.0,0.0,0.0,2.425,11.823,6.0,-9,19.9324892374872,,0.0,0.0,0.0,0.0,44.67977105145052,optimal
2021-02-09 21:30:00,46,103,0.0,0.0,0.0,0.5368333333333334,11.7705,6.0,-9,19.871419648749757,,0.0,0.0,0.0,0.0,44.57437198589177,optimal
2021-02-09 22:00:00,46,103,0.0,0.0,0.0,0.5039333333333332,11.13,6.0,-9,19.80858565100029,,0.0,0.0,0.0,0.0,44.52979761390588,optimal
2021-02-09 22:30:00,46,103,0.0,0.0,0.0,1.8580333333333328,11.6865,6.0,-9,19.7476093231516,,0.0,0.0,0.0,0.0,44.48526781629197,optimal
2021-02-09 23:00:00,46,103,0.0,0.0,0.0,1.3953666666666666,10.7205,6.0,-9,19.69010133947268,,0.0,0.0,0.0,0.0,44.44078254847568,optimal
2021-02-09 23:30:00,46,103,0.0,0.0,0.0,0.074,11.424,6.0,-9,19.6278831783819,,0.0,0.0,0.0,0.0,44.3963417659272,optimal
2021-02-10 00:00:00,46,103,0.0,0.0,0.0,0.0443333333333333,19.026,6.0,9,19.6278831783819,,0.0,0.0,0.0,0.0,44.35194542416128,optimal
2021-02-10 00:30:00,46,103,0.0,0.0,0.0,0.045,18.7215,6.0,9,19.54700174818059,,0.0,0.0,0.0,0.0,44.30759347873712,optimal
2021-02-10 01:00:00,46,103,0.0,0.0,0.0,0.2087,17.4195,6.0,9,19.46560555813371,,0.0,0.0,0.0,0.0,44.263285885258384,optimal
2021-02-10 01:30:00,46,103,0.0,0.0,0.0,0.2009,16.758,6.0,9,19.38757092026059,,0.0,0.0,0.0,0.0,44.219022599373126,optimal
2021-02-10 02:00:00,46,103,2.0,0.0,0.0,0.045,14.217,6.0,9,19.309272439325984,,1914.333333333333,0.0,5085.666666666667,0.0,44.17480357677376,optimal
2021-02-10 02:30:00,46,103,2.0,0.0,0.0,0.1683,13.3665,6.0,9,19.267891244255427,,7000.0,0.0,0.0,0.0,44.13062877319698,optimal
2021-02-10 03:00:00,46,103,2.0,0.0,0.0,0.2205,12.789,6.0,9,19.33634865513984,,7000.0,0.0,0.0,0.0,44.086498144423786,optimal
2021-02-10 03:30:00,46,103,2.0,0.0,0.0,0.1186,11.907,6.0,9,19.40559432775336,,7000.0,0.0,0.0,0.0,44.04241164627936,optimal
2021-02-10 04:00:00,46,103,2.0,0.0,0.0,0.0729,11.7075,6.0,9,19.472380818159124,,7000.0,0.0,0.0,0.0,43.99836923463308,optimal
2021-02-10 04:30:00,46,103,2.0,0.0,5.0,0.3367,10.8045,6.0,9,19.537902315805656,,7000.0,0.0,0.0,0.0,46.329370865398445,optimal
2021-02-10 05:00:00,46,103,2.0,0.0,0.0,0.0516,11.508,6.0,9,19.608225992500792,,7000.0,0.0,0.0,0.0,46.283041494533045,optimal
2021-02-10 05:30:00,46,103,2.0,0.0,0.0,0.2084,11.508,6.0,9,19.671775493434843,,7000.0,0.0,0.0,0.0,46.23675845303851,optimal
2021-02-10 06:00:00,46,103,2.0,0.0,3.8094280113990098,0.1653666666666666,11.508,6.0,9,19.73788372610545,,7000.0,0.0,0.0,0.0,48.0,optimal
2021-02-10 06:30:00,46,103,2.0,0.0,0.0,1.384966666666667,11.844,6.0,9,19.803872697369176,,7000.0,0.0,0.0,0.0,47.73400883095036,optimal
2021-02-10 07:00:00,46,103,2.0,0.0,0.0,0.3152,11.508,6.0,9,19.891527760454355,,7000.0,0.0,0.0,0.0,47.46828365306977,optimal
2021-02-10 07:30:00,46,103,2.0,0.0,0.0,0.2905666666666666,11.508,6.0,9,19.972127681996135,,7000.0,0.0,0.0,0.0,47.20282420036706,optimal
2021-02-10 08:00:00,46,103,2.0,0.0,0.0,0.14,10.4475,6.0,9,20.0515779789934,,7000.0,0.0,0.0,0.0,46.93763020711705,optimal
2021-02-10 08:30:00,46,103,2.0,0.0,0.0,0.1077999999999999,10.8675,6.0,9,20.112392381441065,,7000.0,0.0,0.0,0.0,46.672701407860295,optimal
2021-02-10 09:00:00,46,103,2.0,0.0,0.0,0.1539,10.542,6.0,9,20.168915236088893,,7000.0,0.0,0.0,0.0,46.4080375374028,optimal
2021-02-10 09:30:00,46,103,2.0,0.0,0.0,0.1519,11.025,6.0,9,20.22705942605636,,7000.0,0.0,0.0,0.0,46.14363833081576,optimal
2021-02-10 10:00:00,46,103,2.0,0.0,0.0,0.0814,11.025,6.0,9,20.28580507002176,,7000.0,0.0,0.0,0.0,45.8795035234353,optimal
2021-02-10 10:30:00,46,103,2.0,0.0,0.0,0.3152,14.553,6.0,9,20.34370748842465,,7000.0,0.0,0.0,0.0,45.61563285086222,optimal
2021-02-10 11:00:00,46,103,2.0,0.0,0.0,0.1012,13.0935,6.0,9,20.406949309687803,,7000.0,0.0,0.0,0.0,45.35202604896172,optimal
2021-02-10 11:30:00,46,103,2.0,0.0,0.0,0.0682,15.6345,6.0,9,20.46607993938653,,7000.0,0.0,0.0,0.0,45.08868285386312,optimal
2021-02-10 12:00:00,46,103,0.0,0.0,0.0,0.0945999999999999,18.102,6.0,9,20.52470131699686,,0.0,0.0,0.0,0.0,44.825603001959614,optimal
2021-02-10 12:30:00,46,103,0.0,0.0,0.0,0.1296999999999999,17.199,6.0,9,20.436713294161738,,0.0,0.0,0.0,0.0,44.56278622990801,optimal
2021-02-10 13:00:00,46,103,0.0,0.0,0.0,0.2603,18.2805,6.0,9,20.349863314390596,,0.0,0.0,0.0,0.0,44.30023227462846,optimal
2021-02-10 13:30:00,46,103,0.0,0.0,0.0,0.055,17.4615,6.0,9,20.26615652839386,,0.0,0.0,0.0,0.0,44.037940873304194,optimal
2021-02-10 14:00:00,46,103,0.0,0.0,0.0,0.1017,18.3225,6.0,9,20.179415181370334,,0.0,0.0,0.0,0.0,43.77591176338125,optimal
2021-02-10 14:30:00,46,103,0.0,0.0,0.0,0.2924,17.094,6.0,9,20.09495774269705,,0.0,0.0,0.0,0.0,43.51414468256823,optimal
2021-02-10 15:00:00,46,103,1.231383706568323,0.0,0.0,0.0905,17.094,6.0,9,20.01489777340245,,4309.84297298913,0.0,0.0,0.0,43.25263936883602,optimal
2021-02-10 15:30:00,46,103,2.0,0.0,0.0,0.2184,17.094,6.0,9,20.02167488436869,,7000.0,0.0,0.0,0.0,42.99139556041754,optimal
2021-02-10 16:00:00,46,103,0.0,0.0,0.0,0.055,17.3565,6.0,9,20.0868351628208,,0.0,0.0,0.0,0.0,42.73041299580749,optimal
2021-02-10 16:30:00,46,103,2.0,0.0,0.0,0.2493,17.115,6.0,9,20.0,,7000.0,0.0,0.0,0.0,42.46969141376204,optimal
2021-02-10 17:00:00,46,103,0.2419921519012798,0.0,0.0,0.2013,17.241,6.0,9,20.06409439311204,,846.9725316544792,0.0,0.0,0.0,42.20923055329863,optimal
2021-02-10 17:30:00,46,103,1.0624234520055889,0.0,0.0,0.2268333333333332,17.094,6.0,9,20.0,,3718.482082019561,0.0,0.0,0.0,41.949030153695695,optimal
2021-02-10 18:00:00,46,103,2.0,0.0,0.0,1.8184,16.5165,6.0,9,20.0,,7000.0,0.0,0.0,0.0,41.68908995449236,optimal
2021-02-10 18:30:00,46,103,0.0,0.0,0.0,0.5201666666666667,17.8185,6.0,9,20.098202264028988,,0.0,0.0,0.0,0.0,41.647400864537865,optimal
2021-02-10 19:00:00,46,103,0.4211627778616324,0.0,0.0,0.3391333333333333,17.094,6.0,9,20.036169171296788,,1474.0697225157137,0.0,0.0,0.0,41.60575346367333,optimal
2021-02-10 19:30:00,46,103,1.7728008501727852,0.0,0.0,0.5891333333333333,16.8945,6.0,9,20.0,,6204.802975604748,0.0,0.0,0.0,41.56414771020965,optimal
2021-02-10 20:00:00,46,103,0.0,0.0,0.0,0.1901666666666666,18.123,6.0,9,20.06986151096305,,0.0,0.0,0.0,0.0,41.52258356249944,optimal
2021-02-10 20:30:00,46,103,0.0,0.0,0.0,0.7129666666666667,31.647,6.0,9,20.0,,0.0,0.0,0.0,0.0,41.48106097893695,optimal
2021-02-10 21:00:00,46,103,0.0,0.0,0.0,1.5705333333333331,34.9965,6.0,9,19.937700927840265,,0.0,0.0,0.0,0.0,41.43957991795801,optimal
2021-02-10 21:30:00,46,103,0.0,0.0,0.0,0.3825666666666666,34.9965,6.0,9,19.885779369298884,,0.0,0.0,0.0,0.0,41.39814033804005,optimal
2021-02-10 22:00:00,46,103,0.0,0.0,0.0,0.4022,34.9965,6.0,9,19.811834583224776,,0.0,0.0,0.0,0.0,41.35674219770201,optimal
2021-02-10 22:30:00,46,103,0.0,0.0,0.0,0.3335666666666667,34.9965,6.0,9,19.72959395468712,,0.0,0.0,0.0,0.0,41.31538545550431,optimal
2021-02-10 23:00:00,46,103,0.0,0.0,0.0,0.1976,34.9965,6.0,9,19.64414760106736,,0.0,0.0,0.0,0.0,41.27407007004881,optimal
2021-02-10 23:30:00,46,103,0.0,0.0,0.0,0.0757999999999999,27.741,6.0,9,19.54625841149109,,0.0,0.0,0.0,0.0,41.23279599997876,optimal
2021-02-11 00:00:00,46,103,2.0,0.0,0.0,0.045,13.692,6.0,8,19.54625841149109,,6791.0,0.0,209.0,0.0,41.19156320397878,optimal
2021-02-11 00:30:00,46,103,2.0,0.0,0.0,0.3626333333333333,14.007,6.0,8,19.591890894940963,,0.0,0.0,7000.0,0.0,41.1503716407748,optimal
2021-02-11 01:00:00,46,103,2.0,0.0,0.0,0.1568333333333333,12.873,6.0,8,19.503662088495823,,6294.850524930563,0.0,705.1494750694371,0.0,41.109221269134025,optimal
2021-02-11 01:30:00,46,103,2.0,0.0,0.0,0.1315,12.684,6.0,8,19.540126425792188,,7000.0,0.0,0.0,0.0,41.068112047864894,optimal
2021-02-11 02:00:00,46,103,2.0,0.0,0.0,0.057,12.306,6.0,8,19.590735742975667,,7000.0,0.0,0.0,0.0,41.02704393581703,optimal
2021-02-11 02:30:00,46,103,2.0,0.0,5.0,0.092,10.6365,6.0,8,19.63954720635852,,7000.0,0.0,0.0,0.0,43.36101689188121,optimal
2021-02-11 03:00:00,46,103,2.0,0.0,0.0,0.062,11.2455,6.0,8,19.688420323608227,,7000.0,0.0,0.0,0.0,43.31765587498933,optimal
2021-02-11 03:30:00,46,103,2.0,0.0,0.0,0.1668333333333333,11.2455,6.0,8,19.73598653851313,,7000.0,0.0,0.0,0.0,43.27433821911434,optimal
2021-02-11 04:00:00,46,103,2.0,0.0,0.0,0.1025,11.025,6.0,8,19.78667791570785,,7000.0,0.0,0.0,0.0,43.23106388089523,optimal
2021-02-11 04:30:00,46,103,2.0,0.0,0.0,0.1618333333333333,12.0855,6.0,8,19.836919250001287,,7000.0,0.0,0.0,0.0,43.18783281701433,optimal
2021-02-11 05:00:00,46,103,2.0,0.0,0.0,0.1265,11.6865,6.0,8,19.888181646160906,,7000.0,0.0,0.0,0.0,43.14464498419732,optimal
2021-02-11 05:30:00,46,103,2.0,0.0,0.0,0.043,11.2245,6.0,8,19.938467700013604,,7000.0,0.0,0.0,0.0,43.101500339213125,optimal
2021-02-11 06:00:00,46,103,2.0,0.0,0.5907596662676066,0.078,11.025,6.0,8,19.98790208363877,,7000.0,0.0,0.0,0.0,43.33900968035103,optimal
2021-02-11 06:30:00,46,103,2.0,0.0,5.0,0.1758333333333333,10.7835,6.0,8,20.03898313411949,,7000.0,0.0,0.0,0.0,45.670670670670674,optimal
2021-02-11 07:00:00,46,103,2.0,0.0,5.0,0.1965,11.025,6.0,8,20.094268022402016,,7000.0,0.0,0.0,0.0,48.0,optimal
2021-02-11 07:30:00,46,103,2.0,0.0,0.0,0.3895,10.584,6.0,8,20.159457072809506,,7000.0,0.0,0.0,0.0,47.68654975795219,optimal
2021-02-11 08:00:00,46,103,2.0,0.0,0.0,0.4957333333333333,11.025,6.0,8,20.23493822603705,,7000.0,0.0,0.0,0.0,47.37341296614643,optimal
2021-02-11 08:30:00,46,103,2.0,0.0,0.0,0.3594333333333333,10.4265,6.0,8,20.32308488535984,,7000.0,0.0,0.0,0.0,47.06058931113248,optimal
2021-02-11 09:00:00,46,103,2.0,0.0,0.0,0.1478333333333333,12.789,6.0,8,20.39359219636607,,7000.0,0.0,0.0,0.0,46.74807847977355,optimal
2021-02-11 09:30:00,46,103,2.0,0.0,0.0,0.129,12.684,6.0,8,20.438380344848312,,7000.0,0.0,0.0,0.0,46.43588015924597,optimal
2021-02-11 10:00:00,46,103,2.0,0.0,0.0,0.116,16.254,6.0,8,20.490054380981785,,7000.0,0.0,0.0,0.0,46.12399403703892,optimal
2021-02-11 10:30:00,46,103,2.0,0.0,0.0,0.053,17.64,6.0,8,20.54870586204156,,7000.0,0.0,0.0,0.0,45.81241980095408,optimal
2021-02-11 11:00:00,46,103,0.0,0.0,0.0,0.116,19.1625,6.0,8,20.60304307456355,,0.0,0.0,0.0,0.0,45.50115713910532,optimal
2021-02-11 11:30:00,46,103,0.0,0.0,0.0,0.1923333333333332,26.46,6.0,8,20.50838508956668,,0.0,0.0,0.0,0.0,45.190205739918405,optimal
2021-02-11 12:00:00,46,103,0.0,0.0,0.0,0.053,20.79,6.0,8,20.41916589771895,,0.0,0.0,0.0,0.0,44.87956529213068,optimal
2021-02-11 12:30:00,46,103,0.0,0.0,0.0,0.116,29.106,6.0,8,20.330820955068443,,0.0,0.0,0.0,0.0,44.569235484790745,optimal
2021-02-11 13:00:00,46,103,0.0,0.0,0.0,0.053,19.1835,6.0,8,20.24715182491225,,0.0,0.0,0.0,0.0,44.25921600725815,optimal
2021-02-11 13:30:00,46,103,0.0,0.0,0.0,0.1163333333333333,19.6665,6.0,8,20.16548494238765,,0.0,0.0,0.0,0.0,43.949506549203086,optimal
2021-02-11 14:00:00,46,103,0.0,0.0,0.0,0.129,19.404,6.0,8,20.085975417379057,,0.0,0.0,0.0,0.0,43.64010680060608,optimal
2021-02-11 14:30:00,46,103,1.1682539010556627,0.0,0.0,0.116,19.047,6.0,8,20.007546908812607,,4088.88865369482,0.0,0.0,0.0,43.33101645175766,optimal
2021-02-11 15:00:00,46,103,2.0,0.0,0.0,0.053,18.858,6.0,8,20.01368548487787,,7000.0,0.0,0.0,0.0,43.0222351932581,optimal
2021-02-11 15:30:00,46,103,0.0,0.0,0.0,0.4821666666666667,19.2675,6.0,8,20.07816227706301,,0.0,0.0,0.0,0.0,42.71376271601704,optimal
2021-02-11 16:00:00,46,103,1.056275555792623,0.0,0.0,0.3819333333333333,18.963,6.0,8,20.0,,3696.964445274181,0.0,0.0,0.0,42.40559871125321,optimal
2021-02-11 16:30:00,46,103,1.8502035613070087,0.0,0.0,0.5547000000000001,18.438,6.0,8,20.0,,6475.71246457453,0.0,0.0,0.0,42.09774287049415,optimal
2021-02-11 17:00:00,46,103,0.0,0.0,0.0,0.6889666666666667,18.7425,6.0,8,20.06198680625585,,0.0,0.0,0.0,0.0,42.055645127623656,optimal
2021-02-11 17:30:00,46,103,2.0,0.0,0.0,0.4745,15.2145,6.0,8,20.0,,6693.48280840277,0.0,306.5171915972296,0.0,42.01358948249603,optimal
2021-02-11 18:00:00,46,103,0.0,0.0,0.0,0.2811666666666667,17.7765,6.0,8,20.072941958821456,,0.0,0.0,0.0,0.0,41.97157589301354,optimal
2021-02-11 18:30:00,46,103,1.2696219650216043,0.0,0.0,0.199,16.758,6.0,8,20.0,,3607.676877575616,0.0,836.0,0.0,41.92960431712052,optimal
2021-02-11 19:00:00,46,103,2.0,0.0,0.0,0.3061999999999999,16.422,6.0,8,20.0,,6164.0,0.0,835.9999999999999,0.0,41.8876747128034,optimal
2021-02-11 19:30:00,46,103,1.6613028639720535,0.0,0.0,0.3814333333333333,16.758,6.0,8,20.04801952800086,,5814.560023902188,0.0,0.0,0.0,41.8457870380906,optimal
2021-02-11 20:00:00,46,103,0.0,0.0,0.0,1.7663,29.358,6.0,8,20.07897459050608,,0.0,0.0,0.0,0.0,41.80394125105251,optimal
2021-02-11 20:30:00,46,103,0.0,0.0,0.0,0.4641666666666666,34.9965,6.0,8,20.0,,0.0,0.0,0.0,0.0,41.76213730980145,optimal
2021-02-11 21:00:00,46,103,0.0,0.0,0.0,0.5766,34.65,6.0,8,19.922922438794988,,0.0,0.0,0.0,0.0,41.72037517249165,optimal
2021-02-11 21:30:00,46,103,0.0,0.0,0.0,0.4191999999999999,34.9965,6.0,8,19.84801986688915,,0.0,0.0,0.0,0.0,41.67865479731916,optimal
2021-02-11 22:00:00,46,103,0.0,0.0,0.0,0.5076666666666667,34.9965,6.0,8,19.7766734027214,,0.0,0.0,0.0,0.0,41.636976142521846,optimal
2021-02-11 22:30:00,46,103,0.0,0.0,0.0,0.1382,30.4815,6.0,8,19.70441685714801,,0.0,0.0,0.0,0.0,41.595339166379325,optimal
2021-02-11 23:00:00,46,103,0.0,0.0,0.0,0.0772,21.4305,6.0,8,19.614053100180417,,0.0,0.0,0.0,0.0,41.55374382721295,optimal
2021-02-11 23:30:00,46,103,0.0796190476190476,0.0,0.0,0.4992333333333333,14.3325,6.0,8,19.51519337710028,,0.0,0.0,278.66666666666663,0.0,41.51219008338573,optimal
2021-02-12 00:00:00,46,103,2.0,0.0,5.0,0.2523,9.4185,6.0,-7,19.51519337710028,,7000.0,0.0,0.0,0.0,43.84567789330234,optimal
2021-02-12 00:30:00,46,103,2.0,0.0,4.747280739022176,1.008233333333333,10.3635,6.0,-7,19.552725937723554,,0.0,0.0,7000.0,0.0,46.056790566444576,optimal
2021-02-12 01:00:00,46,103,2.0,0.0,5.0,2.2411333333333334,9.8385,6.0,-7,19.44338540695179,,3968.0,0.0,3032.0,0.0,48.38573377587813,optimal
2021-02-12 01:30:00,46,103,2.0,0.0,0.0,1.8784666666666667,11.067,6.0,-7,19.424355291125337,,7000.0,0.0,0.0,0.0,48.33734804210225,optimal
2021-02-12 02:00:00,46,103,2.0,0.0,0.0,0.6161,10.8465,6.0,-7,19.475672399219675,,7000.0,0.0,0.0,0.0,48.28901069406015,optimal
2021-02-12 02:30:00,46,103,2.0,0.0,0.0,0.3699333333333333,13.671,6.0,-7,19.53103368155481,,7000.0,0.0,0.0,0.0,48.24072168336608,optimal
2021-02-12 03:00:00,46,103,2.0,0.0,0.0,0.3444,12.348,6.0,-7,19.586894350326293,,7000.0,0.0,0.0,0.0,48.19248096168271,optimal
2021-02-12 03:30:00,46,103,2.0,0.0,0.0,2.5781,14.3325,6.0,-7,19.64314478289644,,7000.0,0.0,0.0,0.0,48.144288480721016,optimal
2021-02-12 04:00:00,46,103,1.2512108337104324,0.0,0.0,1.1184,15.393,6.0,-7,19.70122388857208,,4379.237917986513,0.0,0.0,0.0,48.096144192240295,optimal
2021-02-12 04:30:00,46,103,2.0,0.0,0.0,2.5680666666666667,13.587,6.0,-7,19.70001076581619,,7000.0,0.0,0.0,0.0,48.048048048048045,optimal
2021-02-12 05:00:00,46,103,0.0,0.0,0.0,2.183,16.1385,6.0,-7,19.764410588890527,,0.0,0.0,0.0,0.0,48.0,optimal
2021-02-12 05:30:00,46,103,2.0,0.0,0.0,0.4168666666666666,14.595,6.0,-7,19.67764802635868,,7000.0,0.0,0.0,0.0,47.796521804630814,optimal
2021-02-12 06:00:00,46,103,2.0,0.0,0.0,0.3334,14.637,6.0,-7,19.736118208615554,,7000.0,0.0,0.0,0.0,47.593247087457,optimal
2021-02-12 06:30:00,46,103,2.0,0.0,0.0,1.167,13.9125,6.0,-7,19.80411140475969,,7000.0,0.0,0.0,0.0,47.39017564500036,optimal
2021-02-12 07:00:00,46,103,2.0,0.0,0.0,2.268866666666667,13.3665,6.0,-7,19.8714444170176,,7000.0,0.0,0.0,0.0,47.18730727398618,optimal
2021-02-12 07:30:00,46,103,2.0,0.0,0.0,2.063066666666667,13.0095,6.0,-7,19.935477431901717,,7000.0,0.0,0.0,0.0,46.98464177134301,optimal
2021-02-12 08:00:00,46,103,1.3877495759536178,0.0,0.0,3.599133333333333,13.8915,6.0,-7,20.0,,3812.123515837662,0.0,1044.9999999999998,0.0,46.78217893420248,optimal
2021-02-12 08:30:00,46,103,2.0,0.0,0.0,0.3466,13.188,6.0,-7,20.0,,3858.273222044416,0.0,3141.726777955585,0.0,46.57991855989909,optimal
2021-02-12 09:00:00,46,103,2.0,0.0,0.0,1.7001333333333335,12.5685,6.0,-7,20.0,,6163.687910527329,0.0,836.3120894726708,0.0,46.37786044597001,optimal
2021-02-12 09:30:00,46,103,2.0,0.0,0.0,0.269,12.285,6.0,-7,20.04343874557801,,7000.0,0.0,0.0,0.0,46.17600439015485,optimal
2021-02-12 10:00:00,46,103,2.0,0.0,0.0,0.9668666666666668,11.487,6.0,-7,20.10180778369725,,7000.0,0.0,0.0,0.0,45.97435019039551,optimal
2021-02-12 10:30:00,46,103,2.0,0.0,0.0,1.9416,11.802,6.0,-7,20.176121399650565,,7000.0,0.0,0.0,0.0,45.77289764483593,optimal
2021-02-12 11:00:00,46,103,2.0,0.0,0.0,0.3525,11.2245,6.0,-7,20.250229781820533,,7000.0,0.0,0.0,0.0,45.57164655182191,optimal
2021-02-12 11:30:00,46,103,2.0,0.0,0.0,0.4945,11.025,6.0,-7,20.320740116352635,,7000.0,0.0,0.0,0.0,45.3705967099009,optimal
2021-02-12 12:00:00,46,103,2.0,0.0,0.0,0.328,11.907,6.0,-7,20.3973596941598,,7000.0,0.0,0.0,0.0,45.169747917821816,optimal
2021-02-12 12:30:00,46,103,0.0,0.0,0.0,0.2844666666666666,25.83,6.0,-7,20.470669371277243,,0.0,0.0,0.0,0.0,44.96909997453481,optimal
2021-02-12 13:00:00,46,103,0.0,0.0,0.0,0.3956,28.035,6.0,-7,20.393099052168186,,0.0,0.0,0.0,0.0,44.768652679191085,optimal
2021-02-12 13:30:00,46,103,0.0,0.0,0.0,1.3413333333333333,28.119,6.0,-7,20.324012608902265,,0.0,0.0,0.0,0.0,44.56840583114271,optimal
2021-02-12 14:00:00,46,103,0.0,0.0,0.0,1.3893333333333333,30.156,6.0,-7,20.25869778808645,,0.0,0.0,0.0,0.0,44.36835922994239,optimal
2021-02-12 14:30:00,46,103,0.0,0.0,0.0,0.3314,29.1585,6.0,-7,20.19459599263646,,0.0,0.0,0.0,0.0,44.16851267534326,optimal
2021-02-12 15:00:00,46,103,0.0,0.0,0.0,1.2365,26.712,6.0,-7,20.12400288415154,,0.0,0.0,0.0,0.0,43.96886596729873,optimal
2021-02-12 15:30:00,46,103,0.0,0.0,0.0,3.0408666666666666,15.435,6.0,-7,20.05800372535575,,0.0,0.0,0.0,0.0,43.76941890596225,optimal
2021-02-12 16:00:00,46,103,0.9961340489095568,0.0,0.0,0.5150333333333333,13.566,6.0,-7,20.0,,3214.841371945037,0.0,271.6277992384114,0.0,43.5701712916871,optimal
2021-02-12 16:30:00,46,103,0.9038959803586376,0.0,0.0,0.5716,12.789,6.0,-7,20.0,,3163.635931255232,0.0,0.0,0.0,43.37112292502624,optimal
2021-02-12 17:00:00,46,103,1.823339549242939,0.0,0.0,0.5095333333333334,12.1275,6.0,-7,20.0,,5894.02175568362,0.0,487.6666666666667,0.0,43.17227360673203,optimal
2021-02-12 17:30:00,46,103,0.0,0.0,0.0,2.5527,13.671,6.0,-7,20.05884693094245,,0.0,0.0,0.0,0.0,42.973623137756114,optimal
2021-02-12 18:00:00,46,103,2.0,0.0,0.0,1.5823,10.668,6.0,-7,20.0,,6930.333333333333,0.0,69.66666666666666,0.0,42.775171319249175,optimal
2021-02-12 18:30:00,46,103,0.0,0.0,0.0,3.510266666666667,11.7285,6.0,-7,20.081619160326504,,0.0,0.0,0.0,0.0,42.57691795256074,optimal
2021-02-12 19:00:00,46,103,0.1211556290981589,0.0,0.0,3.1459,11.025,6.0,-7,20.050543714941437,,424.0447018435564,0.0,0.0,0.0,42.378862839239,optimal
2021-02-12 19:30:00,46,103,1.2870028665984234,0.0,0.0,0.1606999999999999,10.689,6.0,-7,20.0,,3250.510033094483,0.0,1254.0,0.0,42.18100578103058,optimal
2021-02-12 20:00:00,46,103,1.4316518722470448,0.0,0.0,1.4230999999999998,8.1585,6.0,-7,20.0,,2990.4482195313235,0.0,2020.3333333333333,0.0,41.98334657988036,optimal
2021-02-12 20:30:00,46,103,0.0,0.0,0.0,3.718066666666666,10.3635,6.0,-7,20.0,,0.0,0.0,0.0,0.0,41.785885037931294,optimal
2021-02-12 21:00:00,46,103,0.0,0.0,0.0,1.5558333333333332,10.8045,6.0,-7,19.935902304644536,,0.0,0.0,0.0,0.0,41.58862095752418,optimal
2021-02-12 21:30:00,46,103,0.0,0.0,0.0,2.5664333333333333,11.025,6.0,-7,19.87061021085852,,0.0,0.0,0.0,0.0,41.39155414119747,optimal
2021-02-12 22:00:00,46,103,0.0,0.0,0.0,0.1903666666666666,10.3635,6.0,-7,19.81075432591416,,0.0,0.0,0.0,0.0,41.19468439168708,optimal
2021-02-12 22:30:00,46,103,0.0,0.0,0.0,2.121,10.8045,6.0,-7,19.74109264765088,,0.0,0.0,0.0,0.0,40.998011511926215,optimal
2021-02-12 23:00:00,46,103,0.0,0.0,0.0,1.4542666666666668,10.059,6.0,-7,19.67961550442835,,0.0,0.0,0.0,0.0,40.95701350041429,optimal
2021-02-12 23:30:00,46,103,0.0,0.0,0.0,1.6159666666666668,10.584,6.0,-7,19.614448559951786,,0.0,0.0,0.0,0.0,40.916056486913874,optimal
2021-02-13 00:00:00,46,103,2.0,0.0,5.0,0.1178,8.1375,6.0,-7,19.614448559951786,,7000.0,0.0,0.0,0.0,43.25014043042696,optimal
2021-02-13 00:30:00,46,103,2.0,0.0,0.0,0.2271999999999999,10.0905,6.0,-7,19.68130663955725,,5467.333333333333,0.0,1532.6666666666667,0.0,43.20689028999653,optimal
2021-02-13 01:00:00,46,103,2.0,0.0,5.0,0.4260333333333334,7.539,6.0,-7,19.71996278952874,,7000.0,0.0,0.0,0.0,45.538683399706535,optimal
2021-02-13 01:30:00,46,103,2.0,0.0,5.0,0.0803,7.938,6.0,-7,19.80428312827127,,7000.0,0.0,0.0,0.0,47.86814471630683,optimal
2021-02-13 02:00:00,46,103,2.0,0.0,1.701291275931477,0.0722,8.274,6.0,-7,19.867788896299142,,7000.0,0.0,0.0,0.0,48.62838992765797,optimal
2021-02-13 02:30:00,46,103,2.0,0.0,0.0,0.2471999999999999,9.261,6.0,-7,19.93106288463824,,7000.0,0.0,0.0,0.0,48.57976153773031,optimal
2021-02-13 03:00:00,46,103,2.0,0.0,0.0,0.062,9.9225,6.0,-7,19.99773364032935,,7000.0,0.0,0.0,0.0,48.53118177619257,optimal
2021-02-13 03:30:00,46,103,2.0,0.0,0.0,0.0722,9.702,6.0,-7,20.0602033964235,,7000.0,0.0,0.0,0.0,48.48265059441637,optimal
2021-02-13 04:00:00,46,103,2.0,0.0,0.0,0.113,10.584,6.0,-7,20.12237762706923,,7000.0,0.0,0.0,0.0,48.434167943821954,optimal
2021-02-13 04:30:00,46,103,2.0,0.0,0.0,0.1169,10.143,6.0,-7,20.184901815450733,,7000.0,0.0,0.0,0.0,48.38573377587813,optimal
2021-02-13 05:00:00,46,103,0.0,0.0,0.0,0.1413,13.0095,6.0,-7,20.24677077973256,,0.0,0.0,0.0,0.0,48.33734804210225,optimal
2021-02-13 05:30:00,46,103,2.0,0.0,0.0,0.1312333333333333,11.025,6.0,-7,20.16106617115276,,7000.0,0.0,0.0,0.0,48.28901069406015,optimal
2021-02-13 06:00:00,46,103,2.0,0.0,0.0,0.2035,12.789,6.0,-7,20.222325387302256,,7000.0,0.0,0.0,0.0,48.24072168336608,optimal
2021-02-13 06:30:00,46,103,2.0,0.0,0.0,0.072,12.1275,6.0,-7,20.284276029107303,,7000.0,0.0,0.0,0.0,48.19248096168271,optimal
2021-02-13 07:00:00,46,103,2.0,0.0,0.0,0.1737,12.1695,6.0,-7,20.342950657734203,,7000.0,0.0,0.0,0.0,48.144288480721016,optimal
2021-02-13 07:30:00,46,103,2.0,0.0,0.0,0.1657,12.306,6.0,-7,20.403273090516755,,7000.0,0.0,0.0,0.0,48.096144192240295,optimal
2021-02-13 08:00:00,46,103,0.0,0.0,0.0,0.2623666666666667,13.23,6.0,-7,20.462926622153493,,0.0,0.0,0.0,0.0,48.048048048048045,optimal
2021-02-13 08:30:00,46,103,0.0,0.0,0.0,0.3347,13.671,6.0,-7,20.387228866373448,,0.0,0.0,0.0,0.0,48.0,optimal
2021-02-13 09:00:00,46,103,0.0,0.0,0.0,0.2188,13.9335,6.0,-7,20.31741588773176,,0.0,0.0,0.0,0.0,47.73919847133944,optimal
2021-02-13 09:30:00,46,103,0.903530972469799,0.0,0.0,0.335,13.293,6.0,-7,20.24563865845695,,3162.358403644296,0.0,0.0,0.0,47.478657744207545,optimal
2021-02-13 10:00:00,46,103,2.0,0.0,0.0,1.0402,12.1065,6.0,-7,20.24577466636122,,7000.0,0.0,0.0,0.0,47.21837755780278,optimal
2021-02-13 10:30:00,46,103,2.0,0.0,0.0,1.7319,11.571,6.0,-7,20.3265321470682,,7000.0,0.0,0.0,0.0,46.95835765158442,optimal
2021-02-13 11:00:00,46,103,2.0,0.0,0.0,1.3474333333333337,11.025,6.0,-7,20.407012140502275,,7000.0,0.0,0.0,0.0,46.69859776527228,optimal
2021-02-13 11:30:00,46,103,2.0,0.0,0.0,0.072,10.8465,6.0,-7,20.48225488803419,,7000.0,0.0,0.0,0.0,46.439097638846455,optimal
2021-02-13 12:00:00,46,103,2.0,0.0,0.0,0.2008666666666666,11.2455,6.0,-7,20.535680427448128,,7000.0,0.0,0.0,0.0,46.17985701254705,optimal
2021-02-13 12:30:00,46,103,0.0,0.0,0.0,0.0688,23.8665,6.0,-7,20.591915391931387,,0.0,0.0,0.0,0.0,45.92087562687395,optimal
2021-02-13 13:00:00,46,103,0.0,0.0,0.0,0.2261999999999999,27.4575,6.0,-7,20.49831422787768,,0.0,0.0,0.0,0.0,45.66215322258652,optimal
2021-02-13 13:30:00,46,103,0.0,0.0,0.0,0.0917333333333333,27.3735,6.0,-7,20.40890470550572,,0.0,0.0,0.0,0.0,45.403689540703375,optimal
2021-02-13 14:00:00,46,103,0.0,0.0,0.0,0.0798666666666666,30.4605,6.0,-7,20.317411627044443,,0.0,0.0,0.0,0.0,45.145484322502114,optimal
2021-02-13 14:30:00,46,103,0.0,0.0,0.0,0.242,30.0195,6.0,-7,20.229884506901108,,0.0,0.0,0.0,0.0,44.887537309519054,optimal
2021-02-13 15:00:00,46,103,0.0,0.0,0.0,0.0954,26.9325,6.0,-7,20.148046223213264,,0.0,0.0,0.0,0.0,44.62984824354898,optimal
2021-02-13 15:30:00,46,103,0.0,0.0,0.0,0.1616,14.595,6.0,-7,20.07445385113992,,0.0,0.0,0.0,0.0,44.37241686664487,optimal
2021-02-13 16:00:00,46,103,0.9562487213130508,0.0,0.0,0.3103999999999999,12.4845,6.0,-7,20.0,,3346.8705245956785,0.0,0.0,0.0,44.11524292111767,optimal
2021-02-13 16:30:00,46,103,0.8584868165511064,0.0,0.0,0.2233666666666666,12.1275,6.0,-7,20.0,,2795.7038579288724,0.0,209.0,0.0,43.858326149536,optimal
2021-02-13 17:00:00,46,103,1.6389112643534425,0.0,0.0,0.3948,12.1275,6.0,-7,20.0,,5736.189425237048,0.0,0.0,0.0,43.6016662947259,optimal
2021-02-13 17:30:00,46,103,0.0,0.0,0.0,0.5622666666666667,12.789,6.0,-7,20.0637080523082,,0.0,0.0,0.0,0.0,43.34526309977062,optimal
2021-02-13 18:00:00,46,103,0.8659258076821937,0.0,0.0,0.6397999999999999,11.907,6.0,-7,20.0,,2961.073660221012,0.0,69.66666666666666,0.0,43.08911630801029,optimal
2021-02-13 18:30:00,46,103,1.2235379295541369,0.0,0.0,0.0945999999999999,11.025,6.0,-7,20.0,,4282.382753439479,0.0,0.0,0.0,42.83322566304172,optimal
2021-02-13 19:00:00,46,103,2.0,0.0,0.0,0.2248,8.2005,6.0,-7,20.0,,7000.0,0.0,0.0,0.0,42.57759090871813,optimal
2021-02-13 19:30:00,46,103,0.435182658210397,0.0,0.0,0.062,9.5655,6.0,-7,20.059720880266767,,1523.1393037363896,0.0,0.0,0.0,42.32221178914885,optimal
2021-02-13 20:00:00,46,103,2.0,0.0,0.0,0.7633,7.056,6.0,-7,20.0,,3406.394886197949,0.0,3593.605113802051,0.0,42.06708804869915,optimal
2021-02-13 20:30:00,46,103,0.0,0.0,0.0,0.4983,9.3975,6.0,-7,20.0,,0.0,0.0,0.0,0.0,41.812219431989895,optimal
2021-02-13 21:00:00,46,103,0.0,0.0,0.0,0.7564333333333333,10.059,6.0,-7,19.925346941392288,,0.0,0.0,0.0,0.0,41.55760568389735,optimal
2021-02-13 21:30:00,46,103,0.0,0.0,0.0,0.5669,9.261,6.0,-7,19.858314597773123,,0.0,0.0,0.0,0.0,41.51604807821345,optimal
2021-02-13 22:00:00,46,103,1.1229699674851283,0.0,0.0,0.4836,8.1585,6.0,-7,19.803484559392537,,0.0,0.0,3930.394886197949,0.0,41.47453203013524,optimal
2021-02-13 22:30:00,46,103,0.0,0.0,0.0,0.7744666666666667,9.4815,6.0,-7,19.738590481302246,,0.0,0.0,0.0,0.0,41.4330574981051,optimal
2021-02-13 23:00:00,46,103,0.0,0.0,0.0,0.2962333333333333,8.379,6.0,-7,19.68636232314545,,0.0,0.0,0.0,0.0,41.391624440607,optimal
2021-02-13 23:30:00,46,103,0.0,0.0,0.0,0.6566333333333333,9.5235,6.0,-7,19.61832667815909,,0.0,0.0,0.0,0.0,41.35023281616639,optimal
2021-02-07 00:00:00,47,103,0.0796190476190476,0.0,0.0,0.0657333333333333,7.938,6.0,2,21.0,,0.0,0.0,278.6666666666667,0.0,47.952,optimal
2021-02-07 00:30:00,47,103,2.0,0.0,0.0,0.061,5.292,6.0,2,20.923716557454565,,1775.0,0.0,5225.0,0.0,47.904048,optimal
2021-02-07 01:00:00,47,103,0.0,0.0,0.0,0.3076666666666667,9.261,6.0,2,20.88381149058664,,0.0,0.0,0.0,0.0,47.856143952,optimal
2021-02-07 01:30:00,47,103,0.0,0.0,0.0,0.061,10.3635,6.0,2,20.811461752133766,,0.0,0.0,0.0,0.0,47.80828780804799,optimal
2021-02-07 02:00:00,47,103,0.0,0.0,0.0,0.061,8.274,6.0,2,20.73402097342861,,0.0,0.0,0.0,0.0,47.76047952023995,optimal
2021-02-07 02:30:00,47,103,0.0,0.0,0.0,0.061,7.7175,6.0,2,20.65670468483225,,0.0,0.0,0.0,0.0,47.712719040719705,optimal
2021-02-07 03:00:00,47,103,1.1100768212147838,0.0,0.0,0.1908666666666666,6.615,6.0,2,20.579285487432497,,3885.268874251744,0.0,0.0,0.0,47.66500632167899,optimal
2021-02-07 03:30:00,47,103,2.0,0.0,0.0,0.1778,6.174,6.0,2,20.5862840886404,,7000.0,0.0,0.0,0.0,47.61734131535731,optimal
2021-02-07 04:00:00,47,103,2.0,0.0,0.0,0.061,3.906,6.0,2,20.65831540702619,,7000.0,0.0,0.0,0.0,47.56972397404195,optimal
2021-02-07 04:30:00,47,103,2.0,0.0,0.0,0.1580666666666666,2.3415,6.0,2,20.72733442039657,,7000.0,0.0,0.0,0.0,47.52215425006791,optimal
2021-02-07 05:00:00,47,103,2.0,0.0,0.0,0.2105999999999999,2.205,6.0,2,20.7980836093141,,7000.0,0.0,0.0,0.0,47.47463209581784,optimal
2021-02-07 05:30:00,47,103,2.0,0.0,1.71276677819803,0.0956666666666666,0.882,6.0,2,20.869617679693363,,7000.0,0.0,0.0,0.0,48.24072168336608,optimal
2021-02-07 06:00:00,47,103,2.0,0.0,0.0,1.1758,1.5435,6.0,2,20.938407829148307,,7000.0,0.0,0.0,0.0,48.19248096168271,optimal
2021-02-07 06:30:00,47,103,2.0,0.0,0.0,1.3827333333333331,1.5435,6.0,2,21.01156470349113,,7000.0,0.0,0.0,0.0,48.144288480721016,optimal
2021-02-07 07:00:00,47,103,2.0,0.0,0.0,0.3905666666666667,5.0715,6.0,2,21.09158522795393,,7000.0,0.0,0.0,0.0,48.096144192240295,optimal
2021-02-07 07:30:00,47,103,2.0,0.0,0.0,1.1290333333333331,5.376,6.0,2,21.171360415547475,,7000.0,0.0,0.0,0.0,48.048048048048045,optimal
2021-02-07 08:00:00,47,103,2.0,0.0,0.0,3.271133333333333,5.0715,6.0,2,21.252983898167845,,7000.0,0.0,0.0,0.0,48.0,optimal
2021-02-07 08:30:00,47,103,2.0,0.0,0.0,0.3055666666666666,5.5125,6.0,2,21.342482653109823,,7000.0,0.0,0.0,0.0,47.74092728459331,optimal
2021-02-07 09:00:00,47,103,0.0,0.0,0.0,0.7248666666666667,9.261,6.0,2,21.4216227668654,,0.0,0.0,0.0,0.0,47.48211364190203,optimal
2021-02-07 09:30:00,47,103,0.0,0.0,0.0,3.9221,11.7075,6.0,2,21.36339076191528,,0.0,0.0,0.0,0.0,47.22355881285344,optimal
2021-02-07 10:00:00,47,103,0.0,0.0,0.0,1.2588333333333332,12.348,6.0,2,21.30950108368529,,0.0,0.0,0.0,0.0,46.9652625386339,optimal
2021-02-07 10:30:00,47,103,0.0,0.0,0.0,0.4720666666666667,12.348,6.0,2,21.24434157514452,,0.0,0.0,0.0,0.0,46.70722456068858,optimal
2021-02-07 11:00:00,47,103,0.0,0.0,0.0,0.6583,12.1275,6.0,2,21.174113788219756,,0.0,0.0,0.0,0.0,46.4494446207212,optimal
2021-02-07 11:30:00,47,103,0.0,0.0,0.0,0.4111,12.5265,6.0,2,21.106965051882906,,0.0,0.0,0.0,0.0,46.1919224606938,optimal
2021-02-07 12:00:00,47,103,0.0,0.0,0.0,0.4468666666666667,11.7495,6.0,2,21.034542589993794,,0.0,0.0,0.0,0.0,45.934657822826416,optimal
2021-02-07 12:30:00,47,103,0.0,0.0,0.0,0.4704666666666666,13.23,6.0,2,20.965375675617214,,0.0,0.0,0.0,0.0,45.6776504495969,optimal
2021-02-07 13:00:00,47,103,0.0,0.0,0.0,0.241,14.3325,6.0,2,20.89513181931552,,0.0,0.0,0.0,0.0,45.42090008374062,optimal
2021-02-07 13:30:00,47,103,0.0,0.0,0.0,0.7302000000000001,14.994,6.0,2,20.825491518620044,,0.0,0.0,0.0,0.0,45.16440646825019,optimal
2021-02-07 14:00:00,47,103,0.0,0.0,0.0,1.6364333333333334,14.8155,6.0,2,20.763274664651647,,0.0,0.0,0.0,0.0,44.90816934637525,optimal
2021-02-07 14:30:00,47,103,0.0,0.0,0.0,0.2951,14.112,6.0,2,20.698262971554783,,0.0,0.0,0.0,0.0,44.65218846162219,optimal
2021-02-07 15:00:00,47,103,0.0,0.0,0.0,0.3450333333333333,14.007,6.0,2,20.62892836883856,,0.0,0.0,0.0,0.0,44.39646355775388,optimal
2021-02-07 15:30:00,47,103,0.0,0.0,0.0,1.098833333333333,13.23,6.0,2,20.56052668760041,,0.0,0.0,0.0,0.0,44.14099437878944,optimal
2021-02-07 16:00:00,47,103,0.0,0.0,0.0,1.4781666666666669,11.382,6.0,2,20.4934916196533,,0.0,0.0,0.0,0.0,43.88578066900397,optimal
2021-02-07 16:30:00,47,103,0.0,0.0,0.0,2.167,11.7495,6.0,2,20.433157031063395,,0.0,0.0,0.0,0.0,43.63082217292828,optimal
2021-02-07 17:00:00,47,103,0.0,0.0,0.0,0.4479333333333333,24.3285,6.0,2,20.375184833906587,,0.0,0.0,0.0,0.0,43.37611863534867,optimal
2021-02-07 17:30:00,47,103,0.0,0.0,0.0,0.6501,28.917,6.0,2,20.30934237140163,,0.0,0.0,0.0,0.0,43.12166980130663,optimal
2021-02-07 18:00:00,47,103,0.0,0.0,0.0,2.3995333333333333,31.3635,6.0,2,20.254919367197296,,0.0,0.0,0.0,0.0,42.86747541609864,optimal
2021-02-07 18:30:00,47,103,0.0,0.0,0.0,0.2969666666666666,33.306,6.0,2,20.20424194247966,,0.0,0.0,0.0,0.0,42.613535225275854,optimal
2021-02-07 19:00:00,47,103,0.0,0.0,0.0,4.622466666666666,31.3425,6.0,2,20.144455813658503,,0.0,0.0,0.0,0.0,42.35984897464389,optimal
2021-02-07 19:30:00,47,103,0.0,0.0,0.0,0.2444333333333333,28.2555,6.0,2,20.114967619159085,,0.0,0.0,0.0,0.0,42.10641641026256,optimal
2021-02-07 20:00:00,47,103,0.0,0.0,0.0,0.1757333333333333,15.6975,6.0,2,20.05817982061106,,0.0,0.0,0.0,0.0,41.85323727844561,optimal
2021-02-07 20:30:00,47,103,0.0,0.0,0.0,0.2259,12.5475,6.0,2,20.0,,0.0,0.0,0.0,0.0,41.60031132576048,optimal
2021-02-07 21:00:00,47,103,0.0,0.0,0.0,0.2979333333333333,12.0855,6.0,2,19.939963963882136,,0.0,0.0,0.0,0.0,41.55871101443472,optimal
2021-02-07 21:30:00,47,103,0.0,0.0,0.0,0.6557000000000001,11.907,6.0,2,19.878933376514976,,0.0,0.0,0.0,0.0,41.51715230342029,optimal
2021-02-07 22:00:00,47,103,0.0,0.0,0.0,1.9319,12.5685,6.0,2,19.82464115840897,,0.0,0.0,0.0,0.0,41.47563515111687,optimal
2021-02-07 22:30:00,47,103,0.0,0.0,0.0,2.3079333333333336,13.146,6.0,2,19.771621664759845,,0.0,0.0,0.0,0.0,41.43415951596575,optimal
2021-02-07 23:00:00,47,103,0.0,0.0,0.0,2.306333333333333,10.584,6.0,2,19.7200121240575,,0.0,0.0,0.0,0.0,41.39272535644979,optimal
2021-02-07 23:30:00,47,103,0.0,0.0,0.0,2.310666666666666,6.678,6.0,2,19.667613669651278,,0.0,0.0,0.0,0.0,41.351332631093335,optimal
2021-02-08 00:00:00,47,103,0.0796190476190476,0.0,0.0,0.387,15.876,6.0,10,19.667613669651278,,0.0,0.0,278.66666666666663,0.0,41.30998129846224,optimal
2021-02-08 00:30:00,47,103,0.0199047619047619,0.0,0.0,0.0710666666666666,12.348,6.0,10,19.598129018497925,,0.0,0.0,69.66666666666666,0.0,41.26867131716378,optimal
2021-02-08 01:00:00,47,103,1.5724761904761906,0.0,0.0,0.5095333333333334,12.1275,6.0,10,19.525613985685204,,0.0,0.0,5503.666666666667,0.0,41.22740264584662,optimal
2021-02-08 01:30:00,47,103,0.0,0.0,0.0,0.06,12.348,6.0,10,19.46472077268413,,0.0,0.0,0.0,0.0,41.18617524320077,optimal
2021-02-08 02:00:00,47,103,0.0,0.0,0.0,0.0759666666666666,12.1275,6.0,10,19.38901819754272,,0.0,0.0,0.0,0.0,41.14498906795757,optimal
2021-02-08 02:30:00,47,103,0.6645140887009199,0.0,0.0,0.2001666666666666,12.1275,6.0,10,19.31376833167657,,2325.7993104532197,0.0,0.0,0.0,41.103844078889615,optimal
2021-02-08 03:00:00,47,103,2.0,0.0,0.0,0.06,11.2665,6.0,10,19.290660169340534,,7000.0,0.0,0.0,0.0,41.062740234810725,optimal
2021-02-08 03:30:00,47,103,2.0,0.0,0.0,0.1556333333333333,10.143,6.0,10,19.36332694075057,,7000.0,0.0,0.0,0.0,41.02167749457591,optimal
2021-02-08 04:00:00,47,103,2.0,0.0,0.0,0.1205,11.2455,6.0,10,19.437450332595382,,7000.0,0.0,0.0,0.0,40.980655817081335,optimal
2021-02-08 04:30:00,47,103,2.0,0.0,0.0,0.06,11.025,6.0,10,19.510271044988865,,7000.0,0.0,0.0,0.0,40.939675161264255,optimal
2021-02-08 05:00:00,47,103,2.0,0.0,0.0,0.1919333333333333,5.9745,6.0,10,19.581034174956358,,7000.0,0.0,0.0,0.0,40.89873548610299,optimal
2021-02-08 05:30:00,47,103,2.0,0.0,0.0,0.0842,7.938,6.0,10,19.653799857239445,,7000.0,0.0,0.0,0.0,40.85783675061689,optimal
2021-02-08 06:00:00,47,103,2.0,0.0,0.0,0.1256333333333333,8.6835,6.0,10,19.723740759961867,,7000.0,0.0,0.0,0.0,40.81697891386627,optimal
2021-02-08 06:30:00,47,103,2.0,0.0,0.0,0.0980666666666666,7.665,6.0,10,19.79400971741737,,7000.0,0.0,0.0,0.0,40.776161934952405,optimal
2021-02-08 07:00:00,47,103,2.0,0.0,0.0,0.1124333333333333,6.7725,6.0,10,19.863152763186854,,7000.0,0.0,0.0,0.0,40.735385773017455,optimal
2021-02-08 07:30:00,47,103,2.0,0.0,0.7498363472963152,0.06,5.5755,6.0,10,19.93205771894196,,7000.0,0.0,0.0,0.0,41.05082265221018,optimal
2021-02-08 08:00:00,47,103,2.0,0.0,5.0,0.2338666666666666,5.0925,6.0,10,20.0,,7000.0,0.0,0.0,0.0,43.38477182955796,optimal
2021-02-08 08:30:00,47,103,2.0,0.0,5.0,1.2884,4.1895,6.0,10,20.07274406698871,,7000.0,0.0,0.0,0.0,45.7163870577284,optimal
2021-02-08 09:00:00,47,103,2.0,0.0,0.0,0.4642,7.056,6.0,10,20.156236072841864,,7000.0,0.0,0.0,0.0,45.670670670670674,optimal
2021-02-08 09:30:00,47,103,2.0,0.0,5.0,1.160766666666667,5.271,6.0,10,20.23772782826421,,7000.0,0.0,0.0,0.0,48.0,optimal
2021-02-08 10:00:00,47,103,2.0,0.0,0.0,1.1966,7.938,6.0,10,20.333407514369668,,7000.0,0.0,0.0,0.0,47.82804434980125,optimal
2021-02-08 10:30:00,47,103,2.0,0.0,0.0,0.4058666666666666,7.938,6.0,10,20.42699353250521,,7000.0,0.0,0.0,0.0,47.65626065525271,optimal
2021-02-08 11:00:00,47,103,2.0,0.0,0.0,0.3816333333333333,11.907,6.0,10,20.503180059136778,,7000.0,0.0,0.0,0.0,47.48464874439871,optimal
2021-02-08 11:30:00,47,103,2.0,0.0,0.0,0.1594666666666666,11.025,6.0,10,20.577619825575297,,7000.0,0.0,0.0,0.0,47.313208445455565,optimal
2021-02-08 12:00:00,47,103,2.0,0.0,0.0,1.2464000000000002,11.2875,6.0,10,20.64724624685709,,7000.0,0.0,0.0,0.0,47.14193958681136,optimal
2021-02-08 12:30:00,47,103,0.0,0.0,0.0,0.7387333333333334,12.936,6.0,10,20.728112168448646,,0.0,0.0,0.0,0.0,46.97084199702581,optimal
2021-02-08 13:00:00,47,103,0.0,0.0,0.0,0.3041333333333333,13.0095,6.0,10,20.65730362603898,,0.0,0.0,0.0,0.0,46.79991550483004,optimal
2021-02-08 13:30:00,47,103,0.0,0.0,0.0,0.211,13.671,6.0,10,20.58019139895289,,0.0,0.0,0.0,0.0,46.62915993912647,optimal
2021-02-08 14:00:00,47,103,0.0,0.0,0.0,0.4344333333333333,13.188,6.0,10,20.50242191589531,,0.0,0.0,0.0,0.0,46.45857512898859,optimal
2021-02-08 14:30:00,47,103,0.0,0.0,0.0,0.9197666666666668,13.8495,6.0,10,20.430218413841857,,0.0,0.0,0.0,0.0,46.28816090366086,optimal
2021-02-08 15:00:00,47,103,0.0,0.0,0.0,0.107,13.23,6.0,10,20.351977170789223,,0.0,0.0,0.0,0.0,46.11791709255845,optimal
2021-02-08 15:30:00,47,103,0.0,0.0,0.0,0.2995,13.3665,6.0,10,20.27376030763661,,0.0,0.0,0.0,0.0,45.947843525267146,optimal
2021-02-08 16:00:00,47,103,1.386916953279017,0.0,0.0,0.3588333333333333,13.0515,6.0,10,20.203110350713256,,4854.209336476561,0.0,0.0,0.0,45.77794003154313,optimal
2021-02-08 16:30:00,47,103,0.0,0.0,0.0,0.1649333333333333,13.5345,6.0,10,20.2422848163511,,0.0,0.0,0.0,0.0,45.608206441312845,optimal
2021-02-08 17:00:00,47,103,0.0,0.0,0.0,0.2602,14.154,6.0,10,20.172227748062728,,0.0,0.0,0.0,0.0,45.43864258467279,optimal
2021-02-08 17:30:00,47,103,0.0,0.0,0.0,0.5337999999999999,14.112,6.0,10,20.10665520960374,,0.0,0.0,0.0,0.0,45.26924829188937,optimal
2021-02-08 18:00:00,47,103,0.0,0.0,0.0,1.5469333333333335,14.2485,6.0,10,20.04198704239379,,0.0,0.0,0.0,0.0,45.100023393398736,optimal
2021-02-08 18:30:00,47,103,1.6511742497837807,0.0,0.0,0.4564666666666666,12.789,6.0,10,20.0,,5779.109874243232,0.0,0.0,0.0,44.9309677198066,optimal
2021-02-08 19:00:00,47,103,0.0,0.0,0.0,1.6848333333333332,13.0095,6.0,10,20.05557741185639,,0.0,0.0,0.0,0.0,44.76208110188804,optimal
2021-02-08 19:30:00,47,103,1.976472083539353,0.0,0.0,0.7348666666666667,12.1275,6.0,10,20.0,,6917.652292387736,0.0,0.0,0.0,44.59336337058741,optimal
2021-02-08 20:00:00,47,103,0.0,0.0,0.0,0.2843,12.348,6.0,10,20.07662622471236,,0.0,0.0,0.0,0.0,44.42481435701808,optimal
2021-02-08 20:30:00,47,103,0.0,0.0,0.0,0.3058999999999999,12.348,6.0,10,20.0,,0.0,0.0,0.0,0.0,44.25643389246232,optimal
2021-02-08 21:00:00,47,103,0.0,0.0,0.0,0.4344666666666665,25.389,6.0,10,19.920636996251336,,0.0,0.0,0.0,0.0,44.08822180837111,optimal
2021-02-08 21:30:00,47,103,0.0,0.0,0.0,1.0520333333333334,29.1375,6.0,10,19.845133775919383,,0.0,0.0,0.0,0.0,43.92017793636399,optimal
2021-02-08 22:00:00,47,103,0.0,0.0,0.0,3.168733333333333,30.597,6.0,10,19.766299876657445,,0.0,0.0,0.0,0.0,43.87625775842763,optimal
2021-02-08 22:30:00,47,103,0.0,0.0,0.0,0.6610333333333333,33.684,6.0,10,19.737526805093275,,0.0,0.0,0.0,0.0,43.8323815006692,optimal
2021-02-08 23:00:00,47,103,0.0,0.0,0.0,0.7203999999999999,32.445,6.0,10,19.6720627030718,,0.0,0.0,0.0,0.0,43.78854911916853,optimal
2021-02-08 23:30:00,47,103,0.0,0.0,0.0,0.2891,28.917,6.0,10,19.610388363835924,,0.0,0.0,0.0,0.0,43.74476057004936,optimal
2021-02-09 00:00:00,47,103,2.0,0.0,0.0,0.1604,12.1275,6.0,-2,19.610388363835924,,6582.0,0.0,418.0,0.0,43.70101580947931,optimal
2021-02-09 00:30:00,47,103,2.0,0.0,0.0,0.2,11.823,6.0,-2,19.675602519812475,,242.33333333333303,0.0,6757.666666666667,0.0,43.65731479366983,optimal
2021-02-09 01:00:00,47,103,2.0,0.0,0.0,0.3624,11.7705,6.0,-2,19.60498094378164,,7000.0,0.0,0.0,0.0,43.61365747887616,optimal
2021-02-09 01:30:00,47,103,2.0,0.0,0.6190845771906077,0.048,11.13,6.0,-2,19.67741083364736,,7000.0,0.0,0.0,0.0,43.864108995562816,optimal
2021-02-09 02:00:00,47,103,2.0,0.0,0.0,0.1244,11.6865,6.0,-2,19.742440215582107,,7000.0,0.0,0.0,0.0,43.82024488656725,optimal
2021-02-09 02:30:00,47,103,2.0,0.0,5.0,0.244,10.7205,6.0,-2,19.808329162714852,,7000.0,0.0,0.0,0.0,46.15142464168068,optimal
2021-02-09 03:00:00,47,103,2.0,0.0,0.0,0.09,11.424,6.0,-2,19.876663655508438,,7000.0,0.0,0.0,0.0,46.10527321703899,optimal
2021-02-09 03:30:00,47,103,2.0,0.0,5.0,0.1906666666666666,10.689,6.0,-2,19.941673207721244,,7000.0,0.0,0.0,0.0,48.434167943821954,optimal
2021-02-09 04:00:00,47,103,2.0,0.0,0.0,0.1441333333333333,11.361,6.0,-2,20.00896057488287,,7000.0,0.0,0.0,0.0,48.38573377587813,optimal
2021-02-09 04:30:00,47,103,2.0,0.0,0.0,0.1152,11.571,6.0,-2,20.075416803239865,,7000.0,0.0,0.0,0.0,48.33734804210225,optimal
2021-02-09 05:00:00,47,103,0.0,0.0,0.0,0.1441333333333333,14.3745,6.0,-2,20.14050881402264,,0.0,0.0,0.0,0.0,48.28901069406015,optimal
2021-02-09 05:30:00,47,103,2.0,0.0,0.0,1.3813333333333333,13.23,6.0,-2,20.05810805851957,,7000.0,0.0,0.0,0.0,48.24072168336608,optimal
2021-02-09 06:00:00,47,103,2.0,0.0,0.0,0.3159333333333333,13.9755,6.0,-2,20.13830420235336,,7000.0,0.0,0.0,0.0,48.19248096168271,optimal
2021-02-09 06:30:00,47,103,0.0,0.0,0.0,2.2676,14.994,6.0,-2,20.22452160158551,,0.0,0.0,0.0,0.0,48.144288480721016,optimal
2021-02-09 07:00:00,47,103,2.0,0.0,0.0,1.1189666666666669,13.671,6.0,-2,20.169267133590488,,7000.0,0.0,0.0,0.0,48.096144192240295,optimal
2021-02-09 07:30:00,47,103,0.0,0.0,0.0,2.1614,15.981,6.0,-2,20.25521688737009,,0.0,0.0,0.0,0.0,48.048048048048045,optimal
2021-02-09 08:00:00,47,103,0.0,0.0,0.0,1.9771666666666667,15.6345,6.0,-2,20.198055057776383,,0.0,0.0,0.0,0.0,48.0,optimal
2021-02-09 08:30:00,47,103,0.0,0.0,0.0,1.8534666666666664,16.5375,6.0,-2,20.139394461408926,,0.0,0.0,0.0,0.0,47.904035594262254,optimal
2021-02-09 09:00:00,47,103,0.4454806567703548,0.0,0.0,1.5611666666666668,14.7735,6.0,-2,20.079574328510844,,1559.1822986962418,0.0,0.0,0.0,47.808167152930245,optimal
2021-02-09 09:30:00,47,103,0.0,0.0,0.0,0.9899,15.2145,6.0,-2,20.05900075369981,,0.0,0.0,0.0,0.0,47.71239458003957,optimal
2021-02-09 10:00:00,47,103,0.7993357105887927,0.0,0.0,2.6703666666666668,14.553,6.0,-2,20.0,,2797.6749870607746,0.0,0.0,0.0,47.61671777972179,optimal
2021-02-09 10:30:00,47,103,2.0,0.0,0.0,1.380766666666667,14.3325,6.0,-2,20.0,,7000.0,0.0,0.0,0.0,47.52113665620432,optimal
2021-02-09 11:00:00,47,103,0.8697087182024638,0.0,0.0,1.607733333333333,14.595,6.0,-2,20.079600723854604,,3043.980513708623,0.0,0.0,0.0,47.42565111381037,optimal
2021-02-09 11:30:00,47,103,0.0,0.0,0.0,0.4328666666666667,14.994,6.0,-2,20.07087037685662,,0.0,0.0,0.0,0.0,47.33026105695881,optimal
2021-02-09 12:00:00,47,103,1.9183853367037005,0.0,0.0,0.375,14.3325,6.0,-2,20.0,,6714.34867846295,0.0,0.0,0.0,47.23496639016411,optimal
2021-02-09 12:30:00,47,103,2.0,0.0,0.0,0.6491666666666667,13.8915,6.0,-2,20.06868045583438,,7000.0,0.0,0.0,0.0,47.1397670180362,optimal
2021-02-09 13:00:00,47,103,2.0,0.0,0.0,0.4550666666666667,13.8915,6.0,-2,20.147376286196188,,7000.0,0.0,0.0,0.0,47.04466284528042,optimal
2021-02-09 13:30:00,47,103,2.0,0.0,0.0,2.453933333333333,13.4715,6.0,-2,20.22330660042747,,7000.0,0.0,0.0,0.0,46.9496537766974,optimal
2021-02-09 14:00:00,47,103,2.0,0.0,0.0,2.252766666666667,13.23,6.0,-2,20.30200181773378,,7000.0,0.0,0.0,0.0,46.85473971718295,optimal
2021-02-09 14:30:00,47,103,2.0,0.0,0.0,2.5179,13.8915,6.0,-2,20.384382769350985,,7000.0,0.0,0.0,0.0,46.75992057172802,optimal
2021-02-09 15:00:00,47,103,0.0,0.0,0.0,0.302,26.9325,6.0,-2,20.470998850263825,,0.0,0.0,0.0,0.0,46.66519624541855,optimal
2021-02-09 15:30:00,47,103,0.0,0.0,0.0,0.5058333333333334,30.303,6.0,-2,20.4020360772527,,0.0,0.0,0.0,0.0,46.57056664343538,optimal
2021-02-09 16:00:00,47,103,0.0,0.0,0.0,1.2294666666666667,32.886,6.0,-2,20.3466907258836,,0.0,0.0,0.0,0.0,46.4760316710542,optimal
2021-02-09 16:30:00,47,103,0.0,0.0,0.0,2.4118666666666666,34.9965,6.0,-2,20.289819311284496,,0.0,0.0,0.0,0.0,46.3815912336454,optimal
2021-02-09 17:00:00,47,103,0.0,0.0,0.0,0.9432,33.327,6.0,-2,20.234058483946388,,0.0,0.0,0.0,0.0,46.28724523667401,optimal
2021-02-09 17:30:00,47,103,0.0,0.0,0.0,2.3906666666666667,31.122,6.0,-2,20.170578100725724,,0.0,0.0,0.0,0.0,46.19299358569959,optimal
2021-02-09 18:00:00,47,103,0.0,0.0,0.0,0.4501333333333333,17.9025,6.0,-2,20.11036437874908,,0.0,0.0,0.0,0.0,46.09883618637615,optimal
2021-02-09 18:30:00,47,103,0.0,0.0,0.0,0.5902999999999999,15.6555,6.0,-2,20.0555833198697,,0.0,0.0,0.0,0.0,46.00477294445203,optimal
2021-02-09 19:00:00,47,103,0.7279024178629548,0.0,0.0,0.5233333333333333,14.553,6.0,-2,20.0,,2547.658462520342,0.0,0.0,0.0,45.91080376576984,optimal
2021-02-09 19:30:00,47,103,0.6303690845296395,0.0,0.0,0.3865666666666666,14.3325,6.0,-2,20.0,,2206.291795853738,0.0,0.0,0.0,45.86489296200406,optimal
2021-02-09 20:00:00,47,103,0.6530147988153324,0.0,0.0,1.0151333333333332,13.335,6.0,-2,20.0,,2006.885129186997,0.0,278.66666666666663,0.0,45.81902806904206,optimal
2021-02-09 20:30:00,47,103,0.0796190476190476,0.0,0.0,2.9607666666666668,12.1275,6.0,-2,20.0,,0.0,0.0,278.66666666666663,0.0,45.77320904097302,optimal
2021-02-09 21:00:00,47,103,0.0,0.0,0.0,1.8689,12.2955,6.0,-2,19.96615227780774,,0.0,0.0,0.0,0.0,45.72743583193205,optimal
2021-02-09 21:30:00,47,103,0.0,0.0,0.0,1.2404666666666666,11.6865,6.0,-2,19.93457315481148,,0.0,0.0,0.0,0.0,45.68170839610011,optimal
2021-02-09 22:00:00,47,103,0.1393333333333333,0.0,0.0,2.597033333333333,11.466,6.0,-2,19.89373331344709,,0.0,0.0,487.6666666666667,0.0,45.63602668770401,optimal
2021-02-09 22:30:00,47,103,0.0199047619047619,0.0,0.0,1.2288666666666666,10.8045,6.0,-2,19.855404895904037,,0.0,0.0,69.66666666666666,0.0,45.59039066101631,optimal
2021-02-09 23:00:00,47,103,0.0597142857142857,0.0,0.0,0.7650666666666667,10.584,6.0,-2,19.811261572291748,,0.0,0.0,209.0,0.0,45.54480027035529,optimal
2021-02-09 23:30:00,47,103,0.0,0.0,0.0,0.5886333333333333,11.2455,6.0,-2,19.76591885223309,,0.0,0.0,0.0,0.0,45.49925547008493,optimal
2021-02-10 00:00:00,47,103,2.0,0.0,0.0,0.047,11.508,6.0,-3,19.76591885223309,,7000.0,0.0,0.0,0.0,45.45375621461485,optimal
2021-02-10 00:30:00,47,103,2.0,0.0,0.0,0.1845333333333333,11.844,6.0,-3,19.831474960363032,,0.0,0.0,7000.0,0.0,45.40830245840024,optimal
2021-02-10 01:00:00,47,103,2.0,0.0,0.0,0.3964,11.508,6.0,-3,19.75548925207317,,0.0,0.0,7000.0,0.0,45.36289415594184,optimal
2021-02-10 01:30:00,47,103,2.0,0.0,0.0,0.192,11.508,6.0,-3,19.68473157861909,,5882.333333333333,0.0,1117.6666666666667,0.0,45.317531261785895,optimal
2021-02-10 02:00:00,47,103,2.0,0.0,5.0,0.5086,10.4475,6.0,-3,19.733714894316645,,7000.0,0.0,0.0,0.0,47.64721373052411,optimal
2021-02-10 02:30:00,47,103,2.0,0.0,0.0,0.2080333333333333,10.8675,6.0,-3,19.8116245261183,,7000.0,0.0,0.0,0.0,47.59956651679359,optimal
2021-02-10 03:00:00,47,103,2.0,0.0,1.1456362988705324,0.432,10.542,6.0,-3,19.88338861675656,,7000.0,0.0,0.0,0.0,48.096144192240295,optimal
2021-02-10 03:30:00,47,103,2.0,0.0,0.0,0.198,11.025,6.0,-3,19.95983502849698,,7000.0,0.0,0.0,0.0,48.048048048048045,optimal
2021-02-10 04:00:00,47,103,2.0,0.0,0.0,0.264,11.025,6.0,-3,20.030638344511225,,7000.0,0.0,0.0,0.0,48.0,optimal
2021-02-10 04:30:00,47,103,2.0,0.0,0.0,0.1983333333333332,14.553,6.0,-3,20.100968885403248,,7000.0,0.0,0.0,0.0,47.59946817197398,optimal
2021-02-10 05:00:00,47,103,2.0,0.0,0.0,0.2963,13.0935,6.0,-3,20.167512272261657,,7000.0,0.0,0.0,0.0,47.19933687577599,optimal
2021-02-10 05:30:00,47,103,2.0,0.0,0.0,0.256,15.6345,6.0,-3,20.23705339231375,,7000.0,0.0,0.0,0.0,46.7996057108742,optimal
2021-02-10 06:00:00,47,103,0.0,0.0,0.0,0.2277333333333333,18.102,6.0,-3,20.304644430204377,,0.0,0.0,0.0,0.0,46.40027427713731,optimal
2021-02-10 06:30:00,47,103,1.0135961910539018,0.0,0.0,0.208,17.199,6.0,-3,20.226545909669028,,3547.586668688656,0.0,0.0,0.0,46.00134217483415,optimal
2021-02-10 07:00:00,47,103,0.0,0.0,0.0,0.4124,18.2805,6.0,-3,20.224309293514967,,0.0,0.0,0.0,0.0,45.6028090046333,optimal
2021-02-10 07:30:00,47,103,0.0,0.0,0.0,0.1985,17.4615,6.0,-3,20.15101558866692,,0.0,0.0,0.0,0.0,45.20467436760265,optimal
2021-02-10 08:00:00,47,103,0.0,0.0,0.0,0.2613999999999999,18.3225,6.0,-3,20.074417393903893,,0.0,0.0,0.0,0.0,44.80693786520903,optimal
2021-02-10 08:30:00,47,103,2.0,0.0,0.0,0.3663333333333333,17.094,6.0,-3,20.0,,7000.0,0.0,0.0,0.0,44.4095990993178,optimal
2021-02-10 09:00:00,47,103,2.0,0.0,0.0,0.0871666666666666,17.094,6.0,-3,20.07390113668959,,7000.0,0.0,0.0,0.0,44.01265767219247,optimal
2021-02-10 09:30:00,47,103,2.0,0.0,0.0,0.1263333333333333,17.094,6.0,-3,20.13981314428947,,7000.0,0.0,0.0,0.0,43.61611318649426,optimal
2021-02-10 10:00:00,47,103,2.0,0.0,0.0,0.1457333333333333,17.3565,6.0,-3,20.20708145773575,,7000.0,0.0,0.0,0.0,43.21996524528175,optimal
2021-02-10 10:30:00,47,103,2.0,0.0,0.0,0.0783333333333333,17.115,6.0,-3,20.273574536371036,,7000.0,0.0,0.0,0.0,42.82421345201045,optimal
2021-02-10 11:00:00,47,103,2.0,0.0,0.0,1.055233333333333,17.241,6.0,-3,20.337364679716917,,7000.0,0.0,0.0,0.0,42.42885741053242,optimal
2021-02-10 11:30:00,47,103,2.0,0.0,0.0,0.8018333333333334,17.094,6.0,-3,20.41679589914376,,7000.0,0.0,0.0,0.0,42.03389672509587,optimal
2021-02-10 12:00:00,47,103,2.0,0.0,0.0,0.092,16.5165,6.0,-3,20.48785466026297,,7000.0,0.0,0.0,0.0,41.63933100034476,optimal
2021-02-10 12:30:00,47,103,0.658146502485687,0.0,0.0,0.092,17.8185,6.0,-3,20.547348762953604,,2303.512758699904,0.0,0.0,0.0,41.2451598413184,optimal
2021-02-10 13:00:00,47,103,2.0,0.0,0.0,0.2742666666666666,17.094,6.0,-3,20.507709988070708,,7000.0,0.0,0.0,0.0,40.85138285345106,optimal
2021-02-10 13:30:00,47,103,2.0,0.0,0.0,0.3815333333333333,16.8945,6.0,-3,20.574213614016067,,7000.0,0.0,0.0,0.0,40.45799964257159,optimal
2021-02-10 14:00:00,47,103,0.0,0.0,0.0,0.5494,18.123,6.0,-3,20.646752472519868,,0.0,0.0,0.0,0.0,40.06500981490301,optimal
2021-02-10 14:30:00,47,103,0.0,0.0,0.0,0.4038,31.647,6.0,-3,20.57426812082409,,0.0,0.0,0.0,0.0,39.67241297706209,optimal
2021-02-10 15:00:00,47,103,0.0,0.0,0.0,0.4003333333333333,34.9965,6.0,-3,20.500801868913705,,0.0,0.0,0.0,0.0,39.28020873605901,optimal
2021-02-10 15:30:00,47,103,0.0,0.0,0.0,0.059,34.9965,6.0,-3,20.42929400030354,,0.0,0.0,0.0,0.0,38.88839669929693,optimal
2021-02-10 16:00:00,47,103,0.0,0.0,0.0,0.3520333333333333,34.9965,6.0,-3,20.341913590778624,,0.0,0.0,0.0,0.0,38.49697647457162,optimal
2021-02-10 16:30:00,47,103,0.0,0.0,0.0,0.32,34.9965,6.0,-3,20.268428457422864,,0.0,0.0,0.0,0.0,38.10594767007103,optimal
2021-02-10 17:00:00,47,103,0.0,0.0,0.0,0.386,34.9965,6.0,-3,20.196358629785557,,0.0,0.0,0.0,0.0,37.71530989437495,optimal
2021-02-10 17:30:00,47,103,0.0,0.0,0.0,1.6661333333333337,27.741,6.0,-3,20.125619096882858,,0.0,0.0,0.0,0.0,37.32506275645456,optimal
2021-02-10 18:00:00,47,103,0.0,0.0,0.0,1.507266666666667,19.026,6.0,-3,20.06423144350466,,0.0,0.0,0.0,0.0,36.93520586567209,optimal
2021-02-10 18:30:00,47,103,1.0279768859745186,0.0,0.0,0.1680666666666666,18.7215,6.0,-3,20.0,,3597.919100910816,0.0,0.0,0.0,36.5457388317804,optimal
2021-02-10 19:00:00,47,103,0.9420300514260472,0.0,0.0,0.5471,17.4195,6.0,-3,20.0,,3297.105179991165,0.0,0.0,0.0,36.1566612649226,optimal
2021-02-10 19:30:00,47,103,1.0628239941189377,0.0,0.0,0.2838,16.758,6.0,-3,20.0,,3719.883979416281,0.0,0.0,0.0,35.767972775631655,optimal
2021-02-10 20:00:00,47,103,1.069307460621396,0.0,0.0,1.5151333333333334,14.217,6.0,-3,20.0,,3533.5761121748856,0.0,209.0,0.0,35.37967297483001,optimal
2021-02-10 20:30:00,47,103,0.0398095238095238,0.0,0.0,0.3831666666666667,13.3665,6.0,-3,20.0,,0.0,0.0,139.33333333333331,0.0,34.991761473829165,optimal
2021-02-10 21:00:00,47,103,0.0,0.0,0.0,0.259,12.789,6.0,-3,19.92536174012659,,0.0,0.0,0.0,0.0,34.60423788432932,optimal
2021-02-10 21:30:00,47,103,0.0,0.0,0.0,0.3314,11.907,6.0,-3,19.846028044759574,,0.0,0.0,0.0,0.0,34.217101818418975,optimal
2021-02-10 22:00:00,47,103,0.0,0.0,0.0,0.5811000000000001,11.7075,6.0,-3,19.76181487707948,,0.0,0.0,0.0,0.0,34.182884716600554,optimal
2021-02-10 22:30:00,47,103,0.0,0.0,0.0,1.0375333333333332,10.8045,6.0,-3,19.68156982734654,,0.0,0.0,0.0,0.0,34.148701831883955,optimal
2021-02-10 23:00:00,47,103,0.0,0.0,0.0,0.1086666666666666,11.508,6.0,-3,19.61146606197037,,0.0,0.0,0.0,0.0,34.11455313005207,optimal
2021-02-10 23:30:00,47,103,0.0,0.0,0.0,0.0963333333333333,11.508,6.0,-3,19.515041490338778,,0.0,0.0,0.0,0.0,34.08043857692202,optimal
2021-02-11 00:00:00,47,103,2.0,0.0,0.0,0.2725,11.2455,6.0,1,19.515041490338778,,7000.0,0.0,0.0,0.0,34.0463581383451,optimal
2021-02-11 00:30:00,47,103,2.0,0.0,0.3702646904673507,0.8398,11.025,6.0,1,19.569059636436364,,0.0,0.0,7000.0,0.0,34.188187508178736,optimal
2021-02-11 01:00:00,47,103,2.0,0.0,0.0,1.5714,12.0855,6.0,1,19.478703766621468,,0.0,0.0,7000.0,0.0,34.15399932067056,optimal
2021-02-11 01:30:00,47,103,2.0,0.0,0.0,0.3082,11.6865,6.0,1,19.39095164805276,,0.0,0.0,7000.0,0.0,34.119845321349885,optimal
2021-02-11 02:00:00,47,103,2.0,0.0,0.0,0.4639333333333332,11.2245,6.0,1,19.303704990090917,,6403.333333333333,0.0,596.6666666666666,0.0,34.08572547602853,optimal
2021-02-11 02:30:00,47,103,2.0,0.0,5.0,1.981266666666667,11.025,6.0,1,19.351117151951453,,6860.666666666667,0.0,139.33333333333334,0.0,36.426639750552496,optimal
2021-02-11 03:00:00,47,103,2.0,0.0,5.0,0.9953666666666668,10.7835,6.0,1,19.41143736294948,,7000.0,0.0,0.0,0.0,38.76521311080194,optimal
2021-02-11 03:30:00,47,103,2.0,0.0,5.0,1.5175999999999998,11.025,6.0,1,19.47291286014208,,6512.333333333333,0.0,487.6666666666667,0.0,41.10144789769113,optimal
2021-02-11 04:00:00,47,103,2.0,0.0,5.0,1.5231333333333337,10.584,6.0,1,19.528663977403124,,7000.0,0.0,0.0,0.0,43.43534644979344,optimal
2021-02-11 04:30:00,47,103,2.0,0.0,5.0,0.9294666666666668,11.025,6.0,1,19.603119580185734,,7000.0,0.0,0.0,0.0,45.76691110334364,optimal
2021-02-11 05:00:00,47,103,2.0,0.0,5.0,0.7383666666666667,10.4265,6.0,1,19.681996337377285,,7000.0,0.0,0.0,0.0,48.096144192240295,optimal
2021-02-11 05:30:00,47,103,2.0,0.0,0.0,2.4009333333333336,12.789,6.0,1,19.75549964524038,,7000.0,0.0,0.0,0.0,48.048048048048045,optimal
2021-02-11 06:00:00,47,103,2.0,0.0,0.0,0.9082666666666668,12.684,6.0,1,19.824493346401024,,7000.0,0.0,0.0,0.0,48.0,optimal
2021-02-11 06:30:00,47,103,2.0,0.0,0.0,1.2981333333333334,16.254,6.0,1,19.89544956883586,,7000.0,0.0,0.0,0.0,47.89186354329253,optimal
2021-02-11 07:00:00,47,103,2.0,0.0,0.0,3.495733333333333,17.64,6.0,1,19.966495676268963,,7000.0,0.0,0.0,0.0,47.78383522304177,optimal
2021-02-11 07:30:00,47,103,2.0,0.0,0.0,0.32,19.1625,6.0,1,20.038548848197017,,7000.0,0.0,0.0,0.0,47.67591493111126,optimal
2021-02-11 08:00:00,47,103,0.0,0.0,0.0,2.458433333333333,26.46,6.0,1,20.102735564254047,,0.0,0.0,0.0,0.0,47.56810255947268,optimal
2021-02-11 08:30:00,47,103,1.808080842176887,0.0,0.0,2.5299666666666667,20.79,6.0,1,20.02552758675188,,6328.282947619105,0.0,0.0,0.0,47.460398000205736,optimal
2021-02-11 09:00:00,47,103,0.0,0.0,0.0,0.2323333333333332,29.106,6.0,1,20.0850868136351,,0.0,0.0,0.0,0.0,47.35280114549806,optimal
2021-02-11 09:30:00,47,103,2.0,0.0,0.0,0.2892,19.1835,6.0,1,20.0,,6582.0,0.0,418.0,0.0,47.24531188764509,optimal
2021-02-11 10:00:00,47,103,0.1147535373288431,0.0,0.0,0.271,19.6665,6.0,1,20.06204439941357,,401.6373806509508,0.0,0.0,0.0,47.13793011904998,optimal
2021-02-11 10:30:00,47,103,0.9807767505593464,0.0,0.0,3.1544666666666665,19.404,6.0,1,20.0,,2805.718626957712,0.0,627.0,0.0,47.030655732223465,optimal
2021-02-11 11:00:00,47,103,1.7454103186216492,0.0,0.0,2.7489,19.047,6.0,1,20.0,,3302.904325167455,0.0,2806.031790008317,0.0,46.923488619783775,optimal
2021-02-11 11:30:00,47,103,2.0,0.0,0.0,2.181233333333333,18.858,6.0,1,20.0,,6531.698456674983,0.0,468.3015433250166,0.0,46.816428674456525,optimal
2021-02-11 12:00:00,47,103,0.0,0.0,0.0,3.9901,19.2675,6.0,1,20.06687589373821,,0.0,0.0,0.0,0.0,46.7094757890746,optimal
2021-02-11 12:30:00,47,103,2.0,0.0,0.0,2.063066666666667,18.963,6.0,1,20.01699574063863,,7000.0,0.0,0.0,0.0,46.60262985657806,optimal
2021-02-11 13:00:00,47,103,2.0,0.0,0.0,0.2515333333333333,18.438,6.0,1,20.08962281727881,,7000.0,0.0,0.0,0.0,46.495890770014014,optimal
2021-02-11 13:30:00,47,103,2.0,0.0,0.0,0.072,18.7425,6.0,1,20.16014582008904,,7000.0,0.0,0.0,0.0,46.389258422536535,optimal
2021-02-11 14:00:00,47,103,2.0,0.0,0.0,0.0831333333333333,15.2145,6.0,1,20.227023300803392,,7000.0,0.0,0.0,0.0,46.28273270740653,optimal
2021-02-11 14:30:00,47,103,2.0,0.0,0.0,0.2475333333333333,17.7765,6.0,1,20.2942854092568,,7000.0,0.0,0.0,0.0,46.17631351799166,optimal
2021-02-11 15:00:00,47,103,2.0,0.0,0.0,0.072,16.758,6.0,1,20.363115218923262,,7000.0,0.0,0.0,0.0,46.0700007477662,optimal
2021-02-11 15:30:00,47,103,2.0,0.0,0.0,0.072,16.422,6.0,1,20.426349880891195,,7000.0,0.0,0.0,0.0,45.963794290310965,optimal
2021-02-11 16:00:00,47,103,2.0,0.0,0.0,1.0633333333333332,16.758,6.0,1,20.48408048203493,,7000.0,0.0,0.0,0.0,45.85769403931319,optimal
2021-02-11 16:30:00,47,103,0.0,0.0,0.0,1.8142,29.358,6.0,1,20.554881610040123,,0.0,0.0,0.0,0.0,45.75169988856641,optimal
2021-02-11 17:00:00,47,103,0.0,0.0,0.0,2.5098000000000003,34.9965,6.0,1,20.496248711896573,,0.0,0.0,0.0,0.0,45.64581173197037,optimal
2021-02-11 17:30:00,47,103,0.0,0.0,0.0,0.4295666666666666,34.65,6.0,1,20.419318079949317,,0.0,0.0,0.0,0.0,45.54002946353093,optimal
2021-02-11 18:00:00,47,103,0.0,0.0,0.0,0.6765,34.9965,6.0,1,20.336768698719947,,0.0,0.0,0.0,0.0,45.43435297735993,optimal
2021-02-11 18:30:00,47,103,0.0,0.0,0.0,2.712733333333333,34.9965,6.0,1,20.25908354962959,,0.0,0.0,0.0,0.0,45.3287821676751,optimal
2021-02-11 19:00:00,47,103,0.0,0.0,0.0,0.5964333333333333,30.4815,6.0,1,20.182678007372928,,0.0,0.0,0.0,0.0,45.22331692879996,optimal
2021-02-11 19:30:00,47,103,0.0,0.0,0.0,0.3601333333333333,21.4305,6.0,1,20.096406390966894,,0.0,0.0,0.0,0.0,45.117957155163694,optimal
2021-02-11 20:00:00,47,103,1.4328064129359424,0.0,0.0,0.1654,14.3325,6.0,1,20.0,,4736.155778609131,0.0,278.66666666666663,0.0,45.01270274130106,optimal
2021-02-11 20:30:00,47,103,0.0597142857142857,0.0,0.0,0.2822666666666666,13.692,6.0,1,20.0,,0.0,0.0,209.0,0.0,44.90755358185229,optimal
2021-02-11 21:00:00,47,103,0.0,0.0,0.0,0.3561333333333333,14.007,6.0,1,19.90548217592488,,0.0,0.0,0.0,0.0,44.80250957156297,optimal
2021-02-11 21:30:00,47,103,0.0,0.0,0.0,2.1282666666666668,12.873,6.0,1,19.80758832001684,,0.0,0.0,0.0,0.0,44.69757060528394,optimal
2021-02-11 22:00:00,47,103,0.0,0.0,0.0,0.8442333333333334,12.684,6.0,1,19.715122198081232,,0.0,0.0,0.0,0.0,44.652873034678656,optimal
2021-02-11 22:30:00,47,103,0.0597142857142857,0.0,0.0,1.1403666666666663,12.306,6.0,1,19.630338594536337,,0.0,0.0,209.0,0.0,44.60822016164398,optimal
2021-02-11 23:00:00,47,103,0.1194285714285714,0.0,0.0,1.9301,10.6365,6.0,1,19.53721930392169,,0.0,0.0,418.0,0.0,44.563611941482336,optimal
2021-02-11 23:30:00,47,103,0.0,0.0,0.0,0.8440666666666667,11.2455,6.0,1,19.447654574722566,,0.0,0.0,0.0,0.0,44.51904832954085,optimal
2021-02-12 00:00:00,47,103,2.0,0.0,0.0,0.061,10.584,6.0,-6,19.447654574722566,,7000.0,0.0,0.0,0.0,44.47452928121131,optimal
2021-02-12 00:30:00,47,103,2.0,0.0,5.0,0.061,9.4185,6.0,-6,19.48173253127369,,6651.666666666667,0.0,348.3333333333333,0.0,46.8050547519301,optimal
2021-02-12 01:00:00,47,103,2.0,0.0,0.0,0.1489666666666666,10.3635,6.0,-6,19.50832332822516,,7000.0,0.0,0.0,0.0,46.75824969717817,optimal
2021-02-12 01:30:00,47,103,2.0,0.0,3.9332001899985647,0.1219,9.8385,6.0,-6,19.543977784092693,,7000.0,0.0,0.0,0.0,48.57976153773031,optimal
2021-02-12 02:00:00,47,103,2.0,0.0,0.0,0.061,11.067,6.0,-6,19.57935439091222,,7000.0,0.0,0.0,0.0,48.53118177619257,optimal
2021-02-12 02:30:00,47,103,2.0,0.0,0.0,0.2098666666666666,10.8465,6.0,-6,19.61374220373252,,7000.0,0.0,0.0,0.0,48.48265059441637,optimal
2021-02-12 03:00:00,47,103,2.0,0.0,0.0,0.061,13.671,6.0,-6,19.652468718836623,,7000.0,0.0,0.0,0.0,48.434167943821954,optimal
2021-02-12 03:30:00,47,103,2.0,0.0,0.0,0.1963333333333332,12.348,6.0,-6,19.689246844823383,,7000.0,0.0,0.0,0.0,48.38573377587813,optimal
2021-02-12 04:00:00,47,103,2.0,0.0,0.0,0.0745333333333333,14.3325,6.0,-6,19.73188261993592,,7000.0,0.0,0.0,0.0,48.33734804210225,optimal
2021-02-12 04:30:00,47,103,1.8869549651501376,0.0,0.0,0.061,15.393,6.0,-6,19.77493670835013,,6604.342378025482,0.0,0.0,0.0,48.28901069406015,optimal
2021-02-12 05:00:00,47,103,2.0,0.0,0.0,0.1760333333333333,13.587,6.0,-6,19.81235751550128,,7000.0,0.0,0.0,0.0,48.24072168336608,optimal
2021-02-12 05:30:00,47,103,0.0,0.0,0.0,0.0948333333333333,16.1385,6.0,-6,19.86353448715456,,0.0,0.0,0.0,0.0,48.19248096168271,optimal
2021-02-12 06:00:00,47,103,2.0,0.0,0.0,0.0813,14.595,6.0,-6,19.76904648358126,,7000.0,0.0,0.0,0.0,48.144288480721016,optimal
2021-02-12 06:30:00,47,103,2.0,0.0,0.0,0.1955666666666666,14.637,6.0,-6,19.82568446082949,,7000.0,0.0,0.0,0.0,48.096144192240295,optimal
2021-02-12 07:00:00,47,103,2.0,0.0,0.0,0.071,13.9125,6.0,-6,19.884798215306034,,7000.0,0.0,0.0,0.0,48.048048048048045,optimal
2021-02-12 07:30:00,47,103,2.0,0.0,0.0,0.1682666666666666,13.3665,6.0,-6,19.941391076945404,,7000.0,0.0,0.0,0.0,48.0,optimal
2021-02-12 08:00:00,47,103,2.0,0.0,0.0,0.0996,13.0095,6.0,-6,20.0,,4367.310182504201,0.0,2632.6898174957987,0.0,47.684299870023466,optimal
2021-02-12 08:30:00,47,103,2.0,0.0,0.0,0.3665666666666666,13.8915,6.0,-6,20.0,,4144.446555377763,0.0,2855.5534446222373,0.0,47.36891544017691,optimal
2021-02-12 09:00:00,47,103,2.0,0.0,0.0,0.4099,13.188,6.0,-6,20.0,,4091.749523854838,0.0,2908.250476145161,0.0,47.05384639476021,optimal
2021-02-12 09:30:00,47,103,2.0,0.0,0.0,0.2945333333333333,12.5685,6.0,-6,20.0,,4389.160404929864,0.0,2610.839595070136,0.0,46.739092418388914,optimal
2021-02-12 10:00:00,47,103,2.0,0.0,0.0,0.2161999999999999,12.285,6.0,-6,20.0154154448288,,7000.0,0.0,0.0,0.0,46.42465319599399,optimal
2021-02-12 10:30:00,47,103,2.0,0.0,0.0,1.5601333333333334,11.487,6.0,-6,20.086561652131508,,7000.0,0.0,0.0,0.0,46.110528412821466,optimal
2021-02-12 11:00:00,47,103,2.0,0.0,0.0,0.1879666666666666,11.802,6.0,-6,20.16559431732779,,7000.0,0.0,0.0,0.0,45.79671775443212,optimal
2021-02-12 11:30:00,47,103,2.0,0.0,0.0,0.2414333333333333,11.2245,6.0,-6,20.23369256061469,,7000.0,0.0,0.0,0.0,45.48322090670115,optimal
2021-02-12 12:00:00,47,103,2.0,0.0,0.0,0.2275,11.025,6.0,-6,20.304017787313185,,7000.0,0.0,0.0,0.0,45.17003755581791,optimal
2021-02-12 12:30:00,47,103,2.0,0.0,0.0,0.1838333333333333,11.907,6.0,-6,20.367384022216022,,7000.0,0.0,0.0,0.0,44.85716738828556,optimal
2021-02-12 13:00:00,47,103,0.0,0.0,0.0,0.2573,25.83,6.0,-6,20.43050044575269,,0.0,0.0,0.0,0.0,44.54461009092074,optimal
2021-02-12 13:30:00,47,103,0.0,0.0,0.0,0.2173,28.035,6.0,-6,20.351809531447596,,0.0,0.0,0.0,0.0,44.232365350853286,optimal
2021-02-12 14:00:00,47,103,0.0,0.0,0.0,0.0945999999999999,28.119,6.0,-6,20.275190136584296,,0.0,0.0,0.0,0.0,43.9204328555259,optimal
2021-02-12 14:30:00,47,103,0.0,0.0,0.0,2.443766666666667,30.156,6.0,-6,20.19605018902933,,0.0,0.0,0.0,0.0,43.60881229269384,optimal
2021-02-12 15:00:00,47,103,0.0,0.0,0.0,0.1556333333333333,29.1585,6.0,-6,20.1545511284166,,0.0,0.0,0.0,0.0,43.29750335042461,optimal
2021-02-12 15:30:00,47,103,0.0,0.0,0.0,1.1214333333333335,26.712,6.0,-6,20.079981149902213,,0.0,0.0,0.0,0.0,42.98650571709766,optimal
2021-02-12 16:00:00,47,103,0.6692428299055134,0.0,0.0,1.0377,15.435,6.0,-6,20.019843969876025,,2342.349904669297,0.0,0.0,0.0,42.67581908140403,optimal
2021-02-12 16:30:00,47,103,0.9897055041681484,0.0,0.0,0.7127,13.566,6.0,-6,20.0,,3463.9692645885198,0.0,0.0,0.0,42.365443132346094,optimal
2021-02-12 17:00:00,47,103,0.969077308755808,0.0,0.0,0.5191333333333333,12.789,6.0,-6,20.0,,3252.4372473119947,0.0,139.33333333333331,0.0,42.055377559237215,optimal
2021-02-12 17:30:00,47,103,1.9665841472614127,0.0,0.0,0.1449,12.1275,6.0,-6,20.0,,6604.377848748279,0.0,278.6666666666667,0.0,41.745622051701446,optimal
2021-02-12 18:00:00,47,103,0.0,0.0,0.0,0.2693,13.671,6.0,-6,20.07013622058431,,0.0,0.0,0.0,0.0,41.436176299673214,optimal
2021-02-12 18:30:00,47,103,2.0,0.0,0.0,0.6224666666666667,10.668,6.0,-6,20.0,,4840.333333333334,0.0,2159.6666666666665,0.0,41.127039993397005,optimal
2021-02-12 19:00:00,47,103,0.2987608781933143,0.0,0.0,0.3116,11.7285,6.0,-6,20.047120297568,,1045.6630736766003,0.0,0.0,0.0,40.81821282342708,optimal
2021-02-12 19:30:00,47,103,0.9131266761222704,0.0,0.0,0.31,11.025,6.0,-6,20.0,,3195.943366427946,0.0,0.0,0.0,40.50969448062712,optimal
2021-02-12 20:00:00,47,103,0.888712824628012,0.0,0.0,0.2681666666666666,10.689,6.0,-6,20.0,,3110.4948861980424,0.0,0.0,0.0,40.20148465616996,optimal
2021-02-12 20:30:00,47,103,1.5923809523809525,0.0,0.0,0.3163999999999999,8.1585,6.0,-6,20.0,,0.0,0.0,5573.333333333334,0.0,40.16128317151379,optimal
2021-02-12 21:00:00,47,103,0.0,0.0,0.0,0.3610333333333334,10.3635,6.0,-6,19.938674783689088,,0.0,0.0,0.0,0.0,40.12112188834227,optimal
2021-02-12 21:30:00,47,103,0.0,0.0,0.0,0.6315666666666667,10.8045,6.0,-6,19.878300819234305,,0.0,0.0,0.0,0.0,40.08100076645393,optimal
2021-02-12 22:00:00,47,103,0.0,0.0,0.0,0.6483666666666666,11.025,6.0,-6,19.823533012019755,,0.0,0.0,0.0,0.0,40.04091976568748,optimal
2021-02-12 22:30:00,47,103,0.0,0.0,0.0,0.7377666666666667,10.3635,6.0,-6,19.761773221784,,0.0,0.0,0.0,0.0,40.00087884592179,optimal
2021-02-12 23:00:00,47,103,0.0,0.0,0.0,0.6183333333333334,10.8045,6.0,-6,19.70267792565093,,0.0,0.0,0.0,0.0,39.96087796707587,optimal
2021-02-12 23:30:00,47,103,0.0,0.0,0.0,0.1438333333333333,10.059,6.0,-6,19.63967713194309,,0.0,0.0,0.0,0.0,39.92091708910879,optimal
2021-02-13 00:00:00,47,103,2.0,0.0,5.0,0.0643333333333333,7.539,6.0,-9,19.63967713194309,,6651.666666666667,0.0,348.3333333333333,0.0,42.255996172019685,optimal
2021-02-13 00:30:00,47,103,2.0,0.0,5.0,0.065,7.938,6.0,-9,19.69644988102085,,0.0,0.0,7000.0,0.0,44.58874017584767,optimal
2021-02-13 01:00:00,47,103,2.0,0.0,5.0,0.1963,8.274,6.0,-9,19.6123015248159,,6685.0,0.0,315.0,0.0,46.91915143567182,optimal
2021-02-13 01:30:00,47,103,2.0,0.0,3.288285599128014,0.1424333333333333,9.261,6.0,-9,19.672247651902648,,7000.0,0.0,0.0,0.0,48.434167943821954,optimal
2021-02-13 02:00:00,47,103,2.0,0.0,0.0,0.065,9.9225,6.0,-9,19.737645619725008,,7000.0,0.0,0.0,0.0,48.38573377587813,optimal
2021-02-13 02:30:00,47,103,2.0,0.0,0.0,0.1525333333333333,9.702,6.0,-9,19.801343728606877,,7000.0,0.0,0.0,0.0,48.33734804210225,optimal
2021-02-13 03:00:00,47,103,2.0,0.0,0.0,0.1861999999999999,10.584,6.0,-9,19.86659547173732,,7000.0,0.0,0.0,0.0,48.28901069406015,optimal
2021-02-13 03:30:00,47,103,2.0,0.0,0.0,0.1256,10.143,6.0,-9,19.9322598854699,,7000.0,0.0,0.0,0.0,48.24072168336608,optimal
2021-02-13 04:00:00,47,103,2.0,0.0,0.0,0.2131333333333333,13.0095,6.0,-9,19.9961239117328,,7000.0,0.0,0.0,0.0,48.19248096168271,optimal
2021-02-13 04:30:00,47,103,2.0,0.0,0.0,0.1155,11.025,6.0,-9,20.061313985389717,,7000.0,0.0,0.0,0.0,48.144288480721016,optimal
2021-02-13 05:00:00,47,103,2.0,0.0,0.0,0.0751,12.789,6.0,-9,20.123699422598158,,7000.0,0.0,0.0,0.0,48.096144192240295,optimal
2021-02-13 05:30:00,47,103,2.0,0.0,0.0,0.2342666666666666,12.1275,6.0,-9,20.184497732111023,,7000.0,0.0,0.0,0.0,48.048048048048045,optimal
2021-02-13 06:00:00,47,103,2.0,0.0,0.0,0.3434333333333333,12.1695,6.0,-9,20.25099885364504,,7000.0,0.0,0.0,0.0,48.0,optimal
2021-02-13 06:30:00,47,103,2.0,0.0,0.0,1.3401666666666667,12.306,6.0,-9,20.31908331271232,,7000.0,0.0,0.0,0.0,47.67971580200997,optimal
2021-02-13 07:00:00,47,103,2.0,0.0,0.0,0.6238666666666667,13.23,6.0,-9,20.39234703526129,,7000.0,0.0,0.0,0.0,47.359751888217936,optimal
2021-02-13 07:30:00,47,103,0.0323170303134183,0.0,0.0,1.225933333333333,13.671,6.0,-9,20.46305667242015,,113.10960609696416,0.0,0.0,0.0,47.040107938339695,optimal
2021-02-13 08:00:00,47,103,0.0,0.0,0.0,1.0198,13.9335,6.0,-9,20.389545296235497,,0.0,0.0,0.0,0.0,46.72078363241133,optimal
2021-02-13 08:30:00,47,103,2.0,0.0,0.0,0.1537333333333333,13.293,6.0,-9,20.31208930074285,,7000.0,0.0,0.0,0.0,46.4017786507889,optimal
2021-02-13 09:00:00,47,103,2.0,0.0,0.0,0.1908,12.1065,6.0,-9,20.36360442536086,,7000.0,0.0,0.0,0.0,46.08309267414808,optimal
2021-02-13 09:30:00,47,103,2.0,0.0,0.0,0.4344333333333333,11.571,6.0,-9,20.41549551422684,,7000.0,0.0,0.0,0.0,45.76472538348391,optimal
2021-02-13 10:00:00,47,103,2.0,0.0,0.0,0.075,11.025,6.0,-9,20.472145864838826,,7000.0,0.0,0.0,0.0,45.4466764601104,optimal
2021-02-13 10:30:00,47,103,2.0,0.0,0.0,0.1356,10.8465,6.0,-9,20.524985176926805,,7000.0,0.0,0.0,0.0,45.12894558566027,optimal
2021-02-13 11:00:00,47,103,2.0,0.0,0.0,0.2231333333333333,11.2455,6.0,-9,20.579087262669727,,7000.0,0.0,0.0,0.0,44.81153244208458,optimal
2021-02-13 11:30:00,47,103,0.0,0.0,0.0,0.075,23.8665,6.0,-9,20.63501335318986,,0.0,0.0,0.0,0.0,44.49443671165248,optimal
2021-02-13 12:00:00,47,103,0.0,0.0,0.0,0.1961999999999999,27.4575,6.0,-9,20.54044143717427,,0.0,0.0,0.0,0.0,44.1776580769508,optimal
2021-02-13 12:30:00,47,103,0.0,0.0,0.0,0.1692666666666666,27.3735,6.0,-9,20.44907670843708,,0.0,0.0,0.0,0.0,43.86119622088382,optimal
2021-02-13 13:00:00,47,103,0.0,0.0,0.0,0.1288666666666666,30.4605,6.0,-9,20.358013183123088,,0.0,0.0,0.0,0.0,43.54505082667291,optimal
2021-02-13 13:30:00,47,103,0.0,0.0,0.0,0.0952,30.0195,6.0,-9,20.266966016364115,,0.0,0.0,0.0,0.0,43.229221577856215,optimal
2021-02-13 14:00:00,47,103,0.0,0.0,0.0,0.2096666666666666,26.9325,6.0,-9,20.176076872937788,,0.0,0.0,0.0,0.0,42.91370815828834,optimal
2021-02-13 14:30:00,47,103,0.0,0.0,0.0,0.1288666666666666,14.595,6.0,-9,20.088463301312608,,0.0,0.0,0.0,0.0,42.59851025214002,optimal
2021-02-13 15:00:00,47,103,1.198714497806097,0.0,0.0,0.0952,12.4845,6.0,-9,20.0,,4195.50074232134,0.0,0.0,0.0,42.28362754389786,optimal
2021-02-13 15:30:00,47,103,1.1899953449150114,0.0,0.0,0.4565666666666667,12.1275,6.0,-9,20.0,,3537.9837072025407,0.0,627.0,0.0,41.96905971836394,optimal
2021-02-13 16:00:00,47,103,2.0,0.0,0.0,0.3280333333333333,12.1275,6.0,-9,20.0009044261077,,7000.0,0.0,0.0,0.0,41.65480646065555,optimal
2021-02-13 16:30:00,47,103,0.0,0.0,0.0,0.3238,12.789,6.0,-9,20.074838395872423,,0.0,0.0,0.0,0.0,41.34086745620487,optimal
2021-02-13 17:00:00,47,103,1.062229693139841,0.0,0.0,0.3314666666666666,11.907,6.0,-9,20.0,,3439.137259322777,0.0,278.66666666666663,0.0,41.02724239075864,optimal
2021-02-13 17:30:00,47,103,0.9999015559312764,0.0,0.0,0.1621999999999999,11.025,6.0,-9,20.0,,3499.6554457594675,0.0,0.0,0.0,40.71393095037785,optimal
2021-02-13 18:00:00,47,103,2.0,0.0,0.0,1.3280333333333334,8.2005,6.0,-9,20.0,,6180.592425584917,0.0,819.4075744150832,0.0,40.40093282143745,optimal
2021-02-13 18:30:00,47,103,0.0,0.0,0.0,2.3176666666666663,9.5655,6.0,-9,20.06322529487416,,0.0,0.0,0.0,0.0,40.08824769062599,optimal
2021-02-13 19:00:00,47,103,2.0,0.0,0.0,0.5931000000000001,7.056,6.0,-9,20.0,,6913.740907748416,0.0,86.25909225158341,0.0,39.77587524494534,optimal
2021-02-13 19:30:00,47,103,0.6640449895963842,0.0,0.0,0.5423333333333333,9.3975,6.0,-9,20.080503896837456,,2324.157463587345,0.0,0.0,0.0,39.7360993697004,optimal
2021-02-13 20:00:00,47,103,0.0,0.0,0.0,0.2514666666666666,10.059,6.0,-9,20.068093227915423,,0.0,0.0,0.0,0.0,39.6963632703307,optimal
2021-02-13 20:30:00,47,103,0.4578095238095238,0.0,0.0,0.4294333333333333,9.261,6.0,-9,20.0,,0.0,0.0,1602.3333333333333,0.0,39.65666690706037,optimal
2021-02-13 21:00:00,47,103,0.0199047619047619,0.0,0.0,0.2941333333333333,8.1585,6.0,-9,19.92858730083442,,0.0,0.0,69.66666666666666,0.0,39.617010240153306,optimal
2021-02-13 21:30:00,47,103,0.0,0.0,0.0,0.8047333333333333,9.4815,6.0,-9,19.85016321299157,,0.0,0.0,0.0,0.0,39.57739322991316,optimal
2021-02-13 22:00:00,47,103,0.0,0.0,0.0,0.4746333333333333,8.379,6.0,-9,19.788057944865397,,0.0,0.0,0.0,0.0,39.53781583668325,optimal
2021-02-13 22:30:00,47,103,0.0,0.0,0.0,0.0783666666666666,9.5235,6.0,-9,19.71821683857065,,0.0,0.0,0.0,0.0,39.49827802084656,optimal
2021-02-13 23:00:00,47,103,0.0,0.0,0.0,0.075,8.1375,6.0,-9,19.63449427057013,,0.0,0.0,0.0,0.0,39.45877974282572,optimal
2021-02-13 23:30:00,47,103,0.0,0.0,0.0,0.075,10.0905,6.0,-9,19.55130748973763,,0.0,0.0,0.0,0.0,39.419320963082896,optimal
2021-02-07 00:00:00,48,103,2.0,0.0,0.0,0.0643333333333333,6.174,6.0,-5,21.0,,7000.0,0.0,0.0,0.0,47.952,optimal
2021-02-07 00:30:00,48,103,2.0,0.0,0.0,0.1674,3.906,6.0,-5,21.07198229813918,,7000.0,0.0,0.0,0.0,47.904048,optimal
2021-02-07 01:00:00,48,103,2.0,0.0,0.0,0.1912666666666666,2.3415,6.0,-5,21.14542413053529,,7000.0,0.0,0.0,0.0,47.856143952,optimal
2021-02-07 01:30:00,48,103,2.0,0.0,0.0,0.061,2.205,6.0,-5,21.218581515419817,,7000.0,0.0,0.0,0.0,47.80828780804799,optimal
2021-02-07 02:00:00,48,103,2.0,0.0,1.3163247487119634,0.1233333333333333,0.882,6.0,-5,21.288438007857252,,7000.0,0.0,0.0,0.0,48.38573377587813,optimal
2021-02-07 02:30:00,48,103,2.0,0.0,0.0,0.1681333333333333,1.5435,6.0,-5,21.35906289149368,,7000.0,0.0,0.0,0.0,48.33734804210225,optimal
2021-02-07 03:00:00,48,103,2.0,0.0,0.0,0.1281999999999999,1.5435,6.0,-5,21.429856762425004,,7000.0,0.0,0.0,0.0,48.28901069406015,optimal
2021-02-07 03:30:00,48,103,2.0,0.0,0.0,0.2136666666666666,5.0715,6.0,-5,21.499035182787743,,7000.0,0.0,0.0,0.0,48.24072168336608,optimal
2021-02-07 04:00:00,48,103,2.0,0.0,0.0,0.145,5.376,6.0,-5,21.569472036648047,,7000.0,0.0,0.0,0.0,48.19248096168271,optimal
2021-02-07 04:30:00,48,103,2.0,0.0,0.0,0.1233333333333333,5.0715,6.0,-5,21.637917045368624,,7000.0,0.0,0.0,0.0,48.144288480721016,optimal
2021-02-07 05:00:00,48,103,2.0,0.0,0.0,0.1401333333333333,5.5125,6.0,-5,21.70559544862614,,7000.0,0.0,0.0,0.0,48.096144192240295,optimal
2021-02-07 05:30:00,48,103,2.0,0.0,0.0,0.1561999999999999,9.261,6.0,-5,21.77332046328681,,7000.0,0.0,0.0,0.0,48.048048048048045,optimal
2021-02-07 06:00:00,48,103,0.0,0.0,0.0,0.1836666666666666,11.7075,6.0,-5,21.84107644092377,,0.0,0.0,0.0,0.0,48.0,optimal
2021-02-07 06:30:00,48,103,0.0,0.0,0.0,0.4234333333333333,12.348,6.0,-5,21.76466233413119,,0.0,0.0,0.0,0.0,47.77056515419524,optimal
2021-02-07 07:00:00,48,103,0.0,0.0,0.0,0.164,12.348,6.0,-5,21.690440402243404,,0.0,0.0,0.0,0.0,47.541359743236285,optimal
2021-02-07 07:30:00,48,103,0.0,0.0,0.0,0.2780666666666667,12.1275,6.0,-5,21.612550932064035,,0.0,0.0,0.0,0.0,47.31238353768829,optimal
2021-02-07 08:00:00,48,103,0.0,0.0,0.0,0.1273333333333333,12.5265,6.0,-5,21.53642111637845,,0.0,0.0,0.0,0.0,47.083636308345845,optimal
2021-02-07 08:30:00,48,103,0.0,0.0,0.0,0.3683999999999999,11.7495,6.0,-5,21.45944114178714,,0.0,0.0,0.0,0.0,46.85511782623274,optimal
2021-02-07 09:00:00,48,103,0.0,0.0,0.0,0.2780666666666667,13.23,6.0,-5,21.38788265610841,,0.0,0.0,0.0,0.0,46.62682786260175,optimal
2021-02-07 09:30:00,48,103,0.0,0.0,0.0,0.082,14.3325,6.0,-5,21.311096221918223,,0.0,0.0,0.0,0.0,46.39876618893439,optimal
2021-02-07 10:00:00,48,103,0.0,0.0,0.0,0.0720333333333333,14.994,6.0,-5,21.229101728857888,,0.0,0.0,0.0,0.0,46.17093257694069,optimal
2021-02-07 10:30:00,48,103,0.0,0.0,0.0,0.201,14.8155,6.0,-5,21.146303394904265,,0.0,0.0,0.0,0.0,45.94332679855899,optimal
2021-02-07 11:00:00,48,103,0.0,0.0,0.0,0.1923333333333332,14.112,6.0,-5,21.066141823375304,,0.0,0.0,0.0,0.0,45.71594862595568,optimal
2021-02-07 11:30:00,48,103,0.0,0.0,0.0,0.122,14.007,6.0,-5,20.98236781735685,,0.0,0.0,0.0,0.0,45.48879783152496,optimal
2021-02-07 12:00:00,48,103,0.0,0.0,0.0,0.1446666666666666,13.23,6.0,-5,20.89563386939156,,0.0,0.0,0.0,0.0,45.26187418788868,optimal
2021-02-07 12:30:00,48,103,1.5717444542900405,0.0,0.0,0.071,11.382,6.0,-5,20.809770549150667,,5501.105590015141,0.0,0.0,0.0,45.035177467896034,optimal
2021-02-07 13:00:00,48,103,0.0,0.0,0.0,0.3076666666666667,11.7495,6.0,-5,20.83854656625514,,0.0,0.0,0.0,0.0,44.80870744462338,optimal
2021-02-07 13:30:00,48,103,0.0,0.0,0.0,0.071,24.3285,6.0,-5,20.756373448799252,,0.0,0.0,0.0,0.0,44.582463891374,optimal
2021-02-07 14:00:00,48,103,0.0,0.0,0.0,0.1333333333333333,28.917,6.0,-5,20.66981802900382,,0.0,0.0,0.0,0.0,44.356446581677865,optimal
2021-02-07 14:30:00,48,103,0.0,0.0,0.0,0.2285333333333333,31.3635,6.0,-5,20.585194260193404,,0.0,0.0,0.0,0.0,44.13065528929143,optimal
2021-02-07 15:00:00,48,103,0.0,0.0,0.0,0.0878,33.306,6.0,-5,20.503185235542976,,0.0,0.0,0.0,0.0,43.90508978819737,optimal
2021-02-07 15:30:00,48,103,0.0,0.0,0.0,0.1786666666666666,31.3425,6.0,-5,20.41881260055832,,0.0,0.0,0.0,0.0,43.67974985260442,optimal
2021-02-07 16:00:00,48,103,0.0,0.0,0.0,0.0940333333333333,28.2555,6.0,-5,20.336055015425156,,0.0,0.0,0.0,0.0,43.45463525694705,optimal
2021-02-07 16:30:00,48,103,0.0,0.0,0.0,0.1943333333333332,15.6975,6.0,-5,20.254073660570217,,0.0,0.0,0.0,0.0,43.22974577588534,optimal
2021-02-07 17:00:00,48,103,0.0,0.0,0.0,0.1843333333333333,12.5475,6.0,-5,20.17193956369907,,0.0,0.0,0.0,0.0,43.0050811843047,optimal
2021-02-07 17:30:00,48,103,0.0,0.0,0.0,0.5834,12.0855,6.0,-5,20.090194411570035,,0.0,0.0,0.0,0.0,42.78064125731564,optimal
2021-02-07 18:00:00,48,103,2.0,0.0,0.0,0.4368999999999999,11.907,6.0,-5,20.03094587606684,,7000.0,0.0,0.0,0.0,42.55642577025356,optimal
2021-02-07 18:30:00,48,103,0.0,0.0,0.0,2.4915,12.5685,6.0,-5,20.111320354883784,,0.0,0.0,0.0,0.0,42.33243449867855,optimal
2021-02-07 19:00:00,48,103,0.0,0.0,0.0,0.3424333333333333,13.146,6.0,-5,20.068976860913484,,0.0,0.0,0.0,0.0,42.10866721837512,optimal
2021-02-07 19:30:00,48,103,0.8814270813113725,0.0,0.0,0.3541,10.584,6.0,-5,20.0,,3084.994784589804,0.0,0.0,0.0,41.88512370535199,optimal
2021-02-07 20:00:00,48,103,0.8461413670256323,0.0,0.0,0.3601333333333333,6.678,6.0,-5,20.0,,2961.4947845897127,0.0,0.0,0.0,41.84323858164664,optimal
2021-02-07 20:30:00,48,103,0.0,0.0,0.0,0.2405999999999999,7.938,6.0,-5,20.0,,0.0,0.0,0.0,0.0,41.80139534306499,optimal
2021-02-07 21:00:00,48,103,0.0796190476190476,0.0,0.0,0.3629333333333333,5.292,6.0,-5,19.93745124686995,,0.0,0.0,278.6666666666667,0.0,41.759593947721925,optimal
2021-02-07 21:30:00,48,103,0.0,0.0,0.0,0.4375333333333334,9.261,6.0,-5,19.877346348282032,,0.0,0.0,0.0,0.0,41.7178343537742,optimal
2021-02-07 22:00:00,48,103,0.0,0.0,0.0,0.2131666666666666,10.3635,6.0,-5,19.822118552421955,,0.0,0.0,0.0,0.0,41.676116519420425,optimal
2021-02-07 22:30:00,48,103,0.0,0.0,0.0,0.3085333333333334,8.274,6.0,-5,19.76136858405188,,0.0,0.0,0.0,0.0,41.63444040290101,optimal
2021-02-07 23:00:00,48,103,0.0,0.0,0.0,0.4382,7.7175,6.0,-5,19.70080650898591,,0.0,0.0,0.0,0.0,41.592805962498105,optimal
2021-02-07 23:30:00,48,103,0.0,0.0,0.0,0.1964333333333333,6.615,6.0,-5,19.64021325225077,,0.0,0.0,0.0,0.0,41.55121315653561,optimal
2021-02-08 00:00:00,48,103,2.0,0.0,5.0,0.056,4.1895,6.0,-7,19.64021325225077,,7000.0,0.0,0.0,0.0,43.88466194337907,optimal
2021-02-08 00:30:00,48,103,2.0,0.0,4.665291126334494,0.056,7.056,6.0,-7,19.711420514648488,,381.66666666666697,0.0,6618.333333333333,0.0,46.056790566444576,optimal
2021-02-08 01:00:00,48,103,2.0,0.0,5.0,0.072,5.271,6.0,-7,19.642986116598248,,7000.0,0.0,0.0,0.0,48.38573377587813,optimal
2021-02-08 01:30:00,48,103,2.0,0.0,0.0,0.112,7.938,6.0,-7,19.714517605914924,,7000.0,0.0,0.0,0.0,48.33734804210225,optimal
2021-02-08 02:00:00,48,103,2.0,0.0,0.0,0.056,7.938,6.0,-7,19.786339761726644,,7000.0,0.0,0.0,0.0,48.28901069406015,optimal
2021-02-08 02:30:00,48,103,2.0,0.0,0.0,0.056,11.907,6.0,-7,19.85643042622202,,7000.0,0.0,0.0,0.0,48.24072168336608,optimal
2021-02-08 03:00:00,48,103,2.0,0.0,0.0,0.128,11.025,6.0,-7,19.926429945745323,,7000.0,0.0,0.0,0.0,48.19248096168271,optimal
2021-02-08 03:30:00,48,103,2.0,0.0,0.0,0.056,11.2875,6.0,-7,19.997854363154666,,7000.0,0.0,0.0,0.0,48.144288480721016,optimal
2021-02-08 04:00:00,48,103,2.0,0.0,0.0,0.128,12.936,6.0,-7,20.06721228713567,,7000.0,0.0,0.0,0.0,48.096144192240295,optimal
2021-02-08 04:30:00,48,103,2.0,0.0,0.0,0.0553333333333333,13.0095,6.0,-7,20.137544351438105,,7000.0,0.0,0.0,0.0,48.048048048048045,optimal
2021-02-08 05:00:00,48,103,0.0,0.0,0.0,0.094,13.671,6.0,-7,20.20601606879052,,0.0,0.0,0.0,0.0,48.0,optimal
2021-02-08 05:30:00,48,103,2.0,0.0,0.0,0.0887666666666666,13.188,6.0,-7,20.130275479383112,,7000.0,0.0,0.0,0.0,47.72866929525539,optimal
2021-02-08 06:00:00,48,103,0.0,0.0,0.0,0.2913333333333333,13.8495,6.0,-7,20.2019673324771,,0.0,0.0,0.0,0.0,47.457609921215536,optimal
2021-02-08 06:30:00,48,103,2.0,0.0,0.0,0.1963,13.23,6.0,-7,20.131705905536204,,7000.0,0.0,0.0,0.0,47.186821606549714,optimal
2021-02-08 07:00:00,48,103,2.0,0.0,0.0,0.1686666666666666,13.3665,6.0,-7,20.2093874459132,,7000.0,0.0,0.0,0.0,46.91630408019856,optimal
2021-02-08 07:30:00,48,103,2.0,0.0,0.0,0.3788666666666667,13.0515,6.0,-7,20.29130747230931,,7000.0,0.0,0.0,0.0,46.64605707137376,optimal
2021-02-08 08:00:00,48,103,0.9618049256398408,0.0,0.0,0.3503666666666666,13.5345,6.0,-7,20.376162553749143,,3366.3172397394437,0.0,0.0,0.0,46.37608030955778,optimal
2021-02-08 08:30:00,48,103,0.0,0.0,0.0,0.2038666666666666,14.154,6.0,-7,20.38358191097189,,0.0,0.0,0.0,0.0,46.10637352450362,optimal
2021-02-08 09:00:00,48,103,0.0,0.0,0.0,0.211,14.112,6.0,-7,20.310743759027183,,0.0,0.0,0.0,0.0,45.83693644623451,optimal
2021-02-08 09:30:00,48,103,0.0,0.0,0.0,0.6190666666666668,14.2485,6.0,-7,20.23512231358017,,0.0,0.0,0.0,0.0,45.56776880504367,optimal
2021-02-08 10:00:00,48,103,2.0,0.0,0.0,0.066,12.789,6.0,-7,20.166294357844755,,7000.0,0.0,0.0,0.0,45.29887033149402,optimal
2021-02-08 10:30:00,48,103,2.0,0.0,0.0,0.066,13.0095,6.0,-7,20.22713468629381,,7000.0,0.0,0.0,0.0,45.030240756417925,optimal
2021-02-08 11:00:00,48,103,2.0,0.0,0.0,0.138,12.1275,6.0,-7,20.287018499051094,,7000.0,0.0,0.0,0.0,44.7618798109169,optimal
2021-02-08 11:30:00,48,103,2.0,0.0,0.0,0.2073333333333333,12.348,6.0,-7,20.347465766846597,,7000.0,0.0,0.0,0.0,44.49378722636138,optimal
2021-02-08 12:00:00,48,103,2.0,0.0,0.0,0.264,12.348,6.0,-7,20.41361469649068,,7000.0,0.0,0.0,0.0,44.225962734390414,optimal
2021-02-08 12:30:00,48,103,0.0,0.0,0.0,0.2356666666666666,25.389,6.0,-7,20.48143282767672,,0.0,0.0,0.0,0.0,43.95840606691142,optimal
2021-02-08 13:00:00,48,103,0.0,0.0,0.0,0.203,29.1375,6.0,-7,20.402715292288324,,0.0,0.0,0.0,0.0,43.691116956099904,optimal
2021-02-08 13:30:00,48,103,0.0,0.0,0.0,0.1613,30.597,6.0,-7,20.32335363943024,,0.0,0.0,0.0,0.0,43.4240951343992,optimal
2021-02-08 14:00:00,48,103,0.0,0.0,0.0,0.3418666666666666,33.684,6.0,-7,20.24396999230776,,0.0,0.0,0.0,0.0,43.1573403345202,optimal
2021-02-08 14:30:00,48,103,0.0,0.0,0.0,0.2268666666666666,32.445,6.0,-7,20.17107043011764,,0.0,0.0,0.0,0.0,42.89085228944108,optimal
2021-02-08 15:00:00,48,103,0.0,0.0,0.0,1.686,28.917,6.0,-7,20.100218027466617,,0.0,0.0,0.0,0.0,42.62463073240704,optimal
2021-02-08 15:30:00,48,103,0.0,0.0,0.0,0.7328,15.876,6.0,-7,20.05411372817905,,0.0,0.0,0.0,0.0,42.358675396930025,optimal
2021-02-08 16:00:00,48,103,0.8568530316226551,0.0,0.0,0.3766666666666667,12.348,6.0,-7,20.0,,2789.985610679293,0.0,209.0,0.0,42.09298601678849,optimal
2021-02-08 16:30:00,48,103,1.6445641168487608,0.0,0.0,0.743,12.1275,6.0,-7,20.0,,4501.974408970663,0.0,1254.0,0.0,41.82756232602709,optimal
2021-02-08 17:00:00,48,103,0.0,0.0,0.0,1.3982,12.348,6.0,-7,20.044240972380717,,0.0,0.0,0.0,0.0,41.56240405895646,optimal
2021-02-08 17:30:00,48,103,0.931191416076368,0.0,0.0,1.2286666666666668,12.1275,6.0,-7,20.0,,2283.836622933954,0.0,975.3333333333334,0.0,41.5208416548975,optimal
2021-02-08 18:00:00,48,103,0.8626894348087626,0.0,0.0,0.4293333333333333,12.1275,6.0,-7,20.0,,3019.413021830669,0.0,0.0,0.0,41.4793208132426,optimal
2021-02-08 18:30:00,48,103,0.8014868367463334,0.0,0.0,0.5993333333333334,11.2665,6.0,-7,20.0,,2735.5372619455,0.0,69.66666666666666,0.0,41.43784149242936,optimal
2021-02-08 19:00:00,48,103,2.0,0.0,0.0,0.4331333333333333,10.143,6.0,-7,20.0,,6303.333333333333,0.0,696.6666666666666,0.0,41.396403650936925,optimal
2021-02-08 19:30:00,48,103,0.1203243936849307,0.0,0.0,0.6903333333333334,11.2455,6.0,-7,20.061643421265916,,421.1353778972575,0.0,0.0,0.0,41.35500724728599,optimal
2021-02-08 20:00:00,48,103,1.180356969915451,0.0,0.0,0.138,11.025,6.0,-7,20.0,,4131.249394704078,0.0,0.0,0.0,41.31365224003871,optimal
2021-02-08 20:30:00,48,103,0.0,0.0,0.0,0.066,5.9745,6.0,-7,20.0,,0.0,0.0,0.0,0.0,41.27233858779866,optimal
2021-02-08 21:00:00,48,103,0.0,0.0,0.0,0.066,7.938,6.0,-7,19.911066217836705,,0.0,0.0,0.0,0.0,41.23106624921087,optimal
2021-02-08 21:30:00,48,103,0.0,0.0,0.0,0.134,8.6835,6.0,-7,19.82208223175328,,0.0,0.0,0.0,0.0,41.18983518296166,optimal
2021-02-08 22:00:00,48,103,0.0,0.0,0.0,0.07,7.665,6.0,-7,19.735613867940216,,0.0,0.0,0.0,0.0,41.1486453477787,optimal
2021-02-08 22:30:00,48,103,0.0,0.0,0.0,0.066,6.7725,6.0,-7,19.648871059986373,,0.0,0.0,0.0,0.0,41.10749670243092,optimal
2021-02-08 23:00:00,48,103,0.0,0.0,0.0,0.138,5.5755,6.0,-7,19.56221074086619,,0.0,0.0,0.0,0.0,41.06638920572848,optimal
2021-02-08 23:30:00,48,103,0.0,0.0,0.0,0.062,5.0925,6.0,-7,19.4772323673475,,0.0,0.0,0.0,0.0,41.02532281652275,optimal
2021-02-09 00:00:00,48,103,2.0,0.0,0.0,0.0703333333333333,11.7705,6.0,-4,19.4772323673475,,7000.0,0.0,0.0,0.0,40.98429749370623,optimal
2021-02-09 00:30:00,48,103,2.0,0.0,5.0,0.0622,11.13,6.0,-4,19.54789430868008,,0.0,0.0,7000.0,0.0,43.31831319621252,optimal
2021-02-09 01:00:00,48,103,2.0,0.0,0.0,0.107,11.6865,6.0,-4,19.468467130812503,,3498.226276129538,0.0,3501.773723870462,0.0,43.27499488301631,optimal
2021-02-09 01:30:00,48,103,2.0,0.0,5.0,0.1745,10.7205,6.0,-4,19.46420927098872,,7000.0,0.0,0.0,0.0,45.6067198881333,optimal
2021-02-09 02:00:00,48,103,2.0,0.0,0.0,0.1003666666666666,11.424,6.0,-4,19.53465172691522,,7000.0,0.0,0.0,0.0,45.56111316824517,optimal
2021-02-09 02:30:00,48,103,2.0,0.0,5.0,0.0883333333333333,10.689,6.0,-4,19.60276040258447,,7000.0,0.0,0.0,0.0,47.89055205507692,optimal
2021-02-09 03:00:00,48,103,2.0,0.0,1.245276717473931,0.1355,11.361,6.0,-4,19.67053361836229,,7000.0,0.0,0.0,0.0,48.434167943821954,optimal
2021-02-09 03:30:00,48,103,2.0,0.0,0.0,0.1767,11.571,6.0,-4,19.73921908026612,,7000.0,0.0,0.0,0.0,48.38573377587813,optimal
2021-02-09 04:00:00,48,103,2.0,0.0,0.0,0.0901666666666666,14.3745,6.0,-4,19.808913883098093,,7000.0,0.0,0.0,0.0,48.33734804210225,optimal
2021-02-09 04:30:00,48,103,2.0,0.0,0.0,0.1928333333333332,13.23,6.0,-4,19.876784272988992,,7000.0,0.0,0.0,0.0,48.28901069406015,optimal
2021-02-09 05:00:00,48,103,2.0,0.0,0.0,0.1182,13.9755,6.0,-4,19.94705766614334,,7000.0,0.0,0.0,0.0,48.24072168336608,optimal
2021-02-09 05:30:00,48,103,2.0,0.0,0.0,0.051,14.994,6.0,-4,20.014124454100514,,7000.0,0.0,0.0,0.0,48.19248096168271,optimal
2021-02-09 06:00:00,48,103,2.0,0.0,0.0,0.1578666666666666,13.671,6.0,-4,20.07947239390947,,7000.0,0.0,0.0,0.0,48.144288480721016,optimal
2021-02-09 06:30:00,48,103,0.0,0.0,0.0,0.2134,15.981,6.0,-4,20.14995978782048,,0.0,0.0,0.0,0.0,48.096144192240295,optimal
2021-02-09 07:00:00,48,103,1.0085110078799244,0.0,0.0,0.1224666666666666,15.6345,6.0,-4,20.076793581233048,,3529.788527579736,0.0,0.0,0.0,48.048048048048045,optimal
2021-02-09 07:30:00,48,103,0.0,0.0,0.0,0.1212333333333333,16.5375,6.0,-4,20.075303617429505,,0.0,0.0,0.0,0.0,48.0,optimal
2021-02-09 08:00:00,48,103,2.0,0.0,0.0,1.0598,14.7735,6.0,-4,20.0,,6703.440390537129,0.0,296.55960946287087,0.0,47.74909187321608,optimal
2021-02-09 08:30:00,48,103,0.0,0.0,0.0,0.1533333333333333,15.2145,6.0,-4,20.07012680058479,,0.0,0.0,0.0,0.0,47.49843465455895,optimal
2021-02-09 09:00:00,48,103,2.0,0.0,0.0,0.1632333333333333,14.553,6.0,-4,20.0,,4492.0,0.0,2508.0,0.0,47.24802809312048,optimal
2021-02-09 09:30:00,48,103,2.0,0.0,0.0,0.2781666666666667,14.3325,6.0,-4,20.017850026008738,,7000.0,0.0,0.0,0.0,46.99787193824344,optimal
2021-02-09 10:00:00,48,103,2.0,0.0,0.0,0.292,14.595,6.0,-4,20.09163605746835,,7000.0,0.0,0.0,0.0,46.74796593952127,optimal
2021-02-09 10:30:00,48,103,0.3946615038810346,0.0,0.0,0.4546,14.994,6.0,-4,20.165901041220437,,1381.3152635836211,0.0,0.0,0.0,46.49830984679783,optimal
2021-02-09 11:00:00,48,103,2.0,0.0,0.0,0.2413333333333333,14.3325,6.0,-4,20.125521058835226,,7000.0,0.0,0.0,0.0,46.24890341016712,optimal
2021-02-09 11:30:00,48,103,2.0,0.0,0.0,0.0938,13.8915,6.0,-4,20.200023665537163,,7000.0,0.0,0.0,0.0,45.99974637997303,optimal
2021-02-09 12:00:00,48,103,2.0,0.0,0.0,0.1020666666666666,13.8915,6.0,-4,20.26593811245985,,7000.0,0.0,0.0,0.0,45.75083850680914,optimal
2021-02-09 12:30:00,48,103,2.0,0.0,0.0,0.2106666666666666,13.4715,6.0,-4,20.329379211956116,,7000.0,0.0,0.0,0.0,45.50217954151841,optimal
2021-02-09 13:00:00,48,103,2.0,0.0,0.0,0.1281999999999999,13.23,6.0,-4,20.39562320943816,,7000.0,0.0,0.0,0.0,45.253769235192976,optimal
2021-02-09 13:30:00,48,103,2.0,0.0,0.0,0.1455,13.8915,6.0,-4,20.45857241812443,,7000.0,0.0,0.0,0.0,45.00560733917386,optimal
2021-02-09 14:00:00,48,103,0.0,0.0,0.0,0.1792333333333333,26.9325,6.0,-4,20.5213733841334,,0.0,0.0,0.0,0.0,44.757693605050775,optimal
2021-02-09 14:30:00,48,103,0.0,0.0,0.0,0.128,30.303,6.0,-4,20.43701985333929,,0.0,0.0,0.0,0.0,44.51002778466181,optimal
2021-02-09 15:00:00,48,103,0.0,0.0,0.0,0.2438666666666666,32.886,6.0,-4,20.35407467288214,,0.0,0.0,0.0,0.0,44.26260963009323,optimal
2021-02-09 15:30:00,48,103,0.0,0.0,0.0,0.0943333333333333,34.9965,6.0,-4,20.280160119901694,,0.0,0.0,0.0,0.0,44.01543889367922,optimal
2021-02-09 16:00:00,48,103,0.0,0.0,0.0,0.2178666666666666,33.327,6.0,-4,20.20479231081895,,0.0,0.0,0.0,0.0,43.76851532800162,optimal
2021-02-09 16:30:00,48,103,0.0,0.0,0.0,1.2927,31.122,6.0,-4,20.13523671895044,,0.0,0.0,0.0,0.0,43.5218386858897,optimal
2021-02-09 17:00:00,48,103,0.0,0.0,0.0,0.0834,17.9025,6.0,-4,20.08575561203779,,0.0,0.0,0.0,0.0,43.27540872041989,optimal
2021-02-09 17:30:00,48,103,1.0775976479510938,0.0,0.0,0.3357,15.6555,6.0,-4,20.0,,3771.591767828829,0.0,0.0,0.0,43.02922518491555,optimal
2021-02-09 18:00:00,48,103,1.0405457092258286,0.0,0.0,0.1749333333333333,14.553,6.0,-4,20.0,,3572.243315623733,0.0,69.66666666666666,0.0,42.78328783294672,optimal
2021-02-09 18:30:00,48,103,0.8842250159253652,0.0,0.0,0.9281,14.3325,6.0,-4,20.0,,2499.8342224054445,0.0,594.9533333333334,0.0,42.537596418329855,optimal
2021-02-09 19:00:00,48,103,0.846630036910596,0.0,0.0,0.8091,13.335,6.0,-4,20.0,,2652.491795853753,0.0,310.71333333333325,0.0,42.29215069512761,optimal
2021-02-09 19:30:00,48,103,2.0,0.0,0.0,0.0689333333333333,12.1275,6.0,-4,20.0,,4979.666666666667,0.0,2020.3333333333333,0.0,42.04695041764857,optimal
2021-02-09 20:00:00,48,103,0.5036098128491863,0.0,0.0,0.2281333333333333,12.2955,6.0,-4,20.03209713284817,,1762.634344972152,0.0,0.0,0.0,41.801995340447,optimal
2021-02-09 20:30:00,48,103,0.0398095238095238,0.0,0.0,0.1080666666666666,11.6865,6.0,-4,20.0,,0.0,0.0,139.33333333333331,0.0,41.55728521832263,optimal
2021-02-09 21:00:00,48,103,0.0,0.0,0.0,0.1471666666666666,11.466,6.0,-4,19.924249897366515,,0.0,0.0,0.0,0.0,41.31281980632039,optimal
2021-02-09 21:30:00,48,103,0.1497142857142857,0.0,0.0,0.3818999999999999,10.8045,6.0,-4,19.8509965228078,,0.0,0.0,524.0,0.0,41.06859885973015,optimal
2021-02-09 22:00:00,48,103,2.0,0.0,0.0,0.1807666666666667,10.584,6.0,-4,19.78366008478181,,0.0,0.0,7000.0,0.0,41.02753026087042,optimal
2021-02-09 22:30:00,48,103,0.0,0.0,0.0,0.2246333333333333,11.2455,6.0,-4,19.714420879053318,,0.0,0.0,0.0,0.0,40.98650273060955,optimal
2021-02-09 23:00:00,48,103,0.0,0.0,0.0,0.0942666666666666,12.1275,6.0,-4,19.64537178364846,,0.0,0.0,0.0,0.0,40.94551622787894,optimal
2021-02-09 23:30:00,48,103,0.0,0.0,0.0,0.3285666666666667,11.823,6.0,-4,19.57428059286921,,0.0,0.0,0.0,0.0,40.90457071165106,optimal
2021-02-10 00:00:00,48,103,2.0,0.0,0.0,0.064,11.844,6.0,-4,19.57428059286921,,7000.0,0.0,0.0,0.0,40.86366614093941,optimal
2021-02-10 00:30:00,48,103,2.0,0.0,0.0,0.064,11.508,6.0,-4,19.64098186333668,,0.0,0.0,7000.0,0.0,40.82280247479847,optimal
2021-02-10 01:00:00,48,103,2.0,0.0,0.0,0.2381333333333333,11.508,6.0,-4,19.559574008351603,,1773.9384491371757,0.0,5226.061550862824,0.0,40.78197967232367,optimal
2021-02-10 01:30:00,48,103,2.0,0.0,5.0,0.1190666666666666,10.4475,6.0,-4,19.51908951216504,,7000.0,0.0,0.0,0.0,43.11619769265135,optimal
2021-02-10 02:00:00,48,103,2.0,0.0,5.0,0.132,10.8675,6.0,-4,19.585839338008903,,7000.0,0.0,0.0,0.0,45.44808149495869,optimal
2021-02-10 02:30:00,48,103,2.0,0.0,5.0,0.2251999999999999,10.542,6.0,-4,19.65210492472685,,7000.0,0.0,0.0,0.0,47.77763341346373,optimal
2021-02-10 03:00:00,48,103,2.0,0.0,0.0,0.0673333333333333,11.025,6.0,-4,19.72003178350508,,7000.0,0.0,0.0,0.0,47.72985578005027,optimal
2021-02-10 03:30:00,48,103,2.0,0.0,1.0744316577105009,0.1621999999999999,11.025,6.0,-4,19.784257153932508,,7000.0,0.0,0.0,0.0,48.19248096168271,optimal
2021-02-10 04:00:00,48,103,2.0,0.0,0.0,0.198,14.553,6.0,-4,19.85019515305001,,7000.0,0.0,0.0,0.0,48.144288480721016,optimal
2021-02-10 04:30:00,48,103,2.0,0.0,0.0,0.1008666666666666,13.0935,6.0,-4,19.916650768203997,,7000.0,0.0,0.0,0.0,48.096144192240295,optimal
2021-02-10 05:00:00,48,103,2.0,0.0,0.0,0.2642,15.6345,6.0,-4,19.98030653075308,,7000.0,0.0,0.0,0.0,48.048048048048045,optimal
2021-02-10 05:30:00,48,103,0.0,0.0,0.0,0.1686,18.102,6.0,-4,20.051009893268965,,0.0,0.0,0.0,0.0,48.0,optimal
2021-02-10 06:00:00,48,103,2.0,0.0,0.0,0.2361333333333333,17.199,6.0,-4,19.97155881983811,,7000.0,0.0,0.0,0.0,47.64174295154039,optimal
2021-02-10 06:30:00,48,103,0.0,0.0,0.0,0.2936999999999999,18.2805,6.0,-4,20.03775491587326,,0.0,0.0,0.0,0.0,47.28384416012924,optimal
2021-02-10 07:00:00,48,103,2.0,0.0,0.0,0.2144,17.4615,6.0,-4,19.95747182161117,,7000.0,0.0,0.0,0.0,46.926303267509496,optimal
2021-02-10 07:30:00,48,103,0.6913184646836626,0.0,0.0,0.4216666666666667,18.3225,6.0,-4,20.02574788124389,,2419.6146263928194,0.0,0.0,0.0,46.56911991578237,optimal
2021-02-10 08:00:00,48,103,2.0,0.0,0.0,0.2135333333333333,17.094,6.0,-4,20.0,,3899.394884196157,0.0,3100.605115803842,0.0,46.21229374740698,optimal
2021-02-10 08:30:00,48,103,2.0,0.0,0.0,0.3523666666666666,17.094,6.0,-4,20.0,,7000.0,0.0,0.0,0.0,45.85582440519996,optimal
2021-02-10 09:00:00,48,103,2.0,0.0,0.0,0.2505333333333333,17.094,6.0,-4,20.06535439044686,,7000.0,0.0,0.0,0.0,45.49971153233515,optimal
2021-02-10 09:30:00,48,103,2.0,0.0,0.0,0.3216,17.3565,6.0,-4,20.12947518980452,,7000.0,0.0,0.0,0.0,45.1439547723432,optimal
2021-02-10 10:00:00,48,103,2.0,0.0,0.0,0.3487333333333333,17.115,6.0,-4,20.19577998369625,,7000.0,0.0,0.0,0.0,44.788553769111246,optimal
2021-02-10 10:30:00,48,103,2.0,0.0,0.0,0.1956666666666666,17.241,6.0,-4,20.263430883304952,,7000.0,0.0,0.0,0.0,44.433508166882525,optimal
2021-02-10 11:00:00,48,103,2.0,0.0,0.0,0.3063333333333333,17.094,6.0,-4,20.328149057274448,,7000.0,0.0,0.0,0.0,44.07881761025603,optimal
2021-02-10 11:30:00,48,103,2.0,0.0,0.0,0.3083333333333333,16.5165,6.0,-4,20.395266548193383,,7000.0,0.0,0.0,0.0,43.72448174418616,optimal
2021-02-10 12:00:00,48,103,2.0,0.0,0.0,0.3182,17.8185,6.0,-4,20.46239779233547,,7000.0,0.0,0.0,0.0,43.37050021398237,optimal
2021-02-10 12:30:00,48,103,2.0,0.0,0.0,0.2391333333333333,17.094,6.0,-4,20.52986129191469,,7000.0,0.0,0.0,0.0,43.016872665308775,optimal
2021-02-10 13:00:00,48,103,2.0,0.0,0.0,0.2408666666666666,16.8945,6.0,-4,20.595550815891112,,7000.0,0.0,0.0,0.0,42.66359874418385,optimal
2021-02-10 13:30:00,48,103,1.558867842244868,0.0,0.0,0.1363333333333333,18.123,6.0,-4,20.657687933991618,,5456.0374478570375,0.0,0.0,0.0,42.310678096980055,optimal
2021-02-10 14:00:00,48,103,0.0,0.0,0.0,0.1635333333333333,31.647,6.0,-4,20.685748981595868,,0.0,0.0,0.0,0.0,41.95811037042346,optimal
2021-02-10 14:30:00,48,103,0.0,0.0,0.0,0.174,34.9965,6.0,-4,20.60031081924802,,0.0,0.0,0.0,0.0,41.60589521159343,optimal
2021-02-10 15:00:00,48,103,0.0,0.0,0.0,0.1189333333333333,34.9965,6.0,-4,20.51548059034356,,0.0,0.0,0.0,0.0,41.25403226792222,optimal
2021-02-10 15:30:00,48,103,0.0,0.0,0.0,0.2242666666666666,34.9965,6.0,-4,20.42987603222537,,0.0,0.0,0.0,0.0,40.90252118719469,optimal
2021-02-10 16:00:00,48,103,0.0,0.0,0.0,0.1476666666666666,34.9965,6.0,-4,20.3459698078961,,0.0,0.0,0.0,0.0,40.55136161754788,optimal
2021-02-10 16:30:00,48,103,0.0,0.0,0.0,0.1898666666666666,34.9965,6.0,-4,20.259924439797054,,0.0,0.0,0.0,0.0,40.200553207470726,optimal
2021-02-10 17:00:00,48,103,0.0,0.0,0.0,0.091,27.741,6.0,-4,20.17425042288896,,0.0,0.0,0.0,0.0,39.850095605803645,optimal
2021-02-10 17:30:00,48,103,0.0,0.0,0.0,0.1703333333333333,19.026,6.0,-4,20.08597655960603,,0.0,0.0,0.0,0.0,39.49998846173823,optimal
2021-02-10 18:00:00,48,103,1.1564799109992197,0.0,0.0,0.124,18.7215,6.0,-4,20.0,,4047.679688497268,0.0,0.0,0.0,39.15023142481688,optimal
2021-02-10 18:30:00,48,103,1.0555006954983603,0.0,0.0,0.4123,17.4195,6.0,-4,20.0,,3694.252434244261,0.0,0.0,0.0,38.80082414493245,optimal
2021-02-10 19:00:00,48,103,1.0746929085689128,0.0,0.0,0.4983,16.758,6.0,-4,20.0,,3691.758513324528,0.0,69.66666666666666,0.0,38.4517662723279,optimal
2021-02-10 19:30:00,48,103,1.1909344703094455,0.0,0.0,0.2008666666666666,14.217,6.0,-4,20.0,,4168.27064608306,0.0,0.0,0.0,38.10305745759596,optimal
2021-02-10 20:00:00,48,103,1.200737936811849,0.0,0.0,0.2009,13.3665,6.0,-4,20.0,,4202.582778841471,0.0,0.0,0.0,37.75469735167875,optimal
2021-02-10 20:30:00,48,103,0.0,0.0,0.0,0.7740666666666667,12.789,6.0,-4,20.0,,0.0,0.0,0.0,0.0,37.40668560586746,optimal
2021-02-10 21:00:00,48,103,0.0,0.0,0.0,0.3763333333333333,11.907,6.0,-4,19.928375877852798,,0.0,0.0,0.0,0.0,37.05902187180198,optimal
2021-02-10 21:30:00,48,103,0.1194285714285714,0.0,0.0,0.3453333333333333,11.7075,6.0,-4,19.851096360026148,,0.0,0.0,418.0,0.0,36.711705801470565,optimal
2021-02-10 22:00:00,48,103,1.0151428571428571,0.0,0.0,0.3556666666666667,10.8045,6.0,-4,19.768895071762262,,0.0,0.0,3553.0,0.0,36.36473704720948,optimal
2021-02-10 22:30:00,48,103,0.0,0.0,0.0,0.1604,11.508,6.0,-4,19.681117220121223,,0.0,0.0,0.0,0.0,36.01811526170266,optimal
2021-02-10 23:00:00,48,103,0.0,0.0,0.0,0.2613999999999999,11.508,6.0,-4,19.587609559637173,,0.0,0.0,0.0,0.0,35.671840097981345,optimal
2021-02-10 23:30:00,48,103,0.0,0.0,0.0,0.3924666666666666,11.508,6.0,-4,19.49525981590095,,0.0,0.0,0.0,0.0,35.63616825788336,optimal
2021-02-11 00:00:00,48,103,2.0,0.0,5.0,0.063,11.025,6.0,-6,19.49525981590095,,7000.0,0.0,0.0,0.0,37.97553208962548,optimal
2021-02-11 00:30:00,48,103,2.0,0.0,5.0,0.1716666666666666,10.584,6.0,-6,19.54368128835114,,4910.0,0.0,2090.0,0.0,40.312556557535856,optimal
2021-02-11 01:00:00,48,103,2.0,0.0,5.0,0.063,11.025,6.0,-6,19.55062888154709,,7000.0,0.0,0.0,0.0,42.64724400097832,optimal
2021-02-11 01:30:00,48,103,2.0,0.0,5.0,0.1774666666666666,10.4265,6.0,-6,19.59970649866962,,7000.0,0.0,0.0,0.0,44.97959675697734,optimal
2021-02-11 02:00:00,48,103,2.0,0.0,2.566709975989125,0.1848,12.789,6.0,-6,19.650971036224565,,7000.0,0.0,0.0,0.0,46.15380439881519,optimal
2021-02-11 02:30:00,48,103,2.0,0.0,5.0,0.063,12.684,6.0,-6,19.70215737249097,,7000.0,0.0,0.0,0.0,48.48265059441637,optimal
2021-02-11 03:00:00,48,103,2.0,0.0,0.0,0.063,16.254,6.0,-6,19.75009388463474,,7000.0,0.0,0.0,0.0,48.434167943821954,optimal
2021-02-11 03:30:00,48,103,2.0,0.0,0.0,0.2775333333333333,17.64,6.0,-6,19.79735925574827,,7000.0,0.0,0.0,0.0,48.38573377587813,optimal
2021-02-11 04:00:00,48,103,2.0,0.0,0.0,0.0847333333333333,19.1625,6.0,-6,19.85006038372116,,7000.0,0.0,0.0,0.0,48.33734804210225,optimal
2021-02-11 04:30:00,48,103,0.0,0.0,0.0,0.179,26.46,6.0,-6,19.89959807546772,,0.0,0.0,0.0,0.0,48.28901069406015,optimal
2021-02-11 05:00:00,48,103,1.1259160161968915,0.0,0.0,0.1832666666666667,20.79,6.0,-6,19.80354252753037,,3940.706056689121,0.0,0.0,0.0,48.24072168336608,optimal
2021-02-11 05:30:00,48,103,0.0,0.0,0.0,4.514600000000001,29.106,6.0,-6,19.790966037768943,,0.0,0.0,0.0,0.0,48.19248096168271,optimal
2021-02-11 06:00:00,48,103,2.0,0.0,0.0,2.9646,19.1835,6.0,-6,19.711156296172195,,7000.0,0.0,0.0,0.0,48.144288480721016,optimal
2021-02-11 06:30:00,48,103,2.0,0.0,0.0,1.7050666666666665,19.6665,6.0,-6,19.786934588643664,,7000.0,0.0,0.0,0.0,48.096144192240295,optimal
2021-02-11 07:00:00,48,103,2.0,0.0,0.0,1.1787333333333332,19.404,6.0,-6,19.856819765259697,,7000.0,0.0,0.0,0.0,48.048048048048045,optimal
2021-02-11 07:30:00,48,103,2.0,0.0,0.0,0.2561,19.047,6.0,-6,19.927151578519688,,7000.0,0.0,0.0,0.0,48.0,optimal
2021-02-11 08:00:00,48,103,2.0,0.0,0.0,0.0959666666666666,18.858,6.0,-6,20.0,,6468.644174995971,0.0,531.3558250040287,0.0,47.77705940413063,optimal
2021-02-11 08:30:00,48,103,0.3802749497591956,0.0,0.0,0.2216,19.2675,6.0,-6,20.05395750475428,,1330.9623241571846,0.0,0.0,0.0,47.554341748857134,optimal
2021-02-11 09:00:00,48,103,2.0,0.0,0.0,0.2262666666666666,18.963,6.0,-6,20.0,,5859.355825004029,0.0,1140.6441749959713,0.0,47.33184681123891,optimal
2021-02-11 09:30:00,48,103,2.0,0.0,0.0,0.4915,18.438,6.0,-6,20.042352214762527,,7000.0,0.0,0.0,0.0,47.10957436855831,optimal
2021-02-11 10:00:00,48,103,2.0,0.0,0.0,2.5718,18.7425,6.0,-6,20.12025442921413,,7000.0,0.0,0.0,0.0,46.88752419832039,optimal
2021-02-11 10:30:00,48,103,2.0,0.0,0.0,3.161466666666666,15.2145,6.0,-6,20.20448708527069,,7000.0,0.0,0.0,0.0,46.6656960782527,optimal
2021-02-11 11:00:00,48,103,2.0,0.0,0.0,0.3537333333333333,17.7765,6.0,-6,20.296495568249146,,7000.0,0.0,0.0,0.0,46.444089786305085,optimal
2021-02-11 11:30:00,48,103,2.0,0.0,0.0,0.1961333333333333,16.758,6.0,-6,20.35433092602884,,7000.0,0.0,0.0,0.0,46.22270510064941,optimal
2021-02-11 12:00:00,48,103,2.0,0.0,0.0,0.2511,16.422,6.0,-6,20.41159143926596,,7000.0,0.0,0.0,0.0,46.0015417996794,optimal
2021-02-11 12:30:00,48,103,2.0,0.0,0.0,0.3710333333333334,16.758,6.0,-6,20.471762437063525,,7000.0,0.0,0.0,0.0,45.78059966201035,optimal
2021-02-11 13:00:00,48,103,0.0,0.0,0.0,0.1856999999999999,29.358,6.0,-6,20.543227619580037,,0.0,0.0,0.0,0.0,45.55987846647898,optimal
2021-02-11 13:30:00,48,103,0.0,0.0,0.0,0.1368,34.9965,6.0,-6,20.462968823390742,,0.0,0.0,0.0,0.0,45.339377992143135,optimal
2021-02-11 14:00:00,48,103,0.0,0.0,0.0,0.0962,34.65,6.0,-6,20.38249843923992,,0.0,0.0,0.0,0.0,45.119098018281626,optimal
2021-02-11 14:30:00,48,103,0.0,0.0,0.0,0.1774,34.9965,6.0,-6,20.301992145588407,,0.0,0.0,0.0,0.0,44.89903832439398,optimal
2021-02-11 15:00:00,48,103,0.0,0.0,0.0,0.2642333333333332,34.9965,6.0,-6,20.221972537588524,,0.0,0.0,0.0,0.0,44.67919869020022,optimal
2021-02-11 15:30:00,48,103,0.0,0.0,0.0,2.2211333333333334,30.4815,6.0,-6,20.14434878287717,,0.0,0.0,0.0,0.0,44.459578895640654,optimal
2021-02-11 16:00:00,48,103,0.0,0.0,0.0,0.7484333333333333,21.4305,6.0,-6,20.07468537926395,,0.0,0.0,0.0,0.0,44.24017872087565,optimal
2021-02-11 16:30:00,48,103,1.140027082820403,0.0,0.0,0.4141333333333333,14.3325,6.0,-6,20.0,,3711.4281232047456,0.0,278.66666666666663,0.0,44.020997946285405,optimal
2021-02-11 17:00:00,48,103,2.0,0.0,0.0,0.6039333333333333,13.692,6.0,-6,20.0,,6930.333333333333,0.0,69.66666666666666,0.0,43.80203635246976,optimal
2021-02-11 17:30:00,48,103,0.2324133479776508,0.0,0.0,0.6086,14.007,6.0,-6,20.06626474905725,,813.446717921778,0.0,0.0,0.0,43.58329372024792,optimal
2021-02-11 18:00:00,48,103,1.2656349408180871,0.0,0.0,0.4218,12.873,6.0,-6,20.0,,4151.055626196639,0.0,278.66666666666663,0.0,43.36476983065831,optimal
2021-02-11 18:30:00,48,103,1.1879743459740095,0.0,0.0,0.4122,12.684,6.0,-6,20.0,,3879.243544242368,0.0,278.66666666666663,0.0,43.146464464958285,optimal
2021-02-11 19:00:00,48,103,1.122193751129856,0.0,0.0,0.972,12.306,6.0,-6,20.0,,3927.678128954495,0.0,0.0,0.0,42.92837740462396,optimal
2021-02-11 19:30:00,48,103,2.0,0.0,0.0,3.6361,10.6365,6.0,-6,20.0,,6651.666666666667,0.0,348.3333333333333,0.0,42.71050843134997,optimal
2021-02-11 20:00:00,48,103,0.5275545536382636,0.0,0.0,0.8024666666666667,11.2455,6.0,-6,20.05655380907282,,1846.440937733923,0.0,0.0,0.0,42.49285732704926,optimal
2021-02-11 20:30:00,48,103,0.0,0.0,0.0,1.4568333333333332,11.2455,6.0,-6,20.0,,0.0,0.0,0.0,0.0,42.27542387385285,optimal
2021-02-11 21:00:00,48,103,0.2388571428571428,0.0,0.0,1.6689,11.025,6.0,-6,19.909799404062515,,0.0,0.0,836.0,0.0,42.058207854109625,optimal
2021-02-11 21:30:00,48,103,0.0,0.0,0.0,0.3363666666666666,12.0855,6.0,-6,19.81646112806116,,0.0,0.0,0.0,0.0,41.84120905038615,optimal
2021-02-11 22:00:00,48,103,0.0,0.0,0.0,0.5908333333333333,11.6865,6.0,-6,19.720452315990546,,0.0,0.0,0.0,0.0,41.79936784133576,optimal
2021-02-11 22:30:00,48,103,0.0,0.0,0.0,0.2972666666666667,11.2245,6.0,-6,19.632493636182463,,0.0,0.0,0.0,0.0,41.75756847349442,optimal
2021-02-11 23:00:00,48,103,0.0,0.0,0.0,0.6944,11.025,6.0,-6,19.53603228927122,,0.0,0.0,0.0,0.0,41.71581090502093,optimal
2021-02-11 23:30:00,48,103,0.0,0.0,0.0,0.2133333333333333,10.7835,6.0,-6,19.445670924643498,,0.0,0.0,0.0,0.0,41.67409509411591,optimal
2021-02-12 00:00:00,48,103,2.0,0.0,5.0,0.068,8.1585,6.0,1,19.445670924643498,,7000.0,0.0,0.0,0.0,44.0074209990218,optimal
2021-02-12 00:30:00,48,103,2.0,0.0,0.0,0.1873666666666666,10.3635,6.0,1,19.479938913892976,,0.0,0.0,7000.0,0.0,43.96341357802277,optimal
2021-02-12 01:00:00,48,103,2.0,0.0,0.0,0.2226999999999999,10.8045,6.0,1,19.369211302491248,,6963.666666666667,0.0,36.333333333333336,0.0,43.919450164444754,optimal
2021-02-12 01:30:00,48,103,2.0,0.0,0.0,0.0970666666666666,11.025,6.0,1,19.40631783139787,,7000.0,0.0,0.0,0.0,43.87553071428031,optimal
2021-02-12 02:00:00,48,103,2.0,0.0,0.0,0.2265333333333333,10.3635,6.0,1,19.44168955056364,,7000.0,0.0,0.0,0.0,43.83165518356603,optimal
2021-02-12 02:30:00,48,103,2.0,0.0,0.0,0.1721333333333333,10.8045,6.0,1,19.48000962584453,,7000.0,0.0,0.0,0.0,43.78782352838246,optimal
2021-02-12 03:00:00,48,103,2.0,0.0,0.0,0.18,10.059,6.0,1,19.51856117142465,,7000.0,0.0,0.0,0.0,43.74403570485408,optimal
2021-02-12 03:30:00,48,103,2.0,0.0,0.0,0.1416666666666666,10.584,6.0,1,19.55848547266045,,7000.0,0.0,0.0,0.0,43.70029166914922,optimal
2021-02-12 04:00:00,48,103,2.0,0.0,5.0,0.2683999999999999,9.4185,6.0,1,19.60059739566666,,7000.0,0.0,0.0,0.0,46.03159137748008,optimal
2021-02-12 04:30:00,48,103,2.0,0.0,0.0,0.068,10.3635,6.0,1,19.64836173654628,,7000.0,0.0,0.0,0.0,45.9855597861026,optimal
2021-02-12 05:00:00,48,103,2.0,0.0,4.438892256276963,0.2203666666666666,9.8385,6.0,1,19.69486656199765,,7000.0,0.0,0.0,0.0,48.048048048048045,optimal
2021-02-12 05:30:00,48,103,2.0,0.0,0.0,0.4495333333333333,11.067,6.0,1,19.747543468237645,,7000.0,0.0,0.0,0.0,48.0,optimal
2021-02-12 06:00:00,48,103,2.0,0.0,0.0,0.7926,10.8465,6.0,1,19.810792439768,,7000.0,0.0,0.0,0.0,47.89945036440507,optimal
2021-02-12 06:30:00,48,103,2.0,0.0,0.0,0.9516,13.671,6.0,1,19.876613512427863,,7000.0,0.0,0.0,0.0,47.799001278445736,optimal
2021-02-12 07:00:00,48,103,2.0,0.0,0.0,0.3927333333333333,12.348,6.0,1,19.94188922680369,,7000.0,0.0,0.0,0.0,47.69865264157236,optimal
2021-02-12 07:30:00,48,103,1.7378618313445546,0.0,0.0,0.3381333333333333,14.3325,6.0,1,20.00979589716648,,6082.516409705941,0.0,0.0,0.0,47.59840435333586,optimal
2021-02-12 08:00:00,48,103,0.0,0.0,0.0,2.028933333333333,15.393,6.0,1,20.056992849602008,,0.0,0.0,0.0,0.0,47.49825631338759,optimal
2021-02-12 08:30:00,48,103,2.0,0.0,0.0,2.1008666666666667,13.587,6.0,1,20.0,,7000.0,0.0,0.0,0.0,47.39820842147928,optimal
2021-02-12 09:00:00,48,103,0.0,0.0,0.0,1.2502,16.1385,6.0,1,20.090972567420287,,0.0,0.0,0.0,0.0,47.29826057746287,optimal
2021-02-12 09:30:00,48,103,0.9822658163708884,0.0,0.0,0.2367,14.595,6.0,1,20.007016759448007,,3437.93035729811,0.0,0.0,0.0,47.19841268129048,optimal
2021-02-12 10:00:00,48,103,0.9551854910136012,0.0,0.0,0.3836666666666667,14.637,6.0,1,20.0,,3343.1492185476045,0.0,0.0,0.0,47.09866463301426,optimal
2021-02-12 10:30:00,48,103,0.8859170874668701,0.0,0.0,0.4744,13.9125,6.0,1,20.0,,3100.7098061340457,0.0,0.0,0.0,46.99901633278632,optimal
2021-02-12 11:00:00,48,103,0.8241724688506581,0.0,0.0,0.7309666666666667,13.3665,6.0,1,20.0,,2675.6036409773037,0.0,209.0,0.0,46.899467680858606,optimal
2021-02-12 11:30:00,48,103,2.0,0.0,0.0,0.9718666666666668,13.0095,6.0,1,20.0,,6512.333333333333,0.0,487.6666666666667,0.0,46.80001857758282,optimal
2021-02-12 12:00:00,48,103,0.0,0.0,0.0,0.5808666666666666,13.8915,6.0,1,20.08484869520959,,0.0,0.0,0.0,0.0,46.70066892341031,optimal
2021-02-12 12:30:00,48,103,0.5281575688187209,0.0,0.0,1.0305,13.188,6.0,1,20.01983931848051,,1848.551490865523,0.0,0.0,0.0,46.60141861889197,optimal
2021-02-12 13:00:00,48,103,1.05395689679534,0.0,0.0,0.5028666666666667,12.5685,6.0,1,20.0,,3001.34723807712,0.0,687.5019007065696,0.0,46.50226756467815,optimal
2021-02-12 13:30:00,48,103,2.0,0.0,0.0,0.3726,12.285,6.0,1,20.0,,4552.501900706569,0.0,2447.49809929343,0.0,46.403215661518544,optimal
2021-02-12 14:00:00,48,103,2.0,0.0,0.0,0.6742,11.487,6.0,1,20.034408641755597,,7000.0,0.0,0.0,0.0,46.304262810262095,optimal
2021-02-12 14:30:00,48,103,2.0,0.0,0.0,0.7460666666666668,11.802,6.0,1,20.124498369123664,,7000.0,0.0,0.0,0.0,46.20540891185691,optimal
2021-02-12 15:00:00,48,103,2.0,0.0,0.0,2.2885,11.2245,6.0,1,20.21481051737744,,7000.0,0.0,0.0,0.0,46.10665386735012,optimal
2021-02-12 15:30:00,48,103,2.0,0.0,0.0,1.0959666666666668,11.025,6.0,1,20.324603796427304,,7000.0,0.0,0.0,0.0,46.00799757788784,optimal
2021-02-12 16:00:00,48,103,2.0,0.0,0.0,0.4058333333333333,11.907,6.0,1,20.420790595677783,,7000.0,0.0,0.0,0.0,45.90943994471503,optimal
2021-02-12 16:30:00,48,103,0.0,0.0,0.0,0.5378,25.83,6.0,1,20.49878204491767,,0.0,0.0,0.0,0.0,45.81098086917538,optimal
2021-02-12 17:00:00,48,103,0.0,0.0,0.0,0.8315666666666667,28.035,6.0,1,20.438209264001667,,0.0,0.0,0.0,0.0,45.71262025271128,optimal
2021-02-12 17:30:00,48,103,0.0,0.0,0.0,2.119833333333333,28.119,6.0,1,20.38071236247468,,0.0,0.0,0.0,0.0,45.61435799686364,optimal
2021-02-12 18:00:00,48,103,0.0,0.0,0.0,0.6221666666666666,30.156,6.0,1,20.333163742002085,,0.0,0.0,0.0,0.0,45.51619400327185,optimal
2021-02-12 18:30:00,48,103,0.0,0.0,0.0,0.603,29.1585,6.0,1,20.26476376407205,,0.0,0.0,0.0,0.0,45.41812817367365,optimal
2021-02-12 19:00:00,48,103,0.0,0.0,0.0,0.4279666666666666,26.712,6.0,1,20.19776571821456,,0.0,0.0,0.0,0.0,45.32016040990505,optimal
2021-02-12 19:30:00,48,103,0.0,0.0,0.0,0.6073333333333334,15.435,6.0,1,20.12943721649717,,0.0,0.0,0.0,0.0,45.22229061390021,optimal
2021-02-12 20:00:00,48,103,0.0,0.0,0.0,0.5842333333333334,13.566,6.0,1,20.06735804008996,,0.0,0.0,0.0,0.0,45.124518687691385,optimal
2021-02-12 20:30:00,48,103,0.0,0.0,0.0,0.4628,12.789,6.0,1,20.0,,0.0,0.0,0.0,0.0,45.02684453340876,optimal
2021-02-12 21:00:00,48,103,0.6767619047619047,0.0,0.0,0.7955666666666668,12.1275,6.0,1,19.927809264858126,,0.0,0.0,2368.6666666666665,0.0,44.98181768887535,optimal
2021-02-12 21:30:00,48,103,0.0,0.0,0.0,0.672,13.671,6.0,1,19.86364401707894,,0.0,0.0,0.0,0.0,44.93683587118648,optimal
2021-02-12 22:00:00,48,103,0.0597142857142857,0.0,0.0,0.4310666666666666,10.668,6.0,1,19.79854450334905,,0.0,0.0,209.0,0.0,44.89189903531529,optimal
2021-02-12 22:30:00,48,103,0.0,0.0,0.0,1.8940333333333328,11.7285,6.0,1,19.72642550016561,,0.0,0.0,0.0,0.0,44.84700713627998,optimal
2021-02-12 23:00:00,48,103,0.0,0.0,0.0,0.9652,11.025,6.0,1,19.675466705288297,,0.0,0.0,0.0,0.0,44.802160129143694,optimal
2021-02-12 23:30:00,48,103,0.0,0.0,0.0,0.1227999999999999,10.689,6.0,1,19.609035069065268,,0.0,0.0,0.0,0.0,44.75735796901455,optimal
2021-02-13 00:00:00,48,103,0.1194285714285714,0.0,0.0,1.7857333333333332,12.1275,6.0,8,19.609035069065268,,0.0,0.0,418.0,0.0,44.71260061104554,optimal
2021-02-13 00:30:00,48,103,0.0,0.0,0.0,0.059,12.1275,6.0,8,19.530514261394984,,0.0,0.0,0.0,0.0,44.667888010434496,optimal
2021-02-13 01:00:00,48,103,0.0,0.0,0.0,0.059,12.789,6.0,8,19.446975559688514,,0.0,0.0,0.0,0.0,44.62322012242406,optimal
2021-02-13 01:30:00,48,103,0.8261410551056867,0.0,0.0,0.059,11.907,6.0,8,19.364042680713307,,0.0,0.0,2891.4936928699035,0.0,44.57859690230163,optimal
2021-02-13 02:00:00,48,103,2.0,0.0,0.0,0.059,11.025,6.0,8,19.2817128760438,,3412.493692869905,0.0,3587.506307130095,0.0,44.53401830539933,optimal
2021-02-13 02:30:00,48,103,2.0,0.0,0.0,0.059,8.2005,6.0,8,19.271817793605152,,7000.0,0.0,0.0,0.0,44.48948428709393,optimal
2021-02-13 03:00:00,48,103,2.0,0.0,0.0,0.059,9.5655,6.0,8,19.33748607280077,,7000.0,0.0,0.0,0.0,44.44499480280684,optimal
2021-02-13 03:30:00,48,103,2.0,0.0,5.0,0.059,7.056,6.0,8,19.40285643584361,,7000.0,0.0,0.0,0.0,46.77554980800403,optimal
2021-02-13 04:00:00,48,103,2.0,0.0,0.0,0.059,9.3975,6.0,8,19.46770340014472,,7000.0,0.0,0.0,0.0,46.728774258196026,optimal
2021-02-13 04:30:00,48,103,2.0,0.0,0.0,0.059,10.059,6.0,8,19.532029340198164,,7000.0,0.0,0.0,0.0,46.68204548393783,optimal
2021-02-13 05:00:00,48,103,2.0,0.0,0.0,0.059,9.261,6.0,8,19.59560978558566,,7000.0,0.0,0.0,0.0,46.635363438453886,optimal
2021-02-13 05:30:00,48,103,2.0,0.0,0.0,0.059,8.1585,6.0,8,19.658448118380026,,7000.0,0.0,0.0,0.0,46.58872807501543,optimal
2021-02-13 06:00:00,48,103,2.0,0.0,0.0,0.4755666666666666,9.4815,6.0,8,19.720547705310704,,7000.0,0.0,0.0,0.0,46.54213934694042,optimal
2021-02-13 06:30:00,48,103,2.0,0.0,0.0,1.0199333333333331,8.379,6.0,8,19.79047295835339,,7000.0,0.0,0.0,0.0,46.49559720759348,optimal
2021-02-13 07:00:00,48,103,2.0,0.0,0.0,0.2777666666666666,9.5235,6.0,8,19.862055740547987,,7000.0,0.0,0.0,0.0,46.44910161038588,optimal
2021-02-13 07:30:00,48,103,2.0,0.0,3.463990608994856,1.2465666666666666,8.1375,6.0,8,19.932057996292013,,7000.0,0.0,0.0,0.0,48.048048048048045,optimal
2021-02-13 08:00:00,48,103,2.0,0.0,0.0,1.5368333333333333,10.0905,6.0,8,20.0,,3591.368854919068,0.0,3408.631145080932,0.0,48.0,optimal
2021-02-13 08:30:00,48,103,2.0,0.0,0.0,2.754366666666667,7.539,6.0,8,20.0,,5285.344478414266,0.0,1714.6555215857345,0.0,47.88571079185456,optimal
2021-02-13 09:00:00,48,103,2.0,0.0,0.0,6.522,7.938,6.0,8,20.047846272879035,,7000.0,0.0,0.0,0.0,47.77153587291726,optimal
2021-02-13 09:30:00,48,103,2.0,0.0,0.0,1.9015,8.274,6.0,8,20.149566848919203,,7000.0,0.0,0.0,0.0,47.6574751288989,optimal
2021-02-13 10:00:00,48,103,2.0,0.0,0.0,1.6532,9.261,6.0,8,20.22018867099697,,7000.0,0.0,0.0,0.0,47.54352844562456,optimal
2021-02-13 10:30:00,48,103,2.0,0.0,0.0,1.6455,9.9225,6.0,8,20.288092720157536,,7000.0,0.0,0.0,0.0,47.429695709033496,optimal
2021-02-13 11:00:00,48,103,2.0,0.0,0.0,1.9613666666666665,9.702,6.0,8,20.35747046778307,,7000.0,0.0,0.0,0.0,47.31597680517902,optimal
2021-02-13 11:30:00,48,103,2.0,0.0,0.0,0.4418999999999999,10.584,6.0,8,20.443609825248647,,7000.0,0.0,0.0,0.0,47.2023716202284,optimal
2021-02-13 12:00:00,48,103,2.0,0.0,0.0,2.569633333333333,10.143,6.0,8,20.512470757187536,,7000.0,0.0,0.0,0.0,47.088880040462726,optimal
2021-02-13 12:30:00,48,103,0.0,0.0,0.0,0.206,13.0095,6.0,8,20.591935591241583,,0.0,0.0,0.0,0.0,46.97550195227682,optimal
2021-02-13 13:00:00,48,103,2.0,0.0,0.0,4.388533333333334,11.025,6.0,8,20.510286055423943,,7000.0,0.0,0.0,0.0,46.86223724217911,optimal
2021-02-13 13:30:00,48,103,0.0,0.0,0.0,0.1787666666666666,12.789,6.0,8,20.606058652252116,,0.0,0.0,0.0,0.0,46.74908579679148,optimal
2021-02-13 14:00:00,48,103,0.0,0.0,0.0,0.1529,12.1275,6.0,8,20.52276913512677,,0.0,0.0,0.0,0.0,46.63604750284925,optimal
2021-02-13 14:30:00,48,103,0.2381538697096736,0.0,0.0,0.0827333333333333,12.1695,6.0,8,20.43920810132551,,833.5385439838576,0.0,0.0,0.0,46.52312224720096,optimal
2021-02-13 15:00:00,48,103,0.0,0.0,0.0,1.1212666666666669,12.306,6.0,8,20.37318834575409,,0.0,0.0,0.0,0.0,46.41030991680832,optimal
2021-02-13 15:30:00,48,103,0.0,0.0,0.0,1.140766666666667,13.23,6.0,8,20.29676774861539,,0.0,0.0,0.0,0.0,46.29761039874607,optimal
2021-02-13 16:00:00,48,103,0.0,0.0,0.0,0.0935999999999999,13.671,6.0,8,20.2209151956157,,0.0,0.0,0.0,0.0,46.18502358020188,optimal
2021-02-13 16:30:00,48,103,0.0,0.0,0.0,0.205,13.9335,6.0,8,20.142580710747144,,0.0,0.0,0.0,0.0,46.07254934847624,optimal
2021-02-13 17:00:00,48,103,0.0,0.0,0.0,0.5412,13.293,6.0,8,20.068501543475623,,0.0,0.0,0.0,0.0,45.96018759098232,optimal
2021-02-13 17:30:00,48,103,1.0130158416455664,0.0,0.0,0.3716,12.1065,6.0,8,20.0,,3545.555445759482,0.0,0.0,0.0,45.847938195245895,optimal
2021-02-13 18:00:00,48,103,0.9607715219679456,0.0,0.0,2.06,11.571,6.0,8,20.0,,3362.7003268878093,0.0,0.0,0.0,45.73580104890521,optimal
2021-02-13 18:30:00,48,103,2.0,0.0,0.0,0.6259333333333332,11.025,6.0,8,20.0,,6340.953333333333,0.0,659.0466666666666,0.0,45.62377603971086,optimal
2021-02-13 19:00:00,48,103,2.0,0.0,0.0,2.2027666666666668,10.8465,6.0,8,20.06254210700129,,7000.0,0.0,0.0,0.0,45.51186305552571,optimal
2021-02-13 19:30:00,48,103,0.0639186678404128,0.0,0.0,1.8880666666666663,11.2455,6.0,8,20.138927007062293,,223.71533744144503,0.0,0.0,0.0,45.40006198432474,optimal
2021-02-13 20:00:00,48,103,0.0,0.0,0.0,0.3966,23.8665,6.0,8,20.07477970127345,,0.0,0.0,0.0,0.0,45.28837271419498,optimal
2021-02-13 20:30:00,48,103,0.0,0.0,0.0,0.5116,27.4575,6.0,8,20.0,,0.0,0.0,0.0,0.0,45.17679513333534,optimal
2021-02-13 21:00:00,48,103,0.0,0.0,0.0,0.3913,27.3735,6.0,8,19.92816839771901,,0.0,0.0,0.0,0.0,45.131618338202,optimal
2021-02-13 21:30:00,48,103,0.0,0.0,0.0,2.646133333333333,30.4605,6.0,8,19.855299588558957,,0.0,0.0,0.0,0.0,45.0864867198638,optimal
2021-02-13 22:00:00,48,103,0.0,0.0,0.0,0.1291666666666666,30.0195,6.0,8,19.790796532325174,,0.0,0.0,0.0,0.0,45.04140023314394,optimal
2021-02-13 22:30:00,48,103,0.0,0.0,0.0,0.069,26.9325,6.0,8,19.707886135643893,,0.0,0.0,0.0,0.0,44.99635883291079,optimal
2021-02-13 23:00:00,48,103,0.0,0.0,0.0,0.069,14.595,6.0,8,19.622228188030267,,0.0,0.0,0.0,0.0,44.95136247407788,optimal
2021-02-13 23:30:00,48,103,0.0,0.0,0.0,0.069,12.4845,6.0,8,19.537185677494364,,0.0,0.0,0.0,0.0,44.9064111116038,optimal
2021-02-07 00:00:00,49,103,0.0,0.0,0.0,0.1432666666666666,12.5685,6.0,6,21.0,,0.0,0.0,0.0,0.0,47.952,optimal
2021-02-07 00:30:00,49,103,0.0,0.0,0.0,0.1237,13.146,6.0,6,20.92618857701165,,0.0,0.0,0.0,0.0,47.904048,optimal
2021-02-07 01:00:00,49,103,0.0,0.0,0.0,0.2598999999999999,10.584,6.0,6,20.85198679449565,,0.0,0.0,0.0,0.0,47.856143952,optimal
2021-02-07 01:30:00,49,103,0.0,0.0,0.0,0.1186666666666666,6.678,6.0,6,20.78054205599636,,0.0,0.0,0.0,0.0,47.80828780804799,optimal
2021-02-07 02:00:00,49,103,0.0,0.0,0.0,0.1417666666666666,7.938,6.0,6,20.706221586210425,,0.0,0.0,0.0,0.0,47.76047952023995,optimal
2021-02-07 02:30:00,49,103,2.142857142857143,0.0,1.2132455859798754,0.1417666666666666,5.292,6.0,6,20.632497715101877,,4574.0,0.0,2926.0,0.0,48.28901069406015,optimal
2021-02-07 03:00:00,49,103,0.0,0.0,0.0,0.06,9.261,6.0,6,20.6549392028516,,0.0,0.0,0.0,0.0,48.24072168336608,optimal
2021-02-07 03:30:00,49,103,0.0,0.0,0.0,0.1773333333333333,10.3635,6.0,6,20.57881942541092,,0.0,0.0,0.0,0.0,48.19248096168271,optimal
2021-02-07 04:00:00,49,103,0.0,0.0,0.0,0.06,8.274,6.0,6,20.505288059631617,,0.0,0.0,0.0,0.0,48.144288480721016,optimal
2021-02-07 04:30:00,49,103,0.0,0.0,0.0,0.2235333333333333,7.7175,6.0,6,20.429393533678414,,0.0,0.0,0.0,0.0,48.096144192240295,optimal
2021-02-07 05:00:00,49,103,1.0261047127845837,0.0,0.0,0.148,6.615,6.0,6,20.35728576047288,,3591.366494746042,0.0,0.0,0.0,48.048048048048045,optimal
2021-02-07 05:30:00,49,103,2.142857142857143,0.0,0.0,0.1363,6.174,6.0,6,20.35951483919946,,7500.0,0.0,0.0,0.0,48.0,optimal
2021-02-07 06:00:00,49,103,2.142857142857143,0.0,0.0,0.1769333333333333,3.906,6.0,6,20.447213901593894,,7500.0,0.0,0.0,0.0,47.60278297888717,optimal
2021-02-07 06:30:00,49,103,2.142857142857143,0.0,0.0,0.1273,2.3415,6.0,6,20.53743058264193,,7500.0,0.0,0.0,0.0,47.20596317479546,optimal
2021-02-07 07:00:00,49,103,2.142857142857143,0.0,0.0,1.3817000000000002,2.205,6.0,6,20.629213719421813,,7500.0,0.0,0.0,0.0,46.80954019050783,optimal
2021-02-07 07:30:00,49,103,2.142857142857143,0.0,0.0,0.2598666666666667,0.882,6.0,6,20.7320067860068,,7500.0,0.0,0.0,0.0,46.413513629204495,optimal
2021-02-07 08:00:00,49,103,2.142857142857143,0.0,0.0,0.3992666666666666,1.5435,6.0,6,20.82345163216988,,7500.0,0.0,0.0,0.0,46.01788309446246,optimal
2021-02-07 08:30:00,49,103,2.142857142857143,0.0,0.0,0.3014333333333333,1.5435,6.0,6,20.91083020542988,,7500.0,0.0,0.0,0.0,45.62264819025517,optimal
2021-02-07 09:00:00,49,103,2.142857142857143,0.0,0.0,0.327,5.0715,6.0,6,20.98783919686363,,7500.0,0.0,0.0,0.0,45.22780852095209,optimal
2021-02-07 09:30:00,49,103,2.142857142857143,0.0,0.0,0.1056666666666666,5.376,6.0,6,21.072032573122616,,7500.0,0.0,0.0,0.0,44.833363691318304,optimal
2021-02-07 10:00:00,49,103,2.142857142857143,0.0,0.0,0.2988333333333333,5.0715,6.0,6,21.14608310805432,,7500.0,0.0,0.0,0.0,44.43931330651416,optimal
2021-02-07 10:30:00,49,103,2.142857142857143,0.0,0.0,0.1220333333333333,5.5125,6.0,6,21.221088983093377,,7500.0,0.0,0.0,0.0,44.04565697209482,optimal
2021-02-07 11:00:00,49,103,0.0,0.0,0.0,0.2245,9.261,6.0,6,21.29157919988841,,0.0,0.0,0.0,0.0,43.652394294009895,optimal
2021-02-07 11:30:00,49,103,0.0,0.0,0.0,0.1963666666666666,11.7075,6.0,6,21.205574864273288,,0.0,0.0,0.0,0.0,43.25952487860306,optimal
2021-02-07 12:00:00,49,103,0.0,0.0,0.0,0.1873333333333333,12.348,6.0,6,21.119368484908637,,0.0,0.0,0.0,0.0,42.86704833261163,optimal
2021-02-07 12:30:00,49,103,0.0,0.0,0.0,0.07,12.348,6.0,6,21.033363041929437,,0.0,0.0,0.0,0.0,42.47496426316619,optimal
2021-02-07 13:00:00,49,103,0.0,0.0,0.0,0.1169333333333333,12.1275,6.0,6,20.94527786384786,,0.0,0.0,0.0,0.0,42.0832722777902,optimal
2021-02-07 13:30:00,49,103,0.0,0.0,0.0,0.3039333333333333,12.5265,6.0,6,20.858580265411,,0.0,0.0,0.0,0.0,41.69197198439958,optimal
2021-02-07 14:00:00,49,103,0.0,0.0,0.0,0.2199666666666666,11.7495,6.0,6,20.77643924687823,,0.0,0.0,0.0,0.0,41.30106299130235,optimal
2021-02-07 14:30:00,49,103,0.0,0.0,0.0,0.3304666666666666,13.23,6.0,6,20.696683486767903,,0.0,0.0,0.0,0.0,40.91054490719822,optimal
2021-02-07 15:00:00,49,103,0.0,0.0,0.0,0.3044333333333333,14.3325,6.0,6,20.62449179085055,,0.0,0.0,0.0,0.0,40.5204173411782,optimal
2021-02-07 15:30:00,49,103,0.0,0.0,0.0,0.2943333333333333,14.994,6.0,6,20.550729752723367,,0.0,0.0,0.0,0.0,40.13067990272419,optimal
2021-02-07 16:00:00,49,103,0.0,0.0,0.0,0.4497,14.8155,6.0,6,20.48648676992555,,0.0,0.0,0.0,0.0,39.74133220170864,optimal
2021-02-07 16:30:00,49,103,0.0,0.0,0.0,1.7533333333333332,14.112,6.0,6,20.423841190063783,,0.0,0.0,0.0,0.0,39.70159086950693,optimal
2021-02-07 17:00:00,49,103,0.0,0.0,0.0,3.385733333333333,14.007,6.0,6,20.37082498244954,,0.0,0.0,0.0,0.0,39.66188927863743,optimal
2021-02-07 17:30:00,49,103,0.0,0.0,0.0,1.7392999999999998,13.23,6.0,6,20.332551809924205,,0.0,0.0,0.0,0.0,39.622227389358784,optimal
2021-02-07 18:00:00,49,103,0.0,0.0,0.0,0.5751000000000001,11.382,6.0,6,20.284752344883614,,0.0,0.0,0.0,0.0,39.58260516196943,optimal
2021-02-07 18:30:00,49,103,0.0,0.0,0.0,0.2149333333333333,11.7495,6.0,6,20.23218916583184,,0.0,0.0,0.0,0.0,39.54302255680746,optimal
2021-02-07 19:00:00,49,103,0.0,0.0,0.0,0.4597,24.3285,6.0,6,20.16895210925796,,0.0,0.0,0.0,0.0,39.50347953425065,optimal
2021-02-07 19:30:00,49,103,0.0,0.0,0.0,0.2643333333333333,28.917,6.0,6,20.114481234832603,,0.0,0.0,0.0,0.0,39.4639760547164,optimal
2021-02-07 20:00:00,49,103,0.0,0.0,0.0,0.3317666666666666,31.3635,6.0,6,20.05662908886031,,0.0,0.0,0.0,0.0,39.42451207866168,optimal
2021-02-07 20:30:00,49,103,0.0,0.0,0.0,0.6051666666666666,33.306,6.0,6,20.0,,0.0,0.0,0.0,0.0,39.38508756658302,optimal
2021-02-07 21:00:00,49,103,0.0,0.0,0.0,0.2604666666666666,31.3425,6.0,6,19.94907107198075,,0.0,0.0,0.0,0.0,39.34570247901643,optimal
2021-02-07 21:30:00,49,103,0.0,0.0,0.0,0.6291333333333333,28.2555,6.0,6,19.88593973698889,,0.0,0.0,0.0,0.0,39.30635677653741,optimal
2021-02-07 22:00:00,49,103,0.0,0.0,0.0,0.2701333333333333,15.6975,6.0,6,19.83284928714546,,0.0,0.0,0.0,0.0,39.26705041976088,optimal
2021-02-07 22:30:00,49,103,0.0,0.0,0.0,1.1580666666666666,12.5475,6.0,6,19.772221145138975,,0.0,0.0,0.0,0.0,39.22778336934112,optimal
2021-02-07 23:00:00,49,103,0.0,0.0,0.0,0.5261,12.0855,6.0,6,19.71343343227431,,0.0,0.0,0.0,0.0,39.18855558597178,optimal
2021-02-07 23:30:00,49,103,0.0,0.0,0.0,0.0817333333333333,11.907,6.0,6,19.659736542573174,,0.0,0.0,0.0,0.0,39.14936703038581,optimal
2021-02-08 00:00:00,49,103,2.142857142857143,0.0,5.0,0.044,4.1895,6.0,-7,19.659736542573174,,7500.0,0.0,0.0,0.0,41.48521766335542,optimal
2021-02-08 00:30:00,49,103,2.142857142857143,0.0,5.0,0.044,7.056,6.0,-7,19.73584839072787,,812.0,0.0,6688.0,0.0,43.81873244569206,optimal
2021-02-08 01:00:00,49,103,2.142857142857143,0.0,5.0,0.107,5.271,6.0,-7,19.6708298161407,,7500.0,0.0,0.0,0.0,46.14991371324637,optimal
2021-02-08 01:30:00,49,103,2.142857142857143,0.0,0.0031777210649938,0.044,7.938,6.0,-7,19.74821751332399,,7500.0,0.0,0.0,0.0,46.10527321703899,optimal
2021-02-08 02:00:00,49,103,2.142857142857143,0.0,5.0,0.0755,7.938,6.0,-7,19.82370111724045,,7500.0,0.0,0.0,0.0,48.434167943821954,optimal
2021-02-08 02:30:00,49,103,2.142857142857143,0.0,0.0,0.0755,11.907,6.0,-7,19.899278529695245,,7500.0,0.0,0.0,0.0,48.38573377587813,optimal
2021-02-08 03:00:00,49,103,2.142857142857143,0.0,0.0,0.0685,11.025,6.0,-7,19.97473990554287,,7500.0,0.0,0.0,0.0,48.33734804210225,optimal
2021-02-08 03:30:00,49,103,2.142857142857143,0.0,0.0,0.0825,11.2875,6.0,-7,20.04993841834993,,7500.0,0.0,0.0,0.0,48.28901069406015,optimal
2021-02-08 04:00:00,49,103,2.142857142857143,0.0,0.0,0.0755,12.936,6.0,-7,20.124863650926606,,7500.0,0.0,0.0,0.0,48.24072168336608,optimal
2021-02-08 04:30:00,49,103,2.142857142857143,0.0,0.0,0.0755,13.0095,6.0,-7,20.19907478449461,,7500.0,0.0,0.0,0.0,48.19248096168271,optimal
2021-02-08 05:00:00,49,103,0.0,0.0,0.0,0.044,13.671,6.0,-7,20.27249557740925,,0.0,0.0,0.0,0.0,48.144288480721016,optimal
2021-02-08 05:30:00,49,103,2.142857142857143,0.0,0.0,0.048,13.188,6.0,-7,20.186588468778734,,7500.0,0.0,0.0,0.0,48.096144192240295,optimal
2021-02-08 06:00:00,49,103,0.0,0.0,0.0,0.1661333333333333,13.8495,6.0,-7,20.259169288206845,,0.0,0.0,0.0,0.0,48.048048048048045,optimal
2021-02-08 06:30:00,49,103,2.142857142857143,0.0,0.0,0.1058333333333333,13.23,6.0,-7,20.178521985292477,,7500.0,0.0,0.0,0.0,48.0,optimal
2021-02-08 07:00:00,49,103,2.142857142857143,0.0,0.0,0.075,13.3665,6.0,-7,20.251778949362976,,7500.0,0.0,0.0,0.0,47.77947141503214,optimal
2021-02-08 07:30:00,49,103,2.142857142857143,0.0,0.0,0.096,13.0515,6.0,-7,20.321610371821127,,7500.0,0.0,0.0,0.0,47.55916335864925,optimal
2021-02-08 08:00:00,49,103,2.142857142857143,0.0,0.0,0.054,13.5345,6.0,-7,20.39202071811013,,7500.0,0.0,0.0,0.0,47.339075610322745,optimal
2021-02-08 08:30:00,49,103,0.0,0.0,0.0,0.054,14.154,6.0,-7,20.46168118616528,,0.0,0.0,0.0,0.0,47.11920794974456,optimal
2021-02-08 09:00:00,49,103,0.6142243271275485,0.0,0.0,0.1065,14.112,6.0,-7,20.372693899922385,,2149.78514494642,0.0,0.0,0.0,46.899560156826965,optimal
2021-02-08 09:30:00,49,103,0.0,0.0,0.0,0.0645,14.2485,6.0,-7,20.3300156539576,,0.0,0.0,0.0,0.0,46.68013201170229,optimal
2021-02-08 10:00:00,49,103,2.142857142857143,0.0,0.0,0.054,12.789,6.0,-7,20.24207355694561,,7500.0,0.0,0.0,0.0,46.460923294722726,optimal
2021-02-08 10:30:00,49,103,2.142857142857143,0.0,0.0,0.117,13.0095,6.0,-7,20.31286795870582,,7500.0,0.0,0.0,0.0,46.24193378646015,optimal
2021-02-08 11:00:00,49,103,2.142857142857143,0.0,0.0,0.054,12.1275,6.0,-7,20.383986861993066,,7500.0,0.0,0.0,0.0,46.02316326770583,optimal
2021-02-08 11:30:00,49,103,2.142857142857143,0.0,0.0,0.11,12.348,6.0,-7,20.45277644522228,,7500.0,0.0,0.0,0.0,45.80461151947026,optimal
2021-02-08 12:00:00,49,103,2.142857142857143,0.0,0.0,0.061,12.348,6.0,-7,20.52288644304979,,7500.0,0.0,0.0,0.0,45.586278322982935,optimal
2021-02-08 12:30:00,49,103,0.0,0.0,0.0,0.103,25.389,6.0,-7,20.592100572964416,,0.0,0.0,0.0,0.0,45.36816345969209,optimal
2021-02-08 13:00:00,49,103,0.0,0.0,0.0,0.068,29.1375,6.0,-7,20.504914095443773,,0.0,0.0,0.0,0.0,45.15026671126454,optimal
2021-02-08 13:30:00,49,103,0.0,0.0,0.0,0.068,30.597,6.0,-7,20.41829372739228,,0.0,0.0,0.0,0.0,44.93258785958542,optimal
2021-02-08 14:00:00,49,103,0.0,0.0,0.0,0.103,33.684,6.0,-7,20.332519996754797,,0.0,0.0,0.0,0.0,44.715126686757976,optimal
2021-02-08 14:30:00,49,103,0.0,0.0,0.0,0.054,32.445,6.0,-7,20.24832582692138,,0.0,0.0,0.0,0.0,44.49788297510336,optimal
2021-02-08 15:00:00,49,103,0.0,0.0,0.0,0.117,28.917,6.0,-7,20.16280164692741,,0.0,0.0,0.0,0.0,44.2808565071604,optimal
2021-02-08 15:30:00,49,103,0.0,0.0,0.0,0.2363666666666666,15.876,6.0,-7,20.078311134954383,,0.0,0.0,0.0,0.0,44.064047065685386,optimal
2021-02-08 16:00:00,49,103,1.0632816030511796,0.0,0.0,0.0596,12.348,6.0,-7,20.0,,3721.485610679129,0.0,0.0,0.0,43.84745443365184,optimal
2021-02-08 16:30:00,49,103,2.142857142857143,0.0,0.0,0.3497,12.1275,6.0,-7,20.0,,7221.333333333333,0.0,278.66666666666663,0.0,43.63107839425033,optimal
2021-02-08 17:00:00,49,103,0.0073063381048359,0.0,0.0,0.1452,12.348,6.0,-7,20.077422426896,,25.57218336692583,0.0,0.0,0.0,43.41491873088823,optimal
2021-02-08 17:30:00,49,103,1.2079552256002133,0.0,0.0,0.1523333333333333,12.1275,6.0,-7,20.0,,3740.176622934079,0.0,487.6666666666667,0.0,43.19897522718948,optimal
2021-02-08 18:00:00,49,103,1.0079370538563444,0.0,0.0,0.2698,12.1275,6.0,-7,20.0,,3527.7796884972054,0.0,0.0,0.0,42.98324766699443,optimal
2021-02-08 18:30:00,49,103,0.955915408174944,0.0,0.0,0.5316000000000001,11.2665,6.0,-7,20.0,,3136.703928612304,0.0,209.0,0.0,42.76773583435958,optimal
2021-02-08 19:00:00,49,103,2.142857142857143,0.0,0.0,0.8807999999999999,10.143,6.0,-7,20.0,,7291.0,0.0,209.0,0.0,42.55243951355736,optimal
2021-02-08 19:30:00,49,103,0.0,0.0,0.0,0.4327333333333333,11.2455,6.0,-7,20.09725088775581,,0.0,0.0,0.0,0.0,42.337358489075946,optimal
2021-02-08 20:00:00,49,103,0.5574702538835177,0.0,0.0,0.4672,11.025,6.0,-7,20.026698035864857,,1951.145888592312,0.0,0.0,0.0,42.12249254561901,optimal
2021-02-08 20:30:00,49,103,2.142857142857143,0.0,0.0,0.4070333333333333,5.9745,6.0,-7,20.0,,0.0,0.0,7500.0,0.0,41.90784146810554,optimal
2021-02-08 21:00:00,49,103,0.0,0.0,0.0,0.3785,7.938,6.0,-7,19.92888187964608,,0.0,0.0,0.0,0.0,41.69340504166958,optimal
2021-02-08 21:30:00,49,103,0.0,0.0,0.0,0.3164666666666666,8.6835,6.0,-7,19.859933540939085,,0.0,0.0,0.0,0.0,41.47918305166005,optimal
2021-02-08 22:00:00,49,103,0.0,0.0,0.0,0.5674,7.665,6.0,-7,19.79401407582972,,0.0,0.0,0.0,0.0,41.43770386860839,optimal
2021-02-08 22:30:00,49,103,0.3452380952380958,0.0,0.0,0.4289333333333333,6.7725,6.0,-7,19.735696627140907,,0.0,0.0,1208.3333333333353,0.0,41.39626616473978,optimal
2021-02-08 23:00:00,49,103,0.0,0.0,0.0,0.4323999999999999,5.5755,6.0,-7,19.67262162917952,,0.0,0.0,0.0,0.0,41.35486989857504,optimal
2021-02-08 23:30:00,49,103,0.0796190476190476,0.0,0.0,0.182,5.0925,6.0,-7,19.606922723021057,,0.0,0.0,278.66666666666663,0.0,41.31351502867646,optimal
2021-02-09 00:00:00,49,103,2.142857142857143,0.0,0.0,0.063,12.1275,6.0,5,19.606922723021057,,7360.666666666667,0.0,139.33333333333331,0.0,41.272201513647786,optimal
2021-02-09 00:30:00,49,103,2.142857142857143,0.0,0.0,0.069,12.2955,6.0,5,19.68415484236336,,0.0,0.0,7500.0,0.0,41.23092931213414,optimal
2021-02-09 01:00:00,49,103,2.142857142857143,0.0,0.0,0.0909,11.6865,6.0,5,19.609251406623784,,509.3333333333321,0.0,6990.666666666668,0.0,41.189698382822,optimal
2021-02-09 01:30:00,49,103,2.142857142857143,0.0,0.0,0.2025666666666666,11.466,6.0,5,19.54595696040944,,7500.0,0.0,0.0,0.0,41.14850868443918,optimal
2021-02-09 02:00:00,49,103,2.142857142857143,0.0,0.5336363959408997,0.1849666666666666,10.8045,6.0,5,19.63232016528332,,7500.0,0.0,0.0,0.0,41.36083746382667,optimal
2021-02-09 02:30:00,49,103,2.142857142857143,0.0,5.0,0.3429,10.584,6.0,5,19.717178319966266,,7500.0,0.0,0.0,0.0,43.69447662636284,optimal
2021-02-09 03:00:00,49,103,2.142857142857143,0.0,0.0,0.1541333333333333,11.2455,6.0,5,19.806381718169085,,7500.0,0.0,0.0,0.0,43.65078214973648,optimal
2021-02-09 03:30:00,49,103,2.142857142857143,0.0,0.0,0.1525666666666666,12.1275,6.0,5,19.885132558937773,,7500.0,0.0,0.0,0.0,43.60713136758673,optimal
2021-02-09 04:00:00,49,103,2.142857142857143,0.0,0.0,0.1846999999999999,11.823,6.0,5,19.96394682142944,,7500.0,0.0,0.0,0.0,43.563524236219145,optimal
2021-02-09 04:30:00,49,103,2.142857142857143,0.0,0.0,0.1041,11.7705,6.0,5,20.043533616663023,,7500.0,0.0,0.0,0.0,43.51996071198292,optimal
2021-02-09 05:00:00,49,103,2.142857142857143,0.0,0.0,0.1883666666666666,11.13,6.0,5,20.120609020701995,,7500.0,0.0,0.0,0.0,43.47644075127093,optimal
2021-02-09 05:30:00,49,103,2.142857142857143,0.0,0.0,0.1272666666666666,11.6865,6.0,5,20.198654937499107,,7500.0,0.0,0.0,0.0,43.43296431051965,optimal
2021-02-09 06:00:00,49,103,2.142857142857143,0.0,5.0,0.0899333333333333,10.7205,6.0,5,20.275060604810665,,7500.0,0.0,0.0,0.0,45.764531346209125,optimal
2021-02-09 06:30:00,49,103,2.142857142857143,0.0,0.0,0.1347333333333333,11.424,6.0,5,20.35033376195389,,7500.0,0.0,0.0,0.0,45.71876681486292,optimal
2021-02-09 07:00:00,49,103,2.142857142857143,0.0,5.0,0.1764666666666666,10.689,6.0,5,20.425981652789584,,7500.0,0.0,0.0,0.0,48.048048048048045,optimal
2021-02-09 07:30:00,49,103,2.142857142857143,0.0,0.0,0.3501666666666667,11.361,6.0,5,20.50419743312409,,7500.0,0.0,0.0,0.0,48.0,optimal
2021-02-09 08:00:00,49,103,2.142857142857143,0.0,0.0,0.2222666666666666,11.571,6.0,5,20.589758931298253,,7500.0,0.0,0.0,0.0,47.9286614296164,optimal
2021-02-09 08:30:00,49,103,0.0,0.0,0.0,0.1956999999999999,14.3745,6.0,5,20.67081792991818,,0.0,0.0,0.0,0.0,47.85739419780318,optimal
2021-02-09 09:00:00,49,103,2.142857142857143,0.0,0.0,0.1525666666666666,13.23,6.0,5,20.585016475014296,,7500.0,0.0,0.0,0.0,47.786198233221775,optimal
2021-02-09 09:30:00,49,103,0.0,0.0,0.0,0.1422,13.9755,6.0,5,20.65312898199402,,0.0,0.0,0.0,0.0,47.71507346460496,optimal
2021-02-09 10:00:00,49,103,0.0,0.0,0.0,0.1406333333333333,14.994,6.0,5,20.564197207843417,,0.0,0.0,0.0,0.0,47.64401982075675,optimal
2021-02-09 10:30:00,49,103,2.142857142857143,0.0,0.0,0.1406333333333333,13.671,6.0,5,20.476996916686176,,7500.0,0.0,0.0,0.0,47.5730372305524,optimal
2021-02-09 11:00:00,49,103,0.0,0.0,0.0,0.075,15.981,6.0,5,20.549204454860885,,0.0,0.0,0.0,0.0,47.50212562293824,optimal
2021-02-09 11:30:00,49,103,0.0,0.0,0.0,0.2496,15.6345,6.0,5,20.462958915784775,,0.0,0.0,0.0,0.0,47.4312849269317,optimal
2021-02-09 12:00:00,49,103,0.0,0.0,0.0,0.0988666666666666,16.5375,6.0,5,20.381006880706,,0.0,0.0,0.0,0.0,47.36051507162117,optimal
2021-02-09 12:30:00,49,103,0.0,0.0,0.0,0.3439333333333333,14.7735,6.0,5,20.296480473240152,,0.0,0.0,0.0,0.0,47.28981598616595,optimal
2021-02-09 13:00:00,49,103,0.0,0.0,0.0,0.5850666666666667,15.2145,6.0,5,20.218300924389712,,0.0,0.0,0.0,0.0,47.21918759979618,optimal
2021-02-09 13:30:00,49,103,0.0,0.0,0.0,0.2636333333333333,14.553,6.0,5,20.15075617772679,,0.0,0.0,0.0,0.0,47.148629841812784,optimal
2021-02-09 14:00:00,49,103,1.6290741726509823,0.0,0.0,0.2728333333333333,14.3325,6.0,5,20.0766409215152,,5701.759604278438,0.0,0.0,0.0,47.07814264158737,optimal
2021-02-09 14:30:00,49,103,0.0,0.0,0.0,0.3413666666666666,14.595,6.0,5,20.12446443541649,,0.0,0.0,0.0,0.0,47.00772592856218,optimal
2021-02-09 15:00:00,49,103,0.0,0.0,0.0,1.0451,14.994,6.0,5,20.05489034298255,,0.0,0.0,0.0,0.0,46.93737963225002,optimal
2021-02-09 15:30:00,49,103,0.9307724828630792,0.0,0.0,0.3004666666666666,14.3325,6.0,5,20.0,,3257.7036900207777,0.0,0.0,0.0,46.86710368223417,optimal
2021-02-09 16:00:00,49,103,0.9420010806007652,0.0,0.0,0.1175,13.8915,6.0,5,20.0,,3297.003782102678,0.0,0.0,0.0,46.79689800816834,optimal
2021-02-09 16:30:00,49,103,0.8629777052969773,0.0,0.0,0.4009666666666666,13.8915,6.0,5,20.0,,3020.42196853942,0.0,0.0,0.0,46.72676253977657,optimal
2021-02-09 17:00:00,49,103,2.142857142857143,0.0,0.0,0.4251666666666667,13.4715,6.0,5,20.0,,7500.0,0.0,0.0,0.0,46.6566972068532,optimal
2021-02-09 17:30:00,49,103,2.142857142857143,0.0,0.0,0.4081333333333333,13.23,6.0,5,20.09345734999369,,7500.0,0.0,0.0,0.0,46.58670193926274,optimal
2021-02-09 18:00:00,49,103,1.1836890099387651,0.0,0.0,0.4223333333333333,13.8915,6.0,5,20.187935090459156,,4142.911534785678,0.0,0.0,0.0,46.51677666693988,optimal
2021-02-09 18:30:00,49,103,0.0,0.0,0.0,0.5775,26.9325,6.0,5,20.21453646311232,,0.0,0.0,0.0,0.0,46.44692131988933,optimal
2021-02-09 19:00:00,49,103,0.0,0.0,0.0,1.4811,30.303,6.0,5,20.1557461104253,,0.0,0.0,0.0,0.0,46.40047439856944,optimal
2021-02-09 19:30:00,49,103,0.0,0.0,0.0,2.189333333333333,32.886,6.0,5,20.09829651380651,,0.0,0.0,0.0,0.0,46.35407392417088,optimal
2021-02-09 20:00:00,49,103,0.0,0.0,0.0,0.5796,34.9965,6.0,5,20.055725371975623,,0.0,0.0,0.0,0.0,46.30771985024671,optimal
2021-02-09 20:30:00,49,103,0.0,0.0,0.0,0.4933999999999999,33.327,6.0,5,20.0,,0.0,0.0,0.0,0.0,46.26141213039646,optimal
2021-02-09 21:00:00,49,103,0.0,0.0,0.0,0.6030666666666668,31.122,6.0,5,19.939171829782357,,0.0,0.0,0.0,0.0,46.21515071826606,optimal
2021-02-09 21:30:00,49,103,0.0,0.0,0.0,1.6587,17.9025,6.0,5,19.88247075779529,,0.0,0.0,0.0,0.0,46.16893556754779,optimal
2021-02-09 22:00:00,49,103,0.0,0.0,0.0,0.7052,15.6555,6.0,5,19.827798879932125,,0.0,0.0,0.0,0.0,46.12276663198024,optimal
2021-02-09 22:30:00,49,103,0.0,0.0,0.0,0.5409333333333333,14.553,6.0,5,19.7696543776411,,0.0,0.0,0.0,0.0,46.07664386534826,optimal
2021-02-09 23:00:00,49,103,0.0,0.0,0.0,0.1160666666666666,14.3325,6.0,5,19.707048033376317,,0.0,0.0,0.0,0.0,46.03056722148291,optimal
2021-02-09 23:30:00,49,103,0.0,0.0,0.0,0.0978,13.335,6.0,5,19.628023810416472,,0.0,0.0,0.0,0.0,45.98453665426143,optimal
2021-02-10 00:00:00,49,103,2.142857142857143,0.0,0.0,0.065,11.508,6.0,-2,19.628023810416472,,7500.0,0.0,0.0,0.0,45.938552117607166,optimal
2021-02-10 00:30:00,49,103,2.142857142857143,0.0,0.0,0.065,11.508,6.0,-2,19.70499594365404,,0.0,0.0,7500.0,0.0,45.89261356548956,optimal
2021-02-10 01:00:00,49,103,2.142857142857143,0.0,0.0,0.065,11.844,6.0,-2,19.62328715188788,,7267.0,0.0,233.0,0.0,45.84672095192407,optimal
2021-02-10 01:30:00,49,103,2.142857142857143,0.0,0.0,0.0848333333333333,11.508,6.0,-2,19.694468692262983,,7500.0,0.0,0.0,0.0,45.80087423097215,optimal
2021-02-10 02:00:00,49,103,2.142857142857143,0.0,0.0,0.1165666666666666,11.508,6.0,-2,19.77019588106255,,7500.0,0.0,0.0,0.0,45.75507335674118,optimal
2021-02-10 02:30:00,49,103,2.142857142857143,0.0,5.0,0.065,10.4475,6.0,-2,19.845793850954884,,7500.0,0.0,0.0,0.0,48.084318283384434,optimal
2021-02-10 03:00:00,49,103,2.142857142857143,0.0,0.0,0.1364,10.8675,6.0,-2,19.91996335747473,,7500.0,0.0,0.0,0.0,48.03623396510105,optimal
2021-02-10 03:30:00,49,103,2.142857142857143,0.0,0.6332904482614691,0.065,10.542,6.0,-2,19.995299379587607,,7500.0,0.0,0.0,0.0,48.28901069406015,optimal
2021-02-10 04:00:00,49,103,2.142857142857143,0.0,0.0,0.065,11.025,6.0,-2,20.06879062694709,,7500.0,0.0,0.0,0.0,48.24072168336608,optimal
2021-02-10 04:30:00,49,103,2.142857142857143,0.0,0.0,0.065,11.025,6.0,-2,20.141948467828684,,7500.0,0.0,0.0,0.0,48.19248096168271,optimal
2021-02-10 05:00:00,49,103,2.142857142857143,0.0,0.0,0.1324333333333333,14.553,6.0,-2,20.21432074651173,,7500.0,0.0,0.0,0.0,48.144288480721016,optimal
2021-02-10 05:30:00,49,103,2.142857142857143,0.0,0.0,0.0689666666666666,13.0935,6.0,-2,20.28733052600937,,7500.0,0.0,0.0,0.0,48.096144192240295,optimal
2021-02-10 06:00:00,49,103,2.142857142857143,0.0,0.0,0.0643333333333333,15.6345,6.0,-2,20.358219415800367,,7500.0,0.0,0.0,0.0,48.048048048048045,optimal
2021-02-10 06:30:00,49,103,0.0,0.0,0.0,0.8188333333333334,18.102,6.0,-2,20.43120010244786,,0.0,0.0,0.0,0.0,48.0,optimal
2021-02-10 07:00:00,49,103,0.0,0.0,0.0,2.5641333333333334,17.199,6.0,-2,20.350565394442555,,0.0,0.0,0.0,0.0,47.84567219292828,optimal
2021-02-10 07:30:00,49,103,0.0,0.0,0.0,0.074,18.2805,6.0,-2,20.279939686163225,,0.0,0.0,0.0,0.0,47.69149871366363,optimal
2021-02-10 08:00:00,49,103,0.0,0.0,0.0,1.4098,17.4615,6.0,-2,20.200188453911736,,0.0,0.0,0.0,0.0,47.53747940787824,optimal
2021-02-10 08:30:00,49,103,0.0,0.0,0.0,0.4368999999999999,18.3225,6.0,-2,20.129798868021016,,0.0,0.0,0.0,0.0,47.38361412139864,optimal
2021-02-10 09:00:00,49,103,2.142857142857143,0.0,0.0,2.0844666666666667,17.094,6.0,-2,20.057182003000733,,7500.0,0.0,0.0,0.0,47.22990270020552,optimal
2021-02-10 09:30:00,49,103,2.142857142857143,0.0,0.0,2.0631,17.094,6.0,-2,20.14460219238197,,7500.0,0.0,0.0,0.0,47.0763449904336,optimal
2021-02-10 10:00:00,49,103,2.142857142857143,0.0,0.0,0.16,17.094,6.0,-2,20.2292571158544,,7500.0,0.0,0.0,0.0,46.92294083837144,optimal
2021-02-10 10:30:00,49,103,0.0,0.0,0.0,2.3658,17.3565,6.0,-2,20.30430271153309,,0.0,0.0,0.0,0.0,46.76969009046135,optimal
2021-02-10 11:00:00,49,103,2.142857142857143,0.0,0.0,2.2685,17.115,6.0,-2,20.2262903811241,,7500.0,0.0,0.0,0.0,46.61659259329916,optimal
2021-02-10 11:30:00,49,103,2.142857142857143,0.0,0.0,0.3088,17.241,6.0,-2,20.328269566637022,,7500.0,0.0,0.0,0.0,46.463648193634135,optimal
2021-02-10 12:00:00,49,103,2.142857142857143,0.0,0.0,0.2358,17.094,6.0,-2,20.40423185402848,,7500.0,0.0,0.0,0.0,46.31085673836878,optimal
2021-02-10 12:30:00,49,103,2.142857142857143,0.0,0.0,0.2596,16.5165,6.0,-2,20.480970913602818,,7500.0,0.0,0.0,0.0,46.15821807455869,optimal
2021-02-10 13:00:00,49,103,0.0,0.0,0.0,0.2723,17.8185,6.0,-2,20.558873251686155,,0.0,0.0,0.0,0.0,46.00573204941241,optimal
2021-02-10 13:30:00,49,103,2.142857142857143,0.0,0.0,2.849733333333333,17.094,6.0,-2,20.47881145288573,,7500.0,0.0,0.0,0.0,45.85339851029127,optimal
2021-02-10 14:00:00,49,103,2.142857142857143,0.0,0.0,1.0553333333333332,16.8945,6.0,-2,20.571724873731203,,7500.0,0.0,0.0,0.0,45.70121730470926,optimal
2021-02-10 14:30:00,49,103,0.0,0.0,0.0,0.331,18.123,6.0,-2,20.667871892086147,,0.0,0.0,0.0,0.0,45.54918828033283,optimal
2021-02-10 15:00:00,49,103,0.0,0.0,0.0,3.744433333333333,31.647,6.0,-2,20.59087114264289,,0.0,0.0,0.0,0.0,45.39731128498077,optimal
2021-02-10 15:30:00,49,103,0.0,0.0,0.0,0.4630666666666667,34.9965,6.0,-2,20.529485054646354,,0.0,0.0,0.0,0.0,45.24558616662407,optimal
2021-02-10 16:00:00,49,103,0.0,0.0,0.0,0.6647333333333334,34.9965,6.0,-2,20.45794944085525,,0.0,0.0,0.0,0.0,45.09401277338573,optimal
2021-02-10 16:30:00,49,103,0.0,0.0,0.0,0.8803666666666666,34.9965,6.0,-2,20.38959553759309,,0.0,0.0,0.0,0.0,44.94259095354062,optimal
2021-02-10 17:00:00,49,103,0.0,0.0,0.0,2.022533333333333,34.9965,6.0,-2,20.31730818878239,,0.0,0.0,0.0,0.0,44.79132055551536,optimal
2021-02-10 17:30:00,49,103,0.0,0.0,0.0,0.3893999999999999,34.9965,6.0,-2,20.248314159874763,,0.0,0.0,0.0,0.0,44.64020142788812,optimal
2021-02-10 18:00:00,49,103,0.0,0.0,0.0,0.2701333333333333,27.741,6.0,-2,20.17937609042396,,0.0,0.0,0.0,0.0,44.48923341938851,optimal
2021-02-10 18:30:00,49,103,0.0,0.0,0.0,0.3250333333333333,19.026,6.0,-2,20.114606694878244,,0.0,0.0,0.0,0.0,44.3384163788974,optimal
2021-02-10 19:00:00,49,103,0.2822444579808051,0.0,0.0,0.5495,18.7215,6.0,-2,20.047521460680088,,987.855602932818,0.0,0.0,0.0,44.18775015544678,optimal
2021-02-10 19:30:00,49,103,0.9701163750713294,0.0,0.0,2.4403,17.4195,6.0,-2,20.0,,3395.407312749653,0.0,0.0,0.0,44.03723459821961,optimal
2021-02-10 20:00:00,49,103,1.032814127288069,0.0,0.0,0.317,16.758,6.0,-2,20.0,,3614.8494455082414,0.0,0.0,0.0,43.88686955654967,optimal
2021-02-10 20:30:00,49,103,0.0,0.0,0.0,2.057366666666667,14.217,6.0,-2,20.0,,0.0,0.0,0.0,0.0,43.7366548799214,optimal
2021-02-10 21:00:00,49,103,0.0,0.0,0.0,2.571266666666667,13.3665,6.0,-2,19.936441692445104,,0.0,0.0,0.0,0.0,43.58659041796975,optimal
2021-02-10 21:30:00,49,103,0.0995238095238095,0.0,0.0,0.5812999999999999,12.789,6.0,-2,19.86679003605953,,0.0,0.0,348.3333333333333,0.0,43.543003827551786,optimal
2021-02-10 22:00:00,49,103,0.0796190476190476,0.0,0.0,2.1432,11.907,6.0,-2,19.793552385597305,,0.0,0.0,278.66666666666663,0.0,43.49946082372424,optimal
2021-02-10 22:30:00,49,103,0.0,0.0,0.0,2.7361,11.7075,6.0,-2,19.716693085236816,,0.0,0.0,0.0,0.0,43.45596136290051,optimal
2021-02-10 23:00:00,49,103,0.0597142857142857,0.0,0.0,0.2596666666666667,10.8045,6.0,-2,19.640205371191428,,0.0,0.0,209.0,0.0,43.41250540153761,optimal
2021-02-10 23:30:00,49,103,0.0,0.0,0.0,0.4006666666666666,11.508,6.0,-2,19.55158080873205,,0.0,0.0,0.0,0.0,43.36909289613607,optimal
2021-02-11 00:00:00,49,103,2.142857142857143,0.0,5.0,0.0763333333333333,11.025,6.0,-8,19.55158080873205,,7500.0,0.0,0.0,0.0,45.70072380323993,optimal
2021-02-11 00:30:00,49,103,2.142857142857143,0.0,5.0,0.069,10.4265,6.0,-8,19.610417222421344,,4356.639065145339,0.0,3143.3609348546606,0.0,48.03002307943669,optimal
2021-02-11 01:00:00,49,103,2.142857142857143,0.0,0.0,0.069,12.789,6.0,-8,19.60327135267377,,7500.0,0.0,0.0,0.0,47.98199305635725,optimal
2021-02-11 01:30:00,49,103,2.142857142857143,0.0,1.2572015008245936,0.069,12.684,6.0,-8,19.66278059932155,,7500.0,0.0,0.0,0.0,48.53118177619257,optimal
2021-02-11 02:00:00,49,103,2.142857142857143,0.0,0.0,0.069,16.254,6.0,-8,19.722019871393577,,7500.0,0.0,0.0,0.0,48.48265059441637,optimal
2021-02-11 02:30:00,49,103,2.142857142857143,0.0,0.0,0.069,17.64,6.0,-8,19.780990393678863,,7500.0,0.0,0.0,0.0,48.434167943821954,optimal
2021-02-11 03:00:00,49,103,2.142857142857143,0.0,0.0,0.069,19.1625,6.0,-8,19.83923971712988,,7500.0,0.0,0.0,0.0,48.38573377587813,optimal
2021-02-11 03:30:00,49,103,0.0,0.0,0.0,0.069,26.46,6.0,-8,19.89677111359697,,0.0,0.0,0.0,0.0,48.33734804210225,optimal
2021-02-11 04:00:00,49,103,0.0,0.0,0.0,0.069,20.79,6.0,-8,19.797297620496725,,0.0,0.0,0.0,0.0,48.28901069406015,optimal
2021-02-11 04:30:00,49,103,0.0,0.0,0.0,0.069,29.106,6.0,-8,19.69940957778194,,0.0,0.0,0.0,0.0,48.24072168336608,optimal
2021-02-11 05:00:00,49,103,2.142857142857143,0.0,0.0,0.069,19.1835,6.0,-8,19.60196562206693,,7500.0,0.0,0.0,0.0,48.19248096168271,optimal
2021-02-11 05:30:00,49,103,1.9674117401173443,0.0,0.0,0.069,19.6665,6.0,-8,19.662841797240517,,6885.941090410705,0.0,0.0,0.0,48.144288480721016,optimal
2021-02-11 06:00:00,49,103,2.142857142857143,0.0,0.0,0.0676666666666666,19.404,6.0,-8,19.71164977675153,,7500.0,0.0,0.0,0.0,48.096144192240295,optimal
2021-02-11 06:30:00,49,103,2.142857142857143,0.0,0.0,0.2587,19.047,6.0,-8,19.77592178259029,,7500.0,0.0,0.0,0.0,48.048048048048045,optimal
2021-02-11 07:00:00,49,103,2.142857142857143,0.0,0.0,0.1076666666666666,18.858,6.0,-8,19.848168957271877,,7500.0,0.0,0.0,0.0,48.0,optimal
2021-02-11 07:30:00,49,103,2.142857142857143,0.0,0.0,0.2518666666666667,19.2675,6.0,-8,19.92610412970986,,7500.0,0.0,0.0,0.0,47.73495083705653,optimal
2021-02-11 08:00:00,49,103,1.1088834129323744,0.0,0.0,0.4206999999999999,18.963,6.0,-8,20.0,,3881.0919452633098,0.0,0.0,0.0,47.47016672327601,optimal
2021-02-11 08:30:00,49,103,2.142857142857143,0.0,0.0,0.916,18.438,6.0,-8,20.0,,4301.4858915851855,0.0,3198.5141084148136,0.0,47.20564739360927,optimal
2021-02-11 09:00:00,49,103,2.142857142857143,0.0,0.0,0.6532,18.7425,6.0,-8,20.0,,7014.54170993614,0.0,485.45829006385975,0.0,46.94139258327219,optimal
2021-02-11 09:30:00,49,103,2.142857142857143,0.0,0.0,0.238,15.2145,6.0,-8,20.05641695811653,,7500.0,0.0,0.0,0.0,46.67740202774546,optimal
2021-02-11 10:00:00,49,103,2.142857142857143,0.0,0.0,0.251,17.7765,6.0,-8,20.126403843848056,,7500.0,0.0,0.0,0.0,46.41367546277425,optimal
2021-02-11 10:30:00,49,103,2.142857142857143,0.0,0.0,0.199,16.758,6.0,-8,20.206740168517875,,7500.0,0.0,0.0,0.0,46.15021262436801,optimal
2021-02-11 11:00:00,49,103,2.142857142857143,0.0,0.0,0.228,16.422,6.0,-8,20.286168038612868,,7500.0,0.0,0.0,0.0,45.88701324880017,optimal
2021-02-11 11:30:00,49,103,2.142857142857143,0.0,0.0,1.328,16.758,6.0,-8,20.361748730324532,,7500.0,0.0,0.0,0.0,45.6240770726079,optimal
2021-02-11 12:00:00,49,103,0.0,0.0,0.0,1.2452,29.358,6.0,-8,20.45468367877571,,0.0,0.0,0.0,0.0,45.36140383259183,optimal
2021-02-11 12:30:00,49,103,0.0,0.0,0.0,0.2817,34.9965,6.0,-8,20.392916532898543,,0.0,0.0,0.0,0.0,45.09899326581578,optimal
2021-02-11 13:00:00,49,103,0.0,0.0,0.0,0.0783,34.65,6.0,-8,20.320598150157902,,0.0,0.0,0.0,0.0,44.8368451096065,optimal
2021-02-11 13:30:00,49,103,0.0,0.0,0.0,0.9167,34.9965,6.0,-8,20.248278445824077,,0.0,0.0,0.0,0.0,44.57495910155343,optimal
2021-02-11 14:00:00,49,103,0.0,0.0,0.0,0.5440333333333333,34.9965,6.0,-8,20.183651560717035,,0.0,0.0,0.0,0.0,44.31333497950841,optimal
2021-02-11 14:30:00,49,103,0.0,0.0,0.0,0.4911999999999999,30.4815,6.0,-8,20.119290323414223,,0.0,0.0,0.0,0.0,44.05197248158544,optimal
2021-02-11 15:00:00,49,103,0.0,0.0,0.0,0.4216666666666667,21.4305,6.0,-8,20.059632249035023,,0.0,0.0,0.0,0.0,43.79087134616039,optimal
2021-02-11 15:30:00,49,103,0.8966443466209775,0.0,0.0,0.194,14.3325,6.0,-8,20.0,,2998.9218798400875,0.0,139.33333333333331,0.0,43.53003131187076,optimal
2021-02-11 16:00:00,49,103,2.142857142857143,0.0,0.0,1.5045666666666666,13.692,6.0,-8,20.0,,6106.666666666667,0.0,1393.333333333333,0.0,43.26945211761543,optimal
2021-02-11 16:30:00,49,103,0.1173369657019807,0.0,0.0,0.1806666666666666,14.007,6.0,-8,20.06796184971814,,410.67937995693256,0.0,0.0,0.0,43.00913350255435,optimal
2021-02-11 17:00:00,49,103,1.2202548312089672,0.0,0.0,0.1884666666666666,12.873,6.0,-8,20.0,,3852.891909231384,0.0,418.0,0.0,42.74907520610833,optimal
2021-02-11 17:30:00,49,103,0.9362058328180952,0.0,0.0,1.2411,12.684,6.0,-8,20.0,,3137.38708153,0.0,139.33333333333331,0.0,42.48927696795876,optimal
2021-02-11 18:00:00,49,103,0.8929892265323778,0.0,0.0,2.8039666666666667,12.306,6.0,-8,20.0,,2637.795626196656,0.0,487.6666666666667,0.0,42.229738528047335,optimal
2021-02-11 18:30:00,49,103,2.142857142857143,0.0,0.0,0.2441666666666666,10.6365,6.0,-8,20.0,,7291.0,0.0,209.0,0.0,41.97045962657582,optimal
2021-02-11 19:00:00,49,103,0.2802062491363397,0.0,0.0,0.8560666666666668,11.2455,6.0,-8,20.06595141440338,,980.7218719771888,0.0,0.0,0.0,41.71144000400578,optimal
2021-02-11 19:30:00,49,103,1.1021934153662425,0.0,0.0,1.3200999999999998,11.2455,6.0,-8,20.0,,3857.6769537818486,0.0,0.0,0.0,41.45267940105831,optimal
2021-02-11 20:00:00,49,103,1.525549270078774,0.0,0.0,0.5525333333333333,11.025,6.0,-8,20.0,,4642.755778609042,0.0,696.6666666666666,0.0,41.194177558713776,optimal
2021-02-11 20:30:00,49,103,0.0,0.0,0.0,0.3653333333333333,12.0855,6.0,-8,20.0,,0.0,0.0,0.0,0.0,41.15298338115506,optimal
2021-02-11 21:00:00,49,103,0.0,0.0,0.0,0.3715333333333334,11.6865,6.0,-8,19.90313014369231,,0.0,0.0,0.0,0.0,41.11183039777391,optimal
2021-02-11 21:30:00,49,103,0.0,0.0,0.0,0.4476666666666667,11.2245,6.0,-8,19.80449686201016,,0.0,0.0,0.0,0.0,41.07071856737613,optimal
2021-02-11 22:00:00,49,103,0.0,0.0,0.0,0.212,11.025,6.0,-8,19.709996911199195,,0.0,0.0,0.0,0.0,41.02964784880876,optimal
2021-02-11 22:30:00,49,103,0.0,0.0,0.0,0.079,10.7835,6.0,-8,19.607596668550983,,0.0,0.0,0.0,0.0,40.98861820095995,optimal
2021-02-11 23:00:00,49,103,0.0,0.0,0.0,0.079,11.025,6.0,-8,19.49786652704013,,0.0,0.0,0.0,0.0,40.947629582758985,optimal
2021-02-11 23:30:00,49,103,0.0,0.0,0.0,0.079,10.584,6.0,-8,19.38591218669456,,0.0,0.0,0.0,0.0,40.90668195317623,optimal
2021-02-12 00:00:00,49,103,2.142857142857143,0.0,5.0,0.057,9.8385,6.0,-9,19.38591218669456,,7500.0,0.0,0.0,0.0,43.24077527122305,optimal
2021-02-12 00:30:00,49,103,2.142857142857143,0.0,5.0,0.057,11.067,6.0,-9,19.430711251149,,0.0,0.0,7500.0,0.0,45.57253449595183,optimal
2021-02-12 01:00:00,49,103,2.142857142857143,0.0,5.0,0.0991666666666666,10.8465,6.0,-9,19.31742901788758,,3714.0,0.0,3786.0,0.0,47.90196196145588,optimal
2021-02-12 01:30:00,49,103,2.142857142857143,0.0,0.0,0.0838333333333333,13.671,6.0,-9,19.283729550318917,,7500.0,0.0,0.0,0.0,47.85405999949442,optimal
2021-02-12 02:00:00,49,103,2.142857142857143,0.0,1.5262649193634783,0.057,12.348,6.0,-9,19.330010705871956,,7500.0,0.0,0.0,0.0,48.53118177619257,optimal
2021-02-12 02:30:00,49,103,2.142857142857143,0.0,0.0,0.126,14.3325,6.0,-9,19.37597071417312,,7500.0,0.0,0.0,0.0,48.48265059441637,optimal
2021-02-12 03:00:00,49,103,2.142857142857143,0.0,0.0,0.057,15.393,6.0,-9,19.424535699474173,,7500.0,0.0,0.0,0.0,48.434167943821954,optimal
2021-02-12 03:30:00,49,103,2.142857142857143,0.0,0.0,0.1221666666666666,13.587,6.0,-9,19.472788887543064,,7500.0,0.0,0.0,0.0,48.38573377587813,optimal
2021-02-12 04:00:00,49,103,2.142857142857143,0.0,0.0,0.0608333333333333,16.1385,6.0,-9,19.525370629072984,,7500.0,0.0,0.0,0.0,48.33734804210225,optimal
2021-02-12 04:30:00,49,103,2.142857142857143,0.0,0.0,0.057,14.595,6.0,-9,19.579598410202003,,7500.0,0.0,0.0,0.0,48.28901069406015,optimal
2021-02-12 05:00:00,49,103,2.142857142857143,0.0,0.0,0.1145,14.637,6.0,-9,19.636675161819625,,7500.0,0.0,0.0,0.0,48.24072168336608,optimal
2021-02-12 05:30:00,49,103,2.142857142857143,0.0,0.0,0.0685,13.9125,6.0,-9,19.697879050729416,,7500.0,0.0,0.0,0.0,48.19248096168271,optimal
2021-02-12 06:00:00,49,103,2.142857142857143,0.0,0.0,0.128,13.3665,6.0,-9,19.7614663044904,,7500.0,0.0,0.0,0.0,48.144288480721016,optimal
2021-02-12 06:30:00,49,103,2.142857142857143,0.0,0.0,0.067,13.0095,6.0,-9,19.82960482774053,,7500.0,0.0,0.0,0.0,48.096144192240295,optimal
2021-02-12 07:00:00,49,103,2.142857142857143,0.0,0.0,0.5969333333333333,13.8915,6.0,-9,19.89643541826538,,7500.0,0.0,0.0,0.0,48.048048048048045,optimal
2021-02-12 07:30:00,49,103,2.142857142857143,0.0,0.0,1.9234,13.188,6.0,-9,19.97126744797631,,7500.0,0.0,0.0,0.0,48.0,optimal
2021-02-12 08:00:00,49,103,2.142857142857143,0.0,0.0,0.2272666666666666,12.5685,6.0,-9,20.04574910520716,,7500.0,0.0,0.0,0.0,47.61057501480536,optimal
2021-02-12 08:30:00,49,103,2.142857142857143,0.0,0.0,0.067,12.285,6.0,-9,20.11244557215113,,7500.0,0.0,0.0,0.0,47.22153945459591,optimal
2021-02-12 09:00:00,49,103,2.142857142857143,0.0,0.0,0.136,11.487,6.0,-9,20.16230036965333,,7500.0,0.0,0.0,0.0,46.83289292994667,optimal
2021-02-12 09:30:00,49,103,2.142857142857143,0.0,0.0,0.067,11.802,6.0,-9,20.21247413482778,,7500.0,0.0,0.0,0.0,46.44463505182208,optimal
2021-02-12 10:00:00,49,103,2.142857142857143,0.0,0.0,0.1091666666666666,11.2245,6.0,-9,20.270948501567464,,7500.0,0.0,0.0,0.0,46.05676543157561,optimal
2021-02-12 10:30:00,49,103,2.142857142857143,0.0,0.0,0.0938333333333333,11.025,6.0,-9,20.340025918493225,,7500.0,0.0,0.0,0.0,45.6692836809494,optimal
2021-02-12 11:00:00,49,103,2.142857142857143,0.0,0.0,0.067,11.907,6.0,-9,20.41028185329025,,7500.0,0.0,0.0,0.0,45.282189412073805,optimal
2021-02-12 11:30:00,49,103,0.4050319217879542,0.0,0.0,0.067,25.83,6.0,-9,20.481468881518914,,1417.6117262578398,0.0,0.0,0.0,44.89548223746709,optimal
2021-02-12 12:00:00,49,103,0.0,0.0,0.0,0.1283333333333333,28.035,6.0,-9,20.4245230373035,,0.0,0.0,0.0,0.0,44.509161770034986,optimal
2021-02-12 12:30:00,49,103,0.0,0.0,0.0,0.0746666666666666,28.119,6.0,-9,20.339512159860195,,0.0,0.0,0.0,0.0,44.12322762307031,optimal
2021-02-12 13:00:00,49,103,0.0,0.0,0.0,0.1015,30.156,6.0,-9,20.253984078723395,,0.0,0.0,0.0,0.0,43.7376794102526,optimal
2021-02-12 13:30:00,49,103,0.0,0.0,0.0,0.1015,29.1585,6.0,-9,20.169635698068717,,0.0,0.0,0.0,0.0,43.352516745647705,optimal
2021-02-12 14:00:00,49,103,0.0,0.0,0.0,0.067,26.712,6.0,-9,20.085216310981743,,0.0,0.0,0.0,0.0,42.96773924370741,optimal
2021-02-12 14:30:00,49,103,1.1575395683075176,0.0,0.0,0.067,15.435,6.0,-9,20.0,,4051.388489076312,0.0,0.0,0.0,42.58334651926906,optimal
2021-02-12 15:00:00,49,103,1.143982870823154,0.0,0.0,0.136,13.566,6.0,-9,20.0,,4003.9400478810394,0.0,0.0,0.0,42.19933818755515,optimal
2021-02-12 15:30:00,49,103,1.2830163039282962,0.0,0.0,0.067,12.789,6.0,-9,20.0,,4211.89039708237,0.0,278.66666666666663,0.0,41.81571386417295,optimal
2021-02-12 16:00:00,49,103,2.142857142857143,0.0,0.0,0.136,12.1275,6.0,-9,20.00224445909584,,7500.0,0.0,0.0,0.0,41.43247316511413,optimal
2021-02-12 16:30:00,49,103,0.0,0.0,0.0,0.1747,13.671,6.0,-9,20.07446675751016,,0.0,0.0,0.0,0.0,41.04961570675437,optimal
2021-02-12 17:00:00,49,103,2.142857142857143,0.0,0.0,0.9833333333333334,10.668,6.0,-9,20.0,,6490.1240823156095,0.0,1009.8759176843904,0.0,40.66714110585298,optimal
2021-02-12 17:30:00,49,103,0.0,0.0,0.0,2.468833333333333,11.7285,6.0,-9,20.06583325943082,,0.0,0.0,0.0,0.0,40.285048979552485,optimal
2021-02-12 18:00:00,49,103,0.8818374502485687,0.0,0.0,2.4784,11.025,6.0,-9,20.0,,2911.973660221048,0.0,174.45741564894277,0.0,39.90333894537829,optimal
2021-02-12 18:30:00,49,103,0.9491474533636612,0.0,0.0,0.1459666666666666,10.689,6.0,-9,20.0,,3113.0160867728146,0.0,209.0,0.0,39.522010621238266,optimal
2021-02-12 19:00:00,49,103,2.142857142857143,0.0,0.0,0.1137,8.1585,6.0,-9,20.0,,6385.333333333334,0.0,1114.6666666666663,0.0,39.14106362542238,optimal
2021-02-12 19:30:00,49,103,1.0484648853769565,0.0,0.0,0.1513333333333333,10.3635,6.0,-9,20.06849960200356,,3669.627098819348,0.0,0.0,0.0,38.76049757660232,optimal
2021-02-12 20:00:00,49,103,0.0,0.0,0.0,0.1619666666666666,10.8045,6.0,-9,20.07291501683097,,0.0,0.0,0.0,0.0,38.38031209383107,optimal
2021-02-12 20:30:00,49,103,0.0,0.0,0.0,0.1592333333333333,11.025,6.0,-9,20.0,,0.0,0.0,0.0,0.0,38.0005067965426,optimal
2021-02-12 21:00:00,49,103,0.0,0.0,0.0,0.7406666666666666,10.3635,6.0,-9,19.926221502765088,,0.0,0.0,0.0,0.0,37.62108130455142,optimal
2021-02-12 21:30:00,49,103,0.0,0.0,0.0,1.854,10.8045,6.0,-9,19.85403862169377,,0.0,0.0,0.0,0.0,37.24203523805223,optimal
2021-02-12 22:00:00,49,103,0.2388571428571428,0.0,0.0,1.5933666666666666,10.059,6.0,-9,19.78065654662704,,0.0,0.0,835.9999999999999,0.0,37.20479320281417,optimal
2021-02-12 22:30:00,49,103,0.0,0.0,0.0,1.1603666666666663,10.584,6.0,-9,19.70692792667395,,0.0,0.0,0.0,0.0,37.16758840961136,optimal
2021-02-12 23:00:00,49,103,0.0,0.0,0.0,0.067,9.4185,6.0,-9,19.63041706670266,,0.0,0.0,0.0,0.0,37.13042082120175,optimal
2021-02-12 23:30:00,49,103,0.0,0.0,0.0,0.165,10.3635,6.0,-9,19.54617093798742,,0.0,0.0,0.0,0.0,37.09329040038055,optimal
2021-02-13 00:00:00,49,103,0.0,0.0,0.0,0.056,12.1275,6.0,8,19.54617093798742,,0.0,0.0,0.0,0.0,37.056197109980175,optimal
2021-02-13 00:30:00,49,103,0.0,0.0,0.0,0.056,12.1275,6.0,8,19.462296482031444,,0.0,0.0,0.0,0.0,37.01914091287019,optimal
2021-02-13 01:00:00,49,103,0.0,0.0,0.0,0.2794666666666666,12.789,6.0,8,19.37902937201726,,0.0,0.0,0.0,0.0,36.98212177195733,optimal
2021-02-13 01:30:00,49,103,0.0,0.0,0.0,0.1157333333333333,11.907,6.0,8,19.301070917074128,,0.0,0.0,0.0,0.0,36.94513965018537,optimal
2021-02-13 02:00:00,49,103,1.283623165513435,0.0,0.0,0.2048333333333332,11.025,6.0,8,19.22024631561408,,1079.014412630356,0.0,3413.6666666666665,0.0,36.90819451053518,optimal
2021-02-13 02:30:00,49,103,2.142857142857143,0.0,5.0,0.0858333333333333,8.2005,6.0,8,19.16460450862732,,7500.0,0.0,0.0,0.0,39.24628631602464,optimal
2021-02-13 03:00:00,49,103,2.142857142857143,0.0,0.0,0.2079333333333333,9.5655,6.0,8,19.24187449749254,,7500.0,0.0,0.0,0.0,39.20704002970862,optimal
2021-02-13 03:30:00,49,103,2.142857142857143,0.0,5.0,0.0977666666666666,7.056,6.0,8,19.321364191721795,,7500.0,0.0,0.0,0.0,41.542832989678914,optimal
2021-02-13 04:00:00,49,103,2.142857142857143,0.0,0.0,0.1455,9.3975,6.0,8,19.39794737902203,,7500.0,0.0,0.0,0.0,41.50129015668924,optimal
2021-02-13 04:30:00,49,103,2.142857142857143,0.0,0.0,0.1605333333333333,10.059,6.0,8,19.474961104686347,,7500.0,0.0,0.0,0.0,41.45978886653255,optimal
2021-02-13 05:00:00,49,103,2.142857142857143,0.0,4.139879477667272,0.1929,9.261,6.0,8,19.551488233023356,,7500.0,0.0,0.0,0.0,43.38477182955796,optimal
2021-02-13 05:30:00,49,103,2.142857142857143,0.0,5.0,0.1351,8.1585,6.0,8,19.62789584530613,,7500.0,0.0,0.0,0.0,45.7163870577284,optimal
2021-02-13 06:00:00,49,103,2.142857142857143,0.0,0.0,0.1634,9.4815,6.0,8,19.70228643863697,,7500.0,0.0,0.0,0.0,45.670670670670674,optimal
2021-02-13 06:30:00,49,103,2.142857142857143,0.0,5.0,0.1924666666666666,8.379,6.0,8,19.77648160370344,,7500.0,0.0,0.0,0.0,48.0,optimal
2021-02-13 07:00:00,49,103,2.142857142857143,0.0,0.0,0.1164,9.5235,6.0,8,19.852132068809546,,7500.0,0.0,0.0,0.0,47.8123856429648,optimal
2021-02-13 07:30:00,49,103,2.142857142857143,0.0,0.0,0.1639333333333333,8.1375,6.0,8,19.92505693585201,,7500.0,0.0,0.0,0.0,47.62495890028664,optimal
2021-02-13 08:00:00,49,103,2.142857142857143,0.0,0.0,0.0993666666666666,10.0905,6.0,8,20.0,,7500.0,0.0,0.0,0.0,47.43771958435115,optimal
2021-02-13 08:30:00,49,103,2.142857142857143,0.0,0.0,0.3033,7.539,6.0,8,20.074581829477275,,7500.0,0.0,0.0,0.0,47.2506675077316,optimal
2021-02-13 09:00:00,49,103,2.142857142857143,0.0,0.0,0.0586666666666666,7.938,6.0,8,20.14884724835554,,7500.0,0.0,0.0,0.0,47.06380248318867,optimal
2021-02-13 09:30:00,49,103,2.142857142857143,0.0,0.0,0.1946,8.274,6.0,8,20.21122909077525,,7500.0,0.0,0.0,0.0,46.87712432367028,optimal
2021-02-13 10:00:00,49,103,2.142857142857143,0.0,0.0,0.2079333333333333,9.261,6.0,8,20.27722531412868,,7500.0,0.0,0.0,0.0,46.69063284231141,optimal
2021-02-13 10:30:00,49,103,2.142857142857143,0.0,0.0,0.056,9.9225,6.0,8,20.34449134795064,,7500.0,0.0,0.0,0.0,46.504327852433896,optimal
2021-02-13 11:00:00,49,103,2.142857142857143,0.0,0.0,0.2227333333333332,9.702,6.0,8,20.40848079262741,,7500.0,0.0,0.0,0.0,46.31820916754626,optimal
2021-02-13 11:30:00,49,103,2.142857142857143,0.0,0.0,0.1748,10.584,6.0,8,20.47591657856869,,7500.0,0.0,0.0,0.0,46.13227660134352,optimal
2021-02-13 12:00:00,49,103,2.142857142857143,0.0,0.0,2.0021,10.143,6.0,8,20.542215130047207,,7500.0,0.0,0.0,0.0,45.94652996770698,optimal
2021-02-13 12:30:00,49,103,0.0,0.0,0.0,2.819,13.0095,6.0,8,20.61700767808119,,0.0,0.0,0.0,0.0,45.76096908070407,optimal
2021-02-13 13:00:00,49,103,2.142857142857143,0.0,0.0,1.1207,11.025,6.0,8,20.53464937329766,,7500.0,0.0,0.0,0.0,45.57559375458817,optimal
2021-02-13 13:30:00,49,103,0.0,0.0,0.0,0.1034,12.789,6.0,8,20.607817396703677,,0.0,0.0,0.0,0.0,45.39040380379838,optimal
2021-02-13 14:00:00,49,103,0.0,0.0,0.0,0.2175666666666666,12.1275,6.0,8,20.51577345626781,,0.0,0.0,0.0,0.0,45.20539904295938,optimal
2021-02-13 14:30:00,49,103,0.4664895238618897,0.0,0.0,0.1780666666666666,12.1695,6.0,8,20.426870692209025,,1632.7133335166138,0.0,0.0,0.0,45.02057928688122,optimal
2021-02-13 15:00:00,49,103,0.0,0.0,0.0,0.0679,12.306,6.0,8,20.37245392890273,,0.0,0.0,0.0,0.0,44.83594435055914,optimal
2021-02-13 15:30:00,49,103,0.0,0.0,0.0,0.3044333333333333,13.23,6.0,8,20.28313697367471,,0.0,0.0,0.0,0.0,44.65149404917338,optimal
2021-02-13 16:00:00,49,103,0.0,0.0,0.0,0.7062666666666666,13.671,6.0,8,20.20309407679975,,0.0,0.0,0.0,0.0,44.467228198089,optimal
2021-02-13 16:30:00,49,103,0.0,0.0,0.0,0.4418666666666667,13.9335,6.0,8,20.133030452692804,,0.0,0.0,0.0,0.0,44.28314661285572,optimal
2021-02-13 17:00:00,49,103,0.0,0.0,0.0,1.5209666666666668,13.293,6.0,8,20.06126174083381,,0.0,0.0,0.0,0.0,44.09924910920766,optimal
2021-02-13 17:30:00,49,103,0.8471110797407763,0.0,0.0,1.9299,12.1065,6.0,8,20.0,,2964.888779092717,0.0,0.0,0.0,43.91553550306325,optimal
2021-02-13 18:00:00,49,103,0.8414305695869733,0.0,0.0,1.9105333333333328,11.571,6.0,8,20.0,,2945.0069935544066,0.0,0.0,0.0,43.73200561052499,optimal
2021-02-13 18:30:00,49,103,2.1265206568417048,0.0,0.0,0.4169,11.025,6.0,8,20.0,,6258.488965612633,0.0,1184.3333333333333,0.0,43.54865924787927,optimal
2021-02-13 19:00:00,49,103,2.142857142857143,0.0,0.0,0.3525,10.8465,6.0,8,20.059921519958817,,7500.0,0.0,0.0,0.0,43.36549623159619,optimal
2021-02-13 19:30:00,49,103,0.0,0.0,0.0,1.4096666666666668,11.2455,6.0,8,20.14138647514421,,0.0,0.0,0.0,0.0,43.1825163783294,optimal
2021-02-13 20:00:00,49,103,0.0,0.0,0.0,1.0860333333333334,23.8665,6.0,8,20.073735776853965,,0.0,0.0,0.0,0.0,42.999719504915866,optimal
2021-02-13 20:30:00,49,103,0.0,0.0,0.0,0.2028,27.4575,6.0,8,20.0,,0.0,0.0,0.0,0.0,42.81710542837576,optimal
2021-02-13 21:00:00,49,103,0.0,0.0,0.0,0.1900333333333333,27.3735,6.0,8,19.922390060775324,,0.0,0.0,0.0,0.0,42.63467396591218,optimal
2021-02-13 21:30:00,49,103,0.0,0.0,0.0,0.2215666666666666,30.4605,6.0,8,19.846663279555106,,0.0,0.0,0.0,0.0,42.59203929194626,optimal
2021-02-13 22:00:00,49,103,0.0,0.0,0.0,0.3597666666666667,30.0195,6.0,8,19.77572710479471,,0.0,0.0,0.0,0.0,42.54944725265432,optimal
2021-02-13 22:30:00,49,103,0.0,0.0,0.0,0.5613666666666667,26.9325,6.0,8,19.705539175140625,,0.0,0.0,0.0,0.0,42.506897805401664,optimal
2021-02-13 23:00:00,49,103,0.0,0.0,0.0,0.2094666666666666,14.595,6.0,8,19.63944559875652,,0.0,0.0,0.0,0.0,42.46439090759626,optimal
2021-02-13 23:30:00,49,103,0.0,0.0,0.0,0.1972666666666666,12.4845,6.0,8,19.56181190666705,,0.0,0.0,0.0,0.0,42.42192651668866,optimal
2021-02-07 00:00:00,50,103,0.0,0.0,0.0,0.065,15.6975,6.0,10,21.0,,0.0,0.0,0.0,0.0,47.952,optimal
2021-02-07 00:30:00,50,103,0.0,0.0,0.0,0.065,12.5475,6.0,10,20.922911730195985,,0.0,0.0,0.0,0.0,47.904048,optimal
2021-02-07 01:00:00,50,103,0.0,0.0,0.0,0.065,12.0855,6.0,10,20.845719517139653,,0.0,0.0,0.0,0.0,47.856143952,optimal
2021-02-07 01:30:00,50,103,0.0,0.0,0.0,0.2204666666666666,11.907,6.0,10,20.76842383238857,,0.0,0.0,0.0,0.0,47.80828780804799,optimal
2021-02-07 02:00:00,50,103,0.0,0.0,0.0,0.065,12.5685,6.0,10,20.69452461623514,,0.0,0.0,0.0,0.0,47.76047952023995,optimal
2021-02-07 02:30:00,50,103,0.0,0.0,0.0,0.1144666666666666,13.146,6.0,10,20.617461186510475,,0.0,0.0,0.0,0.0,47.712719040719705,optimal
2021-02-07 03:00:00,50,103,0.0,0.0,0.0,0.171,10.584,6.0,10,20.541334994348244,,0.0,0.0,0.0,0.0,47.66500632167899,optimal
2021-02-07 03:30:00,50,103,1.1497870584801877,0.0,0.0,0.0747333333333333,6.678,6.0,10,20.4662905440141,,4024.254704680656,0.0,0.0,0.0,47.61734131535731,optimal
2021-02-07 04:00:00,50,103,0.0,0.0,0.0,0.2200666666666666,7.938,6.0,10,20.473989328056938,,0.0,0.0,0.0,0.0,47.56972397404195,optimal
2021-02-07 04:30:00,50,103,2.0,0.0,0.0,0.065,5.292,6.0,10,20.399689272659806,,7000.0,0.0,0.0,0.0,47.52215425006791,optimal
2021-02-07 05:00:00,50,103,0.0,0.0,0.0,0.065,9.261,6.0,10,20.46995526719312,,0.0,0.0,0.0,0.0,47.47463209581784,optimal
2021-02-07 05:30:00,50,103,0.0,0.0,0.0,0.1639333333333333,10.3635,6.0,10,20.39254963253161,,0.0,0.0,0.0,0.0,47.42715746372202,optimal
2021-02-07 06:00:00,50,103,0.0,0.0,0.0,0.1215333333333333,8.274,6.0,10,20.31757774969416,,0.0,0.0,0.0,0.0,47.379730306258296,optimal
2021-02-07 06:30:00,50,103,0.0,0.0,0.0,0.1099333333333333,7.7175,6.0,10,20.242053453217,,0.0,0.0,0.0,0.0,47.332350575952034,optimal
2021-02-07 07:00:00,50,103,2.0,0.0,0.0,0.2284666666666666,6.615,6.0,10,20.169642530448726,,7000.0,0.0,0.0,0.0,47.285018225376085,optimal
2021-02-07 07:30:00,50,103,2.0,0.0,0.0,0.0762,6.174,6.0,10,20.25045254197353,,7000.0,0.0,0.0,0.0,47.23773320715071,optimal
2021-02-07 08:00:00,50,103,2.0,0.0,1.7042200548556552,0.1638,3.906,6.0,10,20.33055926501637,,7000.0,0.0,0.0,0.0,48.0,optimal
2021-02-07 08:30:00,50,103,2.0,0.0,0.0,0.1976666666666666,2.3415,6.0,10,20.411047179455142,,7000.0,0.0,0.0,0.0,47.611269059157074,optimal
2021-02-07 09:00:00,50,103,2.0,0.0,0.0,0.075,2.205,6.0,10,20.479949185298185,,7000.0,0.0,0.0,0.0,47.22292684925499,optimal
2021-02-07 09:30:00,50,103,2.0,0.0,0.0,0.1598,0.882,6.0,10,20.54227802255105,,7000.0,0.0,0.0,0.0,46.83497298156281,optimal
2021-02-07 10:00:00,50,103,2.0,0.0,0.0,0.1456666666666666,1.5435,6.0,10,20.60633600236223,,7000.0,0.0,0.0,0.0,46.44740706773832,optimal
2021-02-07 10:30:00,50,103,2.0,0.0,0.0,0.075,1.5435,6.0,10,20.670032693948443,,7000.0,0.0,0.0,0.0,46.060228719827656,optimal
2021-02-07 11:00:00,50,103,2.0,0.0,0.0,0.181,5.0715,6.0,10,20.731499183417537,,7000.0,0.0,0.0,0.0,45.67343755026491,optimal
2021-02-07 11:30:00,50,103,2.0,0.0,0.0,0.1411333333333333,5.376,6.0,10,20.794464494943284,,7000.0,0.0,0.0,0.0,45.28703317187172,optimal
2021-02-07 12:00:00,50,103,2.0,0.0,0.0,0.119,5.0715,6.0,10,20.85939935317984,,7000.0,0.0,0.0,0.0,44.90101519785692,optimal
2021-02-07 12:30:00,50,103,2.0,0.0,0.0,1.546433333333333,5.5125,6.0,10,20.930793997485065,,7000.0,0.0,0.0,0.0,44.51538324181614,optimal
2021-02-07 13:00:00,50,103,0.0,0.0,0.0,0.325,9.261,6.0,10,21.00761894607814,,0.0,0.0,0.0,0.0,44.1301369177314,optimal
2021-02-07 13:30:00,50,103,0.0,0.0,0.0,1.3788333333333334,11.7075,6.0,10,20.932245720791855,,0.0,0.0,0.0,0.0,43.745275839970745,optimal
2021-02-07 14:00:00,50,103,0.0,0.0,0.0,0.1824,12.348,6.0,10,20.870026049865192,,0.0,0.0,0.0,0.0,43.36079962328785,optimal
2021-02-07 14:30:00,50,103,0.0,0.0,0.0,0.3679666666666666,12.348,6.0,10,20.783684542421668,,0.0,0.0,0.0,0.0,42.97670788282164,optimal
2021-02-07 15:00:00,50,103,0.0,0.0,0.0,0.075,12.1275,6.0,10,20.701360933339107,,0.0,0.0,0.0,0.0,42.593000234095896,optimal
2021-02-07 15:30:00,50,103,0.0,0.0,0.0,0.1456666666666666,12.5265,6.0,10,20.61578611220228,,0.0,0.0,0.0,0.0,42.20967629301887,optimal
2021-02-07 16:00:00,50,103,0.0,0.0,0.0,1.4751666666666667,11.7495,6.0,10,20.531406576616437,,0.0,0.0,0.0,0.0,41.82673567588293,optimal
2021-02-07 16:30:00,50,103,0.0,0.0,0.0,1.6716666666666666,13.23,6.0,10,20.470502688529997,,0.0,0.0,0.0,0.0,41.44417799936412,optimal
2021-02-07 17:00:00,50,103,0.0,0.0,0.0,2.9349333333333334,14.3325,6.0,10,20.406721381047028,,0.0,0.0,0.0,0.0,41.06200288052183,optimal
2021-02-07 17:30:00,50,103,0.0,0.0,0.0,1.530333333333333,14.994,6.0,10,20.35354305567837,,0.0,0.0,0.0,0.0,40.680209936798384,optimal
2021-02-07 18:00:00,50,103,0.0,0.0,0.0,0.4360666666666666,14.8155,6.0,10,20.293030464901136,,0.0,0.0,0.0,0.0,40.298798786018665,optimal
2021-02-07 18:30:00,50,103,0.0,0.0,0.0,0.5247666666666666,14.112,6.0,10,20.2328306737615,,0.0,0.0,0.0,0.0,39.91776904638972,optimal
2021-02-07 19:00:00,50,103,0.0,0.0,0.0,0.3011666666666667,14.007,6.0,10,20.176827275730307,,0.0,0.0,0.0,0.0,39.53712033650041,optimal
2021-02-07 19:30:00,50,103,0.0,0.0,0.0,0.4104666666666666,13.23,6.0,10,20.11811480269234,,0.0,0.0,0.0,0.0,39.156852275320986,optimal
2021-02-07 20:00:00,50,103,0.0,0.0,0.0,0.1531333333333333,11.382,6.0,10,20.06187056217785,,0.0,0.0,0.0,0.0,38.77696448220274,optimal
2021-02-07 20:30:00,50,103,0.0,0.0,0.0,0.1222,11.7495,6.0,10,20.0,,0.0,0.0,0.0,0.0,38.397456576877616,optimal
2021-02-07 21:00:00,50,103,0.0,0.0,0.0,0.7287333333333333,24.3285,6.0,10,19.93423053447511,,0.0,0.0,0.0,0.0,38.01832817945781,optimal
2021-02-07 21:30:00,50,103,0.0,0.0,0.0,0.127,28.917,6.0,10,19.88551869433897,,0.0,0.0,0.0,0.0,37.63957891043543,optimal
2021-02-07 22:00:00,50,103,0.0,0.0,0.0,0.4861999999999999,31.3635,6.0,10,19.824217969537877,,0.0,0.0,0.0,0.0,37.26120839068207,optimal
2021-02-07 22:30:00,50,103,0.0,0.0,0.0,0.6391,33.306,6.0,10,19.76885790638139,,0.0,0.0,0.0,0.0,37.22394718229139,optimal
2021-02-07 23:00:00,50,103,0.0,0.0,0.0,0.075,31.3425,6.0,10,19.71559932511772,,0.0,0.0,0.0,0.0,37.1867232351091,optimal
2021-02-07 23:30:00,50,103,0.0,0.0,0.0,0.075,28.2555,6.0,10,19.64111585693988,,0.0,0.0,0.0,0.0,37.14953651187399,optimal
2021-02-08 00:00:00,50,103,2.0,0.0,0.0,0.0573333333333333,11.025,6.0,1,19.64111585693988,,7000.0,0.0,0.0,0.0,37.112386975362114,optimal
2021-02-08 00:30:00,50,103,2.0,0.0,4.186801378160591,0.1804,5.9745,6.0,1,19.71055710537278,,3307.6666666666656,0.0,3692.3333333333344,0.0,39.06400524301303,optimal
2021-02-08 01:00:00,50,103,2.0,0.0,0.0,0.0828666666666666,7.938,6.0,1,19.70459791959257,,7000.0,0.0,0.0,0.0,39.02494123777001,optimal
2021-02-08 01:30:00,50,103,2.0,0.0,0.0,0.1246666666666666,8.6835,6.0,1,19.774337774741294,,7000.0,0.0,0.0,0.0,38.98591629653224,optimal
2021-02-08 02:00:00,50,103,2.0,0.0,0.0,0.1386,7.665,6.0,1,19.84441431519505,,7000.0,0.0,0.0,0.0,38.9469303802357,optimal
2021-02-08 02:30:00,50,103,2.0,0.0,0.0,0.0759,6.7725,6.0,1,19.914239408821764,,7000.0,0.0,0.0,0.0,38.90798344985546,optimal
2021-02-08 03:00:00,50,103,2.0,0.0,5.0,0.1873666666666666,5.5755,6.0,1,19.98265470171755,,7000.0,0.0,0.0,0.0,41.2440754664056,optimal
2021-02-08 03:30:00,50,103,2.0,0.0,5.0,0.055,5.0925,6.0,1,20.053332869061272,,7000.0,0.0,0.0,0.0,43.5778313909392,optimal
2021-02-08 04:00:00,50,103,2.0,0.0,5.0,0.055,4.1895,6.0,1,20.12067718552508,,7000.0,0.0,0.0,0.0,45.909253559548254,optimal
2021-02-08 04:30:00,50,103,2.0,0.0,0.0,0.0828666666666666,7.056,6.0,1,20.18748914804662,,7000.0,0.0,0.0,0.0,45.8633443059887,optimal
2021-02-08 05:00:00,50,103,2.0,0.0,5.0,0.1880666666666666,5.271,6.0,1,20.254130942304453,,7000.0,0.0,0.0,0.0,48.19248096168271,optimal
2021-02-08 05:30:00,50,103,2.0,0.0,0.0,0.065,7.938,6.0,1,20.322069852042077,,7000.0,0.0,0.0,0.0,48.144288480721016,optimal
2021-02-08 06:00:00,50,103,2.0,0.0,0.0,0.2092666666666666,7.938,6.0,1,20.38683398921705,,7000.0,0.0,0.0,0.0,48.096144192240295,optimal
2021-02-08 06:30:00,50,103,2.0,0.0,0.0,1.1277,11.907,6.0,1,20.45490023196296,,7000.0,0.0,0.0,0.0,48.048048048048045,optimal
2021-02-08 07:00:00,50,103,2.0,0.0,0.0,1.4923666666666666,11.025,6.0,1,20.528088493554964,,7000.0,0.0,0.0,0.0,48.0,optimal
2021-02-08 07:30:00,50,103,2.0,0.0,0.0,0.2832333333333333,11.2875,6.0,1,20.608540922301597,,7000.0,0.0,0.0,0.0,47.843808553284575,optimal
2021-02-08 08:00:00,50,103,1.2235878507802522,0.0,0.0,0.065,12.936,6.0,1,20.675890443284626,,4282.557477730883,0.0,0.0,0.0,47.68777329801587,optimal
2021-02-08 08:30:00,50,103,0.0,0.0,0.0,0.0928666666666666,13.0095,6.0,1,20.67676826676947,,0.0,0.0,0.0,0.0,47.53189407800243,optimal
2021-02-08 09:00:00,50,103,0.0,0.0,0.0,0.1904,13.671,6.0,1,20.587625462891644,,0.0,0.0,0.0,0.0,47.376170737209,optimal
2021-02-08 09:30:00,50,103,0.0,0.0,0.0,0.065,13.188,6.0,1,20.50048652085404,,0.0,0.0,0.0,0.0,47.22060311975637,optimal
2021-02-08 10:00:00,50,103,0.0,0.0,0.0,0.2182666666666667,13.8495,6.0,1,20.41178368183686,,0.0,0.0,0.0,0.0,47.06519106992119,optimal
2021-02-08 10:30:00,50,103,2.0,0.0,0.0,0.065,13.23,6.0,1,20.327390089385315,,7000.0,0.0,0.0,0.0,46.90993443213585,optimal
2021-02-08 11:00:00,50,103,0.0,0.0,0.0,0.0998333333333333,13.3665,6.0,1,20.38682539030205,,0.0,0.0,0.0,0.0,46.75483305098829,optimal
2021-02-08 11:30:00,50,103,2.0,0.0,0.0,0.1834333333333333,13.0515,6.0,1,20.298690952856763,,7000.0,0.0,0.0,0.0,46.59988677122188,optimal
2021-02-08 12:00:00,50,103,0.0,0.0,0.0,0.065,13.5345,6.0,1,20.360522690436877,,0.0,0.0,0.0,0.0,46.44509543773523,optimal
2021-02-08 12:30:00,50,103,0.0,0.0,0.0,2.0565666666666664,14.154,6.0,1,20.2726816612968,,0.0,0.0,0.0,0.0,46.29045889558208,optimal
2021-02-08 13:00:00,50,103,0.0,0.0,0.0,0.5473,14.112,6.0,1,20.19879980556919,,0.0,0.0,0.0,0.0,46.13597698997107,optimal
2021-02-08 13:30:00,50,103,0.0,0.0,0.0,1.0086,14.2485,6.0,1,20.127159797761937,,0.0,0.0,0.0,0.0,45.98164956626567,optimal
2021-02-08 14:00:00,50,103,2.0,0.0,0.0,0.7864333333333333,12.789,6.0,1,20.06904666336343,,7000.0,0.0,0.0,0.0,45.82747646998399,optimal
2021-02-08 14:30:00,50,103,2.0,0.0,0.0,0.1066666666666666,13.0095,6.0,1,20.15414652171246,,7000.0,0.0,0.0,0.0,45.67345754679858,optimal
2021-02-08 15:00:00,50,103,2.0,0.0,0.0,0.1625333333333333,12.1275,6.0,1,20.220979518356582,,7000.0,0.0,0.0,0.0,45.51959264253636,optimal
2021-02-08 15:30:00,50,103,2.0,0.0,0.0,0.2080333333333333,12.348,6.0,1,20.284538526777183,,7000.0,0.0,0.0,0.0,45.3658816031784,optimal
2021-02-08 16:00:00,50,103,2.0,0.0,0.0,1.7555,12.348,6.0,1,20.351298835487945,,7000.0,0.0,0.0,0.0,45.2123242748598,optimal
2021-02-08 16:30:00,50,103,0.0,0.0,0.0,0.7361666666666666,25.389,6.0,1,20.42399264700372,,0.0,0.0,0.0,0.0,45.05892050386952,optimal
2021-02-08 17:00:00,50,103,0.0,0.0,0.0,0.5312666666666667,29.1375,6.0,1,20.35207239029988,,0.0,0.0,0.0,0.0,44.90567013665022,optimal
2021-02-08 17:30:00,50,103,0.0,0.0,0.0,0.2712,30.597,6.0,1,20.28251165728877,,0.0,0.0,0.0,0.0,44.75257301979815,optimal
2021-02-08 18:00:00,50,103,0.0,0.0,0.0,0.8000333333333333,33.684,6.0,1,20.20906898395796,,0.0,0.0,0.0,0.0,44.599629000062926,optimal
2021-02-08 18:30:00,50,103,0.0,0.0,0.0,3.5651,32.445,6.0,1,20.136783415338417,,0.0,0.0,0.0,0.0,44.44683792434744,optimal
2021-02-08 19:00:00,50,103,0.0,0.0,0.0,3.1586666666666665,28.917,6.0,1,20.08286891087642,,0.0,0.0,0.0,0.0,44.29419963970767,optimal
2021-02-08 19:30:00,50,103,0.0,0.0,0.0,2.619333333333333,15.876,6.0,1,20.03168826122289,,0.0,0.0,0.0,0.0,44.14171399335254,optimal
2021-02-08 20:00:00,50,103,0.8865893508678111,0.0,0.0,0.3523666666666666,12.348,6.0,1,20.0,,3103.0627280373387,0.0,0.0,0.0,43.98938083264376,optimal
2021-02-08 20:30:00,50,103,0.0,0.0,0.0,0.504,12.1275,6.0,1,20.0,,0.0,0.0,0.0,0.0,43.837200005095696,optimal
2021-02-08 21:00:00,50,103,0.0,0.0,0.0,0.4311333333333333,12.348,6.0,1,19.93365653314541,,0.0,0.0,0.0,0.0,43.7933628050906,optimal
2021-02-08 21:30:00,50,103,0.0,0.0,0.0,0.5401666666666667,12.1275,6.0,1,19.872699721922796,,0.0,0.0,0.0,0.0,43.74956944228551,optimal
2021-02-08 22:00:00,50,103,0.0,0.0,0.0,0.2328,12.1275,6.0,1,19.813619155978355,,0.0,0.0,0.0,0.0,43.70581987284323,optimal
2021-02-08 22:30:00,50,103,0.0,0.0,0.0,0.1067999999999999,11.2665,6.0,1,19.739765274328807,,0.0,0.0,0.0,0.0,43.66211405297039,optimal
2021-02-08 23:00:00,50,103,0.0,0.0,0.0,0.065,10.143,6.0,1,19.660651756182467,,0.0,0.0,0.0,0.0,43.61845193891742,optimal
2021-02-08 23:30:00,50,103,0.0,0.0,0.0,0.065,11.2455,6.0,1,19.58079040978674,,0.0,0.0,0.0,0.0,43.5748334869785,optimal
2021-02-09 00:00:00,50,103,2.0,0.0,5.0,0.062,10.7205,6.0,-7,19.58079040978674,,7000.0,0.0,0.0,0.0,45.90625865349152,optimal
2021-02-09 00:30:00,50,103,2.0,0.0,0.0,0.062,11.424,6.0,-7,19.648310542698034,,0.0,0.0,7000.0,0.0,45.86035239483803,optimal
2021-02-09 01:00:00,50,103,2.0,0.0,5.0,0.1954666666666666,10.689,6.0,-7,19.56839833765774,,3689.3333333333335,0.0,3310.6666666666665,0.0,48.18949204244319,optimal
2021-02-09 01:30:00,50,103,2.0,0.0,1.025447110015226,0.0991,11.361,6.0,-7,19.569547002057508,,7000.0,0.0,0.0,0.0,48.62838992765797,optimal
2021-02-09 02:00:00,50,103,2.0,0.0,0.0,0.2279666666666666,11.571,6.0,-7,19.637899112873,,7000.0,0.0,0.0,0.0,48.57976153773031,optimal
2021-02-09 02:30:00,50,103,2.0,0.0,0.0,0.0984,14.3745,6.0,-7,19.708200159449262,,7000.0,0.0,0.0,0.0,48.53118177619257,optimal
2021-02-09 03:00:00,50,103,2.0,0.0,0.0,0.1877333333333332,13.23,6.0,-7,19.775681675444847,,7000.0,0.0,0.0,0.0,48.48265059441637,optimal
2021-02-09 03:30:00,50,103,2.0,0.0,0.0,0.1757333333333333,13.9755,6.0,-7,19.844964386445124,,7000.0,0.0,0.0,0.0,48.434167943821954,optimal
2021-02-09 04:00:00,50,103,1.523019734470799,0.0,0.0,0.062,14.994,6.0,-7,19.914133847148378,,5330.569070647796,0.0,0.0,0.0,48.38573377587813,optimal
2021-02-09 04:30:00,50,103,2.0,0.0,0.0,0.062,13.671,6.0,-7,19.945906841308283,,7000.0,0.0,0.0,0.0,48.33734804210225,optimal
2021-02-09 05:00:00,50,103,0.0,0.0,0.0,0.1469333333333333,15.981,6.0,-7,20.012224225064504,,0.0,0.0,0.0,0.0,48.28901069406015,optimal
2021-02-09 05:30:00,50,103,0.0,0.0,0.0,0.1105333333333333,15.6345,6.0,-7,19.93222210624371,,0.0,0.0,0.0,0.0,48.24072168336608,optimal
2021-02-09 06:00:00,50,103,0.0,0.0,0.0,0.168,16.5375,6.0,-7,19.851816696815128,,0.0,0.0,0.0,0.0,48.19248096168271,optimal
2021-02-09 06:30:00,50,103,2.0,0.0,0.0,0.1951333333333333,14.7735,6.0,-7,19.772985757993368,,7000.0,0.0,0.0,0.0,48.144288480721016,optimal
2021-02-09 07:00:00,50,103,2.0,0.0,0.0,0.2506666666666666,15.2145,6.0,-7,19.84279203300979,,7000.0,0.0,0.0,0.0,48.096144192240295,optimal
2021-02-09 07:30:00,50,103,2.0,0.0,0.0,0.4178666666666666,14.553,6.0,-7,19.91798117643754,,7000.0,0.0,0.0,0.0,48.048048048048045,optimal
2021-02-09 08:00:00,50,103,2.0,0.0,0.0,0.4664666666666666,14.3325,6.0,-7,20.0,,7000.0,0.0,0.0,0.0,48.0,optimal
2021-02-09 08:30:00,50,103,2.0,0.0,0.0,0.3897,14.595,6.0,-7,20.08334581695591,,7000.0,0.0,0.0,0.0,47.50847665064932,optimal
2021-02-09 09:00:00,50,103,0.0231447282575904,0.0,0.0,0.3175,14.994,6.0,-7,20.164009776650516,,81.00654890156675,0.0,0.0,0.0,47.017444824648,optimal
2021-02-09 09:30:00,50,103,2.0,0.0,0.0,0.2901333333333333,14.3325,6.0,-7,20.09163901674869,,7000.0,0.0,0.0,0.0,46.52690403047267,optimal
2021-02-09 10:00:00,50,103,2.0,0.0,0.0,0.2784,13.8915,6.0,-7,20.162954376250735,,7000.0,0.0,0.0,0.0,46.03685377709152,optimal
2021-02-09 10:30:00,50,103,2.0,0.0,0.0,0.3815666666666666,13.8915,6.0,-7,20.23433187174144,,7000.0,0.0,0.0,0.0,45.54729357396376,optimal
2021-02-09 11:00:00,50,103,2.0,0.0,0.0,1.2727666666666668,13.4715,6.0,-7,20.30655831329048,,7000.0,0.0,0.0,0.0,45.05822293103912,optimal
2021-02-09 11:30:00,50,103,2.0,0.0,0.0,0.4073333333333333,13.23,6.0,-7,20.397326929093005,,7000.0,0.0,0.0,0.0,44.5696413587574,optimal
2021-02-09 12:00:00,50,103,2.0,0.0,0.0,0.1558,13.8915,6.0,-7,20.469692866018875,,7000.0,0.0,0.0,0.0,44.08154836804797,optimal
2021-02-09 12:30:00,50,103,0.0,0.0,0.0,0.262,26.9325,6.0,-7,20.536662457761054,,0.0,0.0,0.0,0.0,43.59394347032924,optimal
2021-02-09 13:00:00,50,103,0.0,0.0,0.0,0.2179666666666666,30.303,6.0,-7,20.460047034176903,,0.0,0.0,0.0,0.0,43.10682617750824,optimal
2021-02-09 13:30:00,50,103,0.0,0.0,0.0,0.3255666666666666,32.886,6.0,-7,20.383656906980917,,0.0,0.0,0.0,0.0,42.620196001980055,optimal
2021-02-09 14:00:00,50,103,0.0,0.0,0.0,0.0722,34.9965,6.0,-7,20.309724502048454,,0.0,0.0,0.0,0.0,42.1340524566274,optimal
2021-02-09 14:30:00,50,103,0.0,0.0,0.0,0.3104666666666666,33.327,6.0,-7,20.234844641695883,,0.0,0.0,0.0,0.0,41.6483950548201,optimal
2021-02-09 15:00:00,50,103,0.0,0.0,0.0,0.0716666666666666,31.122,6.0,-7,20.166152801071654,,0.0,0.0,0.0,0.0,41.1632233104146,optimal
2021-02-09 15:30:00,50,103,0.0,0.0,0.0,0.072,17.9025,6.0,-7,20.085110580414383,,0.0,0.0,0.0,0.0,40.67853673775351,optimal
2021-02-09 16:00:00,50,103,0.8325572710769608,0.0,0.0,0.4710333333333333,15.6555,6.0,-7,20.0,,2913.9504487693625,0.0,0.0,0.0,40.19433485166508,optimal
2021-02-09 16:30:00,50,103,0.8991586576778936,0.0,0.0,0.318,14.553,6.0,-7,20.0,,3077.388635205961,0.0,69.66666666666666,0.0,39.71061716746274,optimal
2021-02-09 17:00:00,50,103,0.7718114994453341,0.0,0.0,0.6042666666666666,14.3325,6.0,-7,20.0,,2701.340248058669,0.0,0.0,0.0,39.2273832009446,optimal
2021-02-09 17:30:00,50,103,0.9767309812844376,0.0,0.0,0.2659333333333333,13.335,6.0,-7,20.0,,2861.225101162198,0.0,557.3333333333333,0.0,38.74463246839298,optimal
2021-02-09 18:00:00,50,103,1.764780635304218,0.0,0.0,0.5207,12.1275,6.0,-7,20.0,,5410.39889023143,0.0,766.3333333333334,0.0,38.26236448657391,optimal
2021-02-09 18:30:00,50,103,0.0,0.0,0.0,0.3040333333333334,12.2955,6.0,-7,20.060264979025227,,0.0,0.0,0.0,0.0,37.78057877273665,optimal
2021-02-09 19:00:00,50,103,0.851245275005799,0.0,0.0,0.2474666666666666,11.6865,6.0,-7,20.0,,2979.3584625202966,0.0,0.0,0.0,37.29927484461324,optimal
2021-02-09 19:30:00,50,103,0.8771500369105998,0.0,0.0,0.4584666666666666,11.466,6.0,-7,20.0,,3070.025129187099,0.0,0.0,0.0,36.818452220417946,optimal
2021-02-09 20:00:00,50,103,0.8523690845296427,0.0,0.0,0.6887000000000001,10.8045,6.0,-7,20.0,,2774.2917958537496,0.0,209.0,0.0,36.33811041884685,optimal
2021-02-09 20:30:00,50,103,0.0995238095238095,0.0,0.0,0.4599333333333333,10.584,6.0,-7,20.0,,0.0,0.0,348.3333333333333,0.0,35.85824895907733,optimal
2021-02-09 21:00:00,50,103,0.0,0.0,0.0,1.6292666666666669,11.2455,6.0,-7,19.937688477712047,,0.0,0.0,0.0,0.0,35.37886736076757,optimal
2021-02-09 21:30:00,50,103,0.0,0.0,0.0,1.2557,12.1275,6.0,-7,19.8924193142294,,0.0,0.0,0.0,0.0,34.899965144056125,optimal
2021-02-09 22:00:00,50,103,0.0,0.0,0.0,0.2054666666666666,11.823,6.0,-7,19.83757796517924,,0.0,0.0,0.0,0.0,34.86506517891207,optimal
2021-02-09 22:30:00,50,103,0.0,0.0,0.0,0.178,11.7705,6.0,-7,19.75938980750089,,0.0,0.0,0.0,0.0,34.83020011373316,optimal
2021-02-09 23:00:00,50,103,0.0,0.0,0.0,0.0962666666666666,11.13,6.0,-7,19.68120501429825,,0.0,0.0,0.0,0.0,34.795369913619425,optimal
2021-02-09 23:30:00,50,103,0.0,0.0,0.0,0.1772,11.6865,6.0,-7,19.60188123484395,,0.0,0.0,0.0,0.0,34.76057454370581,optimal
2021-02-10 00:00:00,50,103,0.0,0.0,0.0,0.048,18.7215,6.0,8,19.60188123484395,,0.0,0.0,0.0,0.0,34.725813969162104,optimal
2021-02-10 00:30:00,50,103,0.0,0.0,0.0,0.1626,17.4195,6.0,8,19.52195276672245,,0.0,0.0,0.0,0.0,34.69108815519294,optimal
2021-02-10 01:00:00,50,103,0.0,0.0,0.0,0.0824,16.758,6.0,8,19.44897670688053,,0.0,0.0,0.0,0.0,34.65639706703775,optimal
2021-02-10 01:30:00,50,103,2.0,0.0,0.0,0.1364,14.217,6.0,8,19.366590608068563,,0.0,0.0,7000.0,0.0,34.62174066997071,optimal
2021-02-10 02:00:00,50,103,2.0,0.0,0.0,0.05,13.3665,6.0,8,19.285261322595733,,2644.333333333333,0.0,4355.666666666667,0.0,34.58711892930074,optimal
2021-02-10 02:30:00,50,103,2.0,0.0,0.0,0.05,12.789,6.0,8,19.25769287382941,,7000.0,0.0,0.0,0.0,34.55253181037144,optimal
2021-02-10 03:00:00,50,103,2.0,0.0,0.0,0.1418,11.907,6.0,8,19.32193805398568,,7000.0,0.0,0.0,0.0,34.51797927856107,optimal
2021-02-10 03:30:00,50,103,2.0,0.0,3.984109059409656,0.083,11.7075,6.0,8,19.387824201575008,,7000.0,0.0,0.0,0.0,36.375913102502096,optimal
2021-02-10 04:00:00,50,103,2.0,0.0,5.0,0.0793333333333333,10.8045,6.0,8,19.452047378185718,,7000.0,0.0,0.0,0.0,38.71453718939959,optimal
2021-02-10 04:30:00,50,103,2.0,0.0,5.0,0.1911333333333333,11.508,6.0,8,19.51597919461568,,7000.0,0.0,0.0,0.0,41.05082265221018,optimal
2021-02-10 05:00:00,50,103,2.0,0.0,5.0,0.1029333333333333,11.508,6.0,8,19.58213821861573,,7000.0,0.0,0.0,0.0,43.38477182955796,optimal
2021-02-10 05:30:00,50,103,2.0,0.0,5.0,0.2301333333333333,11.508,6.0,8,19.64568678586062,,7000.0,0.0,0.0,0.0,45.7163870577284,optimal
2021-02-10 06:00:00,50,103,2.0,0.0,0.0,0.1692333333333333,11.844,6.0,8,19.71132536666403,,7000.0,0.0,0.0,0.0,45.670670670670674,optimal
2021-02-10 06:30:00,50,103,2.0,0.0,5.0,1.042,11.508,6.0,8,19.78401027049965,,7000.0,0.0,0.0,0.0,48.0,optimal
2021-02-10 07:00:00,50,103,2.0,0.0,0.0,1.0232,11.508,6.0,8,19.862822071049024,,7000.0,0.0,0.0,0.0,47.89123478525129,optimal
2021-02-10 07:30:00,50,103,2.0,0.0,0.0,1.289766666666667,10.4475,6.0,8,19.94281236953174,,7000.0,0.0,0.0,0.0,47.78257833571733,optimal
2021-02-10 08:00:00,50,103,2.0,0.0,0.0,0.4390333333333334,10.8675,6.0,8,20.030273144413297,,7000.0,0.0,0.0,0.0,47.674030542632906,optimal
2021-02-10 08:30:00,50,103,2.0,0.0,0.0,0.3260666666666666,10.542,6.0,8,20.1067481699916,,7000.0,0.0,0.0,0.0,47.56559129734157,optimal
2021-02-10 09:00:00,50,103,2.0,0.0,0.0,3.5826,11.025,6.0,8,20.179204564154062,,7000.0,0.0,0.0,0.0,47.45726049129552,optimal
2021-02-10 09:30:00,50,103,2.0,0.0,0.0,0.9001666666666667,11.025,6.0,8,20.27583232015007,,7000.0,0.0,0.0,0.0,47.34903801605552,optimal
2021-02-10 10:00:00,50,103,2.0,0.0,0.0,1.094666666666667,14.553,6.0,8,20.36413698956579,,7000.0,0.0,0.0,0.0,47.24092376329076,optimal
2021-02-10 10:30:00,50,103,2.0,0.0,0.0,0.1664,13.0935,6.0,8,20.44237294303584,,7000.0,0.0,0.0,0.0,47.13291762477876,optimal
2021-02-10 11:00:00,50,103,2.0,0.0,0.0,0.2377,15.6345,6.0,8,20.500424914556724,,7000.0,0.0,0.0,0.0,47.02501949240528,optimal
2021-02-10 11:30:00,50,103,0.0,0.0,0.0,0.1194,18.102,6.0,8,20.560012645157457,,0.0,0.0,0.0,0.0,46.91722925816417,optimal
2021-02-10 12:00:00,50,103,0.0,0.0,0.0,0.06,17.199,6.0,8,20.47193280609099,,0.0,0.0,0.0,0.0,46.8095468141573,optimal
2021-02-10 12:30:00,50,103,0.0,0.0,0.0,0.9627,18.2805,6.0,8,20.38345583314151,,0.0,0.0,0.0,0.0,46.70197205259444,optimal
2021-02-10 13:00:00,50,103,0.0,0.0,0.0,0.2047333333333333,17.4615,6.0,8,20.31179072907354,,0.0,0.0,0.0,0.0,46.594504865793134,optimal
2021-02-10 13:30:00,50,103,0.0,0.0,0.0,0.3893,18.3225,6.0,8,20.22923410692241,,0.0,0.0,0.0,0.0,46.48714514617864,optimal
2021-02-10 14:00:00,50,103,0.0,0.0,0.0,0.2876666666666667,17.094,6.0,8,20.15735976498666,,0.0,0.0,0.0,0.0,46.37989278628375,optimal
2021-02-10 14:30:00,50,103,0.0,0.0,0.0,0.4060333333333333,17.094,6.0,8,20.08615818794217,,0.0,0.0,0.0,0.0,46.27274767874876,optimal
2021-02-10 15:00:00,50,103,1.791219888784484,0.0,0.0,0.2407666666666666,17.094,6.0,8,20.0170485658039,,6269.269610745693,0.0,0.0,0.0,46.1657097163213,optimal
2021-02-10 15:30:00,50,103,0.0,0.0,0.0,0.4386,17.3565,6.0,8,20.06950989859453,,0.0,0.0,0.0,0.0,46.05877879185628,optimal
2021-02-10 16:00:00,50,103,1.7566392379311768,0.0,0.0,0.5364,17.115,6.0,8,20.0,,6148.237332759119,0.0,0.0,0.0,45.95195479831571,optimal
2021-02-10 16:30:00,50,103,0.0,0.0,0.0,0.3732666666666666,17.241,6.0,8,20.068012022178475,,0.0,0.0,0.0,0.0,45.845237628768686,optimal
2021-02-10 17:00:00,50,103,0.9211422405441873,0.0,0.0,0.3496,17.094,6.0,8,20.0,,3223.997841904656,0.0,0.0,0.0,45.73862717639121,optimal
2021-02-10 17:30:00,50,103,2.0,0.0,0.0,0.9635333333333332,16.5165,6.0,8,20.0,,7000.0,0.0,0.0,0.0,45.63212333446612,optimal
2021-02-10 18:00:00,50,103,0.0,0.0,0.0,0.6022666666666666,17.8185,6.0,8,20.100292098131685,,0.0,0.0,0.0,0.0,45.52572599638295,optimal
2021-02-10 18:30:00,50,103,1.120981804942346,0.0,0.0,0.2189,17.094,6.0,8,20.055297676056767,,3923.43631729821,0.0,0.0,0.0,45.419435055637855,optimal
2021-02-10 19:00:00,50,103,2.0,0.0,0.0,0.3853,16.8945,6.0,8,20.0723099082171,,7000.0,0.0,0.0,0.0,45.31325040583352,optimal
2021-02-10 19:30:00,50,103,0.0,0.0,0.0,1.133,18.123,6.0,8,20.14351342350854,,0.0,0.0,0.0,0.0,45.207171940678975,optimal
2021-02-10 20:00:00,50,103,0.0,0.0,0.0,0.2551,31.647,6.0,8,20.07228417688457,,0.0,0.0,0.0,0.0,45.10119955398959,optimal
2021-02-10 20:30:00,50,103,0.0,0.0,0.0,0.3732666666666666,34.9965,6.0,8,20.0,,0.0,0.0,0.0,0.0,44.99533313968689,optimal
2021-02-10 21:00:00,50,103,0.0,0.0,0.0,0.3641333333333333,34.9965,6.0,8,19.929395699943136,,0.0,0.0,0.0,0.0,44.8895725917985,optimal
2021-02-10 21:30:00,50,103,0.0,0.0,0.0,0.2415999999999999,34.9965,6.0,8,19.85904345479879,,0.0,0.0,0.0,0.0,44.78391780445799,optimal
2021-02-10 22:00:00,50,103,0.0,0.0,0.0,0.443,34.9965,6.0,8,19.778617851518863,,0.0,0.0,0.0,0.0,44.73913388665353,optimal
2021-02-10 22:30:00,50,103,0.0,0.0,0.0,0.3822333333333333,34.9965,6.0,8,19.694625661570925,,0.0,0.0,0.0,0.0,44.69439475276688,optimal
2021-02-10 23:00:00,50,103,0.0,0.0,0.0,0.1054333333333333,27.741,6.0,8,19.612106076632053,,0.0,0.0,0.0,0.0,44.64970035801412,optimal
2021-02-10 23:30:00,50,103,0.0,0.0,0.0,0.1788,19.026,6.0,8,19.5147601019962,,0.0,0.0,0.0,0.0,44.6050506576561,optimal
2021-02-11 00:00:00,50,103,2.0,0.0,0.0,0.054,11.025,6.0,-4,19.5147601019962,,7000.0,0.0,0.0,0.0,44.56044560699844,optimal
2021-02-11 00:30:00,50,103,2.0,0.0,0.0,0.1338,10.7835,6.0,-4,19.562937334816063,,4770.666666666666,0.0,2229.333333333333,0.0,44.515885161391445,optimal
2021-02-11 01:00:00,50,103,2.0,0.0,0.0,0.1728,11.025,6.0,-4,19.56610111782587,,7000.0,0.0,0.0,0.0,44.47136927623006,optimal
2021-02-11 01:30:00,50,103,2.0,0.0,3.835231339352127,0.0711,10.584,6.0,-4,19.617453557750157,,7000.0,0.0,0.0,0.0,46.24863279314608,optimal
2021-02-11 02:00:00,50,103,2.0,0.0,0.0,0.2355,11.025,6.0,-4,19.66643220146924,,7000.0,0.0,0.0,0.0,46.20238416035293,optimal
2021-02-11 02:30:00,50,103,2.0,0.0,5.0,0.054,10.4265,6.0,-4,19.71864933166163,,7000.0,0.0,0.0,0.0,48.53118177619257,optimal
2021-02-11 03:00:00,50,103,2.0,0.0,0.0,0.2412,12.789,6.0,-4,19.766355252000093,,7000.0,0.0,0.0,0.0,48.48265059441637,optimal
2021-02-11 03:30:00,50,103,2.0,0.0,0.0,0.0654,12.684,6.0,-4,19.817331713772116,,7000.0,0.0,0.0,0.0,48.434167943821954,optimal
2021-02-11 04:00:00,50,103,2.0,0.0,0.0,0.1646666666666666,16.254,6.0,-4,19.86551042051405,,7000.0,0.0,0.0,0.0,48.38573377587813,optimal
2021-02-11 04:30:00,50,103,2.0,0.0,0.0,0.1419333333333333,17.64,6.0,-4,19.916694330261155,,7000.0,0.0,0.0,0.0,48.33734804210225,optimal
2021-02-11 05:00:00,50,103,2.0,0.0,0.0,0.0906,19.1625,6.0,-4,19.967167488907695,,7000.0,0.0,0.0,0.0,48.28901069406015,optimal
2021-02-11 05:30:00,50,103,0.0,0.0,0.0,0.216,26.46,6.0,-4,20.016331079242622,,0.0,0.0,0.0,0.0,48.24072168336608,optimal
2021-02-11 06:00:00,50,103,1.74328286366591,0.0,0.0,0.0586666666666666,20.79,6.0,-4,19.9216926671364,,6101.490022830684,0.0,0.0,0.0,48.19248096168271,optimal
2021-02-11 06:30:00,50,103,0.0,0.0,0.0,0.1880666666666666,29.106,6.0,-4,19.95364645734741,,0.0,0.0,0.0,0.0,48.144288480721016,optimal
2021-02-11 07:00:00,50,103,2.0,0.0,0.0,0.2058666666666666,19.1835,6.0,-4,19.862322791650275,,7000.0,0.0,0.0,0.0,48.096144192240295,optimal
2021-02-11 07:30:00,50,103,2.0,0.0,0.0,0.0802666666666666,19.6665,6.0,-4,19.92836749318789,,7000.0,0.0,0.0,0.0,48.048048048048045,optimal
2021-02-11 08:00:00,50,103,1.0982548415038316,0.0,0.0,0.1565333333333333,19.404,6.0,-4,20.0,,3634.8919452634095,0.0,209.0,0.0,48.0,optimal
2021-02-11 08:30:00,50,103,1.5695585541408892,0.0,0.0,0.4676,19.047,6.0,-4,20.0,,4866.454939493112,0.0,627.0,0.0,47.76632576563513,optimal
2021-02-11 09:00:00,50,103,2.0,0.0,0.0,0.144,18.858,6.0,-4,20.024850056545123,,7000.0,0.0,0.0,0.0,47.53288520550463,optimal
2021-02-11 09:30:00,50,103,0.0,0.0,0.0,0.0812,19.2675,6.0,-4,20.08562745350218,,0.0,0.0,0.0,0.0,47.29967808593426,optimal
2021-02-11 10:00:00,50,103,1.5076464869082284,0.0,0.0,0.2026,18.963,6.0,-4,20.0,,3604.762704178801,0.0,1672.0,0.0,47.06670417348346,optimal
2021-02-11 10:30:00,50,103,2.0,0.0,0.0,2.897566666666666,18.438,6.0,-4,20.000251549479064,,7000.0,0.0,0.0,0.0,46.83396323494512,optimal
2021-02-11 11:00:00,50,103,2.0,0.0,0.0,0.1807333333333333,18.7425,6.0,-4,20.07137646727278,,7000.0,0.0,0.0,0.0,46.6014550373453,optimal
2021-02-11 11:30:00,50,103,2.0,0.0,0.0,0.2409,15.2145,6.0,-4,20.134300057794768,,7000.0,0.0,0.0,0.0,46.36917934794309,optimal
2021-02-11 12:00:00,50,103,2.0,0.0,0.0,0.2405666666666666,17.7765,6.0,-4,20.201607228916288,,7000.0,0.0,0.0,0.0,46.13713593423029,optimal
2021-02-11 12:30:00,50,103,2.0,0.0,0.0,0.064,16.758,6.0,-4,20.26769622866346,,7000.0,0.0,0.0,0.0,45.90532456393119,optimal
2021-02-11 13:00:00,50,103,2.0,0.0,0.0,0.2626,16.422,6.0,-4,20.33056328866458,,7000.0,0.0,0.0,0.0,45.67374500500239,optimal
2021-02-11 13:30:00,50,103,2.0,0.0,0.0,0.064,16.758,6.0,-4,20.400274594766667,,7000.0,0.0,0.0,0.0,45.44239702563252,optimal
2021-02-11 14:00:00,50,103,0.0,0.0,0.0,0.3334333333333333,29.358,6.0,-4,20.465942700074464,,0.0,0.0,0.0,0.0,45.21128039424202,optimal
2021-02-11 14:30:00,50,103,0.0,0.0,0.0,0.406,34.9965,6.0,-4,20.39328083725062,,0.0,0.0,0.0,0.0,44.98039487948292,optimal
2021-02-11 15:00:00,50,103,0.0,0.0,0.0,0.2483666666666666,34.65,6.0,-4,20.32641757764784,,0.0,0.0,0.0,0.0,44.749740250238574,optimal
2021-02-11 15:30:00,50,103,0.0,0.0,0.0,1.7357333333333331,34.9965,6.0,-4,20.26169892644304,,0.0,0.0,0.0,0.0,44.51931627562347,optimal
2021-02-11 16:00:00,50,103,0.0,0.0,0.0,1.7582666666666669,34.9965,6.0,-4,20.199169630808004,,0.0,0.0,0.0,0.0,44.289122724982974,optimal
2021-02-11 16:30:00,50,103,0.0,0.0,0.0,1.3063333333333331,30.4815,6.0,-4,20.136198980704638,,0.0,0.0,0.0,0.0,44.05915936789313,optimal
2021-02-11 17:00:00,50,103,0.0,0.0,0.0,2.0824333333333334,21.4305,6.0,-4,20.066826076147493,,0.0,0.0,0.0,0.0,43.82942597416037,optimal
2021-02-11 17:30:00,50,103,0.8236153566276138,0.0,0.0,3.2788666666666666,14.3325,6.0,-4,20.0,,2812.987081529982,0.0,69.66666666666666,0.0,43.59992231382135,optimal
2021-02-11 18:00:00,50,103,2.0,0.0,0.0,3.1671666666666667,13.692,6.0,-4,20.0,,7000.0,0.0,0.0,0.0,43.37064815714267,optimal
2021-02-11 18:30:00,50,103,0.0255886931444498,0.0,0.0,2.1170666666666667,14.007,6.0,-4,20.076009746604917,,89.56042600557436,0.0,0.0,0.0,43.14160327462066,optimal
2021-02-11 19:00:00,50,103,1.207138513034634,0.0,0.0,1.2442,12.873,6.0,-4,20.0,,3806.984795621219,0.0,418.0,0.0,42.912787436981176,optimal
2021-02-11 19:30:00,50,103,1.1528981772709883,0.0,0.0,0.3361,12.684,6.0,-4,20.0,,3965.476953781793,0.0,69.66666666666666,0.0,42.68420041517933,optimal
2021-02-11 20:00:00,50,103,1.16515879388829,0.0,0.0,0.3112,12.306,6.0,-4,20.0,,4078.055778609015,0.0,0.0,0.0,42.455841980399285,optimal
2021-02-11 20:30:00,50,103,2.0,0.0,0.0,0.6075333333333333,10.6365,6.0,-4,20.0,,0.0,0.0,7000.0,0.0,42.413386138418886,optimal
2021-02-11 21:00:00,50,103,0.0,0.0,0.0,0.3846,11.2455,6.0,-4,19.92279332962709,,0.0,0.0,0.0,0.0,42.37097275228047,optimal
2021-02-11 21:30:00,50,103,0.0,0.0,0.0,0.2763333333333333,11.2455,6.0,-4,19.840605937641808,,0.0,0.0,0.0,0.0,42.328601779528185,optimal
2021-02-11 22:00:00,50,103,0.0501904761904761,0.0,0.0,3.2708666666666666,11.025,6.0,-4,19.751098819641523,,0.0,0.0,175.66666666666666,0.0,42.286273177748654,optimal
2021-02-11 22:30:00,50,103,0.0,0.0,0.0,0.4146666666666667,12.0855,6.0,-4,19.670509786833044,,0.0,0.0,0.0,0.0,42.2439869045709,optimal
2021-02-11 23:00:00,50,103,0.0,0.0,0.0,0.0843333333333333,11.6865,6.0,-4,19.5758084001419,,0.0,0.0,0.0,0.0,42.20174291766633,optimal
2021-02-11 23:30:00,50,103,0.0,0.0,0.0,0.1890666666666666,11.2245,6.0,-4,19.463627466368283,,0.0,0.0,0.0,0.0,42.15954117474866,optimal
2021-02-12 00:00:00,50,103,2.0,0.0,0.0,0.046,10.584,6.0,-6,19.463627466368283,,7000.0,0.0,0.0,0.0,42.11738163357391,optimal
2021-02-12 00:30:00,50,103,2.0,0.0,5.0,0.1070666666666666,9.4185,6.0,-6,19.49731930790024,,3238.0,0.0,3762.0,0.0,44.45026425194034,optimal
2021-02-12 01:00:00,50,103,2.0,0.0,3.679979812898526,0.1528666666666666,10.3635,6.0,-6,19.45295214429204,,7000.0,0.0,0.0,0.0,46.15380439881519,optimal
2021-02-12 01:30:00,50,103,2.0,0.0,5.0,0.046,9.8385,6.0,-6,19.48894200328862,,7000.0,0.0,0.0,0.0,48.48265059441637,optimal
2021-02-12 02:00:00,50,103,2.0,0.0,0.0,0.1757666666666666,11.067,6.0,-6,19.522972669076392,,7000.0,0.0,0.0,0.0,48.434167943821954,optimal
2021-02-12 02:30:00,50,103,2.0,0.0,0.0,0.0841666666666666,10.8465,6.0,-6,19.560034258061464,,7000.0,0.0,0.0,0.0,48.38573377587813,optimal
2021-02-12 03:00:00,50,103,2.0,0.0,0.0,0.0994333333333333,13.671,6.0,-6,19.596360497858097,,7000.0,0.0,0.0,0.0,48.33734804210225,optimal
2021-02-12 03:30:00,50,103,2.0,0.0,0.0,0.1605,12.348,6.0,-6,19.634204311426867,,7000.0,0.0,0.0,0.0,48.28901069406015,optimal
2021-02-12 04:00:00,50,103,2.0,0.0,0.0,0.046,14.3325,6.0,-6,19.67633759581491,,7000.0,0.0,0.0,0.0,48.24072168336608,optimal
2021-02-12 04:30:00,50,103,2.0,0.0,0.0,0.046,15.393,6.0,-6,19.719045141122667,,7000.0,0.0,0.0,0.0,48.19248096168271,optimal
2021-02-12 05:00:00,50,103,2.0,0.0,0.0,0.2139333333333333,13.587,6.0,-6,19.764734613804677,,7000.0,0.0,0.0,0.0,48.144288480721016,optimal
2021-02-12 05:30:00,50,103,0.4016521518458421,0.0,0.0,0.046,16.1385,6.0,-6,19.81692755095376,,1405.7825314604472,0.0,0.0,0.0,48.096144192240295,optimal
2021-02-12 06:00:00,50,103,2.0,0.0,0.0,0.046,14.595,6.0,-6,19.75121742730434,,7000.0,0.0,0.0,0.0,48.048048048048045,optimal
2021-02-12 06:30:00,50,103,2.0,0.0,0.0,2.3179333333333334,14.637,6.0,-6,19.80719531497064,,7000.0,0.0,0.0,0.0,48.0,optimal
2021-02-12 07:00:00,50,103,2.0,0.0,0.0,0.8296666666666667,13.9125,6.0,-6,19.876675371371853,,7000.0,0.0,0.0,0.0,47.7754830560527,optimal
2021-02-12 07:30:00,50,103,2.0,0.0,0.0,0.1678666666666666,13.3665,6.0,-6,19.937716547574187,,7000.0,0.0,0.0,0.0,47.55119062904935,optimal
2021-02-12 08:00:00,50,103,2.0,0.0,0.0,0.1190666666666666,13.0095,6.0,-6,20.0,,4398.010182504247,0.0,2601.9898174957534,0.0,47.327122494473,optimal
2021-02-12 08:30:00,50,103,1.8253212579548836,0.0,0.0,0.1440666666666666,13.8915,6.0,-6,20.0,,6273.614220337845,0.0,115.01018250424674,0.0,47.10327842803123,optimal
2021-02-12 09:00:00,50,103,2.0,0.0,0.0,0.3013333333333333,13.188,6.0,-6,20.036329516492245,,7000.0,0.0,0.0,0.0,46.8796582056559,optimal
2021-02-12 09:30:00,50,103,2.0,0.0,0.0,0.0712,12.5685,6.0,-6,20.087364565417133,,7000.0,0.0,0.0,0.0,46.65626160350295,optimal
2021-02-12 10:00:00,50,103,2.0,0.0,0.0,0.2182666666666667,12.285,6.0,-6,20.142905831769863,,7000.0,0.0,0.0,0.0,46.43308839795215,optimal
2021-02-12 10:30:00,50,103,2.0,0.0,0.0,0.2934,11.487,6.0,-6,20.20902486244043,,7000.0,0.0,0.0,0.0,46.210138365606895,optimal
2021-02-12 11:00:00,50,103,2.0,0.0,0.0,0.1148333333333333,11.802,6.0,-6,20.27867523423019,,7000.0,0.0,0.0,0.0,45.98741128329399,optimal
2021-02-12 11:30:00,50,103,2.0,0.0,0.0,0.1563666666666666,11.2245,6.0,-6,20.347665229147434,,7000.0,0.0,0.0,0.0,45.7649069280634,optimal
2021-02-12 12:00:00,50,103,2.0,0.0,0.0,0.1914,11.025,6.0,-6,20.417162693981577,,7000.0,0.0,0.0,0.0,45.54262507718804,optimal
2021-02-12 12:30:00,50,103,2.0,0.0,0.0,0.8824666666666667,11.907,6.0,-6,20.48850764151477,,7000.0,0.0,0.0,0.0,45.32056550816355,optimal
2021-02-12 13:00:00,50,103,0.0,0.0,0.0,1.6782,25.83,6.0,-6,20.566448239778428,,0.0,0.0,0.0,0.0,45.098727998708085,optimal
2021-02-12 13:30:00,50,103,0.0,0.0,0.0,0.056,28.035,6.0,-6,20.509120847944764,,0.0,0.0,0.0,0.0,44.87711232676208,optimal
2021-02-12 14:00:00,50,103,0.0,0.0,0.0,0.2010333333333333,28.119,6.0,-6,20.422205635902703,,0.0,0.0,0.0,0.0,44.65571827048802,optimal
2021-02-12 14:30:00,50,103,0.0,0.0,0.0,0.0789,30.156,6.0,-6,20.338284072614066,,0.0,0.0,0.0,0.0,44.43454560827024,optimal
2021-02-12 15:00:00,50,103,0.0,0.0,0.0,0.056,29.1585,6.0,-6,20.25171861008434,,0.0,0.0,0.0,0.0,44.21359411871467,optimal
2021-02-12 15:30:00,50,103,0.0,0.0,0.0,0.2239333333333333,26.712,6.0,-6,20.16461014415901,,0.0,0.0,0.0,0.0,43.99286358064865,optimal
2021-02-12 16:00:00,50,103,0.0,0.0,0.0,0.186,15.435,6.0,-6,20.08075142444419,,0.0,0.0,0.0,0.0,43.77235377312071,optimal
2021-02-12 16:30:00,50,103,1.047871218453846,0.0,0.0,0.3782666666666666,13.566,6.0,-6,20.0,,3458.549264588461,0.0,209.0,0.0,43.552064475400286,optimal
2021-02-12 17:00:00,50,103,1.0674011182796124,0.0,0.0,1.836,12.789,6.0,-6,20.0,,3387.5705806453097,0.0,348.3333333333333,0.0,43.33199546697759,optimal
2021-02-12 17:30:00,50,103,1.9208931876412063,0.0,0.0,0.2128333333333333,12.1275,6.0,-6,20.0,,6723.126156744223,0.0,0.0,0.0,43.11214652756331,optimal
2021-02-12 18:00:00,50,103,0.0,0.0,0.0,0.3889333333333333,13.671,6.0,-6,20.070360371810104,,0.0,0.0,0.0,0.0,42.89251743708845,optimal
2021-02-12 18:30:00,50,103,2.0,0.0,0.0,0.2956333333333333,10.668,6.0,-6,20.0,,6393.815634700042,0.0,606.1843652999569,0.0,42.67310797570406,optimal
2021-02-12 19:00:00,50,103,0.0,0.0,0.0,0.4421,11.7285,6.0,-6,20.066233695295505,,0.0,0.0,0.0,0.0,42.63043486772836,optimal
2021-02-12 19:30:00,50,103,0.9257787622270404,0.0,0.0,0.519,11.025,6.0,-6,20.0,,2871.076699761265,0.0,369.1489680333763,0.0,42.58780443286064,optimal
2021-02-12 20:00:00,50,103,1.0234937770089552,0.0,0.0,0.6946666666666667,10.689,6.0,-6,20.0,,3024.8948861980093,0.0,557.3333333333333,0.0,42.545216628427774,optimal
2021-02-12 20:30:00,50,103,0.1194285714285714,0.0,0.0,1.5185,8.1585,6.0,-6,20.0,,0.0,0.0,418.0,0.0,42.50267141179935,optimal
2021-02-12 21:00:00,50,103,0.0,0.0,0.0,1.2788666666666666,10.3635,6.0,-6,19.93905930447174,,0.0,0.0,0.0,0.0,42.46016874038755,optimal
2021-02-12 21:30:00,50,103,0.0,0.0,0.0,1.9274333333333329,10.8045,6.0,-6,19.874520245911587,,0.0,0.0,0.0,0.0,42.41770857164716,optimal
2021-02-12 22:00:00,50,103,0.0,0.0,0.0,1.4529666666666667,11.025,6.0,-6,19.81124431513224,,0.0,0.0,0.0,0.0,42.37529086307551,optimal
2021-02-12 22:30:00,50,103,0.0,0.0,0.0,0.0865333333333333,10.3635,6.0,-6,19.742548873038587,,0.0,0.0,0.0,0.0,42.33291557221244,optimal
2021-02-12 23:00:00,50,103,0.0,0.0,0.0,0.056,10.8045,6.0,-6,19.65820732755945,,0.0,0.0,0.0,0.0,42.29058265664023,optimal
2021-02-12 23:30:00,50,103,0.0,0.0,0.0,0.2010333333333333,10.059,6.0,-6,19.573605673800632,,0.0,0.0,0.0,0.0,42.24829207398359,optimal
2021-02-13 00:00:00,50,103,2.0,0.0,5.0,0.056,7.056,6.0,1,19.573605673800632,,7000.0,0.0,0.0,0.0,44.5810437819096,optimal
2021-02-13 00:30:00,50,103,2.0,0.0,0.0,0.0659,9.3975,6.0,1,19.637040303046437,,1844.666666666667,0.0,5155.333333333333,0.0,44.53646273812769,optimal
2021-02-13 01:00:00,50,103,2.0,0.0,0.0,0.1244,10.059,6.0,1,19.59665091010608,,7000.0,0.0,0.0,0.0,44.49192627538956,optimal
2021-02-13 01:30:00,50,103,2.0,0.0,0.0,0.1971,9.261,6.0,1,19.66684731460377,,7000.0,0.0,0.0,0.0,44.44743434911417,optimal
2021-02-13 02:00:00,50,103,2.0,0.0,0.0,0.1950666666666666,8.1585,6.0,1,19.739712504564626,,7000.0,0.0,0.0,0.0,44.40298691476505,optimal
2021-02-13 02:30:00,50,103,2.0,0.0,0.0,0.1852666666666667,9.4815,6.0,1,19.81127689588735,,7000.0,0.0,0.0,0.0,44.35858392785028,optimal
2021-02-13 03:00:00,50,103,2.0,0.0,0.0,0.091,8.379,6.0,1,19.878170414734434,,7000.0,0.0,0.0,0.0,44.31422534392243,optimal
2021-02-13 03:30:00,50,103,2.0,0.0,0.0,0.2913333333333333,9.5235,6.0,1,19.95385213003797,,7000.0,0.0,0.0,0.0,44.269911118578506,optimal
2021-02-13 04:00:00,50,103,2.0,0.0,0.0,0.158,8.1375,6.0,1,20.03590749512139,,7000.0,0.0,0.0,0.0,44.22564120745993,optimal
2021-02-13 04:30:00,50,103,2.0,0.0,0.0,0.3996666666666666,10.0905,6.0,1,20.11204362716759,,7000.0,0.0,0.0,0.0,44.18141556625247,optimal
2021-02-13 05:00:00,50,103,2.0,0.0,5.0,1.3316,7.539,6.0,1,20.18903384414625,,7000.0,0.0,0.0,0.0,46.51223415068622,optimal
2021-02-13 05:30:00,50,103,2.0,0.0,3.635282200309845,0.057,7.938,6.0,1,20.26260616082553,,7000.0,0.0,0.0,0.0,48.19248096168271,optimal
2021-02-13 06:00:00,50,103,2.0,0.0,0.0,0.1476666666666666,8.274,6.0,1,20.318401040314,,7000.0,0.0,0.0,0.0,48.144288480721016,optimal
2021-02-13 06:30:00,50,103,2.0,0.0,0.0,1.1926,9.261,6.0,1,20.377644478353822,,7000.0,0.0,0.0,0.0,48.096144192240295,optimal
2021-02-13 07:00:00,50,103,2.0,0.0,0.0,0.3349333333333333,9.9225,6.0,1,20.44383664995295,,7000.0,0.0,0.0,0.0,48.048048048048045,optimal
2021-02-13 07:30:00,50,103,2.0,0.0,0.0,2.2428000000000003,9.702,6.0,1,20.52197876241043,,7000.0,0.0,0.0,0.0,48.0,optimal
2021-02-13 08:00:00,50,103,2.0,0.0,0.0,2.6374,10.584,6.0,1,20.62449830160965,,7000.0,0.0,0.0,0.0,47.74676130977191,optimal
2021-02-13 08:30:00,50,103,2.0,0.0,0.0,0.861,10.143,6.0,1,20.725780702539545,,7000.0,0.0,0.0,0.0,47.49377585823404,optimal
2021-02-13 09:00:00,50,103,0.0,0.0,0.0,0.057,13.0095,6.0,1,20.792780715171165,,0.0,0.0,0.0,0.0,47.24104339214771,optimal
2021-02-13 09:30:00,50,103,2.0,0.0,0.0,0.057,11.025,6.0,1,20.694373702340407,,7000.0,0.0,0.0,0.0,46.98856365852747,optimal
2021-02-13 10:00:00,50,103,0.0,0.0,0.0,0.057,12.789,6.0,1,20.74490015627836,,0.0,0.0,0.0,0.0,46.736336404640845,optimal
2021-02-13 10:30:00,50,103,2.0,0.0,0.0,0.057,12.1275,6.0,1,20.648978705694343,,7000.0,0.0,0.0,0.0,46.48436137800811,optimal
2021-02-13 11:00:00,50,103,2.0,0.0,0.0,0.057,12.1695,6.0,1,20.7010721091114,,7000.0,0.0,0.0,0.0,46.23263832640201,optimal
2021-02-13 11:30:00,50,103,0.1986862926544045,0.0,0.0,0.057,12.306,6.0,1,20.75315601769664,,695.4020242904157,0.0,0.0,0.0,45.98116699784752,optimal
2021-02-13 12:00:00,50,103,0.0,0.0,0.0,0.0633333333333333,13.23,6.0,1,20.672516113786504,,0.0,0.0,0.0,0.0,45.729947140621576,optimal
2021-02-13 12:30:00,50,103,0.0,0.0,0.0,0.0613333333333333,13.671,6.0,1,20.57783038640576,,0.0,0.0,0.0,0.0,45.47897850325286,optimal
2021-02-13 13:00:00,50,103,0.0,0.0,0.0,0.057,13.9335,6.0,1,20.48402788641597,,0.0,0.0,0.0,0.0,45.22826083452152,optimal
2021-02-13 13:30:00,50,103,0.0,0.0,0.0,0.057,13.293,6.0,1,20.391104607316,,0.0,0.0,0.0,0.0,44.9777938834589,optimal
2021-02-13 14:00:00,50,103,2.0,0.0,0.0,0.057,12.1065,6.0,1,20.29905655993819,,7000.0,0.0,0.0,0.0,44.72757739934735,optimal
2021-02-13 14:30:00,50,103,2.0,0.0,0.0,0.057,11.571,6.0,1,20.35523262659318,,7000.0,0.0,0.0,0.0,44.477611131719904,optimal
2021-02-13 15:00:00,50,103,2.0,0.0,0.0,0.057,11.025,6.0,1,20.411607508532832,,7000.0,0.0,0.0,0.0,44.22789483036009,optimal
2021-02-13 15:30:00,50,103,2.0,0.0,0.0,0.0633333333333333,10.8465,6.0,1,20.468180302362573,,7000.0,0.0,0.0,0.0,43.97842824530164,optimal
2021-02-13 16:00:00,50,103,2.0,0.0,0.0,0.067,11.2455,6.0,1,20.524042775091484,,7000.0,0.0,0.0,0.0,43.72921112682825,optimal
2021-02-13 16:30:00,50,103,0.0,0.0,0.0,0.9955666666666668,23.8665,6.0,1,20.57919814761983,,0.0,0.0,0.0,0.0,43.48024322547332,optimal
2021-02-13 17:00:00,50,103,0.0,0.0,0.0,1.417,27.4575,6.0,1,20.50365686758037,,0.0,0.0,0.0,0.0,43.23152429201976,optimal
2021-02-13 17:30:00,50,103,0.0,0.0,0.0,1.0991,27.3735,6.0,1,20.425938418783275,,0.0,0.0,0.0,0.0,42.983054077499645,optimal
2021-02-13 18:00:00,50,103,0.0,0.0,0.0,0.343,30.4605,6.0,1,20.347273220606333,,0.0,0.0,0.0,0.0,42.73483233319405,optimal
2021-02-13 18:30:00,50,103,0.0,0.0,0.0,0.2465999999999999,30.0195,6.0,1,20.267628659179547,,0.0,0.0,0.0,0.0,42.48685881063276,optimal
2021-02-13 19:00:00,50,103,0.0,0.0,0.0,0.067,26.9325,6.0,1,20.184068487262184,,0.0,0.0,0.0,0.0,42.239133261594034,optimal
2021-02-13 19:30:00,50,103,0.0,0.0,0.0,0.067,14.595,6.0,1,20.092052353766015,,0.0,0.0,0.0,0.0,41.991655438104345,optimal
2021-02-13 20:00:00,50,103,1.1959985389137011,0.0,0.0,0.1553333333333333,12.4845,6.0,1,20.0,,4185.994886197955,0.0,0.0,0.0,41.74442509243815,optimal
2021-02-13 20:30:00,50,103,0.0,0.0,0.0,0.3263999999999999,12.1275,6.0,1,20.0,,0.0,0.0,0.0,0.0,41.49744197711762,optimal
2021-02-13 21:00:00,50,103,0.0,0.0,0.0,0.4033333333333333,12.1275,6.0,1,19.926501907100764,,0.0,0.0,0.0,0.0,41.25070584491241,optimal
2021-02-13 21:30:00,50,103,0.0,0.0,0.0,0.4620666666666667,12.789,6.0,1,19.85804201788088,,0.0,0.0,0.0,0.0,41.00421644883941,optimal
2021-02-13 22:00:00,50,103,0.0,0.0,0.0,0.1859333333333333,11.907,6.0,1,19.78278870709158,,0.0,0.0,0.0,0.0,40.75797354216248,optimal
2021-02-13 22:30:00,50,103,0.0398095238095238,0.0,0.0,0.2352666666666666,11.025,6.0,1,19.706309753265803,,0.0,0.0,139.33333333333331,0.0,40.71721556862031,optimal
2021-02-13 23:00:00,50,103,0.0,0.0,0.0,0.067,8.2005,6.0,1,19.629120519458127,,0.0,0.0,0.0,0.0,40.67649835305169,optimal
2021-02-13 23:30:00,50,103,0.0,0.0,0.0,0.064,9.5655,6.0,1,19.545787609326613,,0.0,0.0,0.0,0.0,40.63582185469864,optimal
