time,run,dwelling_id,hp_elec_kw,boiler_gas_kw,ev_charge_kw,appliance_kw,solve_status
2021-02-07 00:00:00,1,91,0.0,0.0,0.0,0.066,optimal
2021-02-07 00:30:00,1,91,0.0,0.0,0.0,0.066,optimal
2021-02-07 01:00:00,1,91,0.0,0.0,0.0,0.066,optimal
2021-02-07 01:30:00,1,91,0.0,0.0,0.0,0.066,optimal
2021-02-07 02:00:00,1,91,0.0,0.0,0.0,0.066,optimal
2021-02-07 02:30:00,1,91,0.0,0.0,0.0,0.066,optimal
2021-02-07 03:00:00,1,91,0.0,0.0,0.0,0.066,optimal
2021-02-07 03:30:00,1,91,0.0,0.0,0.0,0.066,optimal
2021-02-07 04:00:00,1,91,2.2857142857142856,0.0,0.0,0.066,optimal
2021-02-07 04:30:00,1,91,2.2857142857142856,0.0,0.0,0.066,optimal
2021-02-07 05:00:00,1,91,2.2857142857142856,0.0,0.0,0.066,optimal
2021-02-07 05:30:00,1,91,2.2857142857142856,0.0,0.0,0.066,optimal
2021-02-07 06:00:00,1,91,2.2857142857142856,0.0,0.0,0.066,optimal
2021-02-07 06:30:00,1,91,2.2857142857142856,0.0,1.4055777348378222,0.06933333333333333,optimal
2021-02-07 07:00:00,1,91,2.2857142857142856,0.0,0.0,0.074,optimal
2021-02-07 07:30:00,1,91,0.0,0.0,0.0,0.15380000000000002,optimal
2021-02-07 08:00:00,1,91,0.0,0.0,0.0,0.16226666666666667,optimal
2021-02-07 08:30:00,1,91,0.0,0.0,0.0,0.3478,optimal
2021-02-07 09:00:00,1,91,0.0,0.0,0.0,4.3372,optimal
2021-02-07 09:30:00,1,91,0.18691230996797528,0.0,0.0,2.8696333333333333,optimal
2021-02-07 10:00:00,1,91,0.9428626324837407,0.0,0.0,0.2852,optimal
2021-02-07 10:30:00,1,91,0.9418691859037811,0.0,0.0,0.3316,optimal
2021-02-07 11:00:00,1,91,0.7851487801982224,0.0,0.0,0.3901,optimal
2021-02-07 11:30:00,1,91,0.8155259230553555,0.0,0.0,0.2035,optimal
2021-02-07 12:00:00,1,91,0.7057435561484465,0.0,0.0,0.25606666666666666,optimal
2021-02-07 12:30:00,1,91,0.7067054609103519,0.0,0.0,0.2627,optimal
2021-02-07 13:00:00,1,91,2.2857142857142856,0.0,0.0,0.49310000000000004,optimal
2021-02-07 13:30:00,1,91,2.2857142857142856,0.0,0.0,0.39576666666666666,optimal
2021-02-07 14:00:00,1,91,2.2857142857142856,0.0,0.0,0.17373333333333332,optimal
2021-02-07 14:30:00,1,91,2.2857142857142856,0.0,0.0,0.228,optimal
2021-02-07 15:00:00,1,91,2.2857142857142856,0.0,0.0,0.22616666666666663,optimal
2021-02-07 15:30:00,1,91,2.2857142857142856,0.0,0.0,0.12043333333333334,optimal
2021-02-07 16:00:00,1,91,0.0,0.0,0.0,0.076,optimal
2021-02-07 16:30:00,1,91,0.0,0.0,0.0,0.076,optimal
2021-02-07 17:00:00,1,91,0.0,0.0,0.0,0.076,optimal
2021-02-07 17:30:00,1,91,0.0,0.0,0.0,0.076,optimal
2021-02-07 18:00:00,1,91,0.0,0.0,0.0,0.076,optimal
2021-02-07 18:30:00,1,91,0.0,0.0,0.0,0.076,optimal
2021-02-07 19:00:00,1,91,0.0,0.0,0.0,0.076,optimal
2021-02-07 19:30:00,1,91,0.8247892314918374,0.0,0.0,0.076,optimal
2021-02-07 20:00:00,1,91,1.2423307044353156,0.0,0.0,0.076,optimal
2021-02-07 20:30:00,1,91,0.0,0.0,0.0,0.076,optimal
2021-02-07 21:00:00,1,91,0.0,0.0,0.0,0.076,optimal
2021-02-07 21:30:00,1,91,0.0,0.0,0.0,0.076,optimal
2021-02-07 22:00:00,1,91,0.0,0.0,0.0,0.076,optimal
2021-02-07 22:30:00,1,91,0.0,0.0,0.0,0.076,optimal
2021-02-07 23:00:00,1,91,0.0,0.0,0.0,0.217,optimal
2021-02-07 23:30:00,1,91,0.0,0.0,0.0,0.076,optimal
2021-02-08 00:00:00,1,91,0.0,0.0,0.0,0.11053333333333332,optimal
2021-02-08 00:30:00,1,91,0.8758095238095238,0.0,0.0,0.14393333333333333,optimal
2021-02-08 01:00:00,1,91,0.0,0.0,0.0,0.05,optimal
2021-02-08 01:30:00,1,91,0.0,0.0,0.0,0.17476666666666668,optimal
2021-02-08 02:00:00,1,91,0.07820018475559737,0.0,0.0,0.1231,optimal
2021-02-08 02:30:00,1,91,2.2857142857142856,0.0,0.0,0.05,optimal
2021-02-08 03:00:00,1,91,2.2857142857142856,0.0,0.0,0.11059999999999999,optimal
2021-02-08 03:30:00,1,91,2.2857142857142856,0.0,0.0,0.1872666666666667,optimal
2021-02-08 04:00:00,1,91,2.2857142857142856,0.0,0.0,0.06186666666666667,optimal
2021-02-08 04:30:00,1,91,2.2857142857142856,0.0,0.0,0.22943333333333332,optimal
2021-02-08 05:00:00,1,91,2.2857142857142856,0.0,0.0,0.05656666666666667,optimal
2021-02-08 05:30:00,1,91,2.2857142857142856,0.0,0.0,0.05,optimal
2021-02-08 06:00:00,1,91,2.2857142857142856,0.0,0.0,0.24786666666666668,optimal
2021-02-08 06:30:00,1,91,2.2857142857142856,0.0,5.693858121737537,0.05,optimal
2021-02-08 07:00:00,1,91,2.2857142857142856,0.0,10.0,0.25939999999999996,optimal
2021-02-08 07:30:00,1,91,2.2857142857142856,0.0,0.0,1.601233333333333,optimal
2021-02-08 08:00:00,1,91,1.0845186243923162,0.0,0.0,0.20566666666666664,optimal
2021-02-08 08:30:00,1,91,1.0665975587647194,0.0,0.0,0.27593333333333336,optimal
2021-02-08 09:00:00,1,91,0.8777139281680711,0.0,0.0,0.5166333333333333,optimal
2021-02-08 09:30:00,1,91,0.9114955266094574,0.0,0.0,0.186,optimal
2021-02-08 10:00:00,1,91,0.7418004628759396,0.0,0.0,0.186,optimal
2021-02-08 10:30:00,1,91,0.7184645787202647,0.0,0.0,0.41403333333333336,optimal
2021-02-08 11:00:00,1,91,0.6796171808649866,0.0,0.0,0.1322333333333333,optimal
2021-02-08 11:30:00,1,91,0.6933858655402153,0.0,0.0,0.06,optimal
2021-02-08 12:00:00,1,91,0.5509737863429024,0.0,0.0,0.2513,optimal
2021-02-08 12:30:00,1,91,0.5891682985504784,0.0,0.0,0.06953333333333334,optimal
2021-02-08 13:00:00,1,91,2.2857142857142856,0.0,0.0,0.16296666666666668,optimal
2021-02-08 13:30:00,1,91,2.2857142857142856,0.0,0.0,0.15193333333333334,optimal
2021-02-08 14:00:00,1,91,2.2857142857142856,0.0,0.0,0.105,optimal
2021-02-08 14:30:00,1,91,2.2857142857142856,0.0,0.0,1.1976333333333335,optimal
2021-02-08 15:00:00,1,91,2.2857142857142856,0.0,0.0,1.5090666666666666,optimal
2021-02-08 15:30:00,1,91,2.2857142857142856,0.0,0.0,0.6733,optimal
2021-02-08 16:00:00,1,91,0.0,0.0,0.0,1.6068,optimal
2021-02-08 16:30:00,1,91,0.0,0.0,0.0,0.542,optimal
2021-02-08 17:00:00,1,91,0.0,0.0,0.0,0.40526666666666666,optimal
2021-02-08 17:30:00,1,91,0.0,0.0,0.0,0.5114666666666666,optimal
2021-02-08 18:00:00,1,91,0.0,0.0,0.0,0.12313333333333334,optimal
2021-02-08 18:30:00,1,91,0.0,0.0,0.0,0.12906666666666666,optimal
2021-02-08 19:00:00,1,91,0.0,0.0,0.0,0.16506666666666667,optimal
2021-02-08 19:30:00,1,91,0.0,0.0,0.0,0.06,optimal
2021-02-08 20:00:00,1,91,0.43846503625683214,0.0,0.0,0.1134,optimal
2021-02-08 20:30:00,1,91,0.0,0.0,0.0,0.0994,optimal
2021-02-08 21:00:00,1,91,0.0,0.0,0.0,0.16506666666666667,optimal
2021-02-08 21:30:00,1,91,0.0,0.0,0.0,0.06,optimal
2021-02-08 22:00:00,1,91,0.597142857142857,0.0,0.0,0.5046333333333334,optimal
2021-02-08 22:30:00,1,91,0.0,0.0,0.0,0.5431,optimal
2021-02-08 23:00:00,1,91,0.0,0.0,0.0,0.41236666666666666,optimal
2021-02-08 23:30:00,1,91,0.0,0.0,0.0,0.36033333333333334,optimal
2021-02-09 00:00:00,1,91,0.0,0.0,0.0,0.173,optimal
2021-02-09 00:30:00,1,91,0.17914285714285713,0.0,0.0,0.13866666666666666,optimal
2021-02-09 01:00:00,1,91,0.0,0.0,0.0,0.11193333333333334,optimal
2021-02-09 01:30:00,1,91,0.0,0.0,0.0,0.3356,optimal
2021-02-09 02:00:00,1,91,0.9014532033104068,0.0,0.0,0.09566666666666669,optimal
2021-02-09 02:30:00,1,91,2.2857142857142856,0.0,0.0,0.24866666666666662,optimal
2021-02-09 03:00:00,1,91,2.2857142857142856,0.0,0.0,0.153,optimal
2021-02-09 03:30:00,1,91,2.2857142857142856,0.0,0.0,0.20076666666666668,optimal
2021-02-09 04:00:00,1,91,2.2857142857142856,0.0,6.298844178414332,1.3753666666666666,optimal
2021-02-09 04:30:00,1,91,2.2857142857142856,0.0,0.0,0.0697,optimal
2021-02-09 05:00:00,1,91,2.2857142857142856,0.0,0.0,0.1461,optimal
2021-02-09 05:30:00,1,91,2.2857142857142856,0.0,0.0,0.3071666666666667,optimal
2021-02-09 06:00:00,1,91,2.2857142857142856,0.0,0.0,0.1351,optimal
2021-02-09 06:30:00,1,91,2.2857142857142856,0.0,0.0,0.2035,optimal
2021-02-09 07:00:00,1,91,2.2857142857142856,0.0,0.0,0.21146666666666666,optimal
2021-02-09 07:30:00,1,91,2.2857142857142856,0.0,0.0,0.2068,optimal
2021-02-09 08:00:00,1,91,1.3201718908867872,0.0,0.0,0.22466666666666663,optimal
2021-02-09 08:30:00,1,91,1.3467249178996026,0.0,0.0,0.09566666666666669,optimal
2021-02-09 09:00:00,1,91,1.193022782106525,0.0,0.0,0.08993333333333334,optimal
2021-02-09 09:30:00,1,91,1.1045383599416985,0.0,0.0,0.3275,optimal
2021-02-09 10:00:00,1,91,0.8933333340367295,0.0,0.0,0.1257666666666667,optimal
2021-02-09 10:30:00,1,91,0.8786169504866802,0.0,0.0,0.11716666666666668,optimal
2021-02-09 11:00:00,1,91,0.5755815662308468,0.0,0.0,0.30743333333333334,optimal
2021-02-09 11:30:00,1,91,0.6326516228541652,0.0,0.0,0.09566666666666669,optimal
2021-02-09 12:00:00,1,91,0.41349348506578104,0.0,0.0,0.2845,optimal
2021-02-09 12:30:00,1,91,0.4499948570138714,0.0,0.0,0.16876666666666668,optimal
2021-02-09 13:00:00,1,91,2.2857142857142856,0.0,0.0,0.2085,optimal
2021-02-09 13:30:00,1,91,2.2857142857142856,0.0,0.0,0.2447666666666667,optimal
2021-02-09 14:00:00,1,91,2.2857142857142856,0.0,0.0,0.067,optimal
2021-02-09 14:30:00,1,91,2.2857142857142856,0.0,0.0,0.3587666666666667,optimal
2021-02-09 15:00:00,1,91,2.2857142857142856,0.0,0.0,0.0945,optimal
2021-02-09 15:30:00,1,91,2.2857142857142856,0.0,0.0,0.2189333333333333,optimal
2021-02-09 16:00:00,1,91,0.0,0.0,0.0,0.22333333333333327,optimal
2021-02-09 16:30:00,1,91,0.0,0.0,0.0,0.078,optimal
2021-02-09 17:00:00,1,91,0.0,0.0,0.0,0.2821,optimal
2021-02-09 17:30:00,1,91,0.0,0.0,0.0,0.17116666666666666,optimal
2021-02-09 18:00:00,1,91,0.0,0.0,0.0,0.4705,optimal
2021-02-09 18:30:00,1,91,0.0,0.0,0.0,0.36019999999999996,optimal
2021-02-09 19:00:00,1,91,0.0,0.0,0.0,0.27113333333333334,optimal
2021-02-09 19:30:00,1,91,0.0,0.0,0.0,0.4613333333333333,optimal
2021-02-09 20:00:00,1,91,0.3406938404580557,0.0,0.0,0.35336666666666666,optimal
2021-02-09 20:30:00,1,91,0.0,0.0,0.0,0.42456666666666665,optimal
2021-02-09 21:00:00,1,91,0.0,0.0,0.0,1.3358333333333332,optimal
2021-02-09 21:30:00,1,91,0.0,0.0,0.0,0.2223333333333333,optimal
2021-02-09 22:00:00,1,91,0.0,0.0,0.0,0.3181333333333333,optimal
2021-02-09 22:30:00,1,91,0.0,0.0,0.0,0.5246333333333333,optimal
2021-02-09 23:00:00,1,91,0.0,0.0,0.0,0.7732,optimal
2021-02-09 23:30:00,1,91,0.0,0.0,0.0,0.40236666666666665,optimal
2021-02-10 00:00:00,1,91,0.0,0.0,0.0,0.058,optimal
2021-02-10 00:30:00,1,91,0.7165714285714285,0.0,0.0,0.058,optimal
2021-02-10 01:00:00,1,91,0.0,0.0,0.0,0.12279999999999999,optimal
2021-02-10 01:30:00,1,91,0.0,0.0,0.0,0.058,optimal
2021-02-10 02:00:00,1,91,1.1153587074426832,0.0,0.0,0.1192,optimal
2021-02-10 02:30:00,1,91,2.2857142857142856,0.0,0.0,0.0616,optimal
2021-02-10 03:00:00,1,91,2.2857142857142856,0.0,0.0,0.1156,optimal
2021-02-10 03:30:00,1,91,2.2857142857142856,0.0,0.0,0.06520000000000001,optimal
2021-02-10 04:00:00,1,91,2.2857142857142856,0.0,0.0,0.058,optimal
2021-02-10 04:30:00,1,91,2.2857142857142856,0.0,0.0,0.068,optimal
2021-02-10 05:00:00,1,91,2.2857142857142856,0.0,0.0,0.058,optimal
2021-02-10 05:30:00,1,91,2.2857142857142856,0.0,0.0,0.12279999999999999,optimal
2021-02-10 06:00:00,1,91,2.2857142857142856,0.0,0.0,0.058,optimal
2021-02-10 06:30:00,1,91,2.2857142857142856,0.0,9.445791960837234,0.058,optimal
2021-02-10 07:00:00,1,91,2.2857142857142856,0.0,10.0,0.1298,optimal
2021-02-10 07:30:00,1,91,2.2857142857142856,0.0,0.0,0.16936666666666667,optimal
2021-02-10 08:00:00,1,91,1.2165079961246361,0.0,0.0,0.30519999999999997,optimal
2021-02-10 08:30:00,1,91,1.2595596511893608,0.0,0.0,0.12906666666666666,optimal
2021-02-10 09:00:00,1,91,1.0951926356518766,0.0,0.0,0.0835,optimal
2021-02-10 09:30:00,1,91,1.1864061954784917,0.0,0.0,0.058,optimal
2021-02-10 10:00:00,1,91,0.910486704591874,0.0,0.0,0.058,optimal
2021-02-10 10:30:00,1,91,0.8909254458904127,0.0,0.0,0.09973333333333333,optimal
2021-02-10 11:00:00,1,91,0.6993261860625254,0.0,0.0,0.09040000000000001,optimal
2021-02-10 11:30:00,1,91,0.6873139183567919,0.0,0.0,0.10840000000000001,optimal
2021-02-10 12:00:00,1,91,0.4048696843601888,0.0,0.0,0.07906666666666666,optimal
2021-02-10 12:30:00,1,91,0.33366016055066855,0.0,0.0,0.1693,optimal
2021-02-10 13:00:00,1,91,1.3895567029961151,0.0,0.0,0.3608,optimal
2021-02-10 13:30:00,1,91,2.2857142857142856,0.0,0.0,0.3876,optimal
2021-02-10 14:00:00,1,91,2.2857142857142856,0.0,0.0,0.2388,optimal
2021-02-10 14:30:00,1,91,2.2857142857142856,0.0,0.0,0.30169999999999997,optimal
2021-02-10 15:00:00,1,91,2.2857142857142856,0.0,0.0,0.3731333333333333,optimal
2021-02-10 15:30:00,1,91,2.2857142857142856,0.0,0.0,0.1215,optimal
2021-02-10 16:00:00,1,91,0.0,0.0,0.0,0.20826666666666668,optimal
2021-02-10 16:30:00,1,91,0.0,0.0,0.0,0.37210000000000004,optimal
2021-02-10 17:00:00,1,91,0.0,0.0,0.0,0.3941,optimal
2021-02-10 17:30:00,1,91,0.0,0.0,0.0,0.5237666666666666,optimal
2021-02-10 18:00:00,1,91,0.0,0.0,0.0,0.4775,optimal
2021-02-10 18:30:00,1,91,0.0,0.0,0.0,0.5000333333333333,optimal
2021-02-10 19:00:00,1,91,0.0,0.0,0.0,0.6033,optimal
2021-02-10 19:30:00,1,91,0.0,0.0,0.0,0.5805333333333333,optimal
2021-02-10 20:00:00,1,91,0.0,0.0,0.0,0.9404,optimal
2021-02-10 20:30:00,1,91,0.0,0.0,0.0,0.7331333333333333,optimal
2021-02-10 21:00:00,1,91,0.0,0.0,0.0,0.5446666666666666,optimal
2021-02-10 21:30:00,1,91,0.0,0.0,0.0,0.4299,optimal
2021-02-10 22:00:00,1,91,0.0,0.0,0.0,0.40673333333333334,optimal
2021-02-10 22:30:00,1,91,0.0796190476190476,0.0,0.0,0.4068,optimal
2021-02-10 23:00:00,1,91,0.0,0.0,0.0,0.0968,optimal
2021-02-10 23:30:00,1,91,0.0,0.0,0.0,0.11120000000000001,optimal
2021-02-11 00:00:00,1,91,0.0,0.0,0.0,0.1575,optimal
2021-02-11 00:30:00,1,91,1.3933333333333335,0.0,0.0,0.43546666666666656,optimal
2021-02-11 01:00:00,1,91,0.22157700813355863,0.0,0.0,0.3434333333333333,optimal
2021-02-11 01:30:00,1,91,2.2857142857142856,0.0,0.0,0.23286666666666667,optimal
2021-02-11 02:00:00,1,91,2.2857142857142856,0.0,0.0,0.2762,optimal
2021-02-11 02:30:00,1,91,2.2857142857142856,0.0,0.0,0.055,optimal
2021-02-11 03:00:00,1,91,2.2857142857142856,0.0,0.0,0.22393333333333332,optimal
2021-02-11 03:30:00,1,91,2.2857142857142856,0.0,0.0,0.1803333333333333,optimal
2021-02-11 04:00:00,1,91,2.2857142857142856,0.0,0.0,0.067,optimal
2021-02-11 04:30:00,1,91,2.2857142857142856,0.0,1.5727212485638564,0.28926666666666667,optimal
2021-02-11 05:00:00,1,91,2.2857142857142856,0.0,10.0,0.4174,optimal
2021-02-11 05:30:00,1,91,2.2857142857142856,0.0,0.0,0.5102666666666666,optimal
2021-02-11 06:00:00,1,91,2.2857142857142856,0.0,0.0,1.2639666666666667,optimal
2021-02-11 06:30:00,1,91,2.2857142857142856,0.0,0.0,0.23413333333333333,optimal
2021-02-11 07:00:00,1,91,2.2857142857142856,0.0,0.0,0.1194,optimal
2021-02-11 07:30:00,1,91,2.2857142857142856,0.0,0.0,0.35819999999999996,optimal
2021-02-11 08:00:00,1,91,1.525192765606616,0.0,0.0,0.065,optimal
2021-02-11 08:30:00,1,91,1.4738587862128456,0.0,0.0,0.2807333333333333,optimal
2021-02-11 09:00:00,1,91,1.333060874522451,0.0,0.0,0.15553333333333333,optimal
2021-02-11 09:30:00,1,91,1.2381156002349518,0.0,0.0,0.09113333333333334,optimal
2021-02-11 10:00:00,1,91,0.771258397301268,0.0,0.0,0.2546,optimal
2021-02-11 10:30:00,1,91,0.8574081940118604,0.0,0.0,0.09733333333333331,optimal
2021-02-11 11:00:00,1,91,0.5242804610096534,0.0,0.0,0.31039999999999995,optimal
2021-02-11 11:30:00,1,91,0.2866703579785475,0.0,0.0,2.040966666666667,optimal
2021-02-11 12:00:00,1,91,0.24575822741271403,0.0,0.0,0.35996666666666666,optimal
2021-02-11 12:30:00,1,91,0.20685563018257133,0.0,0.0,0.3445666666666667,optimal
2021-02-11 13:00:00,1,91,2.2857142857142856,0.0,0.0,1.2650666666666666,optimal
2021-02-11 13:30:00,1,91,2.2857142857142856,0.0,0.0,0.6881,optimal
2021-02-11 14:00:00,1,91,2.2857142857142856,0.0,0.0,0.46623333333333333,optimal
2021-02-11 14:30:00,1,91,2.2857142857142856,0.0,0.0,0.24659999999999999,optimal
2021-02-11 15:00:00,1,91,2.2857142857142856,0.0,0.0,0.30846666666666667,optimal
2021-02-11 15:30:00,1,91,2.2857142857142856,0.0,0.0,1.1039666666666668,optimal
2021-02-11 16:00:00,1,91,0.0,0.0,0.0,0.20513333333333333,optimal
2021-02-11 16:30:00,1,91,0.0,0.0,0.0,0.2067333333333333,optimal
2021-02-11 17:00:00,1,91,0.0,0.0,0.0,0.3749333333333333,optimal
2021-02-11 17:30:00,1,91,0.0,0.0,0.0,0.2967666666666667,optimal
2021-02-11 18:00:00,1,91,0.0,0.0,0.0,0.2918,optimal
2021-02-11 18:30:00,1,91,0.0,0.0,0.0,0.7031666666666666,optimal
2021-02-11 19:00:00,1,91,0.0,0.0,0.0,0.11093333333333334,optimal
2021-02-11 19:30:00,1,91,0.0,0.0,0.0,0.34346666666666664,optimal
2021-02-11 20:00:00,1,91,0.8412943485916787,0.0,0.0,0.2455,optimal
2021-02-11 20:30:00,1,91,0.0,0.0,0.0,0.3589333333333333,optimal
2021-02-11 21:00:00,1,91,0.0,0.0,0.0,0.5019333333333332,optimal
2021-02-11 21:30:00,1,91,0.0,0.0,0.0,0.7874333333333333,optimal
2021-02-11 22:00:00,1,91,0.17914285714285713,0.0,0.0,0.6883333333333334,optimal
2021-02-11 22:30:00,1,91,0.0,0.0,0.0,0.6093999999999999,optimal
2021-02-11 23:00:00,1,91,0.0,0.0,0.0,0.48836666666666667,optimal
2021-02-11 23:30:00,1,91,0.0,0.0,0.0,0.1426,optimal
2021-02-12 00:00:00,1,91,0.0,0.0,0.0,0.056,optimal
2021-02-12 00:30:00,1,91,2.2857142857142856,0.0,0.0,0.056,optimal
2021-02-12 01:00:00,1,91,2.2857142857142856,0.0,0.0,0.15093333333333334,optimal
2021-02-12 01:30:00,1,91,2.2857142857142856,0.0,0.0,0.0916,optimal
2021-02-12 02:00:00,1,91,2.2857142857142856,0.0,0.0,0.056,optimal
2021-02-12 02:30:00,1,91,2.2857142857142856,0.0,0.0,0.056,optimal
2021-02-12 03:00:00,1,91,2.2857142857142856,0.0,0.0,0.18653333333333333,optimal
2021-02-12 03:30:00,1,91,2.2857142857142856,0.0,0.0,0.056,optimal
2021-02-12 04:00:00,1,91,2.2857142857142856,0.0,0.0,0.12126666666666668,optimal
2021-02-12 04:30:00,1,91,2.2857142857142856,0.0,0.0,0.1206,optimal
2021-02-12 05:00:00,1,91,2.2857142857142856,0.0,0.0,0.056,optimal
2021-02-12 05:30:00,1,91,2.2857142857142856,0.0,0.0,0.146,optimal
2021-02-12 06:00:00,1,91,2.2857142857142856,0.0,0.0,0.10653333333333331,optimal
2021-02-12 06:30:00,1,91,2.2857142857142856,0.0,0.8618631479971316,0.056,optimal
2021-02-12 07:00:00,1,91,2.2857142857142856,0.0,10.0,0.1502666666666667,optimal
2021-02-12 07:30:00,1,91,2.2857142857142856,0.0,0.0,1.1057000000000001,optimal
2021-02-12 08:00:00,1,91,2.2857142857142856,0.0,0.0,0.06916666666666667,optimal
2021-02-12 08:30:00,1,91,2.026828556792699,0.0,0.0,0.09626666666666668,optimal
2021-02-12 09:00:00,1,91,1.3424637304518547,0.0,0.0,0.1596,optimal
2021-02-12 09:30:00,1,91,1.2853176504494843,0.0,0.0,0.066,optimal
2021-02-12 10:00:00,1,91,0.8157919379102522,0.0,0.0,0.18466666666666662,optimal
2021-02-12 10:30:00,1,91,0.818828581373027,0.0,0.0,0.07786666666666665,optimal
2021-02-12 11:00:00,1,91,0.5548739940414043,0.0,0.0,0.066,optimal
2021-02-12 11:30:00,1,91,0.5514392887599654,0.0,0.0,0.066,optimal
2021-02-12 12:00:00,1,91,0.4553611133269081,0.0,0.0,0.07786666666666665,optimal
2021-02-12 12:30:00,1,91,0.2928787889978484,0.0,0.0,0.789,optimal
2021-02-12 13:00:00,1,91,2.2857142857142856,0.0,0.0,2.4218,optimal
2021-02-12 13:30:00,1,91,2.2857142857142856,0.0,0.0,1.9481666666666668,optimal
2021-02-12 14:00:00,1,91,2.2857142857142856,0.0,0.0,0.064,optimal
2021-02-12 14:30:00,1,91,2.2857142857142856,0.0,0.0,0.1886,optimal
2021-02-12 15:00:00,1,91,2.2857142857142856,0.0,0.0,0.07193333333333334,optimal
2021-02-12 15:30:00,1,91,2.2857142857142856,0.0,0.0,0.12533333333333332,optimal
2021-02-12 16:00:00,1,91,0.0,0.0,0.0,0.14193333333333333,optimal
2021-02-12 16:30:00,1,91,0.0,0.0,0.0,0.19653333333333334,optimal
2021-02-12 17:00:00,1,91,0.0,0.0,0.0,0.2627,optimal
2021-02-12 17:30:00,1,91,0.0,0.0,0.0,0.1372,optimal
2021-02-12 18:00:00,1,91,0.0,0.0,0.0,0.066,optimal
2021-02-12 18:30:00,1,91,0.0,0.0,0.0,0.19653333333333334,optimal
2021-02-12 19:00:00,1,91,0.0,0.0,0.0,0.066,optimal
2021-02-12 19:30:00,1,91,0.0,0.0,0.0,0.09566666666666669,optimal
2021-02-12 20:00:00,1,91,0.8249880671416213,0.0,0.0,0.23433333333333328,optimal
2021-02-12 20:30:00,1,91,0.0,0.0,0.0,1.2107,optimal
2021-02-12 21:00:00,1,91,0.0,0.0,0.0,0.2238,optimal
2021-02-12 21:30:00,1,91,0.0,0.0,0.0,0.12833333333333335,optimal
2021-02-12 22:00:00,1,91,0.0,0.0,0.0,0.066,optimal
2021-02-12 22:30:00,1,91,0.0,0.0,0.0,0.19653333333333334,optimal
2021-02-12 23:00:00,1,91,0.09952380952380951,0.0,0.0,1.0779,optimal
2021-02-12 23:30:00,1,91,0.0,0.0,0.0,0.10743333333333334,optimal
2021-02-13 00:00:00,1,91,0.0,0.0,0.0,0.129,optimal
2021-02-13 00:30:00,1,91,0.4976190476190476,0.0,0.0,0.077,optimal
2021-02-13 01:00:00,1,91,0.0,0.0,0.0,0.064,optimal
2021-02-13 01:30:00,1,91,0.5562251036370183,0.0,0.0,0.064,optimal
2021-02-13 02:00:00,1,91,2.2857142857142856,0.0,0.0,0.064,optimal
2021-02-13 02:30:00,1,91,2.2857142857142856,0.0,0.0,0.064,optimal
2021-02-13 03:00:00,1,91,2.2857142857142856,0.0,0.0,0.142,optimal
2021-02-13 03:30:00,1,91,2.2857142857142856,0.0,0.0,0.06833333333333333,optimal
2021-02-13 04:00:00,1,91,2.2857142857142856,0.0,0.0,0.13766666666666666,optimal
2021-02-13 04:30:00,1,91,2.2857142857142856,0.0,0.0,0.064,optimal
2021-02-13 05:00:00,1,91,2.2857142857142856,0.0,0.0,0.077,optimal
2021-02-13 05:30:00,1,91,2.2857142857142856,0.0,0.0,0.129,optimal
2021-02-13 06:00:00,1,91,2.2857142857142856,0.0,0.0,0.064,optimal
2021-02-13 06:30:00,1,91,2.2857142857142856,0.0,0.0,0.098,optimal
2021-02-13 07:00:00,1,91,2.2857142857142856,0.0,0.0,0.119,optimal
2021-02-13 07:30:00,1,91,2.2857142857142856,0.0,0.0,0.062,optimal
2021-02-13 08:00:00,1,91,1.3527856663844509,0.0,0.0,0.06333333333333334,optimal
2021-02-13 08:30:00,1,91,1.359255723007774,0.0,0.0,0.14366666666666666,optimal
2021-02-13 09:00:00,1,91,1.16377801898833,0.0,0.0,0.11366666666666668,optimal
2021-02-13 09:30:00,1,91,1.1467854449620793,0.0,0.0,0.15769999999999998,optimal
2021-02-13 10:00:00,1,91,0.8647695609165855,0.0,0.0,1.0411666666666668,optimal
2021-02-13 10:30:00,1,91,0.867060569920862,0.0,0.0,0.11916666666666668,optimal
2021-02-13 11:00:00,1,91,0.3307722481157919,0.0,0.0,2.097933333333333,optimal
2021-02-13 11:30:00,1,91,0.29618135235816206,0.0,0.0,1.1669,optimal
2021-02-13 12:00:00,1,91,0.41885235180873387,0.0,0.0,0.26893333333333336,optimal
2021-02-13 12:30:00,1,91,0.3642172269601245,0.0,0.0,0.4171,optimal
2021-02-13 13:00:00,1,91,2.2857142857142856,0.0,0.37410796630665216,0.41843333333333327,optimal
2021-02-13 13:30:00,1,91,2.2857142857142856,0.0,10.0,0.3758666666666667,optimal
2021-02-13 14:00:00,1,91,2.2857142857142856,0.0,10.0,0.358,optimal
2021-02-13 14:30:00,1,91,2.2857142857142856,0.0,0.0,0.24969999999999998,optimal
2021-02-13 15:00:00,1,91,2.2857142857142856,0.0,0.0,0.074,optimal
2021-02-13 15:30:00,1,91,2.2857142857142856,0.0,0.0,0.173,optimal
2021-02-13 16:00:00,1,91,0.0,0.0,0.0,0.173,optimal
2021-02-13 16:30:00,1,91,0.0,0.0,0.0,0.152,optimal
2021-02-13 17:00:00,1,91,0.0,0.0,0.0,0.074,optimal
2021-02-13 17:30:00,1,91,0.0,0.0,0.0,0.074,optimal
2021-02-13 18:00:00,1,91,0.0,0.0,0.0,0.074,optimal
2021-02-13 18:30:00,1,91,0.0,0.0,0.0,0.10433333333333332,optimal
2021-02-13 19:00:00,1,91,0.0,0.0,0.0,0.5196333333333333,optimal
2021-02-13 19:30:00,1,91,0.611107490230146,0.0,0.0,0.3974,optimal
2021-02-13 20:00:00,1,91,1.2154863082472072,0.0,0.0,0.39513333333333334,optimal
2021-02-13 20:30:00,1,91,0.0,0.0,0.0,0.10433333333333332,optimal
2021-02-13 21:00:00,1,91,0.0,0.0,0.0,0.12166666666666669,optimal
2021-02-13 21:30:00,1,91,0.0,0.0,0.0,0.1928,optimal
2021-02-13 22:00:00,1,91,0.09952380952380951,0.0,0.0,0.6541,optimal
2021-02-13 22:30:00,1,91,0.0,0.0,0.0,0.2029,optimal
2021-02-13 23:00:00,1,91,0.0,0.0,0.0,0.24206666666666662,optimal
2021-02-13 23:30:00,1,91,0.0,0.0,0.0,0.223,optimal
2021-02-07 00:00:00,2,91,0.0,0.0,0.0,0.064,optimal
2021-02-07 00:30:00,2,91,0.0,0.0,0.0,0.14936666666666668,optimal
2021-02-07 01:00:00,2,91,0.0,0.0,0.0,0.1868333333333333,optimal
2021-02-07 01:30:00,2,91,0.0,0.0,0.0,0.064,optimal
2021-02-07 02:00:00,2,91,0.0,0.0,0.0,0.13213333333333332,optimal
2021-02-07 02:30:00,2,91,0.0,0.0,0.0,0.20406666666666665,optimal
2021-02-07 03:00:00,2,91,0.0,0.0,0.0,0.07859999999999999,optimal
2021-02-07 03:30:00,2,91,0.0,0.0,0.0,0.2512333333333333,optimal
2021-02-07 04:00:00,2,91,2.2857142857142856,0.0,0.0,0.07036666666666666,optimal
2021-02-07 04:30:00,2,91,2.2857142857142856,0.0,0.0,0.13213333333333332,optimal
2021-02-07 05:00:00,2,91,2.2857142857142856,0.0,0.0,0.064,optimal
2021-02-07 05:30:00,2,91,2.2857142857142856,0.0,0.0,0.064,optimal
2021-02-07 06:00:00,2,91,2.2857142857142856,0.0,0.0,0.2722,optimal
2021-02-07 06:30:00,2,91,2.2857142857142856,0.0,0.0,0.06933333333333333,optimal
2021-02-07 07:00:00,2,91,2.2857142857142856,0.0,2.5213313032427203,0.26480000000000004,optimal
2021-02-07 07:30:00,2,91,0.0,0.0,0.0,0.07373333333333333,optimal
2021-02-07 08:00:00,2,91,0.0,0.0,0.0,0.14676666666666668,optimal
2021-02-07 08:30:00,2,91,0.0,0.0,0.0,0.14363333333333334,optimal
2021-02-07 09:00:00,2,91,0.015037940068872727,0.0,0.0,0.23296666666666666,optimal
2021-02-07 09:30:00,2,91,1.0466376490464386,0.0,0.0,0.19233333333333327,optimal
2021-02-07 10:00:00,2,91,0.919834061055173,0.0,0.0,0.2415,optimal
2021-02-07 10:30:00,2,91,0.9438749001894848,0.0,0.0,0.5438,optimal
2021-02-07 11:00:00,2,91,0.6131068754363097,0.0,0.0,2.508266666666667,optimal
2021-02-07 11:30:00,2,91,0.5503297325791587,0.0,0.0,3.635466666666666,optimal
2021-02-07 12:00:00,2,91,0.4313054609103593,0.0,0.0,1.1795,optimal
2021-02-07 12:30:00,2,91,0.7369645085293945,0.0,0.0,0.26313333333333333,optimal
2021-02-07 13:00:00,2,91,2.2857142857142856,0.0,0.0,0.3156666666666667,optimal
2021-02-07 13:30:00,2,91,2.2857142857142856,0.0,0.0,0.1995,optimal
2021-02-07 14:00:00,2,91,2.2857142857142856,0.0,0.0,0.244,optimal
2021-02-07 14:30:00,2,91,2.2857142857142856,0.0,0.0,0.11220000000000001,optimal
2021-02-07 15:00:00,2,91,2.2857142857142856,0.0,0.0,0.11220000000000001,optimal
2021-02-07 15:30:00,2,91,2.2857142857142856,0.0,0.0,0.244,optimal
2021-02-07 16:00:00,2,91,0.0,0.0,0.0,0.074,optimal
2021-02-07 16:30:00,2,91,0.0,0.0,0.0,0.08373333333333334,optimal
2021-02-07 17:00:00,2,91,0.0,0.0,0.0,0.23426666666666668,optimal
2021-02-07 17:30:00,2,91,0.0,0.0,0.0,0.1182,optimal
2021-02-07 18:00:00,2,91,0.0,0.0,0.0,0.3137,optimal
2021-02-07 18:30:00,2,91,0.0,0.0,0.0,0.32743333333333335,optimal
2021-02-07 19:00:00,2,91,0.0,0.0,0.0,0.3406666666666667,optimal
2021-02-07 19:30:00,2,91,0.3173392342180603,0.0,0.0,0.28046666666666664,optimal
2021-02-07 20:00:00,2,91,1.002578323482922,0.0,0.0,0.3286,optimal
2021-02-07 20:30:00,2,91,0.0,0.0,0.0,0.6915333333333333,optimal
2021-02-07 21:00:00,2,91,0.0,0.0,0.0,0.46893333333333326,optimal
2021-02-07 21:30:00,2,91,0.0,0.0,0.0,0.8388,optimal
2021-02-07 22:00:00,2,91,0.0,0.0,0.0,1.7438666666666665,optimal
2021-02-07 22:30:00,2,91,0.0,0.0,0.0,1.1059666666666668,optimal
2021-02-07 23:00:00,2,91,0.0,0.0,0.0,0.2238,optimal
2021-02-07 23:30:00,2,91,0.0,0.0,0.0,0.07233333333333333,optimal
2021-02-08 00:00:00,2,91,0.0,0.0,0.0,0.047,optimal
2021-02-08 00:30:00,2,91,0.0,0.0,0.0,0.047,optimal
2021-02-08 01:00:00,2,91,0.0,0.0,0.0,0.047,optimal
2021-02-08 01:30:00,2,91,0.0,0.0,0.0,0.19146666666666667,optimal
2021-02-08 02:00:00,2,91,0.0,0.0,0.0,0.047,optimal
2021-02-08 02:30:00,2,91,0.9609818000480465,0.0,0.0,0.06670000000000001,optimal
2021-02-08 03:00:00,2,91,2.2857142857142856,0.0,0.0,0.17176666666666668,optimal
2021-02-08 03:30:00,2,91,2.2857142857142856,0.0,0.0,0.047,optimal
2021-02-08 04:00:00,2,91,2.2857142857142856,0.0,0.0,0.09296666666666668,optimal
2021-02-08 04:30:00,2,91,2.2857142857142856,0.0,0.0,0.1455,optimal
2021-02-08 05:00:00,2,91,2.2857142857142856,0.0,0.0,0.047,optimal
2021-02-08 05:30:00,2,91,2.2857142857142856,0.0,0.0,0.19146666666666667,optimal
2021-02-08 06:00:00,2,91,2.2857142857142856,0.0,0.0,0.05533333333333334,optimal
2021-02-08 06:30:00,2,91,2.2857142857142856,0.0,1.9591338374393643,0.054666666666666655,optimal
2021-02-08 07:00:00,2,91,2.2857142857142856,0.0,10.0,0.18946666666666667,optimal
2021-02-08 07:30:00,2,91,2.2857142857142856,0.0,0.0,0.045,optimal
2021-02-08 08:00:00,2,91,1.1815471958208887,0.0,0.0,0.2425,optimal
2021-02-08 08:30:00,2,91,1.0346451778123351,0.0,0.0,0.19853333333333334,optimal
2021-02-08 09:00:00,2,91,1.008685356739489,0.0,0.0,0.06766666666666667,optimal
2021-02-08 09:30:00,2,91,1.0174860027999373,0.0,0.0,0.06293333333333333,optimal
2021-02-08 10:00:00,2,91,0.6803052247806946,0.0,0.0,0.18513333333333332,optimal
2021-02-08 10:30:00,2,91,0.6860283882440719,0.0,0.0,0.27703333333333335,optimal
2021-02-08 11:00:00,2,91,0.3229676570554631,0.0,0.0,1.0212,optimal
2021-02-08 11:30:00,2,91,0.36618777030211724,0.0,0.0,0.8744333333333333,optimal
2021-02-08 12:00:00,2,91,0.47707854824767165,0.0,0.0,0.22453333333333333,optimal
2021-02-08 12:30:00,2,91,0.4980540128361918,0.0,0.0,0.1802,optimal
2021-02-08 13:00:00,2,91,1.00638770470424,0.0,0.0,0.16606666666666667,optimal
2021-02-08 13:30:00,2,91,1.3392135851225941,0.0,0.0,0.08059999999999999,optimal
2021-02-08 14:00:00,2,91,2.2857142857142856,0.0,0.0,0.1002,optimal
2021-02-08 14:30:00,2,91,2.2857142857142856,0.0,0.0,0.3080333333333334,optimal
2021-02-08 15:00:00,2,91,2.2857142857142856,0.0,0.0,1.846733333333333,optimal
2021-02-08 15:30:00,2,91,2.2857142857142856,0.0,0.0,2.4508,optimal
2021-02-08 16:00:00,2,91,0.0,0.0,0.0,2.2796333333333334,optimal
2021-02-08 16:30:00,2,91,0.0,0.0,0.0,0.1432,optimal
2021-02-08 17:00:00,2,91,0.0,0.0,0.0,0.2087,optimal
2021-02-08 17:30:00,2,91,0.0,0.0,0.0,0.30696666666666667,optimal
2021-02-08 18:00:00,2,91,0.0,0.0,0.0,0.19013333333333332,optimal
2021-02-08 18:30:00,2,91,0.0,0.0,0.0,0.3609,optimal
2021-02-08 19:00:00,2,91,0.0,0.0,0.0,0.17226666666666668,optimal
2021-02-08 19:30:00,2,91,0.0,0.0,0.0,0.11120000000000001,optimal
2021-02-08 20:00:00,2,91,0.0,0.0,0.0,0.15130000000000002,optimal
2021-02-08 20:30:00,2,91,0.0,0.0,0.0,0.4395333333333334,optimal
2021-02-08 21:00:00,2,91,0.0,0.0,0.0,0.4774,optimal
2021-02-08 21:30:00,2,91,0.0,0.0,0.0,0.1589,optimal
2021-02-08 22:00:00,2,91,0.0796190476190476,0.0,0.0,0.18819999999999998,optimal
2021-02-08 22:30:00,2,91,0.0,0.0,0.0,0.057,optimal
2021-02-08 23:00:00,2,91,0.0,0.0,0.0,0.057,optimal
2021-02-08 23:30:00,2,91,0.0,0.0,0.0,0.20146666666666666,optimal
2021-02-09 00:00:00,2,91,0.0,0.0,0.0,0.063,optimal
2021-02-09 00:30:00,2,91,2.2857142857142856,0.0,0.0,0.063,optimal
2021-02-09 01:00:00,2,91,0.18247619047619018,0.0,0.0,0.063,optimal
2021-02-09 01:30:00,2,91,0.0,0.0,0.0,0.063,optimal
2021-02-09 02:00:00,2,91,0.9165556620679934,0.0,0.0,0.063,optimal
2021-02-09 02:30:00,2,91,2.2857142857142856,0.0,0.0,0.063,optimal
2021-02-09 03:00:00,2,91,2.2857142857142856,0.0,0.0,0.063,optimal
2021-02-09 03:30:00,2,91,2.2857142857142856,0.0,0.0,0.063,optimal
2021-02-09 04:00:00,2,91,2.2857142857142856,0.0,0.0,0.063,optimal
2021-02-09 04:30:00,2,91,2.2857142857142856,0.0,0.0,0.063,optimal
2021-02-09 05:00:00,2,91,2.2857142857142856,0.0,0.0,0.063,optimal
2021-02-09 05:30:00,2,91,2.2857142857142856,0.0,0.0,0.063,optimal
2021-02-09 06:00:00,2,91,2.2857142857142856,0.0,0.9038386402393204,0.063,optimal
2021-02-09 06:30:00,2,91,2.2857142857142856,0.0,10.0,0.07233333333333333,optimal
2021-02-09 07:00:00,2,91,2.2857142857142856,0.0,10.0,0.06366666666666666,optimal
2021-02-09 07:30:00,2,91,2.2857142857142856,0.0,0.0,0.24823333333333328,optimal
2021-02-09 08:00:00,2,91,1.169705224220112,0.0,0.0,0.1034,optimal
2021-02-09 08:30:00,2,91,1.1816868226615032,0.0,0.0,0.0724,optimal
2021-02-09 09:00:00,2,91,0.8072170678208022,0.0,0.0,0.9047333333333333,optimal
2021-02-09 09:30:00,2,91,0.7810774075607477,0.0,0.0,1.0018,optimal
2021-02-09 10:00:00,2,91,0.6772761911795827,0.0,0.0,0.212,optimal
2021-02-09 10:30:00,2,91,0.6814169504866707,0.0,0.0,0.21246666666666666,optimal
2021-02-09 11:00:00,2,91,0.43152442337370184,0.0,0.0,0.224,optimal
2021-02-09 11:30:00,2,91,0.45658495618749473,0.0,0.0,0.217,optimal
2021-02-09 12:00:00,2,91,0.2664553898276765,0.0,0.0,0.38789999999999997,optimal
2021-02-09 12:30:00,2,91,0.28605199987102253,0.0,0.0,0.293,optimal
2021-02-09 13:00:00,2,91,2.2857142857142856,0.0,0.0,0.39303333333333335,optimal
2021-02-09 13:30:00,2,91,2.2857142857142856,0.0,0.0,0.32896666666666663,optimal
2021-02-09 14:00:00,2,91,2.2857142857142856,0.0,0.0,0.2013,optimal
2021-02-09 14:30:00,2,91,2.2857142857142856,0.0,0.0,0.15833333333333335,optimal
2021-02-09 15:00:00,2,91,2.2857142857142856,0.0,0.0,0.073,optimal
2021-02-09 15:30:00,2,91,2.2857142857142856,0.0,0.0,0.073,optimal
2021-02-09 16:00:00,2,91,0.0,0.0,0.0,0.073,optimal
2021-02-09 16:30:00,2,91,0.0,0.0,0.0,0.073,optimal
2021-02-09 17:00:00,2,91,0.0,0.0,0.0,0.28946666666666665,optimal
2021-02-09 17:30:00,2,91,0.0,0.0,0.0,0.47506666666666664,optimal
2021-02-09 18:00:00,2,91,0.0,0.0,0.0,0.3683333333333333,optimal
2021-02-09 18:30:00,2,91,0.0,0.0,0.0,0.317,optimal
2021-02-09 19:00:00,2,91,0.0,0.0,0.0,0.217,optimal
2021-02-09 19:30:00,2,91,0.0,0.0,0.0,0.073,optimal
2021-02-09 20:00:00,2,91,1.141128398699579,0.0,0.0,0.073,optimal
2021-02-09 20:30:00,2,91,0.0,0.0,0.0,0.073,optimal
2021-02-09 21:00:00,2,91,0.0,0.0,0.0,0.073,optimal
2021-02-09 21:30:00,2,91,0.0,0.0,0.0,0.073,optimal
2021-02-09 22:00:00,2,91,0.0,0.0,0.0,0.073,optimal
2021-02-09 22:30:00,2,91,0.6369523809523808,0.0,0.0,0.073,optimal
2021-02-09 23:00:00,2,91,0.0,0.0,0.0,0.21806666666666663,optimal
2021-02-09 23:30:00,2,91,0.0,0.0,0.0,0.297,optimal
2021-02-10 00:00:00,2,91,0.0,0.0,0.0,0.058,optimal
2021-02-10 00:30:00,2,91,2.2857142857142856,0.0,0.0,0.058,optimal
2021-02-10 01:00:00,2,91,0.222285714285714,0.0,0.0,0.058,optimal
2021-02-10 01:30:00,2,91,0.07871061179864877,0.0,0.0,0.1306,optimal
2021-02-10 02:00:00,2,91,2.2857142857142856,0.0,0.0,0.058,optimal
2021-02-10 02:30:00,2,91,2.2857142857142856,0.0,0.0,0.1306,optimal
2021-02-10 03:00:00,2,91,2.2857142857142856,0.0,0.0,0.058,optimal
2021-02-10 03:30:00,2,91,2.2857142857142856,0.0,0.0,0.1306,optimal
2021-02-10 04:00:00,2,91,2.2857142857142856,0.0,0.0,0.06203333333333333,optimal
2021-02-10 04:30:00,2,91,2.2857142857142856,0.0,0.0,0.12656666666666666,optimal
2021-02-10 05:00:00,2,91,2.2857142857142856,0.0,0.0,0.058,optimal
2021-02-10 05:30:00,2,91,2.2857142857142856,0.0,0.0,0.13226666666666667,optimal
2021-02-10 06:00:00,2,91,2.2857142857142856,0.0,0.0,0.068,optimal
2021-02-10 06:30:00,2,91,2.2857142857142856,0.0,0.0,0.12426666666666668,optimal
2021-02-10 07:00:00,2,91,2.2857142857142856,0.0,8.891654325820154,0.21,optimal
2021-02-10 07:30:00,2,91,2.2857142857142856,0.0,0.0,0.21,optimal
2021-02-10 08:00:00,2,91,1.1573975199341633,0.0,0.0,0.5382333333333333,optimal
2021-02-10 08:30:00,2,91,1.1410263178560078,0.0,0.0,0.35646666666666665,optimal
2021-02-10 09:00:00,2,91,0.9378497785090212,0.0,0.0,0.27896666666666664,optimal
2021-02-10 09:30:00,2,91,0.8279776240499259,0.0,0.0,0.46026666666666666,optimal
2021-02-10 10:00:00,2,91,0.6415628950680726,0.0,0.0,0.21,optimal
2021-02-10 10:30:00,2,91,0.7081159220808839,0.0,0.0,0.23016666666666663,optimal
2021-02-10 11:00:00,2,91,0.47173570987205526,0.0,0.0,0.4562333333333333,optimal
2021-02-10 11:30:00,2,91,0.7021710612139229,0.0,0.0,0.068,optimal
2021-02-10 12:00:00,2,91,0.4471839700744652,0.0,0.0,0.1164,optimal
2021-02-10 12:30:00,2,91,0.4540982557887474,0.0,0.0,0.0922,optimal
2021-02-10 13:00:00,2,91,1.2965062638783218,0.0,0.0,0.18456666666666663,optimal
2021-02-10 13:30:00,2,91,2.2857142857142856,0.0,0.0,0.14843333333333333,optimal
2021-02-10 14:00:00,2,91,2.2857142857142856,0.0,0.0,0.13633333333333333,optimal
2021-02-10 14:30:00,2,91,2.2857142857142856,0.0,0.0,1.0358666666666665,optimal
2021-02-10 15:00:00,2,91,2.2857142857142856,0.0,0.0,0.29619999999999996,optimal
2021-02-10 15:30:00,2,91,2.2857142857142856,0.0,0.0,0.2502666666666667,optimal
2021-02-10 16:00:00,2,91,0.0,0.0,0.0,0.2008,optimal
2021-02-10 16:30:00,2,91,0.0,0.0,0.0,0.24559999999999998,optimal
2021-02-10 17:00:00,2,91,0.0,0.0,0.0,0.28326666666666667,optimal
2021-02-10 17:30:00,2,91,0.0,0.0,0.0,0.31860000000000005,optimal
2021-02-10 18:00:00,2,91,0.0,0.0,0.0,0.2964,optimal
2021-02-10 18:30:00,2,91,0.0,0.0,0.0,0.4446,optimal
2021-02-10 19:00:00,2,91,0.0,0.0,0.0,0.372,optimal
2021-02-10 19:30:00,2,91,0.0,0.0,0.0,0.44439999999999996,optimal
2021-02-10 20:00:00,2,91,0.0,0.0,0.0,0.378,optimal
2021-02-10 20:30:00,2,91,0.0,0.0,0.0,0.5222,optimal
2021-02-10 21:00:00,2,91,0.0,0.0,0.0,0.2934,optimal
2021-02-10 21:30:00,2,91,0.0,0.0,0.0,0.2524,optimal
2021-02-10 22:00:00,2,91,0.13933333333333334,0.0,0.0,0.204,optimal
2021-02-10 22:30:00,2,91,0.0,0.0,0.0,0.14076666666666668,optimal
2021-02-10 23:00:00,2,91,0.0,0.0,0.0,0.08009999999999999,optimal
2021-02-10 23:30:00,2,91,0.0,0.0,0.0,0.10366666666666668,optimal
2021-02-11 00:00:00,2,91,0.0,0.0,0.0,0.06,optimal
2021-02-11 00:30:00,2,91,0.6767619047619047,0.0,0.0,0.162,optimal
2021-02-11 01:00:00,2,91,1.8021969804205984,0.0,0.0,0.06,optimal
2021-02-11 01:30:00,2,91,2.2857142857142856,0.0,0.0,0.1212,optimal
2021-02-11 02:00:00,2,91,2.2857142857142856,0.0,0.0,0.1008,optimal
2021-02-11 02:30:00,2,91,2.2857142857142856,0.0,0.0,0.10590000000000001,optimal
2021-02-11 03:00:00,2,91,2.2857142857142856,0.0,0.0,0.1161,optimal
2021-02-11 03:30:00,2,91,2.2857142857142856,0.0,0.0,0.06,optimal
2021-02-11 04:00:00,2,91,2.2857142857142856,0.0,0.0,0.1008,optimal
2021-02-11 04:30:00,2,91,2.2857142857142856,0.0,0.0,0.1212,optimal
2021-02-11 05:00:00,2,91,2.2857142857142856,0.0,0.0,0.06,optimal
2021-02-11 05:30:00,2,91,2.2857142857142856,0.0,0.0,0.10590000000000001,optimal
2021-02-11 06:00:00,2,91,2.2857142857142856,0.0,9.356783966335193,0.1161,optimal
2021-02-11 06:30:00,2,91,2.2857142857142856,0.0,10.0,0.06,optimal
2021-02-11 07:00:00,2,91,2.2857142857142856,0.0,10.0,0.167,optimal
2021-02-11 07:30:00,2,91,2.2857142857142856,0.0,0.0,0.06733333333333333,optimal
2021-02-11 08:00:00,2,91,1.3868670513209211,0.0,0.0,1.8925,optimal
2021-02-11 08:30:00,2,91,1.3827654528795255,0.0,0.0,0.2601666666666667,optimal
2021-02-11 09:00:00,2,91,1.1731942078557664,0.0,0.0,0.1989,optimal
2021-02-11 09:30:00,2,91,1.0303917907111462,0.0,0.0,0.2455,optimal
2021-02-11 10:00:00,2,91,0.6746583973012551,0.0,0.0,0.10336666666666666,optimal
2021-02-11 10:30:00,2,91,0.5440900987737564,0.0,0.0,1.546733333333333,optimal
2021-02-11 11:00:00,2,91,0.28222712767630703,0.0,0.0,4.114366666666667,optimal
2021-02-11 11:30:00,2,91,0.25063797702614526,0.0,0.0,3.1780666666666666,optimal
2021-02-11 12:00:00,2,91,0.003922036936509217,0.0,0.0,3.9246999999999996,optimal
2021-02-11 12:30:00,2,91,0.23776420161113468,0.0,0.0,0.23106666666666664,optimal
2021-02-11 13:00:00,2,91,2.2857142857142856,0.0,0.0,0.26480000000000004,optimal
2021-02-11 13:30:00,2,91,2.2857142857142856,0.0,0.0,0.22153333333333333,optimal
2021-02-11 14:00:00,2,91,2.2857142857142856,0.0,0.0,0.16033333333333336,optimal
2021-02-11 14:30:00,2,91,2.2857142857142856,0.0,0.0,2.5038666666666667,optimal
2021-02-11 15:00:00,2,91,2.2857142857142856,0.0,0.0,1.9315333333333333,optimal
2021-02-11 15:30:00,2,91,2.2857142857142856,0.0,0.0,0.1363,optimal
2021-02-11 16:00:00,2,91,0.0,0.0,0.0,2.435333333333333,optimal
2021-02-11 16:30:00,2,91,0.0,0.0,0.0,0.1264,optimal
2021-02-11 17:00:00,2,91,0.0,0.0,0.0,0.14696666666666666,optimal
2021-02-11 17:30:00,2,91,0.0,0.0,0.0,0.171,optimal
2021-02-11 18:00:00,2,91,0.0,0.0,0.0,0.6851,optimal
2021-02-11 18:30:00,2,91,0.0,0.0,0.0,1.8188333333333333,optimal
2021-02-11 19:00:00,2,91,0.0,0.0,0.0,2.071466666666667,optimal
2021-02-11 19:30:00,2,91,0.7026981496187805,0.0,0.0,2.3209333333333335,optimal
2021-02-11 20:00:00,2,91,1.641551667907556,0.0,0.0,0.3253333333333333,optimal
2021-02-11 20:30:00,2,91,0.0,0.0,0.0,0.38703333333333334,optimal
2021-02-11 21:00:00,2,91,0.0,0.0,0.0,0.9966333333333333,optimal
2021-02-11 21:30:00,2,91,0.0,0.0,0.0,1.6911333333333334,optimal
2021-02-11 22:00:00,2,91,0.9952380952380953,0.0,0.0,0.19966666666666663,optimal
2021-02-11 22:30:00,2,91,0.0,0.0,0.0,0.286,optimal
2021-02-11 23:00:00,2,91,0.0,0.0,0.0,1.1938333333333333,optimal
2021-02-11 23:30:00,2,91,0.0,0.0,0.0,3.2360333333333333,optimal
2021-02-12 00:00:00,2,91,0.24080293671710765,0.0,0.0,0.06233333333333334,optimal
2021-02-12 00:30:00,2,91,2.2857142857142856,0.0,0.0,0.27066666666666667,optimal
2021-02-12 01:00:00,2,91,2.2857142857142856,0.0,0.0,0.115,optimal
2021-02-12 01:30:00,2,91,2.2857142857142856,0.0,0.0,0.141,optimal
2021-02-12 02:00:00,2,91,2.2857142857142856,0.0,0.0,0.17483333333333334,optimal
2021-02-12 02:30:00,2,91,2.2857142857142856,0.0,0.0,0.2108333333333333,optimal
2021-02-12 03:00:00,2,91,2.2857142857142856,0.0,0.0,0.072,optimal
2021-02-12 03:30:00,2,91,2.2857142857142856,0.0,0.0,0.285,optimal
2021-02-12 04:00:00,2,91,2.2857142857142856,0.0,0.0,0.16966666666666666,optimal
2021-02-12 04:30:00,2,91,2.2857142857142856,0.0,0.0,0.072,optimal
2021-02-12 05:00:00,2,91,2.2857142857142856,0.0,0.0,0.07583333333333332,optimal
2021-02-12 05:30:00,2,91,2.2857142857142856,0.0,0.0,0.3215,optimal
2021-02-12 06:00:00,2,91,2.2857142857142856,0.0,0.0,0.12866666666666665,optimal
2021-02-12 06:30:00,2,91,2.2857142857142856,0.0,0.0,0.5967333333333333,optimal
2021-02-12 07:00:00,2,91,2.2857142857142856,0.0,7.472639380053391,0.6396666666666666,optimal
2021-02-12 07:30:00,2,91,2.2857142857142856,0.0,0.0,0.226,optimal
2021-02-12 08:00:00,2,91,1.5920885495040182,0.0,0.0,0.5265333333333333,optimal
2021-02-12 08:30:00,2,91,1.4181549896774,0.0,0.0,0.5229333333333333,optimal
2021-02-12 09:00:00,2,91,1.3005875399756692,0.0,0.0,0.2814,optimal
2021-02-12 09:30:00,2,91,1.1743366980685332,0.0,0.0,0.3836666666666667,optimal
2021-02-12 10:00:00,2,91,0.8288109855292954,0.0,0.0,0.141,optimal
2021-02-12 10:30:00,2,91,0.8210476289920643,0.0,0.0,0.072,optimal
2021-02-12 11:00:00,2,91,0.48808351785094195,0.0,0.0,0.3016666666666667,optimal
2021-02-12 11:30:00,2,91,0.5468392887599637,0.0,0.0,0.084,optimal
2021-02-12 12:00:00,2,91,0.45143730380310526,0.0,0.0,0.0935,optimal
2021-02-12 12:30:00,2,91,0.3783835509026061,0.0,0.0,0.33716666666666667,optimal
2021-02-12 13:00:00,2,91,2.2857142857142856,0.0,0.0,0.096,optimal
2021-02-12 13:30:00,2,91,2.2857142857142856,0.0,0.0,0.141,optimal
2021-02-12 14:00:00,2,91,2.2857142857142856,0.0,0.0,0.12933333333333336,optimal
2021-02-12 14:30:00,2,91,2.2857142857142856,0.0,0.0,0.3215,optimal
2021-02-12 15:00:00,2,91,2.2857142857142856,0.0,0.0,0.07583333333333332,optimal
2021-02-12 15:30:00,2,91,2.2857142857142856,0.0,0.0,0.27616666666666667,optimal
2021-02-12 16:00:00,2,91,0.0,0.0,0.0,0.1785,optimal
2021-02-12 16:30:00,2,91,0.0,0.0,0.0,0.1295,optimal
2021-02-12 17:00:00,2,91,0.0,0.0,0.0,0.5037666666666667,optimal
2021-02-12 17:30:00,2,91,0.0,0.0,0.0,0.3755,optimal
2021-02-12 18:00:00,2,91,0.0,0.0,0.0,0.238,optimal
2021-02-12 18:30:00,2,91,0.0,0.0,0.0,0.5269666666666667,optimal
2021-02-12 19:00:00,2,91,0.0,0.0,0.0,0.359,optimal
2021-02-12 19:30:00,2,91,0.0,0.0,0.0,0.38010000000000005,optimal
2021-02-12 20:00:00,2,91,0.6028704966954598,0.0,0.0,0.4503333333333333,optimal
2021-02-12 20:30:00,2,91,0.0,0.0,0.0,0.301,optimal
2021-02-12 21:00:00,2,91,0.0,0.0,0.0,0.2367,optimal
2021-02-12 21:30:00,2,91,0.0,0.0,0.0,0.41483333333333333,optimal
2021-02-12 22:00:00,2,91,0.05971428571428571,0.0,0.0,0.2531333333333333,optimal
2021-02-12 22:30:00,2,91,0.0,0.0,0.0,0.13156666666666667,optimal
2021-02-12 23:00:00,2,91,0.0199047619047619,0.0,0.0,0.3433333333333333,optimal
2021-02-12 23:30:00,2,91,0.0,0.0,0.0,0.16673333333333332,optimal
2021-02-13 00:00:00,2,91,0.0398095238095238,0.0,0.0,0.06866666666666667,optimal
2021-02-13 00:30:00,2,91,0.9156190476190476,0.0,0.0,0.16823333333333332,optimal
2021-02-13 01:00:00,2,91,0.0,0.0,0.0,0.30446666666666666,optimal
2021-02-13 01:30:00,2,91,0.0,0.0,0.0,0.376,optimal
2021-02-13 02:00:00,2,91,1.692236623757934,0.0,0.0,0.2343,optimal
2021-02-13 02:30:00,2,91,2.2857142857142856,0.0,0.0,0.077,optimal
2021-02-13 03:00:00,2,91,2.2857142857142856,0.0,0.0,0.077,optimal
2021-02-13 03:30:00,2,91,2.2857142857142856,0.0,0.0,0.077,optimal
2021-02-13 04:00:00,2,91,2.2857142857142856,0.0,0.0,0.077,optimal
2021-02-13 04:30:00,2,91,2.2857142857142856,0.0,0.0,0.077,optimal
2021-02-13 05:00:00,2,91,2.2857142857142856,0.0,0.0,0.077,optimal
2021-02-13 05:30:00,2,91,2.2857142857142856,0.0,1.8316595123809223,0.077,optimal
2021-02-13 06:00:00,2,91,2.2857142857142856,0.0,10.0,0.077,optimal
2021-02-13 06:30:00,2,91,2.2857142857142856,0.0,10.0,0.077,optimal
2021-02-13 07:00:00,2,91,2.2857142857142856,0.0,10.0,0.117,optimal
2021-02-13 07:30:00,2,91,2.2857142857142856,0.0,0.0,0.197,optimal
2021-02-13 08:00:00,2,91,1.2000713806701566,0.0,0.0,0.197,optimal
2021-02-13 08:30:00,2,91,1.1916176277696646,0.0,0.0,0.42156666666666665,optimal
2021-02-13 09:00:00,2,91,1.0302542094645237,0.0,0.0,0.2335,optimal
2021-02-13 09:30:00,2,91,1.079652111628746,0.0,0.0,0.3333333333333333,optimal
2021-02-13 10:00:00,2,91,0.6597790847261119,0.0,0.0,1.6516333333333335,optimal
2021-02-13 10:30:00,2,91,0.6513996175399195,0.0,0.0,0.7907666666666666,optimal
2021-02-13 11:00:00,2,91,0.299444629068177,0.0,0.0,0.5956,optimal
2021-02-13 11:30:00,2,91,0.33192801902483493,0.0,0.0,0.6716,optimal
2021-02-13 12:00:00,2,91,0.12748378038014213,0.0,0.0,2.080033333333333,optimal
2021-02-13 12:30:00,2,91,0.1156410364839515,0.0,0.0,3.475833333333333,optimal
2021-02-13 13:00:00,2,91,2.2857142857142856,0.0,0.0,2.2359,optimal
2021-02-13 13:30:00,2,91,2.2857142857142856,0.0,0.0,0.34613333333333335,optimal
2021-02-13 14:00:00,2,91,2.2857142857142856,0.0,0.0,0.322,optimal
2021-02-13 14:30:00,2,91,2.2857142857142856,0.0,0.0,2.4067,optimal
2021-02-13 15:00:00,2,91,2.2857142857142856,0.0,0.0,0.3473,optimal
2021-02-13 15:30:00,2,91,2.2857142857142856,0.0,0.0,0.149,optimal
2021-02-13 16:00:00,2,91,0.0,0.0,0.0,0.1726,optimal
2021-02-13 16:30:00,2,91,0.0,0.0,0.0,0.9023,optimal
2021-02-13 17:00:00,2,91,0.0,0.0,0.0,2.576,optimal
2021-02-13 17:30:00,2,91,0.0,0.0,0.0,1.9096,optimal
2021-02-13 18:00:00,2,91,0.0,0.0,0.0,0.175,optimal
2021-02-13 18:30:00,2,91,0.0,0.0,0.0,1.320266666666667,optimal
2021-02-13 19:00:00,2,91,0.0,0.0,0.0,0.4569,optimal
2021-02-13 19:30:00,2,91,0.0,0.0,0.0,0.8232,optimal
2021-02-13 20:00:00,2,91,0.8287662069735209,0.0,0.0,1.1657,optimal
2021-02-13 20:30:00,2,91,0.0,0.0,0.0,0.20446666666666666,optimal
2021-02-13 21:00:00,2,91,0.0,0.0,0.0,0.213,optimal
2021-02-13 21:30:00,2,91,0.0,0.0,0.0,0.238,optimal
2021-02-13 22:00:00,2,91,0.0,0.0,0.0,0.198,optimal
2021-02-13 22:30:00,2,91,0.0,0.0,0.0,0.3421,optimal
2021-02-13 23:00:00,2,91,0.0,0.0,0.0,0.4709,optimal
2021-02-13 23:30:00,2,91,0.0,0.0,0.0,0.077,optimal
2021-02-07 00:00:00,3,91,0.0,0.0,0.0,0.064,optimal
2021-02-07 00:30:00,3,91,0.0,0.0,0.0,0.05666666666666666,optimal
2021-02-07 01:00:00,3,91,0.0,0.0,0.0,0.054,optimal
2021-02-07 01:30:00,3,91,0.0,0.0,0.0,0.054,optimal
2021-02-07 02:00:00,3,91,0.0,0.0,0.0,0.20533333333333328,optimal
2021-02-07 02:30:00,3,91,0.0,0.0,0.0,0.054,optimal
2021-02-07 03:00:00,3,91,0.0,0.0,0.0,0.16733333333333333,optimal
2021-02-07 03:30:00,3,91,0.0,0.0,0.0,0.09133333333333331,optimal
2021-02-07 04:00:00,3,91,2.2857142857142856,0.0,0.0,0.064,optimal
2021-02-07 04:30:00,3,91,2.2857142857142856,0.0,0.0,0.20166666666666663,optimal
2021-02-07 05:00:00,3,91,2.2857142857142856,0.0,0.0,0.054,optimal
2021-02-07 05:30:00,3,91,2.2857142857142856,0.0,0.0,0.054,optimal
2021-02-07 06:00:00,3,91,2.2857142857142856,0.0,0.0,0.078,optimal
2021-02-07 06:30:00,3,91,2.2857142857142856,0.0,0.0,0.19066666666666662,optimal
2021-02-07 07:00:00,3,91,2.2857142857142856,0.0,0.0,0.05533333333333334,optimal
2021-02-07 07:30:00,3,91,0.0,0.0,0.0,0.08066666666666668,optimal
2021-02-07 08:00:00,3,91,0.0,0.0,0.0,0.17866666666666667,optimal
2021-02-07 08:30:00,3,91,0.0,0.0,0.0,0.063,optimal
2021-02-07 09:00:00,3,91,0.39533796059452075,0.0,0.0,0.3110333333333334,optimal
2021-02-07 09:30:00,3,91,0.8517805061892917,0.0,0.0,2.5965,optimal
2021-02-07 10:00:00,3,91,0.6968569181980321,0.0,0.0,1.0782,optimal
2021-02-07 10:30:00,3,91,0.6819701382847285,0.0,0.0,1.0794666666666668,optimal
2021-02-07 11:00:00,3,91,0.7711487801982113,0.0,0.0,0.30639999999999995,optimal
2021-02-07 11:30:00,3,91,0.7279011611505887,0.0,0.0,0.5072333333333333,optimal
2021-02-07 12:00:00,3,91,0.585124508529401,0.0,0.0,0.5793333333333334,optimal
2021-02-07 12:30:00,3,91,0.3923245085294102,0.0,0.0,1.2541333333333335,optimal
2021-02-07 13:00:00,3,91,2.2857142857142856,0.0,0.0,0.5122666666666666,optimal
2021-02-07 13:30:00,3,91,2.2857142857142856,0.0,0.0,0.38180000000000003,optimal
2021-02-07 14:00:00,3,91,2.2857142857142856,0.0,0.0,0.18993333333333332,optimal
2021-02-07 14:30:00,3,91,2.2857142857142856,0.0,0.0,0.2821666666666667,optimal
2021-02-07 15:00:00,3,91,2.2857142857142856,0.0,0.0,0.3737,optimal
2021-02-07 15:30:00,3,91,2.2857142857142856,0.0,3.1840597127215107,0.33766666666666667,optimal
2021-02-07 16:00:00,3,91,0.0,0.0,0.0,0.064,optimal
2021-02-07 16:30:00,3,91,0.0,0.0,0.0,0.11066666666666669,optimal
2021-02-07 17:00:00,3,91,0.0,0.0,0.0,0.3144666666666666,optimal
2021-02-07 17:30:00,3,91,0.0,0.0,0.0,0.3796666666666667,optimal
2021-02-07 18:00:00,3,91,0.0,0.0,0.0,0.36710000000000004,optimal
2021-02-07 18:30:00,3,91,0.0,0.0,0.0,0.4013333333333333,optimal
2021-02-07 19:00:00,3,91,0.0,0.0,0.0,0.29333333333333333,optimal
2021-02-07 19:30:00,3,91,0.656405308774368,0.0,0.0,0.3967,optimal
2021-02-07 20:00:00,3,91,0.824292609197214,0.0,0.0,1.8807,optimal
2021-02-07 20:30:00,3,91,0.0,0.0,0.0,1.620766666666667,optimal
2021-02-07 21:00:00,3,91,0.0,0.0,0.0,0.6077666666666667,optimal
2021-02-07 21:30:00,3,91,0.0,0.0,0.0,0.25216666666666665,optimal
2021-02-07 22:00:00,3,91,0.0199047619047619,0.0,0.0,0.14809999999999998,optimal
2021-02-07 22:30:00,3,91,0.0398095238095238,0.0,0.0,0.2016,optimal
2021-02-07 23:00:00,3,91,0.0199047619047619,0.0,0.0,0.21780000000000002,optimal
2021-02-07 23:30:00,3,91,0.0,0.0,0.0,0.1704,optimal
2021-02-08 00:00:00,3,91,0.0,0.0,0.0,0.2738,optimal
2021-02-08 00:30:00,3,91,0.3781904761904762,0.0,0.0,0.058,optimal
2021-02-08 01:00:00,3,91,0.0,0.0,0.0,0.058,optimal
2021-02-08 01:30:00,3,91,0.0,0.0,0.0,0.058,optimal
2021-02-08 02:00:00,3,91,0.0,0.0,0.0,0.058,optimal
2021-02-08 02:30:00,3,91,1.7929183800724677,0.0,0.0,0.058,optimal
2021-02-08 03:00:00,3,91,2.2857142857142856,0.0,0.0,0.058,optimal
2021-02-08 03:30:00,3,91,2.2857142857142856,0.0,0.0,0.058,optimal
2021-02-08 04:00:00,3,91,2.2857142857142856,0.0,0.0,0.058,optimal
2021-02-08 04:30:00,3,91,2.2857142857142856,0.0,0.0,0.058,optimal
2021-02-08 05:00:00,3,91,2.2857142857142856,0.0,0.0,0.058,optimal
2021-02-08 05:30:00,3,91,2.2857142857142856,0.0,0.0,0.058,optimal
2021-02-08 06:00:00,3,91,2.2857142857142856,0.0,0.8674426413509944,0.058,optimal
2021-02-08 06:30:00,3,91,2.2857142857142856,0.0,10.0,0.058,optimal
2021-02-08 07:00:00,3,91,2.2857142857142856,0.0,10.0,0.1527,optimal
2021-02-08 07:30:00,3,91,2.2857142857142856,0.0,0.0,0.21346666666666667,optimal
2021-02-08 08:00:00,3,91,1.1514519577256432,0.0,0.0,0.217,optimal
2021-02-08 08:30:00,3,91,1.3103213682885146,0.0,0.0,0.058,optimal
2021-02-08 09:00:00,3,91,1.08638059483472,0.0,0.0,0.22073333333333328,optimal
2021-02-08 09:30:00,3,91,1.071200288514215,0.0,0.0,0.239,optimal
2021-02-08 10:00:00,3,91,0.841390939066409,0.0,0.0,0.24766666666666662,optimal
2021-02-08 10:30:00,3,91,0.8081883882440745,0.0,0.0,1.1249,optimal
2021-02-08 11:00:00,3,91,0.663666704674509,0.0,0.0,0.6587999999999999,optimal
2021-02-08 11:30:00,3,91,0.687014436968787,0.0,0.0,0.13,optimal
2021-02-08 12:00:00,3,91,0.5979109292000506,0.0,0.0,0.1536,optimal
2021-02-08 12:30:00,3,91,0.5798692509314238,0.0,0.0,0.2312333333333333,optimal
2021-02-08 13:00:00,3,91,2.2857142857142856,0.0,0.0,0.067,optimal
2021-02-08 13:30:00,3,91,2.2857142857142856,0.0,0.0,0.205,optimal
2021-02-08 14:00:00,3,91,2.2857142857142856,0.0,0.0,0.3146666666666667,optimal
2021-02-08 14:30:00,3,91,2.2857142857142856,0.0,0.0,0.239,optimal
2021-02-08 15:00:00,3,91,2.2857142857142856,0.0,0.0,0.16723333333333332,optimal
2021-02-08 15:30:00,3,91,2.2857142857142856,0.0,0.0,0.22,optimal
2021-02-08 16:00:00,3,91,0.0,0.0,0.0,0.058,optimal
2021-02-08 16:30:00,3,91,0.0,0.0,0.0,0.058,optimal
2021-02-08 17:00:00,3,91,0.0,0.0,0.0,0.06066666666666666,optimal
2021-02-08 17:30:00,3,91,0.0,0.0,0.0,0.060333333333333336,optimal
2021-02-08 18:00:00,3,91,0.0,0.0,0.0,0.1779,optimal
2021-02-08 18:30:00,3,91,0.0,0.0,0.0,0.3803,optimal
2021-02-08 19:00:00,3,91,0.0,0.0,0.0,0.43073333333333336,optimal
2021-02-08 19:30:00,3,91,0.3428461308640103,0.0,0.0,1.8133333333333332,optimal
2021-02-08 20:00:00,3,91,1.1250548332679873,0.0,0.0,0.3993,optimal
2021-02-08 20:30:00,3,91,0.0,0.0,0.0,0.44780000000000003,optimal
2021-02-08 21:00:00,3,91,0.0,0.0,0.0,0.4811333333333333,optimal
2021-02-08 21:30:00,3,91,0.0,0.0,0.0,0.5360666666666667,optimal
2021-02-08 22:00:00,3,91,0.4578095238095238,0.0,0.0,0.4102,optimal
2021-02-08 22:30:00,3,91,0.0,0.0,0.0,1.2351666666666667,optimal
2021-02-08 23:00:00,3,91,0.0,0.0,0.0,0.1957333333333333,optimal
2021-02-08 23:30:00,3,91,0.0,0.0,0.0,0.068,optimal
2021-02-09 00:00:00,3,91,0.0,0.0,0.0,0.22419999999999998,optimal
2021-02-09 00:30:00,3,91,1.2141904761904758,0.0,0.0,0.22390000000000002,optimal
2021-02-09 01:00:00,3,91,0.0,0.0,0.0,0.1225,optimal
2021-02-09 01:30:00,3,91,0.0,0.0,0.0,0.2614666666666666,optimal
2021-02-09 02:00:00,3,91,0.0,0.0,0.0,0.13813333333333333,optimal
2021-02-09 02:30:00,3,91,1.9489143005280045,0.0,0.0,0.19669999999999999,optimal
2021-02-09 03:00:00,3,91,2.2857142857142856,0.0,0.0,0.14483333333333334,optimal
2021-02-09 03:30:00,3,91,2.2857142857142856,0.0,0.0,0.056,optimal
2021-02-09 04:00:00,3,91,2.2857142857142856,0.0,0.0,0.18330000000000002,optimal
2021-02-09 04:30:00,3,91,2.2857142857142856,0.0,0.0,0.1582333333333333,optimal
2021-02-09 05:00:00,3,91,2.2857142857142856,0.0,0.0,0.056,optimal
2021-02-09 05:30:00,3,91,2.2857142857142856,0.0,0.0,0.11693333333333333,optimal
2021-02-09 06:00:00,3,91,2.2857142857142856,0.0,8.41711988504253,0.1987333333333333,optimal
2021-02-09 06:30:00,3,91,2.2857142857142856,0.0,10.0,0.0979,optimal
2021-02-09 07:00:00,3,91,2.2857142857142856,0.0,10.0,1.2621,optimal
2021-02-09 07:30:00,3,91,2.2857142857142856,0.0,0.0,1.0920666666666665,optimal
2021-02-09 08:00:00,3,91,1.1509528432677376,0.0,0.0,0.572,optimal
2021-02-09 08:30:00,3,91,1.182494441709143,0.0,0.0,1.1193333333333333,optimal
2021-02-09 09:00:00,3,91,1.083994210677944,0.0,0.0,0.14993333333333334,optimal
2021-02-09 09:30:00,3,91,0.9794812170845554,0.0,0.0,0.4116,optimal
2021-02-09 10:00:00,3,91,0.5841809530843439,0.0,0.0,1.3820666666666666,optimal
2021-02-09 10:30:00,3,91,0.8074836171533408,0.0,0.0,0.2223333333333333,optimal
2021-02-09 11:00:00,3,91,0.33064251861180666,0.0,0.0,3.3618,optimal
2021-02-09 11:30:00,3,91,0.3623278133303673,0.0,0.0,3.2181333333333333,optimal
2021-02-09 12:00:00,3,91,0.07259443744672908,0.0,0.0,1.2506333333333335,optimal
2021-02-09 12:30:00,3,91,0.30195676177578235,0.0,0.0,0.4043,optimal
2021-02-09 13:00:00,3,91,2.2857142857142856,0.0,0.0,0.066,optimal
2021-02-09 13:30:00,3,91,2.2857142857142856,0.0,0.0,0.0727,optimal
2021-02-09 14:00:00,3,91,2.2857142857142856,0.0,0.0,0.28883333333333333,optimal
2021-02-09 14:30:00,3,91,2.2857142857142856,0.0,0.0,0.066,optimal
2021-02-09 15:00:00,3,91,2.2857142857142856,0.0,0.0,0.11040000000000001,optimal
2021-02-09 15:30:00,3,91,2.2857142857142856,0.0,0.0,0.2511333333333333,optimal
2021-02-09 16:00:00,3,91,0.0,0.0,0.0,0.066,optimal
2021-02-09 16:30:00,3,91,0.0,0.0,0.0,0.21513333333333332,optimal
2021-02-09 17:00:00,3,91,0.0,0.0,0.0,0.1464,optimal
2021-02-09 17:30:00,3,91,0.0,0.0,0.0,0.066,optimal
2021-02-09 18:00:00,3,91,0.0,0.0,0.0,0.066,optimal
2021-02-09 18:30:00,3,91,0.0,0.0,0.0,0.29553333333333337,optimal
2021-02-09 19:00:00,3,91,0.0,0.0,0.0,0.066,optimal
2021-02-09 19:30:00,3,91,0.0,0.0,0.0,0.28286666666666666,optimal
2021-02-09 20:00:00,3,91,0.6793395859178812,0.0,0.0,0.3935666666666667,optimal
2021-02-09 20:30:00,3,91,0.0,0.0,0.0,0.2194,optimal
2021-02-09 21:00:00,3,91,0.0,0.0,0.0,0.9159333333333332,optimal
2021-02-09 21:30:00,3,91,0.0,0.0,0.0,0.4605,optimal
2021-02-09 22:00:00,3,91,0.4777142857142857,0.0,0.0,0.2774,optimal
2021-02-09 22:30:00,3,91,0.0,0.0,0.0,1.2094333333333334,optimal
2021-02-09 23:00:00,3,91,0.0,0.0,0.0,0.066,optimal
2021-02-09 23:30:00,3,91,0.0,0.0,0.0,0.066,optimal
2021-02-10 00:00:00,3,91,0.0,0.0,0.0,0.062,optimal
2021-02-10 00:30:00,3,91,2.2857142857142856,0.0,0.0,0.062,optimal
2021-02-10 01:00:00,3,91,0.10285714285714286,0.0,0.0,0.062,optimal
2021-02-10 01:30:00,3,91,0.0,0.0,0.0,0.2079333333333333,optimal
2021-02-10 02:00:00,3,91,1.0396446163089805,0.0,0.0,0.062,optimal
2021-02-10 02:30:00,3,91,2.2857142857142856,0.0,0.0,0.062,optimal
2021-02-10 03:00:00,3,91,2.2857142857142856,0.0,0.0,0.2079333333333333,optimal
2021-02-10 03:30:00,3,91,2.2857142857142856,0.0,0.0,0.062,optimal
2021-02-10 04:00:00,3,91,2.2857142857142856,0.0,0.0,0.06466666666666668,optimal
2021-02-10 04:30:00,3,91,2.2857142857142856,0.0,0.0,0.2179333333333333,optimal
2021-02-10 05:00:00,3,91,2.2857142857142856,0.0,0.0,0.06933333333333333,optimal
2021-02-10 05:30:00,3,91,2.2857142857142856,0.0,0.0,0.062,optimal
2021-02-10 06:00:00,3,91,2.2857142857142856,0.0,0.0,0.2086,optimal
2021-02-10 06:30:00,3,91,2.2857142857142856,0.0,0.0,0.07,optimal
2021-02-10 07:00:00,3,91,2.2857142857142856,0.0,0.0,0.11643333333333333,optimal
2021-02-10 07:30:00,3,91,2.2857142857142856,0.0,0.0,0.3533,optimal
2021-02-10 08:00:00,3,91,1.7360984723151172,0.0,0.0,0.18730000000000002,optimal
2021-02-10 08:30:00,3,91,1.1099139369036306,0.0,0.0,0.6522333333333333,optimal
2021-02-10 09:00:00,3,91,0.9314535880328189,0.0,0.0,1.7619666666666667,optimal
2021-02-10 09:30:00,3,91,0.8966823859546795,0.0,0.0,0.7079333333333333,optimal
2021-02-10 10:00:00,3,91,0.6162581331633034,0.0,0.0,0.5829333333333333,optimal
2021-02-10 10:30:00,3,91,0.6044835411285211,0.0,0.0,1.3245666666666667,optimal
2021-02-10 11:00:00,3,91,0.332486186062511,0.0,0.0,2.8608000000000002,optimal
2021-02-10 11:30:00,3,91,0.3562853469282076,0.0,0.0,1.9090666666666665,optimal
2021-02-10 12:00:00,3,91,0.21228111293160484,0.0,0.0,0.4948,optimal
2021-02-10 12:30:00,3,91,0.13645444626494732,0.0,0.0,2.0174333333333325,optimal
2021-02-10 13:00:00,3,91,2.2857142857142856,0.0,0.0,0.43439999999999995,optimal
2021-02-10 13:30:00,3,91,2.2857142857142856,0.0,0.0,0.5094,optimal
2021-02-10 14:00:00,3,91,2.2857142857142856,0.0,0.0,0.29946666666666666,optimal
2021-02-10 14:30:00,3,91,2.2857142857142856,0.0,6.857535034040154,0.44339999999999996,optimal
2021-02-10 15:00:00,3,91,2.2857142857142856,0.0,10.0,0.13253333333333334,optimal
2021-02-10 15:30:00,3,91,2.2857142857142856,0.0,10.0,0.7821,optimal
2021-02-10 16:00:00,3,91,0.0,0.0,0.0,0.6268666666666667,optimal
2021-02-10 16:30:00,3,91,0.0,0.0,0.0,0.22126666666666667,optimal
2021-02-10 17:00:00,3,91,0.0,0.0,0.0,0.22713333333333333,optimal
2021-02-10 17:30:00,3,91,0.0,0.0,0.0,0.40053333333333335,optimal
2021-02-10 18:00:00,3,91,0.0,0.0,0.0,0.2566666666666667,optimal
2021-02-10 18:30:00,3,91,0.0,0.0,0.0,0.4574333333333333,optimal
2021-02-10 19:00:00,3,91,0.0,0.0,0.0,0.27316666666666667,optimal
2021-02-10 19:30:00,3,91,0.0,0.0,0.0,0.5883666666666667,optimal
2021-02-10 20:00:00,3,91,0.07751955664189857,0.0,0.0,0.33473333333333327,optimal
2021-02-10 20:30:00,3,91,0.0,0.0,0.0,0.339,optimal
2021-02-10 21:00:00,3,91,0.0,0.0,0.0,0.3793333333333333,optimal
2021-02-10 21:30:00,3,91,0.0,0.0,0.0,0.4064,optimal
2021-02-10 22:00:00,3,91,0.0,0.0,0.0,0.48633333333333334,optimal
2021-02-10 22:30:00,3,91,0.0,0.0,0.0,0.7250666666666667,optimal
2021-02-10 23:00:00,3,91,0.0,0.0,0.0,0.29353333333333337,optimal
2021-02-10 23:30:00,3,91,0.05971428571428571,0.0,0.0,0.18856666666666663,optimal
2021-02-11 00:00:00,3,91,0.0,0.0,0.0,0.17683333333333334,optimal
2021-02-11 00:30:00,3,91,0.2786666666666667,0.0,0.0,0.197,optimal
2021-02-11 01:00:00,3,91,1.438609550616495,0.0,0.0,0.064,optimal
2021-02-11 01:30:00,3,91,2.2857142857142856,0.0,0.0,0.064,optimal
2021-02-11 02:00:00,3,91,2.2857142857142856,0.0,0.0,0.064,optimal
2021-02-11 02:30:00,3,91,2.2857142857142856,0.0,0.0,0.064,optimal
2021-02-11 03:00:00,3,91,2.2857142857142856,0.0,0.0,0.064,optimal
2021-02-11 03:30:00,3,91,2.2857142857142856,0.0,0.0,0.064,optimal
2021-02-11 04:00:00,3,91,2.2857142857142856,0.0,0.0,0.064,optimal
2021-02-11 04:30:00,3,91,2.2857142857142856,0.0,0.0,0.064,optimal
2021-02-11 05:00:00,3,91,2.2857142857142856,0.0,0.0,0.064,optimal
2021-02-11 05:30:00,3,91,2.2857142857142856,0.0,0.0,0.06833333333333333,optimal
2021-02-11 06:00:00,3,91,2.2857142857142856,0.0,0.0,0.074,optimal
2021-02-11 06:30:00,3,91,2.2857142857142856,0.0,6.2969089931037185,0.19726666666666667,optimal
2021-02-11 07:00:00,3,91,2.2857142857142856,0.0,0.0,0.14966666666666667,optimal
2021-02-11 07:30:00,3,91,2.2857142857142856,0.0,0.0,0.06786666666666666,optimal
2021-02-11 08:00:00,3,91,1.4884499084637663,0.0,0.0,0.071,optimal
2021-02-11 08:30:00,3,91,1.5331540243080928,0.0,0.0,0.064,optimal
2021-02-11 09:00:00,3,91,1.3565846840462512,0.0,0.0,0.064,optimal
2021-02-11 09:30:00,3,91,1.1576394097587672,0.0,0.0,0.17626666666666668,optimal
2021-02-11 10:00:00,3,91,0.6938869687298226,0.0,0.0,0.2528666666666667,optimal
2021-02-11 10:30:00,3,91,0.7512558130594764,0.0,0.0,0.18466666666666662,optimal
2021-02-11 11:00:00,3,91,0.5176252229143997,0.0,0.0,0.22893333333333332,optimal
2021-02-11 11:30:00,3,91,0.4764855960737709,0.0,0.0,0.209,optimal
2021-02-11 12:00:00,3,91,0.2518058464603339,0.0,0.0,0.231,optimal
2021-02-11 12:30:00,3,91,0.18839277303971136,0.0,0.0,0.336,optimal
2021-02-11 13:00:00,3,91,2.2857142857142856,0.0,0.0,0.45966666666666667,optimal
2021-02-11 13:30:00,3,91,2.2857142857142856,0.0,0.0,0.366,optimal
2021-02-11 14:00:00,3,91,2.2857142857142856,0.0,0.0,0.3776666666666667,optimal
2021-02-11 14:30:00,3,91,2.2857142857142856,0.0,0.0,0.3858333333333333,optimal
2021-02-11 15:00:00,3,91,2.2857142857142856,0.0,0.0,1.6495333333333333,optimal
2021-02-11 15:30:00,3,91,2.2857142857142856,0.0,0.0,0.14176666666666668,optimal
2021-02-11 16:00:00,3,91,0.0,0.0,0.0,0.062,optimal
2021-02-11 16:30:00,3,91,0.0,0.0,0.0,0.07066666666666667,optimal
2021-02-11 17:00:00,3,91,0.0,0.0,0.0,0.072,optimal
2021-02-11 17:30:00,3,91,0.0,0.0,0.0,0.12693333333333334,optimal
2021-02-11 18:00:00,3,91,0.0,0.0,0.0,0.2506,optimal
2021-02-11 18:30:00,3,91,0.0,0.0,0.0,1.2872666666666668,optimal
2021-02-11 19:00:00,3,91,0.0,0.0,0.0,3.156733333333333,optimal
2021-02-11 19:30:00,3,91,1.1281782607759367,0.0,0.0,2.1264000000000003,optimal
2021-02-11 20:00:00,3,91,1.5621897631456614,0.0,0.0,0.3276,optimal
2021-02-11 20:30:00,3,91,0.0,0.0,0.0,0.459,optimal
2021-02-11 21:00:00,3,91,0.0,0.0,0.0,0.43773333333333336,optimal
2021-02-11 21:30:00,3,91,0.0,0.0,0.0,0.3612666666666666,optimal
2021-02-11 22:00:00,3,91,0.0398095238095238,0.0,0.0,0.363,optimal
2021-02-11 22:30:00,3,91,0.0,0.0,0.0,0.35,optimal
2021-02-11 23:00:00,3,91,0.0,0.0,0.0,0.193,optimal
2021-02-11 23:30:00,3,91,0.0,0.0,0.0,0.08976666666666666,optimal
2021-02-12 00:00:00,3,91,0.01480799203509826,0.0,0.0,0.045,optimal
2021-02-12 00:30:00,3,91,2.2857142857142856,0.0,0.0,0.12676666666666667,optimal
2021-02-12 01:00:00,3,91,2.2857142857142856,0.0,0.0,0.2494333333333333,optimal
2021-02-12 01:30:00,3,91,2.2857142857142856,0.0,0.0,0.045,optimal
2021-02-12 02:00:00,3,91,2.2857142857142856,0.0,0.0,0.3053666666666667,optimal
2021-02-12 02:30:00,3,91,2.2857142857142856,0.0,0.0,0.07083333333333333,optimal
2021-02-12 03:00:00,3,91,2.2857142857142856,0.0,0.0,0.10633333333333331,optimal
2021-02-12 03:30:00,3,91,2.2857142857142856,0.0,0.0,0.2698666666666667,optimal
2021-02-12 04:00:00,3,91,2.2857142857142856,0.0,0.0,0.06953333333333334,optimal
2021-02-12 04:30:00,3,91,2.2857142857142856,0.0,0.0,0.23976666666666668,optimal
2021-02-12 05:00:00,3,91,2.2857142857142856,0.0,0.0,0.1119,optimal
2021-02-12 05:30:00,3,91,2.2857142857142856,0.0,0.0,0.14313333333333333,optimal
2021-02-12 06:00:00,3,91,2.2857142857142856,0.0,4.197364598730659,0.06953333333333334,optimal
2021-02-12 06:30:00,3,91,2.2857142857142856,0.0,10.0,0.0818,optimal
2021-02-12 07:00:00,3,91,2.2857142857142856,0.0,10.0,0.30306666666666665,optimal
2021-02-12 07:30:00,3,91,2.2857142857142856,0.0,0.0,0.08313333333333334,optimal
2021-02-12 08:00:00,3,91,2.285714285714285,0.0,0.0,0.19156666666666664,optimal
2021-02-12 08:30:00,3,91,1.8272348886808776,0.0,0.0,0.15783333333333335,optimal
2021-02-12 09:00:00,3,91,2.285714285714285,0.0,0.0,0.17433333333333334,optimal
2021-02-12 09:30:00,3,91,1.167698602830438,0.0,0.0,0.17736666666666667,optimal
2021-02-12 10:00:00,3,91,0.664115747434067,0.0,0.0,0.42223333333333335,optimal
2021-02-12 10:30:00,3,91,0.7263904861349249,0.0,0.0,0.1293,optimal
2021-02-12 11:00:00,3,91,0.2704054226128492,0.0,0.0,3.3025,optimal
2021-02-12 11:30:00,3,91,0.505277383998067,0.0,0.0,0.29646666666666666,optimal
2021-02-12 12:00:00,3,91,0.28078397046976533,0.0,0.0,0.6666666666666666,optimal
2021-02-12 12:30:00,3,91,0.3622578366168968,0.0,0.0,0.3922,optimal
2021-02-12 13:00:00,3,91,2.2857142857142856,0.0,0.0,2.0562,optimal
2021-02-12 13:30:00,3,91,2.2857142857142856,0.0,0.0,4.310833333333333,optimal
2021-02-12 14:00:00,3,91,2.2857142857142856,0.0,0.0,1.9901333333333329,optimal
2021-02-12 14:30:00,3,91,2.2857142857142856,0.0,0.0,0.23426666666666668,optimal
2021-02-12 15:00:00,3,91,2.2857142857142856,0.0,0.0,0.09793333333333333,optimal
2021-02-12 15:30:00,3,91,2.2857142857142856,0.0,0.0,0.28446666666666665,optimal
2021-02-12 16:00:00,3,91,0.0,0.0,0.0,0.29256666666666664,optimal
2021-02-12 16:30:00,3,91,0.0,0.0,0.0,1.4333,optimal
2021-02-12 17:00:00,3,91,0.0,0.0,0.0,0.30296666666666666,optimal
2021-02-12 17:30:00,3,91,0.0,0.0,0.0,0.33443333333333336,optimal
2021-02-12 18:00:00,3,91,0.0,0.0,0.0,0.4553666666666667,optimal
2021-02-12 18:30:00,3,91,0.0,0.0,0.0,2.449133333333333,optimal
2021-02-12 19:00:00,3,91,0.0,0.0,0.0,3.0564333333333336,optimal
2021-02-12 19:30:00,3,91,0.0,0.0,0.0,1.1180666666666665,optimal
2021-02-12 20:00:00,3,91,0.3798730947617042,0.0,0.0,0.409,optimal
2021-02-12 20:30:00,3,91,0.0,0.0,0.0,0.7565333333333333,optimal
2021-02-12 21:00:00,3,91,0.0,0.0,0.0,0.4799666666666666,optimal
2021-02-12 21:30:00,3,91,0.0,0.0,0.0,0.4931666666666667,optimal
2021-02-12 22:00:00,3,91,0.0,0.0,0.0,0.1442,optimal
2021-02-12 22:30:00,3,91,0.0,0.0,0.0,0.0734,optimal
2021-02-12 23:00:00,3,91,0.0,0.0,0.0,0.29306666666666664,optimal
2021-02-12 23:30:00,3,91,0.0,0.0,0.0,0.21259999999999998,optimal
2021-02-13 00:00:00,3,91,0.0,0.0,0.0,0.145,optimal
2021-02-13 00:30:00,3,91,0.0,0.0,0.0,0.064,optimal
2021-02-13 01:00:00,3,91,0.0,0.0,0.0,0.082,optimal
2021-02-13 01:30:00,3,91,1.2240191943275873,0.0,0.0,0.127,optimal
2021-02-13 02:00:00,3,91,2.2857142857142856,0.0,0.0,0.064,optimal
2021-02-13 02:30:00,3,91,2.2857142857142856,0.0,0.0,0.064,optimal
2021-02-13 03:00:00,3,91,2.2857142857142856,0.0,0.0,0.145,optimal
2021-02-13 03:30:00,3,91,2.2857142857142856,0.0,0.0,0.064,optimal
2021-02-13 04:00:00,3,91,2.2857142857142856,0.0,0.0,0.064,optimal
2021-02-13 04:30:00,3,91,2.2857142857142856,0.0,0.0,0.1,optimal
2021-02-13 05:00:00,3,91,2.2857142857142856,0.0,0.0,0.109,optimal
2021-02-13 05:30:00,3,91,2.2857142857142856,0.0,0.0,0.06666666666666667,optimal
2021-02-13 06:00:00,3,91,2.2857142857142856,0.0,0.0,0.074,optimal
2021-02-13 06:30:00,3,91,2.2857142857142856,0.0,0.0,0.11633333333333332,optimal
2021-02-13 07:00:00,3,91,2.2857142857142856,0.0,0.0,0.1,optimal
2021-02-13 07:30:00,3,91,2.2857142857142856,0.0,0.0,0.064,optimal
2021-02-13 08:00:00,3,91,1.4331761425749123,0.0,0.0,0.064,optimal
2021-02-13 08:30:00,3,91,1.4181700087220483,0.0,0.0,0.10716666666666669,optimal
2021-02-13 09:00:00,3,91,1.264120876131179,0.0,0.0,0.1145,optimal
2021-02-13 09:30:00,3,91,1.2585187782954097,0.0,0.0,0.074,optimal
2021-02-13 10:00:00,3,91,0.9847428942499181,0.0,0.0,0.074,optimal
2021-02-13 10:30:00,3,91,0.9581653318256288,0.0,0.0,0.155,optimal
2021-02-13 11:00:00,3,91,0.6766446290681795,0.0,0.0,0.07133333333333333,optimal
2021-02-13 11:30:00,3,91,0.6500670666438901,0.0,0.0,0.145,optimal
2021-02-13 12:00:00,3,91,0.4982904470468096,0.0,0.0,0.06433333333333333,optimal
2021-02-13 12:30:00,3,91,0.3692353221982371,0.0,0.0,1.3050333333333333,optimal
2021-02-13 13:00:00,3,91,1.6924210502354207,0.0,0.0,0.8475,optimal
2021-02-13 13:30:00,3,91,2.2857142857142856,0.0,0.0,0.11313333333333334,optimal
2021-02-13 14:00:00,3,91,2.2857142857142856,0.0,0.0,0.1395,optimal
2021-02-13 14:30:00,3,91,2.2857142857142856,0.0,0.0,2.0665999999999998,optimal
2021-02-13 15:00:00,3,91,2.2857142857142856,0.0,0.0,0.1868333333333333,optimal
2021-02-13 15:30:00,3,91,2.2857142857142856,0.0,0.0,2.2762333333333333,optimal
2021-02-13 16:00:00,3,91,0.0,0.0,0.0,2.4707,optimal
2021-02-13 16:30:00,3,91,0.0,0.0,0.0,3.1430333333333333,optimal
2021-02-13 17:00:00,3,91,0.0,0.0,0.0,0.9838,optimal
2021-02-13 17:30:00,3,91,0.0,0.0,0.0,1.3341666666666667,optimal
2021-02-13 18:00:00,3,91,0.0,0.0,0.0,2.1784666666666666,optimal
2021-02-13 18:30:00,3,91,0.0,0.0,0.0,3.3899333333333335,optimal
2021-02-13 19:00:00,3,91,0.0,0.0,0.0,0.6835,optimal
2021-02-13 19:30:00,3,91,0.0,0.0,0.0,1.6588333333333332,optimal
2021-02-13 20:00:00,3,91,0.0,0.0,0.0,0.9991333333333332,optimal
2021-02-13 20:30:00,3,91,0.0,0.0,0.0,1.409266666666667,optimal
2021-02-13 21:00:00,3,91,0.0,0.0,0.0,2.050833333333333,optimal
2021-02-13 21:30:00,3,91,0.0,0.0,0.0,2.3735,optimal
2021-02-13 22:00:00,3,91,0.05971428571428571,0.0,0.0,1.514733333333333,optimal
2021-02-13 22:30:00,3,91,0.0,0.0,0.0,0.9185,optimal
2021-02-13 23:00:00,3,91,0.0,0.0,0.0,0.2526333333333333,optimal
2021-02-13 23:30:00,3,91,0.0,0.0,0.0,0.0755,optimal
2021-02-07 00:00:00,4,91,0.0,0.0,0.0,0.058,optimal
2021-02-07 00:30:00,4,91,0.0,0.0,0.0,0.058,optimal
2021-02-07 01:00:00,4,91,0.0,0.0,0.0,0.058,optimal
2021-02-07 01:30:00,4,91,0.0,0.0,0.0,0.058,optimal
2021-02-07 02:00:00,4,91,0.0,0.0,0.0,0.058,optimal
2021-02-07 02:30:00,4,91,0.0,0.0,0.0,0.058,optimal
2021-02-07 03:00:00,4,91,0.0,0.0,0.0,0.058,optimal
2021-02-07 03:30:00,4,91,0.0,0.0,0.0,0.058,optimal
2021-02-07 04:00:00,4,91,2.2857142857142856,0.0,0.0,0.058,optimal
2021-02-07 04:30:00,4,91,2.2857142857142856,0.0,0.0,0.058,optimal
2021-02-07 05:00:00,4,91,2.2857142857142856,0.0,0.0,0.058,optimal
2021-02-07 05:30:00,4,91,2.2857142857142856,0.0,0.0,0.058,optimal
2021-02-07 06:00:00,4,91,2.2857142857142856,0.0,0.0,0.058,optimal
2021-02-07 06:30:00,4,91,2.2857142857142856,0.0,0.0,0.058,optimal
2021-02-07 07:00:00,4,91,2.2857142857142856,0.0,0.0,0.058333333333333334,optimal
2021-02-07 07:30:00,4,91,0.0,0.0,0.0,0.06666666666666667,optimal
2021-02-07 08:00:00,4,91,0.0,0.0,0.0,0.08603333333333334,optimal
2021-02-07 08:30:00,4,91,0.0,0.0,0.0,0.071,optimal
2021-02-07 09:00:00,4,91,0.15380804968146183,0.0,0.0,0.4671,optimal
2021-02-07 09:30:00,4,91,0.9614166966654837,0.0,0.0,1.0492000000000001,optimal
2021-02-07 10:00:00,4,91,0.890832156293285,0.0,0.0,0.6133,optimal
2021-02-07 10:30:00,4,91,0.9307891859037806,0.0,0.0,0.15733333333333335,optimal
2021-02-07 11:00:00,4,91,0.841634494483934,0.0,0.0,0.1906,optimal
2021-02-07 11:30:00,4,91,0.8288021135315463,0.0,0.0,0.3071666666666667,optimal
2021-02-07 12:00:00,4,91,0.6342483180532197,0.0,0.0,0.4913,optimal
2021-02-07 12:30:00,4,91,0.5519987942436816,0.0,0.0,1.8947,optimal
2021-02-07 13:00:00,4,91,1.6507709553770824,0.0,0.0,0.4461,optimal
2021-02-07 13:30:00,4,91,2.2857142857142856,0.0,0.0,0.37739999999999996,optimal
2021-02-07 14:00:00,4,91,2.2857142857142856,0.0,0.0,0.5816333333333333,optimal
2021-02-07 14:30:00,4,91,2.2857142857142856,0.0,0.0,0.2717,optimal
2021-02-07 15:00:00,4,91,2.2857142857142856,0.0,0.0,0.08246666666666667,optimal
2021-02-07 15:30:00,4,91,2.2857142857142856,0.0,3.9961308198333634,0.1401,optimal
2021-02-07 16:00:00,4,91,0.0,0.0,0.0,0.11040000000000001,optimal
2021-02-07 16:30:00,4,91,0.0,0.0,0.0,0.0704,optimal
2021-02-07 17:00:00,4,91,0.0,0.0,0.0,0.10729999999999999,optimal
2021-02-07 17:30:00,4,91,0.0,0.0,0.0,0.4125,optimal
2021-02-07 18:00:00,4,91,0.0,0.0,0.0,0.2092,optimal
2021-02-07 18:30:00,4,91,0.0,0.0,0.0,0.2997333333333333,optimal
2021-02-07 19:00:00,4,91,0.0,0.0,0.0,0.26373333333333326,optimal
2021-02-07 19:30:00,4,91,0.0,0.0,0.0,0.3650333333333334,optimal
2021-02-07 20:00:00,4,91,0.0,0.0,0.0,0.48573333333333335,optimal
2021-02-07 20:30:00,4,91,0.0,0.0,0.0,0.9341,optimal
2021-02-07 21:00:00,4,91,0.0,0.0,0.0,0.2967333333333333,optimal
2021-02-07 21:30:00,4,91,0.0,0.0,0.0,0.5051,optimal
2021-02-07 22:00:00,4,91,0.0,0.0,0.0,0.4069,optimal
2021-02-07 22:30:00,4,91,0.0,0.0,0.0,0.4213,optimal
2021-02-07 23:00:00,4,91,0.0,0.0,0.0,0.11676666666666669,optimal
2021-02-07 23:30:00,4,91,0.0,0.0,0.0,0.068,optimal
2021-02-08 00:00:00,4,91,0.0,0.0,0.0,0.061,optimal
2021-02-08 00:30:00,4,91,0.0,0.0,0.0,0.12940000000000002,optimal
2021-02-08 01:00:00,4,91,0.0,0.0,0.0,0.171,optimal
2021-02-08 01:30:00,4,91,0.0,0.0,0.0,0.14466666666666667,optimal
2021-02-08 02:00:00,4,91,0.0,0.0,0.0,0.13873333333333332,optimal
2021-02-08 02:30:00,4,91,1.302533290319824,0.0,0.0,0.171,optimal
2021-02-08 03:00:00,4,91,2.2857142857142856,0.0,0.0,0.12940000000000002,optimal
2021-02-08 03:30:00,4,91,2.2857142857142856,0.0,0.0,0.14633333333333334,optimal
2021-02-08 04:00:00,4,91,2.2857142857142856,0.0,0.0,0.2094,optimal
2021-02-08 04:30:00,4,91,2.2857142857142856,0.0,0.0,0.1038,optimal
2021-02-08 05:00:00,4,91,2.2857142857142856,0.0,0.0,0.2019333333333333,optimal
2021-02-08 05:30:00,4,91,2.2857142857142856,0.0,0.0,0.171,optimal
2021-02-08 06:00:00,4,91,2.2857142857142856,0.0,0.0,0.2147333333333333,optimal
2021-02-08 06:30:00,4,91,2.2857142857142856,0.0,3.9356718327151667,0.106,optimal
2021-02-08 07:00:00,4,91,2.2857142857142856,0.0,10.0,0.2038,optimal
2021-02-08 07:30:00,4,91,2.2857142857142856,0.0,0.0,0.20466666666666664,optimal
2021-02-08 08:00:00,4,91,1.1144329101065842,0.0,0.0,0.3231,optimal
2021-02-08 08:30:00,4,91,1.2885118444789998,0.0,0.0,0.13353333333333334,optimal
2021-02-08 09:00:00,4,91,1.139332975787098,0.0,0.0,0.1916,optimal
2021-02-08 09:30:00,4,91,1.1417145742284966,0.0,0.0,0.1472,optimal
2021-02-08 10:00:00,4,91,0.9065718914473717,0.0,0.0,0.16293333333333335,optimal
2021-02-08 10:30:00,4,91,0.9107426739583452,0.0,0.0,0.1844,optimal
2021-02-08 11:00:00,4,91,0.695693371341193,0.0,0.0,0.06526666666666667,optimal
2021-02-08 11:30:00,4,91,0.6159096750640296,0.0,0.0,0.3204666666666666,optimal
2021-02-08 12:00:00,4,91,0.6010690244381461,0.0,0.0,0.06526666666666667,optimal
2021-02-08 12:30:00,4,91,0.5621302033123843,0.0,0.0,0.15346666666666667,optimal
2021-02-08 13:00:00,4,91,1.5383514051721752,0.0,0.0,0.183,optimal
2021-02-08 13:30:00,4,91,2.2857142857142856,0.0,0.0,0.1913333333333333,optimal
2021-02-08 14:00:00,4,91,2.2857142857142856,0.0,0.0,0.14733333333333334,optimal
2021-02-08 14:30:00,4,91,2.2857142857142856,0.0,0.0,0.6312333333333333,optimal
2021-02-08 15:00:00,4,91,2.2857142857142856,0.0,0.0,0.42419999999999997,optimal
2021-02-08 15:30:00,4,91,2.2857142857142856,0.0,0.0,0.5485333333333333,optimal
2021-02-08 16:00:00,4,91,0.0,0.0,0.0,0.07053333333333334,optimal
2021-02-08 16:30:00,4,91,0.0,0.0,0.0,0.6141,optimal
2021-02-08 17:00:00,4,91,0.0,0.0,0.0,2.1779333333333333,optimal
2021-02-08 17:30:00,4,91,0.0,0.0,0.0,0.2967666666666667,optimal
2021-02-08 18:00:00,4,91,0.0,0.0,0.0,0.43223333333333336,optimal
2021-02-08 18:30:00,4,91,0.0,0.0,0.0,0.7791666666666667,optimal
2021-02-08 19:00:00,4,91,0.0,0.0,0.0,0.37226666666666663,optimal
2021-02-08 19:30:00,4,91,0.0,0.0,0.0,0.6607333333333334,optimal
2021-02-08 20:00:00,4,91,0.0,0.0,0.0,0.3771666666666667,optimal
2021-02-08 20:30:00,4,91,0.0,0.0,0.0,0.4243,optimal
2021-02-08 21:00:00,4,91,0.0,0.0,0.0,0.27853333333333335,optimal
2021-02-08 21:30:00,4,91,0.0,0.0,0.0,0.26143333333333335,optimal
2021-02-08 22:00:00,4,91,0.6966666666666668,0.0,0.0,0.5107333333333334,optimal
2021-02-08 22:30:00,4,91,0.0,0.0,0.0,0.43846666666666656,optimal
2021-02-08 23:00:00,4,91,0.0,0.0,0.0,0.3161333333333333,optimal
2021-02-08 23:30:00,4,91,0.0,0.0,0.0,0.12966666666666665,optimal
2021-02-09 00:00:00,4,91,0.0,0.0,0.0,0.054,optimal
2021-02-09 00:30:00,4,91,0.4578095238095238,0.0,0.0,0.09570000000000001,optimal
2021-02-09 01:00:00,4,91,0.0,0.0,0.0,0.2660666666666667,optimal
2021-02-09 01:30:00,4,91,0.0,0.0,0.0,0.06393333333333333,optimal
2021-02-09 02:00:00,4,91,0.49820600501401435,0.0,0.0,0.26543333333333335,optimal
2021-02-09 02:30:00,4,91,2.2857142857142856,0.0,0.0,0.117,optimal
2021-02-09 03:00:00,4,91,2.2857142857142856,0.0,0.0,0.1138,optimal
2021-02-09 03:30:00,4,91,2.2857142857142856,0.0,0.0,0.1572666666666667,optimal
2021-02-09 04:00:00,4,91,2.2857142857142856,0.0,0.0,0.16,optimal
2021-02-09 04:30:00,4,91,2.2857142857142856,0.0,0.0,0.1038,optimal
2021-02-09 05:00:00,4,91,2.2857142857142856,0.0,0.0,0.25266666666666665,optimal
2021-02-09 05:30:00,4,91,2.2857142857142856,0.0,0.0,0.06459999999999999,optimal
2021-02-09 06:00:00,4,91,2.2857142857142856,0.0,0.0,0.15666666666666665,optimal
2021-02-09 06:30:00,4,91,2.2857142857142856,0.0,0.0,0.18059999999999998,optimal
2021-02-09 07:00:00,4,91,2.2857142857142856,0.0,8.56442307494955,0.14666666666666667,optimal
2021-02-09 07:30:00,4,91,2.2857142857142856,0.0,0.0,0.17733333333333334,optimal
2021-02-09 08:00:00,4,91,1.2421718908867871,0.0,0.0,0.17343333333333333,optimal
2021-02-09 08:30:00,4,91,0.9131134893281881,0.0,0.0,1.831766666666667,optimal
2021-02-09 09:00:00,4,91,0.9411123059160381,0.0,0.0,0.45676666666666665,optimal
2021-02-09 09:30:00,4,91,0.8984812170845563,0.0,0.0,0.3666666666666667,optimal
2021-02-09 10:00:00,4,91,0.729114286417671,0.0,0.0,0.1041,optimal
2021-02-09 10:30:00,4,91,0.707778855248566,0.0,0.0,0.2205,optimal
2021-02-09 11:00:00,4,91,0.4648291852784611,0.0,0.0,0.28246666666666664,optimal
2021-02-09 11:30:00,4,91,0.47223257523513,0.0,0.0,0.41453333333333336,optimal
2021-02-09 12:00:00,4,91,0.3490553898276783,0.0,0.0,0.3232333333333333,optimal
2021-02-09 12:30:00,4,91,0.38205199987101734,0.0,0.0,0.22496666666666668,optimal
2021-02-09 13:00:00,4,91,1.7673777025485382,0.0,0.0,0.2647,optimal
2021-02-09 13:30:00,4,91,2.2857142857142856,0.0,0.0,0.2352333333333333,optimal
2021-02-09 14:00:00,4,91,2.2857142857142856,0.0,0.0,0.32180000000000003,optimal
2021-02-09 14:30:00,4,91,2.2857142857142856,0.0,0.0,0.2796,optimal
2021-02-09 15:00:00,4,91,2.2857142857142856,0.0,0.0,0.3024,optimal
2021-02-09 15:30:00,4,91,2.2857142857142856,0.0,0.0,0.3462,optimal
2021-02-09 16:00:00,4,91,0.0,0.0,0.0,0.5374333333333333,optimal
2021-02-09 16:30:00,4,91,0.0,0.0,0.0,1.4514,optimal
2021-02-09 17:00:00,4,91,0.0,0.0,0.0,1.5924333333333334,optimal
2021-02-09 17:30:00,4,91,0.0,0.0,0.0,0.2164,optimal
2021-02-09 18:00:00,4,91,0.0,0.0,0.0,0.1757,optimal
2021-02-09 18:30:00,4,91,0.0,0.0,0.0,0.2624666666666666,optimal
2021-02-09 19:00:00,4,91,0.0,0.0,0.0,0.071,optimal
2021-02-09 19:30:00,4,91,0.0,0.0,0.0,0.1673,optimal
2021-02-09 20:00:00,4,91,0.0,0.0,0.0,0.2197666666666667,optimal
2021-02-09 20:30:00,4,91,0.0,0.0,0.0,0.14516666666666667,optimal
2021-02-09 21:00:00,4,91,0.0,0.0,0.0,0.4129,optimal
2021-02-09 21:30:00,4,91,0.0,0.0,0.0,0.2024333333333333,optimal
2021-02-09 22:00:00,4,91,0.0,0.0,0.0,0.2287333333333333,optimal
2021-02-09 22:30:00,4,91,0.0,0.0,0.0,0.345,optimal
2021-02-09 23:00:00,4,91,0.0,0.0,0.0,0.2874,optimal
2021-02-09 23:30:00,4,91,0.0,0.0,0.0,0.09179999999999999,optimal
2021-02-10 00:00:00,4,91,0.0,0.0,0.0,0.064,optimal
2021-02-10 00:30:00,4,91,0.7563809523809523,0.0,0.0,0.135,optimal
2021-02-10 01:00:00,4,91,0.0,0.0,0.0,0.1492,optimal
2021-02-10 01:30:00,4,91,0.0,0.0,0.0,0.064,optimal
2021-02-10 02:00:00,4,91,1.464243801656105,0.0,0.0,0.22553333333333334,optimal
2021-02-10 02:30:00,4,91,2.2857142857142856,0.0,0.0,0.06866666666666667,optimal
2021-02-10 03:00:00,4,91,2.2857142857142856,0.0,0.0,0.135,optimal
2021-02-10 03:30:00,4,91,2.2857142857142856,0.0,0.0,0.1492,optimal
2021-02-10 04:00:00,4,91,2.2857142857142856,0.0,0.0,0.064,optimal
2021-02-10 04:30:00,4,91,2.2857142857142856,0.0,0.0,0.22019999999999998,optimal
2021-02-10 05:00:00,4,91,2.2857142857142856,0.0,0.0,0.064,optimal
2021-02-10 05:30:00,4,91,2.2857142857142856,0.0,0.0,0.064,optimal
2021-02-10 06:00:00,4,91,2.2857142857142856,0.0,8.832479657591294,0.22019999999999998,optimal
2021-02-10 06:30:00,4,91,2.2857142857142856,0.0,10.0,0.064,optimal
2021-02-10 07:00:00,4,91,2.2857142857142856,0.0,10.0,0.15630000000000002,optimal
2021-02-10 07:30:00,4,91,2.2857142857142856,0.0,0.0,0.13323333333333331,optimal
2021-02-10 08:00:00,4,91,1.199466091362716,0.0,0.0,1.8454000000000002,optimal
2021-02-10 08:30:00,4,91,1.1253196511893502,0.0,0.0,1.7745333333333333,optimal
2021-02-10 09:00:00,4,91,1.0207754927947352,0.0,0.0,0.5546333333333333,optimal
2021-02-10 09:30:00,4,91,1.1795719097642212,0.0,0.0,0.1696,optimal
2021-02-10 10:00:00,4,91,0.8690581331632995,0.0,0.0,0.349,optimal
2021-02-10 10:30:00,4,91,0.8846111601761257,0.0,0.0,0.1237,optimal
2021-02-10 11:00:00,4,91,0.7072119003482328,0.0,0.0,0.074,optimal
2021-02-10 11:30:00,4,91,0.6597710612139229,0.0,0.0,0.216,optimal
2021-02-10 12:00:00,4,91,0.4551268272173367,0.0,0.0,0.0882,optimal
2021-02-10 12:30:00,4,91,0.4328125415030469,0.0,0.0,0.1663,optimal
2021-02-10 13:00:00,4,91,2.2857142857142856,0.0,0.0,0.1379,optimal
2021-02-10 13:30:00,4,91,2.2857142857142856,0.0,0.0,0.074,optimal
2021-02-10 14:00:00,4,91,2.2857142857142856,0.0,0.0,0.1805,optimal
2021-02-10 14:30:00,4,91,2.2857142857142856,0.0,0.0,0.1237,optimal
2021-02-10 15:00:00,4,91,2.2857142857142856,0.0,0.0,0.1166,optimal
2021-02-10 15:30:00,4,91,2.2857142857142856,0.0,0.0,0.1876,optimal
2021-02-10 16:00:00,4,91,0.0,0.0,0.0,0.074,optimal
2021-02-10 16:30:00,4,91,0.0,0.0,0.0,0.2018,optimal
2021-02-10 17:00:00,4,91,0.0,0.0,0.0,0.11493333333333333,optimal
2021-02-10 17:30:00,4,91,0.0,0.0,0.0,0.17573333333333332,optimal
2021-02-10 18:00:00,4,91,0.0,0.0,0.0,0.31526666666666664,optimal
2021-02-10 18:30:00,4,91,0.0,0.0,0.0,0.28883333333333333,optimal
2021-02-10 19:00:00,4,91,0.0,0.0,0.0,0.3296,optimal
2021-02-10 19:30:00,4,91,0.24740604825292548,0.0,0.0,0.45030000000000003,optimal
2021-02-10 20:00:00,4,91,1.1956659685072735,0.0,0.0,0.38423333333333337,optimal
2021-02-10 20:30:00,4,91,0.0,0.0,0.0,0.4059666666666666,optimal
2021-02-10 21:00:00,4,91,0.0,0.0,0.0,0.11309999999999999,optimal
2021-02-10 21:30:00,4,91,0.0,0.0,0.0,0.3821,optimal
2021-02-10 22:00:00,4,91,0.0,0.0,0.0,0.32966666666666666,optimal
2021-02-10 22:30:00,4,91,0.0,0.0,0.0,0.1166,optimal
2021-02-10 23:00:00,4,91,0.0,0.0,0.0,0.1876,optimal
2021-02-10 23:30:00,4,91,0.0,0.0,0.0,0.07266666666666667,optimal
2021-02-11 00:00:00,4,91,0.0,0.0,0.0,0.07566666666666667,optimal
2021-02-11 00:30:00,4,91,0.13046133002562696,0.0,0.0,0.069,optimal
2021-02-11 01:00:00,4,91,2.2857142857142856,0.0,0.0,0.069,optimal
2021-02-11 01:30:00,4,91,2.2857142857142856,0.0,0.0,0.069,optimal
2021-02-11 02:00:00,4,91,2.2857142857142856,0.0,0.0,0.069,optimal
2021-02-11 02:30:00,4,91,2.2857142857142856,0.0,0.0,0.069,optimal
2021-02-11 03:00:00,4,91,2.2857142857142856,0.0,0.0,0.069,optimal
2021-02-11 03:30:00,4,91,2.2857142857142856,0.0,0.0,0.069,optimal
2021-02-11 04:00:00,4,91,2.2857142857142856,0.0,0.0,0.069,optimal
2021-02-11 04:30:00,4,91,2.2857142857142856,0.0,0.0,0.069,optimal
2021-02-11 05:00:00,4,91,2.2857142857142856,0.0,0.0,0.069,optimal
2021-02-11 05:30:00,4,91,2.2857142857142856,0.0,0.0,0.069,optimal
2021-02-11 06:00:00,4,91,2.2857142857142856,0.0,0.0,0.072,optimal
2021-02-11 06:30:00,4,91,2.2857142857142856,0.0,5.879108278178469,0.079,optimal
2021-02-11 07:00:00,4,91,2.2857142857142856,0.0,10.0,0.07533333333333334,optimal
2021-02-11 07:30:00,4,91,2.2857142857142856,0.0,0.0,0.067,optimal
2021-02-11 08:00:00,4,91,1.497478479892346,0.0,0.0,0.06833333333333333,optimal
2021-02-11 08:30:00,4,91,1.5314968814509489,0.0,0.0,0.07766666666666668,optimal
2021-02-11 09:00:00,4,91,1.354927541189107,0.0,0.0,0.076,optimal
2021-02-11 09:30:00,4,91,1.241582266901624,0.0,0.0,0.069,optimal
2021-02-11 10:00:00,4,91,0.8214298258726925,0.0,0.0,0.069,optimal
2021-02-11 10:30:00,4,91,0.8626462892499592,0.0,0.0,0.069,optimal
2021-02-11 11:00:00,4,91,0.6612061752953518,0.0,0.0,0.07666666666666667,optimal
2021-02-11 11:30:00,4,91,0.6096855960737685,0.0,0.0,0.07166666666666667,optimal
2021-02-11 12:00:00,4,91,0.3712915607460498,0.0,0.0,0.069,optimal
2021-02-11 12:30:00,4,91,0.3266403920873215,0.0,0.0,0.069,optimal
2021-02-11 13:00:00,4,91,2.2857142857142856,0.0,0.0,0.072,optimal
2021-02-11 13:30:00,4,91,2.2857142857142856,0.0,0.0,0.079,optimal
2021-02-11 14:00:00,4,91,2.2857142857142856,0.0,0.0,0.076,optimal
2021-02-11 14:30:00,4,91,2.2857142857142856,0.0,0.0,0.069,optimal
2021-02-11 15:00:00,4,91,2.2857142857142856,0.0,0.0,0.069,optimal
2021-02-11 15:30:00,4,91,2.2857142857142856,0.0,0.0,0.072,optimal
2021-02-11 16:00:00,4,91,0.0,0.0,0.0,0.079,optimal
2021-02-11 16:30:00,4,91,0.0,0.0,0.0,0.079,optimal
2021-02-11 17:00:00,4,91,0.0,0.0,0.0,0.079,optimal
2021-02-11 17:30:00,4,91,0.0,0.0,0.0,0.079,optimal
2021-02-11 18:00:00,4,91,0.0,0.0,0.0,0.17833333333333334,optimal
2021-02-11 18:30:00,4,91,0.0,0.0,0.0,0.2527333333333333,optimal
2021-02-11 19:00:00,4,91,0.0,0.0,0.0,0.362,optimal
2021-02-11 19:30:00,4,91,0.9599737332195392,0.0,0.0,0.3476,optimal
2021-02-11 20:00:00,4,91,1.6050183345742324,0.0,0.0,0.3487,optimal
2021-02-11 20:30:00,4,91,0.0,0.0,0.0,0.4084666666666666,optimal
2021-02-11 21:00:00,4,91,0.0,0.0,0.0,0.3497333333333333,optimal
2021-02-11 21:30:00,4,91,0.0,0.0,0.0,0.31660000000000005,optimal
2021-02-11 22:00:00,4,91,0.0398095238095238,0.0,0.0,0.35186666666666666,optimal
2021-02-11 22:30:00,4,91,0.0,0.0,0.0,0.3697,optimal
2021-02-11 23:00:00,4,91,0.0,0.0,0.0,0.079,optimal
2021-02-11 23:30:00,4,91,0.0,0.0,0.0,0.07833333333333332,optimal
2021-02-12 00:00:00,4,91,0.03569315530501678,0.0,0.0,0.057,optimal
2021-02-12 00:30:00,4,91,2.2857142857142856,0.0,0.0,0.08286666666666666,optimal
2021-02-12 01:00:00,4,91,2.2857142857142856,0.0,0.0,1.108,optimal
2021-02-12 01:30:00,4,91,2.2857142857142856,0.0,0.0,0.15736666666666668,optimal
2021-02-12 02:00:00,4,91,2.2857142857142856,0.0,0.0,0.19926666666666668,optimal
2021-02-12 02:30:00,4,91,2.2857142857142856,0.0,0.0,0.057,optimal
2021-02-12 03:00:00,4,91,2.2857142857142856,0.0,0.0,0.08933333333333333,optimal
2021-02-12 03:30:00,4,91,2.2857142857142856,0.0,0.0,0.16693333333333335,optimal
2021-02-12 04:00:00,4,91,2.2857142857142856,0.0,0.0,0.057,optimal
2021-02-12 04:30:00,4,91,2.2857142857142856,0.0,0.0,0.16046666666666667,optimal
2021-02-12 05:00:00,4,91,2.2857142857142856,0.0,0.0,0.0958,optimal
2021-02-12 05:30:00,4,91,2.2857142857142856,0.0,0.0,0.07640000000000001,optimal
2021-02-12 06:00:00,4,91,2.2857142857142856,0.0,0.0,0.17986666666666667,optimal
2021-02-12 06:30:00,4,91,2.2857142857142856,0.0,2.1320635805708315,0.057,optimal
2021-02-12 07:00:00,4,91,2.2857142857142856,0.0,10.0,0.3486666666666667,optimal
2021-02-12 07:30:00,4,91,2.2857142857142856,0.0,0.0,0.39426666666666665,optimal
2021-02-12 08:00:00,4,91,2.2857142857142856,0.0,0.0,0.32326666666666665,optimal
2021-02-12 08:30:00,4,91,2.2857142857142856,0.0,0.0,0.5684,optimal
2021-02-12 09:00:00,4,91,1.2549015553475726,0.0,0.0,0.9567333333333332,optimal
2021-02-12 09:30:00,4,91,0.9190890790209116,0.0,0.0,1.026,optimal
2021-02-12 10:00:00,4,91,0.8423633664816731,0.0,0.0,0.08286666666666666,optimal
2021-02-12 10:30:00,4,91,0.822276200420637,0.0,0.0,0.065,optimal
2021-02-12 11:00:00,4,91,0.27893113689855764,0.0,0.0,0.7279333333333333,optimal
2021-02-12 11:30:00,4,91,0.33056309828377145,0.0,0.0,0.45480000000000004,optimal
2021-02-12 12:00:00,4,91,0.10843730380310647,0.0,0.0,1.3667,optimal
2021-02-12 12:30:00,4,91,0.0,0.0,0.0,2.648333333333333,optimal
2021-02-12 13:00:00,4,91,1.6528898458589452,0.0,0.0,2.2135,optimal
2021-02-12 13:30:00,4,91,2.2857142857142856,0.0,0.0,0.242,optimal
2021-02-12 14:00:00,4,91,2.2857142857142856,0.0,0.0,0.32693333333333335,optimal
2021-02-12 14:30:00,4,91,2.2857142857142856,0.0,0.0,0.2834333333333333,optimal
2021-02-12 15:00:00,4,91,2.2857142857142856,0.0,0.0,0.1512666666666667,optimal
2021-02-12 15:30:00,4,91,2.2857142857142856,0.0,0.0,0.3788,optimal
2021-02-12 16:00:00,4,91,0.0,0.0,0.0,0.084,optimal
2021-02-12 16:30:00,4,91,0.0,0.0,0.0,0.3902,optimal
2021-02-12 17:00:00,4,91,0.0,0.0,0.0,0.37626666666666664,optimal
2021-02-12 17:30:00,4,91,0.0,0.0,0.0,0.2184,optimal
2021-02-12 18:00:00,4,91,0.0,0.0,0.0,0.4386666666666667,optimal
2021-02-12 18:30:00,4,91,0.0,0.0,0.0,0.3075333333333334,optimal
2021-02-12 19:00:00,4,91,0.0,0.0,0.0,0.2092,optimal
2021-02-12 19:30:00,4,91,0.0,0.0,0.0,0.4408,optimal
2021-02-12 20:00:00,4,91,0.0,0.0,0.0,0.192,optimal
2021-02-12 20:30:00,4,91,0.0,0.0,0.0,0.6108666666666667,optimal
2021-02-12 21:00:00,4,91,0.0,0.0,0.0,0.5772666666666667,optimal
2021-02-12 21:30:00,4,91,0.0,0.0,0.0,0.4242666666666666,optimal
2021-02-12 22:00:00,4,91,0.0,0.0,0.0,0.6397999999999999,optimal
2021-02-12 22:30:00,4,91,0.39809523809523806,0.0,0.0,0.171,optimal
2021-02-12 23:00:00,4,91,0.0,0.0,0.0,0.067,optimal
2021-02-12 23:30:00,4,91,0.0,0.0,0.0,0.20926666666666668,optimal
2021-02-13 00:00:00,4,91,0.0,0.0,0.0,0.062,optimal
2021-02-13 00:30:00,4,91,2.2857142857142856,0.0,0.0,0.062,optimal
2021-02-13 01:00:00,4,91,1.5957142857142859,0.0,0.0,0.15430000000000002,optimal
2021-02-13 01:30:00,4,91,0.0,0.0,0.0,0.1259,optimal
2021-02-13 02:00:00,4,91,1.255908069646001,0.0,0.0,0.16293333333333335,optimal
2021-02-13 02:30:00,4,91,2.2857142857142856,0.0,0.0,0.19406666666666664,optimal
2021-02-13 03:00:00,4,91,2.2857142857142856,0.0,0.0,0.062,optimal
2021-02-13 03:30:00,4,91,2.2857142857142856,0.0,0.0,0.1388,optimal
2021-02-13 04:00:00,4,91,2.2857142857142856,0.0,0.0,0.21819999999999998,optimal
2021-02-13 04:30:00,4,91,2.2857142857142856,0.0,0.0,0.08333333333333333,optimal
2021-02-13 05:00:00,4,91,2.2857142857142856,0.0,0.0,0.22396666666666668,optimal
2021-02-13 05:30:00,4,91,2.2857142857142856,0.0,0.0,0.11170000000000001,optimal
2021-02-13 06:00:00,4,91,2.2857142857142856,0.0,1.7824362979447237,0.06133333333333334,optimal
2021-02-13 06:30:00,4,91,2.2857142857142856,0.0,10.0,0.42660000000000003,optimal
2021-02-13 07:00:00,4,91,2.2857142857142856,0.0,10.0,0.7875,optimal
2021-02-13 07:30:00,4,91,2.2857142857142856,0.0,0.0,0.44789999999999996,optimal
2021-02-13 08:00:00,4,91,1.1700923330511088,0.0,0.0,0.3882,optimal
2021-02-13 08:30:00,4,91,1.110488103960151,0.0,0.0,1.7867666666666668,optimal
2021-02-13 09:00:00,4,91,0.9925303999407066,0.0,0.0,0.5341333333333333,optimal
2021-02-13 09:30:00,4,91,1.0482254449620803,0.0,0.0,0.4427,optimal
2021-02-13 10:00:00,4,91,0.7679276561546797,0.0,0.0,0.3988,optimal
2021-02-13 10:30:00,4,91,0.7661539032541926,0.0,0.0,0.37089999999999995,optimal
2021-02-13 11:00:00,4,91,0.4480636766872218,0.0,0.0,0.41133333333333333,optimal
2021-02-13 11:30:00,4,91,0.5704480190248252,0.0,0.0,0.17796666666666666,optimal
2021-02-13 12:00:00,4,91,0.38553806609443203,0.0,0.0,0.2706,optimal
2021-02-13 12:30:00,4,91,0.40021151267442484,0.0,0.0,0.1092,optimal
2021-02-13 13:00:00,4,91,2.133754456651733,0.0,0.0,0.2061,optimal
2021-02-13 13:30:00,4,91,2.2857142857142856,0.0,0.0,0.33636666666666665,optimal
2021-02-13 14:00:00,4,91,2.2857142857142856,0.0,0.0,0.30726666666666663,optimal
2021-02-13 14:30:00,4,91,2.2857142857142856,0.0,0.0,0.2334,optimal
2021-02-13 15:00:00,4,91,2.2857142857142856,0.0,0.0,0.5328999999999999,optimal
2021-02-13 15:30:00,4,91,2.2857142857142856,0.0,0.0,0.21246666666666666,optimal
2021-02-13 16:00:00,4,91,0.0,0.0,0.0,1.4045333333333334,optimal
2021-02-13 16:30:00,4,91,0.0,0.0,0.0,0.5184333333333333,optimal
2021-02-13 17:00:00,4,91,0.0,0.0,0.0,1.2404000000000002,optimal
2021-02-13 17:30:00,4,91,0.0,0.0,0.0,0.47533333333333333,optimal
2021-02-13 18:00:00,4,91,0.0,0.0,0.0,0.6007666666666667,optimal
2021-02-13 18:30:00,4,91,0.0,0.0,0.0,0.2848333333333333,optimal
2021-02-13 19:00:00,4,91,0.0,0.0,0.0,0.41693333333333327,optimal
2021-02-13 19:30:00,4,91,0.0,0.0,0.0,0.5287000000000001,optimal
2021-02-13 20:00:00,4,91,0.0,0.0,0.0,0.5765333333333333,optimal
2021-02-13 20:30:00,4,91,0.0,0.0,0.0,0.9587666666666668,optimal
2021-02-13 21:00:00,4,91,0.0,0.0,0.0,0.8399333333333333,optimal
2021-02-13 21:30:00,4,91,0.0,0.0,0.0,0.7560333333333333,optimal
2021-02-13 22:00:00,4,91,0.11942857142857143,0.0,0.0,0.1998,optimal
2021-02-13 22:30:00,4,91,0.0,0.0,0.0,0.7022999999999999,optimal
2021-02-13 23:00:00,4,91,0.0,0.0,0.0,0.4224666666666666,optimal
2021-02-13 23:30:00,4,91,0.0,0.0,0.0,0.23706666666666665,optimal
2021-02-07 00:00:00,5,91,0.0,0.0,0.0,0.059,optimal
2021-02-07 00:30:00,5,91,0.0,0.0,0.0,0.06433333333333333,optimal
2021-02-07 01:00:00,5,91,0.0,0.0,0.0,0.1448,optimal
2021-02-07 01:30:00,5,91,0.0,0.0,0.0,0.11259999999999999,optimal
2021-02-07 02:00:00,5,91,0.0,0.0,0.0,0.15280000000000002,optimal
2021-02-07 02:30:00,5,91,0.0,0.0,0.0,0.1255,optimal
2021-02-07 03:00:00,5,91,0.0,0.0,0.0,0.19519999999999998,optimal
2021-02-07 03:30:00,5,91,0.0,0.0,0.0,0.30093333333333333,optimal
2021-02-07 04:00:00,5,91,2.142857142857143,0.0,0.0,0.126,optimal
2021-02-07 04:30:00,5,91,2.142857142857143,0.0,0.0,0.21919999999999998,optimal
2021-02-07 05:00:00,5,91,2.142857142857143,0.0,0.0,0.059,optimal
2021-02-07 05:30:00,5,91,2.142857142857143,0.0,0.0,0.2117333333333333,optimal
2021-02-07 06:00:00,5,91,2.142857142857143,0.0,0.0,0.095,optimal
2021-02-07 06:30:00,5,91,2.142857142857143,0.0,0.0,0.2596333333333333,optimal
2021-02-07 07:00:00,5,91,2.142857142857143,0.0,1.6063785740462473,0.17733333333333334,optimal
2021-02-07 07:30:00,5,91,0.0,0.0,0.0,0.1368,optimal
2021-02-07 08:00:00,5,91,0.0,0.0,0.0,0.08326666666666667,optimal
2021-02-07 08:30:00,5,91,0.0,0.0,0.0,0.5465666666666668,optimal
2021-02-07 09:00:00,5,91,0.0,0.0,0.0,0.19023333333333328,optimal
2021-02-07 09:30:00,5,91,0.4702135702841274,0.0,0.0,0.38576666666666665,optimal
2021-02-07 10:00:00,5,91,0.7172531086742229,0.0,0.0,0.3693333333333333,optimal
2021-02-07 10:30:00,5,91,0.7406749001894771,0.0,0.0,0.45139999999999997,optimal
2021-02-07 11:00:00,5,91,0.6626497325791797,0.0,0.0,0.4396666666666667,optimal
2021-02-07 11:30:00,5,91,0.6804402087696487,0.0,0.0,0.49656666666666666,optimal
2021-02-07 12:00:00,5,91,0.5710368894817854,0.0,0.0,0.40273333333333333,optimal
2021-02-07 12:30:00,5,91,0.5414711751960775,0.0,0.0,1.6974333333333333,optimal
2021-02-07 13:00:00,5,91,2.142857142857143,0.0,0.0,0.4477,optimal
2021-02-07 13:30:00,5,91,2.142857142857143,0.0,0.0,0.4755,optimal
2021-02-07 14:00:00,5,91,2.142857142857143,0.0,0.0,0.24253333333333332,optimal
2021-02-07 14:30:00,5,91,2.142857142857143,0.0,0.0,1.6650999999999998,optimal
2021-02-07 15:00:00,5,91,2.142857142857143,0.0,0.0,2.6512333333333333,optimal
2021-02-07 15:30:00,5,91,2.142857142857143,0.0,0.0,1.4544666666666668,optimal
2021-02-07 16:00:00,5,91,0.0,0.0,0.0,0.1159,optimal
2021-02-07 16:30:00,5,91,0.0,0.0,0.0,0.14880000000000002,optimal
2021-02-07 17:00:00,5,91,0.0,0.0,0.0,0.1628,optimal
2021-02-07 17:30:00,5,91,0.0,0.0,0.0,0.26746666666666663,optimal
2021-02-07 18:00:00,5,91,0.0,0.0,0.0,0.22983333333333328,optimal
2021-02-07 18:30:00,5,91,0.0,0.0,0.0,0.22703333333333334,optimal
2021-02-07 19:00:00,5,91,0.0,0.0,0.0,0.38630000000000003,optimal
2021-02-07 19:30:00,5,91,0.38044555716962547,0.0,0.0,0.069,optimal
2021-02-07 20:00:00,5,91,1.220987847292451,0.0,0.0,0.14880000000000002,optimal
2021-02-07 20:30:00,5,91,0.0,0.0,0.0,0.203,optimal
2021-02-07 21:00:00,5,91,0.0,0.0,0.0,0.16219999999999998,optimal
2021-02-07 21:30:00,5,91,0.0,0.0,0.0,0.069,optimal
2021-02-07 22:00:00,5,91,0.0,0.0,0.0,0.19416666666666663,optimal
2021-02-07 22:30:00,5,91,0.0,0.0,0.0,0.2875,optimal
2021-02-07 23:00:00,5,91,0.0,0.0,0.0,0.1427,optimal
2021-02-07 23:30:00,5,91,0.0,0.0,0.0,0.1689,optimal
2021-02-08 00:00:00,5,91,0.0,0.0,0.0,0.129,optimal
2021-02-08 00:30:00,5,91,0.0,0.0,0.0,0.077,optimal
2021-02-08 01:00:00,5,91,0.0,0.0,0.0,0.064,optimal
2021-02-08 01:30:00,5,91,0.0,0.0,0.0,0.064,optimal
2021-02-08 02:00:00,5,91,1.9874284401047186,0.0,0.0,0.064,optimal
2021-02-08 02:30:00,5,91,2.142857142857143,0.0,0.0,0.064,optimal
2021-02-08 03:00:00,5,91,2.142857142857143,0.0,0.0,0.142,optimal
2021-02-08 03:30:00,5,91,2.142857142857143,0.0,0.0,0.06833333333333333,optimal
2021-02-08 04:00:00,5,91,2.142857142857143,0.0,0.0,0.13766666666666666,optimal
2021-02-08 04:30:00,5,91,2.142857142857143,0.0,0.0,0.064,optimal
2021-02-08 05:00:00,5,91,2.142857142857143,0.0,0.0,0.077,optimal
2021-02-08 05:30:00,5,91,2.142857142857143,0.0,0.0,0.129,optimal
2021-02-08 06:00:00,5,91,2.142857142857143,0.0,0.0,0.064,optimal
2021-02-08 06:30:00,5,91,2.142857142857143,0.0,0.0,0.098,optimal
2021-02-08 07:00:00,5,91,2.142857142857143,0.0,0.0,0.119,optimal
2021-02-08 07:30:00,5,91,2.142857142857143,0.0,0.0,0.062,optimal
2021-02-08 08:00:00,5,91,1.22097576724946,0.0,0.0,0.06333333333333334,optimal
2021-02-08 08:30:00,5,91,1.2377499397170995,0.0,0.0,0.14366666666666666,optimal
2021-02-08 09:00:00,5,91,1.063732975787102,0.0,0.0,0.11366666666666668,optimal
2021-02-08 09:30:00,5,91,1.0536098123237518,0.0,0.0,0.15769999999999998,optimal
2021-02-08 10:00:00,5,91,0.814722367637841,0.0,0.0,1.0411666666666668,optimal
2021-02-08 10:30:00,5,91,0.8307521977678731,0.0,0.0,0.11916666666666668,optimal
2021-02-08 11:00:00,5,91,0.35004003800785094,0.0,0.0,2.097933333333333,optimal
2021-02-08 11:30:00,5,91,0.31201443696878234,0.0,0.0,1.1669,optimal
2021-02-08 12:00:00,5,91,0.473088072057185,0.0,0.0,0.26893333333333336,optimal
2021-02-08 12:30:00,5,91,0.41158353664572056,0.0,0.0,0.4171,optimal
2021-02-08 13:00:00,5,91,2.142857142857143,0.0,0.014195141661102036,0.41843333333333327,optimal
2021-02-08 13:30:00,5,91,2.142857142857143,0.0,10.0,0.3758666666666667,optimal
2021-02-08 14:00:00,5,91,2.142857142857143,0.0,10.0,0.358,optimal
2021-02-08 14:30:00,5,91,2.142857142857143,0.0,0.0,0.24969999999999998,optimal
2021-02-08 15:00:00,5,91,2.142857142857143,0.0,0.0,0.074,optimal
2021-02-08 15:30:00,5,91,2.142857142857143,0.0,0.0,0.173,optimal
2021-02-08 16:00:00,5,91,0.0,0.0,0.0,0.173,optimal
2021-02-08 16:30:00,5,91,0.0,0.0,0.0,0.152,optimal
2021-02-08 17:00:00,5,91,0.0,0.0,0.0,0.074,optimal
2021-02-08 17:30:00,5,91,0.0,0.0,0.0,0.074,optimal
2021-02-08 18:00:00,5,91,0.0,0.0,0.0,0.074,optimal
2021-02-08 18:30:00,5,91,0.0,0.0,0.0,0.10433333333333332,optimal
2021-02-08 19:00:00,5,91,0.0,0.0,0.0,0.5196333333333333,optimal
2021-02-08 19:30:00,5,91,0.6636318886327744,0.0,0.0,0.3974,optimal
2021-02-08 20:00:00,5,91,1.1605310237441853,0.0,0.0,0.39513333333333334,optimal
2021-02-08 20:30:00,5,91,0.0,0.0,0.0,0.10433333333333332,optimal
2021-02-08 21:00:00,5,91,0.0,0.0,0.0,0.12166666666666669,optimal
2021-02-08 21:30:00,5,91,0.0,0.0,0.0,0.1928,optimal
2021-02-08 22:00:00,5,91,0.09952380952380951,0.0,0.0,0.6541,optimal
2021-02-08 22:30:00,5,91,0.0,0.0,0.0,0.2029,optimal
2021-02-08 23:00:00,5,91,0.0,0.0,0.0,0.24206666666666662,optimal
2021-02-08 23:30:00,5,91,0.0,0.0,0.0,0.223,optimal
2021-02-09 00:00:00,5,91,0.0,0.0,0.0,0.08233333333333333,optimal
2021-02-09 00:30:00,5,91,2.142857142857143,0.0,0.0,0.07446666666666667,optimal
2021-02-09 01:00:00,5,91,0.27636761904761875,0.0,0.0,0.043,optimal
2021-02-09 01:30:00,5,91,0.9457390789933994,0.0,0.0,0.0994,optimal
2021-02-09 02:00:00,5,91,2.142857142857143,0.0,0.0,0.19526666666666667,optimal
2021-02-09 02:30:00,5,91,2.142857142857143,0.0,0.0,0.043,optimal
2021-02-09 03:00:00,5,91,2.142857142857143,0.0,0.0,0.15766666666666665,optimal
2021-02-09 03:30:00,5,91,2.142857142857143,0.0,0.0,0.137,optimal
2021-02-09 04:00:00,5,91,2.142857142857143,0.0,0.0,0.09413333333333335,optimal
2021-02-09 04:30:00,5,91,2.142857142857143,0.0,0.0,0.188,optimal
2021-02-09 05:00:00,5,91,2.142857142857143,0.0,0.0,0.11846666666666668,optimal
2021-02-09 05:30:00,5,91,2.142857142857143,0.0,0.0,0.13233333333333333,optimal
2021-02-09 06:00:00,5,91,2.142857142857143,0.0,0.0,0.0994,optimal
2021-02-09 06:30:00,5,91,2.142857142857143,0.0,0.0,0.09253333333333331,optimal
2021-02-09 07:00:00,5,91,2.142857142857143,0.0,0.0,0.20246666666666666,optimal
2021-02-09 07:30:00,5,91,2.142857142857143,0.0,0.0,0.05266666666666666,optimal
2021-02-09 08:00:00,5,91,1.2821433194582237,0.0,0.0,0.19086666666666668,optimal
2021-02-09 08:30:00,5,91,1.2499915845662675,0.0,0.0,0.052,optimal
2021-02-09 09:00:00,5,91,1.072279924963677,0.0,0.0,0.12279999999999999,optimal
2021-02-09 09:30:00,5,91,1.0977193123226594,0.0,0.0,0.054799999999999995,optimal
2021-02-09 10:00:00,5,91,0.7885714292748223,0.0,0.0,0.22153333333333333,optimal
2021-02-09 10:30:00,5,91,0.7111979028676166,0.0,0.0,0.3902333333333333,optimal
2021-02-09 11:00:00,5,91,0.5360768043260832,0.0,0.0,0.1328,optimal
2021-02-09 11:30:00,5,91,0.4651906704732148,0.0,0.0,0.32039999999999996,optimal
2021-02-09 12:00:00,5,91,0.2099639612562532,0.0,0.0,1.6675666666666666,optimal
2021-02-09 12:30:00,5,91,0.22325199987102412,0.0,0.0,0.38906666666666667,optimal
2021-02-09 13:00:00,5,91,0.8639566155325623,0.0,0.0,1.5444,optimal
2021-02-09 13:30:00,5,91,2.091362898301568,0.0,0.0,0.2683333333333333,optimal
2021-02-09 14:00:00,5,91,2.142857142857143,0.0,0.0,0.48369999999999996,optimal
2021-02-09 14:30:00,5,91,2.142857142857143,0.0,0.0,1.2434,optimal
2021-02-09 15:00:00,5,91,2.142857142857143,0.0,6.914655301186785,2.0237,optimal
2021-02-09 15:30:00,5,91,2.142857142857143,0.0,10.0,1.8445666666666665,optimal
2021-02-09 16:00:00,5,91,0.0,0.0,0.0,0.5457666666666666,optimal
2021-02-09 16:30:00,5,91,0.0,0.0,0.0,0.43373333333333336,optimal
2021-02-09 17:00:00,5,91,0.0,0.0,0.0,0.30710000000000004,optimal
2021-02-09 17:30:00,5,91,0.0,0.0,0.0,2.1473,optimal
2021-02-09 18:00:00,5,91,0.0,0.0,0.0,0.14246666666666666,optimal
2021-02-09 18:30:00,5,91,0.0,0.0,0.0,0.09466666666666669,optimal
2021-02-09 19:00:00,5,91,0.0,0.0,0.0,0.7329,optimal
2021-02-09 19:30:00,5,91,0.0,0.0,0.0,0.3424333333333333,optimal
2021-02-09 20:00:00,5,91,0.0,0.0,0.0,0.4971333333333333,optimal
2021-02-09 20:30:00,5,91,0.0,0.0,0.0,0.13373333333333332,optimal
2021-02-09 21:00:00,5,91,0.0,0.0,0.0,0.053,optimal
2021-02-09 21:30:00,5,91,0.0,0.0,0.0,0.22406666666666664,optimal
2021-02-09 22:00:00,5,91,0.0,0.0,0.0,0.1024,optimal
2021-02-09 22:30:00,5,91,0.0,0.0,0.0,0.1684,optimal
2021-02-09 23:00:00,5,91,0.0,0.0,0.0,0.1384,optimal
2021-02-09 23:30:00,5,91,0.0398095238095238,0.0,0.0,1.8902999999999999,optimal
2021-02-10 00:00:00,5,91,0.0,0.0,0.0,0.15786666666666668,optimal
2021-02-10 00:30:00,5,91,1.9506666666666665,0.0,0.0,0.065,optimal
2021-02-10 01:00:00,5,91,0.0,0.0,0.0,0.065,optimal
2021-02-10 01:30:00,5,91,1.920088982158871,0.0,0.0,0.1956,optimal
2021-02-10 02:00:00,5,91,2.142857142857143,0.0,0.0,0.1446,optimal
2021-02-10 02:30:00,5,91,2.142857142857143,0.0,0.0,0.1706,optimal
2021-02-10 03:00:00,5,91,2.142857142857143,0.0,0.0,0.11023333333333332,optimal
2021-02-10 03:30:00,5,91,2.142857142857143,0.0,0.0,0.13436666666666666,optimal
2021-02-10 04:00:00,5,91,2.142857142857143,0.0,0.0,0.1823333333333333,optimal
2021-02-10 04:30:00,5,91,2.142857142857143,0.0,0.0,0.15786666666666668,optimal
2021-02-10 05:00:00,5,91,2.142857142857143,0.0,0.0,0.1354,optimal
2021-02-10 05:30:00,5,91,2.142857142857143,0.0,0.0,0.11193333333333334,optimal
2021-02-10 06:00:00,5,91,2.142857142857143,0.0,0.0,0.065,optimal
2021-02-10 06:30:00,5,91,2.142857142857143,0.0,1.8608616245303349,0.15786666666666668,optimal
2021-02-10 07:00:00,5,91,2.142857142857143,0.0,10.0,0.18266666666666662,optimal
2021-02-10 07:30:00,5,91,2.142857142857143,0.0,0.0,0.6687000000000001,optimal
2021-02-10 08:00:00,5,91,0.9271156151722482,0.0,0.0,5.026233333333334,optimal
2021-02-10 08:30:00,5,91,0.9781025083322058,0.0,0.0,2.9524,optimal
2021-02-10 09:00:00,5,91,0.8734059689852066,0.0,0.0,1.046733333333333,optimal
2021-02-10 09:30:00,5,91,0.9809833383356388,0.0,0.0,2.0505666666666666,optimal
2021-02-10 10:00:00,5,91,0.7694943236394854,0.0,0.0,0.24506666666666663,optimal
2021-02-10 10:30:00,5,91,0.4894054458904167,0.0,0.0,3.9594,optimal
2021-02-10 11:00:00,5,91,0.6491833289196601,0.0,0.0,0.19933333333333328,optimal
2021-02-10 11:30:00,5,91,0.6641291564520317,0.0,0.0,0.2633666666666667,optimal
2021-02-10 12:00:00,5,91,0.4246887319792316,0.0,0.0,0.2762333333333333,optimal
2021-02-10 12:30:00,5,91,0.4465096843601931,0.0,0.0,0.22290000000000001,optimal
2021-02-10 13:00:00,5,91,2.142857142857143,0.0,0.0,0.17473333333333332,optimal
2021-02-10 13:30:00,5,91,2.142857142857143,0.0,0.0,0.16786666666666666,optimal
2021-02-10 14:00:00,5,91,2.142857142857143,0.0,0.0,0.19233333333333327,optimal
2021-02-10 14:30:00,5,91,2.142857142857143,0.0,0.0,0.12806666666666666,optimal
2021-02-10 15:00:00,5,91,2.142857142857143,0.0,0.0,0.12066666666666669,optimal
2021-02-10 15:30:00,5,91,2.142857142857143,0.0,0.0,0.18646666666666667,optimal
2021-02-10 16:00:00,5,91,0.0,0.0,0.0,0.16786666666666666,optimal
2021-02-10 16:30:00,5,91,0.0,0.0,0.0,0.19233333333333327,optimal
2021-02-10 17:00:00,5,91,0.0,0.0,0.0,0.1347,optimal
2021-02-10 17:30:00,5,91,0.0,0.0,0.0,0.2137666666666667,optimal
2021-02-10 18:00:00,5,91,0.0,0.0,0.0,1.3713666666666666,optimal
2021-02-10 18:30:00,5,91,0.0,0.0,0.0,1.4525,optimal
2021-02-10 19:00:00,5,91,0.0,0.0,0.0,2.3286333333333333,optimal
2021-02-10 19:30:00,5,91,0.0,0.0,0.0,2.5956,optimal
2021-02-10 20:00:00,5,91,0.7904020887454015,0.0,0.0,1.0743666666666665,optimal
2021-02-10 20:30:00,5,91,0.0,0.0,0.0,1.4871333333333334,optimal
2021-02-10 21:00:00,5,91,0.0,0.0,0.0,0.32143333333333335,optimal
2021-02-10 21:30:00,5,91,0.0,0.0,0.0,0.3976,optimal
2021-02-10 22:00:00,5,91,0.05971428571428571,0.0,0.0,0.33513333333333334,optimal
2021-02-10 22:30:00,5,91,0.0,0.0,0.0,0.3949333333333333,optimal
2021-02-10 23:00:00,5,91,0.0199047619047619,0.0,0.0,0.48760000000000003,optimal
2021-02-10 23:30:00,5,91,0.0,0.0,0.0,0.14336666666666667,optimal
2021-02-11 00:00:00,5,91,0.0,0.0,0.0,0.065,optimal
2021-02-11 00:30:00,5,91,2.142857142857143,0.0,0.0,0.18893333333333331,optimal
2021-02-11 01:00:00,5,91,2.142857142857143,0.0,0.0,0.065,optimal
2021-02-11 01:30:00,5,91,2.142857142857143,0.0,0.0,0.07063333333333334,optimal
2021-02-11 02:00:00,5,91,2.142857142857143,0.0,0.0,0.18330000000000002,optimal
2021-02-11 02:30:00,5,91,2.142857142857143,0.0,0.0,0.065,optimal
2021-02-11 03:00:00,5,91,2.142857142857143,0.0,0.0,0.0819,optimal
2021-02-11 03:30:00,5,91,2.142857142857143,0.0,0.0,0.17203333333333334,optimal
2021-02-11 04:00:00,5,91,2.142857142857143,0.0,0.0,0.065,optimal
2021-02-11 04:30:00,5,91,2.142857142857143,0.0,0.0,0.065,optimal
2021-02-11 05:00:00,5,91,2.142857142857143,0.0,0.0,0.18893333333333331,optimal
2021-02-11 05:30:00,5,91,2.142857142857143,0.0,0.0,0.065,optimal
2021-02-11 06:00:00,5,91,2.142857142857143,0.0,0.0,0.074,optimal
2021-02-11 06:30:00,5,91,2.142857142857143,0.0,0.06410234437749439,0.16153333333333333,optimal
2021-02-11 07:00:00,5,91,2.142857142857143,0.0,10.0,0.1108,optimal
2021-02-11 07:30:00,5,91,2.142857142857143,0.0,0.0,0.17236666666666667,optimal
2021-02-11 08:00:00,5,91,2.142857142857143,0.0,0.0,1.5101666666666667,optimal
2021-02-11 08:30:00,5,91,2.142857142857143,0.0,0.0,2.2165333333333335,optimal
2021-02-11 09:00:00,5,91,0.94555121395748,0.0,0.0,1.5738333333333332,optimal
2021-02-11 09:30:00,5,91,1.0559917907111416,0.0,0.0,0.2817,optimal
2021-02-11 10:00:00,5,91,0.6619345877774611,0.0,0.0,0.12440000000000001,optimal
2021-02-11 10:30:00,5,91,0.639817717821395,0.0,0.0,0.5059333333333332,optimal
2021-02-11 11:00:00,5,91,0.5922442705334509,0.0,0.0,0.07626666666666666,optimal
2021-02-11 11:30:00,5,91,0.5505141675023466,0.0,0.0,0.073,optimal
2021-02-11 12:00:00,5,91,0.20404394169841014,0.0,0.0,0.4574333333333333,optimal
2021-02-11 12:30:00,5,91,0.23559277303971884,0.0,0.0,0.33416666666666667,optimal
2021-02-11 13:00:00,5,91,2.142857142857143,0.0,0.0,2.2884,optimal
2021-02-11 13:30:00,5,91,2.142857142857143,0.0,0.0,2.2550333333333334,optimal
2021-02-11 14:00:00,5,91,2.142857142857143,0.0,0.0,1.8080666666666665,optimal
2021-02-11 14:30:00,5,91,2.142857142857143,0.0,0.0,0.09263333333333335,optimal
2021-02-11 15:00:00,5,91,2.142857142857143,0.0,0.0,0.5865333333333334,optimal
2021-02-11 15:30:00,5,91,2.142857142857143,0.0,0.0,0.3231,optimal
2021-02-11 16:00:00,5,91,0.0,0.0,0.0,0.6617666666666666,optimal
2021-02-11 16:30:00,5,91,0.0,0.0,0.0,0.44396666666666657,optimal
2021-02-11 17:00:00,5,91,0.0,0.0,0.0,0.49896666666666656,optimal
2021-02-11 17:30:00,5,91,0.0,0.0,0.0,1.6056666666666668,optimal
2021-02-11 18:00:00,5,91,0.0,0.0,0.0,0.3385,optimal
2021-02-11 18:30:00,5,91,0.0,0.0,0.0,0.30476666666666663,optimal
2021-02-11 19:00:00,5,91,0.0,0.0,0.0,0.18530000000000002,optimal
2021-02-11 19:30:00,5,91,0.0,0.0,0.0,0.18619999999999998,optimal
2021-02-11 20:00:00,5,91,0.9390750987800905,0.0,0.0,0.4619333333333333,optimal
2021-02-11 20:30:00,5,91,0.0,0.0,0.0,0.2914333333333333,optimal
2021-02-11 21:00:00,5,91,0.0,0.0,0.0,0.3741333333333333,optimal
2021-02-11 21:30:00,5,91,0.0,0.0,0.0,0.2924,optimal
2021-02-11 22:00:00,5,91,0.2786666666666667,0.0,0.0,0.9333666666666668,optimal
2021-02-11 22:30:00,5,91,0.0,0.0,0.0,1.2287666666666668,optimal
2021-02-11 23:00:00,5,91,0.0,0.0,0.0,0.976,optimal
2021-02-11 23:30:00,5,91,0.0,0.0,0.0,0.1719,optimal
2021-02-12 00:00:00,5,91,2.1168126664796993,0.0,0.0,0.049,optimal
2021-02-12 00:30:00,5,91,2.142857142857143,0.0,0.0,0.049,optimal
2021-02-12 01:00:00,5,91,2.142857142857143,0.0,0.0,0.049,optimal
2021-02-12 01:30:00,5,91,2.142857142857143,0.0,0.0,0.049,optimal
2021-02-12 02:00:00,5,91,2.142857142857143,0.0,0.0,0.10433333333333332,optimal
2021-02-12 02:30:00,5,91,2.142857142857143,0.0,0.0,0.12126666666666668,optimal
2021-02-12 03:00:00,5,91,2.142857142857143,0.0,0.0,0.049,optimal
2021-02-12 03:30:00,5,91,2.142857142857143,0.0,0.0,0.049,optimal
2021-02-12 04:00:00,5,91,2.142857142857143,0.0,0.0,0.049,optimal
2021-02-12 04:30:00,5,91,2.142857142857143,0.0,0.0,0.049,optimal
2021-02-12 05:00:00,5,91,2.142857142857143,0.0,0.0,0.049,optimal
2021-02-12 05:30:00,5,91,2.142857142857143,0.0,0.0,0.049,optimal
2021-02-12 06:00:00,5,91,2.142857142857143,0.0,5.771395989248881,0.049,optimal
2021-02-12 06:30:00,5,91,2.142857142857143,0.0,10.0,0.09,optimal
2021-02-12 07:00:00,5,91,2.142857142857143,0.0,10.0,1.105733333333333,optimal
2021-02-12 07:30:00,5,91,2.142857142857143,0.0,0.0,0.32743333333333335,optimal
2021-02-12 08:00:00,5,91,2.142857142857143,0.0,0.0,0.049,optimal
2021-02-12 08:30:00,5,91,1.6227359420583418,0.0,0.0,0.049,optimal
2021-02-12 09:00:00,5,91,1.43844468283281,0.0,0.0,0.049,optimal
2021-02-12 09:30:00,5,91,1.2873176504494988,0.0,0.0,0.049,optimal
2021-02-12 10:00:00,5,91,0.8516966998150213,0.0,0.0,0.049,optimal
2021-02-12 10:30:00,5,91,0.8242190575635103,0.0,0.0,0.049,optimal
2021-02-12 11:00:00,5,91,0.5568739940414189,0.0,0.0,0.049,optimal
2021-02-12 11:30:00,5,91,0.5534392887599799,0.0,0.0,0.05266666666666666,optimal
2021-02-12 12:00:00,5,91,0.4607515895173912,0.0,0.0,0.05533333333333334,optimal
2021-02-12 12:30:00,5,91,0.4573168842359524,0.0,0.0,0.049,optimal
2021-02-12 13:00:00,5,91,2.142857142857143,0.0,0.0,0.049,optimal
2021-02-12 13:30:00,5,91,2.142857142857143,0.0,0.0,0.049,optimal
2021-02-12 14:00:00,5,91,2.142857142857143,0.0,0.0,0.049,optimal
2021-02-12 14:30:00,5,91,2.142857142857143,0.0,0.0,0.05266666666666666,optimal
2021-02-12 15:00:00,5,91,2.142857142857143,0.0,0.0,0.059,optimal
2021-02-12 15:30:00,5,91,2.142857142857143,0.0,0.0,0.04933333333333333,optimal
2021-02-12 16:00:00,5,91,0.0,0.0,0.0,0.32930000000000004,optimal
2021-02-12 16:30:00,5,91,0.0,0.0,0.0,0.0616,optimal
2021-02-12 17:00:00,5,91,0.0,0.0,0.0,0.2315,optimal
2021-02-12 17:30:00,5,91,0.0,0.0,0.0,0.05806666666666667,optimal
2021-02-12 18:00:00,5,91,0.0,0.0,0.0,0.0596,optimal
2021-02-12 18:30:00,5,91,0.0,0.0,0.0,0.07,optimal
2021-02-12 19:00:00,5,91,0.0,0.0,0.0,0.059,optimal
2021-02-12 19:30:00,5,91,1.355150231017659,0.0,0.0,0.06266666666666666,optimal
2021-02-12 20:00:00,5,91,1.21262916539005,0.0,0.0,0.12596666666666667,optimal
2021-02-12 20:30:00,5,91,0.6616223165989437,0.0,0.0,1.0821666666666667,optimal
2021-02-12 21:00:00,5,91,0.0,0.0,0.0,0.3369,optimal
2021-02-12 21:30:00,5,91,0.0,0.0,0.0,0.108,optimal
2021-02-12 22:00:00,5,91,0.0796190476190476,0.0,0.0,0.078,optimal
2021-02-12 22:30:00,5,91,0.0796190476190476,0.0,0.0,0.2489333333333333,optimal
2021-02-12 23:00:00,5,91,0.0,0.0,0.0,0.594,optimal
2021-02-12 23:30:00,5,91,0.0,0.0,0.0,0.059,optimal
2021-02-13 00:00:00,5,91,0.0,0.0,0.0,0.116,optimal
2021-02-13 00:30:00,5,91,2.142857142857143,0.0,0.0,0.1276,optimal
2021-02-13 01:00:00,5,91,0.28552380952380924,0.0,0.0,0.058,optimal
2021-02-13 01:30:00,5,91,1.496324187567547,0.0,0.0,0.15266666666666664,optimal
2021-02-13 02:00:00,5,91,2.142857142857143,0.0,0.0,0.10626666666666668,optimal
2021-02-13 02:30:00,5,91,2.142857142857143,0.0,0.0,0.087,optimal
2021-02-13 03:00:00,5,91,2.142857142857143,0.0,0.0,0.1566,optimal
2021-02-13 03:30:00,5,91,2.142857142857143,0.0,0.0,0.058,optimal
2021-02-13 04:00:00,5,91,2.142857142857143,0.0,0.0,0.174,optimal
2021-02-13 04:30:00,5,91,2.142857142857143,0.0,0.0,0.0696,optimal
2021-02-13 05:00:00,5,91,2.142857142857143,0.0,0.0,0.1102,optimal
2021-02-13 05:30:00,5,91,2.142857142857143,0.0,2.09899713458752,0.13340000000000002,optimal
2021-02-13 06:00:00,5,91,2.142857142857143,0.0,10.0,0.2135,optimal
2021-02-13 06:30:00,5,91,2.142857142857143,0.0,0.0,0.06466666666666668,optimal
2021-02-13 07:00:00,5,91,2.142857142857143,0.0,0.0,0.342,optimal
2021-02-13 07:30:00,5,91,2.142857142857143,0.0,0.0,0.9601333333333332,optimal
2021-02-13 08:00:00,5,91,1.5207030248304723,0.0,0.0,2.8646,optimal
2021-02-13 08:30:00,5,91,2.142857142857143,0.0,0.0,1.8059,optimal
2021-02-13 09:00:00,5,91,0.9873418285121333,0.0,0.0,3.5880666666666667,optimal
2021-02-13 09:30:00,5,91,2.142857142857143,0.0,0.0,0.6896,optimal
2021-02-13 10:00:00,5,91,0.7381905132975478,0.0,0.0,0.4553333333333333,optimal
2021-02-13 10:30:00,5,91,0.8042224746827599,0.0,0.0,0.9465333333333332,optimal
2021-02-13 11:00:00,5,91,0.5521874862110319,0.0,0.0,0.082,optimal
2021-02-13 11:30:00,5,91,0.5366765904534156,0.0,0.0,0.15159999999999998,optimal
2021-02-13 12:00:00,5,91,0.4343094946658601,0.0,0.0,0.125,optimal
2021-02-13 12:30:00,5,91,0.45829722696013897,0.0,0.0,0.067,optimal
2021-02-13 13:00:00,5,91,2.142857142857143,0.0,0.0,0.1956,optimal
2021-02-13 13:30:00,5,91,2.142857142857143,0.0,0.0,0.068,optimal
2021-02-13 14:00:00,5,91,2.142857142857143,0.0,0.0,0.068,optimal
2021-02-13 14:30:00,5,91,2.142857142857143,0.0,0.0,0.0912,optimal
2021-02-13 15:00:00,5,91,2.142857142857143,0.0,0.0,0.1724,optimal
2021-02-13 15:30:00,5,91,2.142857142857143,0.0,0.0,1.1914333333333333,optimal
2021-02-13 16:00:00,5,91,0.0,0.0,0.0,0.38989999999999997,optimal
2021-02-13 16:30:00,5,91,0.0,0.0,0.0,0.239,optimal
2021-02-13 17:00:00,5,91,0.0,0.0,0.0,0.3013,optimal
2021-02-13 17:30:00,5,91,0.0,0.0,0.0,0.18880000000000002,optimal
2021-02-13 18:00:00,5,91,0.0,0.0,0.0,0.29206666666666664,optimal
2021-02-13 18:30:00,5,91,0.0,0.0,0.0,2.2812666666666668,optimal
2021-02-13 19:00:00,5,91,0.0,0.0,0.0,0.35606666666666664,optimal
2021-02-13 19:30:00,5,91,0.7594776603087677,0.0,0.0,0.1661,optimal
2021-02-13 20:00:00,5,91,1.2696577368186384,0.0,0.0,0.3247,optimal
2021-02-13 20:30:00,5,91,0.0,0.0,0.0,0.21619999999999998,optimal
2021-02-13 21:00:00,5,91,0.0,0.0,0.0,1.3829333333333333,optimal
2021-02-13 21:30:00,5,91,0.0,0.0,0.0,3.4825999999999997,optimal
2021-02-13 22:00:00,5,91,0.0,0.0,0.0,1.704233333333333,optimal
2021-02-13 22:30:00,5,91,0.0199047619047619,0.0,0.0,2.0073666666666665,optimal
2021-02-13 23:00:00,5,91,0.0,0.0,0.0,0.3546,optimal
2021-02-13 23:30:00,5,91,0.0,0.0,0.0,0.2673666666666667,optimal
2021-02-07 00:00:00,6,91,0.0,0.0,0.0,0.048,optimal
2021-02-07 00:30:00,6,91,0.0,0.0,0.0,0.10556666666666667,optimal
2021-02-07 01:00:00,6,91,0.0,0.0,0.0,0.09509999999999999,optimal
2021-02-07 01:30:00,6,91,0.0,0.0,0.0,0.048,optimal
2021-02-07 02:00:00,6,91,0.0,0.0,0.0,0.048,optimal
2021-02-07 02:30:00,6,91,0.0,0.0,0.0,0.11603333333333332,optimal
2021-02-07 03:00:00,6,91,0.0,0.0,0.0,0.08463333333333334,optimal
2021-02-07 03:30:00,6,91,0.0,0.0,0.0,0.048,optimal
2021-02-07 04:00:00,6,91,2.4285714285714284,0.0,0.0,0.048,optimal
2021-02-07 04:30:00,6,91,2.4285714285714284,0.0,0.0,0.048,optimal
2021-02-07 05:00:00,6,91,2.4285714285714284,0.0,0.0,0.1108,optimal
2021-02-07 05:30:00,6,91,2.4285714285714284,0.0,0.0,0.08986666666666666,optimal
2021-02-07 06:00:00,6,91,2.4285714285714284,0.0,0.0,0.048,optimal
2021-02-07 06:30:00,6,91,2.4285714285714284,0.0,0.0,0.09476666666666668,optimal
2021-02-07 07:00:00,6,91,2.4285714285714284,0.0,2.0120072799789424,0.07293333333333334,optimal
2021-02-07 07:30:00,6,91,0.0,0.0,0.0,0.34836666666666666,optimal
2021-02-07 08:00:00,6,91,0.0,0.0,0.0,0.06566666666666666,optimal
2021-02-07 08:30:00,6,91,0.0,0.0,0.0,0.12756666666666666,optimal
2021-02-07 09:00:00,6,91,0.0,0.0,0.0,0.802,optimal
2021-02-07 09:30:00,6,91,0.0,0.0,0.0,2.806966666666667,optimal
2021-02-07 10:00:00,6,91,0.4487970476966976,0.0,0.0,2.224766666666667,optimal
2021-02-07 10:30:00,6,91,1.0685606144751978,0.0,0.0,0.058,optimal
2021-02-07 11:00:00,6,91,0.9182306849601295,0.0,0.0,0.11033333333333331,optimal
2021-02-07 11:30:00,6,91,0.9182306849601295,0.0,0.0,0.11033333333333331,optimal
2021-02-07 12:00:00,6,91,0.8280864132913196,0.0,0.0,0.08416666666666667,optimal
2021-02-07 12:30:00,6,91,0.8131340323389228,0.0,0.0,0.1365,optimal
2021-02-07 13:00:00,6,91,2.4285714285714284,0.0,0.0,0.058,optimal
2021-02-07 13:30:00,6,91,2.4285714285714284,0.0,0.0,0.09263333333333335,optimal
2021-02-07 14:00:00,6,91,2.4285714285714284,0.0,0.0,0.1575,optimal
2021-02-07 14:30:00,6,91,2.4285714285714284,0.0,0.0,0.06863333333333334,optimal
2021-02-07 15:00:00,6,91,2.4285714285714284,0.0,0.0,0.16543333333333335,optimal
2021-02-07 15:30:00,6,91,2.4285714285714284,0.0,0.0,0.08979999999999999,optimal
2021-02-07 16:00:00,6,91,0.0,0.0,0.0,0.8666666666666666,optimal
2021-02-07 16:30:00,6,91,0.0,0.0,0.0,1.487,optimal
2021-02-07 17:00:00,6,91,0.0,0.0,0.0,0.27366666666666667,optimal
2021-02-07 17:30:00,6,91,0.0,0.0,0.0,0.3238666666666667,optimal
2021-02-07 18:00:00,6,91,0.0,0.0,0.0,0.3975,optimal
2021-02-07 18:30:00,6,91,0.0,0.0,0.0,0.22,optimal
2021-02-07 19:00:00,6,91,0.0,0.0,0.0,0.21013333333333334,optimal
2021-02-07 19:30:00,6,91,0.0,0.0,0.0,0.32230000000000003,optimal
2021-02-07 20:00:00,6,91,0.7514800037098358,0.0,0.0,0.2469,optimal
2021-02-07 20:30:00,6,91,0.0,0.0,0.0,0.40003333333333335,optimal
2021-02-07 21:00:00,6,91,0.0,0.0,0.0,0.2134,optimal
2021-02-07 21:30:00,6,91,0.0,0.0,0.0,0.4386666666666667,optimal
2021-02-07 22:00:00,6,91,0.0,0.0,0.0,0.058,optimal
2021-02-07 22:30:00,6,91,0.0,0.0,0.0,0.058,optimal
2021-02-07 23:00:00,6,91,0.0,0.0,0.0,0.12603333333333333,optimal
2021-02-07 23:30:00,6,91,0.0,0.0,0.0,0.08996666666666667,optimal
2021-02-08 00:00:00,6,91,0.0,0.0,0.0,0.064,optimal
2021-02-08 00:30:00,6,91,2.3396057142857143,0.0,0.0,0.1807,optimal
2021-02-08 01:00:00,6,91,0.0,0.0,0.0,0.1343,optimal
2021-02-08 01:30:00,6,91,0.0,0.0,0.0,0.10690000000000001,optimal
2021-02-08 02:00:00,6,91,0.0,0.0,0.0,0.2081,optimal
2021-02-08 02:30:00,6,91,0.0,0.0,0.0,0.064,optimal
2021-02-08 03:00:00,6,91,1.9843857654022443,0.0,0.0,0.2104,optimal
2021-02-08 03:30:00,6,91,2.4285714285714284,0.0,0.0,0.1046,optimal
2021-02-08 04:00:00,6,91,2.4285714285714284,0.0,0.0,0.064,optimal
2021-02-08 04:30:00,6,91,2.4285714285714284,0.0,0.0,0.08906666666666667,optimal
2021-02-08 05:00:00,6,91,2.4285714285714284,0.0,5.2820305454190475,0.16666666666666666,optimal
2021-02-08 05:30:00,6,91,2.4285714285714284,0.0,0.0,0.3462,optimal
2021-02-08 06:00:00,6,91,2.4285714285714284,0.0,0.0,0.519,optimal
2021-02-08 06:30:00,6,91,2.4285714285714284,0.0,0.0,0.22913333333333333,optimal
2021-02-08 07:00:00,6,91,2.4285714285714284,0.0,0.0,0.37406666666666666,optimal
2021-02-08 07:30:00,6,91,2.4285714285714284,0.0,0.0,1.6941,optimal
2021-02-08 08:00:00,6,91,1.0756424339161212,0.0,0.0,0.528,optimal
2021-02-08 08:30:00,6,91,1.1326280349551865,0.0,0.0,0.408,optimal
2021-02-08 09:00:00,6,91,1.1571272615013979,0.0,0.0,0.20713333333333334,optimal
2021-02-08 09:30:00,6,91,1.078211717085644,0.0,0.0,0.42510000000000003,optimal
2021-02-08 10:00:00,6,91,0.7826957009711798,0.0,0.0,0.38916666666666666,optimal
2021-02-08 10:30:00,6,91,0.8204093406250205,0.0,0.0,0.38256666666666667,optimal
2021-02-08 11:00:00,6,91,0.6700838475316548,0.0,0.0,0.16490000000000002,optimal
2021-02-08 11:30:00,6,91,0.6882430083973595,0.0,0.0,0.0773,optimal
2021-02-08 12:00:00,6,91,0.5649737863429135,0.0,0.0,0.2016,optimal
2021-02-08 12:30:00,6,91,0.5876921080743008,0.0,0.0,0.074,optimal
2021-02-08 13:00:00,6,91,1.318239133275682,0.0,0.0,0.4266666666666667,optimal
2021-02-08 13:30:00,6,91,1.0571693249221696,0.0,0.0,0.103,optimal
2021-02-08 14:00:00,6,91,2.4285714285714284,0.0,0.0,0.107,optimal
2021-02-08 14:30:00,6,91,2.4285714285714284,0.0,0.0,2.4188,optimal
2021-02-08 15:00:00,6,91,2.4285714285714284,0.0,0.0,0.305,optimal
2021-02-08 15:30:00,6,91,2.4285714285714284,0.0,0.0,1.8084666666666667,optimal
2021-02-08 16:00:00,6,91,0.0,0.0,0.0,0.36106666666666665,optimal
2021-02-08 16:30:00,6,91,0.0,0.0,0.0,0.41136666666666666,optimal
2021-02-08 17:00:00,6,91,0.0,0.0,0.0,0.5327999999999999,optimal
2021-02-08 17:30:00,6,91,0.0,0.0,0.0,0.49110000000000004,optimal
2021-02-08 18:00:00,6,91,0.0,0.0,0.0,0.6696,optimal
2021-02-08 18:30:00,6,91,0.0,0.0,0.0,0.8861666666666667,optimal
2021-02-08 19:00:00,6,91,0.0,0.0,0.0,2.1900333333333335,optimal
2021-02-08 19:30:00,6,91,0.0,0.0,0.0,0.5777,optimal
2021-02-08 20:00:00,6,91,0.0,0.0,0.0,0.6260333333333333,optimal
2021-02-08 20:30:00,6,91,0.0,0.0,0.0,0.7383333333333334,optimal
2021-02-08 21:00:00,6,91,0.0,0.0,0.0,0.9785666666666668,optimal
2021-02-08 21:30:00,6,91,0.0,0.0,0.0,0.4569,optimal
2021-02-08 22:00:00,6,91,0.0,0.0,0.0,0.37089999999999995,optimal
2021-02-08 22:30:00,6,91,0.0,0.0,0.0,1.3569,optimal
2021-02-08 23:00:00,6,91,0.0,0.0,0.0,0.7875,optimal
2021-02-08 23:30:00,6,91,0.0,0.0,0.0,0.5263333333333333,optimal
2021-02-09 00:00:00,6,91,0.0,0.0,0.0,0.059,optimal
2021-02-09 00:30:00,6,91,0.5175238095238095,0.0,0.0,0.065,optimal
2021-02-09 01:00:00,6,91,0.0,0.0,0.0,0.065,optimal
2021-02-09 01:30:00,6,91,0.0,0.0,0.0,0.065,optimal
2021-02-09 02:00:00,6,91,0.0,0.0,0.0,0.065,optimal
2021-02-09 02:30:00,6,91,0.7925526104241841,0.0,0.0,0.065,optimal
2021-02-09 03:00:00,6,91,2.4285714285714284,0.0,0.0,0.065,optimal
2021-02-09 03:30:00,6,91,2.4285714285714284,0.0,0.0,0.065,optimal
2021-02-09 04:00:00,6,91,2.4285714285714284,0.0,0.0,0.065,optimal
2021-02-09 04:30:00,6,91,2.4285714285714284,0.0,0.0,0.065,optimal
2021-02-09 05:00:00,6,91,2.4285714285714284,0.0,0.0,0.065,optimal
2021-02-09 05:30:00,6,91,2.4285714285714284,0.0,0.0,0.065,optimal
2021-02-09 06:00:00,6,91,2.4285714285714284,0.0,0.0,0.065,optimal
2021-02-09 06:30:00,6,91,2.4285714285714284,0.0,5.634344347303427,0.065,optimal
2021-02-09 07:00:00,6,91,2.4285714285714284,0.0,10.0,0.065,optimal
2021-02-09 07:30:00,6,91,2.4285714285714284,0.0,0.0,0.065,optimal
2021-02-09 08:00:00,6,91,1.2800052242201156,0.0,0.0,0.9701666666666666,optimal
2021-02-09 08:30:00,6,91,1.2818392036138888,0.0,0.0,0.063,optimal
2021-02-09 09:00:00,6,91,1.0713084963922288,0.0,0.0,0.19966666666666663,optimal
2021-02-09 09:30:00,6,91,1.020441217084553,0.0,0.0,0.9238,optimal
2021-02-09 10:00:00,6,91,0.7321123816557662,0.0,0.0,1.1756,optimal
2021-02-09 10:30:00,6,91,0.7428264742961925,0.0,0.0,0.46743333333333326,optimal
2021-02-09 11:00:00,6,91,0.4950282328975178,0.0,0.0,1.1881,optimal
2021-02-09 11:30:00,6,91,0.5145792419017964,0.0,0.0,0.3446,optimal
2021-02-09 12:00:00,6,91,0.3590706279229145,0.0,0.0,0.1965,optimal
2021-02-09 12:30:00,6,91,0.16059104749005973,0.0,0.0,1.3148,optimal
2021-02-09 13:00:00,6,91,2.4285714285714284,0.0,0.0,0.6694,optimal
2021-02-09 13:30:00,6,91,2.4285714285714284,0.0,0.0,0.065,optimal
2021-02-09 14:00:00,6,91,2.4285714285714284,0.0,0.0,0.065,optimal
2021-02-09 14:30:00,6,91,2.4285714285714284,0.0,0.0,0.065,optimal
2021-02-09 15:00:00,6,91,2.4285714285714284,0.0,0.0,0.065,optimal
2021-02-09 15:30:00,6,91,2.4285714285714284,0.0,0.0,0.065,optimal
2021-02-09 16:00:00,6,91,0.0,0.0,0.0,0.065,optimal
2021-02-09 16:30:00,6,91,0.0,0.0,0.0,0.065,optimal
2021-02-09 17:00:00,6,91,0.0,0.0,0.0,0.065,optimal
2021-02-09 17:30:00,6,91,0.0,0.0,0.0,0.065,optimal
2021-02-09 18:00:00,6,91,0.0,0.0,0.0,0.065,optimal
2021-02-09 18:30:00,6,91,0.0,0.0,0.0,0.065,optimal
2021-02-09 19:00:00,6,91,0.0,0.0,0.0,0.065,optimal
2021-02-09 19:30:00,6,91,0.0,0.0,0.0,0.065,optimal
2021-02-09 20:00:00,6,91,0.43151380360522623,0.0,0.0,0.065,optimal
2021-02-09 20:30:00,6,91,0.0,0.0,0.0,0.065,optimal
2021-02-09 21:00:00,6,91,0.0,0.0,0.0,0.065,optimal
2021-02-09 21:30:00,6,91,0.0,0.0,0.0,0.109,optimal
2021-02-09 22:00:00,6,91,0.09952380952380951,0.0,0.0,0.3793,optimal
2021-02-09 22:30:00,6,91,0.0,0.0,0.0,0.32039999999999996,optimal
2021-02-09 23:00:00,6,91,0.0,0.0,0.0,1.4347999999999999,optimal
2021-02-09 23:30:00,6,91,0.0,0.0,0.0,0.071,optimal
2021-02-10 00:00:00,6,91,0.0,0.0,0.0,1.0399333333333334,optimal
2021-02-10 00:30:00,6,91,2.4285714285714284,0.0,0.0,1.1495333333333333,optimal
2021-02-10 01:00:00,6,91,0.577047619047619,0.0,0.0,0.2152666666666667,optimal
2021-02-10 01:30:00,6,91,0.0,0.0,0.0,0.2,optimal
2021-02-10 02:00:00,6,91,0.0,0.0,0.0,2.1706666666666665,optimal
2021-02-10 02:30:00,6,91,1.4908867152632772,0.0,0.0,0.062,optimal
2021-02-10 03:00:00,6,91,2.4285714285714284,0.0,0.0,0.062,optimal
2021-02-10 03:30:00,6,91,2.4285714285714284,0.0,0.0,0.062,optimal
2021-02-10 04:00:00,6,91,2.4285714285714284,0.0,0.0,0.062,optimal
2021-02-10 04:30:00,6,91,2.4285714285714284,0.0,0.0,0.062,optimal
2021-02-10 05:00:00,6,91,2.4285714285714284,0.0,0.0,0.062,optimal
2021-02-10 05:30:00,6,91,2.4285714285714284,0.0,9.559042343551372,0.062,optimal
2021-02-10 06:00:00,6,91,2.4285714285714284,0.0,10.0,0.188,optimal
2021-02-10 06:30:00,6,91,2.4285714285714284,0.0,0.0,0.188,optimal
2021-02-10 07:00:00,6,91,2.4285714285714284,0.0,0.0,0.11666666666666668,optimal
2021-02-10 07:30:00,6,91,2.4285714285714284,0.0,0.0,0.06866666666666667,optimal
2021-02-10 08:00:00,6,91,1.3887937104103458,0.0,0.0,0.062,optimal
2021-02-10 08:30:00,6,91,1.3750548892845902,0.0,0.0,0.062,optimal
2021-02-10 09:00:00,6,91,1.1995450166042518,0.0,0.0,0.062,optimal
2021-02-10 09:30:00,6,91,1.1858061954784964,0.0,0.0,0.062,optimal
2021-02-10 10:00:00,6,91,0.9098867045918788,0.0,0.0,0.062,optimal
2021-02-10 10:30:00,6,91,0.8781540173189969,0.0,0.0,0.06533333333333333,optimal
2021-02-10 11:00:00,6,91,0.6012404717768153,0.0,0.0,0.1524,optimal
2021-02-10 11:30:00,6,91,0.5258186802615458,0.0,0.0,0.198,optimal
2021-02-10 12:00:00,6,91,0.15120111293160352,0.0,0.0,1.3135999999999999,optimal
2021-02-10 12:30:00,6,91,0.20202206531257164,0.0,0.0,0.5783666666666667,optimal
2021-02-10 13:00:00,6,91,0.7314607263610493,0.0,0.0,0.15066666666666667,optimal
2021-02-10 13:30:00,6,91,2.17041543883643,0.0,0.0,0.5836666666666667,optimal
2021-02-10 14:00:00,6,91,2.4285714285714284,0.0,0.0,1.0780999999999998,optimal
2021-02-10 14:30:00,6,91,2.4285714285714284,0.0,0.0,0.0872,optimal
2021-02-10 15:00:00,6,91,2.4285714285714284,0.0,0.0,0.072,optimal
2021-02-10 15:30:00,6,91,2.4285714285714284,0.0,0.0,0.076,optimal
2021-02-10 16:00:00,6,91,0.0,0.0,0.0,0.11006666666666666,optimal
2021-02-10 16:30:00,6,91,0.0,0.0,0.0,0.2787,optimal
2021-02-10 17:00:00,6,91,0.0,0.0,0.0,0.5650333333333333,optimal
2021-02-10 17:30:00,6,91,0.0,0.0,0.0,3.1195,optimal
2021-02-10 18:00:00,6,91,0.0,0.0,0.0,1.2243666666666666,optimal
2021-02-10 18:30:00,6,91,0.0,0.0,0.0,2.0811666666666664,optimal
2021-02-10 19:00:00,6,91,0.0,0.0,0.0,2.1896666666666667,optimal
2021-02-10 19:30:00,6,91,0.0,0.0,0.0,1.6278666666666666,optimal
2021-02-10 20:00:00,6,91,0.0,0.0,0.0,2.0871999999999997,optimal
2021-02-10 20:30:00,6,91,0.0,0.0,0.0,0.236,optimal
2021-02-10 21:00:00,6,91,0.0,0.0,0.0,0.14736666666666667,optimal
2021-02-10 21:30:00,6,91,0.0,0.0,0.0,0.11813333333333334,optimal
2021-02-10 22:00:00,6,91,0.0,0.0,0.0,0.072,optimal
2021-02-10 22:30:00,6,91,0.0,0.0,0.0,0.072,optimal
2021-02-10 23:00:00,6,91,0.0,0.0,0.0,0.072,optimal
2021-02-10 23:30:00,6,91,0.0,0.0,0.0,0.07,optimal
2021-02-11 00:00:00,6,91,0.0,0.0,0.0,0.05666666666666666,optimal
2021-02-11 00:30:00,6,91,1.7715238095238095,0.0,0.0,0.064,optimal
2021-02-11 01:00:00,6,91,0.0,0.0,0.0,0.064,optimal
2021-02-11 01:30:00,6,91,2.1743793946263676,0.0,0.0,0.22606666666666664,optimal
2021-02-11 02:00:00,6,91,2.4285714285714284,0.0,0.0,0.064,optimal
2021-02-11 02:30:00,6,91,2.4285714285714284,0.0,0.0,0.1082,optimal
2021-02-11 03:00:00,6,91,2.4285714285714284,0.0,0.0,0.18186666666666668,optimal
2021-02-11 03:30:00,6,91,2.4285714285714284,0.0,0.0,0.064,optimal
2021-02-11 04:00:00,6,91,2.4285714285714284,0.0,0.0,0.22606666666666664,optimal
2021-02-11 04:30:00,6,91,2.4285714285714284,0.0,0.0,0.064,optimal
2021-02-11 05:00:00,6,91,2.4285714285714284,0.0,0.0,0.21,optimal
2021-02-11 05:30:00,6,91,2.4285714285714284,0.0,0.0,1.4564666666666668,optimal
2021-02-11 06:00:00,6,91,2.4285714285714284,0.0,0.0,0.14053333333333334,optimal
2021-02-11 06:30:00,6,91,2.4285714285714284,0.0,7.843535983333075,0.062,optimal
2021-02-11 07:00:00,6,91,2.4285714285714284,0.0,0.0,0.2835,optimal
2021-02-11 07:30:00,6,91,2.4285714285714284,0.0,0.0,0.1966,optimal
2021-02-11 08:00:00,6,91,1.516688003701874,0.0,0.0,0.09346666666666668,optimal
2021-02-11 08:30:00,6,91,1.512258786212839,0.0,0.0,0.14503333333333332,optimal
2021-02-11 09:00:00,6,91,1.3356894459510202,0.0,0.0,0.14503333333333332,optimal
2021-02-11 09:30:00,6,91,1.2454965526159072,0.0,0.0,0.064,optimal
2021-02-11 10:00:00,6,91,0.7895631592060316,0.0,0.0,0.18923333333333328,optimal
2021-02-11 10:30:00,6,91,0.8560367654404232,0.0,0.0,0.10083333333333332,optimal
2021-02-11 11:00:00,6,91,0.6545966514858385,0.0,0.0,0.10083333333333332,optimal
2021-02-11 11:30:00,6,91,0.5778189294071076,0.0,0.0,0.18923333333333328,optimal
2021-02-11 12:00:00,6,91,0.37520584646033284,0.0,0.0,0.064,optimal
2021-02-11 12:30:00,6,91,0.3305546778016046,0.0,0.0,0.064,optimal
2021-02-11 13:00:00,6,91,2.4285714285714284,0.0,0.0,0.064,optimal
2021-02-11 13:30:00,6,91,2.4285714285714284,0.0,0.0,0.22606666666666664,optimal
2021-02-11 14:00:00,6,91,2.4285714285714284,0.0,0.0,0.064,optimal
2021-02-11 14:30:00,6,91,2.4285714285714284,0.0,0.0,0.18923333333333328,optimal
2021-02-11 15:00:00,6,91,2.4285714285714284,0.0,0.0,0.10083333333333332,optimal
2021-02-11 15:30:00,6,91,2.4285714285714284,0.0,0.0,0.12896666666666667,optimal
2021-02-11 16:00:00,6,91,0.0,0.0,0.0,0.30543333333333333,optimal
2021-02-11 16:30:00,6,91,0.0,0.0,0.0,0.13583333333333333,optimal
2021-02-11 17:00:00,6,91,0.0,0.0,0.0,0.11356666666666666,optimal
2021-02-11 17:30:00,6,91,0.0,0.0,0.0,0.2261,optimal
2021-02-11 18:00:00,6,91,0.0,0.0,0.0,0.22273333333333328,optimal
2021-02-11 18:30:00,6,91,0.0,0.0,0.0,0.6823666666666667,optimal
2021-02-11 19:00:00,6,91,0.0,0.0,0.0,1.7123666666666666,optimal
2021-02-11 19:30:00,6,91,0.008058452838551734,0.0,0.0,0.2501333333333333,optimal
2021-02-11 20:00:00,6,91,1.515313572669462,0.0,0.0,0.4939666666666666,optimal
2021-02-11 20:30:00,6,91,0.0,0.0,0.0,0.3701333333333333,optimal
2021-02-11 21:00:00,6,91,0.0,0.0,0.0,0.5896333333333333,optimal
2021-02-11 21:30:00,6,91,0.0,0.0,0.0,0.4643333333333333,optimal
2021-02-11 22:00:00,6,91,0.05971428571428571,0.0,0.0,0.5458999999999999,optimal
2021-02-11 22:30:00,6,91,0.0,0.0,0.0,0.32189999999999996,optimal
2021-02-11 23:00:00,6,91,0.0,0.0,0.0,0.09346666666666668,optimal
2021-02-11 23:30:00,6,91,0.0,0.0,0.0,0.19393333333333332,optimal
2021-02-12 00:00:00,6,91,1.357218955347409,0.0,0.0,0.09663333333333333,optimal
2021-02-12 00:30:00,6,91,2.4285714285714284,0.0,0.0,0.19030000000000002,optimal
2021-02-12 01:00:00,6,91,2.4285714285714284,0.0,0.0,0.16933333333333334,optimal
2021-02-12 01:30:00,6,91,2.4285714285714284,0.0,0.0,0.163,optimal
2021-02-12 02:00:00,6,91,2.4285714285714284,0.0,0.0,0.12393333333333334,optimal
2021-02-12 02:30:00,6,91,2.4285714285714284,0.0,0.0,0.1586,optimal
2021-02-12 03:00:00,6,91,2.4285714285714284,0.0,0.0,0.17843333333333333,optimal
2021-02-12 03:30:00,6,91,2.4285714285714284,0.0,0.0,0.06703333333333333,optimal
2021-02-12 04:00:00,6,91,2.4285714285714284,0.0,0.0,0.22913333333333333,optimal
2021-02-12 04:30:00,6,91,2.4285714285714284,0.0,7.375824325459932,0.16513333333333333,optimal
2021-02-12 05:00:00,6,91,2.4285714285714284,0.0,10.0,0.16733333333333333,optimal
2021-02-12 05:30:00,6,91,2.4285714285714284,0.0,0.0,0.11353333333333332,optimal
2021-02-12 06:00:00,6,91,2.4285714285714284,0.0,0.0,0.20386666666666667,optimal
2021-02-12 06:30:00,6,91,2.4285714285714284,0.0,0.0,0.15419999999999998,optimal
2021-02-12 07:00:00,6,91,2.4285714285714284,0.0,0.0,0.07133333333333333,optimal
2021-02-12 07:30:00,6,91,2.4285714285714284,0.0,0.0,0.22373333333333328,optimal
2021-02-12 08:00:00,6,91,1.6968542637897475,0.0,0.0,0.18653333333333333,optimal
2021-02-12 08:30:00,6,91,1.5593359420583481,0.0,0.0,0.17976666666666669,optimal
2021-02-12 09:00:00,6,91,1.4165494447375715,0.0,0.0,0.13683333333333333,optimal
2021-02-12 09:30:00,6,91,1.062330031401883,0.0,0.0,0.9609666666666669,optimal
2021-02-12 10:00:00,6,91,0.8349062236245369,0.0,0.0,0.11896666666666668,optimal
2021-02-12 10:30:00,6,91,0.780047628992084,0.0,0.0,0.21480000000000002,optimal
2021-02-12 11:00:00,6,91,0.5228358988033194,0.0,0.0,0.17933333333333334,optimal
2021-02-12 11:30:00,6,91,0.5035154792361602,0.0,0.0,0.2349333333333333,optimal
2021-02-12 12:00:00,6,91,0.43438016094595366,0.0,0.0,0.1525,optimal
2021-02-12 12:30:00,6,91,0.4203930747121364,0.0,0.0,0.18943333333333331,optimal
2021-02-12 13:00:00,6,91,2.4285714285714284,0.0,0.0,0.14433333333333334,optimal
2021-02-12 13:30:00,6,91,2.4285714285714284,0.0,0.0,0.17933333333333334,optimal
2021-02-12 14:00:00,6,91,2.4285714285714284,0.0,0.0,0.13743333333333332,optimal
2021-02-12 14:30:00,6,91,2.4285714285714284,0.0,0.0,0.22316666666666662,optimal
2021-02-12 15:00:00,6,91,2.4285714285714284,0.0,0.0,0.13726666666666668,optimal
2021-02-12 15:30:00,6,91,2.4285714285714284,0.0,0.0,0.22333333333333327,optimal
2021-02-12 16:00:00,6,91,0.0,0.0,0.0,0.17933333333333334,optimal
2021-02-12 16:30:00,6,91,0.0,0.0,0.0,0.072,optimal
2021-02-12 17:00:00,6,91,0.0,0.0,0.0,0.34226666666666666,optimal
2021-02-12 17:30:00,6,91,0.0,0.0,0.0,0.072,optimal
2021-02-12 18:00:00,6,91,0.0,0.0,0.0,0.8428666666666667,optimal
2021-02-12 18:30:00,6,91,0.0,0.0,0.0,0.5653666666666667,optimal
2021-02-12 19:00:00,6,91,0.0,0.0,0.0,0.21259999999999998,optimal
2021-02-12 19:30:00,6,91,0.0,0.0,0.0,0.1777,optimal
2021-02-12 20:00:00,6,91,0.03408710993975703,0.0,0.0,0.3475,optimal
2021-02-12 20:30:00,6,91,0.0,0.0,0.0,0.19466666666666663,optimal
2021-02-12 21:00:00,6,91,0.0,0.0,0.0,0.5900666666666667,optimal
2021-02-12 21:30:00,6,91,0.0,0.0,0.0,0.49689999999999995,optimal
2021-02-12 22:00:00,6,91,0.6966666666666668,0.0,0.0,0.6115333333333333,optimal
2021-02-12 22:30:00,6,91,0.0,0.0,0.0,0.5298333333333334,optimal
2021-02-12 23:00:00,6,91,0.0,0.0,0.0,0.23963333333333334,optimal
2021-02-12 23:30:00,6,91,0.0,0.0,0.0,0.18606666666666663,optimal
2021-02-13 00:00:00,6,91,0.0,0.0,0.0,0.066,optimal
2021-02-13 00:30:00,6,91,1.6321904761904764,0.0,0.0,0.066,optimal
2021-02-13 01:00:00,6,91,0.0,0.0,0.0,0.066,optimal
2021-02-13 01:30:00,6,91,0.0,0.0,0.0,0.2097333333333333,optimal
2021-02-13 02:00:00,6,91,0.10870510848547611,0.0,0.0,0.066,optimal
2021-02-13 02:30:00,6,91,2.4285714285714284,0.0,0.0,0.19666666666666663,optimal
2021-02-13 03:00:00,6,91,2.4285714285714284,0.0,0.0,0.07906666666666666,optimal
2021-02-13 03:30:00,6,91,2.4285714285714284,0.0,0.0,0.11826666666666669,optimal
2021-02-13 04:00:00,6,91,2.4285714285714284,0.0,0.0,0.15746666666666667,optimal
2021-02-13 04:30:00,6,91,2.4285714285714284,0.0,0.0,0.066,optimal
2021-02-13 05:00:00,6,91,2.4285714285714284,0.0,0.0,0.2097333333333333,optimal
2021-02-13 05:30:00,6,91,2.4285714285714284,0.0,0.0,0.066,optimal
2021-02-13 06:00:00,6,91,2.4285714285714284,0.0,0.0,0.11173333333333332,optimal
2021-02-13 06:30:00,6,91,2.4285714285714284,0.0,5.943794064972365,0.164,optimal
2021-02-13 07:00:00,6,91,2.4285714285714284,0.0,10.0,0.20463333333333333,optimal
2021-02-13 07:30:00,6,91,2.4285714285714284,0.0,0.0,1.4827666666666668,optimal
2021-02-13 08:00:00,6,91,1.2692618568606455,0.0,0.0,0.224,optimal
2021-02-13 08:30:00,6,91,1.2424747706268078,0.0,0.0,0.3604333333333333,optimal
2021-02-13 09:00:00,6,91,1.074635161845476,0.0,0.0,0.6117333333333334,optimal
2021-02-13 09:30:00,6,91,1.0419378259144714,0.0,0.0,1.6025333333333334,optimal
2021-02-13 10:00:00,6,91,0.7605905132975382,0.0,0.0,0.35819999999999996,optimal
2021-02-13 10:30:00,6,91,0.8000986651589529,0.0,0.0,0.3029,optimal
2021-02-13 11:00:00,6,91,0.5597303433538914,0.0,0.0,0.2558666666666667,optimal
2021-02-13 11:30:00,6,91,0.6414765904534018,0.0,0.0,0.18706666666666663,optimal
2021-02-13 12:00:00,6,91,0.5377190184753922,0.0,0.0,0.10866666666666669,optimal
2021-02-13 12:30:00,6,91,0.54018294124584,0.0,0.0,0.076,optimal
2021-02-13 13:00:00,6,91,1.790957360420265,0.0,0.0,0.21973333333333328,optimal
2021-02-13 13:30:00,6,91,2.4285714285714284,0.0,0.0,0.076,optimal
2021-02-13 14:00:00,6,91,2.4285714285714284,0.0,0.0,0.12173333333333332,optimal
2021-02-13 14:30:00,6,91,2.4285714285714284,0.0,0.0,0.174,optimal
2021-02-13 15:00:00,6,91,2.4285714285714284,0.0,0.0,1.0623333333333334,optimal
2021-02-13 15:30:00,6,91,2.4285714285714284,0.0,0.0,0.7619,optimal
2021-02-13 16:00:00,6,91,0.0,0.0,0.0,0.1754,optimal
2021-02-13 16:30:00,6,91,0.0,0.0,0.0,0.2838,optimal
2021-02-13 17:00:00,6,91,0.0,0.0,0.0,0.48236666666666667,optimal
2021-02-13 17:30:00,6,91,0.0,0.0,0.0,0.2554333333333333,optimal
2021-02-13 18:00:00,6,91,0.0,0.0,0.0,0.21713333333333332,optimal
2021-02-13 18:30:00,6,91,0.0,0.0,0.0,1.4438,optimal
2021-02-13 19:00:00,6,91,0.0,0.0,0.0,0.076,optimal
2021-02-13 19:30:00,6,91,0.0,0.0,0.0,0.20013333333333333,optimal
2021-02-13 20:00:00,6,91,0.0,0.0,0.0,1.8979000000000001,optimal
2021-02-13 20:30:00,6,91,0.0,0.0,0.0,0.44439999999999996,optimal
2021-02-13 21:00:00,6,91,0.0,0.0,0.0,0.37706666666666666,optimal
2021-02-13 21:30:00,6,91,0.0,0.0,0.0,1.0822,optimal
2021-02-13 22:00:00,6,91,0.0,0.0,0.0,0.3483,optimal
2021-02-13 22:30:00,6,91,0.0,0.0,0.0,0.32963333333333333,optimal
2021-02-13 23:00:00,6,91,0.0,0.0,0.0,0.47293333333333326,optimal
2021-02-13 23:30:00,6,91,0.0,0.0,0.0,0.3957333333333333,optimal
2021-02-07 00:00:00,7,91,0.0,0.0,0.0,0.05633333333333333,optimal
2021-02-07 00:30:00,7,91,0.0,0.0,0.0,0.09166666666666669,optimal
2021-02-07 01:00:00,7,91,0.0,0.0,0.0,0.1988,optimal
2021-02-07 01:30:00,7,91,0.0,0.0,0.0,0.058,optimal
2021-02-07 02:00:00,7,91,0.0,0.0,0.0,0.14759999999999998,optimal
2021-02-07 02:30:00,7,91,0.0,0.0,0.0,0.1092,optimal
2021-02-07 03:00:00,7,91,0.0,0.0,0.0,0.1028,optimal
2021-02-07 03:30:00,7,91,0.0,0.0,0.0,0.154,optimal
2021-02-07 04:00:00,7,91,2.2857142857142856,0.0,0.0,0.058,optimal
2021-02-07 04:30:00,7,91,2.2857142857142856,0.0,0.0,0.1988,optimal
2021-02-07 05:00:00,7,91,2.2857142857142856,0.0,0.0,0.058,optimal
2021-02-07 05:30:00,7,91,2.2857142857142856,0.0,0.0,0.058,optimal
2021-02-07 06:00:00,7,91,2.2857142857142856,0.0,0.0,1.2181333333333335,optimal
2021-02-07 06:30:00,7,91,2.2857142857142856,0.0,0.0,0.193,optimal
2021-02-07 07:00:00,7,91,2.2857142857142856,0.0,2.1136683551243385,0.16013333333333332,optimal
2021-02-07 07:30:00,7,91,0.0,0.0,0.0,0.4219,optimal
2021-02-07 08:00:00,7,91,0.0,0.0,0.0,0.08686666666666666,optimal
2021-02-07 08:30:00,7,91,0.0,0.0,0.0,0.7235,optimal
2021-02-07 09:00:00,7,91,0.0,0.0,0.0,1.3214000000000001,optimal
2021-02-07 09:30:00,7,91,0.14054575708739528,0.0,0.0,0.8131,optimal
2021-02-07 10:00:00,7,91,0.899376918198033,0.0,0.0,0.244,optimal
2021-02-07 10:30:00,7,91,1.0254463287609201,0.0,0.0,0.2088,optimal
2021-02-07 11:00:00,7,91,0.9302973516267872,0.0,0.0,0.068,optimal
2021-02-07 11:30:00,7,91,0.9302973516267872,0.0,0.0,0.068,optimal
2021-02-07 12:00:00,7,91,0.8008483180532197,0.0,0.0,0.13040000000000002,optimal
2021-02-07 12:30:00,7,91,0.4674368894817898,0.0,0.0,1.5910333333333333,optimal
2021-02-07 13:00:00,7,91,2.0503349843213514,0.0,0.0,0.7414666666666667,optimal
2021-02-07 13:30:00,7,91,2.2857142857142856,0.0,0.0,0.2942666666666667,optimal
2021-02-07 14:00:00,7,91,2.2857142857142856,0.0,0.0,0.3689333333333333,optimal
2021-02-07 14:30:00,7,91,2.2857142857142856,0.0,0.0,0.20363333333333333,optimal
2021-02-07 15:00:00,7,91,2.2857142857142856,0.0,0.0,0.08946666666666667,optimal
2021-02-07 15:30:00,7,91,2.2857142857142856,0.0,0.0,0.2754,optimal
2021-02-07 16:00:00,7,91,0.0,0.0,0.0,1.4705,optimal
2021-02-07 16:30:00,7,91,0.0,0.0,0.0,0.8680666666666668,optimal
2021-02-07 17:00:00,7,91,0.0,0.0,0.0,0.41256666666666664,optimal
2021-02-07 17:30:00,7,91,0.0,0.0,0.0,1.5563333333333333,optimal
2021-02-07 18:00:00,7,91,0.0,0.0,0.0,0.2931333333333333,optimal
2021-02-07 18:30:00,7,91,0.0,0.0,0.0,0.3048,optimal
2021-02-07 19:00:00,7,91,0.0,0.0,0.0,0.24913333333333332,optimal
2021-02-07 19:30:00,7,91,0.0,0.0,0.0,0.4614333333333333,optimal
2021-02-07 20:00:00,7,91,0.0,0.0,0.0,0.33986666666666665,optimal
2021-02-07 20:30:00,7,91,0.0,0.0,0.0,0.45156666666666667,optimal
2021-02-07 21:00:00,7,91,0.0,0.0,0.0,0.17496666666666666,optimal
2021-02-07 21:30:00,7,91,0.0,0.0,0.0,0.2554666666666667,optimal
2021-02-07 22:00:00,7,91,0.0,0.0,0.0,0.2079333333333333,optimal
2021-02-07 22:30:00,7,91,0.0,0.0,0.0,0.3388,optimal
2021-02-07 23:00:00,7,91,0.0,0.0,0.0,0.0872,optimal
2021-02-07 23:30:00,7,91,0.0,0.0,0.0,0.068,optimal
2021-02-08 00:00:00,7,91,0.0,0.0,0.0,0.063,optimal
2021-02-08 00:30:00,7,91,2.2857142857142856,0.0,0.0,0.063,optimal
2021-02-08 01:00:00,7,91,0.24669470162186416,0.0,0.0,0.19196666666666667,optimal
2021-02-08 01:30:00,7,91,0.0,0.0,0.0,0.1033,optimal
2021-02-08 02:00:00,7,91,0.0,0.0,0.0,0.063,optimal
2021-02-08 02:30:00,7,91,1.903562068487243,0.0,0.0,0.15966666666666665,optimal
2021-02-08 03:00:00,7,91,2.2857142857142856,0.0,0.0,0.11946666666666668,optimal
2021-02-08 03:30:00,7,91,2.2857142857142856,0.0,0.0,0.10813333333333335,optimal
2021-02-08 04:00:00,7,91,2.2857142857142856,0.0,0.0,0.13066666666666665,optimal
2021-02-08 04:30:00,7,91,2.2857142857142856,0.0,0.0,0.1356,optimal
2021-02-08 05:00:00,7,91,2.2857142857142856,0.0,0.0,0.063,optimal
2021-02-08 05:30:00,7,91,2.2857142857142856,0.0,0.0,0.1275333333333333,optimal
2021-02-08 06:00:00,7,91,2.2857142857142856,0.0,0.0,0.1139,optimal
2021-02-08 06:30:00,7,91,2.2857142857142856,0.0,0.0,0.2961666666666667,optimal
2021-02-08 07:00:00,7,91,2.2857142857142856,0.0,8.386784986400059,1.4025999999999998,optimal
2021-02-08 07:30:00,7,91,2.2857142857142856,0.0,0.0,0.2871,optimal
2021-02-08 08:00:00,7,91,1.0599376720113447,0.0,0.0,0.2531333333333333,optimal
2021-02-08 08:30:00,7,91,2.285714285714285,0.0,0.0,0.6495333333333333,optimal
2021-02-08 09:00:00,7,91,0.9115805948347239,0.0,0.0,0.48219999999999996,optimal
2021-02-08 09:30:00,7,91,0.7071240980380186,0.0,0.0,2.644766666666667,optimal
2021-02-08 10:00:00,7,91,0.9255433200187917,0.0,0.0,0.10683333333333331,optimal
2021-02-08 10:30:00,7,91,0.9114283882440638,0.0,0.0,0.1923,optimal
2021-02-08 11:00:00,7,91,0.6876743237221407,0.0,0.0,0.10363333333333334,optimal
2021-02-08 11:30:00,7,91,0.5726430083973446,0.0,0.0,0.7108666666666666,optimal
2021-02-08 12:00:00,7,91,0.27547854824766665,0.0,0.0,1.8464666666666667,optimal
2021-02-08 12:30:00,7,91,0.3930730604552391,0.0,0.0,0.5594666666666667,optimal
2021-02-08 13:00:00,7,91,0.3779972285137808,0.0,0.0,0.5271,optimal
2021-02-08 13:30:00,7,91,1.658613532236603,0.0,0.0,0.37846666666666656,optimal
2021-02-08 14:00:00,7,91,1.8545592281924572,0.0,0.0,1.7572999999999999,optimal
2021-02-08 14:30:00,7,91,2.2857142857142856,0.0,0.0,4.467,optimal
2021-02-08 15:00:00,7,91,2.2857142857142856,0.0,0.0,3.1946666666666665,optimal
2021-02-08 15:30:00,7,91,2.2857142857142856,0.0,0.0,0.47273333333333334,optimal
2021-02-08 16:00:00,7,91,0.0,0.0,0.0,0.5902333333333334,optimal
2021-02-08 16:30:00,7,91,0.0,0.0,0.0,0.6212000000000001,optimal
2021-02-08 17:00:00,7,91,0.0,0.0,0.0,0.5294,optimal
2021-02-08 17:30:00,7,91,0.0,0.0,0.0,0.7646000000000001,optimal
2021-02-08 18:00:00,7,91,0.0,0.0,0.0,0.38106666666666666,optimal
2021-02-08 18:30:00,7,91,0.0,0.0,0.0,0.5982000000000001,optimal
2021-02-08 19:00:00,7,91,0.0,0.0,0.0,0.41433333333333333,optimal
2021-02-08 19:30:00,7,91,0.0,0.0,0.0,1.4618,optimal
2021-02-08 20:00:00,7,91,0.0,0.0,0.0,1.6332,optimal
2021-02-08 20:30:00,7,91,0.0,0.0,0.0,0.417,optimal
2021-02-08 21:00:00,7,91,0.0,0.0,0.0,0.17893333333333333,optimal
2021-02-08 21:30:00,7,91,0.0,0.0,0.0,0.4957,optimal
2021-02-08 22:00:00,7,91,0.1592380952380952,0.0,0.0,0.3115333333333334,optimal
2021-02-08 22:30:00,7,91,0.0,0.0,0.0,0.15516666666666665,optimal
2021-02-08 23:00:00,7,91,0.0,0.0,0.0,0.1359,optimal
2021-02-08 23:30:00,7,91,0.0,0.0,0.0,0.1457,optimal
2021-02-09 00:00:00,7,91,0.0,0.0,0.0,0.055,optimal
2021-02-09 00:30:00,7,91,0.8559047619047618,0.0,0.0,0.055,optimal
2021-02-09 01:00:00,7,91,0.0,0.0,0.0,0.2046,optimal
2021-02-09 01:30:00,7,91,0.0,0.0,0.0,0.055,optimal
2021-02-09 02:00:00,7,91,0.6481551936971267,0.0,0.0,0.1366,optimal
2021-02-09 02:30:00,7,91,2.2857142857142856,0.0,0.0,0.123,optimal
2021-02-09 03:00:00,7,91,2.2857142857142856,0.0,0.0,0.055,optimal
2021-02-09 03:30:00,7,91,2.2857142857142856,0.0,0.0,0.055,optimal
2021-02-09 04:00:00,7,91,2.2857142857142856,0.0,0.0,0.2046,optimal
2021-02-09 04:30:00,7,91,2.2857142857142856,0.0,0.0,0.055,optimal
2021-02-09 05:00:00,7,91,2.2857142857142856,0.0,0.0,0.055,optimal
2021-02-09 05:30:00,7,91,2.2857142857142856,0.0,0.0,0.07540000000000001,optimal
2021-02-09 06:00:00,7,91,2.2857142857142856,0.0,0.0,0.18419999999999997,optimal
2021-02-09 06:30:00,7,91,2.2857142857142856,0.0,2.526100482520295,0.058333333333333334,optimal
2021-02-09 07:00:00,7,91,2.2857142857142856,0.0,10.0,0.37010000000000004,optimal
2021-02-09 07:30:00,7,91,2.2857142857142856,0.0,0.0,1.4738666666666667,optimal
2021-02-09 08:00:00,7,91,1.2216023670772684,0.0,0.0,0.45130000000000003,optimal
2021-02-09 08:30:00,7,91,1.1978868226615123,0.0,0.0,0.4026,optimal
2021-02-09 09:00:00,7,91,1.0544170678208122,0.0,0.0,0.2929333333333333,optimal
2021-02-09 09:30:00,7,91,0.967305978989327,0.0,0.0,0.433,optimal
2021-02-09 10:00:00,7,91,0.6717447626081615,0.0,0.0,0.5720333333333333,optimal
2021-02-09 10:30:00,7,91,0.8016359981057269,0.0,0.0,0.181,optimal
2021-02-09 11:00:00,7,91,0.4707910900403804,0.0,0.0,0.33393333333333336,optimal
2021-02-09 11:30:00,7,91,0.5060992419017828,0.0,0.0,0.191,optimal
2021-02-09 12:00:00,7,91,0.2893201517324361,0.0,0.0,1.0779333333333334,optimal
2021-02-09 12:30:00,7,91,0.36584438082339255,0.0,0.0,0.7336666666666666,optimal
2021-02-09 13:00:00,7,91,2.162028996484939,0.0,0.0,0.161,optimal
2021-02-09 13:30:00,7,91,2.1001679825809743,0.0,0.0,0.2662,optimal
2021-02-09 14:00:00,7,91,2.2857142857142856,0.0,0.0,0.23403333333333334,optimal
2021-02-09 14:30:00,7,91,2.2857142857142856,0.0,0.0,0.3306,optimal
2021-02-09 15:00:00,7,91,2.2857142857142856,0.0,0.0,0.18846666666666667,optimal
2021-02-09 15:30:00,7,91,2.2857142857142856,0.0,0.0,0.263,optimal
2021-02-09 16:00:00,7,91,0.0,0.0,0.0,0.27246666666666663,optimal
2021-02-09 16:30:00,7,91,0.0,0.0,0.0,0.4405,optimal
2021-02-09 17:00:00,7,91,0.0,0.0,0.0,0.5161,optimal
2021-02-09 17:30:00,7,91,0.0,0.0,0.0,0.4919,optimal
2021-02-09 18:00:00,7,91,0.0,0.0,0.0,0.5579,optimal
2021-02-09 18:30:00,7,91,0.0,0.0,0.0,0.35783333333333334,optimal
2021-02-09 19:00:00,7,91,0.0,0.0,0.0,0.2777333333333333,optimal
2021-02-09 19:30:00,7,91,0.0,0.0,0.0,0.29036666666666666,optimal
2021-02-09 20:00:00,7,91,0.0,0.0,0.0,0.5620333333333333,optimal
2021-02-09 20:30:00,7,91,0.0,0.0,0.0,0.191,optimal
2021-02-09 21:00:00,7,91,0.0,0.0,0.0,0.3985,optimal
2021-02-09 21:30:00,7,91,0.0,0.0,0.0,0.107,optimal
2021-02-09 22:00:00,7,91,0.0,0.0,0.0,0.29860000000000003,optimal
2021-02-09 22:30:00,7,91,0.0,0.0,0.0,0.149,optimal
2021-02-09 23:00:00,7,91,0.0,0.0,0.0,0.065,optimal
2021-02-09 23:30:00,7,91,0.0,0.0,0.0,0.21459999999999999,optimal
2021-02-10 00:00:00,7,91,0.0,0.0,0.0,0.07933333333333333,optimal
2021-02-10 00:30:00,7,91,0.7563809523809524,0.0,0.0,0.15693333333333334,optimal
2021-02-10 01:00:00,7,91,0.0,0.0,0.0,0.047,optimal
2021-02-10 01:30:00,7,91,0.0,0.0,0.0,0.047,optimal
2021-02-10 02:00:00,7,91,1.6870513018426456,0.0,0.0,0.13106666666666666,optimal
2021-02-10 02:30:00,7,91,2.2857142857142856,0.0,0.0,0.1052,optimal
2021-02-10 03:00:00,7,91,2.2857142857142856,0.0,0.0,0.047,optimal
2021-02-10 03:30:00,7,91,2.2857142857142856,0.0,0.0,0.0664,optimal
2021-02-10 04:00:00,7,91,2.2857142857142856,0.0,0.0,0.16986666666666667,optimal
2021-02-10 04:30:00,7,91,2.2857142857142856,0.0,2.7715480874333536,0.047,optimal
2021-02-10 05:00:00,7,91,2.2857142857142856,0.0,10.0,0.18926666666666667,optimal
2021-02-10 05:30:00,7,91,2.2857142857142856,0.0,10.0,0.047,optimal
2021-02-10 06:00:00,7,91,2.2857142857142856,0.0,10.0,0.08173333333333334,optimal
2021-02-10 06:30:00,7,91,2.2857142857142856,0.0,0.0,0.42826666666666663,optimal
2021-02-10 07:00:00,7,91,2.2857142857142856,0.0,0.0,0.0654,optimal
2021-02-10 07:30:00,7,91,2.2857142857142856,0.0,0.0,0.11456666666666666,optimal
2021-02-10 08:00:00,7,91,1.1299270437436673,0.0,0.0,0.243,optimal
2021-02-10 08:30:00,7,91,1.1861977464274416,0.0,0.0,0.13169999999999998,optimal
2021-02-10 09:00:00,7,91,0.9335926356518675,0.0,0.0,0.19726666666666667,optimal
2021-02-10 09:30:00,7,91,1.0375490526213618,0.0,0.0,0.06626666666666667,optimal
2021-02-10 10:00:00,7,91,0.8169247998299621,0.0,0.0,0.08746666666666666,optimal
2021-02-10 10:30:00,7,91,0.8645254458904158,0.0,0.0,0.1928,optimal
2021-02-10 11:00:00,7,91,0.7117261860625111,0.0,0.0,0.057,optimal
2021-02-10 11:30:00,7,91,0.6697520135948882,0.0,0.0,0.17986666666666667,optimal
2021-02-10 12:00:00,7,91,0.45815539864589516,0.0,0.0,0.07640000000000001,optimal
2021-02-10 12:30:00,7,91,0.46369825578876284,0.0,0.0,0.057,optimal
2021-02-10 13:00:00,7,91,2.2857142857142856,0.0,0.0,0.057,optimal
2021-02-10 13:30:00,7,91,2.2857142857142856,0.0,0.0,0.057,optimal
2021-02-10 14:00:00,7,91,2.2857142857142856,0.0,0.0,0.19926666666666668,optimal
2021-02-10 14:30:00,7,91,2.2857142857142856,0.0,0.0,0.057,optimal
2021-02-10 15:00:00,7,91,2.2857142857142856,0.0,0.0,0.057,optimal
2021-02-10 15:30:00,7,91,2.2857142857142856,0.0,0.0,0.06346666666666667,optimal
2021-02-10 16:00:00,7,91,0.0,0.0,0.0,0.21159999999999998,optimal
2021-02-10 16:30:00,7,91,0.0,0.0,0.0,0.09946666666666669,optimal
2021-02-10 17:00:00,7,91,0.0,0.0,0.0,0.3134666666666666,optimal
2021-02-10 17:30:00,7,91,0.0,0.0,0.0,0.23103333333333334,optimal
2021-02-10 18:00:00,7,91,0.0,0.0,0.0,0.1797,optimal
2021-02-10 18:30:00,7,91,0.0,0.0,0.0,0.2826,optimal
2021-02-10 19:00:00,7,91,0.0,0.0,0.0,0.4654,optimal
2021-02-10 19:30:00,7,91,0.0,0.0,0.0,1.2268666666666665,optimal
2021-02-10 20:00:00,7,91,0.04309858310095158,0.0,0.0,0.3602333333333333,optimal
2021-02-10 20:30:00,7,91,0.0,0.0,0.0,0.24146666666666666,optimal
2021-02-10 21:00:00,7,91,0.0,0.0,0.0,0.18963333333333332,optimal
2021-02-10 21:30:00,7,91,0.0,0.0,0.0,0.49269999999999997,optimal
2021-02-10 22:00:00,7,91,0.0,0.0,0.0,0.11206666666666666,optimal
2021-02-10 22:30:00,7,91,0.0199047619047619,0.0,0.0,0.2049,optimal
2021-02-10 23:00:00,7,91,0.0,0.0,0.0,0.21306666666666663,optimal
2021-02-10 23:30:00,7,91,0.0,0.0,0.0,0.056,optimal
2021-02-11 00:00:00,7,91,0.0,0.0,0.0,0.1151,optimal
2021-02-11 00:30:00,7,91,2.249238095238095,0.0,0.0,0.14163333333333333,optimal
2021-02-11 01:00:00,7,91,1.2662549509525596,0.0,0.0,0.13753333333333334,optimal
2021-02-11 01:30:00,7,91,2.2857142857142856,0.0,0.0,0.18746666666666667,optimal
2021-02-11 02:00:00,7,91,2.2857142857142856,0.0,0.0,0.1162,optimal
2021-02-11 02:30:00,7,91,2.2857142857142856,0.0,0.0,0.0906,optimal
2021-02-11 03:00:00,7,91,2.2857142857142856,0.0,0.0,0.15869999999999998,optimal
2021-02-11 03:30:00,7,91,2.2857142857142856,0.0,0.0,0.17056666666666667,optimal
2021-02-11 04:00:00,7,91,2.2857142857142856,0.0,0.0,0.065,optimal
2021-02-11 04:30:00,7,91,2.2857142857142856,0.0,0.0,0.26426666666666665,optimal
2021-02-11 05:00:00,7,91,2.2857142857142856,0.0,0.0,0.0814,optimal
2021-02-11 05:30:00,7,91,2.2857142857142856,0.0,0.0,0.17483333333333334,optimal
2021-02-11 06:00:00,7,91,2.2857142857142856,0.0,2.398769038116065,0.13736666666666666,optimal
2021-02-11 06:30:00,7,91,2.2857142857142856,0.0,10.0,0.14880000000000002,optimal
2021-02-11 07:00:00,7,91,2.2857142857142856,0.0,10.0,0.37056666666666666,optimal
2021-02-11 07:30:00,7,91,2.2857142857142856,0.0,0.0,2.062733333333333,optimal
2021-02-11 08:00:00,7,91,1.3272403846542495,0.0,0.0,0.1792,optimal
2021-02-11 08:30:00,7,91,1.2473102147842696,0.0,0.0,0.8862000000000001,optimal
2021-02-11 09:00:00,7,91,0.9184570649986319,0.0,0.0,3.270266666666667,optimal
2021-02-11 09:30:00,7,91,1.0745727430920922,0.0,0.0,0.21303333333333332,optimal
2021-02-11 10:00:00,7,91,0.4723174449203169,0.0,0.0,2.414766666666667,optimal
2021-02-11 10:30:00,7,91,0.514396765440438,0.0,0.0,1.4868,optimal
2021-02-11 11:00:00,7,91,0.4035585562477491,0.0,0.0,0.1338,optimal
2021-02-11 11:30:00,7,91,0.3365522627404348,0.0,0.0,0.372,optimal
2021-02-11 12:00:00,7,91,0.17143441788888922,0.0,0.0,0.3963666666666667,optimal
2021-02-11 12:30:00,7,91,0.0,0.0,0.0,2.3751666666666664,optimal
2021-02-11 13:00:00,7,91,1.4335488950495048,0.0,0.0,3.6236666666666664,optimal
2021-02-11 13:30:00,7,91,2.2857142857142856,0.0,0.0,2.1509,optimal
2021-02-11 14:00:00,7,91,2.2857142857142856,0.0,0.0,0.5222,optimal
2021-02-11 14:30:00,7,91,2.2857142857142856,0.0,0.0,0.24416666666666662,optimal
2021-02-11 15:00:00,7,91,2.2857142857142856,0.0,0.0,0.30446666666666666,optimal
2021-02-11 15:30:00,7,91,2.2857142857142856,0.0,0.0,0.40753333333333336,optimal
2021-02-11 16:00:00,7,91,0.0,0.0,0.0,0.2206,optimal
2021-02-11 16:30:00,7,91,0.0,0.0,0.0,0.3964666666666666,optimal
2021-02-11 17:00:00,7,91,0.0,0.0,0.0,2.7396666666666665,optimal
2021-02-11 17:30:00,7,91,0.0,0.0,0.0,1.7468666666666666,optimal
2021-02-11 18:00:00,7,91,0.0,0.0,0.0,1.2115,optimal
2021-02-11 18:30:00,7,91,0.0,0.0,0.0,3.6048666666666667,optimal
2021-02-11 19:00:00,7,91,0.0,0.0,0.0,1.2422666666666669,optimal
2021-02-11 19:30:00,7,91,0.0,0.0,0.0,1.6769333333333334,optimal
2021-02-11 20:00:00,7,91,0.0,0.0,0.0,0.2622,optimal
2021-02-11 20:30:00,7,91,0.0,0.0,0.0,2.4714,optimal
2021-02-11 21:00:00,7,91,0.0,0.0,0.0,2.2005,optimal
2021-02-11 21:30:00,7,91,0.0,0.0,0.0,1.7375,optimal
2021-02-11 22:00:00,7,91,0.0,0.0,0.0,0.19746666666666668,optimal
2021-02-11 22:30:00,7,91,0.0,0.0,0.0,0.15180000000000002,optimal
2021-02-11 23:00:00,7,91,0.0,0.0,0.0,0.13066666666666665,optimal
2021-02-11 23:30:00,7,91,0.0,0.0,0.0,0.2169333333333333,optimal
2021-02-12 00:00:00,7,91,0.11203706650193422,0.0,0.0,0.06333333333333334,optimal
2021-02-12 00:30:00,7,91,2.2857142857142856,0.0,0.0,0.111,optimal
2021-02-12 01:00:00,7,91,2.2857142857142856,0.0,0.0,0.08233333333333333,optimal
2021-02-12 01:30:00,7,91,2.2857142857142856,0.0,0.0,0.223,optimal
2021-02-12 02:00:00,7,91,2.2857142857142856,0.0,0.0,0.1967333333333333,optimal
2021-02-12 02:30:00,7,91,2.2857142857142856,0.0,0.0,0.064,optimal
2021-02-12 03:00:00,7,91,2.2857142857142856,0.0,0.0,0.155,optimal
2021-02-12 03:30:00,7,91,2.2857142857142856,0.0,0.0,0.2720666666666667,optimal
2021-02-12 04:00:00,7,91,2.2857142857142856,0.0,0.0,0.064,optimal
2021-02-12 04:30:00,7,91,2.2857142857142856,0.0,0.0,0.2218333333333333,optimal
2021-02-12 05:00:00,7,91,2.2857142857142856,0.0,0.0,0.10403333333333331,optimal
2021-02-12 05:30:00,7,91,2.2857142857142856,0.0,0.0,0.23036666666666666,optimal
2021-02-12 06:00:00,7,91,2.2857142857142856,0.0,9.574187655380454,0.1245,optimal
2021-02-12 06:30:00,7,91,2.2857142857142856,0.0,10.0,0.10233333333333332,optimal
2021-02-12 07:00:00,7,91,2.2857142857142856,0.0,10.0,0.14133333333333334,optimal
2021-02-12 07:30:00,7,91,2.2857142857142856,0.0,0.0,0.26306666666666667,optimal
2021-02-12 08:00:00,7,91,1.7917209304564083,0.0,0.0,0.07966666666666668,optimal
2021-02-12 08:30:00,7,91,1.1783073706297862,0.0,0.0,1.3393666666666666,optimal
2021-02-12 09:00:00,7,91,1.2853494447375655,0.0,0.0,0.25603333333333333,optimal
2021-02-12 09:30:00,7,91,1.188517650449488,0.0,0.0,0.062,optimal
2021-02-12 10:00:00,7,91,0.6511633664816846,0.0,0.0,0.3994,optimal
2021-02-12 10:30:00,7,91,0.654390486134923,0.0,0.0,0.3346,optimal
2021-02-12 11:00:00,7,91,0.0,0.0,0.0,3.9851666666666663,optimal
2021-02-12 11:30:00,7,91,0.19057801531131607,0.0,0.0,0.7458333333333333,optimal
2021-02-12 12:00:00,7,91,0.22380873237453333,0.0,0.0,0.6404333333333333,optimal
2021-02-12 12:30:00,7,91,0.14957021756927527,0.0,0.0,0.7039,optimal
2021-02-12 13:00:00,7,91,2.2857142857142856,0.0,0.0,0.8309333333333333,optimal
2021-02-12 13:30:00,7,91,2.2857142857142856,0.0,0.0,1.9145,optimal
2021-02-12 14:00:00,7,91,2.2857142857142856,0.0,0.0,0.8060333333333333,optimal
2021-02-12 14:30:00,7,91,2.2857142857142856,0.0,0.0,0.3507333333333333,optimal
2021-02-12 15:00:00,7,91,2.2857142857142856,0.0,0.0,0.2606,optimal
2021-02-12 15:30:00,7,91,2.2857142857142856,0.0,0.0,0.29669999999999996,optimal
2021-02-12 16:00:00,7,91,0.0,0.0,0.0,0.26863333333333334,optimal
2021-02-12 16:30:00,7,91,0.0,0.0,0.0,0.0785,optimal
2021-02-12 17:00:00,7,91,0.0,0.0,0.0,0.2077333333333333,optimal
2021-02-12 17:30:00,7,91,0.0,0.0,0.0,0.12266666666666669,optimal
2021-02-12 18:00:00,7,91,0.0,0.0,0.0,0.165,optimal
2021-02-12 18:30:00,7,91,0.0,0.0,0.0,0.21506666666666663,optimal
2021-02-12 19:00:00,7,91,0.0,0.0,0.0,0.11766666666666668,optimal
2021-02-12 19:30:00,7,91,0.0,0.0,0.0,0.19906666666666664,optimal
2021-02-12 20:00:00,7,91,0.6958100337426487,0.0,0.0,0.22066666666666662,optimal
2021-02-12 20:30:00,7,91,0.0,0.0,0.0,0.1075,optimal
2021-02-12 21:00:00,7,91,0.0,0.0,0.0,0.18316666666666662,optimal
2021-02-12 21:30:00,7,91,0.0,0.0,0.0,0.2397333333333333,optimal
2021-02-12 22:00:00,7,91,0.47771428571428565,0.0,0.0,0.29846666666666666,optimal
2021-02-12 22:30:00,7,91,0.0,0.0,0.0,0.5187999999999999,optimal
2021-02-12 23:00:00,7,91,0.0,0.0,0.0,0.2846666666666667,optimal
2021-02-12 23:30:00,7,91,0.0,0.0,0.0,0.42556666666666665,optimal
2021-02-13 00:00:00,7,91,0.0,0.0,0.0,0.051333333333333335,optimal
2021-02-13 00:30:00,7,91,1.364613160286361,0.0,0.0,0.048,optimal
2021-02-13 01:00:00,7,91,0.0,0.0,0.0,0.048,optimal
2021-02-13 01:30:00,7,91,0.11905143539468838,0.0,0.0,0.048,optimal
2021-02-13 02:00:00,7,91,2.2857142857142856,0.0,0.0,0.048,optimal
2021-02-13 02:30:00,7,91,2.2857142857142856,0.0,0.0,0.048,optimal
2021-02-13 03:00:00,7,91,2.2857142857142856,0.0,0.0,0.048,optimal
2021-02-13 03:30:00,7,91,2.2857142857142856,0.0,0.0,0.048,optimal
2021-02-13 04:00:00,7,91,2.2857142857142856,0.0,0.0,0.048,optimal
2021-02-13 04:30:00,7,91,2.2857142857142856,0.0,0.0,0.048,optimal
2021-02-13 05:00:00,7,91,2.2857142857142856,0.0,0.0,0.048,optimal
2021-02-13 05:30:00,7,91,2.2857142857142856,0.0,0.0,0.048,optimal
2021-02-13 06:00:00,7,91,2.2857142857142856,0.0,0.8609478209645186,0.048,optimal
2021-02-13 06:30:00,7,91,2.2857142857142856,0.0,10.0,0.04733333333333334,optimal
2021-02-13 07:00:00,7,91,2.2857142857142856,0.0,0.0,0.0681,optimal
2021-02-13 07:30:00,7,91,2.2857142857142856,0.0,0.0,1.2976666666666667,optimal
2021-02-13 08:00:00,7,91,1.056442809241583,0.0,0.0,0.663,optimal
2021-02-13 08:30:00,7,91,1.1909700087220476,0.0,0.0,0.24066666666666664,optimal
2021-02-13 09:00:00,7,91,0.9118542094645158,0.0,0.0,0.4014,optimal
2021-02-13 09:30:00,7,91,1.0737473497239909,0.0,0.0,0.144,optimal
2021-02-13 10:00:00,7,91,0.9896857513927905,0.0,0.0,0.058,optimal
2021-02-13 10:30:00,7,91,0.9862510461113516,0.0,0.0,0.058,optimal
2021-02-13 11:00:00,7,91,0.6815874862110292,0.0,0.0,0.058,optimal
2021-02-13 11:30:00,7,91,0.6781527809295902,0.0,0.0,0.058,optimal
2021-02-13 12:00:00,7,91,0.5519952089515903,0.0,0.0,0.058,optimal
2021-02-13 12:30:00,7,91,0.5451257983887123,0.0,0.0,0.058,optimal
2021-02-13 13:00:00,7,91,2.285714285714285,0.0,0.0,0.058,optimal
2021-02-13 13:30:00,7,91,2.2857142857142856,0.0,0.0,0.058,optimal
2021-02-13 14:00:00,7,91,2.2857142857142856,0.0,0.0,0.058,optimal
2021-02-13 14:30:00,7,91,2.2857142857142856,0.0,0.0,0.058,optimal
2021-02-13 15:00:00,7,91,2.2857142857142856,0.0,0.0,0.058,optimal
2021-02-13 15:30:00,7,91,2.2857142857142856,0.0,0.0,0.058,optimal
2021-02-13 16:00:00,7,91,0.0,0.0,0.0,0.058,optimal
2021-02-13 16:30:00,7,91,0.0,0.0,0.0,0.058,optimal
2021-02-13 17:00:00,7,91,0.0,0.0,0.0,0.058,optimal
2021-02-13 17:30:00,7,91,0.0,0.0,0.0,0.2164,optimal
2021-02-13 18:00:00,7,91,0.0,0.0,0.0,0.234,optimal
2021-02-13 18:30:00,7,91,0.0,0.0,0.0,0.21846666666666667,optimal
2021-02-13 19:00:00,7,91,0.0,0.0,0.0,0.23366666666666663,optimal
2021-02-13 19:30:00,7,91,0.6983407072081318,0.0,0.0,2.0945,optimal
2021-02-13 20:00:00,7,91,1.0612272606281479,0.0,0.0,0.3609333333333333,optimal
2021-02-13 20:30:00,7,91,0.0,0.0,0.0,0.32126666666666664,optimal
2021-02-13 21:00:00,7,91,0.0,0.0,0.0,0.5549,optimal
2021-02-13 21:30:00,7,91,0.0,0.0,0.0,0.5834,optimal
2021-02-13 22:00:00,7,91,0.05971428571428571,0.0,0.0,0.2983,optimal
2021-02-13 22:30:00,7,91,0.0,0.0,0.0,0.43639999999999995,optimal
2021-02-13 23:00:00,7,91,0.0,0.0,0.0,0.219,optimal
2021-02-13 23:30:00,7,91,0.0,0.0,0.0,0.187,optimal
2021-02-07 00:00:00,8,91,0.0,0.0,0.0,0.049,optimal
2021-02-07 00:30:00,8,91,0.0,0.0,0.0,0.11353333333333332,optimal
2021-02-07 01:00:00,8,91,0.0,0.0,0.0,0.1832,optimal
2021-02-07 01:30:00,8,91,0.0,0.0,0.0,0.049,optimal
2021-02-07 02:00:00,8,91,0.0,0.0,0.0,0.16026666666666667,optimal
2021-02-07 02:30:00,8,91,0.0,0.0,0.0,0.13646666666666668,optimal
2021-02-07 03:00:00,8,91,0.0,0.0,0.0,0.049,optimal
2021-02-07 03:30:00,8,91,0.0,0.0,0.0,0.08913333333333334,optimal
2021-02-07 04:00:00,8,91,2.142857142857143,0.0,0.0,0.135,optimal
2021-02-07 04:30:00,8,91,2.142857142857143,0.0,0.0,0.1216,optimal
2021-02-07 05:00:00,8,91,2.142857142857143,0.0,0.0,0.1522,optimal
2021-02-07 05:30:00,8,91,2.142857142857143,0.0,0.0,0.07193333333333334,optimal
2021-02-07 06:00:00,8,91,2.142857142857143,0.0,0.0,0.049,optimal
2021-02-07 06:30:00,8,91,2.142857142857143,0.0,0.0,0.24806666666666663,optimal
2021-02-07 07:00:00,8,91,2.142857142857143,0.0,2.623502212245243,0.054666666666666655,optimal
2021-02-07 07:30:00,8,91,0.0,0.0,0.0,0.14046666666666666,optimal
2021-02-07 08:00:00,8,91,0.0,0.0,0.0,0.16793333333333332,optimal
2021-02-07 08:30:00,8,91,0.0,0.0,0.0,0.1316,optimal
2021-02-07 09:00:00,8,91,0.6122945026072277,0.0,0.0,0.18906666666666663,optimal
2021-02-07 09:30:00,8,91,1.0044852680940437,0.0,0.0,0.2544,optimal
2021-02-07 10:00:00,8,91,0.8390759658170894,0.0,0.0,0.6053,optimal
2021-02-07 10:30:00,8,91,0.6384215668561447,0.0,0.0,1.5659,optimal
2021-02-07 11:00:00,8,91,0.6626992563886824,0.0,0.0,1.8659333333333328,optimal
2021-02-07 11:30:00,8,91,0.7180783040077425,0.0,0.0,0.4771666666666667,optimal
2021-02-07 12:00:00,8,91,0.6417454609103616,0.0,0.0,0.5006,optimal
2021-02-07 12:30:00,8,91,0.6536521275770188,0.0,0.0,0.47636666666666666,optimal
2021-02-07 13:00:00,8,91,2.142857142857143,0.0,0.0,0.3679,optimal
2021-02-07 13:30:00,8,91,2.142857142857143,0.0,0.0,0.26473333333333327,optimal
2021-02-07 14:00:00,8,91,2.142857142857143,0.0,0.0,0.5422666666666667,optimal
2021-02-07 14:30:00,8,91,2.142857142857143,0.0,0.0,0.12840000000000001,optimal
2021-02-07 15:00:00,8,91,2.142857142857143,0.0,0.0,0.24063333333333334,optimal
2021-02-07 15:30:00,8,91,2.142857142857143,0.0,0.0,0.1114,optimal
2021-02-07 16:00:00,8,91,0.0,0.0,0.0,0.2511333333333333,optimal
2021-02-07 16:30:00,8,91,0.0,0.0,0.0,0.5654,optimal
2021-02-07 17:00:00,8,91,0.0,0.0,0.0,0.2417333333333333,optimal
2021-02-07 17:30:00,8,91,0.0,0.0,0.0,0.24706666666666663,optimal
2021-02-07 18:00:00,8,91,0.0,0.0,0.0,0.12166666666666669,optimal
2021-02-07 18:30:00,8,91,0.0,0.0,0.0,0.44980000000000003,optimal
2021-02-07 19:00:00,8,91,0.0,0.0,0.0,0.1864,optimal
2021-02-07 19:30:00,8,91,0.0,0.0,0.0,0.1906,optimal
2021-02-07 20:00:00,8,91,1.0664373733577015,0.0,0.0,0.2113333333333333,optimal
2021-02-07 20:30:00,8,91,0.0,0.0,0.0,0.4076666666666667,optimal
2021-02-07 21:00:00,8,91,0.0,0.0,0.0,1.4279666666666666,optimal
2021-02-07 21:30:00,8,91,0.0,0.0,0.0,1.1823333333333332,optimal
2021-02-07 22:00:00,8,91,0.0,0.0,0.0,0.2359,optimal
2021-02-07 22:30:00,8,91,0.0,0.0,0.0,0.31589999999999996,optimal
2021-02-07 23:00:00,8,91,0.0,0.0,0.0,0.06473333333333334,optimal
2021-02-07 23:30:00,8,91,0.0,0.0,0.0,0.12726666666666667,optimal
2021-02-08 00:00:00,8,91,0.0,0.0,0.0,0.062,optimal
2021-02-08 00:30:00,8,91,0.0,0.0,0.0,0.062,optimal
2021-02-08 01:00:00,8,91,0.0,0.0,0.0,0.062,optimal
2021-02-08 01:30:00,8,91,0.0,0.0,0.0,0.062,optimal
2021-02-08 02:00:00,8,91,1.3358749226617563,0.0,0.0,0.062,optimal
2021-02-08 02:30:00,8,91,2.142857142857143,0.0,0.0,0.062,optimal
2021-02-08 03:00:00,8,91,2.142857142857143,0.0,0.0,0.062,optimal
2021-02-08 03:30:00,8,91,2.142857142857143,0.0,0.0,0.062,optimal
2021-02-08 04:00:00,8,91,2.142857142857143,0.0,0.0,0.062,optimal
2021-02-08 04:30:00,8,91,2.142857142857143,0.0,0.0,0.062,optimal
2021-02-08 05:00:00,8,91,2.142857142857143,0.0,0.0,0.062,optimal
2021-02-08 05:30:00,8,91,2.142857142857143,0.0,0.0,0.062,optimal
2021-02-08 06:00:00,8,91,2.142857142857143,0.0,5.6430540260944895,0.06233333333333334,optimal
2021-02-08 06:30:00,8,91,2.142857142857143,0.0,10.0,0.072,optimal
2021-02-08 07:00:00,8,91,2.142857142857143,0.0,10.0,0.06633333333333333,optimal
2021-02-08 07:30:00,8,91,2.142857142857143,0.0,0.0,0.062,optimal
2021-02-08 08:00:00,8,91,1.2539662434399308,0.0,0.0,0.062,optimal
2021-02-08 08:30:00,8,91,1.2608356540028087,0.0,0.0,0.062,optimal
2021-02-08 09:00:00,8,91,1.1219615472156805,0.0,0.0,0.061666666666666654,optimal
2021-02-08 09:30:00,8,91,1.0318745742285138,0.0,0.0,0.16340000000000002,optimal
2021-02-08 10:00:00,8,91,0.7531052247806976,0.0,0.0,0.277,optimal
2021-02-08 10:30:00,8,91,0.9455998168155082,0.0,0.0,0.062,optimal
2021-02-08 11:00:00,8,91,0.6965124189602339,0.0,0.0,0.06233333333333334,optimal
2021-02-08 11:30:00,8,91,0.689643008397356,0.0,0.0,0.072,optimal
2021-02-08 12:00:00,8,91,0.601888072057187,0.0,0.0,0.06366666666666666,optimal
2021-02-08 12:30:00,8,91,0.5881492509314314,0.0,0.0,0.062,optimal
2021-02-08 13:00:00,8,91,2.142857142857143,0.0,0.0,0.062,optimal
2021-02-08 13:30:00,8,91,2.142857142857143,0.0,0.0,0.07166666666666667,optimal
2021-02-08 14:00:00,8,91,2.142857142857143,0.0,0.0,0.06333333333333334,optimal
2021-02-08 14:30:00,8,91,2.142857142857143,0.0,0.0,0.062,optimal
2021-02-08 15:00:00,8,91,2.142857142857143,0.0,0.0,0.062,optimal
2021-02-08 15:30:00,8,91,2.142857142857143,0.0,0.0,0.06233333333333334,optimal
2021-02-08 16:00:00,8,91,0.0,0.0,0.0,0.072,optimal
2021-02-08 16:30:00,8,91,0.0,0.0,0.0,0.07033333333333333,optimal
2021-02-08 17:00:00,8,91,0.0,0.0,0.0,0.062,optimal
2021-02-08 17:30:00,8,91,0.0,0.0,0.0,0.062,optimal
2021-02-08 18:00:00,8,91,0.0,0.0,0.0,0.10136666666666666,optimal
2021-02-08 18:30:00,8,91,0.0,0.0,0.0,0.0668,optimal
2021-02-08 19:00:00,8,91,0.0,0.0,0.0,0.2566666666666667,optimal
2021-02-08 19:30:00,8,91,0.9710491799512078,0.0,0.0,0.2750666666666667,optimal
2021-02-08 20:00:00,8,91,1.064245309458461,0.0,0.0,0.3735,optimal
2021-02-08 20:30:00,8,91,0.0,0.0,0.0,0.48419999999999996,optimal
2021-02-08 21:00:00,8,91,0.0,0.0,0.0,0.7074333333333332,optimal
2021-02-08 21:30:00,8,91,0.0,0.0,0.0,0.388,optimal
2021-02-08 22:00:00,8,91,0.0,0.0,0.0,0.36186666666666667,optimal
2021-02-08 22:30:00,8,91,0.0,0.0,0.0,0.17533333333333334,optimal
2021-02-08 23:00:00,8,91,0.0,0.0,0.0,0.072,optimal
2021-02-08 23:30:00,8,91,0.0,0.0,0.0,0.072,optimal
2021-02-09 00:00:00,8,91,0.0,0.0,0.0,0.063,optimal
2021-02-09 00:30:00,8,91,0.836,0.0,0.0,0.063,optimal
2021-02-09 01:00:00,8,91,0.0,0.0,0.0,0.063,optimal
2021-02-09 01:30:00,8,91,0.17196394330592993,0.0,0.0,0.1248,optimal
2021-02-09 02:00:00,8,91,2.142857142857143,0.0,0.0,0.063,optimal
2021-02-09 02:30:00,8,91,2.142857142857143,0.0,0.0,0.063,optimal
2021-02-09 03:00:00,8,91,2.142857142857143,0.0,0.0,0.07673333333333333,optimal
2021-02-09 03:30:00,8,91,2.142857142857143,0.0,0.0,0.11106666666666666,optimal
2021-02-09 04:00:00,8,91,2.142857142857143,0.0,0.0,0.08016666666666668,optimal
2021-02-09 04:30:00,8,91,2.142857142857143,0.0,0.0,0.10763333333333334,optimal
2021-02-09 05:00:00,8,91,2.142857142857143,0.0,0.0,0.09733333333333331,optimal
2021-02-09 05:30:00,8,91,2.142857142857143,0.0,0.0,0.09046666666666668,optimal
2021-02-09 06:00:00,8,91,2.142857142857143,0.0,0.0,0.063,optimal
2021-02-09 06:30:00,8,91,2.142857142857143,0.0,0.5670680338775769,0.1248,optimal
2021-02-09 07:00:00,8,91,2.142857142857143,0.0,10.0,0.48736666666666667,optimal
2021-02-09 07:30:00,8,91,2.142857142857143,0.0,0.0,2.2532666666666668,optimal
2021-02-09 08:00:00,8,91,1.2373604623153556,0.0,0.0,1.7548666666666666,optimal
2021-02-09 08:30:00,8,91,1.3534296798043817,0.0,0.0,0.073,optimal
2021-02-09 09:00:00,8,91,1.1980894487731997,0.0,0.0,0.073,optimal
2021-02-09 09:30:00,8,91,1.1774812170845659,0.0,0.0,0.073,optimal
2021-02-09 10:00:00,8,91,0.8909809530843471,0.0,0.0,0.1348,optimal
2021-02-09 10:30:00,8,91,0.8914645695342995,0.0,0.0,0.073,optimal
2021-02-09 11:00:00,8,91,0.6427910900403606,0.0,0.0,0.073,optimal
2021-02-09 11:30:00,8,91,0.6393563847589218,0.0,0.0,0.073,optimal
2021-02-09 12:00:00,8,91,0.4741506279229229,0.0,0.0,0.073,optimal
2021-02-09 12:30:00,8,91,0.4677758093948206,0.0,0.0,0.10733333333333331,optimal
2021-02-09 13:00:00,8,91,2.142857142857143,0.0,0.0,0.10046666666666668,optimal
2021-02-09 13:30:00,8,91,2.142857142857143,0.0,0.0,0.1157,optimal
2021-02-09 14:00:00,8,91,2.142857142857143,0.0,0.0,0.11376666666666668,optimal
2021-02-09 14:30:00,8,91,2.142857142857143,0.0,0.0,0.2197666666666667,optimal
2021-02-09 15:00:00,8,91,2.142857142857143,0.0,0.0,0.35846666666666666,optimal
2021-02-09 15:30:00,8,91,2.142857142857143,0.0,0.0,0.0805,optimal
2021-02-09 16:00:00,8,91,0.0,0.0,0.0,0.1343,optimal
2021-02-09 16:30:00,8,91,0.0,0.0,0.0,0.087,optimal
2021-02-09 17:00:00,8,91,0.0,0.0,0.0,0.1691,optimal
2021-02-09 17:30:00,8,91,0.0,0.0,0.0,0.31743333333333335,optimal
2021-02-09 18:00:00,8,91,0.0,0.0,0.0,0.2605,optimal
2021-02-09 18:30:00,8,91,0.0,0.0,0.0,0.32889999999999997,optimal
2021-02-09 19:00:00,8,91,0.0,0.0,0.0,0.41023333333333334,optimal
2021-02-09 19:30:00,8,91,0.0,0.0,0.0,0.46853333333333336,optimal
2021-02-09 20:00:00,8,91,0.30332584869126555,0.0,0.0,0.5468,optimal
2021-02-09 20:30:00,8,91,0.0,0.0,0.0,0.4560666666666667,optimal
2021-02-09 21:00:00,8,91,0.0,0.0,0.0,0.5422666666666667,optimal
2021-02-09 21:30:00,8,91,0.0,0.0,0.0,0.6319,optimal
2021-02-09 22:00:00,8,91,0.0398095238095238,0.0,0.0,0.5120333333333333,optimal
2021-02-09 22:30:00,8,91,0.0,0.0,0.0,0.4363,optimal
2021-02-09 23:00:00,8,91,0.0,0.0,0.0,0.08673333333333333,optimal
2021-02-09 23:30:00,8,91,0.0,0.0,0.0,0.073,optimal
2021-02-10 00:00:00,8,91,0.0,0.0,0.0,0.06233333333333334,optimal
2021-02-10 00:30:00,8,91,1.4729523809523812,0.0,0.0,0.068,optimal
2021-02-10 01:00:00,8,91,0.0,0.0,0.0,0.068,optimal
2021-02-10 01:30:00,8,91,0.7909186873033313,0.0,0.0,0.2819333333333333,optimal
2021-02-10 02:00:00,8,91,2.142857142857143,0.0,0.0,0.15246666666666667,optimal
2021-02-10 02:30:00,8,91,2.142857142857143,0.0,0.0,0.07153333333333334,optimal
2021-02-10 03:00:00,8,91,2.142857142857143,0.0,0.0,0.3218666666666667,optimal
2021-02-10 03:30:00,8,91,2.142857142857143,0.0,0.0,0.109,optimal
2021-02-10 04:00:00,8,91,2.142857142857143,0.0,0.0,0.1316,optimal
2021-02-10 04:30:00,8,91,2.142857142857143,0.0,0.0,0.15246666666666667,optimal
2021-02-10 05:00:00,8,91,2.142857142857143,0.0,0.0,0.20466666666666664,optimal
2021-02-10 05:30:00,8,91,2.142857142857143,0.0,0.0,0.14526666666666668,optimal
2021-02-10 06:00:00,8,91,2.142857142857143,0.0,0.0,0.15753333333333333,optimal
2021-02-10 06:30:00,8,91,2.142857142857143,0.0,0.0,0.27686666666666665,optimal
2021-02-10 07:00:00,8,91,2.142857142857143,0.0,8.232185801445134,0.06733333333333333,optimal
2021-02-10 07:30:00,8,91,2.142857142857143,0.0,0.0,0.7151666666666666,optimal
2021-02-10 08:00:00,8,91,1.288231805648451,0.0,0.0,1.1374666666666666,optimal
2021-02-10 08:30:00,8,91,1.3337882226179196,0.0,0.0,0.2164333333333333,optimal
2021-02-10 09:00:00,8,91,1.1142831118423506,0.0,0.0,0.6973666666666667,optimal
2021-02-10 09:30:00,8,91,1.111663338335638,0.0,0.0,0.09516666666666669,optimal
2021-02-10 10:00:00,8,91,0.863639085544257,0.0,0.0,0.23386666666666667,optimal
2021-02-10 10:30:00,8,91,0.807778779223749,0.0,0.0,1.2167333333333332,optimal
2021-02-10 11:00:00,8,91,0.6935071384434708,0.0,0.0,0.12266666666666669,optimal
2021-02-10 11:30:00,8,91,0.661799632642497,0.0,0.0,0.20959999999999998,optimal
2021-02-10 12:00:00,8,91,0.45605063674114044,0.0,0.0,0.08566666666666667,optimal
2021-02-10 12:30:00,8,91,0.38290777959828937,0.0,0.0,0.3416666666666667,optimal
2021-02-10 13:00:00,8,91,2.142857142857143,0.0,0.0,0.09273333333333332,optimal
2021-02-10 13:30:00,8,91,2.142857142857143,0.0,0.0,0.0998,optimal
2021-02-10 14:00:00,8,91,2.142857142857143,0.0,0.0,0.3346,optimal
2021-02-10 14:30:00,8,91,2.142857142857143,0.0,0.0,0.068,optimal
2021-02-10 15:00:00,8,91,2.142857142857143,0.0,0.0,0.2169,optimal
2021-02-10 15:30:00,8,91,2.142857142857143,0.0,0.0,0.1933666666666667,optimal
2021-02-10 16:00:00,8,91,0.0,0.0,0.0,0.11946666666666668,optimal
2021-02-10 16:30:00,8,91,0.0,0.0,0.0,0.2546,optimal
2021-02-10 17:00:00,8,91,0.0,0.0,0.0,0.15246666666666667,optimal
2021-02-10 17:30:00,8,91,0.0,0.0,0.0,0.22043333333333331,optimal
2021-02-10 18:00:00,8,91,0.0,0.0,0.0,0.1295,optimal
2021-02-10 18:30:00,8,91,0.0,0.0,0.0,0.11746666666666668,optimal
2021-02-10 19:00:00,8,91,0.0,0.0,0.0,0.31693333333333334,optimal
2021-02-10 19:30:00,8,91,0.6789936321696859,0.0,0.0,0.09626666666666668,optimal
2021-02-10 20:00:00,8,91,1.406027873269168,0.0,0.0,0.10333333333333332,optimal
2021-02-10 20:30:00,8,91,0.0,0.0,0.0,0.15953333333333333,optimal
2021-02-10 21:00:00,8,91,0.0,0.0,0.0,3.2825333333333333,optimal
2021-02-10 21:30:00,8,91,0.0,0.0,0.0,1.8313,optimal
2021-02-10 22:00:00,8,91,0.13933333333333334,0.0,0.0,1.5251,optimal
2021-02-10 22:30:00,8,91,0.0,0.0,0.0,0.44153333333333333,optimal
2021-02-10 23:00:00,8,91,0.0,0.0,0.0,2.0300333333333334,optimal
2021-02-10 23:30:00,8,91,0.0,0.0,0.0,0.12496666666666668,optimal
2021-02-11 00:00:00,8,91,0.0,0.0,0.0,0.058,optimal
2021-02-11 00:30:00,8,91,1.3910106282933377,0.0,0.0,0.058,optimal
2021-02-11 01:00:00,8,91,2.142857142857143,0.0,0.0,0.14466666666666667,optimal
2021-02-11 01:30:00,8,91,2.142857142857143,0.0,0.0,0.12179999999999999,optimal
2021-02-11 02:00:00,8,91,2.142857142857143,0.0,0.0,0.2985333333333334,optimal
2021-02-11 02:30:00,8,91,2.142857142857143,0.0,0.0,0.058,optimal
2021-02-11 03:00:00,8,91,2.142857142857143,0.0,0.0,0.16103333333333333,optimal
2021-02-11 03:30:00,8,91,2.142857142857143,0.0,0.0,0.25930000000000003,optimal
2021-02-11 04:00:00,8,91,2.142857142857143,0.0,0.0,0.058,optimal
2021-02-11 04:30:00,8,91,2.142857142857143,0.0,0.0,0.298,optimal
2021-02-11 05:00:00,8,91,2.142857142857143,0.0,0.0,0.12233333333333331,optimal
2021-02-11 05:30:00,8,91,2.142857142857143,0.0,0.0,0.14466666666666667,optimal
2021-02-11 06:00:00,8,91,2.142857142857143,0.0,0.0,0.26923333333333327,optimal
2021-02-11 06:30:00,8,91,2.142857142857143,0.0,2.694743929659317,0.14909999999999998,optimal
2021-02-11 07:00:00,8,91,2.142857142857143,0.0,10.0,0.16240000000000002,optimal
2021-02-11 07:30:00,8,91,2.142857142857143,0.0,0.0,0.25989999999999996,optimal
2021-02-11 08:00:00,8,91,1.2424022894161484,0.0,0.0,0.29436666666666667,optimal
2021-02-11 08:30:00,8,91,1.3915635481176127,0.0,0.0,0.2241,optimal
2021-02-11 09:00:00,8,91,1.3208323030938667,0.0,0.0,0.18713333333333332,optimal
2021-02-11 09:30:00,8,91,1.1762298859492373,0.0,0.0,0.23753333333333332,optimal
2021-02-11 10:00:00,8,91,0.7610203020631554,0.0,0.0,0.12456666666666666,optimal
2021-02-11 10:30:00,8,91,0.7950367654404333,0.0,0.0,0.30443333333333333,optimal
2021-02-11 11:00:00,8,91,0.6640061752953678,0.0,0.0,0.058,optimal
2021-02-11 11:30:00,8,91,0.5706570246451977,0.0,0.0,0.2044,optimal
2021-02-11 12:00:00,8,91,0.34222489407938195,0.0,0.0,0.17886666666666667,optimal
2021-02-11 12:30:00,8,91,0.30504039208733236,0.0,0.0,0.1534,optimal
2021-02-11 13:00:00,8,91,2.142857142857143,0.0,0.0,0.2521333333333333,optimal
2021-02-11 13:30:00,8,91,2.142857142857143,0.0,0.0,0.18819999999999998,optimal
2021-02-11 14:00:00,8,91,2.142857142857143,0.0,0.0,0.11566666666666668,optimal
2021-02-11 14:30:00,8,91,2.142857142857143,0.0,0.0,0.15806666666666666,optimal
2021-02-11 15:00:00,8,91,2.142857142857143,0.0,0.0,0.21146666666666666,optimal
2021-02-11 15:30:00,8,91,2.142857142857143,0.0,0.0,0.1838333333333333,optimal
2021-02-11 16:00:00,8,91,0.0,0.0,0.0,0.19996666666666668,optimal
2021-02-11 16:30:00,8,91,0.0,0.0,0.0,0.19533333333333328,optimal
2021-02-11 17:00:00,8,91,0.0,0.0,0.0,0.17446666666666666,optimal
2021-02-11 17:30:00,8,91,0.0,0.0,0.0,0.6156666666666666,optimal
2021-02-11 18:00:00,8,91,0.0,0.0,0.0,0.6171,optimal
2021-02-11 18:30:00,8,91,0.0,0.0,0.0,1.167266666666667,optimal
2021-02-11 19:00:00,8,91,0.0,0.0,0.0,0.35960000000000003,optimal
2021-02-11 19:30:00,8,91,0.6709887610976417,0.0,0.0,1.8187,optimal
2021-02-11 20:00:00,8,91,1.4309573821932657,0.0,0.0,1.5469000000000002,optimal
2021-02-11 20:30:00,8,91,0.0,0.0,0.0,0.46073333333333333,optimal
2021-02-11 21:00:00,8,91,0.0,0.0,0.0,0.4334333333333333,optimal
2021-02-11 21:30:00,8,91,0.0,0.0,0.0,0.4445,optimal
2021-02-11 22:00:00,8,91,0.11942857142857143,0.0,0.0,0.5808333333333334,optimal
2021-02-11 22:30:00,8,91,0.0,0.0,0.0,0.39039999999999997,optimal
2021-02-11 23:00:00,8,91,0.0,0.0,0.0,0.5559666666666667,optimal
2021-02-11 23:30:00,8,91,0.0,0.0,0.0,0.5047333333333334,optimal
2021-02-12 00:00:00,8,91,1.703620521079421,0.0,0.0,0.057,optimal
2021-02-12 00:30:00,8,91,2.142857142857143,0.0,0.0,0.12179999999999999,optimal
2021-02-12 01:00:00,8,91,2.142857142857143,0.0,0.0,0.057,optimal
2021-02-12 01:30:00,8,91,2.142857142857143,0.0,0.0,0.12179999999999999,optimal
2021-02-12 02:00:00,8,91,2.142857142857143,0.0,0.0,0.057,optimal
2021-02-12 02:30:00,8,91,2.142857142857143,0.0,0.0,0.12179999999999999,optimal
2021-02-12 03:00:00,8,91,2.142857142857143,0.0,0.0,0.057,optimal
2021-02-12 03:30:00,8,91,2.142857142857143,0.0,0.0,0.111,optimal
2021-02-12 04:00:00,8,91,2.142857142857143,0.0,0.0,0.0678,optimal
2021-02-12 04:30:00,8,91,2.142857142857143,0.0,0.0,0.10740000000000001,optimal
2021-02-12 05:00:00,8,91,2.142857142857143,0.0,0.0,0.0714,optimal
2021-02-12 05:30:00,8,91,2.142857142857143,0.0,0.0,0.11833333333333332,optimal
2021-02-12 06:00:00,8,91,2.142857142857143,0.0,2.5480967158063095,0.07046666666666666,optimal
2021-02-12 06:30:00,8,91,2.142857142857143,0.0,10.0,0.057,optimal
2021-02-12 07:00:00,8,91,2.142857142857143,0.0,10.0,0.1146,optimal
2021-02-12 07:30:00,8,91,2.142857142857143,0.0,0.0,0.06646666666666667,optimal
2021-02-12 08:00:00,8,91,1.9621685495040295,0.0,0.0,0.3430666666666667,optimal
2021-02-12 08:30:00,8,91,1.446716894439293,0.0,0.0,0.13003333333333333,optimal
2021-02-12 09:00:00,8,91,1.2508923018804377,0.0,0.0,0.068,optimal
2021-02-12 09:30:00,8,91,1.000420507592358,0.0,0.0,1.3528666666666667,optimal
2021-02-12 10:00:00,8,91,0.8269538426721683,0.0,0.0,0.4595,optimal
2021-02-12 10:30:00,8,91,0.8183619147063539,0.0,0.0,0.12933333333333336,optimal
2021-02-12 11:00:00,8,91,0.5311539940414061,0.0,0.0,0.2174,optimal
2021-02-12 11:30:00,8,91,0.5100754792361708,0.0,0.0,0.28463333333333335,optimal
2021-02-12 12:00:00,8,91,0.3164468276126187,0.0,0.0,0.3826333333333333,optimal
2021-02-12 12:30:00,8,91,0.32577402709309866,0.0,0.0,0.3209666666666666,optimal
2021-02-12 13:00:00,8,91,2.142857142857143,0.0,0.0,0.5018333333333334,optimal
2021-02-12 13:30:00,8,91,2.142857142857143,0.0,0.0,0.087,optimal
2021-02-12 14:00:00,8,91,2.142857142857143,0.0,0.0,0.12016666666666669,optimal
2021-02-12 14:30:00,8,91,2.142857142857143,0.0,0.0,0.09066666666666669,optimal
2021-02-12 15:00:00,8,91,2.142857142857143,0.0,0.0,1.0216333333333332,optimal
2021-02-12 15:30:00,8,91,2.142857142857143,0.0,0.0,0.7636333333333333,optimal
2021-02-12 16:00:00,8,91,0.0,0.0,0.0,1.4500666666666666,optimal
2021-02-12 16:30:00,8,91,0.0,0.0,0.0,1.3231333333333335,optimal
2021-02-12 17:00:00,8,91,0.0,0.0,0.0,0.4143,optimal
2021-02-12 17:30:00,8,91,0.0,0.0,0.0,0.3755,optimal
2021-02-12 18:00:00,8,91,0.0,0.0,0.0,0.3417,optimal
2021-02-12 18:30:00,8,91,0.0,0.0,0.0,0.15496666666666667,optimal
2021-02-12 19:00:00,8,91,0.0,0.0,0.0,2.2156666666666665,optimal
2021-02-12 19:30:00,8,91,0.33680177750991924,0.0,0.0,1.606,optimal
2021-02-12 20:00:00,8,91,0.8930844034852864,0.0,0.0,2.4671999999999996,optimal
2021-02-12 20:30:00,8,91,0.0,0.0,0.0,0.28813333333333335,optimal
2021-02-12 21:00:00,8,91,0.0,0.0,0.0,0.2318,optimal
2021-02-12 21:30:00,8,91,0.0,0.0,0.0,1.6295666666666666,optimal
2021-02-12 22:00:00,8,91,0.8160952380952382,0.0,0.0,0.1072,optimal
2021-02-12 22:30:00,8,91,0.0,0.0,0.0,0.2113333333333333,optimal
2021-02-12 23:00:00,8,91,0.0,0.0,0.0,0.2653333333333333,optimal
2021-02-12 23:30:00,8,91,0.0,0.0,0.0,0.067,optimal
2021-02-13 00:00:00,8,91,0.0199047619047619,0.0,0.0,0.06,optimal
2021-02-13 00:30:00,8,91,0.5573333333333333,0.0,0.0,1.1163333333333332,optimal
2021-02-13 01:00:00,8,91,0.0,0.0,0.0,0.21506666666666663,optimal
2021-02-13 01:30:00,8,91,1.0456818539218182,0.0,0.0,0.12066666666666669,optimal
2021-02-13 02:00:00,8,91,2.142857142857143,0.0,0.0,0.122,optimal
2021-02-13 02:30:00,8,91,2.142857142857143,0.0,0.0,0.2137333333333333,optimal
2021-02-13 03:00:00,8,91,2.142857142857143,0.0,0.0,0.062,optimal
2021-02-13 03:30:00,8,91,2.142857142857143,0.0,0.0,0.14466666666666667,optimal
2021-02-13 04:00:00,8,91,2.142857142857143,0.0,0.0,0.19106666666666663,optimal
2021-02-13 04:30:00,8,91,2.142857142857143,0.0,0.0,0.062,optimal
2021-02-13 05:00:00,8,91,2.142857142857143,0.0,0.0,0.144,optimal
2021-02-13 05:30:00,8,91,2.142857142857143,0.0,0.0,0.19640000000000002,optimal
2021-02-13 06:00:00,8,91,2.142857142857143,0.0,0.0,0.07166666666666667,optimal
2021-02-13 06:30:00,8,91,2.142857142857143,0.0,0.2560891235679276,0.22093333333333331,optimal
2021-02-13 07:00:00,8,91,2.142857142857143,0.0,10.0,0.1148,optimal
2021-02-13 07:30:00,8,91,2.142857142857143,0.0,0.0,0.5160666666666667,optimal
2021-02-13 08:00:00,8,91,1.202798999717777,0.0,0.0,0.6967000000000001,optimal
2021-02-13 08:30:00,8,91,1.106375723007766,0.0,0.0,1.0968,optimal
2021-02-13 09:00:00,8,91,0.9535208761311753,0.0,0.0,1.4681333333333335,optimal
2021-02-13 09:30:00,8,91,1.0203473497239792,0.0,0.0,0.36876666666666663,optimal
2021-02-13 10:00:00,8,91,0.6953943228213437,0.0,0.0,0.62,optimal
2021-02-13 10:30:00,8,91,0.517590093730384,0.0,0.0,1.4134666666666666,optimal
2021-02-13 11:00:00,8,91,0.4566732004967497,0.0,0.0,0.4585666666666667,optimal
2021-02-13 11:30:00,8,91,0.3586575428343521,0.0,0.0,1.695266666666667,optimal
2021-02-13 12:00:00,8,91,0.37214758990395874,0.0,0.0,0.4831666666666667,optimal
2021-02-13 12:30:00,8,91,0.2869810364839506,0.0,0.0,1.5604333333333333,optimal
2021-02-13 13:00:00,8,91,2.142857142857143,0.0,0.0,1.2252333333333332,optimal
2021-02-13 13:30:00,8,91,2.142857142857143,0.0,0.0,0.48203333333333337,optimal
2021-02-13 14:00:00,8,91,2.142857142857143,0.0,0.0,0.4608,optimal
2021-02-13 14:30:00,8,91,2.142857142857143,0.0,0.0,0.3664666666666666,optimal
2021-02-13 15:00:00,8,91,2.142857142857143,0.0,0.0,0.1776,optimal
2021-02-13 15:30:00,8,91,2.142857142857143,0.0,0.0,0.12553333333333333,optimal
2021-02-13 16:00:00,8,91,0.0,0.0,0.0,0.29410000000000003,optimal
2021-02-13 16:30:00,8,91,0.0,0.0,0.0,0.26913333333333334,optimal
2021-02-13 17:00:00,8,91,0.0,0.0,0.0,0.2044,optimal
2021-02-13 17:30:00,8,91,0.0,0.0,0.0,0.26666666666666666,optimal
2021-02-13 18:00:00,8,91,0.0,0.0,0.0,2.5711,optimal
2021-02-13 18:30:00,8,91,0.0,0.0,0.0,0.7719,optimal
2021-02-13 19:00:00,8,91,0.0,0.0,0.0,0.419,optimal
2021-02-13 19:30:00,8,91,0.0,0.0,0.0,0.2882333333333333,optimal
2021-02-13 20:00:00,8,91,0.6061708382707566,0.0,0.0,0.2139333333333333,optimal
2021-02-13 20:30:00,8,91,0.0,0.0,0.0,0.072,optimal
2021-02-13 21:00:00,8,91,0.0,0.0,0.0,0.45006666666666667,optimal
2021-02-13 21:30:00,8,91,0.0,0.0,0.0,0.8921,optimal
2021-02-13 22:00:00,8,91,1.5326666666666668,0.0,0.0,0.4709666666666666,optimal
2021-02-13 22:30:00,8,91,0.0,0.0,0.0,0.44089999999999996,optimal
2021-02-13 23:00:00,8,91,0.0,0.0,0.0,0.156,optimal
2021-02-13 23:30:00,8,91,0.0,0.0,0.0,0.10093333333333333,optimal
2021-02-07 00:00:00,9,91,0.03980952380952381,0.0,0.0,0.29836666666666667,optimal
2021-02-07 00:30:00,9,91,0.0,0.0,0.0,0.14833333333333334,optimal
2021-02-07 01:00:00,9,91,0.0,0.0,0.0,0.053,optimal
2021-02-07 01:30:00,9,91,0.0,0.0,0.0,0.20113333333333333,optimal
2021-02-07 02:00:00,9,91,0.0,0.0,0.0,0.053,optimal
2021-02-07 02:30:00,9,91,0.0,0.0,0.0,0.20113333333333333,optimal
2021-02-07 03:00:00,9,91,0.0,0.0,0.0,0.053,optimal
2021-02-07 03:30:00,9,91,0.0,0.0,0.0,0.14053333333333334,optimal
2021-02-07 04:00:00,9,91,2.2857142857142856,0.0,0.0,0.11359999999999999,optimal
2021-02-07 04:30:00,9,91,2.2857142857142856,0.0,0.0,0.05966666666666666,optimal
2021-02-07 05:00:00,9,91,2.2857142857142856,0.0,0.0,0.09506666666666666,optimal
2021-02-07 05:30:00,9,91,2.2857142857142856,0.0,0.0,0.1607333333333333,optimal
2021-02-07 06:00:00,9,91,2.2857142857142856,0.0,0.0,0.053,optimal
2021-02-07 06:30:00,9,91,2.2857142857142856,0.0,0.0,0.053,optimal
2021-02-07 07:00:00,9,91,2.2857142857142856,0.0,2.623502212245243,0.17606666666666665,optimal
2021-02-07 07:30:00,9,91,0.0,0.0,0.0,0.1192,optimal
2021-02-07 08:00:00,9,91,0.0,0.0,0.0,0.052399999999999995,optimal
2021-02-07 08:30:00,9,91,0.0,0.0,0.0,0.051,optimal
2021-02-07 09:00:00,9,91,0.0,0.0,0.0,0.152,optimal
2021-02-07 09:30:00,9,91,0.3153554076744918,0.0,0.0,1.1355333333333333,optimal
2021-02-07 10:00:00,9,91,0.8323045372456491,0.0,0.0,0.49606666666666666,optimal
2021-02-07 10:30:00,9,91,0.8847853763799557,0.0,0.0,1.3802333333333332,optimal
2021-02-07 11:00:00,9,91,0.6401049706743979,0.0,0.0,2.969733333333333,optimal
2021-02-07 11:30:00,9,91,0.6616535421029804,0.0,0.0,2.3487666666666667,optimal
2021-02-07 12:00:00,9,91,0.7177340323389233,0.0,0.0,0.164,optimal
2021-02-07 12:30:00,9,91,0.6459930799579726,0.0,0.0,0.4935333333333334,optimal
2021-02-07 13:00:00,9,91,2.2857142857142856,0.0,0.0,0.21356666666666663,optimal
2021-02-07 13:30:00,9,91,2.2857142857142856,0.0,0.0,0.16726666666666667,optimal
2021-02-07 14:00:00,9,91,2.2857142857142856,0.0,0.0,0.1385,optimal
2021-02-07 14:30:00,9,91,2.2857142857142856,0.0,0.0,0.1338,optimal
2021-02-07 15:00:00,9,91,2.2857142857142856,0.0,0.0,0.053,optimal
2021-02-07 15:30:00,9,91,2.2857142857142856,0.0,0.0,0.20976666666666668,optimal
2021-02-07 16:00:00,9,91,0.0,0.0,0.0,0.18316666666666662,optimal
2021-02-07 16:30:00,9,91,0.0,0.0,0.0,0.3388,optimal
2021-02-07 17:00:00,9,91,0.0,0.0,0.0,0.47593333333333326,optimal
2021-02-07 17:30:00,9,91,0.0,0.0,0.0,0.8153333333333334,optimal
2021-02-07 18:00:00,9,91,0.0,0.0,0.0,0.4594333333333333,optimal
2021-02-07 18:30:00,9,91,0.0,0.0,0.0,0.2868,optimal
2021-02-07 19:00:00,9,91,0.0,0.0,0.0,0.21846666666666667,optimal
2021-02-07 19:30:00,9,91,0.0,0.0,0.0,0.5574333333333332,optimal
2021-02-07 20:00:00,9,91,0.22517402833642192,0.0,0.0,0.22043333333333331,optimal
2021-02-07 20:30:00,9,91,0.0,0.0,0.0,0.21736666666666668,optimal
2021-02-07 21:00:00,9,91,0.0,0.0,0.0,0.18280000000000002,optimal
2021-02-07 21:30:00,9,91,0.0,0.0,0.0,0.0735,optimal
2021-02-07 22:00:00,9,91,0.0,0.0,0.0,0.21113333333333334,optimal
2021-02-07 22:30:00,9,91,0.0,0.0,0.0,0.063,optimal
2021-02-07 23:00:00,9,91,0.0,0.0,0.0,0.06973333333333333,optimal
2021-02-07 23:30:00,9,91,0.0,0.0,0.0,0.2044,optimal
2021-02-08 00:00:00,9,91,0.0,0.0,0.0,0.0624,optimal
2021-02-08 00:30:00,9,91,0.0,0.0,0.0,0.069,optimal
2021-02-08 01:00:00,9,91,0.0,0.0,0.0,0.23186666666666667,optimal
2021-02-08 01:30:00,9,91,0.0,0.0,0.0,0.15716666666666665,optimal
2021-02-08 02:00:00,9,91,0.0,0.0,0.0,0.09626666666666668,optimal
2021-02-08 02:30:00,9,91,1.6543112666846833,0.0,0.0,0.2355,optimal
2021-02-08 03:00:00,9,91,2.2857142857142856,0.0,0.0,0.431,optimal
2021-02-08 03:30:00,9,91,2.2857142857142856,0.0,0.0,0.06,optimal
2021-02-08 04:00:00,9,91,2.2857142857142856,0.0,0.0,0.2312333333333333,optimal
2021-02-08 04:30:00,9,91,2.2857142857142856,0.0,0.0,0.14383333333333334,optimal
2021-02-08 05:00:00,9,91,2.2857142857142856,0.0,0.0,0.065,optimal
2021-02-08 05:30:00,9,91,2.2857142857142856,0.0,0.0,0.065,optimal
2021-02-08 06:00:00,9,91,2.2857142857142856,0.0,0.0,0.31506666666666666,optimal
2021-02-08 06:30:00,9,91,2.2857142857142856,0.0,0.0,0.06,optimal
2021-02-08 07:00:00,9,91,2.2857142857142856,0.0,7.824721376826954,0.4955,optimal
2021-02-08 07:30:00,9,91,2.2857142857142856,0.0,0.0,0.13696666666666668,optimal
2021-02-08 08:00:00,9,91,1.2820138624875521,0.0,0.0,0.0627,optimal
2021-02-08 08:30:00,9,91,1.276988034955196,0.0,0.0,0.17466666666666666,optimal
2021-02-08 09:00:00,9,91,1.119085356739484,0.0,0.0,0.2007333333333333,optimal
2021-02-08 09:30:00,9,91,1.080400288514218,0.0,0.0,0.081,optimal
2021-02-08 10:00:00,9,91,0.8330576057330907,0.0,0.0,0.16863333333333333,optimal
2021-02-08 10:30:00,9,91,0.8696569596726413,0.0,0.0,0.068,optimal
2021-02-08 11:00:00,9,91,0.6523790856269094,0.0,0.0,0.22766666666666663,optimal
2021-02-08 11:30:00,9,91,0.664157294111643,0.0,0.0,0.16240000000000002,optimal
2021-02-08 12:00:00,9,91,0.5802785482476553,0.0,0.0,0.14883333333333335,optimal
2021-02-08 12:30:00,9,91,0.47246353664571594,0.0,0.0,0.38010000000000005,optimal
2021-02-08 13:00:00,9,91,2.2857142857142856,0.0,0.0,0.11553333333333332,optimal
2021-02-08 13:30:00,9,91,2.2857142857142856,0.0,0.0,0.1162,optimal
2021-02-08 14:00:00,9,91,2.2857142857142856,0.0,0.0,0.2205,optimal
2021-02-08 14:30:00,9,91,2.2857142857142856,0.0,0.0,0.1497666666666667,optimal
2021-02-08 15:00:00,9,91,2.2857142857142856,0.0,0.0,0.08979999999999999,optimal
2021-02-08 15:30:00,9,91,2.2857142857142856,0.0,0.0,0.07716666666666668,optimal
2021-02-08 16:00:00,9,91,0.0,0.0,0.0,0.31289999999999996,optimal
2021-02-08 16:30:00,9,91,0.0,0.0,0.0,0.07,optimal
2021-02-08 17:00:00,9,91,0.0,0.0,0.0,0.14883333333333335,optimal
2021-02-08 17:30:00,9,91,0.0,0.0,0.0,0.2412333333333333,optimal
2021-02-08 18:00:00,9,91,0.0,0.0,0.0,0.07,optimal
2021-02-08 18:30:00,9,91,0.0,0.0,0.0,0.136,optimal
2021-02-08 19:00:00,9,91,0.0,0.0,0.0,0.23256666666666664,optimal
2021-02-08 19:30:00,9,91,0.6498676499882913,0.0,0.0,0.0915,optimal
2021-02-08 20:00:00,9,91,1.2506453094584644,0.0,0.0,0.06866666666666667,optimal
2021-02-08 20:30:00,9,91,0.0,0.0,0.0,0.28556666666666664,optimal
2021-02-08 21:00:00,9,91,0.0,0.0,0.0,0.6080333333333333,optimal
2021-02-08 21:30:00,9,91,0.0,0.0,0.0,0.2607,optimal
2021-02-08 22:00:00,9,91,1.0549523809523809,0.0,0.0,0.39836666666666665,optimal
2021-02-08 22:30:00,9,91,0.0,0.0,0.0,0.6229333333333332,optimal
2021-02-08 23:00:00,9,91,0.0,0.0,0.0,0.44430000000000003,optimal
2021-02-08 23:30:00,9,91,0.0,0.0,0.0,0.7535666666666667,optimal
2021-02-09 00:00:00,9,91,0.0,0.0,0.0,0.2521,optimal
2021-02-09 00:30:00,9,91,2.2857142857142856,0.0,0.0,0.852,optimal
2021-02-09 01:00:00,9,91,1.137904761904762,0.0,0.0,0.5760666666666667,optimal
2021-02-09 01:30:00,9,91,0.0,0.0,0.0,0.751,optimal
2021-02-09 02:00:00,9,91,0.0,0.0,0.0,0.17606666666666665,optimal
2021-02-09 02:30:00,9,91,1.6792866021647834,0.0,0.0,0.09433333333333331,optimal
2021-02-09 03:00:00,9,91,2.2857142857142856,0.0,0.0,0.11493333333333333,optimal
2021-02-09 03:30:00,9,91,2.2857142857142856,0.0,0.0,0.15613333333333332,optimal
2021-02-09 04:00:00,9,91,2.2857142857142856,0.0,0.0,0.06,optimal
2021-02-09 04:30:00,9,91,2.2857142857142856,0.0,0.0,0.2042,optimal
2021-02-09 05:00:00,9,91,2.2857142857142856,0.0,0.0,0.06686666666666666,optimal
2021-02-09 05:30:00,9,91,2.2857142857142856,0.0,0.0,0.12113333333333334,optimal
2021-02-09 06:00:00,9,91,2.2857142857142856,0.0,0.0,0.6422666666666667,optimal
2021-02-09 06:30:00,9,91,2.2857142857142856,0.0,3.1176165026391054,2.9447666666666668,optimal
2021-02-09 07:00:00,9,91,2.2857142857142856,0.0,10.0,0.7140666666666667,optimal
2021-02-09 07:30:00,9,91,2.2857142857142856,0.0,0.0,0.068,optimal
2021-02-09 08:00:00,9,91,1.1972290337439189,0.0,0.0,0.23916666666666664,optimal
2021-02-09 08:30:00,9,91,1.2466868226615222,0.0,0.0,0.282,optimal
2021-02-09 09:00:00,9,91,1.1984894487731887,0.0,0.0,0.07,optimal
2021-02-09 09:30:00,9,91,1.134719312322656,0.0,0.0,0.22106666666666663,optimal
2021-02-09 10:00:00,9,91,0.9090380959414832,0.0,0.0,0.07,optimal
2021-02-09 10:30:00,9,91,0.8918645695342887,0.0,0.0,0.07,optimal
2021-02-09 11:00:00,9,91,0.6000291852784733,0.0,0.0,0.22106666666666663,optimal
2021-02-09 11:30:00,9,91,0.6397563847589337,0.0,0.0,0.07,optimal
2021-02-09 12:00:00,9,91,0.43923634220864133,0.0,0.0,0.1936,optimal
2021-02-09 12:30:00,9,91,0.47013771415674543,0.0,0.0,0.09746666666666669,optimal
2021-02-09 13:00:00,9,91,2.1684025538775624,0.0,0.0,0.13866666666666666,optimal
2021-02-09 13:30:00,9,91,2.2857142857142856,0.0,0.0,0.1524,optimal
2021-02-09 14:00:00,9,91,2.2857142857142856,0.0,0.0,0.07,optimal
2021-02-09 14:30:00,9,91,2.2857142857142856,0.0,0.0,0.22106666666666663,optimal
2021-02-09 15:00:00,9,91,2.2857142857142856,0.0,0.0,0.07,optimal
2021-02-09 15:30:00,9,91,2.2857142857142856,0.0,0.0,0.1524,optimal
2021-02-09 16:00:00,9,91,0.0,0.0,0.0,0.13866666666666666,optimal
2021-02-09 16:30:00,9,91,0.0,0.0,0.0,0.07,optimal
2021-02-09 17:00:00,9,91,0.0,0.0,0.0,0.7771,optimal
2021-02-09 17:30:00,9,91,0.0,0.0,0.0,0.8126333333333333,optimal
2021-02-09 18:00:00,9,91,0.0,0.0,0.0,0.682,optimal
2021-02-09 18:30:00,9,91,0.0,0.0,0.0,0.9798666666666668,optimal
2021-02-09 19:00:00,9,91,0.0,0.0,0.0,0.7682333333333333,optimal
2021-02-09 19:30:00,9,91,0.0,0.0,0.0,1.1364333333333334,optimal
2021-02-09 20:00:00,9,91,0.0,0.0,0.0,1.1618,optimal
2021-02-09 20:30:00,9,91,0.0,0.0,0.0,0.4400333333333334,optimal
2021-02-09 21:00:00,9,91,0.0,0.0,0.0,1.2724666666666666,optimal
2021-02-09 21:30:00,9,91,0.0,0.0,0.0,0.9978333333333333,optimal
2021-02-09 22:00:00,9,91,0.0,0.0,0.0,1.5926666666666667,optimal
2021-02-09 22:30:00,9,91,0.0,0.0,0.0,1.4704666666666666,optimal
2021-02-09 23:00:00,9,91,0.0,0.0,0.0,0.9600333333333332,optimal
2021-02-09 23:30:00,9,91,0.0,0.0,0.0,0.13866666666666666,optimal
2021-02-10 00:00:00,9,91,0.0,0.0,0.0,0.055,optimal
2021-02-10 00:30:00,9,91,0.4976190476190476,0.0,0.0,0.12713333333333335,optimal
2021-02-10 01:00:00,9,91,0.0,0.0,0.0,0.33593333333333336,optimal
2021-02-10 01:30:00,9,91,0.0,0.0,0.0,0.3004,optimal
2021-02-10 02:00:00,9,91,0.478272513051877,0.0,0.0,0.14623333333333333,optimal
2021-02-10 02:30:00,9,91,2.2857142857142856,0.0,0.0,0.13463333333333333,optimal
2021-02-10 03:00:00,9,91,2.2857142857142856,0.0,0.0,0.08183333333333333,optimal
2021-02-10 03:30:00,9,91,2.2857142857142856,0.0,0.0,0.1814333333333333,optimal
2021-02-10 04:00:00,9,91,2.2857142857142856,0.0,0.0,0.0726,optimal
2021-02-10 04:30:00,9,91,2.2857142857142856,0.0,0.0,0.055,optimal
2021-02-10 05:00:00,9,91,2.2857142857142856,0.0,0.0,0.0872,optimal
2021-02-10 05:30:00,9,91,2.2857142857142856,0.0,0.0,0.14086666666666667,optimal
2021-02-10 06:00:00,9,91,2.2857142857142856,0.0,0.0,0.10486666666666666,optimal
2021-02-10 06:30:00,9,91,2.2857142857142856,0.0,2.6300755336363055,0.05793333333333333,optimal
2021-02-10 07:00:00,9,91,2.2857142857142856,0.0,10.0,0.3536,optimal
2021-02-10 07:30:00,9,91,2.2857142857142856,0.0,0.0,0.2318,optimal
2021-02-10 08:00:00,9,91,1.390222281838924,0.0,0.0,0.065,optimal
2021-02-10 08:30:00,9,91,1.327664413094119,0.0,0.0,0.23586666666666667,optimal
2021-02-10 09:00:00,9,91,1.2009735880328303,0.0,0.0,0.065,optimal
2021-02-10 09:30:00,9,91,1.1830442907165823,0.0,0.0,0.07966666666666668,optimal
2021-02-10 10:00:00,9,91,0.9004200379252082,0.0,0.0,0.10313333333333334,optimal
2021-02-10 10:30:00,9,91,0.8415635411285092,0.0,0.0,0.22406666666666664,optimal
2021-02-10 11:00:00,9,91,0.337849995586339,0.0,0.0,1.5686666666666667,optimal
2021-02-10 11:30:00,9,91,0.5075615374044036,0.0,0.0,0.39066666666666666,optimal
2021-02-10 12:00:00,9,91,0.2696411129316173,0.0,0.0,0.3789333333333333,optimal
2021-02-10 12:30:00,9,91,0.40172682721732494,0.0,0.0,0.1408,optimal
2021-02-10 13:00:00,9,91,2.2857142857142856,0.0,0.0,0.18306666666666663,optimal
2021-02-10 13:30:00,9,91,2.2857142857142856,0.0,0.0,0.065,optimal
2021-02-10 14:00:00,9,91,2.2857142857142856,0.0,0.0,0.20366666666666663,optimal
2021-02-10 14:30:00,9,91,2.2857142857142856,0.0,0.0,0.09720000000000001,optimal
2021-02-10 15:00:00,9,91,2.2857142857142856,0.0,0.0,0.08646666666666666,optimal
2021-02-10 15:30:00,9,91,2.2857142857142856,0.0,0.0,0.20266666666666663,optimal
2021-02-10 16:00:00,9,91,0.0,0.0,0.0,0.07673333333333333,optimal
2021-02-10 16:30:00,9,91,0.0,0.0,0.0,0.2329333333333333,optimal
2021-02-10 17:00:00,9,91,0.0,0.0,0.0,0.06793333333333333,optimal
2021-02-10 17:30:00,9,91,0.0,0.0,0.0,0.17383333333333334,optimal
2021-02-10 18:00:00,9,91,0.0,0.0,0.0,0.1270333333333333,optimal
2021-02-10 18:30:00,9,91,0.0,0.0,0.0,0.065,optimal
2021-02-10 19:00:00,9,91,0.0,0.0,0.0,0.10013333333333334,optimal
2021-02-10 19:30:00,9,91,0.0,0.0,0.0,1.7544000000000002,optimal
2021-02-10 20:00:00,9,91,0.8143171354628067,0.0,0.0,0.36133333333333334,optimal
2021-02-10 20:30:00,9,91,0.0,0.0,0.0,1.7940999999999998,optimal
2021-02-10 21:00:00,9,91,0.0,0.0,0.0,0.37796666666666656,optimal
2021-02-10 21:30:00,9,91,0.0,0.0,0.0,0.3752,optimal
2021-02-10 22:00:00,9,91,0.0,0.0,0.0,0.2733333333333333,optimal
2021-02-10 22:30:00,9,91,0.0,0.0,0.0,0.11336666666666666,optimal
2021-02-10 23:00:00,9,91,0.0,0.0,0.0,0.16696666666666668,optimal
2021-02-10 23:30:00,9,91,0.0,0.0,0.0,0.065,optimal
2021-02-11 00:00:00,9,91,0.0,0.0,0.0,0.06,optimal
2021-02-11 00:30:00,9,91,0.5772380952380952,0.0,0.0,0.17880000000000001,optimal
2021-02-11 01:00:00,9,91,1.3560521809319688,0.0,0.0,0.21380000000000002,optimal
2021-02-11 01:30:00,9,91,2.2857142857142856,0.0,0.0,0.062,optimal
2021-02-11 02:00:00,9,91,2.2857142857142856,0.0,0.0,0.062,optimal
2021-02-11 02:30:00,9,91,2.2857142857142856,0.0,0.0,0.1172,optimal
2021-02-11 03:00:00,9,91,2.2857142857142856,0.0,0.0,0.1586,optimal
2021-02-11 03:30:00,9,91,2.2857142857142856,0.0,0.0,0.062,optimal
2021-02-11 04:00:00,9,91,2.2857142857142856,0.0,0.0,0.1517,optimal
2021-02-11 04:30:00,9,91,2.2857142857142856,0.0,0.0,0.12409999999999999,optimal
2021-02-11 05:00:00,9,91,2.2857142857142856,0.0,0.0,0.062,optimal
2021-02-11 05:30:00,9,91,2.2857142857142856,0.0,0.0,0.21380000000000002,optimal
2021-02-11 06:00:00,9,91,2.2857142857142856,0.0,0.0,0.062,optimal
2021-02-11 06:30:00,9,91,2.2857142857142856,0.0,3.0111755967153075,0.0689,optimal
2021-02-11 07:00:00,9,91,2.2857142857142856,0.0,10.0,0.3878333333333333,optimal
2021-02-11 07:30:00,9,91,2.2857142857142856,0.0,0.0,0.3191333333333333,optimal
2021-02-11 08:00:00,9,91,1.2686308608447212,0.0,0.0,0.41643333333333327,optimal
2021-02-11 08:30:00,9,91,1.2822206909747436,0.0,0.0,0.28076666666666666,optimal
2021-02-11 09:00:00,9,91,0.937489445951024,0.0,0.0,0.6535,optimal
2021-02-11 09:30:00,9,91,0.8980775049968505,0.0,0.0,0.3559,optimal
2021-02-11 10:00:00,9,91,0.5149250639679157,0.0,0.0,0.3410666666666667,optimal
2021-02-11 10:30:00,9,91,0.5945510511547183,0.0,0.0,0.5241333333333333,optimal
2021-02-11 11:00:00,9,91,0.6555490324382243,0.0,0.0,0.0896,optimal
2021-02-11 11:30:00,9,91,0.5981141675023434,0.0,0.0,0.1103,optimal
2021-02-11 12:00:00,9,91,0.34394870360318697,0.0,0.0,0.1735,optimal
2021-02-11 12:30:00,9,91,0.3288689635159014,0.0,0.0,0.063,optimal
2021-02-11 13:00:00,9,91,2.2857142857142856,0.0,0.0,0.21380000000000002,optimal
2021-02-11 13:30:00,9,91,2.2857142857142856,0.0,0.0,0.062,optimal
2021-02-11 14:00:00,9,91,2.2857142857142856,0.0,0.0,0.17963333333333334,optimal
2021-02-11 14:30:00,9,91,2.2857142857142856,0.0,0.0,0.0965,optimal
2021-02-11 15:00:00,9,91,2.2857142857142856,0.0,0.0,0.5690666666666667,optimal
2021-02-11 15:30:00,9,91,2.2857142857142856,0.0,0.0,0.32839999999999997,optimal
2021-02-11 16:00:00,9,91,0.0,0.0,0.0,0.072,optimal
2021-02-11 16:30:00,9,91,0.0,0.0,0.0,0.2238,optimal
2021-02-11 17:00:00,9,91,0.0,0.0,0.0,0.072,optimal
2021-02-11 17:30:00,9,91,0.0,0.0,0.0,0.072,optimal
2021-02-11 18:00:00,9,91,0.0,0.0,0.0,0.1134,optimal
2021-02-11 18:30:00,9,91,0.0,0.0,0.0,0.1824,optimal
2021-02-11 19:00:00,9,91,0.0,0.0,0.0,0.18080000000000002,optimal
2021-02-11 19:30:00,9,91,1.6315582881664417,0.0,0.0,0.33326666666666666,optimal
2021-02-11 20:00:00,9,91,1.664056429812332,0.0,0.0,0.3272,optimal
2021-02-11 20:30:00,9,91,0.09478262025563822,0.0,0.0,0.17603333333333332,optimal
2021-02-11 21:00:00,9,91,0.0,0.0,0.0,0.2963,optimal
2021-02-11 21:30:00,9,91,0.0,0.0,0.0,0.2843333333333333,optimal
2021-02-11 22:00:00,9,91,0.07961904761904762,0.0,0.0,0.2505,optimal
2021-02-11 22:30:00,9,91,0.0,0.0,0.0,0.32503333333333334,optimal
2021-02-11 23:00:00,9,91,0.0,0.0,0.0,0.07,optimal
2021-02-11 23:30:00,9,91,0.0,0.0,0.0,0.21,optimal
2021-02-12 00:00:00,9,91,0.3152943692954643,0.0,0.0,0.095,optimal
2021-02-12 00:30:00,9,91,2.2857142857142856,0.0,0.0,0.1414,optimal
2021-02-12 01:00:00,9,91,2.2857142857142856,0.0,0.0,0.07586666666666667,optimal
2021-02-12 01:30:00,9,91,2.2857142857142856,0.0,0.0,0.237,optimal
2021-02-12 02:00:00,9,91,2.2857142857142856,0.0,0.0,0.08586666666666666,optimal
2021-02-12 02:30:00,9,91,2.2857142857142856,0.0,0.0,0.1873333333333333,optimal
2021-02-12 03:00:00,9,91,2.2857142857142856,0.0,0.0,0.07,optimal
2021-02-12 03:30:00,9,91,2.2857142857142856,0.0,0.0,0.188,optimal
2021-02-12 04:00:00,9,91,2.2857142857142856,0.0,0.0,0.14073333333333332,optimal
2021-02-12 04:30:00,9,91,2.2857142857142856,0.0,0.0,0.12140000000000001,optimal
2021-02-12 05:00:00,9,91,2.2857142857142856,0.0,0.0,0.2073333333333333,optimal
2021-02-12 05:30:00,9,91,2.2857142857142856,0.0,1.6869540007250283,0.0819,optimal
2021-02-12 06:00:00,9,91,2.2857142857142856,0.0,10.0,0.2468333333333333,optimal
2021-02-12 06:30:00,9,91,2.2857142857142856,0.0,10.0,0.07,optimal
2021-02-12 07:00:00,9,91,2.2857142857142856,0.0,10.0,0.3532333333333333,optimal
2021-02-12 07:30:00,9,91,2.2857142857142856,0.0,0.0,0.14023333333333332,optimal
2021-02-12 08:00:00,9,91,1.5763114066468846,0.0,0.0,0.1761,optimal
2021-02-12 08:30:00,9,91,1.6069549896774074,0.0,0.0,0.11693333333333333,optimal
2021-02-12 09:00:00,9,91,1.436073254261388,0.0,0.0,0.07,optimal
2021-02-12 09:30:00,9,91,1.2804128885447366,0.0,0.0,0.08586666666666666,optimal
2021-02-12 10:00:00,9,91,0.8099919379102599,0.0,0.0,0.20766666666666664,optimal
2021-02-12 10:30:00,9,91,0.804990486134943,0.0,0.0,0.129,optimal
2021-02-12 11:00:00,9,91,0.5291692321366458,0.0,0.0,0.15866666666666665,optimal
2021-02-12 11:30:00,9,91,0.5075345268552062,0.0,0.0,0.17336666666666667,optimal
2021-02-12 12:00:00,9,91,0.44189444666024524,0.0,0.0,0.12003333333333331,optimal
2021-02-12 12:30:00,9,91,0.3979549794740441,0.0,0.0,0.1118,optimal
2021-02-12 13:00:00,9,91,2.0151451449099844,0.0,0.0,1.2510333333333332,optimal
2021-02-12 13:30:00,9,91,2.2857142857142856,0.0,0.0,0.1355,optimal
2021-02-12 14:00:00,9,91,2.2857142857142856,0.0,0.0,0.4576,optimal
2021-02-12 14:30:00,9,91,2.2857142857142856,0.0,0.0,1.5461333333333334,optimal
2021-02-12 15:00:00,9,91,2.2857142857142856,0.0,0.0,0.3389,optimal
2021-02-12 15:30:00,9,91,2.2857142857142856,0.0,0.0,0.47493333333333326,optimal
2021-02-12 16:00:00,9,91,0.0,0.0,0.0,0.48083333333333333,optimal
2021-02-12 16:30:00,9,91,0.0,0.0,0.0,0.364,optimal
2021-02-12 17:00:00,9,91,0.0,0.0,0.0,0.11596666666666668,optimal
2021-02-12 17:30:00,9,91,0.0,0.0,0.0,0.3213666666666667,optimal
2021-02-12 18:00:00,9,91,0.0,0.0,0.0,0.4698,optimal
2021-02-12 18:30:00,9,91,0.0,0.0,0.0,0.203,optimal
2021-02-12 19:00:00,9,91,0.0,0.0,0.0,0.28063333333333335,optimal
2021-02-12 19:30:00,9,91,0.0,0.0,0.0,1.209,optimal
2021-02-12 20:00:00,9,91,0.0,0.0,0.0,1.4200333333333333,optimal
2021-02-12 20:30:00,9,91,0.0,0.0,0.0,0.7088,optimal
2021-02-12 21:00:00,9,91,0.0,0.0,0.0,0.288,optimal
2021-02-12 21:30:00,9,91,0.0,0.0,0.0,0.5311333333333333,optimal
2021-02-12 22:00:00,9,91,0.1393333333333333,0.0,0.0,0.345,optimal
2021-02-12 22:30:00,9,91,0.0,0.0,0.0,0.3413333333333333,optimal
2021-02-12 23:00:00,9,91,0.0,0.0,0.0,0.40393333333333326,optimal
2021-02-12 23:30:00,9,91,0.0,0.0,0.0,0.2558,optimal
2021-02-13 00:00:00,9,91,0.0,0.0,0.0,0.134,optimal
2021-02-13 00:30:00,9,91,2.2857142857142856,0.0,0.0,0.12,optimal
2021-02-13 01:00:00,9,91,0.3616190476190477,0.0,0.0,0.071,optimal
2021-02-13 01:30:00,9,91,0.0,0.0,0.0,0.1904,optimal
2021-02-13 02:00:00,9,91,0.8977340406443998,0.0,0.0,0.8936000000000001,optimal
2021-02-13 02:30:00,9,91,2.2857142857142856,0.0,0.0,0.05,optimal
2021-02-13 03:00:00,9,91,2.2857142857142856,0.0,0.0,0.204,optimal
2021-02-13 03:30:00,9,91,2.2857142857142856,0.0,0.0,0.05,optimal
2021-02-13 04:00:00,9,91,2.2857142857142856,0.0,0.0,0.155,optimal
2021-02-13 04:30:00,9,91,2.2857142857142856,0.0,0.0,0.099,optimal
2021-02-13 05:00:00,9,91,2.2857142857142856,0.0,0.0,0.05,optimal
2021-02-13 05:30:00,9,91,2.2857142857142856,0.0,3.176026959229806,0.204,optimal
2021-02-13 06:00:00,9,91,2.2857142857142856,0.0,10.0,0.4062,optimal
2021-02-13 06:30:00,9,91,2.2857142857142856,0.0,0.0,1.0816666666666668,optimal
2021-02-13 07:00:00,9,91,2.2857142857142856,0.0,0.0,0.126,optimal
2021-02-13 07:30:00,9,91,2.2857142857142856,0.0,0.0,0.40586666666666665,optimal
2021-02-13 08:00:00,9,91,1.2524809044796807,0.0,0.0,0.176,optimal
2021-02-13 08:30:00,9,91,1.2298652468172964,0.0,0.0,0.1188,optimal
2021-02-13 09:00:00,9,91,1.0918923047026108,0.0,0.0,0.0598,optimal
2021-02-13 09:30:00,9,91,1.2188902068668437,0.0,0.0,0.214,optimal
2021-02-13 10:00:00,9,91,0.9590190847261201,0.0,0.0,0.06733333333333333,optimal
2021-02-13 10:30:00,9,91,0.9339081889684884,0.0,0.0,0.0942,optimal
2021-02-13 11:00:00,9,91,0.5325970100205543,0.0,0.0,0.4324666666666666,optimal
2021-02-13 11:30:00,9,91,0.5383984952153167,0.0,0.0,0.8987999999999999,optimal
2021-02-13 12:00:00,9,91,0.3468637803801558,0.0,0.0,1.4684000000000001,optimal
2021-02-13 12:30:00,9,91,0.34676960791250344,0.0,0.0,0.7160333333333333,optimal
2021-02-13 13:00:00,9,91,2.2857142857142856,0.0,0.0,0.333,optimal
2021-02-13 13:30:00,9,91,2.2857142857142856,0.0,0.0,0.4829,optimal
2021-02-13 14:00:00,9,91,2.2857142857142856,0.0,0.0,0.40436666666666665,optimal
2021-02-13 14:30:00,9,91,2.2857142857142856,0.0,0.0,0.06,optimal
2021-02-13 15:00:00,9,91,2.2857142857142856,0.0,0.0,0.165,optimal
2021-02-13 15:30:00,9,91,2.2857142857142856,0.0,0.0,0.109,optimal
2021-02-13 16:00:00,9,91,0.0,0.0,0.0,1.7046666666666668,optimal
2021-02-13 16:30:00,9,91,0.0,0.0,0.0,1.0624333333333333,optimal
2021-02-13 17:00:00,9,91,0.0,0.0,0.0,1.0758666666666665,optimal
2021-02-13 17:30:00,9,91,0.0,0.0,0.0,0.2395,optimal
2021-02-13 18:00:00,9,91,0.0,0.0,0.0,0.2469,optimal
2021-02-13 18:30:00,9,91,0.0,0.0,0.0,0.387,optimal
2021-02-13 19:00:00,9,91,0.0,0.0,0.0,0.4933333333333333,optimal
2021-02-13 19:30:00,9,91,0.0,0.0,0.0,0.214,optimal
2021-02-13 20:00:00,9,91,0.7664110178803425,0.0,0.0,0.06,optimal
2021-02-13 20:30:00,9,91,0.0,0.0,0.0,0.9216666666666666,optimal
2021-02-13 21:00:00,9,91,0.0,0.0,0.0,1.7330666666666665,optimal
2021-02-13 21:30:00,9,91,0.0,0.0,0.0,0.218,optimal
2021-02-13 22:00:00,9,91,0.7563809523809524,0.0,0.0,0.5731333333333333,optimal
2021-02-13 22:30:00,9,91,0.0,0.0,0.0,0.21646666666666667,optimal
2021-02-13 23:00:00,9,91,0.0,0.0,0.0,0.46726666666666666,optimal
2021-02-13 23:30:00,9,91,0.0,0.0,0.0,0.067,optimal
2021-02-07 00:00:00,10,91,0.0,0.0,0.0,0.062,optimal
2021-02-07 00:30:00,10,91,0.0,0.0,0.0,0.104,optimal
2021-02-07 01:00:00,10,91,0.0,0.0,0.0,0.074,optimal
2021-02-07 01:30:00,10,91,0.0,0.0,0.0,0.164,optimal
2021-02-07 02:00:00,10,91,0.0,0.0,0.0,0.10959999999999999,optimal
2021-02-07 02:30:00,10,91,0.0,0.0,0.0,0.10959999999999999,optimal
2021-02-07 03:00:00,10,91,0.0,0.0,0.0,0.218,optimal
2021-02-07 03:30:00,10,91,0.0,0.0,0.0,0.062,optimal
2021-02-07 04:00:00,10,91,2.2857142857142856,0.0,0.0,0.252,optimal
2021-02-07 04:30:00,10,91,2.2857142857142856,0.0,0.0,0.0756,optimal
2021-02-07 05:00:00,10,91,2.2857142857142856,0.0,0.0,0.1028,optimal
2021-02-07 05:30:00,10,91,2.2857142857142856,0.0,0.0,0.22946666666666668,optimal
2021-02-07 06:00:00,10,91,2.2857142857142856,0.0,0.0,0.06733333333333333,optimal
2021-02-07 06:30:00,10,91,2.2857142857142856,0.0,0.0,0.1866,optimal
2021-02-07 07:00:00,10,91,2.2857142857142856,0.0,2.0120072799789424,0.141,optimal
2021-02-07 07:30:00,10,91,0.0,0.0,0.0,0.062,optimal
2021-02-07 08:00:00,10,91,0.0,0.0,0.0,0.3512,optimal
2021-02-07 08:30:00,10,91,0.0,0.0,0.0,0.09029999999999999,optimal
2021-02-07 09:00:00,10,91,0.0,0.0,0.0,1.4295333333333333,optimal
2021-02-07 09:30:00,10,91,0.17812821023629524,0.0,0.0,0.5496666666666666,optimal
2021-02-07 10:00:00,10,91,1.0576912039123136,0.0,0.0,0.062,optimal
2021-02-07 10:30:00,10,91,1.0645606144751913,0.0,0.0,0.062,optimal
2021-02-07 11:00:00,10,91,0.9097544944839239,0.0,0.0,0.13366666666666666,optimal
2021-02-07 11:30:00,10,91,0.9058687801982229,0.0,0.0,0.14826666666666669,optimal
2021-02-07 12:00:00,10,91,0.8223054609103668,0.0,0.0,0.09773333333333332,optimal
2021-02-07 12:30:00,10,91,0.7826483180532189,0.0,0.0,0.2332,optimal
2021-02-07 13:00:00,10,91,2.2857142857142856,0.0,0.0,0.092,optimal
2021-02-07 13:30:00,10,91,2.2857142857142856,0.0,0.0,0.1492,optimal
2021-02-07 14:00:00,10,91,2.2857142857142856,0.0,0.0,0.15506666666666666,optimal
2021-02-07 14:30:00,10,91,2.2857142857142856,0.0,0.0,0.09396666666666668,optimal
2021-02-07 15:00:00,10,91,2.2857142857142856,0.0,0.0,0.2854333333333333,optimal
2021-02-07 15:30:00,10,91,2.2857142857142856,0.0,0.0,0.27393333333333336,optimal
2021-02-07 16:00:00,10,91,0.0,0.0,0.0,1.8635333333333333,optimal
2021-02-07 16:30:00,10,91,0.0,0.0,0.0,0.36319999999999997,optimal
2021-02-07 17:00:00,10,91,0.0,0.0,0.0,0.35946666666666666,optimal
2021-02-07 17:30:00,10,91,0.0,0.0,0.0,0.4443333333333333,optimal
2021-02-07 18:00:00,10,91,0.0,0.0,0.0,0.3967,optimal
2021-02-07 18:30:00,10,91,0.0,0.0,0.0,0.30519999999999997,optimal
2021-02-07 19:00:00,10,91,0.0,0.0,0.0,0.2803333333333333,optimal
2021-02-07 19:30:00,10,91,0.0,0.0,0.0,0.3476,optimal
2021-02-07 20:00:00,10,91,0.31891030527443925,0.0,0.0,0.4829,optimal
2021-02-07 20:30:00,10,91,0.0,0.0,0.0,0.5596666666666666,optimal
2021-02-07 21:00:00,10,91,0.0,0.0,0.0,0.22326666666666667,optimal
2021-02-07 21:30:00,10,91,0.0,0.0,0.0,0.49460000000000004,optimal
2021-02-07 22:00:00,10,91,0.0,0.0,0.0,0.4068333333333333,optimal
2021-02-07 22:30:00,10,91,0.0,0.0,0.0,0.5429666666666667,optimal
2021-02-07 23:00:00,10,91,0.0,0.0,0.0,0.3476,optimal
2021-02-07 23:30:00,10,91,0.0,0.0,0.0,0.099,optimal
2021-02-08 00:00:00,10,91,0.0,0.0,0.0,0.06,optimal
2021-02-08 00:30:00,10,91,0.0,0.0,0.0,0.06806666666666666,optimal
2021-02-08 01:00:00,10,91,0.0,0.0,0.0,0.12453333333333332,optimal
2021-02-08 01:30:00,10,91,0.0,0.0,0.0,0.06,optimal
2021-02-08 02:00:00,10,91,0.0,0.0,0.0,0.06,optimal
2021-02-08 02:30:00,10,91,1.4040080552698262,0.0,0.0,0.06,optimal
2021-02-08 03:00:00,10,91,2.2857142857142856,0.0,0.0,0.06,optimal
2021-02-08 03:30:00,10,91,2.2857142857142856,0.0,0.0,0.1326,optimal
2021-02-08 04:00:00,10,91,2.2857142857142856,0.0,0.0,0.06133333333333334,optimal
2021-02-08 04:30:00,10,91,2.2857142857142856,0.0,0.0,0.1174,optimal
2021-02-08 05:00:00,10,91,2.2857142857142856,0.0,0.0,0.0842,optimal
2021-02-08 05:30:00,10,91,2.2857142857142856,0.0,0.0,0.0842,optimal
2021-02-08 06:00:00,10,91,2.2857142857142856,0.0,0.0,0.10840000000000001,optimal
2021-02-08 06:30:00,10,91,2.2857142857142856,0.0,8.206444441498446,0.0963,optimal
2021-02-08 07:00:00,10,91,2.2857142857142856,0.0,10.0,0.0963,optimal
2021-02-08 07:30:00,10,91,2.2857142857142856,0.0,0.0,1.4038666666666666,optimal
2021-02-08 08:00:00,10,91,0.9766786243923025,0.0,0.0,0.9786666666666666,optimal
2021-02-08 08:30:00,10,91,0.9076375587647033,0.0,0.0,3.6773000000000002,optimal
2021-02-08 09:00:00,10,91,0.8771520234061548,0.0,0.0,3.4691666666666667,optimal
2021-02-08 09:30:00,10,91,0.9155317170856389,0.0,0.0,0.8777666666666667,optimal
2021-02-08 10:00:00,10,91,0.7669242723997423,0.0,0.0,0.24873333333333328,optimal
2021-02-08 10:30:00,10,91,0.7394188644345411,0.0,0.0,2.170833333333333,optimal
2021-02-08 11:00:00,10,91,0.3267695618173675,0.0,0.0,1.2942,optimal
2021-02-08 11:30:00,10,91,0.5496620560163984,0.0,0.0,0.18603333333333333,optimal
2021-02-08 12:00:00,10,91,0.4945642625333717,0.0,0.0,0.12373333333333332,optimal
2021-02-08 12:30:00,10,91,0.42069972712190457,0.0,0.0,1.4902,optimal
2021-02-08 13:00:00,10,91,2.2857142857142856,0.0,0.0,0.23416666666666663,optimal
2021-02-08 13:30:00,10,91,2.2857142857142856,0.0,0.0,0.142,optimal
2021-02-08 14:00:00,10,91,2.2857142857142856,0.0,0.0,0.17366666666666666,optimal
2021-02-08 14:30:00,10,91,2.2857142857142856,0.0,0.0,0.28863333333333335,optimal
2021-02-08 15:00:00,10,91,2.2857142857142856,0.0,0.0,0.07,optimal
2021-02-08 15:30:00,10,91,2.2857142857142856,0.0,0.0,0.11033333333333331,optimal
2021-02-08 16:00:00,10,91,0.0,0.0,0.0,0.10226666666666669,optimal
2021-02-08 16:30:00,10,91,0.0,0.0,0.0,0.07,optimal
2021-02-08 17:00:00,10,91,0.0,0.0,0.0,0.15519999999999998,optimal
2021-02-08 17:30:00,10,91,0.0,0.0,0.0,1.673,optimal
2021-02-08 18:00:00,10,91,0.0,0.0,0.0,0.15586666666666668,optimal
2021-02-08 18:30:00,10,91,0.0,0.0,0.0,2.8325,optimal
2021-02-08 19:00:00,10,91,0.0,0.0,0.0,0.8190666666666667,optimal
2021-02-08 19:30:00,10,91,0.0,0.0,0.0,0.3765333333333334,optimal
2021-02-08 20:00:00,10,91,0.37735160316610955,0.0,0.0,0.6151333333333333,optimal
2021-02-08 20:30:00,10,91,0.0,0.0,0.0,0.2998,optimal
2021-02-08 21:00:00,10,91,0.0,0.0,0.0,2.589233333333333,optimal
2021-02-08 21:30:00,10,91,0.0,0.0,0.0,1.1637666666666668,optimal
2021-02-08 22:00:00,10,91,0.2786666666666667,0.0,0.0,1.1308333333333334,optimal
2021-02-08 22:30:00,10,91,0.0,0.0,0.0,1.4318333333333333,optimal
2021-02-08 23:00:00,10,91,0.0,0.0,0.0,1.4252,optimal
2021-02-08 23:30:00,10,91,0.0,0.0,0.0,0.9482333333333333,optimal
2021-02-09 00:00:00,10,91,0.0,0.0,0.0,0.07,optimal
2021-02-09 00:30:00,10,91,0.418,0.0,0.0,0.15366666666666665,optimal
2021-02-09 01:00:00,10,91,0.0,0.0,0.0,0.2329333333333333,optimal
2021-02-09 01:30:00,10,91,0.0,0.0,0.0,0.07,optimal
2021-02-09 02:00:00,10,91,0.0,0.0,0.0,0.27316666666666667,optimal
2021-02-09 02:30:00,10,91,2.0977340458982954,0.0,0.0,0.11843333333333333,optimal
2021-02-09 03:00:00,10,91,2.2857142857142856,0.0,0.0,0.0783,optimal
2021-02-09 03:30:00,10,91,2.2857142857142856,0.0,0.0,0.3083,optimal
2021-02-09 04:00:00,10,91,2.2857142857142856,0.0,0.0,0.065,optimal
2021-02-09 04:30:00,10,91,2.2857142857142856,0.0,0.0,0.16546666666666668,optimal
2021-02-09 05:00:00,10,91,2.2857142857142856,0.0,0.0,0.22113333333333332,optimal
2021-02-09 05:30:00,10,91,2.2857142857142856,0.0,0.0,0.065,optimal
2021-02-09 06:00:00,10,91,2.2857142857142856,0.0,0.0,0.26053333333333334,optimal
2021-02-09 06:30:00,10,91,2.2857142857142856,0.0,3.342219611404424,0.13106666666666666,optimal
2021-02-09 07:00:00,10,91,2.2857142857142856,0.0,10.0,0.15866666666666665,optimal
2021-02-09 07:30:00,10,91,2.2857142857142856,0.0,0.0,0.4229333333333333,optimal
2021-02-09 08:00:00,10,91,1.1108499861248826,0.0,0.0,2.2386,optimal
2021-02-09 08:30:00,10,91,1.0957458702805585,0.0,0.0,2.6062,optimal
2021-02-09 09:00:00,10,91,0.9021732582969988,0.0,0.0,2.3025333333333333,optimal
2021-02-09 09:30:00,10,91,0.9712716932750396,0.0,0.0,2.267533333333333,optimal
2021-02-09 10:00:00,10,91,0.8473333340367125,0.0,0.0,0.15296666666666667,optimal
2021-02-09 10:30:00,10,91,0.8416836171533445,0.0,0.0,0.2426333333333333,optimal
2021-02-09 11:00:00,10,91,0.64233394718323,0.0,0.0,0.065,optimal
2021-02-09 11:30:00,10,91,0.5909182895208447,0.0,0.0,0.2379333333333333,optimal
2021-02-09 12:00:00,10,91,0.4736934850657695,0.0,0.0,0.075,optimal
2021-02-09 12:30:00,10,91,0.43160438082340713,0.0,0.0,0.22933333333333328,optimal
2021-02-09 13:00:00,10,91,1.4211528060087442,0.0,0.0,0.16093333333333334,optimal
2021-02-09 13:30:00,10,91,1.2355985781601673,0.0,0.0,0.6862666666666667,optimal
2021-02-09 14:00:00,10,91,2.2857142857142856,0.0,0.0,1.8763333333333332,optimal
2021-02-09 14:30:00,10,91,2.2857142857142856,0.0,0.0,0.671,optimal
2021-02-09 15:00:00,10,91,2.2857142857142856,0.0,0.0,1.6072666666666668,optimal
2021-02-09 15:30:00,10,91,2.2857142857142856,0.0,0.0,2.5058000000000002,optimal
2021-02-09 16:00:00,10,91,0.0,0.0,0.0,0.1802666666666667,optimal
2021-02-09 16:30:00,10,91,0.0,0.0,0.0,0.4585,optimal
2021-02-09 17:00:00,10,91,0.0,0.0,0.0,3.596766666666667,optimal
2021-02-09 17:30:00,10,91,0.0,0.0,0.0,3.055,optimal
2021-02-09 18:00:00,10,91,0.0,0.0,0.0,1.9853333333333332,optimal
2021-02-09 18:30:00,10,91,0.0,0.0,0.0,1.4106333333333334,optimal
2021-02-09 19:00:00,10,91,0.0,0.0,0.0,1.5478333333333332,optimal
2021-02-09 19:30:00,10,91,0.0,0.0,0.0,0.40166666666666667,optimal
2021-02-09 20:00:00,10,91,0.0,0.0,0.0,1.6387333333333332,optimal
2021-02-09 20:30:00,10,91,0.0,0.0,0.0,0.47973333333333334,optimal
2021-02-09 21:00:00,10,91,0.0,0.0,0.0,0.47943333333333327,optimal
2021-02-09 21:30:00,10,91,0.0,0.0,0.0,1.0070333333333332,optimal
2021-02-09 22:00:00,10,91,0.0,0.0,0.0,1.0975666666666666,optimal
2021-02-09 22:30:00,10,91,0.0,0.0,0.0,2.7951333333333332,optimal
2021-02-09 23:00:00,10,91,0.0,0.0,0.0,1.7764666666666666,optimal
2021-02-09 23:30:00,10,91,0.0,0.0,0.0,0.19713333333333333,optimal
2021-02-10 00:00:00,10,91,0.0796190476190476,0.0,0.0,0.108,optimal
2021-02-10 00:30:00,10,91,0.3781904761904762,0.0,0.0,0.34626666666666667,optimal
2021-02-10 01:00:00,10,91,0.0,0.0,0.0,0.13140000000000002,optimal
2021-02-10 01:30:00,10,91,0.0,0.0,0.0,0.061,optimal
2021-02-10 02:00:00,10,91,1.1124198431149046,0.0,0.0,0.26266666666666666,optimal
2021-02-10 02:30:00,10,91,2.2857142857142856,0.0,0.0,0.061,optimal
2021-02-10 03:00:00,10,91,2.2857142857142856,0.0,0.0,0.0852,optimal
2021-02-10 03:30:00,10,91,2.2857142857142856,0.0,0.0,0.2267333333333333,optimal
2021-02-10 04:00:00,10,91,2.2857142857142856,0.0,0.0,0.09693333333333334,optimal
2021-02-10 04:30:00,10,91,2.2857142857142856,0.0,0.0,0.16219999999999998,optimal
2021-02-10 05:00:00,10,91,2.2857142857142856,0.0,0.0,0.13726666666666668,optimal
2021-02-10 05:30:00,10,91,2.2857142857142856,0.0,0.0,0.12553333333333333,optimal
2021-02-10 06:00:00,10,91,2.2857142857142856,0.0,0.0,0.06906666666666667,optimal
2021-02-10 06:30:00,10,91,2.2857142857142856,0.0,2.666652577087623,0.22130000000000002,optimal
2021-02-10 07:00:00,10,91,2.2857142857142856,0.0,10.0,0.11536666666666666,optimal
2021-02-10 07:30:00,10,91,2.2857142857142856,0.0,0.0,0.2554,optimal
2021-02-10 08:00:00,10,91,1.2225365675531936,0.0,0.0,0.12086666666666666,optimal
2021-02-10 08:30:00,10,91,1.1912929845226756,0.0,0.0,0.26413333333333333,optimal
2021-02-10 09:00:00,10,91,1.1362402546995012,0.0,0.0,0.12886666666666668,optimal
2021-02-10 09:30:00,10,91,1.166301433573742,0.0,0.0,0.13956666666666667,optimal
2021-02-10 10:00:00,10,91,0.8719438474490161,0.0,0.0,0.2041,optimal
2021-02-10 10:30:00,10,91,0.8996683030332626,0.0,0.0,0.071,optimal
2021-02-10 11:00:00,10,91,0.6755928527291766,0.0,0.0,0.18466666666666662,optimal
2021-02-10 11:30:00,10,91,0.6760567754996326,0.0,0.0,0.159,optimal
2021-02-10 12:00:00,10,91,0.4070887319792261,0.0,0.0,0.157,optimal
2021-02-10 12:30:00,10,91,0.3581553986458939,0.0,0.0,0.2726,optimal
2021-02-10 13:00:00,10,91,0.59592739302771,0.0,0.0,0.8107333333333333,optimal
2021-02-10 13:30:00,10,91,1.5694313953471795,0.0,0.0,1.0509666666666666,optimal
2021-02-10 14:00:00,10,91,2.2857142857142856,0.0,0.0,0.3949666666666666,optimal
2021-02-10 14:30:00,10,91,2.2857142857142856,0.0,0.0,1.664766666666667,optimal
2021-02-10 15:00:00,10,91,2.2857142857142856,0.0,0.0,0.4383666666666667,optimal
2021-02-10 15:30:00,10,91,2.2857142857142856,0.0,0.0,0.46003333333333335,optimal
2021-02-10 16:00:00,10,91,0.0,0.0,0.0,0.5181,optimal
2021-02-10 16:30:00,10,91,0.0,0.0,0.0,1.1328,optimal
2021-02-10 17:00:00,10,91,0.0,0.0,0.0,2.3976333333333333,optimal
2021-02-10 17:30:00,10,91,0.0,0.0,0.0,0.7249,optimal
2021-02-10 18:00:00,10,91,0.0,0.0,0.0,0.32326666666666665,optimal
2021-02-10 18:30:00,10,91,0.0,0.0,0.0,0.2683333333333333,optimal
2021-02-10 19:00:00,10,91,0.0,0.0,0.0,0.4003333333333333,optimal
2021-02-10 19:30:00,10,91,0.0,0.0,0.0,0.202,optimal
2021-02-10 20:00:00,10,91,0.0,0.0,0.0,0.2592333333333333,optimal
2021-02-10 20:30:00,10,91,0.0,0.0,0.0,0.21216666666666664,optimal
2021-02-10 21:00:00,10,91,0.0,0.0,0.0,0.071,optimal
2021-02-10 21:30:00,10,91,0.0,0.0,0.0,0.16706666666666667,optimal
2021-02-10 22:00:00,10,91,0.0,0.0,0.0,0.1766,optimal
2021-02-10 22:30:00,10,91,0.0,0.0,0.0,0.0831,optimal
2021-02-10 23:00:00,10,91,0.0,0.0,0.0,0.1315,optimal
2021-02-10 23:30:00,10,91,0.0,0.0,0.0,0.069,optimal
2021-02-11 00:00:00,10,91,0.0,0.0,0.0,0.056,optimal
2021-02-11 00:30:00,10,91,0.5665232368521153,0.0,0.0,0.15669999999999998,optimal
2021-02-11 01:00:00,10,91,2.2857142857142856,0.0,0.0,0.1415,optimal
2021-02-11 01:30:00,10,91,2.2857142857142856,0.0,0.0,0.05766666666666666,optimal
2021-02-11 02:00:00,10,91,2.2857142857142856,0.0,0.0,0.1356,optimal
2021-02-11 02:30:00,10,91,2.2857142857142856,0.0,0.0,0.17293333333333333,optimal
2021-02-11 03:00:00,10,91,2.2857142857142856,0.0,0.0,0.1256,optimal
2021-02-11 03:30:00,10,91,2.2857142857142856,0.0,0.0,0.1408,optimal
2021-02-11 04:00:00,10,91,2.2857142857142856,0.0,0.0,0.09346666666666668,optimal
2021-02-11 04:30:00,10,91,2.2857142857142856,0.0,0.0,0.13093333333333335,optimal
2021-02-11 05:00:00,10,91,2.2857142857142856,0.0,0.0,0.1726,optimal
2021-02-11 05:30:00,10,91,2.2857142857142856,0.0,0.0,0.0792,optimal
2021-02-11 06:00:00,10,91,2.2857142857142856,0.0,0.8966836401713121,0.10640000000000001,optimal
2021-02-11 06:30:00,10,91,2.2857142857142856,0.0,10.0,0.0925,optimal
2021-02-11 07:00:00,10,91,2.2857142857142856,0.0,10.0,0.1441,optimal
2021-02-11 07:30:00,10,91,2.2857142857142856,0.0,0.0,0.112,optimal
2021-02-11 08:00:00,10,91,1.3971051465590105,0.0,0.0,0.32746666666666663,optimal
2021-02-11 08:30:00,10,91,1.5354397385937915,0.0,0.0,0.064,optimal
2021-02-11 09:00:00,10,91,1.3132418269033856,0.0,0.0,0.22203333333333333,optimal
2021-02-11 09:30:00,10,91,1.2379536954730477,0.0,0.0,0.0825,optimal
2021-02-11 10:00:00,10,91,0.8054869687298309,0.0,0.0,0.1256,optimal
2021-02-11 10:30:00,10,91,0.8332748606785225,0.0,0.0,0.1746,optimal
2021-02-11 11:00:00,10,91,0.6496823657715483,0.0,0.0,0.12013333333333334,optimal
2021-02-11 11:30:00,10,91,0.5955808341690173,0.0,0.0,0.12116666666666669,optimal
2021-02-11 12:00:00,10,91,0.3555487036031714,0.0,0.0,0.12490000000000001,optimal
2021-02-11 12:30:00,10,91,0.3305832492301866,0.0,0.0,0.056,optimal
2021-02-11 13:00:00,10,91,2.2857142857142856,0.0,0.0,0.2422,optimal
2021-02-11 13:30:00,10,91,2.2857142857142856,0.0,0.0,0.056,optimal
2021-02-11 14:00:00,10,91,2.2857142857142856,0.0,0.0,0.24309999999999998,optimal
2021-02-11 14:30:00,10,91,2.2857142857142856,0.0,0.0,0.21109999999999998,optimal
2021-02-11 15:00:00,10,91,2.2857142857142856,0.0,0.0,0.05766666666666666,optimal
2021-02-11 15:30:00,10,91,2.2857142857142856,0.0,0.0,0.2363,optimal
2021-02-11 16:00:00,10,91,0.0,0.0,0.0,0.08023333333333334,optimal
2021-02-11 16:30:00,10,91,0.0,0.0,0.0,0.1256,optimal
2021-02-11 17:00:00,10,91,0.0,0.0,0.0,0.17426666666666668,optimal
2021-02-11 17:30:00,10,91,0.0,0.0,0.0,0.1124,optimal
2021-02-11 18:00:00,10,91,0.0,0.0,0.0,0.2675,optimal
2021-02-11 18:30:00,10,91,0.0,0.0,0.0,0.15046666666666667,optimal
2021-02-11 19:00:00,10,91,0.0,0.0,0.0,0.2206,optimal
2021-02-11 19:30:00,10,91,0.7297789281089814,0.0,0.0,0.4823,optimal
2021-02-11 20:00:00,10,91,1.465942144098039,0.0,0.0,0.5592,optimal
2021-02-11 20:30:00,10,91,0.0,0.0,0.0,0.5587666666666666,optimal
2021-02-11 21:00:00,10,91,0.0,0.0,0.0,0.19416666666666663,optimal
2021-02-11 21:30:00,10,91,0.0,0.0,0.0,0.3476666666666667,optimal
2021-02-11 22:00:00,10,91,0.0,0.0,0.0,3.462733333333333,optimal
2021-02-11 22:30:00,10,91,0.0,0.0,0.0,2.6784,optimal
2021-02-11 23:00:00,10,91,0.0,0.0,0.0,0.23553333333333334,optimal
2021-02-11 23:30:00,10,91,0.0,0.0,0.0,0.18059999999999998,optimal
2021-02-12 00:00:00,10,91,0.6512231789723256,0.0,0.0,0.067,optimal
2021-02-12 00:30:00,10,91,2.2857142857142856,0.0,0.0,0.15753333333333333,optimal
2021-02-12 01:00:00,10,91,2.2857142857142856,0.0,0.0,0.14780000000000001,optimal
2021-02-12 01:30:00,10,91,2.2857142857142856,0.0,0.0,0.10333333333333332,optimal
2021-02-12 02:00:00,10,91,2.2857142857142856,0.0,0.0,0.20926666666666668,optimal
2021-02-12 02:30:00,10,91,2.2857142857142856,0.0,0.0,0.067,optimal
2021-02-12 03:00:00,10,91,2.2857142857142856,0.0,0.0,0.067,optimal
2021-02-12 03:30:00,10,91,2.2857142857142856,0.0,0.0,0.19633333333333328,optimal
2021-02-12 04:00:00,10,91,2.2857142857142856,0.0,0.0,0.13443333333333335,optimal
2021-02-12 04:30:00,10,91,2.2857142857142856,0.0,0.0,0.07790000000000001,optimal
2021-02-12 05:00:00,10,91,2.2857142857142856,0.0,0.0,0.23106666666666664,optimal
2021-02-12 05:30:00,10,91,2.2857142857142856,0.0,6.187402853723571,0.11059999999999999,optimal
2021-02-12 06:00:00,10,91,2.2857142857142856,0.0,10.0,0.112,optimal
2021-02-12 06:30:00,10,91,2.2857142857142856,0.0,10.0,0.4294,optimal
2021-02-12 07:00:00,10,91,2.2857142857142856,0.0,0.0,0.09356666666666666,optimal
2021-02-12 07:30:00,10,91,2.2857142857142856,0.0,0.0,0.3845,optimal
2021-02-12 08:00:00,10,91,1.5057685495040207,0.0,0.0,0.16553333333333334,optimal
2021-02-12 08:30:00,10,91,1.5548311801535808,0.0,0.0,0.103,optimal
2021-02-12 09:00:00,10,91,1.4803399209280557,0.0,0.0,0.2472666666666667,optimal
2021-02-12 09:30:00,10,91,1.1228224123542536,0.0,0.0,0.10903333333333332,optimal
2021-02-12 10:00:00,10,91,0.7424871760054893,0.0,0.0,0.4003,optimal
2021-02-12 10:30:00,10,91,0.3050952480396996,0.0,0.0,1.834266666666667,optimal
2021-02-12 11:00:00,10,91,0.3273692321366576,0.0,0.0,0.41326666666666667,optimal
2021-02-12 11:30:00,10,91,0.49098214590283934,0.0,0.0,0.3306,optimal
2021-02-12 12:00:00,10,91,0.4561801609459488,0.0,0.0,0.077,optimal
2021-02-12 12:30:00,10,91,0.4006787889978564,0.0,0.0,0.2592333333333333,optimal
2021-02-12 13:00:00,10,91,2.2857142857142856,0.0,0.0,0.10243333333333333,optimal
2021-02-12 13:30:00,10,91,2.2857142857142856,0.0,0.0,0.12226666666666668,optimal
2021-02-12 14:00:00,10,91,2.2857142857142856,0.0,0.0,0.32706666666666667,optimal
2021-02-12 14:30:00,10,91,2.2857142857142856,0.0,0.0,0.341,optimal
2021-02-12 15:00:00,10,91,2.2857142857142856,0.0,0.0,0.7339333333333333,optimal
2021-02-12 15:30:00,10,91,2.2857142857142856,0.0,0.0,1.132266666666667,optimal
2021-02-12 16:00:00,10,91,0.0,0.0,0.0,0.44260000000000005,optimal
2021-02-12 16:30:00,10,91,0.0,0.0,0.0,0.5629,optimal
2021-02-12 17:00:00,10,91,0.0,0.0,0.0,0.6291,optimal
2021-02-12 17:30:00,10,91,0.0,0.0,0.0,0.19766666666666663,optimal
2021-02-12 18:00:00,10,91,0.0,0.0,0.0,0.11243333333333334,optimal
2021-02-12 18:30:00,10,91,0.0,0.0,0.0,0.2682,optimal
2021-02-12 19:00:00,10,91,0.0,0.0,0.0,0.08103333333333333,optimal
2021-02-12 19:30:00,10,91,0.0,0.0,0.0,0.5207999999999999,optimal
2021-02-12 20:00:00,10,91,0.8100698883433912,0.0,0.0,0.37106666666666666,optimal
2021-02-12 20:30:00,10,91,0.0,0.0,0.0,0.308,optimal
2021-02-12 21:00:00,10,91,0.0,0.0,0.0,0.19026666666666667,optimal
2021-02-12 21:30:00,10,91,0.0,0.0,0.0,0.6038,optimal
2021-02-12 22:00:00,10,91,0.0,0.0,0.0,0.643,optimal
2021-02-12 22:30:00,10,91,0.0,0.0,0.0,0.4697,optimal
2021-02-12 23:00:00,10,91,0.0,0.0,0.0,0.18730000000000002,optimal
2021-02-12 23:30:00,10,91,0.0,0.0,0.0,0.139,optimal
2021-02-13 00:00:00,10,91,0.0,0.0,0.0,0.058,optimal
2021-02-13 00:30:00,10,91,0.9753333333333333,0.0,0.0,0.058,optimal
2021-02-13 01:00:00,10,91,0.0,0.0,0.0,0.16106666666666666,optimal
2021-02-13 01:30:00,10,91,0.0,0.0,0.0,0.2026,optimal
2021-02-13 02:00:00,10,91,1.8641236803890495,0.0,0.0,0.11259999999999999,optimal
2021-02-13 02:30:00,10,91,2.2857142857142856,0.0,0.0,0.08546666666666666,optimal
2021-02-13 03:00:00,10,91,2.2857142857142856,0.0,0.0,0.2572,optimal
2021-02-13 03:30:00,10,91,2.2857142857142856,0.0,0.0,0.058,optimal
2021-02-13 04:00:00,10,91,2.2857142857142856,0.0,0.0,0.22286666666666669,optimal
2021-02-13 04:30:00,10,91,2.2857142857142856,0.0,0.0,0.1198,optimal
2021-02-13 05:00:00,10,91,2.2857142857142856,0.0,0.0,0.15380000000000002,optimal
2021-02-13 05:30:00,10,91,2.2857142857142856,0.0,0.0,0.19753333333333334,optimal
2021-02-13 06:00:00,10,91,2.2857142857142856,0.0,0.0,0.0722,optimal
2021-02-13 06:30:00,10,91,2.2857142857142856,0.0,0.0,0.2818,optimal
2021-02-13 07:00:00,10,91,2.2857142857142856,0.0,4.925493566998772,0.05666666666666666,optimal
2021-02-13 07:30:00,10,91,2.2857142857142856,0.0,0.0,0.1514,optimal
2021-02-13 08:00:00,10,91,1.1397285235273034,0.0,0.0,0.1872666666666667,optimal
2021-02-13 08:30:00,10,91,1.1667509611030091,0.0,0.0,0.056,optimal
2021-02-13 09:00:00,10,91,0.974016114226417,0.0,0.0,0.20706666666666662,optimal
2021-02-13 09:30:00,10,91,1.1002616354382706,0.0,0.0,0.1316,optimal
2021-02-13 10:00:00,10,91,0.844066703773722,0.0,0.0,0.07840000000000001,optimal
2021-02-13 10:30:00,10,91,0.7345558080161028,0.0,0.0,0.4206333333333333,optimal
2021-02-13 11:00:00,10,91,0.49575891478246165,0.0,0.0,0.2238,optimal
2021-02-13 11:30:00,10,91,0.48123849521531026,0.0,0.0,0.2736,optimal
2021-02-13 12:00:00,10,91,0.42188092323729226,0.0,0.0,0.1174,optimal
2021-02-13 12:30:00,10,91,0.3576038936268033,0.0,0.0,0.5215,optimal
2021-02-13 13:00:00,10,91,2.2857142857142856,0.0,0.0,1.8339333333333327,optimal
2021-02-13 13:30:00,10,91,2.2857142857142856,0.0,0.0,0.21206666666666663,optimal
2021-02-13 14:00:00,10,91,2.2857142857142856,0.0,0.0,0.26526666666666665,optimal
2021-02-13 14:30:00,10,91,2.2857142857142856,0.0,0.0,0.068,optimal
2021-02-13 15:00:00,10,91,2.2857142857142856,0.0,0.0,0.2718666666666667,optimal
2021-02-13 15:30:00,10,91,2.2857142857142856,0.0,0.0,0.21203333333333332,optimal
2021-02-13 16:00:00,10,91,0.0,0.0,0.0,0.121,optimal
2021-02-13 16:30:00,10,91,0.0,0.0,0.0,0.24646666666666667,optimal
2021-02-13 17:00:00,10,91,0.0,0.0,0.0,0.066,optimal
2021-02-13 17:30:00,10,91,0.0,0.0,0.0,0.2685,optimal
2021-02-13 18:00:00,10,91,0.0,0.0,0.0,0.207,optimal
2021-02-13 18:30:00,10,91,0.0,0.0,0.0,0.13019999999999998,optimal
2021-02-13 19:00:00,10,91,0.0,0.0,0.0,0.23246666666666665,optimal
2021-02-13 19:30:00,10,91,0.37286963889511204,0.0,0.0,0.068,optimal
2021-02-13 20:00:00,10,91,1.351924403485289,0.0,0.0,0.21906666666666663,optimal
2021-02-13 20:30:00,10,91,0.0,0.0,0.0,0.1142,optimal
2021-02-13 21:00:00,10,91,0.0,0.0,0.0,0.17293333333333333,optimal
2021-02-13 21:30:00,10,91,0.0,0.0,0.0,0.14353333333333332,optimal
2021-02-13 22:00:00,10,91,0.11942857142857143,0.0,0.0,0.1429,optimal
2021-02-13 22:30:00,10,91,0.0,0.0,0.0,0.3597333333333333,optimal
2021-02-13 23:00:00,10,91,0.0,0.0,0.0,0.13286666666666666,optimal
2021-02-13 23:30:00,10,91,0.0,0.0,0.0,0.1598,optimal
2021-02-07 00:00:00,11,91,0.0,0.0,0.0,0.063,optimal
2021-02-07 00:30:00,11,91,0.0,0.0,0.0,0.063,optimal
2021-02-07 01:00:00,11,91,0.0,0.0,0.0,0.1842666666666667,optimal
2021-02-07 01:30:00,11,91,0.0,0.0,0.0,0.09866666666666668,optimal
2021-02-07 02:00:00,11,91,0.0,0.0,0.0,0.063,optimal
2021-02-07 02:30:00,11,91,0.0,0.0,0.0,0.21993333333333331,optimal
2021-02-07 03:00:00,11,91,0.0,0.0,0.0,0.063,optimal
2021-02-07 03:30:00,11,91,0.0,0.0,0.0,0.1557333333333333,optimal
2021-02-07 04:00:00,11,91,2.2857142857142856,0.0,0.0,0.1272,optimal
2021-02-07 04:30:00,11,91,2.2857142857142856,0.0,0.0,0.063,optimal
2021-02-07 05:00:00,11,91,2.2857142857142856,0.0,0.0,0.063,optimal
2021-02-07 05:30:00,11,91,2.2857142857142856,0.0,0.0,0.21993333333333331,optimal
2021-02-07 06:00:00,11,91,2.2857142857142856,0.0,0.0,0.061,optimal
2021-02-07 06:30:00,11,91,2.2857142857142856,0.0,0.0,0.22326666666666667,optimal
2021-02-07 07:00:00,11,91,2.2857142857142856,0.0,2.623502212245243,0.2383,optimal
2021-02-07 07:30:00,11,91,0.0,0.0,0.0,0.19966666666666663,optimal
2021-02-07 08:00:00,11,91,0.0,0.0,0.0,0.8063333333333333,optimal
2021-02-07 08:30:00,11,91,0.0,0.0,0.0,1.3116333333333334,optimal
2021-02-07 09:00:00,11,91,0.4109446723503069,0.0,0.0,0.46113333333333334,optimal
2021-02-07 09:30:00,11,91,0.9201138395226153,0.0,0.0,0.339,optimal
2021-02-07 10:00:00,11,91,0.8110626324837623,0.0,0.0,0.47603333333333336,optimal
2021-02-07 10:30:00,11,91,0.9014463287609258,0.0,0.0,0.289,optimal
2021-02-07 11:00:00,11,91,0.7226021135315407,0.0,0.0,0.42686666666666667,optimal
2021-02-07 11:30:00,11,91,0.7003544944839348,0.0,0.0,0.3634,optimal
2021-02-07 12:00:00,11,91,0.647874984719874,0.0,0.0,0.41223333333333334,optimal
2021-02-07 12:30:00,11,91,0.5230111751960619,0.0,0.0,1.8825,optimal
2021-02-07 13:00:00,11,91,2.2857142857142856,0.0,0.0,1.6960333333333333,optimal
2021-02-07 13:30:00,11,91,2.2857142857142856,0.0,0.0,1.4720333333333333,optimal
2021-02-07 14:00:00,11,91,2.2857142857142856,0.0,0.0,0.31126666666666664,optimal
2021-02-07 14:30:00,11,91,2.2857142857142856,0.0,0.0,0.1889,optimal
2021-02-07 15:00:00,11,91,2.2857142857142856,0.0,0.0,0.073,optimal
2021-02-07 15:30:00,11,91,2.2857142857142856,0.0,0.0,0.18713333333333332,optimal
2021-02-07 16:00:00,11,91,0.0,0.0,0.0,0.1158,optimal
2021-02-07 16:30:00,11,91,0.0,0.0,0.0,0.073,optimal
2021-02-07 17:00:00,11,91,0.0,0.0,0.0,0.1586,optimal
2021-02-07 17:30:00,11,91,0.0,0.0,0.0,0.187,optimal
2021-02-07 18:00:00,11,91,0.0,0.0,0.0,0.207,optimal
2021-02-07 18:30:00,11,91,0.0,0.0,0.0,0.17753333333333332,optimal
2021-02-07 19:00:00,11,91,0.0,0.0,0.0,0.2549666666666667,optimal
2021-02-07 19:30:00,11,91,0.44924820951764877,0.0,0.0,0.34213333333333334,optimal
2021-02-07 20:00:00,11,91,1.0043687996734108,0.0,0.0,0.202,optimal
2021-02-07 20:30:00,11,91,0.0,0.0,0.0,1.9136,optimal
2021-02-07 21:00:00,11,91,0.0,0.0,0.0,0.3133333333333333,optimal
2021-02-07 21:30:00,11,91,0.0,0.0,0.0,0.4864666666666666,optimal
2021-02-07 22:00:00,11,91,0.597142857142857,0.0,0.0,0.2473333333333333,optimal
2021-02-07 22:30:00,11,91,0.0,0.0,0.0,0.346,optimal
2021-02-07 23:00:00,11,91,0.0,0.0,0.0,0.42960000000000004,optimal
2021-02-07 23:30:00,11,91,0.0,0.0,0.0,0.073,optimal
2021-02-08 00:00:00,11,91,0.0,0.0,0.0,0.06633333333333333,optimal
2021-02-08 00:30:00,11,91,2.013714285714286,0.0,0.0,0.06766666666666667,optimal
2021-02-08 01:00:00,11,91,2.2857142857142856,0.0,0.0,0.15693333333333334,optimal
2021-02-08 01:30:00,11,91,0.0,0.0,0.0,0.072,optimal
2021-02-08 02:00:00,11,91,0.0,0.0,0.0,0.072,optimal
2021-02-08 02:30:00,11,91,0.0811088974419251,0.0,0.0,0.15693333333333334,optimal
2021-02-08 03:00:00,11,91,2.2857142857142856,0.0,0.0,0.072,optimal
2021-02-08 03:30:00,11,91,2.2857142857142856,0.0,0.0,0.072,optimal
2021-02-08 04:00:00,11,91,2.2857142857142856,0.0,0.0,0.15693333333333334,optimal
2021-02-08 04:30:00,11,91,2.2857142857142856,0.0,0.0,2.1886666666666663,optimal
2021-02-08 05:00:00,11,91,2.2857142857142856,0.0,0.0,0.15493333333333334,optimal
2021-02-08 05:30:00,11,91,2.2857142857142856,0.0,8.318676972637006,0.1346,optimal
2021-02-08 06:00:00,11,91,2.2857142857142856,0.0,10.0,0.0732,optimal
2021-02-08 06:30:00,11,91,2.2857142857142856,0.0,0.0,2.2856,optimal
2021-02-08 07:00:00,11,91,2.2857142857142856,0.0,0.0,1.8267,optimal
2021-02-08 07:30:00,11,91,2.2857142857142856,0.0,0.0,1.4491333333333334,optimal
2021-02-08 08:00:00,11,91,1.0152271958208723,0.0,0.0,1.4640666666666666,optimal
2021-02-08 08:30:00,11,91,1.2060261301932806,0.0,0.0,0.07673333333333333,optimal
2021-02-08 09:00:00,11,91,1.1763615472156768,0.0,0.0,0.072,optimal
2021-02-08 09:30:00,11,91,1.1201526694666093,0.0,0.0,0.18366666666666662,optimal
2021-02-08 10:00:00,11,91,0.7706480819235618,0.0,0.0,2.3304666666666667,optimal
2021-02-08 10:30:00,11,91,1.3459293406250306,0.0,0.0,1.6446666666666667,optimal
2021-02-08 11:00:00,11,91,0.7579924189602453,0.0,0.0,0.9969333333333331,optimal
2021-02-08 11:30:00,11,91,0.5613572941116488,0.0,0.0,0.2074,optimal
2021-02-08 12:00:00,11,91,0.31456426253337866,0.0,0.0,0.7840333333333332,optimal
2021-02-08 12:30:00,11,91,0.22462544140763166,0.0,0.0,3.420233333333333,optimal
2021-02-08 13:00:00,11,91,0.6863373333923094,0.0,0.0,1.796,optimal
2021-02-08 13:30:00,11,91,2.285714285714285,0.0,0.0,0.3489333333333333,optimal
2021-02-08 14:00:00,11,91,2.2857142857142856,0.0,0.0,0.4728,optimal
2021-02-08 14:30:00,11,91,2.2857142857142856,0.0,0.0,0.22806666666666664,optimal
2021-02-08 15:00:00,11,91,2.2857142857142856,0.0,0.0,0.32430000000000003,optimal
2021-02-08 15:30:00,11,91,2.2857142857142856,0.0,0.0,0.5851000000000001,optimal
2021-02-08 16:00:00,11,91,0.0,0.0,0.0,1.7394666666666667,optimal
2021-02-08 16:30:00,11,91,0.0,0.0,0.0,0.22363333333333332,optimal
2021-02-08 17:00:00,11,91,0.0,0.0,0.0,2.388,optimal
2021-02-08 17:30:00,11,91,0.0,0.0,0.0,0.2038,optimal
2021-02-08 18:00:00,11,91,0.0,0.0,0.0,3.9002,optimal
2021-02-08 18:30:00,11,91,0.0,0.0,0.0,1.4900666666666667,optimal
2021-02-08 19:00:00,11,91,0.0,0.0,0.0,0.2443333333333333,optimal
2021-02-08 19:30:00,11,91,0.0,0.0,0.0,0.266,optimal
2021-02-08 20:00:00,11,91,0.0,0.0,0.0,0.196,optimal
2021-02-08 20:30:00,11,91,0.0,0.0,0.0,0.7527999999999999,optimal
2021-02-08 21:00:00,11,91,0.0,0.0,0.0,1.8634000000000002,optimal
2021-02-08 21:30:00,11,91,0.0,0.0,0.0,0.33693333333333336,optimal
2021-02-08 22:00:00,11,91,0.0796190476190476,0.0,0.0,0.5204333333333333,optimal
2021-02-08 22:30:00,11,91,0.0,0.0,0.0,0.3502,optimal
2021-02-08 23:00:00,11,91,0.0,0.0,0.0,0.40176666666666666,optimal
2021-02-08 23:30:00,11,91,0.0,0.0,0.0,0.5189333333333332,optimal
2021-02-09 00:00:00,11,91,0.0,0.0,0.0,0.06363333333333333,optimal
2021-02-09 00:30:00,11,91,0.9753333333333332,0.0,0.0,0.1763,optimal
2021-02-09 01:00:00,11,91,0.0,0.0,0.0,0.058,optimal
2021-02-09 01:30:00,11,91,0.0,0.0,0.0,0.182,optimal
2021-02-09 02:00:00,11,91,0.0,0.0,0.0,0.11433333333333331,optimal
2021-02-09 02:30:00,11,91,1.7412211427641184,0.0,0.0,0.1144,optimal
2021-02-09 03:00:00,11,91,2.2857142857142856,0.0,0.0,0.1819333333333333,optimal
2021-02-09 03:30:00,11,91,2.2857142857142856,0.0,0.0,0.09559999999999999,optimal
2021-02-09 04:00:00,11,91,2.2857142857142856,0.0,0.0,0.13313333333333333,optimal
2021-02-09 04:30:00,11,91,2.2857142857142856,0.0,0.0,0.14126666666666668,optimal
2021-02-09 05:00:00,11,91,2.2857142857142856,0.0,0.0,0.09873333333333333,optimal
2021-02-09 05:30:00,11,91,2.2857142857142856,0.0,0.0,0.1819333333333333,optimal
2021-02-09 06:00:00,11,91,2.2857142857142856,0.0,2.1514609064948482,0.09246666666666668,optimal
2021-02-09 06:30:00,11,91,2.2857142857142856,0.0,10.0,0.12326666666666668,optimal
2021-02-09 07:00:00,11,91,2.2857142857142856,0.0,10.0,0.858,optimal
2021-02-09 07:30:00,11,91,2.2857142857142856,0.0,0.0,0.8616,optimal
2021-02-09 08:00:00,11,91,1.35206712898203,0.0,0.0,0.10373333333333332,optimal
2021-02-09 08:30:00,11,91,1.2691344417091344,0.0,0.0,0.2816,optimal
2021-02-09 09:00:00,11,91,1.0737561154398543,0.0,0.0,0.14673333333333333,optimal
2021-02-09 09:30:00,11,91,0.7439545504178889,0.0,0.0,1.5245666666666666,optimal
2021-02-09 10:00:00,11,91,0.585747619751016,0.0,0.0,1.2264000000000002,optimal
2021-02-09 10:30:00,11,91,0.526693140962865,0.0,0.0,2.127266666666667,optimal
2021-02-09 11:00:00,11,91,0.2476482328975047,0.0,0.0,2.743833333333333,optimal
2021-02-09 11:30:00,11,91,0.6114897180922673,0.0,0.0,0.48003333333333337,optimal
2021-02-09 12:00:00,11,91,0.37044586601816437,0.0,0.0,1.0080666666666669,optimal
2021-02-09 12:30:00,11,91,0.2021977141567335,0.0,0.0,3.3066666666666666,optimal
2021-02-09 13:00:00,11,91,2.037613700673456,0.0,0.0,1.8854333333333326,optimal
2021-02-09 13:30:00,11,91,2.285714285714285,0.0,0.0,1.8178333333333332,optimal
2021-02-09 14:00:00,11,91,2.2857142857142856,0.0,0.0,2.726033333333333,optimal
2021-02-09 14:30:00,11,91,2.2857142857142856,0.0,0.0,1.0675999999999999,optimal
2021-02-09 15:00:00,11,91,2.2857142857142856,0.0,0.0,0.13626666666666667,optimal
2021-02-09 15:30:00,11,91,2.2857142857142856,0.0,0.0,0.18936666666666668,optimal
2021-02-09 16:00:00,11,91,0.0,0.0,0.0,0.1827666666666667,optimal
2021-02-09 16:30:00,11,91,0.0,0.0,0.0,2.012033333333333,optimal
2021-02-09 17:00:00,11,91,0.0,0.0,0.0,2.790833333333333,optimal
2021-02-09 17:30:00,11,91,0.0,0.0,0.0,0.8980666666666667,optimal
2021-02-09 18:00:00,11,91,0.0,0.0,0.0,0.5193,optimal
2021-02-09 18:30:00,11,91,0.0,0.0,0.0,0.2243,optimal
2021-02-09 19:00:00,11,91,0.0,0.0,0.0,0.19683333333333328,optimal
2021-02-09 19:30:00,11,91,0.0,0.0,0.0,0.2299333333333333,optimal
2021-02-09 20:00:00,11,91,0.0,0.0,0.0,0.4492,optimal
2021-02-09 20:30:00,11,91,0.0,0.0,0.0,0.3330666666666667,optimal
2021-02-09 21:00:00,11,91,0.0,0.0,0.0,0.2243,optimal
2021-02-09 21:30:00,11,91,0.0,0.0,0.0,0.2941666666666667,optimal
2021-02-09 22:00:00,11,91,0.0,0.0,0.0,0.29960000000000003,optimal
2021-02-09 22:30:00,11,91,0.0,0.0,0.0,0.1633666666666667,optimal
2021-02-09 23:00:00,11,91,0.0,0.0,0.0,0.09620000000000001,optimal
2021-02-09 23:30:00,11,91,0.0,0.0,0.0,0.09620000000000001,optimal
2021-02-10 00:00:00,11,91,0.0,0.0,0.0,0.06,optimal
2021-02-10 00:30:00,11,91,2.2857142857142856,0.0,0.0,0.2591666666666667,optimal
2021-02-10 01:00:00,11,91,0.0,0.0,0.0,0.21066666666666664,optimal
2021-02-10 01:30:00,11,91,0.0,0.0,0.0,0.062,optimal
2021-02-10 02:00:00,11,91,0.7415388537914086,0.0,0.0,0.2636,optimal
2021-02-10 02:30:00,11,91,2.2857142857142856,0.0,0.0,0.0912,optimal
2021-02-10 03:00:00,11,91,2.2857142857142856,0.0,0.0,0.2159,optimal
2021-02-10 03:30:00,11,91,2.2857142857142856,0.0,0.0,0.1389,optimal
2021-02-10 04:00:00,11,91,2.2857142857142856,0.0,0.0,0.13219999999999998,optimal
2021-02-10 04:30:00,11,91,2.2857142857142856,0.0,0.0,0.17880000000000001,optimal
2021-02-10 05:00:00,11,91,2.2857142857142856,0.0,0.0,0.14043333333333333,optimal
2021-02-10 05:30:00,11,91,2.2857142857142856,0.0,0.0,0.1441,optimal
2021-02-10 06:00:00,11,91,2.2857142857142856,0.0,0.0,0.2305,optimal
2021-02-10 06:30:00,11,91,2.2857142857142856,0.0,4.106219212973485,0.959,optimal
2021-02-10 07:00:00,11,91,2.2857142857142856,0.0,10.0,1.508233333333333,optimal
2021-02-10 07:30:00,11,91,2.2857142857142856,0.0,0.0,0.7980666666666667,optimal
2021-02-10 08:00:00,11,91,1.2330318056484304,0.0,0.0,0.08873333333333333,optimal
2021-02-10 08:30:00,11,91,1.5958006035703132,0.0,0.0,1.0490666666666666,optimal
2021-02-10 09:00:00,11,91,1.0032497785090209,0.0,0.0,0.31803333333333333,optimal
2021-02-10 09:30:00,11,91,0.9639300050023178,0.0,0.0,0.24656666666666663,optimal
2021-02-10 10:00:00,11,91,0.7935343236394939,0.0,0.0,0.31956666666666667,optimal
2021-02-10 10:30:00,11,91,0.8215825887475492,0.0,0.0,0.199,optimal
2021-02-10 11:00:00,11,91,0.5186499955863334,0.0,0.0,0.3033333333333333,optimal
2021-02-10 11:30:00,11,91,0.6512282040710758,0.0,0.0,0.35960000000000003,optimal
2021-02-10 12:00:00,11,91,0.50252682721732,0.0,0.0,0.231,optimal
2021-02-10 12:30:00,11,91,0.3346411129316135,0.0,0.0,0.2166,optimal
2021-02-10 13:00:00,11,91,0.32388929778961767,0.0,0.0,0.39089999999999997,optimal
2021-02-10 13:30:00,11,91,2.0635365366970206,0.0,0.0,1.2880999999999998,optimal
2021-02-10 14:00:00,11,91,2.2857142857142856,0.0,0.0,0.7277666666666667,optimal
2021-02-10 14:30:00,11,91,2.2857142857142856,0.0,0.0,1.452766666666667,optimal
2021-02-10 15:00:00,11,91,2.2857142857142856,0.0,0.0,0.6311666666666667,optimal
2021-02-10 15:30:00,11,91,2.2857142857142856,0.0,0.0,0.2863,optimal
2021-02-10 16:00:00,11,91,0.0,0.0,0.0,0.32456666666666667,optimal
2021-02-10 16:30:00,11,91,0.0,0.0,0.0,0.7257,optimal
2021-02-10 17:00:00,11,91,0.0,0.0,0.0,0.6356333333333333,optimal
2021-02-10 17:30:00,11,91,0.0,0.0,0.0,0.37760000000000005,optimal
2021-02-10 18:00:00,11,91,0.0,0.0,0.0,0.5412,optimal
2021-02-10 18:30:00,11,91,0.0,0.0,0.0,0.2896,optimal
2021-02-10 19:00:00,11,91,0.0,0.0,0.0,0.3368,optimal
2021-02-10 19:30:00,11,91,0.0,0.0,0.0,0.45553333333333335,optimal
2021-02-10 20:00:00,11,91,0.0,0.0,0.0,1.8711333333333326,optimal
2021-02-10 20:30:00,11,91,0.0,0.0,0.0,0.26496666666666663,optimal
2021-02-10 21:00:00,11,91,0.0,0.0,0.0,0.13090000000000002,optimal
2021-02-10 21:30:00,11,91,0.0,0.0,0.0,0.2972333333333333,optimal
2021-02-10 22:00:00,11,91,0.23885714285714285,0.0,0.0,0.5390666666666667,optimal
2021-02-10 22:30:00,11,91,0.0,0.0,0.0,0.24076666666666668,optimal
2021-02-10 23:00:00,11,91,0.0,0.0,0.0,0.3603,optimal
2021-02-10 23:30:00,11,91,0.0,0.0,0.0,0.31089999999999995,optimal
2021-02-11 00:00:00,11,91,1.592380952380952,0.0,0.0,0.15569999999999998,optimal
2021-02-11 00:30:00,11,91,1.1942857142857142,0.0,0.0,0.12033333333333332,optimal
2021-02-11 01:00:00,11,91,1.0384922765434608,0.0,0.0,0.0953,optimal
2021-02-11 01:30:00,11,91,2.2857142857142856,0.0,0.0,0.08113333333333334,optimal
2021-02-11 02:00:00,11,91,2.2857142857142856,0.0,0.0,0.07466666666666667,optimal
2021-02-11 02:30:00,11,91,2.2857142857142856,0.0,0.0,0.071,optimal
2021-02-11 03:00:00,11,91,2.2857142857142856,0.0,0.0,0.071,optimal
2021-02-11 03:30:00,11,91,2.2857142857142856,0.0,0.0,0.071,optimal
2021-02-11 04:00:00,11,91,2.2857142857142856,0.0,0.0,0.071,optimal
2021-02-11 04:30:00,11,91,2.2857142857142856,0.0,0.0,0.071,optimal
2021-02-11 05:00:00,11,91,2.2857142857142856,0.0,0.0,0.071,optimal
2021-02-11 05:30:00,11,91,2.2857142857142856,0.0,0.0,0.071,optimal
2021-02-11 06:00:00,11,91,2.2857142857142856,0.0,0.0,0.071,optimal
2021-02-11 06:30:00,11,91,2.2857142857142856,0.0,0.0,0.071,optimal
2021-02-11 07:00:00,11,91,2.2857142857142856,0.0,8.876936604601141,0.9662666666666667,optimal
2021-02-11 07:30:00,11,91,2.2857142857142856,0.0,0.0,1.1316333333333335,optimal
2021-02-11 08:00:00,11,91,1.3433927656066142,0.0,0.0,0.311,optimal
2021-02-11 08:30:00,11,91,1.3602206909747436,0.0,0.0,0.2163333333333333,optimal
2021-02-11 09:00:00,11,91,1.1239875411891151,0.0,0.0,0.9389,optimal
2021-02-11 09:30:00,11,91,1.0381317907111445,0.0,0.0,1.1084333333333334,optimal
2021-02-11 10:00:00,11,91,0.823715540158391,0.0,0.0,0.071,optimal
2021-02-11 10:30:00,11,91,0.8649320035356804,0.0,0.0,0.071,optimal
2021-02-11 11:00:00,11,91,0.663491889581073,0.0,0.0,0.071,optimal
2021-02-11 11:30:00,11,91,0.6119713103594897,0.0,0.0,0.071,optimal
2021-02-11 12:00:00,11,91,0.3735772750317482,0.0,0.0,0.071,optimal
2021-02-11 12:30:00,11,91,0.3289261063730427,0.0,0.0,0.071,optimal
2021-02-11 13:00:00,11,91,2.2857142857142856,0.0,0.0,0.071,optimal
2021-02-11 13:30:00,11,91,2.2857142857142856,0.0,0.0,1.5015333333333334,optimal
2021-02-11 14:00:00,11,91,2.2857142857142856,0.0,0.0,0.6641666666666667,optimal
2021-02-11 14:30:00,11,91,2.2857142857142856,0.0,0.0,0.37056666666666666,optimal
2021-02-11 15:00:00,11,91,2.2857142857142856,0.0,0.0,0.071,optimal
2021-02-11 15:30:00,11,91,2.2857142857142856,0.0,0.0,0.071,optimal
2021-02-11 16:00:00,11,91,0.0,0.0,0.0,0.071,optimal
2021-02-11 16:30:00,11,91,0.0,0.0,0.0,0.071,optimal
2021-02-11 17:00:00,11,91,0.0,0.0,0.0,0.071,optimal
2021-02-11 17:30:00,11,91,0.0,0.0,0.0,0.071,optimal
2021-02-11 18:00:00,11,91,0.0,0.0,0.0,0.071,optimal
2021-02-11 18:30:00,11,91,0.0,0.0,0.0,0.071,optimal
2021-02-11 19:00:00,11,91,0.0,0.0,0.0,0.071,optimal
2021-02-11 19:30:00,11,91,1.445379651360818,0.0,0.0,0.071,optimal
2021-02-11 20:00:00,11,91,1.8203611917170783,0.0,0.0,0.071,optimal
2021-02-11 20:30:00,11,91,0.0,0.0,0.0,0.071,optimal
2021-02-11 21:00:00,11,91,0.0,0.0,0.0,0.835,optimal
2021-02-11 21:30:00,11,91,0.0,0.0,0.0,1.4843333333333333,optimal
2021-02-11 22:00:00,11,91,0.0,0.0,0.0,0.28253333333333336,optimal
2021-02-11 22:30:00,11,91,0.0,0.0,0.0,0.1038,optimal
2021-02-11 23:00:00,11,91,0.0,0.0,0.0,0.071,optimal
2021-02-11 23:30:00,11,91,0.0,0.0,0.0,0.071,optimal
2021-02-12 00:00:00,11,91,0.8757842051431878,0.0,0.0,0.06,optimal
2021-02-12 00:30:00,11,91,2.2857142857142856,0.0,0.0,0.162,optimal
2021-02-12 01:00:00,11,91,2.2857142857142856,0.0,0.0,0.06,optimal
2021-02-12 01:30:00,11,91,2.2857142857142856,0.0,0.0,0.1212,optimal
2021-02-12 02:00:00,11,91,2.2857142857142856,0.0,0.0,0.1008,optimal
2021-02-12 02:30:00,11,91,2.2857142857142856,0.0,0.0,0.10590000000000001,optimal
2021-02-12 03:00:00,11,91,2.2857142857142856,0.0,0.0,0.1161,optimal
2021-02-12 03:30:00,11,91,2.2857142857142856,0.0,0.0,0.06,optimal
2021-02-12 04:00:00,11,91,2.2857142857142856,0.0,0.0,0.1008,optimal
2021-02-12 04:30:00,11,91,2.2857142857142856,0.0,0.0,0.1212,optimal
2021-02-12 05:00:00,11,91,2.2857142857142856,0.0,0.0,0.06,optimal
2021-02-12 05:30:00,11,91,2.2857142857142856,0.0,0.0,0.10590000000000001,optimal
2021-02-12 06:00:00,11,91,2.2857142857142856,0.0,0.0,0.1161,optimal
2021-02-12 06:30:00,11,91,2.2857142857142856,0.0,7.271003069674039,0.06,optimal
2021-02-12 07:00:00,11,91,2.2857142857142856,0.0,10.0,0.167,optimal
2021-02-12 07:30:00,11,91,2.2857142857142856,0.0,0.0,0.06733333333333333,optimal
2021-02-12 08:00:00,11,91,2.146061882837359,0.0,0.0,1.8925,optimal
2021-02-12 08:30:00,11,91,1.4686330849154976,0.0,0.0,0.2601666666666667,optimal
2021-02-12 09:00:00,11,91,1.2513399209280482,0.0,0.0,0.1989,optimal
2021-02-12 09:30:00,11,91,1.0707557456875771,0.0,0.0,0.2455,optimal
2021-02-12 10:00:00,11,91,0.699553842672163,0.0,0.0,0.10336666666666666,optimal
2021-02-12 10:30:00,11,91,0.5002914385158864,0.0,0.0,1.546733333333333,optimal
2021-02-12 11:00:00,11,91,0.17252351785093037,0.0,0.0,4.114366666666667,optimal
2021-02-12 11:30:00,11,91,0.18902024114091304,0.0,0.0,3.1780666666666666,optimal
2021-02-12 12:00:00,11,91,0.08801063713642976,0.0,0.0,3.9246999999999996,optimal
2021-02-12 12:30:00,11,91,0.36306926518832183,0.0,0.0,0.23106666666666664,optimal
2021-02-12 13:00:00,11,91,2.2857142857142856,0.0,0.0,0.26480000000000004,optimal
2021-02-12 13:30:00,11,91,2.2857142857142856,0.0,0.0,0.22153333333333333,optimal
2021-02-12 14:00:00,11,91,2.2857142857142856,0.0,0.0,0.16033333333333336,optimal
2021-02-12 14:30:00,11,91,2.2857142857142856,0.0,0.0,2.5038666666666667,optimal
2021-02-12 15:00:00,11,91,2.2857142857142856,0.0,0.0,1.9315333333333333,optimal
2021-02-12 15:30:00,11,91,2.2857142857142856,0.0,0.0,0.1363,optimal
2021-02-12 16:00:00,11,91,0.0,0.0,0.0,2.435333333333333,optimal
2021-02-12 16:30:00,11,91,0.0,0.0,0.0,0.1264,optimal
2021-02-12 17:00:00,11,91,0.0,0.0,0.0,0.14696666666666666,optimal
2021-02-12 17:30:00,11,91,0.0,0.0,0.0,0.171,optimal
2021-02-12 18:00:00,11,91,0.0,0.0,0.0,0.6851,optimal
2021-02-12 18:30:00,11,91,0.0,0.0,0.0,1.8188333333333333,optimal
2021-02-12 19:00:00,11,91,0.0,0.0,0.0,2.071466666666667,optimal
2021-02-12 19:30:00,11,91,0.0,0.0,0.0,2.3209333333333335,optimal
2021-02-12 20:00:00,11,91,0.7692572564533993,0.0,0.0,0.3253333333333333,optimal
2021-02-12 20:30:00,11,91,0.0,0.0,0.0,0.38703333333333334,optimal
2021-02-12 21:00:00,11,91,0.0,0.0,0.0,0.9966333333333333,optimal
2021-02-12 21:30:00,11,91,0.0,0.0,0.0,1.6911333333333334,optimal
2021-02-12 22:00:00,11,91,0.9952380952380953,0.0,0.0,0.19966666666666663,optimal
2021-02-12 22:30:00,11,91,0.0,0.0,0.0,0.286,optimal
2021-02-12 23:00:00,11,91,0.0,0.0,0.0,1.1938333333333333,optimal
2021-02-12 23:30:00,11,91,0.0,0.0,0.0,3.2360333333333333,optimal
2021-02-13 00:00:00,11,91,0.0,0.0,0.0,0.05,optimal
2021-02-13 00:30:00,11,91,0.8160952380952382,0.0,0.0,0.1142,optimal
2021-02-13 01:00:00,11,91,0.0,0.0,0.0,0.05,optimal
2021-02-13 01:30:00,11,91,0.0,0.0,0.0,0.158,optimal
2021-02-13 02:00:00,11,91,1.9115774206921547,0.0,0.0,0.05356666666666667,optimal
2021-02-13 02:30:00,11,91,2.2857142857142856,0.0,0.0,0.11063333333333333,optimal
2021-02-13 03:00:00,11,91,2.2857142857142856,0.0,0.0,0.158,optimal
2021-02-13 03:30:00,11,91,2.2857142857142856,0.0,0.0,0.05,optimal
2021-02-13 04:00:00,11,91,2.2857142857142856,0.0,0.0,0.20436666666666667,optimal
2021-02-13 04:30:00,11,91,2.2857142857142856,0.0,0.0,0.06783333333333333,optimal
2021-02-13 05:00:00,11,91,2.2857142857142856,0.0,0.0,0.1414,optimal
2021-02-13 05:30:00,11,91,2.2857142857142856,0.0,0.0,0.1308,optimal
2021-02-13 06:00:00,11,91,2.2857142857142856,0.0,8.752641499531267,0.16493333333333335,optimal
2021-02-13 06:30:00,11,91,2.2857142857142856,0.0,0.0,0.7909333333333333,optimal
2021-02-13 07:00:00,11,91,2.2857142857142856,0.0,0.0,2.848866666666667,optimal
2021-02-13 07:30:00,11,91,2.2857142857142856,0.0,0.0,0.3963,optimal
2021-02-13 08:00:00,11,91,1.2980904282892056,0.0,0.0,0.228,optimal
2021-02-13 08:30:00,11,91,1.270446199198248,0.0,0.0,0.2812,optimal
2021-02-13 09:00:00,11,91,1.0295494475597429,0.0,0.0,2.5175666666666667,optimal
2021-02-13 09:30:00,11,91,1.0591283021049451,0.0,0.0,0.2752,optimal
2021-02-13 10:00:00,11,91,0.9138857513927882,0.0,0.0,0.158,optimal
2021-02-13 10:30:00,11,91,0.9756891413494306,0.0,0.0,0.09,optimal
2021-02-13 11:00:00,11,91,0.6730636766872247,0.0,0.0,0.07853333333333333,optimal
2021-02-13 11:30:00,11,91,0.6696289714057857,0.0,0.0,0.07853333333333333,optimal
2021-02-13 12:00:00,11,91,0.5337190184753857,0.0,0.0,0.11266666666666668,optimal
2021-02-13 12:30:00,11,91,0.5216115126744093,0.0,0.0,0.131,optimal
2021-02-13 13:00:00,11,91,2.2857142857142856,0.0,0.0,0.10706666666666666,optimal
2021-02-13 13:30:00,11,91,2.2857142857142856,0.0,0.0,0.16513333333333333,optimal
2021-02-13 14:00:00,11,91,2.2857142857142856,0.0,0.0,0.055666666666666656,optimal
2021-02-13 14:30:00,11,91,2.2857142857142856,0.0,0.0,0.07216666666666667,optimal
2021-02-13 15:00:00,11,91,2.2857142857142856,0.0,0.0,0.17196666666666666,optimal
2021-02-13 15:30:00,11,91,2.2857142857142856,0.0,0.0,0.5180666666666667,optimal
2021-02-13 16:00:00,11,91,0.0,0.0,0.0,2.144366666666667,optimal
2021-02-13 16:30:00,11,91,0.0,0.0,0.0,2.3885666666666667,optimal
2021-02-13 17:00:00,11,91,0.0,0.0,0.0,2.2826999999999997,optimal
2021-02-13 17:30:00,11,91,0.0,0.0,0.0,0.18813333333333332,optimal
2021-02-13 18:00:00,11,91,0.0,0.0,0.0,0.16196666666666668,optimal
2021-02-13 18:30:00,11,91,0.0,0.0,0.0,0.13163333333333332,optimal
2021-02-13 19:00:00,11,91,0.0,0.0,0.0,0.19026666666666667,optimal
2021-02-13 19:30:00,11,91,0.4731182794262494,0.0,0.0,0.10993333333333334,optimal
2021-02-13 20:00:00,11,91,1.3671720225329123,0.0,0.0,0.168,optimal
2021-02-13 20:30:00,11,91,0.0,0.0,0.0,0.06,optimal
2021-02-13 21:00:00,11,91,0.0,0.0,0.0,0.2886,optimal
2021-02-13 21:30:00,11,91,0.0,0.0,0.0,0.2129,optimal
2021-02-13 22:00:00,11,91,1.2938095238095235,0.0,0.0,3.1673,optimal
2021-02-13 22:30:00,11,91,0.0,0.0,0.0,3.4763,optimal
2021-02-13 23:00:00,11,91,0.0,0.0,0.0,0.4699,optimal
2021-02-13 23:30:00,11,91,0.0,0.0,0.0,3.366,optimal
2021-02-07 00:00:00,12,91,0.0,0.0,0.0,0.143,optimal
2021-02-07 00:30:00,12,91,0.0,0.0,0.0,0.045,optimal
2021-02-07 01:00:00,12,91,0.0,0.0,0.0,0.12830000000000003,optimal
2021-02-07 01:30:00,12,91,0.0,0.0,0.0,0.0597,optimal
2021-02-07 02:00:00,12,91,0.0,0.0,0.0,0.0499,optimal
2021-02-07 02:30:00,12,91,0.0,0.0,0.0,0.1381,optimal
2021-02-07 03:00:00,12,91,0.0,0.0,0.0,0.0499,optimal
2021-02-07 03:30:00,12,91,0.0,0.0,0.0,0.1381,optimal
2021-02-07 04:00:00,12,91,2.2857142857142856,0.0,0.0,0.045,optimal
2021-02-07 04:30:00,12,91,2.2857142857142856,0.0,0.0,0.14266666666666666,optimal
2021-02-07 05:00:00,12,91,2.2857142857142856,0.0,1.1060376930150764,0.3416,optimal
2021-02-07 05:30:00,12,91,2.2857142857142856,0.0,0.0,1.8479,optimal
2021-02-07 06:00:00,12,91,2.2857142857142856,0.0,0.0,0.7573,optimal
2021-02-07 06:30:00,12,91,2.2857142857142856,0.0,0.0,1.8805,optimal
2021-02-07 07:00:00,12,91,2.2857142857142856,0.0,0.0,0.5862999999999999,optimal
2021-02-07 07:30:00,12,91,0.0,0.0,0.0,0.8847,optimal
2021-02-07 08:00:00,12,91,0.0,0.0,0.0,1.4793,optimal
2021-02-07 08:30:00,12,91,0.0,0.0,0.0,0.4139,optimal
2021-02-07 09:00:00,12,91,0.0,0.0,0.0,0.8844,optimal
2021-02-07 09:30:00,12,91,0.13606665691029074,0.0,0.0,0.045,optimal
2021-02-07 10:00:00,12,91,1.0409769181980328,0.0,0.0,0.1185,optimal
2021-02-07 10:30:00,12,91,0.9249777573323418,0.0,0.0,1.7045333333333332,optimal
2021-02-07 11:00:00,12,91,0.7528878278172614,0.0,0.0,0.5347000000000001,optimal
2021-02-07 11:30:00,12,91,0.729744970674411,0.0,0.0,0.6110333333333333,optimal
2021-02-07 12:00:00,12,91,0.6882578418627464,0.0,0.0,0.4159,optimal
2021-02-07 12:30:00,12,91,0.7063511751960804,0.0,0.0,0.7054,optimal
2021-02-07 13:00:00,12,91,2.2857142857142856,0.0,0.0,1.4607999999999999,optimal
2021-02-07 13:30:00,12,91,2.2857142857142856,0.0,0.0,0.24553333333333333,optimal
2021-02-07 14:00:00,12,91,2.2857142857142856,0.0,0.0,0.3705333333333334,optimal
2021-02-07 14:30:00,12,91,2.2857142857142856,0.0,0.0,0.1789,optimal
2021-02-07 15:00:00,12,91,2.2857142857142856,0.0,0.0,0.2286,optimal
2021-02-07 15:30:00,12,91,2.2857142857142856,0.0,0.0,0.14313333333333333,optimal
2021-02-07 16:00:00,12,91,0.0,0.0,0.0,2.1795999999999998,optimal
2021-02-07 16:30:00,12,91,0.0,0.0,0.0,1.8962999999999999,optimal
2021-02-07 17:00:00,12,91,0.0,0.0,0.0,0.4053333333333333,optimal
2021-02-07 17:30:00,12,91,0.0,0.0,0.0,0.40166666666666667,optimal
2021-02-07 18:00:00,12,91,0.0,0.0,0.0,0.40793333333333326,optimal
2021-02-07 18:30:00,12,91,0.0,0.0,0.0,0.30793333333333334,optimal
2021-02-07 19:00:00,12,91,0.0,0.0,0.0,0.4204666666666666,optimal
2021-02-07 19:30:00,12,91,0.0,0.0,0.0,1.6107,optimal
2021-02-07 20:00:00,12,91,0.05329884219176821,0.0,0.0,0.9118999999999999,optimal
2021-02-07 20:30:00,12,91,0.0,0.0,0.0,0.7680666666666667,optimal
2021-02-07 21:00:00,12,91,0.0,0.0,0.0,0.6558999999999999,optimal
2021-02-07 21:30:00,12,91,0.0,0.0,0.0,2.1817333333333333,optimal
2021-02-07 22:00:00,12,91,0.0,0.0,0.0,0.3263333333333333,optimal
2021-02-07 22:30:00,12,91,0.0,0.0,0.0,0.055,optimal
2021-02-07 23:00:00,12,91,0.0,0.0,0.0,0.1383,optimal
2021-02-07 23:30:00,12,91,0.0,0.0,0.0,0.06670000000000001,optimal
2021-02-08 00:00:00,12,91,0.0,0.0,0.0,0.06606666666666666,optimal
2021-02-08 00:30:00,12,91,1.1942857142857142,0.0,0.0,0.1142,optimal
2021-02-08 01:00:00,12,91,0.0,0.0,0.0,0.055,optimal
2021-02-08 01:30:00,12,91,0.0,0.0,0.0,0.055,optimal
2021-02-08 02:00:00,12,91,0.033330347298149404,0.0,0.0,0.055,optimal
2021-02-08 02:30:00,12,91,2.2857142857142856,0.0,0.0,0.055,optimal
2021-02-08 03:00:00,12,91,2.2857142857142856,0.0,0.0,0.055,optimal
2021-02-08 03:30:00,12,91,2.2857142857142856,0.0,0.0,0.055,optimal
2021-02-08 04:00:00,12,91,2.2857142857142856,0.0,0.0,0.1142,optimal
2021-02-08 04:30:00,12,91,2.2857142857142856,0.0,0.0,0.0624,optimal
2021-02-08 05:00:00,12,91,2.2857142857142856,0.0,0.0,0.1142,optimal
2021-02-08 05:30:00,12,91,2.2857142857142856,0.0,0.0,0.06873333333333334,optimal
2021-02-08 06:00:00,12,91,2.2857142857142856,0.0,0.0,0.2076,optimal
2021-02-08 06:30:00,12,91,2.2857142857142856,0.0,0.0,0.179,optimal
2021-02-08 07:00:00,12,91,2.2857142857142856,0.0,7.756760743330527,0.21636666666666668,optimal
2021-02-08 07:30:00,12,91,2.2857142857142856,0.0,0.0,0.2132333333333333,optimal
2021-02-08 08:00:00,12,91,1.1403452910589644,0.0,0.0,0.4582333333333333,optimal
2021-02-08 08:30:00,12,91,1.191502320669478,0.0,0.0,0.189,optimal
2021-02-08 09:00:00,12,91,1.0442853567394892,0.0,0.0,0.2317333333333333,optimal
2021-02-08 09:30:00,12,91,1.048474574228512,0.0,0.0,1.0729000000000002,optimal
2021-02-08 10:00:00,12,91,0.8902785581140463,0.0,0.0,0.7102,optimal
2021-02-08 10:30:00,12,91,0.9371426739583648,0.0,0.0,0.15919999999999998,optimal
2021-02-08 11:00:00,12,91,0.6803638475316545,0.0,0.0,0.205,optimal
2021-02-08 11:30:00,12,91,0.6755344369687742,0.0,0.0,0.2581,optimal
2021-02-08 12:00:00,12,91,0.6038880720571788,0.0,0.0,0.065,optimal
2021-02-08 12:30:00,12,91,0.5901492509314232,0.0,0.0,0.065,optimal
2021-02-08 13:00:00,12,91,2.2857142857142856,0.0,0.0,0.1316,optimal
2021-02-08 13:30:00,12,91,2.2857142857142856,0.0,0.0,0.065,optimal
2021-02-08 14:00:00,12,91,2.2857142857142856,0.0,0.0,0.1316,optimal
2021-02-08 14:30:00,12,91,2.2857142857142856,0.0,0.0,0.065,optimal
2021-02-08 15:00:00,12,91,2.2857142857142856,0.0,0.0,0.1447,optimal
2021-02-08 15:30:00,12,91,2.2857142857142856,0.0,0.0,0.1279,optimal
2021-02-08 16:00:00,12,91,0.0,0.0,0.0,0.065,optimal
2021-02-08 16:30:00,12,91,0.0,0.0,0.0,0.065,optimal
2021-02-08 17:00:00,12,91,0.0,0.0,0.0,0.09459999999999999,optimal
2021-02-08 17:30:00,12,91,0.0,0.0,0.0,0.102,optimal
2021-02-08 18:00:00,12,91,0.0,0.0,0.0,0.065,optimal
2021-02-08 18:30:00,12,91,0.0,0.0,0.0,0.065,optimal
2021-02-08 19:00:00,12,91,0.0,0.0,0.0,0.10940000000000001,optimal
2021-02-08 19:30:00,12,91,0.6004085070247681,0.0,0.0,0.0872,optimal
2021-02-08 20:00:00,12,91,1.3294738808870248,0.0,0.0,0.1057,optimal
2021-02-08 20:30:00,12,91,0.0,0.0,0.0,0.09090000000000001,optimal
2021-02-08 21:00:00,12,91,0.0,0.0,0.0,0.1178,optimal
2021-02-08 21:30:00,12,91,0.0,0.0,0.0,0.3172333333333333,optimal
2021-02-08 22:00:00,12,91,0.0,0.0,0.0,0.3883333333333333,optimal
2021-02-08 22:30:00,12,91,0.0,0.0,0.0,0.315,optimal
2021-02-08 23:00:00,12,91,0.0,0.0,0.0,0.3048666666666667,optimal
2021-02-08 23:30:00,12,91,0.0,0.0,0.0,0.2916,optimal
2021-02-09 00:00:00,12,91,0.0,0.0,0.0,0.049,optimal
2021-02-09 00:30:00,12,91,0.199047619047619,0.0,0.0,0.049,optimal
2021-02-09 01:00:00,12,91,0.0,0.0,0.0,0.049,optimal
2021-02-09 01:30:00,12,91,0.0,0.0,0.0,0.049,optimal
2021-02-09 02:00:00,12,91,0.9626423897214091,0.0,0.0,0.10433333333333332,optimal
2021-02-09 02:30:00,12,91,2.2857142857142856,0.0,0.0,0.12126666666666668,optimal
2021-02-09 03:00:00,12,91,2.2857142857142856,0.0,0.0,0.049,optimal
2021-02-09 03:30:00,12,91,2.2857142857142856,0.0,0.0,0.049,optimal
2021-02-09 04:00:00,12,91,2.2857142857142856,0.0,0.0,0.049,optimal
2021-02-09 04:30:00,12,91,2.2857142857142856,0.0,0.0,0.049,optimal
2021-02-09 05:00:00,12,91,2.2857142857142856,0.0,0.0,0.049,optimal
2021-02-09 05:30:00,12,91,2.2857142857142856,0.0,0.0,0.049,optimal
2021-02-09 06:00:00,12,91,2.2857142857142856,0.0,0.0,0.049,optimal
2021-02-09 06:30:00,12,91,2.2857142857142856,0.0,0.33465783761745105,0.09,optimal
2021-02-09 07:00:00,12,91,2.2857142857142856,0.0,10.0,1.105733333333333,optimal
2021-02-09 07:30:00,12,91,2.2857142857142856,0.0,0.0,0.32743333333333335,optimal
2021-02-09 08:00:00,12,91,1.3672766527915514,0.0,0.0,0.049,optimal
2021-02-09 08:30:00,12,91,1.356972536947235,0.0,0.0,0.049,optimal
2021-02-09 09:00:00,12,91,1.2016323059160525,0.0,0.0,0.049,optimal
2021-02-09 09:30:00,12,91,1.1810240742274194,0.0,0.0,0.049,optimal
2021-02-09 10:00:00,12,91,0.9121809530843471,0.0,0.0,0.049,optimal
2021-02-09 10:30:00,12,91,0.8950074266771527,0.0,0.0,0.049,optimal
2021-02-09 11:00:00,12,91,0.6463339471832366,0.0,0.0,0.049,optimal
2021-02-09 11:30:00,12,91,0.6428992419017976,0.0,0.0,0.05266666666666666,optimal
2021-02-09 12:00:00,12,91,0.47769348506577597,0.0,0.0,0.05533333333333334,optimal
2021-02-09 12:30:00,12,91,0.48112819034721493,0.0,0.0,0.049,optimal
2021-02-09 13:00:00,12,91,2.2857142857142856,0.0,0.0,0.049,optimal
2021-02-09 13:30:00,12,91,2.2857142857142856,0.0,0.0,0.049,optimal
2021-02-09 14:00:00,12,91,2.2857142857142856,0.0,0.0,0.049,optimal
2021-02-09 14:30:00,12,91,2.2857142857142856,0.0,0.0,0.05266666666666666,optimal
2021-02-09 15:00:00,12,91,2.2857142857142856,0.0,0.0,0.059,optimal
2021-02-09 15:30:00,12,91,2.2857142857142856,0.0,0.0,0.04933333333333333,optimal
2021-02-09 16:00:00,12,91,0.0,0.0,0.0,0.32930000000000004,optimal
2021-02-09 16:30:00,12,91,0.0,0.0,0.0,0.0616,optimal
2021-02-09 17:00:00,12,91,0.0,0.0,0.0,0.2315,optimal
2021-02-09 17:30:00,12,91,0.0,0.0,0.0,0.05806666666666667,optimal
2021-02-09 18:00:00,12,91,0.0,0.0,0.0,0.0596,optimal
2021-02-09 18:30:00,12,91,0.0,0.0,0.0,0.07,optimal
2021-02-09 19:00:00,12,91,0.0,0.0,0.0,0.059,optimal
2021-02-09 19:30:00,12,91,1.1965011105195769,0.0,0.0,0.06266666666666666,optimal
2021-02-09 20:00:00,12,91,1.123326828072639,0.0,0.0,0.12596666666666667,optimal
2021-02-09 20:30:00,12,91,0.0,0.0,0.0,1.0821666666666667,optimal
2021-02-09 21:00:00,12,91,0.0,0.0,0.0,0.3369,optimal
2021-02-09 21:30:00,12,91,0.0,0.0,0.0,0.108,optimal
2021-02-09 22:00:00,12,91,0.1592380952380952,0.0,0.0,0.078,optimal
2021-02-09 22:30:00,12,91,0.0,0.0,0.0,0.2489333333333333,optimal
2021-02-09 23:00:00,12,91,0.0,0.0,0.0,0.594,optimal
2021-02-09 23:30:00,12,91,0.0,0.0,0.0,0.059,optimal
2021-02-10 00:00:00,12,91,0.0,0.0,0.0,0.057,optimal
2021-02-10 00:30:00,12,91,1.0151428571428571,0.0,0.0,0.2194,optimal
2021-02-10 01:00:00,12,91,0.0,0.0,0.0,0.11406666666666666,optimal
2021-02-10 01:30:00,12,91,0.0,0.0,0.0,0.057,optimal
2021-02-10 02:00:00,12,91,1.232396268763037,0.0,0.0,0.165,optimal
2021-02-10 02:30:00,12,91,2.2857142857142856,0.0,0.0,0.16846666666666668,optimal
2021-02-10 03:00:00,12,91,2.2857142857142856,0.0,0.0,0.057,optimal
2021-02-10 03:30:00,12,91,2.2857142857142856,0.0,0.0,0.23086666666666666,optimal
2021-02-10 04:00:00,12,91,2.2857142857142856,0.0,0.0,0.1026,optimal
2021-02-10 04:30:00,12,91,2.2857142857142856,0.0,0.0,0.165,optimal
2021-02-10 05:00:00,12,91,2.2857142857142856,0.0,0.0,0.0874,optimal
2021-02-10 05:30:00,12,91,2.2857142857142856,0.0,0.0,0.3872,optimal
2021-02-10 06:00:00,12,91,2.2857142857142856,0.0,9.334876843354937,0.175,optimal
2021-02-10 06:30:00,12,91,2.2857142857142856,0.0,10.0,0.07786666666666665,optimal
2021-02-10 07:00:00,12,91,2.2857142857142856,0.0,10.0,0.1844,optimal
2021-02-10 07:30:00,12,91,2.2857142857142856,0.0,0.0,0.16313333333333332,optimal
2021-02-10 08:00:00,12,91,1.3346222818389146,0.0,0.0,0.17846666666666666,optimal
2021-02-10 08:30:00,12,91,1.269588222617925,0.0,0.0,0.16766666666666666,optimal
2021-02-10 09:00:00,12,91,1.0371450166042644,0.0,0.0,0.2959333333333333,optimal
2021-02-10 09:30:00,12,91,1.0215300050022966,0.0,0.0,0.3611666666666667,optimal
2021-02-10 10:00:00,12,91,0.7745152760204426,0.0,0.0,0.3913333333333333,optimal
2021-02-10 10:30:00,12,91,0.9007825887475527,0.0,0.0,0.057,optimal
2021-02-10 11:00:00,12,91,0.6638499955863274,0.0,0.0,0.21566666666666662,optimal
2021-02-10 11:30:00,12,91,0.6582758231186834,0.0,0.0,0.17046666666666666,optimal
2021-02-10 12:00:00,12,91,0.3263553986458941,0.0,0.0,0.3398,optimal
2021-02-10 12:30:00,12,91,0.2770601605506516,0.0,0.0,0.4073333333333333,optimal
2021-02-10 13:00:00,12,91,2.2857142857142856,0.0,0.0,0.28913333333333335,optimal
2021-02-10 13:30:00,12,91,2.2857142857142856,0.0,0.0,0.3409333333333333,optimal
2021-02-10 14:00:00,12,91,2.2857142857142856,0.0,0.0,0.1668,optimal
2021-02-10 14:30:00,12,91,2.2857142857142856,0.0,0.0,0.094,optimal
2021-02-10 15:00:00,12,91,2.2857142857142856,0.0,0.0,0.17333333333333334,optimal
2021-02-10 15:30:00,12,91,2.2857142857142856,0.0,0.0,0.15313333333333332,optimal
2021-02-10 16:00:00,12,91,0.0,0.0,0.0,0.175,optimal
2021-02-10 16:30:00,12,91,0.0,0.0,0.0,0.4714,optimal
2021-02-10 17:00:00,12,91,0.0,0.0,0.0,0.12496666666666668,optimal
2021-02-10 17:30:00,12,91,0.0,0.0,0.0,0.28646666666666665,optimal
2021-02-10 18:00:00,12,91,0.0,0.0,0.0,0.2518,optimal
2021-02-10 18:30:00,12,91,0.0,0.0,0.0,0.21366666666666662,optimal
2021-02-10 19:00:00,12,91,0.0,0.0,0.0,0.3644,optimal
2021-02-10 19:30:00,12,91,0.0,0.0,0.0,0.6394,optimal
2021-02-10 20:00:00,12,91,0.41382761807288115,0.0,0.0,0.2764,optimal
2021-02-10 20:30:00,12,91,0.0,0.0,0.0,0.30086666666666667,optimal
2021-02-10 21:00:00,12,91,0.0,0.0,0.0,0.5271333333333333,optimal
2021-02-10 21:30:00,12,91,0.0,0.0,0.0,0.13816666666666666,optimal
2021-02-10 22:00:00,12,91,0.0398095238095238,0.0,0.0,1.6689333333333334,optimal
2021-02-10 22:30:00,12,91,0.0,0.0,0.0,0.4052,optimal
2021-02-10 23:00:00,12,91,0.0,0.0,0.0,0.29506666666666664,optimal
2021-02-10 23:30:00,12,91,0.0,0.0,0.0,0.3704666666666666,optimal
2021-02-11 00:00:00,12,91,0.0,0.0,0.0,0.065,optimal
2021-02-11 00:30:00,12,91,1.3137142857142858,0.0,0.0,0.1325,optimal
2021-02-11 01:00:00,12,91,0.8956452383599502,0.0,0.0,0.0875,optimal
2021-02-11 01:30:00,12,91,2.2857142857142856,0.0,0.0,0.184,optimal
2021-02-11 02:00:00,12,91,2.2857142857142856,0.0,0.0,0.1,optimal
2021-02-11 02:30:00,12,91,2.2857142857142856,0.0,0.0,0.065,optimal
2021-02-11 03:00:00,12,91,2.2857142857142856,0.0,0.0,0.309,optimal
2021-02-11 03:30:00,12,91,2.2857142857142856,0.0,0.0,0.065,optimal
2021-02-11 04:00:00,12,91,2.2857142857142856,0.0,0.0,0.2438333333333333,optimal
2021-02-11 04:30:00,12,91,2.2857142857142856,0.0,0.0,0.14016666666666666,optimal
2021-02-11 05:00:00,12,91,2.2857142857142856,0.0,0.0,0.065,optimal
2021-02-11 05:30:00,12,91,2.2857142857142856,0.0,0.0,0.3103333333333333,optimal
2021-02-11 06:00:00,12,91,2.2857142857142856,0.0,0.2554809709992194,0.075,optimal
2021-02-11 06:30:00,12,91,2.2857142857142856,0.0,10.0,0.2435,optimal
2021-02-11 07:00:00,12,91,2.2857142857142856,0.0,10.0,0.1485,optimal
2021-02-11 07:30:00,12,91,2.2857142857142856,0.0,0.0,1.8005333333333333,optimal
2021-02-11 08:00:00,12,91,1.0733946703685284,0.0,0.0,1.9627666666666668,optimal
2021-02-11 08:30:00,12,91,1.4632283100223826,0.0,0.0,0.32613333333333333,optimal
2021-02-11 09:00:00,12,91,1.3124989697605483,0.0,0.0,0.229,optimal
2021-02-11 09:30:00,12,91,1.2174394097587664,0.0,0.0,0.165,optimal
2021-02-11 10:00:00,12,91,0.8050012544441184,0.0,0.0,0.138,optimal
2021-02-11 10:30:00,12,91,0.8292177178213975,0.0,0.0,0.1975,optimal
2021-02-11 11:00:00,12,91,0.6440633181524997,0.0,0.0,0.1405,optimal
2021-02-11 11:30:00,12,91,0.5692570246452012,0.0,0.0,0.222,optimal
2021-02-11 12:00:00,12,91,0.3728629893174703,0.0,0.0,0.075,optimal
2021-02-11 12:30:00,12,91,0.285640392087341,0.0,0.0,0.224,optimal
2021-02-11 13:00:00,12,91,2.2857142857142856,0.0,0.0,0.17,optimal
2021-02-11 13:30:00,12,91,2.2857142857142856,0.0,0.0,0.4289333333333333,optimal
2021-02-11 14:00:00,12,91,2.2857142857142856,0.0,0.0,0.7705333333333333,optimal
2021-02-11 14:30:00,12,91,2.2857142857142856,0.0,0.0,1.1023,optimal
2021-02-11 15:00:00,12,91,2.2857142857142856,0.0,0.0,0.8543333333333334,optimal
2021-02-11 15:30:00,12,91,2.2857142857142856,0.0,0.0,0.1633666666666667,optimal
2021-02-11 16:00:00,12,91,0.0,0.0,0.0,0.4166666666666667,optimal
2021-02-11 16:30:00,12,91,0.0,0.0,0.0,1.4994666666666667,optimal
2021-02-11 17:00:00,12,91,0.0,0.0,0.0,0.2767333333333333,optimal
2021-02-11 17:30:00,12,91,0.0,0.0,0.0,1.0763666666666665,optimal
2021-02-11 18:00:00,12,91,0.0,0.0,0.0,1.9936333333333327,optimal
2021-02-11 18:30:00,12,91,0.0,0.0,0.0,1.5743666666666665,optimal
2021-02-11 19:00:00,12,91,0.0,0.0,0.0,0.4945,optimal
2021-02-11 19:30:00,12,91,0.0,0.0,0.0,0.2415,optimal
2021-02-11 20:00:00,12,91,1.4046930663041115,0.0,0.0,1.5053666666666665,optimal
2021-02-11 20:30:00,12,91,0.0,0.0,0.0,1.2104333333333335,optimal
2021-02-11 21:00:00,12,91,0.0,0.0,0.0,0.36669999999999997,optimal
2021-02-11 21:30:00,12,91,0.0,0.0,0.0,1.6738333333333333,optimal
2021-02-11 22:00:00,12,91,0.13933333333333334,0.0,0.0,1.0238333333333334,optimal
2021-02-11 22:30:00,12,91,0.0,0.0,0.0,2.2470666666666665,optimal
2021-02-11 23:00:00,12,91,0.0,0.0,0.0,0.9790666666666669,optimal
2021-02-11 23:30:00,12,91,0.0,0.0,0.0,0.2525,optimal
2021-02-12 00:00:00,12,91,0.6078666243324481,0.0,0.0,0.12183333333333332,optimal
2021-02-12 00:30:00,12,91,2.2857142857142856,0.0,0.0,0.0765,optimal
2021-02-12 01:00:00,12,91,2.2857142857142856,0.0,0.0,0.065,optimal
2021-02-12 01:30:00,12,91,2.2857142857142856,0.0,0.0,0.134,optimal
2021-02-12 02:00:00,12,91,2.2857142857142856,0.0,0.0,0.065,optimal
2021-02-12 02:30:00,12,91,2.2857142857142856,0.0,0.0,0.065,optimal
2021-02-12 03:00:00,12,91,2.2857142857142856,0.0,0.0,0.065,optimal
2021-02-12 03:30:00,12,91,2.2857142857142856,0.0,0.0,0.11483333333333332,optimal
2021-02-12 04:00:00,12,91,2.2857142857142856,0.0,0.0,0.08416666666666667,optimal
2021-02-12 04:30:00,12,91,2.2857142857142856,0.0,0.0,0.10716666666666669,optimal
2021-02-12 05:00:00,12,91,2.2857142857142856,0.0,0.0,0.09183333333333331,optimal
2021-02-12 05:30:00,12,91,2.2857142857142856,0.0,0.0,0.065,optimal
2021-02-12 06:00:00,12,91,2.2857142857142856,0.0,0.0,0.065,optimal
2021-02-12 06:30:00,12,91,2.2857142857142856,0.0,0.5382828234658034,0.065,optimal
2021-02-12 07:00:00,12,91,2.2857142857142856,0.0,10.0,0.13333333333333333,optimal
2021-02-12 07:30:00,12,91,2.2857142857142856,0.0,0.0,0.0741,optimal
2021-02-12 08:00:00,12,91,2.2857142857142856,0.0,0.0,0.26213333333333333,optimal
2021-02-12 08:30:00,12,91,2.285714285714285,0.0,0.0,1.1680333333333333,optimal
2021-02-12 09:00:00,12,91,1.4985482439387874,0.0,0.0,0.8799,optimal
2021-02-12 09:30:00,12,91,1.1519519361637744,0.0,0.0,0.3452333333333333,optimal
2021-02-12 10:00:00,12,91,0.6447233664816914,0.0,0.0,1.7732999999999999,optimal
2021-02-12 10:30:00,12,91,0.6920628670873108,0.0,0.0,0.4589,optimal
2021-02-12 11:00:00,12,91,0.43374256546999096,0.0,0.0,0.372,optimal
2021-02-12 11:30:00,12,91,0.5112145268552121,0.0,0.0,0.22293333333333332,optimal
2021-02-12 12:00:00,12,91,0.36184682761261766,0.0,0.0,1.7051666666666667,optimal
2021-02-12 12:30:00,12,91,0.29299307471213104,0.0,0.0,2.635333333333333,optimal
2021-02-12 13:00:00,12,91,2.203741928490153,0.0,0.0,1.0746,optimal
2021-02-12 13:30:00,12,91,2.2857142857142856,0.0,0.0,0.075,optimal
2021-02-12 14:00:00,12,91,2.2857142857142856,0.0,0.0,0.144,optimal
2021-02-12 14:30:00,12,91,2.2857142857142856,0.0,0.0,0.075,optimal
2021-02-12 15:00:00,12,91,2.2857142857142856,0.0,0.0,0.2693666666666667,optimal
2021-02-12 15:30:00,12,91,2.2857142857142856,0.0,0.0,0.32453333333333334,optimal
2021-02-12 16:00:00,12,91,0.0,0.0,0.0,0.4175,optimal
2021-02-12 16:30:00,12,91,0.0,0.0,0.0,0.9115666666666669,optimal
2021-02-12 17:00:00,12,91,0.0,0.0,0.0,1.372766666666667,optimal
2021-02-12 17:30:00,12,91,0.0,0.0,0.0,0.7966333333333333,optimal
2021-02-12 18:00:00,12,91,0.0,0.0,0.0,0.24366666666666664,optimal
2021-02-12 18:30:00,12,91,0.0,0.0,0.0,0.4323,optimal
2021-02-12 19:00:00,12,91,0.0,0.0,0.0,0.38160000000000005,optimal
2021-02-12 19:30:00,12,91,0.0,0.0,0.0,0.3705,optimal
2021-02-12 20:00:00,12,91,0.0,0.0,0.0,0.3137333333333333,optimal
2021-02-12 20:30:00,12,91,0.0,0.0,0.0,0.3047333333333333,optimal
2021-02-12 21:00:00,12,91,0.0,0.0,0.0,1.3460999999999999,optimal
2021-02-12 21:30:00,12,91,0.0,0.0,0.0,0.5388333333333334,optimal
2021-02-12 22:00:00,12,91,0.0199047619047619,0.0,0.0,0.6045666666666667,optimal
2021-02-12 22:30:00,12,91,0.0,0.0,0.0,0.22786666666666666,optimal
2021-02-12 23:00:00,12,91,0.0,0.0,0.0,0.7786666666666666,optimal
2021-02-12 23:30:00,12,91,0.0,0.0,0.0,0.4254,optimal
2021-02-13 00:00:00,12,91,0.0,0.0,0.0,0.10643333333333334,optimal
2021-02-13 00:30:00,12,91,2.050190476190476,0.0,0.0,0.1595,optimal
2021-02-13 01:00:00,12,91,0.0,0.0,0.0,0.06,optimal
2021-02-13 01:30:00,12,91,0.0,0.0,0.0,0.2059333333333333,optimal
2021-02-13 02:00:00,12,91,1.6550865631354443,0.0,0.0,0.06,optimal
2021-02-13 02:30:00,12,91,2.2857142857142856,0.0,0.0,0.06,optimal
2021-02-13 03:00:00,12,91,2.2857142857142856,0.0,0.0,0.2059333333333333,optimal
2021-02-13 03:30:00,12,91,2.2857142857142856,0.0,0.0,0.06,optimal
2021-02-13 04:00:00,12,91,2.2857142857142856,0.0,0.0,0.14623333333333333,optimal
2021-02-13 04:30:00,12,91,2.2857142857142856,0.0,0.0,0.1197,optimal
2021-02-13 05:00:00,12,91,2.2857142857142856,0.0,0.0,0.06833333333333333,optimal
2021-02-13 05:30:00,12,91,2.2857142857142856,0.0,0.0,0.21359999999999998,optimal
2021-02-13 06:00:00,12,91,2.2857142857142856,0.0,0.0,0.06,optimal
2021-02-13 06:30:00,12,91,2.2857142857142856,0.0,0.6218581947685433,0.08226666666666667,optimal
2021-02-13 07:00:00,12,91,2.2857142857142856,0.0,10.0,0.2931333333333333,optimal
2021-02-13 07:30:00,12,91,2.2857142857142856,0.0,0.0,0.17766666666666667,optimal
2021-02-13 08:00:00,12,91,1.3001666187654008,0.0,0.0,0.166,optimal
2021-02-13 08:30:00,12,91,1.188423342055394,0.0,0.0,0.5941000000000001,optimal
2021-02-13 09:00:00,12,91,0.8947589713692852,0.0,0.0,2.9613,optimal
2021-02-13 09:30:00,12,91,0.9360368735335002,0.0,0.0,2.5828,optimal
2021-02-13 10:00:00,12,91,0.8240667037737354,0.0,0.0,0.2668666666666667,optimal
2021-02-13 10:30:00,12,91,0.6764224746827671,0.0,0.0,2.5294333333333334,optimal
2021-02-13 11:00:00,12,91,0.3965874862110438,0.0,0.0,2.8809,optimal
2021-02-13 11:30:00,12,91,0.5032575428343509,0.0,0.0,0.7165333333333334,optimal
2021-02-13 12:00:00,12,91,0.3390237803801432,0.0,0.0,0.46993333333333326,optimal
2021-02-13 12:30:00,12,91,0.3552877031506188,0.0,0.0,0.3676333333333333,optimal
2021-02-13 13:00:00,12,91,2.1511576702714823,0.0,0.0,0.3688,optimal
2021-02-13 13:30:00,12,91,2.2857142857142856,0.0,0.0,0.43069999999999997,optimal
2021-02-13 14:00:00,12,91,2.2857142857142856,0.0,0.0,0.4589,optimal
2021-02-13 14:30:00,12,91,2.2857142857142856,0.0,0.0,0.42583333333333334,optimal
2021-02-13 15:00:00,12,91,2.2857142857142856,0.0,0.0,0.5016,optimal
2021-02-13 15:30:00,12,91,2.2857142857142856,0.0,0.0,1.3598,optimal
2021-02-13 16:00:00,12,91,0.0,0.0,0.0,0.07,optimal
2021-02-13 16:30:00,12,91,0.0,0.0,0.0,0.782,optimal
2021-02-13 17:00:00,12,91,0.0,0.0,0.0,0.4996666666666667,optimal
2021-02-13 17:30:00,12,91,0.0,0.0,0.0,0.0836,optimal
2021-02-13 18:00:00,12,91,0.0,0.0,0.0,2.0439000000000003,optimal
2021-02-13 18:30:00,12,91,0.0,0.0,0.0,0.29846666666666666,optimal
2021-02-13 19:00:00,12,91,0.0,0.0,0.0,0.3812,optimal
2021-02-13 19:30:00,12,91,0.0,0.0,0.0,0.5303,optimal
2021-02-13 20:00:00,12,91,0.0,0.0,0.0,0.4016,optimal
2021-02-13 20:30:00,12,91,0.0,0.0,0.0,0.358,optimal
2021-02-13 21:00:00,12,91,0.0,0.0,0.0,0.34453333333333336,optimal
2021-02-13 21:30:00,12,91,0.0,0.0,0.0,1.0642333333333331,optimal
2021-02-13 22:00:00,12,91,0.0,0.0,0.0,0.9364,optimal
2021-02-13 22:30:00,12,91,0.0199047619047619,0.0,0.0,0.5379666666666667,optimal
2021-02-13 23:00:00,12,91,0.0,0.0,0.0,0.3101333333333333,optimal
2021-02-13 23:30:00,12,91,0.0,0.0,0.0,0.31539999999999996,optimal
2021-02-07 00:00:00,13,91,0.0,0.0,0.0,0.067,optimal
2021-02-07 00:30:00,13,91,0.0,0.0,0.0,0.057,optimal
2021-02-07 01:00:00,13,91,0.0,0.0,0.0,0.057,optimal
2021-02-07 01:30:00,13,91,0.0,0.0,0.0,0.057,optimal
2021-02-07 02:00:00,13,91,0.0,0.0,0.0,0.057,optimal
2021-02-07 02:30:00,13,91,0.0,0.0,0.0,0.057,optimal
2021-02-07 03:00:00,13,91,0.0,0.0,0.0,0.057,optimal
2021-02-07 03:30:00,13,91,0.0,0.0,0.0,0.057,optimal
2021-02-07 04:00:00,13,91,2.2857142857142856,0.0,0.0,0.057,optimal
2021-02-07 04:30:00,13,91,2.2857142857142856,0.0,0.0,0.057,optimal
2021-02-07 05:00:00,13,91,2.2857142857142856,0.0,0.0,0.057,optimal
2021-02-07 05:30:00,13,91,2.2857142857142856,0.0,0.0,0.057,optimal
2021-02-07 06:00:00,13,91,2.2857142857142856,0.0,0.0,0.057,optimal
2021-02-07 06:30:00,13,91,2.2857142857142856,0.0,0.0,0.2531333333333333,optimal
2021-02-07 07:00:00,13,91,2.2857142857142856,0.0,1.5052247886819266,0.079,optimal
2021-02-07 07:30:00,13,91,0.0,0.0,0.0,0.9918333333333333,optimal
2021-02-07 08:00:00,13,91,0.0,0.0,0.0,0.065,optimal
2021-02-07 08:30:00,13,91,0.0,0.0,0.0,0.07833333333333332,optimal
2021-02-07 09:00:00,13,91,0.0,0.0,0.0,0.093,optimal
2021-02-07 09:30:00,13,91,0.42194890024400916,0.0,0.0,0.10273333333333332,optimal
2021-02-07 10:00:00,13,91,0.8375388229599401,0.0,0.0,0.0785,optimal
2021-02-07 10:30:00,13,91,0.7958463287609157,0.0,0.0,0.3736333333333333,optimal
2021-02-07 11:00:00,13,91,0.7166402087696442,0.0,0.0,0.20853333333333332,optimal
2021-02-07 11:30:00,13,91,0.6596497325791806,0.0,0.0,0.4332,optimal
2021-02-07 12:00:00,13,91,0.6625054609103664,0.0,0.0,0.1785,optimal
2021-02-07 12:30:00,13,91,0.7147435561484439,0.0,0.0,0.082,optimal
2021-02-07 13:00:00,13,91,2.2857142857142856,0.0,0.0,0.25939999999999996,optimal
2021-02-07 13:30:00,13,91,2.2857142857142856,0.0,0.0,0.067,optimal
2021-02-07 14:00:00,13,91,2.2857142857142856,0.0,0.0,0.067,optimal
2021-02-07 14:30:00,13,91,2.2857142857142856,0.0,0.0,0.067,optimal
2021-02-07 15:00:00,13,91,2.2857142857142856,0.0,0.0,0.067,optimal
2021-02-07 15:30:00,13,91,2.2857142857142856,0.0,0.0,0.067,optimal
2021-02-07 16:00:00,13,91,0.0,0.0,0.0,0.067,optimal
2021-02-07 16:30:00,13,91,0.0,0.0,0.0,0.067,optimal
2021-02-07 17:00:00,13,91,0.0,0.0,0.0,0.067,optimal
2021-02-07 17:30:00,13,91,0.0,0.0,0.0,0.067,optimal
2021-02-07 18:00:00,13,91,0.0,0.0,0.0,0.067,optimal
2021-02-07 18:30:00,13,91,0.0,0.0,0.0,0.178,optimal
2021-02-07 19:00:00,13,91,0.0,0.0,0.0,0.31906666666666667,optimal
2021-02-07 19:30:00,13,91,0.7393952086833021,0.0,0.0,0.16016666666666665,optimal
2021-02-07 20:00:00,13,91,0.9395783234829176,0.0,0.0,0.36010000000000003,optimal
2021-02-07 20:30:00,13,91,0.0,0.0,0.0,0.3357333333333333,optimal
2021-02-07 21:00:00,13,91,0.0,0.0,0.0,0.23303333333333334,optimal
2021-02-07 21:30:00,13,91,0.0,0.0,0.0,0.22719999999999999,optimal
2021-02-07 22:00:00,13,91,0.0,0.0,0.0,0.19183333333333327,optimal
2021-02-07 22:30:00,13,91,0.0,0.0,0.0,0.067,optimal
2021-02-07 23:00:00,13,91,0.0,0.0,0.0,0.067,optimal
2021-02-07 23:30:00,13,91,0.0,0.0,0.0,0.062,optimal
2021-02-08 00:00:00,13,91,0.0,0.0,0.0,0.06,optimal
2021-02-08 00:30:00,13,91,1.9506666666666665,0.0,0.0,0.06,optimal
2021-02-08 01:00:00,13,91,0.0,0.0,0.0,0.06,optimal
2021-02-08 01:30:00,13,91,0.0,0.0,0.0,0.06,optimal
2021-02-08 02:00:00,13,91,0.0,0.0,0.0,0.06,optimal
2021-02-08 02:30:00,13,91,1.8501844042628512,0.0,0.0,0.06,optimal
2021-02-08 03:00:00,13,91,2.2857142857142856,0.0,0.0,0.06,optimal
2021-02-08 03:30:00,13,91,2.2857142857142856,0.0,0.0,0.06,optimal
2021-02-08 04:00:00,13,91,2.2857142857142856,0.0,0.0,0.06,optimal
2021-02-08 04:30:00,13,91,2.2857142857142856,0.0,0.0,0.06,optimal
2021-02-08 05:00:00,13,91,2.2857142857142856,0.0,0.0,0.05866666666666666,optimal
2021-02-08 05:30:00,13,91,2.2857142857142856,0.0,0.0,0.058,optimal
2021-02-08 06:00:00,13,91,2.2857142857142856,0.0,0.0,0.0694,optimal
2021-02-08 06:30:00,13,91,2.2857142857142856,0.0,0.0,0.1016,optimal
2021-02-08 07:00:00,13,91,2.2857142857142856,0.0,6.301671138639814,0.084,optimal
2021-02-08 07:30:00,13,91,2.2857142857142856,0.0,0.0,0.07,optimal
2021-02-08 08:00:00,13,91,1.2012900529637396,0.0,0.0,0.098,optimal
2021-02-08 08:30:00,13,91,1.1198661301932902,0.0,0.0,0.23456666666666665,optimal
2021-02-08 09:00:00,13,91,0.9954758329299593,0.0,0.0,0.21559999999999999,optimal
2021-02-08 09:30:00,13,91,0.9702479075618278,0.0,0.0,0.2906666666666667,optimal
2021-02-08 10:00:00,13,91,0.9359814152568875,0.0,0.0,0.07,optimal
2021-02-08 10:30:00,13,91,0.9462855311012042,0.0,0.0,0.07,optimal
2021-02-08 11:00:00,13,91,0.6971981332459525,0.0,0.0,0.07,optimal
2021-02-08 11:30:00,13,91,0.6903287226830748,0.0,0.0,0.07,optimal
2021-02-08 12:00:00,13,91,0.6025737863429056,0.0,0.0,0.07,optimal
2021-02-08 12:30:00,13,91,0.5888349652171501,0.0,0.0,0.07,optimal
2021-02-08 13:00:00,13,91,2.2857142857142856,0.0,0.0,0.07,optimal
2021-02-08 13:30:00,13,91,2.2857142857142856,0.0,0.0,0.07,optimal
2021-02-08 14:00:00,13,91,2.2857142857142856,0.0,0.0,0.15566666666666665,optimal
2021-02-08 14:30:00,13,91,2.2857142857142856,0.0,0.0,0.29843333333333333,optimal
2021-02-08 15:00:00,13,91,2.2857142857142856,0.0,0.0,0.12713333333333335,optimal
2021-02-08 15:30:00,13,91,2.2857142857142856,0.0,0.0,0.07,optimal
2021-02-08 16:00:00,13,91,0.0,0.0,0.0,0.07,optimal
2021-02-08 16:30:00,13,91,0.0,0.0,0.0,0.6288666666666667,optimal
2021-02-08 17:00:00,13,91,0.0,0.0,0.0,1.3689333333333333,optimal
2021-02-08 17:30:00,13,91,0.0,0.0,0.0,0.5730666666666667,optimal
2021-02-08 18:00:00,13,91,0.0,0.0,0.0,0.4076666666666667,optimal
2021-02-08 18:30:00,13,91,0.0,0.0,0.0,0.4153,optimal
2021-02-08 19:00:00,13,91,0.0,0.0,0.0,0.7064,optimal
2021-02-08 19:30:00,13,91,0.0,0.0,0.0,0.4091,optimal
2021-02-08 20:00:00,13,91,0.42204770387367585,0.0,0.0,0.21666666666666662,optimal
2021-02-08 20:30:00,13,91,0.0,0.0,0.0,0.24956666666666663,optimal
2021-02-08 21:00:00,13,91,0.0,0.0,0.0,0.2872,optimal
2021-02-08 21:30:00,13,91,0.0,0.0,0.0,0.2816666666666667,optimal
2021-02-08 22:00:00,13,91,0.05971428571428571,0.0,0.0,0.33213333333333334,optimal
2021-02-08 22:30:00,13,91,0.0,0.0,0.0,0.38480000000000003,optimal
2021-02-08 23:00:00,13,91,0.0,0.0,0.0,0.34086666666666665,optimal
2021-02-08 23:30:00,13,91,0.0,0.0,0.0,0.40176666666666666,optimal
2021-02-09 00:00:00,13,91,0.0,0.0,0.0,0.062,optimal
2021-02-09 00:30:00,13,91,1.8710476190476195,0.0,0.0,0.062,optimal
2021-02-09 01:00:00,13,91,0.0,0.0,0.0,0.062,optimal
2021-02-09 01:30:00,13,91,0.0,0.0,0.0,0.166,optimal
2021-02-09 02:00:00,13,91,0.7817031091132012,0.0,0.0,0.101,optimal
2021-02-09 02:30:00,13,91,2.2857142857142856,0.0,0.0,0.062,optimal
2021-02-09 03:00:00,13,91,2.2857142857142856,0.0,0.0,0.1335,optimal
2021-02-09 03:30:00,13,91,2.2857142857142856,0.0,0.0,0.1335,optimal
2021-02-09 04:00:00,13,91,2.2857142857142856,0.0,0.0,0.062,optimal
2021-02-09 04:30:00,13,91,2.2857142857142856,0.0,0.0,0.114,optimal
2021-02-09 05:00:00,13,91,2.2857142857142856,0.0,0.0,0.153,optimal
2021-02-09 05:30:00,13,91,2.2857142857142856,0.0,0.0,0.062,optimal
2021-02-09 06:00:00,13,91,2.2857142857142856,0.0,0.0,0.06133333333333334,optimal
2021-02-09 06:30:00,13,91,2.2857142857142856,0.0,3.795198676724238,0.062,optimal
2021-02-09 07:00:00,13,91,2.2857142857142856,0.0,10.0,1.2827666666666668,optimal
2021-02-09 07:30:00,13,91,2.2857142857142856,0.0,0.0,1.1401,optimal
2021-02-09 08:00:00,13,91,1.3395337956486995,0.0,0.0,0.1565,optimal
2021-02-09 08:30:00,13,91,1.3366582512329368,0.0,0.0,0.1305,optimal
2021-02-09 09:00:00,13,91,1.198032305916058,0.0,0.0,0.072,optimal
2021-02-09 09:30:00,13,91,1.1365669313702633,0.0,0.0,0.215,optimal
2021-02-09 10:00:00,13,91,0.8947714292748278,0.0,0.0,0.07133333333333333,optimal
2021-02-09 10:30:00,13,91,0.8261217123914326,0.0,0.0,0.1415,optimal
2021-02-09 11:00:00,13,91,0.5946863281356117,0.0,0.0,0.14216666666666666,optimal
2021-02-09 11:30:00,13,91,0.6300135276160764,0.0,0.0,0.1045,optimal
2021-02-09 12:00:00,13,91,0.4286268183990988,0.0,0.0,0.1818333333333333,optimal
2021-02-09 12:30:00,13,91,0.4331472379662684,0.0,0.0,0.07466666666666667,optimal
2021-02-09 13:00:00,13,91,0.8046106715431108,0.0,0.0,0.2278,optimal
2021-02-09 13:30:00,13,91,2.2857142857142856,0.0,0.0,0.26973333333333327,optimal
2021-02-09 14:00:00,13,91,2.2857142857142856,0.0,0.0,0.37423333333333336,optimal
2021-02-09 14:30:00,13,91,2.2857142857142856,0.0,0.0,0.5073,optimal
2021-02-09 15:00:00,13,91,2.2857142857142856,0.0,0.0,0.27476666666666666,optimal
2021-02-09 15:30:00,13,91,2.2857142857142856,0.0,0.0,0.3670333333333334,optimal
2021-02-09 16:00:00,13,91,0.0,0.0,0.0,0.5401,optimal
2021-02-09 16:30:00,13,91,0.0,0.0,0.0,0.3605333333333334,optimal
2021-02-09 17:00:00,13,91,0.0,0.0,0.0,0.39513333333333334,optimal
2021-02-09 17:30:00,13,91,0.0,0.0,0.0,0.26613333333333333,optimal
2021-02-09 18:00:00,13,91,0.0,0.0,0.0,0.4378333333333333,optimal
2021-02-09 18:30:00,13,91,0.0,0.0,0.0,0.46053333333333335,optimal
2021-02-09 19:00:00,13,91,0.0,0.0,0.0,0.6901,optimal
2021-02-09 19:30:00,13,91,0.0,0.0,0.0,0.37226666666666663,optimal
2021-02-09 20:00:00,13,91,0.0,0.0,0.0,0.40903333333333336,optimal
2021-02-09 20:30:00,13,91,0.0,0.0,0.0,0.5244666666666667,optimal
2021-02-09 21:00:00,13,91,0.0,0.0,0.0,0.6557000000000001,optimal
2021-02-09 21:30:00,13,91,0.0,0.0,0.0,0.5039,optimal
2021-02-09 22:00:00,13,91,0.05971428571428571,0.0,0.0,0.8246,optimal
2021-02-09 22:30:00,13,91,0.0,0.0,0.0,0.432,optimal
2021-02-09 23:00:00,13,91,0.0,0.0,0.0,0.22503333333333334,optimal
2021-02-09 23:30:00,13,91,0.0,0.0,0.0,0.176,optimal
2021-02-10 00:00:00,13,91,0.0,0.0,0.0,0.059,optimal
2021-02-10 00:30:00,13,91,0.5175238095238095,0.0,0.0,0.059,optimal
2021-02-10 01:00:00,13,91,0.0,0.0,0.0,0.059,optimal
2021-02-10 01:30:00,13,91,0.0,0.0,0.0,0.059,optimal
2021-02-10 02:00:00,13,91,0.6908517709533172,0.0,0.0,0.059,optimal
2021-02-10 02:30:00,13,91,2.2857142857142856,0.0,0.0,0.059,optimal
2021-02-10 03:00:00,13,91,2.2857142857142856,0.0,0.0,0.059,optimal
2021-02-10 03:30:00,13,91,2.2857142857142856,0.0,0.0,0.059,optimal
2021-02-10 04:00:00,13,91,2.2857142857142856,0.0,0.0,0.059,optimal
2021-02-10 04:30:00,13,91,2.2857142857142856,0.0,0.0,0.059,optimal
2021-02-10 05:00:00,13,91,2.2857142857142856,0.0,0.0,0.059,optimal
2021-02-10 05:30:00,13,91,2.2857142857142856,0.0,0.0,0.059,optimal
2021-02-10 06:00:00,13,91,2.2857142857142856,0.0,0.0,0.059,optimal
2021-02-10 06:30:00,13,91,2.2857142857142856,0.0,6.345729676840955,0.07263333333333334,optimal
2021-02-10 07:00:00,13,91,2.2857142857142856,0.0,10.0,0.9795,optimal
2021-02-10 07:30:00,13,91,2.2857142857142856,0.0,0.0,2.1536666666666666,optimal
2021-02-10 08:00:00,13,91,1.0984679961246342,0.0,0.0,1.3244333333333334,optimal
2021-02-10 08:30:00,13,91,1.318350127379833,0.0,0.0,0.10959999999999999,optimal
2021-02-10 09:00:00,13,91,1.2000593023185466,0.0,0.0,0.059,optimal
2021-02-10 09:30:00,13,91,1.186320481192791,0.0,0.0,0.059,optimal
2021-02-10 10:00:00,13,91,0.9104009903061506,0.0,0.0,0.059,optimal
2021-02-10 10:30:00,13,91,0.900096874461834,0.0,0.0,0.059,optimal
2021-02-10 11:00:00,13,91,0.7084976146339467,0.0,0.0,0.059,optimal
2021-02-10 11:30:00,13,91,0.6652377278805871,0.0,0.0,0.125,optimal
2021-02-10 12:00:00,13,91,0.32171730340781335,0.0,0.0,0.31739999999999996,optimal
2021-02-10 12:30:00,13,91,0.33427920816970336,0.0,0.0,0.347,optimal
2021-02-10 13:00:00,13,91,2.2857142857142856,0.0,0.0,0.311,optimal
2021-02-10 13:30:00,13,91,2.172888531481238,0.0,0.0,0.3223333333333333,optimal
2021-02-10 14:00:00,13,91,2.2857142857142856,0.0,0.0,0.6521,optimal
2021-02-10 14:30:00,13,91,2.2857142857142856,0.0,0.0,0.3846666666666667,optimal
2021-02-10 15:00:00,13,91,2.2857142857142856,0.0,0.0,1.1462999999999999,optimal
2021-02-10 15:30:00,13,91,2.2857142857142856,0.0,0.0,1.3710666666666667,optimal
2021-02-10 16:00:00,13,91,0.0,0.0,0.0,0.4147,optimal
2021-02-10 16:30:00,13,91,0.0,0.0,0.0,0.4684,optimal
2021-02-10 17:00:00,13,91,0.0,0.0,0.0,0.246,optimal
2021-02-10 17:30:00,13,91,0.0,0.0,0.0,0.2819,optimal
2021-02-10 18:00:00,13,91,0.0,0.0,0.0,1.3948333333333331,optimal
2021-02-10 18:30:00,13,91,0.0,0.0,0.0,2.124833333333333,optimal
2021-02-10 19:00:00,13,91,0.0,0.0,0.0,0.5829333333333333,optimal
2021-02-10 19:30:00,13,91,0.0,0.0,0.0,0.357,optimal
2021-02-10 20:00:00,13,91,0.0,0.0,0.0,0.5178666666666667,optimal
2021-02-10 20:30:00,13,91,0.0,0.0,0.0,0.20666666666666664,optimal
2021-02-10 21:00:00,13,91,0.0,0.0,0.0,0.2112,optimal
2021-02-10 21:30:00,13,91,0.0,0.0,0.0,0.6551,optimal
2021-02-10 22:00:00,13,91,0.17914285714285713,0.0,0.0,0.21980000000000002,optimal
2021-02-10 22:30:00,13,91,0.0,0.0,0.0,0.1827,optimal
2021-02-10 23:00:00,13,91,0.0,0.0,0.0,0.3147,optimal
2021-02-10 23:30:00,13,91,0.0,0.0,0.0,0.3433333333333333,optimal
2021-02-11 00:00:00,13,91,0.0398095238095238,0.0,0.0,0.0704,optimal
2021-02-11 00:30:00,13,91,0.6966666666666668,0.0,0.0,0.18059999999999998,optimal
2021-02-11 01:00:00,13,91,0.4435178929263471,0.0,0.0,0.122,optimal
2021-02-11 01:30:00,13,91,2.2857142857142856,0.0,0.0,0.2066,optimal
2021-02-11 02:00:00,13,91,2.2857142857142856,0.0,0.0,0.10533333333333332,optimal
2021-02-11 02:30:00,13,91,2.2857142857142856,0.0,0.0,0.083,optimal
2021-02-11 03:00:00,13,91,2.2857142857142856,0.0,0.0,0.07579999999999999,optimal
2021-02-11 03:30:00,13,91,2.2857142857142856,0.0,0.0,0.047,optimal
2021-02-11 04:00:00,13,91,2.2857142857142856,0.0,0.0,0.11033333333333331,optimal
2021-02-11 04:30:00,13,91,2.2857142857142856,0.0,0.0,0.06246666666666667,optimal
2021-02-11 05:00:00,13,91,2.2857142857142856,0.0,0.0,0.0722,optimal
2021-02-11 05:30:00,13,91,2.2857142857142856,0.0,0.0,0.0866,optimal
2021-02-11 06:00:00,13,91,2.2857142857142856,0.0,0.0,0.047,optimal
2021-02-11 06:30:00,13,91,2.2857142857142856,0.0,0.0,0.12066666666666669,optimal
2021-02-11 07:00:00,13,91,2.2857142857142856,0.0,8.064600488945779,0.8696,optimal
2021-02-11 07:30:00,13,91,2.2857142857142856,0.0,0.0,2.9555333333333333,optimal
2021-02-11 08:00:00,13,91,1.4032860989399525,0.0,0.0,0.2004,optimal
2021-02-11 08:30:00,13,91,1.344203548117605,0.0,0.0,0.27586666666666665,optimal
2021-02-11 09:00:00,13,91,1.1522170649986432,0.0,0.0,0.498,optimal
2021-02-11 09:30:00,13,91,1.0924203621397253,0.0,0.0,0.3055,optimal
2021-02-11 10:00:00,13,91,0.6521060163488802,0.0,0.0,0.241,optimal
2021-02-11 10:30:00,13,91,0.6661605749642505,0.0,0.0,0.44806666666666667,optimal
2021-02-11 11:00:00,13,91,0.47648427053345854,0.0,0.0,1.3132000000000001,optimal
2021-02-11 11:30:00,13,91,0.5290855960737814,0.0,0.0,0.1778,optimal
2021-02-11 12:00:00,13,91,0.3777772750317607,0.0,0.0,0.047,optimal
2021-02-11 12:30:00,13,91,0.31461182065876575,0.0,0.0,0.1118,optimal
2021-02-11 13:00:00,13,91,2.2857142857142856,0.0,0.0,0.051,optimal
2021-02-11 13:30:00,13,91,2.2857142857142856,0.0,0.0,0.14473333333333332,optimal
2021-02-11 14:00:00,13,91,2.2857142857142856,0.0,0.0,0.2186,optimal
2021-02-11 14:30:00,13,91,2.2857142857142856,0.0,0.0,0.4588666666666667,optimal
2021-02-11 15:00:00,13,91,2.2857142857142856,0.0,0.0,0.28086666666666665,optimal
2021-02-11 15:30:00,13,91,2.2857142857142856,0.0,0.0,0.9454,optimal
2021-02-11 16:00:00,13,91,0.0,0.0,0.0,0.701,optimal
2021-02-11 16:30:00,13,91,0.0,0.0,0.0,1.2375333333333334,optimal
2021-02-11 17:00:00,13,91,0.0,0.0,0.0,1.2629666666666668,optimal
2021-02-11 17:30:00,13,91,0.0,0.0,0.0,0.09653333333333332,optimal
2021-02-11 18:00:00,13,91,0.0,0.0,0.0,0.10223333333333331,optimal
2021-02-11 18:30:00,13,91,0.0,0.0,0.0,1.619733333333333,optimal
2021-02-11 19:00:00,13,91,0.0,0.0,0.0,0.164,optimal
2021-02-11 19:30:00,13,91,0.0,0.0,0.0,0.37126666666666663,optimal
2021-02-11 20:00:00,13,91,1.1496778764786544,0.0,0.0,0.0584,optimal
2021-02-11 20:30:00,13,91,0.0,0.0,0.0,0.15380000000000002,optimal
2021-02-11 21:00:00,13,91,0.0,0.0,0.0,0.089,optimal
2021-02-11 21:30:00,13,91,0.0,0.0,0.0,0.42619999999999997,optimal
2021-02-11 22:00:00,13,91,0.0199047619047619,0.0,0.0,0.1957333333333333,optimal
2021-02-11 22:30:00,13,91,0.0,0.0,0.0,0.198,optimal
2021-02-11 23:00:00,13,91,0.0,0.0,0.0,0.2204,optimal
2021-02-11 23:30:00,13,91,0.0,0.0,0.0,1.5175333333333334,optimal
2021-02-12 00:00:00,13,91,1.0314394728213852,0.0,0.0,0.06733333333333333,optimal
2021-02-12 00:30:00,13,91,2.2857142857142856,0.0,0.0,0.066,optimal
2021-02-12 01:00:00,13,91,2.2857142857142856,0.0,0.0,0.066,optimal
2021-02-12 01:30:00,13,91,2.2857142857142856,0.0,0.0,0.066,optimal
2021-02-12 02:00:00,13,91,2.2857142857142856,0.0,0.0,0.066,optimal
2021-02-12 02:30:00,13,91,2.2857142857142856,0.0,0.0,0.066,optimal
2021-02-12 03:00:00,13,91,2.2857142857142856,0.0,0.0,0.066,optimal
2021-02-12 03:30:00,13,91,2.2857142857142856,0.0,0.0,0.066,optimal
2021-02-12 04:00:00,13,91,2.2857142857142856,0.0,0.0,0.066,optimal
2021-02-12 04:30:00,13,91,2.2857142857142856,0.0,0.0,0.066,optimal
2021-02-12 05:00:00,13,91,2.2857142857142856,0.0,0.0,0.07466666666666667,optimal
2021-02-12 05:30:00,13,91,2.2857142857142856,0.0,0.0,0.076,optimal
2021-02-12 06:00:00,13,91,2.2857142857142856,0.0,0.0,0.8892666666666666,optimal
2021-02-12 06:30:00,13,91,2.2857142857142856,0.0,5.644951217996424,0.074,optimal
2021-02-12 07:00:00,13,91,2.2857142857142856,0.0,10.0,0.0883,optimal
2021-02-12 07:30:00,13,91,2.2857142857142856,0.0,0.0,0.10973333333333332,optimal
2021-02-12 08:00:00,13,91,1.8629323590278393,0.0,0.0,0.3573,optimal
2021-02-12 08:30:00,13,91,1.4023073706297817,0.0,0.0,0.198,optimal
2021-02-12 09:00:00,13,91,1.2308637304518688,0.0,0.0,0.2785,optimal
2021-02-12 09:30:00,13,91,1.282889079020921,0.0,0.0,0.076,optimal
2021-02-12 10:00:00,13,91,0.8472681283864436,0.0,0.0,0.076,optimal
2021-02-12 10:30:00,13,91,0.8197904861349326,0.0,0.0,0.076,optimal
2021-02-12 11:00:00,13,91,0.5524454226128411,0.0,0.0,0.076,optimal
2021-02-12 11:30:00,13,91,0.5490107173314023,0.0,0.0,0.076,optimal
2021-02-12 12:00:00,13,91,0.33714206570786653,0.0,0.0,0.19913333333333333,optimal
2021-02-12 12:30:00,13,91,0.0734787889978546,0.0,0.0,1.4310666666666667,optimal
2021-02-12 13:00:00,13,91,2.2857142857142856,0.0,0.0,0.2088,optimal
2021-02-12 13:30:00,13,91,2.2857142857142856,0.0,0.0,0.28213333333333335,optimal
2021-02-12 14:00:00,13,91,2.2857142857142856,0.0,0.0,0.3649,optimal
2021-02-12 14:30:00,13,91,2.2857142857142856,0.0,0.0,0.43956666666666666,optimal
2021-02-12 15:00:00,13,91,2.2857142857142856,0.0,0.0,0.3028333333333333,optimal
2021-02-12 15:30:00,13,91,2.2857142857142856,0.0,0.0,0.207,optimal
2021-02-12 16:00:00,13,91,0.0,0.0,0.0,0.3227333333333333,optimal
2021-02-12 16:30:00,13,91,0.0,0.0,0.0,0.2882333333333333,optimal
2021-02-12 17:00:00,13,91,0.0,0.0,0.0,0.24,optimal
2021-02-12 17:30:00,13,91,0.0,0.0,0.0,0.2688666666666667,optimal
2021-02-12 18:00:00,13,91,0.0,0.0,0.0,2.0958,optimal
2021-02-12 18:30:00,13,91,0.0,0.0,0.0,1.6670999999999998,optimal
2021-02-12 19:00:00,13,91,0.0,0.0,0.0,0.46436666666666665,optimal
2021-02-12 19:30:00,13,91,0.0,0.0,0.0,1.0108,optimal
2021-02-12 20:00:00,13,91,1.1225592174203693,0.0,0.0,0.198,optimal
2021-02-12 20:30:00,13,91,0.0,0.0,0.0,0.1307333333333333,optimal
2021-02-12 21:00:00,13,91,0.0,0.0,0.0,0.5278666666666667,optimal
2021-02-12 21:30:00,13,91,0.0,0.0,0.0,0.20566666666666664,optimal
2021-02-12 22:00:00,13,91,0.0,0.0,0.0,0.3605,optimal
2021-02-12 22:30:00,13,91,0.0,0.0,0.0,0.38253333333333334,optimal
2021-02-12 23:00:00,13,91,0.0,0.0,0.0,0.3832,optimal
2021-02-12 23:30:00,13,91,0.05971428571428571,0.0,0.0,0.4078,optimal
2021-02-13 00:00:00,13,91,0.0,0.0,0.0,0.058,optimal
2021-02-13 00:30:00,13,91,0.17914285714285713,0.0,0.0,0.058,optimal
2021-02-13 01:00:00,13,91,0.0,0.0,0.0,0.18306666666666663,optimal
2021-02-13 01:30:00,13,91,0.0,0.0,0.0,0.16946666666666668,optimal
2021-02-13 02:00:00,13,91,1.833155143607908,0.0,0.0,0.0728,optimal
2021-02-13 02:30:00,13,91,2.2857142857142856,0.0,0.0,0.2797333333333333,optimal
2021-02-13 03:00:00,13,91,2.2857142857142856,0.0,0.0,0.058,optimal
2021-02-13 03:30:00,13,91,2.2857142857142856,0.0,0.0,0.058,optimal
2021-02-13 04:00:00,13,91,2.2857142857142856,0.0,0.0,0.15666666666666665,optimal
2021-02-13 04:30:00,13,91,2.2857142857142856,0.0,0.0,0.10813333333333335,optimal
2021-02-13 05:00:00,13,91,2.2857142857142856,0.0,0.0,0.1704,optimal
2021-02-13 05:30:00,13,91,2.2857142857142856,0.0,0.0,0.132,optimal
2021-02-13 06:00:00,13,91,2.2857142857142856,0.0,0.0,0.19586666666666666,optimal
2021-02-13 06:30:00,13,91,2.2857142857142856,0.0,6.7043654755910085,0.156,optimal
2021-02-13 07:00:00,13,91,2.2857142857142856,0.0,10.0,0.06893333333333333,optimal
2021-02-13 07:30:00,13,91,2.2857142857142856,0.0,0.0,0.3376,optimal
2021-02-13 08:00:00,13,91,1.4070713806701647,0.0,0.0,0.16,optimal
2021-02-13 08:30:00,13,91,1.4318271515791887,0.0,0.0,0.058,optimal
2021-02-13 09:00:00,13,91,1.2620446856549836,0.0,0.0,0.11973333333333332,optimal
2021-02-13 09:30:00,13,91,1.208756873533517,0.0,0.0,0.24946666666666667,optimal
2021-02-13 10:00:00,13,91,0.7717600371070702,0.0,0.0,0.8451666666666666,optimal
2021-02-13 10:30:00,13,91,0.8831005699208707,0.0,0.0,1.4184666666666668,optimal
2021-02-13 11:00:00,13,91,0.6513398671634103,0.0,0.0,0.21146666666666666,optimal
2021-02-13 11:30:00,13,91,0.6543927809295863,0.0,0.0,0.1982,optimal
2021-02-13 12:00:00,13,91,0.534722827999201,0.0,0.0,0.1916,optimal
2021-02-13 12:30:00,13,91,0.3804972269601221,0.0,0.0,2.2491333333333334,optimal
2021-02-13 13:00:00,13,91,2.2857142857142856,0.0,0.0,2.6014,optimal
2021-02-13 13:30:00,13,91,2.2857142857142856,0.0,0.0,0.7288333333333333,optimal
2021-02-13 14:00:00,13,91,2.2857142857142856,0.0,0.0,0.10813333333333335,optimal
2021-02-13 14:30:00,13,91,2.2857142857142856,0.0,0.0,0.15666666666666665,optimal
2021-02-13 15:00:00,13,91,2.2857142857142856,0.0,0.0,0.19626666666666667,optimal
2021-02-13 15:30:00,13,91,2.2857142857142856,0.0,0.0,0.10706666666666666,optimal
2021-02-13 16:00:00,13,91,0.0,0.0,0.0,0.1172,optimal
2021-02-13 16:30:00,13,91,0.0,0.0,0.0,0.08346666666666668,optimal
2021-02-13 17:00:00,13,91,0.0,0.0,0.0,0.2857333333333333,optimal
2021-02-13 17:30:00,13,91,0.0,0.0,0.0,0.114,optimal
2021-02-13 18:00:00,13,91,0.0,0.0,0.0,0.2946666666666667,optimal
2021-02-13 18:30:00,13,91,0.0,0.0,0.0,0.4317,optimal
2021-02-13 19:00:00,13,91,0.0,0.0,0.0,0.4233,optimal
2021-02-13 19:30:00,13,91,0.4266296259448605,0.0,0.0,0.5011333333333333,optimal
2021-02-13 20:00:00,13,91,1.0096939272948284,0.0,0.0,1.3402333333333332,optimal
2021-02-13 20:30:00,13,91,0.0,0.0,0.0,1.1918,optimal
2021-02-13 21:00:00,13,91,0.0,0.0,0.0,0.6702,optimal
2021-02-13 21:30:00,13,91,0.0,0.0,0.0,0.4545,optimal
2021-02-13 22:00:00,13,91,0.0796190476190476,0.0,0.0,0.8121333333333334,optimal
2021-02-13 22:30:00,13,91,0.0,0.0,0.0,2.9722,optimal
2021-02-13 23:00:00,13,91,0.0,0.0,0.0,2.3735,optimal
2021-02-13 23:30:00,13,91,0.0,0.0,0.0,0.068,optimal
2021-02-07 00:00:00,14,91,0.0,0.0,0.0,0.063,optimal
2021-02-07 00:30:00,14,91,0.0,0.0,0.0,0.1206,optimal
2021-02-07 01:00:00,14,91,0.0,0.0,0.0,0.063,optimal
2021-02-07 01:30:00,14,91,0.0,0.0,0.0,0.095,optimal
2021-02-07 02:00:00,14,91,0.0,0.0,0.0,0.0886,optimal
2021-02-07 02:30:00,14,91,0.0,0.0,0.0,0.10779999999999999,optimal
2021-02-07 03:00:00,14,91,0.0,0.0,0.0,0.07579999999999999,optimal
2021-02-07 03:30:00,14,91,0.0,0.0,0.0,0.0854,optimal
2021-02-07 04:00:00,14,91,2.2857142857142856,0.0,0.0,0.09820000000000001,optimal
2021-02-07 04:30:00,14,91,2.2857142857142856,0.0,0.0,0.063,optimal
2021-02-07 05:00:00,14,91,2.2857142857142856,0.0,0.0,0.09273333333333332,optimal
2021-02-07 05:30:00,14,91,2.2857142857142856,0.0,0.0,0.1082,optimal
2021-02-07 06:00:00,14,91,2.2857142857142856,0.0,0.0,0.089,optimal
2021-02-07 06:30:00,14,91,2.2857142857142856,0.0,0.0,0.1146,optimal
2021-02-07 07:00:00,14,91,2.2857142857142856,0.0,1.6063785740462473,0.0858,optimal
2021-02-07 07:30:00,14,91,0.0,0.0,0.0,0.14753333333333332,optimal
2021-02-07 08:00:00,14,91,0.0,0.0,0.0,0.112,optimal
2021-02-07 08:30:00,14,91,0.0,0.0,0.0,0.073,optimal
2021-02-07 09:00:00,14,91,0.0,0.0,0.0,0.9707,optimal
2021-02-07 09:30:00,14,91,1.0768363017853588,0.0,0.0,0.1242,optimal
2021-02-07 10:00:00,14,91,1.0556626324837624,0.0,0.0,0.07940000000000001,optimal
2021-02-07 10:30:00,14,91,1.0497320430466195,0.0,0.0,0.1242,optimal
2021-02-07 11:00:00,14,91,0.9289830659125139,0.0,0.0,0.073,optimal
2021-02-07 11:30:00,14,91,0.9225830659125037,0.0,0.0,0.09540000000000001,optimal
2021-02-07 12:00:00,14,91,0.7702197466246511,0.0,0.0,0.189,optimal
2021-02-07 12:30:00,14,91,0.8313626037675056,0.0,0.0,0.073,optimal
2021-02-07 13:00:00,14,91,2.2857142857142856,0.0,0.0,0.073,optimal
2021-02-07 13:30:00,14,91,2.2857142857142856,0.0,0.0,0.073,optimal
2021-02-07 14:00:00,14,91,2.2857142857142856,0.0,0.0,0.1018,optimal
2021-02-07 14:30:00,14,91,2.2857142857142856,0.0,0.0,0.1018,optimal
2021-02-07 15:00:00,14,91,2.2857142857142856,0.0,0.0,0.073,optimal
2021-02-07 15:30:00,14,91,2.2857142857142856,0.0,0.0,0.073,optimal
2021-02-07 16:00:00,14,91,0.0,0.0,0.0,0.073,optimal
2021-02-07 16:30:00,14,91,0.0,0.0,0.0,0.1082,optimal
2021-02-07 17:00:00,14,91,0.0,0.0,0.0,0.09540000000000001,optimal
2021-02-07 17:30:00,14,91,0.0,0.0,0.0,0.073,optimal
2021-02-07 18:00:00,14,91,0.0,0.0,0.0,0.073,optimal
2021-02-07 18:30:00,14,91,0.0,0.0,0.0,0.40926666666666667,optimal
2021-02-07 19:00:00,14,91,0.0,0.0,0.0,0.1744,optimal
2021-02-07 19:30:00,14,91,1.041046753487374,0.0,0.0,0.19140000000000001,optimal
2021-02-07 20:00:00,14,91,1.0616640377686433,0.0,0.0,0.2238,optimal
2021-02-07 20:30:00,14,91,0.0,0.0,0.0,0.1661,optimal
2021-02-07 21:00:00,14,91,0.0,0.0,0.0,1.6297666666666668,optimal
2021-02-07 21:30:00,14,91,0.0,0.0,0.0,0.181,optimal
2021-02-07 22:00:00,14,91,0.0,0.0,0.0,0.27253333333333335,optimal
2021-02-07 22:30:00,14,91,0.0,0.0,0.0,0.1686,optimal
2021-02-07 23:00:00,14,91,0.0,0.0,0.0,1.7530999999999999,optimal
2021-02-07 23:30:00,14,91,0.0,0.0,0.0,2.572,optimal
2021-02-08 00:00:00,14,91,0.0,0.0,0.0,0.065,optimal
2021-02-08 00:30:00,14,91,0.0,0.0,0.0,0.21619999999999998,optimal
2021-02-08 01:00:00,14,91,0.0,0.0,0.0,0.0722,optimal
2021-02-08 01:30:00,14,91,0.0,0.0,0.0,0.065,optimal
2021-02-08 02:00:00,14,91,0.0,0.0,0.0,0.22340000000000002,optimal
2021-02-08 02:30:00,14,91,1.3338598967219786,0.0,0.0,0.065,optimal
2021-02-08 03:00:00,14,91,2.2857142857142856,0.0,0.0,0.21619999999999998,optimal
2021-02-08 03:30:00,14,91,2.2857142857142856,0.0,0.0,0.0722,optimal
2021-02-08 04:00:00,14,91,2.2857142857142856,0.0,0.0,0.065,optimal
2021-02-08 04:30:00,14,91,2.2857142857142856,0.0,0.0,0.1154,optimal
2021-02-08 05:00:00,14,91,2.2857142857142856,0.0,0.0,0.173,optimal
2021-02-08 05:30:00,14,91,2.2857142857142856,0.0,0.0,0.065,optimal
2021-02-08 06:00:00,14,91,2.2857142857142856,0.0,0.0,0.065,optimal
2021-02-08 06:30:00,14,91,2.2857142857142856,0.0,5.987368250955315,0.0658,optimal
2021-02-08 07:00:00,14,91,2.2857142857142856,0.0,10.0,2.4184,optimal
2021-02-08 07:30:00,14,91,2.2857142857142856,0.0,0.0,0.12293333333333334,optimal
2021-02-08 08:00:00,14,91,1.1828081482018402,0.0,0.0,0.20346666666666666,optimal
2021-02-08 08:30:00,14,91,1.263264225431372,0.0,0.0,0.22340000000000002,optimal
2021-02-08 09:00:00,14,91,1.1759329757871058,0.0,0.0,0.06866666666666667,optimal
2021-02-08 09:30:00,14,91,1.165628859942789,0.0,0.0,0.068,optimal
2021-02-08 10:00:00,14,91,0.934981415256903,0.0,0.0,0.075,optimal
2021-02-08 10:30:00,14,91,0.9349998168155083,0.0,0.0,0.111,optimal
2021-02-08 11:00:00,14,91,0.6612267046745223,0.0,0.0,0.1974,optimal
2021-02-08 11:30:00,14,91,0.6893287226830673,0.0,0.0,0.075,optimal
2021-02-08 12:00:00,14,91,0.556316643485764,0.0,0.0,0.2334,optimal
2021-02-08 12:30:00,14,91,0.5878349652171427,0.0,0.0,0.075,optimal
2021-02-08 13:00:00,14,91,0.5855305618471002,0.0,0.0,0.1326,optimal
2021-02-08 13:30:00,14,91,1.7217742392313538,0.0,0.0,0.8741333333333333,optimal
2021-02-08 14:00:00,14,91,2.2857142857142856,0.0,0.0,1.5384666666666666,optimal
2021-02-08 14:30:00,14,91,2.2857142857142856,0.0,0.0,1.9001333333333328,optimal
2021-02-08 15:00:00,14,91,2.2857142857142856,0.0,0.0,0.47506666666666664,optimal
2021-02-08 15:30:00,14,91,2.2857142857142856,0.0,0.0,0.5870666666666667,optimal
2021-02-08 16:00:00,14,91,0.0,0.0,0.0,1.476,optimal
2021-02-08 16:30:00,14,91,0.0,0.0,0.0,0.23083333333333328,optimal
2021-02-08 17:00:00,14,91,0.0,0.0,0.0,0.2272333333333333,optimal
2021-02-08 17:30:00,14,91,0.0,0.0,0.0,0.4413,optimal
2021-02-08 18:00:00,14,91,0.0,0.0,0.0,0.3839333333333333,optimal
2021-02-08 18:30:00,14,91,0.0,0.0,0.0,2.181633333333333,optimal
2021-02-08 19:00:00,14,91,0.0,0.0,0.0,0.22643333333333332,optimal
2021-02-08 19:30:00,14,91,0.0,0.0,0.0,0.16683333333333333,optimal
2021-02-08 20:00:00,14,91,0.0,0.0,0.0,0.231,optimal
2021-02-08 20:30:00,14,91,0.0,0.0,0.0,0.6017666666666667,optimal
2021-02-08 21:00:00,14,91,0.0,0.0,0.0,0.5072,optimal
2021-02-08 21:30:00,14,91,0.0,0.0,0.0,0.4712,optimal
2021-02-08 22:00:00,14,91,0.0,0.0,0.0,0.5172,optimal
2021-02-08 22:30:00,14,91,0.0,0.0,0.0,0.6890333333333333,optimal
2021-02-08 23:00:00,14,91,0.0,0.0,0.0,0.8043666666666667,optimal
2021-02-08 23:30:00,14,91,0.0,0.0,0.0,0.4600666666666667,optimal
2021-02-09 00:00:00,14,91,0.0,0.0,0.0,0.06266666666666666,optimal
2021-02-09 00:30:00,14,91,0.0,0.0,0.0,0.063,optimal
2021-02-09 01:00:00,14,91,0.0,0.0,0.0,0.063,optimal
2021-02-09 01:30:00,14,91,0.0,0.0,0.0,0.1752,optimal
2021-02-09 02:00:00,14,91,0.0,0.0,0.0,0.15876666666666667,optimal
2021-02-09 02:30:00,14,91,2.21487241362581,0.0,0.0,0.1411,optimal
2021-02-09 03:00:00,14,91,2.2857142857142856,0.0,0.0,0.1252666666666667,optimal
2021-02-09 03:30:00,14,91,2.2857142857142856,0.0,0.0,0.16440000000000002,optimal
2021-02-09 04:00:00,14,91,2.2857142857142856,0.0,0.0,0.063,optimal
2021-02-09 04:30:00,14,91,2.2857142857142856,0.0,0.0,0.063,optimal
2021-02-09 05:00:00,14,91,2.2857142857142856,0.0,0.0,0.1752,optimal
2021-02-09 05:30:00,14,91,2.2857142857142856,0.0,0.0,0.0968,optimal
2021-02-09 06:00:00,14,91,2.2857142857142856,0.0,3.09564213407628,0.14186666666666667,optimal
2021-02-09 06:30:00,14,91,2.2857142857142856,0.0,10.0,0.063,optimal
2021-02-09 07:00:00,14,91,2.2857142857142856,0.0,10.0,0.22790000000000002,optimal
2021-02-09 07:30:00,14,91,2.2857142857142856,0.0,0.0,0.13396666666666668,optimal
2021-02-09 08:00:00,14,91,1.2590195099344128,0.0,0.0,0.1257666666666667,optimal
2021-02-09 08:30:00,14,91,1.1856296798043684,0.0,0.0,0.2738333333333333,optimal
2021-02-09 09:00:00,14,91,1.0242227821065266,0.0,0.0,0.3641333333333333,optimal
2021-02-09 09:30:00,14,91,1.0151764551797988,0.0,0.0,0.37,optimal
2021-02-09 10:00:00,14,91,0.9085238102271886,0.0,0.0,0.073,optimal
2021-02-09 10:30:00,14,91,0.8422836171533399,0.0,0.0,0.2447333333333333,optimal
2021-02-09 11:00:00,14,91,0.6274958519451386,0.0,0.0,0.12613333333333335,optimal
2021-02-09 11:30:00,14,91,0.6206897180922706,0.0,0.0,0.13793333333333332,optimal
2021-02-09 12:00:00,14,91,0.42834110411339227,0.0,0.0,0.2329333333333333,optimal
2021-02-09 12:30:00,14,91,0.4774710474900791,0.0,0.0,0.073,optimal
2021-02-09 13:00:00,14,91,0.5184004250563741,0.0,0.0,0.2927666666666667,optimal
2021-02-09 13:30:00,14,91,1.8549731131886418,0.0,0.0,0.07809999999999999,optimal
2021-02-09 14:00:00,14,91,2.2857142857142856,0.0,0.0,0.37906666666666666,optimal
2021-02-09 14:30:00,14,91,2.2857142857142856,0.0,0.0,0.5357333333333334,optimal
2021-02-09 15:00:00,14,91,2.2857142857142856,0.0,0.0,0.396,optimal
2021-02-09 15:30:00,14,91,2.2857142857142856,0.0,0.0,0.2272333333333333,optimal
2021-02-09 16:00:00,14,91,0.0,0.0,0.0,0.5678666666666666,optimal
2021-02-09 16:30:00,14,91,0.0,0.0,0.0,2.2765,optimal
2021-02-09 17:00:00,14,91,0.0,0.0,0.0,0.2840666666666667,optimal
2021-02-09 17:30:00,14,91,0.0,0.0,0.0,0.35333333333333333,optimal
2021-02-09 18:00:00,14,91,0.0,0.0,0.0,0.41153333333333336,optimal
2021-02-09 18:30:00,14,91,0.0,0.0,0.0,0.3706333333333333,optimal
2021-02-09 19:00:00,14,91,0.0,0.0,0.0,0.3052333333333333,optimal
2021-02-09 19:30:00,14,91,0.0,0.0,0.0,0.36336666666666667,optimal
2021-02-09 20:00:00,14,91,0.0,0.0,0.0,0.4439333333333333,optimal
2021-02-09 20:30:00,14,91,0.0,0.0,0.0,0.32206666666666667,optimal
2021-02-09 21:00:00,14,91,0.0,0.0,0.0,0.6389,optimal
2021-02-09 21:30:00,14,91,0.0,0.0,0.0,0.3263333333333333,optimal
2021-02-09 22:00:00,14,91,0.0398095238095238,0.0,0.0,0.4106666666666667,optimal
2021-02-09 22:30:00,14,91,0.0,0.0,0.0,0.5424,optimal
2021-02-09 23:00:00,14,91,0.0,0.0,0.0,0.4461333333333333,optimal
2021-02-09 23:30:00,14,91,0.0,0.0,0.0,0.5225333333333333,optimal
2021-02-10 00:00:00,14,91,0.11942857142857143,0.0,0.0,0.11653333333333332,optimal
2021-02-10 00:30:00,14,91,0.9952380952380953,0.0,0.0,0.2074,optimal
2021-02-10 01:00:00,14,91,0.0,0.0,0.0,0.2185,optimal
2021-02-10 01:30:00,14,91,0.0,0.0,0.0,0.27203333333333335,optimal
2021-02-10 02:00:00,14,91,0.1351036974957096,0.0,0.0,0.4843,optimal
2021-02-10 02:30:00,14,91,2.2857142857142856,0.0,0.0,0.063,optimal
2021-02-10 03:00:00,14,91,2.2857142857142856,0.0,0.0,0.063,optimal
2021-02-10 03:30:00,14,91,2.2857142857142856,0.0,0.0,0.063,optimal
2021-02-10 04:00:00,14,91,2.2857142857142856,0.0,0.0,0.063,optimal
2021-02-10 04:30:00,14,91,2.2857142857142856,0.0,0.0,0.063,optimal
2021-02-10 05:00:00,14,91,2.2857142857142856,0.0,0.0,0.063,optimal
2021-02-10 05:30:00,14,91,2.2857142857142856,0.0,0.0,0.063,optimal
2021-02-10 06:00:00,14,91,2.2857142857142856,0.0,0.0,0.063,optimal
2021-02-10 06:30:00,14,91,2.2857142857142856,0.0,0.8606563210643297,1.0324333333333333,optimal
2021-02-10 07:00:00,14,91,2.2857142857142856,0.0,10.0,0.29453333333333337,optimal
2021-02-10 07:30:00,14,91,2.2857142857142856,0.0,0.0,0.2273,optimal
2021-02-10 08:00:00,14,91,1.2131194246960488,0.0,0.0,0.2531,optimal
2021-02-10 08:30:00,14,91,1.2517215559512522,0.0,0.0,0.182,optimal
2021-02-10 09:00:00,14,91,0.8165278737471217,0.0,0.0,1.4458,optimal
2021-02-10 09:30:00,14,91,0.9601090526213513,0.0,0.0,0.6691666666666666,optimal
2021-02-10 10:00:00,14,91,0.9096009903061723,0.0,0.0,0.073,optimal
2021-02-10 10:30:00,14,91,0.8992968744618328,0.0,0.0,0.073,optimal
2021-02-10 11:00:00,14,91,0.7076976146339454,0.0,0.0,0.073,optimal
2021-02-10 11:30:00,14,91,0.7008282040710676,0.0,0.0,0.073,optimal
2021-02-10 12:00:00,14,91,0.45966968436017436,0.0,0.0,0.073,optimal
2021-02-10 12:30:00,14,91,0.45966968436017436,0.0,0.0,0.073,optimal
2021-02-10 13:00:00,14,91,2.2857142857142856,0.0,0.0,0.15566666666666665,optimal
2021-02-10 13:30:00,14,91,2.2857142857142856,0.0,0.0,0.201,optimal
2021-02-10 14:00:00,14,91,2.2857142857142856,0.0,0.0,0.13806666666666667,optimal
2021-02-10 14:30:00,14,91,2.2857142857142856,0.0,0.0,0.073,optimal
2021-02-10 15:00:00,14,91,2.2857142857142856,0.0,0.0,0.073,optimal
2021-02-10 15:30:00,14,91,2.2857142857142856,0.0,0.0,0.073,optimal
2021-02-10 16:00:00,14,91,0.0,0.0,0.0,0.073,optimal
2021-02-10 16:30:00,14,91,0.0,0.0,0.0,0.073,optimal
2021-02-10 17:00:00,14,91,0.0,0.0,0.0,0.073,optimal
2021-02-10 17:30:00,14,91,0.0,0.0,0.0,0.073,optimal
2021-02-10 18:00:00,14,91,0.0,0.0,0.0,0.073,optimal
2021-02-10 18:30:00,14,91,0.0,0.0,0.0,0.073,optimal
2021-02-10 19:00:00,14,91,0.0,0.0,0.0,0.09366666666666669,optimal
2021-02-10 19:30:00,14,91,0.15925819555984863,0.0,0.0,0.17416666666666666,optimal
2021-02-10 20:00:00,14,91,1.243742158983463,0.0,0.0,0.297,optimal
2021-02-10 20:30:00,14,91,0.0,0.0,0.0,0.32080000000000003,optimal
2021-02-10 21:00:00,14,91,0.0,0.0,0.0,0.338,optimal
2021-02-10 21:30:00,14,91,0.0,0.0,0.0,0.3452,optimal
2021-02-10 22:00:00,14,91,0.0398095238095238,0.0,0.0,0.2949,optimal
2021-02-10 22:30:00,14,91,1.4729523809523806,0.0,0.0,0.2275,optimal
2021-02-10 23:00:00,14,91,0.0,0.0,0.0,0.073,optimal
2021-02-10 23:30:00,14,91,0.0,0.0,0.0,0.073,optimal
2021-02-11 00:00:00,14,91,0.0,0.0,0.0,0.057,optimal
2021-02-11 00:30:00,14,91,2.050190476190476,0.0,0.0,0.08286666666666666,optimal
2021-02-11 01:00:00,14,91,1.455736354472257,0.0,0.0,1.108,optimal
2021-02-11 01:30:00,14,91,2.2857142857142856,0.0,0.0,0.15736666666666668,optimal
2021-02-11 02:00:00,14,91,2.2857142857142856,0.0,0.0,0.19926666666666668,optimal
2021-02-11 02:30:00,14,91,2.2857142857142856,0.0,0.0,0.057,optimal
2021-02-11 03:00:00,14,91,2.2857142857142856,0.0,0.0,0.08933333333333333,optimal
2021-02-11 03:30:00,14,91,2.2857142857142856,0.0,0.0,0.16693333333333335,optimal
2021-02-11 04:00:00,14,91,2.2857142857142856,0.0,0.0,0.057,optimal
2021-02-11 04:30:00,14,91,2.2857142857142856,0.0,0.0,0.16046666666666667,optimal
2021-02-11 05:00:00,14,91,2.2857142857142856,0.0,0.0,0.0958,optimal
2021-02-11 05:30:00,14,91,2.2857142857142856,0.0,0.0,0.07640000000000001,optimal
2021-02-11 06:00:00,14,91,2.2857142857142856,0.0,0.0,0.17986666666666667,optimal
2021-02-11 06:30:00,14,91,2.2857142857142856,0.0,0.41157277519431545,0.057,optimal
2021-02-11 07:00:00,14,91,2.2857142857142856,0.0,10.0,0.3486666666666667,optimal
2021-02-11 07:30:00,14,91,2.2857142857142856,0.0,0.0,0.39426666666666665,optimal
2021-02-11 08:00:00,14,91,1.3228880037018527,0.0,0.0,0.32326666666666665,optimal
2021-02-11 08:30:00,14,91,1.311125452879507,0.0,0.0,0.5684,optimal
2021-02-11 09:00:00,14,91,0.995203731665308,0.0,0.0,0.9567333333333332,optimal
2021-02-11 09:30:00,14,91,0.8787251240444808,0.0,0.0,1.026,optimal
2021-02-11 10:00:00,14,91,0.817467921110788,0.0,0.0,0.08286666666666666,optimal
2021-02-11 10:30:00,14,91,0.8660748606785297,0.0,0.0,0.065,optimal
2021-02-11 11:00:00,14,91,0.38863474672393433,0.0,0.0,0.7279333333333333,optimal
2021-02-11 11:30:00,14,91,0.3921808341690036,0.0,0.0,0.45480000000000004,optimal
2021-02-11 12:00:00,14,91,0.024348703603185928,0.0,0.0,1.3667,optimal
2021-02-11 12:30:00,14,91,0.0,0.0,0.0,2.648333333333333,optimal
2021-02-11 13:00:00,14,91,2.2857142857142856,0.0,0.0,2.2135,optimal
2021-02-11 13:30:00,14,91,2.2857142857142856,0.0,0.0,0.242,optimal
2021-02-11 14:00:00,14,91,2.2857142857142856,0.0,0.0,0.32693333333333335,optimal
2021-02-11 14:30:00,14,91,2.2857142857142856,0.0,0.0,0.2834333333333333,optimal
2021-02-11 15:00:00,14,91,2.2857142857142856,0.0,0.0,0.1512666666666667,optimal
2021-02-11 15:30:00,14,91,2.2857142857142856,0.0,0.0,0.3788,optimal
2021-02-11 16:00:00,14,91,0.0,0.0,0.0,0.084,optimal
2021-02-11 16:30:00,14,91,0.0,0.0,0.0,0.3902,optimal
2021-02-11 17:00:00,14,91,0.0,0.0,0.0,0.37626666666666664,optimal
2021-02-11 17:30:00,14,91,0.0,0.0,0.0,0.2184,optimal
2021-02-11 18:00:00,14,91,0.0,0.0,0.0,0.4386666666666667,optimal
2021-02-11 18:30:00,14,91,0.0,0.0,0.0,0.3075333333333334,optimal
2021-02-11 19:00:00,14,91,0.0,0.0,0.0,0.2092,optimal
2021-02-11 19:30:00,14,91,0.0,0.0,0.0,0.4408,optimal
2021-02-11 20:00:00,14,91,0.9165958681515672,0.0,0.0,0.192,optimal
2021-02-11 20:30:00,14,91,0.0,0.0,0.0,0.6108666666666667,optimal
2021-02-11 21:00:00,14,91,0.0,0.0,0.0,0.5772666666666667,optimal
2021-02-11 21:30:00,14,91,0.0,0.0,0.0,0.4242666666666666,optimal
2021-02-11 22:00:00,14,91,0.0,0.0,0.0,0.6397999999999999,optimal
2021-02-11 22:30:00,14,91,0.39809523809523806,0.0,0.0,0.171,optimal
2021-02-11 23:00:00,14,91,0.0,0.0,0.0,0.067,optimal
2021-02-11 23:30:00,14,91,0.0,0.0,0.0,0.20926666666666668,optimal
2021-02-12 00:00:00,14,91,0.0,0.0,0.0,0.057,optimal
2021-02-12 00:30:00,14,91,2.2492622067891146,0.0,0.0,0.148,optimal
2021-02-12 01:00:00,14,91,2.2857142857142856,0.0,0.0,0.2054,optimal
2021-02-12 01:30:00,14,91,2.2857142857142856,0.0,0.0,0.064,optimal
2021-02-12 02:00:00,14,91,2.2857142857142856,0.0,0.0,0.1354,optimal
2021-02-12 02:30:00,14,91,2.2857142857142856,0.0,0.0,0.218,optimal
2021-02-12 03:00:00,14,91,2.2857142857142856,0.0,0.0,0.1354,optimal
2021-02-12 03:30:00,14,91,2.2857142857142856,0.0,0.0,0.085,optimal
2021-02-12 04:00:00,14,91,2.2857142857142856,0.0,0.0,0.197,optimal
2021-02-12 04:30:00,14,91,2.2857142857142856,0.0,0.0,0.1354,optimal
2021-02-12 05:00:00,14,91,2.2857142857142856,0.0,0.0,0.064,optimal
2021-02-12 05:30:00,14,91,2.2857142857142856,0.0,0.0,0.064,optimal
2021-02-12 06:00:00,14,91,2.2857142857142856,0.0,9.84307655058193,0.2565,optimal
2021-02-12 06:30:00,14,91,2.2857142857142856,0.0,10.0,0.0969,optimal
2021-02-12 07:00:00,14,91,2.2857142857142856,0.0,10.0,0.09176666666666668,optimal
2021-02-12 07:30:00,14,91,2.2857142857142856,0.0,0.0,0.2609666666666666,optimal
2021-02-12 08:00:00,14,91,1.492978073313543,0.0,0.0,0.0849,optimal
2021-02-12 08:30:00,14,91,1.4021168944392954,0.0,0.0,0.257,optimal
2021-02-12 09:00:00,14,91,1.4354446828328107,0.0,0.0,0.071,optimal
2021-02-12 09:30:00,14,91,1.2443176504494808,0.0,0.0,0.211,optimal
2021-02-12 10:00:00,14,91,0.850696699815014,0.0,0.0,0.064,optimal
2021-02-12 10:30:00,14,91,0.7750190575635109,0.0,0.0,0.2327,optimal
2021-02-12 11:00:00,14,91,0.5396739940414026,0.0,0.0,0.1207,optimal
2021-02-12 11:30:00,14,91,0.5524392887599727,0.0,0.0,0.064,optimal
2021-02-12 12:00:00,14,91,0.3953515895173829,0.0,0.0,0.2894,optimal
2021-02-12 12:30:00,14,91,0.4563168842359451,0.0,0.0,0.064,optimal
2021-02-12 13:00:00,14,91,1.0853176339342225,0.0,0.0,0.169,optimal
2021-02-12 13:30:00,14,91,1.898678341772165,0.0,0.0,0.113,optimal
2021-02-12 14:00:00,14,91,2.2857142857142856,0.0,0.0,0.5761666666666666,optimal
2021-02-12 14:30:00,14,91,2.2857142857142856,0.0,0.0,2.7123000000000004,optimal
2021-02-12 15:00:00,14,91,2.2857142857142856,0.0,0.0,1.0919333333333334,optimal
2021-02-12 15:30:00,14,91,2.2857142857142856,0.0,0.0,0.8764333333333333,optimal
2021-02-12 16:00:00,14,91,0.0,0.0,0.0,2.1049333333333333,optimal
2021-02-12 16:30:00,14,91,0.0,0.0,0.0,2.4783666666666666,optimal
2021-02-12 17:00:00,14,91,0.0,0.0,0.0,1.8549333333333327,optimal
2021-02-12 17:30:00,14,91,0.0,0.0,0.0,0.5652,optimal
2021-02-12 18:00:00,14,91,0.0,0.0,0.0,3.8166333333333333,optimal
2021-02-12 18:30:00,14,91,0.0,0.0,0.0,0.43023333333333336,optimal
2021-02-12 19:00:00,14,91,0.0,0.0,0.0,1.7330666666666665,optimal
2021-02-12 19:30:00,14,91,0.0,0.0,0.0,3.1655333333333333,optimal
2021-02-12 20:00:00,14,91,0.0,0.0,0.0,0.21830000000000002,optimal
2021-02-12 20:30:00,14,91,0.0,0.0,0.0,1.6468333333333331,optimal
2021-02-12 21:00:00,14,91,0.0,0.0,0.0,0.28806666666666664,optimal
2021-02-12 21:30:00,14,91,0.0,0.0,0.0,3.206733333333333,optimal
2021-02-12 22:00:00,14,91,0.23885714285714285,0.0,0.0,1.8972666666666669,optimal
2021-02-12 22:30:00,14,91,0.0,0.0,0.0,0.5124333333333333,optimal
2021-02-12 23:00:00,14,91,0.0,0.0,0.0,0.24856666666666663,optimal
2021-02-12 23:30:00,14,91,0.0,0.0,0.0,0.201,optimal
2021-02-13 00:00:00,14,91,0.0,0.0,0.0,0.1348,optimal
2021-02-13 00:30:00,14,91,0.17914285714285713,0.0,0.0,0.058,optimal
2021-02-13 01:00:00,14,91,0.0,0.0,0.0,0.223,optimal
2021-02-13 01:30:00,14,91,0.0,0.0,0.0,0.1348,optimal
2021-02-13 02:00:00,14,91,1.785302810903454,0.0,0.0,0.208,optimal
2021-02-13 02:30:00,14,91,2.2857142857142856,0.0,0.0,0.073,optimal
2021-02-13 03:00:00,14,91,2.2857142857142856,0.0,0.0,0.1348,optimal
2021-02-13 03:30:00,14,91,2.2857142857142856,0.0,0.0,0.2155,optimal
2021-02-13 04:00:00,14,91,2.2857142857142856,0.0,0.0,0.10816666666666669,optimal
2021-02-13 04:30:00,14,91,2.2857142857142856,0.0,0.0,0.09213333333333334,optimal
2021-02-13 05:00:00,14,91,2.2857142857142856,0.0,0.0,0.223,optimal
2021-02-13 05:30:00,14,91,2.2857142857142856,0.0,0.0,0.1348,optimal
2021-02-13 06:00:00,14,91,2.2857142857142856,0.0,0.0,0.058,optimal
2021-02-13 06:30:00,14,91,2.2857142857142856,0.0,1.9156914215995053,0.061666666666666654,optimal
2021-02-13 07:00:00,14,91,2.2857142857142856,0.0,10.0,0.06733333333333333,optimal
2021-02-13 07:30:00,14,91,2.2857142857142856,0.0,0.0,0.2317,optimal
2021-02-13 08:00:00,14,91,1.4123761425749246,0.0,0.0,0.1411,optimal
2021-02-13 08:30:00,14,91,1.4312557230077751,0.0,0.0,0.058,optimal
2021-02-13 09:00:00,14,91,1.2552637332740464,0.0,0.0,0.1348,optimal
2021-02-13 09:30:00,14,91,1.2343187782954108,0.0,0.0,0.153,optimal
2021-02-13 10:00:00,14,91,0.9428857513927722,0.0,0.0,0.21480000000000002,optimal
2021-02-13 10:30:00,14,91,0.9604415223018075,0.0,0.0,0.08733333333333333,optimal
2021-02-13 11:00:00,14,91,0.6034351052586445,0.0,0.0,0.22153333333333333,optimal
2021-02-13 11:30:00,14,91,0.661314685691507,0.0,0.0,0.10493333333333334,optimal
2021-02-13 12:00:00,14,91,0.5485666375230197,0.0,0.0,0.058,optimal
2021-02-13 12:30:00,14,91,0.4945543698172758,0.0,0.0,0.223,optimal
2021-02-13 13:00:00,14,91,2.2857142857142856,0.0,0.0,0.13053333333333333,optimal
2021-02-13 13:30:00,14,91,2.2857142857142856,0.0,0.0,0.19726666666666667,optimal
2021-02-13 14:00:00,14,91,2.2857142857142856,0.0,0.0,0.088,optimal
2021-02-13 14:30:00,14,91,2.2857142857142856,0.0,0.0,0.1348,optimal
2021-02-13 15:00:00,14,91,2.2857142857142856,0.0,0.0,0.24409999999999998,optimal
2021-02-13 15:30:00,14,91,2.2857142857142856,0.0,0.0,0.20776666666666668,optimal
2021-02-13 16:00:00,14,91,0.0,0.0,0.0,0.10996666666666668,optimal
2021-02-13 16:30:00,14,91,0.0,0.0,0.0,0.109,optimal
2021-02-13 17:00:00,14,91,0.0,0.0,0.0,0.22093333333333331,optimal
2021-02-13 17:30:00,14,91,0.0,0.0,0.0,0.4038,optimal
2021-02-13 18:00:00,14,91,0.0,0.0,0.0,0.2518666666666667,optimal
2021-02-13 18:30:00,14,91,0.0,0.0,0.0,0.24566666666666662,optimal
2021-02-13 19:00:00,14,91,0.0,0.0,0.0,0.4268,optimal
2021-02-13 19:30:00,14,91,0.2054619666224009,0.0,0.0,0.18030000000000002,optimal
2021-02-13 20:00:00,14,91,1.0779910701519542,0.0,0.0,0.32543333333333335,optimal
2021-02-13 20:30:00,14,91,0.0,0.0,0.0,0.35026666666666667,optimal
2021-02-13 21:00:00,14,91,0.0,0.0,0.0,1.8386333333333327,optimal
2021-02-13 21:30:00,14,91,0.0,0.0,0.0,0.4361666666666667,optimal
2021-02-13 22:00:00,14,91,0.0,0.0,0.0,0.14,optimal
2021-02-13 22:30:00,14,91,0.0,0.0,0.0,0.2522,optimal
2021-02-13 23:00:00,14,91,0.0,0.0,0.0,0.2007,optimal
2021-02-13 23:30:00,14,91,0.0,0.0,0.0,0.3055333333333334,optimal
2021-02-07 00:00:00,15,91,0.0,0.0,0.0,0.063,optimal
2021-02-07 00:30:00,15,91,0.0,0.0,0.0,0.063,optimal
2021-02-07 01:00:00,15,91,0.0,0.0,0.0,0.063,optimal
2021-02-07 01:30:00,15,91,0.0,0.0,0.0,0.063,optimal
2021-02-07 02:00:00,15,91,0.0,0.0,0.0,0.063,optimal
2021-02-07 02:30:00,15,91,0.0,0.0,0.0,0.063,optimal
2021-02-07 03:00:00,15,91,0.0,0.0,0.0,0.063,optimal
2021-02-07 03:30:00,15,91,0.0,0.0,0.0,0.063,optimal
2021-02-07 04:00:00,15,91,2.2857142857142856,0.0,0.0,0.063,optimal
2021-02-07 04:30:00,15,91,2.2857142857142856,0.0,0.0,0.063,optimal
2021-02-07 05:00:00,15,91,2.2857142857142856,0.0,0.0,0.063,optimal
2021-02-07 05:30:00,15,91,2.2857142857142856,0.0,0.0,0.063,optimal
2021-02-07 06:00:00,15,91,2.2857142857142856,0.0,0.0,0.063,optimal
2021-02-07 06:30:00,15,91,2.2857142857142856,0.0,0.0,0.066,optimal
2021-02-07 07:00:00,15,91,2.2857142857142856,0.0,2.0120072799789424,0.0828,optimal
2021-02-07 07:30:00,15,91,0.0,0.0,0.0,0.23266666666666663,optimal
2021-02-07 08:00:00,15,91,0.0,0.0,0.0,0.4905,optimal
2021-02-07 08:30:00,15,91,0.0,0.0,0.0,0.5737000000000001,optimal
2021-02-07 09:00:00,15,91,0.0,0.0,0.0,1.7203666666666666,optimal
2021-02-07 09:30:00,15,91,0.015555024015767752,0.0,0.0,0.26266666666666666,optimal
2021-02-07 10:00:00,15,91,0.9146150134361364,0.0,0.0,0.22266666666666662,optimal
2021-02-07 10:30:00,15,91,0.9211034716180645,0.0,0.0,0.23566666666666664,optimal
2021-02-07 11:00:00,15,91,0.7770592563887011,0.0,0.0,0.25,optimal
2021-02-07 11:30:00,15,91,0.6937659230553649,0.0,0.0,1.0494,optimal
2021-02-07 12:00:00,15,91,0.6205683180532089,0.0,0.0,0.8667999999999999,optimal
2021-02-07 12:30:00,15,91,0.7407340323389316,0.0,0.0,0.0708,optimal
2021-02-07 13:00:00,15,91,2.2857142857142856,0.0,0.0,0.2347,optimal
2021-02-07 13:30:00,15,91,2.2857142857142856,0.0,0.0,1.5164666666666666,optimal
2021-02-07 14:00:00,15,91,2.2857142857142856,0.0,0.0,0.197,optimal
2021-02-07 14:30:00,15,91,2.2857142857142856,0.0,0.0,0.197,optimal
2021-02-07 15:00:00,15,91,2.2857142857142856,0.0,0.0,0.34953333333333336,optimal
2021-02-07 15:30:00,15,91,2.2857142857142856,0.0,0.0,0.364,optimal
2021-02-07 16:00:00,15,91,0.0,0.0,0.0,0.35703333333333337,optimal
2021-02-07 16:30:00,15,91,0.0,0.0,0.0,0.7432000000000001,optimal
2021-02-07 17:00:00,15,91,0.0,0.0,0.0,1.4710333333333332,optimal
2021-02-07 17:30:00,15,91,0.0,0.0,0.0,0.7627,optimal
2021-02-07 18:00:00,15,91,0.0,0.0,0.0,2.2335666666666665,optimal
2021-02-07 18:30:00,15,91,0.0,0.0,0.0,0.38356666666666667,optimal
2021-02-07 19:00:00,15,91,0.0,0.0,0.0,0.4828,optimal
2021-02-07 19:30:00,15,91,0.0,0.0,0.0,0.5501,optimal
2021-02-07 20:00:00,15,91,0.545451120921646,0.0,0.0,0.24,optimal
2021-02-07 20:30:00,15,91,0.0,0.0,0.0,0.5165,optimal
2021-02-07 21:00:00,15,91,0.0,0.0,0.0,0.208,optimal
2021-02-07 21:30:00,15,91,0.0,0.0,0.0,0.2308,optimal
2021-02-07 22:00:00,15,91,0.0199047619047619,0.0,0.0,0.244,optimal
2021-02-07 22:30:00,15,91,0.0,0.0,0.0,0.2417333333333333,optimal
2021-02-07 23:00:00,15,91,0.0,0.0,0.0,0.073,optimal
2021-02-07 23:30:00,15,91,0.0,0.0,0.0,0.073,optimal
2021-02-08 00:00:00,15,91,0.0,0.0,0.0,0.056,optimal
2021-02-08 00:30:00,15,91,0.9952380952380953,0.0,0.0,0.05733333333333333,optimal
2021-02-08 01:00:00,15,91,0.0,0.0,0.0,0.254,optimal
2021-02-08 01:30:00,15,91,0.0,0.0,0.0,0.08053333333333333,optimal
2021-02-08 02:00:00,15,91,0.0,0.0,0.0,0.11943333333333334,optimal
2021-02-08 02:30:00,15,91,1.6431632747888412,0.0,0.0,0.13703333333333334,optimal
2021-02-08 03:00:00,15,91,2.2857142857142856,0.0,0.0,0.0887,optimal
2021-02-08 03:30:00,15,91,2.2857142857142856,0.0,0.0,0.2325,optimal
2021-02-08 04:00:00,15,91,2.2857142857142856,0.0,0.0,0.056,optimal
2021-02-08 04:30:00,15,91,2.2857142857142856,0.0,0.0,0.056,optimal
2021-02-08 05:00:00,15,91,2.2857142857142856,0.0,0.0,0.2199,optimal
2021-02-08 05:30:00,15,91,2.2857142857142856,0.0,0.0,0.10596666666666668,optimal
2021-02-08 06:00:00,15,91,2.2857142857142856,0.0,0.0,0.06466666666666668,optimal
2021-02-08 06:30:00,15,91,2.2857142857142856,0.0,8.923172148266294,0.2545666666666666,optimal
2021-02-08 07:00:00,15,91,2.2857142857142856,0.0,0.0,0.8869333333333332,optimal
2021-02-08 07:30:00,15,91,2.2857142857142856,0.0,0.0,0.07133333333333333,optimal
2021-02-08 08:00:00,15,91,1.1725281482018406,0.0,0.0,0.12926666666666667,optimal
2021-02-08 08:30:00,15,91,1.2286166063837571,0.0,0.0,0.1903333333333333,optimal
2021-02-08 09:00:00,15,91,1.099542499596628,0.0,0.0,0.2122333333333333,optimal
2021-02-08 09:30:00,15,91,1.0666383837523148,0.0,0.0,0.23846666666666666,optimal
2021-02-08 10:00:00,15,91,0.7601299866854545,0.0,0.0,1.4743,optimal
2021-02-08 10:30:00,15,91,0.8231579120535841,0.0,0.0,0.7045666666666667,optimal
2021-02-08 11:00:00,15,91,0.6981981332459599,0.0,0.0,0.066,optimal
2021-02-08 11:30:00,15,91,0.6726430083973458,0.0,0.0,0.13140000000000002,optimal
2021-02-08 12:00:00,15,91,0.5643928339619577,0.0,0.0,0.20313333333333333,optimal
2021-02-08 12:30:00,15,91,0.5763397271218984,0.0,0.0,0.11323333333333332,optimal
2021-02-08 13:00:00,15,91,2.2857142857142856,0.0,0.0,0.15273333333333333,optimal
2021-02-08 13:30:00,15,91,2.2857142857142856,0.0,0.0,0.16726666666666667,optimal
2021-02-08 14:00:00,15,91,2.2857142857142856,0.0,0.0,0.0987,optimal
2021-02-08 14:30:00,15,91,2.2857142857142856,0.0,0.0,0.9872000000000001,optimal
2021-02-08 15:00:00,15,91,2.2857142857142856,0.0,0.0,0.26366666666666666,optimal
2021-02-08 15:30:00,15,91,2.2857142857142856,0.0,0.0,0.184,optimal
2021-02-08 16:00:00,15,91,0.0,0.0,0.0,0.2154,optimal
2021-02-08 16:30:00,15,91,0.0,0.0,0.0,0.4332,optimal
2021-02-08 17:00:00,15,91,0.0,0.0,0.0,2.0000999999999998,optimal
2021-02-08 17:30:00,15,91,0.0,0.0,0.0,0.228,optimal
2021-02-08 18:00:00,15,91,0.0,0.0,0.0,0.228,optimal
2021-02-08 18:30:00,15,91,0.0,0.0,0.0,0.3361,optimal
2021-02-08 19:00:00,15,91,0.0,0.0,0.0,0.26373333333333326,optimal
2021-02-08 19:30:00,15,91,0.0,0.0,0.0,0.5131,optimal
2021-02-08 20:00:00,15,91,0.01781877652048444,0.0,0.0,0.4000666666666667,optimal
2021-02-08 20:30:00,15,91,0.0,0.0,0.0,0.1729,optimal
2021-02-08 21:00:00,15,91,0.0,0.0,0.0,0.5011666666666666,optimal
2021-02-08 21:30:00,15,91,0.0,0.0,0.0,0.5991333333333333,optimal
2021-02-08 22:00:00,15,91,0.0,0.0,0.0,0.11686666666666666,optimal
2021-02-08 22:30:00,15,91,0.0,0.0,0.0,0.08053333333333333,optimal
2021-02-08 23:00:00,15,91,0.0,0.0,0.0,0.20313333333333333,optimal
2021-02-08 23:30:00,15,91,0.0,0.0,0.0,0.066,optimal
2021-02-09 00:00:00,15,91,0.0,0.0,0.0,0.11,optimal
2021-02-09 00:30:00,15,91,0.8758095238095238,0.0,0.0,0.12066666666666669,optimal
2021-02-09 01:00:00,15,91,0.0,0.0,0.0,0.10563333333333334,optimal
2021-02-09 01:30:00,15,91,0.0,0.0,0.0,0.26216666666666666,optimal
2021-02-09 02:00:00,15,91,0.665351756480717,0.0,0.0,0.07933333333333333,optimal
2021-02-09 02:30:00,15,91,2.2857142857142856,0.0,0.0,0.28853333333333336,optimal
2021-02-09 03:00:00,15,91,2.2857142857142856,0.0,0.0,0.12433333333333331,optimal
2021-02-09 03:30:00,15,91,2.2857142857142856,0.0,0.0,0.16706666666666667,optimal
2021-02-09 04:00:00,15,91,2.2857142857142856,0.0,0.0,0.26313333333333333,optimal
2021-02-09 04:30:00,15,91,2.2857142857142856,0.0,0.0,0.12440000000000001,optimal
2021-02-09 05:00:00,15,91,2.2857142857142856,0.0,0.0,0.2559333333333333,optimal
2021-02-09 05:30:00,15,91,2.2857142857142856,0.0,0.0,0.1396,optimal
2021-02-09 06:00:00,15,91,2.2857142857142856,0.0,3.526827968308878,0.13333333333333333,optimal
2021-02-09 06:30:00,15,91,2.2857142857142856,0.0,10.0,0.2268,optimal
2021-02-09 07:00:00,15,91,2.2857142857142856,0.0,10.0,0.15166666666666664,optimal
2021-02-09 07:30:00,15,91,2.2857142857142856,0.0,0.0,0.13576666666666667,optimal
2021-02-09 08:00:00,15,91,1.124609986124882,0.0,0.0,0.5485,optimal
2021-02-09 08:30:00,15,91,1.2005820607567423,0.0,0.0,0.18886666666666668,optimal
2021-02-09 09:00:00,15,91,0.9853370678208206,0.0,0.0,0.3396,optimal
2021-02-09 09:30:00,15,91,0.659862169465515,0.0,0.0,1.2370999999999999,optimal
2021-02-09 10:00:00,15,91,0.5052095245129187,0.0,0.0,0.8791,optimal
2021-02-09 10:30:00,15,91,0.6555464742962003,0.0,0.0,0.4818,optimal
2021-02-09 11:00:00,15,91,0.4245568043260862,0.0,0.0,1.7041333333333335,optimal
2021-02-09 11:30:00,15,91,0.5087754323779735,0.0,0.0,0.38153333333333334,optimal
2021-02-09 12:00:00,15,91,0.3497144374467188,0.0,0.0,0.38846666666666657,optimal
2021-02-09 12:30:00,15,91,0.3922653332043557,0.0,0.0,0.261,optimal
2021-02-09 13:00:00,15,91,2.250608680174722,0.0,0.0,0.3315666666666667,optimal
2021-02-09 13:30:00,15,91,2.2857142857142856,0.0,0.0,0.17866666666666667,optimal
2021-02-09 14:00:00,15,91,2.2857142857142856,0.0,0.0,0.15303333333333333,optimal
2021-02-09 14:30:00,15,91,2.2857142857142856,0.0,0.0,0.1281,optimal
2021-02-09 15:00:00,15,91,2.2857142857142856,0.0,0.0,0.17706666666666665,optimal
2021-02-09 15:30:00,15,91,2.2857142857142856,0.0,0.0,0.19833333333333328,optimal
2021-02-09 16:00:00,15,91,0.0,0.0,0.0,0.17346666666666666,optimal
2021-02-09 16:30:00,15,91,0.0,0.0,0.0,0.17903333333333332,optimal
2021-02-09 17:00:00,15,91,0.0,0.0,0.0,0.2445,optimal
2021-02-09 17:30:00,15,91,0.0,0.0,0.0,0.2029333333333333,optimal
2021-02-09 18:00:00,15,91,0.0,0.0,0.0,0.1088,optimal
2021-02-09 18:30:00,15,91,0.0,0.0,0.0,1.3152000000000001,optimal
2021-02-09 19:00:00,15,91,0.0,0.0,0.0,1.121733333333333,optimal
2021-02-09 19:30:00,15,91,0.0,0.0,0.0,1.7384000000000002,optimal
2021-02-09 20:00:00,15,91,0.0,0.0,0.0,0.8184666666666667,optimal
2021-02-09 20:30:00,15,91,0.0,0.0,0.0,0.6455333333333333,optimal
2021-02-09 21:00:00,15,91,0.0,0.0,0.0,0.6982666666666667,optimal
2021-02-09 21:30:00,15,91,0.0,0.0,0.0,1.1949333333333334,optimal
2021-02-09 22:00:00,15,91,0.747224761904762,0.0,0.0,0.367,optimal
2021-02-09 22:30:00,15,91,0.0,0.0,0.0,0.08446666666666666,optimal
2021-02-09 23:00:00,15,91,0.0,0.0,0.0,0.19666666666666663,optimal
2021-02-09 23:30:00,15,91,0.0,0.0,0.0,0.2074,optimal
2021-02-10 00:00:00,15,91,0.11942857142857143,0.0,0.0,0.0938,optimal
2021-02-10 00:30:00,15,91,0.8559047619047618,0.0,0.0,0.22273333333333328,optimal
2021-02-10 01:00:00,15,91,0.0,0.0,0.0,0.16333333333333333,optimal
2021-02-10 01:30:00,15,91,0.0,0.0,0.0,0.1852666666666667,optimal
2021-02-10 02:00:00,15,91,0.0,0.0,0.0,0.5386666666666666,optimal
2021-02-10 02:30:00,15,91,2.1117233647928906,0.0,0.0,0.19353333333333333,optimal
2021-02-10 03:00:00,15,91,2.2857142857142856,0.0,0.0,0.1479,optimal
2021-02-10 03:30:00,15,91,2.2857142857142856,0.0,0.0,0.1785,optimal
2021-02-10 04:00:00,15,91,2.2857142857142856,0.0,0.0,0.20886666666666667,optimal
2021-02-10 04:30:00,15,91,2.2857142857142856,0.0,0.0,0.17933333333333334,optimal
2021-02-10 05:00:00,15,91,2.2857142857142856,0.0,0.0,0.06,optimal
2021-02-10 05:30:00,15,91,2.2857142857142856,0.0,0.0,0.2021,optimal
2021-02-10 06:00:00,15,91,2.2857142857142856,0.0,0.0,0.06676666666666667,optimal
2021-02-10 06:30:00,15,91,2.2857142857142856,0.0,0.0,0.19963333333333333,optimal
2021-02-10 07:00:00,15,91,2.2857142857142856,0.0,7.294376275540015,0.2077,optimal
2021-02-10 07:30:00,15,91,2.2857142857142856,0.0,0.0,0.23396666666666666,optimal
2021-02-10 08:00:00,15,91,1.2017365675532057,0.0,0.0,0.12866666666666665,optimal
2021-02-10 08:30:00,15,91,1.130550127379833,0.0,0.0,0.2072333333333333,optimal
2021-02-10 09:00:00,15,91,0.9521450166042587,0.0,0.0,0.17136666666666667,optimal
2021-02-10 09:30:00,15,91,0.9155204811927773,0.0,0.0,0.2554666666666667,optimal
2021-02-10 10:00:00,15,91,0.633620037925201,0.0,0.0,0.32973333333333327,optimal
2021-02-10 10:30:00,15,91,0.5365006839856613,0.0,0.0,0.7797333333333334,optimal
2021-02-10 11:00:00,15,91,0.26043666225300655,0.0,0.0,1.2554333333333334,optimal
2021-02-10 11:30:00,15,91,0.4247767754996502,0.0,0.0,0.5565,optimal
2021-02-10 12:00:00,15,91,0.33596492245542925,0.0,0.0,0.23776666666666668,optimal
2021-02-10 12:30:00,15,91,0.20951825578875016,0.0,0.0,1.3773666666666666,optimal
2021-02-10 13:00:00,15,91,1.5320371234757462,0.0,0.0,0.6962999999999999,optimal
2021-02-10 13:30:00,15,91,2.285714285714285,0.0,0.0,0.19206666666666664,optimal
2021-02-10 14:00:00,15,91,2.2857142857142856,0.0,0.0,0.2907333333333333,optimal
2021-02-10 14:30:00,15,91,2.2857142857142856,0.0,0.0,1.7561666666666667,optimal
2021-02-10 15:00:00,15,91,2.2857142857142856,0.0,0.0,1.7266333333333335,optimal
2021-02-10 15:30:00,15,91,2.2857142857142856,0.0,0.0,0.8766666666666666,optimal
2021-02-10 16:00:00,15,91,0.0,0.0,0.0,0.356,optimal
2021-02-10 16:30:00,15,91,0.0,0.0,0.0,0.5922999999999999,optimal
2021-02-10 17:00:00,15,91,0.0,0.0,0.0,0.5276000000000001,optimal
2021-02-10 17:30:00,15,91,0.0,0.0,0.0,1.0833,optimal
2021-02-10 18:00:00,15,91,0.0,0.0,0.0,0.9703666666666668,optimal
2021-02-10 18:30:00,15,91,0.0,0.0,0.0,0.44753333333333334,optimal
2021-02-10 19:00:00,15,91,0.0,0.0,0.0,0.8202,optimal
2021-02-10 19:30:00,15,91,0.0,0.0,0.0,2.5766,optimal
2021-02-10 20:00:00,15,91,0.0,0.0,0.0,0.5629333333333333,optimal
2021-02-10 20:30:00,15,91,0.0,0.0,0.0,0.18736666666666668,optimal
2021-02-10 21:00:00,15,91,0.0,0.0,0.0,0.5136666666666666,optimal
2021-02-10 21:30:00,15,91,0.0,0.0,0.0,0.2284,optimal
2021-02-10 22:00:00,15,91,0.0398095238095238,0.0,0.0,0.26453333333333334,optimal
2021-02-10 22:30:00,15,91,0.0,0.0,0.0,0.07,optimal
2021-02-10 23:00:00,15,91,0.0,0.0,0.0,0.12966666666666665,optimal
2021-02-10 23:30:00,15,91,0.0,0.0,0.0,0.12466666666666669,optimal
2021-02-11 00:00:00,15,91,0.0,0.0,0.0,0.06,optimal
2021-02-11 00:30:00,15,91,0.9355238095238095,0.0,0.0,0.06,optimal
2021-02-11 01:00:00,15,91,1.9205324154112093,0.0,0.0,0.06,optimal
2021-02-11 01:30:00,15,91,2.2857142857142856,0.0,0.0,0.06,optimal
2021-02-11 02:00:00,15,91,2.2857142857142856,0.0,0.0,0.06,optimal
2021-02-11 02:30:00,15,91,2.2857142857142856,0.0,0.0,0.06,optimal
2021-02-11 03:00:00,15,91,2.2857142857142856,0.0,0.0,0.06,optimal
2021-02-11 03:30:00,15,91,2.2857142857142856,0.0,0.0,0.06,optimal
2021-02-11 04:00:00,15,91,2.2857142857142856,0.0,0.0,0.06,optimal
2021-02-11 04:30:00,15,91,2.2857142857142856,0.0,0.0,0.06,optimal
2021-02-11 05:00:00,15,91,2.2857142857142856,0.0,0.0,0.06,optimal
2021-02-11 05:30:00,15,91,2.2857142857142856,0.0,0.0,0.06,optimal
2021-02-11 06:00:00,15,91,2.2857142857142856,0.0,0.0,0.06,optimal
2021-02-11 06:30:00,15,91,2.2857142857142856,0.0,2.009431336216464,0.06266666666666666,optimal
2021-02-11 07:00:00,15,91,2.2857142857142856,0.0,10.0,0.35660000000000003,optimal
2021-02-11 07:30:00,15,91,2.2857142857142856,0.0,0.0,0.7625,optimal
2021-02-11 08:00:00,15,91,1.3528880037018667,0.0,0.0,0.22119999999999998,optimal
2021-02-11 08:30:00,15,91,1.2691349766890392,0.0,0.0,0.6012000000000001,optimal
2021-02-11 09:00:00,15,91,1.232451350712912,0.0,0.0,0.21919999999999998,optimal
2021-02-11 09:30:00,15,91,1.081096552615905,0.0,0.0,0.24480000000000002,optimal
2021-02-11 10:00:00,15,91,0.6180393496822215,0.0,0.0,0.2516,optimal
2021-02-11 10:30:00,15,91,0.7125891463928161,0.0,0.0,0.2467333333333333,optimal
2021-02-11 11:00:00,15,91,0.48022522291441366,0.0,0.0,0.2576,optimal
2021-02-11 11:30:00,15,91,0.37245702464520397,0.0,0.0,0.3221,optimal
2021-02-11 12:00:00,15,91,0.13434870360319184,0.0,0.0,0.3454,optimal
2021-02-11 12:30:00,15,91,0.2069642016111421,0.0,0.0,0.168,optimal
2021-02-11 13:00:00,15,91,2.2857142857142856,0.0,0.0,0.07,optimal
2021-02-11 13:30:00,15,91,2.2857142857142856,0.0,0.0,0.07,optimal
2021-02-11 14:00:00,15,91,2.2857142857142856,0.0,0.0,0.07,optimal
2021-02-11 14:30:00,15,91,2.2857142857142856,0.0,0.0,0.07,optimal
2021-02-11 15:00:00,15,91,2.2857142857142856,0.0,0.0,0.07,optimal
2021-02-11 15:30:00,15,91,2.2857142857142856,0.0,0.0,0.07,optimal
2021-02-11 16:00:00,15,91,0.0,0.0,0.0,0.07,optimal
2021-02-11 16:30:00,15,91,0.0,0.0,0.0,0.07,optimal
2021-02-11 17:00:00,15,91,0.0,0.0,0.0,0.3613,optimal
2021-02-11 17:30:00,15,91,0.0,0.0,0.0,0.2241,optimal
2021-02-11 18:00:00,15,91,0.0,0.0,0.0,0.36860000000000004,optimal
2021-02-11 18:30:00,15,91,0.0,0.0,0.0,0.6091,optimal
2021-02-11 19:00:00,15,91,0.0,0.0,0.0,0.4398,optimal
2021-02-11 19:30:00,15,91,0.5275880335995624,0.0,0.0,0.252,optimal
2021-02-11 20:00:00,15,91,1.567161191717093,0.0,0.0,0.305,optimal
2021-02-11 20:30:00,15,91,0.0,0.0,0.0,0.07,optimal
2021-02-11 21:00:00,15,91,0.0,0.0,0.0,0.07,optimal
2021-02-11 21:30:00,15,91,0.0,0.0,0.0,0.3046333333333333,optimal
2021-02-11 22:00:00,15,91,0.0,0.0,0.0,0.07,optimal
2021-02-11 22:30:00,15,91,0.0,0.0,0.0,0.07,optimal
2021-02-11 23:00:00,15,91,0.0,0.0,0.0,0.07,optimal
2021-02-11 23:30:00,15,91,0.0,0.0,0.0,0.07,optimal
2021-02-12 00:00:00,15,91,0.9940176465632715,0.0,0.0,0.064,optimal
2021-02-12 00:30:00,15,91,2.2857142857142856,0.0,0.0,0.11259999999999999,optimal
2021-02-12 01:00:00,15,91,2.2857142857142856,0.0,0.0,0.21766666666666662,optimal
2021-02-12 01:30:00,15,91,2.2857142857142856,0.0,0.0,0.064,optimal
2021-02-12 02:00:00,15,91,2.2857142857142856,0.0,0.0,0.15826666666666667,optimal
2021-02-12 02:30:00,15,91,2.2857142857142856,0.0,0.0,0.064,optimal
2021-02-12 03:00:00,15,91,2.2857142857142856,0.0,0.0,0.172,optimal
2021-02-12 03:30:00,15,91,2.2857142857142856,0.0,0.0,0.064,optimal
2021-02-12 04:00:00,15,91,2.2857142857142856,0.0,0.0,0.16906666666666667,optimal
2021-02-12 04:30:00,15,91,2.2857142857142856,0.0,0.0,0.16119999999999998,optimal
2021-02-12 05:00:00,15,91,2.2857142857142856,0.0,0.0,0.11786666666666666,optimal
2021-02-12 05:30:00,15,91,2.2857142857142856,0.0,0.0,0.2137333333333333,optimal
2021-02-12 06:00:00,15,91,2.2857142857142856,0.0,1.4802268289051015,0.074,optimal
2021-02-12 06:30:00,15,91,2.2857142857142856,0.0,10.0,0.182,optimal
2021-02-12 07:00:00,15,91,2.2857142857142856,0.0,10.0,0.1576,optimal
2021-02-12 07:30:00,15,91,2.2857142857142856,0.0,0.0,0.266,optimal
2021-02-12 08:00:00,15,91,1.7607875971230806,0.0,0.0,0.26426666666666665,optimal
2021-02-12 08:30:00,15,91,1.5666502277726426,0.0,0.0,0.064,optimal
2021-02-12 09:00:00,15,91,1.4021494447375713,0.0,0.0,0.18873333333333328,optimal
2021-02-12 09:30:00,15,91,1.2587938409256851,0.0,0.0,0.16153333333333333,optimal
2021-02-12 10:00:00,15,91,0.8173252712435937,0.0,0.0,0.173,optimal
2021-02-12 10:30:00,15,91,0.7381523908968364,0.0,0.0,0.15693333333333334,optimal
2021-02-12 11:00:00,15,91,0.4279120892795127,0.0,0.0,0.20906666666666662,optimal
2021-02-12 11:30:00,15,91,0.3464964316171133,0.0,0.0,0.482,optimal
2021-02-12 12:00:00,15,91,0.30664492285071615,0.0,0.0,0.8042999999999999,optimal
2021-02-12 12:30:00,15,91,0.3350959318550005,0.0,0.0,0.9756333333333332,optimal
2021-02-12 13:00:00,15,91,2.2857142857142856,0.0,0.0,0.2453333333333333,optimal
2021-02-12 13:30:00,15,91,2.2857142857142856,0.0,0.0,0.2642,optimal
2021-02-12 14:00:00,15,91,2.2857142857142856,0.0,0.0,0.27273333333333327,optimal
2021-02-12 14:30:00,15,91,2.2857142857142856,0.0,0.0,0.13336666666666666,optimal
2021-02-12 15:00:00,15,91,2.2857142857142856,0.0,0.0,0.172,optimal
2021-02-12 15:30:00,15,91,2.2857142857142856,0.0,0.0,0.15826666666666667,optimal
2021-02-12 16:00:00,15,91,0.0,0.0,0.0,0.1666,optimal
2021-02-12 16:30:00,15,91,0.0,0.0,0.0,0.0694,optimal
2021-02-12 17:00:00,15,91,0.0,0.0,0.0,0.1596,optimal
2021-02-12 17:30:00,15,91,0.0,0.0,0.0,0.436,optimal
2021-02-12 18:00:00,15,91,0.0,0.0,0.0,0.3566666666666667,optimal
2021-02-12 18:30:00,15,91,0.0,0.0,0.0,0.4371666666666667,optimal
2021-02-12 19:00:00,15,91,0.0,0.0,0.0,1.5805,optimal
2021-02-12 19:30:00,15,91,0.0,0.0,0.0,0.6606000000000001,optimal
2021-02-12 20:00:00,15,91,0.5241413143025858,0.0,0.0,0.5933333333333334,optimal
2021-02-12 20:30:00,15,91,0.0,0.0,0.0,0.5210666666666667,optimal
2021-02-12 21:00:00,15,91,0.0,0.0,0.0,0.43856666666666666,optimal
2021-02-12 21:30:00,15,91,0.0,0.0,0.0,0.17633333333333334,optimal
2021-02-12 22:00:00,15,91,0.0,0.0,0.0,0.26546666666666663,optimal
2021-02-12 22:30:00,15,91,0.0,0.0,0.0,0.0848,optimal
2021-02-12 23:00:00,15,91,0.0,0.0,0.0,0.18059999999999998,optimal
2021-02-12 23:30:00,15,91,0.0,0.0,0.0,0.45130000000000003,optimal
2021-02-13 00:00:00,15,91,0.0,0.0,0.0,0.12333333333333331,optimal
2021-02-13 00:30:00,15,91,2.2857142857142856,0.0,0.0,0.07133333333333333,optimal
2021-02-13 01:00:00,15,91,0.0,0.0,0.0,0.20726666666666668,optimal
2021-02-13 01:30:00,15,91,0.40006538190656227,0.0,0.0,0.106,optimal
2021-02-13 02:00:00,15,91,2.2857142857142856,0.0,0.0,0.2419333333333333,optimal
2021-02-13 02:30:00,15,91,2.2857142857142856,0.0,0.0,0.054,optimal
2021-02-13 03:00:00,15,91,2.2857142857142856,0.0,0.0,0.12366666666666669,optimal
2021-02-13 03:30:00,15,91,2.2857142857142856,0.0,0.0,0.14626666666666668,optimal
2021-02-13 04:00:00,15,91,2.2857142857142856,0.0,0.0,0.132,optimal
2021-02-13 04:30:00,15,91,2.2857142857142856,0.0,0.0,0.0958,optimal
2021-02-13 05:00:00,15,91,2.2857142857142856,0.0,0.0,0.23913333333333334,optimal
2021-02-13 05:30:00,15,91,2.2857142857142856,0.0,0.0,0.067,optimal
2021-02-13 06:00:00,15,91,2.2857142857142856,0.0,0.0,0.20726666666666668,optimal
2021-02-13 06:30:00,15,91,2.2857142857142856,0.0,0.0,0.07133333333333333,optimal
2021-02-13 07:00:00,15,91,2.2857142857142856,0.0,9.960433389281006,0.19233333333333327,optimal
2021-02-13 07:30:00,15,91,2.2857142857142856,0.0,0.0,0.409,optimal
2021-02-13 08:00:00,15,91,1.3249856663844348,0.0,0.0,0.13866666666666666,optimal
2021-02-13 08:30:00,15,91,1.2607985801506336,0.0,0.0,0.14953333333333332,optimal
2021-02-13 09:00:00,15,91,1.1341361142264181,0.0,0.0,0.2189333333333333,optimal
2021-02-13 09:30:00,15,91,1.0655511592478029,0.0,0.0,1.5799666666666667,optimal
2021-02-13 10:00:00,15,91,0.8605428942499177,0.0,0.0,0.2708,optimal
2021-02-13 10:30:00,15,91,0.8122224746827748,0.0,0.0,0.4699,optimal
2021-02-13 11:00:00,15,91,0.5568408195443669,0.0,0.0,0.3937333333333333,optimal
2021-02-13 11:30:00,15,91,0.493385161881985,0.0,0.0,0.6626333333333333,optimal
2021-02-13 12:00:00,15,91,0.8131285422849178,0.0,0.0,0.2502333333333333,optimal
2021-02-13 12:30:00,15,91,0.4783543698172669,0.0,0.0,0.17063333333333333,optimal
2021-02-13 13:00:00,15,91,2.2857142857142856,0.0,0.0,0.26213333333333333,optimal
2021-02-13 13:30:00,15,91,2.2857142857142856,0.0,0.0,0.064,optimal
2021-02-13 14:00:00,15,91,2.2857142857142856,0.0,0.0,0.19016666666666662,optimal
2021-02-13 14:30:00,15,91,2.2857142857142856,0.0,0.0,0.17776666666666668,optimal
2021-02-13 15:00:00,15,91,2.2857142857142856,0.0,0.0,1.4062999999999999,optimal
2021-02-13 15:30:00,15,91,2.2857142857142856,0.0,0.0,0.8322,optimal
2021-02-13 16:00:00,15,91,0.0,0.0,0.0,0.09666666666666669,optimal
2021-02-13 16:30:00,15,91,0.0,0.0,0.0,0.11876666666666667,optimal
2021-02-13 17:00:00,15,91,0.0,0.0,0.0,0.23313333333333333,optimal
2021-02-13 17:30:00,15,91,0.0,0.0,0.0,0.11946666666666668,optimal
2021-02-13 18:00:00,15,91,0.0,0.0,0.0,0.2213333333333333,optimal
2021-02-13 18:30:00,15,91,0.0,0.0,0.0,0.16119999999999998,optimal
2021-02-13 19:00:00,15,91,0.0,0.0,0.0,0.35136666666666666,optimal
2021-02-13 19:30:00,15,91,0.0,0.0,0.0,0.5046333333333334,optimal
2021-02-13 20:00:00,15,91,0.2829728484147387,0.0,0.0,2.1361999999999997,optimal
2021-02-13 20:30:00,15,91,0.0,0.0,0.0,0.4743,optimal
2021-02-13 21:00:00,15,91,0.0,0.0,0.0,0.41473333333333334,optimal
2021-02-13 21:30:00,15,91,0.0,0.0,0.0,0.34813333333333335,optimal
2021-02-13 22:00:00,15,91,0.059714285714285706,0.0,0.0,0.5866,optimal
2021-02-13 22:30:00,15,91,0.0,0.0,0.0,0.3413333333333333,optimal
2021-02-13 23:00:00,15,91,0.0,0.0,0.0,0.7185,optimal
2021-02-13 23:30:00,15,91,0.0,0.0,0.0,0.23433333333333328,optimal
2021-02-07 00:00:00,16,91,0.0,0.0,0.0,0.065,optimal
2021-02-07 00:30:00,16,91,0.0,0.0,0.0,0.14153333333333334,optimal
2021-02-07 01:00:00,16,91,0.0,0.0,0.0,0.26166666666666666,optimal
2021-02-07 01:30:00,16,91,0.0,0.0,0.0,0.17913333333333334,optimal
2021-02-07 02:00:00,16,91,0.0,0.0,0.0,0.2961333333333333,optimal
2021-02-07 02:30:00,16,91,0.0,0.0,0.0,0.1829333333333333,optimal
2021-02-07 03:00:00,16,91,0.0,0.0,0.0,0.2571333333333333,optimal
2021-02-07 03:30:00,16,91,0.0,0.0,0.0,0.2086,optimal
2021-02-07 04:00:00,16,91,2.2857142857142856,0.0,0.0,0.331,optimal
2021-02-07 04:30:00,16,91,2.2857142857142856,0.0,0.0,0.1183,optimal
2021-02-07 05:00:00,16,91,2.2857142857142856,0.0,0.0,0.26189999999999997,optimal
2021-02-07 05:30:00,16,91,2.2857142857142856,0.0,0.0,0.22440000000000002,optimal
2021-02-07 06:00:00,16,91,2.2857142857142856,0.0,0.0,0.065,optimal
2021-02-07 06:30:00,16,91,2.2857142857142856,0.0,0.0,0.42660000000000003,optimal
2021-02-07 07:00:00,16,91,2.2857142857142856,0.0,0.0,0.2511333333333333,optimal
2021-02-07 07:30:00,16,91,0.0,0.0,0.0,0.27963333333333334,optimal
2021-02-07 08:00:00,16,91,0.0,0.0,0.0,0.3857,optimal
2021-02-07 08:30:00,16,91,0.0,0.0,0.0,0.35026666666666667,optimal
2021-02-07 09:00:00,16,91,0.0,0.0,0.0,0.3683666666666667,optimal
2021-02-07 09:30:00,16,91,0.0,0.0,0.0,0.8692666666666666,optimal
2021-02-07 10:00:00,16,91,0.22959209244584194,0.0,0.0,1.6293,optimal
2021-02-07 10:30:00,16,91,0.7708710906656666,0.0,0.0,1.8415,optimal
2021-02-07 11:00:00,16,91,0.7158021135315412,0.0,0.0,1.547233333333333,optimal
2021-02-07 11:30:00,16,91,0.72856401829346,0.0,0.0,0.6177666666666667,optimal
2021-02-07 12:00:00,16,91,0.6119702228151276,0.0,0.0,0.7223333333333334,optimal
2021-02-07 12:30:00,16,91,0.6058959371008297,0.0,0.0,0.5875,optimal
2021-02-07 13:00:00,16,91,1.947797018028071,0.0,0.0,2.7014,optimal
2021-02-07 13:30:00,16,91,2.2857142857142856,0.0,0.0,4.172433333333333,optimal
2021-02-07 14:00:00,16,91,2.2857142857142856,0.0,0.0,1.0735333333333332,optimal
2021-02-07 14:30:00,16,91,2.2857142857142856,0.0,2.988028571309252,0.4845,optimal
2021-02-07 15:00:00,16,91,2.2857142857142856,0.0,0.0,0.8887,optimal
2021-02-07 15:30:00,16,91,2.2857142857142856,0.0,0.0,0.2575,optimal
2021-02-07 16:00:00,16,91,0.0,0.0,0.0,0.17566666666666667,optimal
2021-02-07 16:30:00,16,91,0.0,0.0,0.0,0.24380000000000002,optimal
2021-02-07 17:00:00,16,91,0.0,0.0,0.0,1.0084,optimal
2021-02-07 17:30:00,16,91,0.0,0.0,0.0,0.9609666666666669,optimal
2021-02-07 18:00:00,16,91,0.0,0.0,0.0,1.3425,optimal
2021-02-07 18:30:00,16,91,0.0,0.0,0.0,0.5724333333333332,optimal
2021-02-07 19:00:00,16,91,0.0,0.0,0.0,0.5357666666666666,optimal
2021-02-07 19:30:00,16,91,0.0,0.0,0.0,0.4643,optimal
2021-02-07 20:00:00,16,91,0.0,0.0,0.0,0.21046666666666666,optimal
2021-02-07 20:30:00,16,91,0.0,0.0,0.0,0.1778,optimal
2021-02-07 21:00:00,16,91,0.0,0.0,0.0,0.23853333333333332,optimal
2021-02-07 21:30:00,16,91,0.0,0.0,0.0,0.10073333333333331,optimal
2021-02-07 22:00:00,16,91,0.0,0.0,0.0,0.20483333333333328,optimal
2021-02-07 22:30:00,16,91,0.0,0.0,0.0,0.2861,optimal
2021-02-07 23:00:00,16,91,0.0,0.0,0.0,0.19833333333333328,optimal
2021-02-07 23:30:00,16,91,0.0,0.0,0.0,0.29586666666666667,optimal
2021-02-08 00:00:00,16,91,0.0,0.0,0.0,0.061,optimal
2021-02-08 00:30:00,16,91,0.0,0.0,0.0,0.14983333333333335,optimal
2021-02-08 01:00:00,16,91,0.0,0.0,0.0,0.1225,optimal
2021-02-08 01:30:00,16,91,0.0,0.0,0.0,0.061,optimal
2021-02-08 02:00:00,16,91,0.19481649076415353,0.0,0.0,0.2113333333333333,optimal
2021-02-08 02:30:00,16,91,2.2857142857142856,0.0,0.0,0.061,optimal
2021-02-08 03:00:00,16,91,2.2857142857142856,0.0,0.0,0.1908333333333333,optimal
2021-02-08 03:30:00,16,91,2.2857142857142856,0.0,0.0,0.0815,optimal
2021-02-08 04:00:00,16,91,2.2857142857142856,0.0,0.0,0.061,optimal
2021-02-08 04:30:00,16,91,2.2857142857142856,0.0,0.0,0.2113333333333333,optimal
2021-02-08 05:00:00,16,91,2.2857142857142856,0.0,0.0,0.061,optimal
2021-02-08 05:30:00,16,91,2.2857142857142856,0.0,0.0,0.19766666666666663,optimal
2021-02-08 06:00:00,16,91,2.2857142857142856,0.0,0.0,0.07466666666666667,optimal
2021-02-08 06:30:00,16,91,2.2857142857142856,0.0,0.0,0.1225,optimal
2021-02-08 07:00:00,16,91,2.2857142857142856,0.0,9.646315159759988,0.20296666666666666,optimal
2021-02-08 07:30:00,16,91,2.2857142857142856,0.0,0.0,1.1911666666666667,optimal
2021-02-08 08:00:00,16,91,1.0821852910589735,0.0,0.0,0.2194333333333333,optimal
2021-02-08 08:30:00,16,91,0.9477213682885186,0.0,0.0,0.8541,optimal
2021-02-08 09:00:00,16,91,0.7618453567394852,0.0,0.0,1.1827,optimal
2021-02-08 09:30:00,16,91,0.8523374313713631,0.0,0.0,1.9941,optimal
2021-02-08 10:00:00,16,91,0.9142385581140335,0.0,0.0,0.2045,optimal
2021-02-08 10:30:00,16,91,0.9160588644345515,0.0,0.0,0.2436333333333333,optimal
2021-02-08 11:00:00,16,91,0.6877733713411917,0.0,0.0,0.1802666666666667,optimal
2021-02-08 11:30:00,16,91,0.29872681792116795,0.0,0.0,3.154866666666667,optimal
2021-02-08 12:00:00,16,91,0.3444518815809912,0.0,0.0,2.8056,optimal
2021-02-08 12:30:00,16,91,0.3248102033123845,0.0,0.0,1.1357000000000002,optimal
2021-02-08 13:00:00,16,91,0.8379700615642095,0.0,0.0,1.1485333333333334,optimal
2021-02-08 13:30:00,16,91,2.2857142857142856,0.0,0.0,0.42760000000000004,optimal
2021-02-08 14:00:00,16,91,2.2857142857142856,0.0,0.0,0.294,optimal
2021-02-08 14:30:00,16,91,2.2857142857142856,0.0,0.0,0.2794,optimal
2021-02-08 15:00:00,16,91,2.2857142857142856,0.0,0.0,0.13773333333333332,optimal
2021-02-08 15:30:00,16,91,2.2857142857142856,0.0,0.0,0.2795666666666667,optimal
2021-02-08 16:00:00,16,91,0.0,0.0,0.0,0.8638333333333333,optimal
2021-02-08 16:30:00,16,91,0.0,0.0,0.0,2.7054,optimal
2021-02-08 17:00:00,16,91,0.0,0.0,0.0,1.2171333333333334,optimal
2021-02-08 17:30:00,16,91,0.0,0.0,0.0,0.5389666666666667,optimal
2021-02-08 18:00:00,16,91,0.0,0.0,0.0,0.18980000000000002,optimal
2021-02-08 18:30:00,16,91,0.0,0.0,0.0,1.0632000000000001,optimal
2021-02-08 19:00:00,16,91,0.0,0.0,0.0,3.040033333333333,optimal
2021-02-08 19:30:00,16,91,0.0,0.0,0.0,1.9544000000000001,optimal
2021-02-08 20:00:00,16,91,0.0,0.0,0.0,0.22913333333333333,optimal
2021-02-08 20:30:00,16,91,0.0,0.0,0.0,0.36369999999999997,optimal
2021-02-08 21:00:00,16,91,0.0,0.0,0.0,0.2186,optimal
2021-02-08 21:30:00,16,91,0.0,0.0,0.0,0.3039,optimal
2021-02-08 22:00:00,16,91,1.3137142857142858,0.0,0.0,0.22333333333333327,optimal
2021-02-08 22:30:00,16,91,0.0,0.0,0.0,0.25743333333333335,optimal
2021-02-08 23:00:00,16,91,0.0,0.0,0.0,1.7157,optimal
2021-02-08 23:30:00,16,91,0.0,0.0,0.0,0.31110000000000004,optimal
2021-02-09 00:00:00,16,91,0.0,0.0,0.0,0.0824,optimal
2021-02-09 00:30:00,16,91,1.2739047619047619,0.0,0.0,0.19119999999999998,optimal
2021-02-09 01:00:00,16,91,0.0,0.0,0.0,0.062,optimal
2021-02-09 01:30:00,16,91,0.0,0.0,0.0,0.1556,optimal
2021-02-09 02:00:00,16,91,0.0,0.0,0.0,0.2048,optimal
2021-02-09 02:30:00,16,91,1.4194116826508196,0.0,0.0,0.062,optimal
2021-02-09 03:00:00,16,91,2.2857142857142856,0.0,0.0,0.2902666666666667,optimal
2021-02-09 03:30:00,16,91,2.2857142857142856,0.0,0.0,0.0683,optimal
2021-02-09 04:00:00,16,91,2.2857142857142856,0.0,0.0,0.7550666666666668,optimal
2021-02-09 04:30:00,16,91,2.2857142857142856,0.0,0.0,0.7422666666666666,optimal
2021-02-09 05:00:00,16,91,2.2857142857142856,0.0,0.0,0.1028,optimal
2021-02-09 05:30:00,16,91,2.2857142857142856,0.0,0.0,0.062,optimal
2021-02-09 06:00:00,16,91,2.2857142857142856,0.0,0.0,0.18746666666666667,optimal
2021-02-09 06:30:00,16,91,2.2857142857142856,0.0,8.008968714734408,2.2070666666666665,optimal
2021-02-09 07:00:00,16,91,2.2857142857142856,0.0,0.0,2.2066,optimal
2021-02-09 07:30:00,16,91,2.2857142857142856,0.0,0.0,0.7530666666666668,optimal
2021-02-09 08:00:00,16,91,1.2524195099343964,0.0,0.0,0.07,optimal
2021-02-09 08:30:00,16,91,1.3093534893281757,0.0,0.0,0.10853333333333332,optimal
2021-02-09 09:00:00,16,91,1.182146591630338,0.0,0.0,0.12840000000000001,optimal
2021-02-09 09:30:00,16,91,1.1368526456559929,0.0,0.0,0.21480000000000002,optimal
2021-02-09 10:00:00,16,91,0.908809524512918,0.0,0.0,0.072,optimal
2021-02-09 10:30:00,16,91,0.8668359981057292,0.0,0.0,0.15880000000000002,optimal
2021-02-09 11:00:00,16,91,0.6002196614689368,0.0,0.0,0.2216,optimal
2021-02-09 11:30:00,16,91,0.6342135276160661,0.0,0.0,0.0906,optimal
2021-02-09 12:00:00,16,91,0.41209348506578447,0.0,0.0,0.2898,optimal
2021-02-09 12:30:00,16,91,0.4777567617757858,0.0,0.0,0.072,optimal
2021-02-09 13:00:00,16,91,0.9181813774373164,0.0,0.0,0.36519999999999997,optimal
2021-02-09 13:30:00,16,91,2.269377362627282,0.0,0.0,0.23186666666666667,optimal
2021-02-09 14:00:00,16,91,2.2857142857142856,0.0,0.0,1.138,optimal
2021-02-09 14:30:00,16,91,2.2857142857142856,0.0,0.0,1.0062666666666669,optimal
2021-02-09 15:00:00,16,91,2.2857142857142856,0.0,0.0,0.40826666666666667,optimal
2021-02-09 15:30:00,16,91,2.2857142857142856,0.0,0.0,0.6584666666666666,optimal
2021-02-09 16:00:00,16,91,0.0,0.0,0.0,0.7684666666666667,optimal
2021-02-09 16:30:00,16,91,0.0,0.0,0.0,0.3352,optimal
2021-02-09 17:00:00,16,91,0.0,0.0,0.0,0.5021,optimal
2021-02-09 17:30:00,16,91,0.0,0.0,0.0,1.1488666666666665,optimal
2021-02-09 18:00:00,16,91,0.0,0.0,0.0,0.5115333333333334,optimal
2021-02-09 18:30:00,16,91,0.0,0.0,0.0,0.26280000000000003,optimal
2021-02-09 19:00:00,16,91,0.0,0.0,0.0,2.3474666666666666,optimal
2021-02-09 19:30:00,16,91,0.0,0.0,0.0,1.3919333333333335,optimal
2021-02-09 20:00:00,16,91,0.0,0.0,0.0,0.15880000000000002,optimal
2021-02-09 20:30:00,16,91,0.0,0.0,0.0,0.072,optimal
2021-02-09 21:00:00,16,91,0.0,0.0,0.0,0.31193333333333334,optimal
2021-02-09 21:30:00,16,91,0.0,0.0,0.0,0.5857666666666667,optimal
2021-02-09 22:00:00,16,91,0.07961904761904762,0.0,0.0,0.8412666666666666,optimal
2021-02-09 22:30:00,16,91,0.0,0.0,0.0,0.2594666666666666,optimal
2021-02-09 23:00:00,16,91,0.0,0.0,0.0,0.15880000000000002,optimal
2021-02-09 23:30:00,16,91,0.0,0.0,0.0,0.2216,optimal
2021-02-10 00:00:00,16,91,0.0,0.0,0.0,0.055,optimal
2021-02-10 00:30:00,16,91,0.8758095238095238,0.0,0.0,0.055,optimal
2021-02-10 01:00:00,16,91,0.0,0.0,0.0,0.055,optimal
2021-02-10 01:30:00,16,91,0.0,0.0,0.0,0.055,optimal
2021-02-10 02:00:00,16,91,1.9921290710149449,0.0,0.0,0.055,optimal
2021-02-10 02:30:00,16,91,2.2857142857142856,0.0,0.0,0.055,optimal
2021-02-10 03:00:00,16,91,2.2857142857142856,0.0,0.0,0.055,optimal
2021-02-10 03:30:00,16,91,2.2857142857142856,0.0,0.0,0.055,optimal
2021-02-10 04:00:00,16,91,2.2857142857142856,0.0,0.0,0.055,optimal
2021-02-10 04:30:00,16,91,2.2857142857142856,0.0,0.0,0.055,optimal
2021-02-10 05:00:00,16,91,2.2857142857142856,0.0,0.0,0.055,optimal
2021-02-10 05:30:00,16,91,2.2857142857142856,0.0,0.0,0.055,optimal
2021-02-10 06:00:00,16,91,2.2857142857142856,0.0,5.703625816753252,0.055,optimal
2021-02-10 06:30:00,16,91,2.2857142857142856,0.0,10.0,0.058,optimal
2021-02-10 07:00:00,16,91,2.2857142857142856,0.0,10.0,0.06766666666666667,optimal
2021-02-10 07:30:00,16,91,2.2857142857142856,0.0,0.0,1.8103,optimal
2021-02-10 08:00:00,16,91,1.2149670437436786,0.0,0.0,0.5845333333333333,optimal
2021-02-10 08:30:00,16,91,1.215035841665544,0.0,0.0,0.17416666666666666,optimal
2021-02-10 09:00:00,16,91,1.2010021594613898,0.0,0.0,0.065,optimal
2021-02-10 09:30:00,16,91,1.1872633383356344,0.0,0.0,0.065,optimal
2021-02-10 10:00:00,16,91,0.9113438474490168,0.0,0.0,0.065,optimal
2021-02-10 10:30:00,16,91,0.9010397316047001,0.0,0.0,0.065,optimal
2021-02-10 11:00:00,16,91,0.7094404717768127,0.0,0.0,0.065,optimal
2021-02-10 11:30:00,16,91,0.7025710612139349,0.0,0.0,0.065,optimal
2021-02-10 12:00:00,16,91,0.4614125415030416,0.0,0.0,0.065,optimal
2021-02-10 12:30:00,16,91,0.4614125415030416,0.0,0.0,0.065,optimal
2021-02-10 13:00:00,16,91,2.2857142857142856,0.0,0.0,0.065,optimal
2021-02-10 13:30:00,16,91,2.2857142857142856,0.0,0.0,0.065,optimal
2021-02-10 14:00:00,16,91,2.2857142857142856,0.0,0.0,0.065,optimal
2021-02-10 14:30:00,16,91,2.2857142857142856,0.0,0.0,0.065,optimal
2021-02-10 15:00:00,16,91,2.2857142857142856,0.0,0.0,0.065,optimal
2021-02-10 15:30:00,16,91,2.2857142857142856,0.0,0.0,0.065,optimal
2021-02-10 16:00:00,16,91,0.0,0.0,0.0,0.065,optimal
2021-02-10 16:30:00,16,91,0.0,0.0,0.0,0.065,optimal
2021-02-10 17:00:00,16,91,0.0,0.0,0.0,0.17013333333333333,optimal
2021-02-10 17:30:00,16,91,0.0,0.0,0.0,0.26966666666666667,optimal
2021-02-10 18:00:00,16,91,0.0,0.0,0.0,0.34236666666666665,optimal
2021-02-10 18:30:00,16,91,0.0,0.0,0.0,0.065,optimal
2021-02-10 19:00:00,16,91,0.0,0.0,0.0,0.065,optimal
2021-02-10 19:30:00,16,91,0.0,0.0,0.0,0.065,optimal
2021-02-10 20:00:00,16,91,1.3404687470977006,0.0,0.0,0.065,optimal
2021-02-10 20:30:00,16,91,0.0,0.0,0.0,0.065,optimal
2021-02-10 21:00:00,16,91,0.0,0.0,0.0,0.065,optimal
2021-02-10 21:30:00,16,91,0.0,0.0,0.0,0.065,optimal
2021-02-10 22:00:00,16,91,0.0,0.0,0.0,0.065,optimal
2021-02-10 22:30:00,16,91,0.0,0.0,0.0,0.065,optimal
2021-02-10 23:00:00,16,91,0.0,0.0,0.0,0.065,optimal
2021-02-10 23:30:00,16,91,0.0,0.0,0.0,0.06466666666666668,optimal
2021-02-11 00:00:00,16,91,0.0,0.0,0.0,0.10003333333333332,optimal
2021-02-11 00:30:00,16,91,2.2857142857142856,0.0,0.0,0.21430000000000002,optimal
2021-02-11 01:00:00,16,91,2.2857142857142856,0.0,0.0,0.117,optimal
2021-02-11 01:30:00,16,91,2.2857142857142856,0.0,0.0,0.0746,optimal
2021-02-11 02:00:00,16,91,2.2857142857142856,0.0,0.0,0.1726,optimal
2021-02-11 02:30:00,16,91,2.2857142857142856,0.0,0.0,0.1482,optimal
2021-02-11 03:00:00,16,91,2.2857142857142856,0.0,0.0,0.12183333333333332,optimal
2021-02-11 03:30:00,16,91,2.2857142857142856,0.0,0.0,0.18836666666666668,optimal
2021-02-11 04:00:00,16,91,2.2857142857142856,0.0,0.0,0.08166666666666667,optimal
2021-02-11 04:30:00,16,91,2.2857142857142856,0.0,0.0,0.1364,optimal
2021-02-11 05:00:00,16,91,2.2857142857142856,0.0,0.0,0.12433333333333331,optimal
2021-02-11 05:30:00,16,91,2.2857142857142856,0.0,0.0,0.1638,optimal
2021-02-11 06:00:00,16,91,2.2857142857142856,0.0,1.6928689094886582,0.16053333333333333,optimal
2021-02-11 06:30:00,16,91,2.2857142857142856,0.0,10.0,0.08333333333333333,optimal
2021-02-11 07:00:00,16,91,2.2857142857142856,0.0,10.0,0.14809999999999998,optimal
2021-02-11 07:30:00,16,91,2.2857142857142856,0.0,0.0,0.17423333333333332,optimal
2021-02-11 08:00:00,16,91,1.5257070513209108,0.0,0.0,0.064,optimal
2021-02-11 08:30:00,16,91,1.4930397385937915,0.0,0.0,0.2144,optimal
2021-02-11 09:00:00,16,91,1.3463180173795795,0.0,0.0,0.10993333333333334,optimal
2021-02-11 09:30:00,16,91,1.2081727430921019,0.0,0.0,0.1967333333333333,optimal
2021-02-11 10:00:00,16,91,0.825944111586971,0.0,0.0,0.064,optimal
2021-02-11 10:30:00,16,91,0.8499224797261422,0.0,0.0,0.12433333333333331,optimal
2021-02-11 11:00:00,16,91,0.645034746723925,0.0,0.0,0.1364,optimal
2021-02-11 11:30:00,16,91,0.6141998817880695,0.0,0.0,0.064,optimal
2021-02-11 12:00:00,16,91,0.40708648757868726,0.0,0.0,0.06266666666666666,optimal
2021-02-11 12:30:00,16,91,0.20884039208733154,0.0,0.0,0.2811,optimal
2021-02-11 13:00:00,16,91,2.2857142857142856,0.0,0.0,0.10423333333333332,optimal
2021-02-11 13:30:00,16,91,2.2857142857142856,0.0,0.0,1.2147333333333332,optimal
2021-02-11 14:00:00,16,91,2.2857142857142856,0.0,0.0,1.4536,optimal
2021-02-11 14:30:00,16,91,2.2857142857142856,0.0,0.0,0.3748,optimal
2021-02-11 15:00:00,16,91,2.2857142857142856,0.0,0.0,0.323,optimal
2021-02-11 15:30:00,16,91,2.2857142857142856,0.0,0.0,0.29353333333333337,optimal
2021-02-11 16:00:00,16,91,0.0,0.0,0.0,0.3984333333333333,optimal
2021-02-11 16:30:00,16,91,0.0,0.0,0.0,1.193,optimal
2021-02-11 17:00:00,16,91,0.0,0.0,0.0,1.34,optimal
2021-02-11 17:30:00,16,91,0.0,0.0,0.0,0.6311,optimal
2021-02-11 18:00:00,16,91,0.0,0.0,0.0,1.4464000000000001,optimal
2021-02-11 18:30:00,16,91,0.0,0.0,0.0,0.7837999999999999,optimal
2021-02-11 19:00:00,16,91,0.0,0.0,0.0,0.6545666666666667,optimal
2021-02-11 19:30:00,16,91,0.0,0.0,0.0,0.2995,optimal
2021-02-11 20:00:00,16,91,0.43167105827369284,0.0,0.0,1.428766666666667,optimal
2021-02-11 20:30:00,16,91,0.0,0.0,0.0,1.5777333333333332,optimal
2021-02-11 21:00:00,16,91,0.0,0.0,0.0,0.3514,optimal
2021-02-11 21:30:00,16,91,0.0,0.0,0.0,0.5919666666666668,optimal
2021-02-11 22:00:00,16,91,0.7961904761904761,0.0,0.0,0.2698666666666667,optimal
2021-02-11 22:30:00,16,91,0.0,0.0,0.0,0.224,optimal
2021-02-11 23:00:00,16,91,0.0,0.0,0.0,0.5437000000000001,optimal
2021-02-11 23:30:00,16,91,0.0,0.0,0.0,0.3097333333333333,optimal
2021-02-12 00:00:00,16,91,0.04330252160858875,0.0,0.0,0.066,optimal
2021-02-12 00:30:00,16,91,2.2857142857142856,0.0,0.0,0.066,optimal
2021-02-12 01:00:00,16,91,2.2857142857142856,0.0,0.0,0.124,optimal
2021-02-12 01:30:00,16,91,2.2857142857142856,0.0,0.0,0.16706666666666667,optimal
2021-02-12 02:00:00,16,91,2.2857142857142856,0.0,0.0,0.15613333333333332,optimal
2021-02-12 02:30:00,16,91,2.2857142857142856,0.0,0.0,0.15783333333333335,optimal
2021-02-12 03:00:00,16,91,2.2857142857142856,0.0,0.0,0.22336666666666669,optimal
2021-02-12 03:30:00,16,91,2.2857142857142856,0.0,0.0,0.14816666666666667,optimal
2021-02-12 04:00:00,16,91,2.2857142857142856,0.0,0.0,0.1013,optimal
2021-02-12 04:30:00,16,91,2.2857142857142856,0.0,0.0,0.1977333333333333,optimal
2021-02-12 05:00:00,16,91,2.2857142857142856,0.0,0.0,0.14333333333333334,optimal
2021-02-12 05:30:00,16,91,2.2857142857142856,0.0,0.0,0.13319999999999999,optimal
2021-02-12 06:00:00,16,91,2.2857142857142856,0.0,5.826023024163745,0.17233333333333334,optimal
2021-02-12 06:30:00,16,91,2.2857142857142856,0.0,10.0,0.067,optimal
2021-02-12 07:00:00,16,91,2.2857142857142856,0.0,10.0,1.2227000000000001,optimal
2021-02-12 07:30:00,16,91,2.2857142857142856,0.0,0.0,1.1869333333333334,optimal
2021-02-12 08:00:00,16,91,1.4275495018849753,0.0,0.0,0.923,optimal
2021-02-12 08:30:00,16,91,1.5822121325345317,0.0,0.0,0.20353333333333334,optimal
2021-02-12 09:00:00,16,91,1.4244542066423413,0.0,0.0,0.11066666666666669,optimal
2021-02-12 09:30:00,16,91,1.24768907902091,0.0,0.0,0.2004,optimal
2021-02-12 10:00:00,16,91,0.81195384267215,0.0,0.0,0.2008,optimal
2021-02-12 10:30:00,16,91,0.8201333432777803,0.0,0.0,0.076,optimal
2021-02-12 11:00:00,16,91,0.5276358988033043,0.0,0.0,0.16403333333333334,optimal
2021-02-12 11:30:00,16,91,0.5033059554266344,0.0,0.0,0.23716666666666664,optimal
2021-02-12 12:00:00,16,91,0.45666587523166147,0.0,0.0,0.076,optimal
2021-02-12 12:30:00,16,91,0.17662355090262358,0.0,0.0,1.9365666666666663,optimal
2021-02-12 13:00:00,16,91,1.1961240767199701,0.0,0.0,0.34326666666666666,optimal
2021-02-12 13:30:00,16,91,2.2857142857142856,0.0,0.0,1.6192666666666669,optimal
2021-02-12 14:00:00,16,91,2.2857142857142856,0.0,0.0,0.12453333333333332,optimal
2021-02-12 14:30:00,16,91,2.2857142857142856,0.0,0.0,0.11613333333333334,optimal
2021-02-12 15:00:00,16,91,2.2857142857142856,0.0,0.0,0.2850666666666667,optimal
2021-02-12 15:30:00,16,91,2.2857142857142856,0.0,0.0,0.076,optimal
2021-02-12 16:00:00,16,91,0.0,0.0,0.0,0.4988,optimal
2021-02-12 16:30:00,16,91,0.0,0.0,0.0,1.0900999999999998,optimal
2021-02-12 17:00:00,16,91,0.0,0.0,0.0,3.0066666666666664,optimal
2021-02-12 17:30:00,16,91,0.0,0.0,0.0,0.4752,optimal
2021-02-12 18:00:00,16,91,0.0,0.0,0.0,0.32776666666666665,optimal
2021-02-12 18:30:00,16,91,0.0,0.0,0.0,0.3784333333333333,optimal
2021-02-12 19:00:00,16,91,0.0,0.0,0.0,0.2418333333333333,optimal
2021-02-12 19:30:00,16,91,0.0,0.0,0.0,0.21606666666666663,optimal
2021-02-12 20:00:00,16,91,0.0,0.0,0.0,0.43773333333333336,optimal
2021-02-12 20:30:00,16,91,0.0,0.0,0.0,0.34596666666666664,optimal
2021-02-12 21:00:00,16,91,0.0,0.0,0.0,0.23113333333333333,optimal
2021-02-12 21:30:00,16,91,0.0,0.0,0.0,0.2833,optimal
2021-02-12 22:00:00,16,91,0.0,0.0,0.0,0.3926,optimal
2021-02-12 22:30:00,16,91,0.0,0.0,0.0,0.5335,optimal
2021-02-12 23:00:00,16,91,0.0,0.0,0.0,0.13266666666666665,optimal
2021-02-12 23:30:00,16,91,0.0,0.0,0.0,0.1938666666666667,optimal
2021-02-13 00:00:00,16,91,0.0,0.0,0.0,0.10643333333333334,optimal
2021-02-13 00:30:00,16,91,2.050190476190476,0.0,0.0,0.1595,optimal
2021-02-13 01:00:00,16,91,0.0,0.0,0.0,0.06,optimal
2021-02-13 01:30:00,16,91,0.0,0.0,0.0,0.2059333333333333,optimal
2021-02-13 02:00:00,16,91,1.7773537107213615,0.0,0.0,0.06,optimal
2021-02-13 02:30:00,16,91,2.2857142857142856,0.0,0.0,0.06,optimal
2021-02-13 03:00:00,16,91,2.2857142857142856,0.0,0.0,0.2059333333333333,optimal
2021-02-13 03:30:00,16,91,2.2857142857142856,0.0,0.0,0.06,optimal
2021-02-13 04:00:00,16,91,2.2857142857142856,0.0,0.0,0.14623333333333333,optimal
2021-02-13 04:30:00,16,91,2.2857142857142856,0.0,0.0,0.1197,optimal
2021-02-13 05:00:00,16,91,2.2857142857142856,0.0,0.0,0.06833333333333333,optimal
2021-02-13 05:30:00,16,91,2.2857142857142856,0.0,0.0,0.21359999999999998,optimal
2021-02-13 06:00:00,16,91,2.2857142857142856,0.0,0.0,0.06,optimal
2021-02-13 06:30:00,16,91,2.2857142857142856,0.0,3.6184456329954173,0.08226666666666667,optimal
2021-02-13 07:00:00,16,91,2.2857142857142856,0.0,10.0,0.2931333333333333,optimal
2021-02-13 07:30:00,16,91,2.2857142857142856,0.0,0.0,0.17766666666666667,optimal
2021-02-13 08:00:00,16,91,1.3001666187654008,0.0,0.0,0.166,optimal
2021-02-13 08:30:00,16,91,1.188423342055394,0.0,0.0,0.5941000000000001,optimal
2021-02-13 09:00:00,16,91,0.8947589713692852,0.0,0.0,2.9613,optimal
2021-02-13 09:30:00,16,91,0.9360368735335002,0.0,0.0,2.5828,optimal
2021-02-13 10:00:00,16,91,0.8240667037737354,0.0,0.0,0.2668666666666667,optimal
2021-02-13 10:30:00,16,91,0.6764224746827671,0.0,0.0,2.5294333333333334,optimal
2021-02-13 11:00:00,16,91,0.3965874862110438,0.0,0.0,2.8809,optimal
2021-02-13 11:30:00,16,91,0.5032575428343509,0.0,0.0,0.7165333333333334,optimal
2021-02-13 12:00:00,16,91,0.3390237803801432,0.0,0.0,0.46993333333333326,optimal
2021-02-13 12:30:00,16,91,0.3552877031506188,0.0,0.0,0.3676333333333333,optimal
2021-02-13 13:00:00,16,91,2.1511576702714823,0.0,0.0,0.3688,optimal
2021-02-13 13:30:00,16,91,2.2857142857142856,0.0,0.0,0.43069999999999997,optimal
2021-02-13 14:00:00,16,91,2.2857142857142856,0.0,0.0,0.4589,optimal
2021-02-13 14:30:00,16,91,2.2857142857142856,0.0,0.0,0.42583333333333334,optimal
2021-02-13 15:00:00,16,91,2.2857142857142856,0.0,0.0,0.5016,optimal
2021-02-13 15:30:00,16,91,2.2857142857142856,0.0,0.0,1.3598,optimal
2021-02-13 16:00:00,16,91,0.0,0.0,0.0,0.07,optimal
2021-02-13 16:30:00,16,91,0.0,0.0,0.0,0.782,optimal
2021-02-13 17:00:00,16,91,0.0,0.0,0.0,0.4996666666666667,optimal
2021-02-13 17:30:00,16,91,0.0,0.0,0.0,0.0836,optimal
2021-02-13 18:00:00,16,91,0.0,0.0,0.0,2.0439000000000003,optimal
2021-02-13 18:30:00,16,91,0.0,0.0,0.0,0.29846666666666666,optimal
2021-02-13 19:00:00,16,91,0.0,0.0,0.0,0.3812,optimal
2021-02-13 19:30:00,16,91,0.0,0.0,0.0,0.5303,optimal
2021-02-13 20:00:00,16,91,0.0,0.0,0.0,0.4016,optimal
2021-02-13 20:30:00,16,91,0.0,0.0,0.0,0.358,optimal
2021-02-13 21:00:00,16,91,0.0,0.0,0.0,0.34453333333333336,optimal
2021-02-13 21:30:00,16,91,0.0,0.0,0.0,1.0642333333333331,optimal
2021-02-13 22:00:00,16,91,0.0,0.0,0.0,0.9364,optimal
2021-02-13 22:30:00,16,91,0.0199047619047619,0.0,0.0,0.5379666666666667,optimal
2021-02-13 23:00:00,16,91,0.0,0.0,0.0,0.3101333333333333,optimal
2021-02-13 23:30:00,16,91,0.0,0.0,0.0,0.31539999999999996,optimal
2021-02-07 00:00:00,17,91,0.0,0.0,0.0,0.064,optimal
2021-02-07 00:30:00,17,91,0.0,0.0,0.0,0.064,optimal
2021-02-07 01:00:00,17,91,0.0,0.0,0.0,0.09333333333333331,optimal
2021-02-07 01:30:00,17,91,0.0,0.0,0.0,0.10066666666666668,optimal
2021-02-07 02:00:00,17,91,0.0,0.0,0.0,0.064,optimal
2021-02-07 02:30:00,17,91,0.0,0.0,0.0,0.064,optimal
2021-02-07 03:00:00,17,91,0.0,0.0,0.0,0.064,optimal
2021-02-07 03:30:00,17,91,0.0,0.0,0.0,0.064,optimal
2021-02-07 04:00:00,17,91,2.2857142857142856,0.0,0.0,0.13,optimal
2021-02-07 04:30:00,17,91,2.2857142857142856,0.0,0.0,0.064,optimal
2021-02-07 05:00:00,17,91,2.2857142857142856,0.0,0.0,0.064,optimal
2021-02-07 05:30:00,17,91,2.2857142857142856,0.0,0.0,0.13,optimal
2021-02-07 06:00:00,17,91,2.2857142857142856,0.0,0.0,0.064,optimal
2021-02-07 06:30:00,17,91,2.2857142857142856,0.0,0.0,0.08233333333333333,optimal
2021-02-07 07:00:00,17,91,2.2857142857142856,0.0,1.9104478659086885,0.11166666666666669,optimal
2021-02-07 07:30:00,17,91,0.0,0.0,0.0,0.09333333333333331,optimal
2021-02-07 08:00:00,17,91,0.0,0.0,0.0,0.5601333333333334,optimal
2021-02-07 08:30:00,17,91,0.0,0.0,0.0,1.0148666666666668,optimal
2021-02-07 09:00:00,17,91,0.0,0.0,0.0,0.168,optimal
2021-02-07 09:30:00,17,91,0.2912759752915866,0.0,0.0,0.2002,optimal
2021-02-07 10:00:00,17,91,0.8753197753408987,0.0,0.0,0.4293333333333333,optimal
2021-02-07 10:30:00,17,91,0.8995225192371148,0.0,0.0,0.4333333333333333,optimal
2021-02-07 11:00:00,17,91,0.775211637341071,0.0,0.0,0.3846,optimal
2021-02-07 11:30:00,17,91,0.7456344944839391,0.0,0.0,0.8065333333333333,optimal
2021-02-07 12:00:00,17,91,0.5766121275770204,0.0,0.0,1.3208666666666666,optimal
2021-02-07 12:30:00,17,91,0.5284483180532034,0.0,0.0,0.7547999999999999,optimal
2021-02-07 13:00:00,17,91,0.6497965501096022,0.0,0.0,0.322,optimal
2021-02-07 13:30:00,17,91,1.4565213825329126,0.0,0.0,1.7258666666666667,optimal
2021-02-07 14:00:00,17,91,2.2857142857142856,0.0,0.0,0.5114333333333333,optimal
2021-02-07 14:30:00,17,91,2.2857142857142856,0.0,0.0,0.3644,optimal
2021-02-07 15:00:00,17,91,2.2857142857142856,0.0,0.0,0.2683333333333333,optimal
2021-02-07 15:30:00,17,91,2.2857142857142856,0.0,0.0,0.30243333333333333,optimal
2021-02-07 16:00:00,17,91,0.0,0.0,0.0,1.8818,optimal
2021-02-07 16:30:00,17,91,0.0,0.0,0.0,1.2349,optimal
2021-02-07 17:00:00,17,91,0.0,0.0,0.0,0.2911333333333333,optimal
2021-02-07 17:30:00,17,91,0.0,0.0,0.0,0.2947333333333333,optimal
2021-02-07 18:00:00,17,91,0.0,0.0,0.0,0.7237666666666667,optimal
2021-02-07 18:30:00,17,91,0.0,0.0,0.0,0.5682333333333334,optimal
2021-02-07 19:00:00,17,91,0.0,0.0,0.0,2.0017333333333327,optimal
2021-02-07 19:30:00,17,91,0.0,0.0,0.0,1.9459000000000002,optimal
2021-02-07 20:00:00,17,91,0.0,0.0,0.0,2.1226333333333334,optimal
2021-02-07 20:30:00,17,91,0.0,0.0,0.0,0.7187333333333333,optimal
2021-02-07 21:00:00,17,91,0.0,0.0,0.0,0.5647666666666666,optimal
2021-02-07 21:30:00,17,91,0.0,0.0,0.0,0.6321,optimal
2021-02-07 22:00:00,17,91,0.0,0.0,0.0,0.509,optimal
2021-02-07 22:30:00,17,91,0.0,0.0,0.0,0.49310000000000004,optimal
2021-02-07 23:00:00,17,91,0.0,0.0,0.0,0.2872,optimal
2021-02-07 23:30:00,17,91,0.0,0.0,0.0,0.274,optimal
2021-02-08 00:00:00,17,91,0.0,0.0,0.0,0.058,optimal
2021-02-08 00:30:00,17,91,2.169619047619048,0.0,0.0,0.13406666666666667,optimal
2021-02-08 01:00:00,17,91,0.0,0.0,0.0,0.24330000000000002,optimal
2021-02-08 01:30:00,17,91,0.0,0.0,0.0,0.12116666666666669,optimal
2021-02-08 02:00:00,17,91,0.0,0.0,0.0,0.25606666666666666,optimal
2021-02-08 02:30:00,17,91,0.5364797759082391,0.0,0.0,0.22340000000000002,optimal
2021-02-08 03:00:00,17,91,2.2857142857142856,0.0,0.0,0.0998,optimal
2021-02-08 03:30:00,17,91,2.2857142857142856,0.0,0.0,0.16303333333333334,optimal
2021-02-08 04:00:00,17,91,2.2857142857142856,0.0,0.0,0.16576666666666667,optimal
2021-02-08 04:30:00,17,91,2.2857142857142856,0.0,0.0,0.1036,optimal
2021-02-08 05:00:00,17,91,2.2857142857142856,0.0,0.0,0.21619999999999998,optimal
2021-02-08 05:30:00,17,91,2.2857142857142856,0.0,0.0,0.11359999999999999,optimal
2021-02-08 06:00:00,17,91,2.2857142857142856,0.0,0.0,0.08343333333333333,optimal
2021-02-08 06:30:00,17,91,2.2857142857142856,0.0,0.0,0.2653666666666667,optimal
2021-02-08 07:00:00,17,91,2.2857142857142856,0.0,0.0,1.3496333333333335,optimal
2021-02-08 07:30:00,17,91,2.2857142857142856,0.0,0.0,0.23603333333333334,optimal
2021-02-08 08:00:00,17,91,1.075042433916126,0.0,0.0,1.029766666666667,optimal
2021-02-08 08:30:00,17,91,1.131349939717088,0.0,0.0,0.10923333333333332,optimal
2021-02-08 09:00:00,17,91,0.9280472615013998,0.0,0.0,0.3402,optimal
2021-02-08 09:30:00,17,91,0.9470764789904181,0.0,0.0,0.2004,optimal
2021-02-08 10:00:00,17,91,0.6779718914473746,0.0,0.0,0.4023333333333333,optimal
2021-02-08 10:30:00,17,91,0.7081807691964574,0.0,0.0,0.41333333333333333,optimal
2021-02-08 11:00:00,17,91,0.51950289515072,0.0,0.0,0.2867333333333333,optimal
2021-02-08 11:30:00,17,91,0.18532872268307762,0.0,0.0,1.9654,optimal
2021-02-08 12:00:00,17,91,0.3597356911048123,0.0,0.0,2.033633333333333,optimal
2021-02-08 12:30:00,17,91,0.23616258426476294,0.0,0.0,3.096333333333333,optimal
2021-02-08 13:00:00,17,91,0.52647840257765,0.0,0.0,1.1089,optimal
2021-02-08 13:30:00,17,91,2.2857142857142856,0.0,0.0,1.5404,optimal
2021-02-08 14:00:00,17,91,2.2857142857142856,0.0,0.0,1.7927,optimal
2021-02-08 14:30:00,17,91,2.2857142857142856,0.0,0.0,1.4980333333333333,optimal
2021-02-08 15:00:00,17,91,2.2857142857142856,0.0,0.0,3.8099000000000003,optimal
2021-02-08 15:30:00,17,91,2.2857142857142856,0.0,0.0,2.9184,optimal
2021-02-08 16:00:00,17,91,0.0,0.0,0.0,1.6303666666666665,optimal
2021-02-08 16:30:00,17,91,0.0,0.0,0.0,0.2882,optimal
2021-02-08 17:00:00,17,91,0.0,0.0,0.0,0.168,optimal
2021-02-08 17:30:00,17,91,0.0,0.0,0.0,1.0221,optimal
2021-02-08 18:00:00,17,91,0.0,0.0,0.0,1.0190666666666668,optimal
2021-02-08 18:30:00,17,91,0.0,0.0,0.0,0.22163333333333332,optimal
2021-02-08 19:00:00,17,91,0.0,0.0,0.0,0.3497333333333333,optimal
2021-02-08 19:30:00,17,91,0.0,0.0,0.0,0.5271333333333333,optimal
2021-02-08 20:00:00,17,91,0.0,0.0,0.0,0.42423333333333335,optimal
2021-02-08 20:30:00,17,91,0.0,0.0,0.0,0.5957666666666667,optimal
2021-02-08 21:00:00,17,91,0.0,0.0,0.0,1.6787999999999998,optimal
2021-02-08 21:30:00,17,91,0.0,0.0,0.0,0.5159,optimal
2021-02-08 22:00:00,17,91,0.0,0.0,0.0,0.5801666666666666,optimal
2021-02-08 22:30:00,17,91,0.0,0.0,0.0,0.5384,optimal
2021-02-08 23:00:00,17,91,0.0,0.0,0.0,0.4726,optimal
2021-02-08 23:30:00,17,91,0.0,0.0,0.0,0.5494666666666667,optimal
2021-02-09 00:00:00,17,91,0.0,0.0,0.0,0.058,optimal
2021-02-09 00:30:00,17,91,2.0899999999999994,0.0,0.0,0.15363333333333332,optimal
2021-02-09 01:00:00,17,91,0.0,0.0,0.0,0.06303333333333333,optimal
2021-02-09 01:30:00,17,91,0.0,0.0,0.0,0.058,optimal
2021-02-09 02:00:00,17,91,0.45097343280201274,0.0,0.0,0.15866666666666665,optimal
2021-02-09 02:30:00,17,91,2.2857142857142856,0.0,0.0,0.058,optimal
2021-02-09 03:00:00,17,91,2.2857142857142856,0.0,0.0,0.058,optimal
2021-02-09 03:30:00,17,91,2.2857142857142856,0.0,0.0,0.15866666666666665,optimal
2021-02-09 04:00:00,17,91,2.2857142857142856,0.0,0.0,0.058,optimal
2021-02-09 04:30:00,17,91,2.2857142857142856,0.0,0.0,0.05966666666666666,optimal
2021-02-09 05:00:00,17,91,2.2857142857142856,0.0,0.0,0.14216666666666666,optimal
2021-02-09 05:30:00,17,91,2.2857142857142856,0.0,0.0,0.08316666666666667,optimal
2021-02-09 06:00:00,17,91,2.2857142857142856,0.0,0.0,0.11336666666666666,optimal
2021-02-09 06:30:00,17,91,2.2857142857142856,0.0,9.510223717880049,0.1033,optimal
2021-02-09 07:00:00,17,91,2.2857142857142856,0.0,10.0,0.10933333333333331,optimal
2021-02-09 07:30:00,17,91,2.2857142857142856,0.0,0.0,0.21130000000000002,optimal
2021-02-09 08:00:00,17,91,1.1075795099344086,0.0,0.0,3.1307,optimal
2021-02-09 08:30:00,17,91,1.1348772988519882,0.0,0.0,2.182366666666667,optimal
2021-02-09 09:00:00,17,91,0.9881351630589098,0.0,0.0,1.2087,optimal
2021-02-09 09:30:00,17,91,1.0063193123226435,0.0,0.0,0.2603666666666667,optimal
2021-02-09 10:00:00,17,91,0.6535333340367143,0.0,0.0,1.5947,optimal
2021-02-09 10:30:00,17,91,0.7446455219152406,0.0,0.0,0.3166666666666667,optimal
2021-02-09 11:00:00,17,91,0.528591090040365,0.0,0.0,0.216,optimal
2021-02-09 11:30:00,17,91,0.5011373371398936,0.0,0.0,0.31006666666666666,optimal
2021-02-09 12:00:00,17,91,0.3151020564943388,0.0,0.0,1.5427,optimal
2021-02-09 12:30:00,17,91,0.36315580939483755,0.0,0.0,0.8055666666666668,optimal
2021-02-09 13:00:00,17,91,1.3332480441039913,0.0,0.0,0.1415,optimal
2021-02-09 13:30:00,17,91,2.076786698143718,0.0,0.0,0.06636666666666666,optimal
2021-02-09 14:00:00,17,91,2.2857142857142856,0.0,0.0,2.1656,optimal
2021-02-09 14:30:00,17,91,2.2857142857142856,0.0,0.0,0.2660666666666667,optimal
2021-02-09 15:00:00,17,91,2.2857142857142856,0.0,0.0,0.0704,optimal
2021-02-09 15:30:00,17,91,2.2857142857142856,0.0,0.0,0.27963333333333334,optimal
2021-02-09 16:00:00,17,91,0.0,0.0,0.0,1.1018666666666665,optimal
2021-02-09 16:30:00,17,91,0.0,0.0,0.0,2.7702,optimal
2021-02-09 17:00:00,17,91,0.0,0.0,0.0,0.17673333333333333,optimal
2021-02-09 17:30:00,17,91,0.0,0.0,0.0,0.24963333333333332,optimal
2021-02-09 18:00:00,17,91,0.0,0.0,0.0,2.3834666666666666,optimal
2021-02-09 18:30:00,17,91,0.0,0.0,0.0,0.24996666666666667,optimal
2021-02-09 19:00:00,17,91,0.0,0.0,0.0,0.37326666666666664,optimal
2021-02-09 19:30:00,17,91,0.0,0.0,0.0,0.39339999999999997,optimal
2021-02-09 20:00:00,17,91,0.0,0.0,0.0,0.2922,optimal
2021-02-09 20:30:00,17,91,0.0,0.0,0.0,2.644,optimal
2021-02-09 21:00:00,17,91,0.0,0.0,0.0,1.0162666666666669,optimal
2021-02-09 21:30:00,17,91,0.0,0.0,0.0,3.0564333333333336,optimal
2021-02-09 22:00:00,17,91,0.0,0.0,0.0,2.0339333333333327,optimal
2021-02-09 22:30:00,17,91,0.0,0.0,0.0,0.5822666666666666,optimal
2021-02-09 23:00:00,17,91,0.0,0.0,0.0,0.068,optimal
2021-02-09 23:30:00,17,91,0.0,0.0,0.0,0.16866666666666666,optimal
2021-02-10 00:00:00,17,91,0.0,0.0,0.0,0.062,optimal
2021-02-10 00:30:00,17,91,1.4132380952380952,0.0,0.0,0.062,optimal
2021-02-10 01:00:00,17,91,0.0,0.0,0.0,0.20626666666666668,optimal
2021-02-10 01:30:00,17,91,0.0,0.0,0.0,0.235,optimal
2021-02-10 02:00:00,17,91,0.7258144394230108,0.0,0.0,0.08059999999999999,optimal
2021-02-10 02:30:00,17,91,2.2857142857142856,0.0,0.0,0.17980000000000002,optimal
2021-02-10 03:00:00,17,91,2.2857142857142856,0.0,0.0,0.062,optimal
2021-02-10 03:30:00,17,91,2.2857142857142856,0.0,0.0,0.1736,optimal
2021-02-10 04:00:00,17,91,2.2857142857142856,0.0,0.0,0.0868,optimal
2021-02-10 04:30:00,17,91,2.2857142857142856,0.0,0.0,0.15666666666666665,optimal
2021-02-10 05:00:00,17,91,2.2857142857142856,0.0,0.0,0.062,optimal
2021-02-10 05:30:00,17,91,2.2857142857142856,0.0,0.0,0.11159999999999999,optimal
2021-02-10 06:00:00,17,91,2.2857142857142856,0.0,0.0,0.14880000000000002,optimal
2021-02-10 06:30:00,17,91,2.2857142857142856,0.0,0.0,0.062,optimal
2021-02-10 07:00:00,17,91,2.2857142857142856,0.0,0.0,0.15333333333333335,optimal
2021-02-10 07:30:00,17,91,2.2857142857142856,0.0,0.0,0.26366666666666666,optimal
2021-02-10 08:00:00,17,91,1.1962984723151007,0.0,0.0,0.2784,optimal
2021-02-10 08:30:00,17,91,0.895433936903639,0.0,0.0,2.1489000000000003,optimal
2021-02-10 09:00:00,17,91,1.0082116832709187,0.0,0.0,0.3242,optimal
2021-02-10 09:30:00,17,91,0.9674633383356512,0.0,0.0,0.906,optimal
2021-02-10 10:00:00,17,91,0.6198486093537778,0.0,0.0,0.9432,optimal
2021-02-10 10:30:00,17,91,0.5411997316046913,0.0,0.0,1.3040999999999998,optimal
2021-02-10 11:00:00,17,91,0.42906904320538836,0.0,0.0,1.7394,optimal
2021-02-10 11:30:00,17,91,0.49405868026155164,0.0,0.0,1.0654666666666668,optimal
2021-02-10 12:00:00,17,91,0.23251730340779528,0.0,0.0,0.4248,optimal
2021-02-10 12:30:00,17,91,0.24763158912209632,0.0,0.0,0.3448,optimal
2021-02-10 13:00:00,17,91,2.2857142857142856,0.0,0.0,0.207,optimal
2021-02-10 13:30:00,17,91,2.2857142857142856,0.0,0.0,0.3648666666666667,optimal
2021-02-10 14:00:00,17,91,2.2857142857142856,0.0,3.57354172822128,0.4501,optimal
2021-02-10 14:30:00,17,91,2.2857142857142856,0.0,10.0,0.45126666666666665,optimal
2021-02-10 15:00:00,17,91,2.2857142857142856,0.0,0.0,0.21686666666666668,optimal
2021-02-10 15:30:00,17,91,2.2857142857142856,0.0,0.0,0.19786666666666666,optimal
2021-02-10 16:00:00,17,91,0.0,0.0,0.0,0.11093333333333334,optimal
2021-02-10 16:30:00,17,91,0.0,0.0,0.0,0.072,optimal
2021-02-10 17:00:00,17,91,0.0,0.0,0.0,0.5092,optimal
2021-02-10 17:30:00,17,91,0.0,0.0,0.0,1.4646666666666668,optimal
2021-02-10 18:00:00,17,91,0.0,0.0,0.0,0.4601,optimal
2021-02-10 18:30:00,17,91,0.0,0.0,0.0,0.22953333333333334,optimal
2021-02-10 19:00:00,17,91,0.0,0.0,0.0,0.5287000000000001,optimal
2021-02-10 19:30:00,17,91,0.0,0.0,0.0,0.43910000000000005,optimal
2021-02-10 20:00:00,17,91,0.21891512205765812,0.0,0.0,0.25353333333333333,optimal
2021-02-10 20:30:00,17,91,0.0,0.0,0.0,0.2919333333333333,optimal
2021-02-10 21:00:00,17,91,0.0,0.0,0.0,0.30639999999999995,optimal
2021-02-10 21:30:00,17,91,0.0,0.0,0.0,0.125,optimal
2021-02-10 22:00:00,17,91,0.05971428571428571,0.0,0.0,0.6022666666666666,optimal
2021-02-10 22:30:00,17,91,0.0,0.0,0.0,0.5645,optimal
2021-02-10 23:00:00,17,91,0.0,0.0,0.0,0.229,optimal
2021-02-10 23:30:00,17,91,0.0,0.0,0.0,1.5849000000000002,optimal
2021-02-11 00:00:00,17,91,0.0,0.0,0.0,0.057,optimal
2021-02-11 00:30:00,17,91,2.2857142857142856,0.0,0.0,0.2987333333333333,optimal
2021-02-11 01:00:00,17,91,0.8236261907325535,0.0,0.0,0.057,optimal
2021-02-11 01:30:00,17,91,2.2857142857142856,0.0,0.0,0.0783,optimal
2021-02-11 02:00:00,17,91,2.2857142857142856,0.0,0.0,0.35203333333333336,optimal
2021-02-11 02:30:00,17,91,2.2857142857142856,0.0,0.0,0.0818,optimal
2021-02-11 03:00:00,17,91,2.2857142857142856,0.0,0.0,0.1564,optimal
2021-02-11 03:30:00,17,91,2.2857142857142856,0.0,0.0,0.19340000000000002,optimal
2021-02-11 04:00:00,17,91,2.2857142857142856,0.0,0.0,0.136,optimal
2021-02-11 04:30:00,17,91,2.2857142857142856,0.0,0.0,0.1827333333333333,optimal
2021-02-11 05:00:00,17,91,2.2857142857142856,0.0,0.0,0.21353333333333332,optimal
2021-02-11 05:30:00,17,91,2.2857142857142856,0.0,0.0,0.21963333333333332,optimal
2021-02-11 06:00:00,17,91,2.2857142857142856,0.0,5.327338386151514,1.0284666666666666,optimal
2021-02-11 06:30:00,17,91,2.2857142857142856,0.0,10.0,0.4666666666666667,optimal
2021-02-11 07:00:00,17,91,2.2857142857142856,0.0,10.0,0.17880000000000001,optimal
2021-02-11 07:30:00,17,91,2.2857142857142856,0.0,0.0,1.2873333333333332,optimal
2021-02-11 08:00:00,17,91,1.2336880037018576,0.0,0.0,0.27043333333333336,optimal
2021-02-11 08:30:00,17,91,1.2797159290699998,0.0,0.0,0.13623333333333332,optimal
2021-02-11 09:00:00,17,91,1.115632303093867,0.0,0.0,0.27486666666666665,optimal
2021-02-11 09:30:00,17,91,0.7440013145206613,0.0,0.0,1.3412,optimal
2021-02-11 10:00:00,17,91,0.6591726830155469,0.0,0.0,0.0706,optimal
2021-02-11 10:30:00,17,91,0.6857891463928072,0.0,0.0,0.211,optimal
2021-02-11 11:00:00,17,91,0.4800537943429898,0.0,0.0,0.22303333333333333,optimal
2021-02-11 11:30:00,17,91,0.34019035797853103,0.0,0.0,0.32656666666666667,optimal
2021-02-11 12:00:00,17,91,0.06428203693652078,0.0,0.0,0.3382,optimal
2021-02-11 12:30:00,17,91,0.13521182065876788,0.0,0.0,0.19166666666666662,optimal
2021-02-11 13:00:00,17,91,1.5969138690572529,0.0,0.0,0.4026666666666667,optimal
2021-02-11 13:30:00,17,91,2.2857142857142856,0.0,0.0,0.16419999999999998,optimal
2021-02-11 14:00:00,17,91,2.2857142857142856,0.0,0.0,0.9011666666666667,optimal
2021-02-11 14:30:00,17,91,2.2857142857142856,0.0,0.0,1.4473666666666665,optimal
2021-02-11 15:00:00,17,91,2.2857142857142856,0.0,0.0,0.2424,optimal
2021-02-11 15:30:00,17,91,2.2857142857142856,0.0,0.0,0.6342000000000001,optimal
2021-02-11 16:00:00,17,91,0.0,0.0,0.0,1.6542666666666668,optimal
2021-02-11 16:30:00,17,91,0.0,0.0,0.0,1.7540333333333333,optimal
2021-02-11 17:00:00,17,91,0.0,0.0,0.0,1.3175999999999999,optimal
2021-02-11 17:30:00,17,91,0.0,0.0,0.0,0.42486666666666667,optimal
2021-02-11 18:00:00,17,91,0.0,0.0,0.0,1.5877999999999999,optimal
2021-02-11 18:30:00,17,91,0.0,0.0,0.0,0.32780000000000004,optimal
2021-02-11 19:00:00,17,91,0.0,0.0,0.0,0.5015333333333334,optimal
2021-02-11 19:30:00,17,91,0.0,0.0,0.0,0.3534,optimal
2021-02-11 20:00:00,17,91,0.0,0.0,0.0,0.41373333333333334,optimal
2021-02-11 20:30:00,17,91,0.0,0.0,0.0,0.6156,optimal
2021-02-11 21:00:00,17,91,0.0,0.0,0.0,0.5725333333333333,optimal
2021-02-11 21:30:00,17,91,0.0,0.0,0.0,0.4557333333333333,optimal
2021-02-11 22:00:00,17,91,0.0199047619047619,0.0,0.0,0.15730000000000002,optimal
2021-02-11 22:30:00,17,91,0.0,0.0,0.0,0.2284,optimal
2021-02-11 23:00:00,17,91,0.0,0.0,0.0,0.18880000000000002,optimal
2021-02-11 23:30:00,17,91,0.0,0.0,0.0,0.1814,optimal
2021-02-12 00:00:00,17,91,0.039699134624304515,0.0,0.0,0.048,optimal
2021-02-12 00:30:00,17,91,2.2857142857142856,0.0,0.0,0.048,optimal
2021-02-12 01:00:00,17,91,2.2857142857142856,0.0,0.0,0.048,optimal
2021-02-12 01:30:00,17,91,2.2857142857142856,0.0,0.0,0.1026,optimal
2021-02-12 02:00:00,17,91,2.2857142857142856,0.0,0.0,0.19726666666666667,optimal
2021-02-12 02:30:00,17,91,2.2857142857142856,0.0,0.0,0.09046666666666668,optimal
2021-02-12 03:00:00,17,91,2.2857142857142856,0.0,0.0,0.06620000000000001,optimal
2021-02-12 03:30:00,17,91,2.2857142857142856,0.0,0.0,0.17166666666666666,optimal
2021-02-12 04:00:00,17,91,2.2857142857142856,0.0,0.0,0.09786666666666666,optimal
2021-02-12 04:30:00,17,91,2.2857142857142856,0.0,0.0,0.1031,optimal
2021-02-12 05:00:00,17,91,2.2857142857142856,0.0,0.0,0.18863333333333332,optimal
2021-02-12 05:30:00,17,91,2.2857142857142856,0.0,0.0,0.053666666666666654,optimal
2021-02-12 06:00:00,17,91,2.2857142857142856,0.0,0.0,0.2335,optimal
2021-02-12 06:30:00,17,91,2.2857142857142856,0.0,0.24810607863733034,0.05423333333333333,optimal
2021-02-12 07:00:00,17,91,2.2857142857142856,0.0,10.0,0.048,optimal
2021-02-12 07:30:00,17,91,2.2857142857142856,0.0,0.0,0.1026,optimal
2021-02-12 08:00:00,17,91,2.2566733114087807,0.0,0.0,0.12796666666666667,optimal
2021-02-12 08:30:00,17,91,1.2957816563440636,0.0,0.0,1.5054,optimal
2021-02-12 09:00:00,17,91,1.1806332542613762,0.0,0.0,0.2980333333333334,optimal
2021-02-12 09:30:00,17,91,1.0822224123542623,0.0,0.0,0.31676666666666664,optimal
2021-02-12 10:00:00,17,91,0.687671937910257,0.0,0.0,0.20366666666666663,optimal
2021-02-12 10:30:00,17,91,0.5553390575634997,0.0,0.0,1.456,optimal
2021-02-12 11:00:00,17,91,0.25606447023189416,0.0,0.0,2.3285666666666667,optimal
2021-02-12 11:30:00,17,91,0.35871928875996323,0.0,0.0,1.2416666666666667,optimal
2021-02-12 12:00:00,17,91,0.3123325418983297,0.0,0.0,0.3741333333333333,optimal
2021-02-12 12:30:00,17,91,0.4149835509026137,0.0,0.0,0.05066666666666666,optimal
2021-02-12 13:00:00,17,91,2.2857142857142856,0.0,0.0,0.13423333333333332,optimal
2021-02-12 13:30:00,17,91,2.2857142857142856,0.0,0.0,0.1674,optimal
2021-02-12 14:00:00,17,91,2.2857142857142856,0.0,0.0,0.13923333333333332,optimal
2021-02-12 14:30:00,17,91,2.2857142857142856,0.0,0.0,0.20753333333333332,optimal
2021-02-12 15:00:00,17,91,2.2857142857142856,0.0,0.0,0.052,optimal
2021-02-12 15:30:00,17,91,2.2857142857142856,0.0,0.0,0.15633333333333335,optimal
2021-02-12 16:00:00,17,91,0.0,0.0,0.0,0.2786666666666667,optimal
2021-02-12 16:30:00,17,91,0.0,0.0,0.0,0.173,optimal
2021-02-12 17:00:00,17,91,0.0,0.0,0.0,1.2102,optimal
2021-02-12 17:30:00,17,91,0.0,0.0,0.0,0.4816666666666667,optimal
2021-02-12 18:00:00,17,91,0.0,0.0,0.0,0.18946666666666667,optimal
2021-02-12 18:30:00,17,91,0.0,0.0,0.0,0.3454333333333333,optimal
2021-02-12 19:00:00,17,91,0.0,0.0,0.0,0.24563333333333331,optimal
2021-02-12 19:30:00,17,91,0.0,0.0,0.0,0.23676666666666668,optimal
2021-02-12 20:00:00,17,91,0.4044969793128359,0.0,0.0,0.2911,optimal
2021-02-12 20:30:00,17,91,0.0,0.0,0.0,0.14253333333333335,optimal
2021-02-12 21:00:00,17,91,0.0,0.0,0.0,0.13046666666666668,optimal
2021-02-12 21:30:00,17,91,0.0,0.0,0.0,0.31603333333333333,optimal
2021-02-12 22:00:00,17,91,0.0,0.0,0.0,0.23336666666666667,optimal
2021-02-12 22:30:00,17,91,0.0,0.0,0.0,0.2475,optimal
2021-02-12 23:00:00,17,91,0.0,0.0,0.0,0.4710666666666667,optimal
2021-02-12 23:30:00,17,91,0.0,0.0,0.0,0.05766666666666666,optimal
2021-02-13 00:00:00,17,91,0.0,0.0,0.0,0.129,optimal
2021-02-13 00:30:00,17,91,0.4976190476190476,0.0,0.0,0.077,optimal
2021-02-13 01:00:00,17,91,0.0,0.0,0.0,0.064,optimal
2021-02-13 01:30:00,17,91,0.0,0.0,0.0,0.064,optimal
2021-02-13 02:00:00,17,91,2.029257799775466,0.0,0.0,0.064,optimal
2021-02-13 02:30:00,17,91,2.2857142857142856,0.0,0.0,0.064,optimal
2021-02-13 03:00:00,17,91,2.2857142857142856,0.0,0.0,0.142,optimal
2021-02-13 03:30:00,17,91,2.2857142857142856,0.0,0.0,0.06833333333333333,optimal
2021-02-13 04:00:00,17,91,2.2857142857142856,0.0,0.0,0.13766666666666666,optimal
2021-02-13 04:30:00,17,91,2.2857142857142856,0.0,0.0,0.064,optimal
2021-02-13 05:00:00,17,91,2.2857142857142856,0.0,0.0,0.077,optimal
2021-02-13 05:30:00,17,91,2.2857142857142856,0.0,0.0,0.129,optimal
2021-02-13 06:00:00,17,91,2.2857142857142856,0.0,0.0,0.064,optimal
2021-02-13 06:30:00,17,91,2.2857142857142856,0.0,0.0,0.098,optimal
2021-02-13 07:00:00,17,91,2.2857142857142856,0.0,0.0,0.119,optimal
2021-02-13 07:30:00,17,91,2.2857142857142856,0.0,0.0,0.062,optimal
2021-02-13 08:00:00,17,91,1.3527856663844509,0.0,0.0,0.06333333333333334,optimal
2021-02-13 08:30:00,17,91,1.359255723007774,0.0,0.0,0.14366666666666666,optimal
2021-02-13 09:00:00,17,91,1.16377801898833,0.0,0.0,0.11366666666666668,optimal
2021-02-13 09:30:00,17,91,1.1467854449620793,0.0,0.0,0.15769999999999998,optimal
2021-02-13 10:00:00,17,91,0.8647695609165855,0.0,0.0,1.0411666666666668,optimal
2021-02-13 10:30:00,17,91,0.867060569920862,0.0,0.0,0.11916666666666668,optimal
2021-02-13 11:00:00,17,91,0.3307722481157919,0.0,0.0,2.097933333333333,optimal
2021-02-13 11:30:00,17,91,0.29618135235816206,0.0,0.0,1.1669,optimal
2021-02-13 12:00:00,17,91,0.41885235180873387,0.0,0.0,0.26893333333333336,optimal
2021-02-13 12:30:00,17,91,0.3642172269601245,0.0,0.0,0.4171,optimal
2021-02-13 13:00:00,17,91,2.2857142857142856,0.0,0.0,0.41843333333333327,optimal
2021-02-13 13:30:00,17,91,2.2857142857142856,0.0,5.480358167849392,0.3758666666666667,optimal
2021-02-13 14:00:00,17,91,2.2857142857142856,0.0,10.0,0.358,optimal
2021-02-13 14:30:00,17,91,2.2857142857142856,0.0,0.0,0.24969999999999998,optimal
2021-02-13 15:00:00,17,91,2.2857142857142856,0.0,0.0,0.074,optimal
2021-02-13 15:30:00,17,91,2.2857142857142856,0.0,0.0,0.173,optimal
2021-02-13 16:00:00,17,91,0.0,0.0,0.0,0.173,optimal
2021-02-13 16:30:00,17,91,0.0,0.0,0.0,0.152,optimal
2021-02-13 17:00:00,17,91,0.0,0.0,0.0,0.074,optimal
2021-02-13 17:30:00,17,91,0.0,0.0,0.0,0.074,optimal
2021-02-13 18:00:00,17,91,0.0,0.0,0.0,0.074,optimal
2021-02-13 18:30:00,17,91,0.0,0.0,0.0,0.10433333333333332,optimal
2021-02-13 19:00:00,17,91,0.0,0.0,0.0,0.5196333333333333,optimal
2021-02-13 19:30:00,17,91,0.611107490230146,0.0,0.0,0.3974,optimal
2021-02-13 20:00:00,17,91,1.2154863082472072,0.0,0.0,0.39513333333333334,optimal
2021-02-13 20:30:00,17,91,0.0,0.0,0.0,0.10433333333333332,optimal
2021-02-13 21:00:00,17,91,0.0,0.0,0.0,0.12166666666666669,optimal
2021-02-13 21:30:00,17,91,0.0,0.0,0.0,0.1928,optimal
2021-02-13 22:00:00,17,91,0.09952380952380951,0.0,0.0,0.6541,optimal
2021-02-13 22:30:00,17,91,0.0,0.0,0.0,0.2029,optimal
2021-02-13 23:00:00,17,91,0.0,0.0,0.0,0.24206666666666662,optimal
2021-02-13 23:30:00,17,91,0.0,0.0,0.0,0.223,optimal
2021-02-07 00:00:00,18,91,0.0,0.0,0.0,0.047,optimal
2021-02-07 00:30:00,18,91,0.0,0.0,0.0,0.06376666666666667,optimal
2021-02-07 01:00:00,18,91,0.0,0.0,0.0,0.22069999999999998,optimal
2021-02-07 01:30:00,18,91,0.0,0.0,0.0,0.1002,optimal
2021-02-07 02:00:00,18,91,0.0,0.0,0.0,0.19233333333333327,optimal
2021-02-07 02:30:00,18,91,0.0,0.0,0.0,0.13533333333333333,optimal
2021-02-07 03:00:00,18,91,0.0,0.0,0.0,0.057,optimal
2021-02-07 03:30:00,18,91,0.0,0.0,0.0,0.1557666666666667,optimal
2021-02-07 04:00:00,18,91,2.2857142857142856,0.0,0.0,0.1719,optimal
2021-02-07 04:30:00,18,91,2.2857142857142856,0.0,0.0,0.057,optimal
2021-02-07 05:00:00,18,91,2.2857142857142856,0.0,0.0,0.23466666666666663,optimal
2021-02-07 05:30:00,18,91,2.2857142857142856,0.0,0.0,0.093,optimal
2021-02-07 06:00:00,18,91,2.2857142857142856,0.0,0.0,0.08940000000000001,optimal
2021-02-07 06:30:00,18,91,2.2857142857142856,0.0,0.0,0.08940000000000001,optimal
2021-02-07 07:00:00,18,91,2.2857142857142856,0.0,1.5052247886819266,0.43706666666666666,optimal
2021-02-07 07:30:00,18,91,0.0,0.0,0.0,0.07429999999999999,optimal
2021-02-07 08:00:00,18,91,0.0,0.0,0.0,0.11113333333333333,optimal
2021-02-07 08:30:00,18,91,0.0,0.0,0.0,0.2057333333333333,optimal
2021-02-07 09:00:00,18,91,0.0,0.0,0.0,0.0678,optimal
2021-02-07 09:30:00,18,91,0.988655758898287,0.0,0.0,0.27066666666666667,optimal
2021-02-07 10:00:00,18,91,1.0619483467694675,0.0,0.0,0.057,optimal
2021-02-07 10:30:00,18,91,1.0649510906656836,0.0,0.0,0.07053333333333334,optimal
2021-02-07 11:00:00,18,91,0.8762592563887011,0.0,0.0,0.2571333333333333,optimal
2021-02-07 11:30:00,18,91,0.933440208769651,0.0,0.0,0.057,optimal
2021-02-07 12:00:00,18,91,0.8275911751960645,0.0,0.0,0.0858,optimal
2021-02-07 12:30:00,18,91,0.7984673656722553,0.0,0.0,0.18773333333333328,optimal
2021-02-07 13:00:00,18,91,2.2857142857142856,0.0,0.0,0.11113333333333333,optimal
2021-02-07 13:30:00,18,91,2.2857142857142856,0.0,0.0,0.1002,optimal
2021-02-07 14:00:00,18,91,2.2857142857142856,0.0,0.0,0.19363333333333332,optimal
2021-02-07 14:30:00,18,91,2.2857142857142856,0.0,0.0,0.09083333333333331,optimal
2021-02-07 15:00:00,18,91,2.2857142857142856,0.0,0.0,0.1179,optimal
2021-02-07 15:30:00,18,91,2.2857142857142856,0.0,0.0,0.20976666666666668,optimal
2021-02-07 16:00:00,18,91,0.0,0.0,0.0,0.057,optimal
2021-02-07 16:30:00,18,91,0.0,0.0,0.0,0.09866666666666668,optimal
2021-02-07 17:00:00,18,91,0.0,0.0,0.0,1.4654666666666667,optimal
2021-02-07 17:30:00,18,91,0.0,0.0,0.0,0.1585,optimal
2021-02-07 18:00:00,18,91,0.0,0.0,0.0,1.5563666666666665,optimal
2021-02-07 18:30:00,18,91,0.0,0.0,0.0,2.159466666666667,optimal
2021-02-07 19:00:00,18,91,0.0,0.0,0.0,2.431333333333333,optimal
2021-02-07 19:30:00,18,91,0.2341226607353431,0.0,0.0,0.34486666666666665,optimal
2021-02-07 20:00:00,18,91,1.0602354663400646,0.0,0.0,0.26263333333333333,optimal
2021-02-07 20:30:00,18,91,0.0,0.0,0.0,0.36436666666666667,optimal
2021-02-07 21:00:00,18,91,0.0,0.0,0.0,0.2603333333333333,optimal
2021-02-07 21:30:00,18,91,0.0,0.0,0.0,2.3910666666666667,optimal
2021-02-07 22:00:00,18,91,0.0,0.0,0.0,3.0953000000000004,optimal
2021-02-07 22:30:00,18,91,0.0,0.0,0.0,3.277066666666667,optimal
2021-02-07 23:00:00,18,91,0.0,0.0,0.0,0.057,optimal
2021-02-07 23:30:00,18,91,0.0,0.0,0.0,0.1991,optimal
2021-02-08 00:00:00,18,91,0.0,0.0,0.0,0.13813333333333333,optimal
2021-02-08 00:30:00,18,91,0.0,0.0,0.0,0.1975,optimal
2021-02-08 01:00:00,18,91,0.0,0.0,0.0,0.18969999999999998,optimal
2021-02-08 01:30:00,18,91,0.0,0.0,0.0,0.14793333333333333,optimal
2021-02-08 02:00:00,18,91,0.0,0.0,0.0,0.29769999999999996,optimal
2021-02-08 02:30:00,18,91,0.5882025763236355,0.0,0.0,0.08116666666666666,optimal
2021-02-08 03:00:00,18,91,2.2857142857142856,0.0,0.0,0.1901,optimal
2021-02-08 03:30:00,18,91,2.2857142857142856,0.0,0.0,0.2494333333333333,optimal
2021-02-08 04:00:00,18,91,2.2857142857142856,0.0,0.0,0.14793333333333333,optimal
2021-02-08 04:30:00,18,91,2.2857142857142856,0.0,0.0,0.30306666666666665,optimal
2021-02-08 05:00:00,18,91,2.2857142857142856,0.0,0.0,0.061,optimal
2021-02-08 05:30:00,18,91,2.2857142857142856,0.0,0.0,0.31076666666666664,optimal
2021-02-08 06:00:00,18,91,2.2857142857142856,0.0,5.622528885509155,0.4267666666666666,optimal
2021-02-08 06:30:00,18,91,2.2857142857142856,0.0,0.0,0.2092,optimal
2021-02-08 07:00:00,18,91,2.2857142857142856,0.0,0.0,1.1796333333333335,optimal
2021-02-08 07:30:00,18,91,2.2857142857142856,0.0,0.0,0.2790666666666667,optimal
2021-02-08 08:00:00,18,91,1.2808805291542227,0.0,0.0,0.147,optimal
2021-02-08 08:30:00,18,91,1.3088927968599586,0.0,0.0,0.073,optimal
2021-02-08 09:00:00,18,91,1.1347996424537803,0.0,0.0,0.2182666666666667,optimal
2021-02-08 09:30:00,18,91,1.1453145742285138,0.0,0.0,0.1454,optimal
2021-02-08 10:00:00,18,91,0.9162861771616471,0.0,0.0,0.13973333333333332,optimal
2021-02-08 10:30:00,18,91,0.909428388244072,0.0,0.0,0.1998,optimal
2021-02-08 11:00:00,18,91,0.6588171808649986,0.0,0.0,0.20513333333333333,optimal
2021-02-08 11:30:00,18,91,0.6654334845878374,0.0,0.0,0.15793333333333334,optimal
2021-02-08 12:00:00,18,91,0.5665547387238538,0.0,0.0,0.19686666666666666,optimal
2021-02-08 12:30:00,18,91,0.53054925093143,0.0,0.0,0.2748,optimal
2021-02-08 13:00:00,18,91,1.9783711813987777,0.0,0.0,0.10540000000000001,optimal
2021-02-08 13:30:00,18,91,2.2857142857142856,0.0,0.0,0.14859999999999998,optimal
2021-02-08 14:00:00,18,91,2.2857142857142856,0.0,0.0,0.2906666666666667,optimal
2021-02-08 14:30:00,18,91,2.2857142857142856,0.0,0.0,0.13240000000000002,optimal
2021-02-08 15:00:00,18,91,2.2857142857142856,0.0,0.0,0.28496666666666665,optimal
2021-02-08 15:30:00,18,91,2.2857142857142856,0.0,0.0,0.2612,optimal
2021-02-08 16:00:00,18,91,0.0,0.0,0.0,0.5137333333333334,optimal
2021-02-08 16:30:00,18,91,0.0,0.0,0.0,0.5947333333333333,optimal
2021-02-08 17:00:00,18,91,0.0,0.0,0.0,0.6896,optimal
2021-02-08 17:30:00,18,91,0.0,0.0,0.0,0.42923333333333336,optimal
2021-02-08 18:00:00,18,91,0.0,0.0,0.0,0.35760000000000003,optimal
2021-02-08 18:30:00,18,91,0.0,0.0,0.0,0.4269,optimal
2021-02-08 19:00:00,18,91,0.0,0.0,0.0,0.4209666666666666,optimal
2021-02-08 19:30:00,18,91,0.0,0.0,0.0,0.11246666666666669,optimal
2021-02-08 20:00:00,18,91,0.0,0.0,0.0,0.27376666666666666,optimal
2021-02-08 20:30:00,18,91,0.0,0.0,0.0,0.39803333333333335,optimal
2021-02-08 21:00:00,18,91,0.0,0.0,0.0,0.35686666666666667,optimal
2021-02-08 21:30:00,18,91,0.0,0.0,0.0,0.3168,optimal
2021-02-08 22:00:00,18,91,0.0,0.0,0.0,0.09659999999999999,optimal
2021-02-08 22:30:00,18,91,0.0,0.0,0.0,0.3509333333333333,optimal
2021-02-08 23:00:00,18,91,0.0,0.0,0.0,0.09713333333333334,optimal
2021-02-08 23:30:00,18,91,0.0,0.0,0.0,0.08513333333333334,optimal
2021-02-09 00:00:00,18,91,0.0,0.0,0.0,0.056,optimal
2021-02-09 00:30:00,18,91,0.44825523809523826,0.0,0.0,0.1256,optimal
2021-02-09 01:00:00,18,91,0.0,0.0,0.0,0.07540000000000001,optimal
2021-02-09 01:30:00,18,91,0.0,0.0,0.0,0.27953333333333336,optimal
2021-02-09 02:00:00,18,91,0.7174692539973049,0.0,0.0,0.056,optimal
2021-02-09 02:30:00,18,91,2.2857142857142856,0.0,0.0,0.288,optimal
2021-02-09 03:00:00,18,91,2.2857142857142856,0.0,0.0,0.13653333333333334,optimal
2021-02-09 03:30:00,18,91,2.2857142857142856,0.0,0.0,0.0854,optimal
2021-02-09 04:00:00,18,91,2.2857142857142856,0.0,0.0,0.33913333333333334,optimal
2021-02-09 04:30:00,18,91,2.2857142857142856,0.0,0.0,0.056,optimal
2021-02-09 05:00:00,18,91,2.2857142857142856,0.0,0.0,0.2625,optimal
2021-02-09 05:30:00,18,91,2.2857142857142856,0.0,0.0,0.16203333333333333,optimal
2021-02-09 06:00:00,18,91,2.2857142857142856,0.0,7.073601261802331,0.056,optimal
2021-02-09 06:30:00,18,91,2.2857142857142856,0.0,10.0,0.15816666666666665,optimal
2021-02-09 07:00:00,18,91,2.2857142857142856,0.0,0.0,0.30246666666666666,optimal
2021-02-09 07:30:00,18,91,2.2857142857142856,0.0,0.0,0.19516666666666663,optimal
2021-02-09 08:00:00,18,91,2.06528236707726,0.0,0.0,0.25610000000000005,optimal
2021-02-09 08:30:00,18,91,1.1602677750424577,0.0,0.0,0.26103333333333334,optimal
2021-02-09 09:00:00,18,91,1.0195561154398638,0.0,0.0,0.14716666666666667,optimal
2021-02-09 09:30:00,18,91,0.9608812170845655,0.0,0.0,0.20106666666666664,optimal
2021-02-09 10:00:00,18,91,0.7533409530843481,0.0,0.0,0.586,optimal
2021-02-09 10:30:00,18,91,0.6907598076295389,0.0,0.0,1.2835666666666665,optimal
2021-02-09 11:00:00,18,91,0.47955299480226987,0.0,0.0,0.41856666666666664,optimal
2021-02-09 11:30:00,18,91,0.4218916228541626,0.0,0.0,0.43106666666666665,optimal
2021-02-09 12:00:00,18,91,0.2030420564943552,0.0,0.0,0.5103,optimal
2021-02-09 12:30:00,18,91,0.18695485701388154,0.0,0.0,0.6738999999999999,optimal
2021-02-09 13:00:00,18,91,1.4384479294928292,0.0,0.0,0.4549666666666666,optimal
2021-02-09 13:30:00,18,91,2.2857142857142856,0.0,0.0,0.28646666666666665,optimal
2021-02-09 14:00:00,18,91,2.2857142857142856,0.0,0.0,0.14063333333333333,optimal
2021-02-09 14:30:00,18,91,2.2857142857142856,0.0,0.0,0.16163333333333332,optimal
2021-02-09 15:00:00,18,91,2.2857142857142856,0.0,0.0,0.066,optimal
2021-02-09 15:30:00,18,91,2.2857142857142856,0.0,0.0,0.14853333333333332,optimal
2021-02-09 16:00:00,18,91,0.0,0.0,0.0,0.19533333333333328,optimal
2021-02-09 16:30:00,18,91,0.0,0.0,0.0,0.066,optimal
2021-02-09 17:00:00,18,91,0.0,0.0,0.0,0.2714,optimal
2021-02-09 17:30:00,18,91,0.0,0.0,0.0,0.32743333333333335,optimal
2021-02-09 18:00:00,18,91,0.0,0.0,0.0,1.7340666666666666,optimal
2021-02-09 18:30:00,18,91,0.0,0.0,0.0,0.5206000000000001,optimal
2021-02-09 19:00:00,18,91,0.0,0.0,0.0,0.42819999999999997,optimal
2021-02-09 19:30:00,18,91,0.0,0.0,0.0,0.4389333333333333,optimal
2021-02-09 20:00:00,18,91,0.0,0.0,0.0,0.5507000000000001,optimal
2021-02-09 20:30:00,18,91,0.0,0.0,0.0,0.6071,optimal
2021-02-09 21:00:00,18,91,0.0,0.0,0.0,0.5682666666666667,optimal
2021-02-09 21:30:00,18,91,0.0,0.0,0.0,0.2622,optimal
2021-02-09 22:00:00,18,91,0.0398095238095238,0.0,0.0,0.5883999999999999,optimal
2021-02-09 22:30:00,18,91,0.0,0.0,0.0,0.39926666666666666,optimal
2021-02-09 23:00:00,18,91,0.0,0.0,0.0,0.16366666666666665,optimal
2021-02-09 23:30:00,18,91,0.0,0.0,0.0,0.27653333333333335,optimal
2021-02-10 00:00:00,18,91,0.0,0.0,0.0,0.058,optimal
2021-02-10 00:30:00,18,91,1.691904761904762,0.0,0.0,0.058,optimal
2021-02-10 01:00:00,18,91,0.0,0.0,0.0,0.10946666666666668,optimal
2021-02-10 01:30:00,18,91,0.0,0.0,0.0,0.14806666666666665,optimal
2021-02-10 02:00:00,18,91,1.0911643605006116,0.0,0.0,0.058,optimal
2021-02-10 02:30:00,18,91,2.2857142857142856,0.0,0.0,0.08373333333333334,optimal
2021-02-10 03:00:00,18,91,2.2857142857142856,0.0,0.0,0.1738,optimal
2021-02-10 03:30:00,18,91,2.2857142857142856,0.0,0.0,0.058,optimal
2021-02-10 04:00:00,18,91,2.2857142857142856,0.0,0.0,0.058,optimal
2021-02-10 04:30:00,18,91,2.2857142857142856,0.0,0.0,0.18666666666666662,optimal
2021-02-10 05:00:00,18,91,2.2857142857142856,0.0,0.0,0.07086666666666666,optimal
2021-02-10 05:30:00,18,91,2.2857142857142856,0.0,0.0,0.058,optimal
2021-02-10 06:00:00,18,91,2.2857142857142856,0.0,0.0,0.2062,optimal
2021-02-10 06:30:00,18,91,2.2857142857142856,0.0,0.0,0.058,optimal
2021-02-10 07:00:00,18,91,2.2857142857142856,0.0,0.0,0.058,optimal
2021-02-10 07:30:00,18,91,2.2857142857142856,0.0,0.0,0.19953333333333334,optimal
2021-02-10 08:00:00,18,91,1.2137270437436822,0.0,0.0,0.10640000000000001,optimal
2021-02-10 08:30:00,18,91,1.0505596511893611,0.0,0.0,0.2783333333333333,optimal
2021-02-10 09:00:00,18,91,0.8238116832709299,0.0,0.0,0.4654,optimal
2021-02-10 09:30:00,18,91,0.9068157192880291,0.0,0.0,0.2720666666666667,optimal
2021-02-10 10:00:00,18,91,0.6033152760204409,0.0,0.0,0.349,optimal
2021-02-10 10:30:00,18,91,0.6125540173189802,0.0,0.0,0.2806,optimal
2021-02-10 11:00:00,18,91,0.448554757491103,0.0,0.0,0.184,optimal
2021-02-10 11:30:00,18,91,0.40105677549965196,0.0,0.0,0.32553333333333334,optimal
2021-02-10 12:00:00,18,91,0.10045063674112711,0.0,0.0,0.17466666666666666,optimal
2021-02-10 12:30:00,18,91,0.055444922455428376,0.0,0.0,1.3634666666666666,optimal
2021-02-10 13:00:00,18,91,1.2286416787419996,0.0,0.0,0.2552666666666667,optimal
2021-02-10 13:30:00,18,91,2.2445711885734587,0.0,0.0,0.2768333333333333,optimal
2021-02-10 14:00:00,18,91,2.2857142857142856,0.0,0.0,0.2848333333333333,optimal
2021-02-10 14:30:00,18,91,2.2857142857142856,0.0,0.0,0.1992,optimal
2021-02-10 15:00:00,18,91,2.2857142857142856,0.0,8.455693978054821,0.24480000000000002,optimal
2021-02-10 15:30:00,18,91,2.2857142857142856,0.0,10.0,0.111,optimal
2021-02-10 16:00:00,18,91,0.0,0.0,0.0,0.068,optimal
2021-02-10 16:30:00,18,91,0.0,0.0,0.0,0.2003,optimal
2021-02-10 17:00:00,18,91,0.0,0.0,0.0,0.3512,optimal
2021-02-10 17:30:00,18,91,0.0,0.0,0.0,0.22343333333333332,optimal
2021-02-10 18:00:00,18,91,0.0,0.0,0.0,0.31553333333333333,optimal
2021-02-10 18:30:00,18,91,0.0,0.0,0.0,0.17726666666666668,optimal
2021-02-10 19:00:00,18,91,0.0,0.0,0.0,0.36436666666666667,optimal
2021-02-10 19:30:00,18,91,0.0,0.0,0.0,0.31389999999999996,optimal
2021-02-10 20:00:00,18,91,0.0,0.0,0.0,0.068,optimal
2021-02-10 20:30:00,18,91,0.0,0.0,0.0,0.08086666666666666,optimal
2021-02-10 21:00:00,18,91,0.0,0.0,0.0,0.19666666666666663,optimal
2021-02-10 21:30:00,18,91,0.0,0.0,0.0,0.068,optimal
2021-02-10 22:00:00,18,91,0.05971428571428571,0.0,0.0,0.068,optimal
2021-02-10 22:30:00,18,91,0.0,0.0,0.0,0.3529333333333333,optimal
2021-02-10 23:00:00,18,91,0.0,0.0,0.0,0.18866666666666662,optimal
2021-02-10 23:30:00,18,91,0.0398095238095238,0.0,0.0,0.24766666666666662,optimal
2021-02-11 00:00:00,18,91,0.0199047619047619,0.0,0.0,0.9082,optimal
2021-02-11 00:30:00,18,91,0.5971428571428571,0.0,0.0,0.16473333333333331,optimal
2021-02-11 01:00:00,18,91,2.1291626951613556,0.0,0.0,0.108,optimal
2021-02-11 01:30:00,18,91,2.2857142857142856,0.0,0.0,0.5830333333333333,optimal
2021-02-11 02:00:00,18,91,2.2857142857142856,0.0,0.0,0.06966666666666667,optimal
2021-02-11 02:30:00,18,91,2.2857142857142856,0.0,0.0,0.059,optimal
2021-02-11 03:00:00,18,91,2.2857142857142856,0.0,0.0,0.16493333333333335,optimal
2021-02-11 03:30:00,18,91,2.2857142857142856,0.0,0.0,0.059,optimal
2021-02-11 04:00:00,18,91,2.2857142857142856,0.0,0.0,0.06656666666666666,optimal
2021-02-11 04:30:00,18,91,2.2857142857142856,0.0,0.0,0.15736666666666668,optimal
2021-02-11 05:00:00,18,91,2.2857142857142856,0.0,0.0,0.059,optimal
2021-02-11 05:30:00,18,91,2.2857142857142856,0.0,0.0,0.16493333333333335,optimal
2021-02-11 06:00:00,18,91,2.2857142857142856,0.0,0.0,0.059,optimal
2021-02-11 06:30:00,18,91,2.2857142857142856,0.0,0.49424319168179554,0.059,optimal
2021-02-11 07:00:00,18,91,2.2857142857142856,0.0,10.0,0.16526666666666667,optimal
2021-02-11 07:30:00,18,91,2.2857142857142856,0.0,0.0,0.069,optimal
2021-02-11 08:00:00,18,91,1.4456403846542347,0.0,0.0,0.17493333333333333,optimal
2021-02-11 08:30:00,18,91,1.4862111671652327,0.0,0.0,0.067,optimal
2021-02-11 09:00:00,18,91,1.2175561126176795,0.0,0.0,0.1468,optimal
2021-02-11 09:30:00,18,91,1.167429885949246,0.0,0.0,0.18903333333333333,optimal
2021-02-11 10:00:00,18,91,0.8219822068250662,0.0,0.0,0.0719,optimal
2021-02-11 10:30:00,18,91,0.8653605749642518,0.0,0.0,0.069,optimal
2021-02-11 11:00:00,18,91,0.633653794342986,0.0,0.0,0.1696,optimal
2021-02-11 11:30:00,18,91,0.612399881788061,0.0,0.0,0.059,optimal
2021-02-11 12:00:00,18,91,0.35454870360318685,0.0,0.0,0.1311,optimal
2021-02-11 12:30:00,18,91,0.31854515399208827,0.0,0.0,0.10683333333333331,optimal
2021-02-11 13:00:00,18,91,2.2857142857142856,0.0,0.0,0.069,optimal
2021-02-11 13:30:00,18,91,2.2857142857142856,0.0,0.0,0.069,optimal
2021-02-11 14:00:00,18,91,2.2857142857142856,0.0,0.0,0.17026666666666668,optimal
2021-02-11 14:30:00,18,91,2.2857142857142856,0.0,0.0,0.059,optimal
2021-02-11 15:00:00,18,91,2.2857142857142856,0.0,0.0,0.11073333333333332,optimal
2021-02-11 15:30:00,18,91,2.2857142857142856,0.0,0.0,0.26339999999999997,optimal
2021-02-11 16:00:00,18,91,0.0,0.0,0.0,0.2312,optimal
2021-02-11 16:30:00,18,91,0.0,0.0,0.0,0.3163,optimal
2021-02-11 17:00:00,18,91,0.0,0.0,0.0,0.18186666666666668,optimal
2021-02-11 17:30:00,18,91,0.0,0.0,0.0,0.3611333333333333,optimal
2021-02-11 18:00:00,18,91,0.0,0.0,0.0,0.43646666666666656,optimal
2021-02-11 18:30:00,18,91,0.0,0.0,0.0,0.08940000000000001,optimal
2021-02-11 19:00:00,18,91,0.0,0.0,0.0,0.071,optimal
2021-02-11 19:30:00,18,91,1.2743621944189876,0.0,0.0,1.6421333333333334,optimal
2021-02-11 20:00:00,18,91,1.6827897631456672,0.0,0.0,0.092,optimal
2021-02-11 20:30:00,18,91,0.0,0.0,0.0,0.1189,optimal
2021-02-11 21:00:00,18,91,0.0,0.0,0.0,0.4588666666666667,optimal
2021-02-11 21:30:00,18,91,0.0,0.0,0.0,0.334,optimal
2021-02-11 22:00:00,18,91,0.4976190476190476,0.0,0.0,0.36173333333333335,optimal
2021-02-11 22:30:00,18,91,0.0,0.0,0.0,0.38273333333333337,optimal
2021-02-11 23:00:00,18,91,0.0,0.0,0.0,0.069,optimal
2021-02-11 23:30:00,18,91,0.0,0.0,0.0,0.17393333333333333,optimal
2021-02-12 00:00:00,18,91,0.8192907214582121,0.0,0.0,0.065,optimal
2021-02-12 00:30:00,18,91,2.2857142857142856,0.0,0.0,0.1801333333333333,optimal
2021-02-12 01:00:00,18,91,2.2857142857142856,0.0,0.0,0.065,optimal
2021-02-12 01:30:00,18,91,2.2857142857142856,0.0,0.0,0.065,optimal
2021-02-12 02:00:00,18,91,2.2857142857142856,0.0,0.0,0.072,optimal
2021-02-12 02:30:00,18,91,2.2857142857142856,0.0,0.0,0.075,optimal
2021-02-12 03:00:00,18,91,2.2857142857142856,0.0,0.0,0.18313333333333331,optimal
2021-02-12 03:30:00,18,91,2.2857142857142856,0.0,0.0,0.065,optimal
2021-02-12 04:00:00,18,91,2.2857142857142856,0.0,0.0,0.20706666666666662,optimal
2021-02-12 04:30:00,18,91,2.2857142857142856,0.0,0.0,0.2479,optimal
2021-02-12 05:00:00,18,91,2.2857142857142856,0.0,4.632710522385657,0.22893333333333332,optimal
2021-02-12 05:30:00,18,91,2.2857142857142856,0.0,10.0,0.46636666666666665,optimal
2021-02-12 06:00:00,18,91,2.2857142857142856,0.0,0.0,0.38453333333333334,optimal
2021-02-12 06:30:00,18,91,2.2857142857142856,0.0,0.0,0.326,optimal
2021-02-12 07:00:00,18,91,2.2857142857142856,0.0,0.0,0.42073333333333335,optimal
2021-02-12 07:30:00,18,91,2.2857142857142856,0.0,0.0,0.206,optimal
2021-02-12 08:00:00,18,91,1.8169018828373489,0.0,0.0,0.31589999999999996,optimal
2021-02-12 08:30:00,18,91,1.5031359420583432,0.0,0.0,0.22043333333333331,optimal
2021-02-12 09:00:00,18,91,1.3214446828328212,0.0,0.0,0.18973333333333328,optimal
2021-02-12 09:30:00,18,91,1.1573462218780655,0.0,0.0,0.15163333333333331,optimal
2021-02-12 10:00:00,18,91,0.6433519379102541,0.0,0.0,0.8564666666666667,optimal
2021-02-12 10:30:00,18,91,0.5641771528015928,0.0,0.0,1.3622999999999998,optimal
2021-02-12 11:00:00,18,91,0.3801120892795099,0.0,0.0,0.278,optimal
2021-02-12 11:30:00,18,91,0.30871738399805865,0.0,0.0,0.4446666666666667,optimal
2021-02-12 12:00:00,18,91,0.17704301808880896,0.0,0.0,0.4874,optimal
2021-02-12 12:30:00,18,91,0.1756197413788084,0.0,0.0,0.4298666666666667,optimal
2021-02-12 13:00:00,18,91,1.1389657003695515,0.0,0.0,0.47886666666666666,optimal
2021-02-12 13:30:00,18,91,2.2857142857142856,0.0,0.0,0.31039999999999995,optimal
2021-02-12 14:00:00,18,91,2.2857142857142856,0.0,0.0,0.6482,optimal
2021-02-12 14:30:00,18,91,2.2857142857142856,0.0,0.0,0.367,optimal
2021-02-12 15:00:00,18,91,2.2857142857142856,0.0,0.0,0.3072,optimal
2021-02-12 15:30:00,18,91,2.2857142857142856,0.0,0.0,0.29656666666666665,optimal
2021-02-12 16:00:00,18,91,0.0,0.0,0.0,0.18786666666666668,optimal
2021-02-12 16:30:00,18,91,0.0,0.0,0.0,0.17880000000000001,optimal
2021-02-12 17:00:00,18,91,0.0,0.0,0.0,1.3666333333333334,optimal
2021-02-12 17:30:00,18,91,0.0,0.0,0.0,1.8215333333333332,optimal
2021-02-12 18:00:00,18,91,0.0,0.0,0.0,0.8415333333333334,optimal
2021-02-12 18:30:00,18,91,0.0,0.0,0.0,1.3749,optimal
2021-02-12 19:00:00,18,91,0.0,0.0,0.0,0.3383333333333333,optimal
2021-02-12 19:30:00,18,91,0.0,0.0,0.0,0.32656666666666667,optimal
2021-02-12 20:00:00,18,91,0.0,0.0,0.0,0.49276666666666663,optimal
2021-02-12 20:30:00,18,91,0.0,0.0,0.0,0.30156666666666665,optimal
2021-02-12 21:00:00,18,91,0.0,0.0,0.0,0.2873,optimal
2021-02-12 21:30:00,18,91,0.0,0.0,0.0,0.35383333333333333,optimal
2021-02-12 22:00:00,18,91,0.0,0.0,0.0,0.3821333333333333,optimal
2021-02-12 22:30:00,18,91,0.0,0.0,0.0,0.075,optimal
2021-02-12 23:00:00,18,91,0.0,0.0,0.0,0.1849,optimal
2021-02-12 23:30:00,18,91,0.0,0.0,0.0,0.07856666666666666,optimal
2021-02-13 00:00:00,18,91,0.0,0.0,0.0,0.059,optimal
2021-02-13 00:30:00,18,91,1.472952380952381,0.0,0.0,0.06559999999999999,optimal
2021-02-13 01:00:00,18,91,0.0,0.0,0.0,0.19533333333333328,optimal
2021-02-13 01:30:00,18,91,0.0,0.0,0.0,0.2459333333333333,optimal
2021-02-13 02:00:00,18,91,2.0902294076901935,0.0,0.0,0.092,optimal
2021-02-13 02:30:00,18,91,2.2857142857142856,0.0,0.0,0.28136666666666665,optimal
2021-02-13 03:00:00,18,91,2.2857142857142856,0.0,0.0,0.08070000000000001,optimal
2021-02-13 03:30:00,18,91,2.2857142857142856,0.0,0.0,0.16423333333333331,optimal
2021-02-13 04:00:00,18,91,2.2857142857142856,0.0,0.0,0.22423333333333328,optimal
2021-02-13 04:30:00,18,91,2.2857142857142856,0.0,0.0,0.092,optimal
2021-02-13 05:00:00,18,91,2.2857142857142856,0.0,0.0,0.14393333333333333,optimal
2021-02-13 05:30:00,18,91,2.2857142857142856,0.0,0.0,0.21813333333333332,optimal
2021-02-13 06:00:00,18,91,2.2857142857142856,0.0,0.0,0.14393333333333333,optimal
2021-02-13 06:30:00,18,91,2.2857142857142856,0.0,4.737710859012115,0.192,optimal
2021-02-13 07:00:00,18,91,2.2857142857142856,0.0,10.0,0.14753333333333332,optimal
2021-02-13 07:30:00,18,91,2.2857142857142856,0.0,0.0,0.19633333333333328,optimal
2021-02-13 08:00:00,18,91,1.2208142378130258,0.0,0.0,0.4098,optimal
2021-02-13 08:30:00,18,91,1.2266252468172854,0.0,0.0,1.2858,optimal
2021-02-13 09:00:00,18,91,1.1733875427978422,0.0,0.0,0.3106666666666667,optimal
2021-02-13 09:30:00,18,91,1.260290206866836,0.0,0.0,0.069,optimal
2021-02-13 10:00:00,18,91,0.9568476561546815,0.0,0.0,0.17283333333333334,optimal
2021-02-13 10:30:00,18,91,0.9430129508732488,0.0,0.0,0.2092333333333333,optimal
2021-02-13 11:00:00,18,91,0.678416057639606,0.0,0.0,0.069,optimal
2021-02-13 11:30:00,18,91,0.6486480190248314,0.0,0.0,0.16116666666666665,optimal
2021-02-13 12:00:00,18,91,0.4884523518087318,0.0,0.0,0.2803,optimal
2021-02-13 12:30:00,18,91,0.5384877031506171,0.0,0.0,0.08113333333333334,optimal
2021-02-13 13:00:00,18,91,2.2857142857142856,0.0,0.0,0.32403333333333334,optimal
2021-02-13 13:30:00,18,91,2.2857142857142856,0.0,0.0,0.10529999999999999,optimal
2021-02-13 14:00:00,18,91,2.2857142857142856,0.0,0.0,0.3033,optimal
2021-02-13 14:30:00,18,91,2.2857142857142856,0.0,0.0,0.1475,optimal
2021-02-13 15:00:00,18,91,2.2857142857142856,0.0,0.0,0.1012,optimal
2021-02-13 15:30:00,18,91,2.2857142857142856,0.0,0.0,0.3674666666666666,optimal
2021-02-13 16:00:00,18,91,0.0,0.0,0.0,0.097,optimal
2021-02-13 16:30:00,18,91,0.0,0.0,0.0,1.1433666666666666,optimal
2021-02-13 17:00:00,18,91,0.0,0.0,0.0,0.6501666666666667,optimal
2021-02-13 17:30:00,18,91,0.0,0.0,0.0,0.32566666666666666,optimal
2021-02-13 18:00:00,18,91,0.0,0.0,0.0,0.32866666666666666,optimal
2021-02-13 18:30:00,18,91,0.0,0.0,0.0,0.12816666666666665,optimal
2021-02-13 19:00:00,18,91,0.0,0.0,0.0,0.2078333333333333,optimal
2021-02-13 19:30:00,18,91,0.0,0.0,0.0,0.1124,optimal
2021-02-13 20:00:00,18,91,1.3399121418373074,0.0,0.0,0.2133333333333333,optimal
2021-02-13 20:30:00,18,91,0.0,0.0,0.0,0.3206666666666667,optimal
2021-02-13 21:00:00,18,91,0.0,0.0,0.0,0.15146666666666667,optimal
2021-02-13 21:30:00,18,91,0.0,0.0,0.0,0.4771333333333333,optimal
2021-02-13 22:00:00,18,91,0.11942857142857143,0.0,0.0,0.40276666666666666,optimal
2021-02-13 22:30:00,18,91,0.0,0.0,0.0,0.3809333333333333,optimal
2021-02-13 23:00:00,18,91,0.0,0.0,0.0,0.4058333333333333,optimal
2021-02-13 23:30:00,18,91,0.0398095238095238,0.0,0.0,0.1385,optimal
2021-02-07 00:00:00,19,91,0.0,0.0,0.0,0.063,optimal
2021-02-07 00:30:00,19,91,0.0,0.0,0.0,0.063,optimal
2021-02-07 01:00:00,19,91,0.0,0.0,0.0,0.063,optimal
2021-02-07 01:30:00,19,91,0.0,0.0,0.0,0.063,optimal
2021-02-07 02:00:00,19,91,0.0,0.0,0.0,0.063,optimal
2021-02-07 02:30:00,19,91,0.0,0.0,0.0,0.063,optimal
2021-02-07 03:00:00,19,91,0.0,0.0,0.0,0.063,optimal
2021-02-07 03:30:00,19,91,0.0,0.0,0.0,0.063,optimal
2021-02-07 04:00:00,19,91,2.2857142857142856,0.0,0.0,0.063,optimal
2021-02-07 04:30:00,19,91,2.2857142857142856,0.0,0.0,0.063,optimal
2021-02-07 05:00:00,19,91,2.2857142857142856,0.0,0.0,0.063,optimal
2021-02-07 05:30:00,19,91,2.2857142857142856,0.0,0.0,0.063,optimal
2021-02-07 06:00:00,19,91,2.2857142857142856,0.0,0.0,0.063,optimal
2021-02-07 06:30:00,19,91,2.2857142857142856,0.0,0.0,0.07233333333333333,optimal
2021-02-07 07:00:00,19,91,2.2857142857142856,0.0,2.2154311931077144,0.06366666666666666,optimal
2021-02-07 07:30:00,19,91,0.0,0.0,0.0,0.24823333333333328,optimal
2021-02-07 08:00:00,19,91,0.0,0.0,0.0,0.1034,optimal
2021-02-07 08:30:00,19,91,0.0,0.0,0.0,0.0724,optimal
2021-02-07 09:00:00,19,91,0.0,0.0,0.0,0.9047333333333333,optimal
2021-02-07 09:30:00,19,91,0.16483994313184036,0.0,0.0,1.0018,optimal
2021-02-07 10:00:00,19,91,0.8259292991504131,0.0,0.0,0.212,optimal
2021-02-07 10:30:00,19,91,0.8541129954275734,0.0,0.0,0.21246666666666666,optimal
2021-02-07 11:00:00,19,91,0.7175163992458264,0.0,0.0,0.224,optimal
2021-02-07 11:30:00,19,91,0.746011637341081,0.0,0.0,0.217,optimal
2021-02-07 12:00:00,19,91,0.6234673656722532,0.0,0.0,0.38789999999999997,optimal
2021-02-07 12:30:00,19,91,0.6396292704341603,0.0,0.0,0.293,optimal
2021-02-07 13:00:00,19,91,2.2857142857142856,0.0,0.0,0.39303333333333335,optimal
2021-02-07 13:30:00,19,91,2.2857142857142856,0.0,0.0,0.32896666666666663,optimal
2021-02-07 14:00:00,19,91,2.2857142857142856,0.0,0.0,0.2013,optimal
2021-02-07 14:30:00,19,91,2.2857142857142856,0.0,0.0,0.15833333333333335,optimal
2021-02-07 15:00:00,19,91,2.2857142857142856,0.0,0.0,0.073,optimal
2021-02-07 15:30:00,19,91,2.2857142857142856,0.0,0.0,0.073,optimal
2021-02-07 16:00:00,19,91,0.0,0.0,0.0,0.073,optimal
2021-02-07 16:30:00,19,91,0.0,0.0,0.0,0.073,optimal
2021-02-07 17:00:00,19,91,0.0,0.0,0.0,0.28946666666666665,optimal
2021-02-07 17:30:00,19,91,0.0,0.0,0.0,0.47506666666666664,optimal
2021-02-07 18:00:00,19,91,0.0,0.0,0.0,0.3683333333333333,optimal
2021-02-07 18:30:00,19,91,0.0,0.0,0.0,0.317,optimal
2021-02-07 19:00:00,19,91,0.0,0.0,0.0,0.217,optimal
2021-02-07 19:30:00,19,91,0.38247509515295314,0.0,0.0,0.073,optimal
2021-02-07 20:00:00,19,91,1.2429592758638701,0.0,0.0,0.073,optimal
2021-02-07 20:30:00,19,91,0.0,0.0,0.0,0.073,optimal
2021-02-07 21:00:00,19,91,0.0,0.0,0.0,0.073,optimal
2021-02-07 21:30:00,19,91,0.0,0.0,0.0,0.073,optimal
2021-02-07 22:00:00,19,91,0.0,0.0,0.0,0.073,optimal
2021-02-07 22:30:00,19,91,0.6369523809523808,0.0,0.0,0.073,optimal
2021-02-07 23:00:00,19,91,0.0,0.0,0.0,0.21806666666666663,optimal
2021-02-07 23:30:00,19,91,0.0,0.0,0.0,0.297,optimal
2021-02-08 00:00:00,19,91,0.0,0.0,0.0,0.05966666666666666,optimal
2021-02-08 00:30:00,19,91,0.796190476190476,0.0,0.0,0.18366666666666662,optimal
2021-02-08 01:00:00,19,91,0.0,0.0,0.0,0.07893333333333334,optimal
2021-02-08 01:30:00,19,91,0.0,0.0,0.0,0.1386,optimal
2021-02-08 02:00:00,19,91,0.0,0.0,0.0,0.12666666666666668,optimal
2021-02-08 02:30:00,19,91,1.8677379966585026,0.0,0.0,0.067,optimal
2021-02-08 03:00:00,19,91,2.2857142857142856,0.0,0.0,0.067,optimal
2021-02-08 03:30:00,19,91,2.2857142857142856,0.0,0.0,0.16776666666666668,optimal
2021-02-08 04:00:00,19,91,2.2857142857142856,0.0,8.212644586563174,0.09483333333333331,optimal
2021-02-08 04:30:00,19,91,2.2857142857142856,0.0,10.0,0.0702,optimal
2021-02-08 05:00:00,19,91,2.2857142857142856,0.0,0.0,0.077,optimal
2021-02-08 05:30:00,19,91,2.2857142857142856,0.0,0.0,0.0718,optimal
2021-02-08 06:00:00,19,91,2.2857142857142856,0.0,0.0,0.19626666666666667,optimal
2021-02-08 06:30:00,19,91,2.2857142857142856,0.0,0.0,0.10723333333333332,optimal
2021-02-08 07:00:00,19,91,2.2857142857142856,0.0,0.0,0.234,optimal
2021-02-08 07:30:00,19,91,2.2857142857142856,0.0,0.0,0.2821,optimal
2021-02-08 08:00:00,19,91,1.088109100582791,0.0,0.0,0.29956666666666665,optimal
2021-02-08 08:30:00,19,91,1.1686927968599556,0.0,0.0,0.222,optimal
2021-02-08 09:00:00,19,91,1.1777901186442556,0.0,0.0,0.067,optimal
2021-02-08 09:30:00,19,91,1.1299812408951673,0.0,0.0,0.19826666666666667,optimal
2021-02-08 10:00:00,19,91,0.93683855811403,0.0,0.0,0.067,optimal
2021-02-08 10:30:00,19,91,0.9471426739583467,0.0,0.0,0.067,optimal
2021-02-08 11:00:00,19,91,0.6605505141983233,0.0,0.0,0.19826666666666667,optimal
2021-02-08 11:30:00,19,91,0.6911858655402173,0.0,0.0,0.067,optimal
2021-02-08 12:00:00,19,91,0.5744499768191038,0.0,0.0,0.16843333333333332,optimal
2021-02-08 12:30:00,19,91,0.5811682985504882,0.0,0.0,0.09683333333333331,optimal
2021-02-08 13:00:00,19,91,2.2857142857142856,0.0,0.0,0.067,optimal
2021-02-08 13:30:00,19,91,2.2857142857142856,0.0,0.0,0.18036666666666668,optimal
2021-02-08 14:00:00,19,91,2.2857142857142856,0.0,0.0,0.0849,optimal
2021-02-08 14:30:00,19,91,2.2857142857142856,0.0,0.0,0.067,optimal
2021-02-08 15:00:00,19,91,2.2857142857142856,0.0,0.0,0.1270333333333333,optimal
2021-02-08 15:30:00,19,91,2.2857142857142856,0.0,0.0,0.5145,optimal
2021-02-08 16:00:00,19,91,0.0,0.0,0.0,0.2316,optimal
2021-02-08 16:30:00,19,91,0.0,0.0,0.0,0.39516666666666667,optimal
2021-02-08 17:00:00,19,91,0.0,0.0,0.0,0.5064,optimal
2021-02-08 17:30:00,19,91,0.0,0.0,0.0,0.3732,optimal
2021-02-08 18:00:00,19,91,0.0,0.0,0.0,0.38430000000000003,optimal
2021-02-08 18:30:00,19,91,0.0,0.0,0.0,0.185,optimal
2021-02-08 19:00:00,19,91,0.0,0.0,0.0,0.29256666666666664,optimal
2021-02-08 19:30:00,19,91,0.0,0.0,0.0,0.4534666666666666,optimal
2021-02-08 20:00:00,19,91,0.39992114613050406,0.0,0.0,0.3405666666666667,optimal
2021-02-08 20:30:00,19,91,0.0,0.0,0.0,0.4293,optimal
2021-02-08 21:00:00,19,91,0.0,0.0,0.0,0.267,optimal
2021-02-08 21:30:00,19,91,0.0,0.0,0.0,0.3887,optimal
2021-02-08 22:00:00,19,91,0.0,0.0,0.0,0.26666666666666666,optimal
2021-02-08 22:30:00,19,91,0.0,0.0,0.0,0.19433333333333327,optimal
2021-02-08 23:00:00,19,91,0.0,0.0,0.0,0.1863333333333333,optimal
2021-02-08 23:30:00,19,91,0.0,0.0,0.0,0.07893333333333334,optimal
2021-02-09 00:00:00,19,91,0.0,0.0,0.0,0.056,optimal
2021-02-09 00:30:00,19,91,0.0398095238095238,0.0,0.0,0.19296666666666668,optimal
2021-02-09 01:00:00,19,91,0.0,0.0,0.0,0.2485,optimal
2021-02-09 01:30:00,19,91,0.0,0.0,0.0,0.1148,optimal
2021-02-09 02:00:00,19,91,0.24824743032764585,0.0,0.0,0.2522666666666667,optimal
2021-02-09 02:30:00,19,91,2.2857142857142856,0.0,0.0,0.056,optimal
2021-02-09 03:00:00,19,91,2.2857142857142856,0.0,0.0,0.1957333333333333,optimal
2021-02-09 03:30:00,19,91,2.2857142857142856,0.0,0.0,0.2457333333333333,optimal
2021-02-09 04:00:00,19,91,2.2857142857142856,0.0,0.0,0.056,optimal
2021-02-09 04:30:00,19,91,2.2857142857142856,0.0,0.0,0.13040000000000002,optimal
2021-02-09 05:00:00,19,91,2.2857142857142856,0.0,0.0,0.12279999999999999,optimal
2021-02-09 05:30:00,19,91,2.2857142857142856,0.0,0.0,0.17493333333333333,optimal
2021-02-09 06:00:00,19,91,2.2857142857142856,0.0,2.6775803238692073,0.056,optimal
2021-02-09 06:30:00,19,91,2.2857142857142856,0.0,10.0,0.1159,optimal
2021-02-09 07:00:00,19,91,2.2857142857142856,0.0,0.0,0.10543333333333334,optimal
2021-02-09 07:30:00,19,91,2.2857142857142856,0.0,0.0,0.27413333333333334,optimal
2021-02-09 08:00:00,19,91,1.3656195099344077,0.0,0.0,0.056,optimal
2021-02-09 08:30:00,19,91,1.3403820607567563,0.0,0.0,0.10826666666666668,optimal
2021-02-09 09:00:00,19,91,1.1738418297255788,0.0,0.0,0.14746666666666666,optimal
2021-02-09 09:30:00,19,91,1.1628335980369382,0.0,0.0,0.11386666666666666,optimal
2021-02-09 10:00:00,19,91,0.8329238102271923,0.0,0.0,0.3276,optimal
2021-02-09 10:30:00,19,91,0.8850836171533288,0.0,0.0,0.08493333333333333,optimal
2021-02-09 11:00:00,19,91,0.6055529948022788,0.0,0.0,0.19293333333333332,optimal
2021-02-09 11:30:00,19,91,0.6183563847589277,0.0,0.0,0.1361,optimal
2021-02-09 12:00:00,19,91,0.43564586601814387,0.0,0.0,0.19736666666666666,optimal
2021-02-09 12:30:00,19,91,0.4336805712996025,0.0,0.0,0.2162666666666667,optimal
2021-02-09 13:00:00,19,91,0.6182289964849427,0.0,0.0,0.0727,optimal
2021-02-09 13:30:00,19,91,2.097245708325922,0.0,0.0,0.2779,optimal
2021-02-09 14:00:00,19,91,2.2857142857142856,0.0,0.0,0.16796666666666668,optimal
2021-02-09 14:30:00,19,91,2.2857142857142856,0.0,0.0,0.2347,optimal
2021-02-09 15:00:00,19,91,2.2857142857142856,0.0,0.0,0.2084,optimal
2021-02-09 15:30:00,19,91,2.2857142857142856,0.0,0.0,0.3617666666666666,optimal
2021-02-09 16:00:00,19,91,0.0,0.0,0.0,0.3443333333333333,optimal
2021-02-09 16:30:00,19,91,0.0,0.0,0.0,0.4859666666666666,optimal
2021-02-09 17:00:00,19,91,0.0,0.0,0.0,1.6080999999999999,optimal
2021-02-09 17:30:00,19,91,0.0,0.0,0.0,0.8804,optimal
2021-02-09 18:00:00,19,91,0.0,0.0,0.0,0.29793333333333333,optimal
2021-02-09 18:30:00,19,91,0.0,0.0,0.0,0.35936666666666667,optimal
2021-02-09 19:00:00,19,91,0.0,0.0,0.0,0.4534333333333333,optimal
2021-02-09 19:30:00,19,91,0.0,0.0,0.0,0.10623333333333332,optimal
2021-02-09 20:00:00,19,91,0.0,0.0,0.0,0.2918,optimal
2021-02-09 20:30:00,19,91,0.0,0.0,0.0,0.2523666666666667,optimal
2021-02-09 21:00:00,19,91,0.0,0.0,0.0,0.2579666666666666,optimal
2021-02-09 21:30:00,19,91,0.0,0.0,0.0,0.3266,optimal
2021-02-09 22:00:00,19,91,0.0,0.0,0.0,0.19536666666666666,optimal
2021-02-09 22:30:00,19,91,0.0,0.0,0.0,0.164,optimal
2021-02-09 23:00:00,19,91,0.0,0.0,0.0,0.18966666666666662,optimal
2021-02-09 23:30:00,19,91,0.0,0.0,0.0,0.17113333333333333,optimal
2021-02-10 00:00:00,19,91,0.0,0.0,0.0,0.056,optimal
2021-02-10 00:30:00,19,91,2.2857142857142856,0.0,0.0,0.056,optimal
2021-02-10 01:00:00,19,91,0.023238095238095238,0.0,0.0,0.1733,optimal
2021-02-10 01:30:00,19,91,0.0,0.0,0.0,0.0905,optimal
2021-02-10 02:00:00,19,91,1.5271409726522485,0.0,0.0,0.056,optimal
2021-02-10 02:30:00,19,91,2.2857142857142856,0.0,0.0,0.2078,optimal
2021-02-10 03:00:00,19,91,2.2857142857142856,0.0,0.0,0.056,optimal
2021-02-10 03:30:00,19,91,2.2857142857142856,0.0,0.0,0.1043,optimal
2021-02-10 04:00:00,19,91,2.2857142857142856,0.0,0.0,0.1595,optimal
2021-02-10 04:30:00,19,91,2.2857142857142856,0.0,0.0,0.056,optimal
2021-02-10 05:00:00,19,91,2.2857142857142856,0.0,0.0,0.1802,optimal
2021-02-10 05:30:00,19,91,2.2857142857142856,0.0,0.0,0.0836,optimal
2021-02-10 06:00:00,19,91,2.2857142857142856,0.0,0.0,0.0974,optimal
2021-02-10 06:30:00,19,91,2.2857142857142856,0.0,0.0,0.1674,optimal
2021-02-10 07:00:00,19,91,2.2857142857142856,0.0,5.995603587600263,0.06266666666666666,optimal
2021-02-10 07:30:00,19,91,2.2857142857142856,0.0,0.0,0.06566666666666666,optimal
2021-02-10 08:00:00,19,91,1.2808318056484334,0.0,0.0,0.10703333333333331,optimal
2021-02-10 08:30:00,19,91,1.3334263178560097,0.0,0.0,0.21780000000000002,optimal
2021-02-10 09:00:00,19,91,1.2012878737471189,0.0,0.0,0.066,optimal
2021-02-10 09:30:00,19,91,1.1638919097642186,0.0,0.0,0.14880000000000002,optimal
2021-02-10 10:00:00,19,91,0.8919152760204433,0.0,0.0,0.135,optimal
2021-02-10 10:30:00,19,91,0.9013254458904066,0.0,0.0,0.066,optimal
2021-02-10 11:00:00,19,91,0.6762119003482342,0.0,0.0,0.18330000000000002,optimal
2021-02-10 11:30:00,19,91,0.6929996326425015,0.0,0.0,0.1005,optimal
2021-02-10 12:00:00,19,91,0.45578397007447335,0.0,0.0,0.0867,optimal
2021-02-10 12:30:00,19,91,0.42424111293162087,0.0,0.0,0.1971,optimal
2021-02-10 13:00:00,19,91,2.2857142857142856,0.0,0.0,0.066,optimal
2021-02-10 13:30:00,19,91,2.2857142857142856,0.0,0.0,0.20126666666666668,optimal
2021-02-10 14:00:00,19,91,2.2857142857142856,0.0,0.0,0.27366666666666667,optimal
2021-02-10 14:30:00,19,91,2.2857142857142856,0.0,0.0,0.1717,optimal
2021-02-10 15:00:00,19,91,2.2857142857142856,0.0,0.0,0.3122,optimal
2021-02-10 15:30:00,19,91,2.2857142857142856,0.0,0.0,0.1581,optimal
2021-02-10 16:00:00,19,91,0.0,0.0,0.0,0.1143,optimal
2021-02-10 16:30:00,19,91,0.0,0.0,0.0,0.1725,optimal
2021-02-10 17:00:00,19,91,0.0,0.0,0.0,0.066,optimal
2021-02-10 17:30:00,19,91,0.0,0.0,0.0,0.066,optimal
2021-02-10 18:00:00,19,91,0.0,0.0,0.0,0.18930000000000002,optimal
2021-02-10 18:30:00,19,91,0.0,0.0,0.0,0.10683333333333331,optimal
2021-02-10 19:00:00,19,91,0.0,0.0,0.0,0.09026666666666668,optimal
2021-02-10 19:30:00,19,91,0.0,0.0,0.0,0.20296666666666666,optimal
2021-02-10 20:00:00,19,91,0.35081897560173514,0.0,0.0,0.4386666666666667,optimal
2021-02-10 20:30:00,19,91,0.0,0.0,0.0,0.20183333333333328,optimal
2021-02-10 21:00:00,19,91,0.0,0.0,0.0,0.3791333333333333,optimal
2021-02-10 21:30:00,19,91,0.0,0.0,0.0,0.234,optimal
2021-02-10 22:00:00,19,91,0.5772380952380952,0.0,0.0,0.5011,optimal
2021-02-10 22:30:00,19,91,0.0,0.0,0.0,0.4044,optimal
2021-02-10 23:00:00,19,91,0.0,0.0,0.0,0.081,optimal
2021-02-10 23:30:00,19,91,0.0,0.0,0.0,0.1921,optimal
2021-02-11 00:00:00,19,91,0.0,0.0,0.0,0.058333333333333334,optimal
2021-02-11 00:30:00,19,91,2.2857142857142856,0.0,0.0,0.161,optimal
2021-02-11 01:00:00,19,91,1.3450572433146641,0.0,0.0,0.154,optimal
2021-02-11 01:30:00,19,91,2.2857142857142856,0.0,0.0,0.14113333333333333,optimal
2021-02-11 02:00:00,19,91,2.2857142857142856,0.0,0.0,0.059,optimal
2021-02-11 02:30:00,19,91,2.2857142857142856,0.0,0.0,0.33813333333333334,optimal
2021-02-11 03:00:00,19,91,2.2857142857142856,0.0,0.0,0.059,optimal
2021-02-11 03:30:00,19,91,2.2857142857142856,0.0,0.0,0.11363333333333334,optimal
2021-02-11 04:00:00,19,91,2.2857142857142856,0.0,0.0,0.24780000000000002,optimal
2021-02-11 04:30:00,19,91,2.2857142857142856,0.0,0.0,0.0947,optimal
2021-02-11 05:00:00,19,91,2.2857142857142856,0.0,0.0,0.1661,optimal
2021-02-11 05:30:00,19,91,2.2857142857142856,0.0,0.0,0.2509333333333333,optimal
2021-02-11 06:00:00,19,91,2.2857142857142856,0.0,0.0,0.11766666666666668,optimal
2021-02-11 06:30:00,19,91,2.2857142857142856,0.0,0.0,0.12426666666666668,optimal
2021-02-11 07:00:00,19,91,2.2857142857142856,0.0,0.0,0.42153333333333337,optimal
2021-02-11 07:30:00,19,91,2.2857142857142856,0.0,0.0,0.3699666666666666,optimal
2021-02-11 08:00:00,19,91,1.2124356227494875,0.0,0.0,1.2163333333333333,optimal
2021-02-11 08:30:00,19,91,1.332390214784287,0.0,0.0,0.5150333333333333,optimal
2021-02-11 09:00:00,19,91,1.1494170649986273,0.0,0.0,1.3694333333333335,optimal
2021-02-11 09:30:00,19,91,1.039106076425437,0.0,0.0,0.4080666666666667,optimal
2021-02-11 10:00:00,19,91,0.6935364925393588,0.0,0.0,0.26280000000000003,optimal
2021-02-11 10:30:00,19,91,0.6435853368690053,0.0,0.0,0.5031,optimal
2021-02-11 11:00:00,19,91,0.43918712767630863,0.0,0.0,0.4044666666666666,optimal
2021-02-11 11:30:00,19,91,0.39980940559758654,0.0,0.0,0.34036666666666665,optimal
2021-02-11 12:00:00,19,91,0.18072013217461602,0.0,0.0,0.3468,optimal
2021-02-11 12:30:00,19,91,0.13009753494447154,0.0,0.0,0.27836666666666665,optimal
2021-02-11 13:00:00,19,91,2.2857142857142856,0.0,0.0,0.29896666666666666,optimal
2021-02-11 13:30:00,19,91,2.2857142857142856,0.0,0.0,0.26730000000000004,optimal
2021-02-11 14:00:00,19,91,2.2857142857142856,0.0,4.449554995993924,1.0006,optimal
2021-02-11 14:30:00,19,91,2.2857142857142856,0.0,10.0,1.1132666666666668,optimal
2021-02-11 15:00:00,19,91,2.2857142857142856,0.0,0.0,0.2783333333333333,optimal
2021-02-11 15:30:00,19,91,2.2857142857142856,0.0,0.0,0.4691666666666667,optimal
2021-02-11 16:00:00,19,91,0.0,0.0,0.0,0.6014666666666667,optimal
2021-02-11 16:30:00,19,91,0.0,0.0,0.0,0.40323333333333333,optimal
2021-02-11 17:00:00,19,91,0.0,0.0,0.0,0.2074333333333333,optimal
2021-02-11 17:30:00,19,91,0.0,0.0,0.0,0.12606666666666666,optimal
2021-02-11 18:00:00,19,91,0.0,0.0,0.0,0.25,optimal
2021-02-11 18:30:00,19,91,0.0,0.0,0.0,0.11363333333333334,optimal
2021-02-11 19:00:00,19,91,0.0,0.0,0.0,0.23163333333333333,optimal
2021-02-11 19:30:00,19,91,0.0,0.0,0.0,0.07970000000000001,optimal
2021-02-11 20:00:00,19,91,1.527368860940261,0.0,0.0,0.31193333333333334,optimal
2021-02-11 20:30:00,19,91,0.0,0.0,0.0,0.0945,optimal
2021-02-11 21:00:00,19,91,0.0,0.0,0.0,0.17183333333333334,optimal
2021-02-11 21:30:00,19,91,0.0,0.0,0.0,0.24530000000000002,optimal
2021-02-11 22:00:00,19,91,0.0,0.0,0.0,0.069,optimal
2021-02-11 22:30:00,19,91,0.0,0.0,0.0,0.13319999999999999,optimal
2021-02-11 23:00:00,19,91,0.0,0.0,0.0,0.069,optimal
2021-02-11 23:30:00,19,91,0.0,0.0,0.0,0.1423,optimal
2021-02-12 00:00:00,19,91,1.656714274631857,0.0,0.0,1.0386,optimal
2021-02-12 00:30:00,19,91,2.2857142857142856,0.0,0.0,0.059,optimal
2021-02-12 01:00:00,19,91,2.2857142857142856,0.0,0.0,0.06520000000000001,optimal
2021-02-12 01:30:00,19,91,2.2857142857142856,0.0,0.0,0.18919999999999998,optimal
2021-02-12 02:00:00,19,91,2.2857142857142856,0.0,0.0,0.059,optimal
2021-02-12 02:30:00,19,91,2.2857142857142856,0.0,0.0,0.07759999999999999,optimal
2021-02-12 03:00:00,19,91,2.2857142857142856,0.0,0.0,0.1768,optimal
2021-02-12 03:30:00,19,91,2.2857142857142856,0.0,0.0,0.059,optimal
2021-02-12 04:00:00,19,91,2.2857142857142856,0.0,0.0,0.19540000000000002,optimal
2021-02-12 04:30:00,19,91,2.2857142857142856,0.0,0.0,0.059,optimal
2021-02-12 05:00:00,19,91,2.2857142857142856,0.0,0.0,0.15819999999999998,optimal
2021-02-12 05:30:00,19,91,2.2857142857142856,0.0,0.0,0.09620000000000001,optimal
2021-02-12 06:00:00,19,91,2.2857142857142856,0.0,2.090312256590488,0.059,optimal
2021-02-12 06:30:00,19,91,2.2857142857142856,0.0,10.0,0.19540000000000002,optimal
2021-02-12 07:00:00,19,91,2.2857142857142856,0.0,10.0,0.059,optimal
2021-02-12 07:30:00,19,91,2.2857142857142856,0.0,0.0,0.058,optimal
2021-02-12 08:00:00,19,91,1.9020599780754543,0.0,0.0,2.1246,optimal
2021-02-12 08:30:00,19,91,1.4114635611059714,0.0,0.0,0.3893333333333333,optimal
2021-02-12 09:00:00,19,91,1.4361303971185293,0.0,0.0,0.059,optimal
2021-02-12 09:30:00,19,91,1.2513462218780684,0.0,0.0,0.1768,optimal
2021-02-12 10:00:00,19,91,0.8440681283864385,0.0,0.0,0.07759999999999999,optimal
2021-02-12 10:30:00,19,91,0.8219047718492068,0.0,0.0,0.059,optimal
2021-02-12 11:00:00,19,91,0.41000732737473833,0.0,0.0,0.2651,optimal
2021-02-12 11:30:00,19,91,0.33969643161711377,0.0,0.0,0.30086666666666667,optimal
2021-02-12 12:00:00,19,91,0.0,0.0,0.0,1.7449666666666668,optimal
2021-02-12 12:30:00,19,91,0.24266626328394925,0.0,0.0,1.1569333333333334,optimal
2021-02-12 13:00:00,19,91,2.2857142857142856,0.0,0.0,0.173,optimal
2021-02-12 13:30:00,19,91,1.6122185342011728,0.0,0.0,0.5454,optimal
2021-02-12 14:00:00,19,91,2.2857142857142856,0.0,0.0,1.4730333333333332,optimal
2021-02-12 14:30:00,19,91,2.2857142857142856,0.0,0.0,1.7178666666666667,optimal
2021-02-12 15:00:00,19,91,2.2857142857142856,0.0,0.0,1.7023,optimal
2021-02-12 15:30:00,19,91,2.2857142857142856,0.0,0.0,0.36256666666666665,optimal
2021-02-12 16:00:00,19,91,0.0,0.0,0.0,1.7160666666666666,optimal
2021-02-12 16:30:00,19,91,0.0,0.0,0.0,1.2495999999999998,optimal
2021-02-12 17:00:00,19,91,0.0,0.0,0.0,1.6639000000000002,optimal
2021-02-12 17:30:00,19,91,0.0,0.0,0.0,0.5695333333333333,optimal
2021-02-12 18:00:00,19,91,0.0,0.0,0.0,1.7392333333333332,optimal
2021-02-12 18:30:00,19,91,0.0,0.0,0.0,1.1461666666666668,optimal
2021-02-12 19:00:00,19,91,0.0,0.0,0.0,1.4075666666666666,optimal
2021-02-12 19:30:00,19,91,0.0,0.0,0.0,1.2010333333333334,optimal
2021-02-12 20:00:00,19,91,0.0,0.0,0.0,0.7287666666666667,optimal
2021-02-12 20:30:00,19,91,0.0,0.0,0.0,0.22393333333333332,optimal
2021-02-12 21:00:00,19,91,0.0,0.0,0.0,0.3611666666666667,optimal
2021-02-12 21:30:00,19,91,0.0,0.0,0.0,0.4963,optimal
2021-02-12 22:00:00,19,91,0.0,0.0,0.0,0.069,optimal
2021-02-12 22:30:00,19,91,0.0,0.0,0.0,0.2054,optimal
2021-02-12 23:00:00,19,91,0.0,0.0,0.0,0.069,optimal
2021-02-12 23:30:00,19,91,0.0,0.0,0.0,0.06666666666666667,optimal
2021-02-13 00:00:00,19,91,0.0,0.0,0.0,0.059,optimal
2021-02-13 00:30:00,19,91,0.5175238095238095,0.0,0.0,0.065,optimal
2021-02-13 01:00:00,19,91,0.0,0.0,0.0,0.065,optimal
2021-02-13 01:30:00,19,91,0.5251884603980465,0.0,0.0,0.065,optimal
2021-02-13 02:00:00,19,91,2.2857142857142856,0.0,0.0,0.065,optimal
2021-02-13 02:30:00,19,91,2.2857142857142856,0.0,0.0,0.065,optimal
2021-02-13 03:00:00,19,91,2.2857142857142856,0.0,0.0,0.065,optimal
2021-02-13 03:30:00,19,91,2.2857142857142856,0.0,0.0,0.065,optimal
2021-02-13 04:00:00,19,91,2.2857142857142856,0.0,0.0,0.065,optimal
2021-02-13 04:30:00,19,91,2.2857142857142856,0.0,0.0,0.065,optimal
2021-02-13 05:00:00,19,91,2.2857142857142856,0.0,0.0,0.065,optimal
2021-02-13 05:30:00,19,91,2.2857142857142856,0.0,0.0,0.065,optimal
2021-02-13 06:00:00,19,91,2.2857142857142856,0.0,0.8251153913406777,0.065,optimal
2021-02-13 06:30:00,19,91,2.2857142857142856,0.0,10.0,0.065,optimal
2021-02-13 07:00:00,19,91,2.2857142857142856,0.0,10.0,0.065,optimal
2021-02-13 07:30:00,19,91,2.2857142857142856,0.0,0.0,0.065,optimal
2021-02-13 08:00:00,19,91,1.3499904282892063,0.0,0.0,0.9701666666666666,optimal
2021-02-13 08:30:00,19,91,1.3586938182458574,0.0,0.0,0.063,optimal
2021-02-13 09:00:00,19,91,1.1494542094645104,0.0,0.0,0.19966666666666663,optimal
2021-02-13 09:30:00,19,91,1.1020216354382733,0.0,0.0,0.9238,optimal
2021-02-13 10:00:00,19,91,0.8087600371070669,0.0,0.0,1.1756,optimal
2021-02-13 10:30:00,19,91,0.8332129508732489,0.0,0.0,0.46743333333333326,optimal
2021-02-13 11:00:00,19,91,0.5294246290681679,0.0,0.0,1.1881,optimal
2021-02-13 11:30:00,19,91,0.5489756380724464,0.0,0.0,0.3446,optimal
2021-02-13 12:00:00,19,91,0.43251520895158607,0.0,0.0,0.1965,optimal
2021-02-13 12:30:00,19,91,0.22373151267441468,0.0,0.0,1.3148,optimal
2021-02-13 13:00:00,19,91,2.2857142857142856,0.0,0.0,0.6694,optimal
2021-02-13 13:30:00,19,91,2.2857142857142856,0.0,0.0,0.065,optimal
2021-02-13 14:00:00,19,91,2.2857142857142856,0.0,0.0,0.065,optimal
2021-02-13 14:30:00,19,91,2.2857142857142856,0.0,0.0,0.065,optimal
2021-02-13 15:00:00,19,91,2.2857142857142856,0.0,0.0,0.065,optimal
2021-02-13 15:30:00,19,91,2.2857142857142856,0.0,0.0,0.065,optimal
2021-02-13 16:00:00,19,91,0.0,0.0,0.0,0.065,optimal
2021-02-13 16:30:00,19,91,0.0,0.0,0.0,0.065,optimal
2021-02-13 17:00:00,19,91,0.0,0.0,0.0,0.065,optimal
2021-02-13 17:30:00,19,91,0.0,0.0,0.0,0.065,optimal
2021-02-13 18:00:00,19,91,0.0,0.0,0.0,0.065,optimal
2021-02-13 18:30:00,19,91,0.0,0.0,0.0,0.065,optimal
2021-02-13 19:00:00,19,91,0.0,0.0,0.0,0.065,optimal
2021-02-13 19:30:00,19,91,1.266539065213163,0.0,0.0,0.065,optimal
2021-02-13 20:00:00,19,91,1.396172022532919,0.0,0.0,0.065,optimal
2021-02-13 20:30:00,19,91,0.0,0.0,0.0,0.065,optimal
2021-02-13 21:00:00,19,91,0.0,0.0,0.0,0.065,optimal
2021-02-13 21:30:00,19,91,0.0,0.0,0.0,0.109,optimal
2021-02-13 22:00:00,19,91,0.09952380952380951,0.0,0.0,0.3793,optimal
2021-02-13 22:30:00,19,91,0.0,0.0,0.0,0.32039999999999996,optimal
2021-02-13 23:00:00,19,91,0.0,0.0,0.0,1.4347999999999999,optimal
2021-02-13 23:30:00,19,91,0.0,0.0,0.0,0.071,optimal
2021-02-07 00:00:00,20,91,0.0,0.0,0.0,0.08413333333333334,optimal
2021-02-07 00:30:00,20,91,0.0,0.0,0.0,0.20646666666666666,optimal
2021-02-07 01:00:00,20,91,0.0,0.0,0.0,0.17033333333333334,optimal
2021-02-07 01:30:00,20,91,0.0,0.0,0.0,0.15919999999999998,optimal
2021-02-07 02:00:00,20,91,0.0,0.0,0.0,0.17493333333333333,optimal
2021-02-07 02:30:00,20,91,0.0,0.0,0.0,0.1662,optimal
2021-02-07 03:00:00,20,91,0.0,0.0,0.0,0.12833333333333335,optimal
2021-02-07 03:30:00,20,91,0.0,0.0,0.0,0.08553333333333334,optimal
2021-02-07 04:00:00,20,91,2.4285714285714284,0.0,0.0,0.1164,optimal
2021-02-07 04:30:00,20,91,2.4285714285714284,0.0,0.0,0.2288,optimal
2021-02-07 05:00:00,20,91,2.4285714285714284,0.0,0.0,0.11553333333333332,optimal
2021-02-07 05:30:00,20,91,2.4285714285714284,0.0,0.0,0.21306666666666663,optimal
2021-02-07 06:00:00,20,91,2.4285714285714284,0.0,0.0,0.15106666666666665,optimal
2021-02-07 06:30:00,20,91,2.4285714285714284,0.0,0.0,0.057,optimal
2021-02-07 07:00:00,20,91,2.4285714285714284,0.0,0.0,0.2586,optimal
2021-02-07 07:30:00,20,91,0.0,0.0,0.0,0.529,optimal
2021-02-07 08:00:00,20,91,0.0,0.0,0.0,0.9270333333333332,optimal
2021-02-07 08:30:00,20,91,0.0,0.0,0.0,1.9133666666666664,optimal
2021-02-07 09:00:00,20,91,0.0,0.0,0.0,3.5999333333333334,optimal
2021-02-07 09:30:00,20,91,0.0,0.0,0.0,0.27693333333333336,optimal
2021-02-07 10:00:00,20,91,0.0,0.0,0.0,1.7561666666666667,optimal
2021-02-07 10:30:00,20,91,0.4328737348660919,0.0,0.0,1.2998333333333332,optimal
2021-02-07 11:00:00,20,91,0.7800059230553668,0.0,0.0,0.31689999999999996,optimal
2021-02-07 11:30:00,20,91,0.6489259230553555,0.0,0.0,2.6638,optimal
2021-02-07 12:00:00,20,91,0.6735245085293952,0.0,0.0,0.25903333333333334,optimal
2021-02-07 12:30:00,20,91,0.6770483180532086,0.0,0.0,0.2551,optimal
2021-02-07 13:00:00,20,91,0.7645946453476891,0.0,0.0,0.3554333333333333,optimal
2021-02-07 13:30:00,20,91,1.4255991351093575,0.0,0.0,0.4844666666666666,optimal
2021-02-07 14:00:00,20,91,2.4285714285714284,0.0,0.0,0.4264,optimal
2021-02-07 14:30:00,20,91,2.4285714285714284,0.0,0.0,0.5614,optimal
2021-02-07 15:00:00,20,91,2.4285714285714284,0.0,0.0,4.276133333333333,optimal
2021-02-07 15:30:00,20,91,2.4285714285714284,0.0,0.0,0.2012333333333333,optimal
2021-02-07 16:00:00,20,91,0.0,0.0,0.0,0.27476666666666666,optimal
2021-02-07 16:30:00,20,91,0.0,0.0,0.0,0.38780000000000003,optimal
2021-02-07 17:00:00,20,91,0.0,0.0,0.0,0.23266666666666663,optimal
2021-02-07 17:30:00,20,91,0.0,0.0,0.0,0.4329333333333333,optimal
2021-02-07 18:00:00,20,91,0.0,0.0,0.0,1.9821,optimal
2021-02-07 18:30:00,20,91,0.0,0.0,0.0,3.9289,optimal
2021-02-07 19:00:00,20,91,0.0,0.0,0.0,0.8965666666666667,optimal
2021-02-07 19:30:00,20,91,0.0,0.0,0.0,0.30846666666666667,optimal
2021-02-07 20:00:00,20,91,0.0,0.0,0.0,0.33153333333333335,optimal
2021-02-07 20:30:00,20,91,0.0,0.0,0.0,0.4966666666666667,optimal
2021-02-07 21:00:00,20,91,0.0,0.0,0.0,0.8951,optimal
2021-02-07 21:30:00,20,91,0.0,0.0,0.0,2.891333333333333,optimal
2021-02-07 22:00:00,20,91,0.0,0.0,0.0,3.022333333333333,optimal
2021-02-07 22:30:00,20,91,0.0,0.0,0.0,0.067,optimal
2021-02-07 23:00:00,20,91,0.0,0.0,0.0,0.23706666666666665,optimal
2021-02-07 23:30:00,20,91,0.0,0.0,0.0,0.16686666666666666,optimal
2021-02-08 00:00:00,20,91,0.0,0.0,0.0,0.10506666666666667,optimal
2021-02-08 00:30:00,20,91,0.2786666666666663,0.0,0.0,0.17473333333333332,optimal
2021-02-08 01:00:00,20,91,0.0,0.0,0.0,0.20666666666666664,optimal
2021-02-08 01:30:00,20,91,0.0,0.0,0.0,0.11463333333333334,optimal
2021-02-08 02:00:00,20,91,0.0,0.0,0.0,0.17053333333333334,optimal
2021-02-08 02:30:00,20,91,0.0,0.0,0.0,0.2412,optimal
2021-02-08 03:00:00,20,91,2.338236138318414,0.0,0.0,0.10576666666666668,optimal
2021-02-08 03:30:00,20,91,2.4285714285714284,0.0,0.0,0.14773333333333333,optimal
2021-02-08 04:00:00,20,91,2.4285714285714284,0.0,0.0,0.2817333333333333,optimal
2021-02-08 04:30:00,20,91,2.4285714285714284,0.0,0.0,0.07416666666666667,optimal
2021-02-08 05:00:00,20,91,2.4285714285714284,0.0,0.0,0.19030000000000002,optimal
2021-02-08 05:30:00,20,91,2.4285714285714284,0.0,0.0,0.147,optimal
2021-02-08 06:00:00,20,91,2.4285714285714284,0.0,0.0,0.21309999999999998,optimal
2021-02-08 06:30:00,20,91,2.4285714285714284,0.0,0.0,0.17353333333333334,optimal
2021-02-08 07:00:00,20,91,2.4285714285714284,0.0,6.172913411009802,0.46893333333333326,optimal
2021-02-08 07:30:00,20,91,2.4285714285714284,0.0,0.0,0.12943333333333334,optimal
2021-02-08 08:00:00,20,91,1.3039376720113494,0.0,0.0,0.067,optimal
2021-02-08 08:30:00,20,91,1.256064225431383,0.0,0.0,0.2489333333333333,optimal
2021-02-08 09:00:00,20,91,1.1526377376918708,0.0,0.0,0.14653333333333332,optimal
2021-02-08 09:30:00,20,91,1.14524790756183,0.0,0.0,0.13633333333333333,optimal
2021-02-08 10:00:00,20,91,0.8776480819235686,0.0,0.0,0.26566666666666666,optimal
2021-02-08 10:30:00,20,91,0.9475712453869181,0.0,0.0,0.057,optimal
2021-02-08 11:00:00,20,91,0.6731505141983379,0.0,0.0,0.15533333333333335,optimal
2021-02-08 11:30:00,20,91,0.6444715798259224,0.0,0.0,0.232,optimal
2021-02-08 12:00:00,20,91,0.5835928339619431,0.0,0.0,0.13793333333333332,optimal
2021-02-08 12:30:00,20,91,0.5673968699790424,0.0,0.0,0.13886666666666667,optimal
2021-02-08 13:00:00,20,91,1.2227859205551552,0.0,0.0,0.117,optimal
2021-02-08 13:30:00,20,91,2.4285714285714284,0.0,0.0,0.23213333333333333,optimal
2021-02-08 14:00:00,20,91,2.4285714285714284,0.0,0.0,0.067,optimal
2021-02-08 14:30:00,20,91,2.4285714285714284,0.0,0.0,0.3206666666666667,optimal
2021-02-08 15:00:00,20,91,2.4285714285714284,0.0,0.0,0.0773,optimal
2021-02-08 15:30:00,20,91,2.4285714285714284,0.0,0.0,0.1696,optimal
2021-02-08 16:00:00,20,91,0.0,0.0,0.0,0.232,optimal
2021-02-08 16:30:00,20,91,0.0,0.0,0.0,0.16796666666666668,optimal
2021-02-08 17:00:00,20,91,0.0,0.0,0.0,1.5558333333333332,optimal
2021-02-08 17:30:00,20,91,0.0,0.0,0.0,0.5441,optimal
2021-02-08 18:00:00,20,91,0.0,0.0,0.0,1.9453333333333334,optimal
2021-02-08 18:30:00,20,91,0.0,0.0,0.0,0.2501333333333333,optimal
2021-02-08 19:00:00,20,91,0.0,0.0,0.0,0.8446,optimal
2021-02-08 19:30:00,20,91,0.0,0.0,0.0,0.327,optimal
2021-02-08 20:00:00,20,91,0.0,0.0,0.0,2.457,optimal
2021-02-08 20:30:00,20,91,0.0,0.0,0.0,0.4685666666666667,optimal
2021-02-08 21:00:00,20,91,0.0,0.0,0.0,0.39803333333333335,optimal
2021-02-08 21:30:00,20,91,0.0,0.0,0.0,0.5930333333333333,optimal
2021-02-08 22:00:00,20,91,0.0,0.0,0.0,0.1551,optimal
2021-02-08 22:30:00,20,91,0.0,0.0,0.0,0.1501333333333333,optimal
2021-02-08 23:00:00,20,91,0.0,0.0,0.0,0.28903333333333336,optimal
2021-02-08 23:30:00,20,91,0.0,0.0,0.0,0.1185,optimal
2021-02-09 00:00:00,20,91,0.0,0.0,0.0,0.061,optimal
2021-02-09 00:30:00,20,91,0.11942857142857141,0.0,0.0,0.061,optimal
2021-02-09 01:00:00,20,91,0.0,0.0,0.0,0.16033333333333336,optimal
2021-02-09 01:30:00,20,91,0.0,0.0,0.0,0.1772,optimal
2021-02-09 02:00:00,20,91,0.0,0.0,0.0,0.06653333333333333,optimal
2021-02-09 02:30:00,20,91,1.6003155151532111,0.0,0.0,0.1274,optimal
2021-02-09 03:00:00,20,91,2.4285714285714284,0.0,0.0,0.1312333333333333,optimal
2021-02-09 03:30:00,20,91,2.4285714285714284,0.0,0.0,0.14543333333333333,optimal
2021-02-09 04:00:00,20,91,2.4285714285714284,0.0,0.0,0.06596666666666667,optimal
2021-02-09 04:30:00,20,91,2.4285714285714284,0.0,0.0,0.23836666666666667,optimal
2021-02-09 05:00:00,20,91,2.4285714285714284,0.0,0.0,0.09973333333333333,optimal
2021-02-09 05:30:00,20,91,2.4285714285714284,0.0,0.0,0.1345,optimal
2021-02-09 06:00:00,20,91,2.4285714285714284,0.0,1.114888598844863,0.2079,optimal
2021-02-09 06:30:00,20,91,2.4285714285714284,0.0,10.0,0.247,optimal
2021-02-09 07:00:00,20,91,2.4285714285714284,0.0,0.0,0.2586,optimal
2021-02-09 07:30:00,20,91,2.4285714285714284,0.0,0.0,0.17673333333333333,optimal
2021-02-09 08:00:00,20,91,1.363848081362981,0.0,0.0,0.061,optimal
2021-02-09 08:30:00,20,91,1.2903820607567558,0.0,0.0,0.2820666666666667,optimal
2021-02-09 09:00:00,20,91,1.198203734487482,0.0,0.0,0.061,optimal
2021-02-09 09:30:00,20,91,1.0715193123226456,0.0,0.0,0.2552,optimal
2021-02-09 10:00:00,20,91,0.7563333340367314,0.0,0.0,0.3166666666666667,optimal
2021-02-09 10:30:00,20,91,0.7987217123914284,0.0,0.0,0.12433333333333331,optimal
2021-02-09 11:00:00,20,91,0.5676577567070374,0.0,0.0,0.11503333333333332,optimal
2021-02-09 11:30:00,20,91,0.5947563847589241,0.0,0.0,0.2275,optimal
2021-02-09 12:00:00,20,91,0.4558172945895772,0.0,0.0,0.13556666666666667,optimal
2021-02-09 12:30:00,20,91,0.47769961891864443,0.0,0.0,0.06633333333333333,optimal
2021-02-09 13:00:00,20,91,0.9463147107706597,0.0,0.0,0.1772,optimal
2021-02-09 13:30:00,20,91,2.27998769653579,0.0,0.0,0.06653333333333333,optimal
2021-02-09 14:00:00,20,91,2.4285714285714284,0.0,0.0,0.19223333333333328,optimal
2021-02-09 14:30:00,20,91,2.4285714285714284,0.0,0.0,0.22526666666666667,optimal
2021-02-09 15:00:00,20,91,2.4285714285714284,0.0,0.0,0.14573333333333333,optimal
2021-02-09 15:30:00,20,91,2.4285714285714284,0.0,0.0,0.23,optimal
2021-02-09 16:00:00,20,91,0.0,0.0,0.0,0.10683333333333331,optimal
2021-02-09 16:30:00,20,91,0.0,0.0,0.0,0.3102,optimal
2021-02-09 17:00:00,20,91,0.0,0.0,0.0,1.0405333333333333,optimal
2021-02-09 17:30:00,20,91,0.0,0.0,0.0,0.12840000000000001,optimal
2021-02-09 18:00:00,20,91,0.0,0.0,0.0,0.16093333333333334,optimal
2021-02-09 18:30:00,20,91,0.0,0.0,0.0,0.1433,optimal
2021-02-09 19:00:00,20,91,0.0,0.0,0.0,0.25789999999999996,optimal
2021-02-09 19:30:00,20,91,0.0,0.0,0.0,0.089,optimal
2021-02-09 20:00:00,20,91,0.0,0.0,0.0,0.30086666666666667,optimal
2021-02-09 20:30:00,20,91,0.0,0.0,0.0,0.25553333333333333,optimal
2021-02-09 21:00:00,20,91,0.0,0.0,0.0,0.4498666666666667,optimal
2021-02-09 21:30:00,20,91,0.0,0.0,0.0,0.23126666666666668,optimal
2021-02-09 22:00:00,20,91,0.0796190476190476,0.0,0.0,0.22016666666666662,optimal
2021-02-09 22:30:00,20,91,0.0,0.0,0.0,0.24226666666666669,optimal
2021-02-09 23:00:00,20,91,0.0,0.0,0.0,0.22766666666666663,optimal
2021-02-09 23:30:00,20,91,0.0,0.0,0.0,0.071,optimal
2021-02-10 00:00:00,20,91,0.0,0.0,0.0,0.061,optimal
2021-02-10 00:30:00,20,91,0.33838095238095234,0.0,0.0,0.061,optimal
2021-02-10 01:00:00,20,91,0.0,0.0,0.0,0.061,optimal
2021-02-10 01:30:00,20,91,0.0,0.0,0.0,0.087,optimal
2021-02-10 02:00:00,20,91,0.0,0.0,0.0,0.12166666666666669,optimal
2021-02-10 02:30:00,20,91,2.161981920847366,0.0,0.0,0.06966666666666667,optimal
2021-02-10 03:00:00,20,91,2.4285714285714284,0.0,0.0,0.139,optimal
2021-02-10 03:30:00,20,91,2.4285714285714284,0.0,0.0,0.061,optimal
2021-02-10 04:00:00,20,91,2.4285714285714284,0.0,0.0,0.12166666666666669,optimal
2021-02-10 04:30:00,20,91,2.4285714285714284,0.0,0.0,0.087,optimal
2021-02-10 05:00:00,20,91,2.4285714285714284,0.0,0.0,0.061,optimal
2021-02-10 05:30:00,20,91,2.4285714285714284,0.0,0.0,0.121,optimal
2021-02-10 06:00:00,20,91,2.4285714285714284,0.0,0.0,0.10133333333333332,optimal
2021-02-10 06:30:00,20,91,2.4285714285714284,0.0,3.0700742023384167,0.39626666666666666,optimal
2021-02-10 07:00:00,20,91,2.4285714285714284,0.0,10.0,0.2348,optimal
2021-02-10 07:30:00,20,91,2.4285714285714284,0.0,0.0,0.07073333333333333,optimal
2021-02-10 08:00:00,20,91,1.3893079961246404,0.0,0.0,0.071,optimal
2021-02-10 08:30:00,20,91,1.3755691749988848,0.0,0.0,0.071,optimal
2021-02-10 09:00:00,20,91,1.1752973975566312,0.0,0.0,0.15766666666666665,optimal
2021-02-10 09:30:00,20,91,1.186320481192791,0.0,0.0,0.071,optimal
2021-02-10 10:00:00,20,91,0.8856390855442582,0.0,0.0,0.15766666666666665,optimal
2021-02-10 10:30:00,20,91,0.8850492554142168,0.0,0.0,0.07466666666666667,optimal
2021-02-10 11:00:00,20,91,0.6922214241577569,0.0,0.0,0.07896666666666667,optimal
2021-02-10 11:30:00,20,91,0.6929615374043997,0.0,0.0,0.10133333333333332,optimal
2021-02-10 12:00:00,20,91,0.4443744462649523,0.0,0.0,0.12733333333333333,optimal
2021-02-10 12:30:00,20,91,0.4604696843601756,0.0,0.0,0.071,optimal
2021-02-10 13:00:00,20,91,2.4001845358848586,0.0,0.0,0.16866666666666666,optimal
2021-02-10 13:30:00,20,91,1.8304858867363,0.0,0.0,0.12490000000000001,optimal
2021-02-10 14:00:00,20,91,2.4285714285714284,0.0,0.0,0.3465666666666667,optimal
2021-02-10 14:30:00,20,91,2.4285714285714284,0.0,0.0,0.20033333333333328,optimal
2021-02-10 15:00:00,20,91,2.4285714285714284,0.0,0.0,1.0797333333333332,optimal
2021-02-10 15:30:00,20,91,2.4285714285714284,0.0,0.0,0.7458666666666667,optimal
2021-02-10 16:00:00,20,91,0.0,0.0,0.0,0.13833333333333334,optimal
2021-02-10 16:30:00,20,91,0.0,0.0,0.0,0.4129,optimal
2021-02-10 17:00:00,20,91,0.0,0.0,0.0,1.193733333333333,optimal
2021-02-10 17:30:00,20,91,0.0,0.0,0.0,0.16390000000000002,optimal
2021-02-10 18:00:00,20,91,0.0,0.0,0.0,0.3296,optimal
2021-02-10 18:30:00,20,91,0.0,0.0,0.0,0.26543333333333335,optimal
2021-02-10 19:00:00,20,91,0.0,0.0,0.0,1.3424,optimal
2021-02-10 19:30:00,20,91,0.0,0.0,0.0,0.3332,optimal
2021-02-10 20:00:00,20,91,0.0,0.0,0.0,0.344,optimal
2021-02-10 20:30:00,20,91,0.0,0.0,0.0,0.3710333333333334,optimal
2021-02-10 21:00:00,20,91,0.0,0.0,0.0,0.23383333333333328,optimal
2021-02-10 21:30:00,20,91,0.0,0.0,0.0,0.38346666666666657,optimal
2021-02-10 22:00:00,20,91,0.11942857142857143,0.0,0.0,0.6260666666666668,optimal
2021-02-10 22:30:00,20,91,0.0,0.0,0.0,0.3765,optimal
2021-02-10 23:00:00,20,91,0.0,0.0,0.0,0.4,optimal
2021-02-10 23:30:00,20,91,0.0,0.0,0.0,0.24403333333333332,optimal
2021-02-11 00:00:00,20,91,0.0,0.0,0.0,0.063,optimal
2021-02-11 00:30:00,20,91,1.9904761904761905,0.0,0.0,0.11270000000000001,optimal
2021-02-11 01:00:00,20,91,0.0,0.0,0.0,0.1695,optimal
2021-02-11 01:30:00,20,91,0.6138639722926352,0.0,0.0,0.063,optimal
2021-02-11 02:00:00,20,91,2.4285714285714284,0.0,0.0,0.21919999999999998,optimal
2021-02-11 02:30:00,20,91,2.4285714285714284,0.0,0.0,0.063,optimal
2021-02-11 03:00:00,20,91,2.4285714285714284,0.0,0.0,0.063,optimal
2021-02-11 03:30:00,20,91,2.4285714285714284,0.0,0.0,0.09140000000000001,optimal
2021-02-11 04:00:00,20,91,2.4285714285714284,0.0,0.0,0.19080000000000003,optimal
2021-02-11 04:30:00,20,91,2.4285714285714284,0.0,0.0,0.063,optimal
2021-02-11 05:00:00,20,91,2.4285714285714284,0.0,0.0,0.21919999999999998,optimal
2021-02-11 05:30:00,20,91,2.4285714285714284,0.0,0.0,0.063,optimal
2021-02-11 06:00:00,20,91,2.4285714285714284,0.0,2.8447291290542194,0.1766,optimal
2021-02-11 06:30:00,20,91,2.4285714285714284,0.0,10.0,0.1056,optimal
2021-02-11 07:00:00,20,91,2.4285714285714284,0.0,10.0,2.3942666666666668,optimal
2021-02-11 07:30:00,20,91,2.4285714285714284,0.0,0.0,1.578266666666667,optimal
2021-02-11 08:00:00,20,91,1.281526098939962,0.0,0.0,0.32380000000000003,optimal
2021-02-11 08:30:00,20,91,1.2222873576414222,0.0,0.0,0.6221333333333333,optimal
2021-02-11 09:00:00,20,91,1.124241826903395,0.0,0.0,0.3797,optimal
2021-02-11 09:30:00,20,91,0.8957384573778187,0.0,0.0,1.1271,optimal
2021-02-11 10:00:00,20,91,0.3969536353965018,0.0,0.0,3.0572,optimal
2021-02-11 10:30:00,20,91,0.5364520035356766,0.0,0.0,2.4039,optimal
2021-02-11 11:00:00,20,91,0.29333188958108186,0.0,0.0,3.1375666666666664,optimal
2021-02-11 11:30:00,20,91,0.306161786549974,0.0,0.0,3.1185,optimal
2021-02-11 12:00:00,20,91,0.19895060836508,0.0,0.0,1.7041333333333335,optimal
2021-02-11 12:30:00,20,91,0.18445943970636602,0.0,0.0,0.428,optimal
2021-02-11 13:00:00,20,91,2.3832633522799593,0.0,0.0,1.6977,optimal
2021-02-11 13:30:00,20,91,2.4285714285714284,0.0,0.0,0.5380666666666667,optimal
2021-02-11 14:00:00,20,91,2.4285714285714284,0.0,0.0,0.4373,optimal
2021-02-11 14:30:00,20,91,2.4285714285714284,0.0,0.0,0.343,optimal
2021-02-11 15:00:00,20,91,2.4285714285714284,0.0,0.0,0.576,optimal
2021-02-11 15:30:00,20,91,2.4285714285714284,0.0,0.0,0.471,optimal
2021-02-11 16:00:00,20,91,0.0,0.0,0.0,0.48710000000000003,optimal
2021-02-11 16:30:00,20,91,0.0,0.0,0.0,1.9339666666666666,optimal
2021-02-11 17:00:00,20,91,0.0,0.0,0.0,0.49639999999999995,optimal
2021-02-11 17:30:00,20,91,0.0,0.0,0.0,0.3116666666666667,optimal
2021-02-11 18:00:00,20,91,0.0,0.0,0.0,0.17813333333333334,optimal
2021-02-11 18:30:00,20,91,0.0,0.0,0.0,0.3277,optimal
2021-02-11 19:00:00,20,91,0.0,0.0,0.0,1.0275999999999998,optimal
2021-02-11 19:30:00,20,91,0.0,0.0,0.0,0.8619333333333333,optimal
2021-02-11 20:00:00,20,91,0.0,0.0,0.0,0.18130000000000002,optimal
2021-02-11 20:30:00,20,91,0.0,0.0,0.0,0.21559999999999999,optimal
2021-02-11 21:00:00,20,91,0.0,0.0,0.0,0.2292,optimal
2021-02-11 21:30:00,20,91,0.0,0.0,0.0,0.073,optimal
2021-02-11 22:00:00,20,91,0.0,0.0,0.0,0.073,optimal
2021-02-11 22:30:00,20,91,0.0,0.0,0.0,0.2292,optimal
2021-02-11 23:00:00,20,91,0.0,0.0,0.0,0.073,optimal
2021-02-11 23:30:00,20,91,0.0,0.0,0.0,0.144,optimal
2021-02-12 00:00:00,20,91,0.04855662674758959,0.0,0.0,0.075,optimal
2021-02-12 00:30:00,20,91,2.4285714285714284,0.0,0.0,0.183,optimal
2021-02-12 01:00:00,20,91,2.4285714285714284,0.0,0.0,0.063,optimal
2021-02-12 01:30:00,20,91,2.4285714285714284,0.0,0.0,0.063,optimal
2021-02-12 02:00:00,20,91,2.4285714285714284,0.0,0.0,0.123,optimal
2021-02-12 02:30:00,20,91,2.4285714285714284,0.0,0.0,0.135,optimal
2021-02-12 03:00:00,20,91,2.4285714285714284,0.0,0.0,0.087,optimal
2021-02-12 03:30:00,20,91,2.4285714285714284,0.0,0.0,0.171,optimal
2021-02-12 04:00:00,20,91,2.4285714285714284,0.0,0.0,0.063,optimal
2021-02-12 04:30:00,20,91,2.4285714285714284,0.0,0.0,0.063,optimal
2021-02-12 05:00:00,20,91,2.4285714285714284,0.0,0.0,0.195,optimal
2021-02-12 05:30:00,20,91,2.4285714285714284,0.0,0.0,0.063,optimal
2021-02-12 06:00:00,20,91,2.4285714285714284,0.0,0.0,0.165,optimal
2021-02-12 06:30:00,20,91,2.4285714285714284,0.0,5.689812317314286,0.093,optimal
2021-02-12 07:00:00,20,91,2.4285714285714284,0.0,10.0,0.06966666666666667,optimal
2021-02-12 07:30:00,20,91,2.4285714285714284,0.0,0.0,0.2045,optimal
2021-02-12 08:00:00,20,91,2.4285714285714284,0.0,0.0,0.086,optimal
2021-02-12 08:30:00,20,91,2.4285714285714284,0.0,0.0,0.37760000000000005,optimal
2021-02-12 09:00:00,20,91,1.513848492356634,0.0,0.0,0.4192666666666667,optimal
2021-02-12 09:30:00,20,91,0.8519328885447314,0.0,0.0,1.5204666666666666,optimal
2021-02-12 10:00:00,20,91,0.7136109855292926,0.0,0.0,0.285,optimal
2021-02-12 10:30:00,20,91,0.7115619147063531,0.0,0.0,0.26453333333333334,optimal
2021-02-12 11:00:00,20,91,0.32207399404141746,0.0,0.0,2.473,optimal
2021-02-12 11:30:00,20,91,0.3636583363790277,0.0,0.0,2.2744,optimal
2021-02-12 12:00:00,20,91,0.3206658752316707,0.0,0.0,0.339,optimal
2021-02-12 12:30:00,20,91,0.36225974137880074,0.0,0.0,0.2114,optimal
2021-02-12 13:00:00,20,91,2.357044020130041,0.0,0.0,0.308,optimal
2021-02-12 13:30:00,20,91,2.4285714285714284,0.0,0.0,0.26773333333333327,optimal
2021-02-12 14:00:00,20,91,2.4285714285714284,0.0,0.0,0.27863333333333334,optimal
2021-02-12 14:30:00,20,91,2.4285714285714284,0.0,0.0,0.42710000000000004,optimal
2021-02-12 15:00:00,20,91,2.4285714285714284,0.0,0.0,0.08316666666666667,optimal
2021-02-12 15:30:00,20,91,2.4285714285714284,0.0,0.0,0.166,optimal
2021-02-12 16:00:00,20,91,0.0,0.0,0.0,0.1349,optimal
2021-02-12 16:30:00,20,91,0.0,0.0,0.0,0.3211,optimal
2021-02-12 17:00:00,20,91,0.0,0.0,0.0,0.38060000000000005,optimal
2021-02-12 17:30:00,20,91,0.0,0.0,0.0,0.34846666666666665,optimal
2021-02-12 18:00:00,20,91,0.0,0.0,0.0,0.10503333333333331,optimal
2021-02-12 18:30:00,20,91,0.0,0.0,0.0,0.1946,optimal
2021-02-12 19:00:00,20,91,0.0,0.0,0.0,0.073,optimal
2021-02-12 19:30:00,20,91,0.0,0.0,0.0,0.133,optimal
2021-02-12 20:00:00,20,91,0.0,0.0,0.0,0.145,optimal
2021-02-12 20:30:00,20,91,0.0,0.0,0.0,0.073,optimal
2021-02-12 21:00:00,20,91,0.0,0.0,0.0,0.17836666666666667,optimal
2021-02-12 21:30:00,20,91,0.0,0.0,0.0,0.31126666666666664,optimal
2021-02-12 22:00:00,20,91,0.0,0.0,0.0,0.5715,optimal
2021-02-12 22:30:00,20,91,0.0,0.0,0.0,1.0964333333333334,optimal
2021-02-12 23:00:00,20,91,0.0,0.0,0.0,0.6072666666666666,optimal
2021-02-12 23:30:00,20,91,0.0,0.0,0.0,0.2571666666666667,optimal
2021-02-13 00:00:00,20,91,0.0,0.0,0.0,0.066,optimal
2021-02-13 00:30:00,20,91,1.1544761904761904,0.0,0.0,0.1928666666666667,optimal
2021-02-13 01:00:00,20,91,0.0,0.0,0.0,0.066,optimal
2021-02-13 01:30:00,20,91,0.0,0.0,0.0,0.11213333333333333,optimal
2021-02-13 02:00:00,20,91,1.2006228459828718,0.0,0.0,0.14673333333333333,optimal
2021-02-13 02:30:00,20,91,2.4285714285714284,0.0,0.0,0.066,optimal
2021-02-13 03:00:00,20,91,2.4285714285714284,0.0,0.0,0.066,optimal
2021-02-13 03:30:00,20,91,2.4285714285714284,0.0,0.0,0.1928666666666667,optimal
2021-02-13 04:00:00,20,91,2.4285714285714284,0.0,0.0,0.066,optimal
2021-02-13 04:30:00,20,91,2.4285714285714284,0.0,0.0,0.066,optimal
2021-02-13 05:00:00,20,91,2.4285714285714284,0.0,0.0,0.16403333333333334,optimal
2021-02-13 05:30:00,20,91,2.4285714285714284,0.0,0.0,0.09483333333333331,optimal
2021-02-13 06:00:00,20,91,2.4285714285714284,0.0,0.0,0.066,optimal
2021-02-13 06:30:00,20,91,2.4285714285714284,0.0,0.0,0.1871,optimal
2021-02-13 07:00:00,20,91,2.4285714285714284,0.0,7.289285194851217,0.07176666666666666,optimal
2021-02-13 07:30:00,20,91,2.4285714285714284,0.0,0.0,0.14906666666666665,optimal
2021-02-13 08:00:00,20,91,1.3879666187653998,0.0,0.0,0.12423333333333332,optimal
2021-02-13 08:30:00,20,91,1.4231509611029995,0.0,0.0,0.09906666666666666,optimal
2021-02-13 09:00:00,20,91,1.1808446856550012,0.0,0.0,0.1895,optimal
2021-02-13 09:30:00,20,91,1.2585187782954097,0.0,0.0,0.076,optimal
2021-02-13 10:00:00,20,91,0.9484952752023009,0.0,0.0,0.20286666666666667,optimal
2021-02-13 10:30:00,20,91,0.9813081889684792,0.0,0.0,0.076,optimal
2021-02-13 11:00:00,20,91,0.6270636766872303,0.0,0.0,0.15153333333333333,optimal
2021-02-13 11:30:00,20,91,0.497714685691506,0.0,0.0,0.38106666666666666,optimal
2021-02-13 12:00:00,20,91,0.45810949466586987,0.0,0.0,0.23813333333333334,optimal
2021-02-13 12:30:00,20,91,0.45589722696013507,0.0,0.0,0.224,optimal
2021-02-13 13:00:00,20,91,2.146996358887163,0.0,0.0,0.28876666666666667,optimal
2021-02-13 13:30:00,20,91,2.4285714285714284,0.0,0.0,0.4493333333333333,optimal
2021-02-13 14:00:00,20,91,2.4285714285714284,0.0,0.0,0.5828,optimal
2021-02-13 14:30:00,20,91,2.4285714285714284,0.0,0.0,0.32889999999999997,optimal
2021-02-13 15:00:00,20,91,2.4285714285714284,0.0,0.0,2.3989333333333334,optimal
2021-02-13 15:30:00,20,91,2.4285714285714284,0.0,0.0,0.24130000000000001,optimal
2021-02-13 16:00:00,20,91,0.0,0.0,0.0,0.224,optimal
2021-02-13 16:30:00,20,91,0.0,0.0,0.0,0.3247333333333333,optimal
2021-02-13 17:00:00,20,91,0.0,0.0,0.0,0.20396666666666666,optimal
2021-02-13 17:30:00,20,91,0.0,0.0,0.0,0.2122,optimal
2021-02-13 18:00:00,20,91,0.0,0.0,0.0,0.1625,optimal
2021-02-13 18:30:00,20,91,0.0,0.0,0.0,0.076,optimal
2021-02-13 19:00:00,20,91,0.0,0.0,0.0,0.17980000000000002,optimal
2021-02-13 19:30:00,20,91,0.0,0.0,0.0,0.09906666666666666,optimal
2021-02-13 20:00:00,20,91,0.0,0.0,0.0,0.076,optimal
2021-02-13 20:30:00,20,91,0.0,0.0,0.0,0.20286666666666667,optimal
2021-02-13 21:00:00,20,91,0.0,0.0,0.0,0.31560000000000005,optimal
2021-02-13 21:30:00,20,91,0.0,0.0,0.0,0.5813666666666667,optimal
2021-02-13 22:00:00,20,91,0.0199047619047619,0.0,0.0,0.6933666666666667,optimal
2021-02-13 22:30:00,20,91,0.0,0.0,0.0,0.6882333333333334,optimal
2021-02-13 23:00:00,20,91,0.0,0.0,0.0,0.4545666666666667,optimal
2021-02-13 23:30:00,20,91,0.0,0.0,0.0,0.43556666666666666,optimal
2021-02-07 00:00:00,21,91,0.0,0.0,0.0,0.05866666666666666,optimal
2021-02-07 00:30:00,21,91,0.0,0.0,0.0,0.066,optimal
2021-02-07 01:00:00,21,91,0.0,0.0,0.0,0.11523333333333333,optimal
2021-02-07 01:30:00,21,91,0.0,0.0,0.0,0.1715,optimal
2021-02-07 02:00:00,21,91,0.0,0.0,0.0,0.066,optimal
2021-02-07 02:30:00,21,91,0.0,0.0,0.0,0.22073333333333328,optimal
2021-02-07 03:00:00,21,91,0.0,0.0,0.0,0.066,optimal
2021-02-07 03:30:00,21,91,0.0,0.0,0.0,0.1715,optimal
2021-02-07 04:00:00,21,91,2.2857142857142856,0.0,0.0,0.11523333333333333,optimal
2021-02-07 04:30:00,21,91,2.2857142857142856,0.0,0.0,0.11523333333333333,optimal
2021-02-07 05:00:00,21,91,2.2857142857142856,0.0,0.0,0.1715,optimal
2021-02-07 05:30:00,21,91,2.2857142857142856,0.0,0.0,0.066,optimal
2021-02-07 06:00:00,21,91,2.2857142857142856,0.0,0.0,0.18556666666666663,optimal
2021-02-07 06:30:00,21,91,2.2857142857142856,0.0,0.0,0.10116666666666668,optimal
2021-02-07 07:00:00,21,91,2.2857142857142856,0.0,1.8089900112525021,0.5738333333333334,optimal
2021-02-07 07:30:00,21,91,0.0,0.0,0.0,0.24106666666666662,optimal
2021-02-07 08:00:00,21,91,0.0,0.0,0.0,0.10106666666666667,optimal
2021-02-07 08:30:00,21,91,0.0,0.0,0.0,1.9765,optimal
2021-02-07 09:00:00,21,91,0.0,0.0,0.0,0.4899333333333333,optimal
2021-02-07 09:30:00,21,91,0.16080675846895545,0.0,0.0,0.2305,optimal
2021-02-07 10:00:00,21,91,0.8841845372456472,0.0,0.0,0.7464333333333333,optimal
2021-02-07 10:30:00,21,91,0.8230701382847245,0.0,0.0,1.9215,optimal
2021-02-07 11:00:00,21,91,0.8435449706744172,0.0,0.0,0.2413333333333333,optimal
2021-02-07 11:30:00,21,91,0.8873563992458373,0.0,0.0,0.2834333333333333,optimal
2021-02-07 12:00:00,21,91,0.8195968894817862,0.0,0.0,0.211,optimal
2021-02-07 12:30:00,21,91,0.8283854609103538,0.0,0.0,0.1416,optimal
2021-02-07 13:00:00,21,91,2.2857142857142856,0.0,0.0,0.22073333333333328,optimal
2021-02-07 13:30:00,21,91,2.2857142857142856,0.0,0.0,0.066,optimal
2021-02-07 14:00:00,21,91,2.2857142857142856,0.0,0.0,0.1715,optimal
2021-02-07 14:30:00,21,91,2.2857142857142856,0.0,0.0,0.11523333333333333,optimal
2021-02-07 15:00:00,21,91,2.2857142857142856,0.0,0.0,0.066,optimal
2021-02-07 15:30:00,21,91,2.2857142857142856,0.0,0.0,0.1504,optimal
2021-02-07 16:00:00,21,91,0.0,0.0,0.0,0.13633333333333333,optimal
2021-02-07 16:30:00,21,91,0.0,0.0,0.0,0.066,optimal
2021-02-07 17:00:00,21,91,0.0,0.0,0.0,0.3551,optimal
2021-02-07 17:30:00,21,91,0.0,0.0,0.0,0.7394,optimal
2021-02-07 18:00:00,21,91,0.0,0.0,0.0,0.4903333333333333,optimal
2021-02-07 18:30:00,21,91,0.0,0.0,0.0,0.29946666666666666,optimal
2021-02-07 19:00:00,21,91,0.0,0.0,0.0,0.8674333333333333,optimal
2021-02-07 19:30:00,21,91,0.11776088311404201,0.0,0.0,1.1870666666666667,optimal
2021-02-07 20:00:00,21,91,1.0237507044353031,0.0,0.0,0.6047666666666667,optimal
2021-02-07 20:30:00,21,91,0.0,0.0,0.0,0.6908666666666666,optimal
2021-02-07 21:00:00,21,91,0.0,0.0,0.0,0.38156666666666667,optimal
2021-02-07 21:30:00,21,91,0.0,0.0,0.0,1.4781333333333335,optimal
2021-02-07 22:00:00,21,91,0.0,0.0,0.0,1.2929666666666666,optimal
2021-02-07 22:30:00,21,91,0.0,0.0,0.0,0.9953666666666667,optimal
2021-02-07 23:00:00,21,91,0.0,0.0,0.0,0.4720666666666667,optimal
2021-02-07 23:30:00,21,91,0.0,0.0,0.0,0.8132333333333334,optimal
2021-02-08 00:00:00,21,91,0.0,0.0,0.0,0.06633333333333333,optimal
2021-02-08 00:30:00,21,91,0.0,0.0,0.0,0.069,optimal
2021-02-08 01:00:00,21,91,0.0,0.0,0.0,0.064,optimal
2021-02-08 01:30:00,21,91,0.0,0.0,0.0,0.08933333333333333,optimal
2021-02-08 02:00:00,21,91,0.0,0.0,0.0,0.09566666666666669,optimal
2021-02-08 02:30:00,21,91,1.7063516829823566,0.0,0.0,0.064,optimal
2021-02-08 03:00:00,21,91,2.2857142857142856,0.0,0.0,0.121,optimal
2021-02-08 03:30:00,21,91,2.2857142857142856,0.0,0.0,0.064,optimal
2021-02-08 04:00:00,21,91,2.2857142857142856,0.0,0.0,0.121,optimal
2021-02-08 04:30:00,21,91,2.2857142857142856,0.0,0.0,0.064,optimal
2021-02-08 05:00:00,21,91,2.2857142857142856,0.0,0.0,0.121,optimal
2021-02-08 05:30:00,21,91,2.2857142857142856,0.0,0.0,0.064,optimal
2021-02-08 06:00:00,21,91,2.2857142857142856,0.0,0.0,0.11466666666666668,optimal
2021-02-08 06:30:00,21,91,2.2857142857142856,0.0,0.0,0.07266666666666667,optimal
2021-02-08 07:00:00,21,91,2.2857142857142856,0.0,9.095578511534207,0.1195,optimal
2021-02-08 07:30:00,21,91,2.2857142857142856,0.0,0.0,0.0715,optimal
2021-02-08 08:00:00,21,91,1.049499576773272,0.0,0.0,0.062,optimal
2021-02-08 08:30:00,21,91,0.9630451778123227,0.0,0.0,0.119,optimal
2021-02-08 09:00:00,21,91,0.978148213882335,0.0,0.0,1.4889666666666668,optimal
2021-02-08 09:30:00,21,91,1.5667336218475483,0.0,0.0,0.1728,optimal
2021-02-08 10:00:00,21,91,1.3894099866854683,0.0,0.0,3.4677,optimal
2021-02-08 10:30:00,21,91,0.7409617215774023,0.0,0.0,2.263266666666667,optimal
2021-02-08 11:00:00,21,91,0.5920038475316661,0.0,0.0,0.7850666666666667,optimal
2021-02-08 11:30:00,21,91,0.5617287226830788,0.0,0.0,1.104266666666667,optimal
2021-02-08 12:00:00,21,91,0.5046975958667214,0.0,0.0,0.6724,optimal
2021-02-08 12:30:00,21,91,0.40235496521715797,0.0,0.0,1.5319,optimal
2021-02-08 13:00:00,21,91,2.2857142857142856,0.0,0.0,0.10786666666666667,optimal
2021-02-08 13:30:00,21,91,2.2857142857142856,0.0,0.0,0.074,optimal
2021-02-08 14:00:00,21,91,2.2857142857142856,0.0,0.0,0.112,optimal
2021-02-08 14:30:00,21,91,2.2857142857142856,0.0,0.0,0.093,optimal
2021-02-08 15:00:00,21,91,2.2857142857142856,0.0,0.0,0.074,optimal
2021-02-08 15:30:00,21,91,2.2857142857142856,0.0,0.0,0.074,optimal
2021-02-08 16:00:00,21,91,0.0,0.0,0.0,0.074,optimal
2021-02-08 16:30:00,21,91,0.0,0.0,0.0,0.1025,optimal
2021-02-08 17:00:00,21,91,0.0,0.0,0.0,0.17803333333333332,optimal
2021-02-08 17:30:00,21,91,0.0,0.0,0.0,1.4831333333333334,optimal
2021-02-08 18:00:00,21,91,0.0,0.0,0.0,1.9225666666666663,optimal
2021-02-08 18:30:00,21,91,0.0,0.0,0.0,0.28053333333333336,optimal
2021-02-08 19:00:00,21,91,0.0,0.0,0.0,0.22466666666666663,optimal
2021-02-08 19:30:00,21,91,0.40790153247799255,0.0,0.0,0.38766666666666666,optimal
2021-02-08 20:00:00,21,91,1.0773500713632278,0.0,0.0,0.33636666666666665,optimal
2021-02-08 20:30:00,21,91,0.0,0.0,0.0,0.3905,optimal
2021-02-08 21:00:00,21,91,0.0,0.0,0.0,0.4207666666666667,optimal
2021-02-08 21:30:00,21,91,0.0,0.0,0.0,0.346,optimal
2021-02-08 22:00:00,21,91,0.0,0.0,0.0,0.27996666666666664,optimal
2021-02-08 22:30:00,21,91,0.4578095238095238,0.0,0.0,0.42506666666666665,optimal
2021-02-08 23:00:00,21,91,0.0,0.0,0.0,2.108633333333333,optimal
2021-02-08 23:30:00,21,91,0.09952380952380951,0.0,0.0,0.2521,optimal
2021-02-09 00:00:00,21,91,0.0,0.0,0.0,0.06,optimal
2021-02-09 00:30:00,21,91,1.9904761904761905,0.0,0.0,0.06,optimal
2021-02-09 01:00:00,21,91,0.0,0.0,0.0,0.2008,optimal
2021-02-09 01:30:00,21,91,0.0,0.0,0.0,0.06,optimal
2021-02-09 02:00:00,21,91,0.0,0.0,0.0,0.06,optimal
2021-02-09 02:30:00,21,91,2.0525480230537423,0.0,0.0,0.0856,optimal
2021-02-09 03:00:00,21,91,2.2857142857142856,0.0,0.0,0.1752,optimal
2021-02-09 03:30:00,21,91,2.2857142857142856,0.0,0.0,0.06,optimal
2021-02-09 04:00:00,21,91,2.2857142857142856,0.0,0.0,0.2008,optimal
2021-02-09 04:30:00,21,91,2.2857142857142856,0.0,0.0,0.06,optimal
2021-02-09 05:00:00,21,91,2.2857142857142856,0.0,0.0,0.07479999999999999,optimal
2021-02-09 05:30:00,21,91,2.2857142857142856,0.0,0.0,0.196,optimal
2021-02-09 06:00:00,21,91,2.2857142857142856,0.0,3.628226878879275,0.10586666666666666,optimal
2021-02-09 06:30:00,21,91,2.2857142857142856,0.0,10.0,0.14959999999999998,optimal
2021-02-09 07:00:00,21,91,2.2857142857142856,0.0,10.0,0.3201333333333333,optimal
2021-02-09 07:30:00,21,91,2.2857142857142856,0.0,0.0,0.35733333333333334,optimal
2021-02-09 08:00:00,21,91,1.2632957004105834,0.0,0.0,0.10016666666666668,optimal
2021-02-09 08:30:00,21,91,1.1751915845662726,0.0,0.0,0.4058,optimal
2021-02-09 09:00:00,21,91,1.0391846868684205,0.0,0.0,0.26280000000000003,optimal
2021-02-09 09:30:00,21,91,1.143662169465512,0.0,0.0,0.06933333333333333,optimal
2021-02-09 10:00:00,21,91,0.889466667370068,0.0,0.0,0.1404,optimal
2021-02-09 10:30:00,21,91,0.8722931409628508,0.0,0.0,0.1404,optimal
2021-02-09 11:00:00,21,91,0.6437339471832266,0.0,0.0,0.07,optimal
2021-02-09 11:30:00,21,91,0.6000706704732265,0.0,0.0,0.21080000000000002,optimal
2021-02-09 12:00:00,21,91,0.47509348506576615,0.0,0.0,0.07,optimal
2021-02-09 12:30:00,21,91,0.478528190347205,0.0,0.0,0.07,optimal
2021-02-09 13:00:00,21,91,2.2857142857142856,0.0,0.0,0.0828,optimal
2021-02-09 13:30:00,21,91,2.2857142857142856,0.0,0.0,0.198,optimal
2021-02-09 14:00:00,21,91,2.2857142857142856,0.0,0.0,0.07,optimal
2021-02-09 14:30:00,21,91,2.2857142857142856,0.0,0.0,0.07,optimal
2021-02-09 15:00:00,21,91,2.2857142857142856,0.0,0.0,0.07,optimal
2021-02-09 15:30:00,21,91,2.2857142857142856,0.0,0.0,0.17880000000000001,optimal
2021-02-09 16:00:00,21,91,0.0,0.0,0.0,0.102,optimal
2021-02-09 16:30:00,21,91,0.0,0.0,0.0,0.07,optimal
2021-02-09 17:00:00,21,91,0.0,0.0,0.0,0.21080000000000002,optimal
2021-02-09 17:30:00,21,91,0.0,0.0,0.0,0.0792,optimal
2021-02-09 18:00:00,21,91,0.0,0.0,0.0,0.139,optimal
2021-02-09 18:30:00,21,91,0.0,0.0,0.0,0.2542,optimal
2021-02-09 19:00:00,21,91,0.0,0.0,0.0,0.2114333333333333,optimal
2021-02-09 19:30:00,21,91,0.0,0.0,0.0,0.3068,optimal
2021-02-09 20:00:00,21,91,0.6149950907378399,0.0,0.0,0.3452,optimal
2021-02-09 20:30:00,21,91,0.0,0.0,0.0,0.24716666666666662,optimal
2021-02-09 21:00:00,21,91,0.0,0.0,0.0,0.25843333333333335,optimal
2021-02-09 21:30:00,21,91,0.0,0.0,0.0,0.4039,optimal
2021-02-09 22:00:00,21,91,0.0398095238095238,0.0,0.0,0.3502,optimal
2021-02-09 22:30:00,21,91,0.0,0.0,0.0,0.465,optimal
2021-02-09 23:00:00,21,91,0.0,0.0,0.0,0.3402,optimal
2021-02-09 23:30:00,21,91,0.0,0.0,0.0,0.15319999999999998,optimal
2021-02-10 00:00:00,21,91,0.0,0.0,0.0,0.059,optimal
2021-02-10 00:30:00,21,91,2.2857142857142856,0.0,0.0,0.17633333333333334,optimal
2021-02-10 01:00:00,21,91,0.918952380952381,0.0,0.0,0.059,optimal
2021-02-10 01:30:00,21,91,0.0,0.0,0.0,0.11766666666666668,optimal
2021-02-10 02:00:00,21,91,0.9304099919811946,0.0,0.0,0.11766666666666668,optimal
2021-02-10 02:30:00,21,91,2.2857142857142856,0.0,0.0,0.059,optimal
2021-02-10 03:00:00,21,91,2.2857142857142856,0.0,0.0,0.17633333333333334,optimal
2021-02-10 03:30:00,21,91,2.2857142857142856,0.0,0.0,0.059,optimal
2021-02-10 04:00:00,21,91,2.2857142857142856,0.0,0.0,0.14966666666666667,optimal
2021-02-10 04:30:00,21,91,2.2857142857142856,0.0,0.0,0.08566666666666667,optimal
2021-02-10 05:00:00,21,91,2.2857142857142856,0.0,0.0,0.059,optimal
2021-02-10 05:30:00,21,91,2.2857142857142856,0.0,0.0,0.17633333333333334,optimal
2021-02-10 06:00:00,21,91,2.2857142857142856,0.0,9.058568853917325,0.14586666666666667,optimal
2021-02-10 06:30:00,21,91,2.2857142857142856,0.0,10.0,0.25,optimal
2021-02-10 07:00:00,21,91,2.2857142857142856,0.0,0.0,0.3546666666666667,optimal
2021-02-10 07:30:00,21,91,2.2857142857142856,0.0,0.0,0.21766666666666662,optimal
2021-02-10 08:00:00,21,91,1.2501118056484297,0.0,0.0,0.2728666666666667,optimal
2021-02-10 08:30:00,21,91,1.3420739369036394,0.0,0.0,0.1863333333333333,optimal
2021-02-10 09:00:00,21,91,1.200087873747106,0.0,0.0,0.069,optimal
2021-02-10 09:30:00,21,91,1.1380633383356349,0.0,0.0,0.189,optimal
2021-02-10 10:00:00,21,91,0.8128390855442551,0.0,0.0,0.24766666666666662,optimal
2021-02-10 10:30:00,21,91,0.8101825887475608,0.0,0.0,0.205,optimal
2021-02-10 11:00:00,21,91,0.5600214241577666,0.0,0.0,0.27376666666666666,optimal
2021-02-10 11:30:00,21,91,0.40970248978535495,0.0,0.0,1.344,optimal
2021-02-10 12:00:00,21,91,0.2213173034078001,0.0,0.0,1.0785333333333333,optimal
2021-02-10 12:30:00,21,91,0.2712982557887612,0.0,0.0,0.3748,optimal
2021-02-10 13:00:00,21,91,1.8686728229413347,0.0,0.0,0.6891333333333334,optimal
2021-02-10 13:30:00,21,91,2.2857142857142856,0.0,0.0,0.2514333333333333,optimal
2021-02-10 14:00:00,21,91,2.2857142857142856,0.0,0.0,0.10629999999999999,optimal
2021-02-10 14:30:00,21,91,2.2857142857142856,0.0,0.0,0.067,optimal
2021-02-10 15:00:00,21,91,2.2857142857142856,0.0,0.0,0.2934,optimal
2021-02-10 15:30:00,21,91,2.2857142857142856,0.0,0.0,1.7012333333333332,optimal
2021-02-10 16:00:00,21,91,0.0,0.0,0.0,0.3655333333333334,optimal
2021-02-10 16:30:00,21,91,0.0,0.0,0.0,0.5039,optimal
2021-02-10 17:00:00,21,91,0.0,0.0,0.0,0.45289999999999997,optimal
2021-02-10 17:30:00,21,91,0.0,0.0,0.0,0.4625666666666667,optimal
2021-02-10 18:00:00,21,91,0.0,0.0,0.0,0.3654,optimal
2021-02-10 18:30:00,21,91,0.0,0.0,0.0,0.7151333333333333,optimal
2021-02-10 19:00:00,21,91,0.0,0.0,0.0,1.5790666666666666,optimal
2021-02-10 19:30:00,21,91,0.0,0.0,0.0,0.332,optimal
2021-02-10 20:00:00,21,91,0.0,0.0,0.0,0.5595,optimal
2021-02-10 20:30:00,21,91,0.0,0.0,0.0,0.30019999999999997,optimal
2021-02-10 21:00:00,21,91,0.0,0.0,0.0,2.2748000000000004,optimal
2021-02-10 21:30:00,21,91,0.0,0.0,0.0,2.713333333333333,optimal
2021-02-10 22:00:00,21,91,0.7364761904761905,0.0,0.0,0.6433666666666666,optimal
2021-02-10 22:30:00,21,91,0.0,0.0,0.0,0.53,optimal
2021-02-10 23:00:00,21,91,0.0,0.0,0.0,0.12766666666666668,optimal
2021-02-10 23:30:00,21,91,0.0,0.0,0.0,0.069,optimal
2021-02-11 00:00:00,21,91,0.0,0.0,0.0,0.15173333333333333,optimal
2021-02-11 00:30:00,21,91,2.2857142857142856,0.0,0.0,0.063,optimal
2021-02-11 01:00:00,21,91,1.7320224057563387,0.0,0.0,0.21363333333333331,optimal
2021-02-11 01:30:00,21,91,2.2857142857142856,0.0,0.0,0.14316666666666666,optimal
2021-02-11 02:00:00,21,91,2.2857142857142856,0.0,0.0,0.063,optimal
2021-02-11 02:30:00,21,91,2.2857142857142856,0.0,0.0,0.2938,optimal
2021-02-11 03:00:00,21,91,2.2857142857142856,0.0,0.0,0.063,optimal
2021-02-11 03:30:00,21,91,2.2857142857142856,0.0,0.0,0.09583333333333331,optimal
2021-02-11 04:00:00,21,91,2.2857142857142856,0.0,0.0,0.20546666666666666,optimal
2021-02-11 04:30:00,21,91,2.2857142857142856,0.0,0.0,0.1185,optimal
2021-02-11 05:00:00,21,91,2.2857142857142856,0.0,0.0,0.1221,optimal
2021-02-11 05:30:00,21,91,2.2857142857142856,0.0,0.0,0.2347,optimal
2021-02-11 06:00:00,21,91,2.2857142857142856,0.0,0.0,0.063,optimal
2021-02-11 06:30:00,21,91,2.2857142857142856,0.0,3.450605095730767,0.2383,optimal
2021-02-11 07:00:00,21,91,2.2857142857142856,0.0,10.0,0.1245,optimal
2021-02-11 07:30:00,21,91,2.2857142857142856,0.0,0.0,0.06873333333333334,optimal
2021-02-11 08:00:00,21,91,1.2671737179875833,0.0,0.0,0.45206666666666667,optimal
2021-02-11 08:30:00,21,91,1.389192119546191,0.0,0.0,0.14323333333333332,optimal
2021-02-11 09:00:00,21,91,1.2477370649986372,0.0,0.0,0.08413333333333334,optimal
2021-02-11 09:30:00,21,91,1.090372743092089,0.0,0.0,0.3053666666666667,optimal
2021-02-11 10:00:00,21,91,0.8233726830155431,0.0,0.0,0.073,optimal
2021-02-11 10:30:00,21,91,0.8434462892499511,0.0,0.0,0.147,optimal
2021-02-11 11:00:00,21,91,0.6277299848191685,0.0,0.0,0.19696666666666668,optimal
2021-02-11 11:30:00,21,91,0.5676284532166394,0.0,0.0,0.15283333333333335,optimal
2021-02-11 12:00:00,21,91,0.3485677512222282,0.0,0.0,0.15933333333333335,optimal
2021-02-11 12:30:00,21,91,0.20096420161114387,0.0,0.0,0.3432,optimal
2021-02-11 13:00:00,21,91,2.2857142857142856,0.0,0.0,0.6211,optimal
2021-02-11 13:30:00,21,91,2.2857142857142856,0.0,0.0,1.6763666666666666,optimal
2021-02-11 14:00:00,21,91,2.2857142857142856,0.0,0.0,0.23786666666666667,optimal
2021-02-11 14:30:00,21,91,2.2857142857142856,0.0,0.0,0.297,optimal
2021-02-11 15:00:00,21,91,2.2857142857142856,0.0,0.0,0.10253333333333332,optimal
2021-02-11 15:30:00,21,91,2.2857142857142856,0.0,0.0,1.5331,optimal
2021-02-11 16:00:00,21,91,0.0,0.0,0.0,0.3758,optimal
2021-02-11 16:30:00,21,91,0.0,0.0,0.0,0.1509,optimal
2021-02-11 17:00:00,21,91,0.0,0.0,0.0,0.2608333333333333,optimal
2021-02-11 17:30:00,21,91,0.0,0.0,0.0,1.5809000000000002,optimal
2021-02-11 18:00:00,21,91,0.0,0.0,0.0,2.6004,optimal
2021-02-11 18:30:00,21,91,0.0,0.0,0.0,1.4115,optimal
2021-02-11 19:00:00,21,91,0.0,0.0,0.0,0.36169999999999997,optimal
2021-02-11 19:30:00,21,91,0.0,0.0,0.0,0.1296,optimal
2021-02-11 20:00:00,21,91,1.7653637375558249,0.0,0.0,0.2578333333333333,optimal
2021-02-11 20:30:00,21,91,0.0,0.0,0.0,0.11896666666666668,optimal
2021-02-11 21:00:00,21,91,0.0,0.0,0.0,0.15316666666666665,optimal
2021-02-11 21:30:00,21,91,0.0,0.0,0.0,0.19080000000000003,optimal
2021-02-11 22:00:00,21,91,0.0,0.0,0.0,0.11816666666666668,optimal
2021-02-11 22:30:00,21,91,0.0,0.0,0.0,0.147,optimal
2021-02-11 23:00:00,21,91,0.0,0.0,0.0,0.15180000000000002,optimal
2021-02-11 23:30:00,21,91,0.0,0.0,0.0,0.225,optimal
2021-02-12 00:00:00,21,91,1.2642899850244118,0.0,0.0,0.079,optimal
2021-02-12 00:30:00,21,91,2.2857142857142856,0.0,0.0,0.1046,optimal
2021-02-12 01:00:00,21,91,2.2857142857142856,0.0,0.0,0.09179999999999999,optimal
2021-02-12 01:30:00,21,91,2.2857142857142856,0.0,0.0,0.09113333333333334,optimal
2021-02-12 02:00:00,21,91,2.2857142857142856,0.0,0.0,0.111,optimal
2021-02-12 02:30:00,21,91,2.2857142857142856,0.0,0.0,0.0726,optimal
2021-02-12 03:00:00,21,91,2.2857142857142856,0.0,0.0,0.063,optimal
2021-02-12 03:30:00,21,91,2.2857142857142856,0.0,0.0,0.063,optimal
2021-02-12 04:00:00,21,91,2.2857142857142856,0.0,0.0,0.1014,optimal
2021-02-12 04:30:00,21,91,2.2857142857142856,0.0,0.0,0.7002,optimal
2021-02-12 05:00:00,21,91,2.2857142857142856,0.0,0.0,0.1174,optimal
2021-02-12 05:30:00,21,91,2.2857142857142856,0.0,0.0,0.07486666666666666,optimal
2021-02-12 06:00:00,21,91,2.2857142857142856,0.0,0.0,0.1216,optimal
2021-02-12 06:30:00,21,91,2.2857142857142856,0.0,7.05143658807817,0.063,optimal
2021-02-12 07:00:00,21,91,2.2857142857142856,0.0,10.0,0.07579999999999999,optimal
2021-02-12 07:30:00,21,91,2.2857142857142856,0.0,0.0,0.10779999999999999,optimal
2021-02-12 08:00:00,21,91,1.8754733114087847,0.0,0.0,0.07133333333333333,optimal
2021-02-12 08:30:00,21,91,1.5707359420583495,0.0,0.0,0.06433333333333333,optimal
2021-02-12 09:00:00,21,91,1.3782161114042393,0.0,0.0,0.09179999999999999,optimal
2021-02-12 09:30:00,21,91,1.2270890790209283,0.0,0.0,0.09179999999999999,optimal
2021-02-12 10:00:00,21,91,0.5875443188626454,0.0,0.0,0.9335666666666669,optimal
2021-02-12 10:30:00,21,91,0.6696571528016085,0.0,0.0,0.2052,optimal
2021-02-12 11:00:00,21,91,0.3448168511842786,0.0,0.0,0.2792,optimal
2021-02-12 11:30:00,21,91,0.3499630982837855,0.0,0.0,0.26,optimal
2021-02-12 12:00:00,21,91,0.279342065707859,0.0,0.0,0.2757333333333333,optimal
2021-02-12 12:30:00,21,91,0.23023116995023443,0.0,0.0,0.33080000000000004,optimal
2021-02-12 13:00:00,21,91,2.2857142857142856,0.0,0.0,0.42160000000000003,optimal
2021-02-12 13:30:00,21,91,2.2857142857142856,0.0,0.0,0.4761,optimal
2021-02-12 14:00:00,21,91,2.2857142857142856,0.0,0.0,0.3424,optimal
2021-02-12 14:30:00,21,91,2.2857142857142856,0.0,0.0,1.9790999999999999,optimal
2021-02-12 15:00:00,21,91,2.2857142857142856,0.0,0.0,0.5907,optimal
2021-02-12 15:30:00,21,91,2.2857142857142856,0.0,0.0,0.41053333333333336,optimal
2021-02-12 16:00:00,21,91,0.0,0.0,0.0,0.39080000000000004,optimal
2021-02-12 16:30:00,21,91,0.0,0.0,0.0,0.4166333333333333,optimal
2021-02-12 17:00:00,21,91,0.0,0.0,0.0,0.3705333333333334,optimal
2021-02-12 17:30:00,21,91,0.0,0.0,0.0,0.5907666666666667,optimal
2021-02-12 18:00:00,21,91,0.0,0.0,0.0,0.18253333333333333,optimal
2021-02-12 18:30:00,21,91,0.0,0.0,0.0,0.1901,optimal
2021-02-12 19:00:00,21,91,0.0,0.0,0.0,0.3093,optimal
2021-02-12 19:30:00,21,91,0.0,0.0,0.0,0.2362,optimal
2021-02-12 20:00:00,21,91,0.8512078902215741,0.0,0.0,0.18706666666666663,optimal
2021-02-12 20:30:00,21,91,0.0,0.0,0.0,0.35833333333333334,optimal
2021-02-12 21:00:00,21,91,0.0,0.0,0.0,0.4046666666666667,optimal
2021-02-12 21:30:00,21,91,0.0,0.0,0.0,0.8093666666666667,optimal
2021-02-12 22:00:00,21,91,0.13017714285714285,0.0,0.0,0.5744,optimal
2021-02-12 22:30:00,21,91,0.60192,0.0,0.0,1.0285,optimal
2021-02-12 23:00:00,21,91,0.004379047619047623,0.0,0.0,0.3482,optimal
2021-02-12 23:30:00,21,91,0.0,0.0,0.0,0.13566666666666666,optimal
2021-02-13 00:00:00,21,91,0.0,0.0,0.0,0.062,optimal
2021-02-13 00:30:00,21,91,2.2857142857142856,0.0,0.0,0.062,optimal
2021-02-13 01:00:00,21,91,1.5957142857142859,0.0,0.0,0.15430000000000002,optimal
2021-02-13 01:30:00,21,91,0.0,0.0,0.0,0.1259,optimal
2021-02-13 02:00:00,21,91,0.5576977382270025,0.0,0.0,0.16293333333333335,optimal
2021-02-13 02:30:00,21,91,2.2857142857142856,0.0,0.0,0.19406666666666664,optimal
2021-02-13 03:00:00,21,91,2.2857142857142856,0.0,0.0,0.062,optimal
2021-02-13 03:30:00,21,91,2.2857142857142856,0.0,0.0,0.1388,optimal
2021-02-13 04:00:00,21,91,2.2857142857142856,0.0,0.0,0.21819999999999998,optimal
2021-02-13 04:30:00,21,91,2.2857142857142856,0.0,0.0,0.08333333333333333,optimal
2021-02-13 05:00:00,21,91,2.2857142857142856,0.0,0.0,0.22396666666666668,optimal
2021-02-13 05:30:00,21,91,2.2857142857142856,0.0,0.0,0.11170000000000001,optimal
2021-02-13 06:00:00,21,91,2.2857142857142856,0.0,0.0,0.06133333333333334,optimal
2021-02-13 06:30:00,21,91,2.2857142857142856,0.0,9.552923131711013,0.42660000000000003,optimal
2021-02-13 07:00:00,21,91,2.2857142857142856,0.0,10.0,0.7875,optimal
2021-02-13 07:30:00,21,91,2.2857142857142856,0.0,0.0,0.44789999999999996,optimal
2021-02-13 08:00:00,21,91,1.1700923330511088,0.0,0.0,0.3882,optimal
2021-02-13 08:30:00,21,91,1.110488103960151,0.0,0.0,1.7867666666666668,optimal
2021-02-13 09:00:00,21,91,0.9925303999407066,0.0,0.0,0.5341333333333333,optimal
2021-02-13 09:30:00,21,91,1.0482254449620803,0.0,0.0,0.4427,optimal
2021-02-13 10:00:00,21,91,0.7679276561546797,0.0,0.0,0.3988,optimal
2021-02-13 10:30:00,21,91,0.7661539032541926,0.0,0.0,0.37089999999999995,optimal
2021-02-13 11:00:00,21,91,0.4480636766872218,0.0,0.0,0.41133333333333333,optimal
2021-02-13 11:30:00,21,91,0.5704480190248252,0.0,0.0,0.17796666666666666,optimal
2021-02-13 12:00:00,21,91,0.38553806609443203,0.0,0.0,0.2706,optimal
2021-02-13 12:30:00,21,91,0.40021151267442484,0.0,0.0,0.1092,optimal
2021-02-13 13:00:00,21,91,2.133754456651733,0.0,0.0,0.2061,optimal
2021-02-13 13:30:00,21,91,2.2857142857142856,0.0,0.0,0.33636666666666665,optimal
2021-02-13 14:00:00,21,91,2.2857142857142856,0.0,0.0,0.30726666666666663,optimal
2021-02-13 14:30:00,21,91,2.2857142857142856,0.0,0.0,0.2334,optimal
2021-02-13 15:00:00,21,91,2.2857142857142856,0.0,0.0,0.5328999999999999,optimal
2021-02-13 15:30:00,21,91,2.2857142857142856,0.0,0.0,0.21246666666666666,optimal
2021-02-13 16:00:00,21,91,0.0,0.0,0.0,1.4045333333333334,optimal
2021-02-13 16:30:00,21,91,0.0,0.0,0.0,0.5184333333333333,optimal
2021-02-13 17:00:00,21,91,0.0,0.0,0.0,1.2404000000000002,optimal
2021-02-13 17:30:00,21,91,0.0,0.0,0.0,0.47533333333333333,optimal
2021-02-13 18:00:00,21,91,0.0,0.0,0.0,0.6007666666666667,optimal
2021-02-13 18:30:00,21,91,0.0,0.0,0.0,0.2848333333333333,optimal
2021-02-13 19:00:00,21,91,0.0,0.0,0.0,0.41693333333333327,optimal
2021-02-13 19:30:00,21,91,0.0,0.0,0.0,0.5287000000000001,optimal
2021-02-13 20:00:00,21,91,0.0,0.0,0.0,0.5765333333333333,optimal
2021-02-13 20:30:00,21,91,0.0,0.0,0.0,0.9587666666666668,optimal
2021-02-13 21:00:00,21,91,0.0,0.0,0.0,0.8399333333333333,optimal
2021-02-13 21:30:00,21,91,0.0,0.0,0.0,0.7560333333333333,optimal
2021-02-13 22:00:00,21,91,0.11942857142857143,0.0,0.0,0.1998,optimal
2021-02-13 22:30:00,21,91,0.0,0.0,0.0,0.7022999999999999,optimal
2021-02-13 23:00:00,21,91,0.0,0.0,0.0,0.4224666666666666,optimal
2021-02-13 23:30:00,21,91,0.0,0.0,0.0,0.23706666666666665,optimal
2021-02-07 00:00:00,22,91,0.09952380952380951,0.0,0.0,0.1097,optimal
2021-02-07 00:30:00,22,91,0.0,0.0,0.0,0.25730000000000003,optimal
2021-02-07 01:00:00,22,91,0.0,0.0,0.0,0.22056666666666663,optimal
2021-02-07 01:30:00,22,91,0.0,0.0,0.0,0.20083333333333328,optimal
2021-02-07 02:00:00,22,91,0.0,0.0,0.0,0.1633,optimal
2021-02-07 02:30:00,22,91,0.0,0.0,0.0,0.3794333333333333,optimal
2021-02-07 03:00:00,22,91,0.0,0.0,0.0,0.26573333333333327,optimal
2021-02-07 03:30:00,22,91,0.0,0.0,0.0,0.059,optimal
2021-02-07 04:00:00,22,91,2.2857142857142856,0.0,0.0,0.06366666666666666,optimal
2021-02-07 04:30:00,22,91,2.2857142857142856,0.0,0.0,0.2830666666666667,optimal
2021-02-07 05:00:00,22,91,2.2857142857142856,0.0,0.0,0.059,optimal
2021-02-07 05:30:00,22,91,2.2857142857142856,0.0,0.0,0.19963333333333333,optimal
2021-02-07 06:00:00,22,91,2.2857142857142856,0.0,0.0,0.18009999999999998,optimal
2021-02-07 06:30:00,22,91,2.2857142857142856,0.0,1.4055777348378222,0.3411,optimal
2021-02-07 07:00:00,22,91,2.2857142857142856,0.0,0.0,0.4079,optimal
2021-02-07 07:30:00,22,91,0.0,0.0,0.0,0.10993333333333334,optimal
2021-02-07 08:00:00,22,91,0.0,0.0,0.0,0.15186666666666668,optimal
2021-02-07 08:30:00,22,91,0.0,0.0,0.0,0.24186666666666667,optimal
2021-02-07 09:00:00,22,91,0.0,0.0,0.0,0.059,optimal
2021-02-07 09:30:00,22,91,0.26306737123478424,0.0,0.0,0.10966666666666669,optimal
2021-02-07 10:00:00,22,91,1.0099102515313731,0.0,0.0,0.2287333333333333,optimal
2021-02-07 10:30:00,22,91,1.065274900189492,0.0,0.0,0.059,optimal
2021-02-07 11:00:00,22,91,0.9052306849601257,0.0,0.0,0.14533333333333334,optimal
2021-02-07 11:30:00,22,91,0.9298973516267979,0.0,0.0,0.06366666666666666,optimal
2021-02-07 12:00:00,22,91,0.7943530799579663,0.0,0.0,0.19473333333333329,optimal
2021-02-07 12:30:00,22,91,0.8076102228151174,0.0,0.0,0.14533333333333334,optimal
2021-02-07 13:00:00,22,91,2.2857142857142856,0.0,0.0,0.059,optimal
2021-02-07 13:30:00,22,91,2.2857142857142856,0.0,0.0,0.2189333333333333,optimal
2021-02-07 14:00:00,22,91,2.2857142857142856,0.0,0.0,0.0952,optimal
2021-02-07 14:30:00,22,91,2.2857142857142856,0.0,0.0,0.18619999999999998,optimal
2021-02-07 15:00:00,22,91,2.2857142857142856,0.0,0.0,0.16086666666666669,optimal
2021-02-07 15:30:00,22,91,2.2857142857142856,0.0,0.0,0.0945,optimal
2021-02-07 16:00:00,22,91,0.0,0.0,0.0,0.2489,optimal
2021-02-07 16:30:00,22,91,0.0,0.0,0.0,0.059,optimal
2021-02-07 17:00:00,22,91,0.0,0.0,0.0,0.19493333333333332,optimal
2021-02-07 17:30:00,22,91,0.0,0.0,0.0,0.15480000000000002,optimal
2021-02-07 18:00:00,22,91,0.0,0.0,0.0,0.07876666666666667,optimal
2021-02-07 18:30:00,22,91,0.0,0.0,0.0,0.24763333333333332,optimal
2021-02-07 19:00:00,22,91,0.0,0.0,0.0,0.2051,optimal
2021-02-07 19:30:00,22,91,1.0466858825511478,0.0,0.0,0.20406666666666665,optimal
2021-02-07 20:00:00,22,91,1.2228449901496008,0.0,0.0,0.133,optimal
2021-02-07 20:30:00,22,91,0.0,0.0,0.0,0.16156666666666666,optimal
2021-02-07 21:00:00,22,91,0.0,0.0,0.0,0.1755,optimal
2021-02-07 21:30:00,22,91,0.0,0.0,0.0,0.05966666666666666,optimal
2021-02-07 22:00:00,22,91,0.0,0.0,0.0,0.2017333333333333,optimal
2021-02-07 22:30:00,22,91,0.0,0.0,0.0,0.15533333333333335,optimal
2021-02-07 23:00:00,22,91,0.0,0.0,0.0,0.07503333333333333,optimal
2021-02-07 23:30:00,22,91,0.0,0.0,0.0,0.2327,optimal
2021-02-08 00:00:00,22,91,0.0,0.0,0.0,0.06733333333333333,optimal
2021-02-08 00:30:00,22,91,0.0,0.0,0.0,0.2047333333333333,optimal
2021-02-08 01:00:00,22,91,0.0,0.0,0.0,0.061,optimal
2021-02-08 01:30:00,22,91,0.0,0.0,0.0,0.061,optimal
2021-02-08 02:00:00,22,91,0.4307112189107114,0.0,0.0,0.1352,optimal
2021-02-08 02:30:00,22,91,2.2857142857142856,0.0,0.0,0.2057333333333333,optimal
2021-02-08 03:00:00,22,91,2.2857142857142856,0.0,0.0,0.061,optimal
2021-02-08 03:30:00,22,91,2.2857142857142856,0.0,0.0,0.2799333333333333,optimal
2021-02-08 04:00:00,22,91,2.2857142857142856,0.0,0.0,0.061,optimal
2021-02-08 04:30:00,22,91,2.2857142857142856,0.0,0.0,0.08646666666666666,optimal
2021-02-08 05:00:00,22,91,2.2857142857142856,0.0,0.0,0.2544666666666667,optimal
2021-02-08 05:30:00,22,91,2.2857142857142856,0.0,0.0,0.061,optimal
2021-02-08 06:00:00,22,91,2.2857142857142856,0.0,2.357573993570704,0.21796666666666667,optimal
2021-02-08 06:30:00,22,91,2.2857142857142856,0.0,10.0,0.12296666666666668,optimal
2021-02-08 07:00:00,22,91,2.2857142857142856,0.0,10.0,0.1374,optimal
2021-02-08 07:30:00,22,91,2.2857142857142856,0.0,0.0,0.124,optimal
2021-02-08 08:00:00,22,91,1.1763376720113607,0.0,0.0,0.8018666666666667,optimal
2021-02-08 08:30:00,22,91,1.1026023206694804,0.0,0.0,0.6661666666666666,optimal
2021-02-08 09:00:00,22,91,1.0450186900728293,0.0,0.0,0.1775,optimal
2021-02-08 09:30:00,22,91,1.0635717170856547,0.0,0.0,0.23283333333333328,optimal
2021-02-08 10:00:00,22,91,0.8989718914473708,0.0,0.0,0.19833333333333328,optimal
2021-02-08 10:30:00,22,91,0.9231236263393141,0.0,0.0,0.14986666666666668,optimal
2021-02-08 11:00:00,22,91,0.6965695618173752,0.0,0.0,0.071,optimal
2021-02-08 11:30:00,22,91,0.6533191988735354,0.0,0.0,0.19833333333333328,optimal
2021-02-08 12:00:00,22,91,0.5757737863428968,0.0,0.0,0.1626,optimal
2021-02-08 12:30:00,22,91,0.5882063937885726,0.0,0.0,0.071,optimal
2021-02-08 13:00:00,22,91,2.2857142857142856,0.0,0.0,0.2314,optimal
2021-02-08 13:30:00,22,91,2.2857142857142856,0.0,0.0,0.12953333333333333,optimal
2021-02-08 14:00:00,22,91,2.2857142857142856,0.0,0.0,0.071,optimal
2021-02-08 14:30:00,22,91,2.2857142857142856,0.0,0.0,0.2899333333333333,optimal
2021-02-08 15:00:00,22,91,2.2857142857142856,0.0,0.0,0.071,optimal
2021-02-08 15:30:00,22,91,2.2857142857142856,0.0,0.0,0.21646666666666667,optimal
2021-02-08 16:00:00,22,91,0.0,0.0,0.0,0.14446666666666666,optimal
2021-02-08 16:30:00,22,91,0.0,0.0,0.0,0.071,optimal
2021-02-08 17:00:00,22,91,0.0,0.0,0.0,0.24536666666666668,optimal
2021-02-08 17:30:00,22,91,0.0,0.0,0.0,0.11556666666666666,optimal
2021-02-08 18:00:00,22,91,0.0,0.0,0.0,0.0879,optimal
2021-02-08 18:30:00,22,91,0.0,0.0,0.0,0.30519999999999997,optimal
2021-02-08 19:00:00,22,91,0.0,0.0,0.0,0.4079,optimal
2021-02-08 19:30:00,22,91,0.0,0.0,0.0,1.4191666666666667,optimal
2021-02-08 20:00:00,22,91,0.9618627205234754,0.0,0.0,0.3983,optimal
2021-02-08 20:30:00,22,91,0.0,0.0,0.0,0.5600333333333333,optimal
2021-02-08 21:00:00,22,91,0.0,0.0,0.0,0.49623333333333336,optimal
2021-02-08 21:30:00,22,91,0.0,0.0,0.0,0.2708333333333333,optimal
2021-02-08 22:00:00,22,91,0.0,0.0,0.0,0.0901,optimal
2021-02-08 22:30:00,22,91,0.0,0.0,0.0,0.071,optimal
2021-02-08 23:00:00,22,91,0.0,0.0,0.0,0.2644666666666666,optimal
2021-02-08 23:30:00,22,91,0.0,0.0,0.0,0.26193333333333335,optimal
2021-02-09 00:00:00,22,91,0.0,0.0,0.0,0.173,optimal
2021-02-09 00:30:00,22,91,0.0,0.0,0.0,0.13866666666666666,optimal
2021-02-09 01:00:00,22,91,0.0,0.0,0.0,0.11193333333333334,optimal
2021-02-09 01:30:00,22,91,0.0,0.0,0.0,0.3356,optimal
2021-02-09 02:00:00,22,91,0.8816097840304384,0.0,0.0,0.09566666666666669,optimal
2021-02-09 02:30:00,22,91,2.2857142857142856,0.0,0.0,0.24866666666666662,optimal
2021-02-09 03:00:00,22,91,2.2857142857142856,0.0,0.0,0.153,optimal
2021-02-09 03:30:00,22,91,2.2857142857142856,0.0,0.2778261591900171,0.20076666666666668,optimal
2021-02-09 04:00:00,22,91,2.2857142857142856,0.0,10.0,1.3753666666666666,optimal
2021-02-09 04:30:00,22,91,2.2857142857142856,0.0,0.0,0.0697,optimal
2021-02-09 05:00:00,22,91,2.2857142857142856,0.0,0.0,0.1461,optimal
2021-02-09 05:30:00,22,91,2.2857142857142856,0.0,0.0,0.3071666666666667,optimal
2021-02-09 06:00:00,22,91,2.2857142857142856,0.0,0.0,0.1351,optimal
2021-02-09 06:30:00,22,91,2.2857142857142856,0.0,0.0,0.2035,optimal
2021-02-09 07:00:00,22,91,2.2857142857142856,0.0,0.0,0.21146666666666666,optimal
2021-02-09 07:30:00,22,91,2.2857142857142856,0.0,0.0,0.2068,optimal
2021-02-09 08:00:00,22,91,1.3201718908867872,0.0,0.0,0.22466666666666663,optimal
2021-02-09 08:30:00,22,91,1.3467249178996026,0.0,0.0,0.09566666666666669,optimal
2021-02-09 09:00:00,22,91,1.193022782106525,0.0,0.0,0.08993333333333334,optimal
2021-02-09 09:30:00,22,91,1.1045383599416985,0.0,0.0,0.3275,optimal
2021-02-09 10:00:00,22,91,0.8933333340367295,0.0,0.0,0.1257666666666667,optimal
2021-02-09 10:30:00,22,91,0.8786169504866802,0.0,0.0,0.11716666666666668,optimal
2021-02-09 11:00:00,22,91,0.5755815662308468,0.0,0.0,0.30743333333333334,optimal
2021-02-09 11:30:00,22,91,0.6326516228541652,0.0,0.0,0.09566666666666669,optimal
2021-02-09 12:00:00,22,91,0.41349348506578104,0.0,0.0,0.2845,optimal
2021-02-09 12:30:00,22,91,0.4499948570138714,0.0,0.0,0.16876666666666668,optimal
2021-02-09 13:00:00,22,91,2.2857142857142856,0.0,0.0,0.2085,optimal
2021-02-09 13:30:00,22,91,2.2857142857142856,0.0,0.0,0.2447666666666667,optimal
2021-02-09 14:00:00,22,91,2.2857142857142856,0.0,0.0,0.067,optimal
2021-02-09 14:30:00,22,91,2.2857142857142856,0.0,0.0,0.3587666666666667,optimal
2021-02-09 15:00:00,22,91,2.2857142857142856,0.0,0.0,0.0945,optimal
2021-02-09 15:30:00,22,91,2.2857142857142856,0.0,0.0,0.2189333333333333,optimal
2021-02-09 16:00:00,22,91,0.0,0.0,0.0,0.22333333333333327,optimal
2021-02-09 16:30:00,22,91,0.0,0.0,0.0,0.078,optimal
2021-02-09 17:00:00,22,91,0.0,0.0,0.0,0.2821,optimal
2021-02-09 17:30:00,22,91,0.0,0.0,0.0,0.17116666666666666,optimal
2021-02-09 18:00:00,22,91,0.0,0.0,0.0,0.4705,optimal
2021-02-09 18:30:00,22,91,0.0,0.0,0.0,0.36019999999999996,optimal
2021-02-09 19:00:00,22,91,0.0,0.0,0.0,0.27113333333333334,optimal
2021-02-09 19:30:00,22,91,0.0,0.0,0.0,0.4613333333333333,optimal
2021-02-09 20:00:00,22,91,0.18662328040099005,0.0,0.0,0.35336666666666666,optimal
2021-02-09 20:30:00,22,91,0.0,0.0,0.0,0.42456666666666665,optimal
2021-02-09 21:00:00,22,91,0.0,0.0,0.0,1.3358333333333332,optimal
2021-02-09 21:30:00,22,91,0.0,0.0,0.0,0.2223333333333333,optimal
2021-02-09 22:00:00,22,91,0.0,0.0,0.0,0.3181333333333333,optimal
2021-02-09 22:30:00,22,91,0.0,0.0,0.0,0.5246333333333333,optimal
2021-02-09 23:00:00,22,91,0.0,0.0,0.0,0.7732,optimal
2021-02-09 23:30:00,22,91,0.0,0.0,0.0,0.40236666666666665,optimal
2021-02-10 00:00:00,22,91,0.0,0.0,0.0,0.064,optimal
2021-02-10 00:30:00,22,91,0.4379047619047619,0.0,0.0,0.11259999999999999,optimal
2021-02-10 01:00:00,22,91,0.0,0.0,0.0,0.21766666666666662,optimal
2021-02-10 01:30:00,22,91,0.0,0.0,0.0,0.064,optimal
2021-02-10 02:00:00,22,91,0.8417997771254896,0.0,0.0,0.15826666666666667,optimal
2021-02-10 02:30:00,22,91,2.2857142857142856,0.0,0.0,0.064,optimal
2021-02-10 03:00:00,22,91,2.2857142857142856,0.0,0.0,0.172,optimal
2021-02-10 03:30:00,22,91,2.2857142857142856,0.0,0.0,0.064,optimal
2021-02-10 04:00:00,22,91,2.2857142857142856,0.0,0.0,0.16906666666666667,optimal
2021-02-10 04:30:00,22,91,2.2857142857142856,0.0,0.0,0.16119999999999998,optimal
2021-02-10 05:00:00,22,91,2.2857142857142856,0.0,0.0,0.11786666666666666,optimal
2021-02-10 05:30:00,22,91,2.2857142857142856,0.0,0.0,0.2137333333333333,optimal
2021-02-10 06:00:00,22,91,2.2857142857142856,0.0,0.0,0.074,optimal
2021-02-10 06:30:00,22,91,2.2857142857142856,0.0,4.058199670563753,0.182,optimal
2021-02-10 07:00:00,22,91,2.2857142857142856,0.0,10.0,0.1576,optimal
2021-02-10 07:30:00,22,91,2.2857142857142856,0.0,0.0,0.266,optimal
2021-02-10 08:00:00,22,91,1.2451841866008115,0.0,0.0,0.26426666666666665,optimal
2021-02-10 08:30:00,22,91,1.3221406035703138,0.0,0.0,0.064,optimal
2021-02-10 09:00:00,22,91,1.1664212070804363,0.0,0.0,0.18873333333333328,optimal
2021-02-10 09:30:00,22,91,1.1604538145261283,0.0,0.0,0.16153333333333333,optimal
2021-02-10 10:00:00,22,91,0.8786867045918743,0.0,0.0,0.173,optimal
2021-02-10 10:30:00,22,91,0.8166873506523112,0.0,0.0,0.15693333333333334,optimal
2021-02-10 11:00:00,22,91,0.5821928527291917,0.0,0.0,0.20906666666666662,optimal
2021-02-10 11:30:00,22,91,0.4973424897853534,0.0,0.0,0.482,optimal
2021-02-10 12:00:00,22,91,0.30902016055065173,0.0,0.0,0.8042999999999999,optimal
2021-02-10 12:30:00,22,91,0.34090587483637497,0.0,0.0,0.9756333333333332,optimal
2021-02-10 13:00:00,22,91,2.2857142857142856,0.0,0.0,0.2453333333333333,optimal
2021-02-10 13:30:00,22,91,2.2857142857142856,0.0,0.0,0.2642,optimal
2021-02-10 14:00:00,22,91,2.2857142857142856,0.0,0.0,0.27273333333333327,optimal
2021-02-10 14:30:00,22,91,2.2857142857142856,0.0,0.0,0.13336666666666666,optimal
2021-02-10 15:00:00,22,91,2.2857142857142856,0.0,0.0,0.172,optimal
2021-02-10 15:30:00,22,91,2.2857142857142856,0.0,0.0,0.15826666666666667,optimal
2021-02-10 16:00:00,22,91,0.0,0.0,0.0,0.1666,optimal
2021-02-10 16:30:00,22,91,0.0,0.0,0.0,0.0694,optimal
2021-02-10 17:00:00,22,91,0.0,0.0,0.0,0.1596,optimal
2021-02-10 17:30:00,22,91,0.0,0.0,0.0,0.436,optimal
2021-02-10 18:00:00,22,91,0.0,0.0,0.0,0.3566666666666667,optimal
2021-02-10 18:30:00,22,91,0.0,0.0,0.0,0.4371666666666667,optimal
2021-02-10 19:00:00,22,91,0.0,0.0,0.0,1.5805,optimal
2021-02-10 19:30:00,22,91,0.0,0.0,0.0,0.6606000000000001,optimal
2021-02-10 20:00:00,22,91,0.4391917085075569,0.0,0.0,0.5933333333333334,optimal
2021-02-10 20:30:00,22,91,0.0,0.0,0.0,0.5210666666666667,optimal
2021-02-10 21:00:00,22,91,0.0,0.0,0.0,0.43856666666666666,optimal
2021-02-10 21:30:00,22,91,0.0,0.0,0.0,0.17633333333333334,optimal
2021-02-10 22:00:00,22,91,0.0,0.0,0.0,0.26546666666666663,optimal
2021-02-10 22:30:00,22,91,0.0,0.0,0.0,0.0848,optimal
2021-02-10 23:00:00,22,91,0.0,0.0,0.0,0.18059999999999998,optimal
2021-02-10 23:30:00,22,91,0.0,0.0,0.0,0.45130000000000003,optimal
2021-02-11 00:00:00,22,91,0.0,0.0,0.0,0.061,optimal
2021-02-11 00:30:00,22,91,2.2857142857142856,0.0,0.0,0.061,optimal
2021-02-11 01:00:00,22,91,2.2857142857142856,0.0,0.0,0.119,optimal
2021-02-11 01:30:00,22,91,2.2857142857142856,0.0,0.0,0.1306,optimal
2021-02-11 02:00:00,22,91,2.2857142857142856,0.0,0.0,0.061,optimal
2021-02-11 02:30:00,22,91,2.2857142857142856,0.0,0.0,0.1886,optimal
2021-02-11 03:00:00,22,91,2.2857142857142856,0.0,0.0,0.069,optimal
2021-02-11 03:30:00,22,91,2.2857142857142856,0.0,0.0,0.16906666666666667,optimal
2021-02-11 04:00:00,22,91,2.2857142857142856,0.0,0.0,0.0842,optimal
2021-02-11 04:30:00,22,91,2.2857142857142856,0.0,0.0,0.11320000000000001,optimal
2021-02-11 05:00:00,22,91,2.2857142857142856,0.0,0.0,0.1364,optimal
2021-02-11 05:30:00,22,91,2.2857142857142856,0.0,0.0,0.061,optimal
2021-02-11 06:00:00,22,91,2.2857142857142856,0.0,0.0,0.061,optimal
2021-02-11 06:30:00,22,91,2.2857142857142856,0.0,4.824924641314621,0.1886,optimal
2021-02-11 07:00:00,22,91,2.2857142857142856,0.0,10.0,0.060333333333333336,optimal
2021-02-11 07:30:00,22,91,2.2857142857142856,0.0,0.0,0.0938,optimal
2021-02-11 08:00:00,22,91,2.285714285714285,0.0,0.0,0.16013333333333332,optimal
2021-02-11 08:30:00,22,91,1.5471330929689648,0.0,0.0,0.069,optimal
2021-02-11 09:00:00,22,91,1.2079561126176868,0.0,0.0,0.17646666666666666,optimal
2021-02-11 09:30:00,22,91,1.144582266901622,0.0,0.0,0.112,optimal
2021-02-11 10:00:00,22,91,0.6756203020631607,0.0,0.0,0.3115333333333334,optimal
2021-02-11 10:30:00,22,91,0.7740177178213771,0.0,0.0,0.1974,optimal
2021-02-11 11:00:00,22,91,0.5382633181525062,0.0,0.0,0.233,optimal
2021-02-11 11:30:00,22,91,0.3842894055975844,0.0,0.0,0.45913333333333334,optimal
2021-02-11 12:00:00,22,91,0.1521867988412824,0.0,0.0,0.2904,optimal
2021-02-11 12:30:00,22,91,0.10867848732542609,0.0,0.0,0.3447333333333333,optimal
2021-02-11 13:00:00,22,91,2.2857142857142856,0.0,0.0,0.8777,optimal
2021-02-11 13:30:00,22,91,2.2857142857142856,0.0,0.0,1.6466333333333334,optimal
2021-02-11 14:00:00,22,91,2.2857142857142856,0.0,0.0,0.3472333333333333,optimal
2021-02-11 14:30:00,22,91,2.2857142857142856,0.0,0.0,0.32713333333333333,optimal
2021-02-11 15:00:00,22,91,2.2857142857142856,0.0,0.0,0.24580000000000002,optimal
2021-02-11 15:30:00,22,91,2.2857142857142856,0.0,0.0,0.3390666666666667,optimal
2021-02-11 16:00:00,22,91,0.0,0.0,0.0,0.2016,optimal
2021-02-11 16:30:00,22,91,0.0,0.0,0.0,0.1987,optimal
2021-02-11 17:00:00,22,91,0.0,0.0,0.0,0.4066,optimal
2021-02-11 17:30:00,22,91,0.0,0.0,0.0,0.3176666666666667,optimal
2021-02-11 18:00:00,22,91,0.0,0.0,0.0,0.418,optimal
2021-02-11 18:30:00,22,91,0.0,0.0,0.0,0.5618666666666666,optimal
2021-02-11 19:00:00,22,91,0.0,0.0,0.0,0.6596000000000001,optimal
2021-02-11 19:30:00,22,91,0.0,0.0,0.0,0.38206666666666667,optimal
2021-02-11 20:00:00,22,91,0.7084252489697064,0.0,0.0,0.41523333333333334,optimal
2021-02-11 20:30:00,22,91,0.0,0.0,0.0,0.4969333333333333,optimal
2021-02-11 21:00:00,22,91,0.0,0.0,0.0,0.5090666666666667,optimal
2021-02-11 21:30:00,22,91,0.0,0.0,0.0,0.664,optimal
2021-02-11 22:00:00,22,91,0.7364761904761905,0.0,0.0,0.4036,optimal
2021-02-11 22:30:00,22,91,0.0,0.0,0.0,0.257,optimal
2021-02-11 23:00:00,22,91,0.0,0.0,0.0,0.1986,optimal
2021-02-11 23:30:00,22,91,0.0,0.0,0.0,0.066,optimal
2021-02-12 00:00:00,22,91,0.33511251427430766,0.0,0.0,0.061,optimal
2021-02-12 00:30:00,22,91,2.2857142857142856,0.0,0.0,0.06393333333333333,optimal
2021-02-12 01:00:00,22,91,2.2857142857142856,0.0,0.0,0.12819999999999998,optimal
2021-02-12 01:30:00,22,91,2.2857142857142856,0.0,0.0,0.117,optimal
2021-02-12 02:00:00,22,91,2.2857142857142856,0.0,0.0,0.08363333333333334,optimal
2021-02-12 02:30:00,22,91,2.2857142857142856,0.0,0.0,0.1618,optimal
2021-02-12 03:00:00,22,91,2.2857142857142856,0.0,0.0,0.1264,optimal
2021-02-12 03:30:00,22,91,2.2857142857142856,0.0,0.0,0.1114,optimal
2021-02-12 04:00:00,22,91,2.2857142857142856,0.0,0.0,0.1992,optimal
2021-02-12 04:30:00,22,91,2.2857142857142856,0.0,0.0,0.068,optimal
2021-02-12 05:00:00,22,91,2.2857142857142856,0.0,0.0,0.2596,optimal
2021-02-12 05:30:00,22,91,2.2857142857142856,0.0,0.0,0.063,optimal
2021-02-12 06:00:00,22,91,2.2857142857142856,0.0,6.466244786036659,0.0828,optimal
2021-02-12 06:30:00,22,91,2.2857142857142856,0.0,10.0,0.1577333333333333,optimal
2021-02-12 07:00:00,22,91,2.2857142857142856,0.0,10.0,0.25066666666666665,optimal
2021-02-12 07:30:00,22,91,2.2857142857142856,0.0,0.0,2.3333666666666666,optimal
2021-02-12 08:00:00,22,91,1.8771018828373485,0.0,0.0,0.7587,optimal
2021-02-12 08:30:00,22,91,1.338299751582154,0.0,0.0,3.0618000000000003,optimal
2021-02-12 09:00:00,22,91,1.375692301880433,0.0,0.0,0.12343333333333334,optimal
2021-02-12 09:30:00,22,91,1.2348033647352117,0.0,0.0,0.24280000000000002,optimal
2021-02-12 10:00:00,22,91,0.8482681283864509,0.0,0.0,0.071,optimal
2021-02-12 10:30:00,22,91,0.7765047718492081,0.0,0.0,0.226,optimal
2021-02-12 11:00:00,22,91,0.539693041660465,0.0,0.0,0.11913333333333334,optimal
2021-02-12 11:30:00,22,91,0.5258773839980716,0.0,0.0,0.15546666666666667,optimal
2021-02-12 12:00:00,22,91,0.4317230180888253,0.0,0.0,0.1606,optimal
2021-02-12 12:30:00,22,91,0.45388831280738196,0.0,0.0,0.071,optimal
2021-02-12 13:00:00,22,91,2.2857142857142856,0.0,0.0,0.19783333333333328,optimal
2021-02-12 13:30:00,22,91,2.2857142857142856,0.0,0.0,0.13276666666666667,optimal
2021-02-12 14:00:00,22,91,2.2857142857142856,0.0,0.0,0.1718,optimal
2021-02-12 14:30:00,22,91,2.2857142857142856,0.0,0.0,0.15880000000000002,optimal
2021-02-12 15:00:00,22,91,2.2857142857142856,0.0,0.0,0.071,optimal
2021-02-12 15:30:00,22,91,2.2857142857142856,0.0,0.0,0.20813333333333334,optimal
2021-02-12 16:00:00,22,91,0.0,0.0,0.0,0.12246666666666668,optimal
2021-02-12 16:30:00,22,91,0.0,0.0,0.0,0.1255,optimal
2021-02-12 17:00:00,22,91,0.0,0.0,0.0,0.1659,optimal
2021-02-12 17:30:00,22,91,0.0,0.0,0.0,0.16833333333333333,optimal
2021-02-12 18:00:00,22,91,0.0,0.0,0.0,0.07826666666666666,optimal
2021-02-12 18:30:00,22,91,0.0,0.0,0.0,0.183,optimal
2021-02-12 19:00:00,22,91,0.0,0.0,0.0,0.14759999999999998,optimal
2021-02-12 19:30:00,22,91,0.07690557103427681,0.0,0.0,0.12140000000000001,optimal
2021-02-12 20:00:00,22,91,1.354629165390062,0.0,0.0,0.2092,optimal
2021-02-12 20:30:00,22,91,0.0,0.0,0.0,0.071,optimal
2021-02-12 21:00:00,22,91,0.0,0.0,0.0,0.08220000000000001,optimal
2021-02-12 21:30:00,22,91,0.0,0.0,0.0,0.2213333333333333,optimal
2021-02-12 22:00:00,22,91,0.0,0.0,0.0,2.0489333333333333,optimal
2021-02-12 22:30:00,22,91,0.0,0.0,0.0,2.0031333333333325,optimal
2021-02-12 23:00:00,22,91,0.0,0.0,0.0,0.39763333333333334,optimal
2021-02-12 23:30:00,22,91,0.1592380952380952,0.0,0.0,2.443966666666667,optimal
2021-02-13 00:00:00,22,91,0.0,0.0,0.0,0.0964,optimal
2021-02-13 00:30:00,22,91,1.6321904761904764,0.0,0.0,0.11746666666666668,optimal
2021-02-13 01:00:00,22,91,0.0,0.0,0.0,0.1285,optimal
2021-02-13 01:30:00,22,91,0.056589860790376624,0.0,0.0,0.10183333333333332,optimal
2021-02-13 02:00:00,22,91,2.2857142857142856,0.0,0.0,0.13853333333333334,optimal
2021-02-13 02:30:00,22,91,2.2857142857142856,0.0,0.0,0.1285,optimal
2021-02-13 03:00:00,22,91,2.2857142857142856,0.0,0.0,0.19136666666666668,optimal
2021-02-13 03:30:00,22,91,2.2857142857142856,0.0,0.0,0.049,optimal
2021-02-13 04:00:00,22,91,2.2857142857142856,0.0,0.0,0.12273333333333332,optimal
2021-02-13 04:30:00,22,91,2.2857142857142856,0.0,0.0,0.09113333333333334,optimal
2021-02-13 05:00:00,22,91,2.2857142857142856,0.0,0.0,0.08586666666666666,optimal
2021-02-13 05:30:00,22,91,2.2857142857142856,0.0,0.0,0.2075,optimal
2021-02-13 06:00:00,22,91,2.2857142857142856,0.0,0.0,0.0755,optimal
2021-02-13 06:30:00,22,91,2.2857142857142856,0.0,0.0,0.16486666666666666,optimal
2021-02-13 07:00:00,22,91,2.2857142857142856,0.0,0.0,0.155,optimal
2021-02-13 07:30:00,22,91,2.2857142857142856,0.0,0.0,0.049,optimal
2021-02-13 08:00:00,22,91,1.2314047140034834,0.0,0.0,0.1628666666666667,optimal
2021-02-13 08:30:00,22,91,1.2087223896744377,0.0,0.0,0.2286,optimal
2021-02-13 09:00:00,22,91,1.0743208761311873,0.0,0.0,0.1418,optimal
2021-02-13 09:30:00,22,91,0.9370616354382817,0.0,0.0,0.0782,optimal
2021-02-13 10:00:00,22,91,0.6673447990118188,0.0,0.0,0.2636,optimal
2021-02-13 10:30:00,22,91,0.31695580801609236,0.0,0.0,2.156433333333333,optimal
2021-02-13 11:00:00,22,91,0.3569855814491331,0.0,0.0,0.6341,optimal
2021-02-13 11:30:00,22,91,0.25012992378673843,0.0,0.0,1.2670333333333332,optimal
2021-02-13 12:00:00,22,91,0.16328092323730387,0.0,0.0,0.3531,optimal
2021-02-13 12:30:00,22,91,0.1502515126744276,0.0,0.0,0.3118,optimal
2021-02-13 13:00:00,22,91,0.16938829285791826,0.0,0.0,1.2047333333333332,optimal
2021-02-13 13:30:00,22,91,2.285714285714285,0.0,0.0,2.841133333333333,optimal
2021-02-13 14:00:00,22,91,2.2857142857142856,0.0,1.3796085721972717,2.6651,optimal
2021-02-13 14:30:00,22,91,2.2857142857142856,0.0,10.0,2.978466666666667,optimal
2021-02-13 15:00:00,22,91,2.2857142857142856,0.0,10.0,1.0932,optimal
2021-02-13 15:30:00,22,91,2.2857142857142856,0.0,0.0,0.6424666666666667,optimal
2021-02-13 16:00:00,22,91,0.0,0.0,0.0,0.5200333333333333,optimal
2021-02-13 16:30:00,22,91,0.0,0.0,0.0,0.3476666666666667,optimal
2021-02-13 17:00:00,22,91,0.0,0.0,0.0,0.4036,optimal
2021-02-13 17:30:00,22,91,0.0,0.0,0.0,1.8073,optimal
2021-02-13 18:00:00,22,91,0.0,0.0,0.0,0.9136666666666666,optimal
2021-02-13 18:30:00,22,91,0.0,0.0,0.0,0.10623333333333332,optimal
2021-02-13 19:00:00,22,91,0.0,0.0,0.0,0.17486666666666667,optimal
2021-02-13 19:30:00,22,91,0.0,0.0,0.0,0.059,optimal
2021-02-13 20:00:00,22,91,0.0,0.0,0.0,0.18596666666666667,optimal
2021-02-13 20:30:00,22,91,0.0,0.0,0.0,0.1539,optimal
2021-02-13 21:00:00,22,91,0.0,0.0,0.0,0.073,optimal
2021-02-13 21:30:00,22,91,0.0,0.0,0.0,0.4329333333333333,optimal
2021-02-13 22:00:00,22,91,0.0,0.0,0.0,0.1696,optimal
2021-02-13 22:30:00,22,91,0.0,0.0,0.0,0.06426666666666667,optimal
2021-02-13 23:00:00,22,91,0.0,0.0,0.0,0.11693333333333333,optimal
2021-02-13 23:30:00,22,91,0.0,0.0,0.0,0.17523333333333332,optimal
2021-02-07 00:00:00,23,91,0.0,0.0,0.0,0.056,optimal
2021-02-07 00:30:00,23,91,0.0,0.0,0.0,0.056,optimal
2021-02-07 01:00:00,23,91,0.0,0.0,0.0,0.13836666666666667,optimal
2021-02-07 01:30:00,23,91,0.0,0.0,0.0,0.41836666666666666,optimal
2021-02-07 02:00:00,23,91,0.0,0.0,0.0,0.12140000000000001,optimal
2021-02-07 02:30:00,23,91,0.0,0.0,0.0,0.09093333333333334,optimal
2021-02-07 03:00:00,23,91,0.0,0.0,0.0,0.1792,optimal
2021-02-07 03:30:00,23,91,0.0,0.0,0.0,0.37460000000000004,optimal
2021-02-07 04:00:00,23,91,2.2857142857142856,0.0,0.9058442651748441,0.2738,optimal
2021-02-07 04:30:00,23,91,2.2857142857142856,0.0,0.0,1.1208666666666665,optimal
2021-02-07 05:00:00,23,91,2.2857142857142856,0.0,0.0,0.0824,optimal
2021-02-07 05:30:00,23,91,2.2857142857142856,0.0,0.0,0.22240000000000001,optimal
2021-02-07 06:00:00,23,91,2.2857142857142856,0.0,0.0,0.088,optimal
2021-02-07 06:30:00,23,91,2.2857142857142856,0.0,0.0,0.104,optimal
2021-02-07 07:00:00,23,91,2.2857142857142856,0.0,0.0,0.2176,optimal
2021-02-07 07:30:00,23,91,0.0,0.0,0.0,0.0722,optimal
2021-02-07 08:00:00,23,91,0.0,0.0,0.0,1.5589666666666666,optimal
2021-02-07 08:30:00,23,91,0.0,0.0,0.0,0.8197666666666666,optimal
2021-02-07 09:00:00,23,91,0.0,0.0,0.0,0.14959999999999998,optimal
2021-02-07 09:30:00,23,91,0.0,0.0,0.0,0.49796666666666656,optimal
2021-02-07 10:00:00,23,91,0.0,0.0,0.0,0.25,optimal
2021-02-07 10:30:00,23,91,0.7411811192116996,0.0,0.0,0.3683666666666667,optimal
2021-02-07 11:00:00,23,91,0.7965449706744159,0.0,0.0,0.2783,optimal
2021-02-07 11:30:00,23,91,0.7969068754363032,0.0,0.0,0.2841666666666667,optimal
2021-02-07 12:00:00,23,91,0.7116387942436819,0.0,0.0,0.2901333333333333,optimal
2021-02-07 12:30:00,23,91,0.8117340323389263,0.0,0.0,0.1398,optimal
2021-02-07 13:00:00,23,91,2.2857142857142856,0.0,0.0,0.0701,optimal
2021-02-07 13:30:00,23,91,2.2857142857142856,0.0,0.0,0.1357,optimal
2021-02-07 14:00:00,23,91,2.2857142857142856,0.0,0.0,0.1485,optimal
2021-02-07 14:30:00,23,91,2.2857142857142856,0.0,0.0,0.14959999999999998,optimal
2021-02-07 15:00:00,23,91,2.2857142857142856,0.0,0.0,0.0947,optimal
2021-02-07 15:30:00,23,91,2.2857142857142856,0.0,0.0,0.0906,optimal
2021-02-07 16:00:00,23,91,0.0,0.0,0.0,0.1152,optimal
2021-02-07 16:30:00,23,91,0.0,0.0,0.0,0.0715,optimal
2021-02-07 17:00:00,23,91,0.0,0.0,0.0,0.1815,optimal
2021-02-07 17:30:00,23,91,0.0,0.0,0.0,0.32380000000000003,optimal
2021-02-07 18:00:00,23,91,0.0,0.0,0.0,0.8112666666666667,optimal
2021-02-07 18:30:00,23,91,0.0,0.0,0.0,1.8159,optimal
2021-02-07 19:00:00,23,91,0.0,0.0,0.0,1.025766666666667,optimal
2021-02-07 19:30:00,23,91,0.6266280294283771,0.0,0.0,0.49460000000000004,optimal
2021-02-07 20:00:00,23,91,1.0562259425305385,0.0,0.0,0.2369,optimal
2021-02-07 20:30:00,23,91,0.0,0.0,0.0,0.07546666666666667,optimal
2021-02-07 21:00:00,23,91,0.0,0.0,0.0,0.5175333333333333,optimal
2021-02-07 21:30:00,23,91,0.0,0.0,0.0,0.1356,optimal
2021-02-07 22:00:00,23,91,0.13933333333333334,0.0,0.0,0.24923333333333328,optimal
2021-02-07 22:30:00,23,91,0.0,0.0,0.0,0.236,optimal
2021-02-07 23:00:00,23,91,0.0,0.0,0.0,0.3679666666666666,optimal
2021-02-07 23:30:00,23,91,0.0,0.0,0.0,0.1265,optimal
2021-02-08 00:00:00,23,91,0.0,0.0,0.0,0.054700000000000006,optimal
2021-02-08 00:30:00,23,91,0.4976190476190476,0.0,0.0,0.054,optimal
2021-02-08 01:00:00,23,91,0.0,0.0,0.0,0.15666666666666665,optimal
2021-02-08 01:30:00,23,91,0.0,0.0,0.0,0.1832,optimal
2021-02-08 02:00:00,23,91,0.0,0.0,0.0,0.17193333333333333,optimal
2021-02-08 02:30:00,23,91,1.5469095771032204,0.0,0.0,0.05913333333333333,optimal
2021-02-08 03:00:00,23,91,2.2857142857142856,0.0,0.0,0.22926666666666667,optimal
2021-02-08 03:30:00,23,91,2.2857142857142856,0.0,0.0,0.131,optimal
2021-02-08 04:00:00,23,91,2.2857142857142856,0.0,0.0,0.19,optimal
2021-02-08 04:30:00,23,91,2.2857142857142856,0.0,0.0,0.0676,optimal
2021-02-08 05:00:00,23,91,2.2857142857142856,0.0,0.0,0.054,optimal
2021-02-08 05:30:00,23,91,2.2857142857142856,0.0,0.0,0.054,optimal
2021-02-08 06:00:00,23,91,2.2857142857142856,0.0,0.0,0.131,optimal
2021-02-08 06:30:00,23,91,2.2857142857142856,0.0,0.0,0.07966666666666668,optimal
2021-02-08 07:00:00,23,91,2.2857142857142856,0.0,9.300922529200044,0.2549333333333333,optimal
2021-02-08 07:30:00,23,91,2.2857142857142856,0.0,0.0,0.10533333333333332,optimal
2021-02-08 08:00:00,23,91,1.2067662434399233,0.0,0.0,0.1426,optimal
2021-02-08 08:30:00,23,91,0.819416606383749,0.0,0.0,1.5335666666666665,optimal
2021-02-08 09:00:00,23,91,0.8960053567394843,0.0,0.0,1.0192333333333332,optimal
2021-02-08 09:30:00,23,91,0.9192040980380289,0.0,0.0,0.8634666666666667,optimal
2021-02-08 10:00:00,23,91,0.8614099866854579,0.0,0.0,0.11320000000000001,optimal
2021-02-08 10:30:00,23,91,0.8932760072916845,0.0,0.0,0.06973333333333333,optimal
2021-02-08 11:00:00,23,91,0.5707409903888131,0.0,0.0,0.3548,optimal
2021-02-08 11:30:00,23,91,0.6019668179211598,0.0,0.0,0.20813333333333334,optimal
2021-02-08 12:00:00,23,91,0.4877547387238525,0.0,0.0,0.16306666666666667,optimal
2021-02-08 12:30:00,23,91,0.41370353664570697,0.0,0.0,0.2164,optimal
2021-02-08 13:00:00,23,91,2.2857142857142856,0.0,0.0,0.30143333333333333,optimal
2021-02-08 13:30:00,23,91,2.2857142857142856,0.0,0.0,0.2402,optimal
2021-02-08 14:00:00,23,91,2.2857142857142856,0.0,0.0,1.6392,optimal
2021-02-08 14:30:00,23,91,2.2857142857142856,0.0,0.0,0.4862666666666666,optimal
2021-02-08 15:00:00,23,91,2.2857142857142856,0.0,0.0,0.18623333333333328,optimal
2021-02-08 15:30:00,23,91,2.2857142857142856,0.0,0.0,0.31493333333333334,optimal
2021-02-08 16:00:00,23,91,0.0,0.0,0.0,0.31306666666666666,optimal
2021-02-08 16:30:00,23,91,0.0,0.0,0.0,0.3412,optimal
2021-02-08 17:00:00,23,91,0.0,0.0,0.0,0.0866,optimal
2021-02-08 17:30:00,23,91,0.0,0.0,0.0,0.15833333333333335,optimal
2021-02-08 18:00:00,23,91,0.0,0.0,0.0,0.19963333333333333,optimal
2021-02-08 18:30:00,23,91,0.0,0.0,0.0,0.21619999999999998,optimal
2021-02-08 19:00:00,23,91,0.0,0.0,0.0,0.17493333333333333,optimal
2021-02-08 19:30:00,23,91,0.0,0.0,0.0,0.31793333333333335,optimal
2021-02-08 20:00:00,23,91,0.2943812633932957,0.0,0.0,0.33126666666666665,optimal
2021-02-08 20:30:00,23,91,0.0,0.0,0.0,0.35886666666666667,optimal
2021-02-08 21:00:00,23,91,0.0,0.0,0.0,0.2972666666666667,optimal
2021-02-08 21:30:00,23,91,0.0,0.0,0.0,0.3947333333333333,optimal
2021-02-08 22:00:00,23,91,0.6767619047619046,0.0,0.0,0.6684,optimal
2021-02-08 22:30:00,23,91,0.0,0.0,0.0,0.5211333333333333,optimal
2021-02-08 23:00:00,23,91,0.0,0.0,0.0,0.398,optimal
2021-02-08 23:30:00,23,91,0.0,0.0,0.0,0.5711333333333333,optimal
2021-02-09 00:00:00,23,91,0.0,0.0,0.0,0.058,optimal
2021-02-09 00:30:00,23,91,2.2857142857142856,0.0,0.0,0.058,optimal
2021-02-09 01:00:00,23,91,0.9985714285714286,0.0,0.0,0.058,optimal
2021-02-09 01:30:00,23,91,0.0,0.0,0.0,0.058,optimal
2021-02-09 02:00:00,23,91,0.1069994238826249,0.0,0.0,0.058,optimal
2021-02-09 02:30:00,23,91,2.2857142857142856,0.0,0.0,0.058,optimal
2021-02-09 03:00:00,23,91,2.2857142857142856,0.0,0.0,0.058,optimal
2021-02-09 03:30:00,23,91,2.2857142857142856,0.0,0.0,0.058,optimal
2021-02-09 04:00:00,23,91,2.2857142857142856,0.0,0.0,0.058,optimal
2021-02-09 04:30:00,23,91,2.2857142857142856,0.0,0.0,0.058,optimal
2021-02-09 05:00:00,23,91,2.2857142857142856,0.0,0.0,0.058,optimal
2021-02-09 05:30:00,23,91,2.2857142857142856,0.0,0.0,0.06133333333333334,optimal
2021-02-09 06:00:00,23,91,2.2857142857142856,0.0,0.0,0.068,optimal
2021-02-09 06:30:00,23,91,2.2857142857142856,0.0,7.726686739332356,1.102266666666667,optimal
2021-02-09 07:00:00,23,91,2.2857142857142856,0.0,10.0,0.27163333333333334,optimal
2021-02-09 07:30:00,23,91,2.2857142857142856,0.0,0.0,0.10166666666666668,optimal
2021-02-09 08:00:00,23,91,1.177105224220107,0.0,0.0,0.14933333333333335,optimal
2021-02-09 08:30:00,23,91,1.161705870280556,0.0,0.0,0.2715,optimal
2021-02-09 09:00:00,23,91,1.0488989725827185,0.0,0.0,0.2813,optimal
2021-02-09 09:30:00,23,91,1.0923764551797976,0.0,0.0,0.081,optimal
2021-02-09 10:00:00,23,91,0.8372666673700467,0.0,0.0,0.08526666666666667,optimal
2021-02-09 10:30:00,23,91,0.7786359981057185,0.0,0.0,0.1017,optimal
2021-02-09 11:00:00,23,91,0.5037625186118115,0.0,0.0,0.12440000000000001,optimal
2021-02-09 11:30:00,23,91,0.45328019428274957,0.0,0.0,0.26039999999999996,optimal
2021-02-09 12:00:00,23,91,0.26877919935147676,0.0,0.0,0.39126666666666665,optimal
2021-02-09 12:30:00,23,91,0.2592424760614939,0.0,0.0,0.442,optimal
2021-02-09 13:00:00,23,91,1.7818037432048375,0.0,0.0,0.4609333333333333,optimal
2021-02-09 13:30:00,23,91,2.2857142857142856,0.0,0.0,0.4385333333333334,optimal
2021-02-09 14:00:00,23,91,2.2857142857142856,0.0,0.0,0.167,optimal
2021-02-09 14:30:00,23,91,2.2857142857142856,0.0,0.0,0.068,optimal
2021-02-09 15:00:00,23,91,2.2857142857142856,0.0,0.0,0.068,optimal
2021-02-09 15:30:00,23,91,2.2857142857142856,0.0,0.0,0.068,optimal
2021-02-09 16:00:00,23,91,0.0,0.0,0.0,0.068,optimal
2021-02-09 16:30:00,23,91,0.0,0.0,0.0,0.068,optimal
2021-02-09 17:00:00,23,91,0.0,0.0,0.0,0.068,optimal
2021-02-09 17:30:00,23,91,0.0,0.0,0.0,0.32466666666666666,optimal
2021-02-09 18:00:00,23,91,0.0,0.0,0.0,1.1934333333333333,optimal
2021-02-09 18:30:00,23,91,0.0,0.0,0.0,0.4191666666666667,optimal
2021-02-09 19:00:00,23,91,0.0,0.0,0.0,0.24530000000000002,optimal
2021-02-09 19:30:00,23,91,0.0,0.0,0.0,0.378,optimal
2021-02-09 20:00:00,23,91,0.0,0.0,0.0,0.40353333333333335,optimal
2021-02-09 20:30:00,23,91,0.0,0.0,0.0,0.35453333333333337,optimal
2021-02-09 21:00:00,23,91,0.0,0.0,0.0,0.36519999999999997,optimal
2021-02-09 21:30:00,23,91,0.0,0.0,0.0,0.365,optimal
2021-02-09 22:00:00,23,91,0.0398095238095238,0.0,0.0,0.4124,optimal
2021-02-09 22:30:00,23,91,0.0,0.0,0.0,0.48293333333333327,optimal
2021-02-09 23:00:00,23,91,0.0,0.0,0.0,0.4293,optimal
2021-02-09 23:30:00,23,91,0.0,0.0,0.0,0.22066666666666662,optimal
2021-02-10 00:00:00,23,91,0.0,0.0,0.0,0.065,optimal
2021-02-10 00:30:00,23,91,1.691904761904762,0.0,0.0,0.14153333333333334,optimal
2021-02-10 01:00:00,23,91,0.0,0.0,0.0,0.26166666666666666,optimal
2021-02-10 01:30:00,23,91,0.0,0.0,0.0,0.17913333333333334,optimal
2021-02-10 02:00:00,23,91,0.06495430079540011,0.0,0.0,0.2961333333333333,optimal
2021-02-10 02:30:00,23,91,2.2857142857142856,0.0,0.0,0.1829333333333333,optimal
2021-02-10 03:00:00,23,91,2.2857142857142856,0.0,0.0,0.2571333333333333,optimal
2021-02-10 03:30:00,23,91,2.2857142857142856,0.0,0.0,0.2086,optimal
2021-02-10 04:00:00,23,91,2.2857142857142856,0.0,0.0,0.331,optimal
2021-02-10 04:30:00,23,91,2.2857142857142856,0.0,0.0,0.1183,optimal
2021-02-10 05:00:00,23,91,2.2857142857142856,0.0,0.0,0.26189999999999997,optimal
2021-02-10 05:30:00,23,91,2.2857142857142856,0.0,0.0,0.22440000000000002,optimal
2021-02-10 06:00:00,23,91,2.2857142857142856,0.0,0.0,0.065,optimal
2021-02-10 06:30:00,23,91,2.2857142857142856,0.0,0.0,0.42660000000000003,optimal
2021-02-10 07:00:00,23,91,2.2857142857142856,0.0,0.0,0.2511333333333333,optimal
2021-02-10 07:30:00,23,91,2.2857142857142856,0.0,0.0,0.27963333333333334,optimal
2021-02-10 08:00:00,23,91,1.1542794246960508,0.0,0.0,0.3857,optimal
2021-02-10 08:30:00,23,91,1.1632834607131566,0.0,0.0,0.35026666666666667,optimal
2021-02-10 09:00:00,23,91,0.9153640642233074,0.0,0.0,0.3683666666666667,optimal
2021-02-10 09:30:00,23,91,0.79800429071659,0.0,0.0,0.8692666666666666,optimal
2021-02-10 10:00:00,23,91,0.5450752760204384,0.0,0.0,1.6293,optimal
2021-02-10 10:30:00,23,91,0.6059216363665967,0.0,0.0,1.8415,optimal
2021-02-10 11:00:00,23,91,0.4946309479672781,0.0,0.0,1.547233333333333,optimal
2021-02-10 11:30:00,23,91,0.500523442166319,0.0,0.0,0.6177666666666667,optimal
2021-02-10 12:00:00,23,91,0.240391589122079,0.0,0.0,0.7223333333333334,optimal
2021-02-10 12:30:00,23,91,0.23431730340780388,0.0,0.0,0.5875,optimal
2021-02-10 13:00:00,23,91,1.475851752371074,0.0,0.0,2.7014,optimal
2021-02-10 13:30:00,23,91,2.2857142857142856,0.0,0.0,4.172433333333333,optimal
2021-02-10 14:00:00,23,91,2.2857142857142856,0.0,1.801378860662145,1.0735333333333332,optimal
2021-02-10 14:30:00,23,91,2.2857142857142856,0.0,10.0,0.4845,optimal
2021-02-10 15:00:00,23,91,2.2857142857142856,0.0,0.0,0.8887,optimal
2021-02-10 15:30:00,23,91,2.2857142857142856,0.0,0.0,0.2575,optimal
2021-02-10 16:00:00,23,91,0.0,0.0,0.0,0.17566666666666667,optimal
2021-02-10 16:30:00,23,91,0.0,0.0,0.0,0.24380000000000002,optimal
2021-02-10 17:00:00,23,91,0.0,0.0,0.0,1.0084,optimal
2021-02-10 17:30:00,23,91,0.0,0.0,0.0,0.9609666666666669,optimal
2021-02-10 18:00:00,23,91,0.0,0.0,0.0,1.3425,optimal
2021-02-10 18:30:00,23,91,0.0,0.0,0.0,0.5724333333333332,optimal
2021-02-10 19:00:00,23,91,0.0,0.0,0.0,0.5357666666666666,optimal
2021-02-10 19:30:00,23,91,0.0,0.0,0.0,0.4643,optimal
2021-02-10 20:00:00,23,91,0.0,0.0,0.0,0.21046666666666666,optimal
2021-02-10 20:30:00,23,91,0.0,0.0,0.0,0.1778,optimal
2021-02-10 21:00:00,23,91,0.0,0.0,0.0,0.23853333333333332,optimal
2021-02-10 21:30:00,23,91,0.0,0.0,0.0,0.10073333333333331,optimal
2021-02-10 22:00:00,23,91,0.0,0.0,0.0,0.20483333333333328,optimal
2021-02-10 22:30:00,23,91,0.0,0.0,0.0,0.2861,optimal
2021-02-10 23:00:00,23,91,0.0,0.0,0.0,0.19833333333333328,optimal
2021-02-10 23:30:00,23,91,0.0796190476190476,0.0,0.0,0.29586666666666667,optimal
2021-02-11 00:00:00,23,91,0.0,0.0,0.0,0.065,optimal
2021-02-11 00:30:00,23,91,1.1345714285714286,0.0,0.0,0.22706666666666664,optimal
2021-02-11 01:00:00,23,91,2.0230238556982343,0.0,0.0,0.065,optimal
2021-02-11 01:30:00,23,91,2.2857142857142856,0.0,0.0,0.07236666666666666,optimal
2021-02-11 02:00:00,23,91,2.2857142857142856,0.0,0.0,0.2517,optimal
2021-02-11 02:30:00,23,91,2.2857142857142856,0.0,2.1039416968462596,0.13966666666666666,optimal
2021-02-11 03:00:00,23,91,2.2857142857142856,0.0,10.0,0.1908333333333333,optimal
2021-02-11 03:30:00,23,91,2.2857142857142856,0.0,0.0,0.39476666666666665,optimal
2021-02-11 04:00:00,23,91,2.2857142857142856,0.0,0.0,0.18669999999999998,optimal
2021-02-11 04:30:00,23,91,2.2857142857142856,0.0,0.0,0.109,optimal
2021-02-11 05:00:00,23,91,2.2857142857142856,0.0,0.0,0.23753333333333332,optimal
2021-02-11 05:30:00,23,91,2.2857142857142856,0.0,0.0,0.2002,optimal
2021-02-11 06:00:00,23,91,2.2857142857142856,0.0,0.0,0.2662,optimal
2021-02-11 06:30:00,23,91,2.2857142857142856,0.0,0.0,0.46263333333333334,optimal
2021-02-11 07:00:00,23,91,2.2857142857142856,0.0,0.0,0.206,optimal
2021-02-11 07:30:00,23,91,2.2857142857142856,0.0,0.0,0.44526666666666664,optimal
2021-02-11 08:00:00,23,91,1.4088975275113855,0.0,0.0,0.23646666666666666,optimal
2021-02-11 08:30:00,23,91,1.4115825957366617,0.0,0.0,0.264,optimal
2021-02-11 09:00:00,23,91,1.2251084935700585,0.0,0.0,0.2866666666666667,optimal
2021-02-11 09:30:00,23,91,1.160715600234947,0.0,0.0,0.29406666666666664,optimal
2021-02-11 10:00:00,23,91,0.8232298258726785,0.0,0.0,0.075,optimal
2021-02-11 10:30:00,23,91,0.8568272416309046,0.0,0.0,0.10166666666666668,optimal
2021-02-11 11:00:00,23,91,0.5938442705334535,0.0,0.0,0.31706666666666666,optimal
2021-02-11 11:30:00,23,91,0.6114855960737771,0.0,0.0,0.075,optimal
2021-02-11 12:00:00,23,91,0.3426153702698515,0.0,0.0,0.18166666666666662,optimal
2021-02-11 12:30:00,23,91,0.282135630182567,0.0,0.0,0.23706666666666665,optimal
2021-02-11 13:00:00,23,91,2.2857142857142856,0.0,0.0,0.075,optimal
2021-02-11 13:30:00,23,91,2.2857142857142856,0.0,0.0,0.15603333333333333,optimal
2021-02-11 14:00:00,23,91,2.2857142857142856,0.0,0.0,0.2627,optimal
2021-02-11 14:30:00,23,91,2.2857142857142856,0.0,0.0,0.1333,optimal
2021-02-11 15:00:00,23,91,2.2857142857142856,0.0,0.0,0.23706666666666665,optimal
2021-02-11 15:30:00,23,91,2.2857142857142856,0.0,0.0,0.18166666666666662,optimal
2021-02-11 16:00:00,23,91,0.0,0.0,0.0,0.075,optimal
2021-02-11 16:30:00,23,91,0.0,0.0,0.0,0.16033333333333336,optimal
2021-02-11 17:00:00,23,91,0.0,0.0,0.0,0.25839999999999996,optimal
2021-02-11 17:30:00,23,91,0.0,0.0,0.0,0.16033333333333336,optimal
2021-02-11 18:00:00,23,91,0.0,0.0,0.0,0.3663333333333333,optimal
2021-02-11 18:30:00,23,91,0.0,0.0,0.0,0.26473333333333327,optimal
2021-02-11 19:00:00,23,91,0.0,0.0,0.0,0.38930000000000003,optimal
2021-02-11 19:30:00,23,91,1.0931620036610248,0.0,0.0,0.44423333333333337,optimal
2021-02-11 20:00:00,23,91,1.5672754774313755,0.0,0.0,0.5087666666666667,optimal
2021-02-11 20:30:00,23,91,0.0,0.0,0.0,0.6271333333333333,optimal
2021-02-11 21:00:00,23,91,0.0,0.0,0.0,0.9358,optimal
2021-02-11 21:30:00,23,91,0.0,0.0,0.0,0.5978666666666667,optimal
2021-02-11 22:00:00,23,91,0.0,0.0,0.0,0.8263666666666667,optimal
2021-02-11 22:30:00,23,91,0.0,0.0,0.0,0.11766666666666668,optimal
2021-02-11 23:00:00,23,91,0.0,0.0,0.0,0.2716,optimal
2021-02-11 23:30:00,23,91,0.0,0.0,0.0,0.10446666666666668,optimal
2021-02-12 00:00:00,23,91,0.26022478754886696,0.0,0.0,0.06866666666666667,optimal
2021-02-12 00:30:00,23,91,2.2857142857142856,0.0,0.0,0.16823333333333332,optimal
2021-02-12 01:00:00,23,91,2.2857142857142856,0.0,0.0,0.30446666666666666,optimal
2021-02-12 01:30:00,23,91,2.2857142857142856,0.0,0.0,0.376,optimal
2021-02-12 02:00:00,23,91,2.2857142857142856,0.0,0.0,0.2343,optimal
2021-02-12 02:30:00,23,91,2.2857142857142856,0.0,0.0,0.077,optimal
2021-02-12 03:00:00,23,91,2.2857142857142856,0.0,0.0,0.077,optimal
2021-02-12 03:30:00,23,91,2.2857142857142856,0.0,0.0,0.077,optimal
2021-02-12 04:00:00,23,91,2.2857142857142856,0.0,0.0,0.077,optimal
2021-02-12 04:30:00,23,91,2.2857142857142856,0.0,0.0,0.077,optimal
2021-02-12 05:00:00,23,91,2.2857142857142856,0.0,0.0,0.077,optimal
2021-02-12 05:30:00,23,91,2.2857142857142856,0.0,0.0,0.077,optimal
2021-02-12 06:00:00,23,91,2.2857142857142856,0.0,0.0,0.077,optimal
2021-02-12 06:30:00,23,91,2.2857142857142856,0.0,8.501979698811764,0.077,optimal
2021-02-12 07:00:00,23,91,2.2857142857142856,0.0,10.0,0.117,optimal
2021-02-12 07:30:00,23,91,2.2857142857142856,0.0,0.0,0.197,optimal
2021-02-12 08:00:00,23,91,2.0684733114087903,0.0,0.0,0.197,optimal
2021-02-12 08:30:00,23,91,1.3805264182488262,0.0,0.0,0.42156666666666665,optimal
2021-02-12 09:00:00,23,91,1.1889208733089998,0.0,0.0,0.2335,optimal
2021-02-12 09:30:00,23,91,1.1043652694971053,0.0,0.0,0.3333333333333333,optimal
2021-02-12 10:00:00,23,91,0.5226471760054854,0.0,0.0,1.6516333333333335,optimal
2021-02-12 10:30:00,23,91,0.4902247718492207,0.0,0.0,0.7907666666666666,optimal
2021-02-12 11:00:00,23,91,0.17558827975568664,0.0,0.0,0.5956,optimal
2021-02-12 11:30:00,23,91,0.20807166971234456,0.0,0.0,0.6716,optimal
2021-02-12 12:00:00,23,91,0.03709730380310858,0.0,0.0,2.080033333333333,optimal
2021-02-12 12:30:00,23,91,0.02868926518833407,0.0,0.0,3.475833333333333,optimal
2021-02-12 13:00:00,23,91,2.154702378125156,0.0,0.0,2.2359,optimal
2021-02-12 13:30:00,23,91,2.2857142857142856,0.0,0.0,0.34613333333333335,optimal
2021-02-12 14:00:00,23,91,2.2857142857142856,0.0,0.0,0.322,optimal
2021-02-12 14:30:00,23,91,2.2857142857142856,0.0,0.0,2.4067,optimal
2021-02-12 15:00:00,23,91,2.2857142857142856,0.0,0.0,0.3473,optimal
2021-02-12 15:30:00,23,91,2.2857142857142856,0.0,0.0,0.149,optimal
2021-02-12 16:00:00,23,91,0.0,0.0,0.0,0.1726,optimal
2021-02-12 16:30:00,23,91,0.0,0.0,0.0,0.9023,optimal
2021-02-12 17:00:00,23,91,0.0,0.0,0.0,2.576,optimal
2021-02-12 17:30:00,23,91,0.0,0.0,0.0,1.9096,optimal
2021-02-12 18:00:00,23,91,0.0,0.0,0.0,0.175,optimal
2021-02-12 18:30:00,23,91,0.0,0.0,0.0,1.320266666666667,optimal
2021-02-12 19:00:00,23,91,0.0,0.0,0.0,0.4569,optimal
2021-02-12 19:30:00,23,91,0.0,0.0,0.0,0.8232,optimal
2021-02-12 20:00:00,23,91,0.0,0.0,0.0,1.1657,optimal
2021-02-12 20:30:00,23,91,0.0,0.0,0.0,0.20446666666666666,optimal
2021-02-12 21:00:00,23,91,0.0,0.0,0.0,0.213,optimal
2021-02-12 21:30:00,23,91,0.0,0.0,0.0,0.238,optimal
2021-02-12 22:00:00,23,91,0.0,0.0,0.0,0.198,optimal
2021-02-12 22:30:00,23,91,0.0,0.0,0.0,0.3421,optimal
2021-02-12 23:00:00,23,91,0.0,0.0,0.0,0.4709,optimal
2021-02-12 23:30:00,23,91,0.0,0.0,0.0,0.077,optimal
2021-02-13 00:00:00,23,91,0.0,0.0,0.0,0.058,optimal
2021-02-13 00:30:00,23,91,1.1544761904761904,0.0,0.0,0.08626666666666667,optimal
2021-02-13 01:00:00,23,91,0.0,0.0,0.0,0.29460000000000003,optimal
2021-02-13 01:30:00,23,91,0.0,0.0,0.0,0.06313333333333333,optimal
2021-02-13 02:00:00,23,91,1.513343885041604,0.0,0.0,0.1873333333333333,optimal
2021-02-13 02:30:00,23,91,2.2857142857142856,0.0,0.0,0.17813333333333334,optimal
2021-02-13 03:00:00,23,91,2.2857142857142856,0.0,0.0,0.16333333333333333,optimal
2021-02-13 03:30:00,23,91,2.2857142857142856,0.0,0.0,0.07213333333333334,optimal
2021-02-13 04:00:00,23,91,2.2857142857142856,0.0,0.0,0.22906666666666664,optimal
2021-02-13 04:30:00,23,91,2.2857142857142856,0.0,0.0,0.15693333333333334,optimal
2021-02-13 05:00:00,23,91,2.2857142857142856,0.0,0.0,0.15206666666666666,optimal
2021-02-13 05:30:00,23,91,2.2857142857142856,0.0,0.0,0.135,optimal
2021-02-13 06:00:00,23,91,2.2857142857142856,0.0,0.0,0.15693333333333334,optimal
2021-02-13 06:30:00,23,91,2.2857142857142856,0.0,0.0,0.17286666666666667,optimal
2021-02-13 07:00:00,23,91,2.2857142857142856,0.0,7.206015167733067,1.2738,optimal
2021-02-13 07:30:00,23,91,2.2857142857142856,0.0,0.0,1.7290666666666665,optimal
2021-02-13 08:00:00,23,91,1.2880199520987319,0.0,0.0,0.3457333333333333,optimal
2021-02-13 08:30:00,23,91,1.381655723007764,0.0,0.0,0.242,optimal
2021-02-13 09:00:00,23,91,1.261625638035932,0.0,0.0,0.12293333333333334,optimal
2021-02-13 09:30:00,23,91,1.2410806830573085,0.0,0.0,0.13473333333333332,optimal
2021-02-13 10:00:00,23,91,0.9537809894880213,0.0,0.0,0.18206666666666663,optimal
2021-02-13 10:30:00,23,91,0.8530415223018115,0.0,0.0,0.3756333333333333,optimal
2021-02-13 11:00:00,23,91,0.6062732004967395,0.0,0.0,0.173,optimal
2021-02-13 11:30:00,23,91,0.5322384952153182,0.0,0.0,0.4001,optimal
2021-02-13 12:00:00,23,91,0.4834047327610965,0.0,0.0,0.08013333333333333,optimal
2021-02-13 12:30:00,23,91,0.48324008410299796,0.0,0.0,0.066,optimal
2021-02-13 13:00:00,23,91,2.2857142857142856,0.0,0.0,0.42183333333333334,optimal
2021-02-13 13:30:00,23,91,2.2857142857142856,0.0,0.0,0.17333333333333334,optimal
2021-02-13 14:00:00,23,91,2.2857142857142856,0.0,0.0,0.0832,optimal
2021-02-13 14:30:00,23,91,2.2857142857142856,0.0,0.0,0.21306666666666663,optimal
2021-02-13 15:00:00,23,91,2.2857142857142856,0.0,0.0,0.10166666666666668,optimal
2021-02-13 15:30:00,23,91,2.2857142857142856,0.0,0.0,0.1098,optimal
2021-02-13 16:00:00,23,91,0.0,0.0,0.0,0.2696,optimal
2021-02-13 16:30:00,23,91,0.0,0.0,0.0,0.1022,optimal
2021-02-13 17:00:00,23,91,0.0,0.0,0.0,0.17406666666666668,optimal
2021-02-13 17:30:00,23,91,0.0,0.0,0.0,0.23953333333333332,optimal
2021-02-13 18:00:00,23,91,0.0,0.0,0.0,0.11553333333333332,optimal
2021-02-13 18:30:00,23,91,0.0,0.0,0.0,0.4356666666666667,optimal
2021-02-13 19:00:00,23,91,0.0,0.0,0.0,0.47756666666666664,optimal
2021-02-13 19:30:00,23,91,0.6394247955734781,0.0,0.0,0.37846666666666656,optimal
2021-02-13 20:00:00,23,91,1.2096958320567348,0.0,0.0,0.3564,optimal
2021-02-13 20:30:00,23,91,0.0,0.0,0.0,0.6003333333333334,optimal
2021-02-13 21:00:00,23,91,0.0,0.0,0.0,1.0021666666666667,optimal
2021-02-13 21:30:00,23,91,0.0,0.0,0.0,1.5861666666666667,optimal
2021-02-13 22:00:00,23,91,0.05971428571428571,0.0,0.0,3.2565666666666666,optimal
2021-02-13 22:30:00,23,91,0.0,0.0,0.0,0.33516666666666667,optimal
2021-02-13 23:00:00,23,91,0.0,0.0,0.0,0.15280000000000002,optimal
2021-02-13 23:30:00,23,91,0.0,0.0,0.0,0.22386666666666669,optimal
2021-02-07 00:00:00,24,91,0.0,0.0,0.0,0.07566666666666667,optimal
2021-02-07 00:30:00,24,91,0.0,0.0,0.0,0.2581666666666667,optimal
2021-02-07 01:00:00,24,91,0.0,0.0,0.0,0.0655,optimal
2021-02-07 01:30:00,24,91,0.0,0.0,0.0,0.13033333333333336,optimal
2021-02-07 02:00:00,24,91,0.0,0.0,0.0,0.144,optimal
2021-02-07 02:30:00,24,91,0.0,0.0,0.0,0.062,optimal
2021-02-07 03:00:00,24,91,0.0,0.0,0.0,0.2753333333333333,optimal
2021-02-07 03:30:00,24,91,0.0,0.0,0.0,0.062,optimal
2021-02-07 04:00:00,24,91,2.2857142857142856,0.0,0.0,0.111,optimal
2021-02-07 04:30:00,24,91,2.2857142857142856,0.0,0.0,0.076,optimal
2021-02-07 05:00:00,24,91,2.2857142857142856,0.0,0.0,0.2753333333333333,optimal
2021-02-07 05:30:00,24,91,2.2857142857142856,0.0,0.0,0.062,optimal
2021-02-07 06:00:00,24,91,2.2857142857142856,0.0,0.0,0.062,optimal
2021-02-07 06:30:00,24,91,2.2857142857142856,0.0,0.0,0.065,optimal
2021-02-07 07:00:00,24,91,2.2857142857142856,0.0,1.6063785740462473,0.064,optimal
2021-02-07 07:30:00,24,91,0.0,0.0,0.0,0.06,optimal
2021-02-07 08:00:00,24,91,0.0,0.0,0.0,0.062,optimal
2021-02-07 08:30:00,24,91,0.0,0.0,0.0,0.125,optimal
2021-02-07 09:00:00,24,91,0.0,0.0,0.0,0.065,optimal
2021-02-07 09:30:00,24,91,1.0711498816901044,0.0,0.0,0.13,optimal
2021-02-07 10:00:00,24,91,1.0573197753408836,0.0,0.0,0.062,optimal
2021-02-07 10:30:00,24,91,1.0102368049513986,0.0,0.0,0.2508333333333333,optimal
2021-02-07 11:00:00,24,91,0.9218116373410845,0.0,0.0,0.0865,optimal
2021-02-07 11:30:00,24,91,0.9128116373410643,0.0,0.0,0.118,optimal
2021-02-07 12:00:00,24,91,0.7862387942436935,0.0,0.0,0.2193333333333333,optimal
2021-02-07 12:30:00,24,91,0.6638464132913177,0.0,0.0,1.2800666666666667,optimal
2021-02-07 13:00:00,24,91,2.2857142857142856,0.0,0.0,0.7577999999999999,optimal
2021-02-07 13:30:00,24,91,2.2857142857142856,0.0,0.0,0.3138333333333333,optimal
2021-02-07 14:00:00,24,91,2.2857142857142856,0.0,0.0,2.3099000000000003,optimal
2021-02-07 14:30:00,24,91,2.2857142857142856,0.0,0.0,0.5587000000000001,optimal
2021-02-07 15:00:00,24,91,2.2857142857142856,0.0,0.0,0.13,optimal
2021-02-07 15:30:00,24,91,2.2857142857142856,0.0,0.0,0.2123333333333333,optimal
2021-02-07 16:00:00,24,91,0.0,0.0,0.0,0.0795,optimal
2021-02-07 16:30:00,24,91,0.0,0.0,0.0,0.2608333333333333,optimal
2021-02-07 17:00:00,24,91,0.0,0.0,0.0,0.07,optimal
2021-02-07 17:30:00,24,91,0.0,0.0,0.0,0.062,optimal
2021-02-07 18:00:00,24,91,0.0,0.0,0.0,0.11666666666666668,optimal
2021-02-07 18:30:00,24,91,0.0,0.0,0.0,0.16166666666666665,optimal
2021-02-07 19:00:00,24,91,0.0,0.0,0.0,0.13233333333333333,optimal
2021-02-07 19:30:00,24,91,0.7599914056650611,0.0,0.0,0.062,optimal
2021-02-07 20:00:00,24,91,1.2429021330067287,0.0,0.0,0.062,optimal
2021-02-07 20:30:00,24,91,0.0,0.0,0.0,0.9783333333333334,optimal
2021-02-07 21:00:00,24,91,0.0,0.0,0.0,0.78,optimal
2021-02-07 21:30:00,24,91,0.0,0.0,0.0,0.5794,optimal
2021-02-07 22:00:00,24,91,0.0,0.0,0.0,0.5125333333333333,optimal
2021-02-07 22:30:00,24,91,0.0,0.0,0.0,0.5101,optimal
2021-02-07 23:00:00,24,91,0.0,0.0,0.0,0.125,optimal
2021-02-07 23:30:00,24,91,0.0,0.0,0.0,0.08933333333333333,optimal
2021-02-08 00:00:00,24,91,0.0,0.0,0.0,0.14283333333333334,optimal
2021-02-08 00:30:00,24,91,0.0,0.0,0.0,0.13923333333333332,optimal
2021-02-08 01:00:00,24,91,0.0,0.0,0.0,0.21126666666666669,optimal
2021-02-08 01:30:00,24,91,0.0,0.0,0.0,0.05,optimal
2021-02-08 02:00:00,24,91,0.0,0.0,0.0,0.1355,optimal
2021-02-08 02:30:00,24,91,1.4133926535520536,0.0,0.0,0.2835666666666667,optimal
2021-02-08 03:00:00,24,91,2.2857142857142856,0.0,0.0,0.11483333333333332,optimal
2021-02-08 03:30:00,24,91,2.2857142857142856,0.0,0.0,0.12843333333333334,optimal
2021-02-08 04:00:00,24,91,2.2857142857142856,0.0,0.0,0.14686666666666667,optimal
2021-02-08 04:30:00,24,91,2.2857142857142856,0.0,0.0,0.28403333333333336,optimal
2021-02-08 05:00:00,24,91,2.2857142857142856,0.0,0.0,0.12016666666666669,optimal
2021-02-08 05:30:00,24,91,2.2857142857142856,0.0,0.0,0.15213333333333331,optimal
2021-02-08 06:00:00,24,91,2.2857142857142856,0.0,3.684997895073686,0.16469999999999999,optimal
2021-02-08 06:30:00,24,91,2.2857142857142856,0.0,10.0,0.14766666666666667,optimal
2021-02-08 07:00:00,24,91,2.2857142857142856,0.0,10.0,1.7455333333333334,optimal
2021-02-08 07:30:00,24,91,2.2857142857142856,0.0,0.0,0.17396666666666666,optimal
2021-02-08 08:00:00,24,91,1.2680043386780213,0.0,0.0,0.1827666666666667,optimal
2021-02-08 08:30:00,24,91,1.2594280349551965,0.0,0.0,0.31426666666666664,optimal
2021-02-08 09:00:00,24,91,0.9034663091204511,0.0,0.0,0.43996666666666656,optimal
2021-02-08 09:30:00,24,91,0.9421907647046871,0.0,0.0,0.1762,optimal
2021-02-08 10:00:00,24,91,0.7084766533521407,0.0,0.0,0.17643333333333333,optimal
2021-02-08 10:30:00,24,91,0.792952197767875,0.0,0.0,0.2118333333333333,optimal
2021-02-08 11:00:00,24,91,0.5563600380078523,0.0,0.0,0.3527666666666667,optimal
2021-02-08 11:30:00,24,91,0.598243008397363,0.0,0.0,0.2368,optimal
2021-02-08 12:00:00,24,91,0.4802785482476541,0.0,0.0,0.24453333333333332,optimal
2021-02-08 12:30:00,24,91,0.48412067950286447,0.0,0.0,0.079,optimal
2021-02-08 13:00:00,24,91,0.7981261217792077,0.0,0.0,0.3146333333333333,optimal
2021-02-08 13:30:00,24,91,2.2857142857142856,0.0,0.0,0.19626666666666667,optimal
2021-02-08 14:00:00,24,91,2.2857142857142856,0.0,0.0,0.16196666666666668,optimal
2021-02-08 14:30:00,24,91,2.2857142857142856,0.0,0.0,0.2005,optimal
2021-02-08 15:00:00,24,91,2.2857142857142856,0.0,0.0,0.2695666666666667,optimal
2021-02-08 15:30:00,24,91,2.2857142857142856,0.0,0.0,0.1905,optimal
2021-02-08 16:00:00,24,91,0.0,0.0,0.0,0.18869999999999998,optimal
2021-02-08 16:30:00,24,91,0.0,0.0,0.0,0.23146666666666668,optimal
2021-02-08 17:00:00,24,91,0.0,0.0,0.0,0.2002333333333333,optimal
2021-02-08 17:30:00,24,91,0.0,0.0,0.0,0.48523333333333335,optimal
2021-02-08 18:00:00,24,91,0.0,0.0,0.0,0.19166666666666662,optimal
2021-02-08 18:30:00,24,91,0.0,0.0,0.0,0.39053333333333334,optimal
2021-02-08 19:00:00,24,91,0.0,0.0,0.0,0.2871666666666667,optimal
2021-02-08 19:30:00,24,91,0.0,0.0,0.0,0.1355,optimal
2021-02-08 20:00:00,24,91,0.0,0.0,0.0,0.38663333333333333,optimal
2021-02-08 20:30:00,24,91,0.0,0.0,0.0,0.24903333333333333,optimal
2021-02-08 21:00:00,24,91,0.0,0.0,0.0,0.5196000000000001,optimal
2021-02-08 21:30:00,24,91,0.0,0.0,0.0,0.3305666666666667,optimal
2021-02-08 22:00:00,24,91,0.0,0.0,0.0,0.194,optimal
2021-02-08 22:30:00,24,91,0.0,0.0,0.0,0.12276666666666668,optimal
2021-02-08 23:00:00,24,91,0.0,0.0,0.0,0.301,optimal
2021-02-08 23:30:00,24,91,0.0,0.0,0.0,0.11506666666666666,optimal
2021-02-09 00:00:00,24,91,0.0,0.0,0.0,0.06133333333333334,optimal
2021-02-09 00:30:00,24,91,1.5127619047619048,0.0,0.0,0.14733333333333334,optimal
2021-02-09 01:00:00,24,91,0.0,0.0,0.0,0.122,optimal
2021-02-09 01:30:00,24,91,0.0,0.0,0.0,0.1328,optimal
2021-02-09 02:00:00,24,91,0.0,0.0,0.0,0.0896,optimal
2021-02-09 02:30:00,24,91,1.4303374505455966,0.0,0.0,0.24786666666666668,optimal
2021-02-09 03:00:00,24,91,2.2857142857142856,0.0,0.0,0.068,optimal
2021-02-09 03:30:00,24,91,2.2857142857142856,0.0,0.0,0.11120000000000001,optimal
2021-02-09 04:00:00,24,91,2.2857142857142856,0.0,0.0,0.16426666666666667,optimal
2021-02-09 04:30:00,24,91,2.2857142857142856,0.0,0.0,0.13,optimal
2021-02-09 05:00:00,24,91,2.2857142857142856,0.0,0.0,0.20206666666666664,optimal
2021-02-09 05:30:00,24,91,2.2857142857142856,0.0,0.0,0.1354,optimal
2021-02-09 06:00:00,24,91,2.2857142857142856,0.0,0.0,0.068,optimal
2021-02-09 06:30:00,24,91,2.2857142857142856,0.0,6.165813144103209,0.2954333333333333,optimal
2021-02-09 07:00:00,24,91,2.2857142857142856,0.0,10.0,0.9951,optimal
2021-02-09 07:30:00,24,91,2.2857142857142856,0.0,0.0,2.6815,optimal
2021-02-09 08:00:00,24,91,1.0882747480296378,0.0,0.0,1.5371333333333335,optimal
2021-02-09 08:30:00,24,91,1.0927744417091412,0.0,0.0,1.2966,optimal
2021-02-09 09:00:00,24,91,1.1606227821065296,0.0,0.0,0.20333333333333328,optimal
2021-02-09 09:30:00,24,91,1.1786812170845566,0.0,0.0,0.068,optimal
2021-02-09 10:00:00,24,91,0.8862190483224412,0.0,0.0,0.15066666666666667,optimal
2021-02-09 10:30:00,24,91,0.8895788552485676,0.0,0.0,0.0788,optimal
2021-02-09 11:00:00,24,91,0.61313394718324,0.0,0.0,0.176,optimal
2021-02-09 11:30:00,24,91,0.6346516228541799,0.0,0.0,0.08866666666666667,optimal
2021-02-09 12:00:00,24,91,0.4576363422086253,0.0,0.0,0.13,optimal
2021-02-09 12:30:00,24,91,0.444842476061496,0.0,0.0,0.18680000000000002,optimal
2021-02-09 13:00:00,24,91,1.3022736584509036,0.0,0.0,0.18386666666666668,optimal
2021-02-09 13:30:00,24,91,2.2857142857142856,0.0,0.0,0.5993999999999999,optimal
2021-02-09 14:00:00,24,91,2.2857142857142856,0.0,0.0,0.38330000000000003,optimal
2021-02-09 14:30:00,24,91,2.2857142857142856,0.0,0.0,2.611333333333333,optimal
2021-02-09 15:00:00,24,91,2.2857142857142856,0.0,0.0,0.35619999999999996,optimal
2021-02-09 15:30:00,24,91,2.2857142857142856,0.0,0.0,0.4396666666666667,optimal
2021-02-09 16:00:00,24,91,0.0,0.0,0.0,1.407733333333333,optimal
2021-02-09 16:30:00,24,91,0.0,0.0,0.0,1.5299,optimal
2021-02-09 17:00:00,24,91,0.0,0.0,0.0,1.7197,optimal
2021-02-09 17:30:00,24,91,0.0,0.0,0.0,1.4030666666666667,optimal
2021-02-09 18:00:00,24,91,0.0,0.0,0.0,0.364,optimal
2021-02-09 18:30:00,24,91,0.0,0.0,0.0,2.422,optimal
2021-02-09 19:00:00,24,91,0.0,0.0,0.0,0.2008,optimal
2021-02-09 19:30:00,24,91,0.0,0.0,0.0,1.4384000000000001,optimal
2021-02-09 20:00:00,24,91,0.0,0.0,0.0,1.0285666666666666,optimal
2021-02-09 20:30:00,24,91,0.0,0.0,0.0,0.201,optimal
2021-02-09 21:00:00,24,91,0.0,0.0,0.0,0.2442666666666667,optimal
2021-02-09 21:30:00,24,91,0.0,0.0,0.0,0.43973333333333336,optimal
2021-02-09 22:00:00,24,91,0.0199047619047619,0.0,0.0,0.5412666666666667,optimal
2021-02-09 22:30:00,24,91,0.0,0.0,0.0,2.446733333333333,optimal
2021-02-09 23:00:00,24,91,0.0,0.0,0.0,0.45106666666666667,optimal
2021-02-09 23:30:00,24,91,0.0,0.0,0.0,0.3632666666666666,optimal
2021-02-10 00:00:00,24,91,0.0,0.0,0.0,0.051333333333333335,optimal
2021-02-10 00:30:00,24,91,2.2857142857142856,0.0,0.0,0.057,optimal
2021-02-10 01:00:00,24,91,1.3966666666666665,0.0,0.0,0.17033333333333334,optimal
2021-02-10 01:30:00,24,91,0.0,0.0,0.0,0.057,optimal
2021-02-10 02:00:00,24,91,0.8698935617946487,0.0,0.0,0.17033333333333334,optimal
2021-02-10 02:30:00,24,91,2.2857142857142856,0.0,0.0,0.057,optimal
2021-02-10 03:00:00,24,91,2.2857142857142856,0.0,0.0,0.057,optimal
2021-02-10 03:30:00,24,91,2.2857142857142856,0.0,0.0,0.057,optimal
2021-02-10 04:00:00,24,91,2.2857142857142856,0.0,0.0,0.10733333333333331,optimal
2021-02-10 04:30:00,24,91,2.2857142857142856,0.0,0.0,0.11733333333333332,optimal
2021-02-10 05:00:00,24,91,2.2857142857142856,0.0,0.0,0.06833333333333333,optimal
2021-02-10 05:30:00,24,91,2.2857142857142856,0.0,0.0,0.159,optimal
2021-02-10 06:00:00,24,91,2.2857142857142856,0.0,0.0,0.057,optimal
2021-02-10 06:30:00,24,91,2.2857142857142856,0.0,0.0,0.108,optimal
2021-02-10 07:00:00,24,91,2.2857142857142856,0.0,8.475520231482303,0.11866666666666668,optimal
2021-02-10 07:30:00,24,91,2.2857142857142856,0.0,0.0,0.055,optimal
2021-02-10 08:00:00,24,91,1.1837841866008325,0.0,0.0,0.06496666666666667,optimal
2021-02-10 08:30:00,24,91,1.0300644130941194,0.0,0.0,0.4884,optimal
2021-02-10 09:00:00,24,91,0.9462688261280628,0.0,0.0,0.26923333333333327,optimal
2021-02-10 09:30:00,24,91,1.1194919097642042,0.0,0.0,0.08453333333333334,optimal
2021-02-10 10:00:00,24,91,0.8947724188776004,0.0,0.0,0.125,optimal
2021-02-10 10:30:00,24,91,0.8909444935094523,0.0,0.0,0.10233333333333332,optimal
2021-02-10 11:00:00,24,91,0.7058214241577561,0.0,0.0,0.07966666666666668,optimal
2021-02-10 11:30:00,24,91,0.6795234421663048,0.0,0.0,0.14766666666666667,optimal
2021-02-10 12:00:00,24,91,0.464269684360176,0.0,0.0,0.057,optimal
2021-02-10 12:30:00,24,91,0.4496982557887517,0.0,0.0,0.108,optimal
2021-02-10 13:00:00,24,91,1.2492690162353632,0.0,0.0,1.4999,optimal
2021-02-10 13:30:00,24,91,2.2857142857142856,0.0,0.0,0.9773333333333334,optimal
2021-02-10 14:00:00,24,91,2.2857142857142856,0.0,0.0,0.32826666666666665,optimal
2021-02-10 14:30:00,24,91,2.2857142857142856,0.0,0.0,0.173,optimal
2021-02-10 15:00:00,24,91,2.2857142857142856,0.0,0.0,0.16466666666666666,optimal
2021-02-10 15:30:00,24,91,2.2857142857142856,0.0,0.0,0.17866666666666667,optimal
2021-02-10 16:00:00,24,91,0.0,0.0,0.0,0.2305,optimal
2021-02-10 16:30:00,24,91,0.0,0.0,0.0,0.8015333333333333,optimal
2021-02-10 17:00:00,24,91,0.0,0.0,0.0,0.9904,optimal
2021-02-10 17:30:00,24,91,0.0,0.0,0.0,0.2586666666666667,optimal
2021-02-10 18:00:00,24,91,0.0,0.0,0.0,0.4271333333333333,optimal
2021-02-10 18:30:00,24,91,0.0,0.0,0.0,1.147,optimal
2021-02-10 19:00:00,24,91,0.0,0.0,0.0,0.5694333333333332,optimal
2021-02-10 19:30:00,24,91,0.0,0.0,0.0,0.10033333333333332,optimal
2021-02-10 20:00:00,24,91,0.0,0.0,0.0,0.3893333333333333,optimal
2021-02-10 20:30:00,24,91,0.0,0.0,0.0,0.055,optimal
2021-02-10 21:00:00,24,91,0.0,0.0,0.0,0.375,optimal
2021-02-10 21:30:00,24,91,0.0,0.0,0.0,1.3137333333333332,optimal
2021-02-10 22:00:00,24,91,0.0,0.0,0.0,0.26516666666666666,optimal
2021-02-10 22:30:00,24,91,0.0,0.0,0.0,0.2504333333333333,optimal
2021-02-10 23:00:00,24,91,0.0,0.0,0.0,0.09,optimal
2021-02-10 23:30:00,24,91,0.0,0.0,0.0,0.08666666666666667,optimal
2021-02-11 00:00:00,24,91,0.0,0.0,0.0,0.045,optimal
2021-02-11 00:30:00,24,91,1.9904761904761903,0.0,0.0,0.12676666666666667,optimal
2021-02-11 01:00:00,24,91,1.5382961168242757,0.0,0.0,0.2494333333333333,optimal
2021-02-11 01:30:00,24,91,2.2857142857142856,0.0,0.0,0.045,optimal
2021-02-11 02:00:00,24,91,2.2857142857142856,0.0,0.0,0.3053666666666667,optimal
2021-02-11 02:30:00,24,91,2.2857142857142856,0.0,0.0,0.07083333333333333,optimal
2021-02-11 03:00:00,24,91,2.2857142857142856,0.0,0.0,0.10633333333333331,optimal
2021-02-11 03:30:00,24,91,2.2857142857142856,0.0,0.0,0.2698666666666667,optimal
2021-02-11 04:00:00,24,91,2.2857142857142856,0.0,0.0,0.06953333333333334,optimal
2021-02-11 04:30:00,24,91,2.2857142857142856,0.0,0.0,0.23976666666666668,optimal
2021-02-11 05:00:00,24,91,2.2857142857142856,0.0,0.0,0.1119,optimal
2021-02-11 05:30:00,24,91,2.2857142857142856,0.0,0.0,0.14313333333333333,optimal
2021-02-11 06:00:00,24,91,2.2857142857142856,0.0,0.0,0.06953333333333334,optimal
2021-02-11 06:30:00,24,91,2.2857142857142856,0.0,4.108040554775414,0.0818,optimal
2021-02-11 07:00:00,24,91,2.2857142857142856,0.0,10.0,0.30306666666666665,optimal
2021-02-11 07:30:00,24,91,2.2857142857142856,0.0,0.0,0.08313333333333334,optimal
2021-02-11 08:00:00,24,91,1.4410784798923348,0.0,0.0,0.19156666666666664,optimal
2021-02-11 08:30:00,24,91,1.458925452879511,0.0,0.0,0.15783333333333335,optimal
2021-02-11 09:00:00,24,91,1.2617370649986255,0.0,0.0,0.17433333333333334,optimal
2021-02-11 09:30:00,24,91,1.127334647854007,0.0,0.0,0.17736666666666667,optimal
2021-02-11 10:00:00,24,91,0.639220302063159,0.0,0.0,0.42223333333333335,optimal
2021-02-11 10:30:00,24,91,0.7701891463928175,0.0,0.0,0.1293,optimal
2021-02-11 11:00:00,24,91,0.3801090324382258,0.0,0.0,3.3025,optimal
2021-02-11 11:30:00,24,91,0.5668951198832992,0.0,0.0,0.29646666666666666,optimal
2021-02-11 12:00:00,24,91,0.19669537026984477,0.0,0.0,0.6666666666666666,optimal
2021-02-11 12:30:00,24,91,0.23695277303970966,0.0,0.0,0.3922,optimal
2021-02-11 13:00:00,24,91,2.2857142857142856,0.0,0.0,2.0562,optimal
2021-02-11 13:30:00,24,91,2.2857142857142856,0.0,0.0,4.310833333333333,optimal
2021-02-11 14:00:00,24,91,2.2857142857142856,0.0,0.0,1.9901333333333329,optimal
2021-02-11 14:30:00,24,91,2.2857142857142856,0.0,0.0,0.23426666666666668,optimal
2021-02-11 15:00:00,24,91,2.2857142857142856,0.0,0.0,0.09793333333333333,optimal
2021-02-11 15:30:00,24,91,2.2857142857142856,0.0,0.0,0.28446666666666665,optimal
2021-02-11 16:00:00,24,91,0.0,0.0,0.0,0.29256666666666664,optimal
2021-02-11 16:30:00,24,91,0.0,0.0,0.0,1.4333,optimal
2021-02-11 17:00:00,24,91,0.0,0.0,0.0,0.30296666666666666,optimal
2021-02-11 17:30:00,24,91,0.0,0.0,0.0,0.33443333333333336,optimal
2021-02-11 18:00:00,24,91,0.0,0.0,0.0,0.4553666666666667,optimal
2021-02-11 18:30:00,24,91,0.0,0.0,0.0,2.449133333333333,optimal
2021-02-11 19:00:00,24,91,0.0,0.0,0.0,3.0564333333333336,optimal
2021-02-11 19:30:00,24,91,0.32815917833133534,0.0,0.0,1.1180666666666665,optimal
2021-02-11 20:00:00,24,91,1.6226945250504188,0.0,0.0,0.409,optimal
2021-02-11 20:30:00,24,91,0.0,0.0,0.0,0.7565333333333333,optimal
2021-02-11 21:00:00,24,91,0.0,0.0,0.0,0.4799666666666666,optimal
2021-02-11 21:30:00,24,91,0.0,0.0,0.0,0.4931666666666667,optimal
2021-02-11 22:00:00,24,91,0.0,0.0,0.0,0.1442,optimal
2021-02-11 22:30:00,24,91,0.0,0.0,0.0,0.0734,optimal
2021-02-11 23:00:00,24,91,0.0,0.0,0.0,0.29306666666666664,optimal
2021-02-11 23:30:00,24,91,0.0,0.0,0.0,0.21259999999999998,optimal
2021-02-12 00:00:00,24,91,0.7498443432310113,0.0,0.0,0.122,optimal
2021-02-12 00:30:00,24,91,2.2857142857142856,0.0,0.0,0.053,optimal
2021-02-12 01:00:00,24,91,2.2857142857142856,0.0,0.0,0.053,optimal
2021-02-12 01:30:00,24,91,2.2857142857142856,0.0,0.0,0.122,optimal
2021-02-12 02:00:00,24,91,2.2857142857142856,0.0,0.0,0.053,optimal
2021-02-12 02:30:00,24,91,2.2857142857142856,0.0,0.0,0.122,optimal
2021-02-12 03:00:00,24,91,2.2857142857142856,0.0,0.0,0.052333333333333336,optimal
2021-02-12 03:30:00,24,91,2.2857142857142856,0.0,0.0,0.053,optimal
2021-02-12 04:00:00,24,91,2.2857142857142856,0.0,0.0,0.053,optimal
2021-02-12 04:30:00,24,91,2.2857142857142856,0.0,0.0,0.0645,optimal
2021-02-12 05:00:00,24,91,2.2857142857142856,0.0,0.0,0.1105,optimal
2021-02-12 05:30:00,24,91,2.2857142857142856,0.0,1.2356445631999242,0.053,optimal
2021-02-12 06:00:00,24,91,2.2857142857142856,0.0,10.0,0.09516666666666669,optimal
2021-02-12 06:30:00,24,91,2.2857142857142856,0.0,10.0,0.07983333333333333,optimal
2021-02-12 07:00:00,24,91,2.2857142857142856,0.0,10.0,0.07123333333333333,optimal
2021-02-12 07:30:00,24,91,2.2857142857142856,0.0,0.0,0.13533333333333333,optimal
2021-02-12 08:00:00,24,91,2.2857142857142856,0.0,0.0,0.9625666666666668,optimal
2021-02-12 08:30:00,24,91,2.2701796505856677,0.0,0.0,0.051,optimal
2021-02-12 09:00:00,24,91,2.2857142857142856,0.0,0.0,0.9934,optimal
2021-02-12 09:30:00,24,91,1.0627462218780674,0.0,0.0,0.1155,optimal
2021-02-12 10:00:00,24,91,0.630496699815019,0.0,0.0,0.267,optimal
2021-02-12 10:30:00,24,91,0.6403904861349347,0.0,0.0,2.5014000000000003,optimal
2021-02-12 11:00:00,24,91,0.5321311368985431,0.0,0.0,0.204,optimal
2021-02-12 11:30:00,24,91,0.5305059554266425,0.0,0.0,0.2596666666666667,optimal
2021-02-12 12:00:00,24,91,0.31760492285072234,0.0,0.0,0.49973333333333336,optimal
2021-02-12 12:30:00,24,91,0.36573593185499276,0.0,0.0,0.3923333333333333,optimal
2021-02-12 13:00:00,24,91,2.2857142857142856,0.0,0.0,0.063,optimal
2021-02-12 13:30:00,24,91,2.2857142857142856,0.0,0.0,0.226,optimal
2021-02-12 14:00:00,24,91,2.2857142857142856,0.0,0.0,0.2833,optimal
2021-02-12 14:30:00,24,91,2.2857142857142856,0.0,0.0,0.11366666666666668,optimal
2021-02-12 15:00:00,24,91,2.2857142857142856,0.0,0.0,0.41276666666666667,optimal
2021-02-12 15:30:00,24,91,2.2857142857142856,0.0,0.0,0.22016666666666662,optimal
2021-02-12 16:00:00,24,91,0.0,0.0,0.0,0.2888,optimal
2021-02-12 16:30:00,24,91,0.0,0.0,0.0,0.20516666666666664,optimal
2021-02-12 17:00:00,24,91,0.0,0.0,0.0,0.1425,optimal
2021-02-12 17:30:00,24,91,0.0,0.0,0.0,0.08083333333333333,optimal
2021-02-12 18:00:00,24,91,0.0,0.0,0.0,0.16333333333333333,optimal
2021-02-12 18:30:00,24,91,0.0,0.0,0.0,0.1955,optimal
2021-02-12 19:00:00,24,91,0.0,0.0,0.0,0.2162333333333333,optimal
2021-02-12 19:30:00,24,91,0.0,0.0,0.0,0.14656666666666665,optimal
2021-02-12 20:00:00,24,91,0.1927224623286458,0.0,0.0,0.23133333333333328,optimal
2021-02-12 20:30:00,24,91,0.0,0.0,0.0,0.2824,optimal
2021-02-12 21:00:00,24,91,0.0,0.0,0.0,0.30226666666666663,optimal
2021-02-12 21:30:00,24,91,0.0,0.0,0.0,0.19166666666666662,optimal
2021-02-12 22:00:00,24,91,0.0,0.0,0.0,0.06833333333333333,optimal
2021-02-12 22:30:00,24,91,0.0,0.0,0.0,0.0745,optimal
2021-02-12 23:00:00,24,91,0.0,0.0,0.0,0.1205,optimal
2021-02-12 23:30:00,24,91,0.0,0.0,0.0,0.05866666666666666,optimal
2021-02-13 00:00:00,24,91,0.0,0.0,0.0,0.08316666666666667,optimal
2021-02-13 00:30:00,24,91,0.23885714285714285,0.0,0.0,0.21463333333333331,optimal
2021-02-13 01:00:00,24,91,0.0,0.0,0.0,0.2114,optimal
2021-02-13 01:30:00,24,91,0.0,0.0,0.0,0.19546666666666668,optimal
2021-02-13 02:00:00,24,91,2.086163077267413,0.0,0.0,0.22293333333333332,optimal
2021-02-13 02:30:00,24,91,2.2857142857142856,0.0,0.0,0.16083333333333336,optimal
2021-02-13 03:00:00,24,91,2.2857142857142856,0.0,0.0,0.16376666666666667,optimal
2021-02-13 03:30:00,24,91,2.2857142857142856,0.0,0.0,0.2114,optimal
2021-02-13 04:00:00,24,91,2.2857142857142856,0.0,0.0,0.21080000000000002,optimal
2021-02-13 04:30:00,24,91,2.2857142857142856,0.0,0.0,0.087,optimal
2021-02-13 05:00:00,24,91,2.2857142857142856,0.0,0.0,0.2258,optimal
2021-02-13 05:30:00,24,91,2.2857142857142856,0.0,0.0,0.2002333333333333,optimal
2021-02-13 06:00:00,24,91,2.2857142857142856,0.0,2.0585304846178145,0.08316666666666667,optimal
2021-02-13 06:30:00,24,91,2.2857142857142856,0.0,10.0,0.23746666666666666,optimal
2021-02-13 07:00:00,24,91,2.2857142857142856,0.0,10.0,0.1552333333333333,optimal
2021-02-13 07:30:00,24,91,2.2857142857142856,0.0,0.0,1.5865666666666667,optimal
2021-02-13 08:00:00,24,91,1.3346466187653994,0.0,0.0,0.4049666666666666,optimal
2021-02-13 08:30:00,24,91,1.4062842944363345,0.0,0.0,0.205,optimal
2021-02-13 09:00:00,24,91,1.2603151618454667,0.0,0.0,0.1956,optimal
2021-02-13 09:30:00,24,91,1.2118559211525675,0.0,0.0,0.3539,optimal
2021-02-13 10:00:00,24,91,0.9755428942499147,0.0,0.0,0.10383333333333332,optimal
2021-02-13 10:30:00,24,91,0.9327081889684751,0.0,0.0,0.2354,optimal
2021-02-13 11:00:00,24,91,0.6449303433539029,0.0,0.0,0.1763,optimal
2021-02-13 11:30:00,24,91,0.6648194475962582,0.0,0.0,0.09466666666666669,optimal
2021-02-13 12:00:00,24,91,0.36358758990395645,0.0,0.0,0.6000666666666667,optimal
2021-02-13 12:30:00,24,91,0.33262865553155435,0.0,0.0,0.7323,optimal
2021-02-13 13:00:00,24,91,2.2857142857142856,0.0,0.0,1.2741,optimal
2021-02-13 13:30:00,24,91,2.2857142857142856,0.0,0.0,0.22240000000000001,optimal
2021-02-13 14:00:00,24,91,2.2857142857142856,0.0,0.0,0.21780000000000002,optimal
2021-02-13 14:30:00,24,91,2.2857142857142856,0.0,0.0,0.32089999999999996,optimal
2021-02-13 15:00:00,24,91,2.2857142857142856,0.0,0.0,0.2215,optimal
2021-02-13 15:30:00,24,91,2.2857142857142856,0.0,0.0,0.17909999999999998,optimal
2021-02-13 16:00:00,24,91,0.0,0.0,0.0,0.6043333333333334,optimal
2021-02-13 16:30:00,24,91,0.0,0.0,0.0,0.9208333333333334,optimal
2021-02-13 17:00:00,24,91,0.0,0.0,0.0,0.5474,optimal
2021-02-13 17:30:00,24,91,0.0,0.0,0.0,0.38480000000000003,optimal
2021-02-13 18:00:00,24,91,0.0,0.0,0.0,0.5388,optimal
2021-02-13 18:30:00,24,91,0.0,0.0,0.0,0.4628,optimal
2021-02-13 19:00:00,24,91,0.0,0.0,0.0,0.41783333333333333,optimal
2021-02-13 19:30:00,24,91,0.0,0.0,0.0,0.7349333333333333,optimal
2021-02-13 20:00:00,24,91,0.3728272479056893,0.0,0.0,0.2789333333333333,optimal
2021-02-13 20:30:00,24,91,0.0,0.0,0.0,0.3984,optimal
2021-02-13 21:00:00,24,91,0.0,0.0,0.0,0.5003,optimal
2021-02-13 21:30:00,24,91,0.0,0.0,0.0,0.5641333333333334,optimal
2021-02-13 22:00:00,24,91,0.0,0.0,0.0,0.133,optimal
2021-02-13 22:30:00,24,91,0.0,0.0,0.0,0.24403333333333332,optimal
2021-02-13 23:00:00,24,91,0.0,0.0,0.0,0.20116666666666663,optimal
2021-02-13 23:30:00,24,91,0.0,0.0,0.0,0.20853333333333332,optimal
2021-02-07 00:00:00,25,91,0.0,0.0,0.0,0.059,optimal
2021-02-07 00:30:00,25,91,0.0,0.0,0.0,0.17233333333333334,optimal
2021-02-07 01:00:00,25,91,0.0,0.0,0.0,0.1274,optimal
2021-02-07 01:30:00,25,91,0.0,0.0,0.0,0.059,optimal
2021-02-07 02:00:00,25,91,0.0,0.0,0.0,0.2369333333333333,optimal
2021-02-07 02:30:00,25,91,0.0,0.0,0.0,0.0628,optimal
2021-02-07 03:00:00,25,91,0.0,0.0,0.0,0.059,optimal
2021-02-07 03:30:00,25,91,0.0,0.0,0.0,0.17246666666666666,optimal
2021-02-07 04:00:00,25,91,2.2857142857142856,0.0,0.0,0.12726666666666667,optimal
2021-02-07 04:30:00,25,91,2.2857142857142856,0.0,0.0,0.059,optimal
2021-02-07 05:00:00,25,91,2.2857142857142856,0.0,0.0,0.22933333333333328,optimal
2021-02-07 05:30:00,25,91,2.2857142857142856,0.0,0.0,0.0704,optimal
2021-02-07 06:00:00,25,91,2.2857142857142856,0.0,0.0,0.8625666666666667,optimal
2021-02-07 06:30:00,25,91,2.2857142857142856,0.0,1.4055777348378222,1.4743666666666666,optimal
2021-02-07 07:00:00,25,91,2.2857142857142856,0.0,0.0,0.058,optimal
2021-02-07 07:30:00,25,91,0.0,0.0,0.0,0.08726666666666666,optimal
2021-02-07 08:00:00,25,91,0.0,0.0,0.0,0.2774,optimal
2021-02-07 08:30:00,25,91,0.0,0.0,0.0,0.2987333333333333,optimal
2021-02-07 09:00:00,25,91,0.0,0.0,0.0,0.204,optimal
2021-02-07 09:30:00,25,91,0.0,0.0,0.0,2.2448,optimal
2021-02-07 10:00:00,25,91,0.5306874825242043,0.0,0.0,1.7180666666666666,optimal
2021-02-07 10:30:00,25,91,0.769303471618054,0.0,0.0,2.4244666666666665,optimal
2021-02-07 11:00:00,25,91,0.6643840182934452,0.0,0.0,2.0779666666666667,optimal
2021-02-07 11:30:00,25,91,0.778839256388684,0.0,0.0,0.5180333333333333,optimal
2021-02-07 12:00:00,25,91,0.831619746624653,0.0,0.0,0.069,optimal
2021-02-07 12:30:00,25,91,0.7339054609103501,0.0,0.0,0.206,optimal
2021-02-07 13:00:00,25,91,2.2857142857142856,0.0,0.0,0.15146666666666667,optimal
2021-02-07 13:30:00,25,91,2.2857142857142856,0.0,0.0,0.17666666666666667,optimal
2021-02-07 14:00:00,25,91,2.2857142857142856,0.0,0.0,0.07466666666666667,optimal
2021-02-07 14:30:00,25,91,2.2857142857142856,0.0,0.0,0.16,optimal
2021-02-07 15:00:00,25,91,2.2857142857142856,0.0,0.0,0.1597333333333333,optimal
2021-02-07 15:30:00,25,91,2.2857142857142856,0.0,0.0,0.1222,optimal
2021-02-07 16:00:00,25,91,0.0,0.0,0.0,0.0842,optimal
2021-02-07 16:30:00,25,91,0.0,0.0,0.0,0.22413333333333332,optimal
2021-02-07 17:00:00,25,91,0.0,0.0,0.0,2.0377666666666667,optimal
2021-02-07 17:30:00,25,91,0.0,0.0,0.0,0.9319666666666668,optimal
2021-02-07 18:00:00,25,91,0.0,0.0,0.0,3.0586666666666664,optimal
2021-02-07 18:30:00,25,91,0.0,0.0,0.0,0.25653333333333334,optimal
2021-02-07 19:00:00,25,91,0.0,0.0,0.0,2.0420333333333334,optimal
2021-02-07 19:30:00,25,91,0.0,0.0,0.0,0.46216666666666667,optimal
2021-02-07 20:00:00,25,91,0.1801253992135854,0.0,0.0,0.1029,optimal
2021-02-07 20:30:00,25,91,0.0,0.0,0.0,0.5752666666666667,optimal
2021-02-07 21:00:00,25,91,0.0,0.0,0.0,1.8002333333333331,optimal
2021-02-07 21:30:00,25,91,0.0,0.0,0.0,1.9861,optimal
2021-02-07 22:00:00,25,91,0.0,0.0,0.0,0.8603,optimal
2021-02-07 22:30:00,25,91,0.0,0.0,0.0,0.09166666666666669,optimal
2021-02-07 23:00:00,25,91,0.0,0.0,0.0,0.15966666666666665,optimal
2021-02-07 23:30:00,25,91,0.0,0.0,0.0,0.1374,optimal
2021-02-08 00:00:00,25,91,0.0,0.0,0.0,0.062,optimal
2021-02-08 00:30:00,25,91,0.0,0.0,0.0,0.146,optimal
2021-02-08 01:00:00,25,91,0.0,0.0,0.0,0.2008,optimal
2021-02-08 01:30:00,25,91,0.0,0.0,0.0,0.124,optimal
2021-02-08 02:00:00,25,91,0.0,0.0,0.0,0.2159,optimal
2021-02-08 02:30:00,25,91,1.5016578346206186,0.0,0.0,0.1999,optimal
2021-02-08 03:00:00,25,91,2.2857142857142856,0.0,0.0,0.118,optimal
2021-02-08 03:30:00,25,91,2.2857142857142856,0.0,0.0,0.146,optimal
2021-02-08 04:00:00,25,91,2.2857142857142856,0.0,0.0,0.118,optimal
2021-02-08 04:30:00,25,91,2.2857142857142856,0.0,0.0,0.055,optimal
2021-02-08 05:00:00,25,91,2.2857142857142856,0.0,0.0,0.1845,optimal
2021-02-08 05:30:00,25,91,2.2857142857142856,0.0,0.0,0.0795,optimal
2021-02-08 06:00:00,25,91,2.2857142857142856,0.0,0.0,0.21030000000000001,optimal
2021-02-08 06:30:00,25,91,2.2857142857142856,0.0,5.090162637966596,0.2055,optimal
2021-02-08 07:00:00,25,91,2.2857142857142856,0.0,10.0,1.0709000000000002,optimal
2021-02-08 07:30:00,25,91,2.2857142857142856,0.0,0.0,0.09540000000000001,optimal
2021-02-08 08:00:00,25,91,1.2657376720113622,0.0,0.0,0.188,optimal
2021-02-08 08:30:00,25,91,1.2848927968599433,0.0,0.0,0.152,optimal
2021-02-08 09:00:00,25,91,1.146932975787099,0.0,0.0,0.1738,optimal
2021-02-08 09:30:00,25,91,1.1491431456570735,0.0,0.0,0.125,optimal
2021-02-08 10:00:00,25,91,0.9192957009711887,0.0,0.0,0.1172,optimal
2021-02-08 10:30:00,25,91,0.877771245386937,0.0,0.0,0.29860000000000003,optimal
2021-02-08 11:00:00,25,91,0.6912838475316548,0.0,0.0,0.08916666666666667,optimal
2021-02-08 11:30:00,25,91,0.6370430083973455,0.0,0.0,0.2503,optimal
2021-02-08 12:00:00,25,91,0.5925166434857596,0.0,0.0,0.094,optimal
2021-02-08 12:30:00,25,91,0.5454921080742843,0.0,0.0,0.2105,optimal
2021-02-08 13:00:00,25,91,2.2857142857142856,0.0,0.0,0.1753,optimal
2021-02-08 13:30:00,25,91,2.2857142857142856,0.0,0.0,0.116,optimal
2021-02-08 14:00:00,25,91,2.2857142857142856,0.0,0.0,0.1557666666666667,optimal
2021-02-08 14:30:00,25,91,2.2857142857142856,0.0,0.0,0.6112000000000001,optimal
2021-02-08 15:00:00,25,91,2.2857142857142856,0.0,0.0,0.6755,optimal
2021-02-08 15:30:00,25,91,2.2857142857142856,0.0,0.0,0.06283333333333334,optimal
2021-02-08 16:00:00,25,91,0.0,0.0,0.0,0.5059666666666666,optimal
2021-02-08 16:30:00,25,91,0.0,0.0,0.0,1.2755,optimal
2021-02-08 17:00:00,25,91,0.0,0.0,0.0,0.28833333333333333,optimal
2021-02-08 17:30:00,25,91,0.0,0.0,0.0,0.30689999999999995,optimal
2021-02-08 18:00:00,25,91,0.0,0.0,0.0,0.13406666666666667,optimal
2021-02-08 18:30:00,25,91,0.0,0.0,0.0,0.29553333333333337,optimal
2021-02-08 19:00:00,25,91,0.0,0.0,0.0,0.24346666666666666,optimal
2021-02-08 19:30:00,25,91,0.0,0.0,0.0,0.33613333333333334,optimal
2021-02-08 20:00:00,25,91,0.5370772868325526,0.0,0.0,0.6532666666666667,optimal
2021-02-08 20:30:00,25,91,0.0,0.0,0.0,0.3343666666666667,optimal
2021-02-08 21:00:00,25,91,0.0,0.0,0.0,0.6768666666666667,optimal
2021-02-08 21:30:00,25,91,0.0,0.0,0.0,1.3844666666666667,optimal
2021-02-08 22:00:00,25,91,0.05971428571428571,0.0,0.0,1.9414,optimal
2021-02-08 22:30:00,25,91,0.0,0.0,0.0,0.6018,optimal
2021-02-08 23:00:00,25,91,0.0,0.0,0.0,0.219,optimal
2021-02-08 23:30:00,25,91,0.0,0.0,0.0,0.21680000000000002,optimal
2021-02-09 00:00:00,25,91,0.0,0.0,0.0,0.059,optimal
2021-02-09 00:30:00,25,91,0.33838095238095234,0.0,0.0,0.059,optimal
2021-02-09 01:00:00,25,91,0.0,0.0,0.0,0.059,optimal
2021-02-09 01:30:00,25,91,0.0,0.0,0.0,0.2137333333333333,optimal
2021-02-09 02:00:00,25,91,0.5629512268069533,0.0,0.0,0.059,optimal
2021-02-09 02:30:00,25,91,2.2857142857142856,0.0,0.0,0.08009999999999999,optimal
2021-02-09 03:00:00,25,91,2.2857142857142856,0.0,0.0,0.19263333333333332,optimal
2021-02-09 03:30:00,25,91,2.2857142857142856,0.0,0.0,0.059,optimal
2021-02-09 04:00:00,25,91,2.2857142857142856,0.0,0.0,0.11526666666666668,optimal
2021-02-09 04:30:00,25,91,2.2857142857142856,0.0,0.0,0.15746666666666667,optimal
2021-02-09 05:00:00,25,91,2.2857142857142856,0.0,0.0,0.059,optimal
2021-02-09 05:30:00,25,91,2.2857142857142856,0.0,0.0,0.1856,optimal
2021-02-09 06:00:00,25,91,2.2857142857142856,0.0,0.0,0.08713333333333334,optimal
2021-02-09 06:30:00,25,91,2.2857142857142856,0.0,0.5023331440990906,0.06603333333333333,optimal
2021-02-09 07:00:00,25,91,2.2857142857142856,0.0,10.0,0.2067,optimal
2021-02-09 07:30:00,25,91,2.2857142857142856,0.0,0.0,0.17486666666666667,optimal
2021-02-09 08:00:00,25,91,1.247743319458214,0.0,0.0,0.2422333333333333,optimal
2021-02-09 08:30:00,25,91,1.190903965518665,0.0,0.0,1.0969,optimal
2021-02-09 09:00:00,25,91,1.0806989725827183,0.0,0.0,0.193,optimal
2021-02-09 09:30:00,25,91,1.0126431218464729,0.0,0.0,0.3477333333333333,optimal
2021-02-09 10:00:00,25,91,0.712971429274826,0.0,0.0,0.4089666666666666,optimal
2021-02-09 10:30:00,25,91,0.7167693314390435,0.0,0.0,0.2912333333333333,optimal
2021-02-09 11:00:00,25,91,0.45670537575466863,0.0,0.0,0.3461,optimal
2021-02-09 11:30:00,25,91,0.5055849561875109,0.0,0.0,0.193,optimal
2021-02-09 12:00:00,25,91,0.3502553898276688,0.0,0.0,0.2947666666666667,optimal
2021-02-09 12:30:00,25,91,0.303213904632937,0.0,0.0,0.4731,optimal
2021-02-09 13:00:00,25,91,2.2857142857142856,0.0,0.0,0.16063333333333332,optimal
2021-02-09 13:30:00,25,91,2.2857142857142856,0.0,0.0,0.19169999999999998,optimal
2021-02-09 14:00:00,25,91,2.2857142857142856,0.0,0.0,0.10216666666666668,optimal
2021-02-09 14:30:00,25,91,2.2857142857142856,0.0,0.0,0.15703333333333333,optimal
2021-02-09 15:00:00,25,91,2.2857142857142856,0.0,0.0,0.14636666666666667,optimal
2021-02-09 15:30:00,25,91,2.2857142857142856,0.0,0.0,0.069,optimal
2021-02-09 16:00:00,25,91,0.0,0.0,0.0,0.22373333333333328,optimal
2021-02-09 16:30:00,25,91,0.0,0.0,0.0,0.069,optimal
2021-02-09 17:00:00,25,91,0.0,0.0,0.0,0.10416666666666669,optimal
2021-02-09 17:30:00,25,91,0.0,0.0,0.0,0.18856666666666663,optimal
2021-02-09 18:00:00,25,91,0.0,0.0,0.0,0.069,optimal
2021-02-09 18:30:00,25,91,0.0,0.0,0.0,0.22373333333333328,optimal
2021-02-09 19:00:00,25,91,0.0,0.0,0.0,0.069,optimal
2021-02-09 19:30:00,25,91,0.0,0.0,0.0,0.11823333333333332,optimal
2021-02-09 20:00:00,25,91,0.8326158567488962,0.0,0.0,0.1745,optimal
2021-02-09 20:30:00,25,91,0.0,0.0,0.0,0.069,optimal
2021-02-09 21:00:00,25,91,0.0,0.0,0.0,0.20263333333333333,optimal
2021-02-09 21:30:00,25,91,0.0,0.0,0.0,0.0901,optimal
2021-02-09 22:00:00,25,91,0.11942857142857143,0.0,0.0,0.0832,optimal
2021-02-09 22:30:00,25,91,0.0,0.0,0.0,0.42369999999999997,optimal
2021-02-09 23:00:00,25,91,0.0,0.0,0.0,0.20326666666666668,optimal
2021-02-09 23:30:00,25,91,0.0,0.0,0.0,0.3482,optimal
2021-02-10 00:00:00,25,91,0.0,0.0,0.0,1.1035333333333333,optimal
2021-02-10 00:30:00,25,91,0.9753333333333333,0.0,0.0,2.2145333333333332,optimal
2021-02-10 01:00:00,25,91,0.0,0.0,0.0,0.4645,optimal
2021-02-10 01:30:00,25,91,0.0,0.0,0.0,0.3031333333333333,optimal
2021-02-10 02:00:00,25,91,1.3407643384743793,0.0,0.0,0.1576,optimal
2021-02-10 02:30:00,25,91,2.2857142857142856,0.0,0.0,0.3424,optimal
2021-02-10 03:00:00,25,91,2.2857142857142856,0.0,0.0,0.11443333333333333,optimal
2021-02-10 03:30:00,25,91,2.2857142857142856,0.0,0.0,0.14056666666666667,optimal
2021-02-10 04:00:00,25,91,2.2857142857142856,0.0,0.0,0.15256666666666666,optimal
2021-02-10 04:30:00,25,91,2.2857142857142856,0.0,0.0,0.1358,optimal
2021-02-10 05:00:00,25,91,2.2857142857142856,0.0,0.0,0.1335,optimal
2021-02-10 05:30:00,25,91,2.2857142857142856,0.0,0.0,0.08583333333333333,optimal
2021-02-10 06:00:00,25,91,2.2857142857142856,0.0,0.0,0.17393333333333333,optimal
2021-02-10 06:30:00,25,91,2.2857142857142856,0.0,0.0,0.1192,optimal
2021-02-10 07:00:00,25,91,2.2857142857142856,0.0,9.123255146692621,0.9052,optimal
2021-02-10 07:30:00,25,91,2.2857142857142856,0.0,0.0,0.9270333333333332,optimal
2021-02-10 08:00:00,25,91,1.2539365675532042,0.0,0.0,0.19219999999999998,optimal
2021-02-10 08:30:00,25,91,1.339121555951262,0.0,0.0,0.19776666666666667,optimal
2021-02-10 09:00:00,25,91,1.1928688261280547,0.0,0.0,0.09536666666666666,optimal
2021-02-10 09:30:00,25,91,1.1859395288118413,0.0,0.0,0.07153333333333334,optimal
2021-02-10 10:00:00,25,91,0.8671438474490084,0.0,0.0,0.2216,optimal
2021-02-10 10:30:00,25,91,0.900096874461834,0.0,0.0,0.0702,optimal
2021-02-10 11:00:00,25,91,0.6920976146339545,0.0,0.0,0.1276,optimal
2021-02-10 11:30:00,25,91,0.7039710612139314,0.0,0.0,0.062,optimal
2021-02-10 12:00:00,25,91,0.42810777959828233,0.0,0.0,0.18346666666666667,optimal
2021-02-10 12:30:00,25,91,0.44919349388399954,0.0,0.0,0.10966666666666669,optimal
2021-02-10 13:00:00,25,91,2.2857142857142856,0.0,0.0,0.195,optimal
2021-02-10 13:30:00,25,91,2.2857142857142856,0.0,0.0,0.3085,optimal
2021-02-10 14:00:00,25,91,2.2857142857142856,0.0,0.0,0.10643333333333334,optimal
2021-02-10 14:30:00,25,91,2.2857142857142856,0.0,0.0,0.8284333333333332,optimal
2021-02-10 15:00:00,25,91,2.2857142857142856,0.0,0.0,1.5316333333333334,optimal
2021-02-10 15:30:00,25,91,2.2857142857142856,0.0,0.0,0.2653666666666667,optimal
2021-02-10 16:00:00,25,91,0.0,0.0,0.0,0.15256666666666666,optimal
2021-02-10 16:30:00,25,91,0.0,0.0,0.0,0.2683333333333333,optimal
2021-02-10 17:00:00,25,91,0.0,0.0,0.0,1.7176333333333333,optimal
2021-02-10 17:30:00,25,91,0.0,0.0,0.0,0.7850333333333332,optimal
2021-02-10 18:00:00,25,91,0.0,0.0,0.0,0.19266666666666662,optimal
2021-02-10 18:30:00,25,91,0.0,0.0,0.0,2.0073333333333334,optimal
2021-02-10 19:00:00,25,91,0.0,0.0,0.0,0.20766666666666664,optimal
2021-02-10 19:30:00,25,91,0.1417915998443657,0.0,0.0,0.2039,optimal
2021-02-10 20:00:00,25,91,1.2229802542215542,0.0,0.0,0.14836666666666667,optimal
2021-02-10 20:30:00,25,91,0.0,0.0,0.0,0.1738,optimal
2021-02-10 21:00:00,25,91,0.0,0.0,0.0,3.0937333333333332,optimal
2021-02-10 21:30:00,25,91,0.0,0.0,0.0,0.208,optimal
2021-02-10 22:00:00,25,91,0.0,0.0,0.0,0.07629999999999999,optimal
2021-02-10 22:30:00,25,91,0.0,0.0,0.0,0.08106666666666666,optimal
2021-02-10 23:00:00,25,91,0.0,0.0,0.0,0.21206666666666663,optimal
2021-02-10 23:30:00,25,91,0.0,0.0,0.0,0.06133333333333334,optimal
2021-02-11 00:00:00,25,91,0.09952380952380951,0.0,0.0,0.08613333333333334,optimal
2021-02-11 00:30:00,25,91,0.5573333333333333,0.0,0.0,0.065,optimal
2021-02-11 01:00:00,25,91,2.118114702404197,0.0,0.0,0.065,optimal
2021-02-11 01:30:00,25,91,2.2857142857142856,0.0,0.0,0.065,optimal
2021-02-11 02:00:00,25,91,2.2857142857142856,0.0,0.0,0.065,optimal
2021-02-11 02:30:00,25,91,2.2857142857142856,0.0,0.0,0.065,optimal
2021-02-11 03:00:00,25,91,2.2857142857142856,0.0,0.0,0.065,optimal
2021-02-11 03:30:00,25,91,2.2857142857142856,0.0,0.0,0.065,optimal
2021-02-11 04:00:00,25,91,2.2857142857142856,0.0,0.0,0.065,optimal
2021-02-11 04:30:00,25,91,2.2857142857142856,0.0,0.0,0.065,optimal
2021-02-11 05:00:00,25,91,2.2857142857142856,0.0,0.0,0.065,optimal
2021-02-11 05:30:00,25,91,2.2857142857142856,0.0,0.0,0.065,optimal
2021-02-11 06:00:00,25,91,2.2857142857142856,0.0,0.0,0.06966666666666667,optimal
2021-02-11 06:30:00,25,91,2.2857142857142856,0.0,0.0,0.075,optimal
2021-02-11 07:00:00,25,91,2.2857142857142856,0.0,8.743809365772798,0.06966666666666667,optimal
2021-02-11 07:30:00,25,91,2.2857142857142856,0.0,0.0,0.6925333333333333,optimal
2021-02-11 08:00:00,25,91,1.1217260989399616,0.0,0.0,1.0386,optimal
2021-02-11 08:30:00,25,91,1.2763597385938021,0.0,0.0,0.9422,optimal
2021-02-11 09:00:00,25,91,0.9673084935700715,0.0,0.0,3.2474666666666665,optimal
2021-02-11 09:30:00,25,91,0.7622108383301819,0.0,0.0,3.7262,optimal
2021-02-11 10:00:00,25,91,0.4257650639679262,0.0,0.0,2.5778000000000003,optimal
2021-02-11 10:30:00,25,91,0.6774291463928108,0.0,0.0,0.4623,optimal
2021-02-11 11:00:00,25,91,0.6022728419620377,0.0,0.0,0.183,optimal
2021-02-11 11:30:00,25,91,0.6055941675023496,0.0,0.0,0.1706,optimal
2021-02-11 12:00:00,25,91,0.3635829893174782,0.0,0.0,0.2339,optimal
2021-02-11 12:30:00,25,91,0.32801182065875883,0.0,0.0,0.075,optimal
2021-02-11 13:00:00,25,91,2.2857142857142856,0.0,0.0,0.075,optimal
2021-02-11 13:30:00,25,91,2.2857142857142856,0.0,0.0,0.075,optimal
2021-02-11 14:00:00,25,91,2.2857142857142856,0.0,0.0,0.075,optimal
2021-02-11 14:30:00,25,91,2.2857142857142856,0.0,0.0,0.075,optimal
2021-02-11 15:00:00,25,91,2.2857142857142856,0.0,0.0,0.075,optimal
2021-02-11 15:30:00,25,91,2.2857142857142856,0.0,0.0,0.075,optimal
2021-02-11 16:00:00,25,91,0.0,0.0,0.0,0.075,optimal
2021-02-11 16:30:00,25,91,0.0,0.0,0.0,0.075,optimal
2021-02-11 17:00:00,25,91,0.0,0.0,0.0,0.075,optimal
2021-02-11 17:30:00,25,91,0.0,0.0,0.0,0.2675,optimal
2021-02-11 18:00:00,25,91,0.0,0.0,0.0,0.47243333333333326,optimal
2021-02-11 18:30:00,25,91,0.0,0.0,0.0,1.3814000000000002,optimal
2021-02-11 19:00:00,25,91,0.0,0.0,0.0,1.1926666666666668,optimal
2021-02-11 19:30:00,25,91,0.7249662383755733,0.0,0.0,0.25626666666666664,optimal
2021-02-11 20:00:00,25,91,1.536808810764711,0.0,0.0,0.49489999999999995,optimal
2021-02-11 20:30:00,25,91,0.0,0.0,0.0,0.5241333333333333,optimal
2021-02-11 21:00:00,25,91,0.0,0.0,0.0,0.5098666666666667,optimal
2021-02-11 21:30:00,25,91,0.0,0.0,0.0,0.3293333333333333,optimal
2021-02-11 22:00:00,25,91,0.31847619047619047,0.0,0.0,0.31610000000000005,optimal
2021-02-11 22:30:00,25,91,0.0,0.0,0.0,1.1572,optimal
2021-02-11 23:00:00,25,91,0.0,0.0,0.0,0.075,optimal
2021-02-11 23:30:00,25,91,0.0,0.0,0.0,0.073,optimal
2021-02-12 00:00:00,25,91,0.05971428571428571,0.0,0.0,0.127,optimal
2021-02-12 00:30:00,25,91,2.285714285714285,0.0,0.0,0.1207,optimal
2021-02-12 01:00:00,25,91,2.2857142857142856,0.0,0.0,0.14466666666666667,optimal
2021-02-12 01:30:00,25,91,2.2857142857142856,0.0,0.0,0.2887333333333333,optimal
2021-02-12 02:00:00,25,91,2.2857142857142856,0.0,0.0,0.058,optimal
2021-02-12 02:30:00,25,91,2.2857142857142856,0.0,0.0,0.13,optimal
2021-02-12 03:00:00,25,91,2.2857142857142856,0.0,0.0,0.118,optimal
2021-02-12 03:30:00,25,91,2.2857142857142856,0.0,0.0,0.058,optimal
2021-02-12 04:00:00,25,91,2.2857142857142856,0.0,0.0,0.088,optimal
2021-02-12 04:30:00,25,91,2.2857142857142856,0.0,0.0,0.16,optimal
2021-02-12 05:00:00,25,91,2.2857142857142856,0.0,0.0,0.058,optimal
2021-02-12 05:30:00,25,91,2.2857142857142856,0.0,5.1750690963097306,0.19,optimal
2021-02-12 06:00:00,25,91,2.2857142857142856,0.0,10.0,0.058,optimal
2021-02-12 06:30:00,25,91,2.2857142857142856,0.0,10.0,0.058,optimal
2021-02-12 07:00:00,25,91,2.2857142857142856,0.0,10.0,0.28063333333333335,optimal
2021-02-12 07:30:00,25,91,2.2857142857142856,0.0,0.0,0.3381,optimal
2021-02-12 08:00:00,25,91,1.5818003423683435,0.0,0.0,0.32243333333333335,optimal
2021-02-12 08:30:00,25,91,1.428304513486922,0.0,0.0,1.2460666666666667,optimal
2021-02-12 09:00:00,25,91,1.4207589685471036,0.0,0.0,0.11333333333333331,optimal
2021-02-12 09:30:00,25,91,1.2627747933066291,0.0,0.0,0.14466666666666667,optimal
2021-02-12 10:00:00,25,91,0.8494395569578821,0.0,0.0,0.068,optimal
2021-02-12 10:30:00,25,91,0.8202476289920859,0.0,0.0,0.074,optimal
2021-02-12 11:00:00,25,91,0.4103311368985468,0.0,0.0,0.3433333333333333,optimal
2021-02-12 11:30:00,25,91,0.3827945268552193,0.0,0.0,1.2375999999999998,optimal
2021-02-12 12:00:00,25,91,0.2901230180888255,0.0,0.0,0.5003,optimal
2021-02-12 12:30:00,25,91,0.28763116995022986,0.0,0.0,0.497,optimal
2021-02-12 13:00:00,25,91,2.2857142857142856,0.0,0.0,0.407,optimal
2021-02-12 13:30:00,25,91,2.2857142857142856,0.0,0.0,0.5186000000000001,optimal
2021-02-12 14:00:00,25,91,2.2857142857142856,0.0,0.0,0.088,optimal
2021-02-12 14:30:00,25,91,2.2857142857142856,0.0,0.0,0.058,optimal
2021-02-12 15:00:00,25,91,2.2857142857142856,0.0,0.0,0.19866666666666663,optimal
2021-02-12 15:30:00,25,91,2.2857142857142856,0.0,0.0,0.068,optimal
2021-02-12 16:00:00,25,91,0.0,0.0,0.0,0.2,optimal
2021-02-12 16:30:00,25,91,0.0,0.0,0.0,0.068,optimal
2021-02-12 17:00:00,25,91,0.0,0.0,0.0,0.144,optimal
2021-02-12 17:30:00,25,91,0.0,0.0,0.0,0.39703333333333335,optimal
2021-02-12 18:00:00,25,91,0.0,0.0,0.0,1.5724,optimal
2021-02-12 18:30:00,25,91,0.0,0.0,0.0,1.0002666666666669,optimal
2021-02-12 19:00:00,25,91,0.0,0.0,0.0,0.16966666666666666,optimal
2021-02-12 19:30:00,25,91,0.0,0.0,0.0,0.059333333333333335,optimal
2021-02-12 20:00:00,25,91,0.5819981504759676,0.0,0.0,0.178,optimal
2021-02-12 20:30:00,25,91,0.0,0.0,0.0,0.1869,optimal
2021-02-12 21:00:00,25,91,0.0,0.0,0.0,0.19366666666666663,optimal
2021-02-12 21:30:00,25,91,0.0,0.0,0.0,0.33613333333333334,optimal
2021-02-12 22:00:00,25,91,0.0,0.0,0.0,0.059333333333333335,optimal
2021-02-12 22:30:00,25,91,0.0,0.0,0.0,0.19,optimal
2021-02-12 23:00:00,25,91,0.0,0.0,0.0,0.058,optimal
2021-02-12 23:30:00,25,91,0.0,0.0,0.0,0.142,optimal
2021-02-13 00:00:00,25,91,0.0,0.0,0.0,0.2827333333333333,optimal
2021-02-13 00:30:00,25,91,0.8758095238095238,0.0,0.0,0.2443333333333333,optimal
2021-02-13 01:00:00,25,91,0.0,0.0,0.0,0.048,optimal
2021-02-13 01:30:00,25,91,0.0,0.0,0.0,0.16016666666666665,optimal
2021-02-13 02:00:00,25,91,1.7870092646686995,0.0,0.0,0.2396,optimal
2021-02-13 02:30:00,25,91,2.2857142857142856,0.0,0.0,0.1925,optimal
2021-02-13 03:00:00,25,91,2.2857142857142856,0.0,0.0,0.3701333333333333,optimal
2021-02-13 03:30:00,25,91,2.2857142857142856,0.0,0.0,0.7153666666666667,optimal
2021-02-13 04:00:00,25,91,2.2857142857142856,0.0,0.006183547554973015,0.3133,optimal
2021-02-13 04:30:00,25,91,2.2857142857142856,0.0,10.0,0.3272,optimal
2021-02-13 05:00:00,25,91,2.2857142857142856,0.0,0.0,0.15733333333333335,optimal
2021-02-13 05:30:00,25,91,2.2857142857142856,0.0,0.0,0.15333333333333335,optimal
2021-02-13 06:00:00,25,91,2.2857142857142856,0.0,0.0,0.0685,optimal
2021-02-13 06:30:00,25,91,2.2857142857142856,0.0,0.0,0.26843333333333336,optimal
2021-02-13 07:00:00,25,91,2.2857142857142856,0.0,0.0,0.07906666666666666,optimal
2021-02-13 07:30:00,25,91,2.2857142857142856,0.0,0.0,0.22783333333333328,optimal
2021-02-13 08:00:00,25,91,1.413366618765389,0.0,0.0,0.14383333333333334,optimal
2021-02-13 08:30:00,25,91,1.2164747706268229,0.0,0.0,0.31726666666666664,optimal
2021-02-13 09:00:00,25,91,1.0312294475597568,0.0,0.0,1.0295999999999998,optimal
2021-02-13 09:30:00,25,91,1.0812806830573078,0.0,0.0,0.057,optimal
2021-02-13 10:00:00,25,91,0.7461619418689784,0.0,0.0,0.2542666666666667,optimal
2021-02-13 10:30:00,25,91,0.6079158080160929,0.0,0.0,0.7012,optimal
2021-02-13 11:00:00,25,91,0.3512674862110336,0.0,0.0,1.3474666666666666,optimal
2021-02-13 11:30:00,25,91,0.46110516188197875,0.0,0.0,0.2528,optimal
2021-02-13 12:00:00,25,91,0.2568637803801593,0.0,0.0,0.4372,optimal
2021-02-13 12:30:00,25,91,0.3396172269601362,0.0,0.0,0.1714,optimal
2021-02-13 13:00:00,25,91,2.2857142857142856,0.0,0.0,0.7807333333333334,optimal
2021-02-13 13:30:00,25,91,2.2857142857142856,0.0,0.0,1.6060999999999999,optimal
2021-02-13 14:00:00,25,91,2.2857142857142856,0.0,0.0,0.094,optimal
2021-02-13 14:30:00,25,91,2.2857142857142856,0.0,0.0,0.29733333333333334,optimal
2021-02-13 15:00:00,25,91,2.2857142857142856,0.0,0.0,0.13156666666666667,optimal
2021-02-13 15:30:00,25,91,2.2857142857142856,0.0,0.0,0.18780000000000002,optimal
2021-02-13 16:00:00,25,91,0.0,0.0,0.0,0.5943666666666667,optimal
2021-02-13 16:30:00,25,91,0.0,0.0,0.0,0.24780000000000002,optimal
2021-02-13 17:00:00,25,91,0.0,0.0,0.0,0.38726666666666665,optimal
2021-02-13 17:30:00,25,91,0.0,0.0,0.0,0.25939999999999996,optimal
2021-02-13 18:00:00,25,91,0.0,0.0,0.0,0.37,optimal
2021-02-13 18:30:00,25,91,0.0,0.0,0.0,0.5661333333333334,optimal
2021-02-13 19:00:00,25,91,0.0,0.0,0.0,0.46086666666666665,optimal
2021-02-13 19:30:00,25,91,0.0,0.0,0.0,0.3821,optimal
2021-02-13 20:00:00,25,91,0.9078919614978334,0.0,0.0,0.2909333333333333,optimal
2021-02-13 20:30:00,25,91,0.0,0.0,0.0,0.3775,optimal
2021-02-13 21:00:00,25,91,0.0,0.0,0.0,0.3690333333333334,optimal
2021-02-13 21:30:00,25,91,0.0,0.0,0.0,0.21156666666666663,optimal
2021-02-13 22:00:00,25,91,0.059714285714285706,0.0,0.0,0.6052333333333334,optimal
2021-02-13 22:30:00,25,91,0.0,0.0,0.0,0.3333,optimal
2021-02-13 23:00:00,25,91,0.0,0.0,0.0,0.5134333333333333,optimal
2021-02-13 23:30:00,25,91,0.0,0.0,0.0,0.3635,optimal
2021-02-07 00:00:00,26,91,0.0,0.0,0.0,0.17683333333333334,optimal
2021-02-07 00:30:00,26,91,0.0,0.0,0.0,0.197,optimal
2021-02-07 01:00:00,26,91,0.0,0.0,0.0,0.064,optimal
2021-02-07 01:30:00,26,91,0.0,0.0,0.0,0.064,optimal
2021-02-07 02:00:00,26,91,0.0,0.0,0.0,0.064,optimal
2021-02-07 02:30:00,26,91,0.0,0.0,0.0,0.064,optimal
2021-02-07 03:00:00,26,91,0.0,0.0,0.0,0.064,optimal
2021-02-07 03:30:00,26,91,0.0,0.0,0.0,0.064,optimal
2021-02-07 04:00:00,26,91,2.4285714285714284,0.0,0.0,0.064,optimal
2021-02-07 04:30:00,26,91,2.4285714285714284,0.0,0.0,0.064,optimal
2021-02-07 05:00:00,26,91,2.4285714285714284,0.0,0.0,0.064,optimal
2021-02-07 05:30:00,26,91,2.4285714285714284,0.0,0.0,0.06833333333333333,optimal
2021-02-07 06:00:00,26,91,2.4285714285714284,0.0,0.0,0.074,optimal
2021-02-07 06:30:00,26,91,2.4285714285714284,0.0,1.4055777348378222,0.19726666666666667,optimal
2021-02-07 07:00:00,26,91,2.4285714285714284,0.0,0.0,0.14966666666666667,optimal
2021-02-07 07:30:00,26,91,0.0,0.0,0.0,0.06786666666666666,optimal
2021-02-07 08:00:00,26,91,0.0,0.0,0.0,0.071,optimal
2021-02-07 08:30:00,26,91,0.0,0.0,0.0,0.064,optimal
2021-02-07 09:00:00,26,91,0.0,0.0,0.0,0.064,optimal
2021-02-07 09:30:00,26,91,0.04712708403612898,0.0,0.0,0.17626666666666668,optimal
2021-02-07 10:00:00,26,91,0.9279197753408863,0.0,0.0,0.2528666666666667,optimal
2021-02-07 10:30:00,26,91,0.9509415668561514,0.0,0.0,0.18466666666666662,optimal
2021-02-07 11:00:00,26,91,0.783373542102988,0.0,0.0,0.22893333333333332,optimal
2021-02-07 11:30:00,26,91,0.7937544944839425,0.0,0.0,0.209,optimal
2021-02-07 12:00:00,26,91,0.7098483180532157,0.0,0.0,0.231,optimal
2021-02-07 12:30:00,26,91,0.6910864132912987,0.0,0.0,0.336,optimal
2021-02-07 13:00:00,26,91,1.6579719727045232,0.0,0.0,0.45966666666666667,optimal
2021-02-07 13:30:00,26,91,2.4285714285714284,0.0,0.0,0.366,optimal
2021-02-07 14:00:00,26,91,2.4285714285714284,0.0,0.0,0.3776666666666667,optimal
2021-02-07 14:30:00,26,91,2.4285714285714284,0.0,0.0,0.3858333333333333,optimal
2021-02-07 15:00:00,26,91,2.4285714285714284,0.0,0.0,1.6495333333333333,optimal
2021-02-07 15:30:00,26,91,2.4285714285714284,0.0,0.0,0.14176666666666668,optimal
2021-02-07 16:00:00,26,91,0.0,0.0,0.0,0.062,optimal
2021-02-07 16:30:00,26,91,0.0,0.0,0.0,0.07066666666666667,optimal
2021-02-07 17:00:00,26,91,0.0,0.0,0.0,0.072,optimal
2021-02-07 17:30:00,26,91,0.0,0.0,0.0,0.12693333333333334,optimal
2021-02-07 18:00:00,26,91,0.0,0.0,0.0,0.2506,optimal
2021-02-07 18:30:00,26,91,0.0,0.0,0.0,1.2872666666666668,optimal
2021-02-07 19:00:00,26,91,0.0,0.0,0.0,3.156733333333333,optimal
2021-02-07 19:30:00,26,91,0.0,0.0,0.0,2.1264000000000003,optimal
2021-02-07 20:00:00,26,91,0.0,0.0,0.0,0.3276,optimal
2021-02-07 20:30:00,26,91,0.0,0.0,0.0,0.459,optimal
2021-02-07 21:00:00,26,91,0.0,0.0,0.0,0.43773333333333336,optimal
2021-02-07 21:30:00,26,91,0.0,0.0,0.0,0.3612666666666666,optimal
2021-02-07 22:00:00,26,91,0.0,0.0,0.0,0.363,optimal
2021-02-07 22:30:00,26,91,0.0,0.0,0.0,0.35,optimal
2021-02-07 23:00:00,26,91,0.0,0.0,0.0,0.193,optimal
2021-02-07 23:30:00,26,91,0.0,0.0,0.0,0.08976666666666666,optimal
2021-02-08 00:00:00,26,91,0.0,0.0,0.0,0.12713333333333335,optimal
2021-02-08 00:30:00,26,91,0.0,0.0,0.0,0.24086666666666667,optimal
2021-02-08 01:00:00,26,91,0.0,0.0,0.0,0.0708,optimal
2021-02-08 01:30:00,26,91,0.0,0.0,0.0,0.175,optimal
2021-02-08 02:00:00,26,91,0.0,0.0,0.0,0.13493333333333335,optimal
2021-02-08 02:30:00,26,91,0.0,0.0,0.0,0.30910000000000004,optimal
2021-02-08 03:00:00,26,91,2.3823962709205144,0.0,0.0,0.0747,optimal
2021-02-08 03:30:00,26,91,2.4285714285714284,0.0,0.0,0.1832333333333333,optimal
2021-02-08 04:00:00,26,91,2.4285714285714284,0.0,0.0,0.1605,optimal
2021-02-08 04:30:00,26,91,2.4285714285714284,0.0,0.0,0.2251,optimal
2021-02-08 05:00:00,26,91,2.4285714285714284,0.0,0.0,0.08483333333333333,optimal
2021-02-08 05:30:00,26,91,2.4285714285714284,0.0,0.0,0.1467,optimal
2021-02-08 06:00:00,26,91,2.4285714285714284,0.0,0.0,0.1525,optimal
2021-02-08 06:30:00,26,91,2.4285714285714284,0.0,3.0039589318547066,0.2364333333333333,optimal
2021-02-08 07:00:00,26,91,2.4285714285714284,0.0,10.0,0.2119,optimal
2021-02-08 07:30:00,26,91,2.4285714285714284,0.0,0.0,0.26293333333333335,optimal
2021-02-08 08:00:00,26,91,1.2075852910589642,0.0,0.0,0.10993333333333334,optimal
2021-02-08 08:30:00,26,91,1.0273594635266232,0.0,0.0,1.417733333333333,optimal
2021-02-08 09:00:00,26,91,1.0377996424537783,0.0,0.0,0.16666666666666666,optimal
2021-02-08 09:30:00,26,91,1.1175907647047014,0.0,0.0,0.12533333333333332,optimal
2021-02-08 10:00:00,26,91,0.8807528438283306,0.0,0.0,0.264,optimal
2021-02-08 10:30:00,26,91,0.9211331501488194,0.0,0.0,0.1587333333333333,optimal
2021-02-08 11:00:00,26,91,0.6645409903888101,0.0,0.0,0.185,optimal
2021-02-08 11:30:00,26,91,0.6416525322068899,0.0,0.0,0.24106666666666662,optimal
2021-02-08 12:00:00,26,91,0.5540118815810035,0.0,0.0,0.24066666666666664,optimal
2021-02-08 12:30:00,26,91,0.5465206795028509,0.0,0.0,0.21880000000000002,optimal
2021-02-08 13:00:00,26,91,1.791295967424001,0.0,0.0,0.2039333333333333,optimal
2021-02-08 13:30:00,26,91,2.4285714285714284,0.0,0.0,0.3665333333333334,optimal
2021-02-08 14:00:00,26,91,2.4285714285714284,0.0,0.0,1.3647,optimal
2021-02-08 14:30:00,26,91,2.4285714285714284,0.0,0.0,0.22813333333333333,optimal
2021-02-08 15:00:00,26,91,2.4285714285714284,0.0,0.0,0.33676666666666666,optimal
2021-02-08 15:30:00,26,91,2.4285714285714284,0.0,0.0,0.22763333333333333,optimal
2021-02-08 16:00:00,26,91,0.0,0.0,0.0,0.2566333333333333,optimal
2021-02-08 16:30:00,26,91,0.0,0.0,0.0,0.4245,optimal
2021-02-08 17:00:00,26,91,0.0,0.0,0.0,0.18030000000000002,optimal
2021-02-08 17:30:00,26,91,0.0,0.0,0.0,0.12976666666666667,optimal
2021-02-08 18:00:00,26,91,0.0,0.0,0.0,0.12686666666666666,optimal
2021-02-08 18:30:00,26,91,0.0,0.0,0.0,0.2522,optimal
2021-02-08 19:00:00,26,91,0.0,0.0,0.0,0.067,optimal
2021-02-08 19:30:00,26,91,0.0,0.0,0.0,0.26293333333333335,optimal
2021-02-08 20:00:00,26,91,0.0,0.0,0.0,0.0877,optimal
2021-02-08 20:30:00,26,91,0.0,0.0,0.0,0.1981,optimal
2021-02-08 21:00:00,26,91,0.0,0.0,0.0,0.14493333333333333,optimal
2021-02-08 21:30:00,26,91,0.0,0.0,0.0,0.3468,optimal
2021-02-08 22:00:00,26,91,0.4689561904761904,0.0,0.0,0.30706666666666665,optimal
2021-02-08 22:30:00,26,91,0.0,0.0,0.0,0.34883333333333333,optimal
2021-02-08 23:00:00,26,91,0.0,0.0,0.0,0.0837,optimal
2021-02-08 23:30:00,26,91,0.0,0.0,0.0,0.2543333333333333,optimal
2021-02-09 00:00:00,26,91,0.0,0.0,0.0,0.052,optimal
2021-02-09 00:30:00,26,91,1.3734285714285712,0.0,0.0,0.052,optimal
2021-02-09 01:00:00,26,91,0.0,0.0,0.0,0.1087,optimal
2021-02-09 01:30:00,26,91,0.0,0.0,0.0,0.13390000000000002,optimal
2021-02-09 02:00:00,26,91,0.0,0.0,0.0,0.052,optimal
2021-02-09 02:30:00,26,91,2.1315451068386246,0.0,0.0,0.052,optimal
2021-02-09 03:00:00,26,91,2.4285714285714284,0.0,0.0,0.052,optimal
2021-02-09 03:30:00,26,91,2.4285714285714284,0.0,0.0,0.1906,optimal
2021-02-09 04:00:00,26,91,2.4285714285714284,0.0,0.0,0.052,optimal
2021-02-09 04:30:00,26,91,2.4285714285714284,0.0,0.0,0.1024,optimal
2021-02-09 05:00:00,26,91,2.4285714285714284,0.0,0.0,0.1402,optimal
2021-02-09 05:30:00,26,91,2.4285714285714284,0.0,0.0,0.054,optimal
2021-02-09 06:00:00,26,91,2.4285714285714284,0.0,0.0,0.19793333333333332,optimal
2021-02-09 06:30:00,26,91,2.4285714285714284,0.0,0.0,0.052,optimal
2021-02-09 07:00:00,26,91,2.4285714285714284,0.0,7.041676718655451,0.052,optimal
2021-02-09 07:30:00,26,91,2.4285714285714284,0.0,0.0,0.1906,optimal
2021-02-09 08:00:00,26,91,1.248581414696317,0.0,0.0,0.25516666666666665,optimal
2021-02-09 08:30:00,26,91,1.314705870280557,0.0,0.0,0.06933333333333333,optimal
2021-02-09 09:00:00,26,91,1.1756894487731862,0.0,0.0,0.1502,optimal
2021-02-09 09:30:00,26,91,1.1658812170845587,0.0,0.0,0.1124,optimal
2021-02-09 10:00:00,26,91,0.8970380959414868,0.0,0.0,0.1124,optimal
2021-02-09 10:30:00,26,91,0.8690645695342865,0.0,0.0,0.1502,optimal
2021-02-09 11:00:00,26,91,0.6455910900403766,0.0,0.0,0.062,optimal
2021-02-09 11:30:00,26,91,0.6025563847589309,0.0,0.0,0.2006,optimal
2021-02-09 12:00:00,26,91,0.476950627922916,0.0,0.0,0.062,optimal
2021-02-09 12:30:00,26,91,0.48038533320435495,0.0,0.0,0.062,optimal
2021-02-09 13:00:00,26,91,2.4285714285714284,0.0,0.0,0.062,optimal
2021-02-09 13:30:00,26,91,2.4285714285714284,0.0,0.0,0.1628,optimal
2021-02-09 14:00:00,26,91,2.4285714285714284,0.0,0.0,0.0998,optimal
2021-02-09 14:30:00,26,91,2.4285714285714284,0.0,0.0,0.0809,optimal
2021-02-09 15:00:00,26,91,2.4285714285714284,0.0,0.0,0.1817,optimal
2021-02-09 15:30:00,26,91,2.4285714285714284,0.0,0.0,0.062,optimal
2021-02-09 16:00:00,26,91,0.0,0.0,0.0,0.2006,optimal
2021-02-09 16:30:00,26,91,0.0,0.0,0.0,0.062,optimal
2021-02-09 17:00:00,26,91,0.0,0.0,0.0,0.188,optimal
2021-02-09 17:30:00,26,91,0.0,0.0,0.0,0.0746,optimal
2021-02-09 18:00:00,26,91,0.0,0.0,0.0,0.1679,optimal
2021-02-09 18:30:00,26,91,0.0,0.0,0.0,0.24303333333333332,optimal
2021-02-09 19:00:00,26,91,0.0,0.0,0.0,0.19506666666666664,optimal
2021-02-09 19:30:00,26,91,0.0,0.0,0.0,1.1054333333333335,optimal
2021-02-09 20:00:00,26,91,0.053901261470230326,0.0,0.0,0.3519,optimal
2021-02-09 20:30:00,26,91,0.0,0.0,0.0,0.1602333333333333,optimal
2021-02-09 21:00:00,26,91,0.0,0.0,0.0,0.32739999999999997,optimal
2021-02-09 21:30:00,26,91,0.0,0.0,0.0,0.6016,optimal
2021-02-09 22:00:00,26,91,0.1592380952380952,0.0,0.0,0.20656666666666662,optimal
2021-02-09 22:30:00,26,91,0.0,0.0,0.0,0.4668,optimal
2021-02-09 23:00:00,26,91,0.0,0.0,0.0,0.3439,optimal
2021-02-09 23:30:00,26,91,0.0,0.0,0.0,0.0998,optimal
2021-02-10 00:00:00,26,91,0.0,0.0,0.0,0.06,optimal
2021-02-10 00:30:00,26,91,0.199047619047619,0.0,0.0,0.06,optimal
2021-02-10 01:00:00,26,91,0.0,0.0,0.0,0.18286666666666668,optimal
2021-02-10 01:30:00,26,91,0.0,0.0,0.0,0.0895,optimal
2021-02-10 02:00:00,26,91,0.0,0.0,0.0,0.19456666666666664,optimal
2021-02-10 02:30:00,26,91,2.2010088400922823,0.0,0.0,0.1182,optimal
2021-02-10 03:00:00,26,91,2.4285714285714284,0.0,0.0,0.1105,optimal
2021-02-10 03:30:00,26,91,2.4285714285714284,0.0,0.0,0.17356666666666667,optimal
2021-02-10 04:00:00,26,91,2.4285714285714284,0.0,0.0,0.14593333333333333,optimal
2021-02-10 04:30:00,26,91,2.4285714285714284,0.0,0.0,0.07346666666666667,optimal
2021-02-10 05:00:00,26,91,2.4285714285714284,0.0,0.0,0.20226666666666668,optimal
2021-02-10 05:30:00,26,91,2.4285714285714284,0.0,0.0,0.06,optimal
2021-02-10 06:00:00,26,91,2.4285714285714284,0.0,0.0,0.11006666666666666,optimal
2021-02-10 06:30:00,26,91,2.4285714285714284,0.0,7.648644708492582,0.1807333333333333,optimal
2021-02-10 07:00:00,26,91,2.4285714285714284,0.0,10.0,0.11206666666666666,optimal
2021-02-10 07:30:00,26,91,2.4285714285714284,0.0,0.0,0.1206,optimal
2021-02-10 08:00:00,26,91,1.26400323421987,0.0,0.0,0.2059,optimal
2021-02-10 08:30:00,26,91,1.130251079760776,0.0,0.0,1.6699000000000002,optimal
2021-02-10 09:00:00,26,91,1.0561735880328256,0.0,0.0,0.10213333333333334,optimal
2021-02-10 09:30:00,26,91,0.9739966716689836,0.0,0.0,0.38556666666666667,optimal
2021-02-10 10:00:00,26,91,0.8232676569728311,0.0,0.0,0.16883333333333334,optimal
2021-02-10 10:30:00,26,91,0.8595063982713627,0.0,0.0,0.20226666666666668,optimal
2021-02-10 11:00:00,26,91,0.708554757491088,0.0,0.0,0.06,optimal
2021-02-10 11:30:00,26,91,0.6825234421663039,0.0,0.0,0.12706666666666666,optimal
2021-02-10 12:00:00,26,91,0.4217268272173343,0.0,0.0,0.1958,optimal
2021-02-10 12:30:00,26,91,0.4595649224554114,0.0,0.0,0.06336666666666667,optimal
2021-02-10 13:00:00,26,91,2.0347722028930266,0.0,0.0,0.12090000000000001,optimal
2021-02-10 13:30:00,26,91,2.4285714285714284,0.0,0.0,0.2439333333333333,optimal
2021-02-10 14:00:00,26,91,2.4285714285714284,0.0,0.0,0.08166666666666667,optimal
2021-02-10 14:30:00,26,91,2.4285714285714284,0.0,0.0,0.21686666666666668,optimal
2021-02-10 15:00:00,26,91,2.4285714285714284,0.0,0.0,0.14073333333333332,optimal
2021-02-10 15:30:00,26,91,2.4285714285714284,0.0,0.0,0.1512,optimal
2021-02-10 16:00:00,26,91,0.0,0.0,0.0,0.118,optimal
2021-02-10 16:30:00,26,91,0.0,0.0,0.0,0.1368,optimal
2021-02-10 17:00:00,26,91,0.0,0.0,0.0,0.19933333333333328,optimal
2021-02-10 17:30:00,26,91,0.0,0.0,0.0,0.18746666666666667,optimal
2021-02-10 18:00:00,26,91,0.0,0.0,0.0,0.38353333333333334,optimal
2021-02-10 18:30:00,26,91,0.0,0.0,0.0,0.4139666666666666,optimal
2021-02-10 19:00:00,26,91,0.0,0.0,0.0,0.5000666666666667,optimal
2021-02-10 19:30:00,26,91,0.0,0.0,0.0,0.2576,optimal
2021-02-10 20:00:00,26,91,0.0,0.0,0.0,0.19426666666666667,optimal
2021-02-10 20:30:00,26,91,0.0,0.0,0.0,0.27693333333333336,optimal
2021-02-10 21:00:00,26,91,0.0,0.0,0.0,0.3685333333333334,optimal
2021-02-10 21:30:00,26,91,0.0,0.0,0.0,0.11723333333333331,optimal
2021-02-10 22:00:00,26,91,0.0,0.0,0.0,0.12830000000000003,optimal
2021-02-10 22:30:00,26,91,0.0,0.0,0.0,0.19456666666666664,optimal
2021-02-10 23:00:00,26,91,0.0,0.0,0.0,0.06,optimal
2021-02-10 23:30:00,26,91,0.0,0.0,0.0,0.1802,optimal
2021-02-11 00:00:00,26,91,0.0,0.0,0.0,0.058,optimal
2021-02-11 00:30:00,26,91,0.418,0.0,0.0,0.058,optimal
2021-02-11 01:00:00,26,91,0.09933411973894878,0.0,0.0,0.058,optimal
2021-02-11 01:30:00,26,91,2.4285714285714284,0.0,0.0,0.058,optimal
2021-02-11 02:00:00,26,91,2.4285714285714284,0.0,0.0,0.12340000000000001,optimal
2021-02-11 02:30:00,26,91,2.4285714285714284,0.0,0.0,0.086,optimal
2021-02-11 03:00:00,26,91,2.4285714285714284,0.0,0.0,0.184,optimal
2021-02-11 03:30:00,26,91,2.4285714285714284,0.0,0.0,0.058,optimal
2021-02-11 04:00:00,26,91,2.4285714285714284,0.0,0.0,0.212,optimal
2021-02-11 04:30:00,26,91,2.4285714285714284,0.0,0.0,0.12340000000000001,optimal
2021-02-11 05:00:00,26,91,2.4285714285714284,0.0,0.0,0.072,optimal
2021-02-11 05:30:00,26,91,2.4285714285714284,0.0,0.0,0.26339999999999997,optimal
2021-02-11 06:00:00,26,91,2.4285714285714284,0.0,8.160207756284967,0.058,optimal
2021-02-11 06:30:00,26,91,2.4285714285714284,0.0,10.0,0.12340000000000001,optimal
2021-02-11 07:00:00,26,91,2.4285714285714284,0.0,10.0,0.22290000000000001,optimal
2021-02-11 07:30:00,26,91,2.4285714285714284,0.0,0.0,0.9003333333333333,optimal
2021-02-11 08:00:00,26,91,1.5151927656066342,0.0,0.0,0.1007,optimal
2021-02-11 08:30:00,26,91,1.5254968814509506,0.0,0.0,0.1007,optimal
2021-02-11 09:00:00,26,91,1.3582703983319773,0.0,0.0,0.068,optimal
2021-02-11 09:30:00,26,91,1.1895060764254282,0.0,0.0,0.2619666666666666,optimal
2021-02-11 10:00:00,26,91,0.8175060163488898,0.0,0.0,0.09343333333333334,optimal
2021-02-11 10:30:00,26,91,0.8259891463928103,0.0,0.0,0.208,optimal
2021-02-11 11:00:00,26,91,0.6605490324382153,0.0,0.0,0.082,optimal
2021-02-11 11:30:00,26,91,0.5943427389309248,0.0,0.0,0.13340000000000002,optimal
2021-02-11 12:00:00,26,91,0.2711201321746018,0.0,0.0,0.704,optimal
2021-02-11 12:30:00,26,91,0.1980861063730432,0.0,0.0,1.1652,optimal
2021-02-11 13:00:00,26,91,2.4285714285714284,0.0,0.0,0.7858999999999999,optimal
2021-02-11 13:30:00,26,91,2.4285714285714284,0.0,0.0,0.262,optimal
2021-02-11 14:00:00,26,91,2.4285714285714284,0.0,0.0,1.3356666666666668,optimal
2021-02-11 14:30:00,26,91,2.4285714285714284,0.0,0.0,0.5931666666666666,optimal
2021-02-11 15:00:00,26,91,2.4285714285714284,0.0,0.0,0.0878,optimal
2021-02-11 15:30:00,26,91,2.4285714285714284,0.0,0.0,0.12459999999999999,optimal
2021-02-11 16:00:00,26,91,0.0,0.0,0.0,0.081,optimal
2021-02-11 16:30:00,26,91,0.0,0.0,0.0,0.1946,optimal
2021-02-11 17:00:00,26,91,0.0,0.0,0.0,0.4264,optimal
2021-02-11 17:30:00,26,91,0.0,0.0,0.0,1.7325333333333333,optimal
2021-02-11 18:00:00,26,91,0.0,0.0,0.0,0.2297333333333333,optimal
2021-02-11 18:30:00,26,91,0.0,0.0,0.0,0.23696666666666666,optimal
2021-02-11 19:00:00,26,91,0.0,0.0,0.0,0.4173,optimal
2021-02-11 19:30:00,26,91,0.0,0.0,0.0,1.7156666666666667,optimal
2021-02-11 20:00:00,26,91,1.0843372751454468,0.0,0.0,0.42306666666666665,optimal
2021-02-11 20:30:00,26,91,0.0,0.0,0.0,0.4799,optimal
2021-02-11 21:00:00,26,91,0.0,0.0,0.0,0.3725,optimal
2021-02-11 21:30:00,26,91,0.0,0.0,0.0,0.38663333333333333,optimal
2021-02-11 22:00:00,26,91,0.0,0.0,0.0,0.4618333333333333,optimal
2021-02-11 22:30:00,26,91,0.0,0.0,0.0,0.4129,optimal
2021-02-11 23:00:00,26,91,0.0,0.0,0.0,0.468,optimal
2021-02-11 23:30:00,26,91,0.0,0.0,0.0,0.193,optimal
2021-02-12 00:00:00,26,91,2.4193246630737453,0.0,0.0,0.12166666666666669,optimal
2021-02-12 00:30:00,26,91,2.4285714285714284,0.0,0.0,0.3001333333333333,optimal
2021-02-12 01:00:00,26,91,2.4285714285714284,0.0,0.0,0.433,optimal
2021-02-12 01:30:00,26,91,2.4285714285714284,0.0,0.0,0.4208,optimal
2021-02-12 02:00:00,26,91,2.4285714285714284,0.0,0.0,0.331,optimal
2021-02-12 02:30:00,26,91,2.4285714285714284,0.0,0.0,0.5348999999999999,optimal
2021-02-12 03:00:00,26,91,2.4285714285714284,0.0,0.0,0.3078,optimal
2021-02-12 03:30:00,26,91,2.4285714285714284,0.0,0.0,0.2573333333333333,optimal
2021-02-12 04:00:00,26,91,2.4285714285714284,0.0,0.0,0.195,optimal
2021-02-12 04:30:00,26,91,2.4285714285714284,0.0,0.0,0.2022,optimal
2021-02-12 05:00:00,26,91,2.4285714285714284,0.0,0.0,0.2784,optimal
2021-02-12 05:30:00,26,91,2.4285714285714284,0.0,0.0,0.1495,optimal
2021-02-12 06:00:00,26,91,2.4285714285714284,0.0,0.0,0.1687,optimal
2021-02-12 06:30:00,26,91,2.4285714285714284,0.0,0.0,0.073,optimal
2021-02-12 07:00:00,26,91,2.4285714285714284,0.0,6.888071325249891,1.2650666666666666,optimal
2021-02-12 07:30:00,26,91,2.4285714285714284,0.0,0.0,0.8903333333333334,optimal
2021-02-12 08:00:00,26,91,1.3016923590278409,0.0,0.0,0.9262666666666668,optimal
2021-02-12 08:30:00,26,91,1.455716894439313,0.0,0.0,0.2034,optimal
2021-02-12 09:00:00,26,91,1.322092301880425,0.0,0.0,0.213,optimal
2021-02-12 09:30:00,26,91,1.2189747933066426,0.0,0.0,0.21059999999999998,optimal
2021-02-12 10:00:00,26,91,0.9870300331483483,0.0,0.0,0.075,optimal
2021-02-12 10:30:00,26,91,0.8202190575635039,0.0,0.0,0.075,optimal
2021-02-12 11:00:00,26,91,0.5528739940414124,0.0,0.0,0.075,optimal
2021-02-12 11:30:00,26,91,0.42943928875996296,0.0,0.0,0.201,optimal
2021-02-12 12:00:00,26,91,0.28896111332691404,0.0,0.0,0.32426666666666665,optimal
2021-02-12 12:30:00,26,91,0.20341212233118602,0.0,0.0,0.6446666666666666,optimal
2021-02-12 13:00:00,26,91,1.3138171038762683,0.0,0.0,1.406,optimal
2021-02-12 13:30:00,26,91,2.4285714285714284,0.0,0.0,1.2897,optimal
2021-02-12 14:00:00,26,91,2.4285714285714284,0.0,0.0,0.686,optimal
2021-02-12 14:30:00,26,91,2.4285714285714284,0.0,0.0,0.5105,optimal
2021-02-12 15:00:00,26,91,2.4285714285714284,0.0,0.0,0.47833333333333333,optimal
2021-02-12 15:30:00,26,91,2.4285714285714284,0.0,0.0,1.7959,optimal
2021-02-12 16:00:00,26,91,0.0,0.0,0.0,0.3944333333333333,optimal
2021-02-12 16:30:00,26,91,0.0,0.0,0.0,0.4368666666666667,optimal
2021-02-12 17:00:00,26,91,0.0,0.0,0.0,0.303,optimal
2021-02-12 17:30:00,26,91,0.0,0.0,0.0,0.3697,optimal
2021-02-12 18:00:00,26,91,0.0,0.0,0.0,0.5203,optimal
2021-02-12 18:30:00,26,91,0.0,0.0,0.0,0.36323333333333335,optimal
2021-02-12 19:00:00,26,91,0.0,0.0,0.0,1.8363333333333332,optimal
2021-02-12 19:30:00,26,91,0.0,0.0,0.0,0.6305,optimal
2021-02-12 20:00:00,26,91,0.0,0.0,0.0,0.4293,optimal
2021-02-12 20:30:00,26,91,0.0,0.0,0.0,0.43556666666666666,optimal
2021-02-12 21:00:00,26,91,0.0,0.0,0.0,0.3266,optimal
2021-02-12 21:30:00,26,91,0.0,0.0,0.0,0.347,optimal
2021-02-12 22:00:00,26,91,0.0,0.0,0.0,0.4373333333333333,optimal
2021-02-12 22:30:00,26,91,0.6170476190476191,0.0,0.0,0.4074,optimal
2021-02-12 23:00:00,26,91,0.0,0.0,0.0,0.3217333333333333,optimal
2021-02-12 23:30:00,26,91,0.0,0.0,0.0,0.3122,optimal
2021-02-13 00:00:00,26,91,0.0,0.0,0.0,0.058,optimal
2021-02-13 00:30:00,26,91,0.9355238095238095,0.0,0.0,0.083,optimal
2021-02-13 01:00:00,26,91,0.0,0.0,0.0,0.26139999999999997,optimal
2021-02-13 01:30:00,26,91,0.0,0.0,0.0,0.08653333333333334,optimal
2021-02-13 02:00:00,26,91,0.2632155356460988,0.0,0.0,0.21506666666666663,optimal
2021-02-13 02:30:00,26,91,2.4285714285714284,0.0,0.0,0.15786666666666668,optimal
2021-02-13 03:00:00,26,91,2.4285714285714284,0.0,0.0,0.058,optimal
2021-02-13 03:30:00,26,91,2.4285714285714284,0.0,0.0,0.058,optimal
2021-02-13 04:00:00,26,91,2.4285714285714284,0.0,0.0,0.31493333333333334,optimal
2021-02-13 04:30:00,26,91,2.4285714285714284,0.0,2.2033849826549177,0.058,optimal
2021-02-13 05:00:00,26,91,2.4285714285714284,0.0,10.0,0.058,optimal
2021-02-13 05:30:00,26,91,2.4285714285714284,0.0,10.0,0.156,optimal
2021-02-13 06:00:00,26,91,2.4285714285714284,0.0,0.0,0.15746666666666667,optimal
2021-02-13 06:30:00,26,91,2.4285714285714284,0.0,0.0,0.1893333333333333,optimal
2021-02-13 07:00:00,26,91,2.4285714285714284,0.0,0.0,0.2836666666666667,optimal
2021-02-13 07:30:00,26,91,2.4285714285714284,0.0,0.0,0.4609333333333333,optimal
2021-02-13 08:00:00,26,91,1.2493951901939584,0.0,0.0,0.36660000000000004,optimal
2021-02-13 08:30:00,26,91,1.3085223896744331,0.0,0.0,0.22896666666666668,optimal
2021-02-13 09:00:00,26,91,1.2249494475597438,0.0,0.0,0.24280000000000002,optimal
2021-02-13 09:30:00,26,91,1.2420044925811349,0.0,0.0,0.129,optimal
2021-02-13 10:00:00,26,91,0.986800037107074,0.0,0.0,0.062,optimal
2021-02-13 10:30:00,26,91,0.9629843794446761,0.0,0.0,0.12933333333333336,optimal
2021-02-13 11:00:00,26,91,0.6256732004967536,0.0,0.0,0.2526,optimal
2021-02-13 11:30:00,26,91,0.6752670666438737,0.0,0.0,0.068,optimal
2021-02-13 12:00:00,26,91,0.5083475899039555,0.0,0.0,0.21066666666666664,optimal
2021-02-13 12:30:00,26,91,0.5253067507696468,0.0,0.0,0.12726666666666667,optimal
2021-02-13 13:00:00,26,91,1.0634161237429596,0.0,0.0,0.49626666666666663,optimal
2021-02-13 13:30:00,26,91,1.4201358927258239,0.0,0.0,0.37023333333333336,optimal
2021-02-13 14:00:00,26,91,2.4285714285714284,0.0,0.0,2.295266666666667,optimal
2021-02-13 14:30:00,26,91,2.4285714285714284,0.0,0.0,1.2571333333333334,optimal
2021-02-13 15:00:00,26,91,2.4285714285714284,0.0,0.0,0.6256,optimal
2021-02-13 15:30:00,26,91,2.4285714285714284,0.0,0.0,0.7683333333333334,optimal
2021-02-13 16:00:00,26,91,0.0,0.0,0.0,1.1907999999999999,optimal
2021-02-13 16:30:00,26,91,0.0,0.0,0.0,0.7169333333333333,optimal
2021-02-13 17:00:00,26,91,0.0,0.0,0.0,0.066,optimal
2021-02-13 17:30:00,26,91,0.0,0.0,0.0,0.1759,optimal
2021-02-13 18:00:00,26,91,0.0,0.0,0.0,0.9872000000000001,optimal
2021-02-13 18:30:00,26,91,0.0,0.0,0.0,2.1880333333333333,optimal
2021-02-13 19:00:00,26,91,0.0,0.0,0.0,1.4109333333333334,optimal
2021-02-13 19:30:00,26,91,0.0,0.0,0.0,1.3085333333333333,optimal
2021-02-13 20:00:00,26,91,0.0,0.0,0.0,2.558333333333333,optimal
2021-02-13 20:30:00,26,91,0.0,0.0,0.0,0.29893333333333333,optimal
2021-02-13 21:00:00,26,91,0.0,0.0,0.0,0.4528666666666667,optimal
2021-02-13 21:30:00,26,91,0.0,0.0,0.0,0.6150666666666668,optimal
2021-02-13 22:00:00,26,91,0.059714285714285706,0.0,0.0,0.38589999999999997,optimal
2021-02-13 22:30:00,26,91,0.0,0.0,0.0,0.42560000000000003,optimal
2021-02-13 23:00:00,26,91,0.0,0.0,0.0,0.32206666666666667,optimal
2021-02-13 23:30:00,26,91,0.0,0.0,0.0,0.5353333333333333,optimal
2021-02-07 00:00:00,27,91,0.0,0.0,0.0,0.07533333333333334,optimal
2021-02-07 00:30:00,27,91,0.0,0.0,0.0,0.2666,optimal
2021-02-07 01:00:00,27,91,0.0,0.0,0.0,0.1274,optimal
2021-02-07 01:30:00,27,91,0.0,0.0,0.0,0.15853333333333333,optimal
2021-02-07 02:00:00,27,91,0.0,0.0,0.0,0.22826666666666667,optimal
2021-02-07 02:30:00,27,91,0.0,0.0,0.0,0.0752,optimal
2021-02-07 03:00:00,27,91,0.0,0.0,0.0,0.14386666666666667,optimal
2021-02-07 03:30:00,27,91,0.0,0.0,0.0,0.17986666666666667,optimal
2021-02-07 04:00:00,27,91,2.2857142857142856,0.0,0.0,0.19326666666666667,optimal
2021-02-07 04:30:00,27,91,2.2857142857142856,0.0,0.0,0.07166666666666667,optimal
2021-02-07 05:00:00,27,91,2.2857142857142856,0.0,0.0,0.235,optimal
2021-02-07 05:30:00,27,91,2.2857142857142856,0.0,0.0,0.17366666666666666,optimal
2021-02-07 06:00:00,27,91,2.2857142857142856,0.0,0.0,0.1018,optimal
2021-02-07 06:30:00,27,91,2.2857142857142856,0.0,0.0,0.3122,optimal
2021-02-07 07:00:00,27,91,2.2857142857142856,0.0,2.0120072799789424,1.5162666666666669,optimal
2021-02-07 07:30:00,27,91,0.0,0.0,0.0,0.6394333333333333,optimal
2021-02-07 08:00:00,27,91,0.0,0.0,0.0,1.5529000000000002,optimal
2021-02-07 08:30:00,27,91,0.0,0.0,0.0,1.3235333333333332,optimal
2021-02-07 09:00:00,27,91,0.0,0.0,0.0,0.6537666666666666,optimal
2021-02-07 09:30:00,27,91,0.0,0.0,0.0,0.103,optimal
2021-02-07 10:00:00,27,91,0.49987564332579554,0.0,0.0,0.0575,optimal
2021-02-07 10:30:00,27,91,0.9393415668561441,0.0,0.0,0.3531666666666667,optimal
2021-02-07 11:00:00,27,91,0.7808021135315601,0.0,0.0,0.2872333333333333,optimal
2021-02-07 11:30:00,27,91,0.7568859230553638,0.0,0.0,1.2083,optimal
2021-02-07 12:00:00,27,91,0.6572006990055838,0.0,0.0,0.9889,optimal
2021-02-07 12:30:00,27,91,0.6309511751960674,0.0,0.0,1.2382,optimal
2021-02-07 13:00:00,27,91,1.6310995672926603,0.0,0.0,0.34776666666666667,optimal
2021-02-07 13:30:00,27,91,2.2857142857142856,0.0,0.0,0.29386666666666666,optimal
2021-02-07 14:00:00,27,91,2.2857142857142856,0.0,0.0,2.0956666666666663,optimal
2021-02-07 14:30:00,27,91,2.2857142857142856,0.0,0.0,0.19753333333333334,optimal
2021-02-07 15:00:00,27,91,2.2857142857142856,0.0,0.0,0.29386666666666666,optimal
2021-02-07 15:30:00,27,91,2.2857142857142856,0.0,0.0,0.19426666666666667,optimal
2021-02-07 16:00:00,27,91,0.0,0.0,0.0,0.15,optimal
2021-02-07 16:30:00,27,91,0.0,0.0,0.0,1.6945999999999999,optimal
2021-02-07 17:00:00,27,91,0.0,0.0,0.0,0.2616,optimal
2021-02-07 17:30:00,27,91,0.0,0.0,0.0,0.1718,optimal
2021-02-07 18:00:00,27,91,0.0,0.0,0.0,0.6253333333333334,optimal
2021-02-07 18:30:00,27,91,0.0,0.0,0.0,0.5095,optimal
2021-02-07 19:00:00,27,91,0.0,0.0,0.0,1.0170666666666668,optimal
2021-02-07 19:30:00,27,91,0.0,0.0,0.0,0.28613333333333335,optimal
2021-02-07 20:00:00,27,91,0.0,0.0,0.0,0.0828,optimal
2021-02-07 20:30:00,27,91,0.0,0.0,0.0,0.2443333333333333,optimal
2021-02-07 21:00:00,27,91,0.0,0.0,0.0,0.2399333333333333,optimal
2021-02-07 21:30:00,27,91,0.0,0.0,0.0,0.1916,optimal
2021-02-07 22:00:00,27,91,0.0,0.0,0.0,0.2319333333333333,optimal
2021-02-07 22:30:00,27,91,0.0,0.0,0.0,0.32463333333333333,optimal
2021-02-07 23:00:00,27,91,0.0,0.0,0.0,0.1572666666666667,optimal
2021-02-07 23:30:00,27,91,0.0,0.0,0.0,0.2557333333333333,optimal
2021-02-08 00:00:00,27,91,0.0,0.0,0.0,0.056,optimal
2021-02-08 00:30:00,27,91,1.1146666666666667,0.0,0.0,0.056,optimal
2021-02-08 01:00:00,27,91,0.0,0.0,0.0,0.056,optimal
2021-02-08 01:30:00,27,91,0.0,0.0,0.0,0.056,optimal
2021-02-08 02:00:00,27,91,0.1614647294195318,0.0,0.0,0.056,optimal
2021-02-08 02:30:00,27,91,2.2857142857142856,0.0,0.0,0.056,optimal
2021-02-08 03:00:00,27,91,2.2857142857142856,0.0,0.0,0.06266666666666666,optimal
2021-02-08 03:30:00,27,91,2.2857142857142856,0.0,0.0,0.056,optimal
2021-02-08 04:00:00,27,91,2.2857142857142856,0.0,0.0,0.056,optimal
2021-02-08 04:30:00,27,91,2.2857142857142856,0.0,0.0,0.056,optimal
2021-02-08 05:00:00,27,91,2.2857142857142856,0.0,0.0,0.056,optimal
2021-02-08 05:30:00,27,91,2.2857142857142856,0.0,0.0,0.056,optimal
2021-02-08 06:00:00,27,91,2.2857142857142856,0.0,0.13078706997631392,0.05633333333333333,optimal
2021-02-08 06:30:00,27,91,2.2857142857142856,0.0,10.0,0.06533333333333333,optimal
2021-02-08 07:00:00,27,91,2.2857142857142856,0.0,10.0,0.056,optimal
2021-02-08 07:30:00,27,91,2.2857142857142856,0.0,0.0,0.09816666666666668,optimal
2021-02-08 08:00:00,27,91,1.1553281482018245,0.0,0.0,0.07066666666666667,optimal
2021-02-08 08:30:00,27,91,1.0731213682885092,0.0,0.0,0.30710000000000004,optimal
2021-02-08 09:00:00,27,91,0.9002901186442568,0.0,0.0,0.5091666666666667,optimal
2021-02-08 09:30:00,27,91,0.7059955266094603,0.0,0.0,1.331233333333333,optimal
2021-02-08 10:00:00,27,91,0.7226004628759314,0.0,0.0,0.32153333333333334,optimal
2021-02-08 10:30:00,27,91,0.728409340625032,0.0,0.0,0.33726666666666666,optimal
2021-02-08 11:00:00,27,91,0.47084860943641926,0.0,0.0,1.0746333333333333,optimal
2021-02-08 11:30:00,27,91,0.4365191988735515,0.0,0.0,0.5797,optimal
2021-02-08 12:00:00,27,91,0.4443261672952861,0.0,0.0,0.3285666666666667,optimal
2021-02-08 12:30:00,27,91,0.4304635366457282,0.0,0.0,0.329,optimal
2021-02-08 13:00:00,27,91,2.2857142857142856,0.0,0.0,0.25303333333333333,optimal
2021-02-08 13:30:00,27,91,2.2857142857142856,0.0,0.0,0.40026666666666666,optimal
2021-02-08 14:00:00,27,91,2.2857142857142856,0.0,0.0,0.064,optimal
2021-02-08 14:30:00,27,91,2.2857142857142856,0.0,0.0,0.30319999999999997,optimal
2021-02-08 15:00:00,27,91,2.2857142857142856,0.0,0.0,0.134,optimal
2021-02-08 15:30:00,27,91,2.2857142857142856,0.0,0.0,0.38916666666666666,optimal
2021-02-08 16:00:00,27,91,0.0,0.0,0.0,1.2437,optimal
2021-02-08 16:30:00,27,91,0.0,0.0,0.0,0.18716666666666662,optimal
2021-02-08 17:00:00,27,91,0.0,0.0,0.0,0.22583333333333327,optimal
2021-02-08 17:30:00,27,91,0.0,0.0,0.0,0.3531666666666667,optimal
2021-02-08 18:00:00,27,91,0.0,0.0,0.0,0.22326666666666667,optimal
2021-02-08 18:30:00,27,91,0.0,0.0,0.0,0.14843333333333333,optimal
2021-02-08 19:00:00,27,91,0.0,0.0,0.0,0.066,optimal
2021-02-08 19:30:00,27,91,0.0,0.0,0.0,0.066,optimal
2021-02-08 20:00:00,27,91,0.4495414988362083,0.0,0.0,0.066,optimal
2021-02-08 20:30:00,27,91,0.0,0.0,0.0,0.066,optimal
2021-02-08 21:00:00,27,91,0.0,0.0,0.0,0.066,optimal
2021-02-08 21:30:00,27,91,0.0,0.0,0.0,0.066,optimal
2021-02-08 22:00:00,27,91,0.0,0.0,0.0,0.066,optimal
2021-02-08 22:30:00,27,91,0.0,0.0,0.0,0.066,optimal
2021-02-08 23:00:00,27,91,0.0,0.0,0.0,0.066,optimal
2021-02-08 23:30:00,27,91,0.0,0.0,0.0,0.06233333333333334,optimal
2021-02-09 00:00:00,27,91,0.05971428571428571,0.0,0.0,0.05166666666666666,optimal
2021-02-09 00:30:00,27,91,0.0,0.0,0.0,0.12043333333333334,optimal
2021-02-09 01:00:00,27,91,0.0,0.0,0.0,0.15403333333333333,optimal
2021-02-09 01:30:00,27,91,0.0,0.0,0.0,0.12043333333333334,optimal
2021-02-09 02:00:00,27,91,1.9859097663195233,0.0,0.0,0.056966666666666665,optimal
2021-02-09 02:30:00,27,91,2.2857142857142856,0.0,0.0,0.22146666666666667,optimal
2021-02-09 03:00:00,27,91,2.2857142857142856,0.0,0.0,0.061666666666666654,optimal
2021-02-09 03:30:00,27,91,2.2857142857142856,0.0,0.0,0.14923333333333333,optimal
2021-02-09 04:00:00,27,91,2.2857142857142856,0.0,0.0,0.14523333333333333,optimal
2021-02-09 04:30:00,27,91,2.2857142857142856,0.0,0.0,0.063,optimal
2021-02-09 05:00:00,27,91,2.2857142857142856,0.0,0.0,0.12966666666666665,optimal
2021-02-09 05:30:00,27,91,2.2857142857142856,0.0,0.0,0.14613333333333334,optimal
2021-02-09 06:00:00,27,91,2.2857142857142856,0.0,3.534963591730293,0.12440000000000001,optimal
2021-02-09 06:30:00,27,91,2.2857142857142856,0.0,10.0,0.4658,optimal
2021-02-09 07:00:00,27,91,2.2857142857142856,0.0,0.0,0.05993333333333333,optimal
2021-02-09 07:30:00,27,91,2.2857142857142856,0.0,0.0,0.12440000000000001,optimal
2021-02-09 08:00:00,27,91,1.3386004623153531,0.0,0.0,0.15006666666666665,optimal
2021-02-09 08:30:00,27,91,1.3356296798043703,0.0,0.0,0.12440000000000001,optimal
2021-02-09 09:00:00,27,91,1.2006894487731865,0.0,0.0,0.053,optimal
2021-02-09 09:30:00,27,91,1.1523478837512209,0.0,0.0,0.15006666666666665,optimal
2021-02-09 10:00:00,27,91,0.9112380959414811,0.0,0.0,0.053,optimal
2021-02-09 10:30:00,27,91,0.7151217123914422,0.0,0.0,1.1219666666666668,optimal
2021-02-09 11:00:00,27,91,0.6453910900403705,0.0,0.0,0.053,optimal
2021-02-09 11:30:00,27,91,0.6215563847589329,0.0,0.0,0.13306666666666667,optimal
2021-02-09 12:00:00,27,91,0.44901729458957773,0.0,0.0,0.16006666666666666,optimal
2021-02-09 12:30:00,27,91,0.47791866653769,0.0,0.0,0.07093333333333333,optimal
2021-02-09 13:00:00,27,91,2.2857142857142856,0.0,0.0,0.14033333333333334,optimal
2021-02-09 13:30:00,27,91,2.2857142857142856,0.0,0.0,0.15016666666666667,optimal
2021-02-09 14:00:00,27,91,2.2857142857142856,0.0,0.0,0.13043333333333335,optimal
2021-02-09 14:30:00,27,91,2.2857142857142856,0.0,0.0,0.07686666666666667,optimal
2021-02-09 15:00:00,27,91,2.2857142857142856,0.0,0.0,0.2176,optimal
2021-02-09 15:30:00,27,91,2.2857142857142856,0.0,0.0,0.063,optimal
2021-02-09 16:00:00,27,91,0.0,0.0,0.0,0.08283333333333333,optimal
2021-02-09 16:30:00,27,91,0.0,0.0,0.0,0.2116333333333333,optimal
2021-02-09 17:00:00,27,91,0.0,0.0,0.0,0.08283333333333333,optimal
2021-02-09 17:30:00,27,91,0.0,0.0,0.0,0.1496333333333333,optimal
2021-02-09 18:00:00,27,91,0.0,0.0,0.0,0.19096666666666667,optimal
2021-02-09 18:30:00,27,91,0.0,0.0,0.0,0.10683333333333331,optimal
2021-02-09 19:00:00,27,91,0.0,0.0,0.0,0.1787,optimal
2021-02-09 19:30:00,27,91,0.0,0.0,0.0,0.24896666666666667,optimal
2021-02-09 20:00:00,27,91,0.977649272479243,0.0,0.0,0.089,optimal
2021-02-09 20:30:00,27,91,0.0,0.0,0.0,0.23586666666666667,optimal
2021-02-09 21:00:00,27,91,0.0,0.0,0.0,0.09393333333333334,optimal
2021-02-09 21:30:00,27,91,0.0,0.0,0.0,0.3473333333333333,optimal
2021-02-09 22:00:00,27,91,0.199047619047619,0.0,0.0,0.205,optimal
2021-02-09 22:30:00,27,91,0.0,0.0,0.0,0.4718,optimal
2021-02-09 23:00:00,27,91,0.0,0.0,0.0,0.2787333333333333,optimal
2021-02-09 23:30:00,27,91,0.0,0.0,0.0,0.4063,optimal
2021-02-10 00:00:00,27,91,0.0,0.0,0.0,0.061,optimal
2021-02-10 00:30:00,27,91,1.1146666666666667,0.0,0.0,0.061,optimal
2021-02-10 01:00:00,27,91,0.0,0.0,0.0,0.061,optimal
2021-02-10 01:30:00,27,91,0.0,0.0,0.0,0.07173333333333333,optimal
2021-02-10 02:00:00,27,91,1.1165392663564637,0.0,0.0,0.1576,optimal
2021-02-10 02:30:00,27,91,2.2857142857142856,0.0,0.0,0.061,optimal
2021-02-10 03:00:00,27,91,2.2857142857142856,0.0,0.0,0.061,optimal
2021-02-10 03:30:00,27,91,2.2857142857142856,0.0,0.0,0.13076666666666667,optimal
2021-02-10 04:00:00,27,91,2.2857142857142856,0.0,0.0,0.09856666666666666,optimal
2021-02-10 04:30:00,27,91,2.2857142857142856,0.0,0.0,0.061,optimal
2021-02-10 05:00:00,27,91,2.2857142857142856,0.0,0.0,0.3133666666666667,optimal
2021-02-10 05:30:00,27,91,2.2857142857142856,0.0,0.0,0.0932,optimal
2021-02-10 06:00:00,27,91,2.2857142857142856,0.0,0.0,0.13076666666666667,optimal
2021-02-10 06:30:00,27,91,2.2857142857142856,0.0,0.0,0.09923333333333333,optimal
2021-02-10 07:00:00,27,91,2.2857142857142856,0.0,6.827554779081865,0.14176666666666668,optimal
2021-02-10 07:30:00,27,91,2.2857142857142856,0.0,0.0,0.12156666666666666,optimal
2021-02-10 08:00:00,27,91,1.1604413294579534,0.0,0.0,0.13133333333333333,optimal
2021-02-10 08:30:00,27,91,1.1790739369036334,0.0,0.0,0.12266666666666669,optimal
2021-02-10 09:00:00,27,91,1.0089545404137787,0.0,0.0,0.1854333333333333,optimal
2021-02-10 09:30:00,27,91,0.9598442907165882,0.0,0.0,0.3552,optimal
2021-02-10 10:00:00,27,91,0.6274771807823608,0.0,0.0,0.42760000000000004,optimal
2021-02-10 10:30:00,27,91,0.6491349696999483,0.0,0.0,0.4326666666666667,optimal
2021-02-10 11:00:00,27,91,0.46914523368156513,0.0,0.0,0.3737,optimal
2021-02-10 11:30:00,27,91,0.40928534692820734,0.0,0.0,0.4844666666666666,optimal
2021-02-10 12:00:00,27,91,0.18788111293162257,0.0,0.0,0.47873333333333334,optimal
2021-02-10 12:30:00,27,91,0.1589363510268532,0.0,0.0,0.6363333333333334,optimal
2021-02-10 13:00:00,27,91,2.2857142857142856,0.0,0.0,0.2961333333333333,optimal
2021-02-10 13:30:00,27,91,2.2857142857142856,0.0,0.0,0.2826,optimal
2021-02-10 14:00:00,27,91,2.2857142857142856,0.0,0.0,0.34553333333333336,optimal
2021-02-10 14:30:00,27,91,2.2857142857142856,0.0,0.0,0.201,optimal
2021-02-10 15:00:00,27,91,2.2857142857142856,0.0,0.0,0.18619999999999998,optimal
2021-02-10 15:30:00,27,91,2.2857142857142856,0.0,0.0,0.3473333333333333,optimal
2021-02-10 16:00:00,27,91,0.0,0.0,0.0,0.0925,optimal
2021-02-10 16:30:00,27,91,0.0,0.0,0.0,0.112,optimal
2021-02-10 17:00:00,27,91,0.0,0.0,0.0,0.287,optimal
2021-02-10 17:30:00,27,91,0.0,0.0,0.0,0.33403333333333335,optimal
2021-02-10 18:00:00,27,91,0.0,0.0,0.0,0.2965,optimal
2021-02-10 18:30:00,27,91,0.0,0.0,0.0,0.2748333333333333,optimal
2021-02-10 19:00:00,27,91,0.0,0.0,0.0,0.35113333333333335,optimal
2021-02-10 19:30:00,27,91,0.0,0.0,0.0,0.3440666666666667,optimal
2021-02-10 20:00:00,27,91,0.772390883280239,0.0,0.0,0.356,optimal
2021-02-10 20:30:00,27,91,0.0,0.0,0.0,0.48206666666666664,optimal
2021-02-10 21:00:00,27,91,0.0,0.0,0.0,0.37626666666666664,optimal
2021-02-10 21:30:00,27,91,0.0,0.0,0.0,0.8742333333333333,optimal
2021-02-10 22:00:00,27,91,0.6369523809523808,0.0,0.0,0.39913333333333334,optimal
2021-02-10 22:30:00,27,91,0.0796190476190476,0.0,0.0,0.32716666666666666,optimal
2021-02-10 23:00:00,27,91,1.2938095238095242,0.0,0.0,0.4069666666666666,optimal
2021-02-10 23:30:00,27,91,0.0,0.0,0.0,0.24846666666666667,optimal
2021-02-11 00:00:00,27,91,0.0,0.0,0.0,0.063,optimal
2021-02-11 00:30:00,27,91,1.691904761904762,0.0,0.0,0.063,optimal
2021-02-11 01:00:00,27,91,0.7614502488606335,0.0,0.0,0.063,optimal
2021-02-11 01:30:00,27,91,2.2857142857142856,0.0,0.0,0.063,optimal
2021-02-11 02:00:00,27,91,2.2857142857142856,0.0,0.0,0.063,optimal
2021-02-11 02:30:00,27,91,2.2857142857142856,0.0,0.0,0.063,optimal
2021-02-11 03:00:00,27,91,2.2857142857142856,0.0,0.0,0.063,optimal
2021-02-11 03:30:00,27,91,2.2857142857142856,0.0,0.0,0.063,optimal
2021-02-11 04:00:00,27,91,2.2857142857142856,0.0,0.0,0.063,optimal
2021-02-11 04:30:00,27,91,2.2857142857142856,0.0,0.0,0.063,optimal
2021-02-11 05:00:00,27,91,2.2857142857142856,0.0,0.0,0.06533333333333333,optimal
2021-02-11 05:30:00,27,91,2.2857142857142856,0.0,0.0,0.072,optimal
2021-02-11 06:00:00,27,91,2.2857142857142856,0.0,3.3742466884046665,0.1297333333333333,optimal
2021-02-11 06:30:00,27,91,2.2857142857142856,0.0,10.0,0.21180000000000002,optimal
2021-02-11 07:00:00,27,91,2.2857142857142856,0.0,10.0,0.188,optimal
2021-02-11 07:30:00,27,91,2.2857142857142856,0.0,0.0,0.38180000000000003,optimal
2021-02-11 08:00:00,27,91,1.1041013370352046,0.0,0.0,2.0717,optimal
2021-02-11 08:30:00,27,91,1.4360397385938082,0.0,0.0,0.188,optimal
2021-02-11 09:00:00,27,91,1.1358627792843459,0.0,0.0,2.0031666666666665,optimal
2021-02-11 09:30:00,27,91,1.0048965526159135,0.0,0.0,2.431,optimal
2021-02-11 10:00:00,27,91,0.6427612544441083,0.0,0.0,0.836,optimal
2021-02-11 10:30:00,27,91,0.7796748606785274,0.0,0.0,0.188,optimal
2021-02-11 11:00:00,27,91,0.5335871276763235,0.0,0.0,0.33586666666666665,optimal
2021-02-11 11:30:00,27,91,0.5539427389309171,0.0,0.0,0.09,optimal
2021-02-11 12:00:00,27,91,0.317520132174608,0.0,0.0,0.098,optimal
2021-02-11 12:30:00,27,91,0.24638134446827833,0.0,0.0,0.5728666666666666,optimal
2021-02-11 13:00:00,27,91,2.2857142857142856,0.0,0.0,1.25,optimal
2021-02-11 13:30:00,27,91,2.2857142857142856,0.0,0.0,0.4653333333333333,optimal
2021-02-11 14:00:00,27,91,2.2857142857142856,0.0,0.0,0.073,optimal
2021-02-11 14:30:00,27,91,2.2857142857142856,0.0,0.0,0.073,optimal
2021-02-11 15:00:00,27,91,2.2857142857142856,0.0,0.0,0.073,optimal
2021-02-11 15:30:00,27,91,2.2857142857142856,0.0,0.0,0.073,optimal
2021-02-11 16:00:00,27,91,0.0,0.0,0.0,0.073,optimal
2021-02-11 16:30:00,27,91,0.0,0.0,0.0,0.073,optimal
2021-02-11 17:00:00,27,91,0.0,0.0,0.0,0.073,optimal
2021-02-11 17:30:00,27,91,0.0,0.0,0.0,0.073,optimal
2021-02-11 18:00:00,27,91,0.0,0.0,0.0,0.073,optimal
2021-02-11 18:30:00,27,91,0.0,0.0,0.0,0.073,optimal
2021-02-11 19:00:00,27,91,0.0,0.0,0.0,0.073,optimal
2021-02-11 19:30:00,27,91,1.3487991886984543,0.0,0.0,0.073,optimal
2021-02-11 20:00:00,27,91,1.8200183345742302,0.0,0.0,0.073,optimal
2021-02-11 20:30:00,27,91,0.0,0.0,0.0,0.073,optimal
2021-02-11 21:00:00,27,91,0.0,0.0,0.0,0.073,optimal
2021-02-11 21:30:00,27,91,0.0,0.0,0.0,0.073,optimal
2021-02-11 22:00:00,27,91,0.0,0.0,0.0,0.073,optimal
2021-02-11 22:30:00,27,91,0.07046285714285715,0.0,0.0,0.5818,optimal
2021-02-11 23:00:00,27,91,0.0,0.0,0.0,0.073,optimal
2021-02-11 23:30:00,27,91,0.0,0.0,0.0,0.07,optimal
2021-02-12 00:00:00,27,91,1.8125924140250997,0.0,0.0,0.054,optimal
2021-02-12 00:30:00,27,91,2.2857142857142856,0.0,0.0,0.047,optimal
2021-02-12 01:00:00,27,91,2.2857142857142856,0.0,0.0,0.19540000000000002,optimal
2021-02-12 01:30:00,27,91,2.2857142857142856,0.0,0.0,0.11566666666666668,optimal
2021-02-12 02:00:00,27,91,2.2857142857142856,0.0,0.0,0.047666666666666656,optimal
2021-02-12 02:30:00,27,91,2.2857142857142856,0.0,0.0,0.05666666666666666,optimal
2021-02-12 03:00:00,27,91,2.2857142857142856,0.0,0.0,0.26406666666666667,optimal
2021-02-12 03:30:00,27,91,2.2857142857142856,0.0,0.0,0.047,optimal
2021-02-12 04:00:00,27,91,2.2857142857142856,0.0,0.0,0.221,optimal
2021-02-12 04:30:00,27,91,2.2857142857142856,0.0,0.0,0.09006666666666666,optimal
2021-02-12 05:00:00,27,91,2.2857142857142856,0.0,0.0,0.14313333333333333,optimal
2021-02-12 05:30:00,27,91,2.2857142857142856,0.0,0.0,0.16793333333333332,optimal
2021-02-12 06:00:00,27,91,2.2857142857142856,0.0,5.108575411837744,0.04633333333333334,optimal
2021-02-12 06:30:00,27,91,2.2857142857142856,0.0,10.0,0.24006666666666662,optimal
2021-02-12 07:00:00,27,91,2.2857142857142856,0.0,0.0,0.067,optimal
2021-02-12 07:30:00,27,91,2.2857142857142856,0.0,0.0,0.17486666666666667,optimal
2021-02-12 08:00:00,27,91,1.6845971209326032,0.0,0.0,0.39039999999999997,optimal
2021-02-12 08:30:00,27,91,1.6196883230107213,0.0,0.0,0.07166666666666667,optimal
2021-02-12 09:00:00,27,91,1.3051303971185295,0.0,0.0,0.3419333333333333,optimal
2021-02-12 09:30:00,27,91,1.0476224123542466,0.0,0.0,0.49260000000000004,optimal
2021-02-12 10:00:00,27,91,0.5802852712435885,0.0,0.0,0.5047666666666667,optimal
2021-02-12 10:30:00,27,91,0.294051438515874,0.0,0.0,2.1031999999999997,optimal
2021-02-12 11:00:00,27,91,0.3295216130890338,0.0,0.0,0.5990666666666667,optimal
2021-02-12 11:30:00,27,91,0.4164297649504394,0.0,0.0,0.26153333333333334,optimal
2021-02-12 12:00:00,27,91,0.40970397046976176,0.0,0.0,0.07166666666666667,optimal
2021-02-12 12:30:00,27,91,0.36798355090261214,0.0,0.0,0.16366666666666665,optimal
2021-02-12 13:00:00,27,91,2.2857142857142856,0.0,0.0,0.5320333333333334,optimal
2021-02-12 13:30:00,27,91,2.2857142857142856,0.0,0.0,0.4712,optimal
2021-02-12 14:00:00,27,91,2.2857142857142856,0.0,0.0,0.38953333333333334,optimal
2021-02-12 14:30:00,27,91,2.2857142857142856,0.0,0.0,0.40193333333333325,optimal
2021-02-12 15:00:00,27,91,2.2857142857142856,0.0,0.0,0.19433333333333327,optimal
2021-02-12 15:30:00,27,91,2.2857142857142856,0.0,0.0,0.057,optimal
2021-02-12 16:00:00,27,91,0.0,0.0,0.0,0.2704,optimal
2021-02-12 16:30:00,27,91,0.0,0.0,0.0,0.06066666666666666,optimal
2021-02-12 17:00:00,27,91,0.0,0.0,0.0,0.2122666666666667,optimal
2021-02-12 17:30:00,27,91,0.0,0.0,0.0,0.16119999999999998,optimal
2021-02-12 18:00:00,27,91,0.0,0.0,0.0,0.18586666666666668,optimal
2021-02-12 18:30:00,27,91,0.0,0.0,0.0,0.33646666666666664,optimal
2021-02-12 19:00:00,27,91,0.0,0.0,0.0,0.2514,optimal
2021-02-12 19:30:00,27,91,0.0,0.0,0.0,0.217,optimal
2021-02-12 20:00:00,27,91,0.7019955958995987,0.0,0.0,0.28313333333333335,optimal
2021-02-12 20:30:00,27,91,0.0,0.0,0.0,0.2958,optimal
2021-02-12 21:00:00,27,91,0.0,0.0,0.0,0.4423333333333333,optimal
2021-02-12 21:30:00,27,91,0.0,0.0,0.0,0.6943333333333334,optimal
2021-02-12 22:00:00,27,91,0.6966666666666668,0.0,0.0,0.40726666666666667,optimal
2021-02-12 22:30:00,27,91,0.0,0.0,0.0,0.46686666666666665,optimal
2021-02-12 23:00:00,27,91,0.0,0.0,0.0,0.14233333333333334,optimal
2021-02-12 23:30:00,27,91,0.0,0.0,0.0,0.057,optimal
2021-02-13 00:00:00,27,91,0.0,0.0,0.0,0.058,optimal
2021-02-13 00:30:00,27,91,0.5772380952380952,0.0,0.0,0.058,optimal
2021-02-13 01:00:00,27,91,0.0,0.0,0.0,0.124,optimal
2021-02-13 01:30:00,27,91,0.0,0.0,0.0,0.058,optimal
2021-02-13 02:00:00,27,91,2.2440883699566423,0.0,0.0,0.10566666666666669,optimal
2021-02-13 02:30:00,27,91,2.2857142857142856,0.0,0.0,0.07633333333333332,optimal
2021-02-13 03:00:00,27,91,2.2857142857142856,0.0,0.0,0.124,optimal
2021-02-13 03:30:00,27,91,2.2857142857142856,0.0,0.0,0.058,optimal
2021-02-13 04:00:00,27,91,2.2857142857142856,0.0,0.0,0.058,optimal
2021-02-13 04:30:00,27,91,2.2857142857142856,0.0,0.0,0.058,optimal
2021-02-13 05:00:00,27,91,2.2857142857142856,0.0,0.0,0.058,optimal
2021-02-13 05:30:00,27,91,2.2857142857142856,0.0,0.0,0.125,optimal
2021-02-13 06:00:00,27,91,2.2857142857142856,0.0,0.0,0.068,optimal
2021-02-13 06:30:00,27,91,2.2857142857142856,0.0,0.0,0.067,optimal
2021-02-13 07:00:00,27,91,2.2857142857142856,0.0,8.428850979394484,0.12333333333333331,optimal
2021-02-13 07:30:00,27,91,2.2857142857142856,0.0,0.0,0.057,optimal
2021-02-13 08:00:00,27,91,1.2599856663844384,0.0,0.0,0.091,optimal
2021-02-13 08:30:00,27,91,1.2643509611030066,0.0,0.0,0.09633333333333331,optimal
2021-02-13 09:00:00,27,91,1.1027399237502382,0.0,0.0,0.056,optimal
2021-02-13 09:30:00,27,91,1.0675092544858849,0.0,0.0,0.097,optimal
2021-02-13 10:00:00,27,91,0.7035124180594472,0.0,0.0,0.7063333333333334,optimal
2021-02-13 10:30:00,27,91,0.7522586651589672,0.0,0.0,1.364,optimal
2021-02-13 11:00:00,27,91,0.5579017719253235,0.0,0.0,0.19333333333333327,optimal
2021-02-13 11:30:00,27,91,0.5923356380724477,0.0,0.0,0.1869,optimal
2021-02-13 12:00:00,27,91,0.41129044704681206,0.0,0.0,0.4232666666666666,optimal
2021-02-13 12:30:00,27,91,0.4911086555315698,0.0,0.0,0.18180000000000002,optimal
2021-02-13 13:00:00,27,91,2.2857142857142856,0.0,0.0,0.3113333333333333,optimal
2021-02-13 13:30:00,27,91,2.2857142857142856,0.0,0.0,0.11270000000000001,optimal
2021-02-13 14:00:00,27,91,2.2857142857142856,0.0,0.0,1.0943,optimal
2021-02-13 14:30:00,27,91,2.2857142857142856,0.0,0.0,0.44523333333333337,optimal
2021-02-13 15:00:00,27,91,2.2857142857142856,0.0,0.0,0.066,optimal
2021-02-13 15:30:00,27,91,2.2857142857142856,0.0,0.0,0.066,optimal
2021-02-13 16:00:00,27,91,0.0,0.0,0.0,0.12466666666666669,optimal
2021-02-13 16:30:00,27,91,0.0,0.0,0.0,0.31593333333333334,optimal
2021-02-13 17:00:00,27,91,0.0,0.0,0.0,0.22353333333333333,optimal
2021-02-13 17:30:00,27,91,0.0,0.0,0.0,0.6448666666666667,optimal
2021-02-13 18:00:00,27,91,0.0,0.0,0.0,1.5139333333333334,optimal
2021-02-13 18:30:00,27,91,0.0,0.0,0.0,1.2959333333333334,optimal
2021-02-13 19:00:00,27,91,0.0,0.0,0.0,0.5354666666666666,optimal
2021-02-13 19:30:00,27,91,0.0,0.0,0.0,0.2337333333333333,optimal
2021-02-13 20:00:00,27,91,0.010336068250517241,0.0,0.0,1.4546,optimal
2021-02-13 20:30:00,27,91,0.0,0.0,0.0,0.7112333333333334,optimal
2021-02-13 21:00:00,27,91,0.0,0.0,0.0,1.0144666666666668,optimal
2021-02-13 21:30:00,27,91,0.0,0.0,0.0,0.3053333333333333,optimal
2021-02-13 22:00:00,27,91,0.0,0.0,0.0,0.068,optimal
2021-02-13 22:30:00,27,91,0.0,0.0,0.0,0.068,optimal
2021-02-13 23:00:00,27,91,0.0,0.0,0.0,0.068,optimal
2021-02-13 23:30:00,27,91,0.0,0.0,0.0,0.09366666666666669,optimal
2021-02-07 00:00:00,28,91,0.0,0.0,0.0,0.045,optimal
2021-02-07 00:30:00,28,91,0.0,0.0,0.0,0.045,optimal
2021-02-07 01:00:00,28,91,0.0,0.0,0.0,0.045,optimal
2021-02-07 01:30:00,28,91,0.0,0.0,0.0,0.17333333333333334,optimal
2021-02-07 02:00:00,28,91,0.0,0.0,0.0,0.045,optimal
2021-02-07 02:30:00,28,91,0.0,0.0,0.0,0.17333333333333334,optimal
2021-02-07 03:00:00,28,91,0.0,0.0,0.0,0.045,optimal
2021-02-07 03:30:00,28,91,0.0,0.0,0.0,0.10916666666666669,optimal
2021-02-07 04:00:00,28,91,2.142857142857143,0.0,0.0,0.10916666666666669,optimal
2021-02-07 04:30:00,28,91,2.142857142857143,0.0,0.0,0.045,optimal
2021-02-07 05:00:00,28,91,2.142857142857143,0.0,0.0,0.17333333333333334,optimal
2021-02-07 05:30:00,28,91,2.142857142857143,0.0,0.0,0.045,optimal
2021-02-07 06:00:00,28,91,2.142857142857143,0.0,0.0,0.16673333333333332,optimal
2021-02-07 06:30:00,28,91,2.142857142857143,0.0,0.0,0.3095333333333334,optimal
2021-02-07 07:00:00,28,91,2.142857142857143,0.0,2.0120072799789424,0.354,optimal
2021-02-07 07:30:00,28,91,0.0,0.0,0.0,0.2585,optimal
2021-02-07 08:00:00,28,91,0.0,0.0,0.0,0.2118333333333333,optimal
2021-02-07 08:30:00,28,91,0.0,0.0,0.0,0.19166666666666662,optimal
2021-02-07 09:00:00,28,91,0.0,0.0,0.0,0.41243333333333326,optimal
2021-02-07 09:30:00,28,91,0.8307261951177124,0.0,0.0,0.3948333333333333,optimal
2021-02-07 10:00:00,28,91,1.0622054896266147,0.0,0.0,0.045,optimal
2021-02-07 10:30:00,28,91,1.059074900189488,0.0,0.0,0.08,optimal
2021-02-07 11:00:00,28,91,0.9070306849601114,0.0,0.0,0.13833333333333334,optimal
2021-02-07 11:30:00,28,91,0.9336973516267983,0.0,0.0,0.045,optimal
2021-02-07 12:00:00,28,91,0.8360768894817899,0.0,0.0,0.045,optimal
2021-02-07 12:30:00,28,91,0.8360768894817899,0.0,0.0,0.045,optimal
2021-02-07 13:00:00,28,91,2.142857142857143,0.0,0.0,0.17333333333333334,optimal
2021-02-07 13:30:00,28,91,2.142857142857143,0.0,0.0,0.045,optimal
2021-02-07 14:00:00,28,91,2.142857142857143,0.0,0.0,0.0625,optimal
2021-02-07 14:30:00,28,91,2.142857142857143,0.0,0.0,0.15583333333333335,optimal
2021-02-07 15:00:00,28,91,2.142857142857143,0.0,0.0,0.045,optimal
2021-02-07 15:30:00,28,91,2.142857142857143,0.0,0.0,0.4685666666666667,optimal
2021-02-07 16:00:00,28,91,0.0,0.0,0.0,0.2129333333333333,optimal
2021-02-07 16:30:00,28,91,0.0,0.0,0.0,0.2324,optimal
2021-02-07 17:00:00,28,91,0.0,0.0,0.0,0.41356666666666664,optimal
2021-02-07 17:30:00,28,91,0.0,0.0,0.0,0.2266,optimal
2021-02-07 18:00:00,28,91,0.0,0.0,0.0,0.424,optimal
2021-02-07 18:30:00,28,91,0.0,0.0,0.0,0.4274333333333333,optimal
2021-02-07 19:00:00,28,91,0.0,0.0,0.0,0.30610000000000004,optimal
2021-02-07 19:30:00,28,91,0.03476820015515248,0.0,0.0,0.3967,optimal
2021-02-07 20:00:00,28,91,0.8674735615781756,0.0,0.0,0.6151333333333333,optimal
2021-02-07 20:30:00,28,91,0.0,0.0,0.0,0.6171666666666666,optimal
2021-02-07 21:00:00,28,91,0.0,0.0,0.0,0.5387000000000001,optimal
2021-02-07 21:30:00,28,91,0.0,0.0,0.0,0.5093666666666666,optimal
2021-02-07 22:00:00,28,91,0.0,0.0,0.0,0.4688333333333333,optimal
2021-02-07 22:30:00,28,91,0.0,0.0,0.0,0.5631333333333334,optimal
2021-02-07 23:00:00,28,91,0.0,0.0,0.0,0.18830000000000002,optimal
2021-02-07 23:30:00,28,91,0.0,0.0,0.0,0.052,optimal
2021-02-08 00:00:00,28,91,0.0,0.0,0.0,0.056,optimal
2021-02-08 00:30:00,28,91,0.0,0.0,0.0,0.056,optimal
2021-02-08 01:00:00,28,91,0.0,0.0,0.0,0.09406666666666666,optimal
2021-02-08 01:30:00,28,91,0.0,0.0,0.0,0.22866666666666663,optimal
2021-02-08 02:00:00,28,91,0.6410076423004692,0.0,0.0,0.056,optimal
2021-02-08 02:30:00,28,91,2.142857142857143,0.0,0.0,0.056,optimal
2021-02-08 03:00:00,28,91,2.142857142857143,0.0,0.0,0.19540000000000002,optimal
2021-02-08 03:30:00,28,91,2.142857142857143,0.0,0.0,0.12733333333333333,optimal
2021-02-08 04:00:00,28,91,2.142857142857143,0.0,0.0,0.07583333333333332,optimal
2021-02-08 04:30:00,28,91,2.142857142857143,0.0,0.0,0.2469,optimal
2021-02-08 05:00:00,28,91,2.142857142857143,0.0,0.0,0.0752,optimal
2021-02-08 05:30:00,28,91,2.142857142857143,0.0,0.0,0.12153333333333331,optimal
2021-02-08 06:00:00,28,91,2.142857142857143,0.0,2.3335970113318707,0.164,optimal
2021-02-08 06:30:00,28,91,2.142857142857143,0.0,10.0,0.094,optimal
2021-02-08 07:00:00,28,91,2.142857142857143,0.0,10.0,0.1307333333333333,optimal
2021-02-08 07:30:00,28,91,2.142857142857143,0.0,0.0,0.065,optimal
2021-02-08 08:00:00,28,91,1.1341662434399264,0.0,0.0,0.21873333333333328,optimal
2021-02-08 08:30:00,28,91,1.1821975587647116,0.0,0.0,0.122,optimal
2021-02-08 09:00:00,28,91,1.0523405948347164,0.0,0.0,1.4034,optimal
2021-02-08 09:30:00,28,91,1.0463069551808815,0.0,0.0,0.7336,optimal
2021-02-08 10:00:00,28,91,0.8082290343045143,0.0,0.0,0.14463333333333334,optimal
2021-02-08 10:30:00,28,91,0.8704379120536031,0.0,0.0,0.101,optimal
2021-02-08 11:00:00,28,91,0.6768267046745131,0.0,0.0,0.132,optimal
2021-02-08 11:30:00,28,91,0.6565763417306819,0.0,0.0,0.17883333333333334,optimal
2021-02-08 12:00:00,28,91,0.6005166434857496,0.0,0.0,0.0679,optimal
2021-02-08 12:30:00,28,91,0.4207111556933283,0.0,0.0,1.1739666666666666,optimal
2021-02-08 13:00:00,28,91,2.142857142857143,0.0,0.0,0.8042,optimal
2021-02-08 13:30:00,28,91,2.142857142857143,0.0,0.0,1.4740666666666666,optimal
2021-02-08 14:00:00,28,91,2.142857142857143,0.0,0.0,0.8736333333333334,optimal
2021-02-08 14:30:00,28,91,2.142857142857143,0.0,0.0,0.18830000000000002,optimal
2021-02-08 15:00:00,28,91,2.142857142857143,0.0,0.0,0.17103333333333334,optimal
2021-02-08 15:30:00,28,91,2.142857142857143,0.0,0.0,0.24986666666666668,optimal
2021-02-08 16:00:00,28,91,0.0,0.0,0.0,2.1386,optimal
2021-02-08 16:30:00,28,91,0.0,0.0,0.0,0.49726666666666663,optimal
2021-02-08 17:00:00,28,91,0.0,0.0,0.0,2.2059,optimal
2021-02-08 17:30:00,28,91,0.0,0.0,0.0,1.1878,optimal
2021-02-08 18:00:00,28,91,0.0,0.0,0.0,3.5975333333333332,optimal
2021-02-08 18:30:00,28,91,0.0,0.0,0.0,1.7521666666666667,optimal
2021-02-08 19:00:00,28,91,0.0,0.0,0.0,1.4931333333333334,optimal
2021-02-08 19:30:00,28,91,0.0,0.0,0.0,0.5712,optimal
2021-02-08 20:00:00,28,91,0.10399365518698549,0.0,0.0,0.3182333333333333,optimal
2021-02-08 20:30:00,28,91,0.0,0.0,0.0,0.1643,optimal
2021-02-08 21:00:00,28,91,0.0,0.0,0.0,2.2365333333333335,optimal
2021-02-08 21:30:00,28,91,0.0,0.0,0.0,0.4296666666666667,optimal
2021-02-08 22:00:00,28,91,0.0,0.0,0.0,0.3498,optimal
2021-02-08 22:30:00,28,91,0.0,0.0,0.0,0.20633333333333329,optimal
2021-02-08 23:00:00,28,91,0.0,0.0,0.0,0.1009,optimal
2021-02-08 23:30:00,28,91,0.0,0.0,0.0,0.11633333333333332,optimal
2021-02-09 00:00:00,28,91,0.0,0.0,0.0,0.165,optimal
2021-02-09 00:30:00,28,91,0.39809523809523806,0.0,0.0,0.06,optimal
2021-02-09 01:00:00,28,91,0.0,0.0,0.0,0.06,optimal
2021-02-09 01:30:00,28,91,0.0,0.0,0.0,0.06,optimal
2021-02-09 02:00:00,28,91,1.8032673711772764,0.0,0.0,0.15519999999999998,optimal
2021-02-09 02:30:00,28,91,2.142857142857143,0.0,0.0,0.06,optimal
2021-02-09 03:00:00,28,91,2.142857142857143,0.0,0.0,0.0872,optimal
2021-02-09 03:30:00,28,91,2.142857142857143,0.0,0.0,0.128,optimal
2021-02-09 04:00:00,28,91,2.142857142857143,0.0,0.0,0.06,optimal
2021-02-09 04:30:00,28,91,2.142857142857143,0.0,0.0,0.15519999999999998,optimal
2021-02-09 05:00:00,28,91,2.142857142857143,0.0,0.0,0.06,optimal
2021-02-09 05:30:00,28,91,2.142857142857143,0.0,0.0,0.18146666666666667,optimal
2021-02-09 06:00:00,28,91,2.142857142857143,0.0,0.0,0.2204,optimal
2021-02-09 06:30:00,28,91,2.142857142857143,0.0,9.180100639312089,0.1989,optimal
2021-02-09 07:00:00,28,91,2.142857142857143,0.0,10.0,0.49010000000000004,optimal
2021-02-09 07:30:00,28,91,2.142857142857143,0.0,0.0,1.4904666666666666,optimal
2021-02-09 08:00:00,28,91,1.3371337956486955,0.0,0.0,0.15519999999999998,optimal
2021-02-09 08:30:00,28,91,1.354029679804377,0.0,0.0,0.06,optimal
2021-02-09 09:00:00,28,91,1.1986894487731947,0.0,0.0,0.06,optimal
2021-02-09 09:30:00,28,91,1.1508812170845633,0.0,0.0,0.15519999999999998,optimal
2021-02-09 10:00:00,28,91,0.9092380959414893,0.0,0.0,0.06,optimal
2021-02-09 10:30:00,28,91,0.8920645695342948,0.0,0.0,0.06,optimal
2021-02-09 11:00:00,28,91,0.6161910900403805,0.0,0.0,0.1628666666666667,optimal
2021-02-09 11:30:00,28,91,0.6399563847589398,0.0,0.0,0.06,optimal
2021-02-09 12:00:00,28,91,0.39906396125625804,0.0,0.0,0.3979,optimal
2021-02-09 12:30:00,28,91,0.4156900951091276,0.0,0.0,0.1807333333333333,optimal
2021-02-09 13:00:00,28,91,2.142857142857143,0.0,0.0,0.06,optimal
2021-02-09 13:30:00,28,91,2.142857142857143,0.0,0.0,0.0668,optimal
2021-02-09 14:00:00,28,91,2.142857142857143,0.0,0.0,0.15706666666666666,optimal
2021-02-09 14:30:00,28,91,2.142857142857143,0.0,0.0,1.4334666666666667,optimal
2021-02-09 15:00:00,28,91,2.142857142857143,0.0,0.0,0.6994666666666667,optimal
2021-02-09 15:30:00,28,91,2.142857142857143,0.0,0.0,1.5746666666666667,optimal
2021-02-09 16:00:00,28,91,0.0,0.0,0.0,0.35296666666666665,optimal
2021-02-09 16:30:00,28,91,0.0,0.0,0.0,0.24459999999999998,optimal
2021-02-09 17:00:00,28,91,0.0,0.0,0.0,0.21656666666666663,optimal
2021-02-09 17:30:00,28,91,0.0,0.0,0.0,0.4938,optimal
2021-02-09 18:00:00,28,91,0.0,0.0,0.0,0.3604,optimal
2021-02-09 18:30:00,28,91,0.0,0.0,0.0,0.40373333333333333,optimal
2021-02-09 19:00:00,28,91,0.0,0.0,0.0,1.1681333333333335,optimal
2021-02-09 19:30:00,28,91,0.5228176623368475,0.0,0.0,1.7024000000000001,optimal
2021-02-09 20:00:00,28,91,0.8769649233107322,0.0,0.0,1.5066666666666668,optimal
2021-02-09 20:30:00,28,91,0.0,0.0,0.0,0.8638666666666667,optimal
2021-02-09 21:00:00,28,91,0.0,0.0,0.0,0.42636666666666667,optimal
2021-02-09 21:30:00,28,91,0.0,0.0,0.0,0.3486,optimal
2021-02-09 22:00:00,28,91,0.05971428571428571,0.0,0.0,0.4782,optimal
2021-02-09 22:30:00,28,91,0.0,0.0,0.0,0.24503333333333333,optimal
2021-02-09 23:00:00,28,91,0.0199047619047619,0.0,0.0,0.07759999999999999,optimal
2021-02-09 23:30:00,28,91,0.0,0.0,0.0,0.1628666666666667,optimal
2021-02-10 00:00:00,28,91,0.0,0.0,0.0,0.056,optimal
2021-02-10 00:30:00,28,91,0.8160952380952382,0.0,0.0,0.056,optimal
2021-02-10 01:00:00,28,91,0.0,0.0,0.0,0.16466666666666666,optimal
2021-02-10 01:30:00,28,91,0.0,0.0,0.0,0.2034,optimal
2021-02-10 02:00:00,28,91,2.092790640783737,0.0,0.0,0.14293333333333333,optimal
2021-02-10 02:30:00,28,91,2.142857142857143,0.0,0.0,0.17823333333333333,optimal
2021-02-10 03:00:00,28,91,2.142857142857143,0.0,0.0,0.1898333333333333,optimal
2021-02-10 03:30:00,28,91,2.142857142857143,0.0,0.0,0.07773333333333333,optimal
2021-02-10 04:00:00,28,91,2.142857142857143,0.0,0.0,0.2034,optimal
2021-02-10 04:30:00,28,91,2.142857142857143,0.0,0.0,0.16466666666666666,optimal
2021-02-10 05:00:00,28,91,2.142857142857143,0.0,0.0,0.056,optimal
2021-02-10 05:30:00,28,91,2.142857142857143,0.0,0.0,0.22803333333333334,optimal
2021-02-10 06:00:00,28,91,2.142857142857143,0.0,0.0,0.14003333333333334,optimal
2021-02-10 06:30:00,28,91,2.142857142857143,0.0,6.895958476594645,0.06446666666666667,optimal
2021-02-10 07:00:00,28,91,2.142857142857143,0.0,10.0,0.2447666666666667,optimal
2021-02-10 07:30:00,28,91,2.142857142857143,0.0,0.0,1.4142666666666668,optimal
2021-02-10 08:00:00,28,91,1.1473365675532092,0.0,0.0,0.192,optimal
2021-02-10 08:30:00,28,91,1.0444358416655375,0.0,0.0,0.4266666666666667,optimal
2021-02-10 09:00:00,28,91,1.1906593023185374,0.0,0.0,0.1024,optimal
2021-02-10 09:30:00,28,91,1.1873204811927756,0.0,0.0,0.066,optimal
2021-02-10 10:00:00,28,91,0.8568676569728167,0.0,0.0,0.2568666666666667,optimal
2021-02-10 10:30:00,28,91,0.8824683030332692,0.0,0.0,0.13119999999999998,optimal
2021-02-10 11:00:00,28,91,0.709497614633954,0.0,0.0,0.066,optimal
2021-02-10 11:30:00,28,91,0.6681710612139251,0.0,0.0,0.1866,optimal
2021-02-10 12:00:00,28,91,0.36530968436018785,0.0,0.0,0.29253333333333337,optimal
2021-02-10 12:30:00,28,91,0.2652830176935085,0.0,0.0,1.7605333333333333,optimal
2021-02-10 13:00:00,28,91,1.9293253789873,0.0,0.0,0.4024,optimal
2021-02-10 13:30:00,28,91,2.142857142857143,0.0,0.0,0.43773333333333336,optimal
2021-02-10 14:00:00,28,91,2.142857142857143,0.0,0.0,0.4288,optimal
2021-02-10 14:30:00,28,91,2.142857142857143,0.0,0.0,0.3907,optimal
2021-02-10 15:00:00,28,91,2.142857142857143,0.0,0.0,0.2265,optimal
2021-02-10 15:30:00,28,91,2.142857142857143,0.0,0.0,0.46793333333333326,optimal
2021-02-10 16:00:00,28,91,0.0,0.0,0.0,0.1293,optimal
2021-02-10 16:30:00,28,91,0.0,0.0,0.0,0.5982666666666666,optimal
2021-02-10 17:00:00,28,91,0.0,0.0,0.0,0.4259,optimal
2021-02-10 17:30:00,28,91,0.0,0.0,0.0,0.2082333333333333,optimal
2021-02-10 18:00:00,28,91,0.0,0.0,0.0,0.27303333333333335,optimal
2021-02-10 18:30:00,28,91,0.0,0.0,0.0,0.13176666666666667,optimal
2021-02-10 19:00:00,28,91,0.0,0.0,0.0,0.11,optimal
2021-02-10 19:30:00,28,91,0.0,0.0,0.0,1.3972666666666669,optimal
2021-02-10 20:00:00,28,91,0.0,0.0,0.0,0.3063333333333333,optimal
2021-02-10 20:30:00,28,91,0.0,0.0,0.0,0.14426666666666668,optimal
2021-02-10 21:00:00,28,91,0.0,0.0,0.0,0.4152,optimal
2021-02-10 21:30:00,28,91,0.0,0.0,0.0,0.22340000000000002,optimal
2021-02-10 22:00:00,28,91,0.0796190476190476,0.0,0.0,0.44996666666666657,optimal
2021-02-10 22:30:00,28,91,0.0,0.0,0.0,0.1847666666666667,optimal
2021-02-10 23:00:00,28,91,0.0,0.0,0.0,0.14206666666666667,optimal
2021-02-10 23:30:00,28,91,0.0,0.0,0.0,0.1254,optimal
2021-02-11 00:00:00,28,91,0.0,0.0,0.0,0.06333333333333334,optimal
2021-02-11 00:30:00,28,91,1.9687959348288797,0.0,0.0,0.08486666666666666,optimal
2021-02-11 01:00:00,28,91,2.142857142857143,0.0,0.0,0.18926666666666667,optimal
2021-02-11 01:30:00,28,91,2.142857142857143,0.0,0.0,0.10753333333333331,optimal
2021-02-11 02:00:00,28,91,2.142857142857143,0.0,0.0,0.10426666666666667,optimal
2021-02-11 02:30:00,28,91,2.142857142857143,0.0,0.0,0.18719999999999998,optimal
2021-02-11 03:00:00,28,91,2.142857142857143,0.0,0.0,0.0902,optimal
2021-02-11 03:30:00,28,91,2.142857142857143,0.0,0.0,0.20126666666666668,optimal
2021-02-11 04:00:00,28,91,2.142857142857143,0.0,0.0,0.06466666666666668,optimal
2021-02-11 04:30:00,28,91,2.142857142857143,0.0,0.0,0.10213333333333334,optimal
2021-02-11 05:00:00,28,91,2.142857142857143,0.0,0.0,0.16246666666666668,optimal
2021-02-11 05:30:00,28,91,2.142857142857143,0.0,0.0,0.12140000000000001,optimal
2021-02-11 06:00:00,28,91,2.142857142857143,0.0,0.0,0.20126666666666668,optimal
2021-02-11 06:30:00,28,91,2.142857142857143,0.0,8.02525955382084,0.0778,optimal
2021-02-11 07:00:00,28,91,2.142857142857143,0.0,10.0,0.21553333333333333,optimal
2021-02-11 07:30:00,28,91,2.142857142857143,0.0,0.0,2.1618666666666666,optimal
2021-02-11 08:00:00,28,91,1.385587051320919,0.0,0.0,0.1632333333333333,optimal
2021-02-11 08:30:00,28,91,1.3508206909747569,0.0,0.0,0.3944,optimal
2021-02-11 09:00:00,28,91,1.3524418269034029,0.0,0.0,0.08406666666666666,optimal
2021-02-11 09:30:00,28,91,1.2347346478540033,0.0,0.0,0.10366666666666668,optimal
2021-02-11 10:00:00,28,91,0.8165631592060237,0.0,0.0,0.09673333333333332,optimal
2021-02-11 10:30:00,28,91,0.8269034321070942,0.0,0.0,0.2048,optimal
2021-02-11 11:00:00,28,91,0.6624156991048848,0.0,0.0,0.07546666666666667,optimal
2021-02-11 11:30:00,28,91,0.5745903579785432,0.0,0.0,0.20253333333333334,optimal
2021-02-11 12:00:00,28,91,0.3540248940793725,0.0,0.0,0.14013333333333333,optimal
2021-02-11 12:30:00,28,91,0.14012610637303546,0.0,0.0,1.2579666666666667,optimal
2021-02-11 13:00:00,28,91,2.142857142857143,0.0,0.0,0.46326666666666666,optimal
2021-02-11 13:30:00,28,91,2.142857142857143,0.0,0.0,0.26646666666666663,optimal
2021-02-11 14:00:00,28,91,2.142857142857143,0.0,0.0,0.2479333333333333,optimal
2021-02-11 14:30:00,28,91,2.142857142857143,0.0,0.0,0.46653333333333336,optimal
2021-02-11 15:00:00,28,91,2.142857142857143,0.0,0.0,0.3236,optimal
2021-02-11 15:30:00,28,91,2.142857142857143,0.0,0.0,0.41413333333333335,optimal
2021-02-11 16:00:00,28,91,0.0,0.0,0.0,0.47486666666666666,optimal
2021-02-11 16:30:00,28,91,0.0,0.0,0.0,0.44706666666666667,optimal
2021-02-11 17:00:00,28,91,0.0,0.0,0.0,0.5035666666666667,optimal
2021-02-11 17:30:00,28,91,0.0,0.0,0.0,2.213966666666667,optimal
2021-02-11 18:00:00,28,91,0.0,0.0,0.0,2.3650333333333333,optimal
2021-02-11 18:30:00,28,91,0.0,0.0,0.0,1.1998,optimal
2021-02-11 19:00:00,28,91,0.0,0.0,0.0,0.6252333333333333,optimal
2021-02-11 19:30:00,28,91,0.0,0.0,0.0,0.4998666666666667,optimal
2021-02-11 20:00:00,28,91,0.7720723592500278,0.0,0.0,0.37,optimal
2021-02-11 20:30:00,28,91,0.0,0.0,0.0,0.4164,optimal
2021-02-11 21:00:00,28,91,0.0,0.0,0.0,0.3597333333333333,optimal
2021-02-11 21:30:00,28,91,0.0,0.0,0.0,0.2445,optimal
2021-02-11 22:00:00,28,91,0.09952380952380951,0.0,0.0,0.5349333333333333,optimal
2021-02-11 22:30:00,28,91,0.0,0.0,0.0,0.38326666666666664,optimal
2021-02-11 23:00:00,28,91,0.0,0.0,0.0,0.3694666666666666,optimal
2021-02-11 23:30:00,28,91,0.0398095238095238,0.0,0.0,0.3406,optimal
2021-02-12 00:00:00,28,91,1.790825312013095,0.0,0.0,0.0856,optimal
2021-02-12 00:30:00,28,91,2.142857142857143,0.0,0.0,0.28286666666666666,optimal
2021-02-12 01:00:00,28,91,2.142857142857143,0.0,0.0,0.139,optimal
2021-02-12 01:30:00,28,91,2.142857142857143,0.0,0.0,0.11320000000000001,optimal
2021-02-12 02:00:00,28,91,2.142857142857143,0.0,0.0,0.2356,optimal
2021-02-12 02:30:00,28,91,2.142857142857143,0.0,0.0,0.058,optimal
2021-02-12 03:00:00,28,91,2.142857142857143,0.0,0.0,0.25630000000000003,optimal
2021-02-12 03:30:00,28,91,2.142857142857143,0.0,0.0,0.1025,optimal
2021-02-12 04:00:00,28,91,2.142857142857143,0.0,0.0,0.2848,optimal
2021-02-12 04:30:00,28,91,2.142857142857143,0.0,0.0,0.166,optimal
2021-02-12 05:00:00,28,91,2.142857142857143,0.0,0.0,0.15866666666666665,optimal
2021-02-12 05:30:00,28,91,2.142857142857143,0.0,0.0,0.14033333333333334,optimal
2021-02-12 06:00:00,28,91,2.142857142857143,0.0,0.0,0.17423333333333332,optimal
2021-02-12 06:30:00,28,91,2.142857142857143,0.0,6.296118829550638,0.2839,optimal
2021-02-12 07:00:00,28,91,2.142857142857143,0.0,10.0,0.12846666666666667,optimal
2021-02-12 07:30:00,28,91,2.142857142857143,0.0,0.0,0.21059999999999998,optimal
2021-02-12 08:00:00,28,91,2.142857142857143,0.0,0.0,0.31553333333333333,optimal
2021-02-12 08:30:00,28,91,1.5735997296576,0.0,0.0,0.19966666666666663,optimal
2021-02-12 09:00:00,28,91,1.2152065875947138,0.0,0.0,0.36469999999999997,optimal
2021-02-12 09:30:00,28,91,1.0712509837828326,0.0,0.0,0.3569333333333333,optimal
2021-02-12 10:00:00,28,91,0.6609728902912031,0.0,0.0,0.3032333333333333,optimal
2021-02-12 10:30:00,28,91,0.599742867087322,0.0,0.0,0.4373,optimal
2021-02-12 11:00:00,28,91,0.28835018451760663,0.0,0.0,0.6358666666666667,optimal
2021-02-12 11:30:00,28,91,0.2370011935218823,0.0,0.0,0.9002333333333333,optimal
2021-02-12 12:00:00,28,91,0.30520873237452173,0.0,0.0,0.3891,optimal
2021-02-12 12:30:00,28,91,0.28110736042641715,0.0,0.0,0.48610000000000003,optimal
2021-02-12 13:00:00,28,91,2.142857142857143,0.0,0.0,0.5633666666666667,optimal
2021-02-12 13:30:00,28,91,2.142857142857143,0.0,0.0,0.28956666666666664,optimal
2021-02-12 14:00:00,28,91,2.142857142857143,0.0,0.0,0.29946666666666666,optimal
2021-02-12 14:30:00,28,91,2.142857142857143,0.0,0.0,0.17553333333333332,optimal
2021-02-12 15:00:00,28,91,2.142857142857143,0.0,0.0,0.066,optimal
2021-02-12 15:30:00,28,91,2.142857142857143,0.0,0.0,0.17216666666666666,optimal
2021-02-12 16:00:00,28,91,0.0,0.0,0.0,0.2414333333333333,optimal
2021-02-12 16:30:00,28,91,0.0,0.0,0.0,1.7825,optimal
2021-02-12 17:00:00,28,91,0.0,0.0,0.0,0.396,optimal
2021-02-12 17:30:00,28,91,0.0,0.0,0.0,0.6681,optimal
2021-02-12 18:00:00,28,91,0.0,0.0,0.0,1.9000666666666663,optimal
2021-02-12 18:30:00,28,91,0.0,0.0,0.0,0.37506666666666666,optimal
2021-02-12 19:00:00,28,91,0.0,0.0,0.0,0.2342,optimal
2021-02-12 19:30:00,28,91,0.0,0.0,0.0,0.43,optimal
2021-02-12 20:00:00,28,91,0.19560603779015198,0.0,0.0,0.2122333333333333,optimal
2021-02-12 20:30:00,28,91,0.0,0.0,0.0,0.48156666666666664,optimal
2021-02-12 21:00:00,28,91,0.0,0.0,0.0,0.24823333333333328,optimal
2021-02-12 21:30:00,28,91,0.0,0.0,0.0,0.36626666666666663,optimal
2021-02-12 22:00:00,28,91,0.059714285714285706,0.0,0.0,0.7388666666666667,optimal
2021-02-12 22:30:00,28,91,0.0,0.0,0.0,0.2864,optimal
2021-02-12 23:00:00,28,91,0.0,0.0,0.0,0.2064,optimal
2021-02-12 23:30:00,28,91,0.0,0.0,0.0,0.2730666666666667,optimal
2021-02-13 00:00:00,28,91,0.0,0.0,0.0,0.055,optimal
2021-02-13 00:30:00,28,91,0.4578095238095238,0.0,0.0,0.055,optimal
2021-02-13 01:00:00,28,91,0.0,0.0,0.0,0.055,optimal
2021-02-13 01:30:00,28,91,1.9980844447525201,0.0,0.0,0.124,optimal
2021-02-13 02:00:00,28,91,2.142857142857143,0.0,0.0,0.06233333333333334,optimal
2021-02-13 02:30:00,28,91,2.142857142857143,0.0,0.0,0.121,optimal
2021-02-13 03:00:00,28,91,2.142857142857143,0.0,0.0,0.055,optimal
2021-02-13 03:30:00,28,91,2.142857142857143,0.0,0.0,0.121,optimal
2021-02-13 04:00:00,28,91,2.142857142857143,0.0,0.0,0.059,optimal
2021-02-13 04:30:00,28,91,2.142857142857143,0.0,0.0,0.06133333333333334,optimal
2021-02-13 05:00:00,28,91,2.142857142857143,0.0,0.0,0.11366666666666668,optimal
2021-02-13 05:30:00,28,91,2.142857142857143,0.0,0.0,0.06233333333333334,optimal
2021-02-13 06:00:00,28,91,2.142857142857143,0.0,0.0,0.11,optimal
2021-02-13 06:30:00,28,91,2.142857142857143,0.0,0.0,0.07433333333333333,optimal
2021-02-13 07:00:00,28,91,2.142857142857143,0.0,0.0,0.05766666666666666,optimal
2021-02-13 07:30:00,28,91,2.142857142857143,0.0,0.0,0.055,optimal
2021-02-13 08:00:00,28,91,1.3030523330511172,0.0,0.0,0.2777,optimal
2021-02-13 08:30:00,28,91,1.2932385801506345,0.0,0.0,0.7591333333333333,optimal
2021-02-13 09:00:00,28,91,1.0749494475597416,0.0,0.0,1.2171333333333334,optimal
2021-02-13 09:30:00,28,91,1.0670121116287488,0.0,0.0,0.7243333333333334,optimal
2021-02-13 10:00:00,28,91,0.7987428942499266,0.0,0.0,0.16476666666666667,optimal
2021-02-13 10:30:00,28,91,0.6832319984922863,0.0,0.0,1.3432666666666668,optimal
2021-02-13 11:00:00,28,91,0.3755112957348463,0.0,0.0,2.040766666666667,optimal
2021-02-13 11:30:00,28,91,0.46233373331055133,0.0,0.0,0.5228666666666667,optimal
2021-02-13 12:00:00,28,91,0.43771520895158306,0.0,0.0,0.24480000000000002,optimal
2021-02-13 12:30:00,28,91,0.38292579838870805,0.0,0.0,0.924,optimal
2021-02-13 13:00:00,28,91,2.142857142857143,0.0,0.0,2.7739000000000003,optimal
2021-02-13 13:30:00,28,91,2.142857142857143,0.0,0.0,1.9969000000000001,optimal
2021-02-13 14:00:00,28,91,2.142857142857143,0.0,0.0,0.11333333333333331,optimal
2021-02-13 14:30:00,28,91,2.142857142857143,0.0,0.0,0.253,optimal
2021-02-13 15:00:00,28,91,2.142857142857143,0.0,2.8305064001183893,0.1894,optimal
2021-02-13 15:30:00,28,91,2.142857142857143,0.0,10.0,0.1832666666666667,optimal
2021-02-13 16:00:00,28,91,0.0,0.0,0.0,1.5274333333333334,optimal
2021-02-13 16:30:00,28,91,0.0,0.0,0.0,0.28353333333333336,optimal
2021-02-13 17:00:00,28,91,0.0,0.0,0.0,0.11766666666666668,optimal
2021-02-13 17:30:00,28,91,0.0,0.0,0.0,0.06933333333333333,optimal
2021-02-13 18:00:00,28,91,0.0,0.0,0.0,0.099,optimal
2021-02-13 18:30:00,28,91,0.0,0.0,0.0,0.11533333333333332,optimal
2021-02-13 19:00:00,28,91,0.0,0.0,0.0,0.1466,optimal
2021-02-13 19:30:00,28,91,0.4339739728481431,0.0,0.0,0.33463333333333334,optimal
2021-02-13 20:00:00,28,91,1.2537720225329179,0.0,0.0,0.12633333333333333,optimal
2021-02-13 20:30:00,28,91,0.0,0.0,0.0,0.3474,optimal
2021-02-13 21:00:00,28,91,0.0,0.0,0.0,0.2911,optimal
2021-02-13 21:30:00,28,91,0.0,0.0,0.0,0.4017,optimal
2021-02-13 22:00:00,28,91,0.05971428571428571,0.0,0.0,0.19140000000000001,optimal
2021-02-13 22:30:00,28,91,0.0,0.0,0.0,0.219,optimal
2021-02-13 23:00:00,28,91,0.0,0.0,0.0,0.079,optimal
2021-02-13 23:30:00,28,91,0.0,0.0,0.0,0.3095,optimal
2021-02-07 00:00:00,29,91,0.0,0.0,0.0,0.062,optimal
2021-02-07 00:30:00,29,91,0.0,0.0,0.0,0.062,optimal
2021-02-07 01:00:00,29,91,0.0,0.0,0.0,0.062,optimal
2021-02-07 01:30:00,29,91,0.0,0.0,0.0,0.062,optimal
2021-02-07 02:00:00,29,91,0.0,0.0,0.0,0.062,optimal
2021-02-07 02:30:00,29,91,0.0,0.0,0.0,0.06766666666666667,optimal
2021-02-07 03:00:00,29,91,0.0,0.0,0.0,0.066,optimal
2021-02-07 03:30:00,29,91,0.0,0.0,0.0,0.062,optimal
2021-02-07 04:00:00,29,91,2.2857142857142856,0.0,0.0,0.062,optimal
2021-02-07 04:30:00,29,91,2.2857142857142856,0.0,0.0,0.19853333333333334,optimal
2021-02-07 05:00:00,29,91,2.2857142857142856,0.0,1.1060376930150764,0.06,optimal
2021-02-07 05:30:00,29,91,2.2857142857142856,0.0,0.0,0.06,optimal
2021-02-07 06:00:00,29,91,2.2857142857142856,0.0,0.0,0.06,optimal
2021-02-07 06:30:00,29,91,2.2857142857142856,0.0,0.0,0.06,optimal
2021-02-07 07:00:00,29,91,2.2857142857142856,0.0,0.0,0.8025666666666668,optimal
2021-02-07 07:30:00,29,91,0.0,0.0,0.0,0.8018,optimal
2021-02-07 08:00:00,29,91,0.0,0.0,0.0,0.11033333333333331,optimal
2021-02-07 08:30:00,29,91,0.0,0.0,0.0,0.06766666666666667,optimal
2021-02-07 09:00:00,29,91,0.0,0.0,0.0,0.071,optimal
2021-02-07 09:30:00,29,91,0.1690601831235744,0.0,0.0,0.062,optimal
2021-02-07 10:00:00,29,91,1.0573197753408836,0.0,0.0,0.062,optimal
2021-02-07 10:30:00,29,91,1.064189185903761,0.0,0.0,0.062,optimal
2021-02-07 11:00:00,29,91,0.9288116373410672,0.0,0.0,0.07,optimal
2021-02-07 11:30:00,29,91,0.9288116373410672,0.0,0.0,0.065,optimal
2021-02-07 12:00:00,29,91,0.8311911751960817,0.0,0.0,0.062,optimal
2021-02-07 12:30:00,29,91,1.059930368683214,0.0,0.0,0.062,optimal
2021-02-07 13:00:00,29,91,2.2857142857142856,0.0,0.0,0.062,optimal
2021-02-07 13:30:00,29,91,2.2857142857142856,0.0,0.0,0.062,optimal
2021-02-07 14:00:00,29,91,2.2857142857142856,0.0,0.0,0.062,optimal
2021-02-07 14:30:00,29,91,2.2857142857142856,0.0,0.0,0.062,optimal
2021-02-07 15:00:00,29,91,2.2857142857142856,0.0,0.0,0.062,optimal
2021-02-07 15:30:00,29,91,2.2857142857142856,0.0,0.0,0.062,optimal
2021-02-07 16:00:00,29,91,0.0,0.0,0.0,0.062,optimal
2021-02-07 16:30:00,29,91,0.0,0.0,0.0,0.06766666666666667,optimal
2021-02-07 17:00:00,29,91,0.0,0.0,0.0,0.072,optimal
2021-02-07 17:30:00,29,91,0.0,0.0,0.0,0.07033333333333333,optimal
2021-02-07 18:00:00,29,91,0.0,0.0,0.0,0.062,optimal
2021-02-07 18:30:00,29,91,0.0,0.0,0.0,0.06233333333333334,optimal
2021-02-07 19:00:00,29,91,0.0,0.0,0.0,0.072,optimal
2021-02-07 19:30:00,29,91,1.2429021330067287,0.0,0.0,0.07,optimal
2021-02-07 20:00:00,29,91,1.1358830853876825,0.0,0.0,0.1974,optimal
2021-02-07 20:30:00,29,91,0.0,0.0,0.0,0.5936333333333333,optimal
2021-02-07 21:00:00,29,91,0.0,0.0,0.0,0.28196666666666664,optimal
2021-02-07 21:30:00,29,91,0.0,0.0,0.0,0.3138,optimal
2021-02-07 22:00:00,29,91,0.0,0.0,0.0,1.6556666666666668,optimal
2021-02-07 22:30:00,29,91,0.0,0.0,0.0,0.072,optimal
2021-02-07 23:00:00,29,91,0.0,0.0,0.0,0.072,optimal
2021-02-07 23:30:00,29,91,0.0,0.0,0.0,0.072,optimal
2021-02-08 00:00:00,29,91,0.0,0.0,0.0,0.187,optimal
2021-02-08 00:30:00,29,91,0.6568571428571429,0.0,0.0,0.157,optimal
2021-02-08 01:00:00,29,91,0.0,0.0,0.0,0.111,optimal
2021-02-08 01:30:00,29,91,0.0,0.0,0.0,0.1485,optimal
2021-02-08 02:00:00,29,91,0.0,0.0,0.0,0.0693,optimal
2021-02-08 02:30:00,29,91,1.3672589228941108,0.0,0.0,0.29333333333333333,optimal
2021-02-08 03:00:00,29,91,2.2857142857142856,0.0,0.0,0.1348,optimal
2021-02-08 03:30:00,29,91,2.2857142857142856,0.0,0.0,0.17433333333333334,optimal
2021-02-08 04:00:00,29,91,2.2857142857142856,0.0,0.0,0.17033333333333334,optimal
2021-02-08 04:30:00,29,91,2.2857142857142856,0.0,0.0,0.1308,optimal
2021-02-08 05:00:00,29,91,2.2857142857142856,0.0,9.951149194281582,0.2876666666666667,optimal
2021-02-08 05:30:00,29,91,2.2857142857142856,0.0,10.0,0.14046666666666666,optimal
2021-02-08 06:00:00,29,91,2.2857142857142856,0.0,10.0,0.09966666666666668,optimal
2021-02-08 06:30:00,29,91,2.2857142857142856,0.0,10.0,0.26613333333333333,optimal
2021-02-08 07:00:00,29,91,2.2857142857142856,0.0,10.0,0.109,optimal
2021-02-08 07:30:00,29,91,2.2857142857142856,0.0,0.0,1.1200999999999999,optimal
2021-02-08 08:00:00,29,91,1.0920043386780116,0.0,0.0,0.21806666666666663,optimal
2021-02-08 08:30:00,29,91,1.1231594635266118,0.0,0.0,0.13373333333333332,optimal
2021-02-08 09:00:00,29,91,1.0466853567394931,0.0,0.0,0.245,optimal
2021-02-08 09:30:00,29,91,1.1552764789904169,0.0,0.0,0.10853333333333332,optimal
2021-02-08 10:00:00,29,91,0.9177528438283274,0.0,0.0,0.1326,optimal
2021-02-08 10:30:00,29,91,0.8808950549107384,0.0,0.0,0.2976666666666667,optimal
2021-02-08 11:00:00,29,91,0.6824838475316635,0.0,0.0,0.12029999999999999,optimal
2021-02-08 11:30:00,29,91,0.6381287226830763,0.0,0.0,0.2515,optimal
2021-02-08 12:00:00,29,91,0.5664690244381304,0.0,0.0,0.19516666666666663,optimal
2021-02-08 12:30:00,29,91,0.585834965217151,0.0,0.0,0.0793,optimal
2021-02-08 13:00:00,29,91,2.2857142857142856,0.0,0.0,0.14273333333333332,optimal
2021-02-08 13:30:00,29,91,2.2857142857142856,0.0,0.0,0.3086666666666667,optimal
2021-02-08 14:00:00,29,91,2.2857142857142856,0.0,0.0,0.12459999999999999,optimal
2021-02-08 14:30:00,29,91,2.2857142857142856,0.0,0.0,0.1196,optimal
2021-02-08 15:00:00,29,91,2.2857142857142856,0.0,0.0,0.26566666666666666,optimal
2021-02-08 15:30:00,29,91,2.2857142857142856,0.0,0.0,0.065,optimal
2021-02-08 16:00:00,29,91,0.0,0.0,0.0,0.383,optimal
2021-02-08 16:30:00,29,91,0.0,0.0,0.0,0.37073333333333336,optimal
2021-02-08 17:00:00,29,91,0.0,0.0,0.0,0.5154666666666667,optimal
2021-02-08 17:30:00,29,91,0.0,0.0,0.0,0.5450333333333333,optimal
2021-02-08 18:00:00,29,91,0.0,0.0,0.0,1.441266666666667,optimal
2021-02-08 18:30:00,29,91,0.0,0.0,0.0,0.4383333333333333,optimal
2021-02-08 19:00:00,29,91,0.0,0.0,0.0,0.5535666666666668,optimal
2021-02-08 19:30:00,29,91,0.0,0.0,0.0,0.48203333333333337,optimal
2021-02-08 20:00:00,29,91,0.23635590037165274,0.0,0.0,0.5976333333333333,optimal
2021-02-08 20:30:00,29,91,0.0,0.0,0.0,0.6344,optimal
2021-02-08 21:00:00,29,91,0.0,0.0,0.0,0.3973333333333333,optimal
2021-02-08 21:30:00,29,91,0.0,0.0,0.0,0.5224333333333333,optimal
2021-02-08 22:00:00,29,91,0.11942857142857141,0.0,0.0,0.4252666666666666,optimal
2021-02-08 22:30:00,29,91,0.0,0.0,0.0,0.269,optimal
2021-02-08 23:00:00,29,91,0.0,0.0,0.0,0.34346666666666664,optimal
2021-02-08 23:30:00,29,91,0.0,0.0,0.0,0.14033333333333334,optimal
2021-02-09 00:00:00,29,91,0.0,0.0,0.0,0.31010000000000004,optimal
2021-02-09 00:30:00,29,91,1.7914285714285714,0.0,0.0,0.153,optimal
2021-02-09 01:00:00,29,91,0.0,0.0,0.0,0.071,optimal
2021-02-09 01:30:00,29,91,0.0,0.0,0.0,0.29943333333333333,optimal
2021-02-09 02:00:00,29,91,0.34133372097391534,0.0,0.0,0.07776666666666666,optimal
2021-02-09 02:30:00,29,91,2.2857142857142856,0.0,0.0,0.14423333333333332,optimal
2021-02-09 03:00:00,29,91,2.2857142857142856,0.0,0.0,0.23296666666666666,optimal
2021-02-09 03:30:00,29,91,2.2857142857142856,0.0,0.0,0.071,optimal
2021-02-09 04:00:00,29,91,2.2857142857142856,0.0,0.0,0.21986666666666668,optimal
2021-02-09 04:30:00,29,91,2.2857142857142856,0.0,0.0,0.15733333333333335,optimal
2021-02-09 05:00:00,29,91,2.2857142857142856,0.0,0.0,0.071,optimal
2021-02-09 05:30:00,29,91,2.2857142857142856,0.0,0.0,0.15896666666666667,optimal
2021-02-09 06:00:00,29,91,2.2857142857142856,0.0,0.0,0.21823333333333328,optimal
2021-02-09 06:30:00,29,91,2.2857142857142856,0.0,0.0,0.071,optimal
2021-02-09 07:00:00,29,91,2.2857142857142856,0.0,7.266186931057872,0.225,optimal
2021-02-09 07:30:00,29,91,2.2857142857142856,0.0,0.0,0.2302,optimal
2021-02-09 08:00:00,29,91,1.1092957004105979,0.0,0.0,0.7141333333333333,optimal
2021-02-09 08:30:00,29,91,1.3292201559948402,0.0,0.0,0.15733333333333335,optimal
2021-02-09 09:00:00,29,91,1.156013258297008,0.0,0.0,0.21986666666666668,optimal
2021-02-09 09:30:00,29,91,1.1761764551797897,0.0,0.0,0.07716666666666668,optimal
2021-02-09 10:00:00,29,91,0.8552571435605217,0.0,0.0,0.25943333333333335,optimal
2021-02-09 10:30:00,29,91,0.8803217123914229,0.0,0.0,0.11159999999999999,optimal
2021-02-09 11:00:00,29,91,0.6355148995641909,0.0,0.0,0.09806666666666666,optimal
2021-02-09 11:30:00,29,91,0.580346860949404,0.0,0.0,0.27913333333333334,optimal
2021-02-09 12:00:00,29,91,0.4746077707800535,0.0,0.0,0.071,optimal
2021-02-09 12:30:00,29,91,0.17996628558529965,0.0,0.0,0.8966000000000001,optimal
2021-02-09 13:00:00,29,91,1.0897609681182727,0.0,0.0,0.4278333333333333,optimal
2021-02-09 13:30:00,29,91,2.2857142857142856,0.0,0.0,0.3298666666666667,optimal
2021-02-09 14:00:00,29,91,2.2857142857142856,0.0,0.0,0.2571,optimal
2021-02-09 14:30:00,29,91,2.2857142857142856,0.0,0.0,0.48073333333333335,optimal
2021-02-09 15:00:00,29,91,2.2857142857142856,0.0,0.0,0.207,optimal
2021-02-09 15:30:00,29,91,2.2857142857142856,0.0,0.0,0.21986666666666668,optimal
2021-02-09 16:00:00,29,91,0.0,0.0,0.0,0.11416666666666668,optimal
2021-02-09 16:30:00,29,91,0.0,0.0,0.0,0.29586666666666667,optimal
2021-02-09 17:00:00,29,91,0.0,0.0,0.0,1.6781666666666668,optimal
2021-02-09 17:30:00,29,91,0.0,0.0,0.0,2.1229,optimal
2021-02-09 18:00:00,29,91,0.0,0.0,0.0,1.3417666666666668,optimal
2021-02-09 18:30:00,29,91,0.0,0.0,0.0,0.3939666666666666,optimal
2021-02-09 19:00:00,29,91,0.0,0.0,0.0,0.4341666666666667,optimal
2021-02-09 19:30:00,29,91,0.0,0.0,0.0,0.33103333333333335,optimal
2021-02-09 20:00:00,29,91,0.0,0.0,0.0,0.27996666666666664,optimal
2021-02-09 20:30:00,29,91,0.0,0.0,0.0,0.5501666666666666,optimal
2021-02-09 21:00:00,29,91,0.0,0.0,0.0,0.738,optimal
2021-02-09 21:30:00,29,91,0.0,0.0,0.0,1.2872000000000001,optimal
2021-02-09 22:00:00,29,91,0.05971428571428571,0.0,0.0,0.4785,optimal
2021-02-09 22:30:00,29,91,0.0,0.0,0.0,0.09233333333333331,optimal
2021-02-09 23:00:00,29,91,0.0,0.0,0.0,0.2740666666666667,optimal
2021-02-09 23:30:00,29,91,0.0,0.0,0.0,0.12513333333333335,optimal
2021-02-10 00:00:00,29,91,0.0,0.0,0.0,0.3713666666666667,optimal
2021-02-10 00:30:00,29,91,0.3383809523809523,0.0,0.0,0.45676666666666665,optimal
2021-02-10 01:00:00,29,91,0.0,0.0,0.0,0.4072,optimal
2021-02-10 01:30:00,29,91,0.0,0.0,0.0,0.061,optimal
2021-02-10 02:00:00,29,91,0.2631744854324455,0.0,0.0,0.18893333333333331,optimal
2021-02-10 02:30:00,29,91,2.2857142857142856,0.0,0.0,0.08120000000000001,optimal
2021-02-10 03:00:00,29,91,2.2857142857142856,0.0,0.0,0.061,optimal
2021-02-10 03:30:00,29,91,2.2857142857142856,0.0,0.0,0.08793333333333334,optimal
2021-02-10 04:00:00,29,91,2.2857142857142856,0.0,0.0,0.1822,optimal
2021-02-10 04:30:00,29,91,2.2857142857142856,0.0,0.0,0.061,optimal
2021-02-10 05:00:00,29,91,2.2857142857142856,0.0,0.0,0.08120000000000001,optimal
2021-02-10 05:30:00,29,91,2.2857142857142856,0.0,0.0,0.18893333333333331,optimal
2021-02-10 06:00:00,29,91,2.2857142857142856,0.0,0.0,0.061,optimal
2021-02-10 06:30:00,29,91,2.2857142857142856,0.0,0.0,0.1,optimal
2021-02-10 07:00:00,29,91,2.2857142857142856,0.0,9.85437162695873,0.1811333333333333,optimal
2021-02-10 07:30:00,29,91,2.2857142857142856,0.0,0.0,0.30606666666666665,optimal
2021-02-10 08:00:00,29,91,1.159031805648437,0.0,0.0,0.3147333333333333,optimal
2021-02-10 08:30:00,29,91,1.0983786988084034,0.0,0.0,0.393,optimal
2021-02-10 09:00:00,29,91,0.9213069213661643,0.0,0.0,0.24459999999999998,optimal
2021-02-10 09:30:00,29,91,1.147872862145176,0.0,0.0,0.19766666666666663,optimal
2021-02-10 10:00:00,29,91,0.9104295617347327,0.0,0.0,0.06566666666666666,optimal
2021-02-10 10:30:00,29,91,0.8962778268427941,0.0,0.0,0.0798,optimal
2021-02-10 11:00:00,29,91,0.6700499955863317,0.0,0.0,0.196,optimal
2021-02-10 11:30:00,29,91,0.701656775499651,0.0,0.0,0.061,optimal
2021-02-10 12:00:00,29,91,0.4181744462649387,0.0,0.0,0.20913333333333334,optimal
2021-02-10 12:30:00,29,91,0.4604982557887577,0.0,0.0,0.061,optimal
2021-02-10 13:00:00,29,91,1.221757313620505,0.0,0.0,0.1418,optimal
2021-02-10 13:30:00,29,91,2.2857142857142856,0.0,0.0,0.12833333333333335,optimal
2021-02-10 14:00:00,29,91,2.2857142857142856,0.0,0.0,0.1906,optimal
2021-02-10 14:30:00,29,91,2.2857142857142856,0.0,0.0,0.31893333333333335,optimal
2021-02-10 15:00:00,29,91,2.2857142857142856,0.0,0.0,0.061,optimal
2021-02-10 15:30:00,29,91,2.2857142857142856,0.0,0.0,0.13506666666666667,optimal
2021-02-10 16:00:00,29,91,0.0,0.0,0.0,0.13806666666666667,optimal
2021-02-10 16:30:00,29,91,0.0,0.0,0.0,0.115,optimal
2021-02-10 17:00:00,29,91,0.0,0.0,0.0,1.0321666666666667,optimal
2021-02-10 17:30:00,29,91,0.0,0.0,0.0,1.7735999999999998,optimal
2021-02-10 18:00:00,29,91,0.0,0.0,0.0,0.7601,optimal
2021-02-10 18:30:00,29,91,0.0,0.0,0.0,1.8269000000000002,optimal
2021-02-10 19:00:00,29,91,0.0,0.0,0.0,3.4966666666666666,optimal
2021-02-10 19:30:00,29,91,0.0,0.0,0.0,4.122,optimal
2021-02-10 20:00:00,29,91,0.0,0.0,0.0,2.4766999999999997,optimal
2021-02-10 20:30:00,29,91,0.0,0.0,0.0,0.1216,optimal
2021-02-10 21:00:00,29,91,0.0,0.0,0.0,0.14853333333333332,optimal
2021-02-10 21:30:00,29,91,0.0,0.0,0.0,0.061,optimal
2021-02-10 22:00:00,29,91,0.0,0.0,0.0,0.1418,optimal
2021-02-10 22:30:00,29,91,0.0,0.0,0.0,0.12833333333333335,optimal
2021-02-10 23:00:00,29,91,0.0,0.0,0.0,0.061,optimal
2021-02-10 23:30:00,29,91,0.0,0.0,0.0,0.33366666666666667,optimal
2021-02-11 00:00:00,29,91,0.0,0.0,0.0,0.057,optimal
2021-02-11 00:30:00,29,91,1.3044955741131998,0.0,0.0,0.059,optimal
2021-02-11 01:00:00,29,91,2.2857142857142856,0.0,0.0,0.059,optimal
2021-02-11 01:30:00,29,91,2.2857142857142856,0.0,0.0,0.059,optimal
2021-02-11 02:00:00,29,91,2.2857142857142856,0.0,0.0,0.059,optimal
2021-02-11 02:30:00,29,91,2.2857142857142856,0.0,0.0,0.059,optimal
2021-02-11 03:00:00,29,91,2.2857142857142856,0.0,0.0,0.059,optimal
2021-02-11 03:30:00,29,91,2.2857142857142856,0.0,0.0,0.059,optimal
2021-02-11 04:00:00,29,91,2.2857142857142856,0.0,0.0,0.059,optimal
2021-02-11 04:30:00,29,91,2.2857142857142856,0.0,0.0,0.059,optimal
2021-02-11 05:00:00,29,91,2.2857142857142856,0.0,0.0,0.059,optimal
2021-02-11 05:30:00,29,91,2.2857142857142856,0.0,0.0,0.059,optimal
2021-02-11 06:00:00,29,91,2.2857142857142856,0.0,0.0,0.059,optimal
2021-02-11 06:30:00,29,91,2.2857142857142856,0.0,0.0,0.059,optimal
2021-02-11 07:00:00,29,91,2.2857142857142856,0.0,6.3670503383758765,0.059,optimal
2021-02-11 07:30:00,29,91,2.2857142857142856,0.0,0.0,0.058333333333333334,optimal
2021-02-11 08:00:00,29,91,1.2982584798923418,0.0,0.0,3.203533333333333,optimal
2021-02-11 08:30:00,29,91,1.3806016433557027,0.0,0.0,0.069,optimal
2021-02-11 09:00:00,29,91,1.2338418269033888,0.0,0.0,0.47326666666666667,optimal
2021-02-11 09:30:00,29,91,1.1375632192825769,0.0,0.0,1.6916666666666667,optimal
2021-02-11 10:00:00,29,91,0.7369155401583997,0.0,0.0,0.0638,optimal
2021-02-11 10:30:00,29,91,0.8051224797261385,0.0,0.0,0.06566666666666666,optimal
2021-02-11 11:00:00,29,91,0.6640633181525091,0.0,0.0,0.059,optimal
2021-02-11 11:30:00,29,91,0.6125427389309258,0.0,0.0,0.059,optimal
2021-02-11 12:00:00,29,91,0.3741487036031842,0.0,0.0,0.059,optimal
2021-02-11 12:30:00,29,91,0.08606896351590988,0.0,0.0,2.652,optimal
2021-02-11 13:00:00,29,91,1.9976054774080014,0.0,0.0,2.8440666666666665,optimal
2021-02-11 13:30:00,29,91,2.2857142857142856,0.0,0.0,0.18766666666666662,optimal
2021-02-11 14:00:00,29,91,2.2857142857142856,0.0,0.0,0.1953,optimal
2021-02-11 14:30:00,29,91,2.2857142857142856,0.0,0.0,0.11833333333333332,optimal
2021-02-11 15:00:00,29,91,2.2857142857142856,0.0,0.0,0.6173,optimal
2021-02-11 15:30:00,29,91,2.2857142857142856,0.0,0.0,3.0249,optimal
2021-02-11 16:00:00,29,91,0.0,0.0,0.0,2.5642,optimal
2021-02-11 16:30:00,29,91,0.0,0.0,0.0,0.6331,optimal
2021-02-11 17:00:00,29,91,0.0,0.0,0.0,0.4774,optimal
2021-02-11 17:30:00,29,91,0.0,0.0,0.0,1.0891333333333335,optimal
2021-02-11 18:00:00,29,91,0.0,0.0,0.0,2.1631666666666667,optimal
2021-02-11 18:30:00,29,91,0.0,0.0,0.0,1.7318333333333333,optimal
2021-02-11 19:00:00,29,91,0.0,0.0,0.0,0.43239999999999995,optimal
2021-02-11 19:30:00,29,91,0.0,0.0,0.0,0.2796,optimal
2021-02-11 20:00:00,29,91,0.0,0.0,0.0,0.29860000000000003,optimal
2021-02-11 20:30:00,29,91,0.0,0.0,0.0,0.3181333333333333,optimal
2021-02-11 21:00:00,29,91,0.0,0.0,0.0,0.38380000000000003,optimal
2021-02-11 21:30:00,29,91,0.0,0.0,0.0,0.3158,optimal
2021-02-11 22:00:00,29,91,0.11942857142857143,0.0,0.0,1.0114666666666667,optimal
2021-02-11 22:30:00,29,91,0.0,0.0,0.0,2.6057333333333332,optimal
2021-02-11 23:00:00,29,91,0.0,0.0,0.0,1.0649333333333333,optimal
2021-02-11 23:30:00,29,91,0.0,0.0,0.0,0.059,optimal
2021-02-12 00:00:00,29,91,0.5695092298232516,0.0,0.0,0.052,optimal
2021-02-12 00:30:00,29,91,2.2857142857142856,0.0,0.0,0.1899,optimal
2021-02-12 01:00:00,29,91,2.2857142857142856,0.0,0.0,0.11676666666666669,optimal
2021-02-12 01:30:00,29,91,2.2857142857142856,0.0,0.0,0.07826666666666666,optimal
2021-02-12 02:00:00,29,91,2.2857142857142856,0.0,0.0,0.1702,optimal
2021-02-12 02:30:00,29,91,2.2857142857142856,0.0,0.0,0.052,optimal
2021-02-12 03:00:00,29,91,2.2857142857142856,0.0,0.0,0.2385,optimal
2021-02-12 03:30:00,29,91,2.2857142857142856,0.0,2.6378121400321977,0.06816666666666667,optimal
2021-02-12 04:00:00,29,91,2.2857142857142856,0.0,10.0,0.22343333333333332,optimal
2021-02-12 04:30:00,29,91,2.2857142857142856,0.0,0.0,0.45380000000000004,optimal
2021-02-12 05:00:00,29,91,2.2857142857142856,0.0,0.0,0.321,optimal
2021-02-12 05:30:00,29,91,2.2857142857142856,0.0,0.0,0.3758,optimal
2021-02-12 06:00:00,29,91,2.2857142857142856,0.0,0.0,0.1102,optimal
2021-02-12 06:30:00,29,91,2.2857142857142856,0.0,0.0,0.13736666666666666,optimal
2021-02-12 07:00:00,29,91,2.2857142857142856,0.0,0.0,0.1763,optimal
2021-02-12 07:30:00,29,91,2.2857142857142856,0.0,0.0,0.10796666666666668,optimal
2021-02-12 08:00:00,29,91,2.285714285714285,0.0,0.0,0.1535,optimal
2021-02-12 08:30:00,29,91,2.2857142857142856,0.0,0.0,0.47883333333333333,optimal
2021-02-12 09:00:00,29,91,1.9672785237584998,0.0,0.0,0.24066666666666664,optimal
2021-02-12 09:30:00,29,91,2.2857142857142856,0.0,0.0,0.4374333333333333,optimal
2021-02-12 10:00:00,29,91,0.7281824141007397,0.0,0.0,0.238,optimal
2021-02-12 10:30:00,29,91,0.7234381051825473,0.0,0.0,0.3639333333333333,optimal
2021-02-12 11:00:00,29,91,0.3729692321366397,0.0,0.0,0.5078666666666667,optimal
2021-02-12 11:30:00,29,91,0.34682786018853756,0.0,0.0,0.6143,optimal
2021-02-12 12:00:00,29,91,0.25845254189833994,0.0,0.0,1.6829666666666667,optimal
2021-02-12 12:30:00,29,91,0.4021835509026072,0.0,0.0,0.30010000000000003,optimal
2021-02-12 13:00:00,29,91,2.2857142857142856,0.0,0.0,0.30843333333333334,optimal
2021-02-12 13:30:00,29,91,2.2857142857142856,0.0,0.0,0.3739333333333333,optimal
2021-02-12 14:00:00,29,91,2.2857142857142856,0.0,0.0,0.5169,optimal
2021-02-12 14:30:00,29,91,2.2857142857142856,0.0,0.0,0.6733333333333333,optimal
2021-02-12 15:00:00,29,91,2.2857142857142856,0.0,0.0,0.12766666666666668,optimal
2021-02-12 15:30:00,29,91,2.2857142857142856,0.0,0.0,0.08170000000000001,optimal
2021-02-12 16:00:00,29,91,0.0,0.0,0.0,0.24496666666666667,optimal
2021-02-12 16:30:00,29,91,0.0,0.0,0.0,0.062,optimal
2021-02-12 17:00:00,29,91,0.0,0.0,0.0,0.26466666666666666,optimal
2021-02-12 17:30:00,29,91,0.0,0.0,0.0,0.062,optimal
2021-02-12 18:00:00,29,91,0.0,0.0,0.0,0.1202,optimal
2021-02-12 18:30:00,29,91,0.0,0.0,0.0,0.20646666666666666,optimal
2021-02-12 19:00:00,29,91,0.0,0.0,0.0,0.1202,optimal
2021-02-12 19:30:00,29,91,0.0,0.0,0.0,0.3477,optimal
2021-02-12 20:00:00,29,91,0.8488694380937123,0.0,0.0,0.4839666666666666,optimal
2021-02-12 20:30:00,29,91,0.0,0.0,0.0,0.25739999999999996,optimal
2021-02-12 21:00:00,29,91,0.0,0.0,0.0,0.26996666666666663,optimal
2021-02-12 21:30:00,29,91,0.0,0.0,0.0,0.4033333333333333,optimal
2021-02-12 22:00:00,29,91,0.17914285714285713,0.0,0.0,0.2727,optimal
2021-02-12 22:30:00,29,91,0.0,0.0,0.0,0.26666666666666666,optimal
2021-02-12 23:00:00,29,91,0.0,0.0,0.0,0.3955,optimal
2021-02-12 23:30:00,29,91,0.0,0.0,0.0,0.32613333333333333,optimal
2021-02-13 00:00:00,29,91,1.612285714285715,0.0,0.0,3.0568,optimal
2021-02-13 00:30:00,29,91,0.7165714285714284,0.0,0.0,0.045,optimal
2021-02-13 01:00:00,29,91,0.0,0.0,0.0,0.045666666666666654,optimal
2021-02-13 01:30:00,29,91,0.05661129374273188,0.0,0.0,0.047,optimal
2021-02-13 02:00:00,29,91,2.2857142857142856,0.0,0.0,0.047,optimal
2021-02-13 02:30:00,29,91,2.2857142857142856,0.0,0.0,0.047,optimal
2021-02-13 03:00:00,29,91,2.2857142857142856,0.0,0.0,0.047,optimal
2021-02-13 03:30:00,29,91,2.2857142857142856,0.0,0.0,0.047,optimal
2021-02-13 04:00:00,29,91,2.2857142857142856,0.0,0.0,0.047,optimal
2021-02-13 04:30:00,29,91,2.2857142857142856,0.0,0.0,0.047,optimal
2021-02-13 05:00:00,29,91,2.2857142857142856,0.0,0.0,0.04633333333333334,optimal
2021-02-13 05:30:00,29,91,2.2857142857142856,0.0,0.0,0.24086666666666667,optimal
2021-02-13 06:00:00,29,91,2.2857142857142856,0.0,1.38733097610568,0.047,optimal
2021-02-13 06:30:00,29,91,2.2857142857142856,0.0,10.0,0.047,optimal
2021-02-13 07:00:00,29,91,2.2857142857142856,0.0,10.0,0.162,optimal
2021-02-13 07:30:00,29,91,2.2857142857142856,0.0,0.0,0.09133333333333331,optimal
2021-02-13 08:00:00,29,91,1.4406904282892126,0.0,0.0,0.047,optimal
2021-02-13 08:30:00,29,91,1.4372557230077738,0.0,0.0,0.047,optimal
2021-02-13 09:00:00,29,91,1.2832065904169043,0.0,0.0,0.047,optimal
2021-02-13 09:30:00,29,91,1.2660330640097102,0.0,0.0,0.047,optimal
2021-02-13 10:00:00,29,91,0.9922571799642182,0.0,0.0,0.047,optimal
2021-02-13 10:30:00,29,91,0.9888224746827793,0.0,0.0,0.047,optimal
2021-02-13 11:00:00,29,91,0.6841589147824569,0.0,0.0,0.047,optimal
2021-02-13 11:30:00,29,91,0.680724209501018,0.0,0.0,0.047,optimal
2021-02-13 12:00:00,29,91,0.554566637523018,0.0,0.0,0.047,optimal
2021-02-13 12:30:00,29,91,0.5476972269601402,0.0,0.0,0.047,optimal
2021-02-13 13:00:00,29,91,2.2857142857142856,0.0,0.0,0.047,optimal
2021-02-13 13:30:00,29,91,2.2857142857142856,0.0,0.0,1.5954000000000002,optimal
2021-02-13 14:00:00,29,91,2.2857142857142856,0.0,0.0,0.8056,optimal
2021-02-13 14:30:00,29,91,2.2857142857142856,0.0,0.0,0.13646666666666668,optimal
2021-02-13 15:00:00,29,91,2.2857142857142856,0.0,0.0,0.047,optimal
2021-02-13 15:30:00,29,91,2.2857142857142856,0.0,0.0,0.047,optimal
2021-02-13 16:00:00,29,91,0.0,0.0,0.0,0.047,optimal
2021-02-13 16:30:00,29,91,0.0,0.0,0.0,0.047,optimal
2021-02-13 17:00:00,29,91,0.0,0.0,0.0,0.047,optimal
2021-02-13 17:30:00,29,91,0.0,0.0,0.0,0.047,optimal
2021-02-13 18:00:00,29,91,0.0,0.0,0.0,0.047,optimal
2021-02-13 18:30:00,29,91,0.0,0.0,0.0,0.047,optimal
2021-02-13 19:00:00,29,91,0.0,0.0,0.0,0.047,optimal
2021-02-13 19:30:00,29,91,1.1774835937632182,0.0,0.0,0.047,optimal
2021-02-13 20:00:00,29,91,1.4009720225329267,0.0,0.0,0.047,optimal
2021-02-13 20:30:00,29,91,0.0,0.0,0.0,0.047,optimal
2021-02-13 21:00:00,29,91,0.0,0.0,0.0,0.047,optimal
2021-02-13 21:30:00,29,91,0.0,0.0,0.0,0.047,optimal
2021-02-13 22:00:00,29,91,0.0,0.0,0.0,0.047,optimal
2021-02-13 22:30:00,29,91,0.0,0.0,0.0,2.229,optimal
2021-02-13 23:00:00,29,91,0.0,0.0,0.0,0.047,optimal
2021-02-13 23:30:00,29,91,0.0,0.0,0.0,0.04633333333333334,optimal
2021-02-07 00:00:00,30,91,0.0,0.0,0.0,0.055666666666666656,optimal
2021-02-07 00:30:00,30,91,0.0,0.0,0.0,0.060333333333333336,optimal
2021-02-07 01:00:00,30,91,0.0,0.0,0.0,0.063,optimal
2021-02-07 01:30:00,30,91,0.0,0.0,0.0,0.14533333333333334,optimal
2021-02-07 02:00:00,30,91,0.0,0.0,0.0,0.12,optimal
2021-02-07 02:30:00,30,91,0.0,0.0,0.0,0.063,optimal
2021-02-07 03:00:00,30,91,0.0,0.0,0.0,0.063,optimal
2021-02-07 03:30:00,30,91,0.0,0.0,0.0,0.10733333333333331,optimal
2021-02-07 04:00:00,30,91,2.2857142857142856,0.0,0.0,0.158,optimal
2021-02-07 04:30:00,30,91,2.2857142857142856,0.0,0.0,0.061666666666666654,optimal
2021-02-07 05:00:00,30,91,2.2857142857142856,0.0,0.0,0.18966666666666662,optimal
2021-02-07 05:30:00,30,91,2.2857142857142856,0.0,0.0,0.07566666666666667,optimal
2021-02-07 06:00:00,30,91,2.2857142857142856,0.0,0.0,0.063,optimal
2021-02-07 06:30:00,30,91,2.2857142857142856,0.0,0.0,0.20233333333333328,optimal
2021-02-07 07:00:00,30,91,2.2857142857142856,0.0,1.5052247886819266,0.08233333333333333,optimal
2021-02-07 07:30:00,30,91,0.0,0.0,0.0,0.15533333333333335,optimal
2021-02-07 08:00:00,30,91,0.0,0.0,0.0,0.16076666666666667,optimal
2021-02-07 08:30:00,30,91,0.0,0.0,0.0,0.25689999999999996,optimal
2021-02-07 09:00:00,30,91,0.0,0.0,0.0,0.20233333333333328,optimal
2021-02-07 09:30:00,30,91,1.0229015521199003,0.0,0.0,0.063,optimal
2021-02-07 10:00:00,30,91,1.0602340610551821,0.0,0.0,0.063,optimal
2021-02-07 10:30:00,30,91,1.0453891859037654,0.0,0.0,0.139,optimal
2021-02-07 11:00:00,30,91,0.9136306849601279,0.0,0.0,0.12633333333333333,optimal
2021-02-07 11:30:00,30,91,0.9317259230553657,0.0,0.0,0.063,optimal
2021-02-07 12:00:00,30,91,0.8051530799579721,0.0,0.0,0.16433333333333333,optimal
2021-02-07 12:30:00,30,91,0.8232483180532101,0.0,0.0,0.101,optimal
2021-02-07 13:00:00,30,91,2.2857142857142856,0.0,0.0,0.063,optimal
2021-02-07 13:30:00,30,91,2.2857142857142856,0.0,0.0,0.3519,optimal
2021-02-07 14:00:00,30,91,2.2857142857142856,0.0,0.0,0.10733333333333331,optimal
2021-02-07 14:30:00,30,91,2.2857142857142856,0.0,0.0,0.06966666666666667,optimal
2021-02-07 15:00:00,30,91,2.2857142857142856,0.0,0.0,0.204,optimal
2021-02-07 15:30:00,30,91,2.2857142857142856,0.0,0.0,0.071,optimal
2021-02-07 16:00:00,30,91,0.0,0.0,0.0,0.3223333333333333,optimal
2021-02-07 16:30:00,30,91,0.0,0.0,0.0,0.2036,optimal
2021-02-07 17:00:00,30,91,0.0,0.0,0.0,0.28636666666666666,optimal
2021-02-07 17:30:00,30,91,0.0,0.0,0.0,0.2894,optimal
2021-02-07 18:00:00,30,91,0.0,0.0,0.0,0.2866666666666667,optimal
2021-02-07 18:30:00,30,91,0.0,0.0,0.0,0.5451333333333334,optimal
2021-02-07 19:00:00,30,91,0.0,0.0,0.0,0.341,optimal
2021-02-07 19:30:00,30,91,0.0,0.0,0.0,0.8046666666666666,optimal
2021-02-07 20:00:00,30,91,0.6305655553869034,0.0,0.0,1.2570666666666666,optimal
2021-02-07 20:30:00,30,91,0.0,0.0,0.0,0.35,optimal
2021-02-07 21:00:00,30,91,0.0,0.0,0.0,0.4573,optimal
2021-02-07 21:30:00,30,91,0.0,0.0,0.0,0.3187333333333333,optimal
2021-02-07 22:00:00,30,91,0.0,0.0,0.0,0.4394333333333333,optimal
2021-02-07 22:30:00,30,91,0.0,0.0,0.0,0.3293666666666667,optimal
2021-02-07 23:00:00,30,91,0.0,0.0,0.0,0.30689999999999995,optimal
2021-02-07 23:30:00,30,91,0.0,0.0,0.0,0.20233333333333328,optimal
2021-02-08 00:00:00,30,91,0.0,0.0,0.0,0.08756666666666667,optimal
2021-02-08 00:30:00,30,91,0.0,0.0,0.0,0.26873333333333327,optimal
2021-02-08 01:00:00,30,91,0.0,0.0,0.0,0.2432,optimal
2021-02-08 01:30:00,30,91,0.0,0.0,0.0,0.16133333333333336,optimal
2021-02-08 02:00:00,30,91,0.0,0.0,0.0,0.066,optimal
2021-02-08 02:30:00,30,91,0.9265438545983516,0.0,0.0,0.066,optimal
2021-02-08 03:00:00,30,91,2.2857142857142856,0.0,0.0,0.2926,optimal
2021-02-08 03:30:00,30,91,2.2857142857142856,0.0,0.880949428996946,0.066,optimal
2021-02-08 04:00:00,30,91,2.2857142857142856,0.0,10.0,0.066,optimal
2021-02-08 04:30:00,30,91,2.2857142857142856,0.0,10.0,0.6655,optimal
2021-02-08 05:00:00,30,91,2.2857142857142856,0.0,0.0,0.231,optimal
2021-02-08 05:30:00,30,91,2.2857142857142856,0.0,0.0,0.2102,optimal
2021-02-08 06:00:00,30,91,2.2857142857142856,0.0,0.0,0.35196666666666665,optimal
2021-02-08 06:30:00,30,91,2.2857142857142856,0.0,0.0,0.45713333333333334,optimal
2021-02-08 07:00:00,30,91,2.2857142857142856,0.0,0.0,0.066,optimal
2021-02-08 07:30:00,30,91,2.2857142857142856,0.0,0.0,0.16133333333333336,optimal
2021-02-08 08:00:00,30,91,1.265947195820888,0.0,0.0,0.19726666666666667,optimal
2021-02-08 08:30:00,30,91,1.3103213682885146,0.0,0.0,0.066,optimal
2021-02-08 09:00:00,30,91,1.132409166263296,0.0,0.0,0.22463333333333332,optimal
2021-02-08 09:30:00,30,91,1.148009812323744,0.0,0.0,0.13396666666666668,optimal
2021-02-08 10:00:00,30,91,0.9214385581140451,0.0,0.0,0.1197,optimal
2021-02-08 10:30:00,30,91,0.9031331501488246,0.0,0.0,0.2198333333333333,optimal
2021-02-08 11:00:00,30,91,0.6908457522935638,0.0,0.0,0.09103333333333331,optimal
2021-02-08 11:30:00,30,91,0.6526049131592574,0.0,0.0,0.20083333333333328,optimal
2021-02-08 12:00:00,30,91,0.5788595006286192,0.0,0.0,0.15180000000000002,optimal
2021-02-08 12:30:00,30,91,0.5555397271219106,0.0,0.0,0.1853333333333333,optimal
2021-02-08 13:00:00,30,91,1.6828558338609618,0.0,0.0,0.17326666666666668,optimal
2021-02-08 13:30:00,30,91,2.2857142857142856,0.0,0.0,0.0839,optimal
2021-02-08 14:00:00,30,91,2.2857142857142856,0.0,0.0,0.2747,optimal
2021-02-08 14:30:00,30,91,2.2857142857142856,0.0,0.0,0.2035,optimal
2021-02-08 15:00:00,30,91,2.2857142857142856,0.0,0.0,0.34926666666666667,optimal
2021-02-08 15:30:00,30,91,2.2857142857142856,0.0,0.0,0.15893333333333334,optimal
2021-02-08 16:00:00,30,91,0.0,0.0,0.0,0.2154333333333333,optimal
2021-02-08 16:30:00,30,91,0.0,0.0,0.0,0.40473333333333333,optimal
2021-02-08 17:00:00,30,91,0.0,0.0,0.0,0.26513333333333333,optimal
2021-02-08 17:30:00,30,91,0.0,0.0,0.0,0.2830666666666667,optimal
2021-02-08 18:00:00,30,91,0.0,0.0,0.0,0.15343333333333334,optimal
2021-02-08 18:30:00,30,91,0.0,0.0,0.0,0.32873333333333327,optimal
2021-02-08 19:00:00,30,91,0.0,0.0,0.0,0.36186666666666667,optimal
2021-02-08 19:30:00,30,91,0.0,0.0,0.0,0.4028,optimal
2021-02-08 20:00:00,30,91,0.0,0.0,0.0,0.2645,optimal
2021-02-08 20:30:00,30,91,0.0,0.0,0.0,0.3398333333333333,optimal
2021-02-08 21:00:00,30,91,0.0,0.0,0.0,0.2336,optimal
2021-02-08 21:30:00,30,91,0.0,0.0,0.0,0.13163333333333332,optimal
2021-02-08 22:00:00,30,91,0.0,0.0,0.0,0.13163333333333332,optimal
2021-02-08 22:30:00,30,91,0.0,0.0,0.0,0.12796666666666667,optimal
2021-02-08 23:00:00,30,91,0.0,0.0,0.0,0.23063333333333333,optimal
2021-02-08 23:30:00,30,91,0.0,0.0,0.0,0.061666666666666654,optimal
2021-02-09 00:00:00,30,91,0.0,0.0,0.0,0.07373333333333333,optimal
2021-02-09 00:30:00,30,91,0.6568571428571429,0.0,0.0,0.1428,optimal
2021-02-09 01:00:00,30,91,0.0,0.0,0.0,0.054,optimal
2021-02-09 01:30:00,30,91,0.0,0.0,0.0,0.0984,optimal
2021-02-09 02:00:00,30,91,1.4383885680340467,0.0,0.0,0.11813333333333334,optimal
2021-02-09 02:30:00,30,91,2.2857142857142856,0.0,0.0,0.054,optimal
2021-02-09 03:00:00,30,91,2.2857142857142856,0.0,0.0,0.054,optimal
2021-02-09 03:30:00,30,91,2.2857142857142856,0.0,0.0,0.10333333333333332,optimal
2021-02-09 04:00:00,30,91,2.2857142857142856,0.0,0.0,0.11320000000000001,optimal
2021-02-09 04:30:00,30,91,2.2857142857142856,0.0,0.0,0.0688,optimal
2021-02-09 05:00:00,30,91,2.2857142857142856,0.0,0.0,0.1554,optimal
2021-02-09 05:30:00,30,91,2.2857142857142856,0.0,0.0,0.062,optimal
2021-02-09 06:00:00,30,91,2.2857142857142856,0.0,0.0,0.054,optimal
2021-02-09 06:30:00,30,91,2.2857142857142856,0.0,5.831356663990688,0.14773333333333333,optimal
2021-02-09 07:00:00,30,91,2.2857142857142856,0.0,10.0,0.07413333333333334,optimal
2021-02-09 07:30:00,30,91,2.2857142857142856,0.0,0.0,0.11553333333333332,optimal
2021-02-09 08:00:00,30,91,1.1866557004105969,0.0,0.0,1.9200666666666664,optimal
2021-02-09 08:30:00,30,91,1.24448110837579,0.0,0.0,0.5052,optimal
2021-02-09 09:00:00,30,91,1.1386894487731893,0.0,0.0,0.13040000000000002,optimal
2021-02-09 09:30:00,30,91,1.1680907408940764,0.0,0.0,0.0998,optimal
2021-02-09 10:00:00,30,91,0.9105238102272032,0.0,0.0,0.059,optimal
2021-02-09 10:30:00,30,91,0.8256264742962003,0.0,0.0,0.14003333333333334,optimal
2021-02-09 11:00:00,30,91,0.4183434709927543,0.0,0.0,2.6035666666666666,optimal
2021-02-09 11:30:00,30,91,0.555432575235127,0.0,0.0,0.204,optimal
2021-02-09 12:00:00,30,91,0.2840934850657838,0.0,0.0,0.4281333333333333,optimal
2021-02-09 12:30:00,30,91,0.20601390463292887,0.0,0.0,0.6752333333333334,optimal
2021-02-09 13:00:00,30,91,1.873596977719152,0.0,0.0,0.2805666666666667,optimal
2021-02-09 13:30:00,30,91,2.2857142857142856,0.0,0.0,1.4821,optimal
2021-02-09 14:00:00,30,91,2.2857142857142856,0.0,0.0,1.1589333333333334,optimal
2021-02-09 14:30:00,30,91,2.2857142857142856,0.0,0.0,0.3959333333333333,optimal
2021-02-09 15:00:00,30,91,2.2857142857142856,0.0,0.0,3.358333333333333,optimal
2021-02-09 15:30:00,30,91,2.2857142857142856,0.0,0.0,1.0021333333333333,optimal
2021-02-09 16:00:00,30,91,0.0,0.0,0.0,0.16456666666666667,optimal
2021-02-09 16:30:00,30,91,0.0,0.0,0.0,0.29653333333333337,optimal
2021-02-09 17:00:00,30,91,0.0,0.0,0.0,0.064,optimal
2021-02-09 17:30:00,30,91,0.0,0.0,0.0,0.064,optimal
2021-02-09 18:00:00,30,91,0.0,0.0,0.0,0.15280000000000002,optimal
2021-02-09 18:30:00,30,91,0.0,0.0,0.0,0.08373333333333334,optimal
2021-02-09 19:00:00,30,91,0.0,0.0,0.0,2.328533333333333,optimal
2021-02-09 19:30:00,30,91,0.0,0.0,0.0,2.505533333333333,optimal
2021-02-09 20:00:00,30,91,0.0,0.0,0.0,0.32889999999999997,optimal
2021-02-09 20:30:00,30,91,0.0,0.0,0.0,0.33073333333333327,optimal
2021-02-09 21:00:00,30,91,0.0,0.0,0.0,0.4188,optimal
2021-02-09 21:30:00,30,91,0.0,0.0,0.0,0.31406666666666666,optimal
2021-02-09 22:00:00,30,91,0.0,0.0,0.0,0.21866666666666662,optimal
2021-02-09 22:30:00,30,91,0.17914285714285713,0.0,0.0,0.2891,optimal
2021-02-09 23:00:00,30,91,0.0,0.0,0.0,0.42686666666666667,optimal
2021-02-09 23:30:00,30,91,0.0,0.0,0.0,2.0070666666666663,optimal
2021-02-10 00:00:00,30,91,0.0,0.0,0.0,0.056,optimal
2021-02-10 00:30:00,30,91,2.2857142857142856,0.0,0.0,0.056,optimal
2021-02-10 01:00:00,30,91,0.16257142857142828,0.0,0.0,0.09333333333333331,optimal
2021-02-10 01:30:00,30,91,0.0,0.0,0.0,0.08586666666666666,optimal
2021-02-10 02:00:00,30,91,1.568300163296188,0.0,0.0,0.056,optimal
2021-02-10 02:30:00,30,91,2.2857142857142856,0.0,0.0,0.056,optimal
2021-02-10 03:00:00,30,91,2.2857142857142856,0.0,0.0,0.059733333333333326,optimal
2021-02-10 03:30:00,30,91,2.2857142857142856,0.0,0.0,0.11946666666666668,optimal
2021-02-10 04:00:00,30,91,2.2857142857142856,0.0,0.0,0.08213333333333334,optimal
2021-02-10 04:30:00,30,91,2.2857142857142856,0.0,0.0,0.09706666666666666,optimal
2021-02-10 05:00:00,30,91,2.2857142857142856,0.0,0.0,0.056,optimal
2021-02-10 05:30:00,30,91,2.2857142857142856,0.0,0.0,0.07840000000000001,optimal
2021-02-10 06:00:00,30,91,2.2857142857142856,0.0,0.0,0.1008,optimal
2021-02-10 06:30:00,30,91,2.2857142857142856,0.0,6.3484402650336555,0.08213333333333334,optimal
2021-02-10 07:00:00,30,91,2.2857142857142856,0.0,10.0,0.09706666666666666,optimal
2021-02-10 07:30:00,30,91,2.2857142857142856,0.0,0.0,0.056,optimal
2021-02-10 08:00:00,30,91,1.3237175199341458,0.0,0.0,0.06843333333333333,optimal
2021-02-10 08:30:00,30,91,1.3001406035703125,0.0,0.0,0.13119999999999998,optimal
2021-02-10 09:00:00,30,91,1.146116445175681,0.0,0.0,0.064,optimal
2021-02-10 09:30:00,30,91,1.1263204811927858,0.0,0.0,0.13119999999999998,optimal
2021-02-10 10:00:00,30,91,0.8419724188775841,0.0,0.0,0.16069999999999998,optimal
2021-02-10 10:30:00,30,91,0.7771063982713668,0.0,0.0,0.3516666666666667,optimal
2021-02-10 11:00:00,30,91,0.5734119003482399,0.0,0.0,0.394,optimal
2021-02-10 11:30:00,30,91,0.5795901088329647,0.0,0.0,0.34833333333333333,optimal
2021-02-10 12:00:00,30,91,0.41326968436019085,0.0,0.0,0.0864,optimal
2021-02-10 12:30:00,30,91,0.4196696843601784,0.0,0.0,0.064,optimal
2021-02-10 13:00:00,30,91,2.2857142857142856,0.0,0.0,0.06533333333333333,optimal
2021-02-10 13:30:00,30,91,2.2857142857142856,0.0,0.0,0.066,optimal
2021-02-10 14:00:00,30,91,2.2857142857142856,0.0,0.0,0.13319999999999999,optimal
2021-02-10 14:30:00,30,91,2.2857142857142856,0.0,0.0,0.066,optimal
2021-02-10 15:00:00,30,91,2.2857142857142856,0.0,0.0,0.066,optimal
2021-02-10 15:30:00,30,91,2.2857142857142856,0.0,0.0,0.066,optimal
2021-02-10 16:00:00,30,91,0.0,0.0,0.0,0.10333333333333332,optimal
2021-02-10 16:30:00,30,91,0.0,0.0,0.0,0.09586666666666666,optimal
2021-02-10 17:00:00,30,91,0.0,0.0,0.0,0.11826666666666669,optimal
2021-02-10 17:30:00,30,91,0.0,0.0,0.0,0.08093333333333334,optimal
2021-02-10 18:00:00,30,91,0.0,0.0,0.0,0.064,optimal
2021-02-10 18:30:00,30,91,0.0,0.0,0.0,0.064,optimal
2021-02-10 19:00:00,30,91,0.0,0.0,0.0,0.0691,optimal
2021-02-10 19:30:00,30,91,0.0,0.0,0.0,0.0994,optimal
2021-02-10 20:00:00,30,91,1.0591917371970438,0.0,0.0,0.1905,optimal
2021-02-10 20:30:00,30,91,0.0,0.0,0.0,0.5006,optimal
2021-02-10 21:00:00,30,91,0.0,0.0,0.0,0.4981333333333333,optimal
2021-02-10 21:30:00,30,91,0.0,0.0,0.0,0.25016666666666665,optimal
2021-02-10 22:00:00,30,91,0.0,0.0,0.0,0.08136666666666666,optimal
2021-02-10 22:30:00,30,91,0.0,0.0,0.0,0.1257333333333333,optimal
2021-02-10 23:00:00,30,91,0.0,0.0,0.0,0.07346666666666667,optimal
2021-02-10 23:30:00,30,91,0.0,0.0,0.0,0.13219999999999998,optimal
2021-02-11 00:00:00,30,91,0.0,0.0,0.0,0.056,optimal
2021-02-11 00:30:00,30,91,2.2857142857142856,0.0,0.0,0.056,optimal
2021-02-11 01:00:00,30,91,1.752152494226572,0.0,0.0,0.1733,optimal
2021-02-11 01:30:00,30,91,2.2857142857142856,0.0,0.0,0.0905,optimal
2021-02-11 02:00:00,30,91,2.2857142857142856,0.0,0.0,0.056,optimal
2021-02-11 02:30:00,30,91,2.2857142857142856,0.0,0.0,0.2078,optimal
2021-02-11 03:00:00,30,91,2.2857142857142856,0.0,0.0,0.056,optimal
2021-02-11 03:30:00,30,91,2.2857142857142856,0.0,0.0,0.1043,optimal
2021-02-11 04:00:00,30,91,2.2857142857142856,0.0,0.0,0.1595,optimal
2021-02-11 04:30:00,30,91,2.2857142857142856,0.0,0.0,0.056,optimal
2021-02-11 05:00:00,30,91,2.2857142857142856,0.0,0.0,0.1802,optimal
2021-02-11 05:30:00,30,91,2.2857142857142856,0.0,0.0,0.0836,optimal
2021-02-11 06:00:00,30,91,2.2857142857142856,0.0,0.0,0.0974,optimal
2021-02-11 06:30:00,30,91,2.2857142857142856,0.0,0.0,0.1674,optimal
2021-02-11 07:00:00,30,91,2.2857142857142856,0.0,6.399229907773675,0.06266666666666666,optimal
2021-02-11 07:30:00,30,91,2.2857142857142856,0.0,0.0,0.06566666666666666,optimal
2021-02-11 08:00:00,30,91,1.4154308608447177,0.0,0.0,0.10703333333333331,optimal
2021-02-11 08:30:00,30,91,1.4920683100223662,0.0,0.0,0.21780000000000002,optimal
2021-02-11 09:00:00,30,91,1.3588703983319723,0.0,0.0,0.066,optimal
2021-02-11 09:30:00,30,91,1.221867981187344,0.0,0.0,0.14880000000000002,optimal
2021-02-11 10:00:00,30,91,0.8056583973012549,0.0,0.0,0.135,optimal
2021-02-11 10:30:00,30,91,0.8665891463928244,0.0,0.0,0.066,optimal
2021-02-11 11:00:00,30,91,0.6316347467239318,0.0,0.0,0.18330000000000002,optimal
2021-02-11 11:30:00,30,91,0.6037713103594936,0.0,0.0,0.1005,optimal
2021-02-11 12:00:00,30,91,0.36932013217461723,0.0,0.0,0.0867,optimal
2021-02-11 12:30:00,30,91,0.29312610637303643,0.0,0.0,0.1971,optimal
2021-02-11 13:00:00,30,91,2.2857142857142856,0.0,0.0,0.066,optimal
2021-02-11 13:30:00,30,91,2.2857142857142856,0.0,0.0,0.20126666666666668,optimal
2021-02-11 14:00:00,30,91,2.2857142857142856,0.0,0.0,0.27366666666666667,optimal
2021-02-11 14:30:00,30,91,2.2857142857142856,0.0,0.0,0.1717,optimal
2021-02-11 15:00:00,30,91,2.2857142857142856,0.0,0.0,0.3122,optimal
2021-02-11 15:30:00,30,91,2.2857142857142856,0.0,0.0,0.1581,optimal
2021-02-11 16:00:00,30,91,0.0,0.0,0.0,0.1143,optimal
2021-02-11 16:30:00,30,91,0.0,0.0,0.0,0.1725,optimal
2021-02-11 17:00:00,30,91,0.0,0.0,0.0,0.066,optimal
2021-02-11 17:30:00,30,91,0.0,0.0,0.0,0.066,optimal
2021-02-11 18:00:00,30,91,0.0,0.0,0.0,0.18930000000000002,optimal
2021-02-11 18:30:00,30,91,0.0,0.0,0.0,0.10683333333333331,optimal
2021-02-11 19:00:00,30,91,0.0,0.0,0.0,0.09026666666666668,optimal
2021-02-11 19:30:00,30,91,0.5022143312013976,0.0,0.0,0.20296666666666666,optimal
2021-02-11 20:00:00,30,91,1.506399286955188,0.0,0.0,0.4386666666666667,optimal
2021-02-11 20:30:00,30,91,0.0,0.0,0.0,0.20183333333333328,optimal
2021-02-11 21:00:00,30,91,0.0,0.0,0.0,0.3791333333333333,optimal
2021-02-11 21:30:00,30,91,0.0,0.0,0.0,0.234,optimal
2021-02-11 22:00:00,30,91,0.5772380952380952,0.0,0.0,0.5011,optimal
2021-02-11 22:30:00,30,91,0.0,0.0,0.0,0.4044,optimal
2021-02-11 23:00:00,30,91,0.0,0.0,0.0,0.081,optimal
2021-02-11 23:30:00,30,91,0.0,0.0,0.0,0.1921,optimal
2021-02-12 00:00:00,30,91,0.20396531999412257,0.0,0.0,0.061,optimal
2021-02-12 00:30:00,30,91,2.2857142857142856,0.0,0.0,0.14983333333333335,optimal
2021-02-12 01:00:00,30,91,2.2857142857142856,0.0,0.0,0.1225,optimal
2021-02-12 01:30:00,30,91,2.2857142857142856,0.0,0.0,0.061,optimal
2021-02-12 02:00:00,30,91,2.2857142857142856,0.0,0.0,0.2113333333333333,optimal
2021-02-12 02:30:00,30,91,2.2857142857142856,0.0,0.0,0.061,optimal
2021-02-12 03:00:00,30,91,2.2857142857142856,0.0,0.0,0.1908333333333333,optimal
2021-02-12 03:30:00,30,91,2.2857142857142856,0.0,0.0,0.0815,optimal
2021-02-12 04:00:00,30,91,2.2857142857142856,0.0,0.0,0.061,optimal
2021-02-12 04:30:00,30,91,2.2857142857142856,0.0,0.0,0.2113333333333333,optimal
2021-02-12 05:00:00,30,91,2.2857142857142856,0.0,0.0,0.061,optimal
2021-02-12 05:30:00,30,91,2.2857142857142856,0.0,0.0,0.19766666666666663,optimal
2021-02-12 06:00:00,30,91,2.2857142857142856,0.0,0.0,0.07466666666666667,optimal
2021-02-12 06:30:00,30,91,2.2857142857142856,0.0,0.0,0.1225,optimal
2021-02-12 07:00:00,30,91,2.2857142857142856,0.0,4.8845567001681225,0.20296666666666666,optimal
2021-02-12 07:30:00,30,91,2.2857142857142856,0.0,0.0,1.1911666666666667,optimal
2021-02-12 08:00:00,30,91,1.4944104542659313,0.0,0.0,0.2194333333333333,optimal
2021-02-12 08:30:00,30,91,1.3377549896774017,0.0,0.0,0.8541,optimal
2021-02-12 09:00:00,30,91,1.2395094447375699,0.0,0.0,1.1827,optimal
2021-02-12 09:30:00,30,91,0.9702262218780725,0.0,0.0,1.9941,optimal
2021-02-12 10:00:00,30,91,0.8271538426721516,0.0,0.0,0.2045,optimal
2021-02-12 10:30:00,30,91,0.7911923908968418,0.0,0.0,0.2436333333333333,optimal
2021-02-12 11:00:00,30,91,0.5446492321366423,0.0,0.0,0.1802666666666667,optimal
2021-02-12 11:30:00,30,91,0.15903738399805736,0.0,0.0,3.154866666666667,optimal
2021-02-12 12:00:00,30,91,0.2396392085650076,0.0,0.0,2.8056,optimal
2021-02-12 12:30:00,30,91,0.19049212233119373,0.0,0.0,1.1357000000000002,optimal
2021-02-12 13:00:00,30,91,1.1694985863151648,0.0,0.0,1.1485333333333334,optimal
2021-02-12 13:30:00,30,91,1.8646724407900723,0.0,0.0,0.42760000000000004,optimal
2021-02-12 14:00:00,30,91,2.2857142857142856,0.0,0.0,0.294,optimal
2021-02-12 14:30:00,30,91,2.2857142857142856,0.0,0.0,0.2794,optimal
2021-02-12 15:00:00,30,91,2.2857142857142856,0.0,0.0,0.13773333333333332,optimal
2021-02-12 15:30:00,30,91,2.2857142857142856,0.0,0.0,0.2795666666666667,optimal
2021-02-12 16:00:00,30,91,0.0,0.0,0.0,0.8638333333333333,optimal
2021-02-12 16:30:00,30,91,0.0,0.0,0.0,2.7054,optimal
2021-02-12 17:00:00,30,91,0.0,0.0,0.0,1.2171333333333334,optimal
2021-02-12 17:30:00,30,91,0.0,0.0,0.0,0.5389666666666667,optimal
2021-02-12 18:00:00,30,91,0.0,0.0,0.0,0.18980000000000002,optimal
2021-02-12 18:30:00,30,91,0.0,0.0,0.0,1.0632000000000001,optimal
2021-02-12 19:00:00,30,91,0.0,0.0,0.0,3.040033333333333,optimal
2021-02-12 19:30:00,30,91,0.0,0.0,0.0,1.9544000000000001,optimal
2021-02-12 20:00:00,30,91,0.0,0.0,0.0,0.22913333333333333,optimal
2021-02-12 20:30:00,30,91,0.0,0.0,0.0,0.36369999999999997,optimal
2021-02-12 21:00:00,30,91,0.0,0.0,0.0,0.2186,optimal
2021-02-12 21:30:00,30,91,0.0,0.0,0.0,0.3039,optimal
2021-02-12 22:00:00,30,91,1.3137142857142858,0.0,0.0,0.22333333333333327,optimal
2021-02-12 22:30:00,30,91,0.0,0.0,0.0,0.25743333333333335,optimal
2021-02-12 23:00:00,30,91,0.0,0.0,0.0,1.7157,optimal
2021-02-12 23:30:00,30,91,0.0,0.0,0.0,0.31110000000000004,optimal
2021-02-13 00:00:00,30,91,0.0,0.0,0.0,0.07186666666666666,optimal
2021-02-13 00:30:00,30,91,0.11942857142857141,0.0,0.0,0.21846666666666667,optimal
2021-02-13 01:00:00,30,91,0.0,0.0,0.0,0.17533333333333334,optimal
2021-02-13 01:30:00,30,91,0.0,0.0,0.0,0.07186666666666666,optimal
2021-02-13 02:00:00,30,91,1.5920123050406962,0.0,0.0,0.32780000000000004,optimal
2021-02-13 02:30:00,30,91,2.2857142857142856,0.0,0.0,0.066,optimal
2021-02-13 03:00:00,30,91,2.2857142857142856,0.0,0.0,0.148,optimal
2021-02-13 03:30:00,30,91,2.2857142857142856,0.0,0.0,0.25166666666666665,optimal
2021-02-13 04:00:00,30,91,2.2857142857142856,0.0,0.0,0.066,optimal
2021-02-13 04:30:00,30,91,2.2857142857142856,0.0,0.0,0.1833333333333333,optimal
2021-02-13 05:00:00,30,91,2.2857142857142856,0.0,0.0,0.2163333333333333,optimal
2021-02-13 05:30:00,30,91,2.2857142857142856,0.0,0.0,0.066,optimal
2021-02-13 06:00:00,30,91,2.2857142857142856,0.0,0.0,0.1617333333333333,optimal
2021-02-13 06:30:00,30,91,2.2857142857142856,0.0,0.0,0.2379333333333333,optimal
2021-02-13 07:00:00,30,91,2.2857142857142856,0.0,7.876361247311546,0.26646666666666663,optimal
2021-02-13 07:30:00,30,91,2.2857142857142856,0.0,0.0,0.201,optimal
2021-02-13 08:00:00,30,91,1.3996523330511077,0.0,0.0,0.19166666666666662,optimal
2021-02-13 08:30:00,30,91,1.3867890563410998,0.0,0.0,0.2163333333333333,optimal
2021-02-13 09:00:00,30,91,1.2421684951787992,0.0,0.0,0.1833333333333333,optimal
2021-02-13 09:30:00,30,91,1.22142354020017,0.0,0.0,0.19583333333333328,optimal
2021-02-13 10:00:00,30,91,0.9453619418689797,0.0,0.0,0.20383333333333328,optimal
2021-02-13 10:30:00,30,91,0.9813081889684792,0.0,0.0,0.069,optimal
2021-02-13 11:00:00,30,91,0.6766446290681795,0.0,0.0,0.071,optimal
2021-02-13 11:30:00,30,91,0.6330384952153207,0.0,0.0,0.2066,optimal
2021-02-13 12:00:00,30,91,0.5107475899039594,0.0,0.0,0.19306666666666664,optimal
2021-02-13 12:30:00,30,91,0.5312496079125038,0.0,0.0,0.09726666666666668,optimal
2021-02-13 13:00:00,30,91,2.2857142857142856,0.0,0.0,0.3024,optimal
2021-02-13 13:30:00,30,91,2.2857142857142856,0.0,0.0,0.066,optimal
2021-02-13 14:00:00,30,91,2.2857142857142856,0.0,0.0,0.27266666666666667,optimal
2021-02-13 14:30:00,30,91,2.2857142857142856,0.0,0.0,0.13433333333333333,optimal
2021-02-13 15:00:00,30,91,2.2857142857142856,0.0,0.0,0.066,optimal
2021-02-13 15:30:00,30,91,2.2857142857142856,0.0,0.0,0.33366666666666667,optimal
2021-02-13 16:00:00,30,91,0.0,0.0,0.0,0.07466666666666667,optimal
2021-02-13 16:30:00,30,91,0.0,0.0,0.0,0.12166666666666669,optimal
2021-02-13 17:00:00,30,91,0.0,0.0,0.0,1.6604666666666668,optimal
2021-02-13 17:30:00,30,91,0.0,0.0,0.0,0.4476666666666667,optimal
2021-02-13 18:00:00,30,91,0.0,0.0,0.0,2.872233333333333,optimal
2021-02-13 18:30:00,30,91,0.0,0.0,0.0,0.7811333333333333,optimal
2021-02-13 19:00:00,30,91,0.0,0.0,0.0,0.6140333333333333,optimal
2021-02-13 19:30:00,30,91,0.0,0.0,0.0,0.7175666666666667,optimal
2021-02-13 20:00:00,30,91,1.035187113436561,0.0,0.0,0.48923333333333335,optimal
2021-02-13 20:30:00,30,91,0.0,0.0,0.0,0.4375,optimal
2021-02-13 21:00:00,30,91,0.0,0.0,0.0,0.5911000000000001,optimal
2021-02-13 21:30:00,30,91,0.0,0.0,0.0,0.4255,optimal
2021-02-13 22:00:00,30,91,0.0,0.0,0.0,0.5808333333333334,optimal
2021-02-13 22:30:00,30,91,0.0,0.0,0.0,0.22833333333333328,optimal
2021-02-13 23:00:00,30,91,0.0,0.0,0.0,0.076,optimal
2021-02-13 23:30:00,30,91,0.0,0.0,0.0,0.2548333333333333,optimal
2021-02-07 00:00:00,31,91,0.0,0.0,0.0,0.062,optimal
2021-02-07 00:30:00,31,91,0.0,0.0,0.0,0.062,optimal
2021-02-07 01:00:00,31,91,0.0,0.0,0.0,0.062,optimal
2021-02-07 01:30:00,31,91,0.0,0.0,0.0,0.166,optimal
2021-02-07 02:00:00,31,91,0.0,0.0,0.0,0.101,optimal
2021-02-07 02:30:00,31,91,0.0,0.0,0.0,0.062,optimal
2021-02-07 03:00:00,31,91,0.0,0.0,0.0,0.1335,optimal
2021-02-07 03:30:00,31,91,0.0,0.0,0.0,0.1335,optimal
2021-02-07 04:00:00,31,91,2.142857142857143,0.0,0.0,0.062,optimal
2021-02-07 04:30:00,31,91,2.142857142857143,0.0,0.0,0.114,optimal
2021-02-07 05:00:00,31,91,2.142857142857143,0.0,0.0,0.153,optimal
2021-02-07 05:30:00,31,91,2.142857142857143,0.0,0.0,0.062,optimal
2021-02-07 06:00:00,31,91,2.142857142857143,0.0,0.0,0.06133333333333334,optimal
2021-02-07 06:30:00,31,91,2.142857142857143,0.0,0.0,0.062,optimal
2021-02-07 07:00:00,31,91,2.142857142857143,0.0,1.5052247886819266,1.2827666666666668,optimal
2021-02-07 07:30:00,31,91,0.0,0.0,0.0,1.1401,optimal
2021-02-07 08:00:00,31,91,0.0,0.0,0.0,0.1565,optimal
2021-02-07 08:30:00,31,91,0.0,0.0,0.0,0.1305,optimal
2021-02-07 09:00:00,31,91,0.8504855981525598,0.0,0.0,0.072,optimal
2021-02-07 09:30:00,31,91,1.1257995538083274,0.0,0.0,0.215,optimal
2021-02-07 10:00:00,31,91,1.0434245372456583,0.0,0.0,0.07133333333333333,optimal
2021-02-07 10:30:00,31,91,0.9988177573323352,0.0,0.0,0.1415,optimal
2021-02-07 11:00:00,31,91,0.8806783040077363,0.0,0.0,0.14216666666666666,optimal
2021-02-07 11:30:00,31,91,0.9194402087696398,0.0,0.0,0.1045,optimal
2021-02-07 12:00:00,31,91,0.7856387942436983,0.0,0.0,0.1818333333333333,optimal
2021-02-07 12:30:00,31,91,0.7867245085294062,0.0,0.0,0.07466666666666667,optimal
2021-02-07 13:00:00,31,91,2.142857142857143,0.0,0.0,0.2278,optimal
2021-02-07 13:30:00,31,91,2.142857142857143,0.0,0.0,0.26973333333333327,optimal
2021-02-07 14:00:00,31,91,2.142857142857143,0.0,0.0,0.37423333333333336,optimal
2021-02-07 14:30:00,31,91,2.142857142857143,0.0,0.0,0.5073,optimal
2021-02-07 15:00:00,31,91,2.142857142857143,0.0,0.0,0.27476666666666666,optimal
2021-02-07 15:30:00,31,91,2.142857142857143,0.0,0.0,0.3670333333333334,optimal
2021-02-07 16:00:00,31,91,0.0,0.0,0.0,0.5401,optimal
2021-02-07 16:30:00,31,91,0.0,0.0,0.0,0.3605333333333334,optimal
2021-02-07 17:00:00,31,91,0.0,0.0,0.0,0.39513333333333334,optimal
2021-02-07 17:30:00,31,91,0.0,0.0,0.0,0.26613333333333333,optimal
2021-02-07 18:00:00,31,91,0.0,0.0,0.0,0.4378333333333333,optimal
2021-02-07 18:30:00,31,91,0.0,0.0,0.0,0.46053333333333335,optimal
2021-02-07 19:00:00,31,91,0.0,0.0,0.0,0.6901,optimal
2021-02-07 19:30:00,31,91,0.0,0.0,0.0,0.37226666666666663,optimal
2021-02-07 20:00:00,31,91,0.26938314509036615,0.0,0.0,0.40903333333333336,optimal
2021-02-07 20:30:00,31,91,0.0,0.0,0.0,0.5244666666666667,optimal
2021-02-07 21:00:00,31,91,0.0,0.0,0.0,0.6557000000000001,optimal
2021-02-07 21:30:00,31,91,0.0,0.0,0.0,0.5039,optimal
2021-02-07 22:00:00,31,91,0.0,0.0,0.0,0.8246,optimal
2021-02-07 22:30:00,31,91,0.0,0.0,0.0,0.432,optimal
2021-02-07 23:00:00,31,91,0.0,0.0,0.0,0.22503333333333334,optimal
2021-02-07 23:30:00,31,91,0.0,0.0,0.0,0.176,optimal
2021-02-08 00:00:00,31,91,0.0,0.0,0.0,0.06633333333333333,optimal
2021-02-08 00:30:00,31,91,2.142857142857143,0.0,0.0,0.06766666666666667,optimal
2021-02-08 01:00:00,31,91,0.0,0.0,0.0,0.15693333333333334,optimal
2021-02-08 01:30:00,31,91,0.0,0.0,0.0,0.072,optimal
2021-02-08 02:00:00,31,91,0.8026550058206537,0.0,0.0,0.072,optimal
2021-02-08 02:30:00,31,91,2.142857142857143,0.0,0.0,0.15693333333333334,optimal
2021-02-08 03:00:00,31,91,2.142857142857143,0.0,0.0,0.072,optimal
2021-02-08 03:30:00,31,91,2.142857142857143,0.0,0.0,0.072,optimal
2021-02-08 04:00:00,31,91,2.142857142857143,0.0,0.0,0.15693333333333334,optimal
2021-02-08 04:30:00,31,91,2.142857142857143,0.0,0.0,2.1886666666666663,optimal
2021-02-08 05:00:00,31,91,2.142857142857143,0.0,4.914821385193007,0.15493333333333334,optimal
2021-02-08 05:30:00,31,91,2.142857142857143,0.0,10.0,0.1346,optimal
2021-02-08 06:00:00,31,91,2.142857142857143,0.0,10.0,0.0732,optimal
2021-02-08 06:30:00,31,91,2.142857142857143,0.0,0.0,2.2856,optimal
2021-02-08 07:00:00,31,91,2.142857142857143,0.0,0.0,1.8267,optimal
2021-02-08 07:30:00,31,91,2.142857142857143,0.0,0.0,1.4491333333333334,optimal
2021-02-08 08:00:00,31,91,1.0152271958208723,0.0,0.0,1.4640666666666666,optimal
2021-02-08 08:30:00,31,91,1.2060261301932806,0.0,0.0,0.07673333333333333,optimal
2021-02-08 09:00:00,31,91,1.1763615472156768,0.0,0.0,0.072,optimal
2021-02-08 09:30:00,31,91,1.1201526694666093,0.0,0.0,0.18366666666666662,optimal
2021-02-08 10:00:00,31,91,0.7706480819235618,0.0,0.0,2.3304666666666667,optimal
2021-02-08 10:30:00,31,91,1.3459293406250306,0.0,0.0,1.6446666666666667,optimal
2021-02-08 11:00:00,31,91,0.5390400380078643,0.0,0.0,0.9969333333333331,optimal
2021-02-08 11:30:00,31,91,0.7803096750640297,0.0,0.0,0.2074,optimal
2021-02-08 12:00:00,31,91,0.31456426253337866,0.0,0.0,0.7840333333333332,optimal
2021-02-08 12:30:00,31,91,0.22462544140763166,0.0,0.0,3.420233333333333,optimal
2021-02-08 13:00:00,31,91,1.4958786196455875,0.0,0.0,1.796,optimal
2021-02-08 13:30:00,31,91,2.142857142857143,0.0,0.0,0.3489333333333333,optimal
2021-02-08 14:00:00,31,91,2.142857142857143,0.0,0.0,0.4728,optimal
2021-02-08 14:30:00,31,91,2.142857142857143,0.0,0.0,0.22806666666666664,optimal
2021-02-08 15:00:00,31,91,2.142857142857143,0.0,0.0,0.32430000000000003,optimal
2021-02-08 15:30:00,31,91,2.142857142857143,0.0,0.0,0.5851000000000001,optimal
2021-02-08 16:00:00,31,91,0.0,0.0,0.0,1.7394666666666667,optimal
2021-02-08 16:30:00,31,91,0.0,0.0,0.0,0.22363333333333332,optimal
2021-02-08 17:00:00,31,91,0.0,0.0,0.0,2.388,optimal
2021-02-08 17:30:00,31,91,0.0,0.0,0.0,0.2038,optimal
2021-02-08 18:00:00,31,91,0.0,0.0,0.0,3.9002,optimal
2021-02-08 18:30:00,31,91,0.0,0.0,0.0,1.4900666666666667,optimal
2021-02-08 19:00:00,31,91,0.0,0.0,0.0,0.2443333333333333,optimal
2021-02-08 19:30:00,31,91,0.0,0.0,0.0,0.266,optimal
2021-02-08 20:00:00,31,91,0.0,0.0,0.0,0.196,optimal
2021-02-08 20:30:00,31,91,0.0,0.0,0.0,0.7527999999999999,optimal
2021-02-08 21:00:00,31,91,0.0,0.0,0.0,1.8634000000000002,optimal
2021-02-08 21:30:00,31,91,0.0,0.0,0.0,0.33693333333333336,optimal
2021-02-08 22:00:00,31,91,0.0,0.0,0.0,0.5204333333333333,optimal
2021-02-08 22:30:00,31,91,0.0,0.0,0.0,0.3502,optimal
2021-02-08 23:00:00,31,91,0.0,0.0,0.0,0.40176666666666666,optimal
2021-02-08 23:30:00,31,91,0.0,0.0,0.0,0.5189333333333332,optimal
2021-02-09 00:00:00,31,91,0.0,0.0,0.0,0.065,optimal
2021-02-09 00:30:00,31,91,0.4578095238095238,0.0,0.0,0.065,optimal
2021-02-09 01:00:00,31,91,0.0,0.0,0.0,0.1232,optimal
2021-02-09 01:30:00,31,91,0.0,0.0,0.0,0.065,optimal
2021-02-09 02:00:00,31,91,1.9017492237178928,0.0,0.0,0.06823333333333334,optimal
2021-02-09 02:30:00,31,91,2.142857142857143,0.0,0.0,0.11996666666666668,optimal
2021-02-09 03:00:00,31,91,2.142857142857143,0.0,0.0,0.065,optimal
2021-02-09 03:30:00,31,91,2.142857142857143,0.0,0.0,0.065,optimal
2021-02-09 04:00:00,31,91,2.142857142857143,0.0,0.0,0.065,optimal
2021-02-09 04:30:00,31,91,2.142857142857143,0.0,0.0,0.1232,optimal
2021-02-09 05:00:00,31,91,2.142857142857143,0.0,0.0,0.065,optimal
2021-02-09 05:30:00,31,91,2.142857142857143,0.0,0.0,0.1232,optimal
2021-02-09 06:00:00,31,91,2.142857142857143,0.0,0.0,0.065,optimal
2021-02-09 06:30:00,31,91,2.142857142857143,0.0,0.0,0.12253333333333331,optimal
2021-02-09 07:00:00,31,91,2.142857142857143,0.0,8.604467747525089,0.14116666666666666,optimal
2021-02-09 07:30:00,31,91,2.142857142857143,0.0,0.0,0.22903333333333334,optimal
2021-02-09 08:00:00,31,91,1.1217128432677421,0.0,0.0,1.471,optimal
2021-02-09 08:30:00,31,91,1.258850632185327,0.0,0.0,0.4795,optimal
2021-02-09 09:00:00,31,91,1.1933751630589151,0.0,0.0,0.137,optimal
2021-02-09 09:30:00,31,91,1.1621802647036095,0.0,0.0,0.19293333333333332,optimal
2021-02-09 10:00:00,31,91,0.8915676197510148,0.0,0.0,0.2497666666666667,optimal
2021-02-09 10:30:00,31,91,0.884397902867633,0.0,0.0,0.08763333333333334,optimal
2021-02-09 11:00:00,31,91,0.6320291852784564,0.0,0.0,0.10056666666666667,optimal
2021-02-09 11:30:00,31,91,0.6387563847589264,0.0,0.0,0.065,optimal
2021-02-09 12:00:00,31,91,0.47355062792290487,0.0,0.0,0.065,optimal
2021-02-09 12:30:00,31,91,0.47698533320436654,0.0,0.0,0.065,optimal
2021-02-09 13:00:00,31,91,2.142857142857143,0.0,0.0,0.2598666666666667,optimal
2021-02-09 13:30:00,31,91,2.142857142857143,0.0,0.0,0.16633333333333333,optimal
2021-02-09 14:00:00,31,91,2.142857142857143,0.0,0.0,0.065,optimal
2021-02-09 14:30:00,31,91,2.142857142857143,0.0,0.0,0.1232,optimal
2021-02-09 15:00:00,31,91,2.142857142857143,0.0,0.0,0.065,optimal
2021-02-09 15:30:00,31,91,2.142857142857143,0.0,0.0,0.14476666666666668,optimal
2021-02-09 16:00:00,31,91,0.0,0.0,0.0,0.09409999999999999,optimal
2021-02-09 16:30:00,31,91,0.0,0.0,0.0,0.065,optimal
2021-02-09 17:00:00,31,91,0.0,0.0,0.0,0.12653333333333333,optimal
2021-02-09 17:30:00,31,91,0.0,0.0,0.0,0.075,optimal
2021-02-09 18:00:00,31,91,0.0,0.0,0.0,0.075,optimal
2021-02-09 18:30:00,31,91,0.0,0.0,0.0,0.12996666666666667,optimal
2021-02-09 19:00:00,31,91,0.0,0.0,0.0,0.07823333333333334,optimal
2021-02-09 19:30:00,31,91,0.45802360800361896,0.0,0.0,0.13319999999999999,optimal
2021-02-09 20:00:00,31,91,1.3040982566440742,0.0,0.0,0.075,optimal
2021-02-09 20:30:00,31,91,0.0,0.0,0.0,0.07166666666666667,optimal
2021-02-09 21:00:00,31,91,0.0,0.0,0.0,0.1232,optimal
2021-02-09 21:30:00,31,91,0.0,0.0,0.0,0.11566666666666668,optimal
2021-02-09 22:00:00,31,91,1.5127619047619048,0.0,0.0,0.3634666666666666,optimal
2021-02-09 22:30:00,31,91,0.0,0.0,0.0,0.5202333333333333,optimal
2021-02-09 23:00:00,31,91,0.0,0.0,0.0,0.5677333333333333,optimal
2021-02-09 23:30:00,31,91,0.0,0.0,0.0,0.3747,optimal
2021-02-10 00:00:00,31,91,0.0,0.0,0.0,0.068,optimal
2021-02-10 00:30:00,31,91,2.142857142857143,0.0,0.0,0.068,optimal
2021-02-10 01:00:00,31,91,0.0,0.0,0.0,0.068,optimal
2021-02-10 01:30:00,31,91,1.264837195807582,0.0,0.0,0.068,optimal
2021-02-10 02:00:00,31,91,2.142857142857143,0.0,0.0,0.06666666666666667,optimal
2021-02-10 02:30:00,31,91,2.142857142857143,0.0,0.0,0.068,optimal
2021-02-10 03:00:00,31,91,2.142857142857143,0.0,0.0,0.068,optimal
2021-02-10 03:30:00,31,91,2.142857142857143,0.0,0.0,0.068,optimal
2021-02-10 04:00:00,31,91,2.142857142857143,0.0,0.0,0.068,optimal
2021-02-10 04:30:00,31,91,2.142857142857143,0.0,0.0,0.07076666666666667,optimal
2021-02-10 05:00:00,31,91,2.142857142857143,0.0,0.0,0.078,optimal
2021-02-10 05:30:00,31,91,2.142857142857143,0.0,2.4395180534862435,0.078,optimal
2021-02-10 06:00:00,31,91,2.142857142857143,0.0,10.0,0.078,optimal
2021-02-10 06:30:00,31,91,2.142857142857143,0.0,10.0,0.10953333333333332,optimal
2021-02-10 07:00:00,31,91,2.142857142857143,0.0,10.0,0.42810000000000004,optimal
2021-02-10 07:30:00,31,91,2.142857142857143,0.0,0.0,0.15006666666666665,optimal
2021-02-10 08:00:00,31,91,1.966688948505572,0.0,0.0,0.08023333333333334,optimal
2021-02-10 08:30:00,31,91,1.1488834607131562,0.0,0.0,0.489,optimal
2021-02-10 09:00:00,31,91,0.6833259689851973,0.0,0.0,2.0289,optimal
2021-02-10 09:30:00,31,91,1.0053204811927907,0.0,0.0,0.2847,optimal
2021-02-10 10:00:00,31,91,0.8601724188775849,0.0,0.0,0.078,optimal
2021-02-10 10:30:00,31,91,0.7423349696999499,0.0,0.0,0.3387,optimal
2021-02-10 11:00:00,31,91,0.3860119003482292,0.0,0.0,0.6129,optimal
2021-02-10 11:30:00,31,91,0.5188853469282241,0.0,0.0,0.3138,optimal
2021-02-10 12:00:00,31,91,0.24133635102684894,0.0,0.0,0.46316666666666667,optimal
2021-02-10 12:30:00,31,91,0.422450636741132,0.0,0.0,0.1276,optimal
2021-02-10 13:00:00,31,91,2.142857142857143,0.0,0.0,0.216,optimal
2021-02-10 13:30:00,31,91,2.142857142857143,0.0,0.0,0.16956666666666667,optimal
2021-02-10 14:00:00,31,91,2.142857142857143,0.0,0.0,0.078,optimal
2021-02-10 14:30:00,31,91,2.142857142857143,0.0,0.0,0.078,optimal
2021-02-10 15:00:00,31,91,2.142857142857143,0.0,0.0,0.078,optimal
2021-02-10 15:30:00,31,91,2.142857142857143,0.0,0.0,0.078,optimal
2021-02-10 16:00:00,31,91,0.0,0.0,0.0,0.078,optimal
2021-02-10 16:30:00,31,91,0.0,0.0,0.0,0.078,optimal
2021-02-10 17:00:00,31,91,0.0,0.0,0.0,0.19876666666666667,optimal
2021-02-10 17:30:00,31,91,0.0,0.0,0.0,0.08476666666666667,optimal
2021-02-10 18:00:00,31,91,0.0,0.0,0.0,0.2672,optimal
2021-02-10 18:30:00,31,91,0.0,0.0,0.0,0.6171666666666666,optimal
2021-02-10 19:00:00,31,91,0.0,0.0,0.0,1.6481333333333335,optimal
2021-02-10 19:30:00,31,91,0.0,0.0,0.0,0.44430000000000003,optimal
2021-02-10 20:00:00,31,91,0.40273617494289815,0.0,0.0,0.5513666666666667,optimal
2021-02-10 20:30:00,31,91,0.0,0.0,0.0,0.5295666666666667,optimal
2021-02-10 21:00:00,31,91,0.0,0.0,0.0,0.45166666666666666,optimal
2021-02-10 21:30:00,31,91,0.0,0.0,0.0,0.38680000000000003,optimal
2021-02-10 22:00:00,31,91,0.0398095238095238,0.0,0.0,1.5690333333333333,optimal
2021-02-10 22:30:00,31,91,0.0,0.0,0.0,1.2155666666666667,optimal
2021-02-10 23:00:00,31,91,0.0,0.0,0.0,0.5472333333333333,optimal
2021-02-10 23:30:00,31,91,0.0,0.0,0.0,0.3703666666666667,optimal
2021-02-11 00:00:00,31,91,1.333619047619048,0.0,0.0,0.268,optimal
2021-02-11 00:30:00,31,91,1.672,0.0,0.0,0.30036666666666667,optimal
2021-02-11 01:00:00,31,91,0.0,0.0,0.0,0.2788,optimal
2021-02-11 01:30:00,31,91,1.659199150668625,0.0,0.0,0.21766666666666662,optimal
2021-02-11 02:00:00,31,91,2.142857142857143,0.0,0.0,0.13206666666666667,optimal
2021-02-11 02:30:00,31,91,2.142857142857143,0.0,0.0,0.21723333333333328,optimal
2021-02-11 03:00:00,31,91,2.142857142857143,0.0,0.0,0.42973333333333336,optimal
2021-02-11 03:30:00,31,91,2.142857142857143,0.0,0.0,0.4804,optimal
2021-02-11 04:00:00,31,91,2.142857142857143,0.0,0.0,2.1413,optimal
2021-02-11 04:30:00,31,91,2.142857142857143,0.0,7.4518952340435956,0.3801666666666667,optimal
2021-02-11 05:00:00,31,91,2.142857142857143,0.0,0.0,0.30193333333333333,optimal
2021-02-11 05:30:00,31,91,2.142857142857143,0.0,0.0,0.5143,optimal
2021-02-11 06:00:00,31,91,2.142857142857143,0.0,0.0,0.4226666666666667,optimal
2021-02-11 06:30:00,31,91,2.142857142857143,0.0,0.0,0.5217,optimal
2021-02-11 07:00:00,31,91,2.142857142857143,0.0,0.0,2.174,optimal
2021-02-11 07:30:00,31,91,2.142857142857143,0.0,0.0,0.17396666666666666,optimal
2021-02-11 08:00:00,31,91,1.4951451465590033,0.0,0.0,0.17096666666666666,optimal
2021-02-11 08:30:00,31,91,1.5252397385938035,0.0,0.0,0.1017,optimal
2021-02-11 09:00:00,31,91,1.3376418269033907,0.0,0.0,0.1403,optimal
2021-02-11 09:30:00,31,91,1.213544171663523,0.0,0.0,0.17793333333333333,optimal
2021-02-11 10:00:00,31,91,0.7543631592060207,0.0,0.0,0.17746666666666666,optimal
2021-02-11 10:30:00,31,91,0.7535796225832995,0.0,0.0,0.21453333333333333,optimal
2021-02-11 11:00:00,31,91,0.5745966514858467,0.0,0.0,0.13193333333333335,optimal
2021-02-11 11:30:00,31,91,0.45901702464520633,0.0,0.0,2.014233333333333,optimal
2021-02-11 12:00:00,31,91,0.3524439416984094,0.0,0.0,0.14576666666666668,optimal
2021-02-11 12:30:00,31,91,0.31360229684923874,0.0,0.0,0.12543333333333334,optimal
2021-02-11 13:00:00,31,91,2.142857142857143,0.0,0.0,0.2195,optimal
2021-02-11 13:30:00,31,91,2.142857142857143,0.0,0.0,0.075,optimal
2021-02-11 14:00:00,31,91,2.142857142857143,0.0,0.0,0.1853333333333333,optimal
2021-02-11 14:30:00,31,91,2.142857142857143,0.0,0.0,0.1596,optimal
2021-02-11 15:00:00,31,91,2.142857142857143,0.0,0.0,0.39166666666666666,optimal
2021-02-11 15:30:00,31,91,2.142857142857143,0.0,0.0,0.37560000000000004,optimal
2021-02-11 16:00:00,31,91,0.0,0.0,0.0,0.26089999999999997,optimal
2021-02-11 16:30:00,31,91,0.0,0.0,0.0,2.137033333333333,optimal
2021-02-11 17:00:00,31,91,0.0,0.0,0.0,0.44539999999999996,optimal
2021-02-11 17:30:00,31,91,0.0,0.0,0.0,0.32426666666666665,optimal
2021-02-11 18:00:00,31,91,0.0,0.0,0.0,0.5888666666666666,optimal
2021-02-11 18:30:00,31,91,0.0,0.0,0.0,0.6808666666666666,optimal
2021-02-11 19:00:00,31,91,0.0,0.0,0.0,1.1312666666666669,optimal
2021-02-11 19:30:00,31,91,0.0,0.0,0.0,1.0267666666666668,optimal
2021-02-11 20:00:00,31,91,0.8643651777591297,0.0,0.0,0.534,optimal
2021-02-11 20:30:00,31,91,0.0,0.0,0.0,0.4299666666666666,optimal
2021-02-11 21:00:00,31,91,0.0,0.0,0.0,0.49646666666666656,optimal
2021-02-11 21:30:00,31,91,0.0,0.0,0.0,2.550133333333333,optimal
2021-02-11 22:00:00,31,91,0.17914285714285713,0.0,0.0,1.3032000000000001,optimal
2021-02-11 22:30:00,31,91,0.0,0.0,0.0,1.8088,optimal
2021-02-11 23:00:00,31,91,0.0,0.0,0.0,2.5014666666666665,optimal
2021-02-11 23:30:00,31,91,0.0,0.0,0.0,0.43239999999999995,optimal
2021-02-12 00:00:00,31,91,1.9088965168768053,0.0,0.0,0.054700000000000006,optimal
2021-02-12 00:30:00,31,91,2.142857142857143,0.0,0.0,0.054,optimal
2021-02-12 01:00:00,31,91,2.142857142857143,0.0,0.0,0.15666666666666665,optimal
2021-02-12 01:30:00,31,91,2.142857142857143,0.0,0.0,0.1832,optimal
2021-02-12 02:00:00,31,91,2.142857142857143,0.0,0.0,0.17193333333333333,optimal
2021-02-12 02:30:00,31,91,2.142857142857143,0.0,0.0,0.05913333333333333,optimal
2021-02-12 03:00:00,31,91,2.142857142857143,0.0,0.0,0.22926666666666667,optimal
2021-02-12 03:30:00,31,91,2.142857142857143,0.0,0.0,0.131,optimal
2021-02-12 04:00:00,31,91,2.142857142857143,0.0,0.0,0.19,optimal
2021-02-12 04:30:00,31,91,2.142857142857143,0.0,0.0,0.0676,optimal
2021-02-12 05:00:00,31,91,2.142857142857143,0.0,0.0,0.054,optimal
2021-02-12 05:30:00,31,91,2.142857142857143,0.0,0.0,0.054,optimal
2021-02-12 06:00:00,31,91,2.142857142857143,0.0,0.0,0.131,optimal
2021-02-12 06:30:00,31,91,2.142857142857143,0.0,2.5211026040251068,0.07966666666666668,optimal
2021-02-12 07:00:00,31,91,2.142857142857143,0.0,10.0,0.2549333333333333,optimal
2021-02-12 07:30:00,31,91,2.142857142857143,0.0,0.0,0.10533333333333332,optimal
2021-02-12 08:00:00,31,91,2.007930454265929,0.0,0.0,0.1426,optimal
2021-02-12 08:30:00,31,91,1.1298311801535845,0.0,0.0,1.5335666666666665,optimal
2021-02-12 09:00:00,31,91,1.154717063785188,0.0,0.0,1.0192333333333332,optimal
2021-02-12 09:30:00,31,91,1.0370928885447384,0.0,0.0,0.8634666666666667,optimal
2021-02-12 10:00:00,31,91,0.7743252712435986,0.0,0.0,0.11320000000000001,optimal
2021-02-12 10:30:00,31,91,0.7684095337539749,0.0,0.0,0.06973333333333333,optimal
2021-02-12 11:00:00,31,91,0.42761685118426357,0.0,0.0,0.3548,optimal
2021-02-12 11:30:00,31,91,0.4622773839980719,0.0,0.0,0.20813333333333334,optimal
2021-02-12 12:00:00,31,91,0.343132541898345,0.0,0.0,0.16306666666666667,optimal
2021-02-12 12:30:00,31,91,0.27938545566451617,0.0,0.0,0.2164,optimal
2021-02-12 13:00:00,31,91,2.142857142857143,0.0,0.0,0.30143333333333333,optimal
2021-02-12 13:30:00,31,91,2.142857142857143,0.0,0.0,0.2402,optimal
2021-02-12 14:00:00,31,91,2.142857142857143,0.0,0.0,1.6392,optimal
2021-02-12 14:30:00,31,91,2.142857142857143,0.0,0.0,0.4862666666666666,optimal
2021-02-12 15:00:00,31,91,2.142857142857143,0.0,0.0,0.18623333333333328,optimal
2021-02-12 15:30:00,31,91,2.142857142857143,0.0,0.0,0.31493333333333334,optimal
2021-02-12 16:00:00,31,91,0.0,0.0,0.0,0.31306666666666666,optimal
2021-02-12 16:30:00,31,91,0.0,0.0,0.0,0.3412,optimal
2021-02-12 17:00:00,31,91,0.0,0.0,0.0,0.0866,optimal
2021-02-12 17:30:00,31,91,0.0,0.0,0.0,0.15833333333333335,optimal
2021-02-12 18:00:00,31,91,0.0,0.0,0.0,0.19963333333333333,optimal
2021-02-12 18:30:00,31,91,0.0,0.0,0.0,0.21619999999999998,optimal
2021-02-12 19:00:00,31,91,0.0,0.0,0.0,0.17493333333333333,optimal
2021-02-12 19:30:00,31,91,0.0,0.0,0.0,0.31793333333333335,optimal
2021-02-12 20:00:00,31,91,0.8022746505368228,0.0,0.0,0.33126666666666665,optimal
2021-02-12 20:30:00,31,91,0.0,0.0,0.0,0.35886666666666667,optimal
2021-02-12 21:00:00,31,91,0.0,0.0,0.0,0.2972666666666667,optimal
2021-02-12 21:30:00,31,91,0.0,0.0,0.0,0.3947333333333333,optimal
2021-02-12 22:00:00,31,91,0.6767619047619046,0.0,0.0,0.6684,optimal
2021-02-12 22:30:00,31,91,0.0,0.0,0.0,0.5211333333333333,optimal
2021-02-12 23:00:00,31,91,0.0,0.0,0.0,0.398,optimal
2021-02-12 23:30:00,31,91,0.0,0.0,0.0,0.5711333333333333,optimal
2021-02-13 00:00:00,31,91,0.0398095238095238,0.0,0.0,0.0704,optimal
2021-02-13 00:30:00,31,91,0.6966666666666668,0.0,0.0,0.18059999999999998,optimal
2021-02-13 01:00:00,31,91,0.0,0.0,0.0,0.122,optimal
2021-02-13 01:30:00,31,91,0.4698838389028876,0.0,0.0,0.2066,optimal
2021-02-13 02:00:00,31,91,2.142857142857143,0.0,0.0,0.10533333333333332,optimal
2021-02-13 02:30:00,31,91,2.142857142857143,0.0,0.0,0.083,optimal
2021-02-13 03:00:00,31,91,2.142857142857143,0.0,0.0,0.07579999999999999,optimal
2021-02-13 03:30:00,31,91,2.142857142857143,0.0,0.0,0.047,optimal
2021-02-13 04:00:00,31,91,2.142857142857143,0.0,0.0,0.11033333333333331,optimal
2021-02-13 04:30:00,31,91,2.142857142857143,0.0,0.0,0.06246666666666667,optimal
2021-02-13 05:00:00,31,91,2.142857142857143,0.0,0.0,0.0722,optimal
2021-02-13 05:30:00,31,91,2.142857142857143,0.0,0.0,0.0866,optimal
2021-02-13 06:00:00,31,91,2.142857142857143,0.0,8.081761915999252,0.047,optimal
2021-02-13 06:30:00,31,91,2.142857142857143,0.0,10.0,0.12066666666666669,optimal
2021-02-13 07:00:00,31,91,2.142857142857143,0.0,10.0,0.8696,optimal
2021-02-13 07:30:00,31,91,2.142857142857143,0.0,0.0,2.9555333333333333,optimal
2021-02-13 08:00:00,31,91,1.3139837616225416,0.0,0.0,0.2004,optimal
2021-02-13 08:30:00,31,91,1.2411623896744386,0.0,0.0,0.27586666666666665,optimal
2021-02-13 09:00:00,31,91,1.071696114226426,0.0,0.0,0.498,optimal
2021-02-13 09:30:00,31,91,1.1080711592477972,0.0,0.0,0.3055,optimal
2021-02-13 10:00:00,31,91,0.8141333704403918,0.0,0.0,0.241,optimal
2021-02-13 10:30:00,31,91,0.7835367603970566,0.0,0.0,0.44806666666666667,optimal
2021-02-13 11:00:00,31,91,0.4906370100205495,0.0,0.0,1.3132000000000001,optimal
2021-02-13 11:30:00,31,91,0.5913242095010166,0.0,0.0,0.1778,optimal
2021-02-13 12:00:00,31,91,0.5522523518087147,0.0,0.0,0.047,optimal
2021-02-13 12:30:00,31,91,0.5268686555315704,0.0,0.0,0.1118,optimal
2021-02-13 13:00:00,31,91,2.142857142857143,0.0,0.0,0.051,optimal
2021-02-13 13:30:00,31,91,2.142857142857143,0.0,0.0,0.14473333333333332,optimal
2021-02-13 14:00:00,31,91,2.142857142857143,0.0,0.0,0.2186,optimal
2021-02-13 14:30:00,31,91,2.142857142857143,0.0,0.0,0.4588666666666667,optimal
2021-02-13 15:00:00,31,91,2.142857142857143,0.0,0.0,0.28086666666666665,optimal
2021-02-13 15:30:00,31,91,2.142857142857143,0.0,0.0,0.9454,optimal
2021-02-13 16:00:00,31,91,0.0,0.0,0.0,0.701,optimal
2021-02-13 16:30:00,31,91,0.0,0.0,0.0,1.2375333333333334,optimal
2021-02-13 17:00:00,31,91,0.0,0.0,0.0,1.2629666666666668,optimal
2021-02-13 17:30:00,31,91,0.0,0.0,0.0,0.09653333333333332,optimal
2021-02-13 18:00:00,31,91,0.0,0.0,0.0,0.10223333333333331,optimal
2021-02-13 18:30:00,31,91,0.0,0.0,0.0,1.619733333333333,optimal
2021-02-13 19:00:00,31,91,0.0,0.0,0.0,0.164,optimal
2021-02-13 19:30:00,31,91,0.061865431654420835,0.0,0.0,0.37126666666666663,optimal
2021-02-13 20:00:00,31,91,1.2198767844376832,0.0,0.0,0.0584,optimal
2021-02-13 20:30:00,31,91,0.0,0.0,0.0,0.15380000000000002,optimal
2021-02-13 21:00:00,31,91,0.0,0.0,0.0,0.089,optimal
2021-02-13 21:30:00,31,91,0.0,0.0,0.0,0.42619999999999997,optimal
2021-02-13 22:00:00,31,91,0.0199047619047619,0.0,0.0,0.1957333333333333,optimal
2021-02-13 22:30:00,31,91,0.0,0.0,0.0,0.198,optimal
2021-02-13 23:00:00,31,91,0.0,0.0,0.0,0.2204,optimal
2021-02-13 23:30:00,31,91,0.0,0.0,0.0,1.5175333333333334,optimal
2021-02-07 00:00:00,32,91,0.0,0.0,0.0,0.057,optimal
2021-02-07 00:30:00,32,91,0.0,0.0,0.0,0.057,optimal
2021-02-07 01:00:00,32,91,0.0,0.0,0.0,0.057,optimal
2021-02-07 01:30:00,32,91,0.0,0.0,0.0,0.057,optimal
2021-02-07 02:00:00,32,91,0.0,0.0,0.0,0.057,optimal
2021-02-07 02:30:00,32,91,0.0,0.0,0.0,0.057,optimal
2021-02-07 03:00:00,32,91,0.0,0.0,0.0,0.057,optimal
2021-02-07 03:30:00,32,91,0.0,0.0,0.0,0.057,optimal
2021-02-07 04:00:00,32,91,2.2857142857142856,0.0,0.0,0.061,optimal
2021-02-07 04:30:00,32,91,2.2857142857142856,0.0,0.0,0.06233333333333334,optimal
2021-02-07 05:00:00,32,91,2.2857142857142856,0.0,0.0,0.057,optimal
2021-02-07 05:30:00,32,91,2.2857142857142856,0.0,0.0,0.05666666666666666,optimal
2021-02-07 06:00:00,32,91,2.2857142857142856,0.0,0.0,0.0663,optimal
2021-02-07 06:30:00,32,91,2.2857142857142856,0.0,1.4055777348378222,0.077,optimal
2021-02-07 07:00:00,32,91,2.2857142857142856,0.0,0.0,0.11876666666666667,optimal
2021-02-07 07:30:00,32,91,0.0,0.0,0.0,0.8592000000000001,optimal
2021-02-07 08:00:00,32,91,0.0,0.0,0.0,0.066,optimal
2021-02-07 08:30:00,32,91,0.0,0.0,0.0,0.06633333333333333,optimal
2021-02-07 09:00:00,32,91,0.0,0.0,0.0,0.067,optimal
2021-02-07 09:30:00,32,91,1.028433414382099,0.0,0.0,0.067,optimal
2021-02-07 10:00:00,32,91,1.0586626324837616,0.0,0.0,0.067,optimal
2021-02-07 10:30:00,32,91,1.0655320430466393,0.0,0.0,0.067,optimal
2021-02-07 11:00:00,32,91,0.9301544944839225,0.0,0.0,0.067,optimal
2021-02-07 11:30:00,32,91,0.9301544944839225,0.0,0.0,0.067,optimal
2021-02-07 12:00:00,32,91,0.8325340323389367,0.0,0.0,0.067,optimal
2021-02-07 12:30:00,32,91,0.8325340323389367,0.0,0.0,0.067,optimal
2021-02-07 13:00:00,32,91,2.2857142857142856,0.0,0.0,0.067,optimal
2021-02-07 13:30:00,32,91,2.2857142857142856,0.0,0.0,0.067,optimal
2021-02-07 14:00:00,32,91,2.2857142857142856,0.0,0.0,0.067,optimal
2021-02-07 14:30:00,32,91,2.2857142857142856,0.0,0.0,0.067,optimal
2021-02-07 15:00:00,32,91,2.2857142857142856,0.0,0.0,0.067,optimal
2021-02-07 15:30:00,32,91,2.2857142857142856,0.0,0.0,0.06633333333333333,optimal
2021-02-07 16:00:00,32,91,0.0,0.0,0.0,0.0996,optimal
2021-02-07 16:30:00,32,91,0.0,0.0,0.0,0.129,optimal
2021-02-07 17:00:00,32,91,0.0,0.0,0.0,0.171,optimal
2021-02-07 17:30:00,32,91,0.0,0.0,0.0,0.16563333333333333,optimal
2021-02-07 18:00:00,32,91,0.0,0.0,0.0,0.21309999999999998,optimal
2021-02-07 18:30:00,32,91,0.0,0.0,0.0,0.232,optimal
2021-02-07 19:00:00,32,91,0.0,0.0,0.0,0.2216,optimal
2021-02-07 19:30:00,32,91,0.3825372177333617,0.0,0.0,0.12240000000000001,optimal
2021-02-07 20:00:00,32,91,1.0168011806257866,0.0,0.0,0.5158666666666667,optimal
2021-02-07 20:30:00,32,91,0.0,0.0,0.0,1.0731666666666668,optimal
2021-02-07 21:00:00,32,91,0.0,0.0,0.0,0.2157666666666667,optimal
2021-02-07 21:30:00,32,91,0.0,0.0,0.0,0.22933333333333328,optimal
2021-02-07 22:00:00,32,91,0.0,0.0,0.0,0.23383333333333328,optimal
2021-02-07 22:30:00,32,91,0.0,0.0,0.0,0.2673666666666667,optimal
2021-02-07 23:00:00,32,91,0.0,0.0,0.0,0.18346666666666667,optimal
2021-02-07 23:30:00,32,91,0.0,0.0,0.0,0.08833333333333333,optimal
2021-02-08 00:00:00,32,91,0.0,0.0,0.0,0.057,optimal
2021-02-08 00:30:00,32,91,0.5971428571428571,0.0,0.0,0.057,optimal
2021-02-08 01:00:00,32,91,0.0,0.0,0.0,0.057,optimal
2021-02-08 01:30:00,32,91,0.0,0.0,0.0,0.057,optimal
2021-02-08 02:00:00,32,91,0.0,0.0,0.0,0.057,optimal
2021-02-08 02:30:00,32,91,1.0432527531727778,0.0,0.0,0.057,optimal
2021-02-08 03:00:00,32,91,2.2857142857142856,0.0,0.0,0.057,optimal
2021-02-08 03:30:00,32,91,2.2857142857142856,0.0,0.0,0.1134,optimal
2021-02-08 04:00:00,32,91,2.2857142857142856,0.0,0.0,0.057,optimal
2021-02-08 04:30:00,32,91,2.2857142857142856,0.0,0.0,0.057,optimal
2021-02-08 05:00:00,32,91,2.2857142857142856,0.0,0.0,0.0852,optimal
2021-02-08 05:30:00,32,91,2.2857142857142856,0.0,0.0,0.0852,optimal
2021-02-08 06:00:00,32,91,2.2857142857142856,0.0,0.0,0.07893333333333334,optimal
2021-02-08 06:30:00,32,91,2.2857142857142856,0.0,6.199042794658492,0.10466666666666669,optimal
2021-02-08 07:00:00,32,91,2.2857142857142856,0.0,10.0,0.33166666666666667,optimal
2021-02-08 07:30:00,32,91,2.2857142857142856,0.0,0.0,0.30806666666666666,optimal
2021-02-08 08:00:00,32,91,1.1647471958208735,0.0,0.0,0.11326666666666668,optimal
2021-02-08 08:30:00,32,91,1.139864225431373,0.0,0.0,0.3237333333333333,optimal
2021-02-08 09:00:00,32,91,1.0337615472156698,0.0,0.0,0.09570000000000001,optimal
2021-02-08 09:30:00,32,91,0.8082764789904116,0.0,0.0,0.7798333333333334,optimal
2021-02-08 10:00:00,32,91,0.9372957009711834,0.0,0.0,0.057,optimal
2021-02-08 10:30:00,32,91,0.7961045787202585,0.0,0.0,0.5382333333333333,optimal
2021-02-08 11:00:00,32,91,0.6985124189602256,0.0,0.0,0.057,optimal
2021-02-08 11:30:00,32,91,0.6755287226830624,0.0,0.0,0.1134,optimal
2021-02-08 12:00:00,32,91,0.6038880720571788,0.0,0.0,0.057,optimal
2021-02-08 12:30:00,32,91,0.5740349652171377,0.0,0.0,0.11506666666666666,optimal
2021-02-08 13:00:00,32,91,2.2857142857142856,0.0,0.0,0.065,optimal
2021-02-08 13:30:00,32,91,2.2857142857142856,0.0,0.0,0.057,optimal
2021-02-08 14:00:00,32,91,2.2857142857142856,0.0,0.0,0.1134,optimal
2021-02-08 14:30:00,32,91,2.2857142857142856,0.0,0.0,0.058333333333333334,optimal
2021-02-08 15:00:00,32,91,2.2857142857142856,0.0,0.0,0.067,optimal
2021-02-08 15:30:00,32,91,2.2857142857142856,0.0,0.0,0.067,optimal
2021-02-08 16:00:00,32,91,0.0,0.0,0.0,0.12340000000000001,optimal
2021-02-08 16:30:00,32,91,0.0,0.0,0.0,0.279,optimal
2021-02-08 17:00:00,32,91,0.0,0.0,0.0,0.092,optimal
2021-02-08 17:30:00,32,91,0.0,0.0,0.0,0.1576,optimal
2021-02-08 18:00:00,32,91,0.0,0.0,0.0,0.09773333333333332,optimal
2021-02-08 18:30:00,32,91,0.0,0.0,0.0,0.18480000000000002,optimal
2021-02-08 19:00:00,32,91,0.0,0.0,0.0,0.17,optimal
2021-02-08 19:30:00,32,91,0.0,0.0,0.0,0.43206666666666665,optimal
2021-02-08 20:00:00,32,91,1.3226194261806026,0.0,0.0,0.12340000000000001,optimal
2021-02-08 20:30:00,32,91,0.0,0.0,0.0,0.067,optimal
2021-02-08 21:00:00,32,91,0.0,0.0,0.0,2.4865999999999997,optimal
2021-02-08 21:30:00,32,91,0.0,0.0,0.0,2.1203000000000003,optimal
2021-02-08 22:00:00,32,91,0.0,0.0,0.0,0.22030000000000002,optimal
2021-02-08 22:30:00,32,91,0.0,0.0,0.0,0.5416,optimal
2021-02-08 23:00:00,32,91,0.0,0.0,0.0,0.4279,optimal
2021-02-08 23:30:00,32,91,0.0,0.0,0.0,0.1366,optimal
2021-02-09 00:00:00,32,91,0.0,0.0,0.0,0.1913,optimal
2021-02-09 00:30:00,32,91,0.2985714285714285,0.0,0.0,0.13069999999999998,optimal
2021-02-09 01:00:00,32,91,0.0,0.0,0.0,0.1157,optimal
2021-02-09 01:30:00,32,91,0.0,0.0,0.0,0.2063,optimal
2021-02-09 02:00:00,32,91,0.33207175484897206,0.0,0.0,0.059,optimal
2021-02-09 02:30:00,32,91,2.2857142857142856,0.0,0.0,0.0905,optimal
2021-02-09 03:00:00,32,91,2.2857142857142856,0.0,0.0,0.2315,optimal
2021-02-09 03:30:00,32,91,2.2857142857142856,0.0,0.0,0.059,optimal
2021-02-09 04:00:00,32,91,2.2857142857142856,0.0,0.0,0.0842,optimal
2021-02-09 04:30:00,32,91,2.2857142857142856,0.0,0.0,0.1724,optimal
2021-02-09 05:00:00,32,91,2.2857142857142856,0.0,0.0,0.12440000000000001,optimal
2021-02-09 05:30:00,32,91,2.2857142857142856,0.0,0.0,0.059,optimal
2021-02-09 06:00:00,32,91,2.2857142857142856,0.0,0.0,0.1724,optimal
2021-02-09 06:30:00,32,91,2.2857142857142856,0.0,2.19329003154226,0.09386666666666665,optimal
2021-02-09 07:00:00,32,91,2.2857142857142856,0.0,10.0,0.16106666666666666,optimal
2021-02-09 07:30:00,32,91,2.2857142857142856,0.0,0.0,0.17959999999999998,optimal
2021-02-09 08:00:00,32,91,1.243286176601077,0.0,0.0,0.067,optimal
2021-02-09 08:30:00,32,91,1.2271820607567454,0.0,0.0,0.0859,optimal
2021-02-09 09:00:00,32,91,0.895213258296999,0.0,0.0,0.48760000000000003,optimal
2021-02-09 09:30:00,32,91,1.0218145504178942,0.0,0.0,0.11636666666666666,optimal
2021-02-09 10:00:00,32,91,0.8026476197510143,0.0,0.0,0.18666666666666662,optimal
2021-02-09 10:30:00,32,91,0.8700931409628528,0.0,0.0,0.147,optimal
2021-02-09 11:00:00,32,91,0.6293053757546669,0.0,0.0,0.1194,optimal
2021-02-09 11:30:00,32,91,0.6098801942827449,0.0,0.0,0.17103333333333334,optimal
2021-02-09 12:00:00,32,91,0.4615696755419707,0.0,0.0,0.10623333333333332,optimal
2021-02-09 12:30:00,32,91,0.4406996189186476,0.0,0.0,0.19196666666666667,optimal
2021-02-09 13:00:00,32,91,1.9969528060087494,0.0,0.0,0.13343333333333335,optimal
2021-02-09 13:30:00,32,91,0.8367530980693647,0.0,0.0,0.0792,optimal
2021-02-09 14:00:00,32,91,2.2857142857142856,0.0,0.0,0.1843333333333333,optimal
2021-02-09 14:30:00,32,91,2.2857142857142856,0.0,0.0,0.06666666666666667,optimal
2021-02-09 15:00:00,32,91,2.2857142857142856,0.0,0.0,1.0568,optimal
2021-02-09 15:30:00,32,91,2.2857142857142856,0.0,0.0,0.8997666666666666,optimal
2021-02-09 16:00:00,32,91,0.0,0.0,0.0,0.8044333333333333,optimal
2021-02-09 16:30:00,32,91,0.0,0.0,0.0,1.4916666666666667,optimal
2021-02-09 17:00:00,32,91,0.0,0.0,0.0,1.2107666666666668,optimal
2021-02-09 17:30:00,32,91,0.0,0.0,0.0,0.5026,optimal
2021-02-09 18:00:00,32,91,0.0,0.0,0.0,0.2878,optimal
2021-02-09 18:30:00,32,91,0.0,0.0,0.0,0.38580000000000003,optimal
2021-02-09 19:00:00,32,91,0.0,0.0,0.0,0.2959333333333333,optimal
2021-02-09 19:30:00,32,91,0.0,0.0,0.0,0.3528,optimal
2021-02-09 20:00:00,32,91,0.0,0.0,0.0,0.38730000000000003,optimal
2021-02-09 20:30:00,32,91,0.0,0.0,0.0,0.21746666666666667,optimal
2021-02-09 21:00:00,32,91,0.0,0.0,0.0,0.41293333333333326,optimal
2021-02-09 21:30:00,32,91,0.0,0.0,0.0,0.2984,optimal
2021-02-09 22:00:00,32,91,1.731714285714286,0.0,0.0,0.2526,optimal
2021-02-09 22:30:00,32,91,0.0,0.0,0.0,0.38003333333333333,optimal
2021-02-09 23:00:00,32,91,0.0,0.0,0.0,0.2258666666666667,optimal
2021-02-09 23:30:00,32,91,0.0,0.0,0.0,0.31703333333333333,optimal
2021-02-10 00:00:00,32,91,0.0,0.0,0.0,0.1316,optimal
2021-02-10 00:30:00,32,91,0.8559047619047618,0.0,0.0,0.06409999999999999,optimal
2021-02-10 01:00:00,32,91,0.0,0.0,0.0,0.3452333333333333,optimal
2021-02-10 01:30:00,32,91,0.0,0.0,0.0,0.07373333333333333,optimal
2021-02-10 02:00:00,32,91,0.3883430919945207,0.0,0.0,0.21036666666666667,optimal
2021-02-10 02:30:00,32,91,2.2857142857142856,0.0,0.0,0.2137,optimal
2021-02-10 03:00:00,32,91,2.2857142857142856,0.0,0.0,0.07429999999999999,optimal
2021-02-10 03:30:00,32,91,2.2857142857142856,0.0,0.0,0.1151,optimal
2021-02-10 04:00:00,32,91,2.2857142857142856,0.0,0.0,0.22106666666666663,optimal
2021-02-10 04:30:00,32,91,2.2857142857142856,0.0,0.0,0.0998,optimal
2021-02-10 05:00:00,32,91,2.2857142857142856,0.0,0.0,0.12643333333333334,optimal
2021-02-10 05:30:00,32,91,2.2857142857142856,0.0,0.0,0.2571666666666667,optimal
2021-02-10 06:00:00,32,91,2.2857142857142856,0.0,0.0,0.0945,optimal
2021-02-10 06:30:00,32,91,2.2857142857142856,0.0,9.64644410512422,0.26926666666666665,optimal
2021-02-10 07:00:00,32,91,2.2857142857142856,0.0,0.0,0.3733333333333333,optimal
2021-02-10 07:30:00,32,91,2.2857142857142856,0.0,0.0,0.1776,optimal
2021-02-10 08:00:00,32,91,1.2228984723151037,0.0,0.0,0.40093333333333325,optimal
2021-02-10 08:30:00,32,91,1.287807270236965,0.0,0.0,0.22826666666666667,optimal
2021-02-10 09:00:00,32,91,1.1717354927947385,0.0,0.0,0.16696666666666668,optimal
2021-02-10 09:30:00,32,91,1.1274823859546972,0.0,0.0,0.26543333333333335,optimal
2021-02-10 10:00:00,32,91,0.905934323639494,0.0,0.0,0.07513333333333334,optimal
2021-02-10 10:30:00,32,91,0.8577159220808964,0.0,0.0,0.2078333333333333,optimal
2021-02-10 11:00:00,32,91,0.6683261860625268,0.0,0.0,0.2001,optimal
2021-02-10 11:30:00,32,91,0.7017710612139336,0.0,0.0,0.06233333333333334,optimal
2021-02-10 12:00:00,32,91,0.4241839700744795,0.0,0.0,0.1965,optimal
2021-02-10 12:30:00,32,91,0.4303363510268622,0.0,0.0,0.17496666666666666,optimal
2021-02-10 13:00:00,32,91,2.2857142857142856,0.0,0.0,0.1416,optimal
2021-02-10 13:30:00,32,91,2.2857142857142856,0.0,0.0,0.2922666666666667,optimal
2021-02-10 14:00:00,32,91,2.2857142857142856,0.0,0.0,0.14776666666666669,optimal
2021-02-10 14:30:00,32,91,2.2857142857142856,0.0,0.0,0.18353333333333333,optimal
2021-02-10 15:00:00,32,91,2.2857142857142856,0.0,0.0,0.19196666666666667,optimal
2021-02-10 15:30:00,32,91,2.2857142857142856,0.0,0.0,0.1416,optimal
2021-02-10 16:00:00,32,91,0.0,0.0,0.0,0.23106666666666664,optimal
2021-02-10 16:30:00,32,91,0.0,0.0,0.0,0.1404,optimal
2021-02-10 17:00:00,32,91,0.0,0.0,0.0,0.1574,optimal
2021-02-10 17:30:00,32,91,0.0,0.0,0.0,0.24586666666666668,optimal
2021-02-10 18:00:00,32,91,0.0,0.0,0.0,0.1098,optimal
2021-02-10 18:30:00,32,91,0.0,0.0,0.0,0.16476666666666667,optimal
2021-02-10 19:00:00,32,91,0.0,0.0,0.0,0.18630000000000002,optimal
2021-02-10 19:30:00,32,91,0.0,0.0,0.0,0.162,optimal
2021-02-10 20:00:00,32,91,1.2788860176288268,0.0,0.0,0.2513,optimal
2021-02-10 20:30:00,32,91,0.0,0.0,0.0,0.5346666666666666,optimal
2021-02-10 21:00:00,32,91,0.0,0.0,0.0,0.22776666666666667,optimal
2021-02-10 21:30:00,32,91,0.0,0.0,0.0,0.5270666666666667,optimal
2021-02-10 22:00:00,32,91,0.597142857142857,0.0,0.0,0.215,optimal
2021-02-10 22:30:00,32,91,0.0,0.0,0.0,0.2579666666666666,optimal
2021-02-10 23:00:00,32,91,0.0,0.0,0.0,0.26923333333333327,optimal
2021-02-10 23:30:00,32,91,0.0,0.0,0.0,0.10216666666666668,optimal
2021-02-11 00:00:00,32,91,0.0,0.0,0.0,0.056,optimal
2021-02-11 00:30:00,32,91,1.9108571428571428,0.0,0.0,0.056,optimal
2021-02-11 01:00:00,32,91,1.2437058568680381,0.0,0.0,0.18159999999999998,optimal
2021-02-11 01:30:00,32,91,2.2857142857142856,0.0,0.0,0.09653333333333332,optimal
2021-02-11 02:00:00,32,91,2.2857142857142856,0.0,0.0,0.056,optimal
2021-02-11 02:30:00,32,91,2.2857142857142856,0.0,0.0,0.15733333333333335,optimal
2021-02-11 03:00:00,32,91,2.2857142857142856,0.0,0.0,0.12079999999999999,optimal
2021-02-11 03:30:00,32,91,2.2857142857142856,0.0,0.0,0.056,optimal
2021-02-11 04:00:00,32,91,2.2857142857142856,0.0,0.0,0.1382,optimal
2021-02-11 04:30:00,32,91,2.2857142857142856,0.0,0.0,0.3524333333333333,optimal
2021-02-11 05:00:00,32,91,2.2857142857142856,0.0,0.0,0.055,optimal
2021-02-11 05:30:00,32,91,2.2857142857142856,0.0,0.0,0.34796666666666665,optimal
2021-02-11 06:00:00,32,91,2.2857142857142856,0.0,0.0,0.1795,optimal
2021-02-11 06:30:00,32,91,2.2857142857142856,0.0,4.793431333954115,0.2876666666666667,optimal
2021-02-11 07:00:00,32,91,2.2857142857142856,0.0,10.0,0.49476666666666663,optimal
2021-02-11 07:30:00,32,91,2.2857142857142856,0.0,0.0,0.06566666666666666,optimal
2021-02-11 08:00:00,32,91,1.5247641941780445,0.0,0.0,0.066,optimal
2021-02-11 08:30:00,32,91,1.5350683100223612,0.0,0.0,0.066,optimal
2021-02-11 09:00:00,32,91,1.339984684046253,0.0,0.0,0.1308,optimal
2021-02-11 09:30:00,32,91,1.1646584573778123,0.0,0.0,0.1873333333333333,optimal
2021-02-11 10:00:00,32,91,0.8250012544441278,0.0,0.0,0.066,optimal
2021-02-11 10:30:00,32,91,0.7425415273451857,0.0,0.0,0.2512,optimal
2021-02-11 11:00:00,32,91,0.6575776038667981,0.0,0.0,0.0912,optimal
2021-02-11 11:30:00,32,91,0.5987808341690225,0.0,0.0,0.11666666666666668,optimal
2021-02-11 12:00:00,32,91,0.3501010845555697,0.0,0.0,0.15266666666666664,optimal
2021-02-11 12:30:00,32,91,0.3219832492301785,0.0,0.0,0.0948,optimal
2021-02-11 13:00:00,32,91,2.2857142857142856,0.0,0.0,0.16866666666666666,optimal
2021-02-11 13:30:00,32,91,2.2857142857142856,0.0,0.0,0.17566666666666667,optimal
2021-02-11 14:00:00,32,91,2.2857142857142856,0.0,0.0,0.15633333333333335,optimal
2021-02-11 14:30:00,32,91,2.2857142857142856,0.0,0.0,0.7291,optimal
2021-02-11 15:00:00,32,91,2.2857142857142856,0.0,0.0,1.4304333333333334,optimal
2021-02-11 15:30:00,32,91,2.2857142857142856,0.0,0.0,0.23656666666666665,optimal
2021-02-11 16:00:00,32,91,0.0,0.0,0.0,0.23033333333333328,optimal
2021-02-11 16:30:00,32,91,0.0,0.0,0.0,0.30596666666666666,optimal
2021-02-11 17:00:00,32,91,0.0,0.0,0.0,0.1703,optimal
2021-02-11 17:30:00,32,91,0.0,0.0,0.0,1.5217,optimal
2021-02-11 18:00:00,32,91,0.0,0.0,0.0,0.2733333333333333,optimal
2021-02-11 18:30:00,32,91,0.0,0.0,0.0,0.46066666666666667,optimal
2021-02-11 19:00:00,32,91,0.0,0.0,0.0,0.25660000000000005,optimal
2021-02-11 19:30:00,32,91,0.0,0.0,0.0,0.44526666666666664,optimal
2021-02-11 20:00:00,32,91,1.5105715099963144,0.0,0.0,0.356,optimal
2021-02-11 20:30:00,32,91,0.0,0.0,0.0,0.4335,optimal
2021-02-11 21:00:00,32,91,0.0,0.0,0.0,0.46226666666666666,optimal
2021-02-11 21:30:00,32,91,0.0,0.0,0.0,0.32603333333333334,optimal
2021-02-11 22:00:00,32,91,0.09952380952380951,0.0,0.0,0.3273333333333333,optimal
2021-02-11 22:30:00,32,91,0.0,0.0,0.0,0.31276666666666664,optimal
2021-02-11 23:00:00,32,91,0.0,0.0,0.0,0.22030000000000002,optimal
2021-02-11 23:30:00,32,91,0.0,0.0,0.0,0.14173333333333332,optimal
2021-02-12 00:00:00,32,91,0.42048206524941084,0.0,0.0,0.047,optimal
2021-02-12 00:30:00,32,91,2.2857142857142856,0.0,0.0,0.047,optimal
2021-02-12 01:00:00,32,91,2.2857142857142856,0.0,0.0,0.233,optimal
2021-02-12 01:30:00,32,91,2.2857142857142856,0.0,0.0,0.045,optimal
2021-02-12 02:00:00,32,91,2.2857142857142856,0.0,0.0,0.047,optimal
2021-02-12 02:30:00,32,91,2.2857142857142856,0.0,0.0,0.047,optimal
2021-02-12 03:00:00,32,91,2.2857142857142856,0.0,0.0,0.047,optimal
2021-02-12 03:30:00,32,91,2.2857142857142856,0.0,0.0,0.047,optimal
2021-02-12 04:00:00,32,91,2.2857142857142856,0.0,0.0,0.047,optimal
2021-02-12 04:30:00,32,91,2.2857142857142856,0.0,0.0,0.053,optimal
2021-02-12 05:00:00,32,91,2.2857142857142856,0.0,0.0,0.057,optimal
2021-02-12 05:30:00,32,91,2.2857142857142856,0.0,0.0,0.045666666666666654,optimal
2021-02-12 06:00:00,32,91,2.2857142857142856,0.0,0.0,0.045666666666666654,optimal
2021-02-12 06:30:00,32,91,2.2857142857142856,0.0,2.1311385538682783,0.047,optimal
2021-02-12 07:00:00,32,91,2.2857142857142856,0.0,10.0,0.047,optimal
2021-02-12 07:30:00,32,91,2.2857142857142856,0.0,0.0,0.052333333333333336,optimal
2021-02-12 08:00:00,32,91,2.2050542637897466,0.0,0.0,0.10006666666666666,optimal
2021-02-12 08:30:00,32,91,1.465993084915482,0.0,0.0,0.055,optimal
2021-02-12 09:00:00,32,91,1.340520873309004,0.0,0.0,0.1364,optimal
2021-02-12 09:30:00,32,91,1.1601843171161605,0.0,0.0,0.2832333333333333,optimal
2021-02-12 10:00:00,32,91,0.7025347950531224,0.0,0.0,0.24259999999999998,optimal
2021-02-12 10:30:00,32,91,0.697257152801596,0.0,0.0,0.16636666666666666,optimal
2021-02-12 11:00:00,32,91,0.4758454226128377,0.0,0.0,0.1776,optimal
2021-02-12 11:30:00,32,91,0.4372107173314106,0.0,0.0,0.178,optimal
2021-02-12 12:00:00,32,91,0.24371349427929953,0.0,0.0,0.17930000000000001,optimal
2021-02-12 12:30:00,32,91,0.2871645032835567,0.0,0.0,0.177,optimal
2021-02-12 13:00:00,32,91,2.2857142857142856,0.0,0.0,0.1693,optimal
2021-02-12 13:30:00,32,91,2.2857142857142856,0.0,0.0,0.166,optimal
2021-02-12 14:00:00,32,91,2.2857142857142856,0.0,0.0,0.0846,optimal
2021-02-12 14:30:00,32,91,2.2857142857142856,0.0,0.0,0.055,optimal
2021-02-12 15:00:00,32,91,2.2857142857142856,0.0,0.0,0.5788,optimal
2021-02-12 15:30:00,32,91,2.2857142857142856,0.0,0.0,1.2255999999999998,optimal
2021-02-12 16:00:00,32,91,0.0,0.0,0.0,0.9611000000000001,optimal
2021-02-12 16:30:00,32,91,0.0,0.0,0.0,0.178,optimal
2021-02-12 17:00:00,32,91,0.0,0.0,0.0,0.9027000000000001,optimal
2021-02-12 17:30:00,32,91,0.0,0.0,0.0,1.2680666666666667,optimal
2021-02-12 18:00:00,32,91,0.0,0.0,0.0,0.4915,optimal
2021-02-12 18:30:00,32,91,0.0,0.0,0.0,0.1676,optimal
2021-02-12 19:00:00,32,91,0.0,0.0,0.0,0.178,optimal
2021-02-12 19:30:00,32,91,0.0,0.0,0.0,0.2026,optimal
2021-02-12 20:00:00,32,91,1.1292792798238627,0.0,0.0,0.23796666666666666,optimal
2021-02-12 20:30:00,32,91,0.0,0.0,0.0,0.09029999999999999,optimal
2021-02-12 21:00:00,32,91,0.0,0.0,0.0,0.11343333333333333,optimal
2021-02-12 21:30:00,32,91,0.0,0.0,0.0,0.096,optimal
2021-02-12 22:00:00,32,91,0.13933333333333334,0.0,0.0,0.1749,optimal
2021-02-12 22:30:00,32,91,0.0,0.0,0.0,0.19,optimal
2021-02-12 23:00:00,32,91,0.0,0.0,0.0,0.057,optimal
2021-02-12 23:30:00,32,91,0.0,0.0,0.0,0.055,optimal
2021-02-13 00:00:00,32,91,0.0,0.0,0.0,0.062,optimal
2021-02-13 00:30:00,32,91,0.35828571428571426,0.0,0.0,0.062,optimal
2021-02-13 01:00:00,32,91,0.0,0.0,0.0,0.062,optimal
2021-02-13 01:30:00,32,91,0.48407082052729505,0.0,0.0,0.062,optimal
2021-02-13 02:00:00,32,91,2.2857142857142856,0.0,0.0,0.062,optimal
2021-02-13 02:30:00,32,91,2.2857142857142856,0.0,0.0,0.062,optimal
2021-02-13 03:00:00,32,91,2.2857142857142856,0.0,0.0,0.062,optimal
2021-02-13 03:30:00,32,91,2.2857142857142856,0.0,0.0,0.06233333333333334,optimal
2021-02-13 04:00:00,32,91,2.2857142857142856,0.0,0.0,0.07166666666666667,optimal
2021-02-13 04:30:00,32,91,2.2857142857142856,0.0,0.0,0.062,optimal
2021-02-13 05:00:00,32,91,2.2857142857142856,0.0,0.0,0.062,optimal
2021-02-13 05:30:00,32,91,2.2857142857142856,0.0,0.0,0.062,optimal
2021-02-13 06:00:00,32,91,2.2857142857142856,0.0,0.0,0.062,optimal
2021-02-13 06:30:00,32,91,2.2857142857142856,0.0,0.0,0.062,optimal
2021-02-13 07:00:00,32,91,2.2857142857142856,0.0,7.091351247975336,0.062,optimal
2021-02-13 07:30:00,32,91,2.2857142857142856,0.0,0.0,0.06233333333333334,optimal
2021-02-13 08:00:00,32,91,1.3653856663844428,0.0,0.0,0.0886,optimal
2021-02-13 08:30:00,32,91,1.3175509611030123,0.0,0.0,0.20466666666666664,optimal
2021-02-13 09:00:00,32,91,1.1433018285121275,0.0,0.0,0.23536666666666667,optimal
2021-02-13 09:30:00,32,91,1.0775473497239914,0.0,0.0,0.333,optimal
2021-02-13 10:00:00,32,91,0.8099619418689615,0.0,0.0,0.292,optimal
2021-02-13 10:30:00,32,91,0.9537843794446726,0.0,0.0,0.11833333333333332,optimal
2021-02-13 11:00:00,32,91,0.6772160576396155,0.0,0.0,0.072,optimal
2021-02-13 11:30:00,32,91,0.6737813523581765,0.0,0.0,0.072,optimal
2021-02-13 12:00:00,32,91,0.5476237803801538,0.0,0.0,0.072,optimal
2021-02-13 12:30:00,32,91,0.540754369817276,0.0,0.0,0.072,optimal
2021-02-13 13:00:00,32,91,2.2857142857142856,0.0,0.0,0.072,optimal
2021-02-13 13:30:00,32,91,2.2857142857142856,0.0,0.0,0.072,optimal
2021-02-13 14:00:00,32,91,2.2857142857142856,0.0,0.0,0.072,optimal
2021-02-13 14:30:00,32,91,2.2857142857142856,0.0,0.0,0.12133333333333332,optimal
2021-02-13 15:00:00,32,91,2.2857142857142856,0.0,0.0,0.23906666666666662,optimal
2021-02-13 15:30:00,32,91,2.2857142857142856,0.0,0.0,0.48436666666666667,optimal
2021-02-13 16:00:00,32,91,0.0,0.0,0.0,0.396,optimal
2021-02-13 16:30:00,32,91,0.0,0.0,0.0,0.3273666666666667,optimal
2021-02-13 17:00:00,32,91,0.0,0.0,0.0,0.5627666666666666,optimal
2021-02-13 17:30:00,32,91,0.0,0.0,0.0,1.4690999999999999,optimal
2021-02-13 18:00:00,32,91,0.0,0.0,0.0,0.5451,optimal
2021-02-13 18:30:00,32,91,0.0,0.0,0.0,0.2742333333333333,optimal
2021-02-13 19:00:00,32,91,0.0,0.0,0.0,0.913,optimal
2021-02-13 19:30:00,32,91,0.7371921457314103,0.0,0.0,1.7138,optimal
2021-02-13 20:00:00,32,91,1.2390101177710073,0.0,0.0,0.4273666666666667,optimal
2021-02-13 20:30:00,32,91,0.0,0.0,0.0,0.4597333333333333,optimal
2021-02-13 21:00:00,32,91,0.0,0.0,0.0,0.5173333333333334,optimal
2021-02-13 21:30:00,32,91,0.0,0.0,0.0,0.5155333333333333,optimal
2021-02-13 22:00:00,32,91,0.09952380952380951,0.0,0.0,0.22080000000000002,optimal
2021-02-13 22:30:00,32,91,0.0,0.0,0.0,0.13996666666666666,optimal
2021-02-13 23:00:00,32,91,0.0,0.0,0.0,0.072,optimal
2021-02-13 23:30:00,32,91,0.0,0.0,0.0,0.072,optimal
2021-02-07 00:00:00,33,91,0.0,0.0,0.0,0.048,optimal
2021-02-07 00:30:00,33,91,0.0,0.0,0.0,0.13153333333333334,optimal
2021-02-07 01:00:00,33,91,0.0,0.0,0.0,0.1092,optimal
2021-02-07 01:30:00,33,91,0.0,0.0,0.0,0.12186666666666666,optimal
2021-02-07 02:00:00,33,91,0.0,0.0,0.0,0.22326666666666667,optimal
2021-02-07 02:30:00,33,91,0.0,0.0,0.0,0.0854,optimal
2021-02-07 03:00:00,33,91,0.0,0.0,0.0,0.30660000000000004,optimal
2021-02-07 03:30:00,33,91,0.0,0.0,0.0,0.07859999999999999,optimal
2021-02-07 04:00:00,33,91,2.142857142857143,0.0,0.0,0.04733333333333334,optimal
2021-02-07 04:30:00,33,91,2.142857142857143,0.0,0.0,0.26153333333333334,optimal
2021-02-07 05:00:00,33,91,2.142857142857143,0.0,0.0,0.09853333333333332,optimal
2021-02-07 05:30:00,33,91,2.142857142857143,0.0,0.0,0.12193333333333334,optimal
2021-02-07 06:00:00,33,91,2.142857142857143,0.0,0.0,0.2258666666666667,optimal
2021-02-07 06:30:00,33,91,2.142857142857143,0.0,0.0,0.048,optimal
2021-02-07 07:00:00,33,91,2.142857142857143,0.0,1.9104478659086885,1.1758333333333333,optimal
2021-02-07 07:30:00,33,91,0.0,0.0,0.0,0.06093333333333333,optimal
2021-02-07 08:00:00,33,91,0.0,0.0,0.0,1.3667,optimal
2021-02-07 08:30:00,33,91,0.0,0.0,0.0,0.11626666666666668,optimal
2021-02-07 09:00:00,33,91,0.0,0.0,0.0,0.26880000000000004,optimal
2021-02-07 09:30:00,33,91,0.7416969018262561,0.0,0.0,1.1522999999999999,optimal
2021-02-07 10:00:00,33,91,0.7134912039123243,0.0,0.0,2.9863000000000004,optimal
2021-02-07 10:30:00,33,91,0.958655852570435,0.0,0.0,1.8997333333333328,optimal
2021-02-07 11:00:00,33,91,0.8685354468648749,0.0,0.0,0.28426666666666667,optimal
2021-02-07 11:30:00,33,91,0.9152021135315483,0.0,0.0,0.12093333333333334,optimal
2021-02-07 12:00:00,33,91,0.8058864132913124,0.0,0.0,0.1618666666666667,optimal
2021-02-07 12:30:00,33,91,0.782610222815117,0.0,0.0,0.2433333333333333,optimal
2021-02-07 13:00:00,33,91,2.142857142857143,0.0,0.0,0.0974,optimal
2021-02-07 13:30:00,33,91,2.142857142857143,0.0,0.0,0.16306666666666667,optimal
2021-02-07 14:00:00,33,91,2.142857142857143,0.0,0.0,0.14153333333333334,optimal
2021-02-07 14:30:00,33,91,2.142857142857143,0.0,0.0,0.058,optimal
2021-02-07 15:00:00,33,91,2.142857142857143,0.0,0.0,0.1893333333333333,optimal
2021-02-07 15:30:00,33,91,2.142857142857143,0.0,0.0,0.21586666666666668,optimal
2021-02-07 16:00:00,33,91,0.0,0.0,0.0,0.058,optimal
2021-02-07 16:30:00,33,91,0.0,0.0,0.0,0.38456666666666667,optimal
2021-02-07 17:00:00,33,91,0.0,0.0,0.0,1.4258,optimal
2021-02-07 17:30:00,33,91,0.0,0.0,0.0,1.206233333333333,optimal
2021-02-07 18:00:00,33,91,0.0,0.0,0.0,0.9422666666666668,optimal
2021-02-07 18:30:00,33,91,0.0,0.0,0.0,0.6455333333333333,optimal
2021-02-07 19:00:00,33,91,0.0,0.0,0.0,1.3598333333333332,optimal
2021-02-07 19:30:00,33,91,0.0,0.0,0.0,0.6724333333333333,optimal
2021-02-07 20:00:00,33,91,0.8487702425312772,0.0,0.0,0.13216666666666665,optimal
2021-02-07 20:30:00,33,91,0.0,0.0,0.0,0.2344,optimal
2021-02-07 21:00:00,33,91,0.0,0.0,0.0,0.15230000000000002,optimal
2021-02-07 21:30:00,33,91,0.0,0.0,0.0,0.10253333333333332,optimal
2021-02-07 22:00:00,33,91,0.0,0.0,0.0,0.14153333333333334,optimal
2021-02-07 22:30:00,33,91,0.0,0.0,0.0,0.26366666666666666,optimal
2021-02-07 23:00:00,33,91,0.0,0.0,0.0,0.08783333333333333,optimal
2021-02-07 23:30:00,33,91,0.0,0.0,0.0,0.18803333333333333,optimal
2021-02-08 00:00:00,33,91,0.0,0.0,0.0,0.042,optimal
2021-02-08 00:30:00,33,91,0.0,0.0,0.0,0.042,optimal
2021-02-08 01:00:00,33,91,0.0,0.0,0.0,0.048799999999999996,optimal
2021-02-08 01:30:00,33,91,0.0,0.0,0.0,0.2029333333333333,optimal
2021-02-08 02:00:00,33,91,1.5718018981513011,0.0,0.0,0.10546666666666668,optimal
2021-02-08 02:30:00,33,91,2.142857142857143,0.0,0.0,0.22333333333333327,optimal
2021-02-08 03:00:00,33,91,2.142857142857143,0.0,0.0,0.09186666666666667,optimal
2021-02-08 03:30:00,33,91,2.142857142857143,0.0,0.0,0.16440000000000002,optimal
2021-02-08 04:00:00,33,91,2.142857142857143,0.0,0.0,0.08733333333333333,optimal
2021-02-08 04:30:00,33,91,2.142857142857143,0.0,0.0,0.15306666666666666,optimal
2021-02-08 05:00:00,33,91,2.142857142857143,0.0,0.0,0.14533333333333334,optimal
2021-02-08 05:30:00,33,91,2.142857142857143,0.0,0.0,0.051,optimal
2021-02-08 06:00:00,33,91,2.142857142857143,0.0,0.0,0.10546666666666668,optimal
2021-02-08 06:30:00,33,91,2.142857142857143,0.0,0.0,0.2097333333333333,optimal
2021-02-08 07:00:00,33,91,2.142857142857143,0.0,0.0,0.11453333333333332,optimal
2021-02-08 07:30:00,33,91,2.142857142857143,0.0,0.0,0.13266666666666665,optimal
2021-02-08 08:00:00,33,91,1.2403662434399318,0.0,0.0,0.11966666666666669,optimal
2021-02-08 08:30:00,33,91,1.2666642254313831,0.0,0.0,0.042,optimal
2021-02-08 09:00:00,33,91,1.069961547215688,0.0,0.0,0.26639999999999997,optimal
2021-02-08 09:30:00,33,91,0.7083050504189696,0.0,0.0,1.3711333333333335,optimal
2021-02-08 10:00:00,33,91,0.8226480819235542,0.0,0.0,0.22566666666666663,optimal
2021-02-08 10:30:00,33,91,0.8230855311012111,0.0,0.0,0.1972,optimal
2021-02-08 11:00:00,33,91,0.5917790856269087,0.0,0.0,0.1328,optimal
2021-02-08 11:30:00,33,91,0.5492239607783074,0.0,0.0,0.2512,optimal
2021-02-08 12:00:00,33,91,0.3429356911048081,0.0,0.0,1.758,optimal
2021-02-08 12:30:00,33,91,0.34365401283619423,0.0,0.0,2.340533333333333,optimal
2021-02-08 13:00:00,33,91,2.0636075121785185,0.0,0.0,1.1823666666666666,optimal
2021-02-08 13:30:00,33,91,2.142857142857143,0.0,0.0,0.1216,optimal
2021-02-08 14:00:00,33,91,2.142857142857143,0.0,0.0,0.41233333333333333,optimal
2021-02-08 14:30:00,33,91,2.142857142857143,0.0,5.712914708874361,0.5514,optimal
2021-02-08 15:00:00,33,91,2.142857142857143,0.0,10.0,0.3412,optimal
2021-02-08 15:30:00,33,91,2.142857142857143,0.0,0.0,0.5596,optimal
2021-02-08 16:00:00,33,91,0.0,0.0,0.0,0.31,optimal
2021-02-08 16:30:00,33,91,0.0,0.0,0.0,0.1424,optimal
2021-02-08 17:00:00,33,91,0.0,0.0,0.0,0.24106666666666662,optimal
2021-02-08 17:30:00,33,91,0.0,0.0,0.0,0.2007333333333333,optimal
2021-02-08 18:00:00,33,91,0.0,0.0,0.0,0.3691333333333333,optimal
2021-02-08 18:30:00,33,91,0.0,0.0,0.0,0.264,optimal
2021-02-08 19:00:00,33,91,0.0,0.0,0.0,0.40686666666666665,optimal
2021-02-08 19:30:00,33,91,0.0,0.0,0.0,0.27546666666666664,optimal
2021-02-08 20:00:00,33,91,0.0,0.0,0.0,0.41186666666666666,optimal
2021-02-08 20:30:00,33,91,0.0,0.0,0.0,0.42586666666666667,optimal
2021-02-08 21:00:00,33,91,0.0,0.0,0.0,0.37906666666666666,optimal
2021-02-08 21:30:00,33,91,0.0,0.0,0.0,0.3694666666666666,optimal
2021-02-08 22:00:00,33,91,0.0,0.0,0.0,0.1404,optimal
2021-02-08 22:30:00,33,91,0.0,0.0,0.0,0.12226666666666668,optimal
2021-02-08 23:00:00,33,91,0.0,0.0,0.0,0.12453333333333332,optimal
2021-02-08 23:30:00,33,91,0.0,0.0,0.0,0.2016,optimal
2021-02-09 00:00:00,33,91,0.0796190476190476,0.0,0.0,0.212,optimal
2021-02-09 00:30:00,33,91,1.3535238095238094,0.0,0.0,0.3293333333333333,optimal
2021-02-09 01:00:00,33,91,0.0,0.0,0.0,0.3206,optimal
2021-02-09 01:30:00,33,91,0.0,0.0,0.0,0.11506666666666666,optimal
2021-02-09 02:00:00,33,91,1.8849605508172105,0.0,0.0,0.108,optimal
2021-02-09 02:30:00,33,91,2.142857142857143,0.0,0.0,0.19686666666666666,optimal
2021-02-09 03:00:00,33,91,2.142857142857143,0.0,0.0,0.214,optimal
2021-02-09 03:30:00,33,91,2.142857142857143,0.0,0.0,0.055,optimal
2021-02-09 04:00:00,33,91,2.142857142857143,0.0,0.0,0.09209999999999999,optimal
2021-02-09 04:30:00,33,91,2.142857142857143,0.0,0.0,0.1875,optimal
2021-02-09 05:00:00,33,91,2.142857142857143,0.0,0.0,0.055,optimal
2021-02-09 05:30:00,33,91,2.142857142857143,0.0,0.0,0.24280000000000002,optimal
2021-02-09 06:00:00,33,91,2.142857142857143,0.0,0.0,0.16806666666666667,optimal
2021-02-09 06:30:00,33,91,2.142857142857143,0.0,2.8367114871615007,0.15643333333333334,optimal
2021-02-09 07:00:00,33,91,2.142857142857143,0.0,10.0,0.2531,optimal
2021-02-09 07:30:00,33,91,2.142857142857143,0.0,0.0,0.4401333333333333,optimal
2021-02-09 08:00:00,33,91,1.214800462315365,0.0,0.0,0.2627,optimal
2021-02-09 08:30:00,33,91,1.3236582512329331,0.0,0.0,0.1763,optimal
2021-02-09 09:00:00,33,91,1.1476608773446275,0.0,0.0,0.2486,optimal
2021-02-09 09:30:00,33,91,1.1626621694655142,0.0,0.0,0.12396666666666668,optimal
2021-02-09 10:00:00,33,91,0.8849238102272076,0.0,0.0,0.1551,optimal
2021-02-09 10:30:00,33,91,0.8705788552485656,0.0,0.0,0.1452,optimal
2021-02-09 11:00:00,33,91,0.5858101376594168,0.0,0.0,0.27153333333333335,optimal
2021-02-09 11:30:00,33,91,0.48729924190178675,0.0,0.0,0.37396666666666656,optimal
2021-02-09 12:00:00,33,91,0.3254649136371942,0.0,0.0,0.3455,optimal
2021-02-09 12:30:00,33,91,0.25937580939483884,0.0,0.0,0.4908333333333333,optimal
2021-02-09 13:00:00,33,91,1.7958015433330206,0.0,0.0,0.4884,optimal
2021-02-09 13:30:00,33,91,2.142857142857143,0.0,0.0,0.5296000000000001,optimal
2021-02-09 14:00:00,33,91,2.142857142857143,0.0,0.0,0.5399333333333333,optimal
2021-02-09 14:30:00,33,91,2.142857142857143,0.0,0.0,0.4686,optimal
2021-02-09 15:00:00,33,91,2.142857142857143,0.0,0.0,0.8416,optimal
2021-02-09 15:30:00,33,91,2.142857142857143,0.0,0.0,0.9598,optimal
2021-02-09 16:00:00,33,91,0.0,0.0,0.0,0.4291666666666667,optimal
2021-02-09 16:30:00,33,91,0.0,0.0,0.0,0.5732999999999999,optimal
2021-02-09 17:00:00,33,91,0.0,0.0,0.0,0.47956666666666664,optimal
2021-02-09 17:30:00,33,91,0.0,0.0,0.0,1.1152,optimal
2021-02-09 18:00:00,33,91,0.0,0.0,0.0,0.2492666666666667,optimal
2021-02-09 18:30:00,33,91,0.0,0.0,0.0,0.2001,optimal
2021-02-09 19:00:00,33,91,0.0,0.0,0.0,0.2455,optimal
2021-02-09 19:30:00,33,91,0.0,0.0,0.0,0.42233333333333334,optimal
2021-02-09 20:00:00,33,91,0.0,0.0,0.0,0.3631333333333333,optimal
2021-02-09 20:30:00,33,91,0.0,0.0,0.0,0.2992666666666666,optimal
2021-02-09 21:00:00,33,91,0.0,0.0,0.0,0.6140666666666668,optimal
2021-02-09 21:30:00,33,91,0.0,0.0,0.0,0.5247,optimal
2021-02-09 22:00:00,33,91,1.2340952380952381,0.0,0.0,0.5660666666666667,optimal
2021-02-09 22:30:00,33,91,0.0,0.0,0.0,0.8402000000000001,optimal
2021-02-09 23:00:00,33,91,0.0,0.0,0.0,0.8769333333333332,optimal
2021-02-09 23:30:00,33,91,0.0,0.0,0.0,0.09446666666666668,optimal
2021-02-10 00:00:00,33,91,0.0,0.0,0.0,0.059,optimal
2021-02-10 00:30:00,33,91,2.142857142857143,0.0,0.0,0.17633333333333334,optimal
2021-02-10 01:00:00,33,91,1.0618095238095238,0.0,0.0,0.059,optimal
2021-02-10 01:30:00,33,91,0.022540545299189054,0.0,0.0,0.11766666666666668,optimal
2021-02-10 02:00:00,33,91,2.142857142857143,0.0,0.0,0.11766666666666668,optimal
2021-02-10 02:30:00,33,91,2.142857142857143,0.0,0.0,0.059,optimal
2021-02-10 03:00:00,33,91,2.142857142857143,0.0,0.0,0.17633333333333334,optimal
2021-02-10 03:30:00,33,91,2.142857142857143,0.0,0.0,0.059,optimal
2021-02-10 04:00:00,33,91,2.142857142857143,0.0,0.0,0.14966666666666667,optimal
2021-02-10 04:30:00,33,91,2.142857142857143,0.0,0.0,0.08566666666666667,optimal
2021-02-10 05:00:00,33,91,2.142857142857143,0.0,0.0,0.059,optimal
2021-02-10 05:30:00,33,91,2.142857142857143,0.0,4.667675142890864,0.17633333333333334,optimal
2021-02-10 06:00:00,33,91,2.142857142857143,0.0,10.0,0.14586666666666667,optimal
2021-02-10 06:30:00,33,91,2.142857142857143,0.0,10.0,0.25,optimal
2021-02-10 07:00:00,33,91,2.142857142857143,0.0,0.0,0.3546666666666667,optimal
2021-02-10 07:30:00,33,91,2.142857142857143,0.0,0.0,0.21766666666666662,optimal
2021-02-10 08:00:00,33,91,1.2501118056484297,0.0,0.0,0.2728666666666667,optimal
2021-02-10 08:30:00,33,91,1.3420739369036394,0.0,0.0,0.1863333333333333,optimal
2021-02-10 09:00:00,33,91,1.200087873747106,0.0,0.0,0.069,optimal
2021-02-10 09:30:00,33,91,1.1380633383356349,0.0,0.0,0.189,optimal
2021-02-10 10:00:00,33,91,0.8128390855442551,0.0,0.0,0.24766666666666662,optimal
2021-02-10 10:30:00,33,91,0.8101825887475608,0.0,0.0,0.205,optimal
2021-02-10 11:00:00,33,91,0.5600214241577666,0.0,0.0,0.27376666666666666,optimal
2021-02-10 11:30:00,33,91,0.40970248978535495,0.0,0.0,1.344,optimal
2021-02-10 12:00:00,33,91,0.2213173034078001,0.0,0.0,1.0785333333333333,optimal
2021-02-10 12:30:00,33,91,0.2712982557887612,0.0,0.0,0.3748,optimal
2021-02-10 13:00:00,33,91,2.142857142857143,0.0,0.0,0.6891333333333334,optimal
2021-02-10 13:30:00,33,91,2.142857142857143,0.0,0.0,0.2514333333333333,optimal
2021-02-10 14:00:00,33,91,2.142857142857143,0.0,0.0,0.10629999999999999,optimal
2021-02-10 14:30:00,33,91,2.142857142857143,0.0,0.0,0.067,optimal
2021-02-10 15:00:00,33,91,2.142857142857143,0.0,0.0,0.2934,optimal
2021-02-10 15:30:00,33,91,2.142857142857143,0.0,0.0,1.7012333333333332,optimal
2021-02-10 16:00:00,33,91,0.0,0.0,0.0,0.3655333333333334,optimal
2021-02-10 16:30:00,33,91,0.0,0.0,0.0,0.5039,optimal
2021-02-10 17:00:00,33,91,0.0,0.0,0.0,0.45289999999999997,optimal
2021-02-10 17:30:00,33,91,0.0,0.0,0.0,0.4625666666666667,optimal
2021-02-10 18:00:00,33,91,0.0,0.0,0.0,0.3654,optimal
2021-02-10 18:30:00,33,91,0.0,0.0,0.0,0.7151333333333333,optimal
2021-02-10 19:00:00,33,91,0.0,0.0,0.0,1.5790666666666666,optimal
2021-02-10 19:30:00,33,91,0.0,0.0,0.0,0.332,optimal
2021-02-10 20:00:00,33,91,0.39875144704576965,0.0,0.0,0.5595,optimal
2021-02-10 20:30:00,33,91,0.0,0.0,0.0,0.30019999999999997,optimal
2021-02-10 21:00:00,33,91,0.0,0.0,0.0,2.2748000000000004,optimal
2021-02-10 21:30:00,33,91,0.0,0.0,0.0,2.713333333333333,optimal
2021-02-10 22:00:00,33,91,0.7364761904761905,0.0,0.0,0.6433666666666666,optimal
2021-02-10 22:30:00,33,91,0.0,0.0,0.0,0.53,optimal
2021-02-10 23:00:00,33,91,0.0,0.0,0.0,0.12766666666666668,optimal
2021-02-10 23:30:00,33,91,0.0,0.0,0.0,0.069,optimal
2021-02-11 00:00:00,33,91,0.0,0.0,0.0,0.061,optimal
2021-02-11 00:30:00,33,91,2.142857142857143,0.0,0.0,0.061,optimal
2021-02-11 01:00:00,33,91,2.142857142857143,0.0,0.0,0.1903333333333333,optimal
2021-02-11 01:30:00,33,91,2.142857142857143,0.0,0.0,0.07526666666666666,optimal
2021-02-11 02:00:00,33,91,2.142857142857143,0.0,0.0,0.071,optimal
2021-02-11 02:30:00,33,91,2.142857142857143,0.0,0.0,0.065,optimal
2021-02-11 03:00:00,33,91,2.142857142857143,0.0,0.0,0.20326666666666668,optimal
2021-02-11 03:30:00,33,91,2.142857142857143,0.0,0.0,0.061,optimal
2021-02-11 04:00:00,33,91,2.142857142857143,0.0,0.0,0.13213333333333332,optimal
2021-02-11 04:30:00,33,91,2.142857142857143,0.0,0.0,0.13213333333333332,optimal
2021-02-11 05:00:00,33,91,2.142857142857143,0.0,0.0,0.061,optimal
2021-02-11 05:30:00,33,91,2.142857142857143,0.0,0.0,0.2046,optimal
2021-02-11 06:00:00,33,91,2.142857142857143,0.0,0.0,0.071,optimal
2021-02-11 06:30:00,33,91,2.142857142857143,0.0,0.0,0.12686666666666666,optimal
2021-02-11 07:00:00,33,91,2.142857142857143,0.0,9.817130129654124,0.14506666666666665,optimal
2021-02-11 07:30:00,33,91,2.142857142857143,0.0,0.0,0.07759999999999999,optimal
2021-02-11 08:00:00,33,91,1.4623795996294624,0.0,0.0,0.152,optimal
2021-02-11 08:30:00,33,91,1.3195597385938032,0.0,0.0,0.23553333333333334,optimal
2021-02-11 09:00:00,33,91,0.9504323030938636,0.0,0.0,2.099,optimal
2021-02-11 09:30:00,33,91,0.869772743092105,0.0,0.0,2.5545666666666667,optimal
2021-02-11 10:00:00,33,91,0.42397268301555624,0.0,0.0,1.2194,optimal
2021-02-11 10:30:00,33,91,0.5381986702023289,0.0,0.0,0.40773333333333334,optimal
2021-02-11 11:00:00,33,91,0.6509871276763244,0.0,0.0,0.10626666666666668,optimal
2021-02-11 11:30:00,33,91,0.5846855960737682,0.0,0.0,0.158,optimal
2021-02-11 12:00:00,33,91,0.3740058464603195,0.0,0.0,0.06666666666666667,optimal
2021-02-11 12:30:00,33,91,0.28506896351590505,0.0,0.0,0.12266666666666669,optimal
2021-02-11 13:00:00,33,91,2.142857142857143,0.0,0.0,0.2961333333333333,optimal
2021-02-11 13:30:00,33,91,2.142857142857143,0.0,0.0,0.205,optimal
2021-02-11 14:00:00,33,91,2.142857142857143,0.0,0.0,1.3147666666666669,optimal
2021-02-11 14:30:00,33,91,2.142857142857143,0.0,0.0,1.4022666666666668,optimal
2021-02-11 15:00:00,33,91,2.142857142857143,0.0,0.0,0.7677,optimal
2021-02-11 15:30:00,33,91,2.142857142857143,0.0,0.0,0.4919333333333333,optimal
2021-02-11 16:00:00,33,91,0.0,0.0,0.0,0.39013333333333333,optimal
2021-02-11 16:30:00,33,91,0.0,0.0,0.0,0.3864333333333333,optimal
2021-02-11 17:00:00,33,91,0.0,0.0,0.0,0.3684666666666666,optimal
2021-02-11 17:30:00,33,91,0.0,0.0,0.0,1.3295,optimal
2021-02-11 18:00:00,33,91,0.0,0.0,0.0,2.3454,optimal
2021-02-11 18:30:00,33,91,0.0,0.0,0.0,0.5711,optimal
2021-02-11 19:00:00,33,91,0.0,0.0,0.0,0.16213333333333332,optimal
2021-02-11 19:30:00,33,91,0.41401556936378225,0.0,0.0,1.5997666666666668,optimal
2021-02-11 20:00:00,33,91,1.5854278583837547,0.0,0.0,0.25806666666666667,optimal
2021-02-11 20:30:00,33,91,0.0,0.0,0.0,0.17973333333333333,optimal
2021-02-11 21:00:00,33,91,0.0,0.0,0.0,0.35146666666666665,optimal
2021-02-11 21:30:00,33,91,0.0,0.0,0.0,0.6181,optimal
2021-02-11 22:00:00,33,91,0.0,0.0,0.0,0.5039333333333332,optimal
2021-02-11 22:30:00,33,91,0.05971428571428571,0.0,0.0,0.5811333333333333,optimal
2021-02-11 23:00:00,33,91,0.0,0.0,0.0,0.1201,optimal
2021-02-11 23:30:00,33,91,0.0,0.0,0.0,0.14726666666666668,optimal
2021-02-12 00:00:00,33,91,2.083435666821236,0.0,0.0,0.20146666666666666,optimal
2021-02-12 00:30:00,33,91,2.142857142857143,0.0,0.0,0.057,optimal
2021-02-12 01:00:00,33,91,2.142857142857143,0.0,0.0,0.22606666666666664,optimal
2021-02-12 01:30:00,33,91,2.142857142857143,0.0,0.0,0.1092,optimal
2021-02-12 02:00:00,33,91,2.142857142857143,0.0,0.0,0.11246666666666669,optimal
2021-02-12 02:30:00,33,91,2.142857142857143,0.0,0.0,0.2228,optimal
2021-02-12 03:00:00,33,91,2.142857142857143,0.0,0.0,0.10393333333333334,optimal
2021-02-12 03:30:00,33,91,2.142857142857143,0.0,0.0,0.08686666666666666,optimal
2021-02-12 04:00:00,33,91,2.142857142857143,0.0,0.0,0.2195,optimal
2021-02-12 04:30:00,33,91,2.142857142857143,0.0,0.0,0.11576666666666668,optimal
2021-02-12 05:00:00,33,91,2.142857142857143,0.0,0.0,0.13216666666666665,optimal
2021-02-12 05:30:00,33,91,2.142857142857143,0.0,0.0,0.2031,optimal
2021-02-12 06:00:00,33,91,2.142857142857143,0.0,0.0,0.1252666666666667,optimal
2021-02-12 06:30:00,33,91,2.142857142857143,0.0,0.0,0.21,optimal
2021-02-12 07:00:00,33,91,2.142857142857143,0.0,6.433106380987472,0.0698,optimal
2021-02-12 07:30:00,33,91,2.142857142857143,0.0,0.0,0.1407,optimal
2021-02-12 08:00:00,33,91,1.946692359027831,0.0,0.0,0.21030000000000001,optimal
2021-02-12 08:30:00,33,91,1.607240703963114,0.0,0.0,0.10393333333333334,optimal
2021-02-12 09:00:00,33,91,1.357597063785195,0.0,0.0,0.25266666666666665,optimal
2021-02-12 09:30:00,33,91,1.2779176504494894,0.0,0.0,0.09126666666666668,optimal
2021-02-12 10:00:00,33,91,0.839858604576929,0.0,0.0,0.09113333333333334,optimal
2021-02-12 10:30:00,33,91,0.7742952480396905,0.0,0.0,0.22443333333333332,optimal
2021-02-12 11:00:00,33,91,0.5491597083271355,0.0,0.0,0.0767,optimal
2021-02-12 11:30:00,33,91,0.5400964316171055,0.0,0.0,0.0964,optimal
2021-02-12 12:00:00,33,91,0.4188944466602454,0.0,0.0,0.19686666666666666,optimal
2021-02-12 12:30:00,33,91,0.44304069375975447,0.0,0.0,0.10666666666666669,optimal
2021-02-12 13:00:00,33,91,2.142857142857143,0.0,0.0,0.057,optimal
2021-02-12 13:30:00,33,91,2.142857142857143,0.0,0.0,0.22573333333333329,optimal
2021-02-12 14:00:00,33,91,2.142857142857143,0.0,0.0,0.11086666666666666,optimal
2021-02-12 14:30:00,33,91,2.142857142857143,0.0,0.0,0.13426666666666667,optimal
2021-02-12 15:00:00,33,91,2.142857142857143,0.0,0.0,0.06553333333333333,optimal
2021-02-12 15:30:00,33,91,2.142857142857143,0.0,0.0,0.099,optimal
2021-02-12 16:00:00,33,91,0.0,0.0,0.0,0.27443333333333336,optimal
2021-02-12 16:30:00,33,91,0.0,0.0,0.0,0.11213333333333333,optimal
2021-02-12 17:00:00,33,91,0.0,0.0,0.0,0.06566666666666666,optimal
2021-02-12 17:30:00,33,91,0.0,0.0,0.0,0.16306666666666667,optimal
2021-02-12 18:00:00,33,91,0.0,0.0,0.0,0.1752,optimal
2021-02-12 18:30:00,33,91,0.0,0.0,0.0,0.167,optimal
2021-02-12 19:00:00,33,91,0.0,0.0,0.0,0.176,optimal
2021-02-12 19:30:00,33,91,0.12701810157842833,0.0,0.0,0.1313666666666667,optimal
2021-02-12 20:00:00,33,91,1.1785815463424307,0.0,0.0,0.3310666666666667,optimal
2021-02-12 20:30:00,33,91,0.0,0.0,0.0,0.6865,optimal
2021-02-12 21:00:00,33,91,0.0,0.0,0.0,0.5578333333333334,optimal
2021-02-12 21:30:00,33,91,0.0,0.0,0.0,0.6313333333333334,optimal
2021-02-12 22:00:00,33,91,0.0,0.0,0.0,0.057,optimal
2021-02-12 22:30:00,33,91,0.0,0.0,0.0,0.2077,optimal
2021-02-12 23:00:00,33,91,0.0,0.0,0.0,0.12756666666666666,optimal
2021-02-12 23:30:00,33,91,0.0,0.0,0.0,0.1358,optimal
2021-02-13 00:00:00,33,91,0.0,0.0,0.0,0.057,optimal
2021-02-13 00:30:00,33,91,1.9108571428571428,0.0,0.0,0.1164,optimal
2021-02-13 01:00:00,33,91,0.0,0.0,0.0,0.057,optimal
2021-02-13 01:30:00,33,91,1.2963652059608837,0.0,0.0,0.057,optimal
2021-02-13 02:00:00,33,91,2.142857142857143,0.0,0.0,0.057,optimal
2021-02-13 02:30:00,33,91,2.142857142857143,0.0,0.0,0.0702,optimal
2021-02-13 03:00:00,33,91,2.142857142857143,0.0,0.0,0.1032,optimal
2021-02-13 03:30:00,33,91,2.142857142857143,0.0,0.0,0.057,optimal
2021-02-13 04:00:00,33,91,2.142857142857143,0.0,0.0,0.057,optimal
2021-02-13 04:30:00,33,91,2.142857142857143,0.0,0.0,0.1164,optimal
2021-02-13 05:00:00,33,91,2.142857142857143,0.0,0.0,0.06333333333333334,optimal
2021-02-13 05:30:00,33,91,2.142857142857143,0.0,0.0,0.09670000000000001,optimal
2021-02-13 06:00:00,33,91,2.142857142857143,0.0,3.55636596156013,0.09923333333333333,optimal
2021-02-13 06:30:00,33,91,2.142857142857143,0.0,10.0,0.3203333333333333,optimal
2021-02-13 07:00:00,33,91,2.142857142857143,0.0,0.0,0.15753333333333333,optimal
2021-02-13 07:30:00,33,91,2.142857142857143,0.0,0.0,0.19406666666666664,optimal
2021-02-13 08:00:00,33,91,1.00743328543207,0.0,0.0,0.44023333333333337,optimal
2021-02-13 08:30:00,33,91,1.0867795325315768,0.0,0.0,0.2,optimal
2021-02-13 09:00:00,33,91,0.9164161142264157,0.0,0.0,0.1882666666666667,optimal
2021-02-13 09:30:00,33,91,0.7852425878192316,0.0,0.0,0.4581,optimal
2021-02-13 10:00:00,33,91,0.6070190847261239,0.0,0.0,0.214,optimal
2021-02-13 10:30:00,33,91,0.5852796175399214,0.0,0.0,0.26339999999999997,optimal
2021-02-13 11:00:00,33,91,0.3675398671634155,0.0,0.0,0.4038333333333333,optimal
2021-02-13 11:30:00,33,91,0.43049563807244967,0.0,0.0,0.22213333333333332,optimal
2021-02-13 12:00:00,33,91,0.3916047327611142,0.0,0.0,0.0992,optimal
2021-02-13 12:30:00,33,91,0.41579246505537626,0.0,0.0,0.1335,optimal
2021-02-13 13:00:00,33,91,2.142857142857143,0.0,0.0,0.1623,optimal
2021-02-13 13:30:00,33,91,2.142857142857143,0.0,0.0,0.20416666666666664,optimal
2021-02-13 14:00:00,33,91,2.142857142857143,0.0,0.0,0.1557333333333333,optimal
2021-02-13 14:30:00,33,91,2.142857142857143,0.0,0.0,0.3788666666666667,optimal
2021-02-13 15:00:00,33,91,2.142857142857143,0.0,0.0,0.12440000000000001,optimal
2021-02-13 15:30:00,33,91,2.142857142857143,0.0,0.0,0.2115,optimal
2021-02-13 16:00:00,33,91,0.0,0.0,0.0,0.09240000000000001,optimal
2021-02-13 16:30:00,33,91,0.0,0.0,0.0,0.11373333333333333,optimal
2021-02-13 17:00:00,33,91,0.0,0.0,0.0,0.2408333333333333,optimal
2021-02-13 17:30:00,33,91,0.0,0.0,0.0,0.22366666666666662,optimal
2021-02-13 18:00:00,33,91,0.0,0.0,0.0,0.196,optimal
2021-02-13 18:30:00,33,91,0.0,0.0,0.0,0.25680000000000003,optimal
2021-02-13 19:00:00,33,91,0.0,0.0,0.0,0.207,optimal
2021-02-13 19:30:00,33,91,0.20470616786244714,0.0,0.0,0.2206,optimal
2021-02-13 20:00:00,33,91,1.1364291653900587,0.0,0.0,0.2804,optimal
2021-02-13 20:30:00,33,91,0.0,0.0,0.0,0.3634666666666666,optimal
2021-02-13 21:00:00,33,91,0.0,0.0,0.0,0.6041,optimal
2021-02-13 21:30:00,33,91,0.0,0.0,0.0,0.35960000000000003,optimal
2021-02-13 22:00:00,33,91,0.09952380952380951,0.0,0.0,0.3518,optimal
2021-02-13 22:30:00,33,91,0.0,0.0,0.0,0.3994666666666666,optimal
2021-02-13 23:00:00,33,91,0.0,0.0,0.0,0.067,optimal
2021-02-13 23:30:00,33,91,0.0,0.0,0.0,0.1036,optimal
2021-02-07 00:00:00,34,91,0.0,0.0,0.0,0.055,optimal
2021-02-07 00:30:00,34,91,0.0,0.0,0.0,0.08133333333333333,optimal
2021-02-07 01:00:00,34,91,0.0,0.0,0.0,0.16493333333333335,optimal
2021-02-07 01:30:00,34,91,0.0,0.0,0.0,0.1298,optimal
2021-02-07 02:00:00,34,91,0.0,0.0,0.0,0.11293333333333334,optimal
2021-02-07 02:30:00,34,91,0.0,0.0,0.0,0.20813333333333334,optimal
2021-02-07 03:00:00,34,91,0.0,0.0,0.0,0.055,optimal
2021-02-07 03:30:00,34,91,0.0,0.0,0.0,0.17086666666666667,optimal
2021-02-07 04:00:00,34,91,2.2857142857142856,0.0,0.0,0.1502,optimal
2021-02-07 04:30:00,34,91,2.2857142857142856,0.0,0.0,0.11293333333333334,optimal
2021-02-07 05:00:00,34,91,2.2857142857142856,0.0,0.0,0.11293333333333334,optimal
2021-02-07 05:30:00,34,91,2.2857142857142856,0.0,0.0,0.1502,optimal
2021-02-07 06:00:00,34,91,2.2857142857142856,0.0,0.0,0.055,optimal
2021-02-07 06:30:00,34,91,2.2857142857142856,0.0,0.0,0.20486666666666667,optimal
2021-02-07 07:00:00,34,91,2.2857142857142856,0.0,1.6063785740462473,0.1162,optimal
2021-02-07 07:30:00,34,91,0.0,0.0,0.0,0.1172,optimal
2021-02-07 08:00:00,34,91,0.0,0.0,0.0,0.2117333333333333,optimal
2021-02-07 08:30:00,34,91,0.0,0.0,0.0,0.15406666666666666,optimal
2021-02-07 09:00:00,34,91,0.0,0.0,0.0,0.13826666666666668,optimal
2021-02-07 09:30:00,34,91,0.41402011800471206,0.0,0.0,0.41969999999999996,optimal
2021-02-07 10:00:00,34,91,0.8691578705789962,0.0,0.0,0.3288666666666667,optimal
2021-02-07 10:30:00,34,91,0.9465606144751953,0.0,0.0,0.22833333333333328,optimal
2021-02-07 11:00:00,34,91,0.9228402087696511,0.0,0.0,0.08220000000000001,optimal
2021-02-07 11:30:00,34,91,0.8990116373410819,0.0,0.0,0.1656,optimal
2021-02-07 12:00:00,34,91,0.8295435561484574,0.0,0.0,0.06706666666666666,optimal
2021-02-07 12:30:00,34,91,0.8077340323389197,0.0,0.0,0.1434,optimal
2021-02-07 13:00:00,34,91,2.2857142857142856,0.0,0.0,0.055,optimal
2021-02-07 13:30:00,34,91,2.2857142857142856,0.0,0.0,0.2397333333333333,optimal
2021-02-07 14:00:00,34,91,2.2857142857142856,0.0,0.0,0.2516,optimal
2021-02-07 14:30:00,34,91,2.2857142857142856,0.0,0.0,0.27113333333333334,optimal
2021-02-07 15:00:00,34,91,2.2857142857142856,0.0,0.0,0.22393333333333332,optimal
2021-02-07 15:30:00,34,91,2.2857142857142856,0.0,0.0,0.06366666666666666,optimal
2021-02-07 16:00:00,34,91,0.0,0.0,0.0,0.055,optimal
2021-02-07 16:30:00,34,91,0.0,0.0,0.0,0.2064,optimal
2021-02-07 17:00:00,34,91,0.0,0.0,0.0,0.11466666666666668,optimal
2021-02-07 17:30:00,34,91,0.0,0.0,0.0,0.05733333333333333,optimal
2021-02-07 18:00:00,34,91,0.0,0.0,0.0,0.15586666666666668,optimal
2021-02-07 18:30:00,34,91,0.0,0.0,0.0,0.17086666666666667,optimal
2021-02-07 19:00:00,34,91,0.0,0.0,0.0,0.055,optimal
2021-02-07 19:30:00,34,91,0.9305176564057236,0.0,0.0,0.2660666666666667,optimal
2021-02-07 20:00:00,34,91,1.2447021330067376,0.0,0.0,0.05533333333333334,optimal
2021-02-07 20:30:00,34,91,0.0,0.0,0.0,0.11733333333333332,optimal
2021-02-07 21:00:00,34,91,0.0,0.0,0.0,0.2134,optimal
2021-02-07 21:30:00,34,91,0.0,0.0,0.0,0.055,optimal
2021-02-07 22:00:00,34,91,0.0,0.0,0.0,0.055,optimal
2021-02-07 22:30:00,34,91,0.0,0.0,0.0,0.2744,optimal
2021-02-07 23:00:00,34,91,0.0,0.0,0.0,0.055,optimal
2021-02-07 23:30:00,34,91,0.0,0.0,0.0,0.38606666666666667,optimal
2021-02-08 00:00:00,34,91,0.0,0.0,0.0,0.057,optimal
2021-02-08 00:30:00,34,91,0.0,0.0,0.0,0.1266,optimal
2021-02-08 01:00:00,34,91,0.0,0.0,0.0,0.15566666666666665,optimal
2021-02-08 01:30:00,34,91,0.0,0.0,0.0,0.08220000000000001,optimal
2021-02-08 02:00:00,34,91,0.24344335832602546,0.0,0.0,0.2027333333333333,optimal
2021-02-08 02:30:00,34,91,2.2857142857142856,0.0,0.0,0.059,optimal
2021-02-08 03:00:00,34,91,2.2857142857142856,0.0,0.0,0.07446666666666667,optimal
2021-02-08 03:30:00,34,91,2.2857142857142856,0.0,0.0,0.16666666666666666,optimal
2021-02-08 04:00:00,34,91,2.2857142857142856,0.0,0.0,0.11826666666666669,optimal
2021-02-08 04:30:00,34,91,2.2857142857142856,0.0,0.0,0.1277333333333333,optimal
2021-02-08 05:00:00,34,91,2.2857142857142856,0.0,0.0,0.14173333333333332,optimal
2021-02-08 05:30:00,34,91,2.2857142857142856,0.0,0.0,0.1286,optimal
2021-02-08 06:00:00,34,91,2.2857142857142856,0.0,0.0,0.059,optimal
2021-02-08 06:30:00,34,91,2.2857142857142856,0.0,3.4761553638111162,0.1276,optimal
2021-02-08 07:00:00,34,91,2.2857142857142856,0.0,10.0,0.2772,optimal
2021-02-08 07:30:00,34,91,2.2857142857142856,0.0,0.0,1.0698666666666665,optimal
2021-02-08 08:00:00,34,91,1.2747662434399187,0.0,0.0,0.0836,optimal
2021-02-08 08:30:00,34,91,1.2746832730504354,0.0,0.0,0.10793333333333334,optimal
2021-02-08 09:00:00,34,91,1.059742499596638,0.0,0.0,0.3751666666666667,optimal
2021-02-08 09:30:00,34,91,1.001057431371363,0.0,0.0,0.4905,optimal
2021-02-08 10:00:00,34,91,0.8474957009711701,0.0,0.0,0.2307,optimal
2021-02-08 10:30:00,34,91,0.8329141025297919,0.0,0.0,0.31980000000000003,optimal
2021-02-08 11:00:00,34,91,0.5985981332459478,0.0,0.0,0.2681,optimal
2021-02-08 11:30:00,34,91,0.5416220560164026,0.0,0.0,0.6038666666666667,optimal
2021-02-08 12:00:00,34,91,0.4073909292000464,0.0,0.0,1.3947,optimal
2021-02-08 12:30:00,34,91,0.4096349652171355,0.0,0.0,0.44946666666666657,optimal
2021-02-08 13:00:00,34,91,2.017052511543241,0.0,0.0,0.34153333333333336,optimal
2021-02-08 13:30:00,34,91,2.2857142857142856,0.0,0.0,0.45276666666666665,optimal
2021-02-08 14:00:00,34,91,2.2857142857142856,0.0,0.0,0.3683333333333333,optimal
2021-02-08 14:30:00,34,91,2.2857142857142856,0.0,0.0,1.4469333333333334,optimal
2021-02-08 15:00:00,34,91,2.2857142857142856,0.0,0.0,0.09820000000000001,optimal
2021-02-08 15:30:00,34,91,2.2857142857142856,0.0,0.0,0.13713333333333333,optimal
2021-02-08 16:00:00,34,91,0.0,0.0,0.0,0.1308666666666667,optimal
2021-02-08 16:30:00,34,91,0.0,0.0,0.0,0.17406666666666668,optimal
2021-02-08 17:00:00,34,91,0.0,0.0,0.0,0.069,optimal
2021-02-08 17:30:00,34,91,0.0,0.0,0.0,1.0519666666666667,optimal
2021-02-08 18:00:00,34,91,0.0,0.0,0.0,0.37906666666666666,optimal
2021-02-08 18:30:00,34,91,0.0,0.0,0.0,0.2665,optimal
2021-02-08 19:00:00,34,91,0.0,0.0,0.0,0.31076666666666664,optimal
2021-02-08 19:30:00,34,91,0.0,0.0,0.0,0.3748,optimal
2021-02-08 20:00:00,34,91,0.0,0.0,0.0,0.5990666666666667,optimal
2021-02-08 20:30:00,34,91,0.0,0.0,0.0,0.40073333333333333,optimal
2021-02-08 21:00:00,34,91,0.0,0.0,0.0,0.35296666666666665,optimal
2021-02-08 21:30:00,34,91,0.0,0.0,0.0,0.44913333333333333,optimal
2021-02-08 22:00:00,34,91,0.0,0.0,0.0,0.1098,optimal
2021-02-08 22:30:00,34,91,0.0,0.0,0.0,0.12053333333333331,optimal
2021-02-08 23:00:00,34,91,0.0,0.0,0.0,0.1844,optimal
2021-02-08 23:30:00,34,91,0.0,0.0,0.0,0.12613333333333335,optimal
2021-02-09 00:00:00,34,91,0.0,0.0,0.0,0.06633333333333333,optimal
2021-02-09 00:30:00,34,91,0.0,0.0,0.0,0.06766666666666667,optimal
2021-02-09 01:00:00,34,91,0.0,0.0,0.0,0.15693333333333334,optimal
2021-02-09 01:30:00,34,91,0.0,0.0,0.0,0.072,optimal
2021-02-09 02:00:00,34,91,2.2857142857142856,0.0,0.0,0.072,optimal
2021-02-09 02:30:00,34,91,2.0489638210760925,0.0,0.0,0.15693333333333334,optimal
2021-02-09 03:00:00,34,91,2.2857142857142856,0.0,0.0,0.072,optimal
2021-02-09 03:30:00,34,91,2.2857142857142856,0.0,0.0,0.072,optimal
2021-02-09 04:00:00,34,91,2.2857142857142856,0.0,0.0,0.15693333333333334,optimal
2021-02-09 04:30:00,34,91,2.2857142857142856,0.0,0.0,2.1886666666666663,optimal
2021-02-09 05:00:00,34,91,2.2857142857142856,0.0,0.0,0.15493333333333334,optimal
2021-02-09 05:30:00,34,91,2.2857142857142856,0.0,1.0190003175087046,0.1346,optimal
2021-02-09 06:00:00,34,91,2.2857142857142856,0.0,10.0,0.0732,optimal
2021-02-09 06:30:00,34,91,2.2857142857142856,0.0,0.0,2.2856,optimal
2021-02-09 07:00:00,34,91,2.2857142857142856,0.0,0.0,1.8267,optimal
2021-02-09 07:30:00,34,91,2.2857142857142856,0.0,0.0,1.4491333333333334,optimal
2021-02-09 08:00:00,34,91,1.077051890886795,0.0,0.0,1.4640666666666666,optimal
2021-02-09 08:30:00,34,91,1.250677298851986,0.0,0.0,0.07673333333333333,optimal
2021-02-09 09:00:00,34,91,1.1982608773446235,0.0,0.0,0.072,optimal
2021-02-09 09:30:00,34,91,1.1317478837512163,0.0,0.0,0.18366666666666662,optimal
2021-02-09 10:00:00,34,91,0.7440476197510055,0.0,0.0,2.3304666666666667,optimal
2021-02-09 10:30:00,34,91,1.2354702838200107,0.0,0.0,1.6446666666666667,optimal
2021-02-09 11:00:00,34,91,0.4853758519451323,0.0,0.0,0.9969333333333331,optimal
2021-02-09 11:30:00,34,91,0.5111278133303557,0.0,0.0,0.2074,optimal
2021-02-09 12:00:00,34,91,0.18688396125625595,0.0,0.0,0.7840333333333332,optimal
2021-02-09 12:30:00,34,91,0.1141186665376806,0.0,0.0,3.420233333333333,optimal
2021-02-09 13:00:00,34,91,1.2843623298182634,0.0,0.0,1.796,optimal
2021-02-09 13:30:00,34,91,0.8022570277772682,0.0,0.0,0.3489333333333333,optimal
2021-02-09 14:00:00,34,91,2.2857142857142856,0.0,0.0,0.4728,optimal
2021-02-09 14:30:00,34,91,2.2857142857142856,0.0,0.0,0.22806666666666664,optimal
2021-02-09 15:00:00,34,91,2.2857142857142856,0.0,0.0,0.32430000000000003,optimal
2021-02-09 15:30:00,34,91,2.2857142857142856,0.0,0.0,0.5851000000000001,optimal
2021-02-09 16:00:00,34,91,0.0,0.0,0.0,1.7394666666666667,optimal
2021-02-09 16:30:00,34,91,0.0,0.0,0.0,0.22363333333333332,optimal
2021-02-09 17:00:00,34,91,0.0,0.0,0.0,2.388,optimal
2021-02-09 17:30:00,34,91,0.0,0.0,0.0,0.2038,optimal
2021-02-09 18:00:00,34,91,0.0,0.0,0.0,3.9002,optimal
2021-02-09 18:30:00,34,91,0.0,0.0,0.0,1.4900666666666667,optimal
2021-02-09 19:00:00,34,91,0.0,0.0,0.0,0.2443333333333333,optimal
2021-02-09 19:30:00,34,91,0.0,0.0,0.0,0.266,optimal
2021-02-09 20:00:00,34,91,0.0,0.0,0.0,0.196,optimal
2021-02-09 20:30:00,34,91,0.0,0.0,0.0,0.7527999999999999,optimal
2021-02-09 21:00:00,34,91,0.0,0.0,0.0,1.8634000000000002,optimal
2021-02-09 21:30:00,34,91,0.0,0.0,0.0,0.33693333333333336,optimal
2021-02-09 22:00:00,34,91,0.0398095238095238,0.0,0.0,0.5204333333333333,optimal
2021-02-09 22:30:00,34,91,0.0,0.0,0.0,0.3502,optimal
2021-02-09 23:00:00,34,91,0.0398095238095238,0.0,0.0,0.40176666666666666,optimal
2021-02-09 23:30:00,34,91,0.0,0.0,0.0,0.5189333333333332,optimal
2021-02-10 00:00:00,34,91,1.5724761904761906,0.0,0.0,0.17786666666666667,optimal
2021-02-10 00:30:00,34,91,1.831238095238095,0.0,0.0,0.065,optimal
2021-02-10 01:00:00,34,91,0.0,0.0,0.0,0.065,optimal
2021-02-10 01:30:00,34,91,0.0,0.0,0.0,0.2747333333333333,optimal
2021-02-10 02:00:00,34,91,0.6425720506618426,0.0,0.0,0.065,optimal
2021-02-10 02:30:00,34,91,2.2857142857142856,0.0,0.0,0.12440000000000001,optimal
2021-02-10 03:00:00,34,91,2.2857142857142856,0.0,0.0,0.065,optimal
2021-02-10 03:30:00,34,91,2.2857142857142856,0.0,0.0,0.2747333333333333,optimal
2021-02-10 04:00:00,34,91,2.2857142857142856,0.0,0.0,0.065,optimal
2021-02-10 04:30:00,34,91,2.2857142857142856,0.0,0.0,0.17223333333333332,optimal
2021-02-10 05:00:00,34,91,2.2857142857142856,0.0,0.0,0.1675,optimal
2021-02-10 05:30:00,34,91,2.2857142857142856,0.0,1.2874959977451501,0.065,optimal
2021-02-10 06:00:00,34,91,2.2857142857142856,0.0,10.0,0.2747333333333333,optimal
2021-02-10 06:30:00,34,91,2.2857142857142856,0.0,10.0,0.065,optimal
2021-02-10 07:00:00,34,91,2.2857142857142856,0.0,10.0,0.2104,optimal
2021-02-10 07:30:00,34,91,2.2857142857142856,0.0,0.0,0.34913333333333335,optimal
2021-02-10 08:00:00,34,91,1.1684984723151077,0.0,0.0,0.40903333333333336,optimal
2021-02-10 08:30:00,34,91,1.1905882226179176,0.0,0.0,0.2966333333333333,optimal
2021-02-10 09:00:00,34,91,1.0732593023185366,0.0,0.0,0.1888333333333333,optimal
2021-02-10 09:30:00,34,91,1.0364461954784956,0.0,0.0,0.14726666666666668,optimal
2021-02-10 10:00:00,34,91,0.6025476569728296,0.0,0.0,1.8114333333333328,optimal
2021-02-10 10:30:00,34,91,0.748677826842796,0.0,0.0,0.19976666666666668,optimal
2021-02-10 11:00:00,34,91,0.5249642813006202,0.0,0.0,0.25216666666666665,optimal
2021-02-10 11:30:00,34,91,0.574576775499646,0.0,0.0,0.24530000000000002,optimal
2021-02-10 12:00:00,34,91,0.3625630176935282,0.0,0.0,0.2697,optimal
2021-02-10 12:30:00,34,91,0.31014587483636535,0.0,0.0,0.2543333333333333,optimal
2021-02-10 13:00:00,34,91,2.2857142857142856,0.0,0.0,1.0759,optimal
2021-02-10 13:30:00,34,91,2.2857142857142856,0.0,0.0,0.7240666666666667,optimal
2021-02-10 14:00:00,34,91,2.2857142857142856,0.0,0.0,0.3751333333333333,optimal
2021-02-10 14:30:00,34,91,2.2857142857142856,0.0,0.0,0.27466666666666667,optimal
2021-02-10 15:00:00,34,91,2.2857142857142856,0.0,0.0,0.5083333333333333,optimal
2021-02-10 15:30:00,34,91,2.2857142857142856,0.0,0.0,0.2221,optimal
2021-02-10 16:00:00,34,91,0.0,0.0,0.0,0.26789999999999997,optimal
2021-02-10 16:30:00,34,91,0.0,0.0,0.0,0.065,optimal
2021-02-10 17:00:00,34,91,0.0,0.0,0.0,0.22690000000000002,optimal
2021-02-10 17:30:00,34,91,0.0,0.0,0.0,0.31,optimal
2021-02-10 18:00:00,34,91,0.0,0.0,0.0,0.33646666666666664,optimal
2021-02-10 18:30:00,34,91,0.0,0.0,0.0,0.40576666666666666,optimal
2021-02-10 19:00:00,34,91,0.0,0.0,0.0,0.38980000000000004,optimal
2021-02-10 19:30:00,34,91,0.0,0.0,0.0,0.2529,optimal
2021-02-10 20:00:00,34,91,0.3804922725151076,0.0,0.0,2.2461666666666664,optimal
2021-02-10 20:30:00,34,91,0.0,0.0,0.0,0.26573333333333327,optimal
2021-02-10 21:00:00,34,91,0.0,0.0,0.0,1.4677666666666669,optimal
2021-02-10 21:30:00,34,91,0.0,0.0,0.0,1.4765666666666666,optimal
2021-02-10 22:00:00,34,91,0.0796190476190476,0.0,0.0,0.2358,optimal
2021-02-10 22:30:00,34,91,0.0,0.0,0.0,0.3048,optimal
2021-02-10 23:00:00,34,91,0.0,0.0,0.0,0.3238333333333333,optimal
2021-02-10 23:30:00,34,91,0.0,0.0,0.0,0.12273333333333332,optimal
2021-02-11 00:00:00,34,91,0.0,0.0,0.0,0.062,optimal
2021-02-11 00:30:00,34,91,1.8113333333333335,0.0,0.0,0.062,optimal
2021-02-11 01:00:00,34,91,1.5029269851839149,0.0,0.0,0.11293333333333334,optimal
2021-02-11 01:30:00,34,91,2.2857142857142856,0.0,0.0,0.15719999999999998,optimal
2021-02-11 02:00:00,34,91,2.2857142857142856,0.0,0.0,0.062,optimal
2021-02-11 02:30:00,34,91,2.2857142857142856,0.0,0.0,0.13196666666666668,optimal
2021-02-11 03:00:00,34,91,2.2857142857142856,0.0,0.0,0.13816666666666666,optimal
2021-02-11 03:30:00,34,91,2.2857142857142856,0.0,0.0,0.062,optimal
2021-02-11 04:00:00,34,91,2.2857142857142856,0.0,0.0,0.15113333333333331,optimal
2021-02-11 04:30:00,34,91,2.2857142857142856,0.0,0.0,0.11583333333333332,optimal
2021-02-11 05:00:00,34,91,2.2857142857142856,0.0,0.0,0.12883333333333336,optimal
2021-02-11 05:30:00,34,91,2.2857142857142856,0.0,0.0,0.12863333333333332,optimal
2021-02-11 06:00:00,34,91,2.2857142857142856,0.0,0.0,0.0795,optimal
2021-02-11 06:30:00,34,91,2.2857142857142856,0.0,3.5199101466737135,0.14936666666666668,optimal
2021-02-11 07:00:00,34,91,2.2857142857142856,0.0,10.0,0.3688666666666667,optimal
2021-02-11 07:30:00,34,91,2.2857142857142856,0.0,0.0,0.081,optimal
2021-02-11 08:00:00,34,91,1.395240384654245,0.0,0.0,0.13986666666666667,optimal
2021-02-11 08:30:00,34,91,1.3896492624033217,0.0,0.0,0.2994,optimal
2021-02-11 09:00:00,34,91,1.2220323030938784,0.0,0.0,0.2550666666666666,optimal
2021-02-11 09:30:00,34,91,1.1190870288063892,0.0,0.0,0.2472666666666667,optimal
2021-02-11 10:00:00,34,91,0.6862488734917427,0.0,0.0,0.33113333333333334,optimal
2021-02-11 10:30:00,34,91,0.7510462892499508,0.0,0.0,0.2622,optimal
2021-02-11 11:00:00,34,91,0.4188995086286887,0.0,0.0,1.4529666666666667,optimal
2021-02-11 11:30:00,34,91,0.2832646436928245,0.0,0.0,2.847833333333333,optimal
2021-02-11 12:00:00,34,91,0.14650298931747674,0.0,0.0,1.6728,optimal
2021-02-11 12:30:00,34,91,0.1898308682778097,0.0,0.0,0.3577666666666667,optimal
2021-02-11 13:00:00,34,91,2.2857142857142856,0.0,0.0,0.072,optimal
2021-02-11 13:30:00,34,91,2.2857142857142856,0.0,0.0,0.129,optimal
2021-02-11 14:00:00,34,91,2.2857142857142856,0.0,0.0,0.2315,optimal
2021-02-11 14:30:00,34,91,2.2857142857142856,0.0,0.0,0.09636666666666666,optimal
2021-02-11 15:00:00,34,91,2.2857142857142856,0.0,0.0,1.7503333333333333,optimal
2021-02-11 15:30:00,34,91,2.2857142857142856,0.0,0.0,2.8224666666666667,optimal
2021-02-11 16:00:00,34,91,0.0,0.0,0.0,0.9656,optimal
2021-02-11 16:30:00,34,91,0.0,0.0,0.0,0.35403333333333337,optimal
2021-02-11 17:00:00,34,91,0.0,0.0,0.0,0.34486666666666665,optimal
2021-02-11 17:30:00,34,91,0.0,0.0,0.0,0.2137,optimal
2021-02-11 18:00:00,34,91,0.0,0.0,0.0,0.28486666666666666,optimal
2021-02-11 18:30:00,34,91,0.0,0.0,0.0,1.0136333333333332,optimal
2021-02-11 19:00:00,34,91,0.0,0.0,0.0,1.0274,optimal
2021-02-11 19:30:00,34,91,0.0,0.0,0.0,0.5908666666666667,optimal
2021-02-11 20:00:00,34,91,1.3101248031310282,0.0,0.0,0.42469999999999997,optimal
2021-02-11 20:30:00,34,91,0.0,0.0,0.0,0.6337333333333334,optimal
2021-02-11 21:00:00,34,91,0.0,0.0,0.0,0.5809,optimal
2021-02-11 21:30:00,34,91,0.0,0.0,0.0,0.6595333333333333,optimal
2021-02-11 22:00:00,34,91,0.0796190476190476,0.0,0.0,0.28756666666666664,optimal
2021-02-11 22:30:00,34,91,0.0,0.0,0.0,0.18266666666666662,optimal
2021-02-11 23:00:00,34,91,0.0,0.0,0.0,0.16113333333333332,optimal
2021-02-11 23:30:00,34,91,0.0,0.0,0.0,0.179,optimal
2021-02-12 00:00:00,34,91,0.4989262847608323,0.0,0.0,0.059,optimal
2021-02-12 00:30:00,34,91,2.2857142857142856,0.0,0.0,0.112,optimal
2021-02-12 01:00:00,34,91,2.2857142857142856,0.0,0.0,0.0696,optimal
2021-02-12 01:30:00,34,91,2.2857142857142856,0.0,0.0,0.2069333333333333,optimal
2021-02-12 02:00:00,34,91,2.2857142857142856,0.0,0.0,0.09786666666666666,optimal
2021-02-12 02:30:00,34,91,2.2857142857142856,0.0,0.0,0.18366666666666662,optimal
2021-02-12 03:00:00,34,91,2.2857142857142856,0.0,0.0,0.12113333333333334,optimal
2021-02-12 03:30:00,34,91,2.2857142857142856,0.0,0.0,0.1374,optimal
2021-02-12 04:00:00,34,91,2.2857142857142856,0.0,0.0,0.1674,optimal
2021-02-12 04:30:00,34,91,2.2857142857142856,0.0,0.0,0.059,optimal
2021-02-12 05:00:00,34,91,2.2857142857142856,0.0,0.0,0.2352,optimal
2021-02-12 05:30:00,34,91,2.2857142857142856,0.0,0.0,0.0696,optimal
2021-02-12 06:00:00,34,91,2.2857142857142856,0.0,0.0,0.1318,optimal
2021-02-12 06:30:00,34,91,2.2857142857142856,0.0,0.0,0.16573333333333332,optimal
2021-02-12 07:00:00,34,91,2.2857142857142856,0.0,7.1476250911709975,0.9549333333333332,optimal
2021-02-12 07:30:00,34,91,2.2857142857142856,0.0,0.0,2.8221999999999996,optimal
2021-02-12 08:00:00,34,91,1.497482835218307,0.0,0.0,1.8852666666666669,optimal
2021-02-12 08:30:00,34,91,1.5268026087250084,0.0,0.0,0.067,optimal
2021-02-12 09:00:00,34,91,1.211558968547098,0.0,0.0,0.39113333333333333,optimal
2021-02-12 09:30:00,34,91,1.1176128885447367,0.0,0.0,0.35786666666666667,optimal
2021-02-12 10:00:00,34,91,0.7241443188626315,0.0,0.0,0.312,optimal
2021-02-12 10:30:00,34,91,0.7033523908968373,0.0,0.0,0.2936,optimal
2021-02-12 11:00:00,34,91,0.482883517850945,0.0,0.0,0.11286666666666666,optimal
2021-02-12 11:30:00,34,91,0.47799166971234547,0.0,0.0,0.1453,optimal
2021-02-12 12:00:00,34,91,0.3730277799935734,0.0,0.0,0.20626666666666668,optimal
2021-02-12 12:30:00,34,91,0.3911168842359429,0.0,0.0,0.1376,optimal
2021-02-12 13:00:00,34,91,1.9101085265395272,0.0,0.0,0.0782,optimal
2021-02-12 13:30:00,34,91,2.2857142857142856,0.0,0.0,0.20726666666666668,optimal
2021-02-12 14:00:00,34,91,2.2857142857142856,0.0,0.0,0.12346666666666668,optimal
2021-02-12 14:30:00,34,91,2.2857142857142856,0.0,0.0,0.1436,optimal
2021-02-12 15:00:00,34,91,2.2857142857142856,0.0,0.0,0.30469999999999997,optimal
2021-02-12 15:30:00,34,91,2.2857142857142856,0.0,0.0,0.2771,optimal
2021-02-12 16:00:00,34,91,0.0,0.0,0.0,0.3663333333333333,optimal
2021-02-12 16:30:00,34,91,0.0,0.0,0.0,0.1472,optimal
2021-02-12 17:00:00,34,91,0.0,0.0,0.0,0.162,optimal
2021-02-12 17:30:00,34,91,0.0,0.0,0.0,0.11713333333333334,optimal
2021-02-12 18:00:00,34,91,0.0,0.0,0.0,0.289,optimal
2021-02-12 18:30:00,34,91,0.0,0.0,0.0,0.27196666666666663,optimal
2021-02-12 19:00:00,34,91,0.0,0.0,0.0,0.43923333333333336,optimal
2021-02-12 19:30:00,34,91,0.0,0.0,0.0,0.41406666666666664,optimal
2021-02-12 20:00:00,34,91,0.0,0.0,0.0,0.3572666666666667,optimal
2021-02-12 20:30:00,34,91,0.0,0.0,0.0,0.14323333333333332,optimal
2021-02-12 21:00:00,34,91,0.0,0.0,0.0,0.27093333333333336,optimal
2021-02-12 21:30:00,34,91,0.0,0.0,0.0,0.337,optimal
2021-02-12 22:00:00,34,91,0.0,0.0,0.0,0.33313333333333334,optimal
2021-02-12 22:30:00,34,91,0.0,0.0,0.0,0.24459999999999998,optimal
2021-02-12 23:00:00,34,91,0.0,0.0,0.0,0.069,optimal
2021-02-12 23:30:00,34,91,0.0,0.0,0.0,0.1326,optimal
2021-02-13 00:00:00,34,91,0.0,0.0,0.0,0.061,optimal
2021-02-13 00:30:00,34,91,2.2857142857142856,0.0,0.0,0.16506666666666667,optimal
2021-02-13 01:00:00,34,91,0.6601904761904761,0.0,0.0,0.2506,optimal
2021-02-13 01:30:00,34,91,0.0,0.0,0.0,0.2495,optimal
2021-02-13 02:00:00,34,91,1.685891884949003,0.0,0.0,0.29510000000000003,optimal
2021-02-13 02:30:00,34,91,2.2857142857142856,0.0,0.0,0.20436666666666667,optimal
2021-02-13 03:00:00,34,91,2.2857142857142856,0.0,0.0,0.21359999999999998,optimal
2021-02-13 03:30:00,34,91,2.2857142857142856,0.0,0.0,0.159,optimal
2021-02-13 04:00:00,34,91,2.2857142857142856,0.0,0.0,0.09886666666666666,optimal
2021-02-13 04:30:00,34,91,2.2857142857142856,0.0,0.0,0.2452333333333333,optimal
2021-02-13 05:00:00,34,91,2.2857142857142856,0.0,0.0,0.16523333333333332,optimal
2021-02-13 05:30:00,34,91,2.2857142857142856,0.0,0.0,0.2074333333333333,optimal
2021-02-13 06:00:00,34,91,2.2857142857142856,0.0,4.203217518572669,0.15096666666666667,optimal
2021-02-13 06:30:00,34,91,2.2857142857142856,0.0,10.0,0.1973,optimal
2021-02-13 07:00:00,34,91,2.2857142857142856,0.0,10.0,0.21613333333333332,optimal
2021-02-13 07:30:00,34,91,2.2857142857142856,0.0,0.0,0.3373333333333333,optimal
2021-02-13 08:00:00,34,91,1.3107856663844406,0.0,0.0,0.186,optimal
2021-02-13 08:30:00,34,91,1.1776081039601562,0.0,0.0,0.5421666666666666,optimal
2021-02-13 09:00:00,34,91,1.0989494475597577,0.0,0.0,0.2929,optimal
2021-02-13 09:30:00,34,91,1.1053759211525669,0.0,0.0,0.26730000000000004,optimal
2021-02-13 10:00:00,34,91,0.8273714656785035,0.0,0.0,0.4171,optimal
2021-02-13 10:30:00,34,91,0.9806129508732409,0.0,0.0,0.07573333333333333,optimal
2021-02-13 11:00:00,34,91,0.6008636766872167,0.0,0.0,0.33853333333333335,optimal
2021-02-13 11:30:00,34,91,0.6692384952153162,0.0,0.0,0.0872,optimal
2021-02-13 12:00:00,34,91,0.5477094946658772,0.0,0.0,0.071,optimal
2021-02-13 12:30:00,34,91,0.3805067507696647,0.0,0.0,0.38046666666666656,optimal
2021-02-13 13:00:00,34,91,2.2857142857142856,0.0,0.0,0.242,optimal
2021-02-13 13:30:00,34,91,2.2857142857142856,0.0,0.0,0.4951333333333333,optimal
2021-02-13 14:00:00,34,91,2.2857142857142856,0.0,0.0,0.4343,optimal
2021-02-13 14:30:00,34,91,2.2857142857142856,0.0,0.0,0.3691666666666667,optimal
2021-02-13 15:00:00,34,91,2.2857142857142856,0.0,0.0,0.5808333333333334,optimal
2021-02-13 15:30:00,34,91,2.2857142857142856,0.0,0.0,0.44106666666666666,optimal
2021-02-13 16:00:00,34,91,0.0,0.0,0.0,0.5165,optimal
2021-02-13 16:30:00,34,91,0.0,0.0,0.0,0.5838666666666666,optimal
2021-02-13 17:00:00,34,91,0.0,0.0,0.0,0.44726666666666665,optimal
2021-02-13 17:30:00,34,91,0.0,0.0,0.0,1.1789666666666667,optimal
2021-02-13 18:00:00,34,91,0.0,0.0,0.0,0.34786666666666666,optimal
2021-02-13 18:30:00,34,91,0.0,0.0,0.0,1.2141666666666668,optimal
2021-02-13 19:00:00,34,91,0.0,0.0,0.0,0.38606666666666667,optimal
2021-02-13 19:30:00,34,91,0.0,0.0,0.0,0.1463,optimal
2021-02-13 20:00:00,34,91,0.7373060672201972,0.0,0.0,0.1085,optimal
2021-02-13 20:30:00,34,91,0.0,0.0,0.0,0.28446666666666665,optimal
2021-02-13 21:00:00,34,91,0.0,0.0,0.0,0.3071666666666667,optimal
2021-02-13 21:30:00,34,91,0.0,0.0,0.0,0.5936666666666667,optimal
2021-02-13 22:00:00,34,91,0.11942857142857143,0.0,0.0,0.3917333333333333,optimal
2021-02-13 22:30:00,34,91,0.0,0.0,0.0,0.4175,optimal
2021-02-13 23:00:00,34,91,0.0,0.0,0.0,0.41973333333333335,optimal
2021-02-13 23:30:00,34,91,0.0,0.0,0.0,0.24996666666666667,optimal
2021-02-07 00:00:00,35,91,0.0,0.0,0.0,0.134,optimal
2021-02-07 00:30:00,35,91,0.0,0.0,0.0,0.12,optimal
2021-02-07 01:00:00,35,91,0.0,0.0,0.0,0.071,optimal
2021-02-07 01:30:00,35,91,0.0,0.0,0.0,0.1904,optimal
2021-02-07 02:00:00,35,91,0.0,0.0,0.0,0.8936000000000001,optimal
2021-02-07 02:30:00,35,91,0.0,0.0,0.0,0.05,optimal
2021-02-07 03:00:00,35,91,0.0,0.0,0.0,0.204,optimal
2021-02-07 03:30:00,35,91,0.0,0.0,0.0,0.05,optimal
2021-02-07 04:00:00,35,91,2.142857142857143,0.0,0.0,0.155,optimal
2021-02-07 04:30:00,35,91,2.142857142857143,0.0,0.0,0.099,optimal
2021-02-07 05:00:00,35,91,2.142857142857143,0.0,0.0,0.05,optimal
2021-02-07 05:30:00,35,91,2.142857142857143,0.0,0.0,0.204,optimal
2021-02-07 06:00:00,35,91,2.142857142857143,0.0,1.305830934193062,0.4062,optimal
2021-02-07 06:30:00,35,91,2.142857142857143,0.0,0.0,1.0816666666666668,optimal
2021-02-07 07:00:00,35,91,2.142857142857143,0.0,0.0,0.126,optimal
2021-02-07 07:30:00,35,91,0.0,0.0,0.0,0.40586666666666665,optimal
2021-02-07 08:00:00,35,91,0.0,0.0,0.0,0.176,optimal
2021-02-07 08:30:00,35,91,0.0,0.0,0.0,0.1188,optimal
2021-02-07 09:00:00,35,91,0.0,0.0,0.0,0.0598,optimal
2021-02-07 09:30:00,35,91,0.6096368852393785,0.0,0.0,0.214,optimal
2021-02-07 10:00:00,35,91,1.0310245372456495,0.0,0.0,0.06733333333333333,optimal
2021-02-07 10:30:00,35,91,1.0162177573323345,0.0,0.0,0.0942,optimal
2021-02-07 11:00:00,35,91,0.7841925897220289,0.0,0.0,0.4324666666666666,optimal
2021-02-07 11:30:00,35,91,0.7934287801982073,0.0,0.0,0.8987999999999999,optimal
2021-02-07 12:00:00,35,91,0.630431175196061,0.0,0.0,1.4684000000000001,optimal
2021-02-07 12:30:00,35,91,0.637206413291309,0.0,0.0,0.7160333333333333,optimal
2021-02-07 13:00:00,35,91,2.142857142857143,0.0,0.0,0.333,optimal
2021-02-07 13:30:00,35,91,2.142857142857143,0.0,0.0,0.4829,optimal
2021-02-07 14:00:00,35,91,2.142857142857143,0.0,0.0,0.40436666666666665,optimal
2021-02-07 14:30:00,35,91,2.142857142857143,0.0,0.0,0.06,optimal
2021-02-07 15:00:00,35,91,2.142857142857143,0.0,0.0,0.165,optimal
2021-02-07 15:30:00,35,91,2.142857142857143,0.0,0.0,0.109,optimal
2021-02-07 16:00:00,35,91,0.0,0.0,0.0,1.7046666666666668,optimal
2021-02-07 16:30:00,35,91,0.0,0.0,0.0,1.0624333333333333,optimal
2021-02-07 17:00:00,35,91,0.0,0.0,0.0,1.0758666666666665,optimal
2021-02-07 17:30:00,35,91,0.0,0.0,0.0,0.2395,optimal
2021-02-07 18:00:00,35,91,0.0,0.0,0.0,0.2469,optimal
2021-02-07 18:30:00,35,91,0.0,0.0,0.0,0.387,optimal
2021-02-07 19:00:00,35,91,0.0,0.0,0.0,0.4933333333333333,optimal
2021-02-07 19:30:00,35,91,0.03361242815575826,0.0,0.0,0.214,optimal
2021-02-07 20:00:00,35,91,1.2467021330067292,0.0,0.0,0.06,optimal
2021-02-07 20:30:00,35,91,0.0,0.0,0.0,0.9216666666666666,optimal
2021-02-07 21:00:00,35,91,0.0,0.0,0.0,1.7330666666666665,optimal
2021-02-07 21:30:00,35,91,0.0,0.0,0.0,0.218,optimal
2021-02-07 22:00:00,35,91,0.07961904761904762,0.0,0.0,0.5731333333333333,optimal
2021-02-07 22:30:00,35,91,0.0,0.0,0.0,0.21646666666666667,optimal
2021-02-07 23:00:00,35,91,0.0,0.0,0.0,0.46726666666666666,optimal
2021-02-07 23:30:00,35,91,0.0,0.0,0.0,0.067,optimal
2021-02-08 00:00:00,35,91,0.0,0.0,0.0,0.056,optimal
2021-02-08 00:30:00,35,91,0.5374285714285715,0.0,0.0,0.16366666666666665,optimal
2021-02-08 01:00:00,35,91,0.0,0.0,0.0,0.073,optimal
2021-02-08 01:30:00,35,91,0.0,0.0,0.0,0.12966666666666665,optimal
2021-02-08 02:00:00,35,91,0.6271871299639628,0.0,0.0,0.107,optimal
2021-02-08 02:30:00,35,91,2.142857142857143,0.0,0.0,0.08433333333333333,optimal
2021-02-08 03:00:00,35,91,2.142857142857143,0.0,0.0,0.15233333333333335,optimal
2021-02-08 03:30:00,35,91,2.142857142857143,0.0,0.0,0.056,optimal
2021-02-08 04:00:00,35,91,2.142857142857143,0.0,0.0,0.16366666666666665,optimal
2021-02-08 04:30:00,35,91,2.142857142857143,0.0,0.0,0.073,optimal
2021-02-08 05:00:00,35,91,2.142857142857143,0.0,0.0,0.056,optimal
2021-02-08 05:30:00,35,91,2.142857142857143,0.0,0.0,0.18066666666666664,optimal
2021-02-08 06:00:00,35,91,2.142857142857143,0.0,0.6625505197699436,0.056,optimal
2021-02-08 06:30:00,35,91,2.142857142857143,0.0,10.0,0.057,optimal
2021-02-08 07:00:00,35,91,2.142857142857143,0.0,10.0,1.2138333333333333,optimal
2021-02-08 07:30:00,35,91,2.142857142857143,0.0,0.0,1.0546666666666666,optimal
2021-02-08 08:00:00,35,91,1.0882519577256329,0.0,0.0,0.4923333333333333,optimal
2021-02-08 08:30:00,35,91,1.1348832730504215,0.0,0.0,0.054,optimal
2021-02-08 09:00:00,35,91,0.7388377376918609,0.0,0.0,1.3496666666666668,optimal
2021-02-08 09:30:00,35,91,1.148657431371361,0.0,0.0,0.129,optimal
2021-02-08 10:00:00,35,91,0.841124272399742,0.0,0.0,0.22153333333333333,optimal
2021-02-08 10:30:00,35,91,0.7644169596726373,0.0,0.0,1.0522,optimal
2021-02-08 11:00:00,35,91,0.5335962284840476,0.0,0.0,0.7241333333333333,optimal
2021-02-08 11:30:00,35,91,0.5012430083973609,0.0,0.0,0.3865,optimal
2021-02-08 12:00:00,35,91,0.43894902443813055,0.0,0.0,0.26326666666666665,optimal
2021-02-08 12:30:00,35,91,0.4195282985504733,0.0,0.0,0.6127,optimal
2021-02-08 13:00:00,35,91,2.142857142857143,0.0,0.0,2.5846666666666667,optimal
2021-02-08 13:30:00,35,91,2.142857142857143,0.0,0.0,2.7265333333333333,optimal
2021-02-08 14:00:00,35,91,2.142857142857143,0.0,0.0,0.11283333333333331,optimal
2021-02-08 14:30:00,35,91,2.142857142857143,0.0,0.0,1.2107666666666668,optimal
2021-02-08 15:00:00,35,91,2.142857142857143,0.0,0.0,0.9202666666666668,optimal
2021-02-08 15:30:00,35,91,2.142857142857143,0.0,0.0,0.057,optimal
2021-02-08 16:00:00,35,91,0.0,0.0,0.0,0.19066666666666662,optimal
2021-02-08 16:30:00,35,91,0.0,0.0,0.0,0.066,optimal
2021-02-08 17:00:00,35,91,0.0,0.0,0.0,0.066,optimal
2021-02-08 17:30:00,35,91,0.0,0.0,0.0,1.0803666666666665,optimal
2021-02-08 18:00:00,35,91,0.0,0.0,0.0,0.0644,optimal
2021-02-08 18:30:00,35,91,0.0,0.0,0.0,0.3335,optimal
2021-02-08 19:00:00,35,91,0.0,0.0,0.0,0.26453333333333334,optimal
2021-02-08 19:30:00,35,91,0.0,0.0,0.0,0.5606,optimal
2021-02-08 20:00:00,35,91,0.36486713964149275,0.0,0.0,0.3812,optimal
2021-02-08 20:30:00,35,91,0.0,0.0,0.0,0.5605,optimal
2021-02-08 21:00:00,35,91,0.0,0.0,0.0,0.13786666666666667,optimal
2021-02-08 21:30:00,35,91,0.0,0.0,0.0,0.25516666666666665,optimal
2021-02-08 22:00:00,35,91,0.09952380952380951,0.0,0.0,0.214,optimal
2021-02-08 22:30:00,35,91,0.0,0.0,0.0,0.2145,optimal
2021-02-08 23:00:00,35,91,0.0,0.0,0.0,0.13566666666666666,optimal
2021-02-08 23:30:00,35,91,0.0,0.0,0.0,0.14876666666666669,optimal
2021-02-09 00:00:00,35,91,0.0,0.0,0.0,0.075,optimal
2021-02-09 00:30:00,35,91,1.910857142857143,0.0,0.0,0.2723333333333333,optimal
2021-02-09 01:00:00,35,91,0.0,0.0,0.0,0.045,optimal
2021-02-09 01:30:00,35,91,0.11613666915591213,0.0,0.0,0.21459999999999999,optimal
2021-02-09 02:00:00,35,91,2.142857142857143,0.0,0.0,0.13273333333333331,optimal
2021-02-09 02:30:00,35,91,2.142857142857143,0.0,0.0,0.057,optimal
2021-02-09 03:00:00,35,91,2.142857142857143,0.0,0.0,0.29033333333333333,optimal
2021-02-09 03:30:00,35,91,2.142857142857143,0.0,0.0,0.045,optimal
2021-02-09 04:00:00,35,91,2.142857142857143,0.0,0.0,0.15753333333333333,optimal
2021-02-09 04:30:00,35,91,2.142857142857143,0.0,0.0,0.18980000000000002,optimal
2021-02-09 05:00:00,35,91,2.142857142857143,0.0,0.0,0.045,optimal
2021-02-09 05:30:00,35,91,2.142857142857143,0.0,0.0,0.24180000000000001,optimal
2021-02-09 06:00:00,35,91,2.142857142857143,0.0,0.0,0.10553333333333331,optimal
2021-02-09 06:30:00,35,91,2.142857142857143,0.0,1.5330999114535877,0.14526666666666668,optimal
2021-02-09 07:00:00,35,91,2.142857142857143,0.0,10.0,0.07006666666666667,optimal
2021-02-09 07:30:00,35,91,2.142857142857143,0.0,0.0,0.2524666666666667,optimal
2021-02-09 08:00:00,35,91,1.2530004623153523,0.0,0.0,0.09286666666666667,optimal
2021-02-09 08:30:00,35,91,1.1493439655186497,0.0,0.0,0.20786666666666667,optimal
2021-02-09 09:00:00,35,91,0.9672799249636619,0.0,0.0,0.17146666666666666,optimal
2021-02-09 09:30:00,35,91,0.9495288361321856,0.0,0.0,0.2292,optimal
2021-02-09 10:00:00,35,91,0.7136952387986238,0.0,0.0,0.3183333333333333,optimal
2021-02-09 10:30:00,35,91,0.7276074266771513,0.0,0.0,0.32366666666666666,optimal
2021-02-09 11:00:00,35,91,0.4640006138499006,0.0,0.0,0.3083333333333333,optimal
2021-02-09 11:30:00,35,91,0.43459067047322825,0.0,0.0,0.5891666666666666,optimal
2021-02-09 12:00:00,35,91,0.19338872316100633,0.0,0.0,1.5788333333333333,optimal
2021-02-09 12:30:00,35,91,0.2851129522519644,0.0,0.0,1.0519,optimal
2021-02-09 13:00:00,35,91,1.0659501675623926,0.0,0.0,1.2949000000000002,optimal
2021-02-09 13:30:00,35,91,2.142857142857143,0.0,0.0,0.2878,optimal
2021-02-09 14:00:00,35,91,2.142857142857143,0.0,0.0,0.14153333333333334,optimal
2021-02-09 14:30:00,35,91,2.142857142857143,0.0,0.0,0.4403,optimal
2021-02-09 15:00:00,35,91,2.142857142857143,0.0,0.0,1.5529000000000002,optimal
2021-02-09 15:30:00,35,91,2.142857142857143,0.0,0.0,0.4898666666666667,optimal
2021-02-09 16:00:00,35,91,0.0,0.0,0.0,0.5057333333333334,optimal
2021-02-09 16:30:00,35,91,0.0,0.0,0.0,0.22669999999999998,optimal
2021-02-09 17:00:00,35,91,0.0,0.0,0.0,0.6002000000000001,optimal
2021-02-09 17:30:00,35,91,0.0,0.0,0.0,1.6958666666666666,optimal
2021-02-09 18:00:00,35,91,0.0,0.0,0.0,0.49326666666666663,optimal
2021-02-09 18:30:00,35,91,0.0,0.0,0.0,1.5372333333333332,optimal
2021-02-09 19:00:00,35,91,0.0,0.0,0.0,0.3646666666666667,optimal
2021-02-09 19:30:00,35,91,0.0,0.0,0.0,0.49673333333333336,optimal
2021-02-09 20:00:00,35,91,0.0,0.0,0.0,0.27986666666666665,optimal
2021-02-09 20:30:00,35,91,0.0,0.0,0.0,0.27266666666666667,optimal
2021-02-09 21:00:00,35,91,0.0,0.0,0.0,0.3788333333333333,optimal
2021-02-09 21:30:00,35,91,0.0,0.0,0.0,0.4,optimal
2021-02-09 22:00:00,35,91,0.0,0.0,0.0,0.5199333333333332,optimal
2021-02-09 22:30:00,35,91,0.0,0.0,0.0,1.018433333333333,optimal
2021-02-09 23:00:00,35,91,0.0,0.0,0.0,0.23016666666666663,optimal
2021-02-09 23:30:00,35,91,0.0,0.0,0.0,0.24819999999999998,optimal
2021-02-10 00:00:00,35,91,0.0,0.0,0.0,0.1807333333333333,optimal
2021-02-10 00:30:00,35,91,0.6568571428571428,0.0,0.0,0.19253333333333333,optimal
2021-02-10 01:00:00,35,91,0.0,0.0,0.0,0.06603333333333333,optimal
2021-02-10 01:30:00,35,91,0.0,0.0,0.0,0.18669999999999998,optimal
2021-02-10 02:00:00,35,91,2.084282291155013,0.0,0.0,0.0735,optimal
2021-02-10 02:30:00,35,91,2.142857142857143,0.0,0.0,0.2089,optimal
2021-02-10 03:00:00,35,91,2.142857142857143,0.0,0.0,0.12033333333333332,optimal
2021-02-10 03:30:00,35,91,2.142857142857143,0.0,0.0,0.15,optimal
2021-02-10 04:00:00,35,91,2.142857142857143,0.0,0.0,0.19273333333333328,optimal
2021-02-10 04:30:00,35,91,2.142857142857143,0.0,0.0,0.15,optimal
2021-02-10 05:00:00,35,91,2.142857142857143,0.0,0.0,0.1468,optimal
2021-02-10 05:30:00,35,91,2.142857142857143,0.0,2.479870296186382,0.13326666666666667,optimal
2021-02-10 06:00:00,35,91,2.142857142857143,0.0,10.0,0.29546666666666666,optimal
2021-02-10 06:30:00,35,91,2.142857142857143,0.0,0.0,0.21256666666666663,optimal
2021-02-10 07:00:00,35,91,2.142857142857143,0.0,0.0,0.14933333333333335,optimal
2021-02-10 07:30:00,35,91,2.142857142857143,0.0,0.0,0.10826666666666668,optimal
2021-02-10 08:00:00,35,91,1.3408318056484385,0.0,0.0,0.2323,optimal
2021-02-10 08:30:00,35,91,1.3743691749988716,0.0,0.0,0.07383333333333333,optimal
2021-02-10 09:00:00,35,91,1.1480783499375937,0.0,0.0,0.2422333333333333,optimal
2021-02-10 09:30:00,35,91,1.1748347669070665,0.0,0.0,0.1005,optimal
2021-02-10 10:00:00,35,91,0.8984200379252164,0.0,0.0,0.10223333333333331,optimal
2021-02-10 10:30:00,35,91,0.866611160176131,0.0,0.0,0.1825,optimal
2021-02-10 11:00:00,35,91,0.6888595193958476,0.0,0.0,0.12903333333333333,optimal
2021-02-10 11:30:00,35,91,0.6655139183567741,0.0,0.0,0.18669999999999998,optimal
2021-02-10 12:00:00,35,91,0.4579839700744711,0.0,0.0,0.069,optimal
2021-02-10 12:30:00,35,91,0.430517303407806,0.0,0.0,0.16513333333333333,optimal
2021-02-10 13:00:00,35,91,2.142857142857143,0.0,0.0,0.17426666666666668,optimal
2021-02-10 13:30:00,35,91,2.142857142857143,0.0,0.0,0.09133333333333331,optimal
2021-02-10 14:00:00,35,91,2.142857142857143,0.0,0.0,0.15316666666666665,optimal
2021-02-10 14:30:00,35,91,2.142857142857143,0.0,0.0,0.16256666666666666,optimal
2021-02-10 15:00:00,35,91,2.142857142857143,0.0,0.0,0.1145,optimal
2021-02-10 15:30:00,35,91,2.142857142857143,0.0,0.0,0.2389,optimal
2021-02-10 16:00:00,35,91,0.0,0.0,0.0,0.06,optimal
2021-02-10 16:30:00,35,91,0.0,0.0,0.0,0.105,optimal
2021-02-10 17:00:00,35,91,0.0,0.0,0.0,0.21359999999999998,optimal
2021-02-10 17:30:00,35,91,0.0,0.0,0.0,0.08413333333333334,optimal
2021-02-10 18:00:00,35,91,0.0,0.0,0.0,0.06,optimal
2021-02-10 18:30:00,35,91,0.0,0.0,0.0,0.09853333333333332,optimal
2021-02-10 19:00:00,35,91,0.0,0.0,0.0,0.2542,optimal
2021-02-10 19:30:00,35,91,0.7976011006065957,0.0,0.0,0.06,optimal
2021-02-10 20:00:00,35,91,1.3793802542215434,0.0,0.0,0.18669999999999998,optimal
2021-02-10 20:30:00,35,91,0.0,0.0,0.0,0.15603333333333333,optimal
2021-02-10 21:00:00,35,91,0.0,0.0,0.0,0.06,optimal
2021-02-10 21:30:00,35,91,0.0,0.0,0.0,0.171,optimal
2021-02-10 22:00:00,35,91,0.05971428571428571,0.0,0.0,0.7022333333333334,optimal
2021-02-10 22:30:00,35,91,0.0,0.0,0.0,0.5580333333333333,optimal
2021-02-10 23:00:00,35,91,0.0,0.0,0.0,0.205,optimal
2021-02-10 23:30:00,35,91,0.0,0.0,0.0,0.2833333333333333,optimal
2021-02-11 00:00:00,35,91,0.5513938366396222,0.0,0.0,0.06233333333333334,optimal
2021-02-11 00:30:00,35,91,2.142857142857143,0.0,0.0,0.1854,optimal
2021-02-11 01:00:00,35,91,2.142857142857143,0.0,0.0,0.068,optimal
2021-02-11 01:30:00,35,91,2.142857142857143,0.0,0.0,0.068,optimal
2021-02-11 02:00:00,35,91,2.142857142857143,0.0,0.0,0.18973333333333328,optimal
2021-02-11 02:30:00,35,91,2.142857142857143,0.0,0.0,0.068,optimal
2021-02-11 03:00:00,35,91,2.142857142857143,0.0,0.0,0.14546666666666666,optimal
2021-02-11 03:30:00,35,91,2.142857142857143,0.0,0.0,0.11226666666666668,optimal
2021-02-11 04:00:00,35,91,2.142857142857143,0.0,0.0,0.068,optimal
2021-02-11 04:30:00,35,91,2.142857142857143,0.0,0.0,0.18973333333333328,optimal
2021-02-11 05:00:00,35,91,2.142857142857143,0.0,0.0,0.068,optimal
2021-02-11 05:30:00,35,91,2.142857142857143,0.0,0.0,0.15653333333333333,optimal
2021-02-11 06:00:00,35,91,2.142857142857143,0.0,0.0,0.1012,optimal
2021-02-11 06:30:00,35,91,2.142857142857143,0.0,0.0,0.068,optimal
2021-02-11 07:00:00,35,91,2.142857142857143,0.0,0.0,0.17313333333333333,optimal
2021-02-11 07:30:00,35,91,2.142857142857143,0.0,0.0,0.37360000000000004,optimal
2021-02-11 08:00:00,35,91,2.0316022894161505,0.0,0.0,0.17866666666666667,optimal
2021-02-11 08:30:00,35,91,1.403373071927123,0.0,0.0,0.1972,optimal
2021-02-11 09:00:00,35,91,1.1798742078557718,0.0,0.0,0.35386666666666666,optimal
2021-02-11 09:30:00,35,91,1.0146375049968668,0.0,0.0,2.0043666666666664,optimal
2021-02-11 10:00:00,35,91,0.26167173063459687,0.0,0.0,3.317133333333333,optimal
2021-02-11 10:30:00,35,91,0.6458939082975741,0.0,0.0,0.6443333333333334,optimal
2021-02-11 11:00:00,35,91,0.5131242705334491,0.0,0.0,0.5151666666666667,optimal
2021-02-11 11:30:00,35,91,0.4952036913118742,0.0,0.0,0.4630666666666667,optimal
2021-02-11 12:00:00,35,91,0.28928775122223543,0.0,0.0,0.2352333333333333,optimal
2021-02-11 12:30:00,35,91,0.22011658256353037,0.0,0.0,0.30193333333333333,optimal
2021-02-11 13:00:00,35,91,2.142857142857143,0.0,0.0,0.6148666666666667,optimal
2021-02-11 13:30:00,35,91,2.142857142857143,0.0,0.0,1.3794666666666666,optimal
2021-02-11 14:00:00,35,91,2.142857142857143,0.0,0.0,0.36233333333333334,optimal
2021-02-11 14:30:00,35,91,2.142857142857143,0.0,0.0,0.2432,optimal
2021-02-11 15:00:00,35,91,2.142857142857143,0.0,0.0,0.44446666666666657,optimal
2021-02-11 15:30:00,35,91,2.142857142857143,0.0,0.0,0.36133333333333334,optimal
2021-02-11 16:00:00,35,91,0.0,0.0,0.0,0.31343333333333334,optimal
2021-02-11 16:30:00,35,91,0.0,0.0,0.0,0.40876666666666667,optimal
2021-02-11 17:00:00,35,91,0.0,0.0,0.0,0.2616,optimal
2021-02-11 17:30:00,35,91,0.0,0.0,0.0,1.7982333333333331,optimal
2021-02-11 18:00:00,35,91,0.0,0.0,0.0,0.3432,optimal
2021-02-11 18:30:00,35,91,0.0,0.0,0.0,0.23,optimal
2021-02-11 19:00:00,35,91,0.0,0.0,0.0,0.5102333333333333,optimal
2021-02-11 19:30:00,35,91,0.0,0.0,0.0,0.4991333333333333,optimal
2021-02-11 20:00:00,35,91,0.4466141791536201,0.0,0.0,0.5574666666666667,optimal
2021-02-11 20:30:00,35,91,0.0,0.0,0.0,0.6082000000000001,optimal
2021-02-11 21:00:00,35,91,0.0,0.0,0.0,0.41906666666666664,optimal
2021-02-11 21:30:00,35,91,0.0,0.0,0.0,0.40213333333333334,optimal
2021-02-11 22:00:00,35,91,0.05971428571428571,0.0,0.0,1.7135,optimal
2021-02-11 22:30:00,35,91,0.0,0.0,0.0,0.196,optimal
2021-02-11 23:00:00,35,91,0.0,0.0,0.0,0.2396,optimal
2021-02-11 23:30:00,35,91,0.0,0.0,0.0,0.19163333333333332,optimal
2021-02-12 00:00:00,35,91,2.0388875660812023,0.0,0.0,0.11146666666666669,optimal
2021-02-12 00:30:00,35,91,2.142857142857143,0.0,0.0,0.26526666666666665,optimal
2021-02-12 01:00:00,35,91,2.142857142857143,0.0,0.0,0.07166666666666667,optimal
2021-02-12 01:30:00,35,91,2.142857142857143,0.0,0.0,0.24159999999999998,optimal
2021-02-12 02:00:00,35,91,2.142857142857143,0.0,0.0,0.18366666666666662,optimal
2021-02-12 02:30:00,35,91,2.142857142857143,0.0,0.0,0.20296666666666666,optimal
2021-02-12 03:00:00,35,91,2.142857142857143,0.0,0.0,0.1103,optimal
2021-02-12 03:30:00,35,91,2.142857142857143,0.0,0.0,0.22423333333333328,optimal
2021-02-12 04:00:00,35,91,2.142857142857143,0.0,0.0,0.21969999999999998,optimal
2021-02-12 04:30:00,35,91,2.142857142857143,0.0,0.0,0.10526666666666668,optimal
2021-02-12 05:00:00,35,91,2.142857142857143,0.0,0.0,0.21769999999999998,optimal
2021-02-12 05:30:00,35,91,2.142857142857143,0.0,0.0,0.21503333333333333,optimal
2021-02-12 06:00:00,35,91,2.142857142857143,0.0,0.0,0.20980000000000001,optimal
2021-02-12 06:30:00,35,91,2.142857142857143,0.0,0.6626600658534256,0.19240000000000002,optimal
2021-02-12 07:00:00,35,91,2.142857142857143,0.0,10.0,0.7832666666666667,optimal
2021-02-12 07:30:00,35,91,2.142857142857143,0.0,0.0,0.808,optimal
2021-02-12 08:00:00,35,91,1.951242806173006,0.0,0.0,0.13319999999999999,optimal
2021-02-12 08:30:00,35,91,1.5893264182488198,0.0,0.0,0.17593333333333333,optimal
2021-02-12 09:00:00,35,91,1.3730161114042423,0.0,0.0,0.2813333333333333,optimal
2021-02-12 09:30:00,35,91,1.286174793306627,0.0,0.0,0.053,optimal
2021-02-12 10:00:00,35,91,0.8294871760054945,0.0,0.0,0.1267333333333333,optimal
2021-02-12 10:30:00,35,91,0.7876095337539829,0.0,0.0,0.17713333333333334,optimal
2021-02-12 11:00:00,35,91,0.5248073273747519,0.0,0.0,0.1612333333333333,optimal
2021-02-12 11:30:00,35,91,0.4866678601885345,0.0,0.0,0.28936666666666666,optimal
2021-02-12 12:00:00,35,91,0.45960873237451927,0.0,0.0,0.063,optimal
2021-02-12 12:30:00,35,91,0.39519307471213005,0.0,0.0,0.27643333333333336,optimal
2021-02-12 13:00:00,35,91,2.142857142857143,0.0,0.0,0.18016666666666664,optimal
2021-02-12 13:30:00,35,91,2.142857142857143,0.0,0.0,0.0922,optimal
2021-02-12 14:00:00,35,91,2.142857142857143,0.0,0.0,0.2064,optimal
2021-02-12 14:30:00,35,91,2.142857142857143,0.0,0.0,0.07793333333333334,optimal
2021-02-12 15:00:00,35,91,2.142857142857143,0.0,0.0,0.321,optimal
2021-02-12 15:30:00,35,91,2.142857142857143,0.0,0.0,0.14293333333333333,optimal
2021-02-12 16:00:00,35,91,0.0,0.0,0.0,0.13413333333333333,optimal
2021-02-12 16:30:00,35,91,0.0,0.0,0.0,0.2840666666666667,optimal
2021-02-12 17:00:00,35,91,0.0,0.0,0.0,0.10873333333333332,optimal
2021-02-12 17:30:00,35,91,0.0,0.0,0.0,0.26839999999999997,optimal
2021-02-12 18:00:00,35,91,0.0,0.0,0.0,0.19553333333333334,optimal
2021-02-12 18:30:00,35,91,0.0,0.0,0.0,0.1556,optimal
2021-02-12 19:00:00,35,91,0.0,0.0,0.0,0.4493333333333333,optimal
2021-02-12 19:30:00,35,91,1.2253178500652873,0.0,0.0,0.287,optimal
2021-02-12 20:00:00,35,91,1.0456291653900607,0.0,0.0,0.5397000000000001,optimal
2021-02-12 20:30:00,35,91,0.13933333333333334,0.0,0.0,0.23406666666666665,optimal
2021-02-12 21:00:00,35,91,0.0,0.0,0.0,0.32796666666666663,optimal
2021-02-12 21:30:00,35,91,0.0,0.0,0.0,0.5665666666666668,optimal
2021-02-12 22:00:00,35,91,0.0,0.0,0.0,0.10873333333333332,optimal
2021-02-12 22:30:00,35,91,0.0,0.0,0.0,0.29919999999999997,optimal
2021-02-12 23:00:00,35,91,0.0,0.0,0.0,0.119,optimal
2021-02-12 23:30:00,35,91,0.0,0.0,0.0,0.08209999999999999,optimal
2021-02-13 00:00:00,35,91,0.0,0.0,0.0,0.062,optimal
2021-02-13 00:30:00,35,91,1.1942857142857142,0.0,0.0,0.2226,optimal
2021-02-13 01:00:00,35,91,0.0,0.0,0.0,0.062,optimal
2021-02-13 01:30:00,35,91,1.6506051030237558,0.0,0.0,0.0985,optimal
2021-02-13 02:00:00,35,91,2.142857142857143,0.0,0.0,0.1861,optimal
2021-02-13 02:30:00,35,91,2.142857142857143,0.0,0.0,0.062,optimal
2021-02-13 03:00:00,35,91,2.142857142857143,0.0,0.0,0.2226,optimal
2021-02-13 03:30:00,35,91,2.142857142857143,0.0,0.0,0.062,optimal
2021-02-13 04:00:00,35,91,2.142857142857143,0.0,0.0,0.20336666666666667,optimal
2021-02-13 04:30:00,35,91,2.142857142857143,0.0,0.0,0.09390000000000001,optimal
2021-02-13 05:00:00,35,91,2.142857142857143,0.0,0.0,0.06766666666666667,optimal
2021-02-13 05:30:00,35,91,2.142857142857143,0.0,0.0,0.19340000000000002,optimal
2021-02-13 06:00:00,35,91,2.142857142857143,0.0,0.0,0.0912,optimal
2021-02-13 06:30:00,35,91,2.142857142857143,0.0,0.0,0.11246666666666669,optimal
2021-02-13 07:00:00,35,91,2.142857142857143,0.0,7.0956303383476,0.18513333333333332,optimal
2021-02-13 07:30:00,35,91,2.142857142857143,0.0,0.0,0.0916,optimal
2021-02-13 08:00:00,35,91,1.1506332854320722,0.0,0.0,0.45289999999999997,optimal
2021-02-13 08:30:00,35,91,1.2550747706268224,0.0,0.0,0.26873333333333327,optimal
2021-02-13 09:00:00,35,91,1.082130399940714,0.0,0.0,0.2656,optimal
2021-02-13 09:30:00,35,91,0.960204492581132,0.0,0.0,0.5661,optimal
2021-02-13 10:00:00,35,91,0.7097428942499147,0.0,0.0,0.6395,optimal
2021-02-13 10:30:00,35,91,0.49723199849229516,0.0,0.0,1.9156,optimal
2021-02-13 11:00:00,35,91,0.4343684385919796,0.0,0.0,1.2216333333333333,optimal
2021-02-13 11:30:00,35,91,0.3218908761676918,0.0,0.0,1.6913,optimal
2021-02-13 12:00:00,35,91,0.2990380660944383,0.0,0.0,1.0145,optimal
2021-02-13 12:30:00,35,91,0.33647056029346445,0.0,0.0,1.1391,optimal
2021-02-13 13:00:00,35,91,2.142857142857143,0.0,0.0,0.9030666666666668,optimal
2021-02-13 13:30:00,35,91,2.142857142857143,0.0,0.0,1.2917333333333332,optimal
2021-02-13 14:00:00,35,91,2.142857142857143,0.0,0.0,0.5362,optimal
2021-02-13 14:30:00,35,91,2.142857142857143,0.0,0.0,0.30456666666666665,optimal
2021-02-13 15:00:00,35,91,2.142857142857143,0.0,0.0,0.46013333333333334,optimal
2021-02-13 15:30:00,35,91,2.142857142857143,0.0,0.0,0.356,optimal
2021-02-13 16:00:00,35,91,0.0,0.0,0.0,0.6981,optimal
2021-02-13 16:30:00,35,91,0.0,0.0,0.0,0.5141333333333333,optimal
2021-02-13 17:00:00,35,91,0.0,0.0,0.0,0.6831,optimal
2021-02-13 17:30:00,35,91,0.0,0.0,0.0,0.5519333333333333,optimal
2021-02-13 18:00:00,35,91,0.0,0.0,0.0,0.6564666666666666,optimal
2021-02-13 18:30:00,35,91,0.0,0.0,0.0,0.381,optimal
2021-02-13 19:00:00,35,91,0.0,0.0,0.0,0.7592000000000001,optimal
2021-02-13 19:30:00,35,91,0.0,0.0,0.0,0.395,optimal
2021-02-13 20:00:00,35,91,0.6855036804175626,0.0,0.0,0.29356666666666664,optimal
2021-02-13 20:30:00,35,91,0.0,0.0,0.0,0.2914,optimal
2021-02-13 21:00:00,35,91,0.0,0.0,0.0,0.1825,optimal
2021-02-13 21:30:00,35,91,0.0,0.0,0.0,0.5763666666666667,optimal
2021-02-13 22:00:00,35,91,0.11942857142857141,0.0,0.0,0.574,optimal
2021-02-13 22:30:00,35,91,0.0,0.0,0.0,0.36333333333333334,optimal
2021-02-13 23:00:00,35,91,0.0,0.0,0.0,0.3184666666666666,optimal
2021-02-13 23:30:00,35,91,0.0,0.0,0.0,0.5834666666666667,optimal
2021-02-07 00:00:00,36,91,0.0,0.0,0.0,0.10653333333333331,optimal
2021-02-07 00:30:00,36,91,0.0,0.0,0.0,0.11426666666666668,optimal
2021-02-07 01:00:00,36,91,0.0,0.0,0.0,0.058,optimal
2021-02-07 01:30:00,36,91,0.0,0.0,0.0,0.15646666666666667,optimal
2021-02-07 02:00:00,36,91,0.0,0.0,0.0,0.060333333333333336,optimal
2021-02-07 02:30:00,36,91,0.0,0.0,0.0,0.13823333333333332,optimal
2021-02-07 03:00:00,36,91,0.0,0.0,0.0,0.15323333333333333,optimal
2021-02-07 03:30:00,36,91,0.0,0.0,0.0,0.058,optimal
2021-02-07 04:00:00,36,91,2.2857142857142856,0.0,0.0,0.19863333333333333,optimal
2021-02-07 04:30:00,36,91,2.2857142857142856,0.0,0.0,0.08483333333333333,optimal
2021-02-07 05:00:00,36,91,2.2857142857142856,0.0,0.0,0.058,optimal
2021-02-07 05:30:00,36,91,2.2857142857142856,0.0,0.0,0.2268,optimal
2021-02-07 06:00:00,36,91,2.2857142857142856,0.0,0.0,0.068,optimal
2021-02-07 06:30:00,36,91,2.2857142857142856,0.0,0.0,0.06133333333333334,optimal
2021-02-07 07:00:00,36,91,2.2857142857142856,0.0,0.0,0.057,optimal
2021-02-07 07:30:00,36,91,0.0,0.0,0.0,0.1517666666666667,optimal
2021-02-07 08:00:00,36,91,0.0,0.0,0.0,1.2935333333333332,optimal
2021-02-07 08:30:00,36,91,0.0,0.0,0.0,0.37126666666666663,optimal
2021-02-07 09:00:00,36,91,0.0,0.0,0.0,0.4491,optimal
2021-02-07 09:30:00,36,91,0.3038595405985967,0.0,0.0,0.26480000000000004,optimal
2021-02-07 10:00:00,36,91,0.9257864420075496,0.0,0.0,0.214,optimal
2021-02-07 10:30:00,36,91,0.8503701382847142,0.0,0.0,0.46266666666666667,optimal
2021-02-07 11:00:00,36,91,0.7375144944839318,0.0,0.0,1.4746,optimal
2021-02-07 11:30:00,36,91,0.734032589722028,0.0,0.0,0.7149333333333333,optimal
2021-02-07 12:00:00,36,91,0.6491435561484524,0.0,0.0,0.3897333333333334,optimal
2021-02-07 12:30:00,36,91,0.6105283180532214,0.0,0.0,0.3775,optimal
2021-02-07 13:00:00,36,91,1.366232032352066,0.0,0.0,0.4254333333333333,optimal
2021-02-07 13:30:00,36,91,2.2857142857142856,0.0,0.0,0.5226000000000001,optimal
2021-02-07 14:00:00,36,91,2.2857142857142856,0.0,0.0,0.18246666666666667,optimal
2021-02-07 14:30:00,36,91,2.2857142857142856,0.0,0.0,0.32739999999999997,optimal
2021-02-07 15:00:00,36,91,2.2857142857142856,0.0,0.0,0.1728,optimal
2021-02-07 15:30:00,36,91,2.2857142857142856,0.0,0.0,0.5697666666666666,optimal
2021-02-07 16:00:00,36,91,0.0,0.0,0.0,0.3456,optimal
2021-02-07 16:30:00,36,91,0.0,0.0,0.0,0.5705333333333333,optimal
2021-02-07 17:00:00,36,91,0.0,0.0,0.0,0.6249,optimal
2021-02-07 17:30:00,36,91,0.0,0.0,0.0,1.3273333333333333,optimal
2021-02-07 18:00:00,36,91,0.0,0.0,0.0,0.3227,optimal
2021-02-07 18:30:00,36,91,0.0,0.0,0.0,0.3083666666666667,optimal
2021-02-07 19:00:00,36,91,0.0,0.0,0.0,0.4006,optimal
2021-02-07 19:30:00,36,91,0.0,0.0,0.0,0.31076666666666664,optimal
2021-02-07 20:00:00,36,91,0.0,0.0,0.0,0.3534,optimal
2021-02-07 20:30:00,36,91,0.0,0.0,0.0,0.5283666666666667,optimal
2021-02-07 21:00:00,36,91,0.0,0.0,0.0,0.2528333333333333,optimal
2021-02-07 21:30:00,36,91,0.0,0.0,0.0,0.2846,optimal
2021-02-07 22:00:00,36,91,0.0,0.0,0.0,0.137,optimal
2021-02-07 22:30:00,36,91,0.0,0.0,0.0,0.068,optimal
2021-02-07 23:00:00,36,91,0.0,0.0,0.0,0.18623333333333328,optimal
2021-02-07 23:30:00,36,91,0.0,0.0,0.0,0.11723333333333331,optimal
2021-02-08 00:00:00,36,91,0.0,0.0,0.0,0.061,optimal
2021-02-08 00:30:00,36,91,0.23885714285714285,0.0,0.0,0.21866666666666662,optimal
2021-02-08 01:00:00,36,91,0.0,0.0,0.0,0.061,optimal
2021-02-08 01:30:00,36,91,0.0,0.0,0.0,0.13266666666666665,optimal
2021-02-08 02:00:00,36,91,0.0,0.0,0.0,0.147,optimal
2021-02-08 02:30:00,36,91,1.285873148063178,0.0,0.0,0.08333333333333333,optimal
2021-02-08 03:00:00,36,91,2.2857142857142856,0.0,0.0,0.21866666666666662,optimal
2021-02-08 03:30:00,36,91,2.2857142857142856,0.0,0.0,0.061,optimal
2021-02-08 04:00:00,36,91,2.2857142857142856,0.0,0.0,0.11116666666666669,optimal
2021-02-08 04:30:00,36,91,2.2857142857142856,0.0,0.0,0.1685,optimal
2021-02-08 05:00:00,36,91,2.2857142857142856,0.0,5.792443840235895,0.15166666666666664,optimal
2021-02-08 05:30:00,36,91,2.2857142857142856,0.0,0.0,0.5631666666666666,optimal
2021-02-08 06:00:00,36,91,2.2857142857142856,0.0,0.0,0.06533333333333333,optimal
2021-02-08 06:30:00,36,91,2.2857142857142856,0.0,0.0,1.0398,optimal
2021-02-08 07:00:00,36,91,2.2857142857142856,0.0,0.0,1.8015333333333332,optimal
2021-02-08 07:30:00,36,91,2.2857142857142856,0.0,0.0,0.13133333333333333,optimal
2021-02-08 08:00:00,36,91,1.3020233862970811,0.0,0.0,0.071,optimal
2021-02-08 08:30:00,36,91,1.2740832730504172,0.0,0.0,0.19283333333333327,optimal
2021-02-08 09:00:00,36,91,1.166066309120446,0.0,0.0,0.10683333333333331,optimal
2021-02-08 09:30:00,36,91,1.147571717085653,0.0,0.0,0.1355,optimal
2021-02-08 10:00:00,36,91,0.9087337962092678,0.0,0.0,0.16416666666666666,optimal
2021-02-08 10:30:00,36,91,0.9456569596726496,0.0,0.0,0.071,optimal
2021-02-08 11:00:00,36,91,0.6965695618173752,0.0,0.0,0.071,optimal
2021-02-08 11:30:00,36,91,0.650795389349729,0.0,0.0,0.20716666666666664,optimal
2021-02-08 12:00:00,36,91,0.5958023577714654,0.0,0.0,0.0925,optimal
2021-02-08 12:30:00,36,91,0.5861587747409595,0.0,0.0,0.07816666666666668,optimal
2021-02-08 13:00:00,36,91,2.2857142857142856,0.0,0.0,0.2215,optimal
2021-02-08 13:30:00,36,91,2.2857142857142856,0.0,0.0,0.071,optimal
2021-02-08 14:00:00,36,91,2.2857142857142856,0.0,0.0,0.071,optimal
2021-02-08 14:30:00,36,91,2.2857142857142856,0.0,0.0,0.14983333333333335,optimal
2021-02-08 15:00:00,36,91,2.2857142857142856,0.0,0.0,0.14983333333333335,optimal
2021-02-08 15:30:00,36,91,2.2857142857142856,0.0,0.0,0.071,optimal
2021-02-08 16:00:00,36,91,0.0,0.0,0.0,0.23686666666666667,optimal
2021-02-08 16:30:00,36,91,0.0,0.0,0.0,0.5330666666666667,optimal
2021-02-08 17:00:00,36,91,0.0,0.0,0.0,0.4753,optimal
2021-02-08 17:30:00,36,91,0.0,0.0,0.0,0.5173,optimal
2021-02-08 18:00:00,36,91,0.0,0.0,0.0,0.3234666666666666,optimal
2021-02-08 18:30:00,36,91,0.0,0.0,0.0,2.6519333333333335,optimal
2021-02-08 19:00:00,36,91,0.0,0.0,0.0,2.4034,optimal
2021-02-08 19:30:00,36,91,0.0,0.0,0.0,1.8249333333333326,optimal
2021-02-08 20:00:00,36,91,0.07915700922859928,0.0,0.0,3.145033333333333,optimal
2021-02-08 20:30:00,36,91,0.0,0.0,0.0,0.8244333333333332,optimal
2021-02-08 21:00:00,36,91,0.0,0.0,0.0,2.1805,optimal
2021-02-08 21:30:00,36,91,0.0,0.0,0.0,0.9426333333333332,optimal
2021-02-08 22:00:00,36,91,0.6767619047619046,0.0,0.0,0.26796666666666663,optimal
2021-02-08 22:30:00,36,91,0.0,0.0,0.0,0.181,optimal
2021-02-08 23:00:00,36,91,0.0,0.0,0.0,0.1002,optimal
2021-02-08 23:30:00,36,91,0.0,0.0,0.0,0.07,optimal
2021-02-09 00:00:00,36,91,0.0,0.0,0.0,0.066,optimal
2021-02-09 00:30:00,36,91,1.1544761904761904,0.0,0.0,0.1928666666666667,optimal
2021-02-09 01:00:00,36,91,0.0,0.0,0.0,0.066,optimal
2021-02-09 01:30:00,36,91,0.0,0.0,0.0,0.11213333333333333,optimal
2021-02-09 02:00:00,36,91,1.0833705005514123,0.0,0.0,0.14673333333333333,optimal
2021-02-09 02:30:00,36,91,2.2857142857142856,0.0,0.0,0.066,optimal
2021-02-09 03:00:00,36,91,2.2857142857142856,0.0,0.0,0.066,optimal
2021-02-09 03:30:00,36,91,2.2857142857142856,0.0,0.0,0.1928666666666667,optimal
2021-02-09 04:00:00,36,91,2.2857142857142856,0.0,0.0,0.066,optimal
2021-02-09 04:30:00,36,91,2.2857142857142856,0.0,0.0,0.066,optimal
2021-02-09 05:00:00,36,91,2.2857142857142856,0.0,0.0,0.16403333333333334,optimal
2021-02-09 05:30:00,36,91,2.2857142857142856,0.0,0.0,0.09483333333333331,optimal
2021-02-09 06:00:00,36,91,2.2857142857142856,0.0,1.7729602429500946,0.066,optimal
2021-02-09 06:30:00,36,91,2.2857142857142856,0.0,10.0,0.1871,optimal
2021-02-09 07:00:00,36,91,2.2857142857142856,0.0,10.0,0.07176666666666666,optimal
2021-02-09 07:30:00,36,91,2.2857142857142856,0.0,0.0,0.14906666666666665,optimal
2021-02-09 08:00:00,36,91,1.317981414696309,0.0,0.0,0.12423333333333332,optimal
2021-02-09 08:30:00,36,91,1.3462963464710314,0.0,0.0,0.09906666666666666,optimal
2021-02-09 09:00:00,36,91,1.1026989725827194,0.0,0.0,0.1895,optimal
2021-02-09 09:30:00,36,91,1.1769383599416892,0.0,0.0,0.076,optimal
2021-02-09 10:00:00,36,91,0.8718476197510001,0.0,0.0,0.20286666666666667,optimal
2021-02-09 10:30:00,36,91,0.8909217123914228,0.0,0.0,0.076,optimal
2021-02-09 11:00:00,36,91,0.5926672805165575,0.0,0.0,0.15153333333333333,optimal
2021-02-09 11:30:00,36,91,0.46331828952083326,0.0,0.0,0.38106666666666666,optimal
2021-02-09 12:00:00,36,91,0.3846649136371983,0.0,0.0,0.23813333333333334,optimal
2021-02-09 12:30:00,36,91,0.39275676177578017,0.0,0.0,0.224,optimal
2021-02-09 13:00:00,36,91,1.186993546831827,0.0,0.0,0.28876666666666667,optimal
2021-02-09 13:30:00,36,91,2.2857142857142856,0.0,0.0,0.4493333333333333,optimal
2021-02-09 14:00:00,36,91,2.2857142857142856,0.0,0.0,0.5828,optimal
2021-02-09 14:30:00,36,91,2.2857142857142856,0.0,0.0,0.32889999999999997,optimal
2021-02-09 15:00:00,36,91,2.2857142857142856,0.0,0.0,2.3989333333333334,optimal
2021-02-09 15:30:00,36,91,2.2857142857142856,0.0,0.0,0.24130000000000001,optimal
2021-02-09 16:00:00,36,91,0.0,0.0,0.0,0.224,optimal
2021-02-09 16:30:00,36,91,0.0,0.0,0.0,0.3247333333333333,optimal
2021-02-09 17:00:00,36,91,0.0,0.0,0.0,0.20396666666666666,optimal
2021-02-09 17:30:00,36,91,0.0,0.0,0.0,0.2122,optimal
2021-02-09 18:00:00,36,91,0.0,0.0,0.0,0.1625,optimal
2021-02-09 18:30:00,36,91,0.0,0.0,0.0,0.076,optimal
2021-02-09 19:00:00,36,91,0.0,0.0,0.0,0.17980000000000002,optimal
2021-02-09 19:30:00,36,91,0.0,0.0,0.0,0.09906666666666666,optimal
2021-02-09 20:00:00,36,91,0.0,0.0,0.0,0.076,optimal
2021-02-09 20:30:00,36,91,0.0,0.0,0.0,0.20286666666666667,optimal
2021-02-09 21:00:00,36,91,0.0,0.0,0.0,0.31560000000000005,optimal
2021-02-09 21:30:00,36,91,0.0,0.0,0.0,0.5813666666666667,optimal
2021-02-09 22:00:00,36,91,0.0199047619047619,0.0,0.0,0.6933666666666667,optimal
2021-02-09 22:30:00,36,91,0.0,0.0,0.0,0.6882333333333334,optimal
2021-02-09 23:00:00,36,91,0.0,0.0,0.0,0.4545666666666667,optimal
2021-02-09 23:30:00,36,91,0.0,0.0,0.0,0.43556666666666666,optimal
2021-02-10 00:00:00,36,91,0.0,0.0,0.0,0.062,optimal
2021-02-10 00:30:00,36,91,0.11942857142857143,0.0,0.0,0.146,optimal
2021-02-10 01:00:00,36,91,0.0,0.0,0.0,0.2008,optimal
2021-02-10 01:30:00,36,91,0.0,0.0,0.0,0.124,optimal
2021-02-10 02:00:00,36,91,0.7041028325380567,0.0,0.0,0.2159,optimal
2021-02-10 02:30:00,36,91,2.2857142857142856,0.0,0.0,0.1999,optimal
2021-02-10 03:00:00,36,91,2.2857142857142856,0.0,0.0,0.118,optimal
2021-02-10 03:30:00,36,91,2.2857142857142856,0.0,0.0,0.146,optimal
2021-02-10 04:00:00,36,91,2.2857142857142856,0.0,0.0,0.118,optimal
2021-02-10 04:30:00,36,91,2.2857142857142856,0.0,0.0,0.055,optimal
2021-02-10 05:00:00,36,91,2.2857142857142856,0.0,0.0,0.1845,optimal
2021-02-10 05:30:00,36,91,2.2857142857142856,0.0,0.0,0.0795,optimal
2021-02-10 06:00:00,36,91,2.2857142857142856,0.0,0.0,0.21030000000000001,optimal
2021-02-10 06:30:00,36,91,2.2857142857142856,0.0,0.03762160323523296,0.2055,optimal
2021-02-10 07:00:00,36,91,2.2857142857142856,0.0,10.0,1.0709000000000002,optimal
2021-02-10 07:30:00,36,91,2.2857142857142856,0.0,0.0,0.09540000000000001,optimal
2021-02-10 08:00:00,36,91,1.3522508532674795,0.0,0.0,0.188,optimal
2021-02-10 08:30:00,36,91,1.3507977464274497,0.0,0.0,0.152,optimal
2021-02-10 09:00:00,36,91,1.1699164451756907,0.0,0.0,0.1738,optimal
2021-02-10 09:30:00,36,91,1.1686919097642035,0.0,0.0,0.125,optimal
2021-02-10 10:00:00,36,91,0.8935724188775872,0.0,0.0,0.1172,optimal
2021-02-10 10:30:00,36,91,0.8314397316047022,0.0,0.0,0.29860000000000003,optimal
2021-02-10 11:00:00,36,91,0.7024404717768071,0.0,0.0,0.08916666666666667,optimal
2021-02-10 11:30:00,36,91,0.6481996326424978,0.0,0.0,0.2503,optimal
2021-02-10 12:00:00,36,91,0.45026968436018766,0.0,0.0,0.094,optimal
2021-02-10 12:30:00,36,91,0.4169839700744679,0.0,0.0,0.2105,optimal
2021-02-10 13:00:00,36,91,2.2857142857142856,0.0,0.0,0.1753,optimal
2021-02-10 13:30:00,36,91,2.2857142857142856,0.0,0.0,0.116,optimal
2021-02-10 14:00:00,36,91,2.2857142857142856,0.0,0.0,0.1557666666666667,optimal
2021-02-10 14:30:00,36,91,2.2857142857142856,0.0,0.0,0.6112000000000001,optimal
2021-02-10 15:00:00,36,91,2.2857142857142856,0.0,0.0,0.6755,optimal
2021-02-10 15:30:00,36,91,2.2857142857142856,0.0,0.0,0.06283333333333334,optimal
2021-02-10 16:00:00,36,91,0.0,0.0,0.0,0.5059666666666666,optimal
2021-02-10 16:30:00,36,91,0.0,0.0,0.0,1.2755,optimal
2021-02-10 17:00:00,36,91,0.0,0.0,0.0,0.28833333333333333,optimal
2021-02-10 17:30:00,36,91,0.0,0.0,0.0,0.30689999999999995,optimal
2021-02-10 18:00:00,36,91,0.0,0.0,0.0,0.13406666666666667,optimal
2021-02-10 18:30:00,36,91,0.0,0.0,0.0,0.29553333333333337,optimal
2021-02-10 19:00:00,36,91,0.0,0.0,0.0,0.24346666666666666,optimal
2021-02-10 19:30:00,36,91,0.0,0.0,0.0,0.33613333333333334,optimal
2021-02-10 20:00:00,36,91,0.2882231007602128,0.0,0.0,0.6532666666666667,optimal
2021-02-10 20:30:00,36,91,0.0,0.0,0.0,0.3343666666666667,optimal
2021-02-10 21:00:00,36,91,0.0,0.0,0.0,0.6768666666666667,optimal
2021-02-10 21:30:00,36,91,0.0,0.0,0.0,1.3844666666666667,optimal
2021-02-10 22:00:00,36,91,0.05971428571428571,0.0,0.0,1.9414,optimal
2021-02-10 22:30:00,36,91,0.0,0.0,0.0,0.6018,optimal
2021-02-10 23:00:00,36,91,0.0,0.0,0.0,0.219,optimal
2021-02-10 23:30:00,36,91,0.0,0.0,0.0,0.21680000000000002,optimal
2021-02-11 00:00:00,36,91,0.0,0.0,0.0,0.1466,optimal
2021-02-11 00:30:00,36,91,0.39809523809523806,0.0,0.0,0.09106666666666666,optimal
2021-02-11 01:00:00,36,91,1.24562477847933,0.0,0.0,0.17196666666666666,optimal
2021-02-11 01:30:00,36,91,2.2857142857142856,0.0,0.0,0.09136666666666667,optimal
2021-02-11 02:00:00,36,91,2.2857142857142856,0.0,0.0,0.2291,optimal
2021-02-11 02:30:00,36,91,2.2857142857142856,0.0,0.0,0.12903333333333333,optimal
2021-02-11 03:00:00,36,91,2.2857142857142856,0.0,0.0,0.17533333333333334,optimal
2021-02-11 03:30:00,36,91,2.2857142857142856,0.0,0.0,0.12903333333333333,optimal
2021-02-11 04:00:00,36,91,2.2857142857142856,0.0,0.0,0.2291,optimal
2021-02-11 04:30:00,36,91,2.2857142857142856,0.0,0.0,0.086,optimal
2021-02-11 05:00:00,36,91,2.2857142857142856,0.0,0.0,0.17733333333333334,optimal
2021-02-11 05:30:00,36,91,2.2857142857142856,0.0,0.0,0.17533333333333334,optimal
2021-02-11 06:00:00,36,91,2.2857142857142856,0.0,0.0,0.18806666666666663,optimal
2021-02-11 06:30:00,36,91,2.2857142857142856,0.0,0.0,0.149,optimal
2021-02-11 07:00:00,36,91,2.2857142857142856,0.0,6.174131598575508,0.149,optimal
2021-02-11 07:30:00,36,91,2.2857142857142856,0.0,0.0,0.13340000000000002,optimal
2021-02-11 08:00:00,36,91,1.375145146559015,0.0,0.0,0.13219999999999998,optimal
2021-02-11 08:30:00,36,91,1.4930968814509327,0.0,0.0,0.21409999999999998,optimal
2021-02-11 09:00:00,36,91,1.3380513507129221,0.0,0.0,0.13876666666666668,optimal
2021-02-11 09:30:00,36,91,1.229306076425418,0.0,0.0,0.12266666666666669,optimal
2021-02-11 10:00:00,36,91,0.8089822068250625,0.0,0.0,0.12326666666666668,optimal
2021-02-11 10:30:00,36,91,0.8168081940118692,0.0,0.0,0.24013333333333334,optimal
2021-02-11 11:00:00,36,91,0.6639776038667857,0.0,0.0,0.07,optimal
2021-02-11 11:30:00,36,91,0.5516951198832976,0.0,0.0,0.2826666666666667,optimal
2021-02-11 12:00:00,36,91,0.3709963226508007,0.0,0.0,0.08073333333333334,optimal
2021-02-11 12:30:00,36,91,0.29931658256352095,0.0,0.0,0.17533333333333334,optimal
2021-02-11 13:00:00,36,91,2.2857142857142856,0.0,0.0,0.18806666666666663,optimal
2021-02-11 13:30:00,36,91,2.2857142857142856,0.0,0.0,0.07,optimal
2021-02-11 14:00:00,36,91,2.2857142857142856,0.0,0.0,0.2826666666666667,optimal
2021-02-11 14:30:00,36,91,2.2857142857142856,0.0,0.0,0.08073333333333334,optimal
2021-02-11 15:00:00,36,91,2.2857142857142856,0.0,0.0,0.10756666666666666,optimal
2021-02-11 15:30:00,36,91,2.2857142857142856,0.0,0.0,0.2558333333333333,optimal
2021-02-11 16:00:00,36,91,0.0,0.0,0.0,0.07,optimal
2021-02-11 16:30:00,36,91,0.0,0.0,0.0,0.17533333333333334,optimal
2021-02-11 17:00:00,36,91,0.0,0.0,0.0,0.18773333333333328,optimal
2021-02-11 17:30:00,36,91,0.0,0.0,0.0,0.09486666666666665,optimal
2021-02-11 18:00:00,36,91,0.0,0.0,0.0,0.1933666666666667,optimal
2021-02-11 18:30:00,36,91,0.0,0.0,0.0,0.20906666666666662,optimal
2021-02-11 19:00:00,36,91,0.0,0.0,0.0,0.17893333333333333,optimal
2021-02-11 19:30:00,36,91,0.21195522112142745,0.0,0.0,0.41523333333333334,optimal
2021-02-11 20:00:00,36,91,1.5508183345742192,0.0,0.0,0.19976666666666668,optimal
2021-02-11 20:30:00,36,91,0.0,0.0,0.0,0.4051,optimal
2021-02-11 21:00:00,36,91,0.0,0.0,0.0,0.2602,optimal
2021-02-11 21:30:00,36,91,0.0,0.0,0.0,0.36069999999999997,optimal
2021-02-11 22:00:00,36,91,0.0,0.0,0.0,0.47833333333333333,optimal
2021-02-11 22:30:00,36,91,0.0,0.0,0.0,0.24486666666666668,optimal
2021-02-11 23:00:00,36,91,0.0,0.0,0.0,0.1183,optimal
2021-02-11 23:30:00,36,91,0.0,0.0,0.0,0.173,optimal
2021-02-12 00:00:00,36,91,0.7887533651763172,0.0,0.0,0.057,optimal
2021-02-12 00:30:00,36,91,2.2857142857142856,0.0,0.0,0.057,optimal
2021-02-12 01:00:00,36,91,2.2857142857142856,0.0,0.0,0.057,optimal
2021-02-12 01:30:00,36,91,2.2857142857142856,0.0,0.0,0.057,optimal
2021-02-12 02:00:00,36,91,2.2857142857142856,0.0,0.0,0.057,optimal
2021-02-12 02:30:00,36,91,2.2857142857142856,0.0,0.0,0.057,optimal
2021-02-12 03:00:00,36,91,2.2857142857142856,0.0,0.0,0.057,optimal
2021-02-12 03:30:00,36,91,2.2857142857142856,0.0,0.0,0.1134,optimal
2021-02-12 04:00:00,36,91,2.2857142857142856,0.0,0.0,0.057,optimal
2021-02-12 04:30:00,36,91,2.2857142857142856,0.0,0.0,0.057,optimal
2021-02-12 05:00:00,36,91,2.2857142857142856,0.0,0.0,0.0852,optimal
2021-02-12 05:30:00,36,91,2.2857142857142856,0.0,0.0,0.0852,optimal
2021-02-12 06:00:00,36,91,2.2857142857142856,0.0,3.7724941280736117,0.07893333333333334,optimal
2021-02-12 06:30:00,36,91,2.2857142857142856,0.0,10.0,0.10466666666666669,optimal
2021-02-12 07:00:00,36,91,2.2857142857142856,0.0,10.0,0.33166666666666667,optimal
2021-02-12 07:30:00,36,91,2.2857142857142856,0.0,0.0,0.30806666666666666,optimal
2021-02-12 08:00:00,36,91,1.6474352161706884,0.0,0.0,0.11326666666666668,optimal
2021-02-12 08:30:00,36,91,1.4502787992012083,0.0,0.0,0.3237333333333333,optimal
2021-02-12 09:00:00,36,91,1.3720923018804443,0.0,0.0,0.09570000000000001,optimal
2021-02-12 09:30:00,36,91,0.9261652694971209,0.0,0.0,0.7798333333333334,optimal
2021-02-12 10:00:00,36,91,0.8502109855293013,0.0,0.0,0.057,optimal
2021-02-12 10:30:00,36,91,0.6712381051825488,0.0,0.0,0.5382333333333333,optimal
2021-02-12 11:00:00,36,91,0.5553882797556989,0.0,0.0,0.057,optimal
2021-02-12 11:30:00,36,91,0.5358392887599744,0.0,0.0,0.1134,optimal
2021-02-12 12:00:00,36,91,0.4592658752316714,0.0,0.0,0.057,optimal
2021-02-12 12:30:00,36,91,0.4397168842359469,0.0,0.0,0.11506666666666666,optimal
2021-02-12 13:00:00,36,91,2.2857142857142856,0.0,0.0,0.065,optimal
2021-02-12 13:30:00,36,91,2.2857142857142856,0.0,0.0,0.057,optimal
2021-02-12 14:00:00,36,91,2.2857142857142856,0.0,0.0,0.1134,optimal
2021-02-12 14:30:00,36,91,2.2857142857142856,0.0,0.0,0.058333333333333334,optimal
2021-02-12 15:00:00,36,91,2.2857142857142856,0.0,0.0,0.067,optimal
2021-02-12 15:30:00,36,91,2.2857142857142856,0.0,0.0,0.067,optimal
2021-02-12 16:00:00,36,91,0.0,0.0,0.0,0.12340000000000001,optimal
2021-02-12 16:30:00,36,91,0.0,0.0,0.0,0.279,optimal
2021-02-12 17:00:00,36,91,0.0,0.0,0.0,0.092,optimal
2021-02-12 17:30:00,36,91,0.0,0.0,0.0,0.1576,optimal
2021-02-12 18:00:00,36,91,0.0,0.0,0.0,0.09773333333333332,optimal
2021-02-12 18:30:00,36,91,0.0,0.0,0.0,0.18480000000000002,optimal
2021-02-12 19:00:00,36,91,0.0,0.0,0.0,0.17,optimal
2021-02-12 19:30:00,36,91,0.0,0.0,0.0,0.43206666666666665,optimal
2021-02-12 20:00:00,36,91,1.0731200903160965,0.0,0.0,0.12340000000000001,optimal
2021-02-12 20:30:00,36,91,0.0,0.0,0.0,0.067,optimal
2021-02-12 21:00:00,36,91,0.0,0.0,0.0,2.4865999999999997,optimal
2021-02-12 21:30:00,36,91,0.0,0.0,0.0,2.1203000000000003,optimal
2021-02-12 22:00:00,36,91,0.0,0.0,0.0,0.22030000000000002,optimal
2021-02-12 22:30:00,36,91,0.0,0.0,0.0,0.5416,optimal
2021-02-12 23:00:00,36,91,0.0,0.0,0.0,0.4279,optimal
2021-02-12 23:30:00,36,91,0.0,0.0,0.0,0.1366,optimal
2021-02-13 00:00:00,36,91,0.0,0.0,0.0,0.10093333333333333,optimal
2021-02-13 00:30:00,36,91,1.3137142857142858,0.0,0.0,0.11,optimal
2021-02-13 01:00:00,36,91,0.0,0.0,0.0,0.19013333333333332,optimal
2021-02-13 01:30:00,36,91,0.0,0.0,0.0,0.1784,optimal
2021-02-13 02:00:00,36,91,1.0765178167684937,0.0,0.0,0.07640000000000001,optimal
2021-02-13 02:30:00,36,91,2.2857142857142856,0.0,0.0,0.1994,optimal
2021-02-13 03:00:00,36,91,2.2857142857142856,0.0,0.0,0.1607333333333333,optimal
2021-02-13 03:30:00,36,91,2.2857142857142856,0.0,0.0,0.15786666666666668,optimal
2021-02-13 04:00:00,36,91,2.2857142857142856,0.0,0.0,0.21066666666666664,optimal
2021-02-13 04:30:00,36,91,2.2857142857142856,0.0,0.0,0.0974,optimal
2021-02-13 05:00:00,36,91,2.2857142857142856,0.0,0.0,0.12846666666666667,optimal
2021-02-13 05:30:00,36,91,2.2857142857142856,0.0,0.0,0.21066666666666664,optimal
2021-02-13 06:00:00,36,91,2.2857142857142856,0.0,0.0,0.0974,optimal
2021-02-13 06:30:00,36,91,2.2857142857142856,0.0,9.137639190092049,1.8232000000000002,optimal
2021-02-13 07:00:00,36,91,2.2857142857142856,0.0,10.0,0.07926666666666667,optimal
2021-02-13 07:30:00,36,91,2.2857142857142856,0.0,0.0,0.48236666666666667,optimal
2021-02-13 08:00:00,36,91,1.2814809044796875,0.0,0.0,0.3539333333333333,optimal
2021-02-13 08:30:00,36,91,1.2528271515792029,0.0,0.0,0.3055333333333334,optimal
2021-02-13 09:00:00,36,91,1.1525780189883346,0.0,0.0,0.1124,optimal
2021-02-13 09:30:00,36,91,1.1891283021049377,0.0,0.0,0.08020000000000001,optimal
2021-02-13 10:00:00,36,91,0.924933370440399,0.0,0.0,0.2853333333333333,optimal
2021-02-13 10:30:00,36,91,0.9735367603970544,0.0,0.0,0.1032,optimal
2021-02-13 11:00:00,36,91,0.6760732004967435,0.0,0.0,0.078,optimal
2021-02-13 11:30:00,36,91,0.6644861142629299,0.0,0.0,0.10653333333333331,optimal
2021-02-13 12:00:00,36,91,0.45162378038015905,0.0,0.0,0.3053333333333333,optimal
2021-02-13 12:30:00,36,91,0.32417151267441097,0.0,0.0,0.9976,optimal
2021-02-13 13:00:00,36,91,2.2857142857142856,0.0,0.0,1.4626666666666668,optimal
2021-02-13 13:30:00,36,91,2.2857142857142856,0.0,0.0,0.7479,optimal
2021-02-13 14:00:00,36,91,2.2857142857142856,0.0,0.0,0.24680000000000002,optimal
2021-02-13 14:30:00,36,91,2.2857142857142856,0.0,0.0,0.12693333333333334,optimal
2021-02-13 15:00:00,36,91,2.2857142857142856,0.0,0.0,0.08073333333333334,optimal
2021-02-13 15:30:00,36,91,2.2857142857142856,0.0,0.0,0.3872333333333334,optimal
2021-02-13 16:00:00,36,91,0.0,0.0,0.0,0.2790666666666667,optimal
2021-02-13 16:30:00,36,91,0.0,0.0,0.0,0.20353333333333334,optimal
2021-02-13 17:00:00,36,91,0.0,0.0,0.0,0.185,optimal
2021-02-13 17:30:00,36,91,0.0,0.0,0.0,1.1089333333333333,optimal
2021-02-13 18:00:00,36,91,0.0,0.0,0.0,0.348,optimal
2021-02-13 18:30:00,36,91,0.0,0.0,0.0,0.8634666666666667,optimal
2021-02-13 19:00:00,36,91,0.0,0.0,0.0,1.6292,optimal
2021-02-13 19:30:00,36,91,0.0,0.0,0.0,0.7288666666666667,optimal
2021-02-13 20:00:00,36,91,0.846487769913926,0.0,0.0,0.4169,optimal
2021-02-13 20:30:00,36,91,0.0,0.0,0.0,0.204,optimal
2021-02-13 21:00:00,36,91,0.0,0.0,0.0,0.3597333333333333,optimal
2021-02-13 21:30:00,36,91,0.0,0.0,0.0,0.18056666666666663,optimal
2021-02-13 22:00:00,36,91,0.11942857142857143,0.0,0.0,0.2885,optimal
2021-02-13 22:30:00,36,91,0.0,0.0,0.0,0.44603333333333334,optimal
2021-02-13 23:00:00,36,91,0.0,0.0,0.0,0.3665333333333334,optimal
2021-02-13 23:30:00,36,91,0.0,0.0,0.0,0.3232333333333333,optimal
2021-02-07 00:00:00,37,91,0.0,0.0,0.0,0.13813333333333333,optimal
2021-02-07 00:30:00,37,91,0.0,0.0,0.0,0.1975,optimal
2021-02-07 01:00:00,37,91,0.0,0.0,0.0,0.18969999999999998,optimal
2021-02-07 01:30:00,37,91,0.0,0.0,0.0,0.14793333333333333,optimal
2021-02-07 02:00:00,37,91,0.0,0.0,0.0,0.29769999999999996,optimal
2021-02-07 02:30:00,37,91,0.0,0.0,0.0,0.08116666666666666,optimal
2021-02-07 03:00:00,37,91,0.0,0.0,0.0,0.1901,optimal
2021-02-07 03:30:00,37,91,0.0,0.0,0.0,0.2494333333333333,optimal
2021-02-07 04:00:00,37,91,2.2857142857142856,0.0,0.0,0.14793333333333333,optimal
2021-02-07 04:30:00,37,91,2.2857142857142856,0.0,0.0,0.30306666666666665,optimal
2021-02-07 05:00:00,37,91,2.2857142857142856,0.0,0.0,0.061,optimal
2021-02-07 05:30:00,37,91,2.2857142857142856,0.0,0.0,0.31076666666666664,optimal
2021-02-07 06:00:00,37,91,2.2857142857142856,0.0,1.305830934193062,0.4267666666666666,optimal
2021-02-07 06:30:00,37,91,2.2857142857142856,0.0,0.0,0.2092,optimal
2021-02-07 07:00:00,37,91,2.2857142857142856,0.0,0.0,1.1796333333333335,optimal
2021-02-07 07:30:00,37,91,0.0,0.0,0.0,0.2790666666666667,optimal
2021-02-07 08:00:00,37,91,0.0,0.0,0.0,0.147,optimal
2021-02-07 08:30:00,37,91,0.0,0.0,0.0,0.073,optimal
2021-02-07 09:00:00,37,91,0.0,0.0,0.0,0.2182666666666667,optimal
2021-02-07 09:30:00,37,91,0.15551955271260634,0.0,0.0,0.1454,optimal
2021-02-07 10:00:00,37,91,1.038338822959944,0.0,0.0,0.13973333333333332,optimal
2021-02-07 10:30:00,37,91,1.028046328760907,0.0,0.0,0.1998,optimal
2021-02-07 11:00:00,37,91,0.891144970674414,0.0,0.0,0.20513333333333333,optimal
2021-02-07 11:30:00,37,91,0.9046306849601304,0.0,0.0,0.15793333333333334,optimal
2021-02-07 12:00:00,37,91,0.7958864132913077,0.0,0.0,0.19686666666666666,optimal
2021-02-07 12:30:00,37,91,0.7736197466246394,0.0,0.0,0.2748,optimal
2021-02-07 13:00:00,37,91,2.2857142857142856,0.0,0.0,0.10540000000000001,optimal
2021-02-07 13:30:00,37,91,2.2857142857142856,0.0,0.0,0.14859999999999998,optimal
2021-02-07 14:00:00,37,91,2.2857142857142856,0.0,0.0,0.2906666666666667,optimal
2021-02-07 14:30:00,37,91,2.2857142857142856,0.0,0.0,0.13240000000000002,optimal
2021-02-07 15:00:00,37,91,2.2857142857142856,0.0,0.0,0.28496666666666665,optimal
2021-02-07 15:30:00,37,91,2.2857142857142856,0.0,0.0,0.2612,optimal
2021-02-07 16:00:00,37,91,0.0,0.0,0.0,0.5137333333333334,optimal
2021-02-07 16:30:00,37,91,0.0,0.0,0.0,0.5947333333333333,optimal
2021-02-07 17:00:00,37,91,0.0,0.0,0.0,0.6896,optimal
2021-02-07 17:30:00,37,91,0.0,0.0,0.0,0.42923333333333336,optimal
2021-02-07 18:00:00,37,91,0.0,0.0,0.0,0.35760000000000003,optimal
2021-02-07 18:30:00,37,91,0.0,0.0,0.0,0.4269,optimal
2021-02-07 19:00:00,37,91,0.0,0.0,0.0,0.4209666666666666,optimal
2021-02-07 19:30:00,37,91,0.0,0.0,0.0,0.11246666666666669,optimal
2021-02-07 20:00:00,37,91,0.4062792838882215,0.0,0.0,0.27376666666666666,optimal
2021-02-07 20:30:00,37,91,0.0,0.0,0.0,0.39803333333333335,optimal
2021-02-07 21:00:00,37,91,0.0,0.0,0.0,0.35686666666666667,optimal
2021-02-07 21:30:00,37,91,0.0,0.0,0.0,0.3168,optimal
2021-02-07 22:00:00,37,91,0.0,0.0,0.0,0.09659999999999999,optimal
2021-02-07 22:30:00,37,91,0.0,0.0,0.0,0.3509333333333333,optimal
2021-02-07 23:00:00,37,91,0.0,0.0,0.0,0.09713333333333334,optimal
2021-02-07 23:30:00,37,91,0.0,0.0,0.0,0.08513333333333334,optimal
2021-02-08 00:00:00,37,91,0.0,0.0,0.0,0.04833333333333333,optimal
2021-02-08 00:30:00,37,91,0.0,0.0,0.0,0.05166666666666666,optimal
2021-02-08 01:00:00,37,91,0.0,0.0,0.0,0.055,optimal
2021-02-08 01:30:00,37,91,0.0,0.0,0.0,0.055,optimal
2021-02-08 02:00:00,37,91,0.0,0.0,0.0,0.055,optimal
2021-02-08 02:30:00,37,91,2.2847387490837474,0.0,0.0,0.055,optimal
2021-02-08 03:00:00,37,91,2.2857142857142856,0.0,0.0,0.055,optimal
2021-02-08 03:30:00,37,91,2.2857142857142856,0.0,0.0,0.055,optimal
2021-02-08 04:00:00,37,91,2.2857142857142856,0.0,0.0,0.055,optimal
2021-02-08 04:30:00,37,91,2.2857142857142856,0.0,0.0,0.055,optimal
2021-02-08 05:00:00,37,91,2.2857142857142856,0.0,0.0,0.055,optimal
2021-02-08 05:30:00,37,91,2.2857142857142856,0.0,0.0,0.055,optimal
2021-02-08 06:00:00,37,91,2.2857142857142856,0.0,0.0,0.055,optimal
2021-02-08 06:30:00,37,91,2.2857142857142856,0.0,0.10402617511232393,0.055,optimal
2021-02-08 07:00:00,37,91,2.2857142857142856,0.0,10.0,1.0135666666666667,optimal
2021-02-08 07:30:00,37,91,2.2857142857142856,0.0,0.0,0.174,optimal
2021-02-08 08:00:00,37,91,1.0919271958208903,0.0,0.0,3.150533333333333,optimal
2021-02-08 08:30:00,37,91,1.0066147016218498,0.0,0.0,1.2727,optimal
2021-02-08 09:00:00,37,91,0.8145567853109109,0.0,0.0,3.632733333333333,optimal
2021-02-08 09:30:00,37,91,1.0248231456570789,0.0,0.0,2.0202,optimal
2021-02-08 10:00:00,37,91,1.3536536130247654,0.0,0.0,0.2519,optimal
2021-02-08 10:30:00,37,91,2.2857142857142856,0.0,0.0,2.254966666666667,optimal
2021-02-08 11:00:00,37,91,0.6056095618173771,0.0,0.0,0.3493,optimal
2021-02-08 11:30:00,37,91,0.6654239607783176,0.0,0.0,0.10966666666666669,optimal
2021-02-08 12:00:00,37,91,0.5392785482476748,0.0,0.0,0.16303333333333334,optimal
2021-02-08 12:30:00,37,91,0.4344254414076328,0.0,0.0,2.1778000000000004,optimal
2021-02-08 13:00:00,37,91,2.2857142857142856,0.0,0.0,0.9938666666666668,optimal
2021-02-08 13:30:00,37,91,2.2857142857142856,0.0,0.0,0.8021333333333334,optimal
2021-02-08 14:00:00,37,91,2.2857142857142856,0.0,0.0,1.7810666666666666,optimal
2021-02-08 14:30:00,37,91,2.2857142857142856,0.0,0.0,0.12566666666666668,optimal
2021-02-08 15:00:00,37,91,2.2857142857142856,0.0,0.0,0.9371333333333333,optimal
2021-02-08 15:30:00,37,91,2.2857142857142856,0.0,0.0,3.4555,optimal
2021-02-08 16:00:00,37,91,0.0,0.0,0.0,0.2166,optimal
2021-02-08 16:30:00,37,91,0.0,0.0,0.0,0.16713333333333333,optimal
2021-02-08 17:00:00,37,91,0.0,0.0,0.0,3.274966666666667,optimal
2021-02-08 17:30:00,37,91,0.0,0.0,0.0,0.44723333333333337,optimal
2021-02-08 18:00:00,37,91,0.0,0.0,0.0,0.053,optimal
2021-02-08 18:30:00,37,91,0.0,0.0,0.0,0.6712666666666667,optimal
2021-02-08 19:00:00,37,91,0.0,0.0,0.0,1.6293333333333333,optimal
2021-02-08 19:30:00,37,91,0.0,0.0,0.0,1.8496333333333328,optimal
2021-02-08 20:00:00,37,91,0.8193422386245177,0.0,0.0,0.48336666666666667,optimal
2021-02-08 20:30:00,37,91,0.0,0.0,0.0,2.3886666666666665,optimal
2021-02-08 21:00:00,37,91,0.0,0.0,0.0,2.1286,optimal
2021-02-08 21:30:00,37,91,0.0,0.0,0.0,0.206,optimal
2021-02-08 22:00:00,37,91,0.11942857142857143,0.0,0.0,1.4873666666666665,optimal
2021-02-08 22:30:00,37,91,0.0,0.0,0.0,0.9557,optimal
2021-02-08 23:00:00,37,91,0.0,0.0,0.0,0.055,optimal
2021-02-08 23:30:00,37,91,0.0,0.0,0.0,0.055,optimal
2021-02-09 00:00:00,37,91,0.0,0.0,0.0,0.0752,optimal
2021-02-09 00:30:00,37,91,1.9506666666666665,0.0,0.0,0.17226666666666668,optimal
2021-02-09 01:00:00,37,91,0.0,0.0,0.0,0.14366666666666666,optimal
2021-02-09 01:30:00,37,91,0.0,0.0,0.0,0.057,optimal
2021-02-09 02:00:00,37,91,0.5176091988673664,0.0,0.0,0.057,optimal
2021-02-09 02:30:00,37,91,2.2857142857142856,0.0,0.0,0.22253333333333333,optimal
2021-02-09 03:00:00,37,91,2.2857142857142856,0.0,0.0,0.11159999999999999,optimal
2021-02-09 03:30:00,37,91,2.2857142857142856,0.0,0.0,0.09166666666666669,optimal
2021-02-09 04:00:00,37,91,2.2857142857142856,0.0,0.0,0.24246666666666666,optimal
2021-02-09 04:30:00,37,91,2.2857142857142856,0.0,0.0,0.057,optimal
2021-02-09 05:00:00,37,91,2.2857142857142856,0.0,0.0,0.14366666666666666,optimal
2021-02-09 05:30:00,37,91,2.2857142857142856,0.0,0.0,0.08733333333333333,optimal
2021-02-09 06:00:00,37,91,2.2857142857142856,0.0,0.0,0.16013333333333332,optimal
2021-02-09 06:30:00,37,91,2.2857142857142856,0.0,0.0,0.14366666666666666,optimal
2021-02-09 07:00:00,37,91,2.2857142857142856,0.0,8.102731247918694,0.09746666666666669,optimal
2021-02-09 07:30:00,37,91,2.2857142857142856,0.0,0.0,0.20433333333333328,optimal
2021-02-09 08:00:00,37,91,1.1153528432677373,0.0,0.0,0.17866666666666667,optimal
2021-02-09 08:30:00,37,91,1.0964296798043731,0.0,0.0,0.18546666666666667,optimal
2021-02-09 09:00:00,37,91,0.6900799249636606,0.0,0.0,1.5488666666666666,optimal
2021-02-09 09:30:00,37,91,0.9980240742274041,0.0,0.0,0.26106666666666667,optimal
2021-02-09 10:00:00,37,91,0.8661904768938726,0.0,0.0,0.08286666666666666,optimal
2021-02-09 10:30:00,37,91,0.8551312362009592,0.0,0.0,0.20046666666666668,optimal
2021-02-09 11:00:00,37,91,0.6445910900403693,0.0,0.0,0.067,optimal
2021-02-09 11:30:00,37,91,0.6163944799970378,0.0,0.0,0.15366666666666665,optimal
2021-02-09 12:00:00,37,91,0.4378172945895825,0.0,0.0,0.20046666666666668,optimal
2021-02-09 12:30:00,37,91,0.4793853332043477,0.0,0.0,0.067,optimal
2021-02-09 13:00:00,37,91,2.2857142857142856,0.0,0.0,0.15366666666666665,optimal
2021-02-09 13:30:00,37,91,2.2857142857142856,0.0,0.0,0.0852,optimal
2021-02-09 14:00:00,37,91,2.2857142857142856,0.0,0.0,0.19093333333333332,optimal
2021-02-09 14:30:00,37,91,2.2857142857142856,0.0,0.0,0.145,optimal
2021-02-09 15:00:00,37,91,2.2857142857142856,0.0,0.0,0.2039333333333333,optimal
2021-02-09 15:30:00,37,91,2.2857142857142856,0.0,0.0,0.15166666666666664,optimal
2021-02-09 16:00:00,37,91,0.0,0.0,0.0,0.20953333333333332,optimal
2021-02-09 16:30:00,37,91,0.0,0.0,0.0,0.22926666666666667,optimal
2021-02-09 17:00:00,37,91,0.0,0.0,0.0,0.1428,optimal
2021-02-09 17:30:00,37,91,0.0,0.0,0.0,1.3773333333333333,optimal
2021-02-09 18:00:00,37,91,0.0,0.0,0.0,0.7306666666666666,optimal
2021-02-09 18:30:00,37,91,0.0,0.0,0.0,1.5798666666666665,optimal
2021-02-09 19:00:00,37,91,0.0,0.0,0.0,1.1097000000000001,optimal
2021-02-09 19:30:00,37,91,0.0,0.0,0.0,0.32326666666666665,optimal
2021-02-09 20:00:00,37,91,0.5647322486830505,0.0,0.0,0.3212333333333333,optimal
2021-02-09 20:30:00,37,91,0.0,0.0,0.0,0.12866666666666665,optimal
2021-02-09 21:00:00,37,91,0.0,0.0,0.0,0.24253333333333332,optimal
2021-02-09 21:30:00,37,91,0.0,0.0,0.0,0.27553333333333335,optimal
2021-02-09 22:00:00,37,91,0.1791428571428571,0.0,0.0,0.15259999999999999,optimal
2021-02-09 22:30:00,37,91,0.0,0.0,0.0,0.30260000000000004,optimal
2021-02-09 23:00:00,37,91,0.0,0.0,0.0,0.42219999999999996,optimal
2021-02-09 23:30:00,37,91,0.0,0.0,0.0,0.37160000000000004,optimal
2021-02-10 00:00:00,37,91,0.0,0.0,0.0,0.061,optimal
2021-02-10 00:30:00,37,91,0.09952380952380951,0.0,0.0,0.061,optimal
2021-02-10 01:00:00,37,91,0.0,0.0,0.0,0.27346666666666664,optimal
2021-02-10 01:30:00,37,91,0.0,0.0,0.0,0.10373333333333332,optimal
2021-02-10 02:00:00,37,91,1.3659312098913086,0.0,0.0,0.11026666666666668,optimal
2021-02-10 02:30:00,37,91,2.2857142857142856,0.0,0.0,0.26693333333333336,optimal
2021-02-10 03:00:00,37,91,2.2857142857142856,0.0,0.0,0.061,optimal
2021-02-10 03:30:00,37,91,2.2857142857142856,0.0,0.0,0.12956666666666666,optimal
2021-02-10 04:00:00,37,91,2.2857142857142856,0.0,0.0,0.1171,optimal
2021-02-10 04:30:00,37,91,2.2857142857142856,0.0,0.0,0.1372,optimal
2021-02-10 05:00:00,37,91,2.2857142857142856,0.0,0.0,0.13033333333333336,optimal
2021-02-10 05:30:00,37,91,2.2857142857142856,0.0,0.0,0.071,optimal
2021-02-10 06:00:00,37,91,2.2857142857142856,0.0,0.3907974620170613,0.2903,optimal
2021-02-10 06:30:00,37,91,2.2857142857142856,0.0,10.0,0.1019,optimal
2021-02-10 07:00:00,37,91,2.2857142857142856,0.0,10.0,0.066,optimal
2021-02-10 07:30:00,37,91,2.2857142857142856,0.0,0.0,0.0888,optimal
2021-02-10 08:00:00,37,91,1.2652699008865442,0.0,0.0,0.1817333333333333,optimal
2021-02-10 08:30:00,37,91,1.2338167940465008,0.0,0.0,0.06366666666666666,optimal
2021-02-10 09:00:00,37,91,1.1678497785090152,0.0,0.0,0.17373333333333332,optimal
2021-02-10 09:30:00,37,91,1.15986333833563,0.0,0.0,0.1596,optimal
2021-02-10 10:00:00,37,91,0.8961533712585348,0.0,0.0,0.12086666666666666,optimal
2021-02-10 10:30:00,37,91,0.8556778268428028,0.0,0.0,0.22646666666666668,optimal
2021-02-10 11:00:00,37,91,0.6800023765387149,0.0,0.0,0.17073333333333332,optimal
2021-02-10 11:30:00,37,91,0.6999329659758232,0.0,0.0,0.07693333333333334,optimal
2021-02-10 12:00:00,37,91,0.4248696843601753,0.0,0.0,0.1916,optimal
2021-02-10 12:30:00,37,91,0.4604696843601756,0.0,0.0,0.061,optimal
2021-02-10 13:00:00,37,91,2.2857142857142856,0.0,0.0,0.186,optimal
2021-02-10 13:30:00,37,91,2.2857142857142856,0.0,0.0,0.20153333333333334,optimal
2021-02-10 14:00:00,37,91,2.2857142857142856,0.0,0.0,0.19566666666666663,optimal
2021-02-10 14:30:00,37,91,2.2857142857142856,0.0,0.0,0.1422,optimal
2021-02-10 15:00:00,37,91,2.2857142857142856,0.0,0.0,0.13033333333333336,optimal
2021-02-10 15:30:00,37,91,2.2857142857142856,0.0,0.0,0.19566666666666663,optimal
2021-02-10 16:00:00,37,91,0.0,0.0,0.0,0.1778,optimal
2021-02-10 16:30:00,37,91,0.0,0.0,0.0,0.13213333333333332,optimal
2021-02-10 17:00:00,37,91,0.0,0.0,0.0,0.22813333333333333,optimal
2021-02-10 17:30:00,37,91,0.0,0.0,0.0,0.1999333333333333,optimal
2021-02-10 18:00:00,37,91,0.0,0.0,0.0,0.39266666666666666,optimal
2021-02-10 18:30:00,37,91,0.0,0.0,0.0,0.17293333333333333,optimal
2021-02-10 19:00:00,37,91,0.0,0.0,0.0,0.2779333333333333,optimal
2021-02-10 19:30:00,37,91,0.0,0.0,0.0,1.2760666666666667,optimal
2021-02-10 20:00:00,37,91,0.3480285454247322,0.0,0.0,0.42760000000000004,optimal
2021-02-10 20:30:00,37,91,0.0,0.0,0.0,0.4431333333333333,optimal
2021-02-10 21:00:00,37,91,0.0,0.0,0.0,1.1025999999999998,optimal
2021-02-10 21:30:00,37,91,0.0,0.0,0.0,0.6023666666666667,optimal
2021-02-10 22:00:00,37,91,1.6919047619047618,0.0,0.0,0.3161333333333333,optimal
2021-02-10 22:30:00,37,91,0.0,0.0,0.0,0.24966666666666662,optimal
2021-02-10 23:00:00,37,91,0.0,0.0,0.0,0.37076666666666663,optimal
2021-02-10 23:30:00,37,91,0.0,0.0,0.0,0.2364,optimal
2021-02-11 00:00:00,37,91,0.0,0.0,0.0,0.18359999999999999,optimal
2021-02-11 00:30:00,37,91,0.6170476190476191,0.0,0.0,0.056,optimal
2021-02-11 01:00:00,37,91,0.9870053362255667,0.0,0.0,0.0676,optimal
2021-02-11 01:30:00,37,91,2.2857142857142856,0.0,0.0,0.172,optimal
2021-02-11 02:00:00,37,91,2.2857142857142856,0.0,0.0,0.056,optimal
2021-02-11 02:30:00,37,91,2.2857142857142856,0.0,0.0,0.1024,optimal
2021-02-11 03:00:00,37,91,2.2857142857142856,0.0,0.0,0.1372,optimal
2021-02-11 03:30:00,37,91,2.2857142857142856,0.0,0.0,0.056,optimal
2021-02-11 04:00:00,37,91,2.2857142857142856,0.0,0.0,0.18359999999999999,optimal
2021-02-11 04:30:00,37,91,2.2857142857142856,0.0,0.0,0.056,optimal
2021-02-11 05:00:00,37,91,2.2857142857142856,0.0,0.0,0.056,optimal
2021-02-11 05:30:00,37,91,2.2857142857142856,0.0,0.0,0.16040000000000001,optimal
2021-02-11 06:00:00,37,91,2.2857142857142856,0.0,0.0,0.0792,optimal
2021-02-11 06:30:00,37,91,2.2857142857142856,0.0,4.1813457774352525,0.11933333333333332,optimal
2021-02-11 07:00:00,37,91,2.2857142857142856,0.0,10.0,0.14386666666666667,optimal
2021-02-11 07:30:00,37,91,2.2857142857142856,0.0,0.0,0.16086666666666669,optimal
2021-02-11 08:00:00,37,91,1.3449260989399556,0.0,0.0,0.2085,optimal
2021-02-11 08:30:00,37,91,1.3841635481176182,0.0,0.0,0.09409999999999999,optimal
2021-02-11 09:00:00,37,91,1.3061846840462614,0.0,0.0,0.07883333333333332,optimal
2021-02-11 09:30:00,37,91,1.2089251240444816,0.0,0.0,0.1936,optimal
2021-02-11 10:00:00,37,91,0.825229825872693,0.0,0.0,0.056,optimal
2021-02-11 10:30:00,37,91,0.859817717821384,0.0,0.0,0.0792,optimal
2021-02-11 11:00:00,37,91,0.6351776038667849,0.0,0.0,0.1607333333333333,optimal
2021-02-11 11:30:00,37,91,0.6134855960737688,0.0,0.0,0.066,optimal
2021-02-11 12:00:00,37,91,0.37509156074602745,0.0,0.0,0.05966666666666666,optimal
2021-02-11 12:30:00,37,91,0.3039261063730424,0.0,0.0,0.14880000000000002,optimal
2021-02-11 13:00:00,37,91,2.2857142857142856,0.0,0.0,0.09113333333333334,optimal
2021-02-11 13:30:00,37,91,2.2857142857142856,0.0,0.0,0.1182,optimal
2021-02-11 14:00:00,37,91,2.2857142857142856,0.0,0.0,0.14006666666666667,optimal
2021-02-11 14:30:00,37,91,2.2857142857142856,0.0,0.0,0.2437333333333333,optimal
2021-02-11 15:00:00,37,91,2.2857142857142856,0.0,0.0,0.172,optimal
2021-02-11 15:30:00,37,91,2.2857142857142856,0.0,0.0,0.06333333333333334,optimal
2021-02-11 16:00:00,37,91,0.0,0.0,0.0,0.1008,optimal
2021-02-11 16:30:00,37,91,0.0,0.0,0.0,0.15213333333333331,optimal
2021-02-11 17:00:00,37,91,0.0,0.0,0.0,0.056,optimal
2021-02-11 17:30:00,37,91,0.0,0.0,0.0,0.3,optimal
2021-02-11 18:00:00,37,91,0.0,0.0,0.0,1.1105999999999998,optimal
2021-02-11 18:30:00,37,91,0.0,0.0,0.0,0.1662,optimal
2021-02-11 19:00:00,37,91,0.0,0.0,0.0,0.07606666666666666,optimal
2021-02-11 19:30:00,37,91,1.201877305905482,0.0,0.0,0.1124,optimal
2021-02-11 20:00:00,37,91,1.7986754774313656,0.0,0.0,0.1472,optimal
2021-02-11 20:30:00,37,91,0.0,0.0,0.0,0.057,optimal
2021-02-11 21:00:00,37,91,0.0,0.0,0.0,0.8013666666666667,optimal
2021-02-11 21:30:00,37,91,0.0,0.0,0.0,0.3512,optimal
2021-02-11 22:00:00,37,91,0.0398095238095238,0.0,0.0,0.22319999999999998,optimal
2021-02-11 22:30:00,37,91,0.0,0.0,0.0,0.257,optimal
2021-02-11 23:00:00,37,91,0.0,0.0,0.0,0.12826666666666667,optimal
2021-02-11 23:30:00,37,91,0.0,0.0,0.0,0.1936,optimal
2021-02-12 00:00:00,37,91,0.9168768273101229,0.0,0.0,0.068,optimal
2021-02-12 00:30:00,37,91,2.2857142857142856,0.0,0.0,0.187,optimal
2021-02-12 01:00:00,37,91,2.2857142857142856,0.0,0.0,0.1494,optimal
2021-02-12 01:30:00,37,91,2.2857142857142856,0.0,0.0,0.0912,optimal
2021-02-12 02:00:00,37,91,2.2857142857142856,0.0,0.0,0.23966666666666664,optimal
2021-02-12 02:30:00,37,91,2.2857142857142856,0.0,0.0,0.11993333333333334,optimal
2021-02-12 03:00:00,37,91,2.2857142857142856,0.0,0.0,0.131,optimal
2021-02-12 03:30:00,37,91,2.2857142857142856,0.0,0.0,0.159,optimal
2021-02-12 04:00:00,37,91,2.2857142857142856,0.0,0.0,0.1376,optimal
2021-02-12 04:30:00,37,91,2.2857142857142856,0.0,0.0,0.187,optimal
2021-02-12 05:00:00,37,91,2.2857142857142856,0.0,0.0,0.103,optimal
2021-02-12 05:30:00,37,91,2.2857142857142856,0.0,0.0,0.07333333333333333,optimal
2021-02-12 06:00:00,37,91,2.2857142857142856,0.0,0.0,0.07266666666666667,optimal
2021-02-12 06:30:00,37,91,2.2857142857142856,0.0,0.0,0.22786666666666666,optimal
2021-02-12 07:00:00,37,91,2.2857142857142856,0.0,9.78942908611455,0.1317333333333333,optimal
2021-02-12 07:30:00,37,91,2.2857142857142856,0.0,0.0,0.06733333333333333,optimal
2021-02-12 08:00:00,37,91,2.2857142857142856,0.0,0.0,0.17126666666666668,optimal
2021-02-12 08:30:00,37,91,1.3897140153719048,0.0,0.0,1.1475333333333333,optimal
2021-02-12 09:00:00,37,91,1.0858980161661518,0.0,0.0,1.4756333333333334,optimal
2021-02-12 09:30:00,37,91,0.9485195552113938,0.0,0.0,1.3565999999999998,optimal
2021-02-12 10:00:00,37,91,0.5378700331483572,0.0,0.0,1.4705333333333332,optimal
2021-02-12 10:30:00,37,91,0.4567276289920712,0.0,0.0,2.8487,optimal
2021-02-12 11:00:00,37,91,0.3396606607080725,0.0,0.0,1.9501666666666668,optimal
2021-02-12 11:30:00,37,91,0.40672690780758786,0.0,0.0,0.44356666666666666,optimal
2021-02-12 12:00:00,37,91,0.2018877799935803,0.0,0.0,1.1665,optimal
2021-02-12 12:30:00,37,91,0.25275783661689455,0.0,0.0,1.1996,optimal
2021-02-12 13:00:00,37,91,1.9141807892623703,0.0,0.0,0.155,optimal
2021-02-12 13:30:00,37,91,2.2857142857142856,0.0,0.0,0.2246,optimal
2021-02-12 14:00:00,37,91,2.2857142857142856,0.0,0.0,0.078,optimal
2021-02-12 14:30:00,37,91,2.2857142857142856,0.0,0.0,0.12366666666666669,optimal
2021-02-12 15:00:00,37,91,2.2857142857142856,0.0,0.0,0.2559333333333333,optimal
2021-02-12 15:30:00,37,91,2.2857142857142856,0.0,0.0,0.39453333333333335,optimal
2021-02-12 16:00:00,37,91,0.0,0.0,0.0,0.5687666666666666,optimal
2021-02-12 16:30:00,37,91,0.0,0.0,0.0,0.4187666666666667,optimal
2021-02-12 17:00:00,37,91,0.0,0.0,0.0,0.28513333333333335,optimal
2021-02-12 17:30:00,37,91,0.0,0.0,0.0,0.43260000000000004,optimal
2021-02-12 18:00:00,37,91,0.0,0.0,0.0,0.4495,optimal
2021-02-12 18:30:00,37,91,0.0,0.0,0.0,0.1389,optimal
2021-02-12 19:00:00,37,91,0.0,0.0,0.0,0.39503333333333335,optimal
2021-02-12 19:30:00,37,91,0.0,0.0,0.0,0.3836,optimal
2021-02-12 20:00:00,37,91,0.0,0.0,0.0,0.5426,optimal
2021-02-12 20:30:00,37,91,0.0,0.0,0.0,0.46926666666666667,optimal
2021-02-12 21:00:00,37,91,0.0,0.0,0.0,0.5201666666666667,optimal
2021-02-12 21:30:00,37,91,0.0,0.0,0.0,0.6227333333333334,optimal
2021-02-12 22:00:00,37,91,0.0,0.0,0.0,0.9188,optimal
2021-02-12 22:30:00,37,91,0.0,0.0,0.0,0.3648,optimal
2021-02-12 23:00:00,37,91,0.0,0.0,0.0,0.31693333333333334,optimal
2021-02-12 23:30:00,37,91,0.0,0.0,0.0,0.232,optimal
2021-02-13 00:00:00,37,91,0.0,0.0,0.0,0.06333333333333334,optimal
2021-02-13 00:30:00,37,91,0.31847619047619047,0.0,0.0,0.111,optimal
2021-02-13 01:00:00,37,91,0.0,0.0,0.0,0.08233333333333333,optimal
2021-02-13 01:30:00,37,91,0.0,0.0,0.0,0.223,optimal
2021-02-13 02:00:00,37,91,1.5705311228589305,0.0,0.0,0.1967333333333333,optimal
2021-02-13 02:30:00,37,91,2.2857142857142856,0.0,0.0,0.064,optimal
2021-02-13 03:00:00,37,91,2.2857142857142856,0.0,0.0,0.155,optimal
2021-02-13 03:30:00,37,91,2.2857142857142856,0.0,0.0,0.2720666666666667,optimal
2021-02-13 04:00:00,37,91,2.2857142857142856,0.0,0.0,0.064,optimal
2021-02-13 04:30:00,37,91,2.2857142857142856,0.0,0.0,0.2218333333333333,optimal
2021-02-13 05:00:00,37,91,2.2857142857142856,0.0,0.0,0.10403333333333331,optimal
2021-02-13 05:30:00,37,91,2.2857142857142856,0.0,4.374825166088475,0.23036666666666666,optimal
2021-02-13 06:00:00,37,91,2.2857142857142856,0.0,10.0,0.1245,optimal
2021-02-13 06:30:00,37,91,2.2857142857142856,0.0,10.0,0.10233333333333332,optimal
2021-02-13 07:00:00,37,91,2.2857142857142856,0.0,10.0,0.14133333333333334,optimal
2021-02-13 07:30:00,37,91,2.2857142857142856,0.0,0.0,0.26306666666666667,optimal
2021-02-13 08:00:00,37,91,1.3811285235272985,0.0,0.0,0.07966666666666668,optimal
2021-02-13 08:30:00,37,91,0.9893985801506248,0.0,0.0,1.3393666666666666,optimal
2021-02-13 09:00:00,37,91,1.1266827808930897,0.0,0.0,0.25603333333333333,optimal
2021-02-13 09:30:00,37,91,1.1638044925811288,0.0,0.0,0.062,optimal
2021-02-13 10:00:00,37,91,0.7882952752023112,0.0,0.0,0.3994,optimal
2021-02-13 10:30:00,37,91,0.8155653318256216,0.0,0.0,0.3346,optimal
2021-02-13 11:00:00,37,91,0.04259510525864887,0.0,0.0,3.9851666666666663,optimal
2021-02-13 11:30:00,37,91,0.3948251618819804,0.0,0.0,0.7458333333333333,optimal
2021-02-13 12:00:00,37,91,0.3141952089515897,0.0,0.0,0.6404333333333333,optimal
2021-02-13 12:30:00,37,91,0.23652198886489267,0.0,0.0,0.7039,optimal
2021-02-13 13:00:00,37,91,2.2857142857142856,0.0,0.0,0.8309333333333333,optimal
2021-02-13 13:30:00,37,91,2.2857142857142856,0.0,0.0,1.9145,optimal
2021-02-13 14:00:00,37,91,2.2857142857142856,0.0,0.0,0.8060333333333333,optimal
2021-02-13 14:30:00,37,91,2.2857142857142856,0.0,0.0,0.3507333333333333,optimal
2021-02-13 15:00:00,37,91,2.2857142857142856,0.0,0.0,0.2606,optimal
2021-02-13 15:30:00,37,91,2.2857142857142856,0.0,0.0,0.29669999999999996,optimal
2021-02-13 16:00:00,37,91,0.0,0.0,0.0,0.26863333333333334,optimal
2021-02-13 16:30:00,37,91,0.0,0.0,0.0,0.0785,optimal
2021-02-13 17:00:00,37,91,0.0,0.0,0.0,0.2077333333333333,optimal
2021-02-13 17:30:00,37,91,0.0,0.0,0.0,0.12266666666666669,optimal
2021-02-13 18:00:00,37,91,0.0,0.0,0.0,0.165,optimal
2021-02-13 18:30:00,37,91,0.0,0.0,0.0,0.21506666666666663,optimal
2021-02-13 19:00:00,37,91,0.0,0.0,0.0,0.11766666666666668,optimal
2021-02-13 19:30:00,37,91,0.29076612270647906,0.0,0.0,0.19906666666666664,optimal
2021-02-13 20:00:00,37,91,1.349600593961489,0.0,0.0,0.22066666666666662,optimal
2021-02-13 20:30:00,37,91,0.0,0.0,0.0,0.1075,optimal
2021-02-13 21:00:00,37,91,0.0,0.0,0.0,0.18316666666666662,optimal
2021-02-13 21:30:00,37,91,0.0,0.0,0.0,0.2397333333333333,optimal
2021-02-13 22:00:00,37,91,0.47771428571428565,0.0,0.0,0.29846666666666666,optimal
2021-02-13 22:30:00,37,91,0.0,0.0,0.0,0.5187999999999999,optimal
2021-02-13 23:00:00,37,91,0.0,0.0,0.0,0.2846666666666667,optimal
2021-02-13 23:30:00,37,91,0.0,0.0,0.0,0.42556666666666665,optimal
2021-02-07 00:00:00,38,91,0.0,0.0,0.0,0.051,optimal
2021-02-07 00:30:00,38,91,0.0,0.0,0.0,0.051,optimal
2021-02-07 01:00:00,38,91,0.0,0.0,0.0,0.051,optimal
2021-02-07 01:30:00,38,91,0.0,0.0,0.0,0.17933333333333334,optimal
2021-02-07 02:00:00,38,91,0.0,0.0,0.0,0.051,optimal
2021-02-07 02:30:00,38,91,0.0,0.0,0.0,0.2027,optimal
2021-02-07 03:00:00,38,91,0.0,0.0,0.0,0.09183333333333331,optimal
2021-02-07 03:30:00,38,91,0.0,0.0,0.0,0.09736666666666666,optimal
2021-02-07 04:00:00,38,91,2.2857142857142856,0.0,0.0,0.19583333333333328,optimal
2021-02-07 04:30:00,38,91,2.2857142857142856,0.0,0.0,0.1103,optimal
2021-02-07 05:00:00,38,91,2.2857142857142856,0.0,0.0,0.05456666666666667,optimal
2021-02-07 05:30:00,38,91,2.2857142857142856,0.0,0.0,0.18646666666666667,optimal
2021-02-07 06:00:00,38,91,2.2857142857142856,0.0,0.0,0.10806666666666666,optimal
2021-02-07 06:30:00,38,91,2.2857142857142856,0.0,0.0,0.07433333333333333,optimal
2021-02-07 07:00:00,38,91,2.2857142857142856,0.0,2.317295895793779,0.2059333333333333,optimal
2021-02-07 07:30:00,38,91,0.0,0.0,0.0,0.06526666666666667,optimal
2021-02-07 08:00:00,38,91,0.0,0.0,0.0,0.19846666666666668,optimal
2021-02-07 08:30:00,38,91,0.0,0.0,0.0,0.1426,optimal
2021-02-07 09:00:00,38,91,0.0,0.0,0.0,0.0689,optimal
2021-02-07 09:30:00,38,91,0.7302225539679997,0.0,0.0,0.10663333333333334,optimal
2021-02-07 10:00:00,38,91,0.8735578705789919,0.0,0.0,0.24880000000000002,optimal
2021-02-07 10:30:00,38,91,0.6567320430466204,0.0,0.0,1.5478,optimal
2021-02-07 11:00:00,38,91,0.8060402087696455,0.0,0.0,0.218,optimal
2021-02-07 11:30:00,38,91,0.8502306849601114,0.0,0.0,0.1873333333333333,optimal
2021-02-07 12:00:00,38,91,0.7692006990056043,0.0,0.0,0.07326666666666666,optimal
2021-02-07 12:30:00,38,91,0.7393149847198729,0.0,0.0,0.17386666666666667,optimal
2021-02-07 13:00:00,38,91,2.2857142857142856,0.0,0.0,1.4699333333333333,optimal
2021-02-07 13:30:00,38,91,2.2857142857142856,0.0,0.0,0.5034,optimal
2021-02-07 14:00:00,38,91,2.2857142857142856,0.0,0.0,0.16383333333333333,optimal
2021-02-07 14:30:00,38,91,2.2857142857142856,0.0,0.0,0.5578666666666666,optimal
2021-02-07 15:00:00,38,91,2.2857142857142856,0.0,0.0,0.26723333333333327,optimal
2021-02-07 15:30:00,38,91,2.2857142857142856,0.0,0.0,0.061,optimal
2021-02-07 16:00:00,38,91,0.0,0.0,0.0,0.1893333333333333,optimal
2021-02-07 16:30:00,38,91,0.0,0.0,0.0,0.1252,optimal
2021-02-07 17:00:00,38,91,0.0,0.0,0.0,0.1142,optimal
2021-02-07 17:30:00,38,91,0.0,0.0,0.0,0.20633333333333329,optimal
2021-02-07 18:00:00,38,91,0.0,0.0,0.0,0.17913333333333334,optimal
2021-02-07 18:30:00,38,91,0.0,0.0,0.0,0.258,optimal
2021-02-07 19:00:00,38,91,0.0,0.0,0.0,0.4729,optimal
2021-02-07 19:30:00,38,91,0.023371808833938676,0.0,0.0,0.24496666666666667,optimal
2021-02-07 20:00:00,38,91,1.1035402282448288,0.0,0.0,0.2856666666666667,optimal
2021-02-07 20:30:00,38,91,0.0,0.0,0.0,0.2767333333333333,optimal
2021-02-07 21:00:00,38,91,0.0,0.0,0.0,0.26276666666666665,optimal
2021-02-07 21:30:00,38,91,0.0,0.0,0.0,0.3188666666666667,optimal
2021-02-07 22:00:00,38,91,0.0,0.0,0.0,0.3398333333333333,optimal
2021-02-07 22:30:00,38,91,0.0,0.0,0.0,0.28046666666666664,optimal
2021-02-07 23:00:00,38,91,0.0,0.0,0.0,0.2092333333333333,optimal
2021-02-07 23:30:00,38,91,0.0,0.0,0.0,0.085,optimal
2021-02-08 00:00:00,38,91,0.0,0.0,0.0,0.06733333333333333,optimal
2021-02-08 00:30:00,38,91,0.0,0.0,0.0,0.06466666666666668,optimal
2021-02-08 01:00:00,38,91,0.0,0.0,0.0,0.061,optimal
2021-02-08 01:30:00,38,91,0.0,0.0,0.0,0.061,optimal
2021-02-08 02:00:00,38,91,0.0,0.0,0.0,0.1306,optimal
2021-02-08 02:30:00,38,91,1.0886859166148521,0.0,0.0,0.06733333333333333,optimal
2021-02-08 03:00:00,38,91,2.2857142857142856,0.0,0.0,0.12513333333333335,optimal
2021-02-08 03:30:00,38,91,2.2857142857142856,0.0,0.0,0.08646666666666666,optimal
2021-02-08 04:00:00,38,91,2.2857142857142856,0.0,0.0,0.071,optimal
2021-02-08 04:30:00,38,91,2.2857142857142856,0.0,0.0,0.071,optimal
2021-02-08 05:00:00,38,91,2.2857142857142856,0.0,0.0,0.13426666666666667,optimal
2021-02-08 05:30:00,38,91,2.2857142857142856,0.0,0.0,0.061,optimal
2021-02-08 06:00:00,38,91,2.2857142857142856,0.0,0.5829744450228478,0.06,optimal
2021-02-08 06:30:00,38,91,2.2857142857142856,0.0,10.0,0.8240333333333333,optimal
2021-02-08 07:00:00,38,91,2.2857142857142856,0.0,10.0,0.7400666666666668,optimal
2021-02-08 07:30:00,38,91,2.2857142857142856,0.0,0.0,1.7766,optimal
2021-02-08 08:00:00,38,91,1.0564691005827913,0.0,0.0,1.1920666666666666,optimal
2021-02-08 08:30:00,38,91,1.144178511145668,0.0,0.0,0.06366666666666666,optimal
2021-02-08 09:00:00,38,91,1.045197737691869,0.0,0.0,0.0892,optimal
2021-02-08 09:30:00,38,91,1.0630231456570662,0.0,0.0,1.6007,optimal
2021-02-08 10:00:00,38,91,0.9315814152568918,0.0,0.0,0.143,optimal
2021-02-08 10:30:00,38,91,0.9213255311012095,0.0,0.0,0.22440000000000002,optimal
2021-02-08 11:00:00,38,91,0.6636400380078539,0.0,0.0,0.16593333333333335,optimal
2021-02-08 11:30:00,38,91,0.6520449131592679,0.0,0.0,0.18863333333333332,optimal
2021-02-08 12:00:00,38,91,0.6022880720571991,0.0,0.0,0.071,optimal
2021-02-08 12:30:00,38,91,0.5686635366457168,0.0,0.0,0.1406,optimal
2021-02-08 13:00:00,38,91,2.2857142857142856,0.0,0.0,0.071,optimal
2021-02-08 13:30:00,38,91,2.2857142857142856,0.0,0.0,0.071,optimal
2021-02-08 14:00:00,38,91,2.2857142857142856,0.0,0.0,0.129,optimal
2021-02-08 14:30:00,38,91,2.2857142857142856,0.0,0.0,0.08259999999999999,optimal
2021-02-08 15:00:00,38,91,2.2857142857142856,0.0,0.0,0.071,optimal
2021-02-08 15:30:00,38,91,2.2857142857142856,0.0,0.0,0.13286666666666666,optimal
2021-02-08 16:00:00,38,91,0.0,0.0,0.0,0.07840000000000001,optimal
2021-02-08 16:30:00,38,91,0.0,0.0,0.0,0.1396,optimal
2021-02-08 17:00:00,38,91,0.0,0.0,0.0,0.27536666666666665,optimal
2021-02-08 17:30:00,38,91,0.0,0.0,0.0,0.4552333333333333,optimal
2021-02-08 18:00:00,38,91,0.0,0.0,0.0,0.42660000000000003,optimal
2021-02-08 18:30:00,38,91,0.0,0.0,0.0,1.2235666666666667,optimal
2021-02-08 19:00:00,38,91,0.0,0.0,0.0,1.7233666666666665,optimal
2021-02-08 19:30:00,38,91,0.0,0.0,0.0,0.5882666666666666,optimal
2021-02-08 20:00:00,38,91,0.2415770726848079,0.0,0.0,0.39613333333333334,optimal
2021-02-08 20:30:00,38,91,0.0,0.0,0.0,0.35186666666666666,optimal
2021-02-08 21:00:00,38,91,0.0,0.0,0.0,0.6148333333333333,optimal
2021-02-08 21:30:00,38,91,0.0,0.0,0.0,0.553,optimal
2021-02-08 22:00:00,38,91,0.0,0.0,0.0,0.3686666666666667,optimal
2021-02-08 22:30:00,38,91,0.0,0.0,0.0,1.1639000000000002,optimal
2021-02-08 23:00:00,38,91,0.0,0.0,0.0,0.3018333333333333,optimal
2021-02-08 23:30:00,38,91,0.0,0.0,0.0,0.44653333333333334,optimal
2021-02-09 00:00:00,38,91,0.0,0.0,0.0,0.057,optimal
2021-02-09 00:30:00,38,91,2.1099047619047617,0.0,0.0,0.057,optimal
2021-02-09 01:00:00,38,91,0.0,0.0,0.0,0.28153333333333336,optimal
2021-02-09 01:30:00,38,91,0.0,0.0,0.0,0.1847333333333333,optimal
2021-02-09 02:00:00,38,91,0.0,0.0,0.0,0.057,optimal
2021-02-09 02:30:00,38,91,1.333472344635726,0.0,0.0,0.163,optimal
2021-02-09 03:00:00,38,91,2.2857142857142856,0.0,0.0,0.057,optimal
2021-02-09 03:30:00,38,91,2.2857142857142856,0.0,0.0,0.18896666666666667,optimal
2021-02-09 04:00:00,38,91,2.2857142857142856,0.0,0.0,0.2753,optimal
2021-02-09 04:30:00,38,91,2.2857142857142856,0.0,0.0,0.9382999999999999,optimal
2021-02-09 05:00:00,38,91,2.2857142857142856,0.0,0.0,3.314033333333333,optimal
2021-02-09 05:30:00,38,91,2.2857142857142856,0.0,3.5067001613655324,0.9047000000000001,optimal
2021-02-09 06:00:00,38,91,2.2857142857142856,0.0,10.0,3.654866666666667,optimal
2021-02-09 06:30:00,38,91,2.2857142857142856,0.0,10.0,0.9412,optimal
2021-02-09 07:00:00,38,91,2.2857142857142856,0.0,10.0,2.3224666666666667,optimal
2021-02-09 07:30:00,38,91,2.2857142857142856,0.0,0.0,2.5851333333333333,optimal
2021-02-09 08:00:00,38,91,1.2548004623153608,0.0,0.0,0.10859999999999999,optimal
2021-02-09 08:30:00,38,91,1.2350011083757915,0.0,0.0,0.1457,optimal
2021-02-09 09:00:00,38,91,0.9693180202017555,0.0,0.0,1.3649,optimal
2021-02-09 09:30:00,38,91,0.9283478837512253,0.0,0.0,2.3992666666666667,optimal
2021-02-09 10:00:00,38,91,0.705657143560532,0.0,0.0,1.3430666666666666,optimal
2021-02-09 10:30:00,38,91,0.7364359981057248,0.0,0.0,0.25943333333333335,optimal
2021-02-09 11:00:00,38,91,0.395406328135599,0.0,0.0,2.2165666666666666,optimal
2021-02-09 11:30:00,38,91,0.5139201942827331,0.0,0.0,1.5594666666666668,optimal
2021-02-09 12:00:00,38,91,0.3424668183991084,0.0,0.0,1.5813333333333333,optimal
2021-02-09 12:30:00,38,91,0.4641377141567472,0.0,0.0,0.07066666666666667,optimal
2021-02-09 13:00:00,38,91,1.8698889967000123,0.0,0.0,0.2127,optimal
2021-02-09 13:30:00,38,91,2.2857142857142856,0.0,0.0,0.2735666666666667,optimal
2021-02-09 14:00:00,38,91,2.2857142857142856,0.0,0.0,0.1147,optimal
2021-02-09 14:30:00,38,91,2.2857142857142856,0.0,0.0,0.2569666666666666,optimal
2021-02-09 15:00:00,38,91,2.2857142857142856,0.0,0.0,0.19933333333333328,optimal
2021-02-09 15:30:00,38,91,2.2857142857142856,0.0,0.0,2.519433333333333,optimal
2021-02-09 16:00:00,38,91,0.0,0.0,0.0,0.1404,optimal
2021-02-09 16:30:00,38,91,0.0,0.0,0.0,2.8492333333333333,optimal
2021-02-09 17:00:00,38,91,0.0,0.0,0.0,2.0417666666666667,optimal
2021-02-09 17:30:00,38,91,0.0,0.0,0.0,0.515,optimal
2021-02-09 18:00:00,38,91,0.0,0.0,0.0,0.5055666666666666,optimal
2021-02-09 18:30:00,38,91,0.0,0.0,0.0,0.23613333333333333,optimal
2021-02-09 19:00:00,38,91,0.0,0.0,0.0,2.5564333333333336,optimal
2021-02-09 19:30:00,38,91,0.0,0.0,0.0,0.28176666666666667,optimal
2021-02-09 20:00:00,38,91,0.0,0.0,0.0,0.39953333333333335,optimal
2021-02-09 20:30:00,38,91,0.0,0.0,0.0,0.4731666666666667,optimal
2021-02-09 21:00:00,38,91,0.0,0.0,0.0,0.1827,optimal
2021-02-09 21:30:00,38,91,0.0,0.0,0.0,1.6756,optimal
2021-02-09 22:00:00,38,91,0.0,0.0,0.0,0.3345666666666667,optimal
2021-02-09 22:30:00,38,91,0.0,0.0,0.0,0.15769999999999998,optimal
2021-02-09 23:00:00,38,91,0.0,0.0,0.0,0.2965,optimal
2021-02-09 23:30:00,38,91,0.0,0.0,0.0,0.315,optimal
2021-02-10 00:00:00,38,91,0.0,0.0,0.0,0.058,optimal
2021-02-10 00:30:00,38,91,0.17914285714285713,0.0,0.0,0.058,optimal
2021-02-10 01:00:00,38,91,0.0,0.0,0.0,0.18306666666666663,optimal
2021-02-10 01:30:00,38,91,0.0,0.0,0.0,0.16946666666666668,optimal
2021-02-10 02:00:00,38,91,1.6404978320370933,0.0,0.0,0.0728,optimal
2021-02-10 02:30:00,38,91,2.2857142857142856,0.0,0.0,0.2797333333333333,optimal
2021-02-10 03:00:00,38,91,2.2857142857142856,0.0,0.0,0.058,optimal
2021-02-10 03:30:00,38,91,2.2857142857142856,0.0,0.0,0.058,optimal
2021-02-10 04:00:00,38,91,2.2857142857142856,0.0,0.0,0.15666666666666665,optimal
2021-02-10 04:30:00,38,91,2.2857142857142856,0.0,0.0,0.10813333333333335,optimal
2021-02-10 05:00:00,38,91,2.2857142857142856,0.0,0.0,0.1704,optimal
2021-02-10 05:30:00,38,91,2.2857142857142856,0.0,0.0,0.132,optimal
2021-02-10 06:00:00,38,91,2.2857142857142856,0.0,3.8289439994688967,0.19586666666666666,optimal
2021-02-10 06:30:00,38,91,2.2857142857142856,0.0,10.0,0.156,optimal
2021-02-10 07:00:00,38,91,2.2857142857142856,0.0,10.0,0.06893333333333333,optimal
2021-02-10 07:30:00,38,91,2.2857142857142856,0.0,0.0,0.3376,optimal
2021-02-10 08:00:00,38,91,1.3617746627912914,0.0,0.0,0.16,optimal
2021-02-10 08:30:00,38,91,1.3762263178560212,0.0,0.0,0.058,optimal
2021-02-10 09:00:00,38,91,1.1849831118423475,0.0,0.0,0.11973333333333332,optimal
2021-02-10 09:30:00,38,91,1.135130005002297,0.0,0.0,0.24946666666666667,optimal
2021-02-10 10:00:00,38,91,0.6959895617347241,0.0,0.0,0.8451666666666666,optimal
2021-02-10 10:30:00,38,91,0.800460683985647,0.0,0.0,1.4184666666666668,optimal
2021-02-10 11:00:00,38,91,0.6817642813006216,0.0,0.0,0.21146666666666666,optimal
2021-02-10 11:30:00,38,91,0.6813824897853586,0.0,0.0,0.1982,optimal
2021-02-10 12:00:00,38,91,0.4467115891220802,0.0,0.0,0.1916,optimal
2021-02-10 12:30:00,38,91,0.29935539864590194,0.0,0.0,2.2491333333333334,optimal
2021-02-10 13:00:00,38,91,2.2857142857142856,0.0,0.0,2.6014,optimal
2021-02-10 13:30:00,38,91,2.2857142857142856,0.0,0.0,0.7288333333333333,optimal
2021-02-10 14:00:00,38,91,2.2857142857142856,0.0,0.0,0.10813333333333335,optimal
2021-02-10 14:30:00,38,91,2.2857142857142856,0.0,0.0,0.15666666666666665,optimal
2021-02-10 15:00:00,38,91,2.2857142857142856,0.0,0.0,0.19626666666666667,optimal
2021-02-10 15:30:00,38,91,2.2857142857142856,0.0,0.0,0.10706666666666666,optimal
2021-02-10 16:00:00,38,91,0.0,0.0,0.0,0.1172,optimal
2021-02-10 16:30:00,38,91,0.0,0.0,0.0,0.08346666666666668,optimal
2021-02-10 17:00:00,38,91,0.0,0.0,0.0,0.2857333333333333,optimal
2021-02-10 17:30:00,38,91,0.0,0.0,0.0,0.114,optimal
2021-02-10 18:00:00,38,91,0.0,0.0,0.0,0.2946666666666667,optimal
2021-02-10 18:30:00,38,91,0.0,0.0,0.0,0.4317,optimal
2021-02-10 19:00:00,38,91,0.0,0.0,0.0,0.4233,optimal
2021-02-10 19:30:00,38,91,0.0,0.0,0.0,0.5011333333333333,optimal
2021-02-10 20:00:00,38,91,0.4053619342149207,0.0,0.0,1.3402333333333332,optimal
2021-02-10 20:30:00,38,91,0.0,0.0,0.0,1.1918,optimal
2021-02-10 21:00:00,38,91,0.0,0.0,0.0,0.6702,optimal
2021-02-10 21:30:00,38,91,0.0,0.0,0.0,0.4545,optimal
2021-02-10 22:00:00,38,91,0.0796190476190476,0.0,0.0,0.8121333333333334,optimal
2021-02-10 22:30:00,38,91,0.0,0.0,0.0,2.9722,optimal
2021-02-10 23:00:00,38,91,0.0,0.0,0.0,2.3735,optimal
2021-02-10 23:30:00,38,91,0.0,0.0,0.0,0.068,optimal
2021-02-11 00:00:00,38,91,0.0,0.0,0.0,0.067,optimal
2021-02-11 00:30:00,38,91,2.2857142857142856,0.0,0.0,0.067,optimal
2021-02-11 01:00:00,38,91,2.204531527017824,0.0,0.0,0.067,optimal
2021-02-11 01:30:00,38,91,2.2857142857142856,0.0,0.0,0.2142,optimal
2021-02-11 02:00:00,38,91,2.2857142857142856,0.0,0.0,0.06766666666666667,optimal
2021-02-11 02:30:00,38,91,2.2857142857142856,0.0,0.0,0.09833333333333331,optimal
2021-02-11 03:00:00,38,91,2.2857142857142856,0.0,0.0,0.17353333333333334,optimal
2021-02-11 03:30:00,38,91,2.2857142857142856,0.0,0.0,0.067,optimal
2021-02-11 04:00:00,38,91,2.2857142857142856,0.0,0.0,0.161,optimal
2021-02-11 04:30:00,38,91,2.2857142857142856,0.0,0.0,0.11086666666666666,optimal
2021-02-11 05:00:00,38,91,2.2857142857142856,0.0,0.0,0.067,optimal
2021-02-11 05:30:00,38,91,2.2857142857142856,0.0,0.0,0.161,optimal
2021-02-11 06:00:00,38,91,2.2857142857142856,0.0,0.0,0.11086666666666666,optimal
2021-02-11 06:30:00,38,91,2.2857142857142856,0.0,0.0,0.10766666666666669,optimal
2021-02-11 07:00:00,38,91,2.2857142857142856,0.0,8.33903459268404,0.18353333333333333,optimal
2021-02-11 07:30:00,38,91,2.2857142857142856,0.0,0.0,0.077,optimal
2021-02-11 08:00:00,38,91,1.3579260989399595,0.0,0.0,0.24963333333333332,optimal
2021-02-11 08:30:00,38,91,1.3855159290699928,0.0,0.0,1.2593333333333332,optimal
2021-02-11 09:00:00,38,91,1.3556989697605493,0.0,0.0,0.077,optimal
2021-02-11 09:30:00,38,91,1.215496552615916,0.0,0.0,0.171,optimal
2021-02-11 10:00:00,38,91,0.8096679211107811,0.0,0.0,0.12086666666666666,optimal
2021-02-11 10:30:00,38,91,0.8634177178213784,0.0,0.0,0.077,optimal
2021-02-11 11:00:00,38,91,0.6619776038667938,0.0,0.0,0.077,optimal
2021-02-11 11:30:00,38,91,0.5185522627404425,0.0,0.0,1.4155666666666666,optimal
2021-02-11 12:00:00,38,91,0.23645156074604384,0.0,0.0,0.6994333333333332,optimal
2021-02-11 12:30:00,38,91,0.0849832492301792,0.0,0.0,1.3434000000000001,optimal
2021-02-11 13:00:00,38,91,2.2857142857142856,0.0,0.0,2.070466666666667,optimal
2021-02-11 13:30:00,38,91,2.2857142857142856,0.0,0.0,0.1175,optimal
2021-02-11 14:00:00,38,91,2.2857142857142856,0.0,0.0,0.9027999999999999,optimal
2021-02-11 14:30:00,38,91,2.2857142857142856,0.0,0.0,3.2766666666666664,optimal
2021-02-11 15:00:00,38,91,2.2857142857142856,0.0,0.0,1.4781333333333335,optimal
2021-02-11 15:30:00,38,91,2.2857142857142856,0.0,0.0,0.4493666666666667,optimal
2021-02-11 16:00:00,38,91,0.0,0.0,0.0,0.2051,optimal
2021-02-11 16:30:00,38,91,0.0,0.0,0.0,0.25839999999999996,optimal
2021-02-11 17:00:00,38,91,0.0,0.0,0.0,2.3841,optimal
2021-02-11 17:30:00,38,91,0.0,0.0,0.0,0.47673333333333334,optimal
2021-02-11 18:00:00,38,91,0.0,0.0,0.0,0.4527,optimal
2021-02-11 18:30:00,38,91,0.0,0.0,0.0,0.4231666666666667,optimal
2021-02-11 19:00:00,38,91,0.0,0.0,0.0,0.5742,optimal
2021-02-11 19:30:00,38,91,0.8368324069360212,0.0,0.0,2.7927,optimal
2021-02-11 20:00:00,38,91,1.5560469060027984,0.0,0.0,0.43439999999999995,optimal
2021-02-11 20:30:00,38,91,0.0,0.0,0.0,0.5186000000000001,optimal
2021-02-11 21:00:00,38,91,0.0,0.0,0.0,0.9374,optimal
2021-02-11 21:30:00,38,91,0.0,0.0,0.0,2.5540666666666665,optimal
2021-02-11 22:00:00,38,91,0.0398095238095238,0.0,0.0,3.1771333333333334,optimal
2021-02-11 22:30:00,38,91,0.0,0.0,0.0,0.6350666666666667,optimal
2021-02-11 23:00:00,38,91,0.0398095238095238,0.0,0.0,0.4724666666666666,optimal
2021-02-11 23:30:00,38,91,0.0,0.0,0.0,0.18353333333333333,optimal
2021-02-12 00:00:00,38,91,0.3299598565460986,0.0,0.0,0.062,optimal
2021-02-12 00:30:00,38,91,2.2857142857142856,0.0,0.0,0.154,optimal
2021-02-12 01:00:00,38,91,2.2857142857142856,0.0,0.0,0.10493333333333334,optimal
2021-02-12 01:30:00,38,91,2.2857142857142856,0.0,0.0,0.06813333333333334,optimal
2021-02-12 02:00:00,38,91,2.2857142857142856,0.0,0.0,0.19080000000000003,optimal
2021-02-12 02:30:00,38,91,2.2857142857142856,0.0,0.0,0.062,optimal
2021-02-12 03:00:00,38,91,2.2857142857142856,0.0,0.0,0.062,optimal
2021-02-12 03:30:00,38,91,2.2857142857142856,0.0,0.0,0.2006,optimal
2021-02-12 04:00:00,38,91,2.2857142857142856,0.0,0.0,0.068,optimal
2021-02-12 04:30:00,38,91,2.2857142857142856,0.0,0.0,0.062,optimal
2021-02-12 05:00:00,38,91,2.2857142857142856,0.0,0.0,0.19693333333333332,optimal
2021-02-12 05:30:00,38,91,2.2857142857142856,0.0,0.0,0.062,optimal
2021-02-12 06:00:00,38,91,2.2857142857142856,0.0,0.0,0.06366666666666666,optimal
2021-02-12 06:30:00,38,91,2.2857142857142856,0.0,6.204426793852244,0.07033333333333333,optimal
2021-02-12 07:00:00,38,91,2.2857142857142856,0.0,10.0,0.5146333333333333,optimal
2021-02-12 07:30:00,38,91,2.2857142857142856,0.0,0.0,0.7710666666666667,optimal
2021-02-12 08:00:00,38,91,1.6404828352183085,0.0,0.0,0.1955,optimal
2021-02-12 08:30:00,38,91,1.5042597515821672,0.0,0.0,0.31356666666666666,optimal
2021-02-12 09:00:00,38,91,1.4352732542613866,0.0,0.0,0.072,optimal
2021-02-12 09:30:00,38,91,1.2788890790209149,0.0,0.0,0.09040000000000001,optimal
2021-02-12 10:00:00,38,91,0.8152300331483586,0.0,0.0,0.18853333333333333,optimal
2021-02-12 10:30:00,38,91,0.8210476289920643,0.0,0.0,0.072,optimal
2021-02-12 11:00:00,38,91,0.5326739940414199,0.0,0.0,0.1456,optimal
2021-02-12 11:30:00,38,91,0.5327440506647323,0.0,0.0,0.13333333333333333,optimal
2021-02-12 12:00:00,38,91,0.45758016094596815,0.0,0.0,0.072,optimal
2021-02-12 12:30:00,38,91,0.41559307471212875,0.0,0.0,0.2069333333333333,optimal
2021-02-12 13:00:00,38,91,2.2857142857142856,0.0,0.0,0.072,optimal
2021-02-12 13:30:00,38,91,2.2857142857142856,0.0,0.0,0.17013333333333333,optimal
2021-02-12 14:00:00,38,91,2.2857142857142856,0.0,0.0,0.1088,optimal
2021-02-12 14:30:00,38,91,2.2857142857142856,0.0,0.0,0.072,optimal
2021-02-12 15:00:00,38,91,2.2857142857142856,0.0,0.0,0.08,optimal
2021-02-12 15:30:00,38,91,2.2857142857142856,0.0,0.0,0.3162333333333333,optimal
2021-02-12 16:00:00,38,91,0.0,0.0,0.0,0.3012666666666666,optimal
2021-02-12 16:30:00,38,91,0.0,0.0,0.0,0.7209666666666666,optimal
2021-02-12 17:00:00,38,91,0.0,0.0,0.0,0.3161333333333333,optimal
2021-02-12 17:30:00,38,91,0.0,0.0,0.0,0.34653333333333336,optimal
2021-02-12 18:00:00,38,91,0.0,0.0,0.0,0.41943333333333327,optimal
2021-02-12 18:30:00,38,91,0.0,0.0,0.0,0.34153333333333336,optimal
2021-02-12 19:00:00,38,91,0.0,0.0,0.0,0.32456666666666667,optimal
2021-02-12 19:30:00,38,91,0.0,0.0,0.0,0.4713,optimal
2021-02-12 20:00:00,38,91,1.05804070664498,0.0,0.0,0.3798666666666667,optimal
2021-02-12 20:30:00,38,91,0.0,0.0,0.0,0.5528333333333334,optimal
2021-02-12 21:00:00,38,91,0.0,0.0,0.0,0.40373333333333333,optimal
2021-02-12 21:30:00,38,91,0.0,0.0,0.0,0.2901,optimal
2021-02-12 22:00:00,38,91,0.0,0.0,0.0,0.785,optimal
2021-02-12 22:30:00,38,91,0.0,0.0,0.0,0.3086666666666667,optimal
2021-02-12 23:00:00,38,91,0.0,0.0,0.0,0.072,optimal
2021-02-12 23:30:00,38,91,0.0,0.0,0.0,0.072,optimal
2021-02-13 00:00:00,38,91,0.0398095238095238,0.0,0.0,0.06206666666666667,optimal
2021-02-13 00:30:00,38,91,0.3582857142857142,0.0,0.0,0.3721333333333333,optimal
2021-02-13 01:00:00,38,91,0.0,0.0,0.0,0.0942,optimal
2021-02-13 01:30:00,38,91,0.0,0.0,0.0,0.1409,optimal
2021-02-13 02:00:00,38,91,1.8685549685644034,0.0,0.0,0.23303333333333334,optimal
2021-02-13 02:30:00,38,91,2.2857142857142856,0.0,0.0,0.1514,optimal
2021-02-13 03:00:00,38,91,2.2857142857142856,0.0,0.0,0.1724,optimal
2021-02-13 03:30:00,38,91,2.2857142857142856,0.0,0.0,0.20153333333333334,optimal
2021-02-13 04:00:00,38,91,2.2857142857142856,0.0,0.0,0.1829,optimal
2021-02-13 04:30:00,38,91,2.2857142857142856,0.0,0.0,0.2541,optimal
2021-02-13 05:00:00,38,91,2.2857142857142856,0.0,0.0,0.12133333333333332,optimal
2021-02-13 05:30:00,38,91,2.2857142857142856,0.0,0.0,0.14186666666666667,optimal
2021-02-13 06:00:00,38,91,2.2857142857142856,0.0,6.077215143222421,0.29146666666666665,optimal
2021-02-13 06:30:00,38,91,2.2857142857142856,0.0,10.0,0.06266666666666666,optimal
2021-02-13 07:00:00,38,91,2.2857142857142856,0.0,10.0,0.30596666666666666,optimal
2021-02-13 07:30:00,38,91,2.2857142857142856,0.0,0.0,0.19496666666666668,optimal
2021-02-13 08:00:00,38,91,1.2721094759082603,0.0,0.0,0.2137,optimal
2021-02-13 08:30:00,38,91,1.3616176277696757,0.0,0.0,0.3132333333333333,optimal
2021-02-13 09:00:00,38,91,1.2683494475597505,0.0,0.0,0.1005,optimal
2021-02-13 09:30:00,38,91,1.2134521116287391,0.0,0.0,0.23253333333333334,optimal
2021-02-13 10:00:00,38,91,0.9372000371070626,0.0,0.0,0.2412,optimal
2021-02-13 10:30:00,38,91,0.9793653318256286,0.0,0.0,0.08159999999999999,optimal
2021-02-13 11:00:00,38,91,0.6176922481158029,0.0,0.0,0.28113333333333335,optimal
2021-02-13 11:30:00,38,91,0.6359527809295963,0.0,0.0,0.2052,optimal
2021-02-13 12:00:00,38,91,0.5361094946658699,0.0,0.0,0.11309999999999999,optimal
2021-02-13 12:30:00,38,91,0.48173532219821574,0.0,0.0,0.27936666666666665,optimal
2021-02-13 13:00:00,38,91,2.2857142857142856,0.0,0.0,0.1628666666666667,optimal
2021-02-13 13:30:00,38,91,2.2857142857142856,0.0,0.0,0.2076,optimal
2021-02-13 14:00:00,38,91,2.2857142857142856,0.0,0.0,0.1863333333333333,optimal
2021-02-13 14:30:00,38,91,2.2857142857142856,0.0,0.0,0.1992,optimal
2021-02-13 15:00:00,38,91,2.2857142857142856,0.0,0.0,0.2754,optimal
2021-02-13 15:30:00,38,91,2.2857142857142856,0.0,0.0,0.08073333333333334,optimal
2021-02-13 16:00:00,38,91,0.0,0.0,0.0,0.2811,optimal
2021-02-13 16:30:00,38,91,0.0,0.0,0.0,0.17003333333333334,optimal
2021-02-13 17:00:00,38,91,0.0,0.0,0.0,0.19,optimal
2021-02-13 17:30:00,38,91,0.0,0.0,0.0,0.12253333333333331,optimal
2021-02-13 18:00:00,38,91,0.0,0.0,0.0,0.3410666666666667,optimal
2021-02-13 18:30:00,38,91,0.0,0.0,0.0,0.3815,optimal
2021-02-13 19:00:00,38,91,0.0,0.0,0.0,0.2979,optimal
2021-02-13 19:30:00,38,91,0.30778675313854453,0.0,0.0,1.7071666666666667,optimal
2021-02-13 20:00:00,38,91,1.1926005939614812,0.0,0.0,0.5121333333333333,optimal
2021-02-13 20:30:00,38,91,0.0,0.0,0.0,0.37376666666666664,optimal
2021-02-13 21:00:00,38,91,0.0,0.0,0.0,0.26653333333333334,optimal
2021-02-13 21:30:00,38,91,0.0,0.0,0.0,0.21456666666666663,optimal
2021-02-13 22:00:00,38,91,0.0,0.0,0.0,0.21126666666666669,optimal
2021-02-13 22:30:00,38,91,0.0,0.0,0.0,0.12266666666666669,optimal
2021-02-13 23:00:00,38,91,0.0,0.0,0.0,0.27346666666666664,optimal
2021-02-13 23:30:00,38,91,0.0,0.0,0.0,0.1989333333333333,optimal
2021-02-07 00:00:00,39,91,0.03980952380952381,0.0,0.0,0.3944333333333333,optimal
2021-02-07 00:30:00,39,91,0.0,0.0,0.0,0.16046666666666667,optimal
2021-02-07 01:00:00,39,91,0.0,0.0,0.0,0.059,optimal
2021-02-07 01:30:00,39,91,0.0,0.0,0.0,0.18313333333333331,optimal
2021-02-07 02:00:00,39,91,0.0,0.0,0.0,0.1638,optimal
2021-02-07 02:30:00,39,91,0.0,0.0,0.0,0.11566666666666668,optimal
2021-02-07 03:00:00,39,91,0.0,0.0,0.0,0.206,optimal
2021-02-07 03:30:00,39,91,0.0,0.0,0.0,0.17863333333333334,optimal
2021-02-07 04:00:00,39,91,2.2857142857142856,0.0,0.0,0.15330000000000002,optimal
2021-02-07 04:30:00,39,91,2.2857142857142856,0.0,0.0,0.2027333333333333,optimal
2021-02-07 05:00:00,39,91,2.2857142857142856,0.0,0.0,0.09213333333333334,optimal
2021-02-07 05:30:00,39,91,2.2857142857142856,0.0,0.0,0.2026,optimal
2021-02-07 06:00:00,39,91,2.2857142857142856,0.0,0.0,0.19619999999999999,optimal
2021-02-07 06:30:00,39,91,2.2857142857142856,0.0,0.0,0.15330000000000002,optimal
2021-02-07 07:00:00,39,91,2.2857142857142856,0.0,1.9104478659086885,0.26696666666666663,optimal
2021-02-07 07:30:00,39,91,0.0,0.0,0.0,0.1834,optimal
2021-02-07 08:00:00,39,91,0.0,0.0,0.0,0.30133333333333334,optimal
2021-02-07 08:30:00,39,91,0.0,0.0,0.0,0.3372333333333333,optimal
2021-02-07 09:00:00,39,91,0.0,0.0,0.0,0.3141666666666667,optimal
2021-02-07 09:30:00,39,91,0.0,0.0,0.0,0.295,optimal
2021-02-07 10:00:00,39,91,0.8622449345473835,0.0,0.0,0.2964,optimal
2021-02-07 10:30:00,39,91,0.8421415668561589,0.0,0.0,0.5122666666666666,optimal
2021-02-07 11:00:00,39,91,0.7162687801982144,0.0,0.0,0.4349333333333333,optimal
2021-02-07 11:30:00,39,91,0.5924973516267854,0.0,0.0,0.7002333333333334,optimal
2021-02-07 12:00:00,39,91,0.5821816513865433,0.0,0.0,0.39363333333333334,optimal
2021-02-07 12:30:00,39,91,0.6539054609103583,0.0,0.0,0.26539999999999997,optimal
2021-02-07 13:00:00,39,91,2.2857142857142856,0.0,0.0,0.3229666666666666,optimal
2021-02-07 13:30:00,39,91,2.2857142857142856,0.0,0.0,0.49373333333333336,optimal
2021-02-07 14:00:00,39,91,2.2857142857142856,0.0,0.0,0.164,optimal
2021-02-07 14:30:00,39,91,2.2857142857142856,0.0,0.0,0.22366666666666662,optimal
2021-02-07 15:00:00,39,91,2.2857142857142856,0.0,0.0,0.228,optimal
2021-02-07 15:30:00,39,91,2.2857142857142856,0.0,0.0,0.4869,optimal
2021-02-07 16:00:00,39,91,0.0,0.0,0.0,0.5264333333333333,optimal
2021-02-07 16:30:00,39,91,0.0,0.0,0.0,0.8894666666666667,optimal
2021-02-07 17:00:00,39,91,0.0,0.0,0.0,1.9853666666666663,optimal
2021-02-07 17:30:00,39,91,0.0,0.0,0.0,1.4522666666666668,optimal
2021-02-07 18:00:00,39,91,0.0,0.0,0.0,0.37126666666666663,optimal
2021-02-07 18:30:00,39,91,0.0,0.0,0.0,1.6989,optimal
2021-02-07 19:00:00,39,91,0.0,0.0,0.0,1.7318666666666667,optimal
2021-02-07 19:30:00,39,91,0.0,0.0,0.0,0.6107,optimal
2021-02-07 20:00:00,39,91,0.09526057102688386,0.0,0.0,0.5046333333333334,optimal
2021-02-07 20:30:00,39,91,0.0,0.0,0.0,0.393,optimal
2021-02-07 21:00:00,39,91,0.0,0.0,0.0,0.5065,optimal
2021-02-07 21:30:00,39,91,0.0,0.0,0.0,0.3244666666666666,optimal
2021-02-07 22:00:00,39,91,0.05971428571428571,0.0,0.0,0.4418,optimal
2021-02-07 22:30:00,39,91,0.0,0.0,0.0,0.22733333333333328,optimal
2021-02-07 23:00:00,39,91,0.0,0.0,0.0,0.069,optimal
2021-02-07 23:30:00,39,91,0.0,0.0,0.0,0.27153333333333335,optimal
2021-02-08 00:00:00,39,91,0.0,0.0,0.0,0.06633333333333333,optimal
2021-02-08 00:30:00,39,91,2.2857142857142856,0.0,0.0,0.069,optimal
2021-02-08 01:00:00,39,91,0.3218095238095238,0.0,0.0,0.064,optimal
2021-02-08 01:30:00,39,91,0.0,0.0,0.0,0.08933333333333333,optimal
2021-02-08 02:00:00,39,91,0.0,0.0,0.0,0.09566666666666669,optimal
2021-02-08 02:30:00,39,91,1.6342993211804262,0.0,0.0,0.064,optimal
2021-02-08 03:00:00,39,91,2.2857142857142856,0.0,0.0,0.121,optimal
2021-02-08 03:30:00,39,91,2.2857142857142856,0.0,0.0,0.064,optimal
2021-02-08 04:00:00,39,91,2.2857142857142856,0.0,0.0,0.121,optimal
2021-02-08 04:30:00,39,91,2.2857142857142856,0.0,0.0,0.064,optimal
2021-02-08 05:00:00,39,91,2.2857142857142856,0.0,0.0,0.121,optimal
2021-02-08 05:30:00,39,91,2.2857142857142856,0.0,0.0,0.064,optimal
2021-02-08 06:00:00,39,91,2.2857142857142856,0.0,0.0,0.11466666666666668,optimal
2021-02-08 06:30:00,39,91,2.2857142857142856,0.0,0.0,0.07266666666666667,optimal
2021-02-08 07:00:00,39,91,2.2857142857142856,0.0,6.892444061755462,0.1195,optimal
2021-02-08 07:30:00,39,91,2.2857142857142856,0.0,0.0,0.0715,optimal
2021-02-08 08:00:00,39,91,1.049499576773272,0.0,0.0,0.062,optimal
2021-02-08 08:30:00,39,91,0.9630451778123227,0.0,0.0,0.119,optimal
2021-02-08 09:00:00,39,91,0.7791005948347159,0.0,0.0,1.4889666666666668,optimal
2021-02-08 09:30:00,39,91,0.9695907647046913,0.0,0.0,0.1728,optimal
2021-02-08 10:00:00,39,91,0.5733147485902302,0.0,0.0,3.4677,optimal
2021-02-08 10:30:00,39,91,0.7409617215774023,0.0,0.0,2.263266666666667,optimal
2021-02-08 11:00:00,39,91,0.5920038475316661,0.0,0.0,0.7850666666666667,optimal
2021-02-08 11:30:00,39,91,0.5617287226830788,0.0,0.0,1.104266666666667,optimal
2021-02-08 12:00:00,39,91,0.5046975958667214,0.0,0.0,0.6724,optimal
2021-02-08 12:30:00,39,91,0.40235496521715797,0.0,0.0,1.5319,optimal
2021-02-08 13:00:00,39,91,2.2857142857142856,0.0,0.0,0.10786666666666667,optimal
2021-02-08 13:30:00,39,91,2.2857142857142856,0.0,0.0,0.074,optimal
2021-02-08 14:00:00,39,91,2.2857142857142856,0.0,0.0,0.112,optimal
2021-02-08 14:30:00,39,91,2.2857142857142856,0.0,0.0,0.093,optimal
2021-02-08 15:00:00,39,91,2.2857142857142856,0.0,0.0,0.074,optimal
2021-02-08 15:30:00,39,91,2.2857142857142856,0.0,0.0,0.074,optimal
2021-02-08 16:00:00,39,91,0.0,0.0,0.0,0.074,optimal
2021-02-08 16:30:00,39,91,0.0,0.0,0.0,0.1025,optimal
2021-02-08 17:00:00,39,91,0.0,0.0,0.0,0.17803333333333332,optimal
2021-02-08 17:30:00,39,91,0.0,0.0,0.0,1.4831333333333334,optimal
2021-02-08 18:00:00,39,91,0.0,0.0,0.0,1.9225666666666663,optimal
2021-02-08 18:30:00,39,91,0.0,0.0,0.0,0.28053333333333336,optimal
2021-02-08 19:00:00,39,91,0.0,0.0,0.0,0.22466666666666663,optimal
2021-02-08 19:30:00,39,91,0.40790153247799255,0.0,0.0,0.38766666666666666,optimal
2021-02-08 20:00:00,39,91,1.0773500713632278,0.0,0.0,0.33636666666666665,optimal
2021-02-08 20:30:00,39,91,0.0,0.0,0.0,0.3905,optimal
2021-02-08 21:00:00,39,91,0.0,0.0,0.0,0.4207666666666667,optimal
2021-02-08 21:30:00,39,91,0.0,0.0,0.0,0.346,optimal
2021-02-08 22:00:00,39,91,0.4578095238095238,0.0,0.0,0.27996666666666664,optimal
2021-02-08 22:30:00,39,91,0.0,0.0,0.0,0.42506666666666665,optimal
2021-02-08 23:00:00,39,91,0.0,0.0,0.0,2.108633333333333,optimal
2021-02-08 23:30:00,39,91,0.09952380952380951,0.0,0.0,0.2521,optimal
2021-02-09 00:00:00,39,91,0.0,0.0,0.0,0.22419999999999998,optimal
2021-02-09 00:30:00,39,91,1.2141904761904758,0.0,0.0,0.22390000000000002,optimal
2021-02-09 01:00:00,39,91,0.0,0.0,0.0,0.1225,optimal
2021-02-09 01:30:00,39,91,0.0,0.0,0.0,0.2614666666666666,optimal
2021-02-09 02:00:00,39,91,0.0,0.0,0.0,0.13813333333333333,optimal
2021-02-09 02:30:00,39,91,1.1901027224435252,0.0,0.0,0.19669999999999999,optimal
2021-02-09 03:00:00,39,91,2.2857142857142856,0.0,0.0,0.14483333333333334,optimal
2021-02-09 03:30:00,39,91,2.2857142857142856,0.0,0.0,0.056,optimal
2021-02-09 04:00:00,39,91,2.2857142857142856,0.0,0.0,0.18330000000000002,optimal
2021-02-09 04:30:00,39,91,2.2857142857142856,0.0,0.0,0.1582333333333333,optimal
2021-02-09 05:00:00,39,91,2.2857142857142856,0.0,0.0,0.056,optimal
2021-02-09 05:30:00,39,91,2.2857142857142856,0.0,0.0,0.11693333333333333,optimal
2021-02-09 06:00:00,39,91,2.2857142857142856,0.0,0.0,0.1987333333333333,optimal
2021-02-09 06:30:00,39,91,2.2857142857142856,0.0,8.38530506111533,0.0979,optimal
2021-02-09 07:00:00,39,91,2.2857142857142856,0.0,10.0,1.2621,optimal
2021-02-09 07:30:00,39,91,2.2857142857142856,0.0,0.0,1.0920666666666665,optimal
2021-02-09 08:00:00,39,91,1.1509528432677376,0.0,0.0,0.572,optimal
2021-02-09 08:30:00,39,91,1.182494441709143,0.0,0.0,1.1193333333333333,optimal
2021-02-09 09:00:00,39,91,1.083994210677944,0.0,0.0,0.14993333333333334,optimal
2021-02-09 09:30:00,39,91,0.9794812170845554,0.0,0.0,0.4116,optimal
2021-02-09 10:00:00,39,91,0.5841809530843439,0.0,0.0,1.3820666666666666,optimal
2021-02-09 10:30:00,39,91,0.8074836171533408,0.0,0.0,0.2223333333333333,optimal
2021-02-09 11:00:00,39,91,0.33064251861180666,0.0,0.0,3.3618,optimal
2021-02-09 11:30:00,39,91,0.3623278133303673,0.0,0.0,3.2181333333333333,optimal
2021-02-09 12:00:00,39,91,0.07259443744672908,0.0,0.0,1.2506333333333335,optimal
2021-02-09 12:30:00,39,91,0.30195676177578235,0.0,0.0,0.4043,optimal
2021-02-09 13:00:00,39,91,2.2857142857142856,0.0,0.0,0.066,optimal
2021-02-09 13:30:00,39,91,2.2857142857142856,0.0,0.0,0.0727,optimal
2021-02-09 14:00:00,39,91,2.2857142857142856,0.0,0.0,0.28883333333333333,optimal
2021-02-09 14:30:00,39,91,2.2857142857142856,0.0,0.0,0.066,optimal
2021-02-09 15:00:00,39,91,2.2857142857142856,0.0,0.0,0.11040000000000001,optimal
2021-02-09 15:30:00,39,91,2.2857142857142856,0.0,0.0,0.2511333333333333,optimal
2021-02-09 16:00:00,39,91,0.0,0.0,0.0,0.066,optimal
2021-02-09 16:30:00,39,91,0.0,0.0,0.0,0.21513333333333332,optimal
2021-02-09 17:00:00,39,91,0.0,0.0,0.0,0.1464,optimal
2021-02-09 17:30:00,39,91,0.0,0.0,0.0,0.066,optimal
2021-02-09 18:00:00,39,91,0.0,0.0,0.0,0.066,optimal
2021-02-09 18:30:00,39,91,0.0,0.0,0.0,0.29553333333333337,optimal
2021-02-09 19:00:00,39,91,0.0,0.0,0.0,0.066,optimal
2021-02-09 19:30:00,39,91,0.0,0.0,0.0,0.28286666666666666,optimal
2021-02-09 20:00:00,39,91,0.6793395859178812,0.0,0.0,0.3935666666666667,optimal
2021-02-09 20:30:00,39,91,0.0,0.0,0.0,0.2194,optimal
2021-02-09 21:00:00,39,91,0.0,0.0,0.0,0.9159333333333332,optimal
2021-02-09 21:30:00,39,91,0.0,0.0,0.0,0.4605,optimal
2021-02-09 22:00:00,39,91,0.4777142857142857,0.0,0.0,0.2774,optimal
2021-02-09 22:30:00,39,91,0.0,0.0,0.0,1.2094333333333334,optimal
2021-02-09 23:00:00,39,91,0.0,0.0,0.0,0.066,optimal
2021-02-09 23:30:00,39,91,0.0,0.0,0.0,0.066,optimal
2021-02-10 00:00:00,39,91,0.0,0.0,0.0,0.058,optimal
2021-02-10 00:30:00,39,91,0.31847619047619047,0.0,0.0,0.058,optimal
2021-02-10 01:00:00,39,91,0.0,0.0,0.0,0.14466666666666667,optimal
2021-02-10 01:30:00,39,91,0.0,0.0,0.0,0.12179999999999999,optimal
2021-02-10 02:00:00,39,91,1.0594449347082902,0.0,0.0,0.2985333333333334,optimal
2021-02-10 02:30:00,39,91,2.2857142857142856,0.0,0.0,0.058,optimal
2021-02-10 03:00:00,39,91,2.2857142857142856,0.0,0.0,0.16103333333333333,optimal
2021-02-10 03:30:00,39,91,2.2857142857142856,0.0,0.0,0.25930000000000003,optimal
2021-02-10 04:00:00,39,91,2.2857142857142856,0.0,0.0,0.058,optimal
2021-02-10 04:30:00,39,91,2.2857142857142856,0.0,0.0,0.298,optimal
2021-02-10 05:00:00,39,91,2.2857142857142856,0.0,0.0,0.12233333333333331,optimal
2021-02-10 05:30:00,39,91,2.2857142857142856,0.0,0.0,0.14466666666666667,optimal
2021-02-10 06:00:00,39,91,2.2857142857142856,0.0,0.0,0.26923333333333327,optimal
2021-02-10 06:30:00,39,91,2.2857142857142856,0.0,3.0913009946423124,0.14909999999999998,optimal
2021-02-10 07:00:00,39,91,2.2857142857142856,0.0,10.0,0.16240000000000002,optimal
2021-02-10 07:30:00,39,91,2.2857142857142856,0.0,0.0,0.25989999999999996,optimal
2021-02-10 08:00:00,39,91,1.1078032342198638,0.0,0.0,0.29436666666666667,optimal
2021-02-10 08:30:00,39,91,1.232921555951256,0.0,0.0,0.2241,optimal
2021-02-10 09:00:00,39,91,1.1632497785090132,0.0,0.0,0.18713333333333332,optimal
2021-02-10 09:30:00,39,91,1.1182538145261118,0.0,0.0,0.23753333333333332,optimal
2021-02-10 10:00:00,39,91,0.8472771807823438,0.0,0.0,0.12456666666666666,optimal
2021-02-10 10:30:00,39,91,0.8297730649380384,0.0,0.0,0.30443333333333333,optimal
2021-02-10 11:00:00,39,91,0.70858332891967,0.0,0.0,0.058,optimal
2021-02-10 11:30:00,39,91,0.6598853469282058,0.0,0.0,0.2044,optimal
2021-02-10 12:00:00,39,91,0.42868873197923807,0.0,0.0,0.17886666666666667,optimal
2021-02-10 12:30:00,39,91,0.436155398645894,0.0,0.0,0.1534,optimal
2021-02-10 13:00:00,39,91,1.9193588830369424,0.0,0.0,0.2521333333333333,optimal
2021-02-10 13:30:00,39,91,2.2857142857142856,0.0,0.0,0.18819999999999998,optimal
2021-02-10 14:00:00,39,91,2.2857142857142856,0.0,0.0,0.11566666666666668,optimal
2021-02-10 14:30:00,39,91,2.2857142857142856,0.0,0.0,0.15806666666666666,optimal
2021-02-10 15:00:00,39,91,2.2857142857142856,0.0,0.0,0.21146666666666666,optimal
2021-02-10 15:30:00,39,91,2.2857142857142856,0.0,0.0,0.1838333333333333,optimal
2021-02-10 16:00:00,39,91,0.0,0.0,0.0,0.19996666666666668,optimal
2021-02-10 16:30:00,39,91,0.0,0.0,0.0,0.19533333333333328,optimal
2021-02-10 17:00:00,39,91,0.0,0.0,0.0,0.17446666666666666,optimal
2021-02-10 17:30:00,39,91,0.0,0.0,0.0,0.6156666666666666,optimal
2021-02-10 18:00:00,39,91,0.0,0.0,0.0,0.6171,optimal
2021-02-10 18:30:00,39,91,0.0,0.0,0.0,1.167266666666667,optimal
2021-02-10 19:00:00,39,91,0.0,0.0,0.0,0.35960000000000003,optimal
2021-02-10 19:30:00,39,91,0.0,0.0,0.0,1.8187,optimal
2021-02-10 20:00:00,39,91,0.0,0.0,0.0,1.5469000000000002,optimal
2021-02-10 20:30:00,39,91,0.0,0.0,0.0,0.46073333333333333,optimal
2021-02-10 21:00:00,39,91,0.0,0.0,0.0,0.4334333333333333,optimal
2021-02-10 21:30:00,39,91,0.0,0.0,0.0,0.4445,optimal
2021-02-10 22:00:00,39,91,0.11942857142857143,0.0,0.0,0.5808333333333334,optimal
2021-02-10 22:30:00,39,91,0.0,0.0,0.0,0.39039999999999997,optimal
2021-02-10 23:00:00,39,91,0.0,0.0,0.0,0.5559666666666667,optimal
2021-02-10 23:30:00,39,91,0.0,0.0,0.0,0.5047333333333334,optimal
2021-02-11 00:00:00,39,91,0.0,0.0,0.0,0.066,optimal
2021-02-11 00:30:00,39,91,0.11942857142857143,0.0,0.0,0.066,optimal
2021-02-11 01:00:00,39,91,0.9571689905607473,0.0,0.0,0.066,optimal
2021-02-11 01:30:00,39,91,2.2857142857142856,0.0,0.0,0.066,optimal
2021-02-11 02:00:00,39,91,2.2857142857142856,0.0,0.0,0.066,optimal
2021-02-11 02:30:00,39,91,2.2857142857142856,0.0,0.0,0.066,optimal
2021-02-11 03:00:00,39,91,2.2857142857142856,0.0,0.0,0.066,optimal
2021-02-11 03:30:00,39,91,2.2857142857142856,0.0,0.0,0.066,optimal
2021-02-11 04:00:00,39,91,2.2857142857142856,0.0,0.0,0.066,optimal
2021-02-11 04:30:00,39,91,2.2857142857142856,0.0,0.0,0.066,optimal
2021-02-11 05:00:00,39,91,2.2857142857142856,0.0,0.0,0.066,optimal
2021-02-11 05:30:00,39,91,2.2857142857142856,0.0,0.0,0.066,optimal
2021-02-11 06:00:00,39,91,2.2857142857142856,0.0,0.0,0.066,optimal
2021-02-11 06:30:00,39,91,2.2857142857142856,0.0,7.131152673553091,0.066,optimal
2021-02-11 07:00:00,39,91,2.2857142857142856,0.0,10.0,0.066,optimal
2021-02-11 07:30:00,39,91,2.2857142857142856,0.0,0.0,0.066,optimal
2021-02-11 08:00:00,39,91,1.4744784798923374,0.0,0.0,0.066,optimal
2021-02-11 08:30:00,39,91,1.3995730719271229,0.0,0.0,0.06656666666666666,optimal
2021-02-11 09:00:00,39,91,1.3562132554748212,0.0,0.0,0.066,optimal
2021-02-11 09:30:00,39,91,1.2428679811873382,0.0,0.0,0.066,optimal
2021-02-11 10:00:00,39,91,0.8227155401584065,0.0,0.0,0.066,optimal
2021-02-11 10:30:00,39,91,0.863932003535673,0.0,0.0,0.066,optimal
2021-02-11 11:00:00,39,91,0.6624918895810658,0.0,0.0,0.066,optimal
2021-02-11 11:30:00,39,91,0.5961141675023515,0.0,0.0,0.069,optimal
2021-02-11 12:00:00,39,91,0.3725772750317637,0.0,0.0,0.066,optimal
2021-02-11 12:30:00,39,91,0.3279261063730354,0.0,0.0,0.066,optimal
2021-02-11 13:00:00,39,91,2.2857142857142856,0.0,0.0,0.066,optimal
2021-02-11 13:30:00,39,91,2.2857142857142856,0.0,0.0,0.066,optimal
2021-02-11 14:00:00,39,91,2.2857142857142856,0.0,0.0,0.066,optimal
2021-02-11 14:30:00,39,91,2.2857142857142856,0.0,0.0,0.066,optimal
2021-02-11 15:00:00,39,91,2.2857142857142856,0.0,0.0,0.07693333333333334,optimal
2021-02-11 15:30:00,39,91,2.2857142857142856,0.0,0.0,0.2949333333333333,optimal
2021-02-11 16:00:00,39,91,0.0,0.0,0.0,0.28403333333333336,optimal
2021-02-11 16:30:00,39,91,0.0,0.0,0.0,0.25366666666666665,optimal
2021-02-11 17:00:00,39,91,0.0,0.0,0.0,0.22440000000000002,optimal
2021-02-11 17:30:00,39,91,0.0,0.0,0.0,0.1507666666666667,optimal
2021-02-11 18:00:00,39,91,0.0,0.0,0.0,0.2924,optimal
2021-02-11 18:30:00,39,91,0.0,0.0,0.0,0.09623333333333332,optimal
2021-02-11 19:00:00,39,91,0.0,0.0,0.0,0.08793333333333334,optimal
2021-02-11 19:30:00,39,91,0.6166020285230197,0.0,0.0,0.10479999999999999,optimal
2021-02-11 20:00:00,39,91,1.5412278583837464,0.0,0.0,0.38696666666666657,optimal
2021-02-11 20:30:00,39,91,0.0,0.0,0.0,1.6097000000000001,optimal
2021-02-11 21:00:00,39,91,0.0,0.0,0.0,0.5285333333333333,optimal
2021-02-11 21:30:00,39,91,0.0,0.0,0.0,0.4771333333333333,optimal
2021-02-11 22:00:00,39,91,0.0,0.0,0.0,0.44426666666666664,optimal
2021-02-11 22:30:00,39,91,0.0,0.0,0.0,0.2301,optimal
2021-02-11 23:00:00,39,91,0.0,0.0,0.0,0.076,optimal
2021-02-11 23:30:00,39,91,0.0,0.0,0.0,0.072,optimal
2021-02-12 00:00:00,39,91,0.5637555809561865,0.0,0.0,0.06,optimal
2021-02-12 00:30:00,39,91,2.2857142857142856,0.0,0.0,0.06,optimal
2021-02-12 01:00:00,39,91,2.2857142857142856,0.0,0.0,0.1854,optimal
2021-02-12 01:30:00,39,91,2.2857142857142856,0.0,0.0,0.06,optimal
2021-02-12 02:00:00,39,91,2.2857142857142856,0.0,0.0,0.06,optimal
2021-02-12 02:30:00,39,91,2.2857142857142856,0.0,0.0,0.1854,optimal
2021-02-12 03:00:00,39,91,2.2857142857142856,0.0,0.0,0.06,optimal
2021-02-12 03:30:00,39,91,2.2857142857142856,0.0,0.0,0.12840000000000001,optimal
2021-02-12 04:00:00,39,91,2.2857142857142856,0.0,0.0,0.117,optimal
2021-02-12 04:30:00,39,91,2.2857142857142856,0.0,0.0,0.06,optimal
2021-02-12 05:00:00,39,91,2.2857142857142856,0.0,0.0,0.06,optimal
2021-02-12 05:30:00,39,91,2.2857142857142856,0.0,0.0,0.06,optimal
2021-02-12 06:00:00,39,91,2.2857142857142856,0.0,0.0,0.1797,optimal
2021-02-12 06:30:00,39,91,2.2857142857142856,0.0,0.0,0.06570000000000001,optimal
2021-02-12 07:00:00,39,91,2.2857142857142856,0.0,6.965318571002564,0.0999,optimal
2021-02-12 07:30:00,39,91,2.2857142857142856,0.0,0.0,0.15946666666666667,optimal
2021-02-12 08:00:00,39,91,1.7637685495040303,0.0,0.0,0.102,optimal
2021-02-12 08:30:00,39,91,1.463295942058348,0.0,0.0,0.8606,optimal
2021-02-12 09:00:00,39,91,1.3736961114042492,0.0,0.0,0.9161,optimal
2021-02-12 09:30:00,39,91,1.2804033647352167,0.0,0.0,0.132,optimal
2021-02-12 10:00:00,39,91,0.8076052712435837,0.0,0.0,0.281,optimal
2021-02-12 10:30:00,39,91,0.8112419147063539,0.0,0.0,0.2381,optimal
2021-02-12 11:00:00,39,91,0.554073994041403,0.0,0.0,0.06,optimal
2021-02-12 11:30:00,39,91,0.5175916697123522,0.0,0.0,0.07766666666666668,optimal
2021-02-12 12:00:00,39,91,0.41471349427929527,0.0,0.0,0.059,optimal
2021-02-12 12:30:00,39,91,0.3571073604264254,0.0,0.0,0.2539333333333333,optimal
2021-02-12 13:00:00,39,91,1.093376212048032,0.0,0.0,1.4514666666666667,optimal
2021-02-12 13:30:00,39,91,2.2857142857142856,0.0,0.0,0.2522,optimal
2021-02-12 14:00:00,39,91,2.2857142857142856,0.0,0.0,0.059,optimal
2021-02-12 14:30:00,39,91,2.2857142857142856,0.0,0.0,0.23946666666666666,optimal
2021-02-12 15:00:00,39,91,2.2857142857142856,0.0,0.0,0.17306666666666667,optimal
2021-02-12 15:30:00,39,91,2.2857142857142856,0.0,0.0,0.1906,optimal
2021-02-12 16:00:00,39,91,0.0,0.0,0.0,0.09,optimal
2021-02-12 16:30:00,39,91,0.0,0.0,0.0,0.3405,optimal
2021-02-12 17:00:00,39,91,0.0,0.0,0.0,1.7895,optimal
2021-02-12 17:30:00,39,91,0.0,0.0,0.0,0.3123,optimal
2021-02-12 18:00:00,39,91,0.0,0.0,0.0,0.4684,optimal
2021-02-12 18:30:00,39,91,0.0,0.0,0.0,0.32803333333333334,optimal
2021-02-12 19:00:00,39,91,0.0,0.0,0.0,0.2746,optimal
2021-02-12 19:30:00,39,91,0.0,0.0,0.0,0.4814666666666666,optimal
2021-02-12 20:00:00,39,91,0.0,0.0,0.0,0.5166000000000001,optimal
2021-02-12 20:30:00,39,91,0.0,0.0,0.0,0.3767,optimal
2021-02-12 21:00:00,39,91,0.0,0.0,0.0,0.3988333333333333,optimal
2021-02-12 21:30:00,39,91,0.0,0.0,0.0,0.2996666666666667,optimal
2021-02-12 22:00:00,39,91,0.0,0.0,0.0,0.3863666666666667,optimal
2021-02-12 22:30:00,39,91,0.0,0.0,0.0,0.33946666666666664,optimal
2021-02-12 23:00:00,39,91,0.0,0.0,0.0,0.07,optimal
2021-02-12 23:30:00,39,91,0.0,0.0,0.0,0.1431,optimal
2021-02-13 00:00:00,39,91,0.39809523809523806,0.0,0.0,0.5713333333333334,optimal
2021-02-13 00:30:00,39,91,1.3535238095238094,0.0,0.0,0.16146666666666668,optimal
2021-02-13 01:00:00,39,91,0.0,0.0,0.0,0.1468,optimal
2021-02-13 01:30:00,39,91,0.0,0.0,0.0,0.12543333333333334,optimal
2021-02-13 02:00:00,39,91,1.5584399757869039,0.0,0.0,0.2543666666666667,optimal
2021-02-13 02:30:00,39,91,2.2857142857142856,0.0,0.0,0.06,optimal
2021-02-13 03:00:00,39,91,2.2857142857142856,0.0,0.0,0.08013333333333333,optimal
2021-02-13 03:30:00,39,91,2.2857142857142856,0.0,0.0,0.14053333333333334,optimal
2021-02-13 04:00:00,39,91,2.2857142857142856,0.0,0.0,0.2119,optimal
2021-02-13 04:30:00,39,91,2.2857142857142856,0.0,0.0,0.06723333333333334,optimal
2021-02-13 05:00:00,39,91,2.2857142857142856,0.0,0.0,0.1679,optimal
2021-02-13 05:30:00,39,91,2.2857142857142856,0.0,0.0,0.2119,optimal
2021-02-13 06:00:00,39,91,2.2857142857142856,0.0,0.0,0.16066666666666665,optimal
2021-02-13 06:30:00,39,91,2.2857142857142856,0.0,0.0,0.06966666666666667,optimal
2021-02-13 07:00:00,39,91,2.2857142857142856,0.0,9.386729729265944,2.125266666666667,optimal
2021-02-13 07:30:00,39,91,2.2857142857142856,0.0,0.0,0.7465333333333333,optimal
2021-02-13 08:00:00,39,91,1.2927513806701518,0.0,0.0,0.4933,optimal
2021-02-13 08:30:00,39,91,1.2313319134839538,0.0,0.0,0.5057,optimal
2021-02-13 09:00:00,39,91,0.9308780189883286,0.0,0.0,3.0434,optimal
2021-02-13 09:30:00,39,91,0.9119873497239817,0.0,0.0,1.6195,optimal
2021-02-13 10:00:00,39,91,0.9310000371070584,0.0,0.0,0.3197,optimal
2021-02-13 10:30:00,39,91,0.9597310461113375,0.0,0.0,0.226,optimal
2021-02-13 11:00:00,39,91,0.6349551052586496,0.0,0.0,0.3566333333333333,optimal
2021-02-13 11:30:00,39,91,0.6619527809296041,0.0,0.0,0.1134,optimal
2021-02-13 12:00:00,39,91,0.5481952089515897,0.0,0.0,0.07,optimal
2021-02-13 12:30:00,39,91,0.47949722696013886,0.0,0.0,0.2864,optimal
2021-02-13 13:00:00,39,91,2.2857142857142856,0.0,0.0,1.3718,optimal
2021-02-13 13:30:00,39,91,2.2857142857142856,0.0,0.0,0.8345333333333333,optimal
2021-02-13 14:00:00,39,91,2.2857142857142856,0.0,0.0,0.9056333333333332,optimal
2021-02-13 14:30:00,39,91,2.2857142857142856,0.0,0.0,0.2598333333333333,optimal
2021-02-13 15:00:00,39,91,2.2857142857142856,0.0,0.0,0.17066666666666666,optimal
2021-02-13 15:30:00,39,91,2.2857142857142856,0.0,0.0,0.12786666666666666,optimal
2021-02-13 16:00:00,39,91,0.0,0.0,0.0,0.21153333333333332,optimal
2021-02-13 16:30:00,39,91,0.0,0.0,0.0,0.13040000000000002,optimal
2021-02-13 17:00:00,39,91,0.0,0.0,0.0,0.11466666666666668,optimal
2021-02-13 17:30:00,39,91,0.0,0.0,0.0,0.28513333333333335,optimal
2021-02-13 18:00:00,39,91,0.0,0.0,0.0,0.11453333333333332,optimal
2021-02-13 18:30:00,39,91,0.0,0.0,0.0,0.9545666666666668,optimal
2021-02-13 19:00:00,39,91,0.0,0.0,0.0,0.35603333333333337,optimal
2021-02-13 19:30:00,39,91,0.778542184261754,0.0,0.0,1.7985333333333333,optimal
2021-02-13 20:00:00,39,91,1.096352974913859,0.0,0.0,0.9474,optimal
2021-02-13 20:30:00,39,91,0.0,0.0,0.0,0.44639999999999996,optimal
2021-02-13 21:00:00,39,91,0.0,0.0,0.0,0.9795333333333331,optimal
2021-02-13 21:30:00,39,91,0.0,0.0,0.0,0.9963333333333334,optimal
2021-02-13 22:00:00,39,91,0.0,0.0,0.0,0.17126666666666668,optimal
2021-02-13 22:30:00,39,91,0.0,0.0,0.0,0.18513333333333332,optimal
2021-02-13 23:00:00,39,91,0.0,0.0,0.0,0.21466666666666662,optimal
2021-02-13 23:30:00,39,91,0.0,0.0,0.0,0.07,optimal
2021-02-07 00:00:00,40,91,0.0,0.0,0.0,0.05,optimal
2021-02-07 00:30:00,40,91,0.0,0.0,0.0,0.125,optimal
2021-02-07 01:00:00,40,91,0.0,0.0,0.0,0.15833333333333335,optimal
2021-02-07 01:30:00,40,91,0.0,0.0,0.0,0.05,optimal
2021-02-07 02:00:00,40,91,0.0,0.0,0.0,0.16666666666666666,optimal
2021-02-07 02:30:00,40,91,0.0,0.0,0.0,0.11666666666666668,optimal
2021-02-07 03:00:00,40,91,0.0,0.0,0.0,0.05,optimal
2021-02-07 03:30:00,40,91,0.0,0.0,0.0,0.23333333333333328,optimal
2021-02-07 04:00:00,40,91,2.2857142857142856,0.0,0.0,0.05,optimal
2021-02-07 04:30:00,40,91,2.2857142857142856,0.0,0.0,0.05,optimal
2021-02-07 05:00:00,40,91,2.2857142857142856,0.0,0.0,0.2,optimal
2021-02-07 05:30:00,40,91,2.2857142857142856,0.0,0.0,0.085,optimal
2021-02-07 06:00:00,40,91,2.2857142857142856,0.0,0.0,0.06,optimal
2021-02-07 06:30:00,40,91,2.2857142857142856,0.0,0.0,0.214,optimal
2021-02-07 07:00:00,40,91,2.2857142857142856,0.0,2.317295895793779,0.075,optimal
2021-02-07 07:30:00,40,91,0.0,0.0,0.0,0.14933333333333335,optimal
2021-02-07 08:00:00,40,91,0.0,0.0,0.0,0.13233333333333333,optimal
2021-02-07 08:30:00,40,91,0.0,0.0,0.0,0.05976666666666666,optimal
2021-02-07 09:00:00,40,91,0.0,0.0,0.0,0.2553333333333333,optimal
2021-02-07 09:30:00,40,91,0.6014599062373546,0.0,0.0,0.0629,optimal
2021-02-07 10:00:00,40,91,0.9139769181980394,0.0,0.0,0.19233333333333327,optimal
2021-02-07 10:30:00,40,91,0.6287920430466295,0.0,0.0,1.5985999999999998,optimal
2021-02-07 11:00:00,40,91,0.7785040182934518,0.0,0.0,0.3411666666666667,optimal
2021-02-07 11:30:00,40,91,0.7833468754363099,0.0,0.0,1.0527666666666669,optimal
2021-02-07 12:00:00,40,91,0.7760959371008241,0.0,0.0,0.092,optimal
2021-02-07 12:30:00,40,91,0.7425435561484601,0.0,0.0,0.16076666666666667,optimal
2021-02-07 13:00:00,40,91,2.2857142857142856,0.0,0.0,0.24266666666666664,optimal
2021-02-07 13:30:00,40,91,2.2857142857142856,0.0,0.0,0.0788,optimal
2021-02-07 14:00:00,40,91,2.2857142857142856,0.0,0.0,0.2788,optimal
2021-02-07 14:30:00,40,91,2.2857142857142856,0.0,0.0,0.105,optimal
2021-02-07 15:00:00,40,91,2.2857142857142856,0.0,0.0,0.19863333333333333,optimal
2021-02-07 15:30:00,40,91,2.2857142857142856,0.0,0.0,0.15866666666666665,optimal
2021-02-07 16:00:00,40,91,0.0,0.0,0.0,0.3723666666666667,optimal
2021-02-07 16:30:00,40,91,0.0,0.0,0.0,1.0195,optimal
2021-02-07 17:00:00,40,91,0.0,0.0,0.0,0.1999333333333333,optimal
2021-02-07 17:30:00,40,91,0.0,0.0,0.0,0.17336666666666667,optimal
2021-02-07 18:00:00,40,91,0.0,0.0,0.0,0.1455,optimal
2021-02-07 18:30:00,40,91,0.0,0.0,0.0,0.3524333333333333,optimal
2021-02-07 19:00:00,40,91,0.0,0.0,0.0,0.44139999999999996,optimal
2021-02-07 19:30:00,40,91,0.0,0.0,0.0,0.236,optimal
2021-02-07 20:00:00,40,91,0.452566750347428,0.0,0.0,0.3918666666666667,optimal
2021-02-07 20:30:00,40,91,0.0,0.0,0.0,0.10963333333333335,optimal
2021-02-07 21:00:00,40,91,0.0,0.0,0.0,0.1348,optimal
2021-02-07 21:30:00,40,91,0.0,0.0,0.0,0.2722,optimal
2021-02-07 22:00:00,40,91,0.0,0.0,0.0,0.22013333333333332,optimal
2021-02-07 22:30:00,40,91,0.0,0.0,0.0,0.5192666666666667,optimal
2021-02-07 23:00:00,40,91,0.0,0.0,0.0,0.19333333333333327,optimal
2021-02-07 23:30:00,40,91,0.0,0.0,0.0,0.106,optimal
2021-02-08 00:00:00,40,91,0.0,0.0,0.0,0.109,optimal
2021-02-08 00:30:00,40,91,0.0,0.0,0.0,0.19766666666666663,optimal
2021-02-08 01:00:00,40,91,0.0,0.0,0.0,0.1466,optimal
2021-02-08 01:30:00,40,91,0.0,0.0,0.0,0.173,optimal
2021-02-08 02:00:00,40,91,0.0,0.0,0.0,0.1466,optimal
2021-02-08 02:30:00,40,91,1.6879037365858027,0.0,0.0,0.20466666666666664,optimal
2021-02-08 03:00:00,40,91,2.2857142857142856,0.0,0.0,0.103,optimal
2021-02-08 03:30:00,40,91,2.2857142857142856,0.0,0.0,0.075,optimal
2021-02-08 04:00:00,40,91,2.2857142857142856,0.0,0.0,0.24459999999999998,optimal
2021-02-08 04:30:00,40,91,2.2857142857142856,0.0,0.0,0.13466666666666666,optimal
2021-02-08 05:00:00,40,91,2.2857142857142856,0.0,0.0,0.075,optimal
2021-02-08 05:30:00,40,91,2.2857142857142856,0.0,0.0,0.22073333333333328,optimal
2021-02-08 06:00:00,40,91,2.2857142857142856,0.0,0.8100959985086613,0.15853333333333333,optimal
2021-02-08 06:30:00,40,91,2.2857142857142856,0.0,10.0,0.173,optimal
2021-02-08 07:00:00,40,91,2.2857142857142856,0.0,10.0,0.075,optimal
2021-02-08 07:30:00,40,91,2.2857142857142856,0.0,0.0,0.26593333333333335,optimal
2021-02-08 08:00:00,40,91,0.8267433862970804,0.0,0.0,1.5815,optimal
2021-02-08 08:30:00,40,91,1.1095023206694714,0.0,0.0,0.8280333333333333,optimal
2021-02-08 09:00:00,40,91,1.0000758329299608,0.0,0.0,0.8180333333333333,optimal
2021-02-08 09:30:00,40,91,1.1654002885142238,0.0,0.0,0.075,optimal
2021-02-08 10:00:00,40,91,0.9296385581140413,0.0,0.0,0.09290000000000001,optimal
2021-02-08 10:30:00,40,91,0.7864236263393138,0.0,0.0,2.7588666666666666,optimal
2021-02-08 11:00:00,40,91,0.5675076570554773,0.0,0.0,1.3071666666666668,optimal
2021-02-08 11:30:00,40,91,0.37411253220688984,0.0,0.0,1.1659666666666666,optimal
2021-02-08 12:00:00,40,91,0.4754471196762425,0.0,0.0,2.506133333333333,optimal
2021-02-08 12:30:00,40,91,0.5422063937885786,0.0,0.0,0.1359,optimal
2021-02-08 13:00:00,40,91,2.2857142857142856,0.0,0.0,0.2433333333333333,optimal
2021-02-08 13:30:00,40,91,2.2857142857142856,0.0,0.0,0.075,optimal
2021-02-08 14:00:00,40,91,2.2857142857142856,0.0,0.0,0.173,optimal
2021-02-08 14:30:00,40,91,2.2857142857142856,0.0,0.0,0.20626666666666668,optimal
2021-02-08 15:00:00,40,91,2.2857142857142856,0.0,0.0,0.075,optimal
2021-02-08 15:30:00,40,91,2.2857142857142856,0.0,0.0,0.173,optimal
2021-02-08 16:00:00,40,91,0.0,0.0,0.0,0.075,optimal
2021-02-08 16:30:00,40,91,0.0,0.0,0.0,0.1318,optimal
2021-02-08 17:00:00,40,91,0.0,0.0,0.0,0.24746666666666667,optimal
2021-02-08 17:30:00,40,91,0.0,0.0,0.0,0.075,optimal
2021-02-08 18:00:00,40,91,0.0,0.0,0.0,0.075,optimal
2021-02-08 18:30:00,40,91,0.0,0.0,0.0,0.30426666666666663,optimal
2021-02-08 19:00:00,40,91,0.0,0.0,0.0,0.075,optimal
2021-02-08 19:30:00,40,91,0.371668117447343,0.0,0.0,0.19433333333333327,optimal
2021-02-08 20:00:00,40,91,1.3071500713632154,0.0,0.0,0.1849333333333333,optimal
2021-02-08 20:30:00,40,91,0.0,0.0,0.0,0.075,optimal
2021-02-08 21:00:00,40,91,0.0,0.0,0.0,0.24126666666666668,optimal
2021-02-08 21:30:00,40,91,0.0,0.0,0.0,0.4577,optimal
2021-02-08 22:00:00,40,91,0.0,0.0,0.0,2.575333333333333,optimal
2021-02-08 22:30:00,40,91,0.0,0.0,0.0,0.1489,optimal
2021-02-08 23:00:00,40,91,0.0,0.0,0.0,0.117,optimal
2021-02-08 23:30:00,40,91,0.0,0.0,0.0,0.14063333333333333,optimal
2021-02-09 00:00:00,40,91,0.0,0.0,0.0,0.05,optimal
2021-02-09 00:30:00,40,91,0.0,0.0,0.0,0.05,optimal
2021-02-09 01:00:00,40,91,0.0,0.0,0.0,0.05,optimal
2021-02-09 01:30:00,40,91,0.0,0.0,0.0,0.05,optimal
2021-02-09 02:00:00,40,91,0.18809002709701197,0.0,0.0,0.05,optimal
2021-02-09 02:30:00,40,91,2.2857142857142856,0.0,0.0,0.05,optimal
2021-02-09 03:00:00,40,91,2.2857142857142856,0.0,0.0,0.05,optimal
2021-02-09 03:30:00,40,91,2.2857142857142856,0.0,0.0,0.05,optimal
2021-02-09 04:00:00,40,91,2.2857142857142856,0.0,0.0,0.05,optimal
2021-02-09 04:30:00,40,91,2.2857142857142856,0.0,0.0,0.05,optimal
2021-02-09 05:00:00,40,91,2.2857142857142856,0.0,0.0,0.04933333333333333,optimal
2021-02-09 05:30:00,40,91,2.2857142857142856,0.0,0.0,0.048,optimal
2021-02-09 06:00:00,40,91,2.2857142857142856,0.0,0.0,1.0172333333333332,optimal
2021-02-09 06:30:00,40,91,2.2857142857142856,0.0,0.0,1.2746,optimal
2021-02-09 07:00:00,40,91,2.2857142857142856,0.0,0.0,0.4673,optimal
2021-02-09 07:30:00,40,91,2.2857142857142856,0.0,0.0,0.2049,optimal
2021-02-09 08:00:00,40,91,1.954133795648691,0.0,0.0,0.201,optimal
2021-02-09 08:30:00,40,91,1.0824868226615032,0.0,0.0,0.201,optimal
2021-02-09 09:00:00,40,91,0.9029656392493842,0.0,0.0,0.24166666666666664,optimal
2021-02-09 09:30:00,40,91,0.8681097885131349,0.0,0.0,0.21686666666666668,optimal
2021-02-09 10:00:00,40,91,0.562371429274829,0.0,0.0,0.5676,optimal
2021-02-09 10:30:00,40,91,0.5570931409628682,0.0,0.0,0.41836666666666666,optimal
2021-02-09 11:00:00,40,91,0.25387680432609105,0.0,0.0,0.33953333333333335,optimal
2021-02-09 11:30:00,40,91,0.23151828952083092,0.0,0.0,0.23256666666666664,optimal
2021-02-09 12:00:00,40,91,0.027007770780051822,0.0,0.0,1.6072666666666668,optimal
2021-02-09 12:30:00,40,91,0.00839485701389074,0.0,0.0,3.086233333333333,optimal
2021-02-09 13:00:00,40,91,2.2857142857142856,0.0,7.627393501745836,1.6734666666666667,optimal
2021-02-09 13:30:00,40,91,2.2857142857142856,0.0,0.0,0.3782,optimal
2021-02-09 14:00:00,40,91,2.2857142857142856,0.0,0.0,0.4046,optimal
2021-02-09 14:30:00,40,91,2.2857142857142856,0.0,0.0,0.23066666666666663,optimal
2021-02-09 15:00:00,40,91,2.2857142857142856,0.0,0.0,0.06,optimal
2021-02-09 15:30:00,40,91,2.2857142857142856,0.0,0.0,0.06,optimal
2021-02-09 16:00:00,40,91,0.0,0.0,0.0,0.06,optimal
2021-02-09 16:30:00,40,91,0.0,0.0,0.0,0.06,optimal
2021-02-09 17:00:00,40,91,0.0,0.0,0.0,0.5660333333333333,optimal
2021-02-09 17:30:00,40,91,0.0,0.0,0.0,0.35846666666666666,optimal
2021-02-09 18:00:00,40,91,0.0,0.0,0.0,0.24656666666666663,optimal
2021-02-09 18:30:00,40,91,0.0,0.0,0.0,0.5089666666666666,optimal
2021-02-09 19:00:00,40,91,0.0,0.0,0.0,0.5678,optimal
2021-02-09 19:30:00,40,91,0.0,0.0,0.0,0.3461666666666667,optimal
2021-02-09 20:00:00,40,91,0.13709355550000057,0.0,0.0,0.3423333333333333,optimal
2021-02-09 20:30:00,40,91,0.0,0.0,0.0,0.2675666666666667,optimal
2021-02-09 21:00:00,40,91,0.0,0.0,0.0,0.14333333333333334,optimal
2021-02-09 21:30:00,40,91,0.0,0.0,0.0,0.24746666666666667,optimal
2021-02-09 22:00:00,40,91,0.0199047619047619,0.0,0.0,0.34276666666666666,optimal
2021-02-09 22:30:00,40,91,0.0,0.0,0.0,0.19353333333333333,optimal
2021-02-09 23:00:00,40,91,0.0,0.0,0.0,0.06706666666666666,optimal
2021-02-09 23:30:00,40,91,0.0,0.0,0.0,0.2763,optimal
2021-02-10 00:00:00,40,91,0.0199047619047619,0.0,0.0,0.17433333333333334,optimal
2021-02-10 00:30:00,40,91,0.8559047619047618,0.0,0.0,0.058333333333333334,optimal
2021-02-10 01:00:00,40,91,0.0,0.0,0.0,0.09633333333333331,optimal
2021-02-10 01:30:00,40,91,0.0,0.0,0.0,0.14633333333333334,optimal
2021-02-10 02:00:00,40,91,0.8540322485934322,0.0,0.0,0.061,optimal
2021-02-10 02:30:00,40,91,2.2857142857142856,0.0,0.0,0.17633333333333334,optimal
2021-02-10 03:00:00,40,91,2.2857142857142856,0.0,0.0,0.059,optimal
2021-02-10 03:30:00,40,91,2.2857142857142856,0.0,0.0,0.059,optimal
2021-02-10 04:00:00,40,91,2.2857142857142856,0.0,0.0,0.17633333333333334,optimal
2021-02-10 04:30:00,40,91,2.2857142857142856,0.0,0.0,0.059,optimal
2021-02-10 05:00:00,40,91,2.2857142857142856,0.0,0.0,0.11766666666666668,optimal
2021-02-10 05:30:00,40,91,2.2857142857142856,0.0,0.0,0.12533333333333332,optimal
2021-02-10 06:00:00,40,91,2.2857142857142856,0.0,0.06263334215955602,0.061,optimal
2021-02-10 06:30:00,40,91,2.2857142857142856,0.0,10.0,0.1494,optimal
2021-02-10 07:00:00,40,91,2.2857142857142856,0.0,0.0,0.12256666666666666,optimal
2021-02-10 07:30:00,40,91,2.2857142857142856,0.0,0.0,0.19526666666666667,optimal
2021-02-10 08:00:00,40,91,1.2388603770770048,0.0,0.0,0.3556333333333333,optimal
2021-02-10 08:30:00,40,91,1.2112548892845831,0.0,0.0,0.2913,optimal
2021-02-10 09:00:00,40,91,1.0135831118423395,0.0,0.0,0.18603333333333333,optimal
2021-02-10 09:30:00,40,91,1.0011014335737387,0.0,0.0,0.3048,optimal
2021-02-10 10:00:00,40,91,0.7671343236394872,0.0,0.0,0.21363333333333331,optimal
2021-02-10 10:30:00,40,91,0.7377921125570894,0.0,0.0,0.2539333333333333,optimal
2021-02-10 11:00:00,40,91,0.5432976146339432,0.0,0.0,0.373,optimal
2021-02-10 11:30:00,40,91,0.5791805850234557,0.0,0.0,0.29136666666666666,optimal
2021-02-10 12:00:00,40,91,0.36957444626495745,0.0,0.0,0.13933333333333334,optimal
2021-02-10 12:30:00,40,91,0.3913934938839921,0.0,0.0,0.12029999999999999,optimal
2021-02-10 13:00:00,40,91,1.0928321549324644,0.0,0.0,0.3788,optimal
2021-02-10 13:30:00,40,91,1.2470339468323417,0.0,0.0,1.6561333333333335,optimal
2021-02-10 14:00:00,40,91,2.2857142857142856,0.0,0.0,0.242,optimal
2021-02-10 14:30:00,40,91,2.2857142857142856,0.0,0.0,0.2004333333333333,optimal
2021-02-10 15:00:00,40,91,2.2857142857142856,0.0,0.0,0.4139666666666666,optimal
2021-02-10 15:30:00,40,91,2.2857142857142856,0.0,0.0,0.2285,optimal
2021-02-10 16:00:00,40,91,0.0,0.0,0.0,0.25776666666666664,optimal
2021-02-10 16:30:00,40,91,0.0,0.0,0.0,1.9238666666666664,optimal
2021-02-10 17:00:00,40,91,0.0,0.0,0.0,0.37646666666666656,optimal
2021-02-10 17:30:00,40,91,0.0,0.0,0.0,1.2954666666666668,optimal
2021-02-10 18:00:00,40,91,0.0,0.0,0.0,2.2516,optimal
2021-02-10 18:30:00,40,91,0.0,0.0,0.0,2.376133333333333,optimal
2021-02-10 19:00:00,40,91,0.0,0.0,0.0,0.3626666666666667,optimal
2021-02-10 19:30:00,40,91,0.0,0.0,0.0,0.9021333333333332,optimal
2021-02-10 20:00:00,40,91,0.0,0.0,0.0,1.1564666666666668,optimal
2021-02-10 20:30:00,40,91,0.0,0.0,0.0,0.43119999999999997,optimal
2021-02-10 21:00:00,40,91,0.0,0.0,0.0,0.12593333333333334,optimal
2021-02-10 21:30:00,40,91,0.0,0.0,0.0,0.2916,optimal
2021-02-10 22:00:00,40,91,0.0398095238095238,0.0,0.0,1.0070333333333332,optimal
2021-02-10 22:30:00,40,91,0.0,0.0,0.0,0.7978999999999999,optimal
2021-02-10 23:00:00,40,91,0.0,0.0,0.0,0.281,optimal
2021-02-10 23:30:00,40,91,0.0,0.0,0.0,0.15433333333333335,optimal
2021-02-11 00:00:00,40,91,0.0,0.0,0.0,0.062,optimal
2021-02-11 00:30:00,40,91,0.5971428571428571,0.0,0.0,0.062,optimal
2021-02-11 01:00:00,40,91,1.6680234199061827,0.0,0.0,0.062,optimal
2021-02-11 01:30:00,40,91,2.2857142857142856,0.0,0.0,0.1193,optimal
2021-02-11 02:00:00,40,91,2.2857142857142856,0.0,0.0,0.14476666666666668,optimal
2021-02-11 02:30:00,40,91,2.2857142857142856,0.0,0.0,0.062,optimal
2021-02-11 03:00:00,40,91,2.2857142857142856,0.0,0.0,0.20206666666666664,optimal
2021-02-11 03:30:00,40,91,2.2857142857142856,0.0,0.0,0.062,optimal
2021-02-11 04:00:00,40,91,2.2857142857142856,0.0,0.0,0.11293333333333334,optimal
2021-02-11 04:30:00,40,91,2.2857142857142856,0.0,0.0,0.15113333333333331,optimal
2021-02-11 05:00:00,40,91,2.2857142857142856,0.0,0.0,0.062,optimal
2021-02-11 05:30:00,40,91,2.2857142857142856,0.0,0.0,0.20206666666666664,optimal
2021-02-11 06:00:00,40,91,2.2857142857142856,0.0,0.0,0.062,optimal
2021-02-11 06:30:00,40,91,2.2857142857142856,0.0,8.566049599887945,0.13203333333333334,optimal
2021-02-11 07:00:00,40,91,2.2857142857142856,0.0,10.0,0.13303333333333334,optimal
2021-02-11 07:30:00,40,91,2.2857142857142856,0.0,0.0,0.10283333333333332,optimal
2021-02-11 08:00:00,40,91,1.323114670368537,0.0,0.0,1.4428333333333332,optimal
2021-02-11 08:30:00,40,91,1.3962321195461795,0.0,0.0,0.3583,optimal
2021-02-11 09:00:00,40,91,1.1021523030938627,0.0,0.0,0.26403333333333334,optimal
2021-02-11 09:30:00,40,91,1.0421575049968657,0.0,0.0,0.1706,optimal
2021-02-11 10:00:00,40,91,0.7302736353964964,0.0,0.0,0.3604666666666666,optimal
2021-02-11 10:30:00,40,91,0.38950914639281514,0.0,0.0,1.8733,optimal
2021-02-11 11:00:00,40,91,0.44814903243822696,0.0,0.0,0.13516666666666666,optimal
2021-02-11 11:30:00,40,91,0.40151416750235197,0.0,0.0,0.1514,optimal
2021-02-11 12:00:00,40,91,0.09436775122223541,0.0,0.0,0.39203333333333334,optimal
2021-02-11 12:30:00,40,91,0.0,0.0,0.0,2.3115666666666668,optimal
2021-02-11 13:00:00,40,91,2.2857142857142856,0.0,0.0,1.5953666666666666,optimal
2021-02-11 13:30:00,40,91,2.2857142857142856,0.0,0.0,1.4707333333333332,optimal
2021-02-11 14:00:00,40,91,2.2857142857142856,0.0,0.0,0.6241,optimal
2021-02-11 14:30:00,40,91,2.2857142857142856,0.0,0.0,0.25693333333333335,optimal
2021-02-11 15:00:00,40,91,2.2857142857142856,0.0,0.0,0.2404,optimal
2021-02-11 15:30:00,40,91,2.2857142857142856,0.0,0.0,0.1547666666666667,optimal
2021-02-11 16:00:00,40,91,0.0,0.0,0.0,0.072,optimal
2021-02-11 16:30:00,40,91,0.0,0.0,0.0,0.072,optimal
2021-02-11 17:00:00,40,91,0.0,0.0,0.0,0.21206666666666663,optimal
2021-02-11 17:30:00,40,91,0.0,0.0,0.0,0.072,optimal
2021-02-11 18:00:00,40,91,0.0,0.0,0.0,0.3016333333333333,optimal
2021-02-11 18:30:00,40,91,0.0,0.0,0.0,0.213,optimal
2021-02-11 19:00:00,40,91,0.0,0.0,0.0,0.25756666666666667,optimal
2021-02-11 19:30:00,40,91,0.2382947217657394,0.0,0.0,0.30476666666666663,optimal
2021-02-11 20:00:00,40,91,1.4576945250504212,0.0,0.0,0.3531333333333333,optimal
2021-02-11 20:30:00,40,91,0.0,0.0,0.0,0.17196666666666666,optimal
2021-02-11 21:00:00,40,91,0.0,0.0,0.0,0.3212,optimal
2021-02-11 21:30:00,40,91,0.0,0.0,0.0,0.24076666666666668,optimal
2021-02-11 22:00:00,40,91,1.9108571428571428,0.0,0.0,0.21159999999999998,optimal
2021-02-11 22:30:00,40,91,0.0,0.0,0.0,0.2567333333333333,optimal
2021-02-11 23:00:00,40,91,0.0,0.0,0.0,0.072,optimal
2021-02-11 23:30:00,40,91,0.0,0.0,0.0,0.17386666666666667,optimal
2021-02-12 00:00:00,40,91,0.8335337454523972,0.0,0.0,0.065,optimal
2021-02-12 00:30:00,40,91,2.2857142857142856,0.0,0.0,0.1801333333333333,optimal
2021-02-12 01:00:00,40,91,2.2857142857142856,0.0,0.0,0.065,optimal
2021-02-12 01:30:00,40,91,2.2857142857142856,0.0,0.0,0.065,optimal
2021-02-12 02:00:00,40,91,2.2857142857142856,0.0,0.0,0.072,optimal
2021-02-12 02:30:00,40,91,2.2857142857142856,0.0,0.0,0.075,optimal
2021-02-12 03:00:00,40,91,2.2857142857142856,0.0,0.0,0.18313333333333331,optimal
2021-02-12 03:30:00,40,91,2.2857142857142856,0.0,0.0,0.065,optimal
2021-02-12 04:00:00,40,91,2.2857142857142856,0.0,0.0,0.20706666666666662,optimal
2021-02-12 04:30:00,40,91,2.2857142857142856,0.0,8.261544457803758,0.2479,optimal
2021-02-12 05:00:00,40,91,2.2857142857142856,0.0,10.0,0.22893333333333332,optimal
2021-02-12 05:30:00,40,91,2.2857142857142856,0.0,10.0,0.46636666666666665,optimal
2021-02-12 06:00:00,40,91,2.2857142857142856,0.0,0.0,0.38453333333333334,optimal
2021-02-12 06:30:00,40,91,2.2857142857142856,0.0,0.0,0.326,optimal
2021-02-12 07:00:00,40,91,2.2857142857142856,0.0,0.0,0.42073333333333335,optimal
2021-02-12 07:30:00,40,91,2.2857142857142856,0.0,0.0,0.206,optimal
2021-02-12 08:00:00,40,91,1.5183304542659204,0.0,0.0,0.31589999999999996,optimal
2021-02-12 08:30:00,40,91,1.5031359420583432,0.0,0.0,0.22043333333333331,optimal
2021-02-12 09:00:00,40,91,1.3214446828328212,0.0,0.0,0.18973333333333328,optimal
2021-02-12 09:30:00,40,91,1.2966795552113988,0.0,0.0,0.15163333333333331,optimal
2021-02-12 10:00:00,40,91,0.6433519379102541,0.0,0.0,0.8564666666666667,optimal
2021-02-12 10:30:00,40,91,0.7234152480396879,0.0,0.0,1.3622999999999998,optimal
2021-02-12 11:00:00,40,91,0.3801120892795099,0.0,0.0,0.278,optimal
2021-02-12 11:30:00,40,91,0.30871738399805865,0.0,0.0,0.4446666666666667,optimal
2021-02-12 12:00:00,40,91,0.17704301808880896,0.0,0.0,0.4874,optimal
2021-02-12 12:30:00,40,91,0.1756197413788084,0.0,0.0,0.4298666666666667,optimal
2021-02-12 13:00:00,40,91,1.1389657003695515,0.0,0.0,0.47886666666666666,optimal
2021-02-12 13:30:00,40,91,2.2857142857142856,0.0,0.0,0.31039999999999995,optimal
2021-02-12 14:00:00,40,91,2.2857142857142856,0.0,0.0,0.6482,optimal
2021-02-12 14:30:00,40,91,2.2857142857142856,0.0,0.0,0.367,optimal
2021-02-12 15:00:00,40,91,2.2857142857142856,0.0,0.0,0.3072,optimal
2021-02-12 15:30:00,40,91,2.2857142857142856,0.0,0.0,0.29656666666666665,optimal
2021-02-12 16:00:00,40,91,0.0,0.0,0.0,0.18786666666666668,optimal
2021-02-12 16:30:00,40,91,0.0,0.0,0.0,0.17880000000000001,optimal
2021-02-12 17:00:00,40,91,0.0,0.0,0.0,1.3666333333333334,optimal
2021-02-12 17:30:00,40,91,0.0,0.0,0.0,1.8215333333333332,optimal
2021-02-12 18:00:00,40,91,0.0,0.0,0.0,0.8415333333333334,optimal
2021-02-12 18:30:00,40,91,0.0,0.0,0.0,1.3749,optimal
2021-02-12 19:00:00,40,91,0.0,0.0,0.0,0.3383333333333333,optimal
2021-02-12 19:30:00,40,91,0.0,0.0,0.0,0.32656666666666667,optimal
2021-02-12 20:00:00,40,91,0.0,0.0,0.0,0.49276666666666663,optimal
2021-02-12 20:30:00,40,91,0.0,0.0,0.0,0.30156666666666665,optimal
2021-02-12 21:00:00,40,91,0.0,0.0,0.0,0.2873,optimal
2021-02-12 21:30:00,40,91,0.0,0.0,0.0,0.35383333333333333,optimal
2021-02-12 22:00:00,40,91,0.0,0.0,0.0,0.3821333333333333,optimal
2021-02-12 22:30:00,40,91,0.0,0.0,0.0,0.075,optimal
2021-02-12 23:00:00,40,91,0.0,0.0,0.0,0.1849,optimal
2021-02-12 23:30:00,40,91,0.0,0.0,0.0,0.07856666666666666,optimal
2021-02-13 00:00:00,40,91,0.0,0.0,0.0,0.07873333333333334,optimal
2021-02-13 00:30:00,40,91,1.4530476190476191,0.0,0.0,0.09286666666666667,optimal
2021-02-13 01:00:00,40,91,0.0,0.0,0.0,0.08226666666666667,optimal
2021-02-13 01:30:00,40,91,0.0,0.0,0.0,0.08933333333333333,optimal
2021-02-13 02:00:00,40,91,2.1886307085095367,0.0,0.0,0.07166666666666667,optimal
2021-02-13 02:30:00,40,91,2.2857142857142856,0.0,0.0,0.09993333333333333,optimal
2021-02-13 03:00:00,40,91,2.2857142857142856,0.0,0.0,0.054,optimal
2021-02-13 03:30:00,40,91,2.2857142857142856,0.0,0.0,0.054,optimal
2021-02-13 04:00:00,40,91,2.2857142857142856,0.0,0.0,0.054,optimal
2021-02-13 04:30:00,40,91,2.2857142857142856,0.0,0.0,0.08226666666666667,optimal
2021-02-13 05:00:00,40,91,2.2857142857142856,0.0,0.0,0.08933333333333333,optimal
2021-02-13 05:30:00,40,91,2.2857142857142856,0.0,0.0,0.054,optimal
2021-02-13 06:00:00,40,91,2.2857142857142856,0.0,0.0,0.1176,optimal
2021-02-13 06:30:00,40,91,2.2857142857142856,0.0,6.513535908798869,0.06626666666666667,optimal
2021-02-13 07:00:00,40,91,2.2857142857142856,0.0,10.0,0.3675333333333334,optimal
2021-02-13 07:30:00,40,91,2.2857142857142856,0.0,0.0,0.30326666666666663,optimal
2021-02-13 08:00:00,40,91,1.4295475711463588,0.0,0.0,0.07753333333333333,optimal
2021-02-13 08:30:00,40,91,1.4200557230077575,0.0,0.0,0.10640000000000001,optimal
2021-02-13 09:00:00,40,91,1.27812087613119,0.0,0.0,0.055,optimal
2021-02-13 09:30:00,40,91,1.242775921152554,0.0,0.0,0.1176,optimal
2021-02-13 10:00:00,40,91,0.987171465678504,0.0,0.0,0.054,optimal
2021-02-13 10:30:00,40,91,0.8396796175399202,0.0,0.0,0.3832,optimal
2021-02-13 11:00:00,40,91,0.45370748621104445,0.0,0.0,1.0835,optimal
2021-02-13 11:30:00,40,91,0.4548956380724547,0.0,0.0,1.4238,optimal
2021-02-13 12:00:00,40,91,0.34946568514204684,0.0,0.0,0.8078666666666666,optimal
2021-02-13 12:30:00,40,91,0.3584000841029966,0.0,0.0,0.44089999999999996,optimal
2021-02-13 13:00:00,40,91,1.6928120202843773,0.0,0.0,0.4026,optimal
2021-02-13 13:30:00,40,91,2.2857142857142856,0.0,0.0,0.379,optimal
2021-02-13 14:00:00,40,91,2.2857142857142856,0.0,0.0,0.5099,optimal
2021-02-13 14:30:00,40,91,2.2857142857142856,0.0,0.0,0.4606,optimal
2021-02-13 15:00:00,40,91,2.2857142857142856,0.0,0.0,0.6301666666666667,optimal
2021-02-13 15:30:00,40,91,2.2857142857142856,0.0,0.0,0.5339333333333333,optimal
2021-02-13 16:00:00,40,91,0.0,0.0,0.0,1.4858333333333333,optimal
2021-02-13 16:30:00,40,91,0.0,0.0,0.0,0.3146666666666667,optimal
2021-02-13 17:00:00,40,91,0.0,0.0,0.0,0.206,optimal
2021-02-13 17:30:00,40,91,0.0,0.0,0.0,0.3604,optimal
2021-02-13 18:00:00,40,91,0.0,0.0,0.0,0.6131333333333333,optimal
2021-02-13 18:30:00,40,91,0.0,0.0,0.0,1.477766666666667,optimal
2021-02-13 19:00:00,40,91,0.0,0.0,0.0,1.1813333333333333,optimal
2021-02-13 19:30:00,40,91,0.0,0.0,0.0,0.37460000000000004,optimal
2021-02-13 20:00:00,40,91,0.0,0.0,0.0,0.4122,optimal
2021-02-13 20:30:00,40,91,0.0,0.0,0.0,0.33313333333333334,optimal
2021-02-13 21:00:00,40,91,0.0,0.0,0.0,0.29533333333333334,optimal
2021-02-13 21:30:00,40,91,0.0,0.0,0.0,0.34836666666666666,optimal
2021-02-13 22:00:00,40,91,0.0,0.0,0.0,0.1276,optimal
2021-02-13 22:30:00,40,91,0.0,0.0,0.0,0.064,optimal
2021-02-13 23:00:00,40,91,0.0,0.0,0.0,0.07106666666666667,optimal
2021-02-13 23:30:00,40,91,0.0,0.0,0.0,0.12053333333333331,optimal
2021-02-07 00:00:00,41,91,0.0,0.0,0.0,0.09923333333333333,optimal
2021-02-07 00:30:00,41,91,0.0,0.0,0.0,0.1555,optimal
2021-02-07 01:00:00,41,91,0.0,0.0,0.0,0.066,optimal
2021-02-07 01:30:00,41,91,0.0,0.0,0.0,0.1323666666666667,optimal
2021-02-07 02:00:00,41,91,0.0,0.0,0.0,0.1323666666666667,optimal
2021-02-07 02:30:00,41,91,0.0,0.0,0.0,0.066,optimal
2021-02-07 03:00:00,41,91,0.0,0.0,0.0,0.1987333333333333,optimal
2021-02-07 03:30:00,41,91,0.0,0.0,0.0,0.066,optimal
2021-02-07 04:00:00,41,91,2.2857142857142856,0.0,0.0,0.066,optimal
2021-02-07 04:30:00,41,91,2.2857142857142856,0.0,0.0,0.09616666666666669,optimal
2021-02-07 05:00:00,41,91,2.2857142857142856,0.0,0.0,0.16856666666666667,optimal
2021-02-07 05:30:00,41,91,2.2857142857142856,0.0,0.0,0.066,optimal
2021-02-07 06:00:00,41,91,2.2857142857142856,0.0,0.0,0.19269999999999998,optimal
2021-02-07 06:30:00,41,91,2.2857142857142856,0.0,0.0,0.07203333333333334,optimal
2021-02-07 07:00:00,41,91,2.2857142857142856,0.0,1.9104478659086885,0.066,optimal
2021-02-07 07:30:00,41,91,0.0,0.0,0.0,0.1984,optimal
2021-02-07 08:00:00,41,91,0.0,0.0,0.0,0.2575,optimal
2021-02-07 08:30:00,41,91,0.0,0.0,0.0,0.06623333333333334,optimal
2021-02-07 09:00:00,41,91,0.0,0.0,0.0,0.29893333333333333,optimal
2021-02-07 09:30:00,41,91,0.6250132459451203,0.0,0.0,0.23213333333333333,optimal
2021-02-07 10:00:00,41,91,0.9585864420075568,0.0,0.0,0.14573333333333333,optimal
2021-02-07 10:30:00,41,91,0.9548653763799543,0.0,0.0,0.14946666666666666,optimal
2021-02-07 11:00:00,41,91,0.8674116373410653,0.0,0.0,0.07840000000000001,optimal
2021-02-07 11:30:00,41,91,0.8176878278172744,0.0,0.0,0.2524333333333333,optimal
2021-02-07 12:00:00,41,91,0.7748387942436923,0.0,0.0,0.07540000000000001,optimal
2021-02-07 12:30:00,41,91,0.7694673656722714,0.0,0.0,0.12886666666666668,optimal
2021-02-07 13:00:00,41,91,1.9018001717881292,0.0,0.0,0.2007333333333333,optimal
2021-02-07 13:30:00,41,91,2.2857142857142856,0.0,0.0,0.30569999999999997,optimal
2021-02-07 14:00:00,41,91,2.2857142857142856,0.0,0.0,0.0884,optimal
2021-02-07 14:30:00,41,91,2.2857142857142856,0.0,0.0,0.4019666666666666,optimal
2021-02-07 15:00:00,41,91,2.2857142857142856,0.0,0.0,0.13356666666666667,optimal
2021-02-07 15:30:00,41,91,2.2857142857142856,0.0,0.0,0.2131333333333333,optimal
2021-02-07 16:00:00,41,91,0.0,0.0,0.0,0.24659999999999999,optimal
2021-02-07 16:30:00,41,91,0.0,0.0,0.0,0.983,optimal
2021-02-07 17:00:00,41,91,0.0,0.0,0.0,1.672,optimal
2021-02-07 17:30:00,41,91,0.0,0.0,0.0,1.2015666666666667,optimal
2021-02-07 18:00:00,41,91,0.0,0.0,0.0,0.3444333333333333,optimal
2021-02-07 18:30:00,41,91,0.0,0.0,0.0,0.5597666666666666,optimal
2021-02-07 19:00:00,41,91,0.0,0.0,0.0,0.2334,optimal
2021-02-07 19:30:00,41,91,0.0,0.0,0.0,0.44146666666666656,optimal
2021-02-07 20:00:00,41,91,0.0,0.0,0.0,0.2798333333333333,optimal
2021-02-07 20:30:00,41,91,0.0,0.0,0.0,0.24516666666666662,optimal
2021-02-07 21:00:00,41,91,0.0,0.0,0.0,0.32663333333333333,optimal
2021-02-07 21:30:00,41,91,0.0,0.0,0.0,0.3383333333333333,optimal
2021-02-07 22:00:00,41,91,0.0,0.0,0.0,0.16503333333333334,optimal
2021-02-07 22:30:00,41,91,0.0,0.0,0.0,0.1846,optimal
2021-02-07 23:00:00,41,91,0.0,0.0,0.0,0.066,optimal
2021-02-07 23:30:00,41,91,0.0,0.0,0.0,0.1806333333333333,optimal
2021-02-08 00:00:00,41,91,0.0,0.0,0.0,0.064,optimal
2021-02-08 00:30:00,41,91,0.0,0.0,0.0,0.064,optimal
2021-02-08 01:00:00,41,91,0.0,0.0,0.0,0.064,optimal
2021-02-08 01:30:00,41,91,0.0,0.0,0.0,0.064,optimal
2021-02-08 02:00:00,41,91,0.0,0.0,0.0,0.064,optimal
2021-02-08 02:30:00,41,91,1.8460342542708816,0.0,0.0,0.064,optimal
2021-02-08 03:00:00,41,91,2.2857142857142856,0.0,0.0,0.064,optimal
2021-02-08 03:30:00,41,91,2.2857142857142856,0.0,0.0,0.064,optimal
2021-02-08 04:00:00,41,91,2.2857142857142856,0.0,0.0,0.064,optimal
2021-02-08 04:30:00,41,91,2.2857142857142856,0.0,0.0,0.064,optimal
2021-02-08 05:00:00,41,91,2.2857142857142856,0.0,0.0,0.064,optimal
2021-02-08 05:30:00,41,91,2.2857142857142856,0.0,0.0,0.064,optimal
2021-02-08 06:00:00,41,91,2.2857142857142856,0.0,0.0,0.064,optimal
2021-02-08 06:30:00,41,91,2.2857142857142856,0.0,7.533594422351326,0.07,optimal
2021-02-08 07:00:00,41,91,2.2857142857142856,0.0,10.0,0.2762,optimal
2021-02-08 07:30:00,41,91,2.2857142857142856,0.0,0.0,0.10256666666666667,optimal
2021-02-08 08:00:00,41,91,1.0456043386780283,0.0,0.0,0.283,optimal
2021-02-08 08:30:00,41,91,0.9804166063837629,0.0,0.0,0.3763333333333333,optimal
2021-02-08 09:00:00,41,91,0.9406948805490132,0.0,0.0,0.355,optimal
2021-02-08 09:30:00,41,91,0.9812098123237379,0.0,0.0,0.3342,optimal
2021-02-08 10:00:00,41,91,0.7144957009711785,0.0,0.0,0.339,optimal
2021-02-08 10:30:00,41,91,0.6974474358631125,0.0,0.0,0.339,optimal
2021-02-08 11:00:00,41,91,0.4716743237221353,0.0,0.0,0.347,optimal
2021-02-08 11:30:00,41,91,0.18614777030211843,0.0,0.0,1.3735666666666666,optimal
2021-02-08 12:00:00,41,91,0.28823092920004284,0.0,0.0,0.659,optimal
2021-02-08 12:30:00,41,91,0.34755877474095753,0.0,0.0,0.24246666666666666,optimal
2021-02-08 13:00:00,41,91,0.41489356468037375,0.0,0.0,0.2524666666666667,optimal
2021-02-08 13:30:00,41,91,2.2857142857142856,0.0,0.0,1.3802,optimal
2021-02-08 14:00:00,41,91,2.2857142857142856,0.0,0.0,0.9007999999999999,optimal
2021-02-08 14:30:00,41,91,2.2857142857142856,0.0,0.0,0.332,optimal
2021-02-08 15:00:00,41,91,2.2857142857142856,0.0,0.0,0.32239999999999996,optimal
2021-02-08 15:30:00,41,91,2.2857142857142856,0.0,0.0,0.2311,optimal
2021-02-08 16:00:00,41,91,0.0,0.0,0.0,0.3639,optimal
2021-02-08 16:30:00,41,91,0.0,0.0,0.0,0.2457333333333333,optimal
2021-02-08 17:00:00,41,91,0.0,0.0,0.0,0.38430000000000003,optimal
2021-02-08 17:30:00,41,91,0.0,0.0,0.0,0.7241000000000001,optimal
2021-02-08 18:00:00,41,91,0.0,0.0,0.0,0.5652333333333334,optimal
2021-02-08 18:30:00,41,91,0.0,0.0,0.0,0.26926666666666665,optimal
2021-02-08 19:00:00,41,91,0.0,0.0,0.0,0.3292,optimal
2021-02-08 19:30:00,41,91,0.0,0.0,0.0,0.38489999999999996,optimal
2021-02-08 20:00:00,41,91,0.0,0.0,0.0,0.45239999999999997,optimal
2021-02-08 20:30:00,41,91,0.0,0.0,0.0,0.456,optimal
2021-02-08 21:00:00,41,91,0.0,0.0,0.0,0.3946,optimal
2021-02-08 21:30:00,41,91,0.0,0.0,0.0,0.4373333333333333,optimal
2021-02-08 22:00:00,41,91,0.0,0.0,0.0,0.46473333333333333,optimal
2021-02-08 22:30:00,41,91,0.0,0.0,0.0,0.488,optimal
2021-02-08 23:00:00,41,91,0.0,0.0,0.0,0.49206666666666665,optimal
2021-02-08 23:30:00,41,91,0.0,0.0,0.0,0.2944,optimal
2021-02-09 00:00:00,41,91,0.0,0.0,0.0,0.053,optimal
2021-02-09 00:30:00,41,91,0.0,0.0,0.0,0.053,optimal
2021-02-09 01:00:00,41,91,0.0,0.0,0.0,0.1154,optimal
2021-02-09 01:30:00,41,91,0.0,0.0,0.0,0.053,optimal
2021-02-09 02:00:00,41,91,1.0898144211303848,0.0,0.0,0.1154,optimal
2021-02-09 02:30:00,41,91,2.2857142857142856,0.0,0.0,0.053,optimal
2021-02-09 03:00:00,41,91,2.2857142857142856,0.0,0.0,0.053,optimal
2021-02-09 03:30:00,41,91,2.2857142857142856,0.0,0.0,0.1154,optimal
2021-02-09 04:00:00,41,91,2.2857142857142856,0.0,0.0,0.06686666666666666,optimal
2021-02-09 04:30:00,41,91,2.2857142857142856,0.0,0.0,0.10153333333333332,optimal
2021-02-09 05:00:00,41,91,2.2857142857142856,0.0,0.0,0.07379999999999999,optimal
2021-02-09 05:30:00,41,91,2.2857142857142856,0.0,0.0,0.09459999999999999,optimal
2021-02-09 06:00:00,41,91,2.2857142857142856,0.0,0.0,0.05666666666666666,optimal
2021-02-09 06:30:00,41,91,2.2857142857142856,0.0,0.0,0.063,optimal
2021-02-09 07:00:00,41,91,2.2857142857142856,0.0,0.0,0.06973333333333333,optimal
2021-02-09 07:30:00,41,91,2.2857142857142856,0.0,0.0,0.105,optimal
2021-02-09 08:00:00,41,91,1.3667052242201154,0.0,0.0,0.053,optimal
2021-02-09 08:30:00,41,91,1.350458251232942,0.0,0.0,0.07379999999999999,optimal
2021-02-09 09:00:00,41,91,1.1891751630589027,0.0,0.0,0.09459999999999999,optimal
2021-02-09 09:30:00,41,91,1.1745097885131262,0.0,0.0,0.07379999999999999,optimal
2021-02-09 10:00:00,41,91,0.8997238102271973,0.0,0.0,0.09459999999999999,optimal
2021-02-09 10:30:00,41,91,0.8924550457247643,0.0,0.0,0.05993333333333333,optimal
2021-02-09 11:00:00,41,91,0.6299148995641819,0.0,0.0,0.10846666666666668,optimal
2021-02-09 11:30:00,41,91,0.6423278133303617,0.0,0.0,0.053,optimal
2021-02-09 12:00:00,41,91,0.46325538982767384,0.0,0.0,0.1052,optimal
2021-02-09 12:30:00,41,91,0.4765948570138743,0.0,0.0,0.07686666666666667,optimal
2021-02-09 13:00:00,41,91,0.6018907959372185,0.0,0.0,0.063,optimal
2021-02-09 13:30:00,41,91,2.285714285714285,0.0,0.0,0.063,optimal
2021-02-09 14:00:00,41,91,2.2857142857142856,0.0,0.0,0.063,optimal
2021-02-09 14:30:00,41,91,2.2857142857142856,0.0,0.0,0.115,optimal
2021-02-09 15:00:00,41,91,2.2857142857142856,0.0,0.0,0.0734,optimal
2021-02-09 15:30:00,41,91,2.2857142857142856,0.0,0.0,0.09766666666666668,optimal
2021-02-09 16:00:00,41,91,0.0,0.0,0.0,0.28833333333333333,optimal
2021-02-09 16:30:00,41,91,0.0,0.0,0.0,0.224,optimal
2021-02-09 17:00:00,41,91,0.0,0.0,0.0,0.7946666666666666,optimal
2021-02-09 17:30:00,41,91,0.0,0.0,0.0,1.6476,optimal
2021-02-09 18:00:00,41,91,0.0,0.0,0.0,0.16419999999999998,optimal
2021-02-09 18:30:00,41,91,0.0,0.0,0.0,0.2538666666666667,optimal
2021-02-09 19:00:00,41,91,0.0,0.0,0.0,0.4972,optimal
2021-02-09 19:30:00,41,91,0.0,0.0,0.0,0.24969999999999998,optimal
2021-02-09 20:00:00,41,91,0.0,0.0,0.0,0.16219999999999998,optimal
2021-02-09 20:30:00,41,91,0.0,0.0,0.0,0.099,optimal
2021-02-09 21:00:00,41,91,0.0,0.0,0.0,0.18569999999999998,optimal
2021-02-09 21:30:00,41,91,0.0,0.0,0.0,0.2592,optimal
2021-02-09 22:00:00,41,91,0.05971428571428571,0.0,0.0,0.18166666666666662,optimal
2021-02-09 22:30:00,41,91,0.0,0.0,0.0,0.18296666666666667,optimal
2021-02-09 23:00:00,41,91,0.0,0.0,0.0,0.2597,optimal
2021-02-09 23:30:00,41,91,0.0,0.0,0.0,0.12916666666666665,optimal
2021-02-10 00:00:00,41,91,0.0,0.0,0.0,0.057,optimal
2021-02-10 00:30:00,41,91,0.09952380952380951,0.0,0.0,0.051,optimal
2021-02-10 01:00:00,41,91,0.0,0.0,0.0,0.0916,optimal
2021-02-10 01:30:00,41,91,0.0,0.0,0.0,0.138,optimal
2021-02-10 02:00:00,41,91,1.4567369899530775,0.0,0.0,0.051,optimal
2021-02-10 02:30:00,41,91,2.2857142857142856,0.0,0.0,0.1148,optimal
2021-02-10 03:00:00,41,91,2.2857142857142856,0.0,0.0,0.1814,optimal
2021-02-10 03:30:00,41,91,2.2857142857142856,0.0,0.0,0.0695,optimal
2021-02-10 04:00:00,41,91,2.2857142857142856,0.0,0.0,0.2035,optimal
2021-02-10 04:30:00,41,91,2.2857142857142856,0.0,0.0,0.1149,optimal
2021-02-10 05:00:00,41,91,2.2857142857142856,0.0,0.0,0.0809,optimal
2021-02-10 05:30:00,41,91,2.2857142857142856,0.0,4.8141806354823675,0.0958,optimal
2021-02-10 06:00:00,41,91,2.2857142857142856,0.0,10.0,0.14746666666666666,optimal
2021-02-10 06:30:00,41,91,2.2857142857142856,0.0,10.0,0.1156,optimal
2021-02-10 07:00:00,41,91,2.2857142857142856,0.0,10.0,0.053399999999999996,optimal
2021-02-10 07:30:00,41,91,2.2857142857142856,0.0,0.0,0.2374,optimal
2021-02-10 08:00:00,41,91,1.3871651389817836,0.0,0.0,0.07579999999999999,optimal
2021-02-10 08:30:00,41,91,1.3478263178560101,0.0,0.0,0.1597333333333333,optimal
2021-02-10 09:00:00,41,91,1.1955164451756861,0.0,0.0,0.0742,optimal
2021-02-10 09:30:00,41,91,1.1884061954785063,0.0,0.0,0.053666666666666654,optimal
2021-02-10 10:00:00,41,91,0.8934581331633045,0.0,0.0,0.12593333333333334,optimal
2021-02-10 10:30:00,41,91,0.8856111601761332,0.0,0.0,0.109,optimal
2021-02-10 11:00:00,41,91,0.6906976146339578,0.0,0.0,0.1206,optimal
2021-02-10 11:30:00,41,91,0.6830282040710789,0.0,0.0,0.12340000000000001,optimal
2021-02-10 12:00:00,41,91,0.4277553986458919,0.0,0.0,0.1768,optimal
2021-02-10 12:30:00,41,91,0.4625553986458908,0.0,0.0,0.05733333333333333,optimal
2021-02-10 13:00:00,41,91,2.2857142857142856,0.0,0.0,0.22333333333333327,optimal
2021-02-10 13:30:00,41,91,2.2857142857142856,0.0,0.0,0.0842,optimal
2021-02-10 14:00:00,41,91,2.2857142857142856,0.0,0.0,0.11293333333333334,optimal
2021-02-10 14:30:00,41,91,2.2857142857142856,0.0,0.0,0.2294,optimal
2021-02-10 15:00:00,41,91,2.2857142857142856,0.0,0.0,0.1168,optimal
2021-02-10 15:30:00,41,91,2.2857142857142856,0.0,0.0,0.177,optimal
2021-02-10 16:00:00,41,91,0.0,0.0,0.0,0.3348666666666667,optimal
2021-02-10 16:30:00,41,91,0.0,0.0,0.0,0.207,optimal
2021-02-10 17:00:00,41,91,0.0,0.0,0.0,0.3673,optimal
2021-02-10 17:30:00,41,91,0.0,0.0,0.0,0.177,optimal
2021-02-10 18:00:00,41,91,0.0,0.0,0.0,0.0906,optimal
2021-02-10 18:30:00,41,91,0.0,0.0,0.0,0.2256,optimal
2021-02-10 19:00:00,41,91,0.0,0.0,0.0,0.0906,optimal
2021-02-10 19:30:00,41,91,0.0,0.0,0.0,0.1618,optimal
2021-02-10 20:00:00,41,91,0.9935991078984361,0.0,0.0,0.1248,optimal
2021-02-10 20:30:00,41,91,0.0,0.0,0.0,0.1276,optimal
2021-02-10 21:00:00,41,91,0.0,0.0,0.0,0.1886,optimal
2021-02-10 21:30:00,41,91,0.0,0.0,0.0,0.061,optimal
2021-02-10 22:00:00,41,91,0.0,0.0,0.0,0.1154,optimal
2021-02-10 22:30:00,41,91,0.0,0.0,0.0,0.2008,optimal
2021-02-10 23:00:00,41,91,0.0,0.0,0.0,0.07579999999999999,optimal
2021-02-10 23:30:00,41,91,0.0,0.0,0.0,0.1128,optimal
2021-02-11 00:00:00,41,91,0.0,0.0,0.0,0.06533333333333333,optimal
2021-02-11 00:30:00,41,91,2.2857142857142856,0.0,0.0,0.09026666666666668,optimal
2021-02-11 01:00:00,41,91,2.2857142857142856,0.0,0.0,0.1772,optimal
2021-02-11 01:30:00,41,91,2.2857142857142856,0.0,0.0,0.1015,optimal
2021-02-11 02:00:00,41,91,2.2857142857142856,0.0,0.0,0.2557,optimal
2021-02-11 02:30:00,41,91,2.2857142857142856,0.0,0.0,0.071,optimal
2021-02-11 03:00:00,41,91,2.2857142857142856,0.0,0.0,0.1713,optimal
2021-02-11 03:30:00,41,91,2.2857142857142856,0.0,0.0,0.1859,optimal
2021-02-11 04:00:00,41,91,2.2857142857142856,0.0,0.0,0.1182,optimal
2021-02-11 04:30:00,41,91,2.2857142857142856,0.0,0.0,0.1536,optimal
2021-02-11 05:00:00,41,91,2.2857142857142856,0.0,0.0,0.1564,optimal
2021-02-11 05:30:00,41,91,2.2857142857142856,0.0,0.7639158246543107,0.071,optimal
2021-02-11 06:00:00,41,91,2.2857142857142856,0.0,10.0,0.23063333333333333,optimal
2021-02-11 06:30:00,41,91,2.2857142857142856,0.0,0.0,0.13646666666666668,optimal
2021-02-11 07:00:00,41,91,2.2857142857142856,0.0,0.0,0.082,optimal
2021-02-11 07:30:00,41,91,2.2857142857142856,0.0,0.0,0.10556666666666667,optimal
2021-02-11 08:00:00,41,91,1.2299775275113882,0.0,0.0,1.6450333333333333,optimal
2021-02-11 08:30:00,41,91,1.3865597385937911,0.0,0.0,0.9925,optimal
2021-02-11 09:00:00,41,91,1.1727275411891165,0.0,0.0,0.2429,optimal
2021-02-11 09:30:00,41,91,1.346126951432871,0.0,0.0,1.2233,optimal
2021-02-11 10:00:00,41,91,1.3971612544441083,0.0,0.0,1.3111,optimal
2021-02-11 10:30:00,41,91,0.4284177178213913,0.0,0.0,2.9354333333333336,optimal
2021-02-11 11:00:00,41,91,0.27110522291441935,0.0,0.0,2.7405999999999997,optimal
2021-02-11 11:30:00,41,91,0.4120589294071146,0.0,0.0,0.4080666666666667,optimal
2021-02-11 12:00:00,41,91,0.15881537026985795,0.0,0.0,0.24769999999999998,optimal
2021-02-11 12:30:00,41,91,0.16463086827779475,0.0,0.0,0.32056666666666667,optimal
2021-02-11 13:00:00,41,91,1.8390162142058228,0.0,0.0,0.3634,optimal
2021-02-11 13:30:00,41,91,2.2857142857142856,0.0,0.0,0.3028333333333333,optimal
2021-02-11 14:00:00,41,91,2.2857142857142856,0.0,0.0,0.313,optimal
2021-02-11 14:30:00,41,91,2.2857142857142856,0.0,0.0,1.3719333333333334,optimal
2021-02-11 15:00:00,41,91,2.2857142857142856,0.0,0.0,1.0363,optimal
2021-02-11 15:30:00,41,91,2.2857142857142856,0.0,0.0,3.353,optimal
2021-02-11 16:00:00,41,91,0.0,0.0,0.0,1.0527666666666669,optimal
2021-02-11 16:30:00,41,91,0.0,0.0,0.0,0.3773,optimal
2021-02-11 17:00:00,41,91,0.0,0.0,0.0,2.1845333333333334,optimal
2021-02-11 17:30:00,41,91,0.0,0.0,0.0,0.6901,optimal
2021-02-11 18:00:00,41,91,0.0,0.0,0.0,0.6297666666666667,optimal
2021-02-11 18:30:00,41,91,0.0,0.0,0.0,2.2985,optimal
2021-02-11 19:00:00,41,91,0.0,0.0,0.0,0.8264666666666667,optimal
2021-02-11 19:30:00,41,91,0.0,0.0,0.0,1.4473666666666665,optimal
2021-02-11 20:00:00,41,91,0.0,0.0,0.0,1.3285666666666667,optimal
2021-02-11 20:30:00,41,91,0.0,0.0,0.0,0.8007666666666666,optimal
2021-02-11 21:00:00,41,91,0.0,0.0,0.0,0.4663,optimal
2021-02-11 21:30:00,41,91,0.0,0.0,0.0,0.4298,optimal
2021-02-11 22:00:00,41,91,0.0,0.0,0.0,0.41313333333333335,optimal
2021-02-11 22:30:00,41,91,0.0,0.0,0.0,0.3097,optimal
2021-02-11 23:00:00,41,91,0.0,0.0,0.0,0.308,optimal
2021-02-11 23:30:00,41,91,0.0,0.0,0.0,0.13,optimal
2021-02-12 00:00:00,41,91,0.0199047619047619,0.0,0.0,0.053399999999999996,optimal
2021-02-12 00:30:00,41,91,2.1506482606782495,0.0,0.0,0.18666666666666662,optimal
2021-02-12 01:00:00,41,91,2.2857142857142856,0.0,0.0,0.051,optimal
2021-02-12 01:30:00,41,91,2.2857142857142856,0.0,0.0,0.05716666666666666,optimal
2021-02-12 02:00:00,41,91,2.2857142857142856,0.0,0.0,0.1805,optimal
2021-02-12 02:30:00,41,91,2.2857142857142856,0.0,0.0,0.051,optimal
2021-02-12 03:00:00,41,91,2.2857142857142856,0.0,0.0,0.196,optimal
2021-02-12 03:30:00,41,91,2.2857142857142856,0.0,0.0,0.061,optimal
2021-02-12 04:00:00,41,91,2.2857142857142856,0.0,0.0,0.11333333333333331,optimal
2021-02-12 04:30:00,41,91,2.2857142857142856,0.0,0.0,0.13433333333333333,optimal
2021-02-12 05:00:00,41,91,2.2857142857142856,0.0,0.0,0.061,optimal
2021-02-12 05:30:00,41,91,2.2857142857142856,0.0,0.0,0.11833333333333332,optimal
2021-02-12 06:00:00,41,91,2.2857142857142856,0.0,0.0,0.125,optimal
2021-02-12 06:30:00,41,91,2.2857142857142856,0.0,0.37053072405678966,0.058333333333333334,optimal
2021-02-12 07:00:00,41,91,2.2857142857142856,0.0,10.0,2.0083333333333333,optimal
2021-02-12 07:30:00,41,91,2.2857142857142856,0.0,0.0,0.9632999999999999,optimal
2021-02-12 08:00:00,41,91,1.5822256923611597,0.0,0.0,0.1435,optimal
2021-02-12 08:30:00,41,91,1.6223930849154942,0.0,0.0,0.051,optimal
2021-02-12 09:00:00,41,91,1.3993399209280584,0.0,0.0,0.18666666666666662,optimal
2021-02-12 09:30:00,41,91,1.2869747933066282,0.0,0.0,0.060333333333333336,optimal
2021-02-12 10:00:00,41,91,0.8214014617197809,0.0,0.0,0.16583333333333333,optimal
2021-02-12 10:30:00,41,91,0.8150666766111284,0.0,0.0,0.0825,optimal
2021-02-12 11:00:00,41,91,0.5565311368985482,0.0,0.0,0.051,optimal
2021-02-12 11:30:00,41,91,0.5143345268552056,0.0,0.0,0.18666666666666662,optimal
2021-02-12 12:00:00,41,91,0.44659920856499563,0.0,0.0,0.050333333333333334,optimal
2021-02-12 12:30:00,41,91,0.44316450328355683,0.0,0.0,0.05966666666666666,optimal
2021-02-12 13:00:00,41,91,2.2857142857142856,0.0,0.0,0.19366666666666663,optimal
2021-02-12 13:30:00,41,91,2.2857142857142856,0.0,0.0,0.051,optimal
2021-02-12 14:00:00,41,91,2.2857142857142856,0.0,0.0,0.7328666666666667,optimal
2021-02-12 14:30:00,41,91,2.2857142857142856,0.0,0.0,2.5896666666666666,optimal
2021-02-12 15:00:00,41,91,2.2857142857142856,0.0,0.0,2.538,optimal
2021-02-12 15:30:00,41,91,2.2857142857142856,0.0,0.0,1.1916,optimal
2021-02-12 16:00:00,41,91,0.0,0.0,0.0,2.4681666666666664,optimal
2021-02-12 16:30:00,41,91,0.0,0.0,0.0,0.7547666666666667,optimal
2021-02-12 17:00:00,41,91,0.0,0.0,0.0,0.3877,optimal
2021-02-12 17:30:00,41,91,0.0,0.0,0.0,0.129,optimal
2021-02-12 18:00:00,41,91,0.0,0.0,0.0,0.05353333333333333,optimal
2021-02-12 18:30:00,41,91,0.0,0.0,0.0,0.0578,optimal
2021-02-12 19:00:00,41,91,0.0,0.0,0.0,0.14733333333333334,optimal
2021-02-12 19:30:00,41,91,0.0,0.0,0.0,0.11033333333333331,optimal
2021-02-12 20:00:00,41,91,0.6680041463761089,0.0,0.0,0.10416666666666669,optimal
2021-02-12 20:30:00,41,91,0.0,0.0,0.0,0.1535,optimal
2021-02-12 21:00:00,41,91,0.0,0.0,0.0,0.067,optimal
2021-02-12 21:30:00,41,91,0.0,0.0,0.0,0.16566666666666666,optimal
2021-02-12 22:00:00,41,91,1.4530476190476187,0.0,0.0,0.32889999999999997,optimal
2021-02-12 22:30:00,41,91,0.0,0.0,0.0,0.2691,optimal
2021-02-12 23:00:00,41,91,0.0,0.0,0.0,0.14116666666666666,optimal
2021-02-12 23:30:00,41,91,0.0,0.0,0.0,0.056,optimal
2021-02-13 00:00:00,41,91,0.0398095238095238,0.0,0.0,0.10590000000000001,optimal
2021-02-13 00:30:00,41,91,1.1743809523809523,0.0,0.0,0.2915,optimal
2021-02-13 01:00:00,41,91,0.0,0.0,0.0,0.1759,optimal
2021-02-13 01:30:00,41,91,0.0,0.0,0.0,0.11213333333333333,optimal
2021-02-13 02:00:00,41,91,1.545803392165475,0.0,0.0,0.08293333333333333,optimal
2021-02-13 02:30:00,41,91,2.2857142857142856,0.0,0.0,0.2836,optimal
2021-02-13 03:00:00,41,91,2.2857142857142856,0.0,0.0,0.062,optimal
2021-02-13 03:30:00,41,91,2.2857142857142856,0.0,0.0,0.29303333333333337,optimal
2021-02-13 04:00:00,41,91,2.2857142857142856,0.0,0.0,0.0735,optimal
2021-02-13 04:30:00,41,91,2.2857142857142856,0.0,0.0,0.18430000000000002,optimal
2021-02-13 05:00:00,41,91,2.2857142857142856,0.0,0.0,0.1822333333333333,optimal
2021-02-13 05:30:00,41,91,2.2857142857142856,0.0,0.0,0.09333333333333331,optimal
2021-02-13 06:00:00,41,91,2.2857142857142856,0.0,0.0,0.2772,optimal
2021-02-13 06:30:00,41,91,2.2857142857142856,0.0,0.0,0.072,optimal
2021-02-13 07:00:00,41,91,2.2857142857142856,0.0,0.0,0.5992333333333334,optimal
2021-02-13 07:30:00,41,91,2.2857142857142856,0.0,0.0,0.5154333333333333,optimal
2021-02-13 08:00:00,41,91,1.2037675711463576,0.0,0.0,0.9682666666666667,optimal
2021-02-13 08:30:00,41,91,1.0946271515792048,0.0,0.0,0.3723333333333333,optimal
2021-02-13 09:00:00,41,91,0.9388161142264289,0.0,0.0,0.41903333333333337,optimal
2021-02-13 09:30:00,41,91,0.8810711592478025,0.0,0.0,0.39280000000000004,optimal
2021-02-13 10:00:00,41,91,0.5318095609165973,0.0,0.0,0.44996666666666657,optimal
2021-02-13 10:30:00,41,91,0.5745462842065765,0.0,0.0,0.30196666666666666,optimal
2021-02-13 11:00:00,41,91,0.21255891478246222,0.0,0.0,0.2556,optimal
2021-02-13 11:30:00,41,91,0.0965603999772054,0.0,0.0,0.9994666666666668,optimal
2021-02-13 12:00:00,41,91,0.0,0.0,0.0,3.199533333333333,optimal
2021-02-13 12:30:00,41,91,0.15751590584324593,0.0,0.0,0.40873333333333334,optimal
2021-02-13 13:00:00,41,91,1.2340952380952381,0.0,0.0,2.003933333333333,optimal
2021-02-13 13:30:00,41,91,1.753813686558299,0.0,0.0,0.9775,optimal
2021-02-13 14:00:00,41,91,2.2857142857142856,0.0,0.0,0.4222666666666667,optimal
2021-02-13 14:30:00,41,91,2.2857142857142856,0.0,0.0,2.1944,optimal
2021-02-13 15:00:00,41,91,2.2857142857142856,0.0,0.0,2.6876666666666664,optimal
2021-02-13 15:30:00,41,91,2.2857142857142856,0.0,0.0,1.1983333333333333,optimal
2021-02-13 16:00:00,41,91,0.0,0.0,0.0,0.3506,optimal
2021-02-13 16:30:00,41,91,0.0,0.0,0.0,0.3293333333333333,optimal
2021-02-13 17:00:00,41,91,0.0,0.0,0.0,0.4458666666666667,optimal
2021-02-13 17:30:00,41,91,0.0,0.0,0.0,0.3253666666666667,optimal
2021-02-13 18:00:00,41,91,0.0,0.0,0.0,0.47643333333333326,optimal
2021-02-13 18:30:00,41,91,0.0,0.0,0.0,0.6671,optimal
2021-02-13 19:00:00,41,91,0.0,0.0,0.0,0.2932,optimal
2021-02-13 19:30:00,41,91,0.0,0.0,0.0,0.7454666666666667,optimal
2021-02-13 20:00:00,41,91,0.0,0.0,0.0,0.371,optimal
2021-02-13 20:30:00,41,91,0.0,0.0,0.0,0.35869999999999996,optimal
2021-02-13 21:00:00,41,91,0.0,0.0,0.0,0.42310000000000003,optimal
2021-02-13 21:30:00,41,91,0.0,0.0,0.0,0.3053666666666667,optimal
2021-02-13 22:00:00,41,91,0.13933333333333334,0.0,0.0,1.1719333333333335,optimal
2021-02-13 22:30:00,41,91,0.0,0.0,0.0,1.8429333333333326,optimal
2021-02-13 23:00:00,41,91,0.0,0.0,0.0,0.2115,optimal
2021-02-13 23:30:00,41,91,0.0,0.0,0.0,0.2545,optimal
2021-02-07 00:00:00,42,91,0.0,0.0,0.0,0.059,optimal
2021-02-07 00:30:00,42,91,0.0,0.0,0.0,0.059,optimal
2021-02-07 01:00:00,42,91,0.0,0.0,0.0,0.059,optimal
2021-02-07 01:30:00,42,91,0.0,0.0,0.0,0.20346666666666666,optimal
2021-02-07 02:00:00,42,91,0.0,0.0,0.0,0.059,optimal
2021-02-07 02:30:00,42,91,0.0,0.0,0.0,0.12466666666666669,optimal
2021-02-07 03:00:00,42,91,0.0,0.0,0.0,0.1378,optimal
2021-02-07 03:30:00,42,91,0.0,0.0,0.0,0.08526666666666667,optimal
2021-02-07 04:00:00,42,91,2.142857142857143,0.0,0.0,1.6303666666666665,optimal
2021-02-07 04:30:00,42,91,2.142857142857143,0.0,0.0,0.5505,optimal
2021-02-07 05:00:00,42,91,2.142857142857143,0.0,0.0,0.08466666666666667,optimal
2021-02-07 05:30:00,42,91,2.142857142857143,0.0,0.0,0.5514,optimal
2021-02-07 06:00:00,42,91,2.142857142857143,0.0,0.0,1.2322666666666668,optimal
2021-02-07 06:30:00,42,91,2.142857142857143,0.0,0.0,1.2323333333333333,optimal
2021-02-07 07:00:00,42,91,2.142857142857143,0.0,1.7076336144509696,0.21146666666666666,optimal
2021-02-07 07:30:00,42,91,0.0,0.0,0.0,0.067,optimal
2021-02-07 08:00:00,42,91,0.0,0.0,0.0,0.34906666666666664,optimal
2021-02-07 08:30:00,42,91,0.27378162177697724,0.0,0.0,0.14780000000000001,optimal
2021-02-07 09:00:00,42,91,1.1670533067088267,0.0,0.0,0.08213333333333334,optimal
2021-02-07 09:30:00,42,91,1.1298471728559554,0.0,0.0,0.20033333333333328,optimal
2021-02-07 10:00:00,42,91,1.0579483467694608,0.0,0.0,0.069,optimal
2021-02-07 10:30:00,42,91,1.0648177573323387,0.0,0.0,0.069,optimal
2021-02-07 11:00:00,42,91,0.8881640182934545,0.0,0.0,0.21346666666666667,optimal
2021-02-07 11:30:00,42,91,0.9294402087696445,0.0,0.0,0.069,optimal
2021-02-07 12:00:00,42,91,0.8318197466246362,0.0,0.0,0.069,optimal
2021-02-07 12:30:00,42,91,0.8341416310964136,0.0,0.0,0.2069,optimal
2021-02-07 13:00:00,42,91,2.142857142857143,0.0,0.0,0.07556666666666666,optimal
2021-02-07 13:30:00,42,91,2.142857142857143,0.0,0.0,0.069,optimal
2021-02-07 14:00:00,42,91,2.142857142857143,0.0,0.0,0.069,optimal
2021-02-07 14:30:00,42,91,2.142857142857143,0.0,0.0,0.069,optimal
2021-02-07 15:00:00,42,91,2.142857142857143,0.0,0.0,0.19376666666666667,optimal
2021-02-07 15:30:00,42,91,2.142857142857143,0.0,0.0,0.0887,optimal
2021-02-07 16:00:00,42,91,0.0,0.0,0.0,0.069,optimal
2021-02-07 16:30:00,42,91,0.0,0.0,0.0,0.21346666666666667,optimal
2021-02-07 17:00:00,42,91,0.0,0.0,0.0,0.06766666666666667,optimal
2021-02-07 17:30:00,42,91,0.0,0.0,0.0,1.2950666666666666,optimal
2021-02-07 18:00:00,42,91,0.0,0.0,0.0,1.0846666666666667,optimal
2021-02-07 18:30:00,42,91,0.0,0.0,0.0,0.14676666666666668,optimal
2021-02-07 19:00:00,42,91,0.0,0.0,0.0,0.22346666666666667,optimal
2021-02-07 19:30:00,42,91,1.0494640377686408,0.0,0.0,0.12093333333333334,optimal
2021-02-07 20:00:00,42,91,1.0476164187210333,0.0,0.0,0.2,optimal
2021-02-07 20:30:00,42,91,0.0,0.0,0.0,0.24636666666666668,optimal
2021-02-07 21:00:00,42,91,0.0,0.0,0.0,0.5003,optimal
2021-02-07 21:30:00,42,91,0.0,0.0,0.0,0.5732999999999999,optimal
2021-02-07 22:00:00,42,91,0.0,0.0,0.0,0.5261,optimal
2021-02-07 22:30:00,42,91,0.0,0.0,0.0,0.2902666666666667,optimal
2021-02-07 23:00:00,42,91,0.0,0.0,0.0,0.11506666666666666,optimal
2021-02-07 23:30:00,42,91,0.0,0.0,0.0,0.13723333333333332,optimal
2021-02-08 00:00:00,42,91,0.0,0.0,0.0,0.054,optimal
2021-02-08 00:30:00,42,91,1.3137142857142858,0.0,0.0,0.054,optimal
2021-02-08 01:00:00,42,91,0.0,0.0,0.0,0.054,optimal
2021-02-08 01:30:00,42,91,0.0,0.0,0.0,0.054,optimal
2021-02-08 02:00:00,42,91,0.7490809219738793,0.0,0.0,0.06266666666666666,optimal
2021-02-08 02:30:00,42,91,2.142857142857143,0.0,0.0,0.054,optimal
2021-02-08 03:00:00,42,91,2.142857142857143,0.0,0.0,0.054,optimal
2021-02-08 03:30:00,42,91,2.142857142857143,0.0,0.0,0.054,optimal
2021-02-08 04:00:00,42,91,2.142857142857143,0.0,0.0,0.054,optimal
2021-02-08 04:30:00,42,91,2.142857142857143,0.0,0.0,0.054,optimal
2021-02-08 05:00:00,42,91,2.142857142857143,0.0,0.0,0.054,optimal
2021-02-08 05:30:00,42,91,2.142857142857143,0.0,0.0,0.05333333333333334,optimal
2021-02-08 06:00:00,42,91,2.142857142857143,0.0,0.0,0.052,optimal
2021-02-08 06:30:00,42,91,2.142857142857143,0.0,8.186319082047453,0.061666666666666654,optimal
2021-02-08 07:00:00,42,91,2.142857142857143,0.0,10.0,0.062,optimal
2021-02-08 07:30:00,42,91,2.142857142857143,0.0,0.0,1.2434,optimal
2021-02-08 08:00:00,42,91,1.1946329101066047,0.0,0.0,0.062,optimal
2021-02-08 08:30:00,42,91,1.266740415907564,0.0,0.0,0.06333333333333334,optimal
2021-02-08 09:00:00,42,91,1.1785329757871155,0.0,0.0,0.064,optimal
2021-02-08 09:30:00,42,91,1.0915050504189703,0.0,0.0,0.062,optimal
2021-02-08 10:00:00,42,91,0.7512271295426043,0.0,0.0,1.1772,optimal
2021-02-08 10:30:00,42,91,0.8287521977678813,0.0,0.0,0.5359666666666667,optimal
2021-02-08 11:00:00,42,91,0.5951695618173773,0.0,0.0,0.2773,optimal
2021-02-08 11:30:00,42,91,0.5775515798259231,0.0,0.0,0.3226,optimal
2021-02-08 12:00:00,42,91,0.3738671196762416,0.0,0.0,0.3907,optimal
2021-02-08 12:30:00,42,91,0.37136829855048703,0.0,0.0,0.2017333333333333,optimal
2021-02-08 13:00:00,42,91,1.9029712044875884,0.0,0.0,0.15096666666666667,optimal
2021-02-08 13:30:00,42,91,2.142857142857143,0.0,0.0,0.1034,optimal
2021-02-08 14:00:00,42,91,2.142857142857143,0.0,0.0,0.093,optimal
2021-02-08 14:30:00,42,91,2.142857142857143,0.0,0.0,1.3957666666666668,optimal
2021-02-08 15:00:00,42,91,2.142857142857143,0.0,0.0,0.2936666666666667,optimal
2021-02-08 15:30:00,42,91,2.142857142857143,0.0,0.0,0.2767333333333333,optimal
2021-02-08 16:00:00,42,91,0.0,0.0,0.0,0.2176,optimal
2021-02-08 16:30:00,42,91,0.0,0.0,0.0,1.4554,optimal
2021-02-08 17:00:00,42,91,0.0,0.0,0.0,0.6527999999999999,optimal
2021-02-08 17:30:00,42,91,0.0,0.0,0.0,0.3516,optimal
2021-02-08 18:00:00,42,91,0.0,0.0,0.0,0.3979,optimal
2021-02-08 18:30:00,42,91,0.0,0.0,0.0,0.9784666666666668,optimal
2021-02-08 19:00:00,42,91,0.0,0.0,0.0,2.6198,optimal
2021-02-08 19:30:00,42,91,0.0,0.0,0.0,2.994766666666667,optimal
2021-02-08 20:00:00,42,91,0.0,0.0,0.0,0.13453333333333334,optimal
2021-02-08 20:30:00,42,91,0.0,0.0,0.0,0.4036,optimal
2021-02-08 21:00:00,42,91,0.0,0.0,0.0,0.6267999999999999,optimal
2021-02-08 21:30:00,42,91,0.0,0.0,0.0,0.7493333333333334,optimal
2021-02-08 22:00:00,42,91,0.0,0.0,0.0,0.064,optimal
2021-02-08 22:30:00,42,91,0.0,0.0,0.0,0.064,optimal
2021-02-08 23:00:00,42,91,0.0,0.0,0.0,0.064,optimal
2021-02-08 23:30:00,42,91,0.0,0.0,0.0,0.063,optimal
2021-02-09 00:00:00,42,91,0.0,0.0,0.0,0.052,optimal
2021-02-09 00:30:00,42,91,2.142857142857143,0.0,0.0,0.052,optimal
2021-02-09 01:00:00,42,91,1.5196190476190476,0.0,0.0,0.052,optimal
2021-02-09 01:30:00,42,91,0.0,0.0,0.0,0.052,optimal
2021-02-09 02:00:00,42,91,1.9064815796746533,0.0,0.0,0.052,optimal
2021-02-09 02:30:00,42,91,2.142857142857143,0.0,0.0,0.052,optimal
2021-02-09 03:00:00,42,91,2.142857142857143,0.0,0.0,0.052,optimal
2021-02-09 03:30:00,42,91,2.142857142857143,0.0,0.0,0.052,optimal
2021-02-09 04:00:00,42,91,2.142857142857143,0.0,0.0,0.051333333333333335,optimal
2021-02-09 04:30:00,42,91,2.142857142857143,0.0,0.0,1.4436666666666667,optimal
2021-02-09 05:00:00,42,91,2.142857142857143,0.0,0.0,0.8874,optimal
2021-02-09 05:30:00,42,91,2.142857142857143,0.0,0.0,1.9316666666666666,optimal
2021-02-09 06:00:00,42,91,2.142857142857143,0.0,0.0,1.1671666666666667,optimal
2021-02-09 06:30:00,42,91,2.142857142857143,0.0,0.0,0.0798,optimal
2021-02-09 07:00:00,42,91,2.142857142857143,0.0,0.0,2.0217666666666667,optimal
2021-02-09 07:30:00,42,91,2.142857142857143,0.0,0.0,0.06,optimal
2021-02-09 08:00:00,42,91,1.9260576051724911,0.0,0.0,0.06,optimal
2021-02-09 08:30:00,42,91,1.1706392036138924,0.0,0.0,0.0948,optimal
2021-02-09 09:00:00,42,91,0.9005561154398607,0.0,0.0,0.4024,optimal
2021-02-09 09:30:00,42,91,0.9977764551797993,0.0,0.0,0.09866666666666668,optimal
2021-02-09 10:00:00,42,91,2.118881905465293,0.0,0.0,1.6250666666666667,optimal
2021-02-09 10:30:00,42,91,0.46688742667715377,0.0,0.0,3.762766666666667,optimal
2021-02-09 11:00:00,42,91,0.12324823289752124,0.0,0.0,2.881466666666667,optimal
2021-02-09 11:30:00,42,91,0.2496820990446566,0.0,0.0,1.7048666666666665,optimal
2021-02-09 12:00:00,42,91,0.17136396125625378,0.0,0.0,2.5566,optimal
2021-02-09 12:30:00,42,91,0.15914342844244161,0.0,0.0,2.9786333333333332,optimal
2021-02-09 13:00:00,42,91,1.850823999300494,0.0,0.0,4.569100000000001,optimal
2021-02-09 13:30:00,42,91,2.142857142857143,0.0,0.0,3.1830333333333334,optimal
2021-02-09 14:00:00,42,91,2.142857142857143,0.0,0.0,0.2431333333333333,optimal
2021-02-09 14:30:00,42,91,2.142857142857143,0.0,0.0,1.537766666666667,optimal
2021-02-09 15:00:00,42,91,2.142857142857143,0.0,0.0,0.4782,optimal
2021-02-09 15:30:00,42,91,2.142857142857143,0.0,0.0,1.8875,optimal
2021-02-09 16:00:00,42,91,0.0,0.0,0.0,1.6537666666666668,optimal
2021-02-09 16:30:00,42,91,0.0,0.0,0.0,1.3067,optimal
2021-02-09 17:00:00,42,91,0.0,0.0,0.0,1.7371666666666667,optimal
2021-02-09 17:30:00,42,91,0.0,0.0,0.0,2.991966666666667,optimal
2021-02-09 18:00:00,42,91,0.0,0.0,0.0,0.1984333333333333,optimal
2021-02-09 18:30:00,42,91,0.0,0.0,0.0,0.17033333333333334,optimal
2021-02-09 19:00:00,42,91,0.0,0.0,0.0,0.31939999999999996,optimal
2021-02-09 19:30:00,42,91,0.0,0.0,0.0,1.6570333333333334,optimal
2021-02-09 20:00:00,42,91,0.0,0.0,0.0,0.5092666666666666,optimal
2021-02-09 20:30:00,42,91,0.0,0.0,0.0,1.6315333333333333,optimal
2021-02-09 21:00:00,42,91,0.0,0.0,0.0,3.131866666666667,optimal
2021-02-09 21:30:00,42,91,0.0,0.0,0.0,2.537333333333333,optimal
2021-02-09 22:00:00,42,91,0.0,0.0,0.0,2.095733333333333,optimal
2021-02-09 22:30:00,42,91,0.0,0.0,0.0,2.610266666666667,optimal
2021-02-09 23:00:00,42,91,0.0,0.0,0.0,1.7550333333333332,optimal
2021-02-09 23:30:00,42,91,0.0,0.0,0.0,2.561,optimal
2021-02-10 00:00:00,42,91,0.0,0.0,0.0,0.056,optimal
2021-02-10 00:30:00,42,91,2.142857142857143,0.0,0.0,0.056,optimal
2021-02-10 01:00:00,42,91,0.3054285714285711,0.0,0.0,0.09333333333333331,optimal
2021-02-10 01:30:00,42,91,0.5648746320608536,0.0,0.0,0.08586666666666666,optimal
2021-02-10 02:00:00,42,91,2.142857142857143,0.0,0.0,0.056,optimal
2021-02-10 02:30:00,42,91,2.142857142857143,0.0,0.0,0.056,optimal
2021-02-10 03:00:00,42,91,2.142857142857143,0.0,0.0,0.059733333333333326,optimal
2021-02-10 03:30:00,42,91,2.142857142857143,0.0,0.0,0.11946666666666668,optimal
2021-02-10 04:00:00,42,91,2.142857142857143,0.0,0.0,0.08213333333333334,optimal
2021-02-10 04:30:00,42,91,2.142857142857143,0.0,0.0,0.09706666666666666,optimal
2021-02-10 05:00:00,42,91,2.142857142857143,0.0,0.0,0.056,optimal
2021-02-10 05:30:00,42,91,2.142857142857143,0.0,0.0,0.07840000000000001,optimal
2021-02-10 06:00:00,42,91,2.142857142857143,0.0,8.530537533577947,0.1008,optimal
2021-02-10 06:30:00,42,91,2.142857142857143,0.0,10.0,0.08213333333333334,optimal
2021-02-10 07:00:00,42,91,2.142857142857143,0.0,10.0,0.09706666666666666,optimal
2021-02-10 07:30:00,42,91,2.142857142857143,0.0,0.0,0.056,optimal
2021-02-10 08:00:00,42,91,1.3237175199341458,0.0,0.0,0.06843333333333333,optimal
2021-02-10 08:30:00,42,91,1.3001406035703125,0.0,0.0,0.13119999999999998,optimal
2021-02-10 09:00:00,42,91,1.146116445175681,0.0,0.0,0.064,optimal
2021-02-10 09:30:00,42,91,1.1263204811927858,0.0,0.0,0.13119999999999998,optimal
2021-02-10 10:00:00,42,91,0.8419724188775841,0.0,0.0,0.16069999999999998,optimal
2021-02-10 10:30:00,42,91,0.7771063982713668,0.0,0.0,0.3516666666666667,optimal
2021-02-10 11:00:00,42,91,0.5734119003482399,0.0,0.0,0.394,optimal
2021-02-10 11:30:00,42,91,0.5795901088329647,0.0,0.0,0.34833333333333333,optimal
2021-02-10 12:00:00,42,91,0.41326968436019085,0.0,0.0,0.0864,optimal
2021-02-10 12:30:00,42,91,0.4196696843601784,0.0,0.0,0.064,optimal
2021-02-10 13:00:00,42,91,2.142857142857143,0.0,0.0,0.06533333333333333,optimal
2021-02-10 13:30:00,42,91,2.142857142857143,0.0,0.0,0.066,optimal
2021-02-10 14:00:00,42,91,2.142857142857143,0.0,0.0,0.13319999999999999,optimal
2021-02-10 14:30:00,42,91,2.142857142857143,0.0,0.0,0.066,optimal
2021-02-10 15:00:00,42,91,2.142857142857143,0.0,0.0,0.066,optimal
2021-02-10 15:30:00,42,91,2.142857142857143,0.0,0.0,0.066,optimal
2021-02-10 16:00:00,42,91,0.0,0.0,0.0,0.10333333333333332,optimal
2021-02-10 16:30:00,42,91,0.0,0.0,0.0,0.09586666666666666,optimal
2021-02-10 17:00:00,42,91,0.0,0.0,0.0,0.11826666666666669,optimal
2021-02-10 17:30:00,42,91,0.0,0.0,0.0,0.08093333333333334,optimal
2021-02-10 18:00:00,42,91,0.0,0.0,0.0,0.064,optimal
2021-02-10 18:30:00,42,91,0.0,0.0,0.0,0.064,optimal
2021-02-10 19:00:00,42,91,0.0,0.0,0.0,0.0691,optimal
2021-02-10 19:30:00,42,91,0.6242759636392885,0.0,0.0,0.0994,optimal
2021-02-10 20:00:00,42,91,1.19902787326916,0.0,0.0,0.1905,optimal
2021-02-10 20:30:00,42,91,0.0,0.0,0.0,0.5006,optimal
2021-02-10 21:00:00,42,91,0.0,0.0,0.0,0.4981333333333333,optimal
2021-02-10 21:30:00,42,91,0.0,0.0,0.0,0.25016666666666665,optimal
2021-02-10 22:00:00,42,91,0.0,0.0,0.0,0.08136666666666666,optimal
2021-02-10 22:30:00,42,91,0.0,0.0,0.0,0.1257333333333333,optimal
2021-02-10 23:00:00,42,91,0.0,0.0,0.0,0.07346666666666667,optimal
2021-02-10 23:30:00,42,91,0.0,0.0,0.0,0.13219999999999998,optimal
2021-02-11 00:00:00,42,91,0.0,0.0,0.0,0.052,optimal
2021-02-11 00:30:00,42,91,2.142857142857143,0.0,0.0,0.052,optimal
2021-02-11 01:00:00,42,91,2.142857142857143,0.0,0.0,0.1876,optimal
2021-02-11 01:30:00,42,91,2.142857142857143,0.0,0.0,0.17773333333333333,optimal
2021-02-11 02:00:00,42,91,2.142857142857143,0.0,0.0,0.07640000000000001,optimal
2021-02-11 02:30:00,42,91,2.142857142857143,0.0,0.0,0.17493333333333333,optimal
2021-02-11 03:00:00,42,91,2.142857142857143,0.0,0.0,0.166,optimal
2021-02-11 03:30:00,42,91,2.142857142857143,0.0,0.0,0.174,optimal
2021-02-11 04:00:00,42,91,2.142857142857143,0.0,0.0,0.14066666666666666,optimal
2021-02-11 04:30:00,42,91,2.142857142857143,0.0,0.0,0.21246666666666666,optimal
2021-02-11 05:00:00,42,91,2.142857142857143,0.0,0.0,0.06420000000000001,optimal
2021-02-11 05:30:00,42,91,2.142857142857143,0.0,0.0,0.23703333333333332,optimal
2021-02-11 06:00:00,42,91,2.142857142857143,0.0,0.0,0.1383,optimal
2021-02-11 06:30:00,42,91,2.142857142857143,0.0,2.4124400665346,0.1847666666666667,optimal
2021-02-11 07:00:00,42,91,2.142857142857143,0.0,10.0,0.1802333333333333,optimal
2021-02-11 07:30:00,42,91,2.142857142857143,0.0,0.0,0.1706,optimal
2021-02-11 08:00:00,42,91,1.3055770485219822,0.0,0.0,0.3174666666666666,optimal
2021-02-11 08:30:00,42,91,1.305363548117617,0.0,0.0,0.2419333333333333,optimal
2021-02-11 09:00:00,42,91,1.0531408745224455,0.0,0.0,0.8107666666666666,optimal
2021-02-11 09:30:00,42,91,1.2184394097587508,0.0,0.0,0.1596,optimal
2021-02-11 10:00:00,42,91,0.8192012544441126,0.0,0.0,0.0864,optimal
2021-02-11 10:30:00,42,91,0.8395034321071088,0.0,0.0,0.1596,optimal
2021-02-11 11:00:00,42,91,0.6261395086286857,0.0,0.0,0.20133333333333328,optimal
2021-02-11 11:30:00,42,91,0.581314167502339,0.0,0.0,0.1779,optimal
2021-02-11 12:00:00,42,91,0.37429156074604897,0.0,0.0,0.0681,optimal
2021-02-11 12:30:00,42,91,0.6029454984689515,0.0,0.0,0.20133333333333328,optimal
2021-02-11 13:00:00,42,91,2.142857142857143,0.0,0.0,0.062,optimal
2021-02-11 13:30:00,42,91,2.142857142857143,0.0,0.0,0.14433333333333334,optimal
2021-02-11 14:00:00,42,91,2.142857142857143,0.0,0.0,0.2349,optimal
2021-02-11 14:30:00,42,91,2.142857142857143,0.0,0.0,0.0681,optimal
2021-02-11 15:00:00,42,91,2.142857142857143,0.0,0.0,0.1657,optimal
2021-02-11 15:30:00,42,91,2.142857142857143,0.0,0.0,0.0803,optimal
2021-02-11 16:00:00,42,91,0.0,0.0,0.0,0.2501333333333333,optimal
2021-02-11 16:30:00,42,91,0.0,0.0,0.0,0.1352,optimal
2021-02-11 17:00:00,42,91,0.0,0.0,0.0,0.0864,optimal
2021-02-11 17:30:00,42,91,0.0,0.0,0.0,0.19126666666666667,optimal
2021-02-11 18:00:00,42,91,0.0,0.0,0.0,0.18796666666666667,optimal
2021-02-11 18:30:00,42,91,0.0,0.0,0.0,0.1657,optimal
2021-02-11 19:00:00,42,91,0.0,0.0,0.0,0.08076666666666667,optimal
2021-02-11 19:30:00,42,91,1.69855828816643,0.0,0.0,0.30456666666666665,optimal
2021-02-11 20:00:00,42,91,1.4620050012408858,0.0,0.0,1.4944000000000002,optimal
2021-02-11 20:30:00,42,91,0.5772380952380952,0.0,0.0,0.8271000000000001,optimal
2021-02-11 21:00:00,42,91,0.0,0.0,0.0,0.33273333333333327,optimal
2021-02-11 21:30:00,42,91,0.0,0.0,0.0,0.5071,optimal
2021-02-11 22:00:00,42,91,0.8160952380952382,0.0,0.0,0.7897333333333334,optimal
2021-02-11 22:30:00,42,91,0.0,0.0,0.0,0.5204,optimal
2021-02-11 23:00:00,42,91,0.0,0.0,0.0,0.32243333333333335,optimal
2021-02-11 23:30:00,42,91,0.0,0.0,0.0,0.27566666666666667,optimal
2021-02-12 00:00:00,42,91,2.0832995342299414,0.0,0.0,0.06,optimal
2021-02-12 00:30:00,42,91,2.142857142857143,0.0,0.0,0.06,optimal
2021-02-12 01:00:00,42,91,2.142857142857143,0.0,0.0,0.10890000000000001,optimal
2021-02-12 01:30:00,42,91,2.142857142857143,0.0,0.0,0.11976666666666667,optimal
2021-02-12 02:00:00,42,91,2.142857142857143,0.0,0.0,0.06,optimal
2021-02-12 02:30:00,42,91,2.142857142857143,0.0,0.0,0.16866666666666666,optimal
2021-02-12 03:00:00,42,91,2.142857142857143,0.0,0.0,0.06,optimal
2021-02-12 03:30:00,42,91,2.142857142857143,0.0,0.0,0.06,optimal
2021-02-12 04:00:00,42,91,2.142857142857143,0.0,0.0,0.16866666666666666,optimal
2021-02-12 04:30:00,42,91,2.142857142857143,0.0,0.0,0.06,optimal
2021-02-12 05:00:00,42,91,2.142857142857143,0.0,0.0,0.06,optimal
2021-02-12 05:30:00,42,91,2.142857142857143,0.0,0.0,0.16866666666666666,optimal
2021-02-12 06:00:00,42,91,2.142857142857143,0.0,0.0,0.06,optimal
2021-02-12 06:30:00,42,91,2.142857142857143,0.0,0.0,0.11433333333333331,optimal
2021-02-12 07:00:00,42,91,2.142857142857143,0.0,8.442810961573802,0.11433333333333331,optimal
2021-02-12 07:30:00,42,91,2.142857142857143,0.0,0.0,0.11343333333333333,optimal
2021-02-12 08:00:00,42,91,1.8089190256945045,0.0,0.0,1.3402333333333332,optimal
2021-02-12 08:30:00,42,91,1.4925359420583433,0.0,0.0,0.4605,optimal
2021-02-12 09:00:00,42,91,1.1922637304518695,0.0,0.0,0.34236666666666665,optimal
2021-02-12 09:30:00,42,91,0.9908357456875968,0.0,0.0,0.3968,optimal
2021-02-12 10:00:00,42,91,0.5069900331483532,0.0,0.0,0.6032333333333334,optimal
2021-02-12 10:30:00,42,91,0.5717238194682602,0.0,0.0,0.28536666666666666,optimal
2021-02-12 11:00:00,42,91,0.4059787559461726,0.0,0.0,0.1551,optimal
2021-02-12 11:30:00,42,91,0.3376488125695004,0.0,0.0,0.32739999999999997,optimal
2021-02-12 12:00:00,42,91,0.203065875231664,0.0,0.0,0.4385333333333334,optimal
2021-02-12 12:30:00,42,91,0.23724069375975973,0.0,0.0,0.2834,optimal
2021-02-12 13:00:00,42,91,2.142857142857143,0.0,0.0,0.1034,optimal
2021-02-12 13:30:00,42,91,2.142857142857143,0.0,0.0,0.1515,optimal
2021-02-12 14:00:00,42,91,2.142857142857143,0.0,0.0,0.10183333333333332,optimal
2021-02-12 14:30:00,42,91,2.142857142857143,0.0,0.0,0.19023333333333328,optimal
2021-02-12 15:00:00,42,91,2.142857142857143,0.0,0.0,0.2428333333333333,optimal
2021-02-12 15:30:00,42,91,2.142857142857143,0.0,0.0,0.14966666666666667,optimal
2021-02-12 16:00:00,42,91,0.0,0.0,0.0,0.1611,optimal
2021-02-12 16:30:00,42,91,0.0,0.0,0.0,0.2652,optimal
2021-02-12 17:00:00,42,91,0.0,0.0,0.0,0.4182666666666667,optimal
2021-02-12 17:30:00,42,91,0.0,0.0,0.0,0.22663333333333333,optimal
2021-02-12 18:00:00,42,91,0.0,0.0,0.0,0.07,optimal
2021-02-12 18:30:00,42,91,0.0,0.0,0.0,0.17866666666666667,optimal
2021-02-12 19:00:00,42,91,0.0,0.0,0.0,0.07,optimal
2021-02-12 19:30:00,42,91,0.3403095161832333,0.0,0.0,0.1189,optimal
2021-02-12 20:00:00,42,91,1.3775529749138666,0.0,0.0,0.12976666666666667,optimal
2021-02-12 20:30:00,42,91,0.0,0.0,0.0,0.07,optimal
2021-02-12 21:00:00,42,91,0.0,0.0,0.0,0.07,optimal
2021-02-12 21:30:00,42,91,0.0,0.0,0.0,0.17866666666666667,optimal
2021-02-12 22:00:00,42,91,0.5374285714285714,0.0,0.0,0.18513333333333332,optimal
2021-02-12 22:30:00,42,91,0.0,0.0,0.0,0.2297333333333333,optimal
2021-02-12 23:00:00,42,91,0.0,0.0,0.0,0.17866666666666667,optimal
2021-02-12 23:30:00,42,91,0.0,0.0,0.0,0.07,optimal
2021-02-13 00:00:00,42,91,0.0,0.0,0.0,0.11233333333333331,optimal
2021-02-13 00:30:00,42,91,0.6966666666666668,0.0,0.0,0.12340000000000001,optimal
2021-02-13 01:00:00,42,91,0.21701143391843353,0.0,0.0,0.19030000000000002,optimal
2021-02-13 01:30:00,42,91,2.142857142857143,0.0,0.0,0.2241,optimal
2021-02-13 02:00:00,42,91,2.142857142857143,0.0,0.0,0.1399,optimal
2021-02-13 02:30:00,42,91,2.142857142857143,0.0,0.0,0.24130000000000001,optimal
2021-02-13 03:00:00,42,91,2.142857142857143,0.0,0.0,0.0902,optimal
2021-02-13 03:30:00,42,91,2.142857142857143,0.0,0.0,0.123,optimal
2021-02-13 04:00:00,42,91,2.142857142857143,0.0,0.0,0.0736,optimal
2021-02-13 04:30:00,42,91,2.142857142857143,0.0,0.0,0.18466666666666662,optimal
2021-02-13 05:00:00,42,91,2.142857142857143,0.0,0.0,0.14713333333333334,optimal
2021-02-13 05:30:00,42,91,2.142857142857143,0.0,0.0,0.22266666666666662,optimal
2021-02-13 06:00:00,42,91,2.142857142857143,0.0,0.4393382791403305,0.19173333333333328,optimal
2021-02-13 06:30:00,42,91,2.142857142857143,0.0,10.0,0.17846666666666666,optimal
2021-02-13 07:00:00,42,91,2.142857142857143,0.0,10.0,0.12326666666666668,optimal
2021-02-13 07:30:00,42,91,2.142857142857143,0.0,0.0,0.055,optimal
2021-02-13 08:00:00,42,91,1.2244809044796816,0.0,0.0,0.4778,optimal
2021-02-13 08:30:00,42,91,1.241655723007767,0.0,0.0,0.191,optimal
2021-02-13 09:00:00,42,91,1.1031684951788094,0.0,0.0,0.33686666666666665,optimal
2021-02-13 09:30:00,42,91,1.1080330640096951,0.0,0.0,0.2974,optimal
2021-02-13 10:00:00,42,91,0.7935143228213476,0.0,0.0,0.526,optimal
2021-02-13 10:30:00,42,91,0.7746319984923022,0.0,0.0,0.4714,optimal
2021-02-13 11:00:00,42,91,0.406777962401512,0.0,0.0,0.5996666666666667,optimal
2021-02-13 11:30:00,42,91,0.4572289714057975,0.0,0.0,0.4849666666666666,optimal
2021-02-13 12:00:00,42,91,0.32536663752300277,0.0,0.0,0.5456,optimal
2021-02-13 12:30:00,42,91,0.3421734174363324,0.0,0.0,0.46273333333333333,optimal
2021-02-13 13:00:00,42,91,2.142857142857143,0.0,0.0,0.31839999999999996,optimal
2021-02-13 13:30:00,42,91,2.142857142857143,0.0,0.0,0.46273333333333333,optimal
2021-02-13 14:00:00,42,91,2.142857142857143,0.0,0.0,0.4364333333333333,optimal
2021-02-13 14:30:00,42,91,2.142857142857143,0.0,0.0,0.5645666666666668,optimal
2021-02-13 15:00:00,42,91,2.142857142857143,0.0,0.0,0.6384,optimal
2021-02-13 15:30:00,42,91,2.142857142857143,0.0,0.0,0.44856666666666667,optimal
2021-02-13 16:00:00,42,91,0.0,0.0,0.0,0.4628333333333333,optimal
2021-02-13 16:30:00,42,91,0.0,0.0,0.0,0.7078333333333334,optimal
2021-02-13 17:00:00,42,91,0.0,0.0,0.0,1.0454333333333334,optimal
2021-02-13 17:30:00,42,91,0.0,0.0,0.0,2.7460666666666667,optimal
2021-02-13 18:00:00,42,91,0.0,0.0,0.0,0.6357666666666667,optimal
2021-02-13 18:30:00,42,91,0.0,0.0,0.0,0.38916666666666666,optimal
2021-02-13 19:00:00,42,91,0.0,0.0,0.0,0.2623333333333333,optimal
2021-02-13 19:30:00,42,91,0.10823033423055403,0.0,0.0,0.5470333333333333,optimal
2021-02-13 20:00:00,42,91,1.2000196415805384,0.0,0.0,0.2713333333333333,optimal
2021-02-13 20:30:00,42,91,0.0,0.0,0.0,0.28646666666666665,optimal
2021-02-13 21:00:00,42,91,0.0,0.0,0.0,0.6760333333333333,optimal
2021-02-13 21:30:00,42,91,0.0,0.0,0.0,0.4336666666666667,optimal
2021-02-13 22:00:00,42,91,0.009554285714285689,0.0,0.0,0.3826666666666667,optimal
2021-02-13 22:30:00,42,91,0.0,0.0,0.0,0.2163333333333333,optimal
2021-02-13 23:00:00,42,91,0.0,0.0,0.0,0.21253333333333332,optimal
2021-02-13 23:30:00,42,91,0.0,0.0,0.0,0.07153333333333334,optimal
2021-02-07 00:00:00,43,91,0.0,0.0,0.0,0.057,optimal
2021-02-07 00:30:00,43,91,0.0,0.0,0.0,0.0902,optimal
2021-02-07 01:00:00,43,91,0.0,0.0,0.0,0.19866666666666663,optimal
2021-02-07 01:30:00,43,91,0.0,0.0,0.0,0.057,optimal
2021-02-07 02:00:00,43,91,0.0,0.0,0.0,0.2176,optimal
2021-02-07 02:30:00,43,91,0.0,0.0,0.0,0.07126666666666667,optimal
2021-02-07 03:00:00,43,91,0.0,0.0,0.0,0.10693333333333334,optimal
2021-02-07 03:30:00,43,91,0.0,0.0,0.0,0.1819333333333333,optimal
2021-02-07 04:00:00,43,91,2.2857142857142856,0.0,0.0,0.057,optimal
2021-02-07 04:30:00,43,91,2.2857142857142856,0.0,0.0,0.057,optimal
2021-02-07 05:00:00,43,91,2.2857142857142856,0.0,0.0,0.23186666666666667,optimal
2021-02-07 05:30:00,43,91,2.2857142857142856,0.0,0.0,0.057,optimal
2021-02-07 06:00:00,43,91,2.2857142857142856,0.0,0.0,0.07163333333333334,optimal
2021-02-07 06:30:00,43,91,2.2857142857142856,0.0,0.0,0.21723333333333328,optimal
2021-02-07 07:00:00,43,91,2.2857142857142856,0.0,1.7076336144509696,0.057,optimal
2021-02-07 07:30:00,43,91,0.0,0.0,0.0,0.05633333333333333,optimal
2021-02-07 08:00:00,43,91,0.0,0.0,0.0,0.13813333333333333,optimal
2021-02-07 08:30:00,43,91,0.0,0.0,0.0,1.9454,optimal
2021-02-07 09:00:00,43,91,0.0,0.0,0.0,0.10959999999999999,optimal
2021-02-07 09:30:00,43,91,0.6871833672264704,0.0,0.0,0.3743666666666667,optimal
2021-02-07 10:00:00,43,91,0.9542245372456629,0.0,0.0,0.055,optimal
2021-02-07 10:30:00,43,91,0.672770138284725,0.0,0.0,2.7974,optimal
2021-02-07 11:00:00,43,91,0.5551678278172683,0.0,0.0,1.631,optimal
2021-02-07 11:30:00,43,91,0.6634021135315595,0.0,0.0,2.1108000000000002,optimal
2021-02-07 12:00:00,43,91,0.5818654609103507,0.0,0.0,1.0734666666666668,optimal
2021-02-07 12:30:00,43,91,0.5789930799579847,0.0,0.0,1.2176,optimal
2021-02-07 13:00:00,43,91,1.1295023438728606,0.0,0.0,1.956733333333333,optimal
2021-02-07 13:30:00,43,91,2.2857142857142856,0.0,0.0,0.44539999999999996,optimal
2021-02-07 14:00:00,43,91,2.2857142857142856,0.0,0.0,0.6379666666666667,optimal
2021-02-07 14:30:00,43,91,2.2857142857142856,0.0,0.0,0.3172333333333333,optimal
2021-02-07 15:00:00,43,91,2.2857142857142856,0.0,0.0,1.7546,optimal
2021-02-07 15:30:00,43,91,2.2857142857142856,0.0,0.0,0.573,optimal
2021-02-07 16:00:00,43,91,0.0,0.0,0.0,2.0101,optimal
2021-02-07 16:30:00,43,91,0.0,0.0,0.0,1.7192333333333332,optimal
2021-02-07 17:00:00,43,91,0.0,0.0,0.0,2.587,optimal
2021-02-07 17:30:00,43,91,0.0,0.0,0.0,0.11366666666666668,optimal
2021-02-07 18:00:00,43,91,0.0,0.0,0.0,0.1278,optimal
2021-02-07 18:30:00,43,91,0.0,0.0,0.0,0.27103333333333335,optimal
2021-02-07 19:00:00,43,91,0.0,0.0,0.0,1.6430333333333333,optimal
2021-02-07 19:30:00,43,91,0.0,0.0,0.0,2.1404666666666667,optimal
2021-02-07 20:00:00,43,91,0.0,0.0,0.0,0.8688666666666667,optimal
2021-02-07 20:30:00,43,91,0.0,0.0,0.0,0.24213333333333334,optimal
2021-02-07 21:00:00,43,91,0.0,0.0,0.0,0.26353333333333334,optimal
2021-02-07 21:30:00,43,91,0.0,0.0,0.0,1.9929000000000001,optimal
2021-02-07 22:00:00,43,91,0.0,0.0,0.0,0.4399333333333333,optimal
2021-02-07 22:30:00,43,91,0.0,0.0,0.0,0.32566666666666666,optimal
2021-02-07 23:00:00,43,91,0.0,0.0,0.0,0.2072,optimal
2021-02-07 23:30:00,43,91,0.0,0.0,0.0,0.5675,optimal
2021-02-08 00:00:00,43,91,0.0,0.0,0.0,0.059,optimal
2021-02-08 00:30:00,43,91,0.0,0.0,0.0,0.059,optimal
2021-02-08 01:00:00,43,91,0.0,0.0,0.0,0.059,optimal
2021-02-08 01:30:00,43,91,0.0,0.0,0.0,0.059,optimal
2021-02-08 02:00:00,43,91,0.0,0.0,0.0,0.059,optimal
2021-02-08 02:30:00,43,91,2.2232977650683985,0.0,0.0,0.064,optimal
2021-02-08 03:00:00,43,91,2.2857142857142856,0.0,0.0,0.062,optimal
2021-02-08 03:30:00,43,91,2.2857142857142856,0.0,0.0,0.059,optimal
2021-02-08 04:00:00,43,91,2.2857142857142856,0.0,0.0,0.059,optimal
2021-02-08 04:30:00,43,91,2.2857142857142856,0.0,0.0,0.059,optimal
2021-02-08 05:00:00,43,91,2.2857142857142856,0.0,0.0,0.059,optimal
2021-02-08 05:30:00,43,91,2.2857142857142856,0.0,0.0,0.059,optimal
2021-02-08 06:00:00,43,91,2.2857142857142856,0.0,0.0,0.059,optimal
2021-02-08 06:30:00,43,91,2.2857142857142856,0.0,1.528663030817744,0.059,optimal
2021-02-08 07:00:00,43,91,2.2857142857142856,0.0,10.0,0.058333333333333334,optimal
2021-02-08 07:30:00,43,91,2.2857142857142856,0.0,0.0,0.064,optimal
2021-02-08 08:00:00,43,91,1.112718624392299,0.0,0.0,0.09543333333333334,optimal
2021-02-08 08:30:00,43,91,1.078968987336146,0.0,0.0,0.113,optimal
2021-02-08 09:00:00,43,91,0.9404472615013857,0.0,0.0,0.1002,optimal
2021-02-08 09:30:00,43,91,0.9745431456570834,0.0,0.0,0.16486666666666666,optimal
2021-02-08 10:00:00,43,91,0.9362671295426169,0.0,0.0,0.069,optimal
2021-02-08 10:30:00,43,91,0.9465712453869335,0.0,0.0,0.069,optimal
2021-02-08 11:00:00,43,91,0.697483847531659,0.0,0.0,0.069,optimal
2021-02-08 11:30:00,43,91,0.6906144369687814,0.0,0.0,0.069,optimal
2021-02-08 12:00:00,43,91,0.6028595006286122,0.0,0.0,0.069,optimal
2021-02-08 12:30:00,43,91,0.5891206795028566,0.0,0.0,0.069,optimal
2021-02-08 13:00:00,43,91,2.2857142857142856,0.0,0.0,0.069,optimal
2021-02-08 13:30:00,43,91,2.2857142857142856,0.0,0.0,0.069,optimal
2021-02-08 14:00:00,43,91,2.2857142857142856,0.0,0.0,0.069,optimal
2021-02-08 14:30:00,43,91,2.2857142857142856,0.0,0.0,0.069,optimal
2021-02-08 15:00:00,43,91,2.2857142857142856,0.0,0.0,0.069,optimal
2021-02-08 15:30:00,43,91,2.2857142857142856,0.0,0.0,0.069,optimal
2021-02-08 16:00:00,43,91,0.0,0.0,0.0,0.08293333333333333,optimal
2021-02-08 16:30:00,43,91,0.0,0.0,0.0,0.5993333333333334,optimal
2021-02-08 17:00:00,43,91,0.0,0.0,0.0,0.6706666666666666,optimal
2021-02-08 17:30:00,43,91,0.0,0.0,0.0,0.07686666666666667,optimal
2021-02-08 18:00:00,43,91,0.0,0.0,0.0,0.069,optimal
2021-02-08 18:30:00,43,91,0.0,0.0,0.0,0.069,optimal
2021-02-08 19:00:00,43,91,0.0,0.0,0.0,0.069,optimal
2021-02-08 19:30:00,43,91,0.14168293843527038,0.0,0.0,0.069,optimal
2021-02-08 20:00:00,43,91,1.340073880887025,0.0,0.0,0.069,optimal
2021-02-08 20:30:00,43,91,0.0,0.0,0.0,0.069,optimal
2021-02-08 21:00:00,43,91,0.0,0.0,0.0,0.068,optimal
2021-02-08 21:30:00,43,91,0.0,0.0,0.0,0.07886666666666665,optimal
2021-02-08 22:00:00,43,91,0.0,0.0,0.0,0.4619,optimal
2021-02-08 22:30:00,43,91,0.0,0.0,0.0,1.4396333333333335,optimal
2021-02-08 23:00:00,43,91,0.0,0.0,0.0,0.069,optimal
2021-02-08 23:30:00,43,91,0.0,0.0,0.0,0.069,optimal
2021-02-09 00:00:00,43,91,0.0,0.0,0.0,0.07933333333333333,optimal
2021-02-09 00:30:00,43,91,0.0,0.0,0.0,0.15693333333333334,optimal
2021-02-09 01:00:00,43,91,0.0,0.0,0.0,0.047,optimal
2021-02-09 01:30:00,43,91,0.0,0.0,0.0,0.047,optimal
2021-02-09 02:00:00,43,91,0.6911593905322652,0.0,0.0,0.13106666666666666,optimal
2021-02-09 02:30:00,43,91,2.2857142857142856,0.0,0.0,0.1052,optimal
2021-02-09 03:00:00,43,91,2.2857142857142856,0.0,0.0,0.047,optimal
2021-02-09 03:30:00,43,91,2.2857142857142856,0.0,0.0,0.0664,optimal
2021-02-09 04:00:00,43,91,2.2857142857142856,0.0,0.0,0.16986666666666667,optimal
2021-02-09 04:30:00,43,91,2.2857142857142856,0.0,0.0,0.047,optimal
2021-02-09 05:00:00,43,91,2.2857142857142856,0.0,4.062398413098594,0.18926666666666667,optimal
2021-02-09 05:30:00,43,91,2.2857142857142856,0.0,10.0,0.047,optimal
2021-02-09 06:00:00,43,91,2.2857142857142856,0.0,10.0,0.08173333333333334,optimal
2021-02-09 06:30:00,43,91,2.2857142857142856,0.0,0.0,0.42826666666666663,optimal
2021-02-09 07:00:00,43,91,2.2857142857142856,0.0,0.0,0.0654,optimal
2021-02-09 07:30:00,43,91,2.2857142857142856,0.0,0.0,0.11456666666666666,optimal
2021-02-09 08:00:00,43,91,1.1052385575534502,0.0,0.0,0.243,optimal
2021-02-09 08:30:00,43,91,1.164943965518663,0.0,0.0,0.13169999999999998,optimal
2021-02-09 09:00:00,43,91,0.9325084963922449,0.0,0.0,0.19726666666666667,optimal
2021-02-09 09:30:00,43,91,1.0295955027988386,0.0,0.0,0.06626666666666667,optimal
2021-02-09 10:00:00,43,91,0.8160476197510074,0.0,0.0,0.08746666666666666,optimal
2021-02-09 10:30:00,43,91,0.8567788552485833,0.0,0.0,0.1928,optimal
2021-02-09 11:00:00,43,91,0.6469053757546498,0.0,0.0,0.057,optimal
2021-02-09 11:30:00,43,91,0.6083659085684656,0.0,0.0,0.17986666666666667,optimal
2021-02-09 12:00:00,43,91,0.47272205649434434,0.0,0.0,0.07640000000000001,optimal
2021-02-09 12:30:00,43,91,0.4816996189186509,0.0,0.0,0.057,optimal
2021-02-09 13:00:00,43,91,1.6920836906723005,0.0,0.0,0.057,optimal
2021-02-09 13:30:00,43,91,2.2857142857142856,0.0,0.0,0.057,optimal
2021-02-09 14:00:00,43,91,2.2857142857142856,0.0,0.0,0.19926666666666668,optimal
2021-02-09 14:30:00,43,91,2.2857142857142856,0.0,0.0,0.057,optimal
2021-02-09 15:00:00,43,91,2.2857142857142856,0.0,0.0,0.057,optimal
2021-02-09 15:30:00,43,91,2.2857142857142856,0.0,0.0,0.06346666666666667,optimal
2021-02-09 16:00:00,43,91,0.0,0.0,0.0,0.21159999999999998,optimal
2021-02-09 16:30:00,43,91,0.0,0.0,0.0,0.09946666666666669,optimal
2021-02-09 17:00:00,43,91,0.0,0.0,0.0,0.3134666666666666,optimal
2021-02-09 17:30:00,43,91,0.0,0.0,0.0,0.23103333333333334,optimal
2021-02-09 18:00:00,43,91,0.0,0.0,0.0,0.1797,optimal
2021-02-09 18:30:00,43,91,0.0,0.0,0.0,0.2826,optimal
2021-02-09 19:00:00,43,91,0.0,0.0,0.0,0.4654,optimal
2021-02-09 19:30:00,43,91,0.0,0.0,0.0,1.2268666666666665,optimal
2021-02-09 20:00:00,43,91,0.0,0.0,0.0,0.3602333333333333,optimal
2021-02-09 20:30:00,43,91,0.0,0.0,0.0,0.24146666666666666,optimal
2021-02-09 21:00:00,43,91,0.0,0.0,0.0,0.18963333333333332,optimal
2021-02-09 21:30:00,43,91,0.0,0.0,0.0,0.49269999999999997,optimal
2021-02-09 22:00:00,43,91,0.0,0.0,0.0,0.11206666666666666,optimal
2021-02-09 22:30:00,43,91,0.0,0.0,0.0,0.2049,optimal
2021-02-09 23:00:00,43,91,0.0,0.0,0.0,0.21306666666666663,optimal
2021-02-09 23:30:00,43,91,0.0,0.0,0.0,0.056,optimal
2021-02-10 00:00:00,43,91,0.0,0.0,0.0,0.059,optimal
2021-02-10 00:30:00,43,91,0.6170476190476191,0.0,0.0,0.073,optimal
2021-02-10 01:00:00,43,91,0.0,0.0,0.0,0.199,optimal
2021-02-10 01:30:00,43,91,0.0,0.0,0.0,0.1364,optimal
2021-02-10 02:00:00,43,91,0.7532456707016917,0.0,0.0,0.059,optimal
2021-02-10 02:30:00,43,91,2.2857142857142856,0.0,0.0,0.2904,optimal
2021-02-10 03:00:00,43,91,2.2857142857142856,0.0,0.0,0.059,optimal
2021-02-10 03:30:00,43,91,2.2857142857142856,0.0,0.0,0.192,optimal
2021-02-10 04:00:00,43,91,2.2857142857142856,0.0,0.0,0.1574,optimal
2021-02-10 04:30:00,43,91,2.2857142857142856,0.0,0.0,0.094,optimal
2021-02-10 05:00:00,43,91,2.2857142857142856,0.0,0.0,0.178,optimal
2021-02-10 05:30:00,43,91,2.2857142857142856,0.0,0.0,0.1364,optimal
2021-02-10 06:00:00,43,91,2.2857142857142856,0.0,0.0,0.178,optimal
2021-02-10 06:30:00,43,91,2.2857142857142856,0.0,4.203390044598216,0.12840000000000001,optimal
2021-02-10 07:00:00,43,91,2.2857142857142856,0.0,10.0,0.34386666666666665,optimal
2021-02-10 07:30:00,43,91,2.2857142857142856,0.0,0.0,1.9470999999999998,optimal
2021-02-10 08:00:00,43,91,1.174422281838925,0.0,0.0,0.262,optimal
2021-02-10 08:30:00,43,91,0.9157844130941122,0.0,0.0,2.1279666666666666,optimal
2021-02-10 09:00:00,43,91,1.058725968985214,0.0,0.0,0.2155,optimal
2021-02-10 09:30:00,43,91,1.0648061954785013,0.0,0.0,0.1368,optimal
2021-02-10 10:00:00,43,91,0.7766771807823615,0.0,0.0,0.2226,optimal
2021-02-10 10:30:00,43,91,0.8182016363666132,0.0,0.0,0.09613333333333333,optimal
2021-02-10 11:00:00,43,91,0.5730785670149118,0.0,0.0,0.34246666666666664,optimal
2021-02-10 11:30:00,43,91,0.6079805850234563,0.0,0.0,0.2396,optimal
2021-02-10 12:00:00,43,91,0.40811730340779273,0.0,0.0,0.10573333333333332,optimal
2021-02-10 12:30:00,43,91,0.35106968436018776,0.0,0.0,0.26339999999999997,optimal
2021-02-10 13:00:00,43,91,2.001193232479555,0.0,0.0,0.104,optimal
2021-02-10 13:30:00,43,91,2.2857142857142856,0.0,0.0,0.1169,optimal
2021-02-10 14:00:00,43,91,2.2857142857142856,0.0,0.0,0.2525,optimal
2021-02-10 14:30:00,43,91,2.2857142857142856,0.0,0.0,0.069,optimal
2021-02-10 15:00:00,43,91,2.2857142857142856,0.0,0.0,0.069,optimal
2021-02-10 15:30:00,43,91,2.2857142857142856,0.0,0.0,0.14573333333333333,optimal
2021-02-10 16:00:00,43,91,0.0,0.0,0.0,0.21559999999999999,optimal
2021-02-10 16:30:00,43,91,0.0,0.0,0.0,0.17943333333333333,optimal
2021-02-10 17:00:00,43,91,0.0,0.0,0.0,0.7753333333333333,optimal
2021-02-10 17:30:00,43,91,0.0,0.0,0.0,0.249,optimal
2021-02-10 18:00:00,43,91,0.0,0.0,0.0,0.4264,optimal
2021-02-10 18:30:00,43,91,0.0,0.0,0.0,0.21930000000000002,optimal
2021-02-10 19:00:00,43,91,0.0,0.0,0.0,0.4916666666666667,optimal
2021-02-10 19:30:00,43,91,0.0,0.0,0.0,0.41036666666666666,optimal
2021-02-10 20:00:00,43,91,0.0,0.0,0.0,0.3808333333333333,optimal
2021-02-10 20:30:00,43,91,0.0,0.0,0.0,0.3226666666666667,optimal
2021-02-10 21:00:00,43,91,0.0,0.0,0.0,0.2533333333333333,optimal
2021-02-10 21:30:00,43,91,0.0,0.0,0.0,0.31743333333333335,optimal
2021-02-10 22:00:00,43,91,0.0,0.0,0.0,0.3002666666666666,optimal
2021-02-10 22:30:00,43,91,0.0,0.0,0.0,0.2402,optimal
2021-02-10 23:00:00,43,91,0.0,0.0,0.0,0.30346666666666666,optimal
2021-02-10 23:30:00,43,91,0.0,0.0,0.0,0.23736666666666667,optimal
2021-02-11 00:00:00,43,91,0.0,0.0,0.0,0.059,optimal
2021-02-11 00:30:00,43,91,2.2857142857142856,0.0,0.0,0.17233333333333334,optimal
2021-02-11 01:00:00,43,91,2.0597496200309084,0.0,0.0,0.1274,optimal
2021-02-11 01:30:00,43,91,2.2857142857142856,0.0,0.0,0.059,optimal
2021-02-11 02:00:00,43,91,2.2857142857142856,0.0,0.0,0.2369333333333333,optimal
2021-02-11 02:30:00,43,91,2.2857142857142856,0.0,0.0,0.0628,optimal
2021-02-11 03:00:00,43,91,2.2857142857142856,0.0,0.0,0.059,optimal
2021-02-11 03:30:00,43,91,2.2857142857142856,0.0,0.0,0.17246666666666666,optimal
2021-02-11 04:00:00,43,91,2.2857142857142856,0.0,0.0,0.12726666666666667,optimal
2021-02-11 04:30:00,43,91,2.2857142857142856,0.0,0.0,0.059,optimal
2021-02-11 05:00:00,43,91,2.2857142857142856,0.0,0.0,0.22933333333333328,optimal
2021-02-11 05:30:00,43,91,2.2857142857142856,0.0,0.0,0.0704,optimal
2021-02-11 06:00:00,43,91,2.2857142857142856,0.0,1.4274773069681446,0.8625666666666667,optimal
2021-02-11 06:30:00,43,91,2.2857142857142856,0.0,10.0,1.4743666666666666,optimal
2021-02-11 07:00:00,43,91,2.2857142857142856,0.0,0.0,0.058,optimal
2021-02-11 07:30:00,43,91,2.2857142857142856,0.0,0.0,0.08726666666666666,optimal
2021-02-11 08:00:00,43,91,1.340221337035191,0.0,0.0,0.2774,optimal
2021-02-11 08:30:00,43,91,1.33772545287951,0.0,0.0,0.2987333333333333,optimal
2021-02-11 09:00:00,43,91,1.138927541189102,0.0,0.0,0.204,optimal
2021-02-11 09:30:00,43,91,0.9387060764254237,0.0,0.0,2.2448,optimal
2021-02-11 10:00:00,43,91,0.3276393496822105,0.0,0.0,1.7180666666666666,optimal
2021-02-11 10:30:00,43,91,0.5696177178213789,0.0,0.0,2.4244666666666665,optimal
2021-02-11 11:00:00,43,91,0.39863569910487956,0.0,0.0,2.0779666666666667,optimal
2021-02-11 11:30:00,43,91,0.4615703579785353,0.0,0.0,0.5180333333333333,optimal
2021-02-11 12:00:00,43,91,0.3735772750317482,0.0,0.0,0.069,optimal
2021-02-11 12:30:00,43,91,0.2312118206587627,0.0,0.0,0.206,optimal
2021-02-11 13:00:00,43,91,2.2857142857142856,0.0,0.0,0.15146666666666667,optimal
2021-02-11 13:30:00,43,91,2.2857142857142856,0.0,0.0,0.17666666666666667,optimal
2021-02-11 14:00:00,43,91,2.2857142857142856,0.0,0.0,0.07466666666666667,optimal
2021-02-11 14:30:00,43,91,2.2857142857142856,0.0,0.0,0.16,optimal
2021-02-11 15:00:00,43,91,2.2857142857142856,0.0,0.0,0.1597333333333333,optimal
2021-02-11 15:30:00,43,91,2.2857142857142856,0.0,0.0,0.1222,optimal
2021-02-11 16:00:00,43,91,0.0,0.0,0.0,0.0842,optimal
2021-02-11 16:30:00,43,91,0.0,0.0,0.0,0.22413333333333332,optimal
2021-02-11 17:00:00,43,91,0.0,0.0,0.0,2.0377666666666667,optimal
2021-02-11 17:30:00,43,91,0.0,0.0,0.0,0.9319666666666668,optimal
2021-02-11 18:00:00,43,91,0.0,0.0,0.0,3.0586666666666664,optimal
2021-02-11 18:30:00,43,91,0.0,0.0,0.0,0.25653333333333334,optimal
2021-02-11 19:00:00,43,91,0.0,0.0,0.0,2.0420333333333334,optimal
2021-02-11 19:30:00,43,91,0.0,0.0,0.0,0.46216666666666667,optimal
2021-02-11 20:00:00,43,91,1.2212198331007635,0.0,0.0,0.1029,optimal
2021-02-11 20:30:00,43,91,0.0,0.0,0.0,0.5752666666666667,optimal
2021-02-11 21:00:00,43,91,0.0,0.0,0.0,1.8002333333333331,optimal
2021-02-11 21:30:00,43,91,0.0,0.0,0.0,1.9861,optimal
2021-02-11 22:00:00,43,91,0.0,0.0,0.0,0.8603,optimal
2021-02-11 22:30:00,43,91,0.0,0.0,0.0,0.09166666666666669,optimal
2021-02-11 23:00:00,43,91,0.0,0.0,0.0,0.15966666666666665,optimal
2021-02-11 23:30:00,43,91,0.0,0.0,0.0,0.1374,optimal
2021-02-12 00:00:00,43,91,0.6364840224594047,0.0,0.0,0.065,optimal
2021-02-12 00:30:00,43,91,2.2857142857142856,0.0,0.0,0.1801333333333333,optimal
2021-02-12 01:00:00,43,91,2.2857142857142856,0.0,0.0,0.065,optimal
2021-02-12 01:30:00,43,91,2.2857142857142856,0.0,0.0,0.065,optimal
2021-02-12 02:00:00,43,91,2.2857142857142856,0.0,0.0,0.072,optimal
2021-02-12 02:30:00,43,91,2.2857142857142856,0.0,0.0,0.075,optimal
2021-02-12 03:00:00,43,91,2.2857142857142856,0.0,0.0,0.18313333333333331,optimal
2021-02-12 03:30:00,43,91,2.2857142857142856,0.0,0.0,0.065,optimal
2021-02-12 04:00:00,43,91,2.2857142857142856,0.0,0.0,0.20706666666666662,optimal
2021-02-12 04:30:00,43,91,2.2857142857142856,0.0,0.8686132716243234,0.2479,optimal
2021-02-12 05:00:00,43,91,2.2857142857142856,0.0,10.0,0.22893333333333332,optimal
2021-02-12 05:30:00,43,91,2.2857142857142856,0.0,10.0,0.46636666666666665,optimal
2021-02-12 06:00:00,43,91,2.2857142857142856,0.0,0.0,0.38453333333333334,optimal
2021-02-12 06:30:00,43,91,2.2857142857142856,0.0,0.0,0.326,optimal
2021-02-12 07:00:00,43,91,2.2857142857142856,0.0,0.0,0.42073333333333335,optimal
2021-02-12 07:30:00,43,91,2.2857142857142856,0.0,0.0,0.206,optimal
2021-02-12 08:00:00,43,91,1.8169018828373489,0.0,0.0,0.31589999999999996,optimal
2021-02-12 08:30:00,43,91,1.5031359420583432,0.0,0.0,0.22043333333333331,optimal
2021-02-12 09:00:00,43,91,1.3214446828328212,0.0,0.0,0.18973333333333328,optimal
2021-02-12 09:30:00,43,91,1.1573462218780655,0.0,0.0,0.15163333333333331,optimal
2021-02-12 10:00:00,43,91,0.6433519379102541,0.0,0.0,0.8564666666666667,optimal
2021-02-12 10:30:00,43,91,0.5641771528015928,0.0,0.0,1.3622999999999998,optimal
2021-02-12 11:00:00,43,91,0.3801120892795099,0.0,0.0,0.278,optimal
2021-02-12 11:30:00,43,91,0.30871738399805865,0.0,0.0,0.4446666666666667,optimal
2021-02-12 12:00:00,43,91,0.17704301808880896,0.0,0.0,0.4874,optimal
2021-02-12 12:30:00,43,91,0.1756197413788084,0.0,0.0,0.4298666666666667,optimal
2021-02-12 13:00:00,43,91,1.1389657003695515,0.0,0.0,0.47886666666666666,optimal
2021-02-12 13:30:00,43,91,2.2857142857142856,0.0,0.0,0.31039999999999995,optimal
2021-02-12 14:00:00,43,91,2.2857142857142856,0.0,0.0,0.6482,optimal
2021-02-12 14:30:00,43,91,2.2857142857142856,0.0,0.0,0.367,optimal
2021-02-12 15:00:00,43,91,2.2857142857142856,0.0,0.0,0.3072,optimal
2021-02-12 15:30:00,43,91,2.2857142857142856,0.0,0.0,0.29656666666666665,optimal
2021-02-12 16:00:00,43,91,0.0,0.0,0.0,0.18786666666666668,optimal
2021-02-12 16:30:00,43,91,0.0,0.0,0.0,0.17880000000000001,optimal
2021-02-12 17:00:00,43,91,0.0,0.0,0.0,1.3666333333333334,optimal
2021-02-12 17:30:00,43,91,0.0,0.0,0.0,1.8215333333333332,optimal
2021-02-12 18:00:00,43,91,0.0,0.0,0.0,0.8415333333333334,optimal
2021-02-12 18:30:00,43,91,0.0,0.0,0.0,1.3749,optimal
2021-02-12 19:00:00,43,91,0.0,0.0,0.0,0.3383333333333333,optimal
2021-02-12 19:30:00,43,91,0.0,0.0,0.0,0.32656666666666667,optimal
2021-02-12 20:00:00,43,91,0.0,0.0,0.0,0.49276666666666663,optimal
2021-02-12 20:30:00,43,91,0.0,0.0,0.0,0.30156666666666665,optimal
2021-02-12 21:00:00,43,91,0.0,0.0,0.0,0.2873,optimal
2021-02-12 21:30:00,43,91,0.0,0.0,0.0,0.35383333333333333,optimal
2021-02-12 22:00:00,43,91,0.0,0.0,0.0,0.3821333333333333,optimal
2021-02-12 22:30:00,43,91,0.0,0.0,0.0,0.075,optimal
2021-02-12 23:00:00,43,91,0.0,0.0,0.0,0.1849,optimal
2021-02-12 23:30:00,43,91,0.0,0.0,0.0,0.07856666666666666,optimal
2021-02-13 00:00:00,43,91,0.0,0.0,0.0,0.07690000000000001,optimal
2021-02-13 00:30:00,43,91,1.1146666666666667,0.0,0.0,0.066,optimal
2021-02-13 01:00:00,43,91,0.0,0.0,0.0,0.066,optimal
2021-02-13 01:30:00,43,91,0.0,0.0,0.0,0.066,optimal
2021-02-13 02:00:00,43,91,1.6059741361155593,0.0,0.0,0.066,optimal
2021-02-13 02:30:00,43,91,2.2857142857142856,0.0,0.0,0.066,optimal
2021-02-13 03:00:00,43,91,2.2857142857142856,0.0,0.0,0.066,optimal
2021-02-13 03:30:00,43,91,2.2857142857142856,0.0,0.0,0.07366666666666667,optimal
2021-02-13 04:00:00,43,91,2.2857142857142856,0.0,0.0,0.06833333333333333,optimal
2021-02-13 04:30:00,43,91,2.2857142857142856,0.0,0.0,0.066,optimal
2021-02-13 05:00:00,43,91,2.2857142857142856,0.0,2.0472561562877747,0.066,optimal
2021-02-13 05:30:00,43,91,2.2857142857142856,0.0,10.0,0.09936666666666666,optimal
2021-02-13 06:00:00,43,91,2.2857142857142856,0.0,10.0,0.07466666666666667,optimal
2021-02-13 06:30:00,43,91,2.2857142857142856,0.0,0.0,1.2284000000000002,optimal
2021-02-13 07:00:00,43,91,2.2857142857142856,0.0,0.0,2.079766666666667,optimal
2021-02-13 07:30:00,43,91,2.2857142857142856,0.0,0.0,0.24309999999999998,optimal
2021-02-13 08:00:00,43,91,1.3566866187654063,0.0,0.0,1.0224666666666669,optimal
2021-02-13 08:30:00,43,91,1.4297700087220557,0.0,0.0,0.076,optimal
2021-02-13 09:00:00,43,91,1.2757208761311862,0.0,0.0,0.076,optimal
2021-02-13 09:30:00,43,91,1.2585473497239916,0.0,0.0,0.076,optimal
2021-02-13 10:00:00,43,91,0.9847714656785002,0.0,0.0,0.076,optimal
2021-02-13 10:30:00,43,91,0.9813367603970612,0.0,0.0,0.076,optimal
2021-02-13 11:00:00,43,91,0.6766732004967387,0.0,0.0,0.076,optimal
2021-02-13 11:30:00,43,91,0.6732384952152999,0.0,0.0,0.076,optimal
2021-02-13 12:00:00,43,91,0.5060333041896751,0.0,0.0,0.12166666666666669,optimal
2021-02-13 12:30:00,43,91,0.3437734174363122,0.0,0.0,0.4276666666666667,optimal
2021-02-13 13:00:00,43,91,1.2606104094572463,0.0,0.0,0.4663333333333333,optimal
2021-02-13 13:30:00,43,91,1.6401089965241882,0.0,0.0,1.2597,optimal
2021-02-13 14:00:00,43,91,2.2857142857142856,0.0,0.0,0.8838666666666667,optimal
2021-02-13 14:30:00,43,91,2.2857142857142856,0.0,0.0,0.33916666666666667,optimal
2021-02-13 15:00:00,43,91,2.2857142857142856,0.0,0.0,0.5352,optimal
2021-02-13 15:30:00,43,91,2.2857142857142856,0.0,0.0,0.7647999999999999,optimal
2021-02-13 16:00:00,43,91,0.0,0.0,0.0,2.796133333333333,optimal
2021-02-13 16:30:00,43,91,0.0,0.0,0.0,2.6918,optimal
2021-02-13 17:00:00,43,91,0.0,0.0,0.0,0.2692,optimal
2021-02-13 17:30:00,43,91,0.0,0.0,0.0,0.237,optimal
2021-02-13 18:00:00,43,91,0.0,0.0,0.0,0.2574666666666666,optimal
2021-02-13 18:30:00,43,91,0.0,0.0,0.0,0.41303333333333336,optimal
2021-02-13 19:00:00,43,91,0.0,0.0,0.0,2.3990666666666667,optimal
2021-02-13 19:30:00,43,91,0.0,0.0,0.0,0.4908666666666667,optimal
2021-02-13 20:00:00,43,91,0.0,0.0,0.0,1.3977666666666668,optimal
2021-02-13 20:30:00,43,91,0.0,0.0,0.0,0.3255,optimal
2021-02-13 21:00:00,43,91,0.0,0.0,0.0,0.32553333333333334,optimal
2021-02-13 21:30:00,43,91,0.0,0.0,0.0,0.21666666666666662,optimal
2021-02-13 22:00:00,43,91,0.0,0.0,0.0,0.3041666666666667,optimal
2021-02-13 22:30:00,43,91,0.0,0.0,0.0,0.076,optimal
2021-02-13 23:00:00,43,91,0.0,0.0,0.0,0.076,optimal
2021-02-13 23:30:00,43,91,0.0,0.0,0.0,0.076,optimal
2021-02-07 00:00:00,44,91,0.03980952380952381,0.0,0.0,0.0704,optimal
2021-02-07 00:30:00,44,91,0.0,0.0,0.0,0.18059999999999998,optimal
2021-02-07 01:00:00,44,91,0.0,0.0,0.0,0.122,optimal
2021-02-07 01:30:00,44,91,0.0,0.0,0.0,0.2066,optimal
2021-02-07 02:00:00,44,91,0.0,0.0,0.0,0.10533333333333332,optimal
2021-02-07 02:30:00,44,91,0.0,0.0,0.0,0.083,optimal
2021-02-07 03:00:00,44,91,0.0,0.0,0.0,0.07579999999999999,optimal
2021-02-07 03:30:00,44,91,0.0,0.0,0.0,0.047,optimal
2021-02-07 04:00:00,44,91,2.2857142857142856,0.0,0.0,0.11033333333333331,optimal
2021-02-07 04:30:00,44,91,2.2857142857142856,0.0,0.0,0.06246666666666667,optimal
2021-02-07 05:00:00,44,91,2.2857142857142856,0.0,0.0,0.0722,optimal
2021-02-07 05:30:00,44,91,2.2857142857142856,0.0,0.0,0.0866,optimal
2021-02-07 06:00:00,44,91,2.2857142857142856,0.0,0.0,0.047,optimal
2021-02-07 06:30:00,44,91,2.2857142857142856,0.0,0.0,0.12066666666666669,optimal
2021-02-07 07:00:00,44,91,2.2857142857142856,0.0,1.8089900112525021,0.8696,optimal
2021-02-07 07:30:00,44,91,0.0,0.0,0.0,2.9555333333333333,optimal
2021-02-07 08:00:00,44,91,0.0,0.0,0.0,0.2004,optimal
2021-02-07 08:30:00,44,91,0.0,0.0,0.0,0.27586666666666665,optimal
2021-02-07 09:00:00,44,91,0.0,0.0,0.0,0.498,optimal
2021-02-07 09:30:00,44,91,0.0,0.0,0.0,0.3055,optimal
2021-02-07 10:00:00,44,91,0.7700133925711491,0.0,0.0,0.241,optimal
2021-02-07 10:30:00,44,91,0.8658463287609255,0.0,0.0,0.44806666666666667,optimal
2021-02-07 11:00:00,44,91,0.742232589722024,0.0,0.0,1.3132000000000001,optimal
2021-02-07 11:30:00,44,91,0.8463544944839302,0.0,0.0,0.1778,optimal
2021-02-07 12:00:00,44,91,0.8358197466246426,0.0,0.0,0.047,optimal
2021-02-07 12:30:00,44,91,0.817305460910353,0.0,0.0,0.1118,optimal
2021-02-07 13:00:00,44,91,1.8347296949550176,0.0,0.0,0.051,optimal
2021-02-07 13:30:00,44,91,2.2857142857142856,0.0,0.0,0.14473333333333332,optimal
2021-02-07 14:00:00,44,91,2.2857142857142856,0.0,0.0,0.2186,optimal
2021-02-07 14:30:00,44,91,2.2857142857142856,0.0,0.0,0.4588666666666667,optimal
2021-02-07 15:00:00,44,91,2.2857142857142856,0.0,0.0,0.28086666666666665,optimal
2021-02-07 15:30:00,44,91,2.2857142857142856,0.0,0.0,0.9454,optimal
2021-02-07 16:00:00,44,91,0.0,0.0,0.0,0.701,optimal
2021-02-07 16:30:00,44,91,0.0,0.0,0.0,1.2375333333333334,optimal
2021-02-07 17:00:00,44,91,0.0,0.0,0.0,1.2629666666666668,optimal
2021-02-07 17:30:00,44,91,0.0,0.0,0.0,0.09653333333333332,optimal
2021-02-07 18:00:00,44,91,0.0,0.0,0.0,0.10223333333333331,optimal
2021-02-07 18:30:00,44,91,0.0,0.0,0.0,1.619733333333333,optimal
2021-02-07 19:00:00,44,91,0.0,0.0,0.0,0.164,optimal
2021-02-07 19:30:00,44,91,0.0,0.0,0.0,0.37126666666666663,optimal
2021-02-07 20:00:00,44,91,0.0,0.0,0.0,0.0584,optimal
2021-02-07 20:30:00,44,91,0.0,0.0,0.0,0.15380000000000002,optimal
2021-02-07 21:00:00,44,91,0.0,0.0,0.0,0.089,optimal
2021-02-07 21:30:00,44,91,0.0,0.0,0.0,0.42619999999999997,optimal
2021-02-07 22:00:00,44,91,0.0,0.0,0.0,0.1957333333333333,optimal
2021-02-07 22:30:00,44,91,0.0,0.0,0.0,0.198,optimal
2021-02-07 23:00:00,44,91,0.0,0.0,0.0,0.2204,optimal
2021-02-07 23:30:00,44,91,0.0,0.0,0.0,1.5175333333333334,optimal
2021-02-08 00:00:00,44,91,0.0,0.0,0.0,0.058,optimal
2021-02-08 00:30:00,44,91,0.0,0.0,0.0,0.058,optimal
2021-02-08 01:00:00,44,91,0.0,0.0,0.0,0.10946666666666668,optimal
2021-02-08 01:30:00,44,91,0.0,0.0,0.0,0.14806666666666665,optimal
2021-02-08 02:00:00,44,91,0.0,0.0,0.0,0.058,optimal
2021-02-08 02:30:00,44,91,1.9317189811302746,0.0,0.0,0.08373333333333334,optimal
2021-02-08 03:00:00,44,91,2.2857142857142856,0.0,0.0,0.1738,optimal
2021-02-08 03:30:00,44,91,2.2857142857142856,0.0,0.0,0.058,optimal
2021-02-08 04:00:00,44,91,2.2857142857142856,0.0,0.0,0.058,optimal
2021-02-08 04:30:00,44,91,2.2857142857142856,0.0,0.0,0.18666666666666662,optimal
2021-02-08 05:00:00,44,91,2.2857142857142856,0.0,0.0,0.07086666666666666,optimal
2021-02-08 05:30:00,44,91,2.2857142857142856,0.0,0.0,0.058,optimal
2021-02-08 06:00:00,44,91,2.2857142857142856,0.0,0.0,0.2062,optimal
2021-02-08 06:30:00,44,91,2.2857142857142856,0.0,0.0,0.058,optimal
2021-02-08 07:00:00,44,91,2.2857142857142856,0.0,0.0,0.058,optimal
2021-02-08 07:30:00,44,91,2.2857142857142856,0.0,0.0,0.19953333333333334,optimal
2021-02-08 08:00:00,44,91,1.1272138624875425,0.0,0.0,0.10640000000000001,optimal
2021-02-08 08:30:00,44,91,0.9846547016218544,0.0,0.0,0.2783333333333333,optimal
2021-02-08 09:00:00,44,91,0.8008282138823383,0.0,0.0,0.4654,optimal
2021-02-08 09:30:00,44,91,0.8872669551808764,0.0,0.0,0.2720666666666667,optimal
2021-02-08 10:00:00,44,91,0.6290385581140423,0.0,0.0,0.349,optimal
2021-02-08 10:30:00,44,91,0.658885531101215,0.0,0.0,0.2806,optimal
2021-02-08 11:00:00,44,91,0.4373981332459508,0.0,0.0,0.184,optimal
2021-02-08 11:30:00,44,91,0.38990015125449967,0.0,0.0,0.32553333333333334,optimal
2021-02-08 12:00:00,44,91,0.2426975958667218,0.0,0.0,0.17466666666666666,optimal
2021-02-08 12:30:00,44,91,0.18395306045524473,0.0,0.0,1.3634666666666666,optimal
2021-02-08 13:00:00,44,91,1.4365944385343206,0.0,0.0,0.2552666666666667,optimal
2021-02-08 13:30:00,44,91,2.2857142857142856,0.0,0.0,0.2768333333333333,optimal
2021-02-08 14:00:00,44,91,2.2857142857142856,0.0,0.0,0.2848333333333333,optimal
2021-02-08 14:30:00,44,91,2.2857142857142856,0.0,0.0,0.1992,optimal
2021-02-08 15:00:00,44,91,2.2857142857142856,0.0,8.878913173188353,0.24480000000000002,optimal
2021-02-08 15:30:00,44,91,2.2857142857142856,0.0,10.0,0.111,optimal
2021-02-08 16:00:00,44,91,0.0,0.0,0.0,0.068,optimal
2021-02-08 16:30:00,44,91,0.0,0.0,0.0,0.2003,optimal
2021-02-08 17:00:00,44,91,0.0,0.0,0.0,0.3512,optimal
2021-02-08 17:30:00,44,91,0.0,0.0,0.0,0.22343333333333332,optimal
2021-02-08 18:00:00,44,91,0.0,0.0,0.0,0.31553333333333333,optimal
2021-02-08 18:30:00,44,91,0.0,0.0,0.0,0.17726666666666668,optimal
2021-02-08 19:00:00,44,91,0.0,0.0,0.0,0.36436666666666667,optimal
2021-02-08 19:30:00,44,91,0.0,0.0,0.0,0.31389999999999996,optimal
2021-02-08 20:00:00,44,91,0.0,0.0,0.0,0.068,optimal
2021-02-08 20:30:00,44,91,0.0,0.0,0.0,0.08086666666666666,optimal
2021-02-08 21:00:00,44,91,0.0,0.0,0.0,0.19666666666666663,optimal
2021-02-08 21:30:00,44,91,0.0,0.0,0.0,0.068,optimal
2021-02-08 22:00:00,44,91,0.09952380952380951,0.0,0.0,0.068,optimal
2021-02-08 22:30:00,44,91,0.0,0.0,0.0,0.3529333333333333,optimal
2021-02-08 23:00:00,44,91,0.0,0.0,0.0,0.18866666666666662,optimal
2021-02-08 23:30:00,44,91,0.0,0.0,0.0,0.24766666666666662,optimal
2021-02-09 00:00:00,44,91,0.0,0.0,0.0,0.06,optimal
2021-02-09 00:30:00,44,91,1.691904761904762,0.0,0.0,0.07933333333333333,optimal
2021-02-09 01:00:00,44,91,0.0,0.0,0.0,0.13733333333333334,optimal
2021-02-09 01:30:00,44,91,0.0,0.0,0.0,0.06,optimal
2021-02-09 02:00:00,44,91,1.031224100350899,0.0,0.0,0.147,optimal
2021-02-09 02:30:00,44,91,2.2857142857142856,0.0,0.0,0.06966666666666667,optimal
2021-02-09 03:00:00,44,91,2.2857142857142856,0.0,0.0,0.11316666666666668,optimal
2021-02-09 03:30:00,44,91,2.2857142857142856,0.0,0.0,0.1035,optimal
2021-02-09 04:00:00,44,91,2.2857142857142856,0.0,0.0,0.06,optimal
2021-02-09 04:30:00,44,91,2.2857142857142856,0.0,7.18802979118354,0.10833333333333331,optimal
2021-02-09 05:00:00,44,91,2.2857142857142856,0.0,10.0,1.2006666666666668,optimal
2021-02-09 05:30:00,44,91,2.2857142857142856,0.0,0.0,0.7408333333333333,optimal
2021-02-09 06:00:00,44,91,2.2857142857142856,0.0,0.0,0.7947000000000001,optimal
2021-02-09 06:30:00,44,91,2.2857142857142856,0.0,0.0,0.7531666666666667,optimal
2021-02-09 07:00:00,44,91,2.2857142857142856,0.0,0.0,0.5905333333333334,optimal
2021-02-09 07:30:00,44,91,2.2857142857142856,0.0,0.0,1.392766666666667,optimal
2021-02-09 08:00:00,44,91,1.1899071289820315,0.0,0.0,0.9905333333333332,optimal
2021-02-09 08:30:00,44,91,1.2084458702805656,0.0,0.0,1.3259,optimal
2021-02-09 09:00:00,44,91,1.1782037344874727,0.0,0.0,0.1425,optimal
2021-02-09 09:30:00,44,91,1.1714050266083644,0.0,0.0,0.09416666666666669,optimal
2021-02-09 10:00:00,44,91,0.9094666673700545,0.0,0.0,0.07,optimal
2021-02-09 10:30:00,44,91,0.8701979028676159,0.0,0.0,0.14733333333333334,optimal
2021-02-09 11:00:00,44,91,0.6380958519451386,0.0,0.0,0.08933333333333333,optimal
2021-02-09 11:30:00,44,91,0.6180897180922608,0.0,0.0,0.14733333333333334,optimal
2021-02-09 12:00:00,44,91,0.4694553898276781,0.0,0.0,0.08933333333333333,optimal
2021-02-09 12:30:00,44,91,0.46322342844244047,0.0,0.0,0.12316666666666669,optimal
2021-02-09 13:00:00,44,91,1.7212860315135934,0.0,0.0,0.1135,optimal
2021-02-09 13:30:00,44,91,2.285714285714285,0.0,0.0,0.099,optimal
2021-02-09 14:00:00,44,91,2.2857142857142856,0.0,0.0,1.401233333333333,optimal
2021-02-09 14:30:00,44,91,2.2857142857142856,0.0,0.0,0.199,optimal
2021-02-09 15:00:00,44,91,2.2857142857142856,0.0,0.0,0.49426666666666663,optimal
2021-02-09 15:30:00,44,91,2.2857142857142856,0.0,0.0,1.2933333333333332,optimal
2021-02-09 16:00:00,44,91,0.0,0.0,0.0,1.2889666666666666,optimal
2021-02-09 16:30:00,44,91,0.0,0.0,0.0,2.0905,optimal
2021-02-09 17:00:00,44,91,0.0,0.0,0.0,0.6410666666666667,optimal
2021-02-09 17:30:00,44,91,0.0,0.0,0.0,3.3230999999999997,optimal
2021-02-09 18:00:00,44,91,0.0,0.0,0.0,1.0158333333333334,optimal
2021-02-09 18:30:00,44,91,0.0,0.0,0.0,0.9328,optimal
2021-02-09 19:00:00,44,91,0.0,0.0,0.0,0.34276666666666666,optimal
2021-02-09 19:30:00,44,91,0.0,0.0,0.0,1.7329333333333334,optimal
2021-02-09 20:00:00,44,91,0.0,0.0,0.0,0.3827,optimal
2021-02-09 20:30:00,44,91,0.0,0.0,0.0,0.8633666666666667,optimal
2021-02-09 21:00:00,44,91,0.0,0.0,0.0,1.741766666666667,optimal
2021-02-09 21:30:00,44,91,0.0,0.0,0.0,0.2035,optimal
2021-02-09 22:00:00,44,91,0.059714285714285706,0.0,0.0,0.4317,optimal
2021-02-09 22:30:00,44,91,0.0,0.0,0.0,0.6698,optimal
2021-02-09 23:00:00,44,91,0.0,0.0,0.0,0.4972,optimal
2021-02-09 23:30:00,44,91,0.0,0.0,0.0,0.3602333333333333,optimal
2021-02-10 00:00:00,44,91,0.0,0.0,0.0,0.049,optimal
2021-02-10 00:30:00,44,91,1.2938095238095235,0.0,0.0,0.049,optimal
2021-02-10 01:00:00,44,91,0.0,0.0,0.0,0.049,optimal
2021-02-10 01:30:00,44,91,0.0,0.0,0.0,0.24359999999999998,optimal
2021-02-10 02:00:00,44,91,0.9682580475240845,0.0,0.0,0.05446666666666667,optimal
2021-02-10 02:30:00,44,91,2.2857142857142856,0.0,0.0,0.1003,optimal
2021-02-10 03:00:00,44,91,2.2857142857142856,0.0,0.0,0.1868333333333333,optimal
2021-02-10 03:30:00,44,91,2.2857142857142856,0.0,0.0,0.05993333333333333,optimal
2021-02-10 04:00:00,44,91,2.2857142857142856,0.0,0.0,0.20533333333333328,optimal
2021-02-10 04:30:00,44,91,2.2857142857142856,0.0,0.0,0.09273333333333332,optimal
2021-02-10 05:00:00,44,91,2.2857142857142856,0.0,0.0,0.054700000000000006,optimal
2021-02-10 05:30:00,44,91,2.2857142857142856,0.0,0.0,0.24336666666666668,optimal
2021-02-10 06:00:00,44,91,2.2857142857142856,0.0,0.0,0.049,optimal
2021-02-10 06:30:00,44,91,2.2857142857142856,0.0,0.0,0.1562666666666667,optimal
2021-02-10 07:00:00,44,91,2.2857142857142856,0.0,8.12345875763468,1.2831,optimal
2021-02-10 07:30:00,44,91,2.2857142857142856,0.0,0.0,0.057,optimal
2021-02-10 08:00:00,44,91,1.2822889485055942,0.0,0.0,0.2297333333333333,optimal
2021-02-10 08:30:00,44,91,1.2137120321417283,0.0,0.0,0.42633333333333334,optimal
2021-02-10 09:00:00,44,91,1.1301640642232995,0.0,0.0,0.06233333333333334,optimal
2021-02-10 09:30:00,44,91,1.1665204811927876,0.0,0.0,0.1388,optimal
2021-02-10 10:00:00,44,91,0.8790390855442647,0.0,0.0,0.17926666666666669,optimal
2021-02-10 10:30:00,44,91,0.8802968744618535,0.0,0.0,0.1388,optimal
2021-02-10 11:00:00,44,91,0.6990023765387169,0.0,0.0,0.10273333333333332,optimal
2021-02-10 11:30:00,44,91,0.6827615374044118,0.0,0.0,0.13553333333333334,optimal
2021-02-10 12:00:00,44,91,0.44066968436019505,0.0,0.0,0.1388,optimal
2021-02-10 12:30:00,44,91,0.4291077795982896,0.0,0.0,0.17926666666666669,optimal
2021-02-10 13:00:00,44,91,2.2857142857142856,0.0,0.0,0.1388,optimal
2021-02-10 13:30:00,44,91,2.2857142857142856,0.0,0.0,0.08633333333333333,optimal
2021-02-10 14:00:00,44,91,2.2857142857142856,0.0,0.0,0.16903333333333334,optimal
2021-02-10 14:30:00,44,91,2.2857142857142856,0.0,0.0,0.1217,optimal
2021-02-10 15:00:00,44,91,2.2857142857142856,0.0,0.0,0.17926666666666669,optimal
2021-02-10 15:30:00,44,91,2.2857142857142856,0.0,0.0,0.059,optimal
2021-02-10 16:00:00,44,91,0.0,0.0,0.0,0.2361,optimal
2021-02-10 16:30:00,44,91,0.0,0.0,0.0,0.7164666666666667,optimal
2021-02-10 17:00:00,44,91,0.0,0.0,0.0,0.2585,optimal
2021-02-10 17:30:00,44,91,0.0,0.0,0.0,0.133,optimal
2021-02-10 18:00:00,44,91,0.0,0.0,0.0,0.17926666666666669,optimal
2021-02-10 18:30:00,44,91,0.0,0.0,0.0,0.24409999999999998,optimal
2021-02-10 19:00:00,44,91,0.0,0.0,0.0,1.2786666666666668,optimal
2021-02-10 19:30:00,44,91,0.0,0.0,0.0,0.32973333333333327,optimal
2021-02-10 20:00:00,44,91,0.8292527165457643,0.0,0.0,1.7384333333333335,optimal
2021-02-10 20:30:00,44,91,0.0,0.0,0.0,0.4732,optimal
2021-02-10 21:00:00,44,91,0.0,0.0,0.0,0.5440666666666667,optimal
2021-02-10 21:30:00,44,91,0.0,0.0,0.0,0.3496,optimal
2021-02-10 22:00:00,44,91,0.0,0.0,0.0,0.2766,optimal
2021-02-10 22:30:00,44,91,0.0,0.0,0.0,0.22080000000000002,optimal
2021-02-10 23:00:00,44,91,0.0,0.0,0.0,0.059,optimal
2021-02-10 23:30:00,44,91,0.0,0.0,0.0,0.05666666666666666,optimal
2021-02-11 00:00:00,44,91,0.5573333333333333,0.0,0.0,0.06793333333333333,optimal
2021-02-11 00:30:00,44,91,1.4928571428571429,0.0,0.0,0.11526666666666668,optimal
2021-02-11 01:00:00,44,91,1.1608804982695717,0.0,0.0,0.1404,optimal
2021-02-11 01:30:00,44,91,2.2857142857142856,0.0,0.0,0.072,optimal
2021-02-11 02:00:00,44,91,2.2857142857142856,0.0,0.0,0.072,optimal
2021-02-11 02:30:00,44,91,2.2857142857142856,0.0,0.0,0.072,optimal
2021-02-11 03:00:00,44,91,2.2857142857142856,0.0,0.0,0.072,optimal
2021-02-11 03:30:00,44,91,2.2857142857142856,0.0,0.0,0.1404,optimal
2021-02-11 04:00:00,44,91,2.2857142857142856,0.0,0.0,0.072,optimal
2021-02-11 04:30:00,44,91,2.2857142857142856,0.0,0.0,0.072,optimal
2021-02-11 05:00:00,44,91,2.2857142857142856,0.0,0.0,0.18986666666666668,optimal
2021-02-11 05:30:00,44,91,2.2857142857142856,0.0,0.0,0.3176333333333333,optimal
2021-02-11 06:00:00,44,91,2.2857142857142856,0.0,0.8193608490728366,0.1598,optimal
2021-02-11 06:30:00,44,91,2.2857142857142856,0.0,10.0,1.2069,optimal
2021-02-11 07:00:00,44,91,2.2857142857142856,0.0,10.0,0.295,optimal
2021-02-11 07:30:00,44,91,2.2857142857142856,0.0,0.0,0.07133333333333333,optimal
2021-02-11 08:00:00,44,91,1.5230784798923414,0.0,0.0,0.072,optimal
2021-02-11 08:30:00,44,91,1.5138397385938023,0.0,0.0,0.1404,optimal
2021-02-11 09:00:00,44,91,1.3568132554748165,0.0,0.0,0.072,optimal
2021-02-11 09:30:00,44,91,1.2239251240444773,0.0,0.0,0.1404,optimal
2021-02-11 10:00:00,44,91,0.8233155401584017,0.0,0.0,0.072,optimal
2021-02-11 10:30:00,44,91,0.8645320035356683,0.0,0.0,0.072,optimal
2021-02-11 11:00:00,44,91,0.6598347467239373,0.0,0.0,0.0834,optimal
2021-02-11 11:30:00,44,91,0.5952855960737682,0.0,0.0,0.129,optimal
2021-02-11 12:00:00,44,91,0.373177275031759,0.0,0.0,0.072,optimal
2021-02-11 12:30:00,44,91,0.3165832492301755,0.0,0.0,0.1138,optimal
2021-02-11 13:00:00,44,91,2.2857142857142856,0.0,0.0,0.0986,optimal
2021-02-11 13:30:00,44,91,2.2857142857142856,0.0,0.0,0.07579999999999999,optimal
2021-02-11 14:00:00,44,91,2.2857142857142856,0.0,0.0,0.1366,optimal
2021-02-11 14:30:00,44,91,2.2857142857142856,0.0,0.0,0.072,optimal
2021-02-11 15:00:00,44,91,2.2857142857142856,0.0,0.0,0.072,optimal
2021-02-11 15:30:00,44,91,2.2857142857142856,0.0,0.0,0.1024,optimal
2021-02-11 16:00:00,44,91,0.0,0.0,0.0,0.11,optimal
2021-02-11 16:30:00,44,91,0.0,0.0,0.0,0.072,optimal
2021-02-11 17:00:00,44,91,0.0,0.0,0.0,0.1404,optimal
2021-02-11 17:30:00,44,91,0.0,0.0,0.0,0.072,optimal
2021-02-11 18:00:00,44,91,0.0,0.0,0.0,0.1404,optimal
2021-02-11 18:30:00,44,91,0.0,0.0,0.0,0.072,optimal
2021-02-11 19:00:00,44,91,0.0,0.0,0.0,0.1062,optimal
2021-02-11 19:30:00,44,91,1.4122186176785638,0.0,0.0,0.1062,optimal
2021-02-11 20:00:00,44,91,1.8199611917170893,0.0,0.0,0.072,optimal
2021-02-11 20:30:00,44,91,0.0,0.0,0.0,0.38626666666666665,optimal
2021-02-11 21:00:00,44,91,0.0,0.0,0.0,0.42533333333333334,optimal
2021-02-11 21:30:00,44,91,0.0,0.0,0.0,0.40593333333333326,optimal
2021-02-11 22:00:00,44,91,0.0,0.0,0.0,0.3302,optimal
2021-02-11 22:30:00,44,91,0.0,0.0,0.0,0.4026,optimal
2021-02-11 23:00:00,44,91,0.0,0.0,0.0,0.072,optimal
2021-02-11 23:30:00,44,91,0.0,0.0,0.0,0.1404,optimal
2021-02-12 00:00:00,44,91,0.05768704071361493,0.0,0.0,0.16256666666666666,optimal
2021-02-12 00:30:00,44,91,2.2857142857142856,0.0,0.0,0.11136666666666666,optimal
2021-02-12 01:00:00,44,91,2.2857142857142856,0.0,0.0,0.07553333333333333,optimal
2021-02-12 01:30:00,44,91,2.2857142857142856,0.0,0.0,0.29153333333333337,optimal
2021-02-12 02:00:00,44,91,2.2857142857142856,0.0,0.0,0.041133333333333334,optimal
2021-02-12 02:30:00,44,91,2.2857142857142856,0.0,0.0,0.10843333333333334,optimal
2021-02-12 03:00:00,44,91,2.2857142857142856,0.0,0.0,0.19443333333333332,optimal
2021-02-12 03:30:00,44,91,2.2857142857142856,0.0,0.0,0.034,optimal
2021-02-12 04:00:00,44,91,2.2857142857142856,0.0,0.0,0.2688666666666667,optimal
2021-02-12 04:30:00,44,91,2.2857142857142856,0.0,0.0,0.08036666666666666,optimal
2021-02-12 05:00:00,44,91,2.2857142857142856,0.0,0.0,0.051833333333333335,optimal
2021-02-12 05:30:00,44,91,2.2857142857142856,0.0,0.0,0.2688666666666667,optimal
2021-02-12 06:00:00,44,91,2.2857142857142856,0.0,1.9106618741765888,0.09753333333333332,optimal
2021-02-12 06:30:00,44,91,2.2857142857142856,0.0,10.0,0.10413333333333334,optimal
2021-02-12 07:00:00,44,91,2.2857142857142856,0.0,10.0,0.2017333333333333,optimal
2021-02-12 07:30:00,44,91,2.2857142857142856,0.0,0.0,0.9873999999999999,optimal
2021-02-12 08:00:00,44,91,1.6837114066468701,0.0,0.0,0.1457,optimal
2021-02-12 08:30:00,44,91,1.3710026087250142,0.0,0.0,0.14026666666666668,optimal
2021-02-12 09:00:00,44,91,1.1502180161661413,0.0,0.0,0.26166666666666666,optimal
2021-02-12 09:30:00,44,91,0.7935347933066326,0.0,0.0,1.6907333333333332,optimal
2021-02-12 10:00:00,44,91,0.8035252712435885,0.0,0.0,0.07613333333333334,optimal
2021-02-12 10:30:00,44,91,0.7891523908968442,0.0,0.0,0.17093333333333333,optimal
2021-02-12 11:00:00,44,91,0.5186835178509285,0.0,0.0,0.18486666666666668,optimal
2021-02-12 11:30:00,44,91,0.5423916697123464,0.0,0.0,0.0912,optimal
2021-02-12 12:00:00,44,91,0.42388492285071655,0.0,0.0,0.17723333333333333,optimal
2021-02-12 12:30:00,44,91,0.43908831280736954,0.0,0.0,0.112,optimal
2021-02-12 13:00:00,44,91,2.2857142857142856,0.0,0.0,0.09463333333333333,optimal
2021-02-12 13:30:00,44,91,2.2857142857142856,0.0,0.0,0.12,optimal
2021-02-12 14:00:00,44,91,2.2857142857142856,0.0,0.0,0.06106666666666667,optimal
2021-02-12 14:30:00,44,91,2.2857142857142856,0.0,0.0,0.22,optimal
2021-02-12 15:00:00,44,91,2.2857142857142856,0.0,0.0,0.13046666666666668,optimal
2021-02-12 15:30:00,44,91,2.2857142857142856,0.0,0.0,0.09773333333333332,optimal
2021-02-12 16:00:00,44,91,0.0,0.0,0.0,0.12356666666666666,optimal
2021-02-12 16:30:00,44,91,0.0,0.0,0.0,0.2435,optimal
2021-02-12 17:00:00,44,91,0.0,0.0,0.0,0.1505,optimal
2021-02-12 17:30:00,44,91,0.0,0.0,0.0,0.22469999999999998,optimal
2021-02-12 18:00:00,44,91,0.0,0.0,0.0,0.33076666666666665,optimal
2021-02-12 18:30:00,44,91,0.0,0.0,0.0,0.38980000000000004,optimal
2021-02-12 19:00:00,44,91,0.0,0.0,0.0,1.0378,optimal
2021-02-12 19:30:00,44,91,0.0,0.0,0.0,0.2904333333333333,optimal
2021-02-12 20:00:00,44,91,0.17546235401774804,0.0,0.0,0.04713333333333333,optimal
2021-02-12 20:30:00,44,91,0.0,0.0,0.0,0.2087,optimal
2021-02-12 21:00:00,44,91,0.0,0.0,0.0,0.264,optimal
2021-02-12 21:30:00,44,91,0.0,0.0,0.0,0.374,optimal
2021-02-12 22:00:00,44,91,0.0,0.0,0.0,0.32056666666666667,optimal
2021-02-12 22:30:00,44,91,0.0,0.0,0.0,0.24969999999999998,optimal
2021-02-12 23:00:00,44,91,0.0,0.0,0.0,0.17443333333333333,optimal
2021-02-12 23:30:00,44,91,0.0,0.0,0.0,0.056600000000000004,optimal
2021-02-13 00:00:00,44,91,0.0,0.0,0.0,0.063,optimal
2021-02-13 00:30:00,44,91,0.6568571428571429,0.0,0.0,0.063,optimal
2021-02-13 01:00:00,44,91,0.0,0.0,0.0,0.063,optimal
2021-02-13 01:30:00,44,91,0.0,0.0,0.0,0.063,optimal
2021-02-13 02:00:00,44,91,1.714675034825556,0.0,0.0,0.063,optimal
2021-02-13 02:30:00,44,91,2.2857142857142856,0.0,0.0,0.063,optimal
2021-02-13 03:00:00,44,91,2.2857142857142856,0.0,0.0,0.063,optimal
2021-02-13 03:30:00,44,91,2.2857142857142856,0.0,0.0,0.063,optimal
2021-02-13 04:00:00,44,91,2.2857142857142856,0.0,0.0,0.063,optimal
2021-02-13 04:30:00,44,91,2.2857142857142856,0.0,0.0,0.063,optimal
2021-02-13 05:00:00,44,91,2.2857142857142856,0.0,0.0,0.063,optimal
2021-02-13 05:30:00,44,91,2.2857142857142856,0.0,0.0,0.06233333333333334,optimal
2021-02-13 06:00:00,44,91,2.2857142857142856,0.0,0.0,0.2894,optimal
2021-02-13 06:30:00,44,91,2.2857142857142856,0.0,6.318743079838902,0.0999,optimal
2021-02-13 07:00:00,44,91,2.2857142857142856,0.0,0.0,0.21016666666666664,optimal
2021-02-13 07:30:00,44,91,2.2857142857142856,0.0,0.0,0.162,optimal
2021-02-13 08:00:00,44,91,1.433690428289207,0.0,0.0,0.063,optimal
2021-02-13 08:30:00,44,91,1.430255723007768,0.0,0.0,0.067,optimal
2021-02-13 09:00:00,44,91,1.2762065904168989,0.0,0.0,0.06833333333333333,optimal
2021-02-13 09:30:00,44,91,1.2590330640097043,0.0,0.0,0.063,optimal
2021-02-13 10:00:00,44,91,0.9852571799642127,0.0,0.0,0.063,optimal
2021-02-13 10:30:00,44,91,0.9818224746827738,0.0,0.0,0.063,optimal
2021-02-13 11:00:00,44,91,0.6771589147824743,0.0,0.0,0.063,optimal
2021-02-13 11:30:00,44,91,0.6737242095010353,0.0,0.0,0.07066666666666667,optimal
2021-02-13 12:00:00,44,91,0.5475666375230125,0.0,0.0,0.063,optimal
2021-02-13 12:30:00,44,91,0.5406972269601347,0.0,0.0,0.063,optimal
2021-02-13 13:00:00,44,91,2.2857142857142856,0.0,0.0,0.063,optimal
2021-02-13 13:30:00,44,91,2.2857142857142856,0.0,0.0,0.10529999999999999,optimal
2021-02-13 14:00:00,44,91,2.2857142857142856,0.0,0.0,1.5595666666666665,optimal
2021-02-13 14:30:00,44,91,2.2857142857142856,0.0,0.0,0.17283333333333334,optimal
2021-02-13 15:00:00,44,91,2.2857142857142856,0.0,0.0,0.19683333333333328,optimal
2021-02-13 15:30:00,44,91,2.2857142857142856,0.0,0.0,0.5731,optimal
2021-02-13 16:00:00,44,91,0.0,0.0,0.0,0.23376666666666668,optimal
2021-02-13 16:30:00,44,91,0.0,0.0,0.0,0.17566666666666667,optimal
2021-02-13 17:00:00,44,91,0.0,0.0,0.0,0.49360000000000004,optimal
2021-02-13 17:30:00,44,91,0.0,0.0,0.0,0.32503333333333334,optimal
2021-02-13 18:00:00,44,91,0.0,0.0,0.0,0.24066666666666664,optimal
2021-02-13 18:30:00,44,91,0.0,0.0,0.0,0.2306,optimal
2021-02-13 19:00:00,44,91,0.0,0.0,0.0,1.1350666666666667,optimal
2021-02-13 19:30:00,44,91,0.0,0.0,0.0,2.659866666666667,optimal
2021-02-13 20:00:00,44,91,0.8135431171139378,0.0,0.0,1.8490333333333333,optimal
2021-02-13 20:30:00,44,91,0.0,0.0,0.0,0.2292,optimal
2021-02-13 21:00:00,44,91,0.0,0.0,0.0,0.3803333333333333,optimal
2021-02-13 21:30:00,44,91,0.0,0.0,0.0,0.38539999999999996,optimal
2021-02-13 22:00:00,44,91,0.2587619047619047,0.0,0.0,0.2813333333333333,optimal
2021-02-13 22:30:00,44,91,0.0,0.0,0.0,0.24946666666666667,optimal
2021-02-13 23:00:00,44,91,0.0,0.0,0.0,0.24869999999999998,optimal
2021-02-13 23:30:00,44,91,0.0,0.0,0.0,0.073,optimal
2021-02-07 00:00:00,45,91,0.0,0.0,0.0,0.09663333333333333,optimal
2021-02-07 00:30:00,45,91,0.0,0.0,0.0,0.19030000000000002,optimal
2021-02-07 01:00:00,45,91,0.0,0.0,0.0,0.16933333333333334,optimal
2021-02-07 01:30:00,45,91,0.0,0.0,0.0,0.163,optimal
2021-02-07 02:00:00,45,91,0.0,0.0,0.0,0.12393333333333334,optimal
2021-02-07 02:30:00,45,91,0.0,0.0,0.0,0.1586,optimal
2021-02-07 03:00:00,45,91,0.0,0.0,0.0,0.17843333333333333,optimal
2021-02-07 03:30:00,45,91,0.0,0.0,0.0,0.06703333333333333,optimal
2021-02-07 04:00:00,45,91,2.2857142857142856,0.0,0.0,0.22913333333333333,optimal
2021-02-07 04:30:00,45,91,2.2857142857142856,0.0,0.0,0.16513333333333333,optimal
2021-02-07 05:00:00,45,91,2.2857142857142856,0.0,1.1060376930150764,0.16733333333333333,optimal
2021-02-07 05:30:00,45,91,2.2857142857142856,0.0,0.0,0.11353333333333332,optimal
2021-02-07 06:00:00,45,91,2.2857142857142856,0.0,0.0,0.20386666666666667,optimal
2021-02-07 06:30:00,45,91,2.2857142857142856,0.0,0.0,0.15419999999999998,optimal
2021-02-07 07:00:00,45,91,2.2857142857142856,0.0,0.0,0.07133333333333333,optimal
2021-02-07 07:30:00,45,91,0.0,0.0,0.0,0.22373333333333328,optimal
2021-02-07 08:00:00,45,91,0.0,0.0,0.0,0.18653333333333333,optimal
2021-02-07 08:30:00,45,91,0.0,0.0,0.0,0.17976666666666669,optimal
2021-02-07 09:00:00,45,91,0.034911315977808305,0.0,0.0,0.13683333333333333,optimal
2021-02-07 09:30:00,45,91,0.9452690776178675,0.0,0.0,0.9609666666666669,optimal
2021-02-07 10:00:00,45,91,1.0440435848646927,0.0,0.0,0.11896666666666668,optimal
2021-02-07 10:30:00,45,91,1.0235320430466288,0.0,0.0,0.21480000000000002,optimal
2021-02-07 11:00:00,45,91,0.8982878278172615,0.0,0.0,0.17933333333333334,optimal
2021-02-07 11:30:00,45,91,0.8824021135315413,0.0,0.0,0.2349333333333333,optimal
2021-02-07 12:00:00,45,91,0.8083340323389379,0.0,0.0,0.1525,optimal
2021-02-07 12:30:00,45,91,0.7977816513865367,0.0,0.0,0.18943333333333331,optimal
2021-02-07 13:00:00,45,91,2.2857142857142856,0.0,0.0,0.14433333333333334,optimal
2021-02-07 13:30:00,45,91,2.2857142857142856,0.0,0.0,0.17933333333333334,optimal
2021-02-07 14:00:00,45,91,2.2857142857142856,0.0,0.0,0.13743333333333332,optimal
2021-02-07 14:30:00,45,91,2.2857142857142856,0.0,0.0,0.22316666666666662,optimal
2021-02-07 15:00:00,45,91,2.2857142857142856,0.0,0.0,0.13726666666666668,optimal
2021-02-07 15:30:00,45,91,2.2857142857142856,0.0,0.0,0.22333333333333327,optimal
2021-02-07 16:00:00,45,91,0.0,0.0,0.0,0.17933333333333334,optimal
2021-02-07 16:30:00,45,91,0.0,0.0,0.0,0.072,optimal
2021-02-07 17:00:00,45,91,0.0,0.0,0.0,0.34226666666666666,optimal
2021-02-07 17:30:00,45,91,0.0,0.0,0.0,0.072,optimal
2021-02-07 18:00:00,45,91,0.0,0.0,0.0,0.8428666666666667,optimal
2021-02-07 18:30:00,45,91,0.0,0.0,0.0,0.5653666666666667,optimal
2021-02-07 19:00:00,45,91,0.0,0.0,0.0,0.21259999999999998,optimal
2021-02-07 19:30:00,45,91,0.6153079183788893,0.0,0.0,0.1777,optimal
2021-02-07 20:00:00,45,91,1.1029021330067315,0.0,0.0,0.3475,optimal
2021-02-07 20:30:00,45,91,0.0,0.0,0.0,0.19466666666666663,optimal
2021-02-07 21:00:00,45,91,0.0,0.0,0.0,0.5900666666666667,optimal
2021-02-07 21:30:00,45,91,0.0,0.0,0.0,0.49689999999999995,optimal
2021-02-07 22:00:00,45,91,0.6966666666666668,0.0,0.0,0.6115333333333333,optimal
2021-02-07 22:30:00,45,91,0.0,0.0,0.0,0.5298333333333334,optimal
2021-02-07 23:00:00,45,91,0.0,0.0,0.0,0.23963333333333334,optimal
2021-02-07 23:30:00,45,91,0.0,0.0,0.0,0.18606666666666663,optimal
2021-02-08 00:00:00,45,91,0.0,0.0,0.0,0.1288,optimal
2021-02-08 00:30:00,45,91,0.0796190476190476,0.0,0.0,0.061,optimal
2021-02-08 01:00:00,45,91,0.0,0.0,0.0,0.2204,optimal
2021-02-08 01:30:00,45,91,0.0,0.0,0.0,0.217,optimal
2021-02-08 02:00:00,45,91,0.0,0.0,0.0,0.061,optimal
2021-02-08 02:30:00,45,91,1.4703030374268748,0.0,0.0,0.2417,optimal
2021-02-08 03:00:00,45,91,2.2857142857142856,0.0,0.0,0.19569999999999999,optimal
2021-02-08 03:30:00,45,91,2.2857142857142856,0.0,0.0,0.061,optimal
2021-02-08 04:00:00,45,91,2.2857142857142856,0.0,0.0,0.30860000000000004,optimal
2021-02-08 04:30:00,45,91,2.2857142857142856,0.0,0.0,0.1288,optimal
2021-02-08 05:00:00,45,91,2.2857142857142856,0.0,0.0,0.1404,optimal
2021-02-08 05:30:00,45,91,2.2857142857142856,0.0,0.0,0.1372,optimal
2021-02-08 06:00:00,45,91,2.2857142857142856,0.0,0.0,0.2326,optimal
2021-02-08 06:30:00,45,91,2.2857142857142856,0.0,0.33272664361202503,0.1004,optimal
2021-02-08 07:00:00,45,91,2.2857142857142856,0.0,10.0,0.071,optimal
2021-02-08 07:30:00,45,91,2.2857142857142856,0.0,0.0,0.1731,optimal
2021-02-08 08:00:00,45,91,0.91134148153517,0.0,0.0,1.6608,optimal
2021-02-08 08:30:00,45,91,0.9779804159075611,0.0,0.0,1.6669,optimal
2021-02-08 09:00:00,45,91,0.9746815472156832,0.0,0.0,0.7596,optimal
2021-02-08 09:30:00,45,91,1.1469145742284936,0.0,0.0,0.13766666666666666,optimal
2021-02-08 10:00:00,45,91,0.8883242723997493,0.0,0.0,0.2368,optimal
2021-02-08 10:30:00,45,91,0.9032569596726499,0.0,0.0,0.2196,optimal
2021-02-08 11:00:00,45,91,0.6850743237221307,0.0,0.0,0.10243333333333333,optimal
2021-02-08 11:30:00,45,91,0.6601096750640152,0.0,0.0,0.16576666666666667,optimal
2021-02-08 12:00:00,45,91,0.5824595006286137,0.0,0.0,0.13040000000000002,optimal
2021-02-08 12:30:00,45,91,0.5196635366457234,0.0,0.0,0.30210000000000004,optimal
2021-02-08 13:00:00,45,91,1.607170756158565,0.0,0.0,0.11563333333333334,optimal
2021-02-08 13:30:00,45,91,2.2857142857142856,0.0,0.0,0.2482666666666667,optimal
2021-02-08 14:00:00,45,91,2.2857142857142856,0.0,0.0,0.19013333333333332,optimal
2021-02-08 14:30:00,45,91,2.2857142857142856,0.0,0.0,2.202866666666667,optimal
2021-02-08 15:00:00,45,91,2.2857142857142856,0.0,0.0,0.6725,optimal
2021-02-08 15:30:00,45,91,2.2857142857142856,0.0,0.0,0.2874,optimal
2021-02-08 16:00:00,45,91,0.0,0.0,0.0,0.6531,optimal
2021-02-08 16:30:00,45,91,0.0,0.0,0.0,0.4668,optimal
2021-02-08 17:00:00,45,91,0.0,0.0,0.0,0.8351666666666666,optimal
2021-02-08 17:30:00,45,91,0.0,0.0,0.0,2.2565,optimal
2021-02-08 18:00:00,45,91,0.0,0.0,0.0,2.2739000000000003,optimal
2021-02-08 18:30:00,45,91,0.0,0.0,0.0,1.7321,optimal
2021-02-08 19:00:00,45,91,0.0,0.0,0.0,1.178766666666667,optimal
2021-02-08 19:30:00,45,91,0.0,0.0,0.0,0.3015,optimal
2021-02-08 20:00:00,45,91,0.0,0.0,0.0,0.071,optimal
2021-02-08 20:30:00,45,91,0.0,0.0,0.0,0.139,optimal
2021-02-08 21:00:00,45,91,0.0,0.0,0.0,0.2535666666666666,optimal
2021-02-08 21:30:00,45,91,0.0,0.0,0.0,0.3255,optimal
2021-02-08 22:00:00,45,91,0.7165714285714284,0.0,0.0,0.3153333333333333,optimal
2021-02-08 22:30:00,45,91,0.0,0.0,0.0,2.6713,optimal
2021-02-08 23:00:00,45,91,0.0,0.0,0.0,0.23986666666666667,optimal
2021-02-08 23:30:00,45,91,0.0,0.0,0.0,0.18680000000000002,optimal
2021-02-09 00:00:00,45,91,0.0,0.0,0.0,0.042,optimal
2021-02-09 00:30:00,45,91,0.7364761904761905,0.0,0.0,0.042,optimal
2021-02-09 01:00:00,45,91,0.0,0.0,0.0,0.048799999999999996,optimal
2021-02-09 01:30:00,45,91,0.0,0.0,0.0,0.2029333333333333,optimal
2021-02-09 02:00:00,45,91,0.8614056445469485,0.0,0.0,0.10546666666666668,optimal
2021-02-09 02:30:00,45,91,2.2857142857142856,0.0,0.0,0.22333333333333327,optimal
2021-02-09 03:00:00,45,91,2.2857142857142856,0.0,0.0,0.09186666666666667,optimal
2021-02-09 03:30:00,45,91,2.2857142857142856,0.0,0.0,0.16440000000000002,optimal
2021-02-09 04:00:00,45,91,2.2857142857142856,0.0,0.0,0.08733333333333333,optimal
2021-02-09 04:30:00,45,91,2.2857142857142856,0.0,0.0,0.15306666666666666,optimal
2021-02-09 05:00:00,45,91,2.2857142857142856,0.0,0.0,0.14533333333333334,optimal
2021-02-09 05:30:00,45,91,2.2857142857142856,0.0,0.0,0.051,optimal
2021-02-09 06:00:00,45,91,2.2857142857142856,0.0,0.0,0.10546666666666668,optimal
2021-02-09 06:30:00,45,91,2.2857142857142856,0.0,0.0,0.2097333333333333,optimal
2021-02-09 07:00:00,45,91,2.2857142857142856,0.0,0.0,0.11453333333333332,optimal
2021-02-09 07:30:00,45,91,2.2857142857142856,0.0,0.0,0.13266666666666665,optimal
2021-02-09 08:00:00,45,91,1.302190938505832,0.0,0.0,0.11966666666666669,optimal
2021-02-09 08:30:00,45,91,1.3113153940900886,0.0,0.0,0.042,optimal
2021-02-09 09:00:00,45,91,1.091860877344612,0.0,0.0,0.26639999999999997,optimal
2021-02-09 09:30:00,45,91,0.7199002647035994,0.0,0.0,1.3711333333333335,optimal
2021-02-09 10:00:00,45,91,0.7960476197509979,0.0,0.0,0.22566666666666663,optimal
2021-02-09 10:30:00,45,91,0.7690074266771437,0.0,0.0,0.1972,optimal
2021-02-09 11:00:00,45,91,0.5381148995641769,0.0,0.0,0.1328,optimal
2021-02-09 11:30:00,45,91,0.4989944799970371,0.0,0.0,0.2512,optimal
2021-02-09 12:00:00,45,91,0.21525538982768536,0.0,0.0,1.758,optimal
2021-02-09 12:30:00,45,91,0.2331472379662659,0.0,0.0,2.340533333333333,optimal
2021-02-09 13:00:00,45,91,2.2857142857142856,0.0,0.0,1.1823666666666666,optimal
2021-02-09 13:30:00,45,91,1.5171963244546602,0.0,0.0,0.1216,optimal
2021-02-09 14:00:00,45,91,2.2857142857142856,0.0,0.0,0.41233333333333333,optimal
2021-02-09 14:30:00,45,91,2.2857142857142856,0.0,0.0,0.5514,optimal
2021-02-09 15:00:00,45,91,2.2857142857142856,0.0,8.992496549540341,0.3412,optimal
2021-02-09 15:30:00,45,91,2.2857142857142856,0.0,0.0,0.5596,optimal
2021-02-09 16:00:00,45,91,0.0,0.0,0.0,0.31,optimal
2021-02-09 16:30:00,45,91,0.0,0.0,0.0,0.1424,optimal
2021-02-09 17:00:00,45,91,0.0,0.0,0.0,0.24106666666666662,optimal
2021-02-09 17:30:00,45,91,0.0,0.0,0.0,0.2007333333333333,optimal
2021-02-09 18:00:00,45,91,0.0,0.0,0.0,0.3691333333333333,optimal
2021-02-09 18:30:00,45,91,0.0,0.0,0.0,0.264,optimal
2021-02-09 19:00:00,45,91,0.0,0.0,0.0,0.40686666666666665,optimal
2021-02-09 19:30:00,45,91,0.0,0.0,0.0,0.27546666666666664,optimal
2021-02-09 20:00:00,45,91,0.0,0.0,0.0,0.41186666666666666,optimal
2021-02-09 20:30:00,45,91,0.0,0.0,0.0,0.42586666666666667,optimal
2021-02-09 21:00:00,45,91,0.0,0.0,0.0,0.37906666666666666,optimal
2021-02-09 21:30:00,45,91,0.0,0.0,0.0,0.3694666666666666,optimal
2021-02-09 22:00:00,45,91,0.0,0.0,0.0,0.1404,optimal
2021-02-09 22:30:00,45,91,0.0,0.0,0.0,0.12226666666666668,optimal
2021-02-09 23:00:00,45,91,0.0,0.0,0.0,0.12453333333333332,optimal
2021-02-09 23:30:00,45,91,0.0,0.0,0.0,0.2016,optimal
2021-02-10 00:00:00,45,91,0.0,0.0,0.0,0.054,optimal
2021-02-10 00:30:00,45,91,2.2857142857142856,0.0,0.0,0.054,optimal
2021-02-10 01:00:00,45,91,0.8393333333333339,0.0,0.0,0.18306666666666663,optimal
2021-02-10 01:30:00,45,91,0.0,0.0,0.0,0.054,optimal
2021-02-10 02:00:00,45,91,0.9829294562747452,0.0,0.0,0.11853333333333332,optimal
2021-02-10 02:30:00,45,91,2.2857142857142856,0.0,0.0,0.11853333333333332,optimal
2021-02-10 03:00:00,45,91,2.2857142857142856,0.0,0.0,0.054,optimal
2021-02-10 03:30:00,45,91,2.2857142857142856,0.0,0.0,0.18306666666666663,optimal
2021-02-10 04:00:00,45,91,2.2857142857142856,0.0,0.0,0.9751333333333332,optimal
2021-02-10 04:30:00,45,91,2.2857142857142856,0.0,0.0,0.17133333333333334,optimal
2021-02-10 05:00:00,45,91,2.2857142857142856,0.0,0.0,0.06573333333333334,optimal
2021-02-10 05:30:00,45,91,2.2857142857142856,0.0,2.609555782673657,0.15706666666666666,optimal
2021-02-10 06:00:00,45,91,2.2857142857142856,0.0,10.0,0.26373333333333326,optimal
2021-02-10 06:30:00,45,91,2.2857142857142856,0.0,10.0,0.427,optimal
2021-02-10 07:00:00,45,91,2.2857142857142856,0.0,0.0,1.3086666666666666,optimal
2021-02-10 07:30:00,45,91,2.2857142857142856,0.0,0.0,0.16373333333333331,optimal
2021-02-10 08:00:00,45,91,1.3911079961246262,0.0,0.0,0.064,optimal
2021-02-10 08:30:00,45,91,1.340492984522676,0.0,0.0,0.19306666666666664,optimal
2021-02-10 09:00:00,45,91,1.2018593023185324,0.0,0.0,0.064,optimal
2021-02-10 09:30:00,45,91,1.1881204811927768,0.0,0.0,0.064,optimal
2021-02-10 10:00:00,45,91,0.8987914664966464,0.0,0.0,0.11093333333333334,optimal
2021-02-10 10:30:00,45,91,0.8784302077951838,0.0,0.0,0.14613333333333334,optimal
2021-02-10 11:00:00,45,91,0.7102976146339552,0.0,0.0,0.064,optimal
2021-02-10 11:30:00,45,91,0.6699043945472498,0.0,0.0,0.1813333333333333,optimal
2021-02-10 12:00:00,45,91,0.4589173034077946,0.0,0.0,0.07573333333333333,optimal
2021-02-10 12:30:00,45,91,0.4505363510268548,0.0,0.0,0.10506666666666667,optimal
2021-02-10 13:00:00,45,91,2.2857142857142856,0.0,0.0,0.152,optimal
2021-02-10 13:30:00,45,91,2.2857142857142856,0.0,0.0,0.06986666666666666,optimal
2021-02-10 14:00:00,45,91,2.2857142857142856,0.0,0.0,0.18719999999999998,optimal
2021-02-10 14:30:00,45,91,2.2857142857142856,0.0,0.0,0.064,optimal
2021-02-10 15:00:00,45,91,2.2857142857142856,0.0,0.0,0.064,optimal
2021-02-10 15:30:00,45,91,2.2857142857142856,0.0,0.0,0.0992,optimal
2021-02-10 16:00:00,45,91,0.0,0.0,0.0,0.31,optimal
2021-02-10 16:30:00,45,91,0.0,0.0,0.0,1.6670999999999998,optimal
2021-02-10 17:00:00,45,91,0.0,0.0,0.0,0.37826666666666664,optimal
2021-02-10 17:30:00,45,91,0.0,0.0,0.0,0.16533333333333333,optimal
2021-02-10 18:00:00,45,91,0.0,0.0,0.0,0.1714,optimal
2021-02-10 18:30:00,45,91,0.0,0.0,0.0,0.7451,optimal
2021-02-10 19:00:00,45,91,0.0,0.0,0.0,1.4610333333333334,optimal
2021-02-10 19:30:00,45,91,0.0,0.0,0.0,0.5009,optimal
2021-02-10 20:00:00,45,91,0.36754344547226536,0.0,0.0,0.6809,optimal
2021-02-10 20:30:00,45,91,0.0,0.0,0.0,0.6015333333333333,optimal
2021-02-10 21:00:00,45,91,0.0,0.0,0.0,0.4034,optimal
2021-02-10 21:30:00,45,91,0.0,0.0,0.0,0.5206333333333333,optimal
2021-02-10 22:00:00,45,91,0.0,0.0,0.0,0.6789,optimal
2021-02-10 22:30:00,45,91,0.0,0.0,0.0,1.1518666666666666,optimal
2021-02-10 23:00:00,45,91,0.0,0.0,0.0,0.11093333333333334,optimal
2021-02-10 23:30:00,45,91,0.0,0.0,0.0,0.0992,optimal
2021-02-11 00:00:00,45,91,0.0,0.0,0.0,0.063,optimal
2021-02-11 00:30:00,45,91,2.2857142857142856,0.0,0.0,0.10173333333333331,optimal
2021-02-11 01:00:00,45,91,1.2635442776563306,0.0,0.0,0.1607333333333333,optimal
2021-02-11 01:30:00,45,91,2.2857142857142856,0.0,0.0,0.063,optimal
2021-02-11 02:00:00,45,91,2.2857142857142856,0.0,0.0,0.18913333333333332,optimal
2021-02-11 02:30:00,45,91,2.2857142857142856,0.0,0.0,0.063,optimal
2021-02-11 03:00:00,45,91,2.2857142857142856,0.0,0.0,0.063,optimal
2021-02-11 03:30:00,45,91,2.2857142857142856,0.0,0.0,0.13753333333333334,optimal
2021-02-11 04:00:00,45,91,2.2857142857142856,0.0,0.0,0.1146,optimal
2021-02-11 04:30:00,45,91,2.2857142857142856,0.0,0.0,0.063,optimal
2021-02-11 05:00:00,45,91,2.2857142857142856,0.0,0.0,0.063,optimal
2021-02-11 05:30:00,45,91,2.2857142857142856,0.0,0.0,0.18913333333333332,optimal
2021-02-11 06:00:00,45,91,2.2857142857142856,0.0,0.0,0.063,optimal
2021-02-11 06:30:00,45,91,2.2857142857142856,0.0,0.09231374679158857,0.2968,optimal
2021-02-11 07:00:00,45,91,2.2857142857142856,0.0,10.0,0.19606666666666664,optimal
2021-02-11 07:30:00,45,91,2.2857142857142856,0.0,0.0,0.3609,optimal
2021-02-11 08:00:00,45,91,1.2617165751304389,0.0,0.0,0.374,optimal
2021-02-11 08:30:00,45,91,1.380420690974759,0.0,0.0,0.1022,optimal
2021-02-11 09:00:00,45,91,1.232079922141482,0.0,0.0,0.13146666666666668,optimal
2021-02-11 09:30:00,45,91,1.0614965526159077,0.0,0.0,0.34313333333333335,optimal
2021-02-11 10:00:00,45,91,0.6741250639679209,0.0,0.0,0.21906666666666663,optimal
2021-02-11 10:30:00,45,91,0.6938939082975829,0.0,0.0,0.3521333333333333,optimal
2021-02-11 11:00:00,45,91,0.5553871276763187,0.0,0.0,0.23253333333333334,optimal
2021-02-11 11:30:00,45,91,0.5717808341690076,0.0,0.0,0.16016666666666665,optimal
2021-02-11 12:00:00,45,91,0.3472248940793729,0.0,0.0,0.16473333333333331,optimal
2021-02-11 12:30:00,45,91,0.32878324923017804,0.0,0.0,0.073,optimal
2021-02-11 13:00:00,45,91,2.2857142857142856,0.0,0.0,0.19340000000000002,optimal
2021-02-11 13:30:00,45,91,2.2857142857142856,0.0,0.0,0.07873333333333334,optimal
2021-02-11 14:00:00,45,91,2.2857142857142856,0.0,0.0,0.073,optimal
2021-02-11 14:30:00,45,91,2.2857142857142856,0.0,0.0,0.1418,optimal
2021-02-11 15:00:00,45,91,2.2857142857142856,0.0,0.0,0.13033333333333336,optimal
2021-02-11 15:30:00,45,91,2.2857142857142856,0.0,0.0,0.10166666666666668,optimal
2021-02-11 16:00:00,45,91,0.0,0.0,0.0,0.17046666666666666,optimal
2021-02-11 16:30:00,45,91,0.0,0.0,0.0,0.073,optimal
2021-02-11 17:00:00,45,91,0.0,0.0,0.0,0.16473333333333331,optimal
2021-02-11 17:30:00,45,91,0.0,0.0,0.0,0.10740000000000001,optimal
2021-02-11 18:00:00,45,91,0.0,0.0,0.0,0.10166666666666668,optimal
2021-02-11 18:30:00,45,91,0.0,0.0,0.0,0.17046666666666666,optimal
2021-02-11 19:00:00,45,91,0.0,0.0,0.0,0.073,optimal
2021-02-11 19:30:00,45,91,1.4237914825783584,0.0,0.0,0.17046666666666666,optimal
2021-02-11 20:00:00,45,91,1.774865953621859,0.0,0.0,0.14766666666666667,optimal
2021-02-11 20:30:00,45,91,0.0,0.0,0.0,0.26646666666666663,optimal
2021-02-11 21:00:00,45,91,0.0,0.0,0.0,0.2793333333333333,optimal
2021-02-11 21:30:00,45,91,0.0,0.0,0.0,0.226,optimal
2021-02-11 22:00:00,45,91,0.17914285714285713,0.0,0.0,0.35536666666666666,optimal
2021-02-11 22:30:00,45,91,0.0,0.0,0.0,0.4033333333333333,optimal
2021-02-11 23:00:00,45,91,0.0,0.0,0.0,0.16893333333333332,optimal
2021-02-11 23:30:00,45,91,0.0,0.0,0.0,0.11486666666666666,optimal
2021-02-12 00:00:00,45,91,0.9072465631521045,0.0,0.0,0.065,optimal
2021-02-12 00:30:00,45,91,2.2857142857142856,0.0,0.0,0.1325,optimal
2021-02-12 01:00:00,45,91,2.2857142857142856,0.0,0.0,0.0875,optimal
2021-02-12 01:30:00,45,91,2.2857142857142856,0.0,0.0,0.184,optimal
2021-02-12 02:00:00,45,91,2.2857142857142856,0.0,0.0,0.1,optimal
2021-02-12 02:30:00,45,91,2.2857142857142856,0.0,0.0,0.065,optimal
2021-02-12 03:00:00,45,91,2.2857142857142856,0.0,0.0,0.309,optimal
2021-02-12 03:30:00,45,91,2.2857142857142856,0.0,0.0,0.065,optimal
2021-02-12 04:00:00,45,91,2.2857142857142856,0.0,0.0,0.2438333333333333,optimal
2021-02-12 04:30:00,45,91,2.2857142857142856,0.0,0.0,0.14016666666666666,optimal
2021-02-12 05:00:00,45,91,2.2857142857142856,0.0,0.0,0.065,optimal
2021-02-12 05:30:00,45,91,2.2857142857142856,0.0,0.0,0.3103333333333333,optimal
2021-02-12 06:00:00,45,91,2.2857142857142856,0.0,0.0,0.075,optimal
2021-02-12 06:30:00,45,91,2.2857142857142856,0.0,0.0,0.2435,optimal
2021-02-12 07:00:00,45,91,2.2857142857142856,0.0,8.622795259522185,0.1485,optimal
2021-02-12 07:30:00,45,91,2.2857142857142856,0.0,0.0,1.8005333333333333,optimal
2021-02-12 08:00:00,45,91,1.2553514066468714,0.0,0.0,1.9627666666666668,optimal
2021-02-12 08:30:00,45,91,1.5490959420583548,0.0,0.0,0.32613333333333333,optimal
2021-02-12 09:00:00,45,91,1.390644682832807,0.0,0.0,0.229,optimal
2021-02-12 09:30:00,45,91,1.2578033647351974,0.0,0.0,0.165,optimal
2021-02-12 10:00:00,45,91,0.8298966998150262,0.0,0.0,0.138,optimal
2021-02-12 10:30:00,45,91,0.7854190575635048,0.0,0.0,0.1975,optimal
2021-02-12 11:00:00,45,91,0.534359708327123,0.0,0.0,0.1405,optimal
2021-02-12 11:30:00,45,91,0.5076392887599691,0.0,0.0,0.222,optimal
2021-02-12 12:00:00,45,91,0.45695158951739084,0.0,0.0,0.075,optimal
2021-02-12 12:30:00,45,91,0.41094545566452817,0.0,0.0,0.224,optimal
2021-02-12 13:00:00,45,91,2.0964535197428478,0.0,0.0,0.17,optimal
2021-02-12 13:30:00,45,91,2.2857142857142856,0.0,0.0,0.4289333333333333,optimal
2021-02-12 14:00:00,45,91,2.2857142857142856,0.0,0.0,0.7705333333333333,optimal
2021-02-12 14:30:00,45,91,2.2857142857142856,0.0,0.0,1.1023,optimal
2021-02-12 15:00:00,45,91,2.2857142857142856,0.0,0.0,0.8543333333333334,optimal
2021-02-12 15:30:00,45,91,2.2857142857142856,0.0,0.0,0.1633666666666667,optimal
2021-02-12 16:00:00,45,91,0.0,0.0,0.0,0.4166666666666667,optimal
2021-02-12 16:30:00,45,91,0.0,0.0,0.0,1.4994666666666667,optimal
2021-02-12 17:00:00,45,91,0.0,0.0,0.0,0.2767333333333333,optimal
2021-02-12 17:30:00,45,91,0.0,0.0,0.0,1.0763666666666665,optimal
2021-02-12 18:00:00,45,91,0.0,0.0,0.0,1.9936333333333327,optimal
2021-02-12 18:30:00,45,91,0.0,0.0,0.0,1.5743666666666665,optimal
2021-02-12 19:00:00,45,91,0.0,0.0,0.0,0.4945,optimal
2021-02-12 19:30:00,45,91,0.0,0.0,0.0,0.2415,optimal
2021-02-12 20:00:00,45,91,0.0,0.0,0.0,1.5053666666666665,optimal
2021-02-12 20:30:00,45,91,0.0,0.0,0.0,1.2104333333333335,optimal
2021-02-12 21:00:00,45,91,0.0,0.0,0.0,0.36669999999999997,optimal
2021-02-12 21:30:00,45,91,0.0,0.0,0.0,1.6738333333333333,optimal
2021-02-12 22:00:00,45,91,0.13933333333333334,0.0,0.0,1.0238333333333334,optimal
2021-02-12 22:30:00,45,91,0.0,0.0,0.0,2.2470666666666665,optimal
2021-02-12 23:00:00,45,91,0.0,0.0,0.0,0.9790666666666669,optimal
2021-02-12 23:30:00,45,91,0.0,0.0,0.0,0.2525,optimal
2021-02-13 00:00:00,45,91,0.0,0.0,0.0,0.16793333333333332,optimal
2021-02-13 00:30:00,45,91,0.6966666666666668,0.0,0.0,0.044,optimal
2021-02-13 01:00:00,45,91,0.0,0.0,0.0,0.0778,optimal
2021-02-13 01:30:00,45,91,0.0,0.0,0.0,0.13413333333333333,optimal
2021-02-13 02:00:00,45,91,1.7775670291481183,0.0,0.0,0.044,optimal
2021-02-13 02:30:00,45,91,2.2857142857142856,0.0,0.0,0.044,optimal
2021-02-13 03:00:00,45,91,2.2857142857142856,0.0,0.0,0.055266666666666665,optimal
2021-02-13 03:30:00,45,91,2.2857142857142856,0.0,0.0,0.15666666666666665,optimal
2021-02-13 04:00:00,45,91,2.2857142857142856,0.0,0.0,0.044,optimal
2021-02-13 04:30:00,45,91,2.2857142857142856,0.0,0.0,0.1285,optimal
2021-02-13 05:00:00,45,91,2.2857142857142856,0.0,0.0,0.08343333333333333,optimal
2021-02-13 05:30:00,45,91,2.2857142857142856,0.0,0.0,0.08906666666666667,optimal
2021-02-13 06:00:00,45,91,2.2857142857142856,0.0,0.0,0.12453333333333332,optimal
2021-02-13 06:30:00,45,91,2.2857142857142856,0.0,4.7818623466151315,0.054,optimal
2021-02-13 07:00:00,45,91,2.2857142857142856,0.0,10.0,0.17493333333333333,optimal
2021-02-13 07:30:00,45,91,2.2857142857142856,0.0,0.0,0.04266666666666666,optimal
2021-02-13 08:00:00,45,91,1.2495475711463429,0.0,0.0,2.3616666666666664,optimal
2021-02-13 08:30:00,45,91,1.1988842944363372,0.0,0.0,0.3043666666666667,optimal
2021-02-13 09:00:00,45,91,1.0300351618454553,0.0,0.0,2.315733333333333,optimal
2021-02-13 09:30:00,45,91,1.0883187782954153,0.0,0.0,2.3192,optimal
2021-02-13 10:00:00,45,91,0.8589695609165934,0.0,0.0,1.8240666666666663,optimal
2021-02-13 10:30:00,45,91,0.8672910461113313,0.0,0.0,0.5888,optimal
2021-02-13 11:00:00,45,91,0.5709017719253273,0.0,0.0,0.22180000000000002,optimal
2021-02-13 11:30:00,45,91,0.57737182854865,0.0,0.0,0.18713333333333332,optimal
2021-02-13 12:00:00,45,91,0.4333761613325367,0.0,0.0,0.2552333333333333,optimal
2021-02-13 12:30:00,45,91,0.39511627457916804,0.0,0.0,0.26576666666666665,optimal
2021-02-13 13:00:00,45,91,2.2857142857142856,0.0,0.0,0.226,optimal
2021-02-13 13:30:00,45,91,2.2857142857142856,0.0,0.0,1.7917,optimal
2021-02-13 14:00:00,45,91,2.2857142857142856,0.0,0.0,0.9884333333333332,optimal
2021-02-13 14:30:00,45,91,2.2857142857142856,0.0,0.0,0.3196333333333333,optimal
2021-02-13 15:00:00,45,91,2.2857142857142856,0.0,0.0,0.09906666666666666,optimal
2021-02-13 15:30:00,45,91,2.2857142857142856,0.0,0.0,0.13286666666666666,optimal
2021-02-13 16:00:00,45,91,0.0,0.0,0.0,0.054,optimal
2021-02-13 16:30:00,45,91,0.0,0.0,0.0,0.1497666666666667,optimal
2021-02-13 17:00:00,45,91,0.0,0.0,0.0,0.741,optimal
2021-02-13 17:30:00,45,91,0.0,0.0,0.0,1.9413666666666662,optimal
2021-02-13 18:00:00,45,91,0.0,0.0,0.0,2.5014333333333334,optimal
2021-02-13 18:30:00,45,91,0.0,0.0,0.0,0.22716666666666663,optimal
2021-02-13 19:00:00,45,91,0.0,0.0,0.0,0.3049,optimal
2021-02-13 19:30:00,45,91,0.0,0.0,0.0,2.4905333333333335,optimal
2021-02-13 20:00:00,45,91,0.6127803071151753,0.0,0.0,0.43889999999999996,optimal
2021-02-13 20:30:00,45,91,0.0,0.0,0.0,1.607733333333333,optimal
2021-02-13 21:00:00,45,91,0.0,0.0,0.0,3.4816,optimal
2021-02-13 21:30:00,45,91,0.0,0.0,0.0,0.5616666666666666,optimal
2021-02-13 22:00:00,45,91,0.13933333333333334,0.0,0.0,0.33123333333333327,optimal
2021-02-13 22:30:00,45,91,0.0,0.0,0.0,2.4609,optimal
2021-02-13 23:00:00,45,91,0.0,0.0,0.0,0.11596666666666668,optimal
2021-02-13 23:30:00,45,91,0.0,0.0,0.0,0.10893333333333334,optimal
2021-02-07 00:00:00,46,91,0.0,0.0,0.0,0.07566666666666667,optimal
2021-02-07 00:30:00,46,91,0.0,0.0,0.0,0.069,optimal
2021-02-07 01:00:00,46,91,0.0,0.0,0.0,0.069,optimal
2021-02-07 01:30:00,46,91,0.0,0.0,0.0,0.069,optimal
2021-02-07 02:00:00,46,91,0.0,0.0,0.0,0.069,optimal
2021-02-07 02:30:00,46,91,0.0,0.0,0.0,0.069,optimal
2021-02-07 03:00:00,46,91,0.0,0.0,0.0,0.069,optimal
2021-02-07 03:30:00,46,91,0.0,0.0,0.0,0.069,optimal
2021-02-07 04:00:00,46,91,2.2857142857142856,0.0,0.0,0.069,optimal
2021-02-07 04:30:00,46,91,2.2857142857142856,0.0,0.0,0.069,optimal
2021-02-07 05:00:00,46,91,2.2857142857142856,0.0,0.0,0.069,optimal
2021-02-07 05:30:00,46,91,2.2857142857142856,0.0,0.0,0.069,optimal
2021-02-07 06:00:00,46,91,2.2857142857142856,0.0,0.0,0.072,optimal
2021-02-07 06:30:00,46,91,2.2857142857142856,0.0,0.0,0.079,optimal
2021-02-07 07:00:00,46,91,2.2857142857142856,0.0,1.7076336144509696,0.07533333333333334,optimal
2021-02-07 07:30:00,46,91,0.0,0.0,0.0,0.067,optimal
2021-02-07 08:00:00,46,91,0.0,0.0,0.0,0.06833333333333333,optimal
2021-02-07 08:30:00,46,91,0.0,0.0,0.0,0.07766666666666668,optimal
2021-02-07 09:00:00,46,91,0.4996337706483232,0.0,0.0,0.076,optimal
2021-02-07 09:30:00,46,91,1.1648852680940622,0.0,0.0,0.069,optimal
2021-02-07 10:00:00,46,91,1.0554626324837566,0.0,0.0,0.069,optimal
2021-02-07 10:30:00,46,91,1.0623320430466343,0.0,0.0,0.069,optimal
2021-02-07 11:00:00,46,91,0.9269544944839401,0.0,0.0,0.07666666666666667,optimal
2021-02-07 11:30:00,46,91,0.9269544944839401,0.0,0.0,0.07166666666666667,optimal
2021-02-07 12:00:00,46,91,0.8293340323389317,0.0,0.0,0.069,optimal
2021-02-07 12:30:00,46,91,0.8293340323389317,0.0,0.0,0.069,optimal
2021-02-07 13:00:00,46,91,2.2857142857142856,0.0,0.0,0.072,optimal
2021-02-07 13:30:00,46,91,2.2857142857142856,0.0,0.0,0.079,optimal
2021-02-07 14:00:00,46,91,2.2857142857142856,0.0,0.0,0.076,optimal
2021-02-07 14:30:00,46,91,2.2857142857142856,0.0,0.0,0.069,optimal
2021-02-07 15:00:00,46,91,2.2857142857142856,0.0,0.0,0.069,optimal
2021-02-07 15:30:00,46,91,2.2857142857142856,0.0,0.0,0.072,optimal
2021-02-07 16:00:00,46,91,0.0,0.0,0.0,0.079,optimal
2021-02-07 16:30:00,46,91,0.0,0.0,0.0,0.079,optimal
2021-02-07 17:00:00,46,91,0.0,0.0,0.0,0.079,optimal
2021-02-07 17:30:00,46,91,0.0,0.0,0.0,0.079,optimal
2021-02-07 18:00:00,46,91,0.0,0.0,0.0,0.17833333333333334,optimal
2021-02-07 18:30:00,46,91,0.0,0.0,0.0,0.2527333333333333,optimal
2021-02-07 19:00:00,46,91,0.0,0.0,0.0,0.362,optimal
2021-02-07 19:30:00,46,91,0.6812324534433819,0.0,0.0,0.3476,optimal
2021-02-07 20:00:00,46,91,1.027987847292454,0.0,0.0,0.3487,optimal
2021-02-07 20:30:00,46,91,0.0,0.0,0.0,0.4084666666666666,optimal
2021-02-07 21:00:00,46,91,0.0,0.0,0.0,0.3497333333333333,optimal
2021-02-07 21:30:00,46,91,0.0,0.0,0.0,0.31660000000000005,optimal
2021-02-07 22:00:00,46,91,0.0,0.0,0.0,0.35186666666666666,optimal
2021-02-07 22:30:00,46,91,0.0,0.0,0.0,0.3697,optimal
2021-02-07 23:00:00,46,91,0.0,0.0,0.0,0.079,optimal
2021-02-07 23:30:00,46,91,0.0,0.0,0.0,0.07833333333333332,optimal
2021-02-08 00:00:00,46,91,0.0,0.0,0.0,0.061,optimal
2021-02-08 00:30:00,46,91,0.0,0.0,0.0,0.061,optimal
2021-02-08 01:00:00,46,91,0.0,0.0,0.0,0.12279999999999999,optimal
2021-02-08 01:30:00,46,91,0.0,0.0,0.0,0.061,optimal
2021-02-08 02:00:00,46,91,0.0,0.0,0.0,0.061,optimal
2021-02-08 02:30:00,46,91,1.7867944999301286,0.0,0.0,0.12279999999999999,optimal
2021-02-08 03:00:00,46,91,2.2857142857142856,0.0,0.0,0.061,optimal
2021-02-08 03:30:00,46,91,2.2857142857142856,0.0,0.0,0.12279999999999999,optimal
2021-02-08 04:00:00,46,91,2.2857142857142856,0.0,0.0,0.061,optimal
2021-02-08 04:30:00,46,91,2.2857142857142856,0.0,0.0,0.12279999999999999,optimal
2021-02-08 05:00:00,46,91,2.2857142857142856,0.0,0.0,0.061,optimal
2021-02-08 05:30:00,46,91,2.2857142857142856,0.0,0.0,0.061,optimal
2021-02-08 06:00:00,46,91,2.2857142857142856,0.0,0.0,0.13113333333333332,optimal
2021-02-08 06:30:00,46,91,2.2857142857142856,0.0,3.3158115201960254,0.067,optimal
2021-02-08 07:00:00,46,91,2.2857142857142856,0.0,10.0,2.041666666666667,optimal
2021-02-08 07:30:00,46,91,2.2857142857142856,0.0,0.0,1.2253,optimal
2021-02-08 08:00:00,46,91,1.1238995767732547,0.0,0.0,0.069,optimal
2021-02-08 08:30:00,46,91,1.3059213682885191,0.0,0.0,0.07629999999999999,optimal
2021-02-08 09:00:00,46,91,1.1615615472156873,0.0,0.0,0.1215,optimal
2021-02-08 09:30:00,46,91,1.165971717085637,0.0,0.0,0.061,optimal
2021-02-08 10:00:00,46,91,0.9353242723997508,0.0,0.0,0.061,optimal
2021-02-08 10:30:00,46,91,0.9338569596726363,0.0,0.0,0.1022,optimal
2021-02-08 11:00:00,46,91,0.6906552761031004,0.0,0.0,0.08159999999999999,optimal
2021-02-08 11:30:00,46,91,0.6720144369687913,0.0,0.0,0.12279999999999999,optimal
2021-02-08 12:00:00,46,91,0.5848690244381373,0.0,0.0,0.060333333333333336,optimal
2021-02-08 12:30:00,46,91,0.5705206795028667,0.0,0.0,0.12279999999999999,optimal
2021-02-08 13:00:00,46,91,2.2857142857142856,0.0,0.0,0.061,optimal
2021-02-08 13:30:00,46,91,2.2857142857142856,0.0,0.0,0.06443333333333334,optimal
2021-02-08 14:00:00,46,91,2.2857142857142856,0.0,0.0,0.11936666666666666,optimal
2021-02-08 14:30:00,46,91,2.2857142857142856,0.0,0.0,0.08993333333333334,optimal
2021-02-08 15:00:00,46,91,2.2857142857142856,0.0,0.0,0.11220000000000001,optimal
2021-02-08 15:30:00,46,91,2.2857142857142856,0.0,0.0,0.08473333333333334,optimal
2021-02-08 16:00:00,46,91,0.0,0.0,0.0,0.1114,optimal
2021-02-08 16:30:00,46,91,0.0,0.0,0.0,0.061,optimal
2021-02-08 17:00:00,46,91,0.0,0.0,0.0,0.06833333333333333,optimal
2021-02-08 17:30:00,46,91,0.0,0.0,0.0,0.2864333333333333,optimal
2021-02-08 18:00:00,46,91,0.0,0.0,0.0,0.2329,optimal
2021-02-08 18:30:00,46,91,0.0,0.0,0.0,0.213,optimal
2021-02-08 19:00:00,46,91,0.0,0.0,0.0,2.391266666666667,optimal
2021-02-08 19:30:00,46,91,0.0,0.0,0.0,0.5907333333333333,optimal
2021-02-08 20:00:00,46,91,0.31998651615284107,0.0,0.0,1.4125666666666665,optimal
2021-02-08 20:30:00,46,91,0.0,0.0,0.0,0.8568666666666667,optimal
2021-02-08 21:00:00,46,91,0.0,0.0,0.0,0.42033333333333334,optimal
2021-02-08 21:30:00,46,91,0.0,0.0,0.0,4.170533333333334,optimal
2021-02-08 22:00:00,46,91,0.0,0.0,0.0,2.520266666666667,optimal
2021-02-08 22:30:00,46,91,0.0,0.0,0.0,2.1144000000000003,optimal
2021-02-08 23:00:00,46,91,0.0,0.0,0.0,1.0743666666666665,optimal
2021-02-08 23:30:00,46,91,0.0,0.0,0.0,0.2206,optimal
2021-02-09 00:00:00,46,91,0.0,0.0,0.0,0.067,optimal
2021-02-09 00:30:00,46,91,0.0,0.0,0.0,0.17973333333333333,optimal
2021-02-09 01:00:00,46,91,0.0,0.0,0.0,0.12440000000000001,optimal
2021-02-09 01:30:00,46,91,0.0,0.0,0.0,0.252,optimal
2021-02-09 02:00:00,46,91,0.0,0.0,0.0,0.09073333333333332,optimal
2021-02-09 02:30:00,46,91,1.5451038146938878,0.0,0.0,0.17636666666666667,optimal
2021-02-09 03:00:00,46,91,2.2857142857142856,0.0,0.0,0.2178333333333333,optimal
2021-02-09 03:30:00,46,91,2.2857142857142856,0.0,0.0,0.07343333333333334,optimal
2021-02-09 04:00:00,46,91,2.2857142857142856,0.0,0.0,0.2021,optimal
2021-02-09 04:30:00,46,91,2.2857142857142856,0.0,0.0,0.13226666666666667,optimal
2021-02-09 05:00:00,46,91,2.2857142857142856,0.0,0.0,0.2555,optimal
2021-02-09 05:30:00,46,91,2.2857142857142856,0.0,0.0,0.07476666666666666,optimal
2021-02-09 06:00:00,46,91,2.2857142857142856,0.0,0.0,0.077,optimal
2021-02-09 06:30:00,46,91,2.2857142857142856,0.0,0.7636377512014741,0.3372,optimal
2021-02-09 07:00:00,46,91,2.2857142857142856,0.0,10.0,0.07566666666666667,optimal
2021-02-09 07:30:00,46,91,2.2857142857142856,0.0,0.0,0.5905,optimal
2021-02-09 08:00:00,46,91,1.1353099861248737,0.0,0.0,1.8733666666666664,optimal
2021-02-09 08:30:00,46,91,1.3523725369472328,0.0,0.0,0.06833333333333333,optimal
2021-02-09 09:00:00,46,91,1.1970323059160508,0.0,0.0,0.077,optimal
2021-02-09 09:30:00,46,91,1.1149478837512348,0.0,0.0,0.2921666666666667,optimal
2021-02-09 10:00:00,46,91,0.8947142864176865,0.0,0.0,0.12203333333333331,optimal
2021-02-09 10:30:00,46,91,0.8819312362009453,0.0,0.0,0.10666666666666669,optimal
2021-02-09 11:00:00,46,91,0.5777053757546639,0.0,0.0,0.30110000000000003,optimal
2021-02-09 11:30:00,46,91,0.6192230514255901,0.0,0.0,0.08476666666666667,optimal
2021-02-09 12:00:00,46,91,0.325064913637205,0.0,0.0,0.43639999999999995,optimal
2021-02-09 12:30:00,46,91,0.42699485701388573,0.0,0.0,0.19069999999999998,optimal
2021-02-09 13:00:00,46,91,0.9102480441039733,0.0,0.0,0.20433333333333328,optimal
2021-02-09 13:30:00,46,91,0.3291017970044677,0.0,0.0,0.22669999999999998,optimal
2021-02-09 14:00:00,46,91,0.7407726638494477,0.0,0.0,0.1537666666666667,optimal
2021-02-09 14:30:00,46,91,2.2857142857142856,0.0,0.0,0.3561666666666667,optimal
2021-02-09 15:00:00,46,91,2.2857142857142856,0.0,0.0,1.9095333333333333,optimal
2021-02-09 15:30:00,46,91,2.2857142857142856,0.0,0.0,1.188233333333333,optimal
2021-02-09 16:00:00,46,91,0.0,0.0,0.0,3.1058000000000003,optimal
2021-02-09 16:30:00,46,91,0.0,0.0,0.0,3.3418666666666668,optimal
2021-02-09 17:00:00,46,91,0.0,0.0,0.0,3.419633333333333,optimal
2021-02-09 17:30:00,46,91,0.0,0.0,0.0,2.2531333333333334,optimal
2021-02-09 18:00:00,46,91,0.0,0.0,0.0,2.4421999999999997,optimal
2021-02-09 18:30:00,46,91,0.0,0.0,0.0,2.6686,optimal
2021-02-09 19:00:00,46,91,0.0,0.0,0.0,0.554,optimal
2021-02-09 19:30:00,46,91,0.0,0.0,0.0,2.1375666666666664,optimal
2021-02-09 20:00:00,46,91,0.0,0.0,0.0,1.4591333333333334,optimal
2021-02-09 20:30:00,46,91,0.0,0.0,0.0,2.1761,optimal
2021-02-09 21:00:00,46,91,0.0,0.0,0.0,0.8021666666666666,optimal
2021-02-09 21:30:00,46,91,0.0,0.0,0.0,0.8414333333333333,optimal
2021-02-09 22:00:00,46,91,0.17914285714285713,0.0,0.0,0.4530666666666667,optimal
2021-02-09 22:30:00,46,91,0.0,0.0,0.0,2.045233333333333,optimal
2021-02-09 23:00:00,46,91,0.0,0.0,0.0,0.13633333333333333,optimal
2021-02-09 23:30:00,46,91,0.0,0.0,0.0,2.9641666666666664,optimal
2021-02-10 00:00:00,46,91,0.0,0.0,0.0,0.1145,optimal
2021-02-10 00:30:00,46,91,0.9753333333333333,0.0,0.0,0.0709,optimal
2021-02-10 01:00:00,46,91,0.0,0.0,0.0,0.1254,optimal
2021-02-10 01:30:00,46,91,0.0,0.0,0.0,0.06,optimal
2021-02-10 02:00:00,46,91,0.8219075051521103,0.0,0.0,0.06,optimal
2021-02-10 02:30:00,46,91,2.2857142857142856,0.0,0.0,0.07453333333333333,optimal
2021-02-10 03:00:00,46,91,2.2857142857142856,0.0,0.0,0.11086666666666666,optimal
2021-02-10 03:30:00,46,91,2.2857142857142856,0.0,0.0,0.06,optimal
2021-02-10 04:00:00,46,91,2.2857142857142856,0.0,0.0,0.06,optimal
2021-02-10 04:30:00,46,91,2.2857142857142856,0.0,0.0,0.0709,optimal
2021-02-10 05:00:00,46,91,2.2857142857142856,0.0,0.0,0.11316666666666668,optimal
2021-02-10 05:30:00,46,91,2.2857142857142856,0.0,0.0,0.0927,optimal
2021-02-10 06:00:00,46,91,2.2857142857142856,0.0,0.0,0.0927,optimal
2021-02-10 06:30:00,46,91,2.2857142857142856,0.0,0.0,0.07096666666666666,optimal
2021-02-10 07:00:00,46,91,2.2857142857142856,0.0,0.0,0.12243333333333334,optimal
2021-02-10 07:30:00,46,91,2.2857142857142856,0.0,0.0,0.058,optimal
2021-02-10 08:00:00,46,91,1.2640127580293896,0.0,0.0,0.12736666666666666,optimal
2021-02-10 08:30:00,46,91,1.1668644130941113,0.0,0.0,0.32193333333333335,optimal
2021-02-10 09:00:00,46,91,0.9805164451756881,0.0,0.0,0.3061333333333333,optimal
2021-02-10 09:30:00,46,91,0.967739528811838,0.0,0.0,0.2571333333333333,optimal
2021-02-10 10:00:00,46,91,0.7490771807823512,0.0,0.0,0.1882666666666667,optimal
2021-02-10 10:30:00,46,91,0.6823349696999447,0.0,0.0,0.26263333333333333,optimal
2021-02-10 11:00:00,46,91,0.5138823765387156,0.0,0.0,0.2552,optimal
2021-02-10 11:30:00,46,91,0.3766510612139351,0.0,0.0,1.7178333333333333,optimal
2021-02-10 12:00:00,46,91,0.2114506367411403,0.0,0.0,0.3948,optimal
2021-02-10 12:30:00,46,91,0.26871920816971756,0.0,0.0,0.33513333333333334,optimal
2021-02-10 13:00:00,46,91,2.2857142857142856,0.0,0.0,0.34,optimal
2021-02-10 13:30:00,46,91,2.2857142857142856,0.0,0.0,0.2292,optimal
2021-02-10 14:00:00,46,91,2.2857142857142856,0.0,0.0,0.13553333333333334,optimal
2021-02-10 14:30:00,46,91,2.2857142857142856,0.0,0.0,0.297,optimal
2021-02-10 15:00:00,46,91,2.2857142857142856,0.0,0.0,0.21769999999999998,optimal
2021-02-10 15:30:00,46,91,2.2857142857142856,0.0,8.940219894639325,0.19793333333333332,optimal
2021-02-10 16:00:00,46,91,0.0,0.0,0.0,0.16446666666666668,optimal
2021-02-10 16:30:00,46,91,0.0,0.0,0.0,0.2884,optimal
2021-02-10 17:00:00,46,91,0.0,0.0,0.0,0.3589333333333333,optimal
2021-02-10 17:30:00,46,91,0.0,0.0,0.0,0.4516,optimal
2021-02-10 18:00:00,46,91,0.0,0.0,0.0,0.1354,optimal
2021-02-10 18:30:00,46,91,0.0,0.0,0.0,0.07,optimal
2021-02-10 19:00:00,46,91,0.0,0.0,0.0,0.07,optimal
2021-02-10 19:30:00,46,91,0.0,0.0,0.0,0.12969999999999998,optimal
2021-02-10 20:00:00,46,91,0.6094093990157632,0.0,0.0,1.7737,optimal
2021-02-10 20:30:00,46,91,0.0,0.0,0.0,0.29236666666666666,optimal
2021-02-10 21:00:00,46,91,0.0,0.0,0.0,1.0843,optimal
2021-02-10 21:30:00,46,91,0.0,0.0,0.0,2.7756333333333334,optimal
2021-02-10 22:00:00,46,91,0.11942857142857143,0.0,0.0,1.9941,optimal
2021-02-10 22:30:00,46,91,0.0,0.0,0.0,0.5057333333333334,optimal
2021-02-10 23:00:00,46,91,0.0,0.0,0.0,0.482,optimal
2021-02-10 23:30:00,46,91,0.0,0.0,0.0,0.19393333333333332,optimal
2021-02-11 00:00:00,46,91,0.0,0.0,0.0,0.11566666666666668,optimal
2021-02-11 00:30:00,46,91,1.1345714285714286,0.0,0.0,0.12966666666666665,optimal
2021-02-11 01:00:00,46,91,0.29330811488913416,0.0,0.0,0.139,optimal
2021-02-11 01:30:00,46,91,2.2857142857142856,0.0,0.0,0.2107333333333333,optimal
2021-02-11 02:00:00,46,91,2.2857142857142856,0.0,0.0,0.1248,optimal
2021-02-11 02:30:00,46,91,2.2857142857142856,0.0,0.0,0.25889999999999996,optimal
2021-02-11 03:00:00,46,91,2.2857142857142856,0.0,0.0,0.10003333333333332,optimal
2021-02-11 03:30:00,46,91,2.2857142857142856,0.0,0.0,0.17176666666666668,optimal
2021-02-11 04:00:00,46,91,2.2857142857142856,0.0,0.0,0.2029,optimal
2021-02-11 04:30:00,46,91,2.2857142857142856,0.0,0.0,0.1248,optimal
2021-02-11 05:00:00,46,91,2.2857142857142856,0.0,0.0,0.14173333333333332,optimal
2021-02-11 05:30:00,46,91,2.2857142857142856,0.0,0.0,0.16346666666666668,optimal
2021-02-11 06:00:00,46,91,2.2857142857142856,0.0,2.615982960184026,0.162,optimal
2021-02-11 06:30:00,46,91,2.2857142857142856,0.0,10.0,0.208,optimal
2021-02-11 07:00:00,46,91,2.2857142857142856,0.0,10.0,0.43473333333333336,optimal
2021-02-11 07:30:00,46,91,2.2857142857142856,0.0,0.0,1.3818,optimal
2021-02-11 08:00:00,46,91,1.3572022894161389,0.0,0.0,0.19453333333333334,optimal
2021-02-11 08:30:00,46,91,1.3513045004985655,0.0,0.0,0.22376666666666667,optimal
2021-02-11 09:00:00,46,91,0.9777180173795852,0.0,0.0,1.3831333333333335,optimal
2021-02-11 09:30:00,46,91,1.0671727430920976,0.0,0.0,0.49860000000000004,optimal
2021-02-11 10:00:00,46,91,0.721610778253635,0.0,0.0,0.12919999999999998,optimal
2021-02-11 10:30:00,46,91,0.5174367654404428,0.0,0.0,1.3097,optimal
2021-02-11 11:00:00,46,91,0.4407204610096501,0.0,0.0,0.6073,optimal
2021-02-11 11:30:00,46,91,0.4892475008356897,0.0,0.0,0.16546666666666668,optimal
2021-02-11 12:00:00,46,91,0.12971822741270414,0.0,0.0,1.0948,optimal
2021-02-11 12:30:00,46,91,0.16735467780161567,0.0,0.0,1.1616,optimal
2021-02-11 13:00:00,46,91,2.2857142857142856,0.0,0.0,0.5210333333333333,optimal
2021-02-11 13:30:00,46,91,2.2857142857142856,0.0,0.0,0.2864333333333333,optimal
2021-02-11 14:00:00,46,91,2.2857142857142856,0.0,0.0,0.13183333333333333,optimal
2021-02-11 14:30:00,46,91,2.2857142857142856,0.0,0.0,0.1348,optimal
2021-02-11 15:00:00,46,91,2.2857142857142856,0.0,0.0,0.15173333333333333,optimal
2021-02-11 15:30:00,46,91,2.2857142857142856,0.0,0.0,0.20753333333333332,optimal
2021-02-11 16:00:00,46,91,0.0,0.0,0.0,0.1896,optimal
2021-02-11 16:30:00,46,91,0.0,0.0,0.0,0.08906666666666667,optimal
2021-02-11 17:00:00,46,91,0.0,0.0,0.0,0.2429333333333333,optimal
2021-02-11 17:30:00,46,91,0.0,0.0,0.0,0.17926666666666669,optimal
2021-02-11 18:00:00,46,91,0.0,0.0,0.0,0.064,optimal
2021-02-11 18:30:00,46,91,0.0,0.0,0.0,0.1565,optimal
2021-02-11 19:00:00,46,91,0.0,0.0,0.0,0.22243333333333332,optimal
2021-02-11 19:30:00,46,91,1.1262040070405015,0.0,0.0,0.17306666666666667,optimal
2021-02-11 20:00:00,46,91,1.6350754774313647,0.0,0.0,0.2736,optimal
2021-02-11 20:30:00,46,91,0.0,0.0,0.0,0.2508,optimal
2021-02-11 21:00:00,46,91,0.0,0.0,0.0,0.29386666666666666,optimal
2021-02-11 21:30:00,46,91,0.0,0.0,0.0,0.291,optimal
2021-02-11 22:00:00,46,91,0.0,0.0,0.0,0.1348,optimal
2021-02-11 22:30:00,46,91,0.0,0.0,0.0,0.23726666666666668,optimal
2021-02-11 23:00:00,46,91,0.0,0.0,0.0,0.15346666666666667,optimal
2021-02-11 23:30:00,46,91,0.0,0.0,0.0,0.16513333333333333,optimal
2021-02-12 00:00:00,46,91,0.7169872716346827,0.0,0.0,0.06733333333333333,optimal
2021-02-12 00:30:00,46,91,2.2857142857142856,0.0,0.0,0.08566666666666667,optimal
2021-02-12 01:00:00,46,91,2.2857142857142856,0.0,0.0,0.11873333333333332,optimal
2021-02-12 01:30:00,46,91,2.2857142857142856,0.0,0.0,0.065,optimal
2021-02-12 02:00:00,46,91,2.2857142857142856,0.0,0.0,0.12286666666666667,optimal
2021-02-12 02:30:00,46,91,2.2857142857142856,0.0,0.0,0.08153333333333333,optimal
2021-02-12 03:00:00,46,91,2.2857142857142856,0.0,0.0,0.065,optimal
2021-02-12 03:30:00,46,91,2.2857142857142856,0.0,0.0,0.1394,optimal
2021-02-12 04:00:00,46,91,2.2857142857142856,0.0,0.0,0.07479999999999999,optimal
2021-02-12 04:30:00,46,91,2.2857142857142856,0.0,0.0,0.14526666666666668,optimal
2021-02-12 05:00:00,46,91,2.2857142857142856,0.0,0.0,0.08326666666666667,optimal
2021-02-12 05:30:00,46,91,2.2857142857142856,0.0,0.0,0.14113333333333333,optimal
2021-02-12 06:00:00,46,91,2.2857142857142856,0.0,0.0,0.075,optimal
2021-02-12 06:30:00,46,91,2.2857142857142856,0.0,4.160227345891904,0.31906666666666667,optimal
2021-02-12 07:00:00,46,91,2.2857142857142856,0.0,10.0,0.073,optimal
2021-02-12 07:30:00,46,91,2.2857142857142856,0.0,0.0,0.31839999999999996,optimal
2021-02-12 08:00:00,46,91,2.2857142857142856,0.0,0.0,0.073,optimal
2021-02-12 08:30:00,46,91,1.6037997296575959,0.0,0.0,0.10193333333333333,optimal
2021-02-12 09:00:00,46,91,1.2832637304518735,0.0,0.0,0.11846666666666668,optimal
2021-02-12 09:30:00,46,91,0.9920033647351975,0.0,0.0,1.1206666666666667,optimal
2021-02-12 10:00:00,46,91,0.5843538426721601,0.0,0.0,1.0528333333333333,optimal
2021-02-12 10:30:00,46,91,0.3528666766111204,0.0,0.0,1.7688666666666666,optimal
2021-02-12 11:00:00,46,91,0.4388168511842588,0.0,0.0,0.1452,optimal
2021-02-12 11:30:00,46,91,0.45333452685521586,0.0,0.0,0.08116666666666666,optimal
2021-02-12 12:00:00,46,91,0.33779920856500306,0.0,0.0,0.11433333333333331,optimal
2021-02-12 12:30:00,46,91,0.32134545566452094,0.0,0.0,0.2814,optimal
2021-02-12 13:00:00,46,91,2.2857142857142856,0.0,0.0,0.42773333333333335,optimal
2021-02-12 13:30:00,46,91,2.2857142857142856,0.0,0.0,0.11633333333333332,optimal
2021-02-12 14:00:00,46,91,2.2857142857142856,0.0,0.0,0.075,optimal
2021-02-12 14:30:00,46,91,2.2857142857142856,0.0,0.0,0.0998,optimal
2021-02-12 15:00:00,46,91,2.2857142857142856,0.0,0.0,0.12459999999999999,optimal
2021-02-12 15:30:00,46,91,2.2857142857142856,0.0,0.0,0.12459999999999999,optimal
2021-02-12 16:00:00,46,91,0.0,0.0,0.0,0.0998,optimal
2021-02-12 16:30:00,46,91,0.0,0.0,0.0,0.075,optimal
2021-02-12 17:00:00,46,91,0.0,0.0,0.0,0.1494,optimal
2021-02-12 17:30:00,46,91,0.0,0.0,0.0,0.3141666666666667,optimal
2021-02-12 18:00:00,46,91,0.0,0.0,0.0,0.5589666666666667,optimal
2021-02-12 18:30:00,46,91,0.0,0.0,0.0,0.474,optimal
2021-02-12 19:00:00,46,91,0.0,0.0,0.0,1.892,optimal
2021-02-12 19:30:00,46,91,0.0,0.0,0.0,0.5169333333333332,optimal
2021-02-12 20:00:00,46,91,0.8072142683299817,0.0,0.0,0.693,optimal
2021-02-12 20:30:00,46,91,0.0,0.0,0.0,0.6180333333333333,optimal
2021-02-12 21:00:00,46,91,0.0,0.0,0.0,0.5075,optimal
2021-02-12 21:30:00,46,91,0.0,0.0,0.0,0.39566666666666667,optimal
2021-02-12 22:00:00,46,91,0.0,0.0,0.0,0.4478333333333333,optimal
2021-02-12 22:30:00,46,91,0.0,0.0,0.0,0.3338,optimal
2021-02-12 23:00:00,46,91,0.0398095238095238,0.0,0.0,0.24013333333333334,optimal
2021-02-12 23:30:00,46,91,0.0,0.0,0.0,0.1935,optimal
2021-02-13 00:00:00,46,91,0.0,0.0,0.0,0.1827333333333333,optimal
2021-02-13 00:30:00,46,91,2.0122139021776793,0.0,0.0,0.15133333333333335,optimal
2021-02-13 01:00:00,46,91,0.0,0.0,0.0,0.05,optimal
2021-02-13 01:30:00,46,91,0.0,0.0,0.0,0.1827333333333333,optimal
2021-02-13 02:00:00,46,91,0.8378179575541441,0.0,0.0,0.15133333333333335,optimal
2021-02-13 02:30:00,46,91,2.2857142857142856,0.0,0.0,0.11033333333333331,optimal
2021-02-13 03:00:00,46,91,2.2857142857142856,0.0,0.0,0.12240000000000001,optimal
2021-02-13 03:30:00,46,91,2.2857142857142856,0.0,0.0,0.05,optimal
2021-02-13 04:00:00,46,91,2.2857142857142856,0.0,0.0,0.1827333333333333,optimal
2021-02-13 04:30:00,46,91,2.2857142857142856,0.0,0.0,0.15133333333333335,optimal
2021-02-13 05:00:00,46,91,2.2857142857142856,0.0,0.0,0.17153333333333334,optimal
2021-02-13 05:30:00,46,91,2.2857142857142856,0.0,0.0,0.18973333333333328,optimal
2021-02-13 06:00:00,46,91,2.2857142857142856,0.0,8.226429291336906,0.15633333333333335,optimal
2021-02-13 06:30:00,46,91,2.2857142857142856,0.0,10.0,0.8770666666666668,optimal
2021-02-13 07:00:00,46,91,2.2857142857142856,0.0,10.0,1.0835666666666666,optimal
2021-02-13 07:30:00,46,91,2.2857142857142856,0.0,0.0,0.243,optimal
2021-02-13 08:00:00,46,91,1.0872485235273102,0.0,0.0,1.6533333333333333,optimal
2021-02-13 08:30:00,46,91,1.2469985801506287,0.0,0.0,0.2536333333333333,optimal
2021-02-13 09:00:00,46,91,0.9769780189883144,0.0,0.0,0.5390333333333333,optimal
2021-02-13 09:30:00,46,91,1.0336997306763736,0.0,0.0,0.22440000000000002,optimal
2021-02-13 10:00:00,46,91,0.7235714656785018,0.0,0.0,0.22713333333333333,optimal
2021-02-13 10:30:00,46,91,0.635317712778001,0.0,0.0,0.3728333333333333,optimal
2021-02-13 11:00:00,46,91,0.3448065338300741,0.0,0.0,0.10529999999999999,optimal
2021-02-13 11:30:00,46,91,0.32646706664388275,0.0,0.0,0.2501333333333333,optimal
2021-02-13 12:00:00,46,91,0.2233761613325295,0.0,0.0,0.3584,optimal
2021-02-13 12:30:00,46,91,0.41913532219822336,0.0,0.0,0.09486666666666665,optimal
2021-02-13 13:00:00,46,91,2.285714285714285,0.0,0.0,0.15653333333333333,optimal
2021-02-13 13:30:00,46,91,2.2857142857142856,0.0,0.0,0.16133333333333336,optimal
2021-02-13 14:00:00,46,91,2.2857142857142856,0.0,0.0,0.16256666666666666,optimal
2021-02-13 14:30:00,46,91,2.2857142857142856,0.0,0.0,0.09016666666666669,optimal
2021-02-13 15:00:00,46,91,2.2857142857142856,0.0,0.0,0.16133333333333336,optimal
2021-02-13 15:30:00,46,91,2.2857142857142856,0.0,0.0,0.06,optimal
2021-02-13 16:00:00,46,91,0.0,0.0,0.0,0.1056,optimal
2021-02-13 16:30:00,46,91,0.0,0.0,0.0,0.24846666666666667,optimal
2021-02-13 17:00:00,46,91,0.0,0.0,0.0,0.06,optimal
2021-02-13 17:30:00,46,91,0.0,0.0,0.0,0.35660000000000003,optimal
2021-02-13 18:00:00,46,91,0.0,0.0,0.0,0.17866666666666667,optimal
2021-02-13 18:30:00,46,91,0.0,0.0,0.0,0.1714,optimal
2021-02-13 19:00:00,46,91,0.0,0.0,0.0,0.058,optimal
2021-02-13 19:30:00,46,91,1.1200835643509905,0.0,0.0,0.3503,optimal
2021-02-13 20:00:00,46,91,1.09064821300911,0.0,0.0,0.28603333333333336,optimal
2021-02-13 20:30:00,46,91,0.11942857142857143,0.0,0.0,0.14780000000000001,optimal
2021-02-13 21:00:00,46,91,0.0,0.0,0.0,0.2971333333333333,optimal
2021-02-13 21:30:00,46,91,0.0,0.0,0.0,0.41706666666666664,optimal
2021-02-13 22:00:00,46,91,1.4132380952380952,0.0,0.0,0.21246666666666666,optimal
2021-02-13 22:30:00,46,91,0.0,0.0,0.0,0.3377333333333333,optimal
2021-02-13 23:00:00,46,91,0.0,0.0,0.0,0.06,optimal
2021-02-13 23:30:00,46,91,0.0,0.0,0.0,0.2117333333333333,optimal
2021-02-07 00:00:00,47,91,0.0,0.0,0.0,0.18359999999999999,optimal
2021-02-07 00:30:00,47,91,0.0,0.0,0.0,0.056,optimal
2021-02-07 01:00:00,47,91,0.0,0.0,0.0,0.0676,optimal
2021-02-07 01:30:00,47,91,0.0,0.0,0.0,0.172,optimal
2021-02-07 02:00:00,47,91,0.0,0.0,0.0,0.056,optimal
2021-02-07 02:30:00,47,91,0.0,0.0,0.0,0.1024,optimal
2021-02-07 03:00:00,47,91,0.0,0.0,0.0,0.1372,optimal
2021-02-07 03:30:00,47,91,0.0,0.0,0.0,0.056,optimal
2021-02-07 04:00:00,47,91,2.2857142857142856,0.0,0.0,0.18359999999999999,optimal
2021-02-07 04:30:00,47,91,2.2857142857142856,0.0,0.0,0.056,optimal
2021-02-07 05:00:00,47,91,2.2857142857142856,0.0,0.0,0.056,optimal
2021-02-07 05:30:00,47,91,2.2857142857142856,0.0,0.0,0.16040000000000001,optimal
2021-02-07 06:00:00,47,91,2.2857142857142856,0.0,0.0,0.0792,optimal
2021-02-07 06:30:00,47,91,2.2857142857142856,0.0,0.0,0.11933333333333332,optimal
2021-02-07 07:00:00,47,91,2.2857142857142856,0.0,1.8089900112525021,0.14386666666666667,optimal
2021-02-07 07:30:00,47,91,0.0,0.0,0.0,0.16086666666666669,optimal
2021-02-07 08:00:00,47,91,0.0,0.0,0.0,0.2085,optimal
2021-02-07 08:30:00,47,91,0.0,0.0,0.0,0.09409999999999999,optimal
2021-02-07 09:00:00,47,91,0.0,0.0,0.0,0.07883333333333332,optimal
2021-02-07 09:30:00,47,91,0.7495612438485851,0.0,0.0,0.1936,optimal
2021-02-07 10:00:00,47,91,1.0592626324837568,0.0,0.0,0.056,optimal
2021-02-07 10:30:00,47,91,1.0595034716180591,0.0,0.0,0.0792,optimal
2021-02-07 11:00:00,47,91,0.9009259230553505,0.0,0.0,0.1607333333333333,optimal
2021-02-07 11:30:00,47,91,0.9307544944839404,0.0,0.0,0.066,optimal
2021-02-07 12:00:00,47,91,0.8331340323389321,0.0,0.0,0.05966666666666666,optimal
2021-02-07 12:30:00,47,91,0.8066197466246525,0.0,0.0,0.14880000000000002,optimal
2021-02-07 13:00:00,47,91,2.2857142857142856,0.0,0.0,0.09113333333333334,optimal
2021-02-07 13:30:00,47,91,2.2857142857142856,0.0,0.0,0.1182,optimal
2021-02-07 14:00:00,47,91,2.2857142857142856,0.0,0.0,0.14006666666666667,optimal
2021-02-07 14:30:00,47,91,2.2857142857142856,0.0,0.0,0.2437333333333333,optimal
2021-02-07 15:00:00,47,91,2.2857142857142856,0.0,0.0,0.172,optimal
2021-02-07 15:30:00,47,91,2.2857142857142856,0.0,0.0,0.06333333333333334,optimal
2021-02-07 16:00:00,47,91,0.0,0.0,0.0,0.1008,optimal
2021-02-07 16:30:00,47,91,0.0,0.0,0.0,0.15213333333333331,optimal
2021-02-07 17:00:00,47,91,0.0,0.0,0.0,0.056,optimal
2021-02-07 17:30:00,47,91,0.0,0.0,0.0,0.3,optimal
2021-02-07 18:00:00,47,91,0.0,0.0,0.0,1.1105999999999998,optimal
2021-02-07 18:30:00,47,91,0.0,0.0,0.0,0.1662,optimal
2021-02-07 19:00:00,47,91,0.0,0.0,0.0,0.07606666666666666,optimal
2021-02-07 19:30:00,47,91,0.9231360261294387,0.0,0.0,0.1124,optimal
2021-02-07 20:00:00,47,91,1.2216449901495876,0.0,0.0,0.1472,optimal
2021-02-07 20:30:00,47,91,0.0,0.0,0.0,0.057,optimal
2021-02-07 21:00:00,47,91,0.0,0.0,0.0,0.8013666666666667,optimal
2021-02-07 21:30:00,47,91,0.0,0.0,0.0,0.3512,optimal
2021-02-07 22:00:00,47,91,0.0,0.0,0.0,0.22319999999999998,optimal
2021-02-07 22:30:00,47,91,0.0,0.0,0.0,0.257,optimal
2021-02-07 23:00:00,47,91,0.0,0.0,0.0,0.12826666666666667,optimal
2021-02-07 23:30:00,47,91,0.0,0.0,0.0,0.1936,optimal
2021-02-08 00:00:00,47,91,0.0,0.0,0.0,0.059,optimal
2021-02-08 00:30:00,47,91,1.3535238095238094,0.0,0.0,0.15866666666666665,optimal
2021-02-08 01:00:00,47,91,0.0,0.0,0.0,0.16326666666666667,optimal
2021-02-08 01:30:00,47,91,0.0,0.0,0.0,0.128,optimal
2021-02-08 02:00:00,47,91,0.0,0.0,0.0,0.07126666666666667,optimal
2021-02-08 02:30:00,47,91,1.5947113148374195,0.0,0.0,0.32673333333333326,optimal
2021-02-08 03:00:00,47,91,2.2857142857142856,0.0,0.0,0.059,optimal
2021-02-08 03:30:00,47,91,2.2857142857142856,0.0,0.0,0.27126666666666666,optimal
2021-02-08 04:00:00,47,91,2.2857142857142856,0.0,0.0,0.1267333333333333,optimal
2021-02-08 04:30:00,47,91,2.2857142857142856,0.0,0.0,0.08966666666666667,optimal
2021-02-08 05:00:00,47,91,2.2857142857142856,0.0,0.0,0.3029,optimal
2021-02-08 05:30:00,47,91,2.2857142857142856,0.0,0.0,0.06443333333333334,optimal
2021-02-08 06:00:00,47,91,2.2857142857142856,0.0,3.6508898483373438,0.13413333333333333,optimal
2021-02-08 06:30:00,47,91,2.2857142857142856,0.0,10.0,0.2561333333333333,optimal
2021-02-08 07:00:00,47,91,2.2857142857142856,0.0,10.0,0.5893999999999999,optimal
2021-02-08 07:30:00,47,91,2.2857142857142856,0.0,0.0,0.18366666666666662,optimal
2021-02-08 08:00:00,47,91,1.1035281482018382,0.0,0.0,0.31139999999999995,optimal
2021-02-08 08:30:00,47,91,1.136386130193277,0.0,0.0,1.1802000000000001,optimal
2021-02-08 09:00:00,47,91,1.0168015472156884,0.0,0.0,0.9431,optimal
2021-02-08 09:30:00,47,91,1.0984383837523148,0.0,0.0,0.30746666666666667,optimal
2021-02-08 10:00:00,47,91,0.9240576057330945,0.0,0.0,0.11053333333333332,optimal
2021-02-08 10:30:00,47,91,0.9374664834821732,0.0,0.0,0.09966666666666668,optimal
2021-02-08 11:00:00,47,91,0.647636228484043,0.0,0.0,0.24226666666666669,optimal
2021-02-08 11:30:00,47,91,0.6685382464925993,0.0,0.0,0.14506666666666665,optimal
2021-02-08 12:00:00,47,91,0.5639642625333864,0.0,0.0,0.2039333333333333,optimal
2021-02-08 12:30:00,47,91,0.5887778223600088,0.0,0.0,0.069,optimal
2021-02-08 13:00:00,47,91,1.9049897549431167,0.0,0.0,2.433,optimal
2021-02-08 13:30:00,47,91,2.2857142857142856,0.0,0.0,0.6013,optimal
2021-02-08 14:00:00,47,91,2.2857142857142856,0.0,0.0,2.8505333333333334,optimal
2021-02-08 14:30:00,47,91,2.2857142857142856,0.0,0.0,2.284733333333333,optimal
2021-02-08 15:00:00,47,91,2.2857142857142856,0.0,0.0,0.6006333333333334,optimal
2021-02-08 15:30:00,47,91,2.2857142857142856,0.0,0.0,1.561233333333333,optimal
2021-02-08 16:00:00,47,91,0.0,0.0,0.0,0.9573333333333334,optimal
2021-02-08 16:30:00,47,91,0.0,0.0,0.0,1.8805,optimal
2021-02-08 17:00:00,47,91,0.0,0.0,0.0,0.6957333333333333,optimal
2021-02-08 17:30:00,47,91,0.0,0.0,0.0,0.4147666666666667,optimal
2021-02-08 18:00:00,47,91,0.0,0.0,0.0,0.5125,optimal
2021-02-08 18:30:00,47,91,0.0,0.0,0.0,0.43606666666666666,optimal
2021-02-08 19:00:00,47,91,0.0,0.0,0.0,0.31603333333333333,optimal
2021-02-08 19:30:00,47,91,0.0,0.0,0.0,0.2039333333333333,optimal
2021-02-08 20:00:00,47,91,0.0,0.0,0.0,0.069,optimal
2021-02-08 20:30:00,47,91,0.0,0.0,0.0,0.21406666666666663,optimal
2021-02-08 21:00:00,47,91,0.0,0.0,0.0,0.2039333333333333,optimal
2021-02-08 21:30:00,47,91,0.0,0.0,0.0,0.21406666666666663,optimal
2021-02-08 22:00:00,47,91,0.0,0.0,0.0,0.069,optimal
2021-02-08 22:30:00,47,91,0.0,0.0,0.0,0.2039333333333333,optimal
2021-02-08 23:00:00,47,91,0.0,0.0,0.0,0.14506666666666665,optimal
2021-02-08 23:30:00,47,91,0.0,0.0,0.0,1.7201333333333335,optimal
2021-02-09 00:00:00,47,91,0.0,0.0,0.0,0.08316666666666667,optimal
2021-02-09 00:30:00,47,91,0.23885714285714285,0.0,0.0,0.21463333333333331,optimal
2021-02-09 01:00:00,47,91,0.0,0.0,0.0,0.2114,optimal
2021-02-09 01:30:00,47,91,0.0,0.0,0.0,0.19546666666666668,optimal
2021-02-09 02:00:00,47,91,1.24401355864516,0.0,0.0,0.22293333333333332,optimal
2021-02-09 02:30:00,47,91,2.2857142857142856,0.0,0.0,0.16083333333333336,optimal
2021-02-09 03:00:00,47,91,2.2857142857142856,0.0,0.0,0.16376666666666667,optimal
2021-02-09 03:30:00,47,91,2.2857142857142856,0.0,0.0,0.2114,optimal
2021-02-09 04:00:00,47,91,2.2857142857142856,0.0,0.0,0.21080000000000002,optimal
2021-02-09 04:30:00,47,91,2.2857142857142856,0.0,0.0,0.087,optimal
2021-02-09 05:00:00,47,91,2.2857142857142856,0.0,0.0,0.2258,optimal
2021-02-09 05:30:00,47,91,2.2857142857142856,0.0,0.0,0.2002333333333333,optimal
2021-02-09 06:00:00,47,91,2.2857142857142856,0.0,0.0,0.08316666666666667,optimal
2021-02-09 06:30:00,47,91,2.2857142857142856,0.0,5.229414071669291,0.23746666666666666,optimal
2021-02-09 07:00:00,47,91,2.2857142857142856,0.0,10.0,0.1552333333333333,optimal
2021-02-09 07:30:00,47,91,2.2857142857142856,0.0,0.0,1.5865666666666667,optimal
2021-02-09 08:00:00,47,91,1.2646614146963089,0.0,0.0,0.4049666666666666,optimal
2021-02-09 08:30:00,47,91,1.3294296798043659,0.0,0.0,0.205,optimal
2021-02-09 09:00:00,47,91,1.1821694487731853,0.0,0.0,0.1956,optimal
2021-02-09 09:30:00,47,91,1.1302755027988467,0.0,0.0,0.3539,optimal
2021-02-09 10:00:00,47,91,0.8988952387986366,0.0,0.0,0.10383333333333332,optimal
2021-02-09 10:30:00,47,91,0.8423217123914416,0.0,0.0,0.2354,optimal
2021-02-09 11:00:00,47,91,0.6105339471832302,0.0,0.0,0.1763,optimal
2021-02-09 11:30:00,47,91,0.6304230514256082,0.0,0.0,0.09466666666666669,optimal
2021-02-09 12:00:00,47,91,0.2901430088753076,0.0,0.0,0.6000666666666667,optimal
2021-02-09 12:30:00,47,91,0.2694881903472222,0.0,0.0,0.7323,optimal
2021-02-09 13:00:00,47,91,1.0213842432391749,0.0,0.0,1.2741,optimal
2021-02-09 13:30:00,47,91,2.2857142857142856,0.0,0.0,0.22240000000000001,optimal
2021-02-09 14:00:00,47,91,2.2857142857142856,0.0,0.0,0.21780000000000002,optimal
2021-02-09 14:30:00,47,91,2.2857142857142856,0.0,0.0,0.32089999999999996,optimal
2021-02-09 15:00:00,47,91,2.2857142857142856,0.0,0.0,0.2215,optimal
2021-02-09 15:30:00,47,91,2.2857142857142856,0.0,0.0,0.17909999999999998,optimal
2021-02-09 16:00:00,47,91,0.0,0.0,0.0,0.6043333333333334,optimal
2021-02-09 16:30:00,47,91,0.0,0.0,0.0,0.9208333333333334,optimal
2021-02-09 17:00:00,47,91,0.0,0.0,0.0,0.5474,optimal
2021-02-09 17:30:00,47,91,0.0,0.0,0.0,0.38480000000000003,optimal
2021-02-09 18:00:00,47,91,0.0,0.0,0.0,0.5388,optimal
2021-02-09 18:30:00,47,91,0.0,0.0,0.0,0.4628,optimal
2021-02-09 19:00:00,47,91,0.0,0.0,0.0,0.41783333333333333,optimal
2021-02-09 19:30:00,47,91,0.0,0.0,0.0,0.7349333333333333,optimal
2021-02-09 20:00:00,47,91,0.0,0.0,0.0,0.2789333333333333,optimal
2021-02-09 20:30:00,47,91,0.0,0.0,0.0,0.3984,optimal
2021-02-09 21:00:00,47,91,0.0,0.0,0.0,0.5003,optimal
2021-02-09 21:30:00,47,91,0.0,0.0,0.0,0.5641333333333334,optimal
2021-02-09 22:00:00,47,91,0.0,0.0,0.0,0.133,optimal
2021-02-09 22:30:00,47,91,0.0,0.0,0.0,0.24403333333333332,optimal
2021-02-09 23:00:00,47,91,0.0,0.0,0.0,0.20116666666666663,optimal
2021-02-09 23:30:00,47,91,0.0,0.0,0.0,0.20853333333333332,optimal
2021-02-10 00:00:00,47,91,0.0,0.0,0.0,0.041,optimal
2021-02-10 00:30:00,47,91,1.1942857142857142,0.0,0.0,0.041,optimal
2021-02-10 01:00:00,47,91,0.0,0.0,0.0,0.1088,optimal
2021-02-10 01:30:00,47,91,0.0,0.0,0.0,0.041,optimal
2021-02-10 02:00:00,47,91,1.7845223355726192,0.0,0.0,0.1088,optimal
2021-02-10 02:30:00,47,91,2.2857142857142856,0.0,0.0,0.041,optimal
2021-02-10 03:00:00,47,91,2.2857142857142856,0.0,0.0,0.09373333333333332,optimal
2021-02-10 03:30:00,47,91,2.2857142857142856,0.0,0.0,0.05606666666666667,optimal
2021-02-10 04:00:00,47,91,2.2857142857142856,0.0,0.0,0.041,optimal
2021-02-10 04:30:00,47,91,2.2857142857142856,0.0,0.0,0.1088,optimal
2021-02-10 05:00:00,47,91,2.2857142857142856,0.0,0.0,0.041,optimal
2021-02-10 05:30:00,47,91,2.2857142857142856,0.0,0.0,0.1088,optimal
2021-02-10 06:00:00,47,91,2.2857142857142856,0.0,0.0,0.050333333333333334,optimal
2021-02-10 06:30:00,47,91,2.2857142857142856,0.0,8.48466219763428,0.09620000000000001,optimal
2021-02-10 07:00:00,47,91,2.2857142857142856,0.0,10.0,0.11226666666666668,optimal
2021-02-10 07:30:00,47,91,2.2857142857142856,0.0,0.0,0.05853333333333333,optimal
2021-02-10 08:00:00,47,91,1.3774603770770057,0.0,0.0,0.11126666666666668,optimal
2021-02-10 08:30:00,47,91,1.3755596511893422,0.0,0.0,0.06983333333333333,optimal
2021-02-10 09:00:00,47,91,1.1914402546994989,0.0,0.0,0.09996666666666668,optimal
2021-02-10 09:30:00,47,91,1.191691909764212,0.0,0.0,0.051,optimal
2021-02-10 10:00:00,47,91,0.9157724188775944,0.0,0.0,0.051,optimal
2021-02-10 10:30:00,47,91,0.7670778268428029,0.0,0.0,0.3353666666666667,optimal
2021-02-10 11:00:00,47,91,0.49657666225299585,0.0,0.0,1.0414333333333334,optimal
2021-02-10 11:30:00,47,91,0.2714253469282222,0.0,0.0,2.233333333333333,optimal
2021-02-10 12:00:00,47,91,0.3220792081697008,0.0,0.0,0.14776666666666669,optimal
2021-02-10 12:30:00,47,91,0.33207730340780156,0.0,0.0,0.18866666666666662,optimal
2021-02-10 13:00:00,47,91,2.2857142857142856,0.0,0.0,1.7978333333333332,optimal
2021-02-10 13:30:00,47,91,2.2857142857142856,0.0,0.0,1.8554000000000002,optimal
2021-02-10 14:00:00,47,91,2.2857142857142856,0.0,0.0,0.6613666666666667,optimal
2021-02-10 14:30:00,47,91,2.2857142857142856,0.0,0.0,0.22933333333333328,optimal
2021-02-10 15:00:00,47,91,2.2857142857142856,0.0,0.0,0.051,optimal
2021-02-10 15:30:00,47,91,2.2857142857142856,0.0,0.0,0.051,optimal
2021-02-10 16:00:00,47,91,0.0,0.0,0.0,0.051,optimal
2021-02-10 16:30:00,47,91,0.0,0.0,0.0,0.051,optimal
2021-02-10 17:00:00,47,91,0.0,0.0,0.0,0.051,optimal
2021-02-10 17:30:00,47,91,0.0,0.0,0.0,0.051,optimal
2021-02-10 18:00:00,47,91,0.0,0.0,0.0,0.47323333333333334,optimal
2021-02-10 18:30:00,47,91,0.0,0.0,0.0,1.1974666666666667,optimal
2021-02-10 19:00:00,47,91,0.0,0.0,0.0,0.051,optimal
2021-02-10 19:30:00,47,91,0.0,0.0,0.0,1.3665333333333334,optimal
2021-02-10 20:00:00,47,91,0.3722967267634187,0.0,0.0,0.29560000000000003,optimal
2021-02-10 20:30:00,47,91,0.0,0.0,0.0,1.5555999999999999,optimal
2021-02-10 21:00:00,47,91,0.0,0.0,0.0,0.3040333333333334,optimal
2021-02-10 21:30:00,47,91,0.0,0.0,0.0,0.3836333333333333,optimal
2021-02-10 22:00:00,47,91,0.0,0.0,0.0,0.449,optimal
2021-02-10 22:30:00,47,91,0.0,0.0,0.0,0.29346666666666665,optimal
2021-02-10 23:00:00,47,91,0.0,0.0,0.0,0.1188,optimal
2021-02-10 23:30:00,47,91,0.0,0.0,0.0,0.04833333333333333,optimal
2021-02-11 00:00:00,47,91,0.0,0.0,0.0,0.0855,optimal
2021-02-11 00:30:00,47,91,0.09952380952380951,0.0,0.0,0.1705,optimal
2021-02-11 01:00:00,47,91,1.177751953873319,0.0,0.0,0.08933333333333333,optimal
2021-02-11 01:30:00,47,91,2.2857142857142856,0.0,0.0,0.18666666666666662,optimal
2021-02-11 02:00:00,47,91,2.2857142857142856,0.0,0.0,0.089,optimal
2021-02-11 02:30:00,47,91,2.2857142857142856,0.0,0.0,0.14296666666666666,optimal
2021-02-11 03:00:00,47,91,2.2857142857142856,0.0,0.0,0.1082,optimal
2021-02-11 03:30:00,47,91,2.2857142857142856,0.0,0.0,0.0785,optimal
2021-02-11 04:00:00,47,91,2.2857142857142856,0.0,0.0,0.054,optimal
2021-02-11 04:30:00,47,91,2.2857142857142856,0.0,0.0,0.117,optimal
2021-02-11 05:00:00,47,91,2.2857142857142856,0.0,0.0,0.10633333333333331,optimal
2021-02-11 05:30:00,47,91,2.2857142857142856,0.0,0.0,0.10633333333333331,optimal
2021-02-11 06:00:00,47,91,2.2857142857142856,0.0,0.0,0.117,optimal
2021-02-11 06:30:00,47,91,2.2857142857142856,0.0,0.0,0.15666666666666665,optimal
2021-02-11 07:00:00,47,91,2.2857142857142856,0.0,9.505629123711147,0.0555,optimal
2021-02-11 07:30:00,47,91,2.2857142857142856,0.0,0.0,0.1645,optimal
2021-02-11 08:00:00,47,91,1.5107546703685366,0.0,0.0,0.10633333333333331,optimal
2021-02-11 08:30:00,47,91,1.5060492624033153,0.0,0.0,0.15886666666666668,optimal
2021-02-11 09:00:00,47,91,1.3414989697605322,0.0,0.0,0.1168,optimal
2021-02-11 09:30:00,47,91,1.2460965526159022,0.0,0.0,0.054,optimal
2021-02-11 10:00:00,47,91,0.8079441115869761,0.0,0.0,0.117,optimal
2021-02-11 10:30:00,47,91,0.8522081940118634,0.0,0.0,0.11166666666666669,optimal
2021-02-11 11:00:00,47,91,0.6327680800572614,0.0,0.0,0.17933333333333334,optimal
2021-02-11 11:30:00,47,91,0.6141998817880695,0.0,0.0,0.064,optimal
2021-02-11 12:00:00,47,91,0.3548725131269953,0.0,0.0,0.13193333333333335,optimal
2021-02-11 12:30:00,47,91,0.310183249230188,0.0,0.0,0.1274,optimal
2021-02-11 13:00:00,47,91,2.2857142857142856,0.0,0.0,0.08023333333333334,optimal
2021-02-11 13:30:00,47,91,2.2857142857142856,0.0,0.0,0.22176666666666667,optimal
2021-02-11 14:00:00,47,91,2.2857142857142856,0.0,0.0,0.064,optimal
2021-02-11 14:30:00,47,91,2.2857142857142856,0.0,0.0,0.32773333333333327,optimal
2021-02-11 15:00:00,47,91,2.2857142857142856,0.0,0.0,0.16513333333333333,optimal
2021-02-11 15:30:00,47,91,2.2857142857142856,0.0,0.0,0.23513333333333333,optimal
2021-02-11 16:00:00,47,91,0.0,0.0,0.0,1.0412666666666668,optimal
2021-02-11 16:30:00,47,91,0.0,0.0,0.0,1.491766666666667,optimal
2021-02-11 17:00:00,47,91,0.0,0.0,0.0,0.26789999999999997,optimal
2021-02-11 17:30:00,47,91,0.0,0.0,0.0,0.23033333333333328,optimal
2021-02-11 18:00:00,47,91,0.0,0.0,0.0,1.0569666666666666,optimal
2021-02-11 18:30:00,47,91,0.0,0.0,0.0,2.7392,optimal
2021-02-11 19:00:00,47,91,0.0,0.0,0.0,2.0216,optimal
2021-02-11 19:30:00,47,91,0.0,0.0,0.0,0.40376666666666666,optimal
2021-02-11 20:00:00,47,91,0.7326753906864277,0.0,0.0,0.36576666666666663,optimal
2021-02-11 20:30:00,47,91,0.0,0.0,0.0,0.37126666666666663,optimal
2021-02-11 21:00:00,47,91,0.0,0.0,0.0,0.4831666666666667,optimal
2021-02-11 21:30:00,47,91,0.0,0.0,0.0,0.5612666666666667,optimal
2021-02-11 22:00:00,47,91,0.13933333333333334,0.0,0.0,0.3486666666666667,optimal
2021-02-11 22:30:00,47,91,0.0,0.0,0.0,0.34936666666666666,optimal
2021-02-11 23:00:00,47,91,0.0,0.0,0.0,0.064,optimal
2021-02-11 23:30:00,47,91,0.0,0.0,0.0,0.22966666666666663,optimal
2021-02-12 00:00:00,47,91,1.5741603955846608,0.0,0.0,0.056,optimal
2021-02-12 00:30:00,47,91,2.2857142857142856,0.0,0.0,0.056,optimal
2021-02-12 01:00:00,47,91,2.2857142857142856,0.0,0.0,0.1733,optimal
2021-02-12 01:30:00,47,91,2.2857142857142856,0.0,0.0,0.0905,optimal
2021-02-12 02:00:00,47,91,2.2857142857142856,0.0,0.0,0.056,optimal
2021-02-12 02:30:00,47,91,2.2857142857142856,0.0,0.0,0.2078,optimal
2021-02-12 03:00:00,47,91,2.2857142857142856,0.0,0.0,0.056,optimal
2021-02-12 03:30:00,47,91,2.2857142857142856,0.0,0.0,0.1043,optimal
2021-02-12 04:00:00,47,91,2.2857142857142856,0.0,0.0,0.1595,optimal
2021-02-12 04:30:00,47,91,2.2857142857142856,0.0,0.0,0.056,optimal
2021-02-12 05:00:00,47,91,2.2857142857142856,0.0,0.0,0.1802,optimal
2021-02-12 05:30:00,47,91,2.2857142857142856,0.0,0.0,0.0836,optimal
2021-02-12 06:00:00,47,91,2.2857142857142856,0.0,0.0,0.0974,optimal
2021-02-12 06:30:00,47,91,2.2857142857142856,0.0,0.0,0.1674,optimal
2021-02-12 07:00:00,47,91,2.2857142857142856,0.0,9.779802820684528,0.06266666666666666,optimal
2021-02-12 07:30:00,47,91,2.2857142857142856,0.0,0.0,0.06566666666666666,optimal
2021-02-12 08:00:00,47,91,2.285714285714285,0.0,0.0,0.10703333333333331,optimal
2021-02-12 08:30:00,47,91,1.577935942058361,0.0,0.0,0.21780000000000002,optimal
2021-02-12 09:00:00,47,91,1.4370161114042541,0.0,0.0,0.066,optimal
2021-02-12 09:30:00,47,91,1.262231936163775,0.0,0.0,0.14880000000000002,optimal
2021-02-12 10:00:00,47,91,0.8305538426721627,0.0,0.0,0.135,optimal
2021-02-12 10:30:00,47,91,0.8227904861349316,0.0,0.0,0.066,optimal
2021-02-12 11:00:00,47,91,0.5219311368985552,0.0,0.0,0.18330000000000002,optimal
2021-02-12 11:30:00,47,91,0.5421535744742614,0.0,0.0,0.1005,optimal
2021-02-12 12:00:00,47,91,0.4534087323745378,0.0,0.0,0.0867,optimal
2021-02-12 12:30:00,47,91,0.4184311699502236,0.0,0.0,0.1971,optimal
2021-02-12 13:00:00,47,91,2.2857142857142856,0.0,0.0,0.066,optimal
2021-02-12 13:30:00,47,91,2.2857142857142856,0.0,0.0,0.20126666666666668,optimal
2021-02-12 14:00:00,47,91,2.2857142857142856,0.0,0.0,0.27366666666666667,optimal
2021-02-12 14:30:00,47,91,2.2857142857142856,0.0,0.0,0.1717,optimal
2021-02-12 15:00:00,47,91,2.2857142857142856,0.0,0.0,0.3122,optimal
2021-02-12 15:30:00,47,91,2.2857142857142856,0.0,0.0,0.1581,optimal
2021-02-12 16:00:00,47,91,0.0,0.0,0.0,0.1143,optimal
2021-02-12 16:30:00,47,91,0.0,0.0,0.0,0.1725,optimal
2021-02-12 17:00:00,47,91,0.0,0.0,0.0,0.066,optimal
2021-02-12 17:30:00,47,91,0.0,0.0,0.0,0.066,optimal
2021-02-12 18:00:00,47,91,0.0,0.0,0.0,0.18930000000000002,optimal
2021-02-12 18:30:00,47,91,0.0,0.0,0.0,0.10683333333333331,optimal
2021-02-12 19:00:00,47,91,0.0,0.0,0.0,0.09026666666666668,optimal
2021-02-12 19:30:00,47,91,0.0,0.0,0.0,0.20296666666666666,optimal
2021-02-12 20:00:00,47,91,0.43576858139676417,0.0,0.0,0.4386666666666667,optimal
2021-02-12 20:30:00,47,91,0.0,0.0,0.0,0.20183333333333328,optimal
2021-02-12 21:00:00,47,91,0.0,0.0,0.0,0.3791333333333333,optimal
2021-02-12 21:30:00,47,91,0.0,0.0,0.0,0.234,optimal
2021-02-12 22:00:00,47,91,0.5772380952380952,0.0,0.0,0.5011,optimal
2021-02-12 22:30:00,47,91,0.0,0.0,0.0,0.4044,optimal
2021-02-12 23:00:00,47,91,0.0,0.0,0.0,0.081,optimal
2021-02-12 23:30:00,47,91,0.0,0.0,0.0,0.1921,optimal
2021-02-13 00:00:00,47,91,0.0,0.0,0.0,0.1945,optimal
2021-02-13 00:30:00,47,91,0.7364761904761905,0.0,0.0,0.06943333333333333,optimal
2021-02-13 01:00:00,47,91,0.0,0.0,0.0,0.16540000000000002,optimal
2021-02-13 01:30:00,47,91,0.0,0.0,0.0,0.14593333333333333,optimal
2021-02-13 02:00:00,47,91,1.795950454351479,0.0,0.0,0.11059999999999999,optimal
2021-02-13 02:30:00,47,91,2.2857142857142856,0.0,0.0,0.18159999999999998,optimal
2021-02-13 03:00:00,47,91,2.2857142857142856,0.0,0.0,0.12819999999999998,optimal
2021-02-13 03:30:00,47,91,2.2857142857142856,0.0,0.0,0.2039333333333333,optimal
2021-02-13 04:00:00,47,91,2.2857142857142856,0.0,0.0,0.153,optimal
2021-02-13 04:30:00,47,91,2.2857142857142856,0.0,0.0,0.16973333333333332,optimal
2021-02-13 05:00:00,47,91,2.2857142857142856,0.0,0.0,0.15319999999999998,optimal
2021-02-13 05:30:00,47,91,2.2857142857142856,0.0,0.0,0.11746666666666668,optimal
2021-02-13 06:00:00,47,91,2.2857142857142856,0.0,0.0,0.28826666666666667,optimal
2021-02-13 06:30:00,47,91,2.2857142857142856,0.0,3.5480277355059506,0.06,optimal
2021-02-13 07:00:00,47,91,2.2857142857142856,0.0,10.0,0.17013333333333333,optimal
2021-02-13 07:30:00,47,91,2.2857142857142856,0.0,0.0,0.10546666666666668,optimal
2021-02-13 08:00:00,47,91,1.2304256663844424,0.0,0.0,1.2034,optimal
2021-02-13 08:30:00,47,91,1.1632366753887151,0.0,0.0,1.3539,optimal
2021-02-13 09:00:00,47,91,0.9077113523216676,0.0,0.0,0.5306000000000001,optimal
2021-02-13 09:30:00,47,91,0.9494330640097082,0.0,0.0,0.3124666666666666,optimal
2021-02-13 10:00:00,47,91,0.5521905132975335,0.0,0.0,0.8459333333333333,optimal
2021-02-13 10:30:00,47,91,0.6653939032541958,0.0,0.0,0.5640333333333333,optimal
2021-02-13 11:00:00,47,91,0.44881605763960153,0.0,0.0,0.49373333333333336,optimal
2021-02-13 11:30:00,47,91,0.38847659045339966,0.0,0.0,0.7195666666666667,optimal
2021-02-13 12:00:00,47,91,0.44696663752301596,0.0,0.0,0.21530000000000002,optimal
2021-02-13 12:30:00,47,91,0.37544960791250964,0.0,0.0,0.4655666666666667,optimal
2021-02-13 13:00:00,47,91,2.2857142857142856,0.0,0.0,0.5501,optimal
2021-02-13 13:30:00,47,91,2.2857142857142856,0.0,0.0,1.2166666666666668,optimal
2021-02-13 14:00:00,47,91,2.2857142857142856,0.0,0.0,1.1984666666666668,optimal
2021-02-13 14:30:00,47,91,2.2857142857142856,0.0,0.0,0.6894333333333332,optimal
2021-02-13 15:00:00,47,91,2.2857142857142856,0.0,0.0,0.08186666666666666,optimal
2021-02-13 15:30:00,47,91,2.2857142857142856,0.0,0.0,0.25,optimal
2021-02-13 16:00:00,47,91,0.0,0.0,0.0,0.37546666666666656,optimal
2021-02-13 16:30:00,47,91,0.0,0.0,0.0,0.29836666666666667,optimal
2021-02-13 17:00:00,47,91,0.0,0.0,0.0,1.9121666666666668,optimal
2021-02-13 17:30:00,47,91,0.0,0.0,0.0,0.7024333333333332,optimal
2021-02-13 18:00:00,47,91,0.0,0.0,0.0,1.1308,optimal
2021-02-13 18:30:00,47,91,0.0,0.0,0.0,1.2540666666666667,optimal
2021-02-13 19:00:00,47,91,0.0,0.0,0.0,0.38339999999999996,optimal
2021-02-13 19:30:00,47,91,0.0,0.0,0.0,1.5989333333333333,optimal
2021-02-13 20:00:00,47,91,0.28505310431567216,0.0,0.0,0.9294,optimal
2021-02-13 20:30:00,47,91,0.0,0.0,0.0,0.523,optimal
2021-02-13 21:00:00,47,91,0.0,0.0,0.0,0.49319999999999997,optimal
2021-02-13 21:30:00,47,91,0.0,0.0,0.0,1.2055666666666667,optimal
2021-02-13 22:00:00,47,91,0.11942857142857143,0.0,0.0,3.0650666666666666,optimal
2021-02-13 22:30:00,47,91,0.0,0.0,0.0,2.501,optimal
2021-02-13 23:00:00,47,91,0.0,0.0,0.0,0.5486333333333333,optimal
2021-02-13 23:30:00,47,91,0.0,0.0,0.0,0.48760000000000003,optimal
2021-02-07 00:00:00,48,91,0.0,0.0,0.0,0.06966666666666667,optimal
2021-02-07 00:30:00,48,91,0.0,0.0,0.0,1.9594,optimal
2021-02-07 01:00:00,48,91,0.0,0.0,0.0,0.46613333333333334,optimal
2021-02-07 01:30:00,48,91,0.0,0.0,0.0,0.062,optimal
2021-02-07 02:00:00,48,91,0.0,0.0,0.0,0.13176666666666667,optimal
2021-02-07 02:30:00,48,91,0.0,0.0,0.0,0.10723333333333332,optimal
2021-02-07 03:00:00,48,91,0.0,0.0,0.0,0.118,optimal
2021-02-07 03:30:00,48,91,0.0,0.0,0.0,0.18706666666666663,optimal
2021-02-07 04:00:00,48,91,2.2857142857142856,0.0,0.0,0.062,optimal
2021-02-07 04:30:00,48,91,2.2857142857142856,0.0,0.0,0.13873333333333332,optimal
2021-02-07 05:00:00,48,91,2.2857142857142856,0.0,0.0,0.176,optimal
2021-02-07 05:30:00,48,91,2.2857142857142856,0.0,0.0,0.13340000000000002,optimal
2021-02-07 06:00:00,48,91,2.2857142857142856,0.0,0.0,0.15323333333333333,optimal
2021-02-07 06:30:00,48,91,2.2857142857142856,0.0,0.0,0.1495,optimal
2021-02-07 07:00:00,48,91,2.2857142857142856,0.0,1.5052247886819266,0.319,optimal
2021-02-07 07:30:00,48,91,0.0,0.0,0.0,0.2216,optimal
2021-02-07 08:00:00,48,91,0.0,0.0,0.0,0.15496666666666667,optimal
2021-02-07 08:30:00,48,91,0.0,0.0,0.0,0.09966666666666668,optimal
2021-02-07 09:00:00,48,91,0.0,0.0,0.0,0.1977,optimal
2021-02-07 09:30:00,48,91,0.2671190858008148,0.0,0.0,0.3338,optimal
2021-02-07 10:00:00,48,91,0.922028346769459,0.0,0.0,0.29136666666666666,optimal
2021-02-07 10:30:00,48,91,0.7618996620942513,0.0,0.0,2.0992333333333333,optimal
2021-02-07 11:00:00,48,91,0.7956116373410695,0.0,0.0,0.198,optimal
2021-02-07 11:30:00,48,91,0.7530402087696458,0.0,0.0,0.27753333333333335,optimal
2021-02-07 12:00:00,48,91,0.5806578418627444,0.0,0.0,0.26773333333333327,optimal
2021-02-07 12:30:00,48,91,0.6650368894817884,0.0,0.0,0.5422333333333333,optimal
2021-02-07 13:00:00,48,91,0.630503216776255,0.0,0.0,1.9909000000000001,optimal
2021-02-07 13:30:00,48,91,1.5406872400378888,0.0,0.0,0.10336666666666666,optimal
2021-02-07 14:00:00,48,91,2.2857142857142856,0.0,0.0,1.2504333333333333,optimal
2021-02-07 14:30:00,48,91,2.2857142857142856,0.0,0.0,0.2486,optimal
2021-02-07 15:00:00,48,91,2.2857142857142856,0.0,0.0,0.39973333333333333,optimal
2021-02-07 15:30:00,48,91,2.2857142857142856,0.0,0.0,0.8413666666666667,optimal
2021-02-07 16:00:00,48,91,0.0,0.0,0.0,2.2704666666666666,optimal
2021-02-07 16:30:00,48,91,0.0,0.0,0.0,2.907833333333333,optimal
2021-02-07 17:00:00,48,91,0.0,0.0,0.0,2.4402,optimal
2021-02-07 17:30:00,48,91,0.0,0.0,0.0,4.5293,optimal
2021-02-07 18:00:00,48,91,0.0,0.0,0.0,1.5340666666666667,optimal
2021-02-07 18:30:00,48,91,0.0,0.0,0.0,0.6346,optimal
2021-02-07 19:00:00,48,91,0.0,0.0,0.0,0.5157666666666667,optimal
2021-02-07 19:30:00,48,91,0.0,0.0,0.0,0.3422,optimal
2021-02-07 20:00:00,48,91,0.0,0.0,0.0,0.3587333333333333,optimal
2021-02-07 20:30:00,48,91,0.0,0.0,0.0,0.1851,optimal
2021-02-07 21:00:00,48,91,0.0,0.0,0.0,0.32676666666666665,optimal
2021-02-07 21:30:00,48,91,0.0,0.0,0.0,0.4186,optimal
2021-02-07 22:00:00,48,91,0.0,0.0,0.0,3.244266666666667,optimal
2021-02-07 22:30:00,48,91,0.0,0.0,0.0,0.9818,optimal
2021-02-07 23:00:00,48,91,0.0,0.0,0.0,0.5540666666666667,optimal
2021-02-07 23:30:00,48,91,0.0,0.0,0.0,0.25316666666666665,optimal
2021-02-08 00:00:00,48,91,0.0,0.0,0.0,0.054,optimal
2021-02-08 00:30:00,48,91,0.0,0.0,0.0,0.054,optimal
2021-02-08 01:00:00,48,91,0.0,0.0,0.0,0.16266666666666665,optimal
2021-02-08 01:30:00,48,91,0.0,0.0,0.0,0.06486666666666666,optimal
2021-02-08 02:00:00,48,91,0.0,0.0,0.0,0.11376666666666668,optimal
2021-02-08 02:30:00,48,91,0.981557872097619,0.0,0.0,0.11776666666666669,optimal
2021-02-08 03:00:00,48,91,2.2857142857142856,0.0,0.0,0.07086666666666666,optimal
2021-02-08 03:30:00,48,91,2.2857142857142856,0.0,0.0,0.16266666666666665,optimal
2021-02-08 04:00:00,48,91,2.2857142857142856,0.0,0.0,0.054,optimal
2021-02-08 04:30:00,48,91,2.2857142857142856,0.0,0.0,0.054,optimal
2021-02-08 05:00:00,48,91,2.2857142857142856,0.0,0.0,0.17353333333333334,optimal
2021-02-08 05:30:00,48,91,2.2857142857142856,0.0,0.0,0.058,optimal
2021-02-08 06:00:00,48,91,2.2857142857142856,0.0,0.0,0.09659999999999999,optimal
2021-02-08 06:30:00,48,91,2.2857142857142856,0.0,4.136277258200389,0.1502666666666667,optimal
2021-02-08 07:00:00,48,91,2.2857142857142856,0.0,10.0,0.06709999999999999,optimal
2021-02-08 07:30:00,48,91,2.2857142857142856,0.0,0.0,0.2049333333333333,optimal
2021-02-08 08:00:00,48,91,1.251404338678023,0.0,0.0,0.0709,optimal
2021-02-08 08:30:00,48,91,1.3094547016218523,0.0,0.0,0.06943333333333333,optimal
2021-02-08 09:00:00,48,91,1.145818690072832,0.0,0.0,0.17809999999999998,optimal
2021-02-08 09:30:00,48,91,1.1681145742284937,0.0,0.0,0.064,optimal
2021-02-08 10:00:00,48,91,0.9172861771616543,0.0,0.0,0.13063333333333332,optimal
2021-02-08 10:30:00,48,91,0.9337998168154951,0.0,0.0,0.1029,optimal
2021-02-08 11:00:00,48,91,0.5755981332459393,0.0,0.0,0.185,optimal
2021-02-08 11:30:00,48,91,0.5630906274449735,0.0,0.0,0.35753333333333337,optimal
2021-02-08 12:00:00,48,91,0.38502521491432706,0.0,0.0,1.1500333333333332,optimal
2021-02-08 12:30:00,48,91,0.358406393788585,0.0,0.0,1.4013,optimal
2021-02-08 13:00:00,48,91,2.2857142857142856,0.0,0.0,0.7424666666666667,optimal
2021-02-08 13:30:00,48,91,2.2857142857142856,0.0,0.0,0.366,optimal
2021-02-08 14:00:00,48,91,2.2857142857142856,0.0,0.0,0.064,optimal
2021-02-08 14:30:00,48,91,2.2857142857142856,0.0,0.0,0.064,optimal
2021-02-08 15:00:00,48,91,2.2857142857142856,0.0,0.0,0.3848666666666667,optimal
2021-02-08 15:30:00,48,91,2.2857142857142856,0.0,0.0,0.43760000000000004,optimal
2021-02-08 16:00:00,48,91,0.0,0.0,0.0,0.6021333333333333,optimal
2021-02-08 16:30:00,48,91,0.0,0.0,0.0,0.4391666666666667,optimal
2021-02-08 17:00:00,48,91,0.0,0.0,0.0,0.35969999999999996,optimal
2021-02-08 17:30:00,48,91,0.0,0.0,0.0,0.4656666666666667,optimal
2021-02-08 18:00:00,48,91,0.0,0.0,0.0,0.3225,optimal
2021-02-08 18:30:00,48,91,0.0,0.0,0.0,0.2835,optimal
2021-02-08 19:00:00,48,91,0.0,0.0,0.0,0.4629,optimal
2021-02-08 19:30:00,48,91,0.0,0.0,0.0,0.216,optimal
2021-02-08 20:00:00,48,91,0.6191567583443756,0.0,0.0,0.17876666666666668,optimal
2021-02-08 20:30:00,48,91,0.0,0.0,0.0,0.2302333333333333,optimal
2021-02-08 21:00:00,48,91,0.0,0.0,0.0,0.23816666666666664,optimal
2021-02-08 21:30:00,48,91,0.0,0.0,0.0,0.41326666666666667,optimal
2021-02-08 22:00:00,48,91,0.0,0.0,0.0,0.20196666666666666,optimal
2021-02-08 22:30:00,48,91,0.0,0.0,0.0,0.1258,optimal
2021-02-08 23:00:00,48,91,0.05971428571428571,0.0,0.0,0.3196,optimal
2021-02-08 23:30:00,48,91,0.0,0.0,0.0,0.12190000000000001,optimal
2021-02-09 00:00:00,48,91,0.0,0.0,0.0,0.096,optimal
2021-02-09 00:30:00,48,91,2.0103809523809524,0.0,0.0,0.25606666666666666,optimal
2021-02-09 01:00:00,48,91,0.0,0.0,0.0,0.0733,optimal
2021-02-09 01:30:00,48,91,0.0,0.0,0.0,0.2794333333333333,optimal
2021-02-09 02:00:00,48,91,0.46031285143314293,0.0,0.0,0.0733,optimal
2021-02-09 02:30:00,48,91,2.2857142857142856,0.0,0.0,0.20096666666666668,optimal
2021-02-09 03:00:00,48,91,2.2857142857142856,0.0,0.0,0.13946666666666666,optimal
2021-02-09 03:30:00,48,91,2.2857142857142856,0.0,0.0,0.1348,optimal
2021-02-09 04:00:00,48,91,2.2857142857142856,0.0,0.0,0.11806666666666667,optimal
2021-02-09 04:30:00,48,91,2.2857142857142856,0.0,0.0,0.18546666666666667,optimal
2021-02-09 05:00:00,48,91,2.2857142857142856,0.0,0.0,0.1102,optimal
2021-02-09 05:30:00,48,91,2.2857142857142856,0.0,0.0,0.0938,optimal
2021-02-09 06:00:00,48,91,2.2857142857142856,0.0,0.0,0.20786666666666667,optimal
2021-02-09 06:30:00,48,91,2.2857142857142856,0.0,9.061411019748824,0.16906666666666667,optimal
2021-02-09 07:00:00,48,91,2.2857142857142856,0.0,10.0,1.0443333333333333,optimal
2021-02-09 07:30:00,48,91,2.2857142857142856,0.0,0.0,1.1829333333333334,optimal
2021-02-09 08:00:00,48,91,1.1213814146963177,0.0,0.0,0.4628,optimal
2021-02-09 08:30:00,48,91,1.3089249178996045,0.0,0.0,0.13153333333333334,optimal
2021-02-09 09:00:00,48,91,1.134822782106528,0.0,0.0,0.29353333333333337,optimal
2021-02-09 09:30:00,48,91,1.1777955027988318,0.0,0.0,0.071,optimal
2021-02-09 10:00:00,48,91,0.8783809530843326,0.0,0.0,0.178,optimal
2021-02-09 10:30:00,48,91,0.8564264742961929,0.0,0.0,0.19473333333333329,optimal
2021-02-09 11:00:00,48,91,0.632914899564181,0.0,0.0,0.10666666666666669,optimal
2021-02-09 11:30:00,48,91,0.6050230514255958,0.0,0.0,0.19226666666666667,optimal
2021-02-09 12:00:00,48,91,0.45337919935149434,0.0,0.0,0.1448,optimal
2021-02-09 12:30:00,48,91,0.34820438082340416,0.0,0.0,0.3779333333333333,optimal
2021-02-09 13:00:00,48,91,1.0927242345801849,0.0,0.0,0.2948,optimal
2021-02-09 13:30:00,48,91,1.1863170391972702,0.0,0.0,0.3898333333333333,optimal
2021-02-09 14:00:00,48,91,2.2857142857142856,0.0,0.0,0.6178666666666667,optimal
2021-02-09 14:30:00,48,91,2.2857142857142856,0.0,0.0,0.4338,optimal
2021-02-09 15:00:00,48,91,2.2857142857142856,0.0,0.0,0.47093333333333326,optimal
2021-02-09 15:30:00,48,91,2.2857142857142856,0.0,0.0,0.2720666666666667,optimal
2021-02-09 16:00:00,48,91,0.0,0.0,0.0,0.4209666666666666,optimal
2021-02-09 16:30:00,48,91,0.0,0.0,0.0,0.32543333333333335,optimal
2021-02-09 17:00:00,48,91,0.0,0.0,0.0,0.4061,optimal
2021-02-09 17:30:00,48,91,0.0,0.0,0.0,0.3939333333333333,optimal
2021-02-09 18:00:00,48,91,0.0,0.0,0.0,0.2739,optimal
2021-02-09 18:30:00,48,91,0.0,0.0,0.0,0.5193333333333334,optimal
2021-02-09 19:00:00,48,91,0.0,0.0,0.0,0.6971,optimal
2021-02-09 19:30:00,48,91,0.0,0.0,0.0,0.3843666666666667,optimal
2021-02-09 20:00:00,48,91,0.0,0.0,0.0,0.5402333333333333,optimal
2021-02-09 20:30:00,48,91,0.0,0.0,0.0,0.42160000000000003,optimal
2021-02-09 21:00:00,48,91,0.0,0.0,0.0,1.4070666666666667,optimal
2021-02-09 21:30:00,48,91,0.0,0.0,0.0,0.6102666666666666,optimal
2021-02-09 22:00:00,48,91,0.6568571428571429,0.0,0.0,1.284,optimal
2021-02-09 22:30:00,48,91,0.0,0.0,0.0,0.3541,optimal
2021-02-09 23:00:00,48,91,0.0,0.0,0.0,0.26063333333333333,optimal
2021-02-09 23:30:00,48,91,0.0,0.0,0.0,0.31939999999999996,optimal
2021-02-10 00:00:00,48,91,0.0,0.0,0.0,0.064,optimal
2021-02-10 00:30:00,48,91,0.8559047619047618,0.0,0.0,0.064,optimal
2021-02-10 01:00:00,48,91,0.0,0.0,0.0,0.19506666666666664,optimal
2021-02-10 01:30:00,48,91,0.0,0.0,0.0,0.15193333333333334,optimal
2021-02-10 02:00:00,48,91,0.7534919732423329,0.0,0.0,0.15786666666666668,optimal
2021-02-10 02:30:00,48,91,2.2857142857142856,0.0,0.0,0.1837666666666667,optimal
2021-02-10 03:00:00,48,91,2.2857142857142856,0.0,0.0,0.2571,optimal
2021-02-10 03:30:00,48,91,2.2857142857142856,0.0,0.0,0.1684,optimal
2021-02-10 04:00:00,48,91,2.2857142857142856,0.0,0.0,0.0756,optimal
2021-02-10 04:30:00,48,91,2.2857142857142856,0.0,0.0,0.24580000000000002,optimal
2021-02-10 05:00:00,48,91,2.2857142857142856,0.0,0.0,0.19506666666666664,optimal
2021-02-10 05:30:00,48,91,2.2857142857142856,0.0,0.0,0.07940000000000001,optimal
2021-02-10 06:00:00,48,91,2.2857142857142856,0.0,0.0,0.2558,optimal
2021-02-10 06:30:00,48,91,2.2857142857142856,0.0,1.109357595111467,0.15519999999999998,optimal
2021-02-10 07:00:00,48,91,2.2857142857142856,0.0,10.0,0.16906666666666667,optimal
2021-02-10 07:30:00,48,91,2.2857142857142856,0.0,0.0,0.20926666666666668,optimal
2021-02-10 08:00:00,48,91,1.22876513898178,0.0,0.0,0.22986666666666666,optimal
2021-02-10 08:30:00,48,91,1.2370834607131669,0.0,0.0,0.1843333333333333,optimal
2021-02-10 09:00:00,48,91,1.034564064223294,0.0,0.0,0.1702,optimal
2021-02-10 09:30:00,48,91,1.046558576430879,0.0,0.0,0.18546666666666667,optimal
2021-02-10 10:00:00,48,91,0.8268676569728256,0.0,0.0,0.10066666666666668,optimal
2021-02-10 10:30:00,48,91,0.8007730649380317,0.0,0.0,0.1862666666666667,optimal
2021-02-10 11:00:00,48,91,0.5492023765387211,0.0,0.0,0.4448333333333333,optimal
2021-02-10 11:30:00,48,91,0.5687615374043995,0.0,0.0,0.364,optimal
2021-02-10 12:00:00,48,91,0.26447920816969933,0.0,0.0,0.5799333333333333,optimal
2021-02-10 12:30:00,48,91,0.3909934938840029,0.0,0.0,0.3134666666666666,optimal
2021-02-10 13:00:00,48,91,2.2857142857142856,0.0,0.0,0.10333333333333332,optimal
2021-02-10 13:30:00,48,91,2.2857142857142856,0.0,0.0,0.19,optimal
2021-02-10 14:00:00,48,91,2.2857142857142856,0.0,0.0,0.21016666666666664,optimal
2021-02-10 14:30:00,48,91,2.2857142857142856,0.0,0.0,0.1347,optimal
2021-02-10 15:00:00,48,91,2.2857142857142856,0.0,0.0,0.19,optimal
2021-02-10 15:30:00,48,91,2.2857142857142856,0.0,0.0,0.16526666666666667,optimal
2021-02-10 16:00:00,48,91,0.0,0.0,0.0,0.17959999999999998,optimal
2021-02-10 16:30:00,48,91,0.0,0.0,0.0,0.1418,optimal
2021-02-10 17:00:00,48,91,0.0,0.0,0.0,0.302,optimal
2021-02-10 17:30:00,48,91,0.0,0.0,0.0,0.5317333333333334,optimal
2021-02-10 18:00:00,48,91,0.0,0.0,0.0,0.2934333333333333,optimal
2021-02-10 18:30:00,48,91,0.0,0.0,0.0,0.4269333333333333,optimal
2021-02-10 19:00:00,48,91,0.0,0.0,0.0,0.4158,optimal
2021-02-10 19:30:00,48,91,0.0,0.0,0.0,0.5995666666666667,optimal
2021-02-10 20:00:00,48,91,0.4052171511499988,0.0,0.0,0.5376000000000001,optimal
2021-02-10 20:30:00,48,91,0.0,0.0,0.0,0.37846666666666656,optimal
2021-02-10 21:00:00,48,91,0.0,0.0,0.0,0.6879,optimal
2021-02-10 21:30:00,48,91,0.0,0.0,0.0,0.37573333333333336,optimal
2021-02-10 22:00:00,48,91,0.0,0.0,0.0,0.47313333333333335,optimal
2021-02-10 22:30:00,48,91,0.0,0.0,0.0,0.3684666666666666,optimal
2021-02-10 23:00:00,48,91,0.0,0.0,0.0,0.19,optimal
2021-02-10 23:30:00,48,91,0.0,0.0,0.0,0.22676666666666667,optimal
2021-02-11 00:00:00,48,91,0.0,0.0,0.0,0.056,optimal
2021-02-11 00:30:00,48,91,2.2857142857142856,0.0,0.0,0.056,optimal
2021-02-11 01:00:00,48,91,2.079945292610648,0.0,0.0,0.09333333333333331,optimal
2021-02-11 01:30:00,48,91,2.2857142857142856,0.0,0.0,0.08586666666666666,optimal
2021-02-11 02:00:00,48,91,2.2857142857142856,0.0,0.0,0.056,optimal
2021-02-11 02:30:00,48,91,2.2857142857142856,0.0,0.0,0.056,optimal
2021-02-11 03:00:00,48,91,2.2857142857142856,0.0,0.0,0.059733333333333326,optimal
2021-02-11 03:30:00,48,91,2.2857142857142856,0.0,0.0,0.11946666666666668,optimal
2021-02-11 04:00:00,48,91,2.2857142857142856,0.0,0.0,0.08213333333333334,optimal
2021-02-11 04:30:00,48,91,2.2857142857142856,0.0,0.0,0.09706666666666666,optimal
2021-02-11 05:00:00,48,91,2.2857142857142856,0.0,0.0,0.056,optimal
2021-02-11 05:30:00,48,91,2.2857142857142856,0.0,0.0,0.07840000000000001,optimal
2021-02-11 06:00:00,48,91,2.2857142857142856,0.0,0.0,0.1008,optimal
2021-02-11 06:30:00,48,91,2.2857142857142856,0.0,0.0,0.08213333333333334,optimal
2021-02-11 07:00:00,48,91,2.2857142857142856,0.0,9.637843389712911,0.09706666666666666,optimal
2021-02-11 07:30:00,48,91,2.2857142857142856,0.0,0.0,0.056,optimal
2021-02-11 08:00:00,48,91,1.4583165751304303,0.0,0.0,0.06843333333333333,optimal
2021-02-11 08:30:00,48,91,1.4587825957366463,0.0,0.0,0.13119999999999998,optimal
2021-02-11 09:00:00,48,91,1.3036989697605343,0.0,0.0,0.064,optimal
2021-02-11 09:30:00,48,91,1.1842965526159115,0.0,0.0,0.13119999999999998,optimal
2021-02-11 10:00:00,48,91,0.7557155401583957,0.0,0.0,0.16069999999999998,optimal
2021-02-11 10:30:00,48,91,0.7423700987737618,0.0,0.0,0.3516666666666667,optimal
2021-02-11 11:00:00,48,91,0.5288347467239375,0.0,0.0,0.394,optimal
2021-02-11 11:30:00,48,91,0.4903617865499568,0.0,0.0,0.34833333333333333,optimal
2021-02-11 12:00:00,48,91,0.3268058464603347,0.0,0.0,0.0864,optimal
2021-02-11 12:30:00,48,91,0.28855467780161675,0.0,0.0,0.064,optimal
2021-02-11 13:00:00,48,91,2.2857142857142856,0.0,0.0,0.06533333333333333,optimal
2021-02-11 13:30:00,48,91,2.2857142857142856,0.0,0.0,0.066,optimal
2021-02-11 14:00:00,48,91,2.2857142857142856,0.0,0.0,0.13319999999999999,optimal
2021-02-11 14:30:00,48,91,2.2857142857142856,0.0,0.0,0.066,optimal
2021-02-11 15:00:00,48,91,2.2857142857142856,0.0,0.0,0.066,optimal
2021-02-11 15:30:00,48,91,2.2857142857142856,0.0,0.0,0.066,optimal
2021-02-11 16:00:00,48,91,0.0,0.0,0.0,0.10333333333333332,optimal
2021-02-11 16:30:00,48,91,0.0,0.0,0.0,0.09586666666666666,optimal
2021-02-11 17:00:00,48,91,0.0,0.0,0.0,0.11826666666666669,optimal
2021-02-11 17:30:00,48,91,0.0,0.0,0.0,0.08093333333333334,optimal
2021-02-11 18:00:00,48,91,0.0,0.0,0.0,0.064,optimal
2021-02-11 18:30:00,48,91,0.0,0.0,0.0,0.064,optimal
2021-02-11 19:00:00,48,91,0.0,0.0,0.0,0.0691,optimal
2021-02-11 19:30:00,48,91,1.1192730365327879,0.0,0.0,0.0994,optimal
2021-02-11 20:00:00,48,91,1.604323096478994,0.0,0.0,0.1905,optimal
2021-02-11 20:30:00,48,91,0.0,0.0,0.0,0.5006,optimal
2021-02-11 21:00:00,48,91,0.0,0.0,0.0,0.4981333333333333,optimal
2021-02-11 21:30:00,48,91,0.0,0.0,0.0,0.25016666666666665,optimal
2021-02-11 22:00:00,48,91,0.0,0.0,0.0,0.08136666666666666,optimal
2021-02-11 22:30:00,48,91,0.0,0.0,0.0,0.1257333333333333,optimal
2021-02-11 23:00:00,48,91,0.0,0.0,0.0,0.07346666666666667,optimal
2021-02-11 23:30:00,48,91,0.0,0.0,0.0,0.13219999999999998,optimal
2021-02-12 00:00:00,48,91,0.3646061236069001,0.0,0.0,0.068,optimal
2021-02-12 00:30:00,48,91,2.2857142857142856,0.0,0.0,0.06266666666666666,optimal
2021-02-12 01:00:00,48,91,2.2857142857142856,0.0,0.0,0.1216,optimal
2021-02-12 01:30:00,48,91,2.2857142857142856,0.0,0.0,0.058,optimal
2021-02-12 02:00:00,48,91,2.2857142857142856,0.0,0.0,0.063,optimal
2021-02-12 02:30:00,48,91,2.2857142857142856,0.0,0.0,0.068,optimal
2021-02-12 03:00:00,48,91,2.2857142857142856,0.0,0.0,0.059,optimal
2021-02-12 03:30:00,48,91,2.2857142857142856,0.0,0.0,0.11806666666666667,optimal
2021-02-12 04:00:00,48,91,2.2857142857142856,0.0,0.0,0.06153333333333333,optimal
2021-02-12 04:30:00,48,91,2.2857142857142856,0.0,0.0,0.09333333333333331,optimal
2021-02-12 05:00:00,48,91,2.2857142857142856,0.0,0.0,0.08626666666666667,optimal
2021-02-12 05:30:00,48,91,2.2857142857142856,0.0,0.0,0.10393333333333334,optimal
2021-02-12 06:00:00,48,91,2.2857142857142856,0.0,0.0,0.08066666666666668,optimal
2021-02-12 06:30:00,48,91,2.2857142857142856,0.0,8.441698550084775,0.0724,optimal
2021-02-12 07:00:00,48,91,2.2857142857142856,0.0,10.0,0.23363333333333333,optimal
2021-02-12 07:30:00,48,91,2.2857142857142856,0.0,0.0,0.12446666666666668,optimal
2021-02-12 08:00:00,48,91,1.7994352161706797,0.0,0.0,0.20980000000000001,optimal
2021-02-12 08:30:00,48,91,1.4113264182488185,0.0,0.0,0.213,optimal
2021-02-12 09:00:00,48,91,1.284330397118519,0.0,0.0,0.2147333333333333,optimal
2021-02-12 09:30:00,48,91,1.1304224123542541,0.0,0.0,0.23846666666666666,optimal
2021-02-12 10:00:00,48,91,0.7070300331483386,0.0,0.0,0.189,optimal
2021-02-12 10:30:00,48,91,0.41781905756349497,0.0,0.0,1.5426666666666669,optimal
2021-02-12 11:00:00,48,91,0.33896542261283413,0.0,0.0,2.0074,optimal
2021-02-12 11:30:00,48,91,0.2733059554266407,0.0,0.0,2.5008666666666666,optimal
2021-02-12 12:00:00,48,91,0.2939934942792949,0.0,0.0,0.7493333333333334,optimal
2021-02-12 12:30:00,48,91,0.3142978366168938,0.0,0.0,0.17223333333333332,optimal
2021-02-12 13:00:00,48,91,2.2857142857142856,0.0,0.0,0.29046666666666665,optimal
2021-02-12 13:30:00,48,91,2.2857142857142856,0.0,0.0,0.15369999999999998,optimal
2021-02-12 14:00:00,48,91,2.2857142857142856,0.0,0.0,0.095,optimal
2021-02-12 14:30:00,48,91,2.2857142857142856,0.0,0.0,0.058,optimal
2021-02-12 15:00:00,48,91,2.2857142857142856,0.0,0.0,0.07213333333333334,optimal
2021-02-12 15:30:00,48,91,2.2857142857142856,0.0,0.0,0.10746666666666668,optimal
2021-02-12 16:00:00,48,91,0.0,0.0,0.0,0.0686,optimal
2021-02-12 16:30:00,48,91,0.0,0.0,0.0,0.111,optimal
2021-02-12 17:00:00,48,91,0.0,0.0,0.0,0.063,optimal
2021-02-12 17:30:00,48,91,0.0,0.0,0.0,0.1316,optimal
2021-02-12 18:00:00,48,91,0.0,0.0,0.0,0.063,optimal
2021-02-12 18:30:00,48,91,0.0,0.0,0.0,0.10393333333333334,optimal
2021-02-12 19:00:00,48,91,0.0,0.0,0.0,0.07566666666666667,optimal
2021-02-12 19:30:00,48,91,0.05608438933513866,0.0,0.0,0.0736,optimal
2021-02-12 20:00:00,48,91,1.3798291653900683,0.0,0.0,0.121,optimal
2021-02-12 20:30:00,48,91,0.0,0.0,0.0,0.11696666666666668,optimal
2021-02-12 21:00:00,48,91,0.0,0.0,0.0,0.26766666666666666,optimal
2021-02-12 21:30:00,48,91,0.0,0.0,0.0,0.203,optimal
2021-02-12 22:00:00,48,91,0.0,0.0,0.0,0.2014,optimal
2021-02-12 22:30:00,48,91,0.0,0.0,0.0,0.26580000000000004,optimal
2021-02-12 23:00:00,48,91,0.0398095238095238,0.0,0.0,0.058,optimal
2021-02-12 23:30:00,48,91,0.0,0.0,0.0,0.23686666666666667,optimal
2021-02-13 00:00:00,48,91,0.0,0.0,0.0,0.065,optimal
2021-02-13 00:30:00,48,91,0.23885714285714285,0.0,0.0,0.063,optimal
2021-02-13 01:00:00,48,91,0.0,0.0,0.0,0.1354,optimal
2021-02-13 01:30:00,48,91,0.0,0.0,0.0,0.21819999999999998,optimal
2021-02-13 02:00:00,48,91,2.107166720871834,0.0,0.0,0.063,optimal
2021-02-13 02:30:00,48,91,2.2857142857142856,0.0,0.0,0.2906,optimal
2021-02-13 03:00:00,48,91,2.2857142857142856,0.0,0.0,0.063,optimal
2021-02-13 03:30:00,48,91,2.2857142857142856,0.0,0.0,0.10383333333333332,optimal
2021-02-13 04:00:00,48,91,2.2857142857142856,0.0,0.0,0.10383333333333332,optimal
2021-02-13 04:30:00,48,91,2.2857142857142856,0.0,0.0,0.2089333333333333,optimal
2021-02-13 05:00:00,48,91,2.2857142857142856,0.0,0.0,0.12716666666666668,optimal
2021-02-13 05:30:00,48,91,2.2857142857142856,0.0,0.0,0.21316666666666662,optimal
2021-02-13 06:00:00,48,91,2.2857142857142856,0.0,0.0,0.07626666666666666,optimal
2021-02-13 06:30:00,48,91,2.2857142857142856,0.0,7.129079058140409,0.22563333333333332,optimal
2021-02-13 07:00:00,48,91,2.2857142857142856,0.0,10.0,0.14596666666666666,optimal
2021-02-13 07:30:00,48,91,2.2857142857142856,0.0,0.0,0.07579999999999999,optimal
2021-02-13 08:00:00,48,91,1.317547571146361,0.0,0.0,0.2849,optimal
2021-02-13 08:30:00,48,91,1.297912865864913,0.0,0.0,0.2511,optimal
2021-02-13 09:00:00,48,91,1.1443875427978583,0.0,0.0,0.18359999999999999,optimal
2021-02-13 09:30:00,48,91,1.084823540200184,0.0,0.0,0.2262333333333333,optimal
2021-02-13 10:00:00,48,91,0.7877143228213553,0.0,0.0,0.2524,optimal
2021-02-13 10:30:00,48,91,0.694451046111344,0.0,0.0,0.6193666666666666,optimal
2021-02-13 11:00:00,48,91,0.4946065338300927,0.0,0.0,0.2618333333333333,optimal
2021-02-13 11:30:00,48,91,0.49756230473912155,0.0,0.0,0.2908,optimal
2021-02-13 12:00:00,48,91,0.35378568514205383,0.0,0.0,0.4234666666666666,optimal
2021-02-13 12:30:00,48,91,0.14916389362679294,0.0,0.0,1.6787999999999998,optimal
2021-02-13 13:00:00,48,91,2.2857142857142856,0.0,0.0,1.0133666666666667,optimal
2021-02-13 13:30:00,48,91,2.2857142857142856,0.0,0.0,0.29386666666666666,optimal
2021-02-13 14:00:00,48,91,2.2857142857142856,0.0,0.0,0.6453333333333334,optimal
2021-02-13 14:30:00,48,91,2.2857142857142856,0.0,0.0,0.2561333333333333,optimal
2021-02-13 15:00:00,48,91,2.2857142857142856,0.0,0.0,0.14666666666666667,optimal
2021-02-13 15:30:00,48,91,2.2857142857142856,0.0,0.0,0.1625,optimal
2021-02-13 16:00:00,48,91,0.0,0.0,0.0,0.10943333333333334,optimal
2021-02-13 16:30:00,48,91,0.0,0.0,0.0,0.09753333333333332,optimal
2021-02-13 17:00:00,48,91,0.0,0.0,0.0,0.3904666666666666,optimal
2021-02-13 17:30:00,48,91,0.0,0.0,0.0,0.5712,optimal
2021-02-13 18:00:00,48,91,0.0,0.0,0.0,0.6539333333333333,optimal
2021-02-13 18:30:00,48,91,0.0,0.0,0.0,0.3829333333333333,optimal
2021-02-13 19:00:00,48,91,0.0,0.0,0.0,0.24216666666666664,optimal
2021-02-13 19:30:00,48,91,0.0,0.0,0.0,0.3551,optimal
2021-02-13 20:00:00,48,91,1.0335454227888397,0.0,0.0,0.6677666666666666,optimal
2021-02-13 20:30:00,48,91,0.0,0.0,0.0,0.5958333333333333,optimal
2021-02-13 21:00:00,48,91,0.0,0.0,0.0,0.6302666666666666,optimal
2021-02-13 21:30:00,48,91,0.0,0.0,0.0,0.3699666666666666,optimal
2021-02-13 22:00:00,48,91,0.0,0.0,0.0,0.6938666666666666,optimal
2021-02-13 22:30:00,48,91,0.0,0.0,0.0,0.3798,optimal
2021-02-13 23:00:00,48,91,0.0,0.0,0.0,0.073,optimal
2021-02-13 23:30:00,48,91,0.0,0.0,0.0,0.24753333333333333,optimal
2021-02-07 00:00:00,49,91,0.0,0.0,0.0,0.096,optimal
2021-02-07 00:30:00,49,91,0.0,0.0,0.0,0.259,optimal
2021-02-07 01:00:00,49,91,0.0,0.0,0.0,0.072,optimal
2021-02-07 01:30:00,49,91,0.0,0.0,0.0,0.1368,optimal
2021-02-07 02:00:00,49,91,0.0,0.0,0.0,0.072,optimal
2021-02-07 02:30:00,49,91,0.0,0.0,0.0,0.072,optimal
2021-02-07 03:00:00,49,91,0.0,0.0,0.0,0.1368,optimal
2021-02-07 03:30:00,49,91,0.0,0.0,0.0,0.072,optimal
2021-02-07 04:00:00,49,91,2.2857142857142856,0.0,0.0,0.072,optimal
2021-02-07 04:30:00,49,91,2.2857142857142856,0.0,0.0,0.1368,optimal
2021-02-07 05:00:00,49,91,2.2857142857142856,0.0,0.0,0.072,optimal
2021-02-07 05:30:00,49,91,2.2857142857142856,0.0,0.0,0.072,optimal
2021-02-07 06:00:00,49,91,2.2857142857142856,0.0,0.0,0.2014,optimal
2021-02-07 06:30:00,49,91,2.2857142857142856,0.0,0.0,0.4734,optimal
2021-02-07 07:00:00,49,91,2.2857142857142856,0.0,1.6063785740462473,1.5038666666666665,optimal
2021-02-07 07:30:00,49,91,0.0,0.0,0.0,1.7040333333333333,optimal
2021-02-07 08:00:00,49,91,0.0,0.0,0.0,0.18853333333333333,optimal
2021-02-07 08:30:00,49,91,0.0,0.0,0.0,0.1368,optimal
2021-02-07 09:00:00,49,91,0.0,0.0,0.0,0.072,optimal
2021-02-07 09:30:00,49,91,0.35848814107943355,0.0,0.0,0.072,optimal
2021-02-07 10:00:00,49,91,1.038805489626617,0.0,0.0,0.1368,optimal
2021-02-07 10:30:00,49,91,1.064189185903761,0.0,0.0,0.072,optimal
2021-02-07 11:00:00,49,91,0.9288116373410672,0.0,0.0,0.072,optimal
2021-02-07 11:30:00,49,91,0.9102973516267777,0.0,0.0,0.1368,optimal
2021-02-07 12:00:00,49,91,0.8311911751960817,0.0,0.0,0.072,optimal
2021-02-07 12:30:00,49,91,0.8311911751960817,0.0,0.0,0.072,optimal
2021-02-07 13:00:00,49,91,2.2857142857142856,0.0,0.0,0.1368,optimal
2021-02-07 13:30:00,49,91,2.2857142857142856,0.0,0.0,0.0756,optimal
2021-02-07 14:00:00,49,91,2.2857142857142856,0.0,0.0,0.13319999999999999,optimal
2021-02-07 14:30:00,49,91,2.2857142857142856,0.0,0.0,0.072,optimal
2021-02-07 15:00:00,49,91,2.2857142857142856,0.0,0.0,0.1368,optimal
2021-02-07 15:30:00,49,91,2.2857142857142856,0.0,0.0,0.072,optimal
2021-02-07 16:00:00,49,91,0.0,0.0,0.0,0.2396,optimal
2021-02-07 16:30:00,49,91,0.0,0.0,0.0,0.35553333333333337,optimal
2021-02-07 17:00:00,49,91,0.0,0.0,0.0,0.6301,optimal
2021-02-07 17:30:00,49,91,0.0,0.0,0.0,0.3841333333333333,optimal
2021-02-07 18:00:00,49,91,0.0,0.0,0.0,0.32176666666666665,optimal
2021-02-07 18:30:00,49,91,0.0,0.0,0.0,0.3238333333333333,optimal
2021-02-07 19:00:00,49,91,0.0,0.0,0.0,0.26680000000000004,optimal
2021-02-07 19:30:00,49,91,0.0,0.0,0.0,0.10026666666666668,optimal
2021-02-07 20:00:00,49,91,0.6343026523097302,0.0,0.0,0.8435666666666667,optimal
2021-02-07 20:30:00,49,91,0.0,0.0,0.0,0.32153333333333334,optimal
2021-02-07 21:00:00,49,91,0.0,0.0,0.0,0.30846666666666667,optimal
2021-02-07 21:30:00,49,91,0.0,0.0,0.0,0.0964,optimal
2021-02-07 22:00:00,49,91,0.19904761904761903,0.0,0.0,0.15706666666666666,optimal
2021-02-07 22:30:00,49,91,0.0,0.0,0.0,0.6159,optimal
2021-02-07 23:00:00,49,91,0.0,0.0,0.0,0.4532,optimal
2021-02-07 23:30:00,49,91,0.0,0.0,0.0,0.45180000000000003,optimal
2021-02-08 00:00:00,49,91,0.0,0.0,0.0,0.063,optimal
2021-02-08 00:30:00,49,91,0.6170476190476191,0.0,0.0,0.063,optimal
2021-02-08 01:00:00,49,91,0.0,0.0,0.0,0.132,optimal
2021-02-08 01:30:00,49,91,0.0,0.0,0.0,0.063,optimal
2021-02-08 02:00:00,49,91,0.0,0.0,0.0,0.1205,optimal
2021-02-08 02:30:00,49,91,1.3935929301091852,0.0,0.0,0.0745,optimal
2021-02-08 03:00:00,49,91,2.2857142857142856,0.0,0.0,0.063,optimal
2021-02-08 03:30:00,49,91,2.2857142857142856,0.0,0.0,0.063,optimal
2021-02-08 04:00:00,49,91,2.2857142857142856,0.0,0.0,0.063,optimal
2021-02-08 04:30:00,49,91,2.2857142857142856,0.0,0.0,0.132,optimal
2021-02-08 05:00:00,49,91,2.2857142857142856,0.0,0.0,0.063,optimal
2021-02-08 05:30:00,49,91,2.2857142857142856,0.0,0.0,0.132,optimal
2021-02-08 06:00:00,49,91,2.2857142857142856,0.0,8.841703386850654,0.063,optimal
2021-02-08 06:30:00,49,91,2.2857142857142856,0.0,10.0,0.071,optimal
2021-02-08 07:00:00,49,91,2.2857142857142856,0.0,10.0,0.073,optimal
2021-02-08 07:30:00,49,91,2.2857142857142856,0.0,0.0,2.1258000000000004,optimal
2021-02-08 08:00:00,49,91,1.0595471958208753,0.0,0.0,2.586,optimal
2021-02-08 08:30:00,49,91,1.165978511145663,0.0,0.0,0.5868,optimal
2021-02-08 09:00:00,49,91,0.9935901186442501,0.0,0.0,0.2981666666666667,optimal
2021-02-08 09:30:00,49,91,1.109476478990406,0.0,0.0,0.16,optimal
2021-02-08 10:00:00,49,91,0.9244004628759425,0.0,0.0,0.11133333333333331,optimal
2021-02-08 10:30:00,49,91,0.9368950549107372,0.0,0.0,0.10366666666666668,optimal
2021-02-08 11:00:00,49,91,0.6965695618173752,0.0,0.0,0.073,optimal
2021-02-08 11:30:00,49,91,0.41884300839736516,0.0,0.0,0.692,optimal
2021-02-08 12:00:00,49,91,0.22371664348575926,0.0,0.0,1.0508,optimal
2021-02-08 12:30:00,49,91,0.4304159175981066,0.0,0.0,0.31326666666666664,optimal
2021-02-08 13:00:00,49,91,1.8226848860092215,0.0,0.0,0.3384,optimal
2021-02-08 13:30:00,49,91,2.2857142857142856,0.0,0.0,0.23266666666666663,optimal
2021-02-08 14:00:00,49,91,2.2857142857142856,0.0,0.0,0.073,optimal
2021-02-08 14:30:00,49,91,2.2857142857142856,0.0,0.0,0.142,optimal
2021-02-08 15:00:00,49,91,2.2857142857142856,0.0,0.0,0.16366666666666665,optimal
2021-02-08 15:30:00,49,91,2.2857142857142856,0.0,0.0,1.3407,optimal
2021-02-08 16:00:00,49,91,0.0,0.0,0.0,0.3402333333333333,optimal
2021-02-08 16:30:00,49,91,0.0,0.0,0.0,0.42,optimal
2021-02-08 17:00:00,49,91,0.0,0.0,0.0,0.354,optimal
2021-02-08 17:30:00,49,91,0.0,0.0,0.0,0.29756666666666665,optimal
2021-02-08 18:00:00,49,91,0.0,0.0,0.0,0.22716666666666663,optimal
2021-02-08 18:30:00,49,91,0.0,0.0,0.0,0.15736666666666668,optimal
2021-02-08 19:00:00,49,91,0.0,0.0,0.0,0.37889999999999996,optimal
2021-02-08 19:30:00,49,91,0.0,0.0,0.0,0.20946666666666666,optimal
2021-02-08 20:00:00,49,91,0.0,0.0,0.0,0.288,optimal
2021-02-08 20:30:00,49,91,0.0,0.0,0.0,0.219,optimal
2021-02-08 21:00:00,49,91,0.0,0.0,0.0,0.09423333333333332,optimal
2021-02-08 21:30:00,49,91,0.0,0.0,0.0,0.4167666666666667,optimal
2021-02-08 22:00:00,49,91,0.0199047619047619,0.0,0.0,1.2374666666666667,optimal
2021-02-08 22:30:00,49,91,0.0,0.0,0.0,1.1809,optimal
2021-02-08 23:00:00,49,91,0.0,0.0,0.0,1.2196666666666667,optimal
2021-02-08 23:30:00,49,91,0.0,0.0,0.0,0.11316666666666668,optimal
2021-02-09 00:00:00,49,91,0.0,0.0,0.0,0.183,optimal
2021-02-09 00:30:00,49,91,0.418,0.0,0.0,0.36889999999999995,optimal
2021-02-09 01:00:00,49,91,0.0,0.0,0.0,0.3467,optimal
2021-02-09 01:30:00,49,91,0.0,0.0,0.0,0.14433333333333334,optimal
2021-02-09 02:00:00,49,91,0.22836784673956556,0.0,0.0,0.13419999999999999,optimal
2021-02-09 02:30:00,49,91,2.2857142857142856,0.0,0.0,0.064,optimal
2021-02-09 03:00:00,49,91,2.2857142857142856,0.0,0.0,0.064,optimal
2021-02-09 03:30:00,49,91,2.2857142857142856,0.0,0.0,0.13419999999999999,optimal
2021-02-09 04:00:00,49,91,2.2857142857142856,0.0,0.0,0.07333333333333333,optimal
2021-02-09 04:30:00,49,91,2.2857142857142856,0.0,0.0,0.0855,optimal
2021-02-09 05:00:00,49,91,2.2857142857142856,0.0,0.0,0.1147,optimal
2021-02-09 05:30:00,49,91,2.2857142857142856,0.0,0.0,0.064,optimal
2021-02-09 06:00:00,49,91,2.2857142857142856,0.0,0.0,0.06733333333333333,optimal
2021-02-09 06:30:00,49,91,2.2857142857142856,0.0,7.2766909733850955,0.07166666666666667,optimal
2021-02-09 07:00:00,49,91,2.2857142857142856,0.0,10.0,0.13419999999999999,optimal
2021-02-09 07:30:00,49,91,2.2857142857142856,0.0,0.0,0.3926,optimal
2021-02-09 08:00:00,49,91,1.2736099861248766,0.0,0.0,0.087,optimal
2021-02-09 08:30:00,49,91,1.230467775042474,0.0,0.0,0.1076,optimal
2021-02-09 09:00:00,49,91,1.182175163058897,0.0,0.0,0.12826666666666667,optimal
2021-02-09 09:30:00,49,91,1.1771669313702773,0.0,0.0,0.06466666666666668,optimal
2021-02-09 10:00:00,49,91,0.9083238102272053,0.0,0.0,0.064,optimal
2021-02-09 10:30:00,49,91,0.8911502838200109,0.0,0.0,0.07333333333333333,optimal
2021-02-09 11:00:00,49,91,0.6424768043260947,0.0,0.0,0.06533333333333333,optimal
2021-02-09 11:30:00,49,91,0.6189849561875052,0.0,0.0,0.13419999999999999,optimal
2021-02-09 12:00:00,49,91,0.47383634220863424,0.0,0.0,0.064,optimal
2021-02-09 12:30:00,49,91,0.46501390463292924,0.0,0.0,0.11423333333333333,optimal
2021-02-09 13:00:00,49,91,1.312397126655447,0.0,0.0,0.09796666666666669,optimal
2021-02-09 13:30:00,49,91,2.2857142857142856,0.0,0.0,0.064,optimal
2021-02-09 14:00:00,49,91,2.2857142857142856,0.0,0.0,0.1264,optimal
2021-02-09 14:30:00,49,91,2.2857142857142856,0.0,0.0,0.07746666666666667,optimal
2021-02-09 15:00:00,49,91,2.2857142857142856,0.0,0.0,0.12826666666666667,optimal
2021-02-09 15:30:00,49,91,2.2857142857142856,0.0,0.0,0.10606666666666666,optimal
2021-02-09 16:00:00,49,91,0.0,0.0,0.0,1.2494,optimal
2021-02-09 16:30:00,49,91,0.0,0.0,0.0,1.3034666666666668,optimal
2021-02-09 17:00:00,49,91,0.0,0.0,0.0,0.5263333333333333,optimal
2021-02-09 17:30:00,49,91,0.0,0.0,0.0,0.32780000000000004,optimal
2021-02-09 18:00:00,49,91,0.0,0.0,0.0,0.36323333333333335,optimal
2021-02-09 18:30:00,49,91,0.0,0.0,0.0,0.4722,optimal
2021-02-09 19:00:00,49,91,0.0,0.0,0.0,0.38139999999999996,optimal
2021-02-09 19:30:00,49,91,0.0,0.0,0.0,0.3644,optimal
2021-02-09 20:00:00,49,91,0.0,0.0,0.0,0.4632,optimal
2021-02-09 20:30:00,49,91,0.0,0.0,0.0,0.5859333333333333,optimal
2021-02-09 21:00:00,49,91,0.0,0.0,0.0,0.6023999999999999,optimal
2021-02-09 21:30:00,49,91,0.0,0.0,0.0,0.4216333333333333,optimal
2021-02-09 22:00:00,49,91,0.0,0.0,0.0,0.6632666666666667,optimal
2021-02-09 22:30:00,49,91,0.0,0.0,0.0,0.4424333333333333,optimal
2021-02-09 23:00:00,49,91,0.0,0.0,0.0,0.5184666666666667,optimal
2021-02-09 23:30:00,49,91,0.0,0.0,0.0,0.073,optimal
2021-02-10 00:00:00,49,91,0.0,0.0,0.0,0.046,optimal
2021-02-10 00:30:00,49,91,1.1544761904761904,0.0,0.0,0.046,optimal
2021-02-10 01:00:00,49,91,0.0,0.0,0.0,0.15919999999999998,optimal
2021-02-10 01:30:00,49,91,0.0,0.0,0.0,0.14593333333333333,optimal
2021-02-10 02:00:00,49,91,0.543219594833545,0.0,0.0,0.06963333333333334,optimal
2021-02-10 02:30:00,49,91,2.2857142857142856,0.0,0.0,0.2355,optimal
2021-02-10 03:00:00,49,91,2.2857142857142856,0.0,0.0,0.046,optimal
2021-02-10 03:30:00,49,91,2.2857142857142856,0.0,0.0,0.13886666666666667,optimal
2021-02-10 04:00:00,49,91,2.2857142857142856,0.0,0.0,0.09906666666666666,optimal
2021-02-10 04:30:00,49,91,2.2857142857142856,0.0,0.0,0.046,optimal
2021-02-10 05:00:00,49,91,2.2857142857142856,0.0,0.0,0.24586666666666668,optimal
2021-02-10 05:30:00,49,91,2.2857142857142856,0.0,0.0,0.05926666666666667,optimal
2021-02-10 06:00:00,49,91,2.2857142857142856,0.0,0.0,0.046,optimal
2021-02-10 06:30:00,49,91,2.2857142857142856,0.0,0.0,0.045666666666666654,optimal
2021-02-10 07:00:00,49,91,2.2857142857142856,0.0,9.080278650882054,0.1615,optimal
2021-02-10 07:30:00,49,91,2.2857142857142856,0.0,0.0,0.3521333333333333,optimal
2021-02-10 08:00:00,49,91,1.0543746627912929,0.0,0.0,0.9118999999999999,optimal
2021-02-10 08:30:00,49,91,1.3433882226179124,0.0,0.0,0.18203333333333332,optimal
2021-02-10 09:00:00,49,91,1.2038878737471062,0.0,0.0,0.056,optimal
2021-02-10 09:30:00,49,91,1.0984919097642103,0.0,0.0,0.32430000000000003,optimal
2021-02-10 10:00:00,49,91,0.7877343236394919,0.0,0.0,0.26106666666666667,optimal
2021-02-10 10:30:00,49,91,0.79654449350946,0.0,0.0,0.098,optimal
2021-02-10 11:00:00,49,91,0.5633261860625118,0.0,0.0,0.2795,optimal
2021-02-10 11:30:00,49,91,0.6332662993091633,0.0,0.0,0.055,optimal
2021-02-10 12:00:00,49,91,0.4060315891221003,0.0,0.0,0.0686,optimal
2021-02-10 12:30:00,49,91,0.4263934938839971,0.0,0.0,0.18866666666666662,optimal
2021-02-10 13:00:00,49,91,1.0624512025515123,0.0,0.0,0.11946666666666668,optimal
2021-02-10 13:30:00,49,91,1.7028694185434827,0.0,0.0,0.19903333333333334,optimal
2021-02-10 14:00:00,49,91,2.2857142857142856,0.0,0.0,0.12916666666666665,optimal
2021-02-10 14:30:00,49,91,2.2857142857142856,0.0,0.0,1.0715999999999999,optimal
2021-02-10 15:00:00,49,91,2.2857142857142856,0.0,0.0,0.8396,optimal
2021-02-10 15:30:00,49,91,2.2857142857142856,0.0,0.0,0.3478333333333333,optimal
2021-02-10 16:00:00,49,91,0.0,0.0,0.0,0.217,optimal
2021-02-10 16:30:00,49,91,0.0,0.0,0.0,0.28513333333333335,optimal
2021-02-10 17:00:00,49,91,0.0,0.0,0.0,1.6645333333333332,optimal
2021-02-10 17:30:00,49,91,0.0,0.0,0.0,0.6339666666666667,optimal
2021-02-10 18:00:00,49,91,0.0,0.0,0.0,1.7544333333333333,optimal
2021-02-10 18:30:00,49,91,0.0,0.0,0.0,0.23516666666666663,optimal
2021-02-10 19:00:00,49,91,0.0,0.0,0.0,0.23653333333333332,optimal
2021-02-10 19:30:00,49,91,0.0,0.0,0.0,0.32439999999999997,optimal
2021-02-10 20:00:00,49,91,0.0,0.0,0.0,0.5109333333333332,optimal
2021-02-10 20:30:00,49,91,0.0,0.0,0.0,0.24663333333333332,optimal
2021-02-10 21:00:00,49,91,0.0,0.0,0.0,0.5766333333333333,optimal
2021-02-10 21:30:00,49,91,0.0,0.0,0.0,0.106,optimal
2021-02-10 22:00:00,49,91,0.17914285714285713,0.0,0.0,0.08276666666666667,optimal
2021-02-10 22:30:00,49,91,0.0,0.0,0.0,0.2631,optimal
2021-02-10 23:00:00,49,91,0.0,0.0,0.0,0.42310000000000003,optimal
2021-02-10 23:30:00,49,91,0.0,0.0,0.0,0.08923333333333333,optimal
2021-02-11 00:00:00,49,91,0.0,0.0,0.0,0.063,optimal
2021-02-11 00:30:00,49,91,0.836,0.0,0.0,0.063,optimal
2021-02-11 01:00:00,49,91,1.1430690631918226,0.0,0.0,0.063,optimal
2021-02-11 01:30:00,49,91,2.2857142857142856,0.0,0.0,0.1248,optimal
2021-02-11 02:00:00,49,91,2.2857142857142856,0.0,0.0,0.063,optimal
2021-02-11 02:30:00,49,91,2.2857142857142856,0.0,0.0,0.063,optimal
2021-02-11 03:00:00,49,91,2.2857142857142856,0.0,0.0,0.07673333333333333,optimal
2021-02-11 03:30:00,49,91,2.2857142857142856,0.0,0.0,0.11106666666666666,optimal
2021-02-11 04:00:00,49,91,2.2857142857142856,0.0,0.0,0.08016666666666668,optimal
2021-02-11 04:30:00,49,91,2.2857142857142856,0.0,0.0,0.10763333333333334,optimal
2021-02-11 05:00:00,49,91,2.2857142857142856,0.0,0.0,0.09733333333333331,optimal
2021-02-11 05:30:00,49,91,2.2857142857142856,0.0,0.0,0.09046666666666668,optimal
2021-02-11 06:00:00,49,91,2.2857142857142856,0.0,4.114745584970045,0.063,optimal
2021-02-11 06:30:00,49,91,2.2857142857142856,0.0,10.0,0.1248,optimal
2021-02-11 07:00:00,49,91,2.2857142857142856,0.0,10.0,0.48736666666666667,optimal
2021-02-11 07:30:00,49,91,2.2857142857142856,0.0,0.0,2.2532666666666668,optimal
2021-02-11 08:00:00,49,91,1.3966480037018574,0.0,0.0,1.7548666666666666,optimal
2021-02-11 08:30:00,49,91,1.5333254528795168,0.0,0.0,0.073,optimal
2021-02-11 09:00:00,49,91,1.3567561126176753,0.0,0.0,0.073,optimal
2021-02-11 09:30:00,49,91,1.243410838330192,0.0,0.0,0.073,optimal
2021-02-11 10:00:00,49,91,0.8056012544441136,0.0,0.0,0.1348,optimal
2021-02-11 10:30:00,49,91,0.8644748606785271,0.0,0.0,0.073,optimal
2021-02-11 11:00:00,49,91,0.6630347467239425,0.0,0.0,0.073,optimal
2021-02-11 11:30:00,49,91,0.6115141675023363,0.0,0.0,0.073,optimal
2021-02-11 12:00:00,49,91,0.37312013217461765,0.0,0.0,0.073,optimal
2021-02-11 12:30:00,49,91,0.31865943970637095,0.0,0.0,0.10733333333333331,optimal
2021-02-11 13:00:00,49,91,2.2857142857142856,0.0,0.0,0.10046666666666668,optimal
2021-02-11 13:30:00,49,91,2.2857142857142856,0.0,0.0,0.1157,optimal
2021-02-11 14:00:00,49,91,2.2857142857142856,0.0,0.0,0.11376666666666668,optimal
2021-02-11 14:30:00,49,91,2.2857142857142856,0.0,0.0,0.2197666666666667,optimal
2021-02-11 15:00:00,49,91,2.2857142857142856,0.0,0.0,0.35846666666666666,optimal
2021-02-11 15:30:00,49,91,2.2857142857142856,0.0,0.0,0.0805,optimal
2021-02-11 16:00:00,49,91,0.0,0.0,0.0,0.1343,optimal
2021-02-11 16:30:00,49,91,0.0,0.0,0.0,0.087,optimal
2021-02-11 17:00:00,49,91,0.0,0.0,0.0,0.1691,optimal
2021-02-11 17:30:00,49,91,0.0,0.0,0.0,0.31743333333333335,optimal
2021-02-11 18:00:00,49,91,0.0,0.0,0.0,0.2605,optimal
2021-02-11 18:30:00,49,91,0.0,0.0,0.0,0.32889999999999997,optimal
2021-02-11 19:00:00,49,91,0.0,0.0,0.0,0.41023333333333334,optimal
2021-02-11 19:30:00,49,91,0.06753953374780332,0.0,0.0,0.46853333333333336,optimal
2021-02-11 20:00:00,49,91,1.565313572669463,0.0,0.0,0.5468,optimal
2021-02-11 20:30:00,49,91,0.0,0.0,0.0,0.4560666666666667,optimal
2021-02-11 21:00:00,49,91,0.0,0.0,0.0,0.5422666666666667,optimal
2021-02-11 21:30:00,49,91,0.0,0.0,0.0,0.6319,optimal
2021-02-11 22:00:00,49,91,0.0398095238095238,0.0,0.0,0.5120333333333333,optimal
2021-02-11 22:30:00,49,91,0.0,0.0,0.0,0.4363,optimal
2021-02-11 23:00:00,49,91,0.0,0.0,0.0,0.08673333333333333,optimal
2021-02-11 23:30:00,49,91,0.0,0.0,0.0,0.073,optimal
2021-02-12 00:00:00,49,91,1.5001788759390458,0.0,0.0,0.056,optimal
2021-02-12 00:30:00,49,91,2.2857142857142856,0.0,0.0,0.1256,optimal
2021-02-12 01:00:00,49,91,2.2857142857142856,0.0,0.0,0.07540000000000001,optimal
2021-02-12 01:30:00,49,91,2.2857142857142856,0.0,0.0,0.27953333333333336,optimal
2021-02-12 02:00:00,49,91,2.2857142857142856,0.0,0.0,0.056,optimal
2021-02-12 02:30:00,49,91,2.2857142857142856,0.0,0.0,0.288,optimal
2021-02-12 03:00:00,49,91,2.2857142857142856,0.0,0.0,0.13653333333333334,optimal
2021-02-12 03:30:00,49,91,2.2857142857142856,0.0,0.0,0.0854,optimal
2021-02-12 04:00:00,49,91,2.2857142857142856,0.0,0.0,0.33913333333333334,optimal
2021-02-12 04:30:00,49,91,2.2857142857142856,0.0,0.0,0.056,optimal
2021-02-12 05:00:00,49,91,2.2857142857142856,0.0,0.0,0.2625,optimal
2021-02-12 05:30:00,49,91,2.2857142857142856,0.0,3.0497222150891528,0.16203333333333333,optimal
2021-02-12 06:00:00,49,91,2.2857142857142856,0.0,10.0,0.056,optimal
2021-02-12 06:30:00,49,91,2.2857142857142856,0.0,10.0,0.15816666666666665,optimal
2021-02-12 07:00:00,49,91,2.2857142857142856,0.0,0.0,0.30246666666666666,optimal
2021-02-12 07:30:00,49,91,2.2857142857142856,0.0,0.0,0.19516666666666663,optimal
2021-02-12 08:00:00,49,91,2.2857142857142856,0.0,0.0,0.25610000000000005,optimal
2021-02-12 08:30:00,49,91,1.4473197296576197,0.0,0.0,0.26103333333333334,optimal
2021-02-12 09:00:00,49,91,1.2563684923566214,0.0,0.0,0.14716666666666667,optimal
2021-02-12 09:30:00,49,91,1.067174793306645,0.0,0.0,0.20106666666666664,optimal
2021-02-12 10:00:00,49,91,0.6928566998150224,0.0,0.0,0.586,optimal
2021-02-12 10:30:00,49,91,0.6199714385158739,0.0,0.0,1.2835666666666665,optimal
2021-02-12 11:00:00,49,91,0.39009304166045233,0.0,0.0,0.41856666666666664,optimal
2021-02-12 11:30:00,49,91,0.33243166971234506,0.0,0.0,0.43106666666666665,optimal
2021-02-12 12:00:00,49,91,0.18610016094594767,0.0,0.0,0.5103,optimal
2021-02-12 12:30:00,49,91,0.163143550902619,0.0,0.0,0.6738999999999999,optimal
2021-02-12 13:00:00,49,91,2.0416309900345775,0.0,0.0,0.4549666666666666,optimal
2021-02-12 13:30:00,49,91,2.2857142857142856,0.0,0.0,0.28646666666666665,optimal
2021-02-12 14:00:00,49,91,2.2857142857142856,0.0,0.0,0.14063333333333333,optimal
2021-02-12 14:30:00,49,91,2.2857142857142856,0.0,0.0,0.16163333333333332,optimal
2021-02-12 15:00:00,49,91,2.2857142857142856,0.0,0.0,0.066,optimal
2021-02-12 15:30:00,49,91,2.2857142857142856,0.0,0.0,0.14853333333333332,optimal
2021-02-12 16:00:00,49,91,0.0,0.0,0.0,0.19533333333333328,optimal
2021-02-12 16:30:00,49,91,0.0,0.0,0.0,0.066,optimal
2021-02-12 17:00:00,49,91,0.0,0.0,0.0,0.2714,optimal
2021-02-12 17:30:00,49,91,0.0,0.0,0.0,0.32743333333333335,optimal
2021-02-12 18:00:00,49,91,0.0,0.0,0.0,1.7340666666666666,optimal
2021-02-12 18:30:00,49,91,0.0,0.0,0.0,0.5206000000000001,optimal
2021-02-12 19:00:00,49,91,0.0,0.0,0.0,0.42819999999999997,optimal
2021-02-12 19:30:00,49,91,0.0,0.0,0.0,0.4389333333333333,optimal
2021-02-12 20:00:00,49,91,0.0,0.0,0.0,0.5507000000000001,optimal
2021-02-12 20:30:00,49,91,0.0,0.0,0.0,0.6071,optimal
2021-02-12 21:00:00,49,91,0.0,0.0,0.0,0.5682666666666667,optimal
2021-02-12 21:30:00,49,91,0.0,0.0,0.0,0.2622,optimal
2021-02-12 22:00:00,49,91,0.0398095238095238,0.0,0.0,0.5883999999999999,optimal
2021-02-12 22:30:00,49,91,0.0,0.0,0.0,0.39926666666666666,optimal
2021-02-12 23:00:00,49,91,0.0,0.0,0.0,0.16366666666666665,optimal
2021-02-12 23:30:00,49,91,0.0,0.0,0.0,0.27653333333333335,optimal
2021-02-13 00:00:00,49,91,0.0,0.0,0.0,0.064,optimal
2021-02-13 00:30:00,49,91,1.0947619047619048,0.0,0.0,0.1288,optimal
2021-02-13 01:00:00,49,91,0.0,0.0,0.0,0.28876666666666667,optimal
2021-02-13 01:30:00,49,91,0.0,0.0,0.0,0.1437,optimal
2021-02-13 02:00:00,49,91,1.319216941048601,0.0,0.0,0.13353333333333334,optimal
2021-02-13 02:30:00,49,91,2.2857142857142856,0.0,0.0,0.23413333333333333,optimal
2021-02-13 03:00:00,49,91,2.2857142857142856,0.0,0.0,0.064,optimal
2021-02-13 03:30:00,49,91,2.2857142857142856,0.0,0.0,0.5823333333333334,optimal
2021-02-13 04:00:00,49,91,2.2857142857142856,0.0,0.0,0.09709999999999999,optimal
2021-02-13 04:30:00,49,91,2.2857142857142856,0.0,0.0,0.08363333333333334,optimal
2021-02-13 05:00:00,49,91,2.2857142857142856,0.0,0.0,0.34726666666666667,optimal
2021-02-13 05:30:00,49,91,2.2857142857142856,0.0,5.463784639327273,0.064,optimal
2021-02-13 06:00:00,49,91,2.2857142857142856,0.0,10.0,0.1884333333333333,optimal
2021-02-13 06:30:00,49,91,2.2857142857142856,0.0,10.0,0.24403333333333332,optimal
2021-02-13 07:00:00,49,91,2.2857142857142856,0.0,10.0,0.07033333333333333,optimal
2021-02-13 07:30:00,49,91,2.2857142857142856,0.0,0.0,0.21680000000000002,optimal
2021-02-13 08:00:00,49,91,1.3474428092415893,0.0,0.0,0.1635,optimal
2021-02-13 08:30:00,49,91,1.2641223896744413,0.0,0.0,0.25676666666666664,optimal
2021-02-13 09:00:00,49,91,1.1453970666073625,0.0,0.0,0.1378,optimal
2021-02-13 09:30:00,49,91,1.0412711592477921,0.0,0.0,0.3244666666666666,optimal
2021-02-13 10:00:00,49,91,0.7090476561546764,0.0,0.0,0.4065,optimal
2021-02-13 10:30:00,49,91,0.466755808016111,0.0,0.0,1.7271666666666667,optimal
2021-02-13 11:00:00,49,91,0.2914160576396049,0.0,0.0,0.8954333333333333,optimal
2021-02-13 11:30:00,49,91,0.2755413523581745,0.0,0.0,0.9174333333333332,optimal
2021-02-13 12:00:00,49,91,0.25683330418967326,0.0,0.0,0.36556666666666665,optimal
2021-02-13 12:30:00,49,91,0.2416591317220365,0.0,0.0,0.3436,optimal
2021-02-13 13:00:00,49,91,2.2857142857142856,0.0,0.0,0.6372333333333333,optimal
2021-02-13 13:30:00,49,91,2.2857142857142856,0.0,0.0,0.307,optimal
2021-02-13 14:00:00,49,91,2.2857142857142856,0.0,0.0,0.365,optimal
2021-02-13 14:30:00,49,91,2.2857142857142856,0.0,0.0,0.1752,optimal
2021-02-13 15:00:00,49,91,2.2857142857142856,0.0,0.0,0.2526,optimal
2021-02-13 15:30:00,49,91,2.2857142857142856,0.0,0.0,0.1842666666666667,optimal
2021-02-13 16:00:00,49,91,0.0,0.0,0.0,0.15719999999999998,optimal
2021-02-13 16:30:00,49,91,0.0,0.0,0.0,0.26726666666666665,optimal
2021-02-13 17:00:00,49,91,0.0,0.0,0.0,0.18519999999999998,optimal
2021-02-13 17:30:00,49,91,0.0,0.0,0.0,0.18130000000000002,optimal
2021-02-13 18:00:00,49,91,0.0,0.0,0.0,0.7077,optimal
2021-02-13 18:30:00,49,91,0.0,0.0,0.0,1.761,optimal
2021-02-13 19:00:00,49,91,0.0,0.0,0.0,0.5754,optimal
2021-02-13 19:30:00,49,91,0.0,0.0,0.0,1.7102666666666668,optimal
2021-02-13 20:00:00,49,91,0.21831772290906762,0.0,0.0,1.7580333333333333,optimal
2021-02-13 20:30:00,49,91,0.0,0.0,0.0,1.0433,optimal
2021-02-13 21:00:00,49,91,0.0,0.0,0.0,0.4665,optimal
2021-02-13 21:30:00,49,91,0.0,0.0,0.0,0.6512,optimal
2021-02-13 22:00:00,49,91,0.0199047619047619,0.0,0.0,0.6116,optimal
2021-02-13 22:30:00,49,91,0.0,0.0,0.0,0.9912666666666667,optimal
2021-02-13 23:00:00,49,91,0.0,0.0,0.0,0.7057666666666667,optimal
2021-02-13 23:30:00,49,91,0.0,0.0,0.0,0.4497333333333334,optimal
2021-02-07 00:00:00,50,91,0.0,0.0,0.0,0.056,optimal
2021-02-07 00:30:00,50,91,0.0,0.0,0.0,0.056,optimal
2021-02-07 01:00:00,50,91,0.0,0.0,0.0,0.1512,optimal
2021-02-07 01:30:00,50,91,0.0,0.0,0.0,0.06533333333333333,optimal
2021-02-07 02:00:00,50,91,0.0,0.0,0.0,0.2216,optimal
2021-02-07 02:30:00,50,91,0.0,0.0,0.0,0.0696,optimal
2021-02-07 03:00:00,50,91,0.0,0.0,0.0,0.14466666666666667,optimal
2021-02-07 03:30:00,50,91,0.0,0.0,0.0,0.06066666666666666,optimal
2021-02-07 04:00:00,50,91,2.2857142857142856,0.0,0.0,0.07640000000000001,optimal
2021-02-07 04:30:00,50,91,2.2857142857142856,0.0,0.0,0.22413333333333332,optimal
2021-02-07 05:00:00,50,91,2.2857142857142856,0.0,0.0,0.056,optimal
2021-02-07 05:30:00,50,91,2.2857142857142856,0.0,0.0,0.19319999999999998,optimal
2021-02-07 06:00:00,50,91,2.2857142857142856,0.0,0.0,0.114,optimal
2021-02-07 06:30:00,50,91,2.2857142857142856,0.0,0.0,0.09666666666666669,optimal
2021-02-07 07:00:00,50,91,2.2857142857142856,0.0,1.9104478659086885,0.2072,optimal
2021-02-07 07:30:00,50,91,0.0,0.0,0.0,0.056,optimal
2021-02-07 08:00:00,50,91,0.0,0.0,0.0,0.14866666666666667,optimal
2021-02-07 08:30:00,50,91,0.0,0.0,0.0,0.3851,optimal
2021-02-07 09:00:00,50,91,0.0,0.0,0.0,0.2824,optimal
2021-02-07 09:30:00,50,91,0.1835649991923179,0.0,0.0,0.2746,optimal
2021-02-07 10:00:00,50,91,0.8134150134361219,0.0,0.0,0.25610000000000005,optimal
2021-02-07 10:30:00,50,91,0.7694177573323366,0.0,0.0,0.224,optimal
2021-02-07 11:00:00,50,91,0.8277925897220192,0.0,0.0,0.24186666666666667,optimal
2021-02-07 11:30:00,50,91,0.9156592563887017,0.0,0.0,0.11733333333333332,optimal
2021-02-07 12:00:00,50,91,0.8055054609103627,0.0,0.0,0.16119999999999998,optimal
2021-02-07 12:30:00,50,91,0.8060387942436967,0.0,0.0,0.15933333333333335,optimal
2021-02-07 13:00:00,50,91,2.2857142857142856,0.0,0.0,0.066,optimal
2021-02-07 13:30:00,50,91,2.2857142857142856,0.0,0.0,0.16119999999999998,optimal
2021-02-07 14:00:00,50,91,2.2857142857142856,0.0,0.0,0.15933333333333335,optimal
2021-02-07 14:30:00,50,91,2.2857142857142856,0.0,0.0,0.066,optimal
2021-02-07 15:00:00,50,91,2.2857142857142856,0.0,0.0,0.3085333333333334,optimal
2021-02-07 15:30:00,50,91,2.2857142857142856,0.0,0.0,0.2392,optimal
2021-02-07 16:00:00,50,91,0.0,0.0,0.0,1.3769,optimal
2021-02-07 16:30:00,50,91,0.0,0.0,0.0,0.7694,optimal
2021-02-07 17:00:00,50,91,0.0,0.0,0.0,0.2808333333333333,optimal
2021-02-07 17:30:00,50,91,0.0,0.0,0.0,0.20286666666666667,optimal
2021-02-07 18:00:00,50,91,0.0,0.0,0.0,0.20746666666666666,optimal
2021-02-07 18:30:00,50,91,0.0,0.0,0.0,0.0728,optimal
2021-02-07 19:00:00,50,91,0.0,0.0,0.0,0.066,optimal
2021-02-07 19:30:00,50,91,0.0,0.0,0.0,0.15933333333333335,optimal
2021-02-07 20:00:00,50,91,0.8816203181706124,0.0,0.0,0.16119999999999998,optimal
2021-02-07 20:30:00,50,91,0.0,0.0,0.0,0.066,optimal
2021-02-07 21:00:00,50,91,0.0,0.0,0.0,0.14066666666666666,optimal
2021-02-07 21:30:00,50,91,0.0,0.0,0.0,0.17986666666666667,optimal
2021-02-07 22:00:00,50,91,0.0,0.0,0.0,0.066,optimal
2021-02-07 22:30:00,50,91,0.0,0.0,0.0,0.22733333333333328,optimal
2021-02-07 23:00:00,50,91,0.0,0.0,0.0,0.9791333333333332,optimal
2021-02-07 23:30:00,50,91,0.0,0.0,0.0,0.3007333333333333,optimal
2021-02-08 00:00:00,50,91,0.0,0.0,0.0,0.06,optimal
2021-02-08 00:30:00,50,91,0.9554285714285714,0.0,0.0,0.2591666666666667,optimal
2021-02-08 01:00:00,50,91,0.0,0.0,0.0,0.21066666666666664,optimal
2021-02-08 01:30:00,50,91,0.0,0.0,0.0,0.062,optimal
2021-02-08 02:00:00,50,91,0.0,0.0,0.0,0.2636,optimal
2021-02-08 02:30:00,50,91,1.8092313449245196,0.0,0.0,0.0912,optimal
2021-02-08 03:00:00,50,91,2.2857142857142856,0.0,0.0,0.2159,optimal
2021-02-08 03:30:00,50,91,2.2857142857142856,0.0,0.0,0.1389,optimal
2021-02-08 04:00:00,50,91,2.2857142857142856,0.0,0.0,0.13219999999999998,optimal
2021-02-08 04:30:00,50,91,2.2857142857142856,0.0,0.0,0.17880000000000001,optimal
2021-02-08 05:00:00,50,91,2.2857142857142856,0.0,0.0,0.14043333333333333,optimal
2021-02-08 05:30:00,50,91,2.2857142857142856,0.0,0.0,0.1441,optimal
2021-02-08 06:00:00,50,91,2.2857142857142856,0.0,0.0,0.2305,optimal
2021-02-08 06:30:00,50,91,2.2857142857142856,0.0,5.053657750806517,0.959,optimal
2021-02-08 07:00:00,50,91,2.2857142857142856,0.0,10.0,1.508233333333333,optimal
2021-02-08 07:30:00,50,91,2.2857142857142856,0.0,0.0,0.7980666666666667,optimal
2021-02-08 08:00:00,50,91,1.1465186243923133,0.0,0.0,0.08873333333333333,optimal
2021-02-08 08:30:00,50,91,1.1085623206694728,0.0,0.0,1.0490666666666666,optimal
2021-02-08 09:00:00,50,91,0.9404567853109282,0.0,0.0,0.31803333333333333,optimal
2021-02-08 09:30:00,50,91,0.9443812408951652,0.0,0.0,0.24656666666666663,optimal
2021-02-08 10:00:00,50,91,0.7595433200188098,0.0,0.0,0.31956666666666667,optimal
2021-02-08 10:30:00,50,91,0.8081998168154981,0.0,0.0,0.199,optimal
2021-02-08 11:00:00,50,91,0.507493371341181,0.0,0.0,0.3033333333333333,optimal
2021-02-08 11:30:00,50,91,0.5206430083973522,0.0,0.0,0.35960000000000003,optimal
2021-02-08 12:00:00,50,91,0.5054404530095813,0.0,0.0,0.231,optimal
2021-02-08 12:30:00,50,91,0.4631492509314299,0.0,0.0,0.2166,optimal
2021-02-08 13:00:00,50,91,0.9649305618470977,0.0,0.0,0.39089999999999997,optimal
2021-02-08 13:30:00,50,91,1.8083143043599048,0.0,0.0,1.2880999999999998,optimal
2021-02-08 14:00:00,50,91,2.2857142857142856,0.0,0.0,0.7277666666666667,optimal
2021-02-08 14:30:00,50,91,2.2857142857142856,0.0,0.0,1.452766666666667,optimal
2021-02-08 15:00:00,50,91,2.2857142857142856,0.0,0.0,0.6311666666666667,optimal
2021-02-08 15:30:00,50,91,2.2857142857142856,0.0,0.0,0.2863,optimal
2021-02-08 16:00:00,50,91,0.0,0.0,0.0,0.32456666666666667,optimal
2021-02-08 16:30:00,50,91,0.0,0.0,0.0,0.7257,optimal
2021-02-08 17:00:00,50,91,0.0,0.0,0.0,0.6356333333333333,optimal
2021-02-08 17:30:00,50,91,0.0,0.0,0.0,0.37760000000000005,optimal
2021-02-08 18:00:00,50,91,0.0,0.0,0.0,0.5412,optimal
2021-02-08 18:30:00,50,91,0.0,0.0,0.0,0.2896,optimal
2021-02-08 19:00:00,50,91,0.0,0.0,0.0,0.3368,optimal
2021-02-08 19:30:00,50,91,0.0,0.0,0.0,0.45553333333333335,optimal
2021-02-08 20:00:00,50,91,0.0,0.0,0.0,1.8711333333333326,optimal
2021-02-08 20:30:00,50,91,0.0,0.0,0.0,0.26496666666666663,optimal
2021-02-08 21:00:00,50,91,0.0,0.0,0.0,0.13090000000000002,optimal
2021-02-08 21:30:00,50,91,0.0,0.0,0.0,0.2972333333333333,optimal
2021-02-08 22:00:00,50,91,0.23885714285714285,0.0,0.0,0.5390666666666667,optimal
2021-02-08 22:30:00,50,91,0.0,0.0,0.0,0.24076666666666668,optimal
2021-02-08 23:00:00,50,91,0.0,0.0,0.0,0.3603,optimal
2021-02-08 23:30:00,50,91,0.0,0.0,0.0,0.31089999999999995,optimal
2021-02-09 00:00:00,50,91,0.0,0.0,0.0,0.1987333333333333,optimal
2021-02-09 00:30:00,50,91,0.8758095238095238,0.0,0.0,0.143,optimal
2021-02-09 01:00:00,50,91,0.0,0.0,0.0,0.16833333333333333,optimal
2021-02-09 01:30:00,50,91,0.0,0.0,0.0,0.1278,optimal
2021-02-09 02:00:00,50,91,0.40555895560069344,0.0,0.0,0.11259999999999999,optimal
2021-02-09 02:30:00,50,91,2.2857142857142856,0.0,0.0,0.16833333333333333,optimal
2021-02-09 03:00:00,50,91,2.2857142857142856,0.0,0.0,0.1754,optimal
2021-02-09 03:30:00,50,91,2.2857142857142856,0.0,0.0,0.17833333333333334,optimal
2021-02-09 04:00:00,50,91,2.2857142857142856,0.0,0.0,0.115,optimal
2021-02-09 04:30:00,50,91,2.2857142857142856,0.0,0.0,0.1434,optimal
2021-02-09 05:00:00,50,91,2.2857142857142856,0.0,0.0,0.12273333333333332,optimal
2021-02-09 05:30:00,50,91,2.2857142857142856,0.0,0.0,0.1678,optimal
2021-02-09 06:00:00,50,91,2.2857142857142856,0.0,0.0,0.13019999999999998,optimal
2021-02-09 06:30:00,50,91,2.2857142857142856,0.0,0.0,0.077,optimal
2021-02-09 07:00:00,50,91,2.2857142857142856,0.0,0.0,0.2847333333333333,optimal
2021-02-09 07:30:00,50,91,2.2857142857142856,0.0,0.0,0.077,optimal
2021-02-09 08:00:00,50,91,1.291514748029651,0.0,0.0,0.15806666666666666,optimal
2021-02-09 08:30:00,50,91,1.2681820607567487,0.0,0.0,0.19833333333333328,optimal
2021-02-09 09:00:00,50,91,1.149032305916042,0.0,0.0,0.067,optimal
2021-02-09 09:30:00,50,91,0.9097574075607552,0.0,0.0,1.5708,optimal
2021-02-09 10:00:00,50,91,0.7063238102271883,0.0,0.0,0.2954,optimal
2021-02-09 10:30:00,50,91,0.6162359981057081,0.0,0.0,1.4024666666666668,optimal
2021-02-09 11:00:00,50,91,0.4249529948022676,0.0,0.0,0.5023333333333333,optimal
2021-02-09 11:30:00,50,91,0.2997849561874934,0.0,0.0,0.6024666666666667,optimal
2021-02-09 12:00:00,50,91,0.187021104113386,0.0,0.0,0.4104,optimal
2021-02-09 12:30:00,50,91,0.05032247606150556,0.0,0.0,1.5232,optimal
2021-02-09 13:00:00,50,91,1.4556289964849392,0.0,0.0,1.375233333333333,optimal
2021-02-09 13:30:00,50,91,1.118410403968643,0.0,0.0,0.5033333333333333,optimal
2021-02-09 14:00:00,50,91,2.2857142857142856,0.0,0.0,0.3333333333333333,optimal
2021-02-09 14:30:00,50,91,2.2857142857142856,0.0,0.0,0.4838,optimal
2021-02-09 15:00:00,50,91,2.2857142857142856,0.0,0.0,2.041333333333333,optimal
2021-02-09 15:30:00,50,91,2.2857142857142856,0.0,8.747649895666607,1.3655,optimal
2021-02-09 16:00:00,50,91,0.0,0.0,0.0,0.4142,optimal
2021-02-09 16:30:00,50,91,0.0,0.0,0.0,0.24656666666666663,optimal
2021-02-09 17:00:00,50,91,0.0,0.0,0.0,0.5187666666666666,optimal
2021-02-09 17:30:00,50,91,0.0,0.0,0.0,1.9392,optimal
2021-02-09 18:00:00,50,91,0.0,0.0,0.0,0.22553333333333334,optimal
2021-02-09 18:30:00,50,91,0.0,0.0,0.0,0.2767,optimal
2021-02-09 19:00:00,50,91,0.0,0.0,0.0,0.6701666666666666,optimal
2021-02-09 19:30:00,50,91,0.0,0.0,0.0,0.19803333333333334,optimal
2021-02-09 20:00:00,50,91,0.0,0.0,0.0,0.2889333333333333,optimal
2021-02-09 20:30:00,50,91,0.0,0.0,0.0,0.1801333333333333,optimal
2021-02-09 21:00:00,50,91,0.0,0.0,0.0,0.11773333333333331,optimal
2021-02-09 21:30:00,50,91,0.0,0.0,0.0,0.13126666666666667,optimal
2021-02-09 22:00:00,50,91,0.09952380952380951,0.0,0.0,0.3048666666666667,optimal
2021-02-09 22:30:00,50,91,0.05971428571428571,0.0,0.0,0.43260000000000004,optimal
2021-02-09 23:00:00,50,91,0.0398095238095238,0.0,0.0,0.2803,optimal
2021-02-09 23:30:00,50,91,0.0,0.0,0.0,0.247,optimal
2021-02-10 00:00:00,50,91,0.0,0.0,0.0,0.068,optimal
2021-02-10 00:30:00,50,91,0.9753333333333333,0.0,0.0,0.068,optimal
2021-02-10 01:00:00,50,91,0.0,0.0,0.0,0.068,optimal
2021-02-10 01:30:00,50,91,0.0,0.0,0.0,0.068,optimal
2021-02-10 02:00:00,50,91,1.3232057002268036,0.0,0.0,0.068,optimal
2021-02-10 02:30:00,50,91,2.2857142857142856,0.0,0.0,0.068,optimal
2021-02-10 03:00:00,50,91,2.2857142857142856,0.0,0.0,0.068,optimal
2021-02-10 03:30:00,50,91,2.2857142857142856,0.0,0.0,0.068,optimal
2021-02-10 04:00:00,50,91,2.2857142857142856,0.0,0.0,0.06666666666666667,optimal
2021-02-10 04:30:00,50,91,2.2857142857142856,0.0,0.0,0.24930000000000002,optimal
2021-02-10 05:00:00,50,91,2.2857142857142856,0.0,0.0,0.068,optimal
2021-02-10 05:30:00,50,91,2.2857142857142856,0.0,0.0,0.068,optimal
2021-02-10 06:00:00,50,91,2.2857142857142856,0.0,0.0,0.068,optimal
2021-02-10 06:30:00,50,91,2.2857142857142856,0.0,9.435939311477336,0.06933333333333333,optimal
2021-02-10 07:00:00,50,91,2.2857142857142856,0.0,10.0,0.0775,optimal
2021-02-10 07:30:00,50,91,2.2857142857142856,0.0,0.0,0.09366666666666669,optimal
2021-02-10 08:00:00,50,91,1.2961841866008197,0.0,0.0,0.0906,optimal
2021-02-10 08:30:00,50,91,1.2835882226179132,0.0,0.0,0.09393333333333334,optimal
2021-02-10 09:00:00,50,91,1.1628973975566455,0.0,0.0,0.12726666666666667,optimal
2021-02-10 09:30:00,50,91,1.184091909764211,0.0,0.0,0.078,optimal
2021-02-10 10:00:00,50,91,0.9081724188775936,0.0,0.0,0.078,optimal
2021-02-10 10:30:00,50,91,0.8978683030332769,0.0,0.0,0.078,optimal
2021-02-10 11:00:00,50,91,0.7062690432053668,0.0,0.0,0.078,optimal
2021-02-10 11:30:00,50,91,0.699399632642489,0.0,0.0,0.078,optimal
2021-02-10 12:00:00,50,91,0.4582411129316185,0.0,0.0,0.078,optimal
2021-02-10 12:30:00,50,91,0.4582411129316185,0.0,0.0,0.078,optimal
2021-02-10 13:00:00,50,91,1.7721159082979716,0.0,0.0,0.3413,optimal
2021-02-10 13:30:00,50,91,2.2857142857142856,0.0,0.0,0.078,optimal
2021-02-10 14:00:00,50,91,2.2857142857142856,0.0,0.0,0.078,optimal
2021-02-10 14:30:00,50,91,2.2857142857142856,0.0,0.0,0.078,optimal
2021-02-10 15:00:00,50,91,2.2857142857142856,0.0,0.0,0.078,optimal
2021-02-10 15:30:00,50,91,2.2857142857142856,0.0,0.0,0.078,optimal
2021-02-10 16:00:00,50,91,0.0,0.0,0.0,0.3115333333333334,optimal
2021-02-10 16:30:00,50,91,0.0,0.0,0.0,0.38110000000000005,optimal
2021-02-10 17:00:00,50,91,0.0,0.0,0.0,1.5876666666666668,optimal
2021-02-10 17:30:00,50,91,0.0,0.0,0.0,1.3185666666666667,optimal
2021-02-10 18:00:00,50,91,0.0,0.0,0.0,1.0400999999999998,optimal
2021-02-10 18:30:00,50,91,0.0,0.0,0.0,2.2545666666666664,optimal
2021-02-10 19:00:00,50,91,0.0,0.0,0.0,0.7343666666666667,optimal
2021-02-10 19:30:00,50,91,0.0,0.0,0.0,0.26866666666666666,optimal
2021-02-10 20:00:00,50,91,0.0,0.0,0.0,0.078,optimal
2021-02-10 20:30:00,50,91,0.0,0.0,0.0,0.2763,optimal
2021-02-10 21:00:00,50,91,0.0,0.0,0.0,0.24813333333333332,optimal
2021-02-10 21:30:00,50,91,0.0,0.0,0.0,0.09659999999999999,optimal
2021-02-10 22:00:00,50,91,0.09952380952380951,0.0,0.0,0.35446666666666665,optimal
2021-02-10 22:30:00,50,91,0.0,0.0,0.0,0.4101,optimal
2021-02-10 23:00:00,50,91,0.0,0.0,0.0,0.31293333333333334,optimal
2021-02-10 23:30:00,50,91,0.0,0.0,0.0,0.3491,optimal
2021-02-11 00:00:00,50,91,0.0,0.0,0.0,0.056,optimal
2021-02-11 00:30:00,50,91,0.17914285714285713,0.0,0.0,0.15669999999999998,optimal
2021-02-11 01:00:00,50,91,1.780883574360764,0.0,0.0,0.1415,optimal
2021-02-11 01:30:00,50,91,2.2857142857142856,0.0,0.0,0.05766666666666666,optimal
2021-02-11 02:00:00,50,91,2.2857142857142856,0.0,0.0,0.1356,optimal
2021-02-11 02:30:00,50,91,2.2857142857142856,0.0,0.0,0.17293333333333333,optimal
2021-02-11 03:00:00,50,91,2.2857142857142856,0.0,0.0,0.1256,optimal
2021-02-11 03:30:00,50,91,2.2857142857142856,0.0,0.0,0.1408,optimal
2021-02-11 04:00:00,50,91,2.2857142857142856,0.0,0.0,0.09346666666666668,optimal
2021-02-11 04:30:00,50,91,2.2857142857142856,0.0,0.0,0.13093333333333335,optimal
2021-02-11 05:00:00,50,91,2.2857142857142856,0.0,0.0,0.1726,optimal
2021-02-11 05:30:00,50,91,2.2857142857142856,0.0,0.0,0.0792,optimal
2021-02-11 06:00:00,50,91,2.2857142857142856,0.0,0.0,0.10640000000000001,optimal
2021-02-11 06:30:00,50,91,2.2857142857142856,0.0,0.0,0.0925,optimal
2021-02-11 07:00:00,50,91,2.2857142857142856,0.0,9.738845277316228,0.1441,optimal
2021-02-11 07:30:00,50,91,2.2857142857142856,0.0,0.0,0.112,optimal
2021-02-11 08:00:00,50,91,1.3971051465590105,0.0,0.0,0.32746666666666663,optimal
2021-02-11 08:30:00,50,91,1.5354397385937915,0.0,0.0,0.064,optimal
2021-02-11 09:00:00,50,91,1.3132418269033856,0.0,0.0,0.22203333333333333,optimal
2021-02-11 09:30:00,50,91,1.2379536954730477,0.0,0.0,0.0825,optimal
2021-02-11 10:00:00,50,91,0.8054869687298309,0.0,0.0,0.1256,optimal
2021-02-11 10:30:00,50,91,0.8332748606785225,0.0,0.0,0.1746,optimal
2021-02-11 11:00:00,50,91,0.6496823657715483,0.0,0.0,0.12013333333333334,optimal
2021-02-11 11:30:00,50,91,0.5955808341690173,0.0,0.0,0.12116666666666669,optimal
2021-02-11 12:00:00,50,91,0.3555487036031714,0.0,0.0,0.12490000000000001,optimal
2021-02-11 12:30:00,50,91,0.3305832492301866,0.0,0.0,0.056,optimal
2021-02-11 13:00:00,50,91,2.2857142857142856,0.0,0.0,0.2422,optimal
2021-02-11 13:30:00,50,91,2.2857142857142856,0.0,0.0,0.056,optimal
2021-02-11 14:00:00,50,91,2.2857142857142856,0.0,0.0,0.24309999999999998,optimal
2021-02-11 14:30:00,50,91,2.2857142857142856,0.0,0.0,0.21109999999999998,optimal
2021-02-11 15:00:00,50,91,2.2857142857142856,0.0,0.0,0.05766666666666666,optimal
2021-02-11 15:30:00,50,91,2.2857142857142856,0.0,0.0,0.2363,optimal
2021-02-11 16:00:00,50,91,0.0,0.0,0.0,0.08023333333333334,optimal
2021-02-11 16:30:00,50,91,0.0,0.0,0.0,0.1256,optimal
2021-02-11 17:00:00,50,91,0.0,0.0,0.0,0.17426666666666668,optimal
2021-02-11 17:30:00,50,91,0.0,0.0,0.0,0.1124,optimal
2021-02-11 18:00:00,50,91,0.0,0.0,0.0,0.2675,optimal
2021-02-11 18:30:00,50,91,0.0,0.0,0.0,0.15046666666666667,optimal
2021-02-11 19:00:00,50,91,0.0,0.0,0.0,0.2206,optimal
2021-02-11 19:30:00,50,91,0.7297789281089814,0.0,0.0,0.4823,optimal
2021-02-11 20:00:00,50,91,1.465942144098039,0.0,0.0,0.5592,optimal
2021-02-11 20:30:00,50,91,0.0,0.0,0.0,0.5587666666666666,optimal
2021-02-11 21:00:00,50,91,0.0,0.0,0.0,0.19416666666666663,optimal
2021-02-11 21:30:00,50,91,0.0,0.0,0.0,0.3476666666666667,optimal
2021-02-11 22:00:00,50,91,0.0,0.0,0.0,3.462733333333333,optimal
2021-02-11 22:30:00,50,91,0.0,0.0,0.0,2.6784,optimal
2021-02-11 23:00:00,50,91,0.0,0.0,0.0,0.23553333333333334,optimal
2021-02-11 23:30:00,50,91,0.0,0.0,0.0,0.18059999999999998,optimal
2021-02-12 00:00:00,50,91,0.12163090935046626,0.0,0.0,0.066,optimal
2021-02-12 00:30:00,50,91,2.2857142857142856,0.0,0.0,0.066,optimal
2021-02-12 01:00:00,50,91,2.2857142857142856,0.0,0.0,0.1374,optimal
2021-02-12 01:30:00,50,91,2.2857142857142856,0.0,0.0,0.066,optimal
2021-02-12 02:00:00,50,91,2.2857142857142856,0.0,0.0,0.066,optimal
2021-02-12 02:30:00,50,91,2.2857142857142856,0.0,0.0,0.066,optimal
2021-02-12 03:00:00,50,91,2.2857142857142856,0.0,0.0,0.066,optimal
2021-02-12 03:30:00,50,91,2.2857142857142856,0.0,0.0,0.09773333333333332,optimal
2021-02-12 04:00:00,50,91,2.2857142857142856,0.0,0.0,0.10566666666666669,optimal
2021-02-12 04:30:00,50,91,2.2857142857142856,0.0,0.0,0.066,optimal
2021-02-12 05:00:00,50,91,2.2857142857142856,0.0,0.0,0.1418,optimal
2021-02-12 05:30:00,50,91,2.2857142857142856,0.0,0.0,0.066,optimal
2021-02-12 06:00:00,50,91,2.2857142857142856,0.0,0.0,0.13443333333333335,optimal
2021-02-12 06:30:00,50,91,2.2857142857142856,0.0,0.0,0.07996666666666667,optimal
2021-02-12 07:00:00,50,91,2.2857142857142856,0.0,0.0,0.1474,optimal
2021-02-12 07:30:00,50,91,2.2857142857142856,0.0,0.0,0.076,optimal
2021-02-12 08:00:00,50,91,2.2808637875992686,0.0,0.0,0.086,optimal
2021-02-12 08:30:00,50,91,1.4901454658678819,0.0,0.0,0.09943333333333333,optimal
2021-02-12 09:00:00,50,91,1.2242237304518695,0.0,0.0,1.3787333333333331,optimal
2021-02-12 09:30:00,50,91,1.1599386028304368,0.0,0.0,0.37726666666666664,optimal
2021-02-12 10:00:00,50,91,0.6671443188626254,0.0,0.0,0.2947333333333333,optimal
2021-02-12 10:30:00,50,91,0.6515942956587378,0.0,0.0,0.3172,optimal
2021-02-12 11:00:00,50,91,0.3951749464223588,0.0,0.0,0.4242666666666666,optimal
2021-02-12 11:30:00,50,91,0.40129262209331373,0.0,0.0,0.2906333333333333,optimal
2021-02-12 12:00:00,50,91,0.0,0.0,0.0,2.5890666666666666,optimal
2021-02-12 12:30:00,50,91,0.14180893898125016,0.0,0.0,1.4727999999999999,optimal
2021-02-12 13:00:00,50,91,2.2857142857142856,0.0,0.0,0.8964333333333333,optimal
2021-02-12 13:30:00,50,91,2.076353420657687,0.0,0.0,0.2537,optimal
2021-02-12 14:00:00,50,91,2.2857142857142856,0.0,0.0,0.338,optimal
2021-02-12 14:30:00,50,91,2.2857142857142856,0.0,0.8090961883908826,0.3324,optimal
2021-02-12 15:00:00,50,91,2.2857142857142856,0.0,10.0,0.2833,optimal
2021-02-12 15:30:00,50,91,2.2857142857142856,0.0,10.0,0.46286666666666665,optimal
2021-02-12 16:00:00,50,91,0.0,0.0,0.0,2.9620333333333333,optimal
2021-02-12 16:30:00,50,91,0.0,0.0,0.0,2.6861666666666664,optimal
2021-02-12 17:00:00,50,91,0.0,0.0,0.0,0.6272666666666666,optimal
2021-02-12 17:30:00,50,91,0.0,0.0,0.0,0.5441666666666666,optimal
2021-02-12 18:00:00,50,91,0.0,0.0,0.0,0.5902333333333334,optimal
2021-02-12 18:30:00,50,91,0.0,0.0,0.0,0.47126666666666667,optimal
2021-02-12 19:00:00,50,91,0.0,0.0,0.0,0.4123,optimal
2021-02-12 19:30:00,50,91,0.0,0.0,0.0,0.3915,optimal
2021-02-12 20:00:00,50,91,0.0,0.0,0.0,1.9255,optimal
2021-02-12 20:30:00,50,91,0.0,0.0,0.0,0.3741666666666667,optimal
2021-02-12 21:00:00,50,91,0.0,0.0,0.0,0.4265,optimal
2021-02-12 21:30:00,50,91,0.0,0.0,0.0,0.5541333333333334,optimal
2021-02-12 22:00:00,50,91,0.0398095238095238,0.0,0.0,0.4845,optimal
2021-02-12 22:30:00,50,91,0.0,0.0,0.0,0.5189666666666667,optimal
2021-02-12 23:00:00,50,91,0.0796190476190476,0.0,0.0,0.33763333333333334,optimal
2021-02-12 23:30:00,50,91,0.0,0.0,0.0,0.1444,optimal
2021-02-13 00:00:00,50,91,0.0,0.0,0.0,0.063,optimal
2021-02-13 00:30:00,50,91,1.7317142857142855,0.0,0.0,0.18566666666666662,optimal
2021-02-13 01:00:00,50,91,0.0,0.0,0.0,0.07526666666666666,optimal
2021-02-13 01:30:00,50,91,0.0,0.0,0.0,0.12433333333333331,optimal
2021-02-13 02:00:00,50,91,1.264638790378531,0.0,0.0,0.1366,optimal
2021-02-13 02:30:00,50,91,2.2857142857142856,0.0,0.0,0.063,optimal
2021-02-13 03:00:00,50,91,2.2857142857142856,0.0,0.0,0.131,optimal
2021-02-13 03:30:00,50,91,2.2857142857142856,0.0,0.0,0.1466,optimal
2021-02-13 04:00:00,50,91,2.2857142857142856,0.0,0.0,0.06633333333333333,optimal
2021-02-13 04:30:00,50,91,2.2857142857142856,0.0,7.5356629380227735,0.11206666666666666,optimal
2021-02-13 05:00:00,50,91,2.2857142857142856,0.0,10.0,1.7406,optimal
2021-02-13 05:30:00,50,91,2.2857142857142856,0.0,0.0,0.2582,optimal
2021-02-13 06:00:00,50,91,2.2857142857142856,0.0,0.0,0.0834,optimal
2021-02-13 06:30:00,50,91,2.2857142857142856,0.0,0.0,1.7522,optimal
2021-02-13 07:00:00,50,91,2.2857142857142856,0.0,0.0,0.3815,optimal
2021-02-13 07:30:00,50,91,2.2857142857142856,0.0,0.0,0.2651,optimal
2021-02-13 08:00:00,50,91,1.2705094759082578,0.0,0.0,0.3111333333333333,optimal
2021-02-13 08:30:00,50,91,1.382160484912539,0.0,0.0,0.11526666666666668,optimal
2021-02-13 09:00:00,50,91,1.2499208761311844,0.0,0.0,0.165,optimal
2021-02-13 09:30:00,50,91,1.2590330640097043,0.0,0.0,0.073,optimal
2021-02-13 10:00:00,50,91,0.9852571799642127,0.0,0.0,0.073,optimal
2021-02-13 10:30:00,50,91,0.9523748556351563,0.0,0.0,0.07806666666666666,optimal
2021-02-13 11:00:00,50,91,0.6386065338300736,0.0,0.0,0.2079333333333333,optimal
2021-02-13 11:30:00,50,91,0.6737242095010353,0.0,0.0,0.073,optimal
2021-02-13 12:00:00,50,91,0.514271399427773,0.0,0.0,0.18953333333333333,optimal
2021-02-13 12:30:00,50,91,0.5185829412458509,0.0,0.0,0.1014,optimal
2021-02-13 13:00:00,50,91,2.2857142857142856,0.0,0.0,0.1827333333333333,optimal
2021-02-13 13:30:00,50,91,2.2857142857142856,0.0,0.0,0.15969999999999998,optimal
2021-02-13 14:00:00,50,91,2.2857142857142856,0.0,0.0,0.09666666666666669,optimal
2021-02-13 14:30:00,50,91,2.2857142857142856,0.0,0.0,1.5572000000000001,optimal
2021-02-13 15:00:00,50,91,2.2857142857142856,0.0,0.0,0.4592,optimal
2021-02-13 15:30:00,50,91,2.2857142857142856,0.0,0.0,0.3385,optimal
2021-02-13 16:00:00,50,91,0.0,0.0,0.0,0.22340000000000002,optimal
2021-02-13 16:30:00,50,91,0.0,0.0,0.0,1.7458666666666665,optimal
2021-02-13 17:00:00,50,91,0.0,0.0,0.0,0.6106,optimal
2021-02-13 17:30:00,50,91,0.0,0.0,0.0,0.6992333333333334,optimal
2021-02-13 18:00:00,50,91,0.0,0.0,0.0,0.6134666666666667,optimal
2021-02-13 18:30:00,50,91,0.0,0.0,0.0,0.3507,optimal
2021-02-13 19:00:00,50,91,0.0,0.0,0.0,0.34833333333333333,optimal
2021-02-13 19:30:00,50,91,0.0,0.0,0.0,0.4666,optimal
2021-02-13 20:00:00,50,91,0.5563604308387473,0.0,0.0,0.3241,optimal
2021-02-13 20:30:00,50,91,0.0,0.0,0.0,1.7525,optimal
2021-02-13 21:00:00,50,91,0.0,0.0,0.0,0.2942666666666667,optimal
2021-02-13 21:30:00,50,91,0.0,0.0,0.0,0.2412333333333333,optimal
2021-02-13 22:00:00,50,91,0.11942857142857141,0.0,0.0,0.4345,optimal
2021-02-13 22:30:00,50,91,0.0,0.0,0.0,0.3625333333333334,optimal
2021-02-13 23:00:00,50,91,0.0,0.0,0.0,0.21386666666666668,optimal
2021-02-13 23:30:00,50,91,0.0,0.0,0.0,0.10946666666666668,optimal
2021-02-07 00:00:00,51,91,0.0,0.0,0.0,0.08496666666666666,optimal
2021-02-07 00:30:00,51,91,0.0,0.0,0.0,0.06666666666666667,optimal
2021-02-07 01:00:00,51,91,0.0,0.0,0.0,0.057,optimal
2021-02-07 01:30:00,51,91,0.0,0.0,0.0,0.057,optimal
2021-02-07 02:00:00,51,91,0.0,0.0,0.0,0.057,optimal
2021-02-07 02:30:00,51,91,0.0,0.0,0.0,0.057,optimal
2021-02-07 03:00:00,51,91,0.0,0.0,0.0,0.057,optimal
2021-02-07 03:30:00,51,91,0.0,0.0,0.0,0.086,optimal
2021-02-07 04:00:00,51,91,2.2857142857142856,0.0,0.0,0.067,optimal
2021-02-07 04:30:00,51,91,2.2857142857142856,0.0,0.0,0.067,optimal
2021-02-07 05:00:00,51,91,2.2857142857142856,0.0,0.0,0.067,optimal
2021-02-07 05:30:00,51,91,2.2857142857142856,0.0,0.0,0.067,optimal
2021-02-07 06:00:00,51,91,2.2857142857142856,0.0,0.0,0.067,optimal
2021-02-07 06:30:00,51,91,2.2857142857142856,0.0,0.0,0.067,optimal
2021-02-07 07:00:00,51,91,2.2857142857142856,0.0,1.7076336144509696,0.07046666666666666,optimal
2021-02-07 07:30:00,51,91,0.0,0.0,0.0,0.07429999999999999,optimal
2021-02-07 08:00:00,51,91,0.0,0.0,0.0,0.36460000000000004,optimal
2021-02-07 08:30:00,51,91,0.0,0.0,0.0,0.14073333333333332,optimal
2021-02-07 09:00:00,51,91,0.0,0.0,0.0,0.067,optimal
2021-02-07 09:30:00,51,91,0.8643620735614231,0.0,0.0,0.067,optimal
2021-02-07 10:00:00,51,91,1.058748346769462,0.0,0.0,0.067,optimal
2021-02-07 10:30:00,51,91,1.06561775733234,0.0,0.0,0.067,optimal
2021-02-07 11:00:00,51,91,0.9302402087696457,0.0,0.0,0.067,optimal
2021-02-07 11:30:00,51,91,0.9302402087696457,0.0,0.0,0.067,optimal
2021-02-07 12:00:00,51,91,0.7774768894817811,0.0,0.0,0.122,optimal
2021-02-07 12:30:00,51,91,0.6256006990055899,0.0,0.0,0.28353333333333336,optimal
2021-02-07 13:00:00,51,91,1.5055408007328714,0.0,0.0,0.299,optimal
2021-02-07 13:30:00,51,91,2.2857142857142856,0.0,0.0,0.3736666666666667,optimal
2021-02-07 14:00:00,51,91,2.2857142857142856,0.0,0.0,0.40726666666666667,optimal
2021-02-07 14:30:00,51,91,2.2857142857142856,0.0,0.0,0.6097,optimal
2021-02-07 15:00:00,51,91,2.2857142857142856,0.0,0.0,0.411,optimal
2021-02-07 15:30:00,51,91,2.2857142857142856,0.0,0.0,0.44646666666666657,optimal
2021-02-07 16:00:00,51,91,0.0,0.0,0.0,0.6143666666666667,optimal
2021-02-07 16:30:00,51,91,0.0,0.0,0.0,0.32413333333333333,optimal
2021-02-07 17:00:00,51,91,0.0,0.0,0.0,1.4156333333333335,optimal
2021-02-07 17:30:00,51,91,0.0,0.0,0.0,0.5467666666666666,optimal
2021-02-07 18:00:00,51,91,0.0,0.0,0.0,0.42206666666666665,optimal
2021-02-07 18:30:00,51,91,0.0,0.0,0.0,0.253,optimal
2021-02-07 19:00:00,51,91,0.0,0.0,0.0,0.32916666666666666,optimal
2021-02-07 19:30:00,51,91,0.0,0.0,0.0,0.5539333333333333,optimal
2021-02-07 20:00:00,51,91,0.0,0.0,0.0,1.5394333333333334,optimal
2021-02-07 20:30:00,51,91,0.0,0.0,0.0,0.35603333333333337,optimal
2021-02-07 21:00:00,51,91,0.0,0.0,0.0,0.41043333333333326,optimal
2021-02-07 21:30:00,51,91,0.0,0.0,0.0,0.3645333333333334,optimal
2021-02-07 22:00:00,51,91,0.0,0.0,0.0,0.3293333333333333,optimal
2021-02-07 22:30:00,51,91,0.05971428571428571,0.0,0.0,0.2526,optimal
2021-02-07 23:00:00,51,91,0.0,0.0,0.0,0.3442,optimal
2021-02-07 23:30:00,51,91,0.0,0.0,0.0,0.067,optimal
2021-02-08 00:00:00,51,91,1.612285714285715,0.0,0.0,3.0568,optimal
2021-02-08 00:30:00,51,91,0.7165714285714284,0.0,0.0,0.045,optimal
2021-02-08 01:00:00,51,91,0.0,0.0,0.0,0.045666666666666654,optimal
2021-02-08 01:30:00,51,91,0.0,0.0,0.0,0.047,optimal
2021-02-08 02:00:00,51,91,0.0,0.0,0.0,0.047,optimal
2021-02-08 02:30:00,51,91,1.5070681283365772,0.0,0.0,0.047,optimal
2021-02-08 03:00:00,51,91,2.2857142857142856,0.0,0.0,0.047,optimal
2021-02-08 03:30:00,51,91,2.2857142857142856,0.0,0.0,0.047,optimal
2021-02-08 04:00:00,51,91,2.2857142857142856,0.0,0.0,0.047,optimal
2021-02-08 04:30:00,51,91,2.2857142857142856,0.0,0.0,0.047,optimal
2021-02-08 05:00:00,51,91,2.2857142857142856,0.0,0.0,0.04633333333333334,optimal
2021-02-08 05:30:00,51,91,2.2857142857142856,0.0,0.0,0.24086666666666667,optimal
2021-02-08 06:00:00,51,91,2.2857142857142856,0.0,0.0,0.047,optimal
2021-02-08 06:30:00,51,91,2.2857142857142856,0.0,0.31091973735702766,0.047,optimal
2021-02-08 07:00:00,51,91,2.2857142857142856,0.0,10.0,0.162,optimal
2021-02-08 07:30:00,51,91,2.2857142857142856,0.0,0.0,0.09133333333333331,optimal
2021-02-08 08:00:00,51,91,1.3088805291542218,0.0,0.0,0.047,optimal
2021-02-08 08:30:00,51,91,1.3157499397170997,0.0,0.0,0.047,optimal
2021-02-08 09:00:00,51,91,1.1831615472156767,0.0,0.0,0.047,optimal
2021-02-08 09:30:00,51,91,1.17285743137136,0.0,0.0,0.047,optimal
2021-02-08 10:00:00,51,91,0.9422099866854738,0.0,0.0,0.047,optimal
2021-02-08 10:30:00,51,91,0.9525141025297904,0.0,0.0,0.047,optimal
2021-02-08 11:00:00,51,91,0.7034267046745161,0.0,0.0,0.047,optimal
2021-02-08 11:30:00,51,91,0.6965572941116382,0.0,0.0,0.047,optimal
2021-02-08 12:00:00,51,91,0.6088023577714692,0.0,0.0,0.047,optimal
2021-02-08 12:30:00,51,91,0.5950635366457137,0.0,0.0,0.047,optimal
2021-02-08 13:00:00,51,91,2.2857142857142856,0.0,0.0,0.047,optimal
2021-02-08 13:30:00,51,91,2.2857142857142856,0.0,0.0,1.5954000000000002,optimal
2021-02-08 14:00:00,51,91,2.2857142857142856,0.0,0.0,0.8056,optimal
2021-02-08 14:30:00,51,91,2.2857142857142856,0.0,0.0,0.13646666666666668,optimal
2021-02-08 15:00:00,51,91,2.2857142857142856,0.0,0.0,0.047,optimal
2021-02-08 15:30:00,51,91,2.2857142857142856,0.0,0.0,0.047,optimal
2021-02-08 16:00:00,51,91,0.0,0.0,0.0,0.047,optimal
2021-02-08 16:30:00,51,91,0.0,0.0,0.0,0.047,optimal
2021-02-08 17:00:00,51,91,0.0,0.0,0.0,0.047,optimal
2021-02-08 17:30:00,51,91,0.0,0.0,0.0,0.047,optimal
2021-02-08 18:00:00,51,91,0.0,0.0,0.0,0.047,optimal
2021-02-08 18:30:00,51,91,0.0,0.0,0.0,0.047,optimal
2021-02-08 19:00:00,51,91,0.0,0.0,0.0,0.047,optimal
2021-02-08 19:30:00,51,91,0.533599029229648,0.0,0.0,0.047,optimal
2021-02-08 20:00:00,51,91,1.346016738029882,0.0,0.0,0.047,optimal
2021-02-08 20:30:00,51,91,0.0,0.0,0.0,0.047,optimal
2021-02-08 21:00:00,51,91,0.0,0.0,0.0,0.047,optimal
2021-02-08 21:30:00,51,91,0.0,0.0,0.0,0.047,optimal
2021-02-08 22:00:00,51,91,0.0,0.0,0.0,0.047,optimal
2021-02-08 22:30:00,51,91,0.0,0.0,0.0,2.229,optimal
2021-02-08 23:00:00,51,91,0.0,0.0,0.0,0.047,optimal
2021-02-08 23:30:00,51,91,0.0,0.0,0.0,0.04633333333333334,optimal
2021-02-09 00:00:00,51,91,0.0,0.0,0.0,0.058333333333333334,optimal
2021-02-09 00:30:00,51,91,2.2857142857142856,0.0,0.0,0.3666666666666667,optimal
2021-02-09 01:00:00,51,91,0.6004761904761905,0.0,0.0,0.609,optimal
2021-02-09 01:30:00,51,91,0.0,0.0,0.0,0.5909,optimal
2021-02-09 02:00:00,51,91,0.15509607700533645,0.0,0.0,0.068,optimal
2021-02-09 02:30:00,51,91,2.2857142857142856,0.0,0.0,0.068,optimal
2021-02-09 03:00:00,51,91,2.2857142857142856,0.0,0.0,0.2132,optimal
2021-02-09 03:30:00,51,91,2.2857142857142856,0.0,0.0,0.068,optimal
2021-02-09 04:00:00,51,91,2.2857142857142856,0.0,0.0,0.2,optimal
2021-02-09 04:30:00,51,91,2.2857142857142856,0.0,0.0,0.08120000000000001,optimal
2021-02-09 05:00:00,51,91,2.2857142857142856,0.0,0.0,0.068,optimal
2021-02-09 05:30:00,51,91,2.2857142857142856,0.0,0.0,0.167,optimal
2021-02-09 06:00:00,51,91,2.2857142857142856,0.0,0.0,0.1142,optimal
2021-02-09 06:30:00,51,91,2.2857142857142856,0.0,7.066630678137224,0.2083,optimal
2021-02-09 07:00:00,51,91,2.2857142857142856,0.0,10.0,0.362,optimal
2021-02-09 07:30:00,51,91,2.2857142857142856,0.0,0.0,0.5522999999999999,optimal
2021-02-09 08:00:00,51,91,1.2765528432677344,0.0,0.0,0.1102,optimal
2021-02-09 08:30:00,51,91,1.312915394090091,0.0,0.0,0.2132,optimal
2021-02-09 09:00:00,51,91,1.1990608773446245,0.0,0.0,0.068,optimal
2021-02-09 09:30:00,51,91,1.1172621694655152,0.0,0.0,0.23076666666666668,optimal
2021-02-09 10:00:00,51,91,0.5115809530843468,0.0,0.0,1.2589000000000001,optimal
2021-02-09 10:30:00,51,91,0.7449312362009471,0.0,0.0,0.3462,optimal
2021-02-09 11:00:00,51,91,0.573619661468934,0.0,0.0,0.1665,optimal
2021-02-09 11:30:00,51,91,0.46050305142560854,0.0,0.0,1.9586,optimal
2021-02-09 12:00:00,51,91,0.2498363422086388,0.0,0.0,2.5363,optimal
2021-02-09 12:30:00,51,91,0.4479434284424501,0.0,0.0,0.6037333333333333,optimal
2021-02-09 13:00:00,51,91,2.2857142857142856,0.0,0.0,0.1406,optimal
2021-02-09 13:30:00,51,91,2.2857142857142856,0.0,0.0,0.1406,optimal
2021-02-09 14:00:00,51,91,2.2857142857142856,0.0,0.0,0.23246666666666665,optimal
2021-02-09 14:30:00,51,91,2.2857142857142856,0.0,0.0,0.2132,optimal
2021-02-09 15:00:00,51,91,2.2857142857142856,0.0,0.0,0.068,optimal
2021-02-09 15:30:00,51,91,2.2857142857142856,0.0,0.0,0.18680000000000002,optimal
2021-02-09 16:00:00,51,91,0.0,0.0,0.0,0.09440000000000001,optimal
2021-02-09 16:30:00,51,91,0.0,0.0,0.0,0.2713666666666667,optimal
2021-02-09 17:00:00,51,91,0.0,0.0,0.0,0.3008,optimal
2021-02-09 17:30:00,51,91,0.0,0.0,0.0,0.26339999999999997,optimal
2021-02-09 18:00:00,51,91,0.0,0.0,0.0,0.48706666666666665,optimal
2021-02-09 18:30:00,51,91,0.0,0.0,0.0,0.2333,optimal
2021-02-09 19:00:00,51,91,0.0,0.0,0.0,0.24913333333333332,optimal
2021-02-09 19:30:00,51,91,0.0,0.0,0.0,0.29369999999999996,optimal
2021-02-09 20:00:00,51,91,0.6338517042687357,0.0,0.0,0.5102333333333333,optimal
2021-02-09 20:30:00,51,91,0.0,0.0,0.0,0.4613,optimal
2021-02-09 21:00:00,51,91,0.0,0.0,0.0,0.6068333333333333,optimal
2021-02-09 21:30:00,51,91,0.0,0.0,0.0,0.5378666666666667,optimal
2021-02-09 22:00:00,51,91,0.0,0.0,0.0,0.068,optimal
2021-02-09 22:30:00,51,91,0.0,0.0,0.0,0.134,optimal
2021-02-09 23:00:00,51,91,0.0,0.0,0.0,0.1472,optimal
2021-02-09 23:30:00,51,91,0.0,0.0,0.0,0.068,optimal
2021-02-10 00:00:00,51,91,0.0,0.0,0.0,0.056,optimal
2021-02-10 00:30:00,51,91,1.3734285714285712,0.0,0.0,0.18359999999999999,optimal
2021-02-10 01:00:00,51,91,0.0,0.0,0.0,0.15666666666666665,optimal
2021-02-10 01:30:00,51,91,0.0,0.0,0.0,0.056,optimal
2021-02-10 02:00:00,51,91,1.2444319579201617,0.0,0.0,0.26106666666666667,optimal
2021-02-10 02:30:00,51,91,2.2857142857142856,0.0,0.0,0.0792,optimal
2021-02-10 03:00:00,51,91,2.2857142857142856,0.0,0.0,0.1988,optimal
2021-02-10 03:30:00,51,91,2.2857142857142856,0.0,0.0,0.14146666666666666,optimal
2021-02-10 04:00:00,51,91,2.2857142857142856,0.0,0.0,0.12143333333333334,optimal
2021-02-10 04:30:00,51,91,2.2857142857142856,0.0,0.0,0.2188333333333333,optimal
2021-02-10 05:00:00,51,91,2.2857142857142856,0.0,0.0,0.056,optimal
2021-02-10 05:30:00,51,91,2.2857142857142856,0.0,0.0,0.2502333333333333,optimal
2021-02-10 06:00:00,51,91,2.2857142857142856,0.0,0.0,0.09003333333333333,optimal
2021-02-10 06:30:00,51,91,2.2857142857142856,0.0,8.327635674678625,0.1818333333333333,optimal
2021-02-10 07:00:00,51,91,2.2857142857142856,0.0,10.0,0.2095,optimal
2021-02-10 07:30:00,51,91,2.2857142857142856,0.0,0.0,0.12656666666666666,optimal
2021-02-10 08:00:00,51,91,1.1558984723151158,0.0,0.0,0.2581,optimal
2021-02-10 08:30:00,51,91,1.1760396511893407,0.0,0.0,0.4805,optimal
2021-02-10 09:00:00,51,91,0.6938497785090164,0.0,0.0,2.5462,optimal
2021-02-10 09:30:00,51,91,1.0059357192880176,0.0,0.0,0.8062999999999999,optimal
2021-02-10 10:00:00,51,91,0.6891152760204478,0.0,0.0,0.30646666666666667,optimal
2021-02-10 10:30:00,51,91,0.7706587792237578,0.0,0.0,0.166,optimal
2021-02-10 11:00:00,51,91,0.6732690432053763,0.0,0.0,0.1936,optimal
2021-02-10 11:30:00,51,91,0.6798472516901133,0.0,0.0,0.14653333333333332,optimal
2021-02-10 12:00:00,51,91,0.42672682721732524,0.0,0.0,0.09,optimal
2021-02-10 12:30:00,51,91,0.3497744462649541,0.0,0.0,0.3071333333333333,optimal
2021-02-10 13:00:00,51,91,2.2857142857142856,0.0,0.0,0.11913333333333334,optimal
2021-02-10 13:30:00,51,91,2.2857142857142856,0.0,0.0,0.12806666666666666,optimal
2021-02-10 14:00:00,51,91,2.2857142857142856,0.0,0.0,0.3861,optimal
2021-02-10 14:30:00,51,91,2.2857142857142856,0.0,0.0,0.15156666666666666,optimal
2021-02-10 15:00:00,51,91,2.2857142857142856,0.0,0.0,0.1936,optimal
2021-02-10 15:30:00,51,91,2.2857142857142856,0.0,0.0,0.16666666666666666,optimal
2021-02-10 16:00:00,51,91,0.0,0.0,0.0,0.15880000000000002,optimal
2021-02-10 16:30:00,51,91,0.0,0.0,0.0,0.20146666666666666,optimal
2021-02-10 17:00:00,51,91,0.0,0.0,0.0,0.1124,optimal
2021-02-10 17:30:00,51,91,0.0,0.0,0.0,0.1824333333333333,optimal
2021-02-10 18:00:00,51,91,0.0,0.0,0.0,1.0586333333333335,optimal
2021-02-10 18:30:00,51,91,0.0,0.0,0.0,0.5397666666666666,optimal
2021-02-10 19:00:00,51,91,0.0,0.0,0.0,0.2849,optimal
2021-02-10 19:30:00,51,91,0.0,0.0,0.0,0.42136666666666667,optimal
2021-02-10 20:00:00,51,91,0.6292539865391796,0.0,0.0,0.27563333333333334,optimal
2021-02-10 20:30:00,51,91,0.0,0.0,0.0,0.24113333333333334,optimal
2021-02-10 21:00:00,51,91,0.0,0.0,0.0,0.22569999999999998,optimal
2021-02-10 21:30:00,51,91,0.0,0.0,0.0,0.48936666666666667,optimal
2021-02-10 22:00:00,51,91,0.17914285714285713,0.0,0.0,0.2413333333333333,optimal
2021-02-10 22:30:00,51,91,0.0,0.0,0.0,0.17826666666666668,optimal
2021-02-10 23:00:00,51,91,0.0,0.0,0.0,0.066,optimal
2021-02-10 23:30:00,51,91,0.0,0.0,0.0,0.2627333333333333,optimal
2021-02-11 00:00:00,51,91,0.0,0.0,0.0,0.053,optimal
2021-02-11 00:30:00,51,91,0.39809523809523806,0.0,0.0,0.061666666666666654,optimal
2021-02-11 01:00:00,51,91,1.9769940927853513,0.0,0.0,0.1444,optimal
2021-02-11 01:30:00,51,91,2.2857142857142856,0.0,0.0,0.053,optimal
2021-02-11 02:00:00,51,91,2.2857142857142856,0.0,0.0,0.14073333333333332,optimal
2021-02-11 02:30:00,51,91,2.2857142857142856,0.0,0.0,0.053,optimal
2021-02-11 03:00:00,51,91,2.2857142857142856,0.0,0.0,0.053,optimal
2021-02-11 03:30:00,51,91,2.2857142857142856,0.0,0.0,0.14073333333333332,optimal
2021-02-11 04:00:00,51,91,2.2857142857142856,0.0,0.0,0.053,optimal
2021-02-11 04:30:00,51,91,2.2857142857142856,0.0,0.0,0.053,optimal
2021-02-11 05:00:00,51,91,2.2857142857142856,0.0,0.0,0.14073333333333332,optimal
2021-02-11 05:30:00,51,91,2.2857142857142856,0.0,0.0,0.053,optimal
2021-02-11 06:00:00,51,91,2.2857142857142856,0.0,1.1592920602162855,0.061666666666666654,optimal
2021-02-11 06:30:00,51,91,2.2857142857142856,0.0,10.0,0.15073333333333333,optimal
2021-02-11 07:00:00,51,91,2.2857142857142856,0.0,10.0,0.058333333333333334,optimal
2021-02-11 07:30:00,51,91,2.2857142857142856,0.0,0.0,0.6771,optimal
2021-02-11 08:00:00,51,91,1.2576080037018618,0.0,0.0,1.1172,optimal
2021-02-11 08:30:00,51,91,1.30067211954618,0.0,0.0,1.6591,optimal
2021-02-11 09:00:00,51,91,1.1897084935700644,0.0,0.0,0.3635,optimal
2021-02-11 09:30:00,51,91,1.1241175049968664,0.0,0.0,0.2958,optimal
2021-02-11 10:00:00,51,91,0.6959860163488881,0.0,0.0,0.3028333333333333,optimal
2021-02-11 10:30:00,51,91,0.7366310511547187,0.0,0.0,0.4098333333333333,optimal
2021-02-11 11:00:00,51,91,0.5583299848191766,0.0,0.0,0.2077,optimal
2021-02-11 11:30:00,51,91,0.4727808341690136,0.0,0.0,0.30946666666666667,optimal
2021-02-11 12:00:00,51,91,0.19887251312699522,0.0,0.0,0.44176666666666664,optimal
2021-02-11 12:30:00,51,91,0.2236308682778014,0.0,0.0,0.21616666666666662,optimal
2021-02-11 13:00:00,51,91,2.2857142857142856,0.0,0.0,0.2454333333333333,optimal
2021-02-11 13:30:00,51,91,2.2857142857142856,0.0,0.0,0.32913333333333333,optimal
2021-02-11 14:00:00,51,91,2.2857142857142856,0.0,0.0,0.3224666666666666,optimal
2021-02-11 14:30:00,51,91,2.2857142857142856,0.0,0.0,0.31089999999999995,optimal
2021-02-11 15:00:00,51,91,2.2857142857142856,0.0,0.0,0.5175333333333333,optimal
2021-02-11 15:30:00,51,91,2.2857142857142856,0.0,0.0,0.3261,optimal
2021-02-11 16:00:00,51,91,0.0,0.0,0.0,0.2978,optimal
2021-02-11 16:30:00,51,91,0.0,0.0,0.0,0.2503333333333333,optimal
2021-02-11 17:00:00,51,91,0.0,0.0,0.0,0.7364666666666667,optimal
2021-02-11 17:30:00,51,91,0.0,0.0,0.0,0.3106666666666667,optimal
2021-02-11 18:00:00,51,91,0.0,0.0,0.0,0.27813333333333334,optimal
2021-02-11 18:30:00,51,91,0.0,0.0,0.0,0.3185,optimal
2021-02-11 19:00:00,51,91,0.0,0.0,0.0,0.27443333333333336,optimal
2021-02-11 19:30:00,51,91,0.0,0.0,0.0,0.2844,optimal
2021-02-11 20:00:00,51,91,0.39461724631240835,0.0,0.0,0.5028333333333334,optimal
2021-02-11 20:30:00,51,91,0.0,0.0,0.0,0.3202,optimal
2021-02-11 21:00:00,51,91,0.0,0.0,0.0,0.2996666666666667,optimal
2021-02-11 21:30:00,51,91,0.0,0.0,0.0,0.3085333333333334,optimal
2021-02-11 22:00:00,51,91,0.0796190476190476,0.0,0.0,0.36410000000000003,optimal
2021-02-11 22:30:00,51,91,0.0,0.0,0.0,0.46166666666666667,optimal
2021-02-11 23:00:00,51,91,0.0,0.0,0.0,0.16873333333333332,optimal
2021-02-11 23:30:00,51,91,0.0,0.0,0.0,0.053,optimal
2021-02-12 00:00:00,51,91,0.03168428172259857,0.0,0.0,0.064,optimal
2021-02-12 00:30:00,51,91,2.2857142857142856,0.0,0.0,0.08270000000000001,optimal
2021-02-12 01:00:00,51,91,2.2857142857142856,0.0,0.0,0.1824333333333333,optimal
2021-02-12 01:30:00,51,91,2.2857142857142856,0.0,0.0,0.064,optimal
2021-02-12 02:00:00,51,91,2.2857142857142856,0.0,0.0,0.20113333333333333,optimal
2021-02-12 02:30:00,51,91,2.2857142857142856,0.0,0.0,0.064,optimal
2021-02-12 03:00:00,51,91,2.2857142857142856,0.0,0.0,0.16996666666666665,optimal
2021-02-12 03:30:00,51,91,2.2857142857142856,0.0,0.0,0.09516666666666669,optimal
2021-02-12 04:00:00,51,91,2.2857142857142856,0.0,0.0,0.064,optimal
2021-02-12 04:30:00,51,91,2.2857142857142856,0.0,0.0,0.064,optimal
2021-02-12 05:00:00,51,91,2.2857142857142856,0.0,0.0,0.20113333333333333,optimal
2021-02-12 05:30:00,51,91,2.2857142857142856,0.0,0.0,0.064,optimal
2021-02-12 06:00:00,51,91,2.2857142857142856,0.0,0.0,0.18866666666666662,optimal
2021-02-12 06:30:00,51,91,2.2857142857142856,0.0,0.636344763438172,0.07713333333333335,optimal
2021-02-12 07:00:00,51,91,2.2857142857142856,0.0,10.0,0.11653333333333332,optimal
2021-02-12 07:30:00,51,91,2.2857142857142856,0.0,0.0,0.2502333333333333,optimal
2021-02-12 08:00:00,51,91,1.8777399780754416,0.0,0.0,0.46903333333333336,optimal
2021-02-12 08:30:00,51,91,1.399907370629778,0.0,0.0,0.3262,optimal
2021-02-12 09:00:00,51,91,1.1130427780709127,0.0,0.0,0.8700666666666668,optimal
2021-02-12 09:30:00,51,91,0.9965005075923402,0.0,0.0,0.9611000000000001,optimal
2021-02-12 10:00:00,51,91,0.6152776521959777,0.0,0.0,0.36810000000000004,optimal
2021-02-12 10:30:00,51,91,0.6392190575635034,0.0,0.0,0.22080000000000002,optimal
2021-02-12 11:00:00,51,91,0.309940660708076,0.0,0.0,0.3549,optimal
2021-02-12 11:30:00,51,91,0.26295357447424555,0.0,0.0,0.4553333333333333,optimal
2021-02-12 12:00:00,51,91,0.23427158951738042,0.0,0.0,0.3841666666666667,optimal
2021-02-12 12:30:00,51,91,0.1414540270930986,0.0,0.0,1.9595666666666665,optimal
2021-02-12 13:00:00,51,91,1.316798422629477,0.0,0.0,0.4645666666666667,optimal
2021-02-12 13:30:00,51,91,2.2857142857142856,0.0,0.0,0.7345,optimal
2021-02-12 14:00:00,51,91,2.2857142857142856,0.0,0.0,1.0735333333333332,optimal
2021-02-12 14:30:00,51,91,2.2857142857142856,0.0,0.0,1.2652333333333332,optimal
2021-02-12 15:00:00,51,91,2.2857142857142856,0.0,0.0,0.2662,optimal
2021-02-12 15:30:00,51,91,2.2857142857142856,0.0,0.0,0.38539999999999996,optimal
2021-02-12 16:00:00,51,91,0.0,0.0,0.0,0.39916666666666667,optimal
2021-02-12 16:30:00,51,91,0.0,0.0,0.0,0.2444,optimal
2021-02-12 17:00:00,51,91,0.0,0.0,0.0,0.4163,optimal
2021-02-12 17:30:00,51,91,0.0,0.0,0.0,1.7241666666666668,optimal
2021-02-12 18:00:00,51,91,0.0,0.0,0.0,0.3668666666666667,optimal
2021-02-12 18:30:00,51,91,0.0,0.0,0.0,0.5479666666666667,optimal
2021-02-12 19:00:00,51,91,0.0,0.0,0.0,0.25610000000000005,optimal
2021-02-12 19:30:00,51,91,0.0,0.0,0.0,0.5374333333333333,optimal
2021-02-12 20:00:00,51,91,0.0,0.0,0.0,0.4043333333333333,optimal
2021-02-12 20:30:00,51,91,0.0,0.0,0.0,0.26339999999999997,optimal
2021-02-12 21:00:00,51,91,0.0,0.0,0.0,0.2479,optimal
2021-02-12 21:30:00,51,91,0.0,0.0,0.0,0.17396666666666666,optimal
2021-02-12 22:00:00,51,91,0.0,0.0,0.0,0.074,optimal
2021-02-12 22:30:00,51,91,0.0,0.0,0.0,0.21113333333333334,optimal
2021-02-12 23:00:00,51,91,0.0,0.0,0.0,0.074,optimal
2021-02-12 23:30:00,51,91,0.0,0.0,0.0,0.14256666666666667,optimal
2021-02-13 00:00:00,51,91,0.0,0.0,0.0,0.05,optimal
2021-02-13 00:30:00,51,91,2.2857142857142856,0.0,0.0,0.05,optimal
2021-02-13 01:00:00,51,91,0.8977755847488942,0.0,0.0,0.1256,optimal
2021-02-13 01:30:00,51,91,0.038992279702957336,0.0,0.0,0.21366666666666662,optimal
2021-02-13 02:00:00,51,91,2.2857142857142856,0.0,0.0,0.0689,optimal
2021-02-13 02:30:00,51,91,2.2857142857142856,0.0,0.0,0.1697,optimal
2021-02-13 03:00:00,51,91,2.2857142857142856,0.0,0.0,0.07516666666666667,optimal
2021-02-13 03:30:00,51,91,2.2857142857142856,0.0,0.0,0.2641,optimal
2021-02-13 04:00:00,51,91,2.2857142857142856,0.0,0.0,0.05,optimal
2021-02-13 04:30:00,51,91,2.2857142857142856,0.0,0.0,0.15066666666666667,optimal
2021-02-13 05:00:00,51,91,2.2857142857142856,0.0,0.0,0.1256,optimal
2021-02-13 05:30:00,51,91,2.2857142857142856,0.0,5.890396461612038,0.2123333333333333,optimal
2021-02-13 06:00:00,51,91,2.2857142857142856,0.0,10.0,0.27196666666666663,optimal
2021-02-13 06:30:00,51,91,2.2857142857142856,0.0,0.0,0.24903333333333333,optimal
2021-02-13 07:00:00,51,91,2.2857142857142856,0.0,0.0,0.11033333333333331,optimal
2021-02-13 07:30:00,51,91,2.2857142857142856,0.0,0.0,0.1746,optimal
2021-02-13 08:00:00,51,91,1.309757094955874,0.0,0.0,0.2876666666666667,optimal
2021-02-13 08:30:00,51,91,1.2978366753887094,0.0,0.0,0.163,optimal
2021-02-13 09:00:00,51,91,1.1094256380359322,0.0,0.0,0.2566666666666667,optimal
2021-02-13 09:30:00,51,91,1.082328302104937,0.0,0.0,0.3756666666666667,optimal
2021-02-13 10:00:00,51,91,0.8482762275832542,0.0,0.0,0.23583333333333328,optimal
2021-02-13 10:30:00,51,91,0.762527236587543,0.0,0.0,0.5334,optimal
2021-02-13 11:00:00,51,91,0.5780446290681748,0.0,0.0,0.1161,optimal
2021-02-13 11:30:00,51,91,0.5759051618819695,0.0,0.0,0.11156666666666666,optimal
2021-02-13 12:00:00,51,91,0.44847330418967934,0.0,0.0,1.0540666666666667,optimal
2021-02-13 12:30:00,51,91,0.20925913172204136,0.0,0.0,1.4460333333333333,optimal
2021-02-13 13:00:00,51,91,2.2857142857142856,0.0,0.0,0.07006666666666667,optimal
2021-02-13 13:30:00,51,91,2.2857142857142856,0.0,0.0,0.24509999999999998,optimal
2021-02-13 14:00:00,51,91,2.2857142857142856,0.0,0.0,0.1041,optimal
2021-02-13 14:30:00,51,91,2.2857142857142856,0.0,0.0,0.06496666666666667,optimal
2021-02-13 15:00:00,51,91,2.2857142857142856,0.0,0.0,0.4729666666666666,optimal
2021-02-13 15:30:00,51,91,2.2857142857142856,0.0,0.0,0.18896666666666667,optimal
2021-02-13 16:00:00,51,91,0.0,0.0,0.0,0.0715,optimal
2021-02-13 16:30:00,51,91,0.0,0.0,0.0,0.11713333333333334,optimal
2021-02-13 17:00:00,51,91,0.0,0.0,0.0,0.2614666666666666,optimal
2021-02-13 17:30:00,51,91,0.0,0.0,0.0,0.06,optimal
2021-02-13 18:00:00,51,91,0.0,0.0,0.0,0.31930000000000003,optimal
2021-02-13 18:30:00,51,91,0.0,0.0,0.0,0.2655,optimal
2021-02-13 19:00:00,51,91,0.0,0.0,0.0,0.5231,optimal
2021-02-13 19:30:00,51,91,1.0274168976843232,0.0,0.0,0.5159,optimal
2021-02-13 20:00:00,51,91,1.0612767844376734,0.0,0.0,0.3539333333333333,optimal
2021-02-13 20:30:00,51,91,0.0,0.0,0.0,0.5286000000000001,optimal
2021-02-13 21:00:00,51,91,0.0,0.0,0.0,0.7461333333333333,optimal
2021-02-13 21:30:00,51,91,0.0,0.0,0.0,0.45376666666666665,optimal
2021-02-13 22:00:00,51,91,0.597142857142857,0.0,0.0,0.5360333333333333,optimal
2021-02-13 22:30:00,51,91,0.0,0.0,0.0,0.43973333333333336,optimal
2021-02-13 23:00:00,51,91,0.0,0.0,0.0,0.5744333333333332,optimal
2021-02-13 23:30:00,51,91,0.0,0.0,0.0,0.3256,optimal
2021-02-07 00:00:00,52,91,0.0,0.0,0.0,0.058,optimal
2021-02-07 00:30:00,52,91,0.0,0.0,0.0,0.18046666666666666,optimal
2021-02-07 01:00:00,52,91,0.0,0.0,0.0,0.058,optimal
2021-02-07 01:30:00,52,91,0.0,0.0,0.0,0.060333333333333336,optimal
2021-02-07 02:00:00,52,91,0.0,0.0,0.0,0.18580000000000002,optimal
2021-02-07 02:30:00,52,91,0.0,0.0,0.0,0.058,optimal
2021-02-07 03:00:00,52,91,0.0,0.0,0.0,0.09140000000000001,optimal
2021-02-07 03:30:00,52,91,0.0,0.0,0.0,0.14706666666666665,optimal
2021-02-07 04:00:00,52,91,2.2857142857142856,0.0,0.0,0.058,optimal
2021-02-07 04:30:00,52,91,2.2857142857142856,0.0,0.0,0.18180000000000002,optimal
2021-02-07 05:00:00,52,91,2.2857142857142856,0.0,0.0,0.06633333333333333,optimal
2021-02-07 05:30:00,52,91,2.2857142857142856,0.0,0.0,0.18046666666666666,optimal
2021-02-07 06:00:00,52,91,2.2857142857142856,0.0,0.0,0.058,optimal
2021-02-07 06:30:00,52,91,2.2857142857142856,0.0,0.0,0.0747,optimal
2021-02-07 07:00:00,52,91,2.2857142857142856,0.0,1.6063785740462473,0.16243333333333335,optimal
2021-02-07 07:30:00,52,91,0.0,0.0,0.0,0.3482333333333333,optimal
2021-02-07 08:00:00,52,91,0.0,0.0,0.0,0.1348,optimal
2021-02-07 08:30:00,52,91,0.0,0.0,0.0,0.12366666666666669,optimal
2021-02-07 09:00:00,52,91,0.0,0.0,0.0,0.068,optimal
2021-02-07 09:30:00,52,91,0.7459891023313265,0.0,0.0,0.068,optimal
2021-02-07 10:00:00,52,91,1.0242721562932715,0.0,0.0,0.19046666666666667,optimal
2021-02-07 10:30:00,52,91,1.0661320430466346,0.0,0.0,0.068,optimal
2021-02-07 11:00:00,52,91,0.9180306849601236,0.0,0.0,0.11253333333333332,optimal
2021-02-07 11:30:00,52,91,0.9084878278172722,0.0,0.0,0.14593333333333333,optimal
2021-02-07 12:00:00,52,91,0.8299530799579664,0.0,0.0,0.07913333333333333,optimal
2021-02-07 12:30:00,52,91,0.8013245085294126,0.0,0.0,0.17933333333333334,optimal
2021-02-07 13:00:00,52,91,2.0078377243460412,0.0,0.0,0.068,optimal
2021-02-07 13:30:00,52,91,2.2857142857142856,0.0,0.0,0.19046666666666667,optimal
2021-02-07 14:00:00,52,91,2.2857142857142856,0.0,0.0,0.068,optimal
2021-02-07 14:30:00,52,91,2.2857142857142856,0.0,0.0,0.1181,optimal
2021-02-07 15:00:00,52,91,2.2857142857142856,0.0,0.0,0.14036666666666667,optimal
2021-02-07 15:30:00,52,91,2.2857142857142856,0.0,0.0,0.09773333333333332,optimal
2021-02-07 16:00:00,52,91,0.0,0.0,0.0,1.8272,optimal
2021-02-07 16:30:00,52,91,0.0,0.0,0.0,0.2556,optimal
2021-02-07 17:00:00,52,91,0.0,0.0,0.0,0.23996666666666666,optimal
2021-02-07 17:30:00,52,91,0.0,0.0,0.0,1.584,optimal
2021-02-07 18:00:00,52,91,0.0,0.0,0.0,0.1799,optimal
2021-02-07 18:30:00,52,91,0.0,0.0,0.0,0.6771333333333334,optimal
2021-02-07 19:00:00,52,91,0.0,0.0,0.0,2.9285,optimal
2021-02-07 19:30:00,52,91,0.0,0.0,0.0,4.1572,optimal
2021-02-07 20:00:00,52,91,0.0,0.0,0.0,2.1236333333333333,optimal
2021-02-07 20:30:00,52,91,0.0,0.0,0.0,0.28203333333333336,optimal
2021-02-07 21:00:00,52,91,0.0,0.0,0.0,0.26116666666666666,optimal
2021-02-07 21:30:00,52,91,0.0,0.0,0.0,0.5570333333333333,optimal
2021-02-07 22:00:00,52,91,0.0,0.0,0.0,0.41103333333333336,optimal
2021-02-07 22:30:00,52,91,0.0,0.0,0.0,0.4598666666666667,optimal
2021-02-07 23:00:00,52,91,0.0,0.0,0.0,0.32593333333333335,optimal
2021-02-07 23:30:00,52,91,0.0,0.0,0.0,0.06766666666666667,optimal
2021-02-08 00:00:00,52,91,0.0,0.0,0.0,0.067,optimal
2021-02-08 00:30:00,52,91,0.0,0.0,0.0,0.067,optimal
2021-02-08 01:00:00,52,91,0.0,0.0,0.0,0.067,optimal
2021-02-08 01:30:00,52,91,0.0,0.0,0.0,0.067,optimal
2021-02-08 02:00:00,52,91,0.0,0.0,0.0,0.067,optimal
2021-02-08 02:30:00,52,91,0.7818267628426446,0.0,0.0,0.067,optimal
2021-02-08 03:00:00,52,91,2.2857142857142856,0.0,0.0,0.06633333333333333,optimal
2021-02-08 03:30:00,52,91,2.2857142857142856,0.0,0.0,0.2695,optimal
2021-02-08 04:00:00,52,91,2.2857142857142856,0.0,0.0,0.17126666666666668,optimal
2021-02-08 04:30:00,52,91,2.2857142857142856,0.0,0.0,0.067,optimal
2021-02-08 05:00:00,52,91,2.2857142857142856,0.0,0.0,0.067,optimal
2021-02-08 05:30:00,52,91,2.2857142857142856,0.0,0.0,0.067,optimal
2021-02-08 06:00:00,52,91,2.2857142857142856,0.0,0.0,0.072,optimal
2021-02-08 06:30:00,52,91,2.2857142857142856,0.0,0.0,0.069,optimal
2021-02-08 07:00:00,52,91,2.2857142857142856,0.0,9.590761145899599,0.067,optimal
2021-02-08 07:30:00,52,91,2.2857142857142856,0.0,0.0,0.2002,optimal
2021-02-08 08:00:00,52,91,1.1780519577256459,0.0,0.0,0.2266,optimal
2021-02-08 08:30:00,52,91,1.109416606383748,0.0,0.0,0.44139999999999996,optimal
2021-02-08 09:00:00,52,91,0.9963710710252036,0.0,0.0,0.338,optimal
2021-02-08 09:30:00,52,91,0.9584193361332554,0.0,0.0,0.36210000000000003,optimal
2021-02-08 10:00:00,52,91,0.7674957009711781,0.0,0.0,0.36460000000000004,optimal
2021-02-08 10:30:00,52,91,0.9444855311012182,0.0,0.0,0.067,optimal
2021-02-08 11:00:00,52,91,0.695398133245944,0.0,0.0,0.067,optimal
2021-02-08 11:30:00,52,91,0.6885287226830661,0.0,0.0,0.067,optimal
2021-02-08 12:00:00,52,91,0.6007737863428971,0.0,0.0,0.067,optimal
2021-02-08 12:30:00,52,91,0.5870349652171415,0.0,0.0,0.067,optimal
2021-02-08 13:00:00,52,91,2.2857142857142856,0.0,0.0,0.067,optimal
2021-02-08 13:30:00,52,91,2.2857142857142856,0.0,0.0,0.07633333333333332,optimal
2021-02-08 14:00:00,52,91,2.2857142857142856,0.0,0.0,0.06833333333333333,optimal
2021-02-08 14:30:00,52,91,2.2857142857142856,0.0,0.0,0.067,optimal
2021-02-08 15:00:00,52,91,2.2857142857142856,0.0,0.0,0.26566666666666666,optimal
2021-02-08 15:30:00,52,91,2.2857142857142856,0.0,0.0,0.36260000000000003,optimal
2021-02-08 16:00:00,52,91,0.0,0.0,0.0,0.42260000000000003,optimal
2021-02-08 16:30:00,52,91,0.0,0.0,0.0,0.07066666666666667,optimal
2021-02-08 17:00:00,52,91,0.0,0.0,0.0,0.07333333333333333,optimal
2021-02-08 17:30:00,52,91,0.0,0.0,0.0,0.067,optimal
2021-02-08 18:00:00,52,91,0.0,0.0,0.0,0.067,optimal
2021-02-08 18:30:00,52,91,0.0,0.0,0.0,0.071,optimal
2021-02-08 19:00:00,52,91,0.0,0.0,0.0,0.073,optimal
2021-02-08 19:30:00,52,91,0.12837807041329094,0.0,0.0,0.067,optimal
2021-02-08 20:00:00,52,91,1.3379881666013098,0.0,0.0,0.067,optimal
2021-02-08 20:30:00,52,91,0.0,0.0,0.0,0.067,optimal
2021-02-08 21:00:00,52,91,0.0,0.0,0.0,0.067,optimal
2021-02-08 21:30:00,52,91,0.0,0.0,0.0,0.07133333333333333,optimal
2021-02-08 22:00:00,52,91,0.0,0.0,0.0,0.077,optimal
2021-02-08 22:30:00,52,91,0.0,0.0,0.0,0.211,optimal
2021-02-08 23:00:00,52,91,0.0,0.0,0.0,0.5324666666666666,optimal
2021-02-08 23:30:00,52,91,0.0,0.0,0.0,0.36860000000000004,optimal
2021-02-09 00:00:00,52,91,0.0,0.0,0.0,0.07,optimal
2021-02-09 00:30:00,52,91,0.0,0.0,0.0,0.064,optimal
2021-02-09 01:00:00,52,91,0.0,0.0,0.0,0.13323333333333331,optimal
2021-02-09 01:30:00,52,91,0.0,0.0,0.0,0.2385,optimal
2021-02-09 02:00:00,52,91,1.551239940048883,0.0,0.0,0.062,optimal
2021-02-09 02:30:00,52,91,2.2857142857142856,0.0,0.0,0.16219999999999998,optimal
2021-02-09 03:00:00,52,91,2.2857142857142856,0.0,0.0,0.09793333333333333,optimal
2021-02-09 03:30:00,52,91,2.2857142857142856,0.0,0.0,0.1736,optimal
2021-02-09 04:00:00,52,91,2.2857142857142856,0.0,0.0,0.17333333333333334,optimal
2021-02-09 04:30:00,52,91,2.2857142857142856,0.0,0.0,0.062,optimal
2021-02-09 05:00:00,52,91,2.2857142857142856,0.0,0.0,0.2862,optimal
2021-02-09 05:30:00,52,91,2.2857142857142856,0.0,0.0,0.08553333333333334,optimal
2021-02-09 06:00:00,52,91,2.2857142857142856,0.0,0.0,0.07,optimal
2021-02-09 06:30:00,52,91,2.2857142857142856,0.0,4.380215476519844,0.14993333333333334,optimal
2021-02-09 07:00:00,52,91,2.2857142857142856,0.0,10.0,0.10540000000000001,optimal
2021-02-09 07:30:00,52,91,2.2857142857142856,0.0,0.0,0.2072,optimal
2021-02-09 08:00:00,52,91,1.2429242718391667,0.0,0.0,0.10959999999999999,optimal
2021-02-09 08:30:00,52,91,1.196610632185318,0.0,0.0,0.22240000000000001,optimal
2021-02-09 09:00:00,52,91,1.1070704011541335,0.0,0.0,0.12066666666666669,optimal
2021-02-09 09:30:00,52,91,1.0784469313702783,0.0,0.0,0.2077333333333333,optimal
2021-02-09 10:00:00,52,91,0.6925676197510197,0.0,0.0,2.198933333333333,optimal
2021-02-09 10:30:00,52,91,0.8920645695342948,0.0,0.0,0.062,optimal
2021-02-09 11:00:00,52,91,0.6044196614689492,0.0,0.0,0.1984,optimal
2021-02-09 11:30:00,52,91,0.6081468609493975,0.0,0.0,0.177,optimal
2021-02-09 12:00:00,52,91,0.4747506279229182,0.0,0.0,0.072,optimal
2021-02-09 12:30:00,52,91,0.41712819034720316,0.0,0.0,0.2857,optimal
2021-02-09 13:00:00,52,91,2.2857142857142856,0.0,0.0,0.10603333333333331,optimal
2021-02-09 13:30:00,52,91,2.2857142857142856,0.0,0.0,0.072,optimal
2021-02-09 14:00:00,52,91,2.2857142857142856,0.0,0.0,0.165,optimal
2021-02-09 14:30:00,52,91,2.2857142857142856,0.0,0.0,0.2267333333333333,optimal
2021-02-09 15:00:00,52,91,2.2857142857142856,0.0,0.0,0.0968,optimal
2021-02-09 15:30:00,52,91,2.2857142857142856,0.0,0.0,0.2949333333333333,optimal
2021-02-09 16:00:00,52,91,0.0,0.0,0.0,0.072,optimal
2021-02-09 16:30:00,52,91,0.0,0.0,0.0,0.2084,optimal
2021-02-09 17:00:00,52,91,0.0,0.0,0.0,0.1833333333333333,optimal
2021-02-09 17:30:00,52,91,0.0,0.0,0.0,0.3858666666666667,optimal
2021-02-09 18:00:00,52,91,0.0,0.0,0.0,0.9851666666666666,optimal
2021-02-09 18:30:00,52,91,0.0,0.0,0.0,0.18536666666666668,optimal
2021-02-09 19:00:00,52,91,0.0,0.0,0.0,0.1668,optimal
2021-02-09 19:30:00,52,91,0.0,0.0,0.0,0.3928666666666667,optimal
2021-02-09 20:00:00,52,91,0.31028898527620835,0.0,0.0,2.1851333333333334,optimal
2021-02-09 20:30:00,52,91,0.0,0.0,0.0,0.31489999999999996,optimal
2021-02-09 21:00:00,52,91,0.0,0.0,0.0,0.3181333333333333,optimal
2021-02-09 21:30:00,52,91,0.0,0.0,0.0,0.3516,optimal
2021-02-09 22:00:00,52,91,0.5772380952380952,0.0,0.0,2.2571666666666665,optimal
2021-02-09 22:30:00,52,91,0.0,0.0,0.0,0.3261,optimal
2021-02-09 23:00:00,52,91,0.0,0.0,0.0,0.2251,optimal
2021-02-09 23:30:00,52,91,0.0,0.0,0.0,0.072,optimal
2021-02-10 00:00:00,52,91,0.0,0.0,0.0,0.054,optimal
2021-02-10 00:30:00,52,91,0.836,0.0,0.0,0.054,optimal
2021-02-10 01:00:00,52,91,0.0,0.0,0.0,0.054,optimal
2021-02-10 01:30:00,52,91,0.0,0.0,0.0,0.054,optimal
2021-02-10 02:00:00,52,91,1.6343057974898385,0.0,0.0,0.054,optimal
2021-02-10 02:30:00,52,91,2.2857142857142856,0.0,0.0,0.054,optimal
2021-02-10 03:00:00,52,91,2.2857142857142856,0.0,0.0,0.054,optimal
2021-02-10 03:30:00,52,91,2.2857142857142856,0.0,0.0,0.054,optimal
2021-02-10 04:00:00,52,91,2.2857142857142856,0.0,0.0,0.054,optimal
2021-02-10 04:30:00,52,91,2.2857142857142856,0.0,0.0,0.054,optimal
2021-02-10 05:00:00,52,91,2.2857142857142856,0.0,0.0,0.054,optimal
2021-02-10 05:30:00,52,91,2.2857142857142856,0.0,0.0,0.06133333333333334,optimal
2021-02-10 06:00:00,52,91,2.2857142857142856,0.0,0.0,0.060333333333333336,optimal
2021-02-10 06:30:00,52,91,2.2857142857142856,0.0,2.4252120803974346,0.054,optimal
2021-02-10 07:00:00,52,91,2.2857142857142856,0.0,10.0,0.054,optimal
2021-02-10 07:30:00,52,91,2.2857142857142856,0.0,0.0,0.052,optimal
2021-02-10 08:00:00,52,91,1.2322222818389095,0.0,0.0,0.061666666666666654,optimal
2021-02-10 08:30:00,52,91,1.1858739369036333,0.0,0.0,0.19366666666666663,optimal
2021-02-10 09:00:00,52,91,0.953040254699503,0.0,0.0,0.4924666666666666,optimal
2021-02-10 09:30:00,52,91,0.9903681002403938,0.0,0.0,0.339,optimal
2021-02-10 10:00:00,52,91,0.7346009903061701,0.0,0.0,0.33166666666666667,optimal
2021-02-10 10:30:00,52,91,0.7332016363666076,0.0,0.0,0.329,optimal
2021-02-10 11:00:00,52,91,0.4579461860625105,0.0,0.0,1.3260999999999998,optimal
2021-02-10 11:30:00,52,91,0.7033996326424955,0.0,0.0,0.064,optimal
2021-02-10 12:00:00,52,91,0.46224111293160214,0.0,0.0,0.064,optimal
2021-02-10 12:30:00,52,91,0.46224111293160214,0.0,0.0,0.064,optimal
2021-02-10 13:00:00,52,91,2.2857142857142856,0.0,0.0,0.064,optimal
2021-02-10 13:30:00,52,91,2.2857142857142856,0.0,0.0,0.064,optimal
2021-02-10 14:00:00,52,91,2.2857142857142856,0.0,0.0,0.064,optimal
2021-02-10 14:30:00,52,91,2.2857142857142856,0.0,0.0,0.064,optimal
2021-02-10 15:00:00,52,91,2.2857142857142856,0.0,0.0,0.064,optimal
2021-02-10 15:30:00,52,91,2.2857142857142856,0.0,0.0,0.064,optimal
2021-02-10 16:00:00,52,91,0.0,0.0,0.0,0.5724333333333332,optimal
2021-02-10 16:30:00,52,91,0.0,0.0,0.0,0.6357999999999999,optimal
2021-02-10 17:00:00,52,91,0.0,0.0,0.0,1.2494,optimal
2021-02-10 17:30:00,52,91,0.0,0.0,0.0,0.329,optimal
2021-02-10 18:00:00,52,91,0.0,0.0,0.0,0.064,optimal
2021-02-10 18:30:00,52,91,0.0,0.0,0.0,0.064,optimal
2021-02-10 19:00:00,52,91,0.0,0.0,0.0,0.2813333333333333,optimal
2021-02-10 19:30:00,52,91,1.055402918290538,0.0,0.0,1.1698,optimal
2021-02-10 20:00:00,52,91,1.0193707304120374,0.0,0.0,1.3962999999999999,optimal
2021-02-10 20:30:00,52,91,0.4541219990798021,0.0,0.0,0.11133333333333331,optimal
2021-02-10 21:00:00,52,91,0.0,0.0,0.0,0.2124,optimal
2021-02-10 21:30:00,52,91,0.0,0.0,0.0,0.243,optimal
2021-02-10 22:00:00,52,91,0.0,0.0,0.0,0.064,optimal
2021-02-10 22:30:00,52,91,0.0,0.0,0.0,0.064,optimal
2021-02-10 23:00:00,52,91,0.0,0.0,0.0,0.064,optimal
2021-02-10 23:30:00,52,91,0.0,0.0,0.0,0.06333333333333334,optimal
2021-02-11 00:00:00,52,91,0.0398095238095238,0.0,0.0,0.0875,optimal
2021-02-11 00:30:00,52,91,0.418,0.0,0.0,0.12283333333333331,optimal
2021-02-11 01:00:00,52,91,1.6476011620315136,0.0,0.0,0.12266666666666669,optimal
2021-02-11 01:30:00,52,91,2.2857142857142856,0.0,0.0,0.13853333333333334,optimal
2021-02-11 02:00:00,52,91,2.2857142857142856,0.0,0.0,0.2123333333333333,optimal
2021-02-11 02:30:00,52,91,2.2857142857142856,0.0,0.0,0.11636666666666666,optimal
2021-02-11 03:00:00,52,91,2.2857142857142856,0.0,0.0,0.08783333333333333,optimal
2021-02-11 03:30:00,52,91,2.2857142857142856,0.0,0.0,0.11993333333333334,optimal
2021-02-11 04:00:00,52,91,2.2857142857142856,0.0,0.0,0.15093333333333334,optimal
2021-02-11 04:30:00,52,91,2.2857142857142856,0.0,0.0,0.2142,optimal
2021-02-11 05:00:00,52,91,2.2857142857142856,0.0,0.0,0.07,optimal
2021-02-11 05:30:00,52,91,2.2857142857142856,0.0,0.0,0.28086666666666665,optimal
2021-02-11 06:00:00,52,91,2.2857142857142856,0.0,0.0,0.07,optimal
2021-02-11 06:30:00,52,91,2.2857142857142856,0.0,1.3814188197571897,0.2742,optimal
2021-02-11 07:00:00,52,91,2.2857142857142856,0.0,10.0,0.07666666666666667,optimal
2021-02-11 07:30:00,52,91,2.2857142857142856,0.0,0.0,0.11,optimal
2021-02-11 08:00:00,52,91,1.4444975275113854,0.0,0.0,0.1802333333333333,optimal
2021-02-11 08:30:00,52,91,1.371887357641412,0.0,0.0,0.1806333333333333,optimal
2021-02-11 09:00:00,52,91,0.9612627792843556,0.0,0.0,0.35746666666666665,optimal
2021-02-11 09:30:00,52,91,0.5714279811873412,0.0,0.0,3.2421666666666664,optimal
2021-02-11 10:00:00,52,91,0.3531917306345845,0.0,0.0,1.2248333333333332,optimal
2021-02-11 10:30:00,52,91,0.8244196225832937,0.0,0.0,0.28063333333333335,optimal
2021-02-11 11:00:00,52,91,0.6058861752953597,0.0,0.0,0.19096666666666667,optimal
2021-02-11 11:30:00,52,91,0.21301702464520972,0.0,0.0,1.5810666666666666,optimal
2021-02-11 12:00:00,52,91,0.20741156074603131,0.0,0.0,0.2907666666666667,optimal
2021-02-11 12:30:00,52,91,0.14338324923018192,0.0,0.0,1.3396666666666668,optimal
2021-02-11 13:00:00,52,91,0.8599600109003479,0.0,0.0,1.2563666666666666,optimal
2021-02-11 13:30:00,52,91,1.962977988788138,0.0,0.0,1.2440666666666667,optimal
2021-02-11 14:00:00,52,91,2.2857142857142856,0.0,0.0,1.6050666666666666,optimal
2021-02-11 14:30:00,52,91,2.2857142857142856,0.0,0.0,0.3132,optimal
2021-02-11 15:00:00,52,91,2.2857142857142856,0.0,0.0,0.3897333333333334,optimal
2021-02-11 15:30:00,52,91,2.2857142857142856,0.0,0.0,0.9680666666666669,optimal
2021-02-11 16:00:00,52,91,0.0,0.0,0.0,1.4308333333333332,optimal
2021-02-11 16:30:00,52,91,0.0,0.0,0.0,1.449266666666667,optimal
2021-02-11 17:00:00,52,91,0.0,0.0,0.0,1.4056,optimal
2021-02-11 17:30:00,52,91,0.0,0.0,0.0,2.4158666666666666,optimal
2021-02-11 18:00:00,52,91,0.0,0.0,0.0,0.39913333333333334,optimal
2021-02-11 18:30:00,52,91,0.0,0.0,0.0,0.5230666666666667,optimal
2021-02-11 19:00:00,52,91,0.0,0.0,0.0,0.4541,optimal
2021-02-11 19:30:00,52,91,0.0,0.0,0.0,0.35736666666666667,optimal
2021-02-11 20:00:00,52,91,0.0,0.0,0.0,0.28313333333333335,optimal
2021-02-11 20:30:00,52,91,0.0,0.0,0.0,0.19123333333333328,optimal
2021-02-11 21:00:00,52,91,0.0,0.0,0.0,0.11453333333333332,optimal
2021-02-11 21:30:00,52,91,0.0,0.0,0.0,0.37903333333333333,optimal
2021-02-11 22:00:00,52,91,0.0,0.0,0.0,0.1759,optimal
2021-02-11 22:30:00,52,91,0.0,0.0,0.0,0.242,optimal
2021-02-11 23:00:00,52,91,0.0,0.0,0.0,0.2777333333333333,optimal
2021-02-11 23:30:00,52,91,0.0,0.0,0.0,0.16383333333333333,optimal
2021-02-12 00:00:00,52,91,0.8956932449132281,0.0,0.0,0.071,optimal
2021-02-12 00:30:00,52,91,2.2857142857142856,0.0,0.0,0.13419999999999999,optimal
2021-02-12 01:00:00,52,91,2.2857142857142856,0.0,0.0,0.17346666666666666,optimal
2021-02-12 01:30:00,52,91,2.2857142857142856,0.0,0.0,0.063,optimal
2021-02-12 02:00:00,52,91,2.2857142857142856,0.0,0.0,0.10113333333333334,optimal
2021-02-12 02:30:00,52,91,2.2857142857142856,0.0,0.0,0.2122,optimal
2021-02-12 03:00:00,52,91,2.2857142857142856,0.0,0.0,0.06566666666666666,optimal
2021-02-12 03:30:00,52,91,2.2857142857142856,0.0,0.0,0.063,optimal
2021-02-12 04:00:00,52,91,2.2857142857142856,0.0,0.0,0.063,optimal
2021-02-12 04:30:00,52,91,2.2857142857142856,0.0,0.0,0.19653333333333334,optimal
2021-02-12 05:00:00,52,91,2.2857142857142856,0.0,0.0,0.10913333333333335,optimal
2021-02-12 05:30:00,52,91,2.2857142857142856,0.0,0.0,0.071,optimal
2021-02-12 06:00:00,52,91,2.2857142857142856,0.0,0.0,0.24866666666666662,optimal
2021-02-12 06:30:00,52,91,2.2857142857142856,0.0,0.0,0.063,optimal
2021-02-12 07:00:00,52,91,2.2857142857142856,0.0,7.816875205874411,0.06886666666666666,optimal
2021-02-12 07:30:00,52,91,2.2857142857142856,0.0,0.0,0.2368,optimal
2021-02-12 08:00:00,52,91,1.6053399780754505,0.0,0.0,0.063,optimal
2021-02-12 08:30:00,52,91,1.5960121325345367,0.0,0.0,0.14373333333333332,optimal
2021-02-12 09:00:00,52,91,1.525949444737579,0.0,0.0,0.16193333333333335,optimal
2021-02-12 09:30:00,52,91,1.2836605075923404,0.0,0.0,0.071,optimal
2021-02-12 10:00:00,52,91,0.7356871760054974,0.0,0.0,0.14756666666666665,optimal
2021-02-12 10:30:00,52,91,0.5779523908968465,0.0,0.0,0.23713333333333333,optimal
2021-02-12 11:00:00,52,91,0.4091216130890365,0.0,0.0,0.0658,optimal
2021-02-12 11:30:00,52,91,0.43522024114091573,0.0,0.0,0.18830000000000002,optimal
2021-02-12 12:00:00,52,91,0.3563134942792926,0.0,0.0,0.2437333333333333,optimal
2021-02-12 12:30:00,52,91,0.334002598521654,0.0,0.0,0.29246666666666665,optimal
2021-02-12 13:00:00,52,91,2.2857142857142856,0.0,0.0,0.20126666666666668,optimal
2021-02-12 13:30:00,52,91,2.2857142857142856,0.0,0.0,0.3561,optimal
2021-02-12 14:00:00,52,91,2.2857142857142856,0.0,0.0,0.14203333333333334,optimal
2021-02-12 14:30:00,52,91,2.2857142857142856,0.0,0.0,0.22686666666666666,optimal
2021-02-12 15:00:00,52,91,2.2857142857142856,0.0,0.0,0.10426666666666667,optimal
2021-02-12 15:30:00,52,91,2.2857142857142856,0.0,0.0,0.16783333333333333,optimal
2021-02-12 16:00:00,52,91,0.0,0.0,0.0,0.12490000000000001,optimal
2021-02-12 16:30:00,52,91,0.0,0.0,0.0,0.11336666666666666,optimal
2021-02-12 17:00:00,52,91,0.0,0.0,0.0,0.21230000000000002,optimal
2021-02-12 17:30:00,52,91,0.0,0.0,0.0,0.073,optimal
2021-02-12 18:00:00,52,91,0.0,0.0,0.0,0.11993333333333334,optimal
2021-02-12 18:30:00,52,91,0.0,0.0,0.0,0.2054,optimal
2021-02-12 19:00:00,52,91,0.0,0.0,0.0,0.2826,optimal
2021-02-12 19:30:00,52,91,0.9677176507030101,0.0,0.0,0.14746666666666666,optimal
2021-02-12 20:00:00,52,91,1.1128672606281567,0.0,0.0,0.4869,optimal
2021-02-12 20:30:00,52,91,0.0,0.0,0.0,0.25643333333333335,optimal
2021-02-12 21:00:00,52,91,0.0,0.0,0.0,0.2091,optimal
2021-02-12 21:30:00,52,91,0.0,0.0,0.0,0.15633333333333335,optimal
2021-02-12 22:00:00,52,91,0.0398095238095238,0.0,0.0,0.23183333333333328,optimal
2021-02-12 22:30:00,52,91,0.05971428571428571,0.0,0.0,0.224,optimal
2021-02-12 23:00:00,52,91,0.0,0.0,0.0,0.0999,optimal
2021-02-12 23:30:00,52,91,0.0,0.0,0.0,0.30606666666666665,optimal
2021-02-13 00:00:00,52,91,0.0,0.0,0.0,0.049,optimal
2021-02-13 00:30:00,52,91,2.2857142857142856,0.0,0.0,0.14553333333333332,optimal
2021-02-13 01:00:00,52,91,0.600023761622532,0.0,0.0,0.0852,optimal
2021-02-13 01:30:00,52,91,0.0,0.0,0.0,0.049,optimal
2021-02-13 02:00:00,52,91,1.907761561423229,0.0,0.0,0.049,optimal
2021-02-13 02:30:00,52,91,2.2857142857142856,0.0,0.0,0.15156666666666666,optimal
2021-02-13 03:00:00,52,91,2.2857142857142856,0.0,0.0,0.07916666666666668,optimal
2021-02-13 03:30:00,52,91,2.2857142857142856,0.0,0.0,0.049,optimal
2021-02-13 04:00:00,52,91,2.2857142857142856,0.0,0.0,0.07313333333333334,optimal
2021-02-13 04:30:00,52,91,2.2857142857142856,0.0,0.0,0.1576,optimal
2021-02-13 05:00:00,52,91,2.2857142857142856,0.0,4.1601163793384455,0.049,optimal
2021-02-13 05:30:00,52,91,2.2857142857142856,0.0,10.0,0.1817333333333333,optimal
2021-02-13 06:00:00,52,91,2.2857142857142856,0.0,10.0,0.09313333333333335,optimal
2021-02-13 06:30:00,52,91,2.2857142857142856,0.0,0.0,0.3012333333333333,optimal
2021-02-13 07:00:00,52,91,2.2857142857142856,0.0,0.0,0.4241333333333333,optimal
2021-02-13 07:30:00,52,91,2.2857142857142856,0.0,0.0,1.2078666666666666,optimal
2021-02-13 08:00:00,52,91,2.2857142857142856,0.0,0.0,0.29753333333333337,optimal
2021-02-13 08:30:00,52,91,1.290434770626811,0.0,0.0,1.6396,optimal
2021-02-13 09:00:00,52,91,1.2697780189883292,0.0,0.0,0.0952,optimal
2021-02-13 09:30:00,52,91,1.2353663973430395,0.0,0.0,0.15553333333333333,optimal
2021-02-13 10:00:00,52,91,0.9891714656784958,0.0,0.0,0.059,optimal
2021-02-13 10:30:00,52,91,0.959879617539914,0.0,0.0,0.1495,optimal
2021-02-13 11:00:00,52,91,0.6690065338300768,0.0,0.0,0.10123333333333331,optimal
2021-02-13 11:30:00,52,91,0.6690194475962706,0.0,0.0,0.08916666666666667,optimal
2021-02-13 12:00:00,52,91,0.5221761613325426,0.0,0.0,0.16156666666666666,optimal
2021-02-13 12:30:00,52,91,0.5446115126744178,0.0,0.0,0.059,optimal
2021-02-13 13:00:00,52,91,2.2857142857142856,0.0,0.0,0.07709999999999999,optimal
2021-02-13 13:30:00,52,91,2.2857142857142856,0.0,0.0,0.17363333333333333,optimal
2021-02-13 14:00:00,52,91,2.2857142857142856,0.0,0.0,0.059,optimal
2021-02-13 14:30:00,52,91,2.2857142857142856,0.0,0.0,0.11933333333333332,optimal
2021-02-13 15:00:00,52,91,2.2857142857142856,0.0,0.0,0.13140000000000002,optimal
2021-02-13 15:30:00,52,91,2.2857142857142856,0.0,0.0,0.059,optimal
2021-02-13 16:00:00,52,91,0.0,0.0,0.0,0.2017333333333333,optimal
2021-02-13 16:30:00,52,91,0.0,0.0,0.0,0.2727,optimal
2021-02-13 17:00:00,52,91,0.0,0.0,0.0,0.18086666666666668,optimal
2021-02-13 17:30:00,52,91,0.0,0.0,0.0,0.09586666666666666,optimal
2021-02-13 18:00:00,52,91,0.0,0.0,0.0,0.14216666666666666,optimal
2021-02-13 18:30:00,52,91,0.0,0.0,0.0,0.46953333333333336,optimal
2021-02-13 19:00:00,52,91,0.0,0.0,0.0,0.22636666666666666,optimal
2021-02-13 19:30:00,52,91,0.8005070393508189,0.0,0.0,0.27246666666666663,optimal
2021-02-13 20:00:00,52,91,1.2188577368186364,0.0,0.0,0.2636,optimal
2021-02-13 20:30:00,52,91,0.0,0.0,0.0,0.22166666666666662,optimal
2021-02-13 21:00:00,52,91,0.0,0.0,0.0,0.32106666666666667,optimal
2021-02-13 21:30:00,52,91,0.0,0.0,0.0,0.2464333333333333,optimal
2021-02-13 22:00:00,52,91,0.7563809523809524,0.0,0.0,0.12933333333333336,optimal
2021-02-13 22:30:00,52,91,0.0,0.0,0.0,0.3418,optimal
2021-02-13 23:00:00,52,91,0.0,0.0,0.0,0.058,optimal
2021-02-13 23:30:00,52,91,0.0,0.0,0.0,0.054,optimal
2021-02-07 00:00:00,53,91,0.0,0.0,0.0,0.061,optimal
2021-02-07 00:30:00,53,91,0.0,0.0,0.0,0.061,optimal
2021-02-07 01:00:00,53,91,0.0,0.0,0.0,0.061,optimal
2021-02-07 01:30:00,53,91,0.0,0.0,0.0,0.18346666666666667,optimal
2021-02-07 02:00:00,53,91,0.0,0.0,0.0,0.061,optimal
2021-02-07 02:30:00,53,91,0.0,0.0,0.0,0.10553333333333331,optimal
2021-02-07 03:00:00,53,91,0.0,0.0,0.0,0.13893333333333333,optimal
2021-02-07 03:30:00,53,91,0.0,0.0,0.0,0.061,optimal
2021-02-07 04:00:00,53,91,2.2857142857142856,0.0,0.0,0.18346666666666667,optimal
2021-02-07 04:30:00,53,91,2.2857142857142856,0.0,0.0,0.061,optimal
2021-02-07 05:00:00,53,91,2.2857142857142856,0.0,0.0,0.061,optimal
2021-02-07 05:30:00,53,91,2.2857142857142856,0.0,0.0,0.11633333333333332,optimal
2021-02-07 06:00:00,53,91,2.2857142857142856,0.0,1.305830934193062,0.41993333333333327,optimal
2021-02-07 06:30:00,53,91,2.2857142857142856,0.0,0.0,0.178,optimal
2021-02-07 07:00:00,53,91,2.2857142857142856,0.0,0.0,0.3335,optimal
2021-02-07 07:30:00,53,91,0.0,0.0,0.0,0.09996666666666668,optimal
2021-02-07 08:00:00,53,91,0.0,0.0,0.0,0.061,optimal
2021-02-07 08:30:00,53,91,0.0,0.0,0.0,0.061,optimal
2021-02-07 09:00:00,53,91,0.0,0.0,0.0,0.18346666666666667,optimal
2021-02-07 09:30:00,53,91,0.7502365769206355,0.0,0.0,0.061,optimal
2021-02-07 10:00:00,53,91,1.0351388229599385,0.0,0.0,0.13893333333333333,optimal
2021-02-07 10:30:00,53,91,1.0515510906656678,0.0,0.0,0.10686666666666667,optimal
2021-02-07 11:00:00,53,91,0.9288973516267907,0.0,0.0,0.071,optimal
2021-02-07 11:30:00,53,91,0.8939068754363053,0.0,0.0,0.19346666666666668,optimal
2021-02-07 12:00:00,53,91,0.8312768894817821,0.0,0.0,0.071,optimal
2021-02-07 12:30:00,53,91,0.8265054609103565,0.0,0.0,0.0877,optimal
2021-02-07 13:00:00,53,91,2.2857142857142856,0.0,0.0,0.17676666666666668,optimal
2021-02-07 13:30:00,53,91,2.2857142857142856,0.0,0.0,0.071,optimal
2021-02-07 14:00:00,53,91,2.2857142857142856,0.0,0.0,0.17676666666666668,optimal
2021-02-07 14:30:00,53,91,2.2857142857142856,0.0,0.0,0.0877,optimal
2021-02-07 15:00:00,53,91,2.2857142857142856,0.0,0.0,0.071,optimal
2021-02-07 15:30:00,53,91,2.2857142857142856,0.0,0.0,0.19346666666666668,optimal
2021-02-07 16:00:00,53,91,0.0,0.0,0.0,0.071,optimal
2021-02-07 16:30:00,53,91,0.0,0.0,0.0,0.1378,optimal
2021-02-07 17:00:00,53,91,0.0,0.0,0.0,0.29333333333333333,optimal
2021-02-07 17:30:00,53,91,0.0,0.0,0.0,0.40673333333333334,optimal
2021-02-07 18:00:00,53,91,0.0,0.0,0.0,0.5053666666666666,optimal
2021-02-07 18:30:00,53,91,0.0,0.0,0.0,0.36826666666666663,optimal
2021-02-07 19:00:00,53,91,0.0,0.0,0.0,0.36110000000000003,optimal
2021-02-07 19:30:00,53,91,0.0,0.0,0.0,0.34136666666666665,optimal
2021-02-07 20:00:00,53,91,0.7368462221821166,0.0,0.0,0.5623333333333334,optimal
2021-02-07 20:30:00,53,91,0.0,0.0,0.0,0.3917333333333333,optimal
2021-02-07 21:00:00,53,91,0.0,0.0,0.0,0.37560000000000004,optimal
2021-02-07 21:30:00,53,91,0.0,0.0,0.0,0.5574666666666667,optimal
2021-02-07 22:00:00,53,91,0.0,0.0,0.0,0.3072,optimal
2021-02-07 22:30:00,53,91,0.0,0.0,0.0,0.25930000000000003,optimal
2021-02-07 23:00:00,53,91,0.0,0.0,0.0,0.09883333333333331,optimal
2021-02-07 23:30:00,53,91,0.0,0.0,0.0,0.0877,optimal
2021-02-08 00:00:00,53,91,0.0,0.0,0.0,0.065,optimal
2021-02-08 00:30:00,53,91,0.0,0.0,0.0,0.065,optimal
2021-02-08 01:00:00,53,91,0.0,0.0,0.0,0.065,optimal
2021-02-08 01:30:00,53,91,0.0,0.0,0.0,0.065,optimal
2021-02-08 02:00:00,53,91,0.0,0.0,0.0,0.065,optimal
2021-02-08 02:30:00,53,91,1.816937556116922,0.0,0.0,0.065,optimal
2021-02-08 03:00:00,53,91,2.2857142857142856,0.0,0.0,0.065,optimal
2021-02-08 03:30:00,53,91,2.2857142857142856,0.0,0.0,0.065,optimal
2021-02-08 04:00:00,53,91,2.2857142857142856,0.0,0.0,0.06566666666666666,optimal
2021-02-08 04:30:00,53,91,2.2857142857142856,0.0,0.0,0.07166666666666667,optimal
2021-02-08 05:00:00,53,91,2.2857142857142856,0.0,0.0,0.065,optimal
2021-02-08 05:30:00,53,91,2.2857142857142856,0.0,0.0,0.065,optimal
2021-02-08 06:00:00,53,91,2.2857142857142856,0.0,0.0,0.065,optimal
2021-02-08 06:30:00,53,91,2.2857142857142856,0.0,1.6407213292898866,0.06533333333333333,optimal
2021-02-08 07:00:00,53,91,2.2857142857142856,0.0,10.0,0.07366666666666667,optimal
2021-02-08 07:30:00,53,91,2.2857142857142856,0.0,0.0,0.06366666666666666,optimal
2021-02-08 08:00:00,53,91,1.1672329101066006,0.0,0.0,0.09659999999999999,optimal
2021-02-08 08:30:00,53,91,1.0627099397170918,0.0,0.0,1.2061333333333335,optimal
2021-02-08 09:00:00,53,91,0.9972758329299678,0.0,0.0,0.2102,optimal
2021-02-08 09:30:00,53,91,0.9655717170856453,0.0,0.0,0.279,optimal
2021-02-08 10:00:00,53,91,0.7186880819235523,0.0,0.0,0.5341,optimal
2021-02-08 10:30:00,53,91,0.82413315014884,0.0,0.0,0.1994,optimal
2021-02-08 11:00:00,53,91,0.5697409903888058,0.0,0.0,0.2754,optimal
2021-02-08 11:30:00,53,91,0.5688049131592652,0.0,0.0,0.27913333333333334,optimal
2021-02-08 12:00:00,53,91,0.5158309292000555,0.0,0.0,0.20806666666666662,optimal
2021-02-08 12:30:00,53,91,0.1754502033123837,0.0,0.0,1.9266333333333328,optimal
2021-02-08 13:00:00,53,91,0.6760753237518562,0.0,0.0,2.042766666666667,optimal
2021-02-08 13:30:00,53,91,1.3151539897927869,0.0,0.0,1.0759333333333334,optimal
2021-02-08 14:00:00,53,91,2.2857142857142856,0.0,0.0,2.308,optimal
2021-02-08 14:30:00,53,91,2.2857142857142856,0.0,0.0,0.9878333333333333,optimal
2021-02-08 15:00:00,53,91,2.2857142857142856,0.0,0.0,0.6997000000000001,optimal
2021-02-08 15:30:00,53,91,2.2857142857142856,0.0,0.0,0.2728666666666667,optimal
2021-02-08 16:00:00,53,91,0.0,0.0,0.0,0.37346666666666656,optimal
2021-02-08 16:30:00,53,91,0.0,0.0,0.0,0.5209,optimal
2021-02-08 17:00:00,53,91,0.0,0.0,0.0,0.6185333333333333,optimal
2021-02-08 17:30:00,53,91,0.0,0.0,0.0,1.3236666666666668,optimal
2021-02-08 18:00:00,53,91,0.0,0.0,0.0,1.2628666666666666,optimal
2021-02-08 18:30:00,53,91,0.0,0.0,0.0,0.5695666666666667,optimal
2021-02-08 19:00:00,53,91,0.0,0.0,0.0,0.4244,optimal
2021-02-08 19:30:00,53,91,0.0,0.0,0.0,0.4428666666666667,optimal
2021-02-08 20:00:00,53,91,0.0,0.0,0.0,0.5682666666666667,optimal
2021-02-08 20:30:00,53,91,0.0,0.0,0.0,0.459,optimal
2021-02-08 21:00:00,53,91,0.0,0.0,0.0,0.4602,optimal
2021-02-08 21:30:00,53,91,0.0,0.0,0.0,0.49339999999999995,optimal
2021-02-08 22:00:00,53,91,0.0796190476190476,0.0,0.0,0.4955333333333334,optimal
2021-02-08 22:30:00,53,91,0.0,0.0,0.0,0.44573333333333337,optimal
2021-02-08 23:00:00,53,91,0.0,0.0,0.0,0.45289999999999997,optimal
2021-02-08 23:30:00,53,91,0.0,0.0,0.0,0.3485,optimal
2021-02-09 00:00:00,53,91,0.0,0.0,0.0,0.061,optimal
2021-02-09 00:30:00,53,91,0.9156190476190476,0.0,0.0,0.14983333333333335,optimal
2021-02-09 01:00:00,53,91,0.0,0.0,0.0,0.1225,optimal
2021-02-09 01:30:00,53,91,0.0,0.0,0.0,0.061,optimal
2021-02-09 02:00:00,53,91,0.0,0.0,0.0,0.2113333333333333,optimal
2021-02-09 02:30:00,53,91,2.2165714071982645,0.0,0.0,0.061,optimal
2021-02-09 03:00:00,53,91,2.2857142857142856,0.0,0.0,0.1908333333333333,optimal
2021-02-09 03:30:00,53,91,2.2857142857142856,0.0,0.0,0.0815,optimal
2021-02-09 04:00:00,53,91,2.2857142857142856,0.0,0.0,0.061,optimal
2021-02-09 04:30:00,53,91,2.2857142857142856,0.0,0.0,0.2113333333333333,optimal
2021-02-09 05:00:00,53,91,2.2857142857142856,0.0,0.0,0.061,optimal
2021-02-09 05:30:00,53,91,2.2857142857142856,0.0,0.0,0.19766666666666663,optimal
2021-02-09 06:00:00,53,91,2.2857142857142856,0.0,0.0,0.07466666666666667,optimal
2021-02-09 06:30:00,53,91,2.2857142857142856,0.0,0.0,0.1225,optimal
2021-02-09 07:00:00,53,91,2.2857142857142856,0.0,9.869358596381174,0.20296666666666666,optimal
2021-02-09 07:30:00,53,91,2.2857142857142856,0.0,0.0,1.1911666666666667,optimal
2021-02-09 08:00:00,53,91,1.1440099861248734,0.0,0.0,0.2194333333333333,optimal
2021-02-09 08:30:00,53,91,0.9923725369472242,0.0,0.0,0.8541,optimal
2021-02-09 09:00:00,53,91,0.7837446868684316,0.0,0.0,1.1827,optimal
2021-02-09 09:30:00,53,91,0.8639326456559928,0.0,0.0,1.9941,optimal
2021-02-09 10:00:00,53,91,0.8876380959414774,0.0,0.0,0.2045,optimal
2021-02-09 10:30:00,53,91,0.8619807600104841,0.0,0.0,0.2436333333333333,optimal
2021-02-09 11:00:00,53,91,0.6341091852784599,0.0,0.0,0.1802666666666667,optimal
2021-02-09 11:30:00,53,91,0.2484973371398749,0.0,0.0,3.154866666666667,optimal
2021-02-09 12:00:00,53,91,0.21677158030386848,0.0,0.0,2.8056,optimal
2021-02-09 12:30:00,53,91,0.2143034284424562,0.0,0.0,1.1357000000000002,optimal
2021-02-09 13:00:00,53,91,1.1555528060087414,0.0,0.0,1.1485333333333334,optimal
2021-02-09 13:30:00,53,91,1.2817468988062408,0.0,0.0,0.42760000000000004,optimal
2021-02-09 14:00:00,53,91,2.2857142857142856,0.0,0.0,0.294,optimal
2021-02-09 14:30:00,53,91,2.2857142857142856,0.0,0.0,0.2794,optimal
2021-02-09 15:00:00,53,91,2.2857142857142856,0.0,0.0,0.13773333333333332,optimal
2021-02-09 15:30:00,53,91,2.2857142857142856,0.0,0.0,0.2795666666666667,optimal
2021-02-09 16:00:00,53,91,0.0,0.0,0.0,0.8638333333333333,optimal
2021-02-09 16:30:00,53,91,0.0,0.0,0.0,2.7054,optimal
2021-02-09 17:00:00,53,91,0.0,0.0,0.0,1.2171333333333334,optimal
2021-02-09 17:30:00,53,91,0.0,0.0,0.0,0.5389666666666667,optimal
2021-02-09 18:00:00,53,91,0.0,0.0,0.0,0.18980000000000002,optimal
2021-02-09 18:30:00,53,91,0.0,0.0,0.0,1.0632000000000001,optimal
2021-02-09 19:00:00,53,91,0.0,0.0,0.0,3.040033333333333,optimal
2021-02-09 19:30:00,53,91,0.0,0.0,0.0,1.9544000000000001,optimal
2021-02-09 20:00:00,53,91,0.0,0.0,0.0,0.22913333333333333,optimal
2021-02-09 20:30:00,53,91,0.0,0.0,0.0,0.36369999999999997,optimal
2021-02-09 21:00:00,53,91,0.0,0.0,0.0,0.2186,optimal
2021-02-09 21:30:00,53,91,0.0,0.0,0.0,0.3039,optimal
2021-02-09 22:00:00,53,91,1.3137142857142858,0.0,0.0,0.22333333333333327,optimal
2021-02-09 22:30:00,53,91,0.0,0.0,0.0,0.25743333333333335,optimal
2021-02-09 23:00:00,53,91,0.0,0.0,0.0,1.7157,optimal
2021-02-09 23:30:00,53,91,0.0,0.0,0.0,0.31110000000000004,optimal
2021-02-10 00:00:00,53,91,0.0,0.0,0.0,0.07266666666666667,optimal
2021-02-10 00:30:00,53,91,0.25876190476190475,0.0,0.0,0.07133333333333333,optimal
2021-02-10 01:00:00,53,91,0.0,0.0,0.0,0.09673333333333332,optimal
2021-02-10 01:30:00,53,91,0.0,0.0,0.0,0.2008,optimal
2021-02-10 02:00:00,53,91,0.8348074408721204,0.0,0.0,0.06766666666666667,optimal
2021-02-10 02:30:00,53,91,2.2857142857142856,0.0,0.0,0.10673333333333332,optimal
2021-02-10 03:00:00,53,91,2.2857142857142856,0.0,0.0,0.20113333333333333,optimal
2021-02-10 03:30:00,53,91,2.2857142857142856,0.0,0.0,0.067,optimal
2021-02-10 04:00:00,53,91,2.2857142857142856,0.0,0.0,0.07443333333333334,optimal
2021-02-10 04:30:00,53,91,2.2857142857142856,0.0,0.0,0.22676666666666667,optimal
2021-02-10 05:00:00,53,91,2.2857142857142856,0.0,0.0,0.067,optimal
2021-02-10 05:30:00,53,91,2.2857142857142856,0.0,7.321736067445947,0.11159999999999999,optimal
2021-02-10 06:00:00,53,91,2.2857142857142856,0.0,10.0,0.1859333333333333,optimal
2021-02-10 06:30:00,53,91,2.2857142857142856,0.0,10.0,0.067,optimal
2021-02-10 07:00:00,53,91,2.2857142857142856,0.0,10.0,0.22853333333333334,optimal
2021-02-10 07:30:00,53,91,2.2857142857142856,0.0,0.0,1.304266666666667,optimal
2021-02-10 08:00:00,53,91,1.231700377077022,0.0,0.0,0.7098666666666666,optimal
2021-02-10 08:30:00,53,91,1.1703044130941054,0.0,0.0,0.8483333333333334,optimal
2021-02-10 09:00:00,53,91,1.1898497785090163,0.0,0.0,0.09673333333333332,optimal
2021-02-10 09:30:00,53,91,1.1697395288118324,0.0,0.0,0.11903333333333331,optimal
2021-02-10 10:00:00,53,91,0.8768295617347243,0.0,0.0,0.1785,optimal
2021-02-10 10:30:00,53,91,0.8983825887475487,0.0,0.0,0.067,optimal
2021-02-10 11:00:00,53,91,0.670678567014909,0.0,0.0,0.1933666666666667,optimal
2021-02-10 11:30:00,53,91,0.6631043945472503,0.0,0.0,0.14683333333333334,optimal
2021-02-10 12:00:00,53,91,0.4587553986458904,0.0,0.0,0.067,optimal
2021-02-10 12:30:00,53,91,0.4587553986458904,0.0,0.0,0.067,optimal
2021-02-10 13:00:00,53,91,2.2857142857142856,0.0,0.0,2.399633333333333,optimal
2021-02-10 13:30:00,53,91,2.2857142857142856,0.0,0.0,2.6549666666666667,optimal
2021-02-10 14:00:00,53,91,2.2857142857142856,0.0,0.0,0.5959666666666666,optimal
2021-02-10 14:30:00,53,91,2.2857142857142856,0.0,0.0,0.22130000000000002,optimal
2021-02-10 15:00:00,53,91,2.2857142857142856,0.0,0.0,0.36410000000000003,optimal
2021-02-10 15:30:00,53,91,2.2857142857142856,0.0,0.0,1.6078333333333332,optimal
2021-02-10 16:00:00,53,91,0.0,0.0,0.0,0.436,optimal
2021-02-10 16:30:00,53,91,0.0,0.0,0.0,0.4532333333333333,optimal
2021-02-10 17:00:00,53,91,0.0,0.0,0.0,0.2965,optimal
2021-02-10 17:30:00,53,91,0.0,0.0,0.0,0.30693333333333334,optimal
2021-02-10 18:00:00,53,91,0.0,0.0,0.0,0.48886666666666667,optimal
2021-02-10 18:30:00,53,91,0.0,0.0,0.0,0.381,optimal
2021-02-10 19:00:00,53,91,0.0,0.0,0.0,0.4330333333333334,optimal
2021-02-10 19:30:00,53,91,0.0,0.0,0.0,0.48569999999999997,optimal
2021-02-10 20:00:00,53,91,1.0056761149510267,0.0,0.0,0.3782,optimal
2021-02-10 20:30:00,53,91,0.0,0.0,0.0,0.6316,optimal
2021-02-10 21:00:00,53,91,0.0,0.0,0.0,0.9690333333333332,optimal
2021-02-10 21:30:00,53,91,0.0,0.0,0.0,1.9972999999999999,optimal
2021-02-10 22:00:00,53,91,0.0,0.0,0.0,0.5560333333333333,optimal
2021-02-10 22:30:00,53,91,0.4976190476190476,0.0,0.0,0.45339999999999997,optimal
2021-02-10 23:00:00,53,91,0.0,0.0,0.0,0.3571333333333333,optimal
2021-02-10 23:30:00,53,91,0.0199047619047619,0.0,0.0,0.3588,optimal
2021-02-11 00:00:00,53,91,0.0,0.0,0.0,0.06566666666666666,optimal
2021-02-11 00:30:00,53,91,2.2857142857142856,0.0,0.0,0.133,optimal
2021-02-11 01:00:00,53,91,1.294118017500195,0.0,0.0,0.10790000000000001,optimal
2021-02-11 01:30:00,53,91,2.2857142857142856,0.0,0.0,0.2175,optimal
2021-02-11 02:00:00,53,91,2.2857142857142856,0.0,0.0,0.077,optimal
2021-02-11 02:30:00,53,91,2.2857142857142856,0.0,0.0,0.263,optimal
2021-02-11 03:00:00,53,91,2.2857142857142856,0.0,0.0,0.07840000000000001,optimal
2021-02-11 03:30:00,53,91,2.2857142857142856,0.0,0.0,0.061,optimal
2021-02-11 04:00:00,53,91,2.2857142857142856,0.0,0.0,0.097,optimal
2021-02-11 04:30:00,53,91,2.2857142857142856,0.0,0.0,0.2243,optimal
2021-02-11 05:00:00,53,91,2.2857142857142856,0.0,0.0,0.1331,optimal
2021-02-11 05:30:00,53,91,2.2857142857142856,0.0,0.0,0.081,optimal
2021-02-11 06:00:00,53,91,2.2857142857142856,0.0,7.117090758437622,0.2134,optimal
2021-02-11 06:30:00,53,91,2.2857142857142856,0.0,10.0,0.12733333333333333,optimal
2021-02-11 07:00:00,53,91,2.2857142857142856,0.0,10.0,0.225,optimal
2021-02-11 07:30:00,53,91,2.2857142857142856,0.0,0.0,0.2758333333333333,optimal
2021-02-11 08:00:00,53,91,1.3798784798923391,0.0,0.0,0.22740000000000002,optimal
2021-02-11 08:30:00,53,91,1.3945445004985724,0.0,0.0,0.2623666666666667,optimal
2021-02-11 09:00:00,53,91,1.1334703983319576,0.0,0.0,0.5363333333333333,optimal
2021-02-11 09:30:00,53,91,1.0229136954730438,0.0,0.0,1.7060666666666666,optimal
2021-02-11 10:00:00,53,91,0.6844907782536437,0.0,0.0,0.4224666666666666,optimal
2021-02-11 10:30:00,53,91,0.712246289249968,0.0,0.0,0.4167,optimal
2021-02-11 11:00:00,53,91,0.5585147467239283,0.0,0.0,0.30593333333333333,optimal
2021-02-11 11:30:00,53,91,0.46125131035949807,0.0,0.0,0.5155,optimal
2021-02-11 12:00:00,53,91,0.2637391797936465,0.0,0.0,0.28713333333333335,optimal
2021-02-11 12:30:00,53,91,0.1536280111349469,0.0,0.0,1.1565333333333334,optimal
2021-02-11 13:00:00,53,91,2.2857142857142856,0.0,0.0,0.8081,optimal
2021-02-11 13:30:00,53,91,2.2857142857142856,0.0,0.0,0.23766666666666664,optimal
2021-02-11 14:00:00,53,91,2.2857142857142856,0.0,0.0,0.2117333333333333,optimal
2021-02-11 14:30:00,53,91,2.2857142857142856,0.0,0.0,0.30110000000000003,optimal
2021-02-11 15:00:00,53,91,2.2857142857142856,0.0,0.0,0.113,optimal
2021-02-11 15:30:00,53,91,2.2857142857142856,0.0,0.0,0.21480000000000002,optimal
2021-02-11 16:00:00,53,91,0.0,0.0,0.0,0.3399333333333333,optimal
2021-02-11 16:30:00,53,91,0.0,0.0,0.0,0.137,optimal
2021-02-11 17:00:00,53,91,0.0,0.0,0.0,1.4602,optimal
2021-02-11 17:30:00,53,91,0.0,0.0,0.0,0.258,optimal
2021-02-11 18:00:00,53,91,0.0,0.0,0.0,0.071,optimal
2021-02-11 18:30:00,53,91,0.0,0.0,0.0,0.2184,optimal
2021-02-11 19:00:00,53,91,0.0,0.0,0.0,0.071,optimal
2021-02-11 19:30:00,53,91,1.051762593125664,0.0,0.0,0.1849,optimal
2021-02-11 20:00:00,53,91,1.7904183345742284,0.0,0.0,0.1765,optimal
2021-02-11 20:30:00,53,91,0.0,0.0,0.0,0.1433,optimal
2021-02-11 21:00:00,53,91,0.0,0.0,0.0,0.29756666666666665,optimal
2021-02-11 21:30:00,53,91,0.0,0.0,0.0,0.32776666666666665,optimal
2021-02-11 22:00:00,53,91,0.0,0.0,0.0,0.24806666666666663,optimal
2021-02-11 22:30:00,53,91,0.0,0.0,0.0,0.2958,optimal
2021-02-11 23:00:00,53,91,0.0398095238095238,0.0,0.0,0.2153333333333333,optimal
2021-02-11 23:30:00,53,91,0.0,0.0,0.0,0.2540666666666666,optimal
2021-02-12 00:00:00,53,91,0.0,0.0,0.0,0.13440000000000002,optimal
2021-02-12 00:30:00,53,91,2.2857142857142856,0.0,0.0,0.10959999999999999,optimal
2021-02-12 01:00:00,53,91,2.2857142857142856,0.0,0.0,0.091,optimal
2021-02-12 01:30:00,53,91,2.2857142857142856,0.0,0.0,0.153,optimal
2021-02-12 02:00:00,53,91,2.2857142857142856,0.0,0.0,0.17563333333333334,optimal
2021-02-12 02:30:00,53,91,2.2857142857142856,0.0,0.0,0.5727000000000001,optimal
2021-02-12 03:00:00,53,91,2.2857142857142856,0.0,0.0,0.2882,optimal
2021-02-12 03:30:00,53,91,2.2857142857142856,0.0,0.0,0.2357333333333333,optimal
2021-02-12 04:00:00,53,91,2.2857142857142856,0.0,0.0,0.10959999999999999,optimal
2021-02-12 04:30:00,53,91,2.2857142857142856,0.0,0.0,0.06,optimal
2021-02-12 05:00:00,53,91,2.2857142857142856,0.0,0.0,0.184,optimal
2021-02-12 05:30:00,53,91,2.2857142857142856,0.0,0.0,0.06,optimal
2021-02-12 06:00:00,53,91,2.2857142857142856,0.0,0.0,0.184,optimal
2021-02-12 06:30:00,53,91,2.2857142857142856,0.0,0.0,0.06,optimal
2021-02-12 07:00:00,53,91,2.2857142857142856,0.0,0.0,0.1034,optimal
2021-02-12 07:30:00,53,91,2.2857142857142856,0.0,0.0,0.14893333333333333,optimal
2021-02-12 08:00:00,53,91,1.6544777480934376,0.0,0.0,0.16733333333333333,optimal
2021-02-12 08:30:00,53,91,1.359876894439296,0.0,0.0,1.1728666666666665,optimal
2021-02-12 09:00:00,53,91,1.1770008733090147,0.0,0.0,1.1588333333333332,optimal
2021-02-12 09:30:00,53,91,0.9872643171161617,0.0,0.0,0.7381666666666666,optimal
2021-02-12 10:00:00,53,91,0.4665005093388367,0.0,0.0,1.7913,optimal
2021-02-12 10:30:00,53,91,0.4972133432777798,0.0,0.0,1.6763,optimal
2021-02-12 11:00:00,53,91,0.16543589880332027,0.0,0.0,2.937733333333333,optimal
2021-02-12 11:30:00,53,91,0.0,0.0,0.0,4.2325,optimal
2021-02-12 12:00:00,53,91,0.17507103637364801,0.0,0.0,0.26716666666666666,optimal
2021-02-12 12:30:00,53,91,0.22819021756927346,0.0,0.0,0.922,optimal
2021-02-12 13:00:00,53,91,1.0508900148865932,0.0,0.0,1.3047666666666669,optimal
2021-02-12 13:30:00,53,91,0.37433326420309826,0.0,0.0,0.647,optimal
2021-02-12 14:00:00,53,91,2.2857142857142856,0.0,0.0,0.8006666666666666,optimal
2021-02-12 14:30:00,53,91,2.2857142857142856,0.0,0.0,1.7964333333333333,optimal
2021-02-12 15:00:00,53,91,2.2857142857142856,0.0,0.0,1.2452999999999999,optimal
2021-02-12 15:30:00,53,91,2.2857142857142856,0.0,0.0,1.5495333333333332,optimal
2021-02-12 16:00:00,53,91,0.0,0.0,0.0,4.1828,optimal
2021-02-12 16:30:00,53,91,0.0,0.0,0.0,5.885666666666667,optimal
2021-02-12 17:00:00,53,91,0.0,0.0,0.0,3.4624,optimal
2021-02-12 17:30:00,53,91,0.0,0.0,0.0,2.0216,optimal
2021-02-12 18:00:00,53,91,0.0,0.0,0.0,0.9059333333333331,optimal
2021-02-12 18:30:00,53,91,0.0,0.0,0.0,0.6678333333333334,optimal
2021-02-12 19:00:00,53,91,0.0,0.0,0.0,0.5049333333333332,optimal
2021-02-12 19:30:00,53,91,0.0,0.0,0.0,0.5841666666666666,optimal
2021-02-12 20:00:00,53,91,0.0,0.0,0.0,0.8126333333333333,optimal
2021-02-12 20:30:00,53,91,0.0,0.0,0.0,1.6905666666666666,optimal
2021-02-12 21:00:00,53,91,0.0,0.0,0.0,1.3009333333333335,optimal
2021-02-12 21:30:00,53,91,0.0,0.0,0.0,1.5586666666666666,optimal
2021-02-12 22:00:00,53,91,0.0995238095238095,0.0,0.0,0.7830666666666667,optimal
2021-02-12 22:30:00,53,91,0.0,0.0,0.0,0.6747333333333333,optimal
2021-02-12 23:00:00,53,91,0.0,0.0,0.0,0.6282666666666666,optimal
2021-02-12 23:30:00,53,91,0.0,0.0,0.0,2.502266666666667,optimal
2021-02-13 00:00:00,53,91,0.0,0.0,0.0,0.09766666666666668,optimal
2021-02-13 00:30:00,53,91,0.5374285714285715,0.0,0.0,0.071,optimal
2021-02-13 01:00:00,53,91,0.0,0.0,0.0,0.16403333333333334,optimal
2021-02-13 01:30:00,53,91,0.0,0.0,0.0,0.16083333333333336,optimal
2021-02-13 02:00:00,53,91,1.2509643471638427,0.0,0.0,0.07483333333333334,optimal
2021-02-13 02:30:00,53,91,2.2857142857142856,0.0,0.0,0.09016666666666669,optimal
2021-02-13 03:00:00,53,91,2.2857142857142856,0.0,0.0,0.08433333333333333,optimal
2021-02-13 03:30:00,53,91,2.2857142857142856,0.0,0.0,0.17153333333333334,optimal
2021-02-13 04:00:00,53,91,2.2857142857142856,0.0,0.0,0.117,optimal
2021-02-13 04:30:00,53,91,2.2857142857142856,0.0,0.0,0.17880000000000001,optimal
2021-02-13 05:00:00,53,91,2.2857142857142856,0.0,0.0,0.10773333333333332,optimal
2021-02-13 05:30:00,53,91,2.2857142857142856,0.0,0.0,0.17353333333333334,optimal
2021-02-13 06:00:00,53,91,2.2857142857142856,0.0,0.0,0.12066666666666669,optimal
2021-02-13 06:30:00,53,91,2.2857142857142856,0.0,4.250526251962119,0.07706666666666666,optimal
2021-02-13 07:00:00,53,91,2.2857142857142856,0.0,10.0,0.2018,optimal
2021-02-13 07:30:00,53,91,2.2857142857142856,0.0,0.0,0.12306666666666666,optimal
2021-02-13 08:00:00,53,91,1.3245094759082647,0.0,0.0,0.1871,optimal
2021-02-13 08:30:00,53,91,1.3131795325315758,0.0,0.0,0.21706666666666663,optimal
2021-02-13 09:00:00,53,91,1.1896732570835518,0.0,0.0,0.1155,optimal
2021-02-13 09:30:00,53,91,1.1464711592477903,0.0,0.0,0.2988,optimal
2021-02-13 10:00:00,53,91,0.9173619418689802,0.0,0.0,0.055,optimal
2021-02-13 10:30:00,53,91,0.9078319984922999,0.0,0.0,0.10426666666666667,optimal
2021-02-13 11:00:00,53,91,0.5505874862110293,0.0,0.0,0.3063,optimal
2021-02-13 11:30:00,53,91,0.5547889714057891,0.0,0.0,1.185733333333333,optimal
2021-02-13 12:00:00,53,91,0.38101425657063404,0.0,0.0,0.7822333333333333,optimal
2021-02-13 12:30:00,53,91,0.4526019888648868,0.0,0.0,0.2432333333333333,optimal
2021-02-13 13:00:00,53,91,2.2857142857142856,0.0,0.0,0.1832666666666667,optimal
2021-02-13 13:30:00,53,91,2.2857142857142856,0.0,0.0,0.4372,optimal
2021-02-13 14:00:00,53,91,2.2857142857142856,0.0,0.0,1.3590333333333333,optimal
2021-02-13 14:30:00,53,91,2.2857142857142856,0.0,0.0,0.8009666666666667,optimal
2021-02-13 15:00:00,53,91,2.2857142857142856,0.0,0.0,0.20786666666666667,optimal
2021-02-13 15:30:00,53,91,2.2857142857142856,0.0,0.0,1.0352666666666668,optimal
2021-02-13 16:00:00,53,91,0.0,0.0,0.0,0.14,optimal
2021-02-13 16:30:00,53,91,0.0,0.0,0.0,0.3726333333333333,optimal
2021-02-13 17:00:00,53,91,0.0,0.0,0.0,0.1173,optimal
2021-02-13 17:30:00,53,91,0.0,0.0,0.0,0.247,optimal
2021-02-13 18:00:00,53,91,0.0,0.0,0.0,0.2663333333333333,optimal
2021-02-13 18:30:00,53,91,0.0,0.0,0.0,0.32526666666666665,optimal
2021-02-13 19:00:00,53,91,0.0,0.0,0.0,0.235,optimal
2021-02-13 19:30:00,53,91,0.0,0.0,0.0,0.45463333333333333,optimal
2021-02-13 20:00:00,53,91,0.8302757484210086,0.0,0.0,0.29196666666666665,optimal
2021-02-13 20:30:00,53,91,0.0,0.0,0.0,0.4418,optimal
2021-02-13 21:00:00,53,91,0.0,0.0,0.0,0.25006666666666666,optimal
2021-02-13 21:30:00,53,91,0.0,0.0,0.0,0.485,optimal
2021-02-13 22:00:00,53,91,0.0,0.0,0.0,0.1808333333333333,optimal
2021-02-13 22:30:00,53,91,0.0199047619047619,0.0,0.0,0.5473666666666667,optimal
2021-02-13 23:00:00,53,91,0.0,0.0,0.0,0.9382666666666668,optimal
2021-02-13 23:30:00,53,91,0.0,0.0,0.0,0.5089666666666666,optimal
2021-02-07 00:00:00,54,91,0.0,0.0,0.0,0.067,optimal
2021-02-07 00:30:00,54,91,0.0,0.0,0.0,0.17973333333333333,optimal
2021-02-07 01:00:00,54,91,0.0,0.0,0.0,0.12440000000000001,optimal
2021-02-07 01:30:00,54,91,0.0,0.0,0.0,0.252,optimal
2021-02-07 02:00:00,54,91,0.0,0.0,0.0,0.09073333333333332,optimal
2021-02-07 02:30:00,54,91,0.0,0.0,0.0,0.17636666666666667,optimal
2021-02-07 03:00:00,54,91,0.0,0.0,0.0,0.2178333333333333,optimal
2021-02-07 03:30:00,54,91,0.0,0.0,0.0,0.07343333333333334,optimal
2021-02-07 04:00:00,54,91,2.2857142857142856,0.0,0.0,0.2021,optimal
2021-02-07 04:30:00,54,91,2.2857142857142856,0.0,0.0,0.13226666666666667,optimal
2021-02-07 05:00:00,54,91,2.2857142857142856,0.0,0.0,0.2555,optimal
2021-02-07 05:30:00,54,91,2.2857142857142856,0.0,0.0,0.07476666666666666,optimal
2021-02-07 06:00:00,54,91,2.2857142857142856,0.0,0.0,0.077,optimal
2021-02-07 06:30:00,54,91,2.2857142857142856,0.0,0.0,0.3372,optimal
2021-02-07 07:00:00,54,91,2.2857142857142856,0.0,1.6063785740462473,0.07566666666666667,optimal
2021-02-07 07:30:00,54,91,0.0,0.0,0.0,0.5905,optimal
2021-02-07 08:00:00,54,91,0.0,0.0,0.0,1.8733666666666664,optimal
2021-02-07 08:30:00,54,91,0.0,0.0,0.0,0.06833333333333333,optimal
2021-02-07 09:00:00,54,91,0.0,0.0,0.0,0.077,optimal
2021-02-07 09:30:00,54,91,0.5918190547817355,0.0,0.0,0.2921666666666667,optimal
2021-02-07 10:00:00,54,91,1.0433673943885167,0.0,0.0,0.12203333333333331,optimal
2021-02-07 10:30:00,54,91,1.0546272811418704,0.0,0.0,0.10666666666666669,optimal
2021-02-07 11:00:00,54,91,0.8636973516267883,0.0,0.0,0.30110000000000003,optimal
2021-02-07 11:30:00,54,91,0.9086497325791765,0.0,0.0,0.08476666666666667,optimal
2021-02-07 12:00:00,54,91,0.6820768894817817,0.0,0.0,0.43639999999999995,optimal
2021-02-07 12:30:00,54,91,0.7805721275770234,0.0,0.0,0.19069999999999998,optimal
2021-02-07 13:00:00,54,91,0.7915489310619863,0.0,0.0,0.20433333333333328,optimal
2021-02-07 13:30:00,54,91,0.8006761305424374,0.0,0.0,0.22669999999999998,optimal
2021-02-07 14:00:00,54,91,1.443372405277601,0.0,0.0,0.1537666666666667,optimal
2021-02-07 14:30:00,54,91,2.2857142857142856,0.0,0.0,0.3561666666666667,optimal
2021-02-07 15:00:00,54,91,2.2857142857142856,0.0,0.0,1.9095333333333333,optimal
2021-02-07 15:30:00,54,91,2.2857142857142856,0.0,0.0,1.188233333333333,optimal
2021-02-07 16:00:00,54,91,0.0,0.0,0.0,3.1058000000000003,optimal
2021-02-07 16:30:00,54,91,0.0,0.0,0.0,3.3418666666666668,optimal
2021-02-07 17:00:00,54,91,0.0,0.0,0.0,3.419633333333333,optimal
2021-02-07 17:30:00,54,91,0.0,0.0,0.0,2.2531333333333334,optimal
2021-02-07 18:00:00,54,91,0.0,0.0,0.0,2.4421999999999997,optimal
2021-02-07 18:30:00,54,91,0.0,0.0,0.0,2.6686,optimal
2021-02-07 19:00:00,54,91,0.0,0.0,0.0,0.554,optimal
2021-02-07 19:30:00,54,91,0.0,0.0,0.0,2.1375666666666664,optimal
2021-02-07 20:00:00,54,91,0.0,0.0,0.0,1.4591333333333334,optimal
2021-02-07 20:30:00,54,91,0.0,0.0,0.0,2.1761,optimal
2021-02-07 21:00:00,54,91,0.0,0.0,0.0,0.8021666666666666,optimal
2021-02-07 21:30:00,54,91,0.0,0.0,0.0,0.8414333333333333,optimal
2021-02-07 22:00:00,54,91,0.0,0.0,0.0,0.4530666666666667,optimal
2021-02-07 22:30:00,54,91,0.0,0.0,0.0,2.045233333333333,optimal
2021-02-07 23:00:00,54,91,0.0,0.0,0.0,0.13633333333333333,optimal
2021-02-07 23:30:00,54,91,0.0,0.0,0.0,2.9641666666666664,optimal
2021-02-08 00:00:00,54,91,0.019904761904761904,0.0,0.0,0.051,optimal
2021-02-08 00:30:00,54,91,2.2857142857142856,0.0,0.0,0.062200000000000005,optimal
2021-02-08 01:00:00,54,91,0.30523809523809525,0.0,0.0,0.163,optimal
2021-02-08 01:30:00,54,91,0.0,0.0,0.0,0.19046666666666667,optimal
2021-02-08 02:00:00,54,91,0.0,0.0,0.0,0.1205,optimal
2021-02-08 02:30:00,54,91,2.2857142857142856,0.0,0.0,0.22103333333333333,optimal
2021-02-08 03:00:00,54,91,1.8912206672612226,0.0,0.0,0.2454,optimal
2021-02-08 03:30:00,54,91,2.2857142857142856,0.0,0.0,0.28876666666666667,optimal
2021-02-08 04:00:00,54,91,2.2857142857142856,0.0,0.0,0.24516666666666662,optimal
2021-02-08 04:30:00,54,91,2.2857142857142856,0.0,0.0,0.3867333333333334,optimal
2021-02-08 05:00:00,54,91,2.2857142857142856,0.0,0.0,0.062200000000000005,optimal
2021-02-08 05:30:00,54,91,2.2857142857142856,0.0,0.0,0.1756,optimal
2021-02-08 06:00:00,54,91,2.2857142857142856,0.0,0.0,0.1138,optimal
2021-02-08 06:30:00,54,91,2.2857142857142856,0.0,0.0,0.097,optimal
2021-02-08 07:00:00,54,91,2.2857142857142856,0.0,8.67998813650276,0.2766,optimal
2021-02-08 07:30:00,54,91,2.2857142857142856,0.0,0.0,0.3368,optimal
2021-02-08 08:00:00,54,91,1.2204329101065892,0.0,0.0,0.14476666666666668,optimal
2021-02-08 08:30:00,54,91,1.2266166063837656,0.0,0.0,0.22333333333333327,optimal
2021-02-08 09:00:00,54,91,1.17879011864424,0.0,0.0,0.063,optimal
2021-02-08 09:30:00,54,91,1.1684860027999233,0.0,0.0,0.063,optimal
2021-02-08 10:00:00,54,91,0.9378385581140374,0.0,0.0,0.063,optimal
2021-02-08 10:30:00,54,91,0.9225426739583583,0.0,0.0,0.15259999999999999,optimal
2021-02-08 11:00:00,54,91,0.6790838475316523,0.0,0.0,0.13290000000000002,optimal
2021-02-08 11:30:00,54,91,0.6855858655402083,0.0,0.0,0.0861,optimal
2021-02-08 12:00:00,54,91,0.5893452149143366,0.0,0.0,0.1158,optimal
2021-02-08 12:30:00,54,91,0.5536063937885798,0.0,0.0,0.1928,optimal
2021-02-08 13:00:00,54,91,2.2857142857142856,0.0,0.0,1.5064666666666666,optimal
2021-02-08 13:30:00,54,91,2.2857142857142856,0.0,0.0,0.42083333333333334,optimal
2021-02-08 14:00:00,54,91,2.2857142857142856,0.0,0.0,0.34896666666666665,optimal
2021-02-08 14:30:00,54,91,2.2857142857142856,0.0,0.0,0.2848,optimal
2021-02-08 15:00:00,54,91,2.2857142857142856,0.0,0.0,0.3272,optimal
2021-02-08 15:30:00,54,91,2.2857142857142856,0.0,0.0,1.4979,optimal
2021-02-08 16:00:00,54,91,0.0,0.0,0.0,0.16156666666666666,optimal
2021-02-08 16:30:00,54,91,0.0,0.0,0.0,0.48669999999999997,optimal
2021-02-08 17:00:00,54,91,0.0,0.0,0.0,0.485,optimal
2021-02-08 17:30:00,54,91,0.0,0.0,0.0,0.4764,optimal
2021-02-08 18:00:00,54,91,0.0,0.0,0.0,0.11526666666666668,optimal
2021-02-08 18:30:00,54,91,0.0,0.0,0.0,0.43573333333333336,optimal
2021-02-08 19:00:00,54,91,0.0,0.0,0.0,0.1955,optimal
2021-02-08 19:30:00,54,91,0.0,0.0,0.0,0.0683,optimal
2021-02-08 20:00:00,54,91,0.14591323609276832,0.0,0.0,0.3367333333333333,optimal
2021-02-08 20:30:00,54,91,0.0,0.0,0.0,0.42560000000000003,optimal
2021-02-08 21:00:00,54,91,0.0,0.0,0.0,0.32403333333333334,optimal
2021-02-08 21:30:00,54,91,0.0,0.0,0.0,0.5454666666666667,optimal
2021-02-08 22:00:00,54,91,0.0,0.0,0.0,0.4656666666666667,optimal
2021-02-08 22:30:00,54,91,0.0,0.0,0.0,0.2079,optimal
2021-02-08 23:00:00,54,91,0.0,0.0,0.0,0.1177,optimal
2021-02-08 23:30:00,54,91,0.0,0.0,0.0,0.1207,optimal
2021-02-09 00:00:00,54,91,0.0,0.0,0.0,0.06833333333333333,optimal
2021-02-09 00:30:00,54,91,1.7516190476190476,0.0,0.0,0.06566666666666666,optimal
2021-02-09 01:00:00,54,91,0.0,0.0,0.0,0.062,optimal
2021-02-09 01:30:00,54,91,0.0,0.0,0.0,0.062,optimal
2021-02-09 02:00:00,54,91,1.126291622481155,0.0,0.0,0.062,optimal
2021-02-09 02:30:00,54,91,2.2857142857142856,0.0,0.0,0.062,optimal
2021-02-09 03:00:00,54,91,2.2857142857142856,0.0,0.0,0.062,optimal
2021-02-09 03:30:00,54,91,2.2857142857142856,0.0,0.0,0.062,optimal
2021-02-09 04:00:00,54,91,2.2857142857142856,0.0,0.0,0.062,optimal
2021-02-09 04:30:00,54,91,2.2857142857142856,0.0,0.0,0.062,optimal
2021-02-09 05:00:00,54,91,2.2857142857142856,0.0,0.0,0.062,optimal
2021-02-09 05:30:00,54,91,2.2857142857142856,0.0,0.0,0.062,optimal
2021-02-09 06:00:00,54,91,2.2857142857142856,0.0,0.0,0.062,optimal
2021-02-09 06:30:00,54,91,2.2857142857142856,0.0,0.0,0.062,optimal
2021-02-09 07:00:00,54,91,2.2857142857142856,0.0,0.0,0.062,optimal
2021-02-09 07:30:00,54,91,2.2857142857142856,0.0,0.0,0.0684,optimal
2021-02-09 08:00:00,54,91,1.1874385575534399,0.0,0.0,0.15386666666666668,optimal
2021-02-09 08:30:00,54,91,1.103220155994853,0.0,0.0,0.2798,optimal
2021-02-09 09:00:00,54,91,0.8895132582969982,0.0,0.0,1.176,optimal
2021-02-09 09:30:00,54,91,0.8429135980369366,0.0,0.0,1.7623666666666666,optimal
2021-02-09 10:00:00,54,91,0.5571961911795835,0.0,0.0,1.7292,optimal
2021-02-09 10:30:00,54,91,0.43474837905809116,0.0,0.0,1.4402000000000001,optimal
2021-02-09 11:00:00,54,91,0.39759680432607714,0.0,0.0,0.3671333333333333,optimal
2021-02-09 11:30:00,54,91,0.355284003806548,0.0,0.0,0.3487,optimal
2021-02-09 12:00:00,54,91,0.19261729458958712,0.0,0.0,0.4536,optimal
2021-02-09 12:30:00,54,91,0.26458533320435557,0.0,0.0,0.3356,optimal
2021-02-09 13:00:00,54,91,1.914432904893269,0.0,0.0,0.404,optimal
2021-02-09 13:30:00,54,91,2.2857142857142856,0.0,0.0,0.438,optimal
2021-02-09 14:00:00,54,91,2.2857142857142856,0.0,6.53174183402031,0.2472333333333333,optimal
2021-02-09 14:30:00,54,91,2.2857142857142856,0.0,10.0,0.6083333333333334,optimal
2021-02-09 15:00:00,54,91,2.2857142857142856,0.0,0.0,1.696,optimal
2021-02-09 15:30:00,54,91,2.2857142857142856,0.0,0.0,0.2583333333333333,optimal
2021-02-09 16:00:00,54,91,0.0,0.0,0.0,0.3361,optimal
2021-02-09 16:30:00,54,91,0.0,0.0,0.0,0.21686666666666668,optimal
2021-02-09 17:00:00,54,91,0.0,0.0,0.0,0.215,optimal
2021-02-09 17:30:00,54,91,0.0,0.0,0.0,1.611733333333333,optimal
2021-02-09 18:00:00,54,91,0.0,0.0,0.0,0.22733333333333328,optimal
2021-02-09 18:30:00,54,91,0.0,0.0,0.0,0.229,optimal
2021-02-09 19:00:00,54,91,0.0,0.0,0.0,0.1376,optimal
2021-02-09 19:30:00,54,91,0.0,0.0,0.0,0.072,optimal
2021-02-09 20:00:00,54,91,0.0,0.0,0.0,0.072,optimal
2021-02-09 20:30:00,54,91,0.0,0.0,0.0,0.072,optimal
2021-02-09 21:00:00,54,91,0.0,0.0,0.0,0.2503333333333333,optimal
2021-02-09 21:30:00,54,91,0.0,0.0,0.0,0.37273333333333336,optimal
2021-02-09 22:00:00,54,91,0.09952380952380951,0.0,0.0,0.2832,optimal
2021-02-09 22:30:00,54,91,0.0,0.0,0.0,0.3998333333333333,optimal
2021-02-09 23:00:00,54,91,0.0,0.0,0.0,0.21606666666666663,optimal
2021-02-09 23:30:00,54,91,0.0,0.0,0.0,0.1658,optimal
2021-02-10 00:00:00,54,91,0.0,0.0,0.0,0.11146666666666669,optimal
2021-02-10 00:30:00,54,91,0.25876190476190475,0.0,0.0,0.26526666666666665,optimal
2021-02-10 01:00:00,54,91,0.0,0.0,0.0,0.07166666666666667,optimal
2021-02-10 01:30:00,54,91,0.0,0.0,0.0,0.24159999999999998,optimal
2021-02-10 02:00:00,54,91,1.159064506449006,0.0,0.0,0.18366666666666662,optimal
2021-02-10 02:30:00,54,91,2.2857142857142856,0.0,0.0,0.20296666666666666,optimal
2021-02-10 03:00:00,54,91,2.2857142857142856,0.0,0.0,0.1103,optimal
2021-02-10 03:30:00,54,91,2.2857142857142856,0.0,0.0,0.22423333333333328,optimal
2021-02-10 04:00:00,54,91,2.2857142857142856,0.0,0.0,0.21969999999999998,optimal
2021-02-10 04:30:00,54,91,2.2857142857142856,0.0,0.0,0.10526666666666668,optimal
2021-02-10 05:00:00,54,91,2.2857142857142856,0.0,0.0,0.21769999999999998,optimal
2021-02-10 05:30:00,54,91,2.2857142857142856,0.0,8.808288967203557,0.21503333333333333,optimal
2021-02-10 06:00:00,54,91,2.2857142857142856,0.0,10.0,0.20980000000000001,optimal
2021-02-10 06:30:00,54,91,2.2857142857142856,0.0,10.0,0.19240000000000002,optimal
2021-02-10 07:00:00,54,91,2.2857142857142856,0.0,10.0,0.7832666666666667,optimal
2021-02-10 07:30:00,54,91,2.2857142857142856,0.0,0.0,0.808,optimal
2021-02-10 08:00:00,54,91,1.3707651389817688,0.0,0.0,0.13319999999999999,optimal
2021-02-10 08:30:00,54,91,1.3448167940464912,0.0,0.0,0.17593333333333333,optimal
2021-02-10 09:00:00,54,91,1.1372878737471075,0.0,0.0,0.2813333333333333,optimal
2021-02-10 09:30:00,54,91,1.1878347669070701,0.0,0.0,0.053,optimal
2021-02-10 10:00:00,54,91,0.890848609353775,0.0,0.0,0.1267333333333333,optimal
2021-02-10 10:30:00,54,91,0.8661444935094579,0.0,0.0,0.17713333333333334,optimal
2021-02-10 11:00:00,54,91,0.6790880908244309,0.0,0.0,0.1612333333333333,optimal
2021-02-10 11:30:00,54,91,0.6375139183567745,0.0,0.0,0.28936666666666666,optimal
2021-02-10 12:00:00,54,91,0.46198397007447756,0.0,0.0,0.063,optimal
2021-02-10 12:30:00,54,91,0.40100301769352736,0.0,0.0,0.27643333333333336,optimal
2021-02-10 13:00:00,54,91,2.2857142857142856,0.0,0.0,0.18016666666666664,optimal
2021-02-10 13:30:00,54,91,2.2857142857142856,0.0,0.0,0.0922,optimal
2021-02-10 14:00:00,54,91,2.2857142857142856,0.0,0.0,0.2064,optimal
2021-02-10 14:30:00,54,91,2.2857142857142856,0.0,0.0,0.07793333333333334,optimal
2021-02-10 15:00:00,54,91,2.2857142857142856,0.0,0.0,0.321,optimal
2021-02-10 15:30:00,54,91,2.2857142857142856,0.0,0.0,0.14293333333333333,optimal
2021-02-10 16:00:00,54,91,0.0,0.0,0.0,0.13413333333333333,optimal
2021-02-10 16:30:00,54,91,0.0,0.0,0.0,0.2840666666666667,optimal
2021-02-10 17:00:00,54,91,0.0,0.0,0.0,0.10873333333333332,optimal
2021-02-10 17:30:00,54,91,0.0,0.0,0.0,0.26839999999999997,optimal
2021-02-10 18:00:00,54,91,0.0,0.0,0.0,0.19553333333333334,optimal
2021-02-10 18:30:00,54,91,0.0,0.0,0.0,0.1556,optimal
2021-02-10 19:00:00,54,91,0.0,0.0,0.0,0.4493333333333333,optimal
2021-02-10 19:30:00,54,91,0.7780183591503858,0.0,0.0,0.287,optimal
2021-02-10 20:00:00,54,91,1.066237397078694,0.0,0.0,0.5397000000000001,optimal
2021-02-10 20:30:00,54,91,0.0,0.0,0.0,0.23406666666666665,optimal
2021-02-10 21:00:00,54,91,0.0,0.0,0.0,0.32796666666666663,optimal
2021-02-10 21:30:00,54,91,0.0,0.0,0.0,0.5665666666666668,optimal
2021-02-10 22:00:00,54,91,0.0,0.0,0.0,0.10873333333333332,optimal
2021-02-10 22:30:00,54,91,0.0,0.0,0.0,0.29919999999999997,optimal
2021-02-10 23:00:00,54,91,0.0,0.0,0.0,0.119,optimal
2021-02-10 23:30:00,54,91,0.0,0.0,0.0,0.08209999999999999,optimal
2021-02-11 00:00:00,54,91,1.194285714285714,0.0,0.0,0.13516666666666666,optimal
2021-02-11 00:30:00,54,91,0.8957142857142857,0.0,0.0,0.38706666666666667,optimal
2021-02-11 01:00:00,54,91,0.9835505073398565,0.0,0.0,0.2338,optimal
2021-02-11 01:30:00,54,91,2.2857142857142856,0.0,0.0,0.2507333333333333,optimal
2021-02-11 02:00:00,54,91,2.2857142857142856,0.0,0.0,0.2093333333333333,optimal
2021-02-11 02:30:00,54,91,2.2857142857142856,0.0,0.0,0.062,optimal
2021-02-11 03:00:00,54,91,2.2857142857142856,0.0,0.0,0.22406666666666664,optimal
2021-02-11 03:30:00,54,91,2.2857142857142856,0.0,0.0,0.062,optimal
2021-02-11 04:00:00,54,91,2.2857142857142856,0.0,0.0,0.15776666666666667,optimal
2021-02-11 04:30:00,54,91,2.2857142857142856,0.0,0.0,0.12830000000000003,optimal
2021-02-11 05:00:00,54,91,2.2857142857142856,0.0,0.0,0.062,optimal
2021-02-11 05:30:00,54,91,2.2857142857142856,0.0,3.128370533157256,0.22406666666666664,optimal
2021-02-11 06:00:00,54,91,2.2857142857142856,0.0,10.0,0.23196666666666668,optimal
2021-02-11 06:30:00,54,91,2.2857142857142856,0.0,0.0,0.3502333333333333,optimal
2021-02-11 07:00:00,54,91,2.2857142857142856,0.0,0.0,0.2618333333333333,optimal
2021-02-11 07:30:00,54,91,2.2857142857142856,0.0,0.0,0.2471,optimal
2021-02-11 08:00:00,54,91,1.3514784798923505,0.0,0.0,0.3649666666666666,optimal
2021-02-11 08:30:00,54,91,1.4935064052604645,0.0,0.0,0.11633333333333332,optimal
2021-02-11 09:00:00,54,91,1.3136799221414992,0.0,0.0,0.22406666666666664,optimal
2021-02-11 09:30:00,54,91,1.1467994097587555,0.0,0.0,0.2322,optimal
2021-02-11 10:00:00,54,91,0.7430526830155506,0.0,0.0,1.5221,optimal
2021-02-11 10:30:00,54,91,0.8172843844880621,0.0,0.0,0.29606666666666664,optimal
2021-02-11 11:00:00,54,91,0.6618118895810818,0.0,0.0,0.1399,optimal
2021-02-11 11:30:00,54,91,0.5731617865499645,0.0,0.0,0.2887333333333333,optimal
2021-02-11 12:00:00,54,91,0.3583791797936505,0.0,0.0,0.22913333333333333,optimal
2021-02-11 12:30:00,54,91,0.33169753494447657,0.0,0.0,0.062,optimal
2021-02-11 13:00:00,54,91,2.2857142857142856,0.0,0.0,0.062,optimal
2021-02-11 13:30:00,54,91,2.2857142857142856,0.0,0.0,0.22406666666666664,optimal
2021-02-11 14:00:00,54,91,2.2857142857142856,0.0,0.0,0.062,optimal
2021-02-11 14:30:00,54,91,2.2857142857142856,0.0,0.0,0.062,optimal
2021-02-11 15:00:00,54,91,2.2857142857142856,0.0,0.0,0.1062,optimal
2021-02-11 15:30:00,54,91,2.2857142857142856,0.0,0.0,0.17986666666666667,optimal
2021-02-11 16:00:00,54,91,0.0,0.0,0.0,0.062,optimal
2021-02-11 16:30:00,54,91,0.0,0.0,0.0,0.0841,optimal
2021-02-11 17:00:00,54,91,0.0,0.0,0.0,0.2288,optimal
2021-02-11 17:30:00,54,91,0.0,0.0,0.0,0.15819999999999998,optimal
2021-02-11 18:00:00,54,91,0.0,0.0,0.0,0.32430000000000003,optimal
2021-02-11 18:30:00,54,91,0.0,0.0,0.0,0.071,optimal
2021-02-11 19:00:00,54,91,0.0,0.0,0.0,0.20196666666666666,optimal
2021-02-11 19:30:00,54,91,1.1906799964661783,0.0,0.0,0.0871,optimal
2021-02-11 20:00:00,54,91,1.7335992869551888,0.0,0.0,0.06953333333333334,optimal
2021-02-11 20:30:00,54,91,0.0,0.0,0.0,0.46176666666666666,optimal
2021-02-11 21:00:00,54,91,0.0,0.0,0.0,0.09,optimal
2021-02-11 21:30:00,54,91,0.0,0.0,0.0,0.2592,optimal
2021-02-11 22:00:00,54,91,0.3781904761904762,0.0,0.0,0.1829,optimal
2021-02-11 22:30:00,54,91,0.0,0.0,0.0,0.12093333333333334,optimal
2021-02-11 23:00:00,54,91,0.0,0.0,0.0,0.30046666666666666,optimal
2021-02-11 23:30:00,54,91,0.0,0.0,0.0,0.3232,optimal
2021-02-12 00:00:00,54,91,0.6287159378217968,0.0,0.0,0.062,optimal
2021-02-12 00:30:00,54,91,2.2857142857142856,0.0,0.0,0.062,optimal
2021-02-12 01:00:00,54,91,2.2857142857142856,0.0,0.0,0.062,optimal
2021-02-12 01:30:00,54,91,2.2857142857142856,0.0,0.0,0.1193,optimal
2021-02-12 02:00:00,54,91,2.2857142857142856,0.0,0.0,0.14476666666666668,optimal
2021-02-12 02:30:00,54,91,2.2857142857142856,0.0,0.0,0.062,optimal
2021-02-12 03:00:00,54,91,2.2857142857142856,0.0,0.0,0.20206666666666664,optimal
2021-02-12 03:30:00,54,91,2.2857142857142856,0.0,0.0,0.062,optimal
2021-02-12 04:00:00,54,91,2.2857142857142856,0.0,0.0,0.11293333333333334,optimal
2021-02-12 04:30:00,54,91,2.2857142857142856,0.0,0.0,0.15113333333333331,optimal
2021-02-12 05:00:00,54,91,2.2857142857142856,0.0,0.0,0.062,optimal
2021-02-12 05:30:00,54,91,2.2857142857142856,0.0,6.257651717226906,0.20206666666666664,optimal
2021-02-12 06:00:00,54,91,2.2857142857142856,0.0,10.0,0.062,optimal
2021-02-12 06:30:00,54,91,2.2857142857142856,0.0,10.0,0.13203333333333334,optimal
2021-02-12 07:00:00,54,91,2.2857142857142856,0.0,10.0,0.13303333333333334,optimal
2021-02-12 07:30:00,54,91,2.2857142857142856,0.0,0.0,0.10283333333333332,optimal
2021-02-12 08:00:00,54,91,2.0026904542659274,0.0,0.0,1.4428333333333332,optimal
2021-02-12 08:30:00,54,91,1.4820997515821517,0.0,0.0,0.3583,optimal
2021-02-12 09:00:00,54,91,1.180298016166144,0.0,0.0,0.26403333333333334,optimal
2021-02-12 09:30:00,54,91,1.0825214599732964,0.0,0.0,0.1706,optimal
2021-02-12 10:00:00,54,91,0.7551690807674041,0.0,0.0,0.3604666666666666,optimal
2021-02-12 10:30:00,54,91,0.34571048613492245,0.0,0.0,1.8733,optimal
2021-02-12 11:00:00,54,91,0.3384454226128276,0.0,0.0,0.13516666666666666,optimal
2021-02-12 11:30:00,54,91,0.33989643161711985,0.0,0.0,0.1514,optimal
2021-02-12 12:00:00,54,91,0.17845635142215596,0.0,0.0,0.39203333333333334,optimal
2021-02-12 12:30:00,54,91,0.0,0.0,0.0,2.3115666666666668,optimal
2021-02-12 13:00:00,54,91,2.2857142857142856,0.0,0.0,1.5953666666666666,optimal
2021-02-12 13:30:00,54,91,2.2857142857142856,0.0,0.0,1.4707333333333332,optimal
2021-02-12 14:00:00,54,91,2.2857142857142856,0.0,0.0,0.6241,optimal
2021-02-12 14:30:00,54,91,2.2857142857142856,0.0,0.0,0.25693333333333335,optimal
2021-02-12 15:00:00,54,91,2.2857142857142856,0.0,0.0,0.2404,optimal
2021-02-12 15:30:00,54,91,2.2857142857142856,0.0,0.0,0.1547666666666667,optimal
2021-02-12 16:00:00,54,91,0.0,0.0,0.0,0.072,optimal
2021-02-12 16:30:00,54,91,0.0,0.0,0.0,0.072,optimal
2021-02-12 17:00:00,54,91,0.0,0.0,0.0,0.21206666666666663,optimal
2021-02-12 17:30:00,54,91,0.0,0.0,0.0,0.072,optimal
2021-02-12 18:00:00,54,91,0.0,0.0,0.0,0.3016333333333333,optimal
2021-02-12 18:30:00,54,91,0.0,0.0,0.0,0.213,optimal
2021-02-12 19:00:00,54,91,0.0,0.0,0.0,0.25756666666666667,optimal
2021-02-12 19:30:00,54,91,0.0,0.0,0.0,0.30476666666666663,optimal
2021-02-12 20:00:00,54,91,0.2325846060406042,0.0,0.0,0.3531333333333333,optimal
2021-02-12 20:30:00,54,91,0.0,0.0,0.0,0.17196666666666666,optimal
2021-02-12 21:00:00,54,91,0.0,0.0,0.0,0.3212,optimal
2021-02-12 21:30:00,54,91,0.0,0.0,0.0,0.24076666666666668,optimal
2021-02-12 22:00:00,54,91,1.9108571428571428,0.0,0.0,0.21159999999999998,optimal
2021-02-12 22:30:00,54,91,0.0,0.0,0.0,0.2567333333333333,optimal
2021-02-12 23:00:00,54,91,0.0,0.0,0.0,0.072,optimal
2021-02-12 23:30:00,54,91,0.0,0.0,0.0,0.17386666666666667,optimal
2021-02-13 00:00:00,54,91,0.0398095238095238,0.0,0.0,0.3944333333333333,optimal
2021-02-13 00:30:00,54,91,2.2857142857142856,0.0,0.0,0.16046666666666667,optimal
2021-02-13 01:00:00,54,91,0.5009523809523809,0.0,0.0,0.059,optimal
2021-02-13 01:30:00,54,91,0.0,0.0,0.0,0.18313333333333331,optimal
2021-02-13 02:00:00,54,91,1.913141068938016,0.0,0.0,0.1638,optimal
2021-02-13 02:30:00,54,91,2.2857142857142856,0.0,0.0,0.11566666666666668,optimal
2021-02-13 03:00:00,54,91,2.2857142857142856,0.0,0.0,0.206,optimal
2021-02-13 03:30:00,54,91,2.2857142857142856,0.0,0.0,0.17863333333333334,optimal
2021-02-13 04:00:00,54,91,2.2857142857142856,0.0,0.0,0.15330000000000002,optimal
2021-02-13 04:30:00,54,91,2.2857142857142856,0.0,0.0,0.2027333333333333,optimal
2021-02-13 05:00:00,54,91,2.2857142857142856,0.0,0.0,0.09213333333333334,optimal
2021-02-13 05:30:00,54,91,2.2857142857142856,0.0,0.0,0.2026,optimal
2021-02-13 06:00:00,54,91,2.2857142857142856,0.0,0.0,0.19619999999999999,optimal
2021-02-13 06:30:00,54,91,2.2857142857142856,0.0,0.606294710663962,0.15330000000000002,optimal
2021-02-13 07:00:00,54,91,2.2857142857142856,0.0,10.0,0.26696666666666663,optimal
2021-02-13 07:30:00,54,91,2.2857142857142856,0.0,0.0,0.1834,optimal
2021-02-13 08:00:00,54,91,1.2229951901939617,0.0,0.0,0.30133333333333334,optimal
2021-02-13 08:30:00,54,91,1.1902176277696679,0.0,0.0,0.3372333333333333,optimal
2021-02-13 09:00:00,54,91,1.0414827808930784,0.0,0.0,0.3141666666666667,optimal
2021-02-13 09:30:00,54,91,1.0759663973430285,0.0,0.0,0.295,optimal
2021-02-13 10:00:00,54,91,0.8189428942499193,0.0,0.0,0.2964,optimal
2021-02-13 10:30:00,54,91,0.7598319984922899,0.0,0.0,0.5122666666666666,optimal
2021-02-13 11:00:00,54,91,0.46467320049673977,0.0,0.0,0.4349333333333333,optimal
2021-02-13 11:30:00,54,91,0.33746706664387194,0.0,0.0,0.7002333333333334,optimal
2021-02-13 12:00:00,54,91,0.2986142565706382,0.0,0.0,0.39363333333333334,optimal
2021-02-13 12:30:00,54,91,0.3634686555315526,0.0,0.0,0.26539999999999997,optimal
2021-02-13 13:00:00,54,91,2.2857142857142856,0.0,0.0,0.3229666666666666,optimal
2021-02-13 13:30:00,54,91,2.2857142857142856,0.0,0.0,0.49373333333333336,optimal
2021-02-13 14:00:00,54,91,2.2857142857142856,0.0,0.0,0.164,optimal
2021-02-13 14:30:00,54,91,2.2857142857142856,0.0,0.0,0.22366666666666662,optimal
2021-02-13 15:00:00,54,91,2.2857142857142856,0.0,0.0,0.228,optimal
2021-02-13 15:30:00,54,91,2.2857142857142856,0.0,0.0,0.4869,optimal
2021-02-13 16:00:00,54,91,0.0,0.0,0.0,0.5264333333333333,optimal
2021-02-13 16:30:00,54,91,0.0,0.0,0.0,0.8894666666666667,optimal
2021-02-13 17:00:00,54,91,0.0,0.0,0.0,1.9853666666666663,optimal
2021-02-13 17:30:00,54,91,0.0,0.0,0.0,1.4522666666666668,optimal
2021-02-13 18:00:00,54,91,0.0,0.0,0.0,0.37126666666666663,optimal
2021-02-13 18:30:00,54,91,0.0,0.0,0.0,1.6989,optimal
2021-02-13 19:00:00,54,91,0.0,0.0,0.0,1.7318666666666667,optimal
2021-02-13 19:30:00,54,91,0.0,0.0,0.0,0.6107,optimal
2021-02-13 20:00:00,54,91,0.8042063378262259,0.0,0.0,0.5046333333333334,optimal
2021-02-13 20:30:00,54,91,0.0,0.0,0.0,0.393,optimal
2021-02-13 21:00:00,54,91,0.0,0.0,0.0,0.5065,optimal
2021-02-13 21:30:00,54,91,0.0,0.0,0.0,0.3244666666666666,optimal
2021-02-13 22:00:00,54,91,0.05971428571428571,0.0,0.0,0.4418,optimal
2021-02-13 22:30:00,54,91,0.0,0.0,0.0,0.22733333333333328,optimal
2021-02-13 23:00:00,54,91,0.0,0.0,0.0,0.069,optimal
2021-02-13 23:30:00,54,91,0.0,0.0,0.0,0.27153333333333335,optimal
2021-02-07 00:00:00,55,91,0.0,0.0,0.0,1.234,optimal
2021-02-07 00:30:00,55,91,0.0,0.0,0.0,0.07753333333333333,optimal
2021-02-07 01:00:00,55,91,0.0,0.0,0.0,0.066,optimal
2021-02-07 01:30:00,55,91,0.0,0.0,0.0,0.066,optimal
2021-02-07 02:00:00,55,91,0.0,0.0,0.0,0.066,optimal
2021-02-07 02:30:00,55,91,0.0,0.0,0.0,0.10126666666666669,optimal
2021-02-07 03:00:00,55,91,0.0,0.0,0.0,0.1216,optimal
2021-02-07 03:30:00,55,91,0.0,0.0,0.0,0.066,optimal
2021-02-07 04:00:00,55,91,2.2857142857142856,0.0,0.0,0.066,optimal
2021-02-07 04:30:00,55,91,2.2857142857142856,0.0,0.0,0.066,optimal
2021-02-07 05:00:00,55,91,2.2857142857142856,0.0,0.0,0.066,optimal
2021-02-07 05:30:00,55,91,2.2857142857142856,0.0,0.0,0.066,optimal
2021-02-07 06:00:00,55,91,2.2857142857142856,0.0,0.0,0.066,optimal
2021-02-07 06:30:00,55,91,2.2857142857142856,0.0,0.0,0.066,optimal
2021-02-07 07:00:00,55,91,2.2857142857142856,0.0,2.317295895793779,0.066,optimal
2021-02-07 07:30:00,55,91,0.0,0.0,0.0,0.066,optimal
2021-02-07 08:00:00,55,91,0.0,0.0,0.0,0.066,optimal
2021-02-07 08:30:00,55,91,0.0,0.0,0.0,0.066,optimal
2021-02-07 09:00:00,55,91,0.0,0.0,0.0,0.066,optimal
2021-02-07 09:30:00,55,91,0.9966716191744848,0.0,0.0,0.066,optimal
2021-02-07 10:00:00,55,91,0.8982435848647035,0.0,0.0,0.208,optimal
2021-02-07 10:30:00,55,91,0.8511263287609248,0.0,0.0,0.3466,optimal
2021-02-07 11:00:00,55,91,0.43200782781725827,0.0,0.0,1.6903333333333332,optimal
2021-02-07 11:30:00,55,91,0.693291637341076,0.0,0.0,1.6941,optimal
2021-02-07 12:00:00,55,91,0.6797721275770209,0.0,0.0,0.28953333333333336,optimal
2021-02-07 12:30:00,55,91,0.6799816513865468,0.0,0.0,0.3318,optimal
2021-02-07 13:00:00,55,91,2.2857142857142856,0.0,0.0,0.36939999999999995,optimal
2021-02-07 13:30:00,55,91,2.2857142857142856,0.0,0.0,0.2035,optimal
2021-02-07 14:00:00,55,91,2.2857142857142856,0.0,0.0,0.066,optimal
2021-02-07 14:30:00,55,91,2.2857142857142856,0.0,0.0,0.066,optimal
2021-02-07 15:00:00,55,91,2.2857142857142856,0.0,0.0,0.066,optimal
2021-02-07 15:30:00,55,91,2.2857142857142856,0.0,0.0,0.066,optimal
2021-02-07 16:00:00,55,91,0.0,0.0,0.0,0.26026666666666665,optimal
2021-02-07 16:30:00,55,91,0.0,0.0,0.0,0.3038666666666667,optimal
2021-02-07 17:00:00,55,91,0.0,0.0,0.0,1.8755,optimal
2021-02-07 17:30:00,55,91,0.0,0.0,0.0,0.512,optimal
2021-02-07 18:00:00,55,91,0.0,0.0,0.0,0.406,optimal
2021-02-07 18:30:00,55,91,0.0,0.0,0.0,0.4003,optimal
2021-02-07 19:00:00,55,91,0.0,0.0,0.0,0.5636,optimal
2021-02-07 19:30:00,55,91,0.0,0.0,0.0,0.208,optimal
2021-02-07 20:00:00,55,91,0.812006354905925,0.0,0.0,0.2698333333333333,optimal
2021-02-07 20:30:00,55,91,0.0,0.0,0.0,0.334,optimal
2021-02-07 21:00:00,55,91,0.0,0.0,0.0,0.27476666666666666,optimal
2021-02-07 21:30:00,55,91,0.0,0.0,0.0,0.2847333333333333,optimal
2021-02-07 22:00:00,55,91,0.0,0.0,0.0,0.347,optimal
2021-02-07 22:30:00,55,91,0.0,0.0,0.0,0.3133333333333333,optimal
2021-02-07 23:00:00,55,91,0.0,0.0,0.0,0.24163333333333334,optimal
2021-02-07 23:30:00,55,91,0.0,0.0,0.0,0.216,optimal
2021-02-08 00:00:00,55,91,0.0,0.0,0.0,0.056,optimal
2021-02-08 00:30:00,55,91,1.074857142857143,0.0,0.0,0.1655,optimal
2021-02-08 01:00:00,55,91,0.0,0.0,0.0,0.2631,optimal
2021-02-08 01:30:00,55,91,0.0,0.0,0.0,0.12366666666666669,optimal
2021-02-08 02:00:00,55,91,0.0,0.0,0.0,0.17433333333333334,optimal
2021-02-08 02:30:00,55,91,0.0,0.0,0.0,0.20513333333333333,optimal
2021-02-08 03:00:00,55,91,1.877684379771492,0.0,0.0,0.2166,optimal
2021-02-08 03:30:00,55,91,2.2857142857142856,0.0,0.0,0.2859,optimal
2021-02-08 04:00:00,55,91,2.2857142857142856,0.0,0.0,0.30726666666666663,optimal
2021-02-08 04:30:00,55,91,2.2857142857142856,0.0,0.0,0.07416666666666667,optimal
2021-02-08 05:00:00,55,91,2.2857142857142856,0.0,0.0,0.22036666666666668,optimal
2021-02-08 05:30:00,55,91,2.2857142857142856,0.0,2.270032193779119,0.5726,optimal
2021-02-08 06:00:00,55,91,2.2857142857142856,0.0,10.0,0.5129,optimal
2021-02-08 06:30:00,55,91,2.2857142857142856,0.0,0.0,0.8597666666666667,optimal
2021-02-08 07:00:00,55,91,2.2857142857142856,0.0,0.0,0.41833333333333333,optimal
2021-02-08 07:30:00,55,91,2.2857142857142856,0.0,0.0,0.23633333333333328,optimal
2021-02-08 08:00:00,55,91,1.1298329101065918,0.0,0.0,0.2432,optimal
2021-02-08 08:30:00,55,91,1.1806166063837487,0.0,0.0,0.3615,optimal
2021-02-08 09:00:00,55,91,1.1492091662633004,0.0,0.0,0.16703333333333334,optimal
2021-02-08 09:30:00,55,91,1.1677717170856456,0.0,0.0,0.066,optimal
2021-02-08 10:00:00,55,91,0.8630290343045227,0.0,0.0,0.3253333333333333,optimal
2021-02-08 10:30:00,55,91,0.9284188644345542,0.0,0.0,0.13253333333333334,optimal
2021-02-08 11:00:00,55,91,0.6851028951507129,0.0,0.0,0.11233333333333331,optimal
2021-02-08 11:30:00,55,91,0.6491477703021277,0.0,0.0,0.21413333333333331,optimal
2021-02-08 12:00:00,55,91,0.5661737863429042,0.0,0.0,0.1974,optimal
2021-02-08 12:30:00,55,91,0.5635016318838215,0.0,0.0,0.15866666666666665,optimal
2021-02-08 13:00:00,55,91,2.2857142857142856,0.0,0.0,0.2554,optimal
2021-02-08 13:30:00,55,91,2.2857142857142856,0.0,0.0,0.1098,optimal
2021-02-08 14:00:00,55,91,2.2857142857142856,0.0,0.0,0.07526666666666666,optimal
2021-02-08 14:30:00,55,91,2.2857142857142856,0.0,0.0,0.31,optimal
2021-02-08 15:00:00,55,91,2.2857142857142856,0.0,0.0,0.1386,optimal
2021-02-08 15:30:00,55,91,2.2857142857142856,0.0,0.0,0.28276666666666667,optimal
2021-02-08 16:00:00,55,91,0.0,0.0,0.0,0.1025,optimal
2021-02-08 16:30:00,55,91,0.0,0.0,0.0,0.13706666666666667,optimal
2021-02-08 17:00:00,55,91,0.0,0.0,0.0,0.22813333333333333,optimal
2021-02-08 17:30:00,55,91,0.0,0.0,0.0,0.15446666666666667,optimal
2021-02-08 18:00:00,55,91,0.0,0.0,0.0,0.3148,optimal
2021-02-08 18:30:00,55,91,0.0,0.0,0.0,0.7416666666666666,optimal
2021-02-08 19:00:00,55,91,0.0,0.0,0.0,0.5001,optimal
2021-02-08 19:30:00,55,91,0.0,0.0,0.0,0.36183333333333334,optimal
2021-02-08 20:00:00,55,91,1.151659620034873,0.0,0.0,0.14576666666666668,optimal
2021-02-08 20:30:00,55,91,0.0,0.0,0.0,0.39803333333333335,optimal
2021-02-08 21:00:00,55,91,0.0,0.0,0.0,0.0884,optimal
2021-02-08 21:30:00,55,91,0.0,0.0,0.0,0.4672,optimal
2021-02-08 22:00:00,55,91,0.0199047619047619,0.0,0.0,0.22719999999999999,optimal
2021-02-08 22:30:00,55,91,0.0,0.0,0.0,0.21396666666666667,optimal
2021-02-08 23:00:00,55,91,0.0,0.0,0.0,0.3694333333333333,optimal
2021-02-08 23:30:00,55,91,0.0,0.0,0.0,0.2961666666666667,optimal
2021-02-09 00:00:00,55,91,0.0,0.0,0.0,0.056,optimal
2021-02-09 00:30:00,55,91,0.17914285714285713,0.0,0.0,0.15669999999999998,optimal
2021-02-09 01:00:00,55,91,0.0,0.0,0.0,0.1415,optimal
2021-02-09 01:30:00,55,91,0.0,0.0,0.0,0.05766666666666666,optimal
2021-02-09 02:00:00,55,91,0.45298017809708513,0.0,0.0,0.1356,optimal
2021-02-09 02:30:00,55,91,2.2857142857142856,0.0,0.0,0.17293333333333333,optimal
2021-02-09 03:00:00,55,91,2.2857142857142856,0.0,0.0,0.1256,optimal
2021-02-09 03:30:00,55,91,2.2857142857142856,0.0,0.0,0.1408,optimal
2021-02-09 04:00:00,55,91,2.2857142857142856,0.0,0.0,0.09346666666666668,optimal
2021-02-09 04:30:00,55,91,2.2857142857142856,0.0,0.0,0.13093333333333335,optimal
2021-02-09 05:00:00,55,91,2.2857142857142856,0.0,0.0,0.1726,optimal
2021-02-09 05:30:00,55,91,2.2857142857142856,0.0,0.0,0.0792,optimal
2021-02-09 06:00:00,55,91,2.2857142857142856,0.0,0.0,0.10640000000000001,optimal
2021-02-09 06:30:00,55,91,2.2857142857142856,0.0,0.0,0.0925,optimal
2021-02-09 07:00:00,55,91,2.2857142857142856,0.0,7.658623184473964,0.1441,optimal
2021-02-09 07:30:00,55,91,2.2857142857142856,0.0,0.0,0.112,optimal
2021-02-09 08:00:00,55,91,1.237817605172509,0.0,0.0,0.32746666666666663,optimal
2021-02-09 08:30:00,55,91,1.3555439655186563,0.0,0.0,0.064,optimal
2021-02-09 09:00:00,55,91,1.1545751630589098,0.0,0.0,0.22203333333333333,optimal
2021-02-09 09:30:00,55,91,1.1720240742274217,0.0,0.0,0.0825,optimal
2021-02-09 10:00:00,55,91,0.8908666673700645,0.0,0.0,0.1256,optimal
2021-02-09 10:30:00,55,91,0.860264569534295,0.0,0.0,0.1746,optimal
2021-02-09 11:00:00,55,91,0.629438709087989,0.0,0.0,0.12013333333333334,optimal
2021-02-09 11:30:00,55,91,0.6234230514256026,0.0,0.0,0.12116666666666669,optimal
2021-02-09 12:00:00,55,91,0.45657919935147667,0.0,0.0,0.12490000000000001,optimal
2021-02-09 12:30:00,55,91,0.4796996189186363,0.0,0.0,0.056,optimal
2021-02-09 13:00:00,55,91,2.2857142857142856,0.0,0.0,0.2422,optimal
2021-02-09 13:30:00,55,91,2.2857142857142856,0.0,0.0,0.056,optimal
2021-02-09 14:00:00,55,91,2.2857142857142856,0.0,0.0,0.24309999999999998,optimal
2021-02-09 14:30:00,55,91,2.2857142857142856,0.0,0.0,0.21109999999999998,optimal
2021-02-09 15:00:00,55,91,2.2857142857142856,0.0,0.0,0.05766666666666666,optimal
2021-02-09 15:30:00,55,91,2.2857142857142856,0.0,0.0,0.2363,optimal
2021-02-09 16:00:00,55,91,0.0,0.0,0.0,0.08023333333333334,optimal
2021-02-09 16:30:00,55,91,0.0,0.0,0.0,0.1256,optimal
2021-02-09 17:00:00,55,91,0.0,0.0,0.0,0.17426666666666668,optimal
2021-02-09 17:30:00,55,91,0.0,0.0,0.0,0.1124,optimal
2021-02-09 18:00:00,55,91,0.0,0.0,0.0,0.2675,optimal
2021-02-09 18:30:00,55,91,0.0,0.0,0.0,0.15046666666666667,optimal
2021-02-09 19:00:00,55,91,0.0,0.0,0.0,0.2206,optimal
2021-02-09 19:30:00,55,91,0.0,0.0,0.0,0.4823,optimal
2021-02-09 20:00:00,55,91,0.10167506154896691,0.0,0.0,0.5592,optimal
2021-02-09 20:30:00,55,91,0.0,0.0,0.0,0.5587666666666666,optimal
2021-02-09 21:00:00,55,91,0.0,0.0,0.0,0.19416666666666663,optimal
2021-02-09 21:30:00,55,91,0.0,0.0,0.0,0.3476666666666667,optimal
2021-02-09 22:00:00,55,91,0.0,0.0,0.0,3.462733333333333,optimal
2021-02-09 22:30:00,55,91,0.0,0.0,0.0,2.6784,optimal
2021-02-09 23:00:00,55,91,0.0,0.0,0.0,0.23553333333333334,optimal
2021-02-09 23:30:00,55,91,0.0,0.0,0.0,0.18059999999999998,optimal
2021-02-10 00:00:00,55,91,0.0,0.0,0.0,0.057,optimal
2021-02-10 00:30:00,55,91,1.9108571428571428,0.0,0.0,0.1164,optimal
2021-02-10 01:00:00,55,91,0.0,0.0,0.0,0.057,optimal
2021-02-10 01:30:00,55,91,0.0,0.0,0.0,0.057,optimal
2021-02-10 02:00:00,55,91,0.9950576182861051,0.0,0.0,0.057,optimal
2021-02-10 02:30:00,55,91,2.2857142857142856,0.0,0.0,0.0702,optimal
2021-02-10 03:00:00,55,91,2.2857142857142856,0.0,0.0,0.1032,optimal
2021-02-10 03:30:00,55,91,2.2857142857142856,0.0,0.0,0.057,optimal
2021-02-10 04:00:00,55,91,2.2857142857142856,0.0,0.0,0.057,optimal
2021-02-10 04:30:00,55,91,2.2857142857142856,0.0,3.0877022177760396,0.1164,optimal
2021-02-10 05:00:00,55,91,2.2857142857142856,0.0,10.0,0.06333333333333334,optimal
2021-02-10 05:30:00,55,91,2.2857142857142856,0.0,10.0,0.09670000000000001,optimal
2021-02-10 06:00:00,55,91,2.2857142857142856,0.0,10.0,0.09923333333333333,optimal
2021-02-10 06:30:00,55,91,2.2857142857142856,0.0,10.0,0.3203333333333333,optimal
2021-02-10 07:00:00,55,91,2.2857142857142856,0.0,0.0,0.15753333333333333,optimal
2021-02-10 07:30:00,55,91,2.2857142857142856,0.0,0.0,0.19406666666666664,optimal
2021-02-10 08:00:00,55,91,0.9621365675531967,0.0,0.0,0.44023333333333337,optimal
2021-02-10 08:30:00,55,91,1.0311786988084093,0.0,0.0,0.2,optimal
2021-02-10 09:00:00,55,91,0.8393545404137794,0.0,0.0,0.1882666666666667,optimal
2021-02-10 09:30:00,55,91,0.7116157192880116,0.0,0.0,0.4581,optimal
2021-02-10 10:00:00,55,91,0.5312486093537779,0.0,0.0,0.214,optimal
2021-02-10 10:30:00,55,91,0.5026397316046977,0.0,0.0,0.26339999999999997,optimal
2021-02-10 11:00:00,55,91,0.39796428130062683,0.0,0.0,0.4038333333333333,optimal
2021-02-10 11:30:00,55,91,0.4574853469282222,0.0,0.0,0.22213333333333332,optimal
2021-02-10 12:00:00,55,91,0.3035934938839934,0.0,0.0,0.0992,optimal
2021-02-10 12:30:00,55,91,0.3346506367411333,0.0,0.0,0.1335,optimal
2021-02-10 13:00:00,55,91,1.8679684421856206,0.0,0.0,0.1623,optimal
2021-02-10 13:30:00,55,91,2.2857142857142856,0.0,0.0,0.20416666666666664,optimal
2021-02-10 14:00:00,55,91,2.2857142857142856,0.0,0.0,0.1557333333333333,optimal
2021-02-10 14:30:00,55,91,2.2857142857142856,0.0,0.0,0.3788666666666667,optimal
2021-02-10 15:00:00,55,91,2.2857142857142856,0.0,0.0,0.12440000000000001,optimal
2021-02-10 15:30:00,55,91,2.2857142857142856,0.0,0.0,0.2115,optimal
2021-02-10 16:00:00,55,91,0.0,0.0,0.0,0.09240000000000001,optimal
2021-02-10 16:30:00,55,91,0.0,0.0,0.0,0.11373333333333333,optimal
2021-02-10 17:00:00,55,91,0.0,0.0,0.0,0.2408333333333333,optimal
2021-02-10 17:30:00,55,91,0.0,0.0,0.0,0.22366666666666662,optimal
2021-02-10 18:00:00,55,91,0.0,0.0,0.0,0.196,optimal
2021-02-10 18:30:00,55,91,0.0,0.0,0.0,0.25680000000000003,optimal
2021-02-10 19:00:00,55,91,0.0,0.0,0.0,0.207,optimal
2021-02-10 19:30:00,55,91,0.0,0.0,0.0,0.2206,optimal
2021-02-10 20:00:00,55,91,0.0,0.0,0.0,0.2804,optimal
2021-02-10 20:30:00,55,91,0.0,0.0,0.0,0.3634666666666666,optimal
2021-02-10 21:00:00,55,91,0.0,0.0,0.0,0.6041,optimal
2021-02-10 21:30:00,55,91,0.0,0.0,0.0,0.35960000000000003,optimal
2021-02-10 22:00:00,55,91,0.0,0.0,0.0,0.3518,optimal
2021-02-10 22:30:00,55,91,0.0,0.0,0.0,0.3994666666666666,optimal
2021-02-10 23:00:00,55,91,0.0,0.0,0.0,0.067,optimal
2021-02-10 23:30:00,55,91,0.0,0.0,0.0,0.1036,optimal
2021-02-11 00:00:00,55,91,0.0,0.0,0.0,0.055,optimal
2021-02-11 00:30:00,55,91,2.2857142857142856,0.0,0.0,0.1958,optimal
2021-02-11 01:00:00,55,91,0.9039645061488276,0.0,0.0,0.055,optimal
2021-02-11 01:30:00,55,91,2.2857142857142856,0.0,0.0,0.1766,optimal
2021-02-11 02:00:00,55,91,2.2857142857142856,0.0,0.0,0.0742,optimal
2021-02-11 02:30:00,55,91,2.2857142857142856,0.0,0.0,0.055,optimal
2021-02-11 03:00:00,55,91,2.2857142857142856,0.0,0.0,0.1958,optimal
2021-02-11 03:30:00,55,91,2.2857142857142856,0.0,0.0,0.055,optimal
2021-02-11 04:00:00,55,91,2.2857142857142856,0.0,0.0,0.055,optimal
2021-02-11 04:30:00,55,91,2.2857142857142856,0.0,0.0,0.1958,optimal
2021-02-11 05:00:00,55,91,2.2857142857142856,0.0,0.0,0.055,optimal
2021-02-11 05:30:00,55,91,2.2857142857142856,0.0,0.0,0.1894,optimal
2021-02-11 06:00:00,55,91,2.2857142857142856,0.0,0.0,0.061399999999999996,optimal
2021-02-11 06:30:00,55,91,2.2857142857142856,0.0,3.147761925397136,0.05766666666666666,optimal
2021-02-11 07:00:00,55,91,2.2857142857142856,0.0,10.0,0.5447666666666666,optimal
2021-02-11 07:30:00,55,91,2.2857142857142856,0.0,0.0,0.7984,optimal
2021-02-11 08:00:00,55,91,1.2862022894161445,0.0,0.0,0.2878,optimal
2021-02-11 08:30:00,55,91,1.3204845004985701,0.0,0.0,1.1551,optimal
2021-02-11 09:00:00,55,91,1.1407370649986304,0.0,0.0,0.2546,optimal
2021-02-11 09:30:00,55,91,0.9399441716635162,0.0,0.0,0.53,optimal
2021-02-11 10:00:00,55,91,0.6226488734917429,0.0,0.0,0.2153333333333333,optimal
2021-02-11 10:30:00,55,91,0.5764558130594803,0.0,0.0,1.8671333333333329,optimal
2021-02-11 11:00:00,55,91,0.35023474672394095,0.0,0.0,3.054,optimal
2021-02-11 11:30:00,55,91,0.36610464369281526,0.0,0.0,1.626266666666667,optimal
2021-02-11 12:00:00,55,91,0.3214058464603318,0.0,0.0,0.16419999999999998,optimal
2021-02-11 12:30:00,55,91,0.3286975349444774,0.0,0.0,0.0714,optimal
2021-02-11 13:00:00,55,91,2.2857142857142856,0.0,0.0,0.1994,optimal
2021-02-11 13:30:00,55,91,2.2857142857142856,0.0,0.0,0.065,optimal
2021-02-11 14:00:00,55,91,2.2857142857142856,0.0,0.0,0.1802,optimal
2021-02-11 14:30:00,55,91,2.2857142857142856,0.0,0.0,0.0906,optimal
2021-02-11 15:00:00,55,91,2.2857142857142856,0.0,0.0,0.065,optimal
2021-02-11 15:30:00,55,91,2.2857142857142856,0.0,0.0,0.2058,optimal
2021-02-11 16:00:00,55,91,0.0,0.0,0.0,0.065,optimal
2021-02-11 16:30:00,55,91,0.0,0.0,0.0,0.1418,optimal
2021-02-11 17:00:00,55,91,0.0,0.0,0.0,0.651,optimal
2021-02-11 17:30:00,55,91,0.0,0.0,0.0,1.2196666666666667,optimal
2021-02-11 18:00:00,55,91,0.0,0.0,0.0,0.8544666666666667,optimal
2021-02-11 18:30:00,55,91,0.0,0.0,0.0,0.2113333333333333,optimal
2021-02-11 19:00:00,55,91,0.0,0.0,0.0,0.1182,optimal
2021-02-11 19:30:00,55,91,0.9198608619728378,0.0,0.0,0.3366,optimal
2021-02-11 20:00:00,55,91,1.6218850012408976,0.0,0.0,0.29893333333333333,optimal
2021-02-11 20:30:00,55,91,0.0,0.0,0.0,0.251,optimal
2021-02-11 21:00:00,55,91,0.0,0.0,0.0,0.5756,optimal
2021-02-11 21:30:00,55,91,0.0,0.0,0.0,0.3994666666666666,optimal
2021-02-11 22:00:00,55,91,0.09952380952380951,0.0,0.0,0.4040666666666667,optimal
2021-02-11 22:30:00,55,91,0.0,0.0,0.0,0.22513333333333332,optimal
2021-02-11 23:00:00,55,91,0.0,0.0,0.0,0.065,optimal
2021-02-11 23:30:00,55,91,0.0,0.0,0.0,0.20313333333333333,optimal
2021-02-12 00:00:00,55,91,0.5157449010879757,0.0,0.0,0.065,optimal
2021-02-12 00:30:00,55,91,2.2857142857142856,0.0,0.0,0.14386666666666667,optimal
2021-02-12 01:00:00,55,91,2.2857142857142856,0.0,0.0,0.065,optimal
2021-02-12 01:30:00,55,91,2.2857142857142856,0.0,0.0,0.0819,optimal
2021-02-12 02:00:00,55,91,2.2857142857142856,0.0,0.0,0.12696666666666667,optimal
2021-02-12 02:30:00,55,91,2.2857142857142856,0.0,0.0,0.065,optimal
2021-02-12 03:00:00,55,91,2.2857142857142856,0.0,0.0,0.0988,optimal
2021-02-12 03:30:00,55,91,2.2857142857142856,0.0,0.0,0.11006666666666666,optimal
2021-02-12 04:00:00,55,91,2.2857142857142856,0.0,0.0,0.065,optimal
2021-02-12 04:30:00,55,91,2.2857142857142856,0.0,0.0,0.14386666666666667,optimal
2021-02-12 05:00:00,55,91,2.2857142857142856,0.0,0.0,0.065,optimal
2021-02-12 05:30:00,55,91,2.2857142857142856,0.0,0.0,0.09316666666666669,optimal
2021-02-12 06:00:00,55,91,2.2857142857142856,0.0,0.0,0.1157,optimal
2021-02-12 06:30:00,55,91,2.2857142857142856,0.0,0.7772495297896106,0.06833333333333333,optimal
2021-02-12 07:00:00,55,91,2.2857142857142856,0.0,10.0,0.15386666666666668,optimal
2021-02-12 07:30:00,55,91,2.2857142857142856,0.0,0.0,0.13783333333333334,optimal
2021-02-12 08:00:00,55,91,1.5854542637897469,0.0,0.0,0.1426,optimal
2021-02-12 08:30:00,55,91,1.6152883230107256,0.0,0.0,0.08626666666666667,optimal
2021-02-12 09:00:00,55,91,1.434216111404238,0.0,0.0,0.075,optimal
2021-02-12 09:30:00,55,91,1.2798700314018825,0.0,0.0,0.08626666666666667,optimal
2021-02-12 10:00:00,55,91,0.828153842672159,0.0,0.0,0.1426,optimal
2021-02-12 10:30:00,55,91,0.8199904861349385,0.0,0.0,0.075,optimal
2021-02-12 11:00:00,55,91,0.5397692321366457,0.0,0.0,0.12006666666666667,optimal
2021-02-12 11:30:00,55,91,0.5395535744742516,0.0,0.0,0.1088,optimal
2021-02-12 12:00:00,55,91,0.45652301808881957,0.0,0.0,0.075,optimal
2021-02-12 12:30:00,55,91,0.4305549794740453,0.0,0.0,0.15386666666666668,optimal
2021-02-12 13:00:00,55,91,2.2857142857142856,0.0,0.0,0.075,optimal
2021-02-12 13:30:00,55,91,2.2857142857142856,0.0,0.0,0.075,optimal
2021-02-12 14:00:00,55,91,2.2857142857142856,0.0,0.0,0.075,optimal
2021-02-12 14:30:00,55,91,2.2857142857142856,0.0,0.0,0.1426,optimal
2021-02-12 15:00:00,55,91,2.2857142857142856,0.0,0.0,0.08626666666666667,optimal
2021-02-12 15:30:00,55,91,2.2857142857142856,0.0,0.0,0.075,optimal
2021-02-12 16:00:00,55,91,0.0,0.0,0.0,0.15386666666666668,optimal
2021-02-12 16:30:00,55,91,0.0,0.0,0.0,0.075,optimal
2021-02-12 17:00:00,55,91,0.0,0.0,0.0,0.09753333333333332,optimal
2021-02-12 17:30:00,55,91,0.0,0.0,0.0,0.13133333333333333,optimal
2021-02-12 18:00:00,55,91,0.0,0.0,0.0,0.075,optimal
2021-02-12 18:30:00,55,91,0.0,0.0,0.0,0.15386666666666668,optimal
2021-02-12 19:00:00,55,91,0.0,0.0,0.0,0.075,optimal
2021-02-12 19:30:00,55,91,0.2627305732720521,0.0,0.0,0.075,optimal
2021-02-12 20:00:00,55,91,1.3804386891995832,0.0,0.0,0.12006666666666667,optimal
2021-02-12 20:30:00,55,91,0.0,0.0,0.0,0.1088,optimal
2021-02-12 21:00:00,55,91,0.0,0.0,0.0,0.23286666666666667,optimal
2021-02-12 21:30:00,55,91,0.0,0.0,0.0,0.43826666666666664,optimal
2021-02-12 22:00:00,55,91,0.4777142857142857,0.0,0.0,0.342,optimal
2021-02-12 22:30:00,55,91,0.0,0.0,0.0,0.38706666666666667,optimal
2021-02-12 23:00:00,55,91,0.0,0.0,0.0,0.16536666666666666,optimal
2021-02-12 23:30:00,55,91,0.0,0.0,0.0,0.075,optimal
2021-02-13 00:00:00,55,91,0.0,0.0,0.0,0.063,optimal
2021-02-13 00:30:00,55,91,1.7914285714285711,0.0,0.0,0.1368,optimal
2021-02-13 01:00:00,55,91,0.0,0.0,0.0,0.063,optimal
2021-02-13 01:30:00,55,91,0.054078038313135665,0.0,0.0,0.1368,optimal
2021-02-13 02:00:00,55,91,2.2857142857142856,0.0,0.0,0.063,optimal
2021-02-13 02:30:00,55,91,2.2857142857142856,0.0,0.0,0.063,optimal
2021-02-13 03:00:00,55,91,2.2857142857142856,0.0,0.0,0.1368,optimal
2021-02-13 03:30:00,55,91,2.2857142857142856,0.0,0.0,0.063,optimal
2021-02-13 04:00:00,55,91,2.2857142857142856,0.0,0.0,0.1368,optimal
2021-02-13 04:30:00,55,91,2.2857142857142856,0.0,0.0,0.063,optimal
2021-02-13 05:00:00,55,91,2.2857142857142856,0.0,0.0,0.063,optimal
2021-02-13 05:30:00,55,91,2.2857142857142856,0.0,0.0,0.1368,optimal
2021-02-13 06:00:00,55,91,2.2857142857142856,0.0,0.0,0.063,optimal
2021-02-13 06:30:00,55,91,2.2857142857142856,0.0,0.0,0.063,optimal
2021-02-13 07:00:00,55,91,2.2857142857142856,0.0,9.041787723069865,0.1348,optimal
2021-02-13 07:30:00,55,91,2.2857142857142856,0.0,0.0,1.1762000000000001,optimal
2021-02-13 08:00:00,55,91,1.294966618765404,0.0,0.0,0.5640666666666667,optimal
2021-02-13 08:30:00,55,91,1.1143528658649087,0.0,0.0,1.523766666666667,optimal
2021-02-13 09:00:00,55,91,1.0430675427978493,0.0,0.0,0.3436666666666667,optimal
2021-02-13 09:30:00,55,91,0.9557073497239892,0.0,0.0,0.6397999999999999,optimal
2021-02-13 10:00:00,55,91,0.7199714656784846,0.0,0.0,0.3857,optimal
2021-02-13 10:30:00,55,91,0.7311348556351482,0.0,0.0,1.0372999999999999,optimal
2021-02-13 11:00:00,55,91,0.4201246290681716,0.0,0.0,1.1300999999999999,optimal
2021-02-13 11:30:00,55,91,0.5970956380724498,0.0,0.0,0.231,optimal
2021-02-13 12:00:00,55,91,0.5424466375230043,0.0,0.0,0.1686,optimal
2021-02-13 12:30:00,55,91,0.5097772269601248,0.0,0.0,0.32489999999999997,optimal
2021-02-13 13:00:00,55,91,2.2857142857142856,0.0,0.0,0.4764,optimal
2021-02-13 13:30:00,55,91,2.2857142857142856,0.0,0.0,0.34703333333333336,optimal
2021-02-13 14:00:00,55,91,2.2857142857142856,0.0,0.0,0.073,optimal
2021-02-13 14:30:00,55,91,2.2857142857142856,0.0,0.0,0.1468,optimal
2021-02-13 15:00:00,55,91,2.2857142857142856,0.0,0.0,0.073,optimal
2021-02-13 15:30:00,55,91,2.2857142857142856,0.0,0.0,0.073,optimal
2021-02-13 16:00:00,55,91,0.0,0.0,0.0,0.08940000000000001,optimal
2021-02-13 16:30:00,55,91,0.0,0.0,0.0,0.13040000000000002,optimal
2021-02-13 17:00:00,55,91,0.0,0.0,0.0,0.09759999999999999,optimal
2021-02-13 17:30:00,55,91,0.0,0.0,0.0,0.1222,optimal
2021-02-13 18:00:00,55,91,0.0,0.0,0.0,0.073,optimal
2021-02-13 18:30:00,55,91,0.0,0.0,0.0,0.33786666666666665,optimal
2021-02-13 19:00:00,55,91,0.0,0.0,0.0,0.6874666666666667,optimal
2021-02-13 19:30:00,55,91,0.5677568214624663,0.0,0.0,0.26696666666666663,optimal
2021-02-13 20:00:00,55,91,1.2514291653900553,0.0,0.0,0.3481,optimal
2021-02-13 20:30:00,55,91,0.0,0.0,0.0,0.1305,optimal
2021-02-13 21:00:00,55,91,0.0,0.0,0.0,0.073,optimal
2021-02-13 21:30:00,55,91,0.0,0.0,0.0,0.1468,optimal
2021-02-13 22:00:00,55,91,0.0,0.0,0.0,0.073,optimal
2021-02-13 22:30:00,55,91,0.0,0.0,0.0,0.1468,optimal
2021-02-13 23:00:00,55,91,0.0796190476190476,0.0,0.0,0.073,optimal
2021-02-13 23:30:00,55,91,0.0,0.0,0.0,0.1811333333333333,optimal
2021-02-07 00:00:00,56,91,0.0,0.0,0.0,0.15880000000000002,optimal
2021-02-07 00:30:00,56,91,0.0,0.0,0.0,0.1008,optimal
2021-02-07 01:00:00,56,91,0.0,0.0,0.0,0.066,optimal
2021-02-07 01:30:00,56,91,0.0,0.0,0.0,0.1936,optimal
2021-02-07 02:00:00,56,91,0.0,0.0,0.0,0.066,optimal
2021-02-07 02:30:00,56,91,0.0,0.0,0.0,0.066,optimal
2021-02-07 03:00:00,56,91,0.0,0.0,0.0,0.066,optimal
2021-02-07 03:30:00,56,91,0.0,0.0,0.0,0.1182,optimal
2021-02-07 04:00:00,56,91,2.2857142857142856,0.0,0.0,0.1414,optimal
2021-02-07 04:30:00,56,91,2.2857142857142856,0.0,0.0,0.066,optimal
2021-02-07 05:00:00,56,91,2.2857142857142856,0.0,0.0,0.1936,optimal
2021-02-07 05:30:00,56,91,2.2857142857142856,0.0,0.0,0.066,optimal
2021-02-07 06:00:00,56,91,2.2857142857142856,0.0,0.0,0.08906666666666667,optimal
2021-02-07 06:30:00,56,91,2.2857142857142856,0.0,0.0,0.18619999999999998,optimal
2021-02-07 07:00:00,56,91,2.2857142857142856,0.0,0.0,0.07266666666666667,optimal
2021-02-07 07:30:00,56,91,0.0,0.0,0.0,0.19326666666666667,optimal
2021-02-07 08:00:00,56,91,0.0,0.0,0.0,0.2113333333333333,optimal
2021-02-07 08:30:00,56,91,0.0,0.0,0.0,0.13816666666666666,optimal
2021-02-07 09:00:00,56,91,0.0,0.0,0.0,0.3096333333333333,optimal
2021-02-07 09:30:00,56,91,0.3023040816192608,0.0,0.0,0.2313,optimal
2021-02-07 10:00:00,56,91,0.7874626324837585,0.0,0.0,0.14606666666666665,optimal
2021-02-07 10:30:00,56,91,0.8137987097132887,0.0,0.0,0.13003333333333333,optimal
2021-02-07 11:00:00,56,91,0.7025925897220343,0.0,0.0,0.1248,optimal
2021-02-07 11:30:00,56,91,0.6751640182934482,0.0,0.0,0.29153333333333337,optimal
2021-02-07 12:00:00,56,91,0.5644673656722552,0.0,0.0,0.2494,optimal
2021-02-07 12:30:00,56,91,0.6134006990055874,0.0,0.0,0.2708,optimal
2021-02-07 13:00:00,56,91,0.6377089310619785,0.0,0.0,1.0946,optimal
2021-02-07 13:30:00,56,91,1.4763485028513368,0.0,0.0,1.4311666666666667,optimal
2021-02-07 14:00:00,56,91,2.2857142857142856,0.0,2.8898658055358415,0.6527999999999999,optimal
2021-02-07 14:30:00,56,91,2.2857142857142856,0.0,0.0,0.3121333333333333,optimal
2021-02-07 15:00:00,56,91,2.2857142857142856,0.0,0.0,0.1596,optimal
2021-02-07 15:30:00,56,91,2.2857142857142856,0.0,0.0,0.2655666666666667,optimal
2021-02-07 16:00:00,56,91,0.0,0.0,0.0,0.2479333333333333,optimal
2021-02-07 16:30:00,56,91,0.0,0.0,0.0,0.18303333333333333,optimal
2021-02-07 17:00:00,56,91,0.0,0.0,0.0,0.3582666666666667,optimal
2021-02-07 17:30:00,56,91,0.0,0.0,0.0,2.1453,optimal
2021-02-07 18:00:00,56,91,0.0,0.0,0.0,1.366266666666667,optimal
2021-02-07 18:30:00,56,91,0.0,0.0,0.0,0.451,optimal
2021-02-07 19:00:00,56,91,0.0,0.0,0.0,0.2929333333333333,optimal
2021-02-07 19:30:00,56,91,0.0,0.0,0.0,0.48093333333333327,optimal
2021-02-07 20:00:00,56,91,0.0,0.0,0.0,0.2606666666666667,optimal
2021-02-07 20:30:00,56,91,0.0,0.0,0.0,0.4804666666666666,optimal
2021-02-07 21:00:00,56,91,0.0,0.0,0.0,0.3646333333333333,optimal
2021-02-07 21:30:00,56,91,0.0,0.0,0.0,0.5509666666666667,optimal
2021-02-07 22:00:00,56,91,0.0,0.0,0.0,0.4497,optimal
2021-02-07 22:30:00,56,91,0.0,0.0,0.0,0.15916666666666665,optimal
2021-02-07 23:00:00,56,91,0.0,0.0,0.0,0.076,optimal
2021-02-07 23:30:00,56,91,0.0,0.0,0.0,0.07433333333333333,optimal
2021-02-08 00:00:00,56,91,0.0,0.0,0.0,0.056,optimal
2021-02-08 00:30:00,56,91,0.23885714285714285,0.0,0.0,0.18359999999999999,optimal
2021-02-08 01:00:00,56,91,0.0,0.0,0.0,0.15666666666666665,optimal
2021-02-08 01:30:00,56,91,0.0,0.0,0.0,0.056,optimal
2021-02-08 02:00:00,56,91,0.0,0.0,0.0,0.26106666666666667,optimal
2021-02-08 02:30:00,56,91,1.363878463946352,0.0,0.0,0.0792,optimal
2021-02-08 03:00:00,56,91,2.2857142857142856,0.0,0.0,0.1988,optimal
2021-02-08 03:30:00,56,91,2.2857142857142856,0.0,0.0,0.14146666666666666,optimal
2021-02-08 04:00:00,56,91,2.2857142857142856,0.0,0.0,0.12143333333333334,optimal
2021-02-08 04:30:00,56,91,2.2857142857142856,0.0,0.0,0.2188333333333333,optimal
2021-02-08 05:00:00,56,91,2.2857142857142856,0.0,0.0,0.056,optimal
2021-02-08 05:30:00,56,91,2.2857142857142856,0.0,0.0,0.2502333333333333,optimal
2021-02-08 06:00:00,56,91,2.2857142857142856,0.0,4.137704100433882,0.09003333333333333,optimal
2021-02-08 06:30:00,56,91,2.2857142857142856,0.0,10.0,0.1818333333333333,optimal
2021-02-08 07:00:00,56,91,2.2857142857142856,0.0,10.0,0.2095,optimal
2021-02-08 07:30:00,56,91,2.2857142857142856,0.0,0.0,0.12656666666666666,optimal
2021-02-08 08:00:00,56,91,1.0693852910589756,0.0,0.0,0.2581,optimal
2021-02-08 08:30:00,56,91,1.1101347016218568,0.0,0.0,0.4805,optimal
2021-02-08 09:00:00,56,91,0.6708663091204474,0.0,0.0,2.5462,optimal
2021-02-08 09:30:00,56,91,0.9863869551808875,0.0,0.0,0.8062999999999999,optimal
2021-02-08 10:00:00,56,91,0.7148385581140264,0.0,0.0,0.30646666666666667,optimal
2021-02-08 10:30:00,56,91,0.8169902930059698,0.0,0.0,0.166,optimal
2021-02-08 11:00:00,56,91,0.6621124189602241,0.0,0.0,0.1936,optimal
2021-02-08 11:30:00,56,91,0.6686906274449838,0.0,0.0,0.14653333333333332,optimal
2021-02-08 12:00:00,56,91,0.5689737863428972,0.0,0.0,0.09,optimal
2021-02-08 12:30:00,56,91,0.47828258426477044,0.0,0.0,0.3071333333333333,optimal
2021-02-08 13:00:00,56,91,2.2857142857142856,0.0,0.0,0.11913333333333334,optimal
2021-02-08 13:30:00,56,91,2.2857142857142856,0.0,0.0,0.12806666666666666,optimal
2021-02-08 14:00:00,56,91,2.2857142857142856,0.0,0.0,0.3861,optimal
2021-02-08 14:30:00,56,91,2.2857142857142856,0.0,0.0,0.15156666666666666,optimal
2021-02-08 15:00:00,56,91,2.2857142857142856,0.0,0.0,0.1936,optimal
2021-02-08 15:30:00,56,91,2.2857142857142856,0.0,0.0,0.16666666666666666,optimal
2021-02-08 16:00:00,56,91,0.0,0.0,0.0,0.15880000000000002,optimal
2021-02-08 16:30:00,56,91,0.0,0.0,0.0,0.20146666666666666,optimal
2021-02-08 17:00:00,56,91,0.0,0.0,0.0,0.1124,optimal
2021-02-08 17:30:00,56,91,0.0,0.0,0.0,0.1824333333333333,optimal
2021-02-08 18:00:00,56,91,0.0,0.0,0.0,1.0586333333333335,optimal
2021-02-08 18:30:00,56,91,0.0,0.0,0.0,0.5397666666666666,optimal
2021-02-08 19:00:00,56,91,0.0,0.0,0.0,0.2849,optimal
2021-02-08 19:30:00,56,91,0.0,0.0,0.0,0.42136666666666667,optimal
2021-02-08 20:00:00,56,91,0.9637029281986464,0.0,0.0,0.27563333333333334,optimal
2021-02-08 20:30:00,56,91,0.0,0.0,0.0,0.24113333333333334,optimal
2021-02-08 21:00:00,56,91,0.0,0.0,0.0,0.22569999999999998,optimal
2021-02-08 21:30:00,56,91,0.0,0.0,0.0,0.48936666666666667,optimal
2021-02-08 22:00:00,56,91,0.17914285714285713,0.0,0.0,0.2413333333333333,optimal
2021-02-08 22:30:00,56,91,0.0,0.0,0.0,0.17826666666666668,optimal
2021-02-08 23:00:00,56,91,0.0,0.0,0.0,0.066,optimal
2021-02-08 23:30:00,56,91,0.0,0.0,0.0,0.2627333333333333,optimal
2021-02-09 00:00:00,56,91,0.0,0.0,0.0,0.0858,optimal
2021-02-09 00:30:00,56,91,1.9506666666666665,0.0,0.0,0.31839999999999996,optimal
2021-02-09 01:00:00,56,91,0.0,0.0,0.0,0.0526,optimal
2021-02-09 01:30:00,56,91,0.0,0.0,0.0,0.20166666666666663,optimal
2021-02-09 02:00:00,56,91,0.2506678198834387,0.0,0.0,0.1989333333333333,optimal
2021-02-09 02:30:00,56,91,2.2857142857142856,0.0,0.0,0.085,optimal
2021-02-09 03:00:00,56,91,2.2857142857142856,0.0,0.0,0.3192,optimal
2021-02-09 03:30:00,56,91,2.2857142857142856,0.0,0.0,0.0814,optimal
2021-02-09 04:00:00,56,91,2.2857142857142856,0.0,0.0,0.14726666666666668,optimal
2021-02-09 04:30:00,56,91,2.2857142857142856,0.0,0.0,0.08446666666666666,optimal
2021-02-09 05:00:00,56,91,2.2857142857142856,0.0,0.0,0.097,optimal
2021-02-09 05:30:00,56,91,2.2857142857142856,0.0,0.0,0.3172,optimal
2021-02-09 06:00:00,56,91,2.2857142857142856,0.0,0.3085578237625136,3.5122,optimal
2021-02-09 06:30:00,56,91,2.2857142857142856,0.0,10.0,0.4031666666666667,optimal
2021-02-09 07:00:00,56,91,2.2857142857142856,0.0,0.0,0.39903333333333335,optimal
2021-02-09 07:30:00,56,91,2.2857142857142856,0.0,0.0,0.19526666666666667,optimal
2021-02-09 08:00:00,56,91,1.1546661766010742,0.0,0.0,1.8740666666666663,optimal
2021-02-09 08:30:00,56,91,1.2120344417091364,0.0,0.0,0.6311666666666667,optimal
2021-02-09 09:00:00,56,91,0.9648161154398642,0.0,0.0,1.9830333333333332,optimal
2021-02-09 09:30:00,56,91,1.1586335980369484,0.0,0.0,0.14006666666666667,optimal
2021-02-09 10:00:00,56,91,0.8944380959414768,0.0,0.0,0.1238,optimal
2021-02-09 10:30:00,56,91,0.8557598076295364,0.0,0.0,0.19906666666666664,optimal
2021-02-09 11:00:00,56,91,0.6120196614689501,0.0,0.0,0.18180000000000002,optimal
2021-02-09 11:30:00,56,91,0.6112801942827415,0.0,0.0,0.17236666666666667,optimal
2021-02-09 12:00:00,56,91,0.4468744374467211,0.0,0.0,0.16956666666666667,optimal
2021-02-09 12:30:00,56,91,0.4382110474900759,0.0,0.0,0.43089999999999995,optimal
2021-02-09 13:00:00,56,91,2.1857503337830226,0.0,0.0,0.09316666666666669,optimal
2021-02-09 13:30:00,56,91,0.228139892242561,0.0,0.0,0.4962,optimal
2021-02-09 14:00:00,56,91,2.2857142857142856,0.0,0.0,0.3919333333333333,optimal
2021-02-09 14:30:00,56,91,2.2857142857142856,0.0,0.0,0.46353333333333335,optimal
2021-02-09 15:00:00,56,91,2.2857142857142856,0.0,0.0,0.5417666666666666,optimal
2021-02-09 15:30:00,56,91,2.2857142857142856,0.0,0.0,0.3465,optimal
2021-02-09 16:00:00,56,91,0.0,0.0,0.0,0.4783,optimal
2021-02-09 16:30:00,56,91,0.0,0.0,0.0,0.4009666666666666,optimal
2021-02-09 17:00:00,56,91,0.0,0.0,0.0,4.153133333333333,optimal
2021-02-09 17:30:00,56,91,0.0,0.0,0.0,1.1245333333333334,optimal
2021-02-09 18:00:00,56,91,0.0,0.0,0.0,3.3396,optimal
2021-02-09 18:30:00,56,91,0.0,0.0,0.0,2.6355,optimal
2021-02-09 19:00:00,56,91,0.0,0.0,0.0,0.7424666666666667,optimal
2021-02-09 19:30:00,56,91,0.0,0.0,0.0,1.8833333333333333,optimal
2021-02-09 20:00:00,56,91,0.0,0.0,0.0,1.0902,optimal
2021-02-09 20:30:00,56,91,0.0,0.0,0.0,3.674733333333333,optimal
2021-02-09 21:00:00,56,91,0.0,0.0,0.0,0.8549666666666667,optimal
2021-02-09 21:30:00,56,91,0.0,0.0,0.0,1.5454,optimal
2021-02-09 22:00:00,56,91,0.0,0.0,0.0,0.3442,optimal
2021-02-09 22:30:00,56,91,0.0,0.0,0.0,0.24886666666666668,optimal
2021-02-09 23:00:00,56,91,0.0,0.0,0.0,0.22513333333333332,optimal
2021-02-09 23:30:00,56,91,0.0,0.0,0.0,0.1863333333333333,optimal
2021-02-10 00:00:00,56,91,0.0,0.0,0.0,0.057,optimal
2021-02-10 00:30:00,56,91,2.2857142857142856,0.0,0.0,0.12240000000000001,optimal
2021-02-10 01:00:00,56,91,1.934095238095238,0.0,0.0,0.18386666666666668,optimal
2021-02-10 01:30:00,56,91,0.0,0.0,0.0,0.09696666666666669,optimal
2021-02-10 02:00:00,56,91,0.5429624687675139,0.0,0.0,0.08243333333333333,optimal
2021-02-10 02:30:00,56,91,2.2857142857142856,0.0,0.0,0.18386666666666668,optimal
2021-02-10 03:00:00,56,91,2.2857142857142856,0.0,0.0,0.12240000000000001,optimal
2021-02-10 03:30:00,56,91,2.2857142857142856,0.0,0.0,0.057,optimal
2021-02-10 04:00:00,56,91,2.2857142857142856,0.0,0.0,0.057,optimal
2021-02-10 04:30:00,56,91,2.2857142857142856,0.0,0.0,0.12043333333333334,optimal
2021-02-10 05:00:00,56,91,2.2857142857142856,0.0,0.0,0.1858333333333333,optimal
2021-02-10 05:30:00,56,91,2.2857142857142856,0.0,0.0,0.057,optimal
2021-02-10 06:00:00,56,91,2.2857142857142856,0.0,0.0,0.2492666666666667,optimal
2021-02-10 06:30:00,56,91,2.2857142857142856,0.0,5.971327207535832,0.057,optimal
2021-02-10 07:00:00,56,91,2.2857142857142856,0.0,10.0,0.1264,optimal
2021-02-10 07:30:00,56,91,2.2857142857142856,0.0,0.0,1.8243333333333334,optimal
2021-02-10 08:00:00,56,91,1.1468737104103444,0.0,0.0,3.241833333333333,optimal
2021-02-10 08:30:00,56,91,1.1285691749988807,0.0,0.0,1.0224,optimal
2021-02-10 09:00:00,56,91,0.8406764451756912,0.0,0.0,2.8501,optimal
2021-02-10 09:30:00,56,91,0.9028442907166048,0.0,0.0,1.4609333333333334,optimal
2021-02-10 10:00:00,56,91,0.6732847998299649,0.0,0.0,0.9590666666666668,optimal
2021-02-10 10:30:00,56,91,0.6475959220808949,0.0,0.0,2.7399666666666667,optimal
2021-02-10 11:00:00,56,91,0.45783094796728724,0.0,0.0,2.8039666666666667,optimal
2021-02-10 11:30:00,56,91,0.48842439454727155,0.0,0.0,0.9387333333333332,optimal
2021-02-10 12:00:00,56,91,0.1869839700744742,0.0,0.0,2.3338666666666668,optimal
2021-02-10 12:30:00,56,91,0.1156677795982871,0.0,0.0,2.4730333333333334,optimal
2021-02-10 13:00:00,56,91,1.5086795786535137,0.0,0.0,1.4028666666666665,optimal
2021-02-10 13:30:00,56,91,2.2857142857142856,0.0,0.0,0.7833,optimal
2021-02-10 14:00:00,56,91,2.2857142857142856,0.0,0.0,0.2707,optimal
2021-02-10 14:30:00,56,91,2.2857142857142856,0.0,0.0,0.19243333333333332,optimal
2021-02-10 15:00:00,56,91,2.2857142857142856,0.0,0.0,2.614333333333333,optimal
2021-02-10 15:30:00,56,91,2.2857142857142856,0.0,0.0,0.24606666666666663,optimal
2021-02-10 16:00:00,56,91,0.0,0.0,0.0,0.1612333333333333,optimal
2021-02-10 16:30:00,56,91,0.0,0.0,0.0,0.16503333333333334,optimal
2021-02-10 17:00:00,56,91,0.0,0.0,0.0,0.14666666666666667,optimal
2021-02-10 17:30:00,56,91,0.0,0.0,0.0,0.38806666666666667,optimal
2021-02-10 18:00:00,56,91,0.0,0.0,0.0,0.19483333333333328,optimal
2021-02-10 18:30:00,56,91,0.0,0.0,0.0,3.615533333333333,optimal
2021-02-10 19:00:00,56,91,0.0,0.0,0.0,0.2811666666666667,optimal
2021-02-10 19:30:00,56,91,0.0,0.0,0.0,0.24430000000000002,optimal
2021-02-10 20:00:00,56,91,0.0,0.0,0.0,0.067,optimal
2021-02-10 20:30:00,56,91,0.0,0.0,0.0,0.25926666666666665,optimal
2021-02-10 21:00:00,56,91,0.0,0.0,0.0,0.067,optimal
2021-02-10 21:30:00,56,91,0.0,0.0,0.0,0.10736666666666667,optimal
2021-02-10 22:00:00,56,91,0.0,0.0,0.0,0.1535,optimal
2021-02-10 22:30:00,56,91,0.0,0.0,0.0,0.067,optimal
2021-02-10 23:00:00,56,91,0.0,0.0,0.0,0.17656666666666665,optimal
2021-02-10 23:30:00,56,91,0.0,0.0,0.0,0.0843,optimal
2021-02-11 00:00:00,56,91,0.0,0.0,0.0,0.065,optimal
2021-02-11 00:30:00,56,91,0.9003220833253238,0.0,0.0,0.065,optimal
2021-02-11 01:00:00,56,91,2.2857142857142856,0.0,0.0,0.1232,optimal
2021-02-11 01:30:00,56,91,2.2857142857142856,0.0,0.0,0.065,optimal
2021-02-11 02:00:00,56,91,2.2857142857142856,0.0,0.0,0.06823333333333334,optimal
2021-02-11 02:30:00,56,91,2.2857142857142856,0.0,0.0,0.11996666666666668,optimal
2021-02-11 03:00:00,56,91,2.2857142857142856,0.0,0.0,0.065,optimal
2021-02-11 03:30:00,56,91,2.2857142857142856,0.0,0.0,0.065,optimal
2021-02-11 04:00:00,56,91,2.2857142857142856,0.0,0.0,0.065,optimal
2021-02-11 04:30:00,56,91,2.2857142857142856,0.0,0.0,0.1232,optimal
2021-02-11 05:00:00,56,91,2.2857142857142856,0.0,0.0,0.065,optimal
2021-02-11 05:30:00,56,91,2.2857142857142856,0.0,0.0,0.1232,optimal
2021-02-11 06:00:00,56,91,2.2857142857142856,0.0,7.25700687709488,0.065,optimal
2021-02-11 06:30:00,56,91,2.2857142857142856,0.0,10.0,0.12253333333333331,optimal
2021-02-11 07:00:00,56,91,2.2857142857142856,0.0,10.0,0.14116666666666666,optimal
2021-02-11 07:30:00,56,91,2.2857142857142856,0.0,0.0,0.22903333333333334,optimal
2021-02-11 08:00:00,56,91,1.2810003846542437,0.0,0.0,1.471,optimal
2021-02-11 08:30:00,56,91,1.4387464052604622,0.0,0.0,0.4795,optimal
2021-02-11 09:00:00,56,91,1.3520418269033907,0.0,0.0,0.137,optimal
2021-02-11 09:30:00,56,91,1.2281098859492354,0.0,0.0,0.19293333333333332,optimal
2021-02-11 10:00:00,56,91,0.8061879211107813,0.0,0.0,0.2497666666666667,optimal
2021-02-11 10:30:00,56,91,0.8574081940118604,0.0,0.0,0.08763333333333334,optimal
2021-02-11 11:00:00,56,91,0.6522728419620383,0.0,0.0,0.10056666666666667,optimal
2021-02-11 11:30:00,56,91,0.6109141675023411,0.0,0.0,0.065,optimal
2021-02-11 12:00:00,56,91,0.37252013217459956,0.0,0.0,0.065,optimal
2021-02-11 12:30:00,56,91,0.32786896351589406,0.0,0.0,0.065,optimal
2021-02-11 13:00:00,56,91,2.2857142857142856,0.0,0.0,0.2598666666666667,optimal
2021-02-11 13:30:00,56,91,2.2857142857142856,0.0,0.0,0.16633333333333333,optimal
2021-02-11 14:00:00,56,91,2.2857142857142856,0.0,0.0,0.065,optimal
2021-02-11 14:30:00,56,91,2.2857142857142856,0.0,0.0,0.1232,optimal
2021-02-11 15:00:00,56,91,2.2857142857142856,0.0,0.0,0.065,optimal
2021-02-11 15:30:00,56,91,2.2857142857142856,0.0,0.0,0.14476666666666668,optimal
2021-02-11 16:00:00,56,91,0.0,0.0,0.0,0.09409999999999999,optimal
2021-02-11 16:30:00,56,91,0.0,0.0,0.0,0.065,optimal
2021-02-11 17:00:00,56,91,0.0,0.0,0.0,0.12653333333333333,optimal
2021-02-11 17:30:00,56,91,0.0,0.0,0.0,0.075,optimal
2021-02-11 18:00:00,56,91,0.0,0.0,0.0,0.075,optimal
2021-02-11 18:30:00,56,91,0.0,0.0,0.0,0.12996666666666667,optimal
2021-02-11 19:00:00,56,91,0.0,0.0,0.0,0.07823333333333334,optimal
2021-02-11 19:30:00,56,91,1.2804309982926145,0.0,0.0,0.13319999999999999,optimal
2021-02-11 20:00:00,56,91,1.8193040488599523,0.0,0.0,0.075,optimal
2021-02-11 20:30:00,56,91,0.0,0.0,0.0,0.07166666666666667,optimal
2021-02-11 21:00:00,56,91,0.0,0.0,0.0,0.1232,optimal
2021-02-11 21:30:00,56,91,0.0,0.0,0.0,0.11566666666666668,optimal
2021-02-11 22:00:00,56,91,1.5127619047619048,0.0,0.0,0.3634666666666666,optimal
2021-02-11 22:30:00,56,91,0.0,0.0,0.0,0.5202333333333333,optimal
2021-02-11 23:00:00,56,91,0.0,0.0,0.0,0.5677333333333333,optimal
2021-02-11 23:30:00,56,91,0.0,0.0,0.0,0.3747,optimal
2021-02-12 00:00:00,56,91,0.5418229294992096,0.0,0.0,2.1786,optimal
2021-02-12 00:30:00,56,91,2.2857142857142856,0.0,0.0,0.057,optimal
2021-02-12 01:00:00,56,91,2.2857142857142856,0.0,0.0,0.057,optimal
2021-02-12 01:30:00,56,91,2.2857142857142856,0.0,0.0,0.057,optimal
2021-02-12 02:00:00,56,91,2.2857142857142856,0.0,0.0,0.057,optimal
2021-02-12 02:30:00,56,91,2.2857142857142856,0.0,0.0,0.057,optimal
2021-02-12 03:00:00,56,91,2.2857142857142856,0.0,0.0,0.057,optimal
2021-02-12 03:30:00,56,91,2.2857142857142856,0.0,0.0,0.057,optimal
2021-02-12 04:00:00,56,91,2.2857142857142856,0.0,0.0,0.06233333333333334,optimal
2021-02-12 04:30:00,56,91,2.2857142857142856,0.0,0.0,0.059333333333333335,optimal
2021-02-12 05:00:00,56,91,2.2857142857142856,0.0,0.0,0.057,optimal
2021-02-12 05:30:00,56,91,2.2857142857142856,0.0,0.0,0.057,optimal
2021-02-12 06:00:00,56,91,2.2857142857142856,0.0,0.0,0.057,optimal
2021-02-12 06:30:00,56,91,2.2857142857142856,0.0,3.2538935324516904,0.055,optimal
2021-02-12 07:00:00,56,91,2.2857142857142856,0.0,10.0,0.0675,optimal
2021-02-12 07:30:00,56,91,2.2857142857142856,0.0,0.0,0.18,optimal
2021-02-12 08:00:00,56,91,1.3202875971230683,0.0,0.0,1.9674333333333327,optimal
2021-02-12 08:30:00,56,91,1.4355787992012103,0.0,0.0,0.5865,optimal
2021-02-12 09:00:00,56,91,1.2453808733089966,0.0,0.0,0.9968333333333333,optimal
2021-02-12 09:30:00,56,91,1.2852605075923427,0.0,0.0,0.057,optimal
2021-02-12 10:00:00,56,91,0.8496395569578653,0.0,0.0,0.057,optimal
2021-02-12 10:30:00,56,91,0.8221619147063545,0.0,0.0,0.057,optimal
2021-02-12 11:00:00,56,91,0.5548168511842629,0.0,0.0,0.057,optimal
2021-02-12 11:30:00,56,91,0.5513821459028241,0.0,0.0,0.057,optimal
2021-02-12 12:00:00,56,91,0.4586944466602353,0.0,0.0,0.057,optimal
2021-02-12 12:30:00,56,91,0.4552597413787965,0.0,0.0,0.06233333333333334,optimal
2021-02-12 13:00:00,56,91,2.2857142857142856,0.0,0.0,0.061666666666666654,optimal
2021-02-12 13:30:00,56,91,2.2857142857142856,0.0,0.0,0.057,optimal
2021-02-12 14:00:00,56,91,2.2857142857142856,0.0,0.0,0.057,optimal
2021-02-12 14:30:00,56,91,2.2857142857142856,0.0,0.0,0.061666666666666654,optimal
2021-02-12 15:00:00,56,91,2.2857142857142856,0.0,0.0,1.4125666666666665,optimal
2021-02-12 15:30:00,56,91,2.2857142857142856,0.0,0.0,0.057,optimal
2021-02-12 16:00:00,56,91,0.0,0.0,0.0,0.057,optimal
2021-02-12 16:30:00,56,91,0.0,0.0,0.0,0.06633333333333333,optimal
2021-02-12 17:00:00,56,91,0.0,0.0,0.0,0.061666666666666654,optimal
2021-02-12 17:30:00,56,91,0.0,0.0,0.0,0.057,optimal
2021-02-12 18:00:00,56,91,0.0,0.0,0.0,0.05766666666666666,optimal
2021-02-12 18:30:00,56,91,0.0,0.0,0.0,0.067,optimal
2021-02-12 19:00:00,56,91,0.0,0.0,0.0,1.5883,optimal
2021-02-12 19:30:00,56,91,0.1641493628229196,0.0,0.0,0.2971333333333333,optimal
2021-02-12 20:00:00,56,91,1.202133927294813,0.0,0.0,0.298,optimal
2021-02-12 20:30:00,56,91,0.0,0.0,0.0,0.3192,optimal
2021-02-12 21:00:00,56,91,0.0,0.0,0.0,0.5905,optimal
2021-02-12 21:30:00,56,91,0.0,0.0,0.0,0.3959,optimal
2021-02-12 22:00:00,56,91,0.836,0.0,0.0,0.3126666666666667,optimal
2021-02-12 22:30:00,56,91,0.0,0.0,0.0,0.23446666666666666,optimal
2021-02-12 23:00:00,56,91,0.0,0.0,0.0,2.2151,optimal
2021-02-12 23:30:00,56,91,0.0,0.0,0.0,0.6267999999999999,optimal
2021-02-13 00:00:00,56,91,0.0,0.0,0.0,0.058,optimal
2021-02-13 00:30:00,56,91,2.2857142857142856,0.0,0.0,0.1435,optimal
2021-02-13 01:00:00,56,91,2.1582228571428574,0.0,0.0,0.1207,optimal
2021-02-13 01:30:00,56,91,0.0,0.0,0.0,0.16653333333333334,optimal
2021-02-13 02:00:00,56,91,1.7226643573151883,0.0,0.0,0.1162,optimal
2021-02-13 02:30:00,56,91,2.2857142857142856,0.0,0.0,0.06616666666666667,optimal
2021-02-13 03:00:00,56,91,2.2857142857142856,0.0,0.0,0.30656666666666665,optimal
2021-02-13 03:30:00,56,91,2.2857142857142856,0.0,0.0,0.058,optimal
2021-02-13 04:00:00,56,91,2.2857142857142856,0.0,0.0,0.12213333333333334,optimal
2021-02-13 04:30:00,56,91,2.2857142857142856,0.0,0.0,0.16826666666666668,optimal
2021-02-13 05:00:00,56,91,2.2857142857142856,0.0,0.0,0.158,optimal
2021-02-13 05:30:00,56,91,2.2857142857142856,0.0,0.0,0.068,optimal
2021-02-13 06:00:00,56,91,2.2857142857142856,0.0,2.37217267242854,0.17976666666666669,optimal
2021-02-13 06:30:00,56,91,2.2857142857142856,0.0,10.0,0.8549,optimal
2021-02-13 07:00:00,56,91,2.2857142857142856,0.0,0.0,1.5804666666666667,optimal
2021-02-13 07:30:00,56,91,2.2857142857142856,0.0,0.0,0.8350333333333333,optimal
2021-02-13 08:00:00,56,91,1.0057399520987282,0.0,0.0,3.684266666666667,optimal
2021-02-13 08:30:00,56,91,1.4018138182458568,0.0,0.0,2.3019666666666665,optimal
2021-02-13 09:00:00,56,91,1.105787542797859,0.0,0.0,0.2382,optimal
2021-02-13 09:30:00,56,91,1.236471159247787,0.0,0.0,0.15236666666666668,optimal
2021-02-13 10:00:00,56,91,0.9467905132975355,0.0,0.0,0.20803333333333332,optimal
2021-02-13 10:30:00,56,91,0.9667367603970549,0.0,0.0,0.1262,optimal
2021-02-13 11:00:00,56,91,0.6744732004967409,0.0,0.0,0.0828,optimal
2021-02-13 11:30:00,56,91,0.6218480190248452,0.0,0.0,0.2549666666666667,optimal
2021-02-13 12:00:00,56,91,0.5334047327610972,0.0,0.0,0.12296666666666668,optimal
2021-02-13 12:30:00,56,91,0.516525798388695,0.0,0.0,0.158,optimal
2021-02-13 13:00:00,56,91,2.2857142857142856,0.0,0.0,0.068,optimal
2021-02-13 13:30:00,56,91,2.2857142857142856,0.0,0.0,0.27073333333333327,optimal
2021-02-13 14:00:00,56,91,2.2857142857142856,0.0,0.0,0.122,optimal
2021-02-13 14:30:00,56,91,2.2857142857142856,0.0,0.0,0.13213333333333332,optimal
2021-02-13 15:00:00,56,91,2.2857142857142856,0.0,0.0,0.1124,optimal
2021-02-13 15:30:00,56,91,2.2857142857142856,0.0,0.0,0.1806333333333333,optimal
2021-02-13 16:00:00,56,91,0.0,0.0,0.0,0.10356666666666667,optimal
2021-02-13 16:30:00,56,91,0.0,0.0,0.0,0.23503333333333334,optimal
2021-02-13 17:00:00,56,91,0.0,0.0,0.0,0.148,optimal
2021-02-13 17:30:00,56,91,0.0,0.0,0.0,2.5294333333333334,optimal
2021-02-13 18:00:00,56,91,0.0,0.0,0.0,1.8885999999999998,optimal
2021-02-13 18:30:00,56,91,0.0,0.0,0.0,0.6441333333333333,optimal
2021-02-13 19:00:00,56,91,0.0,0.0,0.0,0.3630333333333334,optimal
2021-02-13 19:30:00,56,91,0.1981132815224093,0.0,0.0,0.39280000000000004,optimal
2021-02-13 20:00:00,56,91,1.1767053558662413,0.0,0.0,0.426,optimal
2021-02-13 20:30:00,56,91,0.0,0.0,0.0,2.5743666666666667,optimal
2021-02-13 21:00:00,56,91,0.0,0.0,0.0,0.45316666666666666,optimal
2021-02-13 21:30:00,56,91,0.0,0.0,0.0,1.6054333333333335,optimal
2021-02-13 22:00:00,56,91,0.07046285714285715,0.0,0.0,1.4214,optimal
2021-02-13 22:30:00,56,91,0.0,0.0,0.0,1.2568666666666666,optimal
2021-02-13 23:00:00,56,91,0.0,0.0,0.0,0.26093333333333335,optimal
2021-02-13 23:30:00,56,91,0.0,0.0,0.0,0.0864,optimal
2021-02-07 00:00:00,57,91,0.0,0.0,0.0,0.059,optimal
2021-02-07 00:30:00,57,91,0.0,0.0,0.0,0.059,optimal
2021-02-07 01:00:00,57,91,0.0,0.0,0.0,0.092,optimal
2021-02-07 01:30:00,57,91,0.0,0.0,0.0,0.226,optimal
2021-02-07 02:00:00,57,91,0.0,0.0,0.0,0.0724,optimal
2021-02-07 02:30:00,57,91,0.0,0.0,0.0,0.1461,optimal
2021-02-07 03:00:00,57,91,0.0,0.0,0.0,0.1193,optimal
2021-02-07 03:30:00,57,91,0.0,0.0,0.0,0.059,optimal
2021-02-07 04:00:00,57,91,2.2857142857142856,0.0,0.0,0.2064,optimal
2021-02-07 04:30:00,57,91,2.2857142857142856,0.0,0.0,0.059,optimal
2021-02-07 05:00:00,57,91,2.2857142857142856,0.0,0.0,0.193,optimal
2021-02-07 05:30:00,57,91,2.2857142857142856,0.0,0.0,0.1384,optimal
2021-02-07 06:00:00,57,91,2.2857142857142856,0.0,0.0,0.059,optimal
2021-02-07 06:30:00,57,91,2.2857142857142856,0.0,0.0,0.059,optimal
2021-02-07 07:00:00,57,91,2.2857142857142856,0.0,2.623502212245243,0.125,optimal
2021-02-07 07:30:00,57,91,0.0,0.0,0.0,0.0925,optimal
2021-02-07 08:00:00,57,91,0.0,0.0,0.0,0.1729,optimal
2021-02-07 08:30:00,57,91,0.0,0.0,0.0,0.059,optimal
2021-02-07 09:00:00,57,91,0.0,0.0,0.0,0.2680666666666667,optimal
2021-02-07 09:30:00,57,91,0.7553932187329582,0.0,0.0,0.2137333333333333,optimal
2021-02-07 10:00:00,57,91,0.8853959658170841,0.0,0.0,0.14613333333333334,optimal
2021-02-07 10:30:00,57,91,0.8782082335228095,0.0,0.0,0.067,optimal
2021-02-07 11:00:00,57,91,0.6207068754363106,0.0,0.0,0.5274333333333333,optimal
2021-02-07 11:30:00,57,91,0.8343925897220353,0.0,0.0,0.19469999999999998,optimal
2021-02-07 12:00:00,57,91,0.5996102228151249,0.0,0.0,0.36060000000000003,optimal
2021-02-07 12:30:00,57,91,0.6140768894817863,0.0,0.0,0.2073,optimal
2021-02-07 13:00:00,57,91,1.7056199701873407,0.0,0.0,0.2049,optimal
2021-02-07 13:30:00,57,91,2.2857142857142856,0.0,0.0,0.5007,optimal
2021-02-07 14:00:00,57,91,2.2857142857142856,0.0,0.0,0.286,optimal
2021-02-07 14:30:00,57,91,2.2857142857142856,0.0,0.0,0.18663333333333332,optimal
2021-02-07 15:00:00,57,91,2.2857142857142856,0.0,0.0,0.4223,optimal
2021-02-07 15:30:00,57,91,2.2857142857142856,0.0,0.0,0.2625,optimal
2021-02-07 16:00:00,57,91,0.0,0.0,0.0,0.255,optimal
2021-02-07 16:30:00,57,91,0.0,0.0,0.0,0.368,optimal
2021-02-07 17:00:00,57,91,0.0,0.0,0.0,0.08303333333333333,optimal
2021-02-07 17:30:00,57,91,0.0,0.0,0.0,1.1300333333333332,optimal
2021-02-07 18:00:00,57,91,0.0,0.0,0.0,2.5869666666666666,optimal
2021-02-07 18:30:00,57,91,0.0,0.0,0.0,0.17883333333333334,optimal
2021-02-07 19:00:00,57,91,0.0,0.0,0.0,0.2733333333333333,optimal
2021-02-07 19:30:00,57,91,0.0,0.0,0.0,0.32230000000000003,optimal
2021-02-07 20:00:00,57,91,0.0,0.0,0.0,0.3157,optimal
2021-02-07 20:30:00,57,91,0.0,0.0,0.0,0.3740333333333334,optimal
2021-02-07 21:00:00,57,91,0.0,0.0,0.0,0.5481,optimal
2021-02-07 21:30:00,57,91,0.0,0.0,0.0,0.6740333333333333,optimal
2021-02-07 22:00:00,57,91,0.13933333333333334,0.0,0.0,0.36406666666666665,optimal
2021-02-07 22:30:00,57,91,0.0,0.0,0.0,0.33976666666666666,optimal
2021-02-07 23:00:00,57,91,0.0,0.0,0.0,0.1159,optimal
2021-02-07 23:30:00,57,91,0.0,0.0,0.0,0.1293,optimal
2021-02-08 00:00:00,57,91,0.0,0.0,0.0,0.06,optimal
2021-02-08 00:30:00,57,91,0.418,0.0,0.0,0.06,optimal
2021-02-08 01:00:00,57,91,0.0,0.0,0.0,0.10890000000000001,optimal
2021-02-08 01:30:00,57,91,0.0,0.0,0.0,0.11976666666666667,optimal
2021-02-08 02:00:00,57,91,0.0,0.0,0.0,0.06,optimal
2021-02-08 02:30:00,57,91,1.7371731156312962,0.0,0.0,0.16866666666666666,optimal
2021-02-08 03:00:00,57,91,2.2857142857142856,0.0,0.0,0.06,optimal
2021-02-08 03:30:00,57,91,2.2857142857142856,0.0,0.0,0.06,optimal
2021-02-08 04:00:00,57,91,2.2857142857142856,0.0,0.0,0.16866666666666666,optimal
2021-02-08 04:30:00,57,91,2.2857142857142856,0.0,0.0,0.06,optimal
2021-02-08 05:00:00,57,91,2.2857142857142856,0.0,0.0,0.06,optimal
2021-02-08 05:30:00,57,91,2.2857142857142856,0.0,0.0,0.16866666666666666,optimal
2021-02-08 06:00:00,57,91,2.2857142857142856,0.0,0.0,0.06,optimal
2021-02-08 06:30:00,57,91,2.2857142857142856,0.0,7.442665835187175,0.11433333333333331,optimal
2021-02-08 07:00:00,57,91,2.2857142857142856,0.0,10.0,0.11433333333333331,optimal
2021-02-08 07:30:00,57,91,2.2857142857142856,0.0,0.0,0.11343333333333333,optimal
2021-02-08 08:00:00,57,91,1.0873738624875466,0.0,0.0,1.3402333333333332,optimal
2021-02-08 08:30:00,57,91,1.1821213682885308,0.0,0.0,0.4605,optimal
2021-02-08 09:00:00,57,91,0.9335520234061657,0.0,0.0,0.34236666666666665,optimal
2021-02-08 09:30:00,57,91,0.8729469551808876,0.0,0.0,0.3968,optimal
2021-02-08 10:00:00,57,91,0.5940747485902351,0.0,0.0,0.6032333333333334,optimal
2021-02-08 10:30:00,57,91,0.69659029300597,0.0,0.0,0.28536666666666666,optimal
2021-02-08 11:00:00,57,91,0.5491028951506994,0.0,0.0,0.1551,optimal
2021-02-08 11:30:00,57,91,0.4773382464925882,0.0,0.0,0.32739999999999997,optimal
2021-02-08 12:00:00,57,91,0.3476880720571942,0.0,0.0,0.4385333333333334,optimal
2021-02-08 12:30:00,57,91,0.3715587747409505,0.0,0.0,0.2834,optimal
2021-02-08 13:00:00,57,91,2.2857142857142856,0.0,0.0,0.1034,optimal
2021-02-08 13:30:00,57,91,2.2857142857142856,0.0,0.0,0.1515,optimal
2021-02-08 14:00:00,57,91,2.2857142857142856,0.0,0.0,0.10183333333333332,optimal
2021-02-08 14:30:00,57,91,2.2857142857142856,0.0,0.0,0.19023333333333328,optimal
2021-02-08 15:00:00,57,91,2.2857142857142856,0.0,0.0,0.2428333333333333,optimal
2021-02-08 15:30:00,57,91,2.2857142857142856,0.0,0.0,0.14966666666666667,optimal
2021-02-08 16:00:00,57,91,0.0,0.0,0.0,0.1611,optimal
2021-02-08 16:30:00,57,91,0.0,0.0,0.0,0.2652,optimal
2021-02-08 17:00:00,57,91,0.0,0.0,0.0,0.4182666666666667,optimal
2021-02-08 17:30:00,57,91,0.0,0.0,0.0,0.22663333333333333,optimal
2021-02-08 18:00:00,57,91,0.0,0.0,0.0,0.07,optimal
2021-02-08 18:30:00,57,91,0.0,0.0,0.0,0.17866666666666667,optimal
2021-02-08 19:00:00,57,91,0.0,0.0,0.0,0.07,optimal
2021-02-08 19:30:00,57,91,0.0,0.0,0.0,0.1189,optimal
2021-02-08 20:00:00,57,91,1.206291493188379,0.0,0.0,0.12976666666666667,optimal
2021-02-08 20:30:00,57,91,0.0,0.0,0.0,0.07,optimal
2021-02-08 21:00:00,57,91,0.0,0.0,0.0,0.07,optimal
2021-02-08 21:30:00,57,91,0.0,0.0,0.0,0.17866666666666667,optimal
2021-02-08 22:00:00,57,91,0.5374285714285714,0.0,0.0,0.18513333333333332,optimal
2021-02-08 22:30:00,57,91,0.0,0.0,0.0,0.2297333333333333,optimal
2021-02-08 23:00:00,57,91,0.0,0.0,0.0,0.17866666666666667,optimal
2021-02-08 23:30:00,57,91,0.0,0.0,0.0,0.07,optimal
2021-02-09 00:00:00,57,91,0.0,0.0,0.0,0.17373333333333332,optimal
2021-02-09 00:30:00,57,91,2.2857142857142856,0.0,0.0,0.17193333333333333,optimal
2021-02-09 01:00:00,57,91,0.0,0.0,0.0,0.08979999999999999,optimal
2021-02-09 01:30:00,57,91,0.0,0.0,0.0,0.26589999999999997,optimal
2021-02-09 02:00:00,57,91,0.8741010583993986,0.0,0.0,0.10890000000000001,optimal
2021-02-09 02:30:00,57,91,2.2857142857142856,0.0,0.0,0.06,optimal
2021-02-09 03:00:00,57,91,2.2857142857142856,0.0,0.0,0.3006666666666667,optimal
2021-02-09 03:30:00,57,91,2.2857142857142856,0.0,0.0,0.07413333333333334,optimal
2021-02-09 04:00:00,57,91,2.2857142857142856,0.0,0.0,0.16369999999999998,optimal
2021-02-09 04:30:00,57,91,2.2857142857142856,0.0,0.0,0.07496666666666667,optimal
2021-02-09 05:00:00,57,91,2.2857142857142856,0.0,0.0,0.3002333333333333,optimal
2021-02-09 05:30:00,57,91,2.2857142857142856,0.0,0.0,0.07423333333333333,optimal
2021-02-09 06:00:00,57,91,2.2857142857142856,0.0,0.0,0.6296,optimal
2021-02-09 06:30:00,57,91,2.2857142857142856,0.0,8.104610234617644,0.3091333333333333,optimal
2021-02-09 07:00:00,57,91,2.2857142857142856,0.0,0.0,1.9590333333333334,optimal
2021-02-09 07:30:00,57,91,2.2857142857142856,0.0,0.0,0.25803333333333334,optimal
2021-02-09 08:00:00,57,91,1.3239814146963,0.0,0.0,0.15009999999999998,optimal
2021-02-09 08:30:00,57,91,1.175648727423426,0.0,0.0,0.29453333333333337,optimal
2021-02-09 09:00:00,57,91,0.9792513535350991,0.0,0.0,0.2919,optimal
2021-02-09 09:30:00,57,91,1.028595502798854,0.0,0.0,0.07606666666666666,optimal
2021-02-09 10:00:00,57,91,0.6989904768938774,0.0,0.0,0.31139999999999995,optimal
2021-02-09 10:30:00,57,91,0.6388683790580946,0.0,0.0,2.570733333333333,optimal
2021-02-09 11:00:00,57,91,0.20525966146895142,0.0,0.0,2.2385333333333333,optimal
2021-02-09 11:30:00,57,91,0.4641220990446424,0.0,0.0,0.37460000000000004,optimal
2021-02-09 12:00:00,57,91,0.4494401517324371,0.0,0.0,0.23626666666666668,optimal
2021-02-09 12:30:00,57,91,0.44038152368055106,0.0,0.0,0.3402333333333333,optimal
2021-02-09 13:00:00,57,91,0.44139090124683317,0.0,0.0,0.14816666666666667,optimal
2021-02-09 13:30:00,57,91,1.9719030734463818,0.0,0.0,0.19806666666666664,optimal
2021-02-09 14:00:00,57,91,2.2857142857142856,0.0,0.0,2.2609333333333335,optimal
2021-02-09 14:30:00,57,91,2.2857142857142856,0.0,0.0,2.5786666666666664,optimal
2021-02-09 15:00:00,57,91,2.2857142857142856,0.0,0.0,0.22513333333333332,optimal
2021-02-09 15:30:00,57,91,2.2857142857142856,0.0,0.0,0.4978,optimal
2021-02-09 16:00:00,57,91,0.0,0.0,0.0,0.8683333333333334,optimal
2021-02-09 16:30:00,57,91,0.0,0.0,0.0,1.6648,optimal
2021-02-09 17:00:00,57,91,0.0,0.0,0.0,1.8853333333333333,optimal
2021-02-09 17:30:00,57,91,0.0,0.0,0.0,0.6410666666666667,optimal
2021-02-09 18:00:00,57,91,0.0,0.0,0.0,0.43119999999999997,optimal
2021-02-09 18:30:00,57,91,0.0,0.0,0.0,2.2094333333333336,optimal
2021-02-09 19:00:00,57,91,0.0,0.0,0.0,3.4204333333333334,optimal
2021-02-09 19:30:00,57,91,0.0,0.0,0.0,1.209,optimal
2021-02-09 20:00:00,57,91,0.0,0.0,0.0,2.647766666666667,optimal
2021-02-09 20:30:00,57,91,0.0,0.0,0.0,2.5359000000000003,optimal
2021-02-09 21:00:00,57,91,0.0,0.0,0.0,1.7086333333333334,optimal
2021-02-09 21:30:00,57,91,0.0,0.0,0.0,1.173733333333333,optimal
2021-02-09 22:00:00,57,91,0.0,0.0,0.0,0.36469999999999997,optimal
2021-02-09 22:30:00,57,91,0.0,0.0,0.0,0.5410333333333333,optimal
2021-02-09 23:00:00,57,91,0.0,0.0,0.0,0.5112666666666666,optimal
2021-02-09 23:30:00,57,91,0.0,0.0,0.0,0.13706666666666667,optimal
2021-02-10 00:00:00,57,91,0.05971428571428571,0.0,0.0,0.06606666666666666,optimal
2021-02-10 00:30:00,57,91,0.7961904761904761,0.0,0.0,0.061,optimal
2021-02-10 01:00:00,57,91,0.0,0.0,0.0,0.11966666666666669,optimal
2021-02-10 01:30:00,57,91,0.0,0.0,0.0,0.13140000000000002,optimal
2021-02-10 02:00:00,57,91,0.23791634166670209,0.0,0.0,0.061,optimal
2021-02-10 02:30:00,57,91,2.2857142857142856,0.0,0.0,0.19006666666666663,optimal
2021-02-10 03:00:00,57,91,2.2857142857142856,0.0,0.0,0.061,optimal
2021-02-10 03:30:00,57,91,2.2857142857142856,0.0,0.0,0.08446666666666666,optimal
2021-02-10 04:00:00,57,91,2.2857142857142856,0.0,0.0,0.1666,optimal
2021-02-10 04:30:00,57,91,2.2857142857142856,0.0,0.0,0.061,optimal
2021-02-10 05:00:00,57,91,2.2857142857142856,0.0,4.761729583642666,0.3594,optimal
2021-02-10 05:30:00,57,91,2.2857142857142856,0.0,10.0,1.8520999999999999,optimal
2021-02-10 06:00:00,57,91,2.2857142857142856,0.0,0.0,0.6576000000000001,optimal
2021-02-10 06:30:00,57,91,2.2857142857142856,0.0,0.0,0.4646666666666667,optimal
2021-02-10 07:00:00,57,91,2.2857142857142856,0.0,0.0,0.5137,optimal
2021-02-10 07:30:00,57,91,2.2857142857142856,0.0,0.0,1.3457666666666668,optimal
2021-02-10 08:00:00,57,91,1.2134318056484332,0.0,0.0,0.3442,optimal
2021-02-10 08:30:00,57,91,1.3753691749988788,0.0,0.0,0.061,optimal
2021-02-10 09:00:00,57,91,1.1914783499375778,0.0,0.0,0.09466666666666669,optimal
2021-02-10 09:30:00,57,91,1.1576252430975533,0.0,0.0,0.16973333333333332,optimal
2021-02-10 10:00:00,57,91,0.9102009903061674,0.0,0.0,0.061,optimal
2021-02-10 10:30:00,57,91,0.8998968744618507,0.0,0.0,0.061,optimal
2021-02-10 11:00:00,57,91,0.6848309479672818,0.0,0.0,0.14313333333333333,optimal
2021-02-10 11:30:00,57,91,0.68801868026155,0.0,0.0,0.10793333333333334,optimal
2021-02-10 12:00:00,57,91,0.4602696843601924,0.0,0.0,0.061,optimal
2021-02-10 12:30:00,57,91,0.42339349388399794,0.0,0.0,0.19006666666666663,optimal
2021-02-10 13:00:00,57,91,2.2857142857142856,0.0,0.0,0.061,optimal
2021-02-10 13:30:00,57,91,2.2857142857142856,0.0,0.0,0.06666666666666667,optimal
2021-02-10 14:00:00,57,91,2.2857142857142856,0.0,0.0,0.159,optimal
2021-02-10 14:30:00,57,91,2.2857142857142856,0.0,0.0,0.10806666666666666,optimal
2021-02-10 15:00:00,57,91,2.2857142857142856,0.0,0.0,0.10859999999999999,optimal
2021-02-10 15:30:00,57,91,2.2857142857142856,0.0,0.0,0.15313333333333332,optimal
2021-02-10 16:00:00,57,91,0.0,0.0,0.0,0.08273333333333334,optimal
2021-02-10 16:30:00,57,91,0.0,0.0,0.0,0.2673333333333333,optimal
2021-02-10 17:00:00,57,91,0.0,0.0,0.0,0.48360000000000003,optimal
2021-02-10 17:30:00,57,91,0.0,0.0,0.0,0.26326666666666665,optimal
2021-02-10 18:00:00,57,91,0.0,0.0,0.0,0.3506,optimal
2021-02-10 18:30:00,57,91,0.0,0.0,0.0,0.26839999999999997,optimal
2021-02-10 19:00:00,57,91,0.0,0.0,0.0,0.19186666666666669,optimal
2021-02-10 19:30:00,57,91,0.9401330363535211,0.0,0.0,0.27526666666666666,optimal
2021-02-10 20:00:00,57,91,1.178875492316789,0.0,0.0,0.4939666666666666,optimal
2021-02-10 20:30:00,57,91,0.0,0.0,0.0,1.1730333333333334,optimal
2021-02-10 21:00:00,57,91,0.0,0.0,0.0,1.7729333333333335,optimal
2021-02-10 21:30:00,57,91,0.0,0.0,0.0,0.38716666666666666,optimal
2021-02-10 22:00:00,57,91,0.4976190476190476,0.0,0.0,0.3167333333333333,optimal
2021-02-10 22:30:00,57,91,0.0,0.0,0.0,0.19593333333333332,optimal
2021-02-10 23:00:00,57,91,0.0,0.0,0.0,0.071,optimal
2021-02-10 23:30:00,57,91,0.0,0.0,0.0,0.155,optimal
2021-02-11 00:00:00,57,91,0.0,0.0,0.0,0.3713666666666667,optimal
2021-02-11 00:30:00,57,91,0.3383809523809523,0.0,0.0,0.45676666666666665,optimal
2021-02-11 01:00:00,57,91,1.0991454340664482,0.0,0.0,0.4072,optimal
2021-02-11 01:30:00,57,91,2.2857142857142856,0.0,0.0,0.061,optimal
2021-02-11 02:00:00,57,91,2.2857142857142856,0.0,0.0,0.18893333333333331,optimal
2021-02-11 02:30:00,57,91,2.2857142857142856,0.0,0.0,0.08120000000000001,optimal
2021-02-11 03:00:00,57,91,2.2857142857142856,0.0,0.0,0.061,optimal
2021-02-11 03:30:00,57,91,2.2857142857142856,0.0,0.0,0.08793333333333334,optimal
2021-02-11 04:00:00,57,91,2.2857142857142856,0.0,0.0,0.1822,optimal
2021-02-11 04:30:00,57,91,2.2857142857142856,0.0,0.0,0.061,optimal
2021-02-11 05:00:00,57,91,2.2857142857142856,0.0,0.0,0.08120000000000001,optimal
2021-02-11 05:30:00,57,91,2.2857142857142856,0.0,0.0,0.18893333333333331,optimal
2021-02-11 06:00:00,57,91,2.2857142857142856,0.0,7.463207633258714,0.061,optimal
2021-02-11 06:30:00,57,91,2.2857142857142856,0.0,10.0,0.1,optimal
2021-02-11 07:00:00,57,91,2.2857142857142856,0.0,10.0,0.1811333333333333,optimal
2021-02-11 07:30:00,57,91,2.2857142857142856,0.0,0.0,0.30606666666666665,optimal
2021-02-11 08:00:00,57,91,1.2936308608447213,0.0,0.0,0.3147333333333333,optimal
2021-02-11 08:30:00,57,91,1.2570206909747599,0.0,0.0,0.393,optimal
2021-02-11 09:00:00,57,91,1.0788894459510177,0.0,0.0,0.24459999999999998,optimal
2021-02-11 09:30:00,57,91,1.205848933568279,0.0,0.0,0.19766666666666663,optimal
2021-02-11 10:00:00,57,91,0.8241726830155442,0.0,0.0,0.06566666666666666,optimal
2021-02-11 10:30:00,57,91,0.8615415273451891,0.0,0.0,0.0798,optimal
2021-02-11 11:00:00,57,91,0.6254728419620295,0.0,0.0,0.196,optimal
2021-02-11 11:30:00,57,91,0.6124284532166431,0.0,0.0,0.061,optimal
2021-02-11 12:00:00,57,91,0.3317106083650826,0.0,0.0,0.20913333333333334,optimal
2021-02-11 12:30:00,57,91,0.3293832492301961,0.0,0.0,0.061,optimal
2021-02-11 13:00:00,57,91,2.2857142857142856,0.0,0.0,0.1418,optimal
2021-02-11 13:30:00,57,91,2.2857142857142856,0.0,0.0,0.12833333333333335,optimal
2021-02-11 14:00:00,57,91,2.2857142857142856,0.0,0.0,0.1906,optimal
2021-02-11 14:30:00,57,91,2.2857142857142856,0.0,0.0,0.31893333333333335,optimal
2021-02-11 15:00:00,57,91,2.2857142857142856,0.0,0.0,0.061,optimal
2021-02-11 15:30:00,57,91,2.2857142857142856,0.0,0.0,0.13506666666666667,optimal
2021-02-11 16:00:00,57,91,0.0,0.0,0.0,0.13806666666666667,optimal
2021-02-11 16:30:00,57,91,0.0,0.0,0.0,0.115,optimal
2021-02-11 17:00:00,57,91,0.0,0.0,0.0,1.0321666666666667,optimal
2021-02-11 17:30:00,57,91,0.0,0.0,0.0,1.7735999999999998,optimal
2021-02-11 18:00:00,57,91,0.0,0.0,0.0,0.7601,optimal
2021-02-11 18:30:00,57,91,0.0,0.0,0.0,1.8269000000000002,optimal
2021-02-11 19:00:00,57,91,0.0,0.0,0.0,3.4966666666666666,optimal
2021-02-11 19:30:00,57,91,0.0,0.0,0.0,4.122,optimal
2021-02-11 20:00:00,57,91,0.7373663240131793,0.0,0.0,2.4766999999999997,optimal
2021-02-11 20:30:00,57,91,0.0,0.0,0.0,0.1216,optimal
2021-02-11 21:00:00,57,91,0.0,0.0,0.0,0.14853333333333332,optimal
2021-02-11 21:30:00,57,91,0.0,0.0,0.0,0.061,optimal
2021-02-11 22:00:00,57,91,0.0,0.0,0.0,0.1418,optimal
2021-02-11 22:30:00,57,91,0.0,0.0,0.0,0.12833333333333335,optimal
2021-02-11 23:00:00,57,91,0.0,0.0,0.0,0.061,optimal
2021-02-11 23:30:00,57,91,0.0,0.0,0.0,0.33366666666666667,optimal
2021-02-12 00:00:00,57,91,1.6508704235540317,0.0,0.0,0.059,optimal
2021-02-12 00:30:00,57,91,2.2857142857142856,0.0,0.0,0.06420000000000001,optimal
2021-02-12 01:00:00,57,91,2.2857142857142856,0.0,0.0,0.1784,optimal
2021-02-12 01:30:00,57,91,2.2857142857142856,0.0,0.0,0.11,optimal
2021-02-12 02:00:00,57,91,2.2857142857142856,0.0,0.0,0.1474,optimal
2021-02-12 02:30:00,57,91,2.2857142857142856,0.0,0.0,0.1462,optimal
2021-02-12 03:00:00,57,91,2.2857142857142856,0.0,0.0,0.1006,optimal
2021-02-12 03:30:00,57,91,2.2857142857142856,0.0,0.0,0.18619999999999998,optimal
2021-02-12 04:00:00,57,91,2.2857142857142856,0.0,0.0,0.07246666666666667,optimal
2021-02-12 04:30:00,57,91,2.2857142857142856,0.0,0.0,0.13019999999999998,optimal
2021-02-12 05:00:00,57,91,2.2857142857142856,0.0,0.0,0.069,optimal
2021-02-12 05:30:00,57,91,2.2857142857142856,0.0,0.0,0.1522,optimal
2021-02-12 06:00:00,57,91,2.2857142857142856,0.0,0.0,0.2912666666666667,optimal
2021-02-12 06:30:00,57,91,2.2857142857142856,0.0,0.0,0.072,optimal
2021-02-12 07:00:00,57,91,2.2857142857142856,0.0,6.459589728687712,0.431,optimal
2021-02-12 07:30:00,57,91,2.2857142857142856,0.0,0.0,1.3809666666666667,optimal
2021-02-12 08:00:00,57,91,1.8480047399802186,0.0,0.0,4.0899,optimal
2021-02-12 08:30:00,57,91,1.2756216563440541,0.0,0.0,2.757833333333333,optimal
2021-02-12 09:00:00,57,91,1.0238865875947083,0.0,0.0,1.5809333333333333,optimal
2021-02-12 09:30:00,57,91,1.1243747933066346,0.0,0.0,0.41606666666666664,optimal
2021-02-12 10:00:00,57,91,0.6194357474340577,0.0,0.0,0.6597000000000001,optimal
2021-02-12 10:30:00,57,91,0.6332666766111268,0.0,0.0,0.38,optimal
2021-02-12 11:00:00,57,91,0.357359708327129,0.0,0.0,0.4435,optimal
2021-02-12 11:30:00,57,91,0.2752869078075931,0.0,0.0,0.5093333333333333,optimal
2021-02-12 12:00:00,57,91,0.2196087323745209,0.0,0.0,0.34413333333333335,optimal
2021-02-12 12:30:00,57,91,0.2123454556645223,0.0,0.0,0.33323333333333327,optimal
2021-02-12 13:00:00,57,91,1.801995065811807,0.0,0.0,0.3374,optimal
2021-02-12 13:30:00,57,91,2.2857142857142856,0.0,0.0,0.33876666666666666,optimal
2021-02-12 14:00:00,57,91,2.2857142857142856,0.0,0.0,0.4503666666666667,optimal
2021-02-12 14:30:00,57,91,2.2857142857142856,0.0,0.0,0.5064666666666666,optimal
2021-02-12 15:00:00,57,91,2.2857142857142856,0.0,0.0,0.35406666666666664,optimal
2021-02-12 15:30:00,57,91,2.2857142857142856,0.0,0.0,0.45180000000000003,optimal
2021-02-12 16:00:00,57,91,0.0,0.0,0.0,3.322333333333333,optimal
2021-02-12 16:30:00,57,91,0.0,0.0,0.0,3.1657333333333333,optimal
2021-02-12 17:00:00,57,91,0.0,0.0,0.0,0.3128333333333333,optimal
2021-02-12 17:30:00,57,91,0.0,0.0,0.0,0.13019999999999998,optimal
2021-02-12 18:00:00,57,91,0.0,0.0,0.0,0.13140000000000002,optimal
2021-02-12 18:30:00,57,91,0.0,0.0,0.0,0.2542,optimal
2021-02-12 19:00:00,57,91,0.0,0.0,0.0,0.13346666666666668,optimal
2021-02-12 19:30:00,57,91,0.0,0.0,0.0,0.9616666666666667,optimal
2021-02-12 20:00:00,57,91,0.0,0.0,0.0,1.1441333333333334,optimal
2021-02-12 20:30:00,57,91,0.0,0.0,0.0,1.8821666666666668,optimal
2021-02-12 21:00:00,57,91,0.0,0.0,0.0,0.38853333333333334,optimal
2021-02-12 21:30:00,57,91,0.0,0.0,0.0,0.34713333333333335,optimal
2021-02-12 22:00:00,57,91,0.0796190476190476,0.0,0.0,0.4497333333333334,optimal
2021-02-12 22:30:00,57,91,0.0,0.0,0.0,0.5309666666666667,optimal
2021-02-12 23:00:00,57,91,0.0,0.0,0.0,0.13019999999999998,optimal
2021-02-12 23:30:00,57,91,0.0,0.0,0.0,0.11413333333333334,optimal
2021-02-13 00:00:00,57,91,0.0,0.0,0.0,0.15193333333333334,optimal
2021-02-13 00:30:00,57,91,0.21895238095238095,0.0,0.0,0.07246666666666667,optimal
2021-02-13 01:00:00,57,91,0.0,0.0,0.0,0.23063333333333333,optimal
2021-02-13 01:30:00,57,91,0.07026645861272146,0.0,0.0,0.10596666666666668,optimal
2021-02-13 02:00:00,57,91,2.2857142857142856,0.0,0.0,0.19713333333333333,optimal
2021-02-13 02:30:00,57,91,2.2857142857142856,0.0,0.0,0.15193333333333334,optimal
2021-02-13 03:00:00,57,91,2.2857142857142856,0.0,0.0,0.1535,optimal
2021-02-13 03:30:00,57,91,2.2857142857142856,0.0,0.0,0.10363333333333334,optimal
2021-02-13 04:00:00,57,91,2.2857142857142856,0.0,0.0,0.15193333333333334,optimal
2021-02-13 04:30:00,57,91,2.2857142857142856,0.0,0.0,0.19090000000000001,optimal
2021-02-13 05:00:00,57,91,2.2857142857142856,0.0,0.0,0.06623333333333334,optimal
2021-02-13 05:30:00,57,91,2.2857142857142856,0.0,0.0,0.2205,optimal
2021-02-13 06:00:00,57,91,2.2857142857142856,0.0,0.0,0.12856666666666666,optimal
2021-02-13 06:30:00,57,91,2.2857142857142856,0.0,2.6492807965471337,0.06,optimal
2021-02-13 07:00:00,57,91,2.2857142857142856,0.0,10.0,0.19713333333333333,optimal
2021-02-13 07:30:00,57,91,2.2857142857142856,0.0,0.0,0.06756666666666666,optimal
2021-02-13 08:00:00,57,91,1.3083913806701486,0.0,0.0,0.26953333333333335,optimal
2021-02-13 08:30:00,57,91,1.397046199198252,0.0,0.0,0.17843333333333333,optimal
2021-02-13 09:00:00,57,91,1.2505684951788014,0.0,0.0,0.15193333333333334,optimal
2021-02-13 09:30:00,57,91,1.2204806830573265,0.0,0.0,0.1988,optimal
2021-02-13 10:00:00,57,91,0.9681238466308804,0.0,0.0,0.06766666666666667,optimal
2021-02-13 10:30:00,57,91,0.9297558080160976,0.0,0.0,0.1804333333333333,optimal
2021-02-13 11:00:00,57,91,0.6439493909729352,0.0,0.0,0.17843333333333333,optimal
2021-02-13 11:30:00,57,91,0.6690099237867281,0.0,0.0,0.0787,optimal
2021-02-13 12:00:00,57,91,0.5219285422849151,0.0,0.0,0.16026666666666667,optimal
2021-02-13 12:30:00,57,91,0.5039257983887032,0.0,0.0,0.19190000000000002,optimal
2021-02-13 13:00:00,57,91,2.2857142857142856,0.0,0.0,0.06623333333333334,optimal
2021-02-13 13:30:00,57,91,2.2857142857142856,0.0,0.0,0.20803333333333332,optimal
2021-02-13 14:00:00,57,91,2.2857142857142856,0.0,0.0,0.1437,optimal
2021-02-13 14:30:00,57,91,2.2857142857142856,0.0,0.0,0.11563333333333334,optimal
2021-02-13 15:00:00,57,91,2.2857142857142856,0.0,0.0,0.19946666666666668,optimal
2021-02-13 15:30:00,57,91,2.2857142857142856,0.0,0.0,0.10363333333333334,optimal
2021-02-13 16:00:00,57,91,0.0,0.0,0.0,0.15793333333333334,optimal
2021-02-13 16:30:00,57,91,0.0,0.0,0.0,0.20213333333333333,optimal
2021-02-13 17:00:00,57,91,0.0,0.0,0.0,0.06,optimal
2021-02-13 17:30:00,57,91,0.0,0.0,0.0,0.06,optimal
2021-02-13 18:00:00,57,91,0.0,0.0,0.0,3.5660666666666665,optimal
2021-02-13 18:30:00,57,91,0.0,0.0,0.0,1.5565333333333333,optimal
2021-02-13 19:00:00,57,91,0.0,0.0,0.0,0.5849666666666667,optimal
2021-02-13 19:30:00,57,91,0.08086434014830197,0.0,0.0,2.004033333333333,optimal
2021-02-13 20:00:00,57,91,1.221772022532912,0.0,0.0,1.8971333333333327,optimal
2021-02-13 20:30:00,57,91,0.0,0.0,0.0,3.1088666666666667,optimal
2021-02-13 21:00:00,57,91,0.0,0.0,0.0,1.6825999999999999,optimal
2021-02-13 21:30:00,57,91,0.0,0.0,0.0,2.1121,optimal
2021-02-13 22:00:00,57,91,0.11942857142857141,0.0,0.0,1.4394333333333333,optimal
2021-02-13 22:30:00,57,91,0.0,0.0,0.0,2.770966666666667,optimal
2021-02-13 23:00:00,57,91,0.0,0.0,0.0,1.7743,optimal
2021-02-13 23:30:00,57,91,0.0,0.0,0.0,0.3254666666666666,optimal
2021-02-07 00:00:00,58,91,0.0,0.0,0.0,0.061,optimal
2021-02-07 00:30:00,58,91,0.0,0.0,0.0,0.1961,optimal
2021-02-07 01:00:00,58,91,0.0,0.0,0.0,0.17323333333333332,optimal
2021-02-07 01:30:00,58,91,0.0,0.0,0.0,0.08766666666666667,optimal
2021-02-07 02:00:00,58,91,0.0,0.0,0.0,0.2112,optimal
2021-02-07 02:30:00,58,91,0.0,0.0,0.0,0.13146666666666668,optimal
2021-02-07 03:00:00,58,91,0.0,0.0,0.0,0.19433333333333327,optimal
2021-02-07 03:30:00,58,91,0.0,0.0,0.0,0.16996666666666665,optimal
2021-02-07 04:00:00,58,91,2.2857142857142856,0.0,0.0,0.07936666666666665,optimal
2021-02-07 04:30:00,58,91,2.2857142857142856,0.0,0.0,0.2346,optimal
2021-02-07 05:00:00,58,91,2.2857142857142856,0.0,0.0,0.12140000000000001,optimal
2021-02-07 05:30:00,58,91,2.2857142857142856,0.0,0.0,0.15433333333333335,optimal
2021-02-07 06:00:00,58,91,2.2857142857142856,0.0,0.0,0.20996666666666666,optimal
2021-02-07 06:30:00,58,91,2.2857142857142856,0.0,0.0,0.09936666666666666,optimal
2021-02-07 07:00:00,58,91,2.2857142857142856,0.0,2.0120072799789424,0.19543333333333332,optimal
2021-02-07 07:30:00,58,91,0.0,0.0,0.0,0.1559,optimal
2021-02-07 08:00:00,58,91,0.0,0.0,0.0,1.2772666666666668,optimal
2021-02-07 08:30:00,58,91,0.0,0.0,0.0,1.9110666666666665,optimal
2021-02-07 09:00:00,58,91,0.0,0.0,0.0,1.5552000000000001,optimal
2021-02-07 09:30:00,58,91,0.31543519554553195,0.0,0.0,0.159,optimal
2021-02-07 10:00:00,58,91,1.029186442007562,0.0,0.0,0.16166666666666665,optimal
2021-02-07 10:30:00,58,91,1.0229129954275713,0.0,0.0,0.21366666666666662,optimal
2021-02-07 11:00:00,58,91,0.904992589722018,0.0,0.0,0.15656666666666666,optimal
2021-02-07 11:30:00,58,91,0.8870306849601249,0.0,0.0,0.2194333333333333,optimal
2021-02-07 12:00:00,58,91,0.8280102228151159,0.0,0.0,0.07833333333333332,optimal
2021-02-07 12:30:00,58,91,0.8030578418627373,0.0,0.0,0.16166666666666665,optimal
2021-02-07 13:00:00,58,91,2.2857142857142856,0.0,0.0,0.061,optimal
2021-02-07 13:30:00,58,91,2.2857142857142856,0.0,0.0,0.067,optimal
2021-02-07 14:00:00,58,91,2.2857142857142856,0.0,0.0,0.2629666666666666,optimal
2021-02-07 14:30:00,58,91,2.2857142857142856,0.0,0.0,0.17136666666666667,optimal
2021-02-07 15:00:00,58,91,2.2857142857142856,0.0,0.0,1.9049333333333327,optimal
2021-02-07 15:30:00,58,91,2.2857142857142856,0.0,0.0,0.6726333333333333,optimal
2021-02-07 16:00:00,58,91,0.0,0.0,0.0,0.23253333333333334,optimal
2021-02-07 16:30:00,58,91,0.0,0.0,0.0,1.586266666666667,optimal
2021-02-07 17:00:00,58,91,0.0,0.0,0.0,0.3733333333333333,optimal
2021-02-07 17:30:00,58,91,0.0,0.0,0.0,0.14433333333333334,optimal
2021-02-07 18:00:00,58,91,0.0,0.0,0.0,0.14433333333333334,optimal
2021-02-07 18:30:00,58,91,0.0,0.0,0.0,0.17166666666666666,optimal
2021-02-07 19:00:00,58,91,0.0,0.0,0.0,0.09766666666666668,optimal
2021-02-07 19:30:00,58,91,0.0,0.0,0.0,0.27153333333333335,optimal
2021-02-07 20:00:00,58,91,0.8467171179967009,0.0,0.0,0.09113333333333334,optimal
2021-02-07 20:30:00,58,91,0.0,0.0,0.0,0.111,optimal
2021-02-07 21:00:00,58,91,0.0,0.0,0.0,0.228,optimal
2021-02-07 21:30:00,58,91,0.0,0.0,0.0,0.12133333333333332,optimal
2021-02-07 22:00:00,58,91,0.0,0.0,0.0,0.24786666666666668,optimal
2021-02-07 22:30:00,58,91,0.0,0.0,0.0,0.14146666666666666,optimal
2021-02-07 23:00:00,58,91,0.0,0.0,0.0,0.07603333333333333,optimal
2021-02-07 23:30:00,58,91,0.0,0.0,0.0,0.2529666666666667,optimal
2021-02-08 00:00:00,58,91,0.0,0.0,0.0,0.09156666666666666,optimal
2021-02-08 00:30:00,58,91,0.0,0.0,0.0,0.16543333333333335,optimal
2021-02-08 01:00:00,58,91,0.0,0.0,0.0,0.14246666666666666,optimal
2021-02-08 01:30:00,58,91,0.0,0.0,0.0,0.15403333333333333,optimal
2021-02-08 02:00:00,58,91,0.3350725251255253,0.0,0.0,0.1844333333333333,optimal
2021-02-08 02:30:00,58,91,2.2857142857142856,0.0,0.0,0.061,optimal
2021-02-08 03:00:00,58,91,2.2857142857142856,0.0,0.0,0.14586666666666667,optimal
2021-02-08 03:30:00,58,91,2.2857142857142856,0.0,0.0,0.21006666666666662,optimal
2021-02-08 04:00:00,58,91,2.2857142857142856,0.0,0.0,0.12213333333333334,optimal
2021-02-08 04:30:00,58,91,2.2857142857142856,0.0,0.0,0.15043333333333334,optimal
2021-02-08 05:00:00,58,91,2.2857142857142856,0.0,0.0,0.18803333333333333,optimal
2021-02-08 05:30:00,58,91,2.2857142857142856,0.0,0.0,0.061,optimal
2021-02-08 06:00:00,58,91,2.2857142857142856,0.0,0.0,0.10903333333333332,optimal
2021-02-08 06:30:00,58,91,2.2857142857142856,0.0,4.0754320357735345,0.2324333333333333,optimal
2021-02-08 07:00:00,58,91,2.2857142857142856,0.0,10.0,0.12376666666666668,optimal
2021-02-08 07:30:00,58,91,2.2857142857142856,0.0,0.0,0.2088333333333333,optimal
2021-02-08 08:00:00,58,91,1.1778233862970808,0.0,0.0,0.2518,optimal
2021-02-08 08:30:00,58,91,1.2866642254313696,0.0,0.0,0.1396,optimal
2021-02-08 09:00:00,58,91,1.1443044043585298,0.0,0.0,0.1738,optimal
2021-02-08 09:30:00,58,91,1.1590669551808745,0.0,0.0,0.08906666666666667,optimal
2021-02-08 10:00:00,58,91,0.9355814152568983,0.0,0.0,0.06666666666666667,optimal
2021-02-08 10:30:00,58,91,0.9108950549107296,0.0,0.0,0.18346666666666667,optimal
2021-02-08 11:00:00,58,91,0.669940990388813,0.0,0.0,0.155,optimal
2021-02-08 11:30:00,58,91,0.6899287226830627,0.0,0.0,0.061,optimal
2021-02-08 12:00:00,58,91,0.5627833101524354,0.0,0.0,0.19886666666666666,optimal
2021-02-08 12:30:00,58,91,0.588434965217138,0.0,0.0,0.061,optimal
2021-02-08 13:00:00,58,91,1.09876660421279,0.0,0.0,0.232,optimal
2021-02-08 13:30:00,58,91,2.2857142857142856,0.0,0.0,0.291,optimal
2021-02-08 14:00:00,58,91,2.2857142857142856,0.0,0.0,0.6544,optimal
2021-02-08 14:30:00,58,91,2.2857142857142856,0.0,0.0,1.3177333333333332,optimal
2021-02-08 15:00:00,58,91,2.2857142857142856,0.0,0.0,0.06733333333333333,optimal
2021-02-08 15:30:00,58,91,2.2857142857142856,0.0,0.0,0.1268,optimal
2021-02-08 16:00:00,58,91,0.0,0.0,0.0,1.2891333333333335,optimal
2021-02-08 16:30:00,58,91,0.0,0.0,0.0,0.8623999999999999,optimal
2021-02-08 17:00:00,58,91,0.0,0.0,0.0,0.5448666666666667,optimal
2021-02-08 17:30:00,58,91,0.0,0.0,0.0,0.6234333333333333,optimal
2021-02-08 18:00:00,58,91,0.0,0.0,0.0,1.5032,optimal
2021-02-08 18:30:00,58,91,0.0,0.0,0.0,0.4762,optimal
2021-02-08 19:00:00,58,91,0.0,0.0,0.0,0.2946666666666667,optimal
2021-02-08 19:30:00,58,91,0.0,0.0,0.0,0.43810000000000004,optimal
2021-02-08 20:00:00,58,91,0.0,0.0,0.0,0.5989,optimal
2021-02-08 20:30:00,58,91,0.0,0.0,0.0,0.26526666666666665,optimal
2021-02-08 21:00:00,58,91,0.0,0.0,0.0,0.34536666666666666,optimal
2021-02-08 21:30:00,58,91,0.0,0.0,0.0,0.2821666666666667,optimal
2021-02-08 22:00:00,58,91,0.0,0.0,0.0,0.37803333333333333,optimal
2021-02-08 22:30:00,58,91,0.0,0.0,0.0,0.45816666666666667,optimal
2021-02-08 23:00:00,58,91,0.0,0.0,0.0,0.071,optimal
2021-02-08 23:30:00,58,91,0.0,0.0,0.0,0.13993333333333333,optimal
2021-02-09 00:00:00,58,91,0.0,0.0,0.0,0.1945,optimal
2021-02-09 00:30:00,58,91,0.0,0.0,0.0,0.06943333333333333,optimal
2021-02-09 01:00:00,58,91,0.0,0.0,0.0,0.16540000000000002,optimal
2021-02-09 01:30:00,58,91,0.0,0.0,0.0,0.14593333333333333,optimal
2021-02-09 02:00:00,58,91,0.386432390655489,0.0,0.0,0.11059999999999999,optimal
2021-02-09 02:30:00,58,91,2.2857142857142856,0.0,0.0,0.18159999999999998,optimal
2021-02-09 03:00:00,58,91,2.2857142857142856,0.0,0.0,0.12819999999999998,optimal
2021-02-09 03:30:00,58,91,2.2857142857142856,0.0,0.0,0.2039333333333333,optimal
2021-02-09 04:00:00,58,91,2.2857142857142856,0.0,0.0,0.153,optimal
2021-02-09 04:30:00,58,91,2.2857142857142856,0.0,0.0,0.16973333333333332,optimal
2021-02-09 05:00:00,58,91,2.2857142857142856,0.0,0.0,0.15319999999999998,optimal
2021-02-09 05:30:00,58,91,2.2857142857142856,0.0,0.0,0.11746666666666668,optimal
2021-02-09 06:00:00,58,91,2.2857142857142856,0.0,0.0,0.28826666666666667,optimal
2021-02-09 06:30:00,58,91,2.2857142857142856,0.0,2.0317256478241132,0.06,optimal
2021-02-09 07:00:00,58,91,2.2857142857142856,0.0,10.0,0.17013333333333333,optimal
2021-02-09 07:30:00,58,91,2.2857142857142856,0.0,0.0,0.10546666666666668,optimal
2021-02-09 08:00:00,58,91,1.1604404623153517,0.0,0.0,1.2034,optimal
2021-02-09 08:30:00,58,91,1.0863820607567467,0.0,0.0,1.3539,optimal
2021-02-09 09:00:00,58,91,0.8295656392493859,0.0,0.0,0.5306000000000001,optimal
2021-02-09 09:30:00,58,91,0.8678526456559876,0.0,0.0,0.3124666666666666,optimal
2021-02-09 10:00:00,58,91,0.47554285784625555,0.0,0.0,0.8459333333333333,optimal
2021-02-09 10:30:00,58,91,0.5750074266771397,0.0,0.0,0.5640333333333333,optimal
2021-02-09 11:00:00,58,91,0.4144196614689515,0.0,0.0,0.49373333333333336,optimal
2021-02-09 11:30:00,58,91,0.3540801942827496,0.0,0.0,0.7195666666666667,optimal
2021-02-09 12:00:00,58,91,0.3735220564943444,0.0,0.0,0.21530000000000002,optimal
2021-02-09 12:30:00,58,91,0.3123091427281547,0.0,0.0,0.4655666666666667,optimal
2021-02-09 13:00:00,58,91,0.3045204250563624,0.0,0.0,0.5501,optimal
2021-02-09 13:30:00,58,91,1.7715163967934955,0.0,0.0,1.2166666666666668,optimal
2021-02-09 14:00:00,58,91,2.2857142857142856,0.0,0.0,1.1984666666666668,optimal
2021-02-09 14:30:00,58,91,2.2857142857142856,0.0,0.0,0.6894333333333332,optimal
2021-02-09 15:00:00,58,91,2.2857142857142856,0.0,0.0,0.08186666666666666,optimal
2021-02-09 15:30:00,58,91,2.2857142857142856,0.0,0.0,0.25,optimal
2021-02-09 16:00:00,58,91,0.0,0.0,0.0,0.37546666666666656,optimal
2021-02-09 16:30:00,58,91,0.0,0.0,0.0,0.29836666666666667,optimal
2021-02-09 17:00:00,58,91,0.0,0.0,0.0,1.9121666666666668,optimal
2021-02-09 17:30:00,58,91,0.0,0.0,0.0,0.7024333333333332,optimal
2021-02-09 18:00:00,58,91,0.0,0.0,0.0,1.1308,optimal
2021-02-09 18:30:00,58,91,0.0,0.0,0.0,1.2540666666666667,optimal
2021-02-09 19:00:00,58,91,0.0,0.0,0.0,0.38339999999999996,optimal
2021-02-09 19:30:00,58,91,0.0,0.0,0.0,1.5989333333333333,optimal
2021-02-09 20:00:00,58,91,0.0,0.0,0.0,0.9294,optimal
2021-02-09 20:30:00,58,91,0.0,0.0,0.0,0.523,optimal
2021-02-09 21:00:00,58,91,0.0,0.0,0.0,0.49319999999999997,optimal
2021-02-09 21:30:00,58,91,0.0,0.0,0.0,1.2055666666666667,optimal
2021-02-09 22:00:00,58,91,0.0,0.0,0.0,3.0650666666666666,optimal
2021-02-09 22:30:00,58,91,0.0,0.0,0.0,2.501,optimal
2021-02-09 23:00:00,58,91,0.0,0.0,0.0,0.5486333333333333,optimal
2021-02-09 23:30:00,58,91,0.0,0.0,0.0,0.48760000000000003,optimal
2021-02-10 00:00:00,58,91,0.0,0.0,0.0,0.26106666666666667,optimal
2021-02-10 00:30:00,58,91,0.19904761904761903,0.0,0.0,0.0878,optimal
2021-02-10 01:00:00,58,91,0.0,0.0,0.0,0.049,optimal
2021-02-10 01:30:00,58,91,0.0,0.0,0.0,0.2511333333333333,optimal
2021-02-10 02:00:00,58,91,0.6579667461290638,0.0,0.0,0.161,optimal
2021-02-10 02:30:00,58,91,2.2857142857142856,0.0,0.0,0.1186,optimal
2021-02-10 03:00:00,58,91,2.2857142857142856,0.0,0.0,0.203,optimal
2021-02-10 03:30:00,58,91,2.2857142857142856,0.0,0.0,0.14446666666666666,optimal
2021-02-10 04:00:00,58,91,2.2857142857142856,0.0,0.0,0.11366666666666668,optimal
2021-02-10 04:30:00,58,91,2.2857142857142856,0.0,0.0,0.049,optimal
2021-02-10 05:00:00,58,91,2.2857142857142856,0.0,0.0,0.29353333333333337,optimal
2021-02-10 05:30:00,58,91,2.2857142857142856,0.0,0.0,0.1186,optimal
2021-02-10 06:00:00,58,91,2.2857142857142856,0.0,0.0,0.1866,optimal
2021-02-10 06:30:00,58,91,2.2857142857142856,0.0,2.5863600555495143,0.22553333333333334,optimal
2021-02-10 07:00:00,58,91,2.2857142857142856,0.0,10.0,0.057,optimal
2021-02-10 07:30:00,58,91,2.2857142857142856,0.0,0.0,0.12793333333333334,optimal
2021-02-10 08:00:00,58,91,1.195584186600823,0.0,0.0,0.20166666666666663,optimal
2021-02-10 08:30:00,58,91,1.1771644130941135,0.0,0.0,0.9057000000000001,optimal
2021-02-10 09:00:00,58,91,1.017859302318533,0.0,0.0,0.10033333333333332,optimal
2021-02-10 09:30:00,58,91,0.9621490526213489,0.0,0.0,0.2892333333333333,optimal
2021-02-10 10:00:00,58,91,0.6896009903061604,0.0,0.0,0.33493333333333336,optimal
2021-02-10 10:30:00,58,91,0.6677444935094581,0.0,0.0,0.21603333333333333,optimal
2021-02-10 11:00:00,58,91,0.4832976146339379,0.0,0.0,0.188,optimal
2021-02-10 11:30:00,58,91,0.3856758231186838,0.0,0.0,0.34313333333333335,optimal
2021-02-10 12:00:00,58,91,0.24107920816970158,0.0,0.0,0.3425,optimal
2021-02-10 12:30:00,58,91,0.2670125415030481,0.0,0.0,0.4564,optimal
2021-02-10 13:00:00,58,91,2.177251020640078,0.0,0.0,0.30596666666666666,optimal
2021-02-10 13:30:00,58,91,2.285714285714285,0.0,0.0,0.5729333333333333,optimal
2021-02-10 14:00:00,58,91,2.2857142857142856,0.0,0.0,0.4723333333333333,optimal
2021-02-10 14:30:00,58,91,2.2857142857142856,0.0,0.0,0.324,optimal
2021-02-10 15:00:00,58,91,2.2857142857142856,0.0,0.0,0.26866666666666666,optimal
2021-02-10 15:30:00,58,91,2.2857142857142856,0.0,0.0,0.3116666666666667,optimal
2021-02-10 16:00:00,58,91,0.0,0.0,0.0,0.3517333333333333,optimal
2021-02-10 16:30:00,58,91,0.0,0.0,0.0,0.6792333333333334,optimal
2021-02-10 17:00:00,58,91,0.0,0.0,0.0,0.4498666666666667,optimal
2021-02-10 17:30:00,58,91,0.0,0.0,0.0,0.5053666666666666,optimal
2021-02-10 18:00:00,58,91,0.0,0.0,0.0,0.4178,optimal
2021-02-10 18:30:00,58,91,0.0,0.0,0.0,0.6922,optimal
2021-02-10 19:00:00,58,91,0.0,0.0,0.0,0.44053333333333333,optimal
2021-02-10 19:30:00,58,91,0.0,0.0,0.0,0.7099333333333333,optimal
2021-02-10 20:00:00,58,91,0.0,0.0,0.0,0.5824666666666667,optimal
2021-02-10 20:30:00,58,91,0.0,0.0,0.0,0.7819333333333333,optimal
2021-02-10 21:00:00,58,91,0.0,0.0,0.0,0.377,optimal
2021-02-10 21:30:00,58,91,0.0,0.0,0.0,0.39666666666666667,optimal
2021-02-10 22:00:00,58,91,0.0,0.0,0.0,0.27466666666666667,optimal
2021-02-10 22:30:00,58,91,0.0,0.0,0.0,0.11866666666666668,optimal
2021-02-10 23:00:00,58,91,0.0,0.0,0.0,0.14953333333333332,optimal
2021-02-10 23:30:00,58,91,0.0,0.0,0.0,0.27486666666666665,optimal
2021-02-11 00:00:00,58,91,0.0,0.0,0.0,0.06,optimal
2021-02-11 00:30:00,58,91,2.2857142857142856,0.0,0.0,0.09316666666666669,optimal
2021-02-11 01:00:00,58,91,1.7195545413681206,0.0,0.0,0.17516666666666666,optimal
2021-02-11 01:30:00,58,91,2.2857142857142856,0.0,0.0,0.059,optimal
2021-02-11 02:00:00,58,91,2.2857142857142856,0.0,0.0,0.059,optimal
2021-02-11 02:30:00,58,91,2.2857142857142856,0.0,0.0,0.059,optimal
2021-02-11 03:00:00,58,91,2.2857142857142856,0.0,0.0,0.2093333333333333,optimal
2021-02-11 03:30:00,58,91,2.2857142857142856,0.0,0.0,0.059,optimal
2021-02-11 04:00:00,58,91,2.2857142857142856,0.0,0.0,0.059,optimal
2021-02-11 04:30:00,58,91,2.2857142857142856,0.0,0.0,0.141,optimal
2021-02-11 05:00:00,58,91,2.2857142857142856,0.0,0.0,0.12733333333333333,optimal
2021-02-11 05:30:00,58,91,2.2857142857142856,0.0,0.0,0.059,optimal
2021-02-11 06:00:00,58,91,2.2857142857142856,0.0,0.0,0.141,optimal
2021-02-11 06:30:00,58,91,2.2857142857142856,0.0,7.927095476284119,0.12733333333333333,optimal
2021-02-11 07:00:00,58,91,2.2857142857142856,0.0,10.0,0.0755,optimal
2021-02-11 07:30:00,58,91,2.2857142857142856,0.0,0.0,0.2617333333333333,optimal
2021-02-11 08:00:00,58,91,1.247168003701862,0.0,0.0,1.6160333333333332,optimal
2021-02-11 08:30:00,58,91,2.2857142857142856,0.0,0.0,0.3994666666666666,optimal
2021-02-11 09:00:00,58,91,1.5831406131162404,0.0,0.0,0.1972,optimal
2021-02-11 09:30:00,58,91,1.1783479811873425,0.0,0.0,0.1626,optimal
2021-02-11 10:00:00,58,91,0.7795403020631568,0.0,0.0,0.32673333333333326,optimal
2021-02-11 10:30:00,58,91,0.8593034321071121,0.0,0.0,0.0895,optimal
2021-02-11 11:00:00,58,91,0.6578633181525047,0.0,0.0,0.0895,optimal
2021-02-11 11:30:00,58,91,0.5751046436928151,0.0,0.0,0.19883333333333328,optimal
2021-02-11 12:00:00,58,91,0.37380584646031356,0.0,0.0,0.069,optimal
2021-02-11 12:30:00,58,91,0.3018213444682877,0.0,0.0,0.16466666666666666,optimal
2021-02-11 13:00:00,58,91,2.2857142857142856,0.0,0.0,0.12166666666666669,optimal
2021-02-11 13:30:00,58,91,2.2857142857142856,0.0,0.0,0.1815,optimal
2021-02-11 14:00:00,58,91,2.2857142857142856,0.0,0.0,0.3424,optimal
2021-02-11 14:30:00,58,91,2.2857142857142856,0.0,0.0,0.2875,optimal
2021-02-11 15:00:00,58,91,2.2857142857142856,0.0,0.0,0.37473333333333336,optimal
2021-02-11 15:30:00,58,91,2.2857142857142856,0.0,0.0,0.31189999999999996,optimal
2021-02-11 16:00:00,58,91,0.0,0.0,0.0,0.3841666666666667,optimal
2021-02-11 16:30:00,58,91,0.0,0.0,0.0,0.5471666666666666,optimal
2021-02-11 17:00:00,58,91,0.0,0.0,0.0,0.3984333333333333,optimal
2021-02-11 17:30:00,58,91,0.0,0.0,0.0,0.5930666666666667,optimal
2021-02-11 18:00:00,58,91,0.0,0.0,0.0,0.6196666666666666,optimal
2021-02-11 18:30:00,58,91,0.0,0.0,0.0,1.9034,optimal
2021-02-11 19:00:00,58,91,0.0,0.0,0.0,0.5321666666666667,optimal
2021-02-11 19:30:00,58,91,0.6230931895414936,0.0,0.0,0.5153,optimal
2021-02-11 20:00:00,58,91,1.51335547743138,0.0,0.0,0.5014666666666666,optimal
2021-02-11 20:30:00,58,91,0.0,0.0,0.0,0.5688333333333334,optimal
2021-02-11 21:00:00,58,91,0.0,0.0,0.0,0.45066666666666666,optimal
2021-02-11 21:30:00,58,91,0.0,0.0,0.0,0.4009,optimal
2021-02-11 22:00:00,58,91,0.0199047619047619,0.0,0.0,0.7120333333333333,optimal
2021-02-11 22:30:00,58,91,0.0,0.0,0.0,0.18059999999999998,optimal
2021-02-11 23:00:00,58,91,0.0,0.0,0.0,0.2193333333333333,optimal
2021-02-11 23:30:00,58,91,0.0,0.0,0.0,0.069,optimal
2021-02-12 00:00:00,58,91,0.004413412122215867,0.0,0.0,0.06433333333333333,optimal
2021-02-12 00:30:00,58,91,2.2857142857142856,0.0,0.0,0.07366666666666667,optimal
2021-02-12 01:00:00,58,91,2.2857142857142856,0.0,0.0,0.064,optimal
2021-02-12 01:30:00,58,91,2.2857142857142856,0.0,0.0,0.064,optimal
2021-02-12 02:00:00,58,91,2.2857142857142856,0.0,0.0,0.064,optimal
2021-02-12 02:30:00,58,91,2.2857142857142856,0.0,0.0,0.064,optimal
2021-02-12 03:00:00,58,91,2.2857142857142856,0.0,0.0,0.064,optimal
2021-02-12 03:30:00,58,91,2.2857142857142856,0.0,0.0,0.064,optimal
2021-02-12 04:00:00,58,91,2.2857142857142856,0.0,0.0,0.064,optimal
2021-02-12 04:30:00,58,91,2.2857142857142856,0.0,0.0,0.064,optimal
2021-02-12 05:00:00,58,91,2.2857142857142856,0.0,0.0,0.064,optimal
2021-02-12 05:30:00,58,91,2.2857142857142856,0.0,0.0,0.064,optimal
2021-02-12 06:00:00,58,91,2.2857142857142856,0.0,5.490721523634199,0.06433333333333333,optimal
2021-02-12 06:30:00,58,91,2.2857142857142856,0.0,10.0,0.074,optimal
2021-02-12 07:00:00,58,91,2.2857142857142856,0.0,10.0,0.926,optimal
2021-02-12 07:30:00,58,91,2.2857142857142856,0.0,0.0,1.8913333333333333,optimal
2021-02-12 08:00:00,58,91,1.6336256923611692,0.0,0.0,1.888,optimal
2021-02-12 08:30:00,58,91,1.4112692753916773,0.0,0.0,0.204,optimal
2021-02-12 09:00:00,58,91,1.1398161114042433,0.0,0.0,1.888,optimal
2021-02-12 09:30:00,58,91,1.0312795552113958,0.0,0.0,1.896,optimal
2021-02-12 10:00:00,58,91,0.6030833664816871,0.0,0.0,0.7737999999999999,optimal
2021-02-12 10:30:00,58,91,0.6694323908968284,0.0,0.0,1.5687666666666669,optimal
2021-02-12 11:00:00,58,91,0.39790256546997893,0.0,0.0,1.9605333333333332,optimal
2021-02-12 11:30:00,58,91,0.4247726220933002,0.0,0.0,0.3068666666666667,optimal
2021-02-12 12:00:00,58,91,0.3739515895173771,0.0,0.0,0.16733333333333333,optimal
2021-02-12 12:30:00,58,91,0.2967264080454703,0.0,0.0,1.9775333333333334,optimal
2021-02-12 13:00:00,58,91,1.3801728720294615,0.0,0.0,1.0834000000000001,optimal
2021-02-12 13:30:00,58,91,1.0825200090208886,0.0,0.0,1.0428666666666666,optimal
2021-02-12 14:00:00,58,91,2.2857142857142856,0.0,0.0,0.5498,optimal
2021-02-12 14:30:00,58,91,2.2857142857142856,0.0,0.0,3.0413,optimal
2021-02-12 15:00:00,58,91,2.2857142857142856,0.0,0.0,1.8998666666666664,optimal
2021-02-12 15:30:00,58,91,2.2857142857142856,0.0,0.0,2.190866666666667,optimal
2021-02-12 16:00:00,58,91,0.0,0.0,0.0,0.37210000000000004,optimal
2021-02-12 16:30:00,58,91,0.0,0.0,0.0,0.40776666666666667,optimal
2021-02-12 17:00:00,58,91,0.0,0.0,0.0,0.3375666666666667,optimal
2021-02-12 17:30:00,58,91,0.0,0.0,0.0,2.0538000000000003,optimal
2021-02-12 18:00:00,58,91,0.0,0.0,0.0,0.8994333333333333,optimal
2021-02-12 18:30:00,58,91,0.0,0.0,0.0,1.9714333333333327,optimal
2021-02-12 19:00:00,58,91,0.0,0.0,0.0,1.5573666666666666,optimal
2021-02-12 19:30:00,58,91,0.0,0.0,0.0,1.9759,optimal
2021-02-12 20:00:00,58,91,0.0,0.0,0.0,0.6986,optimal
2021-02-12 20:30:00,58,91,0.0,0.0,0.0,0.6427999999999999,optimal
2021-02-12 21:00:00,58,91,0.0,0.0,0.0,0.5623333333333334,optimal
2021-02-12 21:30:00,58,91,0.0,0.0,0.0,0.5291,optimal
2021-02-12 22:00:00,58,91,0.0,0.0,0.0,1.7132,optimal
2021-02-12 22:30:00,58,91,0.0398095238095238,0.0,0.0,2.6111,optimal
2021-02-12 23:00:00,58,91,0.0,0.0,0.0,0.074,optimal
2021-02-12 23:30:00,58,91,0.0,0.0,0.0,0.07333333333333333,optimal
2021-02-13 00:00:00,58,91,0.0,0.0,0.0,0.10653333333333331,optimal
2021-02-13 00:30:00,58,91,0.5374285714285715,0.0,0.0,0.11426666666666668,optimal
2021-02-13 01:00:00,58,91,0.0,0.0,0.0,0.058,optimal
2021-02-13 01:30:00,58,91,0.0,0.0,0.0,0.15646666666666667,optimal
2021-02-13 02:00:00,58,91,1.6785331375990427,0.0,0.0,0.060333333333333336,optimal
2021-02-13 02:30:00,58,91,2.2857142857142856,0.0,0.0,0.13823333333333332,optimal
2021-02-13 03:00:00,58,91,2.2857142857142856,0.0,0.0,0.15323333333333333,optimal
2021-02-13 03:30:00,58,91,2.2857142857142856,0.0,0.0,0.058,optimal
2021-02-13 04:00:00,58,91,2.2857142857142856,0.0,0.0,0.19863333333333333,optimal
2021-02-13 04:30:00,58,91,2.2857142857142856,0.0,0.0,0.08483333333333333,optimal
2021-02-13 05:00:00,58,91,2.2857142857142856,0.0,0.0,0.058,optimal
2021-02-13 05:30:00,58,91,2.2857142857142856,0.0,0.0,0.2268,optimal
2021-02-13 06:00:00,58,91,2.2857142857142856,0.0,0.0,0.068,optimal
2021-02-13 06:30:00,58,91,2.2857142857142856,0.0,0.0,0.06133333333333334,optimal
2021-02-13 07:00:00,58,91,2.2857142857142856,0.0,0.0,0.057,optimal
2021-02-13 07:30:00,58,91,2.2857142857142856,0.0,0.0,0.1517666666666667,optimal
2021-02-13 08:00:00,58,91,1.1934961425749144,0.0,0.0,1.2935333333333332,optimal
2021-02-13 08:30:00,58,91,1.220855723007779,0.0,0.0,0.37126666666666663,optimal
2021-02-13 09:00:00,58,91,1.056035161845463,0.0,0.0,0.4491,optimal
2021-02-13 09:30:00,58,91,1.1177092544858915,0.0,0.0,0.26480000000000004,optimal
2021-02-13 10:00:00,58,91,0.8537809894880201,0.0,0.0,0.214,optimal
2021-02-13 10:30:00,58,91,0.7680605699208681,0.0,0.0,0.46266666666666667,optimal
2021-02-13 11:00:00,58,91,0.48591891478245725,0.0,0.0,1.4746,optimal
2021-02-13 11:30:00,58,91,0.47900230473911454,0.0,0.0,0.7149333333333333,optimal
2021-02-13 12:00:00,58,91,0.3655761613325245,0.0,0.0,0.3897333333333334,optimal
2021-02-13 12:30:00,58,91,0.32009151267441577,0.0,0.0,0.3775,optimal
2021-02-13 13:00:00,58,91,2.2857142857142856,0.0,0.0,0.4254333333333333,optimal
2021-02-13 13:30:00,58,91,2.2857142857142856,0.0,0.0,0.5226000000000001,optimal
2021-02-13 14:00:00,58,91,2.2857142857142856,0.0,0.0,0.18246666666666667,optimal
2021-02-13 14:30:00,58,91,2.2857142857142856,0.0,0.0,0.32739999999999997,optimal
2021-02-13 15:00:00,58,91,2.2857142857142856,0.0,0.0,0.1728,optimal
2021-02-13 15:30:00,58,91,2.2857142857142856,0.0,0.0,0.5697666666666666,optimal
2021-02-13 16:00:00,58,91,0.0,0.0,0.0,0.3456,optimal
2021-02-13 16:30:00,58,91,0.0,0.0,0.0,0.5705333333333333,optimal
2021-02-13 17:00:00,58,91,0.0,0.0,0.0,0.6249,optimal
2021-02-13 17:30:00,58,91,0.0,0.0,0.0,1.3273333333333333,optimal
2021-02-13 18:00:00,58,91,0.0,0.0,0.0,0.3227,optimal
2021-02-13 18:30:00,58,91,0.0,0.0,0.0,0.3083666666666667,optimal
2021-02-13 19:00:00,58,91,0.0,0.0,0.0,0.4006,optimal
2021-02-13 19:30:00,58,91,0.0,0.0,0.0,0.31076666666666664,optimal
2021-02-13 20:00:00,58,91,0.5658190887264233,0.0,0.0,0.3534,optimal
2021-02-13 20:30:00,58,91,0.0,0.0,0.0,0.5283666666666667,optimal
2021-02-13 21:00:00,58,91,0.0,0.0,0.0,0.2528333333333333,optimal
2021-02-13 21:30:00,58,91,0.0,0.0,0.0,0.2846,optimal
2021-02-13 22:00:00,58,91,0.0,0.0,0.0,0.137,optimal
2021-02-13 22:30:00,58,91,0.0,0.0,0.0,0.068,optimal
2021-02-13 23:00:00,58,91,0.0,0.0,0.0,0.18623333333333328,optimal
2021-02-13 23:30:00,58,91,0.0,0.0,0.0,0.11723333333333331,optimal
2021-02-07 00:00:00,59,91,0.0,0.0,0.0,2.1786,optimal
2021-02-07 00:30:00,59,91,0.0,0.0,0.0,0.057,optimal
2021-02-07 01:00:00,59,91,0.0,0.0,0.0,0.057,optimal
2021-02-07 01:30:00,59,91,0.0,0.0,0.0,0.057,optimal
2021-02-07 02:00:00,59,91,0.0,0.0,0.0,0.057,optimal
2021-02-07 02:30:00,59,91,0.0,0.0,0.0,0.057,optimal
2021-02-07 03:00:00,59,91,0.0,0.0,0.0,0.057,optimal
2021-02-07 03:30:00,59,91,0.0,0.0,0.0,0.057,optimal
2021-02-07 04:00:00,59,91,2.2857142857142856,0.0,0.0,0.06233333333333334,optimal
2021-02-07 04:30:00,59,91,2.2857142857142856,0.0,0.0,0.059333333333333335,optimal
2021-02-07 05:00:00,59,91,2.2857142857142856,0.0,0.0,0.057,optimal
2021-02-07 05:30:00,59,91,2.2857142857142856,0.0,0.0,0.057,optimal
2021-02-07 06:00:00,59,91,2.2857142857142856,0.0,0.0,0.057,optimal
2021-02-07 06:30:00,59,91,2.2857142857142856,0.0,0.0,0.055,optimal
2021-02-07 07:00:00,59,91,2.2857142857142856,0.0,1.8089900112525021,0.0675,optimal
2021-02-07 07:30:00,59,91,0.0,0.0,0.0,0.18,optimal
2021-02-07 08:00:00,59,91,0.0,0.0,0.0,1.9674333333333327,optimal
2021-02-07 08:30:00,59,91,0.0,0.0,0.0,0.5865,optimal
2021-02-07 09:00:00,59,91,0.0,0.0,0.0,0.9968333333333333,optimal
2021-02-07 09:30:00,59,91,0.3738720311076242,0.0,0.0,0.057,optimal
2021-02-07 10:00:00,59,91,1.0587769181980442,0.0,0.0,0.057,optimal
2021-02-07 10:30:00,59,91,1.065646328760922,0.0,0.0,0.057,optimal
2021-02-07 11:00:00,59,91,0.9302687801982278,0.0,0.0,0.057,optimal
2021-02-07 11:30:00,59,91,0.9302687801982278,0.0,0.0,0.057,optimal
2021-02-07 12:00:00,59,91,0.8326483180532196,0.0,0.0,0.057,optimal
2021-02-07 12:30:00,59,91,0.8326483180532196,0.0,0.0,0.06233333333333334,optimal
2021-02-07 13:00:00,59,91,2.2857142857142856,0.0,0.0,0.061666666666666654,optimal
2021-02-07 13:30:00,59,91,2.2857142857142856,0.0,0.0,0.057,optimal
2021-02-07 14:00:00,59,91,2.2857142857142856,0.0,0.0,0.057,optimal
2021-02-07 14:30:00,59,91,2.2857142857142856,0.0,0.0,0.061666666666666654,optimal
2021-02-07 15:00:00,59,91,2.2857142857142856,0.0,0.0,1.4125666666666665,optimal
2021-02-07 15:30:00,59,91,2.2857142857142856,0.0,0.0,0.057,optimal
2021-02-07 16:00:00,59,91,0.0,0.0,0.0,0.057,optimal
2021-02-07 16:30:00,59,91,0.0,0.0,0.0,0.06633333333333333,optimal
2021-02-07 17:00:00,59,91,0.0,0.0,0.0,0.061666666666666654,optimal
2021-02-07 17:30:00,59,91,0.0,0.0,0.0,0.057,optimal
2021-02-07 18:00:00,59,91,0.0,0.0,0.0,0.05766666666666666,optimal
2021-02-07 18:30:00,59,91,0.0,0.0,0.0,0.067,optimal
2021-02-07 19:00:00,59,91,0.0,0.0,0.0,1.5883,optimal
2021-02-07 19:30:00,59,91,1.0566348828770522,0.0,0.0,0.2971333333333333,optimal
2021-02-07 20:00:00,59,91,1.0510068949115021,0.0,0.0,0.298,optimal
2021-02-07 20:30:00,59,91,0.0,0.0,0.0,0.3192,optimal
2021-02-07 21:00:00,59,91,0.0,0.0,0.0,0.5905,optimal
2021-02-07 21:30:00,59,91,0.0,0.0,0.0,0.3959,optimal
2021-02-07 22:00:00,59,91,0.0,0.0,0.0,0.3126666666666667,optimal
2021-02-07 22:30:00,59,91,0.0,0.0,0.0,0.23446666666666666,optimal
2021-02-07 23:00:00,59,91,0.0,0.0,0.0,2.2151,optimal
2021-02-07 23:30:00,59,91,0.0,0.0,0.0,0.6267999999999999,optimal
2021-02-08 00:00:00,59,91,0.0,0.0,0.0,0.059,optimal
2021-02-08 00:30:00,59,91,0.0,0.0,0.0,0.059,optimal
2021-02-08 01:00:00,59,91,0.0,0.0,0.0,0.07346666666666667,optimal
2021-02-08 01:30:00,59,91,0.0,0.0,0.0,0.20366666666666663,optimal
2021-02-08 02:00:00,59,91,0.0,0.0,0.0,0.059,optimal
2021-02-08 02:30:00,59,91,1.6553775910029611,0.0,0.0,0.21813333333333332,optimal
2021-02-08 03:00:00,59,91,2.2857142857142856,0.0,0.0,0.059,optimal
2021-02-08 03:30:00,59,91,2.2857142857142856,0.0,0.0,0.059,optimal
2021-02-08 04:00:00,59,91,2.2857142857142856,0.0,0.0,0.059,optimal
2021-02-08 04:30:00,59,91,2.2857142857142856,0.0,0.0,0.20276666666666668,optimal
2021-02-08 05:00:00,59,91,2.2857142857142856,0.0,0.0,0.08936666666666666,optimal
2021-02-08 05:30:00,59,91,2.2857142857142856,0.0,0.0,0.059,optimal
2021-02-08 06:00:00,59,91,2.2857142857142856,0.0,0.0,0.21813333333333332,optimal
2021-02-08 06:30:00,59,91,2.2857142857142856,0.0,0.0,0.059,optimal
2021-02-08 07:00:00,59,91,2.2857142857142856,0.0,8.840143793412935,0.059,optimal
2021-02-08 07:30:00,59,91,2.2857142857142856,0.0,0.0,0.21813333333333332,optimal
2021-02-08 08:00:00,59,91,1.187339576773254,0.0,0.0,0.8746,optimal
2021-02-08 08:30:00,59,91,1.1593480349551835,0.0,0.0,1.3947,optimal
2021-02-08 09:00:00,59,91,1.1482853567394968,0.0,0.0,0.17026666666666668,optimal
2021-02-08 09:30:00,59,91,1.166914574228503,0.0,0.0,0.069,optimal
2021-02-08 10:00:00,59,91,0.9362671295426169,0.0,0.0,0.069,optimal
2021-02-08 10:30:00,59,91,0.9114379120535836,0.0,0.0,0.19196666666666667,optimal
2021-02-08 11:00:00,59,91,0.6871505141983263,0.0,0.0,0.10516666666666669,optimal
2021-02-08 11:30:00,59,91,0.6740811036354443,0.0,0.0,0.12686666666666666,optimal
2021-02-08 12:00:00,59,91,0.5739261672952893,0.0,0.0,0.17026666666666668,optimal
2021-02-08 12:30:00,59,91,0.5891206795028566,0.0,0.0,0.069,optimal
2021-02-08 13:00:00,59,91,2.2857142857142856,0.0,0.0,0.08346666666666668,optimal
2021-02-08 13:30:00,59,91,2.2857142857142856,0.0,0.0,0.21366666666666662,optimal
2021-02-08 14:00:00,59,91,2.2857142857142856,0.0,0.0,0.069,optimal
2021-02-08 14:30:00,59,91,2.2857142857142856,0.0,0.0,0.19196666666666667,optimal
2021-02-08 15:00:00,59,91,2.2857142857142856,0.0,0.0,0.10516666666666669,optimal
2021-02-08 15:30:00,59,91,2.2857142857142856,0.0,0.0,0.069,optimal
2021-02-08 16:00:00,59,91,0.0,0.0,0.0,0.22813333333333333,optimal
2021-02-08 16:30:00,59,91,0.0,0.0,0.0,0.069,optimal
2021-02-08 17:00:00,59,91,0.0,0.0,0.0,2.4831333333333334,optimal
2021-02-08 17:30:00,59,91,0.0,0.0,0.0,0.303,optimal
2021-02-08 18:00:00,59,91,0.0,0.0,0.0,2.3759333333333332,optimal
2021-02-08 18:30:00,59,91,0.0,0.0,0.0,0.4208,optimal
2021-02-08 19:00:00,59,91,0.0,0.0,0.0,0.3917333333333333,optimal
2021-02-08 19:30:00,59,91,0.0,0.0,0.0,0.2658333333333333,optimal
2021-02-08 20:00:00,59,91,0.3592604738385092,0.0,0.0,0.9711666666666666,optimal
2021-02-08 20:30:00,59,91,0.0,0.0,0.0,1.7266333333333335,optimal
2021-02-08 21:00:00,59,91,0.0,0.0,0.0,2.9099,optimal
2021-02-08 21:30:00,59,91,0.0,0.0,0.0,1.9135333333333333,optimal
2021-02-08 22:00:00,59,91,0.25876190476190475,0.0,0.0,0.26026666666666665,optimal
2021-02-08 22:30:00,59,91,0.0,0.0,0.0,0.6573,optimal
2021-02-08 23:00:00,59,91,0.0,0.0,0.0,2.5871999999999997,optimal
2021-02-08 23:30:00,59,91,0.0,0.0,0.0,2.147333333333333,optimal
2021-02-09 00:00:00,59,91,0.0398095238095238,0.0,0.0,0.15330000000000002,optimal
2021-02-09 00:30:00,59,91,1.2141904761904763,0.0,0.0,0.11566666666666668,optimal
2021-02-09 01:00:00,59,91,0.0,0.0,0.0,0.062,optimal
2021-02-09 01:30:00,59,91,0.0,0.0,0.0,0.15533333333333335,optimal
2021-02-09 02:00:00,59,91,0.0,0.0,0.0,0.062,optimal
2021-02-09 02:30:00,59,91,1.0323191459493544,0.0,0.0,0.26576666666666665,optimal
2021-02-09 03:00:00,59,91,2.2857142857142856,0.0,0.0,0.35596666666666665,optimal
2021-02-09 03:30:00,59,91,2.2857142857142856,0.0,0.0,0.084,optimal
2021-02-09 04:00:00,59,91,2.2857142857142856,0.0,0.0,0.14916666666666667,optimal
2021-02-09 04:30:00,59,91,2.2857142857142856,0.0,2.181948758804768,0.07866666666666668,optimal
2021-02-09 05:00:00,59,91,2.2857142857142856,0.0,10.0,0.14866666666666667,optimal
2021-02-09 05:30:00,59,91,2.2857142857142856,0.0,0.0,1.534733333333333,optimal
2021-02-09 06:00:00,59,91,2.2857142857142856,0.0,0.0,0.8839,optimal
2021-02-09 06:30:00,59,91,2.2857142857142856,0.0,0.0,0.4835,optimal
2021-02-09 07:00:00,59,91,2.2857142857142856,0.0,0.0,2.0838666666666668,optimal
2021-02-09 07:30:00,59,91,2.2857142857142856,0.0,0.0,2.4340333333333333,optimal
2021-02-09 08:00:00,59,91,1.083038557553443,0.0,0.0,0.5801000000000001,optimal
2021-02-09 08:30:00,59,91,1.1644868226615097,0.0,0.0,0.3442,optimal
2021-02-09 09:00:00,59,91,1.1983465916303242,0.0,0.0,0.072,optimal
2021-02-09 09:30:00,59,91,1.1510716932750267,0.0,0.0,0.16533333333333333,optimal
2021-02-09 10:00:00,59,91,0.9088952387986184,0.0,0.0,0.072,optimal
2021-02-09 10:30:00,59,91,0.8917217123914242,0.0,0.0,0.072,optimal
2021-02-09 11:00:00,59,91,0.6297148995641759,0.0,0.0,0.11866666666666668,optimal
2021-02-09 11:30:00,59,91,0.6262801942827371,0.0,0.0,0.11866666666666668,optimal
2021-02-09 12:00:00,59,91,0.4744077707800703,0.0,0.0,0.072,optimal
2021-02-09 12:30:00,59,91,0.45117580939482244,0.0,0.0,0.16533333333333333,optimal
2021-02-09 13:00:00,59,91,1.0592766155325455,0.0,0.0,0.072,optimal
2021-02-09 13:30:00,59,91,1.5952461732931502,0.0,0.0,0.16533333333333333,optimal
2021-02-09 14:00:00,59,91,2.2857142857142856,0.0,0.0,0.11973333333333332,optimal
2021-02-09 14:30:00,59,91,2.2857142857142856,0.0,0.0,0.36610000000000004,optimal
2021-02-09 15:00:00,59,91,2.2857142857142856,0.0,0.0,0.4664,optimal
2021-02-09 15:30:00,59,91,2.2857142857142856,0.0,0.0,0.5986666666666667,optimal
2021-02-09 16:00:00,59,91,0.0,0.0,0.0,0.8836666666666666,optimal
2021-02-09 16:30:00,59,91,0.0,0.0,0.0,1.4425666666666666,optimal
2021-02-09 17:00:00,59,91,0.0,0.0,0.0,0.7242999999999999,optimal
2021-02-09 17:30:00,59,91,0.0,0.0,0.0,0.6148333333333333,optimal
2021-02-09 18:00:00,59,91,0.0,0.0,0.0,0.48186666666666667,optimal
2021-02-09 18:30:00,59,91,0.0,0.0,0.0,1.6240333333333332,optimal
2021-02-09 19:00:00,59,91,0.0,0.0,0.0,2.975,optimal
2021-02-09 19:30:00,59,91,0.0,0.0,0.0,2.5011666666666663,optimal
2021-02-09 20:00:00,59,91,0.0,0.0,0.0,0.21380000000000002,optimal
2021-02-09 20:30:00,59,91,0.0,0.0,0.0,0.32893333333333336,optimal
2021-02-09 21:00:00,59,91,0.0,0.0,0.0,0.5237333333333334,optimal
2021-02-09 21:30:00,59,91,0.0,0.0,0.0,2.2256,optimal
2021-02-09 22:00:00,59,91,0.0995238095238095,0.0,0.0,1.4855,optimal
2021-02-09 22:30:00,59,91,0.0,0.0,0.0,1.5101666666666667,optimal
2021-02-09 23:00:00,59,91,0.0,0.0,0.0,0.5888333333333333,optimal
2021-02-09 23:30:00,59,91,0.0,0.0,0.0,2.137633333333333,optimal
2021-02-10 00:00:00,59,91,0.0,0.0,0.0,0.055666666666666656,optimal
2021-02-10 00:30:00,59,91,0.9156190476190476,0.0,0.0,0.08983333333333333,optimal
2021-02-10 01:00:00,59,91,0.0,0.0,0.0,0.11883333333333332,optimal
2021-02-10 01:30:00,59,91,0.0,0.0,0.0,0.056,optimal
2021-02-10 02:00:00,59,91,0.7568538526170843,0.0,0.0,0.15266666666666664,optimal
2021-02-10 02:30:00,59,91,2.2857142857142856,0.0,0.0,0.056,optimal
2021-02-10 03:00:00,59,91,2.2857142857142856,0.0,0.0,0.15266666666666664,optimal
2021-02-10 03:30:00,59,91,2.2857142857142856,0.0,0.0,0.056,optimal
2021-02-10 04:00:00,59,91,2.2857142857142856,0.0,0.0,0.13333333333333333,optimal
2021-02-10 04:30:00,59,91,2.2857142857142856,0.0,0.0,0.07533333333333334,optimal
2021-02-10 05:00:00,59,91,2.2857142857142856,0.0,0.0,0.13333333333333333,optimal
2021-02-10 05:30:00,59,91,2.2857142857142856,0.0,0.0,0.07533333333333334,optimal
2021-02-10 06:00:00,59,91,2.2857142857142856,0.0,0.0,0.09566666666666669,optimal
2021-02-10 06:30:00,59,91,2.2857142857142856,0.0,0.7193418118802697,0.12366666666666669,optimal
2021-02-10 07:00:00,59,91,2.2857142857142856,0.0,10.0,0.09883333333333331,optimal
2021-02-10 07:30:00,59,91,2.2857142857142856,0.0,0.0,0.1272333333333333,optimal
2021-02-10 08:00:00,59,91,1.1218127580293946,0.0,0.0,1.2994,optimal
2021-02-10 08:30:00,59,91,1.1200453654750535,0.0,0.0,1.3057333333333332,optimal
2021-02-10 09:00:00,59,91,0.9852593023185316,0.0,0.0,0.2413333333333333,optimal
2021-02-10 09:30:00,59,91,0.9712347669070696,0.0,0.0,0.1883333333333333,optimal
2021-02-10 10:00:00,59,91,0.6997819426871087,0.0,0.0,0.25153333333333333,optimal
2021-02-10 10:30:00,59,91,0.7000397316046902,0.0,0.0,0.1977333333333333,optimal
2021-02-10 11:00:00,59,91,0.7014119003482404,0.0,0.0,0.095,optimal
2021-02-10 11:30:00,59,91,0.6834948707377292,0.0,0.0,0.13366666666666666,optimal
2021-02-10 12:00:00,59,91,0.4561458748363835,0.0,0.0,0.08533333333333333,optimal
2021-02-10 12:30:00,59,91,0.4395744462649446,0.0,0.0,0.14333333333333334,optimal
2021-02-10 13:00:00,59,91,2.2857142857142856,0.0,0.0,0.066,optimal
2021-02-10 13:30:00,59,91,2.2857142857142856,0.0,0.0,0.16266666666666665,optimal
2021-02-10 14:00:00,59,91,2.2857142857142856,0.0,0.0,0.065,optimal
2021-02-10 14:30:00,59,91,2.2857142857142856,0.0,0.0,0.065,optimal
2021-02-10 15:00:00,59,91,2.2857142857142856,0.0,0.0,1.268733333333333,optimal
2021-02-10 15:30:00,59,91,2.2857142857142856,0.0,0.0,1.583766666666667,optimal
2021-02-10 16:00:00,59,91,0.0,0.0,0.0,0.44110000000000005,optimal
2021-02-10 16:30:00,59,91,0.0,0.0,0.0,0.4978333333333333,optimal
2021-02-10 17:00:00,59,91,0.0,0.0,0.0,0.7316666666666666,optimal
2021-02-10 17:30:00,59,91,0.0,0.0,0.0,0.2079,optimal
2021-02-10 18:00:00,59,91,0.0,0.0,0.0,0.3008,optimal
2021-02-10 18:30:00,59,91,0.0,0.0,0.0,0.08173333333333334,optimal
2021-02-10 19:00:00,59,91,0.0,0.0,0.0,0.17066666666666666,optimal
2021-02-10 19:30:00,59,91,0.0,0.0,0.0,0.16190000000000002,optimal
2021-02-10 20:00:00,59,91,0.3255689031387888,0.0,0.0,0.2839,optimal
2021-02-10 20:30:00,59,91,0.0,0.0,0.0,0.16240000000000002,optimal
2021-02-10 21:00:00,59,91,0.0,0.0,0.0,0.21966666666666662,optimal
2021-02-10 21:30:00,59,91,0.0,0.0,0.0,1.347233333333333,optimal
2021-02-10 22:00:00,59,91,0.0,0.0,0.0,0.1376,optimal
2021-02-10 22:30:00,59,91,0.0,0.0,0.0,0.21956666666666663,optimal
2021-02-10 23:00:00,59,91,0.0,0.0,0.0,0.09983333333333332,optimal
2021-02-10 23:30:00,59,91,0.0,0.0,0.0,0.066,optimal
2021-02-11 00:00:00,59,91,0.0,0.0,0.0,0.08356666666666666,optimal
2021-02-11 00:30:00,59,91,2.2857142857142856,0.0,0.0,0.2413333333333333,optimal
2021-02-11 01:00:00,59,91,2.2857142857142856,0.0,0.0,0.16243333333333335,optimal
2021-02-11 01:30:00,59,91,2.2857142857142856,0.0,0.0,0.13733333333333334,optimal
2021-02-11 02:00:00,59,91,2.2857142857142856,0.0,0.0,0.28453333333333336,optimal
2021-02-11 02:30:00,59,91,2.2857142857142856,0.0,0.0,0.13733333333333334,optimal
2021-02-11 03:00:00,59,91,2.2857142857142856,0.0,0.0,0.11,optimal
2021-02-11 03:30:00,59,91,2.2857142857142856,0.0,0.0,0.25053333333333333,optimal
2021-02-11 04:00:00,59,91,2.2857142857142856,0.0,0.0,0.076,optimal
2021-02-11 04:30:00,59,91,2.2857142857142856,0.0,0.0,0.1898333333333333,optimal
2021-02-11 05:00:00,59,91,2.2857142857142856,0.0,0.0,0.23203333333333334,optimal
2021-02-11 05:30:00,59,91,2.2857142857142856,0.0,0.0,0.15596666666666667,optimal
2021-02-11 06:00:00,59,91,2.2857142857142856,0.0,8.601023262716282,0.26589999999999997,optimal
2021-02-11 06:30:00,59,91,2.2857142857142856,0.0,10.0,1.5241,optimal
2021-02-11 07:00:00,59,91,2.2857142857142856,0.0,10.0,0.7732,optimal
2021-02-11 07:30:00,59,91,2.2857142857142856,0.0,0.0,0.27996666666666664,optimal
2021-02-11 08:00:00,59,91,1.4522669671287918,0.0,0.0,1.2398666666666665,optimal
2021-02-11 08:30:00,59,91,1.2757825957366542,0.0,0.0,0.5587666666666666,optimal
2021-02-11 09:00:00,59,91,1.2311751602367407,0.0,0.0,0.16516666666666666,optimal
2021-02-11 09:30:00,59,91,1.0678203621397144,0.0,0.0,0.36319999999999997,optimal
2021-02-11 10:00:00,59,91,0.7298012544441115,0.0,0.0,0.194,optimal
2021-02-11 10:30:00,59,91,0.7965605749642324,0.0,0.0,0.17326666666666668,optimal
2021-02-11 11:00:00,59,91,0.6367014133906067,0.0,0.0,0.16546666666666668,optimal
2021-02-11 11:30:00,59,91,0.5806189294071007,0.0,0.0,0.1814333333333333,optimal
2021-02-11 12:00:00,59,91,0.19078489407937785,0.0,0.0,1.109233333333333,optimal
2021-02-11 12:30:00,59,91,0.20200610637303812,0.0,0.0,1.0082,optimal
2021-02-11 13:00:00,59,91,2.2857142857142856,0.0,0.0,0.24353333333333332,optimal
2021-02-11 13:30:00,59,91,2.2857142857142856,0.0,0.0,0.38203333333333334,optimal
2021-02-11 14:00:00,59,91,2.2857142857142856,0.0,0.0,0.42369999999999997,optimal
2021-02-11 14:30:00,59,91,2.2857142857142856,0.0,0.0,2.7516,optimal
2021-02-11 15:00:00,59,91,2.2857142857142856,0.0,0.0,2.8676666666666666,optimal
2021-02-11 15:30:00,59,91,2.2857142857142856,0.0,0.0,0.4759,optimal
2021-02-11 16:00:00,59,91,0.0,0.0,0.0,0.42583333333333334,optimal
2021-02-11 16:30:00,59,91,0.0,0.0,0.0,0.5269333333333333,optimal
2021-02-11 17:00:00,59,91,0.0,0.0,0.0,0.4928666666666667,optimal
2021-02-11 17:30:00,59,91,0.0,0.0,0.0,0.37206666666666666,optimal
2021-02-11 18:00:00,59,91,0.0,0.0,0.0,0.30739999999999995,optimal
2021-02-11 18:30:00,59,91,0.0,0.0,0.0,0.4997,optimal
2021-02-11 19:00:00,59,91,0.0,0.0,0.0,0.4203,optimal
2021-02-11 19:30:00,59,91,0.0,0.0,0.0,0.20553333333333332,optimal
2021-02-11 20:00:00,59,91,0.9537999878170232,0.0,0.0,0.47633333333333333,optimal
2021-02-11 20:30:00,59,91,0.0,0.0,0.0,0.48003333333333337,optimal
2021-02-11 21:00:00,59,91,0.0,0.0,0.0,0.3595,optimal
2021-02-11 21:30:00,59,91,0.0,0.0,0.0,0.36056666666666665,optimal
2021-02-11 22:00:00,59,91,0.0796190476190476,0.0,0.0,0.5610333333333333,optimal
2021-02-11 22:30:00,59,91,0.0,0.0,0.0,0.2599666666666666,optimal
2021-02-11 23:00:00,59,91,0.0,0.0,0.0,0.20286666666666667,optimal
2021-02-11 23:30:00,59,91,0.0,0.0,0.0,0.07366666666666667,optimal
2021-02-12 00:00:00,59,91,0.2723425320262794,0.0,0.0,0.055,optimal
2021-02-12 00:30:00,59,91,2.2857142857142856,0.0,0.0,0.055,optimal
2021-02-12 01:00:00,59,91,2.2857142857142856,0.0,0.0,0.2046,optimal
2021-02-12 01:30:00,59,91,2.2857142857142856,0.0,0.0,0.055,optimal
2021-02-12 02:00:00,59,91,2.2857142857142856,0.0,0.0,0.1366,optimal
2021-02-12 02:30:00,59,91,2.2857142857142856,0.0,0.0,0.123,optimal
2021-02-12 03:00:00,59,91,2.2857142857142856,0.0,0.0,0.055,optimal
2021-02-12 03:30:00,59,91,2.2857142857142856,0.0,0.0,0.055,optimal
2021-02-12 04:00:00,59,91,2.2857142857142856,0.0,0.0,0.2046,optimal
2021-02-12 04:30:00,59,91,2.2857142857142856,0.0,0.0,0.055,optimal
2021-02-12 05:00:00,59,91,2.2857142857142856,0.0,0.0,0.055,optimal
2021-02-12 05:30:00,59,91,2.2857142857142856,0.0,0.0,0.07540000000000001,optimal
2021-02-12 06:00:00,59,91,2.2857142857142856,0.0,0.0,0.18419999999999997,optimal
2021-02-12 06:30:00,59,91,2.2857142857142856,0.0,0.0,0.058333333333333334,optimal
2021-02-12 07:00:00,59,91,2.2857142857142856,0.0,7.961635060549608,0.37010000000000004,optimal
2021-02-12 07:30:00,59,91,2.2857142857142856,0.0,0.0,1.4738666666666667,optimal
2021-02-12 08:00:00,59,91,2.000751406646875,0.0,0.0,0.45130000000000003,optimal
2021-02-12 08:30:00,59,91,1.463650227772642,0.0,0.0,0.4026,optimal
2021-02-12 09:00:00,59,91,1.2912294447375696,0.0,0.0,0.2929333333333333,optimal
2021-02-12 09:30:00,59,91,1.0735995552114068,0.0,0.0,0.433,optimal
2021-02-12 10:00:00,59,91,0.6112605093388358,0.0,0.0,0.5720333333333333,optimal
2021-02-12 10:30:00,59,91,0.7308476289920846,0.0,0.0,0.181,optimal
2021-02-12 11:00:00,59,91,0.3813311368985628,0.0,0.0,0.33393333333333336,optimal
2021-02-12 11:30:00,59,91,0.41663928875996514,0.0,0.0,0.191,optimal
2021-02-12 12:00:00,59,91,0.2723782561840513,0.0,0.0,1.0779333333333334,optimal
2021-02-12 12:30:00,59,91,0.34203307471213007,0.0,0.0,0.7336666666666666,optimal
2021-02-12 13:00:00,59,91,2.2857142857142856,0.0,0.0,0.161,optimal
2021-02-12 13:30:00,59,91,2.2857142857142856,0.0,0.0,0.2662,optimal
2021-02-12 14:00:00,59,91,2.2857142857142856,0.0,0.0,0.23403333333333334,optimal
2021-02-12 14:30:00,59,91,2.2857142857142856,0.0,0.0,0.3306,optimal
2021-02-12 15:00:00,59,91,2.2857142857142856,0.0,0.0,0.18846666666666667,optimal
2021-02-12 15:30:00,59,91,2.2857142857142856,0.0,0.0,0.263,optimal
2021-02-12 16:00:00,59,91,0.0,0.0,0.0,0.27246666666666663,optimal
2021-02-12 16:30:00,59,91,0.0,0.0,0.0,0.4405,optimal
2021-02-12 17:00:00,59,91,0.0,0.0,0.0,0.5161,optimal
2021-02-12 17:30:00,59,91,0.0,0.0,0.0,0.4919,optimal
2021-02-12 18:00:00,59,91,0.0,0.0,0.0,0.5579,optimal
2021-02-12 18:30:00,59,91,0.0,0.0,0.0,0.35783333333333334,optimal
2021-02-12 19:00:00,59,91,0.0,0.0,0.0,0.2777333333333333,optimal
2021-02-12 19:30:00,59,91,0.0,0.0,0.0,0.29036666666666666,optimal
2021-02-12 20:00:00,59,91,0.2510830429085653,0.0,0.0,0.5620333333333333,optimal
2021-02-12 20:30:00,59,91,0.0,0.0,0.0,0.191,optimal
2021-02-12 21:00:00,59,91,0.0,0.0,0.0,0.3985,optimal
2021-02-12 21:30:00,59,91,0.0,0.0,0.0,0.107,optimal
2021-02-12 22:00:00,59,91,0.0,0.0,0.0,0.29860000000000003,optimal
2021-02-12 22:30:00,59,91,0.0,0.0,0.0,0.149,optimal
2021-02-12 23:00:00,59,91,0.0,0.0,0.0,0.065,optimal
2021-02-12 23:30:00,59,91,0.0,0.0,0.0,0.21459999999999999,optimal
2021-02-13 00:00:00,59,91,0.0,0.0,0.0,0.063,optimal
2021-02-13 00:30:00,59,91,2.2857142857142856,0.0,0.0,0.063,optimal
2021-02-13 01:00:00,59,91,0.18247619047619018,0.0,0.0,0.063,optimal
2021-02-13 01:30:00,59,91,0.5278727185949628,0.0,0.0,0.063,optimal
2021-02-13 02:00:00,59,91,2.2857142857142856,0.0,0.0,0.063,optimal
2021-02-13 02:30:00,59,91,2.2857142857142856,0.0,0.0,0.063,optimal
2021-02-13 03:00:00,59,91,2.2857142857142856,0.0,0.0,0.063,optimal
2021-02-13 03:30:00,59,91,2.2857142857142856,0.0,0.0,0.063,optimal
2021-02-13 04:00:00,59,91,2.2857142857142856,0.0,0.0,0.063,optimal
2021-02-13 04:30:00,59,91,2.2857142857142856,0.0,0.0,0.063,optimal
2021-02-13 05:00:00,59,91,2.2857142857142856,0.0,0.0,0.063,optimal
2021-02-13 05:30:00,59,91,2.2857142857142856,0.0,0.0,0.063,optimal
2021-02-13 06:00:00,59,91,2.2857142857142856,0.0,3.159360065316659,0.063,optimal
2021-02-13 06:30:00,59,91,2.2857142857142856,0.0,10.0,0.07233333333333333,optimal
2021-02-13 07:00:00,59,91,2.2857142857142856,0.0,10.0,0.06366666666666666,optimal
2021-02-13 07:30:00,59,91,2.2857142857142856,0.0,0.0,0.24823333333333328,optimal
2021-02-13 08:00:00,59,91,1.2396904282892027,0.0,0.0,0.1034,optimal
2021-02-13 08:30:00,59,91,1.2585414372934718,0.0,0.0,0.0724,optimal
2021-02-13 09:00:00,59,91,0.8853627808930836,0.0,0.0,0.9047333333333333,optimal
2021-02-13 09:30:00,59,91,0.862657825914468,0.0,0.0,1.0018,optimal
2021-02-13 10:00:00,59,91,0.7539238466308835,0.0,0.0,0.212,optimal
2021-02-13 10:30:00,59,91,0.7718034270637272,0.0,0.0,0.21246666666666666,optimal
2021-02-13 11:00:00,59,91,0.46592081954437464,0.0,0.0,0.224,optimal
2021-02-13 11:30:00,59,91,0.49098135235816753,0.0,0.0,0.217,optimal
2021-02-13 12:00:00,59,91,0.33989997085634815,0.0,0.0,0.38789999999999997,optimal
2021-02-13 12:30:00,59,91,0.34919246505537743,0.0,0.0,0.293,optimal
2021-02-13 13:00:00,59,91,2.2857142857142856,0.0,0.0,0.39303333333333335,optimal
2021-02-13 13:30:00,59,91,2.2857142857142856,0.0,0.0,0.32896666666666663,optimal
2021-02-13 14:00:00,59,91,2.2857142857142856,0.0,0.0,0.2013,optimal
2021-02-13 14:30:00,59,91,2.2857142857142856,0.0,0.0,0.15833333333333335,optimal
2021-02-13 15:00:00,59,91,2.2857142857142856,0.0,0.0,0.073,optimal
2021-02-13 15:30:00,59,91,2.2857142857142856,0.0,0.0,0.073,optimal
2021-02-13 16:00:00,59,91,0.0,0.0,0.0,0.073,optimal
2021-02-13 16:30:00,59,91,0.0,0.0,0.0,0.073,optimal
2021-02-13 17:00:00,59,91,0.0,0.0,0.0,0.28946666666666665,optimal
2021-02-13 17:30:00,59,91,0.0,0.0,0.0,0.47506666666666664,optimal
2021-02-13 18:00:00,59,91,0.0,0.0,0.0,0.3683333333333333,optimal
2021-02-13 18:30:00,59,91,0.0,0.0,0.0,0.317,optimal
2021-02-13 19:00:00,59,91,0.0,0.0,0.0,0.217,optimal
2021-02-13 19:30:00,59,91,1.2203192440396349,0.0,0.0,0.073,optimal
2021-02-13 20:00:00,59,91,1.3940863082472037,0.0,0.0,0.073,optimal
2021-02-13 20:30:00,59,91,0.0,0.0,0.0,0.073,optimal
2021-02-13 21:00:00,59,91,0.0,0.0,0.0,0.073,optimal
2021-02-13 21:30:00,59,91,0.0,0.0,0.0,0.073,optimal
2021-02-13 22:00:00,59,91,0.0,0.0,0.0,0.073,optimal
2021-02-13 22:30:00,59,91,0.6369523809523808,0.0,0.0,0.073,optimal
2021-02-13 23:00:00,59,91,0.0,0.0,0.0,0.21806666666666663,optimal
2021-02-13 23:30:00,59,91,0.0,0.0,0.0,0.297,optimal
2021-02-07 00:00:00,60,91,0.09952380952380951,0.0,0.0,0.2799,optimal
2021-02-07 00:30:00,60,91,0.0,0.0,0.0,0.127,optimal
2021-02-07 01:00:00,60,91,0.0,0.0,0.0,0.064,optimal
2021-02-07 01:30:00,60,91,0.0,0.0,0.0,0.1389,optimal
2021-02-07 02:00:00,60,91,0.0,0.0,0.0,0.1753,optimal
2021-02-07 02:30:00,60,91,0.0,0.0,0.0,0.064,optimal
2021-02-07 03:00:00,60,91,0.0,0.0,0.0,0.2502,optimal
2021-02-07 03:30:00,60,91,0.0,0.0,0.0,0.064,optimal
2021-02-07 04:00:00,60,91,2.2857142857142856,0.0,0.0,0.176,optimal
2021-02-07 04:30:00,60,91,2.2857142857142856,0.0,0.0,0.0752,optimal
2021-02-07 05:00:00,60,91,2.2857142857142856,0.0,0.0,0.1256,optimal
2021-02-07 05:30:00,60,91,2.2857142857142856,0.0,1.205984286901014,1.3890333333333333,optimal
2021-02-07 06:00:00,60,91,2.2857142857142856,0.0,0.0,0.7802333333333333,optimal
2021-02-07 06:30:00,60,91,2.2857142857142856,0.0,0.0,2.129833333333333,optimal
2021-02-07 07:00:00,60,91,2.2857142857142856,0.0,0.0,1.678,optimal
2021-02-07 07:30:00,60,91,0.0,0.0,0.0,1.9307999999999998,optimal
2021-02-07 08:00:00,60,91,0.0,0.0,0.0,1.0967333333333331,optimal
2021-02-07 08:30:00,60,91,0.0,0.0,0.0,0.30506666666666665,optimal
2021-02-07 09:00:00,60,91,0.0,0.0,0.0,0.1899,optimal
2021-02-07 09:30:00,60,91,0.0,0.0,0.0,0.19966666666666663,optimal
2021-02-07 10:00:00,60,91,0.5741918963216147,0.0,0.0,0.2912,optimal
2021-02-07 10:30:00,60,91,0.9781320430466299,0.0,0.0,0.2275,optimal
2021-02-07 11:00:00,60,91,0.906811637341066,0.0,0.0,0.15030000000000002,optimal
2021-02-07 11:30:00,60,91,0.8962116373410661,0.0,0.0,0.1874,optimal
2021-02-07 12:00:00,60,91,0.8197911751960804,0.0,0.0,0.11320000000000001,optimal
2021-02-07 12:30:00,60,91,0.7889911751960651,0.0,0.0,0.221,optimal
2021-02-07 13:00:00,60,91,2.2857142857142856,0.0,0.0,0.074,optimal
2021-02-07 13:30:00,60,91,2.2857142857142856,0.0,0.0,0.1972,optimal
2021-02-07 14:00:00,60,91,2.2857142857142856,0.0,0.0,0.074,optimal
2021-02-07 14:30:00,60,91,2.2857142857142856,0.0,0.0,0.1874,optimal
2021-02-07 15:00:00,60,91,2.2857142857142856,0.0,0.0,0.1468,optimal
2021-02-07 15:30:00,60,91,2.2857142857142856,0.0,0.0,0.074,optimal
2021-02-07 16:00:00,60,91,0.0,0.0,0.0,0.24969999999999998,optimal
2021-02-07 16:30:00,60,91,0.0,0.0,0.0,0.0845,optimal
2021-02-07 17:00:00,60,91,0.0,0.0,0.0,0.1916,optimal
2021-02-07 17:30:00,60,91,0.0,0.0,0.0,0.09359999999999999,optimal
2021-02-07 18:00:00,60,91,0.0,0.0,0.0,0.179,optimal
2021-02-07 18:30:00,60,91,0.0,0.0,0.0,0.1412,optimal
2021-02-07 19:00:00,60,91,0.0,0.0,0.0,0.1426,optimal
2021-02-07 19:30:00,60,91,1.1707146591914577,0.0,0.0,0.1916,optimal
2021-02-07 20:00:00,60,91,1.2427021330067456,0.0,0.0,0.074,optimal
2021-02-07 20:30:00,60,91,0.0,0.0,0.0,0.158,optimal
2021-02-07 21:00:00,60,91,0.0,0.0,0.0,0.1762,optimal
2021-02-07 21:30:00,60,91,0.0,0.0,0.0,0.1076,optimal
2021-02-07 22:00:00,60,91,0.0,0.0,0.0,0.2266,optimal
2021-02-07 22:30:00,60,91,0.0,0.0,0.0,0.074,optimal
2021-02-07 23:00:00,60,91,0.0,0.0,0.0,0.168,optimal
2021-02-07 23:30:00,60,91,0.0,0.0,0.0,0.074,optimal
2021-02-08 00:00:00,60,91,0.0,0.0,0.0,0.046,optimal
2021-02-08 00:30:00,60,91,0.0,0.0,0.0,0.046,optimal
2021-02-08 01:00:00,60,91,0.0,0.0,0.0,0.15919999999999998,optimal
2021-02-08 01:30:00,60,91,0.0,0.0,0.0,0.14593333333333333,optimal
2021-02-08 02:00:00,60,91,0.17171054009401562,0.0,0.0,0.06963333333333334,optimal
2021-02-08 02:30:00,60,91,2.2857142857142856,0.0,0.0,0.2355,optimal
2021-02-08 03:00:00,60,91,2.2857142857142856,0.0,0.0,0.046,optimal
2021-02-08 03:30:00,60,91,2.2857142857142856,0.0,0.0,0.13886666666666667,optimal
2021-02-08 04:00:00,60,91,2.2857142857142856,0.0,0.0,0.09906666666666666,optimal
2021-02-08 04:30:00,60,91,2.2857142857142856,0.0,0.0,0.046,optimal
2021-02-08 05:00:00,60,91,2.2857142857142856,0.0,0.0,0.24586666666666668,optimal
2021-02-08 05:30:00,60,91,2.2857142857142856,0.0,0.0,0.05926666666666667,optimal
2021-02-08 06:00:00,60,91,2.2857142857142856,0.0,0.0,0.046,optimal
2021-02-08 06:30:00,60,91,2.2857142857142856,0.0,6.425884307430944,0.045666666666666654,optimal
2021-02-08 07:00:00,60,91,2.2857142857142856,0.0,10.0,0.1615,optimal
2021-02-08 07:30:00,60,91,2.2857142857142856,0.0,0.0,0.3521333333333333,optimal
2021-02-08 08:00:00,60,91,0.9678614815351756,0.0,0.0,0.9118999999999999,optimal
2021-02-08 08:30:00,60,91,1.2774832730504284,0.0,0.0,0.18203333333333332,optimal
2021-02-08 09:00:00,60,91,1.1809044043585375,0.0,0.0,0.056,optimal
2021-02-08 09:30:00,60,91,1.0789431456570804,0.0,0.0,0.32430000000000003,optimal
2021-02-08 10:00:00,60,91,0.8134576057330933,0.0,0.0,0.26106666666666667,optimal
2021-02-08 10:30:00,60,91,0.8428760072916948,0.0,0.0,0.098,optimal
2021-02-08 11:00:00,60,91,0.5521695618173824,0.0,0.0,0.2795,optimal
2021-02-08 11:30:00,60,91,0.6221096750640338,0.0,0.0,0.055,optimal
2021-02-08 12:00:00,60,91,0.5482785482476722,0.0,0.0,0.0686,optimal
2021-02-08 12:30:00,60,91,0.5549016318838135,0.0,0.0,0.18866666666666662,optimal
2021-02-08 13:00:00,60,91,0.5888257999423485,0.0,0.0,0.11946666666666668,optimal
2021-02-08 13:30:00,60,91,1.9850757576347564,0.0,0.0,0.19903333333333334,optimal
2021-02-08 14:00:00,60,91,2.2857142857142856,0.0,0.0,0.12916666666666665,optimal
2021-02-08 14:30:00,60,91,2.2857142857142856,0.0,0.0,1.0715999999999999,optimal
2021-02-08 15:00:00,60,91,2.2857142857142856,0.0,0.0,0.8396,optimal
2021-02-08 15:30:00,60,91,2.2857142857142856,0.0,0.0,0.3478333333333333,optimal
2021-02-08 16:00:00,60,91,0.0,0.0,0.0,0.217,optimal
2021-02-08 16:30:00,60,91,0.0,0.0,0.0,0.28513333333333335,optimal
2021-02-08 17:00:00,60,91,0.0,0.0,0.0,1.6645333333333332,optimal
2021-02-08 17:30:00,60,91,0.0,0.0,0.0,0.6339666666666667,optimal
2021-02-08 18:00:00,60,91,0.0,0.0,0.0,1.7544333333333333,optimal
2021-02-08 18:30:00,60,91,0.0,0.0,0.0,0.23516666666666663,optimal
2021-02-08 19:00:00,60,91,0.0,0.0,0.0,0.23653333333333332,optimal
2021-02-08 19:30:00,60,91,0.0,0.0,0.0,0.32439999999999997,optimal
2021-02-08 20:00:00,60,91,0.0,0.0,0.0,0.5109333333333332,optimal
2021-02-08 20:30:00,60,91,0.0,0.0,0.0,0.24663333333333332,optimal
2021-02-08 21:00:00,60,91,0.0,0.0,0.0,0.5766333333333333,optimal
2021-02-08 21:30:00,60,91,0.0,0.0,0.0,0.106,optimal
2021-02-08 22:00:00,60,91,0.09952380952380938,0.0,0.0,0.08276666666666667,optimal
2021-02-08 22:30:00,60,91,0.0,0.0,0.0,0.2631,optimal
2021-02-08 23:00:00,60,91,0.0,0.0,0.0,0.42310000000000003,optimal
2021-02-08 23:30:00,60,91,0.0,0.0,0.0,0.08923333333333333,optimal
2021-02-09 00:00:00,60,91,0.0,0.0,0.0,0.078,optimal
2021-02-09 00:30:00,60,91,0.2786666666666667,0.0,0.0,0.071,optimal
2021-02-09 01:00:00,60,91,0.0,0.0,0.0,0.18086666666666668,optimal
2021-02-09 01:30:00,60,91,0.0,0.0,0.0,0.043,optimal
2021-02-09 02:00:00,60,91,0.030749747718856062,0.0,0.0,0.11193333333333334,optimal
2021-02-09 02:30:00,60,91,2.2857142857142856,0.0,0.0,0.13293333333333335,optimal
2021-02-09 03:00:00,60,91,2.2857142857142856,0.0,0.0,0.085,optimal
2021-02-09 03:30:00,60,91,2.2857142857142856,0.0,0.0,0.18086666666666668,optimal
2021-02-09 04:00:00,60,91,2.2857142857142856,0.0,0.0,0.0465,optimal
2021-02-09 04:30:00,60,91,2.2857142857142856,0.0,0.0,0.22156666666666663,optimal
2021-02-09 05:00:00,60,91,2.2857142857142856,0.0,0.0,0.061799999999999994,optimal
2021-02-09 05:30:00,60,91,2.2857142857142856,0.0,0.0,0.0675,optimal
2021-02-09 06:00:00,60,91,2.2857142857142856,0.0,0.0,0.21936666666666668,optimal
2021-02-09 06:30:00,60,91,2.2857142857142856,0.0,0.0,0.04866666666666666,optimal
2021-02-09 07:00:00,60,91,2.2857142857142856,0.0,7.598053786624902,0.2418333333333333,optimal
2021-02-09 07:30:00,60,91,2.2857142857142856,0.0,0.0,0.09746666666666669,optimal
2021-02-09 08:00:00,60,91,1.350990938505842,0.0,0.0,0.106,optimal
2021-02-09 08:30:00,60,91,1.3192963464710392,0.0,0.0,0.18086666666666668,optimal
2021-02-09 09:00:00,60,91,1.2033465916303376,0.0,0.0,0.050333333333333334,optimal
2021-02-09 09:30:00,60,91,1.1667383599417014,0.0,0.0,0.099,optimal
2021-02-09 10:00:00,60,91,0.8725047626081596,0.0,0.0,0.18786666666666668,optimal
2021-02-09 10:30:00,60,91,0.8787217123914431,0.0,0.0,0.106,optimal
2021-02-09 11:00:00,60,91,0.6211910900403714,0.0,0.0,0.137,optimal
2021-02-09 11:30:00,60,91,0.6270801942827384,0.0,0.0,0.10436666666666666,optimal
2021-02-09 12:00:00,60,91,0.4664077707800574,0.0,0.0,0.0885,optimal
2021-02-09 12:30:00,60,91,0.360661523680554,0.0,0.0,0.32363333333333333,optimal
2021-02-09 13:00:00,60,91,2.2857142857142856,0.0,0.0,0.2749,optimal
2021-02-09 13:30:00,60,91,2.2857142857142856,0.0,0.0,0.21380000000000002,optimal
2021-02-09 14:00:00,60,91,2.2857142857142856,0.0,0.0,0.20136666666666667,optimal
2021-02-09 14:30:00,60,91,2.2857142857142856,0.0,0.0,0.053,optimal
2021-02-09 15:00:00,60,91,2.2857142857142856,0.0,0.0,0.21206666666666663,optimal
2021-02-09 15:30:00,60,91,2.2857142857142856,0.0,0.0,0.5347999999999999,optimal
2021-02-09 16:00:00,60,91,0.0,0.0,0.0,0.3495,optimal
2021-02-09 16:30:00,60,91,0.0,0.0,0.0,0.2642,optimal
2021-02-09 17:00:00,60,91,0.0,0.0,0.0,0.3932,optimal
2021-02-09 17:30:00,60,91,0.0,0.0,0.0,0.48606666666666665,optimal
2021-02-09 18:00:00,60,91,0.0,0.0,0.0,0.4187666666666667,optimal
2021-02-09 18:30:00,60,91,0.0,0.0,0.0,0.3225,optimal
2021-02-09 19:00:00,60,91,0.0,0.0,0.0,0.2876,optimal
2021-02-09 19:30:00,60,91,0.23758752419017828,0.0,0.0,0.2582333333333333,optimal
2021-02-09 20:00:00,60,91,0.9887458756916844,0.0,0.0,0.3579,optimal
2021-02-09 20:30:00,60,91,0.0,0.0,0.0,0.30293333333333333,optimal
2021-02-09 21:00:00,60,91,0.0,0.0,0.0,0.4436666666666667,optimal
2021-02-09 21:30:00,60,91,0.0,0.0,0.0,0.3123666666666667,optimal
2021-02-09 22:00:00,60,91,0.0199047619047619,0.0,0.0,0.4539666666666666,optimal
2021-02-09 22:30:00,60,91,0.0,0.0,0.0,0.21259999999999998,optimal
2021-02-09 23:00:00,60,91,0.0,0.0,0.0,0.053,optimal
2021-02-09 23:30:00,60,91,0.0,0.0,0.0,0.24986666666666668,optimal
2021-02-10 00:00:00,60,91,0.0,0.0,0.0,0.057,optimal
2021-02-10 00:30:00,60,91,0.9753333333333333,0.0,0.0,0.057,optimal
2021-02-10 01:00:00,60,91,0.0,0.0,0.0,0.057,optimal
2021-02-10 01:30:00,60,91,0.0,0.0,0.0,0.057,optimal
2021-02-10 02:00:00,60,91,1.033561960314031,0.0,0.0,0.057,optimal
2021-02-10 02:30:00,60,91,2.2857142857142856,0.0,0.0,0.057,optimal
2021-02-10 03:00:00,60,91,2.2857142857142856,0.0,0.0,0.057,optimal
2021-02-10 03:30:00,60,91,2.2857142857142856,0.0,0.0,0.1134,optimal
2021-02-10 04:00:00,60,91,2.2857142857142856,0.0,0.0,0.057,optimal
2021-02-10 04:30:00,60,91,2.2857142857142856,0.0,0.0,0.057,optimal
2021-02-10 05:00:00,60,91,2.2857142857142856,0.0,0.0,0.0852,optimal
2021-02-10 05:30:00,60,91,2.2857142857142856,0.0,0.0,0.0852,optimal
2021-02-10 06:00:00,60,91,2.2857142857142856,0.0,0.0,0.07893333333333334,optimal
2021-02-10 06:30:00,60,91,2.2857142857142856,0.0,0.0,0.10466666666666669,optimal
2021-02-10 07:00:00,60,91,2.2857142857142856,0.0,7.107064695553588,0.33166666666666667,optimal
2021-02-10 07:30:00,60,91,2.2857142857142856,0.0,0.0,0.30806666666666666,optimal
2021-02-10 08:00:00,60,91,1.2512603770770134,0.0,0.0,0.11326666666666668,optimal
2021-02-10 08:30:00,60,91,1.2057691749988797,0.0,0.0,0.3237333333333333,optimal
2021-02-10 09:00:00,60,91,1.0567450166042616,0.0,0.0,0.09570000000000001,optimal
2021-02-10 09:30:00,60,91,0.8278252430975415,0.0,0.0,0.7798333333333334,optimal
2021-02-10 10:00:00,60,91,0.911572418877582,0.0,0.0,0.057,optimal
2021-02-10 10:30:00,60,91,0.7497730649380238,0.0,0.0,0.5382333333333333,optimal
2021-02-10 11:00:00,60,91,0.7096690432053779,0.0,0.0,0.057,optimal
2021-02-10 11:30:00,60,91,0.6866853469282147,0.0,0.0,0.1134,optimal
2021-02-10 12:00:00,60,91,0.4616411129316069,0.0,0.0,0.057,optimal
2021-02-10 12:30:00,60,91,0.4455268272173213,0.0,0.0,0.11506666666666666,optimal
2021-02-10 13:00:00,60,91,2.2857142857142856,0.0,0.0,0.065,optimal
2021-02-10 13:30:00,60,91,2.2857142857142856,0.0,0.0,0.057,optimal
2021-02-10 14:00:00,60,91,2.2857142857142856,0.0,0.0,0.1134,optimal
2021-02-10 14:30:00,60,91,2.2857142857142856,0.0,0.0,0.058333333333333334,optimal
2021-02-10 15:00:00,60,91,2.2857142857142856,0.0,0.0,0.067,optimal
2021-02-10 15:30:00,60,91,2.2857142857142856,0.0,0.0,0.067,optimal
2021-02-10 16:00:00,60,91,0.0,0.0,0.0,0.12340000000000001,optimal
2021-02-10 16:30:00,60,91,0.0,0.0,0.0,0.279,optimal
2021-02-10 17:00:00,60,91,0.0,0.0,0.0,0.092,optimal
2021-02-10 17:30:00,60,91,0.0,0.0,0.0,0.1576,optimal
2021-02-10 18:00:00,60,91,0.0,0.0,0.0,0.09773333333333332,optimal
2021-02-10 18:30:00,60,91,0.0,0.0,0.0,0.18480000000000002,optimal
2021-02-10 19:00:00,60,91,0.0,0.0,0.0,0.17,optimal
2021-02-10 19:30:00,60,91,0.0,0.0,0.0,0.43206666666666665,optimal
2021-02-10 20:00:00,60,91,0.9881704845210216,0.0,0.0,0.12340000000000001,optimal
2021-02-10 20:30:00,60,91,0.0,0.0,0.0,0.067,optimal
2021-02-10 21:00:00,60,91,0.0,0.0,0.0,2.4865999999999997,optimal
2021-02-10 21:30:00,60,91,0.0,0.0,0.0,2.1203000000000003,optimal
2021-02-10 22:00:00,60,91,0.0,0.0,0.0,0.22030000000000002,optimal
2021-02-10 22:30:00,60,91,0.0,0.0,0.0,0.5416,optimal
2021-02-10 23:00:00,60,91,0.0,0.0,0.0,0.4279,optimal
2021-02-10 23:30:00,60,91,0.0,0.0,0.0,0.1366,optimal
2021-02-11 00:00:00,60,91,0.0,0.0,0.0,0.07166666666666667,optimal
2021-02-11 00:30:00,60,91,1.3535238095238094,0.0,0.0,0.1155,optimal
2021-02-11 01:00:00,60,91,0.98121220317937,0.0,0.0,0.0727,optimal
2021-02-11 01:30:00,60,91,2.2857142857142856,0.0,0.0,0.062,optimal
2021-02-11 02:00:00,60,91,2.2857142857142856,0.0,0.0,0.1262,optimal
2021-02-11 02:30:00,60,91,2.2857142857142856,0.0,0.0,0.062,optimal
2021-02-11 03:00:00,60,91,2.2857142857142856,0.0,0.0,0.062,optimal
2021-02-11 03:30:00,60,91,2.2857142857142856,0.0,0.0,0.09086666666666667,optimal
2021-02-11 04:00:00,60,91,2.2857142857142856,0.0,0.0,0.10766666666666669,optimal
2021-02-11 04:30:00,60,91,2.2857142857142856,0.0,0.0,0.072,optimal
2021-02-11 05:00:00,60,91,2.2857142857142856,0.0,0.0,0.11836666666666666,optimal
2021-02-11 05:30:00,60,91,2.2857142857142856,0.0,0.0,0.08983333333333333,optimal
2021-02-11 06:00:00,60,91,2.2857142857142856,0.0,7.306953888663507,1.8885666666666663,optimal
2021-02-11 06:30:00,60,91,2.2857142857142856,0.0,10.0,0.13523333333333332,optimal
2021-02-11 07:00:00,60,91,2.2857142857142856,0.0,10.0,0.25316666666666665,optimal
2021-02-11 07:30:00,60,91,2.2857142857142856,0.0,0.0,1.793766666666667,optimal
2021-02-11 08:00:00,60,91,1.3275356227494761,0.0,0.0,0.12913333333333332,optimal
2021-02-11 08:30:00,60,91,1.4462235481176011,0.0,0.0,0.35983333333333334,optimal
2021-02-11 09:00:00,60,91,1.3573561126176932,0.0,0.0,0.072,optimal
2021-02-11 09:30:00,60,91,1.2399346478539999,0.0,0.0,0.08626666666666667,optimal
2021-02-11 10:00:00,60,91,0.6890936353964899,0.0,0.0,1.6665333333333332,optimal
2021-02-11 10:30:00,60,91,0.8650748606785222,0.0,0.0,0.072,optimal
2021-02-11 11:00:00,60,91,0.6636347467239377,0.0,0.0,0.072,optimal
2021-02-11 11:30:00,60,91,0.6121141675023545,0.0,0.0,0.072,optimal
2021-02-11 12:00:00,60,91,0.3737201321746129,0.0,0.0,0.072,optimal
2021-02-11 12:30:00,60,91,0.3290689635159074,0.0,0.0,0.072,optimal
2021-02-11 13:00:00,60,91,2.2857142857142856,0.0,0.0,0.072,optimal
2021-02-11 13:30:00,60,91,2.2857142857142856,0.0,0.0,0.1362,optimal
2021-02-11 14:00:00,60,91,2.2857142857142856,0.0,0.0,0.072,optimal
2021-02-11 14:30:00,60,91,2.2857142857142856,0.0,0.0,0.072,optimal
2021-02-11 15:00:00,60,91,2.2857142857142856,0.0,0.0,0.072,optimal
2021-02-11 15:30:00,60,91,2.2857142857142856,0.0,0.0,0.072,optimal
2021-02-11 16:00:00,60,91,0.0,0.0,0.0,0.09340000000000001,optimal
2021-02-11 16:30:00,60,91,0.0,0.0,0.0,0.1148,optimal
2021-02-11 17:00:00,60,91,0.0,0.0,0.0,0.072,optimal
2021-02-11 17:30:00,60,91,0.0,0.0,0.0,0.746,optimal
2021-02-11 18:00:00,60,91,0.0,0.0,0.0,1.193,optimal
2021-02-11 18:30:00,60,91,0.0,0.0,0.0,0.317,optimal
2021-02-11 19:00:00,60,91,0.0,0.0,0.0,0.08626666666666667,optimal
2021-02-11 19:30:00,60,91,1.1566358936523964,0.0,0.0,0.072,optimal
2021-02-11 20:00:00,60,91,1.8205040488599429,0.0,0.0,0.072,optimal
2021-02-11 20:30:00,60,91,0.0,0.0,0.0,0.08626666666666667,optimal
2021-02-11 21:00:00,60,91,0.0,0.0,0.0,2.0581666666666667,optimal
2021-02-11 21:30:00,60,91,0.0,0.0,0.0,0.27043333333333336,optimal
2021-02-11 22:00:00,60,91,0.0,0.0,0.0,0.1362,optimal
2021-02-11 22:30:00,60,91,0.0,0.0,0.0,0.072,optimal
2021-02-11 23:00:00,60,91,0.0,0.0,0.0,0.1362,optimal
2021-02-11 23:30:00,60,91,0.0,0.0,0.0,0.072,optimal
2021-02-12 00:00:00,60,91,0.7512301431837277,0.0,0.0,0.0912,optimal
2021-02-12 00:30:00,60,91,2.2857142857142856,0.0,0.0,0.13813333333333333,optimal
2021-02-12 01:00:00,60,91,2.2857142857142856,0.0,0.0,0.056,optimal
2021-02-12 01:30:00,60,91,2.2857142857142856,0.0,0.0,0.19533333333333328,optimal
2021-02-12 02:00:00,60,91,2.2857142857142856,0.0,0.0,0.21106666666666662,optimal
2021-02-12 02:30:00,60,91,2.2857142857142856,0.0,0.0,0.15713333333333332,optimal
2021-02-12 03:00:00,60,91,2.2857142857142856,0.0,0.0,0.2457333333333333,optimal
2021-02-12 03:30:00,60,91,2.2857142857142856,0.0,0.0,0.0878,optimal
2021-02-12 04:00:00,60,91,2.2857142857142856,0.0,0.0,0.10773333333333332,optimal
2021-02-12 04:30:00,60,91,2.2857142857142856,0.0,0.0,0.2896,optimal
2021-02-12 05:00:00,60,91,2.2857142857142856,0.0,0.0,0.0792,optimal
2021-02-12 05:30:00,60,91,2.2857142857142856,0.0,0.0,0.05966666666666666,optimal
2021-02-12 06:00:00,60,91,2.2857142857142856,0.0,0.0,0.2587333333333333,optimal
2021-02-12 06:30:00,60,91,2.2857142857142856,0.0,0.0,0.1768,optimal
2021-02-12 07:00:00,60,91,2.2857142857142856,0.0,8.225024380794762,0.19646666666666668,optimal
2021-02-12 07:30:00,60,91,2.2857142857142856,0.0,0.0,0.43976666666666664,optimal
2021-02-12 08:00:00,60,91,1.9039933114087841,0.0,0.0,1.7577,optimal
2021-02-12 08:30:00,60,91,1.5862311801535776,0.0,0.0,0.18786666666666668,optimal
2021-02-12 09:00:00,60,91,1.4304161114042377,0.0,0.0,0.0882,optimal
2021-02-12 09:30:00,60,91,1.2320128885447381,0.0,0.0,0.25366666666666665,optimal
2021-02-12 10:00:00,60,91,0.8185062236245447,0.0,0.0,0.17626666666666668,optimal
2021-02-12 10:30:00,60,91,0.7959809623254029,0.0,0.0,0.15893333333333334,optimal
2021-02-12 11:00:00,60,91,0.4935882797556851,0.0,0.0,0.2816,optimal
2021-02-12 11:30:00,60,91,0.550744050664727,0.0,0.0,0.06953333333333334,optimal
2021-02-12 12:00:00,60,91,0.42367539904119084,0.0,0.0,0.18986666666666668,optimal
2021-02-12 12:30:00,60,91,0.4038787889978616,0.0,0.0,0.24713333333333332,optimal
2021-02-12 13:00:00,60,91,2.2857142857142856,0.0,0.0,0.066,optimal
2021-02-12 13:30:00,60,91,2.2857142857142856,0.0,0.0,0.3158666666666667,optimal
2021-02-12 14:00:00,60,91,2.2857142857142856,0.0,0.0,0.8887666666666667,optimal
2021-02-12 14:30:00,60,91,2.2857142857142856,0.0,0.0,0.7306666666666666,optimal
2021-02-12 15:00:00,60,91,2.2857142857142856,0.0,0.0,0.16119999999999998,optimal
2021-02-12 15:30:00,60,91,2.2857142857142856,0.0,0.0,0.3326,optimal
2021-02-12 16:00:00,60,91,0.0,0.0,0.0,0.26306666666666667,optimal
2021-02-12 16:30:00,60,91,0.0,0.0,0.0,0.17206666666666667,optimal
2021-02-12 17:00:00,60,91,0.0,0.0,0.0,0.07306666666666667,optimal
2021-02-12 17:30:00,60,91,0.0,0.0,0.0,0.25366666666666665,optimal
2021-02-12 18:00:00,60,91,0.0,0.0,0.0,0.15166666666666664,optimal
2021-02-12 18:30:00,60,91,0.0,0.0,0.0,0.10826666666666668,optimal
2021-02-12 19:00:00,60,91,0.0,0.0,0.0,0.12253333333333331,optimal
2021-02-12 19:30:00,60,91,0.0,0.0,0.0,0.31093333333333334,optimal
2021-02-12 20:00:00,60,91,1.2123849668652689,0.0,0.0,0.066,optimal
2021-02-12 20:30:00,60,91,0.0,0.0,0.0,0.2509333333333333,optimal
2021-02-12 21:00:00,60,91,0.0,0.0,0.0,0.1896,optimal
2021-02-12 21:30:00,60,91,0.0,0.0,0.0,0.16573333333333332,optimal
2021-02-12 22:00:00,60,91,0.0398095238095238,0.0,0.0,0.1891,optimal
2021-02-12 22:30:00,60,91,0.0,0.0,0.0,0.2287333333333333,optimal
2021-02-12 23:00:00,60,91,0.0,0.0,0.0,0.39130000000000004,optimal
2021-02-12 23:30:00,60,91,0.0,0.0,0.0,0.1124,optimal
2021-02-13 00:00:00,60,91,0.0,0.0,0.0,0.064,optimal
2021-02-13 00:30:00,60,91,0.11942857142857143,0.0,0.0,0.064,optimal
2021-02-13 01:00:00,60,91,0.0,0.0,0.0,0.064,optimal
2021-02-13 01:30:00,60,91,0.7165709692493865,0.0,0.0,0.064,optimal
2021-02-13 02:00:00,60,91,2.2857142857142856,0.0,0.0,0.064,optimal
2021-02-13 02:30:00,60,91,2.2857142857142856,0.0,0.0,0.064,optimal
2021-02-13 03:00:00,60,91,2.2857142857142856,0.0,0.0,0.064,optimal
2021-02-13 03:30:00,60,91,2.2857142857142856,0.0,0.0,0.064,optimal
2021-02-13 04:00:00,60,91,2.2857142857142856,0.0,0.0,0.064,optimal
2021-02-13 04:30:00,60,91,2.2857142857142856,0.0,0.0,0.064,optimal
2021-02-13 05:00:00,60,91,2.2857142857142856,0.0,0.0,0.064,optimal
2021-02-13 05:30:00,60,91,2.2857142857142856,0.0,0.0,0.064,optimal
2021-02-13 06:00:00,60,91,2.2857142857142856,0.0,4.318392910370745,0.064,optimal
2021-02-13 06:30:00,60,91,2.2857142857142856,0.0,10.0,0.06333333333333334,optimal
2021-02-13 07:00:00,60,91,2.2857142857142856,0.0,0.0,0.07033333333333333,optimal
2021-02-13 07:30:00,60,91,2.2857142857142856,0.0,0.0,0.07233333333333333,optimal
2021-02-13 08:00:00,60,91,1.4332047140034943,0.0,0.0,0.064,optimal
2021-02-13 08:30:00,60,91,1.4297700087220557,0.0,0.0,0.064,optimal
2021-02-13 09:00:00,60,91,1.2757208761311862,0.0,0.0,0.064,optimal
2021-02-13 09:30:00,60,91,1.2585473497239916,0.0,0.0,0.064,optimal
2021-02-13 10:00:00,60,91,0.9847714656785002,0.0,0.0,0.064,optimal
2021-02-13 10:30:00,60,91,0.9813367603970612,0.0,0.0,0.064,optimal
2021-02-13 11:00:00,60,91,0.6766732004967387,0.0,0.0,0.07033333333333333,optimal
2021-02-13 11:30:00,60,91,0.6732384952152999,0.0,0.0,0.073,optimal
2021-02-13 12:00:00,60,91,0.5470809232372997,0.0,0.0,0.064,optimal
2021-02-13 12:30:00,60,91,0.45678294124583696,0.0,0.0,0.062,optimal
2021-02-13 13:00:00,60,91,2.2857142857142856,0.0,0.0,0.09853333333333332,optimal
2021-02-13 13:30:00,60,91,2.2857142857142856,0.0,0.0,0.2596,optimal
2021-02-13 14:00:00,60,91,2.2857142857142856,0.0,0.0,0.44576666666666664,optimal
2021-02-13 14:30:00,60,91,2.2857142857142856,0.0,0.0,0.279,optimal
2021-02-13 15:00:00,60,91,2.2857142857142856,0.0,0.0,0.4184,optimal
2021-02-13 15:30:00,60,91,2.2857142857142856,0.0,0.0,0.16853333333333334,optimal
2021-02-13 16:00:00,60,91,0.0,0.0,0.0,0.074,optimal
2021-02-13 16:30:00,60,91,0.0,0.0,0.0,0.3944666666666666,optimal
2021-02-13 17:00:00,60,91,0.0,0.0,0.0,0.243,optimal
2021-02-13 17:30:00,60,91,0.0,0.0,0.0,0.23053333333333334,optimal
2021-02-13 18:00:00,60,91,0.0,0.0,0.0,0.33943333333333336,optimal
2021-02-13 18:30:00,60,91,0.0,0.0,0.0,0.422,optimal
2021-02-13 19:00:00,60,91,0.0,0.0,0.0,0.4399333333333333,optimal
2021-02-13 19:30:00,60,91,0.8866728000391114,0.0,0.0,1.5341,optimal
2021-02-13 20:00:00,60,91,1.3893720225329196,0.0,0.0,0.146,optimal
2021-02-13 20:30:00,60,91,0.0,0.0,0.0,0.15780000000000002,optimal
2021-02-13 21:00:00,60,91,0.0,0.0,0.0,0.1696,optimal
2021-02-13 21:30:00,60,91,0.0,0.0,0.0,1.8340333333333334,optimal
2021-02-13 22:00:00,60,91,0.15923809523809523,0.0,0.0,0.6067666666666667,optimal
2021-02-13 22:30:00,60,91,0.0,0.0,0.0,0.452,optimal
2021-02-13 23:00:00,60,91,0.0,0.0,0.0,0.6526333333333333,optimal
2021-02-13 23:30:00,60,91,0.0,0.0,0.0,0.492,optimal
2021-02-07 00:00:00,61,91,0.0,0.0,0.0,0.056,optimal
2021-02-07 00:30:00,61,91,0.0,0.0,0.0,0.056,optimal
2021-02-07 01:00:00,61,91,0.0,0.0,0.0,0.1733,optimal
2021-02-07 01:30:00,61,91,0.0,0.0,0.0,0.0905,optimal
2021-02-07 02:00:00,61,91,0.0,0.0,0.0,0.056,optimal
2021-02-07 02:30:00,61,91,0.0,0.0,0.0,0.2078,optimal
2021-02-07 03:00:00,61,91,0.0,0.0,0.0,0.056,optimal
2021-02-07 03:30:00,61,91,0.0,0.0,0.0,0.1043,optimal
2021-02-07 04:00:00,61,91,2.2857142857142856,0.0,0.0,0.1595,optimal
2021-02-07 04:30:00,61,91,2.2857142857142856,0.0,0.0,0.056,optimal
2021-02-07 05:00:00,61,91,2.2857142857142856,0.0,0.0,0.1802,optimal
2021-02-07 05:30:00,61,91,2.2857142857142856,0.0,0.0,0.0836,optimal
2021-02-07 06:00:00,61,91,2.2857142857142856,0.0,0.0,0.0974,optimal
2021-02-07 06:30:00,61,91,2.2857142857142856,0.0,0.0,0.1674,optimal
2021-02-07 07:00:00,61,91,2.2857142857142856,0.0,1.7076336144509696,0.06266666666666666,optimal
2021-02-07 07:30:00,61,91,0.0,0.0,0.0,0.06566666666666666,optimal
2021-02-07 08:00:00,61,91,0.0,0.0,0.0,0.10703333333333331,optimal
2021-02-07 08:30:00,61,91,0.0,0.0,0.0,0.21780000000000002,optimal
2021-02-07 09:00:00,61,91,0.0,0.0,0.0,0.066,optimal
2021-02-07 09:30:00,61,91,0.9092643070101419,0.0,0.0,0.14880000000000002,optimal
2021-02-07 10:00:00,61,91,1.0396912039123187,0.0,0.0,0.135,optimal
2021-02-07 10:30:00,61,91,1.0662749001894765,0.0,0.0,0.066,optimal
2021-02-07 11:00:00,61,91,0.8973830659124973,0.0,0.0,0.18330000000000002,optimal
2021-02-07 11:30:00,61,91,0.9210402087696424,0.0,0.0,0.1005,optimal
2021-02-07 12:00:00,61,91,0.8273626037674991,0.0,0.0,0.0867,optimal
2021-02-07 12:30:00,61,91,0.7958197466246466,0.0,0.0,0.1971,optimal
2021-02-07 13:00:00,61,91,2.2857142857142856,0.0,0.0,0.066,optimal
2021-02-07 13:30:00,61,91,2.2857142857142856,0.0,0.0,0.20126666666666668,optimal
2021-02-07 14:00:00,61,91,2.2857142857142856,0.0,0.0,0.27366666666666667,optimal
2021-02-07 14:30:00,61,91,2.2857142857142856,0.0,0.0,0.1717,optimal
2021-02-07 15:00:00,61,91,2.2857142857142856,0.0,0.0,0.3122,optimal
2021-02-07 15:30:00,61,91,2.2857142857142856,0.0,0.0,0.1581,optimal
2021-02-07 16:00:00,61,91,0.0,0.0,0.0,0.1143,optimal
2021-02-07 16:30:00,61,91,0.0,0.0,0.0,0.1725,optimal
2021-02-07 17:00:00,61,91,0.0,0.0,0.0,0.066,optimal
2021-02-07 17:30:00,61,91,0.0,0.0,0.0,0.066,optimal
2021-02-07 18:00:00,61,91,0.0,0.0,0.0,0.18930000000000002,optimal
2021-02-07 18:30:00,61,91,0.0,0.0,0.0,0.10683333333333331,optimal
2021-02-07 19:00:00,61,91,0.0,0.0,0.0,0.09026666666666668,optimal
2021-02-07 19:30:00,61,91,0.0,0.0,0.0,0.20296666666666666,optimal
2021-02-07 20:00:00,61,91,0.8423069526983112,0.0,0.0,0.4386666666666667,optimal
2021-02-07 20:30:00,61,91,0.0,0.0,0.0,0.20183333333333328,optimal
2021-02-07 21:00:00,61,91,0.0,0.0,0.0,0.3791333333333333,optimal
2021-02-07 21:30:00,61,91,0.0,0.0,0.0,0.234,optimal
2021-02-07 22:00:00,61,91,0.0,0.0,0.0,0.5011,optimal
2021-02-07 22:30:00,61,91,0.0,0.0,0.0,0.4044,optimal
2021-02-07 23:00:00,61,91,0.0,0.0,0.0,0.081,optimal
2021-02-07 23:30:00,61,91,0.0,0.0,0.0,0.1921,optimal
2021-02-08 00:00:00,61,91,0.09952380952380951,0.0,0.0,0.154,optimal
2021-02-08 00:30:00,61,91,1.1345714285714286,0.0,0.0,0.2532,optimal
2021-02-08 01:00:00,61,91,0.0,0.0,0.0,0.09433333333333331,optimal
2021-02-08 01:30:00,61,91,0.0,0.0,0.0,0.059,optimal
2021-02-08 02:00:00,61,91,0.0,0.0,0.0,0.08020000000000001,optimal
2021-02-08 02:30:00,61,91,1.1419116604773474,0.0,0.0,0.13673333333333332,optimal
2021-02-08 03:00:00,61,91,2.2857142857142856,0.0,0.0,0.059,optimal
2021-02-08 03:30:00,61,91,2.2857142857142856,0.0,0.0,0.11553333333333332,optimal
2021-02-08 04:00:00,61,91,2.2857142857142856,0.0,0.0,0.1014,optimal
2021-02-08 04:30:00,61,91,2.2857142857142856,0.0,0.0,0.059,optimal
2021-02-08 05:00:00,61,91,2.2857142857142856,0.0,8.00939750242574,0.3196,optimal
2021-02-08 05:30:00,61,91,2.2857142857142856,0.0,0.0,0.45080000000000003,optimal
2021-02-08 06:00:00,61,91,2.2857142857142856,0.0,0.0,0.36460000000000004,optimal
2021-02-08 06:30:00,61,91,2.2857142857142856,0.0,0.0,0.248,optimal
2021-02-08 07:00:00,61,91,2.2857142857142856,0.0,0.0,0.069,optimal
2021-02-08 07:30:00,61,91,2.2857142857142856,0.0,0.0,0.069,optimal
2021-02-08 08:00:00,61,91,1.2888900529637324,0.0,0.0,0.11846666666666668,optimal
2021-02-08 08:30:00,61,91,1.2957594635266103,0.0,0.0,0.11846666666666668,optimal
2021-02-08 09:00:00,61,91,1.177304404358543,0.0,0.0,0.069,optimal
2021-02-08 09:30:00,61,91,0.928895526609457,0.0,0.0,1.4224666666666668,optimal
2021-02-08 10:00:00,61,91,0.7555337962092835,0.0,0.0,0.224,optimal
2021-02-08 10:30:00,61,91,0.6434741025297837,0.0,0.0,1.5935666666666666,optimal
2021-02-08 11:00:00,61,91,0.4915333713411839,0.0,0.0,0.6023666666666667,optimal
2021-02-08 11:30:00,61,91,0.5419191988735558,0.0,0.0,0.397,optimal
2021-02-08 12:00:00,61,91,0.4181680720571822,0.0,0.0,0.6452,optimal
2021-02-08 12:30:00,61,91,0.49984067950284994,0.0,0.0,0.3619,optimal
2021-02-08 13:00:00,61,91,2.2857142857142856,0.0,0.0,0.40693333333333326,optimal
2021-02-08 13:30:00,61,91,2.2857142857142856,0.0,0.0,1.0111333333333332,optimal
2021-02-08 14:00:00,61,91,2.2857142857142856,0.0,0.0,0.6723666666666667,optimal
2021-02-08 14:30:00,61,91,2.2857142857142856,0.0,0.0,0.3592666666666667,optimal
2021-02-08 15:00:00,61,91,2.2857142857142856,0.0,0.0,0.3302,optimal
2021-02-08 15:30:00,61,91,2.2857142857142856,0.0,0.0,0.3388333333333333,optimal
2021-02-08 16:00:00,61,91,0.0,0.0,0.0,0.069,optimal
2021-02-08 16:30:00,61,91,0.0,0.0,0.0,0.069,optimal
2021-02-08 17:00:00,61,91,0.0,0.0,0.0,0.16793333333333332,optimal
2021-02-08 17:30:00,61,91,0.0,0.0,0.0,0.069,optimal
2021-02-08 18:00:00,61,91,0.0,0.0,0.0,0.12553333333333333,optimal
2021-02-08 18:30:00,61,91,0.0,0.0,0.0,0.397,optimal
2021-02-08 19:00:00,61,91,0.0,0.0,0.0,0.337,optimal
2021-02-08 19:30:00,61,91,0.12142550223649289,0.0,0.0,0.48519999999999996,optimal
2021-02-08 20:00:00,61,91,1.0390167380298954,0.0,0.0,0.4776,optimal
2021-02-08 20:30:00,61,91,0.0,0.0,0.0,0.486,optimal
2021-02-08 21:00:00,61,91,0.0,0.0,0.0,0.5644333333333332,optimal
2021-02-08 21:30:00,61,91,0.0,0.0,0.0,0.435,optimal
2021-02-08 22:00:00,61,91,0.07961904761904762,0.0,0.0,0.41363333333333335,optimal
2021-02-08 22:30:00,61,91,0.0,0.0,0.0,0.4433,optimal
2021-02-08 23:00:00,61,91,0.0,0.0,0.0,0.5107,optimal
2021-02-08 23:30:00,61,91,0.0,0.0,0.0,0.4833,optimal
2021-02-09 00:00:00,61,91,0.0,0.0,0.0,0.058333333333333334,optimal
2021-02-09 00:30:00,61,91,0.5772380952380952,0.0,0.0,0.15819999999999998,optimal
2021-02-09 01:00:00,61,91,0.0,0.0,0.0,0.09620000000000001,optimal
2021-02-09 01:30:00,61,91,0.0,0.0,0.0,0.06366666666666666,optimal
2021-02-09 02:00:00,61,91,0.07705937341608637,0.0,0.0,0.162,optimal
2021-02-09 02:30:00,61,91,2.2857142857142856,0.0,0.0,0.1044,optimal
2021-02-09 03:00:00,61,91,2.2857142857142856,0.0,0.0,0.059,optimal
2021-02-09 03:30:00,61,91,2.2857142857142856,0.0,0.0,0.1148,optimal
2021-02-09 04:00:00,61,91,2.2857142857142856,0.0,0.0,0.1396,optimal
2021-02-09 04:30:00,61,91,2.2857142857142856,0.0,0.0,0.059,optimal
2021-02-09 05:00:00,61,91,2.2857142857142856,0.0,0.0,0.06366666666666666,optimal
2021-02-09 05:30:00,61,91,2.2857142857142856,0.0,0.0,0.12633333333333333,optimal
2021-02-09 06:00:00,61,91,2.2857142857142856,0.0,0.0,0.13340000000000002,optimal
2021-02-09 06:30:00,61,91,2.2857142857142856,0.0,0.0,0.059,optimal
2021-02-09 07:00:00,61,91,2.2857142857142856,0.0,9.097181687125248,0.05766666666666666,optimal
2021-02-09 07:30:00,61,91,2.2857142857142856,0.0,0.0,0.19540000000000002,optimal
2021-02-09 08:00:00,61,91,1.3167623670772561,0.0,0.0,0.059,optimal
2021-02-09 08:30:00,61,91,1.2488487274234183,0.0,0.0,0.10479999999999999,optimal
2021-02-09 09:00:00,61,91,0.9669656392493732,0.0,0.0,0.4998,optimal
2021-02-09 09:30:00,61,91,1.0402050266083585,0.0,0.0,0.198,optimal
2021-02-09 10:00:00,61,91,0.6987142864176678,0.0,0.0,0.4806666666666667,optimal
2021-02-09 10:30:00,61,91,0.8800931409628575,0.0,0.0,0.1124,optimal
2021-02-09 11:00:00,61,91,0.6172482328975063,0.0,0.0,0.162,optimal
2021-02-09 11:30:00,61,91,0.6403849561875111,0.0,0.0,0.069,optimal
2021-02-09 12:00:00,61,91,0.43797919935148666,0.0,0.0,0.1992,optimal
2021-02-09 12:30:00,61,91,0.4768424760615018,0.0,0.0,0.0752,optimal
2021-02-09 13:00:00,61,91,2.2857142857142856,0.0,0.0,0.069,optimal
2021-02-09 13:30:00,61,91,2.2857142857142856,0.0,0.0,0.2054,optimal
2021-02-09 14:00:00,61,91,2.2857142857142856,0.0,0.0,0.069,optimal
2021-02-09 14:30:00,61,91,2.2857142857142856,0.0,0.0,0.14959999999999998,optimal
2021-02-09 15:00:00,61,91,2.2857142857142856,0.0,0.0,0.1248,optimal
2021-02-09 15:30:00,61,91,2.2857142857142856,0.0,0.0,0.069,optimal
2021-02-09 16:00:00,61,91,0.0,0.0,0.0,0.0752,optimal
2021-02-09 16:30:00,61,91,0.0,0.0,0.0,0.1992,optimal
2021-02-09 17:00:00,61,91,0.0,0.0,0.0,0.069,optimal
2021-02-09 17:30:00,61,91,0.0,0.0,0.0,0.15166666666666664,optimal
2021-02-09 18:00:00,61,91,0.0,0.0,0.0,0.45580000000000004,optimal
2021-02-09 18:30:00,61,91,0.0,0.0,0.0,0.3954,optimal
2021-02-09 19:00:00,61,91,0.0,0.0,0.0,0.5330666666666667,optimal
2021-02-09 19:30:00,61,91,0.0,0.0,0.0,0.6551666666666667,optimal
2021-02-09 20:00:00,61,91,0.17065972738019258,0.0,0.0,0.26693333333333336,optimal
2021-02-09 20:30:00,61,91,0.0,0.0,0.0,0.4294,optimal
2021-02-09 21:00:00,61,91,0.0,0.0,0.0,0.22123333333333328,optimal
2021-02-09 21:30:00,61,91,0.0,0.0,0.0,0.12090000000000001,optimal
2021-02-09 22:00:00,61,91,0.0398095238095238,0.0,0.0,0.32053333333333334,optimal
2021-02-09 22:30:00,61,91,0.0,0.0,0.0,0.3462333333333333,optimal
2021-02-09 23:00:00,61,91,0.0,0.0,0.0,0.3541333333333333,optimal
2021-02-09 23:30:00,61,91,0.0,0.0,0.0,0.15213333333333331,optimal
2021-02-10 00:00:00,61,91,0.0199047619047619,0.0,0.0,0.2821,optimal
2021-02-10 00:30:00,61,91,0.4379047619047619,0.0,0.0,0.050333333333333334,optimal
2021-02-10 01:00:00,61,91,0.0,0.0,0.0,0.1166,optimal
2021-02-10 01:30:00,61,91,0.0,0.0,0.0,0.044,optimal
2021-02-10 02:00:00,61,91,1.3856110022679247,0.0,0.0,0.1166,optimal
2021-02-10 02:30:00,61,91,2.2857142857142856,0.0,0.0,0.044,optimal
2021-02-10 03:00:00,61,91,2.2857142857142856,0.0,0.0,0.1166,optimal
2021-02-10 03:30:00,61,91,2.2857142857142856,0.0,0.0,0.044,optimal
2021-02-10 04:00:00,61,91,2.2857142857142856,0.0,0.0,0.044,optimal
2021-02-10 04:30:00,61,91,2.2857142857142856,0.0,0.0,0.044,optimal
2021-02-10 05:00:00,61,91,2.2857142857142856,0.0,2.375298282877832,0.1166,optimal
2021-02-10 05:30:00,61,91,2.2857142857142856,0.0,10.0,0.06783333333333333,optimal
2021-02-10 06:00:00,61,91,2.2857142857142856,0.0,10.0,0.2253,optimal
2021-02-10 06:30:00,61,91,2.2857142857142856,0.0,0.0,1.0503333333333333,optimal
2021-02-10 07:00:00,61,91,2.2857142857142856,0.0,0.0,0.1145,optimal
2021-02-10 07:30:00,61,91,2.2857142857142856,0.0,0.0,0.054,optimal
2021-02-10 08:00:00,61,91,1.3936222818389126,0.0,0.0,0.054,optimal
2021-02-10 08:30:00,61,91,1.3591406035703109,0.0,0.0,0.1266,optimal
2021-02-10 09:00:00,61,91,1.2043735880328188,0.0,0.0,0.054,optimal
2021-02-10 09:30:00,61,91,1.1802633383356516,0.0,0.0,0.09029999999999999,optimal
2021-02-10 10:00:00,61,91,0.9043438474490112,0.0,0.0,0.09029999999999999,optimal
2021-02-10 10:30:00,61,91,0.9044111601761291,0.0,0.0,0.054,optimal
2021-02-10 11:00:00,61,91,0.6704880908244228,0.0,0.0,0.1158,optimal
2021-02-10 11:30:00,61,91,0.5312282040710685,0.0,0.0,0.22533333333333327,optimal
2021-02-10 12:00:00,61,91,0.3230696843601883,0.0,0.0,0.05603333333333333,optimal
2021-02-10 12:30:00,61,91,0.29105063674114295,0.0,0.0,0.1492666666666667,optimal
2021-02-10 13:00:00,61,91,2.2857142857142856,0.0,0.0,0.052,optimal
2021-02-10 13:30:00,61,91,2.2857142857142856,0.0,0.0,0.12459999999999999,optimal
2021-02-10 14:00:00,61,91,2.2857142857142856,0.0,0.0,0.05333333333333334,optimal
2021-02-10 14:30:00,61,91,2.2857142857142856,0.0,0.0,0.054,optimal
2021-02-10 15:00:00,61,91,2.2857142857142856,0.0,0.0,0.1266,optimal
2021-02-10 15:30:00,61,91,2.2857142857142856,0.0,0.0,0.054,optimal
2021-02-10 16:00:00,61,91,0.0,0.0,0.0,0.054,optimal
2021-02-10 16:30:00,61,91,0.0,0.0,0.0,0.1266,optimal
2021-02-10 17:00:00,61,91,0.0,0.0,0.0,0.05423333333333333,optimal
2021-02-10 17:30:00,61,91,0.0,0.0,0.0,0.16353333333333334,optimal
2021-02-10 18:00:00,61,91,0.0,0.0,0.0,0.12346666666666668,optimal
2021-02-10 18:30:00,61,91,0.0,0.0,0.0,0.0883,optimal
2021-02-10 19:00:00,61,91,0.0,0.0,0.0,0.4319666666666666,optimal
2021-02-10 19:30:00,61,91,0.0,0.0,0.0,0.2766,optimal
2021-02-10 20:00:00,61,91,0.7276972009870516,0.0,0.0,0.4550666666666667,optimal
2021-02-10 20:30:00,61,91,0.0,0.0,0.0,0.25703333333333334,optimal
2021-02-10 21:00:00,61,91,0.0,0.0,0.0,0.42560000000000003,optimal
2021-02-10 21:30:00,61,91,0.0,0.0,0.0,0.17796666666666666,optimal
2021-02-10 22:00:00,61,91,0.0199047619047619,0.0,0.0,0.2253,optimal
2021-02-10 22:30:00,61,91,0.0,0.0,0.0,0.12256666666666666,optimal
2021-02-10 23:00:00,61,91,0.0,0.0,0.0,0.0782,optimal
2021-02-10 23:30:00,61,91,0.0,0.0,0.0,0.10073333333333331,optimal
2021-02-11 00:00:00,61,91,0.0,0.0,0.0,0.058,optimal
2021-02-11 00:30:00,61,91,1.612285714285714,0.0,0.0,0.058,optimal
2021-02-11 01:00:00,61,91,1.781003899785342,0.0,0.0,0.21126666666666669,optimal
2021-02-11 01:30:00,61,91,2.2857142857142856,0.0,0.0,0.058,optimal
2021-02-11 02:00:00,61,91,2.2857142857142856,0.0,0.0,0.2043,optimal
2021-02-11 02:30:00,61,91,2.2857142857142856,0.0,0.0,0.06496666666666667,optimal
2021-02-11 03:00:00,61,91,2.2857142857142856,0.0,0.0,0.058,optimal
2021-02-11 03:30:00,61,91,2.2857142857142856,0.0,0.0,0.21126666666666669,optimal
2021-02-11 04:00:00,61,91,2.2857142857142856,0.0,0.0,0.058,optimal
2021-02-11 04:30:00,61,91,2.2857142857142856,0.0,0.0,0.058,optimal
2021-02-11 05:00:00,61,91,2.2857142857142856,0.0,0.0,0.08586666666666666,optimal
2021-02-11 05:30:00,61,91,2.2857142857142856,0.0,0.0,0.1834,optimal
2021-02-11 06:00:00,61,91,2.2857142857142856,0.0,0.0,0.058,optimal
2021-02-11 06:30:00,61,91,2.2857142857142856,0.0,8.296168595372894,0.19036666666666668,optimal
2021-02-11 07:00:00,61,91,2.2857142857142856,0.0,10.0,0.1077,optimal
2021-02-11 07:30:00,61,91,2.2857142857142856,0.0,0.0,0.18919999999999998,optimal
2021-02-11 08:00:00,61,91,1.3748975275113877,0.0,0.0,0.19833333333333328,optimal
2021-02-11 08:30:00,61,91,1.367315929069992,0.0,0.0,0.1853333333333333,optimal
2021-02-11 09:00:00,61,91,1.1431942078557753,0.0,0.0,0.43776666666666664,optimal
2021-02-11 09:30:00,61,91,1.0066298859492382,0.0,0.0,0.5023666666666666,optimal
2021-02-11 10:00:00,61,91,0.566753635396507,0.0,0.0,0.38739999999999997,optimal
2021-02-11 10:30:00,61,91,0.5933891463928067,0.0,0.0,0.4354333333333333,optimal
2021-02-11 11:00:00,61,91,0.40011093720011637,0.0,0.0,0.27953333333333336,optimal
2021-02-11 11:30:00,61,91,0.40207607226424547,0.0,0.0,0.1893333333333333,optimal
2021-02-11 12:00:00,61,91,0.19686298931746085,0.0,0.0,0.26403333333333334,optimal
2021-02-11 12:30:00,61,91,0.08135467780162556,0.0,0.0,1.4671333333333334,optimal
2021-02-11 13:00:00,61,91,2.2857142857142856,0.0,0.0,1.456766666666667,optimal
2021-02-11 13:30:00,61,91,2.2857142857142856,0.0,0.0,0.6513333333333333,optimal
2021-02-11 14:00:00,61,91,2.2857142857142856,0.0,0.0,0.2192666666666667,optimal
2021-02-11 14:30:00,61,91,2.2857142857142856,0.0,0.0,0.4968666666666667,optimal
2021-02-11 15:00:00,61,91,2.2857142857142856,0.0,0.0,1.2708333333333333,optimal
2021-02-11 15:30:00,61,91,2.2857142857142856,0.0,0.0,0.15259999999999999,optimal
2021-02-11 16:00:00,61,91,0.0,0.0,0.0,0.2473333333333333,optimal
2021-02-11 16:30:00,61,91,0.0,0.0,0.0,0.38423333333333337,optimal
2021-02-11 17:00:00,61,91,0.0,0.0,0.0,0.4058,optimal
2021-02-11 17:30:00,61,91,0.0,0.0,0.0,1.0260666666666667,optimal
2021-02-11 18:00:00,61,91,0.0,0.0,0.0,1.9320666666666664,optimal
2021-02-11 18:30:00,61,91,0.0,0.0,0.0,0.39903333333333335,optimal
2021-02-11 19:00:00,61,91,0.0,0.0,0.0,0.49110000000000004,optimal
2021-02-11 19:30:00,61,91,0.0,0.0,0.0,0.196,optimal
2021-02-11 20:00:00,61,91,0.8038773277592893,0.0,0.0,0.35176666666666667,optimal
2021-02-11 20:30:00,61,91,0.0,0.0,0.0,0.5294666666666668,optimal
2021-02-11 21:00:00,61,91,0.0,0.0,0.0,1.3754333333333333,optimal
2021-02-11 21:30:00,61,91,0.0,0.0,0.0,0.068,optimal
2021-02-11 22:00:00,61,91,0.0,0.0,0.0,0.0889,optimal
2021-02-11 22:30:00,61,91,0.0,0.0,0.0,0.20036666666666667,optimal
2021-02-11 23:00:00,61,91,0.0,0.0,0.0,0.068,optimal
2021-02-11 23:30:00,61,91,0.0,0.0,0.0,0.1098,optimal
2021-02-12 00:00:00,61,91,2.1755696454403637,0.0,0.0,0.10026666666666668,optimal
2021-02-12 00:30:00,61,91,2.2857142857142856,0.0,0.0,0.08453333333333334,optimal
2021-02-12 01:00:00,61,91,2.2857142857142856,0.0,0.0,0.1718,optimal
2021-02-12 01:30:00,61,91,2.2857142857142856,0.0,0.0,0.1274,optimal
2021-02-12 02:00:00,61,91,2.2857142857142856,0.0,0.0,0.057,optimal
2021-02-12 02:30:00,61,91,2.2857142857142856,0.0,0.0,0.2422,optimal
2021-02-12 03:00:00,61,91,2.2857142857142856,0.0,0.0,0.057,optimal
2021-02-12 03:30:00,61,91,2.2857142857142856,0.0,0.0,0.10026666666666668,optimal
2021-02-12 04:00:00,61,91,2.2857142857142856,0.0,0.0,0.1989333333333333,optimal
2021-02-12 04:30:00,61,91,2.2857142857142856,0.0,0.0,0.08653333333333334,optimal
2021-02-12 05:00:00,61,91,2.2857142857142856,0.0,0.0,0.20906666666666662,optimal
2021-02-12 05:30:00,61,91,2.2857142857142856,0.0,0.0,0.08193333333333333,optimal
2021-02-12 06:00:00,61,91,2.2857142857142856,0.0,2.458585351930262,0.14873333333333333,optimal
2021-02-12 06:30:00,61,91,2.2857142857142856,0.0,10.0,0.9857666666666668,optimal
2021-02-12 07:00:00,61,91,2.2857142857142856,0.0,0.0,0.3138,optimal
2021-02-12 07:30:00,61,91,2.2857142857142856,0.0,0.0,1.0411,optimal
2021-02-12 08:00:00,61,91,2.2193799780754504,0.0,0.0,1.3022333333333331,optimal
2021-02-12 08:30:00,61,91,1.3950026087250074,0.0,0.0,0.9275333333333332,optimal
2021-02-12 09:00:00,61,91,1.3197399209280556,0.0,0.0,0.192,optimal
2021-02-12 09:30:00,61,91,1.2276605075923415,0.0,0.0,0.07433333333333333,optimal
2021-02-12 10:00:00,61,91,0.8497538426721479,0.0,0.0,0.067,optimal
2021-02-12 10:30:00,61,91,0.7850952480396964,0.0,0.0,0.19713333333333333,optimal
2021-02-12 11:00:00,61,91,0.5391978035652099,0.0,0.0,0.12206666666666666,optimal
2021-02-12 11:30:00,61,91,0.527725003045679,0.0,0.0,0.1502,optimal
2021-02-12 12:00:00,61,91,0.4296658752316694,0.0,0.0,0.169,optimal
2021-02-12 12:30:00,61,91,0.45388831280738196,0.0,0.0,0.0722,optimal
2021-02-12 13:00:00,61,91,2.2842690507272967,0.0,0.0,0.1762,optimal
2021-02-12 13:30:00,61,91,2.2857142857142856,0.0,0.0,0.12993333333333335,optimal
2021-02-12 14:00:00,61,91,2.2857142857142856,0.0,0.0,0.15833333333333335,optimal
2021-02-12 14:30:00,61,91,2.2857142857142856,0.0,0.0,0.3169666666666666,optimal
2021-02-12 15:00:00,61,91,2.2857142857142856,0.0,0.0,0.21730000000000002,optimal
2021-02-12 15:30:00,61,91,2.2857142857142856,0.0,0.0,0.1868333333333333,optimal
2021-02-12 16:00:00,61,91,0.0,0.0,0.0,0.17913333333333334,optimal
2021-02-12 16:30:00,61,91,0.0,0.0,0.0,0.7508666666666667,optimal
2021-02-12 17:00:00,61,91,0.0,0.0,0.0,0.2488333333333333,optimal
2021-02-12 17:30:00,61,91,0.0,0.0,0.0,0.14736666666666667,optimal
2021-02-12 18:00:00,61,91,0.0,0.0,0.0,0.5159,optimal
2021-02-12 18:30:00,61,91,0.0,0.0,0.0,0.48236666666666667,optimal
2021-02-12 19:00:00,61,91,0.0,0.0,0.0,0.32993333333333336,optimal
2021-02-12 19:30:00,61,91,0.0,0.0,0.0,0.38913333333333333,optimal
2021-02-12 20:00:00,61,91,0.0,0.0,0.0,0.36673333333333336,optimal
2021-02-12 20:30:00,61,91,0.0,0.0,0.0,0.847,optimal
2021-02-12 21:00:00,61,91,0.0,0.0,0.0,0.4539666666666666,optimal
2021-02-12 21:30:00,61,91,0.0,0.0,0.0,0.46326666666666666,optimal
2021-02-12 22:00:00,61,91,0.11942857142857143,0.0,0.0,0.4064666666666666,optimal
2021-02-12 22:30:00,61,91,0.0,0.0,0.0,0.2783333333333333,optimal
2021-02-12 23:00:00,61,91,0.0,0.0,0.0,0.15513333333333332,optimal
2021-02-12 23:30:00,61,91,0.0,0.0,0.0,0.1814,optimal
2021-02-13 00:00:00,61,91,0.0,0.0,0.0,0.062,optimal
2021-02-13 00:30:00,61,91,2.2857142857142856,0.0,0.0,0.061,optimal
2021-02-13 01:00:00,61,91,0.0,0.0,0.0,0.1996,optimal
2021-02-13 01:30:00,61,91,0.0,0.0,0.0,0.061,optimal
2021-02-13 02:00:00,61,91,1.4354344211609489,0.0,0.0,0.1492,optimal
2021-02-13 02:30:00,61,91,2.2857142857142856,0.0,0.0,0.1114,optimal
2021-02-13 03:00:00,61,91,2.2857142857142856,0.0,0.0,0.061,optimal
2021-02-13 03:30:00,61,91,2.2857142857142856,0.0,0.0,0.10443333333333334,optimal
2021-02-13 04:00:00,61,91,2.2857142857142856,0.0,0.0,0.1555,optimal
2021-02-13 04:30:00,61,91,2.2857142857142856,0.0,0.0,0.061,optimal
2021-02-13 05:00:00,61,91,2.2857142857142856,0.0,0.0,0.187,optimal
2021-02-13 05:30:00,61,91,2.2857142857142856,0.0,0.0,0.0736,optimal
2021-02-13 06:00:00,61,91,2.2857142857142856,0.0,1.5453946487870278,0.1184,optimal
2021-02-13 06:30:00,61,91,2.2857142857142856,0.0,10.0,0.5070333333333333,optimal
2021-02-13 07:00:00,61,91,2.2857142857142856,0.0,10.0,1.1208333333333333,optimal
2021-02-13 07:30:00,61,91,2.2857142857142856,0.0,0.0,0.333,optimal
2021-02-13 08:00:00,61,91,1.3187951901939705,0.0,0.0,0.17980000000000002,optimal
2021-02-13 08:30:00,61,91,1.4307414372934806,0.0,0.0,0.071,optimal
2021-02-13 09:00:00,61,91,1.2766923047026117,0.0,0.0,0.071,optimal
2021-02-13 09:30:00,61,91,1.2199187782954104,0.0,0.0,0.20959999999999998,optimal
2021-02-13 10:00:00,61,91,0.9857428942499253,0.0,0.0,0.071,optimal
2021-02-13 10:30:00,61,91,0.9553081889684943,0.0,0.0,0.1655,optimal
2021-02-13 11:00:00,61,91,0.6650446290681722,0.0,0.0,0.1151,optimal
2021-02-13 11:30:00,61,91,0.6742099237867478,0.0,0.0,0.071,optimal
2021-02-13 12:00:00,61,91,0.5084523518087184,0.0,0.0,0.20959999999999998,optimal
2021-02-13 12:30:00,61,91,0.5411829412458472,0.0,0.0,0.071,optimal
2021-02-13 13:00:00,61,91,2.2857142857142856,0.0,0.0,0.071,optimal
2021-02-13 13:30:00,61,91,2.2857142857142856,0.0,0.0,0.20959999999999998,optimal
2021-02-13 14:00:00,61,91,2.2857142857142856,0.0,0.0,0.071,optimal
2021-02-13 14:30:00,61,91,2.2857142857142856,0.0,0.0,0.1529,optimal
2021-02-13 15:00:00,61,91,2.2857142857142856,0.0,0.0,0.1277,optimal
2021-02-13 15:30:00,61,91,2.2857142857142856,0.0,0.0,0.1088,optimal
2021-02-13 16:00:00,61,91,0.0,0.0,0.0,0.1718,optimal
2021-02-13 16:30:00,61,91,0.0,0.0,0.0,1.8444,optimal
2021-02-13 17:00:00,61,91,0.0,0.0,0.0,3.032766666666667,optimal
2021-02-13 17:30:00,61,91,0.0,0.0,0.0,2.0808666666666666,optimal
2021-02-13 18:00:00,61,91,0.0,0.0,0.0,1.555,optimal
2021-02-13 18:30:00,61,91,0.0,0.0,0.0,0.29656666666666665,optimal
2021-02-13 19:00:00,61,91,0.0,0.0,0.0,0.6137666666666667,optimal
2021-02-13 19:30:00,61,91,0.0,0.0,0.0,0.3521333333333333,optimal
2021-02-13 20:00:00,61,91,0.3393710434162968,0.0,0.0,0.3567333333333333,optimal
2021-02-13 20:30:00,61,91,0.0,0.0,0.0,0.48073333333333335,optimal
2021-02-13 21:00:00,61,91,0.0,0.0,0.0,0.495,optimal
2021-02-13 21:30:00,61,91,0.0,0.0,0.0,0.5058,optimal
2021-02-13 22:00:00,61,91,0.0,0.0,0.0,0.0836,optimal
2021-02-13 22:30:00,61,91,0.0,0.0,0.0,0.197,optimal
2021-02-13 23:00:00,61,91,0.0,0.0,0.0,0.071,optimal
2021-02-13 23:30:00,61,91,0.0,0.0,0.0,0.20959999999999998,optimal
2021-02-07 00:00:00,62,91,0.0,0.0,0.0,0.057,optimal
2021-02-07 00:30:00,62,91,0.0,0.0,0.0,0.084,optimal
2021-02-07 01:00:00,62,91,0.0,0.0,0.0,0.14880000000000002,optimal
2021-02-07 01:30:00,62,91,0.0,0.0,0.0,0.057,optimal
2021-02-07 02:00:00,62,91,0.0,0.0,0.0,0.1758,optimal
2021-02-07 02:30:00,62,91,0.0,0.0,0.0,0.057,optimal
2021-02-07 03:00:00,62,91,0.0,0.0,0.0,0.07859999999999999,optimal
2021-02-07 03:30:00,62,91,0.0,0.0,0.0,0.15419999999999998,optimal
2021-02-07 04:00:00,62,91,2.2857142857142856,0.0,0.0,0.057,optimal
2021-02-07 04:30:00,62,91,2.2857142857142856,0.0,0.0,0.057,optimal
2021-02-07 05:00:00,62,91,2.2857142857142856,0.0,0.0,0.0624,optimal
2021-02-07 05:30:00,62,91,2.2857142857142856,0.0,0.0,0.1744,optimal
2021-02-07 06:00:00,62,91,2.2857142857142856,0.0,0.0,0.06266666666666666,optimal
2021-02-07 06:30:00,62,91,2.2857142857142856,0.0,0.0,0.14880000000000002,optimal
2021-02-07 07:00:00,62,91,2.2857142857142856,0.0,2.623502212245243,0.084,optimal
2021-02-07 07:30:00,62,91,0.0,0.0,0.0,0.08940000000000001,optimal
2021-02-07 08:00:00,62,91,0.0,0.0,0.0,0.14673333333333333,optimal
2021-02-07 08:30:00,62,91,0.0,0.0,0.0,0.063,optimal
2021-02-07 09:00:00,62,91,0.33129139999632373,0.0,0.0,0.12653333333333333,optimal
2021-02-07 09:30:00,62,91,1.1120566966654866,0.0,0.0,0.10640000000000001,optimal
2021-02-07 10:00:00,62,91,0.9876435848647048,0.0,0.0,0.10926666666666668,optimal
2021-02-07 10:30:00,62,91,0.8739263287609045,0.0,0.0,1.497266666666667,optimal
2021-02-07 11:00:00,62,91,0.7794259230553516,0.0,0.0,0.9138999999999999,optimal
2021-02-07 11:30:00,62,91,0.7875259230553562,0.0,0.0,0.3135,optimal
2021-02-07 12:00:00,62,91,0.688343556148447,0.0,0.0,0.3305666666666667,optimal
2021-02-07 12:30:00,62,91,0.4286673656722705,0.0,0.0,3.013733333333333,optimal
2021-02-07 13:00:00,62,91,1.8035890486480926,0.0,0.0,0.06966666666666667,optimal
2021-02-07 13:30:00,62,91,2.2857142857142856,0.0,0.0,0.2843333333333333,optimal
2021-02-07 14:00:00,62,91,2.2857142857142856,0.0,0.0,0.2915,optimal
2021-02-07 14:30:00,62,91,2.2857142857142856,0.0,0.0,0.3114666666666666,optimal
2021-02-07 15:00:00,62,91,2.2857142857142856,0.0,0.0,0.2981666666666667,optimal
2021-02-07 15:30:00,62,91,2.2857142857142856,0.0,0.0,0.18653333333333333,optimal
2021-02-07 16:00:00,62,91,0.0,0.0,0.0,0.3408,optimal
2021-02-07 16:30:00,62,91,0.0,0.0,0.0,1.4150666666666667,optimal
2021-02-07 17:00:00,62,91,0.0,0.0,0.0,0.6908333333333334,optimal
2021-02-07 17:30:00,62,91,0.0,0.0,0.0,1.4544333333333335,optimal
2021-02-07 18:00:00,62,91,0.0,0.0,0.0,0.237,optimal
2021-02-07 18:30:00,62,91,0.0,0.0,0.0,1.7168666666666665,optimal
2021-02-07 19:00:00,62,91,0.0,0.0,0.0,0.2922,optimal
2021-02-07 19:30:00,62,91,0.0,0.0,0.0,0.26646666666666663,optimal
2021-02-07 20:00:00,62,91,0.0,0.0,0.0,0.3728,optimal
2021-02-07 20:30:00,62,91,0.0,0.0,0.0,0.2726,optimal
2021-02-07 21:00:00,62,91,0.0,0.0,0.0,1.0641666666666667,optimal
2021-02-07 21:30:00,62,91,0.0,0.0,0.0,0.16806666666666667,optimal
2021-02-07 22:00:00,62,91,0.0,0.0,0.0,0.612,optimal
2021-02-07 22:30:00,62,91,0.0,0.0,0.0,1.295233333333333,optimal
2021-02-07 23:00:00,62,91,0.0,0.0,0.0,0.067,optimal
2021-02-07 23:30:00,62,91,0.0,0.0,0.0,0.0724,optimal
2021-02-08 00:00:00,62,91,0.0,0.0,0.0,0.1175,optimal
2021-02-08 00:30:00,62,91,0.0,0.0,0.0,0.0723,optimal
2021-02-08 01:00:00,62,91,0.0,0.0,0.0,0.061,optimal
2021-02-08 01:30:00,62,91,0.0,0.0,0.0,0.17466666666666666,optimal
2021-02-08 02:00:00,62,91,0.0,0.0,0.0,0.061,optimal
2021-02-08 02:30:00,62,91,0.4081492320377673,0.0,0.0,0.1753,optimal
2021-02-08 03:00:00,62,91,2.2857142857142856,0.0,0.0,0.12816666666666665,optimal
2021-02-08 03:30:00,62,91,2.2857142857142856,0.0,0.0,0.061,optimal
2021-02-08 04:00:00,62,91,2.2857142857142856,0.0,0.0,0.24246666666666666,optimal
2021-02-08 04:30:00,62,91,2.2857142857142856,0.0,0.0,0.061,optimal
2021-02-08 05:00:00,62,91,2.2857142857142856,0.0,0.0,0.1174,optimal
2021-02-08 05:30:00,62,91,2.2857142857142856,0.0,0.0,0.18606666666666663,optimal
2021-02-08 06:00:00,62,91,2.2857142857142856,0.0,0.0,1.1714,optimal
2021-02-08 06:30:00,62,91,2.2857142857142856,0.0,0.0,1.3879333333333335,optimal
2021-02-08 07:00:00,62,91,2.2857142857142856,0.0,8.78312986210116,0.37853333333333333,optimal
2021-02-08 07:30:00,62,91,2.2857142857142856,0.0,0.0,0.060333333333333336,optimal
2021-02-08 08:00:00,62,91,1.2853471958208793,0.0,0.0,0.12126666666666668,optimal
2021-02-08 08:30:00,62,91,1.2762832730504154,0.0,0.0,0.17703333333333332,optimal
2021-02-08 09:00:00,62,91,1.1753710710252123,0.0,0.0,0.06616666666666667,optimal
2021-02-08 09:30:00,62,91,1.166543145657073,0.0,0.0,0.061,optimal
2021-02-08 10:00:00,62,91,0.8948099866854602,0.0,0.0,0.2048,optimal
2021-02-08 10:30:00,62,91,0.9354379120535994,0.0,0.0,0.09866666666666668,optimal
2021-02-08 11:00:00,62,91,0.66798860943642,0.0,0.0,0.16293333333333335,optimal
2021-02-08 11:30:00,62,91,0.6675191988735525,0.0,0.0,0.14053333333333334,optimal
2021-02-08 12:00:00,62,91,0.6024880720571822,0.0,0.0,0.061,optimal
2021-02-08 12:30:00,62,91,0.41569210807429785,0.0,0.0,0.3727,optimal
2021-02-08 13:00:00,62,91,1.7889185287903486,0.0,0.0,0.23116666666666663,optimal
2021-02-08 13:30:00,62,91,2.2857142857142856,0.0,0.0,0.2064,optimal
2021-02-08 14:00:00,62,91,2.2857142857142856,0.0,0.0,0.28576666666666667,optimal
2021-02-08 14:30:00,62,91,2.2857142857142856,0.0,0.0,0.28,optimal
2021-02-08 15:00:00,62,91,2.2857142857142856,0.0,0.0,0.1288,optimal
2021-02-08 15:30:00,62,91,2.2857142857142856,0.0,0.0,0.2874333333333333,optimal
2021-02-08 16:00:00,62,91,0.0,0.0,0.0,0.2912,optimal
2021-02-08 16:30:00,62,91,0.0,0.0,0.0,0.5833333333333334,optimal
2021-02-08 17:00:00,62,91,0.0,0.0,0.0,0.32963333333333333,optimal
2021-02-08 17:30:00,62,91,0.0,0.0,0.0,0.2877,optimal
2021-02-08 18:00:00,62,91,0.0,0.0,0.0,0.4305333333333334,optimal
2021-02-08 18:30:00,62,91,0.0,0.0,0.0,0.4781333333333333,optimal
2021-02-08 19:00:00,62,91,0.0,0.0,0.0,0.2623666666666667,optimal
2021-02-08 19:30:00,62,91,0.0,0.0,0.0,0.21856666666666663,optimal
2021-02-08 20:00:00,62,91,0.0,0.0,0.0,0.1162,optimal
2021-02-08 20:30:00,62,91,0.0,0.0,0.0,0.10909999999999999,optimal
2021-02-08 21:00:00,62,91,0.0,0.0,0.0,0.188,optimal
2021-02-08 21:30:00,62,91,0.0,0.0,0.0,0.21563333333333332,optimal
2021-02-08 22:00:00,62,91,0.0,0.0,0.0,0.33173333333333327,optimal
2021-02-08 22:30:00,62,91,0.0,0.0,0.0,0.2054,optimal
2021-02-08 23:00:00,62,91,0.0,0.0,0.0,0.1602333333333333,optimal
2021-02-08 23:30:00,62,91,0.0,0.0,0.0,0.23366666666666663,optimal
2021-02-09 00:00:00,62,91,0.0,0.0,0.0,0.057,optimal
2021-02-09 00:30:00,62,91,0.0,0.0,0.0,0.12179999999999999,optimal
2021-02-09 01:00:00,62,91,0.0,0.0,0.0,0.057,optimal
2021-02-09 01:30:00,62,91,0.0,0.0,0.0,0.12179999999999999,optimal
2021-02-09 02:00:00,62,91,1.3415115101211328,0.0,0.0,0.057,optimal
2021-02-09 02:30:00,62,91,2.2857142857142856,0.0,0.0,0.12179999999999999,optimal
2021-02-09 03:00:00,62,91,2.2857142857142856,0.0,0.0,0.057,optimal
2021-02-09 03:30:00,62,91,2.2857142857142856,0.0,0.0,0.111,optimal
2021-02-09 04:00:00,62,91,2.2857142857142856,0.0,0.0,0.0678,optimal
2021-02-09 04:30:00,62,91,2.2857142857142856,0.0,0.0,0.10740000000000001,optimal
2021-02-09 05:00:00,62,91,2.2857142857142856,0.0,0.0,0.0714,optimal
2021-02-09 05:30:00,62,91,2.2857142857142856,0.0,3.1737581213043073,0.11833333333333332,optimal
2021-02-09 06:00:00,62,91,2.2857142857142856,0.0,10.0,0.07046666666666666,optimal
2021-02-09 06:30:00,62,91,2.2857142857142856,0.0,10.0,0.057,optimal
2021-02-09 07:00:00,62,91,2.2857142857142856,0.0,10.0,0.1146,optimal
2021-02-09 07:30:00,62,91,2.2857142857142856,0.0,0.0,0.06646666666666667,optimal
2021-02-09 08:00:00,62,91,1.1631147480296384,0.0,0.0,0.3430666666666667,optimal
2021-02-09 08:30:00,62,91,1.1809534893281857,0.0,0.0,0.13003333333333333,optimal
2021-02-09 09:00:00,62,91,1.0140799249636574,0.0,0.0,0.068,optimal
2021-02-09 09:30:00,62,91,0.8941269313702782,0.0,0.0,1.3528666666666667,optimal
2021-02-09 10:00:00,62,91,0.8874380959414941,0.0,0.0,0.4595,optimal
2021-02-09 10:30:00,62,91,0.8891502838199964,0.0,0.0,0.12933333333333336,optimal
2021-02-09 11:00:00,62,91,0.6206139471832237,0.0,0.0,0.2174,optimal
2021-02-09 11:30:00,62,91,0.5995354323779885,0.0,0.0,0.28463333333333335,optimal
2021-02-09 12:00:00,62,91,0.3333887231610035,0.0,0.0,0.3826333333333333,optimal
2021-02-09 12:30:00,62,91,0.3495853332043612,0.0,0.0,0.3209666666666666,optimal
2021-02-09 13:00:00,62,91,2.2266243588176775,0.0,0.0,0.5018333333333334,optimal
2021-02-09 13:30:00,62,91,2.285714285714285,0.0,0.0,0.087,optimal
2021-02-09 14:00:00,62,91,2.2857142857142856,0.0,0.0,0.12016666666666669,optimal
2021-02-09 14:30:00,62,91,2.2857142857142856,0.0,0.0,0.09066666666666669,optimal
2021-02-09 15:00:00,62,91,2.2857142857142856,0.0,0.0,1.0216333333333332,optimal
2021-02-09 15:30:00,62,91,2.2857142857142856,0.0,0.0,0.7636333333333333,optimal
2021-02-09 16:00:00,62,91,0.0,0.0,0.0,1.4500666666666666,optimal
2021-02-09 16:30:00,62,91,0.0,0.0,0.0,1.3231333333333335,optimal
2021-02-09 17:00:00,62,91,0.0,0.0,0.0,0.4143,optimal
2021-02-09 17:30:00,62,91,0.0,0.0,0.0,0.3755,optimal
2021-02-09 18:00:00,62,91,0.0,0.0,0.0,0.3417,optimal
2021-02-09 18:30:00,62,91,0.0,0.0,0.0,0.15496666666666667,optimal
2021-02-09 19:00:00,62,91,0.0,0.0,0.0,2.2156666666666665,optimal
2021-02-09 19:30:00,62,91,0.0,0.0,0.0,1.606,optimal
2021-02-09 20:00:00,62,91,0.0,0.0,0.0,2.4671999999999996,optimal
2021-02-09 20:30:00,62,91,0.0,0.0,0.0,0.28813333333333335,optimal
2021-02-09 21:00:00,62,91,0.0,0.0,0.0,0.2318,optimal
2021-02-09 21:30:00,62,91,0.0,0.0,0.0,1.6295666666666666,optimal
2021-02-09 22:00:00,62,91,0.8160952380952382,0.0,0.0,0.1072,optimal
2021-02-09 22:30:00,62,91,0.0,0.0,0.0,0.2113333333333333,optimal
2021-02-09 23:00:00,62,91,0.0,0.0,0.0,0.2653333333333333,optimal
2021-02-09 23:30:00,62,91,0.0,0.0,0.0,0.067,optimal
2021-02-10 00:00:00,62,91,0.0,0.0,0.0,0.057,optimal
2021-02-10 00:30:00,62,91,1.9108571428571428,0.0,0.0,0.1164,optimal
2021-02-10 01:00:00,62,91,0.0,0.0,0.0,0.057,optimal
2021-02-10 01:30:00,62,91,0.0,0.0,0.0,0.057,optimal
2021-02-10 02:00:00,62,91,0.9097547233084116,0.0,0.0,0.057,optimal
2021-02-10 02:30:00,62,91,2.2857142857142856,0.0,0.0,0.0702,optimal
2021-02-10 03:00:00,62,91,2.2857142857142856,0.0,0.0,0.1032,optimal
2021-02-10 03:30:00,62,91,2.2857142857142856,0.0,0.0,0.057,optimal
2021-02-10 04:00:00,62,91,2.2857142857142856,0.0,0.0,0.057,optimal
2021-02-10 04:30:00,62,91,2.2857142857142856,0.0,0.0,0.1164,optimal
2021-02-10 05:00:00,62,91,2.2857142857142856,0.0,0.0,0.06333333333333334,optimal
2021-02-10 05:30:00,62,91,2.2857142857142856,0.0,0.0,0.09670000000000001,optimal
2021-02-10 06:00:00,62,91,2.2857142857142856,0.0,9.086997852641064,0.09923333333333333,optimal
2021-02-10 06:30:00,62,91,2.2857142857142856,0.0,10.0,0.3203333333333333,optimal
2021-02-10 07:00:00,62,91,2.2857142857142856,0.0,0.0,0.15753333333333333,optimal
2021-02-10 07:30:00,62,91,2.2857142857142856,0.0,0.0,0.19406666666666664,optimal
2021-02-10 08:00:00,62,91,0.9621365675531967,0.0,0.0,0.44023333333333337,optimal
2021-02-10 08:30:00,62,91,1.0311786988084093,0.0,0.0,0.2,optimal
2021-02-10 09:00:00,62,91,0.8393545404137794,0.0,0.0,0.1882666666666667,optimal
2021-02-10 09:30:00,62,91,0.7116157192880116,0.0,0.0,0.4581,optimal
2021-02-10 10:00:00,62,91,0.5312486093537779,0.0,0.0,0.214,optimal
2021-02-10 10:30:00,62,91,0.5026397316046977,0.0,0.0,0.26339999999999997,optimal
2021-02-10 11:00:00,62,91,0.39796428130062683,0.0,0.0,0.4038333333333333,optimal
2021-02-10 11:30:00,62,91,0.4574853469282222,0.0,0.0,0.22213333333333332,optimal
2021-02-10 12:00:00,62,91,0.3035934938839934,0.0,0.0,0.0992,optimal
2021-02-10 12:30:00,62,91,0.3346506367411333,0.0,0.0,0.1335,optimal
2021-02-10 13:00:00,62,91,1.768444632661811,0.0,0.0,0.1623,optimal
2021-02-10 13:30:00,62,91,2.2857142857142856,0.0,0.0,0.20416666666666664,optimal
2021-02-10 14:00:00,62,91,2.2857142857142856,0.0,0.0,0.1557333333333333,optimal
2021-02-10 14:30:00,62,91,2.2857142857142856,0.0,0.0,0.3788666666666667,optimal
2021-02-10 15:00:00,62,91,2.2857142857142856,0.0,0.0,0.12440000000000001,optimal
2021-02-10 15:30:00,62,91,2.2857142857142856,0.0,0.0,0.2115,optimal
2021-02-10 16:00:00,62,91,0.0,0.0,0.0,0.09240000000000001,optimal
2021-02-10 16:30:00,62,91,0.0,0.0,0.0,0.11373333333333333,optimal
2021-02-10 17:00:00,62,91,0.0,0.0,0.0,0.2408333333333333,optimal
2021-02-10 17:30:00,62,91,0.0,0.0,0.0,0.22366666666666662,optimal
2021-02-10 18:00:00,62,91,0.0,0.0,0.0,0.196,optimal
2021-02-10 18:30:00,62,91,0.0,0.0,0.0,0.25680000000000003,optimal
2021-02-10 19:00:00,62,91,0.0,0.0,0.0,0.207,optimal
2021-02-10 19:30:00,62,91,0.0,0.0,0.0,0.2206,optimal
2021-02-10 20:00:00,62,91,0.0,0.0,0.0,0.2804,optimal
2021-02-10 20:30:00,62,91,0.0,0.0,0.0,0.3634666666666666,optimal
2021-02-10 21:00:00,62,91,0.0,0.0,0.0,0.6041,optimal
2021-02-10 21:30:00,62,91,0.0,0.0,0.0,0.35960000000000003,optimal
2021-02-10 22:00:00,62,91,0.09952380952380951,0.0,0.0,0.3518,optimal
2021-02-10 22:30:00,62,91,0.0,0.0,0.0,0.3994666666666666,optimal
2021-02-10 23:00:00,62,91,0.0,0.0,0.0,0.067,optimal
2021-02-10 23:30:00,62,91,0.0,0.0,0.0,0.1036,optimal
2021-02-11 00:00:00,62,91,0.0,0.0,0.0,0.07533333333333334,optimal
2021-02-11 00:30:00,62,91,0.4777142857142857,0.0,0.0,0.2666,optimal
2021-02-11 01:00:00,62,91,0.30423880332947845,0.0,0.0,0.1274,optimal
2021-02-11 01:30:00,62,91,2.2857142857142856,0.0,0.0,0.15853333333333333,optimal
2021-02-11 02:00:00,62,91,2.2857142857142856,0.0,0.0,0.22826666666666667,optimal
2021-02-11 02:30:00,62,91,2.2857142857142856,0.0,0.0,0.0752,optimal
2021-02-11 03:00:00,62,91,2.2857142857142856,0.0,0.0,0.14386666666666667,optimal
2021-02-11 03:30:00,62,91,2.2857142857142856,0.0,0.0,0.17986666666666667,optimal
2021-02-11 04:00:00,62,91,2.2857142857142856,0.0,0.0,0.19326666666666667,optimal
2021-02-11 04:30:00,62,91,2.2857142857142856,0.0,0.0,0.07166666666666667,optimal
2021-02-11 05:00:00,62,91,2.2857142857142856,0.0,0.0,0.235,optimal
2021-02-11 05:30:00,62,91,2.2857142857142856,0.0,0.0,0.17366666666666666,optimal
2021-02-11 06:00:00,62,91,2.2857142857142856,0.0,0.0,0.1018,optimal
2021-02-11 06:30:00,62,91,2.2857142857142856,0.0,4.6150755814450335,0.3122,optimal
2021-02-11 07:00:00,62,91,2.2857142857142856,0.0,10.0,1.5162666666666669,optimal
2021-02-11 07:30:00,62,91,2.2857142857142856,0.0,0.0,0.6394333333333333,optimal
2021-02-11 08:00:00,62,91,1.2251394322733016,0.0,0.0,1.5529000000000002,optimal
2021-02-11 08:30:00,62,91,1.1082549766890426,0.0,0.0,1.3235333333333332,optimal
2021-02-11 09:00:00,62,91,1.0826742078557865,0.0,0.0,0.6537666666666666,optimal
2021-02-11 09:30:00,62,91,1.108067981187338,0.0,0.0,0.103,optimal
2021-02-11 10:00:00,62,91,0.7756774449203032,0.0,0.0,0.0575,optimal
2021-02-11 10:30:00,62,91,0.739655813059492,0.0,0.0,0.3531666666666667,optimal
2021-02-11 11:00:00,62,91,0.5150537943429719,0.0,0.0,0.2872333333333333,optimal
2021-02-11 11:30:00,62,91,0.4396170246451923,0.0,0.0,1.2083,optimal
2021-02-11 12:00:00,62,91,0.1991582274127018,0.0,0.0,0.9889,optimal
2021-02-11 12:30:00,62,91,0.12825753494447995,0.0,0.0,1.2382,optimal
2021-02-11 13:00:00,62,91,2.2857142857142856,0.0,0.0,0.34776666666666667,optimal
2021-02-11 13:30:00,62,91,2.2857142857142856,0.0,0.0,0.29386666666666666,optimal
2021-02-11 14:00:00,62,91,2.2857142857142856,0.0,0.0,2.0956666666666663,optimal
2021-02-11 14:30:00,62,91,2.2857142857142856,0.0,0.0,0.19753333333333334,optimal
2021-02-11 15:00:00,62,91,2.2857142857142856,0.0,0.0,0.29386666666666666,optimal
2021-02-11 15:30:00,62,91,2.2857142857142856,0.0,0.0,0.19426666666666667,optimal
2021-02-11 16:00:00,62,91,0.0,0.0,0.0,0.15,optimal
2021-02-11 16:30:00,62,91,0.0,0.0,0.0,1.6945999999999999,optimal
2021-02-11 17:00:00,62,91,0.0,0.0,0.0,0.2616,optimal
2021-02-11 17:30:00,62,91,0.0,0.0,0.0,0.1718,optimal
2021-02-11 18:00:00,62,91,0.0,0.0,0.0,0.6253333333333334,optimal
2021-02-11 18:30:00,62,91,0.0,0.0,0.0,0.5095,optimal
2021-02-11 19:00:00,62,91,0.0,0.0,0.0,1.0170666666666668,optimal
2021-02-11 19:30:00,62,91,0.14500126507628822,0.0,0.0,0.28613333333333335,optimal
2021-02-11 20:00:00,62,91,1.6528088107647152,0.0,0.0,0.0828,optimal
2021-02-11 20:30:00,62,91,0.0,0.0,0.0,0.2443333333333333,optimal
2021-02-11 21:00:00,62,91,0.0,0.0,0.0,0.2399333333333333,optimal
2021-02-11 21:30:00,62,91,0.0,0.0,0.0,0.1916,optimal
2021-02-11 22:00:00,62,91,0.597142857142857,0.0,0.0,0.2319333333333333,optimal
2021-02-11 22:30:00,62,91,0.0199047619047619,0.0,0.0,0.32463333333333333,optimal
2021-02-11 23:00:00,62,91,0.0,0.0,0.0,0.1572666666666667,optimal
2021-02-11 23:30:00,62,91,0.0,0.0,0.0,0.2557333333333333,optimal
2021-02-12 00:00:00,62,91,0.5546336863241421,0.0,0.0,0.06,optimal
2021-02-12 00:30:00,62,91,2.2857142857142856,0.0,0.0,0.06,optimal
2021-02-12 01:00:00,62,91,2.2857142857142856,0.0,0.0,0.06,optimal
2021-02-12 01:30:00,62,91,2.2857142857142856,0.0,0.0,0.2132666666666667,optimal
2021-02-12 02:00:00,62,91,2.2857142857142856,0.0,0.0,0.06,optimal
2021-02-12 02:30:00,62,91,2.2857142857142856,0.0,0.0,0.06,optimal
2021-02-12 03:00:00,62,91,2.2857142857142856,0.0,0.0,0.068,optimal
2021-02-12 03:30:00,62,91,2.2857142857142856,0.0,0.0,0.1987,optimal
2021-02-12 04:00:00,62,91,2.2857142857142856,0.0,0.0,0.0809,optimal
2021-02-12 04:30:00,62,91,2.2857142857142856,0.0,0.0,0.1227,optimal
2021-02-12 05:00:00,62,91,2.2857142857142856,0.0,0.0,0.15056666666666665,optimal
2021-02-12 05:30:00,62,91,2.2857142857142856,0.0,0.0,0.07393333333333334,optimal
2021-02-12 06:00:00,62,91,2.2857142857142856,0.0,0.0,0.19933333333333328,optimal
2021-02-12 06:30:00,62,91,2.2857142857142856,0.0,0.0,0.06,optimal
2021-02-12 07:00:00,62,91,2.2857142857142856,0.0,0.27862129814901726,0.12373333333333332,optimal
2021-02-12 07:30:00,62,91,2.2857142857142856,0.0,0.0,0.1965,optimal
2021-02-12 08:00:00,62,91,1.943635216170695,0.0,0.0,0.17346666666666666,optimal
2021-02-12 08:30:00,62,91,1.358793084915492,0.0,0.0,0.2281,optimal
2021-02-12 09:00:00,62,91,0.9994065875947145,0.0,0.0,0.518,optimal
2021-02-12 09:30:00,62,91,0.9216986028304412,0.0,0.0,0.4323666666666667,optimal
2021-02-12 10:00:00,62,91,0.5740947950531041,0.0,0.0,1.439,optimal
2021-02-12 10:30:00,62,91,0.5558457242301784,0.0,0.0,1.040266666666667,optimal
2021-02-12 11:00:00,62,91,0.4143978035652143,0.0,0.0,0.3014,optimal
2021-02-12 11:30:00,62,91,0.34086214590283315,0.0,0.0,0.5628666666666666,optimal
2021-02-12 12:00:00,62,91,0.2973230180888143,0.0,0.0,0.8585,optimal
2021-02-12 12:30:00,62,91,0.14311688423595437,0.0,0.0,2.9175999999999997,optimal
2021-02-12 13:00:00,62,91,2.2482550097198293,0.0,10.0,3.5304,optimal
2021-02-12 13:30:00,62,91,2.2857142857142856,0.0,0.0,0.058,optimal
2021-02-12 14:00:00,62,91,2.2857142857142856,0.0,0.0,0.11423333333333333,optimal
2021-02-12 14:30:00,62,91,2.2857142857142856,0.0,0.0,0.2945,optimal
2021-02-12 15:00:00,62,91,2.2857142857142856,0.0,0.0,0.19269999999999998,optimal
2021-02-12 15:30:00,62,91,2.2857142857142856,0.0,0.0,0.39339999999999997,optimal
2021-02-12 16:00:00,62,91,0.0,0.0,0.0,0.181,optimal
2021-02-12 16:30:00,62,91,0.0,0.0,0.0,0.5331,optimal
2021-02-12 17:00:00,62,91,0.0,0.0,0.0,0.2072333333333333,optimal
2021-02-12 17:30:00,62,91,0.0,0.0,0.0,0.3126333333333333,optimal
2021-02-12 18:00:00,62,91,0.0,0.0,0.0,0.6946333333333333,optimal
2021-02-12 18:30:00,62,91,0.0,0.0,0.0,0.5483333333333333,optimal
2021-02-12 19:00:00,62,91,0.0,0.0,0.0,0.4162,optimal
2021-02-12 19:30:00,62,91,0.0,0.0,0.0,0.3153666666666667,optimal
2021-02-12 20:00:00,62,91,0.0,0.0,0.0,0.30696666666666667,optimal
2021-02-12 20:30:00,62,91,0.0,0.0,0.0,0.7493333333333334,optimal
2021-02-12 21:00:00,62,91,0.0,0.0,0.0,0.2653333333333333,optimal
2021-02-12 21:30:00,62,91,0.0,0.0,0.0,0.09090000000000001,optimal
2021-02-12 22:00:00,62,91,0.0,0.0,0.0,0.20236666666666667,optimal
2021-02-12 22:30:00,62,91,0.0,0.0,0.0,0.07,optimal
2021-02-12 23:00:00,62,91,0.0,0.0,0.0,0.13269999999999998,optimal
2021-02-12 23:30:00,62,91,0.0,0.0,0.0,0.1562333333333333,optimal
2021-02-13 00:00:00,62,91,0.0,0.0,0.0,0.067,optimal
2021-02-13 00:30:00,62,91,0.39809523809523806,0.0,0.0,0.17973333333333333,optimal
2021-02-13 01:00:00,62,91,0.0,0.0,0.0,0.12440000000000001,optimal
2021-02-13 01:30:00,62,91,0.0,0.0,0.0,0.252,optimal
2021-02-13 02:00:00,62,91,2.1458430491461224,0.0,0.0,0.09073333333333332,optimal
2021-02-13 02:30:00,62,91,2.2857142857142856,0.0,0.0,0.17636666666666667,optimal
2021-02-13 03:00:00,62,91,2.2857142857142856,0.0,0.0,0.2178333333333333,optimal
2021-02-13 03:30:00,62,91,2.2857142857142856,0.0,0.0,0.07343333333333334,optimal
2021-02-13 04:00:00,62,91,2.2857142857142856,0.0,0.0,0.2021,optimal
2021-02-13 04:30:00,62,91,2.2857142857142856,0.0,0.0,0.13226666666666667,optimal
2021-02-13 05:00:00,62,91,2.2857142857142856,0.0,0.0,0.2555,optimal
2021-02-13 05:30:00,62,91,2.2857142857142856,0.0,0.0,0.07476666666666666,optimal
2021-02-13 06:00:00,62,91,2.2857142857142856,0.0,0.0,0.077,optimal
2021-02-13 06:30:00,62,91,2.2857142857142856,0.0,6.038796571384936,0.3372,optimal
2021-02-13 07:00:00,62,91,2.2857142857142856,0.0,10.0,0.07566666666666667,optimal
2021-02-13 07:30:00,62,91,2.2857142857142856,0.0,0.0,0.5905,optimal
2021-02-13 08:00:00,62,91,1.2052951901939646,0.0,0.0,1.8733666666666664,optimal
2021-02-13 08:30:00,62,91,1.4292271515792014,0.0,0.0,0.06833333333333333,optimal
2021-02-13 09:00:00,62,91,1.2751780189883322,0.0,0.0,0.077,optimal
2021-02-13 09:30:00,62,91,1.1965283021049324,0.0,0.0,0.2921666666666667,optimal
2021-02-13 10:00:00,62,91,0.9713619418689644,0.0,0.0,0.12203333333333331,optimal
2021-02-13 10:30:00,62,91,0.9723177127780016,0.0,0.0,0.10666666666666669,optimal
2021-02-13 11:00:00,62,91,0.6121017719253139,0.0,0.0,0.30110000000000003,optimal
2021-02-13 11:30:00,62,91,0.6536194475962629,0.0,0.0,0.08476666666666667,optimal
2021-02-13 12:00:00,62,91,0.39850949466587654,0.0,0.0,0.43639999999999995,optimal
2021-02-13 12:30:00,62,91,0.4901353221982178,0.0,0.0,0.19069999999999998,optimal
2021-02-13 13:00:00,62,91,2.26006374279058,0.0,0.0,0.20433333333333328,optimal
2021-02-13 13:30:00,62,91,0.41135909786374975,0.0,0.0,0.22669999999999998,optimal
2021-02-13 14:00:00,62,91,2.2857142857142856,0.0,0.0,0.1537666666666667,optimal
2021-02-13 14:30:00,62,91,2.2857142857142856,0.0,0.0,0.3561666666666667,optimal
2021-02-13 15:00:00,62,91,2.2857142857142856,0.0,0.0,1.9095333333333333,optimal
2021-02-13 15:30:00,62,91,2.2857142857142856,0.0,0.0,1.188233333333333,optimal
2021-02-13 16:00:00,62,91,0.0,0.0,0.0,3.1058000000000003,optimal
2021-02-13 16:30:00,62,91,0.0,0.0,0.0,3.3418666666666668,optimal
2021-02-13 17:00:00,62,91,0.0,0.0,0.0,3.419633333333333,optimal
2021-02-13 17:30:00,62,91,0.0,0.0,0.0,2.2531333333333334,optimal
2021-02-13 18:00:00,62,91,0.0,0.0,0.0,2.4421999999999997,optimal
2021-02-13 18:30:00,62,91,0.0,0.0,0.0,2.6686,optimal
2021-02-13 19:00:00,62,91,0.0,0.0,0.0,0.554,optimal
2021-02-13 19:30:00,62,91,0.0,0.0,0.0,2.1375666666666664,optimal
2021-02-13 20:00:00,62,91,0.0,0.0,0.0,1.4591333333333334,optimal
2021-02-13 20:30:00,62,91,0.0,0.0,0.0,2.1761,optimal
2021-02-13 21:00:00,62,91,0.0,0.0,0.0,0.8021666666666666,optimal
2021-02-13 21:30:00,62,91,0.0,0.0,0.0,0.8414333333333333,optimal
2021-02-13 22:00:00,62,91,0.0796190476190476,0.0,0.0,0.4530666666666667,optimal
2021-02-13 22:30:00,62,91,0.09952380952380951,0.0,0.0,2.045233333333333,optimal
2021-02-13 23:00:00,62,91,0.0,0.0,0.0,0.13633333333333333,optimal
2021-02-13 23:30:00,62,91,0.0,0.0,0.0,2.9641666666666664,optimal
2021-02-07 00:00:00,63,91,0.0,0.0,0.0,0.07,optimal
2021-02-07 00:30:00,63,91,0.0,0.0,0.0,0.11126666666666668,optimal
2021-02-07 01:00:00,63,91,0.0,0.0,0.0,0.2121333333333333,optimal
2021-02-07 01:30:00,63,91,0.0,0.0,0.0,0.11346666666666669,optimal
2021-02-07 02:00:00,63,91,0.0,0.0,0.0,0.182,optimal
2021-02-07 02:30:00,63,91,0.0,0.0,0.0,0.09566666666666669,optimal
2021-02-07 03:00:00,63,91,0.0,0.0,0.0,0.14986666666666668,optimal
2021-02-07 03:30:00,63,91,0.0,0.0,0.0,0.2127333333333333,optimal
2021-02-07 04:00:00,63,91,2.2857142857142856,0.0,0.0,0.071,optimal
2021-02-07 04:30:00,63,91,2.2857142857142856,0.0,0.0,0.2731,optimal
2021-02-07 05:00:00,63,91,2.2857142857142856,0.0,0.0,0.31853333333333333,optimal
2021-02-07 05:30:00,63,91,2.2857142857142856,0.0,0.0,0.137,optimal
2021-02-07 06:00:00,63,91,2.2857142857142856,0.0,0.0,1.1199000000000001,optimal
2021-02-07 06:30:00,63,91,2.2857142857142856,0.0,0.0,0.22906666666666664,optimal
2021-02-07 07:00:00,63,91,2.2857142857142856,0.0,2.1136683551243385,0.7062999999999999,optimal
2021-02-07 07:30:00,63,91,0.0,0.0,0.0,0.368,optimal
2021-02-07 08:00:00,63,91,0.0,0.0,0.0,0.7564333333333333,optimal
2021-02-07 08:30:00,63,91,0.0,0.0,0.0,0.5300666666666667,optimal
2021-02-07 09:00:00,63,91,0.0,0.0,0.0,0.33039999999999997,optimal
2021-02-07 09:30:00,63,91,0.0,0.0,0.0,0.3065333333333334,optimal
2021-02-07 10:00:00,63,91,0.2334535710498486,0.0,0.0,1.7256666666666667,optimal
2021-02-07 10:30:00,63,91,0.8347558525704324,0.0,0.0,0.6239666666666667,optimal
2021-02-07 11:00:00,63,91,0.8039544944839303,0.0,0.0,0.2441333333333333,optimal
2021-02-07 11:30:00,63,91,0.7705354468648884,0.0,0.0,0.16983333333333334,optimal
2021-02-07 12:00:00,63,91,0.6262635561484612,0.0,0.0,0.3142,optimal
2021-02-07 12:30:00,63,91,0.6479340323389193,0.0,0.0,0.18993333333333332,optimal
2021-02-07 13:00:00,63,91,0.5189889310619699,0.0,0.0,1.1694666666666667,optimal
2021-02-07 13:30:00,63,91,1.811804575491668,0.0,0.0,1.5881333333333334,optimal
2021-02-07 14:00:00,63,91,2.2857142857142856,0.0,0.0,0.5024,optimal
2021-02-07 14:30:00,63,91,2.2857142857142856,0.0,0.0,0.3001666666666667,optimal
2021-02-07 15:00:00,63,91,2.2857142857142856,0.0,0.0,0.36233333333333334,optimal
2021-02-07 15:30:00,63,91,2.2857142857142856,0.0,0.0,1.2551666666666668,optimal
2021-02-07 16:00:00,63,91,0.0,0.0,0.0,0.3138,optimal
2021-02-07 16:30:00,63,91,0.0,0.0,0.0,0.7962666666666667,optimal
2021-02-07 17:00:00,63,91,0.0,0.0,0.0,2.1015,optimal
2021-02-07 17:30:00,63,91,0.0,0.0,0.0,0.5647000000000001,optimal
2021-02-07 18:00:00,63,91,0.0,0.0,0.0,0.7219,optimal
2021-02-07 18:30:00,63,91,0.0,0.0,0.0,0.3464,optimal
2021-02-07 19:00:00,63,91,0.0,0.0,0.0,0.5343,optimal
2021-02-07 19:30:00,63,91,0.0,0.0,0.0,0.6984333333333332,optimal
2021-02-07 20:00:00,63,91,0.0,0.0,0.0,0.49576666666666663,optimal
2021-02-07 20:30:00,63,91,0.0,0.0,0.0,0.8213333333333334,optimal
2021-02-07 21:00:00,63,91,0.0,0.0,0.0,0.6243,optimal
2021-02-07 21:30:00,63,91,0.0,0.0,0.0,0.4576,optimal
2021-02-07 22:00:00,63,91,0.0,0.0,0.0,0.6102666666666666,optimal
2021-02-07 22:30:00,63,91,0.0,0.0,0.0,0.6256333333333334,optimal
2021-02-07 23:00:00,63,91,0.0,0.0,0.0,0.49856666666666666,optimal
2021-02-07 23:30:00,63,91,0.0,0.0,0.0,0.2916,optimal
2021-02-08 00:00:00,63,91,0.0,0.0,0.0,0.054,optimal
2021-02-08 00:30:00,63,91,1.1743809523809534,0.0,0.0,0.054,optimal
2021-02-08 01:00:00,63,91,0.0,0.0,0.0,0.18306666666666663,optimal
2021-02-08 01:30:00,63,91,0.0,0.0,0.0,0.054,optimal
2021-02-08 02:00:00,63,91,0.0,0.0,0.0,0.11853333333333332,optimal
2021-02-08 02:30:00,63,91,0.839050413948221,0.0,0.0,0.11853333333333332,optimal
2021-02-08 03:00:00,63,91,2.2857142857142856,0.0,0.0,0.054,optimal
2021-02-08 03:30:00,63,91,2.2857142857142856,0.0,0.0,0.18306666666666663,optimal
2021-02-08 04:00:00,63,91,2.2857142857142856,0.0,0.0,0.9751333333333332,optimal
2021-02-08 04:30:00,63,91,2.2857142857142856,0.0,0.0,0.17133333333333334,optimal
2021-02-08 05:00:00,63,91,2.2857142857142856,0.0,0.0,0.06573333333333334,optimal
2021-02-08 05:30:00,63,91,2.2857142857142856,0.0,2.7697237150330447,0.15706666666666666,optimal
2021-02-08 06:00:00,63,91,2.2857142857142856,0.0,10.0,0.26373333333333326,optimal
2021-02-08 06:30:00,63,91,2.2857142857142856,0.0,10.0,0.427,optimal
2021-02-08 07:00:00,63,91,2.2857142857142856,0.0,0.0,1.3086666666666666,optimal
2021-02-08 07:30:00,63,91,2.2857142857142856,0.0,0.0,0.16373333333333331,optimal
2021-02-08 08:00:00,63,91,1.3045948148685091,0.0,0.0,0.064,optimal
2021-02-08 08:30:00,63,91,1.2745880349551921,0.0,0.0,0.19306666666666664,optimal
2021-02-08 09:00:00,63,91,1.1788758329299636,0.0,0.0,0.064,optimal
2021-02-08 09:30:00,63,91,1.1685717170856469,0.0,0.0,0.064,optimal
2021-02-08 10:00:00,63,91,0.9245147485902252,0.0,0.0,0.11093333333333334,optimal
2021-02-08 10:30:00,63,91,0.9247617215773959,0.0,0.0,0.14613333333333334,optimal
2021-02-08 11:00:00,63,91,0.6991409903888031,0.0,0.0,0.064,optimal
2021-02-08 11:30:00,63,91,0.6587477703021204,0.0,0.0,0.1813333333333333,optimal
2021-02-08 12:00:00,63,91,0.6011642625333892,0.0,0.0,0.07573333333333333,optimal
2021-02-08 12:30:00,63,91,0.5790444890266712,0.0,0.0,0.10506666666666667,optimal
2021-02-08 13:00:00,63,91,2.2857142857142856,0.0,0.0,0.152,optimal
2021-02-08 13:30:00,63,91,2.2857142857142856,0.0,0.0,0.06986666666666666,optimal
2021-02-08 14:00:00,63,91,2.2857142857142856,0.0,0.0,0.18719999999999998,optimal
2021-02-08 14:30:00,63,91,2.2857142857142856,0.0,0.0,0.064,optimal
2021-02-08 15:00:00,63,91,2.2857142857142856,0.0,0.0,0.064,optimal
2021-02-08 15:30:00,63,91,2.2857142857142856,0.0,0.0,0.0992,optimal
2021-02-08 16:00:00,63,91,0.0,0.0,0.0,0.31,optimal
2021-02-08 16:30:00,63,91,0.0,0.0,0.0,1.6670999999999998,optimal
2021-02-08 17:00:00,63,91,0.0,0.0,0.0,0.37826666666666664,optimal
2021-02-08 17:30:00,63,91,0.0,0.0,0.0,0.16533333333333333,optimal
2021-02-08 18:00:00,63,91,0.0,0.0,0.0,0.1714,optimal
2021-02-08 18:30:00,63,91,0.0,0.0,0.0,0.7451,optimal
2021-02-08 19:00:00,63,91,0.0,0.0,0.0,1.4610333333333334,optimal
2021-02-08 19:30:00,63,91,0.0,0.0,0.0,0.5009,optimal
2021-02-08 20:00:00,63,91,0.701992387131869,0.0,0.0,0.6809,optimal
2021-02-08 20:30:00,63,91,0.0,0.0,0.0,0.6015333333333333,optimal
2021-02-08 21:00:00,63,91,0.0,0.0,0.0,0.4034,optimal
2021-02-08 21:30:00,63,91,0.0,0.0,0.0,0.5206333333333333,optimal
2021-02-08 22:00:00,63,91,0.0,0.0,0.0,0.6789,optimal
2021-02-08 22:30:00,63,91,0.0,0.0,0.0,1.1518666666666666,optimal
2021-02-08 23:00:00,63,91,0.0,0.0,0.0,0.11093333333333334,optimal
2021-02-08 23:30:00,63,91,0.0,0.0,0.0,0.0992,optimal
2021-02-09 00:00:00,63,91,0.0199047619047619,0.0,0.0,2.089233333333333,optimal
2021-02-09 00:30:00,63,91,1.433142857142857,0.0,0.0,0.059,optimal
2021-02-09 01:00:00,63,91,0.0,0.0,0.0,0.12833333333333335,optimal
2021-02-09 01:30:00,63,91,0.0,0.0,0.0,0.107,optimal
2021-02-09 02:00:00,63,91,0.0,0.0,0.0,0.059,optimal
2021-02-09 02:30:00,63,91,1.7624154875966644,0.0,0.0,0.17633333333333334,optimal
2021-02-09 03:00:00,63,91,2.2857142857142856,0.0,0.0,0.059,optimal
2021-02-09 03:30:00,63,91,2.2857142857142856,0.0,0.0,0.059,optimal
2021-02-09 04:00:00,63,91,2.2857142857142856,0.0,0.0,0.059,optimal
2021-02-09 04:30:00,63,91,2.2857142857142856,0.0,0.0,0.17633333333333334,optimal
2021-02-09 05:00:00,63,91,2.2857142857142856,0.0,0.0,0.059,optimal
2021-02-09 05:30:00,63,91,2.2857142857142856,0.0,0.0,1.0817,optimal
2021-02-09 06:00:00,63,91,2.2857142857142856,0.0,2.256023226459173,1.7717333333333332,optimal
2021-02-09 06:30:00,63,91,2.2857142857142856,0.0,10.0,2.293333333333333,optimal
2021-02-09 07:00:00,63,91,2.2857142857142856,0.0,0.0,2.4592666666666667,optimal
2021-02-09 07:30:00,63,91,2.2857142857142856,0.0,0.0,0.149,optimal
2021-02-09 08:00:00,63,91,1.364190938505829,0.0,0.0,0.069,optimal
2021-02-09 08:30:00,63,91,1.3371249178996099,0.0,0.0,0.12766666666666668,optimal
2021-02-09 09:00:00,63,91,1.1817846868684276,0.0,0.0,0.12766666666666668,optimal
2021-02-09 09:30:00,63,91,1.1779383599416966,0.0,0.0,0.069,optimal
2021-02-09 10:00:00,63,91,0.9060476197510039,0.0,0.0,0.07966666666666668,optimal
2021-02-09 10:30:00,63,91,0.861445521915246,0.0,0.0,0.17566666666666667,optimal
2021-02-09 11:00:00,63,91,0.643248232897514,0.0,0.0,0.069,optimal
2021-02-09 11:30:00,63,91,0.6062897180922703,0.0,0.0,0.1863333333333333,optimal
2021-02-09 12:00:00,63,91,0.4746077707800535,0.0,0.0,0.069,optimal
2021-02-09 12:30:00,63,91,0.4536615236805496,0.0,0.0,0.15433333333333335,optimal
2021-02-09 13:00:00,63,91,2.2857142857142856,0.0,0.0,0.101,optimal
2021-02-09 13:30:00,63,91,2.2857142857142856,0.0,0.0,0.069,optimal
2021-02-09 14:00:00,63,91,2.2857142857142856,0.0,0.0,0.165,optimal
2021-02-09 14:30:00,63,91,2.2857142857142856,0.0,0.0,0.09033333333333332,optimal
2021-02-09 15:00:00,63,91,2.2857142857142856,0.0,0.0,0.12233333333333331,optimal
2021-02-09 15:30:00,63,91,2.2857142857142856,0.0,0.0,0.133,optimal
2021-02-09 16:00:00,63,91,0.0,0.0,0.0,0.069,optimal
2021-02-09 16:30:00,63,91,0.0,0.0,0.0,0.9252,optimal
2021-02-09 17:00:00,63,91,0.0,0.0,0.0,0.23166666666666663,optimal
2021-02-09 17:30:00,63,91,0.0,0.0,0.0,0.4728333333333333,optimal
2021-02-09 18:00:00,63,91,0.0,0.0,0.0,1.7935999999999999,optimal
2021-02-09 18:30:00,63,91,0.0,0.0,0.0,0.27566666666666667,optimal
2021-02-09 19:00:00,63,91,0.0,0.0,0.0,1.4848666666666666,optimal
2021-02-09 19:30:00,63,91,0.0,0.0,0.0,2.3736333333333333,optimal
2021-02-09 20:00:00,63,91,0.523061144184912,0.0,0.0,0.9540333333333332,optimal
2021-02-09 20:30:00,63,91,0.0,0.0,0.0,0.5276666666666666,optimal
2021-02-09 21:00:00,63,91,0.0,0.0,0.0,0.4876666666666667,optimal
2021-02-09 21:30:00,63,91,0.0,0.0,0.0,1.6645,optimal
2021-02-09 22:00:00,63,91,0.0,0.0,0.0,0.11166666666666669,optimal
2021-02-09 22:30:00,63,91,0.0,0.0,0.0,0.069,optimal
2021-02-09 23:00:00,63,91,0.0,0.0,0.0,0.1863333333333333,optimal
2021-02-09 23:30:00,63,91,0.0,0.0,0.0,0.069,optimal
2021-02-10 00:00:00,63,91,0.0,0.0,0.0,0.062,optimal
2021-02-10 00:30:00,63,91,0.4379047619047619,0.0,0.0,0.062,optimal
2021-02-10 01:00:00,63,91,0.0,0.0,0.0,0.062,optimal
2021-02-10 01:30:00,63,91,0.0,0.0,0.0,0.062,optimal
2021-02-10 02:00:00,63,91,1.7026418475764091,0.0,0.0,0.062,optimal
2021-02-10 02:30:00,63,91,2.2857142857142856,0.0,0.0,0.062,optimal
2021-02-10 03:00:00,63,91,2.2857142857142856,0.0,0.0,0.062,optimal
2021-02-10 03:30:00,63,91,2.2857142857142856,0.0,0.0,0.062,optimal
2021-02-10 04:00:00,63,91,2.2857142857142856,0.0,0.0,0.062,optimal
2021-02-10 04:30:00,63,91,2.2857142857142856,0.0,0.0,0.062,optimal
2021-02-10 05:00:00,63,91,2.2857142857142856,0.0,0.0,0.062,optimal
2021-02-10 05:30:00,63,91,2.2857142857142856,0.0,0.0,0.062,optimal
2021-02-10 06:00:00,63,91,2.2857142857142856,0.0,0.0,0.062,optimal
2021-02-10 06:30:00,63,91,2.2857142857142856,0.0,0.0,0.062,optimal
2021-02-10 07:00:00,63,91,2.2857142857142856,0.0,0.0,0.07066666666666667,optimal
2021-02-10 07:30:00,63,91,2.2857142857142856,0.0,0.0,0.064,optimal
2021-02-10 08:00:00,63,91,1.3148794246960527,0.0,0.0,0.0705,optimal
2021-02-10 08:30:00,63,91,1.2372358416655513,0.0,0.0,0.075,optimal
2021-02-10 09:00:00,63,91,0.7308840642233072,0.0,0.0,1.9133,optimal
2021-02-10 09:30:00,63,91,0.942328100240402,0.0,0.0,0.5682999999999999,optimal
2021-02-10 10:00:00,63,91,0.5146809903061698,0.0,0.0,1.3020666666666667,optimal
2021-02-10 10:30:00,63,91,0.6505540173189844,0.0,0.0,0.32839999999999997,optimal
2021-02-10 11:00:00,63,91,0.45426904320537187,0.0,0.0,0.39330000000000004,optimal
2021-02-10 11:30:00,63,91,0.43941868026154357,0.0,0.0,0.5007333333333334,optimal
2021-02-10 12:00:00,63,91,0.15625825578875857,0.0,0.0,0.8869666666666667,optimal
2021-02-10 12:30:00,63,91,0.2098773034077931,0.0,0.0,1.4406333333333334,optimal
2021-02-10 13:00:00,63,91,2.071353531963385,0.0,0.0,0.35919999999999996,optimal
2021-02-10 13:30:00,63,91,2.2857142857142856,0.0,0.0,0.8282333333333334,optimal
2021-02-10 14:00:00,63,91,2.2857142857142856,0.0,1.274994802548092,1.1845,optimal
2021-02-10 14:30:00,63,91,2.2857142857142856,0.0,10.0,0.505,optimal
2021-02-10 15:00:00,63,91,2.2857142857142856,0.0,10.0,0.5342,optimal
2021-02-10 15:30:00,63,91,2.2857142857142856,0.0,0.0,1.0351333333333335,optimal
2021-02-10 16:00:00,63,91,0.0,0.0,0.0,0.1052,optimal
2021-02-10 16:30:00,63,91,0.0,0.0,0.0,0.06,optimal
2021-02-10 17:00:00,63,91,0.0,0.0,0.0,0.0798,optimal
2021-02-10 17:30:00,63,91,0.0,0.0,0.0,0.06866666666666667,optimal
2021-02-10 18:00:00,63,91,0.0,0.0,0.0,0.2464,optimal
2021-02-10 18:30:00,63,91,0.0,0.0,0.0,0.22066666666666662,optimal
2021-02-10 19:00:00,63,91,0.0,0.0,0.0,0.2083333333333333,optimal
2021-02-10 19:30:00,63,91,0.0,0.0,0.0,0.19440000000000002,optimal
2021-02-10 20:00:00,63,91,0.0,0.0,0.0,0.3243333333333333,optimal
2021-02-10 20:30:00,63,91,0.0,0.0,0.0,0.28713333333333335,optimal
2021-02-10 21:00:00,63,91,0.0,0.0,0.0,0.18856666666666663,optimal
2021-02-10 21:30:00,63,91,0.0,0.0,0.0,0.42726666666666663,optimal
2021-02-10 22:00:00,63,91,0.0,0.0,0.0,0.3482,optimal
2021-02-10 22:30:00,63,91,0.0,0.0,0.0,0.21703333333333333,optimal
2021-02-10 23:00:00,63,91,0.0,0.0,0.0,0.072,optimal
2021-02-10 23:30:00,63,91,0.0,0.0,0.0,0.06966666666666667,optimal
2021-02-11 00:00:00,63,91,0.0,0.0,0.0,0.06,optimal
2021-02-11 00:30:00,63,91,0.41644542392715544,0.0,0.0,0.09259999999999999,optimal
2021-02-11 01:00:00,63,91,1.3885335699919124,0.0,0.0,0.16906666666666667,optimal
2021-02-11 01:30:00,63,91,2.2857142857142856,0.0,0.0,0.11356666666666666,optimal
2021-02-11 02:00:00,63,91,2.2857142857142856,0.0,0.0,0.1415,optimal
2021-02-11 02:30:00,63,91,2.2857142857142856,0.0,0.0,0.24919999999999998,optimal
2021-02-11 03:00:00,63,91,2.2857142857142856,0.0,0.0,0.06,optimal
2021-02-11 03:30:00,63,91,2.2857142857142856,0.0,0.0,0.27246666666666663,optimal
2021-02-11 04:00:00,63,91,2.2857142857142856,0.0,0.0,0.1454,optimal
2021-02-11 04:30:00,63,91,2.2857142857142856,0.0,0.0,0.07629999999999999,optimal
2021-02-11 05:00:00,63,91,2.2857142857142856,0.0,0.0,0.2511,optimal
2021-02-11 05:30:00,63,91,2.2857142857142856,0.0,0.0,0.15819999999999998,optimal
2021-02-11 06:00:00,63,91,2.2857142857142856,0.0,0.0,0.07659999999999999,optimal
2021-02-11 06:30:00,63,91,2.2857142857142856,0.0,9.182229876935239,0.19846666666666668,optimal
2021-02-11 07:00:00,63,91,2.2857142857142856,0.0,10.0,0.40136666666666665,optimal
2021-02-11 07:30:00,63,91,2.2857142857142856,0.0,0.0,0.2064,optimal
2021-02-11 08:00:00,63,91,1.312649908463763,0.0,0.0,0.21736666666666668,optimal
2021-02-11 08:30:00,63,91,1.508211167165234,0.0,0.0,0.1603,optimal
2021-02-11 09:00:00,63,91,1.313622779284358,0.0,0.0,0.2243666666666667,optimal
2021-02-11 09:30:00,63,91,1.2219251240444853,0.0,0.0,0.14859999999999998,optimal
2021-02-11 10:00:00,63,91,0.7922012544441205,0.0,0.0,0.17776666666666668,optimal
2021-02-11 10:30:00,63,91,0.86038914639282,0.0,0.0,0.0777,optimal
2021-02-11 11:00:00,63,91,0.6558442705334506,0.0,0.0,0.09290000000000001,optimal
2021-02-11 11:30:00,63,91,0.5079236913118605,0.0,0.0,0.33363333333333334,optimal
2021-02-11 12:00:00,63,91,0.25425346550793654,0.0,0.0,0.10676666666666668,optimal
2021-02-11 12:30:00,63,91,0.17124039208733943,0.0,0.0,0.42336666666666667,optimal
2021-02-11 13:00:00,63,91,2.2857142857142856,0.0,0.0,0.2602,optimal
2021-02-11 13:30:00,63,91,2.2857142857142856,0.0,0.0,0.126,optimal
2021-02-11 14:00:00,63,91,2.2857142857142856,0.0,0.0,0.28733333333333333,optimal
2021-02-11 14:30:00,63,91,2.2857142857142856,0.0,0.0,0.22169999999999998,optimal
2021-02-11 15:00:00,63,91,2.2857142857142856,0.0,0.0,0.073,optimal
2021-02-11 15:30:00,63,91,2.2857142857142856,0.0,0.0,0.30306666666666665,optimal
2021-02-11 16:00:00,63,91,0.0,0.0,0.0,0.1128,optimal
2021-02-11 16:30:00,63,91,0.0,0.0,0.0,0.1603,optimal
2021-02-11 17:00:00,63,91,0.0,0.0,0.0,0.09493333333333334,optimal
2021-02-11 17:30:00,63,91,0.0,0.0,0.0,0.16256666666666666,optimal
2021-02-11 18:00:00,63,91,0.0,0.0,0.0,0.25453333333333333,optimal
2021-02-11 18:30:00,63,91,0.0,0.0,0.0,0.4339333333333333,optimal
2021-02-11 19:00:00,63,91,0.0,0.0,0.0,0.3228666666666667,optimal
2021-02-11 19:30:00,63,91,1.7423201929283474,0.0,0.0,0.15259999999999999,optimal
2021-02-11 20:00:00,63,91,1.5985230964790018,0.0,0.0,0.5135666666666667,optimal
2021-02-11 20:30:00,63,91,0.6676057142857142,0.0,0.0,0.2752333333333333,optimal
2021-02-11 21:00:00,63,91,0.0,0.0,0.0,0.3058,optimal
2021-02-11 21:30:00,63,91,0.0,0.0,0.0,0.3522,optimal
2021-02-11 22:00:00,63,91,0.009156190476190477,0.0,0.0,0.30393333333333333,optimal
2021-02-11 22:30:00,63,91,0.0,0.0,0.0,0.17866666666666667,optimal
2021-02-11 23:00:00,63,91,0.0,0.0,0.0,0.12940000000000002,optimal
2021-02-11 23:30:00,63,91,0.0,0.0,0.0,0.2161,optimal
2021-02-12 00:00:00,63,91,0.38551305676508757,0.0,0.0,0.15880000000000002,optimal
2021-02-12 00:30:00,63,91,2.2857142857142856,0.0,0.0,0.1008,optimal
2021-02-12 01:00:00,63,91,2.2857142857142856,0.0,0.0,0.066,optimal
2021-02-12 01:30:00,63,91,2.2857142857142856,0.0,0.0,0.1936,optimal
2021-02-12 02:00:00,63,91,2.2857142857142856,0.0,0.0,0.066,optimal
2021-02-12 02:30:00,63,91,2.2857142857142856,0.0,0.0,0.066,optimal
2021-02-12 03:00:00,63,91,2.2857142857142856,0.0,0.0,0.066,optimal
2021-02-12 03:30:00,63,91,2.2857142857142856,0.0,0.0,0.1182,optimal
2021-02-12 04:00:00,63,91,2.2857142857142856,0.0,0.0,0.1414,optimal
2021-02-12 04:30:00,63,91,2.2857142857142856,0.0,0.0,0.066,optimal
2021-02-12 05:00:00,63,91,2.2857142857142856,0.0,0.0,0.1936,optimal
2021-02-12 05:30:00,63,91,2.2857142857142856,0.0,0.0,0.066,optimal
2021-02-12 06:00:00,63,91,2.2857142857142856,0.0,0.0,0.08906666666666667,optimal
2021-02-12 06:30:00,63,91,2.2857142857142856,0.0,0.0,0.18619999999999998,optimal
2021-02-12 07:00:00,63,91,2.2857142857142856,0.0,0.0,0.07266666666666667,optimal
2021-02-12 07:30:00,63,91,2.2857142857142856,0.0,0.0,0.19326666666666667,optimal
2021-02-12 08:00:00,63,91,2.285714285714285,0.0,0.0,0.2113333333333333,optimal
2021-02-12 08:30:00,63,91,2.069504491562381,0.0,0.0,0.13816666666666666,optimal
2021-02-12 09:00:00,63,91,1.161939920928047,0.0,0.0,0.3096333333333333,optimal
2021-02-12 09:30:00,63,91,0.9762795552114042,0.0,0.0,0.2313,optimal
2021-02-12 10:00:00,63,91,0.5783252712435798,0.0,0.0,0.14606666666666665,optimal
2021-02-12 10:30:00,63,91,0.5703142956587438,0.0,0.0,0.13003333333333333,optimal
2021-02-12 11:00:00,63,91,0.32714066070806946,0.0,0.0,0.1248,optimal
2021-02-12 11:30:00,63,91,0.2962773839980672,0.0,0.0,0.29153333333333337,optimal
2021-02-12 12:00:00,63,91,0.1905134942792938,0.0,0.0,0.2494,optimal
2021-02-12 12:30:00,63,91,0.23601212233118712,0.0,0.0,0.2708,optimal
2021-02-12 13:00:00,63,91,1.1087347767913636,0.0,0.0,1.0946,optimal
2021-02-12 13:30:00,63,91,0.8774924362407605,0.0,5.894759667579174,1.4311666666666667,optimal
2021-02-12 14:00:00,63,91,2.2857142857142856,0.0,10.0,0.6527999999999999,optimal
2021-02-12 14:30:00,63,91,2.2857142857142856,0.0,0.0,0.3121333333333333,optimal
2021-02-12 15:00:00,63,91,2.2857142857142856,0.0,0.0,0.1596,optimal
2021-02-12 15:30:00,63,91,2.2857142857142856,0.0,0.0,0.2655666666666667,optimal
2021-02-12 16:00:00,63,91,0.0,0.0,0.0,0.2479333333333333,optimal
2021-02-12 16:30:00,63,91,0.0,0.0,0.0,0.18303333333333333,optimal
2021-02-12 17:00:00,63,91,0.0,0.0,0.0,0.3582666666666667,optimal
2021-02-12 17:30:00,63,91,0.0,0.0,0.0,2.1453,optimal
2021-02-12 18:00:00,63,91,0.0,0.0,0.0,1.366266666666667,optimal
2021-02-12 18:30:00,63,91,0.0,0.0,0.0,0.451,optimal
2021-02-12 19:00:00,63,91,0.0,0.0,0.0,0.2929333333333333,optimal
2021-02-12 19:30:00,63,91,0.0,0.0,0.0,0.48093333333333327,optimal
2021-02-12 20:00:00,63,91,0.0,0.0,0.0,0.2606666666666667,optimal
2021-02-12 20:30:00,63,91,0.0,0.0,0.0,0.4804666666666666,optimal
2021-02-12 21:00:00,63,91,0.0,0.0,0.0,0.3646333333333333,optimal
2021-02-12 21:30:00,63,91,0.0,0.0,0.0,0.5509666666666667,optimal
2021-02-12 22:00:00,63,91,0.05971428571428571,0.0,0.0,0.4497,optimal
2021-02-12 22:30:00,63,91,0.0,0.0,0.0,0.15916666666666665,optimal
2021-02-12 23:00:00,63,91,0.0,0.0,0.0,0.076,optimal
2021-02-12 23:30:00,63,91,0.0,0.0,0.0,0.07433333333333333,optimal
2021-02-13 00:00:00,63,91,0.0,0.0,0.0,0.063,optimal
2021-02-13 00:30:00,63,91,1.9904761904761905,0.0,0.0,0.11270000000000001,optimal
2021-02-13 01:00:00,63,91,0.0,0.0,0.0,0.1695,optimal
2021-02-13 01:30:00,63,91,0.0,0.0,0.0,0.063,optimal
2021-02-13 02:00:00,63,91,1.4292256260470206,0.0,0.0,0.21919999999999998,optimal
2021-02-13 02:30:00,63,91,2.2857142857142856,0.0,0.0,0.063,optimal
2021-02-13 03:00:00,63,91,2.2857142857142856,0.0,0.0,0.063,optimal
2021-02-13 03:30:00,63,91,2.2857142857142856,0.0,0.0,0.09140000000000001,optimal
2021-02-13 04:00:00,63,91,2.2857142857142856,0.0,0.0,0.19080000000000003,optimal
2021-02-13 04:30:00,63,91,2.2857142857142856,0.0,0.0,0.063,optimal
2021-02-13 05:00:00,63,91,2.2857142857142856,0.0,0.0,0.21919999999999998,optimal
2021-02-13 05:30:00,63,91,2.2857142857142856,0.0,0.0,0.063,optimal
2021-02-13 06:00:00,63,91,2.2857142857142856,0.0,0.0,0.1766,optimal
2021-02-13 06:30:00,63,91,2.2857142857142856,0.0,3.171612123611088,0.1056,optimal
2021-02-13 07:00:00,63,91,2.2857142857142856,0.0,10.0,2.3942666666666668,optimal
2021-02-13 07:30:00,63,91,2.2857142857142856,0.0,0.0,1.578266666666667,optimal
2021-02-13 08:00:00,63,91,1.1922237616225508,0.0,0.0,0.32380000000000003,optimal
2021-02-13 08:30:00,63,91,1.1192461991982556,0.0,0.0,0.6221333333333333,optimal
2021-02-13 09:00:00,63,91,1.0437208761311778,0.0,0.0,0.3797,optimal
2021-02-13 09:30:00,63,91,0.9113892544858904,0.0,0.0,1.1271,optimal
2021-02-13 10:00:00,63,91,0.5589809894880134,0.0,0.0,3.0572,optimal
2021-02-13 10:30:00,63,91,0.6538281889684826,0.0,0.0,2.4039,optimal
2021-02-13 11:00:00,63,91,0.30748462906817287,0.0,0.0,3.1375666666666664,optimal
2021-02-13 11:30:00,63,91,0.3684003999772094,0.0,0.0,3.1185,optimal
2021-02-13 12:00:00,63,91,0.3734256851420569,0.0,0.0,1.7041333333333335,optimal
2021-02-13 12:30:00,63,91,0.3967162745791706,0.0,0.0,0.428,optimal
2021-02-13 13:00:00,63,91,2.2857142857142856,0.0,0.0,1.6977,optimal
2021-02-13 13:30:00,63,91,2.2857142857142856,0.0,0.0,0.5380666666666667,optimal
2021-02-13 14:00:00,63,91,2.2857142857142856,0.0,0.0,0.4373,optimal
2021-02-13 14:30:00,63,91,2.2857142857142856,0.0,0.0,0.343,optimal
2021-02-13 15:00:00,63,91,2.2857142857142856,0.0,0.0,0.576,optimal
2021-02-13 15:30:00,63,91,2.2857142857142856,0.0,0.0,0.471,optimal
2021-02-13 16:00:00,63,91,0.0,0.0,0.0,0.48710000000000003,optimal
2021-02-13 16:30:00,63,91,0.0,0.0,0.0,1.9339666666666666,optimal
2021-02-13 17:00:00,63,91,0.0,0.0,0.0,0.49639999999999995,optimal
2021-02-13 17:30:00,63,91,0.0,0.0,0.0,0.3116666666666667,optimal
2021-02-13 18:00:00,63,91,0.0,0.0,0.0,0.17813333333333334,optimal
2021-02-13 18:30:00,63,91,0.0,0.0,0.0,0.3277,optimal
2021-02-13 19:00:00,63,91,0.0,0.0,0.0,1.0275999999999998,optimal
2021-02-13 19:30:00,63,91,0.0,0.0,0.0,0.8619333333333333,optimal
2021-02-13 20:00:00,63,91,0.09243476131525229,0.0,0.0,0.18130000000000002,optimal
2021-02-13 20:30:00,63,91,0.0,0.0,0.0,0.21559999999999999,optimal
2021-02-13 21:00:00,63,91,0.0,0.0,0.0,0.2292,optimal
2021-02-13 21:30:00,63,91,0.0,0.0,0.0,0.073,optimal
2021-02-13 22:00:00,63,91,0.0,0.0,0.0,0.073,optimal
2021-02-13 22:30:00,63,91,0.0,0.0,0.0,0.2292,optimal
2021-02-13 23:00:00,63,91,0.0,0.0,0.0,0.073,optimal
2021-02-13 23:30:00,63,91,0.0,0.0,0.0,0.144,optimal
2021-02-07 00:00:00,64,91,0.0,0.0,0.0,0.073,optimal
2021-02-07 00:30:00,64,91,0.0,0.0,0.0,0.10666666666666669,optimal
2021-02-07 01:00:00,64,91,0.0,0.0,0.0,0.09813333333333334,optimal
2021-02-07 01:30:00,64,91,0.0,0.0,0.0,0.064,optimal
2021-02-07 02:00:00,64,91,0.0,0.0,0.0,0.1408,optimal
2021-02-07 02:30:00,64,91,0.0,0.0,0.0,0.064,optimal
2021-02-07 03:00:00,64,91,0.0,0.0,0.0,0.064,optimal
2021-02-07 03:30:00,64,91,0.0,0.0,0.0,0.1408,optimal
2021-02-07 04:00:00,64,91,2.5714285714285716,0.0,0.0,0.064,optimal
2021-02-07 04:30:00,64,91,2.5714285714285716,0.0,1.0059910524886182,0.07909999999999999,optimal
2021-02-07 05:00:00,64,91,2.5714285714285716,0.0,0.0,0.1758,optimal
2021-02-07 05:30:00,64,91,2.5714285714285716,0.0,0.0,0.09713333333333334,optimal
2021-02-07 06:00:00,64,91,2.5714285714285716,0.0,0.0,0.14893333333333333,optimal
2021-02-07 06:30:00,64,91,2.5714285714285716,0.0,0.0,1.0222333333333333,optimal
2021-02-07 07:00:00,64,91,2.5714285714285716,0.0,0.0,0.08120000000000001,optimal
2021-02-07 07:30:00,64,91,0.0,0.0,0.0,0.10186666666666666,optimal
2021-02-07 08:00:00,64,91,0.0,0.0,0.0,0.32903333333333334,optimal
2021-02-07 08:30:00,64,91,0.0,0.0,0.0,1.2118,optimal
2021-02-07 09:00:00,64,91,0.0,0.0,0.0,1.4928,optimal
2021-02-07 09:30:00,64,91,0.0,0.0,0.0,1.4501333333333335,optimal
2021-02-07 10:00:00,64,91,0.0,0.0,0.0,0.07626666666666666,optimal
2021-02-07 10:30:00,64,91,0.20944707569676532,0.0,0.0,0.17866666666666667,optimal
2021-02-07 11:00:00,64,91,0.6781583040077355,0.0,0.0,0.9659333333333332,optimal
2021-02-07 11:30:00,64,91,0.645602113531548,0.0,0.0,1.6191,optimal
2021-02-07 12:00:00,64,91,0.729187365672258,0.0,0.0,0.3970666666666667,optimal
2021-02-07 12:30:00,64,91,0.6795626037674952,0.0,0.0,0.3107,optimal
2021-02-07 13:00:00,64,91,2.0939875899392777,0.0,0.0,0.19833333333333328,optimal
2021-02-07 13:30:00,64,91,2.5714285714285716,0.0,0.0,0.27636666666666665,optimal
2021-02-07 14:00:00,64,91,2.5714285714285716,0.0,0.0,0.2188333333333333,optimal
2021-02-07 14:30:00,64,91,2.5714285714285716,0.0,0.0,0.11426666666666668,optimal
2021-02-07 15:00:00,64,91,2.5714285714285716,0.0,0.0,0.2,optimal
2021-02-07 15:30:00,64,91,2.5714285714285716,0.0,0.0,0.2213333333333333,optimal
2021-02-07 16:00:00,64,91,0.0,0.0,0.0,0.8571,optimal
2021-02-07 16:30:00,64,91,0.0,0.0,0.0,0.08253333333333333,optimal
2021-02-07 17:00:00,64,91,0.0,0.0,0.0,0.5744,optimal
2021-02-07 17:30:00,64,91,0.0,0.0,0.0,1.4190666666666667,optimal
2021-02-07 18:00:00,64,91,0.0,0.0,0.0,0.46743333333333326,optimal
2021-02-07 18:30:00,64,91,0.0,0.0,0.0,0.1778,optimal
2021-02-07 19:00:00,64,91,0.0,0.0,0.0,0.3618,optimal
2021-02-07 19:30:00,64,91,0.0,0.0,0.0,0.27936666666666665,optimal
2021-02-07 20:00:00,64,91,0.0,0.0,0.0,0.2586,optimal
2021-02-07 20:30:00,64,91,0.0,0.0,0.0,0.32953333333333334,optimal
2021-02-07 21:00:00,64,91,0.0,0.0,0.0,0.278,optimal
2021-02-07 21:30:00,64,91,0.0,0.0,0.0,0.3103,optimal
2021-02-07 22:00:00,64,91,0.0,0.0,0.0,0.27253333333333335,optimal
2021-02-07 22:30:00,64,91,0.0,0.0,0.0,0.15833333333333335,optimal
2021-02-07 23:00:00,64,91,0.0,0.0,0.0,0.1252,optimal
2021-02-07 23:30:00,64,91,0.0,0.0,0.0,0.0996,optimal
2021-02-08 00:00:00,64,91,0.0,0.0,0.0,0.06766666666666667,optimal
2021-02-08 00:30:00,64,91,0.796190476190476,0.0,0.0,0.058333333333333334,optimal
2021-02-08 01:00:00,64,91,0.0,0.0,0.0,0.058,optimal
2021-02-08 01:30:00,64,91,0.0,0.0,0.0,0.11776666666666669,optimal
2021-02-08 02:00:00,64,91,0.0,0.0,0.0,0.11776666666666669,optimal
2021-02-08 02:30:00,64,91,0.0,0.0,0.0,0.058,optimal
2021-02-08 03:00:00,64,91,1.8029868021895934,0.0,0.0,0.058,optimal
2021-02-08 03:30:00,64,91,2.5714285714285716,0.0,0.0,0.15036666666666668,optimal
2021-02-08 04:00:00,64,91,2.5714285714285716,0.0,0.0,0.08516666666666667,optimal
2021-02-08 04:30:00,64,91,2.5714285714285716,0.0,0.0,0.058,optimal
2021-02-08 05:00:00,64,91,2.5714285714285716,0.0,0.0,0.17753333333333332,optimal
2021-02-08 05:30:00,64,91,2.5714285714285716,0.0,0.0,0.058,optimal
2021-02-08 06:00:00,64,91,2.5714285714285716,0.0,0.0,0.11233333333333331,optimal
2021-02-08 06:30:00,64,91,2.5714285714285716,0.0,3.6605447748096696,0.13286666666666666,optimal
2021-02-08 07:00:00,64,91,2.5714285714285716,0.0,10.0,0.068,optimal
2021-02-08 07:30:00,64,91,2.5714285714285716,0.0,0.0,0.1658,optimal
2021-02-08 08:00:00,64,91,1.1062900529637294,0.0,0.0,0.6723,optimal
2021-02-08 08:30:00,64,91,0.9283499397170865,0.0,0.0,4.051666666666667,optimal
2021-02-08 09:00:00,64,91,0.6863710710251953,0.0,0.0,2.691533333333333,optimal
2021-02-08 09:30:00,64,91,0.8575717170856539,0.0,0.0,0.2868,optimal
2021-02-08 10:00:00,64,91,0.759571891447369,0.0,0.0,0.19113333333333332,optimal
2021-02-08 10:30:00,64,91,0.671409340625026,0.0,0.0,0.7615,optimal
2021-02-08 11:00:00,64,91,0.5996267046745144,0.0,0.0,0.2646,optimal
2021-02-08 11:30:00,64,91,0.5453858655402052,0.0,0.0,0.4134,optimal
2021-02-08 12:00:00,64,91,0.45863092920004334,0.0,0.0,0.3579,optimal
2021-02-08 12:30:00,64,91,0.4352254414076341,0.0,0.0,0.37973333333333337,optimal
2021-02-08 13:00:00,64,91,1.2076829427994884,0.0,0.0,0.286,optimal
2021-02-08 13:30:00,64,91,0.5174625285833081,0.0,0.0,0.5337666666666666,optimal
2021-02-08 14:00:00,64,91,2.5714285714285716,0.0,0.0,0.40023333333333333,optimal
2021-02-08 14:30:00,64,91,2.5714285714285716,0.0,0.0,0.20233333333333328,optimal
2021-02-08 15:00:00,64,91,2.5714285714285716,0.0,0.0,1.2619,optimal
2021-02-08 15:30:00,64,91,2.5714285714285716,0.0,0.0,0.23956666666666662,optimal
2021-02-08 16:00:00,64,91,0.0,0.0,0.0,0.1616,optimal
2021-02-08 16:30:00,64,91,0.0,0.0,0.0,0.8376333333333333,optimal
2021-02-08 17:00:00,64,91,0.0,0.0,0.0,1.8279666666666667,optimal
2021-02-08 17:30:00,64,91,0.0,0.0,0.0,1.0899,optimal
2021-02-08 18:00:00,64,91,0.0,0.0,0.0,0.5197666666666666,optimal
2021-02-08 18:30:00,64,91,0.0,0.0,0.0,0.5352,optimal
2021-02-08 19:00:00,64,91,0.0,0.0,0.0,0.6005,optimal
2021-02-08 19:30:00,64,91,0.0,0.0,0.0,0.4059,optimal
2021-02-08 20:00:00,64,91,0.0,0.0,0.0,0.3961,optimal
2021-02-08 20:30:00,64,91,0.0,0.0,0.0,1.4147333333333332,optimal
2021-02-08 21:00:00,64,91,0.0,0.0,0.0,0.4128,optimal
2021-02-08 21:30:00,64,91,0.0,0.0,0.0,0.4629333333333333,optimal
2021-02-08 22:00:00,64,91,0.0,0.0,0.0,0.903,optimal
2021-02-08 22:30:00,64,91,0.0,0.0,0.0,1.3654666666666666,optimal
2021-02-08 23:00:00,64,91,0.0,0.0,0.0,0.24186666666666667,optimal
2021-02-08 23:30:00,64,91,0.0,0.0,0.0,3.8893,optimal
2021-02-09 00:00:00,64,91,0.0,0.0,0.0,0.055,optimal
2021-02-09 00:30:00,64,91,0.33838095238095234,0.0,0.0,0.055,optimal
2021-02-09 01:00:00,64,91,0.0,0.0,0.0,0.175,optimal
2021-02-09 01:30:00,64,91,0.0,0.0,0.0,0.1833333333333333,optimal
2021-02-09 02:00:00,64,91,0.0,0.0,0.0,0.055,optimal
2021-02-09 02:30:00,64,91,0.0,0.0,0.0,0.21,optimal
2021-02-09 03:00:00,64,91,1.9625966516574274,0.0,0.0,0.14833333333333334,optimal
2021-02-09 03:30:00,64,91,2.5714285714285716,0.0,0.0,0.055,optimal
2021-02-09 04:00:00,64,91,2.5714285714285716,0.0,0.0,0.055,optimal
2021-02-09 04:30:00,64,91,2.5714285714285716,0.0,3.555002933892231,0.21,optimal
2021-02-09 05:00:00,64,91,2.5714285714285716,0.0,10.0,0.153,optimal
2021-02-09 05:30:00,64,91,2.5714285714285716,0.0,10.0,0.179,optimal
2021-02-09 06:00:00,64,91,2.5714285714285716,0.0,10.0,0.14833333333333334,optimal
2021-02-09 06:30:00,64,91,2.5714285714285716,0.0,10.0,0.09,optimal
2021-02-09 07:00:00,64,91,2.5714285714285716,0.0,10.0,0.12533333333333332,optimal
2021-02-09 07:30:00,64,91,2.5714285714285716,0.0,0.0,0.23166666666666663,optimal
2021-02-09 08:00:00,64,91,1.2916099861248713,0.0,0.0,0.0562,optimal
2021-02-09 08:30:00,64,91,1.2182582512329516,0.0,0.0,0.185,optimal
2021-02-09 09:00:00,64,91,0.9350475440112829,0.0,0.0,1.5119,optimal
2021-02-09 09:30:00,64,91,0.9811078837512133,0.0,0.0,0.7178666666666667,optimal
2021-02-09 10:00:00,64,91,0.6683123816557606,0.0,0.0,1.298,optimal
2021-02-09 10:30:00,64,91,0.6712455219152423,0.0,0.0,0.9556666666666667,optimal
2021-02-09 11:00:00,64,91,0.6393568043260783,0.0,0.0,0.15059999999999998,optimal
2021-02-09 11:30:00,64,91,0.592864956187503,0.0,0.0,0.3541,optimal
2021-02-09 12:00:00,64,91,0.4434325326848231,0.0,0.0,0.1847333333333333,optimal
2021-02-09 12:30:00,64,91,0.44875676177577906,0.0,0.0,0.16766666666666666,optimal
2021-02-09 13:00:00,64,91,1.5153337583897006,0.0,0.0,0.146,optimal
2021-02-09 13:30:00,64,91,0.33416846367114256,0.0,0.0,0.4353333333333333,optimal
2021-02-09 14:00:00,64,91,2.491858460482355,0.0,0.0,0.35910000000000003,optimal
2021-02-09 14:30:00,64,91,2.5714285714285716,0.0,0.0,0.6615333333333333,optimal
2021-02-09 15:00:00,64,91,2.5714285714285716,0.0,0.0,1.0377333333333332,optimal
2021-02-09 15:30:00,64,91,2.5714285714285716,0.0,0.0,0.2439,optimal
2021-02-09 16:00:00,64,91,0.0,0.0,0.0,0.3990666666666667,optimal
2021-02-09 16:30:00,64,91,0.0,0.0,0.0,0.2468333333333333,optimal
2021-02-09 17:00:00,64,91,0.0,0.0,0.0,0.11473333333333333,optimal
2021-02-09 17:30:00,64,91,0.0,0.0,0.0,0.3092,optimal
2021-02-09 18:00:00,64,91,0.0,0.0,0.0,0.2843333333333333,optimal
2021-02-09 18:30:00,64,91,0.0,0.0,0.0,0.3693333333333333,optimal
2021-02-09 19:00:00,64,91,0.0,0.0,0.0,0.3303333333333333,optimal
2021-02-09 19:30:00,64,91,0.0,0.0,0.0,0.4493333333333333,optimal
2021-02-09 20:00:00,64,91,0.0,0.0,0.0,0.3266,optimal
2021-02-09 20:30:00,64,91,0.0,0.0,0.0,0.4473333333333333,optimal
2021-02-09 21:00:00,64,91,0.0,0.0,0.0,0.5239666666666667,optimal
2021-02-09 21:30:00,64,91,0.0,0.0,0.0,0.27593333333333336,optimal
2021-02-09 22:00:00,64,91,0.0,0.0,0.0,0.33043333333333336,optimal
2021-02-09 22:30:00,64,91,0.8160952380952382,0.0,0.0,0.24056666666666662,optimal
2021-02-09 23:00:00,64,91,0.0,0.0,0.0,0.2454,optimal
2021-02-09 23:30:00,64,91,0.0,0.0,0.0,0.3953333333333333,optimal
2021-02-10 00:00:00,64,91,0.0,0.0,0.0,0.064,optimal
2021-02-10 00:30:00,64,91,1.1743809523809523,0.0,0.0,0.12066666666666669,optimal
2021-02-10 01:00:00,64,91,0.0,0.0,0.0,0.3012666666666666,optimal
2021-02-10 01:30:00,64,91,0.0,0.0,0.0,0.13813333333333333,optimal
2021-02-10 02:00:00,64,91,0.0,0.0,0.0,0.18016666666666664,optimal
2021-02-10 02:30:00,64,91,0.0,0.0,0.0,0.22523333333333329,optimal
2021-02-10 03:00:00,64,91,2.4088021972103175,0.0,0.0,0.17733333333333334,optimal
2021-02-10 03:30:00,64,91,2.5714285714285716,0.0,0.0,0.064,optimal
2021-02-10 04:00:00,64,91,2.5714285714285716,0.0,0.0,0.3427,optimal
2021-02-10 04:30:00,64,91,2.5714285714285716,0.0,0.0,0.10803333333333331,optimal
2021-02-10 05:00:00,64,91,2.5714285714285716,0.0,0.0,0.149,optimal
2021-02-10 05:30:00,64,91,2.5714285714285716,0.0,0.0,0.244,optimal
2021-02-10 06:00:00,64,91,2.5714285714285716,0.0,0.0,1.678766666666667,optimal
2021-02-10 06:30:00,64,91,2.5714285714285716,0.0,0.0,0.136,optimal
2021-02-10 07:00:00,64,91,2.5714285714285716,0.0,8.083350304762352,0.3056333333333333,optimal
2021-02-10 07:30:00,64,91,2.5714285714285716,0.0,0.0,0.2735,optimal
2021-02-10 08:00:00,64,91,1.2498432342198587,0.0,0.0,1.4924666666666666,optimal
2021-02-10 08:30:00,64,91,1.017483460713167,0.0,0.0,3.029333333333333,optimal
2021-02-10 09:00:00,64,91,0.7925831118423432,0.0,0.0,1.5050999999999999,optimal
2021-02-10 09:30:00,64,91,0.7705004811927864,0.0,0.0,1.3914000000000002,optimal
2021-02-10 10:00:00,64,91,0.547248609353781,0.0,0.0,0.3898666666666667,optimal
2021-02-10 10:30:00,64,91,0.5350378268427888,0.0,0.0,1.0017666666666667,optimal
2021-02-10 11:00:00,64,91,0.4541719003482248,0.0,0.0,1.2911333333333335,optimal
2021-02-10 11:30:00,64,91,0.49922820407106255,0.0,0.0,0.5388333333333334,optimal
2021-02-10 12:00:00,64,91,0.29101825578875296,0.0,0.0,0.5584333333333332,optimal
2021-02-10 12:30:00,64,91,0.023052541503049067,0.0,0.0,2.2020333333333335,optimal
2021-02-10 13:00:00,64,91,1.3889784643503733,0.0,0.0,3.0048666666666666,optimal
2021-02-10 13:30:00,64,91,2.5714285714285716,0.0,0.0,2.8122,optimal
2021-02-10 14:00:00,64,91,2.5714285714285716,0.0,0.0,0.34096666666666664,optimal
2021-02-10 14:30:00,64,91,2.5714285714285716,0.0,0.0,0.23063333333333333,optimal
2021-02-10 15:00:00,64,91,2.5714285714285716,0.0,0.0,0.2401,optimal
2021-02-10 15:30:00,64,91,2.5714285714285716,0.0,0.0,0.074,optimal
2021-02-10 16:00:00,64,91,0.0,0.0,0.0,0.3514,optimal
2021-02-10 16:30:00,64,91,0.0,0.0,0.0,0.11933333333333332,optimal
2021-02-10 17:00:00,64,91,0.0,0.0,0.0,0.074,optimal
2021-02-10 17:30:00,64,91,0.0,0.0,0.0,0.3032333333333333,optimal
2021-02-10 18:00:00,64,91,0.0,0.0,0.0,0.1675,optimal
2021-02-10 18:30:00,64,91,0.0,0.0,0.0,0.2934,optimal
2021-02-10 19:00:00,64,91,0.0,0.0,0.0,0.3194666666666666,optimal
2021-02-10 19:30:00,64,91,0.0,0.0,0.0,0.10953333333333332,optimal
2021-02-10 20:00:00,64,91,0.0,0.0,0.0,0.3475,optimal
2021-02-10 20:30:00,64,91,0.0,0.0,0.0,1.3892666666666669,optimal
2021-02-10 21:00:00,64,91,0.0,0.0,0.0,0.3742,optimal
2021-02-10 21:30:00,64,91,0.0,0.0,0.0,0.5562333333333334,optimal
2021-02-10 22:00:00,64,91,0.7563809523809524,0.0,0.0,0.52,optimal
2021-02-10 22:30:00,64,91,0.0,0.0,0.0,0.6883333333333334,optimal
2021-02-10 23:00:00,64,91,0.0,0.0,0.0,0.4285,optimal
2021-02-10 23:30:00,64,91,0.0,0.0,0.0,0.692,optimal
2021-02-11 00:00:00,64,91,0.0,0.0,0.0,0.064,optimal
2021-02-11 00:30:00,64,91,0.19904761904761903,0.0,0.0,0.1873333333333333,optimal
2021-02-11 01:00:00,64,91,0.0,0.0,0.0,0.07633333333333332,optimal
2021-02-11 01:30:00,64,91,0.0,0.0,0.0,0.064,optimal
2021-02-11 02:00:00,64,91,2.1363049556380185,0.0,0.0,0.064,optimal
2021-02-11 02:30:00,64,91,2.5714285714285716,0.0,0.0,0.064,optimal
2021-02-11 03:00:00,64,91,2.5714285714285716,0.0,0.0,0.175,optimal
2021-02-11 03:30:00,64,91,2.5714285714285716,0.0,0.0,0.08866666666666667,optimal
2021-02-11 04:00:00,64,91,2.5714285714285716,0.0,0.0,0.1195,optimal
2021-02-11 04:30:00,64,91,2.5714285714285716,0.0,0.0,0.14416666666666667,optimal
2021-02-11 05:00:00,64,91,2.5714285714285716,0.0,0.0,0.064,optimal
2021-02-11 05:30:00,64,91,2.5714285714285716,0.0,0.0,0.11333333333333331,optimal
2021-02-11 06:00:00,64,91,2.5714285714285716,0.0,0.0,0.152,optimal
2021-02-11 06:30:00,64,91,2.5714285714285716,0.0,1.701298971521495,0.073,optimal
2021-02-11 07:00:00,64,91,2.5714285714285716,0.0,10.0,0.101,optimal
2021-02-11 07:30:00,64,91,2.5714285714285716,0.0,0.0,0.16266666666666665,optimal
2021-02-11 08:00:00,64,91,1.4750499084637734,0.0,0.0,0.064,optimal
2021-02-11 08:30:00,64,91,1.4233540243080929,0.0,0.0,0.06233333333333334,optimal
2021-02-11 09:00:00,64,91,1.173051350712925,0.0,0.0,0.19766666666666663,optimal
2021-02-11 09:30:00,64,91,1.049201314520662,0.0,0.0,0.098,optimal
2021-02-11 10:00:00,64,91,0.7880488734917297,0.0,0.0,0.189,optimal
2021-02-11 10:30:00,64,91,0.8609796225832955,0.0,0.0,0.08266666666666667,optimal
2021-02-11 11:00:00,64,91,0.6630633181525016,0.0,0.0,0.064,optimal
2021-02-11 11:30:00,64,91,0.5763046436928283,0.0,0.0,0.1873333333333333,optimal
2021-02-11 12:00:00,64,91,0.36962489407936333,0.0,0.0,0.07633333333333332,optimal
2021-02-11 12:30:00,64,91,0.32673563018256463,0.0,0.0,0.07283333333333333,optimal
2021-02-11 13:00:00,64,91,2.5714285714285716,0.0,0.0,0.20016666666666663,optimal
2021-02-11 13:30:00,64,91,2.5714285714285716,0.0,0.0,0.064,optimal
2021-02-11 14:00:00,64,91,2.5714285714285716,0.0,0.0,0.1935,optimal
2021-02-11 14:30:00,64,91,2.5714285714285716,0.0,0.0,0.1205,optimal
2021-02-11 15:00:00,64,91,2.5714285714285716,0.0,0.0,0.1385,optimal
2021-02-11 15:30:00,64,91,2.5714285714285716,0.0,0.0,0.2275,optimal
2021-02-11 16:00:00,64,91,0.0,0.0,0.0,0.064,optimal
2021-02-11 16:30:00,64,91,0.0,0.0,0.0,0.189,optimal
2021-02-11 17:00:00,64,91,0.0,0.0,0.0,0.17833333333333334,optimal
2021-02-11 17:30:00,64,91,0.0,0.0,0.0,0.26,optimal
2021-02-11 18:00:00,64,91,0.0,0.0,0.0,1.1255333333333333,optimal
2021-02-11 18:30:00,64,91,0.0,0.0,0.0,1.5552666666666668,optimal
2021-02-11 19:00:00,64,91,0.0,0.0,0.0,0.2577333333333333,optimal
2021-02-11 19:30:00,64,91,0.0,0.0,0.0,0.197,optimal
2021-02-11 20:00:00,64,91,0.7529315092274458,0.0,0.0,0.06866666666666667,optimal
2021-02-11 20:30:00,64,91,0.0,0.0,0.0,0.20866666666666664,optimal
2021-02-11 21:00:00,64,91,0.0,0.0,0.0,0.3031666666666667,optimal
2021-02-11 21:30:00,64,91,0.0,0.0,0.0,0.212,optimal
2021-02-11 22:00:00,64,91,0.5772380952380952,0.0,0.0,0.7471333333333333,optimal
2021-02-11 22:30:00,64,91,0.0,0.0,0.0,0.15333333333333335,optimal
2021-02-11 23:00:00,64,91,0.0,0.0,0.0,0.17883333333333334,optimal
2021-02-11 23:30:00,64,91,0.0,0.0,0.0,0.10283333333333332,optimal
2021-02-12 00:00:00,64,91,0.1359382298075972,0.0,0.0,0.051,optimal
2021-02-12 00:30:00,64,91,2.5714285714285716,0.0,0.0,0.062200000000000005,optimal
2021-02-12 01:00:00,64,91,2.5714285714285716,0.0,0.0,0.163,optimal
2021-02-12 01:30:00,64,91,2.5714285714285716,0.0,0.0,0.19046666666666667,optimal
2021-02-12 02:00:00,64,91,2.5714285714285716,0.0,0.0,0.1205,optimal
2021-02-12 02:30:00,64,91,2.5714285714285716,0.0,0.0,0.22103333333333333,optimal
2021-02-12 03:00:00,64,91,2.5714285714285716,0.0,0.0,0.2454,optimal
2021-02-12 03:30:00,64,91,2.5714285714285716,0.0,0.0,0.28876666666666667,optimal
2021-02-12 04:00:00,64,91,2.5714285714285716,0.0,0.0,0.24516666666666662,optimal
2021-02-12 04:30:00,64,91,2.5714285714285716,0.0,0.0,0.3867333333333334,optimal
2021-02-12 05:00:00,64,91,2.5714285714285716,0.0,0.0,0.062200000000000005,optimal
2021-02-12 05:30:00,64,91,2.5714285714285716,0.0,0.0,0.1756,optimal
2021-02-12 06:00:00,64,91,2.5714285714285716,0.0,0.0,0.1138,optimal
2021-02-12 06:30:00,64,91,2.5714285714285716,0.0,2.7503513274763685,0.097,optimal
2021-02-12 07:00:00,64,91,2.5714285714285716,0.0,10.0,0.2766,optimal
2021-02-12 07:30:00,64,91,2.5714285714285716,0.0,0.0,0.3368,optimal
2021-02-12 08:00:00,64,91,1.5239780733135468,0.0,0.0,0.14476666666666668,optimal
2021-02-12 08:30:00,64,91,1.5370311801535783,0.0,0.0,0.22333333333333327,optimal
2021-02-12 09:00:00,64,91,1.4375018256899663,0.0,0.0,0.063,optimal
2021-02-12 09:30:00,64,91,1.286374793306633,0.0,0.0,0.063,optimal
2021-02-12 10:00:00,64,91,0.8507538426721555,0.0,0.0,0.063,optimal
2021-02-12 10:30:00,64,91,0.7976762004206487,0.0,0.0,0.15259999999999999,optimal
2021-02-12 11:00:00,64,91,0.5359597083271257,0.0,0.0,0.13290000000000002,optimal
2021-02-12 11:30:00,64,91,0.5458964316171205,0.0,0.0,0.0861,optimal
2021-02-12 12:00:00,64,91,0.44472301808880627,0.0,0.0,0.1158,optimal
2021-02-12 12:30:00,64,91,0.4192883128073662,0.0,0.0,0.1928,optimal
2021-02-12 13:00:00,64,91,0.7778128720294611,0.0,0.0,1.5064666666666666,optimal
2021-02-12 13:30:00,64,91,2.4841805251385463,0.0,0.0,0.42083333333333334,optimal
2021-02-12 14:00:00,64,91,2.5714285714285716,0.0,0.0,0.34896666666666665,optimal
2021-02-12 14:30:00,64,91,2.5714285714285716,0.0,0.0,0.2848,optimal
2021-02-12 15:00:00,64,91,2.5714285714285716,0.0,0.0,0.3272,optimal
2021-02-12 15:30:00,64,91,2.5714285714285716,0.0,0.0,1.4979,optimal
2021-02-12 16:00:00,64,91,0.0,0.0,0.0,0.16156666666666666,optimal
2021-02-12 16:30:00,64,91,0.0,0.0,0.0,0.48669999999999997,optimal
2021-02-12 17:00:00,64,91,0.0,0.0,0.0,0.485,optimal
2021-02-12 17:30:00,64,91,0.0,0.0,0.0,0.4764,optimal
2021-02-12 18:00:00,64,91,0.0,0.0,0.0,0.11526666666666668,optimal
2021-02-12 18:30:00,64,91,0.0,0.0,0.0,0.43573333333333336,optimal
2021-02-12 19:00:00,64,91,0.0,0.0,0.0,0.1955,optimal
2021-02-12 19:30:00,64,91,0.0,0.0,0.0,0.0683,optimal
2021-02-12 20:00:00,64,91,0.0,0.0,0.0,0.3367333333333333,optimal
2021-02-12 20:30:00,64,91,0.0,0.0,0.0,0.42560000000000003,optimal
2021-02-12 21:00:00,64,91,0.0,0.0,0.0,0.32403333333333334,optimal
2021-02-12 21:30:00,64,91,0.0,0.0,0.0,0.5454666666666667,optimal
2021-02-12 22:00:00,64,91,0.0,0.0,0.0,0.4656666666666667,optimal
2021-02-12 22:30:00,64,91,0.0,0.0,0.0,0.2079,optimal
2021-02-12 23:00:00,64,91,0.0,0.0,0.0,0.1177,optimal
2021-02-12 23:30:00,64,91,0.0,0.0,0.0,0.1207,optimal
2021-02-13 00:00:00,64,91,0.0,0.0,0.0,0.047,optimal
2021-02-13 00:30:00,64,91,1.2739047619047619,0.0,0.0,0.047,optimal
2021-02-13 01:00:00,64,91,0.0,0.0,0.0,0.047,optimal
2021-02-13 01:30:00,64,91,0.0,0.0,0.0,0.1154,optimal
2021-02-13 02:00:00,64,91,0.0,0.0,0.0,0.047,optimal
2021-02-13 02:30:00,64,91,1.79961202576549,0.0,0.0,0.08120000000000001,optimal
2021-02-13 03:00:00,64,91,2.5714285714285716,0.0,0.0,0.08120000000000001,optimal
2021-02-13 03:30:00,64,91,2.5714285714285716,0.0,0.0,0.0546,optimal
2021-02-13 04:00:00,64,91,2.5714285714285716,0.0,0.0,0.10779999999999999,optimal
2021-02-13 04:30:00,64,91,2.5714285714285716,0.0,0.0,0.062200000000000005,optimal
2021-02-13 05:00:00,64,91,2.5714285714285716,0.0,0.0,0.1002,optimal
2021-02-13 05:30:00,64,91,2.5714285714285716,0.0,0.0,0.08120000000000001,optimal
2021-02-13 06:00:00,64,91,2.5714285714285716,0.0,0.0,0.08120000000000001,optimal
2021-02-13 06:30:00,64,91,2.5714285714285716,0.0,0.0,0.047,optimal
2021-02-13 07:00:00,64,91,2.5714285714285716,0.0,8.833637900053505,0.0546,optimal
2021-02-13 07:30:00,64,91,2.5714285714285716,0.0,0.0,0.1098,optimal
2021-02-13 08:00:00,64,91,1.2033075711463597,0.0,0.0,1.4472333333333331,optimal
2021-02-13 08:30:00,64,91,1.2501357230077577,0.0,0.0,2.322766666666667,optimal
2021-02-13 09:00:00,64,91,1.1241761142264193,0.0,0.0,0.9823999999999999,optimal
2021-02-13 09:30:00,64,91,1.1192273497239786,0.0,0.0,0.244,optimal
2021-02-13 10:00:00,64,91,0.7946286085356377,0.0,0.0,0.5468666666666667,optimal
2021-02-13 10:30:00,64,91,0.7894739032542016,0.0,0.0,1.7095,optimal
2021-02-13 11:00:00,64,91,0.5175779624015191,0.0,0.0,2.386333333333333,optimal
2021-02-13 11:30:00,64,91,0.5743451618819728,0.0,0.0,0.28806666666666664,optimal
2021-02-13 12:00:00,64,91,0.5464466375230106,0.0,0.0,0.15259999999999999,optimal
2021-02-13 12:30:00,64,91,0.5380057983887124,0.0,0.0,0.18009999999999998,optimal
2021-02-13 13:00:00,64,91,2.5714285714285716,0.0,0.0,0.0912,optimal
2021-02-13 13:30:00,64,91,2.5714285714285716,0.0,0.0,0.0912,optimal
2021-02-13 14:00:00,64,91,2.5714285714285716,0.0,0.0,0.057,optimal
2021-02-13 14:30:00,64,91,2.5714285714285716,0.0,0.0,0.057,optimal
2021-02-13 15:00:00,64,91,2.5714285714285716,0.0,0.0,0.38353333333333334,optimal
2021-02-13 15:30:00,64,91,2.5714285714285716,0.0,0.0,0.4250333333333334,optimal
2021-02-13 16:00:00,64,91,0.0,0.0,0.0,0.057,optimal
2021-02-13 16:30:00,64,91,0.0,0.0,0.0,0.057,optimal
2021-02-13 17:00:00,64,91,0.0,0.0,0.0,0.076,optimal
2021-02-13 17:30:00,64,91,0.0,0.0,0.0,0.10640000000000001,optimal
2021-02-13 18:00:00,64,91,0.0,0.0,0.0,0.057,optimal
2021-02-13 18:30:00,64,91,0.0,0.0,0.0,0.0912,optimal
2021-02-13 19:00:00,64,91,0.0,0.0,0.0,0.0912,optimal
2021-02-13 19:30:00,64,91,0.0,0.0,0.0,2.121,optimal
2021-02-13 20:00:00,64,91,0.3729296929270931,0.0,0.0,0.6562333333333333,optimal
2021-02-13 20:30:00,64,91,0.0,0.0,0.0,0.8054,optimal
2021-02-13 21:00:00,64,91,0.0,0.0,0.0,2.2201999999999997,optimal
2021-02-13 21:30:00,64,91,0.0,0.0,0.0,0.22193333333333332,optimal
2021-02-13 22:00:00,64,91,0.09952380952380951,0.0,0.0,0.6978,optimal
2021-02-13 22:30:00,64,91,0.0,0.0,0.0,0.4431333333333333,optimal
2021-02-13 23:00:00,64,91,0.0,0.0,0.0,2.322033333333333,optimal
2021-02-13 23:30:00,64,91,0.0,0.0,0.0,0.3322,optimal
2021-02-07 00:00:00,65,91,0.0,0.0,0.0,0.048,optimal
2021-02-07 00:30:00,65,91,0.0,0.0,0.0,0.048,optimal
2021-02-07 01:00:00,65,91,0.0,0.0,0.0,0.048,optimal
2021-02-07 01:30:00,65,91,0.0,0.0,0.0,0.1026,optimal
2021-02-07 02:00:00,65,91,0.0,0.0,0.0,0.19726666666666667,optimal
2021-02-07 02:30:00,65,91,0.0,0.0,0.0,0.09046666666666668,optimal
2021-02-07 03:00:00,65,91,0.0,0.0,0.0,0.06620000000000001,optimal
2021-02-07 03:30:00,65,91,0.0,0.0,0.0,0.17166666666666666,optimal
2021-02-07 04:00:00,65,91,2.2857142857142856,0.0,0.0,0.09786666666666666,optimal
2021-02-07 04:30:00,65,91,2.2857142857142856,0.0,0.0,0.1031,optimal
2021-02-07 05:00:00,65,91,2.2857142857142856,0.0,0.0,0.18863333333333332,optimal
2021-02-07 05:30:00,65,91,2.2857142857142856,0.0,0.0,0.053666666666666654,optimal
2021-02-07 06:00:00,65,91,2.2857142857142856,0.0,0.0,0.2335,optimal
2021-02-07 06:30:00,65,91,2.2857142857142856,0.0,0.0,0.05423333333333333,optimal
2021-02-07 07:00:00,65,91,2.2857142857142856,0.0,2.419262565149199,0.048,optimal
2021-02-07 07:30:00,65,91,0.0,0.0,0.0,0.1026,optimal
2021-02-07 08:00:00,65,91,0.0,0.0,0.0,0.12796666666666667,optimal
2021-02-07 08:30:00,65,91,0.0,0.0,0.0,1.5054,optimal
2021-02-07 09:00:00,65,91,0.0,0.0,0.0,0.2980333333333334,optimal
2021-02-07 09:30:00,65,91,0.3397092627500598,0.0,0.0,0.31676666666666664,optimal
2021-02-07 10:00:00,65,91,0.8968092991504131,0.0,0.0,0.20366666666666663,optimal
2021-02-07 10:30:00,65,91,0.7988234716180672,0.0,0.0,1.456,optimal
2021-02-07 11:00:00,65,91,0.6315163992458362,0.0,0.0,2.3285666666666667,optimal
2021-02-07 11:30:00,65,91,0.7376059230553671,0.0,0.0,1.2416666666666667,optimal
2021-02-07 12:00:00,65,91,0.6862864132913138,0.0,0.0,0.3741333333333333,optimal
2021-02-07 12:30:00,65,91,0.7923721275770139,0.0,0.0,0.05066666666666666,optimal
2021-02-07 13:00:00,65,91,2.2857142857142856,0.0,0.0,0.13423333333333332,optimal
2021-02-07 13:30:00,65,91,2.2857142857142856,0.0,0.0,0.1674,optimal
2021-02-07 14:00:00,65,91,2.2857142857142856,0.0,0.0,0.13923333333333332,optimal
2021-02-07 14:30:00,65,91,2.2857142857142856,0.0,0.0,0.20753333333333332,optimal
2021-02-07 15:00:00,65,91,2.2857142857142856,0.0,0.0,0.052,optimal
2021-02-07 15:30:00,65,91,2.2857142857142856,0.0,0.0,0.15633333333333335,optimal
2021-02-07 16:00:00,65,91,0.0,0.0,0.0,0.2786666666666667,optimal
2021-02-07 16:30:00,65,91,0.0,0.0,0.0,0.173,optimal
2021-02-07 17:00:00,65,91,0.0,0.0,0.0,1.2102,optimal
2021-02-07 17:30:00,65,91,0.0,0.0,0.0,0.4816666666666667,optimal
2021-02-07 18:00:00,65,91,0.0,0.0,0.0,0.18946666666666667,optimal
2021-02-07 18:30:00,65,91,0.0,0.0,0.0,0.3454333333333333,optimal
2021-02-07 19:00:00,65,91,0.0,0.0,0.0,0.24563333333333331,optimal
2021-02-07 19:30:00,65,91,0.0,0.0,0.0,0.23676666666666668,optimal
2021-02-07 20:00:00,65,91,0.02356359921127389,0.0,0.0,0.2911,optimal
2021-02-07 20:30:00,65,91,0.0,0.0,0.0,0.14253333333333335,optimal
2021-02-07 21:00:00,65,91,0.0,0.0,0.0,0.13046666666666668,optimal
2021-02-07 21:30:00,65,91,0.0,0.0,0.0,0.31603333333333333,optimal
2021-02-07 22:00:00,65,91,0.0,0.0,0.0,0.23336666666666667,optimal
2021-02-07 22:30:00,65,91,0.0,0.0,0.0,0.2475,optimal
2021-02-07 23:00:00,65,91,0.0,0.0,0.0,0.4710666666666667,optimal
2021-02-07 23:30:00,65,91,0.0,0.0,0.0,0.05766666666666666,optimal
2021-02-08 00:00:00,65,91,0.0,0.0,0.0,0.044,optimal
2021-02-08 00:30:00,65,91,0.0,0.0,0.0,0.044,optimal
2021-02-08 01:00:00,65,91,0.0,0.0,0.0,0.044,optimal
2021-02-08 01:30:00,65,91,0.0,0.0,0.0,0.044,optimal
2021-02-08 02:00:00,65,91,0.0,0.0,0.0,0.15333333333333335,optimal
2021-02-08 02:30:00,65,91,1.6957559839552288,0.0,0.0,0.044,optimal
2021-02-08 03:00:00,65,91,2.2857142857142856,0.0,0.0,0.10413333333333334,optimal
2021-02-08 03:30:00,65,91,2.2857142857142856,0.0,0.0,0.0932,optimal
2021-02-08 04:00:00,65,91,2.2857142857142856,0.0,0.0,0.10413333333333334,optimal
2021-02-08 04:30:00,65,91,2.2857142857142856,0.0,0.0,0.0932,optimal
2021-02-08 05:00:00,65,91,2.2857142857142856,0.0,0.0,0.044,optimal
2021-02-08 05:30:00,65,91,2.2857142857142856,0.0,0.0,0.13693333333333332,optimal
2021-02-08 06:00:00,65,91,2.2857142857142856,0.0,0.0,0.07006666666666667,optimal
2021-02-08 06:30:00,65,91,2.2857142857142856,0.0,7.9399069444348935,0.054,optimal
2021-02-08 07:00:00,65,91,2.2857142857142856,0.0,10.0,0.16066666666666665,optimal
2021-02-08 07:30:00,65,91,2.2857142857142856,0.0,0.0,0.043,optimal
2021-02-08 08:00:00,65,91,1.2394138624875464,0.0,0.0,0.0588,optimal
2021-02-08 08:30:00,65,91,1.2677880349551927,0.0,0.0,0.1618666666666667,optimal
2021-02-08 09:00:00,65,91,1.1811615472156847,0.0,0.0,0.054,optimal
2021-02-08 09:30:00,65,91,1.1396193361332616,0.0,0.0,0.16333333333333333,optimal
2021-02-08 10:00:00,65,91,0.9402099866854591,0.0,0.0,0.054,optimal
2021-02-08 10:30:00,65,91,0.9505141025297759,0.0,0.0,0.052333333333333336,optimal
2021-02-08 11:00:00,65,91,0.5823028951507185,0.0,0.0,0.26493333333333335,optimal
2021-02-08 11:30:00,65,91,0.5876049131592612,0.0,0.0,0.12433333333333331,optimal
2021-02-08 12:00:00,65,91,0.47756426253338435,0.0,0.0,0.20866666666666664,optimal
2021-02-08 12:30:00,65,91,0.533349250931423,0.0,0.0,0.063,optimal
2021-02-08 13:00:00,65,91,2.2857142857142856,0.0,0.0,0.8533333333333334,optimal
2021-02-08 13:30:00,65,91,2.2857142857142856,0.0,0.0,0.8078666666666666,optimal
2021-02-08 14:00:00,65,91,2.2857142857142856,0.0,0.0,0.0858,optimal
2021-02-08 14:30:00,65,91,2.2857142857142856,0.0,0.0,0.1032,optimal
2021-02-08 15:00:00,65,91,2.2857142857142856,0.0,0.0,0.11413333333333334,optimal
2021-02-08 15:30:00,65,91,2.2857142857142856,0.0,0.0,0.054,optimal
2021-02-08 16:00:00,65,91,0.0,0.0,0.0,0.054,optimal
2021-02-08 16:30:00,65,91,0.0,0.0,0.0,0.054,optimal
2021-02-08 17:00:00,65,91,0.0,0.0,0.0,0.054,optimal
2021-02-08 17:30:00,65,91,0.0,0.0,0.0,0.16333333333333333,optimal
2021-02-08 18:00:00,65,91,0.0,0.0,0.0,0.054,optimal
2021-02-08 18:30:00,65,91,0.0,0.0,0.0,0.136,optimal
2021-02-08 19:00:00,65,91,0.0,0.0,0.0,0.08133333333333333,optimal
2021-02-08 19:30:00,65,91,0.22616455800414867,0.0,0.0,0.054,optimal
2021-02-08 20:00:00,65,91,1.1751595951727507,0.0,0.0,0.443,optimal
2021-02-08 20:30:00,65,91,0.0,0.0,0.0,0.3093333333333333,optimal
2021-02-08 21:00:00,65,91,0.0,0.0,0.0,0.203,optimal
2021-02-08 21:30:00,65,91,0.0,0.0,0.0,0.27013333333333334,optimal
2021-02-08 22:00:00,65,91,0.0,0.0,0.0,0.15630000000000002,optimal
2021-02-08 22:30:00,65,91,0.0,0.0,0.0,0.23036666666666666,optimal
2021-02-08 23:00:00,65,91,0.0,0.0,0.0,0.27393333333333336,optimal
2021-02-08 23:30:00,65,91,0.0,0.0,0.0,0.10266666666666668,optimal
2021-02-09 00:00:00,65,91,0.0,0.0,0.0,0.063,optimal
2021-02-09 00:30:00,65,91,0.0,0.0,0.0,0.063,optimal
2021-02-09 01:00:00,65,91,0.0,0.0,0.0,0.063,optimal
2021-02-09 01:30:00,65,91,0.0,0.0,0.0,0.09759999999999999,optimal
2021-02-09 02:00:00,65,91,1.0573670888770417,0.0,0.0,0.1552666666666667,optimal
2021-02-09 02:30:00,65,91,2.2857142857142856,0.0,0.0,0.063,optimal
2021-02-09 03:00:00,65,91,2.2857142857142856,0.0,0.0,0.14373333333333332,optimal
2021-02-09 03:30:00,65,91,2.2857142857142856,0.0,0.0,0.10913333333333335,optimal
2021-02-09 04:00:00,65,91,2.2857142857142856,0.0,0.0,0.10913333333333335,optimal
2021-02-09 04:30:00,65,91,2.2857142857142856,0.0,0.0,0.14373333333333332,optimal
2021-02-09 05:00:00,65,91,2.2857142857142856,0.0,0.0,0.063,optimal
2021-02-09 05:30:00,65,91,2.2857142857142856,0.0,0.0,0.08606666666666667,optimal
2021-02-09 06:00:00,65,91,2.2857142857142856,0.0,0.0,0.1668,optimal
2021-02-09 06:30:00,65,91,2.2857142857142856,0.0,0.6275733123200218,0.063,optimal
2021-02-09 07:00:00,65,91,2.2857142857142856,0.0,10.0,0.063,optimal
2021-02-09 07:30:00,65,91,2.2857142857142856,0.0,0.0,0.06676666666666667,optimal
2021-02-09 08:00:00,65,91,1.220095700410605,0.0,0.0,0.1921,optimal
2021-02-09 08:30:00,65,91,1.2948553940900878,0.0,0.0,0.9204333333333332,optimal
2021-02-09 09:00:00,65,91,1.1981751630589002,0.0,0.0,0.063,optimal
2021-02-09 09:30:00,65,91,1.1512050266083718,0.0,0.0,0.1552666666666667,optimal
2021-02-09 10:00:00,65,91,0.8988380959414953,0.0,0.0,0.09759999999999999,optimal
2021-02-09 10:30:00,65,91,0.8915502838200001,0.0,0.0,0.063,optimal
2021-02-09 11:00:00,65,91,0.606629185278467,0.0,0.0,0.1928666666666667,optimal
2021-02-09 11:30:00,65,91,0.6394420990446451,0.0,0.0,0.073,optimal
2021-02-09 12:00:00,65,91,0.44787443744672845,0.0,0.0,0.16526666666666667,optimal
2021-02-09 12:30:00,65,91,0.46778533320436316,0.0,0.0,0.09759999999999999,optimal
2021-02-09 13:00:00,65,91,2.2857142857142856,0.0,0.0,0.063,optimal
2021-02-09 13:30:00,65,91,2.2857142857142856,0.0,0.0,0.2645,optimal
2021-02-09 14:00:00,65,91,2.2857142857142856,0.0,0.0,0.073,optimal
2021-02-09 14:30:00,65,91,2.2857142857142856,0.0,0.0,0.10193333333333333,optimal
2021-02-09 15:00:00,65,91,2.2857142857142856,0.0,0.0,0.1552666666666667,optimal
2021-02-09 15:30:00,65,91,2.2857142857142856,0.0,0.0,0.4254,optimal
2021-02-09 16:00:00,65,91,0.0,0.0,0.0,0.6772666666666667,optimal
2021-02-09 16:30:00,65,91,0.0,0.0,0.0,1.8645666666666665,optimal
2021-02-09 17:00:00,65,91,0.0,0.0,0.0,0.5692,optimal
2021-02-09 17:30:00,65,91,0.0,0.0,0.0,0.6511666666666667,optimal
2021-02-09 18:00:00,65,91,0.0,0.0,0.0,0.47853333333333337,optimal
2021-02-09 18:30:00,65,91,0.0,0.0,0.0,0.5349333333333333,optimal
2021-02-09 19:00:00,65,91,0.0,0.0,0.0,0.28846666666666665,optimal
2021-02-09 19:30:00,65,91,0.0,0.0,0.0,0.4622,optimal
2021-02-09 20:00:00,65,91,0.35256833309576013,0.0,0.0,0.6874333333333332,optimal
2021-02-09 20:30:00,65,91,0.0,0.0,0.0,0.7181666666666666,optimal
2021-02-09 21:00:00,65,91,0.0,0.0,0.0,0.4296333333333333,optimal
2021-02-09 21:30:00,65,91,0.0,0.0,0.0,0.5955333333333332,optimal
2021-02-09 22:00:00,65,91,0.0,0.0,0.0,0.6009666666666666,optimal
2021-02-09 22:30:00,65,91,0.0,0.0,0.0,0.25793333333333335,optimal
2021-02-09 23:00:00,65,91,0.0,0.0,0.0,0.16526666666666667,optimal
2021-02-09 23:30:00,65,91,0.0,0.0,0.0,0.073,optimal
2021-02-10 00:00:00,65,91,0.0,0.0,0.0,0.15786666666666668,optimal
2021-02-10 00:30:00,65,91,1.9506666666666665,0.0,0.0,0.065,optimal
2021-02-10 01:00:00,65,91,0.0,0.0,0.0,0.065,optimal
2021-02-10 01:30:00,65,91,0.0,0.0,0.0,0.1956,optimal
2021-02-10 02:00:00,65,91,1.1333459283560292,0.0,0.0,0.1446,optimal
2021-02-10 02:30:00,65,91,2.2857142857142856,0.0,0.0,0.1706,optimal
2021-02-10 03:00:00,65,91,2.2857142857142856,0.0,0.0,0.11023333333333332,optimal
2021-02-10 03:30:00,65,91,2.2857142857142856,0.0,0.0,0.13436666666666666,optimal
2021-02-10 04:00:00,65,91,2.2857142857142856,0.0,0.0,0.1823333333333333,optimal
2021-02-10 04:30:00,65,91,2.2857142857142856,0.0,0.0,0.15786666666666668,optimal
2021-02-10 05:00:00,65,91,2.2857142857142856,0.0,0.0,0.1354,optimal
2021-02-10 05:30:00,65,91,2.2857142857142856,0.0,0.0,0.11193333333333334,optimal
2021-02-10 06:00:00,65,91,2.2857142857142856,0.0,0.9714791245387819,0.065,optimal
2021-02-10 06:30:00,65,91,2.2857142857142856,0.0,10.0,0.15786666666666668,optimal
2021-02-10 07:00:00,65,91,2.2857142857142856,0.0,10.0,0.18266666666666662,optimal
2021-02-10 07:30:00,65,91,2.2857142857142856,0.0,0.0,0.6687000000000001,optimal
2021-02-10 08:00:00,65,91,0.9271156151722482,0.0,0.0,5.026233333333334,optimal
2021-02-10 08:30:00,65,91,0.9781025083322058,0.0,0.0,2.9524,optimal
2021-02-10 09:00:00,65,91,0.8734059689852066,0.0,0.0,1.046733333333333,optimal
2021-02-10 09:30:00,65,91,0.9809833383356388,0.0,0.0,2.0505666666666666,optimal
2021-02-10 10:00:00,65,91,0.7694943236394854,0.0,0.0,0.24506666666666663,optimal
2021-02-10 10:30:00,65,91,0.4894054458904167,0.0,0.0,3.9594,optimal
2021-02-10 11:00:00,65,91,0.6491833289196601,0.0,0.0,0.19933333333333328,optimal
2021-02-10 11:30:00,65,91,0.6641291564520317,0.0,0.0,0.2633666666666667,optimal
2021-02-10 12:00:00,65,91,0.4246887319792316,0.0,0.0,0.2762333333333333,optimal
2021-02-10 12:30:00,65,91,0.4465096843601931,0.0,0.0,0.22290000000000001,optimal
2021-02-10 13:00:00,65,91,2.2857142857142856,0.0,0.0,0.17473333333333332,optimal
2021-02-10 13:30:00,65,91,2.2857142857142856,0.0,0.0,0.16786666666666666,optimal
2021-02-10 14:00:00,65,91,2.2857142857142856,0.0,0.0,0.19233333333333327,optimal
2021-02-10 14:30:00,65,91,2.2857142857142856,0.0,0.0,0.12806666666666666,optimal
2021-02-10 15:00:00,65,91,2.2857142857142856,0.0,0.0,0.12066666666666669,optimal
2021-02-10 15:30:00,65,91,2.2857142857142856,0.0,0.0,0.18646666666666667,optimal
2021-02-10 16:00:00,65,91,0.0,0.0,0.0,0.16786666666666666,optimal
2021-02-10 16:30:00,65,91,0.0,0.0,0.0,0.19233333333333327,optimal
2021-02-10 17:00:00,65,91,0.0,0.0,0.0,0.1347,optimal
2021-02-10 17:30:00,65,91,0.0,0.0,0.0,0.2137666666666667,optimal
2021-02-10 18:00:00,65,91,0.0,0.0,0.0,1.3713666666666666,optimal
2021-02-10 18:30:00,65,91,0.0,0.0,0.0,1.4525,optimal
2021-02-10 19:00:00,65,91,0.0,0.0,0.0,2.3286333333333333,optimal
2021-02-10 19:30:00,65,91,0.0,0.0,0.0,2.5956,optimal
2021-02-10 20:00:00,65,91,0.03297705146435884,0.0,0.0,1.0743666666666665,optimal
2021-02-10 20:30:00,65,91,0.0,0.0,0.0,1.4871333333333334,optimal
2021-02-10 21:00:00,65,91,0.0,0.0,0.0,0.32143333333333335,optimal
2021-02-10 21:30:00,65,91,0.0,0.0,0.0,0.3976,optimal
2021-02-10 22:00:00,65,91,0.05971428571428571,0.0,0.0,0.33513333333333334,optimal
2021-02-10 22:30:00,65,91,0.0,0.0,0.0,0.3949333333333333,optimal
2021-02-10 23:00:00,65,91,0.0199047619047619,0.0,0.0,0.48760000000000003,optimal
2021-02-10 23:30:00,65,91,0.0,0.0,0.0,0.14336666666666667,optimal
2021-02-11 00:00:00,65,91,0.0,0.0,0.0,0.07133333333333333,optimal
2021-02-11 00:30:00,65,91,2.070095238095238,0.0,0.0,0.072,optimal
2021-02-11 01:00:00,65,91,1.2980396454159522,0.0,0.0,0.08776666666666666,optimal
2021-02-11 01:30:00,65,91,2.2857142857142856,0.0,0.0,0.24936666666666668,optimal
2021-02-11 02:00:00,65,91,2.2857142857142856,0.0,0.0,0.072,optimal
2021-02-11 02:30:00,65,91,2.2857142857142856,0.0,0.0,0.1853333333333333,optimal
2021-02-11 03:00:00,65,91,2.2857142857142856,0.0,0.0,0.14293333333333333,optimal
2021-02-11 03:30:00,65,91,2.2857142857142856,0.0,0.0,0.19419999999999998,optimal
2021-02-11 04:00:00,65,91,2.2857142857142856,0.0,0.0,0.15180000000000002,optimal
2021-02-11 04:30:00,65,91,2.2857142857142856,0.0,0.0,0.072,optimal
2021-02-11 05:00:00,65,91,2.2857142857142856,0.0,0.0,0.18466666666666662,optimal
2021-02-11 05:30:00,65,91,2.2857142857142856,0.0,0.0,0.15180000000000002,optimal
2021-02-11 06:00:00,65,91,2.2857142857142856,0.0,0.0,0.072,optimal
2021-02-11 06:30:00,65,91,2.2857142857142856,0.0,4.568579378095652,0.26513333333333333,optimal
2021-02-11 07:00:00,65,91,2.2857142857142856,0.0,10.0,0.072,optimal
2021-02-11 07:30:00,65,91,2.2857142857142856,0.0,0.0,0.18466666666666662,optimal
2021-02-11 08:00:00,65,91,1.35605943227329,0.0,0.0,0.07436666666666666,optimal
2021-02-11 08:30:00,65,91,1.3379968814509484,0.0,0.0,0.9120666666666668,optimal
2021-02-11 09:00:00,65,91,1.2286132554748326,0.0,0.0,0.24480000000000002,optimal
2021-02-11 09:30:00,65,91,1.035696552615906,0.0,0.0,0.33846666666666664,optimal
2021-02-11 10:00:00,65,91,0.6444393496822184,0.0,0.0,0.35033333333333333,optimal
2021-02-11 10:30:00,65,91,0.6615129559166272,0.0,0.0,0.6269333333333332,optimal
2021-02-11 11:00:00,65,91,0.3357109372001154,0.0,0.0,1.7456666666666667,optimal
2021-02-11 11:30:00,65,91,0.35223797702614906,0.0,0.0,1.299,optimal
2021-02-11 12:00:00,65,91,0.12959441788890175,0.0,0.0,0.5617000000000001,optimal
2021-02-11 12:30:00,65,91,0.12332610637305404,0.0,0.0,0.4788,optimal
2021-02-11 13:00:00,65,91,2.2857142857142856,0.0,0.0,0.3803,optimal
2021-02-11 13:30:00,65,91,2.2857142857142856,0.0,0.0,0.5059,optimal
2021-02-11 14:00:00,65,91,2.2857142857142856,0.0,0.0,0.3091333333333333,optimal
2021-02-11 14:30:00,65,91,2.2857142857142856,0.0,0.0,0.12376666666666668,optimal
2021-02-11 15:00:00,65,91,2.2857142857142856,0.0,0.0,0.21936666666666668,optimal
2021-02-11 15:30:00,65,91,2.2857142857142856,0.0,0.0,0.22863333333333333,optimal
2021-02-11 16:00:00,65,91,0.0,0.0,0.0,0.3711333333333333,optimal
2021-02-11 16:30:00,65,91,0.0,0.0,0.0,2.0417,optimal
2021-02-11 17:00:00,65,91,0.0,0.0,0.0,0.6753333333333333,optimal
2021-02-11 17:30:00,65,91,0.0,0.0,0.0,0.33476666666666666,optimal
2021-02-11 18:00:00,65,91,0.0,0.0,0.0,0.2826666666666667,optimal
2021-02-11 18:30:00,65,91,0.0,0.0,0.0,0.2853,optimal
2021-02-11 19:00:00,65,91,0.0,0.0,0.0,0.4645,optimal
2021-02-11 19:30:00,65,91,0.0,0.0,0.0,0.3917333333333333,optimal
2021-02-11 20:00:00,65,91,0.6700690487870615,0.0,0.0,0.5882666666666666,optimal
2021-02-11 20:30:00,65,91,0.0,0.0,0.0,0.3599333333333333,optimal
2021-02-11 21:00:00,65,91,0.0,0.0,0.0,0.24763333333333332,optimal
2021-02-11 21:30:00,65,91,0.0,0.0,0.0,0.27726666666666666,optimal
2021-02-11 22:00:00,65,91,0.05971428571428571,0.0,0.0,0.16013333333333332,optimal
2021-02-11 22:30:00,65,91,0.0,0.0,0.0,0.16556666666666667,optimal
2021-02-11 23:00:00,65,91,0.0,0.0,0.0,0.20306666666666665,optimal
2021-02-11 23:30:00,65,91,0.0,0.0,0.0,0.14293333333333333,optimal
2021-02-12 00:00:00,65,91,0.4979835704780726,0.0,0.0,0.054,optimal
2021-02-12 00:30:00,65,91,2.2857142857142856,0.0,0.0,0.054,optimal
2021-02-12 01:00:00,65,91,2.2857142857142856,0.0,0.0,0.16266666666666665,optimal
2021-02-12 01:30:00,65,91,2.2857142857142856,0.0,0.0,0.06486666666666666,optimal
2021-02-12 02:00:00,65,91,2.2857142857142856,0.0,0.0,0.11376666666666668,optimal
2021-02-12 02:30:00,65,91,2.2857142857142856,0.0,0.0,0.11776666666666669,optimal
2021-02-12 03:00:00,65,91,2.2857142857142856,0.0,0.0,0.07086666666666666,optimal
2021-02-12 03:30:00,65,91,2.2857142857142856,0.0,0.0,0.16266666666666665,optimal
2021-02-12 04:00:00,65,91,2.2857142857142856,0.0,0.0,0.054,optimal
2021-02-12 04:30:00,65,91,2.2857142857142856,0.0,0.0,0.054,optimal
2021-02-12 05:00:00,65,91,2.2857142857142856,0.0,0.0,0.17353333333333334,optimal
2021-02-12 05:30:00,65,91,2.2857142857142856,0.0,0.0,0.058,optimal
2021-02-12 06:00:00,65,91,2.2857142857142856,0.0,0.0,0.09659999999999999,optimal
2021-02-12 06:30:00,65,91,2.2857142857142856,0.0,0.0,0.1502666666666667,optimal
2021-02-12 07:00:00,65,91,2.2857142857142856,0.0,9.015454846226007,0.06709999999999999,optimal
2021-02-12 07:30:00,65,91,2.2857142857142856,0.0,0.0,0.2049333333333333,optimal
2021-02-12 08:00:00,65,91,1.5947590256945043,0.0,0.0,0.0709,optimal
2021-02-12 08:30:00,65,91,1.6198692753916877,0.0,0.0,0.06943333333333333,optimal
2021-02-12 09:00:00,65,91,1.4045303971185354,0.0,0.0,0.17809999999999998,optimal
2021-02-12 09:30:00,65,91,1.286003364735203,0.0,0.0,0.064,optimal
2021-02-12 10:00:00,65,91,0.8302014617197723,0.0,0.0,0.13063333333333332,optimal
2021-02-12 10:30:00,65,91,0.8089333432777852,0.0,0.0,0.1029,optimal
2021-02-12 11:00:00,65,91,0.43247399404141257,0.0,0.0,0.185,optimal
2021-02-12 11:30:00,65,91,0.42340119352188565,0.0,0.0,0.35753333333333337,optimal
2021-02-12 12:00:00,65,91,0.24040301808881967,0.0,0.0,1.1500333333333332,optimal
2021-02-12 12:30:00,65,91,0.22408831280737146,0.0,0.0,1.4013,optimal
2021-02-12 13:00:00,65,91,2.2857142857142856,0.0,0.0,0.7424666666666667,optimal
2021-02-12 13:30:00,65,91,2.2857142857142856,0.0,0.0,0.366,optimal
2021-02-12 14:00:00,65,91,2.2857142857142856,0.0,0.0,0.064,optimal
2021-02-12 14:30:00,65,91,2.2857142857142856,0.0,0.0,0.064,optimal
2021-02-12 15:00:00,65,91,2.2857142857142856,0.0,0.0,0.3848666666666667,optimal
2021-02-12 15:30:00,65,91,2.2857142857142856,0.0,0.0,0.43760000000000004,optimal
2021-02-12 16:00:00,65,91,0.0,0.0,0.0,0.6021333333333333,optimal
2021-02-12 16:30:00,65,91,0.0,0.0,0.0,0.4391666666666667,optimal
2021-02-12 17:00:00,65,91,0.0,0.0,0.0,0.35969999999999996,optimal
2021-02-12 17:30:00,65,91,0.0,0.0,0.0,0.4656666666666667,optimal
2021-02-12 18:00:00,65,91,0.0,0.0,0.0,0.3225,optimal
2021-02-12 18:30:00,65,91,0.0,0.0,0.0,0.2835,optimal
2021-02-12 19:00:00,65,91,0.0,0.0,0.0,0.4629,optimal
2021-02-12 19:30:00,65,91,0.0,0.0,0.0,0.216,optimal
2021-02-12 20:00:00,65,91,0.38623525833844186,0.0,0.0,0.17876666666666668,optimal
2021-02-12 20:30:00,65,91,0.0,0.0,0.0,0.2302333333333333,optimal
2021-02-12 21:00:00,65,91,0.0,0.0,0.0,0.23816666666666664,optimal
2021-02-12 21:30:00,65,91,0.0,0.0,0.0,0.41326666666666667,optimal
2021-02-12 22:00:00,65,91,0.0,0.0,0.0,0.20196666666666666,optimal
2021-02-12 22:30:00,65,91,0.0,0.0,0.0,0.1258,optimal
2021-02-12 23:00:00,65,91,0.05971428571428571,0.0,0.0,0.3196,optimal
2021-02-12 23:30:00,65,91,0.0,0.0,0.0,0.12190000000000001,optimal
2021-02-13 00:00:00,65,91,0.0,0.0,0.0,1.1035333333333333,optimal
2021-02-13 00:30:00,65,91,0.9753333333333333,0.0,0.0,2.2145333333333332,optimal
2021-02-13 01:00:00,65,91,0.0,0.0,0.0,0.4645,optimal
2021-02-13 01:30:00,65,91,0.0,0.0,0.0,0.3031333333333333,optimal
2021-02-13 02:00:00,65,91,1.5437339019551837,0.0,0.0,0.1576,optimal
2021-02-13 02:30:00,65,91,2.2857142857142856,0.0,0.0,0.3424,optimal
2021-02-13 03:00:00,65,91,2.2857142857142856,0.0,0.0,0.11443333333333333,optimal
2021-02-13 03:30:00,65,91,2.2857142857142856,0.0,0.0,0.14056666666666667,optimal
2021-02-13 04:00:00,65,91,2.2857142857142856,0.0,0.0,0.15256666666666666,optimal
2021-02-13 04:30:00,65,91,2.2857142857142856,0.0,0.0,0.1358,optimal
2021-02-13 05:00:00,65,91,2.2857142857142856,0.0,0.0,0.1335,optimal
2021-02-13 05:30:00,65,91,2.2857142857142856,0.0,3.4556348088243807,0.08583333333333333,optimal
2021-02-13 06:00:00,65,91,2.2857142857142856,0.0,10.0,0.17393333333333333,optimal
2021-02-13 06:30:00,65,91,2.2857142857142856,0.0,10.0,0.1192,optimal
2021-02-13 07:00:00,65,91,2.2857142857142856,0.0,10.0,0.9052,optimal
2021-02-13 07:30:00,65,91,2.2857142857142856,0.0,0.0,0.9270333333333332,optimal
2021-02-13 08:00:00,65,91,1.2992332854320545,0.0,0.0,0.19219999999999998,optimal
2021-02-13 08:30:00,65,91,1.394722389674429,0.0,0.0,0.19776666666666667,optimal
2021-02-13 09:00:00,65,91,1.2699303999407137,0.0,0.0,0.09536666666666666,optimal
2021-02-13 09:30:00,65,91,1.2595663973430384,0.0,0.0,0.07153333333333334,optimal
2021-02-13 10:00:00,65,91,0.9429143228213543,0.0,0.0,0.2216,optimal
2021-02-13 10:30:00,65,91,0.9827367603970578,0.0,0.0,0.0702,optimal
2021-02-13 11:00:00,65,91,0.661673200496743,0.0,0.0,0.1276,optimal
2021-02-13 11:30:00,65,91,0.6769813523581589,0.0,0.0,0.062,optimal
2021-02-13 12:00:00,65,91,0.5161190184753802,0.0,0.0,0.18346666666666667,optimal
2021-02-13 12:30:00,65,91,0.5303353221982199,0.0,0.0,0.10966666666666669,optimal
2021-02-13 13:00:00,65,91,2.2857142857142856,0.0,0.0,0.195,optimal
2021-02-13 13:30:00,65,91,2.2857142857142856,0.0,0.0,0.3085,optimal
2021-02-13 14:00:00,65,91,2.2857142857142856,0.0,0.0,0.10643333333333334,optimal
2021-02-13 14:30:00,65,91,2.2857142857142856,0.0,0.0,0.8284333333333332,optimal
2021-02-13 15:00:00,65,91,2.2857142857142856,0.0,0.0,1.5316333333333334,optimal
2021-02-13 15:30:00,65,91,2.2857142857142856,0.0,0.0,0.2653666666666667,optimal
2021-02-13 16:00:00,65,91,0.0,0.0,0.0,0.15256666666666666,optimal
2021-02-13 16:30:00,65,91,0.0,0.0,0.0,0.2683333333333333,optimal
2021-02-13 17:00:00,65,91,0.0,0.0,0.0,1.7176333333333333,optimal
2021-02-13 17:30:00,65,91,0.0,0.0,0.0,0.7850333333333332,optimal
2021-02-13 18:00:00,65,91,0.0,0.0,0.0,0.19266666666666662,optimal
2021-02-13 18:30:00,65,91,0.0,0.0,0.0,2.0073333333333334,optimal
2021-02-13 19:00:00,65,91,0.0,0.0,0.0,0.20766666666666664,optimal
2021-02-13 19:30:00,65,91,1.1586930881605098,0.0,0.0,0.2039,optimal
2021-02-13 20:00:00,65,91,1.2023720225329209,0.0,0.0,0.14836666666666667,optimal
2021-02-13 20:30:00,65,91,0.04766178301805275,0.0,0.0,0.1738,optimal
2021-02-13 21:00:00,65,91,0.0,0.0,0.0,3.0937333333333332,optimal
2021-02-13 21:30:00,65,91,0.0,0.0,0.0,0.208,optimal
2021-02-13 22:00:00,65,91,0.0,0.0,0.0,0.07629999999999999,optimal
2021-02-13 22:30:00,65,91,0.0,0.0,0.0,0.08106666666666666,optimal
2021-02-13 23:00:00,65,91,0.0,0.0,0.0,0.21206666666666663,optimal
2021-02-13 23:30:00,65,91,0.0,0.0,0.0,0.06133333333333334,optimal
2021-02-07 00:00:00,66,91,0.0,0.0,0.0,0.06,optimal
2021-02-07 00:30:00,66,91,0.0,0.0,0.0,0.14536666666666667,optimal
2021-02-07 01:00:00,66,91,0.0,0.0,0.0,0.1737,optimal
2021-02-07 01:30:00,66,91,0.0,0.0,0.0,0.09283333333333331,optimal
2021-02-07 02:00:00,66,91,0.0,0.0,0.0,0.40513333333333335,optimal
2021-02-07 02:30:00,66,91,0.0,0.0,0.0,0.06709999999999999,optimal
2021-02-07 03:00:00,66,91,0.0,0.0,0.0,1.9204666666666668,optimal
2021-02-07 03:30:00,66,91,0.0,0.0,0.0,0.09616666666666669,optimal
2021-02-07 04:00:00,66,91,2.142857142857143,0.0,0.0,0.16803333333333334,optimal
2021-02-07 04:30:00,66,91,2.142857142857143,0.0,0.0,0.16303333333333334,optimal
2021-02-07 05:00:00,66,91,2.142857142857143,0.0,0.0,0.06,optimal
2021-02-07 05:30:00,66,91,2.142857142857143,0.0,0.0,0.20446666666666666,optimal
2021-02-07 06:00:00,66,91,2.142857142857143,0.0,0.0,0.06333333333333334,optimal
2021-02-07 06:30:00,66,91,2.142857142857143,0.0,0.0,0.07,optimal
2021-02-07 07:00:00,66,91,2.142857142857143,0.0,1.7076336144509696,0.24046666666666666,optimal
2021-02-07 07:30:00,66,91,0.0,0.0,0.0,0.41036666666666666,optimal
2021-02-07 08:00:00,66,91,0.0,0.0,0.0,1.7426666666666668,optimal
2021-02-07 08:30:00,66,91,0.0,0.0,0.0,1.7957333333333332,optimal
2021-02-07 09:00:00,66,91,0.21488301622992778,0.0,0.0,0.10246666666666668,optimal
2021-02-07 09:30:00,66,91,1.1143900299988065,0.0,0.0,0.13443333333333335,optimal
2021-02-07 10:00:00,66,91,0.8905407277218437,0.0,0.0,2.0098,optimal
2021-02-07 10:30:00,66,91,0.9573396620942578,0.0,0.0,0.35856666666666664,optimal
2021-02-07 11:00:00,66,91,0.7891373516267823,0.0,0.0,0.3248666666666667,optimal
2021-02-07 11:30:00,66,91,0.7705354468648884,0.0,0.0,0.349,optimal
2021-02-07 12:00:00,66,91,0.6699806990056014,0.0,0.0,1.2101,optimal
2021-02-07 12:30:00,66,91,0.6597921275770144,0.0,0.0,1.1032,optimal
2021-02-07 13:00:00,66,91,2.142857142857143,0.0,0.0,0.31306666666666666,optimal
2021-02-07 13:30:00,66,91,2.142857142857143,0.0,0.0,0.1316,optimal
2021-02-07 14:00:00,66,91,2.142857142857143,0.0,0.0,0.2079333333333333,optimal
2021-02-07 14:30:00,66,91,2.142857142857143,0.0,0.0,0.07,optimal
2021-02-07 15:00:00,66,91,2.142857142857143,0.0,0.0,0.21446666666666667,optimal
2021-02-07 15:30:00,66,91,2.142857142857143,0.0,0.0,0.12459999999999999,optimal
2021-02-07 16:00:00,66,91,0.0,0.0,0.0,0.1685,optimal
2021-02-07 16:30:00,66,91,0.0,0.0,0.0,0.17056666666666667,optimal
2021-02-07 17:00:00,66,91,0.0,0.0,0.0,0.12096666666666668,optimal
2021-02-07 17:30:00,66,91,0.0,0.0,0.0,0.3086666666666667,optimal
2021-02-07 18:00:00,66,91,0.0,0.0,0.0,1.1709333333333334,optimal
2021-02-07 18:30:00,66,91,0.0,0.0,0.0,3.015333333333333,optimal
2021-02-07 19:00:00,66,91,0.0,0.0,0.0,1.9210333333333334,optimal
2021-02-07 19:30:00,66,91,0.7851821834939029,0.0,0.0,2.5375666666666667,optimal
2021-02-07 20:00:00,66,91,1.0770135615781622,0.0,0.0,0.5872333333333334,optimal
2021-02-07 20:30:00,66,91,0.0,0.0,0.0,0.29919999999999997,optimal
2021-02-07 21:00:00,66,91,0.0,0.0,0.0,0.49310000000000004,optimal
2021-02-07 21:30:00,66,91,0.0,0.0,0.0,0.23246666666666665,optimal
2021-02-07 22:00:00,66,91,0.0,0.0,0.0,1.626766666666667,optimal
2021-02-07 22:30:00,66,91,0.0,0.0,0.0,0.07,optimal
2021-02-07 23:00:00,66,91,0.0,0.0,0.0,0.1443,optimal
2021-02-07 23:30:00,66,91,0.0,0.0,0.0,0.1931,optimal
2021-02-08 00:00:00,66,91,0.0,0.0,0.0,0.22733333333333328,optimal
2021-02-08 00:30:00,66,91,0.0,0.0,0.0,0.07673333333333333,optimal
2021-02-08 01:00:00,66,91,0.0,0.0,0.0,0.13013333333333332,optimal
2021-02-08 01:30:00,66,91,0.0,0.0,0.0,0.2092333333333333,optimal
2021-02-08 02:00:00,66,91,1.381567208990444,0.0,0.0,0.16963333333333333,optimal
2021-02-08 02:30:00,66,91,2.142857142857143,0.0,0.0,0.06,optimal
2021-02-08 03:00:00,66,91,2.142857142857143,0.0,0.0,0.27796666666666664,optimal
2021-02-08 03:30:00,66,91,2.142857142857143,0.0,0.0,0.09390000000000001,optimal
2021-02-08 04:00:00,66,91,2.142857142857143,0.0,0.0,0.10143333333333333,optimal
2021-02-08 04:30:00,66,91,2.142857142857143,0.0,0.0,0.11983333333333332,optimal
2021-02-08 05:00:00,66,91,2.142857142857143,0.0,0.0,0.24306666666666663,optimal
2021-02-08 05:30:00,66,91,2.142857142857143,0.0,1.0845730466548718,0.10766666666666669,optimal
2021-02-08 06:00:00,66,91,2.142857142857143,0.0,10.0,0.14456666666666668,optimal
2021-02-08 06:30:00,66,91,2.142857142857143,0.0,0.0,1.274233333333333,optimal
2021-02-08 07:00:00,66,91,2.142857142857143,0.0,0.0,0.059333333333333335,optimal
2021-02-08 07:30:00,66,91,2.142857142857143,0.0,0.0,0.13576666666666667,optimal
2021-02-08 08:00:00,66,91,1.2495757672494552,0.0,0.0,0.2477666666666667,optimal
2021-02-08 08:30:00,66,91,1.3095213682885134,0.0,0.0,0.06,optimal
2021-02-08 09:00:00,66,91,1.148247261501395,0.0,0.0,0.16040000000000001,optimal
2021-02-08 09:30:00,66,91,1.1427240980380236,0.0,0.0,0.14366666666666666,optimal
2021-02-08 10:00:00,66,91,0.9338290343045113,0.0,0.0,0.06753333333333333,optimal
2021-02-08 10:30:00,66,91,0.8764760072916804,0.0,0.0,0.3066666666666667,optimal
2021-02-08 11:00:00,66,91,0.6971981332459525,0.0,0.0,0.07,optimal
2021-02-08 11:30:00,66,91,0.6542239607782996,0.0,0.0,0.19169999999999998,optimal
2021-02-08 12:00:00,66,91,0.566716643485758,0.0,0.0,0.1855,optimal
2021-02-08 12:30:00,66,91,0.5888349652171501,0.0,0.0,0.06,optimal
2021-02-08 13:00:00,66,91,2.142857142857143,0.0,0.0,0.3115,optimal
2021-02-08 13:30:00,66,91,2.142857142857143,0.0,0.0,0.07136666666666666,optimal
2021-02-08 14:00:00,66,91,2.142857142857143,0.0,0.0,0.0851,optimal
2021-02-08 14:30:00,66,91,2.142857142857143,0.0,0.0,0.28676666666666667,optimal
2021-02-08 15:00:00,66,91,2.142857142857143,0.0,0.0,0.06866666666666667,optimal
2021-02-08 15:30:00,66,91,2.142857142857143,0.0,0.0,0.1843333333333333,optimal
2021-02-08 16:00:00,66,91,0.0,0.0,0.0,0.1938666666666667,optimal
2021-02-08 16:30:00,66,91,0.0,0.0,0.0,0.06966666666666667,optimal
2021-02-08 17:00:00,66,91,0.0,0.0,0.0,0.22896666666666668,optimal
2021-02-08 17:30:00,66,91,0.0,0.0,0.0,0.11903333333333331,optimal
2021-02-08 18:00:00,66,91,0.0,0.0,0.0,0.24006666666666662,optimal
2021-02-08 18:30:00,66,91,0.0,0.0,0.0,0.48183333333333334,optimal
2021-02-08 19:00:00,66,91,0.0,0.0,0.0,0.36060000000000003,optimal
2021-02-08 19:30:00,66,91,0.9374078602808059,0.0,0.0,0.9541000000000001,optimal
2021-02-08 20:00:00,66,91,1.1256738808870221,0.0,0.0,0.3564,optimal
2021-02-08 20:30:00,66,91,0.02570459816404263,0.0,0.0,0.4678333333333333,optimal
2021-02-08 21:00:00,66,91,0.0,0.0,0.0,0.5507333333333333,optimal
2021-02-08 21:30:00,66,91,0.0,0.0,0.0,0.8137666666666666,optimal
2021-02-08 22:00:00,66,91,0.0,0.0,0.0,0.3068,optimal
2021-02-08 22:30:00,66,91,0.0,0.0,0.0,0.07,optimal
2021-02-08 23:00:00,66,91,0.0,0.0,0.0,0.07,optimal
2021-02-08 23:30:00,66,91,0.0,0.0,0.0,0.3202,optimal
2021-02-09 00:00:00,66,91,0.0,0.0,0.0,0.057,optimal
2021-02-09 00:30:00,66,91,2.142857142857143,0.0,0.0,0.057,optimal
2021-02-09 01:00:00,66,91,0.7433333333333328,0.0,0.0,0.057,optimal
2021-02-09 01:30:00,66,91,0.0,0.0,0.0,0.057,optimal
2021-02-09 02:00:00,66,91,1.9749871230936096,0.0,0.0,0.057,optimal
2021-02-09 02:30:00,66,91,2.142857142857143,0.0,0.0,0.057,optimal
2021-02-09 03:00:00,66,91,2.142857142857143,0.0,0.0,0.057,optimal
2021-02-09 03:30:00,66,91,2.142857142857143,0.0,0.0,0.057,optimal
2021-02-09 04:00:00,66,91,2.142857142857143,0.0,0.0,0.057,optimal
2021-02-09 04:30:00,66,91,2.142857142857143,0.0,0.0,0.055666666666666656,optimal
2021-02-09 05:00:00,66,91,2.142857142857143,0.0,0.0,0.08333333333333333,optimal
2021-02-09 05:30:00,66,91,2.142857142857143,0.0,0.0,0.23233333333333328,optimal
2021-02-09 06:00:00,66,91,2.142857142857143,0.0,0.0,0.24366666666666664,optimal
2021-02-09 06:30:00,66,91,2.142857142857143,0.0,0.0,2.5384,optimal
2021-02-09 07:00:00,66,91,2.142857142857143,0.0,6.5292727482770525,2.7318000000000002,optimal
2021-02-09 07:30:00,66,91,2.142857142857143,0.0,0.0,0.8246666666666667,optimal
2021-02-09 08:00:00,66,91,1.3657623670772496,0.0,0.0,0.067,optimal
2021-02-09 08:30:00,66,91,1.3554582512329327,0.0,0.0,0.067,optimal
2021-02-09 09:00:00,66,91,1.2001180202017734,0.0,0.0,0.067,optimal
2021-02-09 09:30:00,66,91,1.17950978851314,0.0,0.0,0.067,optimal
2021-02-09 10:00:00,66,91,0.9106666673700677,0.0,0.0,0.067,optimal
2021-02-09 10:30:00,66,91,0.8934931409628507,0.0,0.0,0.067,optimal
2021-02-09 11:00:00,66,91,0.6448196614689344,0.0,0.0,0.067,optimal
2021-02-09 11:30:00,66,91,0.45328971809226926,0.0,0.0,1.7755999999999998,optimal
2021-02-09 12:00:00,66,91,0.3507887231610042,0.0,0.0,0.5928666666666667,optimal
2021-02-09 12:30:00,66,91,0.1856024760615077,0.0,0.0,1.1916666666666667,optimal
2021-02-09 13:00:00,66,91,0.38132079576298855,0.0,0.0,2.6719,optimal
2021-02-09 13:30:00,66,91,2.142857142857143,0.0,0.0,0.3417,optimal
2021-02-09 14:00:00,66,91,2.142857142857143,0.0,0.0,0.371,optimal
2021-02-09 14:30:00,66,91,2.142857142857143,0.0,0.0,2.2459333333333333,optimal
2021-02-09 15:00:00,66,91,2.142857142857143,0.0,0.0,0.5874333333333333,optimal
2021-02-09 15:30:00,66,91,2.142857142857143,0.0,0.0,0.3943333333333333,optimal
2021-02-09 16:00:00,66,91,0.0,0.0,0.0,0.3063,optimal
2021-02-09 16:30:00,66,91,0.0,0.0,0.0,1.4227333333333332,optimal
2021-02-09 17:00:00,66,91,0.0,0.0,0.0,2.6592,optimal
2021-02-09 17:30:00,66,91,0.0,0.0,0.0,5.3828000000000005,optimal
2021-02-09 18:00:00,66,91,0.0,0.0,0.0,4.126333333333333,optimal
2021-02-09 18:30:00,66,91,0.0,0.0,0.0,3.5771666666666664,optimal
2021-02-09 19:00:00,66,91,0.0,0.0,0.0,0.7088666666666666,optimal
2021-02-09 19:30:00,66,91,0.0,0.0,0.0,2.4278666666666666,optimal
2021-02-09 20:00:00,66,91,0.0,0.0,0.0,1.5308,optimal
2021-02-09 20:30:00,66,91,0.0,0.0,0.0,0.5683333333333334,optimal
2021-02-09 21:00:00,66,91,0.0,0.0,0.0,0.2856666666666667,optimal
2021-02-09 21:30:00,66,91,0.0,0.0,0.0,2.540833333333333,optimal
2021-02-09 22:00:00,66,91,0.0398095238095238,0.0,0.0,3.2451666666666665,optimal
2021-02-09 22:30:00,66,91,0.0,0.0,0.0,0.067,optimal
2021-02-09 23:00:00,66,91,0.0,0.0,0.0,0.067,optimal
2021-02-09 23:30:00,66,91,0.0,0.0,0.0,0.06466666666666668,optimal
2021-02-10 00:00:00,66,91,0.0,0.0,0.0,0.062,optimal
2021-02-10 00:30:00,66,91,1.4132380952380952,0.0,0.0,0.062,optimal
2021-02-10 01:00:00,66,91,0.0,0.0,0.0,0.20626666666666668,optimal
2021-02-10 01:30:00,66,91,0.4879113655398401,0.0,0.0,0.235,optimal
2021-02-10 02:00:00,66,91,2.142857142857143,0.0,0.0,0.08059999999999999,optimal
2021-02-10 02:30:00,66,91,2.142857142857143,0.0,0.0,0.17980000000000002,optimal
2021-02-10 03:00:00,66,91,2.142857142857143,0.0,0.0,0.062,optimal
2021-02-10 03:30:00,66,91,2.142857142857143,0.0,0.0,0.1736,optimal
2021-02-10 04:00:00,66,91,2.142857142857143,0.0,0.0,0.0868,optimal
2021-02-10 04:30:00,66,91,2.142857142857143,0.0,0.0,0.15666666666666665,optimal
2021-02-10 05:00:00,66,91,2.142857142857143,0.0,0.0,0.062,optimal
2021-02-10 05:30:00,66,91,2.142857142857143,0.0,0.0,0.11159999999999999,optimal
2021-02-10 06:00:00,66,91,2.142857142857143,0.0,0.0,0.14880000000000002,optimal
2021-02-10 06:30:00,66,91,2.142857142857143,0.0,0.0,0.062,optimal
2021-02-10 07:00:00,66,91,2.142857142857143,0.0,0.0,0.15333333333333335,optimal
2021-02-10 07:30:00,66,91,2.142857142857143,0.0,0.0,0.26366666666666666,optimal
2021-02-10 08:00:00,66,91,1.1962984723151007,0.0,0.0,0.2784,optimal
2021-02-10 08:30:00,66,91,0.895433936903639,0.0,0.0,2.1489000000000003,optimal
2021-02-10 09:00:00,66,91,1.0082116832709187,0.0,0.0,0.3242,optimal
2021-02-10 09:30:00,66,91,0.9674633383356512,0.0,0.0,0.906,optimal
2021-02-10 10:00:00,66,91,0.6198486093537778,0.0,0.0,0.9432,optimal
2021-02-10 10:30:00,66,91,0.5411997316046913,0.0,0.0,1.3040999999999998,optimal
2021-02-10 11:00:00,66,91,0.42906904320538836,0.0,0.0,1.7394,optimal
2021-02-10 11:30:00,66,91,0.49405868026155164,0.0,0.0,1.0654666666666668,optimal
2021-02-10 12:00:00,66,91,0.23251730340779528,0.0,0.0,0.4248,optimal
2021-02-10 12:30:00,66,91,0.24763158912209632,0.0,0.0,0.3448,optimal
2021-02-10 13:00:00,66,91,2.142857142857143,0.0,0.0,0.207,optimal
2021-02-10 13:30:00,66,91,2.142857142857143,0.0,9.078756814332051,0.3648666666666667,optimal
2021-02-10 14:00:00,66,91,2.142857142857143,0.0,10.0,0.4501,optimal
2021-02-10 14:30:00,66,91,2.142857142857143,0.0,10.0,0.45126666666666665,optimal
2021-02-10 15:00:00,66,91,2.142857142857143,0.0,0.0,0.21686666666666668,optimal
2021-02-10 15:30:00,66,91,2.142857142857143,0.0,0.0,0.19786666666666666,optimal
2021-02-10 16:00:00,66,91,0.0,0.0,0.0,0.11093333333333334,optimal
2021-02-10 16:30:00,66,91,0.0,0.0,0.0,0.072,optimal
2021-02-10 17:00:00,66,91,0.0,0.0,0.0,0.5092,optimal
2021-02-10 17:30:00,66,91,0.0,0.0,0.0,1.4646666666666668,optimal
2021-02-10 18:00:00,66,91,0.0,0.0,0.0,0.4601,optimal
2021-02-10 18:30:00,66,91,0.0,0.0,0.0,0.22953333333333334,optimal
2021-02-10 19:00:00,66,91,0.0,0.0,0.0,0.5287000000000001,optimal
2021-02-10 19:30:00,66,91,0.0,0.0,0.0,0.43910000000000005,optimal
2021-02-10 20:00:00,66,91,0.9763401593387919,0.0,0.0,0.25353333333333333,optimal
2021-02-10 20:30:00,66,91,0.0,0.0,0.0,0.2919333333333333,optimal
2021-02-10 21:00:00,66,91,0.0,0.0,0.0,0.30639999999999995,optimal
2021-02-10 21:30:00,66,91,0.0,0.0,0.0,0.125,optimal
2021-02-10 22:00:00,66,91,0.05971428571428571,0.0,0.0,0.6022666666666666,optimal
2021-02-10 22:30:00,66,91,0.0,0.0,0.0,0.5645,optimal
2021-02-10 23:00:00,66,91,0.0,0.0,0.0,0.229,optimal
2021-02-10 23:30:00,66,91,0.0,0.0,0.0,1.5849000000000002,optimal
2021-02-11 00:00:00,66,91,0.0,0.0,0.0,0.078,optimal
2021-02-11 00:30:00,66,91,2.142857142857143,0.0,0.0,0.071,optimal
2021-02-11 01:00:00,66,91,2.142857142857143,0.0,0.0,0.18086666666666668,optimal
2021-02-11 01:30:00,66,91,2.142857142857143,0.0,0.0,0.043,optimal
2021-02-11 02:00:00,66,91,2.142857142857143,0.0,0.0,0.11193333333333334,optimal
2021-02-11 02:30:00,66,91,2.142857142857143,0.0,0.0,0.13293333333333335,optimal
2021-02-11 03:00:00,66,91,2.142857142857143,0.0,0.0,0.085,optimal
2021-02-11 03:30:00,66,91,2.142857142857143,0.0,0.0,0.18086666666666668,optimal
2021-02-11 04:00:00,66,91,2.142857142857143,0.0,0.0,0.0465,optimal
2021-02-11 04:30:00,66,91,2.142857142857143,0.0,0.0,0.22156666666666663,optimal
2021-02-11 05:00:00,66,91,2.142857142857143,0.0,0.0,0.061799999999999994,optimal
2021-02-11 05:30:00,66,91,2.142857142857143,0.0,0.0,0.0675,optimal
2021-02-11 06:00:00,66,91,2.142857142857143,0.0,0.0,0.21936666666666668,optimal
2021-02-11 06:30:00,66,91,2.142857142857143,0.0,0.0,0.04866666666666666,optimal
2021-02-11 07:00:00,66,91,2.142857142857143,0.0,4.974018408260816,0.2418333333333333,optimal
2021-02-11 07:30:00,66,91,2.142857142857143,0.0,0.0,0.09746666666666669,optimal
2021-02-11 08:00:00,66,91,2.142857142857143,0.0,0.0,0.106,optimal
2021-02-11 08:30:00,66,91,1.4991921195461742,0.0,0.0,0.18086666666666668,optimal
2021-02-11 09:00:00,66,91,1.3620132554748363,0.0,0.0,0.050333333333333334,optimal
2021-02-11 09:30:00,66,91,1.2326679811873273,0.0,0.0,0.099,optimal
2021-02-11 10:00:00,66,91,0.7871250639679259,0.0,0.0,0.18786666666666668,optimal
2021-02-11 10:30:00,66,91,0.8517320035356706,0.0,0.0,0.106,optimal
2021-02-11 11:00:00,66,91,0.6414347467239305,0.0,0.0,0.137,optimal
2021-02-11 11:30:00,66,91,0.5992379770261531,0.0,0.0,0.10436666666666666,optimal
2021-02-11 12:00:00,66,91,0.3815873364434075,0.0,0.0,0.0885,optimal
2021-02-11 12:30:00,66,91,0.21154515399208154,0.0,0.0,0.32363333333333333,optimal
2021-02-11 13:00:00,66,91,2.142857142857143,0.0,0.0,0.2749,optimal
2021-02-11 13:30:00,66,91,2.142857142857143,0.0,0.0,0.21380000000000002,optimal
2021-02-11 14:00:00,66,91,2.142857142857143,0.0,0.0,0.20136666666666667,optimal
2021-02-11 14:30:00,66,91,2.142857142857143,0.0,0.0,0.053,optimal
2021-02-11 15:00:00,66,91,2.142857142857143,0.0,0.0,0.21206666666666663,optimal
2021-02-11 15:30:00,66,91,2.142857142857143,0.0,0.0,0.5347999999999999,optimal
2021-02-11 16:00:00,66,91,0.0,0.0,0.0,0.3495,optimal
2021-02-11 16:30:00,66,91,0.0,0.0,0.0,0.2642,optimal
2021-02-11 17:00:00,66,91,0.0,0.0,0.0,0.3932,optimal
2021-02-11 17:30:00,66,91,0.0,0.0,0.0,0.48606666666666665,optimal
2021-02-11 18:00:00,66,91,0.0,0.0,0.0,0.4187666666666667,optimal
2021-02-11 18:30:00,66,91,0.0,0.0,0.0,0.3225,optimal
2021-02-11 19:00:00,66,91,0.0,0.0,0.0,0.2876,optimal
2021-02-11 19:30:00,66,91,1.4845678119759589,0.0,0.0,0.2582333333333333,optimal
2021-02-11 20:00:00,66,91,1.5039516679075629,0.0,0.0,0.3579,optimal
2021-02-11 20:30:00,66,91,0.11942857142857143,0.0,0.0,0.30293333333333333,optimal
2021-02-11 21:00:00,66,91,0.0,0.0,0.0,0.4436666666666667,optimal
2021-02-11 21:30:00,66,91,0.0,0.0,0.0,0.3123666666666667,optimal
2021-02-11 22:00:00,66,91,0.0199047619047619,0.0,0.0,0.4539666666666666,optimal
2021-02-11 22:30:00,66,91,0.0,0.0,0.0,0.21259999999999998,optimal
2021-02-11 23:00:00,66,91,0.0,0.0,0.0,0.053,optimal
2021-02-11 23:30:00,66,91,0.0,0.0,0.0,0.24986666666666668,optimal
2021-02-12 00:00:00,66,91,2.065796217799288,0.0,0.0,0.061,optimal
2021-02-12 00:30:00,66,91,2.142857142857143,0.0,0.0,0.20953333333333332,optimal
2021-02-12 01:00:00,66,91,2.142857142857143,0.0,0.0,0.15180000000000002,optimal
2021-02-12 01:30:00,66,91,2.142857142857143,0.0,0.0,0.061,optimal
2021-02-12 02:00:00,66,91,2.142857142857143,0.0,0.0,0.18566666666666662,optimal
2021-02-12 02:30:00,66,91,2.142857142857143,0.0,0.0,0.17566666666666667,optimal
2021-02-12 03:00:00,66,91,2.142857142857143,0.0,0.0,0.07233333333333333,optimal
2021-02-12 03:30:00,66,91,2.142857142857143,0.0,0.0,0.17433333333333334,optimal
2021-02-12 04:00:00,66,91,2.142857142857143,0.0,0.0,0.061,optimal
2021-02-12 04:30:00,66,91,2.142857142857143,0.0,0.0,0.30033333333333334,optimal
2021-02-12 05:00:00,66,91,2.142857142857143,0.0,0.0,0.061,optimal
2021-02-12 05:30:00,66,91,2.142857142857143,0.0,0.0,0.146,optimal
2021-02-12 06:00:00,66,91,2.142857142857143,0.0,0.0,0.21766666666666662,optimal
2021-02-12 06:30:00,66,91,2.142857142857143,0.0,0.0,0.068,optimal
2021-02-12 07:00:00,66,91,2.142857142857143,0.0,9.510651709093931,0.16993333333333333,optimal
2021-02-12 07:30:00,66,91,2.142857142857143,0.0,0.0,0.17306666666666667,optimal
2021-02-12 08:00:00,66,91,2.142857142857143,0.0,0.0,0.1814333333333333,optimal
2021-02-12 08:30:00,66,91,1.4427997296575983,0.0,0.0,0.13683333333333333,optimal
2021-02-12 09:00:00,66,91,1.1274980161661503,0.0,0.0,1.1178,optimal
2021-02-12 09:30:00,66,91,0.930687174259015,0.0,0.0,0.8427333333333333,optimal
2021-02-12 10:00:00,66,91,0.4495309855293125,0.0,0.0,1.3338666666666665,optimal
2021-02-12 10:30:00,66,91,0.54067620042064,0.0,0.0,0.4357,optimal
2021-02-12 11:00:00,66,91,0.3351997083271276,0.0,0.0,0.3296,optimal
2021-02-12 11:30:00,66,91,0.27965452685519876,0.0,0.0,0.41026666666666667,optimal
2021-02-12 12:00:00,66,91,0.08370206570786931,0.0,0.0,0.6723333333333333,optimal
2021-02-12 12:30:00,66,91,0.14774831280738263,0.0,0.0,1.2059666666666666,optimal
2021-02-12 13:00:00,66,91,2.142857142857143,0.0,0.0,0.6776333333333333,optimal
2021-02-12 13:30:00,66,91,2.142857142857143,0.0,0.0,0.1638,optimal
2021-02-12 14:00:00,66,91,2.142857142857143,0.0,0.0,0.16846666666666668,optimal
2021-02-12 14:30:00,66,91,2.142857142857143,0.0,0.0,0.11653333333333332,optimal
2021-02-12 15:00:00,66,91,2.142857142857143,0.0,0.0,0.23613333333333333,optimal
2021-02-12 15:30:00,66,91,2.142857142857143,0.0,0.0,0.11686666666666666,optimal
2021-02-12 16:00:00,66,91,0.0,0.0,0.0,0.09366666666666669,optimal
2021-02-12 16:30:00,66,91,0.0,0.0,0.0,0.3261,optimal
2021-02-12 17:00:00,66,91,0.0,0.0,0.0,0.09136666666666667,optimal
2021-02-12 17:30:00,66,91,0.0,0.0,0.0,1.2168333333333332,optimal
2021-02-12 18:00:00,66,91,0.0,0.0,0.0,0.18646666666666667,optimal
2021-02-12 18:30:00,66,91,0.0,0.0,0.0,0.07106666666666667,optimal
2021-02-12 19:00:00,66,91,0.0,0.0,0.0,1.0840666666666665,optimal
2021-02-12 19:30:00,66,91,0.0,0.0,0.0,1.044733333333333,optimal
2021-02-12 20:00:00,66,91,0.7154761505458367,0.0,0.0,0.6862333333333334,optimal
2021-02-12 20:30:00,66,91,0.0,0.0,0.0,0.7624,optimal
2021-02-12 21:00:00,66,91,0.0,0.0,0.0,1.2658666666666665,optimal
2021-02-12 21:30:00,66,91,0.0,0.0,0.0,0.3636666666666667,optimal
2021-02-12 22:00:00,66,91,0.3037466666666666,0.0,0.0,0.6480333333333334,optimal
2021-02-12 22:30:00,66,91,0.0,0.0,0.0,0.3534,optimal
2021-02-12 23:00:00,66,91,0.0,0.0,0.0,0.4325333333333334,optimal
2021-02-12 23:30:00,66,91,0.0,0.0,0.0,0.15033333333333335,optimal
2021-02-13 00:00:00,66,91,0.0,0.0,0.0,0.0752,optimal
2021-02-13 00:30:00,66,91,1.9506666666666665,0.0,0.0,0.17226666666666668,optimal
2021-02-13 01:00:00,66,91,0.0,0.0,0.0,0.14366666666666666,optimal
2021-02-13 01:30:00,66,91,0.7977388997508187,0.0,0.0,0.057,optimal
2021-02-13 02:00:00,66,91,2.142857142857143,0.0,0.0,0.057,optimal
2021-02-13 02:30:00,66,91,2.142857142857143,0.0,0.0,0.22253333333333333,optimal
2021-02-13 03:00:00,66,91,2.142857142857143,0.0,0.0,0.11159999999999999,optimal
2021-02-13 03:30:00,66,91,2.142857142857143,0.0,0.0,0.09166666666666669,optimal
2021-02-13 04:00:00,66,91,2.142857142857143,0.0,0.0,0.24246666666666666,optimal
2021-02-13 04:30:00,66,91,2.142857142857143,0.0,0.0,0.057,optimal
2021-02-13 05:00:00,66,91,2.142857142857143,0.0,0.0,0.14366666666666666,optimal
2021-02-13 05:30:00,66,91,2.142857142857143,0.0,0.0,0.08733333333333333,optimal
2021-02-13 06:00:00,66,91,2.142857142857143,0.0,0.0,0.16013333333333332,optimal
2021-02-13 06:30:00,66,91,2.142857142857143,0.0,6.937934489162492,0.14366666666666666,optimal
2021-02-13 07:00:00,66,91,2.142857142857143,0.0,10.0,0.09746666666666669,optimal
2021-02-13 07:30:00,66,91,2.142857142857143,0.0,0.0,0.20433333333333328,optimal
2021-02-13 08:00:00,66,91,1.1853380473368282,0.0,0.0,0.17866666666666667,optimal
2021-02-13 08:30:00,66,91,1.1732842944363417,0.0,0.0,0.18546666666666667,optimal
2021-02-13 09:00:00,66,91,0.7682256380359422,0.0,0.0,1.5488666666666666,optimal
2021-02-13 09:30:00,66,91,1.0796044925811246,0.0,0.0,0.26106666666666667,optimal
2021-02-13 10:00:00,66,91,0.9428381323451506,0.0,0.0,0.08286666666666666,optimal
2021-02-13 10:30:00,66,91,0.9455177127780153,0.0,0.0,0.20046666666666668,optimal
2021-02-13 11:00:00,66,91,0.678987486211042,0.0,0.0,0.067,optimal
2021-02-13 11:30:00,66,91,0.6507908761676879,0.0,0.0,0.15366666666666665,optimal
2021-02-13 12:00:00,66,91,0.5112618756182541,0.0,0.0,0.20046666666666668,optimal
2021-02-13 12:30:00,66,91,0.5425257983887026,0.0,0.0,0.067,optimal
2021-02-13 13:00:00,66,91,2.142857142857143,0.0,0.0,0.15366666666666665,optimal
2021-02-13 13:30:00,66,91,2.142857142857143,0.0,0.0,0.0852,optimal
2021-02-13 14:00:00,66,91,2.142857142857143,0.0,0.0,0.19093333333333332,optimal
2021-02-13 14:30:00,66,91,2.142857142857143,0.0,0.0,0.145,optimal
2021-02-13 15:00:00,66,91,2.142857142857143,0.0,0.0,0.2039333333333333,optimal
2021-02-13 15:30:00,66,91,2.142857142857143,0.0,0.0,0.15166666666666664,optimal
2021-02-13 16:00:00,66,91,0.0,0.0,0.0,0.20953333333333332,optimal
2021-02-13 16:30:00,66,91,0.0,0.0,0.0,0.22926666666666667,optimal
2021-02-13 17:00:00,66,91,0.0,0.0,0.0,0.1428,optimal
2021-02-13 17:30:00,66,91,0.0,0.0,0.0,1.3773333333333333,optimal
2021-02-13 18:00:00,66,91,0.0,0.0,0.0,0.7306666666666666,optimal
2021-02-13 18:30:00,66,91,0.0,0.0,0.0,1.5798666666666665,optimal
2021-02-13 19:00:00,66,91,0.0,0.0,0.0,1.1097000000000001,optimal
2021-02-13 19:30:00,66,91,1.1545216595890793,0.0,0.0,0.32326666666666665,optimal
2021-02-13 20:00:00,66,91,1.1653529749138618,0.0,0.0,0.3212333333333333,optimal
2021-02-13 20:30:00,66,91,0.5521293716458197,0.0,0.0,0.12866666666666665,optimal
2021-02-13 21:00:00,66,91,0.0,0.0,0.0,0.24253333333333332,optimal
2021-02-13 21:30:00,66,91,0.0,0.0,0.0,0.27553333333333335,optimal
2021-02-13 22:00:00,66,91,0.1791428571428571,0.0,0.0,0.15259999999999999,optimal
2021-02-13 22:30:00,66,91,0.0,0.0,0.0,0.30260000000000004,optimal
2021-02-13 23:00:00,66,91,0.0,0.0,0.0,0.42219999999999996,optimal
2021-02-13 23:30:00,66,91,0.0,0.0,0.0,0.37160000000000004,optimal
2021-02-07 00:00:00,67,91,0.0,0.0,0.0,1.0399333333333334,optimal
2021-02-07 00:30:00,67,91,0.0,0.0,0.0,1.1495333333333333,optimal
2021-02-07 01:00:00,67,91,0.0,0.0,0.0,0.2152666666666667,optimal
2021-02-07 01:30:00,67,91,0.0,0.0,0.0,0.2,optimal
2021-02-07 02:00:00,67,91,0.0,0.0,0.0,2.1706666666666665,optimal
2021-02-07 02:30:00,67,91,0.0,0.0,0.0,0.062,optimal
2021-02-07 03:00:00,67,91,0.0,0.0,0.0,0.062,optimal
2021-02-07 03:30:00,67,91,0.0,0.0,0.0,0.062,optimal
2021-02-07 04:00:00,67,91,2.2857142857142856,0.0,0.0,0.062,optimal
2021-02-07 04:30:00,67,91,2.2857142857142856,0.0,0.0,0.062,optimal
2021-02-07 05:00:00,67,91,2.2857142857142856,0.0,0.0,0.062,optimal
2021-02-07 05:30:00,67,91,2.2857142857142856,0.0,0.0,0.062,optimal
2021-02-07 06:00:00,67,91,2.2857142857142856,0.0,1.305830934193062,0.188,optimal
2021-02-07 06:30:00,67,91,2.2857142857142856,0.0,0.0,0.188,optimal
2021-02-07 07:00:00,67,91,2.2857142857142856,0.0,0.0,0.11666666666666668,optimal
2021-02-07 07:30:00,67,91,0.0,0.0,0.0,0.06866666666666667,optimal
2021-02-07 08:00:00,67,91,0.0,0.0,0.0,0.062,optimal
2021-02-07 08:30:00,67,91,0.0,0.0,0.0,0.062,optimal
2021-02-07 09:00:00,67,91,0.0,0.0,0.0,0.062,optimal
2021-02-07 09:30:00,67,91,0.32268513201562793,0.0,0.0,0.062,optimal
2021-02-07 10:00:00,67,91,1.0576626324837541,0.0,0.0,0.062,optimal
2021-02-07 10:30:00,67,91,1.0431034716180667,0.0,0.0,0.06533333333333333,optimal
2021-02-07 11:00:00,67,91,0.8224116373410785,0.0,0.0,0.1524,optimal
2021-02-07 11:30:00,67,91,0.7538592563886867,0.0,0.0,0.198,optimal
2021-02-07 12:00:00,67,91,0.5227797466246521,0.0,0.0,1.3135999999999999,optimal
2021-02-07 12:30:00,67,91,0.5736006990055974,0.0,0.0,0.5783666666666667,optimal
2021-02-07 13:00:00,67,91,2.0982803805757797,0.0,0.0,0.15066666666666667,optimal
2021-02-07 13:30:00,67,91,2.2857142857142856,0.0,0.0,0.5836666666666667,optimal
2021-02-07 14:00:00,67,91,2.2857142857142856,0.0,0.0,1.0780999999999998,optimal
2021-02-07 14:30:00,67,91,2.2857142857142856,0.0,0.0,0.0872,optimal
2021-02-07 15:00:00,67,91,2.2857142857142856,0.0,0.0,0.072,optimal
2021-02-07 15:30:00,67,91,2.2857142857142856,0.0,0.0,0.076,optimal
2021-02-07 16:00:00,67,91,0.0,0.0,0.0,0.11006666666666666,optimal
2021-02-07 16:30:00,67,91,0.0,0.0,0.0,0.2787,optimal
2021-02-07 17:00:00,67,91,0.0,0.0,0.0,0.5650333333333333,optimal
2021-02-07 17:30:00,67,91,0.0,0.0,0.0,3.1195,optimal
2021-02-07 18:00:00,67,91,0.0,0.0,0.0,1.2243666666666666,optimal
2021-02-07 18:30:00,67,91,0.0,0.0,0.0,2.0811666666666664,optimal
2021-02-07 19:00:00,67,91,0.0,0.0,0.0,2.1896666666666667,optimal
2021-02-07 19:30:00,67,91,0.0,0.0,0.0,1.6278666666666666,optimal
2021-02-07 20:00:00,67,91,0.0,0.0,0.0,2.0871999999999997,optimal
2021-02-07 20:30:00,67,91,0.0,0.0,0.0,0.236,optimal
2021-02-07 21:00:00,67,91,0.0,0.0,0.0,0.14736666666666667,optimal
2021-02-07 21:30:00,67,91,0.0,0.0,0.0,0.11813333333333334,optimal
2021-02-07 22:00:00,67,91,0.0,0.0,0.0,0.072,optimal
2021-02-07 22:30:00,67,91,0.0,0.0,0.0,0.072,optimal
2021-02-07 23:00:00,67,91,0.0,0.0,0.0,0.072,optimal
2021-02-07 23:30:00,67,91,0.0,0.0,0.0,0.07,optimal
2021-02-08 00:00:00,67,91,0.0,0.0,0.0,0.062,optimal
2021-02-08 00:30:00,67,91,1.1544761904761909,0.0,0.0,0.062,optimal
2021-02-08 01:00:00,67,91,0.0,0.0,0.0,0.062,optimal
2021-02-08 01:30:00,67,91,0.0,0.0,0.0,0.062,optimal
2021-02-08 02:00:00,67,91,0.019355346169343545,0.0,0.0,0.062,optimal
2021-02-08 02:30:00,67,91,2.2857142857142856,0.0,0.0,0.062,optimal
2021-02-08 03:00:00,67,91,2.2857142857142856,0.0,0.0,0.062,optimal
2021-02-08 03:30:00,67,91,2.2857142857142856,0.0,0.0,0.062,optimal
2021-02-08 04:00:00,67,91,2.2857142857142856,0.0,0.0,0.062,optimal
2021-02-08 04:30:00,67,91,2.2857142857142856,0.0,0.0,0.062,optimal
2021-02-08 05:00:00,67,91,2.2857142857142856,0.0,0.0,0.062,optimal
2021-02-08 05:30:00,67,91,2.2857142857142856,0.0,0.0,0.062,optimal
2021-02-08 06:00:00,67,91,2.2857142857142856,0.0,0.0,0.062,optimal
2021-02-08 06:30:00,67,91,2.2857142857142856,0.0,2.664354736745069,0.062,optimal
2021-02-08 07:00:00,67,91,2.2857142857142856,0.0,10.0,0.062,optimal
2021-02-08 07:30:00,67,91,2.2857142857142856,0.0,0.0,0.7674,optimal
2021-02-08 08:00:00,67,91,0.8077014815351686,0.0,0.0,2.5340333333333334,optimal
2021-02-08 08:30:00,67,91,0.9786489873361442,0.0,0.0,0.8235666666666667,optimal
2021-02-08 09:00:00,67,91,0.8503101186442591,0.0,0.0,0.8382333333333334,optimal
2021-02-08 09:30:00,67,91,0.8175945742285055,0.0,0.0,2.716766666666667,optimal
2021-02-08 10:00:00,67,91,0.6447890343045137,0.0,0.0,2.287333333333333,optimal
2021-02-08 10:30:00,67,91,0.7005217215774113,0.0,0.0,1.3262,optimal
2021-02-08 11:00:00,67,91,0.6291009903888101,0.0,0.0,0.6859,optimal
2021-02-08 11:30:00,67,91,0.6858715798259378,0.0,0.0,0.144,optimal
2021-02-08 12:00:00,67,91,0.5967680720571787,0.0,0.0,0.1676,optimal
2021-02-08 12:30:00,67,91,0.5788635366457274,0.0,0.0,0.2405,optimal
2021-02-08 13:00:00,67,91,2.2857142857142856,0.0,0.0,0.072,optimal
2021-02-08 13:30:00,67,91,2.2857142857142856,0.0,0.0,0.072,optimal
2021-02-08 14:00:00,67,91,2.2857142857142856,0.0,0.0,0.1257,optimal
2021-02-08 14:30:00,67,91,2.2857142857142856,0.0,0.0,0.072,optimal
2021-02-08 15:00:00,67,91,2.2857142857142856,0.0,0.0,0.072,optimal
2021-02-08 15:30:00,67,91,2.2857142857142856,0.0,0.0,0.072,optimal
2021-02-08 16:00:00,67,91,0.0,0.0,0.0,0.072,optimal
2021-02-08 16:30:00,67,91,0.0,0.0,0.0,0.072,optimal
2021-02-08 17:00:00,67,91,0.0,0.0,0.0,0.072,optimal
2021-02-08 17:30:00,67,91,0.0,0.0,0.0,0.6609333333333333,optimal
2021-02-08 18:00:00,67,91,0.0,0.0,0.0,0.072,optimal
2021-02-08 18:30:00,67,91,0.0,0.0,0.0,0.072,optimal
2021-02-08 19:00:00,67,91,0.0,0.0,0.0,0.072,optimal
2021-02-08 19:30:00,67,91,0.48676626475241214,0.0,0.0,0.072,optimal
2021-02-08 20:00:00,67,91,1.3394453094584704,0.0,0.0,0.072,optimal
2021-02-08 20:30:00,67,91,0.0,0.0,0.0,0.072,optimal
2021-02-08 21:00:00,67,91,0.0,0.0,0.0,0.072,optimal
2021-02-08 21:30:00,67,91,0.0,0.0,0.0,0.15933333333333335,optimal
2021-02-08 22:00:00,67,91,0.0398095238095238,0.0,0.0,0.36460000000000004,optimal
2021-02-08 22:30:00,67,91,0.0,0.0,0.0,0.45253333333333334,optimal
2021-02-08 23:00:00,67,91,0.0,0.0,0.0,0.3992,optimal
2021-02-08 23:30:00,67,91,0.0,0.0,0.0,0.3006333333333333,optimal
2021-02-09 00:00:00,67,91,0.0,0.0,0.0,0.058,optimal
2021-02-09 00:30:00,67,91,2.2857142857142856,0.0,0.0,0.058,optimal
2021-02-09 01:00:00,67,91,0.9985714285714286,0.0,0.0,0.058,optimal
2021-02-09 01:30:00,67,91,0.0,0.0,0.0,0.058,optimal
2021-02-09 02:00:00,67,91,1.2478725641128388,0.0,0.0,0.058,optimal
2021-02-09 02:30:00,67,91,2.2857142857142856,0.0,0.0,0.058,optimal
2021-02-09 03:00:00,67,91,2.2857142857142856,0.0,0.0,0.058,optimal
2021-02-09 03:30:00,67,91,2.2857142857142856,0.0,0.0,0.058,optimal
2021-02-09 04:00:00,67,91,2.2857142857142856,0.0,0.0,0.058,optimal
2021-02-09 04:30:00,67,91,2.2857142857142856,0.0,0.0,0.058,optimal
2021-02-09 05:00:00,67,91,2.2857142857142856,0.0,0.0,0.058,optimal
2021-02-09 05:30:00,67,91,2.2857142857142856,0.0,0.0,0.06133333333333334,optimal
2021-02-09 06:00:00,67,91,2.2857142857142856,0.0,0.0,0.068,optimal
2021-02-09 06:30:00,67,91,2.2857142857142856,0.0,6.861099655772547,1.102266666666667,optimal
2021-02-09 07:00:00,67,91,2.2857142857142856,0.0,10.0,0.27163333333333334,optimal
2021-02-09 07:30:00,67,91,2.2857142857142856,0.0,0.0,0.10166666666666668,optimal
2021-02-09 08:00:00,67,91,1.177105224220107,0.0,0.0,0.14933333333333335,optimal
2021-02-09 08:30:00,67,91,1.161705870280556,0.0,0.0,0.2715,optimal
2021-02-09 09:00:00,67,91,1.0488989725827185,0.0,0.0,0.2813,optimal
2021-02-09 09:30:00,67,91,1.0923764551797976,0.0,0.0,0.081,optimal
2021-02-09 10:00:00,67,91,0.8372666673700467,0.0,0.0,0.08526666666666667,optimal
2021-02-09 10:30:00,67,91,0.7786359981057185,0.0,0.0,0.1017,optimal
2021-02-09 11:00:00,67,91,0.5037625186118115,0.0,0.0,0.12440000000000001,optimal
2021-02-09 11:30:00,67,91,0.45328019428274957,0.0,0.0,0.26039999999999996,optimal
2021-02-09 12:00:00,67,91,0.26877919935147676,0.0,0.0,0.39126666666666665,optimal
2021-02-09 12:30:00,67,91,0.2592424760614939,0.0,0.0,0.442,optimal
2021-02-09 13:00:00,67,91,1.7818037432048375,0.0,0.0,0.4609333333333333,optimal
2021-02-09 13:30:00,67,91,2.2857142857142856,0.0,0.0,0.4385333333333334,optimal
2021-02-09 14:00:00,67,91,2.2857142857142856,0.0,0.0,0.167,optimal
2021-02-09 14:30:00,67,91,2.2857142857142856,0.0,0.0,0.068,optimal
2021-02-09 15:00:00,67,91,2.2857142857142856,0.0,0.0,0.068,optimal
2021-02-09 15:30:00,67,91,2.2857142857142856,0.0,0.0,0.068,optimal
2021-02-09 16:00:00,67,91,0.0,0.0,0.0,0.068,optimal
2021-02-09 16:30:00,67,91,0.0,0.0,0.0,0.068,optimal
2021-02-09 17:00:00,67,91,0.0,0.0,0.0,0.068,optimal
2021-02-09 17:30:00,67,91,0.0,0.0,0.0,0.32466666666666666,optimal
2021-02-09 18:00:00,67,91,0.0,0.0,0.0,1.1934333333333333,optimal
2021-02-09 18:30:00,67,91,0.0,0.0,0.0,0.4191666666666667,optimal
2021-02-09 19:00:00,67,91,0.0,0.0,0.0,0.24530000000000002,optimal
2021-02-09 19:30:00,67,91,0.0,0.0,0.0,0.378,optimal
2021-02-09 20:00:00,67,91,0.0,0.0,0.0,0.40353333333333335,optimal
2021-02-09 20:30:00,67,91,0.0,0.0,0.0,0.35453333333333337,optimal
2021-02-09 21:00:00,67,91,0.0,0.0,0.0,0.36519999999999997,optimal
2021-02-09 21:30:00,67,91,0.0,0.0,0.0,0.365,optimal
2021-02-09 22:00:00,67,91,0.0398095238095238,0.0,0.0,0.4124,optimal
2021-02-09 22:30:00,67,91,0.0,0.0,0.0,0.48293333333333327,optimal
2021-02-09 23:00:00,67,91,0.0,0.0,0.0,0.4293,optimal
2021-02-09 23:30:00,67,91,0.0,0.0,0.0,0.22066666666666662,optimal
2021-02-10 00:00:00,67,91,0.0,0.0,0.0,0.059,optimal
2021-02-10 00:30:00,67,91,0.836,0.0,0.0,0.112,optimal
2021-02-10 01:00:00,67,91,0.0,0.0,0.0,0.0696,optimal
2021-02-10 01:30:00,67,91,0.0,0.0,0.0,0.2069333333333333,optimal
2021-02-10 02:00:00,67,91,0.2945376471499226,0.0,0.0,0.09786666666666666,optimal
2021-02-10 02:30:00,67,91,2.2857142857142856,0.0,0.0,0.18366666666666662,optimal
2021-02-10 03:00:00,67,91,2.2857142857142856,0.0,0.0,0.12113333333333334,optimal
2021-02-10 03:30:00,67,91,2.2857142857142856,0.0,0.0,0.1374,optimal
2021-02-10 04:00:00,67,91,2.2857142857142856,0.0,0.0,0.1674,optimal
2021-02-10 04:30:00,67,91,2.2857142857142856,0.0,0.0,0.059,optimal
2021-02-10 05:00:00,67,91,2.2857142857142856,0.0,0.0,0.2352,optimal
2021-02-10 05:30:00,67,91,2.2857142857142856,0.0,0.0,0.0696,optimal
2021-02-10 06:00:00,67,91,2.2857142857142856,0.0,0.0,0.1318,optimal
2021-02-10 06:30:00,67,91,2.2857142857142856,0.0,9.556257160591016,0.16573333333333332,optimal
2021-02-10 07:00:00,67,91,2.2857142857142856,0.0,10.0,0.9549333333333332,optimal
2021-02-10 07:30:00,67,91,2.2857142857142856,0.0,0.0,2.8221999999999996,optimal
2021-02-10 08:00:00,67,91,1.2008318056484415,0.0,0.0,1.8852666666666669,optimal
2021-02-10 08:30:00,67,91,1.2822929845226796,0.0,0.0,0.067,optimal
2021-02-10 09:00:00,67,91,0.9758307308899631,0.0,0.0,0.39113333333333333,optimal
2021-02-10 09:30:00,67,91,1.0192728621451572,0.0,0.0,0.35786666666666667,optimal
2021-02-10 10:00:00,67,91,0.785505752210912,0.0,0.0,0.312,optimal
2021-02-10 10:30:00,67,91,0.7818873506523123,0.0,0.0,0.2936,optimal
2021-02-10 11:00:00,67,91,0.637164281300624,0.0,0.0,0.11286666666666666,optimal
2021-02-10 11:30:00,67,91,0.6288377278805856,0.0,0.0,0.1453,optimal
2021-02-10 12:00:00,67,91,0.375403017693509,0.0,0.0,0.20626666666666668,optimal
2021-02-10 12:30:00,67,91,0.3969268272173172,0.0,0.0,0.1376,optimal
2021-02-10 13:00:00,67,91,1.8113348536869485,0.0,0.0,0.0782,optimal
2021-02-10 13:30:00,67,91,2.2857142857142856,0.0,0.0,0.20726666666666668,optimal
2021-02-10 14:00:00,67,91,2.2857142857142856,0.0,0.0,0.12346666666666668,optimal
2021-02-10 14:30:00,67,91,2.2857142857142856,0.0,0.0,0.1436,optimal
2021-02-10 15:00:00,67,91,2.2857142857142856,0.0,0.0,0.30469999999999997,optimal
2021-02-10 15:30:00,67,91,2.2857142857142856,0.0,0.0,0.2771,optimal
2021-02-10 16:00:00,67,91,0.0,0.0,0.0,0.3663333333333333,optimal
2021-02-10 16:30:00,67,91,0.0,0.0,0.0,0.1472,optimal
2021-02-10 17:00:00,67,91,0.0,0.0,0.0,0.162,optimal
2021-02-10 17:30:00,67,91,0.0,0.0,0.0,0.11713333333333334,optimal
2021-02-10 18:00:00,67,91,0.0,0.0,0.0,0.289,optimal
2021-02-10 18:30:00,67,91,0.0,0.0,0.0,0.27196666666666663,optimal
2021-02-10 19:00:00,67,91,0.0,0.0,0.0,0.43923333333333336,optimal
2021-02-10 19:30:00,67,91,0.0,0.0,0.0,0.41406666666666664,optimal
2021-02-10 20:00:00,67,91,0.0,0.0,0.0,0.3572666666666667,optimal
2021-02-10 20:30:00,67,91,0.0,0.0,0.0,0.14323333333333332,optimal
2021-02-10 21:00:00,67,91,0.0,0.0,0.0,0.27093333333333336,optimal
2021-02-10 21:30:00,67,91,0.0,0.0,0.0,0.337,optimal
2021-02-10 22:00:00,67,91,0.0,0.0,0.0,0.33313333333333334,optimal
2021-02-10 22:30:00,67,91,0.0,0.0,0.0,0.24459999999999998,optimal
2021-02-10 23:00:00,67,91,0.0,0.0,0.0,0.069,optimal
2021-02-10 23:30:00,67,91,0.0,0.0,0.0,0.1326,optimal
2021-02-11 00:00:00,67,91,0.0,0.0,0.0,0.1966,optimal
2021-02-11 00:30:00,67,91,2.1895238095238096,0.0,0.0,0.058,optimal
2021-02-11 01:00:00,67,91,1.9052864878439228,0.0,0.0,0.058,optimal
2021-02-11 01:30:00,67,91,2.2857142857142856,0.0,0.0,0.058,optimal
2021-02-11 02:00:00,67,91,2.2857142857142856,0.0,0.0,0.184,optimal
2021-02-11 02:30:00,67,91,2.2857142857142856,0.0,0.0,0.0706,optimal
2021-02-11 03:00:00,67,91,2.2857142857142856,0.0,0.0,0.058,optimal
2021-02-11 03:30:00,67,91,2.2857142857142856,0.0,0.0,0.1966,optimal
2021-02-11 04:00:00,67,91,2.2857142857142856,0.0,0.0,0.058,optimal
2021-02-11 04:30:00,67,91,2.2857142857142856,0.0,0.0,0.121,optimal
2021-02-11 05:00:00,67,91,2.2857142857142856,0.0,0.0,0.1336,optimal
2021-02-11 05:30:00,67,91,2.2857142857142856,0.0,0.0,0.058,optimal
2021-02-11 06:00:00,67,91,2.2857142857142856,0.0,0.0,0.1598,optimal
2021-02-11 06:30:00,67,91,2.2857142857142856,0.0,0.7784632194581396,0.10579999999999999,optimal
2021-02-11 07:00:00,67,91,2.2857142857142856,0.0,10.0,0.22119999999999998,optimal
2021-02-11 07:30:00,67,91,2.2857142857142856,0.0,0.0,0.1426,optimal
2021-02-11 08:00:00,67,91,1.363638479892347,0.0,0.0,0.2586666666666667,optimal
2021-02-11 08:30:00,67,91,1.5076397385937979,0.0,0.0,0.1625,optimal
2021-02-11 09:00:00,67,91,1.3454703983319793,0.0,0.0,0.11209999999999999,optimal
2021-02-11 09:30:00,67,91,1.2447251240444652,0.0,0.0,0.068,optimal
2021-02-11 10:00:00,67,91,0.7849726830155497,0.0,0.0,0.2066,optimal
2021-02-11 10:30:00,67,91,0.865789146392823,0.0,0.0,0.068,optimal
2021-02-11 11:00:00,67,91,0.633749032438229,0.0,0.0,0.1751,optimal
2021-02-11 11:30:00,67,91,0.603828453216635,0.0,0.0,0.0995,optimal
2021-02-11 12:00:00,67,91,0.36363441788888484,0.0,0.0,0.10579999999999999,optimal
2021-02-11 12:30:00,67,91,0.30098324923018466,0.0,0.0,0.1688,optimal
2021-02-11 13:00:00,67,91,2.2857142857142856,0.0,0.0,0.068,optimal
2021-02-11 13:30:00,67,91,2.2857142857142856,0.0,0.0,0.068,optimal
2021-02-11 14:00:00,67,91,2.2857142857142856,0.0,0.0,0.2066,optimal
2021-02-11 14:30:00,67,91,2.2857142857142856,0.0,0.0,0.068,optimal
2021-02-11 15:00:00,67,91,2.2857142857142856,0.0,0.0,0.068,optimal
2021-02-11 15:30:00,67,91,2.2857142857142856,0.0,0.0,0.1814,optimal
2021-02-11 16:00:00,67,91,0.0,0.0,0.0,0.0932,optimal
2021-02-11 16:30:00,67,91,0.0,0.0,0.0,0.13386666666666666,optimal
2021-02-11 17:00:00,67,91,0.0,0.0,0.0,0.1626,optimal
2021-02-11 17:30:00,67,91,0.0,0.0,0.0,0.08356666666666666,optimal
2021-02-11 18:00:00,67,91,0.0,0.0,0.0,0.0705,optimal
2021-02-11 18:30:00,67,91,0.0,0.0,0.0,0.12440000000000001,optimal
2021-02-11 19:00:00,67,91,0.0,0.0,0.0,0.1617333333333333,optimal
2021-02-11 19:30:00,67,91,1.4457149651830419,0.0,0.0,0.16413333333333333,optimal
2021-02-11 20:00:00,67,91,1.621094525050416,0.0,0.0,0.3454333333333333,optimal
2021-02-11 20:30:00,67,91,0.0,0.0,0.0,0.4149,optimal
2021-02-11 21:00:00,67,91,0.0,0.0,0.0,0.2682,optimal
2021-02-11 21:30:00,67,91,0.0,0.0,0.0,0.13933333333333334,optimal
2021-02-11 22:00:00,67,91,0.0199047619047619,0.0,0.0,0.2971666666666667,optimal
2021-02-11 22:30:00,67,91,0.0,0.0,0.0,0.1982,optimal
2021-02-11 23:00:00,67,91,0.0,0.0,0.0,0.2874,optimal
2021-02-11 23:30:00,67,91,0.0,0.0,0.0,1.1868333333333332,optimal
2021-02-12 00:00:00,67,91,0.25832586914400346,0.0,0.0,0.06366666666666666,optimal
2021-02-12 00:30:00,67,91,2.2857142857142856,0.0,0.0,0.06856666666666666,optimal
2021-02-12 01:00:00,67,91,2.2857142857142856,0.0,0.0,0.2044,optimal
2021-02-12 01:30:00,67,91,2.2857142857142856,0.0,0.0,0.1365,optimal
2021-02-12 02:00:00,67,91,2.2857142857142856,0.0,0.0,0.18546666666666667,optimal
2021-02-12 02:30:00,67,91,2.2857142857142856,0.0,0.0,0.063,optimal
2021-02-12 03:00:00,67,91,2.2857142857142856,0.0,0.0,0.21666666666666662,optimal
2021-02-12 03:30:00,67,91,2.2857142857142856,0.0,0.0,0.1298,optimal
2021-02-12 04:00:00,67,91,2.2857142857142856,0.0,0.0,0.1267,optimal
2021-02-12 04:30:00,67,91,2.2857142857142856,0.0,0.0,0.0973,optimal
2021-02-12 05:00:00,67,91,2.2857142857142856,0.0,0.0,0.1496333333333333,optimal
2021-02-12 05:30:00,67,91,2.2857142857142856,0.0,0.0,0.19683333333333328,optimal
2021-02-12 06:00:00,67,91,2.2857142857142856,0.0,0.0,0.063,optimal
2021-02-12 06:30:00,67,91,2.2857142857142856,0.0,3.5658800416530614,0.161,optimal
2021-02-12 07:00:00,67,91,2.2857142857142856,0.0,10.0,0.17809999999999998,optimal
2021-02-12 07:30:00,67,91,2.2857142857142856,0.0,0.0,0.1632333333333333,optimal
2021-02-12 08:00:00,67,91,2.2857142857142856,0.0,0.0,0.2596666666666667,optimal
2021-02-12 08:30:00,67,91,1.7189806820385432,0.0,0.0,0.23236666666666667,optimal
2021-02-12 09:00:00,67,91,1.2150999209280469,0.0,0.0,2.193633333333333,optimal
2021-02-12 09:30:00,67,91,1.0415176504494854,0.0,0.0,2.5054666666666665,optimal
2021-02-12 10:00:00,67,91,0.38732717600550143,0.0,0.0,1.6775666666666667,optimal
2021-02-12 10:30:00,67,91,0.6082762004206462,0.0,0.0,0.4705,optimal
2021-02-12 11:00:00,67,91,0.438978755946163,0.0,0.0,0.06633333333333333,optimal
2021-02-12 11:30:00,67,91,0.37907928875997887,0.0,0.0,0.3258666666666667,optimal
2021-02-12 12:00:00,67,91,0.34456111332690087,0.0,0.0,0.14336666666666667,optimal
2021-02-12 12:30:00,67,91,0.27908640804548185,0.0,0.0,0.37560000000000004,optimal
2021-02-12 13:00:00,67,91,1.4961428841219855,0.0,0.0,1.5966333333333333,optimal
2021-02-12 13:30:00,67,91,2.2857142857142856,0.0,0.0,0.47386666666666666,optimal
2021-02-12 14:00:00,67,91,2.2857142857142856,0.0,0.0,2.5316,optimal
2021-02-12 14:30:00,67,91,2.2857142857142856,0.0,0.0,2.472633333333333,optimal
2021-02-12 15:00:00,67,91,2.2857142857142856,0.0,0.0,0.35803333333333337,optimal
2021-02-12 15:30:00,67,91,2.2857142857142856,0.0,0.0,0.183,optimal
2021-02-12 16:00:00,67,91,0.0,0.0,0.0,0.4358666666666667,optimal
2021-02-12 16:30:00,67,91,0.0,0.0,0.0,0.3713,optimal
2021-02-12 17:00:00,67,91,0.0,0.0,0.0,0.6542,optimal
2021-02-12 17:30:00,67,91,0.0,0.0,0.0,0.42436666666666667,optimal
2021-02-12 18:00:00,67,91,0.0,0.0,0.0,0.5045333333333334,optimal
2021-02-12 18:30:00,67,91,0.0,0.0,0.0,0.37526666666666664,optimal
2021-02-12 19:00:00,67,91,0.0,0.0,0.0,0.46473333333333333,optimal
2021-02-12 19:30:00,67,91,0.0,0.0,0.0,0.4802,optimal
2021-02-12 20:00:00,67,91,0.0,0.0,0.0,0.22733333333333328,optimal
2021-02-12 20:30:00,67,91,0.0,0.0,0.0,0.4503666666666667,optimal
2021-02-12 21:00:00,67,91,0.0,0.0,0.0,0.26666666666666666,optimal
2021-02-12 21:30:00,67,91,0.0,0.0,0.0,0.2507666666666667,optimal
2021-02-12 22:00:00,67,91,0.0,0.0,0.0,0.1269,optimal
2021-02-12 22:30:00,67,91,0.0,0.0,0.0,0.15976666666666667,optimal
2021-02-12 23:00:00,67,91,0.0,0.0,0.0,0.0975,optimal
2021-02-12 23:30:00,67,91,0.0,0.0,0.0,0.2039333333333333,optimal
2021-02-13 00:00:00,67,91,0.0,0.0,0.0,0.062,optimal
2021-02-13 00:30:00,67,91,0.3292247619047619,0.0,0.0,0.17666666666666667,optimal
2021-02-13 01:00:00,67,91,0.0,0.0,0.0,0.05,optimal
2021-02-13 01:30:00,67,91,0.0,0.0,0.0,0.12279999999999999,optimal
2021-02-13 02:00:00,67,91,2.2556484444213605,0.0,0.0,0.19306666666666664,optimal
2021-02-13 02:30:00,67,91,2.2857142857142856,0.0,0.0,0.05,optimal
2021-02-13 03:00:00,67,91,2.2857142857142856,0.0,0.0,0.2658666666666667,optimal
2021-02-13 03:30:00,67,91,2.2857142857142856,0.0,0.0,0.05,optimal
2021-02-13 04:00:00,67,91,2.2857142857142856,0.0,0.0,0.0664,optimal
2021-02-13 04:30:00,67,91,2.2857142857142856,0.0,0.0,0.1988,optimal
2021-02-13 05:00:00,67,91,2.2857142857142856,0.0,0.0,0.10066666666666668,optimal
2021-02-13 05:30:00,67,91,2.2857142857142856,0.0,0.0,0.12653333333333333,optimal
2021-02-13 06:00:00,67,91,2.2857142857142856,0.0,1.1415381606625667,0.1893333333333333,optimal
2021-02-13 06:30:00,67,91,2.2857142857142856,0.0,10.0,0.08826666666666666,optimal
2021-02-13 07:00:00,67,91,2.2857142857142856,0.0,10.0,0.20026666666666668,optimal
2021-02-13 07:30:00,67,91,2.2857142857142856,0.0,0.0,0.24509999999999998,optimal
2021-02-13 08:00:00,67,91,1.4153380473368218,0.0,0.0,0.13653333333333334,optimal
2021-02-13 08:30:00,67,91,1.3939604849125296,0.0,0.0,0.19933333333333328,optimal
2021-02-13 09:00:00,67,91,1.2578542094645138,0.0,0.0,0.13653333333333334,optimal
2021-02-13 09:30:00,67,91,1.2625473497239756,0.0,0.0,0.06,optimal
2021-02-13 10:00:00,67,91,0.9579333704403895,0.0,0.0,0.16793333333333332,optimal
2021-02-13 10:30:00,67,91,0.9544986651589505,0.0,0.0,0.16793333333333332,optimal
2021-02-13 11:00:00,67,91,0.6806732004967452,0.0,0.0,0.06,optimal
2021-02-13 11:30:00,67,91,0.666381352358159,0.0,0.0,0.098,optimal
2021-02-13 12:00:00,67,91,0.5002618756182421,0.0,0.0,0.23786666666666667,optimal
2021-02-13 12:30:00,67,91,0.5442115126744285,0.0,0.0,0.06,optimal
2021-02-13 13:00:00,67,91,2.2857142857142856,0.0,0.0,0.254,optimal
2021-02-13 13:30:00,67,91,2.2857142857142856,0.0,0.0,0.08186666666666666,optimal
2021-02-13 14:00:00,67,91,2.2857142857142856,0.0,0.0,0.058,optimal
2021-02-13 14:30:00,67,91,2.2857142857142856,0.0,0.0,0.2319,optimal
2021-02-13 15:00:00,67,91,2.2857142857142856,0.0,0.0,0.1026,optimal
2021-02-13 15:30:00,67,91,2.2857142857142856,0.0,0.0,0.27343333333333336,optimal
2021-02-13 16:00:00,67,91,0.0,0.0,0.0,0.0885,optimal
2021-02-13 16:30:00,67,91,0.0,0.0,0.0,0.105,optimal
2021-02-13 17:00:00,67,91,0.0,0.0,0.0,0.28046666666666664,optimal
2021-02-13 17:30:00,67,91,0.0,0.0,0.0,0.1482,optimal
2021-02-13 18:00:00,67,91,0.0,0.0,0.0,0.32180000000000003,optimal
2021-02-13 18:30:00,67,91,0.0,0.0,0.0,0.22956666666666664,optimal
2021-02-13 19:00:00,67,91,0.0,0.0,0.0,0.30010000000000003,optimal
2021-02-13 19:30:00,67,91,0.0,0.0,0.0,0.43596666666666656,optimal
2021-02-13 20:00:00,67,91,1.0069758236200796,0.0,0.0,0.5248666666666667,optimal
2021-02-13 20:30:00,67,91,0.0,0.0,0.0,0.10206666666666667,optimal
2021-02-13 21:00:00,67,91,0.0,0.0,0.0,0.24719999999999998,optimal
2021-02-13 21:30:00,67,91,0.0,0.0,0.0,0.09826666666666668,optimal
2021-02-13 22:00:00,67,91,0.0,0.0,0.0,0.14233333333333334,optimal
2021-02-13 22:30:00,67,91,0.0,0.0,0.0,0.19353333333333333,optimal
2021-02-13 23:00:00,67,91,0.0,0.0,0.0,0.06,optimal
2021-02-13 23:30:00,67,91,0.0,0.0,0.0,0.2157333333333333,optimal
2021-02-07 00:00:00,68,91,0.0,0.0,0.0,0.064,optimal
2021-02-07 00:30:00,68,91,0.0,0.0,0.0,0.17913333333333334,optimal
2021-02-07 01:00:00,68,91,0.0,0.0,0.0,0.1843333333333333,optimal
2021-02-07 01:30:00,68,91,0.0,0.0,0.0,0.16733333333333333,optimal
2021-02-07 02:00:00,68,91,0.0,0.0,0.0,0.1052,optimal
2021-02-07 02:30:00,68,91,0.0,0.0,0.0,0.32593333333333335,optimal
2021-02-07 03:00:00,68,91,0.0,0.0,0.0,0.09966666666666668,optimal
2021-02-07 03:30:00,68,91,0.0,0.0,0.0,0.1918,optimal
2021-02-07 04:00:00,68,91,2.2857142857142856,0.0,0.0,0.2595,optimal
2021-02-07 04:30:00,68,91,2.2857142857142856,0.0,0.0,0.0795,optimal
2021-02-07 05:00:00,68,91,2.2857142857142856,0.0,0.0,0.30576666666666663,optimal
2021-02-07 05:30:00,68,91,2.2857142857142856,0.0,0.0,0.16103333333333333,optimal
2021-02-07 06:00:00,68,91,2.2857142857142856,0.0,0.0,0.064,optimal
2021-02-07 06:30:00,68,91,2.2857142857142856,0.0,0.0,0.3769333333333333,optimal
2021-02-07 07:00:00,68,91,2.2857142857142856,0.0,1.5052247886819266,1.206,optimal
2021-02-07 07:30:00,68,91,0.0,0.0,0.0,0.38406666666666667,optimal
2021-02-07 08:00:00,68,91,0.0,0.0,0.0,2.5365666666666664,optimal
2021-02-07 08:30:00,68,91,0.0,0.0,0.0,0.1908333333333333,optimal
2021-02-07 09:00:00,68,91,0.0,0.0,0.0,0.41303333333333336,optimal
2021-02-07 09:30:00,68,91,0.0,0.0,0.0,0.27666666666666667,optimal
2021-02-07 10:00:00,68,91,0.7565397985899879,0.0,0.0,0.3105,optimal
2021-02-07 10:30:00,68,91,1.0343415668561544,0.0,0.0,0.16646666666666668,optimal
2021-02-07 11:00:00,68,91,0.8914783040077422,0.0,0.0,0.19833333333333328,optimal
2021-02-07 11:30:00,68,91,0.8819354468648909,0.0,0.0,0.23606666666666665,optimal
2021-02-07 12:00:00,68,91,0.8168864132913015,0.0,0.0,0.12206666666666666,optimal
2021-02-07 12:30:00,68,91,0.81795307995797,0.0,0.0,0.11833333333333332,optimal
2021-02-07 13:00:00,68,91,2.2857142857142856,0.0,0.0,0.3168,optimal
2021-02-07 13:30:00,68,91,2.2857142857142856,0.0,0.0,0.12566666666666668,optimal
2021-02-07 14:00:00,68,91,2.2857142857142856,0.0,0.0,0.21606666666666663,optimal
2021-02-07 14:30:00,68,91,2.2857142857142856,0.0,0.0,0.27073333333333327,optimal
2021-02-07 15:00:00,68,91,2.2857142857142856,0.0,0.0,0.12466666666666669,optimal
2021-02-07 15:30:00,68,91,2.2857142857142856,0.0,0.0,0.3621333333333333,optimal
2021-02-07 16:00:00,68,91,0.0,0.0,0.0,0.074,optimal
2021-02-07 16:30:00,68,91,0.0,0.0,0.0,0.16340000000000002,optimal
2021-02-07 17:00:00,68,91,0.0,0.0,0.0,0.18406666666666663,optimal
2021-02-07 17:30:00,68,91,0.0,0.0,0.0,0.13783333333333334,optimal
2021-02-07 18:00:00,68,91,0.0,0.0,0.0,0.6204666666666667,optimal
2021-02-07 18:30:00,68,91,0.0,0.0,0.0,0.2925,optimal
2021-02-07 19:00:00,68,91,0.0,0.0,0.0,0.5904333333333333,optimal
2021-02-07 19:30:00,68,91,0.0,0.0,0.0,0.5953666666666667,optimal
2021-02-07 20:00:00,68,91,0.7884261195194849,0.0,0.0,0.661,optimal
2021-02-07 20:30:00,68,91,0.0,0.0,0.0,0.5259333333333333,optimal
2021-02-07 21:00:00,68,91,0.0,0.0,0.0,0.3626666666666667,optimal
2021-02-07 21:30:00,68,91,0.0,0.0,0.0,0.4753,optimal
2021-02-07 22:00:00,68,91,0.0,0.0,0.0,0.4688,optimal
2021-02-07 22:30:00,68,91,0.0,0.0,0.0,0.7690333333333333,optimal
2021-02-07 23:00:00,68,91,0.0,0.0,0.0,0.9127000000000001,optimal
2021-02-07 23:30:00,68,91,0.0,0.0,0.0,0.3310666666666667,optimal
2021-02-08 00:00:00,68,91,0.0,0.0,0.0,0.0935,optimal
2021-02-08 00:30:00,68,91,0.0,0.0,0.0,0.15146666666666667,optimal
2021-02-08 01:00:00,68,91,0.0,0.0,0.0,0.1169,optimal
2021-02-08 01:30:00,68,91,0.0,0.0,0.0,0.056,optimal
2021-02-08 02:00:00,68,91,0.0,0.0,0.0,0.13483333333333333,optimal
2021-02-08 02:30:00,68,91,0.3051335399465106,0.0,0.0,0.17103333333333334,optimal
2021-02-08 03:00:00,68,91,2.2857142857142856,0.0,0.0,0.101,optimal
2021-02-08 03:30:00,68,91,2.2857142857142856,0.0,0.0,0.12366666666666669,optimal
2021-02-08 04:00:00,68,91,2.2857142857142856,0.0,1.360156540788616,0.1372,optimal
2021-02-08 04:30:00,68,91,2.2857142857142856,0.0,10.0,0.0621,optimal
2021-02-08 05:00:00,68,91,2.2857142857142856,0.0,0.0,0.1961,optimal
2021-02-08 05:30:00,68,91,2.2857142857142856,0.0,0.0,0.08929999999999999,optimal
2021-02-08 06:00:00,68,91,2.2857142857142856,0.0,0.0,0.1887666666666667,optimal
2021-02-08 06:30:00,68,91,2.2857142857142856,0.0,0.0,0.10636666666666666,optimal
2021-02-08 07:00:00,68,91,2.2857142857142856,0.0,0.0,0.33586666666666665,optimal
2021-02-08 07:30:00,68,91,2.2857142857142856,0.0,0.0,0.1843333333333333,optimal
2021-02-08 08:00:00,68,91,1.297337672011356,0.0,0.0,0.0885,optimal
2021-02-08 08:30:00,68,91,1.2616737492409118,0.0,0.0,0.23736666666666667,optimal
2021-02-08 09:00:00,68,91,1.136056785310912,0.0,0.0,0.064,optimal
2021-02-08 09:30:00,68,91,1.0917907647046998,0.0,0.0,0.1848333333333333,optimal
2021-02-08 10:00:00,68,91,0.8309337962092738,0.0,0.0,0.29056666666666664,optimal
2021-02-08 10:30:00,68,91,0.8563141025297897,0.0,0.0,0.2378,optimal
2021-02-08 11:00:00,68,91,0.5920267046745136,0.0,0.0,0.291,optimal
2021-02-08 11:30:00,68,91,0.5924620560164103,0.0,0.0,0.24303333333333332,optimal
2021-02-08 12:00:00,68,91,0.41131664348575314,0.0,0.0,0.34856666666666664,optimal
2021-02-08 12:30:00,68,91,0.05134163188381866,0.0,0.0,2.173233333333333,optimal
2021-02-08 13:00:00,68,91,0.5989972285137621,0.0,0.0,0.40726666666666667,optimal
2021-02-08 13:30:00,68,91,1.5507582372114823,0.0,0.0,0.6568666666666667,optimal
2021-02-08 14:00:00,68,91,2.2857142857142856,0.0,0.0,0.22190000000000001,optimal
2021-02-08 14:30:00,68,91,2.2857142857142856,0.0,0.0,0.31710000000000005,optimal
2021-02-08 15:00:00,68,91,2.2857142857142856,0.0,0.0,0.314,optimal
2021-02-08 15:30:00,68,91,2.2857142857142856,0.0,0.0,1.6576,optimal
2021-02-08 16:00:00,68,91,0.0,0.0,0.0,2.1879666666666666,optimal
2021-02-08 16:30:00,68,91,0.0,0.0,0.0,0.845,optimal
2021-02-08 17:00:00,68,91,0.0,0.0,0.0,2.2544,optimal
2021-02-08 17:30:00,68,91,0.0,0.0,0.0,0.1402,optimal
2021-02-08 18:00:00,68,91,0.0,0.0,0.0,0.27203333333333335,optimal
2021-02-08 18:30:00,68,91,0.0,0.0,0.0,0.7826666666666666,optimal
2021-02-08 19:00:00,68,91,0.0,0.0,0.0,1.3703333333333332,optimal
2021-02-08 19:30:00,68,91,0.0,0.0,0.0,1.107,optimal
2021-02-08 20:00:00,68,91,0.0,0.0,0.0,0.191,optimal
2021-02-08 20:30:00,68,91,0.0,0.0,0.0,0.23416666666666663,optimal
2021-02-08 21:00:00,68,91,0.0,0.0,0.0,0.18519999999999998,optimal
2021-02-08 21:30:00,68,91,0.0,0.0,0.0,0.1271,optimal
2021-02-08 22:00:00,68,91,0.8467485714285714,0.0,0.0,0.23296666666666666,optimal
2021-02-08 22:30:00,68,91,0.0,0.0,0.0,0.4341666666666667,optimal
2021-02-08 23:00:00,68,91,0.0,0.0,0.0,0.33226666666666665,optimal
2021-02-08 23:30:00,68,91,0.0,0.0,0.0,1.5032333333333332,optimal
2021-02-09 00:00:00,68,91,0.0398095238095238,0.0,0.0,0.06676666666666667,optimal
2021-02-09 00:30:00,68,91,1.9904761904761903,0.0,0.0,0.12440000000000001,optimal
2021-02-09 01:00:00,68,91,0.0,0.0,0.0,0.255,optimal
2021-02-09 01:30:00,68,91,0.0,0.0,0.0,0.3772,optimal
2021-02-09 02:00:00,68,91,0.0,0.0,0.0,0.343,optimal
2021-02-09 02:30:00,68,91,1.8656476064850047,0.0,0.0,0.7766000000000001,optimal
2021-02-09 03:00:00,68,91,2.2857142857142856,0.0,0.0,0.40986666666666666,optimal
2021-02-09 03:30:00,68,91,2.2857142857142856,0.0,0.0,0.063,optimal
2021-02-09 04:00:00,68,91,2.2857142857142856,0.0,0.0,0.063,optimal
2021-02-09 04:30:00,68,91,2.2857142857142856,0.0,0.0,0.206,optimal
2021-02-09 05:00:00,68,91,2.2857142857142856,0.0,0.0,0.063,optimal
2021-02-09 05:30:00,68,91,2.2857142857142856,0.0,0.0,0.063,optimal
2021-02-09 06:00:00,68,91,2.2857142857142856,0.0,0.0,0.18,optimal
2021-02-09 06:30:00,68,91,2.2857142857142856,0.0,0.0,0.089,optimal
2021-02-09 07:00:00,68,91,2.2857142857142856,0.0,0.0,0.089,optimal
2021-02-09 07:30:00,68,91,2.2857142857142856,0.0,0.0,0.18,optimal
2021-02-09 08:00:00,68,91,1.3162766527915435,0.0,0.0,0.063,optimal
2021-02-09 08:30:00,68,91,1.3059725369472268,0.0,0.0,0.071,optimal
2021-02-09 09:00:00,68,91,1.1227751630589098,0.0,0.0,0.17016666666666666,optimal
2021-02-09 09:30:00,68,91,1.007547883751216,0.0,0.0,0.3705,optimal
2021-02-09 10:00:00,68,91,0.6602419054653014,0.0,0.0,0.4229,optimal
2021-02-09 10:30:00,68,91,0.6422931409628571,0.0,0.0,0.378,optimal
2021-02-09 11:00:00,68,91,0.436648232897518,0.0,0.0,0.22390000000000002,optimal
2021-02-09 11:30:00,68,91,0.35004209904464134,0.0,0.0,0.43976666666666664,optimal
2021-02-09 12:00:00,68,91,0.26217919935148326,0.0,0.0,0.327,optimal
2021-02-09 12:30:00,68,91,0.21256628558530083,0.0,0.0,0.5251333333333333,optimal
2021-02-09 13:00:00,68,91,2.2857142857142856,0.0,0.0,0.3663,optimal
2021-02-09 13:30:00,68,91,2.2857142857142856,0.0,5.852518016319834,1.3389666666666666,optimal
2021-02-09 14:00:00,68,91,2.2857142857142856,0.0,10.0,0.26,optimal
2021-02-09 14:30:00,68,91,2.2857142857142856,0.0,0.0,0.33836666666666665,optimal
2021-02-09 15:00:00,68,91,2.2857142857142856,0.0,0.0,0.1315,optimal
2021-02-09 15:30:00,68,91,2.2857142857142856,0.0,0.0,0.073,optimal
2021-02-09 16:00:00,68,91,0.0,0.0,0.0,0.177,optimal
2021-02-09 16:30:00,68,91,0.0,0.0,0.0,0.38246666666666657,optimal
2021-02-09 17:00:00,68,91,0.0,0.0,0.0,1.4258666666666666,optimal
2021-02-09 17:30:00,68,91,0.0,0.0,0.0,0.073,optimal
2021-02-09 18:00:00,68,91,0.0,0.0,0.0,0.073,optimal
2021-02-09 18:30:00,68,91,0.0,0.0,0.0,0.216,optimal
2021-02-09 19:00:00,68,91,0.0,0.0,0.0,0.073,optimal
2021-02-09 19:30:00,68,91,0.0,0.0,0.0,0.158,optimal
2021-02-09 20:00:00,68,91,0.07070005153956567,0.0,0.0,0.3153666666666667,optimal
2021-02-09 20:30:00,68,91,0.0,0.0,0.0,0.3644333333333333,optimal
2021-02-09 21:00:00,68,91,0.0,0.0,0.0,0.26,optimal
2021-02-09 21:30:00,68,91,0.0,0.0,0.0,0.40086666666666665,optimal
2021-02-09 22:00:00,68,91,0.39809523809523806,0.0,0.0,0.14759999999999998,optimal
2021-02-09 22:30:00,68,91,0.0,0.0,0.0,0.176,optimal
2021-02-09 23:00:00,68,91,0.0,0.0,0.0,0.5149,optimal
2021-02-09 23:30:00,68,91,0.0,0.0,0.0,0.16066666666666665,optimal
2021-02-10 00:00:00,68,91,0.0,0.0,0.0,0.0728,optimal
2021-02-10 00:30:00,68,91,0.23885714285714282,0.0,0.0,0.188,optimal
2021-02-10 01:00:00,68,91,0.0,0.0,0.0,0.06,optimal
2021-02-10 01:30:00,68,91,0.0,0.0,0.0,0.2008,optimal
2021-02-10 02:00:00,68,91,1.5326247194405183,0.0,0.0,0.06,optimal
2021-02-10 02:30:00,68,91,2.2857142857142856,0.0,0.0,0.10479999999999999,optimal
2021-02-10 03:00:00,68,91,2.2857142857142856,0.0,0.0,0.156,optimal
2021-02-10 03:30:00,68,91,2.2857142857142856,0.0,0.0,0.06,optimal
2021-02-10 04:00:00,68,91,2.2857142857142856,0.0,0.0,0.06,optimal
2021-02-10 04:30:00,68,91,2.2857142857142856,0.0,0.0,0.1176,optimal
2021-02-10 05:00:00,68,91,2.2857142857142856,0.0,0.0,0.1432,optimal
2021-02-10 05:30:00,68,91,2.2857142857142856,0.0,0.0,0.06,optimal
2021-02-10 06:00:00,68,91,2.2857142857142856,0.0,0.0,0.1688,optimal
2021-02-10 06:30:00,68,91,2.2857142857142856,0.0,6.064056133153106,0.09433333333333331,optimal
2021-02-10 07:00:00,68,91,2.2857142857142856,0.0,10.0,0.06533333333333333,optimal
2021-02-10 07:30:00,68,91,2.2857142857142856,0.0,0.0,0.20013333333333333,optimal
2021-02-10 08:00:00,68,91,1.2381651389817667,0.0,0.0,0.058,optimal
2021-02-10 08:30:00,68,91,1.291121555951253,0.0,0.0,0.2532333333333333,optimal
2021-02-10 09:00:00,68,91,1.160116445175692,0.0,0.0,0.2008,optimal
2021-02-10 09:30:00,68,91,1.1866061954784977,0.0,0.0,0.06133333333333334,optimal
2021-02-10 10:00:00,68,91,0.8905724188775881,0.0,0.0,0.13706666666666667,optimal
2021-02-10 10:30:00,68,91,0.8802683030332713,0.0,0.0,0.13040000000000002,optimal
2021-02-10 11:00:00,68,91,0.7087833289196532,0.0,0.0,0.06,optimal
2021-02-10 11:30:00,68,91,0.6836282040710742,0.0,0.0,0.124,optimal
2021-02-10 12:00:00,68,91,0.4388125415030451,0.0,0.0,0.1368,optimal
2021-02-10 12:30:00,68,91,0.4534411129316108,0.0,0.0,0.0856,optimal
2021-02-10 13:00:00,68,91,2.2857142857142856,0.0,0.0,0.1752,optimal
2021-02-10 13:30:00,68,91,2.2857142857142856,0.0,0.0,0.06266666666666666,optimal
2021-02-10 14:00:00,68,91,2.2857142857142856,0.0,0.0,0.14959999999999998,optimal
2021-02-10 14:30:00,68,91,2.2857142857142856,0.0,0.0,0.11353333333333332,optimal
2021-02-10 15:00:00,68,91,2.2857142857142856,0.0,0.0,0.06366666666666666,optimal
2021-02-10 15:30:00,68,91,2.2857142857142856,0.0,0.0,0.188,optimal
2021-02-10 16:00:00,68,91,0.0,0.0,0.0,0.0728,optimal
2021-02-10 16:30:00,68,91,0.0,0.0,0.0,0.1272333333333333,optimal
2021-02-10 17:00:00,68,91,0.0,0.0,0.0,0.9692666666666667,optimal
2021-02-10 17:30:00,68,91,0.0,0.0,0.0,2.4925333333333333,optimal
2021-02-10 18:00:00,68,91,0.0,0.0,0.0,0.1448,optimal
2021-02-10 18:30:00,68,91,0.0,0.0,0.0,0.17980000000000002,optimal
2021-02-10 19:00:00,68,91,0.0,0.0,0.0,0.3756333333333333,optimal
2021-02-10 19:30:00,68,91,0.20079622074069126,0.0,0.0,0.2827333333333333,optimal
2021-02-10 20:00:00,68,91,1.0923802542215437,0.0,0.0,0.4289,optimal
2021-02-10 20:30:00,68,91,0.0,0.0,0.0,0.2743333333333333,optimal
2021-02-10 21:00:00,68,91,0.0,0.0,0.0,0.31806666666666666,optimal
2021-02-10 21:30:00,68,91,0.0,0.0,0.0,0.39313333333333333,optimal
2021-02-10 22:00:00,68,91,0.0,0.0,0.0,0.2484,optimal
2021-02-10 22:30:00,68,91,0.0,0.0,0.0,0.236,optimal
2021-02-10 23:00:00,68,91,0.0,0.0,0.0,0.1212,optimal
2021-02-10 23:30:00,68,91,0.0,0.0,0.0,0.07,optimal
2021-02-11 00:00:00,68,91,0.0,0.0,0.0,0.15173333333333333,optimal
2021-02-11 00:30:00,68,91,2.2857142857142856,0.0,0.0,0.063,optimal
2021-02-11 01:00:00,68,91,1.5913513464664841,0.0,0.0,0.21363333333333331,optimal
2021-02-11 01:30:00,68,91,2.2857142857142856,0.0,0.0,0.14316666666666666,optimal
2021-02-11 02:00:00,68,91,2.2857142857142856,0.0,0.0,0.063,optimal
2021-02-11 02:30:00,68,91,2.2857142857142856,0.0,0.0,0.2938,optimal
2021-02-11 03:00:00,68,91,2.2857142857142856,0.0,0.0,0.063,optimal
2021-02-11 03:30:00,68,91,2.2857142857142856,0.0,0.0,0.09583333333333331,optimal
2021-02-11 04:00:00,68,91,2.2857142857142856,0.0,0.0,0.20546666666666666,optimal
2021-02-11 04:30:00,68,91,2.2857142857142856,0.0,0.0,0.1185,optimal
2021-02-11 05:00:00,68,91,2.2857142857142856,0.0,0.0,0.1221,optimal
2021-02-11 05:30:00,68,91,2.2857142857142856,0.0,0.0,0.2347,optimal
2021-02-11 06:00:00,68,91,2.2857142857142856,0.0,0.0,0.063,optimal
2021-02-11 06:30:00,68,91,2.2857142857142856,0.0,2.8054882672717736,0.2383,optimal
2021-02-11 07:00:00,68,91,2.2857142857142856,0.0,10.0,0.1245,optimal
2021-02-11 07:30:00,68,91,2.2857142857142856,0.0,0.0,0.06873333333333334,optimal
2021-02-11 08:00:00,68,91,1.2671737179875833,0.0,0.0,0.45206666666666667,optimal
2021-02-11 08:30:00,68,91,1.389192119546191,0.0,0.0,0.14323333333333332,optimal
2021-02-11 09:00:00,68,91,1.2477370649986372,0.0,0.0,0.08413333333333334,optimal
2021-02-11 09:30:00,68,91,1.090372743092089,0.0,0.0,0.3053666666666667,optimal
2021-02-11 10:00:00,68,91,0.8233726830155431,0.0,0.0,0.073,optimal
2021-02-11 10:30:00,68,91,0.8434462892499511,0.0,0.0,0.147,optimal
2021-02-11 11:00:00,68,91,0.6277299848191685,0.0,0.0,0.19696666666666668,optimal
2021-02-11 11:30:00,68,91,0.5676284532166394,0.0,0.0,0.15283333333333335,optimal
2021-02-11 12:00:00,68,91,0.3485677512222282,0.0,0.0,0.15933333333333335,optimal
2021-02-11 12:30:00,68,91,0.20096420161114387,0.0,0.0,0.3432,optimal
2021-02-11 13:00:00,68,91,2.2857142857142856,0.0,0.0,0.6211,optimal
2021-02-11 13:30:00,68,91,2.2857142857142856,0.0,0.0,1.6763666666666666,optimal
2021-02-11 14:00:00,68,91,2.2857142857142856,0.0,0.0,0.23786666666666667,optimal
2021-02-11 14:30:00,68,91,2.2857142857142856,0.0,0.0,0.297,optimal
2021-02-11 15:00:00,68,91,2.2857142857142856,0.0,0.0,0.10253333333333332,optimal
2021-02-11 15:30:00,68,91,2.2857142857142856,0.0,0.0,1.5331,optimal
2021-02-11 16:00:00,68,91,0.0,0.0,0.0,0.3758,optimal
2021-02-11 16:30:00,68,91,0.0,0.0,0.0,0.1509,optimal
2021-02-11 17:00:00,68,91,0.0,0.0,0.0,0.2608333333333333,optimal
2021-02-11 17:30:00,68,91,0.0,0.0,0.0,1.5809000000000002,optimal
2021-02-11 18:00:00,68,91,0.0,0.0,0.0,2.6004,optimal
2021-02-11 18:30:00,68,91,0.0,0.0,0.0,1.4115,optimal
2021-02-11 19:00:00,68,91,0.0,0.0,0.0,0.36169999999999997,optimal
2021-02-11 19:30:00,68,91,0.0,0.0,0.0,0.1296,optimal
2021-02-11 20:00:00,68,91,1.7653637375558249,0.0,0.0,0.2578333333333333,optimal
2021-02-11 20:30:00,68,91,0.0,0.0,0.0,0.11896666666666668,optimal
2021-02-11 21:00:00,68,91,0.0,0.0,0.0,0.15316666666666665,optimal
2021-02-11 21:30:00,68,91,0.0,0.0,0.0,0.19080000000000003,optimal
2021-02-11 22:00:00,68,91,0.0,0.0,0.0,0.11816666666666668,optimal
2021-02-11 22:30:00,68,91,0.0,0.0,0.0,0.147,optimal
2021-02-11 23:00:00,68,91,0.0,0.0,0.0,0.15180000000000002,optimal
2021-02-11 23:30:00,68,91,0.0,0.0,0.0,0.225,optimal
2021-02-12 00:00:00,68,91,1.7612993166430806,0.0,0.0,0.10706666666666666,optimal
2021-02-12 00:30:00,68,91,2.2857142857142856,0.0,0.0,0.04986666666666667,optimal
2021-02-12 01:00:00,68,91,2.2857142857142856,0.0,0.0,0.108,optimal
2021-02-12 01:30:00,68,91,2.2857142857142856,0.0,0.0,0.10706666666666666,optimal
2021-02-12 02:00:00,68,91,2.2857142857142856,0.0,0.0,0.05053333333333333,optimal
2021-02-12 02:30:00,68,91,2.2857142857142856,0.0,0.0,0.047,optimal
2021-02-12 03:00:00,68,91,2.2857142857142856,0.0,0.0,0.05406666666666667,optimal
2021-02-12 03:30:00,68,91,2.2857142857142856,0.0,0.0,0.10353333333333331,optimal
2021-02-12 04:00:00,68,91,2.2857142857142856,0.0,0.0,0.047,optimal
2021-02-12 04:30:00,68,91,2.2857142857142856,0.0,0.0,0.11059999999999999,optimal
2021-02-12 05:00:00,68,91,2.2857142857142856,0.0,0.0,0.049,optimal
2021-02-12 05:30:00,68,91,2.2857142857142856,0.0,0.0,0.1206,optimal
2021-02-12 06:00:00,68,91,2.2857142857142856,0.0,0.0,0.055,optimal
2021-02-12 06:30:00,68,91,2.2857142857142856,0.0,6.640291976478502,0.11059999999999999,optimal
2021-02-12 07:00:00,68,91,2.2857142857142856,0.0,10.0,0.08833333333333333,optimal
2021-02-12 07:30:00,68,91,2.2857142857142856,0.0,0.0,0.3825,optimal
2021-02-12 08:00:00,68,91,1.613402835218314,0.0,0.0,0.1512666666666667,optimal
2021-02-12 08:30:00,68,91,1.432478799201197,0.0,0.0,0.2657,optimal
2021-02-12 09:00:00,68,91,1.3236827780709206,0.0,0.0,0.0768,optimal
2021-02-12 09:30:00,68,91,1.167089079020923,0.0,0.0,0.0852,optimal
2021-02-12 10:00:00,68,91,0.7121538426721548,0.0,0.0,0.1118,optimal
2021-02-12 10:30:00,68,91,0.6835904861349358,0.0,0.0,0.1076,optimal
2021-02-12 11:00:00,68,91,0.38800732737473714,0.0,0.0,0.2531,optimal
2021-02-12 11:30:00,68,91,0.45850214590283345,0.0,0.0,0.39836666666666665,optimal
2021-02-12 12:00:00,68,91,0.4614373038031099,0.0,0.0,0.047,optimal
2021-02-12 12:30:00,68,91,0.4559835509026169,0.0,0.0,0.05606666666666667,optimal
2021-02-12 13:00:00,68,91,2.2857142857142856,0.0,0.0,0.11353333333333332,optimal
2021-02-12 13:30:00,68,91,2.2857142857142856,0.0,0.0,0.055,optimal
2021-02-12 14:00:00,68,91,2.2857142857142856,0.0,0.0,0.11059999999999999,optimal
2021-02-12 14:30:00,68,91,2.2857142857142856,0.0,0.0,0.048,optimal
2021-02-12 15:00:00,68,91,2.2857142857142856,0.0,0.0,0.1206,optimal
2021-02-12 15:30:00,68,91,2.2857142857142856,0.0,0.0,2.5308,optimal
2021-02-12 16:00:00,68,91,0.0,0.0,0.0,0.4568,optimal
2021-02-12 16:30:00,68,91,0.0,0.0,0.0,0.18746666666666667,optimal
2021-02-12 17:00:00,68,91,0.0,0.0,0.0,0.3373333333333333,optimal
2021-02-12 17:30:00,68,91,0.0,0.0,0.0,0.2796,optimal
2021-02-12 18:00:00,68,91,0.0,0.0,0.0,0.10446666666666668,optimal
2021-02-12 18:30:00,68,91,0.0,0.0,0.0,0.1418,optimal
2021-02-12 19:00:00,68,91,0.0,0.0,0.0,0.2767333333333333,optimal
2021-02-12 19:30:00,68,91,0.0,0.0,0.0,0.2755,optimal
2021-02-12 20:00:00,68,91,0.4051537307278244,0.0,0.0,0.057,optimal
2021-02-12 20:30:00,68,91,0.0,0.0,0.0,0.11706666666666667,optimal
2021-02-12 21:00:00,68,91,0.0,0.0,0.0,0.060533333333333335,optimal
2021-02-12 21:30:00,68,91,0.0,0.0,0.0,0.17176666666666668,optimal
2021-02-12 22:00:00,68,91,0.0,0.0,0.0,0.3206666666666667,optimal
2021-02-12 22:30:00,68,91,0.0,0.0,0.0,0.057,optimal
2021-02-12 23:00:00,68,91,0.0,0.0,0.0,0.057,optimal
2021-02-12 23:30:00,68,91,0.0,0.0,0.0,0.1206,optimal
2021-02-13 00:00:00,68,91,0.0,0.0,0.0,0.1807333333333333,optimal
2021-02-13 00:30:00,68,91,0.6568571428571428,0.0,0.0,0.19253333333333333,optimal
2021-02-13 01:00:00,68,91,0.0,0.0,0.0,0.06603333333333333,optimal
2021-02-13 01:30:00,68,91,0.3599587707035888,0.0,0.0,0.18669999999999998,optimal
2021-02-13 02:00:00,68,91,2.2857142857142856,0.0,0.0,0.0735,optimal
2021-02-13 02:30:00,68,91,2.2857142857142856,0.0,0.0,0.2089,optimal
2021-02-13 03:00:00,68,91,2.2857142857142856,0.0,0.0,0.12033333333333332,optimal
2021-02-13 03:30:00,68,91,2.2857142857142856,0.0,0.0,0.15,optimal
2021-02-13 04:00:00,68,91,2.2857142857142856,0.0,0.0,0.19273333333333328,optimal
2021-02-13 04:30:00,68,91,2.2857142857142856,0.0,0.0,0.15,optimal
2021-02-13 05:00:00,68,91,2.2857142857142856,0.0,0.0,0.1468,optimal
2021-02-13 05:30:00,68,91,2.2857142857142856,0.0,0.0,0.13326666666666667,optimal
2021-02-13 06:00:00,68,91,2.2857142857142856,0.0,9.674293345266593,0.29546666666666666,optimal
2021-02-13 06:30:00,68,91,2.2857142857142856,0.0,0.0,0.21256666666666663,optimal
2021-02-13 07:00:00,68,91,2.2857142857142856,0.0,0.0,0.14933333333333335,optimal
2021-02-13 07:30:00,68,91,2.2857142857142856,0.0,0.0,0.10826666666666668,optimal
2021-02-13 08:00:00,68,91,1.3861285235273122,0.0,0.0,0.2323,optimal
2021-02-13 08:30:00,68,91,1.4299700087220615,0.0,0.0,0.07383333333333333,optimal
2021-02-13 09:00:00,68,91,1.2251399237502298,0.0,0.0,0.2422333333333333,optimal
2021-02-13 09:30:00,68,91,1.2484616354382638,0.0,0.0,0.1005,optimal
2021-02-13 10:00:00,68,91,0.9741905132975397,0.0,0.0,0.10223333333333331,optimal
2021-02-13 10:30:00,68,91,0.9492510461113319,0.0,0.0,0.1825,optimal
2021-02-13 11:00:00,68,91,0.658435105258659,0.0,0.0,0.12903333333333333,optimal
2021-02-13 11:30:00,68,91,0.6385242095010243,0.0,0.0,0.18669999999999998,optimal
2021-02-13 12:00:00,68,91,0.5459952089515919,0.0,0.0,0.069,optimal
2021-02-13 12:30:00,68,91,0.5116591317220262,0.0,0.0,0.16513333333333333,optimal
2021-02-13 13:00:00,68,91,2.2857142857142856,0.0,0.0,0.17426666666666668,optimal
2021-02-13 13:30:00,68,91,2.2857142857142856,0.0,0.0,0.09133333333333331,optimal
2021-02-13 14:00:00,68,91,2.2857142857142856,0.0,0.0,0.15316666666666665,optimal
2021-02-13 14:30:00,68,91,2.2857142857142856,0.0,0.0,0.16256666666666666,optimal
2021-02-13 15:00:00,68,91,2.2857142857142856,0.0,0.0,0.1145,optimal
2021-02-13 15:30:00,68,91,2.2857142857142856,0.0,0.0,0.2389,optimal
2021-02-13 16:00:00,68,91,0.0,0.0,0.0,0.06,optimal
2021-02-13 16:30:00,68,91,0.0,0.0,0.0,0.105,optimal
2021-02-13 17:00:00,68,91,0.0,0.0,0.0,0.21359999999999998,optimal
2021-02-13 17:30:00,68,91,0.0,0.0,0.0,0.08413333333333334,optimal
2021-02-13 18:00:00,68,91,0.0,0.0,0.0,0.06,optimal
2021-02-13 18:30:00,68,91,0.0,0.0,0.0,0.09853333333333332,optimal
2021-02-13 19:00:00,68,91,0.0,0.0,0.0,0.2542,optimal
2021-02-13 19:30:00,68,91,1.09031140928889,0.0,0.0,0.06,optimal
2021-02-13 20:00:00,68,91,1.35877202253291,0.0,0.0,0.18669999999999998,optimal
2021-02-13 20:30:00,68,91,0.0,0.0,0.0,0.15603333333333333,optimal
2021-02-13 21:00:00,68,91,0.0,0.0,0.0,0.06,optimal
2021-02-13 21:30:00,68,91,0.0,0.0,0.0,0.171,optimal
2021-02-13 22:00:00,68,91,0.05971428571428571,0.0,0.0,0.7022333333333334,optimal
2021-02-13 22:30:00,68,91,0.0,0.0,0.0,0.5580333333333333,optimal
2021-02-13 23:00:00,68,91,0.0,0.0,0.0,0.205,optimal
2021-02-13 23:30:00,68,91,0.0,0.0,0.0,0.2833333333333333,optimal
2021-02-07 00:00:00,69,91,0.0,0.0,0.0,0.057,optimal
2021-02-07 00:30:00,69,91,0.0,0.0,0.0,0.057,optimal
2021-02-07 01:00:00,69,91,0.0,0.0,0.0,0.057,optimal
2021-02-07 01:30:00,69,91,0.0,0.0,0.0,0.057,optimal
2021-02-07 02:00:00,69,91,0.0,0.0,0.0,0.1266,optimal
2021-02-07 02:30:00,69,91,0.0,0.0,0.0,0.057,optimal
2021-02-07 03:00:00,69,91,0.0,0.0,0.0,0.057,optimal
2021-02-07 03:30:00,69,91,0.0,0.0,0.0,0.08020000000000001,optimal
2021-02-07 04:00:00,69,91,2.2857142857142856,0.0,0.0,0.1034,optimal
2021-02-07 04:30:00,69,91,2.2857142857142856,0.0,0.0,0.057,optimal
2021-02-07 05:00:00,69,91,2.2857142857142856,0.0,0.0,0.07633333333333332,optimal
2021-02-07 05:30:00,69,91,2.2857142857142856,0.0,0.0,0.10726666666666668,optimal
2021-02-07 06:00:00,69,91,2.2857142857142856,0.0,0.0,0.05766666666666666,optimal
2021-02-07 06:30:00,69,91,2.2857142857142856,0.0,0.0,0.1366,optimal
2021-02-07 07:00:00,69,91,2.2857142857142856,0.0,1.9104478659086885,0.058333333333333334,optimal
2021-02-07 07:30:00,69,91,0.0,0.0,0.0,0.057,optimal
2021-02-07 08:00:00,69,91,0.0,0.0,0.0,0.055666666666666656,optimal
2021-02-07 08:30:00,69,91,0.0,0.0,0.0,0.1326,optimal
2021-02-07 09:00:00,69,91,0.0,0.0,0.0,0.15206666666666666,optimal
2021-02-07 09:30:00,69,91,0.814940585543242,0.0,0.0,0.24586666666666668,optimal
2021-02-07 10:00:00,69,91,0.8819673943885138,0.0,0.0,0.264,optimal
2021-02-07 10:30:00,69,91,1.04553204304663,0.0,0.0,0.1366,optimal
2021-02-07 11:00:00,69,91,0.9300402087696399,0.0,0.0,0.067,optimal
2021-02-07 11:30:00,69,91,0.9156783040077413,0.0,0.0,0.11726666666666669,optimal
2021-02-07 12:00:00,69,91,0.826895937100826,0.0,0.0,0.08633333333333333,optimal
2021-02-07 12:30:00,69,91,0.8324197466246542,0.0,0.0,0.067,optimal
2021-02-07 13:00:00,69,91,2.2857142857142856,0.0,0.0,0.09793333333333333,optimal
2021-02-07 13:30:00,69,91,2.2857142857142856,0.0,0.0,0.10566666666666669,optimal
2021-02-07 14:00:00,69,91,2.2857142857142856,0.0,0.0,0.10953333333333332,optimal
2021-02-07 14:30:00,69,91,2.2857142857142856,0.0,0.0,0.09406666666666666,optimal
2021-02-07 15:00:00,69,91,2.2857142857142856,0.0,0.0,0.07086666666666666,optimal
2021-02-07 15:30:00,69,91,2.2857142857142856,0.0,0.0,1.7846333333333335,optimal
2021-02-07 16:00:00,69,91,0.0,0.0,0.0,0.304,optimal
2021-02-07 16:30:00,69,91,0.0,0.0,0.0,0.4756,optimal
2021-02-07 17:00:00,69,91,0.0,0.0,0.0,0.3911,optimal
2021-02-07 17:30:00,69,91,0.0,0.0,0.0,1.3260999999999998,optimal
2021-02-07 18:00:00,69,91,0.0,0.0,0.0,2.8566,optimal
2021-02-07 18:30:00,69,91,0.0,0.0,0.0,1.9565333333333332,optimal
2021-02-07 19:00:00,69,91,0.0,0.0,0.0,0.2723333333333333,optimal
2021-02-07 19:30:00,69,91,0.0,0.0,0.0,0.28363333333333335,optimal
2021-02-07 20:00:00,69,91,0.17137072207297532,0.0,0.0,0.1889,optimal
2021-02-07 20:30:00,69,91,0.0,0.0,0.0,0.2258666666666667,optimal
2021-02-07 21:00:00,69,91,0.0,0.0,0.0,0.23963333333333334,optimal
2021-02-07 21:30:00,69,91,0.0,0.0,0.0,0.2216,optimal
2021-02-07 22:00:00,69,91,0.0,0.0,0.0,0.4224666666666666,optimal
2021-02-07 22:30:00,69,91,0.0,0.0,0.0,0.504,optimal
2021-02-07 23:00:00,69,91,0.0,0.0,0.0,0.30739999999999995,optimal
2021-02-07 23:30:00,69,91,0.0,0.0,0.0,0.1018,optimal
2021-02-08 00:00:00,69,91,0.0,0.0,0.0,0.1991,optimal
2021-02-08 00:30:00,69,91,0.0,0.0,0.0,0.065,optimal
2021-02-08 01:00:00,69,91,0.0,0.0,0.0,0.143,optimal
2021-02-08 01:30:00,69,91,0.0,0.0,0.0,0.14473333333333332,optimal
2021-02-08 02:00:00,69,91,0.0,0.0,0.0,0.14286666666666667,optimal
2021-02-08 02:30:00,69,91,1.5956612694901395,0.0,0.0,0.1118,optimal
2021-02-08 03:00:00,69,91,2.2857142857142856,0.0,0.0,0.14673333333333333,optimal
2021-02-08 03:30:00,69,91,2.2857142857142856,0.0,0.0,0.16166666666666665,optimal
2021-02-08 04:00:00,69,91,2.2857142857142856,0.0,0.0,0.065,optimal
2021-02-08 04:30:00,69,91,2.2857142857142856,0.0,0.0,0.169,optimal
2021-02-08 05:00:00,69,91,2.2857142857142856,0.0,0.0,0.065,optimal
2021-02-08 05:30:00,69,91,2.2857142857142856,0.0,0.0,0.065,optimal
2021-02-08 06:00:00,69,91,2.2857142857142856,0.0,0.0,0.13353333333333334,optimal
2021-02-08 06:30:00,69,91,2.2857142857142856,0.0,0.0,0.17486666666666667,optimal
2021-02-08 07:00:00,69,91,2.2857142857142856,0.0,8.939422957826277,1.1706666666666667,optimal
2021-02-08 07:30:00,69,91,2.2857142857142856,0.0,0.0,1.3311,optimal
2021-02-08 08:00:00,69,91,1.1898424339161169,0.0,0.0,0.2152,optimal
2021-02-08 08:30:00,69,91,1.1267404159075665,0.0,0.0,0.40576666666666666,optimal
2021-02-08 09:00:00,69,91,1.0049805948347315,0.0,0.0,0.376,optimal
2021-02-08 09:30:00,69,91,1.0120764789904144,0.0,0.0,0.3666333333333333,optimal
2021-02-08 10:00:00,69,91,0.7175337962092794,0.0,0.0,0.4446,optimal
2021-02-08 10:30:00,69,91,0.6616760072916884,0.0,0.0,0.3747,optimal
2021-02-08 11:00:00,69,91,0.4418552761030878,0.0,0.0,0.2496,optimal
2021-02-08 11:30:00,69,91,0.3224277703021267,0.0,0.0,0.9007666666666667,optimal
2021-02-08 12:00:00,69,91,0.028649976819086664,0.0,0.0,2.6964,optimal
2021-02-08 12:30:00,69,91,0.26089972712190407,0.0,0.0,1.0799666666666667,optimal
2021-02-08 13:00:00,69,91,1.0410640411444962,0.0,0.0,2.0450333333333335,optimal
2021-02-08 13:30:00,69,91,2.2857142857142856,0.0,0.0,0.075,optimal
2021-02-08 14:00:00,69,91,2.2857142857142856,0.0,0.0,0.19966666666666663,optimal
2021-02-08 14:30:00,69,91,2.2857142857142856,0.0,0.0,0.1287333333333333,optimal
2021-02-08 15:00:00,69,91,2.2857142857142856,0.0,0.0,0.8807333333333334,optimal
2021-02-08 15:30:00,69,91,2.2857142857142856,0.0,0.0,0.8739333333333332,optimal
2021-02-08 16:00:00,69,91,0.0,0.0,0.0,0.32980000000000004,optimal
2021-02-08 16:30:00,69,91,0.0,0.0,0.0,0.29419999999999996,optimal
2021-02-08 17:00:00,69,91,0.0,0.0,0.0,0.2442,optimal
2021-02-08 17:30:00,69,91,0.0,0.0,0.0,0.4653,optimal
2021-02-08 18:00:00,69,91,0.0,0.0,0.0,1.3070666666666666,optimal
2021-02-08 18:30:00,69,91,0.0,0.0,0.0,0.6493,optimal
2021-02-08 19:00:00,69,91,0.0,0.0,0.0,0.46086666666666665,optimal
2021-02-08 19:30:00,69,91,0.0,0.0,0.0,0.5598,optimal
2021-02-08 20:00:00,69,91,0.0,0.0,0.0,1.3399333333333334,optimal
2021-02-08 20:30:00,69,91,0.0,0.0,0.0,0.2501,optimal
2021-02-08 21:00:00,69,91,0.0,0.0,0.0,0.6818333333333334,optimal
2021-02-08 21:30:00,69,91,0.0,0.0,0.0,0.3782,optimal
2021-02-08 22:00:00,69,91,0.05971428571428571,0.0,0.0,0.6127,optimal
2021-02-08 22:30:00,69,91,0.0,0.0,0.0,0.32973333333333327,optimal
2021-02-08 23:00:00,69,91,0.0,0.0,0.0,0.4457,optimal
2021-02-08 23:30:00,69,91,0.0,0.0,0.0,0.15819999999999998,optimal
2021-02-09 00:00:00,69,91,0.0,0.0,0.0,0.053,optimal
2021-02-09 00:30:00,69,91,0.19904761904761903,0.0,0.0,0.053,optimal
2021-02-09 01:00:00,69,91,0.0,0.0,0.0,0.053,optimal
2021-02-09 01:30:00,69,91,0.0,0.0,0.0,0.053,optimal
2021-02-09 02:00:00,69,91,0.5095247685228486,0.0,0.0,0.053,optimal
2021-02-09 02:30:00,69,91,2.2857142857142856,0.0,0.0,0.053,optimal
2021-02-09 03:00:00,69,91,2.2857142857142856,0.0,0.0,0.053,optimal
2021-02-09 03:30:00,69,91,2.2857142857142856,0.0,0.0,0.053,optimal
2021-02-09 04:00:00,69,91,2.2857142857142856,0.0,0.0,0.053,optimal
2021-02-09 04:30:00,69,91,2.2857142857142856,0.0,0.0,0.053,optimal
2021-02-09 05:00:00,69,91,2.2857142857142856,0.0,0.0,0.053,optimal
2021-02-09 05:30:00,69,91,2.2857142857142856,0.0,0.0,0.06,optimal
2021-02-09 06:00:00,69,91,2.2857142857142856,0.0,0.0,0.056,optimal
2021-02-09 06:30:00,69,91,2.2857142857142856,0.0,0.0,0.053,optimal
2021-02-09 07:00:00,69,91,2.2857142857142856,0.0,8.25902541080078,0.288,optimal
2021-02-09 07:30:00,69,91,2.2857142857142856,0.0,0.0,0.12006666666666667,optimal
2021-02-09 08:00:00,69,91,1.3663337956486852,0.0,0.0,0.053,optimal
2021-02-09 08:30:00,69,91,1.356029679804369,0.0,0.0,0.05633333333333333,optimal
2021-02-09 09:00:00,69,91,1.2006894487731865,0.0,0.0,0.063,optimal
2021-02-09 09:30:00,69,91,1.1800812170845532,0.0,0.0,0.056,optimal
2021-02-09 10:00:00,69,91,0.9112380959414811,0.0,0.0,0.053,optimal
2021-02-09 10:30:00,69,91,0.8940645695342867,0.0,0.0,0.053,optimal
2021-02-09 11:00:00,69,91,0.6453910900403705,0.0,0.0,0.053,optimal
2021-02-09 11:30:00,69,91,0.6419563847589316,0.0,0.0,0.053,optimal
2021-02-09 12:00:00,69,91,0.47675062792291006,0.0,0.0,0.053,optimal
2021-02-09 12:30:00,69,91,0.4801853332043489,0.0,0.0,0.053,optimal
2021-02-09 13:00:00,69,91,1.3005718536277853,0.0,0.0,0.105,optimal
2021-02-09 13:30:00,69,91,1.643571625504312,0.0,0.0,0.216,optimal
2021-02-09 14:00:00,69,91,2.2857142857142856,0.0,0.0,0.1904,optimal
2021-02-09 14:30:00,69,91,2.2857142857142856,0.0,0.0,0.17946666666666666,optimal
2021-02-09 15:00:00,69,91,2.2857142857142856,0.0,0.0,0.2152333333333333,optimal
2021-02-09 15:30:00,69,91,2.2857142857142856,0.0,0.0,0.34626666666666667,optimal
2021-02-09 16:00:00,69,91,0.0,0.0,0.0,0.49873333333333336,optimal
2021-02-09 16:30:00,69,91,0.0,0.0,0.0,0.17506666666666668,optimal
2021-02-09 17:00:00,69,91,0.0,0.0,0.0,0.4755,optimal
2021-02-09 17:30:00,69,91,0.0,0.0,0.0,1.5435333333333332,optimal
2021-02-09 18:00:00,69,91,0.0,0.0,0.0,0.4789666666666666,optimal
2021-02-09 18:30:00,69,91,0.0,0.0,0.0,0.186,optimal
2021-02-09 19:00:00,69,91,0.0,0.0,0.0,1.0089,optimal
2021-02-09 19:30:00,69,91,0.0,0.0,0.0,0.776,optimal
2021-02-09 20:00:00,69,91,0.0,0.0,0.0,0.2382,optimal
2021-02-09 20:30:00,69,91,0.0,0.0,0.0,0.15603333333333333,optimal
2021-02-09 21:00:00,69,91,0.0,0.0,0.0,1.5558666666666665,optimal
2021-02-09 21:30:00,69,91,0.0,0.0,0.0,0.18756666666666663,optimal
2021-02-09 22:00:00,69,91,0.21895238095238095,0.0,0.0,0.2,optimal
2021-02-09 22:30:00,69,91,0.0,0.0,0.0,0.4782,optimal
2021-02-09 23:00:00,69,91,0.0,0.0,0.0,0.3426666666666667,optimal
2021-02-09 23:30:00,69,91,0.0,0.0,0.0,0.11333333333333331,optimal
2021-02-10 00:00:00,69,91,0.0,0.0,0.0,0.07373333333333333,optimal
2021-02-10 00:30:00,69,91,0.6568571428571429,0.0,0.0,0.1428,optimal
2021-02-10 01:00:00,69,91,0.0,0.0,0.0,0.054,optimal
2021-02-10 01:30:00,69,91,0.0,0.0,0.0,0.0984,optimal
2021-02-10 02:00:00,69,91,1.5292049391449745,0.0,0.0,0.11813333333333334,optimal
2021-02-10 02:30:00,69,91,2.2857142857142856,0.0,0.0,0.054,optimal
2021-02-10 03:00:00,69,91,2.2857142857142856,0.0,0.0,0.054,optimal
2021-02-10 03:30:00,69,91,2.2857142857142856,0.0,0.0,0.10333333333333332,optimal
2021-02-10 04:00:00,69,91,2.2857142857142856,0.0,0.0,0.11320000000000001,optimal
2021-02-10 04:30:00,69,91,2.2857142857142856,0.0,0.0,0.0688,optimal
2021-02-10 05:00:00,69,91,2.2857142857142856,0.0,0.0,0.1554,optimal
2021-02-10 05:30:00,69,91,2.2857142857142856,0.0,0.0,0.062,optimal
2021-02-10 06:00:00,69,91,2.2857142857142856,0.0,0.0,0.054,optimal
2021-02-10 06:30:00,69,91,2.2857142857142856,0.0,1.7994004622792361,0.14773333333333333,optimal
2021-02-10 07:00:00,69,91,2.2857142857142856,0.0,10.0,0.07413333333333334,optimal
2021-02-10 07:30:00,69,91,2.2857142857142856,0.0,0.0,0.11553333333333332,optimal
2021-02-10 08:00:00,69,91,1.211344186600814,0.0,0.0,1.9200666666666664,optimal
2021-02-10 08:30:00,69,91,1.265734889284591,0.0,0.0,0.5052,optimal
2021-02-10 09:00:00,69,91,1.1397735880328348,0.0,0.0,0.13040000000000002,optimal
2021-02-10 09:30:00,69,91,1.1760442907165995,0.0,0.0,0.0998,optimal
2021-02-10 10:00:00,69,91,0.911400990306158,0.0,0.0,0.059,optimal
2021-02-10 10:30:00,69,91,0.8333730649380329,0.0,0.0,0.14003333333333334,optimal
2021-02-10 11:00:00,69,91,0.4831642813006157,0.0,0.0,2.6035666666666666,optimal
2021-02-10 11:30:00,69,91,0.6168186802615495,0.0,0.0,0.204,optimal
2021-02-10 12:00:00,69,91,0.2695268272173346,0.0,0.0,0.4281333333333333,optimal
2021-02-10 12:30:00,69,91,0.1880125415030408,0.0,0.0,0.6752333333333334,optimal
2021-02-10 13:00:00,69,91,2.2857142857142856,0.0,0.0,0.2805666666666667,optimal
2021-02-10 13:30:00,69,91,2.2857142857142856,0.0,0.0,1.4821,optimal
2021-02-10 14:00:00,69,91,2.2857142857142856,0.0,0.0,1.1589333333333334,optimal
2021-02-10 14:30:00,69,91,2.2857142857142856,0.0,0.0,0.3959333333333333,optimal
2021-02-10 15:00:00,69,91,2.2857142857142856,0.0,0.0,3.358333333333333,optimal
2021-02-10 15:30:00,69,91,2.2857142857142856,0.0,0.0,1.0021333333333333,optimal
2021-02-10 16:00:00,69,91,0.0,0.0,0.0,0.16456666666666667,optimal
2021-02-10 16:30:00,69,91,0.0,0.0,0.0,0.29653333333333337,optimal
2021-02-10 17:00:00,69,91,0.0,0.0,0.0,0.064,optimal
2021-02-10 17:30:00,69,91,0.0,0.0,0.0,0.064,optimal
2021-02-10 18:00:00,69,91,0.0,0.0,0.0,0.15280000000000002,optimal
2021-02-10 18:30:00,69,91,0.0,0.0,0.0,0.08373333333333334,optimal
2021-02-10 19:00:00,69,91,0.0,0.0,0.0,2.328533333333333,optimal
2021-02-10 19:30:00,69,91,0.0,0.0,0.0,2.505533333333333,optimal
2021-02-10 20:00:00,69,91,0.0793751569786283,0.0,0.0,0.32889999999999997,optimal
2021-02-10 20:30:00,69,91,0.0,0.0,0.0,0.33073333333333327,optimal
2021-02-10 21:00:00,69,91,0.0,0.0,0.0,0.4188,optimal
2021-02-10 21:30:00,69,91,0.0,0.0,0.0,0.31406666666666666,optimal
2021-02-10 22:00:00,69,91,0.0,0.0,0.0,0.21866666666666662,optimal
2021-02-10 22:30:00,69,91,0.17914285714285713,0.0,0.0,0.2891,optimal
2021-02-10 23:00:00,69,91,0.0,0.0,0.0,0.42686666666666667,optimal
2021-02-10 23:30:00,69,91,0.0,0.0,0.0,2.0070666666666663,optimal
2021-02-11 00:00:00,69,91,0.0,0.0,0.0,0.06,optimal
2021-02-11 00:30:00,69,91,2.169619047619048,0.0,0.0,0.0761,optimal
2021-02-11 01:00:00,69,91,1.6568338876757882,0.0,0.0,0.15123333333333333,optimal
2021-02-11 01:30:00,69,91,2.2857142857142856,0.0,0.0,0.06,optimal
2021-02-11 02:00:00,69,91,2.2857142857142856,0.0,0.0,0.06,optimal
2021-02-11 02:30:00,69,91,2.2857142857142856,0.0,0.0,0.14586666666666667,optimal
2021-02-11 03:00:00,69,91,2.2857142857142856,0.0,0.0,0.08146666666666667,optimal
2021-02-11 03:30:00,69,91,2.2857142857142856,0.0,0.0,0.06536666666666666,optimal
2021-02-11 04:00:00,69,91,2.2857142857142856,0.0,0.0,0.16196666666666668,optimal
2021-02-11 04:30:00,69,91,2.2857142857142856,0.0,0.0,0.06,optimal
2021-02-11 05:00:00,69,91,2.2857142857142856,0.0,0.0,0.06066666666666666,optimal
2021-02-11 05:30:00,69,91,2.2857142857142856,0.0,0.0,0.1612333333333333,optimal
2021-02-11 06:00:00,69,91,2.2857142857142856,0.0,0.0,0.0861,optimal
2021-02-11 06:30:00,69,91,2.2857142857142856,0.0,0.0,0.09116666666666669,optimal
2021-02-11 07:00:00,69,91,2.2857142857142856,0.0,9.927766095549762,0.1505,optimal
2021-02-11 07:30:00,69,91,2.2857142857142856,0.0,0.0,0.073,optimal
2021-02-11 08:00:00,69,91,1.422411813225684,0.0,0.0,0.17123333333333332,optimal
2021-02-11 08:30:00,69,91,1.4665349766890317,0.0,0.0,0.09276666666666668,optimal
2021-02-11 09:00:00,69,91,1.3362323030938743,0.0,0.0,0.14513333333333334,optimal
2021-02-11 09:30:00,69,91,1.2351536954730546,0.0,0.0,0.1022,optimal
2021-02-11 10:00:00,69,91,0.8242012544441264,0.0,0.0,0.07,optimal
2021-02-11 10:30:00,69,91,0.865417717821393,0.0,0.0,0.07,optimal
2021-02-11 11:00:00,69,91,0.6501776038667805,0.0,0.0,0.1183,optimal
2021-02-11 11:30:00,69,91,0.5955903579785371,0.0,0.0,0.12903333333333333,optimal
2021-02-11 12:00:00,69,91,0.37406298931746085,0.0,0.0,0.07,optimal
2021-02-11 12:30:00,69,91,0.32787848732541386,0.0,0.0,0.07536666666666667,optimal
2021-02-11 13:00:00,69,91,2.2857142857142856,0.0,0.0,0.17196666666666666,optimal
2021-02-11 13:30:00,69,91,2.2857142857142856,0.0,0.0,0.07,optimal
2021-02-11 14:00:00,69,91,2.2857142857142856,0.0,0.0,0.13440000000000002,optimal
2021-02-11 14:30:00,69,91,2.2857142857142856,0.0,0.0,0.11293333333333334,optimal
2021-02-11 15:00:00,69,91,2.2857142857142856,0.0,0.0,0.10756666666666666,optimal
2021-02-11 15:30:00,69,91,2.2857142857142856,0.0,0.0,0.13976666666666668,optimal
2021-02-11 16:00:00,69,91,0.0,0.0,0.0,0.10756666666666666,optimal
2021-02-11 16:30:00,69,91,0.0,0.0,0.0,0.13976666666666668,optimal
2021-02-11 17:00:00,69,91,0.0,0.0,0.0,0.07,optimal
2021-02-11 17:30:00,69,91,0.0,0.0,0.0,0.14513333333333334,optimal
2021-02-11 18:00:00,69,91,0.0,0.0,0.0,0.3323666666666667,optimal
2021-02-11 18:30:00,69,91,0.0,0.0,0.0,0.0868,optimal
2021-02-11 19:00:00,69,91,0.0,0.0,0.0,0.439,optimal
2021-02-11 19:30:00,69,91,1.0401539583047672,0.0,0.0,0.4391333333333333,optimal
2021-02-11 20:00:00,69,91,1.642704048859948,0.0,0.0,0.47043333333333326,optimal
2021-02-11 20:30:00,69,91,0.0,0.0,0.0,1.2127000000000001,optimal
2021-02-11 21:00:00,69,91,0.0,0.0,0.0,0.9306,optimal
2021-02-11 21:30:00,69,91,0.0,0.0,0.0,0.5345333333333333,optimal
2021-02-11 22:00:00,69,91,0.0,0.0,0.0,0.07536666666666667,optimal
2021-02-11 22:30:00,69,91,0.0,0.0,0.0,0.07,optimal
2021-02-11 23:00:00,69,91,0.0,0.0,0.0,0.14513333333333334,optimal
2021-02-11 23:30:00,69,91,0.0,0.0,0.0,0.09986666666666666,optimal
2021-02-12 00:00:00,69,91,2.1979800981034985,0.0,0.0,0.062,optimal
2021-02-12 00:30:00,69,91,2.2857142857142856,0.0,0.0,0.062,optimal
2021-02-12 01:00:00,69,91,2.2857142857142856,0.0,0.0,0.11293333333333334,optimal
2021-02-12 01:30:00,69,91,2.2857142857142856,0.0,0.0,0.15719999999999998,optimal
2021-02-12 02:00:00,69,91,2.2857142857142856,0.0,0.0,0.062,optimal
2021-02-12 02:30:00,69,91,2.2857142857142856,0.0,0.0,0.13196666666666668,optimal
2021-02-12 03:00:00,69,91,2.2857142857142856,0.0,0.0,0.13816666666666666,optimal
2021-02-12 03:30:00,69,91,2.2857142857142856,0.0,0.0,0.062,optimal
2021-02-12 04:00:00,69,91,2.2857142857142856,0.0,0.0,0.15113333333333331,optimal
2021-02-12 04:30:00,69,91,2.2857142857142856,0.0,0.0,0.11583333333333332,optimal
2021-02-12 05:00:00,69,91,2.2857142857142856,0.0,0.0,0.12883333333333336,optimal
2021-02-12 05:30:00,69,91,2.2857142857142856,0.0,0.0,0.12863333333333332,optimal
2021-02-12 06:00:00,69,91,2.2857142857142856,0.0,0.0,0.0795,optimal
2021-02-12 06:30:00,69,91,2.2857142857142856,0.0,3.473580129918871,0.14936666666666668,optimal
2021-02-12 07:00:00,69,91,2.2857142857142856,0.0,10.0,0.3688666666666667,optimal
2021-02-12 07:30:00,69,91,2.2857142857142856,0.0,0.0,0.081,optimal
2021-02-12 08:00:00,69,91,1.8359590256944924,0.0,0.0,0.13986666666666667,optimal
2021-02-12 08:30:00,69,91,1.4755168944392938,0.0,0.0,0.2994,optimal
2021-02-12 09:00:00,69,91,1.3001780161661372,0.0,0.0,0.2550666666666666,optimal
2021-02-12 09:30:00,69,91,1.1594509837828204,0.0,0.0,0.2472666666666667,optimal
2021-02-12 10:00:00,69,91,0.7111443188626277,0.0,0.0,0.33113333333333334,optimal
2021-02-12 10:30:00,69,91,0.7072476289920807,0.0,0.0,0.2622,optimal
2021-02-12 11:00:00,69,91,0.3091958988033121,0.0,0.0,1.4529666666666667,optimal
2021-02-12 11:30:00,69,91,0.22164690780759227,0.0,0.0,2.847833333333333,optimal
2021-02-12 12:00:00,69,91,0.2305915895173973,0.0,0.0,1.6728,optimal
2021-02-12 12:30:00,69,91,0.31513593185499683,0.0,0.0,0.3577666666666667,optimal
2021-02-12 13:00:00,69,91,1.9864959207468091,0.0,0.0,0.072,optimal
2021-02-12 13:30:00,69,91,2.2857142857142856,0.0,0.0,0.129,optimal
2021-02-12 14:00:00,69,91,2.2857142857142856,0.0,0.0,0.2315,optimal
2021-02-12 14:30:00,69,91,2.2857142857142856,0.0,0.0,0.09636666666666666,optimal
2021-02-12 15:00:00,69,91,2.2857142857142856,0.0,0.0,1.7503333333333333,optimal
2021-02-12 15:30:00,69,91,2.2857142857142856,0.0,0.0,2.8224666666666667,optimal
2021-02-12 16:00:00,69,91,0.0,0.0,0.0,0.9656,optimal
2021-02-12 16:30:00,69,91,0.0,0.0,0.0,0.35403333333333337,optimal
2021-02-12 17:00:00,69,91,0.0,0.0,0.0,0.34486666666666665,optimal
2021-02-12 17:30:00,69,91,0.0,0.0,0.0,0.2137,optimal
2021-02-12 18:00:00,69,91,0.0,0.0,0.0,0.28486666666666666,optimal
2021-02-12 18:30:00,69,91,0.0,0.0,0.0,1.0136333333333332,optimal
2021-02-12 19:00:00,69,91,0.0,0.0,0.0,1.0274,optimal
2021-02-12 19:30:00,69,91,0.0,0.0,0.0,0.5908666666666667,optimal
2021-02-12 20:00:00,69,91,0.0,0.0,0.0,0.42469999999999997,optimal
2021-02-12 20:30:00,69,91,0.0,0.0,0.0,0.6337333333333334,optimal
2021-02-12 21:00:00,69,91,0.0,0.0,0.0,0.5809,optimal
2021-02-12 21:30:00,69,91,0.0,0.0,0.0,0.6595333333333333,optimal
2021-02-12 22:00:00,69,91,0.0796190476190476,0.0,0.0,0.28756666666666664,optimal
2021-02-12 22:30:00,69,91,0.0,0.0,0.0,0.18266666666666662,optimal
2021-02-12 23:00:00,69,91,0.0,0.0,0.0,0.16113333333333332,optimal
2021-02-12 23:30:00,69,91,0.0,0.0,0.0,0.179,optimal
2021-02-13 00:00:00,69,91,0.0,0.0,0.0,0.06,optimal
2021-02-13 00:30:00,69,91,1.9904761904761905,0.0,0.0,0.06,optimal
2021-02-13 01:00:00,69,91,0.0,0.0,0.0,0.2008,optimal
2021-02-13 01:30:00,69,91,0.0,0.0,0.0,0.06,optimal
2021-02-13 02:00:00,69,91,1.8480636400449286,0.0,0.0,0.06,optimal
2021-02-13 02:30:00,69,91,2.2857142857142856,0.0,0.0,0.0856,optimal
2021-02-13 03:00:00,69,91,2.2857142857142856,0.0,0.0,0.1752,optimal
2021-02-13 03:30:00,69,91,2.2857142857142856,0.0,0.0,0.06,optimal
2021-02-13 04:00:00,69,91,2.2857142857142856,0.0,0.0,0.2008,optimal
2021-02-13 04:30:00,69,91,2.2857142857142856,0.0,0.0,0.06,optimal
2021-02-13 05:00:00,69,91,2.2857142857142856,0.0,0.0,0.07479999999999999,optimal
2021-02-13 05:30:00,69,91,2.2857142857142856,0.0,0.0,0.196,optimal
2021-02-13 06:00:00,69,91,2.2857142857142856,0.0,7.020213025384842,0.10586666666666666,optimal
2021-02-13 06:30:00,69,91,2.2857142857142856,0.0,10.0,0.14959999999999998,optimal
2021-02-13 07:00:00,69,91,2.2857142857142856,0.0,10.0,0.3201333333333333,optimal
2021-02-13 07:30:00,69,91,2.2857142857142856,0.0,0.0,0.35733333333333334,optimal
2021-02-13 08:00:00,69,91,1.333280904479674,0.0,0.0,0.10016666666666668,optimal
2021-02-13 08:30:00,69,91,1.252046199198241,0.0,0.0,0.4058,optimal
2021-02-13 09:00:00,69,91,1.117330399940702,0.0,0.0,0.26280000000000003,optimal
2021-02-13 09:30:00,69,91,1.2252425878192323,0.0,0.0,0.06933333333333333,optimal
2021-02-13 10:00:00,69,91,0.9661143228213459,0.0,0.0,0.1404,optimal
2021-02-13 10:30:00,69,91,0.962679617539907,0.0,0.0,0.1404,optimal
2021-02-13 11:00:00,69,91,0.6781303433538994,0.0,0.0,0.07,optimal
2021-02-13 11:30:00,69,91,0.6344670666438766,0.0,0.0,0.21080000000000002,optimal
2021-02-13 12:00:00,69,91,0.5485380660944377,0.0,0.0,0.07,optimal
2021-02-13 12:30:00,69,91,0.54166865553156,0.0,0.0,0.07,optimal
2021-02-13 13:00:00,69,91,2.2857142857142856,0.0,0.0,0.0828,optimal
2021-02-13 13:30:00,69,91,2.2857142857142856,0.0,0.0,0.198,optimal
2021-02-13 14:00:00,69,91,2.2857142857142856,0.0,0.0,0.07,optimal
2021-02-13 14:30:00,69,91,2.2857142857142856,0.0,0.0,0.07,optimal
2021-02-13 15:00:00,69,91,2.2857142857142856,0.0,0.0,0.07,optimal
2021-02-13 15:30:00,69,91,2.2857142857142856,0.0,0.0,0.17880000000000001,optimal
2021-02-13 16:00:00,69,91,0.0,0.0,0.0,0.102,optimal
2021-02-13 16:30:00,69,91,0.0,0.0,0.0,0.07,optimal
2021-02-13 17:00:00,69,91,0.0,0.0,0.0,0.21080000000000002,optimal
2021-02-13 17:30:00,69,91,0.0,0.0,0.0,0.0792,optimal
2021-02-13 18:00:00,69,91,0.0,0.0,0.0,0.139,optimal
2021-02-13 18:30:00,69,91,0.0,0.0,0.0,0.2542,optimal
2021-02-13 19:00:00,69,91,0.0,0.0,0.0,0.2114333333333333,optimal
2021-02-13 19:30:00,69,91,0.8745584374256735,0.0,0.0,0.3068,optimal
2021-02-13 20:00:00,69,91,1.2100101177710005,0.0,0.0,0.3452,optimal
2021-02-13 20:30:00,69,91,0.0,0.0,0.0,0.24716666666666662,optimal
2021-02-13 21:00:00,69,91,0.0,0.0,0.0,0.25843333333333335,optimal
2021-02-13 21:30:00,69,91,0.0,0.0,0.0,0.4039,optimal
2021-02-13 22:00:00,69,91,0.0398095238095238,0.0,0.0,0.3502,optimal
2021-02-13 22:30:00,69,91,0.0,0.0,0.0,0.465,optimal
2021-02-13 23:00:00,69,91,0.0,0.0,0.0,0.3402,optimal
2021-02-13 23:30:00,69,91,0.0,0.0,0.0,0.15319999999999998,optimal
2021-02-07 00:00:00,70,91,0.0,0.0,0.0,0.059,optimal
2021-02-07 00:30:00,70,91,0.0,0.0,0.0,0.18166666666666662,optimal
2021-02-07 01:00:00,70,91,0.0,0.0,0.0,0.07126666666666667,optimal
2021-02-07 01:30:00,70,91,0.0,0.0,0.0,0.059,optimal
2021-02-07 02:00:00,70,91,0.0,0.0,0.0,0.18780000000000002,optimal
2021-02-07 02:30:00,70,91,0.0,0.0,0.0,0.06513333333333333,optimal
2021-02-07 03:00:00,70,91,0.0,0.0,0.0,0.059,optimal
2021-02-07 03:30:00,70,91,0.0,0.0,0.0,0.19393333333333332,optimal
2021-02-07 04:00:00,70,91,2.4285714285714284,0.0,0.0,0.059,optimal
2021-02-07 04:30:00,70,91,2.4285714285714284,0.0,0.0,0.12033333333333332,optimal
2021-02-07 05:00:00,70,91,2.4285714285714284,0.0,0.0,0.1326,optimal
2021-02-07 05:30:00,70,91,2.4285714285714284,0.0,0.0,0.059,optimal
2021-02-07 06:00:00,70,91,2.4285714285714284,0.0,0.0,0.06713333333333334,optimal
2021-02-07 06:30:00,70,91,2.4285714285714284,0.0,0.0,0.1978,optimal
2021-02-07 07:00:00,70,91,2.4285714285714284,0.0,1.7076336144509696,0.05966666666666666,optimal
2021-02-07 07:30:00,70,91,0.0,0.0,0.0,0.31810000000000005,optimal
2021-02-07 08:00:00,70,91,0.0,0.0,0.0,1.4895,optimal
2021-02-07 08:30:00,70,91,0.0,0.0,0.0,1.251766666666667,optimal
2021-02-07 09:00:00,70,91,0.0,0.0,0.0,0.3839333333333333,optimal
2021-02-07 09:30:00,70,91,0.0,0.0,0.0,0.063,optimal
2021-02-07 10:00:00,70,91,0.4620071319796206,0.0,0.0,0.069,optimal
2021-02-07 10:30:00,70,91,1.045798709713297,0.0,0.0,0.12646666666666667,optimal
2021-02-07 11:00:00,70,91,0.9104211611506029,0.0,0.0,0.12646666666666667,optimal
2021-02-07 11:30:00,70,91,0.9296973516267918,0.0,0.0,0.060333333333333336,optimal
2021-02-07 12:00:00,70,91,0.8320768894817835,0.0,0.0,0.069,optimal
2021-02-07 12:30:00,70,91,0.8320768894817835,0.0,0.0,0.061666666666666654,optimal
2021-02-07 13:00:00,70,91,1.1183212553009692,0.0,0.0,0.19393333333333332,optimal
2021-02-07 13:30:00,70,91,2.4285714285714284,0.0,0.0,0.059,optimal
2021-02-07 14:00:00,70,91,2.4285714285714284,0.0,0.0,0.06633333333333333,optimal
2021-02-07 14:30:00,70,91,2.4285714285714284,0.0,0.0,0.19593333333333332,optimal
2021-02-07 15:00:00,70,91,2.4285714285714284,0.0,0.0,0.1895,optimal
2021-02-07 15:30:00,70,91,2.4285714285714284,0.0,0.0,0.071,optimal
2021-02-07 16:00:00,70,91,0.0,0.0,0.0,0.1356,optimal
2021-02-07 16:30:00,70,91,0.0,0.0,0.0,0.48033333333333333,optimal
2021-02-07 17:00:00,70,91,0.0,0.0,0.0,0.5035666666666667,optimal
2021-02-07 17:30:00,70,91,0.0,0.0,0.0,0.8757666666666667,optimal
2021-02-07 18:00:00,70,91,0.0,0.0,0.0,1.3709666666666667,optimal
2021-02-07 18:30:00,70,91,0.0,0.0,0.0,0.4599333333333333,optimal
2021-02-07 19:00:00,70,91,0.0,0.0,0.0,0.31260000000000004,optimal
2021-02-07 19:30:00,70,91,0.0,0.0,0.0,0.364,optimal
2021-02-07 20:00:00,70,91,0.0,0.0,0.0,0.5666,optimal
2021-02-07 20:30:00,70,91,0.0,0.0,0.0,0.44046666666666656,optimal
2021-02-07 21:00:00,70,91,0.0,0.0,0.0,0.4720666666666667,optimal
2021-02-07 21:30:00,70,91,0.0,0.0,0.0,0.35503333333333337,optimal
2021-02-07 22:00:00,70,91,0.0,0.0,0.0,1.2666,optimal
2021-02-07 22:30:00,70,91,0.0,0.0,0.0,0.44053333333333333,optimal
2021-02-07 23:00:00,70,91,0.0,0.0,0.0,0.2014,optimal
2021-02-07 23:30:00,70,91,0.0,0.0,0.0,0.10579999999999999,optimal
2021-02-08 00:00:00,70,91,0.0,0.0,0.0,0.04,optimal
2021-02-08 00:30:00,70,91,0.0,0.0,0.0,0.0836,optimal
2021-02-08 01:00:00,70,91,0.0,0.0,0.0,0.09813333333333334,optimal
2021-02-08 01:30:00,70,91,0.0,0.0,0.0,0.18866666666666662,optimal
2021-02-08 02:00:00,70,91,0.0,0.0,0.0,0.14,optimal
2021-02-08 02:30:00,70,91,0.0,0.0,0.0,0.16213333333333332,optimal
2021-02-08 03:00:00,70,91,2.0621966262872324,0.0,0.0,0.2016,optimal
2021-02-08 03:30:00,70,91,2.4285714285714284,0.0,0.0,0.2084,optimal
2021-02-08 04:00:00,70,91,2.4285714285714284,0.0,0.0,0.04,optimal
2021-02-08 04:30:00,70,91,2.4285714285714284,0.0,0.0,0.3177333333333333,optimal
2021-02-08 05:00:00,70,91,2.4285714285714284,0.0,0.0,0.11266666666666668,optimal
2021-02-08 05:30:00,70,91,2.4285714285714284,0.0,0.0,0.04,optimal
2021-02-08 06:00:00,70,91,2.4285714285714284,0.0,0.0,0.2583333333333333,optimal
2021-02-08 06:30:00,70,91,2.4285714285714284,0.0,0.0,0.17206666666666667,optimal
2021-02-08 07:00:00,70,91,2.4285714285714284,0.0,6.757202651895861,0.14166666666666666,optimal
2021-02-08 07:30:00,70,91,2.4285714285714284,0.0,0.0,0.2477333333333333,optimal
2021-02-08 08:00:00,70,91,1.1776186243923037,0.0,0.0,1.4968333333333332,optimal
2021-02-08 08:30:00,70,91,1.314892796859957,0.0,0.0,0.05,optimal
2021-02-08 09:00:00,70,91,1.1299234519775916,0.0,0.0,0.23333333333333328,optimal
2021-02-08 09:30:00,70,91,1.1585526694666028,0.0,0.0,0.09706666666666666,optimal
2021-02-08 10:00:00,70,91,0.8987623676378451,0.0,0.0,0.19906666666666664,optimal
2021-02-08 10:30:00,70,91,0.867937912053585,0.0,0.0,0.8811666666666667,optimal
2021-02-08 11:00:00,70,91,0.660664799912606,0.0,0.0,0.19666666666666663,optimal
2021-02-08 11:30:00,70,91,0.6476906274449672,0.0,0.0,0.21803333333333333,optimal
2021-02-08 12:00:00,70,91,0.5710785482476747,0.0,0.0,0.17903333333333332,optimal
2021-02-08 12:30:00,70,91,0.40887306045523597,0.0,0.0,2.071766666666667,optimal
2021-02-08 13:00:00,70,91,2.3230335908622717,0.0,0.0,2.1648666666666667,optimal
2021-02-08 13:30:00,70,91,2.4285714285714284,0.0,0.0,0.19526666666666667,optimal
2021-02-08 14:00:00,70,91,2.4285714285714284,0.0,0.0,1.7722,optimal
2021-02-08 14:30:00,70,91,2.4285714285714284,0.0,0.0,1.3074666666666668,optimal
2021-02-08 15:00:00,70,91,2.4285714285714284,0.0,0.0,0.05,optimal
2021-02-08 15:30:00,70,91,2.4285714285714284,0.0,0.0,0.15173333333333333,optimal
2021-02-08 16:00:00,70,91,0.0,0.0,0.0,0.14493333333333333,optimal
2021-02-08 16:30:00,70,91,0.0,0.0,0.0,0.2037333333333333,optimal
2021-02-08 17:00:00,70,91,0.0,0.0,0.0,0.23333333333333328,optimal
2021-02-08 17:30:00,70,91,0.0,0.0,0.0,0.07706666666666666,optimal
2021-02-08 18:00:00,70,91,0.0,0.0,0.0,0.19,optimal
2021-02-08 18:30:00,70,91,0.0,0.0,0.0,0.20286666666666667,optimal
2021-02-08 19:00:00,70,91,0.0,0.0,0.0,0.20086666666666667,optimal
2021-02-08 19:30:00,70,91,0.0,0.0,0.0,2.0704000000000002,optimal
2021-02-08 20:00:00,70,91,0.0,0.0,0.0,0.8822666666666666,optimal
2021-02-08 20:30:00,70,91,0.0,0.0,0.0,0.219,optimal
2021-02-08 21:00:00,70,91,0.0,0.0,0.0,1.8473,optimal
2021-02-08 21:30:00,70,91,0.0,0.0,0.0,0.7803333333333333,optimal
2021-02-08 22:00:00,70,91,0.0,0.0,0.0,2.1357,optimal
2021-02-08 22:30:00,70,91,0.0,0.0,0.0,1.5239666666666667,optimal
2021-02-08 23:00:00,70,91,0.0,0.0,0.0,1.198,optimal
2021-02-08 23:30:00,70,91,0.0,0.0,0.0,0.2536333333333333,optimal
2021-02-09 00:00:00,70,91,0.0,0.0,0.0,0.06966666666666667,optimal
2021-02-09 00:30:00,70,91,0.07961904761904792,0.0,0.0,0.060333333333333336,optimal
2021-02-09 01:00:00,70,91,0.0,0.0,0.0,0.13019999999999998,optimal
2021-02-09 01:30:00,70,91,0.0,0.0,0.0,0.06,optimal
2021-02-09 02:00:00,70,91,0.0,0.0,0.0,0.13019999999999998,optimal
2021-02-09 02:30:00,70,91,1.2385116323768668,0.0,0.0,0.06,optimal
2021-02-09 03:00:00,70,91,2.4285714285714284,0.0,0.0,0.13019999999999998,optimal
2021-02-09 03:30:00,70,91,2.4285714285714284,0.0,0.0,0.06,optimal
2021-02-09 04:00:00,70,91,2.4285714285714284,0.0,0.0,0.13986666666666667,optimal
2021-02-09 04:30:00,70,91,2.4285714285714284,0.0,0.0,0.07,optimal
2021-02-09 05:00:00,70,91,2.4285714285714284,0.0,0.0,0.0895,optimal
2021-02-09 05:30:00,70,91,2.4285714285714284,0.0,0.0,0.11103333333333332,optimal
2021-02-09 06:00:00,70,91,2.4285714285714284,0.0,5.231117527705764,0.07746666666666667,optimal
2021-02-09 06:30:00,70,91,2.4285714285714284,0.0,10.0,0.13240000000000002,optimal
2021-02-09 07:00:00,70,91,2.4285714285714284,0.0,10.0,0.06866666666666667,optimal
2021-02-09 07:30:00,70,91,2.4285714285714284,0.0,0.0,0.058,optimal
2021-02-09 08:00:00,70,91,1.1687909385058282,0.0,0.0,0.11359999999999999,optimal
2021-02-09 08:30:00,70,91,1.0898372988519955,0.0,0.0,0.8615,optimal
2021-02-09 09:00:00,70,91,0.9339942106779648,0.0,0.0,0.814,optimal
2021-02-09 09:30:00,70,91,1.0085383599417035,0.0,0.0,0.218,optimal
2021-02-09 10:00:00,70,91,0.8162609530843411,0.0,0.0,0.16490000000000002,optimal
2021-02-09 10:30:00,70,91,0.7835007600104834,0.0,0.0,0.29569999999999996,optimal
2021-02-09 11:00:00,70,91,0.5132482328975214,0.0,0.0,0.3095,optimal
2021-02-09 11:30:00,70,91,0.4549563847589329,0.0,0.0,0.3648333333333333,optimal
2021-02-09 12:00:00,70,91,0.3554649136372083,0.0,0.0,0.0875,optimal
2021-02-09 12:30:00,70,91,0.3237662855852973,0.0,0.0,0.22963333333333333,optimal
2021-02-09 13:00:00,70,91,1.4602547045621612,0.0,0.0,0.2729,optimal
2021-02-09 13:30:00,70,91,2.4285714285714284,0.0,0.0,0.07,optimal
2021-02-09 14:00:00,70,91,2.4285714285714284,0.0,0.0,0.1285,optimal
2021-02-09 14:30:00,70,91,2.4285714285714284,0.0,0.0,0.08170000000000001,optimal
2021-02-09 15:00:00,70,91,2.4285714285714284,0.0,0.0,0.07,optimal
2021-02-09 15:30:00,70,91,2.4285714285714284,0.0,0.0,0.2379333333333333,optimal
2021-02-09 16:00:00,70,91,0.0,0.0,0.0,0.30226666666666663,optimal
2021-02-09 16:30:00,70,91,0.0,0.0,0.0,0.37346666666666656,optimal
2021-02-09 17:00:00,70,91,0.0,0.0,0.0,0.5507000000000001,optimal
2021-02-09 17:30:00,70,91,0.0,0.0,0.0,0.9424666666666668,optimal
2021-02-09 18:00:00,70,91,0.0,0.0,0.0,0.09340000000000001,optimal
2021-02-09 18:30:00,70,91,0.0,0.0,0.0,0.4866333333333333,optimal
2021-02-09 19:00:00,70,91,0.0,0.0,0.0,0.366,optimal
2021-02-09 19:30:00,70,91,0.0,0.0,0.0,0.30446666666666666,optimal
2021-02-09 20:00:00,70,91,0.0,0.0,0.0,0.4006,optimal
2021-02-09 20:30:00,70,91,0.0,0.0,0.0,0.32863333333333333,optimal
2021-02-09 21:00:00,70,91,0.0,0.0,0.0,0.1981,optimal
2021-02-09 21:30:00,70,91,0.0,0.0,0.0,0.3639666666666666,optimal
2021-02-09 22:00:00,70,91,0.0,0.0,0.0,1.3422333333333332,optimal
2021-02-09 22:30:00,70,91,0.09952380952380951,0.0,0.0,0.1685,optimal
2021-02-09 23:00:00,70,91,0.0,0.0,0.0,0.16016666666666665,optimal
2021-02-09 23:30:00,70,91,0.0,0.0,0.0,0.2508666666666667,optimal
2021-02-10 00:00:00,70,91,0.0,0.0,0.0,0.11566666666666668,optimal
2021-02-10 00:30:00,70,91,1.1345714285714286,0.0,0.0,0.12966666666666665,optimal
2021-02-10 01:00:00,70,91,0.0,0.0,0.0,0.139,optimal
2021-02-10 01:30:00,70,91,0.0,0.0,0.0,0.2107333333333333,optimal
2021-02-10 02:00:00,70,91,0.0,0.0,0.0,0.1248,optimal
2021-02-10 02:30:00,70,91,1.3710424469410774,0.0,0.0,0.25889999999999996,optimal
2021-02-10 03:00:00,70,91,2.4285714285714284,0.0,0.0,0.10003333333333332,optimal
2021-02-10 03:30:00,70,91,2.4285714285714284,0.0,0.0,0.17176666666666668,optimal
2021-02-10 04:00:00,70,91,2.4285714285714284,0.0,0.0,0.2029,optimal
2021-02-10 04:30:00,70,91,2.4285714285714284,0.0,0.0,0.1248,optimal
2021-02-10 05:00:00,70,91,2.4285714285714284,0.0,0.0,0.14173333333333332,optimal
2021-02-10 05:30:00,70,91,2.4285714285714284,0.0,0.0,0.16346666666666668,optimal
2021-02-10 06:00:00,70,91,2.4285714285714284,0.0,0.0,0.162,optimal
2021-02-10 06:30:00,70,91,2.4285714285714284,0.0,0.0,0.208,optimal
2021-02-10 07:00:00,70,91,2.4285714285714284,0.0,9.200989561294394,0.43473333333333336,optimal
2021-02-10 07:30:00,70,91,2.4285714285714284,0.0,0.0,1.3818,optimal
2021-02-10 08:00:00,70,91,1.2226032342198776,0.0,0.0,0.19453333333333334,optimal
2021-02-10 08:30:00,70,91,1.1926625083322089,0.0,0.0,0.22376666666666667,optimal
2021-02-10 09:00:00,70,91,0.820135492794732,0.0,0.0,1.3831333333333335,optimal
2021-02-10 09:30:00,70,91,1.009196671668972,0.0,0.0,0.49860000000000004,optimal
2021-02-10 10:00:00,70,91,0.8078676569728234,0.0,0.0,0.12919999999999998,optimal
2021-02-10 10:30:00,70,91,0.5521730649380252,0.0,0.0,1.3097,optimal
2021-02-10 11:00:00,70,91,0.4852976146339525,0.0,0.0,0.6073,optimal
2021-02-10 11:30:00,70,91,0.5784758231186976,0.0,0.0,0.16546666666666668,optimal
2021-02-10 12:00:00,70,91,0.21618206531256023,0.0,0.0,1.0948,optimal
2021-02-10 12:30:00,70,91,0.2984696843601773,0.0,0.0,1.1616,optimal
2021-02-10 13:00:00,70,91,2.4285714285714284,0.0,0.0,0.5210333333333333,optimal
2021-02-10 13:30:00,70,91,2.4285714285714284,0.0,0.0,0.2864333333333333,optimal
2021-02-10 14:00:00,70,91,2.4285714285714284,0.0,0.0,0.13183333333333333,optimal
2021-02-10 14:30:00,70,91,2.4285714285714284,0.0,0.0,0.1348,optimal
2021-02-10 15:00:00,70,91,2.4285714285714284,0.0,0.0,0.15173333333333333,optimal
2021-02-10 15:30:00,70,91,2.4285714285714284,0.0,0.0,0.20753333333333332,optimal
2021-02-10 16:00:00,70,91,0.0,0.0,0.0,0.1896,optimal
2021-02-10 16:30:00,70,91,0.0,0.0,0.0,0.08906666666666667,optimal
2021-02-10 17:00:00,70,91,0.0,0.0,0.0,0.2429333333333333,optimal
2021-02-10 17:30:00,70,91,0.0,0.0,0.0,0.17926666666666669,optimal
2021-02-10 18:00:00,70,91,0.0,0.0,0.0,0.064,optimal
2021-02-10 18:30:00,70,91,0.0,0.0,0.0,0.1565,optimal
2021-02-10 19:00:00,70,91,0.0,0.0,0.0,0.22243333333333332,optimal
2021-02-10 19:30:00,70,91,0.0,0.0,0.0,0.17306666666666667,optimal
2021-02-10 20:00:00,70,91,0.3393758088372723,0.0,0.0,0.2736,optimal
2021-02-10 20:30:00,70,91,0.0,0.0,0.0,0.2508,optimal
2021-02-10 21:00:00,70,91,0.0,0.0,0.0,0.29386666666666666,optimal
2021-02-10 21:30:00,70,91,0.0,0.0,0.0,0.291,optimal
2021-02-10 22:00:00,70,91,0.0,0.0,0.0,0.1348,optimal
2021-02-10 22:30:00,70,91,0.0,0.0,0.0,0.23726666666666668,optimal
2021-02-10 23:00:00,70,91,0.0,0.0,0.0,0.15346666666666667,optimal
2021-02-10 23:30:00,70,91,0.0,0.0,0.0,0.16513333333333333,optimal
2021-02-11 00:00:00,70,91,0.0199047619047619,0.0,0.0,0.055,optimal
2021-02-11 00:30:00,70,91,2.249238095238095,0.0,0.0,0.26693333333333336,optimal
2021-02-11 01:00:00,70,91,0.0,0.0,0.0,0.24416666666666662,optimal
2021-02-11 01:30:00,70,91,1.606043587722206,0.0,0.0,0.09563333333333333,optimal
2021-02-11 02:00:00,70,91,2.4285714285714284,0.0,0.0,0.0676,optimal
2021-02-11 02:30:00,70,91,2.4285714285714284,0.0,0.0,0.4181333333333333,optimal
2021-02-11 03:00:00,70,91,2.4285714285714284,0.0,0.0,0.07133333333333333,optimal
2021-02-11 03:30:00,70,91,2.4285714285714284,0.0,0.0,0.1222,optimal
2021-02-11 04:00:00,70,91,2.4285714285714284,0.0,0.0,0.15393333333333334,optimal
2021-02-11 04:30:00,70,91,2.4285714285714284,0.0,0.0,0.073,optimal
2021-02-11 05:00:00,70,91,2.4285714285714284,0.0,0.0,0.14653333333333332,optimal
2021-02-11 05:30:00,70,91,2.4285714285714284,0.0,4.648459678115483,0.378,optimal
2021-02-11 06:00:00,70,91,2.4285714285714284,0.0,10.0,0.13116666666666665,optimal
2021-02-11 06:30:00,70,91,2.4285714285714284,0.0,0.0,0.11926666666666667,optimal
2021-02-11 07:00:00,70,91,2.4285714285714284,0.0,0.0,0.179,optimal
2021-02-11 07:30:00,70,91,2.4285714285714284,0.0,0.0,0.067,optimal
2021-02-11 08:00:00,70,91,1.4779165751304277,0.0,0.0,0.23126666666666668,optimal
2021-02-11 08:30:00,70,91,1.5351540243080846,0.0,0.0,0.067,optimal
2021-02-11 09:00:00,70,91,1.3329846840462474,0.0,0.0,0.1566,optimal
2021-02-11 09:30:00,70,91,1.2239060764254377,0.0,0.0,0.14166666666666666,optimal
2021-02-11 10:00:00,70,91,0.8186869687298407,0.0,0.0,0.08940000000000001,optimal
2021-02-11 10:30:00,70,91,0.8257700987737647,0.0,0.0,0.20886666666666667,optimal
2021-02-11 11:00:00,70,91,0.6648633181525102,0.0,0.0,0.067,optimal
2021-02-11 11:30:00,70,91,0.5664094055975867,0.0,0.0,0.23126666666666668,optimal
2021-02-11 12:00:00,70,91,0.3749487036031855,0.0,0.0,0.067,optimal
2021-02-11 12:30:00,70,91,0.32389753494446966,0.0,0.0,0.08940000000000001,optimal
2021-02-11 13:00:00,70,91,2.4285714285714284,0.0,0.0,0.20886666666666667,optimal
2021-02-11 13:30:00,70,91,2.4285714285714284,0.0,0.0,0.067,optimal
2021-02-11 14:00:00,70,91,2.4285714285714284,0.0,0.0,0.067,optimal
2021-02-11 14:30:00,70,91,2.4285714285714284,0.0,0.0,0.067,optimal
2021-02-11 15:00:00,70,91,2.4285714285714284,0.0,0.0,0.23126666666666668,optimal
2021-02-11 15:30:00,70,91,2.4285714285714284,0.0,0.0,0.067,optimal
2021-02-11 16:00:00,70,91,0.0,0.0,0.0,0.4032,optimal
2021-02-11 16:30:00,70,91,0.0,0.0,0.0,0.2457666666666667,optimal
2021-02-11 17:00:00,70,91,0.0,0.0,0.0,0.1275,optimal
2021-02-11 17:30:00,70,91,0.0,0.0,0.0,0.24869999999999998,optimal
2021-02-11 18:00:00,70,91,0.0,0.0,0.0,0.1571,optimal
2021-02-11 18:30:00,70,91,0.0,0.0,0.0,0.067,optimal
2021-02-11 19:00:00,70,91,0.0,0.0,0.0,0.067,optimal
2021-02-11 19:30:00,70,91,0.4191186656025483,0.0,0.0,0.067,optimal
2021-02-11 20:00:00,70,91,1.8217326202885156,0.0,0.0,0.067,optimal
2021-02-11 20:30:00,70,91,0.0,0.0,0.0,0.20886666666666667,optimal
2021-02-11 21:00:00,70,91,0.0,0.0,0.0,0.08940000000000001,optimal
2021-02-11 21:30:00,70,91,0.0,0.0,0.0,0.1491333333333333,optimal
2021-02-11 22:00:00,70,91,0.09952380952380951,0.0,0.0,0.1491333333333333,optimal
2021-02-11 22:30:00,70,91,0.0,0.0,0.0,0.1242,optimal
2021-02-11 23:00:00,70,91,0.0,0.0,0.0,0.23913333333333334,optimal
2021-02-11 23:30:00,70,91,0.0,0.0,0.0,0.07713333333333335,optimal
2021-02-12 00:00:00,70,91,0.5669851433664281,0.0,0.0,0.066,optimal
2021-02-12 00:30:00,70,91,2.4285714285714284,0.0,0.0,0.066,optimal
2021-02-12 01:00:00,70,91,2.4285714285714284,0.0,0.0,0.066,optimal
2021-02-12 01:30:00,70,91,2.4285714285714284,0.0,0.0,0.066,optimal
2021-02-12 02:00:00,70,91,2.4285714285714284,0.0,0.0,0.066,optimal
2021-02-12 02:30:00,70,91,2.4285714285714284,0.0,0.0,0.066,optimal
2021-02-12 03:00:00,70,91,2.4285714285714284,0.0,0.0,0.066,optimal
2021-02-12 03:30:00,70,91,2.4285714285714284,0.0,0.0,0.066,optimal
2021-02-12 04:00:00,70,91,2.4285714285714284,0.0,0.0,0.066,optimal
2021-02-12 04:30:00,70,91,2.4285714285714284,0.0,0.0,0.066,optimal
2021-02-12 05:00:00,70,91,2.4285714285714284,0.0,0.0,0.066,optimal
2021-02-12 05:30:00,70,91,2.4285714285714284,0.0,2.3159669884855076,0.066,optimal
2021-02-12 06:00:00,70,91,2.4285714285714284,0.0,10.0,0.066,optimal
2021-02-12 06:30:00,70,91,2.4285714285714284,0.0,10.0,0.074,optimal
2021-02-12 07:00:00,70,91,2.4285714285714284,0.0,10.0,1.0802,optimal
2021-02-12 07:30:00,70,91,2.4285714285714284,0.0,0.0,0.06533333333333333,optimal
2021-02-12 08:00:00,70,91,1.8534561685516466,0.0,0.0,1.422,optimal
2021-02-12 08:30:00,70,91,1.483640703963109,0.0,0.0,0.074,optimal
2021-02-12 09:00:00,70,91,1.2687303971185282,0.0,0.0,0.3512,optimal
2021-02-12 09:30:00,70,91,1.0399366980685452,0.0,0.0,0.4132,optimal
2021-02-12 10:00:00,70,91,0.8476109855292915,0.0,0.0,0.076,optimal
2021-02-12 10:30:00,70,91,0.8201333432777803,0.0,0.0,0.076,optimal
2021-02-12 11:00:00,70,91,0.5527882797556891,0.0,0.0,0.076,optimal
2021-02-12 11:30:00,70,91,0.5493535744742502,0.0,0.0,0.076,optimal
2021-02-12 12:00:00,70,91,0.45666587523166147,0.0,0.0,0.076,optimal
2021-02-12 12:30:00,70,91,0.45323116995022256,0.0,0.0,0.076,optimal
2021-02-12 13:00:00,70,91,2.4285714285714284,0.0,0.0,0.076,optimal
2021-02-12 13:30:00,70,91,2.4285714285714284,0.0,0.0,0.076,optimal
2021-02-12 14:00:00,70,91,2.4285714285714284,0.0,0.0,0.076,optimal
2021-02-12 14:30:00,70,91,2.4285714285714284,0.0,0.0,0.076,optimal
2021-02-12 15:00:00,70,91,2.4285714285714284,0.0,0.0,0.076,optimal
2021-02-12 15:30:00,70,91,2.4285714285714284,0.0,0.0,0.076,optimal
2021-02-12 16:00:00,70,91,0.0,0.0,0.0,0.076,optimal
2021-02-12 16:30:00,70,91,0.0,0.0,0.0,0.076,optimal
2021-02-12 17:00:00,70,91,0.0,0.0,0.0,1.1644333333333334,optimal
2021-02-12 17:30:00,70,91,0.0,0.0,0.0,0.6218333333333333,optimal
2021-02-12 18:00:00,70,91,0.0,0.0,0.0,0.178,optimal
2021-02-12 18:30:00,70,91,0.0,0.0,0.0,0.3638,optimal
2021-02-12 19:00:00,70,91,0.0,0.0,0.0,0.29983333333333334,optimal
2021-02-12 19:30:00,70,91,0.0,0.0,0.0,0.5102,optimal
2021-02-12 20:00:00,70,91,0.17429875105937212,0.0,0.0,0.1953,optimal
2021-02-12 20:30:00,70,91,0.0,0.0,0.0,0.28763333333333335,optimal
2021-02-12 21:00:00,70,91,0.0,0.0,0.0,0.10596666666666668,optimal
2021-02-12 21:30:00,70,91,0.0,0.0,0.0,0.3068333333333333,optimal
2021-02-12 22:00:00,70,91,0.0796190476190476,0.0,0.0,0.3232,optimal
2021-02-12 22:30:00,70,91,0.0,0.0,0.0,0.32839999999999997,optimal
2021-02-12 23:00:00,70,91,0.0,0.0,0.0,0.287,optimal
2021-02-12 23:30:00,70,91,0.0,0.0,0.0,0.5065333333333334,optimal
2021-02-13 00:00:00,70,91,0.0,0.0,0.0,0.056,optimal
2021-02-13 00:30:00,70,91,2.4285714285714284,0.0,0.0,0.056,optimal
2021-02-13 01:00:00,70,91,0.965856981860799,0.0,0.0,0.056,optimal
2021-02-13 01:30:00,70,91,0.0,0.0,0.0,0.15306666666666666,optimal
2021-02-13 02:00:00,70,91,0.9305248380214387,0.0,0.0,0.1232,optimal
2021-02-13 02:30:00,70,91,2.4285714285714284,0.0,0.0,0.07840000000000001,optimal
2021-02-13 03:00:00,70,91,2.4285714285714284,0.0,0.0,0.19786666666666666,optimal
2021-02-13 03:30:00,70,91,2.4285714285714284,0.0,0.0,0.056,optimal
2021-02-13 04:00:00,70,91,2.4285714285714284,0.0,0.0,0.056,optimal
2021-02-13 04:30:00,70,91,2.4285714285714284,0.0,0.0,0.47653333333333336,optimal
2021-02-13 05:00:00,70,91,2.4285714285714284,0.0,0.0,0.072,optimal
2021-02-13 05:30:00,70,91,2.4285714285714284,0.0,0.0,0.09586666666666666,optimal
2021-02-13 06:00:00,70,91,2.4285714285714284,0.0,0.0,0.2004,optimal
2021-02-13 06:30:00,70,91,2.4285714285714284,0.0,0.0,0.066,optimal
2021-02-13 07:00:00,70,91,2.4285714285714284,0.0,0.0,0.2004,optimal
2021-02-13 07:30:00,70,91,2.4285714285714284,0.0,0.0,0.09586666666666666,optimal
2021-02-13 08:00:00,70,91,1.3726428092415957,0.0,0.0,0.11826666666666669,optimal
2021-02-13 08:30:00,70,91,1.3521414372934855,0.0,0.0,0.178,optimal
2021-02-13 09:00:00,70,91,1.1834637332740279,0.0,0.0,0.13556666666666667,optimal
2021-02-13 09:30:00,70,91,1.0729187782954077,0.0,0.0,0.22466666666666663,optimal
2021-02-13 10:00:00,70,91,0.7819809894880243,0.0,0.0,0.332,optimal
2021-02-13 10:30:00,70,91,0.8055653318256171,0.0,0.0,0.2596666666666667,optimal
2021-02-13 11:00:00,70,91,0.5458065338300838,0.0,0.0,0.2139333333333333,optimal
2021-02-13 11:30:00,70,91,0.5163146856914961,0.0,0.0,0.3775333333333334,optimal
2021-02-13 12:00:00,70,91,0.41465235180872145,0.0,0.0,0.24380000000000002,optimal
2021-02-13 12:30:00,70,91,0.44733532219822875,0.0,0.0,0.10536666666666666,optimal
2021-02-13 13:00:00,70,91,2.4285714285714284,0.0,0.0,0.22353333333333333,optimal
2021-02-13 13:30:00,70,91,2.4285714285714284,0.0,8.987188571015325,1.487766666666667,optimal
2021-02-13 14:00:00,70,91,2.4285714285714284,0.0,0.0,0.17606666666666665,optimal
2021-02-13 14:30:00,70,91,2.4285714285714284,0.0,0.0,0.26206666666666667,optimal
2021-02-13 15:00:00,70,91,2.4285714285714284,0.0,0.0,0.1038,optimal
2021-02-13 15:30:00,70,91,2.4285714285714284,0.0,0.0,0.2003,optimal
2021-02-13 16:00:00,70,91,0.0,0.0,0.0,0.6110333333333333,optimal
2021-02-13 16:30:00,70,91,0.0,0.0,0.0,0.48660000000000003,optimal
2021-02-13 17:00:00,70,91,0.0,0.0,0.0,0.5957333333333333,optimal
2021-02-13 17:30:00,70,91,0.0,0.0,0.0,0.7449333333333332,optimal
2021-02-13 18:00:00,70,91,0.0,0.0,0.0,0.5779666666666667,optimal
2021-02-13 18:30:00,70,91,0.0,0.0,0.0,0.35063333333333335,optimal
2021-02-13 19:00:00,70,91,0.0,0.0,0.0,0.3946,optimal
2021-02-13 19:30:00,70,91,1.1134930881605167,0.0,0.0,0.5922666666666666,optimal
2021-02-13 20:00:00,70,91,1.0746577368186268,0.0,0.0,0.6928666666666666,optimal
2021-02-13 20:30:00,70,91,0.05971428571428571,0.0,0.0,0.358,optimal
2021-02-13 21:00:00,70,91,0.0,0.0,0.0,0.4241333333333333,optimal
2021-02-13 21:30:00,70,91,0.0,0.0,0.0,0.2298,optimal
2021-02-13 22:00:00,70,91,0.0,0.0,0.0,0.3370666666666667,optimal
2021-02-13 22:30:00,70,91,0.0,0.0,0.0,0.13319999999999999,optimal
2021-02-13 23:00:00,70,91,0.0,0.0,0.0,0.066,optimal
2021-02-13 23:30:00,70,91,0.0,0.0,0.0,0.1257333333333333,optimal
2021-02-07 00:00:00,71,91,0.0,0.0,0.0,0.058,optimal
2021-02-07 00:30:00,71,91,0.0,0.0,0.0,0.13406666666666667,optimal
2021-02-07 01:00:00,71,91,0.0,0.0,0.0,0.24330000000000002,optimal
2021-02-07 01:30:00,71,91,0.0,0.0,0.0,0.12116666666666669,optimal
2021-02-07 02:00:00,71,91,0.0,0.0,0.0,0.25606666666666666,optimal
2021-02-07 02:30:00,71,91,0.0,0.0,0.0,0.22340000000000002,optimal
2021-02-07 03:00:00,71,91,0.0,0.0,0.0,0.0998,optimal
2021-02-07 03:30:00,71,91,0.0,0.0,0.0,0.16303333333333334,optimal
2021-02-07 04:00:00,71,91,2.2857142857142856,0.0,0.0,0.16576666666666667,optimal
2021-02-07 04:30:00,71,91,2.2857142857142856,0.0,0.0,0.1036,optimal
2021-02-07 05:00:00,71,91,2.2857142857142856,0.0,0.0,0.21619999999999998,optimal
2021-02-07 05:30:00,71,91,2.2857142857142856,0.0,0.0,0.11359999999999999,optimal
2021-02-07 06:00:00,71,91,2.2857142857142856,0.0,0.0,0.08343333333333333,optimal
2021-02-07 06:30:00,71,91,2.2857142857142856,0.0,0.0,0.2653666666666667,optimal
2021-02-07 07:00:00,71,91,2.2857142857142856,0.0,0.0,1.3496333333333335,optimal
2021-02-07 07:30:00,71,91,0.0,0.0,0.0,0.23603333333333334,optimal
2021-02-07 08:00:00,71,91,0.0,0.0,0.0,1.029766666666667,optimal
2021-02-07 08:30:00,71,91,0.0,0.0,0.0,0.10923333333333332,optimal
2021-02-07 09:00:00,71,91,0.0,0.0,0.0,0.3402,optimal
2021-02-07 09:30:00,71,91,0.0,0.0,0.0,0.2004,optimal
2021-02-07 10:00:00,71,91,0.4488642369367,0.0,0.0,0.4023333333333333,optimal
2021-02-07 10:30:00,71,91,0.8267987097132926,0.0,0.0,0.41333333333333333,optimal
2021-02-07 11:00:00,71,91,0.7518306849601127,0.0,0.0,0.2867333333333333,optimal
2021-02-07 11:30:00,71,91,0.42452592305537074,0.0,0.0,1.9654,optimal
2021-02-07 12:00:00,71,91,0.5890673656722663,0.0,0.0,2.033633333333333,optimal
2021-02-07 12:30:00,71,91,0.4792330799579724,0.0,0.0,3.096333333333333,optimal
2021-02-07 13:00:00,71,91,0.6665222643953067,0.0,0.0,1.1089,optimal
2021-02-07 13:30:00,71,91,2.044653991271229,0.0,0.0,1.5404,optimal
2021-02-07 14:00:00,71,91,2.2857142857142856,0.0,0.0,1.7927,optimal
2021-02-07 14:30:00,71,91,2.2857142857142856,0.0,0.0,1.4980333333333333,optimal
2021-02-07 15:00:00,71,91,2.2857142857142856,0.0,0.0,3.8099000000000003,optimal
2021-02-07 15:30:00,71,91,2.2857142857142856,0.0,0.0,2.9184,optimal
2021-02-07 16:00:00,71,91,0.0,0.0,0.0,1.6303666666666665,optimal
2021-02-07 16:30:00,71,91,0.0,0.0,0.0,0.2882,optimal
2021-02-07 17:00:00,71,91,0.0,0.0,0.0,0.168,optimal
2021-02-07 17:30:00,71,91,0.0,0.0,0.0,1.0221,optimal
2021-02-07 18:00:00,71,91,0.0,0.0,0.0,1.0190666666666668,optimal
2021-02-07 18:30:00,71,91,0.0,0.0,0.0,0.22163333333333332,optimal
2021-02-07 19:00:00,71,91,0.0,0.0,0.0,0.3497333333333333,optimal
2021-02-07 19:30:00,71,91,0.0,0.0,0.0,0.5271333333333333,optimal
2021-02-07 20:00:00,71,91,0.0,0.0,0.0,0.42423333333333335,optimal
2021-02-07 20:30:00,71,91,0.0,0.0,0.0,0.5957666666666667,optimal
2021-02-07 21:00:00,71,91,0.0,0.0,0.0,1.6787999999999998,optimal
2021-02-07 21:30:00,71,91,0.0,0.0,0.0,0.5159,optimal
2021-02-07 22:00:00,71,91,0.0,0.0,0.0,0.5801666666666666,optimal
2021-02-07 22:30:00,71,91,0.0,0.0,0.0,0.5384,optimal
2021-02-07 23:00:00,71,91,0.0,0.0,0.0,0.4726,optimal
2021-02-07 23:30:00,71,91,0.0,0.0,0.0,0.5494666666666667,optimal
2021-02-08 00:00:00,71,91,0.019904761904761904,0.0,0.0,0.06,optimal
2021-02-08 00:30:00,71,91,0.09952380952380951,0.0,0.0,1.1163333333333332,optimal
2021-02-08 01:00:00,71,91,0.0,0.0,0.0,0.21506666666666663,optimal
2021-02-08 01:30:00,71,91,0.0,0.0,0.0,0.12066666666666669,optimal
2021-02-08 02:00:00,71,91,0.0,0.0,0.0,0.122,optimal
2021-02-08 02:30:00,71,91,1.1261558420564919,0.0,0.0,0.2137333333333333,optimal
2021-02-08 03:00:00,71,91,2.2857142857142856,0.0,0.0,0.062,optimal
2021-02-08 03:30:00,71,91,2.2857142857142856,0.0,0.0,0.14466666666666667,optimal
2021-02-08 04:00:00,71,91,2.2857142857142856,0.0,0.0,0.19106666666666663,optimal
2021-02-08 04:30:00,71,91,2.2857142857142856,0.0,0.0,0.062,optimal
2021-02-08 05:00:00,71,91,2.2857142857142856,0.0,0.0,0.144,optimal
2021-02-08 05:30:00,71,91,2.2857142857142856,0.0,0.0,0.19640000000000002,optimal
2021-02-08 06:00:00,71,91,2.2857142857142856,0.0,0.0,0.07166666666666667,optimal
2021-02-08 06:30:00,71,91,2.2857142857142856,0.0,0.0,0.22093333333333331,optimal
2021-02-08 07:00:00,71,91,2.2857142857142856,0.0,7.086951187477074,0.1148,optimal
2021-02-08 07:30:00,71,91,2.2857142857142856,0.0,0.0,0.5160666666666667,optimal
2021-02-08 08:00:00,71,91,1.0709891005827863,0.0,0.0,0.6967000000000001,optimal
2021-02-08 08:30:00,71,91,0.9848699397170919,0.0,0.0,1.0968,optimal
2021-02-08 09:00:00,71,91,0.8534758329299702,0.0,0.0,1.4681333333333335,optimal
2021-02-08 09:30:00,71,91,0.9271717170856519,0.0,0.0,0.36876666666666663,optimal
2021-02-08 10:00:00,71,91,0.6453471295425992,0.0,0.0,0.62,optimal
2021-02-08 10:30:00,71,91,0.481281721577395,0.0,0.0,1.4134666666666666,optimal
2021-02-08 11:00:00,71,91,0.47594099038880877,0.0,0.0,0.4585666666666667,optimal
2021-02-08 11:30:00,71,91,0.3744906274449723,0.0,0.0,1.695266666666667,optimal
2021-02-08 12:00:00,71,91,0.4263833101524327,0.0,0.0,0.4831666666666667,optimal
2021-02-08 12:30:00,71,91,0.334347346169524,0.0,0.0,1.5604333333333333,optimal
2021-02-08 13:00:00,71,91,1.3053017421065702,0.0,0.0,1.2252333333333332,optimal
2021-02-08 13:30:00,71,91,2.2857142857142856,0.0,0.0,0.48203333333333337,optimal
2021-02-08 14:00:00,71,91,2.2857142857142856,0.0,0.0,0.4608,optimal
2021-02-08 14:30:00,71,91,2.2857142857142856,0.0,0.0,0.3664666666666666,optimal
2021-02-08 15:00:00,71,91,2.2857142857142856,0.0,0.0,0.1776,optimal
2021-02-08 15:30:00,71,91,2.2857142857142856,0.0,0.0,0.12553333333333333,optimal
2021-02-08 16:00:00,71,91,0.0,0.0,0.0,0.29410000000000003,optimal
2021-02-08 16:30:00,71,91,0.0,0.0,0.0,0.26913333333333334,optimal
2021-02-08 17:00:00,71,91,0.0,0.0,0.0,0.2044,optimal
2021-02-08 17:30:00,71,91,0.0,0.0,0.0,0.26666666666666666,optimal
2021-02-08 18:00:00,71,91,0.0,0.0,0.0,2.5711,optimal
2021-02-08 18:30:00,71,91,0.0,0.0,0.0,0.7719,optimal
2021-02-08 19:00:00,71,91,0.0,0.0,0.0,0.419,optimal
2021-02-08 19:30:00,71,91,0.0,0.0,0.0,0.2882333333333333,optimal
2021-02-08 20:00:00,71,91,0.0,0.0,0.0,0.2139333333333333,optimal
2021-02-08 20:30:00,71,91,0.0,0.0,0.0,0.072,optimal
2021-02-08 21:00:00,71,91,0.0,0.0,0.0,0.45006666666666667,optimal
2021-02-08 21:30:00,71,91,0.0,0.0,0.0,0.8921,optimal
2021-02-08 22:00:00,71,91,1.5326666666666668,0.0,0.0,0.4709666666666666,optimal
2021-02-08 22:30:00,71,91,0.0,0.0,0.0,0.44089999999999996,optimal
2021-02-08 23:00:00,71,91,0.0,0.0,0.0,0.156,optimal
2021-02-08 23:30:00,71,91,0.0,0.0,0.0,0.10093333333333333,optimal
2021-02-09 00:00:00,71,91,0.0,0.0,0.0,0.059,optimal
2021-02-09 00:30:00,71,91,0.33838095238095234,0.0,0.0,0.059,optimal
2021-02-09 01:00:00,71,91,0.0,0.0,0.0,0.059,optimal
2021-02-09 01:30:00,71,91,0.0,0.0,0.0,0.2137333333333333,optimal
2021-02-09 02:00:00,71,91,0.7120010219988543,0.0,0.0,0.059,optimal
2021-02-09 02:30:00,71,91,2.2857142857142856,0.0,0.0,0.08009999999999999,optimal
2021-02-09 03:00:00,71,91,2.2857142857142856,0.0,0.0,0.19263333333333332,optimal
2021-02-09 03:30:00,71,91,2.2857142857142856,0.0,0.0,0.059,optimal
2021-02-09 04:00:00,71,91,2.2857142857142856,0.0,0.0,0.11526666666666668,optimal
2021-02-09 04:30:00,71,91,2.2857142857142856,0.0,0.0,0.15746666666666667,optimal
2021-02-09 05:00:00,71,91,2.2857142857142856,0.0,0.0,0.059,optimal
2021-02-09 05:30:00,71,91,2.2857142857142856,0.0,0.0,0.1856,optimal
2021-02-09 06:00:00,71,91,2.2857142857142856,0.0,0.0,0.08713333333333334,optimal
2021-02-09 06:30:00,71,91,2.2857142857142856,0.0,4.264827832709168,0.06603333333333333,optimal
2021-02-09 07:00:00,71,91,2.2857142857142856,0.0,10.0,0.2067,optimal
2021-02-09 07:30:00,71,91,2.2857142857142856,0.0,0.0,0.17486666666666667,optimal
2021-02-09 08:00:00,71,91,1.247743319458214,0.0,0.0,0.2422333333333333,optimal
2021-02-09 08:30:00,71,91,1.190903965518665,0.0,0.0,1.0969,optimal
2021-02-09 09:00:00,71,91,1.0806989725827183,0.0,0.0,0.193,optimal
2021-02-09 09:30:00,71,91,1.0126431218464729,0.0,0.0,0.3477333333333333,optimal
2021-02-09 10:00:00,71,91,0.712971429274826,0.0,0.0,0.4089666666666666,optimal
2021-02-09 10:30:00,71,91,0.7167693314390435,0.0,0.0,0.2912333333333333,optimal
2021-02-09 11:00:00,71,91,0.45670537575466863,0.0,0.0,0.3461,optimal
2021-02-09 11:30:00,71,91,0.5055849561875109,0.0,0.0,0.193,optimal
2021-02-09 12:00:00,71,91,0.3502553898276688,0.0,0.0,0.2947666666666667,optimal
2021-02-09 12:30:00,71,91,0.303213904632937,0.0,0.0,0.4731,optimal
2021-02-09 13:00:00,71,91,2.2857142857142856,0.0,0.0,0.16063333333333332,optimal
2021-02-09 13:30:00,71,91,2.2857142857142856,0.0,0.0,0.19169999999999998,optimal
2021-02-09 14:00:00,71,91,2.2857142857142856,0.0,0.0,0.10216666666666668,optimal
2021-02-09 14:30:00,71,91,2.2857142857142856,0.0,0.0,0.15703333333333333,optimal
2021-02-09 15:00:00,71,91,2.2857142857142856,0.0,0.0,0.14636666666666667,optimal
2021-02-09 15:30:00,71,91,2.2857142857142856,0.0,0.0,0.069,optimal
2021-02-09 16:00:00,71,91,0.0,0.0,0.0,0.22373333333333328,optimal
2021-02-09 16:30:00,71,91,0.0,0.0,0.0,0.069,optimal
2021-02-09 17:00:00,71,91,0.0,0.0,0.0,0.10416666666666669,optimal
2021-02-09 17:30:00,71,91,0.0,0.0,0.0,0.18856666666666663,optimal
2021-02-09 18:00:00,71,91,0.0,0.0,0.0,0.069,optimal
2021-02-09 18:30:00,71,91,0.0,0.0,0.0,0.22373333333333328,optimal
2021-02-09 19:00:00,71,91,0.0,0.0,0.0,0.069,optimal
2021-02-09 19:30:00,71,91,0.0,0.0,0.0,0.11823333333333332,optimal
2021-02-09 20:00:00,71,91,0.8326158567488962,0.0,0.0,0.1745,optimal
2021-02-09 20:30:00,71,91,0.0,0.0,0.0,0.069,optimal
2021-02-09 21:00:00,71,91,0.0,0.0,0.0,0.20263333333333333,optimal
2021-02-09 21:30:00,71,91,0.0,0.0,0.0,0.0901,optimal
2021-02-09 22:00:00,71,91,0.11942857142857143,0.0,0.0,0.0832,optimal
2021-02-09 22:30:00,71,91,0.0,0.0,0.0,0.42369999999999997,optimal
2021-02-09 23:00:00,71,91,0.0,0.0,0.0,0.20326666666666668,optimal
2021-02-09 23:30:00,71,91,0.0,0.0,0.0,0.3482,optimal
2021-02-10 00:00:00,71,91,0.0,0.0,0.0,0.052,optimal
2021-02-10 00:30:00,71,91,0.4379047619047619,0.0,0.0,0.052,optimal
2021-02-10 01:00:00,71,91,0.0,0.0,0.0,0.052,optimal
2021-02-10 01:30:00,71,91,0.0,0.0,0.0,0.168,optimal
2021-02-10 02:00:00,71,91,2.152980150061637,0.0,0.0,0.052,optimal
2021-02-10 02:30:00,71,91,2.2857142857142856,0.0,0.0,0.052,optimal
2021-02-10 03:00:00,71,91,2.2857142857142856,0.0,0.0,0.168,optimal
2021-02-10 03:30:00,71,91,2.2857142857142856,0.0,0.0,0.052,optimal
2021-02-10 04:00:00,71,91,2.2857142857142856,0.0,0.0,0.052,optimal
2021-02-10 04:30:00,71,91,2.2857142857142856,0.0,0.0,0.052,optimal
2021-02-10 05:00:00,71,91,2.2857142857142856,0.0,0.0,0.052,optimal
2021-02-10 05:30:00,71,91,2.2857142857142856,0.0,0.0,0.0752,optimal
2021-02-10 06:00:00,71,91,2.2857142857142856,0.0,0.0,0.15180000000000002,optimal
2021-02-10 06:30:00,71,91,2.2857142857142856,0.0,5.830819315556195,0.062,optimal
2021-02-10 07:00:00,71,91,2.2857142857142856,0.0,10.0,0.248,optimal
2021-02-10 07:30:00,71,91,2.2857142857142856,0.0,0.0,0.10840000000000001,optimal
2021-02-10 08:00:00,71,91,1.234968948505592,0.0,0.0,0.2154,optimal
2021-02-10 08:30:00,71,91,1.3065310797607803,0.0,0.0,0.05733333333333333,optimal
2021-02-10 09:00:00,71,91,1.1687164451756773,0.0,0.0,0.171,optimal
2021-02-10 09:30:00,71,91,1.1881204811927768,0.0,0.0,0.052,optimal
2021-02-10 10:00:00,71,91,0.9122009903061593,0.0,0.0,0.052,optimal
2021-02-10 10:30:00,71,91,0.8969254458904109,0.0,0.0,0.0694,optimal
2021-02-10 11:00:00,71,91,0.6821261860625091,0.0,0.0,0.15059999999999998,optimal
2021-02-10 11:30:00,71,91,0.7034282040710775,0.0,0.0,0.052,optimal
2021-02-10 12:00:00,71,91,0.42912682721732914,0.0,0.0,0.168,optimal
2021-02-10 12:30:00,71,91,0.46226968436018423,0.0,0.0,0.052,optimal
2021-02-10 13:00:00,71,91,2.2857142857142856,0.0,0.0,0.052,optimal
2021-02-10 13:30:00,71,91,2.2857142857142856,0.0,0.0,0.168,optimal
2021-02-10 14:00:00,71,91,2.2857142857142856,0.0,0.0,0.052,optimal
2021-02-10 14:30:00,71,91,2.2857142857142856,0.0,0.0,0.13466666666666666,optimal
2021-02-10 15:00:00,71,91,2.2857142857142856,0.0,0.0,0.214,optimal
2021-02-10 15:30:00,71,91,2.2857142857142856,0.0,0.0,0.3097333333333333,optimal
2021-02-10 16:00:00,71,91,0.0,0.0,0.0,0.5012,optimal
2021-02-10 16:30:00,71,91,0.0,0.0,0.0,0.4116666666666667,optimal
2021-02-10 17:00:00,71,91,0.0,0.0,0.0,0.6048,optimal
2021-02-10 17:30:00,71,91,0.0,0.0,0.0,1.1022,optimal
2021-02-10 18:00:00,71,91,0.0,0.0,0.0,0.5047,optimal
2021-02-10 18:30:00,71,91,0.0,0.0,0.0,0.8047000000000001,optimal
2021-02-10 19:00:00,71,91,0.0,0.0,0.0,1.2203333333333333,optimal
2021-02-10 19:30:00,71,91,0.0,0.0,0.0,0.5961000000000001,optimal
2021-02-10 20:00:00,71,91,0.2928618078233144,0.0,0.0,0.3811333333333333,optimal
2021-02-10 20:30:00,71,91,0.0,0.0,0.0,0.5115,optimal
2021-02-10 21:00:00,71,91,0.0,0.0,0.0,0.2869,optimal
2021-02-10 21:30:00,71,91,0.0,0.0,0.0,0.4613333333333333,optimal
2021-02-10 22:00:00,71,91,0.0,0.0,0.0,0.062,optimal
2021-02-10 22:30:00,71,91,0.0,0.0,0.0,0.1026,optimal
2021-02-10 23:00:00,71,91,0.0,0.0,0.0,0.1374,optimal
2021-02-10 23:30:00,71,91,0.0,0.0,0.0,0.062,optimal
2021-02-11 00:00:00,71,91,0.09952380952380951,0.0,0.0,0.08613333333333334,optimal
2021-02-11 00:30:00,71,91,0.5573333333333333,0.0,0.0,0.065,optimal
2021-02-11 01:00:00,71,91,1.7359356464967965,0.0,0.0,0.065,optimal
2021-02-11 01:30:00,71,91,2.2857142857142856,0.0,0.0,0.065,optimal
2021-02-11 02:00:00,71,91,2.2857142857142856,0.0,0.0,0.065,optimal
2021-02-11 02:30:00,71,91,2.2857142857142856,0.0,0.0,0.065,optimal
2021-02-11 03:00:00,71,91,2.2857142857142856,0.0,0.0,0.065,optimal
2021-02-11 03:30:00,71,91,2.2857142857142856,0.0,0.0,0.065,optimal
2021-02-11 04:00:00,71,91,2.2857142857142856,0.0,0.0,0.065,optimal
2021-02-11 04:30:00,71,91,2.2857142857142856,0.0,0.0,0.065,optimal
2021-02-11 05:00:00,71,91,2.2857142857142856,0.0,0.0,0.065,optimal
2021-02-11 05:30:00,71,91,2.2857142857142856,0.0,0.0,0.065,optimal
2021-02-11 06:00:00,71,91,2.2857142857142856,0.0,2.241290154695255,0.06966666666666667,optimal
2021-02-11 06:30:00,71,91,2.2857142857142856,0.0,10.0,0.075,optimal
2021-02-11 07:00:00,71,91,2.2857142857142856,0.0,10.0,0.06966666666666667,optimal
2021-02-11 07:30:00,71,91,2.2857142857142856,0.0,0.0,0.6925333333333333,optimal
2021-02-11 08:00:00,71,91,1.1217260989399616,0.0,0.0,1.0386,optimal
2021-02-11 08:30:00,71,91,1.2763597385938021,0.0,0.0,0.9422,optimal
2021-02-11 09:00:00,71,91,0.9673084935700715,0.0,0.0,3.2474666666666665,optimal
2021-02-11 09:30:00,71,91,0.7622108383301819,0.0,0.0,3.7262,optimal
2021-02-11 10:00:00,71,91,0.4257650639679262,0.0,0.0,2.5778000000000003,optimal
2021-02-11 10:30:00,71,91,0.6774291463928108,0.0,0.0,0.4623,optimal
2021-02-11 11:00:00,71,91,0.6022728419620377,0.0,0.0,0.183,optimal
2021-02-11 11:30:00,71,91,0.6055941675023496,0.0,0.0,0.1706,optimal
2021-02-11 12:00:00,71,91,0.3635829893174782,0.0,0.0,0.2339,optimal
2021-02-11 12:30:00,71,91,0.32801182065875883,0.0,0.0,0.075,optimal
2021-02-11 13:00:00,71,91,2.2857142857142856,0.0,0.0,0.075,optimal
2021-02-11 13:30:00,71,91,2.2857142857142856,0.0,0.0,0.075,optimal
2021-02-11 14:00:00,71,91,2.2857142857142856,0.0,0.0,0.075,optimal
2021-02-11 14:30:00,71,91,2.2857142857142856,0.0,0.0,0.075,optimal
2021-02-11 15:00:00,71,91,2.2857142857142856,0.0,0.0,0.075,optimal
2021-02-11 15:30:00,71,91,2.2857142857142856,0.0,0.0,0.075,optimal
2021-02-11 16:00:00,71,91,0.0,0.0,0.0,0.075,optimal
2021-02-11 16:30:00,71,91,0.0,0.0,0.0,0.075,optimal
2021-02-11 17:00:00,71,91,0.0,0.0,0.0,0.075,optimal
2021-02-11 17:30:00,71,91,0.0,0.0,0.0,0.2675,optimal
2021-02-11 18:00:00,71,91,0.0,0.0,0.0,0.47243333333333326,optimal
2021-02-11 18:30:00,71,91,0.0,0.0,0.0,1.3814000000000002,optimal
2021-02-11 19:00:00,71,91,0.0,0.0,0.0,1.1926666666666668,optimal
2021-02-11 19:30:00,71,91,0.7249662383755733,0.0,0.0,0.25626666666666664,optimal
2021-02-11 20:00:00,71,91,1.536808810764711,0.0,0.0,0.49489999999999995,optimal
2021-02-11 20:30:00,71,91,0.0,0.0,0.0,0.5241333333333333,optimal
2021-02-11 21:00:00,71,91,0.0,0.0,0.0,0.5098666666666667,optimal
2021-02-11 21:30:00,71,91,0.0,0.0,0.0,0.3293333333333333,optimal
2021-02-11 22:00:00,71,91,0.31847619047619047,0.0,0.0,0.31610000000000005,optimal
2021-02-11 22:30:00,71,91,0.0,0.0,0.0,1.1572,optimal
2021-02-11 23:00:00,71,91,0.0,0.0,0.0,0.075,optimal
2021-02-11 23:30:00,71,91,0.0,0.0,0.0,0.073,optimal
2021-02-12 00:00:00,71,91,0.7989387542078744,0.0,0.0,0.062,optimal
2021-02-12 00:30:00,71,91,2.2857142857142856,0.0,0.0,0.062,optimal
2021-02-12 01:00:00,71,91,2.2857142857142856,0.0,0.0,0.062,optimal
2021-02-12 01:30:00,71,91,2.2857142857142856,0.0,0.0,0.062,optimal
2021-02-12 02:00:00,71,91,2.2857142857142856,0.0,0.0,0.062,optimal
2021-02-12 02:30:00,71,91,2.2857142857142856,0.0,0.0,0.062,optimal
2021-02-12 03:00:00,71,91,2.2857142857142856,0.0,0.0,0.062,optimal
2021-02-12 03:30:00,71,91,2.2857142857142856,0.0,0.0,0.062,optimal
2021-02-12 04:00:00,71,91,2.2857142857142856,0.0,0.0,0.062,optimal
2021-02-12 04:30:00,71,91,2.2857142857142856,0.0,0.0,0.062,optimal
2021-02-12 05:00:00,71,91,2.2857142857142856,0.0,0.0,0.062,optimal
2021-02-12 05:30:00,71,91,2.2857142857142856,0.0,0.0,0.062,optimal
2021-02-12 06:00:00,71,91,2.2857142857142856,0.0,0.0,0.062,optimal
2021-02-12 06:30:00,71,91,2.2857142857142856,0.0,3.2224644996593623,0.062,optimal
2021-02-12 07:00:00,71,91,2.2857142857142856,0.0,10.0,0.062,optimal
2021-02-12 07:30:00,71,91,2.2857142857142856,0.0,0.0,0.7674,optimal
2021-02-12 08:00:00,71,91,1.9273418828373647,0.0,0.0,2.5340333333333334,optimal
2021-02-12 08:30:00,71,91,1.2890635611059795,0.0,0.0,0.8235666666666667,optimal
2021-02-12 09:00:00,71,91,1.1090218256899627,0.0,0.0,0.8382333333333334,optimal
2021-02-12 09:30:00,71,91,0.9354833647352149,0.0,0.0,2.716766666666667,optimal
2021-02-12 10:00:00,71,91,0.5577043188626317,0.0,0.0,2.287333333333333,optimal
2021-02-12 10:30:00,71,91,0.5756552480397015,0.0,0.0,1.3262,optimal
2021-02-12 11:00:00,71,91,0.4859768511842605,0.0,0.0,0.6859,optimal
2021-02-12 11:30:00,71,91,0.5461821459028271,0.0,0.0,0.144,optimal
2021-02-12 12:00:00,71,91,0.45214587523167127,0.0,0.0,0.1676,optimal
2021-02-12 12:30:00,71,91,0.4445454556645139,0.0,0.0,0.2405,optimal
2021-02-12 13:00:00,71,91,2.2857142857142856,0.0,0.0,0.072,optimal
2021-02-12 13:30:00,71,91,2.2857142857142856,0.0,0.0,0.072,optimal
2021-02-12 14:00:00,71,91,2.2857142857142856,0.0,0.0,0.1257,optimal
2021-02-12 14:30:00,71,91,2.2857142857142856,0.0,0.0,0.072,optimal
2021-02-12 15:00:00,71,91,2.2857142857142856,0.0,0.0,0.072,optimal
2021-02-12 15:30:00,71,91,2.2857142857142856,0.0,0.0,0.072,optimal
2021-02-12 16:00:00,71,91,0.0,0.0,0.0,0.072,optimal
2021-02-12 16:30:00,71,91,0.0,0.0,0.0,0.072,optimal
2021-02-12 17:00:00,71,91,0.0,0.0,0.0,0.072,optimal
2021-02-12 17:30:00,71,91,0.0,0.0,0.0,0.6609333333333333,optimal
2021-02-12 18:00:00,71,91,0.0,0.0,0.0,0.072,optimal
2021-02-12 18:30:00,71,91,0.0,0.0,0.0,0.072,optimal
2021-02-12 19:00:00,71,91,0.0,0.0,0.0,0.072,optimal
2021-02-12 19:30:00,71,91,0.17901510351509972,0.0,0.0,0.072,optimal
2021-02-12 20:00:00,71,91,1.3944005939614923,0.0,0.0,0.072,optimal
2021-02-12 20:30:00,71,91,0.0,0.0,0.0,0.072,optimal
2021-02-12 21:00:00,71,91,0.0,0.0,0.0,0.072,optimal
2021-02-12 21:30:00,71,91,0.0,0.0,0.0,0.15933333333333335,optimal
2021-02-12 22:00:00,71,91,0.0398095238095238,0.0,0.0,0.36460000000000004,optimal
2021-02-12 22:30:00,71,91,0.0,0.0,0.0,0.45253333333333334,optimal
2021-02-12 23:00:00,71,91,0.0,0.0,0.0,0.3992,optimal
2021-02-12 23:30:00,71,91,0.0,0.0,0.0,0.3006333333333333,optimal
2021-02-13 00:00:00,71,91,0.0,0.0,0.0,0.053,optimal
2021-02-13 00:30:00,71,91,0.7762857142857144,0.0,0.0,0.057,optimal
2021-02-13 01:00:00,71,91,0.0,0.0,0.0,0.057,optimal
2021-02-13 01:30:00,71,91,0.6432523119808158,0.0,0.0,0.057,optimal
2021-02-13 02:00:00,71,91,2.2857142857142856,0.0,0.0,0.050333333333333334,optimal
2021-02-13 02:30:00,71,91,2.2857142857142856,0.0,0.0,0.047,optimal
2021-02-13 03:00:00,71,91,2.2857142857142856,0.0,0.0,0.047,optimal
2021-02-13 03:30:00,71,91,2.2857142857142856,0.0,0.0,0.047,optimal
2021-02-13 04:00:00,71,91,2.2857142857142856,0.0,0.0,0.047,optimal
2021-02-13 04:30:00,71,91,2.2857142857142856,0.0,0.0,0.047,optimal
2021-02-13 05:00:00,71,91,2.2857142857142856,0.0,0.0,0.047,optimal
2021-02-13 05:30:00,71,91,2.2857142857142856,0.0,0.0,0.047,optimal
2021-02-13 06:00:00,71,91,2.2857142857142856,0.0,0.0,0.047,optimal
2021-02-13 06:30:00,71,91,2.2857142857142856,0.0,0.0,0.04633333333333334,optimal
2021-02-13 07:00:00,71,91,2.2857142857142856,0.0,8.523439568211062,0.045,optimal
2021-02-13 07:30:00,71,91,2.2857142857142856,0.0,0.0,0.045666666666666654,optimal
2021-02-13 08:00:00,71,91,1.4384047140034912,0.0,0.0,0.047,optimal
2021-02-13 08:30:00,71,91,1.4349700087220525,0.0,0.0,0.047,optimal
2021-02-13 09:00:00,71,91,1.2809208761311834,0.0,0.0,0.047,optimal
2021-02-13 09:30:00,71,91,1.2637473497239886,0.0,0.0,0.047,optimal
2021-02-13 10:00:00,71,91,0.9899714656784971,0.0,0.0,0.047,optimal
2021-02-13 10:30:00,71,91,0.9865367603970582,0.0,0.0,0.047,optimal
2021-02-13 11:00:00,71,91,0.6818732004967585,0.0,0.0,0.053666666666666654,optimal
2021-02-13 11:30:00,71,91,0.6784384952153195,0.0,0.0,0.050333333333333334,optimal
2021-02-13 12:00:00,71,91,0.5522809232372967,0.0,0.0,0.053666666666666654,optimal
2021-02-13 12:30:00,71,91,0.545411512674419,0.0,0.0,0.057,optimal
2021-02-13 13:00:00,71,91,2.2857142857142856,0.0,0.0,0.057,optimal
2021-02-13 13:30:00,71,91,2.2857142857142856,0.0,0.0,0.057,optimal
2021-02-13 14:00:00,71,91,2.2857142857142856,0.0,0.0,0.055666666666666656,optimal
2021-02-13 14:30:00,71,91,2.2857142857142856,0.0,0.0,0.2924333333333333,optimal
2021-02-13 15:00:00,71,91,2.2857142857142856,0.0,0.0,0.047,optimal
2021-02-13 15:30:00,71,91,2.2857142857142856,0.0,0.0,0.047,optimal
2021-02-13 16:00:00,71,91,0.0,0.0,0.0,0.047,optimal
2021-02-13 16:30:00,71,91,0.0,0.0,0.0,0.047,optimal
2021-02-13 17:00:00,71,91,0.0,0.0,0.0,0.047,optimal
2021-02-13 17:30:00,71,91,0.0,0.0,0.0,0.047,optimal
2021-02-13 18:00:00,71,91,0.0,0.0,0.0,0.053666666666666654,optimal
2021-02-13 18:30:00,71,91,0.0,0.0,0.0,0.057,optimal
2021-02-13 19:00:00,71,91,0.0,0.0,0.0,0.057,optimal
2021-02-13 19:30:00,71,91,1.391816897684328,0.0,0.0,0.057,optimal
2021-02-13 20:00:00,71,91,1.3986863082472056,0.0,0.0,0.050333333333333334,optimal
2021-02-13 20:30:00,71,91,0.0,0.0,0.0,0.047,optimal
2021-02-13 21:00:00,71,91,0.276093279393267,0.0,0.0,0.05066666666666666,optimal
2021-02-13 21:30:00,71,91,0.0,0.0,0.0,0.07026666666666667,optimal
2021-02-13 22:00:00,71,91,0.0,0.0,0.0,0.3670333333333334,optimal
2021-02-13 22:30:00,71,91,0.0,0.0,0.0,0.15833333333333335,optimal
2021-02-13 23:00:00,71,91,0.0,0.0,0.0,0.057,optimal
2021-02-13 23:30:00,71,91,0.0,0.0,0.0,0.05633333333333333,optimal
2021-02-07 00:00:00,72,91,0.0,0.0,0.0,0.067,optimal
2021-02-07 00:30:00,72,91,0.0,0.0,0.0,0.067,optimal
2021-02-07 01:00:00,72,91,0.0,0.0,0.0,0.1502,optimal
2021-02-07 01:30:00,72,91,0.0,0.0,0.0,0.13633333333333333,optimal
2021-02-07 02:00:00,72,91,0.0,0.0,0.0,0.14213333333333333,optimal
2021-02-07 02:30:00,72,91,0.0,0.0,0.0,0.21259999999999998,optimal
2021-02-07 03:00:00,72,91,0.0,0.0,0.0,0.10613333333333334,optimal
2021-02-07 03:30:00,72,91,0.0,0.0,0.0,0.19313333333333332,optimal
2021-02-07 04:00:00,72,91,2.2857142857142856,0.0,0.0,0.13633333333333333,optimal
2021-02-07 04:30:00,72,91,2.2857142857142856,0.0,0.0,0.067,optimal
2021-02-07 05:00:00,72,91,2.2857142857142856,0.0,0.0,0.18486666666666668,optimal
2021-02-07 05:30:00,72,91,2.2857142857142856,0.0,0.0,0.1768,optimal
2021-02-07 06:00:00,72,91,2.2857142857142856,0.0,0.0,0.067,optimal
2021-02-07 06:30:00,72,91,2.2857142857142856,0.0,0.0,0.11553333333333332,optimal
2021-02-07 07:00:00,72,91,2.2857142857142856,0.0,1.6063785740462473,0.7399666666666667,optimal
2021-02-07 07:30:00,72,91,0.0,0.0,0.0,0.6708,optimal
2021-02-07 08:00:00,72,91,0.0,0.0,0.0,1.0291666666666668,optimal
2021-02-07 08:30:00,72,91,0.0,0.0,0.0,1.1380666666666666,optimal
2021-02-07 09:00:00,72,91,0.0,0.0,0.0,0.4001,optimal
2021-02-07 09:30:00,72,91,0.10538042646910786,0.0,0.0,0.4563333333333333,optimal
2021-02-07 10:00:00,72,91,0.9342483467694643,0.0,0.0,0.6735333333333333,optimal
2021-02-07 10:30:00,72,91,1.014922519237101,0.0,0.0,0.23663333333333333,optimal
2021-02-07 11:00:00,72,91,0.910859256388694,0.0,0.0,0.13603333333333334,optimal
2021-02-07 11:30:00,72,91,0.8042535421029874,0.0,0.0,0.43456666666666666,optimal
2021-02-07 12:00:00,72,91,0.6730435561484537,0.0,0.0,0.8399666666666668,optimal
2021-02-07 12:30:00,72,91,0.629870222815108,0.0,0.0,1.5301,optimal
2021-02-07 13:00:00,72,91,2.2857142857142856,0.0,0.0,0.9859666666666668,optimal
2021-02-07 13:30:00,72,91,2.2857142857142856,0.0,0.0,0.2427,optimal
2021-02-07 14:00:00,72,91,2.2857142857142856,0.0,0.0,0.18869999999999998,optimal
2021-02-07 14:30:00,72,91,2.2857142857142856,0.0,0.0,0.4007,optimal
2021-02-07 15:00:00,72,91,2.2857142857142856,0.0,0.0,0.15906666666666666,optimal
2021-02-07 15:30:00,72,91,2.2857142857142856,0.0,0.0,0.077,optimal
2021-02-07 16:00:00,72,91,0.0,0.0,0.0,0.2601666666666667,optimal
2021-02-07 16:30:00,72,91,0.0,0.0,0.0,0.1215,optimal
2021-02-07 17:00:00,72,91,0.0,0.0,0.0,0.16019999999999998,optimal
2021-02-07 17:30:00,72,91,0.0,0.0,0.0,0.22146666666666667,optimal
2021-02-07 18:00:00,72,91,0.0,0.0,0.0,0.17666666666666667,optimal
2021-02-07 18:30:00,72,91,0.0,0.0,0.0,0.6953333333333334,optimal
2021-02-07 19:00:00,72,91,0.0,0.0,0.0,0.8586333333333334,optimal
2021-02-07 19:30:00,72,91,0.23356824992684558,0.0,0.0,0.348,optimal
2021-02-07 20:00:00,72,91,0.9633164187210148,0.0,0.0,0.998,optimal
2021-02-07 20:30:00,72,91,0.0,0.0,0.0,1.1407333333333332,optimal
2021-02-07 21:00:00,72,91,0.0,0.0,0.0,1.488733333333333,optimal
2021-02-07 21:30:00,72,91,0.0,0.0,0.0,1.1638333333333333,optimal
2021-02-07 22:00:00,72,91,0.0,0.0,0.0,0.2559333333333333,optimal
2021-02-07 22:30:00,72,91,0.0,0.0,0.0,0.293,optimal
2021-02-07 23:00:00,72,91,0.0,0.0,0.0,0.2977333333333333,optimal
2021-02-07 23:30:00,72,91,0.0,0.0,0.0,0.077,optimal
2021-02-08 00:00:00,72,91,0.0,0.0,0.0,0.053,optimal
2021-02-08 00:30:00,72,91,0.0,0.0,0.0,0.053,optimal
2021-02-08 01:00:00,72,91,0.0,0.0,0.0,0.053,optimal
2021-02-08 01:30:00,72,91,0.0,0.0,0.0,0.053,optimal
2021-02-08 02:00:00,72,91,0.0,0.0,0.0,0.053,optimal
2021-02-08 02:30:00,72,91,1.5275598696071297,0.0,0.0,0.053,optimal
2021-02-08 03:00:00,72,91,2.2857142857142856,0.0,0.0,0.053,optimal
2021-02-08 03:30:00,72,91,2.2857142857142856,0.0,0.0,0.053,optimal
2021-02-08 04:00:00,72,91,2.2857142857142856,0.0,0.0,0.053,optimal
2021-02-08 04:30:00,72,91,2.2857142857142856,0.0,0.0,0.053,optimal
2021-02-08 05:00:00,72,91,2.2857142857142856,0.0,0.0,0.053,optimal
2021-02-08 05:30:00,72,91,2.2857142857142856,0.0,0.0,0.053,optimal
2021-02-08 06:00:00,72,91,2.2857142857142856,0.0,8.706321282321163,0.052333333333333336,optimal
2021-02-08 06:30:00,72,91,2.2857142857142856,0.0,10.0,0.28096666666666664,optimal
2021-02-08 07:00:00,72,91,2.2857142857142856,0.0,10.0,0.051,optimal
2021-02-08 07:30:00,72,91,2.2857142857142856,0.0,0.0,0.053,optimal
2021-02-08 08:00:00,72,91,1.3043091005827794,0.0,0.0,0.053,optimal
2021-02-08 08:30:00,72,91,1.3111785111456573,0.0,0.0,0.053,optimal
2021-02-08 09:00:00,72,91,1.1785901186442571,0.0,0.0,0.055666666666666656,optimal
2021-02-08 09:30:00,72,91,1.1682860027999402,0.0,0.0,0.062,optimal
2021-02-08 10:00:00,72,91,0.9376385581140313,0.0,0.0,0.053,optimal
2021-02-08 10:30:00,72,91,0.947942673958348,0.0,0.0,0.053,optimal
2021-02-08 11:00:00,72,91,0.6988552761030964,0.0,0.0,0.053,optimal
2021-02-08 11:30:00,72,91,0.6919858655402186,0.0,0.0,0.053,optimal
2021-02-08 12:00:00,72,91,0.6042309292000494,0.0,0.0,0.053,optimal
2021-02-08 12:30:00,72,91,0.5904921080742941,0.0,0.0,0.055666666666666656,optimal
2021-02-08 13:00:00,72,91,0.6046448475613849,0.0,0.0,0.06133333333333334,optimal
2021-02-08 13:30:00,72,91,1.6753044247843065,0.0,0.0,0.053,optimal
2021-02-08 14:00:00,72,91,2.2857142857142856,0.0,0.0,0.059,optimal
2021-02-08 14:30:00,72,91,2.2857142857142856,0.0,0.0,0.067,optimal
2021-02-08 15:00:00,72,91,2.2857142857142856,0.0,0.0,0.06996666666666666,optimal
2021-02-08 15:30:00,72,91,2.2857142857142856,0.0,0.0,0.27703333333333335,optimal
2021-02-08 16:00:00,72,91,0.0,0.0,0.0,0.3008,optimal
2021-02-08 16:30:00,72,91,0.0,0.0,0.0,0.17183333333333334,optimal
2021-02-08 17:00:00,72,91,0.0,0.0,0.0,0.17296666666666666,optimal
2021-02-08 17:30:00,72,91,0.0,0.0,0.0,0.18930000000000002,optimal
2021-02-08 18:00:00,72,91,0.0,0.0,0.0,0.32680000000000003,optimal
2021-02-08 18:30:00,72,91,0.0,0.0,0.0,0.1738,optimal
2021-02-08 19:00:00,72,91,0.0,0.0,0.0,0.4047,optimal
2021-02-08 19:30:00,72,91,0.0,0.0,0.0,0.19106666666666663,optimal
2021-02-08 20:00:00,72,91,0.0,0.0,0.0,0.38023333333333337,optimal
2021-02-08 20:30:00,72,91,0.0,0.0,0.0,1.1771333333333334,optimal
2021-02-08 21:00:00,72,91,0.0,0.0,0.0,0.22913333333333333,optimal
2021-02-08 21:30:00,72,91,0.0,0.0,0.0,0.19376666666666667,optimal
2021-02-08 22:00:00,72,91,0.0,0.0,0.0,0.3373,optimal
2021-02-08 22:30:00,72,91,0.0,0.0,0.0,0.1055,optimal
2021-02-08 23:00:00,72,91,0.0,0.0,0.0,0.08386666666666666,optimal
2021-02-08 23:30:00,72,91,0.0,0.0,0.0,0.058,optimal
2021-02-09 00:00:00,72,91,0.0,0.0,0.0,0.051,optimal
2021-02-09 00:30:00,72,91,0.0,0.0,0.0,0.051,optimal
2021-02-09 01:00:00,72,91,0.0,0.0,0.0,0.051,optimal
2021-02-09 01:30:00,72,91,0.0,0.0,0.0,0.051,optimal
2021-02-09 02:00:00,72,91,0.0,0.0,0.0,0.051,optimal
2021-02-09 02:30:00,72,91,2.034674835092567,0.0,0.0,0.06346666666666667,optimal
2021-02-09 03:00:00,72,91,2.2857142857142856,0.0,0.0,0.17566666666666667,optimal
2021-02-09 03:30:00,72,91,2.2857142857142856,0.0,0.0,0.051,optimal
2021-02-09 04:00:00,72,91,2.2857142857142856,0.0,0.0,0.18813333333333332,optimal
2021-02-09 04:30:00,72,91,2.2857142857142856,0.0,0.0,0.051,optimal
2021-02-09 05:00:00,72,91,2.2857142857142856,0.0,0.0,0.15073333333333333,optimal
2021-02-09 05:30:00,72,91,2.2857142857142856,0.0,0.0,0.0884,optimal
2021-02-09 06:00:00,72,91,2.2857142857142856,0.0,0.0,0.05333333333333334,optimal
2021-02-09 06:30:00,72,91,2.2857142857142856,0.0,0.0,0.19813333333333333,optimal
2021-02-09 07:00:00,72,91,2.2857142857142856,0.0,9.494267723235714,0.292,optimal
2021-02-09 07:30:00,72,91,2.2857142857142856,0.0,0.0,0.41193333333333326,optimal
2021-02-09 08:00:00,72,91,1.0676576051724973,0.0,0.0,0.2361,optimal
2021-02-09 08:30:00,72,91,1.0363820607567464,0.0,0.0,0.37656666666666666,optimal
2021-02-09 09:00:00,72,91,0.897679924963664,0.0,0.0,0.5074,optimal
2021-02-09 09:30:00,72,91,0.9641764551797909,0.0,0.0,0.226,optimal
2021-02-09 10:00:00,72,91,0.6904476197510105,0.0,0.0,0.3569,optimal
2021-02-09 10:30:00,72,91,0.7365026647723859,0.0,0.0,0.2482666666666667,optimal
2021-02-09 11:00:00,72,91,0.5097148995641881,0.0,0.0,0.283,optimal
2021-02-09 11:30:00,72,91,0.5206611466636873,0.0,0.0,0.3413333333333333,optimal
2021-02-09 12:00:00,72,91,0.41637919935149753,0.0,0.0,0.1281,optimal
2021-02-09 12:30:00,72,91,0.43321390463292947,0.0,0.0,0.06653333333333333,optimal
2021-02-09 13:00:00,72,91,2.2857142857142856,0.0,0.0,0.1899,optimal
2021-02-09 13:30:00,72,91,2.2857142857142856,0.0,0.0,0.1196,optimal
2021-02-09 14:00:00,72,91,2.2857142857142856,0.0,0.0,0.2713333333333333,optimal
2021-02-09 14:30:00,72,91,2.2857142857142856,0.0,0.0,0.1355,optimal
2021-02-09 15:00:00,72,91,2.2857142857142856,0.0,0.0,0.07,optimal
2021-02-09 15:30:00,72,91,2.2857142857142856,0.0,0.0,0.061,optimal
2021-02-09 16:00:00,72,91,0.0,0.0,0.0,0.19813333333333333,optimal
2021-02-09 16:30:00,72,91,0.0,0.0,0.0,0.061,optimal
2021-02-09 17:00:00,72,91,0.0,0.0,0.0,0.061,optimal
2021-02-09 17:30:00,72,91,0.0,0.0,0.0,0.14203333333333334,optimal
2021-02-09 18:00:00,72,91,0.0,0.0,0.0,0.1171,optimal
2021-02-09 18:30:00,72,91,0.0,0.0,0.0,0.3873333333333333,optimal
2021-02-09 19:00:00,72,91,0.0,0.0,0.0,0.197,optimal
2021-02-09 19:30:00,72,91,0.0,0.0,0.0,0.2526,optimal
2021-02-09 20:00:00,72,91,0.04518217725021002,0.0,0.0,0.2622,optimal
2021-02-09 20:30:00,72,91,0.0,0.0,0.0,0.12956666666666666,optimal
2021-02-09 21:00:00,72,91,0.0,0.0,0.0,0.12956666666666666,optimal
2021-02-09 21:30:00,72,91,0.0,0.0,0.0,0.061,optimal
2021-02-09 22:00:00,72,91,0.0199047619047619,0.0,0.0,0.19813333333333333,optimal
2021-02-09 22:30:00,72,91,0.0,0.0,0.0,0.061,optimal
2021-02-09 23:00:00,72,91,0.0,0.0,0.0,0.11086666666666666,optimal
2021-02-09 23:30:00,72,91,0.0,0.0,0.0,1.2772333333333332,optimal
2021-02-10 00:00:00,72,91,0.0,0.0,0.0,0.06,optimal
2021-02-10 00:30:00,72,91,0.418,0.0,0.0,0.06,optimal
2021-02-10 01:00:00,72,91,0.0,0.0,0.0,0.10890000000000001,optimal
2021-02-10 01:30:00,72,91,0.3096387461570962,0.0,0.0,0.11976666666666667,optimal
2021-02-10 02:00:00,72,91,2.2857142857142856,0.0,0.0,0.06,optimal
2021-02-10 02:30:00,72,91,2.2857142857142856,0.0,0.0,0.16866666666666666,optimal
2021-02-10 03:00:00,72,91,2.2857142857142856,0.0,0.0,0.06,optimal
2021-02-10 03:30:00,72,91,2.2857142857142856,0.0,0.0,0.06,optimal
2021-02-10 04:00:00,72,91,2.2857142857142856,0.0,0.0,0.16866666666666666,optimal
2021-02-10 04:30:00,72,91,2.2857142857142856,0.0,0.0,0.06,optimal
2021-02-10 05:00:00,72,91,2.2857142857142856,0.0,0.0,0.06,optimal
2021-02-10 05:30:00,72,91,2.2857142857142856,0.0,0.0,0.16866666666666666,optimal
2021-02-10 06:00:00,72,91,2.2857142857142856,0.0,0.0,0.06,optimal
2021-02-10 06:30:00,72,91,2.2857142857142856,0.0,3.5143744408102267,0.11433333333333331,optimal
2021-02-10 07:00:00,72,91,2.2857142857142856,0.0,10.0,0.11433333333333331,optimal
2021-02-10 07:30:00,72,91,2.2857142857142856,0.0,0.0,0.11343333333333333,optimal
2021-02-10 08:00:00,72,91,1.1738870437436868,0.0,0.0,1.3402333333333332,optimal
2021-02-10 08:30:00,72,91,1.2480263178560147,0.0,0.0,0.4605,optimal
2021-02-10 09:00:00,72,91,0.9565354927947346,0.0,0.0,0.34236666666666665,optimal
2021-02-10 09:30:00,72,91,0.8924957192880174,0.0,0.0,0.3968,optimal
2021-02-10 10:00:00,72,91,0.5683514664966337,0.0,0.0,0.6032333333333334,optimal
2021-02-10 10:30:00,72,91,0.650258779223758,0.0,0.0,0.28536666666666666,optimal
2021-02-10 11:00:00,72,91,0.5602595193958516,0.0,0.0,0.1551,optimal
2021-02-10 11:30:00,72,91,0.48849487073774056,0.0,0.0,0.32739999999999997,optimal
2021-02-10 12:00:00,72,91,0.20544111293162232,0.0,0.0,0.4385333333333334,optimal
2021-02-10 12:30:00,72,91,0.24305063674113417,0.0,0.0,0.2834,optimal
2021-02-10 13:00:00,72,91,2.2857142857142856,0.0,0.0,0.1034,optimal
2021-02-10 13:30:00,72,91,2.2857142857142856,0.0,0.0,0.1515,optimal
2021-02-10 14:00:00,72,91,2.2857142857142856,0.0,0.0,0.10183333333333332,optimal
2021-02-10 14:30:00,72,91,2.2857142857142856,0.0,0.0,0.19023333333333328,optimal
2021-02-10 15:00:00,72,91,2.2857142857142856,0.0,0.0,0.2428333333333333,optimal
2021-02-10 15:30:00,72,91,2.2857142857142856,0.0,0.0,0.14966666666666667,optimal
2021-02-10 16:00:00,72,91,0.0,0.0,0.0,0.1611,optimal
2021-02-10 16:30:00,72,91,0.0,0.0,0.0,0.2652,optimal
2021-02-10 17:00:00,72,91,0.0,0.0,0.0,0.4182666666666667,optimal
2021-02-10 17:30:00,72,91,0.0,0.0,0.0,0.22663333333333333,optimal
2021-02-10 18:00:00,72,91,0.0,0.0,0.0,0.07,optimal
2021-02-10 18:30:00,72,91,0.0,0.0,0.0,0.17866666666666667,optimal
2021-02-10 19:00:00,72,91,0.0,0.0,0.0,0.07,optimal
2021-02-10 19:30:00,72,91,0.0,0.0,0.0,0.1189,optimal
2021-02-10 20:00:00,72,91,0.8718425515288666,0.0,0.0,0.12976666666666667,optimal
2021-02-10 20:30:00,72,91,0.0,0.0,0.0,0.07,optimal
2021-02-10 21:00:00,72,91,0.0,0.0,0.0,0.07,optimal
2021-02-10 21:30:00,72,91,0.0,0.0,0.0,0.17866666666666667,optimal
2021-02-10 22:00:00,72,91,0.5374285714285714,0.0,0.0,0.18513333333333332,optimal
2021-02-10 22:30:00,72,91,0.0,0.0,0.0,0.2297333333333333,optimal
2021-02-10 23:00:00,72,91,0.0,0.0,0.0,0.17866666666666667,optimal
2021-02-10 23:30:00,72,91,0.0,0.0,0.0,0.07,optimal
2021-02-11 00:00:00,72,91,0.0,0.0,0.0,0.049,optimal
2021-02-11 00:30:00,72,91,1.8511428571428572,0.0,0.0,0.049,optimal
2021-02-11 01:00:00,72,91,1.666227514421076,0.0,0.0,0.049,optimal
2021-02-11 01:30:00,72,91,2.2857142857142856,0.0,0.0,0.1876,optimal
2021-02-11 02:00:00,72,91,2.2857142857142856,0.0,0.0,0.049,optimal
2021-02-11 02:30:00,72,91,2.2857142857142856,0.0,0.0,0.112,optimal
2021-02-11 03:00:00,72,91,2.2857142857142856,0.0,0.0,0.12459999999999999,optimal
2021-02-11 03:30:00,72,91,2.2857142857142856,0.0,0.0,0.049,optimal
2021-02-11 04:00:00,72,91,2.2857142857142856,0.0,0.0,0.1866,optimal
2021-02-11 04:30:00,72,91,2.2857142857142856,0.0,0.0,0.08433333333333333,optimal
2021-02-11 05:00:00,72,91,2.2857142857142856,0.0,0.0,0.13876666666666668,optimal
2021-02-11 05:30:00,72,91,2.2857142857142856,0.0,0.0,0.1756,optimal
2021-02-11 06:00:00,72,91,2.2857142857142856,0.0,0.0,0.9584,optimal
2021-02-11 06:30:00,72,91,2.2857142857142856,0.0,7.6905651701412125,0.2412,optimal
2021-02-11 07:00:00,72,91,2.2857142857142856,0.0,0.0,0.26163333333333333,optimal
2021-02-11 07:30:00,72,91,2.2857142857142856,0.0,0.0,1.582,optimal
2021-02-11 08:00:00,72,91,1.2231051465590157,0.0,0.0,1.3104333333333333,optimal
2021-02-11 08:30:00,72,91,1.2632778338319055,0.0,0.0,0.35860000000000003,optimal
2021-02-11 09:00:00,72,91,1.0420303983319588,0.0,0.0,1.5947333333333331,optimal
2021-02-11 09:30:00,72,91,1.0396698859492344,0.0,0.0,0.5104333333333333,optimal
2021-02-11 10:00:00,72,91,0.34737268301555274,0.0,0.0,1.828,optimal
2021-02-11 10:30:00,72,91,0.7442977178213807,0.0,0.0,0.3142,optimal
2021-02-11 11:00:00,72,91,0.5204976038667886,0.0,0.0,0.37989999999999996,optimal
2021-02-11 11:30:00,72,91,0.4466855960737856,0.0,0.0,0.33,optimal
2021-02-11 12:00:00,72,91,0.2871487036031868,0.0,0.0,0.058,optimal
2021-02-11 12:30:00,72,91,0.1622403920873193,0.0,0.0,0.3529,optimal
2021-02-11 13:00:00,72,91,2.2857142857142856,0.0,0.0,0.1669,optimal
2021-02-11 13:30:00,72,91,2.2857142857142856,0.0,0.0,0.059,optimal
2021-02-11 14:00:00,72,91,2.2857142857142856,0.0,0.0,0.1535,optimal
2021-02-11 14:30:00,72,91,2.2857142857142856,0.0,0.0,0.1031,optimal
2021-02-11 15:00:00,72,91,2.2857142857142856,0.0,0.0,0.059,optimal
2021-02-11 15:30:00,72,91,2.2857142857142856,0.0,0.0,0.2104333333333333,optimal
2021-02-11 16:00:00,72,91,0.0,0.0,0.0,0.2942333333333333,optimal
2021-02-11 16:30:00,72,91,0.0,0.0,0.0,0.1787,optimal
2021-02-11 17:00:00,72,91,0.0,0.0,0.0,0.08243333333333333,optimal
2021-02-11 17:30:00,72,91,0.0,0.0,0.0,0.10840000000000001,optimal
2021-02-11 18:00:00,72,91,0.0,0.0,0.0,0.2988,optimal
2021-02-11 18:30:00,72,91,0.0,0.0,0.0,0.249,optimal
2021-02-11 19:00:00,72,91,0.0,0.0,0.0,0.217,optimal
2021-02-11 19:30:00,72,91,0.9593618460114788,0.0,0.0,0.122,optimal
2021-02-11 20:00:00,72,91,1.6867230964789899,0.0,0.0,0.2812333333333333,optimal
2021-02-11 20:30:00,72,91,0.0,0.0,0.0,0.196,optimal
2021-02-11 21:00:00,72,91,0.0,0.0,0.0,0.36506666666666665,optimal
2021-02-11 21:30:00,72,91,0.0,0.0,0.0,0.23,optimal
2021-02-11 22:00:00,72,91,1.6122857142857143,0.0,0.0,0.23646666666666666,optimal
2021-02-11 22:30:00,72,91,0.0,0.0,0.0,0.2437,optimal
2021-02-11 23:00:00,72,91,0.0,0.0,0.0,0.21766666666666662,optimal
2021-02-11 23:30:00,72,91,0.0,0.0,0.0,0.08073333333333334,optimal
2021-02-12 00:00:00,72,91,1.8003727446959032,0.0,0.0,0.067,optimal
2021-02-12 00:30:00,72,91,2.2857142857142856,0.0,0.0,0.067,optimal
2021-02-12 01:00:00,72,91,2.2857142857142856,0.0,0.0,0.067,optimal
2021-02-12 01:30:00,72,91,2.2857142857142856,0.0,0.0,0.067,optimal
2021-02-12 02:00:00,72,91,2.2857142857142856,0.0,0.0,0.067,optimal
2021-02-12 02:30:00,72,91,2.2857142857142856,0.0,0.0,0.067,optimal
2021-02-12 03:00:00,72,91,2.2857142857142856,0.0,0.0,0.067,optimal
2021-02-12 03:30:00,72,91,2.2857142857142856,0.0,0.0,0.067,optimal
2021-02-12 04:00:00,72,91,2.2857142857142856,0.0,0.0,0.067,optimal
2021-02-12 04:30:00,72,91,2.2857142857142856,0.0,3.8211967843318613,0.5415333333333333,optimal
2021-02-12 05:00:00,72,91,2.2857142857142856,0.0,10.0,0.8533333333333334,optimal
2021-02-12 05:30:00,72,91,2.2857142857142856,0.0,0.0,0.0728,optimal
2021-02-12 06:00:00,72,91,2.2857142857142856,0.0,0.0,0.08633333333333333,optimal
2021-02-12 06:30:00,72,91,2.2857142857142856,0.0,0.0,0.0841,optimal
2021-02-12 07:00:00,72,91,2.2857142857142856,0.0,0.0,0.088,optimal
2021-02-12 07:30:00,72,91,2.2857142857142856,0.0,0.0,0.077,optimal
2021-02-12 08:00:00,72,91,1.604397120932585,0.0,0.0,0.077,optimal
2021-02-12 08:30:00,72,91,1.6509930849154988,0.0,0.0,0.08066666666666668,optimal
2021-02-12 09:00:00,72,91,1.4338446828328082,0.0,0.0,0.077,optimal
2021-02-12 09:30:00,72,91,1.282717650449497,0.0,0.0,0.077,optimal
2021-02-12 10:00:00,72,91,0.8470966998150197,0.0,0.0,0.077,optimal
2021-02-12 10:30:00,72,91,0.8045714385158914,0.0,0.0,0.08066666666666668,optimal
2021-02-12 11:00:00,72,91,0.5522739940414173,0.0,0.0,0.077,optimal
2021-02-12 11:30:00,72,91,0.5488392887599783,0.0,0.0,0.077,optimal
2021-02-12 12:00:00,72,91,0.4561515895173896,0.0,0.0,0.077,optimal
2021-02-12 12:30:00,72,91,0.4747645032835561,0.0,0.0,0.0761,optimal
2021-02-12 13:00:00,72,91,1.0218319196485055,0.0,0.0,0.0856,optimal
2021-02-12 13:30:00,72,91,1.8097529336442393,0.0,0.0,0.2866,optimal
2021-02-12 14:00:00,72,91,2.2857142857142856,0.0,0.0,0.264,optimal
2021-02-12 14:30:00,72,91,2.2857142857142856,0.0,0.0,1.4653333333333332,optimal
2021-02-12 15:00:00,72,91,2.2857142857142856,0.0,0.0,0.7182000000000001,optimal
2021-02-12 15:30:00,72,91,2.2857142857142856,0.0,0.0,1.5311333333333335,optimal
2021-02-12 16:00:00,72,91,0.0,0.0,0.0,1.0964,optimal
2021-02-12 16:30:00,72,91,0.0,0.0,0.0,0.9937666666666668,optimal
2021-02-12 17:00:00,72,91,0.0,0.0,0.0,0.3247,optimal
2021-02-12 17:30:00,72,91,0.0,0.0,0.0,0.299,optimal
2021-02-12 18:00:00,72,91,0.0,0.0,0.0,0.6742666666666667,optimal
2021-02-12 18:30:00,72,91,0.0,0.0,0.0,0.8200666666666667,optimal
2021-02-12 19:00:00,72,91,0.0,0.0,0.0,0.4271666666666667,optimal
2021-02-12 19:30:00,72,91,0.0,0.0,0.0,1.1719000000000002,optimal
2021-02-12 20:00:00,72,91,0.0,0.0,0.0,0.7707333333333334,optimal
2021-02-12 20:30:00,72,91,0.0,0.0,0.0,0.6136,optimal
2021-02-12 21:00:00,72,91,0.0,0.0,0.0,0.5658333333333334,optimal
2021-02-12 21:30:00,72,91,0.0,0.0,0.0,0.6081666666666666,optimal
2021-02-12 22:00:00,72,91,0.17914285714285713,0.0,0.0,0.5859,optimal
2021-02-12 22:30:00,72,91,0.0,0.0,0.0,0.5573333333333333,optimal
2021-02-12 23:00:00,72,91,0.0,0.0,0.0,0.39826666666666666,optimal
2021-02-12 23:30:00,72,91,0.0,0.0,0.0,0.077,optimal
2021-02-13 00:00:00,72,91,0.0,0.0,0.0,0.07,optimal
2021-02-13 00:30:00,72,91,0.4976190476190476,0.0,0.0,0.064,optimal
2021-02-13 01:00:00,72,91,0.0,0.0,0.0,0.13323333333333331,optimal
2021-02-13 01:30:00,72,91,0.0,0.0,0.0,0.2385,optimal
2021-02-13 02:00:00,72,91,1.9763100217683445,0.0,0.0,0.062,optimal
2021-02-13 02:30:00,72,91,2.2857142857142856,0.0,0.0,0.16219999999999998,optimal
2021-02-13 03:00:00,72,91,2.2857142857142856,0.0,0.0,0.09793333333333333,optimal
2021-02-13 03:30:00,72,91,2.2857142857142856,0.0,0.0,0.1736,optimal
2021-02-13 04:00:00,72,91,2.2857142857142856,0.0,0.0,0.17333333333333334,optimal
2021-02-13 04:30:00,72,91,2.2857142857142856,0.0,0.0,0.062,optimal
2021-02-13 05:00:00,72,91,2.2857142857142856,0.0,0.0,0.2862,optimal
2021-02-13 05:30:00,72,91,2.2857142857142856,0.0,0.0,0.08553333333333334,optimal
2021-02-13 06:00:00,72,91,2.2857142857142856,0.0,5.442982167811399,0.07,optimal
2021-02-13 06:30:00,72,91,2.2857142857142856,0.0,10.0,0.14993333333333334,optimal
2021-02-13 07:00:00,72,91,2.2857142857142856,0.0,10.0,0.10540000000000001,optimal
2021-02-13 07:30:00,72,91,2.2857142857142856,0.0,0.0,0.2072,optimal
2021-02-13 08:00:00,72,91,1.3129094759082576,0.0,0.0,0.10959999999999999,optimal
2021-02-13 08:30:00,72,91,1.2734652468172865,0.0,0.0,0.22240000000000001,optimal
2021-02-13 09:00:00,72,91,1.1852161142264146,0.0,0.0,0.12066666666666669,optimal
2021-02-13 09:30:00,72,91,1.160027349723976,0.0,0.0,0.2077333333333333,optimal
2021-02-13 10:00:00,72,91,0.7692152752022976,0.0,0.0,2.198933333333333,optimal
2021-02-13 10:30:00,72,91,0.9824510461113511,0.0,0.0,0.062,optimal
2021-02-13 11:00:00,72,91,0.6388160576395993,0.0,0.0,0.1984,optimal
2021-02-13 11:30:00,72,91,0.6425432571200702,0.0,0.0,0.177,optimal
2021-02-13 12:00:00,72,91,0.5481952089515897,0.0,0.0,0.072,optimal
2021-02-13 12:30:00,72,91,0.48026865553155806,0.0,0.0,0.2857,optimal
2021-02-13 13:00:00,72,91,2.2857142857142856,0.0,0.0,0.10603333333333331,optimal
2021-02-13 13:30:00,72,91,2.2857142857142856,0.0,0.0,0.072,optimal
2021-02-13 14:00:00,72,91,2.2857142857142856,0.0,0.0,0.165,optimal
2021-02-13 14:30:00,72,91,2.2857142857142856,0.0,0.0,0.2267333333333333,optimal
2021-02-13 15:00:00,72,91,2.2857142857142856,0.0,0.0,0.0968,optimal
2021-02-13 15:30:00,72,91,2.2857142857142856,0.0,0.0,0.2949333333333333,optimal
2021-02-13 16:00:00,72,91,0.0,0.0,0.0,0.072,optimal
2021-02-13 16:30:00,72,91,0.0,0.0,0.0,0.2084,optimal
2021-02-13 17:00:00,72,91,0.0,0.0,0.0,0.1833333333333333,optimal
2021-02-13 17:30:00,72,91,0.0,0.0,0.0,0.3858666666666667,optimal
2021-02-13 18:00:00,72,91,0.0,0.0,0.0,0.9851666666666666,optimal
2021-02-13 18:30:00,72,91,0.0,0.0,0.0,0.18536666666666668,optimal
2021-02-13 19:00:00,72,91,0.0,0.0,0.0,0.1668,optimal
2021-02-13 19:30:00,72,91,1.0945311833986167,0.0,0.0,0.3928666666666667,optimal
2021-02-13 20:00:00,72,91,1.1246386891995879,0.0,0.0,2.1851333333333334,optimal
2021-02-13 20:30:00,72,91,0.3080379206370837,0.0,0.0,0.31489999999999996,optimal
2021-02-13 21:00:00,72,91,0.0,0.0,0.0,0.3181333333333333,optimal
2021-02-13 21:30:00,72,91,0.0,0.0,0.0,0.3516,optimal
2021-02-13 22:00:00,72,91,0.05971428571428571,0.0,0.0,2.2571666666666665,optimal
2021-02-13 22:30:00,72,91,0.5175238095238094,0.0,0.0,0.3261,optimal
2021-02-13 23:00:00,72,91,0.0,0.0,0.0,0.2251,optimal
2021-02-13 23:30:00,72,91,0.0,0.0,0.0,0.072,optimal
2021-02-07 00:00:00,73,91,0.0,0.0,0.0,0.05533333333333334,optimal
2021-02-07 00:30:00,73,91,0.0,0.0,0.0,0.054,optimal
2021-02-07 01:00:00,73,91,0.0,0.0,0.0,0.09293333333333334,optimal
2021-02-07 01:30:00,73,91,0.0,0.0,0.0,0.1124,optimal
2021-02-07 02:00:00,73,91,0.0,0.0,0.0,0.1254,optimal
2021-02-07 02:30:00,73,91,0.0,0.0,0.0,0.054,optimal
2021-02-07 03:00:00,73,91,0.0,0.0,0.0,0.054,optimal
2021-02-07 03:30:00,73,91,0.0,0.0,0.0,0.14486666666666667,optimal
2021-02-07 04:00:00,73,91,2.2857142857142856,0.0,0.0,0.1318666666666667,optimal
2021-02-07 04:30:00,73,91,2.2857142857142856,0.0,0.0,0.054,optimal
2021-02-07 05:00:00,73,91,2.2857142857142856,0.0,0.0,0.15133333333333335,optimal
2021-02-07 05:30:00,73,91,2.2857142857142856,0.0,0.0,0.054,optimal
2021-02-07 06:00:00,73,91,2.2857142857142856,0.0,0.0,0.11526666666666668,optimal
2021-02-07 06:30:00,73,91,2.2857142857142856,0.0,0.0,0.08806666666666667,optimal
2021-02-07 07:00:00,73,91,2.2857142857142856,0.0,1.6063785740462473,0.06843333333333333,optimal
2021-02-07 07:30:00,73,91,0.0,0.0,0.0,0.338,optimal
2021-02-07 08:00:00,73,91,0.0,0.0,0.0,0.30056666666666665,optimal
2021-02-07 08:30:00,73,91,0.0,0.0,0.0,0.08176666666666667,optimal
2021-02-07 09:00:00,73,91,0.0,0.0,0.0,0.19496666666666668,optimal
2021-02-07 09:30:00,73,91,0.9224048585171714,0.0,0.0,0.054,optimal
2021-02-07 10:00:00,73,91,0.7707959658170765,0.0,0.0,1.5196666666666667,optimal
2021-02-07 10:30:00,73,91,0.8535663287609114,0.0,0.0,0.3551666666666667,optimal
2021-02-07 11:00:00,73,91,0.7663544944839383,0.0,0.0,0.26580000000000004,optimal
2021-02-07 11:30:00,73,91,0.805011637341079,0.0,0.0,0.2105,optimal
2021-02-07 12:00:00,73,91,0.6952864132913112,0.0,0.0,0.3122,optimal
2021-02-07 12:30:00,73,91,0.6881397466246332,0.0,0.0,0.3521333333333333,optimal
2021-02-07 13:00:00,73,91,2.2720230825087793,0.0,0.0,0.2386,optimal
2021-02-07 13:30:00,73,91,2.2857142857142856,0.0,0.0,0.37326666666666664,optimal
2021-02-07 14:00:00,73,91,2.2857142857142856,0.0,0.0,0.21466666666666662,optimal
2021-02-07 14:30:00,73,91,2.2857142857142856,0.0,0.0,0.2824,optimal
2021-02-07 15:00:00,73,91,2.2857142857142856,0.0,0.0,0.106,optimal
2021-02-07 15:30:00,73,91,2.2857142857142856,0.0,0.0,0.184,optimal
2021-02-07 16:00:00,73,91,0.0,0.0,0.0,0.9055,optimal
2021-02-07 16:30:00,73,91,0.0,0.0,0.0,0.8322666666666666,optimal
2021-02-07 17:00:00,73,91,0.0,0.0,0.0,0.20946666666666666,optimal
2021-02-07 17:30:00,73,91,0.0,0.0,0.0,0.37073333333333336,optimal
2021-02-07 18:00:00,73,91,0.0,0.0,0.0,0.23826666666666668,optimal
2021-02-07 18:30:00,73,91,0.0,0.0,0.0,0.3926,optimal
2021-02-07 19:00:00,73,91,0.0,0.0,0.0,0.3367333333333333,optimal
2021-02-07 19:30:00,73,91,0.0,0.0,0.0,0.27153333333333335,optimal
2021-02-07 20:00:00,73,91,0.0,0.0,0.0,0.6994666666666667,optimal
2021-02-07 20:30:00,73,91,0.0,0.0,0.0,0.40413333333333334,optimal
2021-02-07 21:00:00,73,91,0.0,0.0,0.0,0.3629333333333333,optimal
2021-02-07 21:30:00,73,91,0.0,0.0,0.0,0.3689666666666666,optimal
2021-02-07 22:00:00,73,91,0.0,0.0,0.0,0.2641,optimal
2021-02-07 22:30:00,73,91,0.0,0.0,0.0,0.4847666666666667,optimal
2021-02-07 23:00:00,73,91,0.0,0.0,0.0,0.064,optimal
2021-02-07 23:30:00,73,91,0.0,0.0,0.0,0.20533333333333328,optimal
2021-02-08 00:00:00,73,91,0.09952380952380951,0.0,0.0,0.1097,optimal
2021-02-08 00:30:00,73,91,0.0,0.0,0.0,0.25730000000000003,optimal
2021-02-08 01:00:00,73,91,0.0,0.0,0.0,0.22056666666666663,optimal
2021-02-08 01:30:00,73,91,0.0,0.0,0.0,0.20083333333333328,optimal
2021-02-08 02:00:00,73,91,0.0,0.0,0.0,0.1633,optimal
2021-02-08 02:30:00,73,91,0.8597399805322758,0.0,0.0,0.3794333333333333,optimal
2021-02-08 03:00:00,73,91,2.2857142857142856,0.0,0.0,0.26573333333333327,optimal
2021-02-08 03:30:00,73,91,2.2857142857142856,0.0,0.0,0.059,optimal
2021-02-08 04:00:00,73,91,2.2857142857142856,0.0,0.0,0.06366666666666666,optimal
2021-02-08 04:30:00,73,91,2.2857142857142856,0.0,0.0,0.2830666666666667,optimal
2021-02-08 05:00:00,73,91,2.2857142857142856,0.0,0.0,0.059,optimal
2021-02-08 05:30:00,73,91,2.2857142857142856,0.0,0.0,0.19963333333333333,optimal
2021-02-08 06:00:00,73,91,2.2857142857142856,0.0,3.235624642455668,0.18009999999999998,optimal
2021-02-08 06:30:00,73,91,2.2857142857142856,0.0,10.0,0.3411,optimal
2021-02-08 07:00:00,73,91,2.2857142857142856,0.0,0.0,0.4079,optimal
2021-02-08 07:30:00,73,91,2.2857142857142856,0.0,0.0,0.10993333333333334,optimal
2021-02-08 08:00:00,73,91,1.2470614815351686,0.0,0.0,0.15186666666666668,optimal
2021-02-08 08:30:00,73,91,1.2576451778123232,0.0,0.0,0.24186666666666667,optimal
2021-02-08 09:00:00,73,91,1.177304404358543,0.0,0.0,0.059,optimal
2021-02-08 09:30:00,73,91,1.1529050504189722,0.0,0.0,0.10966666666666669,optimal
2021-02-08 10:00:00,73,91,0.8878576057330763,0.0,0.0,0.2287333333333333,optimal
2021-02-08 10:30:00,73,91,0.9466569596726341,0.0,0.0,0.059,optimal
2021-02-08 11:00:00,73,91,0.6729028951507103,0.0,0.0,0.14533333333333334,optimal
2021-02-08 11:30:00,73,91,0.6907001512545047,0.0,0.0,0.06366666666666666,optimal
2021-02-08 12:00:00,73,91,0.5650214053905123,0.0,0.0,0.19473333333333329,optimal
2021-02-08 12:30:00,73,91,0.5645397271219079,0.0,0.0,0.14533333333333334,optimal
2021-02-08 13:00:00,73,91,2.2857142857142856,0.0,0.0,0.059,optimal
2021-02-08 13:30:00,73,91,2.2857142857142856,0.0,0.0,0.2189333333333333,optimal
2021-02-08 14:00:00,73,91,2.2857142857142856,0.0,0.0,0.0952,optimal
2021-02-08 14:30:00,73,91,2.2857142857142856,0.0,0.0,0.18619999999999998,optimal
2021-02-08 15:00:00,73,91,2.2857142857142856,0.0,0.0,0.16086666666666669,optimal
2021-02-08 15:30:00,73,91,2.2857142857142856,0.0,0.0,0.0945,optimal
2021-02-08 16:00:00,73,91,0.0,0.0,0.0,0.2489,optimal
2021-02-08 16:30:00,73,91,0.0,0.0,0.0,0.059,optimal
2021-02-08 17:00:00,73,91,0.0,0.0,0.0,0.19493333333333332,optimal
2021-02-08 17:30:00,73,91,0.0,0.0,0.0,0.15480000000000002,optimal
2021-02-08 18:00:00,73,91,0.0,0.0,0.0,0.07876666666666667,optimal
2021-02-08 18:30:00,73,91,0.0,0.0,0.0,0.24763333333333332,optimal
2021-02-08 19:00:00,73,91,0.0,0.0,0.0,0.2051,optimal
2021-02-08 19:30:00,73,91,0.2716041154039238,0.0,0.0,0.20406666666666665,optimal
2021-02-08 20:00:00,73,91,1.3190167380298896,0.0,0.0,0.133,optimal
2021-02-08 20:30:00,73,91,0.0,0.0,0.0,0.16156666666666666,optimal
2021-02-08 21:00:00,73,91,0.0,0.0,0.0,0.1755,optimal
2021-02-08 21:30:00,73,91,0.0,0.0,0.0,0.05966666666666666,optimal
2021-02-08 22:00:00,73,91,0.0,0.0,0.0,0.2017333333333333,optimal
2021-02-08 22:30:00,73,91,0.0,0.0,0.0,0.15533333333333335,optimal
2021-02-08 23:00:00,73,91,0.0,0.0,0.0,0.07503333333333333,optimal
2021-02-08 23:30:00,73,91,0.0,0.0,0.0,0.2327,optimal
2021-02-09 00:00:00,73,91,0.0,0.0,0.0,0.06,optimal
2021-02-09 00:30:00,73,91,2.030285714285714,0.0,0.0,0.1262333333333333,optimal
2021-02-09 01:00:00,73,91,0.0,0.0,0.0,0.24616666666666662,optimal
2021-02-09 01:30:00,73,91,0.0,0.0,0.0,0.1124,optimal
2021-02-09 02:00:00,73,91,1.25490757592785,0.0,0.0,0.07640000000000001,optimal
2021-02-09 02:30:00,73,91,2.2857142857142856,0.0,0.0,0.0728,optimal
2021-02-09 03:00:00,73,91,2.2857142857142856,0.0,0.0,0.2328,optimal
2021-02-09 03:30:00,73,91,2.2857142857142856,0.0,0.0,0.10579999999999999,optimal
2021-02-09 04:00:00,73,91,2.2857142857142856,0.0,0.0,0.0912,optimal
2021-02-09 04:30:00,73,91,2.2857142857142856,0.0,0.0,0.19340000000000002,optimal
2021-02-09 05:00:00,73,91,2.2857142857142856,0.0,7.581731740650752,0.062,optimal
2021-02-09 05:30:00,73,91,2.2857142857142856,0.0,10.0,0.1268,optimal
2021-02-09 06:00:00,73,91,2.2857142857142856,0.0,10.0,0.062,optimal
2021-02-09 06:30:00,73,91,2.2857142857142856,0.0,10.0,0.3892,optimal
2021-02-09 07:00:00,73,91,2.2857142857142856,0.0,10.0,0.32713333333333333,optimal
2021-02-09 07:30:00,73,91,2.2857142857142856,0.0,0.0,0.3418,optimal
2021-02-09 08:00:00,73,91,0.6374576051724953,0.0,0.0,2.7641999999999998,optimal
2021-02-09 08:30:00,73,91,1.0419553940900772,0.0,0.0,0.7916333333333333,optimal
2021-02-09 09:00:00,73,91,0.9636704011541477,0.0,0.0,0.3327,optimal
2021-02-09 09:30:00,73,91,0.9855955027988363,0.0,0.0,0.2981666666666667,optimal
2021-02-09 10:00:00,73,91,0.6946000007034014,0.0,0.0,0.5113666666666666,optimal
2021-02-09 10:30:00,73,91,0.7420455219152308,0.0,0.0,0.3238666666666667,optimal
2021-02-09 11:00:00,73,91,0.41436251861181017,0.0,0.0,0.5014,optimal
2021-02-09 11:30:00,73,91,0.4733468609493972,0.0,0.0,0.25993333333333335,optimal
2021-02-09 12:00:00,73,91,0.33785538982768304,0.0,0.0,0.19493333333333332,optimal
2021-02-09 12:30:00,73,91,0.2477091427281705,0.0,0.0,1.4526,optimal
2021-02-09 13:00:00,73,91,0.9308901424340803,0.0,0.0,1.1930999999999998,optimal
2021-02-09 13:30:00,73,91,2.285714285714285,0.0,0.0,0.144,optimal
2021-02-09 14:00:00,73,91,2.2857142857142856,0.0,0.0,0.3812,optimal
2021-02-09 14:30:00,73,91,2.2857142857142856,0.0,0.0,0.27896666666666664,optimal
2021-02-09 15:00:00,73,91,2.2857142857142856,0.0,0.0,0.40523333333333333,optimal
2021-02-09 15:30:00,73,91,2.2857142857142856,0.0,0.0,0.2585,optimal
2021-02-09 16:00:00,73,91,0.0,0.0,0.0,0.1972333333333333,optimal
2021-02-09 16:30:00,73,91,0.0,0.0,0.0,0.42193333333333327,optimal
2021-02-09 17:00:00,73,91,0.0,0.0,0.0,0.4185,optimal
2021-02-09 17:30:00,73,91,0.0,0.0,0.0,1.4815999999999998,optimal
2021-02-09 18:00:00,73,91,0.0,0.0,0.0,0.8233666666666667,optimal
2021-02-09 18:30:00,73,91,0.0,0.0,0.0,0.3571666666666667,optimal
2021-02-09 19:00:00,73,91,0.0,0.0,0.0,0.5527000000000001,optimal
2021-02-09 19:30:00,73,91,0.0,0.0,0.0,0.7817999999999999,optimal
2021-02-09 20:00:00,73,91,0.0,0.0,0.0,0.4921666666666667,optimal
2021-02-09 20:30:00,73,91,0.0,0.0,0.0,1.1533,optimal
2021-02-09 21:00:00,73,91,0.0,0.0,0.0,0.40093333333333325,optimal
2021-02-09 21:30:00,73,91,0.0,0.0,0.0,0.2723,optimal
2021-02-09 22:00:00,73,91,0.0,0.0,0.0,0.27786666666666665,optimal
2021-02-09 22:30:00,73,91,0.0,0.0,0.0,0.072,optimal
2021-02-09 23:00:00,73,91,0.0,0.0,0.0,0.2326,optimal
2021-02-09 23:30:00,73,91,0.0,0.0,0.0,0.1008,optimal
2021-02-10 00:00:00,73,91,0.0,0.0,0.0,0.1138,optimal
2021-02-10 00:30:00,73,91,0.29857142857142854,0.0,0.0,0.14966666666666667,optimal
2021-02-10 01:00:00,73,91,0.0,0.0,0.0,0.081,optimal
2021-02-10 01:30:00,73,91,0.0,0.0,0.0,0.1066,optimal
2021-02-10 02:00:00,73,91,1.155421184193895,0.0,0.0,0.097,optimal
2021-02-10 02:30:00,73,91,2.2857142857142856,0.0,0.0,0.0906,optimal
2021-02-10 03:00:00,73,91,2.2857142857142856,0.0,0.0,0.0746,optimal
2021-02-10 03:30:00,73,91,2.2857142857142856,0.0,0.0,0.113,optimal
2021-02-10 04:00:00,73,91,2.2857142857142856,0.0,0.0,0.081,optimal
2021-02-10 04:30:00,73,91,2.2857142857142856,0.0,0.0,0.1066,optimal
2021-02-10 05:00:00,73,91,2.2857142857142856,0.0,0.0,0.065,optimal
2021-02-10 05:30:00,73,91,2.2857142857142856,0.0,0.0,0.065,optimal
2021-02-10 06:00:00,73,91,2.2857142857142856,0.0,0.0,0.23753333333333332,optimal
2021-02-10 06:30:00,73,91,2.2857142857142856,0.0,0.0,0.38766666666666666,optimal
2021-02-10 07:00:00,73,91,2.2857142857142856,0.0,6.122636480402548,0.35333333333333333,optimal
2021-02-10 07:30:00,73,91,2.2857142857142856,0.0,0.0,0.075,optimal
2021-02-10 08:00:00,73,91,1.3879651389817624,0.0,0.0,0.075,optimal
2021-02-10 08:30:00,73,91,1.3577691749988732,0.0,0.0,0.1326,optimal
2021-02-10 09:00:00,73,91,1.1987164451756913,0.0,0.0,0.075,optimal
2021-02-10 09:30:00,73,91,1.1813204811927773,0.0,0.0,0.0878,optimal
2021-02-10 10:00:00,73,91,0.8962581331632976,0.0,0.0,0.1198,optimal
2021-02-10 10:30:00,73,91,0.896011160176127,0.0,0.0,0.0846,optimal
2021-02-10 11:00:00,73,91,0.6934404717768097,0.0,0.0,0.123,optimal
2021-02-10 11:30:00,73,91,0.7002853469282136,0.0,0.0,0.075,optimal
2021-02-10 12:00:00,73,91,0.45912682721732034,0.0,0.0,0.075,optimal
2021-02-10 12:30:00,73,91,0.45364111293161674,0.0,0.0,0.0942,optimal
2021-02-10 13:00:00,73,91,2.2857142857142856,0.0,0.0,0.1134,optimal
2021-02-10 13:30:00,73,91,2.2857142857142856,0.0,0.0,0.075,optimal
2021-02-10 14:00:00,73,91,2.2857142857142856,0.0,0.0,0.075,optimal
2021-02-10 14:30:00,73,91,2.2857142857142856,0.0,0.0,0.1326,optimal
2021-02-10 15:00:00,73,91,2.2857142857142856,0.0,0.0,0.075,optimal
2021-02-10 15:30:00,73,91,2.2857142857142856,0.0,0.0,0.1326,optimal
2021-02-10 16:00:00,73,91,0.0,0.0,0.0,0.075,optimal
2021-02-10 16:30:00,73,91,0.0,0.0,0.0,0.1326,optimal
2021-02-10 17:00:00,73,91,0.0,0.0,0.0,0.075,optimal
2021-02-10 17:30:00,73,91,0.0,0.0,0.0,0.1326,optimal
2021-02-10 18:00:00,73,91,0.0,0.0,0.0,0.6154,optimal
2021-02-10 18:30:00,73,91,0.0,0.0,0.0,0.33746666666666664,optimal
2021-02-10 19:00:00,73,91,0.0,0.0,0.0,0.5812999999999999,optimal
2021-02-10 19:30:00,73,91,0.8282856959919124,0.0,0.0,0.279,optimal
2021-02-10 20:00:00,73,91,1.223351682792984,0.0,0.0,0.3222,optimal
2021-02-10 20:30:00,73,91,0.0,0.0,0.0,0.17326666666666668,optimal
2021-02-10 21:00:00,73,91,0.0,0.0,0.0,0.1326,optimal
2021-02-10 21:30:00,73,91,0.0,0.0,0.0,0.075,optimal
2021-02-10 22:00:00,73,91,0.0,0.0,0.0,0.075,optimal
2021-02-10 22:30:00,73,91,0.0,0.0,0.0,0.1326,optimal
2021-02-10 23:00:00,73,91,0.0,0.0,0.0,0.075,optimal
2021-02-10 23:30:00,73,91,0.0,0.0,0.0,0.1306,optimal
2021-02-11 00:00:00,73,91,0.0,0.0,0.0,0.07566666666666667,optimal
2021-02-11 00:30:00,73,91,0.6809781717589285,0.0,0.0,0.2581666666666667,optimal
2021-02-11 01:00:00,73,91,2.2857142857142856,0.0,0.0,0.0655,optimal
2021-02-11 01:30:00,73,91,2.2857142857142856,0.0,0.0,0.13033333333333336,optimal
2021-02-11 02:00:00,73,91,2.2857142857142856,0.0,0.0,0.144,optimal
2021-02-11 02:30:00,73,91,2.2857142857142856,0.0,0.0,0.062,optimal
2021-02-11 03:00:00,73,91,2.2857142857142856,0.0,0.0,0.2753333333333333,optimal
2021-02-11 03:30:00,73,91,2.2857142857142856,0.0,0.0,0.062,optimal
2021-02-11 04:00:00,73,91,2.2857142857142856,0.0,0.0,0.111,optimal
2021-02-11 04:30:00,73,91,2.2857142857142856,0.0,0.0,0.076,optimal
2021-02-11 05:00:00,73,91,2.2857142857142856,0.0,0.0,0.2753333333333333,optimal
2021-02-11 05:30:00,73,91,2.2857142857142856,0.0,0.0,0.062,optimal
2021-02-11 06:00:00,73,91,2.2857142857142856,0.0,0.0,0.062,optimal
2021-02-11 06:30:00,73,91,2.2857142857142856,0.0,3.909347191046792,0.065,optimal
2021-02-11 07:00:00,73,91,2.2857142857142856,0.0,10.0,0.064,optimal
2021-02-11 07:30:00,73,91,2.2857142857142856,0.0,0.0,0.06,optimal
2021-02-11 08:00:00,73,91,1.5230499084637594,0.0,0.0,0.062,optimal
2021-02-11 08:30:00,73,91,1.5153540243080814,0.0,0.0,0.125,optimal
2021-02-11 09:00:00,73,91,1.3567846840462574,0.0,0.0,0.065,optimal
2021-02-11 09:30:00,73,91,1.2254394097587566,0.0,0.0,0.13,optimal
2021-02-11 10:00:00,73,91,0.8232869687298197,0.0,0.0,0.062,optimal
2021-02-11 10:30:00,73,91,0.8105510511547236,0.0,0.0,0.2508333333333333,optimal
2021-02-11 11:00:00,73,91,0.6560633181524962,0.0,0.0,0.0865,optimal
2021-02-11 11:30:00,73,91,0.5955427389309155,0.0,0.0,0.118,optimal
2021-02-11 12:00:00,73,91,0.32819632265081156,0.0,0.0,0.2193333333333333,optimal
2021-02-11 12:30:00,73,91,0.16115277303970746,0.0,0.0,1.2800666666666667,optimal
2021-02-11 13:00:00,73,91,2.2857142857142856,0.0,0.0,0.7577999999999999,optimal
2021-02-11 13:30:00,73,91,2.2857142857142856,0.0,0.0,0.3138333333333333,optimal
2021-02-11 14:00:00,73,91,2.2857142857142856,0.0,0.0,2.3099000000000003,optimal
2021-02-11 14:30:00,73,91,2.2857142857142856,0.0,0.0,0.5587000000000001,optimal
2021-02-11 15:00:00,73,91,2.2857142857142856,0.0,0.0,0.13,optimal
2021-02-11 15:30:00,73,91,2.2857142857142856,0.0,0.0,0.2123333333333333,optimal
2021-02-11 16:00:00,73,91,0.0,0.0,0.0,0.0795,optimal
2021-02-11 16:30:00,73,91,0.0,0.0,0.0,0.2608333333333333,optimal
2021-02-11 17:00:00,73,91,0.0,0.0,0.0,0.07,optimal
2021-02-11 17:30:00,73,91,0.0,0.0,0.0,0.062,optimal
2021-02-11 18:00:00,73,91,0.0,0.0,0.0,0.11666666666666668,optimal
2021-02-11 18:30:00,73,91,0.0,0.0,0.0,0.16166666666666665,optimal
2021-02-11 19:00:00,73,91,0.0,0.0,0.0,0.13233333333333333,optimal
2021-02-11 19:30:00,73,91,0.8483852771107002,0.0,0.0,0.062,optimal
2021-02-11 20:00:00,73,91,1.8199326202885073,0.0,0.0,0.062,optimal
2021-02-11 20:30:00,73,91,0.0,0.0,0.0,0.9783333333333334,optimal
2021-02-11 21:00:00,73,91,0.0,0.0,0.0,0.78,optimal
2021-02-11 21:30:00,73,91,0.0,0.0,0.0,0.5794,optimal
2021-02-11 22:00:00,73,91,0.0,0.0,0.0,0.5125333333333333,optimal
2021-02-11 22:30:00,73,91,0.0,0.0,0.0,0.5101,optimal
2021-02-11 23:00:00,73,91,0.0,0.0,0.0,0.125,optimal
2021-02-11 23:30:00,73,91,0.0,0.0,0.0,0.08933333333333333,optimal
2021-02-12 00:00:00,73,91,0.023458127672888095,0.0,0.0,0.0864,optimal
2021-02-12 00:30:00,73,91,2.2857142857142856,0.0,0.0,0.18580000000000002,optimal
2021-02-12 01:00:00,73,91,2.2857142857142856,0.0,0.0,0.135,optimal
2021-02-12 01:30:00,73,91,2.2857142857142856,0.0,0.0,0.2666,optimal
2021-02-12 02:00:00,73,91,2.2857142857142856,0.0,0.0,0.1006,optimal
2021-02-12 02:30:00,73,91,2.2857142857142856,0.0,0.0,0.058,optimal
2021-02-12 03:00:00,73,91,2.2857142857142856,0.0,0.0,0.30219999999999997,optimal
2021-02-12 03:30:00,73,91,2.2857142857142856,0.0,0.0,0.14133333333333334,optimal
2021-02-12 04:00:00,73,91,2.2857142857142856,0.0,0.0,0.09273333333333332,optimal
2021-02-12 04:30:00,73,91,2.2857142857142856,0.0,0.0,0.115,optimal
2021-02-12 05:00:00,73,91,2.2857142857142856,0.0,0.0,0.161,optimal
2021-02-12 05:30:00,73,91,2.2857142857142856,0.0,0.0,0.2782,optimal
2021-02-12 06:00:00,73,91,2.2857142857142856,0.0,3.3740332486838938,0.062,optimal
2021-02-12 06:30:00,73,91,2.2857142857142856,0.0,10.0,0.134,optimal
2021-02-12 07:00:00,73,91,2.2857142857142856,0.0,10.0,0.2382,optimal
2021-02-12 07:30:00,73,91,2.2857142857142856,0.0,0.0,0.185,optimal
2021-02-12 08:00:00,73,91,1.6439780733135543,0.0,0.0,0.6328666666666667,optimal
2021-02-12 08:30:00,73,91,1.5760787992012113,0.0,0.0,0.22419999999999998,optimal
2021-02-12 09:00:00,73,91,1.3929875399756695,0.0,0.0,0.22,optimal
2021-02-12 09:30:00,73,91,1.2795747933066335,0.0,0.0,0.088,optimal
2021-02-12 10:00:00,73,91,0.8290966998150249,0.0,0.0,0.14,optimal
2021-02-12 10:30:00,73,91,0.7978476289920726,0.0,0.0,0.15319999999999998,optimal
2021-02-12 11:00:00,73,91,0.362159708327114,0.0,0.0,0.9424333333333331,optimal
2021-02-12 11:30:00,73,91,0.341810717331411,0.0,0.0,1.4433333333333334,optimal
2021-02-12 12:00:00,73,91,0.23869444666024628,0.0,0.0,1.0743,optimal
2021-02-12 12:30:00,73,91,0.2726025985216522,0.0,0.0,0.37660000000000005,optimal
2021-02-12 13:00:00,73,91,2.2687629847241273,0.0,0.0,0.08406666666666666,optimal
2021-02-12 13:30:00,73,91,2.2857142857142856,0.0,0.0,0.2714,optimal
2021-02-12 14:00:00,73,91,2.2857142857142856,0.0,0.0,0.4368,optimal
2021-02-12 14:30:00,73,91,2.2857142857142856,0.0,0.0,0.45630000000000004,optimal
2021-02-12 15:00:00,73,91,2.2857142857142856,0.0,0.0,1.5704,optimal
2021-02-12 15:30:00,73,91,2.2857142857142856,0.0,0.0,0.7382000000000001,optimal
2021-02-12 16:00:00,73,91,0.0,0.0,0.0,0.4646666666666667,optimal
2021-02-12 16:30:00,73,91,0.0,0.0,0.0,0.3862,optimal
2021-02-12 17:00:00,73,91,0.0,0.0,0.0,0.4965,optimal
2021-02-12 17:30:00,73,91,0.0,0.0,0.0,0.5572333333333334,optimal
2021-02-12 18:00:00,73,91,0.0,0.0,0.0,0.3624666666666666,optimal
2021-02-12 18:30:00,73,91,0.0,0.0,0.0,0.387,optimal
2021-02-12 19:00:00,73,91,0.0,0.0,0.0,0.3654333333333333,optimal
2021-02-12 19:30:00,73,91,0.0,0.0,0.0,0.36723333333333336,optimal
2021-02-12 20:00:00,73,91,0.0,0.0,0.0,0.8125666666666668,optimal
2021-02-12 20:30:00,73,91,0.0,0.0,0.0,0.21316666666666662,optimal
2021-02-12 21:00:00,73,91,0.0,0.0,0.0,0.2474333333333333,optimal
2021-02-12 21:30:00,73,91,0.0,0.0,0.0,0.46636666666666665,optimal
2021-02-12 22:00:00,73,91,0.17914285714285713,0.0,0.0,0.204,optimal
2021-02-12 22:30:00,73,91,0.0,0.0,0.0,0.5429666666666667,optimal
2021-02-12 23:00:00,73,91,0.0,0.0,0.0,0.3099666666666666,optimal
2021-02-12 23:30:00,73,91,0.0,0.0,0.0,0.6731,optimal
2021-02-13 00:00:00,73,91,0.0,0.0,0.0,0.056,optimal
2021-02-13 00:30:00,73,91,0.418,0.0,0.0,0.056,optimal
2021-02-13 01:00:00,73,91,0.0,0.0,0.0,0.20413333333333333,optimal
2021-02-13 01:30:00,73,91,0.0,0.0,0.0,0.056,optimal
2021-02-13 02:00:00,73,91,1.2823888726514616,0.0,0.0,0.20413333333333333,optimal
2021-02-13 02:30:00,73,91,2.2857142857142856,0.0,0.0,0.056,optimal
2021-02-13 03:00:00,73,91,2.2857142857142856,0.0,0.0,0.056,optimal
2021-02-13 03:30:00,73,91,2.2857142857142856,0.0,0.0,0.08966666666666667,optimal
2021-02-13 04:00:00,73,91,2.2857142857142856,0.0,0.0,0.17046666666666666,optimal
2021-02-13 04:30:00,73,91,2.2857142857142856,0.0,0.0,0.056,optimal
2021-02-13 05:00:00,73,91,2.2857142857142856,0.0,0.0,0.20413333333333333,optimal
2021-02-13 05:30:00,73,91,2.2857142857142856,0.0,0.0,0.05766666666666666,optimal
2021-02-13 06:00:00,73,91,2.2857142857142856,0.0,0.0,0.19066666666666662,optimal
2021-02-13 06:30:00,73,91,2.2857142857142856,0.0,7.8214131287430035,0.15086666666666668,optimal
2021-02-13 07:00:00,73,91,2.2857142857142856,0.0,0.0,0.1212,optimal
2021-02-13 07:30:00,73,91,2.2857142857142856,0.0,0.0,1.6271666666666667,optimal
2021-02-13 08:00:00,73,91,1.3433570949558824,0.0,0.0,0.073,optimal
2021-02-13 08:30:00,73,91,1.4318271515791887,0.0,0.0,0.066,optimal
2021-02-13 09:00:00,73,91,1.2354542094645233,0.0,0.0,0.21413333333333331,optimal
2021-02-13 09:30:00,73,91,1.260604492581125,0.0,0.0,0.066,optimal
2021-02-13 10:00:00,73,91,0.9695143228213572,0.0,0.0,0.1266,optimal
2021-02-13 10:30:00,73,91,0.9583843794446743,0.0,0.0,0.15353333333333333,optimal
2021-02-13 11:00:00,73,91,0.6787303433538947,0.0,0.0,0.066,optimal
2021-02-13 11:30:00,73,91,0.6752956380724557,0.0,0.0,0.066,optimal
2021-02-13 12:00:00,73,91,0.516433304189669,0.0,0.0,0.18046666666666666,optimal
2021-02-13 12:30:00,73,91,0.532649607912523,0.0,0.0,0.09966666666666668,optimal
2021-02-13 13:00:00,73,91,2.2857142857142856,0.0,0.0,0.07273333333333333,optimal
2021-02-13 13:30:00,73,91,2.2857142857142856,0.0,0.0,0.2074,optimal
2021-02-13 14:00:00,73,91,2.2857142857142856,0.0,0.0,0.066,optimal
2021-02-13 14:30:00,73,91,2.2857142857142856,0.0,0.0,0.16026666666666667,optimal
2021-02-13 15:00:00,73,91,2.2857142857142856,0.0,0.0,0.11986666666666666,optimal
2021-02-13 15:30:00,73,91,2.2857142857142856,0.0,0.0,0.07273333333333333,optimal
2021-02-13 16:00:00,73,91,0.0,0.0,0.0,0.2074,optimal
2021-02-13 16:30:00,73,91,0.0,0.0,0.0,0.066,optimal
2021-02-13 17:00:00,73,91,0.0,0.0,0.0,0.16026666666666667,optimal
2021-02-13 17:30:00,73,91,0.0,0.0,0.0,0.11986666666666666,optimal
2021-02-13 18:00:00,73,91,0.0,0.0,0.0,0.066,optimal
2021-02-13 18:30:00,73,91,0.0,0.0,0.0,0.14006666666666667,optimal
2021-02-13 19:00:00,73,91,0.0,0.0,0.0,0.17956666666666665,optimal
2021-02-13 19:30:00,73,91,1.1408563096760829,0.0,0.0,0.06566666666666666,optimal
2021-02-13 20:00:00,73,91,1.3628386891995776,0.0,0.0,0.18046666666666666,optimal
2021-02-13 20:30:00,73,91,0.0,0.0,0.0,0.09966666666666668,optimal
2021-02-13 21:00:00,73,91,0.0,0.0,0.0,0.26463333333333333,optimal
2021-02-13 21:30:00,73,91,0.0,0.0,0.0,0.5612333333333334,optimal
2021-02-13 22:00:00,73,91,0.19904761904761903,0.0,0.0,0.40773333333333334,optimal
2021-02-13 22:30:00,73,91,0.0,0.0,0.0,0.3096666666666667,optimal
2021-02-13 23:00:00,73,91,0.0,0.0,0.0,0.2935,optimal
2021-02-13 23:30:00,73,91,0.0,0.0,0.0,0.5081333333333333,optimal
2021-02-07 00:00:00,74,91,0.0,0.0,0.0,0.06,optimal
2021-02-07 00:30:00,74,91,0.0,0.0,0.0,0.06,optimal
2021-02-07 01:00:00,74,91,0.0,0.0,0.0,0.18,optimal
2021-02-07 01:30:00,74,91,0.0,0.0,0.0,0.14880000000000002,optimal
2021-02-07 02:00:00,74,91,0.0,0.0,0.0,0.18773333333333328,optimal
2021-02-07 02:30:00,74,91,0.0,0.0,0.0,0.13119999999999998,optimal
2021-02-07 03:00:00,74,91,0.0,0.0,0.0,0.12733333333333333,optimal
2021-02-07 03:30:00,74,91,0.0,0.0,0.0,0.162,optimal
2021-02-07 04:00:00,74,91,2.2857142857142856,0.0,0.0,0.134,optimal
2021-02-07 04:30:00,74,91,2.2857142857142856,0.0,0.0,0.09453333333333332,optimal
2021-02-07 05:00:00,74,91,2.2857142857142856,0.0,0.0,0.06,optimal
2021-02-07 05:30:00,74,91,2.2857142857142856,0.0,0.0,0.18466666666666662,optimal
2021-02-07 06:00:00,74,91,2.2857142857142856,0.0,0.0,0.1144,optimal
2021-02-07 06:30:00,74,91,2.2857142857142856,0.0,0.0,0.15880000000000002,optimal
2021-02-07 07:00:00,74,91,2.2857142857142856,0.0,2.623502212245243,1.5565333333333333,optimal
2021-02-07 07:30:00,74,91,0.0,0.0,0.0,0.7398666666666667,optimal
2021-02-07 08:00:00,74,91,0.0,0.0,0.0,0.1977333333333333,optimal
2021-02-07 08:30:00,74,91,0.0,0.0,0.0,0.1574,optimal
2021-02-07 09:00:00,74,91,0.0,0.0,0.0,0.3801333333333333,optimal
2021-02-07 09:30:00,74,91,0.0,0.0,0.0,0.2314,optimal
2021-02-07 10:00:00,74,91,0.8893461591910443,0.0,0.0,0.17653333333333332,optimal
2021-02-07 10:30:00,74,91,0.9330177573323375,0.0,0.0,0.1935,optimal
2021-02-07 11:00:00,74,91,0.8083354468648866,0.0,0.0,0.17006666666666667,optimal
2021-02-07 11:30:00,74,91,0.49693354210297763,0.0,0.0,1.9610333333333334,optimal
2021-02-07 12:00:00,74,91,0.3893568894817782,0.0,0.0,1.7744000000000002,optimal
2021-02-07 12:30:00,74,91,0.6665245085294124,0.0,0.0,0.2887333333333333,optimal
2021-02-07 13:00:00,74,91,2.2857142857142856,0.0,0.0,0.07,optimal
2021-02-07 13:30:00,74,91,2.2857142857142856,0.0,0.0,0.2837333333333333,optimal
2021-02-07 14:00:00,74,91,2.2857142857142856,0.0,0.0,0.0848,optimal
2021-02-07 14:30:00,74,91,2.2857142857142856,0.0,0.0,0.0848,optimal
2021-02-07 15:00:00,74,91,2.2857142857142856,0.0,0.0,0.16373333333333331,optimal
2021-02-07 15:30:00,74,91,2.2857142857142856,0.0,0.0,0.184,optimal
2021-02-07 16:00:00,74,91,0.0,0.0,0.0,0.5167999999999999,optimal
2021-02-07 16:30:00,74,91,0.0,0.0,0.0,0.4758,optimal
2021-02-07 17:00:00,74,91,0.0,0.0,0.0,0.19,optimal
2021-02-07 17:30:00,74,91,0.0,0.0,0.0,0.7259333333333333,optimal
2021-02-07 18:00:00,74,91,0.0,0.0,0.0,1.2552,optimal
2021-02-07 18:30:00,74,91,0.0,0.0,0.0,1.7385333333333333,optimal
2021-02-07 19:00:00,74,91,0.0,0.0,0.0,1.642266666666667,optimal
2021-02-07 19:30:00,74,91,0.0,0.0,0.0,1.7598,optimal
2021-02-07 20:00:00,74,91,0.9798704874075016,0.0,0.0,0.4584666666666666,optimal
2021-02-07 20:30:00,74,91,0.0,0.0,0.0,0.40513333333333335,optimal
2021-02-07 21:00:00,74,91,0.0,0.0,0.0,0.3898333333333333,optimal
2021-02-07 21:30:00,74,91,0.0,0.0,0.0,0.5446,optimal
2021-02-07 22:00:00,74,91,0.0,0.0,0.0,0.4404333333333333,optimal
2021-02-07 22:30:00,74,91,0.0,0.0,0.0,0.388,optimal
2021-02-07 23:00:00,74,91,0.0,0.0,0.0,0.4449333333333333,optimal
2021-02-07 23:30:00,74,91,0.0,0.0,0.0,0.166,optimal
2021-02-08 00:00:00,74,91,0.0,0.0,0.0,0.057,optimal
2021-02-08 00:30:00,74,91,0.2388571428571428,0.0,0.0,0.18246666666666667,optimal
2021-02-08 01:00:00,74,91,0.0,0.0,0.0,0.1336,optimal
2021-02-08 01:30:00,74,91,0.0,0.0,0.0,0.0664,optimal
2021-02-08 02:00:00,74,91,0.0,0.0,0.0,0.20033333333333328,optimal
2021-02-08 02:30:00,74,91,1.672251859140459,0.0,0.0,0.10933333333333331,optimal
2021-02-08 03:00:00,74,91,2.2857142857142856,0.0,0.0,0.1674,optimal
2021-02-08 03:30:00,74,91,2.2857142857142856,0.0,0.0,0.15566666666666665,optimal
2021-02-08 04:00:00,74,91,2.2857142857142856,0.0,0.0,0.09459999999999999,optimal
2021-02-08 04:30:00,74,91,2.2857142857142856,0.0,0.0,0.12279999999999999,optimal
2021-02-08 05:00:00,74,91,2.2857142857142856,0.0,0.0,0.09646666666666669,optimal
2021-02-08 05:30:00,74,91,2.2857142857142856,0.0,0.0,0.1679,optimal
2021-02-08 06:00:00,74,91,2.2857142857142856,0.0,1.969374042236265,0.1087,optimal
2021-02-08 06:30:00,74,91,2.2857142857142856,0.0,10.0,0.17916666666666667,optimal
2021-02-08 07:00:00,74,91,2.2857142857142856,0.0,10.0,0.1369,optimal
2021-02-08 07:30:00,74,91,2.2857142857142856,0.0,0.0,0.15566666666666665,optimal
2021-02-08 08:00:00,74,91,1.2557376720113576,0.0,0.0,0.057,optimal
2021-02-08 08:30:00,74,91,1.096386130193281,0.0,0.0,0.9007999999999999,optimal
2021-02-08 09:00:00,74,91,0.9693082138823356,0.0,0.0,0.8941,optimal
2021-02-08 09:30:00,74,91,0.940002193276113,0.0,0.0,1.1397,optimal
2021-02-08 10:00:00,74,91,0.6174899866854646,0.0,0.0,2.7345333333333333,optimal
2021-02-08 10:30:00,74,91,0.804830293005973,0.0,0.0,1.7404666666666666,optimal
2021-02-08 11:00:00,74,91,0.6620362284840432,0.0,0.0,0.18919999999999998,optimal
2021-02-08 11:30:00,74,91,0.6914144369687827,0.0,0.0,0.067,optimal
2021-02-08 12:00:00,74,91,0.5622404530095588,0.0,0.0,0.21196666666666666,optimal
2021-02-08 12:30:00,74,91,0.5736063937885664,0.0,0.0,0.12409999999999999,optimal
2021-02-08 13:00:00,74,91,2.2857142857142856,0.0,0.0,0.067,optimal
2021-02-08 13:30:00,74,91,2.2857142857142856,0.0,0.0,0.1375,optimal
2021-02-08 14:00:00,74,91,2.2857142857142856,0.0,0.0,0.18869999999999998,optimal
2021-02-08 14:30:00,74,91,2.2857142857142856,0.0,0.0,0.11446666666666669,optimal
2021-02-08 15:00:00,74,91,2.2857142857142856,0.0,0.0,0.1772,optimal
2021-02-08 15:30:00,74,91,2.2857142857142856,0.0,0.0,0.12126666666666668,optimal
2021-02-08 16:00:00,74,91,0.0,0.0,0.0,0.1704,optimal
2021-02-08 16:30:00,74,91,0.0,0.0,0.0,0.15580000000000002,optimal
2021-02-08 17:00:00,74,91,0.0,0.0,0.0,0.13796666666666668,optimal
2021-02-08 17:30:00,74,91,0.0,0.0,0.0,0.1093,optimal
2021-02-08 18:00:00,74,91,0.0,0.0,0.0,0.16566666666666666,optimal
2021-02-08 18:30:00,74,91,0.0,0.0,0.0,0.1422,optimal
2021-02-08 19:00:00,74,91,0.0,0.0,0.0,0.0952,optimal
2021-02-08 19:30:00,74,91,0.41804298051816674,0.0,0.0,0.16566666666666666,optimal
2021-02-08 20:00:00,74,91,1.3207310237441747,0.0,0.0,0.1375,optimal
2021-02-08 20:30:00,74,91,0.0,0.0,0.0,0.18869999999999998,optimal
2021-02-08 21:00:00,74,91,0.0,0.0,0.0,0.07686666666666667,optimal
2021-02-08 21:30:00,74,91,0.0,0.0,0.0,0.17836666666666667,optimal
2021-02-08 22:00:00,74,91,0.0,0.0,0.0,0.15769999999999998,optimal
2021-02-08 22:30:00,74,91,0.0,0.0,0.0,0.12126666666666668,optimal
2021-02-08 23:00:00,74,91,0.0,0.0,0.0,0.1114,optimal
2021-02-08 23:30:00,74,91,0.0,0.0,0.0,0.062,optimal
2021-02-09 00:00:00,74,91,0.0398095238095238,0.0,0.0,0.06206666666666667,optimal
2021-02-09 00:30:00,74,91,0.3582857142857142,0.0,0.0,0.3721333333333333,optimal
2021-02-09 01:00:00,74,91,0.0,0.0,0.0,0.0942,optimal
2021-02-09 01:30:00,74,91,0.0,0.0,0.0,0.1409,optimal
2021-02-09 02:00:00,74,91,1.3238451512329588,0.0,0.0,0.23303333333333334,optimal
2021-02-09 02:30:00,74,91,2.2857142857142856,0.0,0.0,0.1514,optimal
2021-02-09 03:00:00,74,91,2.2857142857142856,0.0,0.0,0.1724,optimal
2021-02-09 03:30:00,74,91,2.2857142857142856,0.0,0.0,0.20153333333333334,optimal
2021-02-09 04:00:00,74,91,2.2857142857142856,0.0,0.0,0.1829,optimal
2021-02-09 04:30:00,74,91,2.2857142857142856,0.0,0.0,0.2541,optimal
2021-02-09 05:00:00,74,91,2.2857142857142856,0.0,0.0,0.12133333333333332,optimal
2021-02-09 05:30:00,74,91,2.2857142857142856,0.0,0.0,0.14186666666666667,optimal
2021-02-09 06:00:00,74,91,2.2857142857142856,0.0,0.0,0.29146666666666665,optimal
2021-02-09 06:30:00,74,91,2.2857142857142856,0.0,2.305514427789035,0.06266666666666666,optimal
2021-02-09 07:00:00,74,91,2.2857142857142856,0.0,10.0,0.30596666666666666,optimal
2021-02-09 07:30:00,74,91,2.2857142857142856,0.0,0.0,0.19496666666666668,optimal
2021-02-09 08:00:00,74,91,1.2021242718391696,0.0,0.0,0.2137,optimal
2021-02-09 08:30:00,74,91,1.284763013137707,0.0,0.0,0.3132333333333333,optimal
2021-02-09 09:00:00,74,91,1.1902037344874694,0.0,0.0,0.1005,optimal
2021-02-09 09:30:00,74,91,1.1318716932750414,0.0,0.0,0.23253333333333334,optimal
2021-02-09 10:00:00,74,91,0.8605523816557618,0.0,0.0,0.2412,optimal
2021-02-09 10:30:00,74,91,0.8889788552485723,0.0,0.0,0.08159999999999999,optimal
2021-02-09 11:00:00,74,91,0.5832958519451302,0.0,0.0,0.28113333333333335,optimal
2021-02-09 11:30:00,74,91,0.6015563847589236,0.0,0.0,0.2052,optimal
2021-02-09 12:00:00,74,91,0.4626649136371983,0.0,0.0,0.11309999999999999,optimal
2021-02-09 12:30:00,74,91,0.41859485701388355,0.0,0.0,0.27936666666666665,optimal
2021-02-09 13:00:00,74,91,2.2857142857142856,0.0,0.0,0.1628666666666667,optimal
2021-02-09 13:30:00,74,91,2.2857142857142856,0.0,0.0,0.2076,optimal
2021-02-09 14:00:00,74,91,2.2857142857142856,0.0,0.0,0.1863333333333333,optimal
2021-02-09 14:30:00,74,91,2.2857142857142856,0.0,0.0,0.1992,optimal
2021-02-09 15:00:00,74,91,2.2857142857142856,0.0,0.0,0.2754,optimal
2021-02-09 15:30:00,74,91,2.2857142857142856,0.0,0.0,0.08073333333333334,optimal
2021-02-09 16:00:00,74,91,0.0,0.0,0.0,0.2811,optimal
2021-02-09 16:30:00,74,91,0.0,0.0,0.0,0.17003333333333334,optimal
2021-02-09 17:00:00,74,91,0.0,0.0,0.0,0.19,optimal
2021-02-09 17:30:00,74,91,0.0,0.0,0.0,0.12253333333333331,optimal
2021-02-09 18:00:00,74,91,0.0,0.0,0.0,0.3410666666666667,optimal
2021-02-09 18:30:00,74,91,0.0,0.0,0.0,0.3815,optimal
2021-02-09 19:00:00,74,91,0.0,0.0,0.0,0.2979,optimal
2021-02-09 19:30:00,74,91,0.0,0.0,0.0,1.7071666666666667,optimal
2021-02-09 20:00:00,74,91,0.03688497596745102,0.0,0.0,0.5121333333333333,optimal
2021-02-09 20:30:00,74,91,0.0,0.0,0.0,0.37376666666666664,optimal
2021-02-09 21:00:00,74,91,0.0,0.0,0.0,0.26653333333333334,optimal
2021-02-09 21:30:00,74,91,0.0,0.0,0.0,0.21456666666666663,optimal
2021-02-09 22:00:00,74,91,0.0,0.0,0.0,0.21126666666666669,optimal
2021-02-09 22:30:00,74,91,0.0,0.0,0.0,0.12266666666666669,optimal
2021-02-09 23:00:00,74,91,0.0,0.0,0.0,0.27346666666666664,optimal
2021-02-09 23:30:00,74,91,0.0,0.0,0.0,0.1989333333333333,optimal
2021-02-10 00:00:00,74,91,0.0,0.0,0.0,0.063,optimal
2021-02-10 00:30:00,74,91,1.3535238095238094,0.0,0.0,0.1174,optimal
2021-02-10 01:00:00,74,91,0.0,0.0,0.0,0.15819999999999998,optimal
2021-02-10 01:30:00,74,91,0.0,0.0,0.0,0.128,optimal
2021-02-10 02:00:00,74,91,1.3893277112426365,0.0,0.0,0.19319999999999998,optimal
2021-02-10 02:30:00,74,91,2.2857142857142856,0.0,0.0,0.1174,optimal
2021-02-10 03:00:00,74,91,2.2857142857142856,0.0,0.0,0.163,optimal
2021-02-10 03:30:00,74,91,2.2857142857142856,0.0,0.0,0.21259999999999998,optimal
2021-02-10 04:00:00,74,91,2.2857142857142856,0.0,0.0,0.143,optimal
2021-02-10 04:30:00,74,91,2.2857142857142856,0.0,0.0,0.083,optimal
2021-02-10 05:00:00,74,91,2.2857142857142856,0.0,0.0,0.21259999999999998,optimal
2021-02-10 05:30:00,74,91,2.2857142857142856,0.0,0.0,0.073,optimal
2021-02-10 06:00:00,74,91,2.2857142857142856,0.0,0.0,0.2954,optimal
2021-02-10 06:30:00,74,91,2.2857142857142856,0.0,0.0,0.14133333333333334,optimal
2021-02-10 07:00:00,74,91,2.2857142857142856,0.0,9.389398855139133,0.172,optimal
2021-02-10 07:30:00,74,91,2.2857142857142856,0.0,0.0,0.2998,optimal
2021-02-10 08:00:00,74,91,1.237805138981783,0.0,0.0,0.09040000000000001,optimal
2021-02-10 08:30:00,74,91,1.1141539369036262,0.0,0.0,1.6870333333333334,optimal
2021-02-10 09:00:00,74,91,1.1679735880328173,0.0,0.0,0.2402,optimal
2021-02-10 09:30:00,74,91,1.1528633383356472,0.0,0.0,0.245,optimal
2021-02-10 10:00:00,74,91,0.9034924188775804,0.0,0.0,0.1804,optimal
2021-02-10 10:30:00,74,91,0.821856874461845,0.0,0.0,0.45030000000000003,optimal
2021-02-10 11:00:00,74,91,0.7062976146339488,0.0,0.0,0.078,optimal
2021-02-10 11:30:00,74,91,0.6930853469282249,0.0,0.0,0.1002,optimal
2021-02-10 12:00:00,74,91,0.41901254150304185,0.0,0.0,0.2154,optimal
2021-02-10 12:30:00,74,91,0.4368411129316126,0.0,0.0,0.153,optimal
2021-02-10 13:00:00,74,91,2.2857142857142856,0.0,0.0,0.2022,optimal
2021-02-10 13:30:00,74,91,2.2857142857142856,0.0,0.0,0.1784,optimal
2021-02-10 14:00:00,74,91,2.2857142857142856,0.0,0.0,0.122,optimal
2021-02-10 14:30:00,74,91,2.2857142857142856,0.0,0.0,0.2686,optimal
2021-02-10 15:00:00,74,91,2.2857142857142856,0.0,0.0,0.093,optimal
2021-02-10 15:30:00,74,91,2.2857142857142856,0.0,0.0,0.2226,optimal
2021-02-10 16:00:00,74,91,0.0,0.0,0.0,0.073,optimal
2021-02-10 16:30:00,74,91,0.0,0.0,0.0,0.209,optimal
2021-02-10 17:00:00,74,91,0.0,0.0,0.0,0.1366,optimal
2021-02-10 17:30:00,74,91,0.0,0.0,0.0,0.12533333333333332,optimal
2021-02-10 18:00:00,74,91,0.0,0.0,0.0,0.39966666666666667,optimal
2021-02-10 18:30:00,74,91,0.0,0.0,0.0,0.4644666666666666,optimal
2021-02-10 19:00:00,74,91,0.0,0.0,0.0,0.36573333333333335,optimal
2021-02-10 19:30:00,74,91,0.0,0.0,0.0,0.3619333333333333,optimal
2021-02-10 20:00:00,74,91,0.13543420371802334,0.0,0.0,2.340333333333333,optimal
2021-02-10 20:30:00,74,91,0.0,0.0,0.0,0.6620333333333333,optimal
2021-02-10 21:00:00,74,91,0.0,0.0,0.0,0.5320666666666667,optimal
2021-02-10 21:30:00,74,91,0.0,0.0,0.0,0.4295,optimal
2021-02-10 22:00:00,74,91,0.0,0.0,0.0,0.073,optimal
2021-02-10 22:30:00,74,91,0.0,0.0,0.0,0.3226,optimal
2021-02-10 23:00:00,74,91,0.0,0.0,0.0,0.073,optimal
2021-02-10 23:30:00,74,91,0.0,0.0,0.0,0.073,optimal
2021-02-11 00:00:00,74,91,0.0,0.0,0.0,0.047,optimal
2021-02-11 00:30:00,74,91,1.472952380952381,0.0,0.0,0.047,optimal
2021-02-11 01:00:00,74,91,1.443917961675772,0.0,0.0,0.047,optimal
2021-02-11 01:30:00,74,91,2.2857142857142856,0.0,0.0,0.19146666666666667,optimal
2021-02-11 02:00:00,74,91,2.2857142857142856,0.0,0.0,0.047,optimal
2021-02-11 02:30:00,74,91,2.2857142857142856,0.0,0.0,0.06670000000000001,optimal
2021-02-11 03:00:00,74,91,2.2857142857142856,0.0,0.0,0.17176666666666668,optimal
2021-02-11 03:30:00,74,91,2.2857142857142856,0.0,0.0,0.047,optimal
2021-02-11 04:00:00,74,91,2.2857142857142856,0.0,0.0,0.09296666666666668,optimal
2021-02-11 04:30:00,74,91,2.2857142857142856,0.0,0.0,0.1455,optimal
2021-02-11 05:00:00,74,91,2.2857142857142856,0.0,0.0,0.047,optimal
2021-02-11 05:30:00,74,91,2.2857142857142856,0.0,0.0,0.19146666666666667,optimal
2021-02-11 06:00:00,74,91,2.2857142857142856,0.0,0.0,0.05533333333333334,optimal
2021-02-11 06:30:00,74,91,2.2857142857142856,0.0,0.0,0.054666666666666655,optimal
2021-02-11 07:00:00,74,91,2.2857142857142856,0.0,7.585116742685419,0.18946666666666667,optimal
2021-02-11 07:30:00,74,91,2.2857142857142856,0.0,0.0,0.045,optimal
2021-02-11 08:00:00,74,91,1.2434213370351952,0.0,0.0,0.2425,optimal
2021-02-11 08:30:00,74,91,1.259192119546176,0.0,0.0,0.19853333333333334,optimal
2021-02-11 09:00:00,74,91,1.189251350712911,0.0,0.0,0.06766666666666667,optimal
2021-02-11 09:30:00,74,91,1.0950108383301926,0.0,0.0,0.06293333333333333,optimal
2021-02-11 10:00:00,74,91,0.5683250639679275,0.0,0.0,0.18513333333333332,optimal
2021-02-11 10:30:00,74,91,0.6049605749642548,0.0,0.0,0.27703333333333335,optimal
2021-02-11 11:00:00,74,91,0.2895471276763131,0.0,0.0,1.0212,optimal
2021-02-11 11:30:00,74,91,0.28811607226426167,0.0,0.0,0.8744333333333333,optimal
2021-02-11 12:00:00,74,91,0.2483677512222209,0.0,0.0,0.22453333333333333,optimal
2021-02-11 12:30:00,74,91,0.23843086827781376,0.0,0.0,0.1802,optimal
2021-02-11 13:00:00,74,91,1.5820807186729375,0.0,0.0,0.16606666666666667,optimal
2021-02-11 13:30:00,74,91,2.2857142857142856,0.0,0.0,0.08059999999999999,optimal
2021-02-11 14:00:00,74,91,2.2857142857142856,0.0,0.0,0.1002,optimal
2021-02-11 14:30:00,74,91,2.2857142857142856,0.0,0.0,0.3080333333333334,optimal
2021-02-11 15:00:00,74,91,2.2857142857142856,0.0,0.0,1.846733333333333,optimal
2021-02-11 15:30:00,74,91,2.2857142857142856,0.0,0.0,2.4508,optimal
2021-02-11 16:00:00,74,91,0.0,0.0,0.0,2.2796333333333334,optimal
2021-02-11 16:30:00,74,91,0.0,0.0,0.0,0.1432,optimal
2021-02-11 17:00:00,74,91,0.0,0.0,0.0,0.2087,optimal
2021-02-11 17:30:00,74,91,0.0,0.0,0.0,0.30696666666666667,optimal
2021-02-11 18:00:00,74,91,0.0,0.0,0.0,0.19013333333333332,optimal
2021-02-11 18:30:00,74,91,0.0,0.0,0.0,0.3609,optimal
2021-02-11 19:00:00,74,91,0.0,0.0,0.0,0.17226666666666668,optimal
2021-02-11 19:30:00,74,91,0.0,0.0,0.0,0.11120000000000001,optimal
2021-02-11 20:00:00,74,91,0.0,0.0,0.0,0.15130000000000002,optimal
2021-02-11 20:30:00,74,91,0.0,0.0,0.0,0.4395333333333334,optimal
2021-02-11 21:00:00,74,91,0.0,0.0,0.0,0.4774,optimal
2021-02-11 21:30:00,74,91,0.0,0.0,0.0,0.1589,optimal
2021-02-11 22:00:00,74,91,0.0796190476190476,0.0,0.0,0.18819999999999998,optimal
2021-02-11 22:30:00,74,91,0.0,0.0,0.0,0.057,optimal
2021-02-11 23:00:00,74,91,0.0,0.0,0.0,0.057,optimal
2021-02-11 23:30:00,74,91,0.0,0.0,0.0,0.20146666666666666,optimal
2021-02-12 00:00:00,74,91,0.2156747185393423,0.0,0.0,0.059,optimal
2021-02-12 00:30:00,74,91,2.2857142857142856,0.0,0.0,0.059,optimal
2021-02-12 01:00:00,74,91,2.2857142857142856,0.0,0.0,0.07346666666666667,optimal
2021-02-12 01:30:00,74,91,2.2857142857142856,0.0,0.0,0.20366666666666663,optimal
2021-02-12 02:00:00,74,91,2.2857142857142856,0.0,0.0,0.059,optimal
2021-02-12 02:30:00,74,91,2.2857142857142856,0.0,0.0,0.21813333333333332,optimal
2021-02-12 03:00:00,74,91,2.2857142857142856,0.0,0.0,0.059,optimal
2021-02-12 03:30:00,74,91,2.2857142857142856,0.0,0.0,0.059,optimal
2021-02-12 04:00:00,74,91,2.2857142857142856,0.0,0.0,0.059,optimal
2021-02-12 04:30:00,74,91,2.2857142857142856,0.0,0.0,0.20276666666666668,optimal
2021-02-12 05:00:00,74,91,2.2857142857142856,0.0,0.0,0.08936666666666666,optimal
2021-02-12 05:30:00,74,91,2.2857142857142856,0.0,0.0,0.059,optimal
2021-02-12 06:00:00,74,91,2.2857142857142856,0.0,0.0,0.21813333333333332,optimal
2021-02-12 06:30:00,74,91,2.2857142857142856,0.0,1.3227376680398464,0.059,optimal
2021-02-12 07:00:00,74,91,2.2857142857142856,0.0,10.0,0.059,optimal
2021-02-12 07:30:00,74,91,2.2857142857142856,0.0,0.0,0.21813333333333332,optimal
2021-02-12 08:00:00,74,91,2.0482180733135453,0.0,0.0,0.8746,optimal
2021-02-12 08:30:00,74,91,1.469762608725019,0.0,0.0,1.3947,optimal
2021-02-12 09:00:00,74,91,1.4069970637852005,0.0,0.0,0.17026666666666668,optimal
2021-02-12 09:30:00,74,91,1.2848033647352124,0.0,0.0,0.069,optimal
2021-02-12 10:00:00,74,91,0.8491824141007348,0.0,0.0,0.069,optimal
2021-02-12 10:30:00,74,91,0.7865714385158737,0.0,0.0,0.19196666666666667,optimal
2021-02-12 11:00:00,74,91,0.5440263749937996,0.0,0.0,0.10516666666666669,optimal
2021-02-12 11:30:00,74,91,0.5343916697123564,0.0,0.0,0.12686666666666666,optimal
2021-02-12 12:00:00,74,91,0.42930397046975904,0.0,0.0,0.17026666666666668,optimal
2021-02-12 12:30:00,74,91,0.4548025985216659,0.0,0.0,0.069,optimal
2021-02-12 13:00:00,74,91,2.2857142857142856,0.0,0.0,0.08346666666666668,optimal
2021-02-12 13:30:00,74,91,2.2857142857142856,0.0,0.0,0.21366666666666662,optimal
2021-02-12 14:00:00,74,91,2.2857142857142856,0.0,0.0,0.069,optimal
2021-02-12 14:30:00,74,91,2.2857142857142856,0.0,0.0,0.19196666666666667,optimal
2021-02-12 15:00:00,74,91,2.2857142857142856,0.0,0.0,0.10516666666666669,optimal
2021-02-12 15:30:00,74,91,2.2857142857142856,0.0,0.0,0.069,optimal
2021-02-12 16:00:00,74,91,0.0,0.0,0.0,0.22813333333333333,optimal
2021-02-12 16:30:00,74,91,0.0,0.0,0.0,0.069,optimal
2021-02-12 17:00:00,74,91,0.0,0.0,0.0,2.4831333333333334,optimal
2021-02-12 17:30:00,74,91,0.0,0.0,0.0,0.303,optimal
2021-02-12 18:00:00,74,91,0.0,0.0,0.0,2.3759333333333332,optimal
2021-02-12 18:30:00,74,91,0.0,0.0,0.0,0.4208,optimal
2021-02-12 19:00:00,74,91,0.0,0.0,0.0,0.3917333333333333,optimal
2021-02-12 19:30:00,74,91,0.4723256408814849,0.0,0.0,0.2658333333333333,optimal
2021-02-12 20:00:00,74,91,1.1513567844376815,0.0,0.0,0.9711666666666666,optimal
2021-02-12 20:30:00,74,91,0.0,0.0,0.0,1.7266333333333335,optimal
2021-02-12 21:00:00,74,91,0.0,0.0,0.0,2.9099,optimal
2021-02-12 21:30:00,74,91,0.0,0.0,0.0,1.9135333333333333,optimal
2021-02-12 22:00:00,74,91,0.11942857142857143,0.0,0.0,0.26026666666666665,optimal
2021-02-12 22:30:00,74,91,0.0398095238095238,0.0,0.0,0.6573,optimal
2021-02-12 23:00:00,74,91,0.05971428571428571,0.0,0.0,2.5871999999999997,optimal
2021-02-12 23:30:00,74,91,0.0398095238095238,0.0,0.0,2.147333333333333,optimal
2021-02-13 00:00:00,74,91,0.0,0.0,0.0,0.06266666666666666,optimal
2021-02-13 00:30:00,74,91,0.6966666666666668,0.0,0.0,0.06733333333333333,optimal
2021-02-13 01:00:00,74,91,0.0,0.0,0.0,0.07,optimal
2021-02-13 01:30:00,74,91,0.0,0.0,0.0,0.07,optimal
2021-02-13 02:00:00,74,91,2.1572619096887964,0.0,0.0,0.07,optimal
2021-02-13 02:30:00,74,91,2.2857142857142856,0.0,0.0,0.07,optimal
2021-02-13 03:00:00,74,91,2.2857142857142856,0.0,0.0,0.06933333333333333,optimal
2021-02-13 03:30:00,74,91,2.2857142857142856,0.0,0.0,0.06866666666666667,optimal
2021-02-13 04:00:00,74,91,2.2857142857142856,0.0,0.0,0.07,optimal
2021-02-13 04:30:00,74,91,2.2857142857142856,0.0,0.0,0.07,optimal
2021-02-13 05:00:00,74,91,2.2857142857142856,0.0,0.0,0.07,optimal
2021-02-13 05:30:00,74,91,2.2857142857142856,0.0,0.0,0.07,optimal
2021-02-13 06:00:00,74,91,2.2857142857142856,0.0,0.0,0.07,optimal
2021-02-13 06:30:00,74,91,2.2857142857142856,0.0,5.4063385782534485,0.16036666666666669,optimal
2021-02-13 07:00:00,74,91,2.2857142857142856,0.0,0.0,1.0367,optimal
2021-02-13 07:30:00,74,91,2.2857142857142856,0.0,0.0,0.07,optimal
2021-02-13 08:00:00,74,91,1.4344332854320672,0.0,0.0,0.07,optimal
2021-02-13 08:30:00,74,91,1.4309985801506282,0.0,0.0,0.07,optimal
2021-02-13 09:00:00,74,91,1.2769494475597587,0.0,0.0,0.07,optimal
2021-02-13 09:30:00,74,91,1.2597759211525645,0.0,0.0,0.07,optimal
2021-02-13 10:00:00,74,91,0.9860000371070726,0.0,0.0,0.07,optimal
2021-02-13 10:30:00,74,91,0.9825653318256338,0.0,0.0,0.07,optimal
2021-02-13 11:00:00,74,91,0.6779017719253113,0.0,0.0,0.07,optimal
2021-02-13 11:30:00,74,91,0.6744670666438723,0.0,0.0,0.07,optimal
2021-02-13 12:00:00,74,91,0.5483094946658724,0.0,0.0,0.07,optimal
2021-02-13 12:30:00,74,91,0.5414400841029947,0.0,0.0,0.07,optimal
2021-02-13 13:00:00,74,91,2.2857142857142856,0.0,0.0,0.12766666666666668,optimal
2021-02-13 13:30:00,74,91,2.2857142857142856,0.0,0.0,0.08473333333333334,optimal
2021-02-13 14:00:00,74,91,2.2857142857142856,0.0,0.0,1.9952,optimal
2021-02-13 14:30:00,74,91,2.2857142857142856,0.0,0.0,0.6347999999999999,optimal
2021-02-13 15:00:00,74,91,2.2857142857142856,0.0,0.0,0.07,optimal
2021-02-13 15:30:00,74,91,2.2857142857142856,0.0,0.0,0.07,optimal
2021-02-13 16:00:00,74,91,0.0,0.0,0.0,0.07,optimal
2021-02-13 16:30:00,74,91,0.0,0.0,0.0,0.07,optimal
2021-02-13 17:00:00,74,91,0.0,0.0,0.0,0.07,optimal
2021-02-13 17:30:00,74,91,0.0,0.0,0.0,0.20616666666666664,optimal
2021-02-13 18:00:00,74,91,0.0,0.0,0.0,0.07,optimal
2021-02-13 18:30:00,74,91,0.0,0.0,0.0,0.6506666666666666,optimal
2021-02-13 19:00:00,74,91,0.0,0.0,0.0,1.3508,optimal
2021-02-13 19:30:00,74,91,0.026364501775870696,0.0,0.0,0.3561333333333333,optimal
2021-02-13 20:00:00,74,91,1.2000101177710187,0.0,0.0,0.25316666666666665,optimal
2021-02-13 20:30:00,74,91,0.0,0.0,0.0,0.3031333333333333,optimal
2021-02-13 21:00:00,74,91,0.0,0.0,0.0,0.26193333333333335,optimal
2021-02-13 21:30:00,74,91,0.0,0.0,0.0,0.35026666666666667,optimal
2021-02-13 22:00:00,74,91,0.0199047619047619,0.0,0.0,0.3494,optimal
2021-02-13 22:30:00,74,91,0.0,0.0,0.0,0.29910000000000003,optimal
2021-02-13 23:00:00,74,91,0.0,0.0,0.0,0.205,optimal
2021-02-13 23:30:00,74,91,0.0,0.0,0.0,0.2348,optimal
2021-02-07 00:00:00,75,91,0.0,0.0,0.0,0.062,optimal
2021-02-07 00:30:00,75,91,0.0,0.0,0.0,0.1306,optimal
2021-02-07 01:00:00,75,91,0.0,0.0,0.0,0.09140000000000001,optimal
2021-02-07 01:30:00,75,91,0.0,0.0,0.0,0.062,optimal
2021-02-07 02:00:00,75,91,0.0,0.0,0.0,0.062,optimal
2021-02-07 02:30:00,75,91,0.0,0.0,0.0,0.08159999999999999,optimal
2021-02-07 03:00:00,75,91,0.0,0.0,0.0,0.1404,optimal
2021-02-07 03:30:00,75,91,0.0,0.0,0.0,0.062,optimal
2021-02-07 04:00:00,75,91,2.4285714285714284,0.0,0.0,0.16,optimal
2021-02-07 04:30:00,75,91,2.4285714285714284,0.0,0.0,0.062,optimal
2021-02-07 05:00:00,75,91,2.4285714285714284,0.0,0.0,0.1159,optimal
2021-02-07 05:30:00,75,91,2.4285714285714284,0.0,0.0,0.1061,optimal
2021-02-07 06:00:00,75,91,2.4285714285714284,0.0,0.0,0.062,optimal
2021-02-07 06:30:00,75,91,2.4285714285714284,0.0,0.0,0.1012,optimal
2021-02-07 07:00:00,75,91,2.4285714285714284,0.0,1.7076336144509696,0.12079999999999999,optimal
2021-02-07 07:30:00,75,91,0.0,0.0,0.0,0.066,optimal
2021-02-07 08:00:00,75,91,0.0,0.0,0.0,0.07066666666666667,optimal
2021-02-07 08:30:00,75,91,0.0,0.0,0.0,0.17316666666666666,optimal
2021-02-07 09:00:00,75,91,0.0,0.0,0.0,1.7536666666666667,optimal
2021-02-07 09:30:00,75,91,0.0,0.0,0.0,0.1434,optimal
2021-02-07 10:00:00,75,91,0.47969484299053705,0.0,0.0,1.9242666666666668,optimal
2021-02-07 10:30:00,75,91,0.829960614475196,0.0,0.0,0.386,optimal
2021-02-07 11:00:00,75,91,0.9291544944839379,0.0,0.0,0.072,optimal
2021-02-07 11:30:00,75,91,0.9291544944839379,0.0,0.0,0.072,optimal
2021-02-07 12:00:00,75,91,0.8035340323389302,0.0,0.0,0.17,optimal
2021-02-07 12:30:00,75,91,0.8315340323389295,0.0,0.0,0.072,optimal
2021-02-07 13:00:00,75,91,2.340893855405924,0.0,0.0,0.072,optimal
2021-02-07 13:30:00,75,91,2.4285714285714284,0.0,0.0,0.15530000000000002,optimal
2021-02-07 14:00:00,75,91,2.4285714285714284,0.0,0.0,0.0867,optimal
2021-02-07 14:30:00,75,91,2.4285714285714284,0.0,0.0,0.072,optimal
2021-02-07 15:00:00,75,91,2.4285714285714284,0.0,0.0,0.072,optimal
2021-02-07 15:30:00,75,91,2.4285714285714284,0.0,0.0,0.1933666666666667,optimal
2021-02-07 16:00:00,75,91,0.0,0.0,0.0,0.7613,optimal
2021-02-07 16:30:00,75,91,0.0,0.0,0.0,1.4058666666666666,optimal
2021-02-07 17:00:00,75,91,0.0,0.0,0.0,0.2926666666666667,optimal
2021-02-07 17:30:00,75,91,0.0,0.0,0.0,0.22963333333333333,optimal
2021-02-07 18:00:00,75,91,0.0,0.0,0.0,1.834233333333333,optimal
2021-02-07 18:30:00,75,91,0.0,0.0,0.0,1.9906666666666668,optimal
2021-02-07 19:00:00,75,91,0.0,0.0,0.0,1.9606,optimal
2021-02-07 19:30:00,75,91,0.0,0.0,0.0,0.1925,optimal
2021-02-07 20:00:00,75,91,0.0,0.0,0.0,0.20526666666666668,optimal
2021-02-07 20:30:00,75,91,0.0,0.0,0.0,0.119,optimal
2021-02-07 21:00:00,75,91,0.0,0.0,0.0,0.6347333333333334,optimal
2021-02-07 21:30:00,75,91,0.0,0.0,0.0,2.3755333333333333,optimal
2021-02-07 22:00:00,75,91,0.0,0.0,0.0,1.5921333333333334,optimal
2021-02-07 22:30:00,75,91,0.0,0.0,0.0,0.2392,optimal
2021-02-07 23:00:00,75,91,0.0,0.0,0.0,1.7456666666666667,optimal
2021-02-07 23:30:00,75,91,0.0,0.0,0.0,0.6601333333333333,optimal
2021-02-08 00:00:00,75,91,0.0,0.0,0.0,0.057,optimal
2021-02-08 00:30:00,75,91,0.0,0.0,0.0,0.057,optimal
2021-02-08 01:00:00,75,91,0.0,0.0,0.0,0.06633333333333333,optimal
2021-02-08 01:30:00,75,91,0.0,0.0,0.0,0.05766666666666666,optimal
2021-02-08 02:00:00,75,91,0.0,0.0,0.0,0.057,optimal
2021-02-08 02:30:00,75,91,0.0,0.0,0.0,0.057,optimal
2021-02-08 03:00:00,75,91,1.9292879134168894,0.0,0.0,0.057,optimal
2021-02-08 03:30:00,75,91,2.4285714285714284,0.0,0.0,0.057,optimal
2021-02-08 04:00:00,75,91,2.4285714285714284,0.0,0.0,0.057,optimal
2021-02-08 04:30:00,75,91,2.4285714285714284,0.0,0.0,0.057,optimal
2021-02-08 05:00:00,75,91,2.4285714285714284,0.0,0.0,0.057,optimal
2021-02-08 05:30:00,75,91,2.4285714285714284,0.0,0.0,0.057,optimal
2021-02-08 06:00:00,75,91,2.4285714285714284,0.0,0.0,0.06633333333333333,optimal
2021-02-08 06:30:00,75,91,2.4285714285714284,0.0,0.0,0.067,optimal
2021-02-08 07:00:00,75,91,2.4285714285714284,0.0,6.843017961246663,0.06333333333333334,optimal
2021-02-08 07:30:00,75,91,2.4285714285714284,0.0,0.0,0.17936666666666667,optimal
2021-02-08 08:00:00,75,91,1.1661757672494522,0.0,0.0,0.318,optimal
2021-02-08 08:30:00,75,91,1.1483118444789966,0.0,0.0,0.3225,optimal
2021-02-08 09:00:00,75,91,1.0039805948347242,0.0,0.0,0.313,optimal
2021-02-08 09:30:00,75,91,0.9664764789904094,0.0,0.0,0.313,optimal
2021-02-08 10:00:00,75,91,0.7578861771616658,0.0,0.0,0.313,optimal
2021-02-08 10:30:00,75,91,0.7881807691964493,0.0,0.0,0.3217,optimal
2021-02-08 11:00:00,75,91,0.5784552761030965,0.0,0.0,0.22619999999999998,optimal
2021-02-08 11:30:00,75,91,0.34758015125448866,0.0,0.0,1.3881,optimal
2021-02-08 12:00:00,75,91,0.3232195006286242,0.0,0.0,1.0905666666666667,optimal
2021-02-08 12:30:00,75,91,0.4523016318838023,0.0,0.0,0.29806666666666665,optimal
2021-02-08 13:00:00,75,91,2.4285714285714284,0.0,0.0,0.24103333333333332,optimal
2021-02-08 13:30:00,75,91,2.4285714285714284,0.0,0.0,0.325,optimal
2021-02-08 14:00:00,75,91,2.4285714285714284,0.0,0.0,0.3336,optimal
2021-02-08 14:30:00,75,91,2.4285714285714284,0.0,0.0,0.2893,optimal
2021-02-08 15:00:00,75,91,2.4285714285714284,0.0,0.0,0.2567333333333333,optimal
2021-02-08 15:30:00,75,91,2.4285714285714284,0.0,0.0,0.357,optimal
2021-02-08 16:00:00,75,91,0.0,0.0,0.0,0.5407333333333334,optimal
2021-02-08 16:30:00,75,91,0.0,0.0,0.0,0.24803333333333333,optimal
2021-02-08 17:00:00,75,91,0.0,0.0,0.0,0.26093333333333335,optimal
2021-02-08 17:30:00,75,91,0.0,0.0,0.0,0.232,optimal
2021-02-08 18:00:00,75,91,0.0,0.0,0.0,0.3023,optimal
2021-02-08 18:30:00,75,91,0.0,0.0,0.0,0.3065,optimal
2021-02-08 19:00:00,75,91,0.0,0.0,0.0,0.09866666666666668,optimal
2021-02-08 19:30:00,75,91,0.0,0.0,0.0,0.10809999999999999,optimal
2021-02-08 20:00:00,75,91,0.005691208847493714,0.0,0.0,0.1211,optimal
2021-02-08 20:30:00,75,91,0.0,0.0,0.0,0.14596666666666666,optimal
2021-02-08 21:00:00,75,91,0.0,0.0,0.0,0.07956666666666666,optimal
2021-02-08 21:30:00,75,91,0.0,0.0,0.0,0.19293333333333332,optimal
2021-02-08 22:00:00,75,91,0.11942857142857141,0.0,0.0,0.109,optimal
2021-02-08 22:30:00,75,91,0.0,0.0,0.0,0.094,optimal
2021-02-08 23:00:00,75,91,0.0,0.0,0.0,0.067,optimal
2021-02-08 23:30:00,75,91,0.0,0.0,0.0,0.062,optimal
2021-02-09 00:00:00,75,91,0.0,0.0,0.0,0.06066666666666666,optimal
2021-02-09 00:30:00,75,91,2.4285714285714284,0.0,0.0,0.16753333333333334,optimal
2021-02-09 01:00:00,75,91,0.0,0.0,0.0,0.09126666666666668,optimal
2021-02-09 01:30:00,75,91,0.0,0.0,0.0,0.1358,optimal
2021-02-09 02:00:00,75,91,0.0,0.0,0.0,0.22313333333333332,optimal
2021-02-09 02:30:00,75,91,1.8527170749129747,0.0,0.0,0.069,optimal
2021-02-09 03:00:00,75,91,2.4285714285714284,0.0,0.0,0.27586666666666665,optimal
2021-02-09 03:30:00,75,91,2.4285714285714284,0.0,0.0,0.08306666666666666,optimal
2021-02-09 04:00:00,75,91,2.4285714285714284,0.0,0.0,0.15806666666666666,optimal
2021-02-09 04:30:00,75,91,2.4285714285714284,0.0,0.0,0.13053333333333333,optimal
2021-02-09 05:00:00,75,91,2.4285714285714284,0.0,0.0,0.13933333333333334,optimal
2021-02-09 05:30:00,75,91,2.4285714285714284,0.0,0.0,0.14136666666666667,optimal
2021-02-09 06:00:00,75,91,2.4285714285714284,0.0,0.0,0.1191,optimal
2021-02-09 06:30:00,75,91,2.4285714285714284,0.0,0.0,0.16746666666666668,optimal
2021-02-09 07:00:00,75,91,2.4285714285714284,0.0,3.5221565174963207,0.1803333333333333,optimal
2021-02-09 07:30:00,75,91,2.4285714285714284,0.0,0.0,0.1575,optimal
2021-02-09 08:00:00,75,91,1.206971890886776,0.0,0.0,0.1331,optimal
2021-02-09 08:30:00,75,91,1.0885820607567445,0.0,0.0,0.3464,optimal
2021-02-09 09:00:00,75,91,0.9559465916303445,0.0,0.0,0.3234666666666666,optimal
2021-02-09 09:30:00,75,91,0.7171288361321655,0.0,0.0,1.570266666666667,optimal
2021-02-09 10:00:00,75,91,1.384793334036725,0.0,0.0,1.8175666666666663,optimal
2021-02-09 10:30:00,75,91,0.6585883790581091,0.0,0.0,0.3110333333333334,optimal
2021-02-09 11:00:00,75,91,0.37259109004036495,0.0,0.0,0.565,optimal
2021-02-09 11:30:00,75,91,0.3582040038065584,0.0,0.0,0.6033333333333334,optimal
2021-02-09 12:00:00,75,91,0.19109348506576537,0.0,0.0,0.61,optimal
2021-02-09 12:30:00,75,91,0.21487104749006153,0.0,0.0,0.4968,optimal
2021-02-09 13:00:00,75,91,1.519909658607275,0.0,10.0,0.45766666666666667,optimal
2021-02-09 13:30:00,75,91,2.4285714285714284,0.0,10.0,1.2614333333333334,optimal
2021-02-09 14:00:00,75,91,2.4285714285714284,0.0,0.0,0.4849666666666666,optimal
2021-02-09 14:30:00,75,91,2.4285714285714284,0.0,0.0,0.4078,optimal
2021-02-09 15:00:00,75,91,2.4285714285714284,0.0,0.0,0.6317666666666667,optimal
2021-02-09 15:30:00,75,91,2.4285714285714284,0.0,0.0,0.5124666666666667,optimal
2021-02-09 16:00:00,75,91,0.0,0.0,0.0,0.8840333333333333,optimal
2021-02-09 16:30:00,75,91,0.0,0.0,0.0,0.4589,optimal
2021-02-09 17:00:00,75,91,0.0,0.0,0.0,0.38853333333333334,optimal
2021-02-09 17:30:00,75,91,0.0,0.0,0.0,0.2488333333333333,optimal
2021-02-09 18:00:00,75,91,0.0,0.0,0.0,0.24869999999999998,optimal
2021-02-09 18:30:00,75,91,0.0,0.0,0.0,0.25046666666666667,optimal
2021-02-09 19:00:00,75,91,0.0,0.0,0.0,0.16746666666666668,optimal
2021-02-09 19:30:00,75,91,0.0,0.0,0.0,0.17476666666666668,optimal
2021-02-09 20:00:00,75,91,0.0,0.0,0.0,0.0857,optimal
2021-02-09 20:30:00,75,91,0.0,0.0,0.0,0.16746666666666668,optimal
2021-02-09 21:00:00,75,91,0.0,0.0,0.0,0.1358,optimal
2021-02-09 21:30:00,75,91,0.0,0.0,0.0,0.195,optimal
2021-02-09 22:00:00,75,91,0.0,0.0,0.0,0.11013333333333333,optimal
2021-02-09 22:30:00,75,91,0.0,0.0,0.0,0.069,optimal
2021-02-09 23:00:00,75,91,0.0,0.0,0.0,0.26766666666666666,optimal
2021-02-09 23:30:00,75,91,0.0,0.0,0.0,0.09126666666666668,optimal
2021-02-10 00:00:00,75,91,0.0,0.0,0.0,0.107,optimal
2021-02-10 00:30:00,75,91,0.19904761904761903,0.0,0.0,0.1636,optimal
2021-02-10 01:00:00,75,91,0.0,0.0,0.0,0.20446666666666666,optimal
2021-02-10 01:30:00,75,91,0.0,0.0,0.0,0.06,optimal
2021-02-10 02:00:00,75,91,0.010388092889653916,0.0,0.0,0.3216,optimal
2021-02-10 02:30:00,75,91,2.4285714285714284,0.0,0.0,0.08906666666666667,optimal
2021-02-10 03:00:00,75,91,2.4285714285714284,0.0,0.0,0.26903333333333335,optimal
2021-02-10 03:30:00,75,91,2.4285714285714284,0.0,0.0,0.23563333333333333,optimal
2021-02-10 04:00:00,75,91,2.4285714285714284,0.0,0.0,0.13093333333333335,optimal
2021-02-10 04:30:00,75,91,2.4285714285714284,0.0,0.0,0.2997333333333333,optimal
2021-02-10 05:00:00,75,91,2.4285714285714284,0.0,0.0,0.1763,optimal
2021-02-10 05:30:00,75,91,2.4285714285714284,0.0,9.28623497462244,0.1771,optimal
2021-02-10 06:00:00,75,91,2.4285714285714284,0.0,10.0,0.2606,optimal
2021-02-10 06:30:00,75,91,2.4285714285714284,0.0,10.0,0.10346666666666668,optimal
2021-02-10 07:00:00,75,91,2.4285714285714284,0.0,10.0,1.3245333333333333,optimal
2021-02-10 07:30:00,75,91,2.4285714285714284,0.0,0.0,0.33493333333333336,optimal
2021-02-10 08:00:00,75,91,1.1242889485055794,0.0,0.0,0.3891,optimal
2021-02-10 08:30:00,75,91,1.1831691749988833,0.0,0.0,0.32603333333333334,optimal
2021-02-10 09:00:00,75,91,1.191173588032832,0.0,0.0,0.09129999999999999,optimal
2021-02-10 09:30:00,75,91,1.1758061954784917,0.0,0.0,0.097,optimal
2021-02-10 10:00:00,75,91,0.8398105141156881,0.0,0.0,0.30726666666666663,optimal
2021-02-10 10:30:00,75,91,0.8695635411285085,0.0,0.0,0.06906666666666667,optimal
2021-02-10 11:00:00,75,91,0.6256880908244192,0.0,0.0,0.23276666666666668,optimal
2021-02-10 11:30:00,75,91,0.5327710612139297,0.0,0.0,0.39239999999999997,optimal
2021-02-10 12:00:00,75,91,0.3535553986458922,0.0,0.0,0.07873333333333334,optimal
2021-02-10 12:30:00,75,91,0.2489077795982905,0.0,0.0,0.4859,optimal
2021-02-10 13:00:00,75,91,1.4370321549324758,0.0,0.0,0.25660000000000005,optimal
2021-02-10 13:30:00,75,91,1.914578197624687,0.0,0.0,0.35,optimal
2021-02-10 14:00:00,75,91,2.4285714285714284,0.0,0.0,0.6013666666666667,optimal
2021-02-10 14:30:00,75,91,2.4285714285714284,0.0,0.0,0.21130000000000002,optimal
2021-02-10 15:00:00,75,91,2.4285714285714284,0.0,0.0,0.19096666666666667,optimal
2021-02-10 15:30:00,75,91,2.4285714285714284,0.0,0.0,0.32489999999999997,optimal
2021-02-10 16:00:00,75,91,0.0,0.0,0.0,0.4866333333333333,optimal
2021-02-10 16:30:00,75,91,0.0,0.0,0.0,0.8339666666666667,optimal
2021-02-10 17:00:00,75,91,0.0,0.0,0.0,1.4597666666666669,optimal
2021-02-10 17:30:00,75,91,0.0,0.0,0.0,1.1848333333333332,optimal
2021-02-10 18:00:00,75,91,0.0,0.0,0.0,0.4318,optimal
2021-02-10 18:30:00,75,91,0.0,0.0,0.0,0.5631333333333334,optimal
2021-02-10 19:00:00,75,91,0.0,0.0,0.0,0.4304333333333333,optimal
2021-02-10 19:30:00,75,91,0.0,0.0,0.0,0.4704666666666666,optimal
2021-02-10 20:00:00,75,91,0.0,0.0,0.0,0.4665,optimal
2021-02-10 20:30:00,75,91,0.0,0.0,0.0,0.45476666666666665,optimal
2021-02-10 21:00:00,75,91,0.0,0.0,0.0,0.3076333333333333,optimal
2021-02-10 21:30:00,75,91,0.0,0.0,0.0,0.4189666666666666,optimal
2021-02-10 22:00:00,75,91,0.0,0.0,0.0,0.30146666666666666,optimal
2021-02-10 22:30:00,75,91,0.0,0.0,0.0,0.2326,optimal
2021-02-10 23:00:00,75,91,0.0,0.0,0.0,0.3465666666666667,optimal
2021-02-10 23:30:00,75,91,0.0,0.0,0.0,0.1589,optimal
2021-02-11 00:00:00,75,91,0.0,0.0,0.0,0.051,optimal
2021-02-11 00:30:00,75,91,0.23885714285714285,0.0,0.0,0.051,optimal
2021-02-11 01:00:00,75,91,0.0,0.0,0.0,0.1254,optimal
2021-02-11 01:30:00,75,91,2.424668859004491,0.0,0.0,0.051,optimal
2021-02-11 02:00:00,75,91,2.4285714285714284,0.0,0.0,0.1254,optimal
2021-02-11 02:30:00,75,91,2.4285714285714284,0.0,0.0,0.051,optimal
2021-02-11 03:00:00,75,91,2.4285714285714284,0.0,0.0,0.0882,optimal
2021-02-11 03:30:00,75,91,2.4285714285714284,0.0,0.0,0.0882,optimal
2021-02-11 04:00:00,75,91,2.4285714285714284,0.0,0.0,0.1006,optimal
2021-02-11 04:30:00,75,91,2.4285714285714284,0.0,0.0,0.07579999999999999,optimal
2021-02-11 05:00:00,75,91,2.4285714285714284,0.0,0.0,0.051,optimal
2021-02-11 05:30:00,75,91,2.4285714285714284,0.0,0.0,0.1254,optimal
2021-02-11 06:00:00,75,91,2.4285714285714284,0.0,0.0,0.051,optimal
2021-02-11 06:30:00,75,91,2.4285714285714284,0.0,2.8233535539552697,0.113,optimal
2021-02-11 07:00:00,75,91,2.4285714285714284,0.0,10.0,0.06306666666666667,optimal
2021-02-11 07:30:00,75,91,2.4285714285714284,0.0,0.0,0.05,optimal
2021-02-11 08:00:00,75,91,1.4787641941780505,0.0,0.0,0.05,optimal
2021-02-11 08:30:00,75,91,1.47402069097475,0.0,0.0,0.05,optimal
2021-02-11 09:00:00,75,91,1.2894513507129182,0.0,0.0,0.05,optimal
2021-02-11 09:30:00,75,91,1.1833441716635258,0.0,0.0,0.112,optimal
2021-02-11 10:00:00,75,91,0.7817441115869626,0.0,0.0,0.0654,optimal
2021-02-11 10:30:00,75,91,0.791570098773761,0.0,0.0,0.1542666666666667,optimal
2021-02-11 11:00:00,75,91,0.5928614133906045,0.0,0.0,0.17846666666666666,optimal
2021-02-11 11:30:00,75,91,0.4359941675023505,0.0,0.0,1.7095,optimal
2021-02-11 12:00:00,75,91,0.22032394169843061,0.0,0.0,1.3285,optimal
2021-02-11 12:30:00,75,91,0.31385563018257806,0.0,0.0,0.13856666666666667,optimal
2021-02-11 13:00:00,75,91,2.4285714285714284,0.0,0.0,0.2369,optimal
2021-02-11 13:30:00,75,91,2.4285714285714284,0.0,0.0,1.4407999999999999,optimal
2021-02-11 14:00:00,75,91,2.4285714285714284,0.0,0.0,2.6344000000000003,optimal
2021-02-11 14:30:00,75,91,2.4285714285714284,0.0,0.0,1.3105,optimal
2021-02-11 15:00:00,75,91,2.4285714285714284,0.0,0.0,0.07753333333333333,optimal
2021-02-11 15:30:00,75,91,2.4285714285714284,0.0,0.0,0.11886666666666666,optimal
2021-02-11 16:00:00,75,91,0.0,0.0,0.0,0.061,optimal
2021-02-11 16:30:00,75,91,0.0,0.0,0.0,0.1354,optimal
2021-02-11 17:00:00,75,91,0.0,0.0,0.0,0.060333333333333336,optimal
2021-02-11 17:30:00,75,91,0.0,0.0,0.0,0.08066666666666668,optimal
2021-02-11 18:00:00,75,91,0.0,0.0,0.0,0.1373,optimal
2021-02-11 18:30:00,75,91,0.0,0.0,0.0,1.5985999999999998,optimal
2021-02-11 19:00:00,75,91,0.0,0.0,0.0,0.10646666666666668,optimal
2021-02-11 19:30:00,75,91,0.3047815485384462,0.0,0.0,0.09406666666666666,optimal
2021-02-11 20:00:00,75,91,1.8118373821932738,0.0,0.0,0.10233333333333332,optimal
2021-02-11 20:30:00,75,91,0.0,0.0,0.0,0.11886666666666666,optimal
2021-02-11 21:00:00,75,91,0.0,0.0,0.0,0.07753333333333333,optimal
2021-02-11 21:30:00,75,91,0.0,0.0,0.0,0.0858,optimal
2021-02-11 22:00:00,75,91,0.0,0.0,0.0,0.11059999999999999,optimal
2021-02-11 22:30:00,75,91,0.0,0.0,0.0,0.061,optimal
2021-02-11 23:00:00,75,91,0.0,0.0,0.0,0.1354,optimal
2021-02-11 23:30:00,75,91,0.0,0.0,0.0,0.061,optimal
2021-02-12 00:00:00,75,91,0.8367671334830071,0.0,0.0,0.05166666666666666,optimal
2021-02-12 00:30:00,75,91,2.4285714285714284,0.0,0.0,0.12079999999999999,optimal
2021-02-12 01:00:00,75,91,2.4285714285714284,0.0,0.0,0.09106666666666666,optimal
2021-02-12 01:30:00,75,91,2.4285714285714284,0.0,0.0,0.138,optimal
2021-02-12 02:00:00,75,91,2.4285714285714284,0.0,0.0,0.05,optimal
2021-02-12 02:30:00,75,91,2.4285714285714284,0.0,0.0,0.06966666666666667,optimal
2021-02-12 03:00:00,75,91,2.4285714285714284,0.0,0.0,0.2302,optimal
2021-02-12 03:30:00,75,91,2.4285714285714284,0.0,0.0,0.05,optimal
2021-02-12 04:00:00,75,91,2.4285714285714284,0.0,0.0,0.17906666666666665,optimal
2021-02-12 04:30:00,75,91,2.4285714285714284,0.0,0.0,0.09720000000000001,optimal
2021-02-12 05:00:00,75,91,2.4285714285714284,0.0,0.0,0.17333333333333334,optimal
2021-02-12 05:30:00,75,91,2.4285714285714284,0.0,0.0,0.13440000000000002,optimal
2021-02-12 06:00:00,75,91,2.4285714285714284,0.0,0.0,0.07746666666666667,optimal
2021-02-12 06:30:00,75,91,2.4285714285714284,0.0,0.0,0.21453333333333333,optimal
2021-02-12 07:00:00,75,91,2.4285714285714284,0.0,6.339918307287118,0.11040000000000001,optimal
2021-02-12 07:30:00,75,91,2.4285714285714284,0.0,0.0,0.22553333333333334,optimal
2021-02-12 08:00:00,75,91,2.1653495018849713,0.0,0.0,0.09126666666666668,optimal
2021-02-12 08:30:00,75,91,1.3033149896774034,0.0,0.0,0.43023333333333336,optimal
2021-02-12 09:00:00,75,91,0.8965627780709065,0.0,0.0,1.5187666666666668,optimal
2021-02-12 09:30:00,75,91,0.9472414599732956,0.0,0.0,0.2396,optimal
2021-02-12 10:00:00,75,91,0.5385271760054937,0.0,0.0,0.1643,optimal
2021-02-12 10:30:00,75,91,0.48266286708732165,0.0,0.0,0.5929666666666666,optimal
2021-02-12 11:00:00,75,91,0.3139787559461615,0.0,0.0,0.1992333333333333,optimal
2021-02-12 11:30:00,75,91,0.673172622093313,0.0,0.0,0.1076,optimal
2021-02-12 12:00:00,75,91,0.2583230180888257,0.0,0.0,0.362,optimal
2021-02-12 12:30:00,75,91,0.33297402709308743,0.0,0.0,0.10953333333333332,optimal
2021-02-12 13:00:00,75,91,2.0132997787495293,0.0,0.0,0.4219,optimal
2021-02-12 13:30:00,75,91,2.4285714285714284,0.0,0.0,0.09613333333333333,optimal
2021-02-12 14:00:00,75,91,2.4285714285714284,0.0,0.0,0.19080000000000003,optimal
2021-02-12 14:30:00,75,91,2.4285714285714284,0.0,0.0,0.38866666666666666,optimal
2021-02-12 15:00:00,75,91,2.4285714285714284,0.0,0.0,0.12706666666666666,optimal
2021-02-12 15:30:00,75,91,2.4285714285714284,0.0,0.0,0.17356666666666667,optimal
2021-02-12 16:00:00,75,91,0.0,0.0,0.0,0.13153333333333334,optimal
2021-02-12 16:30:00,75,91,0.0,0.0,0.0,0.10786666666666667,optimal
2021-02-12 17:00:00,75,91,0.0,0.0,0.0,0.5778333333333334,optimal
2021-02-12 17:30:00,75,91,0.0,0.0,0.0,0.12866666666666665,optimal
2021-02-12 18:00:00,75,91,0.0,0.0,0.0,0.1591,optimal
2021-02-12 18:30:00,75,91,0.0,0.0,0.0,0.4007,optimal
2021-02-12 19:00:00,75,91,0.0,0.0,0.0,0.1257333333333333,optimal
2021-02-12 19:30:00,75,91,0.0,0.0,0.0,0.18596666666666667,optimal
2021-02-12 20:00:00,75,91,0.0,0.0,0.0,0.18686666666666668,optimal
2021-02-12 20:30:00,75,91,0.0,0.0,0.0,0.21106666666666662,optimal
2021-02-12 21:00:00,75,91,0.0,0.0,0.0,0.3879333333333333,optimal
2021-02-12 21:30:00,75,91,0.0,0.0,0.0,0.3838666666666667,optimal
2021-02-12 22:00:00,75,91,0.0,0.0,0.0,0.1638,optimal
2021-02-12 22:30:00,75,91,0.0,0.0,0.0,0.15606666666666666,optimal
2021-02-12 23:00:00,75,91,0.0,0.0,0.0,0.08753333333333334,optimal
2021-02-12 23:30:00,75,91,0.0,0.0,0.0,0.13240000000000002,optimal
2021-02-13 00:00:00,75,91,0.0,0.0,0.0,0.051,optimal
2021-02-13 00:30:00,75,91,0.31847619047619047,0.0,0.0,0.051,optimal
2021-02-13 01:00:00,75,91,0.0,0.0,0.0,0.051,optimal
2021-02-13 01:30:00,75,91,0.0,0.0,0.0,0.051,optimal
2021-02-13 02:00:00,75,91,0.7129603762076091,0.0,0.0,0.051,optimal
2021-02-13 02:30:00,75,91,2.4285714285714284,0.0,0.0,0.051,optimal
2021-02-13 03:00:00,75,91,2.4285714285714284,0.0,0.0,0.051,optimal
2021-02-13 03:30:00,75,91,2.4285714285714284,0.0,0.0,0.051,optimal
2021-02-13 04:00:00,75,91,2.4285714285714284,0.0,0.0,0.051,optimal
2021-02-13 04:30:00,75,91,2.4285714285714284,0.0,0.0,0.051,optimal
2021-02-13 05:00:00,75,91,2.4285714285714284,0.0,0.0,0.051,optimal
2021-02-13 05:30:00,75,91,2.4285714285714284,0.0,0.0,0.051,optimal
2021-02-13 06:00:00,75,91,2.4285714285714284,0.0,0.0,0.051,optimal
2021-02-13 06:30:00,75,91,2.4285714285714284,0.0,9.691859797411539,0.051,optimal
2021-02-13 07:00:00,75,91,2.4285714285714284,0.0,10.0,0.05066666666666666,optimal
2021-02-13 07:30:00,75,91,2.4285714285714284,0.0,0.0,0.7956666666666666,optimal
2021-02-13 08:00:00,75,91,1.4370332854320542,0.0,0.0,0.051,optimal
2021-02-13 08:30:00,75,91,1.4335985801506153,0.0,0.0,0.051,optimal
2021-02-13 09:00:00,75,91,1.279549447559746,0.0,0.0,0.051,optimal
2021-02-13 09:30:00,75,91,1.2623759211525516,0.0,0.0,0.053666666666666654,optimal
2021-02-13 10:00:00,75,91,0.9886000371070597,0.0,0.0,0.061,optimal
2021-02-13 10:30:00,75,91,0.9851653318256209,0.0,0.0,0.05266666666666666,optimal
2021-02-13 11:00:00,75,91,0.6805017719253211,0.0,0.0,0.051,optimal
2021-02-13 11:30:00,75,91,0.6477718285486492,0.0,0.0,0.05553333333333333,optimal
2021-02-13 12:00:00,75,91,0.4537666375230155,0.0,0.0,0.097,optimal
2021-02-13 12:30:00,75,91,0.4493067507696613,0.0,0.0,0.09623333333333332,optimal
2021-02-13 13:00:00,75,91,2.4285714285714284,0.0,0.0,0.15,optimal
2021-02-13 13:30:00,75,91,2.4285714285714284,0.0,0.0,0.4413,optimal
2021-02-13 14:00:00,75,91,2.4285714285714284,0.0,0.0,0.32576666666666665,optimal
2021-02-13 14:30:00,75,91,2.4285714285714284,0.0,0.0,0.06366666666666666,optimal
2021-02-13 15:00:00,75,91,2.4285714285714284,0.0,0.0,0.061,optimal
2021-02-13 15:30:00,75,91,2.4285714285714284,0.0,0.0,0.05333333333333334,optimal
2021-02-13 16:00:00,75,91,0.0,0.0,0.0,0.051,optimal
2021-02-13 16:30:00,75,91,0.0,0.0,0.0,0.051,optimal
2021-02-13 17:00:00,75,91,0.0,0.0,0.0,0.058333333333333334,optimal
2021-02-13 17:30:00,75,91,0.0,0.0,0.0,1.4423333333333332,optimal
2021-02-13 18:00:00,75,91,0.0,0.0,0.0,0.9663999999999999,optimal
2021-02-13 18:30:00,75,91,0.0,0.0,0.0,0.18573333333333328,optimal
2021-02-13 19:00:00,75,91,0.0,0.0,0.0,0.16533333333333333,optimal
2021-02-13 19:30:00,75,91,0.0,0.0,0.0,0.09720000000000001,optimal
2021-02-13 20:00:00,75,91,0.7035017968147814,0.0,0.0,0.26089999999999997,optimal
2021-02-13 20:30:00,75,91,0.0,0.0,0.0,0.29086666666666666,optimal
2021-02-13 21:00:00,75,91,0.0,0.0,0.0,0.29186666666666666,optimal
2021-02-13 21:30:00,75,91,0.0,0.0,0.0,0.18619999999999998,optimal
2021-02-13 22:00:00,75,91,0.0,0.0,0.0,0.061,optimal
2021-02-13 22:30:00,75,91,0.0,0.0,0.0,0.061,optimal
2021-02-13 23:00:00,75,91,0.0,0.0,0.0,0.21766666666666662,optimal
2021-02-13 23:30:00,75,91,0.0,0.0,0.0,0.4970333333333334,optimal
2021-02-07 00:00:00,76,91,0.03980952380952381,0.0,0.0,0.06733333333333333,optimal
2021-02-07 00:30:00,76,91,0.0,0.0,0.0,0.08566666666666667,optimal
2021-02-07 01:00:00,76,91,0.0,0.0,0.0,0.11873333333333332,optimal
2021-02-07 01:30:00,76,91,0.0,0.0,0.0,0.065,optimal
2021-02-07 02:00:00,76,91,0.0,0.0,0.0,0.12286666666666667,optimal
2021-02-07 02:30:00,76,91,0.0,0.0,0.0,0.08153333333333333,optimal
2021-02-07 03:00:00,76,91,0.0,0.0,0.0,0.065,optimal
2021-02-07 03:30:00,76,91,0.0,0.0,0.0,0.1394,optimal
2021-02-07 04:00:00,76,91,2.2857142857142856,0.0,0.0,0.07479999999999999,optimal
2021-02-07 04:30:00,76,91,2.2857142857142856,0.0,0.0,0.14526666666666668,optimal
2021-02-07 05:00:00,76,91,2.2857142857142856,0.0,0.0,0.08326666666666667,optimal
2021-02-07 05:30:00,76,91,2.2857142857142856,0.0,0.0,0.14113333333333333,optimal
2021-02-07 06:00:00,76,91,2.2857142857142856,0.0,0.0,0.075,optimal
2021-02-07 06:30:00,76,91,2.2857142857142856,0.0,0.0,0.31906666666666667,optimal
2021-02-07 07:00:00,76,91,2.2857142857142856,0.0,1.5052247886819266,0.073,optimal
2021-02-07 07:30:00,76,91,0.0,0.0,0.0,0.31839999999999996,optimal
2021-02-07 08:00:00,76,91,0.0,0.0,0.0,0.073,optimal
2021-02-07 08:30:00,76,91,0.0,0.0,0.0,0.10193333333333333,optimal
2021-02-07 09:00:00,76,91,0.0,0.0,0.0,0.11846666666666668,optimal
2021-02-07 09:30:00,76,91,0.48257567555859743,0.0,0.0,1.1206666666666667,optimal
2021-02-07 10:00:00,76,91,0.7934912039123162,0.0,0.0,1.0528333333333333,optimal
2021-02-07 10:30:00,76,91,0.596351090665688,0.0,0.0,1.7688666666666666,optimal
2021-02-07 11:00:00,76,91,0.8142687801982237,0.0,0.0,0.1452,optimal
2021-02-07 11:30:00,76,91,0.832221161150597,0.0,0.0,0.08116666666666666,optimal
2021-02-07 12:00:00,76,91,0.7117530799579872,0.0,0.0,0.11433333333333331,optimal
2021-02-07 12:30:00,76,91,0.6987340323389211,0.0,0.0,0.2814,optimal
2021-02-07 13:00:00,76,91,2.2857142857142856,0.0,0.0,0.42773333333333335,optimal
2021-02-07 13:30:00,76,91,2.2857142857142856,0.0,0.0,0.11633333333333332,optimal
2021-02-07 14:00:00,76,91,2.2857142857142856,0.0,0.0,0.075,optimal
2021-02-07 14:30:00,76,91,2.2857142857142856,0.0,0.0,0.0998,optimal
2021-02-07 15:00:00,76,91,2.2857142857142856,0.0,0.0,0.12459999999999999,optimal
2021-02-07 15:30:00,76,91,2.2857142857142856,0.0,0.0,0.12459999999999999,optimal
2021-02-07 16:00:00,76,91,0.0,0.0,0.0,0.0998,optimal
2021-02-07 16:30:00,76,91,0.0,0.0,0.0,0.075,optimal
2021-02-07 17:00:00,76,91,0.0,0.0,0.0,0.1494,optimal
2021-02-07 17:30:00,76,91,0.0,0.0,0.0,0.3141666666666667,optimal
2021-02-07 18:00:00,76,91,0.0,0.0,0.0,0.5589666666666667,optimal
2021-02-07 18:30:00,76,91,0.0,0.0,0.0,0.474,optimal
2021-02-07 19:00:00,76,91,0.0,0.0,0.0,1.892,optimal
2021-02-07 19:30:00,76,91,0.0,0.0,0.0,0.5169333333333332,optimal
2021-02-07 20:00:00,76,91,0.7344220083427332,0.0,0.0,0.693,optimal
2021-02-07 20:30:00,76,91,0.0,0.0,0.0,0.6180333333333333,optimal
2021-02-07 21:00:00,76,91,0.0,0.0,0.0,0.5075,optimal
2021-02-07 21:30:00,76,91,0.0,0.0,0.0,0.39566666666666667,optimal
2021-02-07 22:00:00,76,91,0.0,0.0,0.0,0.4478333333333333,optimal
2021-02-07 22:30:00,76,91,0.0,0.0,0.0,0.3338,optimal
2021-02-07 23:00:00,76,91,0.0,0.0,0.0,0.24013333333333334,optimal
2021-02-07 23:30:00,76,91,0.0,0.0,0.0,0.1935,optimal
2021-02-08 00:00:00,76,91,0.0,0.0,0.0,0.052,optimal
2021-02-08 00:30:00,76,91,0.0,0.0,0.0,0.052,optimal
2021-02-08 01:00:00,76,91,0.0,0.0,0.0,0.1876,optimal
2021-02-08 01:30:00,76,91,0.0,0.0,0.0,0.17773333333333333,optimal
2021-02-08 02:00:00,76,91,0.0,0.0,0.0,0.07640000000000001,optimal
2021-02-08 02:30:00,76,91,1.0016889824837234,0.0,0.0,0.17493333333333333,optimal
2021-02-08 03:00:00,76,91,2.2857142857142856,0.0,0.0,0.166,optimal
2021-02-08 03:30:00,76,91,2.2857142857142856,0.0,0.0,0.174,optimal
2021-02-08 04:00:00,76,91,2.2857142857142856,0.0,0.0,0.14066666666666666,optimal
2021-02-08 04:30:00,76,91,2.2857142857142856,0.0,0.0,0.21246666666666666,optimal
2021-02-08 05:00:00,76,91,2.2857142857142856,0.0,0.0,0.06420000000000001,optimal
2021-02-08 05:30:00,76,91,2.2857142857142856,0.0,0.0,0.23703333333333332,optimal
2021-02-08 06:00:00,76,91,2.2857142857142856,0.0,0.0,0.1383,optimal
2021-02-08 06:30:00,76,91,2.2857142857142856,0.0,8.565366383834018,0.1847666666666667,optimal
2021-02-08 07:00:00,76,91,2.2857142857142856,0.0,10.0,0.1802333333333333,optimal
2021-02-08 07:30:00,76,91,2.2857142857142856,0.0,0.0,0.1706,optimal
2021-02-08 08:00:00,76,91,1.06535671963041,0.0,0.0,0.3174666666666666,optimal
2021-02-08 08:30:00,76,91,1.0808166063837532,0.0,0.0,0.2419333333333333,optimal
2021-02-08 09:00:00,76,91,0.8725748805490233,0.0,0.0,0.8107666666666666,optimal
2021-02-08 09:30:00,76,91,1.1409145742284952,0.0,0.0,0.1596,optimal
2021-02-08 10:00:00,76,91,0.9311814152569025,0.0,0.0,0.0864,optimal
2021-02-08 10:30:00,76,91,0.9205712453869258,0.0,0.0,0.1596,optimal
2021-02-08 11:00:00,76,91,0.6595600380078586,0.0,0.0,0.20133333333333328,optimal
2021-02-08 11:30:00,76,91,0.6593858655402174,0.0,0.0,0.1779,optimal
2021-02-08 12:00:00,76,91,0.603002357771477,0.0,0.0,0.0681,optimal
2021-02-08 12:30:00,76,91,0.5511968699790561,0.0,0.0,0.20133333333333328,optimal
2021-02-08 13:00:00,76,91,2.2857142857142856,0.0,0.0,0.062,optimal
2021-02-08 13:30:00,76,91,2.2857142857142856,0.0,0.0,0.14433333333333334,optimal
2021-02-08 14:00:00,76,91,2.2857142857142856,0.0,0.0,0.2349,optimal
2021-02-08 14:30:00,76,91,2.2857142857142856,0.0,0.0,0.0681,optimal
2021-02-08 15:00:00,76,91,2.2857142857142856,0.0,0.0,0.1657,optimal
2021-02-08 15:30:00,76,91,2.2857142857142856,0.0,0.0,0.0803,optimal
2021-02-08 16:00:00,76,91,0.0,0.0,0.0,0.2501333333333333,optimal
2021-02-08 16:30:00,76,91,0.0,0.0,0.0,0.1352,optimal
2021-02-08 17:00:00,76,91,0.0,0.0,0.0,0.0864,optimal
2021-02-08 17:30:00,76,91,0.0,0.0,0.0,0.19126666666666667,optimal
2021-02-08 18:00:00,76,91,0.0,0.0,0.0,0.18796666666666667,optimal
2021-02-08 18:30:00,76,91,0.0,0.0,0.0,0.1657,optimal
2021-02-08 19:00:00,76,91,0.0,0.0,0.0,0.08076666666666667,optimal
2021-02-08 19:30:00,76,91,0.3545538705032506,0.0,0.0,0.30456666666666665,optimal
2021-02-08 20:00:00,76,91,0.9811462618394189,0.0,0.0,1.4944000000000002,optimal
2021-02-08 20:30:00,76,91,0.0,0.0,0.0,0.8271000000000001,optimal
2021-02-08 21:00:00,76,91,0.0,0.0,0.0,0.33273333333333327,optimal
2021-02-08 21:30:00,76,91,0.0,0.0,0.0,0.5071,optimal
2021-02-08 22:00:00,76,91,0.7364761904761905,0.0,0.0,0.7897333333333334,optimal
2021-02-08 22:30:00,76,91,0.0,0.0,0.0,0.5204,optimal
2021-02-08 23:00:00,76,91,0.0,0.0,0.0,0.32243333333333335,optimal
2021-02-08 23:30:00,76,91,0.0,0.0,0.0,0.27566666666666667,optimal
2021-02-09 00:00:00,76,91,0.0,0.0,0.0,0.2128333333333333,optimal
2021-02-09 00:30:00,76,91,0.6568571428571429,0.0,0.0,0.08553333333333334,optimal
2021-02-09 01:00:00,76,91,0.0,0.0,0.0,0.14713333333333334,optimal
2021-02-09 01:30:00,76,91,0.0,0.0,0.0,0.065,optimal
2021-02-09 02:00:00,76,91,0.10931334579001115,0.0,0.0,0.142,optimal
2021-02-09 02:30:00,76,91,2.2857142857142856,0.0,0.0,0.09066666666666669,optimal
2021-02-09 03:00:00,76,91,2.2857142857142856,0.0,0.0,0.065,optimal
2021-02-09 03:30:00,76,91,2.2857142857142856,0.0,0.0,0.065,optimal
2021-02-09 04:00:00,76,91,2.2857142857142856,0.0,0.0,0.11173333333333332,optimal
2021-02-09 04:30:00,76,91,2.2857142857142856,0.0,0.0,0.13093333333333335,optimal
2021-02-09 05:00:00,76,91,2.2857142857142856,0.0,0.0,0.065,optimal
2021-02-09 05:30:00,76,91,2.2857142857142856,0.0,1.7837114885408238,0.0804,optimal
2021-02-09 06:00:00,76,91,2.2857142857142856,0.0,10.0,0.1522666666666667,optimal
2021-02-09 06:30:00,76,91,2.2857142857142856,0.0,10.0,0.07066666666666667,optimal
2021-02-09 07:00:00,76,91,2.2857142857142856,0.0,10.0,0.17633333333333334,optimal
2021-02-09 07:30:00,76,91,2.2857142857142856,0.0,0.0,0.18386666666666668,optimal
2021-02-09 08:00:00,76,91,1.065516652791545,0.0,0.0,0.4814666666666666,optimal
2021-02-09 08:30:00,76,91,1.0421820607567613,0.0,0.0,0.31156666666666666,optimal
2021-02-09 09:00:00,76,91,0.8924418297255652,0.0,0.0,0.2857,optimal
2021-02-09 09:30:00,76,91,1.1542240742274104,0.0,0.0,0.142,optimal
2021-02-09 10:00:00,76,91,0.9000476197510056,0.0,0.0,0.09066666666666669,optimal
2021-02-09 10:30:00,76,91,0.890207426677145,0.0,0.0,0.07066666666666667,optimal
2021-02-09 11:00:00,76,91,0.6122006138498938,0.0,0.0,0.174,optimal
2021-02-09 11:30:00,76,91,0.6380992419017899,0.0,0.0,0.065,optimal
2021-02-09 12:00:00,76,91,0.4552934850657628,0.0,0.0,0.1266,optimal
2021-02-09 12:30:00,76,91,0.46459485701387776,0.0,0.0,0.11206666666666666,optimal
2021-02-09 13:00:00,76,91,2.2857142857142856,0.0,0.0,0.12613333333333335,optimal
2021-02-09 13:30:00,76,91,2.2857142857142856,0.0,0.0,0.11120000000000001,optimal
2021-02-09 14:00:00,76,91,2.2857142857142856,0.0,0.0,0.07046666666666666,optimal
2021-02-09 14:30:00,76,91,2.2857142857142856,0.0,0.0,0.17253333333333334,optimal
2021-02-09 15:00:00,76,91,2.2857142857142856,0.0,0.0,0.06933333333333333,optimal
2021-02-09 15:30:00,76,91,2.2857142857142856,0.0,0.0,0.17333333333333334,optimal
2021-02-09 16:00:00,76,91,0.0,0.0,0.0,0.07,optimal
2021-02-09 16:30:00,76,91,0.0,0.0,0.0,0.065,optimal
2021-02-09 17:00:00,76,91,0.0,0.0,0.0,0.07346666666666667,optimal
2021-02-09 17:30:00,76,91,0.0,0.0,0.0,0.24453333333333332,optimal
2021-02-09 18:00:00,76,91,0.0,0.0,0.0,0.3574333333333333,optimal
2021-02-09 18:30:00,76,91,0.0,0.0,0.0,0.3848666666666667,optimal
2021-02-09 19:00:00,76,91,0.0,0.0,0.0,0.47786666666666666,optimal
2021-02-09 19:30:00,76,91,0.0,0.0,0.0,0.47163333333333335,optimal
2021-02-09 20:00:00,76,91,0.20159504764963934,0.0,0.0,0.32056666666666667,optimal
2021-02-09 20:30:00,76,91,0.0,0.0,0.0,0.4859666666666666,optimal
2021-02-09 21:00:00,76,91,0.0,0.0,0.0,0.5116666666666667,optimal
2021-02-09 21:30:00,76,91,0.0,0.0,0.0,0.5696,optimal
2021-02-09 22:00:00,76,91,0.13933333333333334,0.0,0.0,0.5736,optimal
2021-02-09 22:30:00,76,91,0.0,0.0,0.0,0.42410000000000003,optimal
2021-02-09 23:00:00,76,91,0.13933333333333334,0.0,0.0,0.5346000000000001,optimal
2021-02-09 23:30:00,76,91,0.0,0.0,0.0,0.6459666666666667,optimal
2021-02-10 00:00:00,76,91,0.0,0.0,0.0,0.056,optimal
2021-02-10 00:30:00,76,91,0.9156190476190476,0.0,0.0,0.056,optimal
2021-02-10 01:00:00,76,91,0.0,0.0,0.0,0.09659999999999999,optimal
2021-02-10 01:30:00,76,91,0.0,0.0,0.0,0.143,optimal
2021-02-10 02:00:00,76,91,0.479963719427967,0.0,0.0,0.056,optimal
2021-02-10 02:30:00,76,91,2.2857142857142856,0.0,0.0,0.15180000000000002,optimal
2021-02-10 03:00:00,76,91,2.2857142857142856,0.0,0.0,0.2078,optimal
2021-02-10 03:30:00,76,91,2.2857142857142856,0.0,0.0,0.056,optimal
2021-02-10 04:00:00,76,91,2.2857142857142856,0.0,0.0,0.2378,optimal
2021-02-10 04:30:00,76,91,2.2857142857142856,0.0,0.0,0.12179999999999999,optimal
2021-02-10 05:00:00,76,91,2.2857142857142856,0.0,0.0,0.1736,optimal
2021-02-10 05:30:00,76,91,2.2857142857142856,0.0,0.0,0.186,optimal
2021-02-10 06:00:00,76,91,2.2857142857142856,0.0,0.0,0.074,optimal
2021-02-10 06:30:00,76,91,2.2857142857142856,0.0,0.0,0.158,optimal
2021-02-10 07:00:00,76,91,2.2857142857142856,0.0,7.540761222681409,0.1163,optimal
2021-02-10 07:30:00,76,91,2.2857142857142856,0.0,0.0,0.2226,optimal
2021-02-10 08:00:00,76,91,1.2780889485055815,0.0,0.0,0.10373333333333332,optimal
2021-02-10 08:30:00,76,91,1.2341882226179306,0.0,0.0,0.162,optimal
2021-02-10 09:00:00,76,91,0.9105869213661699,0.0,0.0,1.6237000000000001,optimal
2021-02-10 09:30:00,76,91,0.9418138145261074,0.0,0.0,0.36010000000000003,optimal
2021-02-10 10:00:00,76,91,0.8994124188775852,0.0,0.0,0.17213333333333333,optimal
2021-02-10 10:30:00,76,91,0.8798625887475475,0.0,0.0,0.21559999999999999,optimal
2021-02-10 11:00:00,76,91,0.6698690432053881,0.0,0.0,0.3039,optimal
2021-02-10 11:30:00,76,91,0.6790853469282138,0.0,0.0,0.1472,optimal
2021-02-10 12:00:00,76,91,0.461126827217335,0.0,0.0,0.066,optimal
2021-02-10 12:30:00,76,91,0.39209825578875024,0.0,0.0,0.30760000000000004,optimal
2021-02-10 13:00:00,76,91,2.238475504883681,0.0,0.0,0.072,optimal
2021-02-10 13:30:00,76,91,2.2857142857142856,0.0,0.0,0.132,optimal
2021-02-10 14:00:00,76,91,2.2857142857142856,0.0,0.0,0.12,optimal
2021-02-10 14:30:00,76,91,2.2857142857142856,0.0,0.0,0.1899,optimal
2021-02-10 15:00:00,76,91,2.2857142857142856,0.0,0.0,0.221,optimal
2021-02-10 15:30:00,76,91,2.2857142857142856,0.0,0.0,0.12890000000000001,optimal
2021-02-10 16:00:00,76,91,0.0,0.0,0.0,0.24226666666666669,optimal
2021-02-10 16:30:00,76,91,0.0,0.0,0.0,0.34313333333333335,optimal
2021-02-10 17:00:00,76,91,0.0,0.0,0.0,0.162,optimal
2021-02-10 17:30:00,76,91,0.0,0.0,0.0,0.371,optimal
2021-02-10 18:00:00,76,91,0.0,0.0,0.0,0.3030333333333334,optimal
2021-02-10 18:30:00,76,91,0.0,0.0,0.0,0.29,optimal
2021-02-10 19:00:00,76,91,0.0,0.0,0.0,0.4176,optimal
2021-02-10 19:30:00,76,91,0.0,0.0,0.0,0.3411666666666667,optimal
2021-02-10 20:00:00,76,91,0.0,0.0,0.0,0.3943333333333333,optimal
2021-02-10 20:30:00,76,91,0.0,0.0,0.0,0.24553333333333333,optimal
2021-02-10 21:00:00,76,91,0.0,0.0,0.0,0.4006,optimal
2021-02-10 21:30:00,76,91,0.0,0.0,0.0,0.3499333333333333,optimal
2021-02-10 22:00:00,76,91,0.19904761904761903,0.0,0.0,0.3169666666666666,optimal
2021-02-10 22:30:00,76,91,0.0,0.0,0.0,0.3418,optimal
2021-02-10 23:00:00,76,91,0.0,0.0,0.0,0.7567333333333334,optimal
2021-02-10 23:30:00,76,91,0.0,0.0,0.0,0.14766666666666667,optimal
2021-02-11 00:00:00,76,91,0.0,0.0,0.0,0.059,optimal
2021-02-11 00:30:00,76,91,0.21895238095238093,0.0,0.0,0.059,optimal
2021-02-11 01:00:00,76,91,1.4202745894665205,0.0,0.0,0.059,optimal
2021-02-11 01:30:00,76,91,2.2857142857142856,0.0,0.0,0.2064,optimal
2021-02-11 02:00:00,76,91,2.2857142857142856,0.0,0.0,0.059,optimal
2021-02-11 02:30:00,76,91,2.2857142857142856,0.0,0.0,0.1595,optimal
2021-02-11 03:00:00,76,91,2.2857142857142856,0.0,0.0,0.10590000000000001,optimal
2021-02-11 03:30:00,76,91,2.2857142857142856,0.0,0.0,0.07909999999999999,optimal
2021-02-11 04:00:00,76,91,2.2857142857142856,0.0,0.0,0.18630000000000002,optimal
2021-02-11 04:30:00,76,91,2.2857142857142856,0.0,0.0,0.059,optimal
2021-02-11 05:00:00,76,91,2.2857142857142856,0.0,0.0,0.2064,optimal
2021-02-11 05:30:00,76,91,2.2857142857142856,0.0,0.0,0.059,optimal
2021-02-11 06:00:00,76,91,2.2857142857142856,0.0,0.0,0.17959999999999998,optimal
2021-02-11 06:30:00,76,91,2.2857142857142856,0.0,0.0,0.0858,optimal
2021-02-11 07:00:00,76,91,2.2857142857142856,0.0,8.709065267004714,0.057,optimal
2021-02-11 07:30:00,76,91,2.2857142857142856,0.0,0.0,1.4074333333333333,optimal
2021-02-11 08:00:00,76,91,1.419323241797094,0.0,0.0,0.26973333333333327,optimal
2021-02-11 08:30:00,76,91,1.5030873576414177,0.0,0.0,0.06633333333333333,optimal
2021-02-11 09:00:00,76,91,1.327013255474831,0.0,0.0,0.1662,optimal
2021-02-11 09:30:00,76,91,1.232810838330192,0.0,0.0,0.0992,optimal
2021-02-11 10:00:00,76,91,0.8107441115869694,0.0,0.0,0.10590000000000001,optimal
2021-02-11 10:30:00,76,91,0.8366462892499515,0.0,0.0,0.1595,optimal
2021-02-11 11:00:00,76,91,0.6639204610096442,0.0,0.0,0.059,optimal
2021-02-11 11:30:00,76,91,0.5702855960737678,0.0,0.0,0.2064,optimal
2021-02-11 12:00:00,76,91,0.3740058464603195,0.0,0.0,0.059,optimal
2021-02-11 12:30:00,76,91,0.3102118206587473,0.0,0.0,0.126,optimal
2021-02-11 13:00:00,76,91,2.2857142857142856,0.0,0.0,0.1394,optimal
2021-02-11 13:30:00,76,91,2.2857142857142856,0.0,0.0,0.059,optimal
2021-02-11 14:00:00,76,91,2.2857142857142856,0.0,0.0,0.2064,optimal
2021-02-11 14:30:00,76,91,2.2857142857142856,0.0,0.0,0.059,optimal
2021-02-11 15:00:00,76,91,2.2857142857142856,0.0,0.0,0.06266666666666666,optimal
2021-02-11 15:30:00,76,91,2.2857142857142856,0.0,0.0,0.2064,optimal
2021-02-11 16:00:00,76,91,0.0,0.0,0.0,0.059,optimal
2021-02-11 16:30:00,76,91,0.0,0.0,0.0,0.1461,optimal
2021-02-11 17:00:00,76,91,0.0,0.0,0.0,0.2956666666666667,optimal
2021-02-11 17:30:00,76,91,0.0,0.0,0.0,0.10543333333333334,optimal
2021-02-11 18:00:00,76,91,0.0,0.0,0.0,0.17483333333333334,optimal
2021-02-11 18:30:00,76,91,0.0,0.0,0.0,0.07133333333333333,optimal
2021-02-11 19:00:00,76,91,0.0,0.0,0.0,0.1572333333333333,optimal
2021-02-11 19:30:00,76,91,0.7659991889136308,0.0,0.0,0.4594,optimal
2021-02-11 20:00:00,76,91,1.6413516679075728,0.0,0.0,0.4350333333333334,optimal
2021-02-11 20:30:00,76,91,0.0,0.0,0.0,0.41076666666666667,optimal
2021-02-11 21:00:00,76,91,0.0,0.0,0.0,0.46353333333333335,optimal
2021-02-11 21:30:00,76,91,0.0,0.0,0.0,0.35206666666666664,optimal
2021-02-11 22:00:00,76,91,0.059714285714285706,0.0,0.0,0.40386666666666665,optimal
2021-02-11 22:30:00,76,91,0.0,0.0,0.0,0.5515333333333333,optimal
2021-02-11 23:00:00,76,91,0.0,0.0,0.0,0.5592,optimal
2021-02-11 23:30:00,76,91,0.0,0.0,0.0,0.4958,optimal
2021-02-12 00:00:00,76,91,0.0,0.0,0.0,0.12333333333333331,optimal
2021-02-12 00:30:00,76,91,2.2857142857142856,0.0,0.0,0.07133333333333333,optimal
2021-02-12 01:00:00,76,91,2.2857142857142856,0.0,0.0,0.20726666666666668,optimal
2021-02-12 01:30:00,76,91,2.2857142857142856,0.0,0.0,0.106,optimal
2021-02-12 02:00:00,76,91,2.2857142857142856,0.0,0.0,0.2419333333333333,optimal
2021-02-12 02:30:00,76,91,2.2857142857142856,0.0,0.0,0.054,optimal
2021-02-12 03:00:00,76,91,2.2857142857142856,0.0,0.0,0.12366666666666669,optimal
2021-02-12 03:30:00,76,91,2.2857142857142856,0.0,0.0,0.14626666666666668,optimal
2021-02-12 04:00:00,76,91,2.2857142857142856,0.0,0.0,0.132,optimal
2021-02-12 04:30:00,76,91,2.2857142857142856,0.0,0.0,0.0958,optimal
2021-02-12 05:00:00,76,91,2.2857142857142856,0.0,0.0,0.23913333333333334,optimal
2021-02-12 05:30:00,76,91,2.2857142857142856,0.0,0.0,0.067,optimal
2021-02-12 06:00:00,76,91,2.2857142857142856,0.0,0.0,0.20726666666666668,optimal
2021-02-12 06:30:00,76,91,2.2857142857142856,0.0,6.171784538518113,0.07133333333333333,optimal
2021-02-12 07:00:00,76,91,2.2857142857142856,0.0,10.0,0.19233333333333327,optimal
2021-02-12 07:30:00,76,91,2.2857142857142856,0.0,0.0,0.409,optimal
2021-02-12 08:00:00,76,91,2.2857142857142856,0.0,0.0,0.13866666666666666,optimal
2021-02-12 08:30:00,76,91,2.2857142857142856,0.0,0.0,0.14953333333333332,optimal
2021-02-12 09:00:00,76,91,2.0908813588181,0.0,0.0,0.2189333333333333,optimal
2021-02-12 09:30:00,76,91,1.0902643171161621,0.0,0.0,1.5799666666666667,optimal
2021-02-12 10:00:00,76,91,0.7234109855292912,0.0,0.0,0.2708,optimal
2021-02-12 10:30:00,76,91,0.6510476289920759,0.0,0.0,0.4699,optimal
2021-02-12 11:00:00,76,91,0.4329844702318766,0.0,0.0,0.3937333333333333,optimal
2021-02-12 11:30:00,76,91,0.36619547923616164,0.0,0.0,0.6626333333333333,optimal
2021-02-12 12:00:00,76,91,0.3644563514221473,0.0,0.0,0.2502333333333333,optimal
2021-02-12 12:30:00,76,91,0.3914025985216722,0.0,0.0,0.17063333333333333,optimal
2021-02-12 13:00:00,76,91,1.520090667584339,0.0,0.0,0.26213333333333333,optimal
2021-02-12 13:30:00,76,91,2.2857142857142856,0.0,0.0,0.064,optimal
2021-02-12 14:00:00,76,91,2.2857142857142856,0.0,0.0,0.19016666666666662,optimal
2021-02-12 14:30:00,76,91,2.2857142857142856,0.0,0.0,0.17776666666666668,optimal
2021-02-12 15:00:00,76,91,2.2857142857142856,0.0,0.0,1.4062999999999999,optimal
2021-02-12 15:30:00,76,91,2.2857142857142856,0.0,0.0,0.8322,optimal
2021-02-12 16:00:00,76,91,0.0,0.0,0.0,0.09666666666666669,optimal
2021-02-12 16:30:00,76,91,0.0,0.0,0.0,0.11876666666666667,optimal
2021-02-12 17:00:00,76,91,0.0,0.0,0.0,0.23313333333333333,optimal
2021-02-12 17:30:00,76,91,0.0,0.0,0.0,0.11946666666666668,optimal
2021-02-12 18:00:00,76,91,0.0,0.0,0.0,0.2213333333333333,optimal
2021-02-12 18:30:00,76,91,0.0,0.0,0.0,0.16119999999999998,optimal
2021-02-12 19:00:00,76,91,0.0,0.0,0.0,0.35136666666666666,optimal
2021-02-12 19:30:00,76,91,0.0,0.0,0.0,0.5046333333333334,optimal
2021-02-12 20:00:00,76,91,0.0,0.0,0.0,2.1361999999999997,optimal
2021-02-12 20:30:00,76,91,0.0,0.0,0.0,0.4743,optimal
2021-02-12 21:00:00,76,91,0.0,0.0,0.0,0.41473333333333334,optimal
2021-02-12 21:30:00,76,91,0.0,0.0,0.0,0.34813333333333335,optimal
2021-02-12 22:00:00,76,91,0.059714285714285706,0.0,0.0,0.5866,optimal
2021-02-12 22:30:00,76,91,0.0,0.0,0.0,0.3413333333333333,optimal
2021-02-12 23:00:00,76,91,0.0,0.0,0.0,0.7185,optimal
2021-02-12 23:30:00,76,91,0.0,0.0,0.0,0.23433333333333328,optimal
2021-02-13 00:00:00,76,91,0.0,0.0,0.0,0.13573333333333332,optimal
2021-02-13 00:30:00,76,91,2.2857142857142856,0.0,0.0,0.11673333333333331,optimal
2021-02-13 01:00:00,76,91,0.5968494355307259,0.0,0.0,0.16786666666666666,optimal
2021-02-13 01:30:00,76,91,0.0,0.0,0.0,0.2069333333333333,optimal
2021-02-13 02:00:00,76,91,0.0,0.0,0.0,0.15746666666666667,optimal
2021-02-13 02:30:00,76,91,2.2857142857142856,0.0,0.0,0.34186666666666665,optimal
2021-02-13 03:00:00,76,91,2.2857142857142856,0.0,0.0,0.28953333333333336,optimal
2021-02-13 03:30:00,76,91,2.2857142857142856,0.0,0.0,0.1852666666666667,optimal
2021-02-13 04:00:00,76,91,2.2857142857142856,0.0,0.0,0.39873333333333333,optimal
2021-02-13 04:30:00,76,91,2.2857142857142856,0.0,0.0,0.2768,optimal
2021-02-13 05:00:00,76,91,2.2857142857142856,0.0,0.0,0.5046666666666667,optimal
2021-02-13 05:30:00,76,91,2.2857142857142856,0.0,0.0,0.5468999999999999,optimal
2021-02-13 06:00:00,76,91,2.2857142857142856,0.0,0.0,1.131,optimal
2021-02-13 06:30:00,76,91,2.2857142857142856,0.0,3.806773736002655,0.38306666666666667,optimal
2021-02-13 07:00:00,76,91,2.2857142857142856,0.0,10.0,0.3086666666666667,optimal
2021-02-13 07:30:00,76,91,2.2857142857142856,0.0,0.0,0.9346666666666666,optimal
2021-02-13 08:00:00,76,91,2.041976142574929,0.0,0.0,0.08506666666666667,optimal
2021-02-13 08:30:00,76,91,1.2431414372934868,0.0,0.0,0.26489999999999997,optimal
2021-02-13 09:00:00,76,91,1.0302256380359418,0.0,0.0,0.2548666666666667,optimal
2021-02-13 09:30:00,76,91,1.126261635438278,0.0,0.0,0.29669999999999996,optimal
2021-02-13 10:00:00,76,91,0.917638132345167,0.0,0.0,0.12266666666666669,optimal
2021-02-13 10:30:00,76,91,0.9026796175399019,0.0,0.0,0.20166666666666663,optimal
2021-02-13 11:00:00,76,91,0.6716351052586459,0.0,0.0,0.09233333333333331,optimal
2021-02-13 11:30:00,76,91,0.6545242095010272,0.0,0.0,0.1402,optimal
2021-02-13 12:00:00,76,91,0.507147589903965,0.0,0.0,0.21446666666666667,optimal
2021-02-13 12:30:00,76,91,0.5396877031506077,0.0,0.0,0.07653333333333333,optimal
2021-02-13 13:00:00,76,91,2.2857142857142856,0.0,0.0,0.26213333333333333,optimal
2021-02-13 13:30:00,76,91,2.2857142857142856,0.0,0.0,0.082,optimal
2021-02-13 14:00:00,76,91,2.2857142857142856,0.0,0.0,0.17133333333333334,optimal
2021-02-13 14:30:00,76,91,2.2857142857142856,0.0,0.0,0.06533333333333333,optimal
2021-02-13 15:00:00,76,91,2.2857142857142856,0.0,0.0,0.17133333333333334,optimal
2021-02-13 15:30:00,76,91,2.2857142857142856,0.0,0.0,0.066,optimal
2021-02-13 16:00:00,76,91,0.0,0.0,0.0,0.17266666666666666,optimal
2021-02-13 16:30:00,76,91,0.0,0.0,0.0,0.17673333333333333,optimal
2021-02-13 17:00:00,76,91,0.0,0.0,0.0,0.1102,optimal
2021-02-13 17:30:00,76,91,0.0,0.0,0.0,0.2682,optimal
2021-02-13 18:00:00,76,91,0.0,0.0,0.0,0.3232,optimal
2021-02-13 18:30:00,76,91,0.0,0.0,0.0,1.5656666666666668,optimal
2021-02-13 19:00:00,76,91,0.0,0.0,0.0,0.40423333333333333,optimal
2021-02-13 19:30:00,76,91,0.17099684545350127,0.0,0.0,1.435733333333333,optimal
2021-02-13 20:00:00,76,91,1.166219641580547,0.0,0.0,0.39339999999999997,optimal
2021-02-13 20:30:00,76,91,0.0,0.0,0.0,0.18880000000000002,optimal
2021-02-13 21:00:00,76,91,0.0,0.0,0.0,0.34906666666666664,optimal
2021-02-13 21:30:00,76,91,0.0,0.0,0.0,1.5514000000000001,optimal
2021-02-13 22:00:00,76,91,0.0199047619047619,0.0,0.0,0.5102333333333333,optimal
2021-02-13 22:30:00,76,91,0.0,0.0,0.0,0.264,optimal
2021-02-13 23:00:00,76,91,0.0,0.0,0.0,0.216,optimal
2021-02-13 23:30:00,76,91,0.0,0.0,0.0,0.09966666666666668,optimal
2021-02-07 00:00:00,77,91,0.0,0.0,0.0,0.1434,optimal
2021-02-07 00:30:00,77,91,0.0,0.0,0.0,0.1832,optimal
2021-02-07 01:00:00,77,91,0.0,0.0,0.0,0.06,optimal
2021-02-07 01:30:00,77,91,0.0,0.0,0.0,0.17626666666666668,optimal
2021-02-07 02:00:00,77,91,0.0,0.0,0.0,0.1708,optimal
2021-02-07 02:30:00,77,91,0.0,0.0,0.0,0.06,optimal
2021-02-07 03:00:00,77,91,0.0,0.0,0.0,0.13446666666666668,optimal
2021-02-07 03:30:00,77,91,0.0,0.0,0.0,0.21259999999999998,optimal
2021-02-07 04:00:00,77,91,2.2857142857142856,0.0,0.0,0.06,optimal
2021-02-07 04:30:00,77,91,2.2857142857142856,0.0,0.0,0.08906666666666667,optimal
2021-02-07 05:00:00,77,91,2.2857142857142856,0.0,0.0,0.19080000000000003,optimal
2021-02-07 05:30:00,77,91,2.2857142857142856,0.0,0.0,0.1272,optimal
2021-02-07 06:00:00,77,91,2.2857142857142856,0.0,0.0,0.06,optimal
2021-02-07 06:30:00,77,91,2.2857142857142856,0.0,0.0,1.1685,optimal
2021-02-07 07:00:00,77,91,2.2857142857142856,0.0,2.1136683551243385,0.3223666666666667,optimal
2021-02-07 07:30:00,77,91,0.0,0.0,0.0,0.25453333333333333,optimal
2021-02-07 08:00:00,77,91,0.0,0.0,0.0,0.3644,optimal
2021-02-07 08:30:00,77,91,0.0,0.0,0.0,0.323,optimal
2021-02-07 09:00:00,77,91,0.0,0.0,0.0,0.35933333333333334,optimal
2021-02-07 09:30:00,77,91,0.0,0.0,0.0,0.5983666666666667,optimal
2021-02-07 10:00:00,77,91,0.06443985126058896,0.0,0.0,2.9123666666666668,optimal
2021-02-07 10:30:00,77,91,0.7038349001894807,0.0,0.0,2.9489,optimal
2021-02-07 11:00:00,77,91,0.9103259230553598,0.0,0.0,0.1372,optimal
2021-02-07 11:30:00,77,91,0.9066878278172636,0.0,0.0,0.14993333333333334,optimal
2021-02-07 12:00:00,77,91,0.78986736567227,0.0,0.0,0.21713333333333332,optimal
2021-02-07 12:30:00,77,91,0.8319054609103596,0.0,0.0,0.07,optimal
2021-02-07 13:00:00,77,91,0.8898441691572222,0.0,0.0,0.17959999999999998,optimal
2021-02-07 13:30:00,77,91,1.6387586082048973,0.0,0.0,0.18746666666666667,optimal
2021-02-07 14:00:00,77,91,2.2857142857142856,0.0,0.0,0.08866666666666667,optimal
2021-02-07 14:30:00,77,91,2.2857142857142856,0.0,0.0,0.2784,optimal
2021-02-07 15:00:00,77,91,2.2857142857142856,0.0,0.0,0.3451,optimal
2021-02-07 15:30:00,77,91,2.2857142857142856,0.0,0.0,1.1152666666666669,optimal
2021-02-07 16:00:00,77,91,0.0,0.0,0.0,4.0141333333333336,optimal
2021-02-07 16:30:00,77,91,0.0,0.0,0.0,2.7413000000000003,optimal
2021-02-07 17:00:00,77,91,0.0,0.0,0.0,0.39766666666666667,optimal
2021-02-07 17:30:00,77,91,0.0,0.0,0.0,2.010566666666666,optimal
2021-02-07 18:00:00,77,91,0.0,0.0,0.0,2.5990666666666664,optimal
2021-02-07 18:30:00,77,91,0.0,0.0,0.0,1.4661333333333335,optimal
2021-02-07 19:00:00,77,91,0.0,0.0,0.0,0.336,optimal
2021-02-07 19:30:00,77,91,0.0,0.0,0.0,0.14743333333333333,optimal
2021-02-07 20:00:00,77,91,0.0,0.0,0.0,0.2191,optimal
2021-02-07 20:30:00,77,91,0.0,0.0,0.0,0.4436666666666667,optimal
2021-02-07 21:00:00,77,91,0.0,0.0,0.0,0.3836666666666667,optimal
2021-02-07 21:30:00,77,91,0.0,0.0,0.0,0.4587,optimal
2021-02-07 22:00:00,77,91,0.0,0.0,0.0,0.3961,optimal
2021-02-07 22:30:00,77,91,0.0,0.0,0.0,0.32939999999999997,optimal
2021-02-07 23:00:00,77,91,0.0,0.0,0.0,0.07373333333333333,optimal
2021-02-07 23:30:00,77,91,0.0,0.0,0.0,0.29333333333333333,optimal
2021-02-08 00:00:00,77,91,0.0,0.0,0.0,0.06,optimal
2021-02-08 00:30:00,77,91,1.0947619047619048,0.0,0.0,0.06,optimal
2021-02-08 01:00:00,77,91,0.0,0.0,0.0,0.19933333333333328,optimal
2021-02-08 01:30:00,77,91,0.0,0.0,0.0,0.06,optimal
2021-02-08 02:00:00,77,91,0.0,0.0,0.0,0.06,optimal
2021-02-08 02:30:00,77,91,0.4914994515709928,0.0,0.0,0.19933333333333328,optimal
2021-02-08 03:00:00,77,91,2.2857142857142856,0.0,0.0,0.06,optimal
2021-02-08 03:30:00,77,91,2.2857142857142856,0.0,0.0,0.12966666666666665,optimal
2021-02-08 04:00:00,77,91,2.2857142857142856,0.0,0.0,0.12966666666666665,optimal
2021-02-08 04:30:00,77,91,2.2857142857142856,0.0,2.94777332486406,0.06,optimal
2021-02-08 05:00:00,77,91,2.2857142857142856,0.0,10.0,0.9442999999999999,optimal
2021-02-08 05:30:00,77,91,2.2857142857142856,0.0,0.0,0.8834,optimal
2021-02-08 06:00:00,77,91,2.2857142857142856,0.0,0.0,0.1616,optimal
2021-02-08 06:30:00,77,91,2.2857142857142856,0.0,0.0,1.1749666666666667,optimal
2021-02-08 07:00:00,77,91,2.2857142857142856,0.0,0.0,0.184,optimal
2021-02-08 07:30:00,77,91,2.2857142857142856,0.0,0.0,0.18619999999999998,optimal
2021-02-08 08:00:00,77,91,1.106404338678012,0.0,0.0,0.31543333333333334,optimal
2021-02-08 08:30:00,77,91,0.8559889873361379,0.0,0.0,3.2412666666666667,optimal
2021-02-08 09:00:00,77,91,0.9489444043585348,0.0,0.0,0.9823666666666668,optimal
2021-02-08 09:30:00,77,91,1.1627145742285134,0.0,0.0,0.142,optimal
2021-02-08 10:00:00,77,91,0.8909090343045047,0.0,0.0,0.30493333333333333,optimal
2021-02-08 10:30:00,77,91,0.9367198168155054,0.0,0.0,0.2409,optimal
2021-02-08 11:00:00,77,91,0.6973981332459586,0.0,0.0,0.07,optimal
2021-02-08 11:30:00,77,91,0.6905287226830806,0.0,0.0,0.07,optimal
2021-02-08 12:00:00,77,91,0.46563092920004884,0.0,0.0,0.44,optimal
2021-02-08 12:30:00,77,91,0.5890349652171561,0.0,0.0,0.07,optimal
2021-02-08 13:00:00,77,91,2.2857142857142856,0.0,0.0,0.07,optimal
2021-02-08 13:30:00,77,91,2.2857142857142856,0.0,0.0,0.108,optimal
2021-02-08 14:00:00,77,91,2.2857142857142856,0.0,0.0,0.17133333333333334,optimal
2021-02-08 14:30:00,77,91,2.2857142857142856,0.0,0.0,0.07,optimal
2021-02-08 15:00:00,77,91,2.2857142857142856,0.0,0.0,0.2093333333333333,optimal
2021-02-08 15:30:00,77,91,2.2857142857142856,0.0,0.0,0.07,optimal
2021-02-08 16:00:00,77,91,0.0,0.0,0.0,0.146,optimal
2021-02-08 16:30:00,77,91,0.0,0.0,0.0,0.18066666666666664,optimal
2021-02-08 17:00:00,77,91,0.0,0.0,0.0,0.13986666666666667,optimal
2021-02-08 17:30:00,77,91,0.0,0.0,0.0,0.8177000000000001,optimal
2021-02-08 18:00:00,77,91,0.0,0.0,0.0,2.0202,optimal
2021-02-08 18:30:00,77,91,0.0,0.0,0.0,0.12113333333333334,optimal
2021-02-08 19:00:00,77,91,0.0,0.0,0.0,0.2668666666666667,optimal
2021-02-08 19:30:00,77,91,0.0,0.0,0.0,0.22066666666666662,optimal
2021-02-08 20:00:00,77,91,0.342853401124315,0.0,0.0,0.20476666666666668,optimal
2021-02-08 20:30:00,77,91,0.0,0.0,0.0,0.2542,optimal
2021-02-08 21:00:00,77,91,0.0,0.0,0.0,0.10666666666666669,optimal
2021-02-08 21:30:00,77,91,0.0,0.0,0.0,0.19340000000000002,optimal
2021-02-08 22:00:00,77,91,0.13933333333333334,0.0,0.0,0.4011,optimal
2021-02-08 22:30:00,77,91,0.0,0.0,0.0,1.1974666666666667,optimal
2021-02-08 23:00:00,77,91,0.0,0.0,0.0,0.15866666666666665,optimal
2021-02-08 23:30:00,77,91,0.0,0.0,0.0,0.12066666666666669,optimal
2021-02-09 00:00:00,77,91,0.0,0.0,0.0,0.064,optimal
2021-02-09 00:30:00,77,91,0.7563809523809523,0.0,0.0,0.135,optimal
2021-02-09 01:00:00,77,91,0.0,0.0,0.0,0.1492,optimal
2021-02-09 01:30:00,77,91,0.0,0.0,0.0,0.064,optimal
2021-02-09 02:00:00,77,91,0.3426483926727255,0.0,0.0,0.22553333333333334,optimal
2021-02-09 02:30:00,77,91,2.2857142857142856,0.0,0.0,0.06866666666666667,optimal
2021-02-09 03:00:00,77,91,2.2857142857142856,0.0,0.0,0.135,optimal
2021-02-09 03:30:00,77,91,2.2857142857142856,0.0,0.0,0.1492,optimal
2021-02-09 04:00:00,77,91,2.2857142857142856,0.0,0.0,0.064,optimal
2021-02-09 04:30:00,77,91,2.2857142857142856,0.0,0.0,0.22019999999999998,optimal
2021-02-09 05:00:00,77,91,2.2857142857142856,0.0,0.0,0.064,optimal
2021-02-09 05:30:00,77,91,2.2857142857142856,0.0,0.0,0.064,optimal
2021-02-09 06:00:00,77,91,2.2857142857142856,0.0,0.0,0.22019999999999998,optimal
2021-02-09 06:30:00,77,91,2.2857142857142856,0.0,7.294750318253397,0.064,optimal
2021-02-09 07:00:00,77,91,2.2857142857142856,0.0,10.0,0.15630000000000002,optimal
2021-02-09 07:30:00,77,91,2.2857142857142856,0.0,0.0,0.13323333333333331,optimal
2021-02-09 08:00:00,77,91,1.174777605172499,0.0,0.0,1.8454000000000002,optimal
2021-02-09 08:30:00,77,91,1.1040658702805717,0.0,0.0,1.7745333333333333,optimal
2021-02-09 09:00:00,77,91,1.0196913535350902,0.0,0.0,0.5546333333333333,optimal
2021-02-09 09:30:00,77,91,1.1716183599416978,0.0,0.0,0.1696,optimal
2021-02-09 10:00:00,77,91,0.8681809530843447,0.0,0.0,0.349,optimal
2021-02-09 10:30:00,77,91,0.8768645695342931,0.0,0.0,0.1237,optimal
2021-02-09 11:00:00,77,91,0.6423910900403714,0.0,0.0,0.074,optimal
2021-02-09 11:30:00,77,91,0.5983849561875005,0.0,0.0,0.216,optimal
2021-02-09 12:00:00,77,91,0.46969348506576314,0.0,0.0,0.0882,optimal
2021-02-09 12:30:00,77,91,0.450813904632935,0.0,0.0,0.1663,optimal
2021-02-09 13:00:00,77,91,2.2857142857142856,0.0,0.0,0.1379,optimal
2021-02-09 13:30:00,77,91,2.2857142857142856,0.0,0.0,0.074,optimal
2021-02-09 14:00:00,77,91,2.2857142857142856,0.0,0.0,0.1805,optimal
2021-02-09 14:30:00,77,91,2.2857142857142856,0.0,0.0,0.1237,optimal
2021-02-09 15:00:00,77,91,2.2857142857142856,0.0,0.0,0.1166,optimal
2021-02-09 15:30:00,77,91,2.2857142857142856,0.0,0.0,0.1876,optimal
2021-02-09 16:00:00,77,91,0.0,0.0,0.0,0.074,optimal
2021-02-09 16:30:00,77,91,0.0,0.0,0.0,0.2018,optimal
2021-02-09 17:00:00,77,91,0.0,0.0,0.0,0.11493333333333333,optimal
2021-02-09 17:30:00,77,91,0.0,0.0,0.0,0.17573333333333332,optimal
2021-02-09 18:00:00,77,91,0.0,0.0,0.0,0.31526666666666664,optimal
2021-02-09 18:30:00,77,91,0.0,0.0,0.0,0.28883333333333333,optimal
2021-02-09 19:00:00,77,91,0.0,0.0,0.0,0.3296,optimal
2021-02-09 19:30:00,77,91,0.0,0.0,0.0,0.45030000000000003,optimal
2021-02-09 20:00:00,77,91,1.0066081128048618,0.0,0.0,0.38423333333333337,optimal
2021-02-09 20:30:00,77,91,0.0,0.0,0.0,0.4059666666666666,optimal
2021-02-09 21:00:00,77,91,0.0,0.0,0.0,0.11309999999999999,optimal
2021-02-09 21:30:00,77,91,0.0,0.0,0.0,0.3821,optimal
2021-02-09 22:00:00,77,91,0.0,0.0,0.0,0.32966666666666666,optimal
2021-02-09 22:30:00,77,91,0.0,0.0,0.0,0.1166,optimal
2021-02-09 23:00:00,77,91,0.0,0.0,0.0,0.1876,optimal
2021-02-09 23:30:00,77,91,0.0,0.0,0.0,0.07266666666666667,optimal
2021-02-10 00:00:00,77,91,0.09952380952380951,0.0,0.0,0.08613333333333334,optimal
2021-02-10 00:30:00,77,91,0.5573333333333333,0.0,0.0,0.065,optimal
2021-02-10 01:00:00,77,91,0.0,0.0,0.0,0.065,optimal
2021-02-10 01:30:00,77,91,0.0,0.0,0.0,0.065,optimal
2021-02-10 02:00:00,77,91,1.5432207927940356,0.0,0.0,0.065,optimal
2021-02-10 02:30:00,77,91,2.2857142857142856,0.0,0.0,0.065,optimal
2021-02-10 03:00:00,77,91,2.2857142857142856,0.0,0.0,0.065,optimal
2021-02-10 03:30:00,77,91,2.2857142857142856,0.0,0.0,0.065,optimal
2021-02-10 04:00:00,77,91,2.2857142857142856,0.0,0.0,0.065,optimal
2021-02-10 04:30:00,77,91,2.2857142857142856,0.0,0.0,0.065,optimal
2021-02-10 05:00:00,77,91,2.2857142857142856,0.0,0.0,0.065,optimal
2021-02-10 05:30:00,77,91,2.2857142857142856,0.0,0.0,0.065,optimal
2021-02-10 06:00:00,77,91,2.2857142857142856,0.0,0.0,0.06966666666666667,optimal
2021-02-10 06:30:00,77,91,2.2857142857142856,0.0,0.0,0.075,optimal
2021-02-10 07:00:00,77,91,2.2857142857142856,0.0,8.70566599551848,0.06966666666666667,optimal
2021-02-10 07:30:00,77,91,2.2857142857142856,0.0,0.0,0.6925333333333333,optimal
2021-02-10 08:00:00,77,91,0.9871270437436771,0.0,0.0,1.0386,optimal
2021-02-10 08:30:00,77,91,1.1177177464274455,0.0,0.0,0.9422,optimal
2021-02-10 09:00:00,77,91,0.8097259689852182,0.0,0.0,3.2474666666666665,optimal
2021-02-10 09:30:00,77,91,0.704234766907079,0.0,0.0,3.7262,optimal
2021-02-10 10:00:00,77,91,0.5120219426871145,0.0,0.0,2.5778000000000003,optimal
2021-02-10 10:30:00,77,91,0.7121654458904159,0.0,0.0,0.4623,optimal
2021-02-10 11:00:00,77,91,0.64684999558634,0.0,0.0,0.183,optimal
2021-02-10 11:30:00,77,91,0.6948224897853575,0.0,0.0,0.1706,optimal
2021-02-10 12:00:00,77,91,0.4500468272173343,0.0,0.0,0.2339,optimal
2021-02-10 12:30:00,77,91,0.45912682721732034,0.0,0.0,0.075,optimal
2021-02-10 13:00:00,77,91,2.2857142857142856,0.0,0.0,0.075,optimal
2021-02-10 13:30:00,77,91,2.2857142857142856,0.0,0.0,0.075,optimal
2021-02-10 14:00:00,77,91,2.2857142857142856,0.0,0.0,0.075,optimal
2021-02-10 14:30:00,77,91,2.2857142857142856,0.0,0.0,0.075,optimal
2021-02-10 15:00:00,77,91,2.2857142857142856,0.0,0.0,0.075,optimal
2021-02-10 15:30:00,77,91,2.2857142857142856,0.0,0.0,0.075,optimal
2021-02-10 16:00:00,77,91,0.0,0.0,0.0,0.075,optimal
2021-02-10 16:30:00,77,91,0.0,0.0,0.0,0.075,optimal
2021-02-10 17:00:00,77,91,0.0,0.0,0.0,0.075,optimal
2021-02-10 17:30:00,77,91,0.0,0.0,0.0,0.2675,optimal
2021-02-10 18:00:00,77,91,0.0,0.0,0.0,0.47243333333333326,optimal
2021-02-10 18:30:00,77,91,0.0,0.0,0.0,1.3814000000000002,optimal
2021-02-10 19:00:00,77,91,0.0,0.0,0.0,1.1926666666666668,optimal
2021-02-10 19:30:00,77,91,0.0,0.0,0.0,0.25626666666666664,optimal
2021-02-10 20:00:00,77,91,0.6015943529865289,0.0,0.0,0.49489999999999995,optimal
2021-02-10 20:30:00,77,91,0.0,0.0,0.0,0.5241333333333333,optimal
2021-02-10 21:00:00,77,91,0.0,0.0,0.0,0.5098666666666667,optimal
2021-02-10 21:30:00,77,91,0.0,0.0,0.0,0.3293333333333333,optimal
2021-02-10 22:00:00,77,91,0.31847619047619047,0.0,0.0,0.31610000000000005,optimal
2021-02-10 22:30:00,77,91,0.0,0.0,0.0,1.1572,optimal
2021-02-10 23:00:00,77,91,0.0,0.0,0.0,0.075,optimal
2021-02-10 23:30:00,77,91,0.0,0.0,0.0,0.073,optimal
2021-02-11 00:00:00,77,91,0.0,0.0,0.0,0.054,optimal
2021-02-11 00:30:00,77,91,2.2857142857142856,0.0,0.0,0.054,optimal
2021-02-11 01:00:00,77,91,2.113278009211342,0.0,0.0,0.18306666666666663,optimal
2021-02-11 01:30:00,77,91,2.2857142857142856,0.0,0.0,0.054,optimal
2021-02-11 02:00:00,77,91,2.2857142857142856,0.0,0.0,0.11853333333333332,optimal
2021-02-11 02:30:00,77,91,2.2857142857142856,0.0,0.0,0.11853333333333332,optimal
2021-02-11 03:00:00,77,91,2.2857142857142856,0.0,0.0,0.054,optimal
2021-02-11 03:30:00,77,91,2.2857142857142856,0.0,0.0,0.18306666666666663,optimal
2021-02-11 04:00:00,77,91,2.2857142857142856,0.0,1.7432506993594867,0.9751333333333332,optimal
2021-02-11 04:30:00,77,91,2.2857142857142856,0.0,10.0,0.17133333333333334,optimal
2021-02-11 05:00:00,77,91,2.2857142857142856,0.0,10.0,0.06573333333333334,optimal
2021-02-11 05:30:00,77,91,2.2857142857142856,0.0,10.0,0.15706666666666666,optimal
2021-02-11 06:00:00,77,91,2.2857142857142856,0.0,10.0,0.26373333333333326,optimal
2021-02-11 06:30:00,77,91,2.2857142857142856,0.0,10.0,0.427,optimal
2021-02-11 07:00:00,77,91,2.2857142857142856,0.0,0.0,1.3086666666666666,optimal
2021-02-11 07:30:00,77,91,2.2857142857142856,0.0,0.0,0.16373333333333331,optimal
2021-02-11 08:00:00,77,91,1.5257070513209108,0.0,0.0,0.064,optimal
2021-02-11 08:30:00,77,91,1.4991349766890327,0.0,0.0,0.19306666666666664,optimal
2021-02-11 09:00:00,77,91,1.3594418269033857,0.0,0.0,0.064,optimal
2021-02-11 09:30:00,77,91,1.2460965526159022,0.0,0.0,0.064,optimal
2021-02-11 10:00:00,77,91,0.8125345877774581,0.0,0.0,0.11093333333333334,optimal
2021-02-11 10:30:00,77,91,0.8436939082975786,0.0,0.0,0.14613333333333334,optimal
2021-02-11 11:00:00,77,91,0.6657204610096529,0.0,0.0,0.064,optimal
2021-02-11 11:30:00,77,91,0.580676072264242,0.0,0.0,0.1813333333333333,optimal
2021-02-11 12:00:00,77,91,0.37245346550793856,0.0,0.0,0.07573333333333333,optimal
2021-02-11 12:30:00,77,91,0.31942134446829323,0.0,0.0,0.10506666666666667,optimal
2021-02-11 13:00:00,77,91,2.2857142857142856,0.0,0.0,0.152,optimal
2021-02-11 13:30:00,77,91,2.2857142857142856,0.0,0.0,0.06986666666666666,optimal
2021-02-11 14:00:00,77,91,2.2857142857142856,0.0,0.0,0.18719999999999998,optimal
2021-02-11 14:30:00,77,91,2.2857142857142856,0.0,0.0,0.064,optimal
2021-02-11 15:00:00,77,91,2.2857142857142856,0.0,0.0,0.064,optimal
2021-02-11 15:30:00,77,91,2.2857142857142856,0.0,0.0,0.0992,optimal
2021-02-11 16:00:00,77,91,0.0,0.0,0.0,0.31,optimal
2021-02-11 16:30:00,77,91,0.0,0.0,0.0,1.6670999999999998,optimal
2021-02-11 17:00:00,77,91,0.0,0.0,0.0,0.37826666666666664,optimal
2021-02-11 17:30:00,77,91,0.0,0.0,0.0,0.16533333333333333,optimal
2021-02-11 18:00:00,77,91,0.0,0.0,0.0,0.1714,optimal
2021-02-11 18:30:00,77,91,0.0,0.0,0.0,0.7451,optimal
2021-02-11 19:00:00,77,91,0.0,0.0,0.0,1.4610333333333334,optimal
2021-02-11 19:30:00,77,91,0.5532762375419658,0.0,0.0,0.5009,optimal
2021-02-11 20:00:00,77,91,1.472608810764716,0.0,0.0,0.6809,optimal
2021-02-11 20:30:00,77,91,0.0,0.0,0.0,0.6015333333333333,optimal
2021-02-11 21:00:00,77,91,0.0,0.0,0.0,0.4034,optimal
2021-02-11 21:30:00,77,91,0.0,0.0,0.0,0.5206333333333333,optimal
2021-02-11 22:00:00,77,91,0.0,0.0,0.0,0.6789,optimal
2021-02-11 22:30:00,77,91,0.0,0.0,0.0,1.1518666666666666,optimal
2021-02-11 23:00:00,77,91,0.0,0.0,0.0,0.11093333333333334,optimal
2021-02-11 23:30:00,77,91,0.0,0.0,0.0,0.0992,optimal
2021-02-12 00:00:00,77,91,0.45617269917678815,0.0,0.0,0.065,optimal
2021-02-12 00:30:00,77,91,2.2857142857142856,0.0,0.0,0.1801333333333333,optimal
2021-02-12 01:00:00,77,91,2.2857142857142856,0.0,0.0,0.065,optimal
2021-02-12 01:30:00,77,91,2.2857142857142856,0.0,0.0,0.065,optimal
2021-02-12 02:00:00,77,91,2.2857142857142856,0.0,0.0,0.072,optimal
2021-02-12 02:30:00,77,91,2.2857142857142856,0.0,0.0,0.075,optimal
2021-02-12 03:00:00,77,91,2.2857142857142856,0.0,0.0,0.18313333333333331,optimal
2021-02-12 03:30:00,77,91,2.2857142857142856,0.0,0.0,0.065,optimal
2021-02-12 04:00:00,77,91,2.2857142857142856,0.0,0.0,0.20706666666666662,optimal
2021-02-12 04:30:00,77,91,2.2857142857142856,0.0,0.0,0.2479,optimal
2021-02-12 05:00:00,77,91,2.2857142857142856,0.0,0.0,0.22893333333333332,optimal
2021-02-12 05:30:00,77,91,2.2857142857142856,0.0,9.635164962574311,0.46636666666666665,optimal
2021-02-12 06:00:00,77,91,2.2857142857142856,0.0,0.0,0.38453333333333334,optimal
2021-02-12 06:30:00,77,91,2.2857142857142856,0.0,0.0,0.326,optimal
2021-02-12 07:00:00,77,91,2.2857142857142856,0.0,0.0,0.42073333333333335,optimal
2021-02-12 07:30:00,77,91,2.2857142857142856,0.0,0.0,0.206,optimal
2021-02-12 08:00:00,77,91,1.8169018828373489,0.0,0.0,0.31589999999999996,optimal
2021-02-12 08:30:00,77,91,1.5031359420583432,0.0,0.0,0.22043333333333331,optimal
2021-02-12 09:00:00,77,91,1.3214446828328212,0.0,0.0,0.18973333333333328,optimal
2021-02-12 09:30:00,77,91,1.1573462218780655,0.0,0.0,0.15163333333333331,optimal
2021-02-12 10:00:00,77,91,0.6433519379102541,0.0,0.0,0.8564666666666667,optimal
2021-02-12 10:30:00,77,91,0.5641771528015928,0.0,0.0,1.3622999999999998,optimal
2021-02-12 11:00:00,77,91,0.3801120892795099,0.0,0.0,0.278,optimal
2021-02-12 11:30:00,77,91,0.30871738399805865,0.0,0.0,0.4446666666666667,optimal
2021-02-12 12:00:00,77,91,0.17704301808880896,0.0,0.0,0.4874,optimal
2021-02-12 12:30:00,77,91,0.1756197413788084,0.0,0.0,0.4298666666666667,optimal
2021-02-12 13:00:00,77,91,1.1389657003695515,0.0,0.0,0.47886666666666666,optimal
2021-02-12 13:30:00,77,91,2.2857142857142856,0.0,0.0,0.31039999999999995,optimal
2021-02-12 14:00:00,77,91,2.2857142857142856,0.0,0.0,0.6482,optimal
2021-02-12 14:30:00,77,91,2.2857142857142856,0.0,0.0,0.367,optimal
2021-02-12 15:00:00,77,91,2.2857142857142856,0.0,0.0,0.3072,optimal
2021-02-12 15:30:00,77,91,2.2857142857142856,0.0,0.0,0.29656666666666665,optimal
2021-02-12 16:00:00,77,91,0.0,0.0,0.0,0.18786666666666668,optimal
2021-02-12 16:30:00,77,91,0.0,0.0,0.0,0.17880000000000001,optimal
2021-02-12 17:00:00,77,91,0.0,0.0,0.0,1.3666333333333334,optimal
2021-02-12 17:30:00,77,91,0.0,0.0,0.0,1.8215333333333332,optimal
2021-02-12 18:00:00,77,91,0.0,0.0,0.0,0.8415333333333334,optimal
2021-02-12 18:30:00,77,91,0.0,0.0,0.0,1.3749,optimal
2021-02-12 19:00:00,77,91,0.0,0.0,0.0,0.3383333333333333,optimal
2021-02-12 19:30:00,77,91,0.0,0.0,0.0,0.32656666666666667,optimal
2021-02-12 20:00:00,77,91,0.0,0.0,0.0,0.49276666666666663,optimal
2021-02-12 20:30:00,77,91,0.0,0.0,0.0,0.30156666666666665,optimal
2021-02-12 21:00:00,77,91,0.0,0.0,0.0,0.2873,optimal
2021-02-12 21:30:00,77,91,0.0,0.0,0.0,0.35383333333333333,optimal
2021-02-12 22:00:00,77,91,0.0,0.0,0.0,0.3821333333333333,optimal
2021-02-12 22:30:00,77,91,0.0,0.0,0.0,0.075,optimal
2021-02-12 23:00:00,77,91,0.0,0.0,0.0,0.1849,optimal
2021-02-12 23:30:00,77,91,0.0,0.0,0.0,0.07856666666666666,optimal
2021-02-13 00:00:00,77,91,0.0,0.0,0.0,0.062,optimal
2021-02-13 00:30:00,77,91,2.2857142857142856,0.0,0.0,0.1859,optimal
2021-02-13 01:00:00,77,91,1.2374285714285713,0.0,0.0,0.0679,optimal
2021-02-13 01:30:00,77,91,0.0,0.0,0.0,0.062,optimal
2021-02-13 02:00:00,77,91,1.8843814917912682,0.0,0.0,0.062,optimal
2021-02-13 02:30:00,77,91,2.2857142857142856,0.0,0.0,0.1623,optimal
2021-02-13 03:00:00,77,91,2.2857142857142856,0.0,0.0,0.0915,optimal
2021-02-13 03:30:00,77,91,2.2857142857142856,0.0,0.0,0.062,optimal
2021-02-13 04:00:00,77,91,2.2857142857142856,0.0,0.0,0.1918,optimal
2021-02-13 04:30:00,77,91,2.2857142857142856,0.0,0.0,0.062,optimal
2021-02-13 05:00:00,77,91,2.2857142857142856,0.0,0.0,0.1446,optimal
2021-02-13 05:30:00,77,91,2.2857142857142856,0.0,0.0,0.1092,optimal
2021-02-13 06:00:00,77,91,2.2857142857142856,0.0,0.0,0.31589999999999996,optimal
2021-02-13 06:30:00,77,91,2.2857142857142856,0.0,5.625812929978278,2.248266666666667,optimal
2021-02-13 07:00:00,77,91,2.2857142857142856,0.0,10.0,1.001,optimal
2021-02-13 07:30:00,77,91,2.2857142857142856,0.0,0.0,1.7442666666666669,optimal
2021-02-13 08:00:00,77,91,1.9483666187654,0.0,0.0,0.9132,optimal
2021-02-13 08:30:00,77,91,1.4303128658649096,0.0,0.0,0.072,optimal
2021-02-13 09:00:00,77,91,1.1878542094645035,0.0,0.0,0.0755,optimal
2021-02-13 09:30:00,77,91,0.9918635402001711,0.0,0.0,3.451233333333333,optimal
2021-02-13 10:00:00,77,91,0.8401571799642102,0.0,0.0,0.7796333333333333,optimal
2021-02-13 10:30:00,77,91,0.7759700937303863,0.0,0.0,2.0154666666666667,optimal
2021-02-13 11:00:00,77,91,0.5527112957348463,0.0,0.0,0.12976666666666667,optimal
2021-02-13 11:30:00,77,91,0.5168575428343499,0.0,0.0,0.2942333333333333,optimal
2021-02-13 12:00:00,77,91,0.40484282799920307,0.0,0.0,0.2887333333333333,optimal
2021-02-13 12:30:00,77,91,0.3650829412458462,0.0,0.0,2.0097,optimal
2021-02-13 13:00:00,77,91,2.0089033634368256,0.0,0.0,0.6624333333333333,optimal
2021-02-13 13:30:00,77,91,2.2857142857142856,0.0,0.0,3.6898,optimal
2021-02-13 14:00:00,77,91,2.2857142857142856,0.0,0.0,2.4634,optimal
2021-02-13 14:30:00,77,91,2.2857142857142856,0.0,0.0,1.5190666666666666,optimal
2021-02-13 15:00:00,77,91,2.2857142857142856,0.0,0.0,0.7949666666666667,optimal
2021-02-13 15:30:00,77,91,2.2857142857142856,0.0,0.0,2.179233333333333,optimal
2021-02-13 16:00:00,77,91,0.0,0.0,0.0,0.6895,optimal
2021-02-13 16:30:00,77,91,0.0,0.0,0.0,2.8687666666666667,optimal
2021-02-13 17:00:00,77,91,0.0,0.0,0.0,4.698766666666667,optimal
2021-02-13 17:30:00,77,91,0.0,0.0,0.0,0.3772,optimal
2021-02-13 18:00:00,77,91,0.0,0.0,0.0,1.4585333333333332,optimal
2021-02-13 18:30:00,77,91,0.0,0.0,0.0,1.7226333333333335,optimal
2021-02-13 19:00:00,77,91,0.0,0.0,0.0,0.40936666666666666,optimal
2021-02-13 19:30:00,77,91,0.0,0.0,0.0,0.48033333333333333,optimal
2021-02-13 20:00:00,77,91,0.0,0.0,0.0,0.22716666666666663,optimal
2021-02-13 20:30:00,77,91,0.0,0.0,0.0,2.5088000000000004,optimal
2021-02-13 21:00:00,77,91,0.0,0.0,0.0,0.5281666666666667,optimal
2021-02-13 21:30:00,77,91,0.0,0.0,0.0,0.5245333333333333,optimal
2021-02-13 22:00:00,77,91,0.09952380952380951,0.0,0.0,1.1766666666666667,optimal
2021-02-13 22:30:00,77,91,0.0796190476190476,0.0,0.0,2.7346666666666666,optimal
2021-02-13 23:00:00,77,91,1.672,0.0,0.0,1.0537333333333332,optimal
2021-02-13 23:30:00,77,91,0.0,0.0,0.0,1.6919333333333333,optimal
2021-02-07 00:00:00,78,91,0.0,0.0,0.0,0.066,optimal
2021-02-07 00:30:00,78,91,0.0,0.0,0.0,0.066,optimal
2021-02-07 01:00:00,78,91,0.0,0.0,0.0,0.066,optimal
2021-02-07 01:30:00,78,91,0.0,0.0,0.0,0.066,optimal
2021-02-07 02:00:00,78,91,0.0,0.0,0.0,0.066,optimal
2021-02-07 02:30:00,78,91,0.0,0.0,0.0,0.066,optimal
2021-02-07 03:00:00,78,91,0.0,0.0,0.0,0.066,optimal
2021-02-07 03:30:00,78,91,0.0,0.0,0.0,0.066,optimal
2021-02-07 04:00:00,78,91,2.2857142857142856,0.0,0.0,0.066,optimal
2021-02-07 04:30:00,78,91,2.2857142857142856,0.0,0.0,0.066,optimal
2021-02-07 05:00:00,78,91,2.2857142857142856,0.0,0.0,0.066,optimal
2021-02-07 05:30:00,78,91,2.2857142857142856,0.0,0.0,0.066,optimal
2021-02-07 06:00:00,78,91,2.2857142857142856,0.0,0.0,0.066,optimal
2021-02-07 06:30:00,78,91,2.2857142857142856,0.0,1.4055777348378222,0.06933333333333333,optimal
2021-02-07 07:00:00,78,91,2.2857142857142856,0.0,0.0,0.074,optimal
2021-02-07 07:30:00,78,91,0.0,0.0,0.0,0.15380000000000002,optimal
2021-02-07 08:00:00,78,91,0.0,0.0,0.0,0.16226666666666667,optimal
2021-02-07 08:30:00,78,91,0.0,0.0,0.0,0.3478,optimal
2021-02-07 09:00:00,78,91,0.0,0.0,0.0,4.3372,optimal
2021-02-07 09:30:00,78,91,0.18691230996797528,0.0,0.0,2.8696333333333333,optimal
2021-02-07 10:00:00,78,91,0.9428626324837407,0.0,0.0,0.2852,optimal
2021-02-07 10:30:00,78,91,0.9418691859037811,0.0,0.0,0.3316,optimal
2021-02-07 11:00:00,78,91,0.7851487801982224,0.0,0.0,0.3901,optimal
2021-02-07 11:30:00,78,91,0.8155259230553555,0.0,0.0,0.2035,optimal
2021-02-07 12:00:00,78,91,0.7057435561484465,0.0,0.0,0.25606666666666666,optimal
2021-02-07 12:30:00,78,91,0.7067054609103519,0.0,0.0,0.2627,optimal
2021-02-07 13:00:00,78,91,2.2857142857142856,0.0,0.0,0.49310000000000004,optimal
2021-02-07 13:30:00,78,91,2.2857142857142856,0.0,0.0,0.39576666666666666,optimal
2021-02-07 14:00:00,78,91,2.2857142857142856,0.0,0.0,0.17373333333333332,optimal
2021-02-07 14:30:00,78,91,2.2857142857142856,0.0,0.0,0.228,optimal
2021-02-07 15:00:00,78,91,2.2857142857142856,0.0,0.0,0.22616666666666663,optimal
2021-02-07 15:30:00,78,91,2.2857142857142856,0.0,0.0,0.12043333333333334,optimal
2021-02-07 16:00:00,78,91,0.0,0.0,0.0,0.076,optimal
2021-02-07 16:30:00,78,91,0.0,0.0,0.0,0.076,optimal
2021-02-07 17:00:00,78,91,0.0,0.0,0.0,0.076,optimal
2021-02-07 17:30:00,78,91,0.0,0.0,0.0,0.076,optimal
2021-02-07 18:00:00,78,91,0.0,0.0,0.0,0.076,optimal
2021-02-07 18:30:00,78,91,0.0,0.0,0.0,0.076,optimal
2021-02-07 19:00:00,78,91,0.0,0.0,0.0,0.076,optimal
2021-02-07 19:30:00,78,91,0.8247892314918374,0.0,0.0,0.076,optimal
2021-02-07 20:00:00,78,91,1.2423307044353156,0.0,0.0,0.076,optimal
2021-02-07 20:30:00,78,91,0.0,0.0,0.0,0.076,optimal
2021-02-07 21:00:00,78,91,0.0,0.0,0.0,0.076,optimal
2021-02-07 21:30:00,78,91,0.0,0.0,0.0,0.076,optimal
2021-02-07 22:00:00,78,91,0.0,0.0,0.0,0.076,optimal
2021-02-07 22:30:00,78,91,0.0,0.0,0.0,0.076,optimal
2021-02-07 23:00:00,78,91,0.0,0.0,0.0,0.217,optimal
2021-02-07 23:30:00,78,91,0.0,0.0,0.0,0.076,optimal
2021-02-08 00:00:00,78,91,0.0,0.0,0.0,0.061,optimal
2021-02-08 00:30:00,78,91,0.0,0.0,0.0,0.12819999999999998,optimal
2021-02-08 01:00:00,78,91,0.0,0.0,0.0,0.06846666666666666,optimal
2021-02-08 01:30:00,78,91,0.0,0.0,0.0,0.12073333333333332,optimal
2021-02-08 02:00:00,78,91,0.0,0.0,0.0,0.36019999999999996,optimal
2021-02-08 02:30:00,78,91,1.6839295489656356,0.0,0.0,0.19473333333333329,optimal
2021-02-08 03:00:00,78,91,2.2857142857142856,0.0,0.0,0.1372,optimal
2021-02-08 03:30:00,78,91,2.2857142857142856,0.0,0.0,0.06486666666666666,optimal
2021-02-08 04:00:00,78,91,2.2857142857142856,0.0,0.0,0.1262,optimal
2021-02-08 04:30:00,78,91,2.2857142857142856,0.0,0.0,0.059,optimal
2021-02-08 05:00:00,78,91,2.2857142857142856,0.0,0.0,2.720333333333333,optimal
2021-02-08 05:30:00,78,91,2.2857142857142856,0.0,0.0,0.17543333333333333,optimal
2021-02-08 06:00:00,78,91,2.2857142857142856,0.0,0.0,0.2552,optimal
2021-02-08 06:30:00,78,91,2.2857142857142856,0.0,1.115495262500453,0.19323333333333328,optimal
2021-02-08 07:00:00,78,91,2.2857142857142856,0.0,10.0,0.35910000000000003,optimal
2021-02-08 07:30:00,78,91,2.2857142857142856,0.0,0.0,0.391,optimal
2021-02-08 08:00:00,78,91,1.0088252910589808,0.0,0.0,1.3306,optimal
2021-02-08 08:30:00,78,91,1.1151118444790002,0.0,0.0,0.22213333333333332,optimal
2021-02-08 09:00:00,78,91,0.8556577376918693,0.0,0.0,1.8021666666666667,optimal
2021-02-08 09:30:00,78,91,1.166200288514225,0.0,0.0,0.071,optimal
2021-02-08 10:00:00,78,91,0.9163528438283308,0.0,0.0,0.1382,optimal
2021-02-08 10:30:00,78,91,0.9458569596726328,0.0,0.0,0.071,optimal
2021-02-08 11:00:00,78,91,0.6967695618173811,0.0,0.0,0.071,optimal
2021-02-08 11:30:00,78,91,0.6888334845878351,0.0,0.0,0.07473333333333333,optimal
2021-02-08 12:00:00,78,91,0.5840118815809946,0.0,0.0,0.13446666666666668,optimal
2021-02-08 12:30:00,78,91,0.5884063937885787,0.0,0.0,0.071,optimal
2021-02-08 13:00:00,78,91,2.2857142857142856,0.0,0.0,0.13446666666666668,optimal
2021-02-08 13:30:00,78,91,2.2857142857142856,0.0,0.0,0.07473333333333333,optimal
2021-02-08 14:00:00,78,91,2.2857142857142856,0.0,0.0,0.11206666666666666,optimal
2021-02-08 14:30:00,78,91,2.2857142857142856,0.0,0.0,0.09713333333333334,optimal
2021-02-08 15:00:00,78,91,2.2857142857142856,0.0,0.0,0.071,optimal
2021-02-08 15:30:00,78,91,2.2857142857142856,0.0,0.0,0.12326666666666668,optimal
2021-02-08 16:00:00,78,91,0.0,0.0,0.0,0.08593333333333333,optimal
2021-02-08 16:30:00,78,91,0.0,0.0,0.0,0.11206666666666666,optimal
2021-02-08 17:00:00,78,91,0.0,0.0,0.0,1.3022333333333331,optimal
2021-02-08 17:30:00,78,91,0.0,0.0,0.0,0.1307333333333333,optimal
2021-02-08 18:00:00,78,91,0.0,0.0,0.0,0.3604666666666666,optimal
2021-02-08 18:30:00,78,91,0.0,0.0,0.0,0.4870333333333334,optimal
2021-02-08 19:00:00,78,91,0.0,0.0,0.0,0.286,optimal
2021-02-08 19:30:00,78,91,0.06544198896880112,0.0,0.0,0.08,optimal
2021-02-08 20:00:00,78,91,0.8077119761251254,0.0,0.0,1.6499666666666668,optimal
2021-02-08 20:30:00,78,91,0.0,0.0,0.0,0.1362,optimal
2021-02-08 21:00:00,78,91,0.0,0.0,0.0,0.38060000000000005,optimal
2021-02-08 21:30:00,78,91,0.0,0.0,0.0,0.343,optimal
2021-02-08 22:00:00,78,91,0.05971428571428571,0.0,0.0,0.26480000000000004,optimal
2021-02-08 22:30:00,78,91,0.0,0.0,0.0,0.071,optimal
2021-02-08 23:00:00,78,91,0.0,0.0,0.0,0.071,optimal
2021-02-08 23:30:00,78,91,0.0,0.0,0.0,0.13419999999999999,optimal
2021-02-09 00:00:00,78,91,0.0796190476190476,0.0,0.0,0.16963333333333333,optimal
2021-02-09 00:30:00,78,91,1.1345714285714286,0.0,0.0,0.4159666666666666,optimal
2021-02-09 01:00:00,78,91,0.0,0.0,0.0,0.238,optimal
2021-02-09 01:30:00,78,91,0.0,0.0,0.0,0.17033333333333334,optimal
2021-02-09 02:00:00,78,91,0.0,0.0,0.0,0.3336,optimal
2021-02-09 02:30:00,78,91,1.8377143766334116,0.0,0.0,0.3791333333333333,optimal
2021-02-09 03:00:00,78,91,2.2857142857142856,0.0,0.0,0.1338,optimal
2021-02-09 03:30:00,78,91,2.2857142857142856,0.0,0.0,0.10733333333333331,optimal
2021-02-09 04:00:00,78,91,2.2857142857142856,0.0,0.0,0.069,optimal
2021-02-09 04:30:00,78,91,2.2857142857142856,0.0,0.0,0.069,optimal
2021-02-09 05:00:00,78,91,2.2857142857142856,0.0,0.0,0.1849333333333333,optimal
2021-02-09 05:30:00,78,91,2.2857142857142856,0.0,0.0,0.10740000000000001,optimal
2021-02-09 06:00:00,78,91,2.2857142857142856,0.0,0.0,0.08433333333333333,optimal
2021-02-09 06:30:00,78,91,2.2857142857142856,0.0,4.310132190216552,0.2724,optimal
2021-02-09 07:00:00,78,91,2.2857142857142856,0.0,10.0,0.4044666666666666,optimal
2021-02-09 07:30:00,78,91,2.2857142857142856,0.0,0.0,0.7092999999999999,optimal
2021-02-09 08:00:00,78,91,1.1738918908867744,0.0,0.0,1.1336666666666668,optimal
2021-02-09 08:30:00,78,91,1.248220155994841,0.0,0.0,0.19713333333333333,optimal
2021-02-09 09:00:00,78,91,1.167729448773202,0.0,0.0,0.24659999999999999,optimal
2021-02-09 09:30:00,78,91,1.1479155027988353,0.0,0.0,0.2891,optimal
2021-02-09 10:00:00,78,91,0.888960000703389,0.0,0.0,0.18753333333333333,optimal
2021-02-09 10:30:00,78,91,0.8805026647723895,0.0,0.0,0.11166666666666669,optimal
2021-02-09 11:00:00,78,91,0.6440196614689331,0.0,0.0,0.069,optimal
2021-02-09 11:30:00,78,91,0.6162040038065516,0.0,0.0,0.15433333333333335,optimal
2021-02-09 12:00:00,78,91,0.4556649136371928,0.0,0.0,0.138,optimal
2021-02-09 12:30:00,78,91,0.4739377141567458,0.0,0.0,0.08606666666666667,optimal
2021-02-09 13:00:00,78,91,1.4732659717447858,0.0,0.0,0.20626666666666668,optimal
2021-02-09 13:30:00,78,91,2.2857142857142856,0.0,0.0,0.069,optimal
2021-02-09 14:00:00,78,91,2.2857142857142856,0.0,0.0,0.267,optimal
2021-02-09 14:30:00,78,91,2.2857142857142856,0.0,0.0,0.2911,optimal
2021-02-09 15:00:00,78,91,2.2857142857142856,0.0,0.0,0.2483333333333333,optimal
2021-02-09 15:30:00,78,91,2.2857142857142856,0.0,0.0,0.4128,optimal
2021-02-09 16:00:00,78,91,0.0,0.0,0.0,0.2317333333333333,optimal
2021-02-09 16:30:00,78,91,0.0,0.0,0.0,0.15369999999999998,optimal
2021-02-09 17:00:00,78,91,0.0,0.0,0.0,0.13169999999999998,optimal
2021-02-09 17:30:00,78,91,0.0,0.0,0.0,0.1572333333333333,optimal
2021-02-09 18:00:00,78,91,0.0,0.0,0.0,0.20806666666666662,optimal
2021-02-09 18:30:00,78,91,0.0,0.0,0.0,3.6915,optimal
2021-02-09 19:00:00,78,91,0.0,0.0,0.0,1.0483333333333333,optimal
2021-02-09 19:30:00,78,91,0.0,0.0,0.0,0.8787,optimal
2021-02-09 20:00:00,78,91,0.0,0.0,0.0,0.5630333333333333,optimal
2021-02-09 20:30:00,78,91,0.0,0.0,0.0,0.4109,optimal
2021-02-09 21:00:00,78,91,0.0,0.0,0.0,0.33676666666666666,optimal
2021-02-09 21:30:00,78,91,0.0,0.0,0.0,0.4515,optimal
2021-02-09 22:00:00,78,91,0.0398095238095238,0.0,0.0,1.8878,optimal
2021-02-09 22:30:00,78,91,0.0,0.0,0.0,1.2659333333333334,optimal
2021-02-09 23:00:00,78,91,0.0,0.0,0.0,0.29419999999999996,optimal
2021-02-09 23:30:00,78,91,0.0,0.0,0.0,0.3921,optimal
2021-02-10 00:00:00,78,91,0.0,0.0,0.0,0.22683333333333328,optimal
2021-02-10 00:30:00,78,91,2.2857142857142856,0.0,0.0,0.1389,optimal
2021-02-10 01:00:00,78,91,0.0,0.0,0.0,0.9647333333333332,optimal
2021-02-10 01:30:00,78,91,0.0,0.0,0.0,0.23656666666666665,optimal
2021-02-10 02:00:00,78,91,0.7995238095238095,0.0,0.0,0.07286666666666666,optimal
2021-02-10 02:30:00,78,91,1.6414160770137969,0.0,0.0,0.42769999999999997,optimal
2021-02-10 03:00:00,78,91,2.2857142857142856,0.0,0.0,0.3551333333333333,optimal
2021-02-10 03:30:00,78,91,2.2857142857142856,0.0,0.0,0.22490000000000002,optimal
2021-02-10 04:00:00,78,91,2.2857142857142856,0.0,0.0,0.20866666666666664,optimal
2021-02-10 04:30:00,78,91,2.2857142857142856,0.0,0.0,0.15780000000000002,optimal
2021-02-10 05:00:00,78,91,2.2857142857142856,0.0,0.0,0.3579,optimal
2021-02-10 05:30:00,78,91,2.2857142857142856,0.0,0.0,0.16966666666666666,optimal
2021-02-10 06:00:00,78,91,2.2857142857142856,0.0,5.755215632034992,0.1118,optimal
2021-02-10 06:30:00,78,91,2.2857142857142856,0.0,10.0,1.7291666666666667,optimal
2021-02-10 07:00:00,78,91,2.2857142857142856,0.0,10.0,0.5960333333333333,optimal
2021-02-10 07:30:00,78,91,2.2857142857142856,0.0,0.0,0.9629,optimal
2021-02-10 08:00:00,78,91,1.158707996124634,0.0,0.0,0.8443999999999999,optimal
2021-02-10 08:30:00,78,91,1.2191310797607806,0.0,0.0,0.25930000000000003,optimal
2021-02-10 09:00:00,78,91,1.0365640642233,0.0,0.0,0.3282,optimal
2021-02-10 09:30:00,78,91,1.0140442907165925,0.0,0.0,0.1916,optimal
2021-02-10 10:00:00,78,91,0.8688581331632935,0.0,0.0,0.2137,optimal
2021-02-10 10:30:00,78,91,0.885982588747563,0.0,0.0,0.1177,optimal
2021-02-10 11:00:00,78,91,0.6434042813006111,0.0,0.0,0.9721666666666666,optimal
2021-02-10 11:30:00,78,91,0.6603520135948844,0.0,0.0,0.3231,optimal
2021-02-10 12:00:00,78,91,0.4446506367411447,0.0,0.0,0.172,optimal
2021-02-10 12:30:00,78,91,0.304852541503052,0.0,0.0,0.4476,optimal
2021-02-10 13:00:00,78,91,0.7370486234839979,0.0,0.0,0.10633333333333331,optimal
2021-02-10 13:30:00,78,91,2.2857142857142856,0.0,0.0,0.6949666666666667,optimal
2021-02-10 14:00:00,78,91,2.2857142857142856,0.0,0.0,1.1899000000000002,optimal
2021-02-10 14:30:00,78,91,2.2857142857142856,0.0,0.0,0.10503333333333331,optimal
2021-02-10 15:00:00,78,91,2.2857142857142856,0.0,0.0,0.42336666666666667,optimal
2021-02-10 15:30:00,78,91,2.2857142857142856,0.0,0.0,0.1336,optimal
2021-02-10 16:00:00,78,91,0.0,0.0,0.0,0.1167,optimal
2021-02-10 16:30:00,78,91,0.0,0.0,0.0,1.2684000000000002,optimal
2021-02-10 17:00:00,78,91,0.0,0.0,0.0,0.5729333333333333,optimal
2021-02-10 17:30:00,78,91,0.0,0.0,0.0,0.5003333333333333,optimal
2021-02-10 18:00:00,78,91,0.0,0.0,0.0,0.6815666666666668,optimal
2021-02-10 18:30:00,78,91,0.0,0.0,0.0,0.1849,optimal
2021-02-10 19:00:00,78,91,0.0,0.0,0.0,0.3709333333333333,optimal
2021-02-10 19:30:00,78,91,0.0,0.0,0.0,0.39266666666666666,optimal
2021-02-10 20:00:00,78,91,0.0,0.0,0.0,0.23696666666666666,optimal
2021-02-10 20:30:00,78,91,0.0,0.0,0.0,0.5136666666666666,optimal
2021-02-10 21:00:00,78,91,0.0,0.0,0.0,0.21380000000000002,optimal
2021-02-10 21:30:00,78,91,0.0,0.0,0.0,0.32739999999999997,optimal
2021-02-10 22:00:00,78,91,0.0,0.0,0.0,0.11059999999999999,optimal
2021-02-10 22:30:00,78,91,0.0,0.0,0.0,0.068,optimal
2021-02-10 23:00:00,78,91,0.0,0.0,0.0,0.068,optimal
2021-02-10 23:30:00,78,91,0.0,0.0,0.0,0.1268,optimal
2021-02-11 00:00:00,78,91,0.0,0.0,0.0,0.06536666666666666,optimal
2021-02-11 00:30:00,78,91,1.4928571428571429,0.0,0.0,0.11923333333333332,optimal
2021-02-11 01:00:00,78,91,1.780475116966176,0.0,0.0,0.089,optimal
2021-02-11 01:30:00,78,91,2.2857142857142856,0.0,0.0,0.1807333333333333,optimal
2021-02-11 02:00:00,78,91,2.2857142857142856,0.0,0.0,0.09566666666666669,optimal
2021-02-11 02:30:00,78,91,2.2857142857142856,0.0,0.0,0.11733333333333332,optimal
2021-02-11 03:00:00,78,91,2.2857142857142856,0.0,0.0,0.18606666666666663,optimal
2021-02-11 03:30:00,78,91,2.2857142857142856,0.0,0.0,0.062,optimal
2021-02-11 04:00:00,78,91,2.2857142857142856,0.0,0.0,0.07033333333333333,optimal
2021-02-11 04:30:00,78,91,2.2857142857142856,0.0,0.0,0.22646666666666668,optimal
2021-02-11 05:00:00,78,91,2.2857142857142856,0.0,0.0,0.08326666666666667,optimal
2021-02-11 05:30:00,78,91,2.2857142857142856,0.0,0.0,0.2312333333333333,optimal
2021-02-11 06:00:00,78,91,2.2857142857142856,0.0,0.0,0.2742,optimal
2021-02-11 06:30:00,78,91,2.2857142857142856,0.0,7.771390270738646,1.3508666666666667,optimal
2021-02-11 07:00:00,78,91,2.2857142857142856,0.0,10.0,0.096,optimal
2021-02-11 07:30:00,78,91,2.2857142857142856,0.0,0.0,0.3321,optimal
2021-02-11 08:00:00,78,91,1.4057070513209,0.0,0.0,0.22490000000000002,optimal
2021-02-11 08:30:00,78,91,1.4348016433557156,0.0,0.0,0.16646666666666668,optimal
2021-02-11 09:00:00,78,91,1.346327541189122,0.0,0.0,0.1098,optimal
2021-02-11 09:30:00,78,91,1.243782266901622,0.0,0.0,0.072,optimal
2021-02-11 10:00:00,78,91,0.7771822068250628,0.0,0.0,0.23456666666666665,optimal
2021-02-11 10:30:00,78,91,0.8600367654404296,0.0,0.0,0.08883333333333333,optimal
2021-02-11 11:00:00,78,91,0.6294633181525161,0.0,0.0,0.19080000000000003,optimal
2021-02-11 11:30:00,78,91,0.5945713103594902,0.0,0.0,0.1326,optimal
2021-02-11 12:00:00,78,91,0.3734915607460476,0.0,0.0,0.072,optimal
2021-02-11 12:30:00,78,91,0.294897534944463,0.0,0.0,0.19080000000000003,optimal
2021-02-11 13:00:00,78,91,2.2857142857142856,0.0,0.0,0.072,optimal
2021-02-11 13:30:00,78,91,2.2857142857142856,0.0,0.0,0.1326,optimal
2021-02-11 14:00:00,78,91,2.2857142857142856,0.0,0.0,0.072,optimal
2021-02-11 14:30:00,78,91,2.2857142857142856,0.0,0.0,0.2298,optimal
2021-02-11 15:00:00,78,91,2.2857142857142856,0.0,0.0,0.09359999999999999,optimal
2021-02-11 15:30:00,78,91,2.2857142857142856,0.0,0.0,0.19693333333333332,optimal
2021-02-11 16:00:00,78,91,0.0,0.0,0.0,0.3455666666666667,optimal
2021-02-11 16:30:00,78,91,0.0,0.0,0.0,0.413,optimal
2021-02-11 17:00:00,78,91,0.0,0.0,0.0,0.5158666666666667,optimal
2021-02-11 17:30:00,78,91,0.0,0.0,0.0,0.3415666666666667,optimal
2021-02-11 18:00:00,78,91,0.0,0.0,0.0,0.2616,optimal
2021-02-11 18:30:00,78,91,0.0,0.0,0.0,0.3311,optimal
2021-02-11 19:00:00,78,91,0.0,0.0,0.0,0.249,optimal
2021-02-11 19:30:00,78,91,0.38215056121470997,0.0,0.0,0.47553333333333336,optimal
2021-02-11 20:00:00,78,91,1.5614754774313606,0.0,0.0,0.3621333333333333,optimal
2021-02-11 20:30:00,78,91,0.0,0.0,0.0,0.31860000000000005,optimal
2021-02-11 21:00:00,78,91,0.0,0.0,0.0,0.4279333333333333,optimal
2021-02-11 21:30:00,78,91,0.0,0.0,0.0,1.2695999999999998,optimal
2021-02-11 22:00:00,78,91,0.0,0.0,0.0,0.2082,optimal
2021-02-11 22:30:00,78,91,0.0,0.0,0.0,0.1152,optimal
2021-02-11 23:00:00,78,91,0.0,0.0,0.0,0.072,optimal
2021-02-11 23:30:00,78,91,0.0,0.0,0.0,0.2251,optimal
2021-02-12 00:00:00,78,91,0.8036951211857355,0.0,0.0,0.2514,optimal
2021-02-12 00:30:00,78,91,2.2857142857142856,0.0,0.0,0.051,optimal
2021-02-12 01:00:00,78,91,2.2857142857142856,0.0,0.0,0.2072,optimal
2021-02-12 01:30:00,78,91,2.2857142857142856,0.0,0.0,0.051,optimal
2021-02-12 02:00:00,78,91,2.2857142857142856,0.0,0.0,0.051,optimal
2021-02-12 02:30:00,78,91,2.2857142857142856,0.0,0.0,0.1149,optimal
2021-02-12 03:00:00,78,91,2.2857142857142856,0.0,0.0,0.1433,optimal
2021-02-12 03:30:00,78,91,2.2857142857142856,0.0,0.0,0.051,optimal
2021-02-12 04:00:00,78,91,2.2857142857142856,0.0,0.0,0.2072,optimal
2021-02-12 04:30:00,78,91,2.2857142857142856,0.0,0.0,0.051,optimal
2021-02-12 05:00:00,78,91,2.2857142857142856,0.0,0.0,0.0865,optimal
2021-02-12 05:30:00,78,91,2.2857142857142856,0.0,0.0,0.1717,optimal
2021-02-12 06:00:00,78,91,2.2857142857142856,0.0,0.0,0.051,optimal
2021-02-12 06:30:00,78,91,2.2857142857142856,0.0,1.722145621592658,0.2072,optimal
2021-02-12 07:00:00,78,91,2.2857142857142856,0.0,10.0,0.05,optimal
2021-02-12 07:30:00,78,91,2.2857142857142856,0.0,0.0,0.3579,optimal
2021-02-12 08:00:00,78,91,1.7074733114087823,0.0,0.0,0.0997,optimal
2021-02-12 08:30:00,78,91,1.5399645134869162,0.0,0.0,0.05,optimal
2021-02-12 09:00:00,78,91,1.0793618256899522,0.0,0.0,1.7243666666666666,optimal
2021-02-12 09:30:00,78,91,1.265203364735215,0.0,0.0,0.1291,optimal
2021-02-12 10:00:00,78,91,0.8295824141007375,0.0,0.0,0.1291,optimal
2021-02-12 10:30:00,78,91,0.8244190575634935,0.0,0.0,0.051,optimal
2021-02-12 11:00:00,78,91,0.5124454226128453,0.0,0.0,0.2072,optimal
2021-02-12 11:30:00,78,91,0.5536392887599633,0.0,0.0,0.051,optimal
2021-02-12 12:00:00,78,91,0.43863730380310745,0.0,0.0,0.1291,optimal
2021-02-12 12:30:00,78,91,0.10736355090260627,0.0,0.0,1.3412,optimal
2021-02-12 13:00:00,78,91,1.1894220329885206,0.0,0.0,0.224,optimal
2021-02-12 13:30:00,78,91,2.2857142857142856,0.0,0.0,0.33163333333333334,optimal
2021-02-12 14:00:00,78,91,2.2857142857142856,0.0,0.0,1.8099333333333327,optimal
2021-02-12 14:30:00,78,91,2.2857142857142856,0.0,0.0,0.2906666666666667,optimal
2021-02-12 15:00:00,78,91,2.2857142857142856,0.0,0.0,0.39180000000000004,optimal
2021-02-12 15:30:00,78,91,2.2857142857142856,0.0,0.0,0.15766666666666665,optimal
2021-02-12 16:00:00,78,91,0.0,0.0,0.0,0.26053333333333334,optimal
2021-02-12 16:30:00,78,91,0.0,0.0,0.0,0.211,optimal
2021-02-12 17:00:00,78,91,0.0,0.0,0.0,0.2811,optimal
2021-02-12 17:30:00,78,91,0.0,0.0,0.0,0.19353333333333333,optimal
2021-02-12 18:00:00,78,91,0.0,0.0,0.0,0.8926000000000001,optimal
2021-02-12 18:30:00,78,91,0.0,0.0,0.0,0.9621000000000001,optimal
2021-02-12 19:00:00,78,91,0.0,0.0,0.0,0.1163,optimal
2021-02-12 19:30:00,78,91,0.0,0.0,0.0,0.325,optimal
2021-02-12 20:00:00,78,91,0.0,0.0,0.0,0.3899333333333333,optimal
2021-02-12 20:30:00,78,91,0.0,0.0,0.0,0.1638,optimal
2021-02-12 21:00:00,78,91,0.0,0.0,0.0,0.2892333333333333,optimal
2021-02-12 21:30:00,78,91,0.0,0.0,0.0,0.182,optimal
2021-02-12 22:00:00,78,91,0.0,0.0,0.0,0.061,optimal
2021-02-12 22:30:00,78,91,0.0,0.0,0.0,0.132,optimal
2021-02-12 23:00:00,78,91,0.0,0.0,0.0,0.1462,optimal
2021-02-12 23:30:00,78,91,0.0,0.0,0.0,0.06066666666666666,optimal
2021-02-13 00:00:00,78,91,0.0,0.0,0.0,0.15706666666666666,optimal
2021-02-13 00:30:00,78,91,1.9904761904761907,0.0,0.0,0.06,optimal
2021-02-13 01:00:00,78,91,0.0,0.0,0.0,0.06,optimal
2021-02-13 01:30:00,78,91,0.04563568989292739,0.0,0.0,0.06476666666666667,optimal
2021-02-13 02:00:00,78,91,2.2857142857142856,0.0,0.0,0.2571666666666667,optimal
2021-02-13 02:30:00,78,91,2.2857142857142856,0.0,0.0,0.06,optimal
2021-02-13 03:00:00,78,91,2.2857142857142856,0.0,0.0,0.06953333333333334,optimal
2021-02-13 03:30:00,78,91,2.2857142857142856,0.0,0.0,0.2524,optimal
2021-02-13 04:00:00,78,91,2.2857142857142856,0.0,0.0,0.06,optimal
2021-02-13 04:30:00,78,91,2.2857142857142856,0.0,0.0,0.1315,optimal
2021-02-13 05:00:00,78,91,2.2857142857142856,0.0,0.0,0.2001,optimal
2021-02-13 05:30:00,78,91,2.2857142857142856,0.0,0.0,0.060333333333333336,optimal
2021-02-13 06:00:00,78,91,2.2857142857142856,0.0,0.0,0.0886,optimal
2021-02-13 06:30:00,78,91,2.2857142857142856,0.0,1.0610461511805624,0.23333333333333328,optimal
2021-02-13 07:00:00,78,91,2.2857142857142856,0.0,10.0,0.058,optimal
2021-02-13 07:30:00,78,91,2.2857142857142856,0.0,0.0,0.8104666666666667,optimal
2021-02-13 08:00:00,78,91,1.2898904282892094,0.0,0.0,0.23306666666666664,optimal
2021-02-13 08:30:00,78,91,1.4310271515791877,0.0,0.0,0.07,optimal
2021-02-13 09:00:00,78,91,1.2397113523216543,0.0,0.0,0.2004333333333333,optimal
2021-02-13 09:30:00,78,91,1.239375921152566,0.0,0.0,0.1415,optimal
2021-02-13 10:00:00,78,91,0.986028608535632,0.0,0.0,0.07,optimal
2021-02-13 10:30:00,78,91,0.9248986651589713,0.0,0.0,0.27193333333333336,optimal
2021-02-13 11:00:00,78,91,0.6779303433538933,0.0,0.0,0.07,optimal
2021-02-13 11:30:00,78,91,0.6273718285486506,0.0,0.0,0.16393333333333335,optimal
2021-02-13 12:00:00,78,91,0.311823780380145,0.0,0.0,2.3738,optimal
2021-02-13 12:30:00,78,91,0.21367817934107658,0.0,0.0,0.7421333333333333,optimal
2021-02-13 13:00:00,78,91,2.2857142857142856,0.0,0.0,0.5002666666666666,optimal
2021-02-13 13:30:00,78,91,2.2857142857142856,0.0,0.0,1.7485333333333333,optimal
2021-02-13 14:00:00,78,91,2.2857142857142856,0.0,0.0,2.8142666666666667,optimal
2021-02-13 14:30:00,78,91,2.2857142857142856,0.0,0.0,2.076233333333333,optimal
2021-02-13 15:00:00,78,91,2.2857142857142856,0.0,0.0,1.146,optimal
2021-02-13 15:30:00,78,91,2.2857142857142856,0.0,0.0,0.7156333333333333,optimal
2021-02-13 16:00:00,78,91,0.0,0.0,0.0,2.0638,optimal
2021-02-13 16:30:00,78,91,0.0,0.0,0.0,2.5366,optimal
2021-02-13 17:00:00,78,91,0.0,0.0,0.0,0.09770000000000001,optimal
2021-02-13 17:30:00,78,91,0.0,0.0,0.0,0.5283333333333333,optimal
2021-02-13 18:00:00,78,91,0.0,0.0,0.0,1.1498666666666666,optimal
2021-02-13 18:30:00,78,91,0.0,0.0,0.0,1.2227000000000001,optimal
2021-02-13 19:00:00,78,91,0.0,0.0,0.0,0.2299333333333333,optimal
2021-02-13 19:30:00,78,91,0.0,0.0,0.0,0.5338999999999999,optimal
2021-02-13 20:00:00,78,91,0.13204972564809705,0.0,0.0,0.2243,optimal
2021-02-13 20:30:00,78,91,0.0,0.0,0.0,1.2111666666666667,optimal
2021-02-13 21:00:00,78,91,0.0,0.0,0.0,1.4307,optimal
2021-02-13 21:30:00,78,91,0.0,0.0,0.0,0.6337,optimal
2021-02-13 22:00:00,78,91,0.0398095238095238,0.0,0.0,2.066266666666667,optimal
2021-02-13 22:30:00,78,91,0.0,0.0,0.0,0.07,optimal
2021-02-13 23:00:00,78,91,0.0,0.0,0.0,0.11766666666666668,optimal
2021-02-13 23:30:00,78,91,0.0,0.0,0.0,0.1272,optimal
2021-02-07 00:00:00,79,91,0.0,0.0,0.0,0.058,optimal
2021-02-07 00:30:00,79,91,0.0,0.0,0.0,0.1435,optimal
2021-02-07 01:00:00,79,91,0.0,0.0,0.0,0.1207,optimal
2021-02-07 01:30:00,79,91,0.0,0.0,0.0,0.16653333333333334,optimal
2021-02-07 02:00:00,79,91,0.0,0.0,0.0,0.1162,optimal
2021-02-07 02:30:00,79,91,0.0,0.0,0.0,0.06616666666666667,optimal
2021-02-07 03:00:00,79,91,0.0,0.0,0.0,0.30656666666666665,optimal
2021-02-07 03:30:00,79,91,0.0,0.0,0.0,0.058,optimal
2021-02-07 04:00:00,79,91,2.4285714285714284,0.0,0.0,0.12213333333333334,optimal
2021-02-07 04:30:00,79,91,2.4285714285714284,0.0,0.0,0.16826666666666668,optimal
2021-02-07 05:00:00,79,91,2.4285714285714284,0.0,0.0,0.158,optimal
2021-02-07 05:30:00,79,91,2.4285714285714284,0.0,0.0,0.068,optimal
2021-02-07 06:00:00,79,91,2.4285714285714284,0.0,0.0,0.17976666666666669,optimal
2021-02-07 06:30:00,79,91,2.4285714285714284,0.0,1.4055777348378222,0.8549,optimal
2021-02-07 07:00:00,79,91,2.4285714285714284,0.0,0.0,1.5804666666666667,optimal
2021-02-07 07:30:00,79,91,0.0,0.0,0.0,0.8350333333333333,optimal
2021-02-07 08:00:00,79,91,0.0,0.0,0.0,3.684266666666667,optimal
2021-02-07 08:30:00,79,91,0.0,0.0,0.0,2.3019666666666665,optimal
2021-02-07 09:00:00,79,91,0.0,0.0,0.0,0.2382,optimal
2021-02-07 09:30:00,79,91,0.09197195913987391,0.0,0.0,0.15236666666666668,optimal
2021-02-07 10:00:00,79,91,1.0187959658170878,0.0,0.0,0.20803333333333332,optimal
2021-02-07 10:30:00,79,91,1.049046328760924,0.0,0.0,0.1262,optimal
2021-02-07 11:00:00,79,91,0.9260687801982155,0.0,0.0,0.0828,optimal
2021-02-07 11:30:00,79,91,0.8768783040077359,0.0,0.0,0.2549666666666667,optimal
2021-02-07 12:00:00,79,91,0.8169721275770251,0.0,0.0,0.12296666666666668,optimal
2021-02-07 12:30:00,79,91,0.8069626037675006,0.0,0.0,0.158,optimal
2021-02-07 13:00:00,79,91,2.4285714285714284,0.0,0.0,0.068,optimal
2021-02-07 13:30:00,79,91,2.4285714285714284,0.0,0.0,0.27073333333333327,optimal
2021-02-07 14:00:00,79,91,2.4285714285714284,0.0,0.0,0.122,optimal
2021-02-07 14:30:00,79,91,2.4285714285714284,0.0,0.0,0.13213333333333332,optimal
2021-02-07 15:00:00,79,91,2.4285714285714284,0.0,0.0,0.1124,optimal
2021-02-07 15:30:00,79,91,2.4285714285714284,0.0,0.0,0.1806333333333333,optimal
2021-02-07 16:00:00,79,91,0.0,0.0,0.0,0.10356666666666667,optimal
2021-02-07 16:30:00,79,91,0.0,0.0,0.0,0.23503333333333334,optimal
2021-02-07 17:00:00,79,91,0.0,0.0,0.0,0.148,optimal
2021-02-07 17:30:00,79,91,0.0,0.0,0.0,2.5294333333333334,optimal
2021-02-07 18:00:00,79,91,0.0,0.0,0.0,1.8885999999999998,optimal
2021-02-07 18:30:00,79,91,0.0,0.0,0.0,0.6441333333333333,optimal
2021-02-07 19:00:00,79,91,0.0,0.0,0.0,0.3630333333333334,optimal
2021-02-07 19:30:00,79,91,0.0,0.0,0.0,0.39280000000000004,optimal
2021-02-07 20:00:00,79,91,0.5939362922758757,0.0,0.0,0.426,optimal
2021-02-07 20:30:00,79,91,0.0,0.0,0.0,2.5743666666666667,optimal
2021-02-07 21:00:00,79,91,0.0,0.0,0.0,0.45316666666666666,optimal
2021-02-07 21:30:00,79,91,0.0,0.0,0.0,1.6054333333333335,optimal
2021-02-07 22:00:00,79,91,0.07046285714285715,0.0,0.0,1.4214,optimal
2021-02-07 22:30:00,79,91,0.0,0.0,0.0,1.2568666666666666,optimal
2021-02-07 23:00:00,79,91,0.0,0.0,0.0,0.26093333333333335,optimal
2021-02-07 23:30:00,79,91,0.0,0.0,0.0,0.0864,optimal
2021-02-08 00:00:00,79,91,0.0,0.0,0.0,0.058333333333333334,optimal
2021-02-08 00:30:00,79,91,2.4285714285714284,0.0,0.0,0.161,optimal
2021-02-08 01:00:00,79,91,0.5571428571428572,0.0,0.0,0.154,optimal
2021-02-08 01:30:00,79,91,0.0,0.0,0.0,0.14113333333333333,optimal
2021-02-08 02:00:00,79,91,0.0,0.0,0.0,0.059,optimal
2021-02-08 02:30:00,79,91,0.0,0.0,0.0,0.33813333333333334,optimal
2021-02-08 03:00:00,79,91,1.6651798841958727,0.0,0.0,0.059,optimal
2021-02-08 03:30:00,79,91,2.4285714285714284,0.0,0.0,0.11363333333333334,optimal
2021-02-08 04:00:00,79,91,2.4285714285714284,0.0,0.0,0.24780000000000002,optimal
2021-02-08 04:30:00,79,91,2.4285714285714284,0.0,0.0,0.0947,optimal
2021-02-08 05:00:00,79,91,2.4285714285714284,0.0,0.0,0.1661,optimal
2021-02-08 05:30:00,79,91,2.4285714285714284,0.0,0.0,0.2509333333333333,optimal
2021-02-08 06:00:00,79,91,2.4285714285714284,0.0,0.0,0.11766666666666668,optimal
2021-02-08 06:30:00,79,91,2.4285714285714284,0.0,0.0,0.12426666666666668,optimal
2021-02-08 07:00:00,79,91,2.4285714285714284,0.0,0.0,0.42153333333333337,optimal
2021-02-08 07:30:00,79,91,2.4285714285714284,0.0,0.0,0.3699666666666666,optimal
2021-02-08 08:00:00,79,91,0.9913233862970631,0.0,0.0,1.2163333333333333,optimal
2021-02-08 08:30:00,79,91,1.1078432730504235,0.0,0.0,0.5150333333333333,optimal
2021-02-08 09:00:00,79,91,0.968851071025205,0.0,0.0,1.3694333333333335,optimal
2021-02-08 09:30:00,79,91,0.9615812408951814,0.0,0.0,0.4080666666666667,optimal
2021-02-08 10:00:00,79,91,0.8055166533521257,0.0,0.0,0.26280000000000003,optimal
2021-02-08 10:30:00,79,91,0.7246531501488225,0.0,0.0,0.5031,optimal
2021-02-08 11:00:00,79,91,0.4726076570554815,0.0,0.0,0.4044666666666666,optimal
2021-02-08 11:30:00,79,91,0.4778811036354422,0.0,0.0,0.34036666666666665,optimal
2021-02-08 12:00:00,79,91,0.409430929200044,0.0,0.0,0.3468,optimal
2021-02-08 12:30:00,79,91,0.38972067950287226,0.0,0.0,0.27836666666666665,optimal
2021-02-08 13:00:00,79,91,1.7913680511816568,0.0,0.0,0.29896666666666666,optimal
2021-02-08 13:30:00,79,91,2.4285714285714284,0.0,0.0,0.26730000000000004,optimal
2021-02-08 14:00:00,79,91,2.4285714285714284,0.0,0.0,1.0006,optimal
2021-02-08 14:30:00,79,91,2.4285714285714284,0.0,9.64104890461357,1.1132666666666668,optimal
2021-02-08 15:00:00,79,91,2.4285714285714284,0.0,0.0,0.2783333333333333,optimal
2021-02-08 15:30:00,79,91,2.4285714285714284,0.0,0.0,0.4691666666666667,optimal
2021-02-08 16:00:00,79,91,0.0,0.0,0.0,0.6014666666666667,optimal
2021-02-08 16:30:00,79,91,0.0,0.0,0.0,0.40323333333333333,optimal
2021-02-08 17:00:00,79,91,0.0,0.0,0.0,0.2074333333333333,optimal
2021-02-08 17:30:00,79,91,0.0,0.0,0.0,0.12606666666666666,optimal
2021-02-08 18:00:00,79,91,0.0,0.0,0.0,0.25,optimal
2021-02-08 18:30:00,79,91,0.0,0.0,0.0,0.11363333333333334,optimal
2021-02-08 19:00:00,79,91,0.0,0.0,0.0,0.23163333333333333,optimal
2021-02-08 19:30:00,79,91,0.0,0.0,0.0,0.07970000000000001,optimal
2021-02-08 20:00:00,79,91,0.0,0.0,0.0,0.31193333333333334,optimal
2021-02-08 20:30:00,79,91,0.0,0.0,0.0,0.0945,optimal
2021-02-08 21:00:00,79,91,0.0,0.0,0.0,0.17183333333333334,optimal
2021-02-08 21:30:00,79,91,0.0,0.0,0.0,0.24530000000000002,optimal
2021-02-08 22:00:00,79,91,0.0,0.0,0.0,0.069,optimal
2021-02-08 22:30:00,79,91,0.0,0.0,0.0,0.13319999999999999,optimal
2021-02-08 23:00:00,79,91,0.0,0.0,0.0,0.069,optimal
2021-02-08 23:30:00,79,91,0.0,0.0,0.0,0.1423,optimal
2021-02-09 00:00:00,79,91,0.0,0.0,0.0,0.063,optimal
2021-02-09 00:30:00,79,91,1.9506666666666665,0.0,0.0,0.063,optimal
2021-02-09 01:00:00,79,91,0.0,0.0,0.0,0.1164,optimal
2021-02-09 01:30:00,79,91,0.0,0.0,0.0,0.063,optimal
2021-02-09 02:00:00,79,91,0.15247881738795674,0.0,0.0,0.2014,optimal
2021-02-09 02:30:00,79,91,2.4285714285714284,0.0,0.0,0.12686666666666666,optimal
2021-02-09 03:00:00,79,91,2.4285714285714284,0.0,0.0,0.063,optimal
2021-02-09 03:30:00,79,91,2.4285714285714284,0.0,0.0,0.063,optimal
2021-02-09 04:00:00,79,91,2.4285714285714284,0.0,0.0,0.14726666666666668,optimal
2021-02-09 04:30:00,79,91,2.4285714285714284,0.0,0.0,0.1813333333333333,optimal
2021-02-09 05:00:00,79,91,2.4285714285714284,0.0,0.0,0.1254,optimal
2021-02-09 05:30:00,79,91,2.4285714285714284,0.0,0.0,0.21186666666666668,optimal
2021-02-09 06:00:00,79,91,2.4285714285714284,0.0,0.0,0.063,optimal
2021-02-09 06:30:00,79,91,2.4285714285714284,0.0,0.0,0.20436666666666667,optimal
2021-02-09 07:00:00,79,91,2.4285714285714284,0.0,0.0,0.12390000000000001,optimal
2021-02-09 07:30:00,79,91,2.4285714285714284,0.0,0.0,0.06966666666666667,optimal
2021-02-09 08:00:00,79,91,1.2947814146963175,0.0,0.0,0.13743333333333332,optimal
2021-02-09 08:30:00,79,91,1.046174441709129,0.0,0.0,2.008133333333333,optimal
2021-02-09 09:00:00,79,91,0.7270132582969964,0.0,0.0,4.045066666666667,optimal
2021-02-09 09:30:00,79,91,0.8753859789893275,0.0,0.0,2.8254333333333332,optimal
2021-02-09 10:00:00,79,91,0.6410666673700675,0.0,0.0,0.6509333333333333,optimal
2021-02-09 10:30:00,79,91,0.5687483790580901,0.0,0.0,1.9609666666666667,optimal
2021-02-09 11:00:00,79,91,0.31762728051657124,0.0,0.0,3.099133333333333,optimal
2021-02-09 11:30:00,79,91,0.06930305142559494,0.0,0.0,6.6088000000000005,optimal
2021-02-09 12:00:00,79,91,0.22384396125624698,0.0,0.0,3.551433333333333,optimal
2021-02-09 12:30:00,79,91,0.23425580939482124,0.0,0.0,0.7543666666666666,optimal
2021-02-09 13:00:00,79,91,2.0835080981280085,0.0,0.0,1.3253333333333333,optimal
2021-02-09 13:30:00,79,91,2.4285714285714284,0.0,0.0,3.597,optimal
2021-02-09 14:00:00,79,91,2.4285714285714284,0.0,0.0,1.1265999999999998,optimal
2021-02-09 14:30:00,79,91,2.4285714285714284,0.0,0.0,0.6127666666666667,optimal
2021-02-09 15:00:00,79,91,2.4285714285714284,0.0,0.0,2.1860666666666666,optimal
2021-02-09 15:30:00,79,91,2.4285714285714284,0.0,9.116666913368865,0.076,optimal
2021-02-09 16:00:00,79,91,0.0,0.0,0.0,1.6506666666666667,optimal
2021-02-09 16:30:00,79,91,0.0,0.0,0.0,1.2055666666666667,optimal
2021-02-09 17:00:00,79,91,0.0,0.0,0.0,0.8611,optimal
2021-02-09 17:30:00,79,91,0.0,0.0,0.0,1.3251,optimal
2021-02-09 18:00:00,79,91,0.0,0.0,0.0,0.073,optimal
2021-02-09 18:30:00,79,91,0.0,0.0,0.0,0.19406666666666664,optimal
2021-02-09 19:00:00,79,91,0.0,0.0,0.0,3.118533333333333,optimal
2021-02-09 19:30:00,79,91,0.0,0.0,0.0,0.17406666666666668,optimal
2021-02-09 20:00:00,79,91,0.0,0.0,0.0,2.6401666666666666,optimal
2021-02-09 20:30:00,79,91,0.0,0.0,0.0,0.5647333333333333,optimal
2021-02-09 21:00:00,79,91,0.0,0.0,0.0,0.318,optimal
2021-02-09 21:30:00,79,91,0.0,0.0,0.0,1.5740666666666665,optimal
2021-02-09 22:00:00,79,91,0.0,0.0,0.0,2.788,optimal
2021-02-09 22:30:00,79,91,0.0796190476190476,0.0,0.0,1.2226666666666668,optimal
2021-02-09 23:00:00,79,91,0.0,0.0,0.0,2.090233333333333,optimal
2021-02-09 23:30:00,79,91,0.0,0.0,0.0,0.07809999999999999,optimal
2021-02-10 00:00:00,79,91,0.0,0.0,0.0,0.056,optimal
2021-02-10 00:30:00,79,91,1.9705714285714286,0.0,0.0,0.1655,optimal
2021-02-10 01:00:00,79,91,0.0,0.0,0.0,0.2631,optimal
2021-02-10 01:30:00,79,91,0.0,0.0,0.0,0.12366666666666669,optimal
2021-02-10 02:00:00,79,91,0.0,0.0,0.0,0.17433333333333334,optimal
2021-02-10 02:30:00,79,91,0.0,0.0,0.0,0.20513333333333333,optimal
2021-02-10 03:00:00,79,91,2.218302134940094,0.0,0.0,0.2166,optimal
2021-02-10 03:30:00,79,91,2.4285714285714284,0.0,0.0,0.2859,optimal
2021-02-10 04:00:00,79,91,2.4285714285714284,0.0,0.0,0.30726666666666663,optimal
2021-02-10 04:30:00,79,91,2.4285714285714284,0.0,0.0,0.07416666666666667,optimal
2021-02-10 05:00:00,79,91,2.4285714285714284,0.0,0.0,0.22036666666666668,optimal
2021-02-10 05:30:00,79,91,2.4285714285714284,0.0,0.0,0.5726,optimal
2021-02-10 06:00:00,79,91,2.4285714285714284,0.0,9.931040280246973,0.5129,optimal
2021-02-10 06:30:00,79,91,2.4285714285714284,0.0,0.0,0.8597666666666667,optimal
2021-02-10 07:00:00,79,91,2.4285714285714284,0.0,0.0,0.41833333333333333,optimal
2021-02-10 07:30:00,79,91,2.4285714285714284,0.0,0.0,0.23633333333333328,optimal
2021-02-10 08:00:00,79,91,1.2163460913627318,0.0,0.0,0.2432,optimal
2021-02-10 08:30:00,79,91,1.246521555951255,0.0,0.0,0.3615,optimal
2021-02-10 09:00:00,79,91,1.1721926356518693,0.0,0.0,0.16703333333333334,optimal
2021-02-10 09:30:00,79,91,1.1873204811927756,0.0,0.0,0.066,optimal
2021-02-10 10:00:00,79,91,0.8373057522109213,0.0,0.0,0.3253333333333333,optimal
2021-02-10 10:30:00,79,91,0.8820873506523195,0.0,0.0,0.13253333333333334,optimal
2021-02-10 11:00:00,79,91,0.6962595193958423,0.0,0.0,0.11233333333333331,optimal
2021-02-10 11:30:00,79,91,0.6603043945472573,0.0,0.0,0.21413333333333331,optimal
2021-02-10 12:00:00,79,91,0.42392682721733216,0.0,0.0,0.1974,optimal
2021-02-10 12:30:00,79,91,0.4349934938839824,0.0,0.0,0.15866666666666665,optimal
2021-02-10 13:00:00,79,91,2.4285714285714284,0.0,0.0,0.2554,optimal
2021-02-10 13:30:00,79,91,2.4285714285714284,0.0,0.0,0.1098,optimal
2021-02-10 14:00:00,79,91,2.4285714285714284,0.0,0.0,0.07526666666666666,optimal
2021-02-10 14:30:00,79,91,2.4285714285714284,0.0,0.0,0.31,optimal
2021-02-10 15:00:00,79,91,2.4285714285714284,0.0,0.0,0.1386,optimal
2021-02-10 15:30:00,79,91,2.4285714285714284,0.0,0.0,0.28276666666666667,optimal
2021-02-10 16:00:00,79,91,0.0,0.0,0.0,0.1025,optimal
2021-02-10 16:30:00,79,91,0.0,0.0,0.0,0.13706666666666667,optimal
2021-02-10 17:00:00,79,91,0.0,0.0,0.0,0.22813333333333333,optimal
2021-02-10 17:30:00,79,91,0.0,0.0,0.0,0.15446666666666667,optimal
2021-02-10 18:00:00,79,91,0.0,0.0,0.0,0.3148,optimal
2021-02-10 18:30:00,79,91,0.0,0.0,0.0,0.7416666666666666,optimal
2021-02-10 19:00:00,79,91,0.0,0.0,0.0,0.5001,optimal
2021-02-10 19:30:00,79,91,0.0,0.0,0.0,0.36183333333333334,optimal
2021-02-10 20:00:00,79,91,0.059785641094226585,0.0,0.0,0.14576666666666668,optimal
2021-02-10 20:30:00,79,91,0.0,0.0,0.0,0.39803333333333335,optimal
2021-02-10 21:00:00,79,91,0.0,0.0,0.0,0.0884,optimal
2021-02-10 21:30:00,79,91,0.0,0.0,0.0,0.4672,optimal
2021-02-10 22:00:00,79,91,0.0199047619047619,0.0,0.0,0.22719999999999999,optimal
2021-02-10 22:30:00,79,91,0.0,0.0,0.0,0.21396666666666667,optimal
2021-02-10 23:00:00,79,91,0.0,0.0,0.0,0.3694333333333333,optimal
2021-02-10 23:30:00,79,91,0.0,0.0,0.0,0.2961666666666667,optimal
2021-02-11 00:00:00,79,91,0.0,0.0,0.0,0.047,optimal
2021-02-11 00:30:00,79,91,2.4285714285714284,0.0,0.0,0.047,optimal
2021-02-11 01:00:00,79,91,0.0,0.0,0.0,0.11886666666666666,optimal
2021-02-11 01:30:00,79,91,1.5964095371290674,0.0,0.0,0.06659999999999999,optimal
2021-02-11 02:00:00,79,91,2.4285714285714284,0.0,0.0,0.047,optimal
2021-02-11 02:30:00,79,91,2.4285714285714284,0.0,0.0,0.047,optimal
2021-02-11 03:00:00,79,91,2.4285714285714284,0.0,0.0,0.13846666666666668,optimal
2021-02-11 03:30:00,79,91,2.4285714285714284,0.0,0.0,0.1052,optimal
2021-02-11 04:00:00,79,91,2.4285714285714284,0.0,0.0,0.047,optimal
2021-02-11 04:30:00,79,91,2.4285714285714284,0.0,0.0,0.19666666666666663,optimal
2021-02-11 05:00:00,79,91,2.4285714285714284,0.0,0.0,0.047,optimal
2021-02-11 05:30:00,79,91,2.4285714285714284,0.0,0.0,0.046666666666666655,optimal
2021-02-11 06:00:00,79,91,2.4285714285714284,0.0,0.0,0.35253333333333337,optimal
2021-02-11 06:30:00,79,91,2.4285714285714284,0.0,1.8176423201792677,0.11096666666666669,optimal
2021-02-11 07:00:00,79,91,2.4285714285714284,0.0,10.0,0.2351,optimal
2021-02-11 07:30:00,79,91,2.4285714285714284,0.0,0.0,0.42306666666666665,optimal
2021-02-11 08:00:00,79,91,1.8174784798923422,0.0,0.0,0.1355,optimal
2021-02-11 08:30:00,79,91,1.353658786212852,0.0,0.0,0.20566666666666664,optimal
2021-02-11 09:00:00,79,91,1.272518017379592,0.0,0.0,0.056,optimal
2021-02-11 09:30:00,79,91,1.2112584573778018,0.0,0.0,0.08253333333333333,optimal
2021-02-11 10:00:00,79,91,0.7941822068250729,0.0,0.0,0.17426666666666668,optimal
2021-02-11 10:30:00,79,91,0.8550272416309188,0.0,0.0,0.10556666666666667,optimal
2021-02-11 11:00:00,79,91,0.6628442705334562,0.0,0.0,0.07316666666666667,optimal
2021-02-11 11:30:00,79,91,0.5898094055975843,0.0,0.0,0.14846666666666666,optimal
2021-02-11 12:00:00,79,91,0.3775487036031726,0.0,0.0,0.057,optimal
2021-02-11 12:30:00,79,91,0.3162689635159096,0.0,0.0,0.1152,optimal
2021-02-11 13:00:00,79,91,2.4285714285714284,0.0,0.0,0.1449,optimal
2021-02-11 13:30:00,79,91,2.4285714285714284,0.0,0.0,0.07970000000000001,optimal
2021-02-11 14:00:00,79,91,2.4285714285714284,0.0,0.0,0.09903333333333332,optimal
2021-02-11 14:30:00,79,91,2.4285714285714284,0.0,0.0,0.14846666666666666,optimal
2021-02-11 15:00:00,79,91,2.4285714285714284,0.0,0.0,0.057,optimal
2021-02-11 15:30:00,79,91,2.4285714285714284,0.0,0.0,0.1152,optimal
2021-02-11 16:00:00,79,91,0.0,0.0,0.0,0.057,optimal
2021-02-11 16:30:00,79,91,0.0,0.0,0.0,0.1152,optimal
2021-02-11 17:00:00,79,91,0.0,0.0,0.0,0.14846666666666666,optimal
2021-02-11 17:30:00,79,91,0.0,0.0,0.0,0.0585,optimal
2021-02-11 18:00:00,79,91,0.0,0.0,0.0,1.4481333333333335,optimal
2021-02-11 18:30:00,79,91,0.0,0.0,0.0,0.12256666666666666,optimal
2021-02-11 19:00:00,79,91,0.0,0.0,0.0,0.10553333333333331,optimal
2021-02-11 19:30:00,79,91,0.0,0.0,0.0,0.1739,optimal
2021-02-11 20:00:00,79,91,1.548840363327495,0.0,0.0,0.3290666666666667,optimal
2021-02-11 20:30:00,79,91,0.0,0.0,0.0,0.3421,optimal
2021-02-11 21:00:00,79,91,0.0,0.0,0.0,0.203,optimal
2021-02-11 21:30:00,79,91,0.0,0.0,0.0,0.3196333333333333,optimal
2021-02-11 22:00:00,79,91,0.0,0.0,0.0,0.13726666666666668,optimal
2021-02-11 22:30:00,79,91,0.0,0.0,0.0,0.10723333333333332,optimal
2021-02-11 23:00:00,79,91,0.0,0.0,0.0,0.3226666666666667,optimal
2021-02-11 23:30:00,79,91,0.0,0.0,0.0,0.16143333333333335,optimal
2021-02-12 00:00:00,79,91,1.7620963985302027,0.0,0.0,0.059,optimal
2021-02-12 00:30:00,79,91,2.4285714285714284,0.0,0.0,0.059,optimal
2021-02-12 01:00:00,79,91,2.4285714285714284,0.0,0.0,0.059,optimal
2021-02-12 01:30:00,79,91,2.4285714285714284,0.0,0.0,0.20346666666666666,optimal
2021-02-12 02:00:00,79,91,2.4285714285714284,0.0,0.0,0.059,optimal
2021-02-12 02:30:00,79,91,2.4285714285714284,0.0,0.0,0.12466666666666669,optimal
2021-02-12 03:00:00,79,91,2.4285714285714284,0.0,0.0,0.1378,optimal
2021-02-12 03:30:00,79,91,2.4285714285714284,0.0,0.0,0.08526666666666667,optimal
2021-02-12 04:00:00,79,91,2.4285714285714284,0.0,0.0,1.6303666666666665,optimal
2021-02-12 04:30:00,79,91,2.4285714285714284,0.0,0.0,0.5505,optimal
2021-02-12 05:00:00,79,91,2.4285714285714284,0.0,0.0,0.08466666666666667,optimal
2021-02-12 05:30:00,79,91,2.4285714285714284,0.0,0.0,0.5514,optimal
2021-02-12 06:00:00,79,91,2.4285714285714284,0.0,0.5999594208713694,1.2322666666666668,optimal
2021-02-12 06:30:00,79,91,2.4285714285714284,0.0,10.0,1.2323333333333333,optimal
2021-02-12 07:00:00,79,91,2.4285714285714284,0.0,10.0,0.21146666666666666,optimal
2021-02-12 07:30:00,79,91,2.4285714285714284,0.0,0.0,0.067,optimal
2021-02-12 08:00:00,79,91,1.3831399780754465,0.0,0.0,0.34906666666666664,optimal
2021-02-12 08:30:00,79,91,1.5973359420583524,0.0,0.0,0.14780000000000001,optimal
2021-02-12 09:00:00,79,91,1.4318065875947146,0.0,0.0,0.08213333333333334,optimal
2021-02-12 09:30:00,79,91,1.2469081266399713,0.0,0.0,0.20033333333333328,optimal
2021-02-12 10:00:00,79,91,0.8488109855293049,0.0,0.0,0.069,optimal
2021-02-12 10:30:00,79,91,0.8213333432777937,0.0,0.0,0.069,optimal
2021-02-12 11:00:00,79,91,0.5127120892795123,0.0,0.0,0.21346666666666667,optimal
2021-02-12 11:30:00,79,91,0.5505535744742636,0.0,0.0,0.069,optimal
2021-02-12 12:00:00,79,91,0.45786587523167477,0.0,0.0,0.069,optimal
2021-02-12 12:30:00,79,91,0.41503116995023526,0.0,0.0,0.2069,optimal
2021-02-12 13:00:00,79,91,2.4285714285714284,0.0,0.0,0.07556666666666666,optimal
2021-02-12 13:30:00,79,91,2.4285714285714284,0.0,0.0,0.069,optimal
2021-02-12 14:00:00,79,91,2.4285714285714284,0.0,0.0,0.069,optimal
2021-02-12 14:30:00,79,91,2.4285714285714284,0.0,0.0,0.069,optimal
2021-02-12 15:00:00,79,91,2.4285714285714284,0.0,0.0,0.19376666666666667,optimal
2021-02-12 15:30:00,79,91,2.4285714285714284,0.0,0.0,0.0887,optimal
2021-02-12 16:00:00,79,91,0.0,0.0,0.0,0.069,optimal
2021-02-12 16:30:00,79,91,0.0,0.0,0.0,0.21346666666666667,optimal
2021-02-12 17:00:00,79,91,0.0,0.0,0.0,0.06766666666666667,optimal
2021-02-12 17:30:00,79,91,0.0,0.0,0.0,1.2950666666666666,optimal
2021-02-12 18:00:00,79,91,0.0,0.0,0.0,1.0846666666666667,optimal
2021-02-12 18:30:00,79,91,0.0,0.0,0.0,0.14676666666666668,optimal
2021-02-12 19:00:00,79,91,0.0,0.0,0.0,0.22346666666666667,optimal
2021-02-12 19:30:00,79,91,0.0,0.0,0.0,0.12093333333333334,optimal
2021-02-12 20:00:00,79,91,0.0972350010987145,0.0,0.0,0.2,optimal
2021-02-12 20:30:00,79,91,0.0,0.0,0.0,0.24636666666666668,optimal
2021-02-12 21:00:00,79,91,0.0,0.0,0.0,0.5003,optimal
2021-02-12 21:30:00,79,91,0.0,0.0,0.0,0.5732999999999999,optimal
2021-02-12 22:00:00,79,91,0.0,0.0,0.0,0.5261,optimal
2021-02-12 22:30:00,79,91,0.0,0.0,0.0,0.2902666666666667,optimal
2021-02-12 23:00:00,79,91,0.0,0.0,0.0,0.11506666666666666,optimal
2021-02-12 23:30:00,79,91,0.0,0.0,0.0,0.13723333333333332,optimal
2021-02-13 00:00:00,79,91,0.0,0.0,0.0,0.2016,optimal
2021-02-13 00:30:00,79,91,1.1345714285714286,0.0,0.0,0.079,optimal
2021-02-13 01:00:00,79,91,0.0,0.0,0.0,0.119,optimal
2021-02-13 01:30:00,79,91,0.0,0.0,0.0,0.2949333333333333,optimal
2021-02-13 02:00:00,79,91,0.0,0.0,0.0,0.063,optimal
2021-02-13 02:30:00,79,91,2.062789902660054,0.0,0.0,0.26343333333333335,optimal
2021-02-13 03:00:00,79,91,2.4285714285714284,0.0,0.0,0.0945,optimal
2021-02-13 03:30:00,79,91,2.4285714285714284,0.0,0.0,0.1603,optimal
2021-02-13 04:00:00,79,91,2.4285714285714284,0.0,0.0,0.1763,optimal
2021-02-13 04:30:00,79,91,2.4285714285714284,0.0,0.0,0.1402,optimal
2021-02-13 05:00:00,79,91,2.4285714285714284,0.0,0.0,1.1459333333333335,optimal
2021-02-13 05:30:00,79,91,2.4285714285714284,0.0,1.5336556910502372,0.5692,optimal
2021-02-13 06:00:00,79,91,2.4285714285714284,0.0,10.0,0.09866666666666668,optimal
2021-02-13 06:30:00,79,91,2.4285714285714284,0.0,10.0,0.24816666666666662,optimal
2021-02-13 07:00:00,79,91,2.4285714285714284,0.0,0.0,0.18109999999999998,optimal
2021-02-13 07:30:00,79,91,2.4285714285714284,0.0,0.0,0.115,optimal
2021-02-13 08:00:00,79,91,1.360652333051119,0.0,0.0,0.32863333333333333,optimal
2021-02-13 08:30:00,79,91,1.4284557230077595,0.0,0.0,0.0793,optimal
2021-02-13 09:00:00,79,91,1.2735399237502278,0.0,0.0,0.08233333333333333,optimal
2021-02-13 09:30:00,79,91,1.2350330640096887,0.0,0.0,0.157,optimal
2021-02-13 10:00:00,79,91,0.9422286085356355,0.0,0.0,0.2236,optimal
2021-02-13 10:30:00,79,91,0.9646796175399216,0.0,0.0,0.133,optimal
2021-02-13 11:00:00,79,91,0.6338160576396084,0.0,0.0,0.22469999999999998,optimal
2021-02-13 11:30:00,79,91,0.630228971405785,0.0,0.0,0.22523333333333329,optimal
2021-02-13 12:00:00,79,91,0.5338523518087308,0.0,0.0,0.121,optimal
2021-02-13 12:30:00,79,91,0.45353532219823306,0.0,0.0,0.32826666666666665,optimal
2021-02-13 13:00:00,79,91,2.4285714285714284,0.0,0.0,1.0876,optimal
2021-02-13 13:30:00,79,91,2.4285714285714284,0.0,0.0,0.4787,optimal
2021-02-13 14:00:00,79,91,2.4285714285714284,0.0,0.0,0.4602333333333333,optimal
2021-02-13 14:30:00,79,91,2.4285714285714284,0.0,0.0,0.232,optimal
2021-02-13 15:00:00,79,91,2.4285714285714284,0.0,0.0,0.5258333333333334,optimal
2021-02-13 15:30:00,79,91,2.4285714285714284,0.0,0.0,0.4315333333333334,optimal
2021-02-13 16:00:00,79,91,0.0,0.0,0.0,0.5089333333333332,optimal
2021-02-13 16:30:00,79,91,0.0,0.0,0.0,0.6374666666666667,optimal
2021-02-13 17:00:00,79,91,0.0,0.0,0.0,0.5487333333333333,optimal
2021-02-13 17:30:00,79,91,0.0,0.0,0.0,0.5106333333333333,optimal
2021-02-13 18:00:00,79,91,0.0,0.0,0.0,0.479,optimal
2021-02-13 18:30:00,79,91,0.0,0.0,0.0,0.6365333333333333,optimal
2021-02-13 19:00:00,79,91,0.0,0.0,0.0,0.3788333333333333,optimal
2021-02-13 19:30:00,79,91,0.0,0.0,0.0,0.3302,optimal
2021-02-13 20:00:00,79,91,0.15095670458008043,0.0,0.0,0.4229,optimal
2021-02-13 20:30:00,79,91,0.0,0.0,0.0,0.5974333333333333,optimal
2021-02-13 21:00:00,79,91,0.0,0.0,0.0,0.2236,optimal
2021-02-13 21:30:00,79,91,0.0,0.0,0.0,0.38423333333333337,optimal
2021-02-13 22:00:00,79,91,0.2587619047619047,0.0,0.0,0.628,optimal
2021-02-13 22:30:00,79,91,0.0,0.0,0.0,0.4579,optimal
2021-02-13 23:00:00,79,91,0.0,0.0,0.0,0.5856,optimal
2021-02-13 23:30:00,79,91,0.0,0.0,0.0,0.381,optimal
2021-02-07 00:00:00,80,91,0.0,0.0,0.0,0.064,optimal
2021-02-07 00:30:00,80,91,0.0,0.0,0.0,0.064,optimal
2021-02-07 01:00:00,80,91,0.0,0.0,0.0,0.124,optimal
2021-02-07 01:30:00,80,91,0.0,0.0,0.0,0.064,optimal
2021-02-07 02:00:00,80,91,0.0,0.0,0.0,0.064,optimal
2021-02-07 02:30:00,80,91,0.0,0.0,0.0,0.124,optimal
2021-02-07 03:00:00,80,91,0.0,0.0,0.0,0.10883333333333331,optimal
2021-02-07 03:30:00,80,91,0.0,0.0,0.0,0.6342666666666666,optimal
2021-02-07 04:00:00,80,91,2.2857142857142856,0.0,0.0,0.36233333333333334,optimal
2021-02-07 04:30:00,80,91,2.2857142857142856,0.0,0.0,0.4567333333333333,optimal
2021-02-07 05:00:00,80,91,2.2857142857142856,0.0,0.0,1.2509666666666668,optimal
2021-02-07 05:30:00,80,91,2.2857142857142856,0.0,0.0,0.3536666666666667,optimal
2021-02-07 06:00:00,80,91,2.2857142857142856,0.0,0.0,0.8555333333333333,optimal
2021-02-07 06:30:00,80,91,2.2857142857142856,0.0,0.0,1.3019666666666667,optimal
2021-02-07 07:00:00,80,91,2.2857142857142856,0.0,2.1136683551243385,0.6755333333333333,optimal
2021-02-07 07:30:00,80,91,0.0,0.0,0.0,0.313,optimal
2021-02-07 08:00:00,80,91,0.0,0.0,0.0,0.28556666666666664,optimal
2021-02-07 08:30:00,80,91,0.0,0.0,0.0,0.21,optimal
2021-02-07 09:00:00,80,91,0.0,0.0,0.0,1.2655,optimal
2021-02-07 09:30:00,80,91,0.565133916910511,0.0,0.0,0.5923999999999999,optimal
2021-02-07 10:00:00,80,91,0.975624537245646,0.0,0.0,0.15113333333333331,optimal
2021-02-07 10:30:00,80,91,0.999046328760923,0.0,0.0,0.10766666666666669,optimal
2021-02-07 11:00:00,80,91,0.7792687801982187,0.0,0.0,0.35436666666666666,optimal
2021-02-07 11:30:00,80,91,0.8192592563886949,0.0,0.0,0.22096666666666667,optimal
2021-02-07 12:00:00,80,91,0.699381651386538,0.0,0.0,0.2606666666666667,optimal
2021-02-07 12:30:00,80,91,0.7123340323389202,0.0,0.0,0.22619999999999998,optimal
2021-02-07 13:00:00,80,91,2.2857142857142856,0.0,0.0,0.5553333333333333,optimal
2021-02-07 13:30:00,80,91,2.2857142857142856,0.0,0.0,1.3361333333333334,optimal
2021-02-07 14:00:00,80,91,2.2857142857142856,0.0,0.0,0.22866666666666663,optimal
2021-02-07 14:30:00,80,91,2.2857142857142856,0.0,0.0,0.22223333333333328,optimal
2021-02-07 15:00:00,80,91,2.2857142857142856,0.0,0.0,0.3115,optimal
2021-02-07 15:30:00,80,91,2.2857142857142856,0.0,0.0,0.23053333333333334,optimal
2021-02-07 16:00:00,80,91,0.0,0.0,0.0,0.2994,optimal
2021-02-07 16:30:00,80,91,0.0,0.0,0.0,0.28863333333333335,optimal
2021-02-07 17:00:00,80,91,0.0,0.0,0.0,0.2153333333333333,optimal
2021-02-07 17:30:00,80,91,0.0,0.0,0.0,0.9153666666666668,optimal
2021-02-07 18:00:00,80,91,0.0,0.0,0.0,0.8475666666666667,optimal
2021-02-07 18:30:00,80,91,0.0,0.0,0.0,0.439,optimal
2021-02-07 19:00:00,80,91,0.0,0.0,0.0,0.3616666666666667,optimal
2021-02-07 19:30:00,80,91,0.0,0.0,0.0,0.36060000000000003,optimal
2021-02-07 20:00:00,80,91,0.4843341158874943,0.0,0.0,0.5068,optimal
2021-02-07 20:30:00,80,91,0.0,0.0,0.0,0.45096666666666657,optimal
2021-02-07 21:00:00,80,91,0.0,0.0,0.0,0.5782,optimal
2021-02-07 21:30:00,80,91,0.0,0.0,0.0,0.3842,optimal
2021-02-07 22:00:00,80,91,0.0,0.0,0.0,0.074,optimal
2021-02-07 22:30:00,80,91,0.0,0.0,0.0,0.074,optimal
2021-02-07 23:00:00,80,91,0.0,0.0,0.0,0.134,optimal
2021-02-07 23:30:00,80,91,0.0,0.0,0.0,0.074,optimal
2021-02-08 00:00:00,80,91,0.0,0.0,0.0,0.065,optimal
2021-02-08 00:30:00,80,91,1.6321904761904764,0.0,0.0,0.065,optimal
2021-02-08 01:00:00,80,91,0.0,0.0,0.0,0.134,optimal
2021-02-08 01:30:00,80,91,0.0,0.0,0.0,0.06883333333333333,optimal
2021-02-08 02:00:00,80,91,0.0,0.0,0.0,0.2526333333333333,optimal
2021-02-08 02:30:00,80,91,2.195992555508313,0.0,0.0,0.088,optimal
2021-02-08 03:00:00,80,91,2.2857142857142856,0.0,0.0,0.111,optimal
2021-02-08 03:30:00,80,91,2.2857142857142856,0.0,0.0,0.065,optimal
2021-02-08 04:00:00,80,91,2.2857142857142856,0.0,0.0,0.1262333333333333,optimal
2021-02-08 04:30:00,80,91,2.2857142857142856,0.0,0.0,0.1684,optimal
2021-02-08 05:00:00,80,91,2.2857142857142856,0.0,0.0,0.09183333333333331,optimal
2021-02-08 05:30:00,80,91,2.2857142857142856,0.0,0.0,0.2258,optimal
2021-02-08 06:00:00,80,91,2.2857142857142856,0.0,0.0,0.09566666666666669,optimal
2021-02-08 06:30:00,80,91,2.2857142857142856,0.0,0.0,0.09356666666666666,optimal
2021-02-08 07:00:00,80,91,2.2857142857142856,0.0,0.0,0.2289,optimal
2021-02-08 07:30:00,80,91,2.2857142857142856,0.0,0.0,1.3110666666666666,optimal
2021-02-08 08:00:00,80,91,1.0197757672494445,0.0,0.0,1.1140333333333332,optimal
2021-02-08 08:30:00,80,91,1.0794356540027963,0.0,0.0,0.3011333333333333,optimal
2021-02-08 09:00:00,80,91,0.9316948805490158,0.0,0.0,0.2805,optimal
2021-02-08 09:30:00,80,91,0.8704955266094542,0.0,0.0,0.34996666666666665,optimal
2021-02-08 10:00:00,80,91,0.7380861771616625,0.0,0.0,0.22646666666666668,optimal
2021-02-08 10:30:00,80,91,0.701314102529774,0.0,0.0,0.5239,optimal
2021-02-08 11:00:00,80,91,0.5308362284840376,0.0,0.0,0.26476666666666665,optimal
2021-02-08 11:30:00,80,91,0.494728722683068,0.0,0.0,0.36910000000000004,optimal
2021-02-08 12:00:00,80,91,0.4590023577714733,0.0,0.0,0.23,optimal
2021-02-08 12:30:00,80,91,0.4115016318838051,0.0,0.0,0.5818333333333334,optimal
2021-02-08 13:00:00,80,91,2.2857142857142856,0.0,0.0,3.2705666666666664,optimal
2021-02-08 13:30:00,80,91,0.9369084217121154,0.0,0.0,2.3611666666666666,optimal
2021-02-08 14:00:00,80,91,2.2857142857142856,0.0,0.0,0.6843666666666667,optimal
2021-02-08 14:30:00,80,91,2.2857142857142856,0.0,0.0,0.3836333333333333,optimal
2021-02-08 15:00:00,80,91,2.2857142857142856,0.0,0.0,0.415,optimal
2021-02-08 15:30:00,80,91,2.2857142857142856,0.0,8.670212079895476,0.6614666666666666,optimal
2021-02-08 16:00:00,80,91,0.0,0.0,0.0,0.3571333333333333,optimal
2021-02-08 16:30:00,80,91,0.0,0.0,0.0,1.1069,optimal
2021-02-08 17:00:00,80,91,0.0,0.0,0.0,1.3476666666666668,optimal
2021-02-08 17:30:00,80,91,0.0,0.0,0.0,0.43660000000000004,optimal
2021-02-08 18:00:00,80,91,0.0,0.0,0.0,0.42219999999999996,optimal
2021-02-08 18:30:00,80,91,0.0,0.0,0.0,0.9131666666666667,optimal
2021-02-08 19:00:00,80,91,0.0,0.0,0.0,0.5413,optimal
2021-02-08 19:30:00,80,91,0.0,0.0,0.0,0.41303333333333336,optimal
2021-02-08 20:00:00,80,91,0.0,0.0,0.0,0.8357666666666667,optimal
2021-02-08 20:30:00,80,91,0.0,0.0,0.0,0.49756666666666666,optimal
2021-02-08 21:00:00,80,91,0.0,0.0,0.0,0.7112666666666666,optimal
2021-02-08 21:30:00,80,91,0.0,0.0,0.0,0.3033666666666667,optimal
2021-02-08 22:00:00,80,91,0.0398095238095238,0.0,0.0,0.4939333333333333,optimal
2021-02-08 22:30:00,80,91,0.0,0.0,0.0,0.37573333333333336,optimal
2021-02-08 23:00:00,80,91,0.0,0.0,0.0,0.11396666666666669,optimal
2021-02-08 23:30:00,80,91,0.0,0.0,0.0,0.17,optimal
2021-02-09 00:00:00,80,91,0.0,0.0,0.0,0.061,optimal
2021-02-09 00:30:00,80,91,0.0796190476190476,0.0,0.0,0.061,optimal
2021-02-09 01:00:00,80,91,0.0,0.0,0.0,0.061,optimal
2021-02-09 01:30:00,80,91,0.0,0.0,0.0,0.061,optimal
2021-02-09 02:00:00,80,91,0.6494458764393813,0.0,0.0,0.061,optimal
2021-02-09 02:30:00,80,91,2.2857142857142856,0.0,0.0,0.061,optimal
2021-02-09 03:00:00,80,91,2.2857142857142856,0.0,0.0,0.061,optimal
2021-02-09 03:30:00,80,91,2.2857142857142856,0.0,0.0,0.061,optimal
2021-02-09 04:00:00,80,91,2.2857142857142856,0.0,0.0,0.061,optimal
2021-02-09 04:30:00,80,91,2.2857142857142856,0.0,9.66761243241495,0.060333333333333336,optimal
2021-02-09 05:00:00,80,91,2.2857142857142856,0.0,0.0,0.061,optimal
2021-02-09 05:30:00,80,91,2.2857142857142856,0.0,0.0,0.061,optimal
2021-02-09 06:00:00,80,91,2.2857142857142856,0.0,0.0,0.061,optimal
2021-02-09 06:30:00,80,91,2.2857142857142856,0.0,0.0,0.061,optimal
2021-02-09 07:00:00,80,91,2.2857142857142856,0.0,0.0,0.061,optimal
2021-02-09 07:30:00,80,91,2.2857142857142856,0.0,0.0,0.061,optimal
2021-02-09 08:00:00,80,91,1.3644195099343943,0.0,0.0,0.061,optimal
2021-02-09 08:30:00,80,91,1.3541153940900774,0.0,0.0,0.061,optimal
2021-02-09 09:00:00,80,91,1.1987751630588952,0.0,0.0,0.061,optimal
2021-02-09 09:30:00,80,91,1.1163764551797906,0.0,0.0,0.10959999999999999,optimal
2021-02-09 10:00:00,80,91,0.5785066673700581,0.0,0.0,0.9013666666666668,optimal
2021-02-09 10:30:00,80,91,0.41808742667714377,0.0,0.0,2.629966666666667,optimal
2021-02-09 11:00:00,80,91,0.5413339471832216,0.0,0.0,0.26766666666666666,optimal
2021-02-09 11:30:00,80,91,0.536499241901786,0.0,0.0,0.268,optimal
2021-02-09 12:00:00,80,91,0.37088967554196733,0.0,0.0,0.3197333333333333,optimal
2021-02-09 12:30:00,80,91,0.38511676177577364,0.0,0.0,0.35286666666666666,optimal
2021-02-09 13:00:00,80,91,1.7411424579003472,0.0,0.0,0.19966666666666663,optimal
2021-02-09 13:30:00,80,91,2.2857142857142856,0.0,0.0,0.7026,optimal
2021-02-09 14:00:00,80,91,2.2857142857142856,0.0,0.0,0.7474666666666667,optimal
2021-02-09 14:30:00,80,91,2.2857142857142856,0.0,0.0,0.48936666666666667,optimal
2021-02-09 15:00:00,80,91,2.2857142857142856,0.0,0.0,0.6737666666666666,optimal
2021-02-09 15:30:00,80,91,2.2857142857142856,0.0,0.0,0.1197,optimal
2021-02-09 16:00:00,80,91,0.0,0.0,0.0,0.1731,optimal
2021-02-09 16:30:00,80,91,0.0,0.0,0.0,0.4333333333333333,optimal
2021-02-09 17:00:00,80,91,0.0,0.0,0.0,0.15230000000000002,optimal
2021-02-09 17:30:00,80,91,0.0,0.0,0.0,0.20866666666666664,optimal
2021-02-09 18:00:00,80,91,0.0,0.0,0.0,0.29960000000000003,optimal
2021-02-09 18:30:00,80,91,0.0,0.0,0.0,0.6557000000000001,optimal
2021-02-09 19:00:00,80,91,0.0,0.0,0.0,0.10133333333333332,optimal
2021-02-09 19:30:00,80,91,0.0,0.0,0.0,0.071,optimal
2021-02-09 20:00:00,80,91,0.0,0.0,0.0,0.071,optimal
2021-02-09 20:30:00,80,91,0.0,0.0,0.0,0.071,optimal
2021-02-09 21:00:00,80,91,0.0,0.0,0.0,0.071,optimal
2021-02-09 21:30:00,80,91,0.0,0.0,0.0,0.071,optimal
2021-02-09 22:00:00,80,91,0.0,0.0,0.0,0.071,optimal
2021-02-09 22:30:00,80,91,0.0,0.0,0.0,0.071,optimal
2021-02-09 23:00:00,80,91,0.0,0.0,0.0,0.071,optimal
2021-02-09 23:30:00,80,91,0.0,0.0,0.0,0.18230000000000002,optimal
2021-02-10 00:00:00,80,91,0.0,0.0,0.0,0.046,optimal
2021-02-10 00:30:00,80,91,0.6170476190476191,0.0,0.0,0.0577,optimal
2021-02-10 01:00:00,80,91,0.0,0.0,0.0,0.2398333333333333,optimal
2021-02-10 01:30:00,80,91,0.0777377319668051,0.0,0.0,0.082,optimal
2021-02-10 02:00:00,80,91,2.2857142857142856,0.0,0.0,0.1162,optimal
2021-02-10 02:30:00,80,91,2.2857142857142856,0.0,0.0,0.2173333333333333,optimal
2021-02-10 03:00:00,80,91,2.2857142857142856,0.0,0.0,0.1162,optimal
2021-02-10 03:30:00,80,91,2.2857142857142856,0.0,0.0,0.16333333333333333,optimal
2021-02-10 04:00:00,80,91,2.2857142857142856,0.0,0.0,0.1585,optimal
2021-02-10 04:30:00,80,91,2.2857142857142856,0.0,0.0,0.14503333333333332,optimal
2021-02-10 05:00:00,80,91,2.2857142857142856,0.0,0.0,0.1651,optimal
2021-02-10 05:30:00,80,91,2.2857142857142856,0.0,0.0,0.08109999999999999,optimal
2021-02-10 06:00:00,80,91,2.2857142857142856,0.0,0.0,0.1801333333333333,optimal
2021-02-10 06:30:00,80,91,2.2857142857142856,0.0,0.0,0.07540000000000001,optimal
2021-02-10 07:00:00,80,91,2.2857142857142856,0.0,9.352542329819382,0.124,optimal
2021-02-10 07:30:00,80,91,2.2857142857142856,0.0,0.0,0.12359999999999999,optimal
2021-02-10 08:00:00,80,91,1.184784186600817,0.0,0.0,0.1226,optimal
2021-02-10 08:30:00,80,91,1.2360739369036398,0.0,0.0,2.087333333333333,optimal
2021-02-10 09:00:00,80,91,1.0308688261280563,0.0,0.0,2.0906666666666665,optimal
2021-02-10 09:30:00,80,91,0.9623109573832531,0.0,0.0,0.1318,optimal
2021-02-10 10:00:00,80,91,0.6609228950680581,0.0,0.0,0.32976666666666665,optimal
2021-02-10 10:30:00,80,91,0.4732511601761254,0.0,0.0,1.2427666666666668,optimal
2021-02-10 11:00:00,80,91,0.5946023765387201,0.0,0.0,0.1957333333333333,optimal
2021-02-10 11:30:00,80,91,0.5783558231186802,0.0,0.0,1.4826,optimal
2021-02-10 12:00:00,80,91,0.2761611129316221,0.0,0.0,0.9178,optimal
2021-02-10 12:30:00,80,91,0.3146601605506665,0.0,0.0,0.14603333333333332,optimal
2021-02-10 13:00:00,80,91,0.738396916837233,0.0,0.0,1.3689,optimal
2021-02-10 13:30:00,80,91,1.4341284609095595,0.0,0.0,0.7942666666666667,optimal
2021-02-10 14:00:00,80,91,2.2857142857142856,0.0,0.0,0.2346,optimal
2021-02-10 14:30:00,80,91,2.2857142857142856,0.0,0.0,0.10936666666666665,optimal
2021-02-10 15:00:00,80,91,2.2857142857142856,0.0,0.0,0.21013333333333334,optimal
2021-02-10 15:30:00,80,91,2.2857142857142856,0.0,0.0,0.14556666666666665,optimal
2021-02-10 16:00:00,80,91,0.0,0.0,0.0,2.2475666666666667,optimal
2021-02-10 16:30:00,80,91,0.0,0.0,0.0,0.4016,optimal
2021-02-10 17:00:00,80,91,0.0,0.0,0.0,0.4031,optimal
2021-02-10 17:30:00,80,91,0.0,0.0,0.0,1.5747,optimal
2021-02-10 18:00:00,80,91,0.0,0.0,0.0,0.2844,optimal
2021-02-10 18:30:00,80,91,0.0,0.0,0.0,0.18976666666666667,optimal
2021-02-10 19:00:00,80,91,0.0,0.0,0.0,0.29956666666666665,optimal
2021-02-10 19:30:00,80,91,0.0,0.0,0.0,0.0953,optimal
2021-02-10 20:00:00,80,91,0.0,0.0,0.0,0.1262,optimal
2021-02-10 20:30:00,80,91,0.0,0.0,0.0,0.14873333333333333,optimal
2021-02-10 21:00:00,80,91,0.0,0.0,0.0,0.24686666666666668,optimal
2021-02-10 21:30:00,80,91,0.0,0.0,0.0,0.3209666666666666,optimal
2021-02-10 22:00:00,80,91,0.0,0.0,0.0,2.2588666666666666,optimal
2021-02-10 22:30:00,80,91,0.09952380952380951,0.0,0.0,2.3919,optimal
2021-02-10 23:00:00,80,91,0.0,0.0,0.0,0.24163333333333334,optimal
2021-02-10 23:30:00,80,91,0.0,0.0,0.0,0.3906,optimal
2021-02-11 00:00:00,80,91,0.0,0.0,0.0,0.072,optimal
2021-02-11 00:30:00,80,91,2.2857142857142856,0.0,0.0,0.06466666666666668,optimal
2021-02-11 01:00:00,80,91,1.4549649055536371,0.0,0.0,0.14266666666666666,optimal
2021-02-11 01:30:00,80,91,2.2857142857142856,0.0,0.0,0.062,optimal
2021-02-11 02:00:00,80,91,2.2857142857142856,0.0,0.0,0.14266666666666666,optimal
2021-02-11 02:30:00,80,91,2.2857142857142856,0.0,0.0,0.062,optimal
2021-02-11 03:00:00,80,91,2.2857142857142856,0.0,0.0,0.07006666666666667,optimal
2021-02-11 03:30:00,80,91,2.2857142857142856,0.0,0.0,0.1346,optimal
2021-02-11 04:00:00,80,91,2.2857142857142856,0.0,0.0,0.07006666666666667,optimal
2021-02-11 04:30:00,80,91,2.2857142857142856,0.0,0.0,0.1346,optimal
2021-02-11 05:00:00,80,91,2.2857142857142856,0.0,0.0,0.07166666666666667,optimal
2021-02-11 05:30:00,80,91,2.2857142857142856,0.0,0.0,0.1322333333333333,optimal
2021-02-11 06:00:00,80,91,2.2857142857142856,0.0,0.0,0.24330000000000002,optimal
2021-02-11 06:30:00,80,91,2.2857142857142856,0.0,7.338375899434527,0.218,optimal
2021-02-11 07:00:00,80,91,2.2857142857142856,0.0,10.0,0.2986666666666667,optimal
2021-02-11 07:30:00,80,91,2.2857142857142856,0.0,0.0,0.1888333333333333,optimal
2021-02-11 08:00:00,80,91,1.3269070513209213,0.0,0.0,0.2334,optimal
2021-02-11 08:30:00,80,91,1.3762397385938088,0.0,0.0,0.25553333333333333,optimal
2021-02-11 09:00:00,80,91,1.1399846840462506,0.0,0.0,0.3824333333333333,optimal
2021-02-11 09:30:00,80,91,1.0305822669016098,0.0,0.0,0.4063,optimal
2021-02-11 10:00:00,80,91,0.8236583973012497,0.0,0.0,0.072,optimal
2021-02-11 10:30:00,80,91,0.8648748606785391,0.0,0.0,0.072,optimal
2021-02-11 11:00:00,80,91,0.6634347467239317,0.0,0.0,0.072,optimal
2021-02-11 11:30:00,80,91,0.6119141675023484,0.0,0.0,0.072,optimal
2021-02-11 12:00:00,80,91,0.3504725131269997,0.0,0.0,0.15266666666666664,optimal
2021-02-11 12:30:00,80,91,0.3288689635159014,0.0,0.0,0.072,optimal
2021-02-11 13:00:00,80,91,2.2857142857142856,0.0,0.0,0.072,optimal
2021-02-11 13:30:00,80,91,2.2857142857142856,0.0,0.0,0.072,optimal
2021-02-11 14:00:00,80,91,2.2857142857142856,0.0,0.0,0.14863333333333334,optimal
2021-02-11 14:30:00,80,91,2.2857142857142856,0.0,0.0,0.07603333333333333,optimal
2021-02-11 15:00:00,80,91,2.2857142857142856,0.0,0.0,0.072,optimal
2021-02-11 15:30:00,80,91,2.2857142857142856,0.0,0.0,0.072,optimal
2021-02-11 16:00:00,80,91,0.0,0.0,0.0,0.15266666666666664,optimal
2021-02-11 16:30:00,80,91,0.0,0.0,0.0,0.072,optimal
2021-02-11 17:00:00,80,91,0.0,0.0,0.0,0.14863333333333334,optimal
2021-02-11 17:30:00,80,91,0.0,0.0,0.0,0.07603333333333333,optimal
2021-02-11 18:00:00,80,91,0.0,0.0,0.0,0.072,optimal
2021-02-11 18:30:00,80,91,0.0,0.0,0.0,0.15266666666666664,optimal
2021-02-11 19:00:00,80,91,0.0,0.0,0.0,0.2304,optimal
2021-02-11 19:30:00,80,91,1.3058949007827487,0.0,0.0,0.3900666666666667,optimal
2021-02-11 20:00:00,80,91,1.5809802393361374,0.0,0.0,0.28246666666666664,optimal
2021-02-11 20:30:00,80,91,0.0,0.0,0.0,0.4001,optimal
2021-02-11 21:00:00,80,91,0.0,0.0,0.0,0.2334,optimal
2021-02-11 21:30:00,80,91,0.0,0.0,0.0,0.24359999999999998,optimal
2021-02-11 22:00:00,80,91,0.0,0.0,0.0,0.07603333333333333,optimal
2021-02-11 22:30:00,80,91,0.0,0.0,0.0,0.072,optimal
2021-02-11 23:00:00,80,91,0.0,0.0,0.0,0.10426666666666667,optimal
2021-02-11 23:30:00,80,91,0.0,0.0,0.0,0.12040000000000001,optimal
2021-02-12 00:00:00,80,91,0.32637339008883753,0.0,0.0,0.05766666666666666,optimal
2021-02-12 00:30:00,80,91,2.2857142857142856,0.0,0.0,0.067,optimal
2021-02-12 01:00:00,80,91,2.2857142857142856,0.0,0.0,0.1888333333333333,optimal
2021-02-12 01:30:00,80,91,2.2857142857142856,0.0,0.0,0.32553333333333334,optimal
2021-02-12 02:00:00,80,91,2.2857142857142856,0.0,0.0,0.26913333333333334,optimal
2021-02-12 02:30:00,80,91,2.2857142857142856,0.0,0.0,0.2914,optimal
2021-02-12 03:00:00,80,91,2.2857142857142856,0.0,0.0,0.43860000000000005,optimal
2021-02-12 03:30:00,80,91,2.2857142857142856,0.0,8.792475297261912,0.3669666666666666,optimal
2021-02-12 04:00:00,80,91,2.2857142857142856,0.0,0.0,0.18680000000000002,optimal
2021-02-12 04:30:00,80,91,2.2857142857142856,0.0,0.0,0.1042,optimal
2021-02-12 05:00:00,80,91,2.2857142857142856,0.0,0.0,0.0866,optimal
2021-02-12 05:30:00,80,91,2.2857142857142856,0.0,0.0,0.1884,optimal
2021-02-12 06:00:00,80,91,2.2857142857142856,0.0,0.0,0.1388,optimal
2021-02-12 06:30:00,80,91,2.2857142857142856,0.0,0.0,0.1062,optimal
2021-02-12 07:00:00,80,91,2.2857142857142856,0.0,0.0,0.34096666666666664,optimal
2021-02-12 07:30:00,80,91,2.2857142857142856,0.0,0.0,0.069,optimal
2021-02-12 08:00:00,80,91,1.5939399780754495,0.0,0.0,0.1124,optimal
2021-02-12 08:30:00,80,91,1.5792597515821543,0.0,0.0,0.21186666666666668,optimal
2021-02-12 09:00:00,80,91,1.4349494447375781,0.0,0.0,0.07193333333333334,optimal
2021-02-12 09:30:00,80,91,1.2497081266399641,0.0,0.0,0.1913333333333333,optimal
2021-02-12 10:00:00,80,91,0.8299347950531052,0.0,0.0,0.13586666666666666,optimal
2021-02-12 10:30:00,80,91,0.8180190575635059,0.0,0.0,0.0814,optimal
2021-02-12 11:00:00,80,91,0.5045406607080755,0.0,0.0,0.24286666666666668,optimal
2021-02-12 11:30:00,80,91,0.5499440506647257,0.0,0.0,0.07193333333333334,optimal
2021-02-12 12:00:00,80,91,0.4051039704697601,0.0,0.0,0.20546666666666666,optimal
2021-02-12 12:30:00,80,91,0.3216406937597658,0.0,0.0,0.43376666666666663,optimal
2021-02-12 13:00:00,80,91,2.2857142857142856,0.0,0.0,0.23766666666666664,optimal
2021-02-12 13:30:00,80,91,2.2857142857142856,0.0,0.0,0.36033333333333334,optimal
2021-02-12 14:00:00,80,91,2.2857142857142856,0.0,0.0,0.1062,optimal
2021-02-12 14:30:00,80,91,2.2857142857142856,0.0,0.0,0.18380000000000002,optimal
2021-02-12 15:00:00,80,91,2.2857142857142856,0.0,0.0,0.1434,optimal
2021-02-12 15:30:00,80,91,2.2857142857142856,0.0,0.0,0.069,optimal
2021-02-12 16:00:00,80,91,0.0,0.0,0.0,0.12179999999999999,optimal
2021-02-12 16:30:00,80,91,0.0,0.0,0.0,0.16786666666666666,optimal
2021-02-12 17:00:00,80,91,0.0,0.0,0.0,0.15933333333333335,optimal
2021-02-12 17:30:00,80,91,0.0,0.0,0.0,0.069,optimal
2021-02-12 18:00:00,80,91,0.0,0.0,0.0,0.2582,optimal
2021-02-12 18:30:00,80,91,0.0,0.0,0.0,0.069,optimal
2021-02-12 19:00:00,80,91,0.0,0.0,0.0,0.21259999999999998,optimal
2021-02-12 19:30:00,80,91,0.0,0.0,0.0,0.4846333333333333,optimal
2021-02-12 20:00:00,80,91,1.1758409610190168,0.0,0.0,0.3469,optimal
2021-02-12 20:30:00,80,91,0.0,0.0,0.0,0.3393333333333333,optimal
2021-02-12 21:00:00,80,91,0.0,0.0,0.0,0.6377999999999999,optimal
2021-02-12 21:30:00,80,91,0.0,0.0,0.0,0.30896666666666667,optimal
2021-02-12 22:00:00,80,91,0.05971428571428571,0.0,0.0,0.28313333333333335,optimal
2021-02-12 22:30:00,80,91,0.0,0.0,0.0,0.5258333333333334,optimal
2021-02-12 23:00:00,80,91,0.0,0.0,0.0,0.187,optimal
2021-02-12 23:30:00,80,91,0.0,0.0,0.0,0.06833333333333333,optimal
2021-02-13 00:00:00,80,91,0.0,0.0,0.0,0.1175,optimal
2021-02-13 00:30:00,80,91,0.35828571428571426,0.0,0.0,0.0723,optimal
2021-02-13 01:00:00,80,91,0.0,0.0,0.0,0.061,optimal
2021-02-13 01:30:00,80,91,0.0,0.0,0.0,0.17466666666666666,optimal
2021-02-13 02:00:00,80,91,1.3720749936447807,0.0,0.0,0.061,optimal
2021-02-13 02:30:00,80,91,2.2857142857142856,0.0,0.0,0.1753,optimal
2021-02-13 03:00:00,80,91,2.2857142857142856,0.0,0.0,0.12816666666666665,optimal
2021-02-13 03:30:00,80,91,2.2857142857142856,0.0,0.0,0.061,optimal
2021-02-13 04:00:00,80,91,2.2857142857142856,0.0,0.0,0.24246666666666666,optimal
2021-02-13 04:30:00,80,91,2.2857142857142856,0.0,0.0,0.061,optimal
2021-02-13 05:00:00,80,91,2.2857142857142856,0.0,0.0,0.1174,optimal
2021-02-13 05:30:00,80,91,2.2857142857142856,0.0,0.0,0.18606666666666663,optimal
2021-02-13 06:00:00,80,91,2.2857142857142856,0.0,0.0,1.1714,optimal
2021-02-13 06:30:00,80,91,2.2857142857142856,0.0,9.08964518342398,1.3879333333333335,optimal
2021-02-13 07:00:00,80,91,2.2857142857142856,0.0,10.0,0.37853333333333333,optimal
2021-02-13 07:30:00,80,91,2.2857142857142856,0.0,0.0,0.060333333333333336,optimal
2021-02-13 08:00:00,80,91,1.41715709495587,0.0,0.0,0.12126666666666668,optimal
2021-02-13 08:30:00,80,91,1.3977890563411122,0.0,0.0,0.17703333333333332,optimal
2021-02-13 09:00:00,80,91,1.2754161142264173,0.0,0.0,0.06616666666666667,optimal
2021-02-13 09:30:00,80,91,1.259718778295423,0.0,0.0,0.061,optimal
2021-02-13 10:00:00,80,91,0.9448571799642047,0.0,0.0,0.2048,optimal
2021-02-13 10:30:00,80,91,0.9717462842065883,0.0,0.0,0.09866666666666668,optimal
2021-02-13 11:00:00,80,91,0.6487208195443609,0.0,0.0,0.16293333333333335,optimal
2021-02-13 11:30:00,80,91,0.6516861142629323,0.0,0.0,0.14053333333333334,optimal
2021-02-13 12:00:00,80,91,0.5482523518087311,0.0,0.0,0.061,optimal
2021-02-13 12:30:00,80,91,0.36832579838870166,0.0,0.0,0.3727,optimal
2021-02-13 13:00:00,80,91,2.2857142857142856,0.0,0.0,0.23116666666666663,optimal
2021-02-13 13:30:00,80,91,2.2857142857142856,0.0,0.0,0.2064,optimal
2021-02-13 14:00:00,80,91,2.2857142857142856,0.0,0.0,0.28576666666666667,optimal
2021-02-13 14:30:00,80,91,2.2857142857142856,0.0,0.0,0.28,optimal
2021-02-13 15:00:00,80,91,2.2857142857142856,0.0,0.0,0.1288,optimal
2021-02-13 15:30:00,80,91,2.2857142857142856,0.0,0.0,0.2874333333333333,optimal
2021-02-13 16:00:00,80,91,0.0,0.0,0.0,0.2912,optimal
2021-02-13 16:30:00,80,91,0.0,0.0,0.0,0.5833333333333334,optimal
2021-02-13 17:00:00,80,91,0.0,0.0,0.0,0.32963333333333333,optimal
2021-02-13 17:30:00,80,91,0.0,0.0,0.0,0.2877,optimal
2021-02-13 18:00:00,80,91,0.0,0.0,0.0,0.4305333333333334,optimal
2021-02-13 18:30:00,80,91,0.0,0.0,0.0,0.4781333333333333,optimal
2021-02-13 19:00:00,80,91,0.0,0.0,0.0,0.2623666666666667,optimal
2021-02-13 19:30:00,80,91,0.0,0.0,0.0,0.21856666666666663,optimal
2021-02-13 20:00:00,80,91,0.9151971749057959,0.0,0.0,0.1162,optimal
2021-02-13 20:30:00,80,91,0.0,0.0,0.0,0.10909999999999999,optimal
2021-02-13 21:00:00,80,91,0.0,0.0,0.0,0.188,optimal
2021-02-13 21:30:00,80,91,0.0,0.0,0.0,0.21563333333333332,optimal
2021-02-13 22:00:00,80,91,0.0,0.0,0.0,0.33173333333333327,optimal
2021-02-13 22:30:00,80,91,0.0796190476190476,0.0,0.0,0.2054,optimal
2021-02-13 23:00:00,80,91,0.0,0.0,0.0,0.1602333333333333,optimal
2021-02-13 23:30:00,80,91,0.0,0.0,0.0,0.23366666666666663,optimal
2021-02-07 00:00:00,81,91,0.0,0.0,0.0,0.10546666666666668,optimal
2021-02-07 00:30:00,81,91,0.0,0.0,0.0,0.13219999999999998,optimal
2021-02-07 01:00:00,81,91,0.0,0.0,0.0,0.075,optimal
2021-02-07 01:30:00,81,91,0.0,0.0,0.0,0.17033333333333334,optimal
2021-02-07 02:00:00,81,91,0.0,0.0,0.0,0.075,optimal
2021-02-07 02:30:00,81,91,0.0,0.0,0.0,0.1036,optimal
2021-02-07 03:00:00,81,91,0.0,0.0,0.0,0.14173333333333332,optimal
2021-02-07 03:30:00,81,91,0.0,0.0,0.0,0.075,optimal
2021-02-07 04:00:00,81,91,2.142857142857143,0.0,0.0,0.09883333333333331,optimal
2021-02-07 04:30:00,81,91,2.142857142857143,0.0,0.0,0.1465,optimal
2021-02-07 05:00:00,81,91,2.142857142857143,0.0,0.0,0.075,optimal
2021-02-07 05:30:00,81,91,2.142857142857143,0.0,0.0,0.17033333333333334,optimal
2021-02-07 06:00:00,81,91,2.142857142857143,0.0,0.0,0.075,optimal
2021-02-07 06:30:00,81,91,2.142857142857143,0.0,0.0,0.17033333333333334,optimal
2021-02-07 07:00:00,81,91,2.142857142857143,0.0,0.0,0.075,optimal
2021-02-07 07:30:00,81,91,0.0,0.0,0.0,0.14173333333333332,optimal
2021-02-07 08:00:00,81,91,0.0,0.0,0.0,0.1108,optimal
2021-02-07 08:30:00,81,91,0.0,0.0,0.0,0.16219999999999998,optimal
2021-02-07 09:00:00,81,91,0.5600042555371121,0.0,0.0,0.19166666666666662,optimal
2021-02-07 09:30:00,81,91,1.0138281252369117,0.0,0.0,0.0875,optimal
2021-02-07 10:00:00,81,91,0.8860245372456614,0.0,0.0,0.10153333333333332,optimal
2021-02-07 10:30:00,81,91,0.8535606144751997,0.0,0.0,0.21316666666666662,optimal
2021-02-07 11:00:00,81,91,0.6792497325791781,0.0,0.0,0.30989999999999995,optimal
2021-02-07 11:30:00,81,91,0.7312783040077524,0.0,0.0,0.15990000000000001,optimal
2021-02-07 12:00:00,81,91,0.667076889481786,0.0,0.0,0.08436666666666666,optimal
2021-02-07 12:30:00,81,91,0.6755245085294098,0.0,0.0,0.12213333333333334,optimal
2021-02-07 13:00:00,81,91,2.142857142857143,0.0,0.0,0.3083333333333333,optimal
2021-02-07 13:30:00,81,91,2.142857142857143,0.0,0.0,0.17093333333333333,optimal
2021-02-07 14:00:00,81,91,2.142857142857143,0.0,0.0,0.073,optimal
2021-02-07 14:30:00,81,91,2.142857142857143,0.0,0.0,0.23646666666666666,optimal
2021-02-07 15:00:00,81,91,2.142857142857143,0.0,0.0,0.18813333333333332,optimal
2021-02-07 15:30:00,81,91,2.142857142857143,0.0,0.0,0.2805,optimal
2021-02-07 16:00:00,81,91,0.0,0.0,0.0,0.08063333333333333,optimal
2021-02-07 16:30:00,81,91,0.0,0.0,0.0,0.26689999999999997,optimal
2021-02-07 17:00:00,81,91,0.0,0.0,0.0,0.09206666666666666,optimal
2021-02-07 17:30:00,81,91,0.0,0.0,0.0,0.1492666666666667,optimal
2021-02-07 18:00:00,81,91,0.0,0.0,0.0,0.123,optimal
2021-02-07 18:30:00,81,91,0.0,0.0,0.0,0.34933333333333333,optimal
2021-02-07 19:00:00,81,91,0.0,0.0,0.0,0.3902,optimal
2021-02-07 19:30:00,81,91,0.0,0.0,0.0,1.7387666666666668,optimal
2021-02-07 20:00:00,81,91,0.1435415941950554,0.0,0.0,2.1039,optimal
2021-02-07 20:30:00,81,91,0.0,0.0,0.0,0.3842,optimal
2021-02-07 21:00:00,81,91,0.0,0.0,0.0,0.8867333333333334,optimal
2021-02-07 21:30:00,81,91,0.0,0.0,0.0,0.5105333333333334,optimal
2021-02-07 22:00:00,81,91,0.0,0.0,0.0,0.16556666666666667,optimal
2021-02-07 22:30:00,81,91,0.0,0.0,0.0,0.075,optimal
2021-02-07 23:00:00,81,91,0.0,0.0,0.0,0.1179,optimal
2021-02-07 23:30:00,81,91,0.0,0.0,0.0,0.1251,optimal
2021-02-08 00:00:00,81,91,0.0,0.0,0.0,0.054,optimal
2021-02-08 00:30:00,81,91,0.7961904761904756,0.0,0.0,0.1,optimal
2021-02-08 01:00:00,81,91,0.0,0.0,0.0,0.1,optimal
2021-02-08 01:30:00,81,91,0.0,0.0,0.0,0.0586,optimal
2021-02-08 02:00:00,81,91,0.7991227160763454,0.0,0.0,0.1414,optimal
2021-02-08 02:30:00,81,91,2.142857142857143,0.0,0.0,0.054,optimal
2021-02-08 03:00:00,81,91,2.142857142857143,0.0,0.0,0.1092,optimal
2021-02-08 03:30:00,81,91,2.142857142857143,0.0,0.0,0.09079999999999999,optimal
2021-02-08 04:00:00,81,91,2.142857142857143,0.0,0.0,0.09079999999999999,optimal
2021-02-08 04:30:00,81,91,2.142857142857143,0.0,0.0,0.1092,optimal
2021-02-08 05:00:00,81,91,2.142857142857143,0.0,0.0,0.054,optimal
2021-02-08 05:30:00,81,91,2.142857142857143,0.0,0.0,0.123,optimal
2021-02-08 06:00:00,81,91,2.142857142857143,0.0,0.0,0.08533333333333333,optimal
2021-02-08 06:30:00,81,91,2.142857142857143,0.0,0.0,0.2606,optimal
2021-02-08 07:00:00,81,91,2.142857142857143,0.0,7.2911908345731185,0.29806666666666665,optimal
2021-02-08 07:30:00,81,91,2.142857142857143,0.0,0.0,1.1081666666666667,optimal
2021-02-08 08:00:00,81,91,2.134779328814099,0.0,0.0,0.42093333333333327,optimal
2021-02-08 08:30:00,81,91,2.142857142857143,0.0,0.0,0.8348,optimal
2021-02-08 09:00:00,81,91,0.9740758329299534,0.0,0.0,0.19513333333333333,optimal
2021-02-08 09:30:00,81,91,2.142857142857143,0.0,0.0,0.18046666666666666,optimal
2021-02-08 10:00:00,81,91,0.7598290343045163,0.0,0.0,0.062,optimal
2021-02-08 10:30:00,81,91,0.6447236263392997,0.0,0.0,0.4756,optimal
2021-02-08 11:00:00,81,91,0.49481718086498566,0.0,0.0,0.26413333333333333,optimal
2021-02-08 11:30:00,81,91,0.4472868179211675,0.0,0.0,1.2015,optimal
2021-02-08 12:00:00,81,91,0.46300235777147974,0.0,0.0,0.18330000000000002,optimal
2021-02-08 12:30:00,81,91,0.48498163188381505,0.0,0.0,0.19036666666666668,optimal
2021-02-08 13:00:00,81,91,2.142857142857143,0.0,0.0,0.15893333333333334,optimal
2021-02-08 13:30:00,81,91,2.142857142857143,0.0,0.0,0.06823333333333334,optimal
2021-02-08 14:00:00,81,91,2.142857142857143,0.0,0.0,0.4624666666666666,optimal
2021-02-08 14:30:00,81,91,2.142857142857143,0.0,0.0,0.09459999999999999,optimal
2021-02-08 15:00:00,81,91,2.142857142857143,0.0,0.0,0.1456,optimal
2021-02-08 15:30:00,81,91,2.142857142857143,0.0,0.0,0.4301666666666667,optimal
2021-02-08 16:00:00,81,91,0.0,0.0,0.0,0.12223333333333332,optimal
2021-02-08 16:30:00,81,91,0.0,0.0,0.0,1.1328333333333334,optimal
2021-02-08 17:00:00,81,91,0.0,0.0,0.0,1.1998,optimal
2021-02-08 17:30:00,81,91,0.0,0.0,0.0,1.501766666666667,optimal
2021-02-08 18:00:00,81,91,0.0,0.0,0.0,0.062,optimal
2021-02-08 18:30:00,81,91,0.0,0.0,0.0,0.8617333333333334,optimal
2021-02-08 19:00:00,81,91,0.0,0.0,0.0,0.1238,optimal
2021-02-08 19:30:00,81,91,0.0,0.0,0.0,1.2551666666666668,optimal
2021-02-08 20:00:00,81,91,0.8687719472687185,0.0,0.0,0.6131,optimal
2021-02-08 20:30:00,81,91,0.0,0.0,0.0,0.4343666666666667,optimal
2021-02-08 21:00:00,81,91,0.0,0.0,0.0,0.34326666666666666,optimal
2021-02-08 21:30:00,81,91,0.0,0.0,0.0,0.112,optimal
2021-02-08 22:00:00,81,91,0.0,0.0,0.0,0.064,optimal
2021-02-08 22:30:00,81,91,0.0,0.0,0.0,0.156,optimal
2021-02-08 23:00:00,81,91,0.0,0.0,0.0,0.064,optimal
2021-02-08 23:30:00,81,91,0.0,0.0,0.0,0.12013333333333334,optimal
2021-02-09 00:00:00,81,91,1.194285714285714,0.0,0.0,0.13516666666666666,optimal
2021-02-09 00:30:00,81,91,0.8957142857142857,0.0,0.0,0.38706666666666667,optimal
2021-02-09 01:00:00,81,91,0.0,0.0,0.0,0.2338,optimal
2021-02-09 01:30:00,81,91,0.11650597428349216,0.0,0.0,0.2507333333333333,optimal
2021-02-09 02:00:00,81,91,2.142857142857143,0.0,0.0,0.2093333333333333,optimal
2021-02-09 02:30:00,81,91,2.142857142857143,0.0,0.0,0.062,optimal
2021-02-09 03:00:00,81,91,2.142857142857143,0.0,0.0,0.22406666666666664,optimal
2021-02-09 03:30:00,81,91,2.142857142857143,0.0,0.0,0.062,optimal
2021-02-09 04:00:00,81,91,2.142857142857143,0.0,0.0,0.15776666666666667,optimal
2021-02-09 04:30:00,81,91,2.142857142857143,0.0,0.0,0.12830000000000003,optimal
2021-02-09 05:00:00,81,91,2.142857142857143,0.0,0.0,0.062,optimal
2021-02-09 05:30:00,81,91,2.142857142857143,0.0,0.0,0.22406666666666664,optimal
2021-02-09 06:00:00,81,91,2.142857142857143,0.0,3.961533356415565,0.23196666666666668,optimal
2021-02-09 06:30:00,81,91,2.142857142857143,0.0,0.0,0.3502333333333333,optimal
2021-02-09 07:00:00,81,91,2.142857142857143,0.0,0.0,0.2618333333333333,optimal
2021-02-09 07:30:00,81,91,2.142857142857143,0.0,0.0,0.2471,optimal
2021-02-09 08:00:00,81,91,1.1921909385058258,0.0,0.0,0.3649666666666666,optimal
2021-02-09 08:30:00,81,91,1.3136106321853294,0.0,0.0,0.11633333333333332,optimal
2021-02-09 09:00:00,81,91,1.1550132582970007,0.0,0.0,0.22406666666666664,optimal
2021-02-09 09:30:00,81,91,1.0808697885131293,0.0,0.0,0.2322,optimal
2021-02-09 10:00:00,81,91,0.8284323816557615,0.0,0.0,1.5221,optimal
2021-02-09 10:30:00,81,91,0.8442740933438119,0.0,0.0,0.29606666666666664,optimal
2021-02-09 11:00:00,81,91,0.6415682328975226,0.0,0.0,0.1399,optimal
2021-02-09 11:30:00,81,91,0.60100400380655,0.0,0.0,0.2887333333333333,optimal
2021-02-09 12:00:00,81,91,0.45940967554195583,0.0,0.0,0.22913333333333333,optimal
2021-02-09 12:30:00,81,91,0.4808139046329262,0.0,0.0,0.062,optimal
2021-02-09 13:00:00,81,91,2.142857142857143,0.0,0.0,0.062,optimal
2021-02-09 13:30:00,81,91,2.142857142857143,0.0,0.0,0.22406666666666664,optimal
2021-02-09 14:00:00,81,91,2.142857142857143,0.0,0.0,0.062,optimal
2021-02-09 14:30:00,81,91,2.142857142857143,0.0,0.0,0.062,optimal
2021-02-09 15:00:00,81,91,2.142857142857143,0.0,0.0,0.1062,optimal
2021-02-09 15:30:00,81,91,2.142857142857143,0.0,0.0,0.17986666666666667,optimal
2021-02-09 16:00:00,81,91,0.0,0.0,0.0,0.062,optimal
2021-02-09 16:30:00,81,91,0.0,0.0,0.0,0.0841,optimal
2021-02-09 17:00:00,81,91,0.0,0.0,0.0,0.2288,optimal
2021-02-09 17:30:00,81,91,0.0,0.0,0.0,0.15819999999999998,optimal
2021-02-09 18:00:00,81,91,0.0,0.0,0.0,0.32430000000000003,optimal
2021-02-09 18:30:00,81,91,0.0,0.0,0.0,0.071,optimal
2021-02-09 19:00:00,81,91,0.0,0.0,0.0,0.20196666666666666,optimal
2021-02-09 19:30:00,81,91,0.3682726061771828,0.0,0.0,0.0871,optimal
2021-02-09 20:00:00,81,91,1.2183934947393105,0.0,0.0,0.06953333333333334,optimal
2021-02-09 20:30:00,81,91,0.0,0.0,0.0,0.46176666666666666,optimal
2021-02-09 21:00:00,81,91,0.0,0.0,0.0,0.09,optimal
2021-02-09 21:30:00,81,91,0.0,0.0,0.0,0.2592,optimal
2021-02-09 22:00:00,81,91,0.3781904761904762,0.0,0.0,0.1829,optimal
2021-02-09 22:30:00,81,91,0.0,0.0,0.0,0.12093333333333334,optimal
2021-02-09 23:00:00,81,91,0.0,0.0,0.0,0.30046666666666666,optimal
2021-02-09 23:30:00,81,91,0.0,0.0,0.0,0.3232,optimal
2021-02-10 00:00:00,81,91,0.0,0.0,0.0,0.18359999999999999,optimal
2021-02-10 00:30:00,81,91,0.6170476190476191,0.0,0.0,0.056,optimal
2021-02-10 01:00:00,81,91,0.0,0.0,0.0,0.0676,optimal
2021-02-10 01:30:00,81,91,1.335711387966246,0.0,0.0,0.172,optimal
2021-02-10 02:00:00,81,91,2.142857142857143,0.0,0.0,0.056,optimal
2021-02-10 02:30:00,81,91,2.142857142857143,0.0,0.0,0.1024,optimal
2021-02-10 03:00:00,81,91,2.142857142857143,0.0,0.0,0.1372,optimal
2021-02-10 03:30:00,81,91,2.142857142857143,0.0,0.0,0.056,optimal
2021-02-10 04:00:00,81,91,2.142857142857143,0.0,0.0,0.18359999999999999,optimal
2021-02-10 04:30:00,81,91,2.142857142857143,0.0,0.0,0.056,optimal
2021-02-10 05:00:00,81,91,2.142857142857143,0.0,0.0,0.056,optimal
2021-02-10 05:30:00,81,91,2.142857142857143,0.0,0.0,0.16040000000000001,optimal
2021-02-10 06:00:00,81,91,2.142857142857143,0.0,0.0,0.0792,optimal
2021-02-10 06:30:00,81,91,2.142857142857143,0.0,1.6283901825848766,0.11933333333333332,optimal
2021-02-10 07:00:00,81,91,2.142857142857143,0.0,10.0,0.14386666666666667,optimal
2021-02-10 07:30:00,81,91,2.142857142857143,0.0,0.0,0.16086666666666669,optimal
2021-02-10 08:00:00,81,91,1.2103270437436713,0.0,0.0,0.2085,optimal
2021-02-10 08:30:00,81,91,1.2255215559512616,0.0,0.0,0.09409999999999999,optimal
2021-02-10 09:00:00,81,91,1.148602159461408,0.0,0.0,0.07883333333333332,optimal
2021-02-10 09:30:00,81,91,1.150949052621356,0.0,0.0,0.1936,optimal
2021-02-10 10:00:00,81,91,0.9114867045918814,0.0,0.0,0.056,optimal
2021-02-10 10:30:00,81,91,0.8945540173189892,0.0,0.0,0.0792,optimal
2021-02-10 11:00:00,81,91,0.6797547574910874,0.0,0.0,0.1607333333333333,optimal
2021-02-10 11:30:00,81,91,0.7027139183567769,0.0,0.0,0.066,optimal
2021-02-10 12:00:00,81,91,0.4615553986459063,0.0,0.0,0.05966666666666666,optimal
2021-02-10 12:30:00,81,91,0.435041112931604,0.0,0.0,0.14880000000000002,optimal
2021-02-10 13:00:00,81,91,2.142857142857143,0.0,0.0,0.09113333333333334,optimal
2021-02-10 13:30:00,81,91,2.142857142857143,0.0,0.0,0.1182,optimal
2021-02-10 14:00:00,81,91,2.142857142857143,0.0,0.0,0.14006666666666667,optimal
2021-02-10 14:30:00,81,91,2.142857142857143,0.0,0.0,0.2437333333333333,optimal
2021-02-10 15:00:00,81,91,2.142857142857143,0.0,0.0,0.172,optimal
2021-02-10 15:30:00,81,91,2.142857142857143,0.0,0.0,0.06333333333333334,optimal
2021-02-10 16:00:00,81,91,0.0,0.0,0.0,0.1008,optimal
2021-02-10 16:30:00,81,91,0.0,0.0,0.0,0.15213333333333331,optimal
2021-02-10 17:00:00,81,91,0.0,0.0,0.0,0.056,optimal
2021-02-10 17:30:00,81,91,0.0,0.0,0.0,0.3,optimal
2021-02-10 18:00:00,81,91,0.0,0.0,0.0,1.1105999999999998,optimal
2021-02-10 18:30:00,81,91,0.0,0.0,0.0,0.1662,optimal
2021-02-10 19:00:00,81,91,0.0,0.0,0.0,0.07606666666666666,optimal
2021-02-10 19:30:00,81,91,0.7068802330120054,0.0,0.0,0.1124,optimal
2021-02-10 20:00:00,81,91,1.3933802542215548,0.0,0.0,0.1472,optimal
2021-02-10 20:30:00,81,91,0.0,0.0,0.0,0.057,optimal
2021-02-10 21:00:00,81,91,0.0,0.0,0.0,0.8013666666666667,optimal
2021-02-10 21:30:00,81,91,0.0,0.0,0.0,0.3512,optimal
2021-02-10 22:00:00,81,91,0.0398095238095238,0.0,0.0,0.22319999999999998,optimal
2021-02-10 22:30:00,81,91,0.0,0.0,0.0,0.257,optimal
2021-02-10 23:00:00,81,91,0.0,0.0,0.0,0.12826666666666667,optimal
2021-02-10 23:30:00,81,91,0.0,0.0,0.0,0.1936,optimal
2021-02-11 00:00:00,81,91,0.0,0.0,0.0,0.042,optimal
2021-02-11 00:30:00,81,91,2.142857142857143,0.0,0.0,0.1386,optimal
2021-02-11 01:00:00,81,91,2.142857142857143,0.0,0.0,0.042,optimal
2021-02-11 01:30:00,81,91,2.142857142857143,0.0,0.0,0.1248,optimal
2021-02-11 02:00:00,81,91,2.142857142857143,0.0,0.0,0.055799999999999995,optimal
2021-02-11 02:30:00,81,91,2.142857142857143,0.0,0.0,0.055799999999999995,optimal
2021-02-11 03:00:00,81,91,2.142857142857143,0.0,0.0,0.1248,optimal
2021-02-11 03:30:00,81,91,2.142857142857143,0.0,0.0,0.042,optimal
2021-02-11 04:00:00,81,91,2.142857142857143,0.0,0.0,0.14126666666666668,optimal
2021-02-11 04:30:00,81,91,2.142857142857143,0.0,0.0,0.052,optimal
2021-02-11 05:00:00,81,91,2.142857142857143,0.0,0.0,0.043,optimal
2021-02-11 05:30:00,81,91,2.142857142857143,0.0,0.0,0.1386,optimal
2021-02-11 06:00:00,81,91,2.142857142857143,0.0,0.0,0.042,optimal
2021-02-11 06:30:00,81,91,2.142857142857143,0.0,1.9150260731614828,0.09763333333333334,optimal
2021-02-11 07:00:00,81,91,2.142857142857143,0.0,10.0,0.09396666666666668,optimal
2021-02-11 07:30:00,81,91,2.142857142857143,0.0,0.0,0.042,optimal
2021-02-11 08:00:00,81,91,1.3703811479774575,0.0,0.0,0.6980666666666667,optimal
2021-02-11 08:30:00,81,91,1.2240006909747458,0.0,0.0,1.1515,optimal
2021-02-11 09:00:00,81,91,1.167356112617687,0.0,0.0,0.04,optimal
2021-02-11 09:30:00,81,91,0.934277504996846,0.0,0.0,0.1366,optimal
2021-02-11 10:00:00,81,91,0.5971536353965017,0.0,0.0,0.04,optimal
2021-02-11 10:30:00,81,91,0.6642748606785327,0.0,0.0,0.04,optimal
2021-02-11 11:00:00,81,91,0.636568080057277,0.0,0.0,0.1366,optimal
2021-02-11 11:30:00,81,91,0.5469332151213874,0.0,0.0,0.04,optimal
2021-02-11 12:00:00,81,91,0.2889829893174665,0.0,0.0,0.3626333333333333,optimal
2021-02-11 12:30:00,81,91,0.24518324923019721,0.0,0.0,1.3066,optimal
2021-02-11 13:00:00,81,91,2.142857142857143,0.0,0.0,0.9799666666666668,optimal
2021-02-11 13:30:00,81,91,2.142857142857143,0.0,0.0,0.3623,optimal
2021-02-11 14:00:00,81,91,2.142857142857143,0.0,0.0,0.4589,optimal
2021-02-11 14:30:00,81,91,2.142857142857143,0.0,0.0,0.26530000000000004,optimal
2021-02-11 15:00:00,81,91,2.142857142857143,0.0,0.0,0.252,optimal
2021-02-11 15:30:00,81,91,2.142857142857143,0.0,0.0,0.9620333333333332,optimal
2021-02-11 16:00:00,81,91,0.0,0.0,0.0,0.5714333333333332,optimal
2021-02-11 16:30:00,81,91,0.0,0.0,0.0,0.238,optimal
2021-02-11 17:00:00,81,91,0.0,0.0,0.0,0.2942666666666667,optimal
2021-02-11 17:30:00,81,91,0.0,0.0,0.0,1.2327000000000001,optimal
2021-02-11 18:00:00,81,91,0.0,0.0,0.0,0.47803333333333337,optimal
2021-02-11 18:30:00,81,91,0.0,0.0,0.0,0.3308666666666667,optimal
2021-02-11 19:00:00,81,91,0.0,0.0,0.0,0.177,optimal
2021-02-11 19:30:00,81,91,0.16471527408472547,0.0,0.0,0.3993,optimal
2021-02-11 20:00:00,81,91,1.5615897631456659,0.0,0.0,0.2267333333333333,optimal
2021-02-11 20:30:00,81,91,0.0,0.0,0.0,0.2531,optimal
2021-02-11 21:00:00,81,91,0.0,0.0,0.0,0.18969999999999998,optimal
2021-02-11 21:30:00,81,91,0.0,0.0,0.0,0.1842666666666667,optimal
2021-02-11 22:00:00,81,91,0.0,0.0,0.0,0.30269999999999997,optimal
2021-02-11 22:30:00,81,91,0.0,0.0,0.0,0.11263333333333334,optimal
2021-02-11 23:00:00,81,91,0.0,0.0,0.0,0.052,optimal
2021-02-11 23:30:00,81,91,0.0,0.0,0.0,0.14726666666666668,optimal
2021-02-12 00:00:00,81,91,1.889210177095698,0.0,0.0,0.07790000000000001,optimal
2021-02-12 00:30:00,81,91,2.142857142857143,0.0,0.0,0.155,optimal
2021-02-12 01:00:00,81,91,2.142857142857143,0.0,0.0,0.17646666666666666,optimal
2021-02-12 01:30:00,81,91,2.142857142857143,0.0,0.0,0.043,optimal
2021-02-12 02:00:00,81,91,2.142857142857143,0.0,0.0,0.32676666666666665,optimal
2021-02-12 02:30:00,81,91,2.142857142857143,0.0,0.0,0.07333333333333333,optimal
2021-02-12 03:00:00,81,91,2.142857142857143,0.0,0.0,0.1732,optimal
2021-02-12 03:30:00,81,91,2.142857142857143,0.0,0.0,0.15826666666666667,optimal
2021-02-12 04:00:00,81,91,2.142857142857143,0.0,0.0,0.043,optimal
2021-02-12 04:30:00,81,91,2.142857142857143,0.0,0.0,0.127,optimal
2021-02-12 05:00:00,81,91,2.142857142857143,0.0,0.0,0.10740000000000001,optimal
2021-02-12 05:30:00,81,91,2.142857142857143,0.0,0.0,0.22413333333333332,optimal
2021-02-12 06:00:00,81,91,2.142857142857143,0.0,0.35572999873627514,0.08059999999999999,optimal
2021-02-12 06:30:00,81,91,2.142857142857143,0.0,10.0,0.16433333333333333,optimal
2021-02-12 07:00:00,81,91,2.142857142857143,0.0,10.0,0.08673333333333333,optimal
2021-02-12 07:30:00,81,91,2.142857142857143,0.0,0.0,0.19826666666666667,optimal
2021-02-12 08:00:00,81,91,2.142857142857143,0.0,0.0,0.09626666666666668,optimal
2021-02-12 08:30:00,81,91,2.0790854439433093,0.0,0.0,0.04533333333333334,optimal
2021-02-12 09:00:00,81,91,1.3075494447375728,0.0,0.0,0.17446666666666666,optimal
2021-02-12 09:30:00,81,91,1.1818890790209127,0.0,0.0,0.04933333333333333,optimal
2021-02-12 10:00:00,81,91,0.7283252712435816,0.0,0.0,0.1338,optimal
2021-02-12 10:30:00,81,91,0.6128857242301676,0.0,0.0,0.2896666666666667,optimal
2021-02-12 11:00:00,81,91,0.4694073273747484,0.0,0.0,0.06746666666666667,optimal
2021-02-12 11:30:00,81,91,0.4367726220932967,0.0,0.0,0.16766666666666666,optimal
2021-02-12 12:00:00,81,91,0.42566587523166294,0.0,0.0,0.18180000000000002,optimal
2021-02-12 12:30:00,81,91,0.45903116995023757,0.0,0.0,0.053,optimal
2021-02-12 13:00:00,81,91,2.142857142857143,0.0,0.0,0.1832,optimal
2021-02-12 13:30:00,81,91,2.142857142857143,0.0,0.0,0.16826666666666668,optimal
2021-02-12 14:00:00,81,91,2.142857142857143,0.0,0.0,0.053,optimal
2021-02-12 14:30:00,81,91,2.142857142857143,0.0,0.0,0.18646666666666667,optimal
2021-02-12 15:00:00,81,91,2.142857142857143,0.0,0.0,0.053,optimal
2021-02-12 15:30:00,81,91,2.142857142857143,0.0,0.0,0.2553333333333333,optimal
2021-02-12 16:00:00,81,91,0.0,0.0,0.0,0.09346666666666668,optimal
2021-02-12 16:30:00,81,91,0.0,0.0,0.0,0.18030000000000002,optimal
2021-02-12 17:00:00,81,91,0.0,0.0,0.0,0.29846666666666666,optimal
2021-02-12 17:30:00,81,91,0.0,0.0,0.0,0.053,optimal
2021-02-12 18:00:00,81,91,0.0,0.0,0.0,0.053,optimal
2021-02-12 18:30:00,81,91,0.0,0.0,0.0,0.18646666666666667,optimal
2021-02-12 19:00:00,81,91,0.0,0.0,0.0,0.0938,optimal
2021-02-12 19:30:00,81,91,1.155300979507874,0.0,0.0,0.301,optimal
2021-02-12 20:00:00,81,91,1.1527053558662486,0.0,0.0,0.23876666666666668,optimal
2021-02-12 20:30:00,81,91,0.0,0.0,0.0,0.22966666666666663,optimal
2021-02-12 21:00:00,81,91,0.0,0.0,0.0,0.4989333333333333,optimal
2021-02-12 21:30:00,81,91,0.0,0.0,0.0,0.2091,optimal
2021-02-12 22:00:00,81,91,0.0,0.0,0.0,0.25466666666666665,optimal
2021-02-12 22:30:00,81,91,0.0,0.0,0.0,0.37526666666666664,optimal
2021-02-12 23:00:00,81,91,0.0,0.0,0.0,0.4704666666666666,optimal
2021-02-12 23:30:00,81,91,0.0,0.0,0.0,0.6356333333333333,optimal
2021-02-13 00:00:00,81,91,0.0,0.0,0.0,0.063,optimal
2021-02-13 00:30:00,81,91,2.142857142857143,0.0,0.0,0.1814333333333333,optimal
2021-02-13 01:00:00,81,91,0.0,0.0,0.0,0.4338,optimal
2021-02-13 01:30:00,81,91,0.7035238095238096,0.0,0.0,0.22066666666666662,optimal
2021-02-13 02:00:00,81,91,1.1143063339938546,0.0,0.0,0.6306,optimal
2021-02-13 02:30:00,81,91,2.142857142857143,0.0,0.0,0.4071666666666667,optimal
2021-02-13 03:00:00,81,91,2.142857142857143,0.0,0.0,0.4198,optimal
2021-02-13 03:30:00,81,91,2.142857142857143,0.0,0.0,0.30693333333333334,optimal
2021-02-13 04:00:00,81,91,2.142857142857143,0.0,0.0,0.8486,optimal
2021-02-13 04:30:00,81,91,2.142857142857143,0.0,0.0,1.0062666666666669,optimal
2021-02-13 05:00:00,81,91,2.142857142857143,0.0,0.0,0.9716666666666667,optimal
2021-02-13 05:30:00,81,91,2.142857142857143,0.0,0.0,1.4155333333333333,optimal
2021-02-13 06:00:00,81,91,2.142857142857143,0.0,0.0,0.2773333333333333,optimal
2021-02-13 06:30:00,81,91,2.142857142857143,0.0,7.4245344042520856,0.39080000000000004,optimal
2021-02-13 07:00:00,81,91,2.142857142857143,0.0,10.0,0.2802333333333333,optimal
2021-02-13 07:30:00,81,91,2.142857142857143,0.0,0.0,0.3241,optimal
2021-02-13 08:00:00,81,91,1.4740713806701606,0.0,0.0,0.47706666666666664,optimal
2021-02-13 08:30:00,81,91,1.3085604849125345,0.0,0.0,0.2566666666666667,optimal
2021-02-13 09:00:00,81,91,1.2763208761311815,0.0,0.0,0.073,optimal
2021-02-13 09:30:00,81,91,1.2485759211525462,0.0,0.0,0.11,optimal
2021-02-13 10:00:00,81,91,0.9712762275832639,0.0,0.0,0.12233333333333331,optimal
2021-02-13 10:30:00,81,91,0.9819367603970566,0.0,0.0,0.073,optimal
2021-02-13 11:00:00,81,91,0.6614160576395958,0.0,0.0,0.1285,optimal
2021-02-13 11:30:00,81,91,0.5542670666438786,0.0,0.0,0.3935,optimal
2021-02-13 12:00:00,81,91,0.5476809232372951,0.0,0.0,0.073,optimal
2021-02-13 12:30:00,81,91,0.5578105243925982,0.0,0.0,0.15933333333333335,optimal
2021-02-13 13:00:00,81,91,2.142857142857143,0.0,0.0,0.073,optimal
2021-02-13 13:30:00,81,91,2.142857142857143,0.0,0.0,0.073,optimal
2021-02-13 14:00:00,81,91,2.142857142857143,0.0,0.0,0.15933333333333335,optimal
2021-02-13 14:30:00,81,91,2.142857142857143,0.0,0.0,0.073,optimal
2021-02-13 15:00:00,81,91,2.142857142857143,0.0,0.0,0.073,optimal
2021-02-13 15:30:00,81,91,2.142857142857143,0.0,0.0,0.15933333333333335,optimal
2021-02-13 16:00:00,81,91,0.0,0.0,0.0,0.073,optimal
2021-02-13 16:30:00,81,91,0.0,0.0,0.0,0.14083333333333334,optimal
2021-02-13 17:00:00,81,91,0.0,0.0,0.0,0.7225,optimal
2021-02-13 17:30:00,81,91,0.0,0.0,0.0,1.2535999999999998,optimal
2021-02-13 18:00:00,81,91,0.0,0.0,0.0,0.35336666666666666,optimal
2021-02-13 18:30:00,81,91,0.0,0.0,0.0,0.09766666666666668,optimal
2021-02-13 19:00:00,81,91,0.0,0.0,0.0,0.3206,optimal
2021-02-13 19:30:00,81,91,1.1979788024462275,0.0,0.0,0.427,optimal
2021-02-13 20:00:00,81,91,1.227248213009096,0.0,0.0,0.3499333333333333,optimal
2021-02-13 20:30:00,81,91,0.0,0.0,0.0,0.40186666666666665,optimal
2021-02-13 21:00:00,81,91,0.0398095238095238,0.0,0.0,0.49369999999999997,optimal
2021-02-13 21:30:00,81,91,0.0,0.0,0.0,0.4886333333333333,optimal
2021-02-13 22:00:00,81,91,0.8758095238095238,0.0,0.0,0.39753333333333335,optimal
2021-02-13 22:30:00,81,91,0.0,0.0,0.0,0.34676666666666667,optimal
2021-02-13 23:00:00,81,91,0.0,0.0,0.0,0.21430000000000002,optimal
2021-02-13 23:30:00,81,91,0.0,0.0,0.0,0.30293333333333333,optimal
2021-02-07 00:00:00,82,91,0.0,0.0,0.0,0.059,optimal
2021-02-07 00:30:00,82,91,0.0,0.0,0.0,0.3041333333333333,optimal
2021-02-07 01:00:00,82,91,0.0,0.0,0.0,0.07333333333333333,optimal
2021-02-07 01:30:00,82,91,0.0,0.0,0.0,0.059,optimal
2021-02-07 02:00:00,82,91,0.0,0.0,0.0,0.3184666666666666,optimal
2021-02-07 02:30:00,82,91,0.0,0.0,0.0,0.059,optimal
2021-02-07 03:00:00,82,91,0.0,0.0,0.0,0.059,optimal
2021-02-07 03:30:00,82,91,0.0,0.0,0.0,0.3184666666666666,optimal
2021-02-07 04:00:00,82,91,2.2857142857142856,0.0,0.0,0.059,optimal
2021-02-07 04:30:00,82,91,2.2857142857142856,0.0,0.0,0.102,optimal
2021-02-07 05:00:00,82,91,2.2857142857142856,0.0,0.0,0.27546666666666664,optimal
2021-02-07 05:30:00,82,91,2.2857142857142856,0.0,0.0,0.059,optimal
2021-02-07 06:00:00,82,91,2.2857142857142856,0.0,0.0,0.2016,optimal
2021-02-07 06:30:00,82,91,2.2857142857142856,0.0,0.0,0.19946666666666668,optimal
2021-02-07 07:00:00,82,91,2.2857142857142856,0.0,1.6063785740462473,0.198,optimal
2021-02-07 07:30:00,82,91,0.0,0.0,0.0,0.2917333333333333,optimal
2021-02-07 08:00:00,82,91,0.0,0.0,0.0,1.3075999999999999,optimal
2021-02-07 08:30:00,82,91,0.0,0.0,0.0,0.4909666666666666,optimal
2021-02-07 09:00:00,82,91,0.0,0.0,0.0,0.4413333333333333,optimal
2021-02-07 09:30:00,82,91,0.020358586744612998,0.0,0.0,0.4592,optimal
2021-02-07 10:00:00,82,91,1.0585483467694563,0.0,0.0,0.069,optimal
2021-02-07 10:30:00,82,91,1.0015606144752096,0.0,0.0,0.2925,optimal
2021-02-07 11:00:00,82,91,0.9197640182934483,0.0,0.0,0.10496666666666668,optimal
2021-02-07 11:30:00,82,91,0.9279735421029869,0.0,0.0,0.07623333333333333,optimal
2021-02-07 12:00:00,82,91,0.7603530799579686,0.0,0.0,0.3212333333333333,optimal
2021-02-07 12:30:00,82,91,0.8324197466246542,0.0,0.0,0.069,optimal
2021-02-07 13:00:00,82,91,2.2857142857142856,0.0,0.0,0.08346666666666668,optimal
2021-02-07 13:30:00,82,91,2.2857142857142856,0.0,0.0,0.314,optimal
2021-02-07 14:00:00,82,91,2.2857142857142856,0.0,0.0,0.069,optimal
2021-02-07 14:30:00,82,91,2.2857142857142856,0.0,0.0,0.2127333333333333,optimal
2021-02-07 15:00:00,82,91,2.2857142857142856,0.0,0.0,0.1847333333333333,optimal
2021-02-07 15:30:00,82,91,2.2857142857142856,0.0,0.0,0.069,optimal
2021-02-07 16:00:00,82,91,0.0,0.0,0.0,0.22813333333333333,optimal
2021-02-07 16:30:00,82,91,0.0,0.0,0.0,0.16933333333333334,optimal
2021-02-07 17:00:00,82,91,0.0,0.0,0.0,0.069,optimal
2021-02-07 17:30:00,82,91,0.0,0.0,0.0,0.2245,optimal
2021-02-07 18:00:00,82,91,0.0,0.0,0.0,1.2238333333333333,optimal
2021-02-07 18:30:00,82,91,0.0,0.0,0.0,1.7679,optimal
2021-02-07 19:00:00,82,91,0.0,0.0,0.0,0.5719666666666667,optimal
2021-02-07 19:30:00,82,91,0.0,0.0,0.0,0.5725333333333333,optimal
2021-02-07 20:00:00,82,91,0.934367350960226,0.0,0.0,0.1915,optimal
2021-02-07 20:30:00,82,91,0.0,0.0,0.0,0.08863333333333334,optimal
2021-02-07 21:00:00,82,91,0.0,0.0,0.0,0.5556,optimal
2021-02-07 21:30:00,82,91,0.0,0.0,0.0,0.13836666666666667,optimal
2021-02-07 22:00:00,82,91,0.09952380952380951,0.0,0.0,0.2051,optimal
2021-02-07 22:30:00,82,91,0.0,0.0,0.0,0.5373,optimal
2021-02-07 23:00:00,82,91,0.0,0.0,0.0,0.23533333333333328,optimal
2021-02-07 23:30:00,82,91,0.0,0.0,0.0,0.6131333333333333,optimal
2021-02-08 00:00:00,82,91,0.0,0.0,0.0,0.066,optimal
2021-02-08 00:30:00,82,91,0.8957142857142857,0.0,0.0,0.11733333333333332,optimal
2021-02-08 01:00:00,82,91,0.0,0.0,0.0,0.21086666666666667,optimal
2021-02-08 01:30:00,82,91,0.0,0.0,0.0,0.22226666666666667,optimal
2021-02-08 02:00:00,82,91,0.0,0.0,0.0,0.055,optimal
2021-02-08 02:30:00,82,91,1.4153088196646635,0.0,0.0,0.2899333333333333,optimal
2021-02-08 03:00:00,82,91,2.2857142857142856,0.0,0.0,0.1432,optimal
2021-02-08 03:30:00,82,91,2.2857142857142856,0.0,0.0,0.1206,optimal
2021-02-08 04:00:00,82,91,2.2857142857142856,0.0,0.0,0.21453333333333333,optimal
2021-02-08 04:30:00,82,91,2.2857142857142856,0.0,0.0,0.10133333333333332,optimal
2021-02-08 05:00:00,82,91,2.2857142857142856,0.0,0.0,0.3196333333333333,optimal
2021-02-08 05:30:00,82,91,2.2857142857142856,0.0,0.0,0.0795,optimal
2021-02-08 06:00:00,82,91,2.2857142857142856,0.0,0.0,0.0648,optimal
2021-02-08 06:30:00,82,91,2.2857142857142856,0.0,7.10701337358885,0.32693333333333335,optimal
2021-02-08 07:00:00,82,91,2.2857142857142856,0.0,10.0,0.11206666666666666,optimal
2021-02-08 07:30:00,82,91,2.2857142857142856,0.0,0.0,0.2444333333333333,optimal
2021-02-08 08:00:00,82,91,1.1411567196304122,0.0,0.0,0.2414,optimal
2021-02-08 08:30:00,82,91,1.289311844479001,0.0,0.0,0.14073333333333332,optimal
2021-02-08 09:00:00,82,91,1.134542499596633,0.0,0.0,0.21836666666666668,optimal
2021-02-08 09:30:00,82,91,1.1391240980380295,0.0,0.0,0.16626666666666667,optimal
2021-02-08 10:00:00,82,91,0.9094099866854666,0.0,0.0,0.163,optimal
2021-02-08 10:30:00,82,91,0.9146474358631085,0.0,0.0,0.1807333333333333,optimal
2021-02-08 11:00:00,82,91,0.6317981332459442,0.0,0.0,0.1292333333333333,optimal
2021-02-08 11:30:00,82,91,0.5241477703021262,0.0,0.0,0.35013333333333335,optimal
2021-02-08 12:00:00,82,91,0.4328595006286238,0.0,0.0,0.353,optimal
2021-02-08 12:30:00,82,91,0.4029968699790629,0.0,0.0,0.27543333333333336,optimal
2021-02-08 13:00:00,82,91,1.388830916097818,0.0,0.0,0.21036666666666667,optimal
2021-02-08 13:30:00,82,91,2.2857142857142856,0.0,0.0,0.9851,optimal
2021-02-08 14:00:00,82,91,2.2857142857142856,0.0,0.0,4.420066666666667,optimal
2021-02-08 14:30:00,82,91,2.2857142857142856,0.0,0.0,2.4935,optimal
2021-02-08 15:00:00,82,91,2.2857142857142856,0.0,0.0,0.24830000000000002,optimal
2021-02-08 15:30:00,82,91,2.2857142857142856,0.0,0.0,0.38289999999999996,optimal
2021-02-08 16:00:00,82,91,0.0,0.0,0.0,0.34913333333333335,optimal
2021-02-08 16:30:00,82,91,0.0,0.0,0.0,0.7361,optimal
2021-02-08 17:00:00,82,91,0.0,0.0,0.0,0.37676666666666664,optimal
2021-02-08 17:30:00,82,91,0.0,0.0,0.0,0.2852,optimal
2021-02-08 18:00:00,82,91,0.0,0.0,0.0,0.205,optimal
2021-02-08 18:30:00,82,91,0.0,0.0,0.0,0.6806333333333333,optimal
2021-02-08 19:00:00,82,91,0.0,0.0,0.0,0.24280000000000002,optimal
2021-02-08 19:30:00,82,91,0.0,0.0,0.0,0.20966666666666664,optimal
2021-02-08 20:00:00,82,91,0.0,0.0,0.0,0.5537000000000001,optimal
2021-02-08 20:30:00,82,91,0.0,0.0,0.0,0.288,optimal
2021-02-08 21:00:00,82,91,0.0,0.0,0.0,0.2985,optimal
2021-02-08 21:30:00,82,91,0.0,0.0,0.0,0.3674333333333333,optimal
2021-02-08 22:00:00,82,91,0.0,0.0,0.0,0.4237666666666666,optimal
2021-02-08 22:30:00,82,91,0.0,0.0,0.0,0.40726666666666667,optimal
2021-02-08 23:00:00,82,91,0.0,0.0,0.0,0.18146666666666667,optimal
2021-02-08 23:30:00,82,91,0.0,0.0,0.0,0.2976333333333333,optimal
2021-02-09 00:00:00,82,91,0.0,0.0,0.0,0.056,optimal
2021-02-09 00:30:00,82,91,2.2857142857142856,0.0,0.0,0.1719,optimal
2021-02-09 01:00:00,82,91,0.2421904761904759,0.0,0.0,0.0988,optimal
2021-02-09 01:30:00,82,91,0.0,0.0,0.0,0.1512,optimal
2021-02-09 02:00:00,82,91,0.37075997685796264,0.0,0.0,0.24880000000000002,optimal
2021-02-09 02:30:00,82,91,2.2857142857142856,0.0,0.0,0.1419,optimal
2021-02-09 03:00:00,82,91,2.2857142857142856,0.0,0.0,0.1177,optimal
2021-02-09 03:30:00,82,91,2.2857142857142856,0.0,0.0,0.2792,optimal
2021-02-09 04:00:00,82,91,2.2857142857142856,0.0,0.0,0.1025,optimal
2021-02-09 04:30:00,82,91,2.2857142857142856,0.0,0.0,0.22323333333333328,optimal
2021-02-09 05:00:00,82,91,2.2857142857142856,0.0,0.0,0.1436,optimal
2021-02-09 05:30:00,82,91,2.2857142857142856,0.0,0.0,0.1452,optimal
2021-02-09 06:00:00,82,91,2.2857142857142856,0.0,0.0,0.2455,optimal
2021-02-09 06:30:00,82,91,2.2857142857142856,0.0,0.0,0.056,optimal
2021-02-09 07:00:00,82,91,2.2857142857142856,0.0,9.011652385066782,1.1503666666666665,optimal
2021-02-09 07:30:00,82,91,2.2857142857142856,0.0,0.0,0.2016,optimal
2021-02-09 08:00:00,82,91,1.1846766527915484,0.0,0.0,0.223,optimal
2021-02-09 08:30:00,82,91,1.133353489328189,0.0,0.0,0.5210666666666667,optimal
2021-02-09 09:00:00,82,91,1.0320704011541553,0.0,0.0,0.38803333333333334,optimal
2021-02-09 09:30:00,82,91,1.0183383599417022,0.0,0.0,0.3643,optimal
2021-02-09 10:00:00,82,91,0.6567714292748212,0.0,0.0,0.5368333333333334,optimal
2021-02-09 10:30:00,82,91,0.6900455219152383,0.0,0.0,0.3974666666666666,optimal
2021-02-09 11:00:00,82,91,0.43318156623084575,0.0,0.0,0.41293333333333326,optimal
2021-02-09 11:30:00,82,91,0.4277944799970366,0.0,0.0,0.47943333333333327,optimal
2021-02-09 12:00:00,82,91,0.297188723161008,0.0,0.0,0.3793333333333333,optimal
2021-02-09 12:30:00,82,91,0.2992424760614898,0.0,0.0,0.5015,optimal
2021-02-09 13:00:00,82,91,0.6190050385231441,0.0,0.0,0.3457333333333333,optimal
2021-02-09 13:30:00,82,91,2.2857142857142856,0.0,0.0,0.48319999999999996,optimal
2021-02-09 14:00:00,82,91,2.2857142857142856,0.0,0.0,2.3245999999999998,optimal
2021-02-09 14:30:00,82,91,2.2857142857142856,0.0,0.0,2.1214333333333335,optimal
2021-02-09 15:00:00,82,91,2.2857142857142856,0.0,0.0,0.5194,optimal
2021-02-09 15:30:00,82,91,2.2857142857142856,0.0,0.0,0.5640666666666667,optimal
2021-02-09 16:00:00,82,91,0.0,0.0,0.0,0.5112,optimal
2021-02-09 16:30:00,82,91,0.0,0.0,0.0,1.3112666666666668,optimal
2021-02-09 17:00:00,82,91,0.0,0.0,0.0,0.8516,optimal
2021-02-09 17:30:00,82,91,0.0,0.0,0.0,0.35636666666666666,optimal
2021-02-09 18:00:00,82,91,0.0,0.0,0.0,0.44023333333333337,optimal
2021-02-09 18:30:00,82,91,0.0,0.0,0.0,0.2642,optimal
2021-02-09 19:00:00,82,91,0.0,0.0,0.0,0.3085,optimal
2021-02-09 19:30:00,82,91,0.0,0.0,0.0,0.4865333333333334,optimal
2021-02-09 20:00:00,82,91,0.0,0.0,0.0,0.077,optimal
2021-02-09 20:30:00,82,91,0.0,0.0,0.0,0.2904333333333333,optimal
2021-02-09 21:00:00,82,91,0.0,0.0,0.0,0.16369999999999998,optimal
2021-02-09 21:30:00,82,91,0.0,0.0,0.0,0.19136666666666668,optimal
2021-02-09 22:00:00,82,91,0.09952380952380951,0.0,0.0,0.1245,optimal
2021-02-09 22:30:00,82,91,0.0,0.0,0.0,0.3092333333333333,optimal
2021-02-09 23:00:00,82,91,0.0,0.0,0.0,0.1674,optimal
2021-02-09 23:30:00,82,91,0.0,0.0,0.0,0.09390000000000001,optimal
2021-02-10 00:00:00,82,91,0.0,0.0,0.0,0.1316,optimal
2021-02-10 00:30:00,82,91,0.8559047619047618,0.0,0.0,0.06409999999999999,optimal
2021-02-10 01:00:00,82,91,0.0,0.0,0.0,0.3452333333333333,optimal
2021-02-10 01:30:00,82,91,0.0,0.0,0.0,0.07373333333333333,optimal
2021-02-10 02:00:00,82,91,1.534350305785593,0.0,0.0,0.21036666666666667,optimal
2021-02-10 02:30:00,82,91,2.2857142857142856,0.0,0.0,0.2137,optimal
2021-02-10 03:00:00,82,91,2.2857142857142856,0.0,0.0,0.07429999999999999,optimal
2021-02-10 03:30:00,82,91,2.2857142857142856,0.0,0.0,0.1151,optimal
2021-02-10 04:00:00,82,91,2.2857142857142856,0.0,0.0,0.22106666666666663,optimal
2021-02-10 04:30:00,82,91,2.2857142857142856,0.0,6.487530982990191,0.0998,optimal
2021-02-10 05:00:00,82,91,2.2857142857142856,0.0,10.0,0.12643333333333334,optimal
2021-02-10 05:30:00,82,91,2.2857142857142856,0.0,10.0,0.2571666666666667,optimal
2021-02-10 06:00:00,82,91,2.2857142857142856,0.0,10.0,0.0945,optimal
2021-02-10 06:30:00,82,91,2.2857142857142856,0.0,10.0,0.26926666666666665,optimal
2021-02-10 07:00:00,82,91,2.2857142857142856,0.0,0.0,0.3733333333333333,optimal
2021-02-10 07:30:00,82,91,2.2857142857142856,0.0,0.0,0.1776,optimal
2021-02-10 08:00:00,82,91,1.2228984723151037,0.0,0.0,0.40093333333333325,optimal
2021-02-10 08:30:00,82,91,1.287807270236965,0.0,0.0,0.22826666666666667,optimal
2021-02-10 09:00:00,82,91,1.1717354927947385,0.0,0.0,0.16696666666666668,optimal
2021-02-10 09:30:00,82,91,1.1274823859546972,0.0,0.0,0.26543333333333335,optimal
2021-02-10 10:00:00,82,91,0.905934323639494,0.0,0.0,0.07513333333333334,optimal
2021-02-10 10:30:00,82,91,0.8577159220808964,0.0,0.0,0.2078333333333333,optimal
2021-02-10 11:00:00,82,91,0.6683261860625268,0.0,0.0,0.2001,optimal
2021-02-10 11:30:00,82,91,0.7017710612139336,0.0,0.0,0.06233333333333334,optimal
2021-02-10 12:00:00,82,91,0.4241839700744795,0.0,0.0,0.1965,optimal
2021-02-10 12:30:00,82,91,0.4303363510268622,0.0,0.0,0.17496666666666666,optimal
2021-02-10 13:00:00,82,91,2.2857142857142856,0.0,0.0,0.1416,optimal
2021-02-10 13:30:00,82,91,2.2857142857142856,0.0,0.0,0.2922666666666667,optimal
2021-02-10 14:00:00,82,91,2.2857142857142856,0.0,0.0,0.14776666666666669,optimal
2021-02-10 14:30:00,82,91,2.2857142857142856,0.0,0.0,0.18353333333333333,optimal
2021-02-10 15:00:00,82,91,2.2857142857142856,0.0,0.0,0.19196666666666667,optimal
2021-02-10 15:30:00,82,91,2.2857142857142856,0.0,0.0,0.1416,optimal
2021-02-10 16:00:00,82,91,0.0,0.0,0.0,0.23106666666666664,optimal
2021-02-10 16:30:00,82,91,0.0,0.0,0.0,0.1404,optimal
2021-02-10 17:00:00,82,91,0.0,0.0,0.0,0.1574,optimal
2021-02-10 17:30:00,82,91,0.0,0.0,0.0,0.24586666666666668,optimal
2021-02-10 18:00:00,82,91,0.0,0.0,0.0,0.1098,optimal
2021-02-10 18:30:00,82,91,0.0,0.0,0.0,0.16476666666666667,optimal
2021-02-10 19:00:00,82,91,0.0,0.0,0.0,0.18630000000000002,optimal
2021-02-10 19:30:00,82,91,0.0,0.0,0.0,0.162,optimal
2021-02-10 20:00:00,82,91,1.2788860176288268,0.0,0.0,0.2513,optimal
2021-02-10 20:30:00,82,91,0.0,0.0,0.0,0.5346666666666666,optimal
2021-02-10 21:00:00,82,91,0.0,0.0,0.0,0.22776666666666667,optimal
2021-02-10 21:30:00,82,91,0.0,0.0,0.0,0.5270666666666667,optimal
2021-02-10 22:00:00,82,91,0.597142857142857,0.0,0.0,0.215,optimal
2021-02-10 22:30:00,82,91,0.0,0.0,0.0,0.2579666666666666,optimal
2021-02-10 23:00:00,82,91,0.0,0.0,0.0,0.26923333333333327,optimal
2021-02-10 23:30:00,82,91,0.0,0.0,0.0,0.10216666666666668,optimal
2021-02-11 00:00:00,82,91,0.0,0.0,0.0,0.12713333333333335,optimal
2021-02-11 00:30:00,82,91,0.059714285714285706,0.0,0.0,0.24086666666666667,optimal
2021-02-11 01:00:00,82,91,1.1578551161402435,0.0,0.0,0.0708,optimal
2021-02-11 01:30:00,82,91,2.2857142857142856,0.0,0.0,0.175,optimal
2021-02-11 02:00:00,82,91,2.2857142857142856,0.0,0.0,0.13493333333333335,optimal
2021-02-11 02:30:00,82,91,2.2857142857142856,0.0,0.0,0.30910000000000004,optimal
2021-02-11 03:00:00,82,91,2.2857142857142856,0.0,0.0,0.0747,optimal
2021-02-11 03:30:00,82,91,2.2857142857142856,0.0,0.0,0.1832333333333333,optimal
2021-02-11 04:00:00,82,91,2.2857142857142856,0.0,0.0,0.1605,optimal
2021-02-11 04:30:00,82,91,2.2857142857142856,0.0,0.0,0.2251,optimal
2021-02-11 05:00:00,82,91,2.2857142857142856,0.0,0.0,0.08483333333333333,optimal
2021-02-11 05:30:00,82,91,2.2857142857142856,0.0,0.0,0.1467,optimal
2021-02-11 06:00:00,82,91,2.2857142857142856,0.0,0.9391737192881591,0.1525,optimal
2021-02-11 06:30:00,82,91,2.2857142857142856,0.0,10.0,0.2364333333333333,optimal
2021-02-11 07:00:00,82,91,2.2857142857142856,0.0,10.0,0.2119,optimal
2021-02-11 07:30:00,82,91,2.2857142857142856,0.0,0.0,0.26293333333333335,optimal
2021-02-11 08:00:00,82,91,1.4286975275113887,0.0,0.0,0.10993333333333334,optimal
2021-02-11 08:30:00,82,91,1.2519064052604638,0.0,0.0,1.417733333333333,optimal
2021-02-11 09:00:00,82,91,1.2183656364272004,0.0,0.0,0.16666666666666666,optimal
2021-02-11 09:30:00,82,91,1.1951156002349568,0.0,0.0,0.12533333333333332,optimal
2021-02-11 10:00:00,82,91,0.7687726830155408,0.0,0.0,0.264,optimal
2021-02-11 10:30:00,82,91,0.8400653368690022,0.0,0.0,0.1587333333333333,optimal
2021-02-11 11:00:00,82,91,0.6311204610096373,0.0,0.0,0.185,optimal
2021-02-11 11:30:00,82,91,0.5635808341690115,0.0,0.0,0.24106666666666662,optimal
2021-02-11 12:00:00,82,91,0.3253010845555526,0.0,0.0,0.24066666666666664,optimal
2021-02-11 12:30:00,82,91,0.2868975349444729,0.0,0.0,0.21880000000000002,optimal
2021-02-11 13:00:00,82,91,2.2857142857142856,0.0,0.0,0.2039333333333333,optimal
2021-02-11 13:30:00,82,91,2.2857142857142856,0.0,0.0,0.3665333333333334,optimal
2021-02-11 14:00:00,82,91,2.2857142857142856,0.0,0.0,1.3647,optimal
2021-02-11 14:30:00,82,91,2.2857142857142856,0.0,0.0,0.22813333333333333,optimal
2021-02-11 15:00:00,82,91,2.2857142857142856,0.0,0.0,0.33676666666666666,optimal
2021-02-11 15:30:00,82,91,2.2857142857142856,0.0,0.0,0.22763333333333333,optimal
2021-02-11 16:00:00,82,91,0.0,0.0,0.0,0.2566333333333333,optimal
2021-02-11 16:30:00,82,91,0.0,0.0,0.0,0.4245,optimal
2021-02-11 17:00:00,82,91,0.0,0.0,0.0,0.18030000000000002,optimal
2021-02-11 17:30:00,82,91,0.0,0.0,0.0,0.12976666666666667,optimal
2021-02-11 18:00:00,82,91,0.0,0.0,0.0,0.12686666666666666,optimal
2021-02-11 18:30:00,82,91,0.0,0.0,0.0,0.2522,optimal
2021-02-11 19:00:00,82,91,0.0,0.0,0.0,0.067,optimal
2021-02-11 19:30:00,82,91,0.0,0.0,0.0,0.26293333333333335,optimal
2021-02-11 20:00:00,82,91,1.8012100836885039,0.0,0.0,0.0877,optimal
2021-02-11 20:30:00,82,91,0.0,0.0,0.0,0.1981,optimal
2021-02-11 21:00:00,82,91,0.0,0.0,0.0,0.14493333333333333,optimal
2021-02-11 21:30:00,82,91,0.0,0.0,0.0,0.3468,optimal
2021-02-11 22:00:00,82,91,1.1059085714285712,0.0,0.0,0.30706666666666665,optimal
2021-02-11 22:30:00,82,91,0.0,0.0,0.0,0.34883333333333333,optimal
2021-02-11 23:00:00,82,91,0.0,0.0,0.0,0.0837,optimal
2021-02-11 23:30:00,82,91,0.0,0.0,0.0,0.2543333333333333,optimal
2021-02-12 00:00:00,82,91,1.461749294667133,0.0,0.0,0.061,optimal
2021-02-12 00:30:00,82,91,2.2857142857142856,0.0,0.0,0.061,optimal
2021-02-12 01:00:00,82,91,2.2857142857142856,0.0,0.0,0.07313333333333334,optimal
2021-02-12 01:30:00,82,91,2.2857142857142856,0.0,0.0,0.2843333333333333,optimal
2021-02-12 02:00:00,82,91,2.2857142857142856,0.0,0.0,0.061,optimal
2021-02-12 02:30:00,82,91,2.2857142857142856,0.0,0.0,0.29646666666666666,optimal
2021-02-12 03:00:00,82,91,2.2857142857142856,0.0,0.0,0.061,optimal
2021-02-12 03:30:00,82,91,2.2857142857142856,0.0,0.0,0.2549666666666667,optimal
2021-02-12 04:00:00,82,91,2.2857142857142856,0.0,0.0,0.1025,optimal
2021-02-12 04:30:00,82,91,2.2857142857142856,0.0,0.0,0.1579,optimal
2021-02-12 05:00:00,82,91,2.2857142857142856,0.0,0.0,0.06609999999999999,optimal
2021-02-12 05:30:00,82,91,2.2857142857142856,0.0,0.0,0.19446666666666668,optimal
2021-02-12 06:00:00,82,91,2.2857142857142856,0.0,0.0,0.061,optimal
2021-02-12 06:30:00,82,91,2.2857142857142856,0.0,0.0,0.1338,optimal
2021-02-12 07:00:00,82,91,2.2857142857142856,0.0,0.0,0.18796666666666667,optimal
2021-02-12 07:30:00,82,91,2.2857142857142856,0.0,0.0,0.10203333333333332,optimal
2021-02-12 08:00:00,82,91,1.6061114066468702,0.0,0.0,0.071,optimal
2021-02-12 08:30:00,82,91,1.5817168944392992,0.0,0.0,0.20446666666666666,optimal
2021-02-12 09:00:00,82,91,1.410787539975681,0.0,0.0,0.15769999999999998,optimal
2021-02-12 09:30:00,82,91,1.260993840925683,0.0,0.0,0.15303333333333333,optimal
2021-02-12 10:00:00,82,91,0.8137157474340566,0.0,0.0,0.19383333333333327,optimal
2021-02-12 10:30:00,82,91,0.8082190575635073,0.0,0.0,0.1169,optimal
2021-02-12 11:00:00,82,91,0.5193216130890256,0.0,0.0,0.19233333333333327,optimal
2021-02-12 11:30:00,82,91,0.5179440506647427,0.0,0.0,0.17980000000000002,optimal
2021-02-12 12:00:00,82,91,0.45786587523167477,0.0,0.0,0.061,optimal
2021-02-12 12:30:00,82,91,0.42182164614071505,0.0,0.0,0.17513333333333334,optimal
2021-02-12 13:00:00,82,91,0.9980207883517793,0.0,0.0,0.1823333333333333,optimal
2021-02-12 13:30:00,82,91,2.2857142857142856,0.0,0.0,0.1579,optimal
2021-02-12 14:00:00,82,91,2.2857142857142856,0.0,0.0,0.06609999999999999,optimal
2021-02-12 14:30:00,82,91,2.2857142857142856,0.0,0.0,0.13913333333333333,optimal
2021-02-12 15:00:00,82,91,2.2857142857142856,0.0,0.0,0.2885,optimal
2021-02-12 15:30:00,82,91,2.2857142857142856,0.0,0.0,0.224,optimal
2021-02-12 16:00:00,82,91,0.0,0.0,0.0,2.7101333333333333,optimal
2021-02-12 16:30:00,82,91,0.0,0.0,0.0,0.9125666666666669,optimal
2021-02-12 17:00:00,82,91,0.0,0.0,0.0,2.3445666666666667,optimal
2021-02-12 17:30:00,82,91,0.0,0.0,0.0,3.318333333333333,optimal
2021-02-12 18:00:00,82,91,0.0,0.0,0.0,0.5129,optimal
2021-02-12 18:30:00,82,91,0.0,0.0,0.0,2.0071666666666665,optimal
2021-02-12 19:00:00,82,91,0.0,0.0,0.0,2.7785666666666664,optimal
2021-02-12 19:30:00,82,91,0.0,0.0,0.0,1.1483333333333332,optimal
2021-02-12 20:00:00,82,91,0.0,0.0,0.0,3.2184,optimal
2021-02-12 20:30:00,82,91,0.0,0.0,0.0,0.9744333333333332,optimal
2021-02-12 21:00:00,82,91,0.0,0.0,0.0,2.6423666666666668,optimal
2021-02-12 21:30:00,82,91,0.0,0.0,0.0,2.817133333333333,optimal
2021-02-12 22:00:00,82,91,0.0,0.0,0.0,0.163,optimal
2021-02-12 22:30:00,82,91,0.0,0.0,0.0,0.0792,optimal
2021-02-12 23:00:00,82,91,0.0,0.0,0.0,0.21706666666666663,optimal
2021-02-12 23:30:00,82,91,0.0,0.0,0.0,0.1222,optimal
2021-02-13 00:00:00,82,91,0.0,0.0,0.0,0.065,optimal
2021-02-13 00:30:00,82,91,0.0,0.0,0.0,0.065,optimal
2021-02-13 01:00:00,82,91,0.0,0.0,0.0,0.065,optimal
2021-02-13 01:30:00,82,91,0.5870623509935662,0.0,0.0,0.065,optimal
2021-02-13 02:00:00,82,91,2.2857142857142856,0.0,0.0,0.13333333333333333,optimal
2021-02-13 02:30:00,82,91,2.2857142857142856,0.0,0.0,0.147,optimal
2021-02-13 03:00:00,82,91,2.2857142857142856,0.0,0.0,0.07866666666666668,optimal
2021-02-13 03:30:00,82,91,2.2857142857142856,0.0,0.0,0.20166666666666663,optimal
2021-02-13 04:00:00,82,91,2.2857142857142856,0.0,0.0,0.065,optimal
2021-02-13 04:30:00,82,91,2.2857142857142856,0.0,0.0,0.065,optimal
2021-02-13 05:00:00,82,91,2.2857142857142856,0.0,0.0,0.14016666666666666,optimal
2021-02-13 05:30:00,82,91,2.2857142857142856,0.0,0.0,0.14016666666666666,optimal
2021-02-13 06:00:00,82,91,2.2857142857142856,0.0,0.0,0.065,optimal
2021-02-13 06:30:00,82,91,2.2857142857142856,0.0,1.187267499511596,0.222,optimal
2021-02-13 07:00:00,82,91,2.2857142857142856,0.0,10.0,0.075,optimal
2021-02-13 07:30:00,82,91,2.2857142857142856,0.0,0.0,0.06666666666666667,optimal
2021-02-13 08:00:00,82,91,1.3905380473368274,0.0,0.0,0.2153333333333333,optimal
2021-02-13 08:30:00,82,91,1.4300557230077622,0.0,0.0,0.069,optimal
2021-02-13 09:00:00,82,91,1.276006590416893,0.0,0.0,0.075,optimal
2021-02-13 09:30:00,82,91,1.2158806830573248,0.0,0.0,0.216,optimal
2021-02-13 10:00:00,82,91,0.9850571799642067,0.0,0.0,0.065,optimal
2021-02-13 10:30:00,82,91,0.8758053318256389,0.0,0.0,1.1588,optimal
2021-02-13 11:00:00,82,91,0.5068446290681743,0.0,0.0,2.714,optimal
2021-02-13 11:30:00,82,91,0.5796556380724444,0.0,0.0,1.6257000000000001,optimal
2021-02-13 12:00:00,82,91,0.5102713994277664,0.0,0.0,0.19483333333333328,optimal
2021-02-13 12:30:00,82,91,0.5404972269601287,0.0,0.0,0.065,optimal
2021-02-13 13:00:00,82,91,1.9240306429135103,0.0,0.0,0.06823333333333334,optimal
2021-02-13 13:30:00,82,91,2.2857142857142856,0.0,0.0,0.22633333333333328,optimal
2021-02-13 14:00:00,82,91,2.2857142857142856,0.0,0.0,2.453533333333333,optimal
2021-02-13 14:30:00,82,91,2.2857142857142856,0.0,0.0,0.1367,optimal
2021-02-13 15:00:00,82,91,2.2857142857142856,0.0,0.0,2.3966999999999996,optimal
2021-02-13 15:30:00,82,91,2.2857142857142856,0.0,0.0,1.7455333333333334,optimal
2021-02-13 16:00:00,82,91,0.0,0.0,0.0,0.2703,optimal
2021-02-13 16:30:00,82,91,0.0,0.0,0.0,0.7193999999999999,optimal
2021-02-13 17:00:00,82,91,0.0,0.0,0.0,0.5952000000000001,optimal
2021-02-13 17:30:00,82,91,0.0,0.0,0.0,2.1050999999999997,optimal
2021-02-13 18:00:00,82,91,0.0,0.0,0.0,2.5791,optimal
2021-02-13 18:30:00,82,91,0.0,0.0,0.0,0.217,optimal
2021-02-13 19:00:00,82,91,0.0,0.0,0.0,1.3101666666666667,optimal
2021-02-13 19:30:00,82,91,0.0,0.0,0.0,0.1705,optimal
2021-02-13 20:00:00,82,91,0.0,0.0,0.0,0.6664333333333333,optimal
2021-02-13 20:30:00,82,91,0.0,0.0,0.0,0.49796666666666656,optimal
2021-02-13 21:00:00,82,91,0.0,0.0,0.0,0.18306666666666663,optimal
2021-02-13 21:30:00,82,91,0.0,0.0,0.0,0.29410000000000003,optimal
2021-02-13 22:00:00,82,91,0.0,0.0,0.0,0.19,optimal
2021-02-13 22:30:00,82,91,0.0,0.0,0.0,2.6437,optimal
2021-02-13 23:00:00,82,91,0.0,0.0,0.0,0.5325666666666667,optimal
2021-02-13 23:30:00,82,91,0.0,0.0,0.0,3.4264666666666668,optimal
2021-02-07 00:00:00,83,91,0.0,0.0,0.0,0.062,optimal
2021-02-07 00:30:00,83,91,0.0,0.0,0.0,0.144,optimal
2021-02-07 01:00:00,83,91,0.0,0.0,0.0,0.10026666666666668,optimal
2021-02-07 01:30:00,83,91,0.0,0.0,0.0,0.062,optimal
2021-02-07 02:00:00,83,91,0.0,0.0,0.0,0.13853333333333334,optimal
2021-02-07 02:30:00,83,91,0.0,0.0,0.0,0.10573333333333332,optimal
2021-02-07 03:00:00,83,91,0.0,0.0,0.0,0.08933333333333333,optimal
2021-02-07 03:30:00,83,91,0.0,0.0,0.0,0.15493333333333334,optimal
2021-02-07 04:00:00,83,91,2.4285714285714284,0.0,0.0,0.062,optimal
2021-02-07 04:30:00,83,91,2.4285714285714284,0.0,0.0,0.16040000000000001,optimal
2021-02-07 05:00:00,83,91,2.4285714285714284,0.0,0.0,0.08386666666666666,optimal
2021-02-07 05:30:00,83,91,2.4285714285714284,0.0,0.0,0.06266666666666666,optimal
2021-02-07 06:00:00,83,91,2.4285714285714284,0.0,0.0,0.1704,optimal
2021-02-07 06:30:00,83,91,2.4285714285714284,0.0,0.0,0.08453333333333334,optimal
2021-02-07 07:00:00,83,91,2.4285714285714284,0.0,1.5052247886819266,0.072,optimal
2021-02-07 07:30:00,83,91,0.0,0.0,0.0,0.18893333333333331,optimal
2021-02-07 08:00:00,83,91,0.0,0.0,0.0,0.06866666666666667,optimal
2021-02-07 08:30:00,83,91,0.0,0.0,0.0,0.17186666666666667,optimal
2021-02-07 09:00:00,83,91,0.0,0.0,0.0,0.07840000000000001,optimal
2021-02-07 09:30:00,83,91,0.17894503551039134,0.0,0.0,0.062,optimal
2021-02-07 10:00:00,83,91,1.0417292991504123,0.0,0.0,0.11666666666666668,optimal
2021-02-07 10:30:00,83,91,1.0454749001894885,0.0,0.0,0.1276,optimal
2021-02-07 11:00:00,83,91,0.9288402087696492,0.0,0.0,0.062,optimal
2021-02-07 11:30:00,83,91,0.9038497325791688,0.0,0.0,0.14946666666666666,optimal
2021-02-07 12:00:00,83,91,0.8218483180532136,0.0,0.0,0.0948,optimal
2021-02-07 12:30:00,83,91,0.8234102228151142,0.0,0.0,0.08933333333333333,optimal
2021-02-07 13:00:00,83,91,2.4285714285714284,0.0,0.0,0.15493333333333334,optimal
2021-02-07 13:30:00,83,91,2.4285714285714284,0.0,0.0,0.062,optimal
2021-02-07 14:00:00,83,91,2.4285714285714284,0.0,0.0,0.13306666666666667,optimal
2021-02-07 14:30:00,83,91,2.4285714285714284,0.0,0.0,0.11120000000000001,optimal
2021-02-07 15:00:00,83,91,2.4285714285714284,0.0,0.0,0.07840000000000001,optimal
2021-02-07 15:30:00,83,91,2.4285714285714284,0.0,0.0,0.16653333333333334,optimal
2021-02-07 16:00:00,83,91,0.0,0.0,0.0,0.072,optimal
2021-02-07 16:30:00,83,91,0.0,0.0,0.0,0.1936,optimal
2021-02-07 17:00:00,83,91,0.0,0.0,0.0,0.068,optimal
2021-02-07 17:30:00,83,91,0.0,0.0,0.0,0.12296666666666668,optimal
2021-02-07 18:00:00,83,91,0.0,0.0,0.0,0.13113333333333332,optimal
2021-02-07 18:30:00,83,91,0.0,0.0,0.0,0.09523333333333332,optimal
2021-02-07 19:00:00,83,91,0.0,0.0,0.0,0.5349666666666667,optimal
2021-02-07 19:30:00,83,91,0.0,0.0,0.0,0.19390000000000002,optimal
2021-02-07 20:00:00,83,91,0.7327779147119373,0.0,0.0,0.29283333333333333,optimal
2021-02-07 20:30:00,83,91,0.0,0.0,0.0,0.17586666666666667,optimal
2021-02-07 21:00:00,83,91,0.0,0.0,0.0,0.2756,optimal
2021-02-07 21:30:00,83,91,0.0,0.0,0.0,0.5847,optimal
2021-02-07 22:00:00,83,91,0.0,0.0,0.0,0.5497000000000001,optimal
2021-02-07 22:30:00,83,91,0.0,0.0,0.0,0.5208666666666667,optimal
2021-02-07 23:00:00,83,91,0.0,0.0,0.0,0.1704,optimal
2021-02-07 23:30:00,83,91,0.0,0.0,0.0,0.09286666666666667,optimal
2021-02-08 00:00:00,83,91,0.03980952380952381,0.0,0.0,0.3944333333333333,optimal
2021-02-08 00:30:00,83,91,0.0,0.0,0.0,0.16046666666666667,optimal
2021-02-08 01:00:00,83,91,0.0,0.0,0.0,0.059,optimal
2021-02-08 01:30:00,83,91,0.0,0.0,0.0,0.18313333333333331,optimal
2021-02-08 02:00:00,83,91,0.0,0.0,0.0,0.1638,optimal
2021-02-08 02:30:00,83,91,0.12340000143691031,0.0,0.0,0.11566666666666668,optimal
2021-02-08 03:00:00,83,91,2.4285714285714284,0.0,0.0,0.206,optimal
2021-02-08 03:30:00,83,91,2.4285714285714284,0.0,0.0,0.17863333333333334,optimal
2021-02-08 04:00:00,83,91,2.4285714285714284,0.0,0.0,0.15330000000000002,optimal
2021-02-08 04:30:00,83,91,2.4285714285714284,0.0,0.0,0.2027333333333333,optimal
2021-02-08 05:00:00,83,91,2.4285714285714284,0.0,0.0,0.09213333333333334,optimal
2021-02-08 05:30:00,83,91,2.4285714285714284,0.0,0.0,0.2026,optimal
2021-02-08 06:00:00,83,91,2.4285714285714284,0.0,0.0,0.19619999999999999,optimal
2021-02-08 06:30:00,83,91,2.4285714285714284,0.0,4.727408879046733,0.15330000000000002,optimal
2021-02-08 07:00:00,83,91,2.4285714285714284,0.0,10.0,0.26696666666666663,optimal
2021-02-08 07:30:00,83,91,2.4285714285714284,0.0,0.0,0.1834,optimal
2021-02-08 08:00:00,83,91,1.091185291058971,0.0,0.0,0.30133333333333334,optimal
2021-02-08 08:30:00,83,91,1.068711844478994,0.0,0.0,0.3372333333333333,optimal
2021-02-08 09:00:00,83,91,1.1205805948347296,0.0,0.0,0.3141666666666667,optimal
2021-02-08 09:30:00,83,91,1.002695526609463,0.0,0.0,0.295,optimal
2021-02-08 10:00:00,83,91,0.8485147485902225,0.0,0.0,0.2964,optimal
2021-02-08 10:30:00,83,91,0.723523626339301,0.0,0.0,0.5122666666666666,optimal
2021-02-08 11:00:00,83,91,0.4839409903887989,0.0,0.0,0.4349333333333333,optimal
2021-02-08 11:30:00,83,91,0.45282396077830167,0.0,0.0,0.7002333333333334,optimal
2021-02-08 12:00:00,83,91,0.3926595006286132,0.0,0.0,0.39363333333333334,optimal
2021-02-08 12:30:00,83,91,0.41083496521714874,0.0,0.0,0.26539999999999997,optimal
2021-02-08 13:00:00,83,91,2.4285714285714284,0.0,0.0,0.3229666666666666,optimal
2021-02-08 13:30:00,83,91,1.6862564454070146,0.0,0.0,0.49373333333333336,optimal
2021-02-08 14:00:00,83,91,2.4285714285714284,0.0,0.0,0.164,optimal
2021-02-08 14:30:00,83,91,2.4285714285714284,0.0,0.0,0.22366666666666662,optimal
2021-02-08 15:00:00,83,91,2.4285714285714284,0.0,0.0,0.228,optimal
2021-02-08 15:30:00,83,91,2.4285714285714284,0.0,0.0,0.4869,optimal
2021-02-08 16:00:00,83,91,0.0,0.0,0.0,0.5264333333333333,optimal
2021-02-08 16:30:00,83,91,0.0,0.0,0.0,0.8894666666666667,optimal
2021-02-08 17:00:00,83,91,0.0,0.0,0.0,1.9853666666666663,optimal
2021-02-08 17:30:00,83,91,0.0,0.0,0.0,1.4522666666666668,optimal
2021-02-08 18:00:00,83,91,0.0,0.0,0.0,0.37126666666666663,optimal
2021-02-08 18:30:00,83,91,0.0,0.0,0.0,1.6989,optimal
2021-02-08 19:00:00,83,91,0.0,0.0,0.0,1.7318666666666667,optimal
2021-02-08 19:30:00,83,91,0.0,0.0,0.0,0.6107,optimal
2021-02-08 20:00:00,83,91,0.0,0.0,0.0,0.5046333333333334,optimal
2021-02-08 20:30:00,83,91,0.0,0.0,0.0,0.393,optimal
2021-02-08 21:00:00,83,91,0.0,0.0,0.0,0.5065,optimal
2021-02-08 21:30:00,83,91,0.0,0.0,0.0,0.3244666666666666,optimal
2021-02-08 22:00:00,83,91,0.05971428571428571,0.0,0.0,0.4418,optimal
2021-02-08 22:30:00,83,91,0.0,0.0,0.0,0.22733333333333328,optimal
2021-02-08 23:00:00,83,91,0.0,0.0,0.0,0.069,optimal
2021-02-08 23:30:00,83,91,0.0,0.0,0.0,0.27153333333333335,optimal
2021-02-09 00:00:00,83,91,0.0,0.0,0.0,0.071,optimal
2021-02-09 00:30:00,83,91,0.15923809523809523,0.0,0.0,0.09720000000000001,optimal
2021-02-09 01:00:00,83,91,0.0,0.0,0.0,0.11159999999999999,optimal
2021-02-09 01:30:00,83,91,0.0,0.0,0.0,0.072,optimal
2021-02-09 02:00:00,83,91,0.0,0.0,0.0,0.072,optimal
2021-02-09 02:30:00,83,91,1.541317323369816,0.0,0.0,0.072,optimal
2021-02-09 03:00:00,83,91,2.4285714285714284,0.0,0.0,0.072,optimal
2021-02-09 03:30:00,83,91,2.4285714285714284,0.0,0.0,0.063,optimal
2021-02-09 04:00:00,83,91,2.4285714285714284,0.0,0.0,0.062,optimal
2021-02-09 04:30:00,83,91,2.4285714285714284,0.0,0.0,0.062,optimal
2021-02-09 05:00:00,83,91,2.4285714285714284,0.0,0.0,0.062,optimal
2021-02-09 05:30:00,83,91,2.4285714285714284,0.0,0.0,0.0872,optimal
2021-02-09 06:00:00,83,91,2.4285714285714284,0.0,0.0,0.1016,optimal
2021-02-09 06:30:00,83,91,2.4285714285714284,0.0,3.9585889218753474,0.062,optimal
2021-02-09 07:00:00,83,91,2.4285714285714284,0.0,10.0,0.1268,optimal
2021-02-09 07:30:00,83,91,2.4285714285714284,0.0,0.0,0.3351,optimal
2021-02-09 08:00:00,83,91,1.1819337956486966,0.0,0.0,0.2056,optimal
2021-02-09 08:30:00,83,91,1.095620155994852,0.0,0.0,0.2864,optimal
2021-02-09 09:00:00,83,91,0.8370799249636633,0.0,0.0,0.45103333333333334,optimal
2021-02-09 09:30:00,83,91,0.9142545504178979,0.0,0.0,0.23953333333333332,optimal
2021-02-09 10:00:00,83,91,0.7262800007033839,0.0,0.0,1.6174666666666666,optimal
2021-02-09 10:30:00,83,91,0.8877502838199998,0.0,0.0,0.135,optimal
2021-02-09 11:00:00,83,91,0.6390768043260836,0.0,0.0,0.134,optimal
2021-02-09 11:30:00,83,91,0.6264192419017939,0.0,0.0,0.1946,optimal
2021-02-09 12:00:00,83,91,0.4556534850657691,0.0,0.0,0.2343,optimal
2021-02-09 12:30:00,83,91,0.4779853332043511,0.0,0.0,0.062,optimal
2021-02-09 13:00:00,83,91,0.9063427112849751,0.0,0.0,0.1268,optimal
2021-02-09 13:30:00,83,91,2.4285714285714284,0.0,0.0,0.071,optimal
2021-02-09 14:00:00,83,91,2.4285714285714284,0.0,0.0,0.07166666666666667,optimal
2021-02-09 14:30:00,83,91,2.4285714285714284,0.0,0.0,0.14233333333333334,optimal
2021-02-09 15:00:00,83,91,2.4285714285714284,0.0,0.0,0.10623333333333332,optimal
2021-02-09 15:30:00,83,91,2.4285714285714284,0.0,0.0,0.10903333333333332,optimal
2021-02-09 16:00:00,83,91,0.0,0.0,0.0,0.23616666666666664,optimal
2021-02-09 16:30:00,83,91,0.0,0.0,0.0,0.5945,optimal
2021-02-09 17:00:00,83,91,0.0,0.0,0.0,0.3441,optimal
2021-02-09 17:30:00,83,91,0.0,0.0,0.0,0.14483333333333334,optimal
2021-02-09 18:00:00,83,91,0.0,0.0,0.0,0.34076666666666666,optimal
2021-02-09 18:30:00,83,91,0.0,0.0,0.0,0.084,optimal
2021-02-09 19:00:00,83,91,0.0,0.0,0.0,0.3078333333333333,optimal
2021-02-09 19:30:00,83,91,0.0,0.0,0.0,0.31010000000000004,optimal
2021-02-09 20:00:00,83,91,0.0,0.0,0.0,0.5824666666666667,optimal
2021-02-09 20:30:00,83,91,0.0,0.0,0.0,0.2397,optimal
2021-02-09 21:00:00,83,91,0.0,0.0,0.0,0.3041666666666667,optimal
2021-02-09 21:30:00,83,91,0.0,0.0,0.0,0.2379333333333333,optimal
2021-02-09 22:00:00,83,91,0.0,0.0,0.0,0.2514333333333333,optimal
2021-02-09 22:30:00,83,91,0.0,0.0,0.0,0.16566666666666666,optimal
2021-02-09 23:00:00,83,91,0.0,0.0,0.0,0.1188,optimal
2021-02-09 23:30:00,83,91,0.0,0.0,0.0,0.06933333333333333,optimal
2021-02-10 00:00:00,83,91,0.0,0.0,0.0,0.1151,optimal
2021-02-10 00:30:00,83,91,2.249238095238095,0.0,0.0,0.14163333333333333,optimal
2021-02-10 01:00:00,83,91,0.0,0.0,0.0,0.13753333333333334,optimal
2021-02-10 01:30:00,83,91,0.0,0.0,0.0,0.18746666666666667,optimal
2021-02-10 02:00:00,83,91,0.0,0.0,0.0,0.1162,optimal
2021-02-10 02:30:00,83,91,1.9292602961521956,0.0,0.0,0.0906,optimal
2021-02-10 03:00:00,83,91,2.4285714285714284,0.0,0.0,0.15869999999999998,optimal
2021-02-10 03:30:00,83,91,2.4285714285714284,0.0,0.0,0.17056666666666667,optimal
2021-02-10 04:00:00,83,91,2.4285714285714284,0.0,0.0,0.065,optimal
2021-02-10 04:30:00,83,91,2.4285714285714284,0.0,0.0,0.26426666666666665,optimal
2021-02-10 05:00:00,83,91,2.4285714285714284,0.0,0.0,0.0814,optimal
2021-02-10 05:30:00,83,91,2.4285714285714284,0.0,0.0,0.17483333333333334,optimal
2021-02-10 06:00:00,83,91,2.4285714285714284,0.0,0.0,0.13736666666666666,optimal
2021-02-10 06:30:00,83,91,2.4285714285714284,0.0,0.5946416191061955,0.14880000000000002,optimal
2021-02-10 07:00:00,83,91,2.4285714285714284,0.0,10.0,0.37056666666666666,optimal
2021-02-10 07:30:00,83,91,2.4285714285714284,0.0,0.0,2.062733333333333,optimal
2021-02-10 08:00:00,83,91,1.1926413294579652,0.0,0.0,0.1792,optimal
2021-02-10 08:30:00,83,91,1.0886682226179132,0.0,0.0,0.8862000000000001,optimal
2021-02-10 09:00:00,83,91,0.7608745404137787,0.0,0.0,3.270266666666667,optimal
2021-02-10 09:30:00,83,91,1.0165966716689667,0.0,0.0,0.21303333333333332,optimal
2021-02-10 10:00:00,83,91,0.5585743236395052,0.0,0.0,2.414766666666667,optimal
2021-02-10 10:30:00,83,91,0.549133064938043,0.0,0.0,1.4868,optimal
2021-02-10 11:00:00,83,91,0.4481357098720514,0.0,0.0,0.1338,optimal
2021-02-10 11:30:00,83,91,0.4257805850234427,0.0,0.0,0.372,optimal
2021-02-10 12:00:00,83,91,0.25789825578874537,0.0,0.0,0.3963666666666667,optimal
2021-02-10 12:30:00,83,91,0.1173677795982813,0.0,0.0,2.3751666666666664,optimal
2021-02-10 13:00:00,83,91,0.0,0.0,0.0,3.6236666666666664,optimal
2021-02-10 13:30:00,83,91,1.2348907473370858,0.0,0.0,2.1509,optimal
2021-02-10 14:00:00,83,91,2.4285714285714284,0.0,0.0,0.5222,optimal
2021-02-10 14:30:00,83,91,2.4285714285714284,0.0,0.0,0.24416666666666662,optimal
2021-02-10 15:00:00,83,91,2.4285714285714284,0.0,0.0,0.30446666666666666,optimal
2021-02-10 15:30:00,83,91,2.4285714285714284,0.0,0.0,0.40753333333333336,optimal
2021-02-10 16:00:00,83,91,0.0,0.0,0.0,0.2206,optimal
2021-02-10 16:30:00,83,91,0.0,0.0,0.0,0.3964666666666666,optimal
2021-02-10 17:00:00,83,91,0.0,0.0,0.0,2.7396666666666665,optimal
2021-02-10 17:30:00,83,91,0.0,0.0,0.0,1.7468666666666666,optimal
2021-02-10 18:00:00,83,91,0.0,0.0,0.0,1.2115,optimal
2021-02-10 18:30:00,83,91,0.0,0.0,0.0,3.6048666666666667,optimal
2021-02-10 19:00:00,83,91,0.0,0.0,0.0,1.2422666666666669,optimal
2021-02-10 19:30:00,83,91,0.0,0.0,0.0,1.6769333333333334,optimal
2021-02-10 20:00:00,83,91,0.0,0.0,0.0,0.2622,optimal
2021-02-10 20:30:00,83,91,0.0,0.0,0.0,2.4714,optimal
2021-02-10 21:00:00,83,91,0.0,0.0,0.0,2.2005,optimal
2021-02-10 21:30:00,83,91,0.0,0.0,0.0,1.7375,optimal
2021-02-10 22:00:00,83,91,0.0,0.0,0.0,0.19746666666666668,optimal
2021-02-10 22:30:00,83,91,0.0,0.0,0.0,0.15180000000000002,optimal
2021-02-10 23:00:00,83,91,0.0,0.0,0.0,0.13066666666666665,optimal
2021-02-10 23:30:00,83,91,0.0,0.0,0.0,0.2169333333333333,optimal
2021-02-11 00:00:00,83,91,0.0,0.0,0.0,0.26106666666666667,optimal
2021-02-11 00:30:00,83,91,0.2786666666666667,0.0,0.0,0.0878,optimal
2021-02-11 01:00:00,83,91,0.0,0.0,0.0,0.049,optimal
2021-02-11 01:30:00,83,91,1.9805782099143974,0.0,0.0,0.2511333333333333,optimal
2021-02-11 02:00:00,83,91,2.4285714285714284,0.0,0.0,0.161,optimal
2021-02-11 02:30:00,83,91,2.4285714285714284,0.0,0.0,0.1186,optimal
2021-02-11 03:00:00,83,91,2.4285714285714284,0.0,0.0,0.203,optimal
2021-02-11 03:30:00,83,91,2.4285714285714284,0.0,0.0,0.14446666666666666,optimal
2021-02-11 04:00:00,83,91,2.4285714285714284,0.0,0.0,0.11366666666666668,optimal
2021-02-11 04:30:00,83,91,2.4285714285714284,0.0,0.0,0.049,optimal
2021-02-11 05:00:00,83,91,2.4285714285714284,0.0,0.0,0.29353333333333337,optimal
2021-02-11 05:30:00,83,91,2.4285714285714284,0.0,0.0,0.1186,optimal
2021-02-11 06:00:00,83,91,2.4285714285714284,0.0,0.0,0.1866,optimal
2021-02-11 06:30:00,83,91,2.4285714285714284,0.0,2.828744788796709,0.22553333333333334,optimal
2021-02-11 07:00:00,83,91,2.4285714285714284,0.0,10.0,0.057,optimal
2021-02-11 07:30:00,83,91,2.4285714285714284,0.0,0.0,0.12793333333333334,optimal
2021-02-11 08:00:00,83,91,1.3301832417971076,0.0,0.0,0.20166666666666663,optimal
2021-02-11 08:30:00,83,91,1.3358064052604701,0.0,0.0,0.9057000000000001,optimal
2021-02-11 09:00:00,83,91,1.1754418269033864,0.0,0.0,0.10033333333333332,optimal
2021-02-11 09:30:00,83,91,1.0201251240444744,0.0,0.0,0.2892333333333333,optimal
2021-02-11 10:00:00,83,91,0.603344111586972,0.0,0.0,0.33493333333333336,optimal
2021-02-11 10:30:00,83,91,0.6330081940118529,0.0,0.0,0.21603333333333333,optimal
2021-02-11 11:00:00,83,91,0.43872046100965834,0.0,0.0,0.188,optimal
2021-02-11 11:30:00,83,91,0.29644750083567595,0.0,0.0,0.34313333333333335,optimal
2021-02-11 12:00:00,83,91,0.1546153702698455,0.0,0.0,0.3425,optimal
2021-02-11 12:30:00,83,91,0.13589753494446374,0.0,0.0,0.4564,optimal
2021-02-11 13:00:00,83,91,2.4285714285714284,0.0,0.0,0.30596666666666666,optimal
2021-02-11 13:30:00,83,91,2.4285714285714284,0.0,0.0,0.5729333333333333,optimal
2021-02-11 14:00:00,83,91,2.4285714285714284,0.0,0.0,0.4723333333333333,optimal
2021-02-11 14:30:00,83,91,2.4285714285714284,0.0,0.0,0.324,optimal
2021-02-11 15:00:00,83,91,2.4285714285714284,0.0,0.0,0.26866666666666666,optimal
2021-02-11 15:30:00,83,91,2.4285714285714284,0.0,0.0,0.3116666666666667,optimal
2021-02-11 16:00:00,83,91,0.0,0.0,0.0,0.3517333333333333,optimal
2021-02-11 16:30:00,83,91,0.0,0.0,0.0,0.6792333333333334,optimal
2021-02-11 17:00:00,83,91,0.0,0.0,0.0,0.4498666666666667,optimal
2021-02-11 17:30:00,83,91,0.0,0.0,0.0,0.5053666666666666,optimal
2021-02-11 18:00:00,83,91,0.0,0.0,0.0,0.4178,optimal
2021-02-11 18:30:00,83,91,0.0,0.0,0.0,0.6922,optimal
2021-02-11 19:00:00,83,91,0.0,0.0,0.0,0.44053333333333333,optimal
2021-02-11 19:30:00,83,91,0.0,0.0,0.0,0.7099333333333333,optimal
2021-02-11 20:00:00,83,91,0.7983531713217078,0.0,0.0,0.5824666666666667,optimal
2021-02-11 20:30:00,83,91,0.0,0.0,0.0,0.7819333333333333,optimal
2021-02-11 21:00:00,83,91,0.0,0.0,0.0,0.377,optimal
2021-02-11 21:30:00,83,91,0.0,0.0,0.0,0.39666666666666667,optimal
2021-02-11 22:00:00,83,91,0.0,0.0,0.0,0.27466666666666667,optimal
2021-02-11 22:30:00,83,91,0.0,0.0,0.0,0.11866666666666668,optimal
2021-02-11 23:00:00,83,91,0.0,0.0,0.0,0.14953333333333332,optimal
2021-02-11 23:30:00,83,91,0.0,0.0,0.0,0.27486666666666665,optimal
2021-02-12 00:00:00,83,91,0.10284811768542888,0.0,0.0,0.096,optimal
2021-02-12 00:30:00,83,91,2.4285714285714284,0.0,0.0,0.259,optimal
2021-02-12 01:00:00,83,91,2.4285714285714284,0.0,0.0,0.072,optimal
2021-02-12 01:30:00,83,91,2.4285714285714284,0.0,0.0,0.1368,optimal
2021-02-12 02:00:00,83,91,2.4285714285714284,0.0,0.0,0.072,optimal
2021-02-12 02:30:00,83,91,2.4285714285714284,0.0,0.0,0.072,optimal
2021-02-12 03:00:00,83,91,2.4285714285714284,0.0,0.0,0.1368,optimal
2021-02-12 03:30:00,83,91,2.4285714285714284,0.0,0.0,0.072,optimal
2021-02-12 04:00:00,83,91,2.4285714285714284,0.0,0.0,0.072,optimal
2021-02-12 04:30:00,83,91,2.4285714285714284,0.0,0.0,0.1368,optimal
2021-02-12 05:00:00,83,91,2.4285714285714284,0.0,0.0,0.072,optimal
2021-02-12 05:30:00,83,91,2.4285714285714284,0.0,0.0,0.072,optimal
2021-02-12 06:00:00,83,91,2.4285714285714284,0.0,3.837557519664876,0.2014,optimal
2021-02-12 06:30:00,83,91,2.4285714285714284,0.0,10.0,0.4734,optimal
2021-02-12 07:00:00,83,91,2.4285714285714284,0.0,10.0,1.5038666666666665,optimal
2021-02-12 07:30:00,83,91,2.4285714285714284,0.0,0.0,1.7040333333333333,optimal
2021-02-12 08:00:00,83,91,1.6138066447421064,0.0,0.0,0.18853333333333333,optimal
2021-02-12 08:30:00,83,91,1.6007073706297814,0.0,0.0,0.1368,optimal
2021-02-12 09:00:00,83,91,1.4349303971185385,0.0,0.0,0.072,optimal
2021-02-12 09:30:00,83,91,1.2838033647352052,0.0,0.0,0.072,optimal
2021-02-12 10:00:00,83,91,0.8296681283864381,0.0,0.0,0.1368,optimal
2021-02-12 10:30:00,83,91,0.8207047718492165,0.0,0.0,0.072,optimal
2021-02-12 11:00:00,83,91,0.5533597083271251,0.0,0.0,0.072,optimal
2021-02-12 11:30:00,83,91,0.5314107173313968,0.0,0.0,0.1368,optimal
2021-02-12 12:00:00,83,91,0.45723730380309746,0.0,0.0,0.072,optimal
2021-02-12 12:30:00,83,91,0.4538025985216586,0.0,0.0,0.072,optimal
2021-02-12 13:00:00,83,91,1.7530033343163351,0.0,0.0,0.1368,optimal
2021-02-12 13:30:00,83,91,2.4285714285714284,0.0,0.0,0.0756,optimal
2021-02-12 14:00:00,83,91,2.4285714285714284,0.0,0.0,0.13319999999999999,optimal
2021-02-12 14:30:00,83,91,2.4285714285714284,0.0,0.0,0.072,optimal
2021-02-12 15:00:00,83,91,2.4285714285714284,0.0,0.0,0.1368,optimal
2021-02-12 15:30:00,83,91,2.4285714285714284,0.0,0.0,0.072,optimal
2021-02-12 16:00:00,83,91,0.0,0.0,0.0,0.2396,optimal
2021-02-12 16:30:00,83,91,0.0,0.0,0.0,0.35553333333333337,optimal
2021-02-12 17:00:00,83,91,0.0,0.0,0.0,0.6301,optimal
2021-02-12 17:30:00,83,91,0.0,0.0,0.0,0.3841333333333333,optimal
2021-02-12 18:00:00,83,91,0.0,0.0,0.0,0.32176666666666665,optimal
2021-02-12 18:30:00,83,91,0.0,0.0,0.0,0.3238333333333333,optimal
2021-02-12 19:00:00,83,91,0.0,0.0,0.0,0.26680000000000004,optimal
2021-02-12 19:30:00,83,91,0.0,0.0,0.0,0.10026666666666668,optimal
2021-02-12 20:00:00,83,91,0.0,0.0,0.0,0.8435666666666667,optimal
2021-02-12 20:30:00,83,91,0.0,0.0,0.0,0.32153333333333334,optimal
2021-02-12 21:00:00,83,91,0.0,0.0,0.0,0.30846666666666667,optimal
2021-02-12 21:30:00,83,91,0.0,0.0,0.0,0.0964,optimal
2021-02-12 22:00:00,83,91,0.19904761904761903,0.0,0.0,0.15706666666666666,optimal
2021-02-12 22:30:00,83,91,0.0,0.0,0.0,0.6159,optimal
2021-02-12 23:00:00,83,91,0.0,0.0,0.0,0.4532,optimal
2021-02-12 23:30:00,83,91,0.0,0.0,0.0,0.45180000000000003,optimal
2021-02-13 00:00:00,83,91,0.0,0.0,0.0,0.056,optimal
2021-02-13 00:30:00,83,91,0.418,0.0,0.0,0.056,optimal
2021-02-13 01:00:00,83,91,0.0,0.0,0.0,0.20413333333333333,optimal
2021-02-13 01:30:00,83,91,0.0,0.0,0.0,0.056,optimal
2021-02-13 02:00:00,83,91,0.0,0.0,0.0,0.20413333333333333,optimal
2021-02-13 02:30:00,83,91,1.9008989807860885,0.0,0.0,0.056,optimal
2021-02-13 03:00:00,83,91,2.4285714285714284,0.0,0.0,0.056,optimal
2021-02-13 03:30:00,83,91,2.4285714285714284,0.0,0.0,0.08966666666666667,optimal
2021-02-13 04:00:00,83,91,2.4285714285714284,0.0,0.0,0.17046666666666666,optimal
2021-02-13 04:30:00,83,91,2.4285714285714284,0.0,0.0,0.056,optimal
2021-02-13 05:00:00,83,91,2.4285714285714284,0.0,0.0,0.20413333333333333,optimal
2021-02-13 05:30:00,83,91,2.4285714285714284,0.0,8.300410467481656,0.05766666666666666,optimal
2021-02-13 06:00:00,83,91,2.4285714285714284,0.0,10.0,0.19066666666666662,optimal
2021-02-13 06:30:00,83,91,2.4285714285714284,0.0,10.0,0.15086666666666668,optimal
2021-02-13 07:00:00,83,91,2.4285714285714284,0.0,0.0,0.1212,optimal
2021-02-13 07:30:00,83,91,2.4285714285714284,0.0,0.0,1.6271666666666667,optimal
2021-02-13 08:00:00,83,91,1.3433570949558824,0.0,0.0,0.073,optimal
2021-02-13 08:30:00,83,91,1.4318271515791887,0.0,0.0,0.066,optimal
2021-02-13 09:00:00,83,91,1.2354542094645233,0.0,0.0,0.21413333333333331,optimal
2021-02-13 09:30:00,83,91,1.260604492581125,0.0,0.0,0.066,optimal
2021-02-13 10:00:00,83,91,0.9695143228213572,0.0,0.0,0.1266,optimal
2021-02-13 10:30:00,83,91,0.9583843794446743,0.0,0.0,0.15353333333333333,optimal
2021-02-13 11:00:00,83,91,0.6787303433538947,0.0,0.0,0.066,optimal
2021-02-13 11:30:00,83,91,0.6752956380724557,0.0,0.0,0.066,optimal
2021-02-13 12:00:00,83,91,0.516433304189669,0.0,0.0,0.18046666666666666,optimal
2021-02-13 12:30:00,83,91,0.532649607912523,0.0,0.0,0.09966666666666668,optimal
2021-02-13 13:00:00,83,91,2.4285714285714284,0.0,0.0,0.07273333333333333,optimal
2021-02-13 13:30:00,83,91,2.4285714285714284,0.0,0.0,0.2074,optimal
2021-02-13 14:00:00,83,91,2.4285714285714284,0.0,0.0,0.066,optimal
2021-02-13 14:30:00,83,91,2.4285714285714284,0.0,0.0,0.16026666666666667,optimal
2021-02-13 15:00:00,83,91,2.4285714285714284,0.0,0.0,0.11986666666666666,optimal
2021-02-13 15:30:00,83,91,2.4285714285714284,0.0,0.0,0.07273333333333333,optimal
2021-02-13 16:00:00,83,91,0.0,0.0,0.0,0.2074,optimal
2021-02-13 16:30:00,83,91,0.0,0.0,0.0,0.066,optimal
2021-02-13 17:00:00,83,91,0.0,0.0,0.0,0.16026666666666667,optimal
2021-02-13 17:30:00,83,91,0.0,0.0,0.0,0.11986666666666666,optimal
2021-02-13 18:00:00,83,91,0.0,0.0,0.0,0.066,optimal
2021-02-13 18:30:00,83,91,0.0,0.0,0.0,0.14006666666666667,optimal
2021-02-13 19:00:00,83,91,0.0,0.0,0.0,0.17956666666666665,optimal
2021-02-13 19:30:00,83,91,0.375230107347122,0.0,0.0,0.06566666666666666,optimal
2021-02-13 20:00:00,83,91,1.3628386891995776,0.0,0.0,0.18046666666666666,optimal
2021-02-13 20:30:00,83,91,0.0,0.0,0.0,0.09966666666666668,optimal
2021-02-13 21:00:00,83,91,0.0,0.0,0.0,0.26463333333333333,optimal
2021-02-13 21:30:00,83,91,0.0,0.0,0.0,0.5612333333333334,optimal
2021-02-13 22:00:00,83,91,0.19904761904761903,0.0,0.0,0.40773333333333334,optimal
2021-02-13 22:30:00,83,91,0.0,0.0,0.0,0.3096666666666667,optimal
2021-02-13 23:00:00,83,91,0.0,0.0,0.0,0.2935,optimal
2021-02-13 23:30:00,83,91,0.0,0.0,0.0,0.5081333333333333,optimal
2021-02-07 00:00:00,84,91,0.0,0.0,0.0,0.062,optimal
2021-02-07 00:30:00,84,91,0.0,0.0,0.0,0.104,optimal
2021-02-07 01:00:00,84,91,0.0,0.0,0.0,0.074,optimal
2021-02-07 01:30:00,84,91,0.0,0.0,0.0,0.164,optimal
2021-02-07 02:00:00,84,91,0.0,0.0,0.0,0.10959999999999999,optimal
2021-02-07 02:30:00,84,91,0.0,0.0,0.0,0.10959999999999999,optimal
2021-02-07 03:00:00,84,91,0.0,0.0,0.0,0.218,optimal
2021-02-07 03:30:00,84,91,0.0,0.0,0.0,0.062,optimal
2021-02-07 04:00:00,84,91,2.142857142857143,0.0,0.0,0.252,optimal
2021-02-07 04:30:00,84,91,2.142857142857143,0.0,0.0,0.0756,optimal
2021-02-07 05:00:00,84,91,2.142857142857143,0.0,0.0,0.1028,optimal
2021-02-07 05:30:00,84,91,2.142857142857143,0.0,0.0,0.22946666666666668,optimal
2021-02-07 06:00:00,84,91,2.142857142857143,0.0,0.0,0.06733333333333333,optimal
2021-02-07 06:30:00,84,91,2.142857142857143,0.0,0.0,0.1866,optimal
2021-02-07 07:00:00,84,91,2.142857142857143,0.0,2.0120072799789424,0.141,optimal
2021-02-07 07:30:00,84,91,0.0,0.0,0.0,0.062,optimal
2021-02-07 08:00:00,84,91,0.0,0.0,0.0,0.3512,optimal
2021-02-07 08:30:00,84,91,0.0,0.0,0.0,0.09029999999999999,optimal
2021-02-07 09:00:00,84,91,0.1679940485771367,0.0,0.0,1.4295333333333333,optimal
2021-02-07 09:30:00,84,91,0.9295976490464215,0.0,0.0,0.5496666666666666,optimal
2021-02-07 10:00:00,84,91,1.0576912039123136,0.0,0.0,0.062,optimal
2021-02-07 10:30:00,84,91,1.0645606144751913,0.0,0.0,0.062,optimal
2021-02-07 11:00:00,84,91,0.9097544944839239,0.0,0.0,0.13366666666666666,optimal
2021-02-07 11:30:00,84,91,0.9058687801982229,0.0,0.0,0.14826666666666669,optimal
2021-02-07 12:00:00,84,91,0.8223054609103668,0.0,0.0,0.09773333333333332,optimal
2021-02-07 12:30:00,84,91,0.7826483180532189,0.0,0.0,0.2332,optimal
2021-02-07 13:00:00,84,91,2.142857142857143,0.0,0.0,0.092,optimal
2021-02-07 13:30:00,84,91,2.142857142857143,0.0,0.0,0.1492,optimal
2021-02-07 14:00:00,84,91,2.142857142857143,0.0,0.0,0.15506666666666666,optimal
2021-02-07 14:30:00,84,91,2.142857142857143,0.0,0.0,0.09396666666666668,optimal
2021-02-07 15:00:00,84,91,2.142857142857143,0.0,0.0,0.2854333333333333,optimal
2021-02-07 15:30:00,84,91,2.142857142857143,0.0,0.0,0.27393333333333336,optimal
2021-02-07 16:00:00,84,91,0.0,0.0,0.0,1.8635333333333333,optimal
2021-02-07 16:30:00,84,91,0.0,0.0,0.0,0.36319999999999997,optimal
2021-02-07 17:00:00,84,91,0.0,0.0,0.0,0.35946666666666666,optimal
2021-02-07 17:30:00,84,91,0.0,0.0,0.0,0.4443333333333333,optimal
2021-02-07 18:00:00,84,91,0.0,0.0,0.0,0.3967,optimal
2021-02-07 18:30:00,84,91,0.0,0.0,0.0,0.30519999999999997,optimal
2021-02-07 19:00:00,84,91,0.0,0.0,0.0,0.2803333333333333,optimal
2021-02-07 19:30:00,84,91,0.14679612308557485,0.0,0.0,0.3476,optimal
2021-02-07 20:00:00,84,91,0.9311116568162544,0.0,0.0,0.4829,optimal
2021-02-07 20:30:00,84,91,0.0,0.0,0.0,0.5596666666666666,optimal
2021-02-07 21:00:00,84,91,0.0,0.0,0.0,0.22326666666666667,optimal
2021-02-07 21:30:00,84,91,0.0,0.0,0.0,0.49460000000000004,optimal
2021-02-07 22:00:00,84,91,0.0,0.0,0.0,0.4068333333333333,optimal
2021-02-07 22:30:00,84,91,0.0,0.0,0.0,0.5429666666666667,optimal
2021-02-07 23:00:00,84,91,0.0,0.0,0.0,0.3476,optimal
2021-02-07 23:30:00,84,91,0.0,0.0,0.0,0.099,optimal
2021-02-08 00:00:00,84,91,0.0,0.0,0.0,0.064,optimal
2021-02-08 00:30:00,84,91,0.0,0.0,0.0,0.19526666666666667,optimal
2021-02-08 01:00:00,84,91,0.0,0.0,0.0,0.064,optimal
2021-02-08 01:30:00,84,91,0.0,0.0,0.0,0.10576666666666668,optimal
2021-02-08 02:00:00,84,91,0.866041705601357,0.0,0.0,0.1535,optimal
2021-02-08 02:30:00,84,91,2.142857142857143,0.0,0.0,0.064,optimal
2021-02-08 03:00:00,84,91,2.142857142857143,0.0,0.0,0.09383333333333331,optimal
2021-02-08 03:30:00,84,91,2.142857142857143,0.0,0.0,0.16543333333333335,optimal
2021-02-08 04:00:00,84,91,2.142857142857143,0.0,0.0,0.064,optimal
2021-02-08 04:30:00,84,91,2.142857142857143,0.0,0.0,0.19526666666666667,optimal
2021-02-08 05:00:00,84,91,2.142857142857143,0.0,0.0,0.064,optimal
2021-02-08 05:30:00,84,91,2.142857142857143,0.0,0.0,0.18930000000000002,optimal
2021-02-08 06:00:00,84,91,2.142857142857143,0.0,0.0,0.06996666666666666,optimal
2021-02-08 06:30:00,84,91,2.142857142857143,0.0,0.0,0.064,optimal
2021-02-08 07:00:00,84,91,2.142857142857143,0.0,8.487901202817984,0.1843333333333333,optimal
2021-02-08 07:30:00,84,91,2.142857142857143,0.0,0.0,0.08393333333333333,optimal
2021-02-08 08:00:00,84,91,1.0690329101065852,0.0,0.0,1.3265333333333333,optimal
2021-02-08 08:30:00,84,91,1.2943975587647154,0.0,0.0,0.12173333333333332,optimal
2021-02-08 09:00:00,84,91,1.1618091662632921,0.0,0.0,0.12173333333333332,optimal
2021-02-08 09:30:00,84,91,1.1412764789904055,0.0,0.0,0.15753333333333333,optimal
2021-02-08 10:00:00,84,91,0.9344957009711903,0.0,0.0,0.074,optimal
2021-02-08 10:30:00,84,91,0.9072950549107353,0.0,0.0,0.20526666666666668,optimal
2021-02-08 11:00:00,84,91,0.6957124189602326,0.0,0.0,0.074,optimal
2021-02-08 11:30:00,84,91,0.6888430083973548,0.0,0.0,0.074,optimal
2021-02-08 12:00:00,84,91,0.5635833101524368,0.0,0.0,0.20526666666666668,optimal
2021-02-08 12:30:00,84,91,0.5873492509314301,0.0,0.0,0.074,optimal
2021-02-08 13:00:00,84,91,2.142857142857143,0.0,0.0,0.15733333333333335,optimal
2021-02-08 13:30:00,84,91,2.142857142857143,0.0,0.0,0.20313333333333333,optimal
2021-02-08 14:00:00,84,91,2.142857142857143,0.0,0.0,0.3628,optimal
2021-02-08 14:30:00,84,91,2.142857142857143,0.0,0.0,0.27386666666666665,optimal
2021-02-08 15:00:00,84,91,2.142857142857143,0.0,0.0,0.317,optimal
2021-02-08 15:30:00,84,91,2.142857142857143,0.0,0.0,0.25930000000000003,optimal
2021-02-08 16:00:00,84,91,0.0,0.0,0.0,0.4724666666666666,optimal
2021-02-08 16:30:00,84,91,0.0,0.0,0.0,0.7197,optimal
2021-02-08 17:00:00,84,91,0.0,0.0,0.0,0.3599333333333333,optimal
2021-02-08 17:30:00,84,91,0.0,0.0,0.0,0.26696666666666663,optimal
2021-02-08 18:00:00,84,91,0.0,0.0,0.0,0.5193,optimal
2021-02-08 18:30:00,84,91,0.0,0.0,0.0,0.3811666666666667,optimal
2021-02-08 19:00:00,84,91,0.0,0.0,0.0,0.30256666666666665,optimal
2021-02-08 19:30:00,84,91,0.0,0.0,0.0,0.4001,optimal
2021-02-08 20:00:00,84,91,0.48170879916831155,0.0,0.0,0.32963333333333333,optimal
2021-02-08 20:30:00,84,91,0.0,0.0,0.0,0.26463333333333333,optimal
2021-02-08 21:00:00,84,91,0.0,0.0,0.0,0.41806666666666664,optimal
2021-02-08 21:30:00,84,91,0.0,0.0,0.0,0.4489333333333333,optimal
2021-02-08 22:00:00,84,91,0.5175238095238094,0.0,0.0,0.41176666666666667,optimal
2021-02-08 22:30:00,84,91,0.0,0.0,0.0,0.4588,optimal
2021-02-08 23:00:00,84,91,0.0,0.0,0.0,0.4084,optimal
2021-02-08 23:30:00,84,91,0.0,0.0,0.0,0.2019333333333333,optimal
2021-02-09 00:00:00,84,91,0.0,0.0,0.0,0.06466666666666668,optimal
2021-02-09 00:30:00,84,91,0.0796190476190476,0.0,0.0,0.064,optimal
2021-02-09 01:00:00,84,91,0.0,0.0,0.0,0.12233333333333331,optimal
2021-02-09 01:30:00,84,91,0.0,0.0,0.0,0.169,optimal
2021-02-09 02:00:00,84,91,1.710461832292752,0.0,0.0,0.07733333333333332,optimal
2021-02-09 02:30:00,84,91,2.142857142857143,0.0,0.0,0.12816666666666665,optimal
2021-02-09 03:00:00,84,91,2.142857142857143,0.0,0.0,0.1565,optimal
2021-02-09 03:30:00,84,91,2.142857142857143,0.0,0.0,0.084,optimal
2021-02-09 04:00:00,84,91,2.142857142857143,0.0,0.0,0.18066666666666664,optimal
2021-02-09 04:30:00,84,91,2.142857142857143,0.0,0.0,0.064,optimal
2021-02-09 05:00:00,84,91,2.142857142857143,0.0,0.0,0.20566666666666664,optimal
2021-02-09 05:30:00,84,91,2.142857142857143,0.0,0.0,0.099,optimal
2021-02-09 06:00:00,84,91,2.142857142857143,0.0,0.0,0.124,optimal
2021-02-09 06:30:00,84,91,2.142857142857143,0.0,2.679792933188923,0.0815,optimal
2021-02-09 07:00:00,84,91,2.142857142857143,0.0,10.0,0.1725,optimal
2021-02-09 07:30:00,84,91,2.142857142857143,0.0,0.0,0.9054,optimal
2021-02-09 08:00:00,84,91,1.029162367077261,0.0,0.0,0.3599333333333333,optimal
2021-02-09 08:30:00,84,91,0.9540344417091434,0.0,0.0,1.0100333333333331,optimal
2021-02-09 09:00:00,84,91,1.190070401154147,0.0,0.0,0.10066666666666668,optimal
2021-02-09 09:30:00,84,91,1.1342240742274237,0.0,0.0,0.224,optimal
2021-02-09 10:00:00,84,91,0.8958571435605356,0.0,0.0,0.108,optimal
2021-02-09 10:30:00,84,91,0.871302664772386,0.0,0.0,0.13316666666666666,optimal
2021-02-09 11:00:00,84,91,0.6240577567070485,0.0,0.0,0.1375,optimal
2021-02-09 11:30:00,84,91,0.6272897180922643,0.0,0.0,0.11483333333333332,optimal
2021-02-09 12:00:00,84,91,0.4349411041133857,0.0,0.0,0.2098333333333333,optimal
2021-02-09 12:30:00,84,91,0.47718533320434975,0.0,0.0,0.074,optimal
2021-02-09 13:00:00,84,91,2.142857142857143,0.0,0.0,0.134,optimal
2021-02-09 13:30:00,84,91,2.142857142857143,0.0,0.0,0.074,optimal
2021-02-09 14:00:00,84,91,2.142857142857143,0.0,0.0,0.20066666666666663,optimal
2021-02-09 14:30:00,84,91,2.142857142857143,0.0,0.0,0.124,optimal
2021-02-09 15:00:00,84,91,2.142857142857143,0.0,0.0,0.12316666666666669,optimal
2021-02-09 15:30:00,84,91,2.142857142857143,0.0,0.0,0.2015,optimal
2021-02-09 16:00:00,84,91,0.0,0.0,0.0,0.118,optimal
2021-02-09 16:30:00,84,91,0.0,0.0,0.0,0.07066666666666667,optimal
2021-02-09 17:00:00,84,91,0.0,0.0,0.0,0.07333333333333333,optimal
2021-02-09 17:30:00,84,91,0.0,0.0,0.0,0.28346666666666664,optimal
2021-02-09 18:00:00,84,91,0.0,0.0,0.0,0.30033333333333334,optimal
2021-02-09 18:30:00,84,91,0.0,0.0,0.0,0.19066666666666662,optimal
2021-02-09 19:00:00,84,91,0.0,0.0,0.0,0.074,optimal
2021-02-09 19:30:00,84,91,0.20937078799909117,0.0,0.0,0.08733333333333333,optimal
2021-02-09 20:00:00,84,91,1.265964923310748,0.0,0.0,0.20816666666666664,optimal
2021-02-09 20:30:00,84,91,0.0,0.0,0.0,0.12316666666666669,optimal
2021-02-09 21:00:00,84,91,0.0,0.0,0.0,0.114,optimal
2021-02-09 21:30:00,84,91,0.0,0.0,0.0,0.144,optimal
2021-02-09 22:00:00,84,91,0.0199047619047619,0.0,0.0,0.3501666666666667,optimal
2021-02-09 22:30:00,84,91,0.0,0.0,0.0,0.8091666666666666,optimal
2021-02-09 23:00:00,84,91,0.0,0.0,0.0,0.06933333333333333,optimal
2021-02-09 23:30:00,84,91,0.0,0.0,0.0,0.19066666666666662,optimal
2021-02-10 00:00:00,84,91,0.0,0.0,0.0,0.066,optimal
2021-02-10 00:30:00,84,91,0.0796190476190476,0.0,0.0,0.066,optimal
2021-02-10 01:00:00,84,91,0.0,0.0,0.0,0.1983,optimal
2021-02-10 01:30:00,84,91,1.2121306796920686,0.0,0.0,0.09496666666666669,optimal
2021-02-10 02:00:00,84,91,2.142857142857143,0.0,0.0,0.13190000000000002,optimal
2021-02-10 02:30:00,84,91,2.142857142857143,0.0,0.0,0.16136666666666669,optimal
2021-02-10 03:00:00,84,91,2.142857142857143,0.0,0.0,0.071,optimal
2021-02-10 03:30:00,84,91,2.142857142857143,0.0,0.0,0.13166666666666665,optimal
2021-02-10 04:00:00,84,91,2.142857142857143,0.0,0.0,0.16426666666666667,optimal
2021-02-10 04:30:00,84,91,2.142857142857143,0.0,0.0,0.129,optimal
2021-02-10 05:00:00,84,91,2.142857142857143,0.0,0.0,0.15086666666666668,optimal
2021-02-10 05:30:00,84,91,2.142857142857143,0.0,0.0,0.07940000000000001,optimal
2021-02-10 06:00:00,84,91,2.142857142857143,0.0,0.0,0.14126666666666668,optimal
2021-02-10 06:30:00,84,91,2.142857142857143,0.0,0.0,0.15966666666666665,optimal
2021-02-10 07:00:00,84,91,2.142857142857143,0.0,8.595239272654567,0.129,optimal
2021-02-10 07:30:00,84,91,2.142857142857143,0.0,0.0,0.7518333333333334,optimal
2021-02-10 08:00:00,84,91,1.1724699008865318,0.0,0.0,0.6027666666666667,optimal
2021-02-10 08:30:00,84,91,1.3637120321417302,0.0,0.0,0.101,optimal
2021-02-10 09:00:00,84,91,1.1609545404137722,0.0,0.0,0.20303333333333334,optimal
2021-02-10 09:30:00,84,91,1.1756347669070677,0.0,0.0,0.0989,optimal
2021-02-10 10:00:00,84,91,0.8945057522109334,0.0,0.0,0.11513333333333334,optimal
2021-02-10 10:30:00,84,91,0.85705877922376,0.0,0.0,0.16113333333333332,optimal
2021-02-10 11:00:00,84,91,0.6741738051101405,0.0,0.0,0.13063333333333332,optimal
2021-02-10 11:30:00,84,91,0.603409156452014,0.0,0.0,0.30526666666666663,optimal
2021-02-10 12:00:00,84,91,0.3643268272173161,0.0,0.0,0.249,optimal
2021-02-10 12:30:00,84,91,0.3537992081697119,0.0,0.0,0.28776666666666667,optimal
2021-02-10 13:00:00,84,91,2.142857142857143,0.0,0.0,1.8172000000000001,optimal
2021-02-10 13:30:00,84,91,2.142857142857143,0.0,0.0,0.3835,optimal
2021-02-10 14:00:00,84,91,2.142857142857143,0.0,0.0,0.34426666666666667,optimal
2021-02-10 14:30:00,84,91,2.142857142857143,0.0,0.0,0.2429,optimal
2021-02-10 15:00:00,84,91,2.142857142857143,0.0,0.0,0.21459999999999999,optimal
2021-02-10 15:30:00,84,91,2.142857142857143,0.0,0.0,0.139,optimal
2021-02-10 16:00:00,84,91,0.0,0.0,0.0,0.1162,optimal
2021-02-10 16:30:00,84,91,0.0,0.0,0.0,0.19356666666666664,optimal
2021-02-10 17:00:00,84,91,0.0,0.0,0.0,0.0795,optimal
2021-02-10 17:30:00,84,91,0.0,0.0,0.0,0.22026666666666667,optimal
2021-02-10 18:00:00,84,91,0.0,0.0,0.0,0.4008333333333333,optimal
2021-02-10 18:30:00,84,91,0.0,0.0,0.0,0.40336666666666665,optimal
2021-02-10 19:00:00,84,91,0.0,0.0,0.0,0.4988333333333333,optimal
2021-02-10 19:30:00,84,91,0.5798030383616045,0.0,0.0,0.546,optimal
2021-02-10 20:00:00,84,91,1.1181897780310648,0.0,0.0,0.5277333333333334,optimal
2021-02-10 20:30:00,84,91,0.0,0.0,0.0,0.46863333333333335,optimal
2021-02-10 21:00:00,84,91,0.0,0.0,0.0,0.47193333333333326,optimal
2021-02-10 21:30:00,84,91,0.0,0.0,0.0,0.3382333333333333,optimal
2021-02-10 22:00:00,84,91,0.05971428571428571,0.0,0.0,0.43289999999999995,optimal
2021-02-10 22:30:00,84,91,0.0,0.0,0.0,0.5082333333333333,optimal
2021-02-10 23:00:00,84,91,1.165622857142857,0.0,0.0,0.8472999999999999,optimal
2021-02-10 23:30:00,84,91,0.0,0.0,0.0,0.074,optimal
2021-02-11 00:00:00,84,91,0.0,0.0,0.0,0.065,optimal
2021-02-11 00:30:00,84,91,1.5571632834134512,0.0,0.0,0.1325,optimal
2021-02-11 01:00:00,84,91,2.142857142857143,0.0,0.0,0.0875,optimal
2021-02-11 01:30:00,84,91,2.142857142857143,0.0,0.0,0.184,optimal
2021-02-11 02:00:00,84,91,2.142857142857143,0.0,0.0,0.1,optimal
2021-02-11 02:30:00,84,91,2.142857142857143,0.0,0.0,0.065,optimal
2021-02-11 03:00:00,84,91,2.142857142857143,0.0,0.0,0.309,optimal
2021-02-11 03:30:00,84,91,2.142857142857143,0.0,0.0,0.065,optimal
2021-02-11 04:00:00,84,91,2.142857142857143,0.0,0.0,0.2438333333333333,optimal
2021-02-11 04:30:00,84,91,2.142857142857143,0.0,0.0,0.14016666666666666,optimal
2021-02-11 05:00:00,84,91,2.142857142857143,0.0,0.0,0.065,optimal
2021-02-11 05:30:00,84,91,2.142857142857143,0.0,0.0,0.3103333333333333,optimal
2021-02-11 06:00:00,84,91,2.142857142857143,0.0,0.0,0.075,optimal
2021-02-11 06:30:00,84,91,2.142857142857143,0.0,0.0,0.2435,optimal
2021-02-11 07:00:00,84,91,2.142857142857143,0.0,5.885412865785925,0.1485,optimal
2021-02-11 07:30:00,84,91,2.142857142857143,0.0,0.0,1.8005333333333333,optimal
2021-02-11 08:00:00,84,91,1.0733946703685284,0.0,0.0,1.9627666666666668,optimal
2021-02-11 08:30:00,84,91,1.4632283100223826,0.0,0.0,0.32613333333333333,optimal
2021-02-11 09:00:00,84,91,1.3124989697605483,0.0,0.0,0.229,optimal
2021-02-11 09:30:00,84,91,1.2174394097587664,0.0,0.0,0.165,optimal
2021-02-11 10:00:00,84,91,0.8050012544441184,0.0,0.0,0.138,optimal
2021-02-11 10:30:00,84,91,0.8292177178213975,0.0,0.0,0.1975,optimal
2021-02-11 11:00:00,84,91,0.6440633181524997,0.0,0.0,0.1405,optimal
2021-02-11 11:30:00,84,91,0.5692570246452012,0.0,0.0,0.222,optimal
2021-02-11 12:00:00,84,91,0.3728629893174703,0.0,0.0,0.075,optimal
2021-02-11 12:30:00,84,91,0.285640392087341,0.0,0.0,0.224,optimal
2021-02-11 13:00:00,84,91,2.142857142857143,0.0,0.0,0.17,optimal
2021-02-11 13:30:00,84,91,2.142857142857143,0.0,0.0,0.4289333333333333,optimal
2021-02-11 14:00:00,84,91,2.142857142857143,0.0,0.0,0.7705333333333333,optimal
2021-02-11 14:30:00,84,91,2.142857142857143,0.0,0.0,1.1023,optimal
2021-02-11 15:00:00,84,91,2.142857142857143,0.0,0.0,0.8543333333333334,optimal
2021-02-11 15:30:00,84,91,2.142857142857143,0.0,0.0,0.1633666666666667,optimal
2021-02-11 16:00:00,84,91,0.0,0.0,0.0,0.4166666666666667,optimal
2021-02-11 16:30:00,84,91,0.0,0.0,0.0,1.4994666666666667,optimal
2021-02-11 17:00:00,84,91,0.0,0.0,0.0,0.2767333333333333,optimal
2021-02-11 17:30:00,84,91,0.0,0.0,0.0,1.0763666666666665,optimal
2021-02-11 18:00:00,84,91,0.0,0.0,0.0,1.9936333333333327,optimal
2021-02-11 18:30:00,84,91,0.0,0.0,0.0,1.5743666666666665,optimal
2021-02-11 19:00:00,84,91,0.0,0.0,0.0,0.4945,optimal
2021-02-11 19:30:00,84,91,0.5998393593625988,0.0,0.0,0.2415,optimal
2021-02-11 20:00:00,84,91,1.5687040488599542,0.0,0.0,1.5053666666666665,optimal
2021-02-11 20:30:00,84,91,0.0,0.0,0.0,1.2104333333333335,optimal
2021-02-11 21:00:00,84,91,0.0,0.0,0.0,0.36669999999999997,optimal
2021-02-11 21:30:00,84,91,0.0,0.0,0.0,1.6738333333333333,optimal
2021-02-11 22:00:00,84,91,0.13933333333333334,0.0,0.0,1.0238333333333334,optimal
2021-02-11 22:30:00,84,91,0.0,0.0,0.0,2.2470666666666665,optimal
2021-02-11 23:00:00,84,91,0.0,0.0,0.0,0.9790666666666669,optimal
2021-02-11 23:30:00,84,91,0.0,0.0,0.0,0.2525,optimal
2021-02-12 00:00:00,84,91,1.8792031878400037,0.0,0.0,0.1991,optimal
2021-02-12 00:30:00,84,91,2.142857142857143,0.0,0.0,0.065,optimal
2021-02-12 01:00:00,84,91,2.142857142857143,0.0,0.0,0.143,optimal
2021-02-12 01:30:00,84,91,2.142857142857143,0.0,0.0,0.14473333333333332,optimal
2021-02-12 02:00:00,84,91,2.142857142857143,0.0,0.0,0.14286666666666667,optimal
2021-02-12 02:30:00,84,91,2.142857142857143,0.0,0.0,0.1118,optimal
2021-02-12 03:00:00,84,91,2.142857142857143,0.0,0.0,0.14673333333333333,optimal
2021-02-12 03:30:00,84,91,2.142857142857143,0.0,0.0,0.16166666666666665,optimal
2021-02-12 04:00:00,84,91,2.142857142857143,0.0,0.0,0.065,optimal
2021-02-12 04:30:00,84,91,2.142857142857143,0.0,0.0,0.169,optimal
2021-02-12 05:00:00,84,91,2.142857142857143,0.0,0.0,0.065,optimal
2021-02-12 05:30:00,84,91,2.142857142857143,0.0,0.0,0.065,optimal
2021-02-12 06:00:00,84,91,2.142857142857143,0.0,0.0,0.13353333333333334,optimal
2021-02-12 06:30:00,84,91,2.142857142857143,0.0,0.7502122398341721,0.17486666666666667,optimal
2021-02-12 07:00:00,84,91,2.142857142857143,0.0,10.0,1.1706666666666667,optimal
2021-02-12 07:30:00,84,91,2.142857142857143,0.0,0.0,1.3311,optimal
2021-02-12 08:00:00,84,91,1.5241616344195246,0.0,0.0,0.2152,optimal
2021-02-12 08:30:00,84,91,2.142857142857143,0.0,0.0,0.40576666666666666,optimal
2021-02-12 09:00:00,84,91,1.2636923018804354,0.0,0.0,0.376,optimal
2021-02-12 09:30:00,84,91,1.129965269497101,0.0,0.0,0.3666333333333333,optimal
2021-02-12 10:00:00,84,91,0.6304490807673974,0.0,0.0,0.4446,optimal
2021-02-12 10:30:00,84,91,0.5368095337539786,0.0,0.0,0.3747,optimal
2021-02-12 11:00:00,84,91,0.298731136898561,0.0,0.0,0.2496,optimal
2021-02-12 11:30:00,84,91,0.1827383363790161,0.0,0.0,0.9007666666666667,optimal
2021-02-12 12:00:00,84,91,0.0,0.0,0.0,2.6964,optimal
2021-02-12 12:30:00,84,91,0.011851686801897193,0.0,0.0,1.0799666666666667,optimal
2021-02-12 13:00:00,84,91,2.142857142857143,0.0,0.0,2.0450333333333335,optimal
2021-02-12 13:30:00,84,91,2.142857142857143,0.0,0.0,0.075,optimal
2021-02-12 14:00:00,84,91,2.142857142857143,0.0,0.0,0.19966666666666663,optimal
2021-02-12 14:30:00,84,91,2.142857142857143,0.0,0.0,0.1287333333333333,optimal
2021-02-12 15:00:00,84,91,2.142857142857143,0.0,0.0,0.8807333333333334,optimal
2021-02-12 15:30:00,84,91,2.142857142857143,0.0,0.0,0.8739333333333332,optimal
2021-02-12 16:00:00,84,91,0.0,0.0,0.0,0.32980000000000004,optimal
2021-02-12 16:30:00,84,91,0.0,0.0,0.0,0.29419999999999996,optimal
2021-02-12 17:00:00,84,91,0.0,0.0,0.0,0.2442,optimal
2021-02-12 17:30:00,84,91,0.0,0.0,0.0,0.4653,optimal
2021-02-12 18:00:00,84,91,0.0,0.0,0.0,1.3070666666666666,optimal
2021-02-12 18:30:00,84,91,0.0,0.0,0.0,0.6493,optimal
2021-02-12 19:00:00,84,91,0.0,0.0,0.0,0.46086666666666665,optimal
2021-02-12 19:30:00,84,91,0.0,0.0,0.0,0.5598,optimal
2021-02-12 20:00:00,84,91,0.17358787076517454,0.0,0.0,1.3399333333333334,optimal
2021-02-12 20:30:00,84,91,0.0,0.0,0.0,0.2501,optimal
2021-02-12 21:00:00,84,91,0.0,0.0,0.0,0.6818333333333334,optimal
2021-02-12 21:30:00,84,91,0.0,0.0,0.0,0.3782,optimal
2021-02-12 22:00:00,84,91,0.6369523809523809,0.0,0.0,0.6127,optimal
2021-02-12 22:30:00,84,91,0.0,0.0,0.0,0.32973333333333327,optimal
2021-02-12 23:00:00,84,91,0.0,0.0,0.0,0.4457,optimal
2021-02-12 23:30:00,84,91,0.0,0.0,0.0,0.15819999999999998,optimal
2021-02-13 00:00:00,84,91,0.0,0.0,0.0,0.060333333333333336,optimal
2021-02-13 00:30:00,84,91,2.142857142857143,0.0,0.0,0.058,optimal
2021-02-13 01:00:00,84,91,0.7234285714285714,0.0,0.0,0.16333333333333333,optimal
2021-02-13 01:30:00,84,91,0.5450184984428499,0.0,0.0,0.058,optimal
2021-02-13 02:00:00,84,91,2.142857142857143,0.0,0.0,0.1869,optimal
2021-02-13 02:30:00,84,91,2.142857142857143,0.0,0.0,0.16716666666666666,optimal
2021-02-13 03:00:00,84,91,2.142857142857143,0.0,0.0,0.058,optimal
2021-02-13 03:30:00,84,91,2.142857142857143,0.0,0.0,0.18469999999999998,optimal
2021-02-13 04:00:00,84,91,2.142857142857143,0.0,0.0,0.16936666666666667,optimal
2021-02-13 04:30:00,84,91,2.142857142857143,0.0,0.0,0.1123,optimal
2021-02-13 05:00:00,84,91,2.142857142857143,0.0,0.0,0.2049,optimal
2021-02-13 05:30:00,84,91,2.142857142857143,0.0,0.0,0.10253333333333332,optimal
2021-02-13 06:00:00,84,91,2.142857142857143,0.0,0.0,0.2874333333333333,optimal
2021-02-13 06:30:00,84,91,2.142857142857143,0.0,4.639511724233172,0.38676666666666665,optimal
2021-02-13 07:00:00,84,91,2.142857142857143,0.0,10.0,0.3553,optimal
2021-02-13 07:30:00,84,91,2.142857142857143,0.0,0.0,0.3451666666666667,optimal
2021-02-13 08:00:00,84,91,1.1954618568606352,0.0,0.0,0.2902666666666667,optimal
2021-02-13 08:30:00,84,91,1.1853414372934792,0.0,0.0,0.2784,optimal
2021-02-13 09:00:00,84,91,1.2601684951787941,0.0,0.0,0.12833333333333335,optimal
2021-02-13 09:30:00,84,91,1.2361568735334985,0.0,0.0,0.1522666666666667,optimal
2021-02-13 10:00:00,84,91,0.9425143228213422,0.0,0.0,0.22180000000000002,optimal
2021-02-13 10:30:00,84,91,0.9709843794446661,0.0,0.0,0.11013333333333333,optimal
2021-02-13 11:00:00,84,91,0.6603017719253286,0.0,0.0,0.13119999999999998,optimal
2021-02-13 11:30:00,84,91,0.6264670666438864,0.0,0.0,0.2376,optimal
2021-02-13 12:00:00,84,91,0.47491901847539386,0.0,0.0,0.22846666666666668,optimal
2021-02-13 12:30:00,84,91,0.9702069214975815,0.0,0.0,0.068,optimal
2021-02-13 13:00:00,84,91,2.142857142857143,0.0,0.0,0.068,optimal
2021-02-13 13:30:00,84,91,2.142857142857143,0.0,0.0,0.163,optimal
2021-02-13 14:00:00,84,91,2.142857142857143,0.0,0.0,0.2534,optimal
2021-02-13 14:30:00,84,91,2.142857142857143,0.0,0.0,0.12066666666666669,optimal
2021-02-13 15:00:00,84,91,2.142857142857143,0.0,0.0,0.12833333333333335,optimal
2021-02-13 15:30:00,84,91,2.142857142857143,0.0,0.0,0.2036,optimal
2021-02-13 16:00:00,84,91,0.0,0.0,0.0,0.11013333333333333,optimal
2021-02-13 16:30:00,84,91,0.0,0.0,0.0,0.14643333333333333,optimal
2021-02-13 17:00:00,84,91,0.0,0.0,0.0,0.2171,optimal
2021-02-13 17:30:00,84,91,0.0,0.0,0.0,0.07853333333333333,optimal
2021-02-13 18:00:00,84,91,0.0,0.0,0.0,0.27446666666666664,optimal
2021-02-13 18:30:00,84,91,0.0,0.0,0.0,0.0996,optimal
2021-02-13 19:00:00,84,91,0.0,0.0,0.0,0.17496666666666666,optimal
2021-02-13 19:30:00,84,91,1.3508454691129066,0.0,0.0,0.1991,optimal
2021-02-13 20:00:00,84,91,1.3469624987234,0.0,0.0,0.1724,optimal
2021-02-13 20:30:00,84,91,0.0,0.0,0.0,0.23453333333333334,optimal
2021-02-13 21:00:00,84,91,0.0,0.0,0.0,0.09213333333333334,optimal
2021-02-13 21:30:00,84,91,0.0,0.0,0.0,0.3142333333333333,optimal
2021-02-13 22:00:00,84,91,0.0,0.0,0.0,0.3065,optimal
2021-02-13 22:30:00,84,91,0.0,0.0,0.0,0.25753333333333334,optimal
2021-02-13 23:00:00,84,91,0.0199047619047619,0.0,0.0,0.36410000000000003,optimal
2021-02-13 23:30:00,84,91,0.0,0.0,0.0,0.09846666666666669,optimal
2021-02-07 00:00:00,85,91,0.0,0.0,0.0,0.058,optimal
2021-02-07 00:30:00,85,91,0.0,0.0,0.0,0.058,optimal
2021-02-07 01:00:00,85,91,0.0,0.0,0.0,0.07006666666666667,optimal
2021-02-07 01:30:00,85,91,0.0,0.0,0.0,0.17866666666666667,optimal
2021-02-07 02:00:00,85,91,0.0,0.0,0.0,0.058,optimal
2021-02-07 02:30:00,85,91,0.0,0.0,0.0,0.058,optimal
2021-02-07 03:00:00,85,91,0.0,0.0,0.0,0.19073333333333328,optimal
2021-02-07 03:30:00,85,91,0.0,0.0,0.0,0.058,optimal
2021-02-07 04:00:00,85,91,2.2857142857142856,0.0,0.0,0.12436666666666665,optimal
2021-02-07 04:30:00,85,91,2.2857142857142856,0.0,0.0,0.12436666666666665,optimal
2021-02-07 05:00:00,85,91,2.2857142857142856,0.0,0.0,0.058,optimal
2021-02-07 05:30:00,85,91,2.2857142857142856,0.0,0.0,0.058,optimal
2021-02-07 06:00:00,85,91,2.2857142857142856,0.0,0.0,0.058,optimal
2021-02-07 06:30:00,85,91,2.2857142857142856,0.0,0.0,0.058,optimal
2021-02-07 07:00:00,85,91,2.2857142857142856,0.0,1.7076336144509696,0.058,optimal
2021-02-07 07:30:00,85,91,0.0,0.0,0.0,0.19073333333333328,optimal
2021-02-07 08:00:00,85,91,0.0,0.0,0.0,2.095133333333333,optimal
2021-02-07 08:30:00,85,91,0.0,0.0,0.0,0.6011666666666666,optimal
2021-02-07 09:00:00,85,91,0.0,0.0,0.0,2.6505,optimal
2021-02-07 09:30:00,85,91,0.5457349584916035,0.0,0.0,3.1900999999999997,optimal
2021-02-07 10:00:00,85,91,1.029186442007562,0.0,0.0,0.17056666666666667,optimal
2021-02-07 10:30:00,85,91,1.0653606144751926,0.0,0.0,0.068,optimal
2021-02-07 11:00:00,85,91,0.8920592563886979,0.0,0.0,0.2007333333333333,optimal
2021-02-07 11:30:00,85,91,0.9299830659124985,0.0,0.0,0.068,optimal
2021-02-07 12:00:00,85,91,0.8082292704341749,0.0,0.0,0.15246666666666667,optimal
2021-02-07 12:30:00,85,91,0.8185721275770276,0.0,0.0,0.11626666666666668,optimal
2021-02-07 13:00:00,85,91,2.2857142857142856,0.0,0.0,0.11626666666666668,optimal
2021-02-07 13:30:00,85,91,2.2857142857142856,0.0,0.0,0.15246666666666667,optimal
2021-02-07 14:00:00,85,91,2.2857142857142856,0.0,0.0,0.068,optimal
2021-02-07 14:30:00,85,91,2.2857142857142856,0.0,0.0,0.19469999999999998,optimal
2021-02-07 15:00:00,85,91,2.2857142857142856,0.0,0.0,0.07403333333333333,optimal
2021-02-07 15:30:00,85,91,2.2857142857142856,0.0,0.0,0.14643333333333333,optimal
2021-02-07 16:00:00,85,91,0.0,0.0,0.0,1.0732666666666668,optimal
2021-02-07 16:30:00,85,91,0.0,0.0,0.0,0.2526,optimal
2021-02-07 17:00:00,85,91,0.0,0.0,0.0,0.8388,optimal
2021-02-07 17:30:00,85,91,0.0,0.0,0.0,4.041966666666665,optimal
2021-02-07 18:00:00,85,91,0.0,0.0,0.0,3.5605666666666664,optimal
2021-02-07 18:30:00,85,91,0.0,0.0,0.0,0.6589333333333333,optimal
2021-02-07 19:00:00,85,91,0.0,0.0,0.0,0.4389333333333333,optimal
2021-02-07 19:30:00,85,91,0.0,0.0,0.0,0.4911666666666667,optimal
2021-02-07 20:00:00,85,91,0.31217809708067135,0.0,0.0,0.5645666666666668,optimal
2021-02-07 20:30:00,85,91,0.0,0.0,0.0,0.489,optimal
2021-02-07 21:00:00,85,91,0.0,0.0,0.0,0.5769,optimal
2021-02-07 21:30:00,85,91,0.0,0.0,0.0,0.29153333333333337,optimal
2021-02-07 22:00:00,85,91,0.0,0.0,0.0,0.3813333333333333,optimal
2021-02-07 22:30:00,85,91,0.0,0.0,0.0,1.8543333333333332,optimal
2021-02-07 23:00:00,85,91,0.0,0.0,0.0,2.8165999999999998,optimal
2021-02-07 23:30:00,85,91,0.0,0.0,0.0,2.5931333333333333,optimal
2021-02-08 00:00:00,85,91,0.0,0.0,0.0,0.0798,optimal
2021-02-08 00:30:00,85,91,0.0,0.0,0.0,0.1036,optimal
2021-02-08 01:00:00,85,91,0.0,0.0,0.0,0.056,optimal
2021-02-08 01:30:00,85,91,0.0,0.0,0.0,0.1274,optimal
2021-02-08 02:00:00,85,91,0.0,0.0,0.0,0.056,optimal
2021-02-08 02:30:00,85,91,1.0828147731161326,0.0,0.0,0.1274,optimal
2021-02-08 03:00:00,85,91,2.2857142857142856,0.0,0.0,0.056,optimal
2021-02-08 03:30:00,85,91,2.2857142857142856,0.0,0.0,0.056,optimal
2021-02-08 04:00:00,85,91,2.2857142857142856,0.0,0.0,0.056,optimal
2021-02-08 04:30:00,85,91,2.2857142857142856,0.0,0.0,0.11946666666666668,optimal
2021-02-08 05:00:00,85,91,2.2857142857142856,0.0,0.0,0.06393333333333333,optimal
2021-02-08 05:30:00,85,91,2.2857142857142856,0.0,0.0,0.056,optimal
2021-02-08 06:00:00,85,91,2.2857142857142856,0.0,0.0,0.1274,optimal
2021-02-08 06:30:00,85,91,2.2857142857142856,0.0,0.0,0.06356666666666667,optimal
2021-02-08 07:00:00,85,91,2.2857142857142856,0.0,8.754703161546077,1.110266666666667,optimal
2021-02-08 07:30:00,85,91,2.2857142857142856,0.0,0.0,0.08526666666666667,optimal
2021-02-08 08:00:00,85,91,1.0197757672494445,0.0,0.0,0.0788,optimal
2021-02-08 08:30:00,85,91,0.996473749240907,0.0,0.0,0.10493333333333334,optimal
2021-02-08 09:00:00,85,91,0.874113928168054,0.0,0.0,0.10740000000000001,optimal
2021-02-08 09:30:00,85,91,0.9010479075618419,0.0,0.0,0.055,optimal
2021-02-08 10:00:00,85,91,0.7450861771616453,0.0,0.0,0.055,optimal
2021-02-08 10:30:00,85,91,0.5489141025297911,0.0,0.0,1.1025,optimal
2021-02-08 11:00:00,85,91,0.39640765705546727,0.0,0.0,0.38089999999999996,optimal
2021-02-08 11:30:00,85,91,0.6375382464926007,0.0,0.0,0.0993,optimal
2021-02-08 12:00:00,85,91,0.5934023577714843,0.0,0.0,0.0917,optimal
2021-02-08 12:30:00,85,91,0.5898635366457167,0.0,0.0,0.056,optimal
2021-02-08 13:00:00,85,91,1.681023171353038,0.0,0.0,0.056,optimal
2021-02-08 13:30:00,85,91,2.2857142857142856,0.0,0.0,0.1274,optimal
2021-02-08 14:00:00,85,91,2.2857142857142856,0.0,0.0,0.056,optimal
2021-02-08 14:30:00,85,91,2.2857142857142856,0.0,0.0,0.16976666666666668,optimal
2021-02-08 15:00:00,85,91,2.2857142857142856,0.0,0.0,0.3685333333333334,optimal
2021-02-08 15:30:00,85,91,2.2857142857142856,0.0,0.0,0.2817333333333333,optimal
2021-02-08 16:00:00,85,91,0.0,0.0,0.0,0.3497,optimal
2021-02-08 16:30:00,85,91,0.0,0.0,0.0,0.1989333333333333,optimal
2021-02-08 17:00:00,85,91,0.0,0.0,0.0,0.44753333333333334,optimal
2021-02-08 17:30:00,85,91,0.0,0.0,0.0,0.28553333333333336,optimal
2021-02-08 18:00:00,85,91,0.0,0.0,0.0,0.2576666666666667,optimal
2021-02-08 18:30:00,85,91,0.0,0.0,0.0,0.37756666666666666,optimal
2021-02-08 19:00:00,85,91,0.0,0.0,0.0,0.3925666666666667,optimal
2021-02-08 19:30:00,85,91,0.0,0.0,0.0,0.37803333333333333,optimal
2021-02-08 20:00:00,85,91,0.0,0.0,0.0,0.3430666666666667,optimal
2021-02-08 20:30:00,85,91,0.0,0.0,0.0,0.7142000000000001,optimal
2021-02-08 21:00:00,85,91,0.0,0.0,0.0,0.6512666666666667,optimal
2021-02-08 21:30:00,85,91,0.0,0.0,0.0,0.4345333333333334,optimal
2021-02-08 22:00:00,85,91,0.0,0.0,0.0,0.22669999999999998,optimal
2021-02-08 22:30:00,85,91,0.0,0.0,0.0,0.06996666666666666,optimal
2021-02-08 23:00:00,85,91,0.0,0.0,0.0,0.08186666666666666,optimal
2021-02-08 23:30:00,85,91,0.0,0.0,0.0,0.1192,optimal
2021-02-09 00:00:00,85,91,1.333619047619048,0.0,0.0,0.268,optimal
2021-02-09 00:30:00,85,91,1.672,0.0,0.0,0.30036666666666667,optimal
2021-02-09 01:00:00,85,91,0.0,0.0,0.0,0.2788,optimal
2021-02-09 01:30:00,85,91,0.0,0.0,0.0,0.21766666666666662,optimal
2021-02-09 02:00:00,85,91,0.0,0.0,0.0,0.13206666666666667,optimal
2021-02-09 02:30:00,85,91,0.0,0.0,0.0,0.21723333333333328,optimal
2021-02-09 03:00:00,85,91,2.241767903024049,0.0,0.0,0.42973333333333336,optimal
2021-02-09 03:30:00,85,91,2.2857142857142856,0.0,0.0,0.4804,optimal
2021-02-09 04:00:00,85,91,2.2857142857142856,0.0,0.0,2.1413,optimal
2021-02-09 04:30:00,85,91,2.2857142857142856,0.0,9.581461927707597,0.3801666666666667,optimal
2021-02-09 05:00:00,85,91,2.2857142857142856,0.0,0.0,0.30193333333333333,optimal
2021-02-09 05:30:00,85,91,2.2857142857142856,0.0,0.0,0.5143,optimal
2021-02-09 06:00:00,85,91,2.2857142857142856,0.0,0.0,0.4226666666666667,optimal
2021-02-09 06:30:00,85,91,2.2857142857142856,0.0,0.0,0.5217,optimal
2021-02-09 07:00:00,85,91,2.2857142857142856,0.0,0.0,2.174,optimal
2021-02-09 07:30:00,85,91,2.2857142857142856,0.0,0.0,0.17396666666666666,optimal
2021-02-09 08:00:00,85,91,1.3358576051725013,0.0,0.0,0.17096666666666666,optimal
2021-02-09 08:30:00,85,91,1.3453439655186683,0.0,0.0,0.1017,optimal
2021-02-09 09:00:00,85,91,1.1789751630589147,0.0,0.0,0.1403,optimal
2021-02-09 09:30:00,85,91,1.147614550417897,0.0,0.0,0.17793333333333333,optimal
2021-02-09 10:00:00,85,91,0.8397428578462542,0.0,0.0,0.17746666666666666,optimal
2021-02-09 10:30:00,85,91,0.7805693314390493,0.0,0.0,0.21453333333333333,optimal
2021-02-09 11:00:00,85,91,0.5543529948022647,0.0,0.0,0.13193333333333335,optimal
2021-02-09 11:30:00,85,91,0.48685924190179175,0.0,0.0,2.014233333333333,optimal
2021-02-09 12:00:00,85,91,0.4534744374467147,0.0,0.0,0.14576666666666668,optimal
2021-02-09 12:30:00,85,91,0.46271866653768834,0.0,0.0,0.12543333333333334,optimal
2021-02-09 13:00:00,85,91,0.9774670917230339,0.0,0.0,0.2195,optimal
2021-02-09 13:30:00,85,91,1.3032162540204923,0.0,0.0,0.075,optimal
2021-02-09 14:00:00,85,91,2.2857142857142856,0.0,0.0,0.1853333333333333,optimal
2021-02-09 14:30:00,85,91,2.2857142857142856,0.0,0.0,0.1596,optimal
2021-02-09 15:00:00,85,91,2.2857142857142856,0.0,0.0,0.39166666666666666,optimal
2021-02-09 15:30:00,85,91,2.2857142857142856,0.0,0.0,0.37560000000000004,optimal
2021-02-09 16:00:00,85,91,0.0,0.0,0.0,0.26089999999999997,optimal
2021-02-09 16:30:00,85,91,0.0,0.0,0.0,2.137033333333333,optimal
2021-02-09 17:00:00,85,91,0.0,0.0,0.0,0.44539999999999996,optimal
2021-02-09 17:30:00,85,91,0.0,0.0,0.0,0.32426666666666665,optimal
2021-02-09 18:00:00,85,91,0.0,0.0,0.0,0.5888666666666666,optimal
2021-02-09 18:30:00,85,91,0.0,0.0,0.0,0.6808666666666666,optimal
2021-02-09 19:00:00,85,91,0.0,0.0,0.0,1.1312666666666669,optimal
2021-02-09 19:30:00,85,91,0.0,0.0,0.0,1.0267666666666668,optimal
2021-02-09 20:00:00,85,91,0.0,0.0,0.0,0.534,optimal
2021-02-09 20:30:00,85,91,0.0,0.0,0.0,0.4299666666666666,optimal
2021-02-09 21:00:00,85,91,0.0,0.0,0.0,0.49646666666666656,optimal
2021-02-09 21:30:00,85,91,0.0,0.0,0.0,2.550133333333333,optimal
2021-02-09 22:00:00,85,91,0.17914285714285713,0.0,0.0,1.3032000000000001,optimal
2021-02-09 22:30:00,85,91,0.0,0.0,0.0,1.8088,optimal
2021-02-09 23:00:00,85,91,0.0,0.0,0.0,2.5014666666666665,optimal
2021-02-09 23:30:00,85,91,0.0,0.0,0.0,0.43239999999999995,optimal
2021-02-10 00:00:00,85,91,0.0,0.0,0.0,0.066,optimal
2021-02-10 00:30:00,85,91,0.8559047619047618,0.0,0.0,0.066,optimal
2021-02-10 01:00:00,85,91,0.0,0.0,0.0,0.1374,optimal
2021-02-10 01:30:00,85,91,0.0,0.0,0.0,0.066,optimal
2021-02-10 02:00:00,85,91,1.0120154639125765,0.0,0.0,0.066,optimal
2021-02-10 02:30:00,85,91,2.2857142857142856,0.0,0.0,0.066,optimal
2021-02-10 03:00:00,85,91,2.2857142857142856,0.0,0.0,0.066,optimal
2021-02-10 03:30:00,85,91,2.2857142857142856,0.0,0.0,0.09773333333333332,optimal
2021-02-10 04:00:00,85,91,2.2857142857142856,0.0,0.0,0.10566666666666669,optimal
2021-02-10 04:30:00,85,91,2.2857142857142856,0.0,0.0,0.066,optimal
2021-02-10 05:00:00,85,91,2.2857142857142856,0.0,0.0,0.1418,optimal
2021-02-10 05:30:00,85,91,2.2857142857142856,0.0,0.0,0.066,optimal
2021-02-10 06:00:00,85,91,2.2857142857142856,0.0,0.0,0.13443333333333335,optimal
2021-02-10 06:30:00,85,91,2.2857142857142856,0.0,0.0,0.07996666666666667,optimal
2021-02-10 07:00:00,85,91,2.2857142857142856,0.0,0.0,0.1474,optimal
2021-02-10 07:30:00,85,91,2.2857142857142856,0.0,0.0,0.076,optimal
2021-02-10 08:00:00,85,91,1.3074508532674987,0.0,0.0,0.086,optimal
2021-02-10 08:30:00,85,91,1.2456358416655307,0.0,0.0,0.09943333333333333,optimal
2021-02-10 09:00:00,85,91,0.9884954927947347,0.0,0.0,1.3787333333333331,optimal
2021-02-10 09:30:00,85,91,1.0615985764308802,0.0,0.0,0.37726666666666664,optimal
2021-02-10 10:00:00,85,91,0.7285057522109286,0.0,0.0,0.2947333333333333,optimal
2021-02-10 10:30:00,85,91,0.7301292554142356,0.0,0.0,0.3172,optimal
2021-02-10 11:00:00,85,91,0.5494557098720377,0.0,0.0,0.4242666666666666,optimal
2021-02-10 11:30:00,85,91,0.5521386802615538,0.0,0.0,0.2906333333333333,optimal
2021-02-10 12:00:00,85,91,0.0,0.0,0.0,2.5890666666666666,optimal
2021-02-10 12:30:00,85,91,0.14996867680764134,0.0,0.0,1.4727999999999999,optimal
2021-02-10 13:00:00,85,91,1.979095328158268,0.0,0.0,0.8964333333333333,optimal
2021-02-10 13:30:00,85,91,2.2857142857142856,0.0,0.0,0.2537,optimal
2021-02-10 14:00:00,85,91,2.2857142857142856,0.0,0.0,0.338,optimal
2021-02-10 14:30:00,85,91,2.2857142857142856,0.0,1.5205985606297945,0.3324,optimal
2021-02-10 15:00:00,85,91,2.2857142857142856,0.0,10.0,0.2833,optimal
2021-02-10 15:30:00,85,91,2.2857142857142856,0.0,10.0,0.46286666666666665,optimal
2021-02-10 16:00:00,85,91,0.0,0.0,0.0,2.9620333333333333,optimal
2021-02-10 16:30:00,85,91,0.0,0.0,0.0,2.6861666666666664,optimal
2021-02-10 17:00:00,85,91,0.0,0.0,0.0,0.6272666666666666,optimal
2021-02-10 17:30:00,85,91,0.0,0.0,0.0,0.5441666666666666,optimal
2021-02-10 18:00:00,85,91,0.0,0.0,0.0,0.5902333333333334,optimal
2021-02-10 18:30:00,85,91,0.0,0.0,0.0,0.47126666666666667,optimal
2021-02-10 19:00:00,85,91,0.0,0.0,0.0,0.4123,optimal
2021-02-10 19:30:00,85,91,0.0,0.0,0.0,0.3915,optimal
2021-02-10 20:00:00,85,91,0.0,0.0,0.0,1.9255,optimal
2021-02-10 20:30:00,85,91,0.0,0.0,0.0,0.3741666666666667,optimal
2021-02-10 21:00:00,85,91,0.0,0.0,0.0,0.4265,optimal
2021-02-10 21:30:00,85,91,0.0,0.0,0.0,0.5541333333333334,optimal
2021-02-10 22:00:00,85,91,0.0398095238095238,0.0,0.0,0.4845,optimal
2021-02-10 22:30:00,85,91,0.0,0.0,0.0,0.5189666666666667,optimal
2021-02-10 23:00:00,85,91,0.0796190476190476,0.0,0.0,0.33763333333333334,optimal
2021-02-10 23:30:00,85,91,0.0,0.0,0.0,0.1444,optimal
2021-02-11 00:00:00,85,91,0.0,0.0,0.0,0.071,optimal
2021-02-11 00:30:00,85,91,0.15923809523809523,0.0,0.0,0.09720000000000001,optimal
2021-02-11 01:00:00,85,91,1.630380453133324,0.0,0.0,0.11159999999999999,optimal
2021-02-11 01:30:00,85,91,2.2857142857142856,0.0,0.0,0.072,optimal
2021-02-11 02:00:00,85,91,2.2857142857142856,0.0,0.0,0.072,optimal
2021-02-11 02:30:00,85,91,2.2857142857142856,0.0,0.0,0.072,optimal
2021-02-11 03:00:00,85,91,2.2857142857142856,0.0,0.0,0.072,optimal
2021-02-11 03:30:00,85,91,2.2857142857142856,0.0,0.0,0.063,optimal
2021-02-11 04:00:00,85,91,2.2857142857142856,0.0,0.0,0.062,optimal
2021-02-11 04:30:00,85,91,2.2857142857142856,0.0,0.0,0.062,optimal
2021-02-11 05:00:00,85,91,2.2857142857142856,0.0,0.0,0.062,optimal
2021-02-11 05:30:00,85,91,2.2857142857142856,0.0,0.0,0.0872,optimal
2021-02-11 06:00:00,85,91,2.2857142857142856,0.0,0.5177611424752184,0.1016,optimal
2021-02-11 06:30:00,85,91,2.2857142857142856,0.0,10.0,0.062,optimal
2021-02-11 07:00:00,85,91,2.2857142857142856,0.0,10.0,0.1268,optimal
2021-02-11 07:30:00,85,91,2.2857142857142856,0.0,0.0,0.3351,optimal
2021-02-11 08:00:00,85,91,1.3412213370351984,0.0,0.0,0.2056,optimal
2021-02-11 08:30:00,85,91,1.2755159290699871,0.0,0.0,0.2864,optimal
2021-02-11 09:00:00,85,91,0.9957465888081618,0.0,0.0,0.45103333333333334,optimal
2021-02-11 09:30:00,85,91,0.9801841716635238,0.0,0.0,0.23953333333333332,optimal
2021-02-11 10:00:00,85,91,0.6409003020631732,0.0,0.0,1.6174666666666666,optimal
2021-02-11 10:30:00,85,91,0.86076057496425,0.0,0.0,0.135,optimal
2021-02-11 11:00:00,85,91,0.6593204610096426,0.0,0.0,0.134,optimal
2021-02-11 11:30:00,85,91,0.5985770246452086,0.0,0.0,0.1946,optimal
2021-02-11 12:00:00,85,91,0.3546229893174637,0.0,0.0,0.2343,optimal
2021-02-11 12:30:00,85,91,0.3288689635159014,0.0,0.0,0.062,optimal
2021-02-11 13:00:00,85,91,2.2857142857142856,0.0,0.0,0.1268,optimal
2021-02-11 13:30:00,85,91,2.2857142857142856,0.0,0.0,0.071,optimal
2021-02-11 14:00:00,85,91,2.2857142857142856,0.0,0.0,0.07166666666666667,optimal
2021-02-11 14:30:00,85,91,2.2857142857142856,0.0,0.0,0.14233333333333334,optimal
2021-02-11 15:00:00,85,91,2.2857142857142856,0.0,0.0,0.10623333333333332,optimal
2021-02-11 15:30:00,85,91,2.2857142857142856,0.0,0.0,0.10903333333333332,optimal
2021-02-11 16:00:00,85,91,0.0,0.0,0.0,0.23616666666666664,optimal
2021-02-11 16:30:00,85,91,0.0,0.0,0.0,0.5945,optimal
2021-02-11 17:00:00,85,91,0.0,0.0,0.0,0.3441,optimal
2021-02-11 17:30:00,85,91,0.0,0.0,0.0,0.14483333333333334,optimal
2021-02-11 18:00:00,85,91,0.0,0.0,0.0,0.34076666666666666,optimal
2021-02-11 18:30:00,85,91,0.0,0.0,0.0,0.084,optimal
2021-02-11 19:00:00,85,91,0.0,0.0,0.0,0.3078333333333333,optimal
2021-02-11 19:30:00,85,91,0.0,0.0,0.0,0.31010000000000004,optimal
2021-02-11 20:00:00,85,91,1.53303327542074,0.0,0.0,0.5824666666666667,optimal
2021-02-11 20:30:00,85,91,0.0,0.0,0.0,0.2397,optimal
2021-02-11 21:00:00,85,91,0.0,0.0,0.0,0.3041666666666667,optimal
2021-02-11 21:30:00,85,91,0.0,0.0,0.0,0.2379333333333333,optimal
2021-02-11 22:00:00,85,91,0.0,0.0,0.0,0.2514333333333333,optimal
2021-02-11 22:30:00,85,91,0.0,0.0,0.0,0.16566666666666666,optimal
2021-02-11 23:00:00,85,91,0.0,0.0,0.0,0.1188,optimal
2021-02-11 23:30:00,85,91,0.0,0.0,0.0,0.06933333333333333,optimal
2021-02-12 00:00:00,85,91,0.32959519370399665,0.0,0.0,0.062,optimal
2021-02-12 00:30:00,85,91,2.2857142857142856,0.0,0.0,0.07066666666666667,optimal
2021-02-12 01:00:00,85,91,2.2857142857142856,0.0,0.0,0.08483333333333333,optimal
2021-02-12 01:30:00,85,91,2.2857142857142856,0.0,0.0,0.19816666666666663,optimal
2021-02-12 02:00:00,85,91,2.2857142857142856,0.0,0.0,0.062,optimal
2021-02-12 02:30:00,85,91,2.2857142857142856,0.0,0.0,0.17666666666666667,optimal
2021-02-12 03:00:00,85,91,2.2857142857142856,0.0,0.0,0.105,optimal
2021-02-12 03:30:00,85,91,2.2857142857142856,0.0,0.0,0.062,optimal
2021-02-12 04:00:00,85,91,2.2857142857142856,0.0,0.0,0.062,optimal
2021-02-12 04:30:00,85,91,2.2857142857142856,0.0,0.0,0.062,optimal
2021-02-12 05:00:00,85,91,2.2857142857142856,0.0,0.0,0.20533333333333328,optimal
2021-02-12 05:30:00,85,91,2.2857142857142856,0.0,0.0,0.07633333333333332,optimal
2021-02-12 06:00:00,85,91,2.2857142857142856,0.0,0.0,0.1265,optimal
2021-02-12 06:30:00,85,91,2.2857142857142856,0.0,0.0,0.15516666666666665,optimal
2021-02-12 07:00:00,85,91,2.2857142857142856,0.0,7.906718553598227,0.062,optimal
2021-02-12 07:30:00,85,91,2.2857142857142856,0.0,0.0,0.07066666666666667,optimal
2021-02-12 08:00:00,85,91,1.736454263789727,0.0,0.0,0.0942,optimal
2021-02-12 08:30:00,85,91,1.448364513486917,0.0,0.0,0.2695,optimal
2021-02-12 09:00:00,85,91,1.412978016166159,0.0,0.0,0.15083333333333335,optimal
2021-02-12 09:30:00,85,91,1.2843747933066412,0.0,0.0,0.072,optimal
2021-02-12 10:00:00,85,91,0.8282776521959613,0.0,0.0,0.14366666666666666,optimal
2021-02-12 10:30:00,85,91,0.7967047718492235,0.0,0.0,0.158,optimal
2021-02-12 11:00:00,85,91,0.5539311368985611,0.0,0.0,0.072,optimal
2021-02-12 11:30:00,85,91,0.5382107173313962,0.0,0.0,0.115,optimal
2021-02-12 12:00:00,85,91,0.42504682761262813,0.0,0.0,0.18666666666666662,optimal
2021-02-12 12:30:00,85,91,0.45437402709309455,0.0,0.0,0.072,optimal
2021-02-12 13:00:00,85,91,1.7365271577437535,0.0,0.0,0.16163333333333332,optimal
2021-02-12 13:30:00,85,91,1.6676495638172388,0.0,0.0,0.35433333333333333,optimal
2021-02-12 14:00:00,85,91,2.2857142857142856,0.0,0.0,0.46086666666666665,optimal
2021-02-12 14:30:00,85,91,2.2857142857142856,0.0,0.0,3.2523,optimal
2021-02-12 15:00:00,85,91,2.2857142857142856,0.0,0.0,1.966733333333333,optimal
2021-02-12 15:30:00,85,91,2.2857142857142856,0.0,0.0,0.21236666666666668,optimal
2021-02-12 16:00:00,85,91,0.0,0.0,0.0,0.4673333333333333,optimal
2021-02-12 16:30:00,85,91,0.0,0.0,0.0,3.350966666666667,optimal
2021-02-12 17:00:00,85,91,0.0,0.0,0.0,0.8208,optimal
2021-02-12 17:30:00,85,91,0.0,0.0,0.0,0.28186666666666665,optimal
2021-02-12 18:00:00,85,91,0.0,0.0,0.0,1.9343666666666663,optimal
2021-02-12 18:30:00,85,91,0.0,0.0,0.0,0.9842000000000001,optimal
2021-02-12 19:00:00,85,91,0.0,0.0,0.0,2.438733333333333,optimal
2021-02-12 19:30:00,85,91,0.0,0.0,0.0,3.6736666666666666,optimal
2021-02-12 20:00:00,85,91,0.0,0.0,0.0,3.141633333333333,optimal
2021-02-12 20:30:00,85,91,0.0,0.0,0.0,2.916733333333333,optimal
2021-02-12 21:00:00,85,91,0.0,0.0,0.0,0.4095,optimal
2021-02-12 21:30:00,85,91,0.0,0.0,0.0,0.1925,optimal
2021-02-12 22:00:00,85,91,0.0,0.0,0.0,1.0872,optimal
2021-02-12 22:30:00,85,91,0.0,0.0,0.0,0.15083333333333335,optimal
2021-02-12 23:00:00,85,91,0.0,0.0,0.0,1.9064333333333328,optimal
2021-02-12 23:30:00,85,91,0.0,0.0,0.0,0.3232333333333333,optimal
2021-02-13 00:00:00,85,91,0.0,0.0,0.0,0.06933333333333333,optimal
2021-02-13 00:30:00,85,91,0.5175238095238094,0.0,0.0,0.063,optimal
2021-02-13 01:00:00,85,91,0.0,0.0,0.0,0.063,optimal
2021-02-13 01:30:00,85,91,0.4199508643918399,0.0,0.0,0.105,optimal
2021-02-13 02:00:00,85,91,2.2857142857142856,0.0,0.0,0.153,optimal
2021-02-13 02:30:00,85,91,2.2857142857142856,0.0,0.0,0.063,optimal
2021-02-13 03:00:00,85,91,2.2857142857142856,0.0,0.0,0.183,optimal
2021-02-13 03:30:00,85,91,2.2857142857142856,0.0,0.0,0.075,optimal
2021-02-13 04:00:00,85,91,2.2857142857142856,0.0,0.0,0.129,optimal
2021-02-13 04:30:00,85,91,2.2857142857142856,0.0,0.0,0.129,optimal
2021-02-13 05:00:00,85,91,2.2857142857142856,0.0,0.0,0.063,optimal
2021-02-13 05:30:00,85,91,2.2857142857142856,0.0,0.0,0.123,optimal
2021-02-13 06:00:00,85,91,2.2857142857142856,0.0,0.0,0.135,optimal
2021-02-13 06:30:00,85,91,2.2857142857142856,0.0,5.769733776297519,0.07133333333333333,optimal
2021-02-13 07:00:00,85,91,2.2857142857142856,0.0,10.0,0.07333333333333333,optimal
2021-02-13 07:30:00,85,91,2.2857142857142856,0.0,0.0,0.189,optimal
2021-02-13 08:00:00,85,91,1.4333761425749183,0.0,0.0,0.06466666666666668,optimal
2021-02-13 08:30:00,85,91,1.402512865864916,0.0,0.0,0.169,optimal
2021-02-13 09:00:00,85,91,1.2656065904168992,0.0,0.0,0.10166666666666668,optimal
2021-02-13 09:30:00,85,91,1.2587187782954157,0.0,0.0,0.063,optimal
2021-02-13 10:00:00,85,91,0.9472286085356493,0.0,0.0,0.195,optimal
2021-02-13 10:30:00,85,91,0.9815081889684852,0.0,0.0,0.06866666666666667,optimal
2021-02-13 11:00:00,85,91,0.6579874862110254,0.0,0.0,0.13333333333333333,optimal
2021-02-13 11:30:00,85,91,0.6545527809295865,0.0,0.0,0.129,optimal
2021-02-13 12:00:00,85,91,0.5472523518087238,0.0,0.0,0.063,optimal
2021-02-13 12:30:00,85,91,0.5403829412458461,0.0,0.0,0.063,optimal
2021-02-13 13:00:00,85,91,2.2857142857142856,0.0,0.0,0.16166666666666665,optimal
2021-02-13 13:30:00,85,91,2.2857142857142856,0.0,0.0,0.10733333333333331,optimal
2021-02-13 14:00:00,85,91,2.2857142857142856,0.0,0.0,0.063,optimal
2021-02-13 14:30:00,85,91,2.2857142857142856,0.0,0.0,0.19533333333333328,optimal
2021-02-13 15:00:00,85,91,2.2857142857142856,0.0,0.0,0.073,optimal
2021-02-13 15:30:00,85,91,2.2857142857142856,0.0,0.0,0.101,optimal
2021-02-13 16:00:00,85,91,0.0,0.0,0.0,0.165,optimal
2021-02-13 16:30:00,85,91,0.0,0.0,0.0,0.063,optimal
2021-02-13 17:00:00,85,91,0.0,0.0,0.0,0.4503333333333333,optimal
2021-02-13 17:30:00,85,91,0.0,0.0,0.0,0.1816333333333333,optimal
2021-02-13 18:00:00,85,91,0.0,0.0,0.0,0.3992,optimal
2021-02-13 18:30:00,85,91,0.0,0.0,0.0,0.3266,optimal
2021-02-13 19:00:00,85,91,0.0,0.0,0.0,0.468,optimal
2021-02-13 19:30:00,85,91,0.6205841493493197,0.0,0.0,0.2926666666666667,optimal
2021-02-13 20:00:00,85,91,0.9272044034853014,0.0,0.0,1.2817333333333332,optimal
2021-02-13 20:30:00,85,91,0.0,0.0,0.0,0.642,optimal
2021-02-13 21:00:00,85,91,0.0,0.0,0.0,0.7028333333333334,optimal
2021-02-13 21:30:00,85,91,0.0,0.0,0.0,0.6839666666666667,optimal
2021-02-13 22:00:00,85,91,0.0,0.0,0.0,0.5585,optimal
2021-02-13 22:30:00,85,91,0.0,0.0,0.0,0.5472333333333333,optimal
2021-02-13 23:00:00,85,91,0.0,0.0,0.0,0.5326000000000001,optimal
2021-02-13 23:30:00,85,91,0.0,0.0,0.0,0.3345,optimal
2021-02-07 00:00:00,86,91,0.0,0.0,0.0,0.0624,optimal
2021-02-07 00:30:00,86,91,0.0,0.0,0.0,0.069,optimal
2021-02-07 01:00:00,86,91,0.0,0.0,0.0,0.23186666666666667,optimal
2021-02-07 01:30:00,86,91,0.0,0.0,0.0,0.15716666666666665,optimal
2021-02-07 02:00:00,86,91,0.0,0.0,0.0,0.09626666666666668,optimal
2021-02-07 02:30:00,86,91,0.0,0.0,0.0,0.2355,optimal
2021-02-07 03:00:00,86,91,0.0,0.0,0.0,0.431,optimal
2021-02-07 03:30:00,86,91,0.0,0.0,0.0,0.06,optimal
2021-02-07 04:00:00,86,91,2.2857142857142856,0.0,0.0,0.2312333333333333,optimal
2021-02-07 04:30:00,86,91,2.2857142857142856,0.0,0.0,0.14383333333333334,optimal
2021-02-07 05:00:00,86,91,2.2857142857142856,0.0,0.0,0.065,optimal
2021-02-07 05:30:00,86,91,2.2857142857142856,0.0,0.0,0.065,optimal
2021-02-07 06:00:00,86,91,2.2857142857142856,0.0,0.0,0.31506666666666666,optimal
2021-02-07 06:30:00,86,91,2.2857142857142856,0.0,0.0,0.06,optimal
2021-02-07 07:00:00,86,91,2.2857142857142856,0.0,1.7076336144509696,0.4955,optimal
2021-02-07 07:30:00,86,91,0.0,0.0,0.0,0.13696666666666668,optimal
2021-02-07 08:00:00,86,91,0.0,0.0,0.0,0.0627,optimal
2021-02-07 08:30:00,86,91,0.0,0.0,0.0,0.17466666666666666,optimal
2021-02-07 09:00:00,86,91,0.0,0.0,0.0,0.2007333333333333,optimal
2021-02-07 09:30:00,86,91,0.4176078040766426,0.0,0.0,0.081,optimal
2021-02-07 10:00:00,86,91,0.9551102515313648,0.0,0.0,0.16863333333333333,optimal
2021-02-07 10:30:00,86,91,0.9882749001894765,0.0,0.0,0.068,optimal
2021-02-07 11:00:00,86,91,0.884706875436302,0.0,0.0,0.22766666666666663,optimal
2021-02-07 11:30:00,86,91,0.9033544944839362,0.0,0.0,0.16240000000000002,optimal
2021-02-07 12:00:00,86,91,0.8096102228151092,0.0,0.0,0.14883333333333335,optimal
2021-02-07 12:30:00,86,91,0.7155340323389254,0.0,0.0,0.38010000000000005,optimal
2021-02-07 13:00:00,86,91,2.2857142857142856,0.0,0.0,0.11553333333333332,optimal
2021-02-07 13:30:00,86,91,2.2857142857142856,0.0,0.0,0.1162,optimal
2021-02-07 14:00:00,86,91,2.2857142857142856,0.0,0.0,0.2205,optimal
2021-02-07 14:30:00,86,91,2.2857142857142856,0.0,0.0,0.1497666666666667,optimal
2021-02-07 15:00:00,86,91,2.2857142857142856,0.0,0.0,0.08979999999999999,optimal
2021-02-07 15:30:00,86,91,2.2857142857142856,0.0,0.0,0.07716666666666668,optimal
2021-02-07 16:00:00,86,91,0.0,0.0,0.0,0.31289999999999996,optimal
2021-02-07 16:30:00,86,91,0.0,0.0,0.0,0.07,optimal
2021-02-07 17:00:00,86,91,0.0,0.0,0.0,0.14883333333333335,optimal
2021-02-07 17:30:00,86,91,0.0,0.0,0.0,0.2412333333333333,optimal
2021-02-07 18:00:00,86,91,0.0,0.0,0.0,0.07,optimal
2021-02-07 18:30:00,86,91,0.0,0.0,0.0,0.136,optimal
2021-02-07 19:00:00,86,91,0.0,0.0,0.0,0.23256666666666664,optimal
2021-02-07 19:30:00,86,91,1.1480804595639877,0.0,0.0,0.0915,optimal
2021-02-07 20:00:00,86,91,1.1544735615781756,0.0,0.0,0.06866666666666667,optimal
2021-02-07 20:30:00,86,91,0.0,0.0,0.0,0.28556666666666664,optimal
2021-02-07 21:00:00,86,91,0.0,0.0,0.0,0.6080333333333333,optimal
2021-02-07 21:30:00,86,91,0.0,0.0,0.0,0.2607,optimal
2021-02-07 22:00:00,86,91,0.11942857142857129,0.0,0.0,0.39836666666666665,optimal
2021-02-07 22:30:00,86,91,0.0,0.0,0.0,0.6229333333333332,optimal
2021-02-07 23:00:00,86,91,0.0,0.0,0.0,0.44430000000000003,optimal
2021-02-07 23:30:00,86,91,0.0,0.0,0.0,0.7535666666666667,optimal
2021-02-08 00:00:00,86,91,0.0,0.0,0.0,0.058,optimal
2021-02-08 00:30:00,86,91,1.1942857142857142,0.0,0.0,0.058,optimal
2021-02-08 01:00:00,86,91,0.0,0.0,0.0,0.058,optimal
2021-02-08 01:30:00,86,91,0.0,0.0,0.0,0.0757,optimal
2021-02-08 02:00:00,86,91,0.0,0.0,0.0,0.1701,optimal
2021-02-08 02:30:00,86,91,1.0765950666916646,0.0,0.0,0.058,optimal
2021-02-08 03:00:00,86,91,2.2857142857142856,0.0,0.0,0.18780000000000002,optimal
2021-02-08 03:30:00,86,91,2.2857142857142856,0.0,0.0,0.058,optimal
2021-02-08 04:00:00,86,91,2.2857142857142856,0.0,0.0,0.0993,optimal
2021-02-08 04:30:00,86,91,2.2857142857142856,0.0,0.0,0.1465,optimal
2021-02-08 05:00:00,86,91,2.2857142857142856,0.0,0.0,0.0639,optimal
2021-02-08 05:30:00,86,91,2.2857142857142856,0.0,0.0,0.19156666666666664,optimal
2021-02-08 06:00:00,86,91,2.2857142857142856,0.0,0.0,0.068,optimal
2021-02-08 06:30:00,86,91,2.2857142857142856,0.0,6.5239929170607525,0.13813333333333333,optimal
2021-02-08 07:00:00,86,91,2.2857142857142856,0.0,10.0,0.121,optimal
2021-02-08 07:30:00,86,91,2.2857142857142856,0.0,0.0,0.14876666666666669,optimal
2021-02-08 08:00:00,86,91,1.0911186243923099,0.0,0.0,0.2419,optimal
2021-02-08 08:30:00,86,91,1.0945404159075776,0.0,0.0,0.24230000000000002,optimal
2021-02-08 09:00:00,86,91,0.9068948805490216,0.0,0.0,0.19866666666666663,optimal
2021-02-08 09:30:00,86,91,0.9120193361332718,0.0,0.0,0.199,optimal
2021-02-08 10:00:00,86,91,0.7151623676378348,0.0,0.0,0.2744,optimal
2021-02-08 10:30:00,86,91,0.6166855311012213,0.0,0.0,0.6931333333333334,optimal
2021-02-08 11:00:00,86,91,0.4845695618173762,0.0,0.0,0.2994,optimal
2021-02-08 11:30:00,86,91,0.5349191988735501,0.0,0.0,0.35846666666666666,optimal
2021-02-08 12:00:00,86,91,0.6029166434857536,0.0,0.0,0.068,optimal
2021-02-08 12:30:00,86,91,0.589177822359998,0.0,0.0,0.068,optimal
2021-02-08 13:00:00,86,91,2.2857142857142856,0.0,0.0,0.28783333333333333,optimal
2021-02-08 13:30:00,86,91,2.2857142857142856,0.0,0.0,0.3519333333333333,optimal
2021-02-08 14:00:00,86,91,2.2857142857142856,0.0,0.0,0.1093,optimal
2021-02-08 14:30:00,86,91,2.2857142857142856,0.0,0.0,0.1565,optimal
2021-02-08 15:00:00,86,91,2.2857142857142856,0.0,0.0,0.068,optimal
2021-02-08 15:30:00,86,91,2.2857142857142856,0.0,0.0,0.1978,optimal
2021-02-08 16:00:00,86,91,0.0,0.0,0.0,0.068,optimal
2021-02-08 16:30:00,86,91,0.0,0.0,0.0,0.068,optimal
2021-02-08 17:00:00,86,91,0.0,0.0,0.0,0.13063333333333332,optimal
2021-02-08 17:30:00,86,91,0.0,0.0,0.0,0.1885,optimal
2021-02-08 18:00:00,86,91,0.0,0.0,0.0,0.07733333333333332,optimal
2021-02-08 18:30:00,86,91,0.0,0.0,0.0,0.0896,optimal
2021-02-08 19:00:00,86,91,0.0,0.0,0.0,0.36019999999999996,optimal
2021-02-08 19:30:00,86,91,0.0,0.0,0.0,0.47333333333333333,optimal
2021-02-08 20:00:00,86,91,0.6984920766856051,0.0,0.0,0.31639999999999996,optimal
2021-02-08 20:30:00,86,91,0.0,0.0,0.0,0.4612,optimal
2021-02-08 21:00:00,86,91,0.0,0.0,0.0,0.222,optimal
2021-02-08 21:30:00,86,91,0.0,0.0,0.0,0.2979,optimal
2021-02-08 22:00:00,86,91,0.07961904761904762,0.0,0.0,0.3203666666666667,optimal
2021-02-08 22:30:00,86,91,0.0,0.0,0.0,0.13746666666666668,optimal
2021-02-08 23:00:00,86,91,0.0,0.0,0.0,0.4613,optimal
2021-02-08 23:30:00,86,91,0.0,0.0,0.0,0.423,optimal
2021-02-09 00:00:00,86,91,0.0,0.0,0.0,0.12,optimal
2021-02-09 00:30:00,86,91,2.2857142857142856,0.0,0.0,0.09066666666666669,optimal
2021-02-09 01:00:00,86,91,1.5758095238095235,0.0,0.0,0.054,optimal
2021-02-09 01:30:00,86,91,0.0,0.0,0.0,0.054,optimal
2021-02-09 02:00:00,86,91,0.0,0.0,0.0,0.15666666666666665,optimal
2021-02-09 02:30:00,86,91,1.9805794558394587,0.0,0.0,0.054,optimal
2021-02-09 03:00:00,86,91,2.2857142857142856,0.0,0.0,0.12733333333333333,optimal
2021-02-09 03:30:00,86,91,2.2857142857142856,0.0,0.0,0.08333333333333333,optimal
2021-02-09 04:00:00,86,91,2.2857142857142856,0.0,0.0,0.054,optimal
2021-02-09 04:30:00,86,91,2.2857142857142856,0.0,0.0,0.15666666666666665,optimal
2021-02-09 05:00:00,86,91,2.2857142857142856,0.0,0.0,0.054,optimal
2021-02-09 05:30:00,86,91,2.2857142857142856,0.0,0.0,0.12,optimal
2021-02-09 06:00:00,86,91,2.2857142857142856,0.0,0.0,0.098,optimal
2021-02-09 06:30:00,86,91,2.2857142857142856,0.0,1.8366925484176173,0.05966666666666666,optimal
2021-02-09 07:00:00,86,91,2.2857142857142856,0.0,10.0,0.1562666666666667,optimal
2021-02-09 07:30:00,86,91,2.2857142857142856,0.0,0.0,0.16403333333333334,optimal
2021-02-09 08:00:00,86,91,1.2337242718391632,0.0,0.0,0.0724,optimal
2021-02-09 08:30:00,86,91,0.9933820607567513,0.0,0.0,1.3448333333333333,optimal
2021-02-09 09:00:00,86,91,0.7566704011541396,0.0,0.0,2.991,optimal
2021-02-09 09:30:00,86,91,0.7212907408940761,0.0,0.0,2.3305333333333333,optimal
2021-02-09 10:00:00,86,91,0.3570285721319649,0.0,0.0,1.1522000000000001,optimal
2021-02-09 10:30:00,86,91,0.5352931409628502,0.0,0.0,0.602,optimal
2021-02-09 11:00:00,86,91,0.4035148995641827,0.0,0.0,0.3882,optimal
2021-02-09 11:30:00,86,91,0.46280400380656134,0.0,0.0,0.23033333333333328,optimal
2021-02-09 12:00:00,86,91,0.26813158030386,0.0,0.0,0.3641333333333333,optimal
2021-02-09 12:30:00,86,91,0.4000805712995942,0.0,0.0,0.215,optimal
2021-02-09 13:00:00,86,91,2.2857142857142856,0.0,0.0,0.064,optimal
2021-02-09 13:30:00,86,91,2.2857142857142856,0.0,0.0,0.11533333333333332,optimal
2021-02-09 14:00:00,86,91,2.2857142857142856,0.0,0.0,0.11533333333333332,optimal
2021-02-09 14:30:00,86,91,2.2857142857142856,0.0,0.0,0.064,optimal
2021-02-09 15:00:00,86,91,2.2857142857142856,0.0,0.0,0.13733333333333334,optimal
2021-02-09 15:30:00,86,91,2.2857142857142856,0.0,0.0,0.14246666666666666,optimal
2021-02-09 16:00:00,86,91,0.0,0.0,0.0,0.22019999999999998,optimal
2021-02-09 16:30:00,86,91,0.0,0.0,0.0,0.2882,optimal
2021-02-09 17:00:00,86,91,0.0,0.0,0.0,0.19203333333333333,optimal
2021-02-09 17:30:00,86,91,0.0,0.0,0.0,0.09036666666666666,optimal
2021-02-09 18:00:00,86,91,0.0,0.0,0.0,0.1881,optimal
2021-02-09 18:30:00,86,91,0.0,0.0,0.0,0.221,optimal
2021-02-09 19:00:00,86,91,0.0,0.0,0.0,0.2796,optimal
2021-02-09 19:30:00,86,91,0.0,0.0,0.0,0.3486,optimal
2021-02-09 20:00:00,86,91,0.7737820103362637,0.0,0.0,0.07,optimal
2021-02-09 20:30:00,86,91,0.0,0.0,0.0,0.2538666666666667,optimal
2021-02-09 21:00:00,86,91,0.0,0.0,0.0,0.2616,optimal
2021-02-09 21:30:00,86,91,0.0,0.0,0.0,0.5278333333333334,optimal
2021-02-09 22:00:00,86,91,0.0199047619047619,0.0,0.0,0.2763333333333333,optimal
2021-02-09 22:30:00,86,91,0.0,0.0,0.0,0.16766666666666666,optimal
2021-02-09 23:00:00,86,91,0.0,0.0,0.0,0.064,optimal
2021-02-09 23:30:00,86,91,0.0,0.0,0.0,0.118,optimal
2021-02-10 00:00:00,86,91,0.0,0.0,0.0,0.045,optimal
2021-02-10 00:30:00,86,91,1.3933333333333335,0.0,0.0,0.045,optimal
2021-02-10 01:00:00,86,91,0.0,0.0,0.0,0.045,optimal
2021-02-10 01:30:00,86,91,0.0,0.0,0.0,0.045,optimal
2021-02-10 02:00:00,86,91,1.9611638530527256,0.0,0.0,0.045,optimal
2021-02-10 02:30:00,86,91,2.2857142857142856,0.0,0.0,0.045,optimal
2021-02-10 03:00:00,86,91,2.2857142857142856,0.0,0.0,0.045,optimal
2021-02-10 03:30:00,86,91,2.2857142857142856,0.0,0.0,0.045,optimal
2021-02-10 04:00:00,86,91,2.2857142857142856,0.0,0.0,0.045,optimal
2021-02-10 04:30:00,86,91,2.2857142857142856,0.0,0.0,0.045,optimal
2021-02-10 05:00:00,86,91,2.2857142857142856,0.0,0.0,0.045,optimal
2021-02-10 05:30:00,86,91,2.2857142857142856,0.0,0.0,0.045,optimal
2021-02-10 06:00:00,86,91,2.2857142857142856,0.0,0.0,0.045,optimal
2021-02-10 06:30:00,86,91,2.2857142857142856,0.0,7.753825306599808,0.045,optimal
2021-02-10 07:00:00,86,91,2.2857142857142856,0.0,10.0,0.045,optimal
2021-02-10 07:30:00,86,91,2.2857142857142856,0.0,0.0,0.045,optimal
2021-02-10 08:00:00,86,91,1.3458794246960513,0.0,0.0,0.045,optimal
2021-02-10 08:30:00,86,91,1.1984072702369637,0.0,0.0,0.2626,optimal
2021-02-10 09:00:00,86,91,1.005113588032832,0.0,0.0,1.0411,optimal
2021-02-10 09:30:00,86,91,1.0148385764308907,0.0,0.0,0.404,optimal
2021-02-10 10:00:00,86,91,0.9149724188775932,0.0,0.0,0.055,optimal
2021-02-10 10:30:00,86,91,0.9046683030332764,0.0,0.0,0.055,optimal
2021-02-10 11:00:00,86,91,0.7130690432053662,0.0,0.0,0.055,optimal
2021-02-10 11:30:00,86,91,0.7061996326424886,0.0,0.0,0.055,optimal
2021-02-10 12:00:00,86,91,0.46504111293161804,0.0,0.0,0.055,optimal
2021-02-10 12:30:00,86,91,0.35834777959828407,0.0,0.0,0.9628666666666668,optimal
2021-02-10 13:00:00,86,91,2.2857142857142856,0.0,0.0,0.2726,optimal
2021-02-10 13:30:00,86,91,2.2857142857142856,0.0,0.0,0.05433333333333334,optimal
2021-02-10 14:00:00,86,91,2.2857142857142856,0.0,0.0,0.053,optimal
2021-02-10 14:30:00,86,91,2.2857142857142856,0.0,0.0,0.055,optimal
2021-02-10 15:00:00,86,91,2.2857142857142856,0.0,0.0,0.055,optimal
2021-02-10 15:30:00,86,91,2.2857142857142856,0.0,0.0,0.055,optimal
2021-02-10 16:00:00,86,91,0.0,0.0,0.0,0.055,optimal
2021-02-10 16:30:00,86,91,0.0,0.0,0.0,0.09333333333333331,optimal
2021-02-10 17:00:00,86,91,0.0,0.0,0.0,0.055,optimal
2021-02-10 17:30:00,86,91,0.0,0.0,0.0,0.2927666666666667,optimal
2021-02-10 18:00:00,86,91,0.0,0.0,0.0,0.055666666666666656,optimal
2021-02-10 18:30:00,86,91,0.0,0.0,0.0,0.0747,optimal
2021-02-10 19:00:00,86,91,0.0,0.0,0.0,0.17733333333333334,optimal
2021-02-10 19:30:00,86,91,0.1221507086902267,0.0,0.0,0.053,optimal
2021-02-10 20:00:00,86,91,1.1941231113644122,0.0,0.0,0.0858,optimal
2021-02-10 20:30:00,86,91,0.0,0.0,0.0,0.08713333333333334,optimal
2021-02-10 21:00:00,86,91,0.0,0.0,0.0,0.0823,optimal
2021-02-10 21:30:00,86,91,0.0,0.0,0.0,0.055,optimal
2021-02-10 22:00:00,86,91,0.0,0.0,0.0,0.055,optimal
2021-02-10 22:30:00,86,91,0.0,0.0,0.0,0.055,optimal
2021-02-10 23:00:00,86,91,0.0,0.0,0.0,0.055,optimal
2021-02-10 23:30:00,86,91,0.0,0.0,0.0,0.05166666666666666,optimal
2021-02-11 00:00:00,86,91,0.0,0.0,0.0,0.059,optimal
2021-02-11 00:30:00,86,91,1.37866856866981,0.0,0.0,0.059,optimal
2021-02-11 01:00:00,86,91,2.2857142857142856,0.0,0.0,0.059,optimal
2021-02-11 01:30:00,86,91,2.2857142857142856,0.0,0.0,0.059,optimal
2021-02-11 02:00:00,86,91,2.2857142857142856,0.0,0.0,0.059,optimal
2021-02-11 02:30:00,86,91,2.2857142857142856,0.0,0.0,0.064,optimal
2021-02-11 03:00:00,86,91,2.2857142857142856,0.0,0.0,0.062,optimal
2021-02-11 03:30:00,86,91,2.2857142857142856,0.0,0.0,0.059,optimal
2021-02-11 04:00:00,86,91,2.2857142857142856,0.0,0.0,0.059,optimal
2021-02-11 04:30:00,86,91,2.2857142857142856,0.0,0.0,0.059,optimal
2021-02-11 05:00:00,86,91,2.2857142857142856,0.0,0.0,0.059,optimal
2021-02-11 05:30:00,86,91,2.2857142857142856,0.0,0.0,0.059,optimal
2021-02-11 06:00:00,86,91,2.2857142857142856,0.0,6.110984727406907,0.059,optimal
2021-02-11 06:30:00,86,91,2.2857142857142856,0.0,10.0,0.059,optimal
2021-02-11 07:00:00,86,91,2.2857142857142856,0.0,10.0,0.058333333333333334,optimal
2021-02-11 07:30:00,86,91,2.2857142857142856,0.0,0.0,0.064,optimal
2021-02-11 08:00:00,86,91,1.3338308608447236,0.0,0.0,0.09543333333333334,optimal
2021-02-11 08:30:00,86,91,1.3035159290699865,0.0,0.0,0.113,optimal
2021-02-11 09:00:00,86,91,1.1210132554748304,0.0,0.0,0.1002,optimal
2021-02-11 09:30:00,86,91,1.052067981187339,0.0,0.0,0.16486666666666666,optimal
2021-02-11 10:00:00,86,91,0.824286968729827,0.0,0.0,0.069,optimal
2021-02-11 10:30:00,86,91,0.8655034321070937,0.0,0.0,0.069,optimal
2021-02-11 11:00:00,86,91,0.6640633181525091,0.0,0.0,0.069,optimal
2021-02-11 11:30:00,86,91,0.6125427389309258,0.0,0.0,0.069,optimal
2021-02-11 12:00:00,86,91,0.3741487036031842,0.0,0.0,0.069,optimal
2021-02-11 12:30:00,86,91,0.3294975349444787,0.0,0.0,0.069,optimal
2021-02-11 13:00:00,86,91,2.2857142857142856,0.0,0.0,0.069,optimal
2021-02-11 13:30:00,86,91,2.2857142857142856,0.0,0.0,0.069,optimal
2021-02-11 14:00:00,86,91,2.2857142857142856,0.0,0.0,0.069,optimal
2021-02-11 14:30:00,86,91,2.2857142857142856,0.0,0.0,0.069,optimal
2021-02-11 15:00:00,86,91,2.2857142857142856,0.0,0.0,0.069,optimal
2021-02-11 15:30:00,86,91,2.2857142857142856,0.0,0.0,0.069,optimal
2021-02-11 16:00:00,86,91,0.0,0.0,0.0,0.08293333333333333,optimal
2021-02-11 16:30:00,86,91,0.0,0.0,0.0,0.5993333333333334,optimal
2021-02-11 17:00:00,86,91,0.0,0.0,0.0,0.6706666666666666,optimal
2021-02-11 17:30:00,86,91,0.0,0.0,0.0,0.07686666666666667,optimal
2021-02-11 18:00:00,86,91,0.0,0.0,0.0,0.069,optimal
2021-02-11 18:30:00,86,91,0.0,0.0,0.0,0.069,optimal
2021-02-11 19:00:00,86,91,0.0,0.0,0.0,0.069,optimal
2021-02-11 19:30:00,86,91,1.2474189149033033,0.0,0.0,0.069,optimal
2021-02-11 20:00:00,86,91,1.8209326202885145,0.0,0.0,0.069,optimal
2021-02-11 20:30:00,86,91,0.0,0.0,0.0,0.069,optimal
2021-02-11 21:00:00,86,91,0.0,0.0,0.0,0.068,optimal
2021-02-11 21:30:00,86,91,0.0,0.0,0.0,0.07886666666666665,optimal
2021-02-11 22:00:00,86,91,0.0,0.0,0.0,0.4619,optimal
2021-02-11 22:30:00,86,91,0.0,0.0,0.0,1.4396333333333335,optimal
2021-02-11 23:00:00,86,91,0.0,0.0,0.0,0.069,optimal
2021-02-11 23:30:00,86,91,0.0,0.0,0.0,0.069,optimal
2021-02-12 00:00:00,86,91,0.25564745303880515,0.0,0.0,0.061,optimal
2021-02-12 00:30:00,86,91,2.2857142857142856,0.0,0.0,0.145,optimal
2021-02-12 01:00:00,86,91,2.2857142857142856,0.0,0.0,0.13119999999999998,optimal
2021-02-12 01:30:00,86,91,2.2857142857142856,0.0,0.0,0.1264,optimal
2021-02-12 02:00:00,86,91,2.2857142857142856,0.0,0.0,0.14980000000000002,optimal
2021-02-12 02:30:00,86,91,2.2857142857142856,0.0,0.0,0.061,optimal
2021-02-12 03:00:00,86,91,2.2857142857142856,0.0,0.0,0.1918,optimal
2021-02-12 03:30:00,86,91,2.2857142857142856,0.0,0.0,0.0844,optimal
2021-02-12 04:00:00,86,91,2.2857142857142856,0.0,0.0,0.0649,optimal
2021-02-12 04:30:00,86,91,2.2857142857142856,0.0,0.0,0.21463333333333331,optimal
2021-02-12 05:00:00,86,91,2.2857142857142856,0.0,0.0,0.06766666666666667,optimal
2021-02-12 05:30:00,86,91,2.2857142857142856,0.0,0.0,0.091,optimal
2021-02-12 06:00:00,86,91,2.2857142857142856,0.0,0.0,0.115,optimal
2021-02-12 06:30:00,86,91,2.2857142857142856,0.0,4.6676782924537985,0.1316,optimal
2021-02-12 07:00:00,86,91,2.2857142857142856,0.0,10.0,1.7212333333333332,optimal
2021-02-12 07:30:00,86,91,2.2857142857142856,0.0,0.0,0.2578333333333333,optimal
2021-02-12 08:00:00,86,91,2.2857142857142856,0.0,0.0,0.8185,optimal
2021-02-12 08:30:00,86,91,2.285714285714285,0.0,0.0,1.5309666666666666,optimal
2021-02-12 09:00:00,86,91,0.9373720315380455,0.0,0.0,2.773966666666667,optimal
2021-02-12 09:30:00,86,91,0.9196852694971219,0.0,0.0,3.4121666666666663,optimal
2021-02-12 10:00:00,86,91,0.4735252712435936,0.0,0.0,4.4168,optimal
2021-02-12 10:30:00,86,91,0.516851438515879,0.0,0.0,2.3749333333333333,optimal
2021-02-12 11:00:00,86,91,0.44853113689855684,0.0,0.0,0.089,optimal
2021-02-12 11:30:00,86,91,0.38985833637901857,0.0,0.0,0.4296666666666667,optimal
2021-02-12 12:00:00,86,91,0.4012849228507202,0.0,0.0,0.12293333333333334,optimal
2021-02-12 12:30:00,86,91,0.37343116995023673,0.0,0.0,0.2084,optimal
2021-02-12 13:00:00,86,91,0.8796670457548926,0.0,0.0,0.6120666666666668,optimal
2021-02-12 13:30:00,86,91,2.2857142857142856,0.0,0.0,1.6686666666666667,optimal
2021-02-12 14:00:00,86,91,2.2857142857142856,0.0,0.0,0.39953333333333335,optimal
2021-02-12 14:30:00,86,91,2.2857142857142856,0.0,0.0,0.3728,optimal
2021-02-12 15:00:00,86,91,2.2857142857142856,0.0,0.0,0.1872666666666667,optimal
2021-02-12 15:30:00,86,91,2.2857142857142856,0.0,0.0,2.4691,optimal
2021-02-12 16:00:00,86,91,0.0,0.0,0.0,2.6944333333333335,optimal
2021-02-12 16:30:00,86,91,0.0,0.0,0.0,0.7946,optimal
2021-02-12 17:00:00,86,91,0.0,0.0,0.0,0.168,optimal
2021-02-12 17:30:00,86,91,0.0,0.0,0.0,0.07156666666666667,optimal
2021-02-12 18:00:00,86,91,0.0,0.0,0.0,0.16966666666666666,optimal
2021-02-12 18:30:00,86,91,0.0,0.0,0.0,0.3310666666666667,optimal
2021-02-12 19:00:00,86,91,0.0,0.0,0.0,1.4314,optimal
2021-02-12 19:30:00,86,91,0.0,0.0,0.0,0.45563333333333333,optimal
2021-02-12 20:00:00,86,91,0.0,0.0,0.0,0.3261,optimal
2021-02-12 20:30:00,86,91,0.0,0.0,0.0,0.3967,optimal
2021-02-12 21:00:00,86,91,0.0,0.0,0.0,0.3942333333333333,optimal
2021-02-12 21:30:00,86,91,0.0,0.0,0.0,0.2773333333333333,optimal
2021-02-12 22:00:00,86,91,0.0,0.0,0.0,0.39253333333333335,optimal
2021-02-12 22:30:00,86,91,0.0,0.0,0.0,0.2676,optimal
2021-02-12 23:00:00,86,91,0.0,0.0,0.0,0.18586666666666668,optimal
2021-02-12 23:30:00,86,91,0.0,0.0,0.0,0.09023333333333332,optimal
2021-02-13 00:00:00,86,91,0.0,0.0,0.0,0.15193333333333334,optimal
2021-02-13 00:30:00,86,91,0.21895238095238095,0.0,0.0,0.07246666666666667,optimal
2021-02-13 01:00:00,86,91,0.0,0.0,0.0,0.23063333333333333,optimal
2021-02-13 01:30:00,86,91,0.0,0.0,0.0,0.10596666666666668,optimal
2021-02-13 02:00:00,86,91,2.0276989336954916,0.0,0.0,0.19713333333333333,optimal
2021-02-13 02:30:00,86,91,2.2857142857142856,0.0,0.0,0.15193333333333334,optimal
2021-02-13 03:00:00,86,91,2.2857142857142856,0.0,0.0,0.1535,optimal
2021-02-13 03:30:00,86,91,2.2857142857142856,0.0,0.0,0.10363333333333334,optimal
2021-02-13 04:00:00,86,91,2.2857142857142856,0.0,0.0,0.15193333333333334,optimal
2021-02-13 04:30:00,86,91,2.2857142857142856,0.0,0.0,0.19090000000000001,optimal
2021-02-13 05:00:00,86,91,2.2857142857142856,0.0,0.0,0.06623333333333334,optimal
2021-02-13 05:30:00,86,91,2.2857142857142856,0.0,0.0,0.2205,optimal
2021-02-13 06:00:00,86,91,2.2857142857142856,0.0,0.0,0.12856666666666666,optimal
2021-02-13 06:30:00,86,91,2.2857142857142856,0.0,9.924377824079823,0.06,optimal
2021-02-13 07:00:00,86,91,2.2857142857142856,0.0,10.0,0.19713333333333333,optimal
2021-02-13 07:30:00,86,91,2.2857142857142856,0.0,0.0,0.06756666666666666,optimal
2021-02-13 08:00:00,86,91,1.3083913806701486,0.0,0.0,0.26953333333333335,optimal
2021-02-13 08:30:00,86,91,1.397046199198252,0.0,0.0,0.17843333333333333,optimal
2021-02-13 09:00:00,86,91,1.2505684951788014,0.0,0.0,0.15193333333333334,optimal
2021-02-13 09:30:00,86,91,1.2204806830573265,0.0,0.0,0.1988,optimal
2021-02-13 10:00:00,86,91,0.9681238466308804,0.0,0.0,0.06766666666666667,optimal
2021-02-13 10:30:00,86,91,0.9297558080160976,0.0,0.0,0.1804333333333333,optimal
2021-02-13 11:00:00,86,91,0.6439493909729352,0.0,0.0,0.17843333333333333,optimal
2021-02-13 11:30:00,86,91,0.6690099237867281,0.0,0.0,0.0787,optimal
2021-02-13 12:00:00,86,91,0.5219285422849151,0.0,0.0,0.16026666666666667,optimal
2021-02-13 12:30:00,86,91,0.5039257983887032,0.0,0.0,0.19190000000000002,optimal
2021-02-13 13:00:00,86,91,2.2857142857142856,0.0,0.0,0.06623333333333334,optimal
2021-02-13 13:30:00,86,91,2.2857142857142856,0.0,0.0,0.20803333333333332,optimal
2021-02-13 14:00:00,86,91,2.2857142857142856,0.0,0.0,0.1437,optimal
2021-02-13 14:30:00,86,91,2.2857142857142856,0.0,0.0,0.11563333333333334,optimal
2021-02-13 15:00:00,86,91,2.2857142857142856,0.0,0.0,0.19946666666666668,optimal
2021-02-13 15:30:00,86,91,2.2857142857142856,0.0,0.0,0.10363333333333334,optimal
2021-02-13 16:00:00,86,91,0.0,0.0,0.0,0.15793333333333334,optimal
2021-02-13 16:30:00,86,91,0.0,0.0,0.0,0.20213333333333333,optimal
2021-02-13 17:00:00,86,91,0.0,0.0,0.0,0.06,optimal
2021-02-13 17:30:00,86,91,0.0,0.0,0.0,0.06,optimal
2021-02-13 18:00:00,86,91,0.0,0.0,0.0,3.5660666666666665,optimal
2021-02-13 18:30:00,86,91,0.0,0.0,0.0,1.5565333333333333,optimal
2021-02-13 19:00:00,86,91,0.0,0.0,0.0,0.5849666666666667,optimal
2021-02-13 19:30:00,86,91,0.08086434014830197,0.0,0.0,2.004033333333333,optimal
2021-02-13 20:00:00,86,91,1.221772022532912,0.0,0.0,1.8971333333333327,optimal
2021-02-13 20:30:00,86,91,0.0,0.0,0.0,3.1088666666666667,optimal
2021-02-13 21:00:00,86,91,0.0,0.0,0.0,1.6825999999999999,optimal
2021-02-13 21:30:00,86,91,0.0,0.0,0.0,2.1121,optimal
2021-02-13 22:00:00,86,91,0.11942857142857141,0.0,0.0,1.4394333333333333,optimal
2021-02-13 22:30:00,86,91,0.0,0.0,0.0,2.770966666666667,optimal
2021-02-13 23:00:00,86,91,0.0,0.0,0.0,1.7743,optimal
2021-02-13 23:30:00,86,91,0.0,0.0,0.0,0.3254666666666666,optimal
2021-02-07 00:00:00,87,91,0.0,0.0,0.0,0.06233333333333334,optimal
2021-02-07 00:30:00,87,91,0.0,0.0,0.0,0.16866666666666666,optimal
2021-02-07 01:00:00,87,91,0.0,0.0,0.0,0.07,optimal
2021-02-07 01:30:00,87,91,0.0,0.0,0.0,0.1198,optimal
2021-02-07 02:00:00,87,91,0.0,0.0,0.0,0.13219999999999998,optimal
2021-02-07 02:30:00,87,91,0.0,0.0,0.0,0.13413333333333333,optimal
2021-02-07 03:00:00,87,91,0.0,0.0,0.0,0.1666,optimal
2021-02-07 03:30:00,87,91,0.0,0.0,0.0,0.14953333333333332,optimal
2021-02-07 04:00:00,87,91,2.2857142857142856,0.0,0.0,0.0848,optimal
2021-02-07 04:30:00,87,91,2.2857142857142856,0.0,0.0,0.15386666666666668,optimal
2021-02-07 05:00:00,87,91,2.2857142857142856,0.0,0.0,0.07,optimal
2021-02-07 05:30:00,87,91,2.2857142857142856,0.0,0.0,0.14746666666666666,optimal
2021-02-07 06:00:00,87,91,2.2857142857142856,0.0,0.0,0.2511333333333333,optimal
2021-02-07 06:30:00,87,91,2.2857142857142856,0.0,0.0,0.19403333333333334,optimal
2021-02-07 07:00:00,87,91,2.2857142857142856,0.0,1.5052247886819266,0.2014,optimal
2021-02-07 07:30:00,87,91,0.0,0.0,0.0,0.14576666666666668,optimal
2021-02-07 08:00:00,87,91,0.0,0.0,0.0,0.096,optimal
2021-02-07 08:30:00,87,91,0.0,0.0,0.0,0.10493333333333334,optimal
2021-02-07 09:00:00,87,91,0.0,0.0,0.0,1.8911333333333327,optimal
2021-02-07 09:30:00,87,91,0.0320021560339112,0.0,0.0,0.21506666666666663,optimal
2021-02-07 10:00:00,87,91,0.9269292991504215,0.0,0.0,0.3758666666666667,optimal
2021-02-07 10:30:00,87,91,0.983594900189486,0.0,0.0,0.203,optimal
2021-02-07 11:00:00,87,91,0.8610116373410778,0.0,0.0,0.21430000000000002,optimal
2021-02-07 11:30:00,87,91,0.854868780198215,0.0,0.0,0.14546666666666666,optimal
2021-02-07 12:00:00,87,91,0.7584292704341576,0.0,0.0,0.16666666666666666,optimal
2021-02-07 12:30:00,87,91,0.6899530799579694,0.0,0.0,0.2623333333333333,optimal
2021-02-07 13:00:00,87,91,0.7884060739191227,0.0,0.0,0.1821333333333333,optimal
2021-02-07 13:30:00,87,91,1.7971149098976802,0.0,0.0,1.8811333333333327,optimal
2021-02-07 14:00:00,87,91,2.2857142857142856,0.0,0.0,3.2199333333333335,optimal
2021-02-07 14:30:00,87,91,2.2857142857142856,0.0,0.0,1.4568666666666665,optimal
2021-02-07 15:00:00,87,91,2.2857142857142856,0.0,0.0,0.15819999999999998,optimal
2021-02-07 15:30:00,87,91,2.2857142857142856,0.0,0.0,0.41133333333333333,optimal
2021-02-07 16:00:00,87,91,0.0,0.0,0.0,0.3073333333333333,optimal
2021-02-07 16:30:00,87,91,0.0,0.0,0.0,0.16506666666666667,optimal
2021-02-07 17:00:00,87,91,0.0,0.0,0.0,0.5757666666666666,optimal
2021-02-07 17:30:00,87,91,0.0,0.0,0.0,1.7578333333333334,optimal
2021-02-07 18:00:00,87,91,0.0,0.0,0.0,1.2829000000000002,optimal
2021-02-07 18:30:00,87,91,0.0,0.0,0.0,0.4756666666666667,optimal
2021-02-07 19:00:00,87,91,0.0,0.0,0.0,2.4256666666666664,optimal
2021-02-07 19:30:00,87,91,0.0,0.0,0.0,0.3557,optimal
2021-02-07 20:00:00,87,91,0.0,0.0,0.0,0.3337,optimal
2021-02-07 20:30:00,87,91,0.0,0.0,0.0,0.31160000000000004,optimal
2021-02-07 21:00:00,87,91,0.0,0.0,0.0,0.2246,optimal
2021-02-07 21:30:00,87,91,0.0,0.0,0.0,0.20996666666666666,optimal
2021-02-07 22:00:00,87,91,0.0,0.0,0.0,0.14746666666666666,optimal
2021-02-07 22:30:00,87,91,0.0,0.0,0.0,0.07,optimal
2021-02-07 23:00:00,87,91,0.0,0.0,0.0,0.14746666666666666,optimal
2021-02-07 23:30:00,87,91,0.0,0.0,0.0,0.06766666666666667,optimal
2021-02-08 00:00:00,87,91,0.0,0.0,0.0,0.059,optimal
2021-02-08 00:30:00,87,91,0.0,0.0,0.0,0.059,optimal
2021-02-08 01:00:00,87,91,0.0,0.0,0.0,0.059,optimal
2021-02-08 01:30:00,87,91,0.0,0.0,0.0,0.16033333333333336,optimal
2021-02-08 02:00:00,87,91,0.008636413984294947,0.0,0.0,0.059,optimal
2021-02-08 02:30:00,87,91,2.2857142857142856,0.0,0.0,0.059,optimal
2021-02-08 03:00:00,87,91,2.2857142857142856,0.0,0.0,0.1046,optimal
2021-02-08 03:30:00,87,91,2.2857142857142856,0.0,0.0,0.11473333333333333,optimal
2021-02-08 04:00:00,87,91,2.2857142857142856,0.0,0.0,0.059,optimal
2021-02-08 04:30:00,87,91,2.2857142857142856,0.0,0.0,0.16033333333333336,optimal
2021-02-08 05:00:00,87,91,2.2857142857142856,0.0,0.0,0.059,optimal
2021-02-08 05:30:00,87,91,2.2857142857142856,0.0,0.0,0.059,optimal
2021-02-08 06:00:00,87,91,2.2857142857142856,0.0,0.0,0.059,optimal
2021-02-08 06:30:00,87,91,2.2857142857142856,0.0,0.0,0.059,optimal
2021-02-08 07:00:00,87,91,2.2857142857142856,0.0,7.694257910835931,0.1502,optimal
2021-02-08 07:30:00,87,91,2.2857142857142856,0.0,0.0,0.15696666666666667,optimal
2021-02-08 08:00:00,87,91,1.1931948148685065,0.0,0.0,0.204,optimal
2021-02-08 08:30:00,87,91,1.1267880349551884,0.0,0.0,0.2024,optimal
2021-02-08 09:00:00,87,91,0.9037044043585362,0.0,0.0,0.37539999999999996,optimal
2021-02-08 09:30:00,87,91,0.9610764789904064,0.0,0.0,0.2991333333333333,optimal
2021-02-08 10:00:00,87,91,0.7518690343045092,0.0,0.0,0.24209999999999998,optimal
2021-02-08 10:30:00,87,91,0.6737560072916964,0.0,0.0,0.5735333333333333,optimal
2021-02-08 11:00:00,87,91,0.5040628951507067,0.0,0.0,0.7127,optimal
2021-02-08 11:30:00,87,91,0.49177253220688244,0.0,0.0,1.2445333333333333,optimal
2021-02-08 12:00:00,87,91,0.5313642625333854,0.0,0.0,0.17813333333333334,optimal
2021-02-08 12:30:00,87,91,0.562465441407612,0.0,0.0,0.15080000000000002,optimal
2021-02-08 13:00:00,87,91,2.2857142857142856,0.0,0.0,0.2074,optimal
2021-02-08 13:30:00,87,91,2.2857142857142856,0.0,0.0,0.19463333333333332,optimal
2021-02-08 14:00:00,87,91,2.2857142857142856,0.0,0.0,0.0974,optimal
2021-02-08 14:30:00,87,91,2.2857142857142856,0.0,0.0,0.067,optimal
2021-02-08 15:00:00,87,91,2.2857142857142856,0.0,0.0,0.13486666666666666,optimal
2021-02-08 15:30:00,87,91,2.2857142857142856,0.0,0.0,0.10446666666666668,optimal
2021-02-08 16:00:00,87,91,0.0,0.0,0.0,0.0994,optimal
2021-02-08 16:30:00,87,91,0.0,0.0,0.0,0.2117666666666667,optimal
2021-02-08 17:00:00,87,91,0.0,0.0,0.0,0.326,optimal
2021-02-08 17:30:00,87,91,0.0,0.0,0.0,0.29956666666666665,optimal
2021-02-08 18:00:00,87,91,0.0,0.0,0.0,0.2095,optimal
2021-02-08 18:30:00,87,91,0.0,0.0,0.0,0.222,optimal
2021-02-08 19:00:00,87,91,0.0,0.0,0.0,0.31753333333333333,optimal
2021-02-08 19:30:00,87,91,0.4751209725332878,0.0,0.0,0.189,optimal
2021-02-08 20:00:00,87,91,1.152464357077511,0.0,0.0,0.193,optimal
2021-02-08 20:30:00,87,91,0.0,0.0,0.0,0.2468333333333333,optimal
2021-02-08 21:00:00,87,91,0.0,0.0,0.0,0.2047333333333333,optimal
2021-02-08 21:30:00,87,91,0.0,0.0,0.0,0.1883333333333333,optimal
2021-02-08 22:00:00,87,91,0.0,0.0,0.0,0.069,optimal
2021-02-08 22:30:00,87,91,0.0,0.0,0.0,0.16526666666666667,optimal
2021-02-08 23:00:00,87,91,0.0,0.0,0.0,0.07406666666666667,optimal
2021-02-08 23:30:00,87,91,0.0,0.0,0.0,0.11259999999999999,optimal
2021-02-09 00:00:00,87,91,0.0,0.0,0.0,0.12183333333333332,optimal
2021-02-09 00:30:00,87,91,2.2857142857142856,0.0,0.0,0.0765,optimal
2021-02-09 01:00:00,87,91,0.6203809523809524,0.0,0.0,0.065,optimal
2021-02-09 01:30:00,87,91,0.0,0.0,0.0,0.134,optimal
2021-02-09 02:00:00,87,91,1.2916827026335473,0.0,0.0,0.065,optimal
2021-02-09 02:30:00,87,91,2.2857142857142856,0.0,0.0,0.065,optimal
2021-02-09 03:00:00,87,91,2.2857142857142856,0.0,0.0,0.065,optimal
2021-02-09 03:30:00,87,91,2.2857142857142856,0.0,0.0,0.11483333333333332,optimal
2021-02-09 04:00:00,87,91,2.2857142857142856,0.0,0.0,0.08416666666666667,optimal
2021-02-09 04:30:00,87,91,2.2857142857142856,0.0,0.0,0.10716666666666669,optimal
2021-02-09 05:00:00,87,91,2.2857142857142856,0.0,0.0,0.09183333333333331,optimal
2021-02-09 05:30:00,87,91,2.2857142857142856,0.0,0.0,0.065,optimal
2021-02-09 06:00:00,87,91,2.2857142857142856,0.0,0.0,0.065,optimal
2021-02-09 06:30:00,87,91,2.2857142857142856,0.0,0.0,0.065,optimal
2021-02-09 07:00:00,87,91,2.2857142857142856,0.0,9.9605241742193,0.13333333333333333,optimal
2021-02-09 07:30:00,87,91,2.2857142857142856,0.0,0.0,0.0741,optimal
2021-02-09 08:00:00,87,91,1.2029528432677303,0.0,0.0,0.26213333333333333,optimal
2021-02-09 08:30:00,87,91,1.1446087274234216,0.0,0.0,1.1680333333333333,optimal
2021-02-09 09:00:00,87,91,1.0076818297255739,0.0,0.0,0.8799,optimal
2021-02-09 09:30:00,87,91,1.0456583599416949,0.0,0.0,0.3452333333333333,optimal
2021-02-09 10:00:00,87,91,0.7052076197510171,0.0,0.0,1.7732999999999999,optimal
2021-02-09 10:30:00,87,91,0.7628512362009532,0.0,0.0,0.4589,optimal
2021-02-09 11:00:00,87,91,0.5232025186118087,0.0,0.0,0.372,optimal
2021-02-09 11:30:00,87,91,0.6006744799970296,0.0,0.0,0.22293333333333332,optimal
2021-02-09 12:00:00,87,91,0.3787887231610024,0.0,0.0,1.7051666666666667,optimal
2021-02-09 12:30:00,87,91,0.3168043808233935,0.0,0.0,2.635333333333333,optimal
2021-02-09 13:00:00,87,91,1.6005588679484277,0.0,0.0,1.0746,optimal
2021-02-09 13:30:00,87,91,2.2857142857142856,0.0,0.0,0.075,optimal
2021-02-09 14:00:00,87,91,2.2857142857142856,0.0,0.0,0.144,optimal
2021-02-09 14:30:00,87,91,2.2857142857142856,0.0,0.0,0.075,optimal
2021-02-09 15:00:00,87,91,2.2857142857142856,0.0,0.0,0.2693666666666667,optimal
2021-02-09 15:30:00,87,91,2.2857142857142856,0.0,0.0,0.32453333333333334,optimal
2021-02-09 16:00:00,87,91,0.0,0.0,0.0,0.4175,optimal
2021-02-09 16:30:00,87,91,0.0,0.0,0.0,0.9115666666666669,optimal
2021-02-09 17:00:00,87,91,0.0,0.0,0.0,1.372766666666667,optimal
2021-02-09 17:30:00,87,91,0.0,0.0,0.0,0.7966333333333333,optimal
2021-02-09 18:00:00,87,91,0.0,0.0,0.0,0.24366666666666664,optimal
2021-02-09 18:30:00,87,91,0.0,0.0,0.0,0.4323,optimal
2021-02-09 19:00:00,87,91,0.0,0.0,0.0,0.38160000000000005,optimal
2021-02-09 19:30:00,87,91,0.0,0.0,0.0,0.3705,optimal
2021-02-09 20:00:00,87,91,0.0,0.0,0.0,0.3137333333333333,optimal
2021-02-09 20:30:00,87,91,0.0,0.0,0.0,0.3047333333333333,optimal
2021-02-09 21:00:00,87,91,0.0,0.0,0.0,1.3460999999999999,optimal
2021-02-09 21:30:00,87,91,0.0,0.0,0.0,0.5388333333333334,optimal
2021-02-09 22:00:00,87,91,0.0199047619047619,0.0,0.0,0.6045666666666667,optimal
2021-02-09 22:30:00,87,91,0.0,0.0,0.0,0.22786666666666666,optimal
2021-02-09 23:00:00,87,91,0.0,0.0,0.0,0.7786666666666666,optimal
2021-02-09 23:30:00,87,91,0.0,0.0,0.0,0.4254,optimal
2021-02-10 00:00:00,87,91,0.0,0.0,0.0,0.041,optimal
2021-02-10 00:30:00,87,91,1.1942857142857142,0.0,0.0,0.041,optimal
2021-02-10 01:00:00,87,91,0.0,0.0,0.0,0.1088,optimal
2021-02-10 01:30:00,87,91,0.0,0.0,0.0,0.041,optimal
2021-02-10 02:00:00,87,91,1.3567618430104051,0.0,0.0,0.1088,optimal
2021-02-10 02:30:00,87,91,2.2857142857142856,0.0,0.0,0.041,optimal
2021-02-10 03:00:00,87,91,2.2857142857142856,0.0,0.0,0.09373333333333332,optimal
2021-02-10 03:30:00,87,91,2.2857142857142856,0.0,0.0,0.05606666666666667,optimal
2021-02-10 04:00:00,87,91,2.2857142857142856,0.0,0.0,0.041,optimal
2021-02-10 04:30:00,87,91,2.2857142857142856,0.0,0.0,0.1088,optimal
2021-02-10 05:00:00,87,91,2.2857142857142856,0.0,0.0,0.041,optimal
2021-02-10 05:30:00,87,91,2.2857142857142856,0.0,0.0,0.1088,optimal
2021-02-10 06:00:00,87,91,2.2857142857142856,0.0,0.0,0.050333333333333334,optimal
2021-02-10 06:30:00,87,91,2.2857142857142856,0.0,8.594501421957965,0.09620000000000001,optimal
2021-02-10 07:00:00,87,91,2.2857142857142856,0.0,10.0,0.11226666666666668,optimal
2021-02-10 07:30:00,87,91,2.2857142857142856,0.0,0.0,0.05853333333333333,optimal
2021-02-10 08:00:00,87,91,1.3774603770770057,0.0,0.0,0.11126666666666668,optimal
2021-02-10 08:30:00,87,91,1.3755596511893422,0.0,0.0,0.06983333333333333,optimal
2021-02-10 09:00:00,87,91,1.1914402546994989,0.0,0.0,0.09996666666666668,optimal
2021-02-10 09:30:00,87,91,1.191691909764212,0.0,0.0,0.051,optimal
2021-02-10 10:00:00,87,91,0.9157724188775944,0.0,0.0,0.051,optimal
2021-02-10 10:30:00,87,91,0.7670778268428029,0.0,0.0,0.3353666666666667,optimal
2021-02-10 11:00:00,87,91,0.49657666225299585,0.0,0.0,1.0414333333333334,optimal
2021-02-10 11:30:00,87,91,0.2714253469282222,0.0,0.0,2.233333333333333,optimal
2021-02-10 12:00:00,87,91,0.3220792081697008,0.0,0.0,0.14776666666666669,optimal
2021-02-10 12:30:00,87,91,0.33207730340780156,0.0,0.0,0.18866666666666662,optimal
2021-02-10 13:00:00,87,91,2.2857142857142856,0.0,0.0,1.7978333333333332,optimal
2021-02-10 13:30:00,87,91,2.2857142857142856,0.0,0.0,1.8554000000000002,optimal
2021-02-10 14:00:00,87,91,2.2857142857142856,0.0,0.0,0.6613666666666667,optimal
2021-02-10 14:30:00,87,91,2.2857142857142856,0.0,0.0,0.22933333333333328,optimal
2021-02-10 15:00:00,87,91,2.2857142857142856,0.0,0.0,0.051,optimal
2021-02-10 15:30:00,87,91,2.2857142857142856,0.0,0.0,0.051,optimal
2021-02-10 16:00:00,87,91,0.0,0.0,0.0,0.051,optimal
2021-02-10 16:30:00,87,91,0.0,0.0,0.0,0.051,optimal
2021-02-10 17:00:00,87,91,0.0,0.0,0.0,0.051,optimal
2021-02-10 17:30:00,87,91,0.0,0.0,0.0,0.051,optimal
2021-02-10 18:00:00,87,91,0.0,0.0,0.0,0.47323333333333334,optimal
2021-02-10 18:30:00,87,91,0.0,0.0,0.0,1.1974666666666667,optimal
2021-02-10 19:00:00,87,91,0.0,0.0,0.0,0.051,optimal
2021-02-10 19:30:00,87,91,0.0,0.0,0.0,1.3665333333333334,optimal
2021-02-10 20:00:00,87,91,0.3722967267634187,0.0,0.0,0.29560000000000003,optimal
2021-02-10 20:30:00,87,91,0.0,0.0,0.0,1.5555999999999999,optimal
2021-02-10 21:00:00,87,91,0.0,0.0,0.0,0.3040333333333334,optimal
2021-02-10 21:30:00,87,91,0.0,0.0,0.0,0.3836333333333333,optimal
2021-02-10 22:00:00,87,91,0.0,0.0,0.0,0.449,optimal
2021-02-10 22:30:00,87,91,0.0,0.0,0.0,0.29346666666666665,optimal
2021-02-10 23:00:00,87,91,0.0,0.0,0.0,0.1188,optimal
2021-02-10 23:30:00,87,91,0.0,0.0,0.0,0.04833333333333333,optimal
2021-02-11 00:00:00,87,91,0.0,0.0,0.0,0.34953333333333336,optimal
2021-02-11 00:30:00,87,91,0.8559047619047618,0.0,0.0,0.324,optimal
2021-02-11 01:00:00,87,91,0.557903768194157,0.0,0.0,0.4261666666666667,optimal
2021-02-11 01:30:00,87,91,2.2857142857142856,0.0,0.0,0.24486666666666668,optimal
2021-02-11 02:00:00,87,91,2.2857142857142856,0.0,0.0,0.1918,optimal
2021-02-11 02:30:00,87,91,2.2857142857142856,0.0,0.0,0.12143333333333334,optimal
2021-02-11 03:00:00,87,91,2.2857142857142856,0.0,0.0,0.054,optimal
2021-02-11 03:30:00,87,91,2.2857142857142856,0.0,0.0,0.054,optimal
2021-02-11 04:00:00,87,91,2.2857142857142856,0.0,0.0,0.16733333333333333,optimal
2021-02-11 04:30:00,87,91,2.2857142857142856,0.0,0.0,0.054,optimal
2021-02-11 05:00:00,87,91,2.2857142857142856,0.0,0.0,0.16733333333333333,optimal
2021-02-11 05:30:00,87,91,2.2857142857142856,0.0,0.0,0.054,optimal
2021-02-11 06:00:00,87,91,2.2857142857142856,0.0,0.0,0.054,optimal
2021-02-11 06:30:00,87,91,2.2857142857142856,0.0,9.858328944074755,0.166,optimal
2021-02-11 07:00:00,87,91,2.2857142857142856,0.0,10.0,0.1,optimal
2021-02-11 07:30:00,87,91,2.2857142857142856,0.0,0.0,0.18616666666666662,optimal
2021-02-11 08:00:00,87,91,1.3751832417970944,0.0,0.0,0.10833333333333331,optimal
2021-02-11 08:30:00,87,91,1.4848206909747557,0.0,0.0,0.092,optimal
2021-02-11 09:00:00,87,91,1.3317751602367374,0.0,0.0,0.16033333333333336,optimal
2021-02-11 09:30:00,87,91,1.2459536954730377,0.0,0.0,0.064,optimal
2021-02-11 10:00:00,87,91,0.7934203020631734,0.0,0.0,0.17733333333333334,optimal
2021-02-11 10:30:00,87,91,0.8670177178213956,0.0,0.0,0.064,optimal
2021-02-11 11:00:00,87,91,0.6655776038667882,0.0,0.0,0.064,optimal
2021-02-11 11:30:00,87,91,0.5224094055975842,0.0,0.0,0.33443333333333336,optimal
2021-02-11 12:00:00,87,91,0.3111867988412816,0.0,0.0,0.13466666666666666,optimal
2021-02-11 12:30:00,87,91,0.25569753494446834,0.0,0.0,0.17193333333333333,optimal
2021-02-11 13:00:00,87,91,2.2857142857142856,0.0,0.0,0.2327333333333333,optimal
2021-02-11 13:30:00,87,91,2.2857142857142856,0.0,0.0,0.064,optimal
2021-02-11 14:00:00,87,91,2.2857142857142856,0.0,0.0,0.10933333333333331,optimal
2021-02-11 14:30:00,87,91,2.2857142857142856,0.0,0.0,0.132,optimal
2021-02-11 15:00:00,87,91,2.2857142857142856,0.0,0.0,0.064,optimal
2021-02-11 15:30:00,87,91,2.2857142857142856,0.0,0.0,0.064,optimal
2021-02-11 16:00:00,87,91,0.0,0.0,0.0,0.064,optimal
2021-02-11 16:30:00,87,91,0.0,0.0,0.0,0.17733333333333334,optimal
2021-02-11 17:00:00,87,91,0.0,0.0,0.0,0.064,optimal
2021-02-11 17:30:00,87,91,0.0,0.0,0.0,0.14333333333333334,optimal
2021-02-11 18:00:00,87,91,0.0,0.0,0.0,0.18673333333333328,optimal
2021-02-11 18:30:00,87,91,0.0,0.0,0.0,1.5735,optimal
2021-02-11 19:00:00,87,91,0.0,0.0,0.0,1.0634666666666668,optimal
2021-02-11 19:30:00,87,91,0.48223196989672007,0.0,0.0,0.56,optimal
2021-02-11 20:00:00,87,91,1.5090221440980454,0.0,0.0,0.5742666666666667,optimal
2021-02-11 20:30:00,87,91,0.0,0.0,0.0,0.6025,optimal
2021-02-11 21:00:00,87,91,0.0,0.0,0.0,0.5622333333333334,optimal
2021-02-11 21:30:00,87,91,0.0,0.0,0.0,0.7321,optimal
2021-02-11 22:00:00,87,91,0.0398095238095238,0.0,0.0,0.4915333333333334,optimal
2021-02-11 22:30:00,87,91,0.0,0.0,0.0,0.2643333333333333,optimal
2021-02-11 23:00:00,87,91,0.0,0.0,0.0,0.064,optimal
2021-02-11 23:30:00,87,91,0.0,0.0,0.0,0.17733333333333334,optimal
2021-02-12 00:00:00,87,91,0.06780533677018782,0.0,0.0,0.054,optimal
2021-02-12 00:30:00,87,91,2.2857142857142856,0.0,0.0,0.052,optimal
2021-02-12 01:00:00,87,91,2.2857142857142856,0.0,0.0,0.052,optimal
2021-02-12 01:30:00,87,91,2.2857142857142856,0.0,0.0,0.052,optimal
2021-02-12 02:00:00,87,91,2.2857142857142856,0.0,0.0,0.052,optimal
2021-02-12 02:30:00,87,91,2.2857142857142856,0.0,0.0,0.052,optimal
2021-02-12 03:00:00,87,91,2.2857142857142856,0.0,0.0,0.052,optimal
2021-02-12 03:30:00,87,91,2.2857142857142856,0.0,0.0,0.052,optimal
2021-02-12 04:00:00,87,91,2.2857142857142856,0.0,0.0,0.052,optimal
2021-02-12 04:30:00,87,91,2.2857142857142856,0.0,0.0,0.05733333333333333,optimal
2021-02-12 05:00:00,87,91,2.2857142857142856,0.0,0.0,0.054666666666666655,optimal
2021-02-12 05:30:00,87,91,2.2857142857142856,0.0,0.0,0.052,optimal
2021-02-12 06:00:00,87,91,2.2857142857142856,0.0,0.0,0.052,optimal
2021-02-12 06:30:00,87,91,2.2857142857142856,0.0,0.0,0.05866666666666666,optimal
2021-02-12 07:00:00,87,91,2.2857142857142856,0.0,9.723809055187338,0.07,optimal
2021-02-12 07:30:00,87,91,2.2857142857142856,0.0,0.0,0.05733333333333333,optimal
2021-02-12 08:00:00,87,91,1.493806644742126,0.0,0.0,0.05,optimal
2021-02-12 08:30:00,87,91,1.6218787992011992,0.0,0.0,0.052,optimal
2021-02-12 09:00:00,87,91,1.4375875399756675,0.0,0.0,0.052,optimal
2021-02-12 09:30:00,87,91,1.286460507592356,0.0,0.0,0.052,optimal
2021-02-12 10:00:00,87,91,0.8508395569578787,0.0,0.0,0.052,optimal
2021-02-12 10:30:00,87,91,0.8233619147063675,0.0,0.0,0.052,optimal
2021-02-12 11:00:00,87,91,0.5283978035652266,0.0,0.0,0.05066666666666666,optimal
2021-02-12 11:30:00,87,91,0.5379726220933113,0.0,0.0,0.05413333333333333,optimal
2021-02-12 12:00:00,87,91,0.45989444666024865,0.0,0.0,0.052,optimal
2021-02-12 12:30:00,87,91,0.4564597413788098,0.0,0.0,0.052,optimal
2021-02-12 13:00:00,87,91,2.2857142857142856,0.0,0.0,0.06066666666666666,optimal
2021-02-12 13:30:00,87,91,2.2857142857142856,0.0,0.0,0.06066666666666666,optimal
2021-02-12 14:00:00,87,91,2.2857142857142856,0.0,0.0,0.052,optimal
2021-02-12 14:30:00,87,91,2.2857142857142856,0.0,0.0,0.052,optimal
2021-02-12 15:00:00,87,91,2.2857142857142856,0.0,0.0,0.052,optimal
2021-02-12 15:30:00,87,91,2.2857142857142856,0.0,0.0,0.05866666666666666,optimal
2021-02-12 16:00:00,87,91,0.0,0.0,0.0,0.062,optimal
2021-02-12 16:30:00,87,91,0.0,0.0,0.0,0.062,optimal
2021-02-12 17:00:00,87,91,0.0,0.0,0.0,0.07066666666666667,optimal
2021-02-12 17:30:00,87,91,0.0,0.0,0.0,0.36383333333333334,optimal
2021-02-12 18:00:00,87,91,0.0,0.0,0.0,0.066,optimal
2021-02-12 18:30:00,87,91,0.0,0.0,0.0,0.45413333333333333,optimal
2021-02-12 19:00:00,87,91,0.0,0.0,0.0,1.1573666666666667,optimal
2021-02-12 19:30:00,87,91,0.0,0.0,0.0,0.06246666666666667,optimal
2021-02-12 20:00:00,87,91,0.8772875169786287,0.0,0.0,0.09666666666666669,optimal
2021-02-12 20:30:00,87,91,0.0,0.0,0.0,0.3204666666666666,optimal
2021-02-12 21:00:00,87,91,0.0,0.0,0.0,0.081,optimal
2021-02-12 21:30:00,87,91,0.0,0.0,0.0,0.17463333333333333,optimal
2021-02-12 22:00:00,87,91,0.6568571428571428,0.0,0.0,0.0832,optimal
2021-02-12 22:30:00,87,91,0.0,0.0,0.0,1.2963666666666667,optimal
2021-02-12 23:00:00,87,91,0.0,0.0,0.0,0.2951333333333333,optimal
2021-02-12 23:30:00,87,91,0.0,0.0,0.0,0.3635,optimal
2021-02-13 00:00:00,87,91,0.0398095238095238,0.0,0.0,0.06733333333333333,optimal
2021-02-13 00:30:00,87,91,0.9952380952380953,0.0,0.0,0.08566666666666667,optimal
2021-02-13 01:00:00,87,91,0.0,0.0,0.0,0.11873333333333332,optimal
2021-02-13 01:30:00,87,91,0.0,0.0,0.0,0.065,optimal
2021-02-13 02:00:00,87,91,2.039610488444907,0.0,0.0,0.12286666666666667,optimal
2021-02-13 02:30:00,87,91,2.2857142857142856,0.0,0.0,0.08153333333333333,optimal
2021-02-13 03:00:00,87,91,2.2857142857142856,0.0,0.0,0.065,optimal
2021-02-13 03:30:00,87,91,2.2857142857142856,0.0,0.0,0.1394,optimal
2021-02-13 04:00:00,87,91,2.2857142857142856,0.0,0.0,0.07479999999999999,optimal
2021-02-13 04:30:00,87,91,2.2857142857142856,0.0,0.0,0.14526666666666668,optimal
2021-02-13 05:00:00,87,91,2.2857142857142856,0.0,0.0,0.08326666666666667,optimal
2021-02-13 05:30:00,87,91,2.2857142857142856,0.0,0.0,0.14113333333333333,optimal
2021-02-13 06:00:00,87,91,2.2857142857142856,0.0,0.0,0.075,optimal
2021-02-13 06:30:00,87,91,2.2857142857142856,0.0,3.0278204081042164,0.31906666666666667,optimal
2021-02-13 07:00:00,87,91,2.2857142857142856,0.0,10.0,0.073,optimal
2021-02-13 07:30:00,87,91,2.2857142857142856,0.0,0.0,0.31839999999999996,optimal
2021-02-13 08:00:00,87,91,1.3687856663844538,0.0,0.0,0.073,optimal
2021-02-13 08:30:00,87,91,1.3240842944363447,0.0,0.0,0.10193333333333333,optimal
2021-02-13 09:00:00,87,91,1.1245970666073748,0.0,0.0,0.11846666666666668,optimal
2021-02-13 09:30:00,87,91,0.9672902068668382,0.0,0.0,1.1206666666666667,optimal
2021-02-13 10:00:00,87,91,0.7214857513927866,0.0,0.0,1.0528333333333333,optimal
2021-02-13 10:30:00,87,91,0.5140415223018191,0.0,0.0,1.7688666666666666,optimal
2021-02-13 11:00:00,87,91,0.5626732004967492,0.0,0.0,0.1452,optimal
2021-02-13 11:30:00,87,91,0.5771908761676834,0.0,0.0,0.08116666666666666,optimal
2021-02-13 12:00:00,87,91,0.4281856851420594,0.0,0.0,0.11433333333333331,optimal
2021-02-13 12:30:00,87,91,0.40829722696013837,0.0,0.0,0.2814,optimal
2021-02-13 13:00:00,87,91,2.2857142857142856,0.0,0.0,0.42773333333333335,optimal
2021-02-13 13:30:00,87,91,2.2857142857142856,0.0,0.0,0.11633333333333332,optimal
2021-02-13 14:00:00,87,91,2.2857142857142856,0.0,0.0,0.075,optimal
2021-02-13 14:30:00,87,91,2.2857142857142856,0.0,0.0,0.0998,optimal
2021-02-13 15:00:00,87,91,2.2857142857142856,0.0,0.0,0.12459999999999999,optimal
2021-02-13 15:30:00,87,91,2.2857142857142856,0.0,0.0,0.12459999999999999,optimal
2021-02-13 16:00:00,87,91,0.0,0.0,0.0,0.0998,optimal
2021-02-13 16:30:00,87,91,0.0,0.0,0.0,0.075,optimal
2021-02-13 17:00:00,87,91,0.0,0.0,0.0,0.1494,optimal
2021-02-13 17:30:00,87,91,0.0,0.0,0.0,0.3141666666666667,optimal
2021-02-13 18:00:00,87,91,0.0,0.0,0.0,0.5589666666666667,optimal
2021-02-13 18:30:00,87,91,0.0,0.0,0.0,0.474,optimal
2021-02-13 19:00:00,87,91,0.0,0.0,0.0,1.892,optimal
2021-02-13 19:30:00,87,91,0.7052386376727132,0.0,0.0,0.5169333333333332,optimal
2021-02-13 20:00:00,87,91,1.0509720225329224,0.0,0.0,0.693,optimal
2021-02-13 20:30:00,87,91,0.0,0.0,0.0,0.6180333333333333,optimal
2021-02-13 21:00:00,87,91,0.0,0.0,0.0,0.5075,optimal
2021-02-13 21:30:00,87,91,0.0,0.0,0.0,0.39566666666666667,optimal
2021-02-13 22:00:00,87,91,0.0398095238095238,0.0,0.0,0.4478333333333333,optimal
2021-02-13 22:30:00,87,91,0.0,0.0,0.0,0.3338,optimal
2021-02-13 23:00:00,87,91,0.0,0.0,0.0,0.24013333333333334,optimal
2021-02-13 23:30:00,87,91,0.0,0.0,0.0,0.1935,optimal
2021-02-07 00:00:00,88,91,0.0,0.0,0.0,0.063,optimal
2021-02-07 00:30:00,88,91,0.0,0.0,0.0,0.10173333333333331,optimal
2021-02-07 01:00:00,88,91,0.0,0.0,0.0,0.1607333333333333,optimal
2021-02-07 01:30:00,88,91,0.0,0.0,0.0,0.063,optimal
2021-02-07 02:00:00,88,91,0.0,0.0,0.0,0.18913333333333332,optimal
2021-02-07 02:30:00,88,91,0.0,0.0,0.0,0.063,optimal
2021-02-07 03:00:00,88,91,0.0,0.0,0.0,0.063,optimal
2021-02-07 03:30:00,88,91,0.0,0.0,0.0,0.13753333333333334,optimal
2021-02-07 04:00:00,88,91,2.2857142857142856,0.0,0.0,0.1146,optimal
2021-02-07 04:30:00,88,91,2.2857142857142856,0.0,0.0,0.063,optimal
2021-02-07 05:00:00,88,91,2.2857142857142856,0.0,0.0,0.063,optimal
2021-02-07 05:30:00,88,91,2.2857142857142856,0.0,0.0,0.18913333333333332,optimal
2021-02-07 06:00:00,88,91,2.2857142857142856,0.0,0.0,0.063,optimal
2021-02-07 06:30:00,88,91,2.2857142857142856,0.0,0.0,0.2968,optimal
2021-02-07 07:00:00,88,91,2.2857142857142856,0.0,1.8089900112525021,0.19606666666666664,optimal
2021-02-07 07:30:00,88,91,0.0,0.0,0.0,0.3609,optimal
2021-02-07 08:00:00,88,91,0.0,0.0,0.0,0.374,optimal
2021-02-07 08:30:00,88,91,0.0,0.0,0.0,0.1022,optimal
2021-02-07 09:00:00,88,91,0.0,0.0,0.0,0.13146666666666668,optimal
2021-02-07 09:30:00,88,91,0.23420880838503724,0.0,0.0,0.34313333333333335,optimal
2021-02-07 10:00:00,88,91,0.9081578705789849,0.0,0.0,0.21906666666666663,optimal
2021-02-07 10:30:00,88,91,0.893579662094258,0.0,0.0,0.3521333333333333,optimal
2021-02-07 11:00:00,88,91,0.8211354468648844,0.0,0.0,0.23253333333333334,optimal
2021-02-07 11:30:00,88,91,0.8890497325791792,0.0,0.0,0.16016666666666665,optimal
2021-02-07 12:00:00,88,91,0.8052673656722548,0.0,0.0,0.16473333333333331,optimal
2021-02-07 12:30:00,88,91,0.8704700952824522,0.0,0.0,0.073,optimal
2021-02-07 13:00:00,88,91,2.2857142857142856,0.0,0.0,0.19340000000000002,optimal
2021-02-07 13:30:00,88,91,2.2857142857142856,0.0,0.0,0.07873333333333334,optimal
2021-02-07 14:00:00,88,91,2.2857142857142856,0.0,0.0,0.073,optimal
2021-02-07 14:30:00,88,91,2.2857142857142856,0.0,0.0,0.1418,optimal
2021-02-07 15:00:00,88,91,2.2857142857142856,0.0,0.0,0.13033333333333336,optimal
2021-02-07 15:30:00,88,91,2.2857142857142856,0.0,0.0,0.10166666666666668,optimal
2021-02-07 16:00:00,88,91,0.0,0.0,0.0,0.17046666666666666,optimal
2021-02-07 16:30:00,88,91,0.0,0.0,0.0,0.073,optimal
2021-02-07 17:00:00,88,91,0.0,0.0,0.0,0.16473333333333331,optimal
2021-02-07 17:30:00,88,91,0.0,0.0,0.0,0.10740000000000001,optimal
2021-02-07 18:00:00,88,91,0.0,0.0,0.0,0.10166666666666668,optimal
2021-02-07 18:30:00,88,91,0.0,0.0,0.0,0.17046666666666666,optimal
2021-02-07 19:00:00,88,91,0.0,0.0,0.0,0.073,optimal
2021-02-07 19:30:00,88,91,1.2153402282448431,0.0,0.0,0.17046666666666666,optimal
2021-02-07 20:00:00,88,91,1.1978354663400808,0.0,0.0,0.14766666666666667,optimal
2021-02-07 20:30:00,88,91,0.0,0.0,0.0,0.26646666666666663,optimal
2021-02-07 21:00:00,88,91,0.0,0.0,0.0,0.2793333333333333,optimal
2021-02-07 21:30:00,88,91,0.0,0.0,0.0,0.226,optimal
2021-02-07 22:00:00,88,91,0.0,0.0,0.0,0.35536666666666666,optimal
2021-02-07 22:30:00,88,91,0.0,0.0,0.0,0.4033333333333333,optimal
2021-02-07 23:00:00,88,91,0.0,0.0,0.0,0.16893333333333332,optimal
2021-02-07 23:30:00,88,91,0.0,0.0,0.0,0.11486666666666666,optimal
2021-02-08 00:00:00,88,91,0.0,0.0,0.0,0.053,optimal
2021-02-08 00:30:00,88,91,0.0,0.0,0.0,0.061666666666666654,optimal
2021-02-08 01:00:00,88,91,0.0,0.0,0.0,0.1444,optimal
2021-02-08 01:30:00,88,91,0.0,0.0,0.0,0.053,optimal
2021-02-08 02:00:00,88,91,0.0,0.0,0.0,0.14073333333333332,optimal
2021-02-08 02:30:00,88,91,2.0320554869327583,0.0,0.0,0.053,optimal
2021-02-08 03:00:00,88,91,2.2857142857142856,0.0,0.0,0.053,optimal
2021-02-08 03:30:00,88,91,2.2857142857142856,0.0,0.0,0.14073333333333332,optimal
2021-02-08 04:00:00,88,91,2.2857142857142856,0.0,0.0,0.053,optimal
2021-02-08 04:30:00,88,91,2.2857142857142856,0.0,0.0,0.053,optimal
2021-02-08 05:00:00,88,91,2.2857142857142856,0.0,0.0,0.14073333333333332,optimal
2021-02-08 05:30:00,88,91,2.2857142857142856,0.0,0.0,0.053,optimal
2021-02-08 06:00:00,88,91,2.2857142857142856,0.0,0.0,0.061666666666666654,optimal
2021-02-08 06:30:00,88,91,2.2857142857142856,0.0,2.2098728964242222,0.15073333333333333,optimal
2021-02-08 07:00:00,88,91,2.2857142857142856,0.0,10.0,0.058333333333333334,optimal
2021-02-08 07:30:00,88,91,2.2857142857142856,0.0,0.0,0.6771,optimal
2021-02-08 08:00:00,88,91,1.03649576724946,0.0,0.0,1.1172,optimal
2021-02-08 08:30:00,88,91,1.0761251778123393,0.0,0.0,1.6591,optimal
2021-02-08 09:00:00,88,91,1.009142499596642,0.0,0.0,0.3635,optimal
2021-02-08 09:30:00,88,91,1.0465926694666108,0.0,0.0,0.2958,optimal
2021-02-08 10:00:00,88,91,0.8079661771616551,0.0,0.0,0.3028333333333333,optimal
2021-02-08 10:30:00,88,91,0.8176988644345359,0.0,0.0,0.4098333333333333,optimal
2021-02-08 11:00:00,88,91,0.5917505141983267,0.0,0.0,0.2077,optimal
2021-02-08 11:30:00,88,91,0.5508525322068692,0.0,0.0,0.30946666666666667,optimal
2021-02-08 12:00:00,88,91,0.42758331015242323,0.0,0.0,0.44176666666666664,optimal
2021-02-08 12:30:00,88,91,0.4832540128362021,0.0,0.0,0.21616666666666662,optimal
2021-02-08 13:00:00,88,91,0.7542969513604022,0.0,0.0,0.2454333333333333,optimal
2021-02-08 13:30:00,88,91,2.2857142857142856,0.0,0.0,0.32913333333333333,optimal
2021-02-08 14:00:00,88,91,2.2857142857142856,0.0,0.0,0.3224666666666666,optimal
2021-02-08 14:30:00,88,91,2.2857142857142856,0.0,0.0,0.31089999999999995,optimal
2021-02-08 15:00:00,88,91,2.2857142857142856,0.0,0.0,0.5175333333333333,optimal
2021-02-08 15:30:00,88,91,2.2857142857142856,0.0,0.0,0.3261,optimal
2021-02-08 16:00:00,88,91,0.0,0.0,0.0,0.2978,optimal
2021-02-08 16:30:00,88,91,0.0,0.0,0.0,0.2503333333333333,optimal
2021-02-08 17:00:00,88,91,0.0,0.0,0.0,0.7364666666666667,optimal
2021-02-08 17:30:00,88,91,0.0,0.0,0.0,0.3106666666666667,optimal
2021-02-08 18:00:00,88,91,0.0,0.0,0.0,0.27813333333333334,optimal
2021-02-08 18:30:00,88,91,0.0,0.0,0.0,0.3185,optimal
2021-02-08 19:00:00,88,91,0.0,0.0,0.0,0.27443333333333336,optimal
2021-02-08 19:30:00,88,91,0.0,0.0,0.0,0.2844,optimal
2021-02-08 20:00:00,88,91,0.0,0.0,0.0,0.5028333333333334,optimal
2021-02-08 20:30:00,88,91,0.0,0.0,0.0,0.3202,optimal
2021-02-08 21:00:00,88,91,0.0,0.0,0.0,0.2996666666666667,optimal
2021-02-08 21:30:00,88,91,0.0,0.0,0.0,0.3085333333333334,optimal
2021-02-08 22:00:00,88,91,0.0796190476190476,0.0,0.0,0.36410000000000003,optimal
2021-02-08 22:30:00,88,91,0.0,0.0,0.0,0.46166666666666667,optimal
2021-02-08 23:00:00,88,91,0.0,0.0,0.0,0.16873333333333332,optimal
2021-02-08 23:30:00,88,91,0.0,0.0,0.0,0.053,optimal
2021-02-09 00:00:00,88,91,0.0,0.0,0.0,0.062,optimal
2021-02-09 00:30:00,88,91,0.23885714285714282,0.0,0.0,0.07066666666666667,optimal
2021-02-09 01:00:00,88,91,0.0,0.0,0.0,0.08483333333333333,optimal
2021-02-09 01:30:00,88,91,0.0,0.0,0.0,0.19816666666666663,optimal
2021-02-09 02:00:00,88,91,0.7376267970345783,0.0,0.0,0.062,optimal
2021-02-09 02:30:00,88,91,2.2857142857142856,0.0,0.0,0.17666666666666667,optimal
2021-02-09 03:00:00,88,91,2.2857142857142856,0.0,0.0,0.105,optimal
2021-02-09 03:30:00,88,91,2.2857142857142856,0.0,0.0,0.062,optimal
2021-02-09 04:00:00,88,91,2.2857142857142856,0.0,0.0,0.062,optimal
2021-02-09 04:30:00,88,91,2.2857142857142856,0.0,0.0,0.062,optimal
2021-02-09 05:00:00,88,91,2.2857142857142856,0.0,0.0,0.20533333333333328,optimal
2021-02-09 05:30:00,88,91,2.2857142857142856,0.0,0.0,0.07633333333333332,optimal
2021-02-09 06:00:00,88,91,2.2857142857142856,0.0,0.0,0.1265,optimal
2021-02-09 06:30:00,88,91,2.2857142857142856,0.0,4.70212334933266,0.15516666666666665,optimal
2021-02-09 07:00:00,88,91,2.2857142857142856,0.0,10.0,0.062,optimal
2021-02-09 07:30:00,88,91,2.2857142857142856,0.0,0.0,0.07066666666666667,optimal
2021-02-09 08:00:00,88,91,1.2558766527915488,0.0,0.0,0.0942,optimal
2021-02-09 08:30:00,88,91,1.18260110837581,0.0,0.0,0.2695,optimal
2021-02-09 09:00:00,88,91,1.176165639249379,0.0,0.0,0.15083333333333335,optimal
2021-02-09 09:30:00,88,91,1.1780812170845614,0.0,0.0,0.072,optimal
2021-02-09 10:00:00,88,91,0.888761905465287,0.0,0.0,0.14366666666666666,optimal
2021-02-09 10:30:00,88,91,0.8674931409628658,0.0,0.0,0.158,optimal
2021-02-09 11:00:00,88,91,0.6433910900403786,0.0,0.0,0.072,optimal
2021-02-09 11:30:00,88,91,0.6276706704732139,0.0,0.0,0.115,optimal
2021-02-09 12:00:00,88,91,0.44198872316101284,0.0,0.0,0.18666666666666662,optimal
2021-02-09 12:30:00,88,91,0.4781853332043571,0.0,0.0,0.072,optimal
2021-02-09 13:00:00,88,91,1.7225813774373073,0.0,0.0,0.16163333333333332,optimal
2021-02-09 13:30:00,88,91,1.0847240218334302,0.0,0.0,0.35433333333333333,optimal
2021-02-09 14:00:00,88,91,2.2857142857142856,0.0,0.0,0.46086666666666665,optimal
2021-02-09 14:30:00,88,91,2.2857142857142856,0.0,0.0,3.2523,optimal
2021-02-09 15:00:00,88,91,2.2857142857142856,0.0,0.0,1.966733333333333,optimal
2021-02-09 15:30:00,88,91,2.2857142857142856,0.0,0.0,0.21236666666666668,optimal
2021-02-09 16:00:00,88,91,0.0,0.0,0.0,0.4673333333333333,optimal
2021-02-09 16:30:00,88,91,0.0,0.0,0.0,3.350966666666667,optimal
2021-02-09 17:00:00,88,91,0.0,0.0,0.0,0.8208,optimal
2021-02-09 17:30:00,88,91,0.0,0.0,0.0,0.28186666666666665,optimal
2021-02-09 18:00:00,88,91,0.0,0.0,0.0,1.9343666666666663,optimal
2021-02-09 18:30:00,88,91,0.0,0.0,0.0,0.9842000000000001,optimal
2021-02-09 19:00:00,88,91,0.0,0.0,0.0,2.438733333333333,optimal
2021-02-09 19:30:00,88,91,0.0,0.0,0.0,3.6736666666666666,optimal
2021-02-09 20:00:00,88,91,0.0,0.0,0.0,3.141633333333333,optimal
2021-02-09 20:30:00,88,91,0.0,0.0,0.0,2.916733333333333,optimal
2021-02-09 21:00:00,88,91,0.0,0.0,0.0,0.4095,optimal
2021-02-09 21:30:00,88,91,0.0,0.0,0.0,0.1925,optimal
2021-02-09 22:00:00,88,91,0.0,0.0,0.0,1.0872,optimal
2021-02-09 22:30:00,88,91,0.0,0.0,0.0,0.15083333333333335,optimal
2021-02-09 23:00:00,88,91,0.0,0.0,0.0,1.9064333333333328,optimal
2021-02-09 23:30:00,88,91,0.0,0.0,0.0,0.3232333333333333,optimal
2021-02-10 00:00:00,88,91,0.0,0.0,0.0,0.054,optimal
2021-02-10 00:30:00,88,91,1.2141904761904763,0.0,0.0,0.047,optimal
2021-02-10 01:00:00,88,91,0.0,0.0,0.0,0.19540000000000002,optimal
2021-02-10 01:30:00,88,91,0.0,0.0,0.0,0.11566666666666668,optimal
2021-02-10 02:00:00,88,91,1.1508161848484293,0.0,0.0,0.047666666666666656,optimal
2021-02-10 02:30:00,88,91,2.2857142857142856,0.0,0.0,0.05666666666666666,optimal
2021-02-10 03:00:00,88,91,2.2857142857142856,0.0,0.0,0.26406666666666667,optimal
2021-02-10 03:30:00,88,91,2.2857142857142856,0.0,0.0,0.047,optimal
2021-02-10 04:00:00,88,91,2.2857142857142856,0.0,0.0,0.221,optimal
2021-02-10 04:30:00,88,91,2.2857142857142856,0.0,0.0,0.09006666666666666,optimal
2021-02-10 05:00:00,88,91,2.2857142857142856,0.0,0.0,0.14313333333333333,optimal
2021-02-10 05:30:00,88,91,2.2857142857142856,0.0,0.0,0.16793333333333332,optimal
2021-02-10 06:00:00,88,91,2.2857142857142856,0.0,5.288063771208757,0.04633333333333334,optimal
2021-02-10 06:30:00,88,91,2.2857142857142856,0.0,10.0,0.24006666666666662,optimal
2021-02-10 07:00:00,88,91,2.2857142857142856,0.0,0.0,0.067,optimal
2021-02-10 07:30:00,88,91,2.2857142857142856,0.0,0.0,0.17486666666666667,optimal
2021-02-10 08:00:00,88,91,1.248612758029382,0.0,0.0,0.39039999999999997,optimal
2021-02-10 08:30:00,88,91,1.3751786988083927,0.0,0.0,0.07166666666666667,optimal
2021-02-10 09:00:00,88,91,1.0694021594613945,0.0,0.0,0.3419333333333333,optimal
2021-02-10 09:30:00,88,91,0.94928238595469,0.0,0.0,0.49260000000000004,optimal
2021-02-10 10:00:00,88,91,0.6416467045918691,0.0,0.0,0.5047666666666667,optimal
2021-02-10 10:30:00,88,91,0.37258639827137174,0.0,0.0,2.1031999999999997,optimal
2021-02-10 11:00:00,88,91,0.48380237653871283,0.0,0.0,0.5990666666666667,optimal
2021-02-10 11:30:00,88,91,0.5672758231186795,0.0,0.0,0.26153333333333334,optimal
2021-02-10 12:00:00,88,91,0.41207920816969734,0.0,0.0,0.07166666666666667,optimal
2021-02-10 12:30:00,88,91,0.37379349388398664,0.0,0.0,0.16366666666666665,optimal
2021-02-10 13:00:00,88,91,2.2857142857142856,0.0,0.0,0.5320333333333334,optimal
2021-02-10 13:30:00,88,91,2.2857142857142856,0.0,0.0,0.4712,optimal
2021-02-10 14:00:00,88,91,2.2857142857142856,0.0,0.0,0.38953333333333334,optimal
2021-02-10 14:30:00,88,91,2.2857142857142856,0.0,0.0,0.40193333333333325,optimal
2021-02-10 15:00:00,88,91,2.2857142857142856,0.0,0.0,0.19433333333333327,optimal
2021-02-10 15:30:00,88,91,2.2857142857142856,0.0,0.0,0.057,optimal
2021-02-10 16:00:00,88,91,0.0,0.0,0.0,0.2704,optimal
2021-02-10 16:30:00,88,91,0.0,0.0,0.0,0.06066666666666666,optimal
2021-02-10 17:00:00,88,91,0.0,0.0,0.0,0.2122666666666667,optimal
2021-02-10 17:30:00,88,91,0.0,0.0,0.0,0.16119999999999998,optimal
2021-02-10 18:00:00,88,91,0.0,0.0,0.0,0.18586666666666668,optimal
2021-02-10 18:30:00,88,91,0.0,0.0,0.0,0.33646666666666664,optimal
2021-02-10 19:00:00,88,91,0.0,0.0,0.0,0.2514,optimal
2021-02-10 19:30:00,88,91,0.0,0.0,0.0,0.217,optimal
2021-02-10 20:00:00,88,91,0.6170459901044786,0.0,0.0,0.28313333333333335,optimal
2021-02-10 20:30:00,88,91,0.0,0.0,0.0,0.2958,optimal
2021-02-10 21:00:00,88,91,0.0,0.0,0.0,0.4423333333333333,optimal
2021-02-10 21:30:00,88,91,0.0,0.0,0.0,0.6943333333333334,optimal
2021-02-10 22:00:00,88,91,0.6966666666666668,0.0,0.0,0.40726666666666667,optimal
2021-02-10 22:30:00,88,91,0.0,0.0,0.0,0.46686666666666665,optimal
2021-02-10 23:00:00,88,91,0.0,0.0,0.0,0.14233333333333334,optimal
2021-02-10 23:30:00,88,91,0.0,0.0,0.0,0.057,optimal
2021-02-11 00:00:00,88,91,0.0,0.0,0.0,0.07566666666666667,optimal
2021-02-11 00:30:00,88,91,0.35828571428571426,0.0,0.0,0.2581666666666667,optimal
2021-02-11 01:00:00,88,91,1.5041295918035746,0.0,0.0,0.0655,optimal
2021-02-11 01:30:00,88,91,2.2857142857142856,0.0,0.0,0.13033333333333336,optimal
2021-02-11 02:00:00,88,91,2.2857142857142856,0.0,0.0,0.144,optimal
2021-02-11 02:30:00,88,91,2.2857142857142856,0.0,0.0,0.062,optimal
2021-02-11 03:00:00,88,91,2.2857142857142856,0.0,0.0,0.2753333333333333,optimal
2021-02-11 03:30:00,88,91,2.2857142857142856,0.0,0.0,0.062,optimal
2021-02-11 04:00:00,88,91,2.2857142857142856,0.0,0.0,0.111,optimal
2021-02-11 04:30:00,88,91,2.2857142857142856,0.0,0.0,0.076,optimal
2021-02-11 05:00:00,88,91,2.2857142857142856,0.0,0.0,0.2753333333333333,optimal
2021-02-11 05:30:00,88,91,2.2857142857142856,0.0,0.0,0.062,optimal
2021-02-11 06:00:00,88,91,2.2857142857142856,0.0,6.859448093210081,0.062,optimal
2021-02-11 06:30:00,88,91,2.2857142857142856,0.0,10.0,0.065,optimal
2021-02-11 07:00:00,88,91,2.2857142857142856,0.0,10.0,0.064,optimal
2021-02-11 07:30:00,88,91,2.2857142857142856,0.0,0.0,0.06,optimal
2021-02-11 08:00:00,88,91,1.5230499084637594,0.0,0.0,0.062,optimal
2021-02-11 08:30:00,88,91,1.5153540243080814,0.0,0.0,0.125,optimal
2021-02-11 09:00:00,88,91,1.3567846840462574,0.0,0.0,0.065,optimal
2021-02-11 09:30:00,88,91,1.2254394097587566,0.0,0.0,0.13,optimal
2021-02-11 10:00:00,88,91,0.8232869687298197,0.0,0.0,0.062,optimal
2021-02-11 10:30:00,88,91,0.8105510511547236,0.0,0.0,0.2508333333333333,optimal
2021-02-11 11:00:00,88,91,0.6560633181524962,0.0,0.0,0.0865,optimal
2021-02-11 11:30:00,88,91,0.5955427389309155,0.0,0.0,0.118,optimal
2021-02-11 12:00:00,88,91,0.32819632265081156,0.0,0.0,0.2193333333333333,optimal
2021-02-11 12:30:00,88,91,0.16115277303970746,0.0,0.0,1.2800666666666667,optimal
2021-02-11 13:00:00,88,91,2.2857142857142856,0.0,0.0,0.7577999999999999,optimal
2021-02-11 13:30:00,88,91,2.2857142857142856,0.0,0.0,0.3138333333333333,optimal
2021-02-11 14:00:00,88,91,2.2857142857142856,0.0,0.0,2.3099000000000003,optimal
2021-02-11 14:30:00,88,91,2.2857142857142856,0.0,0.0,0.5587000000000001,optimal
2021-02-11 15:00:00,88,91,2.2857142857142856,0.0,0.0,0.13,optimal
2021-02-11 15:30:00,88,91,2.2857142857142856,0.0,0.0,0.2123333333333333,optimal
2021-02-11 16:00:00,88,91,0.0,0.0,0.0,0.0795,optimal
2021-02-11 16:30:00,88,91,0.0,0.0,0.0,0.2608333333333333,optimal
2021-02-11 17:00:00,88,91,0.0,0.0,0.0,0.07,optimal
2021-02-11 17:30:00,88,91,0.0,0.0,0.0,0.062,optimal
2021-02-11 18:00:00,88,91,0.0,0.0,0.0,0.11666666666666668,optimal
2021-02-11 18:30:00,88,91,0.0,0.0,0.0,0.16166666666666665,optimal
2021-02-11 19:00:00,88,91,0.0,0.0,0.0,0.13233333333333333,optimal
2021-02-11 19:30:00,88,91,0.8483852771107002,0.0,0.0,0.062,optimal
2021-02-11 20:00:00,88,91,1.8199326202885073,0.0,0.0,0.062,optimal
2021-02-11 20:30:00,88,91,0.0,0.0,0.0,0.9783333333333334,optimal
2021-02-11 21:00:00,88,91,0.0,0.0,0.0,0.78,optimal
2021-02-11 21:30:00,88,91,0.0,0.0,0.0,0.5794,optimal
2021-02-11 22:00:00,88,91,0.0,0.0,0.0,0.5125333333333333,optimal
2021-02-11 22:30:00,88,91,0.0,0.0,0.0,0.5101,optimal
2021-02-11 23:00:00,88,91,0.0,0.0,0.0,0.125,optimal
2021-02-11 23:30:00,88,91,0.0,0.0,0.0,0.08933333333333333,optimal
2021-02-12 00:00:00,88,91,1.323605280959204,0.0,0.0,0.2937333333333333,optimal
2021-02-12 00:30:00,88,91,2.2857142857142856,0.0,0.0,0.11906666666666667,optimal
2021-02-12 01:00:00,88,91,2.2857142857142856,0.0,0.0,0.21906666666666663,optimal
2021-02-12 01:30:00,88,91,2.2857142857142856,0.0,0.0,0.1088,optimal
2021-02-12 02:00:00,88,91,2.2857142857142856,0.0,0.0,0.22026666666666667,optimal
2021-02-12 02:30:00,88,91,2.2857142857142856,0.0,0.0,0.16466666666666666,optimal
2021-02-12 03:00:00,88,91,2.2857142857142856,0.0,0.0,0.062,optimal
2021-02-12 03:30:00,88,91,2.2857142857142856,0.0,0.0,0.23213333333333333,optimal
2021-02-12 04:00:00,88,91,2.2857142857142856,0.0,0.0,0.15280000000000002,optimal
2021-02-12 04:30:00,88,91,2.2857142857142856,0.0,0.0,0.14,optimal
2021-02-12 05:00:00,88,91,2.2857142857142856,0.0,0.0,0.1522,optimal
2021-02-12 05:30:00,88,91,2.2857142857142856,0.0,0.0,0.15473333333333333,optimal
2021-02-12 06:00:00,88,91,2.2857142857142856,0.0,0.0,0.0828,optimal
2021-02-12 06:30:00,88,91,2.2857142857142856,0.0,0.0,0.1452,optimal
2021-02-12 07:00:00,88,91,2.2857142857142856,0.0,9.798835758799804,0.22593333333333332,optimal
2021-02-12 07:30:00,88,91,2.2857142857142856,0.0,0.0,0.16233333333333333,optimal
2021-02-12 08:00:00,88,91,1.669720930456393,0.0,0.0,0.6542,optimal
2021-02-12 08:30:00,88,91,1.4007645134869204,0.0,0.0,0.5480666666666667,optimal
2021-02-12 09:00:00,88,91,1.268520873309002,0.0,0.0,0.4845,optimal
2021-02-12 09:30:00,88,91,1.0852605075923405,0.0,0.0,0.5600666666666667,optimal
2021-02-12 10:00:00,88,91,0.6760205093388203,0.0,0.0,0.3688666666666667,optimal
2021-02-12 10:30:00,88,91,0.5888190575635135,0.0,0.0,0.6522,optimal
2021-02-12 11:00:00,88,91,0.3597216130890311,0.0,0.0,0.5605333333333333,optimal
2021-02-12 11:30:00,88,91,0.3165650030456871,0.0,0.0,1.0864,optimal
2021-02-12 12:00:00,88,91,0.0,0.0,0.0,3.667766666666667,optimal
2021-02-12 12:30:00,88,91,0.13957684032726303,0.0,0.0,2.3428,optimal
2021-02-12 13:00:00,88,91,1.477143884044222,0.0,0.0,1.7909000000000002,optimal
2021-02-12 13:30:00,88,91,2.2857142857142856,0.0,0.0,0.29619999999999996,optimal
2021-02-12 14:00:00,88,91,2.2857142857142856,0.0,0.0,1.4443666666666666,optimal
2021-02-12 14:30:00,88,91,2.2857142857142856,0.0,0.0,0.6532666666666667,optimal
2021-02-12 15:00:00,88,91,2.2857142857142856,0.0,0.0,1.2510999999999999,optimal
2021-02-12 15:30:00,88,91,2.2857142857142856,0.0,0.0,0.5725666666666667,optimal
2021-02-12 16:00:00,88,91,0.0,0.0,0.0,0.7114666666666667,optimal
2021-02-12 16:30:00,88,91,0.0,0.0,0.0,1.5677999999999999,optimal
2021-02-12 17:00:00,88,91,0.0,0.0,0.0,0.5047333333333334,optimal
2021-02-12 17:30:00,88,91,0.0,0.0,0.0,0.18763333333333332,optimal
2021-02-12 18:00:00,88,91,0.0,0.0,0.0,0.3458,optimal
2021-02-12 18:30:00,88,91,0.0,0.0,0.0,0.4176666666666667,optimal
2021-02-12 19:00:00,88,91,0.0,0.0,0.0,0.5010666666666667,optimal
2021-02-12 19:30:00,88,91,0.0,0.0,0.0,0.27066666666666667,optimal
2021-02-12 20:00:00,88,91,0.0,0.0,0.0,0.16466666666666666,optimal
2021-02-12 20:30:00,88,91,0.0,0.0,0.0,0.1536,optimal
2021-02-12 21:00:00,88,91,0.0,0.0,0.0,0.27246666666666663,optimal
2021-02-12 21:30:00,88,91,0.0,0.0,0.0,0.25660000000000005,optimal
2021-02-12 22:00:00,88,91,0.0,0.0,0.0,0.3387333333333333,optimal
2021-02-12 22:30:00,88,91,0.0,0.0,0.0,0.39986666666666665,optimal
2021-02-12 23:00:00,88,91,0.0,0.0,0.0,0.09340000000000001,optimal
2021-02-12 23:30:00,88,91,0.0,0.0,0.0,0.16993333333333333,optimal
2021-02-13 00:00:00,88,91,0.0,0.0,0.0,0.06,optimal
2021-02-13 00:30:00,88,91,1.5127619047619048,0.0,0.0,0.126,optimal
2021-02-13 01:00:00,88,91,0.0,0.0,0.0,0.06,optimal
2021-02-13 01:30:00,88,91,0.4738650364284091,0.0,0.0,0.10533333333333332,optimal
2021-02-13 02:00:00,88,91,2.2857142857142856,0.0,0.0,0.08833333333333333,optimal
2021-02-13 02:30:00,88,91,2.2857142857142856,0.0,0.0,0.115,optimal
2021-02-13 03:00:00,88,91,2.2857142857142856,0.0,0.0,0.071,optimal
2021-02-13 03:30:00,88,91,2.2857142857142856,0.0,5.865174535483436,0.1257,optimal
2021-02-13 04:00:00,88,91,2.2857142857142856,0.0,0.0,0.069,optimal
2021-02-13 04:30:00,88,91,2.2857142857142856,0.0,0.0,0.3235,optimal
2021-02-13 05:00:00,88,91,2.2857142857142856,0.0,0.0,0.0624,optimal
2021-02-13 05:30:00,88,91,2.2857142857142856,0.0,0.0,0.06686666666666666,optimal
2021-02-13 06:00:00,88,91,2.2857142857142856,0.0,0.0,0.07,optimal
2021-02-13 06:30:00,88,91,2.2857142857142856,0.0,0.0,0.09566666666666669,optimal
2021-02-13 07:00:00,88,91,2.2857142857142856,0.0,0.0,0.11033333333333331,optimal
2021-02-13 07:30:00,88,91,2.2857142857142856,0.0,0.0,0.07733333333333332,optimal
2021-02-13 08:00:00,88,91,1.4178999520987297,0.0,0.0,0.12866666666666665,optimal
2021-02-13 08:30:00,88,91,1.4312271515791932,0.0,0.0,0.07,optimal
2021-02-13 09:00:00,88,91,1.2677494475597555,0.0,0.0,0.103,optimal
2021-02-13 09:30:00,88,91,1.2505759211525609,0.0,0.0,0.103,optimal
2021-02-13 10:00:00,88,91,0.9862286085356381,0.0,0.0,0.07,optimal
2021-02-13 10:30:00,88,91,0.9712700937303954,0.0,0.0,0.11033333333333331,optimal
2021-02-13 11:00:00,88,91,0.6707970100205656,0.0,0.0,0.09566666666666669,optimal
2021-02-13 11:30:00,88,91,0.6746956380724605,0.0,0.0,0.07,optimal
2021-02-13 12:00:00,88,91,0.5296809232373003,0.0,0.0,0.136,optimal
2021-02-13 12:30:00,88,91,0.54166865553156,0.0,0.0,0.07,optimal
2021-02-13 13:00:00,88,91,2.2857142857142856,0.0,0.0,0.07,optimal
2021-02-13 13:30:00,88,91,2.2857142857142856,0.0,0.0,0.092,optimal
2021-02-13 14:00:00,88,91,2.2857142857142856,0.0,0.0,0.114,optimal
2021-02-13 14:30:00,88,91,2.2857142857142856,0.0,0.0,0.07,optimal
2021-02-13 15:00:00,88,91,2.2857142857142856,0.0,0.0,0.07733333333333332,optimal
2021-02-13 15:30:00,88,91,2.2857142857142856,0.0,0.0,0.12866666666666665,optimal
2021-02-13 16:00:00,88,91,0.0,0.0,0.0,0.07,optimal
2021-02-13 16:30:00,88,91,0.0,0.0,0.0,0.33453333333333335,optimal
2021-02-13 17:00:00,88,91,0.0,0.0,0.0,1.9172,optimal
2021-02-13 17:30:00,88,91,0.0,0.0,0.0,0.09340000000000001,optimal
2021-02-13 18:00:00,88,91,0.0,0.0,0.0,2.337133333333333,optimal
2021-02-13 18:30:00,88,91,0.0,0.0,0.0,0.3796333333333333,optimal
2021-02-13 19:00:00,88,91,0.0,0.0,0.0,0.3719333333333333,optimal
2021-02-13 19:30:00,88,91,0.23118853290136918,0.0,0.0,0.28076666666666666,optimal
2021-02-13 20:00:00,88,91,1.2319529749138605,0.0,0.0,0.15213333333333331,optimal
2021-02-13 20:30:00,88,91,0.0,0.0,0.0,0.2422,optimal
2021-02-13 21:00:00,88,91,0.0,0.0,0.0,0.43896666666666656,optimal
2021-02-13 21:30:00,88,91,0.0,0.0,0.0,0.21546666666666667,optimal
2021-02-13 22:00:00,88,91,0.0,0.0,0.0,0.13903333333333334,optimal
2021-02-13 22:30:00,88,91,0.0,0.0,0.0,0.136,optimal
2021-02-13 23:00:00,88,91,0.0,0.0,0.0,0.07,optimal
2021-02-13 23:30:00,88,91,0.0,0.0,0.0,0.06866666666666667,optimal
2021-02-07 00:00:00,89,91,0.0,0.0,0.0,0.08233333333333333,optimal
2021-02-07 00:30:00,89,91,0.0,0.0,0.0,0.07446666666666667,optimal
2021-02-07 01:00:00,89,91,0.0,0.0,0.0,0.043,optimal
2021-02-07 01:30:00,89,91,0.0,0.0,0.0,0.0994,optimal
2021-02-07 02:00:00,89,91,0.0,0.0,0.0,0.19526666666666667,optimal
2021-02-07 02:30:00,89,91,0.0,0.0,0.0,0.043,optimal
2021-02-07 03:00:00,89,91,0.0,0.0,0.0,0.15766666666666665,optimal
2021-02-07 03:30:00,89,91,0.0,0.0,0.0,0.137,optimal
2021-02-07 04:00:00,89,91,2.2857142857142856,0.0,0.0,0.09413333333333335,optimal
2021-02-07 04:30:00,89,91,2.2857142857142856,0.0,0.0,0.188,optimal
2021-02-07 05:00:00,89,91,2.2857142857142856,0.0,0.0,0.11846666666666668,optimal
2021-02-07 05:30:00,89,91,2.2857142857142856,0.0,0.0,0.13233333333333333,optimal
2021-02-07 06:00:00,89,91,2.2857142857142856,0.0,0.0,0.0994,optimal
2021-02-07 06:30:00,89,91,2.2857142857142856,0.0,0.0,0.09253333333333331,optimal
2021-02-07 07:00:00,89,91,2.2857142857142856,0.0,0.0,0.20246666666666666,optimal
2021-02-07 07:30:00,89,91,0.0,0.0,0.0,0.05266666666666666,optimal
2021-02-07 08:00:00,89,91,0.0,0.0,0.0,0.19086666666666668,optimal
2021-02-07 08:30:00,89,91,0.0,0.0,0.0,0.052,optimal
2021-02-07 09:00:00,89,91,0.0,0.0,0.0,0.12279999999999999,optimal
2021-02-07 09:30:00,89,91,0.8121555387559953,0.0,0.0,0.054799999999999995,optimal
2021-02-07 10:00:00,89,91,0.9372245372456527,0.0,0.0,0.22153333333333333,optimal
2021-02-07 10:30:00,89,91,0.8838939478085419,0.0,0.0,0.3902333333333333,optimal
2021-02-07 11:00:00,89,91,0.8220687801982077,0.0,0.0,0.1328,optimal
2021-02-07 11:30:00,89,91,0.7546173516267781,0.0,0.0,0.32039999999999996,optimal
2021-02-07 12:00:00,89,91,0.5669759371008298,0.0,0.0,1.6675666666666666,optimal
2021-02-07 12:30:00,89,91,0.5768292704341619,0.0,0.0,0.38906666666666667,optimal
2021-02-07 13:00:00,89,91,1.0412776581770757,0.0,0.0,1.5444,optimal
2021-02-07 13:30:00,89,91,2.2857142857142856,0.0,0.0,0.2683333333333333,optimal
2021-02-07 14:00:00,89,91,2.2857142857142856,0.0,0.0,0.48369999999999996,optimal
2021-02-07 14:30:00,89,91,2.2857142857142856,0.0,0.0,1.2434,optimal
2021-02-07 15:00:00,89,91,2.2857142857142856,0.0,0.0,2.0237,optimal
2021-02-07 15:30:00,89,91,2.2857142857142856,0.0,3.8942661171472985,1.8445666666666665,optimal
2021-02-07 16:00:00,89,91,0.0,0.0,0.0,0.5457666666666666,optimal
2021-02-07 16:30:00,89,91,0.0,0.0,0.0,0.43373333333333336,optimal
2021-02-07 17:00:00,89,91,0.0,0.0,0.0,0.30710000000000004,optimal
2021-02-07 17:30:00,89,91,0.0,0.0,0.0,2.1473,optimal
2021-02-07 18:00:00,89,91,0.0,0.0,0.0,0.14246666666666666,optimal
2021-02-07 18:30:00,89,91,0.0,0.0,0.0,0.09466666666666669,optimal
2021-02-07 19:00:00,89,91,0.0,0.0,0.0,0.7329,optimal
2021-02-07 19:30:00,89,91,0.0,0.0,0.0,0.3424333333333333,optimal
2021-02-07 20:00:00,89,91,0.0,0.0,0.0,0.4971333333333333,optimal
2021-02-07 20:30:00,89,91,0.0,0.0,0.0,0.13373333333333332,optimal
2021-02-07 21:00:00,89,91,0.0,0.0,0.0,0.053,optimal
2021-02-07 21:30:00,89,91,0.0,0.0,0.0,0.22406666666666664,optimal
2021-02-07 22:00:00,89,91,0.0,0.0,0.0,0.1024,optimal
2021-02-07 22:30:00,89,91,0.0,0.0,0.0,0.1684,optimal
2021-02-07 23:00:00,89,91,0.0,0.0,0.0,0.1384,optimal
2021-02-07 23:30:00,89,91,0.0,0.0,0.0,1.8902999999999999,optimal
2021-02-08 00:00:00,89,91,0.0,0.0,0.0,0.06633333333333333,optimal
2021-02-08 00:30:00,89,91,2.2857142857142856,0.0,0.0,0.06766666666666667,optimal
2021-02-08 01:00:00,89,91,1.3767619047619049,0.0,0.0,0.15693333333333334,optimal
2021-02-08 01:30:00,89,91,0.0,0.0,0.0,0.072,optimal
2021-02-08 02:00:00,89,91,0.0,0.0,0.0,0.072,optimal
2021-02-08 02:30:00,89,91,1.6129773692685696,0.0,0.0,0.15693333333333334,optimal
2021-02-08 03:00:00,89,91,2.2857142857142856,0.0,0.0,0.072,optimal
2021-02-08 03:30:00,89,91,2.2857142857142856,0.0,0.0,0.072,optimal
2021-02-08 04:00:00,89,91,2.2857142857142856,0.0,0.0,0.15693333333333334,optimal
2021-02-08 04:30:00,89,91,2.2857142857142856,0.0,0.0,2.1886666666666663,optimal
2021-02-08 05:00:00,89,91,2.2857142857142856,0.0,0.0,0.15493333333333334,optimal
2021-02-08 05:30:00,89,91,2.2857142857142856,0.0,0.5867835675405936,0.1346,optimal
2021-02-08 06:00:00,89,91,2.2857142857142856,0.0,10.0,0.0732,optimal
2021-02-08 06:30:00,89,91,2.2857142857142856,0.0,0.0,2.2856,optimal
2021-02-08 07:00:00,89,91,2.2857142857142856,0.0,0.0,1.8267,optimal
2021-02-08 07:30:00,89,91,2.2857142857142856,0.0,0.0,1.4491333333333334,optimal
2021-02-08 08:00:00,89,91,1.1943700529637298,0.0,0.0,1.4640666666666666,optimal
2021-02-08 08:30:00,89,91,1.2060261301932806,0.0,0.0,0.07673333333333333,optimal
2021-02-08 09:00:00,89,91,1.972552023406153,0.0,0.0,0.072,optimal
2021-02-08 09:30:00,89,91,1.1201526694666093,0.0,0.0,0.18366666666666662,optimal
2021-02-08 10:00:00,89,91,0.7706480819235618,0.0,0.0,2.3304666666666667,optimal
2021-02-08 10:30:00,89,91,0.8085007691964592,0.0,0.0,1.6446666666666667,optimal
2021-02-08 11:00:00,89,91,0.5390400380078643,0.0,0.0,0.9969333333333331,optimal
2021-02-08 11:30:00,89,91,0.5613572941116488,0.0,0.0,0.2074,optimal
2021-02-08 12:00:00,89,91,0.31456426253337866,0.0,0.0,0.7840333333333332,optimal
2021-02-08 12:30:00,89,91,0.22462544140763166,0.0,0.0,3.420233333333333,optimal
2021-02-08 13:00:00,89,91,1.4446353237518654,0.0,0.0,1.796,optimal
2021-02-08 13:30:00,89,91,1.5274162953547294,0.0,0.0,0.3489333333333333,optimal
2021-02-08 14:00:00,89,91,2.2857142857142856,0.0,0.0,0.4728,optimal
2021-02-08 14:30:00,89,91,2.2857142857142856,0.0,0.0,0.22806666666666664,optimal
2021-02-08 15:00:00,89,91,2.2857142857142856,0.0,0.0,0.32430000000000003,optimal
2021-02-08 15:30:00,89,91,2.2857142857142856,0.0,0.0,0.5851000000000001,optimal
2021-02-08 16:00:00,89,91,0.0,0.0,0.0,1.7394666666666667,optimal
2021-02-08 16:30:00,89,91,0.0,0.0,0.0,0.22363333333333332,optimal
2021-02-08 17:00:00,89,91,0.0,0.0,0.0,2.388,optimal
2021-02-08 17:30:00,89,91,0.0,0.0,0.0,0.2038,optimal
2021-02-08 18:00:00,89,91,0.0,0.0,0.0,3.9002,optimal
2021-02-08 18:30:00,89,91,0.0,0.0,0.0,1.4900666666666667,optimal
2021-02-08 19:00:00,89,91,0.0,0.0,0.0,0.2443333333333333,optimal
2021-02-08 19:30:00,89,91,0.0,0.0,0.0,0.266,optimal
2021-02-08 20:00:00,89,91,0.0,0.0,0.0,0.196,optimal
2021-02-08 20:30:00,89,91,0.0,0.0,0.0,0.7527999999999999,optimal
2021-02-08 21:00:00,89,91,0.0,0.0,0.0,1.8634000000000002,optimal
2021-02-08 21:30:00,89,91,0.0,0.0,0.0,0.33693333333333336,optimal
2021-02-08 22:00:00,89,91,0.0398095238095238,0.0,0.0,0.5204333333333333,optimal
2021-02-08 22:30:00,89,91,0.0,0.0,0.0,0.3502,optimal
2021-02-08 23:00:00,89,91,0.0398095238095238,0.0,0.0,0.40176666666666666,optimal
2021-02-08 23:30:00,89,91,0.0,0.0,0.0,0.5189333333333332,optimal
2021-02-09 00:00:00,89,91,0.0,0.0,0.0,0.066,optimal
2021-02-09 00:30:00,89,91,1.6321904761904764,0.0,0.0,0.066,optimal
2021-02-09 01:00:00,89,91,0.0,0.0,0.0,0.066,optimal
2021-02-09 01:30:00,89,91,0.0,0.0,0.0,0.2097333333333333,optimal
2021-02-09 02:00:00,89,91,0.0,0.0,0.0,0.066,optimal
2021-02-09 02:30:00,89,91,2.2306077781648974,0.0,0.0,0.19666666666666663,optimal
2021-02-09 03:00:00,89,91,2.2857142857142856,0.0,0.0,0.07906666666666666,optimal
2021-02-09 03:30:00,89,91,2.2857142857142856,0.0,0.0,0.11826666666666669,optimal
2021-02-09 04:00:00,89,91,2.2857142857142856,0.0,0.0,0.15746666666666667,optimal
2021-02-09 04:30:00,89,91,2.2857142857142856,0.0,0.0,0.066,optimal
2021-02-09 05:00:00,89,91,2.2857142857142856,0.0,0.0,0.2097333333333333,optimal
2021-02-09 05:30:00,89,91,2.2857142857142856,0.0,0.0,0.066,optimal
2021-02-09 06:00:00,89,91,2.2857142857142856,0.0,0.0,0.11173333333333332,optimal
2021-02-09 06:30:00,89,91,2.2857142857142856,0.0,1.7692235456690535,0.164,optimal
2021-02-09 07:00:00,89,91,2.2857142857142856,0.0,10.0,0.20463333333333333,optimal
2021-02-09 07:30:00,89,91,2.2857142857142856,0.0,0.0,1.4827666666666668,optimal
2021-02-09 08:00:00,89,91,1.1992766527915548,0.0,0.0,0.224,optimal
2021-02-09 08:30:00,89,91,1.1656201559948391,0.0,0.0,0.3604333333333333,optimal
2021-02-09 09:00:00,89,91,0.9964894487731943,0.0,0.0,0.6117333333333334,optimal
2021-02-09 09:30:00,89,91,0.9603574075607509,0.0,0.0,1.6025333333333334,optimal
2021-02-09 10:00:00,89,91,0.6839428578462374,0.0,0.0,0.35819999999999996,optimal
2021-02-09 10:30:00,89,91,0.7097121885819194,0.0,0.0,0.3029,optimal
2021-02-09 11:00:00,89,91,0.5253339471832186,0.0,0.0,0.2558666666666667,optimal
2021-02-09 11:30:00,89,91,0.6070801942827518,0.0,0.0,0.18706666666666663,optimal
2021-02-09 12:00:00,89,91,0.46427443744672064,0.0,0.0,0.10866666666666669,optimal
2021-02-09 12:30:00,89,91,0.47704247606150785,0.0,0.0,0.076,optimal
2021-02-09 13:00:00,89,91,0.8309545483648383,0.0,0.0,0.21973333333333328,optimal
2021-02-09 13:30:00,89,91,2.2857142857142856,0.0,0.0,0.076,optimal
2021-02-09 14:00:00,89,91,2.2857142857142856,0.0,0.0,0.12173333333333332,optimal
2021-02-09 14:30:00,89,91,2.2857142857142856,0.0,0.0,0.174,optimal
2021-02-09 15:00:00,89,91,2.2857142857142856,0.0,0.0,1.0623333333333334,optimal
2021-02-09 15:30:00,89,91,2.2857142857142856,0.0,0.0,0.7619,optimal
2021-02-09 16:00:00,89,91,0.0,0.0,0.0,0.1754,optimal
2021-02-09 16:30:00,89,91,0.0,0.0,0.0,0.2838,optimal
2021-02-09 17:00:00,89,91,0.0,0.0,0.0,0.48236666666666667,optimal
2021-02-09 17:30:00,89,91,0.0,0.0,0.0,0.2554333333333333,optimal
2021-02-09 18:00:00,89,91,0.0,0.0,0.0,0.21713333333333332,optimal
2021-02-09 18:30:00,89,91,0.0,0.0,0.0,1.4438,optimal
2021-02-09 19:00:00,89,91,0.0,0.0,0.0,0.076,optimal
2021-02-09 19:30:00,89,91,0.0,0.0,0.0,0.20013333333333333,optimal
2021-02-09 20:00:00,89,91,0.0,0.0,0.0,1.8979000000000001,optimal
2021-02-09 20:30:00,89,91,0.0,0.0,0.0,0.44439999999999996,optimal
2021-02-09 21:00:00,89,91,0.0,0.0,0.0,0.37706666666666666,optimal
2021-02-09 21:30:00,89,91,0.0,0.0,0.0,1.0822,optimal
2021-02-09 22:00:00,89,91,0.0,0.0,0.0,0.3483,optimal
2021-02-09 22:30:00,89,91,0.0,0.0,0.0,0.32963333333333333,optimal
2021-02-09 23:00:00,89,91,0.0,0.0,0.0,0.47293333333333326,optimal
2021-02-09 23:30:00,89,91,0.0,0.0,0.0,0.3957333333333333,optimal
2021-02-10 00:00:00,89,91,0.0,0.0,0.0,0.064,optimal
2021-02-10 00:30:00,89,91,0.4578095238095238,0.0,0.0,0.064,optimal
2021-02-10 01:00:00,89,91,0.0,0.0,0.0,0.064,optimal
2021-02-10 01:30:00,89,91,0.0,0.0,0.0,0.064,optimal
2021-02-10 02:00:00,89,91,0.5137856295220761,0.0,0.0,0.064,optimal
2021-02-10 02:30:00,89,91,2.2857142857142856,0.0,0.0,0.064,optimal
2021-02-10 03:00:00,89,91,2.2857142857142856,0.0,0.0,0.064,optimal
2021-02-10 03:30:00,89,91,2.2857142857142856,0.0,0.0,0.064,optimal
2021-02-10 04:00:00,89,91,2.2857142857142856,0.0,0.0,0.064,optimal
2021-02-10 04:30:00,89,91,2.2857142857142856,0.0,0.0,0.064,optimal
2021-02-10 05:00:00,89,91,2.2857142857142856,0.0,0.0,0.064,optimal
2021-02-10 05:30:00,89,91,2.2857142857142856,0.0,0.0,0.064,optimal
2021-02-10 06:00:00,89,91,2.2857142857142856,0.0,0.0,0.32913333333333333,optimal
2021-02-10 06:30:00,89,91,2.2857142857142856,0.0,1.0452973359594346,1.1403666666666665,optimal
2021-02-10 07:00:00,89,91,2.2857142857142856,0.0,10.0,1.3049333333333335,optimal
2021-02-10 07:30:00,89,91,2.2857142857142856,0.0,0.0,0.074,optimal
2021-02-10 08:00:00,89,91,1.3879937104103444,0.0,0.0,0.074,optimal
2021-02-10 08:30:00,89,91,1.3742548892845887,0.0,0.0,0.074,optimal
2021-02-10 09:00:00,89,91,1.1987450166042506,0.0,0.0,0.074,optimal
2021-02-10 09:30:00,89,91,1.185006195478495,0.0,0.0,0.074,optimal
2021-02-10 10:00:00,89,91,0.9090867045918775,0.0,0.0,0.074,optimal
2021-02-10 10:30:00,89,91,0.8987825887475609,0.0,0.0,0.074,optimal
2021-02-10 11:00:00,89,91,0.7071833289196735,0.0,0.0,0.074,optimal
2021-02-10 11:30:00,89,91,0.7003139183567957,0.0,0.0,0.074,optimal
2021-02-10 12:00:00,89,91,0.45915539864590244,0.0,0.0,0.074,optimal
2021-02-10 12:30:00,89,91,0.45915539864590244,0.0,0.0,0.074,optimal
2021-02-10 13:00:00,89,91,2.2857142857142856,0.0,0.0,0.074,optimal
2021-02-10 13:30:00,89,91,2.2857142857142856,0.0,0.0,0.074,optimal
2021-02-10 14:00:00,89,91,2.2857142857142856,0.0,0.0,0.074,optimal
2021-02-10 14:30:00,89,91,2.2857142857142856,0.0,0.0,0.074,optimal
2021-02-10 15:00:00,89,91,2.2857142857142856,0.0,0.0,0.074,optimal
2021-02-10 15:30:00,89,91,2.2857142857142856,0.0,0.0,0.074,optimal
2021-02-10 16:00:00,89,91,0.0,0.0,0.0,0.074,optimal
2021-02-10 16:30:00,89,91,0.0,0.0,0.0,0.074,optimal
2021-02-10 17:00:00,89,91,0.0,0.0,0.0,0.16733333333333333,optimal
2021-02-10 17:30:00,89,91,0.0,0.0,0.0,1.5932,optimal
2021-02-10 18:00:00,89,91,0.0,0.0,0.0,1.3292666666666668,optimal
2021-02-10 18:30:00,89,91,0.0,0.0,0.0,1.1614,optimal
2021-02-10 19:00:00,89,91,0.0,0.0,0.0,0.3463,optimal
2021-02-10 19:30:00,89,91,0.0,0.0,0.0,1.0410333333333333,optimal
2021-02-10 20:00:00,89,91,0.6158605332725203,0.0,0.0,1.4963666666666666,optimal
2021-02-10 20:30:00,89,91,0.0,0.0,0.0,0.8239,optimal
2021-02-10 21:00:00,89,91,0.0,0.0,0.0,1.4494666666666667,optimal
2021-02-10 21:30:00,89,91,0.0,0.0,0.0,2.8262666666666667,optimal
2021-02-10 22:00:00,89,91,0.0,0.0,0.0,0.19776666666666667,optimal
2021-02-10 22:30:00,89,91,0.0,0.0,0.0,0.074,optimal
2021-02-10 23:00:00,89,91,0.0,0.0,0.0,0.074,optimal
2021-02-10 23:30:00,89,91,0.0,0.0,0.0,0.07333333333333333,optimal
2021-02-11 00:00:00,89,91,0.0,0.0,0.0,0.066,optimal
2021-02-11 00:30:00,89,91,0.418,0.0,0.0,0.17373333333333332,optimal
2021-02-11 01:00:00,89,91,1.3400272873890422,0.0,0.0,0.1698,optimal
2021-02-11 01:30:00,89,91,2.2857142857142856,0.0,0.0,0.1554,optimal
2021-02-11 02:00:00,89,91,2.2857142857142856,0.0,0.0,0.1194,optimal
2021-02-11 02:30:00,89,91,2.2857142857142856,0.0,0.0,0.21853333333333333,optimal
2021-02-11 03:00:00,89,91,2.2857142857142856,0.0,0.0,0.17066666666666666,optimal
2021-02-11 03:30:00,89,91,2.2857142857142856,0.0,0.0,0.2046,optimal
2021-02-11 04:00:00,89,91,2.2857142857142856,0.0,0.0,0.128,optimal
2021-02-11 04:30:00,89,91,2.2857142857142856,0.0,0.0,0.057,optimal
2021-02-11 05:00:00,89,91,2.2857142857142856,0.0,0.0,0.3433333333333333,optimal
2021-02-11 05:30:00,89,91,2.2857142857142856,0.0,0.0,0.10726666666666668,optimal
2021-02-11 06:00:00,89,91,2.2857142857142856,0.0,0.0,0.186,optimal
2021-02-11 06:30:00,89,91,2.2857142857142856,0.0,0.0,0.1872666666666667,optimal
2021-02-11 07:00:00,89,91,2.2857142857142856,0.0,8.887976893591178,0.23186666666666667,optimal
2021-02-11 07:30:00,89,91,2.2857142857142856,0.0,0.0,0.7707,optimal
2021-02-11 08:00:00,89,91,1.1996689560828202,0.0,0.0,0.7577666666666667,optimal
2021-02-11 08:30:00,89,91,1.3452302147842676,0.0,0.0,0.4331333333333333,optimal
2021-02-11 09:00:00,89,91,1.1446513507129135,0.0,0.0,0.4060666666666667,optimal
2021-02-11 09:30:00,89,91,1.1703632192825613,0.0,0.0,0.16446666666666668,optimal
2021-02-11 10:00:00,89,91,0.8093345877774529,0.0,0.0,0.12053333333333331,optimal
2021-02-11 10:30:00,89,91,0.8109891463928146,0.0,0.0,0.259,optimal
2021-02-11 11:00:00,89,91,0.637739508628693,0.0,0.0,0.16033333333333336,optimal
2021-02-11 11:30:00,89,91,0.5604475008356901,0.0,0.0,0.25053333333333333,optimal
2021-02-11 12:00:00,89,91,0.3119772750317631,0.0,0.0,0.18780000000000002,optimal
2021-02-11 12:30:00,89,91,0.1514689635158954,0.0,0.0,0.3231666666666667,optimal
2021-02-11 13:00:00,89,91,2.2857142857142856,0.0,0.0,0.3773,optimal
2021-02-11 13:30:00,89,91,2.2857142857142856,0.0,0.0,0.2922666666666667,optimal
2021-02-11 14:00:00,89,91,2.2857142857142856,0.0,0.0,0.33466666666666667,optimal
2021-02-11 14:30:00,89,91,2.2857142857142856,0.0,0.0,0.1522,optimal
2021-02-11 15:00:00,89,91,2.2857142857142856,0.0,0.0,0.1938,optimal
2021-02-11 15:30:00,89,91,2.2857142857142856,0.0,0.0,0.27526666666666666,optimal
2021-02-11 16:00:00,89,91,0.0,0.0,0.0,0.06993333333333333,optimal
2021-02-11 16:30:00,89,91,0.0,0.0,0.0,0.1021,optimal
2021-02-11 17:00:00,89,91,0.0,0.0,0.0,0.35810000000000003,optimal
2021-02-11 17:30:00,89,91,0.0,0.0,0.0,0.20826666666666668,optimal
2021-02-11 18:00:00,89,91,0.0,0.0,0.0,0.30196666666666666,optimal
2021-02-11 18:30:00,89,91,0.0,0.0,0.0,0.4264333333333333,optimal
2021-02-11 19:00:00,89,91,0.0,0.0,0.0,0.08633333333333333,optimal
2021-02-11 19:30:00,89,91,0.11053110657003194,0.0,0.0,0.5130666666666667,optimal
2021-02-11 20:00:00,89,91,1.590551667907571,0.0,0.0,0.14806666666666665,optimal
2021-02-11 20:30:00,89,91,0.0,0.0,0.0,0.3699333333333333,optimal
2021-02-11 21:00:00,89,91,0.0,0.0,0.0,0.5748333333333334,optimal
2021-02-11 21:30:00,89,91,0.0,0.0,0.0,0.3237333333333333,optimal
2021-02-11 22:00:00,89,91,0.07961904761904762,0.0,0.0,0.319,optimal
2021-02-11 22:30:00,89,91,0.0,0.0,0.0,0.3678666666666667,optimal
2021-02-11 23:00:00,89,91,0.0,0.0,0.0,0.11413333333333334,optimal
2021-02-11 23:30:00,89,91,0.0,0.0,0.0,0.35183333333333333,optimal
2021-02-12 00:00:00,89,91,0.0,0.0,0.0,0.04,optimal
2021-02-12 00:30:00,89,91,2.285714285714285,0.0,0.0,0.1819,optimal
2021-02-12 01:00:00,89,91,2.2857142857142856,0.0,0.0,0.1033,optimal
2021-02-12 01:30:00,89,91,2.2857142857142856,0.0,0.0,0.09040000000000001,optimal
2021-02-12 02:00:00,89,91,2.2857142857142856,0.0,0.0,0.1541,optimal
2021-02-12 02:30:00,89,91,2.2857142857142856,0.0,0.0,0.08070000000000001,optimal
2021-02-12 03:00:00,89,91,2.2857142857142856,0.0,0.0,0.1093,optimal
2021-02-12 03:30:00,89,91,2.2857142857142856,0.0,0.0,0.1093,optimal
2021-02-12 04:00:00,89,91,2.2857142857142856,0.0,0.0,0.04,optimal
2021-02-12 04:30:00,89,91,2.2857142857142856,0.0,0.0,0.04,optimal
2021-02-12 05:00:00,89,91,2.2857142857142856,0.0,0.0,0.0992,optimal
2021-02-12 05:30:00,89,91,2.2857142857142856,0.0,0.0,0.04806666666666667,optimal
2021-02-12 06:00:00,89,91,2.2857142857142856,0.0,0.0,0.2174,optimal
2021-02-12 06:30:00,89,91,2.2857142857142856,0.0,7.111995998572944,0.0878,optimal
2021-02-12 07:00:00,89,91,2.2857142857142856,0.0,10.0,0.05,optimal
2021-02-12 07:30:00,89,91,2.2857142857142856,0.0,0.0,0.23603333333333334,optimal
2021-02-12 08:00:00,89,91,1.8508564781108725,0.0,0.0,0.09936666666666666,optimal
2021-02-12 08:30:00,89,91,1.4857892753916773,0.0,0.0,0.34013333333333334,optimal
2021-02-12 09:00:00,89,91,1.16933420664233,0.0,0.0,2.400533333333333,optimal
2021-02-12 09:30:00,89,91,1.235060507592359,0.0,0.0,0.09853333333333332,optimal
2021-02-12 10:00:00,89,91,0.8469824141007369,0.0,0.0,0.07596666666666667,optimal
2021-02-12 10:30:00,89,91,0.7769619147063614,0.0,0.0,0.22519999999999998,optimal
2021-02-12 11:00:00,89,91,0.5565025654699889,0.0,0.0,0.0611,optimal
2021-02-12 11:30:00,89,91,0.5562392887599732,0.0,0.0,0.05,optimal
2021-02-12 12:00:00,89,91,0.44092301808880585,0.0,0.0,0.12919999999999998,optimal
2021-02-12 12:30:00,89,91,0.424116884235956,0.0,0.0,0.176,optimal
2021-02-12 13:00:00,89,91,2.2857142857142856,0.0,0.0,0.04933333333333333,optimal
2021-02-12 13:30:00,89,91,2.2857142857142856,0.0,0.0,0.2082,optimal
2021-02-12 14:00:00,89,91,2.2857142857142856,0.0,0.0,0.077,optimal
2021-02-12 14:30:00,89,91,2.2857142857142856,0.0,0.0,0.038,optimal
2021-02-12 15:00:00,89,91,2.2857142857142856,0.0,0.0,0.3977333333333333,optimal
2021-02-12 15:30:00,89,91,2.2857142857142856,0.0,0.0,2.0282,optimal
2021-02-12 16:00:00,89,91,0.0,0.0,0.0,1.6492666666666669,optimal
2021-02-12 16:30:00,89,91,0.0,0.0,0.0,0.8847,optimal
2021-02-12 17:00:00,89,91,0.0,0.0,0.0,0.2606,optimal
2021-02-12 17:30:00,89,91,0.0,0.0,0.0,1.2954,optimal
2021-02-12 18:00:00,89,91,0.0,0.0,0.0,1.3556666666666668,optimal
2021-02-12 18:30:00,89,91,0.0,0.0,0.0,2.2541333333333333,optimal
2021-02-12 19:00:00,89,91,0.0,0.0,0.0,0.5041666666666667,optimal
2021-02-12 19:30:00,89,91,0.0,0.0,0.0,0.19519999999999998,optimal
2021-02-12 20:00:00,89,91,0.5027520365463841,0.0,0.0,0.1837333333333333,optimal
2021-02-12 20:30:00,89,91,0.0,0.0,0.0,0.5225666666666667,optimal
2021-02-12 21:00:00,89,91,0.0,0.0,0.0,2.193,optimal
2021-02-12 21:30:00,89,91,0.0,0.0,0.0,2.6505,optimal
2021-02-12 22:00:00,89,91,0.0398095238095238,0.0,0.0,2.1566666666666667,optimal
2021-02-12 22:30:00,89,91,0.0,0.0,0.0,0.2377333333333333,optimal
2021-02-12 23:00:00,89,91,0.0,0.0,0.0,0.3067,optimal
2021-02-12 23:30:00,89,91,0.0,0.0,0.0,0.2675666666666667,optimal
2021-02-13 00:00:00,89,91,0.0,0.0,0.0,0.052,optimal
2021-02-13 00:30:00,89,91,0.47771428571428565,0.0,0.0,0.05766666666666666,optimal
2021-02-13 01:00:00,89,91,0.0,0.0,0.0,0.19953333333333334,optimal
2021-02-13 01:30:00,89,91,0.0,0.0,0.0,0.08766666666666667,optimal
2021-02-13 02:00:00,89,91,1.8459434997419906,0.0,0.0,0.14833333333333334,optimal
2021-02-13 02:30:00,89,91,2.2857142857142856,0.0,0.0,0.14453333333333332,optimal
2021-02-13 03:00:00,89,91,2.2857142857142856,0.0,0.0,0.09733333333333331,optimal
2021-02-13 03:30:00,89,91,2.2857142857142856,0.0,0.0,0.13133333333333333,optimal
2021-02-13 04:00:00,89,91,2.2857142857142856,0.0,0.0,0.052,optimal
2021-02-13 04:30:00,89,91,2.2857142857142856,0.0,0.0,0.2266,optimal
2021-02-13 05:00:00,89,91,2.2857142857142856,0.0,0.0,0.06626666666666667,optimal
2021-02-13 05:30:00,89,91,2.2857142857142856,0.0,0.0,0.054,optimal
2021-02-13 06:00:00,89,91,2.2857142857142856,0.0,0.0,0.1242,optimal
2021-02-13 06:30:00,89,91,2.2857142857142856,0.0,5.1125229288134895,0.17666666666666667,optimal
2021-02-13 07:00:00,89,91,2.2857142857142856,0.0,10.0,1.2289,optimal
2021-02-13 07:30:00,89,91,2.2857142857142856,0.0,0.0,0.1159,optimal
2021-02-13 08:00:00,89,91,1.221499952098722,0.0,0.0,0.1773,optimal
2021-02-13 08:30:00,89,91,1.3845700087220627,0.0,0.0,0.07073333333333333,optimal
2021-02-13 09:00:00,89,91,1.244920876131171,0.0,0.0,0.181,optimal
2021-02-13 09:30:00,89,91,1.2434044925811316,0.0,0.0,0.1262,optimal
2021-02-13 10:00:00,89,91,0.9879714656785052,0.0,0.0,0.062,optimal
2021-02-13 10:30:00,89,91,0.957012950873237,0.0,0.0,0.15833333333333335,optimal
2021-02-13 11:00:00,89,91,0.6575112957348552,0.0,0.0,0.14026666666666668,optimal
2021-02-13 11:30:00,89,91,0.6723623047391177,0.0,0.0,0.07626666666666666,optimal
2021-02-13 12:00:00,89,91,0.5370333041896735,0.0,0.0,0.10836666666666667,optimal
2021-02-13 12:30:00,89,91,0.5026972269601306,0.0,0.0,0.2045,optimal
2021-02-13 13:00:00,89,91,2.2857142857142856,0.0,0.0,0.09053333333333331,optimal
2021-02-13 13:30:00,89,91,2.2857142857142856,0.0,0.0,0.09766666666666668,optimal
2021-02-13 14:00:00,89,91,2.2857142857142856,0.0,0.0,0.18666666666666662,optimal
2021-02-13 14:30:00,89,91,2.2857142857142856,0.0,0.0,0.1262,optimal
2021-02-13 15:00:00,89,91,2.2857142857142856,0.0,0.0,0.062,optimal
2021-02-13 15:30:00,89,91,2.2857142857142856,0.0,0.0,0.2059,optimal
2021-02-13 16:00:00,89,91,0.0,0.0,0.0,0.12563333333333335,optimal
2021-02-13 16:30:00,89,91,0.0,0.0,0.0,0.09053333333333331,optimal
2021-02-13 17:00:00,89,91,0.0,0.0,0.0,0.09766666666666668,optimal
2021-02-13 17:30:00,89,91,0.0,0.0,0.0,0.113,optimal
2021-02-13 18:00:00,89,91,0.0,0.0,0.0,0.19273333333333328,optimal
2021-02-13 18:30:00,89,91,0.0,0.0,0.0,0.06913333333333334,optimal
2021-02-13 19:00:00,89,91,0.0,0.0,0.0,0.10479999999999999,optimal
2021-02-13 19:30:00,89,91,1.0814269305300863,0.0,0.0,0.0834,optimal
2021-02-13 20:00:00,89,91,1.395067260628149,0.0,0.0,0.06766666666666667,optimal
2021-02-13 20:30:00,89,91,0.0,0.0,0.0,0.2024,optimal
2021-02-13 21:00:00,89,91,0.0,0.0,0.0,0.10479999999999999,optimal
2021-02-13 21:30:00,89,91,0.0,0.0,0.0,0.062,optimal
2021-02-13 22:00:00,89,91,0.0,0.0,0.0,0.2437333333333333,optimal
2021-02-13 22:30:00,89,91,0.0,0.0,0.0,0.06913333333333334,optimal
2021-02-13 23:00:00,89,91,0.0,0.0,0.0,0.14133333333333334,optimal
2021-02-13 23:30:00,89,91,0.0,0.0,0.0,0.10666666666666669,optimal
2021-02-07 00:00:00,90,91,0.0,0.0,0.0,0.1698,optimal
2021-02-07 00:30:00,90,91,0.0,0.0,0.0,0.11633333333333332,optimal
2021-02-07 01:00:00,90,91,0.0,0.0,0.0,0.1,optimal
2021-02-07 01:30:00,90,91,0.0,0.0,0.0,0.063,optimal
2021-02-07 02:00:00,90,91,0.0,0.0,0.0,0.1259,optimal
2021-02-07 02:30:00,90,91,0.0,0.0,0.0,0.15569999999999998,optimal
2021-02-07 03:00:00,90,91,0.0,0.0,0.0,0.14893333333333333,optimal
2021-02-07 03:30:00,90,91,0.0,0.0,0.0,0.0852,optimal
2021-02-07 04:00:00,90,91,2.2857142857142856,0.0,0.0,0.19353333333333333,optimal
2021-02-07 04:30:00,90,91,2.2857142857142856,0.0,0.0,0.1296,optimal
2021-02-07 05:00:00,90,91,2.2857142857142856,0.0,0.0,0.12826666666666667,optimal
2021-02-07 05:30:00,90,91,2.2857142857142856,0.0,0.0,0.1948666666666667,optimal
2021-02-07 06:00:00,90,91,2.2857142857142856,0.0,0.0,0.063,optimal
2021-02-07 06:30:00,90,91,2.2857142857142856,0.0,0.0,0.2542,optimal
2021-02-07 07:00:00,90,91,2.2857142857142856,0.0,0.0,0.06893333333333333,optimal
2021-02-07 07:30:00,90,91,0.0,0.0,0.0,0.1296,optimal
2021-02-07 08:00:00,90,91,0.0,0.0,0.0,0.19353333333333333,optimal
2021-02-07 08:30:00,90,91,0.0,0.0,0.0,0.26326666666666665,optimal
2021-02-07 09:00:00,90,91,0.0,0.0,0.0,0.09659999999999999,optimal
2021-02-07 09:30:00,90,91,0.5904999719035001,0.0,0.0,0.21506666666666663,optimal
2021-02-07 10:00:00,90,91,0.7815064420075513,0.0,0.0,2.3957333333333333,optimal
2021-02-07 10:30:00,90,91,0.6781129954275867,0.0,0.0,3.8701333333333334,optimal
2021-02-07 11:00:00,90,91,0.7569678278172566,0.0,0.0,1.3781333333333334,optimal
2021-02-07 11:30:00,90,91,0.7702402087696393,0.0,0.0,0.3342,optimal
2021-02-07 12:00:00,90,91,0.7011035561484618,0.0,0.0,0.32426666666666665,optimal
2021-02-07 12:30:00,90,91,0.7477054609103552,0.0,0.0,0.13440000000000002,optimal
2021-02-07 13:00:00,90,91,1.8460274414030553,0.0,0.0,0.31560000000000005,optimal
2021-02-07 13:30:00,90,91,2.2857142857142856,0.0,0.0,0.3930666666666667,optimal
2021-02-07 14:00:00,90,91,2.2857142857142856,0.0,2.8898658055358415,0.304,optimal
2021-02-07 14:30:00,90,91,2.2857142857142856,0.0,0.0,0.36086666666666667,optimal
2021-02-07 15:00:00,90,91,2.2857142857142856,0.0,0.0,0.2474,optimal
2021-02-07 15:30:00,90,91,2.2857142857142856,0.0,0.0,0.46786666666666665,optimal
2021-02-07 16:00:00,90,91,0.0,0.0,0.0,0.3778,optimal
2021-02-07 16:30:00,90,91,0.0,0.0,0.0,0.3958,optimal
2021-02-07 17:00:00,90,91,0.0,0.0,0.0,0.5046666666666667,optimal
2021-02-07 17:30:00,90,91,0.0,0.0,0.0,0.37856666666666666,optimal
2021-02-07 18:00:00,90,91,0.0,0.0,0.0,0.47073333333333334,optimal
2021-02-07 18:30:00,90,91,0.0,0.0,0.0,0.4014666666666666,optimal
2021-02-07 19:00:00,90,91,0.0,0.0,0.0,0.4523333333333333,optimal
2021-02-07 19:30:00,90,91,0.0,0.0,0.0,0.29183333333333333,optimal
2021-02-07 20:00:00,90,91,0.0,0.0,0.0,1.0561333333333334,optimal
2021-02-07 20:30:00,90,91,0.0,0.0,0.0,1.5184666666666666,optimal
2021-02-07 21:00:00,90,91,0.0,0.0,0.0,0.5222333333333333,optimal
2021-02-07 21:30:00,90,91,0.0,0.0,0.0,1.4792,optimal
2021-02-07 22:00:00,90,91,0.0,0.0,0.0,0.32993333333333336,optimal
2021-02-07 22:30:00,90,91,0.0,0.0,0.0,0.10266666666666668,optimal
2021-02-07 23:00:00,90,91,0.0,0.0,0.0,0.24046666666666666,optimal
2021-02-07 23:30:00,90,91,0.0,0.0,0.0,0.06966666666666667,optimal
2021-02-08 00:00:00,90,91,0.0,0.0,0.0,0.062,optimal
2021-02-08 00:30:00,90,91,0.19904761904761933,0.0,0.0,0.062,optimal
2021-02-08 01:00:00,90,91,0.0,0.0,0.0,0.062,optimal
2021-02-08 01:30:00,90,91,0.0,0.0,0.0,0.062,optimal
2021-02-08 02:00:00,90,91,0.0,0.0,0.0,0.062,optimal
2021-02-08 02:30:00,90,91,0.7175002647550178,0.0,0.0,0.06766666666666667,optimal
2021-02-08 03:00:00,90,91,2.2857142857142856,0.0,0.0,0.066,optimal
2021-02-08 03:30:00,90,91,2.2857142857142856,0.0,0.0,0.062,optimal
2021-02-08 04:00:00,90,91,2.2857142857142856,0.0,0.0,0.062,optimal
2021-02-08 04:30:00,90,91,2.2857142857142856,0.0,6.990421680662819,0.19853333333333334,optimal
2021-02-08 05:00:00,90,91,2.2857142857142856,0.0,10.0,0.06,optimal
2021-02-08 05:30:00,90,91,2.2857142857142856,0.0,0.0,0.06,optimal
2021-02-08 06:00:00,90,91,2.2857142857142856,0.0,0.0,0.06,optimal
2021-02-08 06:30:00,90,91,2.2857142857142856,0.0,0.0,0.06,optimal
2021-02-08 07:00:00,90,91,2.2857142857142856,0.0,0.0,0.8025666666666668,optimal
2021-02-08 07:30:00,90,91,2.2857142857142856,0.0,0.0,0.8018,optimal
2021-02-08 08:00:00,90,91,1.2513186243922994,0.0,0.0,0.11033333333333331,optimal
2021-02-08 08:30:00,90,91,1.3088070825742357,0.0,0.0,0.06766666666666667,optimal
2021-02-08 09:00:00,90,91,1.1762186900728122,0.0,0.0,0.071,optimal
2021-02-08 09:30:00,90,91,1.1659145742284958,0.0,0.0,0.062,optimal
2021-02-08 10:00:00,90,91,0.9352671295426096,0.0,0.0,0.062,optimal
2021-02-08 10:30:00,90,91,0.9455712453869262,0.0,0.0,0.062,optimal
2021-02-08 11:00:00,90,91,0.6964838475316518,0.0,0.0,0.07,optimal
2021-02-08 11:30:00,90,91,0.6896144369687739,0.0,0.0,0.065,optimal
2021-02-08 12:00:00,90,91,0.6018595006286278,0.0,0.0,0.062,optimal
2021-02-08 12:30:00,90,91,0.5881206795028722,0.0,0.0,0.062,optimal
2021-02-08 13:00:00,90,91,2.2857142857142856,0.0,0.0,0.062,optimal
2021-02-08 13:30:00,90,91,2.2857142857142856,0.0,0.0,0.062,optimal
2021-02-08 14:00:00,90,91,2.2857142857142856,0.0,0.0,0.062,optimal
2021-02-08 14:30:00,90,91,2.2857142857142856,0.0,0.0,0.062,optimal
2021-02-08 15:00:00,90,91,2.2857142857142856,0.0,0.0,0.062,optimal
2021-02-08 15:30:00,90,91,2.2857142857142856,0.0,0.0,0.062,optimal
2021-02-08 16:00:00,90,91,0.0,0.0,0.0,0.062,optimal
2021-02-08 16:30:00,90,91,0.0,0.0,0.0,0.06766666666666667,optimal
2021-02-08 17:00:00,90,91,0.0,0.0,0.0,0.072,optimal
2021-02-08 17:30:00,90,91,0.0,0.0,0.0,0.07033333333333333,optimal
2021-02-08 18:00:00,90,91,0.0,0.0,0.0,0.062,optimal
2021-02-08 18:30:00,90,91,0.0,0.0,0.0,0.06233333333333334,optimal
2021-02-08 19:00:00,90,91,0.0,0.0,0.0,0.072,optimal
2021-02-08 19:30:00,90,91,1.3287697650427237,0.0,0.0,0.07,optimal
2021-02-08 20:00:00,90,91,1.232054833267994,0.0,0.0,0.1974,optimal
2021-02-08 20:30:00,90,91,0.6093866739591713,0.0,0.0,0.5936333333333333,optimal
2021-02-08 21:00:00,90,91,0.0,0.0,0.0,0.28196666666666664,optimal
2021-02-08 21:30:00,90,91,0.0,0.0,0.0,0.3138,optimal
2021-02-08 22:00:00,90,91,0.0,0.0,0.0,1.6556666666666668,optimal
2021-02-08 22:30:00,90,91,0.0,0.0,0.0,0.072,optimal
2021-02-08 23:00:00,90,91,0.0,0.0,0.0,0.072,optimal
2021-02-08 23:30:00,90,91,0.0,0.0,0.0,0.072,optimal
2021-02-09 00:00:00,90,91,0.0,0.0,0.0,0.066,optimal
2021-02-09 00:30:00,90,91,1.2141904761904763,0.0,0.0,0.1444,optimal
2021-02-09 01:00:00,90,91,0.0,0.0,0.0,0.1665,optimal
2021-02-09 01:30:00,90,91,0.0,0.0,0.0,0.12156666666666666,optimal
2021-02-09 02:00:00,90,91,0.23848699713856852,0.0,0.0,0.1454,optimal
2021-02-09 02:30:00,90,91,2.2857142857142856,0.0,0.0,0.1129,optimal
2021-02-09 03:00:00,90,91,2.2857142857142856,0.0,0.0,0.2225,optimal
2021-02-09 03:30:00,90,91,2.2857142857142856,0.0,0.0,0.0884,optimal
2021-02-09 04:00:00,90,91,2.2857142857142856,0.0,0.0,0.14033333333333334,optimal
2021-02-09 04:30:00,90,91,2.2857142857142856,0.0,0.0,0.22646666666666668,optimal
2021-02-09 05:00:00,90,91,2.2857142857142856,0.0,0.0,0.066,optimal
2021-02-09 05:30:00,90,91,2.2857142857142856,0.0,0.0,0.1645,optimal
2021-02-09 06:00:00,90,91,2.2857142857142856,0.0,1.1613644122702365,0.6225,optimal
2021-02-09 06:30:00,90,91,2.2857142857142856,0.0,10.0,1.1345666666666665,optimal
2021-02-09 07:00:00,90,91,2.2857142857142856,0.0,10.0,0.383,optimal
2021-02-09 07:30:00,90,91,2.2857142857142856,0.0,0.0,0.37473333333333336,optimal
2021-02-09 08:00:00,90,91,1.1146099861248775,0.0,0.0,1.0843666666666665,optimal
2021-02-09 08:30:00,90,91,1.0906430131377085,0.0,0.0,1.2731333333333335,optimal
2021-02-09 09:00:00,90,91,1.016994210677956,0.0,0.0,0.2483333333333333,optimal
2021-02-09 09:30:00,90,91,0.8837193123226456,0.0,0.0,0.7562000000000001,optimal
2021-02-09 10:00:00,90,91,0.7166095245129224,0.0,0.0,0.4362,optimal
2021-02-09 10:30:00,90,91,0.7014798076295334,0.0,0.0,0.6691,optimal
2021-02-09 11:00:00,90,91,0.3022634709927614,0.0,0.0,2.3758666666666666,optimal
2021-02-09 11:30:00,90,91,0.42040590856846544,0.0,0.0,1.0250666666666666,optimal
2021-02-09 12:00:00,90,91,0.39281729458957276,0.0,0.0,0.3653666666666667,optimal
2021-02-09 12:30:00,90,91,0.4291510474900699,0.0,0.0,0.31810000000000005,optimal
2021-02-09 13:00:00,90,91,2.2857142857142856,0.0,0.0,0.5833666666666667,optimal
2021-02-09 13:30:00,90,91,2.2857142857142856,0.0,0.0,0.5134,optimal
2021-02-09 14:00:00,90,91,2.2857142857142856,0.0,0.0,0.3132333333333333,optimal
2021-02-09 14:30:00,90,91,2.2857142857142856,0.0,0.0,0.3161666666666667,optimal
2021-02-09 15:00:00,90,91,2.2857142857142856,0.0,0.0,0.44846666666666657,optimal
2021-02-09 15:30:00,90,91,2.2857142857142856,0.0,0.0,0.3826,optimal
2021-02-09 16:00:00,90,91,0.0,0.0,0.0,0.5126000000000001,optimal
2021-02-09 16:30:00,90,91,0.0,0.0,0.0,0.22340000000000002,optimal
2021-02-09 17:00:00,90,91,0.0,0.0,0.0,0.1028,optimal
2021-02-09 17:30:00,90,91,0.0,0.0,0.0,0.1966,optimal
2021-02-09 18:00:00,90,91,0.0,0.0,0.0,0.1544,optimal
2021-02-09 18:30:00,90,91,0.0,0.0,0.0,0.1028,optimal
2021-02-09 19:00:00,90,91,0.0,0.0,0.0,0.1966,optimal
2021-02-09 19:30:00,90,91,0.0,0.0,0.0,0.1544,optimal
2021-02-09 20:00:00,90,91,0.27341486387861397,0.0,0.0,0.1564,optimal
2021-02-09 20:30:00,90,91,0.0,0.0,0.0,0.3933333333333333,optimal
2021-02-09 21:00:00,90,91,0.0,0.0,0.0,0.5239333333333333,optimal
2021-02-09 21:30:00,90,91,0.0,0.0,0.0,0.42673333333333335,optimal
2021-02-09 22:00:00,90,91,0.15923809523809523,0.0,0.0,0.17536666666666667,optimal
2021-02-09 22:30:00,90,91,0.0,0.0,0.0,0.4234,optimal
2021-02-09 23:00:00,90,91,0.0,0.0,0.0,0.26680000000000004,optimal
2021-02-09 23:30:00,90,91,0.05971428571428571,0.0,0.0,0.36660000000000004,optimal
2021-02-10 00:00:00,90,91,0.0,0.0,0.0,0.10706666666666666,optimal
2021-02-10 00:30:00,90,91,0.9355238095238095,0.0,0.0,0.04986666666666667,optimal
2021-02-10 01:00:00,90,91,0.0,0.0,0.0,0.108,optimal
2021-02-10 01:30:00,90,91,0.0,0.0,0.0,0.10706666666666666,optimal
2021-02-10 02:00:00,90,91,1.4690740061343806,0.0,0.0,0.05053333333333333,optimal
2021-02-10 02:30:00,90,91,2.2857142857142856,0.0,0.0,0.047,optimal
2021-02-10 03:00:00,90,91,2.2857142857142856,0.0,0.0,0.05406666666666667,optimal
2021-02-10 03:30:00,90,91,2.2857142857142856,0.0,0.0,0.10353333333333331,optimal
2021-02-10 04:00:00,90,91,2.2857142857142856,0.0,0.0,0.047,optimal
2021-02-10 04:30:00,90,91,2.2857142857142856,0.0,0.0,0.11059999999999999,optimal
2021-02-10 05:00:00,90,91,2.2857142857142856,0.0,0.0,0.049,optimal
2021-02-10 05:30:00,90,91,2.2857142857142856,0.0,0.0,0.1206,optimal
2021-02-10 06:00:00,90,91,2.2857142857142856,0.0,0.0,0.055,optimal
2021-02-10 06:30:00,90,91,2.2857142857142856,0.0,0.0,0.11059999999999999,optimal
2021-02-10 07:00:00,90,91,2.2857142857142856,0.0,9.792792356775522,0.08833333333333333,optimal
2021-02-10 07:30:00,90,91,2.2857142857142856,0.0,0.0,0.3825,optimal
2021-02-10 08:00:00,90,91,1.186574662791306,0.0,0.0,0.1512666666666667,optimal
2021-02-10 08:30:00,90,91,1.1879691749988681,0.0,0.0,0.2657,optimal
2021-02-10 09:00:00,90,91,1.087954540413786,0.0,0.0,0.0768,optimal
2021-02-10 09:30:00,90,91,1.0687490526213665,0.0,0.0,0.0852,optimal
2021-02-10 10:00:00,90,91,0.7735152760204581,0.0,0.0,0.1118,optimal
2021-02-10 10:30:00,90,91,0.7621254458904106,0.0,0.0,0.1076,optimal
2021-02-10 11:00:00,90,91,0.5422880908244161,0.0,0.0,0.2531,optimal
2021-02-10 11:30:00,90,91,0.5404777278805974,0.0,0.0,0.39836666666666665,optimal
2021-02-10 12:00:00,90,91,0.46381254150304546,0.0,0.0,0.047,optimal
2021-02-10 12:30:00,90,91,0.4617934938839913,0.0,0.0,0.05606666666666667,optimal
2021-02-10 13:00:00,90,91,2.2857142857142856,0.0,0.0,0.11353333333333332,optimal
2021-02-10 13:30:00,90,91,2.2857142857142856,0.0,0.0,0.055,optimal
2021-02-10 14:00:00,90,91,2.2857142857142856,0.0,0.0,0.11059999999999999,optimal
2021-02-10 14:30:00,90,91,2.2857142857142856,0.0,0.0,0.048,optimal
2021-02-10 15:00:00,90,91,2.2857142857142856,0.0,0.0,0.1206,optimal
2021-02-10 15:30:00,90,91,2.2857142857142856,0.0,0.0,2.5308,optimal
2021-02-10 16:00:00,90,91,0.0,0.0,0.0,0.4568,optimal
2021-02-10 16:30:00,90,91,0.0,0.0,0.0,0.18746666666666667,optimal
2021-02-10 17:00:00,90,91,0.0,0.0,0.0,0.3373333333333333,optimal
2021-02-10 17:30:00,90,91,0.0,0.0,0.0,0.2796,optimal
2021-02-10 18:00:00,90,91,0.0,0.0,0.0,0.10446666666666668,optimal
2021-02-10 18:30:00,90,91,0.0,0.0,0.0,0.1418,optimal
2021-02-10 19:00:00,90,91,0.0,0.0,0.0,0.2767333333333333,optimal
2021-02-10 19:30:00,90,91,0.0,0.0,0.0,0.2755,optimal
2021-02-10 20:00:00,90,91,0.32020412493279543,0.0,0.0,0.057,optimal
2021-02-10 20:30:00,90,91,0.0,0.0,0.0,0.11706666666666667,optimal
2021-02-10 21:00:00,90,91,0.0,0.0,0.0,0.060533333333333335,optimal
2021-02-10 21:30:00,90,91,0.0,0.0,0.0,0.17176666666666668,optimal
2021-02-10 22:00:00,90,91,0.0,0.0,0.0,0.3206666666666667,optimal
2021-02-10 22:30:00,90,91,0.0,0.0,0.0,0.057,optimal
2021-02-10 23:00:00,90,91,0.0,0.0,0.0,0.057,optimal
2021-02-10 23:30:00,90,91,0.0,0.0,0.0,0.1206,optimal
2021-02-11 00:00:00,90,91,0.0,0.0,0.0,0.056,optimal
2021-02-11 00:30:00,90,91,1.2356599601846168,0.0,0.0,0.056,optimal
2021-02-11 01:00:00,90,91,2.2857142857142856,0.0,0.0,0.1512,optimal
2021-02-11 01:30:00,90,91,2.2857142857142856,0.0,0.0,0.06533333333333333,optimal
2021-02-11 02:00:00,90,91,2.2857142857142856,0.0,0.0,0.2216,optimal
2021-02-11 02:30:00,90,91,2.2857142857142856,0.0,0.0,0.0696,optimal
2021-02-11 03:00:00,90,91,2.2857142857142856,0.0,0.0,0.14466666666666667,optimal
2021-02-11 03:30:00,90,91,2.2857142857142856,0.0,0.0,0.06066666666666666,optimal
2021-02-11 04:00:00,90,91,2.2857142857142856,0.0,0.0,0.07640000000000001,optimal
2021-02-11 04:30:00,90,91,2.2857142857142856,0.0,0.0,0.22413333333333332,optimal
2021-02-11 05:00:00,90,91,2.2857142857142856,0.0,0.0,0.056,optimal
2021-02-11 05:30:00,90,91,2.2857142857142856,0.0,0.0,0.19319999999999998,optimal
2021-02-11 06:00:00,90,91,2.2857142857142856,0.0,0.0,0.114,optimal
2021-02-11 06:30:00,90,91,2.2857142857142856,0.0,0.0,0.09666666666666669,optimal
2021-02-11 07:00:00,90,91,2.2857142857142856,0.0,7.118945506732614,0.2072,optimal
2021-02-11 07:30:00,90,91,2.2857142857142856,0.0,0.0,0.056,optimal
2021-02-11 08:00:00,90,91,1.3768308608447184,0.0,0.0,0.14866666666666667,optimal
2021-02-11 08:30:00,90,91,1.2550492624033271,0.0,0.0,0.3851,optimal
2021-02-11 09:00:00,90,91,1.097232303093883,0.0,0.0,0.2824,optimal
2021-02-11 09:30:00,90,91,0.9054489335682859,0.0,0.0,0.2746,optimal
2021-02-11 10:00:00,90,91,0.579382206825058,0.0,0.0,0.25610000000000005,optimal
2021-02-11 10:30:00,90,91,0.5697320035356617,0.0,0.0,0.224,optimal
2021-02-11 11:00:00,90,91,0.5620442705334536,0.0,0.0,0.24186666666666667,optimal
2021-02-11 11:30:00,90,91,0.5983903579785301,0.0,0.0,0.11733333333333332,optimal
2021-02-11 12:00:00,90,91,0.347462989317458,0.0,0.0,0.16119999999999998,optimal
2021-02-11 12:30:00,90,91,0.3033451539920866,0.0,0.0,0.15933333333333335,optimal
2021-02-11 13:00:00,90,91,2.2857142857142856,0.0,0.0,0.066,optimal
2021-02-11 13:30:00,90,91,2.2857142857142856,0.0,0.0,0.16119999999999998,optimal
2021-02-11 14:00:00,90,91,2.2857142857142856,0.0,0.0,0.15933333333333335,optimal
2021-02-11 14:30:00,90,91,2.2857142857142856,0.0,0.0,0.066,optimal
2021-02-11 15:00:00,90,91,2.2857142857142856,0.0,0.0,0.3085333333333334,optimal
2021-02-11 15:30:00,90,91,2.2857142857142856,0.0,0.0,0.2392,optimal
2021-02-11 16:00:00,90,91,0.0,0.0,0.0,1.3769,optimal
2021-02-11 16:30:00,90,91,0.0,0.0,0.0,0.7694,optimal
2021-02-11 17:00:00,90,91,0.0,0.0,0.0,0.2808333333333333,optimal
2021-02-11 17:30:00,90,91,0.0,0.0,0.0,0.20286666666666667,optimal
2021-02-11 18:00:00,90,91,0.0,0.0,0.0,0.20746666666666666,optimal
2021-02-11 18:30:00,90,91,0.0,0.0,0.0,0.0728,optimal
2021-02-11 19:00:00,90,91,0.0,0.0,0.0,0.066,optimal
2021-02-11 19:30:00,90,91,0.16446747602566614,0.0,0.0,0.15933333333333335,optimal
2021-02-11 20:00:00,90,91,1.7942469060028108,0.0,0.0,0.16119999999999998,optimal
2021-02-11 20:30:00,90,91,0.0,0.0,0.0,0.066,optimal
2021-02-11 21:00:00,90,91,0.0,0.0,0.0,0.14066666666666666,optimal
2021-02-11 21:30:00,90,91,0.0,0.0,0.0,0.17986666666666667,optimal
2021-02-11 22:00:00,90,91,0.0,0.0,0.0,0.066,optimal
2021-02-11 22:30:00,90,91,0.0,0.0,0.0,0.22733333333333328,optimal
2021-02-11 23:00:00,90,91,0.0199047619047619,0.0,0.0,0.9791333333333332,optimal
2021-02-11 23:30:00,90,91,0.0,0.0,0.0,0.3007333333333333,optimal
2021-02-12 00:00:00,90,91,1.8994500640584446,0.0,0.0,0.08166666666666667,optimal
2021-02-12 00:30:00,90,91,2.2857142857142856,0.0,0.0,0.16843333333333332,optimal
2021-02-12 01:00:00,90,91,2.2857142857142856,0.0,0.0,0.08256666666666666,optimal
2021-02-12 01:30:00,90,91,2.2857142857142856,0.0,0.0,0.038,optimal
2021-02-12 02:00:00,90,91,2.2857142857142856,0.0,0.0,0.08166666666666667,optimal
2021-02-12 02:30:00,90,91,2.2857142857142856,0.0,0.0,0.11113333333333333,optimal
2021-02-12 03:00:00,90,91,2.2857142857142856,0.0,0.0,0.13986666666666667,optimal
2021-02-12 03:30:00,90,91,2.2857142857142856,0.0,0.0,0.1166,optimal
2021-02-12 04:00:00,90,91,2.2857142857142856,0.0,1.5036267861464725,0.17806666666666665,optimal
2021-02-12 04:30:00,90,91,2.2857142857142856,0.0,10.0,0.11813333333333334,optimal
2021-02-12 05:00:00,90,91,2.2857142857142856,0.0,0.0,0.16126666666666667,optimal
2021-02-12 05:30:00,90,91,2.2857142857142856,0.0,0.0,0.1494,optimal
2021-02-12 06:00:00,90,91,2.2857142857142856,0.0,0.0,0.053399999999999996,optimal
2021-02-12 06:30:00,90,91,2.2857142857142856,0.0,0.0,0.22636666666666666,optimal
2021-02-12 07:00:00,90,91,2.2857142857142856,0.0,0.0,0.07036666666666666,optimal
2021-02-12 07:30:00,90,91,2.2857142857142856,0.0,0.0,0.342,optimal
2021-02-12 08:00:00,90,91,1.5432847399802216,0.0,0.0,1.4484000000000001,optimal
2021-02-12 08:30:00,90,91,1.589450227772645,0.0,0.0,0.2346,optimal
2021-02-12 09:00:00,90,91,1.3859608733090085,0.0,0.0,0.13953333333333334,optimal
2021-02-12 09:30:00,90,91,1.1590547933066389,0.0,0.0,0.43189999999999995,optimal
2021-02-12 10:00:00,90,91,0.8400490807673925,0.0,0.0,0.19206666666666664,optimal
2021-02-12 10:30:00,90,91,0.8140666766111211,0.0,0.0,0.09603333333333332,optimal
2021-02-12 11:00:00,90,91,0.5204263749937957,0.0,0.0,0.18806666666666663,optimal
2021-02-12 11:30:00,90,91,0.5345535744742606,0.0,0.0,0.1266,optimal
2021-02-12 12:00:00,90,91,0.4643230180888036,0.0,0.0,0.048,optimal
2021-02-12 12:30:00,90,91,0.4208692651883293,0.0,0.0,0.18806666666666663,optimal
2021-02-12 13:00:00,90,91,2.2857142857142856,0.0,0.0,0.1266,optimal
2021-02-12 13:30:00,90,91,2.2857142857142856,0.0,0.0,0.07983333333333333,optimal
2021-02-12 14:00:00,90,91,2.2857142857142856,0.0,0.0,0.23483333333333328,optimal
2021-02-12 14:30:00,90,91,2.2857142857142856,0.0,0.0,0.048,optimal
2021-02-12 15:00:00,90,91,2.2857142857142856,0.0,0.0,0.16896666666666668,optimal
2021-02-12 15:30:00,90,91,2.2857142857142856,0.0,0.0,0.06676666666666667,optimal
2021-02-12 16:00:00,90,91,0.0,0.0,0.0,0.0732,optimal
2021-02-12 16:30:00,90,91,0.0,0.0,0.0,0.10779999999999999,optimal
2021-02-12 17:00:00,90,91,0.0,0.0,0.0,0.9164,optimal
2021-02-12 17:30:00,90,91,0.0,0.0,0.0,0.8279,optimal
2021-02-12 18:00:00,90,91,0.0,0.0,0.0,1.4809,optimal
2021-02-12 18:30:00,90,91,0.0,0.0,0.0,0.24036666666666667,optimal
2021-02-12 19:00:00,90,91,0.0,0.0,0.0,0.39816666666666667,optimal
2021-02-12 19:30:00,90,91,0.6155845550420248,0.0,0.0,0.22263333333333332,optimal
2021-02-12 20:00:00,90,91,1.1544291653900534,0.0,0.0,0.42706666666666665,optimal
2021-02-12 20:30:00,90,91,0.0,0.0,0.0,0.1999,optimal
2021-02-12 21:00:00,90,91,0.0,0.0,0.0,0.3670333333333334,optimal
2021-02-12 21:30:00,90,91,0.0,0.0,0.0,0.7056333333333333,optimal
2021-02-12 22:00:00,90,91,0.07961904761904762,0.0,0.0,0.2836,optimal
2021-02-12 22:30:00,90,91,0.0,0.0,0.0,0.3772,optimal
2021-02-12 23:00:00,90,91,0.0,0.0,0.0,0.15203333333333333,optimal
2021-02-12 23:30:00,90,91,0.0,0.0,0.0,0.5064,optimal
2021-02-13 00:00:00,90,91,0.0,0.0,0.0,0.0866,optimal
2021-02-13 00:30:00,90,91,1.3137142857142858,0.0,0.0,0.1494,optimal
2021-02-13 01:00:00,90,91,0.0,0.0,0.0,0.074,optimal
2021-02-13 01:30:00,90,91,0.0,0.0,0.0,0.074,optimal
2021-02-13 02:00:00,90,91,1.913105291509765,0.0,0.0,0.074,optimal
2021-02-13 02:30:00,90,91,2.2857142857142856,0.0,0.0,0.074,optimal
2021-02-13 03:00:00,90,91,2.2857142857142856,0.0,0.0,0.1328,optimal
2021-02-13 03:30:00,90,91,2.2857142857142856,0.0,0.0,0.11320000000000001,optimal
2021-02-13 04:00:00,90,91,2.2857142857142856,0.0,0.0,0.074,optimal
2021-02-13 04:30:00,90,91,2.2857142857142856,0.0,0.0,0.172,optimal
2021-02-13 05:00:00,90,91,2.2857142857142856,0.0,0.0,0.074,optimal
2021-02-13 05:30:00,90,91,2.2857142857142856,0.0,0.0,0.1524,optimal
2021-02-13 06:00:00,90,91,2.2857142857142856,0.0,0.0,0.09359999999999999,optimal
2021-02-13 06:30:00,90,91,2.2857142857142856,0.0,0.0,0.31189999999999996,optimal
2021-02-13 07:00:00,90,91,2.2857142857142856,0.0,9.645454796335107,0.086,optimal
2021-02-13 07:30:00,90,91,2.2857142857142856,0.0,0.0,0.47756666666666664,optimal
2021-02-13 08:00:00,90,91,1.290928523527296,0.0,0.0,0.186,optimal
2021-02-13 08:30:00,90,91,1.2645890563410918,0.0,0.0,0.186,optimal
2021-02-13 09:00:00,90,91,1.0654732570835515,0.0,0.0,0.45,optimal
2021-02-13 09:30:00,90,91,1.1104140163906597,0.0,0.0,0.24459999999999998,optimal
2021-02-13 10:00:00,90,91,0.9627143228213575,0.0,0.0,0.1524,optimal
2021-02-13 10:30:00,90,91,0.9816796175399092,0.0,0.0,0.074,optimal
2021-02-13 11:00:00,90,91,0.6770160576396094,0.0,0.0,0.074,optimal
2021-02-13 11:30:00,90,91,0.6735813523581706,0.0,0.0,0.074,optimal
2021-02-13 12:00:00,90,91,0.5194237803801482,0.0,0.0,0.172,optimal
2021-02-13 12:30:00,90,91,0.54055436981727,0.0,0.0,0.074,optimal
2021-02-13 13:00:00,90,91,2.285714285714285,0.0,0.0,0.172,optimal
2021-02-13 13:30:00,90,91,2.2857142857142856,0.0,0.0,0.074,optimal
2021-02-13 14:00:00,90,91,2.2857142857142856,0.0,0.0,0.074,optimal
2021-02-13 14:30:00,90,91,2.2857142857142856,0.0,0.0,0.09359999999999999,optimal
2021-02-13 15:00:00,90,91,2.2857142857142856,0.0,0.0,0.1524,optimal
2021-02-13 15:30:00,90,91,2.2857142857142856,0.0,0.0,0.074,optimal
2021-02-13 16:00:00,90,91,0.0,0.0,0.0,0.172,optimal
2021-02-13 16:30:00,90,91,0.0,0.0,0.0,0.074,optimal
2021-02-13 17:00:00,90,91,0.0,0.0,0.0,0.074,optimal
2021-02-13 17:30:00,90,91,0.0,0.0,0.0,0.123,optimal
2021-02-13 18:00:00,90,91,0.0,0.0,0.0,0.123,optimal
2021-02-13 18:30:00,90,91,0.0,0.0,0.0,0.1784,optimal
2021-02-13 19:00:00,90,91,0.0,0.0,0.0,0.6611333333333334,optimal
2021-02-13 19:30:00,90,91,0.9767330881605077,0.0,0.0,1.7365,optimal
2021-02-13 20:00:00,90,91,1.0862424987234023,0.0,0.0,1.1208666666666665,optimal
2021-02-13 20:30:00,90,91,1.652842784952162,0.0,0.0,0.2897,optimal
2021-02-13 21:00:00,90,91,0.0,0.0,0.0,0.36110000000000003,optimal
2021-02-13 21:30:00,90,91,0.0,0.0,0.0,0.6262000000000001,optimal
2021-02-13 22:00:00,90,91,0.07046285714285715,0.0,0.0,0.398,optimal
2021-02-13 22:30:00,90,91,0.04896571428571429,0.0,0.0,0.7888,optimal
2021-02-13 23:00:00,90,91,0.0,0.0,0.0,0.29083333333333333,optimal
2021-02-13 23:30:00,90,91,0.0,0.0,0.0,0.1524,optimal
2021-02-07 00:00:00,91,91,0.0,0.0,0.0,0.0912,optimal
2021-02-07 00:30:00,91,91,0.0,0.0,0.0,0.13813333333333333,optimal
2021-02-07 01:00:00,91,91,0.0,0.0,0.0,0.056,optimal
2021-02-07 01:30:00,91,91,0.0,0.0,0.0,0.19533333333333328,optimal
2021-02-07 02:00:00,91,91,0.0,0.0,0.0,0.21106666666666662,optimal
2021-02-07 02:30:00,91,91,0.0,0.0,0.0,0.15713333333333332,optimal
2021-02-07 03:00:00,91,91,0.0,0.0,0.0,0.2457333333333333,optimal
2021-02-07 03:30:00,91,91,0.0,0.0,0.0,0.0878,optimal
2021-02-07 04:00:00,91,91,2.142857142857143,0.0,0.0,0.10773333333333332,optimal
2021-02-07 04:30:00,91,91,2.142857142857143,0.0,0.0,0.2896,optimal
2021-02-07 05:00:00,91,91,2.142857142857143,0.0,0.0,0.0792,optimal
2021-02-07 05:30:00,91,91,2.142857142857143,0.0,0.0,0.05966666666666666,optimal
2021-02-07 06:00:00,91,91,2.142857142857143,0.0,0.0,0.2587333333333333,optimal
2021-02-07 06:30:00,91,91,2.142857142857143,0.0,0.0,0.1768,optimal
2021-02-07 07:00:00,91,91,2.142857142857143,0.0,1.7076336144509696,0.19646666666666668,optimal
2021-02-07 07:30:00,91,91,0.0,0.0,0.0,0.43976666666666664,optimal
2021-02-07 08:00:00,91,91,0.0,0.0,0.0,1.7577,optimal
2021-02-07 08:30:00,91,91,0.0,0.0,0.0,0.18786666666666668,optimal
2021-02-07 09:00:00,91,91,0.3607602249446403,0.0,0.0,0.0882,optimal
2021-02-07 09:30:00,91,91,1.1149519347607226,0.0,0.0,0.25366666666666665,optimal
2021-02-07 10:00:00,91,91,1.027643584864701,0.0,0.0,0.17626666666666668,optimal
2021-02-07 10:30:00,91,91,1.0394653763799706,0.0,0.0,0.15893333333333334,optimal
2021-02-07 11:00:00,91,91,0.86904020876965,0.0,0.0,0.2816,optimal
2021-02-07 11:30:00,91,91,0.9296306849601308,0.0,0.0,0.06953333333333334,optimal
2021-02-07 12:00:00,91,91,0.797629270434175,0.0,0.0,0.18986666666666668,optimal
2021-02-07 12:30:00,91,91,0.7812673656722618,0.0,0.0,0.24713333333333332,optimal
2021-02-07 13:00:00,91,91,2.142857142857143,0.0,0.0,0.066,optimal
2021-02-07 13:30:00,91,91,2.142857142857143,0.0,0.0,0.3158666666666667,optimal
2021-02-07 14:00:00,91,91,2.142857142857143,0.0,0.0,0.8887666666666667,optimal
2021-02-07 14:30:00,91,91,2.142857142857143,0.0,0.0,0.7306666666666666,optimal
2021-02-07 15:00:00,91,91,2.142857142857143,0.0,0.0,0.16119999999999998,optimal
2021-02-07 15:30:00,91,91,2.142857142857143,0.0,0.0,0.3326,optimal
2021-02-07 16:00:00,91,91,0.0,0.0,0.0,0.26306666666666667,optimal
2021-02-07 16:30:00,91,91,0.0,0.0,0.0,0.17206666666666667,optimal
2021-02-07 17:00:00,91,91,0.0,0.0,0.0,0.07306666666666667,optimal
2021-02-07 17:30:00,91,91,0.0,0.0,0.0,0.25366666666666665,optimal
2021-02-07 18:00:00,91,91,0.0,0.0,0.0,0.15166666666666664,optimal
2021-02-07 18:30:00,91,91,0.0,0.0,0.0,0.10826666666666668,optimal
2021-02-07 19:00:00,91,91,0.0,0.0,0.0,0.12253333333333331,optimal
2021-02-07 19:30:00,91,91,1.0227403097249863,0.0,0.0,0.31093333333333334,optimal
2021-02-07 20:00:00,91,91,1.2447307044353195,0.0,0.0,0.066,optimal
2021-02-07 20:30:00,91,91,0.0,0.0,0.0,0.2509333333333333,optimal
2021-02-07 21:00:00,91,91,0.0,0.0,0.0,0.1896,optimal
2021-02-07 21:30:00,91,91,0.0,0.0,0.0,0.16573333333333332,optimal
2021-02-07 22:00:00,91,91,0.0,0.0,0.0,0.1891,optimal
2021-02-07 22:30:00,91,91,0.0,0.0,0.0,0.2287333333333333,optimal
2021-02-07 23:00:00,91,91,0.0,0.0,0.0,0.39130000000000004,optimal
2021-02-07 23:30:00,91,91,0.0,0.0,0.0,0.1124,optimal
2021-02-08 00:00:00,91,91,0.0,0.0,0.0,0.06,optimal
2021-02-08 00:30:00,91,91,0.0,0.0,0.0,0.10986666666666665,optimal
2021-02-08 01:00:00,91,91,0.0,0.0,0.0,0.06293333333333333,optimal
2021-02-08 01:30:00,91,91,0.0,0.0,0.0,0.08346666666666668,optimal
2021-02-08 02:00:00,91,91,1.2901850958972958,0.0,0.0,0.2367333333333333,optimal
2021-02-08 02:30:00,91,91,2.142857142857143,0.0,0.0,0.06,optimal
2021-02-08 03:00:00,91,91,2.142857142857143,0.0,0.0,0.18059999999999998,optimal
2021-02-08 03:30:00,91,91,2.142857142857143,0.0,0.0,0.11026666666666668,optimal
2021-02-08 04:00:00,91,91,2.142857142857143,0.0,0.0,0.08933333333333333,optimal
2021-02-08 04:30:00,91,91,2.142857142857143,0.0,0.0,0.23966666666666664,optimal
2021-02-08 05:00:00,91,91,2.142857142857143,0.0,0.0,0.08053333333333333,optimal
2021-02-08 05:30:00,91,91,2.142857142857143,0.0,0.0,0.11359999999999999,optimal
2021-02-08 06:00:00,91,91,2.142857142857143,0.0,0.0,0.15380000000000002,optimal
2021-02-08 06:30:00,91,91,2.142857142857143,0.0,0.0,0.1128,optimal
2021-02-08 07:00:00,91,91,2.142857142857143,0.0,7.690645709957111,0.38010000000000005,optimal
2021-02-08 07:30:00,91,91,2.142857142857143,0.0,0.0,0.3673666666666667,optimal
2021-02-08 08:00:00,91,91,1.1788519577256473,0.0,0.0,0.8166666666666667,optimal
2021-02-08 08:30:00,91,91,1.2906070825742346,0.0,0.0,0.127,optimal
2021-02-08 09:00:00,91,91,1.1637520234061656,0.0,0.0,0.10693333333333334,optimal
2021-02-08 09:30:00,91,91,1.128809812323736,0.0,0.0,0.20083333333333328,optimal
2021-02-08 10:00:00,91,91,0.9304671295426018,0.0,0.0,0.0901,optimal
2021-02-08 10:30:00,91,91,0.9256855311012223,0.0,0.0,0.13523333333333332,optimal
2021-02-08 11:00:00,91,91,0.6610552761030983,0.0,0.0,0.18730000000000002,optimal
2021-02-08 11:30:00,91,91,0.675471579825921,0.0,0.0,0.1128,optimal
2021-02-08 12:00:00,91,91,0.5061261672952773,0.0,0.0,1.4274666666666667,optimal
2021-02-08 12:30:00,91,91,0.48869210807428415,0.0,0.0,0.26430000000000003,optimal
2021-02-08 13:00:00,91,91,2.142857142857143,0.0,0.0,0.21386666666666668,optimal
2021-02-08 13:30:00,91,91,2.142857142857143,0.0,0.0,0.26343333333333335,optimal
2021-02-08 14:00:00,91,91,2.142857142857143,0.0,0.0,0.5321,optimal
2021-02-08 14:30:00,91,91,2.142857142857143,0.0,0.0,0.7536,optimal
2021-02-08 15:00:00,91,91,2.142857142857143,0.0,0.0,1.3731666666666666,optimal
2021-02-08 15:30:00,91,91,2.142857142857143,0.0,0.0,0.2085,optimal
2021-02-08 16:00:00,91,91,0.0,0.0,0.0,2.050466666666667,optimal
2021-02-08 16:30:00,91,91,0.0,0.0,0.0,0.2956666666666667,optimal
2021-02-08 17:00:00,91,91,0.0,0.0,0.0,0.5121666666666667,optimal
2021-02-08 17:30:00,91,91,0.0,0.0,0.0,0.07,optimal
2021-02-08 18:00:00,91,91,0.0,0.0,0.0,0.24966666666666662,optimal
2021-02-08 18:30:00,91,91,0.0,0.0,0.0,0.09053333333333331,optimal
2021-02-08 19:00:00,91,91,0.0,0.0,0.0,0.1973,optimal
2021-02-08 19:30:00,91,91,0.0,0.0,0.0,0.0901,optimal
2021-02-08 20:00:00,91,91,1.221897882825699,0.0,0.0,0.12279999999999999,optimal
2021-02-08 20:30:00,91,91,0.0,0.0,0.0,0.06903333333333334,optimal
2021-02-08 21:00:00,91,91,0.0,0.0,0.0,0.20363333333333333,optimal
2021-02-08 21:30:00,91,91,0.0,0.0,0.0,1.1709666666666667,optimal
2021-02-08 22:00:00,91,91,0.0,0.0,0.0,0.4711666666666667,optimal
2021-02-08 22:30:00,91,91,0.0,0.0,0.0,0.14503333333333332,optimal
2021-02-08 23:00:00,91,91,0.0,0.0,0.0,0.08136666666666666,optimal
2021-02-08 23:30:00,91,91,0.0,0.0,0.0,0.22123333333333328,optimal
2021-02-09 00:00:00,91,91,0.05971428571428571,0.0,0.0,0.04933333333333333,optimal
2021-02-09 00:30:00,91,91,0.0,0.0,0.0,0.05,optimal
2021-02-09 01:00:00,91,91,0.0,0.0,0.0,0.05,optimal
2021-02-09 01:30:00,91,91,0.9643746373215482,0.0,0.0,0.05,optimal
2021-02-09 02:00:00,91,91,2.142857142857143,0.0,0.0,0.05,optimal
2021-02-09 02:30:00,91,91,2.142857142857143,0.0,0.0,0.05,optimal
2021-02-09 03:00:00,91,91,2.142857142857143,0.0,0.0,0.1264,optimal
2021-02-09 03:30:00,91,91,2.142857142857143,0.0,0.0,0.11366666666666668,optimal
2021-02-09 04:00:00,91,91,2.142857142857143,0.0,0.0,0.05,optimal
2021-02-09 04:30:00,91,91,2.142857142857143,0.0,0.0,0.19006666666666663,optimal
2021-02-09 05:00:00,91,91,2.142857142857143,0.0,0.0,0.05,optimal
2021-02-09 05:30:00,91,91,2.142857142857143,0.0,0.0,0.0882,optimal
2021-02-09 06:00:00,91,91,2.142857142857143,0.0,0.0,0.15186666666666668,optimal
2021-02-09 06:30:00,91,91,2.142857142857143,0.0,2.153844136536954,0.05,optimal
2021-02-09 07:00:00,91,91,2.142857142857143,0.0,10.0,0.05,optimal
2021-02-09 07:30:00,91,91,2.142857142857143,0.0,0.0,0.19006666666666663,optimal
2021-02-09 08:00:00,91,91,1.0891261766010685,0.0,0.0,1.4656666666666667,optimal
2021-02-09 08:30:00,91,91,0.9590468226615213,0.0,0.0,1.7003,optimal
2021-02-09 09:00:00,91,91,1.000354210677952,0.0,0.0,0.9614666666666668,optimal
2021-02-09 09:30:00,91,91,1.0369307408940762,0.0,0.0,0.9932666666666667,optimal
2021-02-09 10:00:00,91,91,0.7659809530843457,0.0,0.0,0.3379,optimal
2021-02-09 10:30:00,91,91,0.5940455219152435,0.0,0.0,0.9078333333333334,optimal
2021-02-09 11:00:00,91,91,0.44325013765941546,0.0,0.0,2.2288,optimal
2021-02-09 11:30:00,91,91,0.43083067047321083,0.0,0.0,2.0169,optimal
2021-02-09 12:00:00,91,91,0.36444205649433553,0.0,0.0,0.2013,optimal
2021-02-09 12:30:00,91,91,0.3737377141567386,0.0,0.0,1.7848666666666666,optimal
2021-02-09 13:00:00,91,91,1.1090282986288458,0.0,0.0,0.1184,optimal
2021-02-09 13:30:00,91,91,2.142857142857143,0.0,0.0,2.067466666666667,optimal
2021-02-09 14:00:00,91,91,2.142857142857143,0.0,0.0,0.24830000000000002,optimal
2021-02-09 14:30:00,91,91,2.142857142857143,0.0,0.0,0.0636,optimal
2021-02-09 15:00:00,91,91,2.142857142857143,0.0,0.0,0.21206666666666663,optimal
2021-02-09 15:30:00,91,91,2.142857142857143,0.0,0.0,0.072,optimal
2021-02-09 16:00:00,91,91,0.0,0.0,0.0,1.1896333333333335,optimal
2021-02-09 16:30:00,91,91,0.0,0.0,0.0,3.4588,optimal
2021-02-09 17:00:00,91,91,0.0,0.0,0.0,4.446433333333333,optimal
2021-02-09 17:30:00,91,91,0.0,0.0,0.0,1.6474666666666666,optimal
2021-02-09 18:00:00,91,91,0.0,0.0,0.0,0.9784666666666668,optimal
2021-02-09 18:30:00,91,91,0.0,0.0,0.0,0.9977,optimal
2021-02-09 19:00:00,91,91,0.0,0.0,0.0,0.2142666666666667,optimal
2021-02-09 19:30:00,91,91,0.0,0.0,0.0,0.072,optimal
2021-02-09 20:00:00,91,91,0.0,0.0,0.0,2.071133333333333,optimal
2021-02-09 20:30:00,91,91,0.0,0.0,0.0,1.9435333333333333,optimal
2021-02-09 21:00:00,91,91,0.0,0.0,0.0,0.30943333333333334,optimal
2021-02-09 21:30:00,91,91,0.0,0.0,0.0,0.5115666666666666,optimal
2021-02-09 22:00:00,91,91,0.0,0.0,0.0,0.26439999999999997,optimal
2021-02-09 22:30:00,91,91,0.0,0.0,0.0,0.18096666666666666,optimal
2021-02-09 23:00:00,91,91,0.0,0.0,0.0,0.06,optimal
2021-02-09 23:30:00,91,91,0.0,0.0,0.0,0.20006666666666664,optimal
2021-02-10 00:00:00,91,91,0.0,0.0,0.0,0.059,optimal
2021-02-10 00:30:00,91,91,0.836,0.0,0.0,0.112,optimal
2021-02-10 01:00:00,91,91,0.0,0.0,0.0,0.0696,optimal
2021-02-10 01:30:00,91,91,0.6076209198643048,0.0,0.0,0.2069333333333333,optimal
2021-02-10 02:00:00,91,91,2.142857142857143,0.0,0.0,0.09786666666666666,optimal
2021-02-10 02:30:00,91,91,2.142857142857143,0.0,0.0,0.18366666666666662,optimal
2021-02-10 03:00:00,91,91,2.142857142857143,0.0,0.0,0.12113333333333334,optimal
2021-02-10 03:30:00,91,91,2.142857142857143,0.0,0.0,0.1374,optimal
2021-02-10 04:00:00,91,91,2.142857142857143,0.0,0.0,0.1674,optimal
2021-02-10 04:30:00,91,91,2.142857142857143,0.0,0.0,0.059,optimal
2021-02-10 05:00:00,91,91,2.142857142857143,0.0,0.0,0.2352,optimal
2021-02-10 05:30:00,91,91,2.142857142857143,0.0,0.0,0.0696,optimal
2021-02-10 06:00:00,91,91,2.142857142857143,0.0,0.0,0.1318,optimal
2021-02-10 06:30:00,91,91,2.142857142857143,0.0,2.306478097040443,0.16573333333333332,optimal
2021-02-10 07:00:00,91,91,2.142857142857143,0.0,10.0,0.9549333333333332,optimal
2021-02-10 07:30:00,91,91,2.142857142857143,0.0,0.0,2.8221999999999996,optimal
2021-02-10 08:00:00,91,91,1.2008318056484415,0.0,0.0,1.8852666666666669,optimal
2021-02-10 08:30:00,91,91,1.2822929845226796,0.0,0.0,0.067,optimal
2021-02-10 09:00:00,91,91,0.9758307308899631,0.0,0.0,0.39113333333333333,optimal
2021-02-10 09:30:00,91,91,1.0192728621451572,0.0,0.0,0.35786666666666667,optimal
2021-02-10 10:00:00,91,91,0.785505752210912,0.0,0.0,0.312,optimal
2021-02-10 10:30:00,91,91,0.7818873506523123,0.0,0.0,0.2936,optimal
2021-02-10 11:00:00,91,91,0.637164281300624,0.0,0.0,0.11286666666666666,optimal
2021-02-10 11:30:00,91,91,0.6288377278805856,0.0,0.0,0.1453,optimal
2021-02-10 12:00:00,91,91,0.375403017693509,0.0,0.0,0.20626666666666668,optimal
2021-02-10 12:30:00,91,91,0.3969268272173172,0.0,0.0,0.1376,optimal
2021-02-10 13:00:00,91,91,2.142857142857143,0.0,0.0,0.0782,optimal
2021-02-10 13:30:00,91,91,2.142857142857143,0.0,0.0,0.20726666666666668,optimal
2021-02-10 14:00:00,91,91,2.142857142857143,0.0,0.0,0.12346666666666668,optimal
2021-02-10 14:30:00,91,91,2.142857142857143,0.0,0.0,0.1436,optimal
2021-02-10 15:00:00,91,91,2.142857142857143,0.0,0.0,0.30469999999999997,optimal
2021-02-10 15:30:00,91,91,2.142857142857143,0.0,0.0,0.2771,optimal
2021-02-10 16:00:00,91,91,0.0,0.0,0.0,0.3663333333333333,optimal
2021-02-10 16:30:00,91,91,0.0,0.0,0.0,0.1472,optimal
2021-02-10 17:00:00,91,91,0.0,0.0,0.0,0.162,optimal
2021-02-10 17:30:00,91,91,0.0,0.0,0.0,0.11713333333333334,optimal
2021-02-10 18:00:00,91,91,0.0,0.0,0.0,0.289,optimal
2021-02-10 18:30:00,91,91,0.0,0.0,0.0,0.27196666666666663,optimal
2021-02-10 19:00:00,91,91,0.0,0.0,0.0,0.43923333333333336,optimal
2021-02-10 19:30:00,91,91,0.0,0.0,0.0,0.41406666666666664,optimal
2021-02-10 20:00:00,91,91,0.3494383280274788,0.0,0.0,0.3572666666666667,optimal
2021-02-10 20:30:00,91,91,0.0,0.0,0.0,0.14323333333333332,optimal
2021-02-10 21:00:00,91,91,0.0,0.0,0.0,0.27093333333333336,optimal
2021-02-10 21:30:00,91,91,0.0,0.0,0.0,0.337,optimal
2021-02-10 22:00:00,91,91,0.0,0.0,0.0,0.33313333333333334,optimal
2021-02-10 22:30:00,91,91,0.0,0.0,0.0,0.24459999999999998,optimal
2021-02-10 23:00:00,91,91,0.0,0.0,0.0,0.069,optimal
2021-02-10 23:30:00,91,91,0.0,0.0,0.0,0.1326,optimal
2021-02-11 00:00:00,91,91,0.0,0.0,0.0,0.1575,optimal
2021-02-11 00:30:00,91,91,2.0557896352293494,0.0,0.0,0.43546666666666656,optimal
2021-02-11 01:00:00,91,91,2.142857142857143,0.0,0.0,0.3434333333333333,optimal
2021-02-11 01:30:00,91,91,2.142857142857143,0.0,0.0,0.23286666666666667,optimal
2021-02-11 02:00:00,91,91,2.142857142857143,0.0,0.0,0.2762,optimal
2021-02-11 02:30:00,91,91,2.142857142857143,0.0,0.0,0.055,optimal
2021-02-11 03:00:00,91,91,2.142857142857143,0.0,0.0,0.22393333333333332,optimal
2021-02-11 03:30:00,91,91,2.142857142857143,0.0,0.0,0.1803333333333333,optimal
2021-02-11 04:00:00,91,91,2.142857142857143,0.0,0.0,0.067,optimal
2021-02-11 04:30:00,91,91,2.142857142857143,0.0,3.9398693437183705,0.28926666666666667,optimal
2021-02-11 05:00:00,91,91,2.142857142857143,0.0,10.0,0.4174,optimal
2021-02-11 05:30:00,91,91,2.142857142857143,0.0,0.0,0.5102666666666666,optimal
2021-02-11 06:00:00,91,91,2.142857142857143,0.0,0.0,1.2639666666666667,optimal
2021-02-11 06:30:00,91,91,2.142857142857143,0.0,0.0,0.23413333333333333,optimal
2021-02-11 07:00:00,91,91,2.142857142857143,0.0,0.0,0.1194,optimal
2021-02-11 07:30:00,91,91,2.142857142857143,0.0,0.0,0.35819999999999996,optimal
2021-02-11 08:00:00,91,91,1.525192765606616,0.0,0.0,0.065,optimal
2021-02-11 08:30:00,91,91,1.4738587862128456,0.0,0.0,0.2807333333333333,optimal
2021-02-11 09:00:00,91,91,1.333060874522451,0.0,0.0,0.15553333333333333,optimal
2021-02-11 09:30:00,91,91,1.2381156002349518,0.0,0.0,0.09113333333333334,optimal
2021-02-11 10:00:00,91,91,0.771258397301268,0.0,0.0,0.2546,optimal
2021-02-11 10:30:00,91,91,0.8574081940118604,0.0,0.0,0.09733333333333331,optimal
2021-02-11 11:00:00,91,91,0.5242804610096534,0.0,0.0,0.31039999999999995,optimal
2021-02-11 11:30:00,91,91,0.2866703579785475,0.0,0.0,2.040966666666667,optimal
2021-02-11 12:00:00,91,91,0.24575822741271403,0.0,0.0,0.35996666666666666,optimal
2021-02-11 12:30:00,91,91,0.20685563018257133,0.0,0.0,0.3445666666666667,optimal
2021-02-11 13:00:00,91,91,2.142857142857143,0.0,0.0,1.2650666666666666,optimal
2021-02-11 13:30:00,91,91,2.142857142857143,0.0,0.0,0.6881,optimal
2021-02-11 14:00:00,91,91,2.142857142857143,0.0,0.0,0.46623333333333333,optimal
2021-02-11 14:30:00,91,91,2.142857142857143,0.0,0.0,0.24659999999999999,optimal
2021-02-11 15:00:00,91,91,2.142857142857143,0.0,0.0,0.30846666666666667,optimal
2021-02-11 15:30:00,91,91,2.142857142857143,0.0,0.0,1.1039666666666668,optimal
2021-02-11 16:00:00,91,91,0.0,0.0,0.0,0.20513333333333333,optimal
2021-02-11 16:30:00,91,91,0.0,0.0,0.0,0.2067333333333333,optimal
2021-02-11 17:00:00,91,91,0.0,0.0,0.0,0.3749333333333333,optimal
2021-02-11 17:30:00,91,91,0.0,0.0,0.0,0.2967666666666667,optimal
2021-02-11 18:00:00,91,91,0.0,0.0,0.0,0.2918,optimal
2021-02-11 18:30:00,91,91,0.0,0.0,0.0,0.7031666666666666,optimal
2021-02-11 19:00:00,91,91,0.0,0.0,0.0,0.11093333333333334,optimal
2021-02-11 19:30:00,91,91,0.04375064788624942,0.0,0.0,0.34346666666666664,optimal
2021-02-11 20:00:00,91,91,1.5554373821932834,0.0,0.0,0.2455,optimal
2021-02-11 20:30:00,91,91,0.0,0.0,0.0,0.3589333333333333,optimal
2021-02-11 21:00:00,91,91,0.0,0.0,0.0,0.5019333333333332,optimal
2021-02-11 21:30:00,91,91,0.0,0.0,0.0,0.7874333333333333,optimal
2021-02-11 22:00:00,91,91,0.17914285714285713,0.0,0.0,0.6883333333333334,optimal
2021-02-11 22:30:00,91,91,0.0,0.0,0.0,0.6093999999999999,optimal
2021-02-11 23:00:00,91,91,0.0,0.0,0.0,0.48836666666666667,optimal
2021-02-11 23:30:00,91,91,0.0,0.0,0.0,0.1426,optimal
2021-02-12 00:00:00,91,91,1.8390292260371321,0.0,0.0,0.058,optimal
2021-02-12 00:30:00,91,91,2.142857142857143,0.0,0.0,0.058,optimal
2021-02-12 01:00:00,91,91,2.142857142857143,0.0,0.0,0.124,optimal
2021-02-12 01:30:00,91,91,2.142857142857143,0.0,0.0,0.058,optimal
2021-02-12 02:00:00,91,91,2.142857142857143,0.0,0.0,0.10566666666666669,optimal
2021-02-12 02:30:00,91,91,2.142857142857143,0.0,0.0,0.07633333333333332,optimal
2021-02-12 03:00:00,91,91,2.142857142857143,0.0,0.0,0.124,optimal
2021-02-12 03:30:00,91,91,2.142857142857143,0.0,0.0,0.058,optimal
2021-02-12 04:00:00,91,91,2.142857142857143,0.0,0.0,0.058,optimal
2021-02-12 04:30:00,91,91,2.142857142857143,0.0,0.0,0.058,optimal
2021-02-12 05:00:00,91,91,2.142857142857143,0.0,0.0,0.058,optimal
2021-02-12 05:30:00,91,91,2.142857142857143,0.0,0.0,0.125,optimal
2021-02-12 06:00:00,91,91,2.142857142857143,0.0,0.0,0.068,optimal
2021-02-12 06:30:00,91,91,2.142857142857143,0.0,0.4992826447904152,0.067,optimal
2021-02-12 07:00:00,91,91,2.142857142857143,0.0,10.0,0.12333333333333331,optimal
2021-02-12 07:30:00,91,91,2.142857142857143,0.0,0.0,0.057,optimal
2021-02-12 08:00:00,91,91,1.989054263789739,0.0,0.0,0.091,optimal
2021-02-12 08:30:00,91,91,1.453259751582168,0.0,0.0,0.09633333333333331,optimal
2021-02-12 09:00:00,91,91,1.261406587594714,0.0,0.0,0.056,optimal
2021-02-12 09:30:00,91,91,1.092222412354244,0.0,0.0,0.097,optimal
2021-02-12 10:00:00,91,91,0.5663805093388207,0.0,0.0,0.7063333333333334,optimal
2021-02-12 10:30:00,91,91,0.5910838194682685,0.0,0.0,1.364,optimal
2021-02-12 11:00:00,91,91,0.43404542261283313,0.0,0.0,0.19333333333333327,optimal
2021-02-12 11:30:00,91,91,0.46847928875998013,0.0,0.0,0.1869,optimal
2021-02-12 12:00:00,91,91,0.3209039704697557,0.0,0.0,0.4232666666666666,optimal
2021-02-12 12:30:00,91,91,0.4041568842359524,0.0,0.0,0.18180000000000002,optimal
2021-02-12 13:00:00,91,91,1.9409126173263935,0.0,0.0,0.3113333333333333,optimal
2021-02-12 13:30:00,91,91,2.142857142857143,0.0,0.0,0.11270000000000001,optimal
2021-02-12 14:00:00,91,91,2.142857142857143,0.0,0.0,1.0943,optimal
2021-02-12 14:30:00,91,91,2.142857142857143,0.0,0.0,0.44523333333333337,optimal
2021-02-12 15:00:00,91,91,2.142857142857143,0.0,0.0,0.066,optimal
2021-02-12 15:30:00,91,91,2.142857142857143,0.0,0.0,0.066,optimal
2021-02-12 16:00:00,91,91,0.0,0.0,0.0,0.12466666666666669,optimal
2021-02-12 16:30:00,91,91,0.0,0.0,0.0,0.31593333333333334,optimal
2021-02-12 17:00:00,91,91,0.0,0.0,0.0,0.22353333333333333,optimal
2021-02-12 17:30:00,91,91,0.0,0.0,0.0,0.6448666666666667,optimal
2021-02-12 18:00:00,91,91,0.0,0.0,0.0,1.5139333333333334,optimal
2021-02-12 18:30:00,91,91,0.0,0.0,0.0,1.2959333333333334,optimal
2021-02-12 19:00:00,91,91,0.0,0.0,0.0,0.5354666666666666,optimal
2021-02-12 19:30:00,91,91,0.0,0.0,0.0,0.2337333333333333,optimal
2021-02-12 20:00:00,91,91,0.0,0.0,0.0,1.4546,optimal
2021-02-12 20:30:00,91,91,0.0,0.0,0.0,0.7112333333333334,optimal
2021-02-12 21:00:00,91,91,0.0,0.0,0.0,1.0144666666666668,optimal
2021-02-12 21:30:00,91,91,0.0,0.0,0.0,0.3053333333333333,optimal
2021-02-12 22:00:00,91,91,0.0,0.0,0.0,0.068,optimal
2021-02-12 22:30:00,91,91,0.0,0.0,0.0,0.068,optimal
2021-02-12 23:00:00,91,91,0.0,0.0,0.0,0.068,optimal
2021-02-12 23:30:00,91,91,0.0,0.0,0.0,0.09366666666666669,optimal
2021-02-13 00:00:00,91,91,0.09952380952380951,0.0,0.0,0.1097,optimal
2021-02-13 00:30:00,91,91,0.6568571428571429,0.0,0.0,0.25730000000000003,optimal
2021-02-13 01:00:00,91,91,0.0,0.0,0.0,0.22056666666666663,optimal
2021-02-13 01:30:00,91,91,0.6532089760945717,0.0,0.0,0.20083333333333328,optimal
2021-02-13 02:00:00,91,91,2.142857142857143,0.0,0.0,0.1633,optimal
2021-02-13 02:30:00,91,91,2.142857142857143,0.0,0.0,0.3794333333333333,optimal
2021-02-13 03:00:00,91,91,2.142857142857143,0.0,0.0,0.26573333333333327,optimal
2021-02-13 03:30:00,91,91,2.142857142857143,0.0,0.0,0.059,optimal
2021-02-13 04:00:00,91,91,2.142857142857143,0.0,0.0,0.06366666666666666,optimal
2021-02-13 04:30:00,91,91,2.142857142857143,0.0,0.0,0.2830666666666667,optimal
2021-02-13 05:00:00,91,91,2.142857142857143,0.0,0.7660543631960076,0.059,optimal
2021-02-13 05:30:00,91,91,2.142857142857143,0.0,10.0,0.19963333333333333,optimal
2021-02-13 06:00:00,91,91,2.142857142857143,0.0,10.0,0.18009999999999998,optimal
2021-02-13 06:30:00,91,91,2.142857142857143,0.0,10.0,0.3411,optimal
2021-02-13 07:00:00,91,91,2.142857142857143,0.0,0.0,0.4079,optimal
2021-02-13 07:30:00,91,91,2.142857142857143,0.0,0.0,0.10993333333333334,optimal
2021-02-13 08:00:00,91,91,1.3788713806701594,0.0,0.0,0.15186666666666668,optimal
2021-02-13 08:30:00,91,91,1.3791509611029973,0.0,0.0,0.24186666666666667,optimal
2021-02-13 09:00:00,91,91,1.277349447559748,0.0,0.0,0.059,optimal
2021-02-13 09:30:00,91,91,1.2460806830573221,0.0,0.0,0.10966666666666669,optimal
2021-02-13 10:00:00,91,91,0.9379047990118208,0.0,0.0,0.2287333333333333,optimal
2021-02-13 10:30:00,91,91,0.9829653318256232,0.0,0.0,0.059,optimal
2021-02-13 11:00:00,91,91,0.6536351052586513,0.0,0.0,0.14533333333333334,optimal
2021-02-13 11:30:00,91,91,0.6748670666438845,0.0,0.0,0.06366666666666666,optimal
2021-02-13 12:00:00,91,91,0.5107856851420611,0.0,0.0,0.19473333333333329,optimal
2021-02-13 12:30:00,91,91,0.9058947170656029,0.0,0.0,0.14533333333333334,optimal
2021-02-13 13:00:00,91,91,2.142857142857143,0.0,0.0,0.059,optimal
2021-02-13 13:30:00,91,91,2.142857142857143,0.0,0.0,0.2189333333333333,optimal
2021-02-13 14:00:00,91,91,2.142857142857143,0.0,0.0,0.0952,optimal
2021-02-13 14:30:00,91,91,2.142857142857143,0.0,0.0,0.18619999999999998,optimal
2021-02-13 15:00:00,91,91,2.142857142857143,0.0,0.0,0.16086666666666669,optimal
2021-02-13 15:30:00,91,91,2.142857142857143,0.0,0.0,0.0945,optimal
2021-02-13 16:00:00,91,91,0.0,0.0,0.0,0.2489,optimal
2021-02-13 16:30:00,91,91,0.0,0.0,0.0,0.059,optimal
2021-02-13 17:00:00,91,91,0.0,0.0,0.0,0.19493333333333332,optimal
2021-02-13 17:30:00,91,91,0.0,0.0,0.0,0.15480000000000002,optimal
2021-02-13 18:00:00,91,91,0.0,0.0,0.0,0.07876666666666667,optimal
2021-02-13 18:30:00,91,91,0.0,0.0,0.0,0.24763333333333332,optimal
2021-02-13 19:00:00,91,91,0.0,0.0,0.0,0.2051,optimal
2021-02-13 19:30:00,91,91,1.3467978500652786,0.0,0.0,0.20406666666666665,optimal
2021-02-13 20:00:00,91,91,1.3739720225329117,0.0,0.0,0.133,optimal
2021-02-13 20:30:00,91,91,0.0,0.0,0.0,0.16156666666666666,optimal
2021-02-13 21:00:00,91,91,0.0,0.0,0.0,0.1755,optimal
2021-02-13 21:30:00,91,91,0.0,0.0,0.0,0.05966666666666666,optimal
2021-02-13 22:00:00,91,91,0.0,0.0,0.0,0.2017333333333333,optimal
2021-02-13 22:30:00,91,91,0.0,0.0,0.0,0.15533333333333335,optimal
2021-02-13 23:00:00,91,91,0.0,0.0,0.0,0.07503333333333333,optimal
2021-02-13 23:30:00,91,91,0.0,0.0,0.0,0.2327,optimal
2021-02-07 00:00:00,92,91,0.0,0.0,0.0,0.15466666666666665,optimal
2021-02-07 00:30:00,92,91,0.0,0.0,0.0,0.15733333333333335,optimal
2021-02-07 01:00:00,92,91,0.0,0.0,0.0,0.064,optimal
2021-02-07 01:30:00,92,91,0.0,0.0,0.0,0.202,optimal
2021-02-07 02:00:00,92,91,0.0,0.0,0.0,0.09466666666666669,optimal
2021-02-07 02:30:00,92,91,0.0,0.0,0.0,0.09466666666666669,optimal
2021-02-07 03:00:00,92,91,0.0,0.0,0.0,0.202,optimal
2021-02-07 03:30:00,92,91,0.0,0.0,0.0,0.064,optimal
2021-02-07 04:00:00,92,91,2.4285714285714284,0.0,0.0,0.23266666666666663,optimal
2021-02-07 04:30:00,92,91,2.4285714285714284,0.0,0.0,0.064,optimal
2021-02-07 05:00:00,92,91,2.4285714285714284,0.0,0.0,0.18666666666666662,optimal
2021-02-07 05:30:00,92,91,2.4285714285714284,0.0,0.0,0.10966666666666669,optimal
2021-02-07 06:00:00,92,91,2.4285714285714284,0.0,0.0,0.07733333333333332,optimal
2021-02-07 06:30:00,92,91,2.4285714285714284,0.0,0.0,0.22866666666666663,optimal
2021-02-07 07:00:00,92,91,2.4285714285714284,0.0,2.1136683551243385,0.064,optimal
2021-02-07 07:30:00,92,91,0.0,0.0,0.0,0.239,optimal
2021-02-07 08:00:00,92,91,0.0,0.0,0.0,0.074,optimal
2021-02-07 08:30:00,92,91,0.0,0.0,0.0,0.18896666666666667,optimal
2021-02-07 09:00:00,92,91,0.0,0.0,0.0,1.7475333333333334,optimal
2021-02-07 09:30:00,92,91,0.0,0.0,0.0,0.189,optimal
2021-02-07 10:00:00,92,91,0.26934856658474193,0.0,0.0,0.38926666666666665,optimal
2021-02-07 10:30:00,92,91,0.9606215668561556,0.0,0.0,0.3121666666666667,optimal
2021-02-07 11:00:00,92,91,0.8111849706744051,0.0,0.0,0.3363,optimal
2021-02-07 11:30:00,92,91,0.7174402087696455,0.0,0.0,0.37973333333333337,optimal
2021-02-07 12:00:00,92,91,0.6885816513865548,0.0,0.0,0.21566666666666662,optimal
2021-02-07 12:30:00,92,91,0.6447340323389369,0.0,0.0,0.3776666666666667,optimal
2021-02-07 13:00:00,92,91,1.8102519353049906,0.0,0.0,0.2452,optimal
2021-02-07 13:30:00,92,91,2.4285714285714284,0.0,0.0,0.2504333333333333,optimal
2021-02-07 14:00:00,92,91,2.4285714285714284,0.0,0.0,0.15833333333333335,optimal
2021-02-07 14:30:00,92,91,2.4285714285714284,0.0,0.0,0.08933333333333333,optimal
2021-02-07 15:00:00,92,91,2.4285714285714284,0.0,0.0,0.22733333333333328,optimal
2021-02-07 15:30:00,92,91,2.4285714285714284,0.0,0.0,0.074,optimal
2021-02-07 16:00:00,92,91,0.0,0.0,0.0,0.40286666666666665,optimal
2021-02-07 16:30:00,92,91,0.0,0.0,0.0,0.5981333333333333,optimal
2021-02-07 17:00:00,92,91,0.0,0.0,0.0,0.22653333333333334,optimal
2021-02-07 17:30:00,92,91,0.0,0.0,0.0,0.36923333333333336,optimal
2021-02-07 18:00:00,92,91,0.0,0.0,0.0,0.3554333333333333,optimal
2021-02-07 18:30:00,92,91,0.0,0.0,0.0,0.322,optimal
2021-02-07 19:00:00,92,91,0.0,0.0,0.0,0.4906666666666667,optimal
2021-02-07 19:30:00,92,91,0.0,0.0,0.0,0.32256666666666667,optimal
2021-02-07 20:00:00,92,91,0.0,0.0,0.0,0.3673,optimal
2021-02-07 20:30:00,92,91,0.0,0.0,0.0,0.38953333333333334,optimal
2021-02-07 21:00:00,92,91,0.0,0.0,0.0,0.5889333333333333,optimal
2021-02-07 21:30:00,92,91,0.0,0.0,0.0,0.29586666666666667,optimal
2021-02-07 22:00:00,92,91,0.0,0.0,0.0,1.3098666666666665,optimal
2021-02-07 22:30:00,92,91,0.0,0.0,0.0,0.4151333333333333,optimal
2021-02-07 23:00:00,92,91,0.0,0.0,0.0,0.24266666666666664,optimal
2021-02-07 23:30:00,92,91,0.0,0.0,0.0,0.07033333333333333,optimal
2021-02-08 00:00:00,92,91,0.0,0.0,0.0,0.061,optimal
2021-02-08 00:30:00,92,91,0.0,0.0,0.0,0.061,optimal
2021-02-08 01:00:00,92,91,0.0,0.0,0.0,0.07,optimal
2021-02-08 01:30:00,92,91,0.0,0.0,0.0,0.106,optimal
2021-02-08 02:00:00,92,91,0.0,0.0,0.0,0.061,optimal
2021-02-08 02:30:00,92,91,1.015256150748172,0.0,0.0,0.115,optimal
2021-02-08 03:00:00,92,91,2.4285714285714284,0.0,0.0,0.061,optimal
2021-02-08 03:30:00,92,91,2.4285714285714284,0.0,0.0,0.061,optimal
2021-02-08 04:00:00,92,91,2.4285714285714284,0.0,0.0,0.082,optimal
2021-02-08 04:30:00,92,91,2.4285714285714284,0.0,0.0,0.094,optimal
2021-02-08 05:00:00,92,91,2.4285714285714284,0.0,0.0,0.085,optimal
2021-02-08 05:30:00,92,91,2.4285714285714284,0.0,0.0,0.091,optimal
2021-02-08 06:00:00,92,91,2.4285714285714284,0.0,0.0,0.06133333333333334,optimal
2021-02-08 06:30:00,92,91,2.4285714285714284,0.0,0.0,0.06733333333333333,optimal
2021-02-08 07:00:00,92,91,2.4285714285714284,0.0,0.0,0.115,optimal
2021-02-08 07:30:00,92,91,2.4285714285714284,0.0,0.0,0.061,optimal
2021-02-08 08:00:00,92,91,1.2940233862970683,0.0,0.0,0.091,optimal
2021-02-08 08:30:00,92,91,1.3026070825742313,0.0,0.0,0.085,optimal
2021-02-08 09:00:00,92,91,1.1630663091204467,0.0,0.0,0.060333333333333336,optimal
2021-02-08 09:30:00,92,91,1.1072002885142271,0.0,0.0,0.12179999999999999,optimal
2021-02-08 10:00:00,92,91,0.8852671295426089,0.0,0.0,0.0853,optimal
2021-02-08 10:30:00,92,91,0.8944569596726356,0.0,0.0,0.0952,optimal
2021-02-08 11:00:00,92,91,0.6392838475316623,0.0,0.0,0.092,optimal
2021-02-08 11:30:00,92,91,0.6407287226830634,0.0,0.0,0.059,optimal
2021-02-08 12:00:00,92,91,0.49051664348576657,0.0,0.0,0.299,optimal
2021-02-08 12:30:00,92,91,0.5042444890266762,0.0,0.0,0.20986666666666667,optimal
2021-02-08 13:00:00,92,91,1.0033085235389099,0.0,0.0,0.3323333333333333,optimal
2021-02-08 13:30:00,92,91,2.4285714285714284,0.0,3.3926786625080827,0.43439999999999995,optimal
2021-02-08 14:00:00,92,91,2.4285714285714284,0.0,10.0,0.3002666666666666,optimal
2021-02-08 14:30:00,92,91,2.4285714285714284,0.0,0.0,0.2127333333333333,optimal
2021-02-08 15:00:00,92,91,2.4285714285714284,0.0,0.0,0.125,optimal
2021-02-08 15:30:00,92,91,2.4285714285714284,0.0,0.0,0.071,optimal
2021-02-08 16:00:00,92,91,0.0,0.0,0.0,0.113,optimal
2021-02-08 16:30:00,92,91,0.0,0.0,0.0,1.5249333333333335,optimal
2021-02-08 17:00:00,92,91,0.0,0.0,0.0,0.45206666666666667,optimal
2021-02-08 17:30:00,92,91,0.0,0.0,0.0,0.5281,optimal
2021-02-08 18:00:00,92,91,0.0,0.0,0.0,0.2731,optimal
2021-02-08 18:30:00,92,91,0.0,0.0,0.0,0.3941,optimal
2021-02-08 19:00:00,92,91,0.0,0.0,0.0,0.38296666666666657,optimal
2021-02-08 19:30:00,92,91,0.0,0.0,0.0,1.6904333333333335,optimal
2021-02-08 20:00:00,92,91,0.0,0.0,0.0,1.187,optimal
2021-02-08 20:30:00,92,91,0.0,0.0,0.0,0.30689999999999995,optimal
2021-02-08 21:00:00,92,91,0.0,0.0,0.0,0.49310000000000004,optimal
2021-02-08 21:30:00,92,91,0.0,0.0,0.0,0.17966666666666667,optimal
2021-02-08 22:00:00,92,91,0.0,0.0,0.0,0.13876666666666668,optimal
2021-02-08 22:30:00,92,91,0.0,0.0,0.0,0.125,optimal
2021-02-08 23:00:00,92,91,0.0,0.0,0.0,0.071,optimal
2021-02-08 23:30:00,92,91,0.0,0.0,0.0,0.3141666666666667,optimal
2021-02-09 00:00:00,92,91,0.0,0.0,0.0,0.05546666666666667,optimal
2021-02-09 00:30:00,92,91,1.5326666666666666,0.0,0.0,0.045,optimal
2021-02-09 01:00:00,92,91,0.0,0.0,0.0,0.045,optimal
2021-02-09 01:30:00,92,91,0.0,0.0,0.0,0.045,optimal
2021-02-09 02:00:00,92,91,0.0,0.0,0.0,0.111,optimal
2021-02-09 02:30:00,92,91,1.6709859439182744,0.0,0.0,0.045,optimal
2021-02-09 03:00:00,92,91,2.4285714285714284,0.0,0.0,0.045,optimal
2021-02-09 03:30:00,92,91,2.4285714285714284,0.0,0.0,0.111,optimal
2021-02-09 04:00:00,92,91,2.4285714285714284,0.0,0.0,0.045,optimal
2021-02-09 04:30:00,92,91,2.4285714285714284,0.0,0.0,0.045,optimal
2021-02-09 05:00:00,92,91,2.4285714285714284,0.0,0.0,0.08166666666666667,optimal
2021-02-09 05:30:00,92,91,2.4285714285714284,0.0,0.0,0.07433333333333333,optimal
2021-02-09 06:00:00,92,91,2.4285714285714284,0.0,0.0,0.05666666666666666,optimal
2021-02-09 06:30:00,92,91,2.4285714285714284,0.0,0.0,1.2359666666666667,optimal
2021-02-09 07:00:00,92,91,2.4285714285714284,0.0,9.718588177742827,0.096,optimal
2021-02-09 07:30:00,92,91,2.4285714285714284,0.0,0.0,0.2523,optimal
2021-02-09 08:00:00,92,91,1.15712427183916,0.0,0.0,0.154,optimal
2021-02-09 08:30:00,92,91,1.1062030131376936,0.0,0.0,1.018,optimal
2021-02-09 09:00:00,92,91,0.9623846868684338,0.0,0.0,0.26646666666666663,optimal
2021-02-09 09:30:00,92,91,0.9193669313702675,0.0,0.0,0.4044,optimal
2021-02-09 10:00:00,92,91,0.9104952387986212,0.0,0.0,0.066,optimal
2021-02-09 10:30:00,92,91,0.8807502838199942,0.0,0.0,0.11,optimal
2021-02-09 11:00:00,92,91,0.6477910900403744,0.0,0.0,0.055,optimal
2021-02-09 11:30:00,92,91,0.6412135276160715,0.0,0.0,0.066,optimal
2021-02-09 12:00:00,92,91,0.46343634220864033,0.0,0.0,0.11,optimal
2021-02-09 12:30:00,92,91,0.4825853332043527,0.0,0.0,0.055,optimal
2021-02-09 13:00:00,92,91,0.7654480441039834,0.0,0.0,0.055,optimal
2021-02-09 13:30:00,92,91,2.4167352144717,0.0,0.0,0.055,optimal
2021-02-09 14:00:00,92,91,2.4285714285714284,0.0,0.0,0.121,optimal
2021-02-09 14:30:00,92,91,2.4285714285714284,0.0,0.0,0.055,optimal
2021-02-09 15:00:00,92,91,2.4285714285714284,0.0,0.0,0.121,optimal
2021-02-09 15:30:00,92,91,2.4285714285714284,0.0,0.0,0.19876666666666667,optimal
2021-02-09 16:00:00,92,91,0.0,0.0,0.0,0.121,optimal
2021-02-09 16:30:00,92,91,0.0,0.0,0.0,0.22426666666666667,optimal
2021-02-09 17:00:00,92,91,0.0,0.0,0.0,0.3041333333333333,optimal
2021-02-09 17:30:00,92,91,0.0,0.0,0.0,0.27996666666666664,optimal
2021-02-09 18:00:00,92,91,0.0,0.0,0.0,1.3236333333333334,optimal
2021-02-09 18:30:00,92,91,0.0,0.0,0.0,2.6374666666666666,optimal
2021-02-09 19:00:00,92,91,0.0,0.0,0.0,0.4276666666666667,optimal
2021-02-09 19:30:00,92,91,0.0,0.0,0.0,0.47103333333333336,optimal
2021-02-09 20:00:00,92,91,0.0,0.0,0.0,0.15033333333333335,optimal
2021-02-09 20:30:00,92,91,0.0,0.0,0.0,0.055,optimal
2021-02-09 21:00:00,92,91,0.0,0.0,0.0,0.055,optimal
2021-02-09 21:30:00,92,91,0.0,0.0,0.0,0.121,optimal
2021-02-09 22:00:00,92,91,0.0,0.0,0.0,0.055,optimal
2021-02-09 22:30:00,92,91,0.0,0.0,0.0,0.066,optimal
2021-02-09 23:00:00,92,91,0.0,0.0,0.0,0.11,optimal
2021-02-09 23:30:00,92,91,0.0,0.0,0.0,0.17306666666666667,optimal
2021-02-10 00:00:00,92,91,0.0,0.0,0.0,0.055,optimal
2021-02-10 00:30:00,92,91,0.8559047619047618,0.0,0.0,0.055,optimal
2021-02-10 01:00:00,92,91,0.0,0.0,0.0,0.2046,optimal
2021-02-10 01:30:00,92,91,0.0,0.0,0.0,0.055,optimal
2021-02-10 02:00:00,92,91,0.7588566656766705,0.0,0.0,0.1366,optimal
2021-02-10 02:30:00,92,91,2.4285714285714284,0.0,0.0,0.123,optimal
2021-02-10 03:00:00,92,91,2.4285714285714284,0.0,0.0,0.055,optimal
2021-02-10 03:30:00,92,91,2.4285714285714284,0.0,0.0,0.055,optimal
2021-02-10 04:00:00,92,91,2.4285714285714284,0.0,0.0,0.2046,optimal
2021-02-10 04:30:00,92,91,2.4285714285714284,0.0,0.0,0.055,optimal
2021-02-10 05:00:00,92,91,2.4285714285714284,0.0,0.0,0.055,optimal
2021-02-10 05:30:00,92,91,2.4285714285714284,0.0,0.0,0.07540000000000001,optimal
2021-02-10 06:00:00,92,91,2.4285714285714284,0.0,0.0,0.18419999999999997,optimal
2021-02-10 06:30:00,92,91,2.4285714285714284,0.0,0.0,0.058333333333333334,optimal
2021-02-10 07:00:00,92,91,2.4285714285714284,0.0,9.153417694369816,0.37010000000000004,optimal
2021-02-10 07:30:00,92,91,2.4285714285714284,0.0,0.0,1.4738666666666667,optimal
2021-02-10 08:00:00,92,91,1.2462908532674857,0.0,0.0,0.45130000000000003,optimal
2021-02-10 08:30:00,92,91,1.2191406035703132,0.0,0.0,0.4026,optimal
2021-02-10 09:00:00,92,91,1.0555012070804346,0.0,0.0,0.2929333333333333,optimal
2021-02-10 09:30:00,92,91,0.9752595288118274,0.0,0.0,0.433,optimal
2021-02-10 10:00:00,92,91,0.6726219426871164,0.0,0.0,0.5720333333333333,optimal
2021-02-10 10:30:00,92,91,0.8093825887475595,0.0,0.0,0.181,optimal
2021-02-10 11:00:00,92,91,0.5356119003482418,0.0,0.0,0.33393333333333336,optimal
2021-02-10 11:30:00,92,91,0.5674853469282053,0.0,0.0,0.191,optimal
2021-02-10 12:00:00,92,91,0.2747534938839869,0.0,0.0,1.0779333333333334,optimal
2021-02-10 12:30:00,92,91,0.34784301769352727,0.0,0.0,0.7336666666666666,optimal
2021-02-10 13:00:00,92,91,1.7461736845082556,0.0,0.0,0.161,optimal
2021-02-10 13:30:00,92,91,2.4285714285714284,0.0,0.0,0.2662,optimal
2021-02-10 14:00:00,92,91,2.4285714285714284,0.0,0.0,0.23403333333333334,optimal
2021-02-10 14:30:00,92,91,2.4285714285714284,0.0,0.0,0.3306,optimal
2021-02-10 15:00:00,92,91,2.4285714285714284,0.0,0.0,0.18846666666666667,optimal
2021-02-10 15:30:00,92,91,2.4285714285714284,0.0,0.0,0.263,optimal
2021-02-10 16:00:00,92,91,0.0,0.0,0.0,0.27246666666666663,optimal
2021-02-10 16:30:00,92,91,0.0,0.0,0.0,0.4405,optimal
2021-02-10 17:00:00,92,91,0.0,0.0,0.0,0.5161,optimal
2021-02-10 17:30:00,92,91,0.0,0.0,0.0,0.4919,optimal
2021-02-10 18:00:00,92,91,0.0,0.0,0.0,0.5579,optimal
2021-02-10 18:30:00,92,91,0.0,0.0,0.0,0.35783333333333334,optimal
2021-02-10 19:00:00,92,91,0.0,0.0,0.0,0.2777333333333333,optimal
2021-02-10 19:30:00,92,91,0.0,0.0,0.0,0.29036666666666666,optimal
2021-02-10 20:00:00,92,91,0.0,0.0,0.0,0.5620333333333333,optimal
2021-02-10 20:30:00,92,91,0.0,0.0,0.0,0.191,optimal
2021-02-10 21:00:00,92,91,0.0,0.0,0.0,0.3985,optimal
2021-02-10 21:30:00,92,91,0.0,0.0,0.0,0.107,optimal
2021-02-10 22:00:00,92,91,0.0,0.0,0.0,0.29860000000000003,optimal
2021-02-10 22:30:00,92,91,0.0,0.0,0.0,0.149,optimal
2021-02-10 23:00:00,92,91,0.0,0.0,0.0,0.065,optimal
2021-02-10 23:30:00,92,91,0.0,0.0,0.0,0.21459999999999999,optimal
2021-02-11 00:00:00,92,91,0.0,0.0,0.0,0.06433333333333333,optimal
2021-02-11 00:30:00,92,91,2.4285714285714284,0.0,0.0,0.073,optimal
2021-02-11 01:00:00,92,91,0.20958529891335897,0.0,0.0,0.073,optimal
2021-02-11 01:30:00,92,91,2.4285714285714284,0.0,0.0,0.073,optimal
2021-02-11 02:00:00,92,91,2.4285714285714284,0.0,0.0,0.073,optimal
2021-02-11 02:30:00,92,91,2.4285714285714284,0.0,0.0,0.073,optimal
2021-02-11 03:00:00,92,91,2.4285714285714284,0.0,0.0,0.073,optimal
2021-02-11 03:30:00,92,91,2.4285714285714284,0.0,0.0,0.073,optimal
2021-02-11 04:00:00,92,91,2.4285714285714284,0.0,0.0,0.073,optimal
2021-02-11 04:30:00,92,91,2.4285714285714284,0.0,0.0,0.073,optimal
2021-02-11 05:00:00,92,91,2.4285714285714284,0.0,0.0,0.073,optimal
2021-02-11 05:30:00,92,91,2.4285714285714284,0.0,0.0,0.073,optimal
2021-02-11 06:00:00,92,91,2.4285714285714284,0.0,0.006876116209379066,0.073,optimal
2021-02-11 06:30:00,92,91,2.4285714285714284,0.0,10.0,0.073,optimal
2021-02-11 07:00:00,92,91,2.4285714285714284,0.0,10.0,0.07266666666666667,optimal
2021-02-11 07:30:00,92,91,2.4285714285714284,0.0,0.0,0.9425666666666669,optimal
2021-02-11 08:00:00,92,91,1.055827051320913,0.0,0.0,2.6940666666666666,optimal
2021-02-11 08:30:00,92,91,1.4407635481176124,0.0,0.0,0.072,optimal
2021-02-11 09:00:00,92,91,1.2606132554748157,0.0,0.0,0.072,optimal
2021-02-11 09:30:00,92,91,1.1248470288063759,0.0,0.0,0.7095,optimal
2021-02-11 10:00:00,92,91,1.4687022068250595,0.0,0.0,1.462233333333333,optimal
2021-02-11 10:30:00,92,91,0.6361567654404287,0.0,0.0,1.2804,optimal
2021-02-11 11:00:00,92,91,0.5374195086286913,0.0,0.0,0.4648333333333333,optimal
2021-02-11 11:30:00,92,91,0.4354246436928184,0.0,0.0,0.7037333333333333,optimal
2021-02-11 12:00:00,92,91,0.21161727503175562,0.0,0.0,0.5317999999999999,optimal
2021-02-11 12:30:00,92,91,0.24568991589684466,0.0,0.0,2.4774666666666665,optimal
2021-02-11 13:00:00,92,91,2.4285714285714284,0.0,0.0,2.5716666666666663,optimal
2021-02-11 13:30:00,92,91,2.4285714285714284,0.0,0.0,0.32289999999999996,optimal
2021-02-11 14:00:00,92,91,2.4285714285714284,0.0,0.0,0.17293333333333333,optimal
2021-02-11 14:30:00,92,91,2.4285714285714284,0.0,0.0,0.073,optimal
2021-02-11 15:00:00,92,91,2.4285714285714284,0.0,0.0,0.07233333333333333,optimal
2021-02-11 15:30:00,92,91,2.4285714285714284,0.0,0.0,0.2723,optimal
2021-02-11 16:00:00,92,91,0.0,0.0,0.0,0.20233333333333328,optimal
2021-02-11 16:30:00,92,91,0.0,0.0,0.0,0.2089,optimal
2021-02-11 17:00:00,92,91,0.0,0.0,0.0,0.37889999999999996,optimal
2021-02-11 17:30:00,92,91,0.0,0.0,0.0,1.101,optimal
2021-02-11 18:00:00,92,91,0.0,0.0,0.0,2.198733333333333,optimal
2021-02-11 18:30:00,92,91,0.0,0.0,0.0,0.081,optimal
2021-02-11 19:00:00,92,91,0.0,0.0,0.0,0.1708,optimal
2021-02-11 19:30:00,92,91,0.23210428421037183,0.0,0.0,0.3055333333333334,optimal
2021-02-11 20:00:00,92,91,1.6150373821932766,0.0,0.0,0.3735333333333334,optimal
2021-02-11 20:30:00,92,91,0.0,0.0,0.0,0.4865,optimal
2021-02-11 21:00:00,92,91,0.0,0.0,0.0,0.5681666666666666,optimal
2021-02-11 21:30:00,92,91,0.0,0.0,0.0,0.3345,optimal
2021-02-11 22:00:00,92,91,0.0,0.0,0.0,0.8852333333333333,optimal
2021-02-11 22:30:00,92,91,0.0199047619047619,0.0,0.0,0.511,optimal
2021-02-11 23:00:00,92,91,0.0,0.0,0.0,0.073,optimal
2021-02-11 23:30:00,92,91,0.0,0.0,0.0,0.07166666666666667,optimal
2021-02-12 00:00:00,92,91,1.6850699587819729,0.0,0.0,0.059,optimal
2021-02-12 00:30:00,92,91,2.4285714285714284,0.0,0.0,0.059,optimal
2021-02-12 01:00:00,92,91,2.4285714285714284,0.0,0.0,0.059,optimal
2021-02-12 01:30:00,92,91,2.4285714285714284,0.0,0.0,0.20346666666666666,optimal
2021-02-12 02:00:00,92,91,2.4285714285714284,0.0,0.0,0.059,optimal
2021-02-12 02:30:00,92,91,2.4285714285714284,0.0,0.0,0.12466666666666669,optimal
2021-02-12 03:00:00,92,91,2.4285714285714284,0.0,0.0,0.1378,optimal
2021-02-12 03:30:00,92,91,2.4285714285714284,0.0,0.0,0.08526666666666667,optimal
2021-02-12 04:00:00,92,91,2.4285714285714284,0.0,0.0,1.6303666666666665,optimal
2021-02-12 04:30:00,92,91,2.4285714285714284,0.0,0.0,0.5505,optimal
2021-02-12 05:00:00,92,91,2.4285714285714284,0.0,0.0,0.08466666666666667,optimal
2021-02-12 05:30:00,92,91,2.4285714285714284,0.0,0.0,0.5514,optimal
2021-02-12 06:00:00,92,91,2.4285714285714284,0.0,0.0,1.2322666666666668,optimal
2021-02-12 06:30:00,92,91,2.4285714285714284,0.0,7.9154683914517046,1.2323333333333333,optimal
2021-02-12 07:00:00,92,91,2.4285714285714284,0.0,10.0,0.21146666666666666,optimal
2021-02-12 07:30:00,92,91,2.4285714285714284,0.0,0.0,0.067,optimal
2021-02-12 08:00:00,92,91,1.3831399780754465,0.0,0.0,0.34906666666666664,optimal
2021-02-12 08:30:00,92,91,1.5973359420583524,0.0,0.0,0.14780000000000001,optimal
2021-02-12 09:00:00,92,91,1.4318065875947146,0.0,0.0,0.08213333333333334,optimal
2021-02-12 09:30:00,92,91,1.2469081266399713,0.0,0.0,0.20033333333333328,optimal
2021-02-12 10:00:00,92,91,0.8488109855293049,0.0,0.0,0.069,optimal
2021-02-12 10:30:00,92,91,0.8213333432777937,0.0,0.0,0.069,optimal
2021-02-12 11:00:00,92,91,0.5127120892795123,0.0,0.0,0.21346666666666667,optimal
2021-02-12 11:30:00,92,91,0.5505535744742636,0.0,0.0,0.069,optimal
2021-02-12 12:00:00,92,91,0.45786587523167477,0.0,0.0,0.069,optimal
2021-02-12 12:30:00,92,91,0.41503116995023526,0.0,0.0,0.2069,optimal
2021-02-12 13:00:00,92,91,2.4285714285714284,0.0,0.0,0.07556666666666666,optimal
2021-02-12 13:30:00,92,91,2.4285714285714284,0.0,0.0,0.069,optimal
2021-02-12 14:00:00,92,91,2.4285714285714284,0.0,0.0,0.069,optimal
2021-02-12 14:30:00,92,91,2.4285714285714284,0.0,0.0,0.069,optimal
2021-02-12 15:00:00,92,91,2.4285714285714284,0.0,0.0,0.19376666666666667,optimal
2021-02-12 15:30:00,92,91,2.4285714285714284,0.0,0.0,0.0887,optimal
2021-02-12 16:00:00,92,91,0.0,0.0,0.0,0.069,optimal
2021-02-12 16:30:00,92,91,0.0,0.0,0.0,0.21346666666666667,optimal
2021-02-12 17:00:00,92,91,0.0,0.0,0.0,0.06766666666666667,optimal
2021-02-12 17:30:00,92,91,0.0,0.0,0.0,1.2950666666666666,optimal
2021-02-12 18:00:00,92,91,0.0,0.0,0.0,1.0846666666666667,optimal
2021-02-12 18:30:00,92,91,0.0,0.0,0.0,0.14676666666666668,optimal
2021-02-12 19:00:00,92,91,0.0,0.0,0.0,0.22346666666666667,optimal
2021-02-12 19:30:00,92,91,0.0,0.0,0.0,0.12093333333333334,optimal
2021-02-12 20:00:00,92,91,0.0972350010987145,0.0,0.0,0.2,optimal
2021-02-12 20:30:00,92,91,0.0,0.0,0.0,0.24636666666666668,optimal
2021-02-12 21:00:00,92,91,0.0,0.0,0.0,0.5003,optimal
2021-02-12 21:30:00,92,91,0.0,0.0,0.0,0.5732999999999999,optimal
2021-02-12 22:00:00,92,91,0.0,0.0,0.0,0.5261,optimal
2021-02-12 22:30:00,92,91,0.0,0.0,0.0,0.2902666666666667,optimal
2021-02-12 23:00:00,92,91,0.0,0.0,0.0,0.11506666666666666,optimal
2021-02-12 23:30:00,92,91,0.0,0.0,0.0,0.13723333333333332,optimal
2021-02-13 00:00:00,92,91,0.0,0.0,0.0,0.061,optimal
2021-02-13 00:30:00,92,91,1.4928571428571429,0.0,0.0,0.061,optimal
2021-02-13 01:00:00,92,91,0.0,0.0,0.0,0.1252,optimal
2021-02-13 01:30:00,92,91,0.0,0.0,0.0,0.061,optimal
2021-02-13 02:00:00,92,91,0.49207104853922135,0.0,0.0,0.1252,optimal
2021-02-13 02:30:00,92,91,2.4285714285714284,0.0,0.0,0.061,optimal
2021-02-13 03:00:00,92,91,2.4285714285714284,0.0,0.0,0.061,optimal
2021-02-13 03:30:00,92,91,2.4285714285714284,0.0,0.0,0.1252,optimal
2021-02-13 04:00:00,92,91,2.4285714285714284,0.0,0.0,0.061,optimal
2021-02-13 04:30:00,92,91,2.4285714285714284,0.0,0.0,0.061,optimal
2021-02-13 05:00:00,92,91,2.4285714285714284,0.0,0.0,0.1252,optimal
2021-02-13 05:30:00,92,91,2.4285714285714284,0.0,0.0,0.061,optimal
2021-02-13 06:00:00,92,91,2.4285714285714284,0.0,9.52880532180465,0.061,optimal
2021-02-13 06:30:00,92,91,2.4285714285714284,0.0,10.0,0.2956666666666667,optimal
2021-02-13 07:00:00,92,91,2.4285714285714284,0.0,10.0,2.288133333333333,optimal
2021-02-13 07:30:00,92,91,2.4285714285714284,0.0,0.0,0.14466666666666667,optimal
2021-02-13 08:00:00,92,91,1.4340618568606371,0.0,0.0,0.071,optimal
2021-02-13 08:30:00,92,91,1.2082271515792053,0.0,0.0,2.7379333333333333,optimal
2021-02-13 09:00:00,92,91,0.9724827808930756,0.0,0.0,1.2788,optimal
2021-02-13 09:30:00,92,91,1.1374330640096912,0.0,0.0,1.9979333333333327,optimal
2021-02-13 10:00:00,92,91,0.9003238466308683,0.0,0.0,0.6060333333333333,optimal
2021-02-13 10:30:00,92,91,0.9249558080161125,0.0,0.0,0.083,optimal
2021-02-13 11:00:00,92,91,0.5555970100205628,0.0,0.0,0.31743333333333335,optimal
2021-02-13 11:30:00,92,91,0.5655527809295972,0.0,0.0,0.26523333333333327,optimal
2021-02-13 12:00:00,92,91,0.4869380660944298,0.0,0.0,0.0775,optimal
2021-02-13 12:30:00,92,91,0.3530686555315587,0.0,0.0,0.335,optimal
2021-02-13 13:00:00,92,91,1.8007056433348996,0.0,0.0,0.3063666666666667,optimal
2021-02-13 13:30:00,92,91,2.4285714285714284,0.0,0.0,0.3685333333333334,optimal
2021-02-13 14:00:00,92,91,2.4285714285714284,0.0,0.0,0.3164666666666666,optimal
2021-02-13 14:30:00,92,91,2.4285714285714284,0.0,0.0,0.238,optimal
2021-02-13 15:00:00,92,91,2.4285714285714284,0.0,0.0,0.071,optimal
2021-02-13 15:30:00,92,91,2.4285714285714284,0.0,0.0,1.2179,optimal
2021-02-13 16:00:00,92,91,0.0,0.0,0.0,1.847,optimal
2021-02-13 16:30:00,92,91,0.0,0.0,0.0,0.3353333333333333,optimal
2021-02-13 17:00:00,92,91,0.0,0.0,0.0,0.6217333333333334,optimal
2021-02-13 17:30:00,92,91,0.0,0.0,0.0,0.4154666666666666,optimal
2021-02-13 18:00:00,92,91,0.0,0.0,0.0,0.5704,optimal
2021-02-13 18:30:00,92,91,0.0,0.0,0.0,1.1576666666666668,optimal
2021-02-13 19:00:00,92,91,0.0,0.0,0.0,2.424366666666667,optimal
2021-02-13 19:30:00,92,91,0.0,0.0,0.0,1.7175333333333334,optimal
2021-02-13 20:00:00,92,91,0.0,0.0,0.0,0.36573333333333335,optimal
2021-02-13 20:30:00,92,91,0.0,0.0,0.0,2.2964333333333333,optimal
2021-02-13 21:00:00,92,91,0.0,0.0,0.0,0.9902000000000001,optimal
2021-02-13 21:30:00,92,91,0.0,0.0,0.0,0.39916666666666667,optimal
2021-02-13 22:00:00,92,91,0.0,0.0,0.0,0.41706666666666664,optimal
2021-02-13 22:30:00,92,91,0.0,0.0,0.0,1.362,optimal
2021-02-13 23:00:00,92,91,0.0,0.0,0.0,0.1245,optimal
2021-02-13 23:30:00,92,91,0.0,0.0,0.0,0.08170000000000001,optimal
2021-02-07 00:00:00,93,91,0.0,0.0,0.0,0.063,optimal
2021-02-07 00:30:00,93,91,0.0,0.0,0.0,0.42410000000000003,optimal
2021-02-07 01:00:00,93,91,0.0,0.0,0.0,0.063,optimal
2021-02-07 01:30:00,93,91,0.0,0.0,0.0,0.1718,optimal
2021-02-07 02:00:00,93,91,0.0,0.0,0.0,0.095,optimal
2021-02-07 02:30:00,93,91,0.0,0.0,0.0,0.1142,optimal
2021-02-07 03:00:00,93,91,0.0,0.0,0.0,0.15259999999999999,optimal
2021-02-07 03:30:00,93,91,0.0,0.0,0.0,0.063,optimal
2021-02-07 04:00:00,93,91,2.2857142857142856,0.0,0.0,0.2038,optimal
2021-02-07 04:30:00,93,91,2.2857142857142856,0.0,0.0,0.063,optimal
2021-02-07 05:00:00,93,91,2.2857142857142856,0.0,0.0,0.1974,optimal
2021-02-07 05:30:00,93,91,2.2857142857142856,0.0,0.0,0.0694,optimal
2021-02-07 06:00:00,93,91,2.2857142857142856,0.0,0.0,0.1142,optimal
2021-02-07 06:30:00,93,91,2.2857142857142856,0.0,0.0,0.16126666666666667,optimal
2021-02-07 07:00:00,93,91,2.2857142857142856,0.0,1.7076336144509696,0.43946666666666656,optimal
2021-02-07 07:30:00,93,91,0.0,0.0,0.0,1.0930333333333333,optimal
2021-02-07 08:00:00,93,91,0.0,0.0,0.0,1.6934,optimal
2021-02-07 08:30:00,93,91,0.0,0.0,0.0,0.073,optimal
2021-02-07 09:00:00,93,91,0.0,0.0,0.0,0.21380000000000002,optimal
2021-02-07 09:30:00,93,91,0.5951638588128824,0.0,0.0,0.073,optimal
2021-02-07 10:00:00,93,91,1.0184264420075617,0.0,0.0,0.4772666666666667,optimal
2021-02-07 10:30:00,93,91,0.9564368049513977,0.0,0.0,0.3042333333333333,optimal
2021-02-07 11:00:00,93,91,0.7667544944839275,0.0,0.0,0.4943,optimal
2021-02-07 11:30:00,93,91,0.7803030659124971,0.0,0.0,1.54,optimal
2021-02-07 12:00:00,93,91,0.733471175196067,0.0,0.0,1.0482,optimal
2021-02-07 12:30:00,93,91,0.7912768894817863,0.0,0.0,0.21380000000000002,optimal
2021-02-07 13:00:00,93,91,2.2857142857142856,0.0,0.0,0.073,optimal
2021-02-07 13:30:00,93,91,2.2857142857142856,0.0,0.0,0.21380000000000002,optimal
2021-02-07 14:00:00,93,91,2.2857142857142856,0.0,0.0,0.073,optimal
2021-02-07 14:30:00,93,91,2.2857142857142856,0.0,0.0,0.0858,optimal
2021-02-07 15:00:00,93,91,2.2857142857142856,0.0,0.0,0.201,optimal
2021-02-07 15:30:00,93,91,2.2857142857142856,0.0,0.0,0.073,optimal
2021-02-07 16:00:00,93,91,0.0,0.0,0.0,1.6721666666666668,optimal
2021-02-07 16:30:00,93,91,0.0,0.0,0.0,1.0329333333333335,optimal
2021-02-07 17:00:00,93,91,0.0,0.0,0.0,0.33080000000000004,optimal
2021-02-07 17:30:00,93,91,0.0,0.0,0.0,2.4046999999999996,optimal
2021-02-07 18:00:00,93,91,0.0,0.0,0.0,2.2219333333333333,optimal
2021-02-07 18:30:00,93,91,0.0,0.0,0.0,2.2473666666666667,optimal
2021-02-07 19:00:00,93,91,0.0,0.0,0.0,0.8384666666666667,optimal
2021-02-07 19:30:00,93,91,0.0,0.0,0.0,3.8494,optimal
2021-02-07 20:00:00,93,91,0.01826436447386913,0.0,0.0,1.723,optimal
2021-02-07 20:30:00,93,91,0.0,0.0,0.0,3.297266666666667,optimal
2021-02-07 21:00:00,93,91,0.0,0.0,0.0,3.6414,optimal
2021-02-07 21:30:00,93,91,0.0,0.0,0.0,3.133833333333333,optimal
2021-02-07 22:00:00,93,91,0.0,0.0,0.0,4.4833,optimal
2021-02-07 22:30:00,93,91,0.0,0.0,0.0,2.6616,optimal
2021-02-07 23:00:00,93,91,0.0,0.0,0.0,1.6705333333333332,optimal
2021-02-07 23:30:00,93,91,0.0,0.0,0.0,3.1685666666666665,optimal
2021-02-08 00:00:00,93,91,0.0,0.0,0.0,0.06066666666666666,optimal
2021-02-08 00:30:00,93,91,0.13933333333333323,0.0,0.0,0.117,optimal
2021-02-08 01:00:00,93,91,0.0,0.0,0.0,0.0682,optimal
2021-02-08 01:30:00,93,91,0.0,0.0,0.0,0.056,optimal
2021-02-08 02:00:00,93,91,0.0,0.0,0.0,0.056,optimal
2021-02-08 02:30:00,93,91,1.064504432494876,0.0,0.0,0.09666666666666669,optimal
2021-02-08 03:00:00,93,91,2.2857142857142856,0.0,0.0,0.08853333333333332,optimal
2021-02-08 03:30:00,93,91,2.2857142857142856,0.0,0.0,0.056,optimal
2021-02-08 04:00:00,93,91,2.2857142857142856,0.0,0.0,0.056,optimal
2021-02-08 04:30:00,93,91,2.2857142857142856,0.0,0.0,0.12919999999999998,optimal
2021-02-08 05:00:00,93,91,2.2857142857142856,0.0,0.0,0.056,optimal
2021-02-08 05:30:00,93,91,2.2857142857142856,0.0,0.0,0.056,optimal
2021-02-08 06:00:00,93,91,2.2857142857142856,0.0,0.0,0.10606666666666666,optimal
2021-02-08 06:30:00,93,91,2.2857142857142856,0.0,0.8958469479954464,0.09446666666666668,optimal
2021-02-08 07:00:00,93,91,2.2857142857142856,0.0,10.0,0.13040000000000002,optimal
2021-02-08 07:30:00,93,91,2.2857142857142856,0.0,0.0,0.0688,optimal
2021-02-08 08:00:00,93,91,1.2559948148685047,0.0,0.0,0.06133333333333334,optimal
2021-02-08 08:30:00,93,91,1.2419499397170894,0.0,0.0,0.1392,optimal
2021-02-08 09:00:00,93,91,1.05792345197759,0.0,0.0,0.07726666666666666,optimal
2021-02-08 09:30:00,93,91,0.9366631456570738,0.0,0.0,1.4656333333333333,optimal
2021-02-08 10:00:00,93,91,0.8431928438283214,0.0,0.0,0.3727,optimal
2021-02-08 10:30:00,93,91,0.8732569596726358,0.0,0.0,0.16866666666666666,optimal
2021-02-08 11:00:00,93,91,0.6263543237221503,0.0,0.0,0.22346666666666667,optimal
2021-02-08 11:30:00,93,91,0.6390677703021116,0.0,0.0,0.2139,optimal
2021-02-08 12:00:00,93,91,0.5154975958667045,0.0,0.0,0.16533333333333333,optimal
2021-02-08 12:30:00,93,91,0.44960639378857215,0.0,0.0,0.4366666666666667,optimal
2021-02-08 13:00:00,93,91,1.948658903651154,0.0,0.0,0.12919999999999998,optimal
2021-02-08 13:30:00,93,91,2.2857142857142856,0.0,0.0,0.056,optimal
2021-02-08 14:00:00,93,91,2.2857142857142856,0.0,0.0,0.7107666666666667,optimal
2021-02-08 14:30:00,93,91,2.2857142857142856,0.0,0.0,0.4849,optimal
2021-02-08 15:00:00,93,91,2.2857142857142856,0.0,0.0,1.448,optimal
2021-02-08 15:30:00,93,91,2.2857142857142856,0.0,0.0,0.30410000000000004,optimal
2021-02-08 16:00:00,93,91,0.0,0.0,0.0,0.4427,optimal
2021-02-08 16:30:00,93,91,0.0,0.0,0.0,0.438,optimal
2021-02-08 17:00:00,93,91,0.0,0.0,0.0,0.28683333333333333,optimal
2021-02-08 17:30:00,93,91,0.0,0.0,0.0,0.21106666666666662,optimal
2021-02-08 18:00:00,93,91,0.0,0.0,0.0,0.21159999999999998,optimal
2021-02-08 18:30:00,93,91,0.0,0.0,0.0,0.2439333333333333,optimal
2021-02-08 19:00:00,93,91,0.0,0.0,0.0,0.34986666666666666,optimal
2021-02-08 19:30:00,93,91,0.0,0.0,0.0,0.27516666666666667,optimal
2021-02-08 20:00:00,93,91,0.0,0.0,0.0,0.28863333333333335,optimal
2021-02-08 20:30:00,93,91,0.0,0.0,0.0,0.6589333333333333,optimal
2021-02-08 21:00:00,93,91,0.0,0.0,0.0,0.2475,optimal
2021-02-08 21:30:00,93,91,0.0,0.0,0.0,0.3749333333333333,optimal
2021-02-08 22:00:00,93,91,0.0,0.0,0.0,0.23126666666666668,optimal
2021-02-08 22:30:00,93,91,0.05971428571428571,0.0,0.0,0.2184333333333333,optimal
2021-02-08 23:00:00,93,91,0.0,0.0,0.0,0.16826666666666668,optimal
2021-02-08 23:30:00,93,91,0.0,0.0,0.0,0.10333333333333332,optimal
2021-02-09 00:00:00,93,91,0.0,0.0,0.0,0.065,optimal
2021-02-09 00:30:00,93,91,1.3336190476190477,0.0,0.0,0.065,optimal
2021-02-09 01:00:00,93,91,0.0,0.0,0.0,0.065,optimal
2021-02-09 01:30:00,93,91,0.0,0.0,0.0,0.065,optimal
2021-02-09 02:00:00,93,91,0.7233843595758381,0.0,0.0,0.065,optimal
2021-02-09 02:30:00,93,91,2.2857142857142856,0.0,0.0,0.065,optimal
2021-02-09 03:00:00,93,91,2.2857142857142856,0.0,0.0,0.065,optimal
2021-02-09 03:30:00,93,91,2.2857142857142856,0.0,0.0,0.065,optimal
2021-02-09 04:00:00,93,91,2.2857142857142856,0.0,0.0,0.06566666666666666,optimal
2021-02-09 04:30:00,93,91,2.2857142857142856,0.0,0.0,0.07166666666666667,optimal
2021-02-09 05:00:00,93,91,2.2857142857142856,0.0,0.0,0.065,optimal
2021-02-09 05:30:00,93,91,2.2857142857142856,0.0,0.0,0.065,optimal
2021-02-09 06:00:00,93,91,2.2857142857142856,0.0,0.0,0.065,optimal
2021-02-09 06:30:00,93,91,2.2857142857142856,0.0,0.0,0.06533333333333333,optimal
2021-02-09 07:00:00,93,91,2.2857142857142856,0.0,8.010786857306869,0.07366666666666667,optimal
2021-02-09 07:30:00,93,91,2.2857142857142856,0.0,0.0,0.06366666666666666,optimal
2021-02-09 08:00:00,93,91,1.2290576051725006,0.0,0.0,0.09659999999999999,optimal
2021-02-09 08:30:00,93,91,1.1073611083757973,0.0,0.0,1.2061333333333335,optimal
2021-02-09 09:00:00,93,91,1.0191751630589143,0.0,0.0,0.2102,optimal
2021-02-09 09:30:00,93,91,0.9771669313702749,0.0,0.0,0.279,optimal
2021-02-09 10:00:00,93,91,0.6920876197510188,0.0,0.0,0.5341,optimal
2021-02-09 10:30:00,93,91,0.7700550457247727,0.0,0.0,0.1994,optimal
2021-02-09 11:00:00,93,91,0.5160768043260966,0.0,0.0,0.2754,optimal
2021-02-09 11:30:00,93,91,0.5185754323779721,0.0,0.0,0.27913333333333334,optimal
2021-02-09 12:00:00,93,91,0.38815062792291,0.0,0.0,0.20806666666666662,optimal
2021-02-09 12:30:00,93,91,0.06494342844245542,0.0,0.0,1.9266333333333328,optimal
2021-02-09 13:00:00,93,91,1.1743809523809523,0.0,0.0,2.042766666666667,optimal
2021-02-09 13:30:00,93,91,0.5882916824993973,0.0,0.0,1.0759333333333334,optimal
2021-02-09 14:00:00,93,91,2.2857142857142856,0.0,0.0,2.308,optimal
2021-02-09 14:30:00,93,91,2.2857142857142856,0.0,0.0,0.9878333333333333,optimal
2021-02-09 15:00:00,93,91,2.2857142857142856,0.0,0.0,0.6997000000000001,optimal
2021-02-09 15:30:00,93,91,2.2857142857142856,0.0,0.0,0.2728666666666667,optimal
2021-02-09 16:00:00,93,91,0.0,0.0,0.0,0.37346666666666656,optimal
2021-02-09 16:30:00,93,91,0.0,0.0,0.0,0.5209,optimal
2021-02-09 17:00:00,93,91,0.0,0.0,0.0,0.6185333333333333,optimal
2021-02-09 17:30:00,93,91,0.0,0.0,0.0,1.3236666666666668,optimal
2021-02-09 18:00:00,93,91,0.0,0.0,0.0,1.2628666666666666,optimal
2021-02-09 18:30:00,93,91,0.0,0.0,0.0,0.5695666666666667,optimal
2021-02-09 19:00:00,93,91,0.0,0.0,0.0,0.4244,optimal
2021-02-09 19:30:00,93,91,0.0,0.0,0.0,0.4428666666666667,optimal
2021-02-09 20:00:00,93,91,0.0,0.0,0.0,0.5682666666666667,optimal
2021-02-09 20:30:00,93,91,0.0,0.0,0.0,0.459,optimal
2021-02-09 21:00:00,93,91,0.0,0.0,0.0,0.4602,optimal
2021-02-09 21:30:00,93,91,0.0,0.0,0.0,0.49339999999999995,optimal
2021-02-09 22:00:00,93,91,0.0796190476190476,0.0,0.0,0.4955333333333334,optimal
2021-02-09 22:30:00,93,91,0.0,0.0,0.0,0.44573333333333337,optimal
2021-02-09 23:00:00,93,91,0.0,0.0,0.0,0.45289999999999997,optimal
2021-02-09 23:30:00,93,91,0.0,0.0,0.0,0.3485,optimal
2021-02-10 00:00:00,93,91,0.0,0.0,0.0,0.046,optimal
2021-02-10 00:30:00,93,91,1.1544761904761904,0.0,0.0,0.046,optimal
2021-02-10 01:00:00,93,91,0.0,0.0,0.0,0.15919999999999998,optimal
2021-02-10 01:30:00,93,91,0.0,0.0,0.0,0.14593333333333333,optimal
2021-02-10 02:00:00,93,91,0.5975048398402505,0.0,0.0,0.06963333333333334,optimal
2021-02-10 02:30:00,93,91,2.2857142857142856,0.0,0.0,0.2355,optimal
2021-02-10 03:00:00,93,91,2.2857142857142856,0.0,0.0,0.046,optimal
2021-02-10 03:30:00,93,91,2.2857142857142856,0.0,0.0,0.13886666666666667,optimal
2021-02-10 04:00:00,93,91,2.2857142857142856,0.0,0.0,0.09906666666666666,optimal
2021-02-10 04:30:00,93,91,2.2857142857142856,0.0,0.0,0.046,optimal
2021-02-10 05:00:00,93,91,2.2857142857142856,0.0,0.0,0.24586666666666668,optimal
2021-02-10 05:30:00,93,91,2.2857142857142856,0.0,0.0,0.05926666666666667,optimal
2021-02-10 06:00:00,93,91,2.2857142857142856,0.0,0.0,0.046,optimal
2021-02-10 06:30:00,93,91,2.2857142857142856,0.0,1.7628286373625646,0.045666666666666654,optimal
2021-02-10 07:00:00,93,91,2.2857142857142856,0.0,10.0,0.1615,optimal
2021-02-10 07:30:00,93,91,2.2857142857142856,0.0,0.0,0.3521333333333333,optimal
2021-02-10 08:00:00,93,91,1.0543746627912929,0.0,0.0,0.9118999999999999,optimal
2021-02-10 08:30:00,93,91,1.3433882226179124,0.0,0.0,0.18203333333333332,optimal
2021-02-10 09:00:00,93,91,1.2038878737471062,0.0,0.0,0.056,optimal
2021-02-10 09:30:00,93,91,1.0984919097642103,0.0,0.0,0.32430000000000003,optimal
2021-02-10 10:00:00,93,91,0.7877343236394919,0.0,0.0,0.26106666666666667,optimal
2021-02-10 10:30:00,93,91,0.79654449350946,0.0,0.0,0.098,optimal
2021-02-10 11:00:00,93,91,0.5633261860625118,0.0,0.0,0.2795,optimal
2021-02-10 11:30:00,93,91,0.6332662993091633,0.0,0.0,0.055,optimal
2021-02-10 12:00:00,93,91,0.4060315891221003,0.0,0.0,0.0686,optimal
2021-02-10 12:30:00,93,91,0.4263934938839971,0.0,0.0,0.18866666666666662,optimal
2021-02-10 13:00:00,93,91,1.0624512025515123,0.0,0.0,0.11946666666666668,optimal
2021-02-10 13:30:00,93,91,1.7028694185434827,0.0,0.0,0.19903333333333334,optimal
2021-02-10 14:00:00,93,91,2.2857142857142856,0.0,0.0,0.12916666666666665,optimal
2021-02-10 14:30:00,93,91,2.2857142857142856,0.0,0.0,1.0715999999999999,optimal
2021-02-10 15:00:00,93,91,2.2857142857142856,0.0,0.0,0.8396,optimal
2021-02-10 15:30:00,93,91,2.2857142857142856,0.0,0.0,0.3478333333333333,optimal
2021-02-10 16:00:00,93,91,0.0,0.0,0.0,0.217,optimal
2021-02-10 16:30:00,93,91,0.0,0.0,0.0,0.28513333333333335,optimal
2021-02-10 17:00:00,93,91,0.0,0.0,0.0,1.6645333333333332,optimal
2021-02-10 17:30:00,93,91,0.0,0.0,0.0,0.6339666666666667,optimal
2021-02-10 18:00:00,93,91,0.0,0.0,0.0,1.7544333333333333,optimal
2021-02-10 18:30:00,93,91,0.0,0.0,0.0,0.23516666666666663,optimal
2021-02-10 19:00:00,93,91,0.0,0.0,0.0,0.23653333333333332,optimal
2021-02-10 19:30:00,93,91,0.0,0.0,0.0,0.32439999999999997,optimal
2021-02-10 20:00:00,93,91,0.0,0.0,0.0,0.5109333333333332,optimal
2021-02-10 20:30:00,93,91,0.0,0.0,0.0,0.24663333333333332,optimal
2021-02-10 21:00:00,93,91,0.0,0.0,0.0,0.5766333333333333,optimal
2021-02-10 21:30:00,93,91,0.0,0.0,0.0,0.106,optimal
2021-02-10 22:00:00,93,91,0.17914285714285713,0.0,0.0,0.08276666666666667,optimal
2021-02-10 22:30:00,93,91,0.0,0.0,0.0,0.2631,optimal
2021-02-10 23:00:00,93,91,0.0,0.0,0.0,0.42310000000000003,optimal
2021-02-10 23:30:00,93,91,0.0,0.0,0.0,0.08923333333333333,optimal
2021-02-11 00:00:00,93,91,0.0,0.0,0.0,0.053,optimal
2021-02-11 00:30:00,93,91,2.2857142857142856,0.0,0.0,0.053,optimal
2021-02-11 01:00:00,93,91,1.9788397737595604,0.0,0.0,0.191,optimal
2021-02-11 01:30:00,93,91,2.2857142857142856,0.0,0.0,0.0668,optimal
2021-02-11 02:00:00,93,91,2.2857142857142856,0.0,0.0,0.053,optimal
2021-02-11 02:30:00,93,91,2.2857142857142856,0.0,0.0,0.053,optimal
2021-02-11 03:00:00,93,91,2.2857142857142856,0.0,0.0,0.053,optimal
2021-02-11 03:30:00,93,91,2.2857142857142856,0.0,0.0,0.1703,optimal
2021-02-11 04:00:00,93,91,2.2857142857142856,0.0,0.0,0.0875,optimal
2021-02-11 04:30:00,93,91,2.2857142857142856,0.0,0.0,0.0737,optimal
2021-02-11 05:00:00,93,91,2.2857142857142856,0.0,0.0,0.1834333333333333,optimal
2021-02-11 05:30:00,93,91,2.2857142857142856,0.0,0.0,0.05266666666666666,optimal
2021-02-11 06:00:00,93,91,2.2857142857142856,0.0,0.0,0.6076,optimal
2021-02-11 06:30:00,93,91,2.2857142857142856,0.0,8.675526453010516,0.0886,optimal
2021-02-11 07:00:00,93,91,2.2857142857142856,0.0,0.0,0.13273333333333331,optimal
2021-02-11 07:30:00,93,91,2.2857142857142856,0.0,0.0,0.063,optimal
2021-02-11 08:00:00,93,91,1.4822499084637624,0.0,0.0,0.21480000000000002,optimal
2021-02-11 08:30:00,93,91,1.535925452879504,0.0,0.0,0.063,optimal
2021-02-11 09:00:00,93,91,1.3416132554748148,0.0,0.0,0.1251,optimal
2021-02-11 09:30:00,93,91,1.2203822669016242,0.0,0.0,0.1527,optimal
2021-02-11 10:00:00,93,91,0.8258583973012703,0.0,0.0,0.063,optimal
2021-02-11 10:30:00,93,91,0.867074860678537,0.0,0.0,0.063,optimal
2021-02-11 11:00:00,93,91,0.6222633181525045,0.0,0.0,0.21480000000000002,optimal
2021-02-11 11:30:00,93,91,0.6141141675023463,0.0,0.0,0.063,optimal
2021-02-11 12:00:00,93,91,0.3757201321746047,0.0,0.0,0.063,optimal
2021-02-11 12:30:00,93,91,0.3310689635158992,0.0,0.0,0.063,optimal
2021-02-11 13:00:00,93,91,2.2857142857142856,0.0,0.0,0.21480000000000002,optimal
2021-02-11 13:30:00,93,91,2.2857142857142856,0.0,0.0,0.063,optimal
2021-02-11 14:00:00,93,91,2.2857142857142856,0.0,0.0,0.201,optimal
2021-02-11 14:30:00,93,91,2.2857142857142856,0.0,0.0,0.0768,optimal
2021-02-11 15:00:00,93,91,2.2857142857142856,0.0,0.0,0.1044,optimal
2021-02-11 15:30:00,93,91,2.2857142857142856,0.0,0.0,0.1734,optimal
2021-02-11 16:00:00,93,91,0.0,0.0,0.0,0.063,optimal
2021-02-11 16:30:00,93,91,0.0,0.0,0.0,0.18030000000000002,optimal
2021-02-11 17:00:00,93,91,0.0,0.0,0.0,0.25403333333333333,optimal
2021-02-11 17:30:00,93,91,0.0,0.0,0.0,0.19073333333333328,optimal
2021-02-11 18:00:00,93,91,0.0,0.0,0.0,0.4397,optimal
2021-02-11 18:30:00,93,91,0.0,0.0,0.0,0.3345,optimal
2021-02-11 19:00:00,93,91,0.0,0.0,0.0,1.5177,optimal
2021-02-11 19:30:00,93,91,1.132297699815888,0.0,0.0,0.5075,optimal
2021-02-11 20:00:00,93,91,1.614418334574219,0.0,0.0,0.3338,optimal
2021-02-11 20:30:00,93,91,0.0,0.0,0.0,0.37373333333333336,optimal
2021-02-11 21:00:00,93,91,0.0,0.0,0.0,0.3476666666666667,optimal
2021-02-11 21:30:00,93,91,0.0,0.0,0.0,0.09386666666666665,optimal
2021-02-11 22:00:00,93,91,0.0,0.0,0.0,0.1665,optimal
2021-02-11 22:30:00,93,91,0.0,0.0,0.0,0.1113,optimal
2021-02-11 23:00:00,93,91,0.0,0.0,0.0,0.063,optimal
2021-02-11 23:30:00,93,91,0.0,0.0,0.0,0.17306666666666667,optimal
2021-02-12 00:00:00,93,91,1.5483225833884076,0.0,0.0,0.046,optimal
2021-02-12 00:30:00,93,91,2.2857142857142856,0.0,0.0,0.046,optimal
2021-02-12 01:00:00,93,91,2.2857142857142856,0.0,0.0,0.15919999999999998,optimal
2021-02-12 01:30:00,93,91,2.2857142857142856,0.0,0.0,0.14593333333333333,optimal
2021-02-12 02:00:00,93,91,2.2857142857142856,0.0,0.0,0.06963333333333334,optimal
2021-02-12 02:30:00,93,91,2.2857142857142856,0.0,0.0,0.2355,optimal
2021-02-12 03:00:00,93,91,2.2857142857142856,0.0,0.0,0.046,optimal
2021-02-12 03:30:00,93,91,2.2857142857142856,0.0,0.0,0.13886666666666667,optimal
2021-02-12 04:00:00,93,91,2.2857142857142856,0.0,0.0,0.09906666666666666,optimal
2021-02-12 04:30:00,93,91,2.2857142857142856,0.0,0.0,0.046,optimal
2021-02-12 05:00:00,93,91,2.2857142857142856,0.0,0.0,0.24586666666666668,optimal
2021-02-12 05:30:00,93,91,2.2857142857142856,0.0,0.0,0.05926666666666667,optimal
2021-02-12 06:00:00,93,91,2.2857142857142856,0.0,4.555764670746588,0.046,optimal
2021-02-12 06:30:00,93,91,2.2857142857142856,0.0,10.0,0.045666666666666654,optimal
2021-02-12 07:00:00,93,91,2.2857142857142856,0.0,10.0,0.1615,optimal
2021-02-12 07:30:00,93,91,2.2857142857142856,0.0,0.0,0.3521333333333333,optimal
2021-02-12 08:00:00,93,91,1.2714066447421104,0.0,0.0,0.9118999999999999,optimal
2021-02-12 08:30:00,93,91,1.587897846820264,0.0,0.0,0.18203333333333332,optimal
2021-02-12 09:00:00,93,91,1.4396161114042412,0.0,0.0,0.056,optimal
2021-02-12 09:30:00,93,91,1.1968319361637672,0.0,0.0,0.32430000000000003,optimal
2021-02-12 10:00:00,93,91,0.7263728902912114,0.0,0.0,0.26106666666666667,optimal
2021-02-12 10:30:00,93,91,0.718009533753985,0.0,0.0,0.098,optimal
2021-02-12 11:00:00,93,91,0.4289501845175947,0.0,0.0,0.2795,optimal
2021-02-12 11:30:00,93,91,0.48242024114092324,0.0,0.0,0.055,optimal
2021-02-12 12:00:00,93,91,0.403656351422142,0.0,0.0,0.0686,optimal
2021-02-12 12:30:00,93,91,0.42058355090262267,0.0,0.0,0.18866666666666662,optimal
2021-02-12 13:00:00,93,91,1.0197366815532651,0.0,0.0,0.11946666666666668,optimal
2021-02-12 13:30:00,93,91,1.8428420320411265,0.0,0.0,0.19903333333333334,optimal
2021-02-12 14:00:00,93,91,2.2857142857142856,0.0,0.0,0.12916666666666665,optimal
2021-02-12 14:30:00,93,91,2.2857142857142856,0.0,0.0,1.0715999999999999,optimal
2021-02-12 15:00:00,93,91,2.2857142857142856,0.0,0.0,0.8396,optimal
2021-02-12 15:30:00,93,91,2.2857142857142856,0.0,0.0,0.3478333333333333,optimal
2021-02-12 16:00:00,93,91,0.0,0.0,0.0,0.217,optimal
2021-02-12 16:30:00,93,91,0.0,0.0,0.0,0.28513333333333335,optimal
2021-02-12 17:00:00,93,91,0.0,0.0,0.0,1.6645333333333332,optimal
2021-02-12 17:30:00,93,91,0.0,0.0,0.0,0.6339666666666667,optimal
2021-02-12 18:00:00,93,91,0.0,0.0,0.0,1.7544333333333333,optimal
2021-02-12 18:30:00,93,91,0.0,0.0,0.0,0.23516666666666663,optimal
2021-02-12 19:00:00,93,91,0.0,0.0,0.0,0.23653333333333332,optimal
2021-02-12 19:30:00,93,91,0.0,0.0,0.0,0.32439999999999997,optimal
2021-02-12 20:00:00,93,91,0.0,0.0,0.0,0.5109333333333332,optimal
2021-02-12 20:30:00,93,91,0.0,0.0,0.0,0.24663333333333332,optimal
2021-02-12 21:00:00,93,91,0.0,0.0,0.0,0.5766333333333333,optimal
2021-02-12 21:30:00,93,91,0.0,0.0,0.0,0.106,optimal
2021-02-12 22:00:00,93,91,0.17914285714285713,0.0,0.0,0.08276666666666667,optimal
2021-02-12 22:30:00,93,91,0.0,0.0,0.0,0.2631,optimal
2021-02-12 23:00:00,93,91,0.0,0.0,0.0,0.42310000000000003,optimal
2021-02-12 23:30:00,93,91,0.0,0.0,0.0,0.08923333333333333,optimal
2021-02-13 00:00:00,93,91,0.0,0.0,0.0,0.06,optimal
2021-02-13 00:30:00,93,91,1.9904761904761905,0.0,0.0,0.06,optimal
2021-02-13 01:00:00,93,91,0.0,0.0,0.0,0.2008,optimal
2021-02-13 01:30:00,93,91,0.0,0.0,0.0,0.06,optimal
2021-02-13 02:00:00,93,91,1.3796073155718107,0.0,0.0,0.06,optimal
2021-02-13 02:30:00,93,91,2.2857142857142856,0.0,0.0,0.0856,optimal
2021-02-13 03:00:00,93,91,2.2857142857142856,0.0,0.0,0.1752,optimal
2021-02-13 03:30:00,93,91,2.2857142857142856,0.0,0.0,0.06,optimal
2021-02-13 04:00:00,93,91,2.2857142857142856,0.0,0.0,0.2008,optimal
2021-02-13 04:30:00,93,91,2.2857142857142856,0.0,0.0,0.06,optimal
2021-02-13 05:00:00,93,91,2.2857142857142856,0.0,0.0,0.07479999999999999,optimal
2021-02-13 05:30:00,93,91,2.2857142857142856,0.0,0.0,0.196,optimal
2021-02-13 06:00:00,93,91,2.2857142857142856,0.0,0.0,0.10586666666666666,optimal
2021-02-13 06:30:00,93,91,2.2857142857142856,0.0,7.105543113573007,0.14959999999999998,optimal
2021-02-13 07:00:00,93,91,2.2857142857142856,0.0,10.0,0.3201333333333333,optimal
2021-02-13 07:30:00,93,91,2.2857142857142856,0.0,0.0,0.35733333333333334,optimal
2021-02-13 08:00:00,93,91,1.333280904479674,0.0,0.0,0.10016666666666668,optimal
2021-02-13 08:30:00,93,91,1.252046199198241,0.0,0.0,0.4058,optimal
2021-02-13 09:00:00,93,91,1.117330399940702,0.0,0.0,0.26280000000000003,optimal
2021-02-13 09:30:00,93,91,1.2252425878192323,0.0,0.0,0.06933333333333333,optimal
2021-02-13 10:00:00,93,91,0.9661143228213459,0.0,0.0,0.1404,optimal
2021-02-13 10:30:00,93,91,0.962679617539907,0.0,0.0,0.1404,optimal
2021-02-13 11:00:00,93,91,0.6781303433538994,0.0,0.0,0.07,optimal
2021-02-13 11:30:00,93,91,0.6344670666438766,0.0,0.0,0.21080000000000002,optimal
2021-02-13 12:00:00,93,91,0.5485380660944377,0.0,0.0,0.07,optimal
2021-02-13 12:30:00,93,91,0.54166865553156,0.0,0.0,0.07,optimal
2021-02-13 13:00:00,93,91,2.2857142857142856,0.0,0.0,0.0828,optimal
2021-02-13 13:30:00,93,91,2.2857142857142856,0.0,0.0,0.198,optimal
2021-02-13 14:00:00,93,91,2.2857142857142856,0.0,0.0,0.07,optimal
2021-02-13 14:30:00,93,91,2.2857142857142856,0.0,0.0,0.07,optimal
2021-02-13 15:00:00,93,91,2.2857142857142856,0.0,0.0,0.07,optimal
2021-02-13 15:30:00,93,91,2.2857142857142856,0.0,0.0,0.17880000000000001,optimal
2021-02-13 16:00:00,93,91,0.0,0.0,0.0,0.102,optimal
2021-02-13 16:30:00,93,91,0.0,0.0,0.0,0.07,optimal
2021-02-13 17:00:00,93,91,0.0,0.0,0.0,0.21080000000000002,optimal
2021-02-13 17:30:00,93,91,0.0,0.0,0.0,0.0792,optimal
2021-02-13 18:00:00,93,91,0.0,0.0,0.0,0.139,optimal
2021-02-13 18:30:00,93,91,0.0,0.0,0.0,0.2542,optimal
2021-02-13 19:00:00,93,91,0.0,0.0,0.0,0.2114333333333333,optimal
2021-02-13 19:30:00,93,91,0.8745584374256735,0.0,0.0,0.3068,optimal
2021-02-13 20:00:00,93,91,1.2100101177710005,0.0,0.0,0.3452,optimal
2021-02-13 20:30:00,93,91,0.0,0.0,0.0,0.24716666666666662,optimal
2021-02-13 21:00:00,93,91,0.0,0.0,0.0,0.25843333333333335,optimal
2021-02-13 21:30:00,93,91,0.0,0.0,0.0,0.4039,optimal
2021-02-13 22:00:00,93,91,0.0398095238095238,0.0,0.0,0.3502,optimal
2021-02-13 22:30:00,93,91,0.0,0.0,0.0,0.465,optimal
2021-02-13 23:00:00,93,91,0.0,0.0,0.0,0.3402,optimal
2021-02-13 23:30:00,93,91,0.0,0.0,0.0,0.15319999999999998,optimal
2021-02-07 00:00:00,94,91,0.0,0.0,0.0,0.048,optimal
2021-02-07 00:30:00,94,91,0.0,0.0,0.0,0.11696666666666668,optimal
2021-02-07 01:00:00,94,91,0.0,0.0,0.0,0.1047,optimal
2021-02-07 01:30:00,94,91,0.0,0.0,0.0,0.054299999999999994,optimal
2021-02-07 02:00:00,94,91,0.0,0.0,0.0,0.2327,optimal
2021-02-07 02:30:00,94,91,0.0,0.0,0.0,0.093,optimal
2021-02-07 03:00:00,94,91,0.0,0.0,0.0,0.179,optimal
2021-02-07 03:30:00,94,91,0.0,0.0,0.0,0.153,optimal
2021-02-07 04:00:00,94,91,2.2857142857142856,0.0,0.0,0.174,optimal
2021-02-07 04:30:00,94,91,2.2857142857142856,0.0,0.0,0.128,optimal
2021-02-07 05:00:00,94,91,2.2857142857142856,0.0,0.0,0.078,optimal
2021-02-07 05:30:00,94,91,2.2857142857142856,0.0,0.0,0.156,optimal
2021-02-07 06:00:00,94,91,2.2857142857142856,0.0,0.0,0.196,optimal
2021-02-07 06:30:00,94,91,2.2857142857142856,0.0,0.0,0.058,optimal
2021-02-07 07:00:00,94,91,2.2857142857142856,0.0,1.6063785740462473,0.19490000000000002,optimal
2021-02-07 07:30:00,94,91,0.0,0.0,0.0,0.15936666666666668,optimal
2021-02-07 08:00:00,94,91,0.0,0.0,0.0,0.1865,optimal
2021-02-07 08:30:00,94,91,0.0,0.0,0.0,0.3507333333333333,optimal
2021-02-07 09:00:00,94,91,0.0,0.0,0.0,0.1005,optimal
2021-02-07 09:30:00,94,91,0.3104783370044098,0.0,0.0,0.20133333333333328,optimal
2021-02-07 10:00:00,94,91,0.7324626324837443,0.0,0.0,0.2840666666666667,optimal
2021-02-07 10:30:00,94,91,0.8049510906656759,0.0,0.0,0.196,optimal
2021-02-07 11:00:00,94,91,0.5828287801982276,0.0,0.0,1.4530999999999998,optimal
2021-02-07 11:30:00,94,91,0.5980687801982123,0.0,0.0,1.153,optimal
2021-02-07 12:00:00,94,91,0.5639302228151131,0.0,0.0,1.3235999999999999,optimal
2021-02-07 12:30:00,94,91,0.7135759371008432,0.0,0.0,0.38180000000000003,optimal
2021-02-07 13:00:00,94,91,1.638212837128392,0.0,0.0,0.46366666666666667,optimal
2021-02-07 13:30:00,94,91,2.2857142857142856,0.0,0.0,0.1321,optimal
2021-02-07 14:00:00,94,91,2.2857142857142856,0.0,0.0,0.1699,optimal
2021-02-07 14:30:00,94,91,2.2857142857142856,0.0,0.0,0.07473333333333333,optimal
2021-02-07 15:00:00,94,91,2.2857142857142856,0.0,0.0,0.508,optimal
2021-02-07 15:30:00,94,91,2.2857142857142856,0.0,0.0,0.09783333333333331,optimal
2021-02-07 16:00:00,94,91,0.0,0.0,0.0,0.18,optimal
2021-02-07 16:30:00,94,91,0.0,0.0,0.0,0.08963333333333334,optimal
2021-02-07 17:00:00,94,91,0.0,0.0,0.0,0.17880000000000001,optimal
2021-02-07 17:30:00,94,91,0.0,0.0,0.0,0.7106,optimal
2021-02-07 18:00:00,94,91,0.0,0.0,0.0,0.8224,optimal
2021-02-07 18:30:00,94,91,0.0,0.0,0.0,0.1256,optimal
2021-02-07 19:00:00,94,91,0.0,0.0,0.0,0.1509,optimal
2021-02-07 19:30:00,94,91,0.0,0.0,0.0,0.3992,optimal
2021-02-07 20:00:00,94,91,0.0,0.0,0.0,0.211,optimal
2021-02-07 20:30:00,94,91,0.0,0.0,0.0,0.08963333333333334,optimal
2021-02-07 21:00:00,94,91,0.0,0.0,0.0,0.23863333333333334,optimal
2021-02-07 21:30:00,94,91,0.0,0.0,0.0,0.1422,optimal
2021-02-07 22:00:00,94,91,0.0,0.0,0.0,0.22236666666666668,optimal
2021-02-07 22:30:00,94,91,0.0,0.0,0.0,0.3251,optimal
2021-02-07 23:00:00,94,91,0.0,0.0,0.0,0.126,optimal
2021-02-07 23:30:00,94,91,0.0,0.0,0.0,0.22266666666666662,optimal
2021-02-08 00:00:00,94,91,0.0,0.0,0.0,0.10653333333333331,optimal
2021-02-08 00:30:00,94,91,0.0,0.0,0.0,0.11426666666666668,optimal
2021-02-08 01:00:00,94,91,0.0,0.0,0.0,0.058,optimal
2021-02-08 01:30:00,94,91,0.0,0.0,0.0,0.15646666666666667,optimal
2021-02-08 02:00:00,94,91,0.0,0.0,0.0,0.060333333333333336,optimal
2021-02-08 02:30:00,94,91,1.921783665100699,0.0,0.0,0.13823333333333332,optimal
2021-02-08 03:00:00,94,91,2.2857142857142856,0.0,0.0,0.15323333333333333,optimal
2021-02-08 03:30:00,94,91,2.2857142857142856,0.0,0.0,0.058,optimal
2021-02-08 04:00:00,94,91,2.2857142857142856,0.0,0.0,0.19863333333333333,optimal
2021-02-08 04:30:00,94,91,2.2857142857142856,0.0,0.0,0.08483333333333333,optimal
2021-02-08 05:00:00,94,91,2.2857142857142856,0.0,0.0,0.058,optimal
2021-02-08 05:30:00,94,91,2.2857142857142856,0.0,0.0,0.2268,optimal
2021-02-08 06:00:00,94,91,2.2857142857142856,0.0,0.0,0.068,optimal
2021-02-08 06:30:00,94,91,2.2857142857142856,0.0,0.0,0.06133333333333334,optimal
2021-02-08 07:00:00,94,91,2.2857142857142856,0.0,0.0,0.057,optimal
2021-02-08 07:30:00,94,91,2.2857142857142856,0.0,0.0,0.1517666666666667,optimal
2021-02-08 08:00:00,94,91,1.061686243439924,0.0,0.0,1.2935333333333332,optimal
2021-02-08 08:30:00,94,91,1.0993499397170823,0.0,0.0,0.37126666666666663,optimal
2021-02-08 09:00:00,94,91,0.9559901186442579,0.0,0.0,0.4491,optimal
2021-02-08 09:30:00,94,91,1.0245336218475416,0.0,0.0,0.26480000000000004,optimal
2021-02-08 10:00:00,94,91,0.8037337962092755,0.0,0.0,0.214,optimal
2021-02-08 10:30:00,94,91,0.7317521977678791,0.0,0.0,0.46266666666666667,optimal
2021-02-08 11:00:00,94,91,0.5051867046745164,0.0,0.0,1.4746,optimal
2021-02-08 11:30:00,94,91,0.49483538934973476,0.0,0.0,0.7149333333333333,optimal
2021-02-08 12:00:00,94,91,0.4198118815809984,0.0,0.0,0.3897333333333334,optimal
2021-02-08 12:30:00,94,91,0.3674578223600119,0.0,0.0,0.3775,optimal
2021-02-08 13:00:00,94,91,1.123923346508917,0.0,0.0,0.4254333333333333,optimal
2021-02-08 13:30:00,94,91,2.2857142857142856,0.0,0.0,0.5226000000000001,optimal
2021-02-08 14:00:00,94,91,2.2857142857142856,0.0,0.0,0.18246666666666667,optimal
2021-02-08 14:30:00,94,91,2.2857142857142856,0.0,0.0,0.32739999999999997,optimal
2021-02-08 15:00:00,94,91,2.2857142857142856,0.0,0.0,0.1728,optimal
2021-02-08 15:30:00,94,91,2.2857142857142856,0.0,0.0,0.5697666666666666,optimal
2021-02-08 16:00:00,94,91,0.0,0.0,0.0,0.3456,optimal
2021-02-08 16:30:00,94,91,0.0,0.0,0.0,0.5705333333333333,optimal
2021-02-08 17:00:00,94,91,0.0,0.0,0.0,0.6249,optimal
2021-02-08 17:30:00,94,91,0.0,0.0,0.0,1.3273333333333333,optimal
2021-02-08 18:00:00,94,91,0.0,0.0,0.0,0.3227,optimal
2021-02-08 18:30:00,94,91,0.0,0.0,0.0,0.3083666666666667,optimal
2021-02-08 19:00:00,94,91,0.0,0.0,0.0,0.4006,optimal
2021-02-08 19:30:00,94,91,0.0,0.0,0.0,0.31076666666666664,optimal
2021-02-08 20:00:00,94,91,0.0,0.0,0.0,0.3534,optimal
2021-02-08 20:30:00,94,91,0.0,0.0,0.0,0.5283666666666667,optimal
2021-02-08 21:00:00,94,91,0.0,0.0,0.0,0.2528333333333333,optimal
2021-02-08 21:30:00,94,91,0.0,0.0,0.0,0.2846,optimal
2021-02-08 22:00:00,94,91,0.0,0.0,0.0,0.137,optimal
2021-02-08 22:30:00,94,91,0.0,0.0,0.0,0.068,optimal
2021-02-08 23:00:00,94,91,0.0,0.0,0.0,0.18623333333333328,optimal
2021-02-08 23:30:00,94,91,0.0,0.0,0.0,0.11723333333333331,optimal
2021-02-09 00:00:00,94,91,0.0,0.0,0.0,0.12713333333333335,optimal
2021-02-09 00:30:00,94,91,0.059714285714285706,0.0,0.0,0.24086666666666667,optimal
2021-02-09 01:00:00,94,91,0.0,0.0,0.0,0.0708,optimal
2021-02-09 01:30:00,94,91,0.0,0.0,0.0,0.175,optimal
2021-02-09 02:00:00,94,91,0.646333622594968,0.0,0.0,0.13493333333333335,optimal
2021-02-09 02:30:00,94,91,2.2857142857142856,0.0,0.0,0.30910000000000004,optimal
2021-02-09 03:00:00,94,91,2.2857142857142856,0.0,0.0,0.0747,optimal
2021-02-09 03:30:00,94,91,2.2857142857142856,0.0,0.0,0.1832333333333333,optimal
2021-02-09 04:00:00,94,91,2.2857142857142856,0.0,0.0,0.1605,optimal
2021-02-09 04:30:00,94,91,2.2857142857142856,0.0,0.0,0.2251,optimal
2021-02-09 05:00:00,94,91,2.2857142857142856,0.0,0.0,0.08483333333333333,optimal
2021-02-09 05:30:00,94,91,2.2857142857142856,0.0,0.0,0.1467,optimal
2021-02-09 06:00:00,94,91,2.2857142857142856,0.0,0.0,0.1525,optimal
2021-02-09 06:30:00,94,91,2.2857142857142856,0.0,5.74955100102051,0.2364333333333333,optimal
2021-02-09 07:00:00,94,91,2.2857142857142856,0.0,10.0,0.2119,optimal
2021-02-09 07:30:00,94,91,2.2857142857142856,0.0,0.0,0.26293333333333335,optimal
2021-02-09 08:00:00,94,91,1.2694099861248869,0.0,0.0,0.10993333333333334,optimal
2021-02-09 08:30:00,94,91,1.0720106321853287,0.0,0.0,1.417733333333333,optimal
2021-02-09 09:00:00,94,91,1.0596989725827246,0.0,0.0,0.16666666666666666,optimal
2021-02-09 09:30:00,94,91,1.1291859789893082,0.0,0.0,0.12533333333333332,optimal
2021-02-09 10:00:00,94,91,0.8541523816557743,0.0,0.0,0.264,optimal
2021-02-09 10:30:00,94,91,0.8670550457247748,0.0,0.0,0.1587333333333333,optimal
2021-02-09 11:00:00,94,91,0.610876804326078,0.0,0.0,0.185,optimal
2021-02-09 11:30:00,94,91,0.5914230514255968,0.0,0.0,0.24106666666666662,optimal
2021-02-09 12:00:00,94,91,0.4263315803038578,0.0,0.0,0.24066666666666664,optimal
2021-02-09 12:30:00,94,91,0.4360139046329226,0.0,0.0,0.21880000000000002,optimal
2021-02-09 13:00:00,94,91,1.9543137070070649,0.0,0.0,0.2039333333333333,optimal
2021-02-09 13:30:00,94,91,2.2857142857142856,0.0,0.0,0.3665333333333334,optimal
2021-02-09 14:00:00,94,91,2.2857142857142856,0.0,0.0,1.3647,optimal
2021-02-09 14:30:00,94,91,2.2857142857142856,0.0,0.0,0.22813333333333333,optimal
2021-02-09 15:00:00,94,91,2.2857142857142856,0.0,0.0,0.33676666666666666,optimal
2021-02-09 15:30:00,94,91,2.2857142857142856,0.0,0.0,0.22763333333333333,optimal
2021-02-09 16:00:00,94,91,0.0,0.0,0.0,0.2566333333333333,optimal
2021-02-09 16:30:00,94,91,0.0,0.0,0.0,0.4245,optimal
2021-02-09 17:00:00,94,91,0.0,0.0,0.0,0.18030000000000002,optimal
2021-02-09 17:30:00,94,91,0.0,0.0,0.0,0.12976666666666667,optimal
2021-02-09 18:00:00,94,91,0.0,0.0,0.0,0.12686666666666666,optimal
2021-02-09 18:30:00,94,91,0.0,0.0,0.0,0.2522,optimal
2021-02-09 19:00:00,94,91,0.0,0.0,0.0,0.067,optimal
2021-02-09 19:30:00,94,91,0.0,0.0,0.0,0.26293333333333335,optimal
2021-02-09 20:00:00,94,91,0.0,0.0,0.0,0.0877,optimal
2021-02-09 20:30:00,94,91,0.0,0.0,0.0,0.1981,optimal
2021-02-09 21:00:00,94,91,0.0,0.0,0.0,0.14493333333333333,optimal
2021-02-09 21:30:00,94,91,0.0,0.0,0.0,0.3468,optimal
2021-02-09 22:00:00,94,91,1.1059085714285712,0.0,0.0,0.30706666666666665,optimal
2021-02-09 22:30:00,94,91,0.0,0.0,0.0,0.34883333333333333,optimal
2021-02-09 23:00:00,94,91,0.0,0.0,0.0,0.0837,optimal
2021-02-09 23:30:00,94,91,0.0,0.0,0.0,0.2543333333333333,optimal
2021-02-10 00:00:00,94,91,0.0,0.0,0.0,0.15533333333333335,optimal
2021-02-10 00:30:00,94,91,1.7914285714285714,0.0,0.0,0.17413333333333333,optimal
2021-02-10 01:00:00,94,91,0.0,0.0,0.0,0.07086666666666666,optimal
2021-02-10 01:30:00,94,91,0.0,0.0,0.0,0.3932333333333333,optimal
2021-02-10 02:00:00,94,91,1.065429554851162,0.0,0.0,0.12303333333333331,optimal
2021-02-10 02:30:00,94,91,2.2857142857142856,0.0,0.0,0.16643333333333335,optimal
2021-02-10 03:00:00,94,91,2.2857142857142856,0.0,0.0,0.3461666666666667,optimal
2021-02-10 03:30:00,94,91,2.2857142857142856,0.0,0.0,0.1501333333333333,optimal
2021-02-10 04:00:00,94,91,2.2857142857142856,0.0,0.0,0.19406666666666664,optimal
2021-02-10 04:30:00,94,91,2.2857142857142856,0.0,0.0,0.14813333333333334,optimal
2021-02-10 05:00:00,94,91,2.2857142857142856,0.0,0.0,0.22386666666666669,optimal
2021-02-10 05:30:00,94,91,2.2857142857142856,0.0,0.0,0.1812,optimal
2021-02-10 06:00:00,94,91,2.2857142857142856,0.0,0.0,0.2347333333333333,optimal
2021-02-10 06:30:00,94,91,2.2857142857142856,0.0,0.0,0.12426666666666668,optimal
2021-02-10 07:00:00,94,91,2.2857142857142856,0.0,0.0,0.458,optimal
2021-02-10 07:30:00,94,91,2.2857142857142856,0.0,0.0,0.5981000000000001,optimal
2021-02-10 08:00:00,94,91,1.057669900886541,0.0,0.0,0.6251333333333333,optimal
2021-02-10 08:30:00,94,91,1.123702508332212,0.0,0.0,0.3462,optimal
2021-02-10 09:00:00,94,91,0.9043545404137757,0.0,0.0,0.3665333333333334,optimal
2021-02-10 09:30:00,94,91,0.9031776240499328,0.0,0.0,0.3929666666666666,optimal
2021-02-10 10:00:00,94,91,0.3295533712585526,0.0,0.0,1.9285999999999999,optimal
2021-02-10 10:30:00,94,91,0.5955730649380322,0.0,0.0,0.503,optimal
2021-02-10 11:00:00,94,91,0.36558332891967127,0.0,0.0,1.6112,optimal
2021-02-10 11:30:00,94,91,0.1530739183567763,0.0,0.0,2.2229,optimal
2021-02-10 12:00:00,94,91,0.2461839700744782,0.0,0.0,0.38110000000000005,optimal
2021-02-10 12:30:00,94,91,0.21676873197922786,0.0,0.0,0.6049333333333333,optimal
2021-02-10 13:00:00,94,91,2.2381635835039084,0.0,0.0,0.7742,optimal
2021-02-10 13:30:00,94,91,0.5369719228322226,0.0,0.0,0.9933,optimal
2021-02-10 14:00:00,94,91,2.2857142857142856,0.0,0.0,1.7828666666666666,optimal
2021-02-10 14:30:00,94,91,2.2857142857142856,0.0,0.0,0.4445,optimal
2021-02-10 15:00:00,94,91,2.2857142857142856,0.0,0.0,0.3746333333333333,optimal
2021-02-10 15:30:00,94,91,2.2857142857142856,0.0,0.0,0.25726666666666664,optimal
2021-02-10 16:00:00,94,91,0.0,0.0,0.0,0.5336333333333333,optimal
2021-02-10 16:30:00,94,91,0.0,0.0,0.0,0.6643666666666667,optimal
2021-02-10 17:00:00,94,91,0.0,0.0,0.0,0.8269666666666667,optimal
2021-02-10 17:30:00,94,91,0.0,0.0,0.0,0.6229666666666667,optimal
2021-02-10 18:00:00,94,91,0.0,0.0,0.0,0.6563666666666667,optimal
2021-02-10 18:30:00,94,91,0.0,0.0,0.0,0.5516666666666666,optimal
2021-02-10 19:00:00,94,91,0.0,0.0,0.0,1.3567333333333331,optimal
2021-02-10 19:30:00,94,91,0.0,0.0,0.0,1.0663666666666665,optimal
2021-02-10 20:00:00,94,91,0.0,0.0,0.0,0.38326666666666664,optimal
2021-02-10 20:30:00,94,91,0.0,0.0,0.0,0.4366666666666667,optimal
2021-02-10 21:00:00,94,91,0.0,0.0,0.0,0.29233333333333333,optimal
2021-02-10 21:30:00,94,91,0.0,0.0,0.0,0.6614333333333333,optimal
2021-02-10 22:00:00,94,91,0.0,0.0,0.0,0.3375666666666667,optimal
2021-02-10 22:30:00,94,91,0.0,0.0,0.0,0.25103333333333333,optimal
2021-02-10 23:00:00,94,91,0.0,0.0,0.0,0.14266666666666666,optimal
2021-02-10 23:30:00,94,91,0.0,0.0,0.0,0.22893333333333332,optimal
2021-02-11 00:00:00,94,91,0.0,0.0,0.0,0.059,optimal
2021-02-11 00:30:00,94,91,1.194285714285714,0.0,0.0,0.059,optimal
2021-02-11 01:00:00,94,91,1.478345351001925,0.0,0.0,0.059,optimal
2021-02-11 01:30:00,94,91,2.2857142857142856,0.0,0.0,0.059,optimal
2021-02-11 02:00:00,94,91,2.2857142857142856,0.0,0.0,0.059,optimal
2021-02-11 02:30:00,94,91,2.2857142857142856,0.0,0.0,0.059,optimal
2021-02-11 03:00:00,94,91,2.2857142857142856,0.0,0.0,0.059,optimal
2021-02-11 03:30:00,94,91,2.2857142857142856,0.0,0.0,0.059,optimal
2021-02-11 04:00:00,94,91,2.2857142857142856,0.0,0.0,0.059,optimal
2021-02-11 04:30:00,94,91,2.2857142857142856,0.0,0.0,0.059,optimal
2021-02-11 05:00:00,94,91,2.2857142857142856,0.0,0.0,0.059,optimal
2021-02-11 05:30:00,94,91,2.2857142857142856,0.0,0.0,0.059,optimal
2021-02-11 06:00:00,94,91,2.2857142857142856,0.0,3.474213004126999,0.057,optimal
2021-02-11 06:30:00,94,91,2.2857142857142856,0.0,10.0,0.057,optimal
2021-02-11 07:00:00,94,91,2.2857142857142856,0.0,10.0,0.06633333333333333,optimal
2021-02-11 07:30:00,94,91,2.2857142857142856,0.0,0.0,0.09113333333333334,optimal
2021-02-11 08:00:00,94,91,1.5244784798923379,0.0,0.0,0.069,optimal
2021-02-11 08:30:00,94,91,1.5347825957366548,0.0,0.0,0.069,optimal
2021-02-11 09:00:00,94,91,1.333946588808153,0.0,0.0,0.07826666666666666,optimal
2021-02-11 09:30:00,94,91,1.2448679811873298,0.0,0.0,0.069,optimal
2021-02-11 10:00:00,94,91,0.7245250639679335,0.0,0.0,0.067,optimal
2021-02-11 10:30:00,94,91,0.7483224797261384,0.0,0.0,0.15463333333333332,optimal
2021-02-11 11:00:00,94,91,0.4899204610096494,0.0,0.0,0.306,optimal
2021-02-11 11:30:00,94,91,0.4446551198833078,0.0,0.0,0.3132,optimal
2021-02-11 12:00:00,94,91,0.1223658464603309,0.0,0.0,1.7552999999999999,optimal
2021-02-11 12:30:00,94,91,0.32581182065876096,0.0,0.0,0.141,optimal
2021-02-11 13:00:00,94,91,2.2857142857142856,0.0,0.0,0.23483333333333328,optimal
2021-02-11 13:30:00,94,91,2.2857142857142856,0.0,0.0,0.2102,optimal
2021-02-11 14:00:00,94,91,2.2857142857142856,0.0,0.0,0.3443,optimal
2021-02-11 14:30:00,94,91,2.2857142857142856,0.0,0.0,0.185,optimal
2021-02-11 15:00:00,94,91,2.2857142857142856,0.0,0.0,0.1621,optimal
2021-02-11 15:30:00,94,91,2.2857142857142856,0.0,0.0,0.9897,optimal
2021-02-11 16:00:00,94,91,0.0,0.0,0.0,2.795,optimal
2021-02-11 16:30:00,94,91,0.0,0.0,0.0,2.0310666666666664,optimal
2021-02-11 17:00:00,94,91,0.0,0.0,0.0,0.067,optimal
2021-02-11 17:30:00,94,91,0.0,0.0,0.0,0.10053333333333332,optimal
2021-02-11 18:00:00,94,91,0.0,0.0,0.0,0.20086666666666667,optimal
2021-02-11 18:30:00,94,91,0.0,0.0,0.0,0.4245,optimal
2021-02-11 19:00:00,94,91,0.0,0.0,0.0,1.4398666666666666,optimal
2021-02-11 19:30:00,94,91,0.0,0.0,0.0,0.45813333333333334,optimal
2021-02-11 20:00:00,94,91,0.495803068709945,0.0,0.0,0.12953333333333333,optimal
2021-02-11 20:30:00,94,91,0.0,0.0,0.0,0.071,optimal
2021-02-11 21:00:00,94,91,0.0,0.0,0.0,0.096,optimal
2021-02-11 21:30:00,94,91,0.0,0.0,0.0,0.1438,optimal
2021-02-11 22:00:00,94,91,0.0,0.0,0.0,0.08506666666666667,optimal
2021-02-11 22:30:00,94,91,0.0,0.0,0.0,0.14243333333333333,optimal
2021-02-11 23:00:00,94,91,0.0,0.0,0.0,0.319,optimal
2021-02-11 23:30:00,94,91,0.0,0.0,0.0,0.336,optimal
2021-02-12 00:00:00,94,91,0.7797603192851411,0.0,0.0,0.065,optimal
2021-02-12 00:30:00,94,91,2.2857142857142856,0.0,0.0,0.1801333333333333,optimal
2021-02-12 01:00:00,94,91,2.2857142857142856,0.0,0.0,0.065,optimal
2021-02-12 01:30:00,94,91,2.2857142857142856,0.0,0.0,0.065,optimal
2021-02-12 02:00:00,94,91,2.2857142857142856,0.0,0.0,0.072,optimal
2021-02-12 02:30:00,94,91,2.2857142857142856,0.0,0.0,0.075,optimal
2021-02-12 03:00:00,94,91,2.2857142857142856,0.0,0.0,0.18313333333333331,optimal
2021-02-12 03:30:00,94,91,2.2857142857142856,0.0,0.0,0.065,optimal
2021-02-12 04:00:00,94,91,2.2857142857142856,0.0,0.0,0.20706666666666662,optimal
2021-02-12 04:30:00,94,91,2.2857142857142856,0.0,0.0,0.2479,optimal
2021-02-12 05:00:00,94,91,2.2857142857142856,0.0,0.0,0.22893333333333332,optimal
2021-02-12 05:30:00,94,91,2.2857142857142856,0.0,7.062456471982504,0.46636666666666665,optimal
2021-02-12 06:00:00,94,91,2.2857142857142856,0.0,0.0,0.38453333333333334,optimal
2021-02-12 06:30:00,94,91,2.2857142857142856,0.0,0.0,0.326,optimal
2021-02-12 07:00:00,94,91,2.2857142857142856,0.0,0.0,0.42073333333333335,optimal
2021-02-12 07:30:00,94,91,2.2857142857142856,0.0,0.0,0.206,optimal
2021-02-12 08:00:00,94,91,1.5183304542659204,0.0,0.0,0.31589999999999996,optimal
2021-02-12 08:30:00,94,91,1.5031359420583432,0.0,0.0,0.22043333333333331,optimal
2021-02-12 09:00:00,94,91,1.5005875399756783,0.0,0.0,0.18973333333333328,optimal
2021-02-12 09:30:00,94,91,1.1573462218780655,0.0,0.0,0.15163333333333331,optimal
2021-02-12 10:00:00,94,91,0.6433519379102541,0.0,0.0,0.8564666666666667,optimal
2021-02-12 10:30:00,94,91,0.5641771528015928,0.0,0.0,1.3622999999999998,optimal
2021-02-12 11:00:00,94,91,0.49954066070808134,0.0,0.0,0.278,optimal
2021-02-12 11:30:00,94,91,0.30871738399805865,0.0,0.0,0.4446666666666667,optimal
2021-02-12 12:00:00,94,91,0.17704301808880896,0.0,0.0,0.4874,optimal
2021-02-12 12:30:00,94,91,0.1756197413788084,0.0,0.0,0.4298666666666667,optimal
2021-02-12 13:00:00,94,91,1.1389657003695515,0.0,0.0,0.47886666666666666,optimal
2021-02-12 13:30:00,94,91,2.2857142857142856,0.0,0.0,0.31039999999999995,optimal
2021-02-12 14:00:00,94,91,2.2857142857142856,0.0,0.0,0.6482,optimal
2021-02-12 14:30:00,94,91,2.2857142857142856,0.0,0.0,0.367,optimal
2021-02-12 15:00:00,94,91,2.2857142857142856,0.0,0.0,0.3072,optimal
2021-02-12 15:30:00,94,91,2.2857142857142856,0.0,0.0,0.29656666666666665,optimal
2021-02-12 16:00:00,94,91,0.0,0.0,0.0,0.18786666666666668,optimal
2021-02-12 16:30:00,94,91,0.0,0.0,0.0,0.17880000000000001,optimal
2021-02-12 17:00:00,94,91,0.0,0.0,0.0,1.3666333333333334,optimal
2021-02-12 17:30:00,94,91,0.0,0.0,0.0,1.8215333333333332,optimal
2021-02-12 18:00:00,94,91,0.0,0.0,0.0,0.8415333333333334,optimal
2021-02-12 18:30:00,94,91,0.0,0.0,0.0,1.3749,optimal
2021-02-12 19:00:00,94,91,0.0,0.0,0.0,0.3383333333333333,optimal
2021-02-12 19:30:00,94,91,0.0,0.0,0.0,0.32656666666666667,optimal
2021-02-12 20:00:00,94,91,0.0,0.0,0.0,0.49276666666666663,optimal
2021-02-12 20:30:00,94,91,0.0,0.0,0.0,0.30156666666666665,optimal
2021-02-12 21:00:00,94,91,0.0,0.0,0.0,0.2873,optimal
2021-02-12 21:30:00,94,91,0.0,0.0,0.0,0.35383333333333333,optimal
2021-02-12 22:00:00,94,91,0.0,0.0,0.0,0.3821333333333333,optimal
2021-02-12 22:30:00,94,91,0.0,0.0,0.0,0.075,optimal
2021-02-12 23:00:00,94,91,0.0,0.0,0.0,0.1849,optimal
2021-02-12 23:30:00,94,91,0.0,0.0,0.0,0.07856666666666666,optimal
2021-02-13 00:00:00,94,91,0.0,0.0,0.0,0.064,optimal
2021-02-13 00:30:00,94,91,0.4578095238095238,0.0,0.0,0.064,optimal
2021-02-13 01:00:00,94,91,0.0,0.0,0.0,0.064,optimal
2021-02-13 01:30:00,94,91,0.0,0.0,0.0,0.064,optimal
2021-02-13 02:00:00,94,91,2.013629785216571,0.0,0.0,0.064,optimal
2021-02-13 02:30:00,94,91,2.2857142857142856,0.0,0.0,0.064,optimal
2021-02-13 03:00:00,94,91,2.2857142857142856,0.0,0.0,0.064,optimal
2021-02-13 03:30:00,94,91,2.2857142857142856,0.0,0.0,0.064,optimal
2021-02-13 04:00:00,94,91,2.2857142857142856,0.0,0.0,0.064,optimal
2021-02-13 04:30:00,94,91,2.2857142857142856,0.0,0.0,0.064,optimal
2021-02-13 05:00:00,94,91,2.2857142857142856,0.0,4.625175533426006,0.064,optimal
2021-02-13 05:30:00,94,91,2.2857142857142856,0.0,10.0,0.064,optimal
2021-02-13 06:00:00,94,91,2.2857142857142856,0.0,10.0,0.32913333333333333,optimal
2021-02-13 06:30:00,94,91,2.2857142857142856,0.0,10.0,1.1403666666666665,optimal
2021-02-13 07:00:00,94,91,2.2857142857142856,0.0,10.0,1.3049333333333335,optimal
2021-02-13 07:30:00,94,91,2.2857142857142856,0.0,0.0,0.074,optimal
2021-02-13 08:00:00,94,91,1.4332904282892178,0.0,0.0,0.074,optimal
2021-02-13 08:30:00,94,91,1.4298557230077789,0.0,0.0,0.074,optimal
2021-02-13 09:00:00,94,91,1.2758065904168867,0.0,0.0,0.074,optimal
2021-02-13 09:30:00,94,91,1.2586330640096925,0.0,0.0,0.074,optimal
2021-02-13 10:00:00,94,91,0.9848571799642006,0.0,0.0,0.074,optimal
2021-02-13 10:30:00,94,91,0.9814224746827619,0.0,0.0,0.074,optimal
2021-02-13 11:00:00,94,91,0.6767589147824621,0.0,0.0,0.074,optimal
2021-02-13 11:30:00,94,91,0.6733242095010231,0.0,0.0,0.074,optimal
2021-02-13 12:00:00,94,91,0.5471666375230004,0.0,0.0,0.074,optimal
2021-02-13 12:30:00,94,91,0.5402972269601226,0.0,0.0,0.074,optimal
2021-02-13 13:00:00,94,91,2.2857142857142856,0.0,0.0,0.074,optimal
2021-02-13 13:30:00,94,91,2.2857142857142856,0.0,0.0,0.074,optimal
2021-02-13 14:00:00,94,91,2.2857142857142856,0.0,0.0,0.074,optimal
2021-02-13 14:30:00,94,91,2.2857142857142856,0.0,0.0,0.074,optimal
2021-02-13 15:00:00,94,91,2.2857142857142856,0.0,0.0,0.074,optimal
2021-02-13 15:30:00,94,91,2.2857142857142856,0.0,0.0,0.074,optimal
2021-02-13 16:00:00,94,91,0.0,0.0,0.0,0.074,optimal
2021-02-13 16:30:00,94,91,0.0,0.0,0.0,0.074,optimal
2021-02-13 17:00:00,94,91,0.0,0.0,0.0,0.16733333333333333,optimal
2021-02-13 17:30:00,94,91,0.0,0.0,0.0,1.5932,optimal
2021-02-13 18:00:00,94,91,0.0,0.0,0.0,1.3292666666666668,optimal
2021-02-13 18:30:00,94,91,0.0,0.0,0.0,1.1614,optimal
2021-02-13 19:00:00,94,91,0.0,0.0,0.0,0.3463,optimal
2021-02-13 19:30:00,94,91,0.5501215103166835,0.0,0.0,1.0410333333333333,optimal
2021-02-13 20:00:00,94,91,1.0980234511043534,0.0,0.0,1.4963666666666666,optimal
2021-02-13 20:30:00,94,91,0.0,0.0,0.0,0.8239,optimal
2021-02-13 21:00:00,94,91,0.0,0.0,0.0,1.4494666666666667,optimal
2021-02-13 21:30:00,94,91,0.0,0.0,0.0,2.8262666666666667,optimal
2021-02-13 22:00:00,94,91,0.0,0.0,0.0,0.19776666666666667,optimal
2021-02-13 22:30:00,94,91,0.0,0.0,0.0,0.074,optimal
2021-02-13 23:00:00,94,91,0.0,0.0,0.0,0.074,optimal
2021-02-13 23:30:00,94,91,0.0,0.0,0.0,0.07333333333333333,optimal
2021-02-07 00:00:00,95,91,0.0,0.0,0.0,0.0772,optimal
2021-02-07 00:30:00,95,91,0.0,0.0,0.0,0.1802666666666667,optimal
2021-02-07 01:00:00,95,91,0.0,0.0,0.0,0.1658,optimal
2021-02-07 01:30:00,95,91,0.0,0.0,0.0,0.1419,optimal
2021-02-07 02:00:00,95,91,0.0,0.0,0.0,0.11496666666666669,optimal
2021-02-07 02:30:00,95,91,0.0,0.0,0.0,0.2378,optimal
2021-02-07 03:00:00,95,91,0.0,0.0,0.0,0.1318666666666667,optimal
2021-02-07 03:30:00,95,91,0.0,0.0,0.0,0.0989,optimal
2021-02-07 04:00:00,95,91,2.2857142857142856,0.0,0.0,0.17,optimal
2021-02-07 04:30:00,95,91,2.2857142857142856,0.0,0.0,0.08116666666666666,optimal
2021-02-07 05:00:00,95,91,2.2857142857142856,0.0,0.0,0.104,optimal
2021-02-07 05:30:00,95,91,2.2857142857142856,0.0,0.0,0.1585,optimal
2021-02-07 06:00:00,95,91,2.2857142857142856,0.0,0.0,0.16016666666666665,optimal
2021-02-07 06:30:00,95,91,2.2857142857142856,0.0,0.0,0.08123333333333334,optimal
2021-02-07 07:00:00,95,91,2.2857142857142856,0.0,2.2154311931077144,0.19936666666666666,optimal
2021-02-07 07:30:00,95,91,0.0,0.0,0.0,0.14206666666666667,optimal
2021-02-07 08:00:00,95,91,0.0,0.0,0.0,0.12440000000000001,optimal
2021-02-07 08:30:00,95,91,0.0,0.0,0.0,0.16716666666666666,optimal
2021-02-07 09:00:00,95,91,0.0,0.0,0.0,0.14036666666666667,optimal
2021-02-07 09:30:00,95,91,0.4844314405968598,0.0,0.0,1.4245,optimal
2021-02-07 10:00:00,95,91,0.8563235848647045,0.0,0.0,0.47856666666666664,optimal
2021-02-07 10:30:00,95,91,0.9483225192371021,0.0,0.0,0.2112,optimal
2021-02-07 11:00:00,95,91,0.8640306849601165,0.0,0.0,0.14853333333333332,optimal
2021-02-07 11:30:00,95,91,0.8068878278172684,0.0,0.0,0.3517333333333333,optimal
2021-02-07 12:00:00,95,91,0.726714984719881,0.0,0.0,0.231,optimal
2021-02-07 12:30:00,95,91,0.6046902228151273,0.0,0.0,0.3685,optimal
2021-02-07 13:00:00,95,91,0.7939468929017045,0.0,0.0,0.4952,optimal
2021-02-07 13:30:00,95,91,2.2857142857142856,0.0,0.0,0.3486,optimal
2021-02-07 14:00:00,95,91,2.2857142857142856,0.0,0.0,0.31339999999999996,optimal
2021-02-07 14:30:00,95,91,2.2857142857142856,0.0,0.0,0.495,optimal
2021-02-07 15:00:00,95,91,2.2857142857142856,0.0,0.0,0.26489999999999997,optimal
2021-02-07 15:30:00,95,91,2.2857142857142856,0.0,0.0,0.2986333333333333,optimal
2021-02-07 16:00:00,95,91,0.0,0.0,0.0,0.2611,optimal
2021-02-07 16:30:00,95,91,0.0,0.0,0.0,0.3153,optimal
2021-02-07 17:00:00,95,91,0.0,0.0,0.0,3.1503666666666668,optimal
2021-02-07 17:30:00,95,91,0.0,0.0,0.0,2.9533666666666667,optimal
2021-02-07 18:00:00,95,91,0.0,0.0,0.0,2.1423666666666668,optimal
2021-02-07 18:30:00,95,91,0.0,0.0,0.0,0.19246666666666667,optimal
2021-02-07 19:00:00,95,91,0.0,0.0,0.0,0.29719999999999996,optimal
2021-02-07 19:30:00,95,91,0.0,0.0,0.0,0.1266,optimal
2021-02-07 20:00:00,95,91,0.0,0.0,0.0,0.26839999999999997,optimal
2021-02-07 20:30:00,95,91,0.0,0.0,0.0,0.2092,optimal
2021-02-07 21:00:00,95,91,0.0,0.0,0.0,0.6687333333333334,optimal
2021-02-07 21:30:00,95,91,0.0,0.0,0.0,0.21380000000000002,optimal
2021-02-07 22:00:00,95,91,0.0,0.0,0.0,1.1841666666666668,optimal
2021-02-07 22:30:00,95,91,0.0,0.0,0.0,0.5630333333333333,optimal
2021-02-07 23:00:00,95,91,0.0,0.0,0.0,0.6781666666666666,optimal
2021-02-07 23:30:00,95,91,0.0,0.0,0.0,0.1903333333333333,optimal
2021-02-08 00:00:00,95,91,0.09952380952380951,0.0,0.0,0.1097,optimal
2021-02-08 00:30:00,95,91,0.0,0.0,0.0,0.25730000000000003,optimal
2021-02-08 01:00:00,95,91,0.0,0.0,0.0,0.22056666666666663,optimal
2021-02-08 01:30:00,95,91,0.0,0.0,0.0,0.20083333333333328,optimal
2021-02-08 02:00:00,95,91,0.0,0.0,0.0,0.1633,optimal
2021-02-08 02:30:00,95,91,0.17505449603357487,0.0,0.0,0.3794333333333333,optimal
2021-02-08 03:00:00,95,91,2.2857142857142856,0.0,0.0,0.26573333333333327,optimal
2021-02-08 03:30:00,95,91,2.2857142857142856,0.0,0.0,0.059,optimal
2021-02-08 04:00:00,95,91,2.2857142857142856,0.0,0.0,0.06366666666666666,optimal
2021-02-08 04:30:00,95,91,2.2857142857142856,0.0,0.0,0.2830666666666667,optimal
2021-02-08 05:00:00,95,91,2.2857142857142856,0.0,0.0,0.059,optimal
2021-02-08 05:30:00,95,91,2.2857142857142856,0.0,0.0,0.19963333333333333,optimal
2021-02-08 06:00:00,95,91,2.2857142857142856,0.0,0.0,0.18009999999999998,optimal
2021-02-08 06:30:00,95,91,2.2857142857142856,0.0,6.999909346242996,0.3411,optimal
2021-02-08 07:00:00,95,91,2.2857142857142856,0.0,0.0,0.4079,optimal
2021-02-08 07:30:00,95,91,2.2857142857142856,0.0,0.0,0.10993333333333334,optimal
2021-02-08 08:00:00,95,91,1.2470614815351686,0.0,0.0,0.15186666666666668,optimal
2021-02-08 08:30:00,95,91,1.2576451778123232,0.0,0.0,0.24186666666666667,optimal
2021-02-08 09:00:00,95,91,1.177304404358543,0.0,0.0,0.059,optimal
2021-02-08 09:30:00,95,91,1.1529050504189722,0.0,0.0,0.10966666666666669,optimal
2021-02-08 10:00:00,95,91,0.8878576057330763,0.0,0.0,0.2287333333333333,optimal
2021-02-08 10:30:00,95,91,0.9466569596726341,0.0,0.0,0.059,optimal
2021-02-08 11:00:00,95,91,0.6729028951507103,0.0,0.0,0.14533333333333334,optimal
2021-02-08 11:30:00,95,91,0.6907001512545047,0.0,0.0,0.06366666666666666,optimal
2021-02-08 12:00:00,95,91,0.5650214053905123,0.0,0.0,0.19473333333333329,optimal
2021-02-08 12:30:00,95,91,0.5645397271219079,0.0,0.0,0.14533333333333334,optimal
2021-02-08 13:00:00,95,91,2.2857142857142856,0.0,0.0,0.059,optimal
2021-02-08 13:30:00,95,91,2.2857142857142856,0.0,0.0,0.2189333333333333,optimal
2021-02-08 14:00:00,95,91,2.2857142857142856,0.0,0.0,0.0952,optimal
2021-02-08 14:30:00,95,91,2.2857142857142856,0.0,0.0,0.18619999999999998,optimal
2021-02-08 15:00:00,95,91,2.2857142857142856,0.0,0.0,0.16086666666666669,optimal
2021-02-08 15:30:00,95,91,2.2857142857142856,0.0,0.0,0.0945,optimal
2021-02-08 16:00:00,95,91,0.0,0.0,0.0,0.2489,optimal
2021-02-08 16:30:00,95,91,0.0,0.0,0.0,0.059,optimal
2021-02-08 17:00:00,95,91,0.0,0.0,0.0,0.19493333333333332,optimal
2021-02-08 17:30:00,95,91,0.0,0.0,0.0,0.15480000000000002,optimal
2021-02-08 18:00:00,95,91,0.0,0.0,0.0,0.07876666666666667,optimal
2021-02-08 18:30:00,95,91,0.0,0.0,0.0,0.24763333333333332,optimal
2021-02-08 19:00:00,95,91,0.0,0.0,0.0,0.2051,optimal
2021-02-08 19:30:00,95,91,0.2716041154039238,0.0,0.0,0.20406666666666665,optimal
2021-02-08 20:00:00,95,91,1.3190167380298896,0.0,0.0,0.133,optimal
2021-02-08 20:30:00,95,91,0.0,0.0,0.0,0.16156666666666666,optimal
2021-02-08 21:00:00,95,91,0.0,0.0,0.0,0.1755,optimal
2021-02-08 21:30:00,95,91,0.0,0.0,0.0,0.05966666666666666,optimal
2021-02-08 22:00:00,95,91,0.0,0.0,0.0,0.2017333333333333,optimal
2021-02-08 22:30:00,95,91,0.0,0.0,0.0,0.15533333333333335,optimal
2021-02-08 23:00:00,95,91,0.0,0.0,0.0,0.07503333333333333,optimal
2021-02-08 23:30:00,95,91,0.0,0.0,0.0,0.2327,optimal
2021-02-09 00:00:00,95,91,0.07961904761904762,0.0,0.0,0.212,optimal
2021-02-09 00:30:00,95,91,0.0,0.0,0.0,0.3293333333333333,optimal
2021-02-09 01:00:00,95,91,0.0,0.0,0.0,0.3206,optimal
2021-02-09 01:30:00,95,91,0.0,0.0,0.0,0.11506666666666666,optimal
2021-02-09 02:00:00,95,91,1.286454520246963,0.0,0.0,0.108,optimal
2021-02-09 02:30:00,95,91,2.2857142857142856,0.0,0.0,0.19686666666666666,optimal
2021-02-09 03:00:00,95,91,2.2857142857142856,0.0,0.0,0.214,optimal
2021-02-09 03:30:00,95,91,2.2857142857142856,0.0,0.0,0.055,optimal
2021-02-09 04:00:00,95,91,2.2857142857142856,0.0,0.0,0.09209999999999999,optimal
2021-02-09 04:30:00,95,91,2.2857142857142856,0.0,0.0,0.1875,optimal
2021-02-09 05:00:00,95,91,2.2857142857142856,0.0,0.0,0.055,optimal
2021-02-09 05:30:00,95,91,2.2857142857142856,0.0,0.0,0.24280000000000002,optimal
2021-02-09 06:00:00,95,91,2.2857142857142856,0.0,0.0,0.16806666666666667,optimal
2021-02-09 06:30:00,95,91,2.2857142857142856,0.0,0.0,0.15643333333333334,optimal
2021-02-09 07:00:00,95,91,2.2857142857142856,0.0,8.950688469668828,0.2531,optimal
2021-02-09 07:30:00,95,91,2.2857142857142856,0.0,0.0,0.4401333333333333,optimal
2021-02-09 08:00:00,95,91,1.214800462315365,0.0,0.0,0.2627,optimal
2021-02-09 08:30:00,95,91,1.3236582512329331,0.0,0.0,0.1763,optimal
2021-02-09 09:00:00,95,91,1.1476608773446275,0.0,0.0,0.2486,optimal
2021-02-09 09:30:00,95,91,1.1626621694655142,0.0,0.0,0.12396666666666668,optimal
2021-02-09 10:00:00,95,91,0.8849238102272076,0.0,0.0,0.1551,optimal
2021-02-09 10:30:00,95,91,0.8705788552485656,0.0,0.0,0.1452,optimal
2021-02-09 11:00:00,95,91,0.5858101376594168,0.0,0.0,0.27153333333333335,optimal
2021-02-09 11:30:00,95,91,0.48729924190178675,0.0,0.0,0.37396666666666656,optimal
2021-02-09 12:00:00,95,91,0.3254649136371942,0.0,0.0,0.3455,optimal
2021-02-09 12:30:00,95,91,0.25937580939483884,0.0,0.0,0.4908333333333333,optimal
2021-02-09 13:00:00,95,91,0.9245381770634797,0.0,0.0,0.4884,optimal
2021-02-09 13:30:00,95,91,2.2857142857142856,0.0,0.0,0.5296000000000001,optimal
2021-02-09 14:00:00,95,91,2.2857142857142856,0.0,0.0,0.5399333333333333,optimal
2021-02-09 14:30:00,95,91,2.2857142857142856,0.0,0.0,0.4686,optimal
2021-02-09 15:00:00,95,91,2.2857142857142856,0.0,0.0,0.8416,optimal
2021-02-09 15:30:00,95,91,2.2857142857142856,0.0,0.0,0.9598,optimal
2021-02-09 16:00:00,95,91,0.0,0.0,0.0,0.4291666666666667,optimal
2021-02-09 16:30:00,95,91,0.0,0.0,0.0,0.5732999999999999,optimal
2021-02-09 17:00:00,95,91,0.0,0.0,0.0,0.47956666666666664,optimal
2021-02-09 17:30:00,95,91,0.0,0.0,0.0,1.1152,optimal
2021-02-09 18:00:00,95,91,0.0,0.0,0.0,0.2492666666666667,optimal
2021-02-09 18:30:00,95,91,0.0,0.0,0.0,0.2001,optimal
2021-02-09 19:00:00,95,91,0.0,0.0,0.0,0.2455,optimal
2021-02-09 19:30:00,95,91,0.0,0.0,0.0,0.42233333333333334,optimal
2021-02-09 20:00:00,95,91,0.0,0.0,0.0,0.3631333333333333,optimal
2021-02-09 20:30:00,95,91,0.0,0.0,0.0,0.2992666666666666,optimal
2021-02-09 21:00:00,95,91,0.0,0.0,0.0,0.6140666666666668,optimal
2021-02-09 21:30:00,95,91,0.0,0.0,0.0,0.5247,optimal
2021-02-09 22:00:00,95,91,0.737272380952381,0.0,0.0,0.5660666666666667,optimal
2021-02-09 22:30:00,95,91,0.4968228571428572,0.0,0.0,0.8402000000000001,optimal
2021-02-09 23:00:00,95,91,0.0,0.0,0.0,0.8769333333333332,optimal
2021-02-09 23:30:00,95,91,0.0,0.0,0.0,0.09446666666666668,optimal
2021-02-10 00:00:00,95,91,0.0,0.0,0.0,0.06633333333333333,optimal
2021-02-10 00:30:00,95,91,2.2857142857142856,0.0,0.0,0.069,optimal
2021-02-10 01:00:00,95,91,0.3218095238095238,0.0,0.0,0.064,optimal
2021-02-10 01:30:00,95,91,0.0,0.0,0.0,0.08933333333333333,optimal
2021-02-10 02:00:00,95,91,0.7510489798964222,0.0,0.0,0.09566666666666669,optimal
2021-02-10 02:30:00,95,91,2.2857142857142856,0.0,0.0,0.064,optimal
2021-02-10 03:00:00,95,91,2.2857142857142856,0.0,0.0,0.121,optimal
2021-02-10 03:30:00,95,91,2.2857142857142856,0.0,0.0,0.064,optimal
2021-02-10 04:00:00,95,91,2.2857142857142856,0.0,0.0,0.121,optimal
2021-02-10 04:30:00,95,91,2.2857142857142856,0.0,0.0,0.064,optimal
2021-02-10 05:00:00,95,91,2.2857142857142856,0.0,0.0,0.121,optimal
2021-02-10 05:30:00,95,91,2.2857142857142856,0.0,0.0,0.064,optimal
2021-02-10 06:00:00,95,91,2.2857142857142856,0.0,0.0,0.11466666666666668,optimal
2021-02-10 06:30:00,95,91,2.2857142857142856,0.0,0.2544031501926126,0.07266666666666667,optimal
2021-02-10 07:00:00,95,91,2.2857142857142856,0.0,10.0,0.1195,optimal
2021-02-10 07:30:00,95,91,2.2857142857142856,0.0,0.0,0.0715,optimal
2021-02-10 08:00:00,95,91,1.136012758029389,0.0,0.0,0.062,optimal
2021-02-10 08:30:00,95,91,1.0289501273798294,0.0,0.0,0.119,optimal
2021-02-10 09:00:00,95,91,0.8020840642233077,0.0,0.0,1.4889666666666668,optimal
2021-02-10 09:30:00,95,91,0.9891395288118211,0.0,0.0,0.1728,optimal
2021-02-10 10:00:00,95,91,0.5475914664966288,0.0,0.0,3.4677,optimal
2021-02-10 10:30:00,95,91,0.6946302077951675,0.0,0.0,2.263266666666667,optimal
2021-02-10 11:00:00,95,91,0.6031604717767957,0.0,0.0,0.7850666666666667,optimal
2021-02-10 11:30:00,95,91,0.5728853469282083,0.0,0.0,1.104266666666667,optimal
2021-02-10 12:00:00,95,91,0.3624506367411267,0.0,0.0,0.6724,optimal
2021-02-10 12:30:00,95,91,0.2738468272173188,0.0,0.0,1.5319,optimal
2021-02-10 13:00:00,95,91,2.2857142857142856,0.0,0.0,0.10786666666666667,optimal
2021-02-10 13:30:00,95,91,2.2857142857142856,0.0,0.0,0.074,optimal
2021-02-10 14:00:00,95,91,2.2857142857142856,0.0,0.0,0.112,optimal
2021-02-10 14:30:00,95,91,2.2857142857142856,0.0,0.0,0.093,optimal
2021-02-10 15:00:00,95,91,2.2857142857142856,0.0,0.0,0.074,optimal
2021-02-10 15:30:00,95,91,2.2857142857142856,0.0,0.0,0.074,optimal
2021-02-10 16:00:00,95,91,0.0,0.0,0.0,0.074,optimal
2021-02-10 16:30:00,95,91,0.0,0.0,0.0,0.1025,optimal
2021-02-10 17:00:00,95,91,0.0,0.0,0.0,0.17803333333333332,optimal
2021-02-10 17:30:00,95,91,0.0,0.0,0.0,1.4831333333333334,optimal
2021-02-10 18:00:00,95,91,0.0,0.0,0.0,1.9225666666666663,optimal
2021-02-10 18:30:00,95,91,0.0,0.0,0.0,0.28053333333333336,optimal
2021-02-10 19:00:00,95,91,0.0,0.0,0.0,0.22466666666666663,optimal
2021-02-10 19:30:00,95,91,0.0,0.0,0.0,0.38766666666666666,optimal
2021-02-10 20:00:00,95,91,1.145535572941288,0.0,0.0,0.33636666666666665,optimal
2021-02-10 20:30:00,95,91,0.0,0.0,0.0,0.3905,optimal
2021-02-10 21:00:00,95,91,0.0,0.0,0.0,0.4207666666666667,optimal
2021-02-10 21:30:00,95,91,0.0,0.0,0.0,0.346,optimal
2021-02-10 22:00:00,95,91,0.4578095238095238,0.0,0.0,0.27996666666666664,optimal
2021-02-10 22:30:00,95,91,0.0,0.0,0.0,0.42506666666666665,optimal
2021-02-10 23:00:00,95,91,0.0,0.0,0.0,2.108633333333333,optimal
2021-02-10 23:30:00,95,91,0.09952380952380951,0.0,0.0,0.2521,optimal
2021-02-11 00:00:00,95,91,0.0,0.0,0.0,0.063,optimal
2021-02-11 00:30:00,95,91,1.1942857142857142,0.0,0.0,0.17946666666666666,optimal
2021-02-11 01:00:00,95,91,0.7156221467908138,0.0,0.0,0.1884,optimal
2021-02-11 01:30:00,95,91,2.2857142857142856,0.0,0.0,0.063,optimal
2021-02-11 02:00:00,95,91,2.2857142857142856,0.0,0.0,0.2147,optimal
2021-02-11 02:30:00,95,91,2.2857142857142856,0.0,0.0,0.15316666666666665,optimal
2021-02-11 03:00:00,95,91,2.2857142857142856,0.0,0.0,0.063,optimal
2021-02-11 03:30:00,95,91,2.2857142857142856,0.0,0.0,0.14880000000000002,optimal
2021-02-11 04:00:00,95,91,2.2857142857142856,0.0,0.0,0.1562333333333333,optimal
2021-02-11 04:30:00,95,91,2.2857142857142856,0.0,0.0,0.16543333333333335,optimal
2021-02-11 05:00:00,95,91,2.2857142857142856,0.0,0.0,0.1686,optimal
2021-02-11 05:30:00,95,91,2.2857142857142856,0.0,2.6085407626371793,0.1355,optimal
2021-02-11 06:00:00,95,91,2.2857142857142856,0.0,10.0,0.3547333333333333,optimal
2021-02-11 06:30:00,95,91,2.2857142857142856,0.0,0.0,0.09683333333333331,optimal
2021-02-11 07:00:00,95,91,2.2857142857142856,0.0,0.0,1.4340333333333333,optimal
2021-02-11 07:30:00,95,91,2.2857142857142856,0.0,0.0,1.2655999999999998,optimal
2021-02-11 08:00:00,95,91,1.407621337035191,0.0,0.0,0.07533333333333334,optimal
2021-02-11 08:30:00,95,91,1.3108492624033203,0.0,0.0,0.5082666666666666,optimal
2021-02-11 09:00:00,95,91,1.24859420785578,0.0,0.0,0.095,optimal
2021-02-11 09:30:00,95,91,1.0822679811873364,0.0,0.0,0.30376666666666663,optimal
2021-02-11 10:00:00,95,91,0.609925063967926,0.0,0.0,0.5822666666666666,optimal
2021-02-11 10:30:00,95,91,0.7767700987737715,0.0,0.0,0.22290000000000001,optimal
2021-02-11 11:00:00,95,91,0.603244270533463,0.0,0.0,0.28186666666666665,optimal
2021-02-11 11:30:00,95,91,0.601971310359485,0.0,0.0,0.106,optimal
2021-02-11 12:00:00,95,91,0.3416153702698442,0.0,0.0,0.18286666666666668,optimal
2021-02-11 12:30:00,95,91,0.29064039208733206,0.0,0.0,0.205,optimal
2021-02-11 13:00:00,95,91,2.2857142857142856,0.0,0.0,0.1165,optimal
2021-02-11 13:30:00,95,91,2.285714285714285,0.0,0.0,0.21196666666666666,optimal
2021-02-11 14:00:00,95,91,2.2857142857142856,0.0,0.0,0.13240000000000002,optimal
2021-02-11 14:30:00,95,91,2.2857142857142856,0.0,0.0,1.5019,optimal
2021-02-11 15:00:00,95,91,2.2857142857142856,0.0,0.0,1.8911,optimal
2021-02-11 15:30:00,95,91,2.2857142857142856,0.0,0.0,0.40626666666666666,optimal
2021-02-11 16:00:00,95,91,0.0,0.0,0.0,0.073,optimal
2021-02-11 16:30:00,95,91,0.0,0.0,0.0,0.1522,optimal
2021-02-11 17:00:00,95,91,0.0,0.0,0.0,2.5984000000000003,optimal
2021-02-11 17:30:00,95,91,0.0,0.0,0.0,0.3783333333333333,optimal
2021-02-11 18:00:00,95,91,0.0,0.0,0.0,0.21109999999999998,optimal
2021-02-11 18:30:00,95,91,0.0,0.0,0.0,0.3522,optimal
2021-02-11 19:00:00,95,91,0.0,0.0,0.0,0.7294666666666667,optimal
2021-02-11 19:30:00,95,91,1.4145373357854856,0.0,0.0,2.3610666666666664,optimal
2021-02-11 20:00:00,95,91,1.5987802393361263,0.0,0.0,0.29086666666666666,optimal
2021-02-11 20:30:00,95,91,0.08461576096526657,0.0,0.0,2.794033333333333,optimal
2021-02-11 21:00:00,95,91,0.0,0.0,0.0,1.3961333333333334,optimal
2021-02-11 21:30:00,95,91,0.0,0.0,0.0,0.6268666666666667,optimal
2021-02-11 22:00:00,95,91,0.0,0.0,0.0,0.31553333333333333,optimal
2021-02-11 22:30:00,95,91,0.0,0.0,0.0,0.13240000000000002,optimal
2021-02-11 23:00:00,95,91,0.0,0.0,0.0,0.2554666666666667,optimal
2021-02-11 23:30:00,95,91,0.0,0.0,0.0,0.07166666666666667,optimal
2021-02-12 00:00:00,95,91,0.6662495460308612,0.0,0.0,0.06409999999999999,optimal
2021-02-12 00:30:00,95,91,2.2857142857142856,0.0,0.0,0.065,optimal
2021-02-12 01:00:00,95,91,2.2857142857142856,0.0,0.0,0.09366666666666669,optimal
2021-02-12 01:30:00,95,91,2.2857142857142856,0.0,0.0,0.37953333333333333,optimal
2021-02-12 02:00:00,95,91,2.2857142857142856,0.0,0.0,0.2276,optimal
2021-02-12 02:30:00,95,91,2.2857142857142856,0.0,0.0,0.3132,optimal
2021-02-12 03:00:00,95,91,2.2857142857142856,0.0,0.0,0.16319999999999998,optimal
2021-02-12 03:30:00,95,91,2.2857142857142856,0.0,0.0,0.057133333333333335,optimal
2021-02-12 04:00:00,95,91,2.2857142857142856,0.0,0.0,0.2807333333333333,optimal
2021-02-12 04:30:00,95,91,2.2857142857142856,0.0,0.0,0.1916,optimal
2021-02-12 05:00:00,95,91,2.2857142857142856,0.0,0.0,0.1416,optimal
2021-02-12 05:30:00,95,91,2.2857142857142856,0.0,0.0,0.5822999999999999,optimal
2021-02-12 06:00:00,95,91,2.2857142857142856,0.0,0.0,0.12830000000000003,optimal
2021-02-12 06:30:00,95,91,2.2857142857142856,0.0,2.2251565739551147,0.21136666666666667,optimal
2021-02-12 07:00:00,95,91,2.2857142857142856,0.0,10.0,0.12040000000000001,optimal
2021-02-12 07:30:00,95,91,2.2857142857142856,0.0,0.0,0.26680000000000004,optimal
2021-02-12 08:00:00,95,91,1.278029501884972,0.0,0.0,1.8128333333333333,optimal
2021-02-12 08:30:00,95,91,1.4331873706297857,0.0,0.0,1.6628666666666665,optimal
2021-02-12 09:00:00,95,91,1.4121494447375758,0.0,0.0,0.2113333333333333,optimal
2021-02-12 09:30:00,95,91,1.2807290790209291,0.0,0.0,0.15180000000000002,optimal
2021-02-12 10:00:00,95,91,0.8258147950531042,0.0,0.0,0.22876666666666667,optimal
2021-02-12 10:30:00,95,91,0.7691771528016089,0.0,0.0,0.3566666666666667,optimal
2021-02-12 11:00:00,95,91,0.5353597083271303,0.0,0.0,0.137,optimal
2021-02-12 11:30:00,95,91,0.5190297649504505,0.0,0.0,0.1821333333333333,optimal
2021-02-12 12:00:00,95,91,0.4153896847554714,0.0,0.0,0.17146666666666666,optimal
2021-02-12 12:30:00,95,91,0.43831688423595033,0.0,0.0,0.0792,optimal
2021-02-12 13:00:00,95,91,2.2857142857142856,0.0,0.0,0.09866666666666668,optimal
2021-02-12 13:30:00,95,91,2.2857142857142856,0.0,0.0,0.10633333333333331,optimal
2021-02-12 14:00:00,95,91,2.2857142857142856,0.0,0.0,0.14866666666666667,optimal
2021-02-12 14:30:00,95,91,2.2857142857142856,0.0,0.0,0.32506666666666667,optimal
2021-02-12 15:00:00,95,91,2.2857142857142856,0.0,0.0,0.13219999999999998,optimal
2021-02-12 15:30:00,95,91,2.2857142857142856,0.0,0.0,0.1607333333333333,optimal
2021-02-12 16:00:00,95,91,0.0,0.0,0.0,0.1512666666666667,optimal
2021-02-12 16:30:00,95,91,0.0,0.0,0.0,0.21066666666666664,optimal
2021-02-12 17:00:00,95,91,0.0,0.0,0.0,0.068,optimal
2021-02-12 17:30:00,95,91,0.0,0.0,0.0,0.13219999999999998,optimal
2021-02-12 18:00:00,95,91,0.0,0.0,0.0,0.2297333333333333,optimal
2021-02-12 18:30:00,95,91,0.0,0.0,0.0,0.068,optimal
2021-02-12 19:00:00,95,91,0.0,0.0,0.0,0.13933333333333334,optimal
2021-02-12 19:30:00,95,91,0.04890734459059984,0.0,0.0,0.1651,optimal
2021-02-12 20:00:00,95,91,1.371162498723399,0.0,0.0,0.15403333333333333,optimal
2021-02-12 20:30:00,95,91,0.0,0.0,0.0,0.19640000000000002,optimal
2021-02-12 21:00:00,95,91,0.0,0.0,0.0,0.1261,optimal
2021-02-12 21:30:00,95,91,0.0,0.0,0.0,0.36186666666666667,optimal
2021-02-12 22:00:00,95,91,0.0,0.0,0.0,0.1675,optimal
2021-02-12 22:30:00,95,91,0.0,0.0,0.0,0.0855,optimal
2021-02-12 23:00:00,95,91,0.0,0.0,0.0,0.31743333333333335,optimal
2021-02-12 23:30:00,95,91,0.0,0.0,0.0,0.3123666666666667,optimal
2021-02-13 00:00:00,95,91,0.0,0.0,0.0,0.062,optimal
2021-02-13 00:30:00,95,91,0.11942857142857143,0.0,0.0,0.146,optimal
2021-02-13 01:00:00,95,91,0.0,0.0,0.0,0.2008,optimal
2021-02-13 01:30:00,95,91,0.3806634983573591,0.0,0.0,0.124,optimal
2021-02-13 02:00:00,95,91,2.2857142857142856,0.0,0.0,0.2159,optimal
2021-02-13 02:30:00,95,91,2.2857142857142856,0.0,0.0,0.1999,optimal
2021-02-13 03:00:00,95,91,2.2857142857142856,0.0,0.0,0.118,optimal
2021-02-13 03:30:00,95,91,2.2857142857142856,0.0,0.0,0.146,optimal
2021-02-13 04:00:00,95,91,2.2857142857142856,0.0,0.0,0.118,optimal
2021-02-13 04:30:00,95,91,2.2857142857142856,0.0,0.0,0.055,optimal
2021-02-13 05:00:00,95,91,2.2857142857142856,0.0,0.0,0.1845,optimal
2021-02-13 05:30:00,95,91,2.2857142857142856,0.0,0.0,0.0795,optimal
2021-02-13 06:00:00,95,91,2.2857142857142856,0.0,0.0,0.21030000000000001,optimal
2021-02-13 06:30:00,95,91,2.2857142857142856,0.0,0.31775160365801985,0.2055,optimal
2021-02-13 07:00:00,95,91,2.2857142857142856,0.0,10.0,1.0709000000000002,optimal
2021-02-13 07:30:00,95,91,2.2857142857142856,0.0,0.0,0.09540000000000001,optimal
2021-02-13 08:00:00,95,91,1.397547571146353,0.0,0.0,0.188,optimal
2021-02-13 08:30:00,95,91,1.4063985801506171,0.0,0.0,0.152,optimal
2021-02-13 09:00:00,95,91,1.246978018988327,0.0,0.0,0.1738,optimal
2021-02-13 09:30:00,95,91,1.2423187782954235,0.0,0.0,0.125,optimal
2021-02-13 10:00:00,95,91,0.9693428942499331,0.0,0.0,0.1172,optimal
2021-02-13 10:30:00,95,91,0.914079617539903,0.0,0.0,0.29860000000000003,optimal
2021-02-13 11:00:00,95,91,0.6720160576395957,0.0,0.0,0.08916666666666667,optimal
2021-02-13 11:30:00,95,91,0.621209923786748,0.0,0.0,0.2503,optimal
2021-02-13 12:00:00,95,91,0.5382809232372857,0.0,0.0,0.094,optimal
2021-02-13 12:30:00,95,91,0.4981257983887109,0.0,0.0,0.2105,optimal
2021-02-13 13:00:00,95,91,2.2857142857142856,0.0,0.0,0.1753,optimal
2021-02-13 13:30:00,95,91,2.2857142857142856,0.0,0.0,0.116,optimal
2021-02-13 14:00:00,95,91,2.2857142857142856,0.0,0.0,0.1557666666666667,optimal
2021-02-13 14:30:00,95,91,2.2857142857142856,0.0,0.0,0.6112000000000001,optimal
2021-02-13 15:00:00,95,91,2.2857142857142856,0.0,0.0,0.6755,optimal
2021-02-13 15:30:00,95,91,2.2857142857142856,0.0,0.0,0.06283333333333334,optimal
2021-02-13 16:00:00,95,91,0.0,0.0,0.0,0.5059666666666666,optimal
2021-02-13 16:30:00,95,91,0.0,0.0,0.0,1.2755,optimal
2021-02-13 17:00:00,95,91,0.0,0.0,0.0,0.28833333333333333,optimal
2021-02-13 17:30:00,95,91,0.0,0.0,0.0,0.30689999999999995,optimal
2021-02-13 18:00:00,95,91,0.0,0.0,0.0,0.13406666666666667,optimal
2021-02-13 18:30:00,95,91,0.0,0.0,0.0,0.29553333333333337,optimal
2021-02-13 19:00:00,95,91,0.0,0.0,0.0,0.24346666666666666,optimal
2021-02-13 19:30:00,95,91,0.2724468505216103,0.0,0.0,0.33613333333333334,optimal
2021-02-13 20:00:00,95,91,1.0450863082472066,0.0,0.0,0.6532666666666667,optimal
2021-02-13 20:30:00,95,91,0.0,0.0,0.0,0.3343666666666667,optimal
2021-02-13 21:00:00,95,91,0.0,0.0,0.0,0.6768666666666667,optimal
2021-02-13 21:30:00,95,91,0.0,0.0,0.0,1.3844666666666667,optimal
2021-02-13 22:00:00,95,91,0.05971428571428571,0.0,0.0,1.9414,optimal
2021-02-13 22:30:00,95,91,0.0,0.0,0.0,0.6018,optimal
2021-02-13 23:00:00,95,91,0.0,0.0,0.0,0.219,optimal
2021-02-13 23:30:00,95,91,0.0,0.0,0.0,0.21680000000000002,optimal
2021-02-07 00:00:00,96,91,0.03980952380952381,0.0,0.0,0.25466666666666665,optimal
2021-02-07 00:30:00,96,91,0.0,0.0,0.0,0.1038,optimal
2021-02-07 01:00:00,96,91,0.0,0.0,0.0,0.10683333333333331,optimal
2021-02-07 01:30:00,96,91,0.0,0.0,0.0,0.26030000000000003,optimal
2021-02-07 02:00:00,96,91,0.0,0.0,0.0,0.074,optimal
2021-02-07 02:30:00,96,91,0.0,0.0,0.0,0.0851,optimal
2021-02-07 03:00:00,96,91,0.0,0.0,0.0,0.19190000000000002,optimal
2021-02-07 03:30:00,96,91,0.0,0.0,0.0,0.19003333333333333,optimal
2021-02-07 04:00:00,96,91,2.4285714285714284,0.0,0.0,0.12163333333333334,optimal
2021-02-07 04:30:00,96,91,2.4285714285714284,0.0,0.0,0.2529,optimal
2021-02-07 05:00:00,96,91,2.4285714285714284,0.0,0.0,0.10729999999999999,optimal
2021-02-07 05:30:00,96,91,2.4285714285714284,0.0,0.0,0.22653333333333334,optimal
2021-02-07 06:00:00,96,91,2.4285714285714284,0.0,0.0,0.1546,optimal
2021-02-07 06:30:00,96,91,2.4285714285714284,0.0,1.4055777348378222,0.9295333333333332,optimal
2021-02-07 07:00:00,96,91,2.4285714285714284,0.0,0.0,0.15583333333333335,optimal
2021-02-07 07:30:00,96,91,0.0,0.0,0.0,0.10729999999999999,optimal
2021-02-07 08:00:00,96,91,0.0,0.0,0.0,0.074,optimal
2021-02-07 08:30:00,96,91,0.0,0.0,0.0,0.074,optimal
2021-02-07 09:00:00,96,91,0.0,0.0,0.0,0.1406,optimal
2021-02-07 09:30:00,96,91,0.0,0.0,0.0,0.1988,optimal
2021-02-07 10:00:00,96,91,1.0104258157229182,0.0,0.0,0.10173333333333331,optimal
2021-02-07 10:30:00,96,91,1.0126177573323403,0.0,0.0,0.4854,optimal
2021-02-07 11:00:00,96,91,0.9222402087696557,0.0,0.0,0.09620000000000001,optimal
2021-02-07 11:30:00,96,91,0.8926592563886933,0.0,0.0,0.1997333333333333,optimal
2021-02-07 12:00:00,96,91,0.80427688948179,0.0,0.0,0.1674,optimal
2021-02-07 12:30:00,96,91,0.8309626037674935,0.0,0.0,0.074,optimal
2021-02-07 13:00:00,96,91,0.9809095831924951,0.0,0.0,0.13119999999999998,optimal
2021-02-07 13:30:00,96,91,2.4285714285714284,0.0,0.0,0.42286666666666667,optimal
2021-02-07 14:00:00,96,91,2.4285714285714284,0.0,0.0,0.3575,optimal
2021-02-07 14:30:00,96,91,2.4285714285714284,0.0,0.0,0.2231,optimal
2021-02-07 15:00:00,96,91,2.4285714285714284,0.0,0.0,0.3459,optimal
2021-02-07 15:30:00,96,91,2.4285714285714284,0.0,0.0,0.208,optimal
2021-02-07 16:00:00,96,91,0.0,0.0,0.0,0.5252,optimal
2021-02-07 16:30:00,96,91,0.0,0.0,0.0,0.229,optimal
2021-02-07 17:00:00,96,91,0.0,0.0,0.0,0.25976666666666665,optimal
2021-02-07 17:30:00,96,91,0.0,0.0,0.0,0.5146333333333333,optimal
2021-02-07 18:00:00,96,91,0.0,0.0,0.0,0.44723333333333337,optimal
2021-02-07 18:30:00,96,91,0.0,0.0,0.0,0.4126666666666667,optimal
2021-02-07 19:00:00,96,91,0.0,0.0,0.0,0.47786666666666666,optimal
2021-02-07 19:30:00,96,91,0.0,0.0,0.0,0.3297,optimal
2021-02-07 20:00:00,96,91,0.0,0.0,0.0,1.5905,optimal
2021-02-07 20:30:00,96,91,0.0,0.0,0.0,0.6807000000000001,optimal
2021-02-07 21:00:00,96,91,0.0,0.0,0.0,0.481,optimal
2021-02-07 21:30:00,96,91,0.0,0.0,0.0,0.6454666666666667,optimal
2021-02-07 22:00:00,96,91,0.0,0.0,0.0,0.49106666666666665,optimal
2021-02-07 22:30:00,96,91,0.0,0.0,0.0,0.464,optimal
2021-02-07 23:00:00,96,91,0.0,0.0,0.0,0.6583666666666667,optimal
2021-02-07 23:30:00,96,91,0.0,0.0,0.0,0.28426666666666667,optimal
2021-02-08 00:00:00,96,91,0.0,0.0,0.0,0.096,optimal
2021-02-08 00:30:00,96,91,1.4530476190476191,0.0,0.0,0.259,optimal
2021-02-08 01:00:00,96,91,0.0,0.0,0.0,0.072,optimal
2021-02-08 01:30:00,96,91,0.0,0.0,0.0,0.1368,optimal
2021-02-08 02:00:00,96,91,0.0,0.0,0.0,0.072,optimal
2021-02-08 02:30:00,96,91,0.0,0.0,0.0,0.072,optimal
2021-02-08 03:00:00,96,91,1.4927952614236288,0.0,0.0,0.1368,optimal
2021-02-08 03:30:00,96,91,2.4285714285714284,0.0,0.0,0.072,optimal
2021-02-08 04:00:00,96,91,2.4285714285714284,0.0,0.0,0.072,optimal
2021-02-08 04:30:00,96,91,2.4285714285714284,0.0,0.0,0.1368,optimal
2021-02-08 05:00:00,96,91,2.4285714285714284,0.0,0.0,0.072,optimal
2021-02-08 05:30:00,96,91,2.4285714285714284,0.0,0.0,0.072,optimal
2021-02-08 06:00:00,96,91,2.4285714285714284,0.0,0.0,0.2014,optimal
2021-02-08 06:30:00,96,91,2.4285714285714284,0.0,1.3588969449310633,0.4734,optimal
2021-02-08 07:00:00,96,91,2.4285714285714284,0.0,10.0,1.5038666666666665,optimal
2021-02-08 07:30:00,96,91,2.4285714285714284,0.0,0.0,1.7040333333333333,optimal
2021-02-08 08:00:00,96,91,1.170928148201838,0.0,0.0,0.18853333333333333,optimal
2021-02-08 08:30:00,96,91,1.2902927968599458,0.0,0.0,0.1368,optimal
2021-02-08 09:00:00,96,91,1.1762186900728122,0.0,0.0,0.072,optimal
2021-02-08 09:30:00,96,91,1.1659145742284958,0.0,0.0,0.072,optimal
2021-02-08 10:00:00,96,91,0.9167528438283201,0.0,0.0,0.1368,optimal
2021-02-08 10:30:00,96,91,0.9455712453869262,0.0,0.0,0.072,optimal
2021-02-08 11:00:00,96,91,0.6964838475316518,0.0,0.0,0.072,optimal
2021-02-08 11:30:00,96,91,0.6711001512545074,0.0,0.0,0.1368,optimal
2021-02-08 12:00:00,96,91,0.6018595006286278,0.0,0.0,0.072,optimal
2021-02-08 12:30:00,96,91,0.5881206795028722,0.0,0.0,0.072,optimal
2021-02-08 13:00:00,96,91,2.0431043365158588,0.0,0.0,0.1368,optimal
2021-02-08 13:30:00,96,91,2.4285714285714284,0.0,0.0,0.0756,optimal
2021-02-08 14:00:00,96,91,2.4285714285714284,0.0,0.0,0.13319999999999999,optimal
2021-02-08 14:30:00,96,91,2.4285714285714284,0.0,0.0,0.072,optimal
2021-02-08 15:00:00,96,91,2.4285714285714284,0.0,0.0,0.1368,optimal
2021-02-08 15:30:00,96,91,2.4285714285714284,0.0,0.0,0.072,optimal
2021-02-08 16:00:00,96,91,0.0,0.0,0.0,0.2396,optimal
2021-02-08 16:30:00,96,91,0.0,0.0,0.0,0.35553333333333337,optimal
2021-02-08 17:00:00,96,91,0.0,0.0,0.0,0.6301,optimal
2021-02-08 17:30:00,96,91,0.0,0.0,0.0,0.3841333333333333,optimal
2021-02-08 18:00:00,96,91,0.0,0.0,0.0,0.32176666666666665,optimal
2021-02-08 18:30:00,96,91,0.0,0.0,0.0,0.3238333333333333,optimal
2021-02-08 19:00:00,96,91,0.0,0.0,0.0,0.26680000000000004,optimal
2021-02-08 19:30:00,96,91,0.0,0.0,0.0,0.10026666666666668,optimal
2021-02-08 20:00:00,96,91,0.0,0.0,0.0,0.8435666666666667,optimal
2021-02-08 20:30:00,96,91,0.0,0.0,0.0,0.32153333333333334,optimal
2021-02-08 21:00:00,96,91,0.0,0.0,0.0,0.30846666666666667,optimal
2021-02-08 21:30:00,96,91,0.0,0.0,0.0,0.0964,optimal
2021-02-08 22:00:00,96,91,0.19904761904761903,0.0,0.0,0.15706666666666666,optimal
2021-02-08 22:30:00,96,91,0.0,0.0,0.0,0.6159,optimal
2021-02-08 23:00:00,96,91,0.0,0.0,0.0,0.4532,optimal
2021-02-08 23:30:00,96,91,0.0,0.0,0.0,0.45180000000000003,optimal
2021-02-09 00:00:00,96,91,0.0,0.0,0.0,0.048,optimal
2021-02-09 00:30:00,96,91,0.7961904761904761,0.0,0.0,0.048,optimal
2021-02-09 01:00:00,96,91,0.0,0.0,0.0,0.048,optimal
2021-02-09 01:30:00,96,91,0.0,0.0,0.0,0.1026,optimal
2021-02-09 02:00:00,96,91,0.0,0.0,0.0,0.19726666666666667,optimal
2021-02-09 02:30:00,96,91,1.21659734588763,0.0,0.0,0.09046666666666668,optimal
2021-02-09 03:00:00,96,91,2.4285714285714284,0.0,0.0,0.06620000000000001,optimal
2021-02-09 03:30:00,96,91,2.4285714285714284,0.0,0.0,0.17166666666666666,optimal
2021-02-09 04:00:00,96,91,2.4285714285714284,0.0,0.0,0.09786666666666666,optimal
2021-02-09 04:30:00,96,91,2.4285714285714284,0.0,0.0,0.1031,optimal
2021-02-09 05:00:00,96,91,2.4285714285714284,0.0,0.0,0.18863333333333332,optimal
2021-02-09 05:30:00,96,91,2.4285714285714284,0.0,0.0,0.053666666666666654,optimal
2021-02-09 06:00:00,96,91,2.4285714285714284,0.0,1.7967615562043637,0.2335,optimal
2021-02-09 06:30:00,96,91,2.4285714285714284,0.0,10.0,0.05423333333333333,optimal
2021-02-09 07:00:00,96,91,2.4285714285714284,0.0,10.0,0.048,optimal
2021-02-09 07:30:00,96,91,2.4285714285714284,0.0,0.0,0.1026,optimal
2021-02-09 08:00:00,96,91,1.2187623670772696,0.0,0.0,0.12796666666666667,optimal
2021-02-09 08:30:00,96,91,1.030018251232934,0.0,0.0,1.5054,optimal
2021-02-09 09:00:00,96,91,0.9438208773446188,0.0,0.0,0.2980333333333334,optimal
2021-02-09 09:30:00,96,91,0.9759288361321826,0.0,0.0,0.31676666666666664,optimal
2021-02-09 10:00:00,96,91,0.7481561911795828,0.0,0.0,0.20366666666666663,optimal
2021-02-09 10:30:00,96,91,0.6261274266771419,0.0,0.0,1.456,optimal
2021-02-09 11:00:00,96,91,0.34552442337371175,0.0,0.0,2.3285666666666667,optimal
2021-02-09 11:30:00,96,91,0.4481792419017808,0.0,0.0,1.2416666666666667,optimal
2021-02-09 12:00:00,96,91,0.32927443744671436,0.0,0.0,0.3741333333333333,optimal
2021-02-09 12:30:00,96,91,0.43879485701387616,0.0,0.0,0.05066666666666666,optimal
2021-02-09 13:00:00,96,91,1.9354480441039754,0.0,0.0,0.13423333333333332,optimal
2021-02-09 13:30:00,96,91,1.9137254014121792,0.0,0.0,0.1674,optimal
2021-02-09 14:00:00,96,91,2.4285714285714284,0.0,0.0,0.13923333333333332,optimal
2021-02-09 14:30:00,96,91,2.4285714285714284,0.0,0.0,0.20753333333333332,optimal
2021-02-09 15:00:00,96,91,2.4285714285714284,0.0,0.0,0.052,optimal
2021-02-09 15:30:00,96,91,2.4285714285714284,0.0,0.0,0.15633333333333335,optimal
2021-02-09 16:00:00,96,91,0.0,0.0,0.0,0.2786666666666667,optimal
2021-02-09 16:30:00,96,91,0.0,0.0,0.0,0.173,optimal
2021-02-09 17:00:00,96,91,0.0,0.0,0.0,1.2102,optimal
2021-02-09 17:30:00,96,91,0.0,0.0,0.0,0.4816666666666667,optimal
2021-02-09 18:00:00,96,91,0.0,0.0,0.0,0.18946666666666667,optimal
2021-02-09 18:30:00,96,91,0.0,0.0,0.0,0.3454333333333333,optimal
2021-02-09 19:00:00,96,91,0.0,0.0,0.0,0.24563333333333331,optimal
2021-02-09 19:30:00,96,91,0.0,0.0,0.0,0.23676666666666668,optimal
2021-02-09 20:00:00,96,91,0.0,0.0,0.0,0.2911,optimal
2021-02-09 20:30:00,96,91,0.0,0.0,0.0,0.14253333333333335,optimal
2021-02-09 21:00:00,96,91,0.0,0.0,0.0,0.13046666666666668,optimal
2021-02-09 21:30:00,96,91,0.0,0.0,0.0,0.31603333333333333,optimal
2021-02-09 22:00:00,96,91,0.0,0.0,0.0,0.23336666666666667,optimal
2021-02-09 22:30:00,96,91,0.0,0.0,0.0,0.2475,optimal
2021-02-09 23:00:00,96,91,0.0,0.0,0.0,0.4710666666666667,optimal
2021-02-09 23:30:00,96,91,0.0,0.0,0.0,0.05766666666666666,optimal
2021-02-10 00:00:00,96,91,0.0,0.0,0.0,0.058,optimal
2021-02-10 00:30:00,96,91,0.4777142857142857,0.0,0.0,0.2393,optimal
2021-02-10 01:00:00,96,91,0.0,0.0,0.0,0.0755,optimal
2021-02-10 01:30:00,96,91,0.0,0.0,0.0,0.08133333333333333,optimal
2021-02-10 02:00:00,96,91,0.0,0.0,0.0,0.18653333333333333,optimal
2021-02-10 02:30:00,96,91,2.0034385502964214,0.0,0.0,0.10493333333333334,optimal
2021-02-10 03:00:00,96,91,2.4285714285714284,0.0,0.0,0.058,optimal
2021-02-10 03:30:00,96,91,2.4285714285714284,0.0,0.0,0.14013333333333333,optimal
2021-02-10 04:00:00,96,91,2.4285714285714284,0.0,0.0,0.17466666666666666,optimal
2021-02-10 04:30:00,96,91,2.4285714285714284,0.0,0.0,0.06386666666666667,optimal
2021-02-10 05:00:00,96,91,2.4285714285714284,0.0,0.0,0.1867666666666667,optimal
2021-02-10 05:30:00,96,91,2.4285714285714284,0.0,0.0,0.12216666666666669,optimal
2021-02-10 06:00:00,96,91,2.4285714285714284,0.0,0.0,0.14013333333333333,optimal
2021-02-10 06:30:00,96,91,2.4285714285714284,0.0,7.011694040636156,0.17466666666666666,optimal
2021-02-10 07:00:00,96,91,2.4285714285714284,0.0,10.0,0.058333333333333334,optimal
2021-02-10 07:30:00,96,91,2.4285714285714284,0.0,0.0,0.07186666666666666,optimal
2021-02-10 08:00:00,96,91,1.3201460913627336,0.0,0.0,0.13426666666666667,optimal
2021-02-10 08:30:00,96,91,1.3015310797607893,0.0,0.0,0.15133333333333335,optimal
2021-02-10 09:00:00,96,91,1.105468826128068,0.0,0.0,0.07933333333333333,optimal
2021-02-10 09:30:00,96,91,1.0578157192880155,0.0,0.0,0.17896666666666666,optimal
2021-02-10 10:00:00,96,91,0.7972676569728235,0.0,0.0,0.13183333333333333,optimal
2021-02-10 10:30:00,96,91,0.6396206839856561,0.0,0.0,0.7735333333333333,optimal
2021-02-10 11:00:00,96,91,0.5603642813006144,0.0,0.0,0.4043333333333333,optimal
2021-02-10 11:30:00,96,91,0.6007329659758233,0.0,0.0,0.2543333333333333,optimal
2021-02-10 12:00:00,96,91,0.3454411129316195,0.0,0.0,0.3158,optimal
2021-02-10 12:30:00,96,91,0.21834016055067113,0.0,0.0,1.2560666666666667,optimal
2021-02-10 13:00:00,96,91,2.4285714285714284,0.0,0.0,0.9087333333333333,optimal
2021-02-10 13:30:00,96,91,2.4285714285714284,0.0,0.0,0.399,optimal
2021-02-10 14:00:00,96,91,2.4285714285714284,0.0,0.0,0.14013333333333333,optimal
2021-02-10 14:30:00,96,91,2.4285714285714284,0.0,0.0,0.058,optimal
2021-02-10 15:00:00,96,91,2.4285714285714284,0.0,0.0,0.17466666666666666,optimal
2021-02-10 15:30:00,96,91,2.4285714285714284,0.0,0.0,0.14013333333333333,optimal
2021-02-10 16:00:00,96,91,0.0,0.0,0.0,0.0755,optimal
2021-02-10 16:30:00,96,91,0.0,0.0,0.0,0.1982333333333333,optimal
2021-02-10 17:00:00,96,91,0.0,0.0,0.0,0.09906666666666666,optimal
2021-02-10 17:30:00,96,91,0.0,0.0,0.0,0.12216666666666669,optimal
2021-02-10 18:00:00,96,91,0.0,0.0,0.0,0.1695,optimal
2021-02-10 18:30:00,96,91,0.0,0.0,0.0,0.09146666666666668,optimal
2021-02-10 19:00:00,96,91,0.0,0.0,0.0,0.167,optimal
2021-02-10 19:30:00,96,91,0.0,0.0,0.0,0.15313333333333332,optimal
2021-02-10 20:00:00,96,91,0.4752662948806009,0.0,0.0,0.138,optimal
2021-02-10 20:30:00,96,91,0.0,0.0,0.0,0.11466666666666668,optimal
2021-02-10 21:00:00,96,91,0.0,0.0,0.0,0.1501333333333333,optimal
2021-02-10 21:30:00,96,91,0.0,0.0,0.0,0.173,optimal
2021-02-10 22:00:00,96,91,0.0796190476190476,0.0,0.0,0.07966666666666668,optimal
2021-02-10 22:30:00,96,91,0.0,0.0,0.0,0.13243333333333335,optimal
2021-02-10 23:00:00,96,91,0.0,0.0,0.0,0.3535,optimal
2021-02-10 23:30:00,96,91,0.0,0.0,0.0,0.2149,optimal
2021-02-11 00:00:00,96,91,0.0,0.0,0.0,0.048,optimal
2021-02-11 00:30:00,96,91,1.8909523809523805,0.0,0.0,0.1746,optimal
2021-02-11 01:00:00,96,91,0.004883052773236601,0.0,0.0,0.24986666666666668,optimal
2021-02-11 01:30:00,96,91,2.4285714285714284,0.0,0.0,0.1381,optimal
2021-02-11 02:00:00,96,91,2.4285714285714284,0.0,0.0,0.1353,optimal
2021-02-11 02:30:00,96,91,2.4285714285714284,0.0,0.0,0.19906666666666664,optimal
2021-02-11 03:00:00,96,91,2.4285714285714284,0.0,0.0,0.1778,optimal
2021-02-11 03:30:00,96,91,2.4285714285714284,0.0,0.0,0.19173333333333328,optimal
2021-02-11 04:00:00,96,91,2.4285714285714284,0.0,0.0,0.13466666666666666,optimal
2021-02-11 04:30:00,96,91,2.4285714285714284,0.0,0.0,0.13536666666666666,optimal
2021-02-11 05:00:00,96,91,2.4285714285714284,0.0,0.0,0.24209999999999998,optimal
2021-02-11 05:30:00,96,91,2.4285714285714284,0.0,3.6173574854931485,0.13466666666666666,optimal
2021-02-11 06:00:00,96,91,2.4285714285714284,0.0,10.0,0.06793333333333333,optimal
2021-02-11 06:30:00,96,91,2.4285714285714284,0.0,10.0,0.2665666666666667,optimal
2021-02-11 07:00:00,96,91,2.4285714285714284,0.0,0.0,1.0405,optimal
2021-02-11 07:30:00,96,91,2.4285714285714284,0.0,0.0,0.2999,optimal
2021-02-11 08:00:00,96,91,1.3498975275113876,0.0,0.0,0.14056666666666667,optimal
2021-02-11 08:30:00,96,91,1.334554024308087,0.0,0.0,0.3342,optimal
2021-02-11 09:00:00,96,91,0.9949275411891212,0.0,0.0,0.6194333333333333,optimal
2021-02-11 09:30:00,96,91,0.936972743092099,0.0,0.0,0.2371,optimal
2021-02-11 10:00:00,96,91,0.7365631592060319,0.0,0.0,0.059733333333333326,optimal
2021-02-11 10:30:00,96,91,0.7744272416309089,0.0,0.0,0.38646666666666657,optimal
2021-02-11 11:00:00,96,91,0.6668347467239429,0.0,0.0,0.058,optimal
2021-02-11 11:30:00,96,91,0.595523691311876,0.0,0.0,0.12726666666666667,optimal
2021-02-11 12:00:00,96,91,0.3107963226507894,0.0,0.0,0.2894333333333333,optimal
2021-02-11 12:30:00,96,91,0.32282134446828153,0.0,0.0,0.09106666666666666,optimal
2021-02-11 13:00:00,96,91,2.4285714285714284,0.0,0.0,0.15869999999999998,optimal
2021-02-11 13:30:00,96,91,2.4285714285714284,0.0,0.0,0.1843333333333333,optimal
2021-02-11 14:00:00,96,91,2.4285714285714284,0.0,0.0,0.15413333333333332,optimal
2021-02-11 14:30:00,96,91,2.4285714285714284,0.0,0.0,0.2354,optimal
2021-02-11 15:00:00,96,91,2.4285714285714284,0.0,0.0,0.20906666666666662,optimal
2021-02-11 15:30:00,96,91,2.4285714285714284,0.0,0.0,0.22613333333333333,optimal
2021-02-11 16:00:00,96,91,0.0,0.0,0.0,0.2046,optimal
2021-02-11 16:30:00,96,91,0.0,0.0,0.0,0.07173333333333333,optimal
2021-02-11 17:00:00,96,91,0.0,0.0,0.0,0.1404,optimal
2021-02-11 17:30:00,96,91,0.0,0.0,0.0,0.26106666666666667,optimal
2021-02-11 18:00:00,96,91,0.0,0.0,0.0,0.1033,optimal
2021-02-11 18:30:00,96,91,0.0,0.0,0.0,0.2533666666666667,optimal
2021-02-11 19:00:00,96,91,0.0,0.0,0.0,0.2045,optimal
2021-02-11 19:30:00,96,91,0.17220574510371928,0.0,0.0,0.06766666666666667,optimal
2021-02-11 20:00:00,96,91,1.7199611917170878,0.0,0.0,0.31343333333333334,optimal
2021-02-11 20:30:00,96,91,0.0,0.0,0.0,0.28703333333333336,optimal
2021-02-11 21:00:00,96,91,0.0,0.0,0.0,0.35856666666666664,optimal
2021-02-11 21:30:00,96,91,0.0,0.0,0.0,0.26253333333333334,optimal
2021-02-11 22:00:00,96,91,0.2786666666666667,0.0,0.0,0.2455,optimal
2021-02-11 22:30:00,96,91,0.0,0.0,0.0,0.5732,optimal
2021-02-11 23:00:00,96,91,0.0,0.0,0.0,0.24836666666666668,optimal
2021-02-11 23:30:00,96,91,0.0,0.0,0.0,1.3294333333333335,optimal
2021-02-12 00:00:00,96,91,0.6129597603890679,0.0,0.0,0.051333333333333335,optimal
2021-02-12 00:30:00,96,91,2.4285714285714284,0.0,0.0,0.057,optimal
2021-02-12 01:00:00,96,91,2.4285714285714284,0.0,0.0,0.17033333333333334,optimal
2021-02-12 01:30:00,96,91,2.4285714285714284,0.0,0.0,0.057,optimal
2021-02-12 02:00:00,96,91,2.4285714285714284,0.0,0.0,0.17033333333333334,optimal
2021-02-12 02:30:00,96,91,2.4285714285714284,0.0,0.0,0.057,optimal
2021-02-12 03:00:00,96,91,2.4285714285714284,0.0,0.0,0.057,optimal
2021-02-12 03:30:00,96,91,2.4285714285714284,0.0,0.0,0.057,optimal
2021-02-12 04:00:00,96,91,2.4285714285714284,0.0,0.0,0.10733333333333331,optimal
2021-02-12 04:30:00,96,91,2.4285714285714284,0.0,0.0,0.11733333333333332,optimal
2021-02-12 05:00:00,96,91,2.4285714285714284,0.0,0.0,0.06833333333333333,optimal
2021-02-12 05:30:00,96,91,2.4285714285714284,0.0,0.0,0.159,optimal
2021-02-12 06:00:00,96,91,2.4285714285714284,0.0,0.0,0.057,optimal
2021-02-12 06:30:00,96,91,2.4285714285714284,0.0,8.169749692379769,0.108,optimal
2021-02-12 07:00:00,96,91,2.4285714285714284,0.0,10.0,0.11866666666666668,optimal
2021-02-12 07:30:00,96,91,2.4285714285714284,0.0,0.0,0.055,optimal
2021-02-12 08:00:00,96,91,2.276625692361174,0.0,0.0,0.06496666666666667,optimal
2021-02-12 08:30:00,96,91,1.274574037296448,0.0,0.0,0.4884,optimal
2021-02-12 09:00:00,96,91,1.1819970637851978,0.0,0.0,0.26923333333333327,optimal
2021-02-12 09:30:00,96,91,1.2178319361637837,0.0,0.0,0.08453333333333334,optimal
2021-02-12 10:00:00,96,91,0.8334109855292972,0.0,0.0,0.125,optimal
2021-02-12 10:30:00,96,91,0.8124095337539773,0.0,0.0,0.10233333333333332,optimal
2021-02-12 11:00:00,96,91,0.551540660708077,0.0,0.0,0.07966666666666668,optimal
2021-02-12 11:30:00,96,91,0.5286773839980647,0.0,0.0,0.14766666666666667,optimal
2021-02-12 12:00:00,96,91,0.4618944466602405,0.0,0.0,0.057,optimal
2021-02-12 12:30:00,96,91,0.4438883128073772,0.0,0.0,0.108,optimal
2021-02-12 13:00:00,96,91,1.078049062505645,0.0,0.0,1.4999,optimal
2021-02-12 13:30:00,96,91,1.9657507233717377,0.0,0.0,0.9773333333333334,optimal
2021-02-12 14:00:00,96,91,2.4285714285714284,0.0,0.0,0.32826666666666665,optimal
2021-02-12 14:30:00,96,91,2.4285714285714284,0.0,0.0,0.173,optimal
2021-02-12 15:00:00,96,91,2.4285714285714284,0.0,0.0,0.16466666666666666,optimal
2021-02-12 15:30:00,96,91,2.4285714285714284,0.0,0.0,0.17866666666666667,optimal
2021-02-12 16:00:00,96,91,0.0,0.0,0.0,0.2305,optimal
2021-02-12 16:30:00,96,91,0.0,0.0,0.0,0.8015333333333333,optimal
2021-02-12 17:00:00,96,91,0.0,0.0,0.0,0.9904,optimal
2021-02-12 17:30:00,96,91,0.0,0.0,0.0,0.2586666666666667,optimal
2021-02-12 18:00:00,96,91,0.0,0.0,0.0,0.4271333333333333,optimal
2021-02-12 18:30:00,96,91,0.0,0.0,0.0,1.147,optimal
2021-02-12 19:00:00,96,91,0.0,0.0,0.0,0.5694333333333332,optimal
2021-02-12 19:30:00,96,91,0.0,0.0,0.0,0.10033333333333332,optimal
2021-02-12 20:00:00,96,91,0.0,0.0,0.0,0.3893333333333333,optimal
2021-02-12 20:30:00,96,91,0.0,0.0,0.0,0.055,optimal
2021-02-12 21:00:00,96,91,0.0,0.0,0.0,0.375,optimal
2021-02-12 21:30:00,96,91,0.0,0.0,0.0,1.3137333333333332,optimal
2021-02-12 22:00:00,96,91,0.0,0.0,0.0,0.26516666666666666,optimal
2021-02-12 22:30:00,96,91,0.0,0.0,0.0,0.2504333333333333,optimal
2021-02-12 23:00:00,96,91,0.0,0.0,0.0,0.09,optimal
2021-02-12 23:30:00,96,91,0.0,0.0,0.0,0.08666666666666667,optimal
2021-02-13 00:00:00,96,91,0.0,0.0,0.0,0.151,optimal
2021-02-13 00:30:00,96,91,0.8559047619047618,0.0,0.0,0.293,optimal
2021-02-13 01:00:00,96,91,0.0,0.0,0.0,1.4879,optimal
2021-02-13 01:30:00,96,91,0.0,0.0,0.0,0.3207333333333333,optimal
2021-02-13 02:00:00,96,91,0.0,0.0,0.0,0.15369999999999998,optimal
2021-02-13 02:30:00,96,91,2.3583426068911573,0.0,0.0,0.3466666666666667,optimal
2021-02-13 03:00:00,96,91,2.4285714285714284,0.0,0.0,0.128,optimal
2021-02-13 03:30:00,96,91,2.4285714285714284,0.0,0.0,0.06,optimal
2021-02-13 04:00:00,96,91,2.4285714285714284,0.0,0.0,0.06,optimal
2021-02-13 04:30:00,96,91,2.4285714285714284,0.0,0.0,0.06,optimal
2021-02-13 05:00:00,96,91,2.4285714285714284,0.0,0.0,0.06,optimal
2021-02-13 05:30:00,96,91,2.4285714285714284,0.0,0.0,0.1456,optimal
2021-02-13 06:00:00,96,91,2.4285714285714284,0.0,0.0,0.13133333333333333,optimal
2021-02-13 06:30:00,96,91,2.4285714285714284,0.0,6.994178841342564,0.09340000000000001,optimal
2021-02-13 07:00:00,96,91,2.4285714285714284,0.0,0.0,0.26426666666666665,optimal
2021-02-13 07:30:00,96,91,2.4285714285714284,0.0,0.0,0.11366666666666668,optimal
2021-02-13 08:00:00,96,91,1.352661856860626,0.0,0.0,0.068,optimal
2021-02-13 08:30:00,96,91,1.284646199198242,0.0,0.0,0.33003333333333335,optimal
2021-02-13 09:00:00,96,91,1.1518637332740338,0.0,0.0,0.1536,optimal
2021-02-13 09:30:00,96,91,1.1711473497239824,0.0,0.0,0.068,optimal
2021-02-13 10:00:00,96,91,0.8631047990118259,0.0,0.0,0.22793333333333332,optimal
2021-02-13 10:30:00,96,91,0.5448319984922919,0.0,0.0,1.5757333333333332,optimal
2021-02-13 11:00:00,96,91,0.3689284385919883,0.0,0.0,2.568366666666667,optimal
2021-02-13 11:30:00,96,91,0.3611718285486386,0.0,0.0,2.8051999999999997,optimal
2021-02-13 12:00:00,96,91,0.4157018756182542,0.0,0.0,0.5888,optimal
2021-02-13 12:30:00,96,91,0.4583543698172803,0.0,0.0,0.0728,optimal
2021-02-13 13:00:00,96,91,2.4285714285714284,0.0,0.0,0.4193,optimal
2021-02-13 13:30:00,96,91,2.4285714285714284,0.0,0.0,0.1028,optimal
2021-02-13 14:00:00,96,91,2.4285714285714284,0.0,0.0,0.08426666666666667,optimal
2021-02-13 14:30:00,96,91,2.4285714285714284,0.0,0.0,0.21266666666666662,optimal
2021-02-13 15:00:00,96,91,2.4285714285714284,0.0,0.0,0.07,optimal
2021-02-13 15:30:00,96,91,2.4285714285714284,0.0,0.0,0.2557333333333333,optimal
2021-02-13 16:00:00,96,91,0.0,0.0,0.0,0.3803,optimal
2021-02-13 16:30:00,96,91,0.0,0.0,0.0,0.3703333333333333,optimal
2021-02-13 17:00:00,96,91,0.0,0.0,0.0,0.23246666666666665,optimal
2021-02-13 17:30:00,96,91,0.0,0.0,0.0,0.07429999999999999,optimal
2021-02-13 18:00:00,96,91,0.0,0.0,0.0,0.2459333333333333,optimal
2021-02-13 18:30:00,96,91,0.0,0.0,0.0,0.1167,optimal
2021-02-13 19:00:00,96,91,0.0,0.0,0.0,0.2686,optimal
2021-02-13 19:30:00,96,91,0.0,0.0,0.0,0.27293333333333336,optimal
2021-02-13 20:00:00,96,91,0.397225363900493,0.0,0.0,0.5812999999999999,optimal
2021-02-13 20:30:00,96,91,0.0,0.0,0.0,0.4591,optimal
2021-02-13 21:00:00,96,91,0.0,0.0,0.0,0.4529333333333333,optimal
2021-02-13 21:30:00,96,91,0.0,0.0,0.0,0.224,optimal
2021-02-13 22:00:00,96,91,0.0,0.0,0.0,0.3206,optimal
2021-02-13 22:30:00,96,91,0.0,0.0,0.0,0.09853333333333332,optimal
2021-02-13 23:00:00,96,91,0.0,0.0,0.0,0.08426666666666667,optimal
2021-02-13 23:30:00,96,91,0.0,0.0,0.0,0.264,optimal
2021-02-07 00:00:00,97,91,0.0,0.0,0.0,0.049,optimal
2021-02-07 00:30:00,97,91,0.0,0.0,0.0,0.14553333333333332,optimal
2021-02-07 01:00:00,97,91,0.0,0.0,0.0,0.0852,optimal
2021-02-07 01:30:00,97,91,0.0,0.0,0.0,0.049,optimal
2021-02-07 02:00:00,97,91,0.0,0.0,0.0,0.049,optimal
2021-02-07 02:30:00,97,91,0.0,0.0,0.0,0.15156666666666666,optimal
2021-02-07 03:00:00,97,91,0.0,0.0,0.0,0.07916666666666668,optimal
2021-02-07 03:30:00,97,91,0.0,0.0,0.0,0.049,optimal
2021-02-07 04:00:00,97,91,2.4285714285714284,0.0,0.0,0.07313333333333334,optimal
2021-02-07 04:30:00,97,91,2.4285714285714284,0.0,0.0,0.1576,optimal
2021-02-07 05:00:00,97,91,2.4285714285714284,0.0,0.0,0.049,optimal
2021-02-07 05:30:00,97,91,2.4285714285714284,0.0,0.0,0.1817333333333333,optimal
2021-02-07 06:00:00,97,91,2.4285714285714284,0.0,1.305830934193062,0.09313333333333335,optimal
2021-02-07 06:30:00,97,91,2.4285714285714284,0.0,0.0,0.3012333333333333,optimal
2021-02-07 07:00:00,97,91,2.4285714285714284,0.0,0.0,0.4241333333333333,optimal
2021-02-07 07:30:00,97,91,0.0,0.0,0.0,1.2078666666666666,optimal
2021-02-07 08:00:00,97,91,0.0,0.0,0.0,0.29753333333333337,optimal
2021-02-07 08:30:00,97,91,0.0,0.0,0.0,1.6396,optimal
2021-02-07 09:00:00,97,91,0.0,0.0,0.0,0.0952,optimal
2021-02-07 09:30:00,97,91,0.0,0.0,0.0,0.15553333333333333,optimal
2021-02-07 10:00:00,97,91,1.0516153853693424,0.0,0.0,0.059,optimal
2021-02-07 10:30:00,97,91,1.042189185903783,0.0,0.0,0.1495,optimal
2021-02-07 11:00:00,97,91,0.9206021135315514,0.0,0.0,0.10123333333333331,optimal
2021-02-07 11:30:00,97,91,0.9240497325791612,0.0,0.0,0.08916666666666667,optimal
2021-02-07 12:00:00,97,91,0.8057435561484477,0.0,0.0,0.16156666666666666,optimal
2021-02-07 12:30:00,97,91,0.8350483180532234,0.0,0.0,0.059,optimal
2021-02-07 13:00:00,97,91,2.4285714285714284,0.0,0.0,0.07709999999999999,optimal
2021-02-07 13:30:00,97,91,2.4285714285714284,0.0,0.0,0.17363333333333333,optimal
2021-02-07 14:00:00,97,91,2.4285714285714284,0.0,0.0,0.059,optimal
2021-02-07 14:30:00,97,91,2.4285714285714284,0.0,0.0,0.11933333333333332,optimal
2021-02-07 15:00:00,97,91,2.4285714285714284,0.0,0.0,0.13140000000000002,optimal
2021-02-07 15:30:00,97,91,2.4285714285714284,0.0,0.0,0.059,optimal
2021-02-07 16:00:00,97,91,0.0,0.0,0.0,0.2017333333333333,optimal
2021-02-07 16:30:00,97,91,0.0,0.0,0.0,0.2727,optimal
2021-02-07 17:00:00,97,91,0.0,0.0,0.0,0.18086666666666668,optimal
2021-02-07 17:30:00,97,91,0.0,0.0,0.0,0.09586666666666666,optimal
2021-02-07 18:00:00,97,91,0.0,0.0,0.0,0.14216666666666666,optimal
2021-02-07 18:30:00,97,91,0.0,0.0,0.0,0.46953333333333336,optimal
2021-02-07 19:00:00,97,91,0.0,0.0,0.0,0.22636666666666666,optimal
2021-02-07 19:30:00,97,91,0.1660780396356259,0.0,0.0,0.27246666666666663,optimal
2021-02-07 20:00:00,97,91,1.0677307044353026,0.0,0.0,0.2636,optimal
2021-02-07 20:30:00,97,91,0.0,0.0,0.0,0.22166666666666662,optimal
2021-02-07 21:00:00,97,91,0.0,0.0,0.0,0.32106666666666667,optimal
2021-02-07 21:30:00,97,91,0.0,0.0,0.0,0.2464333333333333,optimal
2021-02-07 22:00:00,97,91,0.7563809523809524,0.0,0.0,0.12933333333333336,optimal
2021-02-07 22:30:00,97,91,0.0,0.0,0.0,0.3418,optimal
2021-02-07 23:00:00,97,91,0.0,0.0,0.0,0.058,optimal
2021-02-07 23:30:00,97,91,0.0,0.0,0.0,0.054,optimal
2021-02-08 00:00:00,97,91,0.0,0.0,0.0,0.069,optimal
2021-02-08 00:30:00,97,91,0.4777142857142857,0.0,0.0,0.067,optimal
2021-02-08 01:00:00,97,91,0.0,0.0,0.0,0.21806666666666663,optimal
2021-02-08 01:30:00,97,91,0.0,0.0,0.0,0.067,optimal
2021-02-08 02:00:00,97,91,0.0,0.0,0.0,0.067,optimal
2021-02-08 02:30:00,97,91,0.801372965069817,0.0,0.0,0.21806666666666663,optimal
2021-02-08 03:00:00,97,91,2.4285714285714284,0.0,0.0,0.067,optimal
2021-02-08 03:30:00,97,91,2.4285714285714284,0.0,0.0,0.067,optimal
2021-02-08 04:00:00,97,91,2.4285714285714284,0.0,0.0,0.21806666666666663,optimal
2021-02-08 04:30:00,97,91,2.4285714285714284,0.0,0.0,0.067,optimal
2021-02-08 05:00:00,97,91,2.4285714285714284,0.0,0.0,0.067,optimal
2021-02-08 05:30:00,97,91,2.4285714285714284,0.0,0.0,0.075,optimal
2021-02-08 06:00:00,97,91,2.4285714285714284,0.0,0.0,0.22473333333333328,optimal
2021-02-08 06:30:00,97,91,2.4285714285714284,0.0,0.4469355382400259,0.067,optimal
2021-02-08 07:00:00,97,91,2.4285714285714284,0.0,10.0,0.067,optimal
2021-02-08 07:30:00,97,91,2.4285714285714284,0.0,0.0,0.07266666666666667,optimal
2021-02-08 08:00:00,97,91,1.209718624392301,0.0,0.0,0.22473333333333328,optimal
2021-02-08 08:30:00,97,91,1.244797558764704,0.0,0.0,0.06633333333333333,optimal
2021-02-08 09:00:00,97,91,1.0651901186442398,0.0,0.0,0.065,optimal
2021-02-08 09:30:00,97,91,0.9656002885142273,0.0,0.0,0.25656666666666667,optimal
2021-02-08 10:00:00,97,91,0.7443737962092712,0.0,0.0,0.3213333333333333,optimal
2021-02-08 10:30:00,97,91,0.7923236263392975,0.0,0.0,0.079,optimal
2021-02-08 11:00:00,97,91,0.41012194276974895,0.0,0.0,2.214566666666667,optimal
2021-02-08 11:30:00,97,91,0.46674777030210807,0.0,0.0,2.3836666666666666,optimal
2021-02-08 12:00:00,97,91,0.5793737863429139,0.0,0.0,0.442,optimal
2021-02-08 12:30:00,97,91,0.5537111556933427,0.0,0.0,0.1837333333333333,optimal
2021-02-08 13:00:00,97,91,2.4285714285714284,0.0,0.0,0.106,optimal
2021-02-08 13:30:00,97,91,2.4285714285714284,0.0,0.0,0.11133333333333331,optimal
2021-02-08 14:00:00,97,91,2.4285714285714284,0.0,0.0,0.19373333333333329,optimal
2021-02-08 14:30:00,97,91,2.4285714285714284,0.0,0.0,0.077,optimal
2021-02-08 15:00:00,97,91,2.4285714285714284,0.0,0.0,0.1388,optimal
2021-02-08 15:30:00,97,91,2.4285714285714284,0.0,0.0,0.16626666666666667,optimal
2021-02-08 16:00:00,97,91,0.0,0.0,0.0,0.077,optimal
2021-02-08 16:30:00,97,91,0.0,0.0,0.0,0.22806666666666664,optimal
2021-02-08 17:00:00,97,91,0.0,0.0,0.0,0.077,optimal
2021-02-08 17:30:00,97,91,0.0,0.0,0.0,0.2603666666666667,optimal
2021-02-08 18:00:00,97,91,0.0,0.0,0.0,0.36269999999999997,optimal
2021-02-08 18:30:00,97,91,0.0,0.0,0.0,0.14473333333333332,optimal
2021-02-08 19:00:00,97,91,0.0,0.0,0.0,0.3674,optimal
2021-02-08 19:30:00,97,91,0.0,0.0,0.0,0.40626666666666666,optimal
2021-02-08 20:00:00,97,91,0.48952023929855343,0.0,0.0,0.5602666666666667,optimal
2021-02-08 20:30:00,97,91,0.0,0.0,0.0,0.4955333333333334,optimal
2021-02-08 21:00:00,97,91,0.0,0.0,0.0,0.1641,optimal
2021-02-08 21:30:00,97,91,0.0,0.0,0.0,0.48006666666666664,optimal
2021-02-08 22:00:00,97,91,0.17914285714285713,0.0,0.0,0.4997,optimal
2021-02-08 22:30:00,97,91,0.0,0.0,0.0,0.6415333333333333,optimal
2021-02-08 23:00:00,97,91,0.0,0.0,0.0,0.5834666666666667,optimal
2021-02-08 23:30:00,97,91,0.0,0.0,0.0,0.7465666666666667,optimal
2021-02-09 00:00:00,97,91,0.09952380952380951,0.0,0.0,0.2799,optimal
2021-02-09 00:30:00,97,91,1.7317142857142855,0.0,0.0,0.127,optimal
2021-02-09 01:00:00,97,91,0.0,0.0,0.0,0.064,optimal
2021-02-09 01:30:00,97,91,0.0,0.0,0.0,0.1389,optimal
2021-02-09 02:00:00,97,91,0.0,0.0,0.0,0.1753,optimal
2021-02-09 02:30:00,97,91,0.0,0.0,0.0,0.064,optimal
2021-02-09 03:00:00,97,91,2.419488976925848,0.0,0.0,0.2502,optimal
2021-02-09 03:30:00,97,91,2.4285714285714284,0.0,0.0,0.064,optimal
2021-02-09 04:00:00,97,91,2.4285714285714284,0.0,2.7158051493543818,0.176,optimal
2021-02-09 04:30:00,97,91,2.4285714285714284,0.0,10.0,0.0752,optimal
2021-02-09 05:00:00,97,91,2.4285714285714284,0.0,10.0,0.1256,optimal
2021-02-09 05:30:00,97,91,2.4285714285714284,0.0,10.0,1.3890333333333333,optimal
2021-02-09 06:00:00,97,91,2.4285714285714284,0.0,0.0,0.7802333333333333,optimal
2021-02-09 06:30:00,97,91,2.4285714285714284,0.0,0.0,2.129833333333333,optimal
2021-02-09 07:00:00,97,91,2.4285714285714284,0.0,0.0,1.678,optimal
2021-02-09 07:30:00,97,91,2.4285714285714284,0.0,0.0,1.9307999999999998,optimal
2021-02-09 08:00:00,97,91,1.0230937956486978,0.0,0.0,1.0967333333333331,optimal
2021-02-09 08:30:00,97,91,1.188671584566277,0.0,0.0,0.30506666666666665,optimal
2021-02-09 09:00:00,97,91,1.191295163058912,0.0,0.0,0.1899,optimal
2021-02-09 09:30:00,97,91,1.1105478837512162,0.0,0.0,0.19966666666666663,optimal
2021-02-09 10:00:00,97,91,0.7964095245129083,0.0,0.0,0.2912,optimal
2021-02-09 10:30:00,97,91,0.8054359981057274,0.0,0.0,0.2275,optimal
2021-02-09 11:00:00,97,91,0.6208196614689415,0.0,0.0,0.15030000000000002,optimal
2021-02-09 11:30:00,97,91,0.6067849561875026,0.0,0.0,0.1874,optimal
2021-02-09 12:00:00,97,91,0.462779199351481,0.0,0.0,0.11320000000000001,optimal
2021-02-09 12:30:00,97,91,0.43541390463292734,0.0,0.0,0.221,optimal
2021-02-09 13:00:00,97,91,2.4285714285714284,0.0,0.0,0.074,optimal
2021-02-09 13:30:00,97,91,2.4285714285714284,0.0,0.0,0.1972,optimal
2021-02-09 14:00:00,97,91,2.4285714285714284,0.0,0.0,0.074,optimal
2021-02-09 14:30:00,97,91,2.4285714285714284,0.0,0.0,0.1874,optimal
2021-02-09 15:00:00,97,91,2.4285714285714284,0.0,0.0,0.1468,optimal
2021-02-09 15:30:00,97,91,2.4285714285714284,0.0,0.0,0.074,optimal
2021-02-09 16:00:00,97,91,0.0,0.0,0.0,0.24969999999999998,optimal
2021-02-09 16:30:00,97,91,0.0,0.0,0.0,0.0845,optimal
2021-02-09 17:00:00,97,91,0.0,0.0,0.0,0.1916,optimal
2021-02-09 17:30:00,97,91,0.0,0.0,0.0,0.09359999999999999,optimal
2021-02-09 18:00:00,97,91,0.0,0.0,0.0,0.179,optimal
2021-02-09 18:30:00,97,91,0.0,0.0,0.0,0.1412,optimal
2021-02-09 19:00:00,97,91,0.0,0.0,0.0,0.1426,optimal
2021-02-09 19:30:00,97,91,0.0,0.0,0.0,0.1916,optimal
2021-02-09 20:00:00,97,91,0.20458112722522134,0.0,0.0,0.074,optimal
2021-02-09 20:30:00,97,91,0.0,0.0,0.0,0.158,optimal
2021-02-09 21:00:00,97,91,0.0,0.0,0.0,0.1762,optimal
2021-02-09 21:30:00,97,91,0.0,0.0,0.0,0.1076,optimal
2021-02-09 22:00:00,97,91,0.0,0.0,0.0,0.2266,optimal
2021-02-09 22:30:00,97,91,0.0,0.0,0.0,0.074,optimal
2021-02-09 23:00:00,97,91,0.0398095238095238,0.0,0.0,0.168,optimal
2021-02-09 23:30:00,97,91,0.0,0.0,0.0,0.074,optimal
2021-02-10 00:00:00,97,91,0.0,0.0,0.0,0.068,optimal
2021-02-10 00:30:00,97,91,1.2340952380952381,0.0,0.0,0.16026666666666667,optimal
2021-02-10 01:00:00,97,91,0.0,0.0,0.0,0.1026,optimal
2021-02-10 01:30:00,97,91,0.0,0.0,0.0,0.09683333333333331,optimal
2021-02-10 02:00:00,97,91,0.0,0.0,0.0,0.16603333333333334,optimal
2021-02-10 02:30:00,97,91,2.1440560475056,0.0,0.0,0.068,optimal
2021-02-10 03:00:00,97,91,2.4285714285714284,0.0,0.0,0.1948666666666667,optimal
2021-02-10 03:30:00,97,91,2.4285714285714284,0.0,0.0,0.068,optimal
2021-02-10 04:00:00,97,91,2.4285714285714284,0.0,0.0,0.13143333333333335,optimal
2021-02-10 04:30:00,97,91,2.4285714285714284,0.0,8.587626936668112,1.0617,optimal
2021-02-10 05:00:00,97,91,2.4285714285714284,0.0,0.0,2.6691,optimal
2021-02-10 05:30:00,97,91,2.4285714285714284,0.0,0.0,1.6187,optimal
2021-02-10 06:00:00,97,91,2.4285714285714284,0.0,0.0,0.3421,optimal
2021-02-10 06:30:00,97,91,2.4285714285714284,0.0,0.0,2.2998000000000003,optimal
2021-02-10 07:00:00,97,91,2.4285714285714284,0.0,0.0,0.6214333333333333,optimal
2021-02-10 07:30:00,97,91,2.4285714285714284,0.0,0.0,0.078,optimal
2021-02-10 08:00:00,97,91,1.3823651389817762,0.0,0.0,0.0953,optimal
2021-02-10 08:30:00,97,91,1.3422644130941028,0.0,0.0,0.18756666666666663,optimal
2021-02-10 09:00:00,97,91,1.198059302318532,0.0,0.0,0.078,optimal
2021-02-10 09:30:00,97,91,1.164549052621355,0.0,0.0,0.1472,optimal
2021-02-10 10:00:00,97,91,0.8919247998299632,0.0,0.0,0.13566666666666666,optimal
2021-02-10 10:30:00,97,91,0.8980968744618422,0.0,0.0,0.078,optimal
2021-02-10 11:00:00,97,91,0.6834309479672853,0.0,0.0,0.1587333333333333,optimal
2021-02-10 11:30:00,97,91,0.6864472516901068,0.0,0.0,0.12413333333333335,optimal
2021-02-10 12:00:00,97,91,0.45682206531255964,0.0,0.0,0.08376666666666667,optimal
2021-02-10 12:30:00,97,91,0.4238696843601909,0.0,0.0,0.1991,optimal
2021-02-10 13:00:00,97,91,1.9107559644562777,0.0,0.0,0.078,optimal
2021-02-10 13:30:00,97,91,0.5648997946443308,0.0,0.0,0.5512333333333334,optimal
2021-02-10 14:00:00,97,91,2.4285714285714284,0.0,0.0,2.2685999999999997,optimal
2021-02-10 14:30:00,97,91,2.4285714285714284,0.0,0.0,2.1414333333333335,optimal
2021-02-10 15:00:00,97,91,2.4285714285714284,0.0,0.0,2.020733333333333,optimal
2021-02-10 15:30:00,97,91,2.4285714285714284,0.0,0.0,3.277133333333333,optimal
2021-02-10 16:00:00,97,91,0.0,0.0,0.0,1.7094,optimal
2021-02-10 16:30:00,97,91,0.0,0.0,0.0,0.6704333333333333,optimal
2021-02-10 17:00:00,97,91,0.0,0.0,0.0,3.2629333333333332,optimal
2021-02-10 17:30:00,97,91,0.0,0.0,0.0,2.2162333333333333,optimal
2021-02-10 18:00:00,97,91,0.0,0.0,0.0,3.265766666666667,optimal
2021-02-10 18:30:00,97,91,0.0,0.0,0.0,2.5350333333333332,optimal
2021-02-10 19:00:00,97,91,0.0,0.0,0.0,0.2892,optimal
2021-02-10 19:30:00,97,91,0.0,0.0,0.0,0.4648333333333333,optimal
2021-02-10 20:00:00,97,91,0.0,0.0,0.0,0.5012666666666666,optimal
2021-02-10 20:30:00,97,91,0.0,0.0,0.0,0.3701333333333333,optimal
2021-02-10 21:00:00,97,91,0.0,0.0,0.0,2.4055999999999997,optimal
2021-02-10 21:30:00,97,91,0.0,0.0,0.0,0.3645333333333334,optimal
2021-02-10 22:00:00,97,91,0.0995238095238095,0.0,0.0,0.5848333333333333,optimal
2021-02-10 22:30:00,97,91,0.0,0.0,0.0,0.5999333333333333,optimal
2021-02-10 23:00:00,97,91,0.0,0.0,0.0,0.36773333333333336,optimal
2021-02-10 23:30:00,97,91,0.0,0.0,0.0,0.31853333333333333,optimal
2021-02-11 00:00:00,97,91,0.0,0.0,0.0,0.066,optimal
2021-02-11 00:30:00,97,91,0.2786666666666667,0.0,0.0,0.066,optimal
2021-02-11 01:00:00,97,91,0.0,0.0,0.0,0.066,optimal
2021-02-11 01:30:00,97,91,1.91114245427789,0.0,0.0,0.066,optimal
2021-02-11 02:00:00,97,91,2.4285714285714284,0.0,0.0,0.066,optimal
2021-02-11 02:30:00,97,91,2.4285714285714284,0.0,0.0,0.066,optimal
2021-02-11 03:00:00,97,91,2.4285714285714284,0.0,0.0,0.066,optimal
2021-02-11 03:30:00,97,91,2.4285714285714284,0.0,0.0,0.066,optimal
2021-02-11 04:00:00,97,91,2.4285714285714284,0.0,0.0,0.066,optimal
2021-02-11 04:30:00,97,91,2.4285714285714284,0.0,0.0,0.066,optimal
2021-02-11 05:00:00,97,91,2.4285714285714284,0.0,0.0,0.07233333333333333,optimal
2021-02-11 05:30:00,97,91,2.4285714285714284,0.0,4.650669897711961,0.06833333333333333,optimal
2021-02-11 06:00:00,97,91,2.4285714285714284,0.0,10.0,0.066,optimal
2021-02-11 06:30:00,97,91,2.4285714285714284,0.0,10.0,0.1114,optimal
2021-02-11 07:00:00,97,91,2.4285714285714284,0.0,0.0,0.066,optimal
2021-02-11 07:30:00,97,91,2.4285714285714284,0.0,0.0,0.07133333333333333,optimal
2021-02-11 08:00:00,97,91,1.2993013370351996,0.0,0.0,1.4072666666666669,optimal
2021-02-11 08:30:00,97,91,1.5327825957366625,0.0,0.0,0.066,optimal
2021-02-11 09:00:00,97,91,1.3562132554748212,0.0,0.0,0.066,optimal
2021-02-11 09:30:00,97,91,1.2428679811873382,0.0,0.0,0.066,optimal
2021-02-11 10:00:00,97,91,0.8227155401584065,0.0,0.0,0.066,optimal
2021-02-11 10:30:00,97,91,0.863932003535673,0.0,0.0,0.066,optimal
2021-02-11 11:00:00,97,91,0.6624918895810658,0.0,0.0,0.066,optimal
2021-02-11 11:30:00,97,91,0.6109713103594824,0.0,0.0,0.07233333333333333,optimal
2021-02-11 12:00:00,97,91,0.3725772750317637,0.0,0.0,0.069,optimal
2021-02-11 12:30:00,97,91,0.3279261063730354,0.0,0.0,0.066,optimal
2021-02-11 13:00:00,97,91,2.4285714285714284,0.0,0.0,0.066,optimal
2021-02-11 13:30:00,97,91,2.4285714285714284,0.0,0.0,0.066,optimal
2021-02-11 14:00:00,97,91,2.4285714285714284,0.0,0.0,0.066,optimal
2021-02-11 14:30:00,97,91,2.4285714285714284,0.0,0.0,0.066,optimal
2021-02-11 15:00:00,97,91,2.4285714285714284,0.0,0.0,0.11566666666666668,optimal
2021-02-11 15:30:00,97,91,2.4285714285714284,0.0,0.0,0.2545,optimal
2021-02-11 16:00:00,97,91,0.0,0.0,0.0,0.1335,optimal
2021-02-11 16:30:00,97,91,0.0,0.0,0.0,0.076,optimal
2021-02-11 17:00:00,97,91,0.0,0.0,0.0,0.076,optimal
2021-02-11 17:30:00,97,91,0.0,0.0,0.0,0.129,optimal
2021-02-11 18:00:00,97,91,0.0,0.0,0.0,1.2565,optimal
2021-02-11 18:30:00,97,91,0.0,0.0,0.0,0.23166666666666663,optimal
2021-02-11 19:00:00,97,91,0.0,0.0,0.0,0.22566666666666663,optimal
2021-02-11 19:30:00,97,91,0.2181100063940043,0.0,0.0,0.30710000000000004,optimal
2021-02-11 20:00:00,97,91,1.510789763145664,0.0,0.0,0.6433666666666666,optimal
2021-02-11 20:30:00,97,91,0.0,0.0,0.0,0.4475,optimal
2021-02-11 21:00:00,97,91,0.0,0.0,0.0,0.3611666666666667,optimal
2021-02-11 21:30:00,97,91,0.0,0.0,0.0,0.23813333333333334,optimal
2021-02-11 22:00:00,97,91,0.1592380952380952,0.0,0.0,0.31139999999999995,optimal
2021-02-11 22:30:00,97,91,0.0,0.0,0.0,0.3036666666666667,optimal
2021-02-11 23:00:00,97,91,0.0,0.0,0.0,0.5551333333333334,optimal
2021-02-11 23:30:00,97,91,0.0,0.0,0.0,0.303,optimal
2021-02-12 00:00:00,97,91,1.6338408379793878,0.0,0.0,0.059,optimal
2021-02-12 00:30:00,97,91,2.4285714285714284,0.0,0.0,0.059,optimal
2021-02-12 01:00:00,97,91,2.4285714285714284,0.0,0.0,0.059,optimal
2021-02-12 01:30:00,97,91,2.4285714285714284,0.0,0.0,0.20346666666666666,optimal
2021-02-12 02:00:00,97,91,2.4285714285714284,0.0,0.0,0.059,optimal
2021-02-12 02:30:00,97,91,2.4285714285714284,0.0,0.0,0.12466666666666669,optimal
2021-02-12 03:00:00,97,91,2.4285714285714284,0.0,0.0,0.1378,optimal
2021-02-12 03:30:00,97,91,2.4285714285714284,0.0,0.0,0.08526666666666667,optimal
2021-02-12 04:00:00,97,91,2.4285714285714284,0.0,0.0,1.6303666666666665,optimal
2021-02-12 04:30:00,97,91,2.4285714285714284,0.0,0.0,0.5505,optimal
2021-02-12 05:00:00,97,91,2.4285714285714284,0.0,0.0,0.08466666666666667,optimal
2021-02-12 05:30:00,97,91,2.4285714285714284,0.0,0.0,0.5514,optimal
2021-02-12 06:00:00,97,91,2.4285714285714284,0.0,0.29818604476307237,1.2322666666666668,optimal
2021-02-12 06:30:00,97,91,2.4285714285714284,0.0,10.0,1.2323333333333333,optimal
2021-02-12 07:00:00,97,91,2.4285714285714284,0.0,10.0,0.21146666666666666,optimal
2021-02-12 07:30:00,97,91,2.4285714285714284,0.0,0.0,0.067,optimal
2021-02-12 08:00:00,97,91,1.3831399780754465,0.0,0.0,0.34906666666666664,optimal
2021-02-12 08:30:00,97,91,1.5973359420583524,0.0,0.0,0.14780000000000001,optimal
2021-02-12 09:00:00,97,91,1.4318065875947146,0.0,0.0,0.08213333333333334,optimal
2021-02-12 09:30:00,97,91,1.2469081266399713,0.0,0.0,0.20033333333333328,optimal
2021-02-12 10:00:00,97,91,0.8488109855293049,0.0,0.0,0.069,optimal
2021-02-12 10:30:00,97,91,0.8213333432777937,0.0,0.0,0.069,optimal
2021-02-12 11:00:00,97,91,0.5127120892795123,0.0,0.0,0.21346666666666667,optimal
2021-02-12 11:30:00,97,91,0.5505535744742636,0.0,0.0,0.069,optimal
2021-02-12 12:00:00,97,91,0.45786587523167477,0.0,0.0,0.069,optimal
2021-02-12 12:30:00,97,91,0.41503116995023526,0.0,0.0,0.2069,optimal
2021-02-12 13:00:00,97,91,2.4285714285714284,0.0,0.0,0.07556666666666666,optimal
2021-02-12 13:30:00,97,91,2.4285714285714284,0.0,0.0,0.069,optimal
2021-02-12 14:00:00,97,91,2.4285714285714284,0.0,0.0,0.069,optimal
2021-02-12 14:30:00,97,91,2.4285714285714284,0.0,0.0,0.069,optimal
2021-02-12 15:00:00,97,91,2.4285714285714284,0.0,0.0,0.19376666666666667,optimal
2021-02-12 15:30:00,97,91,2.4285714285714284,0.0,0.0,0.0887,optimal
2021-02-12 16:00:00,97,91,0.0,0.0,0.0,0.069,optimal
2021-02-12 16:30:00,97,91,0.0,0.0,0.0,0.21346666666666667,optimal
2021-02-12 17:00:00,97,91,0.0,0.0,0.0,0.06766666666666667,optimal
2021-02-12 17:30:00,97,91,0.0,0.0,0.0,1.2950666666666666,optimal
2021-02-12 18:00:00,97,91,0.0,0.0,0.0,1.0846666666666667,optimal
2021-02-12 18:30:00,97,91,0.0,0.0,0.0,0.14676666666666668,optimal
2021-02-12 19:00:00,97,91,0.0,0.0,0.0,0.22346666666666667,optimal
2021-02-12 19:30:00,97,91,0.0,0.0,0.0,0.12093333333333334,optimal
2021-02-12 20:00:00,97,91,0.0972350010987145,0.0,0.0,0.2,optimal
2021-02-12 20:30:00,97,91,0.0,0.0,0.0,0.24636666666666668,optimal
2021-02-12 21:00:00,97,91,0.0,0.0,0.0,0.5003,optimal
2021-02-12 21:30:00,97,91,0.0,0.0,0.0,0.5732999999999999,optimal
2021-02-12 22:00:00,97,91,0.0,0.0,0.0,0.5261,optimal
2021-02-12 22:30:00,97,91,0.0,0.0,0.0,0.2902666666666667,optimal
2021-02-12 23:00:00,97,91,0.0,0.0,0.0,0.11506666666666666,optimal
2021-02-12 23:30:00,97,91,0.0,0.0,0.0,0.13723333333333332,optimal
2021-02-13 00:00:00,97,91,0.0,0.0,0.0,0.2521,optimal
2021-02-13 00:30:00,97,91,2.4285714285714284,0.0,0.0,0.852,optimal
2021-02-13 01:00:00,97,91,0.9950476190476191,0.0,0.0,0.5760666666666667,optimal
2021-02-13 01:30:00,97,91,0.0,0.0,0.0,0.751,optimal
2021-02-13 02:00:00,97,91,0.0,0.0,0.0,0.17606666666666665,optimal
2021-02-13 02:30:00,97,91,2.0862720770171626,0.0,0.0,0.09433333333333331,optimal
2021-02-13 03:00:00,97,91,2.4285714285714284,0.0,0.0,0.11493333333333333,optimal
2021-02-13 03:30:00,97,91,2.4285714285714284,0.0,0.0,0.15613333333333332,optimal
2021-02-13 04:00:00,97,91,2.4285714285714284,0.0,0.0,0.06,optimal
2021-02-13 04:30:00,97,91,2.4285714285714284,0.0,0.0,0.2042,optimal
2021-02-13 05:00:00,97,91,2.4285714285714284,0.0,0.0,0.06686666666666666,optimal
2021-02-13 05:30:00,97,91,2.4285714285714284,0.0,0.0,0.12113333333333334,optimal
2021-02-13 06:00:00,97,91,2.4285714285714284,0.0,0.0,0.6422666666666667,optimal
2021-02-13 06:30:00,97,91,2.4285714285714284,0.0,1.2658278677025394,2.9447666666666668,optimal
2021-02-13 07:00:00,97,91,2.4285714285714284,0.0,10.0,0.7140666666666667,optimal
2021-02-13 07:30:00,97,91,2.4285714285714284,0.0,0.0,0.068,optimal
2021-02-13 08:00:00,97,91,1.2672142378130096,0.0,0.0,0.23916666666666664,optimal
2021-02-13 08:30:00,97,91,1.3235414372934906,0.0,0.0,0.282,optimal
2021-02-13 09:00:00,97,91,1.27663516184547,0.0,0.0,0.07,optimal
2021-02-13 09:30:00,97,91,1.2162997306763765,0.0,0.0,0.22106666666666663,optimal
2021-02-13 10:00:00,97,91,0.985685751392784,0.0,0.0,0.07,optimal
2021-02-13 10:30:00,97,91,0.9822510461113452,0.0,0.0,0.07,optimal
2021-02-13 11:00:00,97,91,0.6344255814491233,0.0,0.0,0.22106666666666663,optimal
2021-02-13 11:30:00,97,91,0.6741527809296066,0.0,0.0,0.07,optimal
2021-02-13 12:00:00,97,91,0.5126809232372901,0.0,0.0,0.1936,optimal
2021-02-13 12:30:00,97,91,0.5332781793410776,0.0,0.0,0.09746666666666669,optimal
2021-02-13 13:00:00,97,91,2.4285714285714284,0.0,0.0,0.13866666666666666,optimal
2021-02-13 13:30:00,97,91,2.4285714285714284,0.0,0.0,0.1524,optimal
2021-02-13 14:00:00,97,91,2.4285714285714284,0.0,0.0,0.07,optimal
2021-02-13 14:30:00,97,91,2.4285714285714284,0.0,0.0,0.22106666666666663,optimal
2021-02-13 15:00:00,97,91,2.4285714285714284,0.0,0.0,0.07,optimal
2021-02-13 15:30:00,97,91,2.4285714285714284,0.0,0.0,0.1524,optimal
2021-02-13 16:00:00,97,91,0.0,0.0,0.0,0.13866666666666666,optimal
2021-02-13 16:30:00,97,91,0.0,0.0,0.0,0.07,optimal
2021-02-13 17:00:00,97,91,0.0,0.0,0.0,0.7771,optimal
2021-02-13 17:30:00,97,91,0.0,0.0,0.0,0.8126333333333333,optimal
2021-02-13 18:00:00,97,91,0.0,0.0,0.0,0.682,optimal
2021-02-13 18:30:00,97,91,0.0,0.0,0.0,0.9798666666666668,optimal
2021-02-13 19:00:00,97,91,0.0,0.0,0.0,0.7682333333333333,optimal
2021-02-13 19:30:00,97,91,0.0,0.0,0.0,1.1364333333333334,optimal
2021-02-13 20:00:00,97,91,0.6018872780972953,0.0,0.0,1.1618,optimal
2021-02-13 20:30:00,97,91,0.0,0.0,0.0,0.4400333333333334,optimal
2021-02-13 21:00:00,97,91,0.0,0.0,0.0,1.2724666666666666,optimal
2021-02-13 21:30:00,97,91,0.0,0.0,0.0,0.9978333333333333,optimal
2021-02-13 22:00:00,97,91,0.0,0.0,0.0,1.5926666666666667,optimal
2021-02-13 22:30:00,97,91,0.0,0.0,0.0,1.4704666666666666,optimal
2021-02-13 23:00:00,97,91,0.0,0.0,0.0,0.9600333333333332,optimal
2021-02-13 23:30:00,97,91,0.0,0.0,0.0,0.13866666666666666,optimal
2021-02-07 00:00:00,98,91,0.0,0.0,0.0,0.061,optimal
2021-02-07 00:30:00,98,91,0.0,0.0,0.0,0.061,optimal
2021-02-07 01:00:00,98,91,0.0,0.0,0.0,0.07,optimal
2021-02-07 01:30:00,98,91,0.0,0.0,0.0,0.106,optimal
2021-02-07 02:00:00,98,91,0.0,0.0,0.0,0.061,optimal
2021-02-07 02:30:00,98,91,0.0,0.0,0.0,0.115,optimal
2021-02-07 03:00:00,98,91,0.0,0.0,0.0,0.061,optimal
2021-02-07 03:30:00,98,91,0.0,0.0,0.0,0.061,optimal
2021-02-07 04:00:00,98,91,2.2857142857142856,0.0,0.0,0.082,optimal
2021-02-07 04:30:00,98,91,2.2857142857142856,0.0,0.0,0.094,optimal
2021-02-07 05:00:00,98,91,2.2857142857142856,0.0,0.0,0.085,optimal
2021-02-07 05:30:00,98,91,2.2857142857142856,0.0,0.0,0.091,optimal
2021-02-07 06:00:00,98,91,2.2857142857142856,0.0,0.0,0.06133333333333334,optimal
2021-02-07 06:30:00,98,91,2.2857142857142856,0.0,0.0,0.06733333333333333,optimal
2021-02-07 07:00:00,98,91,2.2857142857142856,0.0,0.0,0.115,optimal
2021-02-07 07:30:00,98,91,0.0,0.0,0.0,0.061,optimal
2021-02-07 08:00:00,98,91,0.0,0.0,0.0,0.091,optimal
2021-02-07 08:30:00,98,91,0.0,0.0,0.0,0.085,optimal
2021-02-07 09:00:00,98,91,0.8468656253491197,0.0,0.0,0.060333333333333336,optimal
2021-02-07 09:30:00,98,91,1.108028125236898,0.0,0.0,0.12179999999999999,optimal
2021-02-07 10:00:00,98,91,1.007319775340883,0.0,0.0,0.0853,optimal
2021-02-07 10:30:00,98,91,1.0130749001894936,0.0,0.0,0.0952,optimal
2021-02-07 11:00:00,98,91,0.8716116373410777,0.0,0.0,0.092,optimal
2021-02-07 11:30:00,98,91,0.8799259230553566,0.0,0.0,0.059,optimal
2021-02-07 12:00:00,98,91,0.7198483180532205,0.0,0.0,0.299,optimal
2021-02-07 12:30:00,98,91,0.7473149847198858,0.0,0.0,0.20986666666666667,optimal
2021-02-07 13:00:00,98,91,2.2857142857142856,0.0,0.0,0.3323333333333333,optimal
2021-02-07 13:30:00,98,91,2.2857142857142856,0.0,0.0,0.43439999999999995,optimal
2021-02-07 14:00:00,98,91,2.2857142857142856,0.0,2.8898658055358415,0.3002666666666666,optimal
2021-02-07 14:30:00,98,91,2.2857142857142856,0.0,0.0,0.2127333333333333,optimal
2021-02-07 15:00:00,98,91,2.2857142857142856,0.0,0.0,0.125,optimal
2021-02-07 15:30:00,98,91,2.2857142857142856,0.0,0.0,0.071,optimal
2021-02-07 16:00:00,98,91,0.0,0.0,0.0,0.113,optimal
2021-02-07 16:30:00,98,91,0.0,0.0,0.0,1.5249333333333335,optimal
2021-02-07 17:00:00,98,91,0.0,0.0,0.0,0.45206666666666667,optimal
2021-02-07 17:30:00,98,91,0.0,0.0,0.0,0.5281,optimal
2021-02-07 18:00:00,98,91,0.0,0.0,0.0,0.2731,optimal
2021-02-07 18:30:00,98,91,0.0,0.0,0.0,0.3941,optimal
2021-02-07 19:00:00,98,91,0.0,0.0,0.0,0.38296666666666657,optimal
2021-02-07 19:30:00,98,91,0.0,0.0,0.0,1.6904333333333335,optimal
2021-02-07 20:00:00,98,91,0.08241256560574443,0.0,0.0,1.187,optimal
2021-02-07 20:30:00,98,91,0.0,0.0,0.0,0.30689999999999995,optimal
2021-02-07 21:00:00,98,91,0.0,0.0,0.0,0.49310000000000004,optimal
2021-02-07 21:30:00,98,91,0.0,0.0,0.0,0.17966666666666667,optimal
2021-02-07 22:00:00,98,91,0.0,0.0,0.0,0.13876666666666668,optimal
2021-02-07 22:30:00,98,91,0.0,0.0,0.0,0.125,optimal
2021-02-07 23:00:00,98,91,0.0,0.0,0.0,0.071,optimal
2021-02-07 23:30:00,98,91,0.0,0.0,0.0,0.3141666666666667,optimal
2021-02-08 00:00:00,98,91,0.0,0.0,0.0,0.063,optimal
2021-02-08 00:30:00,98,91,0.0,0.0,0.0,0.063,optimal
2021-02-08 01:00:00,98,91,0.0,0.0,0.0,0.10133333333333332,optimal
2021-02-08 01:30:00,98,91,0.0,0.0,0.0,0.09366666666666669,optimal
2021-02-08 02:00:00,98,91,0.0,0.0,0.0,0.09116666666666669,optimal
2021-02-08 02:30:00,98,91,1.8734591016628401,0.0,0.0,0.11416666666666668,optimal
2021-02-08 03:00:00,98,91,2.2857142857142856,0.0,0.0,0.063,optimal
2021-02-08 03:30:00,98,91,2.2857142857142856,0.0,0.0,0.063,optimal
2021-02-08 04:00:00,98,91,2.2857142857142856,0.0,0.0,0.132,optimal
2021-02-08 04:30:00,98,91,2.2857142857142856,0.0,3.492477726036761,0.063,optimal
2021-02-08 05:00:00,98,91,2.2857142857142856,0.0,10.0,1.0452666666666668,optimal
2021-02-08 05:30:00,98,91,2.2857142857142856,0.0,0.0,1.2044000000000001,optimal
2021-02-08 06:00:00,98,91,2.2857142857142856,0.0,0.0,0.1541,optimal
2021-02-08 06:30:00,98,91,2.2857142857142856,0.0,0.0,2.3135,optimal
2021-02-08 07:00:00,98,91,2.2857142857142856,0.0,0.0,0.31156666666666666,optimal
2021-02-08 07:30:00,98,91,2.2857142857142856,0.0,0.0,0.1675,optimal
2021-02-08 08:00:00,98,91,1.3014519577256451,0.0,0.0,0.073,optimal
2021-02-08 08:30:00,98,91,1.2886070825742428,0.0,0.0,0.142,optimal
2021-02-08 09:00:00,98,91,1.1757329757870996,0.0,0.0,0.073,optimal
2021-02-08 09:30:00,98,91,1.145714574228503,0.0,0.0,0.142,optimal
2021-02-08 10:00:00,98,91,0.934781415256897,0.0,0.0,0.073,optimal
2021-02-08 10:30:00,98,91,0.9417998168155078,0.0,0.0,0.0845,optimal
2021-02-08 11:00:00,98,91,0.6795695618173877,0.0,0.0,0.1305,optimal
2021-02-08 11:30:00,98,91,0.684747770302128,0.0,0.0,0.08833333333333333,optimal
2021-02-08 12:00:00,98,91,0.5040595006286244,0.0,0.0,0.2176,optimal
2021-02-08 12:30:00,98,91,0.5876349652171368,0.0,0.0,0.073,optimal
2021-02-08 13:00:00,98,91,2.2857142857142856,0.0,0.0,0.073,optimal
2021-02-08 13:30:00,98,91,2.2857142857142856,0.0,0.0,0.073,optimal
2021-02-08 14:00:00,98,91,2.2857142857142856,0.0,0.0,0.142,optimal
2021-02-08 14:30:00,98,91,2.2857142857142856,0.0,0.0,0.073,optimal
2021-02-08 15:00:00,98,91,2.2857142857142856,0.0,0.0,0.096,optimal
2021-02-08 15:30:00,98,91,2.2857142857142856,0.0,0.0,0.119,optimal
2021-02-08 16:00:00,98,91,0.0,0.0,0.0,0.073,optimal
2021-02-08 16:30:00,98,91,0.0,0.0,0.0,0.073,optimal
2021-02-08 17:00:00,98,91,0.0,0.0,0.0,0.142,optimal
2021-02-08 17:30:00,98,91,0.0,0.0,0.0,0.073,optimal
2021-02-08 18:00:00,98,91,0.0,0.0,0.0,0.5345666666666667,optimal
2021-02-08 18:30:00,98,91,0.0,0.0,0.0,0.33476666666666666,optimal
2021-02-08 19:00:00,98,91,0.0,0.0,0.0,0.5906333333333333,optimal
2021-02-08 19:30:00,98,91,0.0,0.0,0.0,2.3959333333333332,optimal
2021-02-08 20:00:00,98,91,0.5752147939234532,0.0,0.0,0.41273333333333334,optimal
2021-02-08 20:30:00,98,91,0.0,0.0,0.0,0.307,optimal
2021-02-08 21:00:00,98,91,0.0,0.0,0.0,0.37023333333333336,optimal
2021-02-08 21:30:00,98,91,0.0,0.0,0.0,0.4446333333333333,optimal
2021-02-08 22:00:00,98,91,0.43272952380952384,0.0,0.0,0.42103333333333337,optimal
2021-02-08 22:30:00,98,91,0.0,0.0,0.0,0.3525,optimal
2021-02-08 23:00:00,98,91,0.0,0.0,0.0,2.4969,optimal
2021-02-08 23:30:00,98,91,0.0,0.0,0.0,0.4289,optimal
2021-02-09 00:00:00,98,91,0.0,0.0,0.0,0.052,optimal
2021-02-09 00:30:00,98,91,0.4379047619047619,0.0,0.0,0.052,optimal
2021-02-09 01:00:00,98,91,0.0,0.0,0.0,0.052,optimal
2021-02-09 01:30:00,98,91,0.0,0.0,0.0,0.168,optimal
2021-02-09 02:00:00,98,91,0.42211638454502826,0.0,0.0,0.052,optimal
2021-02-09 02:30:00,98,91,2.2857142857142856,0.0,0.0,0.052,optimal
2021-02-09 03:00:00,98,91,2.2857142857142856,0.0,0.0,0.168,optimal
2021-02-09 03:30:00,98,91,2.2857142857142856,0.0,0.0,0.052,optimal
2021-02-09 04:00:00,98,91,2.2857142857142856,0.0,0.0,0.052,optimal
2021-02-09 04:30:00,98,91,2.2857142857142856,0.0,0.0,0.052,optimal
2021-02-09 05:00:00,98,91,2.2857142857142856,0.0,0.0,0.052,optimal
2021-02-09 05:30:00,98,91,2.2857142857142856,0.0,0.0,0.0752,optimal
2021-02-09 06:00:00,98,91,2.2857142857142856,0.0,8.252136925682661,0.15180000000000002,optimal
2021-02-09 06:30:00,98,91,2.2857142857142856,0.0,10.0,0.062,optimal
2021-02-09 07:00:00,98,91,2.2857142857142856,0.0,10.0,0.248,optimal
2021-02-09 07:30:00,98,91,2.2857142857142856,0.0,0.0,0.10840000000000001,optimal
2021-02-09 08:00:00,98,91,1.210280462315352,0.0,0.0,0.2154,optimal
2021-02-09 08:30:00,98,91,1.285277298852002,0.0,0.0,0.05733333333333333,optimal
2021-02-09 09:00:00,98,91,1.1676323059160547,0.0,0.0,0.171,optimal
2021-02-09 09:30:00,98,91,1.1801669313702767,0.0,0.0,0.052,optimal
2021-02-09 10:00:00,98,91,0.9113238102272045,0.0,0.0,0.052,optimal
2021-02-09 10:30:00,98,91,0.8891788552485784,0.0,0.0,0.0694,optimal
2021-02-09 11:00:00,98,91,0.6173053757546477,0.0,0.0,0.15059999999999998,optimal
2021-02-09 11:30:00,98,91,0.6420420990446549,0.0,0.0,0.052,optimal
2021-02-09 12:00:00,98,91,0.4436934850657784,0.0,0.0,0.168,optimal
2021-02-09 12:30:00,98,91,0.4802710474900723,0.0,0.0,0.052,optimal
2021-02-09 13:00:00,98,91,2.2559909012468458,0.0,0.0,0.052,optimal
2021-02-09 13:30:00,98,91,2.152696850030402,0.0,0.0,0.168,optimal
2021-02-09 14:00:00,98,91,2.2857142857142856,0.0,0.0,0.052,optimal
2021-02-09 14:30:00,98,91,2.2857142857142856,0.0,0.0,0.13466666666666666,optimal
2021-02-09 15:00:00,98,91,2.2857142857142856,0.0,0.0,0.214,optimal
2021-02-09 15:30:00,98,91,2.2857142857142856,0.0,0.0,0.3097333333333333,optimal
2021-02-09 16:00:00,98,91,0.0,0.0,0.0,0.5012,optimal
2021-02-09 16:30:00,98,91,0.0,0.0,0.0,0.4116666666666667,optimal
2021-02-09 17:00:00,98,91,0.0,0.0,0.0,0.6048,optimal
2021-02-09 17:30:00,98,91,0.0,0.0,0.0,1.1022,optimal
2021-02-09 18:00:00,98,91,0.0,0.0,0.0,0.5047,optimal
2021-02-09 18:30:00,98,91,0.0,0.0,0.0,0.8047000000000001,optimal
2021-02-09 19:00:00,98,91,0.0,0.0,0.0,1.2203333333333333,optimal
2021-02-09 19:30:00,98,91,0.0,0.0,0.0,0.5961000000000001,optimal
2021-02-09 20:00:00,98,91,0.0,0.0,0.0,0.3811333333333333,optimal
2021-02-09 20:30:00,98,91,0.0,0.0,0.0,0.5115,optimal
2021-02-09 21:00:00,98,91,0.0,0.0,0.0,0.2869,optimal
2021-02-09 21:30:00,98,91,0.0,0.0,0.0,0.4613333333333333,optimal
2021-02-09 22:00:00,98,91,0.0,0.0,0.0,0.062,optimal
2021-02-09 22:30:00,98,91,0.0,0.0,0.0,0.1026,optimal
2021-02-09 23:00:00,98,91,0.0,0.0,0.0,0.1374,optimal
2021-02-09 23:30:00,98,91,0.0,0.0,0.0,0.062,optimal
2021-02-10 00:00:00,98,91,0.0,0.0,0.0,0.122,optimal
2021-02-10 00:30:00,98,91,2.2857142857142856,0.0,0.0,0.053,optimal
2021-02-10 01:00:00,98,91,0.7995238095238095,0.0,0.0,0.053,optimal
2021-02-10 01:30:00,98,91,0.0,0.0,0.0,0.122,optimal
2021-02-10 02:00:00,98,91,1.5307614039190154,0.0,0.0,0.053,optimal
2021-02-10 02:30:00,98,91,2.2857142857142856,0.0,0.0,0.122,optimal
2021-02-10 03:00:00,98,91,2.2857142857142856,0.0,0.0,0.052333333333333336,optimal
2021-02-10 03:30:00,98,91,2.2857142857142856,0.0,0.0,0.053,optimal
2021-02-10 04:00:00,98,91,2.2857142857142856,0.0,0.0,0.053,optimal
2021-02-10 04:30:00,98,91,2.2857142857142856,0.0,0.0,0.0645,optimal
2021-02-10 05:00:00,98,91,2.2857142857142856,0.0,0.0,0.1105,optimal
2021-02-10 05:30:00,98,91,2.2857142857142856,0.0,0.0,0.053,optimal
2021-02-10 06:00:00,98,91,2.2857142857142856,0.0,0.0,0.09516666666666669,optimal
2021-02-10 06:30:00,98,91,2.2857142857142856,0.0,0.0,0.07983333333333333,optimal
2021-02-10 07:00:00,98,91,2.2857142857142856,0.0,6.86366904218186,0.07123333333333333,optimal
2021-02-10 07:30:00,98,91,2.2857142857142856,0.0,0.0,0.13533333333333333,optimal
2021-02-10 08:00:00,98,91,1.1962089485055925,0.0,0.0,0.9625666666666668,optimal
2021-02-10 08:30:00,98,91,1.2100263178560107,0.0,0.0,0.051,optimal
2021-02-10 09:00:00,98,91,0.9315316832709265,0.0,0.0,0.9934,optimal
2021-02-10 09:30:00,98,91,0.964406195478488,0.0,0.0,0.1155,optimal
2021-02-10 10:00:00,98,91,0.6918581331632995,0.0,0.0,0.267,optimal
2021-02-10 10:30:00,98,91,0.7189254458904097,0.0,0.0,2.5014000000000003,optimal
2021-02-10 11:00:00,98,91,0.686411900348245,0.0,0.0,0.204,optimal
2021-02-10 11:30:00,98,91,0.6216377278805968,0.0,0.0,0.2596666666666667,optimal
2021-02-10 12:00:00,98,91,0.3199801605506579,0.0,0.0,0.49973333333333336,optimal
2021-02-10 12:30:00,98,91,0.3715458748363672,0.0,0.0,0.3923333333333333,optimal
2021-02-10 13:00:00,98,91,2.2857142857142856,0.0,0.0,0.063,optimal
2021-02-10 13:30:00,98,91,2.2857142857142856,0.0,0.0,0.226,optimal
2021-02-10 14:00:00,98,91,2.2857142857142856,0.0,0.0,0.2833,optimal
2021-02-10 14:30:00,98,91,2.2857142857142856,0.0,0.0,0.11366666666666668,optimal
2021-02-10 15:00:00,98,91,2.2857142857142856,0.0,0.0,0.41276666666666667,optimal
2021-02-10 15:30:00,98,91,2.2857142857142856,0.0,0.0,0.22016666666666662,optimal
2021-02-10 16:00:00,98,91,0.0,0.0,0.0,0.2888,optimal
2021-02-10 16:30:00,98,91,0.0,0.0,0.0,0.20516666666666664,optimal
2021-02-10 17:00:00,98,91,0.0,0.0,0.0,0.1425,optimal
2021-02-10 17:30:00,98,91,0.0,0.0,0.0,0.08083333333333333,optimal
2021-02-10 18:00:00,98,91,0.0,0.0,0.0,0.16333333333333333,optimal
2021-02-10 18:30:00,98,91,0.0,0.0,0.0,0.1955,optimal
2021-02-10 19:00:00,98,91,0.0,0.0,0.0,0.2162333333333333,optimal
2021-02-10 19:30:00,98,91,0.0,0.0,0.0,0.14656666666666665,optimal
2021-02-10 20:00:00,98,91,0.1077728565335257,0.0,0.0,0.23133333333333328,optimal
2021-02-10 20:30:00,98,91,0.0,0.0,0.0,0.2824,optimal
2021-02-10 21:00:00,98,91,0.0,0.0,0.0,0.30226666666666663,optimal
2021-02-10 21:30:00,98,91,0.0,0.0,0.0,0.19166666666666662,optimal
2021-02-10 22:00:00,98,91,0.0,0.0,0.0,0.06833333333333333,optimal
2021-02-10 22:30:00,98,91,0.0,0.0,0.0,0.0745,optimal
2021-02-10 23:00:00,98,91,0.0,0.0,0.0,0.1205,optimal
2021-02-10 23:30:00,98,91,0.0,0.0,0.0,0.05866666666666666,optimal
2021-02-11 00:00:00,98,91,0.0398095238095238,0.0,0.0,1.0386,optimal
2021-02-11 00:30:00,98,91,0.8957142857142857,0.0,0.0,0.059,optimal
2021-02-11 01:00:00,98,91,2.0082386310884037,0.0,0.0,0.06520000000000001,optimal
2021-02-11 01:30:00,98,91,2.2857142857142856,0.0,0.0,0.18919999999999998,optimal
2021-02-11 02:00:00,98,91,2.2857142857142856,0.0,0.0,0.059,optimal
2021-02-11 02:30:00,98,91,2.2857142857142856,0.0,0.0,0.07759999999999999,optimal
2021-02-11 03:00:00,98,91,2.2857142857142856,0.0,0.0,0.1768,optimal
2021-02-11 03:30:00,98,91,2.2857142857142856,0.0,0.0,0.059,optimal
2021-02-11 04:00:00,98,91,2.2857142857142856,0.0,0.0,0.19540000000000002,optimal
2021-02-11 04:30:00,98,91,2.2857142857142856,0.0,0.0,0.059,optimal
2021-02-11 05:00:00,98,91,2.2857142857142856,0.0,0.0,0.15819999999999998,optimal
2021-02-11 05:30:00,98,91,2.2857142857142856,0.0,0.0,0.09620000000000001,optimal
2021-02-11 06:00:00,98,91,2.2857142857142856,0.0,0.0,0.059,optimal
2021-02-11 06:30:00,98,91,2.2857142857142856,0.0,0.0,0.19540000000000002,optimal
2021-02-11 07:00:00,98,91,2.2857142857142856,0.0,8.755333188685064,0.059,optimal
2021-02-11 07:30:00,98,91,2.2857142857142856,0.0,0.0,0.058,optimal
2021-02-11 08:00:00,98,91,1.3124537179875877,0.0,0.0,2.1246,optimal
2021-02-11 08:30:00,98,91,1.3255959290699992,0.0,0.0,0.3893333333333333,optimal
2021-02-11 09:00:00,98,91,1.3579846840462475,0.0,0.0,0.059,optimal
2021-02-11 09:30:00,98,91,1.210982266901615,0.0,0.0,0.1768,optimal
2021-02-11 10:00:00,98,91,0.8191726830155533,0.0,0.0,0.07759999999999999,optimal
2021-02-11 10:30:00,98,91,0.8657034321070997,0.0,0.0,0.059,optimal
2021-02-11 11:00:00,98,91,0.519710937200115,0.0,0.0,0.2651,optimal
2021-02-11 11:30:00,98,91,0.40131416750234605,0.0,0.0,0.30086666666666667,optimal
2021-02-11 12:00:00,98,91,0.0,0.0,0.0,1.7449666666666668,optimal
2021-02-11 12:30:00,98,91,0.034173332118644754,0.0,0.0,1.1569333333333334,optimal
2021-02-11 13:00:00,98,91,2.2857142857142856,0.0,0.0,0.173,optimal
2021-02-11 13:30:00,98,91,2.2857142857142856,0.0,0.0,0.5454,optimal
2021-02-11 14:00:00,98,91,2.2857142857142856,0.0,0.0,1.4730333333333332,optimal
2021-02-11 14:30:00,98,91,2.2857142857142856,0.0,0.0,1.7178666666666667,optimal
2021-02-11 15:00:00,98,91,2.2857142857142856,0.0,0.0,1.7023,optimal
2021-02-11 15:30:00,98,91,2.2857142857142856,0.0,0.0,0.36256666666666665,optimal
2021-02-11 16:00:00,98,91,0.0,0.0,0.0,1.7160666666666666,optimal
2021-02-11 16:30:00,98,91,0.0,0.0,0.0,1.2495999999999998,optimal
2021-02-11 17:00:00,98,91,0.0,0.0,0.0,1.6639000000000002,optimal
2021-02-11 17:30:00,98,91,0.0,0.0,0.0,0.5695333333333333,optimal
2021-02-11 18:00:00,98,91,0.0,0.0,0.0,1.7392333333333332,optimal
2021-02-11 18:30:00,98,91,0.0,0.0,0.0,1.1461666666666668,optimal
2021-02-11 19:00:00,98,91,0.0,0.0,0.0,1.4075666666666666,optimal
2021-02-11 19:30:00,98,91,0.0,0.0,0.0,1.2010333333333334,optimal
2021-02-11 20:00:00,98,91,0.9815549897737392,0.0,0.0,0.7287666666666667,optimal
2021-02-11 20:30:00,98,91,0.0,0.0,0.0,0.22393333333333332,optimal
2021-02-11 21:00:00,98,91,0.0,0.0,0.0,0.3611666666666667,optimal
2021-02-11 21:30:00,98,91,0.0,0.0,0.0,0.4963,optimal
2021-02-11 22:00:00,98,91,0.0,0.0,0.0,0.069,optimal
2021-02-11 22:30:00,98,91,0.0,0.0,0.0,0.2054,optimal
2021-02-11 23:00:00,98,91,0.0,0.0,0.0,0.069,optimal
2021-02-11 23:30:00,98,91,0.0,0.0,0.0,0.06666666666666667,optimal
2021-02-12 00:00:00,98,91,0.1292580979202636,0.0,0.0,0.10566666666666669,optimal
2021-02-12 00:30:00,98,91,2.2857142857142856,0.0,0.0,0.11166666666666669,optimal
2021-02-12 01:00:00,98,91,2.2857142857142856,0.0,0.0,0.1517666666666667,optimal
2021-02-12 01:30:00,98,91,2.2857142857142856,0.0,0.0,0.3021666666666667,optimal
2021-02-12 02:00:00,98,91,2.2857142857142856,0.0,0.0,0.062,optimal
2021-02-12 02:30:00,98,91,2.2857142857142856,0.0,0.0,0.1633,optimal
2021-02-12 03:00:00,98,91,2.2857142857142856,0.0,0.0,0.27063333333333334,optimal
2021-02-12 03:30:00,98,91,2.2857142857142856,0.0,0.0,0.1288,optimal
2021-02-12 04:00:00,98,91,2.2857142857142856,0.0,0.0,0.2049,optimal
2021-02-12 04:30:00,98,91,2.2857142857142856,0.0,0.0,0.22116666666666662,optimal
2021-02-12 05:00:00,98,91,2.2857142857142856,0.0,0.0,0.06520000000000001,optimal
2021-02-12 05:30:00,98,91,2.2857142857142856,0.0,7.132489004910203,0.3621333333333333,optimal
2021-02-12 06:00:00,98,91,2.2857142857142856,0.0,10.0,1.2487666666666668,optimal
2021-02-12 06:30:00,98,91,2.2857142857142856,0.0,0.0,0.2915,optimal
2021-02-12 07:00:00,98,91,2.2857142857142856,0.0,0.0,0.26513333333333333,optimal
2021-02-12 07:30:00,98,91,2.2857142857142856,0.0,0.0,0.17653333333333332,optimal
2021-02-12 08:00:00,98,91,2.2857142857142856,0.0,0.0,0.11366666666666668,optimal
2021-02-12 08:30:00,98,91,1.8555616344195318,0.0,0.0,0.15159999999999998,optimal
2021-02-12 09:00:00,98,91,1.2757494447375732,0.0,0.0,0.24480000000000002,optimal
2021-02-12 09:30:00,98,91,1.1501671742590205,0.0,0.0,0.9452666666666668,optimal
2021-02-12 10:00:00,98,91,0.6450586045769234,0.0,0.0,0.26893333333333336,optimal
2021-02-12 10:30:00,98,91,0.6656762004206416,0.0,0.0,0.17393333333333333,optimal
2021-02-12 11:00:00,98,91,0.36075970832711746,0.0,0.0,0.23876666666666668,optimal
2021-02-12 11:30:00,98,91,0.22058214590282782,0.0,0.0,0.4477,optimal
2021-02-12 12:00:00,98,91,0.10397063713642693,0.0,0.0,0.5101,optimal
2021-02-12 12:30:00,98,91,0.10601212233119464,0.0,0.0,0.5342,optimal
2021-02-12 13:00:00,98,91,0.5058228293003157,0.0,0.0,0.2621,optimal
2021-02-12 13:30:00,98,91,2.2857142857142856,0.0,0.0,0.3152333333333333,optimal
2021-02-12 14:00:00,98,91,2.2857142857142856,0.0,0.0,0.2877,optimal
2021-02-12 14:30:00,98,91,2.2857142857142856,0.0,0.0,0.38906666666666667,optimal
2021-02-12 15:00:00,98,91,2.2857142857142856,0.0,0.0,0.4419333333333333,optimal
2021-02-12 15:30:00,98,91,2.2857142857142856,0.0,0.0,0.22173333333333328,optimal
2021-02-12 16:00:00,98,91,0.0,0.0,0.0,0.3350666666666667,optimal
2021-02-12 16:30:00,98,91,0.0,0.0,0.0,0.37406666666666666,optimal
2021-02-12 17:00:00,98,91,0.0,0.0,0.0,0.33936666666666665,optimal
2021-02-12 17:30:00,98,91,0.0,0.0,0.0,0.29456666666666664,optimal
2021-02-12 18:00:00,98,91,0.0,0.0,0.0,0.44156666666666666,optimal
2021-02-12 18:30:00,98,91,0.0,0.0,0.0,0.3127333333333333,optimal
2021-02-12 19:00:00,98,91,0.0,0.0,0.0,1.4662,optimal
2021-02-12 19:30:00,98,91,0.0,0.0,0.0,0.9873999999999999,optimal
2021-02-12 20:00:00,98,91,0.0,0.0,0.0,0.5941333333333333,optimal
2021-02-12 20:30:00,98,91,0.0,0.0,0.0,0.8813666666666666,optimal
2021-02-12 21:00:00,98,91,0.0,0.0,0.0,0.7212000000000001,optimal
2021-02-12 21:30:00,98,91,0.0,0.0,0.0,0.59,optimal
2021-02-12 22:00:00,98,91,0.6966666666666668,0.0,0.0,0.6211666666666666,optimal
2021-02-12 22:30:00,98,91,0.0,0.0,0.0,0.33473333333333327,optimal
2021-02-12 23:00:00,98,91,0.0,0.0,0.0,0.4933666666666667,optimal
2021-02-12 23:30:00,98,91,0.0,0.0,0.0,0.6568333333333334,optimal
2021-02-13 00:00:00,98,91,0.0,0.0,0.0,0.057,optimal
2021-02-13 00:30:00,98,91,1.0151428571428571,0.0,0.0,0.2194,optimal
2021-02-13 01:00:00,98,91,0.0,0.0,0.0,0.11406666666666666,optimal
2021-02-13 01:30:00,98,91,0.0,0.0,0.0,0.057,optimal
2021-02-13 02:00:00,98,91,1.3906488666740733,0.0,0.0,0.165,optimal
2021-02-13 02:30:00,98,91,2.2857142857142856,0.0,0.0,0.16846666666666668,optimal
2021-02-13 03:00:00,98,91,2.2857142857142856,0.0,0.0,0.057,optimal
2021-02-13 03:30:00,98,91,2.2857142857142856,0.0,0.0,0.23086666666666666,optimal
2021-02-13 04:00:00,98,91,2.2857142857142856,0.0,0.0,0.1026,optimal
2021-02-13 04:30:00,98,91,2.2857142857142856,0.0,0.0,0.165,optimal
2021-02-13 05:00:00,98,91,2.2857142857142856,0.0,0.43791231440992145,0.0874,optimal
2021-02-13 05:30:00,98,91,2.2857142857142856,0.0,10.0,0.3872,optimal
2021-02-13 06:00:00,98,91,2.2857142857142856,0.0,10.0,0.175,optimal
2021-02-13 06:30:00,98,91,2.2857142857142856,0.0,10.0,0.07786666666666665,optimal
2021-02-13 07:00:00,98,91,2.2857142857142856,0.0,10.0,0.1844,optimal
2021-02-13 07:30:00,98,91,2.2857142857142856,0.0,0.0,0.16313333333333332,optimal
2021-02-13 08:00:00,98,91,1.379918999717788,0.0,0.0,0.17846666666666666,optimal
2021-02-13 08:30:00,98,91,1.3251890563410922,0.0,0.0,0.16766666666666666,optimal
2021-02-13 09:00:00,98,91,1.1142065904169005,0.0,0.0,0.2959333333333333,optimal
2021-02-13 09:30:00,98,91,1.0951568735335167,0.0,0.0,0.3611666666666667,optimal
2021-02-13 10:00:00,98,91,0.8502857513927885,0.0,0.0,0.3913333333333333,optimal
2021-02-13 10:30:00,98,91,0.9834224746827765,0.0,0.0,0.057,optimal
2021-02-13 11:00:00,98,91,0.633425581449139,0.0,0.0,0.21566666666666662,optimal
2021-02-13 11:30:00,98,91,0.6312861142629337,0.0,0.0,0.17046666666666666,optimal
2021-02-13 12:00:00,98,91,0.41436663752301484,0.0,0.0,0.3398,optimal
2021-02-13 12:30:00,98,91,0.35820198886489457,0.0,0.0,0.4073333333333333,optimal
2021-02-13 13:00:00,98,91,2.2857142857142856,0.0,0.0,0.28913333333333335,optimal
2021-02-13 13:30:00,98,91,2.2857142857142856,0.0,0.0,0.3409333333333333,optimal
2021-02-13 14:00:00,98,91,2.2857142857142856,0.0,0.0,0.1668,optimal
2021-02-13 14:30:00,98,91,2.2857142857142856,0.0,0.0,0.094,optimal
2021-02-13 15:00:00,98,91,2.2857142857142856,0.0,0.0,0.17333333333333334,optimal
2021-02-13 15:30:00,98,91,2.2857142857142856,0.0,0.0,0.15313333333333332,optimal
2021-02-13 16:00:00,98,91,0.0,0.0,0.0,0.175,optimal
2021-02-13 16:30:00,98,91,0.0,0.0,0.0,0.4714,optimal
2021-02-13 17:00:00,98,91,0.0,0.0,0.0,0.12496666666666668,optimal
2021-02-13 17:30:00,98,91,0.0,0.0,0.0,0.28646666666666665,optimal
2021-02-13 18:00:00,98,91,0.0,0.0,0.0,0.2518,optimal
2021-02-13 18:30:00,98,91,0.0,0.0,0.0,0.21366666666666662,optimal
2021-02-13 19:00:00,98,91,0.0,0.0,0.0,0.3644,optimal
2021-02-13 19:30:00,98,91,0.22813095456904536,0.0,0.0,0.6394,optimal
2021-02-13 20:00:00,98,91,1.2145320225329177,0.0,0.0,0.2764,optimal
2021-02-13 20:30:00,98,91,0.0,0.0,0.0,0.30086666666666667,optimal
2021-02-13 21:00:00,98,91,0.0,0.0,0.0,0.5271333333333333,optimal
2021-02-13 21:30:00,98,91,0.0,0.0,0.0,0.13816666666666666,optimal
2021-02-13 22:00:00,98,91,0.0,0.0,0.0,1.6689333333333334,optimal
2021-02-13 22:30:00,98,91,0.0398095238095238,0.0,0.0,0.4052,optimal
2021-02-13 23:00:00,98,91,0.0,0.0,0.0,0.29506666666666664,optimal
2021-02-13 23:30:00,98,91,0.0,0.0,0.0,0.3704666666666666,optimal
2021-02-07 00:00:00,99,91,0.0,0.0,0.0,0.05546666666666667,optimal
2021-02-07 00:30:00,99,91,0.0,0.0,0.0,0.045,optimal
2021-02-07 01:00:00,99,91,0.0,0.0,0.0,0.045,optimal
2021-02-07 01:30:00,99,91,0.0,0.0,0.0,0.045,optimal
2021-02-07 02:00:00,99,91,0.0,0.0,0.0,0.111,optimal
2021-02-07 02:30:00,99,91,0.0,0.0,0.0,0.045,optimal
2021-02-07 03:00:00,99,91,0.0,0.0,0.0,0.045,optimal
2021-02-07 03:30:00,99,91,0.0,0.0,0.0,0.111,optimal
2021-02-07 04:00:00,99,91,2.2857142857142856,0.0,0.0,0.045,optimal
2021-02-07 04:30:00,99,91,2.2857142857142856,0.0,0.0,0.045,optimal
2021-02-07 05:00:00,99,91,2.2857142857142856,0.0,0.0,0.08166666666666667,optimal
2021-02-07 05:30:00,99,91,2.2857142857142856,0.0,0.0,0.07433333333333333,optimal
2021-02-07 06:00:00,99,91,2.2857142857142856,0.0,0.0,0.05666666666666666,optimal
2021-02-07 06:30:00,99,91,2.2857142857142856,0.0,0.0,1.2359666666666667,optimal
2021-02-07 07:00:00,99,91,2.2857142857142856,0.0,2.0120072799789424,0.096,optimal
2021-02-07 07:30:00,99,91,0.0,0.0,0.0,0.2523,optimal
2021-02-07 08:00:00,99,91,0.0,0.0,0.0,0.154,optimal
2021-02-07 08:30:00,99,91,0.0,0.0,0.0,1.018,optimal
2021-02-07 09:00:00,99,91,0.0,0.0,0.0,0.26646666666666663,optimal
2021-02-07 09:30:00,99,91,0.0,0.0,0.0,0.4044,optimal
2021-02-07 10:00:00,99,91,1.0563476847229638,0.0,0.0,0.066,optimal
2021-02-07 10:30:00,99,91,1.0534463287609195,0.0,0.0,0.11,optimal
2021-02-07 11:00:00,99,91,0.9337830659124989,0.0,0.0,0.055,optimal
2021-02-07 11:30:00,99,91,0.930640208769635,0.0,0.0,0.066,optimal
2021-02-07 12:00:00,99,91,0.820448318053217,0.0,0.0,0.11,optimal
2021-02-07 12:30:00,99,91,0.8361626037674905,0.0,0.0,0.055,optimal
2021-02-07 13:00:00,99,91,2.2857142857142856,0.0,0.0,0.055,optimal
2021-02-07 13:30:00,99,91,2.2857142857142856,0.0,0.0,0.055,optimal
2021-02-07 14:00:00,99,91,2.2857142857142856,0.0,0.0,0.121,optimal
2021-02-07 14:30:00,99,91,2.2857142857142856,0.0,0.0,0.055,optimal
2021-02-07 15:00:00,99,91,2.2857142857142856,0.0,0.0,0.121,optimal
2021-02-07 15:30:00,99,91,2.2857142857142856,0.0,0.0,0.19876666666666667,optimal
2021-02-07 16:00:00,99,91,0.0,0.0,0.0,0.121,optimal
2021-02-07 16:30:00,99,91,0.0,0.0,0.0,0.22426666666666667,optimal
2021-02-07 17:00:00,99,91,0.0,0.0,0.0,0.3041333333333333,optimal
2021-02-07 17:30:00,99,91,0.0,0.0,0.0,0.27996666666666664,optimal
2021-02-07 18:00:00,99,91,0.0,0.0,0.0,1.3236333333333334,optimal
2021-02-07 18:30:00,99,91,0.0,0.0,0.0,2.6374666666666666,optimal
2021-02-07 19:00:00,99,91,0.0,0.0,0.0,0.4276666666666667,optimal
2021-02-07 19:30:00,99,91,0.0,0.0,0.0,0.47103333333333336,optimal
2021-02-07 20:00:00,99,91,0.48174459435326705,0.0,0.0,0.15033333333333335,optimal
2021-02-07 20:30:00,99,91,0.0,0.0,0.0,0.055,optimal
2021-02-07 21:00:00,99,91,0.0,0.0,0.0,0.055,optimal
2021-02-07 21:30:00,99,91,0.0,0.0,0.0,0.121,optimal
2021-02-07 22:00:00,99,91,0.0,0.0,0.0,0.055,optimal
2021-02-07 22:30:00,99,91,0.0,0.0,0.0,0.066,optimal
2021-02-07 23:00:00,99,91,0.0,0.0,0.0,0.11,optimal
2021-02-07 23:30:00,99,91,0.0,0.0,0.0,0.17306666666666667,optimal
2021-02-08 00:00:00,99,91,0.0,0.0,0.0,0.06153333333333333,optimal
2021-02-08 00:30:00,99,91,0.0,0.0,0.0,0.058,optimal
2021-02-08 01:00:00,99,91,0.0,0.0,0.0,0.058,optimal
2021-02-08 01:30:00,99,91,0.0,0.0,0.0,0.058,optimal
2021-02-08 02:00:00,99,91,0.5703626583897613,0.0,0.0,0.19440000000000002,optimal
2021-02-08 02:30:00,99,91,2.2857142857142856,0.0,0.0,0.058,optimal
2021-02-08 03:00:00,99,91,2.2857142857142856,0.0,0.0,0.16340000000000002,optimal
2021-02-08 03:30:00,99,91,2.2857142857142856,0.0,0.0,0.089,optimal
2021-02-08 04:00:00,99,91,2.2857142857142856,0.0,0.0,0.1014,optimal
2021-02-08 04:30:00,99,91,2.2857142857142856,0.0,0.0,0.151,optimal
2021-02-08 05:00:00,99,91,2.2857142857142856,0.0,0.0,0.058,optimal
2021-02-08 05:30:00,99,91,2.2857142857142856,0.0,0.0,0.2357333333333333,optimal
2021-02-08 06:00:00,99,91,2.2857142857142856,0.0,0.0,0.09933333333333332,optimal
2021-02-08 06:30:00,99,91,2.2857142857142856,0.0,5.305020446374457,0.089,optimal
2021-02-08 07:00:00,99,91,2.2857142857142856,0.0,10.0,0.16340000000000002,optimal
2021-02-08 07:30:00,99,91,2.2857142857142856,0.0,0.0,0.15,optimal
2021-02-08 08:00:00,99,91,1.080242433916123,0.0,0.0,0.32106666666666667,optimal
2021-02-08 08:30:00,99,91,1.0854737492408963,0.0,0.0,0.182,optimal
2021-02-08 09:00:00,99,91,1.1154567853109076,0.0,0.0,0.09093333333333334,optimal
2021-02-08 09:30:00,99,91,1.133971717085654,0.0,0.0,0.1758,optimal
2021-02-08 10:00:00,99,91,0.9316671295426151,0.0,0.0,0.07659999999999999,optimal
2021-02-08 10:30:00,99,91,0.9023902930059646,0.0,0.0,0.07746666666666667,optimal
2021-02-08 11:00:00,99,91,0.5687409903887984,0.0,0.0,0.36510000000000004,optimal
2021-02-08 11:30:00,99,91,0.677157294111647,0.0,0.0,0.1076,optimal
2021-02-08 12:00:00,99,91,0.5894023577714778,0.0,0.0,0.1076,optimal
2021-02-08 12:30:00,99,91,0.5650349652171404,0.0,0.0,0.1448,optimal
2021-02-08 13:00:00,99,91,0.9189546851436411,0.0,0.0,0.06633333333333333,optimal
2021-02-08 13:30:00,99,91,2.2857142857142856,0.0,0.0,0.06266666666666666,optimal
2021-02-08 14:00:00,99,91,2.2857142857142856,0.0,0.0,0.058,optimal
2021-02-08 14:30:00,99,91,2.2857142857142856,0.0,0.0,0.12096666666666668,optimal
2021-02-08 15:00:00,99,91,2.2857142857142856,0.0,0.0,0.16393333333333335,optimal
2021-02-08 15:30:00,99,91,2.2857142857142856,0.0,0.0,0.16693333333333335,optimal
2021-02-08 16:00:00,99,91,0.0,0.0,0.0,1.4986666666666668,optimal
2021-02-08 16:30:00,99,91,0.0,0.0,0.0,1.0411666666666668,optimal
2021-02-08 17:00:00,99,91,0.0,0.0,0.0,0.5,optimal
2021-02-08 17:30:00,99,91,0.0,0.0,0.0,0.2409,optimal
2021-02-08 18:00:00,99,91,0.0,0.0,0.0,0.37389999999999995,optimal
2021-02-08 18:30:00,99,91,0.0,0.0,0.0,0.37089999999999995,optimal
2021-02-08 19:00:00,99,91,0.0,0.0,0.0,0.187,optimal
2021-02-08 19:30:00,99,91,0.0,0.0,0.0,1.3433333333333333,optimal
2021-02-08 20:00:00,99,91,0.0,0.0,0.0,1.4828,optimal
2021-02-08 20:30:00,99,91,0.0,0.0,0.0,0.6035,optimal
2021-02-08 21:00:00,99,91,0.0,0.0,0.0,0.1916,optimal
2021-02-08 21:30:00,99,91,0.0,0.0,0.0,0.068,optimal
2021-02-08 22:00:00,99,91,0.0,0.0,0.0,0.0742,optimal
2021-02-08 22:30:00,99,91,0.0,0.0,0.0,0.1982,optimal
2021-02-08 23:00:00,99,91,0.0,0.0,0.0,0.16833333333333333,optimal
2021-02-08 23:30:00,99,91,0.0,0.0,0.0,0.1982,optimal
2021-02-09 00:00:00,99,91,0.0,0.0,0.0,0.0624,optimal
2021-02-09 00:30:00,99,91,0.11942857142857143,0.0,0.0,0.069,optimal
2021-02-09 01:00:00,99,91,0.0,0.0,0.0,0.23186666666666667,optimal
2021-02-09 01:30:00,99,91,0.0,0.0,0.0,0.15716666666666665,optimal
2021-02-09 02:00:00,99,91,0.8079000418417014,0.0,0.0,0.09626666666666668,optimal
2021-02-09 02:30:00,99,91,2.2857142857142856,0.0,0.0,0.2355,optimal
2021-02-09 03:00:00,99,91,2.2857142857142856,0.0,0.0,0.431,optimal
2021-02-09 03:30:00,99,91,2.2857142857142856,0.0,0.0,0.06,optimal
2021-02-09 04:00:00,99,91,2.2857142857142856,0.0,0.0,0.2312333333333333,optimal
2021-02-09 04:30:00,99,91,2.2857142857142856,0.0,0.0,0.14383333333333334,optimal
2021-02-09 05:00:00,99,91,2.2857142857142856,0.0,0.0,0.065,optimal
2021-02-09 05:30:00,99,91,2.2857142857142856,0.0,0.0,0.065,optimal
2021-02-09 06:00:00,99,91,2.2857142857142856,0.0,0.0,0.31506666666666666,optimal
2021-02-09 06:30:00,99,91,2.2857142857142856,0.0,0.0,0.06,optimal
2021-02-09 07:00:00,99,91,2.2857142857142856,0.0,7.895747375234761,0.4955,optimal
2021-02-09 07:30:00,99,91,2.2857142857142856,0.0,0.0,0.13696666666666668,optimal
2021-02-09 08:00:00,99,91,1.4234576051724996,0.0,0.0,0.0627,optimal
2021-02-09 08:30:00,99,91,1.3216392036139017,0.0,0.0,0.17466666666666666,optimal
2021-02-09 09:00:00,99,91,1.2803180202017637,0.0,0.0,0.2007333333333333,optimal
2021-02-09 09:30:00,99,91,1.1716145504178954,0.0,0.0,0.081,optimal
2021-02-09 10:00:00,99,91,0.8064571435605346,0.0,0.0,0.16863333333333333,optimal
2021-02-09 10:30:00,99,91,0.815578855248574,0.0,0.0,0.068,optimal
2021-02-09 11:00:00,99,91,0.5987148995641773,0.0,0.0,0.22766666666666663,optimal
2021-02-09 11:30:00,99,91,0.6139278133303502,0.0,0.0,0.16240000000000002,optimal
2021-02-09 12:00:00,99,91,0.4525982469705326,0.0,0.0,0.14883333333333335,optimal
2021-02-09 12:30:00,99,91,0.3619567617757876,0.0,0.0,0.38010000000000005,optimal
2021-02-09 13:00:00,99,91,2.2857142857142856,0.0,0.0,0.11553333333333332,optimal
2021-02-09 13:30:00,99,91,2.2857142857142856,0.0,0.0,0.1162,optimal
2021-02-09 14:00:00,99,91,2.2857142857142856,0.0,0.0,0.2205,optimal
2021-02-09 14:30:00,99,91,2.2857142857142856,0.0,0.0,0.1497666666666667,optimal
2021-02-09 15:00:00,99,91,2.2857142857142856,0.0,0.0,0.08979999999999999,optimal
2021-02-09 15:30:00,99,91,2.2857142857142856,0.0,0.0,0.07716666666666668,optimal
2021-02-09 16:00:00,99,91,0.0,0.0,0.0,0.31289999999999996,optimal
2021-02-09 16:30:00,99,91,0.0,0.0,0.0,0.07,optimal
2021-02-09 17:00:00,99,91,0.0,0.0,0.0,0.14883333333333335,optimal
2021-02-09 17:30:00,99,91,0.0,0.0,0.0,0.2412333333333333,optimal
2021-02-09 18:00:00,99,91,0.0,0.0,0.0,0.07,optimal
2021-02-09 18:30:00,99,91,0.0,0.0,0.0,0.136,optimal
2021-02-09 19:00:00,99,91,0.0,0.0,0.0,0.23256666666666664,optimal
2021-02-09 19:30:00,99,91,0.8770467376154008,0.0,0.0,0.0915,optimal
2021-02-09 20:00:00,99,91,1.2162982566440752,0.0,0.0,0.06866666666666667,optimal
2021-02-09 20:30:00,99,91,0.0,0.0,0.0,0.28556666666666664,optimal
2021-02-09 21:00:00,99,91,0.0,0.0,0.0,0.6080333333333333,optimal
2021-02-09 21:30:00,99,91,0.0,0.0,0.0,0.2607,optimal
2021-02-09 22:00:00,99,91,0.0398095238095238,0.0,0.0,0.39836666666666665,optimal
2021-02-09 22:30:00,99,91,0.05971428571428571,0.0,0.0,0.6229333333333332,optimal
2021-02-09 23:00:00,99,91,0.43790476190476185,0.0,0.0,0.44430000000000003,optimal
2021-02-09 23:30:00,99,91,0.5175238095238094,0.0,0.0,0.7535666666666667,optimal
2021-02-10 00:00:00,99,91,0.0,0.0,0.0,0.22683333333333328,optimal
2021-02-10 00:30:00,99,91,2.2857142857142856,0.0,0.0,0.1389,optimal
2021-02-10 01:00:00,99,91,0.7995238095238095,0.0,0.0,0.9647333333333332,optimal
2021-02-10 01:30:00,99,91,0.0,0.0,0.0,0.23656666666666665,optimal
2021-02-10 02:00:00,99,91,0.0,0.0,0.0,0.07286666666666666,optimal
2021-02-10 02:30:00,99,91,1.6707387723009837,0.0,0.0,0.42769999999999997,optimal
2021-02-10 03:00:00,99,91,2.2857142857142856,0.0,0.0,0.3551333333333333,optimal
2021-02-10 03:30:00,99,91,2.2857142857142856,0.0,0.0,0.22490000000000002,optimal
2021-02-10 04:00:00,99,91,2.2857142857142856,0.0,0.0,0.20866666666666664,optimal
2021-02-10 04:30:00,99,91,2.2857142857142856,0.0,0.0,0.15780000000000002,optimal
2021-02-10 05:00:00,99,91,2.2857142857142856,0.0,0.0,0.3579,optimal
2021-02-10 05:30:00,99,91,2.2857142857142856,0.0,0.0,0.16966666666666666,optimal
2021-02-10 06:00:00,99,91,2.2857142857142856,0.0,0.0,0.1118,optimal
2021-02-10 06:30:00,99,91,2.2857142857142856,0.0,0.0,1.7291666666666667,optimal
2021-02-10 07:00:00,99,91,2.2857142857142856,0.0,9.559601863501047,0.5960333333333333,optimal
2021-02-10 07:30:00,99,91,2.2857142857142856,0.0,0.0,0.9629,optimal
2021-02-10 08:00:00,99,91,1.4572794246960625,0.0,0.0,0.8443999999999999,optimal
2021-02-10 08:30:00,99,91,1.159416794046495,0.0,0.0,0.25930000000000003,optimal
2021-02-10 09:00:00,99,91,0.9967545404137761,0.0,0.0,0.3282,optimal
2021-02-10 09:30:00,99,91,0.9742347669070687,0.0,0.0,0.1916,optimal
2021-02-10 10:00:00,99,91,0.8688581331632935,0.0,0.0,0.2137,optimal
2021-02-10 10:30:00,99,91,0.885982588747563,0.0,0.0,0.1177,optimal
2021-02-10 11:00:00,99,91,0.6434042813006111,0.0,0.0,0.9721666666666666,optimal
2021-02-10 11:30:00,99,91,0.5807329659758367,0.0,0.0,0.3231,optimal
2021-02-10 12:00:00,99,91,0.36503158912209704,0.0,0.0,0.172,optimal
2021-02-10 12:30:00,99,91,0.304852541503052,0.0,0.0,0.4476,optimal
2021-02-10 13:00:00,99,91,0.769032154932469,0.0,0.0,0.10633333333333331,optimal
2021-02-10 13:30:00,99,91,2.2537307542658147,0.0,0.0,0.6949666666666667,optimal
2021-02-10 14:00:00,99,91,2.2857142857142856,0.0,0.0,1.1899000000000002,optimal
2021-02-10 14:30:00,99,91,2.2857142857142856,0.0,0.0,0.10503333333333331,optimal
2021-02-10 15:00:00,99,91,2.2857142857142856,0.0,0.0,0.42336666666666667,optimal
2021-02-10 15:30:00,99,91,2.2857142857142856,0.0,0.0,0.1336,optimal
2021-02-10 16:00:00,99,91,0.0,0.0,0.0,0.1167,optimal
2021-02-10 16:30:00,99,91,0.0,0.0,0.0,1.2684000000000002,optimal
2021-02-10 17:00:00,99,91,0.0,0.0,0.0,0.5729333333333333,optimal
2021-02-10 17:30:00,99,91,0.0,0.0,0.0,0.5003333333333333,optimal
2021-02-10 18:00:00,99,91,0.0,0.0,0.0,0.6815666666666668,optimal
2021-02-10 18:30:00,99,91,0.0,0.0,0.0,0.1849,optimal
2021-02-10 19:00:00,99,91,0.0,0.0,0.0,0.3709333333333333,optimal
2021-02-10 19:30:00,99,91,0.0,0.0,0.0,0.39266666666666666,optimal
2021-02-10 20:00:00,99,91,0.0,0.0,0.0,0.23696666666666666,optimal
2021-02-10 20:30:00,99,91,0.0,0.0,0.0,0.5136666666666666,optimal
2021-02-10 21:00:00,99,91,0.0,0.0,0.0,0.21380000000000002,optimal
2021-02-10 21:30:00,99,91,0.0,0.0,0.0,0.32739999999999997,optimal
2021-02-10 22:00:00,99,91,0.0,0.0,0.0,0.11059999999999999,optimal
2021-02-10 22:30:00,99,91,0.0,0.0,0.0,0.068,optimal
2021-02-10 23:00:00,99,91,0.0,0.0,0.0,0.068,optimal
2021-02-10 23:30:00,99,91,0.0,0.0,0.0,0.1268,optimal
2021-02-11 00:00:00,99,91,0.0,0.0,0.0,0.1904,optimal
2021-02-11 00:30:00,99,91,0.5055291648947579,0.0,0.0,0.17633333333333334,optimal
2021-02-11 01:00:00,99,91,2.2857142857142856,0.0,0.0,0.053,optimal
2021-02-11 01:30:00,99,91,2.2857142857142856,0.0,0.0,0.053,optimal
2021-02-11 02:00:00,99,91,2.2857142857142856,0.0,0.0,0.053,optimal
2021-02-11 02:30:00,99,91,2.2857142857142856,0.0,0.0,0.053,optimal
2021-02-11 03:00:00,99,91,2.2857142857142856,0.0,0.0,0.053,optimal
2021-02-11 03:30:00,99,91,2.2857142857142856,0.0,0.0,0.053,optimal
2021-02-11 04:00:00,99,91,2.2857142857142856,0.0,0.0,0.053,optimal
2021-02-11 04:30:00,99,91,2.2857142857142856,0.0,0.0,0.053,optimal
2021-02-11 05:00:00,99,91,2.2857142857142856,0.0,0.0,0.053,optimal
2021-02-11 05:30:00,99,91,2.2857142857142856,0.0,0.0,0.053,optimal
2021-02-11 06:00:00,99,91,2.2857142857142856,0.0,0.0,0.053,optimal
2021-02-11 06:30:00,99,91,2.2857142857142856,0.0,9.322562887693904,0.053,optimal
2021-02-11 07:00:00,99,91,2.2857142857142856,0.0,10.0,0.053,optimal
2021-02-11 07:30:00,99,91,2.2857142857142856,0.0,0.0,0.053,optimal
2021-02-11 08:00:00,99,91,1.3401260989399482,0.0,0.0,0.4161,optimal
2021-02-11 08:30:00,99,91,1.2559159290699897,0.0,0.0,0.7354333333333333,optimal
2021-02-11 09:00:00,99,91,1.225298969760545,0.0,0.0,0.187,optimal
2021-02-11 09:30:00,99,91,1.0921156002349564,0.0,0.0,0.2175,optimal
2021-02-11 10:00:00,99,91,0.8262012544441183,0.0,0.0,0.053,optimal
2021-02-11 10:30:00,99,91,0.8674177178213849,0.0,0.0,0.05966666666666666,optimal
2021-02-11 11:00:00,99,91,0.5388347467239422,0.0,0.0,0.3273333333333333,optimal
2021-02-11 11:30:00,99,91,0.37336178654996816,0.0,0.0,0.6757000000000001,optimal
2021-02-11 12:00:00,99,91,0.2134153702698375,0.0,0.0,0.2754,optimal
2021-02-11 12:30:00,99,91,0.152526106373044,0.0,0.0,0.272,optimal
2021-02-11 13:00:00,99,91,2.2857142857142856,0.0,0.0,0.8276333333333333,optimal
2021-02-11 13:30:00,99,91,2.2857142857142856,0.0,0.0,1.3808,optimal
2021-02-11 14:00:00,99,91,2.2857142857142856,0.0,0.0,0.053,optimal
2021-02-11 14:30:00,99,91,2.2857142857142856,0.0,0.0,0.053,optimal
2021-02-11 15:00:00,99,91,2.2857142857142856,0.0,0.0,1.1013666666666666,optimal
2021-02-11 15:30:00,99,91,2.2857142857142856,0.0,0.0,0.15706666666666666,optimal
2021-02-11 16:00:00,99,91,0.0,0.0,0.0,0.19219999999999998,optimal
2021-02-11 16:30:00,99,91,0.0,0.0,0.0,0.8641666666666666,optimal
2021-02-11 17:00:00,99,91,0.0,0.0,0.0,0.054,optimal
2021-02-11 17:30:00,99,91,0.0,0.0,0.0,0.063,optimal
2021-02-11 18:00:00,99,91,0.0,0.0,0.0,0.063,optimal
2021-02-11 18:30:00,99,91,0.0,0.0,0.0,0.063,optimal
2021-02-11 19:00:00,99,91,0.0,0.0,0.0,0.4826666666666667,optimal
2021-02-11 19:30:00,99,91,0.5298451440025271,0.0,0.0,0.40093333333333325,optimal
2021-02-11 20:00:00,99,91,1.6557611917170927,0.0,0.0,0.28836666666666666,optimal
2021-02-11 20:30:00,99,91,0.0,0.0,0.0,0.23406666666666665,optimal
2021-02-11 21:00:00,99,91,0.0,0.0,0.0,0.063,optimal
2021-02-11 21:30:00,99,91,0.0,0.0,0.0,0.063,optimal
2021-02-11 22:00:00,99,91,0.0,0.0,0.0,0.063,optimal
2021-02-11 22:30:00,99,91,0.0,0.0,0.0,0.3673333333333333,optimal
2021-02-11 23:00:00,99,91,0.0,0.0,0.0,0.063,optimal
2021-02-11 23:30:00,99,91,0.0,0.0,0.0,0.059333333333333335,optimal
2021-02-12 00:00:00,99,91,0.05873467889765047,0.0,0.0,0.058333333333333334,optimal
2021-02-12 00:30:00,99,91,2.2857142857142856,0.0,0.0,0.3666666666666667,optimal
2021-02-12 01:00:00,99,91,2.2857142857142856,0.0,0.0,0.609,optimal
2021-02-12 01:30:00,99,91,2.2857142857142856,0.0,0.0,0.5909,optimal
2021-02-12 02:00:00,99,91,2.2857142857142856,0.0,0.0,0.068,optimal
2021-02-12 02:30:00,99,91,2.2857142857142856,0.0,0.0,0.068,optimal
2021-02-12 03:00:00,99,91,2.2857142857142856,0.0,0.0,0.2132,optimal
2021-02-12 03:30:00,99,91,2.2857142857142856,0.0,0.0,0.068,optimal
2021-02-12 04:00:00,99,91,2.2857142857142856,0.0,0.0,0.2,optimal
2021-02-12 04:30:00,99,91,2.2857142857142856,0.0,0.0,0.08120000000000001,optimal
2021-02-12 05:00:00,99,91,2.2857142857142856,0.0,0.0,0.068,optimal
2021-02-12 05:30:00,99,91,2.2857142857142856,0.0,0.0,0.167,optimal
2021-02-12 06:00:00,99,91,2.2857142857142856,0.0,0.0,0.1142,optimal
2021-02-12 06:30:00,99,91,2.2857142857142856,0.0,0.0,0.2083,optimal
2021-02-12 07:00:00,99,91,2.2857142857142856,0.0,6.9581553488956915,0.362,optimal
2021-02-12 07:30:00,99,91,2.2857142857142856,0.0,0.0,0.5522999999999999,optimal
2021-02-12 08:00:00,99,91,2.2857142857142856,0.0,0.0,0.1102,optimal
2021-02-12 08:30:00,99,91,2.2857142857142856,0.0,0.0,0.2132,optimal
2021-02-12 09:00:00,99,91,1.4358732542613821,0.0,0.0,0.068,optimal
2021-02-12 09:30:00,99,91,1.9386030943928236,0.0,0.0,0.23076666666666668,optimal
2021-02-12 10:00:00,99,91,0.4510966998150211,0.0,0.0,1.2589000000000001,optimal
2021-02-12 10:30:00,99,91,0.6741428670873048,0.0,0.0,0.3462,optimal
2021-02-12 11:00:00,99,91,0.4841597083271164,0.0,0.0,0.1665,optimal
2021-02-12 11:30:00,99,91,0.371043098283791,0.0,0.0,1.9586,optimal
2021-02-12 12:00:00,99,91,0.23289444666025405,0.0,0.0,2.5363,optimal
2021-02-12 12:30:00,99,91,0.4241321223311876,0.0,0.0,0.6037333333333333,optimal
2021-02-12 13:00:00,99,91,2.2857142857142856,0.0,0.0,0.1406,optimal
2021-02-12 13:30:00,99,91,2.2857142857142856,0.0,0.0,0.1406,optimal
2021-02-12 14:00:00,99,91,2.2857142857142856,0.0,0.0,0.23246666666666665,optimal
2021-02-12 14:30:00,99,91,2.2857142857142856,0.0,0.0,0.2132,optimal
2021-02-12 15:00:00,99,91,2.2857142857142856,0.0,0.0,0.068,optimal
2021-02-12 15:30:00,99,91,2.2857142857142856,0.0,0.0,0.18680000000000002,optimal
2021-02-12 16:00:00,99,91,0.0,0.0,0.0,0.09440000000000001,optimal
2021-02-12 16:30:00,99,91,0.0,0.0,0.0,0.2713666666666667,optimal
2021-02-12 17:00:00,99,91,0.0,0.0,0.0,0.3008,optimal
2021-02-12 17:30:00,99,91,0.0,0.0,0.0,0.26339999999999997,optimal
2021-02-12 18:00:00,99,91,0.0,0.0,0.0,0.48706666666666665,optimal
2021-02-12 18:30:00,99,91,0.0,0.0,0.0,0.2333,optimal
2021-02-12 19:00:00,99,91,0.0,0.0,0.0,0.24913333333333332,optimal
2021-02-12 19:30:00,99,91,0.023639122446088727,0.0,0.0,0.29369999999999996,optimal
2021-02-12 20:00:00,99,91,1.1292291653900697,0.0,0.0,0.5102333333333333,optimal
2021-02-12 20:30:00,99,91,0.0,0.0,0.0,0.4613,optimal
2021-02-12 21:00:00,99,91,0.0,0.0,0.0,0.6068333333333333,optimal
2021-02-12 21:30:00,99,91,0.0,0.0,0.0,0.5378666666666667,optimal
2021-02-12 22:00:00,99,91,0.0,0.0,0.0,0.068,optimal
2021-02-12 22:30:00,99,91,0.0,0.0,0.0,0.134,optimal
2021-02-12 23:00:00,99,91,0.0,0.0,0.0,0.1472,optimal
2021-02-12 23:30:00,99,91,0.0,0.0,0.0,0.068,optimal
2021-02-13 00:00:00,99,91,0.0,0.0,0.0,0.0856,optimal
2021-02-13 00:30:00,99,91,0.7762857142857144,0.0,0.0,0.28286666666666666,optimal
2021-02-13 01:00:00,99,91,0.0,0.0,0.0,0.139,optimal
2021-02-13 01:30:00,99,91,0.0,0.0,0.0,0.11320000000000001,optimal
2021-02-13 02:00:00,99,91,2.1573333816507687,0.0,0.0,0.2356,optimal
2021-02-13 02:30:00,99,91,2.2857142857142856,0.0,0.0,0.058,optimal
2021-02-13 03:00:00,99,91,2.2857142857142856,0.0,0.0,0.25630000000000003,optimal
2021-02-13 03:30:00,99,91,2.2857142857142856,0.0,0.0,0.1025,optimal
2021-02-13 04:00:00,99,91,2.2857142857142856,0.0,0.0,0.2848,optimal
2021-02-13 04:30:00,99,91,2.2857142857142856,0.0,0.0,0.166,optimal
2021-02-13 05:00:00,99,91,2.2857142857142856,0.0,0.0,0.15866666666666665,optimal
2021-02-13 05:30:00,99,91,2.2857142857142856,0.0,0.0,0.14033333333333334,optimal
2021-02-13 06:00:00,99,91,2.2857142857142856,0.0,0.0,0.17423333333333332,optimal
2021-02-13 06:30:00,99,91,2.2857142857142856,0.0,0.0,0.2839,optimal
2021-02-13 07:00:00,99,91,2.2857142857142856,0.0,9.2846148420261,0.12846666666666667,optimal
2021-02-13 07:30:00,99,91,2.2857142857142856,0.0,0.0,0.21059999999999998,optimal
2021-02-13 08:00:00,99,91,1.301214237813007,0.0,0.0,0.31553333333333333,optimal
2021-02-13 08:30:00,99,91,1.2783128658649159,0.0,0.0,0.19966666666666663,optimal
2021-02-13 09:00:00,99,91,1.0565399237502382,0.0,0.0,0.36469999999999997,optimal
2021-02-13 09:30:00,99,91,1.0465378259144504,0.0,0.0,0.3569333333333333,optimal
2021-02-13 10:00:00,99,91,0.7981047990118296,0.0,0.0,0.3032333333333333,optimal
2021-02-13 10:30:00,99,91,0.7609177127779978,0.0,0.0,0.4373,optimal
2021-02-13 11:00:00,99,91,0.4122065338300742,0.0,0.0,0.6358666666666667,optimal
2021-02-13 11:30:00,99,91,0.3608575428343499,0.0,0.0,0.9002333333333333,optimal
2021-02-13 12:00:00,99,91,0.39559520895157807,0.0,0.0,0.3891,optimal
2021-02-13 12:30:00,99,91,0.3680591317220346,0.0,0.0,0.48610000000000003,optimal
2021-02-13 13:00:00,99,91,2.2857142857142856,0.0,0.0,0.5633666666666667,optimal
2021-02-13 13:30:00,99,91,2.2857142857142856,0.0,0.0,0.28956666666666664,optimal
2021-02-13 14:00:00,99,91,2.2857142857142856,0.0,0.0,0.29946666666666666,optimal
2021-02-13 14:30:00,99,91,2.2857142857142856,0.0,0.0,0.17553333333333332,optimal
2021-02-13 15:00:00,99,91,2.2857142857142856,0.0,0.0,0.066,optimal
2021-02-13 15:30:00,99,91,2.2857142857142856,0.0,0.0,0.17216666666666666,optimal
2021-02-13 16:00:00,99,91,0.0,0.0,0.0,0.2414333333333333,optimal
2021-02-13 16:30:00,99,91,0.0,0.0,0.0,1.7825,optimal
2021-02-13 17:00:00,99,91,0.0,0.0,0.0,0.396,optimal
2021-02-13 17:30:00,99,91,0.0,0.0,0.0,0.6681,optimal
2021-02-13 18:00:00,99,91,0.0,0.0,0.0,1.9000666666666663,optimal
2021-02-13 18:30:00,99,91,0.0,0.0,0.0,0.37506666666666666,optimal
2021-02-13 19:00:00,99,91,0.0,0.0,0.0,0.2342,optimal
2021-02-13 19:30:00,99,91,0.0,0.0,0.0,0.43,optimal
2021-02-13 20:00:00,99,91,0.37962308135392836,0.0,0.0,0.2122333333333333,optimal
2021-02-13 20:30:00,99,91,0.0,0.0,0.0,0.48156666666666664,optimal
2021-02-13 21:00:00,99,91,0.0,0.0,0.0,0.24823333333333328,optimal
2021-02-13 21:30:00,99,91,0.0,0.0,0.0,0.36626666666666663,optimal
2021-02-13 22:00:00,99,91,0.059714285714285706,0.0,0.0,0.7388666666666667,optimal
2021-02-13 22:30:00,99,91,0.0,0.0,0.0,0.2864,optimal
2021-02-13 23:00:00,99,91,0.0,0.0,0.0,0.2064,optimal
2021-02-13 23:30:00,99,91,0.0,0.0,0.0,0.2730666666666667,optimal
2021-02-07 00:00:00,100,91,0.03980952380952381,0.0,0.0,0.0704,optimal
2021-02-07 00:30:00,100,91,0.0,0.0,0.0,0.18059999999999998,optimal
2021-02-07 01:00:00,100,91,0.0,0.0,0.0,0.122,optimal
2021-02-07 01:30:00,100,91,0.0,0.0,0.0,0.2066,optimal
2021-02-07 02:00:00,100,91,0.0,0.0,0.0,0.10533333333333332,optimal
2021-02-07 02:30:00,100,91,0.0,0.0,0.0,0.083,optimal
2021-02-07 03:00:00,100,91,0.0,0.0,0.0,0.07579999999999999,optimal
2021-02-07 03:30:00,100,91,0.0,0.0,0.0,0.047,optimal
2021-02-07 04:00:00,100,91,2.2857142857142856,0.0,0.0,0.11033333333333331,optimal
2021-02-07 04:30:00,100,91,2.2857142857142856,0.0,0.0,0.06246666666666667,optimal
2021-02-07 05:00:00,100,91,2.2857142857142856,0.0,0.0,0.0722,optimal
2021-02-07 05:30:00,100,91,2.2857142857142856,0.0,0.0,0.0866,optimal
2021-02-07 06:00:00,100,91,2.2857142857142856,0.0,0.0,0.047,optimal
2021-02-07 06:30:00,100,91,2.2857142857142856,0.0,0.0,0.12066666666666669,optimal
2021-02-07 07:00:00,100,91,2.2857142857142856,0.0,1.8089900112525021,0.8696,optimal
2021-02-07 07:30:00,100,91,0.0,0.0,0.0,2.9555333333333333,optimal
2021-02-07 08:00:00,100,91,0.0,0.0,0.0,0.2004,optimal
2021-02-07 08:30:00,100,91,0.0,0.0,0.0,0.27586666666666665,optimal
2021-02-07 09:00:00,100,91,0.0,0.0,0.0,0.498,optimal
2021-02-07 09:30:00,100,91,0.0,0.0,0.0,0.3055,optimal
2021-02-07 10:00:00,100,91,0.7700133925711491,0.0,0.0,0.241,optimal
2021-02-07 10:30:00,100,91,0.8658463287609255,0.0,0.0,0.44806666666666667,optimal
2021-02-07 11:00:00,100,91,0.742232589722024,0.0,0.0,1.3132000000000001,optimal
2021-02-07 11:30:00,100,91,0.8463544944839302,0.0,0.0,0.1778,optimal
2021-02-07 12:00:00,100,91,0.8358197466246426,0.0,0.0,0.047,optimal
2021-02-07 12:30:00,100,91,0.817305460910353,0.0,0.0,0.1118,optimal
2021-02-07 13:00:00,100,91,1.8347296949550176,0.0,0.0,0.051,optimal
2021-02-07 13:30:00,100,91,2.2857142857142856,0.0,0.0,0.14473333333333332,optimal
2021-02-07 14:00:00,100,91,2.2857142857142856,0.0,0.0,0.2186,optimal
2021-02-07 14:30:00,100,91,2.2857142857142856,0.0,0.0,0.4588666666666667,optimal
2021-02-07 15:00:00,100,91,2.2857142857142856,0.0,0.0,0.28086666666666665,optimal
2021-02-07 15:30:00,100,91,2.2857142857142856,0.0,0.0,0.9454,optimal
2021-02-07 16:00:00,100,91,0.0,0.0,0.0,0.701,optimal
2021-02-07 16:30:00,100,91,0.0,0.0,0.0,1.2375333333333334,optimal
2021-02-07 17:00:00,100,91,0.0,0.0,0.0,1.2629666666666668,optimal
2021-02-07 17:30:00,100,91,0.0,0.0,0.0,0.09653333333333332,optimal
2021-02-07 18:00:00,100,91,0.0,0.0,0.0,0.10223333333333331,optimal
2021-02-07 18:30:00,100,91,0.0,0.0,0.0,1.619733333333333,optimal
2021-02-07 19:00:00,100,91,0.0,0.0,0.0,0.164,optimal
2021-02-07 19:30:00,100,91,0.0,0.0,0.0,0.37126666666666663,optimal
2021-02-07 20:00:00,100,91,0.0,0.0,0.0,0.0584,optimal
2021-02-07 20:30:00,100,91,0.0,0.0,0.0,0.15380000000000002,optimal
2021-02-07 21:00:00,100,91,0.0,0.0,0.0,0.089,optimal
2021-02-07 21:30:00,100,91,0.0,0.0,0.0,0.42619999999999997,optimal
2021-02-07 22:00:00,100,91,0.0,0.0,0.0,0.1957333333333333,optimal
2021-02-07 22:30:00,100,91,0.0,0.0,0.0,0.198,optimal
2021-02-07 23:00:00,100,91,0.0,0.0,0.0,0.2204,optimal
2021-02-07 23:30:00,100,91,0.0,0.0,0.0,1.5175333333333334,optimal
2021-02-08 00:00:00,100,91,0.0,0.0,0.0,0.1966,optimal
2021-02-08 00:30:00,100,91,0.35828571428571426,0.0,0.0,0.058,optimal
2021-02-08 01:00:00,100,91,0.0,0.0,0.0,0.058,optimal
2021-02-08 01:30:00,100,91,0.0,0.0,0.0,0.058,optimal
2021-02-08 02:00:00,100,91,0.0,0.0,0.0,0.184,optimal
2021-02-08 02:30:00,100,91,1.7742415153104472,0.0,0.0,0.0706,optimal
2021-02-08 03:00:00,100,91,2.2857142857142856,0.0,0.0,0.058,optimal
2021-02-08 03:30:00,100,91,2.2857142857142856,0.0,0.0,0.1966,optimal
2021-02-08 04:00:00,100,91,2.2857142857142856,0.0,0.0,0.058,optimal
2021-02-08 04:30:00,100,91,2.2857142857142856,0.0,0.0,0.121,optimal
2021-02-08 05:00:00,100,91,2.2857142857142856,0.0,0.0,0.1336,optimal
2021-02-08 05:30:00,100,91,2.2857142857142856,0.0,0.0,0.058,optimal
2021-02-08 06:00:00,100,91,2.2857142857142856,0.0,0.0,0.1598,optimal
2021-02-08 06:30:00,100,91,2.2857142857142856,0.0,3.2821250338307544,0.10579999999999999,optimal
2021-02-08 07:00:00,100,91,2.2857142857142856,0.0,10.0,0.22119999999999998,optimal
2021-02-08 07:30:00,100,91,2.2857142857142856,0.0,0.0,0.1426,optimal
2021-02-08 08:00:00,100,91,1.1425262434399226,0.0,0.0,0.2586666666666667,optimal
2021-02-08 08:30:00,100,91,1.2830927968599573,0.0,0.0,0.1625,optimal
2021-02-08 09:00:00,100,91,1.1649044043585346,0.0,0.0,0.11209999999999999,optimal
2021-02-08 09:30:00,100,91,1.1672002885142096,0.0,0.0,0.068,optimal
2021-02-08 10:00:00,100,91,0.8969528438283167,0.0,0.0,0.2066,optimal
2021-02-08 10:30:00,100,91,0.94685695967264,0.0,0.0,0.068,optimal
2021-02-08 11:00:00,100,91,0.6671695618173792,0.0,0.0,0.1751,optimal
2021-02-08 11:30:00,100,91,0.6819001512544907,0.0,0.0,0.0995,optimal
2021-02-08 12:00:00,100,91,0.5923452149143357,0.0,0.0,0.10579999999999999,optimal
2021-02-08 12:30:00,100,91,0.5606063937885853,0.0,0.0,0.1688,optimal
2021-02-08 13:00:00,100,91,2.2857142857142856,0.0,0.0,0.068,optimal
2021-02-08 13:30:00,100,91,2.2857142857142856,0.0,0.0,0.068,optimal
2021-02-08 14:00:00,100,91,2.2857142857142856,0.0,0.0,0.2066,optimal
2021-02-08 14:30:00,100,91,2.2857142857142856,0.0,0.0,0.068,optimal
2021-02-08 15:00:00,100,91,2.2857142857142856,0.0,0.0,0.068,optimal
2021-02-08 15:30:00,100,91,2.2857142857142856,0.0,0.0,0.1814,optimal
2021-02-08 16:00:00,100,91,0.0,0.0,0.0,0.0932,optimal
2021-02-08 16:30:00,100,91,0.0,0.0,0.0,0.13386666666666666,optimal
2021-02-08 17:00:00,100,91,0.0,0.0,0.0,0.1626,optimal
2021-02-08 17:30:00,100,91,0.0,0.0,0.0,0.08356666666666666,optimal
2021-02-08 18:00:00,100,91,0.0,0.0,0.0,0.0705,optimal
2021-02-08 18:30:00,100,91,0.0,0.0,0.0,0.12440000000000001,optimal
2021-02-08 19:00:00,100,91,0.0,0.0,0.0,0.1617333333333333,optimal
2021-02-08 19:30:00,100,91,0.5995436364383577,0.0,0.0,0.16413333333333333,optimal
2021-02-08 20:00:00,100,91,1.1402357856489267,0.0,0.0,0.3454333333333333,optimal
2021-02-08 20:30:00,100,91,0.0,0.0,0.0,0.4149,optimal
2021-02-08 21:00:00,100,91,0.0,0.0,0.0,0.2682,optimal
2021-02-08 21:30:00,100,91,0.0,0.0,0.0,0.13933333333333334,optimal
2021-02-08 22:00:00,100,91,0.0199047619047619,0.0,0.0,0.2971666666666667,optimal
2021-02-08 22:30:00,100,91,0.0,0.0,0.0,0.1982,optimal
2021-02-08 23:00:00,100,91,0.0,0.0,0.0,0.2874,optimal
2021-02-08 23:30:00,100,91,0.0,0.0,0.0,1.1868333333333332,optimal
2021-02-09 00:00:00,100,91,0.0,0.0,0.0,0.05766666666666666,optimal
2021-02-09 00:30:00,100,91,1.3535238095238094,0.0,0.0,0.057,optimal
2021-02-09 01:00:00,100,91,0.0,0.0,0.0,0.0742,optimal
2021-02-09 01:30:00,100,91,0.0,0.0,0.0,0.12006666666666667,optimal
2021-02-09 02:00:00,100,91,0.4723350335390783,0.0,0.0,0.2139333333333333,optimal
2021-02-09 02:30:00,100,91,2.2857142857142856,0.0,0.0,0.12006666666666667,optimal
2021-02-09 03:00:00,100,91,2.2857142857142856,0.0,0.0,0.19546666666666668,optimal
2021-02-09 03:30:00,100,91,2.2857142857142856,0.0,0.0,0.0984,optimal
2021-02-09 04:00:00,100,91,2.2857142857142856,0.0,0.0,0.16006666666666666,optimal
2021-02-09 04:30:00,100,91,2.2857142857142856,0.0,0.0,0.1854,optimal
2021-02-09 05:00:00,100,91,2.2857142857142856,0.0,7.145010302817615,0.056,optimal
2021-02-09 05:30:00,100,91,2.2857142857142856,0.0,0.0,0.15816666666666665,optimal
2021-02-09 06:00:00,100,91,2.2857142857142856,0.0,0.0,0.14730000000000001,optimal
2021-02-09 06:30:00,100,91,2.2857142857142856,0.0,0.0,0.3848333333333333,optimal
2021-02-09 07:00:00,100,91,2.2857142857142856,0.0,0.0,0.10206666666666667,optimal
2021-02-09 07:30:00,100,91,2.2857142857142856,0.0,0.0,0.2337,optimal
2021-02-09 08:00:00,100,91,1.1354385575534474,0.0,0.0,0.5526666666666666,optimal
2021-02-09 08:30:00,100,91,1.1341877750424614,0.0,0.0,1.3813,optimal
2021-02-09 09:00:00,100,91,0.7653561154398484,0.0,0.0,1.9278666666666664,optimal
2021-02-09 09:30:00,100,91,0.9403478837512219,0.0,0.0,0.8956000000000001,optimal
2021-02-09 10:00:00,100,91,0.7775714292748104,0.0,0.0,0.2877,optimal
2021-02-09 10:30:00,100,91,0.7051502838199968,0.0,0.0,0.5184,optimal
2021-02-09 11:00:00,100,91,0.5200196614689391,0.0,0.0,0.324,optimal
2021-02-09 11:30:00,100,91,0.45959447999703645,0.0,0.0,0.5554666666666667,optimal
2021-02-09 12:00:00,100,91,0.3144439612562388,0.0,0.0,0.9214333333333332,optimal
2021-02-09 12:30:00,100,91,0.3014100951091205,0.0,0.0,1.3368333333333333,optimal
2021-02-09 13:00:00,100,91,2.2857142857142856,0.0,0.0,0.1976,optimal
2021-02-09 13:30:00,100,91,2.2857142857142856,0.0,0.0,0.24380000000000002,optimal
2021-02-09 14:00:00,100,91,2.2857142857142856,0.0,0.0,0.32866666666666666,optimal
2021-02-09 14:30:00,100,91,2.2857142857142856,0.0,0.0,0.2906333333333333,optimal
2021-02-09 15:00:00,100,91,2.2857142857142856,0.0,0.0,0.5852666666666666,optimal
2021-02-09 15:30:00,100,91,2.2857142857142856,0.0,0.0,0.1396,optimal
2021-02-09 16:00:00,100,91,0.0,0.0,0.0,0.22573333333333329,optimal
2021-02-09 16:30:00,100,91,0.0,0.0,0.0,0.14546666666666666,optimal
2021-02-09 17:00:00,100,91,0.0,0.0,0.0,0.067,optimal
2021-02-09 17:30:00,100,91,0.0,0.0,0.0,0.16866666666666666,optimal
2021-02-09 18:00:00,100,91,0.0,0.0,0.0,0.4122,optimal
2021-02-09 18:30:00,100,91,0.0,0.0,0.0,0.2534666666666667,optimal
2021-02-09 19:00:00,100,91,0.0,0.0,0.0,0.6414666666666667,optimal
2021-02-09 19:30:00,100,91,0.0,0.0,0.0,0.2032,optimal
2021-02-09 20:00:00,100,91,0.3684880049520457,0.0,0.0,0.4619333333333333,optimal
2021-02-09 20:30:00,100,91,0.0,0.0,0.0,0.32613333333333333,optimal
2021-02-09 21:00:00,100,91,0.0,0.0,0.0,0.46523333333333333,optimal
2021-02-09 21:30:00,100,91,0.0,0.0,0.0,0.4942,optimal
2021-02-09 22:00:00,100,91,0.0995238095238095,0.0,0.0,0.49006666666666665,optimal
2021-02-09 22:30:00,100,91,0.0,0.0,0.0,0.4156333333333333,optimal
2021-02-09 23:00:00,100,91,0.0,0.0,0.0,0.28833333333333333,optimal
2021-02-09 23:30:00,100,91,0.0,0.0,0.0,0.2159333333333333,optimal
2021-02-10 00:00:00,100,91,0.0,0.0,0.0,0.066,optimal
2021-02-10 00:30:00,100,91,0.11942857142857143,0.0,0.0,0.066,optimal
2021-02-10 01:00:00,100,91,0.0,0.0,0.0,0.066,optimal
2021-02-10 01:30:00,100,91,0.0,0.0,0.0,0.066,optimal
2021-02-10 02:00:00,100,91,1.8962197100346956,0.0,0.0,0.066,optimal
2021-02-10 02:30:00,100,91,2.2857142857142856,0.0,0.0,0.066,optimal
2021-02-10 03:00:00,100,91,2.2857142857142856,0.0,0.0,0.066,optimal
2021-02-10 03:30:00,100,91,2.2857142857142856,0.0,0.0,0.066,optimal
2021-02-10 04:00:00,100,91,2.2857142857142856,0.0,0.0,0.066,optimal
2021-02-10 04:30:00,100,91,2.2857142857142856,0.0,0.0,0.066,optimal
2021-02-10 05:00:00,100,91,2.2857142857142856,0.0,0.0,0.066,optimal
2021-02-10 05:30:00,100,91,2.2857142857142856,0.0,0.0,0.066,optimal
2021-02-10 06:00:00,100,91,2.2857142857142856,0.0,0.0,0.066,optimal
2021-02-10 06:30:00,100,91,2.2857142857142856,0.0,0.5245262254655957,0.066,optimal
2021-02-10 07:00:00,100,91,2.2857142857142856,0.0,10.0,0.066,optimal
2021-02-10 07:30:00,100,91,2.2857142857142856,0.0,0.0,0.066,optimal
2021-02-10 08:00:00,100,91,1.339879424696053,0.0,0.0,0.066,optimal
2021-02-10 08:30:00,100,91,1.2409310797607889,0.0,0.0,0.06656666666666666,optimal
2021-02-10 09:00:00,100,91,1.1986307308899682,0.0,0.0,0.066,optimal
2021-02-10 09:30:00,100,91,1.1848919097642123,0.0,0.0,0.066,optimal
2021-02-10 10:00:00,100,91,0.9089724188775948,0.0,0.0,0.066,optimal
2021-02-10 10:30:00,100,91,0.8986683030332783,0.0,0.0,0.066,optimal
2021-02-10 11:00:00,100,91,0.7070690432053681,0.0,0.0,0.066,optimal
2021-02-10 11:30:00,100,91,0.6853424897853594,0.0,0.0,0.069,optimal
2021-02-10 12:00:00,100,91,0.4590411129316198,0.0,0.0,0.066,optimal
2021-02-10 12:30:00,100,91,0.4590411129316198,0.0,0.0,0.066,optimal
2021-02-10 13:00:00,100,91,2.2857142857142856,0.0,0.0,0.066,optimal
2021-02-10 13:30:00,100,91,2.2857142857142856,0.0,0.0,0.066,optimal
2021-02-10 14:00:00,100,91,2.2857142857142856,0.0,0.0,0.066,optimal
2021-02-10 14:30:00,100,91,2.2857142857142856,0.0,0.0,0.066,optimal
2021-02-10 15:00:00,100,91,2.2857142857142856,0.0,0.0,0.07693333333333334,optimal
2021-02-10 15:30:00,100,91,2.2857142857142856,0.0,0.0,0.2949333333333333,optimal
2021-02-10 16:00:00,100,91,0.0,0.0,0.0,0.28403333333333336,optimal
2021-02-10 16:30:00,100,91,0.0,0.0,0.0,0.25366666666666665,optimal
2021-02-10 17:00:00,100,91,0.0,0.0,0.0,0.22440000000000002,optimal
2021-02-10 17:30:00,100,91,0.0,0.0,0.0,0.1507666666666667,optimal
2021-02-10 18:00:00,100,91,0.0,0.0,0.0,0.2924,optimal
2021-02-10 18:30:00,100,91,0.0,0.0,0.0,0.09623333333333332,optimal
2021-02-10 19:00:00,100,91,0.0,0.0,0.0,0.08793333333333334,optimal
2021-02-10 19:30:00,100,91,0.0,0.0,0.0,0.10479999999999999,optimal
2021-02-10 20:00:00,100,91,0.49880995663014194,0.0,0.0,0.38696666666666657,optimal
2021-02-10 20:30:00,100,91,0.0,0.0,0.0,1.6097000000000001,optimal
2021-02-10 21:00:00,100,91,0.0,0.0,0.0,0.5285333333333333,optimal
2021-02-10 21:30:00,100,91,0.0,0.0,0.0,0.4771333333333333,optimal
2021-02-10 22:00:00,100,91,0.0,0.0,0.0,0.44426666666666664,optimal
2021-02-10 22:30:00,100,91,0.0,0.0,0.0,0.2301,optimal
2021-02-10 23:00:00,100,91,0.0,0.0,0.0,0.076,optimal
2021-02-10 23:30:00,100,91,0.0,0.0,0.0,0.072,optimal
2021-02-11 00:00:00,100,91,0.0,0.0,0.0,0.055,optimal
2021-02-11 00:30:00,100,91,0.6170476190476191,0.0,0.0,0.055,optimal
2021-02-11 01:00:00,100,91,1.6084679449158703,0.0,0.0,0.094,optimal
2021-02-11 01:30:00,100,91,2.2857142857142856,0.0,0.0,0.107,optimal
2021-02-11 02:00:00,100,91,2.2857142857142856,0.0,0.0,0.055,optimal
2021-02-11 02:30:00,100,91,2.2857142857142856,0.0,0.0,0.146,optimal
2021-02-11 03:00:00,100,91,2.2857142857142856,0.0,0.0,0.055,optimal
2021-02-11 03:30:00,100,91,2.2857142857142856,0.0,0.0,0.055,optimal
2021-02-11 04:00:00,100,91,2.2857142857142856,0.0,0.0,0.14666666666666667,optimal
2021-02-11 04:30:00,100,91,2.2857142857142856,0.0,0.0,0.06,optimal
2021-02-11 05:00:00,100,91,2.2857142857142856,0.0,0.0,0.081,optimal
2021-02-11 05:30:00,100,91,2.2857142857142856,0.0,0.0,0.12,optimal
2021-02-11 06:00:00,100,91,2.2857142857142856,0.0,0.0,0.055,optimal
2021-02-11 06:30:00,100,91,2.2857142857142856,0.0,0.0,0.055,optimal
2021-02-11 07:00:00,100,91,2.2857142857142856,0.0,8.289183771519504,0.144,optimal
2021-02-11 07:30:00,100,91,2.2857142857142856,0.0,0.0,0.6887000000000001,optimal
2021-02-11 08:00:00,100,91,1.3673337179875849,0.0,0.0,0.9434,optimal
2021-02-11 08:30:00,100,91,1.3849864052604666,0.0,0.0,1.6085333333333334,optimal
2021-02-11 09:00:00,100,91,1.217798017379595,0.0,0.0,0.1945,optimal
2021-02-11 09:30:00,100,91,1.1437003621397053,0.0,0.0,0.35026666666666667,optimal
2021-02-11 10:00:00,100,91,0.6864241115869745,0.0,0.0,2.4896,optimal
2021-02-11 10:30:00,100,91,0.6979605749642505,0.0,0.0,2.645,optimal
2021-02-11 11:00:00,100,91,0.6605604610096388,0.0,0.0,0.1383,optimal
2021-02-11 11:30:00,100,91,0.5989427389309266,0.0,0.0,0.107,optimal
2021-02-11 12:00:00,100,91,0.3642629893174622,0.0,0.0,0.1,optimal
2021-02-11 12:30:00,100,91,0.3307546778016106,0.0,0.0,0.059,optimal
2021-02-11 13:00:00,100,91,2.2857142857142856,0.0,0.0,0.146,optimal
2021-02-11 13:30:00,100,91,2.2857142857142856,0.0,0.0,0.055,optimal
2021-02-11 14:00:00,100,91,2.2857142857142856,0.0,0.0,0.081,optimal
2021-02-11 14:30:00,100,91,2.2857142857142856,0.0,0.0,0.12,optimal
2021-02-11 15:00:00,100,91,2.2857142857142856,0.0,0.0,0.055,optimal
2021-02-11 15:30:00,100,91,2.2857142857142856,0.0,0.0,0.146,optimal
2021-02-11 16:00:00,100,91,0.0,0.0,0.0,0.055,optimal
2021-02-11 16:30:00,100,91,0.0,0.0,0.0,0.1265,optimal
2021-02-11 17:00:00,100,91,0.0,0.0,0.0,0.0745,optimal
2021-02-11 17:30:00,100,91,0.0,0.0,0.0,0.14333333333333334,optimal
2021-02-11 18:00:00,100,91,0.0,0.0,0.0,0.2793333333333333,optimal
2021-02-11 18:30:00,100,91,0.0,0.0,0.0,0.8709666666666667,optimal
2021-02-11 19:00:00,100,91,0.0,0.0,0.0,0.39266666666666666,optimal
2021-02-11 19:30:00,100,91,1.2286504806841385,0.0,0.0,0.278,optimal
2021-02-11 20:00:00,100,91,1.6453326202885168,0.0,0.0,0.2319333333333333,optimal
2021-02-11 20:30:00,100,91,0.0,0.0,0.0,0.36219999999999997,optimal
2021-02-11 21:00:00,100,91,0.0,0.0,0.0,1.1505,optimal
2021-02-11 21:30:00,100,91,0.0,0.0,0.0,0.21280000000000002,optimal
2021-02-11 22:00:00,100,91,0.0,0.0,0.0,0.327,optimal
2021-02-11 22:30:00,100,91,0.13933333333333334,0.0,0.0,0.23313333333333333,optimal
2021-02-11 23:00:00,100,91,0.0,0.0,0.0,0.0845,optimal
2021-02-11 23:30:00,100,91,0.0,0.0,0.0,0.1365,optimal
2021-02-12 00:00:00,100,91,0.724152110636593,0.0,0.0,0.057,optimal
2021-02-12 00:30:00,100,91,2.2857142857142856,0.0,0.0,0.057,optimal
2021-02-12 01:00:00,100,91,2.2857142857142856,0.0,0.0,0.08713333333333334,optimal
2021-02-12 01:30:00,100,91,2.2857142857142856,0.0,0.0,0.09466666666666669,optimal
2021-02-12 02:00:00,100,91,2.2857142857142856,0.0,0.0,0.06453333333333333,optimal
2021-02-12 02:30:00,100,91,2.2857142857142856,0.0,0.0,0.11726666666666669,optimal
2021-02-12 03:00:00,100,91,2.2857142857142856,0.0,0.0,0.057,optimal
2021-02-12 03:30:00,100,91,2.2857142857142856,0.0,0.0,0.1248,optimal
2021-02-12 04:00:00,100,91,2.2857142857142856,0.0,0.0,0.057,optimal
2021-02-12 04:30:00,100,91,2.2857142857142856,0.0,0.0,0.057,optimal
2021-02-12 05:00:00,100,91,2.2857142857142856,0.0,0.0,0.1288,optimal
2021-02-12 05:30:00,100,91,2.2857142857142856,0.0,0.0,0.067,optimal
2021-02-12 06:00:00,100,91,2.2857142857142856,0.0,0.0,0.12946666666666667,optimal
2021-02-12 06:30:00,100,91,2.2857142857142856,0.0,0.0,0.057,optimal
2021-02-12 07:00:00,100,91,2.2857142857142856,0.0,0.5788136205963288,0.31260000000000004,optimal
2021-02-12 07:30:00,100,91,2.2857142857142856,0.0,0.0,0.3221333333333333,optimal
2021-02-12 08:00:00,100,91,2.285714285714285,0.0,0.0,0.099,optimal
2021-02-12 08:30:00,100,91,1.4700759201338078,0.0,0.0,0.12869999999999998,optimal
2021-02-12 09:00:00,100,91,1.3048827780709018,0.0,0.0,0.11216666666666669,optimal
2021-02-12 09:30:00,100,91,1.175031936163772,0.0,0.0,0.10653333333333331,optimal
2021-02-12 10:00:00,100,91,0.7529919379102538,0.0,0.0,0.14566666666666667,optimal
2021-02-12 10:30:00,100,91,0.6180762004206448,0.0,0.0,0.5417000000000001,optimal
2021-02-12 11:00:00,100,91,0.4284358988033044,0.0,0.0,0.2772333333333333,optimal
2021-02-12 11:30:00,100,91,0.4626297649504396,0.0,0.0,0.14703333333333332,optimal
2021-02-12 12:00:00,100,91,0.2901230180888255,0.0,0.0,0.3474,optimal
2021-02-12 12:30:00,100,91,0.3675264080454816,0.0,0.0,0.17046666666666666,optimal
2021-02-12 13:00:00,100,91,2.2857142857142856,0.0,10.0,0.1129,optimal
2021-02-12 13:30:00,100,91,2.2857142857142856,0.0,0.0,0.10843333333333334,optimal
2021-02-12 14:00:00,100,91,2.2857142857142856,0.0,0.0,0.09336666666666665,optimal
2021-02-12 14:30:00,100,91,2.2857142857142856,0.0,0.0,0.067,optimal
2021-02-12 15:00:00,100,91,2.2857142857142856,0.0,0.0,0.067,optimal
2021-02-12 15:30:00,100,91,2.2857142857142856,0.0,0.0,0.1235,optimal
2021-02-12 16:00:00,100,91,0.0,0.0,0.0,0.0783,optimal
2021-02-12 16:30:00,100,91,0.0,0.0,0.0,0.11220000000000001,optimal
2021-02-12 17:00:00,100,91,0.0,0.0,0.0,0.1252666666666667,optimal
2021-02-12 17:30:00,100,91,0.0,0.0,0.0,2.184733333333333,optimal
2021-02-12 18:00:00,100,91,0.0,0.0,0.0,0.17276666666666668,optimal
2021-02-12 18:30:00,100,91,0.0,0.0,0.0,0.39303333333333335,optimal
2021-02-12 19:00:00,100,91,0.0,0.0,0.0,0.1348,optimal
2021-02-12 19:30:00,100,91,0.0,0.0,0.0,0.067,optimal
2021-02-12 20:00:00,100,91,1.0343330135338706,0.0,0.0,0.067,optimal
2021-02-12 20:30:00,100,91,0.0,0.0,0.0,0.067,optimal
2021-02-12 21:00:00,100,91,0.0,0.0,0.0,0.1348,optimal
2021-02-12 21:30:00,100,91,0.0,0.0,0.0,0.067,optimal
2021-02-12 22:00:00,100,91,0.7165714285714285,0.0,0.0,0.067,optimal
2021-02-12 22:30:00,100,91,0.0,0.0,0.0,0.2288,optimal
2021-02-12 23:00:00,100,91,0.0,0.0,0.0,0.208,optimal
2021-02-12 23:30:00,100,91,0.0,0.0,0.0,0.1883333333333333,optimal
2021-02-13 00:00:00,100,91,0.0,0.0,0.0,0.15853333333333333,optimal
2021-02-13 00:30:00,100,91,0.11942857142857141,0.0,0.0,0.2194,optimal
2021-02-13 01:00:00,100,91,0.0,0.0,0.0,0.067,optimal
2021-02-13 01:30:00,100,91,0.9678204588713151,0.0,0.0,0.067,optimal
2021-02-13 02:00:00,100,91,2.2857142857142856,0.0,0.0,0.067,optimal
2021-02-13 02:30:00,100,91,2.2857142857142856,0.0,0.0,0.067,optimal
2021-02-13 03:00:00,100,91,2.2857142857142856,0.0,0.0,0.067,optimal
2021-02-13 03:30:00,100,91,2.2857142857142856,0.0,0.0,0.067,optimal
2021-02-13 04:00:00,100,91,2.2857142857142856,0.0,0.0,0.067,optimal
2021-02-13 04:30:00,100,91,2.2857142857142856,0.0,0.0,0.067,optimal
2021-02-13 05:00:00,100,91,2.2857142857142856,0.0,0.0,0.067,optimal
2021-02-13 05:30:00,100,91,2.2857142857142856,0.0,0.0,0.067,optimal
2021-02-13 06:00:00,100,91,2.2857142857142856,0.0,0.0,0.074,optimal
2021-02-13 06:30:00,100,91,2.2857142857142856,0.0,4.89574389746749,0.067,optimal
2021-02-13 07:00:00,100,91,2.2857142857142856,0.0,10.0,0.067,optimal
2021-02-13 07:30:00,100,91,2.2857142857142856,0.0,0.0,0.067,optimal
2021-02-13 08:00:00,100,91,1.384661856860632,0.0,0.0,0.067,optimal
2021-02-13 08:30:00,100,91,1.381227151579193,0.0,0.0,0.067,optimal
2021-02-13 09:00:00,100,91,1.1304446856549886,0.0,0.0,0.967,optimal
2021-02-13 09:30:00,100,91,1.121040683057315,0.0,0.0,0.7355333333333333,optimal
2021-02-13 10:00:00,100,91,0.846390513297545,0.0,0.0,0.31443333333333334,optimal
2021-02-13 10:30:00,100,91,0.8928510461113439,0.0,0.0,0.12179999999999999,optimal
2021-02-13 11:00:00,100,91,0.6173493909729323,0.0,0.0,0.0964,optimal
2021-02-13 11:30:00,100,91,0.6450956380724584,0.0,0.0,0.10726666666666668,optimal
2021-02-13 12:00:00,100,91,0.5465380660944459,0.0,0.0,0.07033333333333333,optimal
2021-02-13 12:30:00,100,91,0.4982400841029936,0.0,0.0,0.065,optimal
2021-02-13 13:00:00,100,91,2.2857142857142856,0.0,0.0,0.0694,optimal
2021-02-13 13:30:00,100,91,2.2857142857142856,0.0,0.0,0.3247,optimal
2021-02-13 14:00:00,100,91,2.2857142857142856,0.0,0.0,1.183266666666667,optimal
2021-02-13 14:30:00,100,91,2.2857142857142856,0.0,0.0,1.4828,optimal
2021-02-13 15:00:00,100,91,2.2857142857142856,0.0,0.0,0.379,optimal
2021-02-13 15:30:00,100,91,2.2857142857142856,0.0,0.0,1.6938,optimal
2021-02-13 16:00:00,100,91,0.0,0.0,0.0,0.47783333333333333,optimal
2021-02-13 16:30:00,100,91,0.0,0.0,0.0,1.4136666666666668,optimal
2021-02-13 17:00:00,100,91,0.0,0.0,0.0,0.3914666666666666,optimal
2021-02-13 17:30:00,100,91,0.0,0.0,0.0,1.6322333333333332,optimal
2021-02-13 18:00:00,100,91,0.0,0.0,0.0,0.5912999999999999,optimal
2021-02-13 18:30:00,100,91,0.0,0.0,0.0,0.1948,optimal
2021-02-13 19:00:00,100,91,0.0,0.0,0.0,0.3693,optimal
2021-02-13 19:30:00,100,91,0.0,0.0,0.0,0.42286666666666667,optimal
2021-02-13 20:00:00,100,91,0.18069462147935927,0.0,0.0,0.6772,optimal
2021-02-13 20:30:00,100,91,0.0,0.0,0.0,1.6616,optimal
2021-02-13 21:00:00,100,91,0.0,0.0,0.0,0.5238666666666667,optimal
2021-02-13 21:30:00,100,91,0.0,0.0,0.0,0.45626666666666665,optimal
2021-02-13 22:00:00,100,91,0.0398095238095238,0.0,0.0,0.37339999999999995,optimal
2021-02-13 22:30:00,100,91,0.0,0.0,0.0,0.49556666666666666,optimal
2021-02-13 23:00:00,100,91,0.0,0.0,0.0,0.077,optimal
2021-02-13 23:30:00,100,91,0.0,0.0,0.0,0.075,optimal
