time,run,dwelling_id,hp_elec_kw,boiler_gas_kw,ev_charge_kw,appliance_kw,solve_status
2021-02-07 00:00:00,1,2,0.0,0.0,0.0,0.06733333333333333,optimal
2021-02-07 00:30:00,1,2,0.0,0.0,0.0,0.06466666666666668,optimal
2021-02-07 01:00:00,1,2,0.0,0.0,0.0,0.061,optimal
2021-02-07 01:30:00,1,2,0.0,0.0,0.0,0.061,optimal
2021-02-07 02:00:00,1,2,0.0,0.0,0.0,0.1306,optimal
2021-02-07 02:30:00,1,2,0.0,0.0,0.0,0.06733333333333333,optimal
2021-02-07 03:00:00,1,2,0.0,0.0,0.0,0.12513333333333335,optimal
2021-02-07 03:30:00,1,2,0.0,0.0,0.0,0.08646666666666666,optimal
2021-02-07 04:00:00,1,2,1.1428571428571428,0.0,0.0,0.071,optimal
2021-02-07 04:30:00,1,2,1.1428571428571428,0.0,0.0,0.071,optimal
2021-02-07 05:00:00,1,2,1.1428571428571428,0.0,0.0,0.13426666666666667,optimal
2021-02-07 05:30:00,1,2,1.1428571428571428,0.0,0.0,0.061,optimal
2021-02-07 06:00:00,1,2,1.1428571428571428,0.1548148148148148,0.0,0.06,optimal
2021-02-07 06:30:00,1,2,1.1428571428571428,0.46444444444444444,0.0,0.8240333333333333,optimal
2021-02-07 07:00:00,1,2,1.1428571428571428,0.774074074074074,1.8089900112525021,0.7400666666666668,optimal
2021-02-07 07:30:00,1,2,0.0,2.39962962962963,0.0,1.7766,optimal
2021-02-07 08:00:00,1,2,0.0,0.3096296296296296,0.0,1.1920666666666666,optimal
2021-02-07 08:30:00,1,2,0.0,2.2448148148148146,0.0,0.06366666666666666,optimal
2021-02-07 09:00:00,1,2,0.6040110510665772,0.387037037037037,0.0,0.0892,optimal
2021-02-07 09:30:00,1,2,0.6377817044737052,0.0,0.0,1.6007,optimal
2021-02-07 10:00:00,1,2,0.6926567659297371,0.0,0.0,0.143,optimal
2021-02-07 10:30:00,1,2,0.6763747747952333,0.0,0.0,0.22440000000000002,optimal
2021-02-07 11:00:00,1,2,0.6154290550478112,0.23222222222222222,0.0,0.16593333333333335,optimal
2021-02-07 11:30:00,1,2,0.6107033407620949,0.0,0.0,0.18863333333333332,optimal
2021-02-07 12:00:00,1,2,0.7267809138975517,0.0,0.0,0.071,optimal
2021-02-07 12:30:00,1,2,1.1428571428571428,0.0,0.0,0.1406,optimal
2021-02-07 13:00:00,1,2,1.1428571428571428,0.0,0.0,0.071,optimal
2021-02-07 13:30:00,1,2,1.1428571428571428,0.0,0.0,0.071,optimal
2021-02-07 14:00:00,1,2,1.1428571428571428,0.0,0.0,0.129,optimal
2021-02-07 14:30:00,1,2,1.1428571428571428,0.0,0.0,0.08259999999999999,optimal
2021-02-07 15:00:00,1,2,1.1428571428571428,0.0,0.0,0.071,optimal
2021-02-07 15:30:00,1,2,1.1428571428571428,0.0,0.0,0.13286666666666666,optimal
2021-02-07 16:00:00,1,2,0.0,0.0,0.0,0.07840000000000001,optimal
2021-02-07 16:30:00,1,2,0.0,0.5418518518518518,0.0,0.1396,optimal
2021-02-07 17:00:00,1,2,0.0,0.6966666666666667,0.0,0.27536666666666665,optimal
2021-02-07 17:30:00,1,2,0.0,0.0,0.0,0.4552333333333333,optimal
2021-02-07 18:00:00,1,2,0.0,0.0774074074074074,0.0,0.42660000000000003,optimal
2021-02-07 18:30:00,1,2,0.0,0.0,0.0,1.2235666666666667,optimal
2021-02-07 19:00:00,1,2,0.0,0.0,0.0,1.7233666666666665,optimal
2021-02-07 19:30:00,1,2,0.4947803842912524,0.2740222222222222,0.0,0.5882666666666666,optimal
2021-02-07 20:00:00,1,2,0.5162851461960114,0.035607407407407414,0.0,0.39613333333333334,optimal
2021-02-07 20:30:00,1,2,0.0,0.3096296296296296,0.0,0.35186666666666666,optimal
2021-02-07 21:00:00,1,2,0.0,0.0774074074074074,0.0,0.6148333333333333,optimal
2021-02-07 21:30:00,1,2,0.0,0.1548148148148148,0.0,0.553,optimal
2021-02-07 22:00:00,1,2,0.0,0.0,0.0,0.3686666666666667,optimal
2021-02-07 22:30:00,1,2,0.0,0.0,0.0,1.1639000000000002,optimal
2021-02-07 23:00:00,1,2,0.0,0.0,0.0,0.3018333333333333,optimal
2021-02-07 23:30:00,1,2,0.0,0.0,0.0,0.44653333333333334,optimal
2021-02-08 00:00:00,1,2,0.0,0.0,0.0,0.057,optimal
2021-02-08 00:30:00,1,2,0.0,0.0,0.0,0.057,optimal
2021-02-08 01:00:00,1,2,0.0,0.0,0.0,0.057,optimal
2021-02-08 01:30:00,1,2,0.3266994602458063,0.0,0.0,0.07740000000000001,optimal
2021-02-08 02:00:00,1,2,1.1428571428571428,0.0,0.0,0.1386,optimal
2021-02-08 02:30:00,1,2,1.1428571428571428,0.0,0.0,0.057,optimal
2021-02-08 03:00:00,1,2,1.1428571428571428,0.0,0.0,0.12329999999999999,optimal
2021-02-08 03:30:00,1,2,1.1428571428571428,0.0,0.0,0.0927,optimal
2021-02-08 04:00:00,1,2,1.1428571428571428,0.0,0.0,0.06666666666666667,optimal
2021-02-08 04:30:00,1,2,1.1428571428571428,0.0,0.0,0.067,optimal
2021-02-08 05:00:00,1,2,1.1428571428571428,0.0,0.0,0.14859999999999998,optimal
2021-02-08 05:30:00,1,2,1.1428571428571428,2.150377777777778,0.0,0.2867333333333333,optimal
2021-02-08 06:00:00,1,2,1.1428571428571428,3.345548148148148,0.0,0.064,optimal
2021-02-08 06:30:00,1,2,1.1428571428571428,0.387037037037037,5.256388116352918,0.167,optimal
2021-02-08 07:00:00,1,2,1.1428571428571428,0.387037037037037,10.0,0.065,optimal
2021-02-08 07:30:00,1,2,1.1428571428571428,2.2448148148148146,0.0,0.15680000000000002,optimal
2021-02-08 08:00:00,1,2,0.6697912051630425,1.1611111111111108,0.0,0.9494666666666668,optimal
2021-02-08 08:30:00,1,2,0.7281168330761622,2.3222222222222215,0.0,0.14633333333333334,optimal
2021-02-08 09:00:00,1,2,0.735546181770256,0.0,0.0,0.10666666666666669,optimal
2021-02-08 09:30:00,1,2,0.49888154942438456,0.23222222222222222,0.0,1.34,optimal
2021-02-08 10:00:00,1,2,0.5409788911505501,0.1548148148148148,0.0,0.08506666666666667,optimal
2021-02-08 10:30:00,1,2,0.574967333020221,0.0,0.0,0.17256666666666667,optimal
2021-02-08 11:00:00,1,2,0.5684496479234729,0.0,0.0,0.0721,optimal
2021-02-08 11:30:00,1,2,0.5656287819151132,0.0,0.0,0.067,optimal
2021-02-08 12:00:00,1,2,0.46068521681685926,0.5418518518518518,0.0,0.1463,optimal
2021-02-08 12:30:00,1,2,0.679325678978199,0.0,0.0,0.1157,optimal
2021-02-08 13:00:00,1,2,1.1428571428571428,0.0,0.0,0.0845,optimal
2021-02-08 13:30:00,1,2,1.1428571428571428,0.0,0.0,0.201,optimal
2021-02-08 14:00:00,1,2,1.1428571428571428,0.0,0.0,0.10573333333333332,optimal
2021-02-08 14:30:00,1,2,1.1428571428571428,0.0,0.0,0.131,optimal
2021-02-08 15:00:00,1,2,1.1428571428571428,0.0,0.0,0.22126666666666667,optimal
2021-02-08 15:30:00,1,2,1.1428571428571428,0.774074074074074,0.0,0.2319,optimal
2021-02-08 16:00:00,1,2,0.0,0.5418518518518518,0.0,0.24209999999999998,optimal
2021-02-08 16:30:00,1,2,0.0,0.0,0.0,0.1181,optimal
2021-02-08 17:00:00,1,2,0.0,0.0,0.0,0.1129,optimal
2021-02-08 17:30:00,1,2,0.0,0.23222222222222222,0.0,0.1651,optimal
2021-02-08 18:00:00,1,2,0.0,0.0,0.0,0.19433333333333327,optimal
2021-02-08 18:30:00,1,2,0.0,0.0,0.0,0.6119333333333333,optimal
2021-02-08 19:00:00,1,2,0.0,0.0,0.0,3.1991,optimal
2021-02-08 19:30:00,1,2,0.5185316855861938,0.0,0.0,0.8108,optimal
2021-02-08 20:00:00,1,2,0.7715506036463529,0.0,0.0,0.1648,optimal
2021-02-08 20:30:00,1,2,0.0,0.0,0.0,0.247,optimal
2021-02-08 21:00:00,1,2,0.0,0.0,0.0,0.1885,optimal
2021-02-08 21:30:00,1,2,0.0,0.0,0.0,0.0925,optimal
2021-02-08 22:00:00,1,2,0.0,0.0,0.0,0.1435,optimal
2021-02-08 22:30:00,1,2,0.0,0.0,0.0,0.067,optimal
2021-02-08 23:00:00,1,2,0.0,0.0,0.0,0.067,optimal
2021-02-08 23:30:00,1,2,0.0,0.0,0.0,0.065,optimal
2021-02-09 00:00:00,1,2,0.0,0.0,0.0,0.19526666666666667,optimal
2021-02-09 00:30:00,1,2,0.0,0.0,0.0,0.053,optimal
2021-02-09 01:00:00,1,2,1.0174127124720578,0.0,0.0,0.14353333333333332,optimal
2021-02-09 01:30:00,1,2,1.1428571428571428,0.0,0.0,0.10473333333333332,optimal
2021-02-09 02:00:00,1,2,1.1428571428571428,0.0,0.0,0.10473333333333332,optimal
2021-02-09 02:30:00,1,2,1.1428571428571428,0.0,0.0,0.14353333333333332,optimal
2021-02-09 03:00:00,1,2,1.1428571428571428,0.0,0.0,0.053,optimal
2021-02-09 03:30:00,1,2,1.1428571428571428,0.0,0.0,0.2049333333333333,optimal
2021-02-09 04:00:00,1,2,1.1428571428571428,0.0,0.0,0.05333333333333334,optimal
2021-02-09 04:30:00,1,2,1.1428571428571428,0.0,0.0,0.17906666666666665,optimal
2021-02-09 05:00:00,1,2,1.1428571428571428,0.0,0.0,0.08886666666666666,optimal
2021-02-09 05:30:00,1,2,1.1428571428571428,0.0,0.0,0.2582333333333333,optimal
2021-02-09 06:00:00,1,2,1.1428571428571428,0.3096296296296296,0.0,1.343,optimal
2021-02-09 06:30:00,1,2,1.1428571428571428,1.9351851851851851,1.1893918459824555,2.4844333333333335,optimal
2021-02-09 07:00:00,1,2,1.1428571428571428,0.23222222222222222,10.0,0.9321333333333333,optimal
2021-02-09 07:30:00,1,2,1.1428571428571428,0.0,0.0,0.08886666666666666,optimal
2021-02-09 08:00:00,1,2,0.8136837611430152,0.0,0.0,0.1794,optimal
2021-02-09 08:30:00,1,2,0.84052389070191,0.0,0.0,0.05333333333333334,optimal
2021-02-09 09:00:00,1,2,0.7763709374920678,0.0,0.0,0.053,optimal
2021-02-09 09:30:00,1,2,0.7635369108955626,0.0,0.0,0.06266666666666666,optimal
2021-02-09 10:00:00,1,2,0.6167808406225246,0.0,0.0,0.1762,optimal
2021-02-09 10:30:00,1,2,0.6356477232206829,0.0,0.0,0.08206666666666666,optimal
2021-02-09 11:00:00,1,2,0.5383401156485941,0.0,0.0,0.063,optimal
2021-02-09 11:30:00,1,2,0.5362011112158392,0.0,0.0,0.063,optimal
2021-02-09 12:00:00,1,2,0.4290167086033005,0.0,0.0,0.20526666666666668,optimal
2021-02-09 12:30:00,1,2,0.6410686722443744,0.0,0.0,0.063,optimal
2021-02-09 13:00:00,1,2,1.1428571428571428,0.0774074074074074,0.0,1.5359333333333334,optimal
2021-02-09 13:30:00,1,2,1.1428571428571428,0.0,0.0,0.19319999999999998,optimal
2021-02-09 14:00:00,1,2,1.1428571428571428,0.0,0.0,0.09766666666666668,optimal
2021-02-09 14:30:00,1,2,1.1428571428571428,0.0,0.0,0.206,optimal
2021-02-09 15:00:00,1,2,1.1428571428571428,0.0,0.0,0.3334,optimal
2021-02-09 15:30:00,1,2,1.1428571428571428,0.0,0.0,0.42203333333333337,optimal
2021-02-09 16:00:00,1,2,0.0,0.0,0.0,0.184,optimal
2021-02-09 16:30:00,1,2,0.0,0.0,0.0,0.2755,optimal
2021-02-09 17:00:00,1,2,0.0,0.3096296296296296,0.0,0.14693333333333333,optimal
2021-02-09 17:30:00,1,2,0.0,0.0774074074074074,0.0,2.4119333333333333,optimal
2021-02-09 18:00:00,1,2,0.0,0.23222222222222222,0.0,0.4109,optimal
2021-02-09 18:30:00,1,2,0.0,0.0,0.0,0.08886666666666666,optimal
2021-02-09 19:00:00,1,2,0.0,0.0,0.0,0.063,optimal
2021-02-09 19:30:00,1,2,0.7947681783664741,0.0,0.0,0.11473333333333333,optimal
2021-02-09 20:00:00,1,2,0.7836824640807584,0.0,0.0,0.15353333333333333,optimal
2021-02-09 20:30:00,1,2,0.0,0.0,0.0,0.063,optimal
2021-02-09 21:00:00,1,2,0.0,0.0,0.0,0.09923333333333333,optimal
2021-02-09 21:30:00,1,2,0.0,0.1548148148148148,0.0,0.3566333333333333,optimal
2021-02-09 22:00:00,1,2,0.0,0.0,0.0,0.063,optimal
2021-02-09 22:30:00,1,2,0.0,0.0,0.0,0.16,optimal
2021-02-09 23:00:00,1,2,0.0,0.0,0.0,0.10826666666666668,optimal
2021-02-09 23:30:00,1,2,0.0,0.0,0.0,0.058333333333333334,optimal
2021-02-10 00:00:00,1,2,0.0,0.0,0.0,0.06766666666666667,optimal
2021-02-10 00:30:00,1,2,0.6029174945845454,0.0,0.0,0.058333333333333334,optimal
2021-02-10 01:00:00,1,2,1.1428571428571428,0.0,0.0,0.058,optimal
2021-02-10 01:30:00,1,2,1.1428571428571428,0.0,0.0,0.11776666666666669,optimal
2021-02-10 02:00:00,1,2,1.1428571428571428,0.0,0.0,0.11776666666666669,optimal
2021-02-10 02:30:00,1,2,1.1428571428571428,0.0,0.0,0.058,optimal
2021-02-10 03:00:00,1,2,1.1428571428571428,0.0,0.0,0.058,optimal
2021-02-10 03:30:00,1,2,1.1428571428571428,0.0,0.0,0.15036666666666668,optimal
2021-02-10 04:00:00,1,2,1.1428571428571428,0.0,0.0,0.08516666666666667,optimal
2021-02-10 04:30:00,1,2,1.1428571428571428,0.0,0.0,0.058,optimal
2021-02-10 05:00:00,1,2,1.1428571428571428,0.0,0.0,0.17753333333333332,optimal
2021-02-10 05:30:00,1,2,1.1428571428571428,0.0,3.584683687424307,0.058,optimal
2021-02-10 06:00:00,1,2,1.1428571428571428,0.0,10.0,0.11233333333333331,optimal
2021-02-10 06:30:00,1,2,1.1428571428571428,0.0,10.0,0.13286666666666666,optimal
2021-02-10 07:00:00,1,2,1.1428571428571428,0.0,10.0,0.068,optimal
2021-02-10 07:30:00,1,2,1.1428571428571428,0.0,0.0,0.1658,optimal
2021-02-10 08:00:00,1,2,0.664923585306352,1.7029629629629628,0.0,0.6723,optimal
2021-02-10 08:30:00,1,2,0.4715580437658272,0.1548148148148148,0.0,4.051666666666667,optimal
2021-02-10 09:00:00,1,2,0.28921377071217996,0.387037037037037,0.0,2.691533333333333,optimal
2021-02-10 09:30:00,1,2,0.4621625148859444,0.0,0.0,0.2868,optimal
2021-02-10 10:00:00,1,2,0.48188530174698174,0.1548148148148148,0.0,0.19113333333333332,optimal
2021-02-10 10:30:00,1,2,0.3770016217820748,0.0,0.0,0.7615,optimal
2021-02-10 11:00:00,1,2,0.47571944549908574,0.0,0.0,0.2646,optimal
2021-02-10 11:30:00,1,2,0.42407000806215883,0.0,0.0,0.4134,optimal
2021-02-10 12:00:00,1,2,0.32752625010869785,0.0774074074074074,0.0,0.3579,optimal
2021-02-10 12:30:00,1,2,0.31785958344202364,0.6192592592592592,0.0,0.37973333333333337,optimal
2021-02-10 13:00:00,1,2,0.5294365585116563,0.23222222222222222,0.0,0.286,optimal
2021-02-10 13:30:00,1,2,1.1428571428571428,0.8514814814814814,0.0,0.5337666666666666,optimal
2021-02-10 14:00:00,1,2,1.1428571428571428,0.0,0.0,0.40023333333333333,optimal
2021-02-10 14:30:00,1,2,1.1428571428571428,0.1548148148148148,0.0,0.20233333333333328,optimal
2021-02-10 15:00:00,1,2,1.1428571428571428,0.0,0.0,1.2619,optimal
2021-02-10 15:30:00,1,2,1.1428571428571428,0.0,0.0,0.23956666666666662,optimal
2021-02-10 16:00:00,1,2,0.0,0.0,0.0,0.1616,optimal
2021-02-10 16:30:00,1,2,0.0,0.23222222222222222,0.0,0.8376333333333333,optimal
2021-02-10 17:00:00,1,2,0.0,0.387037037037037,0.0,1.8279666666666667,optimal
2021-02-10 17:30:00,1,2,0.0,0.23222222222222222,0.0,1.0899,optimal
2021-02-10 18:00:00,1,2,0.0,0.0774074074074074,0.0,0.5197666666666666,optimal
2021-02-10 18:30:00,1,2,0.0,0.0,0.0,0.5352,optimal
2021-02-10 19:00:00,1,2,0.0,0.23222222222222222,0.0,0.6005,optimal
2021-02-10 19:30:00,1,2,0.0,0.23222222222222222,0.0,0.4059,optimal
2021-02-10 20:00:00,1,2,0.0,0.0,0.0,0.3961,optimal
2021-02-10 20:30:00,1,2,0.0,0.3096296296296296,0.0,1.4147333333333332,optimal
2021-02-10 21:00:00,1,2,0.0,0.0,0.0,0.4128,optimal
2021-02-10 21:30:00,1,2,0.0,0.0,0.0,0.4629333333333333,optimal
2021-02-10 22:00:00,1,2,0.0,0.0,0.0,0.903,optimal
2021-02-10 22:30:00,1,2,0.0,0.0,0.0,1.3654666666666666,optimal
2021-02-10 23:00:00,1,2,0.0,0.0,0.0,0.24186666666666667,optimal
2021-02-10 23:30:00,1,2,0.0,0.0,0.0,3.8893,optimal
2021-02-11 00:00:00,1,2,0.05506818023725786,0.0,0.0,0.064,optimal
2021-02-11 00:30:00,1,2,1.1428571428571428,0.0,0.0,0.064,optimal
2021-02-11 01:00:00,1,2,1.1428571428571428,0.0,0.0,0.124,optimal
2021-02-11 01:30:00,1,2,1.1428571428571428,0.0,0.0,0.064,optimal
2021-02-11 02:00:00,1,2,1.1428571428571428,0.0,0.0,0.064,optimal
2021-02-11 02:30:00,1,2,1.1428571428571428,0.0,0.0,0.124,optimal
2021-02-11 03:00:00,1,2,1.1428571428571428,0.0,0.0,0.10883333333333331,optimal
2021-02-11 03:30:00,1,2,1.1428571428571428,0.0,0.0,0.6342666666666666,optimal
2021-02-11 04:00:00,1,2,1.1428571428571428,0.0,0.0,0.36233333333333334,optimal
2021-02-11 04:30:00,1,2,1.1428571428571428,4.644444444444443,0.0,0.4567333333333333,optimal
2021-02-11 05:00:00,1,2,1.1428571428571428,2.0899999999999994,0.0,1.2509666666666668,optimal
2021-02-11 05:30:00,1,2,1.1428571428571428,0.0,0.0,0.3536666666666667,optimal
2021-02-11 06:00:00,1,2,1.1428571428571428,0.1548148148148148,0.0,0.8555333333333333,optimal
2021-02-11 06:30:00,1,2,1.1428571428571428,0.387037037037037,2.0202939318747477,1.3019666666666667,optimal
2021-02-11 07:00:00,1,2,1.1428571428571428,0.1548148148148148,10.0,0.6755333333333333,optimal
2021-02-11 07:30:00,1,2,1.1428571428571428,0.5418518518518518,0.0,0.313,optimal
2021-02-11 08:00:00,1,2,0.8328115513176871,0.387037037037037,0.0,0.28556666666666664,optimal
2021-02-11 08:30:00,1,2,0.8600571360444991,6.037777777777776,0.0,0.21,optimal
2021-02-11 09:00:00,1,2,0.5425026589987821,1.315925925925926,0.0,1.2655,optimal
2021-02-11 09:30:00,1,2,0.6064202746227972,0.0774074074074074,0.0,0.5923999999999999,optimal
2021-02-11 10:00:00,1,2,0.538461314060184,0.6192592592592592,0.0,0.15113333333333331,optimal
2021-02-11 10:30:00,1,2,0.5806817482055747,0.0,0.0,0.10766666666666669,optimal
2021-02-11 11:00:00,1,2,0.42535313270032604,0.46444444444444444,0.0,0.35436666666666666,optimal
2021-02-11 11:30:00,1,2,0.4332585423995421,0.0774074074074074,0.0,0.22096666666666667,optimal
2021-02-11 12:00:00,1,2,0.304525795088137,1.0837037037037036,0.0,0.2606666666666667,optimal
2021-02-11 12:30:00,1,2,0.5285041050613057,0.23222222222222222,0.0,0.22619999999999998,optimal
2021-02-11 13:00:00,1,2,1.1428571428571428,0.0774074074074074,0.0,0.5553333333333333,optimal
2021-02-11 13:30:00,1,2,1.1428571428571428,0.23222222222222222,0.0,1.3361333333333334,optimal
2021-02-11 14:00:00,1,2,1.1428571428571428,0.0,0.0,0.22866666666666663,optimal
2021-02-11 14:30:00,1,2,1.1428571428571428,0.0,0.0,0.22223333333333328,optimal
2021-02-11 15:00:00,1,2,1.1428571428571428,0.0,0.0,0.3115,optimal
2021-02-11 15:30:00,1,2,1.1428571428571428,0.0,0.0,0.23053333333333334,optimal
2021-02-11 16:00:00,1,2,0.0,0.387037037037037,0.0,0.2994,optimal
2021-02-11 16:30:00,1,2,0.0,0.0,0.0,0.28863333333333335,optimal
2021-02-11 17:00:00,1,2,0.0,0.23222222222222222,0.0,0.2153333333333333,optimal
2021-02-11 17:30:00,1,2,0.0,0.1548148148148148,0.0,0.9153666666666668,optimal
2021-02-11 18:00:00,1,2,0.0,0.387037037037037,0.0,0.8475666666666667,optimal
2021-02-11 18:30:00,1,2,0.0,0.0,0.0,0.439,optimal
2021-02-11 19:00:00,1,2,0.0,0.6966666666666667,0.0,0.3616666666666667,optimal
2021-02-11 19:30:00,1,2,0.8847566771168678,0.0,0.0,0.36060000000000003,optimal
2021-02-11 20:00:00,1,2,0.8768283670884874,0.0,0.0,0.5068,optimal
2021-02-11 20:30:00,1,2,0.0,0.0774074074074074,0.0,0.45096666666666657,optimal
2021-02-11 21:00:00,1,2,0.0,0.23222222222222222,0.0,0.5782,optimal
2021-02-11 21:30:00,1,2,0.0,0.0,0.0,0.3842,optimal
2021-02-11 22:00:00,1,2,0.0,0.0,0.0,0.074,optimal
2021-02-11 22:30:00,1,2,0.0,0.0,0.0,0.074,optimal
2021-02-11 23:00:00,1,2,0.0,0.0,0.0,0.134,optimal
2021-02-11 23:30:00,1,2,0.0,0.0,0.0,0.074,optimal
2021-02-12 00:00:00,1,2,1.1428571428571428,0.0,0.0,0.06,optimal
2021-02-12 00:30:00,1,2,1.1428571428571428,0.0,0.0,0.06,optimal
2021-02-12 01:00:00,1,2,1.1428571428571428,0.0,0.0,0.0654,optimal
2021-02-12 01:30:00,1,2,1.1428571428571428,0.0,0.0,0.29669999999999996,optimal
2021-02-12 02:00:00,1,2,1.1428571428571428,0.0,0.0,0.1445,optimal
2021-02-12 02:30:00,1,2,1.1428571428571428,0.0,0.0,0.19866666666666663,optimal
2021-02-12 03:00:00,1,2,1.1428571428571428,0.0,0.0,0.2549333333333333,optimal
2021-02-12 03:30:00,1,2,1.1428571428571428,0.0,0.0,0.1626,optimal
2021-02-12 04:00:00,1,2,1.1428571428571428,0.0,0.0,0.0708,optimal
2021-02-12 04:30:00,1,2,1.1428571428571428,0.0,0.0,0.2732,optimal
2021-02-12 05:00:00,1,2,1.1428571428571428,0.0,0.0,0.10859999999999999,optimal
2021-02-12 05:30:00,1,2,1.1428571428571428,0.0,0.0,0.247,optimal
2021-02-12 06:00:00,1,2,1.1428571428571428,0.0,0.0,0.17626666666666668,optimal
2021-02-12 06:30:00,1,2,1.1428571428571428,0.0,5.802530936024952,0.15273333333333333,optimal
2021-02-12 07:00:00,1,2,1.1428571428571428,1.7029629629629628,10.0,0.11783333333333332,optimal
2021-02-12 07:30:00,1,2,1.1428571428571428,8.578515468690973,0.0,0.26263333333333333,optimal
2021-02-12 08:00:00,1,2,0.864528610084629,0.23222222222222222,0.0,0.1328,optimal
2021-02-12 08:30:00,1,2,0.8341512944822992,0.1548148148148148,0.0,0.15230000000000002,optimal
2021-02-12 09:00:00,1,2,0.6980850719127547,0.0,0.0,0.44639999999999996,optimal
2021-02-12 09:30:00,1,2,0.5951784006812803,0.3096296296296296,0.0,0.27103333333333335,optimal
2021-02-12 10:00:00,1,2,0.4206204627001334,0.1548148148148148,0.0,0.2742,optimal
2021-02-12 10:30:00,1,2,0.3671084272381393,0.0,0.0,0.6762666666666667,optimal
2021-02-12 11:00:00,1,2,0.4052605058051269,0.1548148148148148,0.0,0.5567000000000001,optimal
2021-02-12 11:30:00,1,2,0.33789483470571624,0.0,0.0,1.3369000000000002,optimal
2021-02-12 12:00:00,1,2,0.3503212591918311,0.0774074074074074,0.0,0.3812,optimal
2021-02-12 12:30:00,1,2,0.5671235854095191,0.1548148148148148,0.0,0.2372,optimal
2021-02-12 13:00:00,1,2,1.1428571428571428,0.0,0.0,0.19190000000000002,optimal
2021-02-12 13:30:00,1,2,1.1428571428571428,0.0,0.0,0.36839999999999995,optimal
2021-02-12 14:00:00,1,2,1.1428571428571428,0.0,0.0,0.21880000000000002,optimal
2021-02-12 14:30:00,1,2,1.1428571428571428,0.0,0.0,0.09720000000000001,optimal
2021-02-12 15:00:00,1,2,1.1428571428571428,0.0,0.0,0.22790000000000002,optimal
2021-02-12 15:30:00,1,2,1.1428571428571428,0.0,0.0,0.2225,optimal
2021-02-12 16:00:00,1,2,0.0,0.0,0.0,0.1197,optimal
2021-02-12 16:30:00,1,2,0.0,0.0,0.0,0.3469,optimal
2021-02-12 17:00:00,1,2,0.0,0.3096296296296296,0.0,0.9400333333333332,optimal
2021-02-12 17:30:00,1,2,0.0,0.1548148148148148,0.0,0.8265666666666667,optimal
2021-02-12 18:00:00,1,2,0.0,0.387037037037037,0.0,0.3068,optimal
2021-02-12 18:30:00,1,2,0.0,0.3096296296296296,0.0,1.4416333333333335,optimal
2021-02-12 19:00:00,1,2,0.0,0.387037037037037,0.0,1.4499000000000002,optimal
2021-02-12 19:30:00,1,2,0.6957899990381866,0.3096296296296296,0.0,0.297,optimal
2021-02-12 20:00:00,1,2,0.6643156269512994,0.0774074074074074,0.0,0.371,optimal
2021-02-12 20:30:00,1,2,0.0,0.0,0.0,0.0916,optimal
2021-02-12 21:00:00,1,2,0.0,0.0,0.0,0.174,optimal
2021-02-12 21:30:00,1,2,0.0,0.0,0.0,0.1846,optimal
2021-02-12 22:00:00,1,2,0.0,0.0,0.0,0.1155,optimal
2021-02-12 22:30:00,1,2,0.0,0.0,0.0,0.1675,optimal
2021-02-12 23:00:00,1,2,0.0,0.0,0.0,0.5414666666666667,optimal
2021-02-12 23:30:00,1,2,0.0,0.3096296296296296,0.0,1.1722000000000001,optimal
2021-02-13 00:00:00,1,2,0.0,0.0,0.0,0.16,optimal
2021-02-13 00:30:00,1,2,0.8248421731393697,0.0,0.0,0.06,optimal
2021-02-13 01:00:00,1,2,1.1428571428571428,0.0,0.0,0.06416666666666668,optimal
2021-02-13 01:30:00,1,2,1.1428571428571428,0.0,0.0,0.13083333333333333,optimal
2021-02-13 02:00:00,1,2,1.1428571428571428,0.0,0.0,0.17666666666666667,optimal
2021-02-13 02:30:00,1,2,1.1428571428571428,0.0,0.0,0.11833333333333332,optimal
2021-02-13 03:00:00,1,2,1.1428571428571428,0.0,0.0,0.155,optimal
2021-02-13 03:30:00,1,2,1.1428571428571428,0.0,0.0,0.065,optimal
2021-02-13 04:00:00,1,2,1.1428571428571428,0.0,0.0,0.105,optimal
2021-02-13 04:30:00,1,2,1.1428571428571428,0.0,0.0,0.115,optimal
2021-02-13 05:00:00,1,2,1.1428571428571428,0.0,0.0,0.06,optimal
2021-02-13 05:30:00,1,2,1.1428571428571428,0.1548148148148148,0.0,0.15966666666666665,optimal
2021-02-13 06:00:00,1,2,1.1428571428571428,0.0774074074074074,2.790296891116444,0.11316666666666668,optimal
2021-02-13 06:30:00,1,2,1.1428571428571428,0.0,10.0,0.07983333333333333,optimal
2021-02-13 07:00:00,1,2,1.1428571428571428,0.1548148148148148,10.0,0.226,optimal
2021-02-13 07:30:00,1,2,1.1428571428571428,0.3096296296296296,0.0,0.08733333333333333,optimal
2021-02-13 08:00:00,1,2,0.755092674161427,1.9351851851851851,0.0,0.084,optimal
2021-02-13 08:30:00,1,2,0.6311422411572374,0.23222222222222222,0.0,1.7441,optimal
2021-02-13 09:00:00,1,2,0.6691819218346128,1.5883999999999998,0.0,0.3063333333333333,optimal
2021-02-13 09:30:00,1,2,0.6844488044327681,4.836414814814814,0.0,0.24546666666666667,optimal
2021-02-13 10:00:00,1,2,0.5472722475536278,0.23222222222222222,0.0,0.32976666666666665,optimal
2021-02-13 10:30:00,1,2,0.5311351478827864,0.0,0.0,0.5738666666666666,optimal
2021-02-13 11:00:00,1,2,0.577814466051219,0.0,0.0,0.07,optimal
2021-02-13 11:30:00,1,2,0.5475802235232327,0.0,0.0,0.16833333333333333,optimal
2021-02-13 12:00:00,1,2,0.5027782076634497,0.0,0.0,0.14666666666666667,optimal
2021-02-13 12:30:00,1,2,0.4989763892741415,0.0,0.0,0.145,optimal
2021-02-13 13:00:00,1,2,1.1428571428571428,0.0,0.0,0.15466666666666665,optimal
2021-02-13 13:30:00,1,2,1.1428571428571428,0.0,0.0,0.3197,optimal
2021-02-13 14:00:00,1,2,1.1428571428571428,0.0774074074074074,0.0,0.3090333333333334,optimal
2021-02-13 14:30:00,1,2,1.1428571428571428,6.192592592592591,0.0,0.6475333333333333,optimal
2021-02-13 15:00:00,1,2,1.1428571428571428,1.315925925925926,0.0,1.1615666666666666,optimal
2021-02-13 15:30:00,1,2,1.1428571428571428,0.0,0.0,0.9556333333333332,optimal
2021-02-13 16:00:00,1,2,0.0,0.8514814814814814,0.0,0.6277,optimal
2021-02-13 16:30:00,1,2,0.0,0.3096296296296296,0.0,0.39466666666666667,optimal
2021-02-13 17:00:00,1,2,0.0,0.0,0.0,0.5529,optimal
2021-02-13 17:30:00,1,2,0.0,0.0,0.0,0.23326666666666668,optimal
2021-02-13 18:00:00,1,2,0.0,0.387037037037037,0.0,0.282,optimal
2021-02-13 18:30:00,1,2,0.0,0.1548148148148148,0.0,0.3374,optimal
2021-02-13 19:00:00,1,2,0.0,0.23222222222222222,0.0,0.15480000000000002,optimal
2021-02-13 19:30:00,1,2,0.6265851529277299,0.1548148148148148,0.0,0.2598666666666667,optimal
2021-02-13 20:00:00,1,2,0.6311727698084421,0.0,0.0,0.4403666666666667,optimal
2021-02-13 20:30:00,1,2,0.0,2.012592592592592,0.0,0.34,optimal
2021-02-13 21:00:00,1,2,0.0,0.0,0.0,0.4346666666666667,optimal
2021-02-13 21:30:00,1,2,0.0,0.0,0.0,0.3763333333333333,optimal
2021-02-13 22:00:00,1,2,0.0,0.0,0.0,0.155,optimal
2021-02-13 22:30:00,1,2,0.0,0.0,0.0,0.135,optimal
2021-02-13 23:00:00,1,2,0.0,0.0,0.0,0.145,optimal
2021-02-13 23:30:00,1,2,0.0,0.0,0.0,0.0795,optimal
2021-02-07 00:00:00,2,2,0.0,0.0,0.0,0.064,optimal
2021-02-07 00:30:00,2,2,0.0,0.0,0.0,0.064,optimal
2021-02-07 01:00:00,2,2,0.0,0.0,0.0,0.064,optimal
2021-02-07 01:30:00,2,2,0.0,0.0,0.0,0.064,optimal
2021-02-07 02:00:00,2,2,0.0,0.0,0.0,0.064,optimal
2021-02-07 02:30:00,2,2,0.0,0.0,0.0,0.064,optimal
2021-02-07 03:00:00,2,2,0.0,0.0,0.0,0.064,optimal
2021-02-07 03:30:00,2,2,0.0,0.0,0.0,0.064,optimal
2021-02-07 04:00:00,2,2,1.1428571428571428,0.0,0.0,0.064,optimal
2021-02-07 04:30:00,2,2,1.1428571428571428,0.0,0.0,0.064,optimal
2021-02-07 05:00:00,2,2,1.1428571428571428,0.0,0.0,0.064,optimal
2021-02-07 05:30:00,2,2,1.1428571428571428,0.0,0.0,0.064,optimal
2021-02-07 06:00:00,2,2,1.1428571428571428,1.2385185185185184,0.0,0.32913333333333333,optimal
2021-02-07 06:30:00,2,2,1.1428571428571428,0.1548148148148148,0.0,1.1403666666666665,optimal
2021-02-07 07:00:00,2,2,1.1428571428571428,0.387037037037037,1.5052247886819266,1.3049333333333335,optimal
2021-02-07 07:30:00,2,2,0.0,0.0,0.0,0.074,optimal
2021-02-07 08:00:00,2,2,0.08932292734690701,0.0,0.0,0.074,optimal
2021-02-07 08:30:00,2,2,0.7746354928275977,0.0,0.0,0.074,optimal
2021-02-07 09:00:00,2,2,0.7423549946207455,0.0,0.0,0.074,optimal
2021-02-07 09:30:00,2,2,0.7402159901879907,0.0,0.0,0.074,optimal
2021-02-07 10:00:00,2,2,0.6958853373583134,0.0,0.0,0.074,optimal
2021-02-07 10:30:00,2,2,0.7001633462238112,0.0,0.0,0.074,optimal
2021-02-07 11:00:00,2,2,0.647815721714477,0.0,0.0,0.074,optimal
2021-02-07 11:30:00,2,2,1.0325830390564086,0.0,0.0,0.074,optimal
2021-02-07 12:00:00,2,2,1.1428571428571428,0.0,0.0,0.074,optimal
2021-02-07 12:30:00,2,2,1.1428571428571428,0.0,0.0,0.074,optimal
2021-02-07 13:00:00,2,2,1.1428571428571428,0.0,0.0,0.074,optimal
2021-02-07 13:30:00,2,2,1.1428571428571428,0.0,0.0,0.074,optimal
2021-02-07 14:00:00,2,2,1.1428571428571428,0.0,0.0,0.074,optimal
2021-02-07 14:30:00,2,2,1.1428571428571428,0.0,0.0,0.074,optimal
2021-02-07 15:00:00,2,2,1.1428571428571428,0.0,0.0,0.074,optimal
2021-02-07 15:30:00,2,2,1.1428571428571428,0.0,0.0,0.074,optimal
2021-02-07 16:00:00,2,2,0.0,0.0,0.0,0.074,optimal
2021-02-07 16:30:00,2,2,0.0,0.0,0.0,0.074,optimal
2021-02-07 17:00:00,2,2,0.0,0.3096296296296296,0.0,0.16733333333333333,optimal
2021-02-07 17:30:00,2,2,0.0,0.0,0.0,1.5932,optimal
2021-02-07 18:00:00,2,2,0.0,0.23222222222222222,0.0,1.3292666666666668,optimal
2021-02-07 18:30:00,2,2,0.0,0.9288888888888889,0.0,1.1614,optimal
2021-02-07 19:00:00,2,2,0.0,0.23222222222222222,0.0,0.3463,optimal
2021-02-07 19:30:00,2,2,0.4887003842912552,0.0,0.0,1.0410333333333333,optimal
2021-02-07 20:00:00,2,2,0.47266990810078247,0.23222222222222222,0.0,1.4963666666666666,optimal
2021-02-07 20:30:00,2,2,0.0,0.0,0.0,0.8239,optimal
2021-02-07 21:00:00,2,2,0.0,0.0,0.0,1.4494666666666667,optimal
2021-02-07 21:30:00,2,2,0.0,0.387037037037037,0.0,2.8262666666666667,optimal
2021-02-07 22:00:00,2,2,0.0,0.0,0.0,0.19776666666666667,optimal
2021-02-07 22:30:00,2,2,0.0,0.0,0.0,0.074,optimal
2021-02-07 23:00:00,2,2,0.0,0.0,0.0,0.074,optimal
2021-02-07 23:30:00,2,2,0.0,0.0,0.0,0.07333333333333333,optimal
2021-02-08 00:00:00,2,2,0.0,0.0,0.0,0.06,optimal
2021-02-08 00:30:00,2,2,0.0,0.0,0.0,0.06,optimal
2021-02-08 01:00:00,2,2,0.0,0.0,0.0,0.06,optimal
2021-02-08 01:30:00,2,2,1.0266841477351922,0.0,0.0,0.06,optimal
2021-02-08 02:00:00,2,2,1.1428571428571428,0.0,0.0,0.06,optimal
2021-02-08 02:30:00,2,2,1.1428571428571428,0.0,0.0,0.06,optimal
2021-02-08 03:00:00,2,2,1.1428571428571428,0.0,0.0,0.06,optimal
2021-02-08 03:30:00,2,2,1.1428571428571428,0.0,0.0,0.06,optimal
2021-02-08 04:00:00,2,2,1.1428571428571428,0.0,0.0,0.06,optimal
2021-02-08 04:30:00,2,2,1.1428571428571428,0.0,0.0,0.06,optimal
2021-02-08 05:00:00,2,2,1.1428571428571428,0.0,0.0,0.06,optimal
2021-02-08 05:30:00,2,2,1.1428571428571428,0.0,0.0,0.06,optimal
2021-02-08 06:00:00,2,2,1.1428571428571428,0.0,0.0,0.06,optimal
2021-02-08 06:30:00,2,2,1.1428571428571428,0.0,5.024248530734975,0.06266666666666666,optimal
2021-02-08 07:00:00,2,2,1.1428571428571428,0.6192592592592592,10.0,0.35660000000000003,optimal
2021-02-08 07:30:00,2,2,1.1428571428571428,0.23222222222222222,0.0,0.7625,optimal
2021-02-08 08:00:00,2,2,0.6359054908773312,0.5418518518518518,0.0,0.22119999999999998,optimal
2021-02-08 08:30:00,2,2,0.5461263568856854,0.0,0.0,0.6012000000000001,optimal
2021-02-08 09:00:00,2,2,0.6347747531988231,0.0,0.0,0.21919999999999998,optimal
2021-02-08 09:30:00,2,2,0.5903482160910547,0.0,0.0,0.24480000000000002,optimal
2021-02-08 10:00:00,2,2,0.4533122244838811,0.387037037037037,0.0,0.2516,optimal
2021-02-08 10:30:00,2,2,0.5130625711154594,0.1548148148148148,0.0,0.2467333333333333,optimal
2021-02-08 11:00:00,2,2,0.3852972669710918,0.46444444444444444,0.0,0.2576,optimal
2021-02-08 11:30:00,2,2,0.3247716390579682,0.8514814814814814,0.0,0.3221,optimal
2021-02-08 12:00:00,2,2,0.6311628270407628,0.387037037037037,0.0,0.3454,optimal
2021-02-08 12:30:00,2,2,1.1428571428571428,0.0,0.0,0.168,optimal
2021-02-08 13:00:00,2,2,1.1428571428571428,0.0,0.0,0.07,optimal
2021-02-08 13:30:00,2,2,1.1428571428571428,0.0,0.0,0.07,optimal
2021-02-08 14:00:00,2,2,1.1428571428571428,0.0,0.0,0.07,optimal
2021-02-08 14:30:00,2,2,1.1428571428571428,0.0,0.0,0.07,optimal
2021-02-08 15:00:00,2,2,1.1428571428571428,0.0,0.0,0.07,optimal
2021-02-08 15:30:00,2,2,1.1428571428571428,0.0,0.0,0.07,optimal
2021-02-08 16:00:00,2,2,0.0,0.0,0.0,0.07,optimal
2021-02-08 16:30:00,2,2,0.0,0.0,0.0,0.07,optimal
2021-02-08 17:00:00,2,2,0.0,0.23222222222222222,0.0,0.3613,optimal
2021-02-08 17:30:00,2,2,0.0,0.0,0.0,0.2241,optimal
2021-02-08 18:00:00,2,2,0.0,0.1548148148148148,0.0,0.36860000000000004,optimal
2021-02-08 18:30:00,2,2,0.0,0.23222222222222222,0.0,0.6091,optimal
2021-02-08 19:00:00,2,2,0.0,0.0,0.0,0.4398,optimal
2021-02-08 19:30:00,2,2,0.633950733205237,0.3096296296296296,0.0,0.252,optimal
2021-02-08 20:00:00,2,2,0.5757963179320617,0.23222222222222222,0.0,0.305,optimal
2021-02-08 20:30:00,2,2,0.0,0.0,0.0,0.07,optimal
2021-02-08 21:00:00,2,2,0.0,0.0,0.0,0.07,optimal
2021-02-08 21:30:00,2,2,0.0,0.0,0.0,0.3046333333333333,optimal
2021-02-08 22:00:00,2,2,0.0,0.0,0.0,0.07,optimal
2021-02-08 22:30:00,2,2,0.0,0.0,0.0,0.07,optimal
2021-02-08 23:00:00,2,2,0.0,0.0,0.0,0.07,optimal
2021-02-08 23:30:00,2,2,0.0,0.0,0.0,0.07,optimal
2021-02-09 00:00:00,2,2,0.0,0.0,0.0,0.11803333333333332,optimal
2021-02-09 00:30:00,2,2,0.0,0.0,0.0,0.053,optimal
2021-02-09 01:00:00,2,2,0.9047564517652462,0.0,0.0,0.11359999999999999,optimal
2021-02-09 01:30:00,2,2,1.1428571428571428,0.0,0.0,0.21680000000000002,optimal
2021-02-09 02:00:00,2,2,1.1428571428571428,0.0,0.0,0.06186666666666667,optimal
2021-02-09 02:30:00,2,2,1.1428571428571428,0.0,0.0,0.0952,optimal
2021-02-09 03:00:00,2,2,1.1428571428571428,0.0,0.0,0.24406666666666663,optimal
2021-02-09 03:30:00,2,2,1.1428571428571428,0.0,0.0,0.053,optimal
2021-02-09 04:00:00,2,2,1.1428571428571428,0.0,0.0,0.2187666666666667,optimal
2021-02-09 04:30:00,2,2,1.1428571428571428,0.0,0.0,0.1205,optimal
2021-02-09 05:00:00,2,2,1.1428571428571428,0.0,0.0,0.12893333333333334,optimal
2021-02-09 05:30:00,2,2,1.1428571428571428,0.0,0.0,0.08073333333333334,optimal
2021-02-09 06:00:00,2,2,1.1428571428571428,0.0,6.772801393424318,0.147,optimal
2021-02-09 06:30:00,2,2,1.1428571428571428,0.0,10.0,0.13836666666666667,optimal
2021-02-09 07:00:00,2,2,1.1428571428571428,0.23222222222222222,10.0,0.1191,optimal
2021-02-09 07:30:00,2,2,1.1428571428571428,2.2448148148148146,0.0,0.5258333333333334,optimal
2021-02-09 08:00:00,2,2,0.5998647135239717,0.46444444444444444,0.0,0.4134666666666666,optimal
2021-02-09 08:30:00,2,2,0.6317334145114383,0.3096296296296296,0.0,0.09686666666666666,optimal
2021-02-09 09:00:00,2,2,0.55993284225397,0.3096296296296296,0.0,0.1739,optimal
2021-02-09 09:30:00,2,2,0.5237273870860442,0.5418518518518518,0.0,0.18336666666666668,optimal
2021-02-09 10:00:00,2,2,0.6520856025272893,0.0,0.0,0.063,optimal
2021-02-09 10:30:00,2,2,0.6086477232206897,0.0,0.0,0.1776,optimal
2021-02-09 11:00:00,2,2,0.5299686870771564,0.0,0.0,0.093,optimal
2021-02-09 11:30:00,2,2,0.2569344445491701,0.0,0.0,0.5231333333333333,optimal
2021-02-09 12:00:00,2,2,0.19767194669853788,0.46444444444444444,0.0,1.28,optimal
2021-02-09 12:30:00,2,2,0.0,0.0,0.0,1.5255999999999998,optimal
2021-02-09 13:00:00,2,2,1.1428571428571428,0.0,0.0,0.6592666666666667,optimal
2021-02-09 13:30:00,2,2,1.1428571428571428,0.1548148148148148,0.0,0.4756,optimal
2021-02-09 14:00:00,2,2,1.1428571428571428,0.0,0.0,1.7584333333333333,optimal
2021-02-09 14:30:00,2,2,1.1428571428571428,0.0,0.0,0.5811666666666666,optimal
2021-02-09 15:00:00,2,2,1.1428571428571428,0.23222222222222222,0.0,1.8012000000000001,optimal
2021-02-09 15:30:00,2,2,1.1428571428571428,0.1548148148148148,0.0,0.5623333333333334,optimal
2021-02-09 16:00:00,2,2,0.0,0.3096296296296296,0.0,0.5149,optimal
2021-02-09 16:30:00,2,2,0.0,0.23222222222222222,0.0,0.5161,optimal
2021-02-09 17:00:00,2,2,0.0,0.0774074074074074,0.0,0.1502,optimal
2021-02-09 17:30:00,2,2,0.0,0.0,0.0,0.081,optimal
2021-02-09 18:00:00,2,2,0.0,0.0,0.0,0.1556,optimal
2021-02-09 18:30:00,2,2,0.0,0.0,0.0,0.1318,optimal
2021-02-09 19:00:00,2,2,0.0,0.0,0.0,0.17086666666666667,optimal
2021-02-09 19:30:00,2,2,0.0,0.0,0.0,0.18166666666666662,optimal
2021-02-09 20:00:00,2,2,0.7788687524074466,0.0,0.0,0.0933,optimal
2021-02-09 20:30:00,2,2,0.0,0.0,0.0,0.1773,optimal
2021-02-09 21:00:00,2,2,0.0,0.0,0.0,0.063,optimal
2021-02-09 21:30:00,2,2,0.0,0.0,0.0,0.12359999999999999,optimal
2021-02-09 22:00:00,2,2,0.0,0.0,0.0,0.2135,optimal
2021-02-09 22:30:00,2,2,0.0,0.0,0.0,0.14576666666666668,optimal
2021-02-09 23:00:00,2,2,0.0,0.0,0.0,0.1835,optimal
2021-02-09 23:30:00,2,2,0.0,0.0,0.0,0.3714333333333333,optimal
2021-02-10 00:00:00,2,2,0.0,0.0,0.0,0.1754,optimal
2021-02-10 00:30:00,2,2,0.569799118460449,0.0,0.0,0.0872,optimal
2021-02-10 01:00:00,2,2,1.1428571428571428,0.0,0.0,0.22719999999999999,optimal
2021-02-10 01:30:00,2,2,1.1428571428571428,0.0,0.0,0.125,optimal
2021-02-10 02:00:00,2,2,1.1428571428571428,0.0,0.0,0.1575,optimal
2021-02-10 02:30:00,2,2,1.1428571428571428,0.0,0.0,0.19469999999999998,optimal
2021-02-10 03:00:00,2,2,1.1428571428571428,0.0,0.0,0.062,optimal
2021-02-10 03:30:00,2,2,1.1428571428571428,0.0,0.0,0.2646,optimal
2021-02-10 04:00:00,2,2,1.1428571428571428,0.0,0.0,0.0876,optimal
2021-02-10 04:30:00,2,2,1.1428571428571428,0.0,0.0,0.188,optimal
2021-02-10 05:00:00,2,2,1.1428571428571428,0.0,0.0,0.16419999999999998,optimal
2021-02-10 05:30:00,2,2,1.1428571428571428,0.0,0.0,0.0998,optimal
2021-02-10 06:00:00,2,2,1.1428571428571428,0.0,0.0,0.1628,optimal
2021-02-10 06:30:00,2,2,1.1428571428571428,0.0,0.0,0.15159999999999998,optimal
2021-02-10 07:00:00,2,2,1.1428571428571428,0.0,8.014551095230496,0.062,optimal
2021-02-10 07:30:00,2,2,1.1428571428571428,0.0,0.0,0.30019999999999997,optimal
2021-02-10 08:00:00,2,2,0.8125997757825396,0.0,0.0,0.072,optimal
2021-02-10 08:30:00,2,2,0.7752437580515434,0.0,0.0,0.1728,optimal
2021-02-10 09:00:00,2,2,0.6382518659502773,0.46444444444444444,0.0,0.2046,optimal
2021-02-10 09:30:00,2,2,0.6212234672669044,0.5418518518518518,0.0,0.24486666666666668,optimal
2021-02-10 10:00:00,2,2,0.5318186350803145,0.0,0.0,0.28326666666666667,optimal
2021-02-10 10:30:00,2,2,0.5290968598773124,0.0774074074074074,0.0,0.3252,optimal
2021-02-10 11:00:00,2,2,0.420176588356229,0.3096296296296296,0.0,0.4585,optimal
2021-02-10 11:30:00,2,2,0.5173938175859636,0.0,0.0,0.20126666666666668,optimal
2021-02-10 12:00:00,2,2,0.45615482153726744,0.0,0.0,0.1232,optimal
2021-02-10 12:30:00,2,2,0.4707833929658354,0.0,0.0,0.072,optimal
2021-02-10 13:00:00,2,2,1.1428571428571428,0.1548148148148148,0.0,0.38339999999999996,optimal
2021-02-10 13:30:00,2,2,1.1428571428571428,0.0,0.0,0.3628,optimal
2021-02-10 14:00:00,2,2,1.1428571428571428,0.0,0.0,0.213,optimal
2021-02-10 14:30:00,2,2,1.1428571428571428,0.0,0.0,0.38553333333333334,optimal
2021-02-10 15:00:00,2,2,1.1428571428571428,0.0,0.0,0.5324,optimal
2021-02-10 15:30:00,2,2,1.1428571428571428,0.0,0.0,0.27786666666666665,optimal
2021-02-10 16:00:00,2,2,0.0,0.0,0.0,0.2044,optimal
2021-02-10 16:30:00,2,2,0.0,1.1611111111111108,0.0,0.20726666666666668,optimal
2021-02-10 17:00:00,2,2,0.0,0.387037037037037,0.0,0.3166666666666667,optimal
2021-02-10 17:30:00,2,2,0.0,5.327177777777777,0.0,0.23536666666666667,optimal
2021-02-10 18:00:00,2,2,0.0,3.729488888888888,0.0,0.1556,optimal
2021-02-10 18:30:00,2,2,0.0,0.387037037037037,0.0,1.0304,optimal
2021-02-10 19:00:00,2,2,0.0,0.0,0.0,0.7111333333333333,optimal
2021-02-10 19:30:00,2,2,0.3620252262080138,0.0774074074074074,0.0,0.4695666666666667,optimal
2021-02-10 20:00:00,2,2,0.6692067964049447,0.0,0.0,0.22003333333333333,optimal
2021-02-10 20:30:00,2,2,0.0,0.0,0.0,0.42773333333333335,optimal
2021-02-10 21:00:00,2,2,0.0,0.23222222222222222,0.0,0.5962999999999999,optimal
2021-02-10 21:30:00,2,2,0.0,0.1548148148148148,0.0,0.38503333333333334,optimal
2021-02-10 22:00:00,2,2,0.0,0.0,0.0,0.2533333333333333,optimal
2021-02-10 22:30:00,2,2,0.0,0.0,0.0,0.17909999999999998,optimal
2021-02-10 23:00:00,2,2,0.0,0.0,0.0,0.1035,optimal
2021-02-10 23:30:00,2,2,0.0,0.0,0.0,0.11243333333333334,optimal
2021-02-11 00:00:00,2,2,1.1428571428571428,0.0,0.0,0.061,optimal
2021-02-11 00:30:00,2,2,1.1428571428571428,0.0,0.0,0.061,optimal
2021-02-11 01:00:00,2,2,1.1428571428571428,0.0,0.0,0.061,optimal
2021-02-11 01:30:00,2,2,1.1428571428571428,0.0,0.0,0.061,optimal
2021-02-11 02:00:00,2,2,1.1428571428571428,0.0,0.0,0.061,optimal
2021-02-11 02:30:00,2,2,1.1428571428571428,0.0,0.0,0.061,optimal
2021-02-11 03:00:00,2,2,1.1428571428571428,0.0,0.0,0.061,optimal
2021-02-11 03:30:00,2,2,1.1428571428571428,0.0,0.0,0.061,optimal
2021-02-11 04:00:00,2,2,1.1428571428571428,0.0,0.0,0.061,optimal
2021-02-11 04:30:00,2,2,1.1428571428571428,0.0,0.0,0.061,optimal
2021-02-11 05:00:00,2,2,1.1428571428571428,0.0,0.0,0.061,optimal
2021-02-11 05:30:00,2,2,1.1428571428571428,0.0,0.0,0.061,optimal
2021-02-11 06:00:00,2,2,1.1428571428571428,0.0,2.962312540014529,0.061,optimal
2021-02-11 06:30:00,2,2,1.1428571428571428,0.0,10.0,0.061,optimal
2021-02-11 07:00:00,2,2,1.1428571428571428,0.0,10.0,0.061,optimal
2021-02-11 07:30:00,2,2,1.1428571428571428,3.417883132353972,0.0,0.061,optimal
2021-02-11 08:00:00,2,2,0.8517353608414882,0.8514814814814814,0.0,0.059,optimal
2021-02-11 08:30:00,2,2,0.8427333265206953,0.23222222222222222,0.0,0.09713333333333334,optimal
2021-02-11 09:00:00,2,2,0.7627788494749779,2.5544444444444445,0.0,0.071,optimal
2021-02-11 09:30:00,2,2,0.6549440841466035,0.1548148148148148,0.0,0.081,optimal
2021-02-11 10:00:00,2,2,0.4772517902506644,0.1548148148148148,0.0,0.077,optimal
2021-02-11 10:30:00,2,2,0.44330460534842436,0.1548148148148148,0.0,1.707,optimal
2021-02-11 11:00:00,2,2,0.39349598984317796,0.387037037037037,0.0,0.9696666666666667,optimal
2021-02-11 11:30:00,2,2,0.4055023519233572,0.0,0.0,1.1498,optimal
2021-02-11 12:00:00,2,2,0.9338752197346263,0.0774074074074074,0.0,0.069,optimal
2021-02-11 12:30:00,2,2,1.1428571428571428,0.3096296296296296,0.0,0.5676,optimal
2021-02-11 13:00:00,2,2,1.1428571428571428,0.1548148148148148,0.0,0.069,optimal
2021-02-11 13:30:00,2,2,1.1428571428571428,0.23222222222222222,0.0,0.2533333333333333,optimal
2021-02-11 14:00:00,2,2,1.1428571428571428,0.0,0.0,1.8162,optimal
2021-02-11 14:30:00,2,2,1.1428571428571428,0.0,0.0,1.3852,optimal
2021-02-11 15:00:00,2,2,1.1428571428571428,0.0,0.0,0.071,optimal
2021-02-11 15:30:00,2,2,1.1428571428571428,0.0,0.0,0.071,optimal
2021-02-11 16:00:00,2,2,0.0,0.0,0.0,0.071,optimal
2021-02-11 16:30:00,2,2,0.0,0.0,0.0,0.6157,optimal
2021-02-11 17:00:00,2,2,0.0,0.774074074074074,0.0,0.0988,optimal
2021-02-11 17:30:00,2,2,0.0,0.1548148148148148,0.0,1.9093333333333333,optimal
2021-02-11 18:00:00,2,2,0.0,0.387037037037037,0.0,0.12140000000000001,optimal
2021-02-11 18:30:00,2,2,0.0,0.0,0.0,1.7980666666666667,optimal
2021-02-11 19:00:00,2,2,0.0,0.0,0.0,0.9216,optimal
2021-02-11 19:30:00,2,2,0.8466233437835352,0.46444444444444444,0.0,2.4206666666666665,optimal
2021-02-11 20:00:00,2,2,0.8155769385170604,0.0,0.0,3.1640333333333333,optimal
2021-02-11 20:30:00,2,2,0.0,0.23222222222222222,0.0,2.486,optimal
2021-02-11 21:00:00,2,2,0.0,0.0774074074074074,0.0,0.9508333333333334,optimal
2021-02-11 21:30:00,2,2,0.0,0.0774074074074074,0.0,2.570733333333333,optimal
2021-02-11 22:00:00,2,2,0.0,0.46444444444444444,0.0,1.4078666666666666,optimal
2021-02-11 22:30:00,2,2,0.0,0.0,0.0,0.071,optimal
2021-02-11 23:00:00,2,2,0.0,0.0,0.0,0.071,optimal
2021-02-11 23:30:00,2,2,0.0,0.0,0.0,0.06966666666666667,optimal
2021-02-12 00:00:00,2,2,1.1428571428571428,0.0,0.0,0.054,optimal
2021-02-12 00:30:00,2,2,1.1428571428571428,0.0,0.0,0.054,optimal
2021-02-12 01:00:00,2,2,1.1428571428571428,0.0,0.0,0.054,optimal
2021-02-12 01:30:00,2,2,1.1428571428571428,0.0,0.0,0.054,optimal
2021-02-12 02:00:00,2,2,1.1428571428571428,0.0,0.0,0.06266666666666666,optimal
2021-02-12 02:30:00,2,2,1.1428571428571428,0.0,0.0,0.054,optimal
2021-02-12 03:00:00,2,2,1.1428571428571428,0.0,0.0,0.054,optimal
2021-02-12 03:30:00,2,2,1.1428571428571428,0.0,0.0,0.054,optimal
2021-02-12 04:00:00,2,2,1.1428571428571428,0.0,0.0,0.054,optimal
2021-02-12 04:30:00,2,2,1.1428571428571428,0.0,0.0,0.054,optimal
2021-02-12 05:00:00,2,2,1.1428571428571428,0.0,0.0,0.054,optimal
2021-02-12 05:30:00,2,2,1.1428571428571428,0.387037037037037,0.0,0.05333333333333334,optimal
2021-02-12 06:00:00,2,2,1.1428571428571428,1.470740740740741,3.453612457450779,0.052,optimal
2021-02-12 06:30:00,2,2,1.1428571428571428,0.774074074074074,10.0,0.061666666666666654,optimal
2021-02-12 07:00:00,2,2,1.1428571428571428,0.0,10.0,0.062,optimal
2021-02-12 07:30:00,2,2,1.1428571428571428,7.239040612794847,0.0,1.2434,optimal
2021-02-12 08:00:00,2,2,0.8890524196084388,0.3096296296296296,0.0,0.062,optimal
2021-02-12 08:30:00,2,2,0.9628465325775348,0.2740222222222222,0.0,0.06333333333333334,optimal
2021-02-12 09:00:00,2,2,0.9369517385794213,0.0,0.0,0.064,optimal
2021-02-12 09:30:00,2,2,0.7661117340146224,0.42264444444444443,0.0,0.062,optimal
2021-02-12 10:00:00,2,2,0.44911379603346785,0.5062444444444444,0.0,1.1772,optimal
2021-02-12 10:30:00,2,2,0.4992227129524221,0.2678296296296296,0.0,0.5359666666666667,optimal
2021-02-12 11:00:00,2,2,0.4021290772337036,0.3096296296296296,0.0,0.2773,optimal
2021-02-12 11:30:00,2,2,0.38924150137237423,0.0,0.0,0.3226,optimal
2021-02-12 12:00:00,2,2,0.23564316395373636,0.0,0.0,0.3907,optimal
2021-02-12 12:30:00,2,2,0.24474415952098907,0.0774074074074074,0.0,0.2017333333333333,optimal
2021-02-12 13:00:00,2,2,1.1428571428571428,0.387037037037037,0.0,0.15096666666666667,optimal
2021-02-12 13:30:00,2,2,1.1428571428571428,0.0,0.0,0.1034,optimal
2021-02-12 14:00:00,2,2,1.1428571428571428,0.0774074074074074,0.0,0.093,optimal
2021-02-12 14:30:00,2,2,1.1428571428571428,0.0774074074074074,0.0,1.3957666666666668,optimal
2021-02-12 15:00:00,2,2,1.1428571428571428,0.1548148148148148,0.0,0.2936666666666667,optimal
2021-02-12 15:30:00,2,2,1.1428571428571428,0.3096296296296296,0.0,0.2767333333333333,optimal
2021-02-12 16:00:00,2,2,0.0,0.0,0.0,0.2176,optimal
2021-02-12 16:30:00,2,2,0.0,0.1548148148148148,0.0,1.4554,optimal
2021-02-12 17:00:00,2,2,0.0,0.0,0.0,0.6527999999999999,optimal
2021-02-12 17:30:00,2,2,0.0,0.0774074074074074,0.0,0.3516,optimal
2021-02-12 18:00:00,2,2,0.0,0.1548148148148148,0.0,0.3979,optimal
2021-02-12 18:30:00,2,2,0.0,0.1548148148148148,0.0,0.9784666666666668,optimal
2021-02-12 19:00:00,2,2,0.0,0.387037037037037,0.0,2.6198,optimal
2021-02-12 19:30:00,2,2,0.0,0.23222222222222222,0.0,2.994766666666667,optimal
2021-02-12 20:00:00,2,2,0.04191977431399615,0.0,0.0,0.13453333333333334,optimal
2021-02-12 20:30:00,2,2,0.0,0.0774074074074074,0.0,0.4036,optimal
2021-02-12 21:00:00,2,2,0.0,0.3096296296296296,0.0,0.6267999999999999,optimal
2021-02-12 21:30:00,2,2,0.0,0.3096296296296296,0.0,0.7493333333333334,optimal
2021-02-12 22:00:00,2,2,0.0,0.0,0.0,0.064,optimal
2021-02-12 22:30:00,2,2,0.0,0.0,0.0,0.064,optimal
2021-02-12 23:00:00,2,2,0.0,0.0,0.0,0.064,optimal
2021-02-12 23:30:00,2,2,0.0,0.0,0.0,0.063,optimal
2021-02-13 00:00:00,2,2,0.0,0.0,0.0,0.052,optimal
2021-02-13 00:30:00,2,2,0.0,0.0,0.0,0.052,optimal
2021-02-13 01:00:00,2,2,0.8115291142824522,0.0,0.0,0.052,optimal
2021-02-13 01:30:00,2,2,1.1428571428571428,0.0,0.0,0.052,optimal
2021-02-13 02:00:00,2,2,1.1428571428571428,0.0,0.0,0.052,optimal
2021-02-13 02:30:00,2,2,1.1428571428571428,0.0,0.0,0.052,optimal
2021-02-13 03:00:00,2,2,1.1428571428571428,0.0,0.0,0.052,optimal
2021-02-13 03:30:00,2,2,1.1428571428571428,0.0,0.0,0.052,optimal
2021-02-13 04:00:00,2,2,1.1428571428571428,4.300755555555556,0.0,0.051333333333333335,optimal
2021-02-13 04:30:00,2,2,1.1428571428571428,3.052948148148148,0.0,1.4436666666666667,optimal
2021-02-13 05:00:00,2,2,1.1428571428571428,0.1548148148148148,0.0,0.8874,optimal
2021-02-13 05:30:00,2,2,1.1428571428571428,0.23222222222222222,0.0,1.9316666666666666,optimal
2021-02-13 06:00:00,2,2,1.1428571428571428,0.42883703703703696,0.0,1.1671666666666667,optimal
2021-02-13 06:30:00,2,2,1.1428571428571428,2.9027777777777777,0.0,0.0798,optimal
2021-02-13 07:00:00,2,2,1.1428571428571428,3.093200000000001,0.0,2.0217666666666667,optimal
2021-02-13 07:30:00,2,2,1.1428571428571428,0.0774074074074074,0.0,0.06,optimal
2021-02-13 08:00:00,2,2,0.7351307693995146,2.1674074074074077,0.0,0.06,optimal
2021-02-13 08:30:00,2,2,0.7044489078239081,0.0,0.0,0.0948,optimal
2021-02-13 09:00:00,2,2,0.5276104932631812,0.1548148148148148,0.0,0.4024,optimal
2021-02-13 09:30:00,2,2,0.6347440425280031,0.46444444444444444,0.0,0.09866666666666668,optimal
2021-02-13 10:00:00,2,2,0.2597541523155272,5.341111111111111,0.0,1.6250666666666667,optimal
2021-02-13 10:30:00,2,2,0.27488943359707074,0.1548148148148148,0.0,3.762766666666667,optimal
2021-02-13 11:00:00,2,2,0.057871608908360864,0.23222222222222222,0.0,2.881466666666667,optimal
2021-02-13 11:30:00,2,2,0.18560117590419054,0.0,0.0,1.7048666666666665,optimal
2021-02-13 12:00:00,2,2,0.22149630290155545,0.6192592592592592,0.0,2.5566,optimal
2021-02-13 12:30:00,2,2,0.20156305594081092,0.0774074074074074,0.0,2.9786333333333332,optimal
2021-02-13 13:00:00,2,2,1.1428571428571428,0.387037037037037,0.0,4.569100000000001,optimal
2021-02-13 13:30:00,2,2,1.1428571428571428,0.46444444444444444,0.0,3.1830333333333334,optimal
2021-02-13 14:00:00,2,2,1.1428571428571428,0.387037037037037,0.0,0.2431333333333333,optimal
2021-02-13 14:30:00,2,2,1.1428571428571428,0.0,0.0,1.537766666666667,optimal
2021-02-13 15:00:00,2,2,1.1428571428571428,0.1548148148148148,0.0,0.4782,optimal
2021-02-13 15:30:00,2,2,1.1428571428571428,0.23222222222222222,0.0,1.8875,optimal
2021-02-13 16:00:00,2,2,0.0,0.1548148148148148,0.0,1.6537666666666668,optimal
2021-02-13 16:30:00,2,2,0.0,0.6966666666666667,0.0,1.3067,optimal
2021-02-13 17:00:00,2,2,0.0,0.0,0.0,1.7371666666666667,optimal
2021-02-13 17:30:00,2,2,0.0,0.0,0.0,2.991966666666667,optimal
2021-02-13 18:00:00,2,2,0.0,0.0,0.0,0.1984333333333333,optimal
2021-02-13 18:30:00,2,2,0.0,0.1548148148148148,0.0,0.17033333333333334,optimal
2021-02-13 19:00:00,2,2,0.0,1.7803703703703702,0.0,0.31939999999999996,optimal
2021-02-13 19:30:00,2,2,0.004318136405239061,0.0,0.0,1.6570333333333334,optimal
2021-02-13 20:00:00,2,2,0.6505632459989175,0.0,0.0,0.5092666666666666,optimal
2021-02-13 20:30:00,2,2,0.0,0.23222222222222222,0.0,1.6315333333333333,optimal
2021-02-13 21:00:00,2,2,0.0,0.0,0.0,3.131866666666667,optimal
2021-02-13 21:30:00,2,2,0.0,0.3096296296296296,0.0,2.537333333333333,optimal
2021-02-13 22:00:00,2,2,0.0,0.0,0.0,2.095733333333333,optimal
2021-02-13 22:30:00,2,2,0.0,0.0774074074074074,0.0,2.610266666666667,optimal
2021-02-13 23:00:00,2,2,0.0,0.46444444444444444,0.0,1.7550333333333332,optimal
2021-02-13 23:30:00,2,2,0.0,0.0,0.0,2.561,optimal
2021-02-07 00:00:00,3,2,0.0,0.0,0.0,0.057,optimal
2021-02-07 00:30:00,3,2,0.0,0.0,0.0,0.19233333333333327,optimal
2021-02-07 01:00:00,3,2,0.0,0.0,0.0,0.09593333333333334,optimal
2021-02-07 01:30:00,3,2,0.0,0.0,0.0,0.07646666666666667,optimal
2021-02-07 02:00:00,3,2,0.0,0.0,0.0,0.21180000000000002,optimal
2021-02-07 02:30:00,3,2,0.0,0.0,0.0,0.057,optimal
2021-02-07 03:00:00,3,2,0.0,0.0,0.0,0.057,optimal
2021-02-07 03:30:00,3,2,0.0,0.0,0.0,0.17773333333333333,optimal
2021-02-07 04:00:00,3,2,1.1428571428571428,0.0,0.0,0.11053333333333332,optimal
2021-02-07 04:30:00,3,2,1.1428571428571428,0.0,0.0,0.057,optimal
2021-02-07 05:00:00,3,2,1.1428571428571428,0.0,0.0,0.1242,optimal
2021-02-07 05:30:00,3,2,1.1428571428571428,0.0,0.0,0.06186666666666667,optimal
2021-02-07 06:00:00,3,2,1.1428571428571428,0.0,0.0,0.22266666666666662,optimal
2021-02-07 06:30:00,3,2,1.1428571428571428,0.0,0.0,0.06073333333333333,optimal
2021-02-07 07:00:00,3,2,1.1428571428571428,0.0,1.6063785740462473,0.1242,optimal
2021-02-07 07:30:00,3,2,0.0,0.3096296296296296,0.0,0.17586666666666667,optimal
2021-02-07 08:00:00,3,2,0.34309250992657536,0.0,0.0,0.5131666666666667,optimal
2021-02-07 08:30:00,3,2,0.7576640642561666,0.0,0.0,0.1242,optimal
2021-02-07 09:00:00,3,2,0.7139930898588378,0.0,0.0,0.16406666666666667,optimal
2021-02-07 09:30:00,3,2,0.742444561616564,0.0,0.0,0.057,optimal
2021-02-07 10:00:00,3,2,0.6911615278345024,0.0,0.0,0.08133333333333333,optimal
2021-02-07 10:30:00,3,2,0.6627538224142898,0.0,0.0,0.1957333333333333,optimal
2021-02-07 11:00:00,3,2,0.6468442931430436,0.0,0.0,0.0682,optimal
2021-02-07 11:30:00,3,2,0.6016442931430489,0.0,0.0,0.22640000000000002,optimal
2021-02-07 12:00:00,3,2,0.8125107868226367,0.0,0.0,0.06186666666666667,optimal
2021-02-07 12:30:00,3,2,1.1428571428571428,0.0,0.0,0.057,optimal
2021-02-07 13:00:00,3,2,1.1428571428571428,0.0774074074074074,0.0,1.1607,optimal
2021-02-07 13:30:00,3,2,1.1428571428571428,0.0,0.0,0.44503333333333334,optimal
2021-02-07 14:00:00,3,2,1.1428571428571428,0.0,0.0,0.3193666666666667,optimal
2021-02-07 14:30:00,3,2,1.1428571428571428,0.23222222222222222,0.0,0.2125,optimal
2021-02-07 15:00:00,3,2,1.1428571428571428,0.23222222222222222,0.0,0.3728666666666667,optimal
2021-02-07 15:30:00,3,2,1.1428571428571428,0.0774074074074074,0.0,0.059,optimal
2021-02-07 16:00:00,3,2,0.0,0.3096296296296296,0.0,0.13093333333333335,optimal
2021-02-07 16:30:00,3,2,0.0,0.0,0.0,0.265,optimal
2021-02-07 17:00:00,3,2,0.0,0.0774074074074074,0.0,0.07683333333333332,optimal
2021-02-07 17:30:00,3,2,0.0,1.1611111111111108,0.0,0.4625666666666667,optimal
2021-02-07 18:00:00,3,2,0.0,0.1548148148148148,0.0,0.2916666666666667,optimal
2021-02-07 18:30:00,3,2,0.0,0.1548148148148148,0.0,2.264866666666667,optimal
2021-02-07 19:00:00,3,2,0.0,0.0,0.0,0.189,optimal
2021-02-07 19:30:00,3,2,0.7704470509579183,0.0,0.0,0.067,optimal
2021-02-07 20:00:00,3,2,0.6158432414341171,0.0,0.0,1.0330333333333332,optimal
2021-02-07 20:30:00,3,2,0.0,2.150377777777778,0.0,0.1989333333333333,optimal
2021-02-07 21:00:00,3,2,0.0,3.0359185185185185,0.0,0.226,optimal
2021-02-07 21:30:00,3,2,0.0,0.1548148148148148,0.0,0.1477,optimal
2021-02-07 22:00:00,3,2,0.0,0.23222222222222222,0.0,0.11486666666666666,optimal
2021-02-07 22:30:00,3,2,0.0,0.0,0.0,0.19273333333333328,optimal
2021-02-07 23:00:00,3,2,0.0,0.0,0.0,0.10433333333333332,optimal
2021-02-07 23:30:00,3,2,0.0,0.0,0.0,0.13093333333333335,optimal
2021-02-08 00:00:00,3,2,0.0,0.0,0.0,0.052333333333333336,optimal
2021-02-08 00:30:00,3,2,0.0,0.0,0.0,0.062,optimal
2021-02-08 01:00:00,3,2,0.0889992926670459,0.0,0.0,0.27466666666666667,optimal
2021-02-08 01:30:00,3,2,1.1428571428571428,0.0,0.0,0.07666666666666667,optimal
2021-02-08 02:00:00,3,2,1.1428571428571428,0.0,0.0,0.18666666666666662,optimal
2021-02-08 02:30:00,3,2,1.1428571428571428,0.0,0.0,0.13533333333333333,optimal
2021-02-08 03:00:00,3,2,1.1428571428571428,0.0,0.0,0.07666666666666667,optimal
2021-02-08 03:30:00,3,2,1.1428571428571428,0.0,0.0,0.26,optimal
2021-02-08 04:00:00,3,2,1.1428571428571428,0.0,0.0,0.09866666666666668,optimal
2021-02-08 04:30:00,3,2,1.1428571428571428,0.0,0.0,0.09133333333333331,optimal
2021-02-08 05:00:00,3,2,1.1428571428571428,0.0,0.0,0.24966666666666662,optimal
2021-02-08 05:30:00,3,2,1.1428571428571428,0.0,0.0,0.087,optimal
2021-02-08 06:00:00,3,2,1.1428571428571428,0.0,0.0,0.062,optimal
2021-02-08 06:30:00,3,2,1.1428571428571428,0.0,4.805555548194694,0.208,optimal
2021-02-08 07:00:00,3,2,1.1428571428571428,0.46444444444444444,10.0,0.06,optimal
2021-02-08 07:30:00,3,2,1.1428571428571428,0.5418518518518518,0.0,0.126,optimal
2021-02-08 08:00:00,3,2,0.7662007289725641,0.387037037037037,0.0,0.16133333333333336,optimal
2021-02-08 08:30:00,3,2,0.7812406425999744,0.0,0.0,0.17466666666666666,optimal
2021-02-08 09:00:00,3,2,0.7621938008178766,0.0,0.0,0.062,optimal
2021-02-08 09:30:00,3,2,0.7138720256148594,0.0,0.0,0.20866666666666664,optimal
2021-02-08 10:00:00,3,2,0.6202169863886425,0.0,0.0,0.06,optimal
2021-02-08 10:30:00,3,2,0.5808816187345177,0.0,0.0,0.126,optimal
2021-02-08 11:00:00,3,2,0.4520877431615658,0.1548148148148148,0.0,0.2903,optimal
2021-02-08 11:30:00,3,2,0.8896030696985673,0.0,0.0,0.128,optimal
2021-02-08 12:00:00,3,2,1.1428571428571428,0.0,0.0,0.09533333333333331,optimal
2021-02-08 12:30:00,3,2,1.1428571428571428,0.0,0.0,0.17533333333333334,optimal
2021-02-08 13:00:00,3,2,1.1428571428571428,0.0,0.0,0.062,optimal
2021-02-08 13:30:00,3,2,1.1428571428571428,0.0,0.0,0.27466666666666667,optimal
2021-02-08 14:00:00,3,2,1.1428571428571428,0.0,0.0,0.062,optimal
2021-02-08 14:30:00,3,2,1.1428571428571428,0.0,0.0,0.128,optimal
2021-02-08 15:00:00,3,2,1.1428571428571428,0.0,0.0,0.202,optimal
2021-02-08 15:30:00,3,2,1.1428571428571428,0.0,0.0,0.06866666666666667,optimal
2021-02-08 16:00:00,3,2,0.0,0.0,0.0,0.062,optimal
2021-02-08 16:30:00,3,2,0.0,0.0,0.0,0.10966666666666669,optimal
2021-02-08 17:00:00,3,2,0.0,0.0,0.0,0.227,optimal
2021-02-08 17:30:00,3,2,0.0,0.0,0.0,0.062,optimal
2021-02-08 18:00:00,3,2,0.0,0.0,0.0,0.28426666666666667,optimal
2021-02-08 18:30:00,3,2,0.0,0.1548148148148148,0.0,0.3236,optimal
2021-02-08 19:00:00,3,2,0.0,0.0,0.0,0.209,optimal
2021-02-08 19:30:00,3,2,0.6047316855861975,0.3096296296296296,0.0,0.3378333333333333,optimal
2021-02-08 20:00:00,3,2,0.542015365551113,0.0,0.0,0.5437333333333334,optimal
2021-02-08 20:30:00,3,2,0.0,0.0774074074074074,0.0,0.2189,optimal
2021-02-08 21:00:00,3,2,0.0,0.0,0.0,0.3097333333333333,optimal
2021-02-08 21:30:00,3,2,0.0,0.23222222222222222,0.0,0.31706666666666666,optimal
2021-02-08 22:00:00,3,2,0.0,1.470740740740741,0.0,1.2304666666666666,optimal
2021-02-08 22:30:00,3,2,0.0,5.882962962962964,0.0,0.40353333333333335,optimal
2021-02-08 23:00:00,3,2,0.0,0.0,0.0,0.08033333333333333,optimal
2021-02-08 23:30:00,3,2,0.0,0.0,0.0,0.17633333333333334,optimal
2021-02-09 00:00:00,3,2,0.0,0.0,0.0,0.06066666666666666,optimal
2021-02-09 00:30:00,3,2,0.0,0.0,0.0,0.1663,optimal
2021-02-09 01:00:00,3,2,0.0,0.0,0.0,0.197,optimal
2021-02-09 01:30:00,3,2,0.0,0.0774074074074074,0.0,0.38146666666666657,optimal
2021-02-09 02:00:00,3,2,0.6431989902100377,0.0,0.0,0.09373333333333332,optimal
2021-02-09 02:30:00,3,2,1.1428571428571428,0.0,0.0,0.094,optimal
2021-02-09 03:00:00,3,2,1.1428571428571428,0.0,0.0,1.1145,optimal
2021-02-09 03:30:00,3,2,1.1428571428571428,0.6966666666666667,0.0,0.23206666666666664,optimal
2021-02-09 04:00:00,3,2,1.1428571428571428,0.0774074074074074,0.0,0.2576333333333333,optimal
2021-02-09 04:30:00,3,2,1.1428571428571428,0.5418518518518518,0.0,1.4166333333333334,optimal
2021-02-09 05:00:00,3,2,1.1428571428571428,5.495925925925925,0.0,0.34983333333333333,optimal
2021-02-09 05:30:00,3,2,1.1428571428571428,0.3096296296296296,0.0,0.3517333333333333,optimal
2021-02-09 06:00:00,3,2,1.1428571428571428,0.0,0.0,0.207,optimal
2021-02-09 06:30:00,3,2,1.1428571428571428,0.774074074074074,5.049170034773499,0.42193333333333327,optimal
2021-02-09 07:00:00,3,2,1.1428571428571428,0.23222222222222222,10.0,0.207,optimal
2021-02-09 07:30:00,3,2,1.1428571428571428,1.315925925925926,0.0,0.3435,optimal
2021-02-09 08:00:00,3,2,0.5336266182858687,0.774074074074074,0.0,0.32226666666666665,optimal
2021-02-09 08:30:00,3,2,0.7632381764161994,0.0,0.0,0.12366666666666669,optimal
2021-02-09 09:00:00,3,2,0.751589985111109,0.0,0.0,0.15173333333333333,optimal
2021-02-09 09:30:00,3,2,0.7513654823241357,0.0,0.0,0.1076,optimal
2021-02-09 10:00:00,3,2,0.6140475072891922,0.0,0.0,0.19743333333333332,optimal
2021-02-09 10:30:00,3,2,0.6246477232206874,0.0,0.0,0.12290000000000001,optimal
2021-02-09 11:00:00,3,2,0.4982829727914489,0.0,0.0,0.2052,optimal
2021-02-09 11:30:00,3,2,0.5180106350253648,0.0,0.0,0.12866666666666665,optimal
2021-02-09 12:00:00,3,2,0.4613595657461652,0.0,0.0,0.09406666666666666,optimal
2021-02-09 12:30:00,3,2,0.4771986596009619,0.0774074074074074,0.0,0.14730000000000001,optimal
2021-02-09 13:00:00,3,2,1.1428571428571428,0.0,0.0,0.5412666666666667,optimal
2021-02-09 13:30:00,3,2,1.1428571428571428,0.1548148148148148,0.0,1.6775,optimal
2021-02-09 14:00:00,3,2,1.1428571428571428,0.3096296296296296,0.0,0.2879333333333333,optimal
2021-02-09 14:30:00,3,2,1.1428571428571428,0.0774074074074074,0.0,0.15716666666666665,optimal
2021-02-09 15:00:00,3,2,1.1428571428571428,0.0,0.0,0.09406666666666666,optimal
2021-02-09 15:30:00,3,2,1.1428571428571428,0.0,0.0,0.2052,optimal
2021-02-09 16:00:00,3,2,0.0,0.0,0.0,0.15173333333333333,optimal
2021-02-09 16:30:00,3,2,0.0,0.0,0.0,0.1747,optimal
2021-02-09 17:00:00,3,2,0.0,0.0,0.0,0.17613333333333334,optimal
2021-02-09 17:30:00,3,2,0.0,0.0774074074074074,0.0,0.3148666666666667,optimal
2021-02-09 18:00:00,3,2,0.0,0.0774074074074074,0.0,0.3182,optimal
2021-02-09 18:30:00,3,2,0.0,0.3096296296296296,0.0,0.30626666666666663,optimal
2021-02-09 19:00:00,3,2,0.0,0.0774074074074074,0.0,0.32330000000000003,optimal
2021-02-09 19:30:00,3,2,0.5183472259855217,0.3096296296296296,0.0,0.5812333333333334,optimal
2021-02-09 20:00:00,3,2,0.4233015116997962,0.23222222222222222,0.0,0.7032,optimal
2021-02-09 20:30:00,3,2,0.0,0.0,0.0,0.5005666666666667,optimal
2021-02-09 21:00:00,3,2,0.0,2.5544444444444445,0.0,0.6477999999999999,optimal
2021-02-09 21:30:00,3,2,0.0,0.0,0.0,0.507,optimal
2021-02-09 22:00:00,3,2,0.0,0.0,0.0,0.5087,optimal
2021-02-09 22:30:00,3,2,0.0,0.0,0.0,0.4630666666666667,optimal
2021-02-09 23:00:00,3,2,0.0,0.0,0.0,0.3826666666666667,optimal
2021-02-09 23:30:00,3,2,0.0,0.1548148148148148,0.0,0.40193333333333325,optimal
2021-02-10 00:00:00,3,2,0.0,0.0,0.0,0.2827333333333333,optimal
2021-02-10 00:30:00,3,2,0.0,0.0,0.0,0.2443333333333333,optimal
2021-02-10 01:00:00,3,2,0.0,0.0,0.0,0.048,optimal
2021-02-10 01:30:00,3,2,0.34842402515365795,0.0,0.0,0.16016666666666665,optimal
2021-02-10 02:00:00,3,2,1.1428571428571428,0.0,0.0,0.2396,optimal
2021-02-10 02:30:00,3,2,1.1428571428571428,0.0,0.0,0.1925,optimal
2021-02-10 03:00:00,3,2,1.1428571428571428,0.23222222222222222,0.0,0.3701333333333333,optimal
2021-02-10 03:30:00,3,2,1.1428571428571428,0.1548148148148148,2.4257469393178237,0.7153666666666667,optimal
2021-02-10 04:00:00,3,2,1.1428571428571428,0.0,10.0,0.3133,optimal
2021-02-10 04:30:00,3,2,1.1428571428571428,0.1548148148148148,10.0,0.3272,optimal
2021-02-10 05:00:00,3,2,1.1428571428571428,0.0,0.0,0.15733333333333335,optimal
2021-02-10 05:30:00,3,2,1.1428571428571428,0.0,0.0,0.15333333333333335,optimal
2021-02-10 06:00:00,3,2,1.1428571428571428,0.0,0.0,0.0685,optimal
2021-02-10 06:30:00,3,2,1.1428571428571428,0.0,0.0,0.26843333333333336,optimal
2021-02-10 07:00:00,3,2,1.1428571428571428,0.0,0.0,0.07906666666666666,optimal
2021-02-10 07:30:00,3,2,1.1428571428571428,0.0,0.0,0.22783333333333328,optimal
2021-02-10 08:00:00,3,2,0.8401902519730121,0.0,0.0,0.14383333333333334,optimal
2021-02-10 08:30:00,3,2,0.6381770913848702,2.0899999999999994,0.0,0.31726666666666664,optimal
2021-02-10 09:00:00,3,2,0.5340271040455234,0.0,0.0,1.0295999999999998,optimal
2021-02-10 09:30:00,3,2,0.5926958482192841,0.0774074074074074,0.0,0.057,optimal
2021-02-10 10:00:00,3,2,0.41842815888984647,0.0774074074074074,0.0,0.2542666666666667,optimal
2021-02-10 10:30:00,3,2,0.2771997170201699,0.0,0.0,0.7012,optimal
2021-02-10 11:00:00,3,2,0.24662801692765507,0.46444444444444444,0.0,1.3474666666666666,optimal
2021-02-10 11:30:00,3,2,0.3556223890145366,0.0,0.0,0.2528,optimal
2021-02-10 12:00:00,3,2,0.17999482153726307,0.0,0.0,0.4372,optimal
2021-02-10 12:30:00,3,2,0.2696176786801249,0.1548148148148148,0.0,0.1714,optimal
2021-02-10 13:00:00,3,2,1.1428571428571428,0.1548148148148148,0.0,0.7807333333333334,optimal
2021-02-10 13:30:00,3,2,1.1428571428571428,0.46444444444444444,0.0,1.6060999999999999,optimal
2021-02-10 14:00:00,3,2,1.1428571428571428,0.0,0.0,0.094,optimal
2021-02-10 14:30:00,3,2,1.1428571428571428,0.0,0.0,0.29733333333333334,optimal
2021-02-10 15:00:00,3,2,1.1428571428571428,0.23222222222222222,0.0,0.13156666666666667,optimal
2021-02-10 15:30:00,3,2,1.1428571428571428,0.1548148148148148,0.0,0.18780000000000002,optimal
2021-02-10 16:00:00,3,2,0.0,0.0,0.0,0.5943666666666667,optimal
2021-02-10 16:30:00,3,2,0.0,0.0,0.0,0.24780000000000002,optimal
2021-02-10 17:00:00,3,2,0.0,0.0,0.0,0.38726666666666665,optimal
2021-02-10 17:30:00,3,2,0.0,0.0,0.0,0.25939999999999996,optimal
2021-02-10 18:00:00,3,2,0.0,5.805555555555555,0.0,0.37,optimal
2021-02-10 18:30:00,3,2,0.0,0.0,0.0,0.5661333333333334,optimal
2021-02-10 19:00:00,3,2,0.0,0.1548148148148148,0.0,0.46086666666666665,optimal
2021-02-10 19:30:00,3,2,0.0,0.0,0.0,0.3821,optimal
2021-02-10 20:00:00,3,2,0.23858600923443346,0.0774074074074074,0.0,0.2909333333333333,optimal
2021-02-10 20:30:00,3,2,0.0,0.0,0.0,0.3775,optimal
2021-02-10 21:00:00,3,2,0.0,0.0,0.0,0.3690333333333334,optimal
2021-02-10 21:30:00,3,2,0.0,0.0,0.0,0.21156666666666663,optimal
2021-02-10 22:00:00,3,2,0.0,0.0,0.0,0.6052333333333334,optimal
2021-02-10 22:30:00,3,2,0.0,0.1548148148148148,0.0,0.3333,optimal
2021-02-10 23:00:00,3,2,0.0,0.0,0.0,0.5134333333333333,optimal
2021-02-10 23:30:00,3,2,0.0,0.0774074074074074,0.0,0.3635,optimal
2021-02-11 00:00:00,3,2,1.1428571428571428,0.0,0.0,0.046,optimal
2021-02-11 00:30:00,3,2,1.1428571428571428,0.0,0.0,0.118,optimal
2021-02-11 01:00:00,3,2,1.1428571428571428,0.0,0.0,0.046,optimal
2021-02-11 01:30:00,3,2,1.1428571428571428,0.0,0.0,0.086,optimal
2021-02-11 02:00:00,3,2,1.1428571428571428,0.0,0.0,0.078,optimal
2021-02-11 02:30:00,3,2,1.1428571428571428,0.0,0.0,0.098,optimal
2021-02-11 03:00:00,3,2,1.1428571428571428,0.0,0.0,0.20753333333333332,optimal
2021-02-11 03:30:00,3,2,1.1428571428571428,0.0,0.0,0.098,optimal
2021-02-11 04:00:00,3,2,1.1428571428571428,0.0,0.0,0.066,optimal
2021-02-11 04:30:00,3,2,1.1428571428571428,0.0,0.0,0.15536666666666668,optimal
2021-02-11 05:00:00,3,2,1.1428571428571428,0.0,0.0,0.10216666666666668,optimal
2021-02-11 05:30:00,3,2,1.1428571428571428,0.0,0.0,0.094,optimal
2021-02-11 06:00:00,3,2,1.1428571428571428,0.0,1.0199839099485375,0.18753333333333333,optimal
2021-02-11 06:30:00,3,2,1.1428571428571428,0.0,10.0,0.062,optimal
2021-02-11 07:00:00,3,2,1.1428571428571428,0.0,10.0,0.1406,optimal
2021-02-11 07:30:00,3,2,1.1428571428571428,0.5007169860008149,0.0,0.15346666666666667,optimal
2021-02-11 08:00:00,3,2,0.8184496465557833,0.387037037037037,0.0,0.132,optimal
2021-02-11 08:30:00,3,2,0.8193333265206932,0.5062444444444444,0.0,0.1442,optimal
2021-02-11 09:00:00,3,2,0.7658074209035439,0.2678296296296296,0.0,0.09546666666666669,optimal
2021-02-11 09:30:00,3,2,0.6693059889085073,2.39962962962963,0.0,0.12366666666666669,optimal
2021-02-11 10:00:00,3,2,0.49715655215542603,0.8514814814814814,0.0,0.054,optimal
2021-02-11 10:30:00,3,2,0.4275865101103344,0.0,0.0,0.4538333333333333,optimal
2021-02-11 11:00:00,3,2,0.504181704128895,0.23222222222222222,0.0,0.123,optimal
2021-02-11 11:30:00,3,2,0.43597378049479085,0.3096296296296296,0.0,1.1865999999999999,optimal
2021-02-11 12:00:00,3,2,1.0237635339176714,0.1548148148148148,0.0,0.3846333333333333,optimal
2021-02-11 12:30:00,3,2,1.1428571428571428,0.387037037037037,0.0,1.9595,optimal
2021-02-11 13:00:00,3,2,1.1428571428571428,0.774074074074074,0.0,0.3213333333333333,optimal
2021-02-11 13:30:00,3,2,1.1428571428571428,0.0,0.0,0.17783333333333334,optimal
2021-02-11 14:00:00,3,2,1.1428571428571428,0.23222222222222222,0.0,0.148,optimal
2021-02-11 14:30:00,3,2,1.1428571428571428,0.0,0.0,0.2382,optimal
2021-02-11 15:00:00,3,2,1.1428571428571428,0.0,0.0,0.116,optimal
2021-02-11 15:30:00,3,2,1.1428571428571428,0.0,0.0,0.068,optimal
2021-02-11 16:00:00,3,2,0.0,0.0,0.0,0.056,optimal
2021-02-11 16:30:00,3,2,0.0,0.0,0.0,0.26953333333333335,optimal
2021-02-11 17:00:00,3,2,0.0,0.5418518518518518,0.0,0.23066666666666663,optimal
2021-02-11 17:30:00,3,2,0.0,0.0,0.0,0.3110333333333334,optimal
2021-02-11 18:00:00,3,2,0.0,0.0,0.0,0.4594666666666666,optimal
2021-02-11 18:30:00,3,2,0.0,0.387037037037037,0.0,0.2403,optimal
2021-02-11 19:00:00,3,2,0.0,0.0,0.0,0.3161666666666667,optimal
2021-02-11 19:30:00,3,2,0.9785947723549707,0.0,0.0,0.2042333333333333,optimal
2021-02-11 20:00:00,3,2,1.0182378908980174,0.0,0.0,0.20396666666666666,optimal
2021-02-11 20:30:00,3,2,0.0,0.0,0.0,0.3048,optimal
2021-02-11 21:00:00,3,2,0.0,0.0,0.0,0.3778,optimal
2021-02-11 21:30:00,3,2,0.0,0.0,0.0,0.2562,optimal
2021-02-11 22:00:00,3,2,0.0,0.0,0.0,0.5596,optimal
2021-02-11 22:30:00,3,2,0.0,0.0,0.0,1.3091666666666668,optimal
2021-02-11 23:00:00,3,2,0.0,0.0,0.0,0.056,optimal
2021-02-11 23:30:00,3,2,0.0,0.0,0.0,0.055,optimal
2021-02-12 00:00:00,3,2,1.1428571428571428,0.0,0.0,0.052333333333333336,optimal
2021-02-12 00:30:00,3,2,1.1428571428571428,0.0,0.0,0.062,optimal
2021-02-12 01:00:00,3,2,1.1428571428571428,0.0,0.0,0.27466666666666667,optimal
2021-02-12 01:30:00,3,2,1.1428571428571428,0.0,0.0,0.07666666666666667,optimal
2021-02-12 02:00:00,3,2,1.1428571428571428,0.0,0.0,0.18666666666666662,optimal
2021-02-12 02:30:00,3,2,1.1428571428571428,0.0,0.0,0.13533333333333333,optimal
2021-02-12 03:00:00,3,2,1.1428571428571428,0.0,0.0,0.07666666666666667,optimal
2021-02-12 03:30:00,3,2,1.1428571428571428,0.0,0.0,0.26,optimal
2021-02-12 04:00:00,3,2,1.1428571428571428,0.0,0.0,0.09866666666666668,optimal
2021-02-12 04:30:00,3,2,1.1428571428571428,0.0,0.0,0.09133333333333331,optimal
2021-02-12 05:00:00,3,2,1.1428571428571428,0.0,0.0,0.24966666666666662,optimal
2021-02-12 05:30:00,3,2,1.1428571428571428,0.0,0.0,0.087,optimal
2021-02-12 06:00:00,3,2,1.1428571428571428,0.0,0.0,0.062,optimal
2021-02-12 06:30:00,3,2,1.1428571428571428,0.0,2.3984944644512867,0.208,optimal
2021-02-12 07:00:00,3,2,1.1428571428571428,0.46444444444444444,10.0,0.06,optimal
2021-02-12 07:30:00,3,2,1.1428571428571428,7.974635346122439,0.0,0.126,optimal
2021-02-12 08:00:00,3,2,0.9564905148465431,0.387037037037037,0.0,0.16133333333333336,optimal
2021-02-12 08:30:00,3,2,0.9758084373394392,0.0,0.0,0.17466666666666666,optimal
2021-02-12 09:00:00,3,2,0.9377231671508564,0.0,0.0,0.062,optimal
2021-02-12 09:30:00,3,2,0.8017022102050938,0.0,0.0,0.20866666666666664,optimal
2021-02-12 10:00:00,3,2,0.5948109388906214,0.0,0.0,0.06,optimal
2021-02-12 10:30:00,3,2,0.531946522476229,0.0,0.0,0.126,optimal
2021-02-12 11:00:00,3,2,0.387395743900373,0.1548148148148148,0.0,0.2903,optimal
2021-02-12 11:30:00,3,2,0.6477368822809648,0.0,0.0,0.128,optimal
2021-02-12 12:00:00,3,2,1.1428571428571428,0.0,0.0,0.09533333333333331,optimal
2021-02-12 12:30:00,3,2,1.1428571428571428,0.0,0.0,0.17533333333333334,optimal
2021-02-12 13:00:00,3,2,1.1428571428571428,0.0,0.0,0.062,optimal
2021-02-12 13:30:00,3,2,1.1428571428571428,0.0,0.0,0.27466666666666667,optimal
2021-02-12 14:00:00,3,2,1.1428571428571428,0.0,0.0,0.062,optimal
2021-02-12 14:30:00,3,2,1.1428571428571428,0.0,0.0,0.128,optimal
2021-02-12 15:00:00,3,2,1.1428571428571428,0.0,0.0,0.202,optimal
2021-02-12 15:30:00,3,2,1.1428571428571428,0.0,0.0,0.06866666666666667,optimal
2021-02-12 16:00:00,3,2,0.0,0.0,0.0,0.062,optimal
2021-02-12 16:30:00,3,2,0.0,0.0,0.0,0.10966666666666669,optimal
2021-02-12 17:00:00,3,2,0.0,0.0,0.0,0.227,optimal
2021-02-12 17:30:00,3,2,0.0,0.0,0.0,0.062,optimal
2021-02-12 18:00:00,3,2,0.0,0.0,0.0,0.28426666666666667,optimal
2021-02-12 18:30:00,3,2,0.0,0.1548148148148148,0.0,0.3236,optimal
2021-02-12 19:00:00,3,2,0.0,0.0,0.0,0.209,optimal
2021-02-12 19:30:00,3,2,0.6410947609429465,0.3096296296296296,0.0,0.3378333333333333,optimal
2021-02-12 20:00:00,3,2,0.5762394364751069,0.0,0.0,0.5437333333333334,optimal
2021-02-12 20:30:00,3,2,0.0,0.0774074074074074,0.0,0.2189,optimal
2021-02-12 21:00:00,3,2,0.0,0.0,0.0,0.3097333333333333,optimal
2021-02-12 21:30:00,3,2,0.0,0.23222222222222222,0.0,0.31706666666666666,optimal
2021-02-12 22:00:00,3,2,0.0,1.470740740740741,0.0,1.2304666666666666,optimal
2021-02-12 22:30:00,3,2,0.0,5.882962962962964,0.0,0.40353333333333335,optimal
2021-02-12 23:00:00,3,2,0.0,0.0,0.0,0.08033333333333333,optimal
2021-02-12 23:30:00,3,2,0.0,0.0,0.0,0.17633333333333334,optimal
2021-02-13 00:00:00,3,2,0.0,0.0,0.0,0.3644666666666666,optimal
2021-02-13 00:30:00,3,2,0.0,0.0,0.0,0.225,optimal
2021-02-13 01:00:00,3,2,0.0,0.23222222222222222,0.0,0.6602666666666667,optimal
2021-02-13 01:30:00,3,2,1.1398507805455167,0.0,0.0,0.5467666666666666,optimal
2021-02-13 02:00:00,3,2,1.1428571428571428,0.0,0.0,1.1919000000000002,optimal
2021-02-13 02:30:00,3,2,1.1428571428571428,0.0,0.0,0.5209,optimal
2021-02-13 03:00:00,3,2,1.1428571428571428,0.0,0.0,0.12966666666666665,optimal
2021-02-13 03:30:00,3,2,1.1428571428571428,0.0,0.0,0.17853333333333332,optimal
2021-02-13 04:00:00,3,2,1.1428571428571428,0.0,0.0,0.2576666666666667,optimal
2021-02-13 04:30:00,3,2,1.1428571428571428,0.0,0.0,0.1202,optimal
2021-02-13 05:00:00,3,2,1.1428571428571428,0.0,0.0,0.065,optimal
2021-02-13 05:30:00,3,2,1.1428571428571428,0.0,0.0,0.378,optimal
2021-02-13 06:00:00,3,2,1.1428571428571428,4.79925925925926,0.0,0.3445666666666667,optimal
2021-02-13 06:30:00,3,2,1.1428571428571428,2.4770370370370367,0.0,0.19693333333333332,optimal
2021-02-13 07:00:00,3,2,1.1428571428571428,0.0,9.3223837748941,0.2248,optimal
2021-02-13 07:30:00,3,2,1.1428571428571428,0.0,0.0,0.42619999999999997,optimal
2021-02-13 08:00:00,3,2,0.8602164836852318,0.0,0.0,0.17386666666666667,optimal
2021-02-13 08:30:00,3,2,0.8619631935381986,0.0,0.0,0.16026666666666667,optimal
2021-02-13 09:00:00,3,2,0.7650390646917519,0.0,0.0,0.2821666666666667,optimal
2021-02-13 09:30:00,3,2,0.8128583282422852,0.0,0.0,0.07736666666666667,optimal
2021-02-13 10:00:00,3,2,0.6481008189821996,0.0,0.0,0.25906666666666667,optimal
2021-02-13 10:30:00,3,2,0.6657713383589707,0.0,0.0,0.18973333333333328,optimal
2021-02-13 11:00:00,3,2,0.5658716089083596,0.0,0.0,0.11220000000000001,optimal
2021-02-13 11:30:00,3,2,0.49961831876132423,0.0,0.0,0.3366,optimal
2021-02-13 12:00:00,3,2,0.8687408895992024,0.0,0.0,0.071,optimal
2021-02-13 12:30:00,3,2,1.1428571428571428,0.0,0.0,0.2909,optimal
2021-02-13 13:00:00,3,2,1.1428571428571428,0.0,0.0,0.1579,optimal
2021-02-13 13:30:00,3,2,1.1428571428571428,0.0,0.0,0.1925,optimal
2021-02-13 14:00:00,3,2,1.1428571428571428,0.0,0.0,0.25630000000000003,optimal
2021-02-13 14:30:00,3,2,1.1428571428571428,0.0,0.0,0.08473333333333334,optimal
2021-02-13 15:00:00,3,2,1.1428571428571428,0.0,0.0,0.22106666666666663,optimal
2021-02-13 15:30:00,3,2,1.1428571428571428,0.0,0.0,0.1807,optimal
2021-02-13 16:00:00,3,2,0.0,0.0,0.0,0.19356666666666664,optimal
2021-02-13 16:30:00,3,2,0.0,0.0,0.0,0.1328,optimal
2021-02-13 17:00:00,3,2,0.0,0.1548148148148148,0.0,0.39089999999999997,optimal
2021-02-13 17:30:00,3,2,0.0,0.0774074074074074,0.0,0.31930000000000003,optimal
2021-02-13 18:00:00,3,2,0.0,0.46444444444444444,0.0,0.5877666666666667,optimal
2021-02-13 18:30:00,3,2,0.0,0.0774074074074074,0.0,0.47293333333333326,optimal
2021-02-13 19:00:00,3,2,0.0,0.0,0.0,1.0868,optimal
2021-02-13 19:30:00,3,2,0.44587571332390097,0.0,0.0,1.7009333333333334,optimal
2021-02-13 20:00:00,3,2,0.5121327698084481,0.0,0.0,0.7741,optimal
2021-02-13 20:30:00,3,2,0.0,0.0774074074074074,0.0,0.5059666666666666,optimal
2021-02-13 21:00:00,3,2,0.0,0.0,0.0,0.5876,optimal
2021-02-13 21:30:00,3,2,0.0,0.3096296296296296,0.0,0.523,optimal
2021-02-13 22:00:00,3,2,0.0,1.8577777777777778,0.0,0.32476666666666665,optimal
2021-02-13 22:30:00,3,2,0.0,0.0,0.0,0.8675333333333333,optimal
2021-02-13 23:00:00,3,2,0.0,0.3096296296296296,0.0,0.3659333333333333,optimal
2021-02-13 23:30:00,3,2,0.0,0.5418518518518518,0.0,0.5685333333333333,optimal
2021-02-07 00:00:00,4,2,0.0,0.0,0.0,0.037,optimal
2021-02-07 00:30:00,4,2,0.0,0.0,0.0,0.037,optimal
2021-02-07 01:00:00,4,2,0.0,0.0,0.0,0.037,optimal
2021-02-07 01:30:00,4,2,0.0,0.0,0.0,0.037,optimal
2021-02-07 02:00:00,4,2,0.0,0.0,0.0,0.037,optimal
2021-02-07 02:30:00,4,2,0.0,0.0,0.0,0.037,optimal
2021-02-07 03:00:00,4,2,0.0,0.0,0.0,0.037,optimal
2021-02-07 03:30:00,4,2,0.0,0.0,0.0,0.037,optimal
2021-02-07 04:00:00,4,2,1.1428571428571428,0.0,0.0,0.037,optimal
2021-02-07 04:30:00,4,2,1.1428571428571428,0.0,0.0,0.037,optimal
2021-02-07 05:00:00,4,2,1.1428571428571428,0.0,0.0,0.037,optimal
2021-02-07 05:30:00,4,2,1.1428571428571428,0.0,0.0,0.037,optimal
2021-02-07 06:00:00,4,2,1.1428571428571428,0.0,0.0,0.04533333333333334,optimal
2021-02-07 06:30:00,4,2,1.1428571428571428,0.0,0.0,0.047,optimal
2021-02-07 07:00:00,4,2,1.1428571428571428,0.0,1.9104478659086885,0.047,optimal
2021-02-07 07:30:00,4,2,0.0,0.0,0.0,0.047,optimal
2021-02-07 08:00:00,4,2,0.7265531158655968,0.0,0.0,0.047,optimal
2021-02-07 08:30:00,4,2,0.7340354928275968,0.0,0.0,0.047,optimal
2021-02-07 09:00:00,4,2,0.6513264231921683,1.006296296296296,0.0,0.045,optimal
2021-02-07 09:30:00,4,2,0.747615990187995,0.0,0.0,0.047,optimal
2021-02-07 10:00:00,4,2,0.7032853373583057,0.0,0.0,0.047,optimal
2021-02-07 10:30:00,4,2,0.7075633462238035,0.0,0.0,0.047,optimal
2021-02-07 11:00:00,4,2,0.6552157217144694,0.0,0.0,0.047,optimal
2021-02-07 11:30:00,4,2,0.6410252455239944,0.3096296296296296,0.0,0.04633333333333334,optimal
2021-02-07 12:00:00,4,2,0.646331700558744,0.23222222222222222,0.0,0.041466666666666666,optimal
2021-02-07 12:30:00,4,2,1.1428571428571428,0.0,0.0,0.09666666666666669,optimal
2021-02-07 13:00:00,4,2,1.1428571428571428,0.387037037037037,0.0,0.04986666666666667,optimal
2021-02-07 13:30:00,4,2,1.1428571428571428,0.0,0.0,0.08866666666666667,optimal
2021-02-07 14:00:00,4,2,1.1428571428571428,0.0,0.0,0.047,optimal
2021-02-07 14:30:00,4,2,1.1428571428571428,0.0,0.0,0.2886666666666667,optimal
2021-02-07 15:00:00,4,2,1.1428571428571428,0.0,0.0,0.18966666666666662,optimal
2021-02-07 15:30:00,4,2,1.1428571428571428,0.0,0.0,0.2622333333333333,optimal
2021-02-07 16:00:00,4,2,0.0,0.23222222222222222,0.0,1.271,optimal
2021-02-07 16:30:00,4,2,0.0,0.0774074074074074,0.0,0.4274333333333333,optimal
2021-02-07 17:00:00,4,2,0.0,0.0,0.0,0.28586666666666666,optimal
2021-02-07 17:30:00,4,2,0.0,0.0774074074074074,0.0,0.07666666666666667,optimal
2021-02-07 18:00:00,4,2,0.0,0.1548148148148148,0.0,0.04686666666666667,optimal
2021-02-07 18:30:00,4,2,0.0,2.012592592592592,0.0,0.14853333333333332,optimal
2021-02-07 19:00:00,4,2,0.0,0.1548148148148148,0.0,0.18419999999999997,optimal
2021-02-07 19:30:00,4,2,0.6417899081007793,0.23222222222222222,0.0,0.0659,optimal
2021-02-07 20:00:00,4,2,0.5930375271483933,0.23222222222222222,0.0,0.23153333333333334,optimal
2021-02-07 20:30:00,4,2,0.0,0.0,0.0,0.33,optimal
2021-02-07 21:00:00,4,2,0.0,0.0,0.0,0.30293333333333333,optimal
2021-02-07 21:30:00,4,2,0.0,0.1548148148148148,0.0,0.3068,optimal
2021-02-07 22:00:00,4,2,0.0,0.0774074074074074,0.0,0.3340666666666667,optimal
2021-02-07 22:30:00,4,2,0.0,0.0,0.0,0.452,optimal
2021-02-07 23:00:00,4,2,0.0,0.0,0.0,0.4063,optimal
2021-02-07 23:30:00,4,2,0.0,0.0,0.0,0.36826666666666663,optimal
2021-02-08 00:00:00,4,2,0.0,6.270000000000002,0.0,3.0568,optimal
2021-02-08 00:30:00,4,2,0.0,0.0,0.0,0.045,optimal
2021-02-08 01:00:00,4,2,0.0,0.0,0.0,0.045666666666666654,optimal
2021-02-08 01:30:00,4,2,0.7725906464323853,0.0,0.0,0.047,optimal
2021-02-08 02:00:00,4,2,1.1428571428571428,0.0,0.0,0.047,optimal
2021-02-08 02:30:00,4,2,1.1428571428571428,0.0,0.0,0.047,optimal
2021-02-08 03:00:00,4,2,1.1428571428571428,0.0,0.0,0.047,optimal
2021-02-08 03:30:00,4,2,1.1428571428571428,0.0,0.0,0.047,optimal
2021-02-08 04:00:00,4,2,1.1428571428571428,0.0,0.0,0.047,optimal
2021-02-08 04:30:00,4,2,1.1428571428571428,0.0,0.0,0.047,optimal
2021-02-08 05:00:00,4,2,1.1428571428571428,0.0,0.0,0.04633333333333334,optimal
2021-02-08 05:30:00,4,2,1.1428571428571428,0.0,0.0,0.24086666666666667,optimal
2021-02-08 06:00:00,4,2,1.1428571428571428,0.0,0.0,0.047,optimal
2021-02-08 06:30:00,4,2,1.1428571428571428,0.0,4.8602054901612455,0.047,optimal
2021-02-08 07:00:00,4,2,1.1428571428571428,2.4770370370370367,10.0,0.162,optimal
2021-02-08 07:30:00,4,2,1.1428571428571428,0.3096296296296296,0.0,0.09133333333333331,optimal
2021-02-08 08:00:00,4,2,0.8130102527820834,0.0,0.0,0.047,optimal
2021-02-08 08:30:00,4,2,0.817288261647593,0.0,0.0,0.047,optimal
2021-02-08 09:00:00,4,2,0.7660509436750166,0.0,0.0,0.047,optimal
2021-02-08 09:30:00,4,2,0.759633930376764,0.0,0.0,0.047,optimal
2021-02-08 10:00:00,4,2,0.6655027006743576,0.0,0.0,0.047,optimal
2021-02-08 10:30:00,4,2,0.6719197139726102,0.0,0.0,0.047,optimal
2021-02-08 11:00:00,4,2,0.9096889995802309,0.0,0.0,0.047,optimal
2021-02-08 11:30:00,4,2,1.1428571428571428,0.0,0.0,0.047,optimal
2021-02-08 12:00:00,4,2,1.1428571428571428,0.0,0.0,0.047,optimal
2021-02-08 12:30:00,4,2,1.1428571428571428,0.0,0.0,0.047,optimal
2021-02-08 13:00:00,4,2,1.1428571428571428,0.0,0.0,0.047,optimal
2021-02-08 13:30:00,4,2,1.1428571428571428,0.0,0.0,1.5954000000000002,optimal
2021-02-08 14:00:00,4,2,1.1428571428571428,0.3096296296296296,0.0,0.8056,optimal
2021-02-08 14:30:00,4,2,1.1428571428571428,0.0,0.0,0.13646666666666668,optimal
2021-02-08 15:00:00,4,2,1.1428571428571428,0.0,0.0,0.047,optimal
2021-02-08 15:30:00,4,2,1.1428571428571428,0.0,0.0,0.047,optimal
2021-02-08 16:00:00,4,2,0.0,0.0,0.0,0.047,optimal
2021-02-08 16:30:00,4,2,0.0,0.0,0.0,0.047,optimal
2021-02-08 17:00:00,4,2,0.0,0.0,0.0,0.047,optimal
2021-02-08 17:30:00,4,2,0.0,0.0,0.0,0.047,optimal
2021-02-08 18:00:00,4,2,0.0,0.0,0.0,0.047,optimal
2021-02-08 18:30:00,4,2,0.0,0.0,0.0,0.047,optimal
2021-02-08 19:00:00,4,2,0.0,0.0,0.0,0.047,optimal
2021-02-08 19:30:00,4,2,0.829093590348101,0.0,0.0,0.047,optimal
2021-02-08 20:00:00,4,2,0.8355106036463538,0.0,0.0,0.047,optimal
2021-02-08 20:30:00,4,2,0.0,0.0,0.0,0.047,optimal
2021-02-08 21:00:00,4,2,0.0,0.0,0.0,0.047,optimal
2021-02-08 21:30:00,4,2,0.0,0.0,0.0,0.047,optimal
2021-02-08 22:00:00,4,2,0.0,0.0,0.0,0.047,optimal
2021-02-08 22:30:00,4,2,0.0,0.0,0.0,2.229,optimal
2021-02-08 23:00:00,4,2,0.0,0.0,0.0,0.047,optimal
2021-02-08 23:30:00,4,2,0.0,0.0,0.0,0.04633333333333334,optimal
2021-02-09 00:00:00,4,2,0.0,1.548148148148148,0.0,0.5713333333333334,optimal
2021-02-09 00:30:00,4,2,0.0,0.0,0.0,0.16146666666666668,optimal
2021-02-09 01:00:00,4,2,0.8167186938984506,0.0,0.0,0.1468,optimal
2021-02-09 01:30:00,4,2,1.1428571428571428,0.0,0.0,0.12543333333333334,optimal
2021-02-09 02:00:00,4,2,1.1428571428571428,0.0,0.0,0.2543666666666667,optimal
2021-02-09 02:30:00,4,2,1.1428571428571428,0.0,0.0,0.06,optimal
2021-02-09 03:00:00,4,2,1.1428571428571428,0.0,0.0,0.08013333333333333,optimal
2021-02-09 03:30:00,4,2,1.1428571428571428,0.0,0.0,0.14053333333333334,optimal
2021-02-09 04:00:00,4,2,1.1428571428571428,0.0,0.0,0.2119,optimal
2021-02-09 04:30:00,4,2,1.1428571428571428,0.0,0.0,0.06723333333333334,optimal
2021-02-09 05:00:00,4,2,1.1428571428571428,0.0,0.0,0.1679,optimal
2021-02-09 05:30:00,4,2,1.1428571428571428,0.0,0.0,0.2119,optimal
2021-02-09 06:00:00,4,2,1.1428571428571428,0.0,0.0,0.16066666666666665,optimal
2021-02-09 06:30:00,4,2,1.1428571428571428,0.0,1.0303309641222307,0.06966666666666667,optimal
2021-02-09 07:00:00,4,2,1.1428571428571428,0.0,10.0,2.125266666666667,optimal
2021-02-09 07:30:00,4,2,1.1428571428571428,0.0,0.0,0.7465333333333333,optimal
2021-02-09 08:00:00,4,2,0.7035732849525341,4.179999999999999,0.0,0.4933,optimal
2021-02-09 08:30:00,4,2,0.6391715097495272,0.3096296296296296,0.0,0.5057,optimal
2021-02-09 09:00:00,4,2,0.4286137946349223,0.42883703703703696,0.0,3.0434,optimal
2021-02-09 09:30:00,4,2,0.41406262518127773,0.345237037037037,0.0,1.6195,optimal
2021-02-09 10:00:00,4,2,0.5951998882415722,0.0,0.0,0.3197,optimal
2021-02-09 10:30:00,4,2,0.6166705803635417,0.0,0.0,0.226,optimal
2021-02-09 11:00:00,4,2,0.49370773469621354,0.0,0.0,0.3566333333333333,optimal
2021-02-09 11:30:00,4,2,0.522001111215837,0.0,0.0,0.1134,optimal
2021-02-09 12:00:00,4,2,0.4678643276509294,0.0,0.0,0.07,optimal
2021-02-09 12:30:00,4,2,1.1022953580748627,0.0,0.0,0.2864,optimal
2021-02-09 13:00:00,4,2,1.1428571428571428,0.0,0.0,1.3718,optimal
2021-02-09 13:30:00,4,2,1.1428571428571428,0.387037037037037,0.0,0.8345333333333333,optimal
2021-02-09 14:00:00,4,2,1.1428571428571428,2.1674074074074072,0.0,0.9056333333333332,optimal
2021-02-09 14:30:00,4,2,1.1428571428571428,0.0,0.0,0.2598333333333333,optimal
2021-02-09 15:00:00,4,2,1.1428571428571428,0.0,0.0,0.17066666666666666,optimal
2021-02-09 15:30:00,4,2,1.1428571428571428,0.0,0.0,0.12786666666666666,optimal
2021-02-09 16:00:00,4,2,0.0,0.0,0.0,0.21153333333333332,optimal
2021-02-09 16:30:00,4,2,0.0,0.0,0.0,0.13040000000000002,optimal
2021-02-09 17:00:00,4,2,0.0,0.0,0.0,0.11466666666666668,optimal
2021-02-09 17:30:00,4,2,0.0,0.0,0.0,0.28513333333333335,optimal
2021-02-09 18:00:00,4,2,0.0,0.0,0.0,0.11453333333333332,optimal
2021-02-09 18:30:00,4,2,0.0,0.0774074074074074,0.0,0.9545666666666668,optimal
2021-02-09 19:00:00,4,2,0.0,0.3096296296296296,0.0,0.35603333333333337,optimal
2021-02-09 19:30:00,4,2,0.5349110355093228,0.0,0.0,1.7985333333333333,optimal
2021-02-09 20:00:00,4,2,0.5095015116998,0.0,0.0,0.9474,optimal
2021-02-09 20:30:00,4,2,0.0,0.6192592592592592,0.0,0.44639999999999996,optimal
2021-02-09 21:00:00,4,2,0.0,0.23222222222222222,0.0,0.9795333333333331,optimal
2021-02-09 21:30:00,4,2,0.0,0.0,0.0,0.9963333333333334,optimal
2021-02-09 22:00:00,4,2,0.0,0.0,0.0,0.17126666666666668,optimal
2021-02-09 22:30:00,4,2,0.0,0.0,0.0,0.18513333333333332,optimal
2021-02-09 23:00:00,4,2,0.0,0.0,0.0,0.21466666666666662,optimal
2021-02-09 23:30:00,4,2,0.0,0.0,0.0,0.07,optimal
2021-02-10 00:00:00,4,2,0.0,0.0,0.0,0.06266666666666666,optimal
2021-02-10 00:30:00,4,2,0.14197664529315127,0.0,0.0,0.068,optimal
2021-02-10 01:00:00,4,2,1.1428571428571428,0.0,0.0,0.068,optimal
2021-02-10 01:30:00,4,2,1.1428571428571428,0.0,0.0,0.068,optimal
2021-02-10 02:00:00,4,2,1.1428571428571428,0.0,0.0,0.068,optimal
2021-02-10 02:30:00,4,2,1.1428571428571428,0.0,0.0,0.068,optimal
2021-02-10 03:00:00,4,2,1.1428571428571428,0.0,0.0,0.068,optimal
2021-02-10 03:30:00,4,2,1.1428571428571428,0.0,0.0,0.068,optimal
2021-02-10 04:00:00,4,2,1.1428571428571428,0.0,0.0,0.068,optimal
2021-02-10 04:30:00,4,2,1.1428571428571428,0.0,0.0,0.068,optimal
2021-02-10 05:00:00,4,2,1.1428571428571428,0.0,0.0,0.068,optimal
2021-02-10 05:30:00,4,2,1.1428571428571428,0.0,0.0,0.068,optimal
2021-02-10 06:00:00,4,2,1.1428571428571428,0.0,0.0,0.068,optimal
2021-02-10 06:30:00,4,2,1.1428571428571428,0.0,0.902176488374754,0.068,optimal
2021-02-10 07:00:00,4,2,1.1428571428571428,0.3096296296296296,10.0,0.066,optimal
2021-02-10 07:30:00,4,2,1.1428571428571428,0.3096296296296296,0.0,0.066,optimal
2021-02-10 08:00:00,4,2,0.8615140614968272,0.0,0.0,0.068,optimal
2021-02-10 08:30:00,4,2,0.8529580437658317,0.0,0.0,0.068,optimal
2021-02-10 09:00:00,4,2,0.7800042469026648,0.0,0.0,0.068,optimal
2021-02-10 09:30:00,4,2,0.7714482291716575,0.0,0.0,0.068,optimal
2021-02-10 10:00:00,4,2,0.6585233969850834,0.0,0.0,0.068,optimal
2021-02-10 10:30:00,4,2,0.6521063836868308,0.0,0.0,0.068,optimal
2021-02-10 11:00:00,4,2,0.5735194454990914,0.0,0.0,0.068,optimal
2021-02-10 11:30:00,4,2,1.0360005980790943,0.0,0.0,0.068,optimal
2021-02-10 12:00:00,4,2,1.1428571428571428,0.0,0.0,0.068,optimal
2021-02-10 12:30:00,4,2,1.1428571428571428,0.0,0.0,0.068,optimal
2021-02-10 13:00:00,4,2,1.1428571428571428,0.0,0.0,0.068,optimal
2021-02-10 13:30:00,4,2,1.1428571428571428,0.0,0.0,0.068,optimal
2021-02-10 14:00:00,4,2,1.1428571428571428,0.0,0.0,0.068,optimal
2021-02-10 14:30:00,4,2,1.1428571428571428,0.0,0.0,0.068,optimal
2021-02-10 15:00:00,4,2,1.1428571428571428,0.0,0.0,0.068,optimal
2021-02-10 15:30:00,4,2,1.1428571428571428,0.0,0.0,0.068,optimal
2021-02-10 16:00:00,4,2,0.0,0.3096296296296296,0.0,0.0704,optimal
2021-02-10 16:30:00,4,2,0.0,0.0,0.0,0.068,optimal
2021-02-10 17:00:00,4,2,0.0,0.0,0.0,0.068,optimal
2021-02-10 17:30:00,4,2,0.0,0.0,0.0,0.068,optimal
2021-02-10 18:00:00,4,2,0.0,0.1548148148148148,0.0,0.2025,optimal
2021-02-10 18:30:00,4,2,0.0,0.0,0.0,0.102,optimal
2021-02-10 19:00:00,4,2,0.0,0.0,0.0,0.068,optimal
2021-02-10 19:30:00,4,2,0.8178736790031043,0.0,0.0,0.068,optimal
2021-02-10 20:00:00,4,2,0.7724734630716151,0.0,0.0,0.135,optimal
2021-02-10 20:30:00,4,2,0.0,0.23222222222222222,0.0,0.18806666666666663,optimal
2021-02-10 21:00:00,4,2,0.0,0.0,0.0,0.2029333333333333,optimal
2021-02-10 21:30:00,4,2,0.0,0.0,0.0,0.22340000000000002,optimal
2021-02-10 22:00:00,4,2,0.0,0.5418518518518518,0.0,0.3664,optimal
2021-02-10 22:30:00,4,2,0.0,0.1548148148148148,0.0,0.24006666666666662,optimal
2021-02-10 23:00:00,4,2,0.0,0.0,0.0,0.068,optimal
2021-02-10 23:30:00,4,2,0.0,0.0,0.0,0.06333333333333334,optimal
2021-02-11 00:00:00,4,2,1.1428571428571428,0.0,0.0,0.06833333333333333,optimal
2021-02-11 00:30:00,4,2,1.1428571428571428,0.0,0.0,0.06766666666666667,optimal
2021-02-11 01:00:00,4,2,1.1428571428571428,0.0,0.0,0.063,optimal
2021-02-11 01:30:00,4,2,1.1428571428571428,0.0,0.0,0.063,optimal
2021-02-11 02:00:00,4,2,1.1428571428571428,0.0,0.0,0.063,optimal
2021-02-11 02:30:00,4,2,1.1428571428571428,0.0,0.0,0.063,optimal
2021-02-11 03:00:00,4,2,1.1428571428571428,0.0,0.0,0.063,optimal
2021-02-11 03:30:00,4,2,1.1428571428571428,0.0,0.0,0.063,optimal
2021-02-11 04:00:00,4,2,1.1428571428571428,0.0,0.0,0.063,optimal
2021-02-11 04:30:00,4,2,1.1428571428571428,0.0,0.0,0.063,optimal
2021-02-11 05:00:00,4,2,1.1428571428571428,0.0,0.0,0.063,optimal
2021-02-11 05:30:00,4,2,1.1428571428571428,0.0,8.62240667753737,0.063,optimal
2021-02-11 06:00:00,4,2,1.1428571428571428,0.0,10.0,0.063,optimal
2021-02-11 06:30:00,4,2,1.1428571428571428,0.0,10.0,0.063,optimal
2021-02-11 07:00:00,4,2,1.1428571428571428,0.0,10.0,0.063,optimal
2021-02-11 07:30:00,4,2,1.1428571428571428,2.822223524286264,0.0,0.7163999999999999,optimal
2021-02-11 08:00:00,4,2,0.7438344084605382,0.0,0.0,1.262733333333333,optimal
2021-02-11 08:30:00,4,2,0.9512666598540324,0.0,0.0,0.063,optimal
2021-02-11 09:00:00,4,2,0.8832931351892587,0.0,0.0,0.06833333333333333,optimal
2021-02-11 09:30:00,4,2,0.8127059889085041,0.0,0.0,0.073,optimal
2021-02-11 10:00:00,4,2,0.521880361679234,0.0,0.0,1.250233333333333,optimal
2021-02-11 10:30:00,4,2,0.5829217482055687,2.0899999999999994,0.0,0.7643,optimal
2021-02-11 11:00:00,4,2,0.4487321803193683,0.0,0.0,1.973733333333333,optimal
2021-02-11 11:30:00,4,2,0.4612109233519263,0.0,0.0,0.193,optimal
2021-02-11 12:00:00,4,2,0.3368972236595593,0.0,0.0,0.18209999999999998,optimal
2021-02-11 12:30:00,4,2,0.2711244517481032,0.0,0.0,0.33946666666666664,optimal
2021-02-11 13:00:00,4,2,1.1428571428571428,0.387037037037037,0.0,2.1311999999999998,optimal
2021-02-11 13:30:00,4,2,1.1428571428571428,0.0,0.0,1.4684000000000001,optimal
2021-02-11 14:00:00,4,2,1.1428571428571428,0.3096296296296296,0.0,3.1484,optimal
2021-02-11 14:30:00,4,2,1.1428571428571428,0.0,0.0,2.1504000000000003,optimal
2021-02-11 15:00:00,4,2,1.1428571428571428,0.0,0.0,0.5536,optimal
2021-02-11 15:30:00,4,2,1.1428571428571428,0.6966666666666667,0.0,2.417866666666667,optimal
2021-02-11 16:00:00,4,2,0.0,0.23222222222222222,0.0,0.5036666666666667,optimal
2021-02-11 16:30:00,4,2,0.0,0.0,0.0,2.398733333333333,optimal
2021-02-11 17:00:00,4,2,0.0,0.23222222222222222,0.0,2.0366333333333326,optimal
2021-02-11 17:30:00,4,2,0.0,0.5836518518518518,0.0,1.8925999999999998,optimal
2021-02-11 18:00:00,4,2,0.0,2.4352370370370373,0.0,3.991533333333333,optimal
2021-02-11 18:30:00,4,2,0.0,0.23222222222222222,0.0,1.7724000000000002,optimal
2021-02-11 19:00:00,4,2,0.0,0.1548148148148148,0.0,1.4752,optimal
2021-02-11 19:30:00,4,2,0.0,0.0,0.0,3.5098000000000003,optimal
2021-02-11 20:00:00,4,2,0.8386904767481214,0.1548148148148148,0.0,1.2681333333333333,optimal
2021-02-11 20:30:00,4,2,0.0,0.23222222222222222,0.0,0.362,optimal
2021-02-11 21:00:00,4,2,0.0,0.0,0.0,0.4113,optimal
2021-02-11 21:30:00,4,2,0.0,0.0,0.0,0.5227333333333334,optimal
2021-02-11 22:00:00,4,2,0.0,0.0774074074074074,0.0,1.2281333333333335,optimal
2021-02-11 22:30:00,4,2,0.0,0.0,0.0,0.073,optimal
2021-02-11 23:00:00,4,2,0.0,0.0,0.0,0.073,optimal
2021-02-11 23:30:00,4,2,0.0,0.0,0.0,0.07266666666666667,optimal
2021-02-12 00:00:00,4,2,1.1428571428571428,0.1548148148148148,0.0,0.0875,optimal
2021-02-12 00:30:00,4,2,1.1428571428571428,0.0,0.0,0.12283333333333331,optimal
2021-02-12 01:00:00,4,2,1.1428571428571428,0.1548148148148148,0.0,0.12266666666666669,optimal
2021-02-12 01:30:00,4,2,1.1428571428571428,0.0,0.0,0.13853333333333334,optimal
2021-02-12 02:00:00,4,2,1.1428571428571428,0.0,0.0,0.2123333333333333,optimal
2021-02-12 02:30:00,4,2,1.1428571428571428,0.0,0.0,0.11636666666666666,optimal
2021-02-12 03:00:00,4,2,1.1428571428571428,0.0,0.0,0.08783333333333333,optimal
2021-02-12 03:30:00,4,2,1.1428571428571428,0.0,0.0,0.11993333333333334,optimal
2021-02-12 04:00:00,4,2,1.1428571428571428,0.0,0.0,0.15093333333333334,optimal
2021-02-12 04:30:00,4,2,1.1428571428571428,0.0,0.0,0.2142,optimal
2021-02-12 05:00:00,4,2,1.1428571428571428,0.0,0.0,0.07,optimal
2021-02-12 05:30:00,4,2,1.1428571428571428,0.0,0.0,0.28086666666666665,optimal
2021-02-12 06:00:00,4,2,1.1428571428571428,0.0,0.0,0.07,optimal
2021-02-12 06:30:00,4,2,1.1428571428571428,0.0,2.916690943585551,0.2742,optimal
2021-02-12 07:00:00,4,2,1.1428571428571428,0.0,10.0,0.07666666666666667,optimal
2021-02-12 07:30:00,4,2,1.1428571428571428,6.957213518690879,0.0,0.11,optimal
2021-02-12 08:00:00,4,2,0.9178048005608277,0.0,0.0,0.1802333333333333,optimal
2021-02-12 08:30:00,4,2,0.8434465325775345,0.0,0.0,0.1806333333333333,optimal
2021-02-12 09:00:00,4,2,0.5391155481032316,0.23222222222222222,0.0,0.35746666666666665,optimal
2021-02-12 09:30:00,4,2,0.1685098292527095,0.3096296296296296,0.0,3.2421666666666664,optimal
2021-02-12 10:00:00,4,2,0.1630585579382335,0.1548148148148148,0.0,1.2248333333333332,optimal
2021-02-12 10:30:00,4,2,0.5759579510476671,0.0,0.0,0.28063333333333335,optimal
2021-02-12 11:00:00,4,2,0.4462662200908403,0.0,0.0,0.19096666666666667,optimal
2021-02-12 11:30:00,4,2,0.1027786442295218,0.3096296296296296,0.0,1.5810666666666666,optimal
2021-02-12 12:00:00,4,2,0.29789840204897705,0.3096296296296296,0.0,0.2907666666666667,optimal
2021-02-12 12:30:00,4,2,0.27638225475908473,0.1548148148148148,0.0,1.3396666666666668,optimal
2021-02-12 13:00:00,4,2,0.2748467205427109,0.23222222222222222,0.0,1.2563666666666666,optimal
2021-02-12 13:30:00,4,2,0.23803711036059774,0.0,0.0,1.2440666666666667,optimal
2021-02-12 14:00:00,4,2,0.8764094043933216,0.1548148148148148,0.0,1.6050666666666666,optimal
2021-02-12 14:30:00,4,2,1.1428571428571428,0.3096296296296296,0.0,0.3132,optimal
2021-02-12 15:00:00,4,2,1.1428571428571428,0.0,0.0,0.3897333333333334,optimal
2021-02-12 15:30:00,4,2,1.1428571428571428,0.5418518518518518,0.0,0.9680666666666669,optimal
2021-02-12 16:00:00,4,2,0.0,0.46444444444444444,0.0,1.4308333333333332,optimal
2021-02-12 16:30:00,4,2,0.0,0.0,0.0,1.449266666666667,optimal
2021-02-12 17:00:00,4,2,0.0,0.0,0.0,1.4056,optimal
2021-02-12 17:30:00,4,2,0.0,0.1548148148148148,0.0,2.4158666666666666,optimal
2021-02-12 18:00:00,4,2,0.0,0.23222222222222222,0.0,0.39913333333333334,optimal
2021-02-12 18:30:00,4,2,0.0,0.3096296296296296,0.0,0.5230666666666667,optimal
2021-02-12 19:00:00,4,2,0.0,0.0774074074074074,0.0,0.4541,optimal
2021-02-12 19:30:00,4,2,0.0,0.0,0.0,0.35736666666666667,optimal
2021-02-12 20:00:00,4,2,0.0,0.0,0.0,0.28313333333333335,optimal
2021-02-12 20:30:00,4,2,0.0,0.0774074074074074,0.0,0.19123333333333328,optimal
2021-02-12 21:00:00,4,2,0.0,0.0,0.0,0.11453333333333332,optimal
2021-02-12 21:30:00,4,2,0.0,0.0,0.0,0.37903333333333333,optimal
2021-02-12 22:00:00,4,2,0.0,0.0,0.0,0.1759,optimal
2021-02-12 22:30:00,4,2,0.0,0.0,0.0,0.242,optimal
2021-02-12 23:00:00,4,2,0.0,0.0,0.0,0.2777333333333333,optimal
2021-02-12 23:30:00,4,2,0.0,0.0,0.0,0.16383333333333333,optimal
2021-02-13 00:00:00,4,2,0.0,0.0,0.0,0.063,optimal
2021-02-13 00:30:00,4,2,0.0,0.0,0.0,0.063,optimal
2021-02-13 01:00:00,4,2,1.1364000829248175,0.0,0.0,0.19196666666666667,optimal
2021-02-13 01:30:00,4,2,1.1428571428571428,0.0,0.0,0.1033,optimal
2021-02-13 02:00:00,4,2,1.1428571428571428,0.0,0.0,0.063,optimal
2021-02-13 02:30:00,4,2,1.1428571428571428,0.0,0.0,0.15966666666666665,optimal
2021-02-13 03:00:00,4,2,1.1428571428571428,0.0,0.0,0.11946666666666668,optimal
2021-02-13 03:30:00,4,2,1.1428571428571428,0.0,0.0,0.10813333333333335,optimal
2021-02-13 04:00:00,4,2,1.1428571428571428,0.0,0.0,0.13066666666666665,optimal
2021-02-13 04:30:00,4,2,1.1428571428571428,0.0,0.0,0.1356,optimal
2021-02-13 05:00:00,4,2,1.1428571428571428,0.0,0.0,0.063,optimal
2021-02-13 05:30:00,4,2,1.1428571428571428,0.0,0.0,0.1275333333333333,optimal
2021-02-13 06:00:00,4,2,1.1428571428571428,0.23222222222222222,0.0,0.1139,optimal
2021-02-13 06:30:00,4,2,1.1428571428571428,0.46444444444444444,1.8172962716260157,0.2961666666666667,optimal
2021-02-13 07:00:00,4,2,1.1428571428571428,2.39962962962963,10.0,1.4025999999999998,optimal
2021-02-13 07:30:00,4,2,1.1428571428571428,0.0,0.0,0.2871,optimal
2021-02-13 08:00:00,4,2,0.6474069598757066,2.692229629629629,0.0,0.2531333333333333,optimal
2021-02-13 08:30:00,4,2,0.574869860204865,4.351844444444444,0.0,0.6495333333333333,optimal
2021-02-13 09:00:00,4,2,0.5605343027869861,1.9553111111111114,0.0,0.48219999999999996,optimal
2021-02-13 09:30:00,4,2,0.35568689967085937,3.7728370370370365,0.0,2.644766666666667,optimal
2021-02-13 10:00:00,4,2,0.6919103427917223,0.0,0.0,0.10683333333333331,optimal
2021-02-13 10:30:00,4,2,0.6653522907399201,0.0,0.0,0.1923,optimal
2021-02-13 11:00:00,4,2,0.5686335136702735,0.0,0.0,0.10363333333333334,optimal
2021-02-13 11:30:00,4,2,0.4583326044756086,0.0,0.0,0.7108666666666666,optimal
2021-02-13 12:00:00,4,2,0.197930588615841,0.23222222222222222,0.0,1.8464666666666667,optimal
2021-02-13 12:30:00,4,2,0.32498591308366376,0.9288888888888889,0.0,0.5594666666666667,optimal
2021-02-13 13:00:00,4,2,0.26927320205436267,0.0,0.0,0.5271,optimal
2021-02-13 13:30:00,4,2,0.1790523360460102,0.23222222222222222,0.0,0.37846666666666656,optimal
2021-02-13 14:00:00,4,2,1.060465116751414,0.1548148148148148,0.0,1.7572999999999999,optimal
2021-02-13 14:30:00,4,2,1.1428571428571428,0.0,0.0,4.467,optimal
2021-02-13 15:00:00,4,2,1.1428571428571428,0.0774074074074074,0.0,3.1946666666666665,optimal
2021-02-13 15:30:00,4,2,1.1428571428571428,0.3096296296296296,0.0,0.47273333333333334,optimal
2021-02-13 16:00:00,4,2,0.0,0.1548148148148148,0.0,0.5902333333333334,optimal
2021-02-13 16:30:00,4,2,0.0,0.387037037037037,0.0,0.6212000000000001,optimal
2021-02-13 17:00:00,4,2,0.0,2.631851851851852,0.0,0.5294,optimal
2021-02-13 17:30:00,4,2,0.0,0.23222222222222222,0.0,0.7646000000000001,optimal
2021-02-13 18:00:00,4,2,0.0,0.387037037037037,0.0,0.38106666666666666,optimal
2021-02-13 18:30:00,4,2,0.0,0.0774074074074074,0.0,0.5982000000000001,optimal
2021-02-13 19:00:00,4,2,0.0,0.1548148148148148,0.0,0.41433333333333333,optimal
2021-02-13 19:30:00,4,2,0.0,0.0,0.0,1.4618,optimal
2021-02-13 20:00:00,4,2,0.0,0.3096296296296296,0.0,1.6332,optimal
2021-02-13 20:30:00,4,2,0.0,0.0,0.0,0.417,optimal
2021-02-13 21:00:00,4,2,0.0,0.23222222222222222,0.0,0.17893333333333333,optimal
2021-02-13 21:30:00,4,2,0.0,0.0,0.0,0.4957,optimal
2021-02-13 22:00:00,4,2,0.0,0.6192592592592592,0.0,0.3115333333333334,optimal
2021-02-13 22:30:00,4,2,0.0,0.0,0.0,0.15516666666666665,optimal
2021-02-13 23:00:00,4,2,0.0,0.0,0.0,0.1359,optimal
2021-02-13 23:30:00,4,2,0.0,0.0,0.0,0.1457,optimal
2021-02-07 00:00:00,5,2,0.0,0.0,0.0,0.09923333333333333,optimal
2021-02-07 00:30:00,5,2,0.0,0.0,0.0,0.1555,optimal
2021-02-07 01:00:00,5,2,0.0,0.0,0.0,0.066,optimal
2021-02-07 01:30:00,5,2,0.0,0.0,0.0,0.1323666666666667,optimal
2021-02-07 02:00:00,5,2,0.0,0.0,0.0,0.1323666666666667,optimal
2021-02-07 02:30:00,5,2,0.0,0.0,0.0,0.066,optimal
2021-02-07 03:00:00,5,2,0.0,0.0,0.0,0.1987333333333333,optimal
2021-02-07 03:30:00,5,2,0.0,0.0,0.0,0.066,optimal
2021-02-07 04:00:00,5,2,1.1428571428571428,0.0,0.0,0.066,optimal
2021-02-07 04:30:00,5,2,1.1428571428571428,0.0,0.0,0.09616666666666669,optimal
2021-02-07 05:00:00,5,2,1.1428571428571428,0.0,0.0,0.16856666666666667,optimal
2021-02-07 05:30:00,5,2,1.1428571428571428,0.0,0.0,0.066,optimal
2021-02-07 06:00:00,5,2,1.1428571428571428,0.0,0.0,0.19269999999999998,optimal
2021-02-07 06:30:00,5,2,1.1428571428571428,0.0,0.0,0.07203333333333334,optimal
2021-02-07 07:00:00,5,2,1.1428571428571428,0.0,1.9104478659086885,0.066,optimal
2021-02-07 07:30:00,5,2,0.0,0.0,0.0,0.1984,optimal
2021-02-07 08:00:00,5,2,0.32409428258158635,0.8716074074074074,0.0,0.2575,optimal
2021-02-07 08:30:00,5,2,0.6435497785418871,1.6054296296296298,0.0,0.06623333333333334,optimal
2021-02-07 09:00:00,5,2,0.5483073755731197,0.0,0.0,0.29893333333333333,optimal
2021-02-07 09:30:00,5,2,0.6112540854260908,0.0,0.0,0.23213333333333333,optimal
2021-02-07 10:00:00,5,2,0.597609146882118,0.0,0.0,0.14573333333333333,optimal
2021-02-07 10:30:00,5,2,0.5912966795571438,0.0,0.0,0.14946666666666666,optimal
2021-02-07 11:00:00,5,2,0.5868728645716217,0.0,0.0,0.07840000000000001,optimal
2021-02-07 11:30:00,5,2,0.5371490550478023,0.0,0.0,0.2524333333333333,optimal
2021-02-07 12:00:00,5,2,0.5530597548325861,0.0,0.0,0.07540000000000001,optimal
2021-02-07 12:30:00,5,2,0.547688326261157,0.23222222222222222,0.0,0.12886666666666668,optimal
2021-02-07 13:00:00,5,2,1.1428571428571428,0.387037037037037,0.0,0.2007333333333333,optimal
2021-02-07 13:30:00,5,2,1.1428571428571428,0.0,0.0,0.30569999999999997,optimal
2021-02-07 14:00:00,5,2,1.1428571428571428,0.0,0.0,0.0884,optimal
2021-02-07 14:30:00,5,2,1.1428571428571428,0.0,0.0,0.4019666666666666,optimal
2021-02-07 15:00:00,5,2,1.1428571428571428,0.0,0.0,0.13356666666666667,optimal
2021-02-07 15:30:00,5,2,1.1428571428571428,0.0,0.0,0.2131333333333333,optimal
2021-02-07 16:00:00,5,2,0.0,0.0,0.0,0.24659999999999999,optimal
2021-02-07 16:30:00,5,2,0.0,0.6966666666666667,0.0,0.983,optimal
2021-02-07 17:00:00,5,2,0.0,0.387037037037037,0.0,1.672,optimal
2021-02-07 17:30:00,5,2,0.0,0.3096296296296296,0.0,1.2015666666666667,optimal
2021-02-07 18:00:00,5,2,0.0,0.0,0.0,0.3444333333333333,optimal
2021-02-07 18:30:00,5,2,0.0,0.1548148148148148,0.0,0.5597666666666666,optimal
2021-02-07 19:00:00,5,2,0.0,0.0774074074074074,0.0,0.2334,optimal
2021-02-07 19:30:00,5,2,0.1788645849682743,0.0,0.0,0.44146666666666656,optimal
2021-02-07 20:00:00,5,2,0.5531518128626889,0.1548148148148148,0.0,0.2798333333333333,optimal
2021-02-07 20:30:00,5,2,0.0,0.0774074074074074,0.0,0.24516666666666662,optimal
2021-02-07 21:00:00,5,2,0.0,0.0,0.0,0.32663333333333333,optimal
2021-02-07 21:30:00,5,2,0.0,0.0774074074074074,0.0,0.3383333333333333,optimal
2021-02-07 22:00:00,5,2,0.0,0.0,0.0,0.16503333333333334,optimal
2021-02-07 22:30:00,5,2,0.0,0.0774074074074074,0.0,0.1846,optimal
2021-02-07 23:00:00,5,2,0.0,0.0,0.0,0.066,optimal
2021-02-07 23:30:00,5,2,0.0,0.0,0.0,0.1806333333333333,optimal
2021-02-08 00:00:00,5,2,0.0,0.0,0.0,0.063,optimal
2021-02-08 00:30:00,5,2,0.0,0.0,0.0,0.096,optimal
2021-02-08 01:00:00,5,2,0.0,0.0,0.0,0.08940000000000001,optimal
2021-02-08 01:30:00,5,2,0.400630730679773,0.0,0.0,0.2559,optimal
2021-02-08 02:00:00,5,2,1.1428571428571428,0.0,0.0,0.13316666666666666,optimal
2021-02-08 02:30:00,5,2,1.1428571428571428,0.0,0.0,0.0861,optimal
2021-02-08 03:00:00,5,2,1.1428571428571428,0.0,0.0,0.27196666666666663,optimal
2021-02-08 03:30:00,5,2,1.1428571428571428,0.0,0.0,0.094,optimal
2021-02-08 04:00:00,5,2,1.1428571428571428,0.0,0.0,0.1869,optimal
2021-02-08 04:30:00,5,2,1.1428571428571428,0.0,0.0,0.20216666666666663,optimal
2021-02-08 05:00:00,5,2,1.1428571428571428,0.0,0.0,0.0993,optimal
2021-02-08 05:30:00,5,2,1.1428571428571428,0.0,0.0,0.0861,optimal
2021-02-08 06:00:00,5,2,1.1428571428571428,0.0,0.0,0.26480000000000004,optimal
2021-02-08 06:30:00,5,2,1.1428571428571428,0.0,0.0,0.12426666666666668,optimal
2021-02-08 07:00:00,5,2,1.1428571428571428,0.1548148148148148,9.009888842816316,0.062,optimal
2021-02-08 07:30:00,5,2,1.1428571428571428,1.3933333333333333,0.0,0.30956666666666666,optimal
2021-02-08 08:00:00,5,2,0.5801435861154219,0.774074074074074,0.0,0.24916666666666662,optimal
2021-02-08 08:30:00,5,2,0.6120501664094888,2.39962962962963,0.0,0.181,optimal
2021-02-08 09:00:00,5,2,0.5683080865321523,0.0,0.0,0.3129666666666666,optimal
2021-02-08 09:30:00,5,2,0.7355767875196166,0.0,0.0,0.12240000000000001,optimal
2021-02-08 10:00:00,5,2,0.6170360340076902,0.0,0.0,0.2178333333333333,optimal
2021-02-08 10:30:00,5,2,0.6480244758773643,0.0,0.0,0.13183333333333333,optimal
2021-02-08 11:00:00,5,2,0.5635639336377605,0.0,0.0,0.0885,optimal
2021-02-08 11:30:00,5,2,0.49675259143892514,0.0,0.0,0.3073666666666667,optimal
2021-02-08 12:00:00,5,2,0.5234661691978186,0.0,0.0,0.0862,optimal
2021-02-08 12:30:00,5,2,0.48891967527633606,0.0,0.0,0.17716666666666667,optimal
2021-02-08 13:00:00,5,2,0.4312571991034244,0.0,0.0,0.26589999999999997,optimal
2021-02-08 13:30:00,5,2,0.7801854498755013,0.23222222222222222,0.0,0.24946666666666667,optimal
2021-02-08 14:00:00,5,2,1.1428571428571428,0.0,0.0,0.5759,optimal
2021-02-08 14:30:00,5,2,1.1428571428571428,0.0,0.0,1.7422,optimal
2021-02-08 15:00:00,5,2,1.1428571428571428,0.0,0.0,0.7121333333333333,optimal
2021-02-08 15:30:00,5,2,1.1428571428571428,0.0,0.0,0.42053333333333337,optimal
2021-02-08 16:00:00,5,2,0.0,0.0,0.0,0.4639666666666666,optimal
2021-02-08 16:30:00,5,2,0.0,0.1548148148148148,0.0,0.6779333333333333,optimal
2021-02-08 17:00:00,5,2,0.0,5.031481481481482,0.0,0.6053666666666667,optimal
2021-02-08 17:30:00,5,2,0.0,0.46444444444444444,0.0,1.1780666666666666,optimal
2021-02-08 18:00:00,5,2,0.0,0.1548148148148148,0.0,1.7497333333333331,optimal
2021-02-08 18:30:00,5,2,0.0,0.0,0.0,0.8491333333333333,optimal
2021-02-08 19:00:00,5,2,0.0,0.0,0.0,0.2307,optimal
2021-02-08 19:30:00,5,2,0.0,0.1548148148148148,0.0,0.3877,optimal
2021-02-08 20:00:00,5,2,0.0,0.0,0.0,0.3922333333333333,optimal
2021-02-08 20:30:00,5,2,0.0,0.0774074074074074,0.0,0.3146333333333333,optimal
2021-02-08 21:00:00,5,2,0.0,0.0,0.0,0.5958333333333333,optimal
2021-02-08 21:30:00,5,2,0.0,0.5418518518518518,0.0,0.39,optimal
2021-02-08 22:00:00,5,2,0.0,0.6192592592592592,0.0,0.5183333333333334,optimal
2021-02-08 22:30:00,5,2,0.0,0.1548148148148148,0.0,0.5526666666666666,optimal
2021-02-08 23:00:00,5,2,0.0,0.0,0.0,0.21506666666666663,optimal
2021-02-08 23:30:00,5,2,0.0,0.0,0.0,0.173,optimal
2021-02-09 00:00:00,5,2,0.0,0.0,0.0,0.19766666666666663,optimal
2021-02-09 00:30:00,5,2,0.0,0.0,0.0,0.08006666666666666,optimal
2021-02-09 01:00:00,5,2,0.0,0.0,0.0,0.0866,optimal
2021-02-09 01:30:00,5,2,1.0545770655854698,0.0,0.0,0.19113333333333332,optimal
2021-02-09 02:00:00,5,2,1.1428571428571428,0.0,0.0,0.067,optimal
2021-02-09 02:30:00,5,2,1.1428571428571428,0.0,0.0,0.11273333333333332,optimal
2021-02-09 03:00:00,5,2,1.1428571428571428,0.0,0.0,0.165,optimal
2021-02-09 03:30:00,5,2,1.1428571428571428,0.0,0.0,0.067,optimal
2021-02-09 04:00:00,5,2,1.1428571428571428,0.0,0.0,0.2107333333333333,optimal
2021-02-09 04:30:00,5,2,1.1428571428571428,0.0,0.0,0.067,optimal
2021-02-09 05:00:00,5,2,1.1428571428571428,0.0,0.0,0.165,optimal
2021-02-09 05:30:00,5,2,1.1428571428571428,0.0,0.0,0.11273333333333332,optimal
2021-02-09 06:00:00,5,2,1.1428571428571428,0.0,0.0,0.11926666666666667,optimal
2021-02-09 06:30:00,5,2,1.1428571428571428,0.0,0.0,0.15846666666666667,optimal
2021-02-09 07:00:00,5,2,1.1428571428571428,0.0,8.217228341807381,0.067,optimal
2021-02-09 07:30:00,5,2,1.1428571428571428,0.0,0.0,0.2107333333333333,optimal
2021-02-09 08:00:00,5,2,0.795512332571583,0.0,0.0,0.067,optimal
2021-02-09 08:30:00,5,2,0.7890953192733424,0.0,0.0,0.067,optimal
2021-02-09 09:00:00,5,2,0.6385518898730136,0.0,0.0,0.21569999999999998,optimal
2021-02-09 09:30:00,5,2,0.5473273870860443,0.3096296296296296,0.0,0.16290000000000002,optimal
2021-02-09 10:00:00,5,2,0.38139036443205615,2.7092592592592597,0.0,0.3308333333333333,optimal
2021-02-09 10:30:00,5,2,0.30612010417306706,0.387037037037037,0.0,1.7747,optimal
2021-02-09 11:00:00,5,2,0.43994011564859375,0.0,0.0,1.5722,optimal
2021-02-09 11:30:00,5,2,0.4946773016920288,0.0,0.0,0.31553333333333333,optimal
2021-02-09 12:00:00,5,2,0.36988908955568417,0.3096296296296296,0.0,0.40073333333333333,optimal
2021-02-09 12:30:00,5,2,0.30162618922652934,0.6966666666666667,0.0,0.6347666666666667,optimal
2021-02-09 13:00:00,5,2,0.16019804500175847,0.3096296296296296,0.0,2.2934,optimal
2021-02-09 13:30:00,5,2,0.30167847813272836,7.895555555555555,0.0,2.8470999999999997,optimal
2021-02-09 14:00:00,5,2,1.1428571428571428,0.0,0.0,2.0065999999999997,optimal
2021-02-09 14:30:00,5,2,1.1428571428571428,0.0,0.0,0.5474666666666667,optimal
2021-02-09 15:00:00,5,2,1.1428571428571428,0.0,0.0,1.6321333333333334,optimal
2021-02-09 15:30:00,5,2,1.1428571428571428,0.46444444444444444,0.0,0.4338333333333333,optimal
2021-02-09 16:00:00,5,2,0.0,0.3096296296296296,0.0,0.2142333333333333,optimal
2021-02-09 16:30:00,5,2,0.0,0.0,0.0,0.5858666666666666,optimal
2021-02-09 17:00:00,5,2,0.0,0.3096296296296296,0.0,0.6283,optimal
2021-02-09 17:30:00,5,2,0.0,0.0,0.0,0.21566666666666662,optimal
2021-02-09 18:00:00,5,2,0.0,0.3096296296296296,0.0,0.7098666666666666,optimal
2021-02-09 18:30:00,5,2,0.0,0.0774074074074074,0.0,0.5512666666666667,optimal
2021-02-09 19:00:00,5,2,0.0,0.46444444444444444,0.0,0.47773333333333334,optimal
2021-02-09 19:30:00,5,2,0.0,0.3096296296296296,0.0,0.5257666666666666,optimal
2021-02-09 20:00:00,5,2,0.0,0.0,0.0,0.3644333333333333,optimal
2021-02-09 20:30:00,5,2,0.0,0.3096296296296296,0.0,0.41286666666666666,optimal
2021-02-09 21:00:00,5,2,0.0,0.0,0.0,0.3197333333333333,optimal
2021-02-09 21:30:00,5,2,0.0,0.0,0.0,0.7493333333333334,optimal
2021-02-09 22:00:00,5,2,0.0,0.0,0.0,0.6590666666666667,optimal
2021-02-09 22:30:00,5,2,0.0,1.433585185185185,0.0,0.646,optimal
2021-02-09 23:00:00,5,2,0.0,0.8112296296296296,0.0,0.21216666666666664,optimal
2021-02-09 23:30:00,5,2,0.0,0.23222222222222222,0.0,0.28386666666666666,optimal
2021-02-10 00:00:00,5,2,0.0,0.0,0.0,0.10643333333333334,optimal
2021-02-10 00:30:00,5,2,0.0,0.0,0.0,0.1595,optimal
2021-02-10 01:00:00,5,2,0.0,0.0,0.0,0.06,optimal
2021-02-10 01:30:00,5,2,0.9021941595392516,0.0,0.0,0.2059333333333333,optimal
2021-02-10 02:00:00,5,2,1.1428571428571428,0.0,0.0,0.06,optimal
2021-02-10 02:30:00,5,2,1.1428571428571428,0.0,0.0,0.06,optimal
2021-02-10 03:00:00,5,2,1.1428571428571428,0.0,0.0,0.2059333333333333,optimal
2021-02-10 03:30:00,5,2,1.1428571428571428,0.0,0.0,0.06,optimal
2021-02-10 04:00:00,5,2,1.1428571428571428,0.0,0.0,0.14623333333333333,optimal
2021-02-10 04:30:00,5,2,1.1428571428571428,0.0,0.0,0.1197,optimal
2021-02-10 05:00:00,5,2,1.1428571428571428,0.0,0.0,0.06833333333333333,optimal
2021-02-10 05:30:00,5,2,1.1428571428571428,0.0,0.0,0.21359999999999998,optimal
2021-02-10 06:00:00,5,2,1.1428571428571428,0.0,0.0,0.06,optimal
2021-02-10 06:30:00,5,2,1.1428571428571428,0.387037037037037,8.822465372255333,0.08226666666666667,optimal
2021-02-10 07:00:00,5,2,1.1428571428571428,5.495925925925925,10.0,0.2931333333333333,optimal
2021-02-10 07:30:00,5,2,1.1428571428571428,0.23222222222222222,0.0,0.17766666666666667,optimal
2021-02-10 08:00:00,5,2,0.7269902519730151,0.3096296296296296,0.0,0.166,optimal
2021-02-10 08:30:00,5,2,0.6101256628134396,0.23222222222222222,0.0,0.5941000000000001,optimal
2021-02-10 09:00:00,5,2,0.3975566278550458,0.1548148148148148,0.0,2.9613,optimal
2021-02-10 09:30:00,5,2,0.44745203869546696,0.46444444444444444,0.0,2.5828,optimal
2021-02-10 10:00:00,5,2,0.4963329207946058,0.0,0.0,0.2668666666666667,optimal
2021-02-10 10:30:00,5,2,0.34570638368683654,0.3096296296296296,0.0,2.5294333333333334,optimal
2021-02-10 11:00:00,5,2,0.2919480169276558,0.23222222222222222,0.0,2.8809,optimal
2021-02-10 11:30:00,5,2,0.3977747699669229,0.1548148148148148,0.0,0.7165333333333334,optimal
2021-02-10 12:00:00,5,2,0.2621548215372654,0.0,0.0,0.46993333333333326,optimal
2021-02-10 12:30:00,5,2,0.28528815487060316,0.0,0.0,0.3676333333333333,optimal
2021-02-10 13:00:00,5,2,1.1428571428571428,0.1548148148148148,0.0,0.3688,optimal
2021-02-10 13:30:00,5,2,1.1428571428571428,0.387037037037037,0.0,0.43069999999999997,optimal
2021-02-10 14:00:00,5,2,1.1428571428571428,0.387037037037037,0.0,0.4589,optimal
2021-02-10 14:30:00,5,2,1.1428571428571428,0.0,0.0,0.42583333333333334,optimal
2021-02-10 15:00:00,5,2,1.1428571428571428,0.1548148148148148,0.0,0.5016,optimal
2021-02-10 15:30:00,5,2,1.1428571428571428,0.0,0.0,1.3598,optimal
2021-02-10 16:00:00,5,2,0.0,0.0,0.0,0.07,optimal
2021-02-10 16:30:00,5,2,0.0,0.0,0.0,0.782,optimal
2021-02-10 17:00:00,5,2,0.0,0.0,0.0,0.4996666666666667,optimal
2021-02-10 17:30:00,5,2,0.0,0.3096296296296296,0.0,0.0836,optimal
2021-02-10 18:00:00,5,2,0.0,0.46444444444444444,0.0,2.0439000000000003,optimal
2021-02-10 18:30:00,5,2,0.0,0.0,0.0,0.29846666666666666,optimal
2021-02-10 19:00:00,5,2,0.0,0.3096296296296296,0.0,0.3812,optimal
2021-02-10 19:30:00,5,2,0.0,0.0774074074074074,0.0,0.5303,optimal
2021-02-10 20:00:00,5,2,0.13667684243700906,0.0,0.0,0.4016,optimal
2021-02-10 20:30:00,5,2,0.0,0.23222222222222222,0.0,0.358,optimal
2021-02-10 21:00:00,5,2,0.0,0.0774074074074074,0.0,0.34453333333333336,optimal
2021-02-10 21:30:00,5,2,0.0,0.3096296296296296,0.0,1.0642333333333331,optimal
2021-02-10 22:00:00,5,2,0.0,0.0,0.0,0.9364,optimal
2021-02-10 22:30:00,5,2,0.0,0.0,0.0,0.5379666666666667,optimal
2021-02-10 23:00:00,5,2,0.0,0.0,0.0,0.3101333333333333,optimal
2021-02-10 23:30:00,5,2,0.0,0.0774074074074074,0.0,0.31539999999999996,optimal
2021-02-11 00:00:00,5,2,0.6492755634053219,0.0,0.0,0.13633333333333333,optimal
2021-02-11 00:30:00,5,2,1.1428571428571428,0.0,0.0,0.2149333333333333,optimal
2021-02-11 01:00:00,5,2,1.1428571428571428,0.0,0.0,0.07466666666666667,optimal
2021-02-11 01:30:00,5,2,1.1428571428571428,0.0,0.0,0.11433333333333331,optimal
2021-02-11 02:00:00,5,2,1.1428571428571428,0.0,0.0,0.22913333333333333,optimal
2021-02-11 02:30:00,5,2,1.1428571428571428,0.0,0.0,0.08246666666666667,optimal
2021-02-11 03:00:00,5,2,1.1428571428571428,0.0,0.0,0.069,optimal
2021-02-11 03:30:00,5,2,1.1428571428571428,0.0,0.0,0.1862666666666667,optimal
2021-02-11 04:00:00,5,2,1.1428571428571428,0.0,0.0,0.17066666666666666,optimal
2021-02-11 04:30:00,5,2,1.1428571428571428,0.0,0.0,0.077,optimal
2021-02-11 05:00:00,5,2,1.1428571428571428,0.0,3.7525912249604616,0.2354,optimal
2021-02-11 05:30:00,5,2,1.1428571428571428,0.0,10.0,0.12286666666666667,optimal
2021-02-11 06:00:00,5,2,1.1428571428571428,0.5418518518518518,10.0,0.0768,optimal
2021-02-11 06:30:00,5,2,1.1428571428571428,0.1548148148148148,0.0,0.32493333333333335,optimal
2021-02-11 07:00:00,5,2,1.1428571428571428,0.5418518518518518,0.0,0.3736666666666667,optimal
2021-02-11 07:30:00,5,2,1.1428571428571428,3.096296296296296,0.0,0.311,optimal
2021-02-11 08:00:00,5,2,0.6426115513176863,0.3096296296296296,0.0,0.46526666666666666,optimal
2021-02-11 08:30:00,5,2,0.6773618979492652,0.3096296296296296,0.0,0.5193666666666666,optimal
2021-02-11 09:00:00,5,2,0.6861312304273586,2.4600074074074074,0.0,0.32666666666666666,optimal
2021-02-11 09:30:00,5,2,0.6508488460513687,0.17184444444444447,0.0,0.30926666666666663,optimal
2021-02-11 10:00:00,5,2,0.4855946473935207,0.0,0.0,0.23746666666666666,optimal
2021-02-11 10:30:00,5,2,0.19961508153890067,0.46444444444444444,0.0,1.186233333333333,optimal
2021-02-11 11:00:00,5,2,0.24835313270032452,0.1548148148148148,0.0,0.7794,optimal
2021-02-11 11:30:00,5,2,0.3324204471614552,0.1548148148148148,0.0,0.4548666666666667,optimal
2021-02-11 12:00:00,5,2,0.2542648427071783,0.1548148148148148,0.0,0.43806666666666666,optimal
2021-02-11 12:30:00,5,2,0.0,0.0,0.0,1.2792666666666668,optimal
2021-02-11 13:00:00,5,2,1.1428571428571428,0.1548148148148148,0.0,0.9732333333333333,optimal
2021-02-11 13:30:00,5,2,1.1428571428571428,0.3096296296296296,0.0,0.21159999999999998,optimal
2021-02-11 14:00:00,5,2,1.1428571428571428,4.920014814814815,0.0,0.37239999999999995,optimal
2021-02-11 14:30:00,5,2,1.1428571428571428,1.1177629629629633,0.0,0.4038,optimal
2021-02-11 15:00:00,5,2,1.1428571428571428,0.0,0.0,0.6308333333333334,optimal
2021-02-11 15:30:00,5,2,1.1428571428571428,0.0,0.0,0.6720333333333333,optimal
2021-02-11 16:00:00,5,2,0.0,0.0,0.0,0.4568666666666667,optimal
2021-02-11 16:30:00,5,2,0.0,0.0,0.0,0.43656666666666666,optimal
2021-02-11 17:00:00,5,2,0.0,0.1548148148148148,0.0,0.2097333333333333,optimal
2021-02-11 17:30:00,5,2,0.0,0.3096296296296296,0.0,0.15333333333333335,optimal
2021-02-11 18:00:00,5,2,0.0,0.3096296296296296,0.0,0.29519999999999996,optimal
2021-02-11 18:30:00,5,2,0.0,0.3096296296296296,0.0,0.27496666666666664,optimal
2021-02-11 19:00:00,5,2,0.0,0.0,0.0,0.26653333333333334,optimal
2021-02-11 19:30:00,5,2,0.0,0.387037037037037,0.0,0.5629666666666667,optimal
2021-02-11 20:00:00,5,2,0.16698462930494337,0.0,0.0,0.4961666666666667,optimal
2021-02-11 20:30:00,5,2,0.0,0.0,0.0,0.36073333333333335,optimal
2021-02-11 21:00:00,5,2,0.0,0.0,0.0,0.6964333333333332,optimal
2021-02-11 21:30:00,5,2,0.0,0.6966666666666667,0.0,1.1561333333333335,optimal
2021-02-11 22:00:00,5,2,0.0,0.23222222222222222,0.0,1.2010666666666665,optimal
2021-02-11 22:30:00,5,2,0.0,0.3096296296296296,0.0,0.7383666666666667,optimal
2021-02-11 23:00:00,5,2,0.0,0.0774074074074074,0.0,0.338,optimal
2021-02-11 23:30:00,5,2,0.0,0.0,0.0,0.17326666666666668,optimal
2021-02-12 00:00:00,5,2,1.1428571428571428,0.0,0.0,0.11053333333333332,optimal
2021-02-12 00:30:00,5,2,1.1428571428571428,0.0,0.0,0.14986666666666668,optimal
2021-02-12 01:00:00,5,2,1.1428571428571428,0.0,0.0,0.24386666666666668,optimal
2021-02-12 01:30:00,5,2,1.1428571428571428,0.0,0.0,0.1376,optimal
2021-02-12 02:00:00,5,2,1.1428571428571428,0.0,0.0,0.13193333333333335,optimal
2021-02-12 02:30:00,5,2,1.1428571428571428,0.0,0.0,0.2347333333333333,optimal
2021-02-12 03:00:00,5,2,1.1428571428571428,0.0,0.0,0.1144,optimal
2021-02-12 03:30:00,5,2,1.1428571428571428,0.0,0.0,0.19946666666666668,optimal
2021-02-12 04:00:00,5,2,1.1428571428571428,0.0,0.0,0.2522666666666667,optimal
2021-02-12 04:30:00,5,2,1.1428571428571428,0.0,0.0,0.07573333333333333,optimal
2021-02-12 05:00:00,5,2,1.1428571428571428,0.0,0.0,0.3078,optimal
2021-02-12 05:30:00,5,2,1.1428571428571428,0.0,0.0,0.12846666666666667,optimal
2021-02-12 06:00:00,5,2,1.1428571428571428,0.0,0.0,0.18363333333333332,optimal
2021-02-12 06:30:00,5,2,1.1428571428571428,0.0,0.0,0.19463333333333332,optimal
2021-02-12 07:00:00,5,2,1.1428571428571428,0.0,0.0,0.126,optimal
2021-02-12 07:30:00,5,2,1.1428571428571428,3.7017660436488113,0.0,0.068,optimal
2021-02-12 08:00:00,5,2,0.9166809910370199,0.0,0.0,0.17486666666666667,optimal
2021-02-12 08:30:00,5,2,0.9005131992442074,0.0,0.0,0.26139999999999997,optimal
2021-02-12 09:00:00,5,2,0.8136955481032395,0.0,0.0,0.9765666666666668,optimal
2021-02-12 09:30:00,5,2,0.6556831625860425,0.0774074074074074,0.0,0.2966666666666667,optimal
2021-02-12 10:00:00,5,2,0.49153474841442385,0.1548148148148148,0.0,0.066,optimal
2021-02-12 10:30:00,5,2,0.30917318914290226,0.0,0.0,1.1027,optimal
2021-02-12 11:00:00,5,2,0.02416526770989525,0.23222222222222222,0.0,2.8530666666666664,optimal
2021-02-12 11:30:00,5,2,0.11827578708666593,0.0,0.0,0.9666,optimal
2021-02-12 12:00:00,5,2,0.17658792585850233,0.1548148148148148,0.0,2.3045999999999998,optimal
2021-02-12 12:30:00,5,2,0.5491241639464419,0.0,0.0,1.518,optimal
2021-02-12 13:00:00,5,2,1.1428571428571428,0.0,6.0130195124036705,2.3205,optimal
2021-02-12 13:30:00,5,2,1.1428571428571428,0.3096296296296296,10.0,0.4132,optimal
2021-02-12 14:00:00,5,2,1.1428571428571428,0.0,0.0,0.3252,optimal
2021-02-12 14:30:00,5,2,1.1428571428571428,0.0,0.0,0.2834333333333333,optimal
2021-02-12 15:00:00,5,2,1.1428571428571428,0.0,0.0,0.11753333333333332,optimal
2021-02-12 15:30:00,5,2,1.1428571428571428,0.0,0.0,0.3187333333333333,optimal
2021-02-12 16:00:00,5,2,0.0,0.0,0.0,0.077,optimal
2021-02-12 16:30:00,5,2,0.0,0.1548148148148148,0.0,0.2306,optimal
2021-02-12 17:00:00,5,2,0.0,0.5418518518518518,0.0,0.26676666666666665,optimal
2021-02-12 17:30:00,5,2,0.0,0.46444444444444444,0.0,3.175866666666667,optimal
2021-02-12 18:00:00,5,2,0.0,0.3096296296296296,0.0,1.0092,optimal
2021-02-12 18:30:00,5,2,0.0,0.387037037037037,0.0,1.8868,optimal
2021-02-12 19:00:00,5,2,0.0,0.0,0.0,0.5773666666666667,optimal
2021-02-12 19:30:00,5,2,0.4706699990381859,0.0,0.0,3.407633333333333,optimal
2021-02-12 20:00:00,5,2,0.39957657933225854,0.387037037037037,0.0,4.4193999999999996,optimal
2021-02-12 20:30:00,5,2,0.0,1.315925925925926,0.0,1.5815,optimal
2021-02-12 21:00:00,5,2,0.0,0.1548148148148148,0.0,0.26466666666666666,optimal
2021-02-12 21:30:00,5,2,0.0,0.0774074074074074,0.0,0.44503333333333334,optimal
2021-02-12 22:00:00,5,2,0.0,0.0,0.0,0.4458333333333333,optimal
2021-02-12 22:30:00,5,2,0.0,0.23222222222222222,0.0,0.5865666666666667,optimal
2021-02-12 23:00:00,5,2,0.0,0.387037037037037,0.0,0.47633333333333333,optimal
2021-02-12 23:30:00,5,2,0.0,0.23222222222222222,0.0,0.5074666666666666,optimal
2021-02-13 00:00:00,5,2,0.0,0.0,0.0,0.08756666666666667,optimal
2021-02-13 00:30:00,5,2,0.0,1.9351851851851851,0.0,0.26873333333333327,optimal
2021-02-13 01:00:00,5,2,0.0,0.0,0.0,0.2432,optimal
2021-02-13 01:30:00,5,2,1.1377868987288893,0.0,0.0,0.16133333333333336,optimal
2021-02-13 02:00:00,5,2,1.1428571428571428,0.0,0.0,0.066,optimal
2021-02-13 02:30:00,5,2,1.1428571428571428,0.0,0.0,0.066,optimal
2021-02-13 03:00:00,5,2,1.1428571428571428,0.0,0.0,0.2926,optimal
2021-02-13 03:30:00,5,2,1.1428571428571428,0.0,0.0,0.066,optimal
2021-02-13 04:00:00,5,2,1.1428571428571428,0.0,0.0,0.066,optimal
2021-02-13 04:30:00,5,2,1.1428571428571428,0.0774074074074074,8.399410906434266,0.6655,optimal
2021-02-13 05:00:00,5,2,1.1428571428571428,0.8514814814814814,0.0,0.231,optimal
2021-02-13 05:30:00,5,2,1.1428571428571428,0.0,0.0,0.2102,optimal
2021-02-13 06:00:00,5,2,1.1428571428571428,0.0,0.0,0.35196666666666665,optimal
2021-02-13 06:30:00,5,2,1.1428571428571428,0.774074074074074,0.0,0.45713333333333334,optimal
2021-02-13 07:00:00,5,2,1.1428571428571428,0.0,0.0,0.066,optimal
2021-02-13 07:30:00,5,2,1.1428571428571428,0.0,0.0,0.16133333333333336,optimal
2021-02-13 08:00:00,5,2,0.853416483685234,0.0,0.0,0.19726666666666667,optimal
2021-02-13 08:30:00,5,2,0.8887822411572479,0.0,0.0,0.066,optimal
2021-02-13 09:00:00,5,2,0.7813628742155646,0.0,0.0,0.22463333333333332,optimal
2021-02-13 09:30:00,5,2,0.796572613956581,0.0,0.0,0.13396666666666668,optimal
2021-02-13 10:00:00,5,2,0.6878055808869601,0.0,0.0,0.1197,optimal
2021-02-13 10:30:00,5,2,0.6570570526446876,0.0,0.0,0.2198333333333333,optimal
2021-02-13 11:00:00,5,2,0.5718049422416988,0.0,0.0,0.09103333333333331,optimal
2021-02-13 11:30:00,5,2,0.5382945092375245,0.0,0.0,0.20083333333333328,optimal
2021-02-13 12:00:00,5,2,0.5013115409967844,0.0,0.0,0.15180000000000002,optimal
2021-02-13 12:30:00,5,2,0.4874525797503328,0.0,0.0,0.1853333333333333,optimal
2021-02-13 13:00:00,5,2,1.1428571428571428,0.0,0.0,0.17326666666666668,optimal
2021-02-13 13:30:00,5,2,1.1428571428571428,0.0,0.0,0.0839,optimal
2021-02-13 14:00:00,5,2,1.1428571428571428,0.0,0.0,0.2747,optimal
2021-02-13 14:30:00,5,2,1.1428571428571428,0.0,0.0,0.2035,optimal
2021-02-13 15:00:00,5,2,1.1428571428571428,0.0,0.0,0.34926666666666667,optimal
2021-02-13 15:30:00,5,2,1.1428571428571428,0.0,0.0,0.15893333333333334,optimal
2021-02-13 16:00:00,5,2,0.0,0.46444444444444444,0.0,0.2154333333333333,optimal
2021-02-13 16:30:00,5,2,0.0,0.5418518518518518,0.0,0.40473333333333333,optimal
2021-02-13 17:00:00,5,2,0.0,0.0,0.0,0.26513333333333333,optimal
2021-02-13 17:30:00,5,2,0.0,0.6966666666666667,0.0,0.2830666666666667,optimal
2021-02-13 18:00:00,5,2,0.0,5.108888888888889,0.0,0.15343333333333334,optimal
2021-02-13 18:30:00,5,2,0.0,0.0,0.0,0.32873333333333327,optimal
2021-02-13 19:00:00,5,2,0.0,0.0,0.0,0.36186666666666667,optimal
2021-02-13 19:30:00,5,2,0.30920955247072013,0.0,0.0,0.4028,optimal
2021-02-13 20:00:00,5,2,0.6709251507608263,0.0,0.0,0.2645,optimal
2021-02-13 20:30:00,5,2,0.0,0.0,0.0,0.3398333333333333,optimal
2021-02-13 21:00:00,5,2,0.0,0.0,0.0,0.2336,optimal
2021-02-13 21:30:00,5,2,0.0,0.0,0.0,0.13163333333333332,optimal
2021-02-13 22:00:00,5,2,0.0,0.0,0.0,0.13163333333333332,optimal
2021-02-13 22:30:00,5,2,0.0,0.0,0.0,0.12796666666666667,optimal
2021-02-13 23:00:00,5,2,0.0,0.0,0.0,0.23063333333333333,optimal
2021-02-13 23:30:00,5,2,0.0,0.0,0.0,0.061666666666666654,optimal
2021-02-07 00:00:00,6,2,0.0,0.0,0.0,0.06866666666666667,optimal
2021-02-07 00:30:00,6,2,0.0,0.0,0.0,0.1762,optimal
2021-02-07 01:00:00,6,2,0.0,0.0,0.0,0.08893333333333334,optimal
2021-02-07 01:30:00,6,2,0.0,0.0,0.0,0.064,optimal
2021-02-07 02:00:00,6,2,0.0,0.0,0.0,0.064,optimal
2021-02-07 02:30:00,6,2,0.0,0.0,0.0,0.20113333333333333,optimal
2021-02-07 03:00:00,6,2,0.0,0.0,0.0,0.064,optimal
2021-02-07 03:30:00,6,2,0.0,0.0,0.0,0.16996666666666665,optimal
2021-02-07 04:00:00,6,2,1.1428571428571428,0.0,0.0,0.09516666666666669,optimal
2021-02-07 04:30:00,6,2,1.1428571428571428,0.0,0.0,0.064,optimal
2021-02-07 05:00:00,6,2,1.1428571428571428,0.0,0.0,0.20113333333333333,optimal
2021-02-07 05:30:00,6,2,1.1428571428571428,0.0,0.0,0.064,optimal
2021-02-07 06:00:00,6,2,1.1428571428571428,0.0,0.0,0.08893333333333334,optimal
2021-02-07 06:30:00,6,2,1.1428571428571428,0.0,0.0,0.1762,optimal
2021-02-07 07:00:00,6,2,1.1428571428571428,0.0,2.0120072799789424,0.06933333333333333,optimal
2021-02-07 07:30:00,6,2,0.0,0.0,0.0,0.1871,optimal
2021-02-07 08:00:00,6,2,0.4057333626138307,0.0,0.0,0.08803333333333332,optimal
2021-02-07 08:30:00,6,2,0.6849973975895043,0.23222222222222222,0.0,0.081,optimal
2021-02-07 09:00:00,6,2,0.6031835660493159,0.387037037037037,0.0,0.16803333333333334,optimal
2021-02-07 09:30:00,6,2,0.6535493235213244,0.3096296296296296,0.0,0.1346,optimal
2021-02-07 10:00:00,6,2,0.5816377183106898,0.0,0.0,0.32846666666666663,optimal
2021-02-07 10:30:00,6,2,0.562544298604755,2.7092592592592597,0.0,0.40276666666666666,optimal
2021-02-07 11:00:00,6,2,0.4191242931430426,0.0,0.0,1.6977,optimal
2021-02-07 11:30:00,6,2,0.5067300074287618,0.1548148148148148,0.0,0.32139999999999996,optimal
2021-02-07 12:00:00,6,2,0.3438807072135388,0.0,0.0,0.6277333333333334,optimal
2021-02-07 12:30:00,6,2,0.32716451673733943,0.0,0.0,0.3698666666666667,optimal
2021-02-07 13:00:00,6,2,1.1428571428571428,0.42883703703703696,0.0,0.5822333333333334,optimal
2021-02-07 13:30:00,6,2,1.1428571428571428,0.11301481481481482,0.0,0.564,optimal
2021-02-07 14:00:00,6,2,1.1428571428571428,0.1548148148148148,0.0,0.2303,optimal
2021-02-07 14:30:00,6,2,1.1428571428571428,0.0774074074074074,0.0,1.7638,optimal
2021-02-07 15:00:00,6,2,1.1428571428571428,0.0,0.0,0.3437333333333333,optimal
2021-02-07 15:30:00,6,2,1.1428571428571428,0.0774074074074074,0.0,0.5453,optimal
2021-02-07 16:00:00,6,2,0.0,0.0,0.0,0.2502,optimal
2021-02-07 16:30:00,6,2,0.0,0.6966666666666667,0.0,0.3813333333333333,optimal
2021-02-07 17:00:00,6,2,0.0,0.0,0.0,0.1822,optimal
2021-02-07 17:30:00,6,2,0.0,0.0,0.0,0.2049,optimal
2021-02-07 18:00:00,6,2,0.0,0.6966666666666667,0.0,0.2843,optimal
2021-02-07 18:30:00,6,2,0.0,0.0,0.0,0.4701,optimal
2021-02-07 19:00:00,6,2,0.0,0.2740222222222222,0.0,0.3846666666666667,optimal
2021-02-07 19:30:00,6,2,0.0,0.42264444444444443,0.0,1.7099666666666666,optimal
2021-02-07 20:00:00,6,2,0.1789761874395539,0.0,0.0,0.9682666666666667,optimal
2021-02-07 20:30:00,6,2,0.0,0.1548148148148148,0.0,0.6622333333333333,optimal
2021-02-07 21:00:00,6,2,0.0,0.0,0.0,0.8248,optimal
2021-02-07 21:30:00,6,2,0.0,0.387037037037037,0.0,0.5111333333333333,optimal
2021-02-07 22:00:00,6,2,0.0,0.0,0.0,0.4054,optimal
2021-02-07 22:30:00,6,2,0.0,0.0,0.0,0.14256666666666667,optimal
2021-02-07 23:00:00,6,2,0.0,0.0,0.0,0.08646666666666666,optimal
2021-02-07 23:30:00,6,2,0.0,0.0,0.0,0.19866666666666663,optimal
2021-02-08 00:00:00,6,2,0.0,0.0,0.0,0.042,optimal
2021-02-08 00:30:00,6,2,0.0,0.0,0.0,0.1386,optimal
2021-02-08 01:00:00,6,2,0.0,0.0,0.0,0.042,optimal
2021-02-08 01:30:00,6,2,0.8528315302339453,0.0,0.0,0.1248,optimal
2021-02-08 02:00:00,6,2,1.1428571428571428,0.0,0.0,0.055799999999999995,optimal
2021-02-08 02:30:00,6,2,1.1428571428571428,0.0,0.0,0.055799999999999995,optimal
2021-02-08 03:00:00,6,2,1.1428571428571428,0.0,0.0,0.1248,optimal
2021-02-08 03:30:00,6,2,1.1428571428571428,0.0,0.0,0.042,optimal
2021-02-08 04:00:00,6,2,1.1428571428571428,0.0,0.0,0.14126666666666668,optimal
2021-02-08 04:30:00,6,2,1.1428571428571428,0.0,0.0,0.052,optimal
2021-02-08 05:00:00,6,2,1.1428571428571428,0.0,0.0,0.043,optimal
2021-02-08 05:30:00,6,2,1.1428571428571428,0.0,0.0,0.1386,optimal
2021-02-08 06:00:00,6,2,1.1428571428571428,0.0,0.0,0.042,optimal
2021-02-08 06:30:00,6,2,1.1428571428571428,0.0,0.0,0.09763333333333334,optimal
2021-02-08 07:00:00,6,2,1.1428571428571428,0.0,6.823354093761913,0.09396666666666668,optimal
2021-02-08 07:30:00,6,2,1.1428571428571428,0.0,0.0,0.042,optimal
2021-02-08 08:00:00,6,2,0.49867215754399863,0.815874074074074,0.0,0.6980666666666667,optimal
2021-02-08 08:30:00,6,2,0.39231207117140315,0.42264444444444443,0.0,1.1515,optimal
2021-02-08 09:00:00,6,2,0.5298699912940588,0.1548148148148148,0.0,0.04,optimal
2021-02-08 09:30:00,6,2,0.44352916847199897,0.0,0.0,0.1366,optimal
2021-02-08 10:00:00,6,2,0.39261698638864767,0.1548148148148148,0.0,0.04,optimal
2021-02-08 10:30:00,6,2,0.4249387615916551,0.1548148148148148,0.0,0.04,optimal
2021-02-08 11:00:00,6,2,0.40230679078060755,0.5418518518518518,0.0,0.1366,optimal
2021-02-08 11:30:00,6,2,0.47934306762940104,0.0774074074074074,0.0,0.04,optimal
2021-02-08 12:00:00,6,2,0.44321474062638544,0.0,0.0,0.3626333333333333,optimal
2021-02-08 12:30:00,6,2,0.3558911038477708,0.3096296296296296,0.0,1.3066,optimal
2021-02-08 13:00:00,6,2,1.1428571428571428,0.3096296296296296,0.0,0.9799666666666668,optimal
2021-02-08 13:30:00,6,2,1.1428571428571428,0.387037037037037,0.0,0.3623,optimal
2021-02-08 14:00:00,6,2,1.1428571428571428,0.0,0.0,0.4589,optimal
2021-02-08 14:30:00,6,2,1.1428571428571428,0.3096296296296296,0.0,0.26530000000000004,optimal
2021-02-08 15:00:00,6,2,1.1428571428571428,0.0774074074074074,0.0,0.252,optimal
2021-02-08 15:30:00,6,2,1.1428571428571428,0.0774074074074074,0.0,0.9620333333333332,optimal
2021-02-08 16:00:00,6,2,0.0,0.46444444444444444,0.0,0.5714333333333332,optimal
2021-02-08 16:30:00,6,2,0.0,0.0774074074074074,0.0,0.238,optimal
2021-02-08 17:00:00,6,2,0.0,0.3096296296296296,0.0,0.2942666666666667,optimal
2021-02-08 17:30:00,6,2,0.0,0.3096296296296296,0.0,1.2327000000000001,optimal
2021-02-08 18:00:00,6,2,0.0,0.0,0.0,0.47803333333333337,optimal
2021-02-08 18:30:00,6,2,0.0,0.46444444444444444,0.0,0.3308666666666667,optimal
2021-02-08 19:00:00,6,2,0.0,0.6192592592592592,0.0,0.177,optimal
2021-02-08 19:30:00,6,2,0.0,0.387037037037037,0.0,0.3993,optimal
2021-02-08 20:00:00,6,2,0.2372755532124408,0.1548148148148148,0.0,0.2267333333333333,optimal
2021-02-08 20:30:00,6,2,0.0,0.23222222222222222,0.0,0.2531,optimal
2021-02-08 21:00:00,6,2,0.0,0.46444444444444444,0.0,0.18969999999999998,optimal
2021-02-08 21:30:00,6,2,0.0,0.0,0.0,0.1842666666666667,optimal
2021-02-08 22:00:00,6,2,0.0,0.0,0.0,0.30269999999999997,optimal
2021-02-08 22:30:00,6,2,0.0,0.0,0.0,0.11263333333333334,optimal
2021-02-08 23:00:00,6,2,0.0,0.0,0.0,0.052,optimal
2021-02-08 23:30:00,6,2,0.0,0.0,0.0,0.14726666666666668,optimal
2021-02-09 00:00:00,6,2,0.0,0.0,0.0,0.13873333333333332,optimal
2021-02-09 00:30:00,6,2,0.0,0.0,0.0,0.08333333333333333,optimal
2021-02-09 01:00:00,6,2,0.0,0.0,0.0,0.18993333333333332,optimal
2021-02-09 01:30:00,6,2,0.40484609831605217,0.0,0.0,0.1598,optimal
2021-02-09 02:00:00,6,2,1.1428571428571428,0.0,0.0,0.1584,optimal
2021-02-09 02:30:00,6,2,1.1428571428571428,0.0,0.0,0.2135,optimal
2021-02-09 03:00:00,6,2,1.1428571428571428,0.0,0.0,0.06883333333333333,optimal
2021-02-09 03:30:00,6,2,1.1428571428571428,0.0,0.0,0.2592,optimal
2021-02-09 04:00:00,6,2,1.1428571428571428,0.0,0.0,0.09686666666666666,optimal
2021-02-09 04:30:00,6,2,1.1428571428571428,0.0,0.0,0.053,optimal
2021-02-09 05:00:00,6,2,1.1428571428571428,0.0,0.0,0.23456666666666665,optimal
2021-02-09 05:30:00,6,2,1.1428571428571428,0.0,0.0,0.1215,optimal
2021-02-09 06:00:00,6,2,1.1428571428571428,0.0,0.0,0.11566666666666668,optimal
2021-02-09 06:30:00,6,2,1.1428571428571428,0.0,5.284509305174726,0.1564,optimal
2021-02-09 07:00:00,6,2,1.1428571428571428,0.46444444444444444,10.0,1.2424000000000002,optimal
2021-02-09 07:30:00,6,2,1.1428571428571428,0.0,0.0,2.0927333333333333,optimal
2021-02-09 08:00:00,6,2,0.639297094476352,0.46444444444444444,0.0,0.4463666666666667,optimal
2021-02-09 08:30:00,6,2,0.5855619859400102,0.0774074074074074,0.0,0.3552666666666667,optimal
2021-02-09 09:00:00,6,2,0.5148756993968227,0.1548148148148148,0.0,0.40936666666666666,optimal
2021-02-09 09:30:00,6,2,0.5489464347050841,0.0,0.0,0.2531333333333333,optimal
2021-02-09 10:00:00,6,2,0.42619036443205455,0.1548148148148148,0.0,0.32816666666666666,optimal
2021-02-09 10:30:00,6,2,0.44385724703021184,2.150377777777778,0.0,0.2987333333333333,optimal
2021-02-09 11:00:00,6,2,0.5150734489819241,0.0,0.0,0.14633333333333334,optimal
2021-02-09 11:30:00,6,2,0.5070106350253574,0.0,0.0,0.16706666666666667,optimal
2021-02-09 12:00:00,6,2,0.43633099431759637,0.0,0.0,0.18156666666666663,optimal
2021-02-09 12:30:00,6,2,0.44193666541701027,0.0,0.0,0.16943333333333332,optimal
2021-02-09 13:00:00,6,2,1.1428571428571428,0.0,0.0,0.18556666666666663,optimal
2021-02-09 13:30:00,6,2,1.1428571428571428,0.0,0.0,0.1905,optimal
2021-02-09 14:00:00,6,2,1.1428571428571428,0.0,0.0,0.063,optimal
2021-02-09 14:30:00,6,2,1.1428571428571428,3.4229555555555558,0.0,0.25706666666666667,optimal
2021-02-09 15:00:00,6,2,1.1428571428571428,0.23222222222222222,0.0,0.318,optimal
2021-02-09 15:30:00,6,2,1.1428571428571428,0.1548148148148148,0.0,0.48573333333333335,optimal
2021-02-09 16:00:00,6,2,0.0,0.23222222222222222,0.0,0.24513333333333331,optimal
2021-02-09 16:30:00,6,2,0.0,0.6966666666666667,0.0,0.3979333333333333,optimal
2021-02-09 17:00:00,6,2,0.0,0.1548148148148148,0.0,0.2942666666666667,optimal
2021-02-09 17:30:00,6,2,0.0,0.23222222222222222,0.0,0.6547333333333334,optimal
2021-02-09 18:00:00,6,2,0.0,0.0,0.0,1.915,optimal
2021-02-09 18:30:00,6,2,0.0,0.387037037037037,0.0,1.6670666666666667,optimal
2021-02-09 19:00:00,6,2,0.0,0.1548148148148148,0.0,0.7154666666666667,optimal
2021-02-09 19:30:00,6,2,0.09882655350630425,0.0,0.0,0.44356666666666666,optimal
2021-02-09 20:00:00,6,2,0.5850348450331386,0.1548148148148148,0.0,0.3203666666666667,optimal
2021-02-09 20:30:00,6,2,0.0,0.0,0.0,0.13546666666666668,optimal
2021-02-09 21:00:00,6,2,0.0,0.0,0.0,0.24746666666666667,optimal
2021-02-09 21:30:00,6,2,0.0,0.2740222222222222,0.0,0.11496666666666669,optimal
2021-02-09 22:00:00,6,2,0.0,0.035607407407407414,0.0,0.26803333333333335,optimal
2021-02-09 22:30:00,6,2,0.0,0.5418518518518518,0.0,0.17953333333333332,optimal
2021-02-09 23:00:00,6,2,0.0,0.0,0.0,0.2462,optimal
2021-02-09 23:30:00,6,2,0.0,0.0,0.0,0.22136666666666668,optimal
2021-02-10 00:00:00,6,2,0.0,0.0,0.0,0.22419999999999998,optimal
2021-02-10 00:30:00,6,2,0.0,0.0,0.0,0.22390000000000002,optimal
2021-02-10 01:00:00,6,2,0.0,0.1548148148148148,0.0,0.1225,optimal
2021-02-10 01:30:00,6,2,0.6188081632147899,0.0,0.0,0.2614666666666666,optimal
2021-02-10 02:00:00,6,2,1.1428571428571428,0.0,0.0,0.13813333333333333,optimal
2021-02-10 02:30:00,6,2,1.1428571428571428,0.0,0.0,0.19669999999999999,optimal
2021-02-10 03:00:00,6,2,1.1428571428571428,0.0,0.0,0.14483333333333334,optimal
2021-02-10 03:30:00,6,2,1.1428571428571428,0.0,0.0,0.056,optimal
2021-02-10 04:00:00,6,2,1.1428571428571428,0.0,0.0,0.18330000000000002,optimal
2021-02-10 04:30:00,6,2,1.1428571428571428,0.0,0.0,0.1582333333333333,optimal
2021-02-10 05:00:00,6,2,1.1428571428571428,0.0,0.0,0.056,optimal
2021-02-10 05:30:00,6,2,1.1428571428571428,0.0,0.0,0.11693333333333333,optimal
2021-02-10 06:00:00,6,2,1.1428571428571428,0.0,8.015812583935663,0.1987333333333333,optimal
2021-02-10 06:30:00,6,2,1.1428571428571428,0.0,10.0,0.0979,optimal
2021-02-10 07:00:00,6,2,1.1428571428571428,2.0899999999999994,10.0,1.2621,optimal
2021-02-10 07:30:00,6,2,1.1428571428571428,0.6966666666666667,0.0,1.0920666666666665,optimal
2021-02-10 08:00:00,6,2,0.6477616805444498,0.0774074074074074,0.0,0.572,optimal
2021-02-10 08:30:00,6,2,0.6810513770991625,0.1548148148148148,0.0,1.1193333333333333,optimal
2021-02-10 09:00:00,6,2,0.6649375802359945,0.23222222222222222,0.0,0.14993333333333334,optimal
2021-02-10 09:30:00,6,2,0.5724768006002344,0.0774074074074074,0.0,0.4116,optimal
2021-02-10 10:00:00,6,2,0.33309482555651343,0.0,0.0,1.3820666666666666,optimal
2021-02-10 10:30:00,6,2,0.5671540027344518,0.0,0.0,0.2223333333333333,optimal
2021-02-10 11:00:00,6,2,0.2603994454990914,0.6192592592592592,0.0,3.3618,optimal
2021-02-10 11:30:00,6,2,0.30409599675672144,0.0,0.0,3.2181333333333333,optimal
2021-02-10 12:00:00,6,2,1.1428571428571428,0.0,0.0,1.2506333333333335,optimal
2021-02-10 12:30:00,6,2,1.1428571428571428,0.6192592592592592,0.0,0.4043,optimal
2021-02-10 13:00:00,6,2,1.1428571428571428,0.0,0.0,0.066,optimal
2021-02-10 13:30:00,6,2,1.1428571428571428,0.0,0.0,0.0727,optimal
2021-02-10 14:00:00,6,2,1.1428571428571428,0.0,0.0,0.28883333333333333,optimal
2021-02-10 14:30:00,6,2,1.1428571428571428,0.0,0.0,0.066,optimal
2021-02-10 15:00:00,6,2,1.1428571428571428,0.0,0.0,0.11040000000000001,optimal
2021-02-10 15:30:00,6,2,1.1428571428571428,0.0,0.0,0.2511333333333333,optimal
2021-02-10 16:00:00,6,2,0.0,0.0,0.0,0.066,optimal
2021-02-10 16:30:00,6,2,0.0,0.0,0.0,0.21513333333333332,optimal
2021-02-10 17:00:00,6,2,0.0,0.0,0.0,0.1464,optimal
2021-02-10 17:30:00,6,2,0.0,0.0,0.0,0.066,optimal
2021-02-10 18:00:00,6,2,0.0,0.0,0.0,0.066,optimal
2021-02-10 18:30:00,6,2,0.0,0.0,0.0,0.29553333333333337,optimal
2021-02-10 19:00:00,6,2,0.0,0.0,0.0,0.066,optimal
2021-02-10 19:30:00,6,2,0.7164451075745261,0.0,0.0,0.28286666666666666,optimal
2021-02-10 20:00:00,6,2,0.6758925106906528,0.0,0.0,0.3935666666666667,optimal
2021-02-10 20:30:00,6,2,0.0,0.0,0.0,0.2194,optimal
2021-02-10 21:00:00,6,2,0.0,0.0774074074074074,0.0,0.9159333333333332,optimal
2021-02-10 21:30:00,6,2,0.0,0.0,0.0,0.4605,optimal
2021-02-10 22:00:00,6,2,0.0,1.6255555555555554,0.0,0.2774,optimal
2021-02-10 22:30:00,6,2,0.0,0.23222222222222222,0.0,1.2094333333333334,optimal
2021-02-10 23:00:00,6,2,0.0,0.0,0.0,0.066,optimal
2021-02-10 23:30:00,6,2,0.0,0.0,0.0,0.066,optimal
2021-02-11 00:00:00,6,2,1.1428571428571428,0.0,0.0,0.09079999999999999,optimal
2021-02-11 00:30:00,6,2,1.1428571428571428,0.3096296296296296,0.0,0.3754333333333333,optimal
2021-02-11 01:00:00,6,2,1.1428571428571428,0.0,0.0,0.2710666666666667,optimal
2021-02-11 01:30:00,6,2,1.1428571428571428,0.0,0.0,0.054,optimal
2021-02-11 02:00:00,6,2,1.1428571428571428,0.0,0.0,0.1266,optimal
2021-02-11 02:30:00,6,2,1.1428571428571428,0.0,0.0,0.14593333333333333,optimal
2021-02-11 03:00:00,6,2,1.1428571428571428,0.0,0.0,0.10653333333333331,optimal
2021-02-11 03:30:00,6,2,1.1428571428571428,0.0,0.0,0.1266,optimal
2021-02-11 04:00:00,6,2,1.1428571428571428,0.0,0.0,0.19190000000000002,optimal
2021-02-11 04:30:00,6,2,1.1428571428571428,0.0,0.0,0.06056666666666667,optimal
2021-02-11 05:00:00,6,2,1.1428571428571428,0.0,0.0,0.11309999999999999,optimal
2021-02-11 05:30:00,6,2,1.1428571428571428,0.0,0.0,0.13936666666666667,optimal
2021-02-11 06:00:00,6,2,1.1428571428571428,0.0,0.0,0.054,optimal
2021-02-11 06:30:00,6,2,1.1428571428571428,0.46444444444444444,0.0,0.26289999999999997,optimal
2021-02-11 07:00:00,6,2,1.1428571428571428,0.387037037037037,8.54017632987945,0.295,optimal
2021-02-11 07:30:00,6,2,1.1428571428571428,0.3251087282191519,0.0,0.11013333333333333,optimal
2021-02-11 08:00:00,6,2,0.7886115513176833,0.0,0.0,0.22306666666666664,optimal
2021-02-11 08:30:00,6,2,0.8425142789016429,0.23222222222222222,0.0,0.06833333333333333,optimal
2021-02-11 09:00:00,6,2,0.7242740875702065,0.1548148148148148,0.0,0.19253333333333333,optimal
2021-02-11 09:30:00,6,2,0.6655059889085061,0.1548148148148148,0.0,0.13583333333333333,optimal
2021-02-11 10:00:00,6,2,0.48987083786971153,0.0,0.0,0.26203333333333334,optimal
2021-02-11 10:30:00,6,2,0.4954531767769925,0.0,0.0,0.3101666666666667,optimal
2021-02-11 11:00:00,6,2,0.4720959898431792,0.3096296296296296,0.0,0.16366666666666665,optimal
2021-02-11 11:30:00,6,2,0.10919568525668558,0.46444444444444444,0.0,1.8991666666666667,optimal
2021-02-11 12:00:00,6,2,0.30697341413575086,2.7092592592592597,0.0,0.17346666666666666,optimal
2021-02-11 12:30:00,6,2,0.8630527579449297,2.1674074074074072,0.0,0.19,optimal
2021-02-11 13:00:00,6,2,1.1428571428571428,0.3096296296296296,0.0,0.2612,optimal
2021-02-11 13:30:00,6,2,1.1428571428571428,0.23222222222222222,0.0,0.17593333333333333,optimal
2021-02-11 14:00:00,6,2,1.1428571428571428,0.1548148148148148,0.0,0.07833333333333332,optimal
2021-02-11 14:30:00,6,2,1.1428571428571428,0.23222222222222222,0.0,0.0734,optimal
2021-02-11 15:00:00,6,2,1.1428571428571428,0.0,0.0,0.072,optimal
2021-02-11 15:30:00,6,2,1.1428571428571428,0.0774074074074074,0.0,0.2019,optimal
2021-02-11 16:00:00,6,2,0.0,0.0,0.0,0.1422,optimal
2021-02-11 16:30:00,6,2,0.0,0.9288888888888889,0.0,0.13240000000000002,optimal
2021-02-11 17:00:00,6,2,0.0,0.1548148148148148,0.0,0.4503333333333333,optimal
2021-02-11 17:30:00,6,2,0.0,0.46444444444444444,0.0,0.15103333333333332,optimal
2021-02-11 18:00:00,6,2,0.0,0.23222222222222222,0.0,0.5196333333333333,optimal
2021-02-11 18:30:00,6,2,0.0,0.3096296296296296,0.0,1.0839333333333334,optimal
2021-02-11 19:00:00,6,2,0.0,0.6192592592592592,0.0,0.7604,optimal
2021-02-11 19:30:00,6,2,0.8484423914025849,0.0,0.0,0.33813333333333334,optimal
2021-02-11 20:00:00,6,2,0.914018843278968,0.0,0.0,0.19906666666666664,optimal
2021-02-11 20:30:00,6,2,0.0,0.0,0.0,0.34876666666666667,optimal
2021-02-11 21:00:00,6,2,0.0,0.0,0.0,0.2862,optimal
2021-02-11 21:30:00,6,2,0.0,0.0,0.0,0.7489333333333332,optimal
2021-02-11 22:00:00,6,2,0.0,0.1548148148148148,0.0,0.41956666666666664,optimal
2021-02-11 22:30:00,6,2,0.0,0.23222222222222222,0.0,0.35283333333333333,optimal
2021-02-11 23:00:00,6,2,0.0,0.0774074074074074,0.0,0.27393333333333336,optimal
2021-02-11 23:30:00,6,2,0.0,0.0,0.0,0.14973333333333333,optimal
2021-02-12 00:00:00,6,2,1.1428571428571428,0.0774074074074074,0.0,0.051,optimal
2021-02-12 00:30:00,6,2,1.1428571428571428,0.0,0.0,0.062200000000000005,optimal
2021-02-12 01:00:00,6,2,1.1428571428571428,0.0,0.0,0.163,optimal
2021-02-12 01:30:00,6,2,1.1428571428571428,0.0,0.0,0.19046666666666667,optimal
2021-02-12 02:00:00,6,2,1.1428571428571428,0.0,0.0,0.1205,optimal
2021-02-12 02:30:00,6,2,1.1428571428571428,0.0,0.0,0.22103333333333333,optimal
2021-02-12 03:00:00,6,2,1.1428571428571428,0.0,0.0,0.2454,optimal
2021-02-12 03:30:00,6,2,1.1428571428571428,0.0,0.0,0.28876666666666667,optimal
2021-02-12 04:00:00,6,2,1.1428571428571428,0.0774074074074074,0.0,0.24516666666666662,optimal
2021-02-12 04:30:00,6,2,1.1428571428571428,0.23222222222222222,0.0,0.3867333333333334,optimal
2021-02-12 05:00:00,6,2,1.1428571428571428,2.39962962962963,0.0,0.062200000000000005,optimal
2021-02-12 05:30:00,6,2,1.1428571428571428,6.811851851851851,0.0,0.1756,optimal
2021-02-12 06:00:00,6,2,1.1428571428571428,1.9351851851851851,0.0,0.1138,optimal
2021-02-12 06:30:00,6,2,1.1428571428571428,5.882962962962964,0.6372425798415138,0.097,optimal
2021-02-12 07:00:00,6,2,1.1428571428571428,0.0,10.0,0.2766,optimal
2021-02-12 07:30:00,6,2,1.1428571428571428,8.246162918440977,0.0,0.3368,optimal
2021-02-12 08:00:00,6,2,0.8352333719893966,0.0,0.0,0.14476666666666668,optimal
2021-02-12 08:30:00,6,2,0.9227227230537236,0.3096296296296296,0.0,0.22333333333333327,optimal
2021-02-12 09:00:00,6,2,0.9372088814365703,0.0,0.0,0.063,optimal
2021-02-12 09:30:00,6,2,0.8430926863955721,0.0,0.0,0.063,optimal
2021-02-12 10:00:00,6,2,0.6357252246048981,0.0,0.0,0.063,optimal
2021-02-12 10:30:00,6,2,0.5930131891429011,0.0,0.0,0.15259999999999999,optimal
2021-02-12 11:00:00,6,2,0.4860433629479832,0.0,0.0,0.13290000000000002,optimal
2021-02-12 11:30:00,6,2,0.49727578708666836,0.0,0.0,0.0861,optimal
2021-02-12 12:00:00,6,2,0.4511212591918334,0.0,0.0,0.1158,optimal
2021-02-12 12:30:00,6,2,0.4269822547590876,0.0,0.0,0.1928,optimal
2021-02-12 13:00:00,6,2,1.1428571428571428,0.1548148148148148,0.0,1.5064666666666666,optimal
2021-02-12 13:30:00,6,2,1.1428571428571428,0.0,0.0,0.42083333333333334,optimal
2021-02-12 14:00:00,6,2,1.1428571428571428,0.1548148148148148,0.0,0.34896666666666665,optimal
2021-02-12 14:30:00,6,2,1.1428571428571428,0.387037037037037,0.0,0.2848,optimal
2021-02-12 15:00:00,6,2,1.1428571428571428,0.0,0.0,0.3272,optimal
2021-02-12 15:30:00,6,2,1.1428571428571428,0.0,0.0,1.4979,optimal
2021-02-12 16:00:00,6,2,0.0,0.0,0.0,0.16156666666666666,optimal
2021-02-12 16:30:00,6,2,0.0,0.0,0.0,0.48669999999999997,optimal
2021-02-12 17:00:00,6,2,0.0,0.3096296296296296,0.0,0.485,optimal
2021-02-12 17:30:00,6,2,0.0,0.0,0.0,0.4764,optimal
2021-02-12 18:00:00,6,2,0.0,0.0774074074074074,0.0,0.11526666666666668,optimal
2021-02-12 18:30:00,6,2,0.0,0.23222222222222222,0.0,0.43573333333333336,optimal
2021-02-12 19:00:00,6,2,0.0,0.23222222222222222,0.0,0.1955,optimal
2021-02-12 19:30:00,6,2,0.5564307042804076,0.0,0.0,0.0683,optimal
2021-02-12 20:00:00,6,2,0.6663918174274864,0.0774074074074074,0.0,0.3367333333333333,optimal
2021-02-12 20:30:00,6,2,0.0,0.3096296296296296,0.0,0.42560000000000003,optimal
2021-02-12 21:00:00,6,2,0.0,0.6192592592592592,0.0,0.32403333333333334,optimal
2021-02-12 21:30:00,6,2,0.0,0.0,0.0,0.5454666666666667,optimal
2021-02-12 22:00:00,6,2,0.0,0.0,0.0,0.4656666666666667,optimal
2021-02-12 22:30:00,6,2,0.0,0.0,0.0,0.2079,optimal
2021-02-12 23:00:00,6,2,0.0,0.0,0.0,0.1177,optimal
2021-02-12 23:30:00,6,2,0.0,0.0,0.0,0.1207,optimal
2021-02-13 00:00:00,6,2,0.0,0.5418518518518518,0.0,0.2298,optimal
2021-02-13 00:30:00,6,2,0.0,0.0,0.0,0.2376,optimal
2021-02-13 01:00:00,6,2,0.8744554790765097,0.0,0.0,0.0824,optimal
2021-02-13 01:30:00,6,2,1.1428571428571428,0.0,0.0,0.16519999999999999,optimal
2021-02-13 02:00:00,6,2,1.1428571428571428,0.0,0.0,0.24266666666666664,optimal
2021-02-13 02:30:00,6,2,1.1428571428571428,0.0,0.0,0.061200000000000004,optimal
2021-02-13 03:00:00,6,2,1.1428571428571428,0.0,0.0,0.2804,optimal
2021-02-13 03:30:00,6,2,1.1428571428571428,0.0,0.0,0.14166666666666666,optimal
2021-02-13 04:00:00,6,2,1.1428571428571428,0.0,0.0,0.1296,optimal
2021-02-13 04:30:00,6,2,1.1428571428571428,0.0,0.0,0.13206666666666667,optimal
2021-02-13 05:00:00,6,2,1.1428571428571428,0.0,0.0,0.1333,optimal
2021-02-13 05:30:00,6,2,1.1428571428571428,0.0,0.0,0.14730000000000001,optimal
2021-02-13 06:00:00,6,2,1.1428571428571428,0.23222222222222222,7.793712936310128,0.14993333333333334,optimal
2021-02-13 06:30:00,6,2,1.1428571428571428,0.6966666666666667,10.0,0.2379333333333333,optimal
2021-02-13 07:00:00,6,2,1.1428571428571428,0.3096296296296296,10.0,0.297,optimal
2021-02-13 07:30:00,6,2,1.1428571428571428,0.46444444444444444,0.0,0.38939999999999997,optimal
2021-02-13 08:00:00,6,2,0.7101593408280847,0.5418518518518518,0.0,0.216,optimal
2021-02-13 08:30:00,6,2,0.7029346221096191,0.6966666666666667,0.0,0.40573333333333333,optimal
2021-02-13 09:00:00,6,2,0.648248588501279,0.23222222222222222,0.0,0.2662,optimal
2021-02-13 09:30:00,6,2,0.7485440425280064,0.0,0.0,0.1904,optimal
2021-02-13 10:00:00,6,2,0.6558722475536307,0.0,0.0,0.23146666666666668,optimal
2021-02-13 10:30:00,6,2,0.6731808621684903,0.0,0.0,0.16340000000000002,optimal
2021-02-13 11:00:00,6,2,0.5545573231940762,0.0,0.0,0.1514,optimal
2021-02-13 11:30:00,6,2,0.5971494173409972,0.0,0.0,0.2552666666666667,optimal
2021-02-13 12:00:00,6,2,1.1428571428571428,0.0,0.0,0.18680000000000002,optimal
2021-02-13 12:30:00,6,2,1.1428571428571428,0.0,0.0,0.20346666666666666,optimal
2021-02-13 13:00:00,6,2,1.1428571428571428,0.0,0.0,0.1088,optimal
2021-02-13 13:30:00,6,2,1.1428571428571428,0.0,0.0,0.057,optimal
2021-02-13 14:00:00,6,2,1.1428571428571428,0.0,0.0,0.2904,optimal
2021-02-13 14:30:00,6,2,1.1428571428571428,0.0,0.0,0.0854,optimal
2021-02-13 15:00:00,6,2,1.1428571428571428,0.0,0.0,0.1822666666666667,optimal
2021-02-13 15:30:00,6,2,1.1428571428571428,0.0,0.0,0.1278,optimal
2021-02-13 16:00:00,6,2,0.0,0.0,0.0,0.2032,optimal
2021-02-13 16:30:00,6,2,0.0,0.0774074074074074,0.0,0.35819999999999996,optimal
2021-02-13 17:00:00,6,2,0.0,0.0,0.0,0.3484,optimal
2021-02-13 17:30:00,6,2,0.0,0.387037037037037,0.0,0.3373,optimal
2021-02-13 18:00:00,6,2,0.0,0.387037037037037,0.0,0.35056666666666664,optimal
2021-02-13 18:30:00,6,2,0.0,1.1611111111111108,0.0,0.15319999999999998,optimal
2021-02-13 19:00:00,6,2,0.0,0.0,0.0,0.29656666666666665,optimal
2021-02-13 19:30:00,6,2,0.6155233323715099,0.0,0.0,0.31826666666666664,optimal
2021-02-13 20:00:00,6,2,0.7098965793322483,0.0,0.0,0.17343333333333333,optimal
2021-02-13 20:30:00,6,2,0.0,0.0,0.0,0.2876666666666667,optimal
2021-02-13 21:00:00,6,2,0.0,0.0774074074074074,0.0,0.16006666666666666,optimal
2021-02-13 21:30:00,6,2,0.0,0.23222222222222222,0.0,0.6286333333333334,optimal
2021-02-13 22:00:00,6,2,0.0,0.0,0.0,0.3120333333333334,optimal
2021-02-13 22:30:00,6,2,0.0,0.0,0.0,0.14106666666666667,optimal
2021-02-13 23:00:00,6,2,0.0,0.0,0.0,0.2845,optimal
2021-02-13 23:30:00,6,2,0.0,0.0,0.0,0.0629,optimal
2021-02-07 00:00:00,7,2,0.0,0.0,0.0,0.11053333333333332,optimal
2021-02-07 00:30:00,7,2,0.0,0.0,0.0,0.14393333333333333,optimal
2021-02-07 01:00:00,7,2,0.0,0.0,0.0,0.05,optimal
2021-02-07 01:30:00,7,2,0.0,0.0,0.0,0.17476666666666668,optimal
2021-02-07 02:00:00,7,2,0.0,0.0,0.0,0.1231,optimal
2021-02-07 02:30:00,7,2,0.0,0.0,0.0,0.05,optimal
2021-02-07 03:00:00,7,2,0.0,0.0,0.0,0.11059999999999999,optimal
2021-02-07 03:30:00,7,2,0.0,0.0,0.0,0.1872666666666667,optimal
2021-02-07 04:00:00,7,2,1.1428571428571428,0.0,0.0,0.06186666666666667,optimal
2021-02-07 04:30:00,7,2,1.1428571428571428,0.0,0.0,0.22943333333333332,optimal
2021-02-07 05:00:00,7,2,1.1428571428571428,0.0,0.0,0.05656666666666667,optimal
2021-02-07 05:30:00,7,2,1.1428571428571428,0.0,0.0,0.05,optimal
2021-02-07 06:00:00,7,2,1.1428571428571428,0.0,0.0,0.24786666666666668,optimal
2021-02-07 06:30:00,7,2,1.1428571428571428,0.0,0.0,0.05,optimal
2021-02-07 07:00:00,7,2,1.1428571428571428,0.774074074074074,2.2154311931077144,0.25939999999999996,optimal
2021-02-07 07:30:00,7,2,0.0,0.1548148148148148,0.0,1.601233333333333,optimal
2021-02-07 08:00:00,7,2,0.0,0.23222222222222222,0.0,0.20566666666666664,optimal
2021-02-07 08:30:00,7,2,0.35454737487451843,8.437407407407408,0.0,0.27593333333333336,optimal
2021-02-07 09:00:00,7,2,0.44430737557312266,0.0774074074074074,0.0,0.5166333333333333,optimal
2021-02-07 09:30:00,7,2,0.48625408542609383,0.0,0.0,0.186,optimal
2021-02-07 10:00:00,7,2,0.502875813548787,0.0,0.0,0.186,optimal
2021-02-07 10:30:00,7,2,0.47351382241428985,0.23222222222222222,0.0,0.41403333333333336,optimal
2021-02-07 11:00:00,7,2,0.6314061979049438,0.0,0.0,0.1322333333333333,optimal
2021-02-07 11:30:00,7,2,0.6520442931430441,0.0,0.0,0.06,optimal
2021-02-07 12:00:00,7,2,0.5585264214992509,0.0,0.0,0.2513,optimal
2021-02-07 12:30:00,7,2,1.017683328575071,0.0,0.0,0.06953333333333334,optimal
2021-02-07 13:00:00,7,2,1.1428571428571428,0.0,0.0,0.16296666666666668,optimal
2021-02-07 13:30:00,7,2,1.1428571428571428,0.0,0.0,0.15193333333333334,optimal
2021-02-07 14:00:00,7,2,1.1428571428571428,0.0,0.0,0.105,optimal
2021-02-07 14:30:00,7,2,1.1428571428571428,0.1548148148148148,0.0,1.1976333333333335,optimal
2021-02-07 15:00:00,7,2,1.1428571428571428,0.6192592592592592,0.0,1.5090666666666666,optimal
2021-02-07 15:30:00,7,2,1.1428571428571428,0.1548148148148148,0.0,0.6733,optimal
2021-02-07 16:00:00,7,2,0.0,0.0,0.0,1.6068,optimal
2021-02-07 16:30:00,7,2,0.0,0.3096296296296296,0.0,0.542,optimal
2021-02-07 17:00:00,7,2,0.0,0.1548148148148148,0.0,0.40526666666666666,optimal
2021-02-07 17:30:00,7,2,0.0,0.0,0.0,0.5114666666666666,optimal
2021-02-07 18:00:00,7,2,0.0,0.0,0.0,0.12313333333333334,optimal
2021-02-07 18:30:00,7,2,0.0,0.0,0.0,0.12906666666666666,optimal
2021-02-07 19:00:00,7,2,0.0,0.0,0.0,0.16506666666666667,optimal
2021-02-07 19:30:00,7,2,0.772447050957924,0.0,0.0,0.06,optimal
2021-02-07 20:00:00,7,2,0.7571899081007801,0.0,0.0,0.1134,optimal
2021-02-07 20:30:00,7,2,0.0,0.0,0.0,0.0994,optimal
2021-02-07 21:00:00,7,2,0.0,0.0,0.0,0.16506666666666667,optimal
2021-02-07 21:30:00,7,2,0.0,0.0,0.0,0.06,optimal
2021-02-07 22:00:00,7,2,0.0,0.23222222222222222,0.0,0.5046333333333334,optimal
2021-02-07 22:30:00,7,2,0.0,0.0,0.0,0.5431,optimal
2021-02-07 23:00:00,7,2,0.0,0.0,0.0,0.41236666666666666,optimal
2021-02-07 23:30:00,7,2,0.0,2.0899999999999994,0.0,0.36033333333333334,optimal
2021-02-08 00:00:00,7,2,0.0,0.0,0.0,0.10243333333333333,optimal
2021-02-08 00:30:00,7,2,0.0,0.0,0.0,0.2339,optimal
2021-02-08 01:00:00,7,2,0.0,0.0,0.0,0.054,optimal
2021-02-08 01:30:00,7,2,0.9018335900999312,0.0,0.0,0.2823333333333333,optimal
2021-02-08 02:00:00,7,2,1.1428571428571428,0.0,0.0,0.054,optimal
2021-02-08 02:30:00,7,2,1.1428571428571428,0.0,0.0,0.22126666666666667,optimal
2021-02-08 03:00:00,7,2,1.1428571428571428,0.0,0.0,0.18706666666666663,optimal
2021-02-08 03:30:00,7,2,1.1428571428571428,0.0,0.0,0.054,optimal
2021-02-08 04:00:00,7,2,1.1428571428571428,0.0,0.0,0.3368333333333333,optimal
2021-02-08 04:30:00,7,2,1.1428571428571428,0.0,0.0,0.0715,optimal
2021-02-08 05:00:00,7,2,1.1428571428571428,0.0,0.0,0.12376666666666668,optimal
2021-02-08 05:30:00,7,2,1.1428571428571428,0.0,0.0,0.12356666666666666,optimal
2021-02-08 06:00:00,7,2,1.1428571428571428,0.0,0.0,0.22,optimal
2021-02-08 06:30:00,7,2,1.1428571428571428,0.0,1.3546741955322636,0.12706666666666666,optimal
2021-02-08 07:00:00,7,2,1.1428571428571428,0.0,10.0,0.12493333333333334,optimal
2021-02-08 07:30:00,7,2,1.1428571428571428,0.5418518518518518,0.0,1.1466333333333334,optimal
2021-02-08 08:00:00,7,2,0.6154864432582834,0.6192592592592592,0.0,0.2166,optimal
2021-02-08 08:30:00,7,2,0.6225368330761568,5.573333333333333,0.0,1.0367666666666668,optimal
2021-02-08 09:00:00,7,2,0.492803324627395,0.23222222222222222,0.0,0.4345,optimal
2021-02-08 09:30:00,7,2,0.5780539303767696,6.192592592592591,0.0,1.0563,optimal
2021-02-08 10:00:00,7,2,0.49299031972197765,0.3096296296296296,0.0,0.2581666666666667,optimal
2021-02-08 10:30:00,7,2,0.36450066635355877,0.23222222222222222,0.0,3.0843000000000003,optimal
2021-02-08 11:00:00,7,2,0.301771552685376,0.0,0.0,2.7842,optimal
2021-02-08 11:30:00,7,2,0.36300021048653647,0.23222222222222222,0.0,0.27413333333333334,optimal
2021-02-08 12:00:00,7,2,0.3544090263406771,0.0,0.0,0.2045,optimal
2021-02-08 12:30:00,7,2,0.3662911038477717,0.774074074074074,0.0,0.26716666666666666,optimal
2021-02-08 13:00:00,7,2,0.3626581514843864,0.0,0.0,1.1294000000000002,optimal
2021-02-08 13:30:00,7,2,0.3072658569045972,0.0,0.0,1.0603,optimal
2021-02-08 14:00:00,7,2,0.8497474618184285,0.0,0.0,3.1034333333333333,optimal
2021-02-08 14:30:00,7,2,1.1428571428571428,0.0,0.0,4.2517,optimal
2021-02-08 15:00:00,7,2,1.1428571428571428,0.1548148148148148,0.0,0.8683333333333334,optimal
2021-02-08 15:30:00,7,2,1.1428571428571428,0.23222222222222222,0.0,0.697,optimal
2021-02-08 16:00:00,7,2,0.0,0.0,0.0,0.6633333333333333,optimal
2021-02-08 16:30:00,7,2,0.0,0.6192592592592592,0.0,0.5937333333333333,optimal
2021-02-08 17:00:00,7,2,0.0,3.4059259259259256,0.0,0.42156666666666665,optimal
2021-02-08 17:30:00,7,2,0.0,0.46444444444444444,0.0,0.6537333333333334,optimal
2021-02-08 18:00:00,7,2,0.0,0.1548148148148148,0.0,0.22653333333333334,optimal
2021-02-08 18:30:00,7,2,0.0,0.0,0.0,1.7103666666666666,optimal
2021-02-08 19:00:00,7,2,0.0,0.3096296296296296,0.0,0.6846333333333333,optimal
2021-02-08 19:30:00,7,2,0.0,0.46444444444444444,0.0,0.38489999999999996,optimal
2021-02-08 20:00:00,7,2,0.0,0.3096296296296296,0.0,0.229,optimal
2021-02-08 20:30:00,7,2,0.0,0.0774074074074074,0.0,0.4368333333333333,optimal
2021-02-08 21:00:00,7,2,0.0,0.23222222222222222,0.0,0.2902666666666667,optimal
2021-02-08 21:30:00,7,2,0.0,0.0774074074074074,0.0,0.28676666666666667,optimal
2021-02-08 22:00:00,7,2,0.0,1.8577777777777778,0.0,0.38526666666666665,optimal
2021-02-08 22:30:00,7,2,0.0,2.7866666666666666,0.0,0.254,optimal
2021-02-08 23:00:00,7,2,0.0,0.0,0.0,0.19113333333333332,optimal
2021-02-08 23:30:00,7,2,0.0,0.0,0.0,0.2372,optimal
2021-02-09 00:00:00,7,2,0.0,0.0,0.0,0.061,optimal
2021-02-09 00:30:00,7,2,0.0,0.0,0.0,0.057,optimal
2021-02-09 01:00:00,7,2,0.2805116118879345,0.0,0.0,0.0916,optimal
2021-02-09 01:30:00,7,2,1.1428571428571428,0.0,0.0,0.1492666666666667,optimal
2021-02-09 02:00:00,7,2,1.1428571428571428,0.0,0.0,0.057,optimal
2021-02-09 02:30:00,7,2,1.1428571428571428,0.0,0.0,0.057,optimal
2021-02-09 03:00:00,7,2,1.1428571428571428,0.0,0.0,0.10313333333333334,optimal
2021-02-09 03:30:00,7,2,1.1428571428571428,0.0,0.0,0.13773333333333332,optimal
2021-02-09 04:00:00,7,2,1.1428571428571428,0.0,0.0,0.06276666666666667,optimal
2021-02-09 04:30:00,7,2,1.1428571428571428,0.0,0.0,0.17809999999999998,optimal
2021-02-09 05:00:00,7,2,1.1428571428571428,0.0,0.0,0.057,optimal
2021-02-09 05:30:00,7,2,1.1428571428571428,0.0,0.0,0.17233333333333334,optimal
2021-02-09 06:00:00,7,2,1.1428571428571428,0.0,0.0,0.06853333333333333,optimal
2021-02-09 06:30:00,7,2,1.1428571428571428,0.0,8.015206138521014,0.10313333333333334,optimal
2021-02-09 07:00:00,7,2,1.1428571428571428,0.0,10.0,0.1404,optimal
2021-02-09 07:30:00,7,2,1.1428571428571428,0.3096296296296296,0.0,0.07790000000000001,optimal
2021-02-09 08:00:00,7,2,0.6262189992382521,1.4134592592592592,0.0,1.1869333333333334,optimal
2021-02-09 08:30:00,7,2,0.6747905573685801,1.3732074074074079,0.0,0.28376666666666667,optimal
2021-02-09 09:00:00,7,2,0.5052661755872991,0.23222222222222222,0.0,0.4669,optimal
2021-02-09 09:30:00,7,2,0.5574511966098538,0.23222222222222222,0.0,0.3123333333333333,optimal
2021-02-09 10:00:00,7,2,0.5512284596701481,0.0,0.0,0.189,optimal
2021-02-09 10:30:00,7,2,0.5553334375063945,0.0,0.0,0.20853333333333332,optimal
2021-02-09 11:00:00,7,2,0.41046202041049995,0.0,0.0,0.5440333333333333,optimal
2021-02-09 11:30:00,7,2,0.3726792064539337,0.0,0.0,1.4578,optimal
2021-02-09 12:00:00,7,2,0.32443575622235127,0.0,0.0,0.28126666666666666,optimal
2021-02-09 12:30:00,7,2,0.5537581024907519,0.0,0.0,0.20846666666666666,optimal
2021-02-09 13:00:00,7,2,1.1428571428571428,0.0,0.0,0.33953333333333335,optimal
2021-02-09 13:30:00,7,2,1.1428571428571428,0.0,0.0,0.5726,optimal
2021-02-09 14:00:00,7,2,1.1428571428571428,0.0,0.0,0.18263333333333331,optimal
2021-02-09 14:30:00,7,2,1.1428571428571428,0.0,0.0,0.13043333333333335,optimal
2021-02-09 15:00:00,7,2,1.1428571428571428,0.0,0.0,0.067,optimal
2021-02-09 15:30:00,7,2,1.1428571428571428,0.0,0.0,0.1938666666666667,optimal
2021-02-09 16:00:00,7,2,0.0,0.3096296296296296,0.0,0.1008,optimal
2021-02-09 16:30:00,7,2,0.0,0.0,0.0,0.27176666666666666,optimal
2021-02-09 17:00:00,7,2,0.0,0.0,0.0,0.3948,optimal
2021-02-09 17:30:00,7,2,0.0,0.0774074074074074,0.0,0.40336666666666665,optimal
2021-02-09 18:00:00,7,2,0.0,0.0,0.0,0.2704,optimal
2021-02-09 18:30:00,7,2,0.0,0.0774074074074074,0.0,0.5264333333333333,optimal
2021-02-09 19:00:00,7,2,0.0,0.3096296296296296,0.0,0.318,optimal
2021-02-09 19:30:00,7,2,0.5878634164617064,0.0774074074074074,0.0,0.3236,optimal
2021-02-09 20:00:00,7,2,0.5578348450331353,0.1548148148148148,0.0,0.4261666666666667,optimal
2021-02-09 20:30:00,7,2,0.0,0.0,0.0,0.8582333333333334,optimal
2021-02-09 21:00:00,7,2,0.0,0.0,0.0,1.2282,optimal
2021-02-09 21:30:00,7,2,0.0,0.1548148148148148,0.0,0.33303333333333335,optimal
2021-02-09 22:00:00,7,2,0.0,0.3096296296296296,0.0,0.2742333333333333,optimal
2021-02-09 22:30:00,7,2,0.0,0.23222222222222222,0.0,0.41603333333333337,optimal
2021-02-09 23:00:00,7,2,0.0,0.0,0.0,0.27046666666666663,optimal
2021-02-09 23:30:00,7,2,0.0,0.3096296296296296,0.0,0.8029666666666667,optimal
2021-02-10 00:00:00,7,2,0.0,0.0,0.0,0.19526666666666667,optimal
2021-02-10 00:30:00,7,2,0.0,0.0,0.0,0.053,optimal
2021-02-10 01:00:00,7,2,0.0883926902561232,0.0,0.0,0.14353333333333332,optimal
2021-02-10 01:30:00,7,2,1.1428571428571428,0.0,0.0,0.10473333333333332,optimal
2021-02-10 02:00:00,7,2,1.1428571428571428,0.0,0.0,0.10473333333333332,optimal
2021-02-10 02:30:00,7,2,1.1428571428571428,0.0,0.0,0.14353333333333332,optimal
2021-02-10 03:00:00,7,2,1.1428571428571428,0.0,0.0,0.053,optimal
2021-02-10 03:30:00,7,2,1.1428571428571428,0.0,0.0,0.2049333333333333,optimal
2021-02-10 04:00:00,7,2,1.1428571428571428,0.0,0.0,0.05333333333333334,optimal
2021-02-10 04:30:00,7,2,1.1428571428571428,0.0,0.0,0.17906666666666665,optimal
2021-02-10 05:00:00,7,2,1.1428571428571428,0.0,0.0,0.08886666666666666,optimal
2021-02-10 05:30:00,7,2,1.1428571428571428,0.0,0.0,0.2582333333333333,optimal
2021-02-10 06:00:00,7,2,1.1428571428571428,0.3096296296296296,0.0,1.343,optimal
2021-02-10 06:30:00,7,2,1.1428571428571428,1.9351851851851851,2.2400440309338054,2.4844333333333335,optimal
2021-02-10 07:00:00,7,2,1.1428571428571428,0.23222222222222222,10.0,0.9321333333333333,optimal
2021-02-10 07:30:00,7,2,1.1428571428571428,0.0,0.0,0.08886666666666666,optimal
2021-02-10 08:00:00,7,2,0.8296854900682485,0.0,0.0,0.1794,optimal
2021-02-10 08:30:00,7,2,0.8543866151944003,0.0,0.0,0.05333333333333334,optimal
2021-02-10 09:00:00,7,2,0.7814328183312336,0.0,0.0,0.053,optimal
2021-02-10 09:30:00,7,2,0.7728768006002381,0.0,0.0,0.06266666666666666,optimal
2021-02-10 10:00:00,7,2,0.6248472065088975,0.0,0.0,0.1762,optimal
2021-02-10 10:30:00,7,2,0.6479920979725418,0.0,0.0,0.08206666666666666,optimal
2021-02-10 11:00:00,7,2,0.5749480169276601,0.0,0.0,0.063,optimal
2021-02-10 11:30:00,7,2,0.5706700080621623,0.0,0.0,0.063,optimal
2021-02-10 12:00:00,7,2,0.432478631061074,0.0,0.0,0.20526666666666668,optimal
2021-02-10 12:30:00,7,2,0.8259277919442881,0.0,0.0,0.063,optimal
2021-02-10 13:00:00,7,2,1.1428571428571428,0.0774074074074074,0.0,1.5359333333333334,optimal
2021-02-10 13:30:00,7,2,1.1428571428571428,0.0,0.0,0.19319999999999998,optimal
2021-02-10 14:00:00,7,2,1.1428571428571428,0.0,0.0,0.09766666666666668,optimal
2021-02-10 14:30:00,7,2,1.1428571428571428,0.0,0.0,0.206,optimal
2021-02-10 15:00:00,7,2,1.1428571428571428,0.0,0.0,0.3334,optimal
2021-02-10 15:30:00,7,2,1.1428571428571428,0.0,0.0,0.42203333333333337,optimal
2021-02-10 16:00:00,7,2,0.0,0.0,0.0,0.184,optimal
2021-02-10 16:30:00,7,2,0.0,0.0,0.0,0.2755,optimal
2021-02-10 17:00:00,7,2,0.0,0.3096296296296296,0.0,0.14693333333333333,optimal
2021-02-10 17:30:00,7,2,0.0,0.0774074074074074,0.0,2.4119333333333333,optimal
2021-02-10 18:00:00,7,2,0.0,0.23222222222222222,0.0,0.4109,optimal
2021-02-10 18:30:00,7,2,0.0,0.0,0.0,0.08886666666666666,optimal
2021-02-10 19:00:00,7,2,0.0,0.0,0.0,0.063,optimal
2021-02-10 19:30:00,7,2,0.8525212980507236,0.0,0.0,0.11473333333333333,optimal
2021-02-10 20:00:00,7,2,0.8521306059287582,0.0,0.0,0.15353333333333333,optimal
2021-02-10 20:30:00,7,2,0.0,0.0,0.0,0.063,optimal
2021-02-10 21:00:00,7,2,0.0,0.0,0.0,0.09923333333333333,optimal
2021-02-10 21:30:00,7,2,0.0,0.1548148148148148,0.0,0.3566333333333333,optimal
2021-02-10 22:00:00,7,2,0.0,0.0,0.0,0.063,optimal
2021-02-10 22:30:00,7,2,0.0,0.0,0.0,0.16,optimal
2021-02-10 23:00:00,7,2,0.0,0.0,0.0,0.10826666666666668,optimal
2021-02-10 23:30:00,7,2,0.0,0.0,0.0,0.058333333333333334,optimal
2021-02-11 00:00:00,7,2,1.1428571428571428,0.0,0.0,0.057,optimal
2021-02-11 00:30:00,7,2,1.1428571428571428,0.0,0.0,0.0902,optimal
2021-02-11 01:00:00,7,2,1.1428571428571428,0.0,0.0,0.19866666666666663,optimal
2021-02-11 01:30:00,7,2,1.1428571428571428,0.0,0.0,0.057,optimal
2021-02-11 02:00:00,7,2,1.1428571428571428,0.0,0.0,0.2176,optimal
2021-02-11 02:30:00,7,2,1.1428571428571428,0.0,0.0,0.07126666666666667,optimal
2021-02-11 03:00:00,7,2,1.1428571428571428,0.0,0.0,0.10693333333333334,optimal
2021-02-11 03:30:00,7,2,1.1428571428571428,0.0,0.0,0.1819333333333333,optimal
2021-02-11 04:00:00,7,2,1.1428571428571428,0.0,0.0,0.057,optimal
2021-02-11 04:30:00,7,2,1.1428571428571428,0.0,0.0,0.057,optimal
2021-02-11 05:00:00,7,2,1.1428571428571428,0.0,0.0,0.23186666666666667,optimal
2021-02-11 05:30:00,7,2,1.1428571428571428,0.0,0.0,0.057,optimal
2021-02-11 06:00:00,7,2,1.1428571428571428,0.0,0.0,0.07163333333333334,optimal
2021-02-11 06:30:00,7,2,1.1428571428571428,0.0,8.920634438111781,0.21723333333333328,optimal
2021-02-11 07:00:00,7,2,1.1428571428571428,0.0,10.0,0.057,optimal
2021-02-11 07:30:00,7,2,1.1428571428571428,4.403744013842326,0.0,0.05633333333333333,optimal
2021-02-11 08:00:00,7,2,0.8548401227462594,0.46444444444444444,0.0,0.13813333333333333,optimal
2021-02-11 08:30:00,7,2,0.8162666598540308,0.0,0.0,1.9454,optimal
2021-02-11 09:00:00,7,2,0.8104359923321135,0.0,0.0,0.10959999999999999,optimal
2021-02-11 09:30:00,7,2,0.591772655575175,0.0,0.0,0.3743666666666667,optimal
2021-02-11 10:00:00,7,2,0.5170613140601875,0.1548148148148148,0.0,0.055,optimal
2021-02-11 10:30:00,7,2,0.2544055577293764,0.387037037037037,0.0,2.7974,optimal
2021-02-11 11:00:00,7,2,0.20125218031937053,0.387037037037037,0.0,1.631,optimal
2021-02-11 11:30:00,7,2,0.2774013995423999,0.0,0.0,2.1108000000000002,optimal
2021-02-11 12:00:00,7,2,0.1870096046119473,0.46444444444444444,0.0,1.0734666666666668,optimal
2021-02-11 12:30:00,7,2,0.15633016603381325,0.0,0.0,1.2176,optimal
2021-02-11 13:00:00,7,2,1.1428571428571428,0.0,0.0,1.956733333333333,optimal
2021-02-11 13:30:00,7,2,1.1428571428571428,0.0,0.0,0.44539999999999996,optimal
2021-02-11 14:00:00,7,2,1.1428571428571428,0.0,0.0,0.6379666666666667,optimal
2021-02-11 14:30:00,7,2,1.1428571428571428,0.0,0.0,0.3172333333333333,optimal
2021-02-11 15:00:00,7,2,1.1428571428571428,0.0,0.0,1.7546,optimal
2021-02-11 15:30:00,7,2,1.1428571428571428,0.0,0.0,0.573,optimal
2021-02-11 16:00:00,7,2,0.0,0.0,0.0,2.0101,optimal
2021-02-11 16:30:00,7,2,0.0,0.0,0.0,1.7192333333333332,optimal
2021-02-11 17:00:00,7,2,0.0,0.774074074074074,0.0,2.587,optimal
2021-02-11 17:30:00,7,2,0.0,0.387037037037037,0.0,0.11366666666666668,optimal
2021-02-11 18:00:00,7,2,0.0,0.387037037037037,0.0,0.1278,optimal
2021-02-11 18:30:00,7,2,0.0,0.1548148148148148,0.0,0.27103333333333335,optimal
2021-02-11 19:00:00,7,2,0.0,0.0,0.0,1.6430333333333333,optimal
2021-02-11 19:30:00,7,2,0.1218060676525566,0.0,0.0,2.1404666666666667,optimal
2021-02-11 20:00:00,7,2,0.9122359861361093,0.0,0.0,0.8688666666666667,optimal
2021-02-11 20:30:00,7,2,0.0,0.0,0.0,0.24213333333333334,optimal
2021-02-11 21:00:00,7,2,0.0,0.387037037037037,0.0,0.26353333333333334,optimal
2021-02-11 21:30:00,7,2,0.0,0.0,0.0,1.9929000000000001,optimal
2021-02-11 22:00:00,7,2,0.0,0.0,0.0,0.4399333333333333,optimal
2021-02-11 22:30:00,7,2,0.0,0.0,0.0,0.32566666666666666,optimal
2021-02-11 23:00:00,7,2,0.0,0.46444444444444444,0.0,0.2072,optimal
2021-02-11 23:30:00,7,2,0.0,0.1548148148148148,0.0,0.5675,optimal
2021-02-12 00:00:00,7,2,1.1428571428571428,0.0,0.0,0.18359999999999999,optimal
2021-02-12 00:30:00,7,2,1.1428571428571428,0.0,0.0,0.056,optimal
2021-02-12 01:00:00,7,2,1.1428571428571428,0.0,0.0,0.0676,optimal
2021-02-12 01:30:00,7,2,1.1428571428571428,0.0,0.0,0.172,optimal
2021-02-12 02:00:00,7,2,1.1428571428571428,0.0,0.0,0.056,optimal
2021-02-12 02:30:00,7,2,1.1428571428571428,0.0,0.0,0.1024,optimal
2021-02-12 03:00:00,7,2,1.1428571428571428,0.0,0.0,0.1372,optimal
2021-02-12 03:30:00,7,2,1.1428571428571428,0.0,0.0,0.056,optimal
2021-02-12 04:00:00,7,2,1.1428571428571428,0.0,0.0,0.18359999999999999,optimal
2021-02-12 04:30:00,7,2,1.1428571428571428,0.0,0.0,0.056,optimal
2021-02-12 05:00:00,7,2,1.1428571428571428,0.0,0.0,0.056,optimal
2021-02-12 05:30:00,7,2,1.1428571428571428,0.0,0.0,0.16040000000000001,optimal
2021-02-12 06:00:00,7,2,1.1428571428571428,0.0,0.0,0.0792,optimal
2021-02-12 06:30:00,7,2,1.1428571428571428,0.0,0.0,0.11933333333333332,optimal
2021-02-12 07:00:00,7,2,1.1428571428571428,0.387037037037037,8.637161770390199,0.14386666666666667,optimal
2021-02-12 07:30:00,7,2,1.1428571428571428,8.739961349970644,0.0,0.16086666666666669,optimal
2021-02-12 08:00:00,7,2,0.8182333719893959,1.0837037037037036,0.0,0.2085,optimal
2021-02-12 08:30:00,7,2,0.8557227230537243,0.774074074074074,0.0,0.09409999999999999,optimal
2021-02-12 09:00:00,7,2,0.8840374528651462,0.0,0.0,0.07883333333333332,optimal
2021-02-12 09:30:00,7,2,0.8060069721098541,0.0,0.0,0.1936,optimal
2021-02-12 10:00:00,7,2,0.6350966531763341,0.0,0.0,0.056,optimal
2021-02-12 10:30:00,7,2,0.6113560462857621,0.0,0.0,0.0792,optimal
2021-02-12 11:00:00,7,2,0.47555764866227396,0.0,0.0,0.1607333333333333,optimal
2021-02-12 11:30:00,7,2,0.8233480715514833,0.0,0.0,0.066,optimal
2021-02-12 12:00:00,7,2,1.1428571428571428,0.0,0.0,0.05966666666666666,optimal
2021-02-12 12:30:00,7,2,1.1428571428571428,0.0,0.0,0.14880000000000002,optimal
2021-02-12 13:00:00,7,2,1.1428571428571428,0.0,0.0,0.09113333333333334,optimal
2021-02-12 13:30:00,7,2,1.1428571428571428,0.0,0.0,0.1182,optimal
2021-02-12 14:00:00,7,2,1.1428571428571428,0.0,0.0,0.14006666666666667,optimal
2021-02-12 14:30:00,7,2,1.1428571428571428,0.0,0.0,0.2437333333333333,optimal
2021-02-12 15:00:00,7,2,1.1428571428571428,0.0,0.0,0.172,optimal
2021-02-12 15:30:00,7,2,1.1428571428571428,0.0,0.0,0.06333333333333334,optimal
2021-02-12 16:00:00,7,2,0.0,0.0,0.0,0.1008,optimal
2021-02-12 16:30:00,7,2,0.0,0.0,0.0,0.15213333333333331,optimal
2021-02-12 17:00:00,7,2,0.0,0.0,0.0,0.056,optimal
2021-02-12 17:30:00,7,2,0.0,0.0,0.0,0.3,optimal
2021-02-12 18:00:00,7,2,0.0,0.5418518518518518,0.0,1.1105999999999998,optimal
2021-02-12 18:30:00,7,2,0.0,0.0,0.0,0.1662,optimal
2021-02-12 19:00:00,7,2,0.0,0.0,0.0,0.07606666666666666,optimal
2021-02-12 19:30:00,7,2,0.8471995228477093,0.0,0.0,0.1124,optimal
2021-02-12 20:00:00,7,2,0.8415346745703535,0.0,0.0,0.1472,optimal
2021-02-12 20:30:00,7,2,0.0,0.0,0.0,0.057,optimal
2021-02-12 21:00:00,7,2,0.0,0.0,0.0,0.8013666666666667,optimal
2021-02-12 21:30:00,7,2,0.0,0.387037037037037,0.0,0.3512,optimal
2021-02-12 22:00:00,7,2,0.0,0.1548148148148148,0.0,0.22319999999999998,optimal
2021-02-12 22:30:00,7,2,0.0,0.0,0.0,0.257,optimal
2021-02-12 23:00:00,7,2,0.0,0.0,0.0,0.12826666666666667,optimal
2021-02-12 23:30:00,7,2,0.0,0.0,0.0,0.1936,optimal
2021-02-13 00:00:00,7,2,0.0,0.0774074074074074,0.0,0.035666666666666666,optimal
2021-02-13 00:30:00,7,2,0.023649152125730516,0.0,0.0,0.044,optimal
2021-02-13 01:00:00,7,2,1.1428571428571428,0.0,0.0,0.2177666666666667,optimal
2021-02-13 01:30:00,7,2,1.1428571428571428,0.0,0.0,0.0567,optimal
2021-02-13 02:00:00,7,2,1.1428571428571428,0.0,0.0,0.1451,optimal
2021-02-13 02:30:00,7,2,1.1428571428571428,0.0,0.0,0.13636666666666666,optimal
2021-02-13 03:00:00,7,2,1.1428571428571428,0.0,0.0,0.051,optimal
2021-02-13 03:30:00,7,2,1.1428571428571428,0.0,0.0,0.23046666666666668,optimal
2021-02-13 04:00:00,7,2,1.1428571428571428,0.0,0.0,0.037,optimal
2021-02-13 04:30:00,7,2,1.1428571428571428,0.0,0.0,0.12276666666666668,optimal
2021-02-13 05:00:00,7,2,1.1428571428571428,0.0,0.0,0.15869999999999998,optimal
2021-02-13 05:30:00,7,2,1.1428571428571428,0.0,0.0,0.037,optimal
2021-02-13 06:00:00,7,2,1.1428571428571428,0.0,0.0,0.24446666666666667,optimal
2021-02-13 06:30:00,7,2,1.1428571428571428,0.0774074074074074,0.0,0.4714666666666666,optimal
2021-02-13 07:00:00,7,2,1.1428571428571428,0.5418518518518518,6.723698039027921,1.2269333333333334,optimal
2021-02-13 07:30:00,7,2,1.1428571428571428,3.3285185185185178,0.0,0.9185333333333332,optimal
2021-02-13 08:00:00,7,2,0.8915783884471362,0.0,0.0,0.0645,optimal
2021-02-13 08:30:00,7,2,0.8401631935381939,0.0,0.0,0.23696666666666666,optimal
2021-02-13 09:00:00,7,2,0.8323438265965121,0.0,0.0,0.047,optimal
2021-02-13 09:30:00,7,2,0.8186488044327651,0.0,0.0,0.0575,optimal
2021-02-13 10:00:00,7,2,0.6525293904107647,0.0,0.0,0.24396666666666667,optimal
2021-02-13 10:30:00,7,2,0.7066665764542053,0.0,0.0,0.047,optimal
2021-02-13 11:00:00,7,2,1.0335165934636668,0.0,0.0,0.15596666666666667,optimal
2021-02-13 11:30:00,7,2,1.1428571428571428,0.0,0.0,0.1455,optimal
2021-02-13 12:00:00,7,2,1.1428571428571428,0.0,0.0,0.06406666666666666,optimal
2021-02-13 12:30:00,7,2,1.1428571428571428,0.0,0.0,0.2374,optimal
2021-02-13 13:00:00,7,2,1.1428571428571428,0.0,0.0,0.047,optimal
2021-02-13 13:30:00,7,2,1.1428571428571428,0.0,0.0,0.11266666666666668,optimal
2021-02-13 14:00:00,7,2,1.1428571428571428,0.0,0.0,0.1258,optimal
2021-02-13 14:30:00,7,2,1.1428571428571428,0.0,0.0,0.05356666666666667,optimal
2021-02-13 15:00:00,7,2,1.1428571428571428,0.0,0.0,0.2479,optimal
2021-02-13 15:30:00,7,2,1.1428571428571428,0.0,0.0,0.047,optimal
2021-02-13 16:00:00,7,2,0.0,0.0,0.0,0.103,optimal
2021-02-13 16:30:00,7,2,0.0,0.0,0.0,0.06056666666666667,optimal
2021-02-13 17:00:00,7,2,0.0,0.0,0.0,0.1849,optimal
2021-02-13 17:30:00,7,2,0.0,0.0,0.0,0.11,optimal
2021-02-13 18:00:00,7,2,0.0,0.23222222222222222,0.0,0.22313333333333332,optimal
2021-02-13 18:30:00,7,2,0.0,0.0,0.0,0.1447,optimal
2021-02-13 19:00:00,7,2,0.0,0.5418518518518518,0.0,0.3131333333333333,optimal
2021-02-13 19:30:00,7,2,0.5942280942762762,0.1548148148148148,0.0,0.3841,optimal
2021-02-13 20:00:00,7,2,0.6372584840941555,0.3096296296296296,0.0,0.2615,optimal
2021-02-13 20:30:00,7,2,0.0,0.0,0.0,0.3898666666666667,optimal
2021-02-13 21:00:00,7,2,0.0,0.0774074074074074,0.0,0.30056666666666665,optimal
2021-02-13 21:30:00,7,2,0.0,0.0,0.0,0.3650333333333334,optimal
2021-02-13 22:00:00,7,2,0.0,1.2586444444444445,0.0,0.46623333333333333,optimal
2021-02-13 22:30:00,7,2,0.0,0.6765407407407406,0.0,0.3249666666666666,optimal
2021-02-13 23:00:00,7,2,0.0,0.0,0.0,0.15906666666666666,optimal
2021-02-13 23:30:00,7,2,0.0,0.0,0.0,0.2509333333333333,optimal
2021-02-07 00:00:00,8,2,0.0,0.0,0.0,0.063,optimal
2021-02-07 00:30:00,8,2,0.0,0.0,0.0,0.20786666666666667,optimal
2021-02-07 01:00:00,8,2,0.0,0.0,0.0,0.13213333333333332,optimal
2021-02-07 01:30:00,8,2,0.0,0.0,0.0,0.063,optimal
2021-02-07 02:00:00,8,2,0.0,0.0,0.0,0.1462,optimal
2021-02-07 02:30:00,8,2,0.0,0.0,0.0,0.1206,optimal
2021-02-07 03:00:00,8,2,0.0,0.0,0.0,0.1362,optimal
2021-02-07 03:30:00,8,2,0.0,1.9351851851851851,0.0,0.34586666666666666,optimal
2021-02-07 04:00:00,8,2,1.1428571428571428,0.0,0.0,1.1255,optimal
2021-02-07 04:30:00,8,2,1.1428571428571428,0.6192592592592592,0.0,0.11,optimal
2021-02-07 05:00:00,8,2,1.1428571428571428,0.387037037037037,0.0,2.0364666666666666,optimal
2021-02-07 05:30:00,8,2,1.1428571428571428,4.79925925925926,0.0,0.21356666666666663,optimal
2021-02-07 06:00:00,8,2,1.1428571428571428,0.1548148148148148,0.0,0.32076666666666664,optimal
2021-02-07 06:30:00,8,2,1.1428571428571428,3.4260518518518523,0.0,0.11963333333333334,optimal
2021-02-07 07:00:00,8,2,1.1428571428571428,1.3732074074074079,1.7076336144509696,0.2908,optimal
2021-02-07 07:30:00,8,2,0.0,0.6192592592592592,0.0,0.2877,optimal
2021-02-07 08:00:00,8,2,0.0,0.5418518518518518,0.0,0.22740000000000002,optimal
2021-02-07 08:30:00,8,2,0.3422960517676474,0.0,0.0,0.1306,optimal
2021-02-07 09:00:00,8,2,0.7426692803350334,0.0,0.0,0.073,optimal
2021-02-07 09:30:00,8,2,0.6979778949498959,0.0,0.0,0.22193333333333332,optimal
2021-02-07 10:00:00,8,2,0.6776091468821186,0.0,0.0,0.13806666666666667,optimal
2021-02-07 10:30:00,8,2,0.6821919176523771,0.0,0.0,0.137,optimal
2021-02-07 11:00:00,8,2,0.6052728645716214,0.0,0.0,0.223,optimal
2021-02-07 11:30:00,8,2,0.6481300074287529,0.0,0.0,0.073,optimal
2021-02-07 12:00:00,8,2,0.5205073738802081,0.0,0.0,0.2856666666666667,optimal
2021-02-07 12:30:00,8,2,0.559040707213537,0.0,0.0,0.071,optimal
2021-02-07 13:00:00,8,2,1.1428571428571428,0.1548148148148148,0.0,0.071,optimal
2021-02-07 13:30:00,8,2,1.1428571428571428,0.1548148148148148,0.0,0.6019,optimal
2021-02-07 14:00:00,8,2,1.1428571428571428,0.0,0.0,1.246733333333333,optimal
2021-02-07 14:30:00,8,2,1.1428571428571428,0.0,0.0,0.2745666666666667,optimal
2021-02-07 15:00:00,8,2,1.1428571428571428,0.23222222222222222,0.0,0.5262333333333333,optimal
2021-02-07 15:30:00,8,2,1.1428571428571428,0.0,0.0,0.676,optimal
2021-02-07 16:00:00,8,2,0.0,0.3096296296296296,0.0,0.42286666666666667,optimal
2021-02-07 16:30:00,8,2,0.0,0.1548148148148148,0.0,0.5206000000000001,optimal
2021-02-07 17:00:00,8,2,0.0,4.79925925925926,0.0,0.9934,optimal
2021-02-07 17:30:00,8,2,0.0,0.1548148148148148,0.0,1.7628,optimal
2021-02-07 18:00:00,8,2,0.0,0.6966666666666667,0.0,1.0984,optimal
2021-02-07 18:30:00,8,2,0.0,0.0774074074074074,0.0,0.24113333333333334,optimal
2021-02-07 19:00:00,8,2,0.0,2.1674074074074072,0.0,0.4262666666666666,optimal
2021-02-07 19:30:00,8,2,0.0,0.0,0.0,0.24080000000000001,optimal
2021-02-07 20:00:00,8,2,0.5760838039905796,0.0,0.0,0.32030000000000003,optimal
2021-02-07 20:30:00,8,2,0.0,0.0,0.0,0.44996666666666657,optimal
2021-02-07 21:00:00,8,2,0.0,0.0,0.0,0.31389999999999996,optimal
2021-02-07 21:30:00,8,2,0.0,0.0,0.0,1.5976333333333335,optimal
2021-02-07 22:00:00,8,2,0.0,3.5839629629629624,0.0,0.36419999999999997,optimal
2021-02-07 22:30:00,8,2,0.0,1.2927037037037035,0.0,0.45263333333333333,optimal
2021-02-07 23:00:00,8,2,0.0,0.46444444444444444,0.0,0.13,optimal
2021-02-07 23:30:00,8,2,0.0,0.0,0.0,0.073,optimal
2021-02-08 00:00:00,8,2,0.0,0.0,0.0,0.065,optimal
2021-02-08 00:30:00,8,2,0.0,0.0,0.0,0.14386666666666667,optimal
2021-02-08 01:00:00,8,2,0.0,0.0,0.0,0.065,optimal
2021-02-08 01:30:00,8,2,0.7039350010027732,0.0,0.0,0.0819,optimal
2021-02-08 02:00:00,8,2,1.1428571428571428,0.0,0.0,0.12696666666666667,optimal
2021-02-08 02:30:00,8,2,1.1428571428571428,0.0,0.0,0.065,optimal
2021-02-08 03:00:00,8,2,1.1428571428571428,0.0,0.0,0.0988,optimal
2021-02-08 03:30:00,8,2,1.1428571428571428,0.0,0.0,0.11006666666666666,optimal
2021-02-08 04:00:00,8,2,1.1428571428571428,0.0,0.0,0.065,optimal
2021-02-08 04:30:00,8,2,1.1428571428571428,0.0,0.0,0.14386666666666667,optimal
2021-02-08 05:00:00,8,2,1.1428571428571428,0.0,0.0,0.065,optimal
2021-02-08 05:30:00,8,2,1.1428571428571428,0.0,0.0,0.09316666666666669,optimal
2021-02-08 06:00:00,8,2,1.1428571428571428,0.0,0.0,0.1157,optimal
2021-02-08 06:30:00,8,2,1.1428571428571428,0.0,6.31226373674517,0.06833333333333333,optimal
2021-02-08 07:00:00,8,2,1.1428571428571428,0.0,10.0,0.15386666666666668,optimal
2021-02-08 07:30:00,8,2,1.1428571428571428,1.006296296296296,0.0,0.13783333333333334,optimal
2021-02-08 08:00:00,8,2,0.7860388242106597,0.0,0.0,0.1426,optimal
2021-02-08 08:30:00,8,2,0.8064120711714026,0.0,0.0,0.08626666666666667,optimal
2021-02-08 09:00:00,8,2,0.7583938008178751,0.0,0.0,0.075,optimal
2021-02-08 09:30:00,8,2,0.7487577399005735,0.0,0.0,0.08626666666666667,optimal
2021-02-08 10:00:00,8,2,0.6385312721029339,0.0,0.0,0.1426,optimal
2021-02-08 10:30:00,8,2,0.6642625711154687,0.0,0.0,0.075,optimal
2021-02-08 11:00:00,8,2,0.968538932188546,0.0,0.0,0.12006666666666667,optimal
2021-02-08 11:30:00,8,2,1.1428571428571428,0.0,0.0,0.1088,optimal
2021-02-08 12:00:00,8,2,1.1428571428571428,0.0,0.0,0.075,optimal
2021-02-08 12:30:00,8,2,1.1428571428571428,0.0,0.0,0.15386666666666668,optimal
2021-02-08 13:00:00,8,2,1.1428571428571428,0.0,0.0,0.075,optimal
2021-02-08 13:30:00,8,2,1.1428571428571428,0.0,0.0,0.075,optimal
2021-02-08 14:00:00,8,2,1.1428571428571428,0.0,0.0,0.075,optimal
2021-02-08 14:30:00,8,2,1.1428571428571428,0.0,0.0,0.1426,optimal
2021-02-08 15:00:00,8,2,1.1428571428571428,0.0,0.0,0.08626666666666667,optimal
2021-02-08 15:30:00,8,2,1.1428571428571428,0.0,0.0,0.075,optimal
2021-02-08 16:00:00,8,2,0.0,0.0,0.0,0.15386666666666668,optimal
2021-02-08 16:30:00,8,2,0.0,0.0,0.0,0.075,optimal
2021-02-08 17:00:00,8,2,0.0,0.0,0.0,0.09753333333333332,optimal
2021-02-08 17:30:00,8,2,0.0,0.0,0.0,0.13133333333333333,optimal
2021-02-08 18:00:00,8,2,0.0,0.0,0.0,0.075,optimal
2021-02-08 18:30:00,8,2,0.0,0.0,0.0,0.15386666666666668,optimal
2021-02-08 19:00:00,8,2,0.0,0.0,0.0,0.075,optimal
2021-02-08 19:30:00,8,2,0.8214364474909596,0.0,0.0,0.075,optimal
2021-02-08 20:00:00,8,2,0.814977270313016,0.0,0.0,0.12006666666666667,optimal
2021-02-08 20:30:00,8,2,0.0,0.0,0.0,0.1088,optimal
2021-02-08 21:00:00,8,2,0.0,0.0,0.0,0.23286666666666667,optimal
2021-02-08 21:30:00,8,2,0.0,0.0,0.0,0.43826666666666664,optimal
2021-02-08 22:00:00,8,2,0.0,0.0,0.0,0.342,optimal
2021-02-08 22:30:00,8,2,0.0,0.0,0.0,0.38706666666666667,optimal
2021-02-08 23:00:00,8,2,0.0,1.8577777777777778,0.0,0.16536666666666666,optimal
2021-02-08 23:30:00,8,2,0.0,0.0,0.0,0.075,optimal
2021-02-09 00:00:00,8,2,0.0,0.0,0.0,0.06066666666666666,optimal
2021-02-09 00:30:00,8,2,0.0,0.0,0.0,0.1663,optimal
2021-02-09 01:00:00,8,2,0.0,0.0,0.0,0.197,optimal
2021-02-09 01:30:00,8,2,0.0,0.0774074074074074,0.0,0.38146666666666657,optimal
2021-02-09 02:00:00,8,2,0.736248241245888,0.0,0.0,0.09373333333333332,optimal
2021-02-09 02:30:00,8,2,1.1428571428571428,0.0,0.0,0.094,optimal
2021-02-09 03:00:00,8,2,1.1428571428571428,0.0,0.0,1.1145,optimal
2021-02-09 03:30:00,8,2,1.1428571428571428,0.6966666666666667,0.0,0.23206666666666664,optimal
2021-02-09 04:00:00,8,2,1.1428571428571428,0.0774074074074074,0.0,0.2576333333333333,optimal
2021-02-09 04:30:00,8,2,1.1428571428571428,0.5418518518518518,0.0,1.4166333333333334,optimal
2021-02-09 05:00:00,8,2,1.1428571428571428,5.495925925925925,0.0,0.34983333333333333,optimal
2021-02-09 05:30:00,8,2,1.1428571428571428,0.3096296296296296,0.0,0.3517333333333333,optimal
2021-02-09 06:00:00,8,2,1.1428571428571428,0.0,0.0,0.207,optimal
2021-02-09 06:30:00,8,2,1.1428571428571428,0.774074074074074,5.311104767654237,0.42193333333333327,optimal
2021-02-09 07:00:00,8,2,1.1428571428571428,0.23222222222222222,10.0,0.207,optimal
2021-02-09 07:30:00,8,2,1.1428571428571428,1.315925925925926,0.0,0.3435,optimal
2021-02-09 08:00:00,8,2,0.5336266182858687,0.774074074074074,0.0,0.32226666666666665,optimal
2021-02-09 08:30:00,8,2,0.7632381764161994,0.0,0.0,0.12366666666666669,optimal
2021-02-09 09:00:00,8,2,0.751589985111109,0.0,0.0,0.15173333333333333,optimal
2021-02-09 09:30:00,8,2,0.7513654823241357,0.0,0.0,0.1076,optimal
2021-02-09 10:00:00,8,2,0.6140475072891922,0.0,0.0,0.19743333333333332,optimal
2021-02-09 10:30:00,8,2,0.6246477232206874,0.0,0.0,0.12290000000000001,optimal
2021-02-09 11:00:00,8,2,0.4982829727914489,0.0,0.0,0.2052,optimal
2021-02-09 11:30:00,8,2,0.5180106350253648,0.0,0.0,0.12866666666666665,optimal
2021-02-09 12:00:00,8,2,0.4613595657461652,0.0,0.0,0.09406666666666666,optimal
2021-02-09 12:30:00,8,2,0.4771986596009619,0.0774074074074074,0.0,0.14730000000000001,optimal
2021-02-09 13:00:00,8,2,1.1428571428571428,0.0,0.0,0.5412666666666667,optimal
2021-02-09 13:30:00,8,2,1.1428571428571428,0.1548148148148148,0.0,1.6775,optimal
2021-02-09 14:00:00,8,2,1.1428571428571428,0.3096296296296296,0.0,0.2879333333333333,optimal
2021-02-09 14:30:00,8,2,1.1428571428571428,0.0774074074074074,0.0,0.15716666666666665,optimal
2021-02-09 15:00:00,8,2,1.1428571428571428,0.0,0.0,0.09406666666666666,optimal
2021-02-09 15:30:00,8,2,1.1428571428571428,0.0,0.0,0.2052,optimal
2021-02-09 16:00:00,8,2,0.0,0.0,0.0,0.15173333333333333,optimal
2021-02-09 16:30:00,8,2,0.0,0.0,0.0,0.1747,optimal
2021-02-09 17:00:00,8,2,0.0,0.0,0.0,0.17613333333333334,optimal
2021-02-09 17:30:00,8,2,0.0,0.0774074074074074,0.0,0.3148666666666667,optimal
2021-02-09 18:00:00,8,2,0.0,0.0774074074074074,0.0,0.3182,optimal
2021-02-09 18:30:00,8,2,0.0,0.3096296296296296,0.0,0.30626666666666663,optimal
2021-02-09 19:00:00,8,2,0.0,0.0774074074074074,0.0,0.32330000000000003,optimal
2021-02-09 19:30:00,8,2,0.5183472259855217,0.3096296296296296,0.0,0.5812333333333334,optimal
2021-02-09 20:00:00,8,2,0.4233015116997962,0.23222222222222222,0.0,0.7032,optimal
2021-02-09 20:30:00,8,2,0.0,0.0,0.0,0.5005666666666667,optimal
2021-02-09 21:00:00,8,2,0.0,2.5544444444444445,0.0,0.6477999999999999,optimal
2021-02-09 21:30:00,8,2,0.0,0.0,0.0,0.507,optimal
2021-02-09 22:00:00,8,2,0.0,0.0,0.0,0.5087,optimal
2021-02-09 22:30:00,8,2,0.0,0.0,0.0,0.4630666666666667,optimal
2021-02-09 23:00:00,8,2,0.0,0.0,0.0,0.3826666666666667,optimal
2021-02-09 23:30:00,8,2,0.0,0.1548148148148148,0.0,0.40193333333333325,optimal
2021-02-10 00:00:00,8,2,0.0,0.23222222222222222,0.0,0.22076666666666667,optimal
2021-02-10 00:30:00,8,2,0.0,0.0,0.0,0.2152333333333333,optimal
2021-02-10 01:00:00,8,2,0.0,0.1548148148148148,0.0,1.2454333333333334,optimal
2021-02-10 01:30:00,8,2,0.0,0.0,0.0,1.467,optimal
2021-02-10 02:00:00,8,2,0.7455067144580545,0.0,0.0,0.075,optimal
2021-02-10 02:30:00,8,2,1.1428571428571428,0.0,0.0,0.075,optimal
2021-02-10 03:00:00,8,2,1.1428571428571428,0.0,0.0,0.14780000000000001,optimal
2021-02-10 03:30:00,8,2,1.1428571428571428,0.0,0.0,0.075,optimal
2021-02-10 04:00:00,8,2,1.1428571428571428,0.0,5.186487390958175,0.1426,optimal
2021-02-10 04:30:00,8,2,1.1428571428571428,0.0,10.0,0.08020000000000001,optimal
2021-02-10 05:00:00,8,2,1.1428571428571428,0.46444444444444444,10.0,0.07366666666666667,optimal
2021-02-10 05:30:00,8,2,1.1428571428571428,2.3222222222222215,0.0,0.2844333333333333,optimal
2021-02-10 06:00:00,8,2,1.1428571428571428,0.23222222222222222,0.0,0.35646666666666665,optimal
2021-02-10 06:30:00,8,2,1.1428571428571428,2.3222222222222215,0.0,0.306,optimal
2021-02-10 07:00:00,8,2,1.1428571428571428,2.5544444444444445,0.0,0.2584666666666666,optimal
2021-02-10 07:30:00,8,2,1.1428571428571428,0.0,0.0,0.209,optimal
2021-02-10 08:00:00,8,2,0.6025807281634976,0.23222222222222222,0.0,0.2544666666666667,optimal
2021-02-10 08:30:00,8,2,0.5702723294801154,0.3096296296296296,0.0,0.2847333333333333,optimal
2021-02-10 09:00:00,8,2,0.5757185326169517,0.0,0.0,0.213,optimal
2021-02-10 09:30:00,8,2,0.5505815625049943,1.6255555555555554,0.0,0.42969999999999997,optimal
2021-02-10 10:00:00,8,2,0.5087614922231819,0.0,0.0,0.261,optimal
2021-02-10 10:30:00,8,2,0.5723730503534946,0.0,0.0,0.08206666666666666,optimal
2021-02-10 11:00:00,8,2,0.56169087407051,0.0,0.0,0.1114,optimal
2021-02-10 11:30:00,8,2,0.5574128652050122,0.0,0.0,0.1114,optimal
2021-02-10 12:00:00,8,2,0.5508139755923865,0.0,0.0,0.075,optimal
2021-02-10 12:30:00,8,2,1.1428571428571428,0.0,0.0,0.14780000000000001,optimal
2021-02-10 13:00:00,8,2,1.1428571428571428,0.0,0.0,0.075,optimal
2021-02-10 13:30:00,8,2,1.1428571428571428,0.0,0.0,0.0958,optimal
2021-02-10 14:00:00,8,2,1.1428571428571428,0.0,0.0,0.127,optimal
2021-02-10 14:30:00,8,2,1.1428571428571428,0.0,0.0,0.075,optimal
2021-02-10 15:00:00,8,2,1.1428571428571428,0.0,0.0,0.075,optimal
2021-02-10 15:30:00,8,2,1.1428571428571428,0.0,0.0,0.14780000000000001,optimal
2021-02-10 16:00:00,8,2,0.0,0.0,0.0,0.075,optimal
2021-02-10 16:30:00,8,2,0.0,0.387037037037037,0.0,0.11773333333333331,optimal
2021-02-10 17:00:00,8,2,0.0,0.0774074074074074,0.0,0.2034,optimal
2021-02-10 17:30:00,8,2,0.0,0.1548148148148148,0.0,1.7745,optimal
2021-02-10 18:00:00,8,2,0.0,0.0,0.0,0.5882333333333334,optimal
2021-02-10 18:30:00,8,2,0.0,0.1548148148148148,0.0,0.33563333333333334,optimal
2021-02-10 19:00:00,8,2,0.0,0.0,0.0,0.2473333333333333,optimal
2021-02-10 19:30:00,8,2,0.5895974885269097,0.0,0.0,0.217,optimal
2021-02-10 20:00:00,8,2,0.522530605928748,0.0,0.0,0.3684666666666666,optimal
2021-02-10 20:30:00,8,2,0.0,0.5418518518518518,0.0,0.36133333333333334,optimal
2021-02-10 21:00:00,8,2,0.0,0.23222222222222222,0.0,0.4099666666666666,optimal
2021-02-10 21:30:00,8,2,0.0,6.6570370370370355,0.0,0.43306666666666666,optimal
2021-02-10 22:00:00,8,2,0.0,0.0,0.0,0.4417,optimal
2021-02-10 22:30:00,8,2,0.0,0.387037037037037,0.0,0.44813333333333333,optimal
2021-02-10 23:00:00,8,2,0.0,0.1548148148148148,0.0,0.5732666666666667,optimal
2021-02-10 23:30:00,8,2,0.0,0.0,0.0,0.38676666666666665,optimal
2021-02-11 00:00:00,8,2,1.0789294909921923,0.0,0.0,0.058,optimal
2021-02-11 00:30:00,8,2,1.1428571428571428,0.0,0.0,0.058,optimal
2021-02-11 01:00:00,8,2,1.1428571428571428,0.0,0.0,0.10946666666666668,optimal
2021-02-11 01:30:00,8,2,1.1428571428571428,0.0,0.0,0.14806666666666665,optimal
2021-02-11 02:00:00,8,2,1.1428571428571428,0.0,0.0,0.058,optimal
2021-02-11 02:30:00,8,2,1.1428571428571428,0.0,0.0,0.08373333333333334,optimal
2021-02-11 03:00:00,8,2,1.1428571428571428,0.0,0.0,0.1738,optimal
2021-02-11 03:30:00,8,2,1.1428571428571428,0.0,0.0,0.058,optimal
2021-02-11 04:00:00,8,2,1.1428571428571428,0.0,0.0,0.058,optimal
2021-02-11 04:30:00,8,2,1.1428571428571428,0.0,0.0,0.18666666666666662,optimal
2021-02-11 05:00:00,8,2,1.1428571428571428,0.0,0.0,0.07086666666666666,optimal
2021-02-11 05:30:00,8,2,1.1428571428571428,0.0,0.0,0.058,optimal
2021-02-11 06:00:00,8,2,1.1428571428571428,0.0,0.0,0.2062,optimal
2021-02-11 06:30:00,8,2,1.1428571428571428,0.0,0.0,0.058,optimal
2021-02-11 07:00:00,8,2,1.1428571428571428,0.0,0.0,0.058,optimal
2021-02-11 07:30:00,8,2,1.1428571428571428,0.0,0.0,0.19953333333333334,optimal
2021-02-11 08:00:00,8,2,0.770297265603392,1.9351851851851851,0.0,0.10640000000000001,optimal
2021-02-11 08:30:00,8,2,0.6272857074730733,0.46444444444444444,0.0,0.2783333333333333,optimal
2021-02-11 09:00:00,8,2,0.5080740875702153,1.1611111111111108,0.0,0.4654,optimal
2021-02-11 09:30:00,8,2,0.5342297984323245,1.470740740740741,0.0,0.2720666666666667,optimal
2021-02-11 10:00:00,8,2,0.3139279807268518,0.23222222222222222,0.0,0.349,optimal
2021-02-11 10:30:00,8,2,0.3591388910627121,0.0,0.0,0.2806,optimal
2021-02-11 11:00:00,8,2,0.3158102755574591,0.0,0.0,0.184,optimal
2021-02-11 11:30:00,8,2,0.24309663763763792,0.6192592592592592,0.0,0.32553333333333334,optimal
2021-02-11 12:00:00,8,2,0.07717341413575216,0.6966666666666667,0.0,0.17466666666666666,optimal
2021-02-11 12:30:00,8,2,0.004360642224286039,0.0,0.0,1.3634666666666666,optimal
2021-02-11 13:00:00,8,2,1.1428571428571428,1.7803703703703702,0.0,0.2552666666666667,optimal
2021-02-11 13:30:00,8,2,1.1428571428571428,0.1548148148148148,0.0,0.2768333333333333,optimal
2021-02-11 14:00:00,8,2,1.1428571428571428,0.0,0.0,0.2848333333333333,optimal
2021-02-11 14:30:00,8,2,1.1428571428571428,0.0,0.0,0.1992,optimal
2021-02-11 15:00:00,8,2,1.1428571428571428,0.0,3.6497935838301334,0.24480000000000002,optimal
2021-02-11 15:30:00,8,2,1.1428571428571428,0.0,10.0,0.111,optimal
2021-02-11 16:00:00,8,2,0.0,0.0,0.0,0.068,optimal
2021-02-11 16:30:00,8,2,0.0,0.5418518518518518,0.0,0.2003,optimal
2021-02-11 17:00:00,8,2,0.0,0.0774074074074074,0.0,0.3512,optimal
2021-02-11 17:30:00,8,2,0.0,0.387037037037037,0.0,0.22343333333333332,optimal
2021-02-11 18:00:00,8,2,0.0,0.0,0.0,0.31553333333333333,optimal
2021-02-11 18:30:00,8,2,0.0,0.774074074074074,0.0,0.17726666666666668,optimal
2021-02-11 19:00:00,8,2,0.0,0.0,0.0,0.36436666666666667,optimal
2021-02-11 19:30:00,8,2,0.08507418512186424,0.23222222222222222,0.0,0.31389999999999996,optimal
2021-02-11 20:00:00,8,2,1.1289426528027768,0.0,0.0,0.068,optimal
2021-02-11 20:30:00,8,2,0.0,0.0,0.0,0.08086666666666666,optimal
2021-02-11 21:00:00,8,2,0.0,0.0,0.0,0.19666666666666663,optimal
2021-02-11 21:30:00,8,2,0.0,0.0,0.0,0.068,optimal
2021-02-11 22:00:00,8,2,0.0,0.0,0.0,0.068,optimal
2021-02-11 22:30:00,8,2,0.0,0.0,0.0,0.3529333333333333,optimal
2021-02-11 23:00:00,8,2,0.0,0.23222222222222222,0.0,0.18866666666666662,optimal
2021-02-11 23:30:00,8,2,0.0,0.1548148148148148,0.0,0.24766666666666662,optimal
2021-02-12 00:00:00,8,2,1.1428571428571428,0.0,0.0,0.06,optimal
2021-02-12 00:30:00,8,2,1.1428571428571428,0.0,0.0,0.06,optimal
2021-02-12 01:00:00,8,2,1.1428571428571428,0.0,0.0,0.06,optimal
2021-02-12 01:30:00,8,2,1.1428571428571428,0.0,0.0,0.06,optimal
2021-02-12 02:00:00,8,2,1.1428571428571428,0.0,0.0,0.06,optimal
2021-02-12 02:30:00,8,2,1.1428571428571428,0.0,0.0,0.06,optimal
2021-02-12 03:00:00,8,2,1.1428571428571428,0.0,0.0,0.06,optimal
2021-02-12 03:30:00,8,2,1.1428571428571428,0.0,0.0,0.06,optimal
2021-02-12 04:00:00,8,2,1.1428571428571428,0.0,0.0,0.06,optimal
2021-02-12 04:30:00,8,2,1.1428571428571428,0.0,0.0,0.06,optimal
2021-02-12 05:00:00,8,2,1.1428571428571428,0.5062444444444444,0.0,0.05866666666666666,optimal
2021-02-12 05:30:00,8,2,1.1428571428571428,0.2678296296296296,0.0,0.058,optimal
2021-02-12 06:00:00,8,2,1.1428571428571428,8.050370370370368,5.692429493391917,0.0694,optimal
2021-02-12 06:30:00,8,2,1.1428571428571428,0.8514814814814814,10.0,0.1016,optimal
2021-02-12 07:00:00,8,2,1.1428571428571428,2.0899999999999994,10.0,0.084,optimal
2021-02-12 07:30:00,8,2,1.1428571428571428,10.307958893325134,0.0,0.07,optimal
2021-02-12 08:00:00,8,2,0.8957095624655893,0.46444444444444444,0.0,0.098,optimal
2021-02-12 08:30:00,8,2,0.8159722468632573,0.1548148148148148,0.0,0.23456666666666665,optimal
2021-02-12 09:00:00,8,2,0.7538945957222877,0.387037037037037,0.0,0.21559999999999999,optimal
2021-02-12 09:30:00,8,2,0.6448545911574758,0.0,0.0,0.2906666666666667,optimal
2021-02-12 10:00:00,8,2,0.6338680817477637,0.0,0.0,0.07,optimal
2021-02-12 10:30:00,8,2,0.6167560462857608,0.0,0.0,0.07,optimal
2021-02-12 11:00:00,8,2,0.5041576486622763,0.0,0.0,0.07,optimal
2021-02-12 11:30:00,8,2,0.5020186442295216,0.0,0.0,0.07,optimal
2021-02-12 12:00:00,8,2,0.4643498306204021,0.0,0.0,0.07,optimal
2021-02-12 12:30:00,8,2,0.7838038534069288,0.0,0.0,0.07,optimal
2021-02-12 13:00:00,8,2,1.1428571428571428,0.0,0.0,0.07,optimal
2021-02-12 13:30:00,8,2,1.1428571428571428,0.0,0.0,0.07,optimal
2021-02-12 14:00:00,8,2,1.1428571428571428,0.0,0.0,0.15566666666666665,optimal
2021-02-12 14:30:00,8,2,1.1428571428571428,0.387037037037037,0.0,0.29843333333333333,optimal
2021-02-12 15:00:00,8,2,1.1428571428571428,0.0,0.0,0.12713333333333335,optimal
2021-02-12 15:30:00,8,2,1.1428571428571428,0.0,0.0,0.07,optimal
2021-02-12 16:00:00,8,2,0.0,0.0,0.0,0.07,optimal
2021-02-12 16:30:00,8,2,0.0,0.1548148148148148,0.0,0.6288666666666667,optimal
2021-02-12 17:00:00,8,2,0.0,0.3096296296296296,0.0,1.3689333333333333,optimal
2021-02-12 17:30:00,8,2,0.0,0.6966666666666667,0.0,0.5730666666666667,optimal
2021-02-12 18:00:00,8,2,0.0,0.46444444444444444,0.0,0.4076666666666667,optimal
2021-02-12 18:30:00,8,2,0.0,0.23222222222222222,0.0,0.4153,optimal
2021-02-12 19:00:00,8,2,0.0,0.1548148148148148,0.0,0.7064,optimal
2021-02-12 19:30:00,8,2,0.5784090466572344,0.23222222222222222,0.0,0.4091,optimal
2021-02-12 20:00:00,8,2,0.6183632459989239,0.0,0.0,0.21666666666666662,optimal
2021-02-12 20:30:00,8,2,0.0,0.0,0.0,0.24956666666666663,optimal
2021-02-12 21:00:00,8,2,0.0,0.0,0.0,0.2872,optimal
2021-02-12 21:30:00,8,2,0.0,0.0,0.0,0.2816666666666667,optimal
2021-02-12 22:00:00,8,2,0.0,0.0,0.0,0.33213333333333334,optimal
2021-02-12 22:30:00,8,2,0.0,0.0,0.0,0.38480000000000003,optimal
2021-02-12 23:00:00,8,2,0.0,0.0,0.0,0.34086666666666665,optimal
2021-02-12 23:30:00,8,2,0.0,0.23222222222222222,0.0,0.40176666666666666,optimal
2021-02-13 00:00:00,8,2,0.0,0.0,0.0,0.053,optimal
2021-02-13 00:30:00,8,2,0.20910168353487305,0.0,0.0,0.053,optimal
2021-02-13 01:00:00,8,2,1.1428571428571428,0.0,0.0,0.20453333333333334,optimal
2021-02-13 01:30:00,8,2,1.1428571428571428,0.0,0.0,0.15106666666666665,optimal
2021-02-13 02:00:00,8,2,1.1428571428571428,0.0,0.0,0.053,optimal
2021-02-13 02:30:00,8,2,1.1428571428571428,0.0,0.0,0.2154,optimal
2021-02-13 03:00:00,8,2,1.1428571428571428,0.0,0.0,0.13019999999999998,optimal
2021-02-13 03:30:00,8,2,1.1428571428571428,0.0,0.0,0.053,optimal
2021-02-13 04:00:00,8,2,1.1428571428571428,0.0,0.0,0.26530000000000004,optimal
2021-02-13 04:30:00,8,2,1.1428571428571428,0.0,0.0,0.0803,optimal
2021-02-13 05:00:00,8,2,1.1428571428571428,0.0,0.0,0.06470000000000001,optimal
2021-02-13 05:30:00,8,2,1.1428571428571428,0.0,0.0,0.15,optimal
2021-02-13 06:00:00,8,2,1.1428571428571428,0.0,0.0,0.1839,optimal
2021-02-13 06:30:00,8,2,1.1428571428571428,0.0,0.0,0.05733333333333333,optimal
2021-02-13 07:00:00,8,2,1.1428571428571428,0.0774074074074074,7.581328411723719,0.13253333333333334,optimal
2021-02-13 07:30:00,8,2,1.1428571428571428,0.0,0.0,0.2343,optimal
2021-02-13 08:00:00,8,2,0.8252450551137974,0.0,0.0,0.07713333333333335,optimal
2021-02-13 08:30:00,8,2,0.8084012887762935,0.0,0.0,0.0681,optimal
2021-02-13 09:00:00,8,2,0.7013628742155642,0.387037037037037,0.0,0.10873333333333332,optimal
2021-02-13 09:30:00,8,2,0.6691345187184853,0.0,0.0,0.2529,optimal
2021-02-13 10:00:00,8,2,0.5656055808869616,0.0,0.0,0.17483333333333334,optimal
2021-02-13 10:30:00,8,2,0.5022189574065905,0.0,0.0,0.3634666666666666,optimal
2021-02-13 11:00:00,8,2,0.4441573231940778,0.0,0.0,0.2399,optimal
2021-02-13 11:30:00,8,2,0.46220879495180306,0.0,0.0,0.18556666666666663,optimal
2021-02-13 12:00:00,8,2,0.28616868385393507,0.0774074074074074,0.0,0.6269,optimal
2021-02-13 12:30:00,8,2,0.747051208872531,0.0774074074074074,0.0,0.186,optimal
2021-02-13 13:00:00,8,2,1.1428571428571428,0.1548148148148148,0.0,0.18286666666666668,optimal
2021-02-13 13:30:00,8,2,1.1428571428571428,0.0,0.0,0.3962333333333333,optimal
2021-02-13 14:00:00,8,2,1.1428571428571428,0.0,0.0,0.3358333333333333,optimal
2021-02-13 14:30:00,8,2,1.1428571428571428,0.0,0.0,0.17883333333333334,optimal
2021-02-13 15:00:00,8,2,1.1428571428571428,0.0,0.0,0.12290000000000001,optimal
2021-02-13 15:30:00,8,2,1.1428571428571428,0.1548148148148148,0.0,0.4577333333333333,optimal
2021-02-13 16:00:00,8,2,0.0,0.0,0.0,0.12453333333333332,optimal
2021-02-13 16:30:00,8,2,0.0,0.0,0.0,0.22469999999999998,optimal
2021-02-13 17:00:00,8,2,0.0,0.46444444444444444,0.0,0.7050666666666667,optimal
2021-02-13 17:30:00,8,2,0.0,0.0774074074074074,0.0,2.2035,optimal
2021-02-13 18:00:00,8,2,0.0,0.0774074074074074,0.0,0.3378333333333333,optimal
2021-02-13 18:30:00,8,2,0.0,0.46444444444444444,0.0,0.3736666666666667,optimal
2021-02-13 19:00:00,8,2,0.0,0.0,0.0,0.41126666666666667,optimal
2021-02-13 19:30:00,8,2,0.7377709514191323,0.3096296296296296,0.0,0.05533333333333334,optimal
2021-02-13 20:00:00,8,2,0.6307441983798762,0.387037037037037,0.0,0.32289999999999996,optimal
2021-02-13 20:30:00,8,2,0.0,0.23222222222222222,0.0,0.2188333333333333,optimal
2021-02-13 21:00:00,8,2,0.0,0.5418518518518518,0.0,0.29933333333333334,optimal
2021-02-13 21:30:00,8,2,0.0,0.46444444444444444,0.0,0.234,optimal
2021-02-13 22:00:00,8,2,0.0,0.23222222222222222,0.0,0.15236666666666668,optimal
2021-02-13 22:30:00,8,2,0.0,0.0,0.0,0.11309999999999999,optimal
2021-02-13 23:00:00,8,2,0.0,0.0,0.0,0.18619999999999998,optimal
2021-02-13 23:30:00,8,2,0.0,0.0,0.0,0.13153333333333334,optimal
2021-02-07 00:00:00,9,2,0.0,0.0,0.0,0.06,optimal
2021-02-07 00:30:00,9,2,0.0,0.0,0.0,0.06,optimal
2021-02-07 01:00:00,9,2,0.0,0.0,0.0,0.06,optimal
2021-02-07 01:30:00,9,2,0.0,0.0,0.0,0.271,optimal
2021-02-07 02:00:00,9,2,0.0,0.0,0.0,0.06,optimal
2021-02-07 02:30:00,9,2,0.0,0.0,0.0,0.06,optimal
2021-02-07 03:00:00,9,2,0.0,0.0,0.0,0.16633333333333333,optimal
2021-02-07 03:30:00,9,2,0.0,0.0,0.0,0.13716666666666666,optimal
2021-02-07 04:00:00,9,2,1.1428571428571428,0.3096296296296296,0.0,0.17183333333333334,optimal
2021-02-07 04:30:00,9,2,1.1428571428571428,0.0,0.0,0.13019999999999998,optimal
2021-02-07 05:00:00,9,2,1.1428571428571428,0.0,0.0,0.1288,optimal
2021-02-07 05:30:00,9,2,1.1428571428571428,0.0,0.0,0.16633333333333333,optimal
2021-02-07 06:00:00,9,2,1.1428571428571428,0.0,0.0,0.11233333333333331,optimal
2021-02-07 06:30:00,9,2,1.1428571428571428,0.0,1.4055777348378222,0.2158333333333333,optimal
2021-02-07 07:00:00,9,2,1.1428571428571428,0.46444444444444444,0.0,0.07183333333333333,optimal
2021-02-07 07:30:00,9,2,0.0,6.6570370370370355,0.0,0.1355,optimal
2021-02-07 08:00:00,9,2,0.0,0.1548148148148148,0.0,3.545533333333333,optimal
2021-02-07 08:30:00,9,2,0.11809267481495872,2.012592592592592,0.0,4.967333333333333,optimal
2021-02-07 09:00:00,9,2,0.6700426136683613,0.0,0.0,0.9961333333333332,optimal
2021-02-07 09:30:00,9,2,0.7119112282832338,0.0,0.0,0.17466666666666666,optimal
2021-02-07 10:00:00,9,2,0.6974853373583108,0.0,0.0,0.07,optimal
2021-02-07 10:30:00,9,2,0.5527404890809497,0.0,0.0,1.0172,optimal
2021-02-07 11:00:00,9,2,0.48011476933352165,0.0,0.0,1.6286333333333334,optimal
2021-02-07 11:30:00,9,2,0.6149204836192295,0.0,0.0,0.2483333333333333,optimal
2021-02-07 12:00:00,9,2,0.5765359453087694,0.0,0.0,0.24666666666666662,optimal
2021-02-07 12:30:00,9,2,1.0584018755659497,0.0,0.0,0.1774,optimal
2021-02-07 13:00:00,9,2,1.1428571428571428,0.0,0.0,0.34,optimal
2021-02-07 13:30:00,9,2,1.1428571428571428,0.0,0.0,0.1485,optimal
2021-02-07 14:00:00,9,2,1.1428571428571428,0.0,0.0,0.07,optimal
2021-02-07 14:30:00,9,2,1.1428571428571428,0.0,0.0,0.157,optimal
2021-02-07 15:00:00,9,2,1.1428571428571428,0.0,0.0,0.11783333333333332,optimal
2021-02-07 15:30:00,9,2,1.1428571428571428,0.0,0.0,0.3167,optimal
2021-02-07 16:00:00,9,2,0.0,0.0,0.0,0.25103333333333333,optimal
2021-02-07 16:30:00,9,2,0.0,0.5418518518518518,0.0,0.2651,optimal
2021-02-07 17:00:00,9,2,0.0,0.23222222222222222,0.0,3.055066666666667,optimal
2021-02-07 17:30:00,9,2,0.0,0.0774074074074074,0.0,0.6352666666666666,optimal
2021-02-07 18:00:00,9,2,0.0,0.1548148148148148,0.0,0.27643333333333336,optimal
2021-02-07 18:30:00,9,2,0.0,0.0,0.0,0.42103333333333337,optimal
2021-02-07 19:00:00,9,2,0.0,0.0,0.0,0.26380000000000003,optimal
2021-02-07 19:30:00,9,2,0.5897518128626782,0.46444444444444444,0.0,0.3547666666666667,optimal
2021-02-07 20:00:00,9,2,0.5709327652436398,0.0,0.0,0.4104666666666666,optimal
2021-02-07 20:30:00,9,2,0.0,0.0,0.0,0.2455,optimal
2021-02-07 21:00:00,9,2,0.0,0.0774074074074074,0.0,0.36806666666666665,optimal
2021-02-07 21:30:00,9,2,0.0,0.0,0.0,0.4079,optimal
2021-02-07 22:00:00,9,2,0.0,0.0,0.0,0.3622666666666666,optimal
2021-02-07 22:30:00,9,2,0.0,0.0,0.0,0.2792,optimal
2021-02-07 23:00:00,9,2,0.0,0.0,0.0,0.3516,optimal
2021-02-07 23:30:00,9,2,0.0,0.0774074074074074,0.0,1.0230333333333332,optimal
2021-02-08 00:00:00,9,2,0.0,0.0,0.0,0.057,optimal
2021-02-08 00:30:00,9,2,0.0,0.0,0.0,0.1903333333333333,optimal
2021-02-08 01:00:00,9,2,0.0,0.0,0.0,0.07033333333333333,optimal
2021-02-08 01:30:00,9,2,0.6059455121381283,0.0,0.0,0.09033333333333332,optimal
2021-02-08 02:00:00,9,2,1.1428571428571428,0.0,0.0,0.17033333333333334,optimal
2021-02-08 02:30:00,9,2,1.1428571428571428,0.0,0.0,0.057,optimal
2021-02-08 03:00:00,9,2,1.1428571428571428,0.0,0.0,0.057,optimal
2021-02-08 03:30:00,9,2,1.1428571428571428,0.0,0.0,1.1442333333333332,optimal
2021-02-08 04:00:00,9,2,1.1428571428571428,0.0,0.0,0.057,optimal
2021-02-08 04:30:00,9,2,1.1428571428571428,0.0,0.0,0.057,optimal
2021-02-08 05:00:00,9,2,1.1428571428571428,0.0,0.0,0.149,optimal
2021-02-08 05:30:00,9,2,1.1428571428571428,0.23222222222222222,0.0,0.10966666666666669,optimal
2021-02-08 06:00:00,9,2,1.1428571428571428,0.387037037037037,0.0,1.0584333333333333,optimal
2021-02-08 06:30:00,9,2,1.1428571428571428,0.23222222222222222,4.290141828162402,0.2073333333333333,optimal
2021-02-08 07:00:00,9,2,1.1428571428571428,2.2448148148148146,10.0,0.09793333333333333,optimal
2021-02-08 07:30:00,9,2,1.1428571428571428,1.7029629629629628,0.0,0.32,optimal
2021-02-08 08:00:00,9,2,0.7144483480201815,0.0,0.0,0.17166666666666666,optimal
2021-02-08 08:30:00,9,2,0.6645549283142523,0.0,0.0,0.361,optimal
2021-02-08 09:00:00,9,2,0.7006318960559723,0.0,0.0,0.065,optimal
2021-02-08 09:30:00,9,2,0.6770720256148599,0.1548148148148148,0.0,0.17166666666666666,optimal
2021-02-08 10:00:00,9,2,0.5711312721029262,1.470740740740741,0.0,0.5316666666666666,optimal
2021-02-08 10:30:00,9,2,0.543186380639278,0.387037037037037,0.0,1.0103333333333333,optimal
2021-02-08 11:00:00,9,2,0.45213536220917766,0.0,0.0,0.6316666666666666,optimal
2021-02-08 11:30:00,9,2,0.4439716390579702,0.387037037037037,0.0,1.0036666666666667,optimal
2021-02-08 12:00:00,9,2,0.882176330197434,0.0,0.0,1.2215333333333334,optimal
2021-02-08 12:30:00,9,2,1.1428571428571428,0.0,0.0,0.5761666666666666,optimal
2021-02-08 13:00:00,9,2,1.1428571428571428,0.0,0.0,0.139,optimal
2021-02-08 13:30:00,9,2,1.1428571428571428,0.0,0.0,0.30926666666666663,optimal
2021-02-08 14:00:00,9,2,1.1428571428571428,0.0,0.0,0.2307,optimal
2021-02-08 14:30:00,9,2,1.1428571428571428,0.0,0.0,0.067,optimal
2021-02-08 15:00:00,9,2,1.1428571428571428,0.0,0.0,0.19366666666666663,optimal
2021-02-08 15:30:00,9,2,1.1428571428571428,0.0,0.0,0.087,optimal
2021-02-08 16:00:00,9,2,0.0,0.0,0.0,0.067,optimal
2021-02-08 16:30:00,9,2,0.0,0.0,0.0,0.21366666666666662,optimal
2021-02-08 17:00:00,9,2,0.0,0.0,0.0,0.079,optimal
2021-02-08 17:30:00,9,2,0.0,0.23222222222222222,0.0,0.359,optimal
2021-02-08 18:00:00,9,2,0.0,0.3096296296296296,0.0,0.24966666666666662,optimal
2021-02-08 18:30:00,9,2,0.0,0.0774074074074074,0.0,1.017,optimal
2021-02-08 19:00:00,9,2,0.0,0.0,0.0,0.6671333333333334,optimal
2021-02-08 19:30:00,9,2,0.633769780824293,0.6966666666666667,0.0,0.23583333333333328,optimal
2021-02-08 20:00:00,9,2,0.6330725084082598,0.0,0.0,0.23656666666666665,optimal
2021-02-08 20:30:00,9,2,0.0,0.0,0.0,0.2693333333333333,optimal
2021-02-08 21:00:00,9,2,0.0,0.387037037037037,0.0,0.3409333333333333,optimal
2021-02-08 21:30:00,9,2,0.0,0.0,0.0,0.2442,optimal
2021-02-08 22:00:00,9,2,0.0,0.0774074074074074,0.0,0.1716,optimal
2021-02-08 22:30:00,9,2,0.0,0.0,0.0,0.144,optimal
2021-02-08 23:00:00,9,2,0.0,0.0,0.0,0.10033333333333332,optimal
2021-02-08 23:30:00,9,2,0.0,0.0,0.0,0.17566666666666667,optimal
2021-02-09 00:00:00,9,2,0.0,0.0,0.0,0.052,optimal
2021-02-09 00:30:00,9,2,0.0,0.0,0.0,0.052,optimal
2021-02-09 01:00:00,9,2,0.7368632726270813,0.0,0.0,0.052,optimal
2021-02-09 01:30:00,9,2,1.1428571428571428,0.0,0.0,0.1192,optimal
2021-02-09 02:00:00,9,2,1.1428571428571428,0.0,0.0,0.052,optimal
2021-02-09 02:30:00,9,2,1.1428571428571428,0.0,0.0,0.052,optimal
2021-02-09 03:00:00,9,2,1.1428571428571428,0.0,0.0,0.052,optimal
2021-02-09 03:30:00,9,2,1.1428571428571428,0.0,0.0,0.1192,optimal
2021-02-09 04:00:00,9,2,1.1428571428571428,0.0,0.0,0.052,optimal
2021-02-09 04:30:00,9,2,1.1428571428571428,0.0,0.0,0.052,optimal
2021-02-09 05:00:00,9,2,1.1428571428571428,0.0,0.0,0.1192,optimal
2021-02-09 05:30:00,9,2,1.1428571428571428,0.0,0.0,0.057,optimal
2021-02-09 06:00:00,9,2,1.1428571428571428,0.0,0.0,0.12919999999999998,optimal
2021-02-09 06:30:00,9,2,1.1428571428571428,0.0,6.495183919055562,0.059,optimal
2021-02-09 07:00:00,9,2,1.1428571428571428,0.0,10.0,0.1192,optimal
2021-02-09 07:30:00,9,2,1.1428571428571428,0.0,0.0,0.052,optimal
2021-02-09 08:00:00,9,2,0.7497980468573022,0.0774074074074074,0.0,0.05433333333333334,optimal
2021-02-09 08:30:00,9,2,0.6631391287971435,0.0774074074074074,0.0,0.9902000000000001,optimal
2021-02-09 09:00:00,9,2,0.6241423660634862,3.0962962962962957,0.0,0.10946666666666668,optimal
2021-02-09 09:30:00,9,2,0.48834072041936993,0.0,0.0,0.7492000000000001,optimal
2021-02-09 10:00:00,9,2,0.3451427453844394,0.5418518518518518,0.0,0.918,optimal
2021-02-09 10:30:00,9,2,0.5222762946492573,0.0,0.0,0.12786666666666666,optimal
2021-02-09 11:00:00,9,2,0.5391972585057376,0.0,0.0,0.062,optimal
2021-02-09 11:30:00,9,2,1.1185531406243931,0.0,0.0,0.10306666666666667,optimal
2021-02-09 12:00:00,9,2,1.1428571428571428,0.0,0.0,0.08813333333333334,optimal
2021-02-09 12:30:00,9,2,1.1428571428571428,0.0,0.0,0.118,optimal
2021-02-09 13:00:00,9,2,1.1428571428571428,0.0,0.0,0.0732,optimal
2021-02-09 13:30:00,9,2,1.1428571428571428,0.0,0.0,0.062,optimal
2021-02-09 14:00:00,9,2,1.1428571428571428,0.0,0.0,0.12919999999999998,optimal
2021-02-09 14:30:00,9,2,1.1428571428571428,0.0,0.0,0.062,optimal
2021-02-09 15:00:00,9,2,1.1428571428571428,0.0,0.0,0.062,optimal
2021-02-09 15:30:00,9,2,1.1428571428571428,0.0,0.0,0.062,optimal
2021-02-09 16:00:00,9,2,0.0,0.0,0.0,0.062,optimal
2021-02-09 16:30:00,9,2,0.0,0.0,0.0,0.062,optimal
2021-02-09 17:00:00,9,2,0.0,0.0,0.0,0.12919999999999998,optimal
2021-02-09 17:30:00,9,2,0.0,0.0,0.0,0.062,optimal
2021-02-09 18:00:00,9,2,0.0,0.0,0.0,0.12919999999999998,optimal
2021-02-09 18:30:00,9,2,0.0,0.0,0.0,0.062,optimal
2021-02-09 19:00:00,9,2,0.0,0.0,0.0,0.12853333333333333,optimal
2021-02-09 19:30:00,9,2,0.72556436884266,0.0,0.0,0.9778,optimal
2021-02-09 20:00:00,9,2,0.721091987890282,0.1548148148148148,0.0,0.13026666666666667,optimal
2021-02-09 20:30:00,9,2,0.0,0.0,0.0,0.1272,optimal
2021-02-09 21:00:00,9,2,0.0,0.0,0.0,0.068,optimal
2021-02-09 21:30:00,9,2,0.0,0.0,0.0,0.11133333333333331,optimal
2021-02-09 22:00:00,9,2,0.0,0.0,0.0,0.18786666666666668,optimal
2021-02-09 22:30:00,9,2,0.0,0.387037037037037,0.0,0.07,optimal
2021-02-09 23:00:00,9,2,0.0,0.0,0.0,0.1297333333333333,optimal
2021-02-09 23:30:00,9,2,0.0,0.0,0.0,0.07013333333333334,optimal
2021-02-10 00:00:00,9,2,0.0,0.0,0.0,0.05,optimal
2021-02-10 00:30:00,9,2,0.0,0.0,0.0,0.1184,optimal
2021-02-10 01:00:00,9,2,0.9334769800017445,0.0,0.0,0.14666666666666667,optimal
2021-02-10 01:30:00,9,2,1.1428571428571428,0.0,0.0,0.05966666666666666,optimal
2021-02-10 02:00:00,9,2,1.1428571428571428,0.0,0.0,0.16190000000000002,optimal
2021-02-10 02:30:00,9,2,1.1428571428571428,0.0,0.0,0.11283333333333331,optimal
2021-02-10 03:00:00,9,2,1.1428571428571428,0.0,0.0,0.1184,optimal
2021-02-10 03:30:00,9,2,1.1428571428571428,0.0,0.0,0.1225,optimal
2021-02-10 04:00:00,9,2,1.1428571428571428,0.0,0.0,0.08383333333333333,optimal
2021-02-10 04:30:00,9,2,1.1428571428571428,0.0,0.0,0.1184,optimal
2021-02-10 05:00:00,9,2,1.1428571428571428,0.0,0.0,0.15633333333333335,optimal
2021-02-10 05:30:00,9,2,1.1428571428571428,0.0,0.0,0.09993333333333333,optimal
2021-02-10 06:00:00,9,2,1.1428571428571428,0.0,0.0,0.16063333333333332,optimal
2021-02-10 06:30:00,9,2,1.1428571428571428,0.0,3.4726827063743086,0.07416666666666667,optimal
2021-02-10 07:00:00,9,2,1.1428571428571428,0.0,10.0,0.17156666666666667,optimal
2021-02-10 07:30:00,9,2,1.1428571428571428,0.0,0.0,0.10316666666666668,optimal
2021-02-10 08:00:00,9,2,0.8049426329253982,0.0,0.0,0.088,optimal
2021-02-10 08:30:00,9,2,0.7662151866229723,1.470740740740741,0.0,0.08206666666666666,optimal
2021-02-10 09:00:00,9,2,0.6625185326169502,7.121481481481481,0.0,0.15366666666666665,optimal
2021-02-10 09:30:00,9,2,0.6283529910764215,0.5418518518518518,0.0,0.12116666666666669,optimal
2021-02-10 10:00:00,9,2,0.5047995874612671,0.0,0.0,0.09316666666666669,optimal
2021-02-10 10:30:00,9,2,0.5992968598773066,0.0774074074074074,0.0,0.0935,optimal
2021-02-10 11:00:00,9,2,0.5398908740705172,0.0,0.0,0.18569999999999998,optimal
2021-02-10 11:30:00,9,2,0.567184293776449,0.0,0.0,0.0752,optimal
2021-02-10 12:00:00,9,2,0.8158036544076929,0.0,0.0,0.15633333333333335,optimal
2021-02-10 12:30:00,9,2,1.1428571428571428,0.0,0.0,0.1384,optimal
2021-02-10 13:00:00,9,2,1.1428571428571428,0.0,0.0,0.06,optimal
2021-02-10 13:30:00,9,2,1.1428571428571428,0.0,0.0,0.22506666666666664,optimal
2021-02-10 14:00:00,9,2,1.1428571428571428,0.0,0.0,0.06966666666666667,optimal
2021-02-10 14:30:00,9,2,1.1428571428571428,0.0,0.0,0.17673333333333333,optimal
2021-02-10 15:00:00,9,2,1.1428571428571428,0.0,0.0,0.118,optimal
2021-02-10 15:30:00,9,2,1.1428571428571428,0.0,0.0,0.09626666666666668,optimal
2021-02-10 16:00:00,9,2,0.0,0.0,0.0,0.19846666666666668,optimal
2021-02-10 16:30:00,9,2,0.0,0.0,0.0,0.06,optimal
2021-02-10 17:00:00,9,2,0.0,0.0,0.0,0.3846333333333333,optimal
2021-02-10 17:30:00,9,2,0.0,0.1548148148148148,0.0,0.1718,optimal
2021-02-10 18:00:00,9,2,0.0,0.5418518518518518,0.0,0.0896,optimal
2021-02-10 18:30:00,9,2,0.0,0.3096296296296296,0.0,0.13193333333333335,optimal
2021-02-10 19:00:00,9,2,0.0,0.0,0.0,0.281,optimal
2021-02-10 19:30:00,9,2,0.724273679003096,0.0,0.0,0.09433333333333331,optimal
2021-02-10 20:00:00,9,2,0.6926448916430433,0.0,0.0,0.1807333333333333,optimal
2021-02-10 20:30:00,9,2,0.0,0.0,0.0,0.18930000000000002,optimal
2021-02-10 21:00:00,9,2,0.0,0.0,0.0,0.3208333333333333,optimal
2021-02-10 21:30:00,9,2,0.0,0.46444444444444444,0.0,0.16903333333333334,optimal
2021-02-10 22:00:00,9,2,0.0,6.115185185185184,0.0,1.2073333333333331,optimal
2021-02-10 22:30:00,9,2,0.0,0.23222222222222222,0.0,0.2114333333333333,optimal
2021-02-10 23:00:00,9,2,0.0,0.0,0.0,0.1374,optimal
2021-02-10 23:30:00,9,2,0.0,0.0,0.0,0.16566666666666666,optimal
2021-02-11 00:00:00,9,2,1.1428571428571428,0.0,0.0,0.0747,optimal
2021-02-11 00:30:00,9,2,1.1428571428571428,0.0,0.0,0.11923333333333332,optimal
2021-02-11 01:00:00,9,2,1.1428571428571428,0.0,0.0,0.14806666666666665,optimal
2021-02-11 01:30:00,9,2,1.1428571428571428,0.0,0.0,0.10946666666666668,optimal
2021-02-11 02:00:00,9,2,1.1428571428571428,0.0,0.0,0.06356666666666667,optimal
2021-02-11 02:30:00,9,2,1.1428571428571428,0.0,0.0,0.2719,optimal
2021-02-11 03:00:00,9,2,1.1428571428571428,0.0,0.0,0.058,optimal
2021-02-11 03:30:00,9,2,1.1428571428571428,0.0,0.0,0.1545,optimal
2021-02-11 04:00:00,9,2,1.1428571428571428,0.0,0.0,0.15313333333333332,optimal
2021-02-11 04:30:00,9,2,1.1428571428571428,0.0,0.0,0.09226666666666668,optimal
2021-02-11 05:00:00,9,2,1.1428571428571428,0.0,0.0,0.1931,optimal
2021-02-11 05:30:00,9,2,1.1428571428571428,0.0,3.044107799786149,0.13593333333333335,optimal
2021-02-11 06:00:00,9,2,1.1428571428571428,0.3096296296296296,10.0,0.17823333333333333,optimal
2021-02-11 06:30:00,9,2,1.1428571428571428,0.387037037037037,10.0,0.9714333333333331,optimal
2021-02-11 07:00:00,9,2,1.1428571428571428,0.0,0.0,0.09073333333333332,optimal
2021-02-11 07:30:00,9,2,1.1428571428571428,0.03803838431063776,0.0,0.14806666666666665,optimal
2021-02-11 08:00:00,9,2,0.9097639322700672,0.0,0.0,0.19273333333333328,optimal
2021-02-11 08:30:00,9,2,0.9531523741397362,0.0,0.0,0.06666666666666667,optimal
2021-02-11 09:00:00,9,2,0.8367883732845004,0.0,0.0,0.22736666666666666,optimal
2021-02-11 09:30:00,9,2,0.80027741747994,0.0,0.0,0.10809999999999999,optimal
2021-02-11 10:00:00,9,2,0.59062321882209,0.0,0.0,0.16736666666666666,optimal
2021-02-11 10:30:00,9,2,0.6240341291579501,0.0,0.0,0.14026666666666668,optimal
2021-02-11 11:00:00,9,2,0.8932251223781269,0.0,0.0,0.08583333333333333,optimal
2021-02-11 11:30:00,9,2,1.1428571428571428,0.0,0.0,0.19953333333333334,optimal
2021-02-11 12:00:00,9,2,1.1428571428571428,0.0,0.0,0.13593333333333335,optimal
2021-02-11 12:30:00,9,2,1.1428571428571428,0.0,0.0,0.16093333333333334,optimal
2021-02-11 13:00:00,9,2,1.1428571428571428,0.0,0.0,0.15783333333333335,optimal
2021-02-11 13:30:00,9,2,1.1428571428571428,0.0,0.0,0.0747,optimal
2021-02-11 14:00:00,9,2,1.1428571428571428,0.0,0.0,0.19866666666666663,optimal
2021-02-11 14:30:00,9,2,1.1428571428571428,0.0,0.0,0.1368,optimal
2021-02-11 15:00:00,9,2,1.1428571428571428,0.0,0.0,0.1545,optimal
2021-02-11 15:30:00,9,2,1.1428571428571428,0.0,0.0,0.17516666666666666,optimal
2021-02-11 16:00:00,9,2,0.0,0.0,0.0,0.07913333333333333,optimal
2021-02-11 16:30:00,9,2,0.0,0.0,0.0,0.20286666666666667,optimal
2021-02-11 17:00:00,9,2,0.0,0.0,0.0,0.13593333333333335,optimal
2021-02-11 17:30:00,9,2,0.0,0.0,0.0,0.061,optimal
2021-02-11 18:00:00,9,2,0.0,0.0,0.0,0.1879,optimal
2021-02-11 18:30:00,9,2,0.0,0.0,0.0,0.07529999999999999,optimal
2021-02-11 19:00:00,9,2,0.0,0.9288888888888889,0.0,0.237,optimal
2021-02-11 19:30:00,9,2,0.940832867593065,0.1548148148148148,0.0,0.3604,optimal
2021-02-11 20:00:00,9,2,0.9922093194694459,0.0,0.0,0.27436666666666665,optimal
2021-02-11 20:30:00,9,2,0.0,0.1548148148148148,0.0,0.3361,optimal
2021-02-11 21:00:00,9,2,0.0,0.3096296296296296,0.0,0.32743333333333335,optimal
2021-02-11 21:30:00,9,2,0.0,0.0,0.0,1.1328666666666665,optimal
2021-02-11 22:00:00,9,2,0.0,0.0774074074074074,0.0,0.9003,optimal
2021-02-11 22:30:00,9,2,0.0,0.0,0.0,0.30019999999999997,optimal
2021-02-11 23:00:00,9,2,0.0,0.0,0.0,0.19933333333333328,optimal
2021-02-11 23:30:00,9,2,0.0,0.0,0.0,1.0194666666666667,optimal
2021-02-12 00:00:00,9,2,1.1428571428571428,0.0,0.0,0.068,optimal
2021-02-12 00:30:00,9,2,1.1428571428571428,0.0,0.0,0.1853333333333333,optimal
2021-02-12 01:00:00,9,2,1.1428571428571428,0.0,0.0,0.046,optimal
2021-02-12 01:30:00,9,2,1.1428571428571428,0.0,0.0,0.2073333333333333,optimal
2021-02-12 02:00:00,9,2,1.1428571428571428,0.0,0.0,0.049,optimal
2021-02-12 02:30:00,9,2,1.1428571428571428,0.0,0.0,0.056,optimal
2021-02-12 03:00:00,9,2,1.1428571428571428,0.0,0.0,0.078,optimal
2021-02-12 03:30:00,9,2,1.1428571428571428,0.0,0.0,0.19233333333333327,optimal
2021-02-12 04:00:00,9,2,1.1428571428571428,0.0,0.0,0.046,optimal
2021-02-12 04:30:00,9,2,1.1428571428571428,0.0,0.0,0.2073333333333333,optimal
2021-02-12 05:00:00,9,2,1.1428571428571428,0.6966666666666667,5.252340037590955,0.044,optimal
2021-02-12 05:30:00,9,2,1.1428571428571428,0.46444444444444444,10.0,0.08433333333333333,optimal
2021-02-12 06:00:00,9,2,1.1428571428571428,0.6192592592592592,0.0,0.3996,optimal
2021-02-12 06:30:00,9,2,1.1428571428571428,0.0,0.0,0.051,optimal
2021-02-12 07:00:00,9,2,1.1428571428571428,0.0,0.0,1.5833333333333333,optimal
2021-02-12 07:30:00,9,2,1.1428571428571428,11.400133009947174,0.0,2.8638000000000003,optimal
2021-02-12 08:00:00,9,2,0.6739952767512979,1.7029629629629628,0.0,1.7535999999999998,optimal
2021-02-12 08:30:00,9,2,0.7810560563870682,0.387037037037037,0.0,0.331,optimal
2021-02-12 09:00:00,9,2,0.7573993576270432,0.0774074074074074,0.0,0.22766666666666663,optimal
2021-02-12 09:30:00,9,2,0.6597117340146232,0.1548148148148148,0.0,0.2916666666666667,optimal
2021-02-12 10:00:00,9,2,0.4687728436525249,0.0,0.0,0.3803333333333333,optimal
2021-02-12 10:30:00,9,2,0.5103274748571922,0.1548148148148148,0.0,0.177,optimal
2021-02-12 11:00:00,9,2,0.3506814581860819,0.3096296296296296,0.0,0.3016666666666667,optimal
2021-02-12 11:30:00,9,2,0.39578054899142406,0.0,0.0,0.21366666666666662,optimal
2021-02-12 12:00:00,9,2,0.3012355449061148,2.3222222222222215,0.0,0.42806666666666665,optimal
2021-02-12 12:30:00,9,2,0.2958203499971839,0.5418518518518518,0.0,0.26453333333333334,optimal
2021-02-12 13:00:00,9,2,1.1428571428571428,0.0,0.0,0.054,optimal
2021-02-12 13:30:00,9,2,1.1428571428571428,0.0774074074074074,0.0,0.15956666666666666,optimal
2021-02-12 14:00:00,9,2,1.1428571428571428,0.0,0.0,0.292,optimal
2021-02-12 14:30:00,9,2,1.1428571428571428,0.3096296296296296,0.0,0.156,optimal
2021-02-12 15:00:00,9,2,1.1428571428571428,0.1548148148148148,0.0,0.7088666666666666,optimal
2021-02-12 15:30:00,9,2,1.1428571428571428,0.0,0.0,0.08686666666666666,optimal
2021-02-12 16:00:00,9,2,0.0,0.3096296296296296,0.0,0.098,optimal
2021-02-12 16:30:00,9,2,0.0,0.23222222222222222,0.0,0.17133333333333334,optimal
2021-02-12 17:00:00,9,2,0.0,0.0,0.0,0.09090000000000001,optimal
2021-02-12 17:30:00,9,2,0.0,0.0,0.0,0.177,optimal
2021-02-12 18:00:00,9,2,0.0,2.012592592592592,0.0,0.3383333333333333,optimal
2021-02-12 18:30:00,9,2,0.0,0.0,0.0,0.5718,optimal
2021-02-12 19:00:00,9,2,0.0,0.0774074074074074,0.0,1.0351333333333335,optimal
2021-02-12 19:30:00,9,2,0.0,0.0774074074074074,0.0,0.41973333333333335,optimal
2021-02-12 20:00:00,9,2,0.48610925169594826,0.23222222222222222,0.0,0.23453333333333334,optimal
2021-02-12 20:30:00,9,2,0.0,0.0,0.0,0.25889999999999996,optimal
2021-02-12 21:00:00,9,2,0.0,0.0,0.0,0.177,optimal
2021-02-12 21:30:00,9,2,0.0,0.46444444444444444,0.0,0.7154333333333333,optimal
2021-02-12 22:00:00,9,2,0.0,0.5418518518518518,0.0,0.9392333333333333,optimal
2021-02-12 22:30:00,9,2,0.0,0.23222222222222222,0.0,0.3492,optimal
2021-02-12 23:00:00,9,2,0.0,0.0,0.0,0.24746666666666667,optimal
2021-02-12 23:30:00,9,2,0.0,0.1548148148148148,0.0,0.32280000000000003,optimal
2021-02-13 00:00:00,9,2,0.0,0.0,0.0,0.078,optimal
2021-02-13 00:30:00,9,2,0.0,0.0,0.0,0.071,optimal
2021-02-13 01:00:00,9,2,0.18969294092841732,0.0,0.0,0.18086666666666668,optimal
2021-02-13 01:30:00,9,2,1.1428571428571428,0.0,0.0,0.043,optimal
2021-02-13 02:00:00,9,2,1.1428571428571428,0.0,0.0,0.11193333333333334,optimal
2021-02-13 02:30:00,9,2,1.1428571428571428,0.0,0.0,0.13293333333333335,optimal
2021-02-13 03:00:00,9,2,1.1428571428571428,0.0,0.0,0.085,optimal
2021-02-13 03:30:00,9,2,1.1428571428571428,0.0,0.0,0.18086666666666668,optimal
2021-02-13 04:00:00,9,2,1.1428571428571428,0.0,0.0,0.0465,optimal
2021-02-13 04:30:00,9,2,1.1428571428571428,0.0,0.0,0.22156666666666663,optimal
2021-02-13 05:00:00,9,2,1.1428571428571428,0.0,0.0,0.061799999999999994,optimal
2021-02-13 05:30:00,9,2,1.1428571428571428,0.0,0.0,0.0675,optimal
2021-02-13 06:00:00,9,2,1.1428571428571428,0.0,0.0,0.21936666666666668,optimal
2021-02-13 06:30:00,9,2,1.1428571428571428,0.0774074074074074,5.680940690902593,0.04866666666666666,optimal
2021-02-13 07:00:00,9,2,1.1428571428571428,0.774074074074074,10.0,0.2418333333333333,optimal
2021-02-13 07:30:00,9,2,1.1428571428571428,0.1548148148148148,0.0,0.09746666666666669,optimal
2021-02-13 08:00:00,9,2,0.8766355313042802,0.0,0.0,0.106,optimal
2021-02-13 08:30:00,9,2,0.8531060506810563,0.0,0.0,0.18086666666666668,optimal
2021-02-13 09:00:00,9,2,0.8304009694536572,0.0,0.0,0.050333333333333334,optimal
2021-02-13 09:30:00,9,2,0.8037059472899091,0.0,0.0,0.099,optimal
2021-02-13 10:00:00,9,2,0.6654722475536271,0.0,0.0,0.18786666666666668,optimal
2021-02-13 10:30:00,9,2,0.686723719311359,0.0,0.0,0.106,optimal
2021-02-13 11:00:00,9,2,0.5558144660512163,0.0,0.0,0.137,optimal
2021-02-13 11:30:00,9,2,0.5629992711422782,0.0,0.0,0.10436666666666666,optimal
2021-02-13 12:00:00,9,2,0.5165401124253589,0.0,0.0,0.0885,optimal
2021-02-13 12:30:00,9,2,0.5968084335768877,0.0774074074074074,0.0,0.32363333333333333,optimal
2021-02-13 13:00:00,9,2,1.1428571428571428,2.4770370370370367,0.0,0.2749,optimal
2021-02-13 13:30:00,9,2,1.1428571428571428,0.0,0.0,0.21380000000000002,optimal
2021-02-13 14:00:00,9,2,1.1428571428571428,0.0,0.0,0.20136666666666667,optimal
2021-02-13 14:30:00,9,2,1.1428571428571428,0.0,0.0,0.053,optimal
2021-02-13 15:00:00,9,2,1.1428571428571428,0.0,0.0,0.21206666666666663,optimal
2021-02-13 15:30:00,9,2,1.1428571428571428,0.0774074074074074,0.0,0.5347999999999999,optimal
2021-02-13 16:00:00,9,2,0.0,6.115185185185185,0.0,0.3495,optimal
2021-02-13 16:30:00,9,2,0.0,0.0774074074074074,0.0,0.2642,optimal
2021-02-13 17:00:00,9,2,0.0,0.0,0.0,0.3932,optimal
2021-02-13 17:30:00,9,2,0.0,0.0,0.0,0.48606666666666665,optimal
2021-02-13 18:00:00,9,2,0.0,0.387037037037037,0.0,0.4187666666666667,optimal
2021-02-13 18:30:00,9,2,0.0,2.1674074074074072,0.0,0.3225,optimal
2021-02-13 19:00:00,9,2,0.0,0.46444444444444444,0.0,0.2876,optimal
2021-02-13 19:30:00,9,2,0.5781042847524736,0.0774074074074074,0.0,0.2582333333333333,optimal
2021-02-13 20:00:00,9,2,0.5468108650465423,0.3096296296296296,0.0,0.3579,optimal
2021-02-13 20:30:00,9,2,0.0,0.23222222222222222,0.0,0.30293333333333333,optimal
2021-02-13 21:00:00,9,2,0.0,0.23222222222222222,0.0,0.4436666666666667,optimal
2021-02-13 21:30:00,9,2,0.0,0.0,0.0,0.3123666666666667,optimal
2021-02-13 22:00:00,9,2,0.0,0.0774074074074074,0.0,0.4539666666666666,optimal
2021-02-13 22:30:00,9,2,0.0,0.0,0.0,0.21259999999999998,optimal
2021-02-13 23:00:00,9,2,0.0,0.0,0.0,0.053,optimal
2021-02-13 23:30:00,9,2,0.0,0.0,0.0,0.24986666666666668,optimal
2021-02-07 00:00:00,10,2,0.0,0.0,0.0,0.17826666666666668,optimal
2021-02-07 00:30:00,10,2,0.0,0.0,0.0,0.06273333333333332,optimal
2021-02-07 01:00:00,10,2,0.0,0.0,0.0,0.051,optimal
2021-02-07 01:30:00,10,2,0.0,0.0,0.0,0.18006666666666665,optimal
2021-02-07 02:00:00,10,2,0.0,0.0,0.0,0.051,optimal
2021-02-07 02:30:00,10,2,0.0,0.0,0.0,0.13313333333333333,optimal
2021-02-07 03:00:00,10,2,0.0,0.0,0.0,0.09793333333333333,optimal
2021-02-07 03:30:00,10,2,0.0,0.0,0.0,0.051,optimal
2021-02-07 04:00:00,10,2,1.1428571428571428,0.0,0.0,0.0862,optimal
2021-02-07 04:30:00,10,2,1.1428571428571428,0.0,0.0,0.14486666666666667,optimal
2021-02-07 05:00:00,10,2,1.1428571428571428,7.726807407407406,0.0,0.12643333333333334,optimal
2021-02-07 05:30:00,10,2,1.1428571428571428,3.41985925925926,0.0,0.24053333333333332,optimal
2021-02-07 06:00:00,10,2,1.1428571428571428,0.0,0.0,0.2843,optimal
2021-02-07 06:30:00,10,2,1.1428571428571428,0.774074074074074,1.4055777348378222,3.029333333333333,optimal
2021-02-07 07:00:00,10,2,1.1428571428571428,1.0480962962962963,0.0,1.3788666666666665,optimal
2021-02-07 07:30:00,10,2,0.0,0.19042222222222224,0.0,2.258,optimal
2021-02-07 08:00:00,10,2,0.0,0.0,0.0,0.20126666666666668,optimal
2021-02-07 08:30:00,10,2,0.5867803955769064,0.0,0.0,0.08446666666666666,optimal
2021-02-07 09:00:00,10,2,0.7455264231921708,0.0,0.0,0.061,optimal
2021-02-07 09:30:00,10,2,0.7065112282832352,0.0,0.0,0.19006666666666663,optimal
2021-02-07 10:00:00,10,2,0.6990567659297386,0.0,0.0,0.061,optimal
2021-02-07 10:30:00,10,2,0.6882490605095211,0.0,0.0,0.1138,optimal
2021-02-07 11:00:00,10,2,0.6291966740954248,0.0,0.0,0.13726666666666668,optimal
2021-02-07 11:30:00,10,2,0.6509871502859024,0.0,0.0,0.061,optimal
2021-02-07 12:00:00,10,2,1.0926216950721177,4.954074074074073,0.0,2.3837333333333333,optimal
2021-02-07 12:30:00,10,2,1.1428571428571428,0.0,0.0,2.064233333333333,optimal
2021-02-07 13:00:00,10,2,1.1428571428571428,0.0,0.0,0.12553333333333333,optimal
2021-02-07 13:30:00,10,2,1.1428571428571428,0.0,0.0,0.12553333333333333,optimal
2021-02-07 14:00:00,10,2,1.1428571428571428,0.1548148148148148,0.0,0.11370000000000001,optimal
2021-02-07 14:30:00,10,2,1.1428571428571428,0.3096296296296296,0.0,0.20553333333333332,optimal
2021-02-07 15:00:00,10,2,1.1428571428571428,0.0,0.0,0.2919,optimal
2021-02-07 15:30:00,10,2,1.1428571428571428,0.0,0.0,0.7716666666666666,optimal
2021-02-07 16:00:00,10,2,0.0,0.0,0.0,0.07273333333333333,optimal
2021-02-07 16:30:00,10,2,0.0,0.0,0.0,0.06686666666666666,optimal
2021-02-07 17:00:00,10,2,0.0,0.0,0.0,1.1735333333333333,optimal
2021-02-07 17:30:00,10,2,0.0,0.0,0.0,0.4630666666666667,optimal
2021-02-07 18:00:00,10,2,0.0,0.0774074074074074,0.0,0.08170000000000001,optimal
2021-02-07 18:30:00,10,2,0.0,0.0,0.0,0.1952333333333333,optimal
2021-02-07 19:00:00,10,2,0.0,0.3096296296296296,0.0,0.2779333333333333,optimal
2021-02-07 19:30:00,10,2,0.48984705095791614,0.0,0.0,2.2045666666666666,optimal
2021-02-07 20:00:00,10,2,0.4984851461960181,0.0,0.0,0.37006666666666665,optimal
2021-02-07 20:30:00,10,2,0.0,0.3096296296296296,0.0,0.2638666666666667,optimal
2021-02-07 21:00:00,10,2,0.0,0.0,0.0,0.45113333333333333,optimal
2021-02-07 21:30:00,10,2,0.0,0.0,0.0,0.3582666666666667,optimal
2021-02-07 22:00:00,10,2,0.0,2.7092592592592597,0.0,2.6245666666666665,optimal
2021-02-07 22:30:00,10,2,0.0,1.470740740740741,0.0,2.4524666666666666,optimal
2021-02-07 23:00:00,10,2,0.0,0.23222222222222222,0.0,1.6839000000000002,optimal
2021-02-07 23:30:00,10,2,0.0,0.0,0.0,1.1774666666666667,optimal
2021-02-08 00:00:00,10,2,0.0,0.0,0.0,0.08413333333333334,optimal
2021-02-08 00:30:00,10,2,0.0,0.0,0.0,0.20646666666666666,optimal
2021-02-08 01:00:00,10,2,0.0,0.0,0.0,0.17033333333333334,optimal
2021-02-08 01:30:00,10,2,0.0,0.0,0.0,0.15919999999999998,optimal
2021-02-08 02:00:00,10,2,0.9071650482065089,0.0,0.0,0.17493333333333333,optimal
2021-02-08 02:30:00,10,2,1.1428571428571428,0.0,0.0,0.1662,optimal
2021-02-08 03:00:00,10,2,1.1428571428571428,0.0,0.0,0.12833333333333335,optimal
2021-02-08 03:30:00,10,2,1.1428571428571428,0.0,0.0,0.08553333333333334,optimal
2021-02-08 04:00:00,10,2,1.1428571428571428,0.0,0.0,0.1164,optimal
2021-02-08 04:30:00,10,2,1.1428571428571428,0.0,0.0,0.2288,optimal
2021-02-08 05:00:00,10,2,1.1428571428571428,0.0,0.0,0.11553333333333332,optimal
2021-02-08 05:30:00,10,2,1.1428571428571428,0.0,0.0,0.21306666666666663,optimal
2021-02-08 06:00:00,10,2,1.1428571428571428,0.0,0.0,0.15106666666666665,optimal
2021-02-08 06:30:00,10,2,1.1428571428571428,0.0,0.0,0.057,optimal
2021-02-08 07:00:00,10,2,1.1428571428571428,0.0,0.0,0.2586,optimal
2021-02-08 07:30:00,10,2,1.1428571428571428,0.0774074074074074,0.0,0.529,optimal
2021-02-08 08:00:00,10,2,0.4188673956392268,0.6966666666666667,0.0,0.9270333333333332,optimal
2021-02-08 08:30:00,10,2,0.45687302355234516,0.46444444444444444,0.0,1.9133666666666664,optimal
2021-02-08 09:00:00,10,2,0.43421475319882347,0.23222222222222222,0.0,3.5999333333333334,optimal
2021-02-08 09:30:00,10,2,0.5447482160910518,6.037777777777777,0.0,0.27693333333333336,optimal
2021-02-08 10:00:00,10,2,0.41666651019816153,0.1548148148148148,0.0,1.7561666666666667,optimal
2021-02-08 10:30:00,10,2,0.45773304730593883,0.0774074074074074,0.0,1.2998333333333332,optimal
2021-02-08 11:00:00,10,2,0.4193296479234732,0.0,0.0,0.31689999999999996,optimal
2021-02-08 11:30:00,10,2,0.2839716390579693,0.0774074074074074,0.0,2.6638,optimal
2021-02-08 12:00:00,10,2,0.3697137882454328,0.387037037037037,0.0,0.25903333333333334,optimal
2021-02-08 12:30:00,10,2,0.3646815800382472,0.2740222222222222,0.0,0.2551,optimal
2021-02-08 13:00:00,10,2,0.4375707961876058,0.11301481481481486,0.0,0.3554333333333333,optimal
2021-02-08 13:30:00,10,2,1.1428571428571428,0.0774074074074074,0.0,0.4844666666666666,optimal
2021-02-08 14:00:00,10,2,1.1428571428571428,0.3096296296296296,0.0,0.4264,optimal
2021-02-08 14:30:00,10,2,1.1428571428571428,0.0,0.0,0.5614,optimal
2021-02-08 15:00:00,10,2,1.1428571428571428,0.46444444444444444,0.0,4.276133333333333,optimal
2021-02-08 15:30:00,10,2,1.1428571428571428,0.0774074074074074,0.0,0.2012333333333333,optimal
2021-02-08 16:00:00,10,2,0.0,0.23222222222222222,0.0,0.27476666666666666,optimal
2021-02-08 16:30:00,10,2,0.0,0.774074074074074,0.0,0.38780000000000003,optimal
2021-02-08 17:00:00,10,2,0.0,0.387037037037037,0.0,0.23266666666666663,optimal
2021-02-08 17:30:00,10,2,0.0,0.0774074074074074,0.0,0.4329333333333333,optimal
2021-02-08 18:00:00,10,2,0.0,0.3096296296296296,0.0,1.9821,optimal
2021-02-08 18:30:00,10,2,0.0,0.0,0.0,3.9289,optimal
2021-02-08 19:00:00,10,2,0.0,0.3096296296296296,0.0,0.8965666666666667,optimal
2021-02-08 19:30:00,10,2,0.0,0.0,0.0,0.30846666666666667,optimal
2021-02-08 20:00:00,10,2,0.0,0.6192592592592592,0.0,0.33153333333333335,optimal
2021-02-08 20:30:00,10,2,0.0,0.0,0.0,0.4966666666666667,optimal
2021-02-08 21:00:00,10,2,0.0,0.3096296296296296,0.0,0.8951,optimal
2021-02-08 21:30:00,10,2,0.0,0.1548148148148148,0.0,2.891333333333333,optimal
2021-02-08 22:00:00,10,2,0.0,0.0,0.0,3.022333333333333,optimal
2021-02-08 22:30:00,10,2,0.0,0.0,0.0,0.067,optimal
2021-02-08 23:00:00,10,2,0.0,0.0,0.0,0.23706666666666665,optimal
2021-02-08 23:30:00,10,2,0.0,0.0,0.0,0.16686666666666666,optimal
2021-02-09 00:00:00,10,2,0.0,0.3096296296296296,0.0,0.16963333333333333,optimal
2021-02-09 00:30:00,10,2,0.0,2.2448148148148146,0.0,0.4159666666666666,optimal
2021-02-09 01:00:00,10,2,0.0,0.6192592592592592,0.0,0.238,optimal
2021-02-09 01:30:00,10,2,0.1684734579773551,0.0,0.0,0.17033333333333334,optimal
2021-02-09 02:00:00,10,2,1.1428571428571428,0.0,0.0,0.3336,optimal
2021-02-09 02:30:00,10,2,1.1428571428571428,0.0,0.0,0.3791333333333333,optimal
2021-02-09 03:00:00,10,2,1.1428571428571428,0.0,0.0,0.1338,optimal
2021-02-09 03:30:00,10,2,1.1428571428571428,0.0,0.0,0.10733333333333331,optimal
2021-02-09 04:00:00,10,2,1.1428571428571428,0.0,0.0,0.069,optimal
2021-02-09 04:30:00,10,2,1.1428571428571428,0.0,0.0,0.069,optimal
2021-02-09 05:00:00,10,2,1.1428571428571428,0.0,0.0,0.1849333333333333,optimal
2021-02-09 05:30:00,10,2,1.1428571428571428,0.0,0.0,0.10740000000000001,optimal
2021-02-09 06:00:00,10,2,1.1428571428571428,0.0,2.8769598278034594,0.08433333333333333,optimal
2021-02-09 06:30:00,10,2,1.1428571428571428,0.46444444444444444,10.0,0.2724,optimal
2021-02-09 07:00:00,10,2,1.1428571428571428,0.46444444444444444,10.0,0.4044666666666666,optimal
2021-02-09 07:30:00,10,2,1.1428571428571428,0.3096296296296296,0.0,0.7092999999999999,optimal
2021-02-09 08:00:00,10,2,0.6546989992382486,0.0774074074074074,0.0,1.1336666666666668,optimal
2021-02-09 08:30:00,10,2,0.7329143668923827,0.23222222222222222,0.0,0.19713333333333333,optimal
2021-02-09 09:00:00,10,2,0.7436109374920579,0.0,0.0,0.24659999999999999,optimal
2021-02-09 09:30:00,10,2,0.731571196609853,0.0,0.0,0.2891,optimal
2021-02-09 10:00:00,10,2,0.6298075072892015,0.0,0.0,0.18753333333333333,optimal
2021-02-09 10:30:00,10,2,0.6278286756016398,0.0,0.0,0.11166666666666669,optimal
2021-02-09 11:00:00,10,2,0.5371686870771624,0.0,0.0,0.069,optimal
2021-02-09 11:30:00,10,2,0.5106487302634569,0.0,0.0,0.15433333333333335,optimal
2021-02-09 12:00:00,10,2,0.44877861336521474,0.0,0.0,0.138,optimal
2021-02-09 12:30:00,10,2,0.46575571303605096,0.0,0.0,0.08606666666666667,optimal
2021-02-09 13:00:00,10,2,1.1428571428571428,0.0,0.0,0.20626666666666668,optimal
2021-02-09 13:30:00,10,2,1.1428571428571428,0.0,0.0,0.069,optimal
2021-02-09 14:00:00,10,2,1.1428571428571428,0.0,0.0,0.267,optimal
2021-02-09 14:30:00,10,2,1.1428571428571428,0.0,0.0,0.2911,optimal
2021-02-09 15:00:00,10,2,1.1428571428571428,0.23222222222222222,0.0,0.2483333333333333,optimal
2021-02-09 15:30:00,10,2,1.1428571428571428,0.0,0.0,0.4128,optimal
2021-02-09 16:00:00,10,2,0.0,0.1548148148148148,0.0,0.2317333333333333,optimal
2021-02-09 16:30:00,10,2,0.0,0.0,0.0,0.15369999999999998,optimal
2021-02-09 17:00:00,10,2,0.0,0.0,0.0,0.13169999999999998,optimal
2021-02-09 17:30:00,10,2,0.0,0.0,0.0,0.1572333333333333,optimal
2021-02-09 18:00:00,10,2,0.0,0.0,0.0,0.20806666666666662,optimal
2021-02-09 18:30:00,10,2,0.0,0.3096296296296296,0.0,3.6915,optimal
2021-02-09 19:00:00,10,2,0.0,0.0774074074074074,0.0,1.0483333333333333,optimal
2021-02-09 19:30:00,10,2,0.3590988630992264,0.46444444444444444,0.0,0.8787,optimal
2021-02-09 20:00:00,10,2,0.5644634164617045,0.5418518518518518,0.0,0.5630333333333333,optimal
2021-02-09 20:30:00,10,2,0.0,0.1548148148148148,0.0,0.4109,optimal
2021-02-09 21:00:00,10,2,0.0,0.0,0.0,0.33676666666666666,optimal
2021-02-09 21:30:00,10,2,0.0,0.0,0.0,0.4515,optimal
2021-02-09 22:00:00,10,2,0.0,0.0,0.0,1.8878,optimal
2021-02-09 22:30:00,10,2,0.0,0.0,0.0,1.2659333333333334,optimal
2021-02-09 23:00:00,10,2,0.0,0.1548148148148148,0.0,0.29419999999999996,optimal
2021-02-09 23:30:00,10,2,0.0,0.0,0.0,0.3921,optimal
2021-02-10 00:00:00,10,2,0.0,0.0,0.0,1.234,optimal
2021-02-10 00:30:00,10,2,0.0,0.0774074074074074,0.0,0.07753333333333333,optimal
2021-02-10 01:00:00,10,2,0.31717461331292524,0.0,0.0,0.066,optimal
2021-02-10 01:30:00,10,2,1.1428571428571428,0.0,0.0,0.066,optimal
2021-02-10 02:00:00,10,2,1.1428571428571428,0.0,0.0,0.066,optimal
2021-02-10 02:30:00,10,2,1.1428571428571428,0.0,0.0,0.10126666666666669,optimal
2021-02-10 03:00:00,10,2,1.1428571428571428,0.0,0.0,0.1216,optimal
2021-02-10 03:30:00,10,2,1.1428571428571428,0.0,0.0,0.066,optimal
2021-02-10 04:00:00,10,2,1.1428571428571428,0.0,0.0,0.066,optimal
2021-02-10 04:30:00,10,2,1.1428571428571428,0.0,0.0,0.066,optimal
2021-02-10 05:00:00,10,2,1.1428571428571428,0.0,0.0,0.066,optimal
2021-02-10 05:30:00,10,2,1.1428571428571428,0.0,0.0,0.066,optimal
2021-02-10 06:00:00,10,2,1.1428571428571428,0.0,0.0,0.066,optimal
2021-02-10 06:30:00,10,2,1.1428571428571428,0.0,1.0841008576497453,0.066,optimal
2021-02-10 07:00:00,10,2,1.1428571428571428,0.0,10.0,0.066,optimal
2021-02-10 07:30:00,10,2,1.1428571428571428,0.0,0.0,0.066,optimal
2021-02-10 08:00:00,10,2,0.8140854900682591,0.0,0.0,0.066,optimal
2021-02-10 08:30:00,10,2,0.8055294723372517,0.0,0.0,0.066,optimal
2021-02-10 09:00:00,10,2,0.732575675474085,0.0,0.0,0.066,optimal
2021-02-10 09:30:00,10,2,0.7240196577430894,0.0,0.0,0.066,optimal
2021-02-10 10:00:00,10,2,0.49850434936604016,2.2448148148148146,0.0,0.208,optimal
2021-02-10 10:30:00,10,2,0.4381006694011154,0.23222222222222222,0.0,0.3466,optimal
2021-02-10 11:00:00,10,2,0.07577277883242332,0.0,0.0,1.6903333333333332,optimal
2021-02-10 11:30:00,10,2,0.33277857949072814,0.0,0.0,1.6941,optimal
2021-02-10 12:00:00,10,2,0.31933577391821605,0.23222222222222222,0.0,0.28953333333333336,optimal
2021-02-10 12:30:00,10,2,0.6895764314163862,0.387037037037037,0.0,0.3318,optimal
2021-02-10 13:00:00,10,2,1.1428571428571428,0.23222222222222222,0.0,0.36939999999999995,optimal
2021-02-10 13:30:00,10,2,1.1428571428571428,0.0,0.0,0.2035,optimal
2021-02-10 14:00:00,10,2,1.1428571428571428,0.0,0.0,0.066,optimal
2021-02-10 14:30:00,10,2,1.1428571428571428,0.0,0.0,0.066,optimal
2021-02-10 15:00:00,10,2,1.1428571428571428,0.0,0.0,0.066,optimal
2021-02-10 15:30:00,10,2,1.1428571428571428,0.0,0.0,0.066,optimal
2021-02-10 16:00:00,10,2,0.0,0.23222222222222222,0.0,0.26026666666666665,optimal
2021-02-10 16:30:00,10,2,0.0,0.1548148148148148,0.0,0.3038666666666667,optimal
2021-02-10 17:00:00,10,2,0.0,0.46444444444444444,0.0,1.8755,optimal
2021-02-10 17:30:00,10,2,0.0,0.23222222222222222,0.0,0.512,optimal
2021-02-10 18:00:00,10,2,0.0,0.0,0.0,0.406,optimal
2021-02-10 18:30:00,10,2,0.0,0.3096296296296296,0.0,0.4003,optimal
2021-02-10 19:00:00,10,2,0.0,0.23222222222222222,0.0,0.5636,optimal
2021-02-10 19:30:00,10,2,0.71341653614596,0.0,0.0,0.208,optimal
2021-02-10 20:00:00,10,2,0.6813972725954262,0.387037037037037,0.0,0.2698333333333333,optimal
2021-02-10 20:30:00,10,2,0.0,0.0,0.0,0.334,optimal
2021-02-10 21:00:00,10,2,0.0,0.0,0.0,0.27476666666666666,optimal
2021-02-10 21:30:00,10,2,0.0,0.0,0.0,0.2847333333333333,optimal
2021-02-10 22:00:00,10,2,0.0,0.0,0.0,0.347,optimal
2021-02-10 22:30:00,10,2,0.0,2.3222222222222215,0.0,0.3133333333333333,optimal
2021-02-10 23:00:00,10,2,0.0,0.0,0.0,0.24163333333333334,optimal
2021-02-10 23:30:00,10,2,0.0,2.7092592592592597,0.0,0.216,optimal
2021-02-11 00:00:00,10,2,1.1428571428571428,0.0,0.0,0.068,optimal
2021-02-11 00:30:00,10,2,1.1428571428571428,0.0,0.0,0.068,optimal
2021-02-11 01:00:00,10,2,1.1428571428571428,0.0,0.0,0.068,optimal
2021-02-11 01:30:00,10,2,1.1428571428571428,0.0,0.0,0.068,optimal
2021-02-11 02:00:00,10,2,1.1428571428571428,0.0,0.0,0.06666666666666667,optimal
2021-02-11 02:30:00,10,2,1.1428571428571428,0.0,0.0,0.068,optimal
2021-02-11 03:00:00,10,2,1.1428571428571428,0.0,0.0,0.068,optimal
2021-02-11 03:30:00,10,2,1.1428571428571428,0.0,0.0,0.068,optimal
2021-02-11 04:00:00,10,2,1.1428571428571428,0.0,0.0,0.068,optimal
2021-02-11 04:30:00,10,2,1.1428571428571428,7.044074074074074,0.0,0.07076666666666667,optimal
2021-02-11 05:00:00,10,2,1.1428571428571428,0.0,0.0,0.078,optimal
2021-02-11 05:30:00,10,2,1.1428571428571428,0.0,0.0,0.078,optimal
2021-02-11 06:00:00,10,2,1.1428571428571428,0.0,2.013569286748048,0.078,optimal
2021-02-11 06:30:00,10,2,1.1428571428571428,0.1548148148148148,10.0,0.10953333333333332,optimal
2021-02-11 07:00:00,10,2,1.1428571428571428,0.3096296296296296,10.0,0.42810000000000004,optimal
2021-02-11 07:30:00,10,2,1.1428571428571428,1.5333203720781108,0.0,0.15006666666666665,optimal
2021-02-11 08:00:00,10,2,0.7998305989367313,0.0,0.0,0.08023333333333334,optimal
2021-02-11 08:30:00,10,2,0.7256095169968803,0.0,0.0,0.489,optimal
2021-02-11 09:00:00,10,2,0.36758837328449484,0.5418518518518518,0.0,2.0289,optimal
2021-02-11 09:30:00,10,2,0.6327345603370755,2.39962962962963,0.0,0.2847,optimal
2021-02-11 10:00:00,10,2,0.5707851235839945,0.0,0.0,0.078,optimal
2021-02-11 10:30:00,10,2,0.4889198434436589,0.0,0.0,0.3387,optimal
2021-02-11 11:00:00,10,2,0.2532674184146064,0.23222222222222222,0.0,0.6129,optimal
2021-02-11 11:30:00,10,2,0.3609252090662102,0.0,0.0,0.3138,optimal
2021-02-11 12:00:00,10,2,0.5528616485694544,0.0,0.0,0.46316666666666667,optimal
2021-02-11 12:30:00,10,2,1.1428571428571428,0.0774074074074074,0.0,0.1276,optimal
2021-02-11 13:00:00,10,2,1.1428571428571428,0.0,0.0,0.216,optimal
2021-02-11 13:30:00,10,2,1.1428571428571428,0.23222222222222222,0.0,0.16956666666666667,optimal
2021-02-11 14:00:00,10,2,1.1428571428571428,0.0,0.0,0.078,optimal
2021-02-11 14:30:00,10,2,1.1428571428571428,0.0,0.0,0.078,optimal
2021-02-11 15:00:00,10,2,1.1428571428571428,0.0,0.0,0.078,optimal
2021-02-11 15:30:00,10,2,1.1428571428571428,0.0,0.0,0.078,optimal
2021-02-11 16:00:00,10,2,0.0,0.0,0.0,0.078,optimal
2021-02-11 16:30:00,10,2,0.0,0.0,0.0,0.078,optimal
2021-02-11 17:00:00,10,2,0.0,0.0,0.0,0.19876666666666667,optimal
2021-02-11 17:30:00,10,2,0.0,0.5418518518518518,0.0,0.08476666666666667,optimal
2021-02-11 18:00:00,10,2,0.0,0.5418518518518518,0.0,0.2672,optimal
2021-02-11 18:30:00,10,2,0.0,0.0,0.0,0.6171666666666666,optimal
2021-02-11 19:00:00,10,2,0.0,0.1548148148148148,0.0,1.6481333333333335,optimal
2021-02-11 19:30:00,10,2,0.6546328675930659,0.0,0.0,0.44430000000000003,optimal
2021-02-11 20:00:00,10,2,0.6902664623265863,0.0774074074074074,0.0,0.5513666666666667,optimal
2021-02-11 20:30:00,10,2,0.0,0.0774074074074074,0.0,0.5295666666666667,optimal
2021-02-11 21:00:00,10,2,0.0,0.1548148148148148,0.0,0.45166666666666666,optimal
2021-02-11 21:30:00,10,2,0.0,0.0,0.0,0.38680000000000003,optimal
2021-02-11 22:00:00,10,2,0.0,0.0774074074074074,0.0,1.5690333333333333,optimal
2021-02-11 22:30:00,10,2,0.0,0.0774074074074074,0.0,1.2155666666666667,optimal
2021-02-11 23:00:00,10,2,0.0,0.0,0.0,0.5472333333333333,optimal
2021-02-11 23:30:00,10,2,0.0,0.0,0.0,0.3703666666666667,optimal
2021-02-12 00:00:00,10,2,1.1428571428571428,4.644444444444443,0.0,0.13516666666666666,optimal
2021-02-12 00:30:00,10,2,1.1428571428571428,0.3096296296296296,0.0,0.38706666666666667,optimal
2021-02-12 01:00:00,10,2,1.1428571428571428,0.0,0.0,0.2338,optimal
2021-02-12 01:30:00,10,2,1.1428571428571428,0.0,0.0,0.2507333333333333,optimal
2021-02-12 02:00:00,10,2,1.1428571428571428,0.0,0.0,0.2093333333333333,optimal
2021-02-12 02:30:00,10,2,1.1428571428571428,0.0,0.0,0.062,optimal
2021-02-12 03:00:00,10,2,1.1428571428571428,0.0,0.0,0.22406666666666664,optimal
2021-02-12 03:30:00,10,2,1.1428571428571428,0.0,0.0,0.062,optimal
2021-02-12 04:00:00,10,2,1.1428571428571428,0.0,0.0,0.15776666666666667,optimal
2021-02-12 04:30:00,10,2,1.1428571428571428,0.0,0.0,0.12830000000000003,optimal
2021-02-12 05:00:00,10,2,1.1428571428571428,0.0,0.0,0.062,optimal
2021-02-12 05:30:00,10,2,1.1428571428571428,0.0,2.9533714072562134,0.22406666666666664,optimal
2021-02-12 06:00:00,10,2,1.1428571428571428,0.1548148148148148,10.0,0.23196666666666668,optimal
2021-02-12 06:30:00,10,2,1.1428571428571428,0.1548148148148148,0.0,0.3502333333333333,optimal
2021-02-12 07:00:00,10,2,1.1428571428571428,2.0899999999999994,0.0,0.2618333333333333,optimal
2021-02-12 07:30:00,10,2,1.1428571428571428,1.5419315201468822,0.0,0.2471,optimal
2021-02-12 08:00:00,10,2,0.8247857529417718,0.0,0.0,0.3649666666666666,optimal
2021-02-12 08:30:00,10,2,0.965065580196581,0.0,0.0,0.11633333333333332,optimal
2021-02-12 09:00:00,10,2,0.891532690960374,0.0,0.0,0.22406666666666664,optimal
2021-02-12 09:30:00,10,2,0.7438812578241466,0.46444444444444444,0.0,0.2322,optimal
2021-02-12 10:00:00,10,2,0.5529195103191831,0.0,0.0,1.5221,optimal
2021-02-12 10:30:00,10,2,0.5688227129524217,0.0,0.0,0.29606666666666664,optimal
2021-02-12 11:00:00,10,2,0.5021919343765565,0.0,0.0,0.1399,optimal
2021-02-12 11:30:00,10,2,0.8585319503753411,0.0,0.0,0.2887333333333333,optimal
2021-02-12 12:00:00,10,2,1.1428571428571428,0.0,0.0,0.22913333333333333,optimal
2021-02-12 12:30:00,10,2,1.1428571428571428,0.0,0.0,0.062,optimal
2021-02-12 13:00:00,10,2,1.1428571428571428,0.0,0.0,0.062,optimal
2021-02-12 13:30:00,10,2,1.1428571428571428,0.0,0.0,0.22406666666666664,optimal
2021-02-12 14:00:00,10,2,1.1428571428571428,0.0,0.0,0.062,optimal
2021-02-12 14:30:00,10,2,1.1428571428571428,0.0,0.0,0.062,optimal
2021-02-12 15:00:00,10,2,1.1428571428571428,0.0,0.0,0.1062,optimal
2021-02-12 15:30:00,10,2,1.1428571428571428,0.0,0.0,0.17986666666666667,optimal
2021-02-12 16:00:00,10,2,0.0,0.0,0.0,0.062,optimal
2021-02-12 16:30:00,10,2,0.0,0.0,0.0,0.0841,optimal
2021-02-12 17:00:00,10,2,0.0,0.0,0.0,0.2288,optimal
2021-02-12 17:30:00,10,2,0.0,0.23222222222222222,0.0,0.15819999999999998,optimal
2021-02-12 18:00:00,10,2,0.0,0.0,0.0,0.32430000000000003,optimal
2021-02-12 18:30:00,10,2,0.0,0.1548148148148148,0.0,0.071,optimal
2021-02-12 19:00:00,10,2,0.0,0.0,0.0,0.20196666666666666,optimal
2021-02-12 19:30:00,10,2,0.8339709514191287,0.0,0.0,0.0871,optimal
2021-02-12 20:00:00,10,2,0.7764584840941546,0.3096296296296296,0.0,0.06953333333333334,optimal
2021-02-12 20:30:00,10,2,0.0,0.0,0.0,0.46176666666666666,optimal
2021-02-12 21:00:00,10,2,0.0,0.0,0.0,0.09,optimal
2021-02-12 21:30:00,10,2,0.0,0.0,0.0,0.2592,optimal
2021-02-12 22:00:00,10,2,0.0,1.470740740740741,0.0,0.1829,optimal
2021-02-12 22:30:00,10,2,0.0,0.0,0.0,0.12093333333333334,optimal
2021-02-12 23:00:00,10,2,0.0,0.0,0.0,0.30046666666666666,optimal
2021-02-12 23:30:00,10,2,0.0,0.0,0.0,0.3232,optimal
2021-02-13 00:00:00,10,2,0.0,0.0,0.0,0.068,optimal
2021-02-13 00:30:00,10,2,1.0072871832761119,0.0,0.0,0.187,optimal
2021-02-13 01:00:00,10,2,1.1428571428571428,0.0,0.0,0.1494,optimal
2021-02-13 01:30:00,10,2,1.1428571428571428,0.0,0.0,0.0912,optimal
2021-02-13 02:00:00,10,2,1.1428571428571428,0.0,0.0,0.23966666666666664,optimal
2021-02-13 02:30:00,10,2,1.1428571428571428,0.0,0.0,0.11993333333333334,optimal
2021-02-13 03:00:00,10,2,1.1428571428571428,0.0,0.0,0.131,optimal
2021-02-13 03:30:00,10,2,1.1428571428571428,0.0,0.0,0.159,optimal
2021-02-13 04:00:00,10,2,1.1428571428571428,0.0,0.0,0.1376,optimal
2021-02-13 04:30:00,10,2,1.1428571428571428,0.0,0.0,0.187,optimal
2021-02-13 05:00:00,10,2,1.1428571428571428,0.0,0.0,0.103,optimal
2021-02-13 05:30:00,10,2,1.1428571428571428,0.0,0.0,0.07333333333333333,optimal
2021-02-13 06:00:00,10,2,1.1428571428571428,0.0,0.0,0.07266666666666667,optimal
2021-02-13 06:30:00,10,2,1.1428571428571428,0.0,3.0156187567938653,0.22786666666666666,optimal
2021-02-13 07:00:00,10,2,1.1428571428571428,0.0,10.0,0.1317333333333333,optimal
2021-02-13 07:30:00,10,2,1.1428571428571428,0.1548148148148148,0.0,0.06733333333333333,optimal
2021-02-13 08:00:00,10,2,0.8041879122566586,0.5418518518518518,0.0,0.17126666666666668,optimal
2021-02-13 08:30:00,10,2,0.5872108125858151,0.0774074074074074,0.0,1.1475333333333333,optimal
2021-02-13 09:00:00,10,2,0.4761400170727062,0.0,0.0,1.4756333333333334,optimal
2021-02-13 09:30:00,10,2,0.479193566337527,2.012592592592592,0.0,1.3565999999999998,optimal
2021-02-13 10:00:00,10,2,0.3913217713631554,0.0,0.0,1.4705333333333332,optimal
2021-02-13 10:30:00,10,2,0.3355180050256381,0.0,0.0,2.8487,optimal
2021-02-13 11:00:00,10,2,0.363743989860743,0.0774074074074074,0.0,1.9501666666666668,optimal
2021-02-13 11:30:00,10,2,0.43210593780894413,0.0,0.0,0.44356666666666666,optimal
2021-02-13 12:00:00,10,2,0.2689620171872614,0.1548148148148148,0.0,1.1665,optimal
2021-02-13 12:30:00,10,2,1.0232136521098738,0.387037037037037,0.0,1.1996,optimal
2021-02-13 13:00:00,10,2,1.1428571428571428,0.0,0.0,0.155,optimal
2021-02-13 13:30:00,10,2,1.1428571428571428,0.0,0.0,0.2246,optimal
2021-02-13 14:00:00,10,2,1.1428571428571428,0.0,0.0,0.078,optimal
2021-02-13 14:30:00,10,2,1.1428571428571428,0.0,0.0,0.12366666666666669,optimal
2021-02-13 15:00:00,10,2,1.1428571428571428,0.0,0.0,0.2559333333333333,optimal
2021-02-13 15:30:00,10,2,1.1428571428571428,0.0,0.0,0.39453333333333335,optimal
2021-02-13 16:00:00,10,2,0.0,0.0,0.0,0.5687666666666666,optimal
2021-02-13 16:30:00,10,2,0.0,0.0,0.0,0.4187666666666667,optimal
2021-02-13 17:00:00,10,2,0.0,0.23222222222222222,0.0,0.28513333333333335,optimal
2021-02-13 17:30:00,10,2,0.0,0.0774074074074074,0.0,0.43260000000000004,optimal
2021-02-13 18:00:00,10,2,0.0,0.0,0.0,0.4495,optimal
2021-02-13 18:30:00,10,2,0.0,0.1548148148148148,0.0,0.1389,optimal
2021-02-13 19:00:00,10,2,0.0,0.0,0.0,0.39503333333333335,optimal
2021-02-13 19:30:00,10,2,0.6358471418953222,0.3096296296296296,0.0,0.3836,optimal
2021-02-13 20:00:00,10,2,0.5969061031417766,0.0774074074074074,0.0,0.5426,optimal
2021-02-13 20:30:00,10,2,0.0,0.0,0.0,0.46926666666666667,optimal
2021-02-13 21:00:00,10,2,0.0,0.0774074074074074,0.0,0.5201666666666667,optimal
2021-02-13 21:30:00,10,2,0.0,0.0,0.0,0.6227333333333334,optimal
2021-02-13 22:00:00,10,2,0.0,0.0,0.0,0.9188,optimal
2021-02-13 22:30:00,10,2,0.0,0.0,0.0,0.3648,optimal
2021-02-13 23:00:00,10,2,0.0,0.0,0.0,0.31693333333333334,optimal
2021-02-13 23:30:00,10,2,0.0,0.0,0.0,0.232,optimal
2021-02-07 00:00:00,11,2,0.0,0.0,0.0,0.05666666666666666,optimal
2021-02-07 00:30:00,11,2,0.0,0.0,0.0,0.1158,optimal
2021-02-07 01:00:00,11,2,0.0,0.0,0.0,0.051,optimal
2021-02-07 01:30:00,11,2,0.0,0.0,0.0,0.0582,optimal
2021-02-07 02:00:00,11,2,0.0,0.0,0.0,0.10859999999999999,optimal
2021-02-07 02:30:00,11,2,0.0,0.0,0.0,0.051,optimal
2021-02-07 03:00:00,11,2,0.0,0.0,0.0,0.1158,optimal
2021-02-07 03:30:00,11,2,0.0,0.0,0.0,0.051,optimal
2021-02-07 04:00:00,11,2,1.1428571428571428,0.0,0.0,0.051,optimal
2021-02-07 04:30:00,11,2,1.1428571428571428,0.0,0.0,0.051,optimal
2021-02-07 05:00:00,11,2,1.1428571428571428,0.0,0.0,0.0546,optimal
2021-02-07 05:30:00,11,2,1.1428571428571428,0.0,0.0,0.11220000000000001,optimal
2021-02-07 06:00:00,11,2,1.1428571428571428,0.0,0.0,0.051,optimal
2021-02-07 06:30:00,11,2,1.1428571428571428,0.0,0.0,0.07626666666666666,optimal
2021-02-07 07:00:00,11,2,1.1428571428571428,0.0,1.7076336144509696,0.1042,optimal
2021-02-07 07:30:00,11,2,0.0,0.35142962962962954,0.0,0.050333333333333334,optimal
2021-02-07 08:00:00,11,2,0.4201799378644456,0.5774592592592593,0.0,0.13,optimal
2021-02-07 08:30:00,11,2,0.5735116833037945,0.0,0.0,0.22,optimal
2021-02-07 09:00:00,11,2,0.5748121374778928,0.3096296296296296,0.0,0.166,optimal
2021-02-07 09:30:00,11,2,0.6147017044737075,0.0,0.0,0.13406666666666667,optimal
2021-02-07 10:00:00,11,2,0.557180575453546,0.0,0.0,0.27516666666666667,optimal
2021-02-07 10:30:00,11,2,0.5987633462238023,0.0,0.0,0.15130000000000002,optimal
2021-02-07 11:00:00,11,2,0.6074252455240016,0.23222222222222222,0.0,0.11846666666666668,optimal
2021-02-07 11:30:00,11,2,0.6090157217144717,0.0,0.0,0.0629,optimal
2021-02-07 12:00:00,11,2,0.5515930881659209,0.0,0.0,0.12423333333333332,optimal
2021-02-07 12:30:00,11,2,0.9442193497495461,0.0,0.0,0.13823333333333332,optimal
2021-02-07 13:00:00,11,2,1.1428571428571428,0.0,0.0,0.14123333333333332,optimal
2021-02-07 13:30:00,11,2,1.1428571428571428,0.0,0.0,0.15153333333333333,optimal
2021-02-07 14:00:00,11,2,1.1428571428571428,0.23222222222222222,0.0,0.28886666666666666,optimal
2021-02-07 14:30:00,11,2,1.1428571428571428,0.0,0.0,0.25553333333333333,optimal
2021-02-07 15:00:00,11,2,1.1428571428571428,0.0,0.0,0.2842,optimal
2021-02-07 15:30:00,11,2,1.1428571428571428,0.0,0.0,0.1837,optimal
2021-02-07 16:00:00,11,2,0.0,0.0,0.0,0.2086,optimal
2021-02-07 16:30:00,11,2,0.0,0.387037037037037,0.0,0.22726666666666667,optimal
2021-02-07 17:00:00,11,2,0.0,0.1548148148148148,0.0,0.2262333333333333,optimal
2021-02-07 17:30:00,11,2,0.0,0.6192592592592592,0.0,0.149,optimal
2021-02-07 18:00:00,11,2,0.0,0.0,0.0,1.0617333333333332,optimal
2021-02-07 18:30:00,11,2,0.0,0.23222222222222222,0.0,0.5105,optimal
2021-02-07 19:00:00,11,2,0.0,0.6966666666666667,0.0,0.21126666666666669,optimal
2021-02-07 19:30:00,11,2,0.5729422890531607,0.23222222222222222,0.0,0.351,optimal
2021-02-07 20:00:00,11,2,0.5601708604817273,0.387037037037037,0.0,0.315,optimal
2021-02-07 20:30:00,11,2,0.0,0.387037037037037,0.0,0.33646666666666664,optimal
2021-02-07 21:00:00,11,2,0.0,0.0,0.0,1.9837,optimal
2021-02-07 21:30:00,11,2,0.0,0.0,0.0,2.2544333333333335,optimal
2021-02-07 22:00:00,11,2,0.0,0.0,0.0,0.6512666666666667,optimal
2021-02-07 22:30:00,11,2,0.0,0.0,0.0,0.2214,optimal
2021-02-07 23:00:00,11,2,0.0,0.0,0.0,0.2319,optimal
2021-02-07 23:30:00,11,2,0.0,0.0,0.0,0.0718,optimal
2021-02-08 00:00:00,11,2,0.0,0.0,0.0,0.073,optimal
2021-02-08 00:30:00,11,2,0.0,0.0,0.0,0.12966666666666665,optimal
2021-02-08 01:00:00,11,2,0.3360523631255982,0.0,0.0,0.07286666666666666,optimal
2021-02-08 01:30:00,11,2,1.1428571428571428,0.0,0.0,0.10753333333333331,optimal
2021-02-08 02:00:00,11,2,1.1428571428571428,0.0,0.0,0.059,optimal
2021-02-08 02:30:00,11,2,1.1428571428571428,0.0,0.0,0.059,optimal
2021-02-08 03:00:00,11,2,1.1428571428571428,0.0,0.0,0.059,optimal
2021-02-08 03:30:00,11,2,1.1428571428571428,0.0,0.0,0.111,optimal
2021-02-08 04:00:00,11,2,1.1428571428571428,0.0,0.0,0.0694,optimal
2021-02-08 04:30:00,11,2,1.1428571428571428,0.0,0.0,0.059,optimal
2021-02-08 05:00:00,11,2,1.1428571428571428,0.0,0.0,0.07633333333333332,optimal
2021-02-08 05:30:00,11,2,1.1428571428571428,0.0,0.0,0.10406666666666667,optimal
2021-02-08 06:00:00,11,2,1.1428571428571428,0.0,0.0,0.0902,optimal
2021-02-08 06:30:00,11,2,1.1428571428571428,0.0,5.708950566595721,0.0902,optimal
2021-02-08 07:00:00,11,2,1.1428571428571428,0.0,10.0,0.059,optimal
2021-02-08 07:30:00,11,2,1.1428571428571428,0.0,0.0,0.05966666666666666,optimal
2021-02-08 08:00:00,11,2,0.7834959670677983,0.0,0.0,0.06833333333333333,optimal
2021-02-08 08:30:00,11,2,0.7877739759333081,0.0,0.0,0.059,optimal
2021-02-08 09:00:00,11,2,0.7093176103416861,0.0,0.0,0.11033333333333331,optimal
2021-02-08 09:30:00,11,2,0.674672025614858,0.0,0.0,0.0674,optimal
2021-02-08 10:00:00,11,2,0.4778836530553147,0.0,0.0,0.4048333333333333,optimal
2021-02-08 10:30:00,11,2,0.5401197139726035,0.0,0.0,0.19733333333333328,optimal
2021-02-08 11:00:00,11,2,0.42772393363775213,0.0,0.0,0.32076666666666664,optimal
2021-02-08 11:30:00,11,2,0.36381925810558335,0.0,0.0,1.5993333333333333,optimal
2021-02-08 12:00:00,11,2,0.4359899787216207,0.46444444444444444,0.0,0.2768,optimal
2021-02-08 12:30:00,11,2,0.7321150007403966,0.0,0.0,0.18053333333333332,optimal
2021-02-08 13:00:00,11,2,1.1428571428571428,0.0,0.0,0.19233333333333327,optimal
2021-02-08 13:30:00,11,2,1.1428571428571428,0.0,0.0,0.21956666666666663,optimal
2021-02-08 14:00:00,11,2,1.1428571428571428,0.0,0.0,0.3985666666666667,optimal
2021-02-08 14:30:00,11,2,1.1428571428571428,0.3096296296296296,0.0,1.5428666666666666,optimal
2021-02-08 15:00:00,11,2,1.1428571428571428,0.0,0.0,0.258,optimal
2021-02-08 15:30:00,11,2,1.1428571428571428,0.0,0.0,0.2369333333333333,optimal
2021-02-08 16:00:00,11,2,0.0,0.46444444444444444,0.0,0.203,optimal
2021-02-08 16:30:00,11,2,0.0,0.46444444444444444,0.0,0.3442,optimal
2021-02-08 17:00:00,11,2,0.0,0.0774074074074074,0.0,1.7755999999999998,optimal
2021-02-08 17:30:00,11,2,0.0,0.1548148148148148,0.0,0.34036666666666665,optimal
2021-02-08 18:00:00,11,2,0.0,0.0,0.0,0.22876666666666667,optimal
2021-02-08 18:30:00,11,2,0.0,0.0,0.0,1.5634000000000001,optimal
2021-02-08 19:00:00,11,2,0.0,0.0,0.0,0.2717,optimal
2021-02-08 19:30:00,11,2,0.5610916855861982,0.1548148148148148,0.0,1.5041333333333335,optimal
2021-02-08 20:00:00,11,2,0.6598820322177819,0.0,0.0,0.22173333333333328,optimal
2021-02-08 20:30:00,11,2,0.0,0.0,0.0,0.25,optimal
2021-02-08 21:00:00,11,2,0.0,0.0,0.0,0.23733333333333329,optimal
2021-02-08 21:30:00,11,2,0.0,0.23222222222222222,0.0,0.4754666666666666,optimal
2021-02-08 22:00:00,11,2,0.0,0.0,0.0,0.334,optimal
2021-02-08 22:30:00,11,2,0.0,0.0,0.0,0.2685,optimal
2021-02-08 23:00:00,11,2,0.0,0.0,0.0,0.167,optimal
2021-02-08 23:30:00,11,2,0.0,0.0,0.0,0.12833333333333335,optimal
2021-02-09 00:00:00,11,2,0.0,0.0,0.0,0.056,optimal
2021-02-09 00:30:00,11,2,0.0,0.0,0.0,0.1256,optimal
2021-02-09 01:00:00,11,2,0.3016713685506898,0.0,0.0,0.07540000000000001,optimal
2021-02-09 01:30:00,11,2,1.1428571428571428,0.0,0.0,0.27953333333333336,optimal
2021-02-09 02:00:00,11,2,1.1428571428571428,0.0,0.0,0.056,optimal
2021-02-09 02:30:00,11,2,1.1428571428571428,0.0,0.0,0.288,optimal
2021-02-09 03:00:00,11,2,1.1428571428571428,0.0,0.0,0.13653333333333334,optimal
2021-02-09 03:30:00,11,2,1.1428571428571428,0.0,0.0,0.0854,optimal
2021-02-09 04:00:00,11,2,1.1428571428571428,0.0,0.0,0.33913333333333334,optimal
2021-02-09 04:30:00,11,2,1.1428571428571428,0.0,0.0,0.056,optimal
2021-02-09 05:00:00,11,2,1.1428571428571428,0.0,0.0,0.2625,optimal
2021-02-09 05:30:00,11,2,1.1428571428571428,0.0,0.0,0.16203333333333333,optimal
2021-02-09 06:00:00,11,2,1.1428571428571428,0.0,0.0,0.056,optimal
2021-02-09 06:30:00,11,2,1.1428571428571428,0.0,9.163305849607005,0.15816666666666665,optimal
2021-02-09 07:00:00,11,2,1.1428571428571428,4.644444444444443,0.0,0.30246666666666666,optimal
2021-02-09 07:30:00,11,2,1.1428571428571428,1.8206222222222221,0.0,0.19516666666666663,optimal
2021-02-09 08:00:00,11,2,0.6607256659049178,0.34678518518518503,0.0,0.25610000000000005,optimal
2021-02-09 08:30:00,11,2,0.644961985940007,1.7029629629629628,0.0,0.26103333333333334,optimal
2021-02-09 09:00:00,11,2,0.5954376041587329,0.23222222222222222,0.0,0.14716666666666667,optimal
2021-02-09 09:30:00,11,2,0.5445369108955611,0.1548148148148148,0.0,0.20106666666666664,optimal
2021-02-09 10:00:00,11,2,0.49418845967015124,0.0,0.0,0.586,optimal
2021-02-09 10:30:00,11,2,0.4380858184587744,0.0774074074074074,0.0,1.2835666666666665,optimal
2021-02-09 11:00:00,11,2,0.37270202041049966,0.1548148148148148,0.0,0.41856666666666664,optimal
2021-02-09 11:30:00,11,2,0.3163363493110724,0.387037037037037,0.0,0.43106666666666665,optimal
2021-02-09 12:00:00,11,2,0.19615575622235543,0.387037037037037,0.0,0.5103,optimal
2021-02-09 12:30:00,11,2,0.4678105619955569,0.0,0.0,0.6738999999999999,optimal
2021-02-09 13:00:00,11,2,1.1428571428571428,0.0,0.0,0.4549666666666666,optimal
2021-02-09 13:30:00,11,2,1.1428571428571428,0.23222222222222222,0.0,0.28646666666666665,optimal
2021-02-09 14:00:00,11,2,1.1428571428571428,0.0,0.0,0.14063333333333333,optimal
2021-02-09 14:30:00,11,2,1.1428571428571428,0.0,0.0,0.16163333333333332,optimal
2021-02-09 15:00:00,11,2,1.1428571428571428,0.0,0.0,0.066,optimal
2021-02-09 15:30:00,11,2,1.1428571428571428,0.0,0.0,0.14853333333333332,optimal
2021-02-09 16:00:00,11,2,0.0,0.0,0.0,0.19533333333333328,optimal
2021-02-09 16:30:00,11,2,0.0,0.0,0.0,0.066,optimal
2021-02-09 17:00:00,11,2,0.0,0.0,0.0,0.2714,optimal
2021-02-09 17:30:00,11,2,0.0,0.0,0.0,0.32743333333333335,optimal
2021-02-09 18:00:00,11,2,0.0,0.0,0.0,1.7340666666666666,optimal
2021-02-09 18:30:00,11,2,0.0,0.0,0.0,0.5206000000000001,optimal
2021-02-09 19:00:00,11,2,0.0,0.0774074074074074,0.0,0.42819999999999997,optimal
2021-02-09 19:30:00,11,2,0.4739300831283709,0.0774074074074074,0.0,0.4389333333333333,optimal
2021-02-09 20:00:00,11,2,0.4536062736045587,0.1548148148148148,0.0,0.5507000000000001,optimal
2021-02-09 20:30:00,11,2,0.0,0.1548148148148148,0.0,0.6071,optimal
2021-02-09 21:00:00,11,2,0.0,0.0,0.0,0.5682666666666667,optimal
2021-02-09 21:30:00,11,2,0.0,0.0,0.0,0.2622,optimal
2021-02-09 22:00:00,11,2,0.0,0.0,0.0,0.5883999999999999,optimal
2021-02-09 22:30:00,11,2,0.0,0.1548148148148148,0.0,0.39926666666666666,optimal
2021-02-09 23:00:00,11,2,0.0,0.0,0.0,0.16366666666666665,optimal
2021-02-09 23:30:00,11,2,0.0,0.0,0.0,0.27653333333333335,optimal
2021-02-10 00:00:00,11,2,0.0,0.1548148148148148,0.0,0.0704,optimal
2021-02-10 00:30:00,11,2,0.0,0.0,0.0,0.18059999999999998,optimal
2021-02-10 01:00:00,11,2,0.0,0.23222222222222222,0.0,0.122,optimal
2021-02-10 01:30:00,11,2,0.809798136333844,0.0,0.0,0.2066,optimal
2021-02-10 02:00:00,11,2,1.1428571428571428,0.0,0.0,0.10533333333333332,optimal
2021-02-10 02:30:00,11,2,1.1428571428571428,0.0,0.0,0.083,optimal
2021-02-10 03:00:00,11,2,1.1428571428571428,0.0,0.0,0.07579999999999999,optimal
2021-02-10 03:30:00,11,2,1.1428571428571428,0.0,0.0,0.047,optimal
2021-02-10 04:00:00,11,2,1.1428571428571428,0.0,0.0,0.11033333333333331,optimal
2021-02-10 04:30:00,11,2,1.1428571428571428,0.0,0.0,0.06246666666666667,optimal
2021-02-10 05:00:00,11,2,1.1428571428571428,0.0,0.0,0.0722,optimal
2021-02-10 05:30:00,11,2,1.1428571428571428,0.0,0.0,0.0866,optimal
2021-02-10 06:00:00,11,2,1.1428571428571428,0.0,0.0,0.047,optimal
2021-02-10 06:30:00,11,2,1.1428571428571428,0.5418518518518518,3.190538121256512,0.12066666666666669,optimal
2021-02-10 07:00:00,11,2,1.1428571428571428,0.1548148148148148,10.0,0.8696,optimal
2021-02-10 07:30:00,11,2,1.1428571428571428,0.46444444444444444,0.0,2.9555333333333333,optimal
2021-02-10 08:00:00,11,2,0.7408073948301579,0.5418518518518518,0.0,0.2004,optimal
2021-02-10 08:30:00,11,2,0.6628647104324871,0.3096296296296296,0.0,0.27586666666666665,optimal
2021-02-10 09:00:00,11,2,0.5744937707121801,0.3096296296296296,0.0,0.498,optimal
2021-02-10 09:30:00,11,2,0.619486324409752,0.0,0.0,0.3055,optimal
2021-02-10 10:00:00,11,2,0.48639958746126727,0.0,0.0,0.241,optimal
2021-02-10 10:30:00,11,2,0.45282066940112,0.0,0.0,0.44806666666666667,optimal
2021-02-10 11:00:00,11,2,0.3859975407371775,0.1548148148148148,0.0,1.3132000000000001,optimal
2021-02-10 11:30:00,11,2,0.48584143663358825,0.0,0.0,0.1778,optimal
2021-02-10 12:00:00,11,2,0.4753833929658413,0.0,0.0,0.047,optimal
2021-02-10 12:30:00,11,2,0.4568691072515518,0.0,0.0,0.1118,optimal
2021-02-10 13:00:00,11,2,1.1428571428571428,0.0,0.0,0.051,optimal
2021-02-10 13:30:00,11,2,1.1428571428571428,0.0,0.0,0.14473333333333332,optimal
2021-02-10 14:00:00,11,2,1.1428571428571428,0.46444444444444444,0.0,0.2186,optimal
2021-02-10 14:30:00,11,2,1.1428571428571428,0.0,0.0,0.4588666666666667,optimal
2021-02-10 15:00:00,11,2,1.1428571428571428,0.0,0.0,0.28086666666666665,optimal
2021-02-10 15:30:00,11,2,1.1428571428571428,0.0,0.0,0.9454,optimal
2021-02-10 16:00:00,11,2,0.0,0.774074074074074,0.0,0.701,optimal
2021-02-10 16:30:00,11,2,0.0,0.6192592592592592,0.0,1.2375333333333334,optimal
2021-02-10 17:00:00,11,2,0.0,0.6966666666666667,0.0,1.2629666666666668,optimal
2021-02-10 17:30:00,11,2,0.0,0.46444444444444444,0.0,0.09653333333333332,optimal
2021-02-10 18:00:00,11,2,0.0,0.46444444444444444,0.0,0.10223333333333331,optimal
2021-02-10 18:30:00,11,2,0.0,0.0774074074074074,0.0,1.619733333333333,optimal
2021-02-10 19:00:00,11,2,0.0,0.0,0.0,0.164,optimal
2021-02-10 19:30:00,11,2,0.0,0.0,0.0,0.37126666666666663,optimal
2021-02-10 20:00:00,11,2,0.5099448361380216,0.0,0.0,0.0584,optimal
2021-02-10 20:30:00,11,2,0.0,0.387037037037037,0.0,0.15380000000000002,optimal
2021-02-10 21:00:00,11,2,0.0,0.0774074074074074,0.0,0.089,optimal
2021-02-10 21:30:00,11,2,0.0,0.0,0.0,0.42619999999999997,optimal
2021-02-10 22:00:00,11,2,0.0,0.0774074074074074,0.0,0.1957333333333333,optimal
2021-02-10 22:30:00,11,2,0.0,0.0,0.0,0.198,optimal
2021-02-10 23:00:00,11,2,0.0,0.0,0.0,0.2204,optimal
2021-02-10 23:30:00,11,2,0.0,0.0,0.0,1.5175333333333334,optimal
2021-02-11 00:00:00,11,2,1.1428571428571428,0.0,0.0,0.059,optimal
2021-02-11 00:30:00,11,2,1.1428571428571428,0.0,0.0,0.059,optimal
2021-02-11 01:00:00,11,2,1.1428571428571428,0.0,0.0,0.0624,optimal
2021-02-11 01:30:00,11,2,1.1428571428571428,0.0,0.0,0.24159999999999998,optimal
2021-02-11 02:00:00,11,2,1.1428571428571428,0.0,0.0,0.08673333333333333,optimal
2021-02-11 02:30:00,11,2,1.1428571428571428,0.0,0.0,0.059,optimal
2021-02-11 03:00:00,11,2,1.1428571428571428,0.0,0.0,0.06593333333333334,optimal
2021-02-11 03:30:00,11,2,1.1428571428571428,0.0,0.0,0.26580000000000004,optimal
2021-02-11 04:00:00,11,2,1.1428571428571428,0.0,0.0,0.059,optimal
2021-02-11 04:30:00,11,2,1.1428571428571428,0.0,0.0,0.17293333333333333,optimal
2021-02-11 05:00:00,11,2,1.1428571428571428,0.0,0.0,0.15880000000000002,optimal
2021-02-11 05:30:00,11,2,1.1428571428571428,0.0,0.0,0.059,optimal
2021-02-11 06:00:00,11,2,1.1428571428571428,0.0,0.0,0.2764,optimal
2021-02-11 06:30:00,11,2,1.1428571428571428,0.0,0.0,0.069,optimal
2021-02-11 07:00:00,11,2,1.1428571428571428,0.6192592592592592,7.500750986291065,1.7142,optimal
2021-02-11 07:30:00,11,2,1.1428571428571428,5.609063723040928,0.0,1.0222666666666667,optimal
2021-02-11 08:00:00,11,2,0.6120210751272054,1.7168962962962961,0.0,0.7468666666666667,optimal
2021-02-11 08:30:00,11,2,0.7821142789016432,0.0774074074074074,0.0,0.101,optimal
2021-02-11 09:00:00,11,2,0.7515312304273485,0.23222222222222222,0.0,0.13613333333333333,optimal
2021-02-11 09:30:00,11,2,0.7387726555751748,0.0,0.0,0.10573333333333332,optimal
2021-02-11 10:00:00,11,2,0.5872517902506666,0.0,0.0,0.18686666666666668,optimal
2021-02-11 10:30:00,11,2,0.646596033919851,0.0,0.0,0.069,optimal
2021-02-11 11:00:00,11,2,0.5262959898431757,0.0,0.0,0.24180000000000001,optimal
2021-02-11 11:30:00,11,2,0.5318871138281218,0.0,0.0,0.10993333333333334,optimal
2021-02-11 12:00:00,11,2,0.1185162712786067,0.0,0.0,1.5076666666666667,optimal
2021-02-11 12:30:00,11,2,0.32701360785415323,0.0,0.0,0.2342,optimal
2021-02-11 13:00:00,11,2,1.1428571428571428,0.0,0.0,0.069,optimal
2021-02-11 13:30:00,11,2,1.1428571428571428,0.0,0.0,0.1522,optimal
2021-02-11 14:00:00,11,2,1.1428571428571428,0.0,0.0,0.1893333333333333,optimal
2021-02-11 14:30:00,11,2,1.1428571428571428,0.0,0.0,0.0792,optimal
2021-02-11 15:00:00,11,2,1.1428571428571428,0.0,0.0,0.22153333333333333,optimal
2021-02-11 15:30:00,11,2,1.1428571428571428,0.0,0.0,0.15506666666666666,optimal
2021-02-11 16:00:00,11,2,0.0,0.0,0.0,0.4205,optimal
2021-02-11 16:30:00,11,2,0.0,0.387037037037037,0.0,0.7522333333333333,optimal
2021-02-11 17:00:00,11,2,0.0,0.0774074074074074,0.0,0.5108,optimal
2021-02-11 17:30:00,11,2,0.0,0.6966666666666667,0.0,0.42253333333333337,optimal
2021-02-11 18:00:00,11,2,0.0,0.387037037037037,0.0,1.1388333333333334,optimal
2021-02-11 18:30:00,11,2,0.0,2.7866666666666666,0.0,2.0575666666666668,optimal
2021-02-11 19:00:00,11,2,0.0,0.0,0.0,0.5835333333333333,optimal
2021-02-11 19:30:00,11,2,0.7822614390216326,0.1548148148148148,0.0,0.49310000000000004,optimal
2021-02-11 20:00:00,11,2,0.7823712242313478,0.0,0.0,0.4721666666666667,optimal
2021-02-11 20:30:00,11,2,0.0,0.0,0.0,1.1971333333333334,optimal
2021-02-11 21:00:00,11,2,0.0,0.0,0.0,0.6438333333333334,optimal
2021-02-11 21:30:00,11,2,0.0,0.0774074074074074,0.0,1.1144,optimal
2021-02-11 22:00:00,11,2,0.0,0.0,0.0,1.3912666666666669,optimal
2021-02-11 22:30:00,11,2,0.0,0.0,0.0,0.3728,optimal
2021-02-11 23:00:00,11,2,0.0,0.0,0.0,0.15480000000000002,optimal
2021-02-11 23:30:00,11,2,0.0,0.0,0.0,0.17493333333333333,optimal
2021-02-12 00:00:00,11,2,1.1428571428571428,0.0,0.0,0.05546666666666667,optimal
2021-02-12 00:30:00,11,2,1.1428571428571428,0.0,0.0,0.045,optimal
2021-02-12 01:00:00,11,2,1.1428571428571428,0.0,0.0,0.045,optimal
2021-02-12 01:30:00,11,2,1.1428571428571428,0.0,0.0,0.045,optimal
2021-02-12 02:00:00,11,2,1.1428571428571428,0.0,0.0,0.111,optimal
2021-02-12 02:30:00,11,2,1.1428571428571428,0.0,0.0,0.045,optimal
2021-02-12 03:00:00,11,2,1.1428571428571428,0.0,0.0,0.045,optimal
2021-02-12 03:30:00,11,2,1.1428571428571428,0.0,0.0,0.111,optimal
2021-02-12 04:00:00,11,2,1.1428571428571428,0.0,0.0,0.045,optimal
2021-02-12 04:30:00,11,2,1.1428571428571428,0.0,0.0,0.045,optimal
2021-02-12 05:00:00,11,2,1.1428571428571428,0.0,0.0,0.08166666666666667,optimal
2021-02-12 05:30:00,11,2,1.1428571428571428,0.0,0.0,0.07433333333333333,optimal
2021-02-12 06:00:00,11,2,1.1428571428571428,0.0,0.0,0.05666666666666666,optimal
2021-02-12 06:30:00,11,2,1.1428571428571428,0.6966666666666667,2.132481698156994,1.2359666666666667,optimal
2021-02-12 07:00:00,11,2,1.1428571428571428,0.46444444444444444,10.0,0.096,optimal
2021-02-12 07:30:00,11,2,1.1428571428571428,4.829683777343773,0.0,0.2523,optimal
2021-02-12 08:00:00,11,2,0.7897190862751138,0.1548148148148148,0.0,0.154,optimal
2021-02-12 08:30:00,11,2,0.7576579611489715,2.2448148148148146,0.0,1.018,optimal
2021-02-12 09:00:00,11,2,0.6989041195318018,0.6966666666666667,0.0,0.26646666666666663,optimal
2021-02-12 09:30:00,11,2,0.5823784006812891,1.0837037037037036,0.0,0.4044,optimal
2021-02-12 10:00:00,11,2,0.6349823674620444,0.0,0.0,0.066,optimal
2021-02-12 10:30:00,11,2,0.6052989034286181,0.0,0.0,0.11,optimal
2021-02-12 11:00:00,11,2,0.5084147915194129,0.0,0.0,0.055,optimal
2021-02-12 11:30:00,11,2,0.5031329299438022,0.0,0.0,0.066,optimal
2021-02-12 12:00:00,11,2,0.45289268776325947,0.0,0.0,0.11,optimal
2021-02-12 12:30:00,11,2,0.6349195218166063,0.0,0.0,0.055,optimal
2021-02-12 13:00:00,11,2,1.1428571428571428,0.0,0.0,0.055,optimal
2021-02-12 13:30:00,11,2,1.1428571428571428,0.0,0.0,0.055,optimal
2021-02-12 14:00:00,11,2,1.1428571428571428,0.0,0.0,0.121,optimal
2021-02-12 14:30:00,11,2,1.1428571428571428,0.0,0.0,0.055,optimal
2021-02-12 15:00:00,11,2,1.1428571428571428,0.0,0.0,0.121,optimal
2021-02-12 15:30:00,11,2,1.1428571428571428,0.1548148148148148,0.0,0.19876666666666667,optimal
2021-02-12 16:00:00,11,2,0.0,0.0,0.0,0.121,optimal
2021-02-12 16:30:00,11,2,0.0,0.23222222222222222,0.0,0.22426666666666667,optimal
2021-02-12 17:00:00,11,2,0.0,0.0774074074074074,0.0,0.3041333333333333,optimal
2021-02-12 17:30:00,11,2,0.0,0.0,0.0,0.27996666666666664,optimal
2021-02-12 18:00:00,11,2,0.0,0.3096296296296296,0.0,1.3236333333333334,optimal
2021-02-12 18:30:00,11,2,0.0,0.23222222222222222,0.0,2.6374666666666666,optimal
2021-02-12 19:00:00,11,2,0.0,0.23222222222222222,0.0,0.4276666666666667,optimal
2021-02-12 19:30:00,11,2,0.5483709514191362,0.0,0.0,0.47103333333333336,optimal
2021-02-12 20:00:00,11,2,0.7458584840941583,0.0,0.0,0.15033333333333335,optimal
2021-02-12 20:30:00,11,2,0.0,0.0,0.0,0.055,optimal
2021-02-12 21:00:00,11,2,0.0,0.0,0.0,0.055,optimal
2021-02-12 21:30:00,11,2,0.0,0.0,0.0,0.121,optimal
2021-02-12 22:00:00,11,2,0.0,0.0,0.0,0.055,optimal
2021-02-12 22:30:00,11,2,0.0,0.0,0.0,0.066,optimal
2021-02-12 23:00:00,11,2,0.0,0.0,0.0,0.11,optimal
2021-02-12 23:30:00,11,2,0.0,0.0,0.0,0.17306666666666667,optimal
2021-02-13 00:00:00,11,2,0.0,0.1548148148148148,0.0,0.06676666666666667,optimal
2021-02-13 00:30:00,11,2,0.397963972800622,0.3096296296296296,0.0,0.12440000000000001,optimal
2021-02-13 01:00:00,11,2,1.1428571428571428,0.387037037037037,0.0,0.255,optimal
2021-02-13 01:30:00,11,2,1.1428571428571428,0.0,0.0,0.3772,optimal
2021-02-13 02:00:00,11,2,1.1428571428571428,0.0,0.0,0.343,optimal
2021-02-13 02:30:00,11,2,1.1428571428571428,0.0,0.0,0.7766000000000001,optimal
2021-02-13 03:00:00,11,2,1.1428571428571428,0.1548148148148148,0.0,0.40986666666666666,optimal
2021-02-13 03:30:00,11,2,1.1428571428571428,0.0,0.0,0.063,optimal
2021-02-13 04:00:00,11,2,1.1428571428571428,0.0,0.0,0.063,optimal
2021-02-13 04:30:00,11,2,1.1428571428571428,0.0,0.0,0.206,optimal
2021-02-13 05:00:00,11,2,1.1428571428571428,0.0,0.0,0.063,optimal
2021-02-13 05:30:00,11,2,1.1428571428571428,0.0,0.0,0.063,optimal
2021-02-13 06:00:00,11,2,1.1428571428571428,0.0,0.0,0.18,optimal
2021-02-13 06:30:00,11,2,1.1428571428571428,0.0,0.0,0.089,optimal
2021-02-13 07:00:00,11,2,1.1428571428571428,0.0,0.0,0.089,optimal
2021-02-13 07:30:00,11,2,1.1428571428571428,0.0,0.0,0.18,optimal
2021-02-13 08:00:00,11,2,0.8419212455899949,0.0,0.0,0.063,optimal
2021-02-13 08:30:00,11,2,0.8397822411572399,0.0,0.0,0.071,optimal
2021-02-13 09:00:00,11,2,0.7498295408822316,0.0,0.0,0.17016666666666666,optimal
2021-02-13 09:30:00,11,2,0.6445154710994281,6.192592592592591,0.0,0.3705,optimal
2021-02-13 10:00:00,11,2,0.4532093904107682,0.0774074074074074,0.0,0.4229,optimal
2021-02-13 10:30:00,11,2,0.4502951478827792,0.0,0.0,0.378,optimal
2021-02-13 11:00:00,11,2,0.37127160890836314,0.0,0.0,0.22390000000000002,optimal
2021-02-13 11:30:00,11,2,0.28596117590418246,0.1548148148148148,0.0,0.43976666666666664,optimal
2021-02-13 12:00:00,11,2,0.8440505169725665,0.46444444444444444,0.0,0.327,optimal
2021-02-13 12:30:00,11,2,1.1428571428571428,0.0,0.0,0.5251333333333333,optimal
2021-02-13 13:00:00,11,2,1.1428571428571428,0.0774074074074074,0.0,0.3663,optimal
2021-02-13 13:30:00,11,2,1.1428571428571428,0.0,3.2133236637279827,1.3389666666666666,optimal
2021-02-13 14:00:00,11,2,1.1428571428571428,0.0,10.0,0.26,optimal
2021-02-13 14:30:00,11,2,1.1428571428571428,0.0,0.0,0.33836666666666665,optimal
2021-02-13 15:00:00,11,2,1.1428571428571428,0.0,0.0,0.1315,optimal
2021-02-13 15:30:00,11,2,1.1428571428571428,0.0,0.0,0.073,optimal
2021-02-13 16:00:00,11,2,0.0,0.0,0.0,0.177,optimal
2021-02-13 16:30:00,11,2,0.0,0.0,0.0,0.38246666666666657,optimal
2021-02-13 17:00:00,11,2,0.0,0.0,0.0,1.4258666666666666,optimal
2021-02-13 17:30:00,11,2,0.0,0.0,0.0,0.073,optimal
2021-02-13 18:00:00,11,2,0.0,0.0,0.0,0.073,optimal
2021-02-13 18:30:00,11,2,0.0,0.0,0.0,0.216,optimal
2021-02-13 19:00:00,11,2,0.0,0.0,0.0,0.073,optimal
2021-02-13 19:30:00,11,2,0.8207423799905599,0.387037037037037,0.0,0.158,optimal
2021-02-13 20:00:00,11,2,0.7429918174274939,0.0,0.0,0.3153666666666667,optimal
2021-02-13 20:30:00,11,2,0.0,0.0,0.0,0.3644333333333333,optimal
2021-02-13 21:00:00,11,2,0.0,0.46444444444444444,0.0,0.26,optimal
2021-02-13 21:30:00,11,2,0.0,0.0,0.0,0.40086666666666665,optimal
2021-02-13 22:00:00,11,2,0.0,0.0,0.0,0.14759999999999998,optimal
2021-02-13 22:30:00,11,2,0.0,0.0774074074074074,0.0,0.176,optimal
2021-02-13 23:00:00,11,2,0.0,1.470740740740741,0.0,0.5149,optimal
2021-02-13 23:30:00,11,2,0.0,0.0,0.0,0.16066666666666665,optimal
2021-02-07 00:00:00,12,2,0.0,0.0,0.0,0.061,optimal
2021-02-07 00:30:00,12,2,0.0,0.0,0.0,0.12940000000000002,optimal
2021-02-07 01:00:00,12,2,0.0,0.0,0.0,0.171,optimal
2021-02-07 01:30:00,12,2,0.0,0.0,0.0,0.14466666666666667,optimal
2021-02-07 02:00:00,12,2,0.0,0.0,0.0,0.13873333333333332,optimal
2021-02-07 02:30:00,12,2,0.0,0.0,0.0,0.171,optimal
2021-02-07 03:00:00,12,2,0.0,0.0,0.0,0.12940000000000002,optimal
2021-02-07 03:30:00,12,2,0.0,0.0,0.0,0.14633333333333334,optimal
2021-02-07 04:00:00,12,2,1.1428571428571428,0.0,0.0,0.2094,optimal
2021-02-07 04:30:00,12,2,1.1428571428571428,0.0,0.0,0.1038,optimal
2021-02-07 05:00:00,12,2,1.1428571428571428,0.0,0.0,0.2019333333333333,optimal
2021-02-07 05:30:00,12,2,1.1428571428571428,0.0,0.0,0.171,optimal
2021-02-07 06:00:00,12,2,1.1428571428571428,0.0,0.0,0.2147333333333333,optimal
2021-02-07 06:30:00,12,2,1.1428571428571428,0.0,0.0,0.106,optimal
2021-02-07 07:00:00,12,2,1.1428571428571428,0.0,1.6063785740462473,0.2038,optimal
2021-02-07 07:30:00,12,2,0.0,0.0774074074074074,0.0,0.20466666666666664,optimal
2021-02-07 08:00:00,12,2,0.0,0.0774074074074074,0.0,0.3231,optimal
2021-02-07 08:30:00,12,2,0.7288705829269878,0.0,0.0,0.13353333333333334,optimal
2021-02-07 09:00:00,12,2,0.7059264231921728,0.0,0.0,0.1916,optimal
2021-02-07 09:30:00,12,2,0.7164731330451313,0.0,0.0,0.1472,optimal
2021-02-07 10:00:00,12,2,0.6676472421202106,0.0,0.0,0.16293333333333335,optimal
2021-02-07 10:30:00,12,2,0.6657919176523831,0.0,0.0,0.1844,optimal
2021-02-07 11:00:00,12,2,0.6474823883811348,0.0,0.0,0.06526666666666667,optimal
2021-02-07 11:30:00,12,2,0.5745681026668505,0.0,0.0,0.3204666666666666,optimal
2021-02-07 12:00:00,12,2,0.6086216595944852,0.0,0.0,0.06526666666666667,optimal
2021-02-07 12:30:00,12,2,0.5834216595944876,0.0,0.0,0.15346666666666667,optimal
2021-02-07 13:00:00,12,2,1.1428571428571428,0.0,0.0,0.183,optimal
2021-02-07 13:30:00,12,2,1.1428571428571428,0.0,0.0,0.1913333333333333,optimal
2021-02-07 14:00:00,12,2,1.1428571428571428,0.0,0.0,0.14733333333333334,optimal
2021-02-07 14:30:00,12,2,1.1428571428571428,0.0,0.0,0.6312333333333333,optimal
2021-02-07 15:00:00,12,2,1.1428571428571428,0.23222222222222222,0.0,0.42419999999999997,optimal
2021-02-07 15:30:00,12,2,1.1428571428571428,0.0,0.0,0.5485333333333333,optimal
2021-02-07 16:00:00,12,2,0.0,0.0,0.0,0.07053333333333334,optimal
2021-02-07 16:30:00,12,2,0.0,0.774074074074074,0.0,0.6141,optimal
2021-02-07 17:00:00,12,2,0.0,0.23222222222222222,0.0,2.1779333333333333,optimal
2021-02-07 17:30:00,12,2,0.0,2.7866666666666666,0.0,0.2967666666666667,optimal
2021-02-07 18:00:00,12,2,0.0,0.0,0.0,0.43223333333333336,optimal
2021-02-07 18:30:00,12,2,0.0,0.23222222222222222,0.0,0.7791666666666667,optimal
2021-02-07 19:00:00,12,2,0.0,0.1548148148148148,0.0,0.37226666666666663,optimal
2021-02-07 19:30:00,12,2,0.3854363370907759,0.1548148148148148,0.0,0.6607333333333334,optimal
2021-02-07 20:00:00,12,2,0.5121994319103036,0.5418518518518518,0.0,0.3771666666666667,optimal
2021-02-07 20:30:00,12,2,0.0,0.6192592592592592,0.0,0.4243,optimal
2021-02-07 21:00:00,12,2,0.0,0.9288888888888889,0.0,0.27853333333333335,optimal
2021-02-07 21:30:00,12,2,0.0,0.0,0.0,0.26143333333333335,optimal
2021-02-07 22:00:00,12,2,0.0,2.7092592592592597,0.0,0.5107333333333334,optimal
2021-02-07 22:30:00,12,2,0.0,0.0,0.0,0.43846666666666656,optimal
2021-02-07 23:00:00,12,2,0.0,0.0,0.0,0.3161333333333333,optimal
2021-02-07 23:30:00,12,2,0.0,0.0,0.0,0.12966666666666665,optimal
2021-02-08 00:00:00,12,2,0.0,0.0,0.0,0.064,optimal
2021-02-08 00:30:00,12,2,0.0,0.0,0.0,0.08270000000000001,optimal
2021-02-08 01:00:00,12,2,0.0,0.0,0.0,0.1824333333333333,optimal
2021-02-08 01:30:00,12,2,0.5449814851208615,0.0,0.0,0.064,optimal
2021-02-08 02:00:00,12,2,1.1428571428571428,0.0,0.0,0.20113333333333333,optimal
2021-02-08 02:30:00,12,2,1.1428571428571428,0.0,0.0,0.064,optimal
2021-02-08 03:00:00,12,2,1.1428571428571428,0.0,0.0,0.16996666666666665,optimal
2021-02-08 03:30:00,12,2,1.1428571428571428,0.0,0.0,0.09516666666666669,optimal
2021-02-08 04:00:00,12,2,1.1428571428571428,0.0,0.0,0.064,optimal
2021-02-08 04:30:00,12,2,1.1428571428571428,0.0,0.0,0.064,optimal
2021-02-08 05:00:00,12,2,1.1428571428571428,0.0,0.0,0.20113333333333333,optimal
2021-02-08 05:30:00,12,2,1.1428571428571428,0.0,0.0,0.064,optimal
2021-02-08 06:00:00,12,2,1.1428571428571428,0.0,0.0,0.18866666666666662,optimal
2021-02-08 06:30:00,12,2,1.1428571428571428,0.0,8.265471583208518,0.07713333333333335,optimal
2021-02-08 07:00:00,12,2,1.1428571428571428,0.0774074074074074,10.0,0.11653333333333332,optimal
2021-02-08 07:30:00,12,2,1.1428571428571428,0.3096296296296296,0.0,0.2502333333333333,optimal
2021-02-08 08:00:00,12,2,0.5408959670677967,0.6192592592592592,0.0,0.46903333333333336,optimal
2021-02-08 08:30:00,12,2,0.5910311187904465,0.3096296296296296,0.0,0.3262,optimal
2021-02-08 09:00:00,12,2,0.4372204674845363,0.46444444444444444,0.0,0.8700666666666668,optimal
2021-02-08 09:30:00,12,2,0.4653882160910479,0.0,0.0,0.9611000000000001,optimal
2021-02-08 10:00:00,12,2,0.4256550816267426,0.0774074074074074,0.0,0.36810000000000004,optimal
2021-02-08 10:30:00,12,2,0.48349114254403547,0.0774074074074074,0.0,0.22080000000000002,optimal
2021-02-08 11:00:00,12,2,0.3247163145901363,0.23222222222222222,0.0,0.3549,optimal
2021-02-08 11:30:00,12,2,0.276885924772253,0.23222222222222222,0.0,0.4553333333333333,optimal
2021-02-08 12:00:00,12,2,0.30441474062638263,0.0774074074074074,0.0,0.3841666666666667,optimal
2021-02-08 12:30:00,12,2,0.20647586575252552,0.0,0.0,1.9595666666666665,optimal
2021-02-08 13:00:00,12,2,1.1428571428571428,0.23222222222222222,0.0,0.4645666666666667,optimal
2021-02-08 13:30:00,12,2,1.1428571428571428,0.0,0.0,0.7345,optimal
2021-02-08 14:00:00,12,2,1.1428571428571428,0.0,0.0,1.0735333333333332,optimal
2021-02-08 14:30:00,12,2,1.1428571428571428,0.0774074074074074,0.0,1.2652333333333332,optimal
2021-02-08 15:00:00,12,2,1.1428571428571428,0.3096296296296296,0.0,0.2662,optimal
2021-02-08 15:30:00,12,2,1.1428571428571428,0.0,0.0,0.38539999999999996,optimal
2021-02-08 16:00:00,12,2,0.0,0.0774074074074074,0.0,0.39916666666666667,optimal
2021-02-08 16:30:00,12,2,0.0,0.0,0.0,0.2444,optimal
2021-02-08 17:00:00,12,2,0.0,0.387037037037037,0.0,0.4163,optimal
2021-02-08 17:30:00,12,2,0.0,0.0,0.0,1.7241666666666668,optimal
2021-02-08 18:00:00,12,2,0.0,0.23222222222222222,0.0,0.3668666666666667,optimal
2021-02-08 18:30:00,12,2,0.0,0.46444444444444444,0.0,0.5479666666666667,optimal
2021-02-08 19:00:00,12,2,0.0,0.5418518518518518,0.0,0.25610000000000005,optimal
2021-02-08 19:30:00,12,2,0.0,0.0,0.0,0.5374333333333333,optimal
2021-02-08 20:00:00,12,2,0.44844704481256925,0.1548148148148148,0.0,0.4043333333333333,optimal
2021-02-08 20:30:00,12,2,0.0,0.0,0.0,0.26339999999999997,optimal
2021-02-08 21:00:00,12,2,0.0,0.1548148148148148,0.0,0.2479,optimal
2021-02-08 21:30:00,12,2,0.0,0.0,0.0,0.17396666666666666,optimal
2021-02-08 22:00:00,12,2,0.0,0.0,0.0,0.074,optimal
2021-02-08 22:30:00,12,2,0.0,0.0,0.0,0.21113333333333334,optimal
2021-02-08 23:00:00,12,2,0.0,0.0,0.0,0.074,optimal
2021-02-08 23:30:00,12,2,0.0,0.0,0.0,0.14256666666666667,optimal
2021-02-09 00:00:00,12,2,0.0,0.0,0.0,0.051,optimal
2021-02-09 00:30:00,12,2,0.0,0.0,0.0,0.051,optimal
2021-02-09 01:00:00,12,2,0.5607954996105958,0.0,0.0,0.051,optimal
2021-02-09 01:30:00,12,2,1.1428571428571428,0.0,0.0,0.051,optimal
2021-02-09 02:00:00,12,2,1.1428571428571428,0.0,0.0,0.051,optimal
2021-02-09 02:30:00,12,2,1.1428571428571428,0.0,0.0,0.06346666666666667,optimal
2021-02-09 03:00:00,12,2,1.1428571428571428,0.0,0.0,0.17566666666666667,optimal
2021-02-09 03:30:00,12,2,1.1428571428571428,0.0,0.0,0.051,optimal
2021-02-09 04:00:00,12,2,1.1428571428571428,0.0,0.0,0.18813333333333332,optimal
2021-02-09 04:30:00,12,2,1.1428571428571428,0.0,0.0,0.051,optimal
2021-02-09 05:00:00,12,2,1.1428571428571428,0.0,0.0,0.15073333333333333,optimal
2021-02-09 05:30:00,12,2,1.1428571428571428,0.0,0.0,0.0884,optimal
2021-02-09 06:00:00,12,2,1.1428571428571428,0.0,0.0,0.05333333333333334,optimal
2021-02-09 06:30:00,12,2,1.1428571428571428,0.0,0.0,0.19813333333333333,optimal
2021-02-09 07:00:00,12,2,1.1428571428571428,0.6192592592592592,6.61719986718994,0.292,optimal
2021-02-09 07:30:00,12,2,1.1428571428571428,0.23222222222222222,0.0,0.41193333333333326,optimal
2021-02-09 08:00:00,12,2,0.5484647135239739,0.46444444444444444,0.0,0.2361,optimal
2021-02-09 08:30:00,12,2,0.5210762716542907,1.7803703703703702,0.0,0.37656666666666666,optimal
2021-02-09 09:00:00,12,2,0.47356141368253746,0.3096296296296296,0.0,0.5074,optimal
2021-02-09 09:30:00,12,2,0.5478321489908033,0.0,0.0,0.226,optimal
2021-02-09 10:00:00,12,2,0.4312951263368195,0.0,0.0,0.3569,optimal
2021-02-09 10:30:00,12,2,0.48382867560163667,0.0,0.0,0.2482666666666667,optimal
2021-02-09 11:00:00,12,2,0.4028639251724029,0.0,0.0,0.283,optimal
2021-02-09 11:30:00,12,2,0.4151058731206061,0.1548148148148148,0.0,0.3413333333333333,optimal
2021-02-09 12:00:00,12,2,0.710183098209096,0.387037037037037,0.0,0.1281,optimal
2021-02-09 12:30:00,12,2,1.1428571428571428,0.0,0.0,0.06653333333333333,optimal
2021-02-09 13:00:00,12,2,1.1428571428571428,0.0,0.0,0.1899,optimal
2021-02-09 13:30:00,12,2,1.1428571428571428,0.0,0.0,0.1196,optimal
2021-02-09 14:00:00,12,2,1.1428571428571428,0.0,0.0,0.2713333333333333,optimal
2021-02-09 14:30:00,12,2,1.1428571428571428,0.23222222222222222,0.0,0.1355,optimal
2021-02-09 15:00:00,12,2,1.1428571428571428,0.0,0.0,0.07,optimal
2021-02-09 15:30:00,12,2,1.1428571428571428,0.0,0.0,0.061,optimal
2021-02-09 16:00:00,12,2,0.0,0.0,0.0,0.19813333333333333,optimal
2021-02-09 16:30:00,12,2,0.0,0.0,0.0,0.061,optimal
2021-02-09 17:00:00,12,2,0.0,0.0,0.0,0.061,optimal
2021-02-09 17:30:00,12,2,0.0,0.0,0.0,0.14203333333333334,optimal
2021-02-09 18:00:00,12,2,0.0,0.0,0.0,0.1171,optimal
2021-02-09 18:30:00,12,2,0.0,0.0,0.0,0.3873333333333333,optimal
2021-02-09 19:00:00,12,2,0.0,0.0,0.0,0.197,optimal
2021-02-09 19:30:00,12,2,0.6297110355093201,0.0,0.0,0.2526,optimal
2021-02-09 20:00:00,12,2,0.6254443688426563,0.1548148148148148,0.0,0.2622,optimal
2021-02-09 20:30:00,12,2,0.0,0.0,0.0,0.12956666666666666,optimal
2021-02-09 21:00:00,12,2,0.0,0.0,0.0,0.12956666666666666,optimal
2021-02-09 21:30:00,12,2,0.0,0.0,0.0,0.061,optimal
2021-02-09 22:00:00,12,2,0.0,0.0,0.0,0.19813333333333333,optimal
2021-02-09 22:30:00,12,2,0.0,0.0,0.0,0.061,optimal
2021-02-09 23:00:00,12,2,0.0,0.0,0.0,0.11086666666666666,optimal
2021-02-09 23:30:00,12,2,0.0,0.23222222222222222,0.0,1.2772333333333332,optimal
2021-02-10 00:00:00,12,2,0.0,0.0,0.0,0.059,optimal
2021-02-10 00:30:00,12,2,0.9377146971952858,0.0,0.0,0.059,optimal
2021-02-10 01:00:00,12,2,1.1428571428571428,0.0,0.0,0.059,optimal
2021-02-10 01:30:00,12,2,1.1428571428571428,0.0,0.0,0.19319999999999998,optimal
2021-02-10 02:00:00,12,2,1.1428571428571428,0.0,0.0,0.059,optimal
2021-02-10 02:30:00,12,2,1.1428571428571428,0.0,0.0,0.1444,optimal
2021-02-10 03:00:00,12,2,1.1428571428571428,0.0,0.0,0.10779999999999999,optimal
2021-02-10 03:30:00,12,2,1.1428571428571428,0.0,0.0,0.1017,optimal
2021-02-10 04:00:00,12,2,1.1428571428571428,0.0,0.0,0.1505,optimal
2021-02-10 04:30:00,12,2,1.1428571428571428,0.0,0.0,0.058333333333333334,optimal
2021-02-10 05:00:00,12,2,1.1428571428571428,0.0,0.0,0.19319999999999998,optimal
2021-02-10 05:30:00,12,2,1.1428571428571428,0.0,0.0,0.059,optimal
2021-02-10 06:00:00,12,2,1.1428571428571428,0.0,0.0,0.059,optimal
2021-02-10 06:30:00,12,2,1.1428571428571428,0.0,0.0,0.19319999999999998,optimal
2021-02-10 07:00:00,12,2,1.1428571428571428,2.3222222222222215,6.817122031173202,0.062,optimal
2021-02-10 07:30:00,12,2,1.1428571428571428,0.0,0.0,0.12390000000000001,optimal
2021-02-10 08:00:00,12,2,0.8389140614968299,0.0,0.0,0.14830000000000002,optimal
2021-02-10 08:30:00,12,2,0.8530151866229706,0.0,0.0,0.069,optimal
2021-02-10 09:00:00,12,2,0.7417185326169459,0.0,0.0,0.2032,optimal
2021-02-10 09:30:00,12,2,0.7715053720288082,0.0,0.0,0.069,optimal
2021-02-10 10:00:00,12,2,0.6585805398422224,0.0,0.0,0.069,optimal
2021-02-10 10:30:00,12,2,0.6138206694011238,0.0,0.0,0.2032,optimal
2021-02-10 11:00:00,12,2,0.5735765883562304,0.0,0.0,0.069,optimal
2021-02-10 11:30:00,12,2,0.5361842937764445,0.0,0.0,0.1849,optimal
2021-02-10 12:00:00,12,2,0.4665262501086989,0.0,0.0,0.0873,optimal
2021-02-10 12:30:00,12,2,0.46129767868011695,0.0,0.0,0.1056,optimal
2021-02-10 13:00:00,12,2,1.1428571428571428,0.0,0.0,0.1666,optimal
2021-02-10 13:30:00,12,2,1.1428571428571428,0.0,0.0,0.12746666666666667,optimal
2021-02-10 14:00:00,12,2,1.1428571428571428,0.1548148148148148,0.0,0.42460000000000003,optimal
2021-02-10 14:30:00,12,2,1.1428571428571428,0.1548148148148148,0.0,0.26153333333333334,optimal
2021-02-10 15:00:00,12,2,1.1428571428571428,0.46444444444444444,0.0,0.18863333333333332,optimal
2021-02-10 15:30:00,12,2,1.1428571428571428,0.0,0.0,0.3085,optimal
2021-02-10 16:00:00,12,2,0.0,0.0,0.0,0.181,optimal
2021-02-10 16:30:00,12,2,0.0,0.0774074074074074,0.0,0.208,optimal
2021-02-10 17:00:00,12,2,0.0,0.0,0.0,0.2995,optimal
2021-02-10 17:30:00,12,2,0.0,0.0774074074074074,0.0,0.2612333333333333,optimal
2021-02-10 18:00:00,12,2,0.0,0.3096296296296296,0.0,1.6921,optimal
2021-02-10 18:30:00,12,2,0.0,0.3096296296296296,0.0,0.8089666666666667,optimal
2021-02-10 19:00:00,12,2,0.0,0.0,0.0,0.2069333333333333,optimal
2021-02-10 19:30:00,12,2,0.0,0.6966666666666667,0.0,0.3388333333333333,optimal
2021-02-10 20:00:00,12,2,0.31948736578601394,0.3096296296296296,0.0,0.2885,optimal
2021-02-10 20:30:00,12,2,0.0,0.0,0.0,0.44480000000000003,optimal
2021-02-10 21:00:00,12,2,0.0,0.387037037037037,0.0,0.36719999999999997,optimal
2021-02-10 21:30:00,12,2,0.0,0.0,0.0,0.3429,optimal
2021-02-10 22:00:00,12,2,0.0,0.0,0.0,0.2839,optimal
2021-02-10 22:30:00,12,2,0.0,0.0,0.0,0.069,optimal
2021-02-10 23:00:00,12,2,0.0,0.0,0.0,0.2032,optimal
2021-02-10 23:30:00,12,2,0.0,0.0,0.0,0.06533333333333333,optimal
2021-02-11 00:00:00,12,2,1.1428571428571428,0.0,0.0,0.07,optimal
2021-02-11 00:30:00,12,2,1.1428571428571428,0.0,0.0,0.064,optimal
2021-02-11 01:00:00,12,2,1.1428571428571428,0.0,0.0,0.13323333333333331,optimal
2021-02-11 01:30:00,12,2,1.1428571428571428,0.0,0.0,0.2385,optimal
2021-02-11 02:00:00,12,2,1.1428571428571428,0.0,0.0,0.062,optimal
2021-02-11 02:30:00,12,2,1.1428571428571428,0.0,0.0,0.16219999999999998,optimal
2021-02-11 03:00:00,12,2,1.1428571428571428,0.0,0.0,0.09793333333333333,optimal
2021-02-11 03:30:00,12,2,1.1428571428571428,0.0,0.0,0.1736,optimal
2021-02-11 04:00:00,12,2,1.1428571428571428,0.0,0.0,0.17333333333333334,optimal
2021-02-11 04:30:00,12,2,1.1428571428571428,0.0,0.0,0.062,optimal
2021-02-11 05:00:00,12,2,1.1428571428571428,0.0,0.0,0.2862,optimal
2021-02-11 05:30:00,12,2,1.1428571428571428,0.0,0.0,0.08553333333333334,optimal
2021-02-11 06:00:00,12,2,1.1428571428571428,0.0,0.0,0.07,optimal
2021-02-11 06:30:00,12,2,1.1428571428571428,0.0,5.389132980412018,0.14993333333333334,optimal
2021-02-11 07:00:00,12,2,1.1428571428571428,0.0,10.0,0.10540000000000001,optimal
2021-02-11 07:30:00,12,2,1.1428571428571428,2.0452983035024914,0.0,0.2072,optimal
2021-02-11 08:00:00,12,2,0.8241829798891123,0.23222222222222222,0.0,0.10959999999999999,optimal
2021-02-11 08:30:00,12,2,0.794590469377843,0.1548148148148148,0.0,0.22240000000000001,optimal
2021-02-11 09:00:00,12,2,0.7924169447130679,0.0,0.0,0.12066666666666669,optimal
2021-02-11 09:30:00,12,2,0.7138145603370829,0.774074074074074,0.0,0.2077333333333333,optimal
2021-02-11 10:00:00,12,2,0.404057504536378,0.1548148148148148,0.0,2.198933333333333,optimal
2021-02-11 10:30:00,12,2,0.6463960339198528,0.0,0.0,0.062,optimal
2021-02-11 11:00:00,12,2,0.5364959898431784,0.0,0.0,0.1984,optimal
2021-02-11 11:30:00,12,2,0.6794889884995063,0.0,0.0,0.177,optimal
2021-02-11 12:00:00,12,2,1.1428571428571428,0.0,0.0,0.072,optimal
2021-02-11 12:30:00,12,2,1.1428571428571428,0.0,0.0,0.2857,optimal
2021-02-11 13:00:00,12,2,1.1428571428571428,0.0,0.0,0.10603333333333331,optimal
2021-02-11 13:30:00,12,2,1.1428571428571428,0.0,0.0,0.072,optimal
2021-02-11 14:00:00,12,2,1.1428571428571428,0.0,0.0,0.165,optimal
2021-02-11 14:30:00,12,2,1.1428571428571428,0.0,0.0,0.2267333333333333,optimal
2021-02-11 15:00:00,12,2,1.1428571428571428,0.0,0.0,0.0968,optimal
2021-02-11 15:30:00,12,2,1.1428571428571428,0.0,0.0,0.2949333333333333,optimal
2021-02-11 16:00:00,12,2,0.0,0.0,0.0,0.072,optimal
2021-02-11 16:30:00,12,2,0.0,0.0,0.0,0.2084,optimal
2021-02-11 17:00:00,12,2,0.0,0.0,0.0,0.1833333333333333,optimal
2021-02-11 17:30:00,12,2,0.0,0.0,0.0,0.3858666666666667,optimal
2021-02-11 18:00:00,12,2,0.0,0.0,0.0,0.9851666666666666,optimal
2021-02-11 18:30:00,12,2,0.0,0.6192592592592592,0.0,0.18536666666666668,optimal
2021-02-11 19:00:00,12,2,0.0,0.0774074074074074,0.0,0.1668,optimal
2021-02-11 19:30:00,12,2,0.8011757247359185,0.0,0.0,0.3928666666666667,optimal
2021-02-11 20:00:00,12,2,0.858637890898013,0.46444444444444444,0.0,2.1851333333333334,optimal
2021-02-11 20:30:00,12,2,0.0,5.031481481481482,0.0,0.31489999999999996,optimal
2021-02-11 21:00:00,12,2,0.0,0.0,0.0,0.3181333333333333,optimal
2021-02-11 21:30:00,12,2,0.0,0.23222222222222222,0.0,0.3516,optimal
2021-02-11 22:00:00,12,2,0.0,0.23222222222222222,0.0,2.2571666666666665,optimal
2021-02-11 22:30:00,12,2,0.0,2.012592592592592,0.0,0.3261,optimal
2021-02-11 23:00:00,12,2,0.0,0.0,0.0,0.2251,optimal
2021-02-11 23:30:00,12,2,0.0,0.0,0.0,0.072,optimal
2021-02-12 00:00:00,12,2,1.1428571428571428,0.0,0.0,0.065,optimal
2021-02-12 00:30:00,12,2,1.1428571428571428,0.0,0.0,0.14386666666666667,optimal
2021-02-12 01:00:00,12,2,1.1428571428571428,0.0,0.0,0.065,optimal
2021-02-12 01:30:00,12,2,1.1428571428571428,0.0,0.0,0.0819,optimal
2021-02-12 02:00:00,12,2,1.1428571428571428,0.0,0.0,0.12696666666666667,optimal
2021-02-12 02:30:00,12,2,1.1428571428571428,0.0,0.0,0.065,optimal
2021-02-12 03:00:00,12,2,1.1428571428571428,0.0,0.0,0.0988,optimal
2021-02-12 03:30:00,12,2,1.1428571428571428,0.0,0.0,0.11006666666666666,optimal
2021-02-12 04:00:00,12,2,1.1428571428571428,0.0,0.0,0.065,optimal
2021-02-12 04:30:00,12,2,1.1428571428571428,0.0,0.0,0.14386666666666667,optimal
2021-02-12 05:00:00,12,2,1.1428571428571428,0.0,0.0,0.065,optimal
2021-02-12 05:30:00,12,2,1.1428571428571428,0.0,1.86626562685391,0.09316666666666669,optimal
2021-02-12 06:00:00,12,2,1.1428571428571428,0.0,10.0,0.1157,optimal
2021-02-12 06:30:00,12,2,1.1428571428571428,0.0,10.0,0.06833333333333333,optimal
2021-02-12 07:00:00,12,2,1.1428571428571428,0.0,10.0,0.15386666666666668,optimal
2021-02-12 07:30:00,12,2,1.1428571428571428,8.980229817611312,0.0,0.13783333333333334,optimal
2021-02-12 08:00:00,12,2,0.9763286100846388,0.0,0.0,0.1426,optimal
2021-02-12 08:30:00,12,2,1.0009798659108673,0.0,0.0,0.08626666666666667,optimal
2021-02-12 09:00:00,12,2,0.9339231671508552,0.0,0.0,0.075,optimal
2021-02-12 09:30:00,12,2,0.836587924490808,0.0,0.0,0.08626666666666667,optimal
2021-02-12 10:00:00,12,2,0.6131252246049007,0.0,0.0,0.1426,optimal
2021-02-12 10:30:00,12,2,0.6153274748571921,0.0,0.0,0.075,optimal
2021-02-12 11:00:00,12,2,0.6588597304046833,0.0,0.0,0.12006666666666667,optimal
2021-02-12 11:30:00,12,2,1.1428571428571428,0.0,0.0,0.1088,optimal
2021-02-12 12:00:00,12,2,1.1428571428571428,0.0,0.0,0.075,optimal
2021-02-12 12:30:00,12,2,1.1428571428571428,0.0,0.0,0.15386666666666668,optimal
2021-02-12 13:00:00,12,2,1.1428571428571428,0.0,0.0,0.075,optimal
2021-02-12 13:30:00,12,2,1.1428571428571428,0.0,0.0,0.075,optimal
2021-02-12 14:00:00,12,2,1.1428571428571428,0.0,0.0,0.075,optimal
2021-02-12 14:30:00,12,2,1.1428571428571428,0.0,0.0,0.1426,optimal
2021-02-12 15:00:00,12,2,1.1428571428571428,0.0,0.0,0.08626666666666667,optimal
2021-02-12 15:30:00,12,2,1.1428571428571428,0.0,0.0,0.075,optimal
2021-02-12 16:00:00,12,2,0.0,0.0,0.0,0.15386666666666668,optimal
2021-02-12 16:30:00,12,2,0.0,0.0,0.0,0.075,optimal
2021-02-12 17:00:00,12,2,0.0,0.0,0.0,0.09753333333333332,optimal
2021-02-12 17:30:00,12,2,0.0,0.0,0.0,0.13133333333333333,optimal
2021-02-12 18:00:00,12,2,0.0,0.0,0.0,0.075,optimal
2021-02-12 18:30:00,12,2,0.0,0.0,0.0,0.15386666666666668,optimal
2021-02-12 19:00:00,12,2,0.0,0.0,0.0,0.075,optimal
2021-02-12 19:30:00,12,2,0.8577995228477084,0.0,0.0,0.075,optimal
2021-02-12 20:00:00,12,2,0.84920134123701,0.0,0.0,0.12006666666666667,optimal
2021-02-12 20:30:00,12,2,0.0,0.0,0.0,0.1088,optimal
2021-02-12 21:00:00,12,2,0.0,0.0,0.0,0.23286666666666667,optimal
2021-02-12 21:30:00,12,2,0.0,0.0,0.0,0.43826666666666664,optimal
2021-02-12 22:00:00,12,2,0.0,0.0,0.0,0.342,optimal
2021-02-12 22:30:00,12,2,0.0,0.0,0.0,0.38706666666666667,optimal
2021-02-12 23:00:00,12,2,0.0,1.8577777777777778,0.0,0.16536666666666666,optimal
2021-02-12 23:30:00,12,2,0.0,0.0,0.0,0.075,optimal
2021-02-13 00:00:00,12,2,0.0,0.0,0.0,0.053,optimal
2021-02-13 00:30:00,12,2,0.0,0.0,0.0,0.19103333333333333,optimal
2021-02-13 01:00:00,12,2,1.1098805130018474,0.0,0.0,0.17083333333333334,optimal
2021-02-13 01:30:00,12,2,1.1428571428571428,0.0,0.0,0.12866666666666665,optimal
2021-02-13 02:00:00,12,2,1.1428571428571428,0.0,0.0,0.2027,optimal
2021-02-13 02:30:00,12,2,1.1428571428571428,0.0,0.0,0.1888333333333333,optimal
2021-02-13 03:00:00,12,2,1.1428571428571428,0.0,0.0,0.122,optimal
2021-02-13 03:30:00,12,2,1.1428571428571428,0.0,0.0,0.29253333333333337,optimal
2021-02-13 04:00:00,12,2,1.1428571428571428,0.0,0.0,0.099,optimal
2021-02-13 04:30:00,12,2,1.1428571428571428,0.0,0.0,0.076,optimal
2021-02-13 05:00:00,12,2,1.1428571428571428,0.0,0.0,0.26203333333333334,optimal
2021-02-13 05:30:00,12,2,1.1428571428571428,0.0,0.0,0.0925,optimal
2021-02-13 06:00:00,12,2,1.1428571428571428,0.0774074074074074,0.0,0.2067333333333333,optimal
2021-02-13 06:30:00,12,2,1.1428571428571428,0.0,9.505031235780496,0.0736,optimal
2021-02-13 07:00:00,12,2,1.1428571428571428,0.0,10.0,0.2882333333333333,optimal
2021-02-13 07:30:00,12,2,1.1428571428571428,0.46444444444444444,0.0,0.12996666666666667,optimal
2021-02-13 08:00:00,12,2,0.7035117217804733,1.7803703703703702,0.0,0.0848,optimal
2021-02-13 08:30:00,12,2,0.6424108125858145,0.5418518518518518,0.0,0.3365,optimal
2021-02-13 09:00:00,12,2,0.5028390646917493,0.3096296296296296,0.0,0.2927,optimal
2021-02-13 09:30:00,12,2,0.46653451871847795,0.0,0.0,0.6221333333333333,optimal
2021-02-13 10:00:00,12,2,0.2639579618393356,0.23222222222222222,0.0,1.2427000000000001,optimal
2021-02-13 10:30:00,12,2,0.5080475288351669,0.46444444444444444,0.0,0.4009,optimal
2021-02-13 11:00:00,12,2,0.45901446605122537,0.0,0.0,0.189,optimal
2021-02-13 11:30:00,12,2,0.45535165209466627,1.315925925925926,0.0,0.189,optimal
2021-02-13 12:00:00,12,2,0.26314963623488713,2.4770370370370367,0.0,0.3892333333333334,optimal
2021-02-13 12:30:00,12,2,0.1759059130836661,0.3096296296296296,0.0,0.6377999999999999,optimal
2021-02-13 13:00:00,12,2,0.1875017734829361,0.23222222222222222,0.0,0.5724666666666667,optimal
2021-02-13 13:30:00,12,2,0.8732561326807409,0.0,0.0,0.43069999999999997,optimal
2021-02-13 14:00:00,12,2,1.1428571428571428,0.6192592592592592,0.0,0.29606666666666664,optimal
2021-02-13 14:30:00,12,2,1.1428571428571428,0.3096296296296296,0.0,0.3188333333333333,optimal
2021-02-13 15:00:00,12,2,1.1428571428571428,0.1548148148148148,0.0,0.3249666666666666,optimal
2021-02-13 15:30:00,12,2,1.1428571428571428,0.0,0.0,0.2511,optimal
2021-02-13 16:00:00,12,2,0.0,0.0774074074074074,0.0,0.5493333333333333,optimal
2021-02-13 16:30:00,12,2,0.0,0.3096296296296296,0.0,0.2568666666666667,optimal
2021-02-13 17:00:00,12,2,0.0,0.8514814814814814,0.0,0.4298333333333333,optimal
2021-02-13 17:30:00,12,2,0.0,0.9288888888888889,0.0,0.2371,optimal
2021-02-13 18:00:00,12,2,0.0,0.1548148148148148,0.0,0.30706666666666665,optimal
2021-02-13 18:30:00,12,2,0.0,0.5418518518518518,0.0,0.5761000000000001,optimal
2021-02-13 19:00:00,12,2,0.0,0.0,0.0,0.4111,optimal
2021-02-13 19:30:00,12,2,0.0,0.0,0.0,0.6679333333333333,optimal
2021-02-13 20:00:00,12,2,0.0,1.7029629629629628,0.0,0.7806000000000001,optimal
2021-02-13 20:30:00,12,2,0.0,0.0,0.0,0.5715333333333333,optimal
2021-02-13 21:00:00,12,2,0.0,0.0,0.0,1.7847666666666668,optimal
2021-02-13 21:30:00,12,2,0.0,0.387037037037037,0.0,0.7006333333333333,optimal
2021-02-13 22:00:00,12,2,0.0,0.1548148148148148,0.0,0.48243333333333327,optimal
2021-02-13 22:30:00,12,2,0.0,0.0,0.0,0.809,optimal
2021-02-13 23:00:00,12,2,0.0,0.0,0.0,0.3927,optimal
2021-02-13 23:30:00,12,2,0.0,0.1548148148148148,0.0,0.3145333333333334,optimal
2021-02-07 00:00:00,13,2,0.0,0.0,0.0,0.053,optimal
2021-02-07 00:30:00,13,2,0.0,0.0,0.0,0.057,optimal
2021-02-07 01:00:00,13,2,0.0,0.0,0.0,0.057,optimal
2021-02-07 01:30:00,13,2,0.0,0.0,0.0,0.057,optimal
2021-02-07 02:00:00,13,2,0.0,0.0,0.0,0.050333333333333334,optimal
2021-02-07 02:30:00,13,2,0.0,0.0,0.0,0.047,optimal
2021-02-07 03:00:00,13,2,0.0,0.0,0.0,0.047,optimal
2021-02-07 03:30:00,13,2,0.0,0.0,0.0,0.047,optimal
2021-02-07 04:00:00,13,2,1.1428571428571428,0.0,0.0,0.047,optimal
2021-02-07 04:30:00,13,2,1.1428571428571428,0.0,0.0,0.047,optimal
2021-02-07 05:00:00,13,2,1.1428571428571428,0.0,0.0,0.047,optimal
2021-02-07 05:30:00,13,2,1.1428571428571428,0.0,0.0,0.047,optimal
2021-02-07 06:00:00,13,2,1.1428571428571428,0.0,0.0,0.047,optimal
2021-02-07 06:30:00,13,2,1.1428571428571428,0.0,0.0,0.04633333333333334,optimal
2021-02-07 07:00:00,13,2,1.1428571428571428,0.5418518518518518,1.6063785740462473,0.045,optimal
2021-02-07 07:30:00,13,2,0.0,2.4770370370370367,0.0,0.045666666666666654,optimal
2021-02-07 08:00:00,13,2,0.5172461620124535,0.0,0.0,0.047,optimal
2021-02-07 08:30:00,13,2,0.7797497785418896,0.0,0.0,0.047,optimal
2021-02-07 09:00:00,13,2,0.7474692803350256,0.0,0.0,0.047,optimal
2021-02-07 09:30:00,13,2,0.7453302759022826,0.0,0.0,0.047,optimal
2021-02-07 10:00:00,13,2,0.7589684091129895,0.0,0.0,0.047,optimal
2021-02-07 10:30:00,13,2,1.1428571428571428,0.0,0.0,0.047,optimal
2021-02-07 11:00:00,13,2,1.1428571428571428,0.0,0.0,0.053666666666666654,optimal
2021-02-07 11:30:00,13,2,1.1428571428571428,0.0,0.0,0.050333333333333334,optimal
2021-02-07 12:00:00,13,2,1.1428571428571428,0.0,0.0,0.053666666666666654,optimal
2021-02-07 12:30:00,13,2,1.1428571428571428,0.0,0.0,0.057,optimal
2021-02-07 13:00:00,13,2,1.1428571428571428,0.0,0.0,0.057,optimal
2021-02-07 13:30:00,13,2,1.1428571428571428,0.0,0.0,0.057,optimal
2021-02-07 14:00:00,13,2,1.1428571428571428,0.0,0.0,0.055666666666666656,optimal
2021-02-07 14:30:00,13,2,1.1428571428571428,0.1548148148148148,0.0,0.2924333333333333,optimal
2021-02-07 15:00:00,13,2,1.1428571428571428,0.0,0.0,0.047,optimal
2021-02-07 15:30:00,13,2,1.1428571428571428,0.0,0.0,0.047,optimal
2021-02-07 16:00:00,13,2,0.0,0.0,0.0,0.047,optimal
2021-02-07 16:30:00,13,2,0.0,0.0,0.0,0.047,optimal
2021-02-07 17:00:00,13,2,0.0,0.0,0.0,0.047,optimal
2021-02-07 17:30:00,13,2,0.0,0.0,0.0,0.047,optimal
2021-02-07 18:00:00,13,2,0.0,0.0,0.0,0.053666666666666654,optimal
2021-02-07 18:30:00,13,2,0.0,0.0,0.0,0.057,optimal
2021-02-07 19:00:00,13,2,0.0,0.0,0.0,0.057,optimal
2021-02-07 19:30:00,13,2,0.7733327652436371,0.0,0.0,0.057,optimal
2021-02-07 20:00:00,13,2,0.7733327652436371,0.0,0.0,0.050333333333333334,optimal
2021-02-07 20:30:00,13,2,0.0,0.0,0.0,0.047,optimal
2021-02-07 21:00:00,13,2,0.0,0.0,0.0,0.05066666666666666,optimal
2021-02-07 21:30:00,13,2,0.0,1.8577777777777778,0.0,0.07026666666666667,optimal
2021-02-07 22:00:00,13,2,0.0,0.0,0.0,0.3670333333333334,optimal
2021-02-07 22:30:00,13,2,0.0,0.0,0.0,0.15833333333333335,optimal
2021-02-07 23:00:00,13,2,0.0,0.0,0.0,0.057,optimal
2021-02-07 23:30:00,13,2,0.0,0.0,0.0,0.05633333333333333,optimal
2021-02-08 00:00:00,13,2,0.0,0.5418518518518518,0.0,0.1546,optimal
2021-02-08 00:30:00,13,2,0.0,0.0,0.0,0.09593333333333334,optimal
2021-02-08 01:00:00,13,2,0.1275024115146143,0.0,0.0,0.13406666666666667,optimal
2021-02-08 01:30:00,13,2,1.1428571428571428,0.0,0.0,0.1502,optimal
2021-02-08 02:00:00,13,2,1.1428571428571428,0.0,0.0,0.14993333333333334,optimal
2021-02-08 02:30:00,13,2,1.1428571428571428,0.0,0.0,0.17753333333333332,optimal
2021-02-08 03:00:00,13,2,1.1428571428571428,0.0,0.0,0.101,optimal
2021-02-08 03:30:00,13,2,1.1428571428571428,0.0,0.0,0.20926666666666668,optimal
2021-02-08 04:00:00,13,2,1.1428571428571428,0.0,0.0,0.06420000000000001,optimal
2021-02-08 04:30:00,13,2,1.1428571428571428,0.0,0.0,0.16040000000000001,optimal
2021-02-08 05:00:00,13,2,1.1428571428571428,0.0,0.0,0.16706666666666667,optimal
2021-02-08 05:30:00,13,2,1.1428571428571428,0.0,0.0,0.047,optimal
2021-02-08 06:00:00,13,2,1.1428571428571428,0.0,0.0,0.1658,optimal
2021-02-08 06:30:00,13,2,1.1428571428571428,0.0,4.5278578455338,0.16166666666666665,optimal
2021-02-08 07:00:00,13,2,1.1428571428571428,0.387037037037037,10.0,0.14353333333333332,optimal
2021-02-08 07:30:00,13,2,1.1428571428571428,2.1674074074074072,0.0,1.074,optimal
2021-02-08 08:00:00,13,2,0.6763721575439878,0.0,0.0,0.14546666666666666,optimal
2021-02-08 08:30:00,13,2,0.7810311187904491,0.0,0.0,0.1758,optimal
2021-02-08 09:00:00,13,2,0.7637366579607231,0.0,0.0,0.057,optimal
2021-02-08 09:30:00,13,2,0.6952434541862921,0.0,0.0,0.27426666666666666,optimal
2021-02-08 10:00:00,13,2,0.5790455578172167,0.0,0.0,0.2939,optimal
2021-02-08 10:30:00,13,2,0.5493673330202271,0.0,0.0,0.2473333333333333,optimal
2021-02-08 11:00:00,13,2,0.4907639336377541,0.0,0.0,0.1169,optimal
2021-02-08 11:30:00,13,2,0.43958116286748966,0.0,0.0,0.13290000000000002,optimal
2021-02-08 12:00:00,13,2,0.3626185501502013,0.3096296296296296,0.0,0.2119333333333333,optimal
2021-02-08 12:30:00,13,2,0.30442443718110673,0.3096296296296296,0.0,0.2169333333333333,optimal
2021-02-08 13:00:00,13,2,0.7365018761644399,0.1548148148148148,0.0,0.5413666666666667,optimal
2021-02-08 13:30:00,13,2,1.1428571428571428,0.0774074074074074,0.0,0.1979,optimal
2021-02-08 14:00:00,13,2,1.1428571428571428,0.0774074074074074,0.0,0.5248999999999999,optimal
2021-02-08 14:30:00,13,2,1.1428571428571428,0.0,0.0,0.43456666666666666,optimal
2021-02-08 15:00:00,13,2,1.1428571428571428,0.0,0.0,0.09116666666666669,optimal
2021-02-08 15:30:00,13,2,1.1428571428571428,0.0,0.0,0.3067333333333333,optimal
2021-02-08 16:00:00,13,2,0.0,0.0774074074074074,0.0,0.29233333333333333,optimal
2021-02-08 16:30:00,13,2,0.0,0.8514814814814814,0.0,0.2719,optimal
2021-02-08 17:00:00,13,2,0.0,0.0,0.0,3.802433333333333,optimal
2021-02-08 17:30:00,13,2,0.0,0.387037037037037,0.0,0.088,optimal
2021-02-08 18:00:00,13,2,0.0,0.3096296296296296,0.0,0.30226666666666663,optimal
2021-02-08 18:30:00,13,2,0.0,0.0,0.0,0.5931666666666666,optimal
2021-02-08 19:00:00,13,2,0.0,2.2448148148148146,0.0,0.3939,optimal
2021-02-08 19:30:00,13,2,0.0,0.387037037037037,0.0,0.8222333333333334,optimal
2021-02-08 20:00:00,13,2,0.0,0.0774074074074074,0.0,0.5501333333333334,optimal
2021-02-08 20:30:00,13,2,0.0,0.0,0.0,0.5515333333333333,optimal
2021-02-08 21:00:00,13,2,0.0,0.3096296296296296,0.0,0.3719333333333333,optimal
2021-02-08 21:30:00,13,2,0.0,0.0,0.0,0.44146666666666656,optimal
2021-02-08 22:00:00,13,2,0.0,0.0,0.0,0.9136,optimal
2021-02-08 22:30:00,13,2,0.0,0.0774074074074074,0.0,0.6179666666666667,optimal
2021-02-08 23:00:00,13,2,0.0,0.0,0.0,0.25806666666666667,optimal
2021-02-08 23:30:00,13,2,0.0,0.0,0.0,0.055,optimal
2021-02-09 00:00:00,13,2,0.0,0.0,0.0,0.132,optimal
2021-02-09 00:30:00,13,2,0.0,0.0,0.0,0.23026666666666668,optimal
2021-02-09 01:00:00,13,2,0.0,0.0,0.0,0.066,optimal
2021-02-09 01:30:00,13,2,0.786514296162427,0.0,0.0,0.2888,optimal
2021-02-09 02:00:00,13,2,1.1428571428571428,0.0,0.0,0.08813333333333334,optimal
2021-02-09 02:30:00,13,2,1.1428571428571428,0.0,0.0,0.11733333333333332,optimal
2021-02-09 03:00:00,13,2,1.1428571428571428,0.0,0.0,0.11826666666666669,optimal
2021-02-09 03:30:00,13,2,1.1428571428571428,0.0,0.0,0.178,optimal
2021-02-09 04:00:00,13,2,1.1428571428571428,0.0,0.0,0.132,optimal
2021-02-09 04:30:00,13,2,1.1428571428571428,0.0,0.0,0.066,optimal
2021-02-09 05:00:00,13,2,1.1428571428571428,0.0,0.0,0.20026666666666668,optimal
2021-02-09 05:30:00,13,2,1.1428571428571428,0.0,0.0,0.16633333333333333,optimal
2021-02-09 06:00:00,13,2,1.1428571428571428,0.0774074074074074,7.844909611212493,0.10153333333333332,optimal
2021-02-09 06:30:00,13,2,1.1428571428571428,0.387037037037037,10.0,0.2328,optimal
2021-02-09 07:00:00,13,2,1.1428571428571428,0.0,0.0,0.20786666666666667,optimal
2021-02-09 07:30:00,13,2,1.1428571428571428,0.0,0.0,0.066,optimal
2021-02-09 08:00:00,13,2,0.7782075706668218,0.0,0.0,0.2962666666666667,optimal
2021-02-09 08:30:00,13,2,0.8375810335590522,0.0,0.0,0.066,optimal
2021-02-09 09:00:00,13,2,0.7734280803492102,0.0,0.0,0.066,optimal
2021-02-09 09:30:00,13,2,0.6948035775622338,0.0,0.0,0.30060000000000003,optimal
2021-02-09 10:00:00,13,2,0.6489427453844334,0.0,0.0,0.07166666666666667,optimal
2021-02-09 10:30:00,13,2,0.6382477232206831,0.0,0.0,0.066,optimal
2021-02-09 11:00:00,13,2,0.48217821088668855,0.0,0.0,0.2522666666666667,optimal
2021-02-09 11:30:00,13,2,0.49188682550155743,0.1548148148148148,0.0,0.15913333333333332,optimal
2021-02-09 12:00:00,13,2,0.3235881371747348,0.0,0.0,0.35446666666666665,optimal
2021-02-09 12:30:00,13,2,0.27588904636939243,0.0,0.0,0.3907333333333333,optimal
2021-02-09 13:00:00,13,2,0.42772913968771475,0.0,0.0,0.42106666666666664,optimal
2021-02-09 13:30:00,13,2,1.1428571428571428,0.0,0.0,1.7224333333333335,optimal
2021-02-09 14:00:00,13,2,1.1428571428571428,0.0,0.0,0.20746666666666666,optimal
2021-02-09 14:30:00,13,2,1.1428571428571428,0.0,0.0,0.4528666666666667,optimal
2021-02-09 15:00:00,13,2,1.1428571428571428,0.0,0.0,0.07166666666666667,optimal
2021-02-09 15:30:00,13,2,1.1428571428571428,0.0,0.0,0.46593333333333325,optimal
2021-02-09 16:00:00,13,2,0.0,0.0,0.0,2.2782666666666667,optimal
2021-02-09 16:30:00,13,2,0.0,0.7384666666666667,0.0,3.3634666666666666,optimal
2021-02-09 17:00:00,13,2,0.0,0.34523703703703695,0.0,3.628766666666667,optimal
2021-02-09 17:30:00,13,2,0.0,0.387037037037037,0.0,2.4084666666666665,optimal
2021-02-09 18:00:00,13,2,0.0,0.0774074074074074,0.0,0.08006666666666666,optimal
2021-02-09 18:30:00,13,2,0.0,0.0,0.0,0.2471,optimal
2021-02-09 19:00:00,13,2,0.0,0.23222222222222222,0.0,0.6210666666666668,optimal
2021-02-09 19:30:00,13,2,0.0,0.46444444444444444,0.0,0.5360666666666667,optimal
2021-02-09 20:00:00,13,2,0.0,0.0,0.0,0.5526,optimal
2021-02-09 20:30:00,13,2,0.0,0.0,0.0,0.6500666666666667,optimal
2021-02-09 21:00:00,13,2,0.0,0.23222222222222222,0.0,0.5394,optimal
2021-02-09 21:30:00,13,2,0.0,0.0,0.0,0.4298333333333333,optimal
2021-02-09 22:00:00,13,2,0.0,0.0,0.0,0.47993333333333327,optimal
2021-02-09 22:30:00,13,2,0.0,0.1548148148148148,0.0,0.5312666666666667,optimal
2021-02-09 23:00:00,13,2,0.0,0.0,0.0,0.1967333333333333,optimal
2021-02-09 23:30:00,13,2,0.0,0.0,0.0,0.2702,optimal
2021-02-10 00:00:00,13,2,0.0,0.0,0.0,0.064,optimal
2021-02-10 00:30:00,13,2,0.0,0.0,0.0,0.135,optimal
2021-02-10 01:00:00,13,2,0.4296132664564283,0.0,0.0,0.1492,optimal
2021-02-10 01:30:00,13,2,1.1428571428571428,0.0,0.0,0.064,optimal
2021-02-10 02:00:00,13,2,1.1428571428571428,0.0,0.0,0.22553333333333334,optimal
2021-02-10 02:30:00,13,2,1.1428571428571428,0.0,0.0,0.06866666666666667,optimal
2021-02-10 03:00:00,13,2,1.1428571428571428,0.0,0.0,0.135,optimal
2021-02-10 03:30:00,13,2,1.1428571428571428,0.0,0.0,0.1492,optimal
2021-02-10 04:00:00,13,2,1.1428571428571428,0.0,0.0,0.064,optimal
2021-02-10 04:30:00,13,2,1.1428571428571428,0.0,0.0,0.22019999999999998,optimal
2021-02-10 05:00:00,13,2,1.1428571428571428,0.0,0.0,0.064,optimal
2021-02-10 05:30:00,13,2,1.1428571428571428,0.0,0.0,0.064,optimal
2021-02-10 06:00:00,13,2,1.1428571428571428,0.0,2.4089298655994633,0.22019999999999998,optimal
2021-02-10 06:30:00,13,2,1.1428571428571428,0.0,10.0,0.064,optimal
2021-02-10 07:00:00,13,2,1.1428571428571428,0.0,10.0,0.15630000000000002,optimal
2021-02-10 07:30:00,13,2,1.1428571428571428,0.0,0.0,0.13323333333333331,optimal
2021-02-10 08:00:00,13,2,0.6715864424492068,2.8640740740740736,0.0,1.8454000000000002,optimal
2021-02-10 08:30:00,13,2,0.6026228056705901,0.0,0.0,1.7745333333333333,optimal
2021-02-10 09:00:00,13,2,0.6006347230931363,0.0774074074074074,0.0,0.5546333333333333,optimal
2021-02-10 09:30:00,13,2,0.7646139434573739,0.0,0.0,0.1696,optimal
2021-02-10 10:00:00,13,2,0.6170948255565086,0.0,0.0,0.349,optimal
2021-02-10 10:30:00,13,2,0.6365349551153989,0.0,0.0,0.1237,optimal
2021-02-10 11:00:00,13,2,0.5721480169276616,0.0,0.0,0.074,optimal
2021-02-10 11:30:00,13,2,0.5272985794907326,0.0,0.0,0.216,optimal
2021-02-10 12:00:00,13,2,0.6792428961411413,0.0,0.0,0.0882,optimal
2021-02-10 12:30:00,13,2,1.1428571428571428,0.0,0.0,0.1663,optimal
2021-02-10 13:00:00,13,2,1.1428571428571428,0.0,0.0,0.1379,optimal
2021-02-10 13:30:00,13,2,1.1428571428571428,0.0,0.0,0.074,optimal
2021-02-10 14:00:00,13,2,1.1428571428571428,0.0,0.0,0.1805,optimal
2021-02-10 14:30:00,13,2,1.1428571428571428,0.0,0.0,0.1237,optimal
2021-02-10 15:00:00,13,2,1.1428571428571428,0.0,0.0,0.1166,optimal
2021-02-10 15:30:00,13,2,1.1428571428571428,0.0,0.0,0.1876,optimal
2021-02-10 16:00:00,13,2,0.0,0.0,0.0,0.074,optimal
2021-02-10 16:30:00,13,2,0.0,0.0,0.0,0.2018,optimal
2021-02-10 17:00:00,13,2,0.0,0.3096296296296296,0.0,0.11493333333333333,optimal
2021-02-10 17:30:00,13,2,0.0,0.0,0.0,0.17573333333333332,optimal
2021-02-10 18:00:00,13,2,0.0,0.387037037037037,0.0,0.31526666666666664,optimal
2021-02-10 18:30:00,13,2,0.0,2.39962962962963,0.0,0.28883333333333333,optimal
2021-02-10 19:00:00,13,2,0.0,2.0899999999999994,0.0,0.3296,optimal
2021-02-10 19:30:00,13,2,0.6008355837649999,0.387037037037037,0.0,0.45030000000000003,optimal
2021-02-10 20:00:00,13,2,0.6566544154525638,0.0774074074074074,0.0,0.38423333333333337,optimal
2021-02-10 20:30:00,13,2,0.0,0.3096296296296296,0.0,0.4059666666666666,optimal
2021-02-10 21:00:00,13,2,0.0,0.0,0.0,0.11309999999999999,optimal
2021-02-10 21:30:00,13,2,0.0,0.0,0.0,0.3821,optimal
2021-02-10 22:00:00,13,2,0.0,0.0,0.0,0.32966666666666666,optimal
2021-02-10 22:30:00,13,2,0.0,0.0,0.0,0.1166,optimal
2021-02-10 23:00:00,13,2,0.0,0.0,0.0,0.1876,optimal
2021-02-10 23:30:00,13,2,0.0,0.0,0.0,0.07266666666666667,optimal
2021-02-11 00:00:00,13,2,1.1428571428571428,0.0,0.0,0.059,optimal
2021-02-11 00:30:00,13,2,1.1428571428571428,0.0,0.0,0.17633333333333334,optimal
2021-02-11 01:00:00,13,2,1.1428571428571428,0.0,0.0,0.059,optimal
2021-02-11 01:30:00,13,2,1.1428571428571428,0.0,0.0,0.11766666666666668,optimal
2021-02-11 02:00:00,13,2,1.1428571428571428,0.0,0.0,0.11766666666666668,optimal
2021-02-11 02:30:00,13,2,1.1428571428571428,0.0,0.0,0.059,optimal
2021-02-11 03:00:00,13,2,1.1428571428571428,0.0,0.0,0.17633333333333334,optimal
2021-02-11 03:30:00,13,2,1.1428571428571428,0.0,0.0,0.059,optimal
2021-02-11 04:00:00,13,2,1.1428571428571428,0.0,0.0,0.14966666666666667,optimal
2021-02-11 04:30:00,13,2,1.1428571428571428,0.0,0.0,0.08566666666666667,optimal
2021-02-11 05:00:00,13,2,1.1428571428571428,0.0,0.0,0.059,optimal
2021-02-11 05:30:00,13,2,1.1428571428571428,0.0,0.0,0.17633333333333334,optimal
2021-02-11 06:00:00,13,2,1.1428571428571428,0.6966666666666667,6.974049836122492,0.14586666666666667,optimal
2021-02-11 06:30:00,13,2,1.1428571428571428,1.5682740740740742,10.0,0.25,optimal
2021-02-11 07:00:00,13,2,1.1428571428571428,5.630614814814815,0.0,0.3546666666666667,optimal
2021-02-11 07:30:00,13,2,1.1428571428571428,1.2549413235907003,0.0,0.21766666666666662,optimal
2021-02-11 08:00:00,13,2,0.8066820275081636,0.0774074074074074,0.0,0.2728666666666667,optimal
2021-02-11 08:30:00,13,2,0.9187999931873625,0.0,0.0,0.1863333333333333,optimal
2021-02-11 09:00:00,13,2,0.8843502780464005,0.0,0.0,0.069,optimal
2021-02-11 09:30:00,13,2,0.7654774174799341,0.0,0.0,0.189,optimal
2021-02-11 10:00:00,13,2,0.5234517902506619,0.6966666666666667,0.0,0.24766666666666662,optimal
2021-02-11 10:30:00,13,2,0.5567674624912866,0.0,0.0,0.205,optimal
2021-02-11 11:00:00,13,2,0.4272769422241266,0.0,0.0,0.27376666666666666,optimal
2021-02-11 11:30:00,13,2,0.25174235192336153,0.5418518518518518,0.0,1.344,optimal
2021-02-11 12:00:00,13,2,0.1980400808024176,0.8514814814814814,0.0,1.0785333333333333,optimal
2021-02-11 12:30:00,13,2,0.7235337506829264,2.0899999999999994,0.0,0.3748,optimal
2021-02-11 13:00:00,13,2,1.1428571428571428,0.0774074074074074,0.0,0.6891333333333334,optimal
2021-02-11 13:30:00,13,2,1.1428571428571428,0.0,0.0,0.2514333333333333,optimal
2021-02-11 14:00:00,13,2,1.1428571428571428,0.0,0.0,0.10629999999999999,optimal
2021-02-11 14:30:00,13,2,1.1428571428571428,0.0,0.0,0.067,optimal
2021-02-11 15:00:00,13,2,1.1428571428571428,0.0774074074074074,0.0,0.2934,optimal
2021-02-11 15:30:00,13,2,1.1428571428571428,0.0,0.0,1.7012333333333332,optimal
2021-02-11 16:00:00,13,2,0.0,0.3096296296296296,0.0,0.3655333333333334,optimal
2021-02-11 16:30:00,13,2,0.0,0.0,0.0,0.5039,optimal
2021-02-11 17:00:00,13,2,0.0,0.0,0.0,0.45289999999999997,optimal
2021-02-11 17:30:00,13,2,0.0,0.46444444444444444,0.0,0.4625666666666667,optimal
2021-02-11 18:00:00,13,2,0.0,0.0774074074074074,0.0,0.3654,optimal
2021-02-11 18:30:00,13,2,0.0,0.46444444444444444,0.0,0.7151333333333333,optimal
2021-02-11 19:00:00,13,2,0.0,0.0,0.0,1.5790666666666666,optimal
2021-02-11 19:30:00,13,2,0.925575724735921,0.0,0.0,0.332,optimal
2021-02-11 20:00:00,13,2,0.8749731289932463,0.1548148148148148,0.0,0.5595,optimal
2021-02-11 20:30:00,13,2,0.0,0.23222222222222222,0.0,0.30019999999999997,optimal
2021-02-11 21:00:00,13,2,0.0,0.0,0.0,2.2748000000000004,optimal
2021-02-11 21:30:00,13,2,0.0,0.1548148148148148,0.0,2.713333333333333,optimal
2021-02-11 22:00:00,13,2,0.0,2.39962962962963,0.0,0.6433666666666666,optimal
2021-02-11 22:30:00,13,2,0.0,0.46444444444444444,0.0,0.53,optimal
2021-02-11 23:00:00,13,2,0.0,0.0,0.0,0.12766666666666668,optimal
2021-02-11 23:30:00,13,2,0.0,0.0,0.0,0.069,optimal
2021-02-12 00:00:00,13,2,1.1428571428571428,0.0,0.0,0.06933333333333333,optimal
2021-02-12 00:30:00,13,2,1.1428571428571428,0.0,0.0,0.063,optimal
2021-02-12 01:00:00,13,2,1.1428571428571428,0.0,0.0,0.063,optimal
2021-02-12 01:30:00,13,2,1.1428571428571428,0.0,0.0,0.105,optimal
2021-02-12 02:00:00,13,2,1.1428571428571428,0.0,0.0,0.153,optimal
2021-02-12 02:30:00,13,2,1.1428571428571428,0.0,0.0,0.063,optimal
2021-02-12 03:00:00,13,2,1.1428571428571428,0.0,0.0,0.183,optimal
2021-02-12 03:30:00,13,2,1.1428571428571428,0.0,0.0,0.075,optimal
2021-02-12 04:00:00,13,2,1.1428571428571428,0.0,0.0,0.129,optimal
2021-02-12 04:30:00,13,2,1.1428571428571428,0.0,0.0,0.129,optimal
2021-02-12 05:00:00,13,2,1.1428571428571428,0.0,0.0,0.063,optimal
2021-02-12 05:30:00,13,2,1.1428571428571428,0.0,0.0,0.123,optimal
2021-02-12 06:00:00,13,2,1.1428571428571428,0.0,0.0,0.135,optimal
2021-02-12 06:30:00,13,2,1.1428571428571428,0.0,3.766648793301679,0.07133333333333333,optimal
2021-02-12 07:00:00,13,2,1.1428571428571428,2.012592592592592,10.0,0.07333333333333333,optimal
2021-02-12 07:30:00,13,2,1.1428571428571428,9.246732464666454,0.0,0.189,optimal
2021-02-12 08:00:00,13,2,0.9959857529417784,0.0,0.0,0.06466666666666668,optimal
2021-02-12 08:30:00,13,2,0.9771131992442029,0.0,0.0,0.169,optimal
2021-02-12 09:00:00,13,2,0.9239803100080015,0.0,0.0,0.10166666666666668,optimal
2021-02-12 09:30:00,13,2,0.8401498292527143,0.0,0.0,0.063,optimal
2021-02-12 10:00:00,13,2,0.5950680817477585,0.0,0.0,0.195,optimal
2021-02-12 10:30:00,13,2,0.6156703320000495,0.0,0.0,0.06866666666666667,optimal
2021-02-12 11:00:00,13,2,0.4842147915194182,0.0,0.0,0.13333333333333333,optimal
2021-02-12 11:30:00,13,2,0.4820757870866634,0.0,0.0,0.129,optimal
2021-02-12 12:00:00,13,2,0.695500524721917,0.0,0.0,0.063,optimal
2021-02-12 12:30:00,13,2,1.1428571428571428,0.0,0.0,0.063,optimal
2021-02-12 13:00:00,13,2,1.1428571428571428,0.0,0.0,0.16166666666666665,optimal
2021-02-12 13:30:00,13,2,1.1428571428571428,0.0,0.0,0.10733333333333331,optimal
2021-02-12 14:00:00,13,2,1.1428571428571428,0.0,0.0,0.063,optimal
2021-02-12 14:30:00,13,2,1.1428571428571428,0.0,0.0,0.19533333333333328,optimal
2021-02-12 15:00:00,13,2,1.1428571428571428,0.0,0.0,0.073,optimal
2021-02-12 15:30:00,13,2,1.1428571428571428,0.0,0.0,0.101,optimal
2021-02-12 16:00:00,13,2,0.0,0.0,0.0,0.165,optimal
2021-02-12 16:30:00,13,2,0.0,0.0,0.0,0.063,optimal
2021-02-12 17:00:00,13,2,0.0,0.0774074074074074,0.0,0.4503333333333333,optimal
2021-02-12 17:30:00,13,2,0.0,0.46444444444444444,0.0,0.1816333333333333,optimal
2021-02-12 18:00:00,13,2,0.0,0.0,0.0,0.3992,optimal
2021-02-12 18:30:00,13,2,0.0,0.0,0.0,0.3266,optimal
2021-02-12 19:00:00,13,2,0.0,2.3222222222222215,0.0,0.468,optimal
2021-02-12 19:30:00,13,2,0.6167519038000925,0.23222222222222222,0.0,0.2926666666666667,optimal
2021-02-12 20:00:00,13,2,0.3959670555227283,0.0,0.0,1.2817333333333332,optimal
2021-02-12 20:30:00,13,2,0.0,0.0,0.0,0.642,optimal
2021-02-12 21:00:00,13,2,0.0,0.0,0.0,0.7028333333333334,optimal
2021-02-12 21:30:00,13,2,0.0,0.0774074074074074,0.0,0.6839666666666667,optimal
2021-02-12 22:00:00,13,2,0.0,0.0,0.0,0.5585,optimal
2021-02-12 22:30:00,13,2,0.0,0.0,0.0,0.5472333333333333,optimal
2021-02-12 23:00:00,13,2,0.0,0.0,0.0,0.5326000000000001,optimal
2021-02-12 23:30:00,13,2,0.0,0.0,0.0,0.3345,optimal
2021-02-13 00:00:00,13,2,0.0,0.0,0.0,0.056,optimal
2021-02-13 00:30:00,13,2,0.0,0.0,0.0,0.056,optimal
2021-02-13 01:00:00,13,2,0.6727881255178569,0.0,0.0,0.056,optimal
2021-02-13 01:30:00,13,2,1.1428571428571428,0.0,0.0,0.18286666666666668,optimal
2021-02-13 02:00:00,13,2,1.1428571428571428,0.0,0.0,0.056,optimal
2021-02-13 02:30:00,13,2,1.1428571428571428,0.0,0.0,0.056,optimal
2021-02-13 03:00:00,13,2,1.1428571428571428,0.0,0.0,0.18286666666666668,optimal
2021-02-13 03:30:00,13,2,1.1428571428571428,0.0,0.0,0.05633333333333333,optimal
2021-02-13 04:00:00,13,2,1.1428571428571428,0.0,0.0,0.10636666666666666,optimal
2021-02-13 04:30:00,13,2,1.1428571428571428,0.0,0.0,0.1525,optimal
2021-02-13 05:00:00,13,2,1.1428571428571428,0.0,0.0,0.066,optimal
2021-02-13 05:30:00,13,2,1.1428571428571428,0.0,0.0,0.08906666666666667,optimal
2021-02-13 06:00:00,13,2,1.1428571428571428,0.0,0.0,0.1698,optimal
2021-02-13 06:30:00,13,2,1.1428571428571428,0.0,2.9389323187550676,0.066,optimal
2021-02-13 07:00:00,13,2,1.1428571428571428,0.0,10.0,0.1928666666666667,optimal
2021-02-13 07:30:00,13,2,1.1428571428571428,0.0,0.0,0.064,optimal
2021-02-13 08:00:00,13,2,0.7254260074947557,2.39962962962963,0.0,0.11013333333333333,optimal
2021-02-13 08:30:00,13,2,0.6878393840143888,0.46444444444444444,0.0,0.16873333333333332,optimal
2021-02-13 09:00:00,13,2,0.6376295408822256,0.387037037037037,0.0,0.10373333333333332,optimal
2021-02-13 09:30:00,13,2,0.5608297568137162,0.0,0.0,0.4237666666666666,optimal
2021-02-13 10:00:00,13,2,0.27694843802982155,0.3096296296296296,0.0,1.1759333333333335,optimal
2021-02-13 10:30:00,13,2,0.4403618145494527,0.0,0.0,0.5623666666666667,optimal
2021-02-13 11:00:00,13,2,0.36019541843217445,0.6966666666666667,0.0,0.43956666666666666,optimal
2021-02-13 11:30:00,13,2,0.3172440330470414,0.1548148148148148,0.0,1.3657666666666668,optimal
2021-02-13 12:00:00,13,2,0.21215058861583222,0.0774074074074074,0.0,1.8950333333333333,optimal
2021-02-13 12:30:00,13,2,0.32287162736938024,0.387037037037037,0.0,0.3236,optimal
2021-02-13 13:00:00,13,2,1.1428571428571428,0.46444444444444444,0.0,0.218,optimal
2021-02-13 13:30:00,13,2,1.1428571428571428,0.1548148148148148,0.0,1.0082333333333333,optimal
2021-02-13 14:00:00,13,2,1.1428571428571428,0.0,0.0,0.9649333333333332,optimal
2021-02-13 14:30:00,13,2,1.1428571428571428,0.0,0.0,0.30646666666666667,optimal
2021-02-13 15:00:00,13,2,1.1428571428571428,0.6192592592592592,0.0,0.16973333333333332,optimal
2021-02-13 15:30:00,13,2,1.1428571428571428,0.3096296296296296,0.0,0.38376666666666664,optimal
2021-02-13 16:00:00,13,2,0.0,0.0,0.0,1.4834,optimal
2021-02-13 16:30:00,13,2,0.0,0.46444444444444444,0.0,0.4948666666666667,optimal
2021-02-13 17:00:00,13,2,0.0,0.0774074074074074,0.0,0.4642,optimal
2021-02-13 17:30:00,13,2,0.0,0.0774074074074074,0.0,0.5273,optimal
2021-02-13 18:00:00,13,2,0.0,0.0774074074074074,0.0,0.8721666666666666,optimal
2021-02-13 18:30:00,13,2,0.0,0.3096296296296296,0.0,1.5962333333333332,optimal
2021-02-13 19:00:00,13,2,0.0,0.0,0.0,0.1412,optimal
2021-02-13 19:30:00,13,2,0.0,0.46444444444444444,0.0,0.2703333333333333,optimal
2021-02-13 20:00:00,13,2,0.20704067772945067,0.0,0.0,0.19373333333333329,optimal
2021-02-13 20:30:00,13,2,0.0,0.0,0.0,0.38876666666666665,optimal
2021-02-13 21:00:00,13,2,0.0,1.8577777777777778,0.0,0.4457,optimal
2021-02-13 21:30:00,13,2,0.0,0.0,0.0,0.1308,optimal
2021-02-13 22:00:00,13,2,0.0,0.0,0.0,0.1928666666666667,optimal
2021-02-13 22:30:00,13,2,0.0,0.0,0.0,0.066,optimal
2021-02-13 23:00:00,13,2,0.0,0.0,0.0,0.1525,optimal
2021-02-13 23:30:00,13,2,0.0,0.0,0.0,0.10503333333333331,optimal
2021-02-07 00:00:00,14,2,0.0,0.0,0.0,0.057,optimal
2021-02-07 00:30:00,14,2,0.0,0.0,0.0,0.057,optimal
2021-02-07 01:00:00,14,2,0.0,0.0,0.0,0.057,optimal
2021-02-07 01:30:00,14,2,0.0,0.0,0.0,0.057,optimal
2021-02-07 02:00:00,14,2,0.0,0.0,0.0,0.13726666666666668,optimal
2021-02-07 02:30:00,14,2,0.0,0.0,0.0,0.057,optimal
2021-02-07 03:00:00,14,2,0.0,0.0,0.0,0.06273333333333332,optimal
2021-02-07 03:30:00,14,2,0.0,0.0,0.0,0.13153333333333334,optimal
2021-02-07 04:00:00,14,2,1.1428571428571428,0.0,0.0,0.057,optimal
2021-02-07 04:30:00,14,2,1.1428571428571428,0.0,0.0,0.13726666666666668,optimal
2021-02-07 05:00:00,14,2,1.1428571428571428,0.0,0.0,0.05633333333333333,optimal
2021-02-07 05:30:00,14,2,1.1428571428571428,0.0,0.0,0.08566666666666667,optimal
2021-02-07 06:00:00,14,2,1.1428571428571428,0.0,0.0,0.10859999999999999,optimal
2021-02-07 06:30:00,14,2,1.1428571428571428,0.0,0.0,0.057,optimal
2021-02-07 07:00:00,14,2,1.1428571428571428,0.0,1.9104478659086885,0.16996666666666665,optimal
2021-02-07 07:30:00,14,2,0.0,0.0,0.0,0.057,optimal
2021-02-07 08:00:00,14,2,0.3482577688253927,0.6192592592592592,0.0,0.37796666666666656,optimal
2021-02-07 08:30:00,14,2,0.5462316833037872,0.3096296296296296,0.0,1.1216333333333335,optimal
2021-02-07 09:00:00,14,2,0.4953264231921786,0.5418518518518518,0.0,0.3323666666666667,optimal
2021-02-07 09:30:00,14,2,0.7422445616165658,0.0,0.0,0.067,optimal
2021-02-07 10:00:00,14,2,0.6979139087868765,0.0,0.0,0.067,optimal
2021-02-07 10:30:00,14,2,0.6792585843190466,0.0,0.0,0.14726666666666668,optimal
2021-02-07 11:00:00,14,2,0.6498442931430402,0.0,0.0,0.067,optimal
2021-02-07 11:30:00,14,2,0.7324853537625229,0.0,0.0,0.067,optimal
2021-02-07 12:00:00,14,2,1.1428571428571428,0.0,0.0,0.067,optimal
2021-02-07 12:30:00,14,2,1.1428571428571428,0.0,0.0,0.14153333333333334,optimal
2021-02-07 13:00:00,14,2,1.1428571428571428,0.0,0.0,0.07273333333333333,optimal
2021-02-07 13:30:00,14,2,1.1428571428571428,0.0,0.0,0.067,optimal
2021-02-07 14:00:00,14,2,1.1428571428571428,0.0,0.0,0.1358,optimal
2021-02-07 14:30:00,14,2,1.1428571428571428,0.0,0.0,0.07846666666666667,optimal
2021-02-07 15:00:00,14,2,1.1428571428571428,0.0,0.0,0.067,optimal
2021-02-07 15:30:00,14,2,1.1428571428571428,0.0,0.0,0.067,optimal
2021-02-07 16:00:00,14,2,0.0,0.0,0.0,0.14153333333333334,optimal
2021-02-07 16:30:00,14,2,0.0,0.0,0.0,0.07273333333333333,optimal
2021-02-07 17:00:00,14,2,0.0,0.1548148148148148,0.0,0.33563333333333334,optimal
2021-02-07 17:30:00,14,2,0.0,0.0774074074074074,0.0,0.3494333333333333,optimal
2021-02-07 18:00:00,14,2,0.0,0.0,0.0,0.344,optimal
2021-02-07 18:30:00,14,2,0.0,0.0774074074074074,0.0,0.339,optimal
2021-02-07 19:00:00,14,2,0.0,0.23222222222222222,0.0,0.4543666666666667,optimal
2021-02-07 19:30:00,14,2,0.5033137176245916,0.0,0.0,0.3594333333333333,optimal
2021-02-07 20:00:00,14,2,0.32554228905315497,0.0,0.0,0.9013,optimal
2021-02-07 20:30:00,14,2,0.0,0.0,0.0,0.8128333333333334,optimal
2021-02-07 21:00:00,14,2,0.0,0.3096296296296296,0.0,0.2509333333333333,optimal
2021-02-07 21:30:00,14,2,0.0,0.23222222222222222,0.0,0.1707,optimal
2021-02-07 22:00:00,14,2,0.0,0.0,0.0,0.07273333333333333,optimal
2021-02-07 22:30:00,14,2,0.0,0.0,0.0,0.067,optimal
2021-02-07 23:00:00,14,2,0.0,0.0,0.0,0.14726666666666668,optimal
2021-02-07 23:30:00,14,2,0.0,0.0,0.0,0.06366666666666666,optimal
2021-02-08 00:00:00,14,2,0.0,1.6255555555555554,0.0,0.05913333333333333,optimal
2021-02-08 00:30:00,14,2,0.0,0.0,0.0,0.06566666666666666,optimal
2021-02-08 01:00:00,14,2,0.0,0.0,0.0,0.1182,optimal
2021-02-08 01:30:00,14,2,1.0193574499675098,0.0,0.0,0.09259999999999999,optimal
2021-02-08 02:00:00,14,2,1.1428571428571428,0.0,0.0,0.067,optimal
2021-02-08 02:30:00,14,2,1.1428571428571428,0.0,0.0,0.10540000000000001,optimal
2021-02-08 03:00:00,14,2,1.1428571428571428,0.0,0.0,0.10540000000000001,optimal
2021-02-08 03:30:00,14,2,1.1428571428571428,0.0,0.0,0.1267333333333333,optimal
2021-02-08 04:00:00,14,2,1.1428571428571428,0.0,0.0,0.08406666666666666,optimal
2021-02-08 04:30:00,14,2,1.1428571428571428,0.0,0.0,0.067,optimal
2021-02-08 05:00:00,14,2,1.1428571428571428,0.0,0.0,0.13953333333333334,optimal
2021-02-08 05:30:00,14,2,1.1428571428571428,0.0,0.0,0.07126666666666667,optimal
2021-02-08 06:00:00,14,2,1.1428571428571428,0.0,0.9384589685597097,0.11393333333333333,optimal
2021-02-08 06:30:00,14,2,1.1428571428571428,1.8577777777777778,10.0,0.10353333333333331,optimal
2021-02-08 07:00:00,14,2,1.1428571428571428,0.5418518518518518,10.0,0.179,optimal
2021-02-08 07:30:00,14,2,1.1428571428571428,1.006296296296296,0.0,0.1995,optimal
2021-02-08 08:00:00,14,2,0.5934197765916145,0.5418518518518518,0.0,0.21509999999999999,optimal
2021-02-08 08:30:00,14,2,0.6834025473618721,0.23222222222222222,0.0,0.22246666666666667,optimal
2021-02-08 09:00:00,14,2,0.7606795151035876,0.0,0.0,0.067,optimal
2021-02-08 09:30:00,14,2,0.7323196446624828,0.0,0.0,0.1438,optimal
2021-02-08 10:00:00,14,2,0.6601312721029284,0.0,0.0,0.067,optimal
2021-02-08 10:30:00,14,2,0.666548285401181,0.0,0.0,0.067,optimal
2021-02-08 11:00:00,14,2,0.5697067907806128,0.0,0.0,0.067,optimal
2021-02-08 11:30:00,14,2,0.5483621152484485,0.0,0.0,0.1267333333333333,optimal
2021-02-08 12:00:00,14,2,0.5240756930073405,0.0,0.0,0.08406666666666666,optimal
2021-02-08 12:30:00,14,2,0.5191768181334868,0.0,0.0,0.07126666666666667,optimal
2021-02-08 13:00:00,14,2,1.1428571428571428,0.0,0.0,0.13953333333333334,optimal
2021-02-08 13:30:00,14,2,1.1428571428571428,0.1548148148148148,0.0,0.13353333333333334,optimal
2021-02-08 14:00:00,14,2,1.1428571428571428,0.1548148148148148,0.0,0.26946666666666663,optimal
2021-02-08 14:30:00,14,2,1.1428571428571428,0.23222222222222222,0.0,0.226,optimal
2021-02-08 15:00:00,14,2,1.1428571428571428,0.0,0.0,0.4657,optimal
2021-02-08 15:30:00,14,2,1.1428571428571428,0.23222222222222222,0.0,0.2914333333333333,optimal
2021-02-08 16:00:00,14,2,0.0,0.0,0.0,0.5384,optimal
2021-02-08 16:30:00,14,2,0.0,0.0,0.0,0.4186666666666667,optimal
2021-02-08 17:00:00,14,2,0.0,0.6966666666666667,0.0,0.3386,optimal
2021-02-08 17:30:00,14,2,0.0,0.5418518518518518,0.0,0.39813333333333334,optimal
2021-02-08 18:00:00,14,2,0.0,0.1548148148148148,0.0,0.4686666666666667,optimal
2021-02-08 18:30:00,14,2,0.0,0.0774074074074074,0.0,0.4459333333333333,optimal
2021-02-08 19:00:00,14,2,0.0,2.4770370370370367,0.0,1.8974666666666666,optimal
2021-02-08 19:30:00,14,2,0.0,0.0774074074074074,0.0,0.5518333333333334,optimal
2021-02-08 20:00:00,14,2,0.2546304185456355,0.0,0.0,0.38,optimal
2021-02-08 20:30:00,14,2,0.0,0.0774074074074074,0.0,0.3852,optimal
2021-02-08 21:00:00,14,2,0.0,0.387037037037037,0.0,0.32716666666666666,optimal
2021-02-08 21:30:00,14,2,0.0,0.0,0.0,1.0963333333333332,optimal
2021-02-08 22:00:00,14,2,0.0,0.23222222222222222,0.0,0.8199333333333333,optimal
2021-02-08 22:30:00,14,2,0.0,0.0774074074074074,0.0,0.19963333333333333,optimal
2021-02-08 23:00:00,14,2,0.0,0.0,0.0,0.067,optimal
2021-02-08 23:30:00,14,2,0.0,0.0,0.0,0.067,optimal
2021-02-09 00:00:00,14,2,0.0,0.0,0.0,0.067,optimal
2021-02-09 00:30:00,14,2,0.0,0.0,0.0,0.067,optimal
2021-02-09 01:00:00,14,2,0.0,0.0,0.0,0.067,optimal
2021-02-09 01:30:00,14,2,1.038156558109153,0.0,0.0,0.067,optimal
2021-02-09 02:00:00,14,2,1.1428571428571428,0.0,0.0,0.067,optimal
2021-02-09 02:30:00,14,2,1.1428571428571428,0.0,0.0,0.067,optimal
2021-02-09 03:00:00,14,2,1.1428571428571428,0.0,0.0,0.067,optimal
2021-02-09 03:30:00,14,2,1.1428571428571428,0.0,0.0,0.067,optimal
2021-02-09 04:00:00,14,2,1.1428571428571428,0.0,0.0,0.067,optimal
2021-02-09 04:30:00,14,2,1.1428571428571428,0.1548148148148148,2.0815424939859004,0.5415333333333333,optimal
2021-02-09 05:00:00,14,2,1.1428571428571428,0.46444444444444444,10.0,0.8533333333333334,optimal
2021-02-09 05:30:00,14,2,1.1428571428571428,0.5418518518518518,0.0,0.0728,optimal
2021-02-09 06:00:00,14,2,1.1428571428571428,5.186296296296297,0.0,0.08633333333333333,optimal
2021-02-09 06:30:00,14,2,1.1428571428571428,0.3096296296296296,0.0,0.0841,optimal
2021-02-09 07:00:00,14,2,1.1428571428571428,0.46444444444444444,0.0,0.088,optimal
2021-02-09 07:30:00,14,2,1.1428571428571428,0.0,0.0,0.077,optimal
2021-02-09 08:00:00,14,2,0.8434837611430187,0.0,0.0,0.077,optimal
2021-02-09 08:30:00,14,2,0.8102096049876202,0.23222222222222222,0.0,0.08066666666666668,optimal
2021-02-09 09:00:00,14,2,0.7729137946349239,0.0,0.0,0.077,optimal
2021-02-09 09:30:00,14,2,0.7600797680384187,0.0,0.0,0.077,optimal
2021-02-09 10:00:00,14,2,0.6484284596701473,0.0,0.0,0.077,optimal
2021-02-09 10:30:00,14,2,0.6226858184587784,0.0,0.0,0.08066666666666668,optimal
2021-02-09 11:00:00,14,2,0.5348829727914501,0.0,0.0,0.077,optimal
2021-02-09 11:30:00,14,2,0.5327439683586953,0.0,0.0,0.077,optimal
2021-02-09 12:00:00,14,2,0.4662071847937812,0.0,0.0,0.077,optimal
2021-02-09 12:30:00,14,2,0.41077476065510415,0.3096296296296296,0.0,0.0761,optimal
2021-02-09 13:00:00,14,2,0.5305616047685386,0.23222222222222222,0.0,0.0856,optimal
2021-02-09 13:30:00,14,2,1.1428571428571428,0.0,0.0,0.2866,optimal
2021-02-09 14:00:00,14,2,1.1428571428571428,0.0,0.0,0.264,optimal
2021-02-09 14:30:00,14,2,1.1428571428571428,0.1548148148148148,0.0,1.4653333333333332,optimal
2021-02-09 15:00:00,14,2,1.1428571428571428,0.0,0.0,0.7182000000000001,optimal
2021-02-09 15:30:00,14,2,1.1428571428571428,0.387037037037037,0.0,1.5311333333333335,optimal
2021-02-09 16:00:00,14,2,0.0,0.46444444444444444,0.0,1.0964,optimal
2021-02-09 16:30:00,14,2,0.0,0.0774074074074074,0.0,0.9937666666666668,optimal
2021-02-09 17:00:00,14,2,0.0,0.0,0.0,0.3247,optimal
2021-02-09 17:30:00,14,2,0.0,0.23222222222222222,0.0,0.299,optimal
2021-02-09 18:00:00,14,2,0.0,0.23222222222222222,0.0,0.6742666666666667,optimal
2021-02-09 18:30:00,14,2,0.0,0.387037037037037,0.0,0.8200666666666667,optimal
2021-02-09 19:00:00,14,2,0.0,0.3096296296296296,0.0,0.4271666666666667,optimal
2021-02-09 19:30:00,14,2,0.0,0.0,0.0,1.1719000000000002,optimal
2021-02-09 20:00:00,14,2,0.0,0.0,0.0,0.7707333333333334,optimal
2021-02-09 20:30:00,14,2,0.0,0.0774074074074074,0.0,0.6136,optimal
2021-02-09 21:00:00,14,2,0.0,0.0,0.0,0.5658333333333334,optimal
2021-02-09 21:30:00,14,2,0.0,0.0,0.0,0.6081666666666666,optimal
2021-02-09 22:00:00,14,2,0.0,0.387037037037037,0.0,0.5859,optimal
2021-02-09 22:30:00,14,2,0.0,0.3096296296296296,0.0,0.5573333333333333,optimal
2021-02-09 23:00:00,14,2,0.0,0.0,0.0,0.39826666666666666,optimal
2021-02-09 23:30:00,14,2,0.0,0.0,0.0,0.077,optimal
2021-02-10 00:00:00,14,2,0.0,0.0,0.0,0.06,optimal
2021-02-10 00:30:00,14,2,0.0,0.0,0.0,0.2073333333333333,optimal
2021-02-10 01:00:00,14,2,0.5038727393788989,0.0,0.0,0.07473333333333333,optimal
2021-02-10 01:30:00,14,2,1.1428571428571428,0.0,0.0,0.06,optimal
2021-02-10 02:00:00,14,2,1.1428571428571428,0.0,0.0,0.123,optimal
2021-02-10 02:30:00,14,2,1.1428571428571428,0.0,0.0,0.22206666666666663,optimal
2021-02-10 03:00:00,14,2,1.1428571428571428,0.0,0.0,0.06,optimal
2021-02-10 03:30:00,14,2,1.1428571428571428,0.0,0.0,0.06,optimal
2021-02-10 04:00:00,14,2,1.1428571428571428,0.0,0.0,0.22206666666666663,optimal
2021-02-10 04:30:00,14,2,1.1428571428571428,0.0,0.0,0.06,optimal
2021-02-10 05:00:00,14,2,1.1428571428571428,0.0,0.0,0.11893333333333334,optimal
2021-02-10 05:30:00,14,2,1.1428571428571428,0.0,0.0,0.22613333333333333,optimal
2021-02-10 06:00:00,14,2,1.1428571428571428,0.0,6.6434336344213,0.06,optimal
2021-02-10 06:30:00,14,2,1.1428571428571428,0.0,10.0,0.22206666666666663,optimal
2021-02-10 07:00:00,14,2,1.1428571428571428,0.0,10.0,0.06466666666666668,optimal
2021-02-10 07:30:00,14,2,1.1428571428571428,7.121481481481481,0.0,0.3164666666666666,optimal
2021-02-10 08:00:00,14,2,0.5841254900682523,5.108888888888889,0.0,0.5426,optimal
2021-02-10 08:30:00,14,2,0.5985675675753451,0.387037037037037,0.0,1.2580666666666667,optimal
2021-02-10 09:00:00,14,2,0.5333928183312312,0.0,0.0,1.0872,optimal
2021-02-10 09:30:00,14,2,0.6326672767907088,0.46444444444444444,0.0,0.07016666666666667,optimal
2021-02-10 10:00:00,14,2,0.4787043493660293,0.0,0.0,0.2545,optimal
2021-02-10 10:30:00,14,2,0.2928492408296885,0.1548148148148148,0.0,1.3544,optimal
2021-02-10 11:00:00,14,2,0.4402813502609888,0.387037037037037,0.0,0.1648,optimal
2021-02-10 11:30:00,14,2,0.41960334139549693,0.0,0.0,0.22096666666666667,optimal
2021-02-10 12:00:00,14,2,0.3912595834420245,0.3096296296296296,0.0,0.14376666666666668,optimal
2021-02-10 12:30:00,14,2,0.28428244058488406,0.0,0.0,1.4357,optimal
2021-02-10 13:00:00,14,2,1.0725644418131965,0.0,0.0,2.9103000000000003,optimal
2021-02-10 13:30:00,14,2,1.1428571428571428,0.0,0.0,1.7814,optimal
2021-02-10 14:00:00,14,2,1.1428571428571428,0.0,0.0,0.1623,optimal
2021-02-10 14:30:00,14,2,1.1428571428571428,0.0,0.0,0.22769999999999999,optimal
2021-02-10 15:00:00,14,2,1.1428571428571428,0.0,0.0,0.15466666666666665,optimal
2021-02-10 15:30:00,14,2,1.1428571428571428,0.0,0.0,0.2107333333333333,optimal
2021-02-10 16:00:00,14,2,0.0,0.1548148148148148,0.0,0.24516666666666662,optimal
2021-02-10 16:30:00,14,2,0.0,0.23222222222222222,0.0,0.25,optimal
2021-02-10 17:00:00,14,2,0.0,0.23222222222222222,0.0,0.6824,optimal
2021-02-10 17:30:00,14,2,0.0,0.0774074074074074,0.0,0.46726666666666666,optimal
2021-02-10 18:00:00,14,2,0.0,0.0,0.0,0.5694,optimal
2021-02-10 18:30:00,14,2,0.0,0.0774074074074074,0.0,0.7206333333333333,optimal
2021-02-10 19:00:00,14,2,0.0,0.387037037037037,0.0,0.5431666666666666,optimal
2021-02-10 19:30:00,14,2,0.0,0.46444444444444444,0.0,0.457,optimal
2021-02-10 20:00:00,14,2,0.0,0.0,0.0,0.49626666666666663,optimal
2021-02-10 20:30:00,14,2,0.0,0.5418518518518518,0.0,0.32680000000000003,optimal
2021-02-10 21:00:00,14,2,0.0,0.3096296296296296,0.0,0.2745,optimal
2021-02-10 21:30:00,14,2,0.0,0.0,0.0,0.4234666666666666,optimal
2021-02-10 22:00:00,14,2,0.0,0.0,0.0,0.07,optimal
2021-02-10 22:30:00,14,2,0.0,0.0,0.0,0.12893333333333334,optimal
2021-02-10 23:00:00,14,2,0.0,0.0,0.0,0.22913333333333333,optimal
2021-02-10 23:30:00,14,2,0.0,0.0,0.0,0.077,optimal
2021-02-11 00:00:00,14,2,1.1428571428571428,0.0,0.0,0.051333333333333335,optimal
2021-02-11 00:30:00,14,2,1.1428571428571428,0.0,0.0,0.057,optimal
2021-02-11 01:00:00,14,2,1.1428571428571428,0.0,0.0,0.17033333333333334,optimal
2021-02-11 01:30:00,14,2,1.1428571428571428,0.0,0.0,0.057,optimal
2021-02-11 02:00:00,14,2,1.1428571428571428,0.0,0.0,0.17033333333333334,optimal
2021-02-11 02:30:00,14,2,1.1428571428571428,0.0,0.0,0.057,optimal
2021-02-11 03:00:00,14,2,1.1428571428571428,0.0,0.0,0.057,optimal
2021-02-11 03:30:00,14,2,1.1428571428571428,0.0,0.0,0.057,optimal
2021-02-11 04:00:00,14,2,1.1428571428571428,0.387037037037037,0.0,0.10733333333333331,optimal
2021-02-11 04:30:00,14,2,1.1428571428571428,5.031481481481482,0.0,0.11733333333333332,optimal
2021-02-11 05:00:00,14,2,1.1428571428571428,0.0,0.0,0.06833333333333333,optimal
2021-02-11 05:30:00,14,2,1.1428571428571428,0.0,0.0,0.159,optimal
2021-02-11 06:00:00,14,2,1.1428571428571428,0.0,0.0,0.057,optimal
2021-02-11 06:30:00,14,2,1.1428571428571428,0.0,0.0,0.108,optimal
2021-02-11 07:00:00,14,2,1.1428571428571428,0.0,7.763868745516514,0.11866666666666668,optimal
2021-02-11 07:30:00,14,2,1.1428571428571428,7.57308524070551,0.0,0.055,optimal
2021-02-11 08:00:00,14,2,0.7403544084605412,2.439881481481482,0.0,0.06496666666666667,optimal
2021-02-11 08:30:00,14,2,0.6067904693778322,0.11456296296296285,0.0,0.4884,optimal
2021-02-11 09:00:00,14,2,0.630531230427351,0.8514814814814814,0.0,0.26923333333333327,optimal
2021-02-11 09:30:00,14,2,0.7469059889085057,0.0,0.0,0.08453333333333334,optimal
2021-02-11 10:00:00,14,2,0.605385123584002,0.0,0.0,0.125,optimal
2021-02-11 10:30:00,14,2,0.6375293672531833,0.0,0.0,0.10233333333333332,optimal
2021-02-11 11:00:00,14,2,0.5730769422241253,0.0,0.0,0.07966666666666668,optimal
2021-02-11 11:30:00,14,2,0.5215633043043142,0.0,0.0,0.14766666666666667,optimal
2021-02-11 12:00:00,14,2,0.44099246175480383,0.0,0.0,0.057,optimal
2021-02-11 12:30:00,14,2,0.39861397555762146,0.0,0.0,0.108,optimal
2021-02-11 13:00:00,14,2,1.1428571428571428,0.0,0.0,1.4999,optimal
2021-02-11 13:30:00,14,2,1.1428571428571428,0.0,0.0,0.9773333333333334,optimal
2021-02-11 14:00:00,14,2,1.1428571428571428,0.0,0.0,0.32826666666666665,optimal
2021-02-11 14:30:00,14,2,1.1428571428571428,0.0,0.0,0.173,optimal
2021-02-11 15:00:00,14,2,1.1428571428571428,0.0,0.0,0.16466666666666666,optimal
2021-02-11 15:30:00,14,2,1.1428571428571428,0.0,0.0,0.17866666666666667,optimal
2021-02-11 16:00:00,14,2,0.0,0.23222222222222222,0.0,0.2305,optimal
2021-02-11 16:30:00,14,2,0.0,1.0837037037037036,0.0,0.8015333333333333,optimal
2021-02-11 17:00:00,14,2,0.0,0.46444444444444444,0.0,0.9904,optimal
2021-02-11 17:30:00,14,2,0.0,0.23222222222222222,0.0,0.2586666666666667,optimal
2021-02-11 18:00:00,14,2,0.0,0.6192592592592592,0.0,0.4271333333333333,optimal
2021-02-11 18:30:00,14,2,0.0,0.6966666666666667,0.0,1.147,optimal
2021-02-11 19:00:00,14,2,0.0,0.1548148148148148,0.0,0.5694333333333332,optimal
2021-02-11 19:30:00,14,2,0.38558764810829543,0.0,0.0,0.10033333333333332,optimal
2021-02-11 20:00:00,14,2,0.9123521766122927,0.0,0.0,0.3893333333333333,optimal
2021-02-11 20:30:00,14,2,0.0,0.0,0.0,0.055,optimal
2021-02-11 21:00:00,14,2,0.0,0.0,0.0,0.375,optimal
2021-02-11 21:30:00,14,2,0.0,0.3096296296296296,0.0,1.3137333333333332,optimal
2021-02-11 22:00:00,14,2,0.0,0.0,0.0,0.26516666666666666,optimal
2021-02-11 22:30:00,14,2,0.0,0.0,0.0,0.2504333333333333,optimal
2021-02-11 23:00:00,14,2,0.0,0.0,0.0,0.09,optimal
2021-02-11 23:30:00,14,2,0.0,0.0,0.0,0.08666666666666667,optimal
2021-02-12 00:00:00,14,2,1.1428571428571428,1.470740740740741,0.0,0.2531333333333333,optimal
2021-02-12 00:30:00,14,2,1.1428571428571428,0.0,0.0,0.19306666666666664,optimal
2021-02-12 01:00:00,14,2,1.1428571428571428,0.0,0.0,0.1215,optimal
2021-02-12 01:30:00,14,2,1.1428571428571428,0.0,0.0,0.18109999999999998,optimal
2021-02-12 02:00:00,14,2,1.1428571428571428,0.0,0.0,0.15696666666666667,optimal
2021-02-12 02:30:00,14,2,1.1428571428571428,0.0,0.0,0.12043333333333334,optimal
2021-02-12 03:00:00,14,2,1.1428571428571428,0.0,0.0,0.21513333333333332,optimal
2021-02-12 03:30:00,14,2,1.1428571428571428,0.0,0.0,0.064,optimal
2021-02-12 04:00:00,14,2,1.1428571428571428,0.0,0.0,0.08746666666666666,optimal
2021-02-12 04:30:00,14,2,1.1428571428571428,0.0,0.0,0.1696,optimal
2021-02-12 05:00:00,14,2,1.1428571428571428,0.0,0.0,0.1215,optimal
2021-02-12 05:30:00,14,2,1.1428571428571428,0.0,0.0,0.1517666666666667,optimal
2021-02-12 06:00:00,14,2,1.1428571428571428,0.0,0.0,0.15896666666666667,optimal
2021-02-12 06:30:00,14,2,1.1428571428571428,0.0,3.647325895055106,0.1143,optimal
2021-02-12 07:00:00,14,2,1.1428571428571428,1.0837037037037036,10.0,0.6491333333333333,optimal
2021-02-12 07:30:00,14,2,1.1428571428571428,4.5602899737022025,0.0,2.192133333333333,optimal
2021-02-12 08:00:00,14,2,0.642842895798919,6.57962962962963,0.0,0.3914333333333333,optimal
2021-02-12 08:30:00,14,2,0.7207036754346803,0.46444444444444444,0.0,0.27536666666666665,optimal
2021-02-12 09:00:00,14,2,0.6485517385794303,4.257407407407407,0.0,0.30760000000000004,optimal
2021-02-12 09:30:00,14,2,0.5697307816336606,0.3096296296296296,0.0,0.5157333333333334,optimal
2021-02-12 10:00:00,14,2,0.45356331984299275,0.23222222222222222,0.0,0.4752,optimal
2021-02-12 10:30:00,14,2,0.29597699866671384,0.0,0.0,2.517733333333333,optimal
2021-02-12 11:00:00,14,2,0.3477005058051276,0.0,0.0,2.796,optimal
2021-02-12 11:30:00,14,2,0.41070245375333225,0.0,0.0,0.9711000000000001,optimal
2021-02-12 12:00:00,14,2,0.45576887823945106,0.0,0.0,0.10083333333333332,optimal
2021-02-12 12:30:00,14,2,0.4580108261876497,0.0,0.0,0.0855,optimal
2021-02-12 13:00:00,14,2,1.1428571428571428,0.0,0.0,0.4446,optimal
2021-02-12 13:30:00,14,2,1.1428571428571428,0.0,0.0,0.5304666666666666,optimal
2021-02-12 14:00:00,14,2,1.1428571428571428,0.0,0.0,0.35286666666666666,optimal
2021-02-12 14:30:00,14,2,1.1428571428571428,0.0,0.0,0.12093333333333334,optimal
2021-02-12 15:00:00,14,2,1.1428571428571428,0.0,0.0,0.22513333333333332,optimal
2021-02-12 15:30:00,14,2,1.1428571428571428,0.0,0.0,0.074,optimal
2021-02-12 16:00:00,14,2,0.0,0.0,0.0,0.3470666666666667,optimal
2021-02-12 16:30:00,14,2,0.0,0.1548148148148148,0.0,0.5339333333333333,optimal
2021-02-12 17:00:00,14,2,0.0,0.6192592592592592,0.0,0.38766666666666666,optimal
2021-02-12 17:30:00,14,2,0.0,0.23222222222222222,0.0,0.25730000000000003,optimal
2021-02-12 18:00:00,14,2,0.0,0.0774074074074074,0.0,0.3636666666666667,optimal
2021-02-12 18:30:00,14,2,0.0,0.1548148148148148,0.0,0.2902,optimal
2021-02-12 19:00:00,14,2,0.0,0.0,0.0,0.5318666666666667,optimal
2021-02-12 19:30:00,14,2,0.051963662239396795,0.0,0.0,0.4206666666666667,optimal
2021-02-12 20:00:00,14,2,0.2789346745703498,0.0,0.0,0.9672000000000001,optimal
2021-02-12 20:30:00,14,2,0.0,0.3096296296296296,0.0,0.7874,optimal
2021-02-12 21:00:00,14,2,0.0,0.387037037037037,0.0,0.5204666666666667,optimal
2021-02-12 21:30:00,14,2,0.0,0.0,0.0,0.6057333333333333,optimal
2021-02-12 22:00:00,14,2,0.0,0.0,0.0,0.12383333333333331,optimal
2021-02-12 22:30:00,14,2,0.0,0.0,0.0,0.11663333333333334,optimal
2021-02-12 23:00:00,14,2,0.0,0.0,0.0,0.17959999999999998,optimal
2021-02-12 23:30:00,14,2,0.0,0.0,0.0,0.2277333333333333,optimal
2021-02-13 00:00:00,14,2,0.0,0.0,0.0,0.053,optimal
2021-02-13 00:30:00,14,2,0.047857502894315916,0.0,0.0,0.053,optimal
2021-02-13 01:00:00,14,2,1.1428571428571428,0.0,0.0,0.20453333333333334,optimal
2021-02-13 01:30:00,14,2,1.1428571428571428,0.0,0.0,0.15106666666666665,optimal
2021-02-13 02:00:00,14,2,1.1428571428571428,0.0,0.0,0.053,optimal
2021-02-13 02:30:00,14,2,1.1428571428571428,0.0,0.0,0.2154,optimal
2021-02-13 03:00:00,14,2,1.1428571428571428,0.0,0.0,0.13019999999999998,optimal
2021-02-13 03:30:00,14,2,1.1428571428571428,0.0,0.0,0.053,optimal
2021-02-13 04:00:00,14,2,1.1428571428571428,0.0,0.0,0.26530000000000004,optimal
2021-02-13 04:30:00,14,2,1.1428571428571428,0.0,0.0,0.0803,optimal
2021-02-13 05:00:00,14,2,1.1428571428571428,0.0,0.0,0.06470000000000001,optimal
2021-02-13 05:30:00,14,2,1.1428571428571428,0.0,0.0,0.15,optimal
2021-02-13 06:00:00,14,2,1.1428571428571428,0.0,0.0,0.1839,optimal
2021-02-13 06:30:00,14,2,1.1428571428571428,0.0,0.0,0.05733333333333333,optimal
2021-02-13 07:00:00,14,2,1.1428571428571428,0.0774074074074074,8.679491056220906,0.13253333333333334,optimal
2021-02-13 07:30:00,14,2,1.1428571428571428,0.0,0.0,0.2343,optimal
2021-02-13 08:00:00,14,2,0.8252450551137974,0.0,0.0,0.07713333333333335,optimal
2021-02-13 08:30:00,14,2,0.8084012887762935,0.0,0.0,0.0681,optimal
2021-02-13 09:00:00,14,2,0.7013628742155642,0.387037037037037,0.0,0.10873333333333332,optimal
2021-02-13 09:30:00,14,2,0.6691345187184853,0.0,0.0,0.2529,optimal
2021-02-13 10:00:00,14,2,0.5656055808869616,0.0,0.0,0.17483333333333334,optimal
2021-02-13 10:30:00,14,2,0.5022189574065905,0.0,0.0,0.3634666666666666,optimal
2021-02-13 11:00:00,14,2,0.4441573231940778,0.0,0.0,0.2399,optimal
2021-02-13 11:30:00,14,2,0.46220879495180306,0.0,0.0,0.18556666666666663,optimal
2021-02-13 12:00:00,14,2,0.28616868385393507,0.0774074074074074,0.0,0.6269,optimal
2021-02-13 12:30:00,14,2,0.747051208872531,0.0774074074074074,0.0,0.186,optimal
2021-02-13 13:00:00,14,2,1.1428571428571428,0.1548148148148148,0.0,0.18286666666666668,optimal
2021-02-13 13:30:00,14,2,1.1428571428571428,0.0,0.0,0.3962333333333333,optimal
2021-02-13 14:00:00,14,2,1.1428571428571428,0.0,0.0,0.3358333333333333,optimal
2021-02-13 14:30:00,14,2,1.1428571428571428,0.0,0.0,0.17883333333333334,optimal
2021-02-13 15:00:00,14,2,1.1428571428571428,0.0,0.0,0.12290000000000001,optimal
2021-02-13 15:30:00,14,2,1.1428571428571428,0.1548148148148148,0.0,0.4577333333333333,optimal
2021-02-13 16:00:00,14,2,0.0,0.0,0.0,0.12453333333333332,optimal
2021-02-13 16:30:00,14,2,0.0,0.0,0.0,0.22469999999999998,optimal
2021-02-13 17:00:00,14,2,0.0,0.46444444444444444,0.0,0.7050666666666667,optimal
2021-02-13 17:30:00,14,2,0.0,0.0774074074074074,0.0,2.2035,optimal
2021-02-13 18:00:00,14,2,0.0,0.0774074074074074,0.0,0.3378333333333333,optimal
2021-02-13 18:30:00,14,2,0.0,0.46444444444444444,0.0,0.3736666666666667,optimal
2021-02-13 19:00:00,14,2,0.0,0.0,0.0,0.41126666666666667,optimal
2021-02-13 19:30:00,14,2,0.7377709514191323,0.3096296296296296,0.0,0.05533333333333334,optimal
2021-02-13 20:00:00,14,2,0.6307441983798762,0.387037037037037,0.0,0.32289999999999996,optimal
2021-02-13 20:30:00,14,2,0.0,0.23222222222222222,0.0,0.2188333333333333,optimal
2021-02-13 21:00:00,14,2,0.0,0.5418518518518518,0.0,0.29933333333333334,optimal
2021-02-13 21:30:00,14,2,0.0,0.46444444444444444,0.0,0.234,optimal
2021-02-13 22:00:00,14,2,0.0,0.23222222222222222,0.0,0.15236666666666668,optimal
2021-02-13 22:30:00,14,2,0.0,0.0,0.0,0.11309999999999999,optimal
2021-02-13 23:00:00,14,2,0.0,0.0,0.0,0.18619999999999998,optimal
2021-02-13 23:30:00,14,2,0.0,0.0,0.0,0.13153333333333334,optimal
2021-02-07 00:00:00,15,2,0.0,0.1548148148148148,0.0,0.29836666666666667,optimal
2021-02-07 00:30:00,15,2,0.0,0.0,0.0,0.14833333333333334,optimal
2021-02-07 01:00:00,15,2,0.0,0.0,0.0,0.053,optimal
2021-02-07 01:30:00,15,2,0.0,0.0,0.0,0.20113333333333333,optimal
2021-02-07 02:00:00,15,2,0.0,0.0,0.0,0.053,optimal
2021-02-07 02:30:00,15,2,0.0,0.0,0.0,0.20113333333333333,optimal
2021-02-07 03:00:00,15,2,0.0,0.0,0.0,0.053,optimal
2021-02-07 03:30:00,15,2,0.0,0.0,0.0,0.14053333333333334,optimal
2021-02-07 04:00:00,15,2,1.1428571428571428,0.0,0.0,0.11359999999999999,optimal
2021-02-07 04:30:00,15,2,1.1428571428571428,0.0,0.0,0.05966666666666666,optimal
2021-02-07 05:00:00,15,2,1.1428571428571428,0.0,0.0,0.09506666666666666,optimal
2021-02-07 05:30:00,15,2,1.1428571428571428,0.0,0.0,0.1607333333333333,optimal
2021-02-07 06:00:00,15,2,1.1428571428571428,0.0,0.0,0.053,optimal
2021-02-07 06:30:00,15,2,1.1428571428571428,0.0,0.0,0.053,optimal
2021-02-07 07:00:00,15,2,1.1428571428571428,0.5418518518518518,2.623502212245243,0.17606666666666665,optimal
2021-02-07 07:30:00,15,2,0.0,0.387037037037037,0.0,0.1192,optimal
2021-02-07 08:00:00,15,2,0.20230775850563368,0.3096296296296296,0.0,0.052399999999999995,optimal
2021-02-07 08:30:00,15,2,0.610054540446645,0.0774074074074074,0.0,0.051,optimal
2021-02-07 09:00:00,15,2,0.6014216612874049,0.0,0.0,0.152,optimal
2021-02-07 09:30:00,15,2,0.40305027590227577,0.0,0.0,1.1355333333333333,optimal
2021-02-07 10:00:00,15,2,0.47132724212021054,0.1548148148148148,0.0,0.49606666666666666,optimal
2021-02-07 10:30:00,15,2,0.5212166795571439,0.1548148148148148,0.0,1.3802333333333332,optimal
2021-02-07 11:00:00,15,2,0.3595661979049551,0.46444444444444444,0.0,2.969733333333333,optimal
2021-02-07 11:30:00,15,2,0.381114769333515,0.0774074074074074,0.0,2.3487666666666667,optimal
2021-02-07 12:00:00,15,2,0.49595499292781675,0.6192592592592592,0.0,0.164,optimal
2021-02-07 12:30:00,15,2,0.8628197651003141,0.0,0.0,0.4935333333333334,optimal
2021-02-07 13:00:00,15,2,1.1428571428571428,0.0,0.0,0.21356666666666663,optimal
2021-02-07 13:30:00,15,2,1.1428571428571428,0.6192592592592592,0.0,0.16726666666666667,optimal
2021-02-07 14:00:00,15,2,1.1428571428571428,0.0,0.0,0.1385,optimal
2021-02-07 14:30:00,15,2,1.1428571428571428,0.0,0.0,0.1338,optimal
2021-02-07 15:00:00,15,2,1.1428571428571428,0.0,0.0,0.053,optimal
2021-02-07 15:30:00,15,2,1.1428571428571428,0.0,0.0,0.20976666666666668,optimal
2021-02-07 16:00:00,15,2,0.0,0.0774074074074074,0.0,0.18316666666666662,optimal
2021-02-07 16:30:00,15,2,0.0,0.0774074074074074,0.0,0.3388,optimal
2021-02-07 17:00:00,15,2,0.0,0.0774074074074074,0.0,0.47593333333333326,optimal
2021-02-07 17:30:00,15,2,0.0,0.0,0.0,0.8153333333333334,optimal
2021-02-07 18:00:00,15,2,0.0,0.0,0.0,0.4594333333333333,optimal
2021-02-07 18:30:00,15,2,0.0,0.387037037037037,0.0,0.2868,optimal
2021-02-07 19:00:00,15,2,0.0,0.23222222222222222,0.0,0.21846666666666667,optimal
2021-02-07 19:30:00,15,2,0.425256574767446,0.3096296296296296,0.0,0.5574333333333332,optimal
2021-02-07 20:00:00,15,2,0.4898756223864975,0.0,0.0,0.22043333333333331,optimal
2021-02-07 20:30:00,15,2,0.0,0.0774074074074074,0.0,0.21736666666666668,optimal
2021-02-07 21:00:00,15,2,0.0,0.23222222222222222,0.0,0.18280000000000002,optimal
2021-02-07 21:30:00,15,2,0.0,0.0,0.0,0.0735,optimal
2021-02-07 22:00:00,15,2,0.0,0.0,0.0,0.21113333333333334,optimal
2021-02-07 22:30:00,15,2,0.0,0.0,0.0,0.063,optimal
2021-02-07 23:00:00,15,2,0.0,0.0,0.0,0.06973333333333333,optimal
2021-02-07 23:30:00,15,2,0.0,0.0,0.0,0.2044,optimal
2021-02-08 00:00:00,15,2,0.0,0.0,0.0,0.061,optimal
2021-02-08 00:30:00,15,2,0.0,0.0,0.0,0.12940000000000002,optimal
2021-02-08 01:00:00,15,2,0.0,0.0,0.0,0.171,optimal
2021-02-08 01:30:00,15,2,0.9922796190095385,0.0,0.0,0.14466666666666667,optimal
2021-02-08 02:00:00,15,2,1.1428571428571428,0.0,0.0,0.13873333333333332,optimal
2021-02-08 02:30:00,15,2,1.1428571428571428,0.0,0.0,0.171,optimal
2021-02-08 03:00:00,15,2,1.1428571428571428,0.0,0.0,0.12940000000000002,optimal
2021-02-08 03:30:00,15,2,1.1428571428571428,0.0,0.0,0.14633333333333334,optimal
2021-02-08 04:00:00,15,2,1.1428571428571428,0.0,0.0,0.2094,optimal
2021-02-08 04:30:00,15,2,1.1428571428571428,0.0,0.0,0.1038,optimal
2021-02-08 05:00:00,15,2,1.1428571428571428,0.0,0.0,0.2019333333333333,optimal
2021-02-08 05:30:00,15,2,1.1428571428571428,0.0,0.0,0.171,optimal
2021-02-08 06:00:00,15,2,1.1428571428571428,0.0,0.0,0.2147333333333333,optimal
2021-02-08 06:30:00,15,2,1.1428571428571428,0.0,1.6085572142691262,0.106,optimal
2021-02-08 07:00:00,15,2,1.1428571428571428,0.0,10.0,0.2038,optimal
2021-02-08 07:30:00,15,2,1.1428571428571428,0.0774074074074074,0.0,0.20466666666666664,optimal
2021-02-08 08:00:00,15,2,0.6185626337344732,0.0774074074074074,0.0,0.3231,optimal
2021-02-08 08:30:00,15,2,0.7900501664094933,0.0,0.0,0.13353333333333334,optimal
2021-02-08 09:00:00,15,2,0.7222223722464397,0.0,0.0,0.1916,optimal
2021-02-08 09:30:00,15,2,0.7284910732339122,0.0,0.0,0.1472,optimal
2021-02-08 10:00:00,15,2,0.6298646054362625,0.0,0.0,0.16293333333333335,optimal
2021-02-08 10:30:00,15,2,0.630148285401178,0.0,0.0,0.1844,optimal
2021-02-08 11:00:00,15,2,0.5673448860187074,0.0,0.0,0.06526666666666667,optimal
2021-02-08 11:30:00,15,2,0.4901525914389255,0.0,0.0,0.3204666666666666,optimal
2021-02-08 12:00:00,15,2,0.5265899787216203,0.0,0.0,0.06526666666666667,optimal
2021-02-08 12:30:00,15,2,0.49283396099062715,0.0,0.0,0.15346666666666667,optimal
2021-02-08 13:00:00,15,2,1.1428571428571428,0.0,0.0,0.183,optimal
2021-02-08 13:30:00,15,2,1.1428571428571428,0.0,0.0,0.1913333333333333,optimal
2021-02-08 14:00:00,15,2,1.1428571428571428,0.0,0.0,0.14733333333333334,optimal
2021-02-08 14:30:00,15,2,1.1428571428571428,0.0,0.0,0.6312333333333333,optimal
2021-02-08 15:00:00,15,2,1.1428571428571428,0.23222222222222222,0.0,0.42419999999999997,optimal
2021-02-08 15:30:00,15,2,1.1428571428571428,0.0,0.0,0.5485333333333333,optimal
2021-02-08 16:00:00,15,2,0.0,0.0,0.0,0.07053333333333334,optimal
2021-02-08 16:30:00,15,2,0.0,0.774074074074074,0.0,0.6141,optimal
2021-02-08 17:00:00,15,2,0.0,0.23222222222222222,0.0,2.1779333333333333,optimal
2021-02-08 17:30:00,15,2,0.0,2.7866666666666666,0.0,0.2967666666666667,optimal
2021-02-08 18:00:00,15,2,0.0,0.0,0.0,0.43223333333333336,optimal
2021-02-08 18:30:00,15,2,0.0,0.23222222222222222,0.0,0.7791666666666667,optimal
2021-02-08 19:00:00,15,2,0.0,0.1548148148148148,0.0,0.37226666666666663,optimal
2021-02-08 19:30:00,15,2,0.20135507507891526,0.1548148148148148,0.0,0.6607333333333334,optimal
2021-02-08 20:00:00,15,2,0.572091556027296,0.5418518518518518,0.0,0.3771666666666667,optimal
2021-02-08 20:30:00,15,2,0.0,0.6192592592592592,0.0,0.4243,optimal
2021-02-08 21:00:00,15,2,0.0,0.9288888888888889,0.0,0.27853333333333335,optimal
2021-02-08 21:30:00,15,2,0.0,0.0,0.0,0.26143333333333335,optimal
2021-02-08 22:00:00,15,2,0.0,2.7092592592592597,0.0,0.5107333333333334,optimal
2021-02-08 22:30:00,15,2,0.0,0.0,0.0,0.43846666666666656,optimal
2021-02-08 23:00:00,15,2,0.0,0.0,0.0,0.3161333333333333,optimal
2021-02-08 23:30:00,15,2,0.0,0.0,0.0,0.12966666666666665,optimal
2021-02-09 00:00:00,15,2,0.0,0.0,0.0,0.107,optimal
2021-02-09 00:30:00,15,2,0.0,0.0,0.0,0.1636,optimal
2021-02-09 01:00:00,15,2,0.0,0.0,0.0,0.20446666666666666,optimal
2021-02-09 01:30:00,15,2,0.7462896723123884,0.0,0.0,0.06,optimal
2021-02-09 02:00:00,15,2,1.1428571428571428,0.0,0.0,0.3216,optimal
2021-02-09 02:30:00,15,2,1.1428571428571428,0.0,0.0,0.08906666666666667,optimal
2021-02-09 03:00:00,15,2,1.1428571428571428,0.0,0.0,0.26903333333333335,optimal
2021-02-09 03:30:00,15,2,1.1428571428571428,0.0,0.0,0.23563333333333333,optimal
2021-02-09 04:00:00,15,2,1.1428571428571428,0.0,0.0,0.13093333333333335,optimal
2021-02-09 04:30:00,15,2,1.1428571428571428,0.0,0.0,0.2997333333333333,optimal
2021-02-09 05:00:00,15,2,1.1428571428571428,0.0,0.0,0.1763,optimal
2021-02-09 05:30:00,15,2,1.1428571428571428,0.0,0.0,0.1771,optimal
2021-02-09 06:00:00,15,2,1.1428571428571428,0.0,8.972408709147087,0.2606,optimal
2021-02-09 06:30:00,15,2,1.1428571428571428,0.0,10.0,0.10346666666666668,optimal
2021-02-09 07:00:00,15,2,1.1428571428571428,0.0,10.0,1.3245333333333333,optimal
2021-02-09 07:30:00,15,2,1.1428571428571428,0.3096296296296296,0.0,0.33493333333333336,optimal
2021-02-09 08:00:00,15,2,0.5804075706668304,0.0,0.0,0.3891,optimal
2021-02-09 08:30:00,15,2,0.6466096049876281,0.23222222222222222,0.0,0.32603333333333334,optimal
2021-02-09 09:00:00,15,2,0.7659709374920669,0.0,0.0,0.09129999999999999,optimal
2021-02-09 09:30:00,15,2,0.7515083394669948,0.0,0.0,0.097,optimal
2021-02-09 10:00:00,15,2,0.5797808406225269,0.0,0.0,0.30726666666666663,optimal
2021-02-09 10:30:00,15,2,0.6091429613159216,0.0,0.0,0.06906666666666667,optimal
2021-02-09 11:00:00,15,2,0.454016306124779,0.0,0.0,0.23276666666666668,optimal
2021-02-09 11:30:00,15,2,0.3658296826444068,0.1548148148148148,0.0,0.39239999999999997,optimal
2021-02-09 12:00:00,15,2,0.36123575622235077,0.0774074074074074,0.0,0.07873333333333334,optimal
2021-02-09 12:30:00,15,2,0.25872714160747834,0.0,0.0,0.4859,optimal
2021-02-09 13:00:00,15,2,1.1428571428571428,0.3096296296296296,0.0,0.25660000000000005,optimal
2021-02-09 13:30:00,15,2,1.1428571428571428,0.0,0.0,0.35,optimal
2021-02-09 14:00:00,15,2,1.1428571428571428,0.0,0.0,0.6013666666666667,optimal
2021-02-09 14:30:00,15,2,1.1428571428571428,0.46444444444444444,0.0,0.21130000000000002,optimal
2021-02-09 15:00:00,15,2,1.1428571428571428,0.0,0.0,0.19096666666666667,optimal
2021-02-09 15:30:00,15,2,1.1428571428571428,0.0,0.0,0.32489999999999997,optimal
2021-02-09 16:00:00,15,2,0.0,0.387037037037037,0.0,0.4866333333333333,optimal
2021-02-09 16:30:00,15,2,0.0,0.23222222222222222,0.0,0.8339666666666667,optimal
2021-02-09 17:00:00,15,2,0.0,0.3096296296296296,0.0,1.4597666666666669,optimal
2021-02-09 17:30:00,15,2,0.0,0.0,0.0,1.1848333333333332,optimal
2021-02-09 18:00:00,15,2,0.0,0.0,0.0,0.4318,optimal
2021-02-09 18:30:00,15,2,0.0,0.0,0.0,0.5631333333333334,optimal
2021-02-09 19:00:00,15,2,0.0,0.1548148148148148,0.0,0.4304333333333333,optimal
2021-02-09 19:30:00,15,2,0.0,0.0774074074074074,0.0,0.4704666666666666,optimal
2021-02-09 20:00:00,15,2,0.17961256125033068,0.1548148148148148,0.0,0.4665,optimal
2021-02-09 20:30:00,15,2,0.0,0.1548148148148148,0.0,0.45476666666666665,optimal
2021-02-09 21:00:00,15,2,0.0,1.8577777777777778,0.0,0.3076333333333333,optimal
2021-02-09 21:30:00,15,2,0.0,0.0,0.0,0.4189666666666666,optimal
2021-02-09 22:00:00,15,2,0.0,0.0,0.0,0.30146666666666666,optimal
2021-02-09 22:30:00,15,2,0.0,0.0,0.0,0.2326,optimal
2021-02-09 23:00:00,15,2,0.0,0.0,0.0,0.3465666666666667,optimal
2021-02-09 23:30:00,15,2,0.0,0.0,0.0,0.1589,optimal
2021-02-10 00:00:00,15,2,0.0,0.0,0.0,0.0964,optimal
2021-02-10 00:30:00,15,2,0.0,0.0,0.0,0.11746666666666668,optimal
2021-02-10 01:00:00,15,2,1.0316997211381878,0.0,0.0,0.1285,optimal
2021-02-10 01:30:00,15,2,1.1428571428571428,0.0,0.0,0.10183333333333332,optimal
2021-02-10 02:00:00,15,2,1.1428571428571428,0.0,0.0,0.13853333333333334,optimal
2021-02-10 02:30:00,15,2,1.1428571428571428,0.0,0.0,0.1285,optimal
2021-02-10 03:00:00,15,2,1.1428571428571428,0.0,0.0,0.19136666666666668,optimal
2021-02-10 03:30:00,15,2,1.1428571428571428,0.0,0.0,0.049,optimal
2021-02-10 04:00:00,15,2,1.1428571428571428,0.0,0.0,0.12273333333333332,optimal
2021-02-10 04:30:00,15,2,1.1428571428571428,0.0,0.0,0.09113333333333334,optimal
2021-02-10 05:00:00,15,2,1.1428571428571428,0.0,0.0,0.08586666666666666,optimal
2021-02-10 05:30:00,15,2,1.1428571428571428,0.0,0.0,0.2075,optimal
2021-02-10 06:00:00,15,2,1.1428571428571428,0.0,0.0,0.0755,optimal
2021-02-10 06:30:00,15,2,1.1428571428571428,0.0,0.0,0.16486666666666666,optimal
2021-02-10 07:00:00,15,2,1.1428571428571428,0.0,0.0,0.155,optimal
2021-02-10 07:30:00,15,2,1.1428571428571428,0.0,0.0,0.049,optimal
2021-02-10 08:00:00,15,2,0.6582283472111168,0.7167925925925925,0.0,0.1628666666666667,optimal
2021-02-10 08:30:00,15,2,0.6304247104324932,1.4506148148148148,0.0,0.2286,optimal
2021-02-10 09:00:00,15,2,0.5771185326169509,2.941481481481482,0.0,0.1418,optimal
2021-02-10 09:30:00,15,2,0.4484768006002284,0.3096296296296296,0.0,0.0782,optimal
2021-02-10 10:00:00,15,2,0.33961101603269817,0.0,0.0,0.2636,optimal
2021-02-10 10:30:00,15,2,0.0,0.1548148148148148,0.0,2.156433333333333,optimal
2021-02-10 11:00:00,15,2,0.23876112834680754,0.23222222222222222,0.0,0.6341,optimal
2021-02-10 11:30:00,15,2,0.1446471509193045,0.5418518518518518,0.0,1.2670333333333332,optimal
2021-02-10 12:00:00,15,2,0.08641196439440384,0.0,0.0,0.3531,optimal
2021-02-10 12:30:00,15,2,0.0802519643944145,0.0,0.0,0.3118,optimal
2021-02-10 13:00:00,15,2,0.0,0.23222222222222222,0.0,1.2047333333333332,optimal
2021-02-10 13:30:00,15,2,0.9930328819674995,0.0,0.0,2.841133333333333,optimal
2021-02-10 14:00:00,15,2,1.1428571428571428,0.0,0.0,2.6651,optimal
2021-02-10 14:30:00,15,2,1.1428571428571428,0.1548148148148148,3.9317601710704997,2.978466666666667,optimal
2021-02-10 15:00:00,15,2,1.1428571428571428,0.0,10.0,1.0932,optimal
2021-02-10 15:30:00,15,2,1.1428571428571428,0.0,0.0,0.6424666666666667,optimal
2021-02-10 16:00:00,15,2,0.0,0.0,0.0,0.5200333333333333,optimal
2021-02-10 16:30:00,15,2,0.0,0.0,0.0,0.3476666666666667,optimal
2021-02-10 17:00:00,15,2,0.0,0.3096296296296296,0.0,0.4036,optimal
2021-02-10 17:30:00,15,2,0.0,0.0,0.0,1.8073,optimal
2021-02-10 18:00:00,15,2,0.0,0.1548148148148148,0.0,0.9136666666666666,optimal
2021-02-10 18:30:00,15,2,0.0,0.0,0.0,0.10623333333333332,optimal
2021-02-10 19:00:00,15,2,0.0,0.0,0.0,0.17486666666666667,optimal
2021-02-10 19:30:00,15,2,0.0,0.0,0.0,0.059,optimal
2021-02-10 20:00:00,15,2,0.0,0.0,0.0,0.18596666666666667,optimal
2021-02-10 20:30:00,15,2,0.0,0.0,0.0,0.1539,optimal
2021-02-10 21:00:00,15,2,0.0,0.0,0.0,0.073,optimal
2021-02-10 21:30:00,15,2,0.0,0.0,0.0,0.4329333333333333,optimal
2021-02-10 22:00:00,15,2,0.0,0.0,0.0,0.1696,optimal
2021-02-10 22:30:00,15,2,0.0,0.0,0.0,0.06426666666666667,optimal
2021-02-10 23:00:00,15,2,0.0,0.0,0.0,0.11693333333333333,optimal
2021-02-10 23:30:00,15,2,0.0,0.0,0.0,0.17523333333333332,optimal
2021-02-11 00:00:00,15,2,1.1428571428571428,0.0,0.0,0.058,optimal
2021-02-11 00:30:00,15,2,1.1428571428571428,0.0,0.0,0.058,optimal
2021-02-11 01:00:00,15,2,1.1428571428571428,0.0,0.0,0.10946666666666668,optimal
2021-02-11 01:30:00,15,2,1.1428571428571428,0.0,0.0,0.14806666666666665,optimal
2021-02-11 02:00:00,15,2,1.1428571428571428,0.0,0.0,0.058,optimal
2021-02-11 02:30:00,15,2,1.1428571428571428,0.0,0.0,0.08373333333333334,optimal
2021-02-11 03:00:00,15,2,1.1428571428571428,0.0,0.0,0.1738,optimal
2021-02-11 03:30:00,15,2,1.1428571428571428,0.0,0.0,0.058,optimal
2021-02-11 04:00:00,15,2,1.1428571428571428,0.0,0.0,0.058,optimal
2021-02-11 04:30:00,15,2,1.1428571428571428,0.0,0.0,0.18666666666666662,optimal
2021-02-11 05:00:00,15,2,1.1428571428571428,0.0,0.0,0.07086666666666666,optimal
2021-02-11 05:30:00,15,2,1.1428571428571428,0.0,0.0,0.058,optimal
2021-02-11 06:00:00,15,2,1.1428571428571428,0.0,0.0,0.2062,optimal
2021-02-11 06:30:00,15,2,1.1428571428571428,0.0,0.0,0.058,optimal
2021-02-11 07:00:00,15,2,1.1428571428571428,0.0,0.0,0.058,optimal
2021-02-11 07:30:00,15,2,1.1428571428571428,4.44984477701293,0.0,0.19953333333333334,optimal
2021-02-11 08:00:00,15,2,0.770297265603392,1.9351851851851851,0.0,0.10640000000000001,optimal
2021-02-11 08:30:00,15,2,0.6272857074730733,0.46444444444444444,0.0,0.2783333333333333,optimal
2021-02-11 09:00:00,15,2,0.5080740875702153,1.1611111111111108,0.0,0.4654,optimal
2021-02-11 09:30:00,15,2,0.5342297984323245,1.470740740740741,0.0,0.2720666666666667,optimal
2021-02-11 10:00:00,15,2,0.3139279807268518,0.23222222222222222,0.0,0.349,optimal
2021-02-11 10:30:00,15,2,0.3591388910627121,0.0,0.0,0.2806,optimal
2021-02-11 11:00:00,15,2,0.3158102755574591,0.0,0.0,0.184,optimal
2021-02-11 11:30:00,15,2,0.24309663763763792,0.6192592592592592,0.0,0.32553333333333334,optimal
2021-02-11 12:00:00,15,2,0.07717341413575216,0.6966666666666667,0.0,0.17466666666666666,optimal
2021-02-11 12:30:00,15,2,0.004360642224286039,0.0,0.0,1.3634666666666666,optimal
2021-02-11 13:00:00,15,2,1.1428571428571428,1.7803703703703702,0.0,0.2552666666666667,optimal
2021-02-11 13:30:00,15,2,1.1428571428571428,0.1548148148148148,0.0,0.2768333333333333,optimal
2021-02-11 14:00:00,15,2,1.1428571428571428,0.0,0.0,0.2848333333333333,optimal
2021-02-11 14:30:00,15,2,1.1428571428571428,0.0,0.0,0.1992,optimal
2021-02-11 15:00:00,15,2,1.1428571428571428,0.0,5.3853486793888665,0.24480000000000002,optimal
2021-02-11 15:30:00,15,2,1.1428571428571428,0.0,10.0,0.111,optimal
2021-02-11 16:00:00,15,2,0.0,0.0,0.0,0.068,optimal
2021-02-11 16:30:00,15,2,0.0,0.5418518518518518,0.0,0.2003,optimal
2021-02-11 17:00:00,15,2,0.0,0.0774074074074074,0.0,0.3512,optimal
2021-02-11 17:30:00,15,2,0.0,0.387037037037037,0.0,0.22343333333333332,optimal
2021-02-11 18:00:00,15,2,0.0,0.0,0.0,0.31553333333333333,optimal
2021-02-11 18:30:00,15,2,0.0,0.774074074074074,0.0,0.17726666666666668,optimal
2021-02-11 19:00:00,15,2,0.0,0.0,0.0,0.36436666666666667,optimal
2021-02-11 19:30:00,15,2,0.08507418512186424,0.23222222222222222,0.0,0.31389999999999996,optimal
2021-02-11 20:00:00,15,2,1.1289426528027768,0.0,0.0,0.068,optimal
2021-02-11 20:30:00,15,2,0.0,0.0,0.0,0.08086666666666666,optimal
2021-02-11 21:00:00,15,2,0.0,0.0,0.0,0.19666666666666663,optimal
2021-02-11 21:30:00,15,2,0.0,0.0,0.0,0.068,optimal
2021-02-11 22:00:00,15,2,0.0,0.0,0.0,0.068,optimal
2021-02-11 22:30:00,15,2,0.0,0.0,0.0,0.3529333333333333,optimal
2021-02-11 23:00:00,15,2,0.0,0.23222222222222222,0.0,0.18866666666666662,optimal
2021-02-11 23:30:00,15,2,0.0,0.1548148148148148,0.0,0.24766666666666662,optimal
2021-02-12 00:00:00,15,2,1.1428571428571428,0.0,0.0,0.05633333333333333,optimal
2021-02-12 00:30:00,15,2,1.1428571428571428,0.0774074074074074,0.0,0.09166666666666669,optimal
2021-02-12 01:00:00,15,2,1.1428571428571428,0.0,0.0,0.1988,optimal
2021-02-12 01:30:00,15,2,1.1428571428571428,0.0,0.0,0.058,optimal
2021-02-12 02:00:00,15,2,1.1428571428571428,0.0,0.0,0.14759999999999998,optimal
2021-02-12 02:30:00,15,2,1.1428571428571428,0.0,0.0,0.1092,optimal
2021-02-12 03:00:00,15,2,1.1428571428571428,0.0,0.0,0.1028,optimal
2021-02-12 03:30:00,15,2,1.1428571428571428,0.0,0.0,0.154,optimal
2021-02-12 04:00:00,15,2,1.1428571428571428,0.0,0.0,0.058,optimal
2021-02-12 04:30:00,15,2,1.1428571428571428,0.0,0.0,0.1988,optimal
2021-02-12 05:00:00,15,2,1.1428571428571428,0.0,0.0,0.058,optimal
2021-02-12 05:30:00,15,2,1.1428571428571428,0.0,0.0,0.058,optimal
2021-02-12 06:00:00,15,2,1.1428571428571428,0.0,0.0,1.2181333333333335,optimal
2021-02-12 06:30:00,15,2,1.1428571428571428,1.0837037037037036,0.0,0.193,optimal
2021-02-12 07:00:00,15,2,1.1428571428571428,0.0,9.536517746096969,0.16013333333333332,optimal
2021-02-12 07:30:00,15,2,1.1428571428571428,8.907321902214747,0.0,0.4219,optimal
2021-02-12 08:00:00,15,2,0.9443571815132008,0.0,0.0,0.08686666666666666,optimal
2021-02-12 08:30:00,15,2,0.8439322468632512,0.46444444444444444,0.0,0.7235,optimal
2021-02-12 09:00:00,15,2,0.7100279290556142,0.0,0.0,1.3214000000000001,optimal
2021-02-12 09:30:00,15,2,0.6554641149670021,4.876666666666668,0.0,0.8131,optimal
2021-02-12 10:00:00,15,2,0.47521093889061106,0.23222222222222222,0.0,0.244,optimal
2021-02-12 10:30:00,15,2,0.57729890342861,0.0,0.0,0.2088,optimal
2021-02-12 11:00:00,15,2,0.5049290772336996,0.0,0.0,0.068,optimal
2021-02-12 11:30:00,15,2,0.5027900728009448,0.0,0.0,0.068,optimal
2021-02-12 12:00:00,15,2,0.43329268776325863,0.0,0.0,0.13040000000000002,optimal
2021-02-12 12:30:00,15,2,0.09774225475908382,0.3096296296296296,0.0,1.5910333333333333,optimal
2021-02-12 13:00:00,15,2,1.1428571428571428,2.012592592592592,0.0,0.7414666666666667,optimal
2021-02-12 13:30:00,15,2,1.1428571428571428,0.5418518518518518,0.0,0.2942666666666667,optimal
2021-02-12 14:00:00,15,2,1.1428571428571428,0.0,0.0,0.3689333333333333,optimal
2021-02-12 14:30:00,15,2,1.1428571428571428,0.0,0.0,0.20363333333333333,optimal
2021-02-12 15:00:00,15,2,1.1428571428571428,0.3096296296296296,0.0,0.08946666666666667,optimal
2021-02-12 15:30:00,15,2,1.1428571428571428,0.0,0.0,0.2754,optimal
2021-02-12 16:00:00,15,2,0.0,0.0,0.0,1.4705,optimal
2021-02-12 16:30:00,15,2,0.0,0.5418518518518518,0.0,0.8680666666666668,optimal
2021-02-12 17:00:00,15,2,0.0,0.0774074074074074,0.0,0.41256666666666664,optimal
2021-02-12 17:30:00,15,2,0.0,0.3096296296296296,0.0,1.5563333333333333,optimal
2021-02-12 18:00:00,15,2,0.0,0.1548148148148148,0.0,0.2931333333333333,optimal
2021-02-12 18:30:00,15,2,0.0,0.0774074074074074,0.0,0.3048,optimal
2021-02-12 19:00:00,15,2,0.0,0.46444444444444444,0.0,0.24913333333333332,optimal
2021-02-12 19:30:00,15,2,0.11209117140954133,0.1548148148148148,0.0,0.4614333333333333,optimal
2021-02-12 20:00:00,15,2,0.6515061031417814,0.0,0.0,0.33986666666666665,optimal
2021-02-12 20:30:00,15,2,0.0,0.0,0.0,0.45156666666666667,optimal
2021-02-12 21:00:00,15,2,0.0,0.0,0.0,0.17496666666666666,optimal
2021-02-12 21:30:00,15,2,0.0,0.0,0.0,0.2554666666666667,optimal
2021-02-12 22:00:00,15,2,0.0,0.0,0.0,0.2079333333333333,optimal
2021-02-12 22:30:00,15,2,0.0,0.0,0.0,0.3388,optimal
2021-02-12 23:00:00,15,2,0.0,0.0,0.0,0.0872,optimal
2021-02-12 23:30:00,15,2,0.0,0.0,0.0,0.068,optimal
2021-02-13 00:00:00,15,2,0.0,0.0,0.0,0.1554,optimal
2021-02-13 00:30:00,15,2,0.4783607515930647,0.0,0.0,0.09240000000000001,optimal
2021-02-13 01:00:00,15,2,1.1428571428571428,0.0,0.0,0.058,optimal
2021-02-13 01:30:00,15,2,1.1428571428571428,0.0,0.0,0.18413333333333332,optimal
2021-02-13 02:00:00,15,2,1.1428571428571428,0.0,0.0,0.058,optimal
2021-02-13 02:30:00,15,2,1.1428571428571428,0.0,0.0,0.1784,optimal
2021-02-13 03:00:00,15,2,1.1428571428571428,0.0,0.0,0.06373333333333332,optimal
2021-02-13 03:30:00,15,2,1.1428571428571428,0.0,0.0,0.10386666666666666,optimal
2021-02-13 04:00:00,15,2,1.1428571428571428,0.0,0.0,0.13826666666666668,optimal
2021-02-13 04:30:00,15,2,1.1428571428571428,0.0,0.0,0.058,optimal
2021-02-13 05:00:00,15,2,1.1428571428571428,0.0,0.0,0.17266666666666666,optimal
2021-02-13 05:30:00,15,2,1.1428571428571428,0.0,0.0,0.07213333333333334,optimal
2021-02-13 06:00:00,15,2,1.1428571428571428,0.0,0.0,0.066,optimal
2021-02-13 06:30:00,15,2,1.1428571428571428,0.0,0.0,0.10859999999999999,optimal
2021-02-13 07:00:00,15,2,1.1428571428571428,0.387037037037037,8.646648050270352,0.13153333333333334,optimal
2021-02-13 07:30:00,15,2,1.1428571428571428,0.1548148148148148,0.0,0.057,optimal
2021-02-13 08:00:00,15,2,0.8553117217804651,0.0,0.0,0.18613333333333332,optimal
2021-02-13 08:30:00,15,2,0.8892108125858138,0.0,0.0,0.06066666666666666,optimal
2021-02-13 09:00:00,15,2,0.7837247789774702,0.0,0.0,0.16453333333333334,optimal
2021-02-13 09:30:00,15,2,0.7595821377660985,0.0,0.0,0.07993333333333334,optimal
2021-02-13 10:00:00,15,2,0.659862723744103,5.108888888888889,0.0,0.06933333333333333,optimal
2021-02-13 10:30:00,15,2,0.6220094335970718,0.0,0.0,0.199,optimal
2021-02-13 11:00:00,15,2,0.5119954184321783,0.0,0.0,0.10553333333333331,optimal
2021-02-13 11:30:00,15,2,0.44470212828513805,0.387037037037037,0.0,0.8563,optimal
2021-02-13 12:00:00,15,2,0.35079535052059646,0.0,0.0,1.1072666666666668,optimal
2021-02-13 12:30:00,15,2,0.4016716273693796,0.1548148148148148,0.0,0.25266666666666665,optimal
2021-02-13 13:00:00,15,2,1.1428571428571428,0.6966666666666667,0.0,0.3476666666666667,optimal
2021-02-13 13:30:00,15,2,1.1428571428571428,1.548148148148148,0.0,0.4136666666666667,optimal
2021-02-13 14:00:00,15,2,1.1428571428571428,0.0,0.0,0.4694,optimal
2021-02-13 14:30:00,15,2,1.1428571428571428,0.0,0.0,0.3088666666666667,optimal
2021-02-13 15:00:00,15,2,1.1428571428571428,0.0,0.0,0.148,optimal
2021-02-13 15:30:00,15,2,1.1428571428571428,0.0,0.0,0.1718,optimal
2021-02-13 16:00:00,15,2,0.0,0.1548148148148148,0.0,0.13873333333333332,optimal
2021-02-13 16:30:00,15,2,0.0,0.0774074074074074,0.0,0.08046666666666667,optimal
2021-02-13 17:00:00,15,2,0.0,0.5418518518518518,0.0,0.45903333333333335,optimal
2021-02-13 17:30:00,15,2,0.0,0.3096296296296296,0.0,0.3329,optimal
2021-02-13 18:00:00,15,2,0.0,0.6192592592592592,0.0,1.2886333333333335,optimal
2021-02-13 18:30:00,15,2,0.0,1.548148148148148,0.0,2.3695333333333335,optimal
2021-02-13 19:00:00,15,2,0.0,0.0774074074074074,0.0,1.409266666666667,optimal
2021-02-13 19:30:00,15,2,0.21828860326290495,0.0,0.0,1.5096666666666667,optimal
2021-02-13 20:00:00,15,2,0.6071194364751055,0.23222222222222222,0.0,0.7219666666666666,optimal
2021-02-13 20:30:00,15,2,0.0,0.0774074074074074,0.0,1.2476666666666667,optimal
2021-02-13 21:00:00,15,2,0.0,0.0,0.0,0.38046666666666656,optimal
2021-02-13 21:30:00,15,2,0.0,0.0,0.0,0.3088,optimal
2021-02-13 22:00:00,15,2,0.0,0.1548148148148148,0.0,0.4339333333333333,optimal
2021-02-13 22:30:00,15,2,0.0,0.46444444444444444,0.0,0.3208333333333333,optimal
2021-02-13 23:00:00,15,2,0.0,0.0,0.0,0.1092,optimal
2021-02-13 23:30:00,15,2,0.0,0.774074074074074,0.0,0.4507,optimal
2021-02-07 00:00:00,16,2,0.0,0.0,0.0,0.058,optimal
2021-02-07 00:30:00,16,2,0.0,0.0,0.0,0.09759999999999999,optimal
2021-02-07 01:00:00,16,2,0.0,0.0,0.0,0.245,optimal
2021-02-07 01:30:00,16,2,0.0,0.0,0.0,0.058,optimal
2021-02-07 02:00:00,16,2,0.0,0.0,0.0,0.1391,optimal
2021-02-07 02:30:00,16,2,0.0,0.0,0.0,0.2035,optimal
2021-02-07 03:00:00,16,2,0.0,0.0,0.0,0.0888,optimal
2021-02-07 03:30:00,16,2,0.0,0.0,0.0,0.2223,optimal
2021-02-07 04:00:00,16,2,1.1428571428571428,0.0,0.0,0.0895,optimal
2021-02-07 04:30:00,16,2,1.1428571428571428,0.0,0.0,0.08,optimal
2021-02-07 05:00:00,16,2,1.1428571428571428,0.0,0.0,0.1429,optimal
2021-02-07 05:30:00,16,2,1.1428571428571428,0.0,0.0,0.18703333333333333,optimal
2021-02-07 06:00:00,16,2,1.1428571428571428,0.0,0.0,0.1412,optimal
2021-02-07 06:30:00,16,2,1.1428571428571428,0.0,0.0,0.058,optimal
2021-02-07 07:00:00,16,2,1.1428571428571428,0.0,2.0120072799789424,0.2585,optimal
2021-02-07 07:30:00,16,2,0.0,0.0,0.0,0.1193,optimal
2021-02-07 08:00:00,16,2,0.0,0.46444444444444444,0.0,1.5844,optimal
2021-02-07 08:30:00,16,2,0.40200454813965913,0.1548148148148148,0.0,1.0853,optimal
2021-02-07 09:00:00,16,2,0.3776578517636025,0.5418518518518518,0.0,1.2700333333333333,optimal
2021-02-07 09:30:00,16,2,0.5186731330451398,0.0,0.0,0.3972333333333333,optimal
2021-02-07 10:00:00,16,2,0.6057062897392579,0.0,0.0,0.20776666666666668,optimal
2021-02-07 10:30:00,16,2,0.5934681081285663,0.0,0.0,0.179,optimal
2021-02-07 11:00:00,16,2,0.5503300074287593,0.46444444444444444,0.0,0.13393333333333335,optimal
2021-02-07 11:30:00,16,2,0.9556711647271131,0.3096296296296296,0.0,0.10679999999999999,optimal
2021-02-07 12:00:00,16,2,1.1428571428571428,0.0,0.0,0.163,optimal
2021-02-07 12:30:00,16,2,1.1428571428571428,0.0,0.0,0.1776,optimal
2021-02-07 13:00:00,16,2,1.1428571428571428,0.0,0.0,0.1472,optimal
2021-02-07 13:30:00,16,2,1.1428571428571428,0.0,0.0,0.068,optimal
2021-02-07 14:00:00,16,2,1.1428571428571428,0.0,0.0,0.2027,optimal
2021-02-07 14:30:00,16,2,1.1428571428571428,0.0,0.0,0.15990000000000001,optimal
2021-02-07 15:00:00,16,2,1.1428571428571428,0.0,0.0,0.1353,optimal
2021-02-07 15:30:00,16,2,1.1428571428571428,0.0,0.0,0.2273,optimal
2021-02-07 16:00:00,16,2,0.0,0.0,0.0,0.09,optimal
2021-02-07 16:30:00,16,2,0.0,0.0,0.0,0.1466,optimal
2021-02-07 17:00:00,16,2,0.0,0.0,0.0,0.194,optimal
2021-02-07 17:30:00,16,2,0.0,0.23222222222222222,0.0,0.07166666666666667,optimal
2021-02-07 18:00:00,16,2,0.0,0.1548148148148148,0.0,0.1242,optimal
2021-02-07 18:30:00,16,2,0.0,0.23222222222222222,0.0,0.44530000000000003,optimal
2021-02-07 19:00:00,16,2,0.0,0.1548148148148148,0.0,0.2565,optimal
2021-02-07 19:30:00,16,2,0.21885657476744927,2.0899999999999994,0.0,1.7245333333333333,optimal
2021-02-07 20:00:00,16,2,0.5213137176245831,0.0,0.0,0.347,optimal
2021-02-07 20:30:00,16,2,0.0,0.0,0.0,0.32946666666666663,optimal
2021-02-07 21:00:00,16,2,0.0,0.0,0.0,0.4246333333333333,optimal
2021-02-07 21:30:00,16,2,0.0,5.031481481481482,0.0,0.3424,optimal
2021-02-07 22:00:00,16,2,0.0,0.0,0.0,0.3472,optimal
2021-02-07 22:30:00,16,2,0.0,0.0,0.0,0.2001,optimal
2021-02-07 23:00:00,16,2,0.0,0.0,0.0,0.1247,optimal
2021-02-07 23:30:00,16,2,0.0,0.0,0.0,0.1807,optimal
2021-02-08 00:00:00,16,2,0.0,0.0,0.0,0.061,optimal
2021-02-08 00:30:00,16,2,0.0,0.0,0.0,0.061,optimal
2021-02-08 01:00:00,16,2,0.0,0.0,0.0,0.061,optimal
2021-02-08 01:30:00,16,2,0.9580277113997443,0.0,0.0,0.177,optimal
2021-02-08 02:00:00,16,2,1.1428571428571428,0.0,0.0,0.0726,optimal
2021-02-08 02:30:00,16,2,1.1428571428571428,0.0,0.0,0.061,optimal
2021-02-08 03:00:00,16,2,1.1428571428571428,0.0,0.0,0.148,optimal
2021-02-08 03:30:00,16,2,1.1428571428571428,0.0,0.0,0.1016,optimal
2021-02-08 04:00:00,16,2,1.1428571428571428,0.0,0.0,0.0958,optimal
2021-02-08 04:30:00,16,2,1.1428571428571428,0.0,0.0,0.15380000000000002,optimal
2021-02-08 05:00:00,16,2,1.1428571428571428,0.0,0.0,0.061,optimal
2021-02-08 05:30:00,16,2,1.1428571428571428,0.0,0.0,0.1596,optimal
2021-02-08 06:00:00,16,2,1.1428571428571428,0.0,5.19310435314627,0.09,optimal
2021-02-08 06:30:00,16,2,1.1428571428571428,0.0,10.0,0.061,optimal
2021-02-08 07:00:00,16,2,1.1428571428571428,0.0,10.0,0.1886,optimal
2021-02-08 07:30:00,16,2,1.1428571428571428,0.0,0.0,0.061,optimal
2021-02-08 08:00:00,16,2,0.6048673956392301,0.0,0.0,0.2608666666666667,optimal
2021-02-08 08:30:00,16,2,0.2413454045047309,0.23222222222222222,0.0,1.9608333333333332,optimal
2021-02-08 09:00:00,16,2,0.4530357055797793,0.387037037037037,0.0,1.3628666666666667,optimal
2021-02-08 09:30:00,16,2,0.5604053589481921,0.0,0.0,0.275,optimal
2021-02-08 10:00:00,16,2,0.4028360340076928,0.0,0.0,2.107133333333333,optimal
2021-02-08 10:30:00,16,2,0.40268161873451513,0.0,0.0,0.39463333333333334,optimal
2021-02-08 11:00:00,16,2,0.263087743161566,0.0,0.0,0.26839999999999997,optimal
2021-02-08 11:30:00,16,2,0.5398573533436786,0.0,0.0,0.158,optimal
2021-02-08 12:00:00,16,2,0.5166375977692393,0.0,0.0,0.11159999999999999,optimal
2021-02-08 12:30:00,16,2,0.8734634950815341,0.0,0.0,0.071,optimal
2021-02-08 13:00:00,16,2,1.1428571428571428,0.0,0.0,0.071,optimal
2021-02-08 13:30:00,16,2,1.1428571428571428,0.0,0.0,0.1812,optimal
2021-02-08 14:00:00,16,2,1.1428571428571428,0.0,0.0,0.0884,optimal
2021-02-08 14:30:00,16,2,1.1428571428571428,0.0,0.0,0.071,optimal
2021-02-08 15:00:00,16,2,1.1428571428571428,0.0,0.0,0.071,optimal
2021-02-08 15:30:00,16,2,1.1428571428571428,0.0,0.0,0.1522,optimal
2021-02-08 16:00:00,16,2,0.0,0.0,0.0,0.5793666666666667,optimal
2021-02-08 16:30:00,16,2,0.0,0.3096296296296296,0.0,2.0795333333333335,optimal
2021-02-08 17:00:00,16,2,0.0,0.387037037037037,0.0,0.6222666666666666,optimal
2021-02-08 17:30:00,16,2,0.0,0.0,0.0,0.2243666666666667,optimal
2021-02-08 18:00:00,16,2,0.0,0.6966666666666667,0.0,2.6140666666666665,optimal
2021-02-08 18:30:00,16,2,0.0,0.9288888888888889,0.0,2.408533333333333,optimal
2021-02-08 19:00:00,16,2,0.0,0.0,0.0,0.3368,optimal
2021-02-08 19:30:00,16,2,0.5550097808242956,0.0774074074074074,0.0,2.0529333333333333,optimal
2021-02-08 20:00:00,16,2,0.43448012745587355,0.23222222222222222,0.0,1.0534000000000001,optimal
2021-02-08 20:30:00,16,2,0.0,0.0,0.0,0.4968,optimal
2021-02-08 21:00:00,16,2,0.0,0.0,0.0,0.7262333333333334,optimal
2021-02-08 21:30:00,16,2,0.0,0.0,0.0,1.0352666666666668,optimal
2021-02-08 22:00:00,16,2,0.0,0.0,0.0,3.0705666666666667,optimal
2021-02-08 22:30:00,16,2,0.0,0.1548148148148148,0.0,0.9719,optimal
2021-02-08 23:00:00,16,2,0.0,0.0,0.0,0.071,optimal
2021-02-08 23:30:00,16,2,0.0,0.0,0.0,0.1812,optimal
2021-02-09 00:00:00,16,2,0.0,0.0,0.0,0.056,optimal
2021-02-09 00:30:00,16,2,0.0,0.0,0.0,0.056,optimal
2021-02-09 01:00:00,16,2,0.0,0.0,0.0,0.09659999999999999,optimal
2021-02-09 01:30:00,16,2,0.7131343698502985,0.0,0.0,0.143,optimal
2021-02-09 02:00:00,16,2,1.1428571428571428,0.0,0.0,0.056,optimal
2021-02-09 02:30:00,16,2,1.1428571428571428,0.0,0.0,0.15180000000000002,optimal
2021-02-09 03:00:00,16,2,1.1428571428571428,0.0,0.0,0.2078,optimal
2021-02-09 03:30:00,16,2,1.1428571428571428,0.0,0.0,0.056,optimal
2021-02-09 04:00:00,16,2,1.1428571428571428,0.0,0.0,0.2378,optimal
2021-02-09 04:30:00,16,2,1.1428571428571428,0.0,0.0,0.12179999999999999,optimal
2021-02-09 05:00:00,16,2,1.1428571428571428,0.0,0.0,0.1736,optimal
2021-02-09 05:30:00,16,2,1.1428571428571428,0.0,0.0,0.186,optimal
2021-02-09 06:00:00,16,2,1.1428571428571428,0.0,0.0,0.074,optimal
2021-02-09 06:30:00,16,2,1.1428571428571428,0.0,0.0,0.158,optimal
2021-02-09 07:00:00,16,2,1.1428571428571428,2.1674074074074072,6.256474639125743,0.1163,optimal
2021-02-09 07:30:00,16,2,1.1428571428571428,0.3096296296296296,0.0,0.2226,optimal
2021-02-09 08:00:00,16,2,0.7342075706668281,0.0,0.0,0.10373333333333332,optimal
2021-02-09 08:30:00,16,2,0.6976286526066722,0.1548148148148148,0.0,0.162,optimal
2021-02-09 09:00:00,16,2,0.4853842708253907,0.0,0.0,1.6237000000000001,optimal
2021-02-09 09:30:00,16,2,0.5175159585146083,0.9288888888888889,0.0,0.36010000000000003,optimal
2021-02-09 10:00:00,16,2,0.6393827453844393,0.0,0.0,0.17213333333333333,optimal
2021-02-09 10:30:00,16,2,0.6194420089349707,0.0,0.0,0.21559999999999999,optimal
2021-02-09 11:00:00,16,2,0.4981972585057286,0.0,0.0,0.3039,optimal
2021-02-09 11:30:00,16,2,0.5121439683586917,0.0,0.0,0.1472,optimal
2021-02-09 12:00:00,16,2,0.46880718479378136,0.0,0.0,0.066,optimal
2021-02-09 12:30:00,16,2,0.4019176177979617,0.0,0.0,0.30760000000000004,optimal
2021-02-09 13:00:00,16,2,1.1428571428571428,0.0,0.0,0.072,optimal
2021-02-09 13:30:00,16,2,1.1428571428571428,0.0,0.0,0.132,optimal
2021-02-09 14:00:00,16,2,1.1428571428571428,0.0,0.0,0.12,optimal
2021-02-09 14:30:00,16,2,1.1428571428571428,0.0,0.0,0.1899,optimal
2021-02-09 15:00:00,16,2,1.1428571428571428,0.0,0.0,0.221,optimal
2021-02-09 15:30:00,16,2,1.1428571428571428,1.8577777777777778,0.0,0.12890000000000001,optimal
2021-02-09 16:00:00,16,2,0.0,0.23222222222222222,0.0,0.24226666666666669,optimal
2021-02-09 16:30:00,16,2,0.0,0.0,0.0,0.34313333333333335,optimal
2021-02-09 17:00:00,16,2,0.0,0.1548148148148148,0.0,0.162,optimal
2021-02-09 17:30:00,16,2,0.0,0.0,0.0,0.371,optimal
2021-02-09 18:00:00,16,2,0.0,0.0774074074074074,0.0,0.3030333333333334,optimal
2021-02-09 18:30:00,16,2,0.0,0.3096296296296296,0.0,0.29,optimal
2021-02-09 19:00:00,16,2,0.0,0.23222222222222222,0.0,0.4176,optimal
2021-02-09 19:30:00,16,2,0.35345354702497667,0.0,0.0,0.3411666666666667,optimal
2021-02-09 20:00:00,16,2,0.5750729402712307,0.0,0.0,0.3943333333333333,optimal
2021-02-09 20:30:00,16,2,0.0,0.0774074074074074,0.0,0.24553333333333333,optimal
2021-02-09 21:00:00,16,2,0.0,0.0,0.0,0.4006,optimal
2021-02-09 21:30:00,16,2,0.0,0.0,0.0,0.3499333333333333,optimal
2021-02-09 22:00:00,16,2,0.0,0.0774074074074074,0.0,0.3169666666666666,optimal
2021-02-09 22:30:00,16,2,0.0,0.0,0.0,0.3418,optimal
2021-02-09 23:00:00,16,2,0.0,0.387037037037037,0.0,0.7567333333333334,optimal
2021-02-09 23:30:00,16,2,0.0,0.3096296296296296,0.0,0.14766666666666667,optimal
2021-02-10 00:00:00,16,2,0.0,0.0,0.0,0.13440000000000002,optimal
2021-02-10 00:30:00,16,2,0.0,0.0,0.0,0.10959999999999999,optimal
2021-02-10 01:00:00,16,2,0.0,0.0,0.0,0.091,optimal
2021-02-10 01:30:00,16,2,1.0930279988697122,0.0,0.0,0.153,optimal
2021-02-10 02:00:00,16,2,1.1428571428571428,0.0,0.0,0.17563333333333334,optimal
2021-02-10 02:30:00,16,2,1.1428571428571428,0.0,0.0,0.5727000000000001,optimal
2021-02-10 03:00:00,16,2,1.1428571428571428,0.0,0.0,0.2882,optimal
2021-02-10 03:30:00,16,2,1.1428571428571428,0.0,0.0,0.2357333333333333,optimal
2021-02-10 04:00:00,16,2,1.1428571428571428,0.0,0.0,0.10959999999999999,optimal
2021-02-10 04:30:00,16,2,1.1428571428571428,0.0,0.0,0.06,optimal
2021-02-10 05:00:00,16,2,1.1428571428571428,0.0,0.0,0.184,optimal
2021-02-10 05:30:00,16,2,1.1428571428571428,0.0,0.0,0.06,optimal
2021-02-10 06:00:00,16,2,1.1428571428571428,0.0,0.0,0.184,optimal
2021-02-10 06:30:00,16,2,1.1428571428571428,0.0,0.0,0.06,optimal
2021-02-10 07:00:00,16,2,1.1428571428571428,0.0,0.0,0.1034,optimal
2021-02-10 07:30:00,16,2,1.1428571428571428,0.0,0.0,0.14893333333333333,optimal
2021-02-10 08:00:00,16,2,0.7755616805444453,0.0,0.0,0.16733333333333333,optimal
2021-02-10 08:30:00,16,2,0.5926704247182091,0.0,0.0,1.1728666666666665,optimal
2021-02-10 09:00:00,16,2,0.521131865950285,0.1548148148148148,0.0,1.1588333333333332,optimal
2021-02-10 09:30:00,16,2,0.4739663244097554,0.23222222222222222,0.0,0.7381666666666666,optimal
2021-02-10 10:00:00,16,2,0.27589863508031937,0.0,0.0,1.7913,optimal
2021-02-10 10:30:00,16,2,0.3276720979725474,0.0,0.0,1.6763,optimal
2021-02-10 11:00:00,16,2,0.18465277883241657,0.0,0.0,2.937733333333333,optimal
2021-02-10 11:30:00,16,2,0.0,0.387037037037037,0.0,4.2325,optimal
2021-02-10 12:00:00,16,2,0.20694155561064395,0.0774074074074074,0.0,0.26716666666666666,optimal
2021-02-10 12:30:00,16,2,0.24514244058488552,0.387037037037037,0.0,0.922,optimal
2021-02-10 13:00:00,16,2,0.10590958924240519,0.3096296296296296,0.0,1.3047666666666669,optimal
2021-02-10 13:30:00,16,2,0.1528638086552271,0.0,0.0,0.647,optimal
2021-02-10 14:00:00,16,2,1.1428571428571428,0.0,0.0,0.8006666666666666,optimal
2021-02-10 14:30:00,16,2,1.1428571428571428,0.0,0.0,1.7964333333333333,optimal
2021-02-10 15:00:00,16,2,1.1428571428571428,0.3096296296296296,0.0,1.2452999999999999,optimal
2021-02-10 15:30:00,16,2,1.1428571428571428,0.0,0.0,1.5495333333333332,optimal
2021-02-10 16:00:00,16,2,0.0,0.8514814814814814,0.0,4.1828,optimal
2021-02-10 16:30:00,16,2,0.0,0.23222222222222222,0.0,5.885666666666667,optimal
2021-02-10 17:00:00,16,2,0.0,0.23222222222222222,0.0,3.4624,optimal
2021-02-10 17:30:00,16,2,0.0,0.3096296296296296,0.0,2.0216,optimal
2021-02-10 18:00:00,16,2,0.0,0.0,0.0,0.9059333333333331,optimal
2021-02-10 18:30:00,16,2,0.0,0.387037037037037,0.0,0.6678333333333334,optimal
2021-02-10 19:00:00,16,2,0.0,0.23222222222222222,0.0,0.5049333333333332,optimal
2021-02-10 19:30:00,16,2,0.0,0.0,0.0,0.5841666666666666,optimal
2021-02-10 20:00:00,16,2,0.0,0.0,0.0,0.8126333333333333,optimal
2021-02-10 20:30:00,16,2,0.0,0.46444444444444444,0.0,1.6905666666666666,optimal
2021-02-10 21:00:00,16,2,0.0,0.3096296296296296,0.0,1.3009333333333335,optimal
2021-02-10 21:30:00,16,2,0.0,0.1548148148148148,0.0,1.5586666666666666,optimal
2021-02-10 22:00:00,16,2,0.0,0.3096296296296296,0.0,0.7830666666666667,optimal
2021-02-10 22:30:00,16,2,0.0,0.0,0.0,0.6747333333333333,optimal
2021-02-10 23:00:00,16,2,0.0,0.0774074074074074,0.0,0.6282666666666666,optimal
2021-02-10 23:30:00,16,2,0.0,0.0,0.0,2.502266666666667,optimal
2021-02-11 00:00:00,16,2,0.35775599875407627,0.0,0.0,0.057,optimal
2021-02-11 00:30:00,16,2,1.1428571428571428,0.0,0.0,0.1248,optimal
2021-02-11 01:00:00,16,2,1.1428571428571428,0.0,0.0,0.057,optimal
2021-02-11 01:30:00,16,2,1.1428571428571428,0.0,0.0,0.1022,optimal
2021-02-11 02:00:00,16,2,1.1428571428571428,0.0,0.0,0.07959999999999999,optimal
2021-02-11 02:30:00,16,2,1.1428571428571428,0.0,0.0,0.057,optimal
2021-02-11 03:00:00,16,2,1.1428571428571428,0.0,0.0,0.057,optimal
2021-02-11 03:30:00,16,2,1.1428571428571428,0.0,0.0,0.1248,optimal
2021-02-11 04:00:00,16,2,1.1428571428571428,0.0,0.0,0.057,optimal
2021-02-11 04:30:00,16,2,1.1428571428571428,0.0,0.0,0.0683,optimal
2021-02-11 05:00:00,16,2,1.1428571428571428,0.0,0.0,1.3551,optimal
2021-02-11 05:30:00,16,2,1.1428571428571428,0.0,0.0,1.3113333333333332,optimal
2021-02-11 06:00:00,16,2,1.1428571428571428,0.0,2.519803983211106,0.1022,optimal
2021-02-11 06:30:00,16,2,1.1428571428571428,0.1548148148148148,10.0,0.39376666666666665,optimal
2021-02-11 07:00:00,16,2,1.1428571428571428,0.46444444444444444,0.0,1.423,optimal
2021-02-11 07:30:00,16,2,1.1428571428571428,0.5418518518518518,0.0,1.1735333333333333,optimal
2021-02-11 08:00:00,16,2,0.7858877417938781,0.3096296296296296,0.0,0.31026666666666664,optimal
2021-02-11 08:30:00,16,2,0.7572190408064063,0.0,0.0,0.3187333333333333,optimal
2021-02-11 09:00:00,16,2,0.8218359923321173,0.0,0.0,0.09833333333333331,optimal
2021-02-11 09:30:00,16,2,0.7947345603370821,0.0,0.0,0.13146666666666668,optimal
2021-02-11 10:00:00,16,2,0.6213851235839999,0.0,0.0,0.06466666666666668,optimal
2021-02-11 10:30:00,16,2,0.6276817482055651,0.0,0.0,0.1248,optimal
2021-02-11 11:00:00,16,2,0.5761245612717457,0.0,0.0,0.057,optimal
2021-02-11 11:30:00,16,2,0.7317421679678994,0.0,0.0,0.057,optimal
2021-02-11 12:00:00,16,2,1.1428571428571428,0.0,0.0,0.11220000000000001,optimal
2021-02-11 12:30:00,16,2,1.1428571428571428,0.0,0.0,0.08093333333333334,optimal
2021-02-11 13:00:00,16,2,1.1428571428571428,0.0,0.0,0.09090000000000001,optimal
2021-02-11 13:30:00,16,2,1.1428571428571428,0.0,0.0,0.09090000000000001,optimal
2021-02-11 14:00:00,16,2,1.1428571428571428,0.0,0.0,0.1135,optimal
2021-02-11 14:30:00,16,2,1.1428571428571428,0.0,0.0,0.0683,optimal
2021-02-11 15:00:00,16,2,1.1428571428571428,0.0,0.0,0.057,optimal
2021-02-11 15:30:00,16,2,1.1428571428571428,0.0,0.0,0.2646,optimal
2021-02-11 16:00:00,16,2,0.0,0.0,0.0,1.685,optimal
2021-02-11 16:30:00,16,2,0.0,0.1548148148148148,0.0,2.5231,optimal
2021-02-11 17:00:00,16,2,0.0,0.387037037037037,0.0,1.0832,optimal
2021-02-11 17:30:00,16,2,0.0,0.0,0.0,0.4824666666666666,optimal
2021-02-11 18:00:00,16,2,0.0,0.0,0.0,1.0393666666666665,optimal
2021-02-11 18:30:00,16,2,0.0,0.0,0.0,2.5819666666666667,optimal
2021-02-11 19:00:00,16,2,0.0,0.0,0.0,0.5463666666666667,optimal
2021-02-11 19:30:00,16,2,0.9932995342597318,0.0,0.0,0.2094,optimal
2021-02-11 20:00:00,16,2,1.0108378908980131,0.0,0.0,0.24013333333333334,optimal
2021-02-11 20:30:00,16,2,0.0,0.0,0.0,0.067,optimal
2021-02-11 21:00:00,16,2,0.0,0.0,0.0,0.198,optimal
2021-02-11 21:30:00,16,2,0.0,0.0,0.0,0.42119999999999996,optimal
2021-02-11 22:00:00,16,2,0.0,6.037777777777777,0.0,1.8239666666666667,optimal
2021-02-11 22:30:00,16,2,0.0,0.0,0.0,0.7163333333333334,optimal
2021-02-11 23:00:00,16,2,0.0,0.0,0.0,0.07453333333333333,optimal
2021-02-11 23:30:00,16,2,0.0,0.0,0.0,0.12726666666666667,optimal
2021-02-12 00:00:00,16,2,1.1428571428571428,0.0,0.0,0.052,optimal
2021-02-12 00:30:00,16,2,1.1428571428571428,0.0,0.0,0.052,optimal
2021-02-12 01:00:00,16,2,1.1428571428571428,0.0,0.0,0.052,optimal
2021-02-12 01:30:00,16,2,1.1428571428571428,0.0,0.0,0.1097,optimal
2021-02-12 02:00:00,16,2,1.1428571428571428,0.0,0.0,0.13523333333333332,optimal
2021-02-12 02:30:00,16,2,1.1428571428571428,0.0,0.0,0.06763333333333334,optimal
2021-02-12 03:00:00,16,2,1.1428571428571428,0.0,0.0,0.17196666666666666,optimal
2021-02-12 03:30:00,16,2,1.1428571428571428,0.0,0.0,0.052,optimal
2021-02-12 04:00:00,16,2,1.1428571428571428,0.0,0.0,0.05733333333333333,optimal
2021-02-12 04:30:00,16,2,1.1428571428571428,0.0,0.0,0.1859333333333333,optimal
2021-02-12 05:00:00,16,2,1.1428571428571428,0.0,0.0,0.062,optimal
2021-02-12 05:30:00,16,2,1.1428571428571428,0.0,0.0,0.10573333333333332,optimal
2021-02-12 06:00:00,16,2,1.1428571428571428,0.0,3.5725203458711303,0.12886666666666668,optimal
2021-02-12 06:30:00,16,2,1.1428571428571428,0.5418518518518518,10.0,0.2524,optimal
2021-02-12 07:00:00,16,2,1.1428571428571428,0.5418518518518518,0.0,0.26703333333333334,optimal
2021-02-12 07:30:00,16,2,1.1428571428571428,7.179268287657707,0.0,0.20446666666666666,optimal
2021-02-12 08:00:00,16,2,0.9990143243703444,0.0,0.0,0.062,optimal
2021-02-12 08:30:00,16,2,1.007570342101352,0.0,0.0,0.055,optimal
2021-02-12 09:00:00,16,2,0.9372945957222786,0.0,0.0,0.052,optimal
2021-02-12 09:30:00,16,2,0.8431784006812805,0.0,0.0,0.052,optimal
2021-02-12 10:00:00,16,2,0.6213252246048978,0.0,0.0,0.1027,optimal
2021-02-12 10:30:00,16,2,0.5977750939048089,0.0,0.0,0.1322333333333333,optimal
2021-02-12 11:00:00,16,2,0.5061005058051312,0.0,0.0,0.062,optimal
2021-02-12 11:30:00,16,2,0.5613364758087919,0.0,0.0,0.060333333333333336,optimal
2021-02-12 12:00:00,16,2,1.1428571428571428,0.0,0.0,0.17593333333333333,optimal
2021-02-12 12:30:00,16,2,1.1428571428571428,0.0,0.0,0.052,optimal
2021-02-12 13:00:00,16,2,1.1428571428571428,0.0,0.0,0.1252333333333333,optimal
2021-02-12 13:30:00,16,2,1.1428571428571428,0.0,0.0,0.1027,optimal
2021-02-12 14:00:00,16,2,1.1428571428571428,0.0,0.0,0.052,optimal
2021-02-12 14:30:00,16,2,1.1428571428571428,0.0,0.0,0.052,optimal
2021-02-12 15:00:00,16,2,1.1428571428571428,0.0,0.0,0.17593333333333333,optimal
2021-02-12 15:30:00,16,2,1.1428571428571428,0.23222222222222222,0.0,0.2198333333333333,optimal
2021-02-12 16:00:00,16,2,0.0,0.0,0.0,0.22616666666666663,optimal
2021-02-12 16:30:00,16,2,0.0,0.0,0.0,0.15776666666666667,optimal
2021-02-12 17:00:00,16,2,0.0,0.0,0.0,0.062,optimal
2021-02-12 17:30:00,16,2,0.0,0.0,0.0,0.062,optimal
2021-02-12 18:00:00,16,2,0.0,0.0,0.0,0.8594666666666667,optimal
2021-02-12 18:30:00,16,2,0.0,0.387037037037037,0.0,0.3623,optimal
2021-02-12 19:00:00,16,2,0.0,0.0,0.0,0.17596666666666666,optimal
2021-02-12 19:30:00,16,2,0.6579233323715182,0.0,0.0,0.47803333333333337,optimal
2021-02-12 20:00:00,16,2,0.5854775317132035,0.23222222222222222,0.0,0.5267333333333334,optimal
2021-02-12 20:30:00,16,2,0.0,0.0,0.0,0.5486,optimal
2021-02-12 21:00:00,16,2,0.0,0.1548148148148148,0.0,0.5916333333333333,optimal
2021-02-12 21:30:00,16,2,0.0,0.5418518518518518,0.0,0.48660000000000003,optimal
2021-02-12 22:00:00,16,2,0.0,0.6192592592592592,0.0,0.39330000000000004,optimal
2021-02-12 22:30:00,16,2,0.0,0.0,0.0,0.24430000000000002,optimal
2021-02-12 23:00:00,16,2,0.0,0.0,0.0,0.07890000000000001,optimal
2021-02-12 23:30:00,16,2,0.0,0.0,0.0,0.05766666666666666,optimal
2021-02-13 00:00:00,16,2,0.0,0.0,0.0,0.06,optimal
2021-02-13 00:30:00,16,2,0.0,0.0,0.0,0.09316666666666669,optimal
2021-02-13 01:00:00,16,2,1.0099055066088645,0.0,0.0,0.17516666666666666,optimal
2021-02-13 01:30:00,16,2,1.1428571428571428,0.0,0.0,0.059,optimal
2021-02-13 02:00:00,16,2,1.1428571428571428,0.0,0.0,0.059,optimal
2021-02-13 02:30:00,16,2,1.1428571428571428,0.0,0.0,0.059,optimal
2021-02-13 03:00:00,16,2,1.1428571428571428,0.0,0.0,0.2093333333333333,optimal
2021-02-13 03:30:00,16,2,1.1428571428571428,0.0,0.0,0.059,optimal
2021-02-13 04:00:00,16,2,1.1428571428571428,0.0,0.0,0.059,optimal
2021-02-13 04:30:00,16,2,1.1428571428571428,0.0,0.0,0.141,optimal
2021-02-13 05:00:00,16,2,1.1428571428571428,0.0,0.0,0.12733333333333333,optimal
2021-02-13 05:30:00,16,2,1.1428571428571428,0.0,0.0,0.059,optimal
2021-02-13 06:00:00,16,2,1.1428571428571428,0.0,0.0,0.141,optimal
2021-02-13 06:30:00,16,2,1.1428571428571428,0.0,7.745267012027844,0.12733333333333333,optimal
2021-02-13 07:00:00,16,2,1.1428571428571428,5.07482962962963,10.0,0.0755,optimal
2021-02-13 07:30:00,16,2,1.1428571428571428,1.272577777777778,0.0,0.2617333333333333,optimal
2021-02-13 08:00:00,16,2,0.6135250551138062,0.9288888888888889,0.0,1.6160333333333332,optimal
2021-02-13 08:30:00,16,2,0.6467631935381984,1.0480962962962963,0.0,0.3994666666666666,optimal
2021-02-13 09:00:00,16,2,0.647726683739371,5.841162962962964,0.0,0.1972,optimal
2021-02-13 09:30:00,16,2,0.7493859472899067,0.1548148148148148,0.0,0.1626,optimal
2021-02-13 10:00:00,16,2,0.6578874856488679,0.0,0.0,0.32673333333333326,optimal
2021-02-13 10:30:00,16,2,0.69429514788278,0.0,0.0,0.0895,optimal
2021-02-13 11:00:00,16,2,0.5722430374797918,0.0,0.0,0.0895,optimal
2021-02-13 11:30:00,16,2,0.5388659378089495,0.0,0.0,0.19883333333333328,optimal
2021-02-13 12:00:00,16,2,0.5249686838539355,0.0,0.0,0.069,optimal
2021-02-13 12:30:00,16,2,0.4933573416551024,0.0,0.0,0.16466666666666666,optimal
2021-02-13 13:00:00,16,2,1.1428571428571428,0.1548148148148148,0.0,0.12166666666666669,optimal
2021-02-13 13:30:00,16,2,1.1428571428571428,0.0,0.0,0.1815,optimal
2021-02-13 14:00:00,16,2,1.1428571428571428,0.1548148148148148,0.0,0.3424,optimal
2021-02-13 14:30:00,16,2,1.1428571428571428,0.0,0.0,0.2875,optimal
2021-02-13 15:00:00,16,2,1.1428571428571428,2.3222222222222215,0.0,0.37473333333333336,optimal
2021-02-13 15:30:00,16,2,1.1428571428571428,0.0,0.0,0.31189999999999996,optimal
2021-02-13 16:00:00,16,2,0.0,0.0,0.0,0.3841666666666667,optimal
2021-02-13 16:30:00,16,2,0.0,0.5418518518518518,0.0,0.5471666666666666,optimal
2021-02-13 17:00:00,16,2,0.0,2.692229629629629,0.0,0.3984333333333333,optimal
2021-02-13 17:30:00,16,2,0.0,3.345548148148148,0.0,0.5930666666666667,optimal
2021-02-13 18:00:00,16,2,0.0,0.23222222222222222,0.0,0.6196666666666666,optimal
2021-02-13 18:30:00,16,2,0.0,2.7092592592592597,0.0,1.9034,optimal
2021-02-13 19:00:00,16,2,0.0,0.0,0.0,0.5321666666666667,optimal
2021-02-13 19:30:00,16,2,0.0,0.0,0.0,0.5153,optimal
2021-02-13 20:00:00,16,2,0.10104566714808608,0.23222222222222222,0.0,0.5014666666666666,optimal
2021-02-13 20:30:00,16,2,0.0,0.0,0.0,0.5688333333333334,optimal
2021-02-13 21:00:00,16,2,0.0,0.0,0.0,0.45066666666666666,optimal
2021-02-13 21:30:00,16,2,0.0,0.3096296296296296,0.0,0.4009,optimal
2021-02-13 22:00:00,16,2,0.0,0.0774074074074074,0.0,0.7120333333333333,optimal
2021-02-13 22:30:00,16,2,0.0,0.0,0.0,0.18059999999999998,optimal
2021-02-13 23:00:00,16,2,0.0,0.0,0.0,0.2193333333333333,optimal
2021-02-13 23:30:00,16,2,0.0,0.0,0.0,0.069,optimal
2021-02-07 00:00:00,17,2,0.0,0.0,0.0,0.07,optimal
2021-02-07 00:30:00,17,2,0.0,0.0,0.0,0.064,optimal
2021-02-07 01:00:00,17,2,0.0,0.0,0.0,0.13323333333333331,optimal
2021-02-07 01:30:00,17,2,0.0,0.0,0.0,0.2385,optimal
2021-02-07 02:00:00,17,2,0.0,0.0,0.0,0.062,optimal
2021-02-07 02:30:00,17,2,0.0,0.0,0.0,0.16219999999999998,optimal
2021-02-07 03:00:00,17,2,0.0,0.0,0.0,0.09793333333333333,optimal
2021-02-07 03:30:00,17,2,0.0,0.0,0.0,0.1736,optimal
2021-02-07 04:00:00,17,2,1.1428571428571428,0.0,0.0,0.17333333333333334,optimal
2021-02-07 04:30:00,17,2,1.1428571428571428,0.0,0.0,0.062,optimal
2021-02-07 05:00:00,17,2,1.1428571428571428,0.0,0.0,0.2862,optimal
2021-02-07 05:30:00,17,2,1.1428571428571428,0.0,0.0,0.08553333333333334,optimal
2021-02-07 06:00:00,17,2,1.1428571428571428,0.0,0.0,0.07,optimal
2021-02-07 06:30:00,17,2,1.1428571428571428,0.0,0.0,0.14993333333333334,optimal
2021-02-07 07:00:00,17,2,1.1428571428571428,0.0,1.8089900112525021,0.10540000000000001,optimal
2021-02-07 07:30:00,17,2,0.0,0.6192592592592592,0.0,0.2072,optimal
2021-02-07 08:00:00,17,2,0.2555231340247356,0.23222222222222222,0.0,0.10959999999999999,optimal
2021-02-07 08:30:00,17,2,0.6182450166371269,0.1548148148148148,0.0,0.22240000000000001,optimal
2021-02-07 09:00:00,17,2,0.651764518430273,0.0,0.0,0.12066666666666669,optimal
2021-02-07 09:30:00,17,2,0.641610275902276,0.774074074074074,0.0,0.2077333333333333,optimal
2021-02-07 10:00:00,17,2,0.4802434325964093,0.1548148148148148,0.0,2.198933333333333,optimal
2021-02-07 10:30:00,17,2,0.7011919176523834,0.0,0.0,0.062,optimal
2021-02-07 11:00:00,17,2,0.6098728645716154,0.0,0.0,0.1984,optimal
2021-02-07 11:30:00,17,2,0.8307897072887707,0.0,0.0,0.177,optimal
2021-02-07 12:00:00,17,2,1.1428571428571428,0.0,0.0,0.072,optimal
2021-02-07 12:30:00,17,2,1.1428571428571428,0.0,0.0,0.2857,optimal
2021-02-07 13:00:00,17,2,1.1428571428571428,0.0,0.0,0.10603333333333331,optimal
2021-02-07 13:30:00,17,2,1.1428571428571428,0.0,0.0,0.072,optimal
2021-02-07 14:00:00,17,2,1.1428571428571428,0.0,0.0,0.165,optimal
2021-02-07 14:30:00,17,2,1.1428571428571428,0.0,0.0,0.2267333333333333,optimal
2021-02-07 15:00:00,17,2,1.1428571428571428,0.0,0.0,0.0968,optimal
2021-02-07 15:30:00,17,2,1.1428571428571428,0.0,0.0,0.2949333333333333,optimal
2021-02-07 16:00:00,17,2,0.0,0.0,0.0,0.072,optimal
2021-02-07 16:30:00,17,2,0.0,0.0,0.0,0.2084,optimal
2021-02-07 17:00:00,17,2,0.0,0.0,0.0,0.1833333333333333,optimal
2021-02-07 17:30:00,17,2,0.0,0.0,0.0,0.3858666666666667,optimal
2021-02-07 18:00:00,17,2,0.0,0.0,0.0,0.9851666666666666,optimal
2021-02-07 18:30:00,17,2,0.0,0.6192592592592592,0.0,0.18536666666666668,optimal
2021-02-07 19:00:00,17,2,0.0,0.0774074074074074,0.0,0.1668,optimal
2021-02-07 19:30:00,17,2,0.47604705095792227,0.0,0.0,0.3928666666666667,optimal
2021-02-07 20:00:00,17,2,0.49928514619601083,0.46444444444444444,0.0,2.1851333333333334,optimal
2021-02-07 20:30:00,17,2,0.0,5.031481481481482,0.0,0.31489999999999996,optimal
2021-02-07 21:00:00,17,2,0.0,0.0,0.0,0.3181333333333333,optimal
2021-02-07 21:30:00,17,2,0.0,0.23222222222222222,0.0,0.3516,optimal
2021-02-07 22:00:00,17,2,0.0,0.23222222222222222,0.0,2.2571666666666665,optimal
2021-02-07 22:30:00,17,2,0.0,2.012592592592592,0.0,0.3261,optimal
2021-02-07 23:00:00,17,2,0.0,0.0,0.0,0.2251,optimal
2021-02-07 23:30:00,17,2,0.0,0.0,0.0,0.072,optimal
2021-02-08 00:00:00,17,2,0.0,0.0,0.0,0.062,optimal
2021-02-08 00:30:00,17,2,0.0,0.0,0.0,0.061,optimal
2021-02-08 01:00:00,17,2,0.0,0.0,0.0,0.1996,optimal
2021-02-08 01:30:00,17,2,0.0,0.0,0.0,0.061,optimal
2021-02-08 02:00:00,17,2,0.9567555944129881,0.0,0.0,0.1492,optimal
2021-02-08 02:30:00,17,2,1.1428571428571428,0.0,0.0,0.1114,optimal
2021-02-08 03:00:00,17,2,1.1428571428571428,0.0,0.0,0.061,optimal
2021-02-08 03:30:00,17,2,1.1428571428571428,0.23222222222222222,0.0,0.10443333333333334,optimal
2021-02-08 04:00:00,17,2,1.1428571428571428,0.0,0.0,0.1555,optimal
2021-02-08 04:30:00,17,2,1.1428571428571428,0.0,0.0,0.061,optimal
2021-02-08 05:00:00,17,2,1.1428571428571428,0.0,0.0,0.187,optimal
2021-02-08 05:30:00,17,2,1.1428571428571428,0.0,0.0,0.0736,optimal
2021-02-08 06:00:00,17,2,1.1428571428571428,2.1674074074074072,3.4171640251174633,0.1184,optimal
2021-02-08 06:30:00,17,2,1.1428571428571428,3.251111111111111,10.0,0.5070333333333333,optimal
2021-02-08 07:00:00,17,2,1.1428571428571428,1.006296296296296,10.0,1.1208333333333333,optimal
2021-02-08 07:30:00,17,2,1.1428571428571428,1.6255555555555554,0.0,0.333,optimal
2021-02-08 08:00:00,17,2,0.6479721575439954,0.774074074074074,0.0,0.17980000000000002,optimal
2021-02-08 08:30:00,17,2,0.8107739759333018,0.0,0.0,0.071,optimal
2021-02-08 09:00:00,17,2,0.7595366579607254,0.0,0.0,0.071,optimal
2021-02-08 09:30:00,17,2,0.7135196446624749,0.0,0.0,0.20959999999999998,optimal
2021-02-08 10:00:00,17,2,0.6589884149600664,0.0,0.0,0.071,optimal
2021-02-08 10:30:00,17,2,0.6384054282583257,0.0,0.0,0.1655,optimal
2021-02-08 11:00:00,17,2,0.5559639336377579,0.0,0.0,0.1151,optimal
2021-02-08 11:30:00,17,2,0.564285924772253,0.0,0.0,0.071,optimal
2021-02-08 12:00:00,17,2,0.4882090263406776,0.0,0.0,0.20959999999999998,optimal
2021-02-08 12:30:00,17,2,0.519253008609668,0.0,0.0,0.071,optimal
2021-02-08 13:00:00,17,2,1.1428571428571428,0.0,0.0,0.071,optimal
2021-02-08 13:30:00,17,2,1.1428571428571428,0.0,0.0,0.20959999999999998,optimal
2021-02-08 14:00:00,17,2,1.1428571428571428,0.0,0.0,0.071,optimal
2021-02-08 14:30:00,17,2,1.1428571428571428,0.0,0.0,0.1529,optimal
2021-02-08 15:00:00,17,2,1.1428571428571428,0.0,0.0,0.1277,optimal
2021-02-08 15:30:00,17,2,1.1428571428571428,0.0,0.0,0.1088,optimal
2021-02-08 16:00:00,17,2,0.0,0.0,0.0,0.1718,optimal
2021-02-08 16:30:00,17,2,0.0,0.0,0.0,1.8444,optimal
2021-02-08 17:00:00,17,2,0.0,0.0,0.0,3.032766666666667,optimal
2021-02-08 17:30:00,17,2,0.0,0.6966666666666667,0.0,2.0808666666666666,optimal
2021-02-08 18:00:00,17,2,0.0,0.0,0.0,1.555,optimal
2021-02-08 18:30:00,17,2,0.0,0.1548148148148148,0.0,0.29656666666666665,optimal
2021-02-08 19:00:00,17,2,0.0,0.0,0.0,0.6137666666666667,optimal
2021-02-08 19:30:00,17,2,0.5017796731151183,0.0,0.0,0.3521333333333333,optimal
2021-02-08 20:00:00,17,2,0.5400439369796768,0.0774074074074074,0.0,0.3567333333333333,optimal
2021-02-08 20:30:00,17,2,0.0,0.0,0.0,0.48073333333333335,optimal
2021-02-08 21:00:00,17,2,0.0,0.0,0.0,0.495,optimal
2021-02-08 21:30:00,17,2,0.0,0.0,0.0,0.5058,optimal
2021-02-08 22:00:00,17,2,0.0,0.0,0.0,0.0836,optimal
2021-02-08 22:30:00,17,2,0.0,0.0,0.0,0.197,optimal
2021-02-08 23:00:00,17,2,0.0,0.0,0.0,0.071,optimal
2021-02-08 23:30:00,17,2,0.0,0.0,0.0,0.20959999999999998,optimal
2021-02-09 00:00:00,17,2,0.0,0.0,0.0,0.057,optimal
2021-02-09 00:30:00,17,2,0.0,0.0,0.0,0.057,optimal
2021-02-09 01:00:00,17,2,0.5746819777372724,0.0,0.0,0.057,optimal
2021-02-09 01:30:00,17,2,1.1428571428571428,0.0,0.0,0.07740000000000001,optimal
2021-02-09 02:00:00,17,2,1.1428571428571428,0.0,0.0,0.1386,optimal
2021-02-09 02:30:00,17,2,1.1428571428571428,0.0,0.0,0.057,optimal
2021-02-09 03:00:00,17,2,1.1428571428571428,0.0,0.0,0.12329999999999999,optimal
2021-02-09 03:30:00,17,2,1.1428571428571428,0.0,0.0,0.0927,optimal
2021-02-09 04:00:00,17,2,1.1428571428571428,0.0,0.0,0.06666666666666667,optimal
2021-02-09 04:30:00,17,2,1.1428571428571428,0.0,0.0,0.067,optimal
2021-02-09 05:00:00,17,2,1.1428571428571428,0.0,0.0,0.14859999999999998,optimal
2021-02-09 05:30:00,17,2,1.1428571428571428,2.150377777777778,0.0,0.2867333333333333,optimal
2021-02-09 06:00:00,17,2,1.1428571428571428,3.345548148148148,0.0,0.064,optimal
2021-02-09 06:30:00,17,2,1.1428571428571428,0.387037037037037,3.323216982240952,0.167,optimal
2021-02-09 07:00:00,17,2,1.1428571428571428,0.387037037037037,10.0,0.065,optimal
2021-02-09 07:30:00,17,2,1.1428571428571428,2.2448148148148146,0.0,0.15680000000000002,optimal
2021-02-09 08:00:00,17,2,0.7082932849525341,1.1611111111111108,0.0,0.9494666666666668,optimal
2021-02-09 08:30:00,17,2,0.7559238907019035,2.3222222222222215,0.0,0.14633333333333334,optimal
2021-02-09 09:00:00,17,2,0.7504376041587317,0.0,0.0,0.10666666666666669,optimal
2021-02-09 09:30:00,17,2,0.5073559585146076,0.23222222222222222,0.0,1.34,optimal
2021-02-09 10:00:00,17,2,0.5319332215749082,0.1548148148148148,0.0,0.08506666666666667,optimal
2021-02-09 10:30:00,17,2,0.548809627982588,0.0,0.0,0.17256666666666667,optimal
2021-02-09 11:00:00,17,2,0.5362829727914494,0.0,0.0,0.0721,optimal
2021-02-09 11:30:00,17,2,0.5356011112158446,0.0,0.0,0.067,optimal
2021-02-09 12:00:00,17,2,0.40059766098425387,0.5418518518518518,0.0,0.1463,optimal
2021-02-09 12:30:00,17,2,0.41528904636938974,0.0,0.0,0.1157,optimal
2021-02-09 13:00:00,17,2,1.1428571428571428,0.0,0.0,0.0845,optimal
2021-02-09 13:30:00,17,2,1.1428571428571428,0.0,0.0,0.201,optimal
2021-02-09 14:00:00,17,2,1.1428571428571428,0.0,0.0,0.10573333333333332,optimal
2021-02-09 14:30:00,17,2,1.1428571428571428,0.0,0.0,0.131,optimal
2021-02-09 15:00:00,17,2,1.1428571428571428,0.0,0.0,0.22126666666666667,optimal
2021-02-09 15:30:00,17,2,1.1428571428571428,0.774074074074074,0.0,0.2319,optimal
2021-02-09 16:00:00,17,2,0.0,0.5418518518518518,0.0,0.24209999999999998,optimal
2021-02-09 16:30:00,17,2,0.0,0.0,0.0,0.1181,optimal
2021-02-09 17:00:00,17,2,0.0,0.0,0.0,0.1129,optimal
2021-02-09 17:30:00,17,2,0.0,0.23222222222222222,0.0,0.1651,optimal
2021-02-09 18:00:00,17,2,0.0,0.0,0.0,0.19433333333333327,optimal
2021-02-09 18:30:00,17,2,0.0,0.0,0.0,0.6119333333333333,optimal
2021-02-09 19:00:00,17,2,0.0,0.0,0.0,3.1991,optimal
2021-02-09 19:30:00,17,2,0.39859227690537335,0.0,0.0,0.8108,optimal
2021-02-09 20:00:00,17,2,0.7501605593188523,0.0,0.0,0.1648,optimal
2021-02-09 20:30:00,17,2,0.0,0.0,0.0,0.247,optimal
2021-02-09 21:00:00,17,2,0.0,0.0,0.0,0.1885,optimal
2021-02-09 21:30:00,17,2,0.0,0.0,0.0,0.0925,optimal
2021-02-09 22:00:00,17,2,0.0,0.0,0.0,0.1435,optimal
2021-02-09 22:30:00,17,2,0.0,0.0,0.0,0.067,optimal
2021-02-09 23:00:00,17,2,0.0,0.0,0.0,0.067,optimal
2021-02-09 23:30:00,17,2,0.0,0.0,0.0,0.065,optimal
2021-02-10 00:00:00,17,2,0.0,0.0,0.0,0.1512,optimal
2021-02-10 00:30:00,17,2,0.5125854072913802,0.0,0.0,0.13206666666666667,optimal
2021-02-10 01:00:00,17,2,1.1428571428571428,0.0,0.0,0.12040000000000001,optimal
2021-02-10 01:30:00,17,2,1.1428571428571428,0.0,0.0,0.12586666666666665,optimal
2021-02-10 02:00:00,17,2,1.1428571428571428,0.0,0.0,0.1266,optimal
2021-02-10 02:30:00,17,2,1.1428571428571428,0.0,0.0,0.1512,optimal
2021-02-10 03:00:00,17,2,1.1428571428571428,0.0,0.0,0.08026666666666667,optimal
2021-02-10 03:30:00,17,2,1.1428571428571428,0.0,0.0,0.1266,optimal
2021-02-10 04:00:00,17,2,1.1428571428571428,0.0,0.0,0.11573333333333333,optimal
2021-02-10 04:30:00,17,2,1.1428571428571428,0.0,0.0,0.11573333333333333,optimal
2021-02-10 05:00:00,17,2,1.1428571428571428,0.0,0.0,0.06,optimal
2021-02-10 05:30:00,17,2,1.1428571428571428,0.0,0.0,0.2127333333333333,optimal
2021-02-10 06:00:00,17,2,1.1428571428571428,0.6192592592592592,6.856967892057086,1.0076666666666667,optimal
2021-02-10 06:30:00,17,2,1.1428571428571428,2.8640740740740736,10.0,0.11126666666666668,optimal
2021-02-10 07:00:00,17,2,1.1428571428571428,0.0,0.0,1.2294666666666667,optimal
2021-02-10 07:30:00,17,2,1.1428571428571428,0.0,0.0,0.45439999999999997,optimal
2021-02-10 08:00:00,17,2,0.44133310911587176,0.23222222222222222,0.0,1.3096666666666668,optimal
2021-02-10 08:30:00,17,2,0.6426247104324897,0.5418518518518518,0.0,0.5023666666666666,optimal
2021-02-10 09:00:00,17,2,0.6499090088074181,0.387037037037037,0.0,0.2342,optimal
2021-02-10 09:30:00,17,2,0.5221910863145172,0.387037037037037,0.0,2.8081,optimal
2021-02-10 10:00:00,17,2,0.36661101603270335,0.0774074074074074,0.0,2.897333333333333,optimal
2021-02-10 10:30:00,17,2,0.3785482884487322,5.728148148148147,0.0,2.0453,optimal
2021-02-10 11:00:00,17,2,0.321989921689565,0.0774074074074074,0.0,1.5066666666666668,optimal
2021-02-10 11:30:00,17,2,0.4001271509193012,0.6192592592592592,0.0,0.2551,optimal
2021-02-10 12:00:00,17,2,0.6568735886879133,0.3096296296296296,0.0,1.8979000000000001,optimal
2021-02-10 12:30:00,17,2,1.1428571428571428,0.1548148148148148,0.0,0.4164,optimal
2021-02-10 13:00:00,17,2,1.1428571428571428,0.0774074074074074,0.0,0.0953,optimal
2021-02-10 13:30:00,17,2,1.1428571428571428,0.0,0.0,0.12179999999999999,optimal
2021-02-10 14:00:00,17,2,1.1428571428571428,0.0,0.0,0.11013333333333333,optimal
2021-02-10 14:30:00,17,2,1.1428571428571428,0.0,0.0,0.15613333333333332,optimal
2021-02-10 15:00:00,17,2,1.1428571428571428,0.0,0.0,0.12919999999999998,optimal
2021-02-10 15:30:00,17,2,1.1428571428571428,0.0,0.0,0.14833333333333334,optimal
2021-02-10 16:00:00,17,2,0.0,0.0,0.0,0.13273333333333331,optimal
2021-02-10 16:30:00,17,2,0.0,0.1548148148148148,0.0,0.1359,optimal
2021-02-10 17:00:00,17,2,0.0,0.1548148148148148,0.0,0.18969999999999998,optimal
2021-02-10 17:30:00,17,2,0.0,0.0774074074074074,0.0,0.3717,optimal
2021-02-10 18:00:00,17,2,0.0,0.0774074074074074,0.0,0.22976666666666667,optimal
2021-02-10 18:30:00,17,2,0.0,0.3096296296296296,0.0,0.078,optimal
2021-02-10 19:00:00,17,2,0.0,1.8577777777777778,0.0,2.1632,optimal
2021-02-10 19:30:00,17,2,0.5483232028126266,0.387037037037037,0.0,2.9990666666666668,optimal
2021-02-10 20:00:00,17,2,0.5739287011668527,0.0,0.0,1.8320999999999998,optimal
2021-02-10 20:30:00,17,2,0.0,0.3096296296296296,0.0,0.4699,optimal
2021-02-10 21:00:00,17,2,0.0,0.0,0.0,0.3772,optimal
2021-02-10 21:30:00,17,2,0.0,0.1548148148148148,0.0,0.3767,optimal
2021-02-10 22:00:00,17,2,0.0,0.23222222222222222,0.0,1.5662333333333331,optimal
2021-02-10 22:30:00,17,2,0.0,0.387037037037037,0.0,1.3314000000000001,optimal
2021-02-10 23:00:00,17,2,0.0,0.0774074074074074,0.0,0.32656666666666667,optimal
2021-02-10 23:30:00,17,2,0.0,0.0,0.0,1.9159000000000002,optimal
2021-02-11 00:00:00,17,2,1.1428571428571428,0.0,0.0,0.20146666666666666,optimal
2021-02-11 00:30:00,17,2,1.1428571428571428,0.0,0.0,0.057,optimal
2021-02-11 01:00:00,17,2,1.1428571428571428,0.0,0.0,0.22606666666666664,optimal
2021-02-11 01:30:00,17,2,1.1428571428571428,0.0,0.0,0.1092,optimal
2021-02-11 02:00:00,17,2,1.1428571428571428,0.0,0.0,0.11246666666666669,optimal
2021-02-11 02:30:00,17,2,1.1428571428571428,0.0,0.0,0.2228,optimal
2021-02-11 03:00:00,17,2,1.1428571428571428,0.0,0.0,0.10393333333333334,optimal
2021-02-11 03:30:00,17,2,1.1428571428571428,0.0,0.0,0.08686666666666666,optimal
2021-02-11 04:00:00,17,2,1.1428571428571428,0.0,0.0,0.2195,optimal
2021-02-11 04:30:00,17,2,1.1428571428571428,0.0,0.0,0.11576666666666668,optimal
2021-02-11 05:00:00,17,2,1.1428571428571428,0.0,0.0,0.13216666666666665,optimal
2021-02-11 05:30:00,17,2,1.1428571428571428,0.0,0.0,0.2031,optimal
2021-02-11 06:00:00,17,2,1.1428571428571428,0.0,0.0,0.1252666666666667,optimal
2021-02-11 06:30:00,17,2,1.1428571428571428,0.0,1.3821056925251105,0.21,optimal
2021-02-11 07:00:00,17,2,1.1428571428571428,0.0,10.0,0.0698,optimal
2021-02-11 07:30:00,17,2,1.1428571428571428,0.7245529026877296,0.0,0.1407,optimal
2021-02-11 08:00:00,17,2,0.7886115513176833,0.0,0.0,0.21030000000000001,optimal
2021-02-11 08:30:00,17,2,0.9394571360445051,0.0,0.0,0.10393333333333334,optimal
2021-02-11 09:00:00,17,2,0.8061312304273534,1.9351851851851851,0.0,0.25266666666666665,optimal
2021-02-11 09:30:00,17,2,0.8069917031942294,0.0,0.0,0.09126666666666668,optimal
2021-02-11 10:00:00,17,2,0.6118327426316154,0.0,0.0,0.09113333333333334,optimal
2021-02-11 10:30:00,17,2,0.5994150815389048,0.0,0.0,0.22443333333333332,optimal
2021-02-11 11:00:00,17,2,0.5706959898431776,0.0,0.0,0.0767,optimal
2021-02-11 11:30:00,17,2,1.0884231464072678,0.0,0.0,0.0964,optimal
2021-02-11 12:00:00,17,2,1.1428571428571428,0.0,0.0,0.19686666666666666,optimal
2021-02-11 12:30:00,17,2,1.1428571428571428,0.0,0.0,0.10666666666666669,optimal
2021-02-11 13:00:00,17,2,1.1428571428571428,0.0,0.0,0.057,optimal
2021-02-11 13:30:00,17,2,1.1428571428571428,0.0,0.0,0.22573333333333329,optimal
2021-02-11 14:00:00,17,2,1.1428571428571428,0.0,0.0,0.11086666666666666,optimal
2021-02-11 14:30:00,17,2,1.1428571428571428,0.0,0.0,0.13426666666666667,optimal
2021-02-11 15:00:00,17,2,1.1428571428571428,0.0,0.0,0.06553333333333333,optimal
2021-02-11 15:30:00,17,2,1.1428571428571428,0.0,0.0,0.099,optimal
2021-02-11 16:00:00,17,2,0.0,0.1548148148148148,0.0,0.27443333333333336,optimal
2021-02-11 16:30:00,17,2,0.0,0.0,0.0,0.11213333333333333,optimal
2021-02-11 17:00:00,17,2,0.0,0.0,0.0,0.06566666666666666,optimal
2021-02-11 17:30:00,17,2,0.0,0.0,0.0,0.16306666666666667,optimal
2021-02-11 18:00:00,17,2,0.0,0.0,0.0,0.1752,optimal
2021-02-11 18:30:00,17,2,0.0,0.0,0.0,0.167,optimal
2021-02-11 19:00:00,17,2,0.0,0.0,0.0,0.176,optimal
2021-02-11 19:30:00,17,2,0.8469185818787689,0.0,0.0,0.1313666666666667,optimal
2021-02-11 20:00:00,17,2,0.9125807480408722,0.0,0.0,0.3310666666666667,optimal
2021-02-11 20:30:00,17,2,0.0,0.0,0.0,0.6865,optimal
2021-02-11 21:00:00,17,2,0.0,0.0,0.0,0.5578333333333334,optimal
2021-02-11 21:30:00,17,2,0.0,0.0,0.0,0.6313333333333334,optimal
2021-02-11 22:00:00,17,2,0.0,0.0,0.0,0.057,optimal
2021-02-11 22:30:00,17,2,0.0,0.0,0.0,0.2077,optimal
2021-02-11 23:00:00,17,2,0.0,0.0,0.0,0.12756666666666666,optimal
2021-02-11 23:30:00,17,2,0.0,0.0,0.0,0.1358,optimal
2021-02-12 00:00:00,17,2,1.1428571428571428,0.0,0.0,0.073,optimal
2021-02-12 00:30:00,17,2,1.1428571428571428,0.0,0.0,0.10666666666666669,optimal
2021-02-12 01:00:00,17,2,1.1428571428571428,0.0,0.0,0.09813333333333334,optimal
2021-02-12 01:30:00,17,2,1.1428571428571428,0.0,0.0,0.064,optimal
2021-02-12 02:00:00,17,2,1.1428571428571428,0.0,0.0,0.1408,optimal
2021-02-12 02:30:00,17,2,1.1428571428571428,0.0,0.0,0.064,optimal
2021-02-12 03:00:00,17,2,1.1428571428571428,0.0,0.0,0.064,optimal
2021-02-12 03:30:00,17,2,1.1428571428571428,0.0,0.0,0.1408,optimal
2021-02-12 04:00:00,17,2,1.1428571428571428,0.0,3.217488829246161,0.064,optimal
2021-02-12 04:30:00,17,2,1.1428571428571428,0.0,10.0,0.07909999999999999,optimal
2021-02-12 05:00:00,17,2,1.1428571428571428,6.579629629629632,0.0,0.1758,optimal
2021-02-12 05:30:00,17,2,1.1428571428571428,0.5418518518518518,0.0,0.09713333333333334,optimal
2021-02-12 06:00:00,17,2,1.1428571428571428,2.537414814814815,0.0,0.14893333333333333,optimal
2021-02-12 06:30:00,17,2,1.1428571428571428,0.9459185185185186,0.0,1.0222333333333333,optimal
2021-02-12 07:00:00,17,2,1.1428571428571428,0.6966666666666667,0.0,0.08120000000000001,optimal
2021-02-12 07:30:00,17,2,1.1428571428571428,6.666655183868474,0.0,0.10186666666666666,optimal
2021-02-12 08:00:00,17,2,0.7845381338941557,0.46444444444444444,0.0,0.32903333333333334,optimal
2021-02-12 08:30:00,17,2,0.7598455801965843,0.0,0.0,1.2118,optimal
2021-02-12 09:00:00,17,2,0.6430031671508561,0.0,0.0,1.4928,optimal
2021-02-12 09:30:00,17,2,0.5585060197289085,0.0,0.0,1.4501333333333335,optimal
2021-02-12 10:00:00,17,2,0.45907760555728117,0.0,0.0,0.07626666666666666,optimal
2021-02-12 10:30:00,17,2,0.34937509390480015,0.774074074074074,0.0,0.17866666666666667,optimal
2021-02-12 11:00:00,17,2,0.2527900296146516,0.5418518518518518,0.0,0.9659333333333332,optimal
2021-02-12 11:30:00,17,2,0.21809483470570767,0.1548148148148148,0.0,1.6191,optimal
2021-02-12 12:00:00,17,2,0.36163173538230364,1.7803703703703702,0.0,0.3970666666666667,optimal
2021-02-12 12:30:00,17,2,0.3098679690447997,0.0,0.0,0.3107,optimal
2021-02-12 13:00:00,17,2,1.1428571428571428,0.0774074074074074,0.0,0.19833333333333328,optimal
2021-02-12 13:30:00,17,2,1.1428571428571428,0.3096296296296296,0.0,0.27636666666666665,optimal
2021-02-12 14:00:00,17,2,1.1428571428571428,0.0,0.0,0.2188333333333333,optimal
2021-02-12 14:30:00,17,2,1.1428571428571428,0.387037037037037,0.0,0.11426666666666668,optimal
2021-02-12 15:00:00,17,2,1.1428571428571428,0.0,0.0,0.2,optimal
2021-02-12 15:30:00,17,2,1.1428571428571428,0.5418518518518518,0.0,0.2213333333333333,optimal
2021-02-12 16:00:00,17,2,0.0,0.1548148148148148,0.0,0.8571,optimal
2021-02-12 16:30:00,17,2,0.0,0.0,0.0,0.08253333333333333,optimal
2021-02-12 17:00:00,17,2,0.0,0.0,0.0,0.5744,optimal
2021-02-12 17:30:00,17,2,0.0,0.23222222222222222,0.0,1.4190666666666667,optimal
2021-02-12 18:00:00,17,2,0.0,0.0,0.0,0.46743333333333326,optimal
2021-02-12 18:30:00,17,2,0.0,0.0,0.0,0.1778,optimal
2021-02-12 19:00:00,17,2,0.0,0.0774074074074074,0.0,0.3618,optimal
2021-02-12 19:30:00,17,2,0.33735513192432515,0.23222222222222222,0.0,0.27936666666666665,optimal
2021-02-12 20:00:00,17,2,0.671858484094163,0.3096296296296296,0.0,0.2586,optimal
2021-02-12 20:30:00,17,2,0.0,0.0774074074074074,0.0,0.32953333333333334,optimal
2021-02-12 21:00:00,17,2,0.0,0.0,0.0,0.278,optimal
2021-02-12 21:30:00,17,2,0.0,2.39962962962963,0.0,0.3103,optimal
2021-02-12 22:00:00,17,2,0.0,0.0,0.0,0.27253333333333335,optimal
2021-02-12 22:30:00,17,2,0.0,0.0,0.0,0.15833333333333335,optimal
2021-02-12 23:00:00,17,2,0.0,0.0,0.0,0.1252,optimal
2021-02-12 23:30:00,17,2,0.0,0.0,0.0,0.0996,optimal
2021-02-13 00:00:00,17,2,0.0,0.0,0.0,0.057,optimal
2021-02-13 00:30:00,17,2,0.5710315354970299,0.0,0.0,0.057,optimal
2021-02-13 01:00:00,17,2,1.1428571428571428,0.0,0.0,0.057,optimal
2021-02-13 01:30:00,17,2,1.1428571428571428,0.0,0.0,0.10926666666666668,optimal
2021-02-13 02:00:00,17,2,1.1428571428571428,0.0,0.0,0.07193333333333334,optimal
2021-02-13 02:30:00,17,2,1.1428571428571428,0.0,0.0,0.0906,optimal
2021-02-13 03:00:00,17,2,1.1428571428571428,0.0,0.0,0.0906,optimal
2021-02-13 03:30:00,17,2,1.1428571428571428,0.0,0.0,0.08686666666666666,optimal
2021-02-13 04:00:00,17,2,1.1428571428571428,0.0,0.0,0.09433333333333331,optimal
2021-02-13 04:30:00,17,2,1.1428571428571428,0.0,0.0,0.057,optimal
2021-02-13 05:00:00,17,2,1.1428571428571428,0.0,0.0,0.1242,optimal
2021-02-13 05:30:00,17,2,1.1428571428571428,0.0,0.0,0.057,optimal
2021-02-13 06:00:00,17,2,1.1428571428571428,0.0,0.0,0.057,optimal
2021-02-13 06:30:00,17,2,1.1428571428571428,0.0,0.0,0.063,optimal
2021-02-13 07:00:00,17,2,1.1428571428571428,0.5418518518518518,0.0,0.1262,optimal
2021-02-13 07:30:00,17,2,1.1428571428571428,0.5418518518518518,0.0,0.08623333333333333,optimal
2021-02-13 08:00:00,17,2,0.5961021979709441,2.4770370370370367,0.0,0.23353333333333334,optimal
2021-02-13 08:30:00,17,2,0.638848907823908,0.46444444444444444,0.0,0.17843333333333333,optimal
2021-02-13 09:00:00,17,2,0.5010219218346169,5.728148148148147,0.0,1.0222666666666667,optimal
2021-02-13 09:30:00,17,2,0.45988880443276003,0.0774074074074074,0.0,1.0564666666666667,optimal
2021-02-13 10:00:00,17,2,0.4868531999345738,0.1548148148148148,0.0,0.2062,optimal
2021-02-13 10:30:00,17,2,0.382609433597065,0.0,0.0,0.4545666666666667,optimal
2021-02-13 11:00:00,17,2,0.3503858946226529,0.0,0.0,0.22266666666666662,optimal
2021-02-13 11:30:00,17,2,0.31755165209466635,0.387037037037037,0.0,0.49876666666666664,optimal
2021-02-13 12:00:00,17,2,0.6573912748766916,0.0,0.0,0.197,optimal
2021-02-13 12:30:00,17,2,1.1428571428571428,1.1611111111111108,0.0,0.197,optimal
2021-02-13 13:00:00,17,2,1.1428571428571428,0.23222222222222222,8.964397441796809,0.1041,optimal
2021-02-13 13:30:00,17,2,1.1428571428571428,0.0,10.0,0.17683333333333334,optimal
2021-02-13 14:00:00,17,2,1.1428571428571428,0.3096296296296296,0.0,0.17266666666666666,optimal
2021-02-13 14:30:00,17,2,1.1428571428571428,0.0,0.0,0.0782,optimal
2021-02-13 15:00:00,17,2,1.1428571428571428,0.0,0.0,0.067,optimal
2021-02-13 15:30:00,17,2,1.1428571428571428,0.0,0.0,0.067,optimal
2021-02-13 16:00:00,17,2,0.0,0.0,0.0,0.13419999999999999,optimal
2021-02-13 16:30:00,17,2,0.0,0.0,0.0,0.38489999999999996,optimal
2021-02-13 17:00:00,17,2,0.0,0.23222222222222222,0.0,0.17343333333333333,optimal
2021-02-13 17:30:00,17,2,0.0,0.0774074074074074,0.0,0.3522666666666667,optimal
2021-02-13 18:00:00,17,2,0.0,0.0,0.0,0.10893333333333334,optimal
2021-02-13 18:30:00,17,2,0.0,0.774074074074074,0.0,0.3691666666666667,optimal
2021-02-13 19:00:00,17,2,0.0,0.3096296296296296,0.0,0.23203333333333334,optimal
2021-02-13 19:30:00,17,2,0.6081499990381816,0.23222222222222222,0.0,0.4076,optimal
2021-02-13 20:00:00,17,2,0.5889632459989167,0.0,0.0,0.3788666666666667,optimal
2021-02-13 20:30:00,17,2,0.0,0.23222222222222222,0.0,0.6451,optimal
2021-02-13 21:00:00,17,2,0.0,0.0,0.0,0.4024666666666666,optimal
2021-02-13 21:30:00,17,2,0.0,0.0,0.0,0.38826666666666665,optimal
2021-02-13 22:00:00,17,2,0.0,0.6966666666666667,0.0,0.4037,optimal
2021-02-13 22:30:00,17,2,0.0,0.0,0.0,0.3684666666666666,optimal
2021-02-13 23:00:00,17,2,0.0,0.0,0.0,0.067,optimal
2021-02-13 23:30:00,17,2,0.0,0.0,0.0,0.13419999999999999,optimal
2021-02-07 00:00:00,18,2,0.0,0.0,0.0,0.1151,optimal
2021-02-07 00:30:00,18,2,0.0,0.0,0.0,0.14163333333333333,optimal
2021-02-07 01:00:00,18,2,0.0,0.0,0.0,0.13753333333333334,optimal
2021-02-07 01:30:00,18,2,0.0,0.0,0.0,0.18746666666666667,optimal
2021-02-07 02:00:00,18,2,0.0,0.0,0.0,0.1162,optimal
2021-02-07 02:30:00,18,2,0.0,0.0,0.0,0.0906,optimal
2021-02-07 03:00:00,18,2,0.0,0.0,0.0,0.15869999999999998,optimal
2021-02-07 03:30:00,18,2,0.0,0.0,0.0,0.17056666666666667,optimal
2021-02-07 04:00:00,18,2,1.1428571428571428,0.0,0.0,0.065,optimal
2021-02-07 04:30:00,18,2,1.1428571428571428,0.0,0.0,0.26426666666666665,optimal
2021-02-07 05:00:00,18,2,1.1428571428571428,0.23222222222222222,0.0,0.0814,optimal
2021-02-07 05:30:00,18,2,1.1428571428571428,0.0,0.0,0.17483333333333334,optimal
2021-02-07 06:00:00,18,2,1.1428571428571428,0.0,0.0,0.13736666666666666,optimal
2021-02-07 06:30:00,18,2,1.1428571428571428,0.0,0.0,0.14880000000000002,optimal
2021-02-07 07:00:00,18,2,1.1428571428571428,0.0,1.7076336144509696,0.37056666666666666,optimal
2021-02-07 07:30:00,18,2,0.0,0.1548148148148148,0.0,2.062733333333333,optimal
2021-02-07 08:00:00,18,2,0.0,7.121481481481481,0.0,0.1792,optimal
2021-02-07 08:30:00,18,2,0.44409340107466155,0.5418518518518518,0.0,0.8862000000000001,optimal
2021-02-07 09:00:00,18,2,0.3044845184302639,0.0,0.0,3.270266666666667,optimal
2021-02-07 09:30:00,18,2,0.5718064663784673,0.0,0.0,0.21303333333333332,optimal
2021-02-07 10:00:00,18,2,0.345372956405929,0.0,0.0,2.414766666666667,optimal
2021-02-07 10:30:00,18,2,0.35051382241428664,0.0,0.0,1.4868,optimal
2021-02-07 11:00:00,18,2,0.38876810266685746,0.23222222222222222,0.0,0.1338,optimal
2021-02-07 11:30:00,18,2,0.37328238838113403,0.387037037037037,0.0,0.372,optimal
2021-02-07 12:00:00,18,2,0.4076978500706804,0.0774074074074074,0.0,0.3963666666666667,optimal
2021-02-07 12:30:00,18,2,0.26716737388020023,0.0,0.0,2.3751666666666664,optimal
2021-02-07 13:00:00,18,2,0.28798810602226194,0.0,0.0,3.6236666666666664,optimal
2021-02-07 13:30:00,18,2,1.1428571428571428,0.0,0.0,2.1509,optimal
2021-02-07 14:00:00,18,2,1.1428571428571428,0.0,0.0,0.5222,optimal
2021-02-07 14:30:00,18,2,1.1428571428571428,0.0,0.0,0.24416666666666662,optimal
2021-02-07 15:00:00,18,2,1.1428571428571428,0.0,0.0,0.30446666666666666,optimal
2021-02-07 15:30:00,18,2,1.1428571428571428,0.23222222222222222,0.0,0.40753333333333336,optimal
2021-02-07 16:00:00,18,2,0.0,0.0,0.0,0.2206,optimal
2021-02-07 16:30:00,18,2,0.0,0.3096296296296296,0.0,0.3964666666666666,optimal
2021-02-07 17:00:00,18,2,0.0,0.387037037037037,0.0,2.7396666666666665,optimal
2021-02-07 17:30:00,18,2,0.0,0.0,0.0,1.7468666666666666,optimal
2021-02-07 18:00:00,18,2,0.0,0.46444444444444444,0.0,1.2115,optimal
2021-02-07 18:30:00,18,2,0.0,0.387037037037037,0.0,3.6048666666666667,optimal
2021-02-07 19:00:00,18,2,0.0,0.0,0.0,1.2422666666666669,optimal
2021-02-07 19:30:00,18,2,0.0,0.0,0.0,1.6769333333333334,optimal
2021-02-07 20:00:00,18,2,0.0,0.0,0.0,0.2622,optimal
2021-02-07 20:30:00,18,2,0.0,0.1548148148148148,0.0,2.4714,optimal
2021-02-07 21:00:00,18,2,0.0,0.0,0.0,2.2005,optimal
2021-02-07 21:30:00,18,2,0.0,0.0,0.0,1.7375,optimal
2021-02-07 22:00:00,18,2,0.0,0.0,0.0,0.19746666666666668,optimal
2021-02-07 22:30:00,18,2,0.0,0.0,0.0,0.15180000000000002,optimal
2021-02-07 23:00:00,18,2,0.0,0.0,0.0,0.13066666666666665,optimal
2021-02-07 23:30:00,18,2,0.0,0.0,0.0,0.2169333333333333,optimal
2021-02-08 00:00:00,18,2,0.0,1.548148148148148,0.0,0.07216666666666667,optimal
2021-02-08 00:30:00,18,2,0.0,0.0,0.0,0.17553333333333332,optimal
2021-02-08 01:00:00,18,2,0.0,0.0,0.0,0.10533333333333332,optimal
2021-02-08 01:30:00,18,2,0.2520660350691093,0.0,0.0,0.074,optimal
2021-02-08 02:00:00,18,2,1.1428571428571428,0.0,0.0,0.074,optimal
2021-02-08 02:30:00,18,2,1.1428571428571428,0.0,0.0,0.21186666666666668,optimal
2021-02-08 03:00:00,18,2,1.1428571428571428,0.0,0.0,0.074,optimal
2021-02-08 03:30:00,18,2,1.1428571428571428,0.0,0.0,0.12413333333333335,optimal
2021-02-08 04:00:00,18,2,1.1428571428571428,0.0,0.0,0.1617333333333333,optimal
2021-02-08 04:30:00,18,2,1.1428571428571428,0.0,0.0,0.074,optimal
2021-02-08 05:00:00,18,2,1.1428571428571428,0.0,0.0,0.21186666666666668,optimal
2021-02-08 05:30:00,18,2,1.1428571428571428,0.0,0.0,0.074,optimal
2021-02-08 06:00:00,18,2,1.1428571428571428,0.0,7.75054449549485,0.18680000000000002,optimal
2021-02-08 06:30:00,18,2,1.1428571428571428,0.0,10.0,0.09906666666666666,optimal
2021-02-08 07:00:00,18,2,1.1428571428571428,0.6966666666666667,10.0,1.0511666666666668,optimal
2021-02-08 07:30:00,18,2,1.1428571428571428,0.6192592592592592,0.0,1.1233333333333333,optimal
2021-02-08 08:00:00,18,2,0.6949531099249434,0.3096296296296296,0.0,0.072,optimal
2021-02-08 08:30:00,18,2,0.6670882616475865,0.46444444444444444,0.0,0.10986666666666665,optimal
2021-02-08 09:00:00,18,2,0.516260467484536,5.889155555555555,0.0,0.34613333333333335,optimal
2021-02-08 09:30:00,18,2,0.6183101208529542,0.2260296296296292,0.0,0.10333333333333332,optimal
2021-02-08 10:00:00,18,2,0.49660746257911764,0.5418518518518518,0.0,0.13716666666666666,optimal
2021-02-08 10:30:00,18,2,0.5964435234964224,0.46444444444444444,0.0,0.15353333333333333,optimal
2021-02-08 11:00:00,18,2,0.5681353622091849,0.0,0.0,0.074,optimal
2021-02-08 11:30:00,18,2,0.47875259143892174,0.23222222222222222,0.0,0.2248666666666667,optimal
2021-02-08 12:00:00,18,2,0.42398997872162236,4.721851851851852,0.0,0.14186666666666667,optimal
2021-02-08 12:30:00,18,2,0.16118634194301154,0.23222222222222222,0.0,1.6670666666666667,optimal
2021-02-08 13:00:00,18,2,1.0793098170605937,0.1548148148148148,0.0,0.7503666666666666,optimal
2021-02-08 13:30:00,18,2,1.1428571428571428,0.3096296296296296,0.0,0.15686666666666668,optimal
2021-02-08 14:00:00,18,2,1.1428571428571428,0.0,0.0,0.3078,optimal
2021-02-08 14:30:00,18,2,1.1428571428571428,0.0,0.0,0.3753333333333333,optimal
2021-02-08 15:00:00,18,2,1.1428571428571428,0.0,0.0,0.24856666666666663,optimal
2021-02-08 15:30:00,18,2,1.1428571428571428,0.387037037037037,0.0,1.6567333333333332,optimal
2021-02-08 16:00:00,18,2,0.0,0.3096296296296296,0.0,0.24513333333333331,optimal
2021-02-08 16:30:00,18,2,0.0,0.0,0.0,0.4378,optimal
2021-02-08 17:00:00,18,2,0.0,0.2740222222222222,0.0,1.3104666666666667,optimal
2021-02-08 17:30:00,18,2,0.0,0.19042222222222224,0.0,1.228233333333333,optimal
2021-02-08 18:00:00,18,2,0.0,0.387037037037037,0.0,1.1681,optimal
2021-02-08 18:30:00,18,2,0.0,0.0774074074074074,0.0,0.5387000000000001,optimal
2021-02-08 19:00:00,18,2,0.0,0.5418518518518518,0.0,0.517,optimal
2021-02-08 19:30:00,18,2,0.0,0.0,0.0,0.3041666666666667,optimal
2021-02-08 20:00:00,18,2,0.0,0.5418518518518518,0.0,0.30639999999999995,optimal
2021-02-08 20:30:00,18,2,0.0,0.0774074074074074,0.0,0.33666666666666667,optimal
2021-02-08 21:00:00,18,2,0.0,0.23222222222222222,0.0,0.3058666666666667,optimal
2021-02-08 21:30:00,18,2,0.0,0.1548148148148148,0.0,0.4686666666666667,optimal
2021-02-08 22:00:00,18,2,0.0,0.387037037037037,0.0,0.5581333333333334,optimal
2021-02-08 22:30:00,18,2,0.0,0.23222222222222222,0.0,0.5013333333333333,optimal
2021-02-08 23:00:00,18,2,0.0,0.387037037037037,0.0,0.5329333333333333,optimal
2021-02-08 23:30:00,18,2,0.0,0.23222222222222222,0.0,0.35096666666666665,optimal
2021-02-09 00:00:00,18,2,0.0,0.0,0.0,0.0864,optimal
2021-02-09 00:30:00,18,2,0.0,0.0,0.0,0.18580000000000002,optimal
2021-02-09 01:00:00,18,2,0.0,0.0,0.0,0.135,optimal
2021-02-09 01:30:00,18,2,0.7029710781657191,0.0,0.0,0.2666,optimal
2021-02-09 02:00:00,18,2,1.1428571428571428,0.0,0.0,0.1006,optimal
2021-02-09 02:30:00,18,2,1.1428571428571428,0.0,0.0,0.058,optimal
2021-02-09 03:00:00,18,2,1.1428571428571428,0.0,0.0,0.30219999999999997,optimal
2021-02-09 03:30:00,18,2,1.1428571428571428,0.0,0.0,0.14133333333333334,optimal
2021-02-09 04:00:00,18,2,1.1428571428571428,0.0774074074074074,0.0,0.09273333333333332,optimal
2021-02-09 04:30:00,18,2,1.1428571428571428,0.0,0.0,0.115,optimal
2021-02-09 05:00:00,18,2,1.1428571428571428,0.0,0.0,0.161,optimal
2021-02-09 05:30:00,18,2,1.1428571428571428,0.0,0.0,0.2782,optimal
2021-02-09 06:00:00,18,2,1.1428571428571428,0.0,0.0,0.062,optimal
2021-02-09 06:30:00,18,2,1.1428571428571428,0.23222222222222222,0.6494067541288473,0.134,optimal
2021-02-09 07:00:00,18,2,1.1428571428571428,0.0,10.0,0.2382,optimal
2021-02-09 07:30:00,18,2,1.1428571428571428,0.6966666666666667,0.0,0.185,optimal
2021-02-09 08:00:00,18,2,0.6840170944763462,0.1548148148148148,0.0,0.6328666666666667,optimal
2021-02-09 08:30:00,18,2,0.7950096049876272,0.0,0.0,0.22419999999999998,optimal
2021-02-09 09:00:00,18,2,0.7320566517777741,0.0,0.0,0.22,optimal
2021-02-09 09:30:00,18,2,0.756936910895563,0.0,0.0,0.088,optimal
2021-02-09 10:00:00,18,2,0.6304284596701438,0.0,0.0,0.14,optimal
2021-02-09 10:30:00,18,2,0.6159620089349737,0.0,0.0,0.15319999999999998,optimal
2021-02-09 11:00:00,18,2,0.3447686870771578,0.3096296296296296,0.0,0.9424333333333331,optimal
2021-02-09 11:30:00,18,2,0.3257153969301227,0.0,0.0,1.4433333333333334,optimal
2021-02-09 12:00:00,18,2,0.24875004193663816,0.23222222222222222,0.0,1.0743,optimal
2021-02-09 12:30:00,18,2,0.2882319035122481,0.0774074074074074,0.0,0.37660000000000005,optimal
2021-02-09 13:00:00,18,2,1.1428571428571428,0.0,0.0,0.08406666666666666,optimal
2021-02-09 13:30:00,18,2,1.1428571428571428,0.23222222222222222,0.0,0.2714,optimal
2021-02-09 14:00:00,18,2,1.1428571428571428,0.0,0.0,0.4368,optimal
2021-02-09 14:30:00,18,2,1.1428571428571428,0.0,0.0,0.45630000000000004,optimal
2021-02-09 15:00:00,18,2,1.1428571428571428,0.0,0.0,1.5704,optimal
2021-02-09 15:30:00,18,2,1.1428571428571428,0.0,0.0,0.7382000000000001,optimal
2021-02-09 16:00:00,18,2,0.0,0.0774074074074074,0.0,0.4646666666666667,optimal
2021-02-09 16:30:00,18,2,0.0,0.0,0.0,0.3862,optimal
2021-02-09 17:00:00,18,2,0.0,0.6192592592592592,0.0,0.4965,optimal
2021-02-09 17:30:00,18,2,0.0,0.387037037037037,0.0,0.5572333333333334,optimal
2021-02-09 18:00:00,18,2,0.0,0.0,0.0,0.3624666666666666,optimal
2021-02-09 18:30:00,18,2,0.0,0.0,0.0,0.387,optimal
2021-02-09 19:00:00,18,2,0.0,2.39962962962963,0.0,0.3654333333333333,optimal
2021-02-09 19:30:00,18,2,0.07674781122818305,0.0,0.0,0.36723333333333336,optimal
2021-02-09 20:00:00,18,2,0.43911103550932284,0.23222222222222222,0.0,0.8125666666666668,optimal
2021-02-09 20:30:00,18,2,0.0,0.3096296296296296,0.0,0.21316666666666662,optimal
2021-02-09 21:00:00,18,2,0.0,0.1548148148148148,0.0,0.2474333333333333,optimal
2021-02-09 21:30:00,18,2,0.0,0.1548148148148148,0.0,0.46636666666666665,optimal
2021-02-09 22:00:00,18,2,0.0,0.23222222222222222,0.0,0.204,optimal
2021-02-09 22:30:00,18,2,0.0,0.0,0.0,0.5429666666666667,optimal
2021-02-09 23:00:00,18,2,0.0,0.46444444444444444,0.0,0.3099666666666666,optimal
2021-02-09 23:30:00,18,2,0.0,0.0,0.0,0.6731,optimal
2021-02-10 00:00:00,18,2,0.0,0.0774074074074074,0.0,0.051,optimal
2021-02-10 00:30:00,18,2,0.0,0.0,0.0,0.062200000000000005,optimal
2021-02-10 01:00:00,18,2,0.0,0.0,0.0,0.163,optimal
2021-02-10 01:30:00,18,2,0.2334996749710594,0.0,0.0,0.19046666666666667,optimal
2021-02-10 02:00:00,18,2,1.1428571428571428,0.0,0.0,0.1205,optimal
2021-02-10 02:30:00,18,2,1.1428571428571428,0.0,0.0,0.22103333333333333,optimal
2021-02-10 03:00:00,18,2,1.1428571428571428,0.0,0.0,0.2454,optimal
2021-02-10 03:30:00,18,2,1.1428571428571428,0.0,0.0,0.28876666666666667,optimal
2021-02-10 04:00:00,18,2,1.1428571428571428,0.0774074074074074,0.0,0.24516666666666662,optimal
2021-02-10 04:30:00,18,2,1.1428571428571428,0.23222222222222222,0.0,0.3867333333333334,optimal
2021-02-10 05:00:00,18,2,1.1428571428571428,2.39962962962963,0.0,0.062200000000000005,optimal
2021-02-10 05:30:00,18,2,1.1428571428571428,6.811851851851851,0.0,0.1756,optimal
2021-02-10 06:00:00,18,2,1.1428571428571428,1.9351851851851851,0.0,0.1138,optimal
2021-02-10 06:30:00,18,2,1.1428571428571428,5.882962962962964,0.0,0.097,optimal
2021-02-10 07:00:00,18,2,1.1428571428571428,0.0,9.084821093791236,0.2766,optimal
2021-02-10 07:30:00,18,2,1.1428571428571428,5.882962962962964,0.0,0.3368,optimal
2021-02-10 08:00:00,18,2,0.6994473948301545,0.0,0.0,0.14476666666666668,optimal
2021-02-10 08:30:00,18,2,0.7698247104324907,0.3096296296296296,0.0,0.22333333333333327,optimal
2021-02-10 09:00:00,18,2,0.7816328183312318,0.0,0.0,0.063,optimal
2021-02-10 09:30:00,18,2,0.7730768006002362,0.0,0.0,0.063,optimal
2021-02-10 10:00:00,18,2,0.6601519684136502,0.0,0.0,0.063,optimal
2021-02-10 10:30:00,18,2,0.6281349551154037,0.0,0.0,0.15259999999999999,optimal
2021-02-10 11:00:00,18,2,0.5551765883562306,0.0,0.0,0.13290000000000002,optimal
2021-02-10 11:30:00,18,2,0.5642700080621609,0.0,0.0,0.0861,optimal
2021-02-10 12:00:00,18,2,0.4582405358229815,0.0,0.0,0.1158,optimal
2021-02-10 12:30:00,18,2,0.43624053582297867,0.0,0.0,0.1928,optimal
2021-02-10 13:00:00,18,2,1.1428571428571428,0.1548148148148148,0.0,1.5064666666666666,optimal
2021-02-10 13:30:00,18,2,1.1428571428571428,0.0,0.0,0.42083333333333334,optimal
2021-02-10 14:00:00,18,2,1.1428571428571428,0.1548148148148148,0.0,0.34896666666666665,optimal
2021-02-10 14:30:00,18,2,1.1428571428571428,0.387037037037037,0.0,0.2848,optimal
2021-02-10 15:00:00,18,2,1.1428571428571428,0.0,0.0,0.3272,optimal
2021-02-10 15:30:00,18,2,1.1428571428571428,0.0,0.0,1.4979,optimal
2021-02-10 16:00:00,18,2,0.0,0.0,0.0,0.16156666666666666,optimal
2021-02-10 16:30:00,18,2,0.0,0.0,0.0,0.48669999999999997,optimal
2021-02-10 17:00:00,18,2,0.0,0.3096296296296296,0.0,0.485,optimal
2021-02-10 17:30:00,18,2,0.0,0.0,0.0,0.4764,optimal
2021-02-10 18:00:00,18,2,0.0,0.0774074074074074,0.0,0.11526666666666668,optimal
2021-02-10 18:30:00,18,2,0.0,0.23222222222222222,0.0,0.43573333333333336,optimal
2021-02-10 19:00:00,18,2,0.0,0.23222222222222222,0.0,0.1955,optimal
2021-02-10 19:30:00,18,2,0.4774405946881105,0.0,0.0,0.0683,optimal
2021-02-10 20:00:00,18,2,0.6792258440239918,0.0774074074074074,0.0,0.3367333333333333,optimal
2021-02-10 20:30:00,18,2,0.0,0.3096296296296296,0.0,0.42560000000000003,optimal
2021-02-10 21:00:00,18,2,0.0,0.6192592592592592,0.0,0.32403333333333334,optimal
2021-02-10 21:30:00,18,2,0.0,0.0,0.0,0.5454666666666667,optimal
2021-02-10 22:00:00,18,2,0.0,0.0,0.0,0.4656666666666667,optimal
2021-02-10 22:30:00,18,2,0.0,0.0,0.0,0.2079,optimal
2021-02-10 23:00:00,18,2,0.0,0.0,0.0,0.1177,optimal
2021-02-10 23:30:00,18,2,0.0,0.0,0.0,0.1207,optimal
2021-02-11 00:00:00,18,2,1.1428571428571428,0.0,0.0,0.059,optimal
2021-02-11 00:30:00,18,2,1.1428571428571428,0.0,0.0,0.17233333333333334,optimal
2021-02-11 01:00:00,18,2,1.1428571428571428,0.0,0.0,0.1274,optimal
2021-02-11 01:30:00,18,2,1.1428571428571428,0.0,0.0,0.059,optimal
2021-02-11 02:00:00,18,2,1.1428571428571428,0.0,0.0,0.2369333333333333,optimal
2021-02-11 02:30:00,18,2,1.1428571428571428,0.0,0.0,0.0628,optimal
2021-02-11 03:00:00,18,2,1.1428571428571428,0.0,0.0,0.059,optimal
2021-02-11 03:30:00,18,2,1.1428571428571428,0.0,0.0,0.17246666666666666,optimal
2021-02-11 04:00:00,18,2,1.1428571428571428,0.0,0.0,0.12726666666666667,optimal
2021-02-11 04:30:00,18,2,1.1428571428571428,0.0,0.0,0.059,optimal
2021-02-11 05:00:00,18,2,1.1428571428571428,0.0,0.0,0.22933333333333328,optimal
2021-02-11 05:30:00,18,2,1.1428571428571428,0.0,0.0,0.0704,optimal
2021-02-11 06:00:00,18,2,1.1428571428571428,0.0,5.493394037105071,0.8625666666666667,optimal
2021-02-11 06:30:00,18,2,1.1428571428571428,0.1548148148148148,10.0,1.4743666666666666,optimal
2021-02-11 07:00:00,18,2,1.1428571428571428,0.9288888888888889,0.0,0.058,optimal
2021-02-11 07:30:00,18,2,1.1428571428571428,2.9532530148578786,0.0,0.08726666666666666,optimal
2021-02-11 08:00:00,18,2,0.7621925036986305,0.5016000000000002,0.0,0.2774,optimal
2021-02-11 08:30:00,18,2,0.7558095169968801,5.65074074074074,0.0,0.2987333333333333,optimal
2021-02-11 09:00:00,18,2,0.6656074209035482,0.5418518518518518,0.0,0.204,optimal
2021-02-11 09:30:00,18,2,0.508144084146602,0.1548148148148148,0.0,2.2448,optimal
2021-02-11 10:00:00,18,2,0.12450893310781327,0.3096296296296296,0.0,1.7180666666666666,optimal
2021-02-11 10:30:00,18,2,0.35093889106271503,0.0,0.0,2.4244666666666665,optimal
2021-02-11 11:00:00,18,2,0.31046837079555817,0.0774074074074074,0.0,2.0779666666666667,optimal
2021-02-11 11:30:00,18,2,0.39283854239955046,0.0,0.0,0.5180333333333333,optimal
2021-02-11 12:00:00,18,2,0.4367638903262368,0.0,0.0,0.069,optimal
2021-02-11 12:30:00,18,2,0.9234898056861373,0.9288888888888889,0.0,0.206,optimal
2021-02-11 13:00:00,18,2,1.1428571428571428,0.0,0.0,0.15146666666666667,optimal
2021-02-11 13:30:00,18,2,1.1428571428571428,0.0,0.0,0.17666666666666667,optimal
2021-02-11 14:00:00,18,2,1.1428571428571428,0.0,0.0,0.07466666666666667,optimal
2021-02-11 14:30:00,18,2,1.1428571428571428,0.0,0.0,0.16,optimal
2021-02-11 15:00:00,18,2,1.1428571428571428,0.0,0.0,0.1597333333333333,optimal
2021-02-11 15:30:00,18,2,1.1428571428571428,0.0,0.0,0.1222,optimal
2021-02-11 16:00:00,18,2,0.0,0.0,0.0,0.0842,optimal
2021-02-11 16:30:00,18,2,0.0,0.0,0.0,0.22413333333333332,optimal
2021-02-11 17:00:00,18,2,0.0,0.9288888888888889,0.0,2.0377666666666667,optimal
2021-02-11 17:30:00,18,2,0.0,0.1548148148148148,0.0,0.9319666666666668,optimal
2021-02-11 18:00:00,18,2,0.0,0.23222222222222222,0.0,3.0586666666666664,optimal
2021-02-11 18:30:00,18,2,0.0,0.23222222222222222,0.0,0.25653333333333334,optimal
2021-02-11 19:00:00,18,2,0.0,0.0,0.0,2.0420333333333334,optimal
2021-02-11 19:30:00,18,2,0.7886128675930637,0.0,0.0,0.46216666666666667,optimal
2021-02-11 20:00:00,18,2,0.8898759861361123,0.0774074074074074,0.0,0.1029,optimal
2021-02-11 20:30:00,18,2,0.0,0.1548148148148148,0.0,0.5752666666666667,optimal
2021-02-11 21:00:00,18,2,0.0,0.0,0.0,1.8002333333333331,optimal
2021-02-11 21:30:00,18,2,0.0,0.0,0.0,1.9861,optimal
2021-02-11 22:00:00,18,2,0.0,0.0,0.0,0.8603,optimal
2021-02-11 22:30:00,18,2,0.0,0.0,0.0,0.09166666666666669,optimal
2021-02-11 23:00:00,18,2,0.0,0.0,0.0,0.15966666666666665,optimal
2021-02-11 23:30:00,18,2,0.0,0.0,0.0,0.1374,optimal
2021-02-12 00:00:00,18,2,1.1428571428571428,0.0,0.0,0.048,optimal
2021-02-12 00:30:00,18,2,1.1428571428571428,0.0,0.0,0.048,optimal
2021-02-12 01:00:00,18,2,1.1428571428571428,0.0,0.0,0.048,optimal
2021-02-12 01:30:00,18,2,1.1428571428571428,0.0,0.0,0.048,optimal
2021-02-12 02:00:00,18,2,1.1428571428571428,0.0,0.0,0.048,optimal
2021-02-12 02:30:00,18,2,1.1428571428571428,0.0,0.0,0.048,optimal
2021-02-12 03:00:00,18,2,1.1428571428571428,0.0,0.0,0.048,optimal
2021-02-12 03:30:00,18,2,1.1428571428571428,0.0,0.0,0.048,optimal
2021-02-12 04:00:00,18,2,1.1428571428571428,0.0,0.0,0.048,optimal
2021-02-12 04:30:00,18,2,1.1428571428571428,0.0,0.0,0.048,optimal
2021-02-12 05:00:00,18,2,1.1428571428571428,0.0,0.0,0.048,optimal
2021-02-12 05:30:00,18,2,1.1428571428571428,0.0,0.0,0.048,optimal
2021-02-12 06:00:00,18,2,1.1428571428571428,0.0,0.0,0.048,optimal
2021-02-12 06:30:00,18,2,1.1428571428571428,0.23222222222222222,0.0,0.0868,optimal
2021-02-12 07:00:00,18,2,1.1428571428571428,0.23222222222222222,8.350238367657784,0.202,optimal
2021-02-12 07:30:00,18,2,1.1428571428571428,7.183390577444555,0.0,1.002,optimal
2021-02-12 08:00:00,18,2,0.595250514846544,0.0,0.0,1.5634000000000001,optimal
2021-02-12 08:30:00,18,2,0.845684627815635,0.23222222222222222,0.0,0.2121333333333333,optimal
2021-02-12 09:00:00,18,2,0.7340831671508561,0.0,0.0,1.3292,optimal
2021-02-12 09:30:00,18,2,0.6273593530622313,0.0,0.0,0.8239666666666667,optimal
2021-02-12 10:00:00,18,2,0.5140395103191856,0.0,0.0,0.286,optimal
2021-02-12 10:30:00,18,2,0.5405693796190875,0.0774074074074074,0.0,0.2538,optimal
2021-02-12 11:00:00,18,2,0.49823193437655905,0.0,0.0,0.21869999999999998,optimal
2021-02-12 11:30:00,18,2,0.5054472156580959,0.0,0.0,0.049,optimal
2021-02-12 12:00:00,18,2,0.46777840204897647,0.0,0.0,0.048,optimal
2021-02-12 12:30:00,18,2,0.695322462111057,0.0,0.0,0.048,optimal
2021-02-12 13:00:00,18,2,1.1428571428571428,0.0,0.0,0.164,optimal
2021-02-12 13:30:00,18,2,1.1428571428571428,0.0,0.0,0.2139333333333333,optimal
2021-02-12 14:00:00,18,2,1.1428571428571428,0.23222222222222222,0.0,0.1921,optimal
2021-02-12 14:30:00,18,2,1.1428571428571428,0.6192592592592592,0.0,0.215,optimal
2021-02-12 15:00:00,18,2,1.1428571428571428,0.0,0.0,0.05166666666666666,optimal
2021-02-12 15:30:00,18,2,1.1428571428571428,0.0,0.0,0.16519999999999999,optimal
2021-02-12 16:00:00,18,2,0.0,0.1548148148148148,0.0,0.2862,optimal
2021-02-12 16:30:00,18,2,0.0,0.0,0.0,0.326,optimal
2021-02-12 17:00:00,18,2,0.0,0.0,0.0,0.326,optimal
2021-02-12 17:30:00,18,2,0.0,0.0,0.0,0.3017333333333333,optimal
2021-02-12 18:00:00,18,2,0.0,0.3096296296296296,0.0,0.2162333333333333,optimal
2021-02-12 18:30:00,18,2,0.0,1.9351851851851851,0.0,0.22240000000000001,optimal
2021-02-12 19:00:00,18,2,0.0,0.0774074074074074,0.0,0.46326666666666666,optimal
2021-02-12 19:30:00,18,2,0.667942379990565,0.1548148148148148,0.0,0.259,optimal
2021-02-12 20:00:00,18,2,0.6947251507608246,0.0,0.0,0.24973333333333328,optimal
2021-02-12 20:30:00,18,2,0.0,0.0,0.0,0.347,optimal
2021-02-12 21:00:00,18,2,0.0,0.0,0.0,0.23113333333333333,optimal
2021-02-12 21:30:00,18,2,0.0,0.0,0.0,0.2058,optimal
2021-02-12 22:00:00,18,2,0.0,0.0,0.0,0.225,optimal
2021-02-12 22:30:00,18,2,0.0,0.0,0.0,0.21619999999999998,optimal
2021-02-12 23:00:00,18,2,0.0,0.23222222222222222,0.0,0.33193333333333336,optimal
2021-02-12 23:30:00,18,2,0.0,1.2385185185185184,0.0,0.3608,optimal
2021-02-13 00:00:00,18,2,0.0,0.0,0.0,0.102,optimal
2021-02-13 00:30:00,18,2,0.4267105674481665,0.0,0.0,0.12733333333333333,optimal
2021-02-13 01:00:00,18,2,1.1428571428571428,0.0,0.0,0.09306666666666666,optimal
2021-02-13 01:30:00,18,2,1.1428571428571428,0.0,0.0,0.19806666666666664,optimal
2021-02-13 02:00:00,18,2,1.1428571428571428,0.0,0.0,0.045,optimal
2021-02-13 02:30:00,18,2,1.1428571428571428,0.0,0.0,0.10679999999999999,optimal
2021-02-13 03:00:00,18,2,1.1428571428571428,0.0,0.0,0.1843333333333333,optimal
2021-02-13 03:30:00,18,2,1.1428571428571428,0.0,0.0,0.10679999999999999,optimal
2021-02-13 04:00:00,18,2,1.1428571428571428,0.0,0.0,0.058733333333333325,optimal
2021-02-13 04:30:00,18,2,1.1428571428571428,0.0,0.0,0.2324,optimal
2021-02-13 05:00:00,18,2,1.1428571428571428,0.0,0.0,0.045,optimal
2021-02-13 05:30:00,18,2,1.1428571428571428,0.0,0.0,0.10679999999999999,optimal
2021-02-13 06:00:00,18,2,1.1428571428571428,0.0,0.0,0.045,optimal
2021-02-13 06:30:00,18,2,1.1428571428571428,0.0,6.428830036954549,0.10679999999999999,optimal
2021-02-13 07:00:00,18,2,1.1428571428571428,0.0,10.0,0.18466666666666662,optimal
2021-02-13 07:30:00,18,2,1.1428571428571428,0.46444444444444444,0.0,0.10516666666666669,optimal
2021-02-13 08:00:00,18,2,0.7107498170185639,2.012592592592592,0.0,0.1713,optimal
2021-02-13 08:30:00,18,2,0.7217917649667661,0.9288888888888889,0.0,0.06833333333333333,optimal
2021-02-13 09:00:00,18,2,0.6369914456441345,0.6966666666666667,0.0,0.11113333333333333,optimal
2021-02-13 09:30:00,18,2,0.49335737586133804,0.23222222222222222,0.0,1.715733333333333,optimal
2021-02-13 10:00:00,18,2,0.5077274856488634,5.186296296296297,0.0,0.4264333333333333,optimal
2021-02-13 10:30:00,18,2,0.3599256240732528,0.46444444444444444,0.0,1.7819333333333334,optimal
2021-02-13 11:00:00,18,2,0.3807763708131238,0.3096296296296296,0.0,0.5189333333333332,optimal
2021-02-13 11:30:00,18,2,0.470820223523229,1.8577777777777778,0.0,0.2757333333333333,optimal
2021-02-13 12:00:00,18,2,0.6588409705737395,0.0,0.0,0.4412,optimal
2021-02-13 12:30:00,18,2,1.1428571428571428,0.1548148148148148,0.0,2.5439666666666665,optimal
2021-02-13 13:00:00,18,2,1.1428571428571428,0.0,0.0,2.3509333333333333,optimal
2021-02-13 13:30:00,18,2,1.1428571428571428,0.0,0.0,0.055,optimal
2021-02-13 14:00:00,18,2,1.1428571428571428,0.0,0.0,0.19433333333333327,optimal
2021-02-13 14:30:00,18,2,1.1428571428571428,0.0,0.0,0.055,optimal
2021-02-13 15:00:00,18,2,1.1428571428571428,0.0,0.0,0.18166666666666662,optimal
2021-02-13 15:30:00,18,2,1.1428571428571428,0.0,0.0,0.12946666666666667,optimal
2021-02-13 16:00:00,18,2,0.0,0.0,0.0,0.068,optimal
2021-02-13 16:30:00,18,2,0.0,0.0,0.0,0.2917,optimal
2021-02-13 17:00:00,18,2,0.0,0.0,0.0,0.1961,optimal
2021-02-13 17:30:00,18,2,0.0,0.0,0.0,0.2658666666666667,optimal
2021-02-13 18:00:00,18,2,0.0,0.23222222222222222,0.0,0.4261333333333333,optimal
2021-02-13 18:30:00,18,2,0.0,0.0774074074074074,0.0,1.2542666666666669,optimal
2021-02-13 19:00:00,18,2,0.0,0.0,0.0,0.36826666666666663,optimal
2021-02-13 19:30:00,18,2,0.6175309514191374,0.387037037037037,0.0,0.3226666666666667,optimal
2021-02-13 20:00:00,18,2,0.6384680079036836,0.23222222222222222,0.0,0.18046666666666666,optimal
2021-02-13 20:30:00,18,2,0.0,0.0,0.0,0.10866666666666669,optimal
2021-02-13 21:00:00,18,2,0.0,0.23222222222222222,0.0,0.24580000000000002,optimal
2021-02-13 21:30:00,18,2,0.0,0.0,0.0,0.45326666666666665,optimal
2021-02-13 22:00:00,18,2,0.0,0.23222222222222222,0.0,0.12966666666666665,optimal
2021-02-13 22:30:00,18,2,0.0,0.23222222222222222,0.0,0.18106666666666663,optimal
2021-02-13 23:00:00,18,2,0.0,0.0,0.0,0.38160000000000005,optimal
2021-02-13 23:30:00,18,2,0.0,0.0,0.0,0.06966666666666667,optimal
2021-02-07 00:00:00,19,2,0.0,0.0,0.0,0.10706666666666666,optimal
2021-02-07 00:30:00,19,2,0.0,0.23222222222222222,0.0,0.04986666666666667,optimal
2021-02-07 01:00:00,19,2,0.0,0.1548148148148148,0.0,0.108,optimal
2021-02-07 01:30:00,19,2,0.0,0.0,0.0,0.10706666666666666,optimal
2021-02-07 02:00:00,19,2,0.0,0.0,0.0,0.05053333333333333,optimal
2021-02-07 02:30:00,19,2,0.0,0.0,0.0,0.047,optimal
2021-02-07 03:00:00,19,2,0.0,0.0,0.0,0.05406666666666667,optimal
2021-02-07 03:30:00,19,2,0.0,0.0,0.0,0.10353333333333331,optimal
2021-02-07 04:00:00,19,2,1.1428571428571428,0.0,0.0,0.047,optimal
2021-02-07 04:30:00,19,2,1.1428571428571428,0.0,0.0,0.11059999999999999,optimal
2021-02-07 05:00:00,19,2,1.1428571428571428,0.0,0.0,0.049,optimal
2021-02-07 05:30:00,19,2,1.1428571428571428,0.0,0.0,0.1206,optimal
2021-02-07 06:00:00,19,2,1.1428571428571428,0.0,0.0,0.055,optimal
2021-02-07 06:30:00,19,2,1.1428571428571428,0.0,0.0,0.11059999999999999,optimal
2021-02-07 07:00:00,19,2,1.1428571428571428,2.012592592592592,1.7076336144509696,0.08833333333333333,optimal
2021-02-07 07:30:00,19,2,0.0,0.1548148148148148,0.0,0.3825,optimal
2021-02-07 08:00:00,19,2,0.12035144589279041,0.3096296296296296,0.0,0.1512666666666667,optimal
2021-02-07 08:30:00,19,2,0.5883497785418877,0.0774074074074074,0.0,0.2657,optimal
2021-02-07 09:00:00,19,2,0.6315645184302658,0.0,0.0,0.0768,optimal
2021-02-07 09:30:00,19,2,0.6239588473308462,0.0774074074074074,0.0,0.0852,optimal
2021-02-07 10:00:00,19,2,0.5603139087868748,0.0774074074074074,0.0,0.1118,optimal
2021-02-07 10:30:00,19,2,0.5635062033666612,0.0,0.0,0.1076,optimal
2021-02-07 11:00:00,19,2,0.48292048361923645,0.2740222222222222,0.0,0.2531,optimal
2021-02-07 11:30:00,19,2,0.487979531238283,0.2678296296296296,0.0,0.39836666666666665,optimal
2021-02-07 12:00:00,19,2,1.06927241134303,0.0,0.0,0.047,optimal
2021-02-07 12:30:00,19,2,1.1428571428571428,0.0,0.0,0.05606666666666667,optimal
2021-02-07 13:00:00,19,2,1.1428571428571428,0.0,0.0,0.11353333333333332,optimal
2021-02-07 13:30:00,19,2,1.1428571428571428,0.0,0.0,0.055,optimal
2021-02-07 14:00:00,19,2,1.1428571428571428,0.0,0.0,0.11059999999999999,optimal
2021-02-07 14:30:00,19,2,1.1428571428571428,0.0,0.0,0.048,optimal
2021-02-07 15:00:00,19,2,1.1428571428571428,0.0,0.0,0.1206,optimal
2021-02-07 15:30:00,19,2,1.1428571428571428,0.0,0.0,2.5308,optimal
2021-02-07 16:00:00,19,2,0.0,0.0,0.0,0.4568,optimal
2021-02-07 16:30:00,19,2,0.0,0.0,0.0,0.18746666666666667,optimal
2021-02-07 17:00:00,19,2,0.0,0.1548148148148148,0.0,0.3373333333333333,optimal
2021-02-07 17:30:00,19,2,0.0,0.0,0.0,0.2796,optimal
2021-02-07 18:00:00,19,2,0.0,0.0,0.0,0.10446666666666668,optimal
2021-02-07 18:30:00,19,2,0.0,0.46444444444444444,0.0,0.1418,optimal
2021-02-07 19:00:00,19,2,0.0,0.0,0.0,0.2767333333333333,optimal
2021-02-07 19:30:00,19,2,0.657228003338879,0.0,0.0,0.2755,optimal
2021-02-07 20:00:00,19,2,0.7728756223864899,0.0,0.0,0.057,optimal
2021-02-07 20:30:00,19,2,0.0,0.0,0.0,0.11706666666666667,optimal
2021-02-07 21:00:00,19,2,0.0,0.0,0.0,0.060533333333333335,optimal
2021-02-07 21:30:00,19,2,0.0,0.0,0.0,0.17176666666666668,optimal
2021-02-07 22:00:00,19,2,0.0,0.0,0.0,0.3206666666666667,optimal
2021-02-07 22:30:00,19,2,0.0,0.0,0.0,0.057,optimal
2021-02-07 23:00:00,19,2,0.0,0.0,0.0,0.057,optimal
2021-02-07 23:30:00,19,2,0.0,0.0,0.0,0.1206,optimal
2021-02-08 00:00:00,19,2,0.0,0.0,0.0,0.062,optimal
2021-02-08 00:30:00,19,2,0.0,0.0,0.0,0.11746666666666668,optimal
2021-02-08 01:00:00,19,2,0.6123824933204806,0.0,0.0,0.1276,optimal
2021-02-08 01:30:00,19,2,1.1428571428571428,0.0,0.0,0.15506666666666666,optimal
2021-02-08 02:00:00,19,2,1.1428571428571428,0.0,0.0,0.07933333333333333,optimal
2021-02-08 02:30:00,19,2,1.1428571428571428,0.0,0.0,0.16866666666666666,optimal
2021-02-08 03:00:00,19,2,1.1428571428571428,0.0,0.0,0.062,optimal
2021-02-08 03:30:00,19,2,1.1428571428571428,0.0,0.0,0.08626666666666667,optimal
2021-02-08 04:00:00,19,2,1.1428571428571428,0.0,0.0,0.10013333333333334,optimal
2021-02-08 04:30:00,19,2,1.1428571428571428,0.0,0.0,0.062,optimal
2021-02-08 05:00:00,19,2,1.1428571428571428,0.0,0.0,0.16866666666666666,optimal
2021-02-08 05:30:00,19,2,1.1428571428571428,0.0,0.0,0.062,optimal
2021-02-08 06:00:00,19,2,1.1428571428571428,0.0,0.0,0.12506666666666666,optimal
2021-02-08 06:30:00,19,2,1.1428571428571428,0.0,6.1861100621911795,0.072,optimal
2021-02-08 07:00:00,19,2,1.1428571428571428,0.0,10.0,0.13373333333333332,optimal
2021-02-08 07:30:00,19,2,1.1428571428571428,0.387037037037037,0.0,0.0628,optimal
2021-02-08 08:00:00,19,2,0.616981681353518,0.8514814814814814,0.0,0.1719,optimal
2021-02-08 08:30:00,19,2,0.5966596902190129,0.3096296296296296,0.0,0.336,optimal
2021-02-08 09:00:00,19,2,0.6098414198654898,0.0,0.0,0.2874333333333333,optimal
2021-02-08 09:30:00,19,2,0.5906053589481919,0.3096296296296296,0.0,0.3054,optimal
2021-02-08 10:00:00,19,2,0.5115407959124584,0.0,0.0,0.28833333333333333,optimal
2021-02-08 10:30:00,19,2,0.5282054282583255,0.0,0.0,0.2998,optimal
2021-02-08 11:00:00,19,2,0.4503734574472787,0.5418518518518518,0.0,0.2512666666666667,optimal
2021-02-08 11:30:00,19,2,0.4419335438198799,0.2740222222222222,0.0,0.28983333333333333,optimal
2021-02-08 12:00:00,19,2,0.46988521681685913,0.035607407407407414,0.0,0.2103333333333333,optimal
2021-02-08 12:30:00,19,2,0.5010244371810971,0.0,0.0,0.12440000000000001,optimal
2021-02-08 13:00:00,19,2,1.1428571428571428,0.0774074074074074,0.0,0.331,optimal
2021-02-08 13:30:00,19,2,1.1428571428571428,0.0,0.0,0.18066666666666664,optimal
2021-02-08 14:00:00,19,2,1.1428571428571428,0.0,0.0,0.4353333333333333,optimal
2021-02-08 14:30:00,19,2,1.1428571428571428,0.0,0.0,0.10633333333333331,optimal
2021-02-08 15:00:00,19,2,1.1428571428571428,0.0,0.0,0.11706666666666667,optimal
2021-02-08 15:30:00,19,2,1.1428571428571428,0.0,0.0,0.2833333333333333,optimal
2021-02-08 16:00:00,19,2,0.0,0.23222222222222222,0.0,0.1539,optimal
2021-02-08 16:30:00,19,2,0.0,0.0,0.0,0.14196666666666666,optimal
2021-02-08 17:00:00,19,2,0.0,0.5418518518518518,0.0,0.22933333333333328,optimal
2021-02-08 17:30:00,19,2,0.0,0.0,0.0,0.363,optimal
2021-02-08 18:00:00,19,2,0.0,0.0,0.0,0.13506666666666667,optimal
2021-02-08 18:30:00,19,2,0.0,0.3096296296296296,0.0,0.19886666666666666,optimal
2021-02-08 19:00:00,19,2,0.0,0.23222222222222222,0.0,0.407,optimal
2021-02-08 19:30:00,19,2,0.35897889962259616,0.3096296296296296,0.0,0.30006666666666665,optimal
2021-02-08 20:00:00,19,2,0.5213772703130128,0.23222222222222222,0.0,0.23556666666666665,optimal
2021-02-08 20:30:00,19,2,0.0,0.23222222222222222,0.0,0.5168333333333334,optimal
2021-02-08 21:00:00,19,2,0.0,0.1548148148148148,0.0,0.48506666666666665,optimal
2021-02-08 21:30:00,19,2,0.0,0.0,0.0,2.436533333333333,optimal
2021-02-08 22:00:00,19,2,0.0,0.3096296296296296,0.0,2.1320666666666668,optimal
2021-02-08 22:30:00,19,2,0.0,0.1548148148148148,0.0,0.43019999999999997,optimal
2021-02-08 23:00:00,19,2,0.0,0.0,0.0,0.16266666666666665,optimal
2021-02-08 23:30:00,19,2,0.0,0.0,0.0,0.072,optimal
2021-02-09 00:00:00,19,2,0.0,0.0,0.0,0.042,optimal
2021-02-09 00:30:00,19,2,0.0,0.0,0.0,0.24956666666666663,optimal
2021-02-09 01:00:00,19,2,0.0,0.0,0.0,0.11056666666666666,optimal
2021-02-09 01:30:00,19,2,0.8586974956381292,0.0,0.0,0.042,optimal
2021-02-09 02:00:00,19,2,1.1428571428571428,0.0,0.0,0.17736666666666667,optimal
2021-02-09 02:30:00,19,2,1.1428571428571428,0.0,0.0,0.1827666666666667,optimal
2021-02-09 03:00:00,19,2,1.1428571428571428,0.0,0.0,0.084,optimal
2021-02-09 03:30:00,19,2,1.1428571428571428,0.0,0.0,0.27613333333333334,optimal
2021-02-09 04:00:00,19,2,1.1428571428571428,0.0,0.0,0.105,optimal
2021-02-09 04:30:00,19,2,1.1428571428571428,0.0,0.0,0.10323333333333332,optimal
2021-02-09 05:00:00,19,2,1.1428571428571428,0.0,0.0,0.15309999999999999,optimal
2021-02-09 05:30:00,19,2,1.1428571428571428,0.0,0.0,0.1458,optimal
2021-02-09 06:00:00,19,2,1.1428571428571428,0.0,0.0,0.042,optimal
2021-02-09 06:30:00,19,2,1.1428571428571428,0.0,7.472765762020761,0.23716666666666664,optimal
2021-02-09 07:00:00,19,2,1.1428571428571428,0.1548148148148148,10.0,0.12229999999999999,optimal
2021-02-09 07:30:00,19,2,1.1428571428571428,0.5418518518518518,0.0,0.04733333333333334,optimal
2021-02-09 08:00:00,19,2,0.6508170944763498,2.4770370370370367,0.0,0.16513333333333333,optimal
2021-02-09 08:30:00,19,2,0.6576477002257203,0.23222222222222222,0.0,0.3351,optimal
2021-02-09 09:00:00,19,2,0.5864566517777736,0.0,0.0,0.43673333333333336,optimal
2021-02-09 09:30:00,19,2,0.6369559585146105,0.0774074074074074,0.0,0.0964,optimal
2021-02-09 10:00:00,19,2,0.3537732215749077,0.0774074074074074,0.0,0.9116333333333332,optimal
2021-02-09 10:30:00,19,2,0.2988572470302058,0.23222222222222222,0.0,3.2914,optimal
2021-02-09 11:00:00,19,2,0.4023496394581167,0.0,0.0,2.3594,optimal
2021-02-09 11:30:00,19,2,0.4878296826444072,0.0,0.0,0.23233333333333328,optimal
2021-02-09 12:00:00,19,2,0.4565119466985375,0.0,0.0,0.11173333333333332,optimal
2021-02-09 12:30:00,19,2,1.0316952668697246,0.0,0.0,0.21613333333333332,optimal
2021-02-09 13:00:00,19,2,1.1428571428571428,0.0,0.0,0.056,optimal
2021-02-09 13:30:00,19,2,1.1428571428571428,0.0,0.0,0.14483333333333334,optimal
2021-02-09 14:00:00,19,2,1.1428571428571428,0.0,0.0,0.21696666666666667,optimal
2021-02-09 14:30:00,19,2,1.1428571428571428,0.0,0.0,0.05653333333333333,optimal
2021-02-09 15:00:00,19,2,1.1428571428571428,0.0,0.0,0.2606,optimal
2021-02-09 15:30:00,19,2,1.1428571428571428,0.0,0.0,0.1045,optimal
2021-02-09 16:00:00,19,2,0.0,0.0,0.0,0.2144,optimal
2021-02-09 16:30:00,19,2,0.0,0.0,0.0,0.11323333333333332,optimal
2021-02-09 17:00:00,19,2,0.0,0.23222222222222222,0.0,0.9547333333333332,optimal
2021-02-09 17:30:00,19,2,0.0,0.0,0.0,0.26403333333333334,optimal
2021-02-09 18:00:00,19,2,0.0,0.0,0.0,0.126,optimal
2021-02-09 18:30:00,19,2,0.0,0.3096296296296296,0.0,0.0757,optimal
2021-02-09 19:00:00,19,2,0.0,0.6966666666666667,0.0,0.28596666666666665,optimal
2021-02-09 19:30:00,19,2,0.6847015116998058,0.387037037037037,0.0,0.0675,optimal
2021-02-09 20:00:00,19,2,0.6198157974140901,0.0,0.0,0.29860000000000003,optimal
2021-02-09 20:30:00,19,2,0.0,0.23222222222222222,0.0,0.4543666666666667,optimal
2021-02-09 21:00:00,19,2,0.0,0.23222222222222222,0.0,0.22633333333333328,optimal
2021-02-09 21:30:00,19,2,0.0,0.0,0.0,0.3343333333333333,optimal
2021-02-09 22:00:00,19,2,0.0,0.0,0.0,0.43546666666666656,optimal
2021-02-09 22:30:00,19,2,0.0,0.0,0.0,0.115,optimal
2021-02-09 23:00:00,19,2,0.0,0.0,0.0,0.27213333333333334,optimal
2021-02-09 23:30:00,19,2,0.0,0.0,0.0,0.108,optimal
2021-02-10 00:00:00,19,2,0.0,0.0,0.0,0.052,optimal
2021-02-10 00:30:00,19,2,0.1661258518685997,0.0,0.0,0.052,optimal
2021-02-10 01:00:00,19,2,1.1428571428571428,0.0,0.0,0.052,optimal
2021-02-10 01:30:00,19,2,1.1428571428571428,0.0,0.0,0.1192,optimal
2021-02-10 02:00:00,19,2,1.1428571428571428,0.0,0.0,0.052,optimal
2021-02-10 02:30:00,19,2,1.1428571428571428,0.0,0.0,0.052,optimal
2021-02-10 03:00:00,19,2,1.1428571428571428,0.0,0.0,0.052,optimal
2021-02-10 03:30:00,19,2,1.1428571428571428,0.0,0.0,0.1192,optimal
2021-02-10 04:00:00,19,2,1.1428571428571428,0.0,0.0,0.052,optimal
2021-02-10 04:30:00,19,2,1.1428571428571428,0.0,0.0,0.052,optimal
2021-02-10 05:00:00,19,2,1.1428571428571428,0.0,0.0,0.1192,optimal
2021-02-10 05:30:00,19,2,1.1428571428571428,0.0,0.0,0.057,optimal
2021-02-10 06:00:00,19,2,1.1428571428571428,0.0,0.0,0.12919999999999998,optimal
2021-02-10 06:30:00,19,2,1.1428571428571428,0.0,5.58880977141655,0.059,optimal
2021-02-10 07:00:00,19,2,1.1428571428571428,0.0,10.0,0.1192,optimal
2021-02-10 07:30:00,19,2,1.1428571428571428,0.0,0.0,0.052,optimal
2021-02-10 08:00:00,19,2,0.7657997757825354,0.0774074074074074,0.0,0.05433333333333334,optimal
2021-02-10 08:30:00,19,2,0.6770018532896339,0.0774074074074074,0.0,0.9902000000000001,optimal
2021-02-10 09:00:00,19,2,0.6292042469026639,3.0962962962962957,0.0,0.10946666666666668,optimal
2021-02-10 09:30:00,19,2,0.49768061012404535,0.0,0.0,0.7492000000000001,optimal
2021-02-10 10:00:00,19,2,0.35320911127080035,0.5418518518518518,0.0,0.918,optimal
2021-02-10 10:30:00,19,2,0.534620669401116,0.0,0.0,0.12786666666666666,optimal
2021-02-10 11:00:00,19,2,0.7817611305719684,0.0,0.0,0.062,optimal
2021-02-10 11:30:00,19,2,1.1428571428571428,0.0,0.0,0.10306666666666667,optimal
2021-02-10 12:00:00,19,2,1.1428571428571428,0.0,0.0,0.08813333333333334,optimal
2021-02-10 12:30:00,19,2,1.1428571428571428,0.0,0.0,0.118,optimal
2021-02-10 13:00:00,19,2,1.1428571428571428,0.0,0.0,0.0732,optimal
2021-02-10 13:30:00,19,2,1.1428571428571428,0.0,0.0,0.062,optimal
2021-02-10 14:00:00,19,2,1.1428571428571428,0.0,0.0,0.12919999999999998,optimal
2021-02-10 14:30:00,19,2,1.1428571428571428,0.0,0.0,0.062,optimal
2021-02-10 15:00:00,19,2,1.1428571428571428,0.0,0.0,0.062,optimal
2021-02-10 15:30:00,19,2,1.1428571428571428,0.0,0.0,0.062,optimal
2021-02-10 16:00:00,19,2,0.0,0.0,0.0,0.062,optimal
2021-02-10 16:30:00,19,2,0.0,0.0,0.0,0.062,optimal
2021-02-10 17:00:00,19,2,0.0,0.0,0.0,0.12919999999999998,optimal
2021-02-10 17:30:00,19,2,0.0,0.0,0.0,0.062,optimal
2021-02-10 18:00:00,19,2,0.0,0.0,0.0,0.12919999999999998,optimal
2021-02-10 18:30:00,19,2,0.0,0.0,0.0,0.062,optimal
2021-02-10 19:00:00,19,2,0.0,0.0,0.0,0.12853333333333333,optimal
2021-02-10 19:30:00,19,2,0.7833174885269094,0.0,0.0,0.9778,optimal
2021-02-10 20:00:00,19,2,0.7895401297382817,0.1548148148148148,0.0,0.13026666666666667,optimal
2021-02-10 20:30:00,19,2,0.0,0.0,0.0,0.1272,optimal
2021-02-10 21:00:00,19,2,0.0,0.0,0.0,0.068,optimal
2021-02-10 21:30:00,19,2,0.0,0.0,0.0,0.11133333333333331,optimal
2021-02-10 22:00:00,19,2,0.0,0.0,0.0,0.18786666666666668,optimal
2021-02-10 22:30:00,19,2,0.0,0.387037037037037,0.0,0.07,optimal
2021-02-10 23:00:00,19,2,0.0,0.0,0.0,0.1297333333333333,optimal
2021-02-10 23:30:00,19,2,0.0,0.0,0.0,0.07013333333333334,optimal
2021-02-11 00:00:00,19,2,1.124833834727644,0.0,0.0,0.055,optimal
2021-02-11 00:30:00,19,2,1.1428571428571428,0.0,0.0,0.12713333333333335,optimal
2021-02-11 01:00:00,19,2,1.1428571428571428,0.0,0.0,0.33593333333333336,optimal
2021-02-11 01:30:00,19,2,1.1428571428571428,0.0,0.0,0.3004,optimal
2021-02-11 02:00:00,19,2,1.1428571428571428,0.0,0.0,0.14623333333333333,optimal
2021-02-11 02:30:00,19,2,1.1428571428571428,0.0,0.0,0.13463333333333333,optimal
2021-02-11 03:00:00,19,2,1.1428571428571428,0.0,0.0,0.08183333333333333,optimal
2021-02-11 03:30:00,19,2,1.1428571428571428,0.0,0.0,0.1814333333333333,optimal
2021-02-11 04:00:00,19,2,1.1428571428571428,0.0,0.0,0.0726,optimal
2021-02-11 04:30:00,19,2,1.1428571428571428,0.0,0.0,0.055,optimal
2021-02-11 05:00:00,19,2,1.1428571428571428,0.0,0.0,0.0872,optimal
2021-02-11 05:30:00,19,2,1.1428571428571428,0.0,0.0,0.14086666666666667,optimal
2021-02-11 06:00:00,19,2,1.1428571428571428,0.0,0.0,0.10486666666666666,optimal
2021-02-11 06:30:00,19,2,1.1428571428571428,0.0,6.283091436256682,0.05793333333333333,optimal
2021-02-11 07:00:00,19,2,1.1428571428571428,0.0,10.0,0.3536,optimal
2021-02-11 07:30:00,19,2,1.1428571428571428,1.470740740740741,0.0,0.2318,optimal
2021-02-11 08:00:00,19,2,0.9467925036986345,0.0,0.0,0.065,optimal
2021-02-11 08:30:00,19,2,0.904390469377835,0.0,0.0,0.23586666666666667,optimal
2021-02-11 09:00:00,19,2,0.8852359923321136,0.0,0.0,0.065,optimal
2021-02-11 09:30:00,19,2,0.8104583698608884,0.0,0.0,0.07966666666666668,optimal
2021-02-11 10:00:00,19,2,0.6110327426316225,0.0,0.0,0.10313333333333334,optimal
2021-02-11 10:30:00,19,2,0.5881484148722331,0.0,0.0,0.22406666666666664,optimal
2021-02-11 11:00:00,19,2,0.48101651862203954,0.0,0.0,1.5686666666666667,optimal
2021-02-11 11:30:00,19,2,1.1428571428571428,0.0,0.0,0.39066666666666666,optimal
2021-02-11 12:00:00,19,2,1.1428571428571428,0.46444444444444444,0.0,0.3789333333333333,optimal
2021-02-11 12:30:00,19,2,1.1428571428571428,0.0,0.0,0.1408,optimal
2021-02-11 13:00:00,19,2,1.1428571428571428,0.0,0.0,0.18306666666666663,optimal
2021-02-11 13:30:00,19,2,1.1428571428571428,0.0,0.0,0.065,optimal
2021-02-11 14:00:00,19,2,1.1428571428571428,0.0,0.0,0.20366666666666663,optimal
2021-02-11 14:30:00,19,2,1.1428571428571428,0.0,0.0,0.09720000000000001,optimal
2021-02-11 15:00:00,19,2,1.1428571428571428,0.0,0.0,0.08646666666666666,optimal
2021-02-11 15:30:00,19,2,1.1428571428571428,0.0,0.0,0.20266666666666663,optimal
2021-02-11 16:00:00,19,2,0.0,0.0,0.0,0.07673333333333333,optimal
2021-02-11 16:30:00,19,2,0.0,0.0,0.0,0.2329333333333333,optimal
2021-02-11 17:00:00,19,2,0.0,0.0,0.0,0.06793333333333333,optimal
2021-02-11 17:30:00,19,2,0.0,0.0,0.0,0.17383333333333334,optimal
2021-02-11 18:00:00,19,2,0.0,0.0,0.0,0.1270333333333333,optimal
2021-02-11 18:30:00,19,2,0.0,0.0,0.0,0.065,optimal
2021-02-11 19:00:00,19,2,0.0,0.0,0.0,0.10013333333333334,optimal
2021-02-11 19:30:00,19,2,0.5470804866406777,0.0,0.0,1.7544000000000002,optimal
2021-02-11 20:00:00,19,2,0.9493712242313447,0.0,0.0,0.36133333333333334,optimal
2021-02-11 20:30:00,19,2,0.0,0.0,0.0,1.7940999999999998,optimal
2021-02-11 21:00:00,19,2,0.0,0.23222222222222222,0.0,0.37796666666666656,optimal
2021-02-11 21:30:00,19,2,0.0,0.0774074074074074,0.0,0.3752,optimal
2021-02-11 22:00:00,19,2,0.0,0.0,0.0,0.2733333333333333,optimal
2021-02-11 22:30:00,19,2,0.0,0.0,0.0,0.11336666666666666,optimal
2021-02-11 23:00:00,19,2,0.0,0.0,0.0,0.16696666666666668,optimal
2021-02-11 23:30:00,19,2,0.0,0.0,0.0,0.065,optimal
2021-02-12 00:00:00,19,2,1.1428571428571428,0.0,0.0,0.058,optimal
2021-02-12 00:30:00,19,2,1.1428571428571428,0.0,0.0,0.1159,optimal
2021-02-12 01:00:00,19,2,1.1428571428571428,0.0,0.0,0.14163333333333333,optimal
2021-02-12 01:30:00,19,2,1.1428571428571428,0.0,0.0,0.058,optimal
2021-02-12 02:00:00,19,2,1.1428571428571428,0.0,0.0,0.19953333333333334,optimal
2021-02-12 02:30:00,19,2,1.1428571428571428,0.0,0.0,0.058,optimal
2021-02-12 03:00:00,19,2,1.1428571428571428,0.0,0.0,0.058,optimal
2021-02-12 03:30:00,19,2,1.1428571428571428,0.0,0.0,0.19953333333333334,optimal
2021-02-12 04:00:00,19,2,1.1428571428571428,0.0,0.0,0.058,optimal
2021-02-12 04:30:00,19,2,1.1428571428571428,0.0,0.0,0.1545,optimal
2021-02-12 05:00:00,19,2,1.1428571428571428,0.0,0.0,0.10303333333333332,optimal
2021-02-12 05:30:00,19,2,1.1428571428571428,0.0,0.0,0.058,optimal
2021-02-12 06:00:00,19,2,1.1428571428571428,0.0,0.0,0.14806666666666665,optimal
2021-02-12 06:30:00,19,2,1.1428571428571428,0.0,0.0,0.11746666666666668,optimal
2021-02-12 07:00:00,19,2,1.1428571428571428,0.0,6.713788089153384,0.065,optimal
2021-02-12 07:30:00,19,2,1.1428571428571428,8.183971042556845,0.0,0.1802333333333333,optimal
2021-02-12 08:00:00,19,2,0.9440143243703433,0.0,0.0,0.0773,optimal
2021-02-12 08:30:00,19,2,0.9507322468632585,0.0,0.0,0.0884,optimal
2021-02-12 09:00:00,19,2,0.8547231671508595,0.0,0.0,0.17913333333333334,optimal
2021-02-12 09:30:00,19,2,0.7936926863955678,0.0,0.0,0.058,optimal
2021-02-12 10:00:00,19,2,0.45645855793823864,0.46444444444444444,0.0,0.19753333333333334,optimal
2021-02-12 10:30:00,19,2,0.4247084272381406,0.0774074074074074,0.0,0.056,optimal
2021-02-12 11:00:00,19,2,0.27920526770989357,0.387037037037037,0.0,0.3889333333333333,optimal
2021-02-12 11:30:00,19,2,0.3703805489914283,0.0,0.0,0.1361,optimal
2021-02-12 12:00:00,19,2,0.23724506871563913,0.0,0.0,0.33196666666666663,optimal
2021-02-12 12:30:00,19,2,0.9938740524575769,0.0,0.0,0.21953333333333333,optimal
2021-02-12 13:00:00,19,2,1.1428571428571428,0.387037037037037,0.0,0.12066666666666669,optimal
2021-02-12 13:30:00,19,2,1.1428571428571428,0.3096296296296296,0.0,0.20446666666666666,optimal
2021-02-12 14:00:00,19,2,1.1428571428571428,0.0,0.0,0.1811333333333333,optimal
2021-02-12 14:30:00,19,2,1.1428571428571428,0.23222222222222222,0.0,0.09033333333333332,optimal
2021-02-12 15:00:00,19,2,1.1428571428571428,0.0,0.0,0.19953333333333334,optimal
2021-02-12 15:30:00,19,2,1.1428571428571428,0.0,0.0,0.060333333333333336,optimal
2021-02-12 16:00:00,19,2,0.0,0.0,0.0,0.068,optimal
2021-02-12 16:30:00,19,2,0.0,0.0,0.0,0.20153333333333334,optimal
2021-02-12 17:00:00,19,2,0.0,0.0,0.0,0.058,optimal
2021-02-12 17:30:00,19,2,0.0,0.0,0.0,0.4449333333333333,optimal
2021-02-12 18:00:00,19,2,0.0,0.46444444444444444,0.0,0.17646666666666666,optimal
2021-02-12 18:30:00,19,2,0.0,0.1548148148148148,0.0,0.6970666666666667,optimal
2021-02-12 19:00:00,19,2,0.0,0.0,0.0,0.30693333333333334,optimal
2021-02-12 19:30:00,19,2,0.69449476094295,0.0774074074074074,0.0,0.2315,optimal
2021-02-12 20:00:00,19,2,0.5681822936179692,5.263703703703704,0.0,0.6549666666666667,optimal
2021-02-12 20:30:00,19,2,0.0,0.1548148148148148,0.0,0.48153333333333337,optimal
2021-02-12 21:00:00,19,2,0.0,0.0,0.0,0.5169,optimal
2021-02-12 21:30:00,19,2,0.0,0.0,0.0,0.2608666666666667,optimal
2021-02-12 22:00:00,19,2,0.0,0.0,0.0,0.068,optimal
2021-02-12 22:30:00,19,2,0.0,0.0,0.0,0.18380000000000002,optimal
2021-02-12 23:00:00,19,2,0.0,0.0,0.0,0.09373333333333332,optimal
2021-02-12 23:30:00,19,2,0.0,0.0,0.0,0.11746666666666668,optimal
2021-02-13 00:00:00,19,2,0.0,0.0,0.0,0.2521,optimal
2021-02-13 00:30:00,19,2,0.0,0.0,0.0,0.852,optimal
2021-02-13 01:00:00,19,2,0.8515436450798562,0.23222222222222222,0.0,0.5760666666666667,optimal
2021-02-13 01:30:00,19,2,1.1428571428571428,0.0,0.0,0.751,optimal
2021-02-13 02:00:00,19,2,1.1428571428571428,0.0,0.0,0.17606666666666665,optimal
2021-02-13 02:30:00,19,2,1.1428571428571428,0.0,0.0,0.09433333333333331,optimal
2021-02-13 03:00:00,19,2,1.1428571428571428,0.0,0.0,0.11493333333333333,optimal
2021-02-13 03:30:00,19,2,1.1428571428571428,0.0,0.0,0.15613333333333332,optimal
2021-02-13 04:00:00,19,2,1.1428571428571428,0.0,0.0,0.06,optimal
2021-02-13 04:30:00,19,2,1.1428571428571428,0.0,0.0,0.2042,optimal
2021-02-13 05:00:00,19,2,1.1428571428571428,0.0,0.0,0.06686666666666666,optimal
2021-02-13 05:30:00,19,2,1.1428571428571428,0.3096296296296296,0.0,0.12113333333333334,optimal
2021-02-13 06:00:00,19,2,1.1428571428571428,0.0,7.637926220226437,0.6422666666666667,optimal
2021-02-13 06:30:00,19,2,1.1428571428571428,6.502222222222222,10.0,2.9447666666666668,optimal
2021-02-13 07:00:00,19,2,1.1428571428571428,0.23222222222222222,10.0,0.7140666666666667,optimal
2021-02-13 07:30:00,19,2,1.1428571428571428,5.65074074074074,0.0,0.068,optimal
2021-02-13 08:00:00,19,2,0.7228736265423793,0.23222222222222222,0.0,0.23916666666666664,optimal
2021-02-13 08:30:00,19,2,0.7804965268715329,0.1548148148148148,0.0,0.282,optimal
2021-02-13 09:00:00,19,2,0.8255438265965142,0.0,0.0,0.07,optimal
2021-02-13 09:30:00,19,2,0.7716868996708593,0.0,0.0,0.22106666666666663,optimal
2021-02-13 10:00:00,19,2,0.7020055808869622,0.0,0.0,0.07,optimal
2021-02-13 10:30:00,19,2,0.6998665764542075,0.0,0.0,0.07,optimal
2021-02-13 11:00:00,19,2,0.5346525612893147,0.0,0.0,0.22106666666666663,optimal
2021-02-13 11:30:00,19,2,0.7664467835460133,0.0,0.0,0.07,optimal
2021-02-13 12:00:00,19,2,1.1428571428571428,0.0,0.0,0.1936,optimal
2021-02-13 12:30:00,19,2,1.1428571428571428,0.0,0.0,0.09746666666666669,optimal
2021-02-13 13:00:00,19,2,1.1428571428571428,0.0,0.0,0.13866666666666666,optimal
2021-02-13 13:30:00,19,2,1.1428571428571428,0.0,0.0,0.1524,optimal
2021-02-13 14:00:00,19,2,1.1428571428571428,0.0,0.0,0.07,optimal
2021-02-13 14:30:00,19,2,1.1428571428571428,0.0,0.0,0.22106666666666663,optimal
2021-02-13 15:00:00,19,2,1.1428571428571428,0.0,0.0,0.07,optimal
2021-02-13 15:30:00,19,2,1.1428571428571428,0.0,0.0,0.1524,optimal
2021-02-13 16:00:00,19,2,0.0,0.0,0.0,0.13866666666666666,optimal
2021-02-13 16:30:00,19,2,0.0,0.0,0.0,0.07,optimal
2021-02-13 17:00:00,19,2,0.0,0.0,0.0,0.7771,optimal
2021-02-13 17:30:00,19,2,0.0,1.1611111111111108,0.0,0.8126333333333333,optimal
2021-02-13 18:00:00,19,2,0.0,0.0,0.0,0.682,optimal
2021-02-13 18:30:00,19,2,0.0,0.0,0.0,0.9798666666666668,optimal
2021-02-13 19:00:00,19,2,0.0,0.6192592592592592,0.0,0.7682333333333333,optimal
2021-02-13 19:30:00,19,2,0.5412757133238927,0.1548148148148148,0.0,1.1364333333333334,optimal
2021-02-13 20:00:00,19,2,0.5021251507608218,0.0,0.0,1.1618,optimal
2021-02-13 20:30:00,19,2,0.0,0.0,0.0,0.4400333333333334,optimal
2021-02-13 21:00:00,19,2,0.0,0.0,0.0,1.2724666666666666,optimal
2021-02-13 21:30:00,19,2,0.0,0.3096296296296296,0.0,0.9978333333333333,optimal
2021-02-13 22:00:00,19,2,0.0,0.0,0.0,1.5926666666666667,optimal
2021-02-13 22:30:00,19,2,0.0,0.0,0.0,1.4704666666666666,optimal
2021-02-13 23:00:00,19,2,0.0,0.0,0.0,0.9600333333333332,optimal
2021-02-13 23:30:00,19,2,0.0,0.0,0.0,0.13866666666666666,optimal
2021-02-07 00:00:00,20,2,0.0,0.0,0.0,0.07,optimal
2021-02-07 00:30:00,20,2,0.0,0.0,0.0,0.07,optimal
2021-02-07 01:00:00,20,2,0.0,0.0,0.0,0.07,optimal
2021-02-07 01:30:00,20,2,0.0,0.0,0.0,0.20053333333333334,optimal
2021-02-07 02:00:00,20,2,0.0,0.0,0.0,0.07,optimal
2021-02-07 02:30:00,20,2,0.0,0.0,0.0,0.07,optimal
2021-02-07 03:00:00,20,2,0.0,0.0,0.0,0.1768,optimal
2021-02-07 03:30:00,20,2,0.0,0.0,0.0,0.09373333333333332,optimal
2021-02-07 04:00:00,20,2,1.1428571428571428,0.0,0.0,0.11746666666666668,optimal
2021-02-07 04:30:00,20,2,1.1428571428571428,0.0,0.0,0.15306666666666666,optimal
2021-02-07 05:00:00,20,2,1.1428571428571428,0.0,0.0,0.07,optimal
2021-02-07 05:30:00,20,2,1.1428571428571428,0.0,0.0,0.20053333333333334,optimal
2021-02-07 06:00:00,20,2,1.1428571428571428,0.0,0.0,0.07,optimal
2021-02-07 06:30:00,20,2,1.1428571428571428,0.1548148148148148,0.0,0.068,optimal
2021-02-07 07:00:00,20,2,1.1428571428571428,0.5418518518518518,2.317295895793779,0.07986666666666666,optimal
2021-02-07 07:30:00,20,2,0.0,0.3096296296296296,0.0,0.18666666666666662,optimal
2021-02-07 08:00:00,20,2,0.07175330478388872,0.774074074074074,0.0,0.179,optimal
2021-02-07 08:30:00,20,2,0.5486259690180729,0.6966666666666667,0.0,0.2531333333333333,optimal
2021-02-07 09:00:00,20,2,0.4668026136683574,0.3096296296296296,0.0,0.4548333333333333,optimal
2021-02-07 09:30:00,20,2,0.5130540854260888,0.46444444444444444,0.0,0.32613333333333333,optimal
2021-02-07 10:00:00,20,2,0.340475813548784,0.0,0.0,1.0427666666666668,optimal
2021-02-07 10:30:00,20,2,0.39640906050952335,0.0,0.0,0.8747333333333334,optimal
2021-02-07 11:00:00,20,2,0.4044576264763781,0.0,0.0,1.7005666666666666,optimal
2021-02-07 11:30:00,20,2,0.5028442931430404,0.0774074074074074,0.0,0.34806666666666664,optimal
2021-02-07 12:00:00,20,2,0.4753416595944871,0.0,0.0,0.2737,optimal
2021-02-07 12:30:00,20,2,0.3593740405468721,0.3096296296296296,0.0,0.5159333333333332,optimal
2021-02-07 13:00:00,20,2,0.7507900032902707,0.23222222222222222,0.0,1.9024,optimal
2021-02-07 13:30:00,20,2,1.1428571428571428,0.1548148148148148,0.0,2.5802666666666667,optimal
2021-02-07 14:00:00,20,2,1.1428571428571428,0.0,0.0,2.3909000000000002,optimal
2021-02-07 14:30:00,20,2,1.1428571428571428,0.0,0.0,1.4151333333333334,optimal
2021-02-07 15:00:00,20,2,1.1428571428571428,0.0,0.0,1.2716333333333334,optimal
2021-02-07 15:30:00,20,2,1.1428571428571428,0.0,0.0,0.3711333333333333,optimal
2021-02-07 16:00:00,20,2,0.0,0.0,0.0,0.38160000000000005,optimal
2021-02-07 16:30:00,20,2,0.0,0.0,0.0,0.5634666666666667,optimal
2021-02-07 17:00:00,20,2,0.0,0.1548148148148148,0.0,0.35236666666666666,optimal
2021-02-07 17:30:00,20,2,0.0,0.8514814814814814,0.0,1.8243333333333334,optimal
2021-02-07 18:00:00,20,2,0.0,0.0,0.0,2.114233333333333,optimal
2021-02-07 18:30:00,20,2,0.0,0.23222222222222222,0.0,0.4572,optimal
2021-02-07 19:00:00,20,2,0.0,0.0,0.0,1.2437,optimal
2021-02-07 19:30:00,20,2,0.0,0.0,0.0,0.7689333333333332,optimal
2021-02-07 20:00:00,20,2,0.0,0.0,0.0,0.2686,optimal
2021-02-07 20:30:00,20,2,0.0,0.0,0.0,0.3460666666666667,optimal
2021-02-07 21:00:00,20,2,0.0,0.0,0.0,0.40393333333333326,optimal
2021-02-07 21:30:00,20,2,0.0,0.0,0.0,0.22833333333333328,optimal
2021-02-07 22:00:00,20,2,0.0,0.23222222222222222,0.0,0.4375333333333334,optimal
2021-02-07 22:30:00,20,2,0.0,6.889259259259259,0.0,0.3462,optimal
2021-02-07 23:00:00,20,2,0.0,0.23222222222222222,0.0,0.45039999999999997,optimal
2021-02-07 23:30:00,20,2,0.0,0.0,0.0,0.10966666666666669,optimal
2021-02-08 00:00:00,20,2,0.0,0.0,0.0,0.187,optimal
2021-02-08 00:30:00,20,2,0.0,0.0,0.0,0.157,optimal
2021-02-08 01:00:00,20,2,0.0,0.0,0.0,0.111,optimal
2021-02-08 01:30:00,20,2,0.03286368626244002,0.0,0.0,0.1485,optimal
2021-02-08 02:00:00,20,2,1.1428571428571428,0.0,0.0,0.0693,optimal
2021-02-08 02:30:00,20,2,1.1428571428571428,0.0,0.0,0.29333333333333333,optimal
2021-02-08 03:00:00,20,2,1.1428571428571428,0.0,0.0,0.1348,optimal
2021-02-08 03:30:00,20,2,1.1428571428571428,0.0,0.0,0.17433333333333334,optimal
2021-02-08 04:00:00,20,2,1.1428571428571428,0.0,0.0,0.17033333333333334,optimal
2021-02-08 04:30:00,20,2,1.1428571428571428,0.0,0.0,0.1308,optimal
2021-02-08 05:00:00,20,2,1.1428571428571428,0.0,0.0,0.2876666666666667,optimal
2021-02-08 05:30:00,20,2,1.1428571428571428,0.0,0.0,0.14046666666666666,optimal
2021-02-08 06:00:00,20,2,1.1428571428571428,0.0,5.877311614399826,0.09966666666666668,optimal
2021-02-08 06:30:00,20,2,1.1428571428571428,0.0,10.0,0.26613333333333333,optimal
2021-02-08 07:00:00,20,2,1.1428571428571428,0.23222222222222222,10.0,0.109,optimal
2021-02-08 07:30:00,20,2,1.1428571428571428,2.39962962962963,0.0,1.1200999999999999,optimal
2021-02-08 08:00:00,20,2,0.5961340623058925,0.46444444444444444,0.0,0.21806666666666663,optimal
2021-02-08 08:30:00,20,2,0.6246977854571172,6.579629629629631,0.0,0.13373333333333332,optimal
2021-02-08 09:00:00,20,2,0.6295747531988227,0.23222222222222222,0.0,0.245,optimal
2021-02-08 09:30:00,20,2,0.7420529779958113,0.0,0.0,0.10853333333333332,optimal
2021-02-08 10:00:00,20,2,0.6410455578172138,0.0,0.0,0.1326,optimal
2021-02-08 10:30:00,20,2,0.6003006663535626,0.0,0.0,0.2976666666666667,optimal
2021-02-08 11:00:00,20,2,0.5541353622091809,0.0,0.0,0.12029999999999999,optimal
2021-02-08 11:30:00,20,2,0.5123716390579688,0.0,0.0,0.2515,optimal
2021-02-08 12:00:00,20,2,0.4919899787216246,0.0,0.0,0.19516666666666663,optimal
2021-02-08 12:30:00,20,2,0.5257737860214128,0.0,0.0,0.0793,optimal
2021-02-08 13:00:00,20,2,1.1428571428571428,0.0,0.0,0.14273333333333332,optimal
2021-02-08 13:30:00,20,2,1.1428571428571428,0.5418518518518518,0.0,0.3086666666666667,optimal
2021-02-08 14:00:00,20,2,1.1428571428571428,0.6192592592592592,0.0,0.12459999999999999,optimal
2021-02-08 14:30:00,20,2,1.1428571428571428,0.0,0.0,0.1196,optimal
2021-02-08 15:00:00,20,2,1.1428571428571428,0.0,0.0,0.26566666666666666,optimal
2021-02-08 15:30:00,20,2,1.1428571428571428,0.0,0.0,0.065,optimal
2021-02-08 16:00:00,20,2,0.0,0.387037037037037,0.0,0.383,optimal
2021-02-08 16:30:00,20,2,0.0,0.0,0.0,0.37073333333333336,optimal
2021-02-08 17:00:00,20,2,0.0,0.6966666666666667,0.0,0.5154666666666667,optimal
2021-02-08 17:30:00,20,2,0.0,0.387037037037037,0.0,0.5450333333333333,optimal
2021-02-08 18:00:00,20,2,0.0,0.0,0.0,1.441266666666667,optimal
2021-02-08 18:30:00,20,2,0.0,0.23222222222222222,0.0,0.4383333333333333,optimal
2021-02-08 19:00:00,20,2,0.0,0.3096296296296296,0.0,0.5535666666666668,optimal
2021-02-08 19:30:00,20,2,0.5620364474909555,0.0,0.0,0.48203333333333337,optimal
2021-02-08 20:00:00,20,2,0.5181010798368249,0.23222222222222222,0.0,0.5976333333333333,optimal
2021-02-08 20:30:00,20,2,0.0,0.0,0.0,0.6344,optimal
2021-02-08 21:00:00,20,2,0.0,0.0,0.0,0.3973333333333333,optimal
2021-02-08 21:30:00,20,2,0.0,0.0,0.0,0.5224333333333333,optimal
2021-02-08 22:00:00,20,2,0.0,0.3096296296296296,0.0,0.4252666666666666,optimal
2021-02-08 22:30:00,20,2,0.0,0.0,0.0,0.269,optimal
2021-02-08 23:00:00,20,2,0.0,0.1548148148148148,0.0,0.34346666666666664,optimal
2021-02-08 23:30:00,20,2,0.0,0.0,0.0,0.14033333333333334,optimal
2021-02-09 00:00:00,20,2,0.0,0.0,0.0,0.13573333333333332,optimal
2021-02-09 00:30:00,20,2,0.0,0.23222222222222222,0.0,0.11673333333333331,optimal
2021-02-09 01:00:00,20,2,0.0,0.0,0.0,0.16786666666666666,optimal
2021-02-09 01:30:00,20,2,0.0,0.0,0.0,0.2069333333333333,optimal
2021-02-09 02:00:00,20,2,0.02960462331080321,0.0,0.0,0.15746666666666667,optimal
2021-02-09 02:30:00,20,2,1.1428571428571428,2.1674074074074072,0.0,0.34186666666666665,optimal
2021-02-09 03:00:00,20,2,1.1428571428571428,0.0,0.0,0.28953333333333336,optimal
2021-02-09 03:30:00,20,2,1.1428571428571428,0.0,0.0,0.1852666666666667,optimal
2021-02-09 04:00:00,20,2,1.1428571428571428,0.46444444444444444,0.0,0.39873333333333333,optimal
2021-02-09 04:30:00,20,2,1.1428571428571428,4.257407407407407,0.0,0.2768,optimal
2021-02-09 05:00:00,20,2,1.1428571428571428,0.387037037037037,0.0,0.5046666666666667,optimal
2021-02-09 05:30:00,20,2,1.1428571428571428,0.3096296296296296,0.0,0.5468999999999999,optimal
2021-02-09 06:00:00,20,2,1.1428571428571428,0.23222222222222222,2.2871811438784864,1.131,optimal
2021-02-09 06:30:00,20,2,1.1428571428571428,0.6966666666666667,10.0,0.38306666666666667,optimal
2021-02-09 07:00:00,20,2,1.1428571428571428,0.0,10.0,0.3086666666666667,optimal
2021-02-09 07:30:00,20,2,1.1428571428571428,6.037777777777777,0.0,0.9346666666666666,optimal
2021-02-09 08:00:00,20,2,0.6964170944763528,0.387037037037037,0.0,0.08506666666666667,optimal
2021-02-09 08:30:00,20,2,0.6509810335590545,0.0,0.0,0.26489999999999997,optimal
2021-02-09 09:00:00,20,2,0.527961413682544,0.1548148148148148,0.0,0.2548666666666667,optimal
2021-02-09 09:30:00,20,2,0.628336910895563,0.0,0.0,0.29669999999999996,optimal
2021-02-09 10:00:00,20,2,0.5818379834796715,2.39962962962963,0.0,0.12266666666666669,optimal
2021-02-09 10:30:00,20,2,0.5596191517921123,0.0,0.0,0.20166666666666663,optimal
2021-02-09 11:00:00,20,2,0.5303877346962069,0.0,0.0,0.09233333333333331,optimal
2021-02-09 11:30:00,20,2,0.5145725397872633,0.0,0.0,0.1402,optimal
2021-02-09 12:00:00,20,2,0.47112972630015243,0.0,0.0,0.21446666666666667,optimal
2021-02-09 12:30:00,20,2,1.1428571428571428,0.0,0.0,0.07653333333333333,optimal
2021-02-09 13:00:00,20,2,1.1428571428571428,0.0,0.0,0.26213333333333333,optimal
2021-02-09 13:30:00,20,2,1.1428571428571428,0.0,0.0,0.082,optimal
2021-02-09 14:00:00,20,2,1.1428571428571428,0.0,0.0,0.17133333333333334,optimal
2021-02-09 14:30:00,20,2,1.1428571428571428,0.0,0.0,0.06533333333333333,optimal
2021-02-09 15:00:00,20,2,1.1428571428571428,0.0,0.0,0.17133333333333334,optimal
2021-02-09 15:30:00,20,2,1.1428571428571428,0.0,0.0,0.066,optimal
2021-02-09 16:00:00,20,2,0.0,0.0,0.0,0.17266666666666666,optimal
2021-02-09 16:30:00,20,2,0.0,0.0,0.0,0.17673333333333333,optimal
2021-02-09 17:00:00,20,2,0.0,0.0,0.0,0.1102,optimal
2021-02-09 17:30:00,20,2,0.0,0.1548148148148148,0.0,0.2682,optimal
2021-02-09 18:00:00,20,2,0.0,0.0774074074074074,0.0,0.3232,optimal
2021-02-09 18:30:00,20,2,0.0,0.0774074074074074,0.0,1.5656666666666668,optimal
2021-02-09 19:00:00,20,2,0.0,0.0,0.0,0.40423333333333333,optimal
2021-02-09 19:30:00,20,2,0.48734532122361185,0.6192592592592592,0.0,1.435733333333333,optimal
2021-02-09 20:00:00,20,2,0.5793681783664638,0.23222222222222222,0.0,0.39339999999999997,optimal
2021-02-09 20:30:00,20,2,0.0,0.0,0.0,0.18880000000000002,optimal
2021-02-09 21:00:00,20,2,0.0,0.0,0.0,0.34906666666666664,optimal
2021-02-09 21:30:00,20,2,0.0,0.0,0.0,1.5514000000000001,optimal
2021-02-09 22:00:00,20,2,0.0,0.0774074074074074,0.0,0.5102333333333333,optimal
2021-02-09 22:30:00,20,2,0.0,0.0,0.0,0.264,optimal
2021-02-09 23:00:00,20,2,0.0,0.0,0.0,0.216,optimal
2021-02-09 23:30:00,20,2,0.0,0.0,0.0,0.09966666666666668,optimal
2021-02-10 00:00:00,20,2,0.0,0.0,0.0,0.053,optimal
2021-02-10 00:30:00,20,2,0.0,0.0,0.0,0.15593333333333334,optimal
2021-02-10 01:00:00,20,2,0.6522975108301681,0.0,0.0,0.1082,optimal
2021-02-10 01:30:00,20,2,1.1428571428571428,0.0,0.0,0.14706666666666665,optimal
2021-02-10 02:00:00,20,2,1.1428571428571428,0.0,0.0,0.06586666666666666,optimal
2021-02-10 02:30:00,20,2,1.1428571428571428,0.0,0.0,0.29233333333333333,optimal
2021-02-10 03:00:00,20,2,1.1428571428571428,0.0,0.0,0.053,optimal
2021-02-10 03:30:00,20,2,1.1428571428571428,0.0,0.0,0.15259999999999999,optimal
2021-02-10 04:00:00,20,2,1.1428571428571428,0.0,0.0,0.06406666666666666,optimal
2021-02-10 04:30:00,20,2,1.1428571428571428,0.0,0.0,0.2545,optimal
2021-02-10 05:00:00,20,2,1.1428571428571428,0.0,0.0,0.1037,optimal
2021-02-10 05:30:00,20,2,1.1428571428571428,0.0,0.0,0.14693333333333333,optimal
2021-02-10 06:00:00,20,2,1.1428571428571428,0.0,0.0,0.2132666666666667,optimal
2021-02-10 06:30:00,20,2,1.1428571428571428,0.0,1.9718363645807664,0.10726666666666668,optimal
2021-02-10 07:00:00,20,2,1.1428571428571428,0.46444444444444444,10.0,0.2568333333333333,optimal
2021-02-10 07:30:00,20,2,1.1428571428571428,0.1548148148148148,0.0,0.0591,optimal
2021-02-10 08:00:00,20,2,0.863714061496831,0.0,0.0,0.05766666666666666,optimal
2021-02-10 08:30:00,20,2,0.817843758051538,0.0,0.0,0.1936,optimal
2021-02-10 09:00:00,20,2,0.716756627855043,0.0774074074074074,0.0,0.17526666666666668,optimal
2021-02-10 09:30:00,20,2,0.5511053720288077,0.387037037037037,0.0,0.26439999999999997,optimal
2021-02-10 10:00:00,20,2,0.41185673031841635,0.0,0.0,0.268,optimal
2021-02-10 10:30:00,20,2,0.489782574163021,0.0,0.0,0.09716666666666668,optimal
2021-02-10 11:00:00,20,2,0.40651754073717705,0.0,0.0,0.5490333333333333,optimal
2021-02-10 11:30:00,20,2,0.3805366747288276,0.1548148148148148,0.0,1.1662000000000001,optimal
2021-02-10 12:00:00,20,2,0.2881357739182134,0.3096296296296296,0.0,0.26463333333333333,optimal
2021-02-10 12:30:00,20,2,0.29841196439440926,0.5418518518518518,0.0,0.5281333333333333,optimal
2021-02-10 13:00:00,20,2,1.0840857054715947,0.6192592592592592,0.0,3.047366666666667,optimal
2021-02-10 13:30:00,20,2,1.1428571428571428,0.387037037037037,0.0,2.7593,optimal
2021-02-10 14:00:00,20,2,1.1428571428571428,0.3096296296296296,0.0,0.077,optimal
2021-02-10 14:30:00,20,2,1.1428571428571428,0.0,0.0,0.18403333333333333,optimal
2021-02-10 15:00:00,20,2,1.1428571428571428,0.387037037037037,0.0,0.1257666666666667,optimal
2021-02-10 15:30:00,20,2,1.1428571428571428,0.387037037037037,0.0,0.1911,optimal
2021-02-10 16:00:00,20,2,0.0,0.0774074074074074,0.0,0.20403333333333334,optimal
2021-02-10 16:30:00,20,2,0.0,0.0,0.0,0.3123,optimal
2021-02-10 17:00:00,20,2,0.0,0.6966666666666667,0.0,0.1398,optimal
2021-02-10 17:30:00,20,2,0.0,0.3096296296296296,0.0,0.15086666666666668,optimal
2021-02-10 18:00:00,20,2,0.0,0.1548148148148148,0.0,1.0869666666666666,optimal
2021-02-10 18:30:00,20,2,0.0,0.0,0.0,1.085,optimal
2021-02-10 19:00:00,20,2,0.0,0.0774074074074074,0.0,0.37456666666666666,optimal
2021-02-10 19:30:00,20,2,0.0,0.0,0.0,0.4114666666666666,optimal
2021-02-10 20:00:00,20,2,0.0,0.0,0.0,0.3043,optimal
2021-02-10 20:30:00,20,2,0.0,0.6966666666666667,0.0,0.44446666666666657,optimal
2021-02-10 21:00:00,20,2,0.0,0.0,0.0,0.34303333333333336,optimal
2021-02-10 21:30:00,20,2,0.0,0.0,0.0,0.24566666666666662,optimal
2021-02-10 22:00:00,20,2,0.0,0.3096296296296296,0.0,0.24606666666666663,optimal
2021-02-10 22:30:00,20,2,0.0,0.23222222222222222,0.0,0.44189999999999996,optimal
2021-02-10 23:00:00,20,2,0.0,0.0774074074074074,0.0,0.22736666666666666,optimal
2021-02-10 23:30:00,20,2,0.0,0.6192592592592592,0.0,0.41653333333333337,optimal
2021-02-11 00:00:00,20,2,0.704395749822338,0.0,0.0,0.058,optimal
2021-02-11 00:30:00,20,2,1.1428571428571428,0.0,0.0,0.13406666666666667,optimal
2021-02-11 01:00:00,20,2,1.1428571428571428,0.0,0.0,0.24330000000000002,optimal
2021-02-11 01:30:00,20,2,1.1428571428571428,0.1548148148148148,0.0,0.12116666666666669,optimal
2021-02-11 02:00:00,20,2,1.1428571428571428,0.0,0.0,0.25606666666666666,optimal
2021-02-11 02:30:00,20,2,1.1428571428571428,0.3096296296296296,0.0,0.22340000000000002,optimal
2021-02-11 03:00:00,20,2,1.1428571428571428,0.0,0.0,0.0998,optimal
2021-02-11 03:30:00,20,2,1.1428571428571428,0.0,0.0,0.16303333333333334,optimal
2021-02-11 04:00:00,20,2,1.1428571428571428,0.0,0.0,0.16576666666666667,optimal
2021-02-11 04:30:00,20,2,1.1428571428571428,0.0,0.0,0.1036,optimal
2021-02-11 05:00:00,20,2,1.1428571428571428,0.0,0.0,0.21619999999999998,optimal
2021-02-11 05:30:00,20,2,1.1428571428571428,0.0,0.0,0.11359999999999999,optimal
2021-02-11 06:00:00,20,2,1.1428571428571428,0.0,0.0,0.08343333333333333,optimal
2021-02-11 06:30:00,20,2,1.1428571428571428,0.0,0.0,0.2653666666666667,optimal
2021-02-11 07:00:00,20,2,1.1428571428571428,0.0,0.0,1.3496333333333335,optimal
2021-02-11 07:30:00,20,2,1.1428571428571428,0.3096296296296296,0.0,0.23603333333333334,optimal
2021-02-11 08:00:00,20,2,0.7181258370319707,2.7092592592592597,0.0,1.029766666666667,optimal
2021-02-11 08:30:00,20,2,0.7739809455683122,0.387037037037037,0.0,0.10923333333333332,optimal
2021-02-11 09:00:00,20,2,0.6352931351892585,1.7803703703703702,0.0,0.3402,optimal
2021-02-11 09:30:00,20,2,0.594039322241845,1.6255555555555554,0.0,0.2004,optimal
2021-02-11 10:00:00,20,2,0.3628613140601936,0.1548148148148148,0.0,0.4023333333333333,optimal
2021-02-11 10:30:00,20,2,0.40843412915795363,0.0,0.0,0.41333333333333333,optimal
2021-02-11 11:00:00,20,2,0.397915037462228,0.0,0.0,0.2867333333333333,optimal
2021-02-11 11:30:00,20,2,0.03852520906621818,0.9288888888888889,0.0,1.9654,optimal
2021-02-11 12:00:00,20,2,0.1942115093738469,0.3096296296296296,0.0,2.033633333333333,optimal
2021-02-11 12:30:00,20,2,0.05657016603381584,0.0774074074074074,0.0,3.096333333333333,optimal
2021-02-11 13:00:00,20,2,1.1428571428571428,0.387037037037037,0.0,1.1089,optimal
2021-02-11 13:30:00,20,2,1.1428571428571428,0.0,0.0,1.5404,optimal
2021-02-11 14:00:00,20,2,1.1428571428571428,0.0,0.0,1.7927,optimal
2021-02-11 14:30:00,20,2,1.1428571428571428,0.23222222222222222,0.0,1.4980333333333333,optimal
2021-02-11 15:00:00,20,2,1.1428571428571428,0.3096296296296296,0.0,3.8099000000000003,optimal
2021-02-11 15:30:00,20,2,1.1428571428571428,0.8514814814814814,0.0,2.9184,optimal
2021-02-11 16:00:00,20,2,0.0,0.0,0.0,1.6303666666666665,optimal
2021-02-11 16:30:00,20,2,0.0,0.0,0.0,0.2882,optimal
2021-02-11 17:00:00,20,2,0.0,0.387037037037037,0.0,0.168,optimal
2021-02-11 17:30:00,20,2,0.0,0.0,0.0,1.0221,optimal
2021-02-11 18:00:00,20,2,0.0,0.0,0.0,1.0190666666666668,optimal
2021-02-11 18:30:00,20,2,0.0,0.23222222222222222,0.0,0.22163333333333332,optimal
2021-02-11 19:00:00,20,2,0.0,0.1548148148148148,0.0,0.3497333333333333,optimal
2021-02-11 19:30:00,20,2,0.0,0.0,0.0,0.5271333333333333,optimal
2021-02-11 20:00:00,20,2,0.434627375852839,0.0774074074074074,0.0,0.42423333333333335,optimal
2021-02-11 20:30:00,20,2,0.0,0.0,0.0,0.5957666666666667,optimal
2021-02-11 21:00:00,20,2,0.0,0.0,0.0,1.6787999999999998,optimal
2021-02-11 21:30:00,20,2,0.0,0.0,0.0,0.5159,optimal
2021-02-11 22:00:00,20,2,0.0,0.23222222222222222,0.0,0.5801666666666666,optimal
2021-02-11 22:30:00,20,2,0.0,0.0,0.0,0.5384,optimal
2021-02-11 23:00:00,20,2,0.0,0.5418518518518518,0.0,0.4726,optimal
2021-02-11 23:30:00,20,2,0.0,0.0,0.0,0.5494666666666667,optimal
2021-02-12 00:00:00,20,2,1.1428571428571428,0.0,0.0,0.061,optimal
2021-02-12 00:30:00,20,2,1.1428571428571428,0.0,0.0,0.061,optimal
2021-02-12 01:00:00,20,2,1.1428571428571428,0.0,0.0,0.13219999999999998,optimal
2021-02-12 01:30:00,20,2,1.1428571428571428,0.0,0.0,0.12033333333333332,optimal
2021-02-12 02:00:00,20,2,1.1428571428571428,0.0,0.0,0.061,optimal
2021-02-12 02:30:00,20,2,1.1428571428571428,0.0,0.0,0.19153333333333333,optimal
2021-02-12 03:00:00,20,2,1.1428571428571428,0.0,0.0,0.061,optimal
2021-02-12 03:30:00,20,2,1.1428571428571428,0.0,0.0,0.12033333333333332,optimal
2021-02-12 04:00:00,20,2,1.1428571428571428,0.0,0.0,0.13219999999999998,optimal
2021-02-12 04:30:00,20,2,1.1428571428571428,0.0,0.0,0.06693333333333333,optimal
2021-02-12 05:00:00,20,2,1.1428571428571428,0.0,0.0,0.1856,optimal
2021-02-12 05:30:00,20,2,1.1428571428571428,0.0,0.0,0.061,optimal
2021-02-12 06:00:00,20,2,1.1428571428571428,0.0,0.0,0.10253333333333332,optimal
2021-02-12 06:30:00,20,2,1.1428571428571428,0.0,7.686090742613084,0.15,optimal
2021-02-12 07:00:00,20,2,1.1428571428571428,0.0,10.0,0.06833333333333333,optimal
2021-02-12 07:30:00,20,2,1.1428571428571428,6.8685980314013175,0.0,0.19086666666666668,optimal
2021-02-12 08:00:00,20,2,0.8070048005608208,0.0774074074074074,0.0,0.3453,optimal
2021-02-12 08:30:00,20,2,0.9492274849584967,0.0,0.0,0.059,optimal
2021-02-12 09:00:00,20,2,0.7761993576270394,0.0,0.0,0.18953333333333333,optimal
2021-02-12 09:30:00,20,2,0.772711734014622,0.0,0.0,0.059,optimal
2021-02-12 10:00:00,20,2,0.2623252246049045,0.23222222222222222,0.0,1.4136666666666668,optimal
2021-02-12 10:30:00,20,2,0.3438703320000389,0.23222222222222222,0.0,0.6369333333333332,optimal
2021-02-12 11:00:00,20,2,0.49412907723370236,0.0,0.0,0.09659999999999999,optimal
2021-02-12 11:30:00,20,2,0.4902948347057146,0.0,0.0,0.11120000000000001,optimal
2021-02-12 12:00:00,20,2,0.43906411633469616,0.0,0.0,0.15133333333333335,optimal
2021-02-12 12:30:00,20,2,0.4623536833305066,0.0,0.0,0.06966666666666667,optimal
2021-02-12 13:00:00,20,2,1.1428571428571428,0.0,0.0,0.12440000000000001,optimal
2021-02-12 13:30:00,20,2,1.1428571428571428,0.0,0.0,0.15146666666666667,optimal
2021-02-12 14:00:00,20,2,1.1428571428571428,0.1548148148148148,0.0,0.1066,optimal
2021-02-12 14:30:00,20,2,1.1428571428571428,0.0,0.0,0.12663333333333335,optimal
2021-02-12 15:00:00,20,2,1.1428571428571428,0.0,0.0,0.1512,optimal
2021-02-12 15:30:00,20,2,1.1428571428571428,0.0774074074074074,0.0,0.0768,optimal
2021-02-12 16:00:00,20,2,0.0,0.3096296296296296,0.0,0.4242666666666666,optimal
2021-02-12 16:30:00,20,2,0.0,0.0,0.0,0.18653333333333333,optimal
2021-02-12 17:00:00,20,2,0.0,0.0774074074074074,0.0,0.2884,optimal
2021-02-12 17:30:00,20,2,0.0,0.0774074074074074,0.0,0.4482333333333334,optimal
2021-02-12 18:00:00,20,2,0.0,2.3222222222222215,0.0,0.2823333333333333,optimal
2021-02-12 18:30:00,20,2,0.0,1.7803703703703702,0.0,0.3111333333333333,optimal
2021-02-12 19:00:00,20,2,0.0,0.3096296296296296,0.0,0.2368,optimal
2021-02-12 19:30:00,20,2,0.05072558308872356,6.579629629629631,0.0,0.8007333333333333,optimal
2021-02-12 20:00:00,20,2,0.24310610314177183,0.0,0.0,1.1725,optimal
2021-02-12 20:30:00,20,2,0.0,0.0,0.0,0.1487,optimal
2021-02-12 21:00:00,20,2,0.0,0.0,0.0,0.08286666666666666,optimal
2021-02-12 21:30:00,20,2,0.0,0.0,0.0,0.18966666666666662,optimal
2021-02-12 22:00:00,20,2,0.0,0.0,0.0,0.071,optimal
2021-02-12 22:30:00,20,2,0.0,0.0,0.0,0.275,optimal
2021-02-12 23:00:00,20,2,0.0,0.0774074074074074,0.0,0.4172,optimal
2021-02-12 23:30:00,20,2,0.0,0.1548148148148148,0.0,0.5655666666666668,optimal
2021-02-13 00:00:00,20,2,0.0,0.0,0.0,0.048,optimal
2021-02-13 00:30:00,20,2,0.7663243451157231,0.0,0.0,0.11696666666666668,optimal
2021-02-13 01:00:00,20,2,1.1428571428571428,0.0,0.0,0.1047,optimal
2021-02-13 01:30:00,20,2,1.1428571428571428,0.0,0.0,0.054299999999999994,optimal
2021-02-13 02:00:00,20,2,1.1428571428571428,0.0,0.0,0.2327,optimal
2021-02-13 02:30:00,20,2,1.1428571428571428,0.0,0.0,0.093,optimal
2021-02-13 03:00:00,20,2,1.1428571428571428,0.0,0.0,0.179,optimal
2021-02-13 03:30:00,20,2,1.1428571428571428,0.0,0.0,0.153,optimal
2021-02-13 04:00:00,20,2,1.1428571428571428,0.0,0.0,0.174,optimal
2021-02-13 04:30:00,20,2,1.1428571428571428,0.0,0.0,0.128,optimal
2021-02-13 05:00:00,20,2,1.1428571428571428,0.0,0.0,0.078,optimal
2021-02-13 05:30:00,20,2,1.1428571428571428,0.0,0.0,0.156,optimal
2021-02-13 06:00:00,20,2,1.1428571428571428,0.0,0.0,0.196,optimal
2021-02-13 06:30:00,20,2,1.1428571428571428,0.0,1.5232378667977438,0.058,optimal
2021-02-13 07:00:00,20,2,1.1428571428571428,0.0,10.0,0.19490000000000002,optimal
2021-02-13 07:30:00,20,2,1.1428571428571428,0.46444444444444444,0.0,0.15936666666666668,optimal
2021-02-13 08:00:00,20,2,0.765740293209038,2.4770370370370367,0.0,0.1865,optimal
2021-02-13 08:30:00,20,2,0.6791155744905784,0.3096296296296296,0.0,0.3507333333333333,optimal
2021-02-13 09:00:00,20,2,0.6390676361203214,0.0,0.0,0.1005,optimal
2021-02-13 09:30:00,20,2,0.579810709194668,0.0774074074074074,0.0,0.20133333333333328,optimal
2021-02-13 10:00:00,20,2,0.37677700945839043,0.5418518518518518,0.0,0.2840666666666667,optimal
2021-02-13 10:30:00,20,2,0.44025705264468995,0.0,0.0,0.196,optimal
2021-02-13 11:00:00,20,2,0.23146018033693685,0.1548148148148148,0.0,1.4530999999999998,optimal
2021-02-13 11:30:00,20,2,0.24456117590418902,0.0,0.0,1.153,optimal
2021-02-13 12:00:00,20,2,0.25705058861583563,0.0,0.0,1.3235999999999999,optimal
2021-02-13 12:30:00,20,2,0.4024182940360443,0.387037037037037,0.0,0.38180000000000003,optimal
2021-02-13 13:00:00,20,2,1.1428571428571428,0.23222222222222222,0.0,0.46366666666666667,optimal
2021-02-13 13:30:00,20,2,1.1428571428571428,0.6966666666666667,0.0,0.1321,optimal
2021-02-13 14:00:00,20,2,1.1428571428571428,0.1548148148148148,0.0,0.1699,optimal
2021-02-13 14:30:00,20,2,1.1428571428571428,0.0,0.0,0.07473333333333333,optimal
2021-02-13 15:00:00,20,2,1.1428571428571428,0.0774074074074074,0.0,0.508,optimal
2021-02-13 15:30:00,20,2,1.1428571428571428,0.0774074074074074,0.0,0.09783333333333331,optimal
2021-02-13 16:00:00,20,2,0.0,0.0,0.0,0.18,optimal
2021-02-13 16:30:00,20,2,0.0,0.387037037037037,0.0,0.08963333333333334,optimal
2021-02-13 17:00:00,20,2,0.0,0.1548148148148148,0.0,0.17880000000000001,optimal
2021-02-13 17:30:00,20,2,0.0,0.0774074074074074,0.0,0.7106,optimal
2021-02-13 18:00:00,20,2,0.0,0.23222222222222222,0.0,0.8224,optimal
2021-02-13 18:30:00,20,2,0.0,0.1548148148148148,0.0,0.1256,optimal
2021-02-13 19:00:00,20,2,0.0,0.0,0.0,0.1509,optimal
2021-02-13 19:30:00,20,2,0.20731187528041814,0.46444444444444444,0.0,0.3992,optimal
2021-02-13 20:00:00,20,2,0.6655346745703546,0.387037037037037,0.0,0.211,optimal
2021-02-13 20:30:00,20,2,0.0,0.0,0.0,0.08963333333333334,optimal
2021-02-13 21:00:00,20,2,0.0,0.23222222222222222,0.0,0.23863333333333334,optimal
2021-02-13 21:30:00,20,2,0.0,0.1548148148148148,0.0,0.1422,optimal
2021-02-13 22:00:00,20,2,0.0,0.0,0.0,0.22236666666666668,optimal
2021-02-13 22:30:00,20,2,0.0,0.0,0.0,0.3251,optimal
2021-02-13 23:00:00,20,2,0.0,0.0,0.0,0.126,optimal
2021-02-13 23:30:00,20,2,0.0,0.0,0.0,0.22266666666666662,optimal
2021-02-07 00:00:00,21,2,0.0,0.0,0.0,0.2253,optimal
2021-02-07 00:30:00,21,2,0.0,0.0,0.0,0.17356666666666667,optimal
2021-02-07 01:00:00,21,2,0.0,0.0,0.0,0.06256666666666667,optimal
2021-02-07 01:30:00,21,2,0.0,0.0,0.0,0.21016666666666664,optimal
2021-02-07 02:00:00,21,2,0.0,0.0,0.0,0.1994,optimal
2021-02-07 02:30:00,21,2,0.0,0.0,0.0,0.10893333333333334,optimal
2021-02-07 03:00:00,21,2,0.0,0.0,0.0,0.11926666666666667,optimal
2021-02-07 03:30:00,21,2,0.0,0.0,0.0,0.2154,optimal
2021-02-07 04:00:00,21,2,1.1428571428571428,0.0,0.0,0.12353333333333331,optimal
2021-02-07 04:30:00,21,2,1.1428571428571428,0.0,0.0,0.11486666666666666,optimal
2021-02-07 05:00:00,21,2,1.1428571428571428,0.0,0.0,0.23413333333333333,optimal
2021-02-07 05:30:00,21,2,1.1428571428571428,0.6966666666666667,1.205984286901014,0.24059999999999998,optimal
2021-02-07 06:00:00,21,2,1.1428571428571428,0.1548148148148148,0.0,0.10226666666666669,optimal
2021-02-07 06:30:00,21,2,1.1428571428571428,0.0,0.0,1.0753666666666666,optimal
2021-02-07 07:00:00,21,2,1.1428571428571428,0.0,0.0,0.11123333333333332,optimal
2021-02-07 07:30:00,21,2,0.0,4.489629629629629,0.0,0.19690000000000002,optimal
2021-02-07 08:00:00,21,2,0.1121471417958664,2.39962962962963,0.0,0.19313333333333332,optimal
2021-02-07 08:30:00,21,2,0.6943307309228364,0.3096296296296296,0.0,0.09553333333333332,optimal
2021-02-07 09:00:00,21,2,0.7143930898588342,0.0,0.0,0.17346666666666666,optimal
2021-02-07 09:30:00,21,2,0.6998540854260846,0.0,0.0,0.21686666666666668,optimal
2021-02-07 10:00:00,21,2,0.6967520040249721,0.0,0.0,0.07256666666666667,optimal
2021-02-07 10:30:00,21,2,0.6376014414619041,0.0,0.0,0.29456666666666664,optimal
2021-02-07 11:00:00,21,2,0.6349204836192386,0.0,0.0,0.12073333333333332,optimal
2021-02-07 11:30:00,21,2,0.6497014360001929,0.0,0.0,0.069,optimal
2021-02-07 12:00:00,21,2,0.5527645167373405,0.0,0.0,0.27226666666666666,optimal
2021-02-07 12:30:00,21,2,0.555440707213534,0.0,0.0,0.16490000000000002,optimal
2021-02-07 13:00:00,21,2,0.8998931767982524,0.0,0.0,0.1966,optimal
2021-02-07 13:30:00,21,2,1.1428571428571428,0.0,0.0,0.7175666666666667,optimal
2021-02-07 14:00:00,21,2,1.1428571428571428,0.3096296296296296,0.0,2.9160999999999997,optimal
2021-02-07 14:30:00,21,2,1.1428571428571428,0.1548148148148148,0.0,1.3728666666666665,optimal
2021-02-07 15:00:00,21,2,1.1428571428571428,0.23222222222222222,0.0,1.5015999999999998,optimal
2021-02-07 15:30:00,21,2,1.1428571428571428,0.0774074074074074,0.0,0.6856666666666666,optimal
2021-02-07 16:00:00,21,2,0.0,0.46444444444444444,0.0,0.47273333333333334,optimal
2021-02-07 16:30:00,21,2,0.0,0.35142962962962954,0.0,0.6474666666666667,optimal
2021-02-07 17:00:00,21,2,0.0,0.42264444444444443,0.0,0.29553333333333337,optimal
2021-02-07 17:30:00,21,2,0.0,0.46444444444444444,0.0,0.6681,optimal
2021-02-07 18:00:00,21,2,0.0,0.0,0.0,1.2406,optimal
2021-02-07 18:30:00,21,2,0.0,0.0774074074074074,0.0,1.3793,optimal
2021-02-07 19:00:00,21,2,0.0,0.3096296296296296,0.0,0.6813333333333333,optimal
2021-02-07 19:30:00,21,2,0.0,0.1548148148148148,0.0,0.351,optimal
2021-02-07 20:00:00,21,2,0.0,0.0,0.0,0.5511,optimal
2021-02-07 20:30:00,21,2,0.0,0.0,0.0,0.6319666666666667,optimal
2021-02-07 21:00:00,21,2,0.0,0.0,0.0,0.34846666666666665,optimal
2021-02-07 21:30:00,21,2,0.0,0.3096296296296296,0.0,0.5476333333333333,optimal
2021-02-07 22:00:00,21,2,0.0,0.0,0.0,0.5515666666666668,optimal
2021-02-07 22:30:00,21,2,0.0,0.1548148148148148,0.0,0.4556,optimal
2021-02-07 23:00:00,21,2,0.0,0.23222222222222222,0.0,0.4401333333333333,optimal
2021-02-07 23:30:00,21,2,0.0,0.0,0.0,1.0107000000000002,optimal
2021-02-08 00:00:00,21,2,0.0,0.0,0.0,0.06,optimal
2021-02-08 00:30:00,21,2,0.0,0.0,0.0,0.06,optimal
2021-02-08 01:00:00,21,2,0.0,0.0,0.0,0.06,optimal
2021-02-08 01:30:00,21,2,0.611884491796284,0.0,0.0,0.2132666666666667,optimal
2021-02-08 02:00:00,21,2,1.1428571428571428,0.0,0.0,0.06,optimal
2021-02-08 02:30:00,21,2,1.1428571428571428,0.0,0.0,0.06,optimal
2021-02-08 03:00:00,21,2,1.1428571428571428,0.0,0.0,0.068,optimal
2021-02-08 03:30:00,21,2,1.1428571428571428,0.0,0.0,0.1987,optimal
2021-02-08 04:00:00,21,2,1.1428571428571428,0.0,0.0,0.0809,optimal
2021-02-08 04:30:00,21,2,1.1428571428571428,0.0,0.0,0.1227,optimal
2021-02-08 05:00:00,21,2,1.1428571428571428,0.0,0.0,0.15056666666666665,optimal
2021-02-08 05:30:00,21,2,1.1428571428571428,0.0,0.0,0.07393333333333334,optimal
2021-02-08 06:00:00,21,2,1.1428571428571428,0.0,0.0,0.19933333333333328,optimal
2021-02-08 06:30:00,21,2,1.1428571428571428,0.0,0.0,0.06,optimal
2021-02-08 07:00:00,21,2,1.1428571428571428,0.0,4.757533208375893,0.12373333333333332,optimal
2021-02-08 07:30:00,21,2,1.1428571428571428,0.0,0.0,0.1965,optimal
2021-02-08 08:00:00,21,2,0.6665054908773274,0.0,0.0,0.17346666666666666,optimal
2021-02-08 08:30:00,21,2,0.5499168330761596,0.0774074074074074,0.0,0.2281,optimal
2021-02-08 09:00:00,21,2,0.32358427700835185,0.6192592592592592,0.0,0.518,optimal
2021-02-08 09:30:00,21,2,0.39058631132914245,0.6192592592592592,0.0,0.4323666666666667,optimal
2021-02-08 10:00:00,21,2,0.38447222448388413,0.23222222222222222,0.0,1.439,optimal
2021-02-08 10:30:00,21,2,0.4001178092107061,0.1548148148148148,0.0,1.040266666666667,optimal
2021-02-08 11:00:00,21,2,0.4291734574472806,0.0,0.0,0.3014,optimal
2021-02-08 11:30:00,21,2,0.3547944962008231,0.0,0.0,0.5628666666666666,optimal
2021-02-08 12:00:00,21,2,0.3674661691978171,0.0,0.0,0.8585,optimal
2021-02-08 12:30:00,21,2,0.20813872289539,0.1548148148148148,0.0,2.9175999999999997,optimal
2021-02-08 13:00:00,21,2,1.1428571428571428,0.387037037037037,10.0,3.5304,optimal
2021-02-08 13:30:00,21,2,1.1428571428571428,0.0,0.0,0.058,optimal
2021-02-08 14:00:00,21,2,1.1428571428571428,0.387037037037037,0.0,0.11423333333333333,optimal
2021-02-08 14:30:00,21,2,1.1428571428571428,0.0,0.0,0.2945,optimal
2021-02-08 15:00:00,21,2,1.1428571428571428,0.0774074074074074,0.0,0.19269999999999998,optimal
2021-02-08 15:30:00,21,2,1.1428571428571428,0.0,0.0,0.39339999999999997,optimal
2021-02-08 16:00:00,21,2,0.0,0.23222222222222222,0.0,0.181,optimal
2021-02-08 16:30:00,21,2,0.0,0.0,0.0,0.5331,optimal
2021-02-08 17:00:00,21,2,0.0,0.387037037037037,0.0,0.2072333333333333,optimal
2021-02-08 17:30:00,21,2,0.0,0.387037037037037,0.0,0.3126333333333333,optimal
2021-02-08 18:00:00,21,2,0.0,0.6192592592592592,0.0,0.6946333333333333,optimal
2021-02-08 18:30:00,21,2,0.0,2.8640740740740736,0.0,0.5483333333333333,optimal
2021-02-08 19:00:00,21,2,0.0,0.23222222222222222,0.0,0.4162,optimal
2021-02-08 19:30:00,21,2,0.0,0.0,0.0,0.3153666666666667,optimal
2021-02-08 20:00:00,21,2,0.37095738826192576,0.5418518518518518,0.0,0.30696666666666667,optimal
2021-02-08 20:30:00,21,2,0.0,0.46444444444444444,0.0,0.7493333333333334,optimal
2021-02-08 21:00:00,21,2,0.0,0.0,0.0,0.2653333333333333,optimal
2021-02-08 21:30:00,21,2,0.0,0.0,0.0,0.09090000000000001,optimal
2021-02-08 22:00:00,21,2,0.0,0.0,0.0,0.20236666666666667,optimal
2021-02-08 22:30:00,21,2,0.0,0.0,0.0,0.07,optimal
2021-02-08 23:00:00,21,2,0.0,0.0,0.0,0.13269999999999998,optimal
2021-02-08 23:30:00,21,2,0.0,0.0,0.0,0.1562333333333333,optimal
2021-02-09 00:00:00,21,2,0.0,0.0,0.0,0.04733333333333334,optimal
2021-02-09 00:30:00,21,2,0.0,0.0,0.0,0.048,optimal
2021-02-09 01:00:00,21,2,0.4932457949357615,0.0,0.0,0.1719,optimal
2021-02-09 01:30:00,21,2,1.1428571428571428,0.0,0.0,0.053899999999999997,optimal
2021-02-09 02:00:00,21,2,1.1428571428571428,0.0,0.0,0.1188,optimal
2021-02-09 02:30:00,21,2,1.1428571428571428,0.0,0.0,0.107,optimal
2021-02-09 03:00:00,21,2,1.1428571428571428,0.0,0.0,0.048,optimal
2021-02-09 03:30:00,21,2,1.1428571428571428,0.0,0.0,0.0834,optimal
2021-02-09 04:00:00,21,2,1.1428571428571428,0.0,0.0,0.1424,optimal
2021-02-09 04:30:00,21,2,1.1428571428571428,0.0,0.0,0.048,optimal
2021-02-09 05:00:00,21,2,1.1428571428571428,0.0,0.0,0.1778,optimal
2021-02-09 05:30:00,21,2,1.1428571428571428,0.0,0.0,0.048,optimal
2021-02-09 06:00:00,21,2,1.1428571428571428,0.0,7.046665506629226,0.1306,optimal
2021-02-09 06:30:00,21,2,1.1428571428571428,0.0,10.0,0.31876666666666664,optimal
2021-02-09 07:00:00,21,2,1.1428571428571428,0.23222222222222222,0.0,0.1182,optimal
2021-02-09 07:30:00,21,2,1.1428571428571428,0.3096296296296296,0.0,0.36569999999999997,optimal
2021-02-09 08:00:00,21,2,0.7258647135239716,0.6966666666666667,0.0,0.057,optimal
2021-02-09 08:30:00,21,2,0.7422743668923906,0.0,0.0,0.439,optimal
2021-02-09 09:00:00,21,2,0.778342366063492,0.0,0.0,0.049,optimal
2021-02-09 09:30:00,21,2,0.6080359585146158,0.774074074074074,0.0,2.6269333333333336,optimal
2021-02-09 10:00:00,21,2,0.6167713168130093,0.0,0.0,0.1778,optimal
2021-02-09 10:30:00,21,2,0.6431620089349651,0.0,0.0,0.048,optimal
2021-02-09 11:00:00,21,2,0.5403115442200183,0.0,0.0,0.057,optimal
2021-02-09 11:30:00,21,2,0.5850655793494447,0.0,0.0,0.18780000000000002,optimal
2021-02-09 12:00:00,21,2,1.1428571428571428,0.0,0.0,0.058,optimal
2021-02-09 12:30:00,21,2,1.1428571428571428,0.0,0.0,0.058,optimal
2021-02-09 13:00:00,21,2,1.1428571428571428,0.0,0.0,0.058,optimal
2021-02-09 13:30:00,21,2,1.1428571428571428,0.0,0.0,0.18780000000000002,optimal
2021-02-09 14:00:00,21,2,1.1428571428571428,0.0,0.0,0.058,optimal
2021-02-09 14:30:00,21,2,1.1428571428571428,0.0,0.0,0.11109999999999999,optimal
2021-02-09 15:00:00,21,2,1.1428571428571428,0.0,0.0,0.1347,optimal
2021-02-09 15:30:00,21,2,1.1428571428571428,0.0,0.0,0.058,optimal
2021-02-09 16:00:00,21,2,0.0,0.0,0.0,0.0993,optimal
2021-02-09 16:30:00,21,2,0.0,0.0,0.0,0.1465,optimal
2021-02-09 17:00:00,21,2,0.0,0.0,0.0,0.058,optimal
2021-02-09 17:30:00,21,2,0.0,0.0,0.0,0.18780000000000002,optimal
2021-02-09 18:00:00,21,2,0.0,0.0,0.0,0.058,optimal
2021-02-09 18:30:00,21,2,0.0,0.1548148148148148,0.0,1.1973,optimal
2021-02-09 19:00:00,21,2,0.0,0.23222222222222222,0.0,1.7891,optimal
2021-02-09 19:30:00,21,2,0.49822151169980233,0.0,0.0,0.6416333333333333,optimal
2021-02-09 20:00:00,21,2,0.4091586545569449,0.0,0.0,0.7480333333333333,optimal
2021-02-09 20:30:00,21,2,0.0,0.1548148148148148,0.0,0.4654666666666666,optimal
2021-02-09 21:00:00,21,2,0.0,0.0,0.0,0.4816666666666667,optimal
2021-02-09 21:30:00,21,2,0.0,0.0,0.0,0.7562333333333333,optimal
2021-02-09 22:00:00,21,2,0.0,0.0,0.0,0.5602999999999999,optimal
2021-02-09 22:30:00,21,2,0.0,0.0,0.0,1.1436666666666668,optimal
2021-02-09 23:00:00,21,2,0.0,0.0,0.0,0.18780000000000002,optimal
2021-02-09 23:30:00,21,2,0.0,0.0,0.0,0.058,optimal
2021-02-10 00:00:00,21,2,0.0,0.0,0.0,0.062,optimal
2021-02-10 00:30:00,21,2,0.0,0.0,0.0,0.1859,optimal
2021-02-10 01:00:00,21,2,0.0,0.0,0.0,0.0679,optimal
2021-02-10 01:30:00,21,2,1.0112164606176461,0.0,0.0,0.062,optimal
2021-02-10 02:00:00,21,2,1.1428571428571428,0.0,0.0,0.062,optimal
2021-02-10 02:30:00,21,2,1.1428571428571428,0.0,0.0,0.1623,optimal
2021-02-10 03:00:00,21,2,1.1428571428571428,0.0,0.0,0.0915,optimal
2021-02-10 03:30:00,21,2,1.1428571428571428,0.0,0.0,0.062,optimal
2021-02-10 04:00:00,21,2,1.1428571428571428,0.0,0.0,0.1918,optimal
2021-02-10 04:30:00,21,2,1.1428571428571428,0.0,0.0,0.062,optimal
2021-02-10 05:00:00,21,2,1.1428571428571428,0.0,0.0,0.1446,optimal
2021-02-10 05:30:00,21,2,1.1428571428571428,0.0,8.758551095288395,0.1092,optimal
2021-02-10 06:00:00,21,2,1.1428571428571428,1.5883999999999998,10.0,0.31589999999999996,optimal
2021-02-10 06:30:00,21,2,1.1428571428571428,0.6564148148148148,10.0,2.248266666666667,optimal
2021-02-10 07:00:00,21,2,1.1428571428571428,6.347407407407409,10.0,1.001,optimal
2021-02-10 07:30:00,21,2,1.1428571428571428,5.108888888888889,0.0,1.7442666666666669,optimal
2021-02-10 08:00:00,21,2,0.6387140614968244,2.2448148148148146,0.0,0.9132,optimal
2021-02-10 08:30:00,21,2,0.8520151866229678,0.0,0.0,0.072,optimal
2021-02-10 09:00:00,21,2,0.690651865950278,0.0,0.0,0.0755,optimal
2021-02-10 09:30:00,21,2,0.5032787053621367,0.0774074074074074,0.0,3.451233333333333,optimal
2021-02-10 10:00:00,21,2,0.5124233969850813,0.0,0.0,0.7796333333333333,optimal
2021-02-10 10:30:00,21,2,0.4452540027344565,0.0,0.0,2.0154666666666667,optimal
2021-02-10 11:00:00,21,2,0.4480718264514623,0.0,0.0,0.12976666666666667,optimal
2021-02-10 11:30:00,21,2,0.4113747699669185,0.0,0.0,0.2942333333333333,optimal
2021-02-10 12:00:00,21,2,0.327973869156318,0.387037037037037,0.0,0.2887333333333333,optimal
2021-02-10 12:30:00,21,2,0.29508339296584,0.1548148148148148,0.0,2.0097,optimal
2021-02-10 13:00:00,21,2,0.45892629332076496,0.0,0.0,0.6624333333333333,optimal
2021-02-10 13:30:00,21,2,1.1428571428571428,0.774074074074074,0.0,3.6898,optimal
2021-02-10 14:00:00,21,2,1.1428571428571428,0.0,0.0,2.4634,optimal
2021-02-10 14:30:00,21,2,1.1428571428571428,0.0,0.0,1.5190666666666666,optimal
2021-02-10 15:00:00,21,2,1.1428571428571428,0.387037037037037,0.0,0.7949666666666667,optimal
2021-02-10 15:30:00,21,2,1.1428571428571428,0.0,0.0,2.179233333333333,optimal
2021-02-10 16:00:00,21,2,0.0,0.3096296296296296,0.0,0.6895,optimal
2021-02-10 16:30:00,21,2,0.0,0.0,0.0,2.8687666666666667,optimal
2021-02-10 17:00:00,21,2,0.0,0.0,0.0,4.698766666666667,optimal
2021-02-10 17:30:00,21,2,0.0,0.3096296296296296,0.0,0.3772,optimal
2021-02-10 18:00:00,21,2,0.0,0.23222222222222222,0.0,1.4585333333333332,optimal
2021-02-10 18:30:00,21,2,0.0,0.6192592592592592,0.0,1.7226333333333335,optimal
2021-02-10 19:00:00,21,2,0.0,0.0,0.0,0.40936666666666666,optimal
2021-02-10 19:30:00,21,2,0.0,0.46444444444444444,0.0,0.48033333333333333,optimal
2021-02-10 20:00:00,21,2,0.0,0.1548148148148148,0.0,0.22716666666666663,optimal
2021-02-10 20:30:00,21,2,0.0,0.0774074074074074,0.0,2.5088000000000004,optimal
2021-02-10 21:00:00,21,2,0.0,2.2448148148148146,0.0,0.5281666666666667,optimal
2021-02-10 21:30:00,21,2,0.0,0.0,0.0,0.5245333333333333,optimal
2021-02-10 22:00:00,21,2,0.0,0.387037037037037,0.0,1.1766666666666667,optimal
2021-02-10 22:30:00,21,2,0.0,0.3096296296296296,0.0,2.7346666666666666,optimal
2021-02-10 23:00:00,21,2,0.0,6.502222222222222,0.0,1.0537333333333332,optimal
2021-02-10 23:30:00,21,2,0.0,0.0,0.0,1.6919333333333333,optimal
2021-02-11 00:00:00,21,2,1.1428571428571428,0.0,0.0,0.063,optimal
2021-02-11 00:30:00,21,2,1.1428571428571428,0.0,0.0,0.1957333333333333,optimal
2021-02-11 01:00:00,21,2,1.1428571428571428,0.0,0.0,0.063,optimal
2021-02-11 01:30:00,21,2,1.1428571428571428,0.0,0.0,0.063,optimal
2021-02-11 02:00:00,21,2,1.1428571428571428,0.0,0.0,0.1957333333333333,optimal
2021-02-11 02:30:00,21,2,1.1428571428571428,0.0,0.0,0.06466666666666668,optimal
2021-02-11 03:00:00,21,2,1.1428571428571428,0.0,0.0,0.073,optimal
2021-02-11 03:30:00,21,2,1.1428571428571428,0.0,0.0,0.2057333333333333,optimal
2021-02-11 04:00:00,21,2,1.1428571428571428,0.0,0.0,0.073,optimal
2021-02-11 04:30:00,21,2,1.1428571428571428,0.0,0.0,0.073,optimal
2021-02-11 05:00:00,21,2,1.1428571428571428,0.0,0.0,0.073,optimal
2021-02-11 05:30:00,21,2,1.1428571428571428,0.0,0.0,0.19366666666666663,optimal
2021-02-11 06:00:00,21,2,1.1428571428571428,0.0,1.2203498984282652,0.08506666666666667,optimal
2021-02-11 06:30:00,21,2,1.1428571428571428,0.0,10.0,0.073,optimal
2021-02-11 07:00:00,21,2,1.1428571428571428,0.0,10.0,0.2057333333333333,optimal
2021-02-11 07:30:00,21,2,1.1428571428571428,0.2763616265382669,0.0,0.073,optimal
2021-02-11 08:00:00,21,2,0.8934305989367274,0.0,0.0,0.08506666666666667,optimal
2021-02-11 08:30:00,21,2,0.776999993187363,0.1548148148148148,0.0,1.6386666666666667,optimal
2021-02-11 09:00:00,21,2,0.7067788494749739,0.6966666666666667,0.0,0.5533333333333333,optimal
2021-02-11 09:30:00,21,2,0.5796602746227923,0.9706888888888887,0.0,0.4710666666666667,optimal
2021-02-11 10:00:00,21,2,0.3347508378697067,0.035607407407407414,0.0,2.0499666666666667,optimal
2021-02-11 10:30:00,21,2,0.0831331767769995,0.5418518518518518,0.0,3.0421666666666667,optimal
2021-02-11 11:00:00,21,2,0.20936265650984828,0.0,0.0,0.7805333333333333,optimal
2021-02-11 11:30:00,21,2,0.33834425668526713,0.0,0.0,0.3721333333333333,optimal
2021-02-11 12:00:00,21,2,0.21483055699289283,0.0,0.0,0.38926666666666665,optimal
2021-02-11 12:30:00,21,2,0.3790806422242868,0.0,0.0,0.17556666666666668,optimal
2021-02-11 13:00:00,21,2,1.1428571428571428,0.0,0.0,0.21836666666666668,optimal
2021-02-11 13:30:00,21,2,1.1428571428571428,0.0774074074074074,0.0,1.8947,optimal
2021-02-11 14:00:00,21,2,1.1428571428571428,0.1548148148148148,0.0,0.5374666666666666,optimal
2021-02-11 14:30:00,21,2,1.1428571428571428,0.0,0.0,0.44396666666666657,optimal
2021-02-11 15:00:00,21,2,1.1428571428571428,0.3096296296296296,0.0,1.702766666666667,optimal
2021-02-11 15:30:00,21,2,1.1428571428571428,0.1548148148148148,0.0,1.2658,optimal
2021-02-11 16:00:00,21,2,0.0,0.0,0.0,0.3076666666666667,optimal
2021-02-11 16:30:00,21,2,0.0,0.0,0.0,2.2351,optimal
2021-02-11 17:00:00,21,2,0.0,0.1548148148148148,0.0,0.3178333333333333,optimal
2021-02-11 17:30:00,21,2,0.0,0.0,0.0,2.7105,optimal
2021-02-11 18:00:00,21,2,0.0,0.1548148148148148,0.0,1.3627,optimal
2021-02-11 18:30:00,21,2,0.0,0.3096296296296296,0.0,1.2882,optimal
2021-02-11 19:00:00,21,2,0.0,0.0,0.0,1.1504333333333334,optimal
2021-02-11 19:30:00,21,2,0.25620452825776135,0.0774074074074074,0.0,0.5747666666666666,optimal
2021-02-11 20:00:00,21,2,0.8531045575646822,0.0,0.0,0.4594,optimal
2021-02-11 20:30:00,21,2,0.0,0.1548148148148148,0.0,0.7075,optimal
2021-02-11 21:00:00,21,2,0.0,0.0,0.0,0.39913333333333334,optimal
2021-02-11 21:30:00,21,2,0.0,0.0,0.0,0.35960000000000003,optimal
2021-02-11 22:00:00,21,2,0.0,0.0,0.0,0.2125,optimal
2021-02-11 22:30:00,21,2,0.0,0.0774074074074074,0.0,0.45826666666666666,optimal
2021-02-11 23:00:00,21,2,0.0,0.0,0.0,0.22173333333333328,optimal
2021-02-11 23:30:00,21,2,0.0,0.0,0.0,0.0985,optimal
2021-02-12 00:00:00,21,2,1.1428571428571428,0.0,0.0,0.13069999999999998,optimal
2021-02-12 00:30:00,21,2,1.1428571428571428,1.8577777777777778,0.0,0.2906,optimal
2021-02-12 01:00:00,21,2,1.1428571428571428,0.0,0.0,0.06573333333333334,optimal
2021-02-12 01:30:00,21,2,1.1428571428571428,0.0,0.0,0.08593333333333333,optimal
2021-02-12 02:00:00,21,2,1.1428571428571428,0.0,0.0,0.22733333333333328,optimal
2021-02-12 02:30:00,21,2,1.1428571428571428,0.0,0.0,0.10613333333333334,optimal
2021-02-12 03:00:00,21,2,1.1428571428571428,0.0,0.0,0.06573333333333334,optimal
2021-02-12 03:30:00,21,2,1.1428571428571428,0.0,0.0,0.29733333333333334,optimal
2021-02-12 04:00:00,21,2,1.1428571428571428,0.0,0.0,0.06633333333333333,optimal
2021-02-12 04:30:00,21,2,1.1428571428571428,0.0,0.0,0.059,optimal
2021-02-12 05:00:00,21,2,1.1428571428571428,0.0,0.0,2.2164333333333333,optimal
2021-02-12 05:30:00,21,2,1.1428571428571428,0.0,0.0,0.1923,optimal
2021-02-12 06:00:00,21,2,1.1428571428571428,0.0,0.0,0.059,optimal
2021-02-12 06:30:00,21,2,1.1428571428571428,0.0,6.329115027490598,0.2946666666666667,optimal
2021-02-12 07:00:00,21,2,1.1428571428571428,0.23222222222222222,10.0,0.40993333333333326,optimal
2021-02-12 07:30:00,21,2,1.1428571428571428,6.054642029883475,0.0,2.168633333333333,optimal
2021-02-12 08:00:00,21,2,0.8902428957989247,0.0,0.0,0.2854,optimal
2021-02-12 08:30:00,21,2,1.0058846278156341,0.0,0.0,0.059,optimal
2021-02-12 09:00:00,21,2,0.738399357627049,0.0,0.0,2.2983000000000002,optimal
2021-02-12 09:30:00,21,2,0.8145593530622356,0.0,0.0,0.15593333333333334,optimal
2021-02-12 10:00:00,21,2,0.6341252246049007,0.0,0.0,0.069,optimal
2021-02-12 10:30:00,21,2,0.5669941415238566,0.0,0.0,0.2344,optimal
2021-02-12 11:00:00,21,2,0.4851766962813244,0.0,0.0,0.12633333333333333,optimal
2021-02-12 11:30:00,21,2,0.4590853108961848,0.0,0.0,0.16116666666666665,optimal
2021-02-12 12:00:00,21,2,0.3409974496680262,0.0,0.0,0.34463333333333335,optimal
2021-02-12 12:30:00,21,2,1.0749251798044286,0.23222222222222222,0.0,0.38330000000000003,optimal
2021-02-12 13:00:00,21,2,1.1428571428571428,0.0774074074074074,0.0,0.2389333333333333,optimal
2021-02-12 13:30:00,21,2,1.1428571428571428,0.0,0.0,0.18080000000000002,optimal
2021-02-12 14:00:00,21,2,1.1428571428571428,0.0,0.0,0.09266666666666669,optimal
2021-02-12 14:30:00,21,2,1.1428571428571428,0.0,0.0,0.1532666666666667,optimal
2021-02-12 15:00:00,21,2,1.1428571428571428,0.0,0.0,0.059,optimal
2021-02-12 15:30:00,21,2,1.1428571428571428,0.0,0.0,0.30406666666666665,optimal
2021-02-12 16:00:00,21,2,0.0,0.0,0.0,0.069,optimal
2021-02-12 16:30:00,21,2,0.0,0.0,0.0,0.18786666666666668,optimal
2021-02-12 17:00:00,21,2,0.0,2.1674074074074072,0.0,0.29986666666666667,optimal
2021-02-12 17:30:00,21,2,0.0,0.8514814814814814,0.0,0.43560000000000004,optimal
2021-02-12 18:00:00,21,2,0.0,0.3096296296296296,0.0,0.4961333333333333,optimal
2021-02-12 18:30:00,21,2,0.0,0.387037037037037,0.0,0.44853333333333334,optimal
2021-02-12 19:00:00,21,2,0.0,0.1548148148148148,0.0,0.6031333333333333,optimal
2021-02-12 19:30:00,21,2,0.5940442847524682,0.0,0.0,2.041633333333333,optimal
2021-02-12 20:00:00,21,2,0.6235499126655862,0.1548148148148148,0.0,1.8645333333333334,optimal
2021-02-12 20:30:00,21,2,0.0,0.0774074074074074,0.0,0.6061333333333333,optimal
2021-02-12 21:00:00,21,2,0.0,0.0,0.0,0.8187666666666666,optimal
2021-02-12 21:30:00,21,2,0.0,0.1548148148148148,0.0,2.7935,optimal
2021-02-12 22:00:00,21,2,0.0,0.0774074074074074,0.0,2.809066666666667,optimal
2021-02-12 22:30:00,21,2,0.0,0.46444444444444444,0.0,0.9659,optimal
2021-02-12 23:00:00,21,2,0.0,2.012592592592592,0.0,0.4058,optimal
2021-02-12 23:30:00,21,2,0.0,0.1548148148148148,0.0,0.6196333333333334,optimal
2021-02-13 00:00:00,21,2,0.0,0.0,0.0,0.05633333333333333,optimal
2021-02-13 00:30:00,21,2,0.0,0.0774074074074074,0.0,0.09166666666666669,optimal
2021-02-13 01:00:00,21,2,0.7014812654694816,0.0,0.0,0.1988,optimal
2021-02-13 01:30:00,21,2,1.1428571428571428,0.0,0.0,0.058,optimal
2021-02-13 02:00:00,21,2,1.1428571428571428,0.0,0.0,0.14759999999999998,optimal
2021-02-13 02:30:00,21,2,1.1428571428571428,0.0,0.0,0.1092,optimal
2021-02-13 03:00:00,21,2,1.1428571428571428,0.0,0.0,0.1028,optimal
2021-02-13 03:30:00,21,2,1.1428571428571428,0.0,0.0,0.154,optimal
2021-02-13 04:00:00,21,2,1.1428571428571428,0.0,0.0,0.058,optimal
2021-02-13 04:30:00,21,2,1.1428571428571428,0.0,0.0,0.1988,optimal
2021-02-13 05:00:00,21,2,1.1428571428571428,0.0,0.0,0.058,optimal
2021-02-13 05:30:00,21,2,1.1428571428571428,0.0,0.0,0.058,optimal
2021-02-13 06:00:00,21,2,1.1428571428571428,0.0,0.0,1.2181333333333335,optimal
2021-02-13 06:30:00,21,2,1.1428571428571428,1.0837037037037036,6.1332044299040955,0.193,optimal
2021-02-13 07:00:00,21,2,1.1428571428571428,0.0,10.0,0.16013333333333332,optimal
2021-02-13 07:30:00,21,2,1.1428571428571428,0.0774074074074074,0.0,0.4219,optimal
2021-02-13 08:00:00,21,2,0.8374069598757092,0.0,0.0,0.08686666666666666,optimal
2021-02-13 08:30:00,21,2,0.7262870030620093,0.46444444444444444,0.0,0.7235,optimal
2021-02-13 09:00:00,21,2,0.6005628742155619,0.0,0.0,1.3214000000000001,optimal
2021-02-13 09:30:00,21,2,0.6294202330041977,4.876666666666668,0.0,0.8131,optimal
2021-02-13 10:00:00,21,2,0.543691295172679,0.23222222222222222,0.0,0.244,optimal
2021-02-13 10:30:00,21,2,0.6607522907399261,0.0,0.0,0.2088,optimal
2021-02-13 11:00:00,21,2,0.5789287517655117,0.0,0.0,0.068,optimal
2021-02-13 11:30:00,21,2,0.5767897473327569,0.0,0.0,0.068,optimal
2021-02-13 12:00:00,21,2,0.493968683853931,0.0,0.0,0.13040000000000002,optimal
2021-02-13 12:30:00,21,2,0.1562792464170013,0.3096296296296296,0.0,1.5910333333333333,optimal
2021-02-13 13:00:00,21,2,1.1428571428571428,2.012592592592592,0.0,0.7414666666666667,optimal
2021-02-13 13:30:00,21,2,1.1428571428571428,0.5418518518518518,0.0,0.2942666666666667,optimal
2021-02-13 14:00:00,21,2,1.1428571428571428,0.0,0.0,0.3689333333333333,optimal
2021-02-13 14:30:00,21,2,1.1428571428571428,0.0,0.0,0.20363333333333333,optimal
2021-02-13 15:00:00,21,2,1.1428571428571428,0.3096296296296296,0.0,0.08946666666666667,optimal
2021-02-13 15:30:00,21,2,1.1428571428571428,0.0,0.0,0.2754,optimal
2021-02-13 16:00:00,21,2,0.0,0.0,0.0,1.4705,optimal
2021-02-13 16:30:00,21,2,0.0,0.5418518518518518,0.0,0.8680666666666668,optimal
2021-02-13 17:00:00,21,2,0.0,0.0774074074074074,0.0,0.41256666666666664,optimal
2021-02-13 17:30:00,21,2,0.0,0.3096296296296296,0.0,1.5563333333333333,optimal
2021-02-13 18:00:00,21,2,0.0,0.1548148148148148,0.0,0.2931333333333333,optimal
2021-02-13 18:30:00,21,2,0.0,0.0774074074074074,0.0,0.3048,optimal
2021-02-13 19:00:00,21,2,0.0,0.46444444444444444,0.0,0.24913333333333332,optimal
2021-02-13 19:30:00,21,2,0.5796357722268788,0.1548148148148148,0.0,0.4614333333333333,optimal
2021-02-13 20:00:00,21,2,0.6515061031417814,0.0,0.0,0.33986666666666665,optimal
2021-02-13 20:30:00,21,2,0.0,0.0,0.0,0.45156666666666667,optimal
2021-02-13 21:00:00,21,2,0.0,0.0,0.0,0.17496666666666666,optimal
2021-02-13 21:30:00,21,2,0.0,0.0,0.0,0.2554666666666667,optimal
2021-02-13 22:00:00,21,2,0.0,0.0,0.0,0.2079333333333333,optimal
2021-02-13 22:30:00,21,2,0.0,0.0,0.0,0.3388,optimal
2021-02-13 23:00:00,21,2,0.0,0.0,0.0,0.0872,optimal
2021-02-13 23:30:00,21,2,0.0,0.0,0.0,0.068,optimal
2021-02-07 00:00:00,22,2,0.0,0.0,0.0,0.06366666666666666,optimal
2021-02-07 00:30:00,22,2,0.0,0.0,0.0,0.06856666666666666,optimal
2021-02-07 01:00:00,22,2,0.0,0.0,0.0,0.2044,optimal
2021-02-07 01:30:00,22,2,0.0,0.0,0.0,0.1365,optimal
2021-02-07 02:00:00,22,2,0.0,0.0,0.0,0.18546666666666667,optimal
2021-02-07 02:30:00,22,2,0.0,0.0,0.0,0.063,optimal
2021-02-07 03:00:00,22,2,0.0,0.0,0.0,0.21666666666666662,optimal
2021-02-07 03:30:00,22,2,0.0,0.0,0.0,0.1298,optimal
2021-02-07 04:00:00,22,2,1.1428571428571428,0.0,0.0,0.1267,optimal
2021-02-07 04:30:00,22,2,1.1428571428571428,0.0,0.0,0.0973,optimal
2021-02-07 05:00:00,22,2,1.1428571428571428,0.0,0.0,0.1496333333333333,optimal
2021-02-07 05:30:00,22,2,1.1428571428571428,0.0,0.0,0.19683333333333328,optimal
2021-02-07 06:00:00,22,2,1.1428571428571428,0.0,0.0,0.063,optimal
2021-02-07 06:30:00,22,2,1.1428571428571428,0.0,0.0,0.161,optimal
2021-02-07 07:00:00,22,2,1.1428571428571428,0.0,1.7076336144509696,0.17809999999999998,optimal
2021-02-07 07:30:00,22,2,0.0,0.23222222222222222,0.0,0.1632333333333333,optimal
2021-02-07 08:00:00,22,2,0.22760298110083999,0.387037037037037,0.0,0.2596666666666667,optimal
2021-02-07 08:30:00,22,2,0.6738450166371224,0.0774074074074074,0.0,0.23236666666666667,optimal
2021-02-07 09:00:00,22,2,0.5229816612874117,0.0,0.0,2.193633333333333,optimal
2021-02-07 09:30:00,22,2,0.4983874187594242,0.0,0.0,2.5054666666666665,optimal
2021-02-07 10:00:00,22,2,0.23548724212021666,0.0,0.0,1.6775666666666667,optimal
2021-02-07 10:30:00,22,2,0.4881919176523751,0.0774074074074074,0.0,0.4705,optimal
2021-02-07 11:00:00,22,2,0.5338919121906686,0.23222222222222222,0.0,0.06633333333333333,optimal
2021-02-07 11:30:00,22,2,0.4774271502858957,2.4770370370370367,0.0,0.3258666666666667,optimal
2021-02-07 12:00:00,22,2,0.49673594530877907,0.0774074074074074,0.0,0.14336666666666667,optimal
2021-02-07 12:30:00,22,2,0.43469594530876804,0.6192592592592592,0.0,0.37560000000000004,optimal
2021-02-07 13:00:00,22,2,1.1428571428571428,0.0,0.0,1.5966333333333333,optimal
2021-02-07 13:30:00,22,2,1.1428571428571428,0.0,0.0,0.47386666666666666,optimal
2021-02-07 14:00:00,22,2,1.1428571428571428,0.5418518518518518,0.0,2.5316,optimal
2021-02-07 14:30:00,22,2,1.1428571428571428,0.0,0.0,2.472633333333333,optimal
2021-02-07 15:00:00,22,2,1.1428571428571428,0.0,0.0,0.35803333333333337,optimal
2021-02-07 15:30:00,22,2,1.1428571428571428,0.0,0.0,0.183,optimal
2021-02-07 16:00:00,22,2,0.0,0.23222222222222222,0.0,0.4358666666666667,optimal
2021-02-07 16:30:00,22,2,0.0,0.5418518518518518,0.0,0.3713,optimal
2021-02-07 17:00:00,22,2,0.0,0.23222222222222222,0.0,0.6542,optimal
2021-02-07 17:30:00,22,2,0.0,0.0,0.0,0.42436666666666667,optimal
2021-02-07 18:00:00,22,2,0.0,0.6192592592592592,0.0,0.5045333333333334,optimal
2021-02-07 18:30:00,22,2,0.0,0.23222222222222222,0.0,0.37526666666666664,optimal
2021-02-07 19:00:00,22,2,0.0,0.6966666666666667,0.0,0.46473333333333333,optimal
2021-02-07 19:30:00,22,2,0.0,0.0,0.0,0.4802,optimal
2021-02-07 20:00:00,22,2,0.48604411259108143,0.5418518518518518,0.0,0.22733333333333328,optimal
2021-02-07 20:30:00,22,2,0.0,0.0774074074074074,0.0,0.4503666666666667,optimal
2021-02-07 21:00:00,22,2,0.0,0.0,0.0,0.26666666666666666,optimal
2021-02-07 21:30:00,22,2,0.0,0.0,0.0,0.2507666666666667,optimal
2021-02-07 22:00:00,22,2,0.0,0.0,0.0,0.1269,optimal
2021-02-07 22:30:00,22,2,0.0,0.0,0.0,0.15976666666666667,optimal
2021-02-07 23:00:00,22,2,0.0,0.0,0.0,0.0975,optimal
2021-02-07 23:30:00,22,2,0.0,0.0,0.0,0.2039333333333333,optimal
2021-02-08 00:00:00,22,2,0.0,0.0,0.0,0.065,optimal
2021-02-08 00:30:00,22,2,0.0,0.0,0.0,0.065,optimal
2021-02-08 01:00:00,22,2,0.0,0.0,0.0,0.065,optimal
2021-02-08 01:30:00,22,2,1.0178254996735208,0.0,0.0,0.18673333333333328,optimal
2021-02-08 02:00:00,22,2,1.1428571428571428,0.0,0.0,0.065,optimal
2021-02-08 02:30:00,22,2,1.1428571428571428,0.0,0.0,0.12033333333333332,optimal
2021-02-08 03:00:00,22,2,1.1428571428571428,0.0,0.0,0.13140000000000002,optimal
2021-02-08 03:30:00,22,2,1.1428571428571428,0.0,0.0,0.07606666666666666,optimal
2021-02-08 04:00:00,22,2,1.1428571428571428,0.0,0.0,0.17566666666666667,optimal
2021-02-08 04:30:00,22,2,1.1428571428571428,0.0,0.0,0.065,optimal
2021-02-08 05:00:00,22,2,1.1428571428571428,0.0,0.0,0.065,optimal
2021-02-08 05:30:00,22,2,1.1428571428571428,0.0,0.0,0.065,optimal
2021-02-08 06:00:00,22,2,1.1428571428571428,0.0,0.07301536134660505,0.17566666666666667,optimal
2021-02-08 06:30:00,22,2,1.1428571428571428,0.0,10.0,0.07606666666666666,optimal
2021-02-08 07:00:00,22,2,1.1428571428571428,0.0,10.0,0.065,optimal
2021-02-08 07:30:00,22,2,1.1428571428571428,0.5418518518518518,0.0,2.1732666666666667,optimal
2021-02-08 08:00:00,22,2,0.44323310992494597,2.7092592592592597,0.0,3.546133333333333,optimal
2021-02-08 08:30:00,22,2,0.5602577854571161,0.5418518518518518,0.0,0.9551333333333332,optimal
2021-02-08 09:00:00,22,2,0.532479515103586,0.0774074074074074,0.0,0.41063333333333335,optimal
2021-02-08 09:30:00,22,2,0.5514339303767598,0.9288888888888889,0.0,0.35296666666666665,optimal
2021-02-08 10:00:00,22,2,0.5007027006743525,0.0,0.0,0.06916666666666667,optimal
2021-02-08 10:30:00,22,2,0.5247482854011817,0.0,0.0,0.07646666666666667,optimal
2021-02-08 11:00:00,22,2,0.36610012411393955,0.0,0.0,0.3501,optimal
2021-02-08 11:30:00,22,2,0.21384497239130426,0.3096296296296296,0.0,1.3148,optimal
2021-02-08 12:00:00,22,2,0.39938045491210417,0.23222222222222222,0.0,0.235,optimal
2021-02-08 12:30:00,22,2,0.7968999937625839,0.0774074074074074,0.0,0.32153333333333334,optimal
2021-02-08 13:00:00,22,2,1.1428571428571428,2.5544444444444445,0.0,0.3772,optimal
2021-02-08 13:30:00,22,2,1.1428571428571428,2.012592592592592,0.0,0.31276666666666664,optimal
2021-02-08 14:00:00,22,2,1.1428571428571428,0.23222222222222222,0.0,1.1160999999999999,optimal
2021-02-08 14:30:00,22,2,1.1428571428571428,0.0,0.0,0.075,optimal
2021-02-08 15:00:00,22,2,1.1428571428571428,0.0,0.0,0.1967333333333333,optimal
2021-02-08 15:30:00,22,2,1.1428571428571428,0.0,0.0,0.5255666666666667,optimal
2021-02-08 16:00:00,22,2,0.0,0.23222222222222222,0.0,0.2463333333333333,optimal
2021-02-08 16:30:00,22,2,0.0,1.7803703703703702,0.0,0.3368,optimal
2021-02-08 17:00:00,22,2,0.0,2.1674074074074072,0.0,0.45313333333333333,optimal
2021-02-08 17:30:00,22,2,0.0,0.0,0.0,0.27273333333333327,optimal
2021-02-08 18:00:00,22,2,0.0,0.0,0.0,0.075,optimal
2021-02-08 18:30:00,22,2,0.0,0.0,0.0,0.18386666666666668,optimal
2021-02-08 19:00:00,22,2,0.0,0.3096296296296296,0.0,0.3058,optimal
2021-02-08 19:30:00,22,2,0.6783126379671424,0.1548148148148148,0.0,0.10576666666666668,optimal
2021-02-08 20:00:00,22,2,0.5907391750749176,0.0774074074074074,0.0,0.36173333333333335,optimal
2021-02-08 20:30:00,22,2,0.0,0.0,0.0,0.16933333333333334,optimal
2021-02-08 21:00:00,22,2,0.0,0.0,0.0,0.075,optimal
2021-02-08 21:30:00,22,2,0.0,0.2740222222222222,0.0,0.2626,optimal
2021-02-08 22:00:00,22,2,0.0,0.035607407407407414,0.0,0.2575,optimal
2021-02-08 22:30:00,22,2,0.0,0.0,0.0,0.273,optimal
2021-02-08 23:00:00,22,2,0.0,0.0,0.0,0.10266666666666668,optimal
2021-02-08 23:30:00,22,2,0.0,0.0,0.0,0.075,optimal
2021-02-09 00:00:00,22,2,0.0,0.0,0.0,0.057,optimal
2021-02-09 00:30:00,22,2,0.0,0.0,0.0,0.057,optimal
2021-02-09 01:00:00,22,2,1.0680515292434376,0.0,0.0,0.057,optimal
2021-02-09 01:30:00,22,2,1.1428571428571428,0.0,0.0,0.10926666666666668,optimal
2021-02-09 02:00:00,22,2,1.1428571428571428,0.0,0.0,0.07193333333333334,optimal
2021-02-09 02:30:00,22,2,1.1428571428571428,0.0,0.0,0.0906,optimal
2021-02-09 03:00:00,22,2,1.1428571428571428,0.0,0.0,0.0906,optimal
2021-02-09 03:30:00,22,2,1.1428571428571428,0.0,0.0,0.08686666666666666,optimal
2021-02-09 04:00:00,22,2,1.1428571428571428,0.0,0.0,0.09433333333333331,optimal
2021-02-09 04:30:00,22,2,1.1428571428571428,0.0,0.0,0.057,optimal
2021-02-09 05:00:00,22,2,1.1428571428571428,0.0,0.0,0.1242,optimal
2021-02-09 05:30:00,22,2,1.1428571428571428,0.0,0.0,0.057,optimal
2021-02-09 06:00:00,22,2,1.1428571428571428,0.0,0.0,0.057,optimal
2021-02-09 06:30:00,22,2,1.1428571428571428,0.0,0.0,0.063,optimal
2021-02-09 07:00:00,22,2,1.1428571428571428,0.5418518518518518,0.0,0.1262,optimal
2021-02-09 07:30:00,22,2,1.1428571428571428,0.5418518518518518,0.0,0.08623333333333333,optimal
2021-02-09 08:00:00,22,2,0.5512647135239723,2.4770370370370367,0.0,0.23353333333333334,optimal
2021-02-09 08:30:00,22,2,0.5897334145114383,0.46444444444444444,0.0,0.17843333333333333,optimal
2021-02-09 09:00:00,22,2,0.4498490327301529,5.728148148148147,0.0,1.0222666666666667,optimal
2021-02-09 09:30:00,22,2,0.406576910895565,0.0774074074074074,0.0,1.0564666666666667,optimal
2021-02-09 10:00:00,22,2,0.43473322157490896,0.1548148148148148,0.0,0.2062,optimal
2021-02-09 10:30:00,22,2,0.3219334375064046,0.0,0.0,0.4545666666666667,optimal
2021-02-09 11:00:00,22,2,0.3089115442200222,0.0,0.0,0.22266666666666662,optimal
2021-02-09 11:30:00,22,2,0.2760773016920356,0.387037037037037,0.0,0.49876666666666664,optimal
2021-02-09 12:00:00,22,2,0.319759565746164,0.0,0.0,0.197,optimal
2021-02-09 12:30:00,22,2,0.5240857889930993,1.1611111111111108,0.0,0.197,optimal
2021-02-09 13:00:00,22,2,1.1428571428571428,0.23222222222222222,0.0,0.1041,optimal
2021-02-09 13:30:00,22,2,1.1428571428571428,0.0,8.631839224733735,0.17683333333333334,optimal
2021-02-09 14:00:00,22,2,1.1428571428571428,0.3096296296296296,0.0,0.17266666666666666,optimal
2021-02-09 14:30:00,22,2,1.1428571428571428,0.0,0.0,0.0782,optimal
2021-02-09 15:00:00,22,2,1.1428571428571428,0.0,0.0,0.067,optimal
2021-02-09 15:30:00,22,2,1.1428571428571428,0.0,0.0,0.067,optimal
2021-02-09 16:00:00,22,2,0.0,0.0,0.0,0.13419999999999999,optimal
2021-02-09 16:30:00,22,2,0.0,0.0,0.0,0.38489999999999996,optimal
2021-02-09 17:00:00,22,2,0.0,0.23222222222222222,0.0,0.17343333333333333,optimal
2021-02-09 17:30:00,22,2,0.0,0.0774074074074074,0.0,0.3522666666666667,optimal
2021-02-09 18:00:00,22,2,0.0,0.0,0.0,0.10893333333333334,optimal
2021-02-09 18:30:00,22,2,0.0,0.774074074074074,0.0,0.3691666666666667,optimal
2021-02-09 19:00:00,22,2,0.0,0.3096296296296296,0.0,0.23203333333333334,optimal
2021-02-09 19:30:00,22,2,0.5568138926521848,0.23222222222222222,0.0,0.4076,optimal
2021-02-09 20:00:00,22,2,0.5333491307474221,0.0,0.0,0.3788666666666667,optimal
2021-02-09 20:30:00,22,2,0.0,0.23222222222222222,0.0,0.6451,optimal
2021-02-09 21:00:00,22,2,0.0,0.0,0.0,0.4024666666666666,optimal
2021-02-09 21:30:00,22,2,0.0,0.0,0.0,0.38826666666666665,optimal
2021-02-09 22:00:00,22,2,0.0,0.6966666666666667,0.0,0.4037,optimal
2021-02-09 22:30:00,22,2,0.0,0.0,0.0,0.3684666666666666,optimal
2021-02-09 23:00:00,22,2,0.0,0.0,0.0,0.067,optimal
2021-02-09 23:30:00,22,2,0.0,0.0,0.0,0.13419999999999999,optimal
2021-02-10 00:00:00,22,2,0.0,0.0,0.0,0.062,optimal
2021-02-10 00:30:00,22,2,0.0,0.0,0.0,0.1859,optimal
2021-02-10 01:00:00,22,2,0.25304577025647224,0.0,0.0,0.0679,optimal
2021-02-10 01:30:00,22,2,1.1428571428571428,0.0,0.0,0.062,optimal
2021-02-10 02:00:00,22,2,1.1428571428571428,0.0,0.0,0.062,optimal
2021-02-10 02:30:00,22,2,1.1428571428571428,0.0,0.0,0.1623,optimal
2021-02-10 03:00:00,22,2,1.1428571428571428,0.0,0.0,0.0915,optimal
2021-02-10 03:30:00,22,2,1.1428571428571428,0.0,0.0,0.062,optimal
2021-02-10 04:00:00,22,2,1.1428571428571428,0.0,0.0,0.1918,optimal
2021-02-10 04:30:00,22,2,1.1428571428571428,0.0,0.0,0.062,optimal
2021-02-10 05:00:00,22,2,1.1428571428571428,0.0,0.0,0.1446,optimal
2021-02-10 05:30:00,22,2,1.1428571428571428,0.0,0.0,0.1092,optimal
2021-02-10 06:00:00,22,2,1.1428571428571428,1.5883999999999998,0.0,0.31589999999999996,optimal
2021-02-10 06:30:00,22,2,1.1428571428571428,0.6564148148148148,3.867594644319782,2.248266666666667,optimal
2021-02-10 07:00:00,22,2,1.1428571428571428,6.347407407407409,10.0,1.001,optimal
2021-02-10 07:30:00,22,2,1.1428571428571428,5.108888888888889,0.0,1.7442666666666669,optimal
2021-02-10 08:00:00,22,2,0.6387140614968244,2.2448148148148146,0.0,0.9132,optimal
2021-02-10 08:30:00,22,2,0.8520151866229678,0.0,0.0,0.072,optimal
2021-02-10 09:00:00,22,2,0.690651865950278,0.0,0.0,0.0755,optimal
2021-02-10 09:30:00,22,2,0.5032787053621367,0.0774074074074074,0.0,3.451233333333333,optimal
2021-02-10 10:00:00,22,2,0.5124233969850813,0.0,0.0,0.7796333333333333,optimal
2021-02-10 10:30:00,22,2,0.4452540027344565,0.0,0.0,2.0154666666666667,optimal
2021-02-10 11:00:00,22,2,0.4480718264514623,0.0,0.0,0.12976666666666667,optimal
2021-02-10 11:30:00,22,2,0.4113747699669185,0.0,0.0,0.2942333333333333,optimal
2021-02-10 12:00:00,22,2,0.327973869156318,0.387037037037037,0.0,0.2887333333333333,optimal
2021-02-10 12:30:00,22,2,0.29508339296584,0.1548148148148148,0.0,2.0097,optimal
2021-02-10 13:00:00,22,2,0.45892629332076496,0.0,0.0,0.6624333333333333,optimal
2021-02-10 13:30:00,22,2,1.1428571428571428,0.774074074074074,0.0,3.6898,optimal
2021-02-10 14:00:00,22,2,1.1428571428571428,0.0,0.0,2.4634,optimal
2021-02-10 14:30:00,22,2,1.1428571428571428,0.0,0.0,1.5190666666666666,optimal
2021-02-10 15:00:00,22,2,1.1428571428571428,0.387037037037037,0.0,0.7949666666666667,optimal
2021-02-10 15:30:00,22,2,1.1428571428571428,0.0,0.0,2.179233333333333,optimal
2021-02-10 16:00:00,22,2,0.0,0.3096296296296296,0.0,0.6895,optimal
2021-02-10 16:30:00,22,2,0.0,0.0,0.0,2.8687666666666667,optimal
2021-02-10 17:00:00,22,2,0.0,0.0,0.0,4.698766666666667,optimal
2021-02-10 17:30:00,22,2,0.0,0.3096296296296296,0.0,0.3772,optimal
2021-02-10 18:00:00,22,2,0.0,0.23222222222222222,0.0,1.4585333333333332,optimal
2021-02-10 18:30:00,22,2,0.0,0.6192592592592592,0.0,1.7226333333333335,optimal
2021-02-10 19:00:00,22,2,0.0,0.0,0.0,0.40936666666666666,optimal
2021-02-10 19:30:00,22,2,0.0,0.46444444444444444,0.0,0.48033333333333333,optimal
2021-02-10 20:00:00,22,2,0.0,0.1548148148148148,0.0,0.22716666666666663,optimal
2021-02-10 20:30:00,22,2,0.0,0.0774074074074074,0.0,2.5088000000000004,optimal
2021-02-10 21:00:00,22,2,0.0,2.2448148148148146,0.0,0.5281666666666667,optimal
2021-02-10 21:30:00,22,2,0.0,0.0,0.0,0.5245333333333333,optimal
2021-02-10 22:00:00,22,2,0.0,0.387037037037037,0.0,1.1766666666666667,optimal
2021-02-10 22:30:00,22,2,0.0,0.3096296296296296,0.0,2.7346666666666666,optimal
2021-02-10 23:00:00,22,2,0.0,6.502222222222222,0.0,1.0537333333333332,optimal
2021-02-10 23:30:00,22,2,0.0,0.0,0.0,1.6919333333333333,optimal
2021-02-11 00:00:00,22,2,1.1428571428571428,0.0,0.0,0.06,optimal
2021-02-11 00:30:00,22,2,1.1428571428571428,0.0,0.0,0.126,optimal
2021-02-11 01:00:00,22,2,1.1428571428571428,0.0,0.0,0.06,optimal
2021-02-11 01:30:00,22,2,1.1428571428571428,0.0,9.065683191439232,0.10533333333333332,optimal
2021-02-11 02:00:00,22,2,1.1428571428571428,0.0,10.0,0.08833333333333333,optimal
2021-02-11 02:30:00,22,2,1.1428571428571428,0.0,10.0,0.115,optimal
2021-02-11 03:00:00,22,2,1.1428571428571428,0.0,10.0,0.071,optimal
2021-02-11 03:30:00,22,2,1.1428571428571428,0.23222222222222222,10.0,0.1257,optimal
2021-02-11 04:00:00,22,2,1.1428571428571428,0.3096296296296296,0.0,0.069,optimal
2021-02-11 04:30:00,22,2,1.1428571428571428,0.1548148148148148,0.0,0.3235,optimal
2021-02-11 05:00:00,22,2,1.1428571428571428,0.1548148148148148,0.0,0.0624,optimal
2021-02-11 05:30:00,22,2,1.1428571428571428,5.031481481481482,0.0,0.06686666666666666,optimal
2021-02-11 06:00:00,22,2,1.1428571428571428,0.0,0.0,0.07,optimal
2021-02-11 06:30:00,22,2,1.1428571428571428,0.0,0.0,0.09566666666666669,optimal
2021-02-11 07:00:00,22,2,1.1428571428571428,0.0,0.0,0.11033333333333331,optimal
2021-02-11 07:30:00,22,2,1.1428571428571428,0.6155693488600524,0.0,0.07733333333333332,optimal
2021-02-11 08:00:00,22,2,0.9291734560795851,0.0,0.0,0.12866666666666665,optimal
2021-02-11 08:30:00,22,2,0.9523523741397436,0.0,0.0,0.07,optimal
2021-02-11 09:00:00,22,2,0.8749502780464026,0.0,0.0,0.103,optimal
2021-02-11 09:30:00,22,2,0.8043631317656479,0.0,0.0,0.103,optimal
2021-02-11 10:00:00,22,2,0.6210708378697118,0.0,0.0,0.07,optimal
2021-02-11 10:30:00,22,2,0.6352150815389015,0.0,0.0,0.11033333333333331,optimal
2021-02-11 11:00:00,22,2,0.5684769422241315,0.0,0.0,0.09566666666666669,optimal
2021-02-11 11:30:00,22,2,0.5437252090662186,0.0,0.0,0.07,optimal
2021-02-11 12:00:00,22,2,0.7530382565093696,0.0,0.0,0.136,optimal
2021-02-11 12:30:00,22,2,1.1428571428571428,0.0,0.0,0.07,optimal
2021-02-11 13:00:00,22,2,1.1428571428571428,0.0,0.0,0.07,optimal
2021-02-11 13:30:00,22,2,1.1428571428571428,0.0,0.0,0.092,optimal
2021-02-11 14:00:00,22,2,1.1428571428571428,0.0,0.0,0.114,optimal
2021-02-11 14:30:00,22,2,1.1428571428571428,0.0,0.0,0.07,optimal
2021-02-11 15:00:00,22,2,1.1428571428571428,0.0,0.0,0.07733333333333332,optimal
2021-02-11 15:30:00,22,2,1.1428571428571428,0.0,0.0,0.12866666666666665,optimal
2021-02-11 16:00:00,22,2,0.0,0.0,0.0,0.07,optimal
2021-02-11 16:30:00,22,2,0.0,0.0,0.0,0.33453333333333335,optimal
2021-02-11 17:00:00,22,2,0.0,0.0774074074074074,0.0,1.9172,optimal
2021-02-11 17:30:00,22,2,0.0,0.1548148148148148,0.0,0.09340000000000001,optimal
2021-02-11 18:00:00,22,2,0.0,0.6192592592592592,0.0,2.337133333333333,optimal
2021-02-11 18:30:00,22,2,0.0,0.23222222222222222,0.0,0.3796333333333333,optimal
2021-02-11 19:00:00,22,2,0.0,0.0,0.0,0.3719333333333333,optimal
2021-02-11 19:30:00,22,2,0.8772614390216279,0.0,0.0,0.28076666666666666,optimal
2021-02-11 20:00:00,22,2,0.9659521766122945,0.0774074074074074,0.0,0.15213333333333331,optimal
2021-02-11 20:30:00,22,2,0.0,0.0774074074074074,0.0,0.2422,optimal
2021-02-11 21:00:00,22,2,0.0,1.7803703703703702,0.0,0.43896666666666656,optimal
2021-02-11 21:30:00,22,2,0.0,0.23222222222222222,0.0,0.21546666666666667,optimal
2021-02-11 22:00:00,22,2,0.0,0.0,0.0,0.13903333333333334,optimal
2021-02-11 22:30:00,22,2,0.0,0.0,0.0,0.136,optimal
2021-02-11 23:00:00,22,2,0.0,0.0,0.0,0.07,optimal
2021-02-11 23:30:00,22,2,0.0,0.0,0.0,0.06866666666666667,optimal
2021-02-12 00:00:00,22,2,1.1428571428571428,0.0,0.0,0.066,optimal
2021-02-12 00:30:00,22,2,1.1428571428571428,0.0,0.0,0.066,optimal
2021-02-12 01:00:00,22,2,1.1428571428571428,0.0,0.0,0.066,optimal
2021-02-12 01:30:00,22,2,1.1428571428571428,0.0,0.0,0.066,optimal
2021-02-12 02:00:00,22,2,1.1428571428571428,0.0,0.0,0.066,optimal
2021-02-12 02:30:00,22,2,1.1428571428571428,0.0,0.0,0.066,optimal
2021-02-12 03:00:00,22,2,1.1428571428571428,0.0,0.0,0.066,optimal
2021-02-12 03:30:00,22,2,1.1428571428571428,0.0,0.0,0.066,optimal
2021-02-12 04:00:00,22,2,1.1428571428571428,0.0,0.0,0.066,optimal
2021-02-12 04:30:00,22,2,1.1428571428571428,0.0,0.0,0.066,optimal
2021-02-12 05:00:00,22,2,1.1428571428571428,1.548148148148148,0.0,0.064,optimal
2021-02-12 05:30:00,22,2,1.1428571428571428,0.6192592592592592,0.0,0.064,optimal
2021-02-12 06:00:00,22,2,1.1428571428571428,0.0,0.0,0.07046666666666666,optimal
2021-02-12 06:30:00,22,2,1.1428571428571428,3.096296296296296,7.027231849239624,0.1585,optimal
2021-02-12 07:00:00,22,2,1.1428571428571428,2.5544444444444445,10.0,0.22653333333333334,optimal
2021-02-12 07:30:00,22,2,1.1428571428571428,9.050332595937858,0.0,0.076,optimal
2021-02-12 08:00:00,22,2,0.9957857529417803,0.0,0.0,0.076,optimal
2021-02-12 08:30:00,22,2,1.0043417706727757,0.0,0.0,0.076,optimal
2021-02-12 09:00:00,22,2,0.8487898338175203,0.0,0.0,0.22713333333333333,optimal
2021-02-12 09:30:00,22,2,0.7101593530622422,0.0,0.0,0.33126666666666665,optimal
2021-02-12 10:00:00,22,2,0.5355537960334719,0.0,0.0,0.217,optimal
2021-02-12 10:30:00,22,2,0.47108937961909403,0.0,0.0,0.30206666666666665,optimal
2021-02-12 11:00:00,22,2,0.3982681248527526,0.0774074074074074,0.0,0.2923,optimal
2021-02-12 11:30:00,22,2,0.38278054899142294,0.0,0.0,0.24863333333333332,optimal
2021-02-12 12:00:00,22,2,0.3713498306204005,0.0,0.0,0.074,optimal
2021-02-12 12:30:00,22,2,0.33908701666385094,0.0,0.0,0.2145,optimal
2021-02-12 13:00:00,22,2,1.1428571428571428,0.6966666666666667,0.0,0.2695,optimal
2021-02-12 13:30:00,22,2,1.1428571428571428,0.0,0.0,1.2241,optimal
2021-02-12 14:00:00,22,2,1.1428571428571428,0.0,0.0,0.7977666666666666,optimal
2021-02-12 14:30:00,22,2,1.1428571428571428,0.0,0.0,0.42660000000000003,optimal
2021-02-12 15:00:00,22,2,1.1428571428571428,0.0,0.0,0.44360000000000005,optimal
2021-02-12 15:30:00,22,2,1.1428571428571428,0.0774074074074074,0.0,0.5505,optimal
2021-02-12 16:00:00,22,2,0.0,0.0,0.0,0.3012666666666666,optimal
2021-02-12 16:30:00,22,2,0.0,0.3096296296296296,0.0,0.44996666666666657,optimal
2021-02-12 17:00:00,22,2,0.0,0.0,0.0,0.332,optimal
2021-02-12 17:30:00,22,2,0.0,0.0,0.0,0.26026666666666665,optimal
2021-02-12 18:00:00,22,2,0.0,0.0,0.0,0.31543333333333334,optimal
2021-02-12 18:30:00,22,2,0.0,0.46444444444444444,0.0,0.3905,optimal
2021-02-12 19:00:00,22,2,0.0,0.0,0.0,0.18216666666666662,optimal
2021-02-12 19:30:00,22,2,0.058345563319783716,0.0774074074074074,0.0,0.515,optimal
2021-02-12 20:00:00,22,2,0.631868007903684,0.0,0.0,0.4296333333333333,optimal
2021-02-12 20:30:00,22,2,0.0,2.2448148148148146,0.0,0.38006666666666666,optimal
2021-02-12 21:00:00,22,2,0.0,0.0,0.0,0.38196666666666657,optimal
2021-02-12 21:30:00,22,2,0.0,0.0,0.0,0.30419999999999997,optimal
2021-02-12 22:00:00,22,2,0.0,6.27,0.0,0.38796666666666657,optimal
2021-02-12 22:30:00,22,2,0.0,0.0,0.0,0.371,optimal
2021-02-12 23:00:00,22,2,0.0,0.3096296296296296,0.0,0.34806666666666664,optimal
2021-02-12 23:30:00,22,2,0.0,0.0,0.0,0.3751333333333333,optimal
2021-02-13 00:00:00,22,2,0.0,0.0,0.0,0.067,optimal
2021-02-13 00:30:00,22,2,0.0,0.0,0.0,0.067,optimal
2021-02-13 01:00:00,22,2,0.525727191997243,0.0,0.0,0.067,optimal
2021-02-13 01:30:00,22,2,1.1428571428571428,0.0,0.0,0.067,optimal
2021-02-13 02:00:00,22,2,1.1428571428571428,0.0,0.0,0.067,optimal
2021-02-13 02:30:00,22,2,1.1428571428571428,0.0,0.0,0.067,optimal
2021-02-13 03:00:00,22,2,1.1428571428571428,0.0,0.0,0.067,optimal
2021-02-13 03:30:00,22,2,1.1428571428571428,0.0,0.0,0.067,optimal
2021-02-13 04:00:00,22,2,1.1428571428571428,0.0,0.0,0.067,optimal
2021-02-13 04:30:00,22,2,1.1428571428571428,0.1548148148148148,5.8759594541692195,0.5415333333333333,optimal
2021-02-13 05:00:00,22,2,1.1428571428571428,0.46444444444444444,10.0,0.8533333333333334,optimal
2021-02-13 05:30:00,22,2,1.1428571428571428,0.5418518518518518,0.0,0.0728,optimal
2021-02-13 06:00:00,22,2,1.1428571428571428,5.186296296296297,0.0,0.08633333333333333,optimal
2021-02-13 06:30:00,22,2,1.1428571428571428,0.3096296296296296,0.0,0.0841,optimal
2021-02-13 07:00:00,22,2,1.1428571428571428,0.46444444444444444,0.0,0.088,optimal
2021-02-13 07:30:00,22,2,1.1428571428571428,0.0,0.0,0.077,optimal
2021-02-13 08:00:00,22,2,0.8883212455899906,0.0,0.0,0.077,optimal
2021-02-13 08:30:00,22,2,0.8593250983001017,0.23222222222222222,0.0,0.08066666666666668,optimal
2021-02-13 09:00:00,22,2,0.824086683739376,0.0,0.0,0.077,optimal
2021-02-13 09:30:00,22,2,0.8133916615756258,0.0,0.0,0.077,optimal
2021-02-13 10:00:00,22,2,0.7005484380298123,0.0,0.0,0.077,optimal
2021-02-13 10:30:00,22,2,0.6833618145494508,0.0,0.0,0.08066666666666668,optimal
2021-02-13 11:00:00,22,2,0.576357323194081,0.0,0.0,0.077,optimal
2021-02-13 11:30:00,22,2,0.5742183187613261,0.0,0.0,0.077,optimal
2021-02-13 12:00:00,22,2,0.5232258267110789,0.0,0.0,0.077,optimal
2021-02-13 12:30:00,22,2,0.4613763892741493,0.3096296296296296,0.0,0.0761,optimal
2021-02-13 13:00:00,22,2,1.1428571428571428,0.23222222222222222,0.0,0.0856,optimal
2021-02-13 13:30:00,22,2,1.1428571428571428,0.0,0.0,0.2866,optimal
2021-02-13 14:00:00,22,2,1.1428571428571428,0.0,0.0,0.264,optimal
2021-02-13 14:30:00,22,2,1.1428571428571428,0.1548148148148148,0.0,1.4653333333333332,optimal
2021-02-13 15:00:00,22,2,1.1428571428571428,0.0,0.0,0.7182000000000001,optimal
2021-02-13 15:30:00,22,2,1.1428571428571428,0.387037037037037,0.0,1.5311333333333335,optimal
2021-02-13 16:00:00,22,2,0.0,0.46444444444444444,0.0,1.0964,optimal
2021-02-13 16:30:00,22,2,0.0,0.0774074074074074,0.0,0.9937666666666668,optimal
2021-02-13 17:00:00,22,2,0.0,0.0,0.0,0.3247,optimal
2021-02-13 17:30:00,22,2,0.0,0.23222222222222222,0.0,0.299,optimal
2021-02-13 18:00:00,22,2,0.0,0.23222222222222222,0.0,0.6742666666666667,optimal
2021-02-13 18:30:00,22,2,0.0,0.387037037037037,0.0,0.8200666666666667,optimal
2021-02-13 19:00:00,22,2,0.0,0.3096296296296296,0.0,0.4271666666666667,optimal
2021-02-13 19:30:00,22,2,0.0,0.0,0.0,1.1719000000000002,optimal
2021-02-13 20:00:00,22,2,0.2919402186639192,0.0,0.0,0.7707333333333334,optimal
2021-02-13 20:30:00,22,2,0.0,0.0774074074074074,0.0,0.6136,optimal
2021-02-13 21:00:00,22,2,0.0,0.0,0.0,0.5658333333333334,optimal
2021-02-13 21:30:00,22,2,0.0,0.0,0.0,0.6081666666666666,optimal
2021-02-13 22:00:00,22,2,0.0,0.387037037037037,0.0,0.5859,optimal
2021-02-13 22:30:00,22,2,0.0,0.3096296296296296,0.0,0.5573333333333333,optimal
2021-02-13 23:00:00,22,2,0.0,0.0,0.0,0.39826666666666666,optimal
2021-02-13 23:30:00,22,2,0.0,0.0,0.0,0.077,optimal
2021-02-07 00:00:00,23,2,0.0,0.0,0.0,0.055,optimal
2021-02-07 00:30:00,23,2,0.0,0.0,0.0,0.055,optimal
2021-02-07 01:00:00,23,2,0.0,0.0,0.0,0.16419999999999998,optimal
2021-02-07 01:30:00,23,2,0.0,0.0,0.0,0.1232,optimal
2021-02-07 02:00:00,23,2,0.0,0.0,0.0,0.0676,optimal
2021-02-07 02:30:00,23,2,0.0,0.0,0.0,0.1694,optimal
2021-02-07 03:00:00,23,2,0.0,0.0,0.0,0.1222,optimal
2021-02-07 03:30:00,23,2,0.0,0.0,0.0,0.0634,optimal
2021-02-07 04:00:00,23,2,1.1428571428571428,0.0,0.0,0.055,optimal
2021-02-07 04:30:00,23,2,1.1428571428571428,0.0,0.0,0.107,optimal
2021-02-07 05:00:00,23,2,1.1428571428571428,0.0,0.0,0.193,optimal
2021-02-07 05:30:00,23,2,1.1428571428571428,0.0,0.0,0.0654,optimal
2021-02-07 06:00:00,23,2,1.1428571428571428,0.0,0.0,0.2346,optimal
2021-02-07 06:30:00,23,2,1.1428571428571428,0.0,0.0,0.055,optimal
2021-02-07 07:00:00,23,2,1.1428571428571428,0.387037037037037,1.9104478659086885,0.8676,optimal
2021-02-07 07:30:00,23,2,0.0,0.387037037037037,0.0,0.1416,optimal
2021-02-07 08:00:00,23,2,0.1436059827849395,2.0899999999999994,0.0,0.9638,optimal
2021-02-07 08:30:00,23,2,0.5844640642561663,0.774074074074074,0.0,0.29183333333333333,optimal
2021-02-07 09:00:00,23,2,0.4034026136683611,0.387037037037037,0.0,0.6785333333333333,optimal
2021-02-07 09:30:00,23,2,0.7160731330451348,0.0,0.0,0.1586,optimal
2021-02-07 10:00:00,23,2,0.6841424802154522,0.0,0.0,0.1152,optimal
2021-02-07 10:30:00,23,2,0.689563346223812,0.0,0.0,0.11120000000000001,optimal
2021-02-07 11:00:00,23,2,0.6504157217144773,0.0,0.0,0.065,optimal
2021-02-07 11:30:00,23,2,0.611672864571611,0.0,0.0,0.2006,optimal
2021-02-07 12:00:00,23,2,0.5960121357849651,0.0,0.0,0.1194,optimal
2021-02-07 12:30:00,23,2,0.5995549929278174,0.0,0.0,0.107,optimal
2021-02-07 13:00:00,23,2,1.1428571428571428,0.0,0.0,0.19726666666666667,optimal
2021-02-07 13:30:00,23,2,1.1428571428571428,0.387037037037037,0.0,0.47323333333333334,optimal
2021-02-07 14:00:00,23,2,1.1428571428571428,0.0774074074074074,0.0,0.348,optimal
2021-02-07 14:30:00,23,2,1.1428571428571428,0.23222222222222222,0.0,1.7183333333333333,optimal
2021-02-07 15:00:00,23,2,1.1428571428571428,0.0,0.0,0.47693333333333326,optimal
2021-02-07 15:30:00,23,2,1.1428571428571428,0.387037037037037,0.0,0.3409333333333333,optimal
2021-02-07 16:00:00,23,2,0.0,0.0,0.0,0.344,optimal
2021-02-07 16:30:00,23,2,0.0,0.6966666666666667,0.0,0.4525,optimal
2021-02-07 17:00:00,23,2,0.0,0.5418518518518518,0.0,0.4849666666666666,optimal
2021-02-07 17:30:00,23,2,0.0,0.23222222222222222,0.0,0.43396666666666656,optimal
2021-02-07 18:00:00,23,2,0.0,0.387037037037037,0.0,0.5647000000000001,optimal
2021-02-07 18:30:00,23,2,0.0,0.6966666666666667,0.0,0.28186666666666665,optimal
2021-02-07 19:00:00,23,2,0.0,0.0,0.0,0.7371,optimal
2021-02-07 19:30:00,23,2,0.13101099901542987,0.0774074074074074,0.0,0.48286666666666667,optimal
2021-02-07 20:00:00,23,2,0.5239327652436376,0.1548148148148148,0.0,0.29810000000000003,optimal
2021-02-07 20:30:00,23,2,0.0,0.0,0.0,0.3216,optimal
2021-02-07 21:00:00,23,2,0.0,0.3096296296296296,0.0,0.4088333333333333,optimal
2021-02-07 21:30:00,23,2,0.0,0.387037037037037,0.0,1.4679,optimal
2021-02-07 22:00:00,23,2,0.0,0.23222222222222222,0.0,0.7845333333333333,optimal
2021-02-07 22:30:00,23,2,0.0,0.0,0.0,0.28126666666666666,optimal
2021-02-07 23:00:00,23,2,0.0,0.0,0.0,0.28656666666666664,optimal
2021-02-07 23:30:00,23,2,0.0,0.0,0.0,0.2537666666666667,optimal
2021-02-08 00:00:00,23,2,0.0,0.0,0.0,0.09663333333333333,optimal
2021-02-08 00:30:00,23,2,0.0,0.0,0.0,0.19030000000000002,optimal
2021-02-08 01:00:00,23,2,0.0,0.0,0.0,0.16933333333333334,optimal
2021-02-08 01:30:00,23,2,0.12027421619558915,0.0,0.0,0.163,optimal
2021-02-08 02:00:00,23,2,1.1428571428571428,0.0,0.0,0.12393333333333334,optimal
2021-02-08 02:30:00,23,2,1.1428571428571428,0.0,0.0,0.1586,optimal
2021-02-08 03:00:00,23,2,1.1428571428571428,0.0,0.0,0.17843333333333333,optimal
2021-02-08 03:30:00,23,2,1.1428571428571428,0.0,0.0,0.06703333333333333,optimal
2021-02-08 04:00:00,23,2,1.1428571428571428,0.0,0.0,0.22913333333333333,optimal
2021-02-08 04:30:00,23,2,1.1428571428571428,0.0,0.0,0.16513333333333333,optimal
2021-02-08 05:00:00,23,2,1.1428571428571428,0.2740222222222222,7.491307394223554,0.16733333333333333,optimal
2021-02-08 05:30:00,23,2,1.1428571428571428,4.084014814814815,0.0,0.11353333333333332,optimal
2021-02-08 06:00:00,23,2,1.1428571428571428,5.591911111111111,0.0,0.20386666666666667,optimal
2021-02-08 06:30:00,23,2,1.1428571428571428,2.3578296296296295,0.0,0.15419999999999998,optimal
2021-02-08 07:00:00,23,2,1.1428571428571428,2.631851851851852,0.0,0.07133333333333333,optimal
2021-02-08 07:30:00,23,2,1.1428571428571428,0.387037037037037,0.0,0.22373333333333328,optimal
2021-02-08 08:00:00,23,2,0.6784864432582833,0.8514814814814814,0.0,0.18653333333333333,optimal
2021-02-08 08:30:00,23,2,0.7504596902190224,0.0,0.0,0.17976666666666669,optimal
2021-02-08 09:00:00,23,2,0.7407271341512021,0.0,0.0,0.13683333333333333,optimal
2021-02-08 09:30:00,23,2,0.5312177399005743,0.0,0.0,0.9609666666666669,optimal
2021-02-08 10:00:00,23,2,0.6452836530553079,0.0,0.0,0.11896666666666668,optimal
2021-02-08 10:30:00,23,2,0.6243197139726134,0.0,0.0,0.21480000000000002,optimal
2021-02-08 11:00:00,23,2,0.53761155268537,0.0,0.0,0.17933333333333334,optimal
2021-02-08 11:30:00,23,2,0.5658342880153662,0.0,0.0,0.2349333333333333,optimal
2021-02-08 12:00:00,23,2,1.1428571428571428,0.0,0.0,0.1525,optimal
2021-02-08 12:30:00,23,2,1.1428571428571428,0.0,0.0,0.18943333333333331,optimal
2021-02-08 13:00:00,23,2,1.1428571428571428,0.0,0.0,0.14433333333333334,optimal
2021-02-08 13:30:00,23,2,1.1428571428571428,0.0,0.0,0.17933333333333334,optimal
2021-02-08 14:00:00,23,2,1.1428571428571428,0.0,0.0,0.13743333333333332,optimal
2021-02-08 14:30:00,23,2,1.1428571428571428,0.0,0.0,0.22316666666666662,optimal
2021-02-08 15:00:00,23,2,1.1428571428571428,0.0,0.0,0.13726666666666668,optimal
2021-02-08 15:30:00,23,2,1.1428571428571428,0.0,0.0,0.22333333333333327,optimal
2021-02-08 16:00:00,23,2,0.0,0.0,0.0,0.17933333333333334,optimal
2021-02-08 16:30:00,23,2,0.0,0.0,0.0,0.072,optimal
2021-02-08 17:00:00,23,2,0.0,0.0,0.0,0.34226666666666666,optimal
2021-02-08 17:30:00,23,2,0.0,0.0,0.0,0.072,optimal
2021-02-08 18:00:00,23,2,0.0,0.0,0.0,0.8428666666666667,optimal
2021-02-08 18:30:00,23,2,0.0,0.0774074074074074,0.0,0.5653666666666667,optimal
2021-02-08 19:00:00,23,2,0.0,0.0,0.0,0.21259999999999998,optimal
2021-02-08 19:30:00,23,2,0.7920935903481033,0.0,0.0,0.1777,optimal
2021-02-08 20:00:00,23,2,0.6885677465034927,0.0,0.0,0.3475,optimal
2021-02-08 20:30:00,23,2,0.0,0.1548148148148148,0.0,0.19466666666666663,optimal
2021-02-08 21:00:00,23,2,0.0,0.0,0.0,0.5900666666666667,optimal
2021-02-08 21:30:00,23,2,0.0,0.0,0.0,0.49689999999999995,optimal
2021-02-08 22:00:00,23,2,0.0,0.0,0.0,0.6115333333333333,optimal
2021-02-08 22:30:00,23,2,0.0,2.631851851851852,0.0,0.5298333333333334,optimal
2021-02-08 23:00:00,23,2,0.0,0.0774074074074074,0.0,0.23963333333333334,optimal
2021-02-08 23:30:00,23,2,0.0,0.0,0.0,0.18606666666666663,optimal
2021-02-09 00:00:00,23,2,0.0,0.0,0.0,0.06,optimal
2021-02-09 00:30:00,23,2,0.0,0.0,0.0,0.06,optimal
2021-02-09 01:00:00,23,2,0.4182353429535132,0.0,0.0,0.06,optimal
2021-02-09 01:30:00,23,2,1.1428571428571428,0.0,0.0,0.06,optimal
2021-02-09 02:00:00,23,2,1.1428571428571428,0.0,0.0,0.06,optimal
2021-02-09 02:30:00,23,2,1.1428571428571428,0.0,0.0,0.06,optimal
2021-02-09 03:00:00,23,2,1.1428571428571428,0.0,0.0,0.06,optimal
2021-02-09 03:30:00,23,2,1.1428571428571428,0.0,0.0,0.06,optimal
2021-02-09 04:00:00,23,2,1.1428571428571428,0.0,0.0,0.06,optimal
2021-02-09 04:30:00,23,2,1.1428571428571428,0.0,0.0,0.06,optimal
2021-02-09 05:00:00,23,2,1.1428571428571428,0.0,0.0,0.06,optimal
2021-02-09 05:30:00,23,2,1.1428571428571428,0.0,0.0,0.06,optimal
2021-02-09 06:00:00,23,2,1.1428571428571428,0.0,0.0,0.06,optimal
2021-02-09 06:30:00,23,2,1.1428571428571428,0.0,8.474572013460632,0.06266666666666666,optimal
2021-02-09 07:00:00,23,2,1.1428571428571428,0.6192592592592592,10.0,0.35660000000000003,optimal
2021-02-09 07:30:00,23,2,1.1428571428571428,0.23222222222222222,0.0,0.7625,optimal
2021-02-09 08:00:00,23,2,0.6744075706668229,0.5418518518518518,0.0,0.22119999999999998,optimal
2021-02-09 08:30:00,23,2,0.5739334145114389,0.0,0.0,0.6012000000000001,optimal
2021-02-09 09:00:00,23,2,0.6496661755872989,0.0,0.0,0.21919999999999998,optimal
2021-02-09 09:30:00,23,2,0.5988226251812779,0.0,0.0,0.24480000000000002,optimal
2021-02-09 10:00:00,23,2,0.44426655490823913,0.387037037037037,0.0,0.2516,optimal
2021-02-09 10:30:00,23,2,0.4869048660778264,0.1548148148148148,0.0,0.2467333333333333,optimal
2021-02-09 11:00:00,23,2,0.35313059183906836,0.46444444444444444,0.0,0.2576,optimal
2021-02-09 11:30:00,23,2,0.2947439683586996,0.8514814814814814,0.0,0.3221,optimal
2021-02-09 12:00:00,23,2,0.228492899079492,0.387037037037037,0.0,0.3454,optimal
2021-02-09 12:30:00,23,2,1.0914339469254615,0.0,0.0,0.168,optimal
2021-02-09 13:00:00,23,2,1.1428571428571428,0.0,0.0,0.07,optimal
2021-02-09 13:30:00,23,2,1.1428571428571428,0.0,0.0,0.07,optimal
2021-02-09 14:00:00,23,2,1.1428571428571428,0.0,0.0,0.07,optimal
2021-02-09 14:30:00,23,2,1.1428571428571428,0.0,0.0,0.07,optimal
2021-02-09 15:00:00,23,2,1.1428571428571428,0.0,0.0,0.07,optimal
2021-02-09 15:30:00,23,2,1.1428571428571428,0.0,0.0,0.07,optimal
2021-02-09 16:00:00,23,2,0.0,0.0,0.0,0.07,optimal
2021-02-09 16:30:00,23,2,0.0,0.0,0.0,0.07,optimal
2021-02-09 17:00:00,23,2,0.0,0.23222222222222222,0.0,0.3613,optimal
2021-02-09 17:30:00,23,2,0.0,0.0,0.0,0.2241,optimal
2021-02-09 18:00:00,23,2,0.0,0.1548148148148148,0.0,0.36860000000000004,optimal
2021-02-09 18:30:00,23,2,0.0,0.23222222222222222,0.0,0.6091,optimal
2021-02-09 19:00:00,23,2,0.0,0.0,0.0,0.4398,optimal
2021-02-09 19:30:00,23,2,0.6189777021759888,0.3096296296296296,0.0,0.252,optimal
2021-02-09 20:00:00,23,2,0.554406273604561,0.23222222222222222,0.0,0.305,optimal
2021-02-09 20:30:00,23,2,0.0,0.0,0.0,0.07,optimal
2021-02-09 21:00:00,23,2,0.0,0.0,0.0,0.07,optimal
2021-02-09 21:30:00,23,2,0.0,0.0,0.0,0.3046333333333333,optimal
2021-02-09 22:00:00,23,2,0.0,0.0,0.0,0.07,optimal
2021-02-09 22:30:00,23,2,0.0,0.0,0.0,0.07,optimal
2021-02-09 23:00:00,23,2,0.0,0.0,0.0,0.07,optimal
2021-02-09 23:30:00,23,2,0.0,0.0,0.0,0.07,optimal
2021-02-10 00:00:00,23,2,0.0,0.0,0.0,0.059,optimal
2021-02-10 00:30:00,23,2,0.4283598339952538,0.0,0.0,0.059,optimal
2021-02-10 01:00:00,23,2,1.1428571428571428,0.0,0.0,0.059,optimal
2021-02-10 01:30:00,23,2,1.1428571428571428,0.0,0.0,0.059,optimal
2021-02-10 02:00:00,23,2,1.1428571428571428,0.0,0.0,0.059,optimal
2021-02-10 02:30:00,23,2,1.1428571428571428,0.0,0.0,0.059,optimal
2021-02-10 03:00:00,23,2,1.1428571428571428,0.0,0.0,0.059,optimal
2021-02-10 03:30:00,23,2,1.1428571428571428,0.0,0.0,0.059,optimal
2021-02-10 04:00:00,23,2,1.1428571428571428,0.0,0.0,0.059,optimal
2021-02-10 04:30:00,23,2,1.1428571428571428,0.0,0.0,0.059,optimal
2021-02-10 05:00:00,23,2,1.1428571428571428,0.0,0.0,0.059,optimal
2021-02-10 05:30:00,23,2,1.1428571428571428,0.0,0.0,0.059,optimal
2021-02-10 06:00:00,23,2,1.1428571428571428,3.6613703703703697,4.403815704606975,0.13413333333333333,optimal
2021-02-10 06:30:00,23,2,1.1428571428571428,2.9182592592592598,10.0,0.2849,optimal
2021-02-10 07:00:00,23,2,1.1428571428571428,0.1548148148148148,10.0,0.067,optimal
2021-02-10 07:30:00,23,2,1.1428571428571428,0.3096296296296296,0.0,0.067,optimal
2021-02-10 08:00:00,23,2,0.5752283472111078,0.8514814814814814,0.0,0.255,optimal
2021-02-10 08:30:00,23,2,0.5652723294801132,0.1548148148148148,0.0,0.3611666666666667,optimal
2021-02-10 09:00:00,23,2,0.5625756754740914,0.0,0.0,0.192,optimal
2021-02-10 09:30:00,23,2,0.17439489583832832,0.0,0.0,4.407033333333334,optimal
2021-02-10 10:00:00,23,2,0.41638053984222906,0.0,0.0,2.8285,optimal
2021-02-10 10:30:00,23,2,0.5504968598773087,0.0,0.0,0.6139666666666667,optimal
2021-02-10 11:00:00,23,2,0.43043373121337064,0.0,0.0,0.2768,optimal
2021-02-10 11:30:00,23,2,0.30541286520501243,0.0,0.0,2.666866666666667,optimal
2021-02-10 12:00:00,23,2,0.19312625010869086,0.3096296296296296,0.0,2.859,optimal
2021-02-10 12:30:00,23,2,0.29592625010869883,0.23222222222222222,0.0,0.5064,optimal
2021-02-10 13:00:00,23,2,1.1428571428571428,0.0,0.0,0.30146666666666666,optimal
2021-02-10 13:30:00,23,2,1.1428571428571428,0.0,0.0,0.2347333333333333,optimal
2021-02-10 14:00:00,23,2,1.1428571428571428,0.0,0.0,0.322,optimal
2021-02-10 14:30:00,23,2,1.1428571428571428,0.1548148148148148,0.0,0.332,optimal
2021-02-10 15:00:00,23,2,1.1428571428571428,0.1548148148148148,0.0,0.337,optimal
2021-02-10 15:30:00,23,2,1.1428571428571428,0.0,0.0,1.2666,optimal
2021-02-10 16:00:00,23,2,0.0,0.0,0.0,0.4056666666666667,optimal
2021-02-10 16:30:00,23,2,0.0,0.0,0.0,0.15566666666666665,optimal
2021-02-10 17:00:00,23,2,0.0,0.0,0.0,0.067,optimal
2021-02-10 17:30:00,23,2,0.0,0.0774074074074074,0.0,0.067,optimal
2021-02-10 18:00:00,23,2,0.0,0.46444444444444444,0.0,0.067,optimal
2021-02-10 18:30:00,23,2,0.0,0.3096296296296296,0.0,0.09183333333333331,optimal
2021-02-10 19:00:00,23,2,0.0,0.0774074074074074,0.0,0.2935,optimal
2021-02-10 19:30:00,23,2,0.45906741982771054,0.3096296296296296,0.0,0.32666666666666666,optimal
2021-02-10 20:00:00,23,2,0.6756829868811394,2.8640740740740736,0.0,0.2263,optimal
2021-02-10 20:30:00,23,2,0.0,0.46444444444444444,0.0,0.19066666666666662,optimal
2021-02-10 21:00:00,23,2,0.0,0.23222222222222222,0.0,0.1819333333333333,optimal
2021-02-10 21:30:00,23,2,0.0,0.0,0.0,0.112,optimal
2021-02-10 22:00:00,23,2,0.0,0.0,0.0,0.19906666666666664,optimal
2021-02-10 22:30:00,23,2,0.0,0.0,0.0,0.11083333333333331,optimal
2021-02-10 23:00:00,23,2,0.0,0.0,0.0,0.069,optimal
2021-02-10 23:30:00,23,2,0.0,0.0,0.0,0.069,optimal
2021-02-11 00:00:00,23,2,1.1428571428571428,0.0,0.0,0.053666666666666654,optimal
2021-02-11 00:30:00,23,2,1.1428571428571428,0.0,0.0,0.054,optimal
2021-02-11 01:00:00,23,2,1.1428571428571428,0.0,0.0,0.17133333333333334,optimal
2021-02-11 01:30:00,23,2,1.1428571428571428,0.0,0.0,0.054,optimal
2021-02-11 02:00:00,23,2,1.1428571428571428,0.0,0.0,0.11266666666666668,optimal
2021-02-11 02:30:00,23,2,1.1428571428571428,0.0,0.0,0.11266666666666668,optimal
2021-02-11 03:00:00,23,2,1.1428571428571428,0.0,0.0,0.054,optimal
2021-02-11 03:30:00,23,2,1.1428571428571428,0.0,0.0,0.054,optimal
2021-02-11 04:00:00,23,2,1.1428571428571428,0.0,0.0,0.054,optimal
2021-02-11 04:30:00,23,2,1.1428571428571428,0.0,0.0,0.054,optimal
2021-02-11 05:00:00,23,2,1.1428571428571428,0.0,0.0,0.17133333333333334,optimal
2021-02-11 05:30:00,23,2,1.1428571428571428,0.0,0.0,0.054,optimal
2021-02-11 06:00:00,23,2,1.1428571428571428,0.0,0.0,0.054,optimal
2021-02-11 06:30:00,23,2,1.1428571428571428,0.0,6.9322465844545516,0.17133333333333334,optimal
2021-02-11 07:00:00,23,2,1.1428571428571428,0.0,10.0,0.054,optimal
2021-02-11 07:30:00,23,2,1.1428571428571428,8.478446877965535,0.0,0.08266666666666667,optimal
2021-02-11 08:00:00,23,2,0.5530591703653015,3.3285185185185178,0.0,0.9066333333333332,optimal
2021-02-11 08:30:00,23,2,0.6441523741397416,0.23222222222222222,0.0,0.6699333333333333,optimal
2021-02-11 09:00:00,23,2,0.7325883732844932,0.6192592592592592,0.0,0.07566666666666667,optimal
2021-02-11 09:30:00,23,2,0.5814393222418401,0.1548148148148148,0.0,0.21946666666666667,optimal
2021-02-11 10:00:00,23,2,0.29472417120304845,0.0774074074074074,0.0,0.9260666666666668,optimal
2021-02-11 10:30:00,23,2,0.6273769863008043,0.0,0.0,0.13866666666666666,optimal
2021-02-11 11:00:00,23,2,0.5655912279384127,0.0,0.0,0.10666666666666669,optimal
2021-02-11 11:30:00,23,2,0.5456966376376429,0.0,0.0,0.064,optimal
2021-02-11 12:00:00,23,2,1.0465712055850604,0.0,0.0,0.064,optimal
2021-02-11 12:30:00,23,2,1.1428571428571428,0.0,0.0,0.14933333333333335,optimal
2021-02-11 13:00:00,23,2,1.1428571428571428,0.46444444444444444,0.0,1.6236333333333335,optimal
2021-02-11 13:30:00,23,2,1.1428571428571428,0.0774074074074074,0.0,0.1254,optimal
2021-02-11 14:00:00,23,2,1.1428571428571428,0.0,0.0,0.06333333333333334,optimal
2021-02-11 14:30:00,23,2,1.1428571428571428,0.0,0.0,0.1813333333333333,optimal
2021-02-11 15:00:00,23,2,1.1428571428571428,0.0,0.0,0.064,optimal
2021-02-11 15:30:00,23,2,1.1428571428571428,0.0,0.0,0.064,optimal
2021-02-11 16:00:00,23,2,0.0,0.0,0.0,0.16533333333333333,optimal
2021-02-11 16:30:00,23,2,0.0,0.0,0.0,0.08,optimal
2021-02-11 17:00:00,23,2,0.0,0.1548148148148148,0.0,0.10566666666666669,optimal
2021-02-11 17:30:00,23,2,0.0,0.0,0.0,0.21816666666666662,optimal
2021-02-11 18:00:00,23,2,0.0,0.0,0.0,0.34613333333333335,optimal
2021-02-11 18:30:00,23,2,0.0,0.23222222222222222,0.0,0.6197999999999999,optimal
2021-02-11 19:00:00,23,2,0.0,0.3096296296296296,0.0,0.4129666666666666,optimal
2021-02-11 19:30:00,23,2,0.8735662009263895,0.0,0.0,0.49760000000000004,optimal
2021-02-11 20:00:00,23,2,0.9650474147075392,0.0,0.0,0.4542,optimal
2021-02-11 20:30:00,23,2,0.0,0.0,0.0,0.6134,optimal
2021-02-11 21:00:00,23,2,0.0,0.1548148148148148,0.0,0.3852,optimal
2021-02-11 21:30:00,23,2,0.0,0.0,0.0,0.43119999999999997,optimal
2021-02-11 22:00:00,23,2,0.0,0.0,0.0,0.4635,optimal
2021-02-11 22:30:00,23,2,0.0,0.0,0.0,0.501,optimal
2021-02-11 23:00:00,23,2,0.0,0.0,0.0,0.317,optimal
2021-02-11 23:30:00,23,2,0.0,0.0,0.0,0.3486666666666667,optimal
2021-02-12 00:00:00,23,2,1.1428571428571428,0.0,0.0,0.291,optimal
2021-02-12 00:30:00,23,2,1.1428571428571428,0.0774074074074074,0.0,0.32580000000000003,optimal
2021-02-12 01:00:00,23,2,1.1428571428571428,0.0,0.0,0.125,optimal
2021-02-12 01:30:00,23,2,1.1428571428571428,0.0,0.0,0.1799,optimal
2021-02-12 02:00:00,23,2,1.1428571428571428,0.0,0.0,0.0959,optimal
2021-02-12 02:30:00,23,2,1.1428571428571428,0.0,0.0,0.059,optimal
2021-02-12 03:00:00,23,2,1.1428571428571428,0.0,0.0,0.1082,optimal
2021-02-12 03:30:00,23,2,1.1428571428571428,0.0,0.0,0.0836,optimal
2021-02-12 04:00:00,23,2,1.1428571428571428,0.0,0.0,0.1262,optimal
2021-02-12 04:30:00,23,2,1.1428571428571428,0.0,0.0,0.1168,optimal
2021-02-12 05:00:00,23,2,1.1428571428571428,0.0,0.0,0.09179999999999999,optimal
2021-02-12 05:30:00,23,2,1.1428571428571428,0.0,1.128236710769401,0.059,optimal
2021-02-12 06:00:00,23,2,1.1428571428571428,0.0,10.0,0.18066666666666664,optimal
2021-02-12 06:30:00,23,2,1.1428571428571428,0.5418518518518518,10.0,1.2470999999999999,optimal
2021-02-12 07:00:00,23,2,1.1428571428571428,0.387037037037037,0.0,0.256,optimal
2021-02-12 07:30:00,23,2,1.1428571428571428,8.243673773833573,0.0,0.3778,optimal
2021-02-12 08:00:00,23,2,0.8442314672274926,1.6658074074074074,0.0,0.1814,optimal
2021-02-12 08:30:00,23,2,0.8433989135299228,1.1208592592592592,0.0,0.1762,optimal
2021-02-12 09:00:00,23,2,0.3177555481032301,0.0,0.0,2.7439666666666667,optimal
2021-02-12 09:30:00,23,2,0.7463403054431929,0.0774074074074074,0.0,0.11503333333333332,optimal
2021-02-12 10:00:00,23,2,0.5167918912715723,0.0,0.0,0.19266666666666662,optimal
2021-02-12 10:30:00,23,2,0.39242271295242664,0.3096296296296296,0.0,0.44906666666666667,optimal
2021-02-12 11:00:00,23,2,0.29274050580512856,0.0,0.0,0.6248666666666667,optimal
2021-02-12 11:30:00,23,2,0.2614586442295276,0.46444444444444444,0.0,1.264,optimal
2021-02-12 12:00:00,23,2,0.3317498306204026,0.387037037037037,0.0,0.2,optimal
2021-02-12 12:30:00,23,2,0.3056108261876512,2.1674074074074072,0.0,0.284,optimal
2021-02-12 13:00:00,23,2,0.4334067205427106,0.0,0.0,0.11266666666666668,optimal
2021-02-12 13:30:00,23,2,1.0563359722943595,0.0,0.0,0.153,optimal
2021-02-12 14:00:00,23,2,1.1428571428571428,0.0,0.0,0.1264,optimal
2021-02-12 14:30:00,23,2,1.1428571428571428,0.0,0.0,0.2567333333333333,optimal
2021-02-12 15:00:00,23,2,1.1428571428571428,0.23222222222222222,0.0,0.4681666666666667,optimal
2021-02-12 15:30:00,23,2,1.1428571428571428,3.6381481481481477,0.0,0.2994,optimal
2021-02-12 16:00:00,23,2,0.0,0.387037037037037,0.0,0.426,optimal
2021-02-12 16:30:00,23,2,0.0,0.3096296296296296,0.0,0.5064666666666666,optimal
2021-02-12 17:00:00,23,2,0.0,0.6192592592592592,0.0,0.30469999999999997,optimal
2021-02-12 17:30:00,23,2,0.0,0.0,0.0,0.5880666666666667,optimal
2021-02-12 18:00:00,23,2,0.0,0.774074074074074,0.0,0.30826666666666663,optimal
2021-02-12 18:30:00,23,2,0.0,0.5418518518518518,0.0,0.6945,optimal
2021-02-12 19:00:00,23,2,0.0,0.0,0.0,1.7347666666666668,optimal
2021-02-12 19:30:00,23,2,0.0,0.0774074074074074,0.0,0.34163333333333334,optimal
2021-02-12 20:00:00,23,2,0.0,0.0,0.0,0.446,optimal
2021-02-12 20:30:00,23,2,0.0,0.0774074074074074,0.0,0.3246,optimal
2021-02-12 21:00:00,23,2,0.0,0.0,0.0,0.1404,optimal
2021-02-12 21:30:00,23,2,0.0,0.0,0.0,0.1021,optimal
2021-02-12 22:00:00,23,2,0.0,0.3096296296296296,0.0,0.5302333333333333,optimal
2021-02-12 22:30:00,23,2,0.0,0.46444444444444444,0.0,0.47706666666666664,optimal
2021-02-12 23:00:00,23,2,0.0,0.0,0.0,0.16390000000000002,optimal
2021-02-12 23:30:00,23,2,0.0,0.0,0.0,0.13190000000000002,optimal
2021-02-13 00:00:00,23,2,0.0,0.0,0.0,0.065,optimal
2021-02-13 00:30:00,23,2,0.2770060334102049,0.0,0.0,0.17166666666666666,optimal
2021-02-13 01:00:00,23,2,1.1428571428571428,0.0,0.0,0.105,optimal
2021-02-13 01:30:00,23,2,1.1428571428571428,0.0,0.0,0.065,optimal
2021-02-13 02:00:00,23,2,1.1428571428571428,0.0,0.0,0.15166666666666664,optimal
2021-02-13 02:30:00,23,2,1.1428571428571428,0.0,0.0,0.125,optimal
2021-02-13 03:00:00,23,2,1.1428571428571428,0.0,0.0,0.065,optimal
2021-02-13 03:30:00,23,2,1.1428571428571428,0.0,0.0,0.21166666666666664,optimal
2021-02-13 04:00:00,23,2,1.1428571428571428,0.0,0.0,0.065,optimal
2021-02-13 04:30:00,23,2,1.1428571428571428,0.0,0.0,0.18,optimal
2021-02-13 05:00:00,23,2,1.1428571428571428,0.0,0.0,0.10666666666666669,optimal
2021-02-13 05:30:00,23,2,1.1428571428571428,0.0,0.0,0.065,optimal
2021-02-13 06:00:00,23,2,1.1428571428571428,0.0,0.0,0.085,optimal
2021-02-13 06:30:00,23,2,1.1428571428571428,0.3096296296296296,3.8677455558255693,1.6957666666666669,optimal
2021-02-13 07:00:00,23,2,1.1428571428571428,3.5607407407407403,10.0,0.3441,optimal
2021-02-13 07:30:00,23,2,1.1428571428571428,0.5418518518518518,0.0,0.6925333333333333,optimal
2021-02-13 08:00:00,23,2,0.6254574360661798,0.0,0.0,1.8349000000000002,optimal
2021-02-13 08:30:00,23,2,0.6626174792524847,0.1548148148148148,0.0,0.33816666666666667,optimal
2021-02-13 09:00:00,23,2,0.49545811231079934,0.0774074074074074,0.0,2.1692666666666667,optimal
2021-02-13 09:30:00,23,2,0.8138488044327611,0.0,0.0,0.075,optimal
2021-02-13 10:00:00,23,2,0.7010055808869594,0.0,0.0,0.075,optimal
2021-02-13 10:30:00,23,2,0.6569618145494521,0.0,0.0,0.22166666666666662,optimal
2021-02-13 11:00:00,23,2,0.6655864410175603,0.0,0.0,0.075,optimal
2021-02-13 11:30:00,23,2,1.1428571428571428,0.0,0.0,0.075,optimal
2021-02-13 12:00:00,23,2,1.1428571428571428,0.0,0.0,0.075,optimal
2021-02-13 12:30:00,23,2,1.1428571428571428,0.0,0.0,0.08166666666666667,optimal
2021-02-13 13:00:00,23,2,1.1428571428571428,0.0,0.0,0.215,optimal
2021-02-13 13:30:00,23,2,1.1428571428571428,0.0,0.0,0.075,optimal
2021-02-13 14:00:00,23,2,1.1428571428571428,0.0,0.0,0.195,optimal
2021-02-13 14:30:00,23,2,1.1428571428571428,0.0,0.0,0.10166666666666668,optimal
2021-02-13 15:00:00,23,2,1.1428571428571428,0.0,0.0,0.075,optimal
2021-02-13 15:30:00,23,2,1.1428571428571428,0.0,0.0,0.22166666666666662,optimal
2021-02-13 16:00:00,23,2,0.0,0.0,0.0,0.075,optimal
2021-02-13 16:30:00,23,2,0.0,0.0,0.0,0.075,optimal
2021-02-13 17:00:00,23,2,0.0,0.0,0.0,0.18166666666666662,optimal
2021-02-13 17:30:00,23,2,0.0,0.0,0.0,0.115,optimal
2021-02-13 18:00:00,23,2,0.0,0.3096296296296296,0.0,0.322,optimal
2021-02-13 18:30:00,23,2,0.0,6.579629629629631,0.0,0.5022666666666666,optimal
2021-02-13 19:00:00,23,2,0.0,0.6966666666666667,0.0,0.6536333333333333,optimal
2021-02-13 19:30:00,23,2,0.4926852371334202,0.0,0.0,0.7873666666666667,optimal
2021-02-13 20:00:00,23,2,0.5013289602846399,0.0,0.0,1.5864,optimal
2021-02-13 20:30:00,23,2,0.0,0.0,0.0,1.1938,optimal
2021-02-13 21:00:00,23,2,0.0,0.1548148148148148,0.0,0.7029666666666667,optimal
2021-02-13 21:30:00,23,2,0.0,0.0,0.0,0.4844,optimal
2021-02-13 22:00:00,23,2,0.0,0.0,0.0,0.4721,optimal
2021-02-13 22:30:00,23,2,0.0,0.0,0.0,0.39826666666666666,optimal
2021-02-13 23:00:00,23,2,0.0,0.0,0.0,0.5705333333333333,optimal
2021-02-13 23:30:00,23,2,0.0,0.0,0.0,2.344133333333333,optimal
2021-02-07 00:00:00,24,2,0.0,0.0,0.0,0.066,optimal
2021-02-07 00:30:00,24,2,0.0,0.0,0.0,0.09536666666666666,optimal
2021-02-07 01:00:00,24,2,0.0,0.0,0.0,0.1021,optimal
2021-02-07 01:30:00,24,2,0.0,0.0,0.0,0.059,optimal
2021-02-07 02:00:00,24,2,0.0,0.0,0.0,0.060333333333333336,optimal
2021-02-07 02:30:00,24,2,0.0,0.0,0.0,0.1255,optimal
2021-02-07 03:00:00,24,2,0.0,0.0,0.0,0.0793,optimal
2021-02-07 03:30:00,24,2,0.0,0.0,0.0,0.059,optimal
2021-02-07 04:00:00,24,2,1.1428571428571428,0.0,0.0,0.10796666666666668,optimal
2021-02-07 04:30:00,24,2,1.1428571428571428,0.0,0.0,0.07783333333333332,optimal
2021-02-07 05:00:00,24,2,1.1428571428571428,0.0,0.0,0.06276666666666667,optimal
2021-02-07 05:30:00,24,2,1.1428571428571428,0.0,0.0,0.13003333333333333,optimal
2021-02-07 06:00:00,24,2,1.1428571428571428,0.0,0.0,0.069,optimal
2021-02-07 06:30:00,24,2,1.1428571428571428,0.0,0.0,1.0257,optimal
2021-02-07 07:00:00,24,2,1.1428571428571428,0.6966666666666667,1.6063785740462473,0.9551000000000001,optimal
2021-02-07 07:30:00,24,2,0.0,0.46444444444444444,0.0,0.1248,optimal
2021-02-07 08:00:00,24,2,0.33507630088738805,0.0,0.0,0.2084,optimal
2021-02-07 08:30:00,24,2,0.6233402547323647,0.3096296296296296,0.0,0.2828,optimal
2021-02-07 09:00:00,24,2,0.6193835660493117,0.46444444444444444,0.0,0.215,optimal
2021-02-07 09:30:00,24,2,0.6099778949498966,2.2448148148148146,0.0,0.22943333333333332,optimal
2021-02-07 10:00:00,24,2,0.5217900992630728,0.0,0.0,0.3378,optimal
2021-02-07 10:30:00,24,2,0.7014776319380899,0.0,0.0,0.069,optimal
2021-02-07 11:00:00,24,2,0.6159871502858983,0.0,0.0,0.136,optimal
2021-02-07 11:30:00,24,2,0.5966157217144772,0.0,0.0,0.2038,optimal
2021-02-07 12:00:00,24,2,0.5188407072135326,0.0774074074074074,0.0,0.242,optimal
2021-02-07 12:30:00,24,2,0.9917433179801899,0.0,0.0,0.2938,optimal
2021-02-07 13:00:00,24,2,1.1428571428571428,0.0,0.0,0.0803,optimal
2021-02-07 13:30:00,24,2,1.1428571428571428,0.0,0.0,0.1255,optimal
2021-02-07 14:00:00,24,2,1.1428571428571428,0.0,0.0,0.1029,optimal
2021-02-07 14:30:00,24,2,1.1428571428571428,0.0,0.0,0.1029,optimal
2021-02-07 15:00:00,24,2,1.1428571428571428,0.0,0.0,0.19366666666666663,optimal
2021-02-07 15:30:00,24,2,1.1428571428571428,0.0,0.0,0.33546666666666664,optimal
2021-02-07 16:00:00,24,2,0.0,0.0774074074074074,0.0,1.4906333333333335,optimal
2021-02-07 16:30:00,24,2,0.0,0.387037037037037,0.0,0.7421333333333333,optimal
2021-02-07 17:00:00,24,2,0.0,0.23222222222222222,0.0,1.8432333333333328,optimal
2021-02-07 17:30:00,24,2,0.0,0.0,0.0,0.3077,optimal
2021-02-07 18:00:00,24,2,0.0,0.0774074074074074,0.0,2.2299333333333333,optimal
2021-02-07 18:30:00,24,2,0.0,0.23222222222222222,0.0,0.2916666666666667,optimal
2021-02-07 19:00:00,24,2,0.0,0.0774074074074074,0.0,2.0544333333333333,optimal
2021-02-07 19:30:00,24,2,0.5493422890531605,0.5418518518518518,0.0,0.3303333333333333,optimal
2021-02-07 20:00:00,24,2,0.5343327652436385,0.0,0.0,0.4363333333333333,optimal
2021-02-07 20:30:00,24,2,0.0,0.0,0.0,1.2278666666666667,optimal
2021-02-07 21:00:00,24,2,0.0,0.0,0.0,0.6454666666666667,optimal
2021-02-07 21:30:00,24,2,0.0,0.1548148148148148,0.0,0.4588666666666667,optimal
2021-02-07 22:00:00,24,2,0.0,0.0,0.0,0.4019666666666666,optimal
2021-02-07 22:30:00,24,2,0.0,0.0,0.0,0.45480000000000004,optimal
2021-02-07 23:00:00,24,2,0.0,0.0,0.0,0.1368,optimal
2021-02-07 23:30:00,24,2,0.0,0.0,0.0,0.069,optimal
2021-02-08 00:00:00,24,2,0.0,0.0,0.0,0.062,optimal
2021-02-08 00:30:00,24,2,0.0,0.0,0.0,0.062,optimal
2021-02-08 01:00:00,24,2,0.0,0.0,0.0,0.17,optimal
2021-02-08 01:30:00,24,2,0.3488063705812238,0.0,0.0,0.062,optimal
2021-02-08 02:00:00,24,2,1.1428571428571428,0.0,0.0,0.17,optimal
2021-02-08 02:30:00,24,2,1.1428571428571428,0.0,0.0,0.062,optimal
2021-02-08 03:00:00,24,2,1.1428571428571428,0.0,0.0,0.062,optimal
2021-02-08 03:30:00,24,2,1.1428571428571428,0.0,0.0,0.062,optimal
2021-02-08 04:00:00,24,2,1.1428571428571428,0.0,0.0,0.062,optimal
2021-02-08 04:30:00,24,2,1.1428571428571428,0.0,0.0,0.17,optimal
2021-02-08 05:00:00,24,2,1.1428571428571428,0.0,0.0,0.06333333333333334,optimal
2021-02-08 05:30:00,24,2,1.1428571428571428,0.0,0.0,0.10273333333333332,optimal
2021-02-08 06:00:00,24,2,1.1428571428571428,0.0,0.0,0.1376,optimal
2021-02-08 06:30:00,24,2,1.1428571428571428,0.0774074074074074,2.8501774515563745,0.06306666666666667,optimal
2021-02-08 07:00:00,24,2,1.1428571428571428,2.2448148148148146,10.0,0.0932,optimal
2021-02-08 07:30:00,24,2,1.1428571428571428,4.085562962962963,0.0,2.7145333333333332,optimal
2021-02-08 08:00:00,24,2,0.7224673956392346,0.3266592592592592,0.0,0.18006666666666665,optimal
2021-02-08 08:30:00,24,2,0.8058996902190219,0.0,0.0,0.15580000000000002,optimal
2021-02-08 09:00:00,24,2,0.7539880865321512,0.0,0.0,0.1676,optimal
2021-02-08 09:30:00,24,2,0.7154167875196233,0.0,0.0,0.2983,optimal
2021-02-08 10:00:00,24,2,0.658902700674358,0.0,0.0,0.072,optimal
2021-02-08 10:30:00,24,2,0.6653197139726106,0.0,0.0,0.072,optimal
2021-02-08 11:00:00,24,2,0.5684782193520422,0.0,0.0,0.072,optimal
2021-02-08 11:30:00,24,2,0.7011770680180983,0.0,0.0,0.0828,optimal
2021-02-08 12:00:00,24,2,1.1428571428571428,0.0,0.0,0.1692,optimal
2021-02-08 12:30:00,24,2,1.1428571428571428,0.0,0.0,0.07740000000000001,optimal
2021-02-08 13:00:00,24,2,1.1428571428571428,0.0,0.0,0.1746,optimal
2021-02-08 13:30:00,24,2,1.1428571428571428,0.0,0.0,0.07740000000000001,optimal
2021-02-08 14:00:00,24,2,1.1428571428571428,0.0,0.0,0.1746,optimal
2021-02-08 14:30:00,24,2,1.1428571428571428,0.0,0.0,0.072,optimal
2021-02-08 15:00:00,24,2,1.1428571428571428,0.0,0.0,0.18,optimal
2021-02-08 15:30:00,24,2,1.1428571428571428,0.0,0.0,0.072,optimal
2021-02-08 16:00:00,24,2,0.0,0.0,0.0,0.072,optimal
2021-02-08 16:30:00,24,2,0.0,0.0,0.0,0.41593333333333327,optimal
2021-02-08 17:00:00,24,2,0.0,0.3096296296296296,0.0,0.13103333333333333,optimal
2021-02-08 17:30:00,24,2,0.0,0.0,0.0,0.35910000000000003,optimal
2021-02-08 18:00:00,24,2,0.0,0.23222222222222222,0.0,0.41893333333333327,optimal
2021-02-08 18:30:00,24,2,0.0,0.0,0.0,0.1044,optimal
2021-02-08 19:00:00,24,2,0.0,0.0,0.0,0.27646666666666664,optimal
2021-02-08 19:30:00,24,2,0.44196978082429483,0.0774074074074074,0.0,0.7627999999999999,optimal
2021-02-08 20:00:00,24,2,0.5772153655511152,0.0,0.0,0.35156666666666664,optimal
2021-02-08 20:30:00,24,2,0.0,0.387037037037037,0.0,0.35619999999999996,optimal
2021-02-08 21:00:00,24,2,0.0,0.1548148148148148,0.0,0.5182666666666667,optimal
2021-02-08 21:30:00,24,2,0.0,0.1548148148148148,0.0,0.7566666666666666,optimal
2021-02-08 22:00:00,24,2,0.0,0.0774074074074074,0.0,0.42356666666666665,optimal
2021-02-08 22:30:00,24,2,0.0,0.0,0.0,0.5516333333333333,optimal
2021-02-08 23:00:00,24,2,0.0,0.0,0.0,0.3192,optimal
2021-02-08 23:30:00,24,2,0.0,0.0,0.0,0.17786666666666667,optimal
2021-02-09 00:00:00,24,2,0.0,0.0,0.0,0.056,optimal
2021-02-09 00:30:00,24,2,0.0,0.0,0.0,0.056,optimal
2021-02-09 01:00:00,24,2,0.0,0.0,0.0,0.15093333333333334,optimal
2021-02-09 01:30:00,24,2,0.8404173183551024,0.0,0.0,0.0916,optimal
2021-02-09 02:00:00,24,2,1.1428571428571428,0.0,0.0,0.056,optimal
2021-02-09 02:30:00,24,2,1.1428571428571428,0.0,0.0,0.056,optimal
2021-02-09 03:00:00,24,2,1.1428571428571428,0.0,0.0,0.18653333333333333,optimal
2021-02-09 03:30:00,24,2,1.1428571428571428,0.0,0.0,0.056,optimal
2021-02-09 04:00:00,24,2,1.1428571428571428,0.0,0.0,0.12126666666666668,optimal
2021-02-09 04:30:00,24,2,1.1428571428571428,0.0,0.0,0.1206,optimal
2021-02-09 05:00:00,24,2,1.1428571428571428,0.0,0.0,0.056,optimal
2021-02-09 05:30:00,24,2,1.1428571428571428,0.0,0.0,0.146,optimal
2021-02-09 06:00:00,24,2,1.1428571428571428,0.0,0.0,0.10653333333333331,optimal
2021-02-09 06:30:00,24,2,1.1428571428571428,0.0,1.4173506456172678,0.056,optimal
2021-02-09 07:00:00,24,2,1.1428571428571428,0.23222222222222222,10.0,0.1502666666666667,optimal
2021-02-09 07:30:00,24,2,1.1428571428571428,0.0,0.0,1.1057000000000001,optimal
2021-02-09 08:00:00,24,2,0.6702266182858675,0.6192592592592592,0.0,0.06916666666666667,optimal
2021-02-09 08:30:00,24,2,0.6717810335590564,7.044074074074074,0.0,0.09626666666666668,optimal
2021-02-09 09:00:00,24,2,0.6815328422539622,0.0,0.0,0.1596,optimal
2021-02-09 09:30:00,24,2,0.762679768038419,0.0,0.0,0.066,optimal
2021-02-09 10:00:00,24,2,0.617123697765382,0.0,0.0,0.18466666666666662,optimal
2021-02-09 10:30:00,24,2,0.6369429613159194,0.0,0.0,0.07786666666666665,optimal
2021-02-09 11:00:00,24,2,0.5374829727914504,0.0,0.0,0.066,optimal
2021-02-09 11:30:00,24,2,0.5353439683586955,0.0,0.0,0.066,optimal
2021-02-09 12:00:00,24,2,0.46541670860330364,0.0,0.0,0.07786666666666665,optimal
2021-02-09 12:30:00,24,2,1.0041317238834777,0.0774074074074074,0.0,0.789,optimal
2021-02-09 13:00:00,24,2,1.1428571428571428,0.3096296296296296,0.0,2.4218,optimal
2021-02-09 13:30:00,24,2,1.1428571428571428,0.1548148148148148,0.0,1.9481666666666668,optimal
2021-02-09 14:00:00,24,2,1.1428571428571428,0.0,0.0,0.064,optimal
2021-02-09 14:30:00,24,2,1.1428571428571428,0.23222222222222222,0.0,0.1886,optimal
2021-02-09 15:00:00,24,2,1.1428571428571428,0.0,0.0,0.07193333333333334,optimal
2021-02-09 15:30:00,24,2,1.1428571428571428,0.0,0.0,0.12533333333333332,optimal
2021-02-09 16:00:00,24,2,0.0,0.0,0.0,0.14193333333333333,optimal
2021-02-09 16:30:00,24,2,0.0,0.23222222222222222,0.0,0.19653333333333334,optimal
2021-02-09 17:00:00,24,2,0.0,0.3096296296296296,0.0,0.2627,optimal
2021-02-09 17:30:00,24,2,0.0,0.0,0.0,0.1372,optimal
2021-02-09 18:00:00,24,2,0.0,0.0,0.0,0.066,optimal
2021-02-09 18:30:00,24,2,0.0,0.0,0.0,0.19653333333333334,optimal
2021-02-09 19:00:00,24,2,0.0,0.0,0.0,0.066,optimal
2021-02-09 19:30:00,24,2,0.8002157974140844,0.0,0.0,0.09566666666666669,optimal
2021-02-09 20:00:00,24,2,0.6971681783664666,0.0774074074074074,0.0,0.23433333333333328,optimal
2021-02-09 20:30:00,24,2,0.0,0.0,0.0,1.2107,optimal
2021-02-09 21:00:00,24,2,0.0,0.0,0.0,0.2238,optimal
2021-02-09 21:30:00,24,2,0.0,0.0,0.0,0.12833333333333335,optimal
2021-02-09 22:00:00,24,2,0.0,0.0,0.0,0.066,optimal
2021-02-09 22:30:00,24,2,0.0,0.0,0.0,0.19653333333333334,optimal
2021-02-09 23:00:00,24,2,0.0,0.0,0.0,1.0779,optimal
2021-02-09 23:30:00,24,2,0.0,0.387037037037037,0.0,0.10743333333333334,optimal
2021-02-10 00:00:00,24,2,0.0,0.0,0.0,0.06,optimal
2021-02-10 00:30:00,24,2,0.4998389470335623,0.0,0.0,0.06,optimal
2021-02-10 01:00:00,24,2,1.1428571428571428,0.0,0.0,0.06,optimal
2021-02-10 01:30:00,24,2,1.1428571428571428,0.0,0.0,0.06,optimal
2021-02-10 02:00:00,24,2,1.1428571428571428,0.0,0.0,0.06,optimal
2021-02-10 02:30:00,24,2,1.1428571428571428,0.0,0.0,0.06,optimal
2021-02-10 03:00:00,24,2,1.1428571428571428,0.0,0.0,0.06,optimal
2021-02-10 03:30:00,24,2,1.1428571428571428,0.0,0.0,0.06,optimal
2021-02-10 04:00:00,24,2,1.1428571428571428,0.0,0.0,0.06,optimal
2021-02-10 04:30:00,24,2,1.1428571428571428,0.0,0.0,0.06,optimal
2021-02-10 05:00:00,24,2,1.1428571428571428,0.0,0.0,0.06,optimal
2021-02-10 05:30:00,24,2,1.1428571428571428,0.0,0.0,0.06,optimal
2021-02-10 06:00:00,24,2,1.1428571428571428,0.0,0.0,0.06,optimal
2021-02-10 06:30:00,24,2,1.1428571428571428,0.0,0.0,0.06266666666666666,optimal
2021-02-10 07:00:00,24,2,1.1428571428571428,0.6192592592592592,9.137135433402289,0.35660000000000003,optimal
2021-02-10 07:30:00,24,2,1.1428571428571428,0.23222222222222222,0.0,0.7625,optimal
2021-02-10 08:00:00,24,2,0.6904092995920681,0.5418518518518518,0.0,0.22119999999999998,optimal
2021-02-10 08:30:00,24,2,0.5877961390039174,0.0,0.0,0.6012000000000001,optimal
2021-02-10 09:00:00,24,2,0.6547280564264646,0.0,0.0,0.21919999999999998,optimal
2021-02-10 09:30:00,24,2,0.6081625148859414,0.0,0.0,0.24480000000000002,optimal
2021-02-10 10:00:00,24,2,0.4523329207946002,0.387037037037037,0.0,0.2516,optimal
2021-02-10 10:30:00,24,2,0.49924924082968514,0.1548148148148148,0.0,0.2467333333333333,optimal
2021-02-10 11:00:00,24,2,0.3897384931181344,0.46444444444444444,0.0,0.2576,optimal
2021-02-10 11:30:00,24,2,0.3292128652050108,0.8514814814814814,0.0,0.3221,optimal
2021-02-10 12:00:00,24,2,0.36711258802392294,0.387037037037037,0.0,0.3454,optimal
2021-02-10 12:30:00,24,2,1.1428571428571428,0.0,0.0,0.168,optimal
2021-02-10 13:00:00,24,2,1.1428571428571428,0.0,0.0,0.07,optimal
2021-02-10 13:30:00,24,2,1.1428571428571428,0.0,0.0,0.07,optimal
2021-02-10 14:00:00,24,2,1.1428571428571428,0.0,0.0,0.07,optimal
2021-02-10 14:30:00,24,2,1.1428571428571428,0.0,0.0,0.07,optimal
2021-02-10 15:00:00,24,2,1.1428571428571428,0.0,0.0,0.07,optimal
2021-02-10 15:30:00,24,2,1.1428571428571428,0.0,0.0,0.07,optimal
2021-02-10 16:00:00,24,2,0.0,0.0,0.0,0.07,optimal
2021-02-10 16:30:00,24,2,0.0,0.0,0.0,0.07,optimal
2021-02-10 17:00:00,24,2,0.0,0.23222222222222222,0.0,0.3613,optimal
2021-02-10 17:30:00,24,2,0.0,0.0,0.0,0.2241,optimal
2021-02-10 18:00:00,24,2,0.0,0.1548148148148148,0.0,0.36860000000000004,optimal
2021-02-10 18:30:00,24,2,0.0,0.23222222222222222,0.0,0.6091,optimal
2021-02-10 19:00:00,24,2,0.0,0.0,0.0,0.4398,optimal
2021-02-10 19:30:00,24,2,0.6767308218602383,0.3096296296296296,0.0,0.252,optimal
2021-02-10 20:00:00,24,2,0.6228544154525608,0.23222222222222222,0.0,0.305,optimal
2021-02-10 20:30:00,24,2,0.0,0.0,0.0,0.07,optimal
2021-02-10 21:00:00,24,2,0.0,0.0,0.0,0.07,optimal
2021-02-10 21:30:00,24,2,0.0,0.0,0.0,0.3046333333333333,optimal
2021-02-10 22:00:00,24,2,0.0,0.0,0.0,0.07,optimal
2021-02-10 22:30:00,24,2,0.0,0.0,0.0,0.07,optimal
2021-02-10 23:00:00,24,2,0.0,0.0,0.0,0.07,optimal
2021-02-10 23:30:00,24,2,0.0,0.0,0.0,0.07,optimal
2021-02-11 00:00:00,24,2,1.1428571428571428,0.0,0.0,0.057,optimal
2021-02-11 00:30:00,24,2,1.1428571428571428,0.0,0.0,0.148,optimal
2021-02-11 01:00:00,24,2,1.1428571428571428,0.0,0.0,0.2054,optimal
2021-02-11 01:30:00,24,2,1.1428571428571428,0.0,0.0,0.064,optimal
2021-02-11 02:00:00,24,2,1.1428571428571428,0.0,0.0,0.1354,optimal
2021-02-11 02:30:00,24,2,1.1428571428571428,0.0,0.0,0.218,optimal
2021-02-11 03:00:00,24,2,1.1428571428571428,0.0,0.0,0.1354,optimal
2021-02-11 03:30:00,24,2,1.1428571428571428,0.0,0.0,0.085,optimal
2021-02-11 04:00:00,24,2,1.1428571428571428,0.0,0.0,0.197,optimal
2021-02-11 04:30:00,24,2,1.1428571428571428,0.0,0.0,0.1354,optimal
2021-02-11 05:00:00,24,2,1.1428571428571428,0.0,0.0,0.064,optimal
2021-02-11 05:30:00,24,2,1.1428571428571428,0.0,0.0,0.064,optimal
2021-02-11 06:00:00,24,2,1.1428571428571428,0.0,0.0,0.2565,optimal
2021-02-11 06:30:00,24,2,1.1428571428571428,0.0,4.29631958103601,0.0969,optimal
2021-02-11 07:00:00,24,2,1.1428571428571428,0.0,10.0,0.09176666666666668,optimal
2021-02-11 07:30:00,24,2,1.1428571428571428,4.6164970013309805,0.0,0.2609666666666666,optimal
2021-02-11 08:00:00,24,2,0.8325163132224416,0.0,0.0,0.0849,optimal
2021-02-11 08:30:00,24,2,0.7343333265206905,0.0,0.0,0.257,optimal
2021-02-11 09:00:00,24,2,0.8839788494749737,0.0,0.0,0.071,optimal
2021-02-11 09:30:00,24,2,0.7733917031942247,0.0,0.0,0.211,optimal
2021-02-11 10:00:00,24,2,0.6226708378697092,0.0,0.0,0.064,optimal
2021-02-11 10:30:00,24,2,0.6001388910627163,0.0,0.0,0.2327,optimal
2021-02-11 11:00:00,24,2,0.5612102755574593,0.0,0.0,0.1207,optimal
2021-02-11 11:30:00,24,2,0.545325209066216,0.0,0.0,0.064,optimal
2021-02-11 12:00:00,24,2,0.37444960461193977,0.0,0.0,0.2894,optimal
2021-02-11 12:30:00,24,2,0.4110425469861975,0.0,0.0,0.064,optimal
2021-02-11 13:00:00,24,2,1.1428571428571428,0.0,0.0,0.169,optimal
2021-02-11 13:30:00,24,2,1.1428571428571428,0.0,0.0,0.113,optimal
2021-02-11 14:00:00,24,2,1.1428571428571428,0.0,0.0,0.5761666666666666,optimal
2021-02-11 14:30:00,24,2,1.1428571428571428,0.0,0.0,2.7123000000000004,optimal
2021-02-11 15:00:00,24,2,1.1428571428571428,0.0,0.0,1.0919333333333334,optimal
2021-02-11 15:30:00,24,2,1.1428571428571428,0.0,0.0,0.8764333333333333,optimal
2021-02-11 16:00:00,24,2,0.0,0.0,0.0,2.1049333333333333,optimal
2021-02-11 16:30:00,24,2,0.0,0.0,0.0,2.4783666666666666,optimal
2021-02-11 17:00:00,24,2,0.0,0.0,0.0,1.8549333333333327,optimal
2021-02-11 17:30:00,24,2,0.0,0.3096296296296296,0.0,0.5652,optimal
2021-02-11 18:00:00,24,2,0.0,0.23222222222222222,0.0,3.8166333333333333,optimal
2021-02-11 18:30:00,24,2,0.0,0.1548148148148148,0.0,0.43023333333333336,optimal
2021-02-11 19:00:00,24,2,0.0,0.23222222222222222,0.0,1.7330666666666665,optimal
2021-02-11 19:30:00,24,2,0.09137152871780105,0.6966666666666667,0.0,3.1655333333333333,optimal
2021-02-11 20:00:00,24,2,0.9088378908980099,0.0,0.0,0.21830000000000002,optimal
2021-02-11 20:30:00,24,2,0.0,0.46444444444444444,0.0,1.6468333333333331,optimal
2021-02-11 21:00:00,24,2,0.0,0.23222222222222222,0.0,0.28806666666666664,optimal
2021-02-11 21:30:00,24,2,0.0,0.23222222222222222,0.0,3.206733333333333,optimal
2021-02-11 22:00:00,24,2,0.0,0.9288888888888889,0.0,1.8972666666666669,optimal
2021-02-11 22:30:00,24,2,0.0,0.0,0.0,0.5124333333333333,optimal
2021-02-11 23:00:00,24,2,0.0,0.0,0.0,0.24856666666666663,optimal
2021-02-11 23:30:00,24,2,0.0,0.0,0.0,0.201,optimal
2021-02-12 00:00:00,24,2,1.1428571428571428,0.0,0.0,0.049,optimal
2021-02-12 00:30:00,24,2,1.1428571428571428,0.0,0.0,0.11353333333333332,optimal
2021-02-12 01:00:00,24,2,1.1428571428571428,0.0,0.0,0.1832,optimal
2021-02-12 01:30:00,24,2,1.1428571428571428,0.0,0.0,0.049,optimal
2021-02-12 02:00:00,24,2,1.1428571428571428,0.0,0.0,0.16026666666666667,optimal
2021-02-12 02:30:00,24,2,1.1428571428571428,0.0,0.0,0.13646666666666668,optimal
2021-02-12 03:00:00,24,2,1.1428571428571428,0.0,0.0,0.049,optimal
2021-02-12 03:30:00,24,2,1.1428571428571428,0.0,0.0,0.08913333333333334,optimal
2021-02-12 04:00:00,24,2,1.1428571428571428,0.0,0.0,0.135,optimal
2021-02-12 04:30:00,24,2,1.1428571428571428,0.0,0.0,0.1216,optimal
2021-02-12 05:00:00,24,2,1.1428571428571428,0.0,0.0,0.1522,optimal
2021-02-12 05:30:00,24,2,1.1428571428571428,0.0,0.0,0.07193333333333334,optimal
2021-02-12 06:00:00,24,2,1.1428571428571428,0.0,0.0,0.049,optimal
2021-02-12 06:30:00,24,2,1.1428571428571428,0.6192592592592592,0.0,0.24806666666666663,optimal
2021-02-12 07:00:00,24,2,1.1428571428571428,0.6192592592592592,7.616310160454015,0.054666666666666655,optimal
2021-02-12 07:30:00,24,2,1.1428571428571428,5.260229616620646,0.0,0.14046666666666666,optimal
2021-02-12 08:00:00,24,2,0.9210905148465428,0.0,0.0,0.16793333333333332,optimal
2021-02-12 08:30:00,24,2,0.9400274849584969,0.0,0.0,0.1316,optimal
2021-02-12 09:00:00,24,2,0.8177612623889463,0.23222222222222222,0.0,0.18906666666666663,optimal
2021-02-12 09:30:00,24,2,0.6782641149669975,0.387037037037037,0.0,0.2544,optimal
2021-02-12 10:00:00,24,2,0.4149099865096577,5.172362962962962,0.0,0.6053,optimal
2021-02-12 10:30:00,24,2,0.19027414152385022,1.6394888888888888,0.0,1.5659,optimal
2021-02-12 11:00:00,24,2,0.23733098199560404,0.0,0.0,1.8659333333333328,optimal
2021-02-12 11:30:00,24,2,0.29057102518189887,0.0,0.0,0.4771666666666667,optimal
2021-02-12 12:00:00,24,2,0.2741898306204033,0.387037037037037,0.0,0.5006,optimal
2021-02-12 12:30:00,24,2,0.2839574928543167,0.1548148148148148,0.0,0.47636666666666666,optimal
2021-02-12 13:00:00,24,2,1.1428571428571428,0.1548148148148148,0.0,0.3679,optimal
2021-02-12 13:30:00,24,2,1.1428571428571428,0.1548148148148148,0.0,0.26473333333333327,optimal
2021-02-12 14:00:00,24,2,1.1428571428571428,0.0,0.0,0.5422666666666667,optimal
2021-02-12 14:30:00,24,2,1.1428571428571428,0.3096296296296296,0.0,0.12840000000000001,optimal
2021-02-12 15:00:00,24,2,1.1428571428571428,0.0,0.0,0.24063333333333334,optimal
2021-02-12 15:30:00,24,2,1.1428571428571428,0.35142962962962954,0.0,0.1114,optimal
2021-02-12 16:00:00,24,2,0.0,0.5774592592592593,0.0,0.2511333333333333,optimal
2021-02-12 16:30:00,24,2,0.0,0.6966666666666667,0.0,0.5654,optimal
2021-02-12 17:00:00,24,2,0.0,0.0,0.0,0.2417333333333333,optimal
2021-02-12 17:30:00,24,2,0.0,0.23222222222222222,0.0,0.24706666666666663,optimal
2021-02-12 18:00:00,24,2,0.0,0.0,0.0,0.12166666666666669,optimal
2021-02-12 18:30:00,24,2,0.0,0.387037037037037,0.0,0.44980000000000003,optimal
2021-02-12 19:00:00,24,2,0.0,0.0,0.0,0.1864,optimal
2021-02-12 19:30:00,24,2,0.586143898346155,0.8514814814814814,0.0,0.1906,optimal
2021-02-12 20:00:00,24,2,0.6875918174274965,0.23222222222222222,0.0,0.2113333333333333,optimal
2021-02-12 20:30:00,24,2,0.0,0.0,0.0,0.4076666666666667,optimal
2021-02-12 21:00:00,24,2,0.0,0.387037037037037,0.0,1.4279666666666666,optimal
2021-02-12 21:30:00,24,2,0.0,0.0,0.0,1.1823333333333332,optimal
2021-02-12 22:00:00,24,2,0.0,0.1548148148148148,0.0,0.2359,optimal
2021-02-12 22:30:00,24,2,0.0,0.0,0.0,0.31589999999999996,optimal
2021-02-12 23:00:00,24,2,0.0,0.0,0.0,0.06473333333333334,optimal
2021-02-12 23:30:00,24,2,0.0,0.0,0.0,0.12726666666666667,optimal
2021-02-13 00:00:00,24,2,0.0,0.0,0.0,0.062,optimal
2021-02-13 00:30:00,24,2,0.0,0.0,0.0,0.061,optimal
2021-02-13 01:00:00,24,2,0.34690230795488297,0.0,0.0,0.1996,optimal
2021-02-13 01:30:00,24,2,1.1428571428571428,0.0,0.0,0.061,optimal
2021-02-13 02:00:00,24,2,1.1428571428571428,0.0,0.0,0.1492,optimal
2021-02-13 02:30:00,24,2,1.1428571428571428,0.0,0.0,0.1114,optimal
2021-02-13 03:00:00,24,2,1.1428571428571428,0.0,0.0,0.061,optimal
2021-02-13 03:30:00,24,2,1.1428571428571428,0.23222222222222222,0.0,0.10443333333333334,optimal
2021-02-13 04:00:00,24,2,1.1428571428571428,0.0,0.0,0.1555,optimal
2021-02-13 04:30:00,24,2,1.1428571428571428,0.0,0.0,0.061,optimal
2021-02-13 05:00:00,24,2,1.1428571428571428,0.0,0.0,0.187,optimal
2021-02-13 05:30:00,24,2,1.1428571428571428,0.0,0.0,0.0736,optimal
2021-02-13 06:00:00,24,2,1.1428571428571428,2.1674074074074072,0.0,0.1184,optimal
2021-02-13 06:30:00,24,2,1.1428571428571428,3.251111111111111,7.0917988126370055,0.5070333333333333,optimal
2021-02-13 07:00:00,24,2,1.1428571428571428,1.006296296296296,10.0,1.1208333333333333,optimal
2021-02-13 07:30:00,24,2,1.1428571428571428,1.6255555555555554,0.0,0.333,optimal
2021-02-13 08:00:00,24,2,0.731311721780471,0.774074074074074,0.0,0.17980000000000002,optimal
2021-02-13 08:30:00,24,2,0.8876965268715247,0.0,0.0,0.071,optimal
2021-02-13 09:00:00,24,2,0.8256009694536531,0.0,0.0,0.071,optimal
2021-02-13 09:30:00,24,2,0.7753059472899049,0.0,0.0,0.20959999999999998,optimal
2021-02-13 10:00:00,24,2,0.7020627237441012,0.0,0.0,0.071,optimal
2021-02-13 10:30:00,24,2,0.6729237193113532,0.0,0.0,0.1655,optimal
2021-02-13 11:00:00,24,2,0.5652716089083653,0.0,0.0,0.1151,optimal
2021-02-13 11:30:00,24,2,0.575732604475615,0.0,0.0,0.071,optimal
2021-02-13 12:00:00,24,2,0.485140112425358,0.0,0.0,0.20959999999999998,optimal
2021-02-13 12:30:00,24,2,0.9647361579180164,0.0,0.0,0.071,optimal
2021-02-13 13:00:00,24,2,1.1428571428571428,0.0,0.0,0.071,optimal
2021-02-13 13:30:00,24,2,1.1428571428571428,0.0,0.0,0.20959999999999998,optimal
2021-02-13 14:00:00,24,2,1.1428571428571428,0.0,0.0,0.071,optimal
2021-02-13 14:30:00,24,2,1.1428571428571428,0.0,0.0,0.1529,optimal
2021-02-13 15:00:00,24,2,1.1428571428571428,0.0,0.0,0.1277,optimal
2021-02-13 15:30:00,24,2,1.1428571428571428,0.0,0.0,0.1088,optimal
2021-02-13 16:00:00,24,2,0.0,0.0,0.0,0.1718,optimal
2021-02-13 16:30:00,24,2,0.0,0.0,0.0,1.8444,optimal
2021-02-13 17:00:00,24,2,0.0,0.0,0.0,3.032766666666667,optimal
2021-02-13 17:30:00,24,2,0.0,0.6966666666666667,0.0,2.0808666666666666,optimal
2021-02-13 18:00:00,24,2,0.0,0.0,0.0,1.555,optimal
2021-02-13 18:30:00,24,2,0.0,0.1548148148148148,0.0,0.29656666666666665,optimal
2021-02-13 19:00:00,24,2,0.0,0.0,0.0,0.6137666666666667,optimal
2021-02-13 19:30:00,24,2,0.5888566657048471,0.0,0.0,0.3521333333333333,optimal
2021-02-13 20:00:00,24,2,0.5742680079036827,0.0774074074074074,0.0,0.3567333333333333,optimal
2021-02-13 20:30:00,24,2,0.0,0.0,0.0,0.48073333333333335,optimal
2021-02-13 21:00:00,24,2,0.0,0.0,0.0,0.495,optimal
2021-02-13 21:30:00,24,2,0.0,0.0,0.0,0.5058,optimal
2021-02-13 22:00:00,24,2,0.0,0.0,0.0,0.0836,optimal
2021-02-13 22:30:00,24,2,0.0,0.0,0.0,0.197,optimal
2021-02-13 23:00:00,24,2,0.0,0.0,0.0,0.071,optimal
2021-02-13 23:30:00,24,2,0.0,0.0,0.0,0.20959999999999998,optimal
2021-02-07 00:00:00,25,2,0.0,0.0,0.0,0.062,optimal
2021-02-07 00:30:00,25,2,0.0,0.0,0.0,0.17666666666666667,optimal
2021-02-07 01:00:00,25,2,0.0,0.0,0.0,0.05,optimal
2021-02-07 01:30:00,25,2,0.0,0.0,0.0,0.12279999999999999,optimal
2021-02-07 02:00:00,25,2,0.0,0.0,0.0,0.19306666666666664,optimal
2021-02-07 02:30:00,25,2,0.0,0.0,0.0,0.05,optimal
2021-02-07 03:00:00,25,2,0.0,0.0,0.0,0.2658666666666667,optimal
2021-02-07 03:30:00,25,2,0.0,0.0,0.0,0.05,optimal
2021-02-07 04:00:00,25,2,1.1428571428571428,0.0,0.0,0.0664,optimal
2021-02-07 04:30:00,25,2,1.1428571428571428,0.0,0.0,0.1988,optimal
2021-02-07 05:00:00,25,2,1.1428571428571428,0.0,0.0,0.10066666666666668,optimal
2021-02-07 05:30:00,25,2,1.1428571428571428,0.0,0.0,0.12653333333333333,optimal
2021-02-07 06:00:00,25,2,1.1428571428571428,0.0,0.0,0.1893333333333333,optimal
2021-02-07 06:30:00,25,2,1.1428571428571428,0.0,0.0,0.08826666666666666,optimal
2021-02-07 07:00:00,25,2,1.1428571428571428,0.387037037037037,1.6063785740462473,0.20026666666666668,optimal
2021-02-07 07:30:00,25,2,0.0,0.8932814814814815,0.0,0.24509999999999998,optimal
2021-02-07 08:00:00,25,2,0.15198685925124059,0.0,0.0,0.13653333333333334,optimal
2021-02-07 08:30:00,25,2,0.7387402547323654,0.0,0.0,0.19933333333333328,optimal
2021-02-07 09:00:00,25,2,0.7244026136683659,0.0,0.0,0.13653333333333334,optimal
2021-02-07 09:30:00,25,2,0.7441302759022818,0.0,0.0,0.06,optimal
2021-02-07 10:00:00,25,2,0.6689615278345015,0.0,0.0,0.16793333333333332,optimal
2021-02-07 10:30:00,25,2,0.6732395366999991,0.0,0.0,0.16793333333333332,optimal
2021-02-07 11:00:00,25,2,0.6517300074287561,0.0,0.0,0.06,optimal
2021-02-07 11:30:00,25,2,0.6408728645716198,0.0,0.0,0.098,optimal
2021-02-07 12:00:00,25,2,0.5620502310230607,0.0,0.0,0.23786666666666667,optimal
2021-02-07 12:30:00,25,2,0.9730290589087791,0.0,0.0,0.06,optimal
2021-02-07 13:00:00,25,2,1.1428571428571428,0.0,0.0,0.254,optimal
2021-02-07 13:30:00,25,2,1.1428571428571428,0.0,0.0,0.08186666666666666,optimal
2021-02-07 14:00:00,25,2,1.1428571428571428,0.035607407407407414,0.0,0.058,optimal
2021-02-07 14:30:00,25,2,1.1428571428571428,0.0,0.0,0.2319,optimal
2021-02-07 15:00:00,25,2,1.1428571428571428,0.0,0.0,0.1026,optimal
2021-02-07 15:30:00,25,2,1.1428571428571428,0.0,0.0,0.27343333333333336,optimal
2021-02-07 16:00:00,25,2,0.0,0.0,0.0,0.0885,optimal
2021-02-07 16:30:00,25,2,0.0,0.3096296296296296,0.0,0.105,optimal
2021-02-07 17:00:00,25,2,0.0,0.0,0.0,0.28046666666666664,optimal
2021-02-07 17:30:00,25,2,0.0,0.3096296296296296,0.0,0.1482,optimal
2021-02-07 18:00:00,25,2,0.0,0.0774074074074074,0.0,0.32180000000000003,optimal
2021-02-07 18:30:00,25,2,0.0,0.0,0.0,0.22956666666666664,optimal
2021-02-07 19:00:00,25,2,0.0,3.0188888888888883,0.0,0.30010000000000003,optimal
2021-02-07 19:30:00,25,2,0.47118990810077926,0.0,0.0,0.43596666666666656,optimal
2021-02-07 20:00:00,25,2,0.4433899081007815,0.0,0.0,0.5248666666666667,optimal
2021-02-07 20:30:00,25,2,0.0,0.0,0.0,0.10206666666666667,optimal
2021-02-07 21:00:00,25,2,0.0,0.0,0.0,0.24719999999999998,optimal
2021-02-07 21:30:00,25,2,0.0,0.0,0.0,0.09826666666666668,optimal
2021-02-07 22:00:00,25,2,0.0,0.0,0.0,0.14233333333333334,optimal
2021-02-07 22:30:00,25,2,0.0,0.0,0.0,0.19353333333333333,optimal
2021-02-07 23:00:00,25,2,0.0,0.0,0.0,0.06,optimal
2021-02-07 23:30:00,25,2,0.0,0.0,0.0,0.2157333333333333,optimal
2021-02-08 00:00:00,25,2,0.0,0.0,0.0,0.13536666666666666,optimal
2021-02-08 00:30:00,25,2,0.0,0.0,0.0,0.13536666666666666,optimal
2021-02-08 01:00:00,25,2,0.0,0.0,0.0,0.069,optimal
2021-02-08 01:30:00,25,2,0.9462360718419632,0.0,0.0,0.20906666666666662,optimal
2021-02-08 02:00:00,25,2,1.1428571428571428,0.0,0.0,0.07333333333333333,optimal
2021-02-08 02:30:00,25,2,1.1428571428571428,0.0,0.0,0.07503333333333333,optimal
2021-02-08 03:00:00,25,2,1.1428571428571428,0.0,0.0,0.19569999999999999,optimal
2021-02-08 03:30:00,25,2,1.1428571428571428,0.0,0.0,0.069,optimal
2021-02-08 04:00:00,25,2,1.1428571428571428,0.0,0.0,0.069,optimal
2021-02-08 04:30:00,25,2,1.1428571428571428,0.0,0.0,0.13536666666666666,optimal
2021-02-08 05:00:00,25,2,1.1428571428571428,0.1548148148148148,0.0,0.1354,optimal
2021-02-08 05:30:00,25,2,1.1428571428571428,0.1548148148148148,0.0,0.079,optimal
2021-02-08 06:00:00,25,2,1.1428571428571428,0.23222222222222222,2.686124687021881,0.9111,optimal
2021-02-08 06:30:00,25,2,1.1428571428571428,0.0,10.0,0.18703333333333333,optimal
2021-02-08 07:00:00,25,2,1.1428571428571428,0.3096296296296296,10.0,0.9792000000000001,optimal
2021-02-08 07:30:00,25,2,1.1428571428571428,1.0837037037037036,0.0,0.1494,optimal
2021-02-08 08:00:00,25,2,0.67172453849637,0.387037037037037,0.0,0.1536,optimal
2021-02-08 08:30:00,25,2,0.6726882616475833,0.0,0.0,0.198,optimal
2021-02-08 09:00:00,25,2,0.6652604674845416,0.1548148148148148,0.0,0.068,optimal
2021-02-08 09:30:00,25,2,0.5980910732339045,0.0,0.0,0.33496666666666663,optimal
2021-02-08 10:00:00,25,2,0.5250646054362608,0.0,0.0,0.2834333333333333,optimal
2021-02-08 10:30:00,25,2,0.5457387615916545,0.0,0.0,0.2552,optimal
2021-02-08 11:00:00,25,2,0.4364115526853713,0.1548148148148148,0.0,0.32723333333333327,optimal
2021-02-08 11:30:00,25,2,0.43457163905797225,0.0774074074074074,0.0,0.2712,optimal
2021-02-08 12:00:00,25,2,0.0,0.387037037037037,0.0,2.484866666666667,optimal
2021-02-08 12:30:00,25,2,0.32041883374669305,0.387037037037037,0.0,0.2463333333333333,optimal
2021-02-08 13:00:00,25,2,1.1428571428571428,0.0,0.0,1.6924666666666668,optimal
2021-02-08 13:30:00,25,2,1.1428571428571428,0.0,0.0,0.46826666666666666,optimal
2021-02-08 14:00:00,25,2,1.1428571428571428,0.5418518518518518,0.0,0.47486666666666666,optimal
2021-02-08 14:30:00,25,2,1.1428571428571428,0.1548148148148148,0.0,0.3398,optimal
2021-02-08 15:00:00,25,2,1.1428571428571428,0.0,0.0,0.2542333333333333,optimal
2021-02-08 15:30:00,25,2,1.1428571428571428,0.0,0.0,0.4411666666666667,optimal
2021-02-08 16:00:00,25,2,0.0,0.0774074074074074,0.0,0.571,optimal
2021-02-08 16:30:00,25,2,0.0,0.0,0.0,0.39153333333333334,optimal
2021-02-08 17:00:00,25,2,0.0,0.0,0.0,0.30110000000000003,optimal
2021-02-08 17:30:00,25,2,0.0,0.23222222222222222,0.0,0.3395666666666667,optimal
2021-02-08 18:00:00,25,2,0.0,0.1548148148148148,0.0,0.42656666666666665,optimal
2021-02-08 18:30:00,25,2,0.0,2.012592592592592,0.0,0.47823333333333334,optimal
2021-02-08 19:00:00,25,2,0.0,0.0,0.0,0.24280000000000002,optimal
2021-02-08 19:30:00,25,2,0.0,0.1548148148148148,0.0,0.33226666666666665,optimal
2021-02-08 20:00:00,25,2,0.34670192172974995,0.0,0.0,0.3073333333333333,optimal
2021-02-08 20:30:00,25,2,0.0,0.0,0.0,0.4548666666666667,optimal
2021-02-08 21:00:00,25,2,0.0,0.1548148148148148,0.0,0.6085333333333333,optimal
2021-02-08 21:30:00,25,2,0.0,0.0,0.0,0.2725666666666667,optimal
2021-02-08 22:00:00,25,2,0.0,0.0,0.0,0.079,optimal
2021-02-08 22:30:00,25,2,0.0,0.0,0.0,0.2117333333333333,optimal
2021-02-08 23:00:00,25,2,0.0,0.0,0.0,0.079,optimal
2021-02-08 23:30:00,25,2,0.0,0.0,0.0,0.079,optimal
2021-02-09 00:00:00,25,2,0.0,0.0,0.0,0.09079999999999999,optimal
2021-02-09 00:30:00,25,2,0.0,0.3096296296296296,0.0,0.3754333333333333,optimal
2021-02-09 01:00:00,25,2,0.054182757204878834,0.0,0.0,0.2710666666666667,optimal
2021-02-09 01:30:00,25,2,1.1428571428571428,0.0,0.0,0.054,optimal
2021-02-09 02:00:00,25,2,1.1428571428571428,0.0,0.0,0.1266,optimal
2021-02-09 02:30:00,25,2,1.1428571428571428,0.0,0.0,0.14593333333333333,optimal
2021-02-09 03:00:00,25,2,1.1428571428571428,0.0,0.0,0.10653333333333331,optimal
2021-02-09 03:30:00,25,2,1.1428571428571428,0.0,0.0,0.1266,optimal
2021-02-09 04:00:00,25,2,1.1428571428571428,0.0,0.0,0.19190000000000002,optimal
2021-02-09 04:30:00,25,2,1.1428571428571428,0.0,0.0,0.06056666666666667,optimal
2021-02-09 05:00:00,25,2,1.1428571428571428,0.0,0.0,0.11309999999999999,optimal
2021-02-09 05:30:00,25,2,1.1428571428571428,0.0,0.0,0.13936666666666667,optimal
2021-02-09 06:00:00,25,2,1.1428571428571428,0.0,0.0,0.054,optimal
2021-02-09 06:30:00,25,2,1.1428571428571428,0.46444444444444444,7.153887588650306,0.26289999999999997,optimal
2021-02-09 07:00:00,25,2,1.1428571428571428,0.387037037037037,10.0,0.295,optimal
2021-02-09 07:30:00,25,2,1.1428571428571428,0.23222222222222222,0.0,0.11013333333333333,optimal
2021-02-09 08:00:00,25,2,0.6881599516192048,0.0,0.0,0.22306666666666664,optimal
2021-02-09 08:30:00,25,2,0.7292286526066711,0.23222222222222222,0.0,0.06833333333333333,optimal
2021-02-09 09:00:00,25,2,0.6148090327301542,0.1548148148148148,0.0,0.19253333333333333,optimal
2021-02-09 09:30:00,25,2,0.6137940537527032,0.1548148148148148,0.0,0.13583333333333333,optimal
2021-02-09 10:00:00,25,2,0.5192284596701527,0.0,0.0,0.26203333333333334,optimal
2021-02-09 10:30:00,25,2,0.4884477232206849,0.0,0.0,0.3101666666666667,optimal
2021-02-09 11:00:00,25,2,0.43316868707716544,0.3096296296296296,0.0,0.16366666666666665,optimal
2021-02-09 11:30:00,25,2,0.10021444454916797,0.46444444444444444,0.0,1.8991666666666667,optimal
2021-02-09 12:00:00,25,2,0.33793099431759616,2.7092592592592597,0.0,0.17346666666666666,optimal
2021-02-09 12:30:00,25,2,0.34753666541700945,2.1674074074074072,0.0,0.19,optimal
2021-02-09 13:00:00,25,2,1.1428571428571428,0.3096296296296296,0.0,0.2612,optimal
2021-02-09 13:30:00,25,2,1.1428571428571428,0.23222222222222222,0.0,0.17593333333333333,optimal
2021-02-09 14:00:00,25,2,1.1428571428571428,0.1548148148148148,0.0,0.07833333333333332,optimal
2021-02-09 14:30:00,25,2,1.1428571428571428,0.23222222222222222,0.0,0.0734,optimal
2021-02-09 15:00:00,25,2,1.1428571428571428,0.0,0.0,0.072,optimal
2021-02-09 15:30:00,25,2,1.1428571428571428,0.0774074074074074,0.0,0.2019,optimal
2021-02-09 16:00:00,25,2,0.0,0.0,0.0,0.1422,optimal
2021-02-09 16:30:00,25,2,0.0,0.9288888888888889,0.0,0.13240000000000002,optimal
2021-02-09 17:00:00,25,2,0.0,0.1548148148148148,0.0,0.4503333333333333,optimal
2021-02-09 17:30:00,25,2,0.0,0.46444444444444444,0.0,0.15103333333333332,optimal
2021-02-09 18:00:00,25,2,0.0,0.23222222222222222,0.0,0.5196333333333333,optimal
2021-02-09 18:30:00,25,2,0.0,0.3096296296296296,0.0,1.0839333333333334,optimal
2021-02-09 19:00:00,25,2,0.0,0.6192592592592592,0.0,0.7604,optimal
2021-02-09 19:30:00,25,2,0.24828990428018166,0.0,0.0,0.33813333333333334,optimal
2021-02-09 20:00:00,25,2,0.5931681783664696,0.0,0.0,0.19906666666666664,optimal
2021-02-09 20:30:00,25,2,0.0,0.0,0.0,0.34876666666666667,optimal
2021-02-09 21:00:00,25,2,0.0,0.0,0.0,0.2862,optimal
2021-02-09 21:30:00,25,2,0.0,0.0,0.0,0.7489333333333332,optimal
2021-02-09 22:00:00,25,2,0.0,0.1548148148148148,0.0,0.41956666666666664,optimal
2021-02-09 22:30:00,25,2,0.0,0.23222222222222222,0.0,0.35283333333333333,optimal
2021-02-09 23:00:00,25,2,0.0,0.0774074074074074,0.0,0.27393333333333336,optimal
2021-02-09 23:30:00,25,2,0.0,0.0,0.0,0.14973333333333333,optimal
2021-02-10 00:00:00,25,2,0.0,0.0,0.0,0.061,optimal
2021-02-10 00:30:00,25,2,0.0,0.0,0.0,0.061,optimal
2021-02-10 01:00:00,25,2,0.8608430014684392,0.0,0.0,0.061,optimal
2021-02-10 01:30:00,25,2,1.1428571428571428,0.0,0.0,0.087,optimal
2021-02-10 02:00:00,25,2,1.1428571428571428,0.0,0.0,0.12166666666666669,optimal
2021-02-10 02:30:00,25,2,1.1428571428571428,0.0,0.0,0.06966666666666667,optimal
2021-02-10 03:00:00,25,2,1.1428571428571428,0.0,0.0,0.139,optimal
2021-02-10 03:30:00,25,2,1.1428571428571428,0.0,0.0,0.061,optimal
2021-02-10 04:00:00,25,2,1.1428571428571428,0.0,0.0,0.12166666666666669,optimal
2021-02-10 04:30:00,25,2,1.1428571428571428,0.0,0.0,0.087,optimal
2021-02-10 05:00:00,25,2,1.1428571428571428,0.0,0.0,0.061,optimal
2021-02-10 05:30:00,25,2,1.1428571428571428,0.0,0.0,0.121,optimal
2021-02-10 06:00:00,25,2,1.1428571428571428,0.0,6.237620244773215,0.10133333333333332,optimal
2021-02-10 06:30:00,25,2,1.1428571428571428,0.2740222222222222,10.0,0.39626666666666666,optimal
2021-02-10 07:00:00,25,2,1.1428571428571428,0.7322740740740741,10.0,0.2348,optimal
2021-02-10 07:30:00,25,2,1.1428571428571428,0.3096296296296296,0.0,0.07073333333333333,optimal
2021-02-10 08:00:00,25,2,0.8614283472111068,0.0,0.0,0.071,optimal
2021-02-10 08:30:00,25,2,0.8528723294801113,0.0,0.0,0.071,optimal
2021-02-10 09:00:00,25,2,0.7551566278550399,0.0,0.0,0.15766666666666665,optimal
2021-02-10 09:30:00,25,2,0.7713625148859491,0.0,0.0,0.071,optimal
2021-02-10 10:00:00,25,2,0.6336757779374586,0.0,0.0,0.15766666666666665,optimal
2021-02-10 10:30:00,25,2,0.6369730503535038,0.0,0.0,0.07466666666666667,optimal
2021-02-10 11:00:00,25,2,0.557157540737182,0.0,0.0,0.07896666666666667,optimal
2021-02-10 11:30:00,25,2,0.5604890556812019,0.0,0.0,0.10133333333333332,optimal
2021-02-10 12:00:00,25,2,0.45551672629916434,0.0,0.0,0.12733333333333333,optimal
2021-02-10 12:30:00,25,2,0.4716119643944095,0.0,0.0,0.071,optimal
2021-02-10 13:00:00,25,2,1.1428571428571428,0.0,0.0,0.16866666666666666,optimal
2021-02-10 13:30:00,25,2,1.1428571428571428,0.0774074074074074,0.0,0.12490000000000001,optimal
2021-02-10 14:00:00,25,2,1.1428571428571428,0.0,0.0,0.3465666666666667,optimal
2021-02-10 14:30:00,25,2,1.1428571428571428,0.0,0.0,0.20033333333333328,optimal
2021-02-10 15:00:00,25,2,1.1428571428571428,0.0,0.0,1.0797333333333332,optimal
2021-02-10 15:30:00,25,2,1.1428571428571428,0.46444444444444444,0.0,0.7458666666666667,optimal
2021-02-10 16:00:00,25,2,0.0,0.3096296296296296,0.0,0.13833333333333334,optimal
2021-02-10 16:30:00,25,2,0.0,0.23222222222222222,0.0,0.4129,optimal
2021-02-10 17:00:00,25,2,0.0,0.1548148148148148,0.0,1.193733333333333,optimal
2021-02-10 17:30:00,25,2,0.0,0.23222222222222222,0.0,0.16390000000000002,optimal
2021-02-10 18:00:00,25,2,0.0,0.1548148148148148,0.0,0.3296,optimal
2021-02-10 18:30:00,25,2,0.0,0.0774074074074074,0.0,0.26543333333333335,optimal
2021-02-10 19:00:00,25,2,0.0,0.23222222222222222,0.0,1.3424,optimal
2021-02-10 19:30:00,25,2,0.0,0.23222222222222222,0.0,0.3332,optimal
2021-02-10 20:00:00,25,2,0.4217753167950997,0.0,0.0,0.344,optimal
2021-02-10 20:30:00,25,2,0.0,0.0,0.0,0.3710333333333334,optimal
2021-02-10 21:00:00,25,2,0.0,0.0,0.0,0.23383333333333328,optimal
2021-02-10 21:30:00,25,2,0.0,5.495925925925925,0.0,0.38346666666666657,optimal
2021-02-10 22:00:00,25,2,0.0,0.0,0.0,0.6260666666666668,optimal
2021-02-10 22:30:00,25,2,0.0,0.46444444444444444,0.0,0.3765,optimal
2021-02-10 23:00:00,25,2,0.0,0.0,0.0,0.4,optimal
2021-02-10 23:30:00,25,2,0.0,0.0,0.0,0.24403333333333332,optimal
2021-02-11 00:00:00,25,2,0.0,0.1548148148148148,0.0,0.15330000000000002,optimal
2021-02-11 00:30:00,25,2,0.22165044742667717,0.0,0.0,0.11566666666666668,optimal
2021-02-11 01:00:00,25,2,1.1428571428571428,0.0,0.0,0.062,optimal
2021-02-11 01:30:00,25,2,1.1428571428571428,0.0,0.0,0.15533333333333335,optimal
2021-02-11 02:00:00,25,2,1.1428571428571428,0.0,0.0,0.062,optimal
2021-02-11 02:30:00,25,2,1.1428571428571428,0.1548148148148148,0.0,0.26576666666666665,optimal
2021-02-11 03:00:00,25,2,1.1428571428571428,0.387037037037037,0.0,0.35596666666666665,optimal
2021-02-11 03:30:00,25,2,1.1428571428571428,0.387037037037037,0.0,0.084,optimal
2021-02-11 04:00:00,25,2,1.1428571428571428,0.1548148148148148,0.0,0.14916666666666667,optimal
2021-02-11 04:30:00,25,2,1.1428571428571428,0.1548148148148148,9.440736047842567,0.07866666666666668,optimal
2021-02-11 05:00:00,25,2,1.1428571428571428,0.0,10.0,0.14866666666666667,optimal
2021-02-11 05:30:00,25,2,1.1428571428571428,0.1548148148148148,0.0,1.534733333333333,optimal
2021-02-11 06:00:00,25,2,1.1428571428571428,0.1548148148148148,0.0,0.8839,optimal
2021-02-11 06:30:00,25,2,1.1428571428571428,0.6192592592592592,0.0,0.4835,optimal
2021-02-11 07:00:00,25,2,1.1428571428571428,0.3096296296296296,0.0,2.0838666666666668,optimal
2021-02-11 07:30:00,25,2,1.1428571428571428,1.1611111111111108,0.0,2.4340333333333333,optimal
2021-02-11 08:00:00,25,2,0.6642972656034011,0.46444444444444444,0.0,0.5801000000000001,optimal
2021-02-11 08:30:00,25,2,0.7624666598540307,0.6192592592592592,0.0,0.3442,optimal
2021-02-11 09:00:00,25,2,0.8836931351892552,0.0,0.0,0.072,optimal
2021-02-11 09:30:00,25,2,0.7864393222418377,0.0,0.0,0.16533333333333333,optimal
2021-02-11 10:00:00,25,2,0.6203851235839969,0.0,0.0,0.072,optimal
2021-02-11 10:30:00,25,2,0.6460531767769954,0.0,0.0,0.072,optimal
2021-02-11 11:00:00,25,2,0.5617912279384114,0.0,0.0,0.11866666666666668,optimal
2021-02-11 11:30:00,25,2,0.5297061614471604,0.0,0.0,0.11866666666666668,optimal
2021-02-11 12:00:00,25,2,0.4365638903262266,0.0,0.0,0.072,optimal
2021-02-11 12:30:00,25,2,0.38209016603381046,0.0,0.0,0.16533333333333333,optimal
2021-02-11 13:00:00,25,2,1.1428571428571428,0.0,0.0,0.072,optimal
2021-02-11 13:30:00,25,2,1.1428571428571428,0.0,0.0,0.16533333333333333,optimal
2021-02-11 14:00:00,25,2,1.1428571428571428,0.0,0.0,0.11973333333333332,optimal
2021-02-11 14:30:00,25,2,1.1428571428571428,0.0,0.0,0.36610000000000004,optimal
2021-02-11 15:00:00,25,2,1.1428571428571428,0.3096296296296296,0.0,0.4664,optimal
2021-02-11 15:30:00,25,2,1.1428571428571428,0.0,0.0,0.5986666666666667,optimal
2021-02-11 16:00:00,25,2,0.0,0.0,0.0,0.8836666666666666,optimal
2021-02-11 16:30:00,25,2,0.0,0.8514814814814814,0.0,1.4425666666666666,optimal
2021-02-11 17:00:00,25,2,0.0,0.0774074074074074,0.0,0.7242999999999999,optimal
2021-02-11 17:30:00,25,2,0.0,0.387037037037037,0.0,0.6148333333333333,optimal
2021-02-11 18:00:00,25,2,0.0,0.3096296296296296,0.0,0.48186666666666667,optimal
2021-02-11 18:30:00,25,2,0.0,0.0,0.0,1.6240333333333332,optimal
2021-02-11 19:00:00,25,2,0.0,0.1548148148148148,0.0,2.975,optimal
2021-02-11 19:30:00,25,2,0.35335214955553107,0.0,0.0,2.5011666666666663,optimal
2021-02-11 20:00:00,25,2,0.91636550994563,0.0,0.0,0.21380000000000002,optimal
2021-02-11 20:30:00,25,2,0.0,0.0,0.0,0.32893333333333336,optimal
2021-02-11 21:00:00,25,2,0.0,0.0,0.0,0.5237333333333334,optimal
2021-02-11 21:30:00,25,2,0.0,0.3096296296296296,0.0,2.2256,optimal
2021-02-11 22:00:00,25,2,0.0,0.1548148148148148,0.0,1.4855,optimal
2021-02-11 22:30:00,25,2,0.0,0.0774074074074074,0.0,1.5101666666666667,optimal
2021-02-11 23:00:00,25,2,0.0,0.1548148148148148,0.0,0.5888333333333333,optimal
2021-02-11 23:30:00,25,2,0.0,0.0,0.0,2.137633333333333,optimal
2021-02-12 00:00:00,25,2,1.1428571428571428,0.0,0.0,0.066,optimal
2021-02-12 00:30:00,25,2,1.1428571428571428,0.0,0.0,0.066,optimal
2021-02-12 01:00:00,25,2,1.1428571428571428,0.0,0.0,0.066,optimal
2021-02-12 01:30:00,25,2,1.1428571428571428,0.0,0.0,0.066,optimal
2021-02-12 02:00:00,25,2,1.1428571428571428,0.0,0.0,0.066,optimal
2021-02-12 02:30:00,25,2,1.1428571428571428,0.0,0.0,0.066,optimal
2021-02-12 03:00:00,25,2,1.1428571428571428,0.0,0.0,0.066,optimal
2021-02-12 03:30:00,25,2,1.1428571428571428,0.0,0.0,0.066,optimal
2021-02-12 04:00:00,25,2,1.1428571428571428,0.0,0.0,0.066,optimal
2021-02-12 04:30:00,25,2,1.1428571428571428,0.0,0.0,0.066,optimal
2021-02-12 05:00:00,25,2,1.1428571428571428,0.0,0.0,0.066,optimal
2021-02-12 05:30:00,25,2,1.1428571428571428,0.0,0.0,0.066,optimal
2021-02-12 06:00:00,25,2,1.1428571428571428,0.0,0.0,0.066,optimal
2021-02-12 06:30:00,25,2,1.1428571428571428,0.0,0.0,0.074,optimal
2021-02-12 07:00:00,25,2,1.1428571428571428,1.1611111111111108,7.55997042557591,1.0802,optimal
2021-02-12 07:30:00,25,2,1.1428571428571428,11.575155535830566,0.0,0.06533333333333333,optimal
2021-02-12 08:00:00,25,2,0.5042714672274957,2.723192592592593,0.0,1.422,optimal
2021-02-12 08:30:00,25,2,0.8693322468632589,0.0,0.0,0.074,optimal
2021-02-12 09:00:00,25,2,0.7684374528651352,0.0,0.0,0.3512,optimal
2021-02-12 09:30:00,25,2,0.5966545911574725,0.1548148148148148,0.0,0.4132,optimal
2021-02-12 10:00:00,25,2,0.6325823674620422,0.0,0.0,0.076,optimal
2021-02-12 10:30:00,25,2,0.6154703320000393,0.0,0.0,0.076,optimal
2021-02-12 11:00:00,25,2,0.5028719343765551,0.0,0.0,0.076,optimal
2021-02-12 11:30:00,25,2,0.5697019027979647,0.0,0.0,0.076,optimal
2021-02-12 12:00:00,25,2,1.1428571428571428,0.0,0.0,0.076,optimal
2021-02-12 12:30:00,25,2,1.1428571428571428,0.0,0.0,0.076,optimal
2021-02-12 13:00:00,25,2,1.1428571428571428,0.0,0.0,0.076,optimal
2021-02-12 13:30:00,25,2,1.1428571428571428,0.0,0.0,0.076,optimal
2021-02-12 14:00:00,25,2,1.1428571428571428,0.0,0.0,0.076,optimal
2021-02-12 14:30:00,25,2,1.1428571428571428,0.0,0.0,0.076,optimal
2021-02-12 15:00:00,25,2,1.1428571428571428,0.0,0.0,0.076,optimal
2021-02-12 15:30:00,25,2,1.1428571428571428,0.0,0.0,0.076,optimal
2021-02-12 16:00:00,25,2,0.0,0.0,0.0,0.076,optimal
2021-02-12 16:30:00,25,2,0.0,0.0,0.0,0.076,optimal
2021-02-12 17:00:00,25,2,0.0,0.0,0.0,1.1644333333333334,optimal
2021-02-12 17:30:00,25,2,0.0,0.3096296296296296,0.0,0.6218333333333333,optimal
2021-02-12 18:00:00,25,2,0.0,0.23222222222222222,0.0,0.178,optimal
2021-02-12 18:30:00,25,2,0.0,0.0,0.0,0.3638,optimal
2021-02-12 19:00:00,25,2,0.0,0.0,0.0,0.29983333333333334,optimal
2021-02-12 19:30:00,25,2,0.6473899990381852,0.0,0.0,0.5102,optimal
2021-02-12 20:00:00,25,2,0.7696965793322533,0.0774074074074074,0.0,0.1953,optimal
2021-02-12 20:30:00,25,2,0.0,0.0774074074074074,0.0,0.28763333333333335,optimal
2021-02-12 21:00:00,25,2,0.0,0.23222222222222222,0.0,0.10596666666666668,optimal
2021-02-12 21:30:00,25,2,0.0,0.0,0.0,0.3068333333333333,optimal
2021-02-12 22:00:00,25,2,0.0,0.3096296296296296,0.0,0.3232,optimal
2021-02-12 22:30:00,25,2,0.0,0.0,0.0,0.32839999999999997,optimal
2021-02-12 23:00:00,25,2,0.0,0.0,0.0,0.287,optimal
2021-02-12 23:30:00,25,2,0.0,0.0,0.0,0.5065333333333334,optimal
2021-02-13 00:00:00,25,2,0.0,0.0,0.0,0.16256666666666666,optimal
2021-02-13 00:30:00,25,2,0.1755278209822527,0.0,0.0,0.11136666666666666,optimal
2021-02-13 01:00:00,25,2,1.1428571428571428,0.0,0.0,0.07553333333333333,optimal
2021-02-13 01:30:00,25,2,1.1428571428571428,0.0,0.0,0.29153333333333337,optimal
2021-02-13 02:00:00,25,2,1.1428571428571428,0.0,0.0,0.041133333333333334,optimal
2021-02-13 02:30:00,25,2,1.1428571428571428,0.0,0.0,0.10843333333333334,optimal
2021-02-13 03:00:00,25,2,1.1428571428571428,0.0,0.0,0.19443333333333332,optimal
2021-02-13 03:30:00,25,2,1.1428571428571428,0.0,0.0,0.034,optimal
2021-02-13 04:00:00,25,2,1.1428571428571428,0.0,0.0,0.2688666666666667,optimal
2021-02-13 04:30:00,25,2,1.1428571428571428,0.0,0.0,0.08036666666666666,optimal
2021-02-13 05:00:00,25,2,1.1428571428571428,0.0,0.0,0.051833333333333335,optimal
2021-02-13 05:30:00,25,2,1.1428571428571428,0.0,4.171444506394625,0.2688666666666667,optimal
2021-02-13 06:00:00,25,2,1.1428571428571428,0.0,10.0,0.09753333333333332,optimal
2021-02-13 06:30:00,25,2,1.1428571428571428,0.46444444444444444,10.0,0.10413333333333334,optimal
2021-02-13 07:00:00,25,2,1.1428571428571428,0.6192592592592592,10.0,0.2017333333333333,optimal
2021-02-13 07:30:00,25,2,1.1428571428571428,0.387037037037037,0.0,0.9873999999999999,optimal
2021-02-13 08:00:00,25,2,0.7088736265423752,0.6192592592592592,0.0,0.1457,optimal
2021-02-13 08:30:00,25,2,0.6390489078239061,0.0774074074074074,0.0,0.14026666666666668,optimal
2021-02-13 09:00:00,25,2,0.5404600170727014,0.23222222222222222,0.0,0.26166666666666666,optimal
2021-02-13 09:30:00,25,2,0.32420880443277184,0.0774074074074074,0.0,1.6907333333333332,optimal
2021-02-13 10:00:00,25,2,0.6569770094583843,0.0,0.0,0.07613333333333334,optimal
2021-02-13 10:30:00,25,2,0.6679427669304051,0.0,0.0,0.17093333333333333,optimal
2021-02-13 11:00:00,25,2,0.5427668470036034,0.0,0.0,0.18486666666666668,optimal
2021-02-13 11:30:00,25,2,0.6116262996366033,0.0,0.0,0.0912,optimal
2021-02-13 12:00:00,25,2,1.1428571428571428,0.0,0.0,0.17723333333333333,optimal
2021-02-13 12:30:00,25,2,1.1428571428571428,0.0,0.0,0.112,optimal
2021-02-13 13:00:00,25,2,1.1428571428571428,0.0,0.0,0.09463333333333333,optimal
2021-02-13 13:30:00,25,2,1.1428571428571428,0.0,0.0,0.12,optimal
2021-02-13 14:00:00,25,2,1.1428571428571428,0.0,0.0,0.06106666666666667,optimal
2021-02-13 14:30:00,25,2,1.1428571428571428,0.0,0.0,0.22,optimal
2021-02-13 15:00:00,25,2,1.1428571428571428,0.0,0.0,0.13046666666666668,optimal
2021-02-13 15:30:00,25,2,1.1428571428571428,0.0,0.0,0.09773333333333332,optimal
2021-02-13 16:00:00,25,2,0.0,0.0,0.0,0.12356666666666666,optimal
2021-02-13 16:30:00,25,2,0.0,0.0,0.0,0.2435,optimal
2021-02-13 17:00:00,25,2,0.0,0.0774074074074074,0.0,0.1505,optimal
2021-02-13 17:30:00,25,2,0.0,0.23222222222222222,0.0,0.22469999999999998,optimal
2021-02-13 18:00:00,25,2,0.0,0.46444444444444444,0.0,0.33076666666666665,optimal
2021-02-13 18:30:00,25,2,0.0,0.0,0.0,0.38980000000000004,optimal
2021-02-13 19:00:00,25,2,0.0,0.0,0.0,1.0378,optimal
2021-02-13 19:30:00,25,2,0.511847141895328,0.1548148148148148,0.0,0.2904333333333333,optimal
2021-02-13 20:00:00,25,2,0.6423251507608239,0.23222222222222222,0.0,0.04713333333333333,optimal
2021-02-13 20:30:00,25,2,0.0,0.0,0.0,0.2087,optimal
2021-02-13 21:00:00,25,2,0.0,0.0,0.0,0.264,optimal
2021-02-13 21:30:00,25,2,0.0,0.0,0.0,0.374,optimal
2021-02-13 22:00:00,25,2,0.0,0.0,0.0,0.32056666666666667,optimal
2021-02-13 22:30:00,25,2,0.0,0.0,0.0,0.24969999999999998,optimal
2021-02-13 23:00:00,25,2,0.0,0.0,0.0,0.17443333333333333,optimal
2021-02-13 23:30:00,25,2,0.0,0.0,0.0,0.056600000000000004,optimal
2021-02-07 00:00:00,26,2,0.0,0.0,0.0,0.063,optimal
2021-02-07 00:30:00,26,2,0.0,0.0,0.0,0.063,optimal
2021-02-07 01:00:00,26,2,0.0,0.0,0.0,0.063,optimal
2021-02-07 01:30:00,26,2,0.0,0.0,0.0,0.09759999999999999,optimal
2021-02-07 02:00:00,26,2,0.0,0.0,0.0,0.1552666666666667,optimal
2021-02-07 02:30:00,26,2,0.0,0.0,0.0,0.063,optimal
2021-02-07 03:00:00,26,2,0.0,0.0,0.0,0.14373333333333332,optimal
2021-02-07 03:30:00,26,2,0.0,0.0,0.0,0.10913333333333335,optimal
2021-02-07 04:00:00,26,2,1.1428571428571428,0.0,0.0,0.10913333333333335,optimal
2021-02-07 04:30:00,26,2,1.1428571428571428,0.0,0.0,0.14373333333333332,optimal
2021-02-07 05:00:00,26,2,1.1428571428571428,0.0,0.0,0.063,optimal
2021-02-07 05:30:00,26,2,1.1428571428571428,0.0,0.0,0.08606666666666667,optimal
2021-02-07 06:00:00,26,2,1.1428571428571428,0.0,0.0,0.1668,optimal
2021-02-07 06:30:00,26,2,1.1428571428571428,0.0,0.0,0.063,optimal
2021-02-07 07:00:00,26,2,1.1428571428571428,0.0,1.6063785740462473,0.063,optimal
2021-02-07 07:30:00,26,2,0.0,2.39962962962963,0.0,0.06676666666666667,optimal
2021-02-07 08:00:00,26,2,0.3463677674797026,0.0,0.0,0.1921,optimal
2021-02-07 08:30:00,26,2,0.7164897785418886,0.0,0.0,0.9204333333333332,optimal
2021-02-07 09:00:00,26,2,0.7428692803350316,0.0,0.0,0.063,optimal
2021-02-07 09:30:00,26,2,0.7143683711403748,0.0,0.0,0.1552666666666667,optimal
2021-02-07 10:00:00,26,2,0.6865139087868847,0.0,0.0,0.09759999999999999,optimal
2021-02-07 10:30:00,26,2,0.7006776319380972,0.0,0.0,0.063,optimal
2021-02-07 11:00:00,26,2,0.6120823883811345,0.0,0.0,0.1928666666666667,optimal
2021-02-07 11:30:00,26,2,0.6483300074287632,0.0,0.0,0.073,optimal
2021-02-07 12:00:00,26,2,0.5831073738801996,0.0,0.0,0.16526666666666667,optimal
2021-02-07 12:30:00,26,2,0.5995835643563869,0.0,0.0,0.09759999999999999,optimal
2021-02-07 13:00:00,26,2,1.1428571428571428,0.0,0.0,0.063,optimal
2021-02-07 13:30:00,26,2,1.1428571428571428,0.3096296296296296,0.0,0.2645,optimal
2021-02-07 14:00:00,26,2,1.1428571428571428,0.0,0.0,0.073,optimal
2021-02-07 14:30:00,26,2,1.1428571428571428,0.0,0.0,0.10193333333333333,optimal
2021-02-07 15:00:00,26,2,1.1428571428571428,0.0,0.0,0.1552666666666667,optimal
2021-02-07 15:30:00,26,2,1.1428571428571428,0.0774074074074074,0.0,0.4254,optimal
2021-02-07 16:00:00,26,2,0.0,0.3096296296296296,0.0,0.6772666666666667,optimal
2021-02-07 16:30:00,26,2,0.0,0.23222222222222222,0.0,1.8645666666666665,optimal
2021-02-07 17:00:00,26,2,0.0,0.0,0.0,0.5692,optimal
2021-02-07 17:30:00,26,2,0.0,0.6966666666666667,0.0,0.6511666666666667,optimal
2021-02-07 18:00:00,26,2,0.0,0.46444444444444444,0.0,0.47853333333333337,optimal
2021-02-07 18:30:00,26,2,0.0,0.1548148148148148,0.0,0.5349333333333333,optimal
2021-02-07 19:00:00,26,2,0.0,6.27,0.0,0.28846666666666665,optimal
2021-02-07 19:30:00,26,2,0.469771244119918,0.23222222222222222,0.0,0.4622,optimal
2021-02-07 20:00:00,26,2,0.4221994319102985,0.0,0.0,0.6874333333333332,optimal
2021-02-07 20:30:00,26,2,0.0,0.0,0.0,0.7181666666666666,optimal
2021-02-07 21:00:00,26,2,0.0,0.0,0.0,0.4296333333333333,optimal
2021-02-07 21:30:00,26,2,0.0,0.23222222222222222,0.0,0.5955333333333332,optimal
2021-02-07 22:00:00,26,2,0.0,0.0,0.0,0.6009666666666666,optimal
2021-02-07 22:30:00,26,2,0.0,0.0,0.0,0.25793333333333335,optimal
2021-02-07 23:00:00,26,2,0.0,0.0,0.0,0.16526666666666667,optimal
2021-02-07 23:30:00,26,2,0.0,0.0,0.0,0.073,optimal
2021-02-08 00:00:00,26,2,0.0,0.0,0.0,0.062,optimal
2021-02-08 00:30:00,26,2,0.0,0.0,0.0,0.1708,optimal
2021-02-08 01:00:00,26,2,0.0,0.0,0.0,0.12393333333333334,optimal
2021-02-08 01:30:00,26,2,0.3171521121177923,0.0,0.0,0.1524,optimal
2021-02-08 02:00:00,26,2,1.1428571428571428,0.0,0.0,0.2824333333333333,optimal
2021-02-08 02:30:00,26,2,1.1428571428571428,0.0,0.0,0.08143333333333334,optimal
2021-02-08 03:00:00,26,2,1.1428571428571428,0.0,0.0,0.2969333333333333,optimal
2021-02-08 03:30:00,26,2,1.1428571428571428,0.0,0.0,0.072,optimal
2021-02-08 04:00:00,26,2,1.1428571428571428,0.0,0.0,0.33926666666666666,optimal
2021-02-08 04:30:00,26,2,1.1428571428571428,0.0,0.0,0.1012,optimal
2021-02-08 05:00:00,26,2,1.1428571428571428,0.0,0.0,0.18619999999999998,optimal
2021-02-08 05:30:00,26,2,1.1428571428571428,0.0,0.0,0.18380000000000002,optimal
2021-02-08 06:00:00,26,2,1.1428571428571428,0.0,0.0,0.13046666666666668,optimal
2021-02-08 06:30:00,26,2,1.1428571428571428,0.0,0.7843209805373051,0.17626666666666668,optimal
2021-02-08 07:00:00,26,2,1.1428571428571428,0.0,10.0,0.27386666666666665,optimal
2021-02-08 07:30:00,26,2,1.1428571428571428,0.0,0.0,0.11523333333333333,optimal
2021-02-08 08:00:00,26,2,0.6532007289725653,0.387037037037037,0.0,0.2608333333333333,optimal
2021-02-08 08:30:00,26,2,0.655450166409488,0.1548148148148148,0.0,0.24556666666666663,optimal
2021-02-08 09:00:00,26,2,0.637289038913115,5.031481481481482,0.0,0.3092,optimal
2021-02-08 09:30:00,26,2,0.7011196446624801,0.0,0.0,0.2526,optimal
2021-02-08 10:00:00,26,2,0.6203407959124475,0.0,0.0,0.20586666666666667,optimal
2021-02-08 10:30:00,26,2,0.6650054282583225,0.0,0.0,0.072,optimal
2021-02-08 11:00:00,26,2,0.6010274980586152,0.0,0.0,0.1308,optimal
2021-02-08 11:30:00,26,2,1.1428571428571428,0.0,0.0,0.16783333333333333,optimal
2021-02-08 12:00:00,26,2,1.1428571428571428,0.0,0.0,0.17916666666666667,optimal
2021-02-08 12:30:00,26,2,1.1428571428571428,0.0,0.0,0.26839999999999997,optimal
2021-02-08 13:00:00,26,2,1.1428571428571428,0.0,0.0,0.1047,optimal
2021-02-08 13:30:00,26,2,1.1428571428571428,0.0,0.0,0.1047,optimal
2021-02-08 14:00:00,26,2,1.1428571428571428,0.0,0.0,0.20996666666666666,optimal
2021-02-08 14:30:00,26,2,1.1428571428571428,0.0,0.0,0.2485,optimal
2021-02-08 15:00:00,26,2,1.1428571428571428,0.0,0.0,0.072,optimal
2021-02-08 15:30:00,26,2,1.1428571428571428,0.0,0.0,0.2484333333333333,optimal
2021-02-08 16:00:00,26,2,0.0,0.0,0.0,0.21003333333333332,optimal
2021-02-08 16:30:00,26,2,0.0,0.0,0.0,0.1156,optimal
2021-02-08 17:00:00,26,2,0.0,0.0,0.0,0.13953333333333334,optimal
2021-02-08 17:30:00,26,2,0.0,0.0,0.0,0.2753333333333333,optimal
2021-02-08 18:00:00,26,2,0.0,0.0,0.0,0.072,optimal
2021-02-08 18:30:00,26,2,0.0,0.0,0.0,0.13666666666666666,optimal
2021-02-08 19:00:00,26,2,0.0,0.0,0.0,0.21646666666666667,optimal
2021-02-08 19:30:00,26,2,0.8045316855861946,0.0,0.0,0.13376666666666667,optimal
2021-02-08 20:00:00,26,2,0.676034413170154,0.0,0.0,0.34596666666666664,optimal
2021-02-08 20:30:00,26,2,0.0,0.0,0.0,0.3582333333333333,optimal
2021-02-08 21:00:00,26,2,0.0,0.0,0.0,0.2602,optimal
2021-02-08 21:30:00,26,2,0.0,0.0,0.0,0.6243333333333334,optimal
2021-02-08 22:00:00,26,2,0.0,0.0,0.0,0.4801333333333333,optimal
2021-02-08 22:30:00,26,2,0.0,0.0,0.0,0.4828,optimal
2021-02-08 23:00:00,26,2,0.0,0.0,0.0,0.6285333333333333,optimal
2021-02-08 23:30:00,26,2,0.0,0.23222222222222222,0.0,0.4374333333333333,optimal
2021-02-09 00:00:00,26,2,0.0,0.0,0.0,0.059,optimal
2021-02-09 00:30:00,26,2,0.0,0.0,0.0,0.059,optimal
2021-02-09 01:00:00,26,2,0.0,0.0,0.0,0.19906666666666664,optimal
2021-02-09 01:30:00,26,2,0.7703471696239472,0.0,0.0,0.059,optimal
2021-02-09 02:00:00,26,2,1.1428571428571428,0.0,0.0,0.19906666666666664,optimal
2021-02-09 02:30:00,26,2,1.1428571428571428,0.0,0.0,0.059,optimal
2021-02-09 03:00:00,26,2,1.1428571428571428,0.0,0.0,0.059,optimal
2021-02-09 03:30:00,26,2,1.1428571428571428,0.0,0.0,0.19906666666666664,optimal
2021-02-09 04:00:00,26,2,1.1428571428571428,0.0,0.0,0.059,optimal
2021-02-09 04:30:00,26,2,1.1428571428571428,0.0,0.0,0.1163,optimal
2021-02-09 05:00:00,26,2,1.1428571428571428,0.0,0.0,0.14176666666666668,optimal
2021-02-09 05:30:00,26,2,1.1428571428571428,0.0,0.0,0.06466666666666668,optimal
2021-02-09 06:00:00,26,2,1.1428571428571428,0.0,0.0,0.20906666666666662,optimal
2021-02-09 06:30:00,26,2,1.1428571428571428,0.0,0.0,0.069,optimal
2021-02-09 07:00:00,26,2,1.1428571428571428,0.0,0.0,0.9314,optimal
2021-02-09 07:30:00,26,2,1.1428571428571428,0.387037037037037,0.0,0.6983333333333334,optimal
2021-02-09 08:00:00,26,2,0.6743218563811144,0.46444444444444444,0.0,0.2526333333333333,optimal
2021-02-09 08:30:00,26,2,0.6822762716542927,0.23222222222222222,0.0,0.10566666666666669,optimal
2021-02-09 09:00:00,26,2,0.5841899851111155,0.0,0.0,0.2444333333333333,optimal
2021-02-09 09:30:00,26,2,0.5760511966098518,0.23222222222222222,0.0,0.08,optimal
2021-02-09 10:00:00,26,2,0.4571808406225319,0.0774074074074074,0.0,0.12993333333333335,optimal
2021-02-09 10:30:00,26,2,0.47322867560163756,0.0,0.0,0.2643666666666667,optimal
2021-02-09 11:00:00,26,2,0.4057496394581097,0.0,0.0,0.23586666666666667,optimal
2021-02-09 11:30:00,26,2,0.37384873026345994,0.3096296296296296,0.0,0.3327,optimal
2021-02-09 12:00:00,26,2,0.36367575622235476,0.1548148148148148,0.0,0.1766,optimal
2021-02-09 12:30:00,26,2,0.3116242844646284,0.0,0.0,0.6382000000000001,optimal
2021-02-09 13:00:00,26,2,1.1428571428571428,0.0,2.3637690822452915,2.657033333333333,optimal
2021-02-09 13:30:00,26,2,1.1428571428571428,0.46444444444444444,10.0,2.265733333333333,optimal
2021-02-09 14:00:00,26,2,1.1428571428571428,0.774074074074074,0.0,0.22956666666666664,optimal
2021-02-09 14:30:00,26,2,1.1428571428571428,0.0,0.0,0.082,optimal
2021-02-09 15:00:00,26,2,1.1428571428571428,0.0,0.0,0.3813666666666667,optimal
2021-02-09 15:30:00,26,2,1.1428571428571428,0.0,0.0,0.07826666666666666,optimal
2021-02-09 16:00:00,26,2,0.0,0.0,0.0,0.097,optimal
2021-02-09 16:30:00,26,2,0.0,0.0,0.0,0.2092333333333333,optimal
2021-02-09 17:00:00,26,2,0.0,0.23222222222222222,0.0,1.6242,optimal
2021-02-09 17:30:00,26,2,0.0,0.0,0.0,0.2475,optimal
2021-02-09 18:00:00,26,2,0.0,0.0,0.0,0.14766666666666667,optimal
2021-02-09 18:30:00,26,2,0.0,0.0,0.0,0.5093,optimal
2021-02-09 19:00:00,26,2,0.0,0.23222222222222222,0.0,1.5289000000000001,optimal
2021-02-09 19:30:00,26,2,0.0,0.0,0.0,2.8879,optimal
2021-02-09 20:00:00,26,2,0.3096171180598223,0.0,0.0,1.8168,optimal
2021-02-09 20:30:00,26,2,0.0,0.0,0.0,0.4033,optimal
2021-02-09 21:00:00,26,2,0.0,0.23222222222222222,0.0,0.23483333333333328,optimal
2021-02-09 21:30:00,26,2,0.0,0.0,0.0,0.3728,optimal
2021-02-09 22:00:00,26,2,0.0,2.2448148148148146,0.0,0.24330000000000002,optimal
2021-02-09 22:30:00,26,2,0.0,0.23222222222222222,0.0,0.328,optimal
2021-02-09 23:00:00,26,2,0.0,0.387037037037037,0.0,0.48856666666666665,optimal
2021-02-09 23:30:00,26,2,0.0,0.23222222222222222,0.0,0.15933333333333335,optimal
2021-02-10 00:00:00,26,2,0.0,0.0,0.0,0.068,optimal
2021-02-10 00:30:00,26,2,0.0,0.0,0.0,0.16026666666666667,optimal
2021-02-10 01:00:00,26,2,0.0,0.0,0.0,0.1026,optimal
2021-02-10 01:30:00,26,2,0.9743738861238896,0.0,0.0,0.09683333333333331,optimal
2021-02-10 02:00:00,26,2,1.1428571428571428,0.0,0.0,0.16603333333333334,optimal
2021-02-10 02:30:00,26,2,1.1428571428571428,0.0,0.0,0.068,optimal
2021-02-10 03:00:00,26,2,1.1428571428571428,0.0,0.0,0.1948666666666667,optimal
2021-02-10 03:30:00,26,2,1.1428571428571428,0.0,6.874427003964277,0.068,optimal
2021-02-10 04:00:00,26,2,1.1428571428571428,0.0,10.0,0.13143333333333335,optimal
2021-02-10 04:30:00,26,2,1.1428571428571428,0.0,10.0,1.0617,optimal
2021-02-10 05:00:00,26,2,1.1428571428571428,0.0,0.0,2.6691,optimal
2021-02-10 05:30:00,26,2,1.1428571428571428,0.6966666666666667,0.0,1.6187,optimal
2021-02-10 06:00:00,26,2,1.1428571428571428,1.6658074074074074,0.0,0.3421,optimal
2021-02-10 06:30:00,26,2,1.1428571428571428,2.3593777777777776,0.0,2.2998000000000003,optimal
2021-02-10 07:00:00,26,2,1.1428571428571428,0.0774074074074074,0.0,0.6214333333333333,optimal
2021-02-10 07:30:00,26,2,1.1428571428571428,0.0,0.0,0.078,optimal
2021-02-10 08:00:00,26,2,0.8544854900682498,0.0,0.0,0.0953,optimal
2021-02-10 08:30:00,26,2,0.8195675675753522,0.0,0.0,0.18756666666666663,optimal
2021-02-10 09:00:00,26,2,0.7779185326169508,0.0,0.0,0.078,optimal
2021-02-10 09:30:00,26,2,0.7495910863145139,0.0,0.0,0.1472,optimal
2021-02-10 10:00:00,26,2,0.6399614922231822,0.0,0.0,0.13566666666666666,optimal
2021-02-10 10:30:00,26,2,0.6500206694011167,0.0,0.0,0.078,optimal
2021-02-10 11:00:00,26,2,0.5483670645467056,0.0,0.0,0.1587333333333333,optimal
2021-02-10 11:30:00,26,2,0.5539747699669226,0.0,0.0,0.12413333333333335,optimal
2021-02-10 12:00:00,26,2,0.4679643453467947,0.0,0.0,0.08376666666666667,optimal
2021-02-10 12:30:00,26,2,0.4350119643944082,0.0,0.0,0.1991,optimal
2021-02-10 13:00:00,26,2,0.4851562559090708,0.0,0.0,0.078,optimal
2021-02-10 13:30:00,26,2,1.0815748889145218,0.1548148148148148,0.0,0.5512333333333334,optimal
2021-02-10 14:00:00,26,2,1.1428571428571428,0.0,0.0,2.2685999999999997,optimal
2021-02-10 14:30:00,26,2,1.1428571428571428,0.0,0.0,2.1414333333333335,optimal
2021-02-10 15:00:00,26,2,1.1428571428571428,0.8514814814814814,0.0,2.020733333333333,optimal
2021-02-10 15:30:00,26,2,1.1428571428571428,0.0,0.0,3.277133333333333,optimal
2021-02-10 16:00:00,26,2,0.0,0.1548148148148148,0.0,1.7094,optimal
2021-02-10 16:30:00,26,2,0.0,0.0774074074074074,0.0,0.6704333333333333,optimal
2021-02-10 17:00:00,26,2,0.0,0.0,0.0,3.2629333333333332,optimal
2021-02-10 17:30:00,26,2,0.0,0.5418518518518518,0.0,2.2162333333333333,optimal
2021-02-10 18:00:00,26,2,0.0,0.46444444444444444,0.0,3.265766666666667,optimal
2021-02-10 18:30:00,26,2,0.0,0.3096296296296296,0.0,2.5350333333333332,optimal
2021-02-10 19:00:00,26,2,0.0,0.5418518518518518,0.0,0.2892,optimal
2021-02-10 19:30:00,26,2,0.0,0.23222222222222222,0.0,0.4648333333333333,optimal
2021-02-10 20:00:00,26,2,0.0,1.7803703703703702,0.0,0.5012666666666666,optimal
2021-02-10 20:30:00,26,2,0.0,0.0,0.0,0.3701333333333333,optimal
2021-02-10 21:00:00,26,2,0.0,0.387037037037037,0.0,2.4055999999999997,optimal
2021-02-10 21:30:00,26,2,0.0,0.0,0.0,0.3645333333333334,optimal
2021-02-10 22:00:00,26,2,0.0,0.1548148148148148,0.0,0.5848333333333333,optimal
2021-02-10 22:30:00,26,2,0.0,0.0774074074074074,0.0,0.5999333333333333,optimal
2021-02-10 23:00:00,26,2,0.0,0.0,0.0,0.36773333333333336,optimal
2021-02-10 23:30:00,26,2,0.0,0.1548148148148148,0.0,0.31853333333333333,optimal
2021-02-11 00:00:00,26,2,0.7831575064856924,0.0,0.0,0.118,optimal
2021-02-11 00:30:00,26,2,1.1428571428571428,0.0,0.0,0.14466666666666667,optimal
2021-02-11 01:00:00,26,2,1.1428571428571428,0.0,0.0,0.058,optimal
2021-02-11 01:30:00,26,2,1.1428571428571428,0.0,0.0,0.20466666666666664,optimal
2021-02-11 02:00:00,26,2,1.1428571428571428,0.0,0.0,0.058,optimal
2021-02-11 02:30:00,26,2,1.1428571428571428,0.0,0.0,0.11,optimal
2021-02-11 03:00:00,26,2,1.1428571428571428,0.0,0.0,0.16,optimal
2021-02-11 03:30:00,26,2,1.1428571428571428,0.0,0.0,0.058,optimal
2021-02-11 04:00:00,26,2,1.1428571428571428,0.0,0.0,0.20466666666666664,optimal
2021-02-11 04:30:00,26,2,1.1428571428571428,0.0,0.0,0.058,optimal
2021-02-11 05:00:00,26,2,1.1428571428571428,0.0,0.0,0.06133333333333334,optimal
2021-02-11 05:30:00,26,2,1.1428571428571428,0.3096296296296296,0.0,0.332,optimal
2021-02-11 06:00:00,26,2,1.1428571428571428,0.0,0.0,0.13133333333333333,optimal
2021-02-11 06:30:00,26,2,1.1428571428571428,0.0774074074074074,9.592056664735217,0.06533333333333333,optimal
2021-02-11 07:00:00,26,2,1.1428571428571428,2.012592592592592,10.0,0.221,optimal
2021-02-11 07:30:00,26,2,1.1428571428571428,6.424814814814814,0.0,0.07033333333333333,optimal
2021-02-11 08:00:00,26,2,0.6786591703653049,0.1548148148148148,0.0,0.42219999999999996,optimal
2021-02-11 08:30:00,26,2,0.7644190408064125,0.0,0.0,0.10766666666666669,optimal
2021-02-11 09:00:00,26,2,0.6705140875702083,0.0,0.0,1.0313666666666665,optimal
2021-02-11 09:30:00,26,2,0.7873821793847016,0.0,0.0,0.16133333333333336,optimal
2021-02-11 10:00:00,26,2,0.6060898854887593,0.0,0.0,0.12133333333333332,optimal
2021-02-11 10:30:00,26,2,0.6469960339198593,0.0,0.0,0.068,optimal
2021-02-11 11:00:00,26,2,0.5341626565098424,0.0,0.0,0.21466666666666662,optimal
2021-02-11 11:30:00,26,2,0.5439823519233558,0.0,0.0,0.068,optimal
2021-02-11 12:00:00,26,2,1.0930722308640732,0.0,0.0,0.068,optimal
2021-02-11 12:30:00,26,2,1.1428571428571428,0.0,0.0,0.21466666666666662,optimal
2021-02-11 13:00:00,26,2,1.1428571428571428,0.0,0.0,0.068,optimal
2021-02-11 13:30:00,26,2,1.1428571428571428,0.0,0.0,0.16133333333333336,optimal
2021-02-11 14:00:00,26,2,1.1428571428571428,0.0,0.0,0.20466666666666664,optimal
2021-02-11 14:30:00,26,2,1.1428571428571428,0.5418518518518518,0.0,1.6925999999999999,optimal
2021-02-11 15:00:00,26,2,1.1428571428571428,0.0774074074074074,0.0,0.3651666666666667,optimal
2021-02-11 15:30:00,26,2,1.1428571428571428,0.1548148148148148,0.0,0.34353333333333336,optimal
2021-02-11 16:00:00,26,2,0.0,0.0,0.0,0.44410000000000005,optimal
2021-02-11 16:30:00,26,2,0.0,0.0,0.0,0.3055,optimal
2021-02-11 17:00:00,26,2,0.0,0.5418518518518518,0.0,0.271,optimal
2021-02-11 17:30:00,26,2,0.0,0.0,0.0,0.6498666666666667,optimal
2021-02-11 18:00:00,26,2,0.0,0.0774074074074074,0.0,0.20753333333333332,optimal
2021-02-11 18:30:00,26,2,0.0,0.0774074074074074,0.0,0.141,optimal
2021-02-11 19:00:00,26,2,0.0,0.0,0.0,0.068,optimal
2021-02-11 19:30:00,26,2,1.0530709628311556,0.0,0.0,0.21466666666666662,optimal
2021-02-11 20:00:00,26,2,1.1291997956599138,0.0,0.0,0.068,optimal
2021-02-11 20:30:00,26,2,0.0,0.0774074074074074,0.0,0.4545,optimal
2021-02-11 21:00:00,26,2,0.0,0.0,0.0,0.3028,optimal
2021-02-11 21:30:00,26,2,0.0,0.387037037037037,0.0,0.33473333333333327,optimal
2021-02-11 22:00:00,26,2,0.0,0.0,0.0,0.30106666666666665,optimal
2021-02-11 22:30:00,26,2,0.0,0.0,0.0,0.08133333333333333,optimal
2021-02-11 23:00:00,26,2,0.0,0.0,0.0,0.20133333333333328,optimal
2021-02-11 23:30:00,26,2,0.0,0.0,0.0,0.06433333333333333,optimal
2021-02-12 00:00:00,26,2,1.1428571428571428,0.0,0.0,0.06766666666666667,optimal
2021-02-12 00:30:00,26,2,1.1428571428571428,0.0,0.0,0.058333333333333334,optimal
2021-02-12 01:00:00,26,2,1.1428571428571428,0.0,0.0,0.058,optimal
2021-02-12 01:30:00,26,2,1.1428571428571428,0.0,0.0,0.11776666666666669,optimal
2021-02-12 02:00:00,26,2,1.1428571428571428,0.0,0.0,0.11776666666666669,optimal
2021-02-12 02:30:00,26,2,1.1428571428571428,0.0,0.0,0.058,optimal
2021-02-12 03:00:00,26,2,1.1428571428571428,0.0,0.0,0.058,optimal
2021-02-12 03:30:00,26,2,1.1428571428571428,0.0,0.0,0.15036666666666668,optimal
2021-02-12 04:00:00,26,2,1.1428571428571428,0.0,0.0,0.08516666666666667,optimal
2021-02-12 04:30:00,26,2,1.1428571428571428,0.0,0.0,0.058,optimal
2021-02-12 05:00:00,26,2,1.1428571428571428,0.0,0.0,0.17753333333333332,optimal
2021-02-12 05:30:00,26,2,1.1428571428571428,0.0,0.0,0.058,optimal
2021-02-12 06:00:00,26,2,1.1428571428571428,0.0,0.0,0.11233333333333331,optimal
2021-02-12 06:30:00,26,2,1.1428571428571428,0.0,2.78028126067342,0.13286666666666666,optimal
2021-02-12 07:00:00,26,2,1.1428571428571428,0.0,10.0,0.068,optimal
2021-02-12 07:30:00,26,2,1.1428571428571428,9.329841957708325,0.0,0.1658,optimal
2021-02-12 08:00:00,26,2,0.800709562465582,1.7029629629629628,0.0,0.6723,optimal
2021-02-12 08:30:00,26,2,0.6244560563870603,0.1548148148148148,0.0,4.051666666666667,optimal
2021-02-12 09:00:00,26,2,0.4447898338175186,0.387037037037037,0.0,2.691533333333333,optimal
2021-02-12 09:30:00,26,2,0.5321784006812802,0.0,0.0,0.2868,optimal
2021-02-12 10:00:00,26,2,0.45745855793822954,0.1548148148148148,0.0,0.19113333333333332,optimal
2021-02-12 10:30:00,26,2,0.3418798558095723,0.0,0.0,0.7615,optimal
2021-02-12 11:00:00,26,2,0.4065862200908384,0.0,0.0,0.2646,optimal
2021-02-12 11:30:00,26,2,0.3570757870866664,0.0,0.0,0.4134,optimal
2021-02-12 12:00:00,26,2,0.32040697347754976,0.0774074074074074,0.0,0.3579,optimal
2021-02-12 12:30:00,26,2,0.30860130237813255,0.6192592592592592,0.0,0.37973333333333337,optimal
2021-02-12 13:00:00,26,2,0.6073959365527296,0.23222222222222222,0.0,0.286,optimal
2021-02-12 13:30:00,26,2,1.1428571428571428,0.8514814814814814,0.0,0.5337666666666666,optimal
2021-02-12 14:00:00,26,2,1.1428571428571428,0.0,0.0,0.40023333333333333,optimal
2021-02-12 14:30:00,26,2,1.1428571428571428,0.1548148148148148,0.0,0.20233333333333328,optimal
2021-02-12 15:00:00,26,2,1.1428571428571428,0.0,0.0,1.2619,optimal
2021-02-12 15:30:00,26,2,1.1428571428571428,0.0,0.0,0.23956666666666662,optimal
2021-02-12 16:00:00,26,2,0.0,0.0,0.0,0.1616,optimal
2021-02-12 16:30:00,26,2,0.0,0.23222222222222222,0.0,0.8376333333333333,optimal
2021-02-12 17:00:00,26,2,0.0,0.387037037037037,0.0,1.8279666666666667,optimal
2021-02-12 17:30:00,26,2,0.0,0.23222222222222222,0.0,1.0899,optimal
2021-02-12 18:00:00,26,2,0.0,0.0774074074074074,0.0,0.5197666666666666,optimal
2021-02-12 18:30:00,26,2,0.0,0.0,0.0,0.5352,optimal
2021-02-12 19:00:00,26,2,0.0,0.23222222222222222,0.0,0.6005,optimal
2021-02-12 19:30:00,26,2,0.0,0.23222222222222222,0.0,0.4059,optimal
2021-02-12 20:00:00,26,2,0.0,0.0,0.0,0.3961,optimal
2021-02-12 20:30:00,26,2,0.0,0.3096296296296296,0.0,1.4147333333333332,optimal
2021-02-12 21:00:00,26,2,0.0,0.0,0.0,0.4128,optimal
2021-02-12 21:30:00,26,2,0.0,0.0,0.0,0.4629333333333333,optimal
2021-02-12 22:00:00,26,2,0.0,0.0,0.0,0.903,optimal
2021-02-12 22:30:00,26,2,0.0,0.0,0.0,1.3654666666666666,optimal
2021-02-12 23:00:00,26,2,0.0,0.0,0.0,0.24186666666666667,optimal
2021-02-12 23:30:00,26,2,0.0,0.0,0.0,3.8893,optimal
2021-02-13 00:00:00,26,2,0.0,0.0,0.0,0.044,optimal
2021-02-13 00:30:00,26,2,0.0,0.0,0.0,0.044,optimal
2021-02-13 01:00:00,26,2,0.9542815639422774,0.0,0.0,0.044,optimal
2021-02-13 01:30:00,26,2,1.1428571428571428,0.0,0.0,0.044,optimal
2021-02-13 02:00:00,26,2,1.1428571428571428,0.0,0.0,0.15333333333333335,optimal
2021-02-13 02:30:00,26,2,1.1428571428571428,0.0,0.0,0.044,optimal
2021-02-13 03:00:00,26,2,1.1428571428571428,0.0,0.0,0.10413333333333334,optimal
2021-02-13 03:30:00,26,2,1.1428571428571428,0.0,0.0,0.0932,optimal
2021-02-13 04:00:00,26,2,1.1428571428571428,0.0,0.0,0.10413333333333334,optimal
2021-02-13 04:30:00,26,2,1.1428571428571428,0.0,0.0,0.0932,optimal
2021-02-13 05:00:00,26,2,1.1428571428571428,0.0,0.0,0.044,optimal
2021-02-13 05:30:00,26,2,1.1428571428571428,0.0,0.0,0.13693333333333332,optimal
2021-02-13 06:00:00,26,2,1.1428571428571428,0.0,0.0,0.07006666666666667,optimal
2021-02-13 06:30:00,26,2,1.1428571428571428,0.0,3.4536625098818856,0.054,optimal
2021-02-13 07:00:00,26,2,1.1428571428571428,0.1548148148148148,10.0,0.16066666666666665,optimal
2021-02-13 07:30:00,26,2,1.1428571428571428,0.0774074074074074,0.0,0.043,optimal
2021-02-13 08:00:00,26,2,0.8268831503518914,0.1548148148148148,0.0,0.0588,optimal
2021-02-13 08:30:00,26,2,0.8462489078239075,0.0,0.0,0.1618666666666667,optimal
2021-02-13 09:00:00,26,2,0.8301152551679387,0.0,0.0,0.054,optimal
2021-02-13 09:30:00,26,2,0.7881821377661009,0.0,0.0,0.16333333333333333,optimal
2021-02-13 10:00:00,26,2,0.7065770094583868,0.0,0.0,0.054,optimal
2021-02-13 10:30:00,26,2,0.7044380050256439,0.0,0.0,0.052333333333333336,optimal
2021-02-13 11:00:00,26,2,0.735745768482918,0.0774074074074074,0.0,0.26493333333333335,optimal
2021-02-13 11:30:00,26,2,1.1428571428571428,0.0,0.0,0.12433333333333331,optimal
2021-02-13 12:00:00,26,2,1.1428571428571428,0.0,0.0,0.20866666666666664,optimal
2021-02-13 12:30:00,26,2,1.1428571428571428,0.0,0.0,0.063,optimal
2021-02-13 13:00:00,26,2,1.1428571428571428,0.0774074074074074,0.0,0.8533333333333334,optimal
2021-02-13 13:30:00,26,2,1.1428571428571428,0.387037037037037,0.0,0.8078666666666666,optimal
2021-02-13 14:00:00,26,2,1.1428571428571428,0.0,0.0,0.0858,optimal
2021-02-13 14:30:00,26,2,1.1428571428571428,0.0,0.0,0.1032,optimal
2021-02-13 15:00:00,26,2,1.1428571428571428,0.0,0.0,0.11413333333333334,optimal
2021-02-13 15:30:00,26,2,1.1428571428571428,0.0,0.0,0.054,optimal
2021-02-13 16:00:00,26,2,0.0,0.0,0.0,0.054,optimal
2021-02-13 16:30:00,26,2,0.0,0.0,0.0,0.054,optimal
2021-02-13 17:00:00,26,2,0.0,0.0,0.0,0.054,optimal
2021-02-13 17:30:00,26,2,0.0,0.0,0.0,0.16333333333333333,optimal
2021-02-13 18:00:00,26,2,0.0,0.0,0.0,0.054,optimal
2021-02-13 18:30:00,26,2,0.0,0.0,0.0,0.136,optimal
2021-02-13 19:00:00,26,2,0.0,0.0,0.0,0.08133333333333333,optimal
2021-02-13 19:30:00,26,2,0.8634566657048443,0.0,0.0,0.054,optimal
2021-02-13 20:00:00,26,2,0.6988775317132105,0.3096296296296296,0.0,0.443,optimal
2021-02-13 20:30:00,26,2,0.0,0.0,0.0,0.3093333333333333,optimal
2021-02-13 21:00:00,26,2,0.0,0.0,0.0,0.203,optimal
2021-02-13 21:30:00,26,2,0.0,0.5418518518518518,0.0,0.27013333333333334,optimal
2021-02-13 22:00:00,26,2,0.0,0.1548148148148148,0.0,0.15630000000000002,optimal
2021-02-13 22:30:00,26,2,0.0,0.1548148148148148,0.0,0.23036666666666666,optimal
2021-02-13 23:00:00,26,2,0.0,0.3096296296296296,0.0,0.27393333333333336,optimal
2021-02-13 23:30:00,26,2,0.0,0.0,0.0,0.10266666666666668,optimal
2021-02-07 00:00:00,27,2,0.0,0.0,0.0,0.1316,optimal
2021-02-07 00:30:00,27,2,0.0,0.0,0.0,0.06409999999999999,optimal
2021-02-07 01:00:00,27,2,0.0,0.0,0.0,0.3452333333333333,optimal
2021-02-07 01:30:00,27,2,0.0,0.0,0.0,0.07373333333333333,optimal
2021-02-07 02:00:00,27,2,0.0,0.0,0.0,0.21036666666666667,optimal
2021-02-07 02:30:00,27,2,0.0,0.0,0.0,0.2137,optimal
2021-02-07 03:00:00,27,2,0.0,0.0,0.0,0.07429999999999999,optimal
2021-02-07 03:30:00,27,2,0.0,0.0,0.0,0.1151,optimal
2021-02-07 04:00:00,27,2,1.1428571428571428,0.0,0.0,0.22106666666666663,optimal
2021-02-07 04:30:00,27,2,1.1428571428571428,0.0,0.0,0.0998,optimal
2021-02-07 05:00:00,27,2,1.1428571428571428,0.0,0.0,0.12643333333333334,optimal
2021-02-07 05:30:00,27,2,1.1428571428571428,0.0,0.0,0.2571666666666667,optimal
2021-02-07 06:00:00,27,2,1.1428571428571428,0.0,0.0,0.0945,optimal
2021-02-07 06:30:00,27,2,1.1428571428571428,0.5418518518518518,1.4055777348378222,0.26926666666666665,optimal
2021-02-07 07:00:00,27,2,1.1428571428571428,0.46444444444444444,0.0,0.3733333333333333,optimal
2021-02-07 07:30:00,27,2,0.0,2.3222222222222215,0.0,0.1776,optimal
2021-02-07 08:00:00,27,2,0.0,0.0,0.0,0.40093333333333325,optimal
2021-02-07 08:30:00,27,2,0.6341199169551099,0.0,0.0,0.22826666666666667,optimal
2021-02-07 09:00:00,27,2,0.7153454708112251,0.0,0.0,0.16696666666666668,optimal
2021-02-07 09:30:00,27,2,0.6826921806641825,0.0,0.0,0.26543333333333335,optimal
2021-02-07 10:00:00,27,2,0.6927329564059302,0.0,0.0,0.07513333333333334,optimal
2021-02-07 10:30:00,27,2,0.732793601884302,0.0,0.0,0.2078333333333333,optimal
2021-02-07 11:00:00,27,2,1.1428571428571428,0.0,0.0,0.2001,optimal
2021-02-07 11:30:00,27,2,1.1428571428571428,0.0,0.0,0.06233333333333334,optimal
2021-02-07 12:00:00,27,2,1.1428571428571428,0.0,0.0,0.1965,optimal
2021-02-07 12:30:00,27,2,1.1428571428571428,0.0,0.0,0.17496666666666666,optimal
2021-02-07 13:00:00,27,2,1.1428571428571428,0.0,0.0,0.1416,optimal
2021-02-07 13:30:00,27,2,1.1428571428571428,0.0,0.0,0.2922666666666667,optimal
2021-02-07 14:00:00,27,2,1.1428571428571428,0.0,0.0,0.14776666666666669,optimal
2021-02-07 14:30:00,27,2,1.1428571428571428,0.0,0.0,0.18353333333333333,optimal
2021-02-07 15:00:00,27,2,1.1428571428571428,0.0,0.0,0.19196666666666667,optimal
2021-02-07 15:30:00,27,2,1.1428571428571428,0.0,0.0,0.1416,optimal
2021-02-07 16:00:00,27,2,0.0,0.0,0.0,0.23106666666666664,optimal
2021-02-07 16:30:00,27,2,0.0,0.0,0.0,0.1404,optimal
2021-02-07 17:00:00,27,2,0.0,0.0,0.0,0.1574,optimal
2021-02-07 17:30:00,27,2,0.0,0.0,0.0,0.24586666666666668,optimal
2021-02-07 18:00:00,27,2,0.0,0.0,0.0,0.1098,optimal
2021-02-07 18:30:00,27,2,0.0,0.0,0.0,0.16476666666666667,optimal
2021-02-07 19:00:00,27,2,0.0,0.0,0.0,0.18630000000000002,optimal
2021-02-07 19:30:00,27,2,0.7431041938150676,0.0,0.0,0.162,optimal
2021-02-07 20:00:00,27,2,0.6892089557198321,0.23222222222222222,0.0,0.2513,optimal
2021-02-07 20:30:00,27,2,0.0,0.0,0.0,0.5346666666666666,optimal
2021-02-07 21:00:00,27,2,0.0,0.0,0.0,0.22776666666666667,optimal
2021-02-07 21:30:00,27,2,0.0,0.1548148148148148,0.0,0.5270666666666667,optimal
2021-02-07 22:00:00,27,2,0.0,0.0,0.0,0.215,optimal
2021-02-07 22:30:00,27,2,0.0,2.3222222222222215,0.0,0.2579666666666666,optimal
2021-02-07 23:00:00,27,2,0.0,0.0,0.0,0.26923333333333327,optimal
2021-02-07 23:30:00,27,2,0.0,0.0,0.0,0.10216666666666668,optimal
2021-02-08 00:00:00,27,2,0.0,0.0,0.0,0.057,optimal
2021-02-08 00:30:00,27,2,0.0,0.0,0.0,0.2987333333333333,optimal
2021-02-08 01:00:00,27,2,0.0,0.0,0.0,0.057,optimal
2021-02-08 01:30:00,27,2,0.0,0.0,0.0,0.0783,optimal
2021-02-08 02:00:00,27,2,0.73250044475939,0.0,0.0,0.35203333333333336,optimal
2021-02-08 02:30:00,27,2,1.1428571428571428,0.0,0.0,0.0818,optimal
2021-02-08 03:00:00,27,2,1.1428571428571428,0.0,0.0,0.1564,optimal
2021-02-08 03:30:00,27,2,1.1428571428571428,0.0,0.0,0.19340000000000002,optimal
2021-02-08 04:00:00,27,2,1.1428571428571428,0.0,0.0,0.136,optimal
2021-02-08 04:30:00,27,2,1.1428571428571428,0.0,0.0,0.1827333333333333,optimal
2021-02-08 05:00:00,27,2,1.1428571428571428,0.0,0.0,0.21353333333333332,optimal
2021-02-08 05:30:00,27,2,1.1428571428571428,0.0,0.0,0.21963333333333332,optimal
2021-02-08 06:00:00,27,2,1.1428571428571428,0.0774074074074074,0.0,1.0284666666666666,optimal
2021-02-08 06:30:00,27,2,1.1428571428571428,0.1548148148148148,5.927441465093885,0.4666666666666667,optimal
2021-02-08 07:00:00,27,2,1.1428571428571428,0.0,10.0,0.17880000000000001,optimal
2021-02-08 07:30:00,27,2,1.1428571428571428,2.8640740740740736,0.0,1.2873333333333332,optimal
2021-02-08 08:00:00,27,2,0.5167054908773291,2.5544444444444445,0.0,0.27043333333333336,optimal
2021-02-08 08:30:00,27,2,0.5567073092666304,1.548148148148148,0.0,0.13623333333333332,optimal
2021-02-08 09:00:00,27,2,0.5179557055797808,0.0,0.0,0.27486666666666665,optimal
2021-02-08 09:30:00,27,2,0.2532529779958168,0.0,0.0,1.3412,optimal
2021-02-08 10:00:00,27,2,0.4944455578172104,0.0,0.0,0.0706,optimal
2021-02-08 10:30:00,27,2,0.4862625711154645,0.23222222222222222,0.0,0.211,optimal
2021-02-08 11:00:00,27,2,0.38512583839966313,0.0,0.0,0.22303333333333333,optimal
2021-02-08 11:30:00,27,2,0.29250497239129664,0.387037037037037,0.0,0.32656666666666667,optimal
2021-02-08 12:00:00,27,2,0.21851378824543535,0.8514814814814814,0.0,0.3382,optimal
2021-02-08 12:30:00,27,2,0.3255387228953846,0.23222222222222222,0.0,0.19166666666666662,optimal
2021-02-08 13:00:00,27,2,0.2982495800558068,0.46444444444444444,0.0,0.4026666666666667,optimal
2021-02-08 13:30:00,27,2,0.4626334092600224,0.23222222222222222,0.0,0.16419999999999998,optimal
2021-02-08 14:00:00,27,2,1.1428571428571428,0.1548148148148148,0.0,0.9011666666666667,optimal
2021-02-08 14:30:00,27,2,1.1428571428571428,0.0,0.0,1.4473666666666665,optimal
2021-02-08 15:00:00,27,2,1.1428571428571428,0.1548148148148148,0.0,0.2424,optimal
2021-02-08 15:30:00,27,2,1.1428571428571428,0.23222222222222222,0.0,0.6342000000000001,optimal
2021-02-08 16:00:00,27,2,0.0,0.6192592592592592,0.0,1.6542666666666668,optimal
2021-02-08 16:30:00,27,2,0.0,0.6192592592592592,0.0,1.7540333333333333,optimal
2021-02-08 17:00:00,27,2,0.0,0.6192592592592592,0.0,1.3175999999999999,optimal
2021-02-08 17:30:00,27,2,0.0,0.0,0.0,0.42486666666666667,optimal
2021-02-08 18:00:00,27,2,0.0,0.774074074074074,0.0,1.5877999999999999,optimal
2021-02-08 18:30:00,27,2,0.0,0.0,0.0,0.32780000000000004,optimal
2021-02-08 19:00:00,27,2,0.0,0.0774074074074074,0.0,0.5015333333333334,optimal
2021-02-08 19:30:00,27,2,0.0,0.3096296296296296,0.0,0.3534,optimal
2021-02-08 20:00:00,27,2,0.0,0.3096296296296296,0.0,0.41373333333333334,optimal
2021-02-08 20:30:00,27,2,0.0,0.0,0.0,0.6156,optimal
2021-02-08 21:00:00,27,2,0.0,0.0,0.0,0.5725333333333333,optimal
2021-02-08 21:30:00,27,2,0.0,0.0,0.0,0.4557333333333333,optimal
2021-02-08 22:00:00,27,2,0.0,0.0774074074074074,0.0,0.15730000000000002,optimal
2021-02-08 22:30:00,27,2,0.0,0.0,0.0,0.2284,optimal
2021-02-08 23:00:00,27,2,0.0,0.0,0.0,0.18880000000000002,optimal
2021-02-08 23:30:00,27,2,0.0,0.0,0.0,0.1814,optimal
2021-02-09 00:00:00,27,2,0.0,0.0,0.0,0.053,optimal
2021-02-09 00:30:00,27,2,0.0,0.0,0.0,0.061666666666666654,optimal
2021-02-09 01:00:00,27,2,0.3329474333646689,0.0,0.0,0.1444,optimal
2021-02-09 01:30:00,27,2,1.1428571428571428,0.0,0.0,0.053,optimal
2021-02-09 02:00:00,27,2,1.1428571428571428,0.0,0.0,0.14073333333333332,optimal
2021-02-09 02:30:00,27,2,1.1428571428571428,0.0,0.0,0.053,optimal
2021-02-09 03:00:00,27,2,1.1428571428571428,0.0,0.0,0.053,optimal
2021-02-09 03:30:00,27,2,1.1428571428571428,0.0,0.0,0.14073333333333332,optimal
2021-02-09 04:00:00,27,2,1.1428571428571428,0.0,0.0,0.053,optimal
2021-02-09 04:30:00,27,2,1.1428571428571428,0.0,0.0,0.053,optimal
2021-02-09 05:00:00,27,2,1.1428571428571428,0.0,0.0,0.14073333333333332,optimal
2021-02-09 05:30:00,27,2,1.1428571428571428,0.0,0.0,0.053,optimal
2021-02-09 06:00:00,27,2,1.1428571428571428,0.0,0.0,0.061666666666666654,optimal
2021-02-09 06:30:00,27,2,1.1428571428571428,0.0,1.145251043068775,0.15073333333333333,optimal
2021-02-09 07:00:00,27,2,1.1428571428571428,0.0,10.0,0.058333333333333334,optimal
2021-02-09 07:30:00,27,2,1.1428571428571428,0.0,0.0,0.6771,optimal
2021-02-09 08:00:00,27,2,0.5791275706668253,0.387037037037037,0.0,1.1172,optimal
2021-02-09 08:30:00,27,2,0.6054705573685707,0.5418518518518518,0.0,1.6591,optimal
2021-02-09 09:00:00,27,2,0.606923318444445,0.3096296296296296,0.0,0.3635,optimal
2021-02-09 09:30:00,27,2,0.6418435775622284,0.0,0.0,0.2958,optimal
2021-02-09 10:00:00,27,2,0.5222132215749059,0.0,0.0,0.3028333333333333,optimal
2021-02-09 10:30:00,27,2,0.5109467708397305,0.0,0.0,0.4098333333333333,optimal
2021-02-09 11:00:00,27,2,0.43123535374382577,0.0774074074074074,0.0,0.2077,optimal
2021-02-09 11:30:00,27,2,0.39506777788250036,0.0,0.0,0.30946666666666667,optimal
2021-02-09 12:00:00,27,2,0.29301670860330803,0.0,0.0,0.44176666666666664,optimal
2021-02-09 12:30:00,27,2,0.36456523684557945,0.23222222222222222,0.0,0.21616666666666662,optimal
2021-02-09 13:00:00,27,2,1.0773796312495736,0.0,0.0,0.2454333333333333,optimal
2021-02-09 13:30:00,27,2,1.1428571428571428,0.23222222222222222,0.0,0.32913333333333333,optimal
2021-02-09 14:00:00,27,2,1.1428571428571428,0.0,0.0,0.3224666666666666,optimal
2021-02-09 14:30:00,27,2,1.1428571428571428,0.0,0.0,0.31089999999999995,optimal
2021-02-09 15:00:00,27,2,1.1428571428571428,0.0,0.0,0.5175333333333333,optimal
2021-02-09 15:30:00,27,2,1.1428571428571428,0.0,0.0,0.3261,optimal
2021-02-09 16:00:00,27,2,0.0,0.0,0.0,0.2978,optimal
2021-02-09 16:30:00,27,2,0.0,0.0,0.0,0.2503333333333333,optimal
2021-02-09 17:00:00,27,2,0.0,0.387037037037037,0.0,0.7364666666666667,optimal
2021-02-09 17:30:00,27,2,0.0,0.1548148148148148,0.0,0.3106666666666667,optimal
2021-02-09 18:00:00,27,2,0.0,0.3096296296296296,0.0,0.27813333333333334,optimal
2021-02-09 18:30:00,27,2,0.0,0.1548148148148148,0.0,0.3185,optimal
2021-02-09 19:00:00,27,2,0.0,0.0,0.0,0.27443333333333336,optimal
2021-02-09 19:30:00,27,2,0.0,0.23222222222222222,0.0,0.2844,optimal
2021-02-09 20:00:00,27,2,0.0,0.0,0.0,0.5028333333333334,optimal
2021-02-09 20:30:00,27,2,0.0,0.23222222222222222,0.0,0.3202,optimal
2021-02-09 21:00:00,27,2,0.0,0.23222222222222222,0.0,0.2996666666666667,optimal
2021-02-09 21:30:00,27,2,0.0,0.0,0.0,0.3085333333333334,optimal
2021-02-09 22:00:00,27,2,0.0,0.3096296296296296,0.0,0.36410000000000003,optimal
2021-02-09 22:30:00,27,2,0.0,0.0,0.0,0.46166666666666667,optimal
2021-02-09 23:00:00,27,2,0.0,0.0,0.0,0.16873333333333332,optimal
2021-02-09 23:30:00,27,2,0.0,0.0,0.0,0.053,optimal
2021-02-10 00:00:00,27,2,0.0,0.0,0.0,0.1807333333333333,optimal
2021-02-10 00:30:00,27,2,0.0,0.0,0.0,0.19253333333333333,optimal
2021-02-10 01:00:00,27,2,0.22148572254974594,0.0,0.0,0.06603333333333333,optimal
2021-02-10 01:30:00,27,2,1.1428571428571428,0.0,0.0,0.18669999999999998,optimal
2021-02-10 02:00:00,27,2,1.1428571428571428,0.0,0.0,0.0735,optimal
2021-02-10 02:30:00,27,2,1.1428571428571428,0.0,0.0,0.2089,optimal
2021-02-10 03:00:00,27,2,1.1428571428571428,0.0,0.0,0.12033333333333332,optimal
2021-02-10 03:30:00,27,2,1.1428571428571428,0.0,0.0,0.15,optimal
2021-02-10 04:00:00,27,2,1.1428571428571428,0.0,0.0,0.19273333333333328,optimal
2021-02-10 04:30:00,27,2,1.1428571428571428,0.0,0.0,0.15,optimal
2021-02-10 05:00:00,27,2,1.1428571428571428,0.0,0.0,0.1468,optimal
2021-02-10 05:30:00,27,2,1.1428571428571428,0.0,0.0,0.13326666666666667,optimal
2021-02-10 06:00:00,27,2,1.1428571428571428,0.23222222222222222,9.358452657498992,0.29546666666666666,optimal
2021-02-10 06:30:00,27,2,1.1428571428571428,2.3222222222222215,0.0,0.21256666666666663,optimal
2021-02-10 07:00:00,27,2,1.1428571428571428,0.0,0.0,0.14933333333333335,optimal
2021-02-10 07:30:00,27,2,1.1428571428571428,0.0,0.0,0.10826666666666668,optimal
2021-02-10 08:00:00,27,2,0.812952156734924,0.0,0.0,0.2323,optimal
2021-02-10 08:30:00,27,2,0.8516723294801103,0.0,0.0,0.07383333333333333,optimal
2021-02-10 09:00:00,27,2,0.7279375802359943,0.0,0.0,0.2422333333333333,optimal
2021-02-10 09:30:00,27,2,0.7598768006002369,0.0,0.0,0.1005,optimal
2021-02-10 10:00:00,27,2,0.6464567303184192,0.0,0.0,0.10223333333333331,optimal
2021-02-10 10:30:00,27,2,0.6185349551154076,0.0,0.0,0.1825,optimal
2021-02-10 11:00:00,27,2,0.5537956359752737,0.0,0.0,0.12903333333333333,optimal
2021-02-10 11:30:00,27,2,1.062902301690196,0.0,0.0,0.18669999999999998,optimal
2021-02-10 12:00:00,27,2,1.1428571428571428,0.0,0.0,0.069,optimal
2021-02-10 12:30:00,27,2,1.1428571428571428,0.0,0.0,0.16513333333333333,optimal
2021-02-10 13:00:00,27,2,1.1428571428571428,0.0,0.0,0.17426666666666668,optimal
2021-02-10 13:30:00,27,2,1.1428571428571428,0.0,0.0,0.09133333333333331,optimal
2021-02-10 14:00:00,27,2,1.1428571428571428,0.0,0.0,0.15316666666666665,optimal
2021-02-10 14:30:00,27,2,1.1428571428571428,0.0,0.0,0.16256666666666666,optimal
2021-02-10 15:00:00,27,2,1.1428571428571428,0.0,0.0,0.1145,optimal
2021-02-10 15:30:00,27,2,1.1428571428571428,0.0,0.0,0.2389,optimal
2021-02-10 16:00:00,27,2,0.0,0.0,0.0,0.06,optimal
2021-02-10 16:30:00,27,2,0.0,0.0,0.0,0.105,optimal
2021-02-10 17:00:00,27,2,0.0,0.0,0.0,0.21359999999999998,optimal
2021-02-10 17:30:00,27,2,0.0,0.0,0.0,0.08413333333333334,optimal
2021-02-10 18:00:00,27,2,0.0,0.0,0.0,0.06,optimal
2021-02-10 18:30:00,27,2,0.0,0.0,0.0,0.09853333333333332,optimal
2021-02-10 19:00:00,27,2,0.0,0.0,0.0,0.2542,optimal
2021-02-10 19:30:00,27,2,0.8658736790030973,0.0,0.0,0.06,optimal
2021-02-10 20:00:00,27,2,0.8403687011668427,0.0,0.0,0.18669999999999998,optimal
2021-02-10 20:30:00,27,2,0.0,0.0,0.0,0.15603333333333333,optimal
2021-02-10 21:00:00,27,2,0.0,0.0,0.0,0.06,optimal
2021-02-10 21:30:00,27,2,0.0,0.1548148148148148,0.0,0.171,optimal
2021-02-10 22:00:00,27,2,0.0,0.0,0.0,0.7022333333333334,optimal
2021-02-10 22:30:00,27,2,0.0,0.0,0.0,0.5580333333333333,optimal
2021-02-10 23:00:00,27,2,0.0,0.23222222222222222,0.0,0.205,optimal
2021-02-10 23:30:00,27,2,0.0,0.0,0.0,0.2833333333333333,optimal
2021-02-11 00:00:00,27,2,1.1428571428571428,0.0,0.0,0.063,optimal
2021-02-11 00:30:00,27,2,1.1428571428571428,0.0,0.0,0.063,optimal
2021-02-11 01:00:00,27,2,1.1428571428571428,0.0,0.0,0.132,optimal
2021-02-11 01:30:00,27,2,1.1428571428571428,0.0,0.0,0.063,optimal
2021-02-11 02:00:00,27,2,1.1428571428571428,0.0,0.0,0.1205,optimal
2021-02-11 02:30:00,27,2,1.1428571428571428,0.0,0.0,0.0745,optimal
2021-02-11 03:00:00,27,2,1.1428571428571428,0.0,0.0,0.063,optimal
2021-02-11 03:30:00,27,2,1.1428571428571428,0.0,0.0,0.063,optimal
2021-02-11 04:00:00,27,2,1.1428571428571428,0.0,0.0,0.063,optimal
2021-02-11 04:30:00,27,2,1.1428571428571428,0.0,0.0,0.132,optimal
2021-02-11 05:00:00,27,2,1.1428571428571428,0.0,0.0,0.063,optimal
2021-02-11 05:30:00,27,2,1.1428571428571428,0.0,0.0,0.132,optimal
2021-02-11 06:00:00,27,2,1.1428571428571428,0.0,0.0,0.063,optimal
2021-02-11 06:30:00,27,2,1.1428571428571428,0.0,1.8517071310626865,0.071,optimal
2021-02-11 07:00:00,27,2,1.1428571428571428,0.0,10.0,0.073,optimal
2021-02-11 07:30:00,27,2,1.1428571428571428,3.0916972164747265,0.0,2.1258000000000004,optimal
2021-02-11 08:00:00,27,2,0.702630598936732,0.6966666666666667,0.0,2.586,optimal
2021-02-11 08:30:00,27,2,0.8086095169968893,0.1548148148148148,0.0,0.5868,optimal
2021-02-11 09:00:00,27,2,0.7008359923321197,0.387037037037037,0.0,0.2981666666666667,optimal
2021-02-11 09:30:00,27,2,0.7564393222418477,0.0,0.0,0.16,optimal
2021-02-11 10:00:00,27,2,0.6092898854887661,0.0,0.0,0.11133333333333331,optimal
2021-02-11 10:30:00,27,2,0.6371484148722412,0.0,0.0,0.10366666666666668,optimal
2021-02-11 11:00:00,27,2,0.5749817041288956,0.0,0.0,0.073,optimal
2021-02-11 11:30:00,27,2,0.2720394947804978,0.387037037037037,0.0,0.692,optimal
2021-02-11 12:00:00,27,2,0.05819246175480018,0.0774074074074074,0.0,1.0508,optimal
2021-02-11 12:30:00,27,2,0.5919714037048467,0.0,0.0,0.31326666666666664,optimal
2021-02-11 13:00:00,27,2,1.1428571428571428,0.1548148148148148,0.0,0.3384,optimal
2021-02-11 13:30:00,27,2,1.1428571428571428,0.0,0.0,0.23266666666666663,optimal
2021-02-11 14:00:00,27,2,1.1428571428571428,0.0,0.0,0.073,optimal
2021-02-11 14:30:00,27,2,1.1428571428571428,0.0,0.0,0.142,optimal
2021-02-11 15:00:00,27,2,1.1428571428571428,0.0,0.0,0.16366666666666665,optimal
2021-02-11 15:30:00,27,2,1.1428571428571428,0.0,0.0,1.3407,optimal
2021-02-11 16:00:00,27,2,0.0,0.46444444444444444,0.0,0.3402333333333333,optimal
2021-02-11 16:30:00,27,2,0.0,0.1548148148148148,0.0,0.42,optimal
2021-02-11 17:00:00,27,2,0.0,0.0,0.0,0.354,optimal
2021-02-11 17:30:00,27,2,0.0,0.0774074074074074,0.0,0.29756666666666665,optimal
2021-02-11 18:00:00,27,2,0.0,0.0,0.0,0.22716666666666663,optimal
2021-02-11 18:30:00,27,2,0.0,0.23222222222222222,0.0,0.15736666666666668,optimal
2021-02-11 19:00:00,27,2,0.0,0.0,0.0,0.37889999999999996,optimal
2021-02-11 19:30:00,27,2,0.8378995342597247,0.0,0.0,0.20946666666666666,optimal
2021-02-11 20:00:00,27,2,0.9274093194694384,0.0,0.0,0.288,optimal
2021-02-11 20:30:00,27,2,0.0,0.0,0.0,0.219,optimal
2021-02-11 21:00:00,27,2,0.0,0.0,0.0,0.09423333333333332,optimal
2021-02-11 21:30:00,27,2,0.0,0.0,0.0,0.4167666666666667,optimal
2021-02-11 22:00:00,27,2,0.0,0.0,0.0,1.2374666666666667,optimal
2021-02-11 22:30:00,27,2,0.0,0.0,0.0,1.1809,optimal
2021-02-11 23:00:00,27,2,0.0,0.0774074074074074,0.0,1.2196666666666667,optimal
2021-02-11 23:30:00,27,2,0.0,0.0,0.0,0.11316666666666668,optimal
2021-02-12 00:00:00,27,2,1.1428571428571428,0.0,0.0,0.047,optimal
2021-02-12 00:30:00,27,2,1.1428571428571428,0.0,0.0,0.047,optimal
2021-02-12 01:00:00,27,2,1.1428571428571428,0.0,0.0,0.09393333333333334,optimal
2021-02-12 01:30:00,27,2,1.1428571428571428,0.0,0.0,0.21780000000000002,optimal
2021-02-12 02:00:00,27,2,1.1428571428571428,0.0,0.0,0.047,optimal
2021-02-12 02:30:00,27,2,1.1428571428571428,0.0,0.0,0.08220000000000001,optimal
2021-02-12 03:00:00,27,2,1.1428571428571428,0.0,0.0,0.22953333333333334,optimal
2021-02-12 03:30:00,27,2,1.1428571428571428,0.0,0.0,0.047,optimal
2021-02-12 04:00:00,27,2,1.1428571428571428,0.0,0.0,0.17606666666666665,optimal
2021-02-12 04:30:00,27,2,1.1428571428571428,0.0,0.0,0.047,optimal
2021-02-12 05:00:00,27,2,1.1428571428571428,0.0,0.0,0.13566666666666666,optimal
2021-02-12 05:30:00,27,2,1.1428571428571428,0.0,0.0,0.17606666666666665,optimal
2021-02-12 06:00:00,27,2,1.1428571428571428,0.0,0.0,0.047,optimal
2021-02-12 06:30:00,27,2,1.1428571428571428,0.0,0.03755853916807813,0.13566666666666666,optimal
2021-02-12 07:00:00,27,2,1.1428571428571428,0.0,10.0,0.17606666666666665,optimal
2021-02-12 07:30:00,27,2,1.1428571428571428,7.289884504577867,0.0,1.3379666666666667,optimal
2021-02-12 08:00:00,27,2,0.9772619434179635,0.0,0.0,0.12933333333333336,optimal
2021-02-12 08:30:00,27,2,0.9724655801965852,0.0,0.0,0.17606666666666665,optimal
2021-02-12 09:00:00,27,2,0.913732690960375,0.0,0.0,0.13566666666666666,optimal
2021-02-12 09:30:00,27,2,0.8164545911574786,0.0,0.0,0.15306666666666666,optimal
2021-02-12 10:00:00,27,2,0.6292014150810917,0.0,0.0,0.07633333333333332,optimal
2021-02-12 10:30:00,27,2,0.5901084272381402,0.0,0.0,0.1532666666666667,optimal
2021-02-12 11:00:00,27,2,0.4760243153289363,0.0,0.0,0.15846666666666667,optimal
2021-02-12 11:30:00,27,2,0.5057329299438025,0.0,0.0,0.047,optimal
2021-02-12 12:00:00,27,2,0.4427307830013533,0.0,0.0,0.13566666666666666,optimal
2021-02-12 12:30:00,27,2,0.39819837877298353,0.0,0.0,0.6014666666666667,optimal
2021-02-12 13:00:00,27,2,1.1428571428571428,0.3096296296296296,0.0,1.1970999999999998,optimal
2021-02-12 13:30:00,27,2,1.1428571428571428,0.0,0.0,0.14566666666666667,optimal
2021-02-12 14:00:00,27,2,1.1428571428571428,0.0,0.0,0.18606666666666663,optimal
2021-02-12 14:30:00,27,2,1.1428571428571428,0.0,0.0,0.14566666666666667,optimal
2021-02-12 15:00:00,27,2,1.1428571428571428,0.0,0.0,0.057,optimal
2021-02-12 15:30:00,27,2,1.1428571428571428,0.0,0.0,0.3066666666666667,optimal
2021-02-12 16:00:00,27,2,0.0,6.192592592592591,0.0,0.4918666666666667,optimal
2021-02-12 16:30:00,27,2,0.0,0.0,0.0,0.3563,optimal
2021-02-12 17:00:00,27,2,0.0,0.0,0.0,0.4466,optimal
2021-02-12 17:30:00,27,2,0.0,0.0,0.0,1.3692,optimal
2021-02-12 18:00:00,27,2,0.0,0.35142962962962954,0.0,1.5599666666666667,optimal
2021-02-12 18:30:00,27,2,0.0,0.11301481481481486,0.0,0.7766666666666666,optimal
2021-02-12 19:00:00,27,2,0.0,0.387037037037037,0.0,1.4840666666666666,optimal
2021-02-12 19:30:00,27,2,0.5282757133238916,0.23222222222222222,0.0,1.6356666666666668,optimal
2021-02-12 20:00:00,27,2,0.5400070555227336,0.0774074074074074,0.0,0.6143666666666667,optimal
2021-02-12 20:30:00,27,2,0.0,0.5418518518518518,0.0,0.3481666666666667,optimal
2021-02-12 21:00:00,27,2,0.0,0.0,0.0,0.4782666666666667,optimal
2021-02-12 21:30:00,27,2,0.0,0.0,0.0,0.7679333333333332,optimal
2021-02-12 22:00:00,27,2,0.0,0.0,0.0,0.3394,optimal
2021-02-12 22:30:00,27,2,0.0,0.0,0.0,0.3179666666666666,optimal
2021-02-12 23:00:00,27,2,0.0,0.23222222222222222,0.0,0.2916666666666667,optimal
2021-02-12 23:30:00,27,2,0.0,0.0,0.0,0.20506666666666665,optimal
2021-02-13 00:00:00,27,2,0.0,0.387037037037037,0.0,0.2799,optimal
2021-02-13 00:30:00,27,2,0.0,0.0,0.0,0.127,optimal
2021-02-13 01:00:00,27,2,0.0,0.0,0.0,0.064,optimal
2021-02-13 01:30:00,27,2,0.7031215939750216,0.0,0.0,0.1389,optimal
2021-02-13 02:00:00,27,2,1.1428571428571428,0.0,0.0,0.1753,optimal
2021-02-13 02:30:00,27,2,1.1428571428571428,0.0,0.0,0.064,optimal
2021-02-13 03:00:00,27,2,1.1428571428571428,0.0,0.0,0.2502,optimal
2021-02-13 03:30:00,27,2,1.1428571428571428,0.0,0.0,0.064,optimal
2021-02-13 04:00:00,27,2,1.1428571428571428,0.0,0.0,0.176,optimal
2021-02-13 04:30:00,27,2,1.1428571428571428,0.0,0.0,0.0752,optimal
2021-02-13 05:00:00,27,2,1.1428571428571428,0.0,0.0,0.1256,optimal
2021-02-13 05:30:00,27,2,1.1428571428571428,0.387037037037037,6.302496426352641,1.3890333333333333,optimal
2021-02-13 06:00:00,27,2,1.1428571428571428,0.3096296296296296,0.0,0.7802333333333333,optimal
2021-02-13 06:30:00,27,2,1.1428571428571428,0.1548148148148148,0.0,2.129833333333333,optimal
2021-02-13 07:00:00,27,2,1.1428571428571428,2.0899999999999994,0.0,1.678,optimal
2021-02-13 07:30:00,27,2,1.1428571428571428,0.6966666666666667,0.0,1.9307999999999998,optimal
2021-02-13 08:00:00,27,2,0.5487383884471367,3.0962962962962957,0.0,1.0967333333333331,optimal
2021-02-13 08:30:00,27,2,0.7224812887762919,0.0,0.0,0.30506666666666665,optimal
2021-02-13 09:00:00,27,2,0.8183495408822243,0.0,0.0,0.1899,optimal
2021-02-13 09:30:00,27,2,0.7475154710994341,0.0,0.0,0.19966666666666663,optimal
2021-02-13 10:00:00,27,2,0.5893770094583904,0.0,0.0,0.2912,optimal
2021-02-13 10:30:00,27,2,0.749212445504594,0.0,0.0,0.2275,optimal
2021-02-13 11:00:00,27,2,1.1428571428571428,0.0,0.0,0.15030000000000002,optimal
2021-02-13 11:30:00,27,2,1.1428571428571428,0.0,0.0,0.1874,optimal
2021-02-13 12:00:00,27,2,1.1428571428571428,0.0,0.0,0.11320000000000001,optimal
2021-02-13 12:30:00,27,2,1.1428571428571428,0.0,0.0,0.221,optimal
2021-02-13 13:00:00,27,2,1.1428571428571428,0.0,0.0,0.074,optimal
2021-02-13 13:30:00,27,2,1.1428571428571428,0.0,0.0,0.1972,optimal
2021-02-13 14:00:00,27,2,1.1428571428571428,0.0,0.0,0.074,optimal
2021-02-13 14:30:00,27,2,1.1428571428571428,0.0,0.0,0.1874,optimal
2021-02-13 15:00:00,27,2,1.1428571428571428,0.0,0.0,0.1468,optimal
2021-02-13 15:30:00,27,2,1.1428571428571428,0.0,0.0,0.074,optimal
2021-02-13 16:00:00,27,2,0.0,0.0,0.0,0.24969999999999998,optimal
2021-02-13 16:30:00,27,2,0.0,0.0,0.0,0.0845,optimal
2021-02-13 17:00:00,27,2,0.0,0.0,0.0,0.1916,optimal
2021-02-13 17:30:00,27,2,0.0,0.0,0.0,0.09359999999999999,optimal
2021-02-13 18:00:00,27,2,0.0,0.0,0.0,0.179,optimal
2021-02-13 18:30:00,27,2,0.0,0.0,0.0,0.1412,optimal
2021-02-13 19:00:00,27,2,0.0,0.0,0.0,0.1426,optimal
2021-02-13 19:30:00,27,2,0.8247138085619898,0.0,0.0,0.1916,optimal
2021-02-13 20:00:00,27,2,0.8625918174274922,0.0,0.0,0.074,optimal
2021-02-13 20:30:00,27,2,0.0,0.0,0.0,0.158,optimal
2021-02-13 21:00:00,27,2,0.0,0.0,0.0,0.1762,optimal
2021-02-13 21:30:00,27,2,0.0,0.0,0.0,0.1076,optimal
2021-02-13 22:00:00,27,2,0.0,0.0,0.0,0.2266,optimal
2021-02-13 22:30:00,27,2,0.0,0.0,0.0,0.074,optimal
2021-02-13 23:00:00,27,2,0.0,0.1548148148148148,0.0,0.168,optimal
2021-02-13 23:30:00,27,2,0.0,0.0,0.0,0.074,optimal
2021-02-07 00:00:00,28,2,0.0,0.0,0.0,0.06766666666666667,optimal
2021-02-07 00:30:00,28,2,0.0,0.0,0.0,0.058333333333333334,optimal
2021-02-07 01:00:00,28,2,0.0,0.0,0.0,0.058,optimal
2021-02-07 01:30:00,28,2,0.0,0.0,0.0,0.11776666666666669,optimal
2021-02-07 02:00:00,28,2,0.0,0.0,0.0,0.11776666666666669,optimal
2021-02-07 02:30:00,28,2,0.0,0.0,0.0,0.058,optimal
2021-02-07 03:00:00,28,2,0.0,0.0,0.0,0.058,optimal
2021-02-07 03:30:00,28,2,0.0,0.0,0.0,0.15036666666666668,optimal
2021-02-07 04:00:00,28,2,1.1428571428571428,0.0,0.0,0.08516666666666667,optimal
2021-02-07 04:30:00,28,2,1.1428571428571428,0.0,0.0,0.058,optimal
2021-02-07 05:00:00,28,2,1.1428571428571428,0.0,0.0,0.17753333333333332,optimal
2021-02-07 05:30:00,28,2,1.1428571428571428,0.0,0.0,0.058,optimal
2021-02-07 06:00:00,28,2,1.1428571428571428,0.0,0.0,0.11233333333333331,optimal
2021-02-07 06:30:00,28,2,1.1428571428571428,0.0,0.0,0.13286666666666666,optimal
2021-02-07 07:00:00,28,2,1.1428571428571428,0.0,2.0120072799789424,0.068,optimal
2021-02-07 07:30:00,28,2,0.0,0.0,0.0,0.1658,optimal
2021-02-07 08:00:00,28,2,0.343670576744824,1.7029629629629628,0.0,0.6723,optimal
2021-02-07 08:30:00,28,2,0.39463549282760424,0.1548148148148148,0.0,4.051666666666667,optimal
2021-02-07 09:00:00,28,2,0.25296451843027173,0.387037037037037,0.0,2.691533333333333,optimal
2021-02-07 09:30:00,28,2,0.4323302759022768,0.0,0.0,0.2868,optimal
2021-02-07 10:00:00,28,2,0.5206472421202107,0.1548148148148148,0.0,0.19113333333333332,optimal
2021-02-07 10:30:00,28,2,0.4264585843190422,0.0,0.0,0.7615,optimal
2021-02-07 11:00:00,28,2,0.5514157217144705,0.0,0.0,0.2646,optimal
2021-02-07 11:30:00,28,2,0.5040442931430413,0.0,0.0,0.4134,optimal
2021-02-07 12:00:00,28,2,0.46618356435639463,0.0774074074074074,0.0,0.3579,optimal
2021-02-07 12:30:00,28,2,0.4565168976897204,0.6192592592592592,0.0,0.37973333333333337,optimal
2021-02-07 13:00:00,28,2,0.7231035343127988,0.23222222222222222,0.0,0.286,optimal
2021-02-07 13:30:00,28,2,1.1428571428571428,0.8514814814814814,0.0,0.5337666666666666,optimal
2021-02-07 14:00:00,28,2,1.1428571428571428,0.0,0.0,0.40023333333333333,optimal
2021-02-07 14:30:00,28,2,1.1428571428571428,0.1548148148148148,0.0,0.20233333333333328,optimal
2021-02-07 15:00:00,28,2,1.1428571428571428,0.0,0.0,1.2619,optimal
2021-02-07 15:30:00,28,2,1.1428571428571428,0.0,0.0,0.23956666666666662,optimal
2021-02-07 16:00:00,28,2,0.0,0.0,0.0,0.1616,optimal
2021-02-07 16:30:00,28,2,0.0,0.23222222222222222,0.0,0.8376333333333333,optimal
2021-02-07 17:00:00,28,2,0.0,0.387037037037037,0.0,1.8279666666666667,optimal
2021-02-07 17:30:00,28,2,0.0,0.23222222222222222,0.0,1.0899,optimal
2021-02-07 18:00:00,28,2,0.0,0.0774074074074074,0.0,0.5197666666666666,optimal
2021-02-07 18:30:00,28,2,0.0,0.0,0.0,0.5352,optimal
2021-02-07 19:00:00,28,2,0.0,0.23222222222222222,0.0,0.6005,optimal
2021-02-07 19:30:00,28,2,0.0,0.23222222222222222,0.0,0.4059,optimal
2021-02-07 20:00:00,28,2,0.0,0.0,0.0,0.3961,optimal
2021-02-07 20:30:00,28,2,0.0,0.3096296296296296,0.0,1.4147333333333332,optimal
2021-02-07 21:00:00,28,2,0.0,0.0,0.0,0.4128,optimal
2021-02-07 21:30:00,28,2,0.0,0.0,0.0,0.4629333333333333,optimal
2021-02-07 22:00:00,28,2,0.0,0.0,0.0,0.903,optimal
2021-02-07 22:30:00,28,2,0.0,0.0,0.0,1.3654666666666666,optimal
2021-02-07 23:00:00,28,2,0.0,0.0,0.0,0.24186666666666667,optimal
2021-02-07 23:30:00,28,2,0.0,0.0,0.0,3.8893,optimal
2021-02-08 00:00:00,28,2,0.0,0.0,0.0,0.04166666666666666,optimal
2021-02-08 00:30:00,28,2,0.0,0.0,0.0,0.043,optimal
2021-02-08 01:00:00,28,2,0.0,0.0,0.0,0.043,optimal
2021-02-08 01:30:00,28,2,0.25003274957037425,0.0,0.0,0.043,optimal
2021-02-08 02:00:00,28,2,1.1428571428571428,0.0,0.0,0.16866666666666666,optimal
2021-02-08 02:30:00,28,2,1.1428571428571428,0.0,0.0,0.07033333333333333,optimal
2021-02-08 03:00:00,28,2,1.1428571428571428,0.0,0.0,0.043,optimal
2021-02-08 03:30:00,28,2,1.1428571428571428,0.0,0.0,0.186,optimal
2021-02-08 04:00:00,28,2,1.1428571428571428,0.0,0.0,0.043,optimal
2021-02-08 04:30:00,28,2,1.1428571428571428,0.0,0.0,0.043,optimal
2021-02-08 05:00:00,28,2,1.1428571428571428,0.0,0.0,0.173,optimal
2021-02-08 05:30:00,28,2,1.1428571428571428,0.0,0.0,0.056,optimal
2021-02-08 06:00:00,28,2,1.1428571428571428,0.0,0.0,0.056,optimal
2021-02-08 06:30:00,28,2,1.1428571428571428,0.0,3.7155211730835824,0.18166666666666662,optimal
2021-02-08 07:00:00,28,2,1.1428571428571428,0.0774074074074074,10.0,0.052333333333333336,optimal
2021-02-08 07:30:00,28,2,1.1428571428571428,0.1548148148148148,0.0,0.37310000000000004,optimal
2021-02-08 08:00:00,28,2,0.6192388242106609,0.3096296296296296,0.0,0.3441666666666667,optimal
2021-02-08 08:30:00,28,2,0.8155454045047364,0.0,0.0,0.04533333333333334,optimal
2021-02-08 09:00:00,28,2,0.7101271341512059,0.1548148148148148,0.0,0.1302333333333333,optimal
2021-02-08 09:30:00,28,2,0.565891073233911,0.0,0.0,0.39666666666666667,optimal
2021-02-08 10:00:00,28,2,0.4846360340076888,0.0,0.0,0.299,optimal
2021-02-08 10:30:00,28,2,0.548919713972607,0.3096296296296296,0.0,0.27073333333333327,optimal
2021-02-08 11:00:00,28,2,0.547335362209183,0.0,0.0,0.14066666666666666,optimal
2021-02-08 11:30:00,28,2,0.5690573533436877,0.0,0.0,0.053,optimal
2021-02-08 12:00:00,28,2,0.9089075265390938,0.0,0.0,0.1035,optimal
2021-02-08 12:30:00,28,2,1.1428571428571428,0.0,0.0,0.1275,optimal
2021-02-08 13:00:00,28,2,1.1428571428571428,0.0,0.0,0.046,optimal
2021-02-08 13:30:00,28,2,1.1428571428571428,0.0,0.0,0.16783333333333333,optimal
2021-02-08 14:00:00,28,2,1.1428571428571428,0.0,0.0,0.07116666666666667,optimal
2021-02-08 14:30:00,28,2,1.1428571428571428,0.0,0.0,0.044333333333333336,optimal
2021-02-08 15:00:00,28,2,1.1428571428571428,0.0,0.0,0.07766666666666668,optimal
2021-02-08 15:30:00,28,2,1.1428571428571428,0.0,0.0,0.17,optimal
2021-02-08 16:00:00,28,2,0.0,0.0,0.0,0.053,optimal
2021-02-08 16:30:00,28,2,0.0,0.0,0.0,0.183,optimal
2021-02-08 17:00:00,28,2,0.0,0.387037037037037,0.0,0.3424,optimal
2021-02-08 17:30:00,28,2,0.0,0.35142962962962954,0.0,0.34413333333333335,optimal
2021-02-08 18:00:00,28,2,0.0,0.19042222222222224,0.0,0.4108,optimal
2021-02-08 18:30:00,28,2,0.0,0.0,0.0,0.337,optimal
2021-02-08 19:00:00,28,2,0.0,0.6192592592592592,0.0,0.3980666666666667,optimal
2021-02-08 19:30:00,28,2,0.5235031141576266,0.0,0.0,0.40513333333333335,optimal
2021-02-08 20:00:00,28,2,0.48894869888443965,0.0,0.0,0.5527666666666666,optimal
2021-02-08 20:30:00,28,2,0.0,0.0,0.0,0.20513333333333333,optimal
2021-02-08 21:00:00,28,2,0.0,0.0,0.0,0.18566666666666662,optimal
2021-02-08 21:30:00,28,2,0.0,0.1548148148148148,0.0,0.25753333333333334,optimal
2021-02-08 22:00:00,28,2,0.0,0.0,0.0,0.3248666666666667,optimal
2021-02-08 22:30:00,28,2,0.0,0.0,0.0,0.5687000000000001,optimal
2021-02-08 23:00:00,28,2,0.0,0.0,0.0,0.5516666666666666,optimal
2021-02-08 23:30:00,28,2,0.0,0.0,0.0,0.39973333333333333,optimal
2021-02-09 00:00:00,28,2,0.0,0.1548148148148148,0.0,0.0875,optimal
2021-02-09 00:30:00,28,2,0.0,0.0,0.0,0.12283333333333331,optimal
2021-02-09 01:00:00,28,2,0.0,0.1548148148148148,0.0,0.12266666666666669,optimal
2021-02-09 01:30:00,28,2,0.48439695543457295,0.0,0.0,0.13853333333333334,optimal
2021-02-09 02:00:00,28,2,1.1428571428571428,0.0,0.0,0.2123333333333333,optimal
2021-02-09 02:30:00,28,2,1.1428571428571428,0.0,0.0,0.11636666666666666,optimal
2021-02-09 03:00:00,28,2,1.1428571428571428,0.0,0.0,0.08783333333333333,optimal
2021-02-09 03:30:00,28,2,1.1428571428571428,0.0,0.0,0.11993333333333334,optimal
2021-02-09 04:00:00,28,2,1.1428571428571428,0.0,0.0,0.15093333333333334,optimal
2021-02-09 04:30:00,28,2,1.1428571428571428,0.0,0.0,0.2142,optimal
2021-02-09 05:00:00,28,2,1.1428571428571428,0.0,0.0,0.07,optimal
2021-02-09 05:30:00,28,2,1.1428571428571428,0.0,0.0,0.28086666666666665,optimal
2021-02-09 06:00:00,28,2,1.1428571428571428,0.0,0.0,0.07,optimal
2021-02-09 06:30:00,28,2,1.1428571428571428,0.0,9.414439957747035,0.2742,optimal
2021-02-09 07:00:00,28,2,1.1428571428571428,0.0,10.0,0.07666666666666667,optimal
2021-02-09 07:30:00,28,2,1.1428571428571428,0.0,0.0,0.11,optimal
2021-02-09 08:00:00,28,2,0.7660170944763524,0.0,0.0,0.1802333333333333,optimal
2021-02-09 08:30:00,28,2,0.676685795463811,0.0,0.0,0.1806333333333333,optimal
2021-02-09 09:00:00,28,2,0.3784776041587273,0.23222222222222222,0.0,0.35746666666666665,optimal
2021-02-09 09:30:00,28,2,0.08915405375271018,0.3096296296296296,0.0,3.2421666666666664,optimal
2021-02-09 10:00:00,28,2,0.1794189358606247,0.1548148148148148,0.0,1.2248333333333332,optimal
2021-02-09 10:30:00,28,2,0.598735342268299,0.0,0.0,0.28063333333333335,optimal
2021-02-09 11:00:00,28,2,0.47879154422002157,0.0,0.0,0.19096666666666667,optimal
2021-02-09 11:30:00,28,2,0.13530396835869118,0.3096296296296296,0.0,1.5810666666666666,optimal
2021-02-09 12:00:00,28,2,0.30155575622235165,0.3096296296296296,0.0,0.2907666666666667,optimal
2021-02-09 12:30:00,28,2,0.2843176177979571,0.1548148148148148,0.0,1.3396666666666668,optimal
2021-02-09 13:00:00,28,2,0.26929518785891066,0.23222222222222222,0.0,1.2563666666666666,optimal
2021-02-09 13:30:00,28,2,0.23034657324404265,0.0,0.0,1.2440666666666667,optimal
2021-02-09 14:00:00,28,2,0.49048321853130944,0.1548148148148148,0.0,1.6050666666666666,optimal
2021-02-09 14:30:00,28,2,1.1428571428571428,0.3096296296296296,0.0,0.3132,optimal
2021-02-09 15:00:00,28,2,1.1428571428571428,0.0,0.0,0.3897333333333334,optimal
2021-02-09 15:30:00,28,2,1.1428571428571428,0.5418518518518518,0.0,0.9680666666666669,optimal
2021-02-09 16:00:00,28,2,0.0,0.46444444444444444,0.0,1.4308333333333332,optimal
2021-02-09 16:30:00,28,2,0.0,0.0,0.0,1.449266666666667,optimal
2021-02-09 17:00:00,28,2,0.0,0.0,0.0,1.4056,optimal
2021-02-09 17:30:00,28,2,0.0,0.1548148148148148,0.0,2.4158666666666666,optimal
2021-02-09 18:00:00,28,2,0.0,0.23222222222222222,0.0,0.39913333333333334,optimal
2021-02-09 18:30:00,28,2,0.0,0.3096296296296296,0.0,0.5230666666666667,optimal
2021-02-09 19:00:00,28,2,0.0,0.0774074074074074,0.0,0.4541,optimal
2021-02-09 19:30:00,28,2,0.0,0.0,0.0,0.35736666666666667,optimal
2021-02-09 20:00:00,28,2,0.0,0.0,0.0,0.28313333333333335,optimal
2021-02-09 20:30:00,28,2,0.0,0.0774074074074074,0.0,0.19123333333333328,optimal
2021-02-09 21:00:00,28,2,0.0,0.0,0.0,0.11453333333333332,optimal
2021-02-09 21:30:00,28,2,0.0,0.0,0.0,0.37903333333333333,optimal
2021-02-09 22:00:00,28,2,0.0,0.0,0.0,0.1759,optimal
2021-02-09 22:30:00,28,2,0.0,0.0,0.0,0.242,optimal
2021-02-09 23:00:00,28,2,0.0,0.0,0.0,0.2777333333333333,optimal
2021-02-09 23:30:00,28,2,0.0,0.0,0.0,0.16383333333333333,optimal
2021-02-10 00:00:00,28,2,0.0,0.0,0.0,0.058,optimal
2021-02-10 00:30:00,28,2,0.0,0.0,0.0,0.058,optimal
2021-02-10 01:00:00,28,2,0.8474545946732432,0.0,0.0,0.082,optimal
2021-02-10 01:30:00,28,2,1.1428571428571428,0.0,0.0,0.1396,optimal
2021-02-10 02:00:00,28,2,1.1428571428571428,0.0,0.0,0.058,optimal
2021-02-10 02:30:00,28,2,1.1428571428571428,0.0,0.0,0.1492,optimal
2021-02-10 03:00:00,28,2,1.1428571428571428,0.0,0.0,0.0724,optimal
2021-02-10 03:30:00,28,2,1.1428571428571428,0.0,0.0,0.0916,optimal
2021-02-10 04:00:00,28,2,1.1428571428571428,0.0,0.0,0.13,optimal
2021-02-10 04:30:00,28,2,1.1428571428571428,0.0,0.0,0.058,optimal
2021-02-10 05:00:00,28,2,1.1428571428571428,0.0,0.0,0.1636,optimal
2021-02-10 05:30:00,28,2,1.1428571428571428,0.0,0.0,0.06566666666666666,optimal
2021-02-10 06:00:00,28,2,1.1428571428571428,0.0,0.0,0.1108,optimal
2021-02-10 06:30:00,28,2,1.1428571428571428,0.0,6.262056344952408,0.1108,optimal
2021-02-10 07:00:00,28,2,1.1428571428571428,0.0,10.0,0.05733333333333333,optimal
2021-02-10 07:30:00,28,2,1.1428571428571428,0.23222222222222222,0.0,0.1686,optimal
2021-02-10 08:00:00,28,2,0.7706759662587328,0.6192592592592592,0.0,0.056,optimal
2021-02-10 08:30:00,28,2,0.7022342342420118,0.0,0.0,0.26893333333333336,optimal
2021-02-10 09:00:00,28,2,0.5964404373788549,0.8514814814814814,0.0,0.2722,optimal
2021-02-10 09:30:00,28,2,0.6194577529811824,0.23222222222222222,0.0,0.202,optimal
2021-02-10 10:00:00,28,2,0.5078948255565111,2.1674074074074072,0.0,0.2268,optimal
2021-02-10 10:30:00,28,2,0.48670638368683133,0.0,0.0,0.24880000000000002,optimal
2021-02-10 11:00:00,28,2,0.4569194454990896,0.23222222222222222,0.0,0.172,optimal
2021-02-10 11:30:00,28,2,0.38372715091929516,0.387037037037037,0.0,0.42019999999999996,optimal
2021-02-10 12:00:00,28,2,0.32286910725155304,0.3096296296296296,0.0,0.2948,optimal
2021-02-10 12:30:00,28,2,0.684861330115247,0.1548148148148148,0.0,0.2772,optimal
2021-02-10 13:00:00,28,2,1.1428571428571428,0.0,0.0,0.1832,optimal
2021-02-10 13:30:00,28,2,1.1428571428571428,0.0,0.0,0.068,optimal
2021-02-10 14:00:00,28,2,1.1428571428571428,0.3096296296296296,0.0,0.1809333333333333,optimal
2021-02-10 14:30:00,28,2,1.1428571428571428,0.0,0.0,0.1655,optimal
2021-02-10 15:00:00,28,2,1.1428571428571428,0.0,0.0,0.10633333333333331,optimal
2021-02-10 15:30:00,28,2,1.1428571428571428,0.0,0.0,0.1352,optimal
2021-02-10 16:00:00,28,2,0.0,0.0,0.0,0.2228,optimal
2021-02-10 16:30:00,28,2,0.0,0.0,0.0,0.201,optimal
2021-02-10 17:00:00,28,2,0.0,0.387037037037037,0.0,0.1625,optimal
2021-02-10 17:30:00,28,2,0.0,0.23222222222222222,0.0,0.086,optimal
2021-02-10 18:00:00,28,2,0.0,0.387037037037037,0.0,1.2183,optimal
2021-02-10 18:30:00,28,2,0.0,0.0,0.0,0.08813333333333334,optimal
2021-02-10 19:00:00,28,2,0.0,0.0,0.0,0.094,optimal
2021-02-10 19:30:00,28,2,0.6985403456697701,0.387037037037037,0.0,0.2437666666666667,optimal
2021-02-10 20:00:00,28,2,0.7689496535478053,0.0,0.0,0.13823333333333332,optimal
2021-02-10 20:30:00,28,2,0.0,0.0,0.0,0.31826666666666664,optimal
2021-02-10 21:00:00,28,2,0.0,0.0,0.0,0.3136666666666667,optimal
2021-02-10 21:30:00,28,2,0.0,0.1548148148148148,0.0,0.1712,optimal
2021-02-10 22:00:00,28,2,0.0,0.0,0.0,0.068,optimal
2021-02-10 22:30:00,28,2,0.0,0.0,0.0,0.0968,optimal
2021-02-10 23:00:00,28,2,0.0,0.0,0.0,0.1448,optimal
2021-02-10 23:30:00,28,2,0.0,0.0,0.0,0.06366666666666666,optimal
2021-02-11 00:00:00,28,2,1.1428571428571428,0.0,0.0,0.05966666666666666,optimal
2021-02-11 00:30:00,28,2,1.1428571428571428,0.0,0.0,0.12093333333333334,optimal
2021-02-11 01:00:00,28,2,1.1428571428571428,0.0,0.0,0.2039,optimal
2021-02-11 01:30:00,28,2,1.1428571428571428,0.0,0.0,0.10809999999999999,optimal
2021-02-11 02:00:00,28,2,1.1428571428571428,0.0,0.0,0.13973333333333332,optimal
2021-02-11 02:30:00,28,2,1.1428571428571428,0.0,0.0,0.0933,optimal
2021-02-11 03:00:00,28,2,1.1428571428571428,0.0,0.0,0.26256666666666667,optimal
2021-02-11 03:30:00,28,2,1.1428571428571428,0.0,0.0,0.07706666666666666,optimal
2021-02-11 04:00:00,28,2,1.1428571428571428,0.0,0.0,0.15819999999999998,optimal
2021-02-11 04:30:00,28,2,1.1428571428571428,0.0,0.0,0.2039333333333333,optimal
2021-02-11 05:00:00,28,2,1.1428571428571428,0.0,0.0,0.1357,optimal
2021-02-11 05:30:00,28,2,1.1428571428571428,0.0,0.0,0.1565,optimal
2021-02-11 06:00:00,28,2,1.1428571428571428,0.0,7.0976126529446875,0.15953333333333333,optimal
2021-02-11 06:30:00,28,2,1.1428571428571428,0.23222222222222222,10.0,0.05793333333333333,optimal
2021-02-11 07:00:00,28,2,1.1428571428571428,2.39962962962963,10.0,0.4478333333333333,optimal
2021-02-11 07:30:00,28,2,1.1428571428571428,3.2078842213407035,0.0,0.16673333333333332,optimal
2021-02-11 08:00:00,28,2,0.948021075127205,0.0,0.0,0.052,optimal
2021-02-11 08:30:00,28,2,0.9058666598540275,0.0,0.0,0.222,optimal
2021-02-11 09:00:00,28,2,0.8559121828083116,0.0,0.0,0.16126666666666667,optimal
2021-02-11 09:30:00,28,2,0.7989059889085103,0.0,0.0,0.12140000000000001,optimal
2021-02-11 10:00:00,28,2,0.6124136950125676,0.0,0.0,0.0996,optimal
2021-02-11 10:30:00,28,2,0.6001293672531892,0.0,0.0,0.2324333333333333,optimal
2021-02-11 11:00:00,28,2,0.5582102755574626,0.0,0.0,0.13090000000000002,optimal
2021-02-11 11:30:00,28,2,0.48374425668525767,0.035607407407407414,0.0,0.1322333333333333,optimal
2021-02-11 12:00:00,28,2,0.3099638903262322,0.0,0.0,0.2578666666666667,optimal
2021-02-11 12:30:00,28,2,0.2266234993671494,0.3096296296296296,0.0,0.3258333333333333,optimal
2021-02-11 13:00:00,28,2,1.1428571428571428,0.387037037037037,0.0,0.4184666666666666,optimal
2021-02-11 13:30:00,28,2,1.1428571428571428,0.1548148148148148,0.0,0.6867000000000001,optimal
2021-02-11 14:00:00,28,2,1.1428571428571428,0.0774074074074074,0.0,0.45489999999999997,optimal
2021-02-11 14:30:00,28,2,1.1428571428571428,0.23222222222222222,0.0,0.3626666666666667,optimal
2021-02-11 15:00:00,28,2,1.1428571428571428,0.23222222222222222,0.0,0.3594,optimal
2021-02-11 15:30:00,28,2,1.1428571428571428,0.0,0.0,0.34856666666666664,optimal
2021-02-11 16:00:00,28,2,0.0,0.0,0.0,0.16653333333333334,optimal
2021-02-11 16:30:00,28,2,0.0,0.387037037037037,0.0,0.5588666666666666,optimal
2021-02-11 17:00:00,28,2,0.0,0.0,0.0,0.4089666666666666,optimal
2021-02-11 17:30:00,28,2,0.0,0.3096296296296296,0.0,0.6078,optimal
2021-02-11 18:00:00,28,2,0.0,0.0774074074074074,0.0,0.6808,optimal
2021-02-11 18:30:00,28,2,0.0,0.23222222222222222,0.0,0.4126666666666667,optimal
2021-02-11 19:00:00,28,2,0.0,0.0,0.0,0.3964666666666666,optimal
2021-02-11 19:30:00,28,2,0.0,0.0774074074074074,0.0,0.37560000000000004,optimal
2021-02-11 20:00:00,28,2,0.08900521452876707,0.6192592592592592,0.0,0.3098333333333333,optimal
2021-02-11 20:30:00,28,2,0.0,0.1548148148148148,0.0,0.565,optimal
2021-02-11 21:00:00,28,2,0.0,0.0,0.0,0.32530000000000003,optimal
2021-02-11 21:30:00,28,2,0.0,0.0,0.0,0.3303333333333333,optimal
2021-02-11 22:00:00,28,2,0.0,0.0774074074074074,0.0,0.3494,optimal
2021-02-11 22:30:00,28,2,0.0,0.0,0.0,0.3207,optimal
2021-02-11 23:00:00,28,2,0.0,0.0,0.0,0.12140000000000001,optimal
2021-02-11 23:30:00,28,2,0.0,0.0,0.0,0.26773333333333327,optimal
2021-02-12 00:00:00,28,2,1.1428571428571428,0.0,0.0,0.115,optimal
2021-02-12 00:30:00,28,2,1.1428571428571428,0.0,0.0,0.22206666666666663,optimal
2021-02-12 01:00:00,28,2,1.1428571428571428,0.0,0.0,0.07809999999999999,optimal
2021-02-12 01:30:00,28,2,1.1428571428571428,0.0,0.0,0.15323333333333333,optimal
2021-02-12 02:00:00,28,2,1.1428571428571428,0.0,0.0,0.062,optimal
2021-02-12 02:30:00,28,2,1.1428571428571428,0.0,0.0,0.1684,optimal
2021-02-12 03:00:00,28,2,1.1428571428571428,0.0,0.0,0.16933333333333334,optimal
2021-02-12 03:30:00,28,2,1.1428571428571428,0.0,0.0,0.1076,optimal
2021-02-12 04:00:00,28,2,1.1428571428571428,0.0,0.0,0.12279999999999999,optimal
2021-02-12 04:30:00,28,2,1.1428571428571428,0.0,0.0,0.08883333333333333,optimal
2021-02-12 05:00:00,28,2,1.1428571428571428,0.0,0.0,0.2489,optimal
2021-02-12 05:30:00,28,2,1.1428571428571428,0.0,0.0,0.062,optimal
2021-02-12 06:00:00,28,2,1.1428571428571428,0.0,0.0,0.16933333333333334,optimal
2021-02-12 06:30:00,28,2,1.1428571428571428,0.0,1.107118551677412,0.1684,optimal
2021-02-12 07:00:00,28,2,1.1428571428571428,0.0,10.0,0.16933333333333334,optimal
2021-02-12 07:30:00,28,2,1.1428571428571428,5.361614663603913,0.0,0.1684,optimal
2021-02-12 08:00:00,28,2,0.9483857529417816,0.0,0.0,0.062,optimal
2021-02-12 08:30:00,28,2,0.8514751040061147,0.0,0.0,0.3204666666666666,optimal
2021-02-12 09:00:00,28,2,0.5374279290556203,0.1548148148148148,0.0,1.0616666666666668,optimal
2021-02-12 09:30:00,28,2,0.4171860197289094,0.0,0.0,0.9686666666666667,optimal
2021-02-12 10:00:00,28,2,0.39379760555728527,0.5418518518518518,0.0,0.4669666666666666,optimal
2021-02-12 10:30:00,28,2,0.37969890342861695,0.1548148148148148,0.0,0.46736666666666665,optimal
2021-02-12 11:00:00,28,2,0.01751002961465016,0.46444444444444444,0.0,1.6656666666666669,optimal
2021-02-12 11:30:00,28,2,0.2210472156580925,0.1548148148148148,0.0,0.5423333333333333,optimal
2021-02-12 12:00:00,28,2,0.12980697347755257,0.3096296296296296,0.0,0.7321,optimal
2021-02-12 12:30:00,28,2,0.2751822547590837,0.0,0.0,0.4062,optimal
2021-02-12 13:00:00,28,2,1.1428571428571428,0.3096296296296296,0.0,0.5558333333333334,optimal
2021-02-12 13:30:00,28,2,1.1428571428571428,0.387037037037037,0.0,0.4204,optimal
2021-02-12 14:00:00,28,2,1.1428571428571428,0.0,0.0,0.36003333333333337,optimal
2021-02-12 14:30:00,28,2,1.1428571428571428,0.23222222222222222,0.0,1.2749666666666668,optimal
2021-02-12 15:00:00,28,2,1.1428571428571428,0.0774074074074074,0.0,2.231133333333333,optimal
2021-02-12 15:30:00,28,2,1.1428571428571428,0.0774074074074074,0.0,1.058266666666667,optimal
2021-02-12 16:00:00,28,2,0.0,0.0,0.0,0.1943666666666667,optimal
2021-02-12 16:30:00,28,2,0.0,0.0,0.0,0.3326,optimal
2021-02-12 17:00:00,28,2,0.0,0.35142962962962954,0.0,0.33396666666666663,optimal
2021-02-12 17:30:00,28,2,0.0,0.19042222222222224,0.0,0.27546666666666664,optimal
2021-02-12 18:00:00,28,2,0.0,0.1548148148148148,0.0,0.4399333333333333,optimal
2021-02-12 18:30:00,28,2,0.0,0.23222222222222222,0.0,0.5978,optimal
2021-02-12 19:00:00,28,2,0.0,0.0,0.0,0.41833333333333333,optimal
2021-02-12 19:30:00,28,2,0.1149301571691217,0.0,0.0,0.23683333333333328,optimal
2021-02-12 20:00:00,28,2,0.6316965793322553,0.6192592592592592,0.0,0.6461,optimal
2021-02-12 20:30:00,28,2,0.0,0.0,0.0,0.46436666666666665,optimal
2021-02-12 21:00:00,28,2,0.0,0.0,0.0,0.5846333333333333,optimal
2021-02-12 21:30:00,28,2,0.0,0.0,0.0,0.5332,optimal
2021-02-12 22:00:00,28,2,0.0,0.46444444444444444,0.0,0.8174666666666667,optimal
2021-02-12 22:30:00,28,2,0.0,0.0,0.0,0.48806666666666665,optimal
2021-02-12 23:00:00,28,2,0.0,0.0,0.0,0.5255,optimal
2021-02-12 23:30:00,28,2,0.0,0.0,0.0,1.254,optimal
2021-02-13 00:00:00,28,2,0.0,0.0,0.0,0.056,optimal
2021-02-13 00:30:00,28,2,0.0,0.0,0.0,0.056,optimal
2021-02-13 01:00:00,28,2,0.3907010211837136,0.0,0.0,0.056,optimal
2021-02-13 01:30:00,28,2,1.1428571428571428,0.0,0.0,0.18286666666666668,optimal
2021-02-13 02:00:00,28,2,1.1428571428571428,0.0,0.0,0.056,optimal
2021-02-13 02:30:00,28,2,1.1428571428571428,0.0,0.0,0.056,optimal
2021-02-13 03:00:00,28,2,1.1428571428571428,0.0,0.0,0.18286666666666668,optimal
2021-02-13 03:30:00,28,2,1.1428571428571428,0.0,0.0,0.05633333333333333,optimal
2021-02-13 04:00:00,28,2,1.1428571428571428,0.0,0.0,0.10636666666666666,optimal
2021-02-13 04:30:00,28,2,1.1428571428571428,0.0,0.0,0.1525,optimal
2021-02-13 05:00:00,28,2,1.1428571428571428,0.0,0.0,0.066,optimal
2021-02-13 05:30:00,28,2,1.1428571428571428,0.0,0.0,0.08906666666666667,optimal
2021-02-13 06:00:00,28,2,1.1428571428571428,0.0,0.0,0.1698,optimal
2021-02-13 06:30:00,28,2,1.1428571428571428,0.0,5.099196264691243,0.066,optimal
2021-02-13 07:00:00,28,2,1.1428571428571428,0.0,10.0,0.1928666666666667,optimal
2021-02-13 07:30:00,28,2,1.1428571428571428,0.0,0.0,0.064,optimal
2021-02-13 08:00:00,28,2,0.7254260074947557,2.39962962962963,0.0,0.11013333333333333,optimal
2021-02-13 08:30:00,28,2,0.6878393840143888,0.46444444444444444,0.0,0.16873333333333332,optimal
2021-02-13 09:00:00,28,2,0.6376295408822256,0.387037037037037,0.0,0.10373333333333332,optimal
2021-02-13 09:30:00,28,2,0.5608297568137162,0.0,0.0,0.4237666666666666,optimal
2021-02-13 10:00:00,28,2,0.27694843802982155,0.3096296296296296,0.0,1.1759333333333335,optimal
2021-02-13 10:30:00,28,2,0.4403618145494527,0.0,0.0,0.5623666666666667,optimal
2021-02-13 11:00:00,28,2,0.36019541843217445,0.6966666666666667,0.0,0.43956666666666666,optimal
2021-02-13 11:30:00,28,2,0.3172440330470414,0.1548148148148148,0.0,1.3657666666666668,optimal
2021-02-13 12:00:00,28,2,0.21215058861583222,0.0774074074074074,0.0,1.8950333333333333,optimal
2021-02-13 12:30:00,28,2,0.32287162736938024,0.387037037037037,0.0,0.3236,optimal
2021-02-13 13:00:00,28,2,1.1428571428571428,0.46444444444444444,0.0,0.218,optimal
2021-02-13 13:30:00,28,2,1.1428571428571428,0.1548148148148148,0.0,1.0082333333333333,optimal
2021-02-13 14:00:00,28,2,1.1428571428571428,0.0,0.0,0.9649333333333332,optimal
2021-02-13 14:30:00,28,2,1.1428571428571428,0.0,0.0,0.30646666666666667,optimal
2021-02-13 15:00:00,28,2,1.1428571428571428,0.6192592592592592,0.0,0.16973333333333332,optimal
2021-02-13 15:30:00,28,2,1.1428571428571428,0.3096296296296296,0.0,0.38376666666666664,optimal
2021-02-13 16:00:00,28,2,0.0,0.0,0.0,1.4834,optimal
2021-02-13 16:30:00,28,2,0.0,0.46444444444444444,0.0,0.4948666666666667,optimal
2021-02-13 17:00:00,28,2,0.0,0.0774074074074074,0.0,0.4642,optimal
2021-02-13 17:30:00,28,2,0.0,0.0774074074074074,0.0,0.5273,optimal
2021-02-13 18:00:00,28,2,0.0,0.0774074074074074,0.0,0.8721666666666666,optimal
2021-02-13 18:30:00,28,2,0.0,0.3096296296296296,0.0,1.5962333333333332,optimal
2021-02-13 19:00:00,28,2,0.0,0.0,0.0,0.1412,optimal
2021-02-13 19:30:00,28,2,0.0,0.46444444444444444,0.0,0.2703333333333333,optimal
2021-02-13 20:00:00,28,2,0.20704067772945067,0.0,0.0,0.19373333333333329,optimal
2021-02-13 20:30:00,28,2,0.0,0.0,0.0,0.38876666666666665,optimal
2021-02-13 21:00:00,28,2,0.0,1.8577777777777778,0.0,0.4457,optimal
2021-02-13 21:30:00,28,2,0.0,0.0,0.0,0.1308,optimal
2021-02-13 22:00:00,28,2,0.0,0.0,0.0,0.1928666666666667,optimal
2021-02-13 22:30:00,28,2,0.0,0.0,0.0,0.066,optimal
2021-02-13 23:00:00,28,2,0.0,0.0,0.0,0.1525,optimal
2021-02-13 23:30:00,28,2,0.0,0.0,0.0,0.10503333333333331,optimal
2021-02-07 00:00:00,29,2,0.0,0.0,0.0,0.05966666666666666,optimal
2021-02-07 00:30:00,29,2,0.0,0.0,0.0,0.12093333333333334,optimal
2021-02-07 01:00:00,29,2,0.0,0.0,0.0,0.2039,optimal
2021-02-07 01:30:00,29,2,0.0,0.0,0.0,0.10809999999999999,optimal
2021-02-07 02:00:00,29,2,0.0,0.0,0.0,0.13973333333333332,optimal
2021-02-07 02:30:00,29,2,0.0,0.0,0.0,0.0933,optimal
2021-02-07 03:00:00,29,2,0.0,0.0,0.0,0.26256666666666667,optimal
2021-02-07 03:30:00,29,2,0.0,0.0,0.0,0.07706666666666666,optimal
2021-02-07 04:00:00,29,2,1.1428571428571428,0.0,0.0,0.15819999999999998,optimal
2021-02-07 04:30:00,29,2,1.1428571428571428,0.0,0.0,0.2039333333333333,optimal
2021-02-07 05:00:00,29,2,1.1428571428571428,0.0,0.0,0.1357,optimal
2021-02-07 05:30:00,29,2,1.1428571428571428,0.0,0.0,0.1565,optimal
2021-02-07 06:00:00,29,2,1.1428571428571428,0.0,0.0,0.15953333333333333,optimal
2021-02-07 06:30:00,29,2,1.1428571428571428,0.23222222222222222,0.0,0.05793333333333333,optimal
2021-02-07 07:00:00,29,2,1.1428571428571428,2.39962962962963,1.5052247886819266,0.4478333333333333,optimal
2021-02-07 07:30:00,29,2,0.0,0.6610592592592593,0.0,0.16673333333333332,optimal
2021-02-07 08:00:00,29,2,0.16932605584118776,0.0,0.0,0.052,optimal
2021-02-07 08:30:00,29,2,0.7295212071133113,0.0,0.0,0.222,optimal
2021-02-07 09:00:00,29,2,0.7152597565255048,0.0,0.0,0.16126666666666667,optimal
2021-02-07 09:30:00,29,2,0.7267017044737033,0.0,0.0,0.12140000000000001,optimal
2021-02-07 10:00:00,29,2,0.6885996230725988,0.0,0.0,0.0996,optimal
2021-02-07 10:30:00,29,2,0.6549252509857079,0.0,0.0,0.2324333333333333,optimal
2021-02-07 11:00:00,29,2,0.6315871502858997,0.0,0.0,0.13090000000000002,optimal
2021-02-07 11:30:00,29,2,0.5892061979049458,0.035607407407407414,0.0,0.1322333333333333,optimal
2021-02-07 12:00:00,29,2,0.4830407072135359,0.0,0.0,0.2578666666666667,optimal
2021-02-07 12:30:00,29,2,0.42750737388020643,0.3096296296296296,0.0,0.3258333333333333,optimal
2021-02-07 13:00:00,29,2,0.4386657544851356,0.387037037037037,0.0,0.4184666666666666,optimal
2021-02-07 13:30:00,29,2,0.8206941093453236,0.1548148148148148,0.0,0.6867000000000001,optimal
2021-02-07 14:00:00,29,2,1.1428571428571428,0.0774074074074074,0.0,0.45489999999999997,optimal
2021-02-07 14:30:00,29,2,1.1428571428571428,0.23222222222222222,0.0,0.3626666666666667,optimal
2021-02-07 15:00:00,29,2,1.1428571428571428,0.23222222222222222,0.0,0.3594,optimal
2021-02-07 15:30:00,29,2,1.1428571428571428,0.0,0.0,0.34856666666666664,optimal
2021-02-07 16:00:00,29,2,0.0,0.0,0.0,0.16653333333333334,optimal
2021-02-07 16:30:00,29,2,0.0,0.387037037037037,0.0,0.5588666666666666,optimal
2021-02-07 17:00:00,29,2,0.0,0.0,0.0,0.4089666666666666,optimal
2021-02-07 17:30:00,29,2,0.0,0.3096296296296296,0.0,0.6078,optimal
2021-02-07 18:00:00,29,2,0.0,0.0774074074074074,0.0,0.6808,optimal
2021-02-07 18:30:00,29,2,0.0,0.23222222222222222,0.0,0.4126666666666667,optimal
2021-02-07 19:00:00,29,2,0.0,0.0,0.0,0.3964666666666666,optimal
2021-02-07 19:30:00,29,2,0.0,0.0774074074074074,0.0,0.37560000000000004,optimal
2021-02-07 20:00:00,29,2,0.0,0.6192592592592592,0.0,0.3098333333333333,optimal
2021-02-07 20:30:00,29,2,0.0,0.1548148148148148,0.0,0.565,optimal
2021-02-07 21:00:00,29,2,0.0,0.0,0.0,0.32530000000000003,optimal
2021-02-07 21:30:00,29,2,0.0,0.0,0.0,0.3303333333333333,optimal
2021-02-07 22:00:00,29,2,0.0,0.0774074074074074,0.0,0.3494,optimal
2021-02-07 22:30:00,29,2,0.0,0.0,0.0,0.3207,optimal
2021-02-07 23:00:00,29,2,0.0,0.0,0.0,0.12140000000000001,optimal
2021-02-07 23:30:00,29,2,0.0,0.0,0.0,0.26773333333333327,optimal
2021-02-08 00:00:00,29,2,0.0,0.0,0.0,0.059,optimal
2021-02-08 00:30:00,29,2,0.0,0.0,0.0,0.059,optimal
2021-02-08 01:00:00,29,2,0.0,0.0,0.0,0.059,optimal
2021-02-08 01:30:00,29,2,0.02101857177411063,0.0,0.0,0.059,optimal
2021-02-08 02:00:00,29,2,1.1428571428571428,0.0,0.0,0.059,optimal
2021-02-08 02:30:00,29,2,1.1428571428571428,0.0,0.0,0.059,optimal
2021-02-08 03:00:00,29,2,1.1428571428571428,0.0,0.0,0.059,optimal
2021-02-08 03:30:00,29,2,1.1428571428571428,0.0,0.0,0.059,optimal
2021-02-08 04:00:00,29,2,1.1428571428571428,0.0,0.0,0.059,optimal
2021-02-08 04:30:00,29,2,1.1428571428571428,0.0,0.0,0.059,optimal
2021-02-08 05:00:00,29,2,1.1428571428571428,0.0,0.0,0.059,optimal
2021-02-08 05:30:00,29,2,1.1428571428571428,0.0,0.0,0.059,optimal
2021-02-08 06:00:00,29,2,1.1428571428571428,3.6613703703703697,6.306084779281955,0.13413333333333333,optimal
2021-02-08 06:30:00,29,2,1.1428571428571428,2.9182592592592598,10.0,0.2849,optimal
2021-02-08 07:00:00,29,2,1.1428571428571428,0.1548148148148148,10.0,0.067,optimal
2021-02-08 07:30:00,29,2,1.1428571428571428,0.3096296296296296,0.0,0.067,optimal
2021-02-08 08:00:00,29,2,0.5207245384963709,0.8514814814814814,0.0,0.255,optimal
2021-02-08 08:30:00,29,2,0.5236025473618695,0.1548148148148148,0.0,0.3611666666666667,optimal
2021-02-08 09:00:00,29,2,0.542622372246438,0.0,0.0,0.192,optimal
2021-02-08 09:30:00,29,2,0.15658059704342983,0.0,0.0,4.407033333333334,optimal
2021-02-08 10:00:00,29,2,0.417359843531498,0.0,0.0,2.8285,optimal
2021-02-08 10:30:00,29,2,0.5643101901630829,0.0,0.0,0.6139666666666667,optimal
2021-02-08 11:00:00,29,2,0.4259925050663281,0.0,0.0,0.2768,optimal
2021-02-08 11:30:00,29,2,0.3009716390579698,0.0,0.0,2.666866666666667,optimal
2021-02-08 12:00:00,29,2,0.24975188348353464,0.3096296296296296,0.0,2.859,optimal
2021-02-08 12:30:00,29,2,0.34399586575253516,0.23222222222222222,0.0,0.5064,optimal
2021-02-08 13:00:00,29,2,1.1428571428571428,0.0,0.0,0.30146666666666666,optimal
2021-02-08 13:30:00,29,2,1.1428571428571428,0.0,0.0,0.2347333333333333,optimal
2021-02-08 14:00:00,29,2,1.1428571428571428,0.0,0.0,0.322,optimal
2021-02-08 14:30:00,29,2,1.1428571428571428,0.1548148148148148,0.0,0.332,optimal
2021-02-08 15:00:00,29,2,1.1428571428571428,0.1548148148148148,0.0,0.337,optimal
2021-02-08 15:30:00,29,2,1.1428571428571428,0.0,0.0,1.2666,optimal
2021-02-08 16:00:00,29,2,0.0,0.0,0.0,0.4056666666666667,optimal
2021-02-08 16:30:00,29,2,0.0,0.0,0.0,0.15566666666666665,optimal
2021-02-08 17:00:00,29,2,0.0,0.0,0.0,0.067,optimal
2021-02-08 17:30:00,29,2,0.0,0.0774074074074074,0.0,0.067,optimal
2021-02-08 18:00:00,29,2,0.0,0.46444444444444444,0.0,0.067,optimal
2021-02-08 18:30:00,29,2,0.0,0.3096296296296296,0.0,0.09183333333333331,optimal
2021-02-08 19:00:00,29,2,0.0,0.0774074074074074,0.0,0.2935,optimal
2021-02-08 19:30:00,29,2,0.5472502338332693,0.3096296296296296,0.0,0.32666666666666666,optimal
2021-02-08 20:00:00,29,2,0.6286248893606402,2.8640740740740736,0.0,0.2263,optimal
2021-02-08 20:30:00,29,2,0.0,0.46444444444444444,0.0,0.19066666666666662,optimal
2021-02-08 21:00:00,29,2,0.0,0.23222222222222222,0.0,0.1819333333333333,optimal
2021-02-08 21:30:00,29,2,0.0,0.0,0.0,0.112,optimal
2021-02-08 22:00:00,29,2,0.0,0.0,0.0,0.19906666666666664,optimal
2021-02-08 22:30:00,29,2,0.0,0.0,0.0,0.11083333333333331,optimal
2021-02-08 23:00:00,29,2,0.0,0.0,0.0,0.069,optimal
2021-02-08 23:30:00,29,2,0.0,0.0,0.0,0.069,optimal
2021-02-09 00:00:00,29,2,0.0,0.0,0.0,0.055666666666666656,optimal
2021-02-09 00:30:00,29,2,0.0,0.0,0.0,0.060333333333333336,optimal
2021-02-09 01:00:00,29,2,0.5816970768236779,0.0,0.0,0.063,optimal
2021-02-09 01:30:00,29,2,1.1428571428571428,0.0,0.0,0.14533333333333334,optimal
2021-02-09 02:00:00,29,2,1.1428571428571428,0.0,0.0,0.12,optimal
2021-02-09 02:30:00,29,2,1.1428571428571428,0.0,0.0,0.063,optimal
2021-02-09 03:00:00,29,2,1.1428571428571428,0.0,0.0,0.063,optimal
2021-02-09 03:30:00,29,2,1.1428571428571428,0.0,0.0,0.10733333333333331,optimal
2021-02-09 04:00:00,29,2,1.1428571428571428,0.0,0.0,0.158,optimal
2021-02-09 04:30:00,29,2,1.1428571428571428,0.0,0.0,0.061666666666666654,optimal
2021-02-09 05:00:00,29,2,1.1428571428571428,0.0,0.0,0.18966666666666662,optimal
2021-02-09 05:30:00,29,2,1.1428571428571428,0.0,0.0,0.07566666666666667,optimal
2021-02-09 06:00:00,29,2,1.1428571428571428,0.0,0.0,0.063,optimal
2021-02-09 06:30:00,29,2,1.1428571428571428,0.0,1.4412193061371688,0.20233333333333328,optimal
2021-02-09 07:00:00,29,2,1.1428571428571428,2.39962962962963,10.0,0.08233333333333333,optimal
2021-02-09 07:30:00,29,2,1.1428571428571428,0.1548148148148148,0.0,0.15533333333333335,optimal
2021-02-09 08:00:00,29,2,0.760693284952535,0.46444444444444444,0.0,0.16076666666666667,optimal
2021-02-09 08:30:00,29,2,0.7231524621304849,0.0,0.0,0.25689999999999996,optimal
2021-02-09 09:00:00,29,2,0.7371042708254001,0.0,0.0,0.20233333333333328,optimal
2021-02-09 09:30:00,29,2,0.7640797680384183,0.0,0.0,0.063,optimal
2021-02-09 10:00:00,29,2,0.6524284596701467,0.0,0.0,0.063,optimal
2021-02-09 10:30:00,29,2,0.6200191517921121,0.0,0.0,0.139,optimal
2021-02-09 11:00:00,29,2,0.5207877346962106,0.0,0.0,0.12633333333333333,optimal
2021-02-09 11:30:00,29,2,0.5367439683586949,0.0,0.0,0.063,optimal
2021-02-09 12:00:00,29,2,0.4412548038414055,0.0,0.0,0.16433333333333333,optimal
2021-02-09 12:30:00,29,2,0.9375151837597248,0.0,0.0,0.101,optimal
2021-02-09 13:00:00,29,2,1.1428571428571428,0.0,0.0,0.063,optimal
2021-02-09 13:30:00,29,2,1.1428571428571428,0.0774074074074074,0.0,0.3519,optimal
2021-02-09 14:00:00,29,2,1.1428571428571428,0.0,0.0,0.10733333333333331,optimal
2021-02-09 14:30:00,29,2,1.1428571428571428,0.0,0.0,0.06966666666666667,optimal
2021-02-09 15:00:00,29,2,1.1428571428571428,0.0,0.0,0.204,optimal
2021-02-09 15:30:00,29,2,1.1428571428571428,0.23222222222222222,0.0,0.071,optimal
2021-02-09 16:00:00,29,2,0.0,0.0,0.0,0.3223333333333333,optimal
2021-02-09 16:30:00,29,2,0.0,0.0,0.0,0.2036,optimal
2021-02-09 17:00:00,29,2,0.0,0.1548148148148148,0.0,0.28636666666666666,optimal
2021-02-09 17:30:00,29,2,0.0,0.387037037037037,0.0,0.2894,optimal
2021-02-09 18:00:00,29,2,0.0,0.0774074074074074,0.0,0.2866666666666667,optimal
2021-02-09 18:30:00,29,2,0.0,0.0,0.0,0.5451333333333334,optimal
2021-02-09 19:00:00,29,2,0.0,0.3096296296296296,0.0,0.341,optimal
2021-02-09 19:30:00,29,2,0.48464436884265977,0.23222222222222222,0.0,0.8046666666666666,optimal
2021-02-09 20:00:00,29,2,0.36124436884266015,0.0,0.0,1.2570666666666666,optimal
2021-02-09 20:30:00,29,2,0.0,0.0,0.0,0.35,optimal
2021-02-09 21:00:00,29,2,0.0,0.0,0.0,0.4573,optimal
2021-02-09 21:30:00,29,2,0.0,1.6255555555555554,0.0,0.3187333333333333,optimal
2021-02-09 22:00:00,29,2,0.0,0.0,0.0,0.4394333333333333,optimal
2021-02-09 22:30:00,29,2,0.0,0.0,0.0,0.3293666666666667,optimal
2021-02-09 23:00:00,29,2,0.0,0.0774074074074074,0.0,0.30689999999999995,optimal
2021-02-09 23:30:00,29,2,0.0,0.0,0.0,0.20233333333333328,optimal
2021-02-10 00:00:00,29,2,0.0,0.0,0.0,0.063,optimal
2021-02-10 00:30:00,29,2,0.0,0.0,0.0,0.063,optimal
2021-02-10 01:00:00,29,2,0.5072831440150162,0.0,0.0,0.23666666666666664,optimal
2021-02-10 01:30:00,29,2,1.1428571428571428,0.0,0.0,0.1402,optimal
2021-02-10 02:00:00,29,2,1.1428571428571428,0.0,0.0,0.063,optimal
2021-02-10 02:30:00,29,2,1.1428571428571428,0.0,0.0,0.3138666666666667,optimal
2021-02-10 03:00:00,29,2,1.1428571428571428,0.0,0.0,0.063,optimal
2021-02-10 03:30:00,29,2,1.1428571428571428,0.0,0.0,0.2931333333333333,optimal
2021-02-10 04:00:00,29,2,1.1428571428571428,0.0,0.0,0.09373333333333332,optimal
2021-02-10 04:30:00,29,2,1.1428571428571428,0.0,0.0,0.1402,optimal
2021-02-10 05:00:00,29,2,1.1428571428571428,0.0,0.0,0.24166666666666664,optimal
2021-02-10 05:30:00,29,2,1.1428571428571428,0.0,0.0,0.09373333333333332,optimal
2021-02-10 06:00:00,29,2,1.1428571428571428,0.387037037037037,3.9307968945004896,0.24786666666666668,optimal
2021-02-10 06:30:00,29,2,1.1428571428571428,0.46444444444444444,10.0,0.10426666666666667,optimal
2021-02-10 07:00:00,29,2,1.1428571428571428,0.9288888888888889,0.0,0.1765,optimal
2021-02-10 07:30:00,29,2,1.1428571428571428,0.0,0.0,0.21636666666666668,optimal
2021-02-10 08:00:00,29,2,0.8508950138777738,0.0,0.0,0.10516666666666669,optimal
2021-02-10 08:30:00,29,2,0.8202818532896365,0.0,0.0,0.18236666666666668,optimal
2021-02-10 09:00:00,29,2,0.747337580235997,0.0,0.0,0.1823333333333333,optimal
2021-02-10 09:30:00,29,2,0.7589910863145121,0.0,0.0,0.11159999999999999,optimal
2021-02-10 10:00:00,29,2,0.6058186350803217,0.0,0.0,0.2524666666666667,optimal
2021-02-10 10:30:00,29,2,0.6413063836868336,0.0,0.0,0.10579999999999999,optimal
2021-02-10 11:00:00,29,2,0.516033731213368,0.0,0.0,0.2692,optimal
2021-02-10 11:30:00,29,2,0.5521938175859693,0.0,0.0,0.12766666666666668,optimal
2021-02-10 12:00:00,29,2,0.45621196439440637,0.0,0.0,0.1222,optimal
2021-02-10 12:30:00,29,2,0.41265005963250556,0.0,0.0,0.27466666666666667,optimal
2021-02-10 13:00:00,29,2,1.1428571428571428,0.46444444444444444,0.0,0.09506666666666666,optimal
2021-02-10 13:30:00,29,2,1.1428571428571428,0.0,0.0,0.28633333333333333,optimal
2021-02-10 14:00:00,29,2,1.1428571428571428,0.0,0.0,0.4274,optimal
2021-02-10 14:30:00,29,2,1.1428571428571428,0.0,0.0,0.47,optimal
2021-02-10 15:00:00,29,2,1.1428571428571428,0.0,0.0,0.4710666666666667,optimal
2021-02-10 15:30:00,29,2,1.1428571428571428,0.0,0.0,0.3058,optimal
2021-02-10 16:00:00,29,2,0.0,0.0,0.0,0.3373333333333333,optimal
2021-02-10 16:30:00,29,2,0.0,0.6966666666666667,0.0,0.42519999999999997,optimal
2021-02-10 17:00:00,29,2,0.0,0.0,0.0,0.4506,optimal
2021-02-10 17:30:00,29,2,0.0,0.0,0.0,0.3158,optimal
2021-02-10 18:00:00,29,2,0.0,0.5418518518518518,0.0,0.5777666666666667,optimal
2021-02-10 18:30:00,29,2,0.0,0.3096296296296296,0.0,0.8923,optimal
2021-02-10 19:00:00,29,2,0.0,0.3096296296296296,0.0,0.3899666666666666,optimal
2021-02-10 19:30:00,29,2,0.0,0.0,0.0,0.3155,optimal
2021-02-10 20:00:00,29,2,0.3884164164134414,0.387037037037037,0.0,0.47343333333333326,optimal
2021-02-10 20:30:00,29,2,0.0,0.0,0.0,0.4666666666666667,optimal
2021-02-10 21:00:00,29,2,0.0,0.7167925925925925,0.0,0.5005333333333334,optimal
2021-02-10 21:30:00,29,2,0.0,0.9087629629629632,0.0,0.177,optimal
2021-02-10 22:00:00,29,2,0.0,0.0,0.0,0.26596666666666663,optimal
2021-02-10 22:30:00,29,2,0.0,0.0,0.0,0.13090000000000002,optimal
2021-02-10 23:00:00,29,2,0.0,0.0,0.0,0.073,optimal
2021-02-10 23:30:00,29,2,0.0,0.0,0.0,0.22756666666666664,optimal
2021-02-11 00:00:00,29,2,1.1428571428571428,0.0,0.0,0.054,optimal
2021-02-11 00:30:00,29,2,1.1428571428571428,0.0,0.0,0.08103333333333333,optimal
2021-02-11 01:00:00,29,2,1.1428571428571428,0.0,0.0,0.22036666666666668,optimal
2021-02-11 01:30:00,29,2,1.1428571428571428,0.0,0.0,0.13040000000000002,optimal
2021-02-11 02:00:00,29,2,1.1428571428571428,0.0,0.0,0.19846666666666668,optimal
2021-02-11 02:30:00,29,2,1.1428571428571428,0.0,0.0,0.15933333333333335,optimal
2021-02-11 03:00:00,29,2,1.1428571428571428,0.0,0.0,0.054,optimal
2021-02-11 03:30:00,29,2,1.1428571428571428,0.0,0.0,0.15933333333333335,optimal
2021-02-11 04:00:00,29,2,1.1428571428571428,0.0,0.0,0.15906666666666666,optimal
2021-02-11 04:30:00,29,2,1.1428571428571428,0.0,0.0,0.09340000000000001,optimal
2021-02-11 05:00:00,29,2,1.1428571428571428,0.0,0.0,0.10263333333333334,optimal
2021-02-11 05:30:00,29,2,1.1428571428571428,0.0,0.0,0.25516666666666665,optimal
2021-02-11 06:00:00,29,2,1.1428571428571428,0.0,0.0,0.0698,optimal
2021-02-11 06:30:00,29,2,1.1428571428571428,0.387037037037037,6.0708836329758835,0.26873333333333327,optimal
2021-02-11 07:00:00,29,2,1.1428571428571428,0.0,10.0,0.09026666666666668,optimal
2021-02-11 07:30:00,29,2,1.1428571428571428,2.9652317072573275,0.0,0.064,optimal
2021-02-11 08:00:00,29,2,0.8958972656033954,0.0,0.0,0.07713333333333335,optimal
2021-02-11 08:30:00,29,2,0.8384476122349773,0.0,0.0,0.3006666666666667,optimal
2021-02-11 09:00:00,29,2,0.8380931351892641,0.0,0.0,0.064,optimal
2021-02-11 09:30:00,29,2,0.7250364650989829,0.23222222222222222,0.0,0.26476666666666665,optimal
2021-02-11 10:00:00,29,2,0.43794702834590016,0.0,0.0,3.067633333333333,optimal
2021-02-11 10:30:00,29,2,0.4483131767769951,0.0,0.0,1.2886,optimal
2021-02-11 11:00:00,29,2,0.4364007517479452,0.0,0.0,0.30093333333333333,optimal
2021-02-11 11:30:00,29,2,0.4433252090662127,0.23222222222222222,0.0,0.2034,optimal
2021-02-11 12:00:00,29,2,0.4389638903262286,0.0,0.0,0.054,optimal
2021-02-11 12:30:00,29,2,0.4004974800390117,0.0,0.0,0.3038,optimal
2021-02-11 13:00:00,29,2,1.1428571428571428,0.0,0.0,0.054,optimal
2021-02-11 13:30:00,29,2,1.1428571428571428,0.0,0.0,0.06266666666666666,optimal
2021-02-11 14:00:00,29,2,1.1428571428571428,0.0,0.0,0.3166666666666667,optimal
2021-02-11 14:30:00,29,2,1.1428571428571428,0.23222222222222222,0.0,0.5713666666666667,optimal
2021-02-11 15:00:00,29,2,1.1428571428571428,0.0,0.0,1.5115,optimal
2021-02-11 15:30:00,29,2,1.1428571428571428,0.0,0.0,2.7180333333333335,optimal
2021-02-11 16:00:00,29,2,0.0,0.1548148148148148,0.0,1.4999,optimal
2021-02-11 16:30:00,29,2,0.0,0.1548148148148148,0.0,1.5123,optimal
2021-02-11 17:00:00,29,2,0.0,0.0,0.0,1.0941666666666667,optimal
2021-02-11 17:30:00,29,2,0.0,0.0,0.0,0.2447,optimal
2021-02-11 18:00:00,29,2,0.0,0.0,0.0,0.16756666666666667,optimal
2021-02-11 18:30:00,29,2,0.0,0.0,0.0,0.1844333333333333,optimal
2021-02-11 19:00:00,29,2,0.0,0.3096296296296296,0.0,2.0856999999999997,optimal
2021-02-11 19:30:00,29,2,0.9306233437835352,0.1548148148148148,0.0,0.2573333333333333,optimal
2021-02-11 20:00:00,29,2,0.8830455099456276,0.0,0.0,1.2995333333333332,optimal
2021-02-11 20:30:00,29,2,0.0,0.0,0.0,2.102266666666667,optimal
2021-02-11 21:00:00,29,2,0.0,0.3096296296296296,0.0,2.239133333333333,optimal
2021-02-11 21:30:00,29,2,0.0,0.0,0.0,0.7339,optimal
2021-02-11 22:00:00,29,2,0.0,0.0,0.0,0.3320666666666667,optimal
2021-02-11 22:30:00,29,2,0.0,0.0,0.0,0.4517,optimal
2021-02-11 23:00:00,29,2,0.0,0.1548148148148148,0.0,0.4488666666666667,optimal
2021-02-11 23:30:00,29,2,0.0,0.0,0.0,1.8904,optimal
2021-02-12 00:00:00,29,2,1.1428571428571428,0.0,0.0,0.062,optimal
2021-02-12 00:30:00,29,2,1.1428571428571428,0.0,0.0,0.12409999999999999,optimal
2021-02-12 01:00:00,29,2,1.1428571428571428,0.0,0.0,0.1517,optimal
2021-02-12 01:30:00,29,2,1.1428571428571428,0.0,0.0,0.062,optimal
2021-02-12 02:00:00,29,2,1.1428571428571428,0.0,0.0,0.1931,optimal
2021-02-12 02:30:00,29,2,1.1428571428571428,0.0,0.0,0.08436666666666666,optimal
2021-02-12 03:00:00,29,2,1.1428571428571428,0.0,0.0,0.10133333333333332,optimal
2021-02-12 03:30:00,29,2,1.1428571428571428,0.0,0.0,0.0868,optimal
2021-02-12 04:00:00,29,2,1.1428571428571428,0.0,0.0,0.1931,optimal
2021-02-12 04:30:00,29,2,1.1428571428571428,0.0,0.0,0.1385,optimal
2021-02-12 05:00:00,29,2,1.1428571428571428,0.0,0.0,0.062,optimal
2021-02-12 05:30:00,29,2,1.1428571428571428,0.0,0.0,0.21380000000000002,optimal
2021-02-12 06:00:00,29,2,1.1428571428571428,0.0,0.05044492623441281,0.1178,optimal
2021-02-12 06:30:00,29,2,1.1428571428571428,0.0,10.0,0.1034,optimal
2021-02-12 07:00:00,29,2,1.1428571428571428,0.0774074074074074,10.0,0.1999333333333333,optimal
2021-02-12 07:30:00,29,2,1.1428571428571428,8.174040330629033,0.0,0.103,optimal
2021-02-12 08:00:00,29,2,0.8609190862751108,0.0,0.0,0.1448,optimal
2021-02-12 08:30:00,29,2,0.7464465325775335,0.3096296296296296,0.0,0.38906666666666667,optimal
2021-02-12 09:00:00,29,2,0.7205517385794319,0.23222222222222222,0.0,0.44706666666666667,optimal
2021-02-12 09:30:00,29,2,0.5796450673479568,0.6966666666666667,0.0,0.5745,optimal
2021-02-12 10:00:00,29,2,0.38137284365252017,0.0,0.0,0.5024,optimal
2021-02-12 10:30:00,29,2,0.1643122367619446,0.0,0.0,1.5376333333333334,optimal
2021-02-12 11:00:00,29,2,0.30182050580513436,0.5418518518518518,0.0,0.4038333333333333,optimal
2021-02-12 11:30:00,29,2,0.2679519775628592,6.037777777777776,0.0,0.5011666666666666,optimal
2021-02-12 12:00:00,29,2,0.2581784020489731,0.0,0.0,0.36519999999999997,optimal
2021-02-12 12:30:00,29,2,0.2415346357114672,0.0,0.0,0.44896666666666657,optimal
2021-02-12 13:00:00,29,2,1.1428571428571428,0.0,0.0,0.488,optimal
2021-02-12 13:30:00,29,2,1.1428571428571428,0.0,0.0,0.17486666666666667,optimal
2021-02-12 14:00:00,29,2,1.1428571428571428,0.0,0.0,0.2652,optimal
2021-02-12 14:30:00,29,2,1.1428571428571428,0.0,0.0,0.07133333333333333,optimal
2021-02-12 15:00:00,29,2,1.1428571428571428,0.0,0.0,0.14453333333333332,optimal
2021-02-12 15:30:00,29,2,1.1428571428571428,0.23222222222222222,0.0,0.4279,optimal
2021-02-12 16:00:00,29,2,0.0,0.0,0.0,0.17980000000000002,optimal
2021-02-12 16:30:00,29,2,0.0,0.0,0.0,0.4224,optimal
2021-02-12 17:00:00,29,2,0.0,0.0,0.0,0.6256,optimal
2021-02-12 17:30:00,29,2,0.0,0.387037037037037,0.0,0.29846666666666666,optimal
2021-02-12 18:00:00,29,2,0.0,0.5836518518518518,0.0,0.4073333333333333,optimal
2021-02-12 18:30:00,29,2,0.0,0.8096814814814816,0.0,0.5251666666666667,optimal
2021-02-12 19:00:00,29,2,0.0,0.23222222222222222,0.0,0.41056666666666664,optimal
2021-02-12 19:30:00,29,2,0.0,0.23222222222222222,0.0,0.5483,optimal
2021-02-12 20:00:00,29,2,0.14537728439749809,0.0,0.0,0.5831333333333333,optimal
2021-02-12 20:30:00,29,2,0.0,0.0,0.0,0.5037666666666667,optimal
2021-02-12 21:00:00,29,2,0.0,0.0,0.0,0.3980666666666667,optimal
2021-02-12 21:30:00,29,2,0.0,0.0,0.0,0.2837333333333333,optimal
2021-02-12 22:00:00,29,2,0.0,0.0,0.0,0.6874666666666667,optimal
2021-02-12 22:30:00,29,2,0.0,0.0,0.0,0.32403333333333334,optimal
2021-02-12 23:00:00,29,2,0.0,0.387037037037037,0.0,0.3988,optimal
2021-02-12 23:30:00,29,2,0.0,0.0,0.0,0.3674666666666666,optimal
2021-02-13 00:00:00,29,2,0.0,0.0,0.0,0.1807333333333333,optimal
2021-02-13 00:30:00,29,2,0.0,0.0,0.0,0.19253333333333333,optimal
2021-02-13 01:00:00,29,2,0.7877477661845976,0.0,0.0,0.06603333333333333,optimal
2021-02-13 01:30:00,29,2,1.1428571428571428,0.0,0.0,0.18669999999999998,optimal
2021-02-13 02:00:00,29,2,1.1428571428571428,0.0,0.0,0.0735,optimal
2021-02-13 02:30:00,29,2,1.1428571428571428,0.0,0.0,0.2089,optimal
2021-02-13 03:00:00,29,2,1.1428571428571428,0.0,0.0,0.12033333333333332,optimal
2021-02-13 03:30:00,29,2,1.1428571428571428,0.0,0.0,0.15,optimal
2021-02-13 04:00:00,29,2,1.1428571428571428,0.0,0.0,0.19273333333333328,optimal
2021-02-13 04:30:00,29,2,1.1428571428571428,0.0,0.0,0.15,optimal
2021-02-13 05:00:00,29,2,1.1428571428571428,0.0,2.8190385229666504,0.1468,optimal
2021-02-13 05:30:00,29,2,1.1428571428571428,0.0,10.0,0.13326666666666667,optimal
2021-02-13 06:00:00,29,2,1.1428571428571428,0.23222222222222222,10.0,0.29546666666666666,optimal
2021-02-13 06:30:00,29,2,1.1428571428571428,2.3222222222222215,0.0,0.21256666666666663,optimal
2021-02-13 07:00:00,29,2,1.1428571428571428,0.0,0.0,0.14933333333333335,optimal
2021-02-13 07:30:00,29,2,1.1428571428571428,0.0,0.0,0.10826666666666668,optimal
2021-02-13 08:00:00,29,2,0.8417879122566627,0.0,0.0,0.2323,optimal
2021-02-13 08:30:00,29,2,0.8869250983001014,0.0,0.0,0.07383333333333333,optimal
2021-02-13 09:00:00,29,2,0.7740485885012807,0.0,0.0,0.2422333333333333,optimal
2021-02-13 09:30:00,29,2,0.8038488044327685,0.0,0.0,0.1005,optimal
2021-02-13 10:00:00,29,2,0.690510342791723,0.0,0.0,0.10223333333333331,optimal
2021-02-13 10:30:00,29,2,0.8043087446194271,0.0,0.0,0.1825,optimal
2021-02-13 11:00:00,29,2,1.1428571428571428,0.0,0.0,0.12903333333333333,optimal
2021-02-13 11:30:00,29,2,1.1428571428571428,0.0,0.0,0.18669999999999998,optimal
2021-02-13 12:00:00,29,2,1.1428571428571428,0.0,0.0,0.069,optimal
2021-02-13 12:30:00,29,2,1.1428571428571428,0.0,0.0,0.16513333333333333,optimal
2021-02-13 13:00:00,29,2,1.1428571428571428,0.0,0.0,0.17426666666666668,optimal
2021-02-13 13:30:00,29,2,1.1428571428571428,0.0,0.0,0.09133333333333331,optimal
2021-02-13 14:00:00,29,2,1.1428571428571428,0.0,0.0,0.15316666666666665,optimal
2021-02-13 14:30:00,29,2,1.1428571428571428,0.0,0.0,0.16256666666666666,optimal
2021-02-13 15:00:00,29,2,1.1428571428571428,0.0,0.0,0.1145,optimal
2021-02-13 15:30:00,29,2,1.1428571428571428,0.0,0.0,0.2389,optimal
2021-02-13 16:00:00,29,2,0.0,0.0,0.0,0.06,optimal
2021-02-13 16:30:00,29,2,0.0,0.0,0.0,0.105,optimal
2021-02-13 17:00:00,29,2,0.0,0.0,0.0,0.21359999999999998,optimal
2021-02-13 17:30:00,29,2,0.0,0.0,0.0,0.08413333333333334,optimal
2021-02-13 18:00:00,29,2,0.0,0.0,0.0,0.06,optimal
2021-02-13 18:30:00,29,2,0.0,0.0,0.0,0.09853333333333332,optimal
2021-02-13 19:00:00,29,2,0.0,0.0,0.0,0.2542,optimal
2021-02-13 19:30:00,29,2,0.8594566657048447,0.0,0.0,0.06,optimal
2021-02-13 20:00:00,29,2,0.8275346745703495,0.0,0.0,0.18669999999999998,optimal
2021-02-13 20:30:00,29,2,0.0,0.0,0.0,0.15603333333333333,optimal
2021-02-13 21:00:00,29,2,0.0,0.0,0.0,0.06,optimal
2021-02-13 21:30:00,29,2,0.0,0.1548148148148148,0.0,0.171,optimal
2021-02-13 22:00:00,29,2,0.0,0.0,0.0,0.7022333333333334,optimal
2021-02-13 22:30:00,29,2,0.0,0.0,0.0,0.5580333333333333,optimal
2021-02-13 23:00:00,29,2,0.0,0.23222222222222222,0.0,0.205,optimal
2021-02-13 23:30:00,29,2,0.0,0.0,0.0,0.2833333333333333,optimal
2021-02-07 00:00:00,30,2,0.0,6.192592592592591,0.0,0.15569999999999998,optimal
2021-02-07 00:30:00,30,2,0.0,0.0,0.0,0.12033333333333332,optimal
2021-02-07 01:00:00,30,2,0.0,0.0,0.0,0.0953,optimal
2021-02-07 01:30:00,30,2,0.0,0.387037037037037,0.0,0.08113333333333334,optimal
2021-02-07 02:00:00,30,2,0.0,0.0,0.0,0.07466666666666667,optimal
2021-02-07 02:30:00,30,2,0.0,0.0,0.0,0.071,optimal
2021-02-07 03:00:00,30,2,0.0,0.0,0.0,0.071,optimal
2021-02-07 03:30:00,30,2,0.0,0.0,0.0,0.071,optimal
2021-02-07 04:00:00,30,2,1.1428571428571428,0.0,0.0,0.071,optimal
2021-02-07 04:30:00,30,2,1.1428571428571428,0.0,0.0,0.071,optimal
2021-02-07 05:00:00,30,2,1.1428571428571428,0.0,0.0,0.071,optimal
2021-02-07 05:30:00,30,2,1.1428571428571428,0.0,0.0,0.071,optimal
2021-02-07 06:00:00,30,2,1.1428571428571428,0.0,0.0,0.071,optimal
2021-02-07 06:30:00,30,2,1.1428571428571428,0.0,0.0,0.071,optimal
2021-02-07 07:00:00,30,2,1.1428571428571428,0.6966666666666667,1.6063785740462473,0.9662666666666667,optimal
2021-02-07 07:30:00,30,2,0.0,0.387037037037037,0.0,1.1316333333333335,optimal
2021-02-07 08:00:00,30,2,0.0,0.1548148148148148,0.0,0.311,optimal
2021-02-07 08:30:00,30,2,0.5339102211181972,0.23222222222222222,0.0,0.2163333333333333,optimal
2021-02-07 09:00:00,30,2,0.5100149946207496,2.0899999999999994,0.0,0.9389,optimal
2021-02-07 09:30:00,30,2,0.5353655139975154,0.6966666666666667,0.0,1.1084333333333334,optimal
2021-02-07 10:00:00,30,2,0.6967710516440263,0.0,0.0,0.071,optimal
2021-02-07 10:30:00,30,2,0.917636906720872,0.0,0.0,0.071,optimal
2021-02-07 11:00:00,30,2,1.1428571428571428,0.0,0.0,0.071,optimal
2021-02-07 11:30:00,30,2,1.1428571428571428,0.0,0.0,0.071,optimal
2021-02-07 12:00:00,30,2,1.1428571428571428,0.0,0.0,0.071,optimal
2021-02-07 12:30:00,30,2,1.1428571428571428,0.0,0.0,0.071,optimal
2021-02-07 13:00:00,30,2,1.1428571428571428,0.0,0.0,0.071,optimal
2021-02-07 13:30:00,30,2,1.1428571428571428,0.0,0.0,1.5015333333333334,optimal
2021-02-07 14:00:00,30,2,1.1428571428571428,0.1548148148148148,0.0,0.6641666666666667,optimal
2021-02-07 14:30:00,30,2,1.1428571428571428,1.0837037037037036,0.0,0.37056666666666666,optimal
2021-02-07 15:00:00,30,2,1.1428571428571428,0.0,0.0,0.071,optimal
2021-02-07 15:30:00,30,2,1.1428571428571428,0.0,0.0,0.071,optimal
2021-02-07 16:00:00,30,2,0.0,0.0,0.0,0.071,optimal
2021-02-07 16:30:00,30,2,0.0,0.0,0.0,0.071,optimal
2021-02-07 17:00:00,30,2,0.0,0.0,0.0,0.071,optimal
2021-02-07 17:30:00,30,2,0.0,0.0,0.0,0.071,optimal
2021-02-07 18:00:00,30,2,0.0,0.0,0.0,0.071,optimal
2021-02-07 18:30:00,30,2,0.0,0.0,0.0,0.071,optimal
2021-02-07 19:00:00,30,2,0.0,0.0,0.0,0.071,optimal
2021-02-07 19:30:00,30,2,0.7691041938150701,0.0,0.0,0.071,optimal
2021-02-07 20:00:00,30,2,0.7691041938150701,0.0,0.0,0.071,optimal
2021-02-07 20:30:00,30,2,0.0,0.0,0.0,0.071,optimal
2021-02-07 21:00:00,30,2,0.0,0.0,0.0,0.835,optimal
2021-02-07 21:30:00,30,2,0.0,0.0,0.0,1.4843333333333333,optimal
2021-02-07 22:00:00,30,2,0.0,0.0,0.0,0.28253333333333336,optimal
2021-02-07 22:30:00,30,2,0.0,0.0,0.0,0.1038,optimal
2021-02-07 23:00:00,30,2,0.0,0.0,0.0,0.071,optimal
2021-02-07 23:30:00,30,2,0.0,0.0,0.0,0.071,optimal
2021-02-08 00:00:00,30,2,0.0,0.0,0.0,0.06833333333333333,optimal
2021-02-08 00:30:00,30,2,0.0,0.0,0.0,0.06766666666666667,optimal
2021-02-08 01:00:00,30,2,0.3416574269826362,0.0,0.0,0.063,optimal
2021-02-08 01:30:00,30,2,1.1428571428571428,0.0,0.0,0.063,optimal
2021-02-08 02:00:00,30,2,1.1428571428571428,0.0,0.0,0.063,optimal
2021-02-08 02:30:00,30,2,1.1428571428571428,0.0,0.0,0.063,optimal
2021-02-08 03:00:00,30,2,1.1428571428571428,0.0,0.0,0.063,optimal
2021-02-08 03:30:00,30,2,1.1428571428571428,0.0,0.0,0.063,optimal
2021-02-08 04:00:00,30,2,1.1428571428571428,0.0,0.0,0.063,optimal
2021-02-08 04:30:00,30,2,1.1428571428571428,0.0,0.0,0.063,optimal
2021-02-08 05:00:00,30,2,1.1428571428571428,0.0,0.0,0.063,optimal
2021-02-08 05:30:00,30,2,1.1428571428571428,0.0,0.0,0.063,optimal
2021-02-08 06:00:00,30,2,1.1428571428571428,0.0,0.0,0.063,optimal
2021-02-08 06:30:00,30,2,1.1428571428571428,0.0,4.293502765381642,0.063,optimal
2021-02-08 07:00:00,30,2,1.1428571428571428,0.0,10.0,0.063,optimal
2021-02-08 07:30:00,30,2,1.1428571428571428,0.1548148148148148,0.0,0.7163999999999999,optimal
2021-02-08 08:00:00,30,2,0.6048807289725681,0.0,0.0,1.262733333333333,optimal
2021-02-08 08:30:00,30,2,0.8101739759333071,0.0,0.0,0.063,optimal
2021-02-08 09:00:00,30,2,0.7589366579607307,0.0,0.0,0.06833333333333333,optimal
2021-02-08 09:30:00,30,2,0.7525196446624783,0.0,0.0,0.073,optimal
2021-02-08 10:00:00,30,2,0.5602836530553053,0.0,0.0,1.250233333333333,optimal
2021-02-08 10:30:00,30,2,0.6020739996868941,2.0899999999999994,0.0,0.7643,optimal
2021-02-08 11:00:00,30,2,0.441971552685378,0.0,0.0,1.973733333333333,optimal
2021-02-08 11:30:00,30,2,0.48225735334368924,0.0,0.0,0.193,optimal
2021-02-08 12:00:00,30,2,0.42794235967401,0.0,0.0,0.18209999999999998,optimal
2021-02-08 12:30:00,30,2,0.3814206276572878,0.0,0.0,0.33946666666666664,optimal
2021-02-08 13:00:00,30,2,0.8636313768320655,0.387037037037037,0.0,2.1311999999999998,optimal
2021-02-08 13:30:00,30,2,1.1428571428571428,0.0,0.0,1.4684000000000001,optimal
2021-02-08 14:00:00,30,2,1.1428571428571428,0.3096296296296296,0.0,3.1484,optimal
2021-02-08 14:30:00,30,2,1.1428571428571428,0.0,0.0,2.1504000000000003,optimal
2021-02-08 15:00:00,30,2,1.1428571428571428,0.0,0.0,0.5536,optimal
2021-02-08 15:30:00,30,2,1.1428571428571428,0.6966666666666667,0.0,2.417866666666667,optimal
2021-02-08 16:00:00,30,2,0.0,0.23222222222222222,0.0,0.5036666666666667,optimal
2021-02-08 16:30:00,30,2,0.0,0.0,0.0,2.398733333333333,optimal
2021-02-08 17:00:00,30,2,0.0,0.23222222222222222,0.0,2.0366333333333326,optimal
2021-02-08 17:30:00,30,2,0.0,0.5836518518518518,0.0,1.8925999999999998,optimal
2021-02-08 18:00:00,30,2,0.0,2.4352370370370373,0.0,3.991533333333333,optimal
2021-02-08 18:30:00,30,2,0.0,0.23222222222222222,0.0,1.7724000000000002,optimal
2021-02-08 19:00:00,30,2,0.0,0.1548148148148148,0.0,1.4752,optimal
2021-02-08 19:30:00,30,2,0.0,0.0,0.0,3.5098000000000003,optimal
2021-02-08 20:00:00,30,2,0.0,0.1548148148148148,0.0,1.2681333333333333,optimal
2021-02-08 20:30:00,30,2,0.0,0.23222222222222222,0.0,0.362,optimal
2021-02-08 21:00:00,30,2,0.0,0.0,0.0,0.4113,optimal
2021-02-08 21:30:00,30,2,0.0,0.0,0.0,0.5227333333333334,optimal
2021-02-08 22:00:00,30,2,0.0,0.0774074074074074,0.0,1.2281333333333335,optimal
2021-02-08 22:30:00,30,2,0.0,0.0,0.0,0.073,optimal
2021-02-08 23:00:00,30,2,0.0,0.0,0.0,0.073,optimal
2021-02-08 23:30:00,30,2,0.0,0.0,0.0,0.07266666666666667,optimal
2021-02-09 00:00:00,30,2,0.0,0.0,0.0,0.065,optimal
2021-02-09 00:30:00,30,2,0.0,0.0,0.0,0.1801333333333333,optimal
2021-02-09 01:00:00,30,2,0.0,0.0,0.0,0.065,optimal
2021-02-09 01:30:00,30,2,1.0636025642327593,0.0,0.0,0.065,optimal
2021-02-09 02:00:00,30,2,1.1428571428571428,0.0,0.0,0.072,optimal
2021-02-09 02:30:00,30,2,1.1428571428571428,0.0,0.0,0.075,optimal
2021-02-09 03:00:00,30,2,1.1428571428571428,0.0,0.0,0.18313333333333331,optimal
2021-02-09 03:30:00,30,2,1.1428571428571428,0.0,0.0,0.065,optimal
2021-02-09 04:00:00,30,2,1.1428571428571428,0.1548148148148148,0.0,0.20706666666666662,optimal
2021-02-09 04:30:00,30,2,1.1428571428571428,0.0,0.0,0.2479,optimal
2021-02-09 05:00:00,30,2,1.1428571428571428,2.1674074074074072,0.0,0.22893333333333332,optimal
2021-02-09 05:30:00,30,2,1.1428571428571428,0.23222222222222222,7.804509271052316,0.46636666666666665,optimal
2021-02-09 06:00:00,30,2,1.1428571428571428,0.0,0.0,0.38453333333333334,optimal
2021-02-09 06:30:00,30,2,1.1428571428571428,0.23222222222222222,0.0,0.326,optimal
2021-02-09 07:00:00,30,2,1.1428571428571428,0.387037037037037,0.0,0.42073333333333335,optimal
2021-02-09 07:30:00,30,2,1.1428571428571428,1.7803703703703702,0.0,0.206,optimal
2021-02-09 08:00:00,30,2,0.6977028087620623,0.23222222222222222,0.0,0.31589999999999996,optimal
2021-02-09 08:30:00,30,2,0.7220667478447617,0.0,0.0,0.22043333333333331,optimal
2021-02-09 09:00:00,30,2,0.6605137946349198,0.0,0.0,0.18973333333333328,optimal
2021-02-09 09:30:00,30,2,0.634708339466995,0.0,0.0,0.15163333333333331,optimal
2021-02-09 10:00:00,30,2,0.44468369776538436,0.5418518518518518,0.0,0.8564666666666667,optimal
2021-02-09 10:30:00,30,2,0.3822915327444969,0.1548148148148148,0.0,1.3622999999999998,optimal
2021-02-09 11:00:00,30,2,0.3627210680295374,0.0,0.0,0.278,optimal
2021-02-09 11:30:00,30,2,0.2926220635967944,0.0774074074074074,0.0,0.4446666666666667,optimal
2021-02-09 12:00:00,30,2,0.1870986133652148,0.387037037037037,0.0,0.4874,optimal
2021-02-09 12:30:00,30,2,0.191249046369384,0.0,0.0,0.4298666666666667,optimal
2021-02-09 13:00:00,30,2,0.8383836596093363,0.387037037037037,0.0,0.47886666666666666,optimal
2021-02-09 13:30:00,30,2,1.1428571428571428,0.0,0.0,0.31039999999999995,optimal
2021-02-09 14:00:00,30,2,1.1428571428571428,0.0,0.0,0.6482,optimal
2021-02-09 14:30:00,30,2,1.1428571428571428,0.23222222222222222,0.0,0.367,optimal
2021-02-09 15:00:00,30,2,1.1428571428571428,0.0,0.0,0.3072,optimal
2021-02-09 15:30:00,30,2,1.1428571428571428,0.0,0.0,0.29656666666666665,optimal
2021-02-09 16:00:00,30,2,0.0,0.0,0.0,0.18786666666666668,optimal
2021-02-09 16:30:00,30,2,0.0,0.2740222222222222,0.0,0.17880000000000001,optimal
2021-02-09 17:00:00,30,2,0.0,0.5000518518518519,0.0,1.3666333333333334,optimal
2021-02-09 17:30:00,30,2,0.0,0.46444444444444444,0.0,1.8215333333333332,optimal
2021-02-09 18:00:00,30,2,0.0,0.23222222222222222,0.0,0.8415333333333334,optimal
2021-02-09 18:30:00,30,2,0.0,0.46444444444444444,0.0,1.3749,optimal
2021-02-09 19:00:00,30,2,0.0,0.46444444444444444,0.0,0.3383333333333333,optimal
2021-02-09 19:30:00,30,2,0.0,0.0774074074074074,0.0,0.32656666666666667,optimal
2021-02-09 20:00:00,30,2,0.0,0.0,0.0,0.49276666666666663,optimal
2021-02-09 20:30:00,30,2,0.0,0.3096296296296296,0.0,0.30156666666666665,optimal
2021-02-09 21:00:00,30,2,0.0,0.1548148148148148,0.0,0.2873,optimal
2021-02-09 21:30:00,30,2,0.0,0.1548148148148148,0.0,0.35383333333333333,optimal
2021-02-09 22:00:00,30,2,0.0,0.0,0.0,0.3821333333333333,optimal
2021-02-09 22:30:00,30,2,0.0,0.0,0.0,0.075,optimal
2021-02-09 23:00:00,30,2,0.0,0.0,0.0,0.1849,optimal
2021-02-09 23:30:00,30,2,0.0,0.0,0.0,0.07856666666666666,optimal
2021-02-10 00:00:00,30,2,0.0,0.0,0.0,0.07266666666666667,optimal
2021-02-10 00:30:00,30,2,0.0,0.0,0.0,0.07133333333333333,optimal
2021-02-10 01:00:00,30,2,0.7911190863812683,0.0,0.0,0.09673333333333332,optimal
2021-02-10 01:30:00,30,2,1.1428571428571428,0.0,0.0,0.2008,optimal
2021-02-10 02:00:00,30,2,1.1428571428571428,0.0,0.0,0.06766666666666667,optimal
2021-02-10 02:30:00,30,2,1.1428571428571428,0.0,0.0,0.10673333333333332,optimal
2021-02-10 03:00:00,30,2,1.1428571428571428,0.0,0.0,0.20113333333333333,optimal
2021-02-10 03:30:00,30,2,1.1428571428571428,0.0,0.0,0.067,optimal
2021-02-10 04:00:00,30,2,1.1428571428571428,0.0,0.0,0.07443333333333334,optimal
2021-02-10 04:30:00,30,2,1.1428571428571428,0.0774074074074074,0.0,0.22676666666666667,optimal
2021-02-10 05:00:00,30,2,1.1428571428571428,0.0,0.0,0.067,optimal
2021-02-10 05:30:00,30,2,1.1428571428571428,0.0,0.0,0.11159999999999999,optimal
2021-02-10 06:00:00,30,2,1.1428571428571428,0.0,0.0,0.1859333333333333,optimal
2021-02-10 06:30:00,30,2,1.1428571428571428,0.0,1.7302657171736626,0.067,optimal
2021-02-10 07:00:00,30,2,1.1428571428571428,0.387037037037037,10.0,0.22853333333333334,optimal
2021-02-10 07:30:00,30,2,1.1428571428571428,0.2740222222222222,0.0,1.304266666666667,optimal
2021-02-10 08:00:00,30,2,0.703820728163498,0.26782962962962964,0.0,0.7098666666666666,optimal
2021-02-10 08:30:00,30,2,0.6476075675753551,0.0,0.0,0.8483333333333334,optimal
2021-02-10 09:00:00,30,2,0.7697090088074265,0.0,0.0,0.09673333333333332,optimal
2021-02-10 09:30:00,30,2,0.7547815625049991,0.0,0.0,0.11903333333333331,optimal
2021-02-10 10:00:00,30,2,0.6248662541279398,0.0,0.0,0.1785,optimal
2021-02-10 10:30:00,30,2,0.6503063836868352,0.0,0.0,0.067,optimal
2021-02-10 11:00:00,30,2,0.5356146835943264,0.0,0.0,0.1933666666666667,optimal
2021-02-10 11:30:00,30,2,0.5306319128240595,0.0,0.0,0.14683333333333334,optimal
2021-02-10 12:00:00,30,2,0.46989767868012233,0.0,0.0,0.067,optimal
2021-02-10 12:30:00,30,2,0.46989767868012233,0.0,0.0,0.067,optimal
2021-02-10 13:00:00,30,2,0.9314606178000298,0.1548148148148148,0.0,2.399633333333333,optimal
2021-02-10 13:30:00,30,2,1.1428571428571428,0.0,0.0,2.6549666666666667,optimal
2021-02-10 14:00:00,30,2,1.1428571428571428,0.46444444444444444,0.0,0.5959666666666666,optimal
2021-02-10 14:30:00,30,2,1.1428571428571428,0.46444444444444444,0.0,0.22130000000000002,optimal
2021-02-10 15:00:00,30,2,1.1428571428571428,0.0,0.0,0.36410000000000003,optimal
2021-02-10 15:30:00,30,2,1.1428571428571428,0.0,0.0,1.6078333333333332,optimal
2021-02-10 16:00:00,30,2,0.0,2.7092592592592597,0.0,0.436,optimal
2021-02-10 16:30:00,30,2,0.0,0.3096296296296296,0.0,0.4532333333333333,optimal
2021-02-10 17:00:00,30,2,0.0,0.1548148148148148,0.0,0.2965,optimal
2021-02-10 17:30:00,30,2,0.0,5.882962962962964,0.0,0.30693333333333334,optimal
2021-02-10 18:00:00,30,2,0.0,0.23222222222222222,0.0,0.48886666666666667,optimal
2021-02-10 18:30:00,30,2,0.0,0.7167925925925925,0.0,0.381,optimal
2021-02-10 19:00:00,30,2,0.0,1.8376518518518514,0.0,0.4330333333333334,optimal
2021-02-10 19:30:00,30,2,0.0,0.0,0.0,0.48569999999999997,optimal
2021-02-10 20:00:00,30,2,0.0,0.6192592592592592,0.0,0.3782,optimal
2021-02-10 20:30:00,30,2,0.0,0.0,0.0,0.6316,optimal
2021-02-10 21:00:00,30,2,0.0,0.0,0.0,0.9690333333333332,optimal
2021-02-10 21:30:00,30,2,0.0,0.387037037037037,0.0,1.9972999999999999,optimal
2021-02-10 22:00:00,30,2,0.0,0.0,0.0,0.5560333333333333,optimal
2021-02-10 22:30:00,30,2,0.0,1.9351851851851851,0.0,0.45339999999999997,optimal
2021-02-10 23:00:00,30,2,0.0,0.0,0.0,0.3571333333333333,optimal
2021-02-10 23:30:00,30,2,0.0,0.0774074074074074,0.0,0.3588,optimal
2021-02-11 00:00:00,30,2,0.03916304269237656,0.0,0.0,0.1434,optimal
2021-02-11 00:30:00,30,2,1.1428571428571428,0.0,0.0,0.1832,optimal
2021-02-11 01:00:00,30,2,1.1428571428571428,0.0,0.0,0.06,optimal
2021-02-11 01:30:00,30,2,1.1428571428571428,0.0,0.0,0.17626666666666668,optimal
2021-02-11 02:00:00,30,2,1.1428571428571428,0.0,0.0,0.1708,optimal
2021-02-11 02:30:00,30,2,1.1428571428571428,0.0,0.0,0.06,optimal
2021-02-11 03:00:00,30,2,1.1428571428571428,0.0,0.0,0.13446666666666668,optimal
2021-02-11 03:30:00,30,2,1.1428571428571428,0.0,0.0,0.21259999999999998,optimal
2021-02-11 04:00:00,30,2,1.1428571428571428,0.0,0.0,0.06,optimal
2021-02-11 04:30:00,30,2,1.1428571428571428,0.0,0.0,0.08906666666666667,optimal
2021-02-11 05:00:00,30,2,1.1428571428571428,0.0,0.0,0.19080000000000003,optimal
2021-02-11 05:30:00,30,2,1.1428571428571428,0.0,0.0,0.1272,optimal
2021-02-11 06:00:00,30,2,1.1428571428571428,0.0,0.0,0.06,optimal
2021-02-11 06:30:00,30,2,1.1428571428571428,0.0774074074074074,0.0,1.1685,optimal
2021-02-11 07:00:00,30,2,1.1428571428571428,0.387037037037037,8.320398020173867,0.3223666666666667,optimal
2021-02-11 07:30:00,30,2,1.1428571428571428,0.6966666666666667,0.0,0.25453333333333333,optimal
2021-02-11 08:00:00,30,2,0.5778401227462484,0.6966666666666667,0.0,0.3644,optimal
2021-02-11 08:30:00,30,2,0.6037714217587934,0.0,0.0,0.323,optimal
2021-02-11 09:00:00,30,2,0.6194264685225929,1.0837037037037036,0.0,0.35933333333333334,optimal
2021-02-11 09:30:00,30,2,0.5384507508132699,0.23222222222222222,0.0,0.5983666666666667,optimal
2021-02-11 10:00:00,30,2,0.23246131406018603,0.3096296296296296,0.0,2.9123666666666668,optimal
2021-02-11 10:30:00,30,2,0.28547031963414154,0.0,0.0,2.9489,optimal
2021-02-11 11:00:00,30,2,0.5564102755574671,0.0,0.0,0.1372,optimal
2021-02-11 11:30:00,30,2,0.5206871138281164,0.0,0.0,0.14993333333333334,optimal
2021-02-11 12:00:00,30,2,0.39501150937384677,0.0,0.0,0.21713333333333332,optimal
2021-02-11 12:30:00,30,2,0.40924254698619006,0.0,0.0,0.07,optimal
2021-02-11 13:00:00,30,2,1.1428571428571428,0.0,0.0,0.17959999999999998,optimal
2021-02-11 13:30:00,30,2,1.1428571428571428,0.0,0.0,0.18746666666666667,optimal
2021-02-11 14:00:00,30,2,1.1428571428571428,0.0,0.0,0.08866666666666667,optimal
2021-02-11 14:30:00,30,2,1.1428571428571428,0.0,0.0,0.2784,optimal
2021-02-11 15:00:00,30,2,1.1428571428571428,0.0774074074074074,0.0,0.3451,optimal
2021-02-11 15:30:00,30,2,1.1428571428571428,0.0774074074074074,0.0,1.1152666666666669,optimal
2021-02-11 16:00:00,30,2,0.0,0.23222222222222222,0.0,4.0141333333333336,optimal
2021-02-11 16:30:00,30,2,0.0,0.23222222222222222,0.0,2.7413000000000003,optimal
2021-02-11 17:00:00,30,2,0.0,0.46444444444444444,0.0,0.39766666666666667,optimal
2021-02-11 17:30:00,30,2,0.0,0.774074074074074,0.0,2.010566666666666,optimal
2021-02-11 18:00:00,30,2,0.0,0.387037037037037,0.0,2.5990666666666664,optimal
2021-02-11 18:30:00,30,2,0.0,0.0,0.0,1.4661333333333335,optimal
2021-02-11 19:00:00,30,2,0.0,0.0,0.0,0.336,optimal
2021-02-11 19:30:00,30,2,0.0,0.0,0.0,0.14743333333333333,optimal
2021-02-11 20:00:00,30,2,0.25879983365664244,0.0,0.0,0.2191,optimal
2021-02-11 20:30:00,30,2,0.0,0.0,0.0,0.4436666666666667,optimal
2021-02-11 21:00:00,30,2,0.0,0.23222222222222222,0.0,0.3836666666666667,optimal
2021-02-11 21:30:00,30,2,0.0,0.387037037037037,0.0,0.4587,optimal
2021-02-11 22:00:00,30,2,0.0,0.46444444444444444,0.0,0.3961,optimal
2021-02-11 22:30:00,30,2,0.0,0.0,0.0,0.32939999999999997,optimal
2021-02-11 23:00:00,30,2,0.0,0.0,0.0,0.07373333333333333,optimal
2021-02-11 23:30:00,30,2,0.0,0.0,0.0,0.29333333333333333,optimal
2021-02-12 00:00:00,30,2,1.1428571428571428,0.1548148148148148,0.0,0.15330000000000002,optimal
2021-02-12 00:30:00,30,2,1.1428571428571428,0.0,0.0,0.11566666666666668,optimal
2021-02-12 01:00:00,30,2,1.1428571428571428,0.0,0.0,0.062,optimal
2021-02-12 01:30:00,30,2,1.1428571428571428,0.0,0.0,0.15533333333333335,optimal
2021-02-12 02:00:00,30,2,1.1428571428571428,0.0,0.0,0.062,optimal
2021-02-12 02:30:00,30,2,1.1428571428571428,0.1548148148148148,0.0,0.26576666666666665,optimal
2021-02-12 03:00:00,30,2,1.1428571428571428,0.387037037037037,0.0,0.35596666666666665,optimal
2021-02-12 03:30:00,30,2,1.1428571428571428,0.387037037037037,0.0,0.084,optimal
2021-02-12 04:00:00,30,2,1.1428571428571428,0.1548148148148148,1.7510900172392572,0.14916666666666667,optimal
2021-02-12 04:30:00,30,2,1.1428571428571428,0.1548148148148148,10.0,0.07866666666666668,optimal
2021-02-12 05:00:00,30,2,1.1428571428571428,0.0,10.0,0.14866666666666667,optimal
2021-02-12 05:30:00,30,2,1.1428571428571428,0.1548148148148148,0.0,1.534733333333333,optimal
2021-02-12 06:00:00,30,2,1.1428571428571428,0.1548148148148148,0.0,0.8839,optimal
2021-02-12 06:30:00,30,2,1.1428571428571428,0.6192592592592592,0.0,0.4835,optimal
2021-02-12 07:00:00,30,2,1.1428571428571428,0.3096296296296296,0.0,2.0838666666666668,optimal
2021-02-12 07:30:00,30,2,1.1428571428571428,2.3235048286151927,0.0,2.4340333333333333,optimal
2021-02-12 08:00:00,30,2,0.7156333719893981,0.46444444444444444,0.0,0.5801000000000001,optimal
2021-02-12 08:30:00,30,2,0.8159417706727825,0.6192592592592592,0.0,0.3442,optimal
2021-02-12 09:00:00,30,2,0.9348660242937072,0.0,0.0,0.072,optimal
2021-02-12 09:30:00,30,2,0.8140831625860461,0.0,0.0,0.16533333333333333,optimal
2021-02-12 10:00:00,30,2,0.633382367462047,0.0,0.0,0.072,optimal
2021-02-12 10:30:00,30,2,0.6162703320000439,0.0,0.0,0.072,optimal
2021-02-12 11:00:00,30,2,0.49033860104322824,0.0,0.0,0.11866666666666668,optimal
2021-02-12 11:30:00,30,2,0.4881995966104734,0.0,0.0,0.11866666666666668,optimal
2021-02-12 12:00:00,30,2,0.46386411633468544,0.0,0.0,0.072,optimal
2021-02-12 12:30:00,30,2,0.43505844523527964,0.0,0.0,0.16533333333333333,optimal
2021-02-12 13:00:00,30,2,1.1428571428571428,0.0,0.0,0.072,optimal
2021-02-12 13:30:00,30,2,1.1428571428571428,0.0,0.0,0.16533333333333333,optimal
2021-02-12 14:00:00,30,2,1.1428571428571428,0.0,0.0,0.11973333333333332,optimal
2021-02-12 14:30:00,30,2,1.1428571428571428,0.0,0.0,0.36610000000000004,optimal
2021-02-12 15:00:00,30,2,1.1428571428571428,0.3096296296296296,0.0,0.4664,optimal
2021-02-12 15:30:00,30,2,1.1428571428571428,0.0,0.0,0.5986666666666667,optimal
2021-02-12 16:00:00,30,2,0.0,0.0,0.0,0.8836666666666666,optimal
2021-02-12 16:30:00,30,2,0.0,0.8514814814814814,0.0,1.4425666666666666,optimal
2021-02-12 17:00:00,30,2,0.0,0.0774074074074074,0.0,0.7242999999999999,optimal
2021-02-12 17:30:00,30,2,0.0,0.387037037037037,0.0,0.6148333333333333,optimal
2021-02-12 18:00:00,30,2,0.0,0.3096296296296296,0.0,0.48186666666666667,optimal
2021-02-12 18:30:00,30,2,0.0,0.0,0.0,1.6240333333333332,optimal
2021-02-12 19:00:00,30,2,0.0,0.1548148148148148,0.0,2.975,optimal
2021-02-12 19:30:00,30,2,0.0,0.0,0.0,2.5011666666666663,optimal
2021-02-12 20:00:00,30,2,0.2183282508077068,0.0,0.0,0.21380000000000002,optimal
2021-02-12 20:30:00,30,2,0.0,0.0,0.0,0.32893333333333336,optimal
2021-02-12 21:00:00,30,2,0.0,0.0,0.0,0.5237333333333334,optimal
2021-02-12 21:30:00,30,2,0.0,0.3096296296296296,0.0,2.2256,optimal
2021-02-12 22:00:00,30,2,0.0,0.1548148148148148,0.0,1.4855,optimal
2021-02-12 22:30:00,30,2,0.0,0.0774074074074074,0.0,1.5101666666666667,optimal
2021-02-12 23:00:00,30,2,0.0,0.1548148148148148,0.0,0.5888333333333333,optimal
2021-02-12 23:30:00,30,2,0.0,0.0,0.0,2.137633333333333,optimal
2021-02-13 00:00:00,30,2,0.0,0.0,0.0,0.051,optimal
2021-02-13 00:30:00,30,2,0.0,0.0,0.0,0.054,optimal
2021-02-13 01:00:00,30,2,0.06758577850941136,0.0,0.0,0.046,optimal
2021-02-13 01:30:00,30,2,1.1428571428571428,0.0,0.0,0.044,optimal
2021-02-13 02:00:00,30,2,1.1428571428571428,0.0,0.0,0.044,optimal
2021-02-13 02:30:00,30,2,1.1428571428571428,0.0,0.0,0.044,optimal
2021-02-13 03:00:00,30,2,1.1428571428571428,0.0,0.0,0.044,optimal
2021-02-13 03:30:00,30,2,1.1428571428571428,0.0,0.0,0.044,optimal
2021-02-13 04:00:00,30,2,1.1428571428571428,0.0,0.0,0.044,optimal
2021-02-13 04:30:00,30,2,1.1428571428571428,0.0,0.0,0.044,optimal
2021-02-13 05:00:00,30,2,1.1428571428571428,0.0,0.0,0.044,optimal
2021-02-13 05:30:00,30,2,1.1428571428571428,0.0,2.1495025162172516,0.044,optimal
2021-02-13 06:00:00,30,2,1.1428571428571428,0.3096296296296296,10.0,0.22656666666666664,optimal
2021-02-13 06:30:00,30,2,1.1428571428571428,0.23222222222222222,0.0,0.5175,optimal
2021-02-13 07:00:00,30,2,1.1428571428571428,0.387037037037037,0.0,0.6476333333333333,optimal
2021-02-13 07:30:00,30,2,1.1428571428571428,5.495925925925925,0.0,0.25603333333333333,optimal
2021-02-13 08:00:00,30,2,0.6912164836852293,2.1674074074074072,0.0,0.295,optimal
2021-02-13 08:30:00,30,2,0.7149155744905751,0.0,0.0,0.295,optimal
2021-02-13 09:00:00,30,2,0.634000969453653,0.0,0.0,0.41293333333333326,optimal
2021-02-13 09:30:00,30,2,0.7430107091946758,0.0,0.0,0.1933,optimal
2021-02-13 10:00:00,30,2,0.7069198666012443,0.0,0.0,0.054,optimal
2021-02-13 10:30:00,30,2,0.9145498686060916,0.0,0.0,0.13433333333333333,optimal
2021-02-13 11:00:00,30,2,1.1428571428571428,0.0,0.0,0.054,optimal
2021-02-13 11:30:00,30,2,1.1428571428571428,0.0,0.0,0.054,optimal
2021-02-13 12:00:00,30,2,1.1428571428571428,0.0,0.0,0.054,optimal
2021-02-13 12:30:00,30,2,1.1428571428571428,0.0,0.0,0.054,optimal
2021-02-13 13:00:00,30,2,1.1428571428571428,0.0,0.0,0.054,optimal
2021-02-13 13:30:00,30,2,1.1428571428571428,0.0,0.0,0.054,optimal
2021-02-13 14:00:00,30,2,1.1428571428571428,0.0,0.0,0.054,optimal
2021-02-13 14:30:00,30,2,1.1428571428571428,0.0,0.0,0.054,optimal
2021-02-13 15:00:00,30,2,1.1428571428571428,0.0,0.0,0.054,optimal
2021-02-13 15:30:00,30,2,1.1428571428571428,0.0,0.0,0.054,optimal
2021-02-13 16:00:00,30,2,0.0,0.0,0.0,0.054,optimal
2021-02-13 16:30:00,30,2,0.0,0.0,0.0,0.054,optimal
2021-02-13 17:00:00,30,2,0.0,0.0,0.0,0.295,optimal
2021-02-13 17:30:00,30,2,0.0,0.6192592592592592,0.0,0.3702,optimal
2021-02-13 18:00:00,30,2,0.0,0.0,0.0,0.054,optimal
2021-02-13 18:30:00,30,2,0.0,0.0,0.0,0.054,optimal
2021-02-13 19:00:00,30,2,0.0,0.0,0.0,0.054,optimal
2021-02-13 19:30:00,30,2,0.8637995228477015,0.0,0.0,0.054,optimal
2021-02-13 20:00:00,30,2,0.8680775317132112,0.0,0.0,0.054,optimal
2021-02-13 20:30:00,30,2,0.0,0.0,0.0,0.054,optimal
2021-02-13 21:00:00,30,2,0.0,0.0,0.0,0.054,optimal
2021-02-13 21:30:00,30,2,0.0,0.0,0.0,0.054,optimal
2021-02-13 22:00:00,30,2,0.0,0.0,0.0,0.1685,optimal
2021-02-13 22:30:00,30,2,0.0,0.0,0.0,0.6187999999999999,optimal
2021-02-13 23:00:00,30,2,0.0,0.0,0.0,0.054,optimal
2021-02-13 23:30:00,30,2,0.0,0.0,0.0,0.05166666666666666,optimal
2021-02-07 00:00:00,31,2,0.0,0.0,0.0,0.045,optimal
2021-02-07 00:30:00,31,2,0.0,0.0,0.0,0.04533333333333334,optimal
2021-02-07 01:00:00,31,2,0.0,0.0,0.0,0.0519,optimal
2021-02-07 01:30:00,31,2,0.0,0.0,0.0,0.26043333333333335,optimal
2021-02-07 02:00:00,31,2,0.0,0.0,0.0,0.046,optimal
2021-02-07 02:30:00,31,2,0.0,0.0,0.0,0.0848,optimal
2021-02-07 03:00:00,31,2,0.0,0.0,0.0,0.18623333333333328,optimal
2021-02-07 03:30:00,31,2,0.0,0.0,0.0,0.0873,optimal
2021-02-07 04:00:00,31,2,1.1428571428571428,0.0,0.0,0.15423333333333333,optimal
2021-02-07 04:30:00,31,2,1.1428571428571428,0.0,0.0,0.1581,optimal
2021-02-07 05:00:00,31,2,1.1428571428571428,0.0,0.0,0.0608,optimal
2021-02-07 05:30:00,31,2,1.1428571428571428,0.0,0.0,0.2632,optimal
2021-02-07 06:00:00,31,2,1.1428571428571428,0.0,0.0,0.046,optimal
2021-02-07 06:30:00,31,2,1.1428571428571428,0.0,0.0,0.13653333333333334,optimal
2021-02-07 07:00:00,31,2,1.1428571428571428,0.3096296296296296,2.317295895793779,0.168,optimal
2021-02-07 07:30:00,31,2,0.0,0.0,0.0,0.0648,optimal
2021-02-07 08:00:00,31,2,0.24500823477997025,0.0,0.0,0.15423333333333333,optimal
2021-02-07 08:30:00,31,2,0.6906735880656942,0.1548148148148148,0.0,0.15776666666666667,optimal
2021-02-07 09:00:00,31,2,0.39297975652550704,0.3096296296296296,0.0,1.4403,optimal
2021-02-07 09:30:00,31,2,0.44573218066417974,1.9351851851851851,0.0,0.9067000000000001,optimal
2021-02-07 10:00:00,31,2,0.5103520040249725,1.1611111111111108,0.0,0.18619999999999998,optimal
2021-02-07 10:30:00,31,2,0.09417477479524089,0.1548148148148148,0.0,2.074733333333333,optimal
2021-02-07 11:00:00,31,2,0.22426905504780248,0.387037037037037,0.0,1.6622333333333332,optimal
2021-02-07 11:30:00,31,2,0.548730007428762,0.0,0.0,0.1467,optimal
2021-02-07 12:00:00,31,2,0.5010121357849698,0.0,0.0,0.27103333333333335,optimal
2021-02-07 12:30:00,31,2,0.5123359453087685,0.1548148148148148,0.0,0.26473333333333327,optimal
2021-02-07 13:00:00,31,2,1.1428571428571428,0.0,0.0,0.32816666666666666,optimal
2021-02-07 13:30:00,31,2,1.1428571428571428,0.0,0.0,0.4355333333333334,optimal
2021-02-07 14:00:00,31,2,1.1428571428571428,0.1548148148148148,0.0,0.35669999999999996,optimal
2021-02-07 14:30:00,31,2,1.1428571428571428,0.1548148148148148,0.0,0.5003666666666666,optimal
2021-02-07 15:00:00,31,2,1.1428571428571428,0.0,0.0,0.39026666666666665,optimal
2021-02-07 15:30:00,31,2,1.1428571428571428,0.0,0.0,0.33343333333333336,optimal
2021-02-07 16:00:00,31,2,0.0,0.0,0.0,0.37073333333333336,optimal
2021-02-07 16:30:00,31,2,0.0,0.387037037037037,0.0,0.2265,optimal
2021-02-07 17:00:00,31,2,0.0,0.5418518518518518,0.0,0.0975,optimal
2021-02-07 17:30:00,31,2,0.0,2.631851851851852,0.0,0.3118333333333333,optimal
2021-02-07 18:00:00,31,2,0.0,0.0,0.0,0.085,optimal
2021-02-07 18:30:00,31,2,0.0,0.23222222222222222,0.0,0.2317333333333333,optimal
2021-02-07 19:00:00,31,2,0.0,0.23222222222222222,0.0,0.4429333333333333,optimal
2021-02-07 19:30:00,31,2,0.5208803874828273,2.0899999999999994,0.0,0.26753333333333335,optimal
2021-02-07 20:00:00,31,2,0.43571371762458583,0.0,0.0,0.4403666666666667,optimal
2021-02-07 20:30:00,31,2,0.0,0.6192592592592592,0.0,0.4313666666666667,optimal
2021-02-07 21:00:00,31,2,0.0,0.2740222222222222,0.0,0.3912333333333333,optimal
2021-02-07 21:30:00,31,2,0.0,0.035607407407407414,0.0,0.47353333333333336,optimal
2021-02-07 22:00:00,31,2,0.0,1.8577777777777778,0.0,0.4114,optimal
2021-02-07 22:30:00,31,2,0.0,0.0,0.0,0.14233333333333334,optimal
2021-02-07 23:00:00,31,2,0.0,0.0,0.0,0.22913333333333333,optimal
2021-02-07 23:30:00,31,2,0.0,0.0,0.0,0.1032,optimal
2021-02-08 00:00:00,31,2,0.0,0.0,0.0,0.06,optimal
2021-02-08 00:30:00,31,2,0.0,0.1548148148148148,0.0,0.17880000000000001,optimal
2021-02-08 01:00:00,31,2,0.0,0.0,0.0,0.21380000000000002,optimal
2021-02-08 01:30:00,31,2,0.19903355992487262,0.0,0.0,0.062,optimal
2021-02-08 02:00:00,31,2,1.1428571428571428,0.0,0.0,0.062,optimal
2021-02-08 02:30:00,31,2,1.1428571428571428,0.0,0.0,0.1172,optimal
2021-02-08 03:00:00,31,2,1.1428571428571428,0.0,0.0,0.1586,optimal
2021-02-08 03:30:00,31,2,1.1428571428571428,0.0,0.0,0.062,optimal
2021-02-08 04:00:00,31,2,1.1428571428571428,0.0,0.0,0.1517,optimal
2021-02-08 04:30:00,31,2,1.1428571428571428,0.0,0.0,0.12409999999999999,optimal
2021-02-08 05:00:00,31,2,1.1428571428571428,0.0,0.0,0.062,optimal
2021-02-08 05:30:00,31,2,1.1428571428571428,0.0,0.0,0.21380000000000002,optimal
2021-02-08 06:00:00,31,2,1.1428571428571428,0.0,0.0,0.062,optimal
2021-02-08 06:30:00,31,2,1.1428571428571428,0.0,0.0,0.0689,optimal
2021-02-08 07:00:00,31,2,1.1428571428571428,0.1548148148148148,8.23553702336239,0.3878333333333333,optimal
2021-02-08 07:30:00,31,2,1.1428571428571428,0.387037037037037,0.0,0.3191333333333333,optimal
2021-02-08 08:00:00,31,2,0.5516483480201821,0.1548148148148148,0.0,0.41643333333333327,optimal
2021-02-08 08:30:00,31,2,0.559212071171395,0.774074074074074,0.0,0.28076666666666666,optimal
2021-02-08 09:00:00,31,2,0.3398128484369172,0.23222222222222222,0.0,0.6535,optimal
2021-02-08 09:30:00,31,2,0.40732916847200584,0.0,0.0,0.3559,optimal
2021-02-08 10:00:00,31,2,0.3501979387695971,0.1548148148148148,0.0,0.3410666666666667,optimal
2021-02-08 10:30:00,31,2,0.3950244758773737,0.23222222222222222,0.0,0.5241333333333333,optimal
2021-02-08 11:00:00,31,2,0.5606210764949027,0.0,0.0,0.0896,optimal
2021-02-08 11:30:00,31,2,0.9760916207104814,0.0,0.0,0.1103,optimal
2021-02-08 12:00:00,31,2,1.1428571428571428,0.0,0.0,0.1735,optimal
2021-02-08 12:30:00,31,2,1.1428571428571428,0.0,0.0,0.063,optimal
2021-02-08 13:00:00,31,2,1.1428571428571428,0.0,0.0,0.21380000000000002,optimal
2021-02-08 13:30:00,31,2,1.1428571428571428,0.0,0.0,0.062,optimal
2021-02-08 14:00:00,31,2,1.1428571428571428,0.0,0.0,0.17963333333333334,optimal
2021-02-08 14:30:00,31,2,1.1428571428571428,0.0,0.0,0.0965,optimal
2021-02-08 15:00:00,31,2,1.1428571428571428,0.3096296296296296,0.0,0.5690666666666667,optimal
2021-02-08 15:30:00,31,2,1.1428571428571428,0.387037037037037,0.0,0.32839999999999997,optimal
2021-02-08 16:00:00,31,2,0.0,0.0,0.0,0.072,optimal
2021-02-08 16:30:00,31,2,0.0,0.0,0.0,0.2238,optimal
2021-02-08 17:00:00,31,2,0.0,0.0,0.0,0.072,optimal
2021-02-08 17:30:00,31,2,0.0,0.0,0.0,0.072,optimal
2021-02-08 18:00:00,31,2,0.0,0.0,0.0,0.1134,optimal
2021-02-08 18:30:00,31,2,0.0,0.0,0.0,0.1824,optimal
2021-02-08 19:00:00,31,2,0.0,0.387037037037037,0.0,0.18080000000000002,optimal
2021-02-08 19:30:00,31,2,0.6887316855861975,0.0,0.0,0.33326666666666666,optimal
2021-02-08 20:00:00,31,2,0.6726915560273,2.4770370370370367,0.0,0.3272,optimal
2021-02-08 20:30:00,31,2,0.0,0.0,0.0,0.17603333333333332,optimal
2021-02-08 21:00:00,31,2,0.0,0.23222222222222222,0.0,0.2963,optimal
2021-02-08 21:30:00,31,2,0.0,0.23222222222222222,0.0,0.2843333333333333,optimal
2021-02-08 22:00:00,31,2,0.0,0.0774074074074074,0.0,0.2505,optimal
2021-02-08 22:30:00,31,2,0.0,0.0,0.0,0.32503333333333334,optimal
2021-02-08 23:00:00,31,2,0.0,0.23222222222222222,0.0,0.07,optimal
2021-02-08 23:30:00,31,2,0.0,0.0,0.0,0.21,optimal
2021-02-09 00:00:00,31,2,0.0,0.0,0.0,0.066,optimal
2021-02-09 00:30:00,31,2,0.0,0.0,0.0,0.17373333333333332,optimal
2021-02-09 01:00:00,31,2,0.17405014617557316,0.0,0.0,0.1698,optimal
2021-02-09 01:30:00,31,2,1.1428571428571428,0.0,0.0,0.1554,optimal
2021-02-09 02:00:00,31,2,1.1428571428571428,0.0,0.0,0.1194,optimal
2021-02-09 02:30:00,31,2,1.1428571428571428,0.0,0.0,0.21853333333333333,optimal
2021-02-09 03:00:00,31,2,1.1428571428571428,0.0,0.0,0.17066666666666666,optimal
2021-02-09 03:30:00,31,2,1.1428571428571428,0.0,0.0,0.2046,optimal
2021-02-09 04:00:00,31,2,1.1428571428571428,0.0,0.0,0.128,optimal
2021-02-09 04:30:00,31,2,1.1428571428571428,0.0,0.0,0.057,optimal
2021-02-09 05:00:00,31,2,1.1428571428571428,0.0,0.0,0.3433333333333333,optimal
2021-02-09 05:30:00,31,2,1.1428571428571428,0.0,0.0,0.10726666666666668,optimal
2021-02-09 06:00:00,31,2,1.1428571428571428,0.0,0.0,0.186,optimal
2021-02-09 06:30:00,31,2,1.1428571428571428,0.0,7.165522561846783,0.1872666666666667,optimal
2021-02-09 07:00:00,31,2,1.1428571428571428,0.0,10.0,0.23186666666666667,optimal
2021-02-09 07:30:00,31,2,1.1428571428571428,0.0,0.0,0.7707,optimal
2021-02-09 08:00:00,31,2,0.5211885230477774,0.387037037037037,0.0,0.7577666666666667,optimal
2021-02-09 08:30:00,31,2,0.6500286526066754,0.3096296296296296,0.0,0.4331333333333333,optimal
2021-02-09 09:00:00,31,2,0.5618661755872977,0.3096296296296296,0.0,0.4060666666666667,optimal
2021-02-09 09:30:00,31,2,0.6880892918479443,0.1548148148148148,0.0,0.16446666666666668,optimal
2021-02-09 10:00:00,31,2,0.6355617930034784,0.0,0.0,0.12053333333333331,optimal
2021-02-09 10:30:00,31,2,0.5853048660778266,0.0,0.0,0.259,optimal
2021-02-09 11:00:00,31,2,0.5106448775533469,0.0,0.0,0.16033333333333336,optimal
2021-02-09 11:30:00,31,2,0.4827344445491694,0.0,0.0,0.25053333333333333,optimal
2021-02-09 12:00:00,31,2,0.4061214705080694,0.0,0.0,0.18780000000000002,optimal
2021-02-09 12:30:00,31,2,0.4810985780918301,0.46444444444444444,0.0,0.3231666666666667,optimal
2021-02-09 13:00:00,31,2,1.1428571428571428,0.6966666666666667,0.0,0.3773,optimal
2021-02-09 13:30:00,31,2,1.1428571428571428,0.0,0.0,0.2922666666666667,optimal
2021-02-09 14:00:00,31,2,1.1428571428571428,0.0,0.0,0.33466666666666667,optimal
2021-02-09 14:30:00,31,2,1.1428571428571428,0.0,0.0,0.1522,optimal
2021-02-09 15:00:00,31,2,1.1428571428571428,0.0,0.0,0.1938,optimal
2021-02-09 15:30:00,31,2,1.1428571428571428,0.0,0.0,0.27526666666666666,optimal
2021-02-09 16:00:00,31,2,0.0,0.46444444444444444,0.0,0.06993333333333333,optimal
2021-02-09 16:30:00,31,2,0.0,0.1548148148148148,0.0,0.1021,optimal
2021-02-09 17:00:00,31,2,0.0,0.0,0.0,0.35810000000000003,optimal
2021-02-09 17:30:00,31,2,0.0,0.1548148148148148,0.0,0.20826666666666668,optimal
2021-02-09 18:00:00,31,2,0.0,0.387037037037037,0.0,0.30196666666666666,optimal
2021-02-09 18:30:00,31,2,0.0,0.0,0.0,0.4264333333333333,optimal
2021-02-09 19:00:00,31,2,0.0,0.0,0.0,0.08633333333333333,optimal
2021-02-09 19:30:00,31,2,0.4896062736045655,0.0,0.0,0.5130666666666667,optimal
2021-02-09 20:00:00,31,2,0.5777967497950359,0.0,0.0,0.14806666666666665,optimal
2021-02-09 20:30:00,31,2,0.0,0.1548148148148148,0.0,0.3699333333333333,optimal
2021-02-09 21:00:00,31,2,0.0,0.0,0.0,0.5748333333333334,optimal
2021-02-09 21:30:00,31,2,0.0,0.0,0.0,0.3237333333333333,optimal
2021-02-09 22:00:00,31,2,0.0,0.0,0.0,0.319,optimal
2021-02-09 22:30:00,31,2,0.0,0.0774074074074074,0.0,0.3678666666666667,optimal
2021-02-09 23:00:00,31,2,0.0,0.23222222222222222,0.0,0.11413333333333334,optimal
2021-02-09 23:30:00,31,2,0.0,0.0,0.0,0.35183333333333333,optimal
2021-02-10 00:00:00,31,2,0.0,0.0,0.0,0.056,optimal
2021-02-10 00:30:00,31,2,0.0,0.0,0.0,0.20213333333333333,optimal
2021-02-10 01:00:00,31,2,0.39407476173694156,0.0,0.0,0.10453333333333331,optimal
2021-02-10 01:30:00,31,2,1.1428571428571428,0.0,0.0,0.10693333333333334,optimal
2021-02-10 02:00:00,31,2,1.1428571428571428,0.0,0.0,0.1876,optimal
2021-02-10 02:30:00,31,2,1.1428571428571428,0.0,0.0,0.06813333333333334,optimal
2021-02-10 03:00:00,31,2,1.1428571428571428,0.0,0.0,0.23853333333333332,optimal
2021-02-10 03:30:00,31,2,1.1428571428571428,0.0,0.0,0.06813333333333334,optimal
2021-02-10 04:00:00,31,2,1.1428571428571428,0.0,0.0,0.1842666666666667,optimal
2021-02-10 04:30:00,31,2,1.1428571428571428,0.0,0.0,0.12240000000000001,optimal
2021-02-10 05:00:00,31,2,1.1428571428571428,0.0,0.0,0.08783333333333333,optimal
2021-02-10 05:30:00,31,2,1.1428571428571428,0.0,0.0,0.16423333333333331,optimal
2021-02-10 06:00:00,31,2,1.1428571428571428,0.1548148148148148,1.9245475200271382,0.33343333333333336,optimal
2021-02-10 06:30:00,31,2,1.1428571428571428,0.46444444444444444,10.0,0.21096666666666666,optimal
2021-02-10 07:00:00,31,2,1.1428571428571428,0.0,0.0,0.21580000000000002,optimal
2021-02-10 07:30:00,31,2,1.1428571428571428,0.0,0.0,0.059033333333333333,optimal
2021-02-10 08:00:00,31,2,0.8227521567349185,0.0,0.0,0.19366666666666663,optimal
2021-02-10 08:30:00,31,2,0.8372437580515406,0.0,0.0,0.113,optimal
2021-02-10 09:00:00,31,2,0.7658423421407593,0.0,0.0,0.10756666666666666,optimal
2021-02-10 09:30:00,31,2,0.7711529910764238,0.0,0.0,0.059033333333333333,optimal
2021-02-10 10:00:00,31,2,0.6190757779374599,0.0,0.0,0.19606666666666664,optimal
2021-02-10 10:30:00,31,2,0.652677812258256,0.0,0.0,0.056,optimal
2021-02-10 11:00:00,31,2,0.5358908740705177,0.0,0.0,0.18969999999999998,optimal
2021-02-10 11:30:00,31,2,0.5523938175859675,0.0,0.0,0.11696666666666668,optimal
2021-02-10 12:00:00,31,2,0.47226910725155496,0.0,0.0,0.056,optimal
2021-02-10 12:30:00,31,2,0.47226910725155496,0.0,0.0,0.056,optimal
2021-02-10 13:00:00,31,2,1.1428571428571428,0.0,0.0,0.2379333333333333,optimal
2021-02-10 13:30:00,31,2,1.1428571428571428,0.0,0.0,0.06873333333333334,optimal
2021-02-10 14:00:00,31,2,1.1428571428571428,0.3096296296296296,0.0,0.1401,optimal
2021-02-10 14:30:00,31,2,1.1428571428571428,0.0,0.0,0.2429,optimal
2021-02-10 15:00:00,31,2,1.1428571428571428,0.0,0.0,0.25066666666666665,optimal
2021-02-10 15:30:00,31,2,1.1428571428571428,0.6966666666666667,0.0,0.2409,optimal
2021-02-10 16:00:00,31,2,0.0,0.23222222222222222,0.0,0.49276666666666663,optimal
2021-02-10 16:30:00,31,2,0.0,0.387037037037037,0.0,0.15496666666666667,optimal
2021-02-10 17:00:00,31,2,0.0,0.46444444444444444,0.0,0.5956333333333333,optimal
2021-02-10 17:30:00,31,2,0.0,0.42883703703703696,0.0,0.17733333333333334,optimal
2021-02-10 18:00:00,31,2,0.0,0.5000518518518519,0.0,0.887,optimal
2021-02-10 18:30:00,31,2,0.0,0.0774074074074074,0.0,1.2292333333333332,optimal
2021-02-10 19:00:00,31,2,0.0,0.23222222222222222,0.0,0.4818,optimal
2021-02-10 19:30:00,31,2,0.0,0.1548148148148148,0.0,0.44353333333333333,optimal
2021-02-10 20:00:00,31,2,0.35615227936288646,0.23222222222222222,0.0,0.6428666666666667,optimal
2021-02-10 20:30:00,31,2,0.0,0.0,0.0,0.26923333333333327,optimal
2021-02-10 21:00:00,31,2,0.0,0.0774074074074074,0.0,0.2752,optimal
2021-02-10 21:30:00,31,2,0.0,0.0,0.0,0.16846666666666668,optimal
2021-02-10 22:00:00,31,2,0.0,0.0,0.0,0.1576,optimal
2021-02-10 22:30:00,31,2,0.0,0.0,0.0,0.2509333333333333,optimal
2021-02-10 23:00:00,31,2,0.0,0.0,0.0,0.12240000000000001,optimal
2021-02-10 23:30:00,31,2,0.0,0.0,0.0,0.1085,optimal
2021-02-11 00:00:00,31,2,1.1428571428571428,0.23222222222222222,0.0,0.0755,optimal
2021-02-11 00:30:00,31,2,1.1428571428571428,0.0,0.0,0.07166666666666667,optimal
2021-02-11 01:00:00,31,2,1.1428571428571428,0.0,0.0,0.1446,optimal
2021-02-11 01:30:00,31,2,1.1428571428571428,0.0,0.0,0.06833333333333333,optimal
2021-02-11 02:00:00,31,2,1.1428571428571428,0.0,0.0,0.1346,optimal
2021-02-11 02:30:00,31,2,1.1428571428571428,0.0,0.0,0.065,optimal
2021-02-11 03:00:00,31,2,1.1428571428571428,0.0,0.0,0.0998,optimal
2021-02-11 03:30:00,31,2,1.1428571428571428,0.0,0.0,0.0998,optimal
2021-02-11 04:00:00,31,2,1.1428571428571428,0.0,0.0,0.065,optimal
2021-02-11 04:30:00,31,2,1.1428571428571428,0.0,0.0,0.065,optimal
2021-02-11 05:00:00,31,2,1.1428571428571428,0.0,0.0,0.1346,optimal
2021-02-11 05:30:00,31,2,1.1428571428571428,0.0,0.0,0.065,optimal
2021-02-11 06:00:00,31,2,1.1428571428571428,0.0,4.51907557430704,0.0998,optimal
2021-02-11 06:30:00,31,2,1.1428571428571428,0.0,10.0,0.13213333333333332,optimal
2021-02-11 07:00:00,31,2,1.1428571428571428,0.0,10.0,0.1955,optimal
2021-02-11 07:30:00,31,2,1.1428571428571428,3.793934181867661,0.0,0.21673333333333328,optimal
2021-02-11 08:00:00,31,2,0.6799258370319721,0.3096296296296296,0.0,0.27786666666666665,optimal
2021-02-11 08:30:00,31,2,0.7105428503302194,8.282592592592591,0.0,0.2607333333333333,optimal
2021-02-11 09:00:00,31,2,0.5292074209035473,0.23222222222222222,0.0,1.247,optimal
2021-02-11 09:30:00,31,2,0.28708694128945594,0.387037037037037,0.0,2.6544,optimal
2021-02-11 10:00:00,31,2,0.28967083786971815,0.0,0.0,1.7326,optimal
2021-02-11 10:30:00,31,2,0.5211598434436664,0.0,0.0,0.22180000000000002,optimal
2021-02-11 11:00:00,31,2,0.3736236088907966,0.3096296296296296,0.0,1.7388333333333332,optimal
2021-02-11 11:30:00,31,2,0.3417537804947872,0.0,0.0,0.6236,optimal
2021-02-11 12:00:00,31,2,0.29788008080241907,0.0,0.0,0.4453333333333333,optimal
2021-02-11 12:30:00,31,2,0.6902167639955061,0.0,0.0,0.27586666666666665,optimal
2021-02-11 13:00:00,31,2,1.1428571428571428,0.0774074074074074,0.0,0.5842333333333334,optimal
2021-02-11 13:30:00,31,2,1.1428571428571428,0.0,0.0,0.07886666666666665,optimal
2021-02-11 14:00:00,31,2,1.1428571428571428,0.0,0.0,0.1446,optimal
2021-02-11 14:30:00,31,2,1.1428571428571428,0.0,0.0,0.075,optimal
2021-02-11 15:00:00,31,2,1.1428571428571428,0.0,0.0,0.075,optimal
2021-02-11 15:30:00,31,2,1.1428571428571428,0.0,0.0,0.4163,optimal
2021-02-11 16:00:00,31,2,0.0,0.0,0.0,0.2661,optimal
2021-02-11 16:30:00,31,2,0.0,0.1548148148148148,0.0,0.334,optimal
2021-02-11 17:00:00,31,2,0.0,0.0,0.0,0.3048333333333333,optimal
2021-02-11 17:30:00,31,2,0.0,0.0,0.0,0.10686666666666667,optimal
2021-02-11 18:00:00,31,2,0.0,0.23222222222222222,0.0,1.4023666666666665,optimal
2021-02-11 18:30:00,31,2,0.0,0.0,0.0,0.45776666666666666,optimal
2021-02-11 19:00:00,31,2,0.0,0.0774074074074074,0.0,0.38480000000000003,optimal
2021-02-11 19:30:00,31,2,0.9255471533073516,0.0,0.0,0.1668,optimal
2021-02-11 20:00:00,31,2,0.9187045575646823,0.0774074074074074,0.0,0.1794,optimal
2021-02-11 20:30:00,31,2,0.0,0.0,0.0,0.42583333333333334,optimal
2021-02-11 21:00:00,31,2,0.0,0.0,0.0,0.388,optimal
2021-02-11 21:30:00,31,2,0.0,0.0,0.0,0.17986666666666667,optimal
2021-02-11 22:00:00,31,2,0.0,0.3096296296296296,0.0,0.3395666666666667,optimal
2021-02-11 22:30:00,31,2,0.0,0.0,0.0,0.251,optimal
2021-02-11 23:00:00,31,2,0.0,0.0,0.0,0.2703333333333333,optimal
2021-02-11 23:30:00,31,2,0.0,1.9351851851851851,0.0,0.3223666666666667,optimal
2021-02-12 00:00:00,31,2,1.1428571428571428,0.0,0.0,0.061,optimal
2021-02-12 00:30:00,31,2,1.1428571428571428,0.0,0.0,0.061,optimal
2021-02-12 01:00:00,31,2,1.1428571428571428,0.0,0.0,0.061,optimal
2021-02-12 01:30:00,31,2,1.1428571428571428,0.0,0.0,0.087,optimal
2021-02-12 02:00:00,31,2,1.1428571428571428,0.0,0.0,0.12166666666666669,optimal
2021-02-12 02:30:00,31,2,1.1428571428571428,0.0,0.0,0.06966666666666667,optimal
2021-02-12 03:00:00,31,2,1.1428571428571428,0.0,0.0,0.139,optimal
2021-02-12 03:30:00,31,2,1.1428571428571428,0.0,0.0,0.061,optimal
2021-02-12 04:00:00,31,2,1.1428571428571428,0.0,0.0,0.12166666666666669,optimal
2021-02-12 04:30:00,31,2,1.1428571428571428,0.0,0.0,0.087,optimal
2021-02-12 05:00:00,31,2,1.1428571428571428,0.0,0.0,0.061,optimal
2021-02-12 05:30:00,31,2,1.1428571428571428,0.0,0.0,0.121,optimal
2021-02-12 06:00:00,31,2,1.1428571428571428,0.0,0.0,0.10133333333333332,optimal
2021-02-12 06:30:00,31,2,1.1428571428571428,0.2740222222222222,6.222745380623221,0.39626666666666666,optimal
2021-02-12 07:00:00,31,2,1.1428571428571428,0.7322740740740741,10.0,0.2348,optimal
2021-02-12 07:30:00,31,2,1.1428571428571428,9.301988611569792,0.0,0.07073333333333333,optimal
2021-02-12 08:00:00,31,2,0.9972143243703487,0.0,0.0,0.071,optimal
2021-02-12 08:30:00,31,2,1.0057703421013444,0.0,0.0,0.071,optimal
2021-02-12 09:00:00,31,2,0.9107326909603786,0.0,0.0,0.15766666666666665,optimal
2021-02-12 09:30:00,31,2,0.8413784006812848,0.0,0.0,0.071,optimal
2021-02-12 10:00:00,31,2,0.6092490341287063,0.0,0.0,0.15766666666666665,optimal
2021-02-12 10:30:00,31,2,0.6018512843810014,0.0,0.0,0.07466666666666667,optimal
2021-02-12 11:00:00,31,2,0.4880243153289347,0.0,0.0,0.07896666666666667,optimal
2021-02-12 11:30:00,31,2,0.49349483470570943,0.0,0.0,0.10133333333333332,optimal
2021-02-12 12:00:00,31,2,0.44839744966802814,0.0,0.0,0.12733333333333333,optimal
2021-02-12 12:30:00,31,2,0.4623536833305066,0.0,0.0,0.071,optimal
2021-02-12 13:00:00,31,2,1.1428571428571428,0.0,0.0,0.16866666666666666,optimal
2021-02-12 13:30:00,31,2,1.1428571428571428,0.0774074074074074,0.0,0.12490000000000001,optimal
2021-02-12 14:00:00,31,2,1.1428571428571428,0.0,0.0,0.3465666666666667,optimal
2021-02-12 14:30:00,31,2,1.1428571428571428,0.0,0.0,0.20033333333333328,optimal
2021-02-12 15:00:00,31,2,1.1428571428571428,0.0,0.0,1.0797333333333332,optimal
2021-02-12 15:30:00,31,2,1.1428571428571428,0.46444444444444444,0.0,0.7458666666666667,optimal
2021-02-12 16:00:00,31,2,0.0,0.3096296296296296,0.0,0.13833333333333334,optimal
2021-02-12 16:30:00,31,2,0.0,0.23222222222222222,0.0,0.4129,optimal
2021-02-12 17:00:00,31,2,0.0,0.1548148148148148,0.0,1.193733333333333,optimal
2021-02-12 17:30:00,31,2,0.0,0.23222222222222222,0.0,0.16390000000000002,optimal
2021-02-12 18:00:00,31,2,0.0,0.1548148148148148,0.0,0.3296,optimal
2021-02-12 18:30:00,31,2,0.0,0.0774074074074074,0.0,0.26543333333333335,optimal
2021-02-12 19:00:00,31,2,0.0,0.23222222222222222,0.0,1.3424,optimal
2021-02-12 19:30:00,31,2,0.0,0.23222222222222222,0.0,0.3332,optimal
2021-02-12 20:00:00,31,2,0.4869251050838997,0.0,0.0,0.344,optimal
2021-02-12 20:30:00,31,2,0.0,0.0,0.0,0.3710333333333334,optimal
2021-02-12 21:00:00,31,2,0.0,0.0,0.0,0.23383333333333328,optimal
2021-02-12 21:30:00,31,2,0.0,5.495925925925925,0.0,0.38346666666666657,optimal
2021-02-12 22:00:00,31,2,0.0,0.0,0.0,0.6260666666666668,optimal
2021-02-12 22:30:00,31,2,0.0,0.46444444444444444,0.0,0.3765,optimal
2021-02-12 23:00:00,31,2,0.0,0.0,0.0,0.4,optimal
2021-02-12 23:30:00,31,2,0.0,0.0,0.0,0.24403333333333332,optimal
2021-02-13 00:00:00,31,2,0.0,0.0,0.0,0.06,optimal
2021-02-13 00:30:00,31,2,0.0,0.0,0.0,0.06,optimal
2021-02-13 01:00:00,31,2,0.6929617121388868,0.0,0.0,0.2014,optimal
2021-02-13 01:30:00,31,2,1.1428571428571428,0.0,0.0,0.06673333333333334,optimal
2021-02-13 02:00:00,31,2,1.1428571428571428,0.0,0.0,0.06,optimal
2021-02-13 02:30:00,31,2,1.1428571428571428,0.0,0.0,0.20813333333333334,optimal
2021-02-13 03:00:00,31,2,1.1428571428571428,0.0,0.0,0.06,optimal
2021-02-13 03:30:00,31,2,1.1428571428571428,0.0,0.0,0.06,optimal
2021-02-13 04:00:00,31,2,1.1428571428571428,0.0,0.0,0.06,optimal
2021-02-13 04:30:00,31,2,1.1428571428571428,0.0,0.0,0.17606666666666665,optimal
2021-02-13 05:00:00,31,2,1.1428571428571428,0.0,0.0,0.10206666666666667,optimal
2021-02-13 05:30:00,31,2,1.1428571428571428,0.0,0.0,0.06,optimal
2021-02-13 06:00:00,31,2,1.1428571428571428,0.0,0.0,0.14753333333333332,optimal
2021-02-13 06:30:00,31,2,1.1428571428571428,0.0,2.940189160097939,0.12226666666666668,optimal
2021-02-13 07:00:00,31,2,1.1428571428571428,0.0,10.0,0.11613333333333334,optimal
2021-02-13 07:30:00,31,2,1.1428571428571428,5.172362962962962,0.0,0.2499,optimal
2021-02-13 08:00:00,31,2,0.7300307693995192,1.7168962962962968,0.0,0.5385,optimal
2021-02-13 08:30:00,31,2,0.6221927173477235,0.3096296296296296,0.0,1.2594666666666667,optimal
2021-02-13 09:00:00,31,2,0.720090493263178,0.0774074074074074,0.0,0.0906,optimal
2021-02-13 09:30:00,31,2,0.5760526139565743,0.0774074074074074,0.0,1.7410999999999999,optimal
2021-02-13 10:00:00,31,2,0.5153389142202984,2.631851851851852,0.0,0.4024,optimal
2021-02-13 10:30:00,31,2,0.5249256240732559,0.1548148148148148,0.0,0.3664,optimal
2021-02-13 11:00:00,31,2,0.37590398986074935,0.3096296296296296,0.0,0.5447333333333334,optimal
2021-02-13 11:30:00,31,2,0.4531954616184753,0.0774074074074074,0.0,0.43289999999999995,optimal
2021-02-13 12:00:00,31,2,0.4656645412692185,0.23222222222222222,0.0,0.3826333333333333,optimal
2021-02-13 12:30:00,31,2,1.1428571428571428,0.0774074074074074,0.0,0.38273333333333337,optimal
2021-02-13 13:00:00,31,2,1.1428571428571428,0.0,0.0,0.19163333333333332,optimal
2021-02-13 13:30:00,31,2,1.1428571428571428,0.0,0.0,0.3778333333333333,optimal
2021-02-13 14:00:00,31,2,1.1428571428571428,0.23222222222222222,0.0,0.5145333333333333,optimal
2021-02-13 14:30:00,31,2,1.1428571428571428,0.0,0.0,0.1306,optimal
2021-02-13 15:00:00,31,2,1.1428571428571428,0.0,0.0,0.15753333333333333,optimal
2021-02-13 15:30:00,31,2,1.1428571428571428,0.0,0.0,0.07966666666666668,optimal
2021-02-13 16:00:00,31,2,0.0,0.0,0.0,0.24713333333333332,optimal
2021-02-13 16:30:00,31,2,0.0,0.0,0.0,0.085,optimal
2021-02-13 17:00:00,31,2,0.0,0.46444444444444444,0.0,0.37746666666666656,optimal
2021-02-13 17:30:00,31,2,0.0,0.0,0.0,1.8091333333333328,optimal
2021-02-13 18:00:00,31,2,0.0,0.6192592592592592,0.0,0.19986666666666666,optimal
2021-02-13 18:30:00,31,2,0.0,0.0774074074074074,0.0,0.41533333333333333,optimal
2021-02-13 19:00:00,31,2,0.0,0.1548148148148148,0.0,1.8409333333333326,optimal
2021-02-13 19:30:00,31,2,0.6916757133238973,0.0,0.0,0.35183333333333333,optimal
2021-02-13 20:00:00,31,2,0.6458222936179696,0.3096296296296296,0.0,0.49319999999999997,optimal
2021-02-13 20:30:00,31,2,0.0,0.0,0.0,0.5687333333333333,optimal
2021-02-13 21:00:00,31,2,0.0,0.3096296296296296,0.0,0.355,optimal
2021-02-13 21:30:00,31,2,0.0,0.0,0.0,0.3429333333333333,optimal
2021-02-13 22:00:00,31,2,0.0,2.0899999999999994,0.0,0.2847333333333333,optimal
2021-02-13 22:30:00,31,2,0.0,0.5418518518518518,0.0,0.26213333333333333,optimal
2021-02-13 23:00:00,31,2,0.0,0.0,0.0,0.2112333333333333,optimal
2021-02-13 23:30:00,31,2,0.0,0.0,0.0,1.2812000000000001,optimal
2021-02-07 00:00:00,32,2,0.0,0.0,0.0,0.09766666666666668,optimal
2021-02-07 00:30:00,32,2,0.0,0.0,0.0,0.071,optimal
2021-02-07 01:00:00,32,2,0.0,0.0,0.0,0.16403333333333334,optimal
2021-02-07 01:30:00,32,2,0.0,0.0,0.0,0.16083333333333336,optimal
2021-02-07 02:00:00,32,2,0.0,0.0,0.0,0.07483333333333334,optimal
2021-02-07 02:30:00,32,2,0.0,0.0,0.0,0.09016666666666669,optimal
2021-02-07 03:00:00,32,2,0.0,0.0,0.0,0.08433333333333333,optimal
2021-02-07 03:30:00,32,2,0.0,0.0,0.0,0.17153333333333334,optimal
2021-02-07 04:00:00,32,2,1.1428571428571428,0.0,0.0,0.117,optimal
2021-02-07 04:30:00,32,2,1.1428571428571428,0.0,0.0,0.17880000000000001,optimal
2021-02-07 05:00:00,32,2,1.1428571428571428,0.0,0.0,0.10773333333333332,optimal
2021-02-07 05:30:00,32,2,1.1428571428571428,0.0,0.0,0.17353333333333334,optimal
2021-02-07 06:00:00,32,2,1.1428571428571428,0.0,0.0,0.12066666666666669,optimal
2021-02-07 06:30:00,32,2,1.1428571428571428,0.0,0.0,0.07706666666666666,optimal
2021-02-07 07:00:00,32,2,1.1428571428571428,0.0,1.7076336144509696,0.2018,optimal
2021-02-07 07:30:00,32,2,0.0,0.1548148148148148,0.0,0.12306666666666666,optimal
2021-02-07 08:00:00,32,2,0.29549499852271405,0.5418518518518518,0.0,0.1871,optimal
2021-02-07 08:30:00,32,2,0.6579593023514145,0.1548148148148148,0.0,0.21706666666666663,optimal
2021-02-07 09:00:00,32,2,0.6562216612874079,0.0,0.0,0.1155,optimal
2021-02-07 09:30:00,32,2,0.6280540854260932,0.3096296296296296,0.0,0.2988,optimal
2021-02-07 10:00:00,32,2,0.6283900992630701,0.1548148148148148,0.0,0.055,optimal
2021-02-07 10:30:00,32,2,0.6265728700333273,0.0,0.0,0.10426666666666667,optimal
2021-02-07 11:00:00,32,2,0.5216442931430485,0.3096296296296296,0.0,0.3063,optimal
2021-02-07 11:30:00,32,2,0.5292804836192302,0.23222222222222222,0.0,1.185733333333333,optimal
2021-02-07 12:00:00,32,2,0.442802611975435,0.0774074074074074,0.0,0.7822333333333333,optimal
2021-02-07 12:30:00,32,2,0.5578734696828869,0.1548148148148148,0.0,0.2432333333333333,optimal
2021-02-07 13:00:00,32,2,1.1428571428571428,0.0774074074074074,0.0,0.1832666666666667,optimal
2021-02-07 13:30:00,32,2,1.1428571428571428,0.0,0.0,0.4372,optimal
2021-02-07 14:00:00,32,2,1.1428571428571428,0.0,0.0,1.3590333333333333,optimal
2021-02-07 14:30:00,32,2,1.1428571428571428,0.0,0.0,0.8009666666666667,optimal
2021-02-07 15:00:00,32,2,1.1428571428571428,0.387037037037037,0.0,0.20786666666666667,optimal
2021-02-07 15:30:00,32,2,1.1428571428571428,0.23222222222222222,0.0,1.0352666666666668,optimal
2021-02-07 16:00:00,32,2,0.0,0.3096296296296296,0.0,0.14,optimal
2021-02-07 16:30:00,32,2,0.0,0.1548148148148148,0.0,0.3726333333333333,optimal
2021-02-07 17:00:00,32,2,0.0,0.387037037037037,0.0,0.1173,optimal
2021-02-07 17:30:00,32,2,0.0,0.0,0.0,0.247,optimal
2021-02-07 18:00:00,32,2,0.0,0.0,0.0,0.2663333333333333,optimal
2021-02-07 18:30:00,32,2,0.0,1.006296296296296,0.0,0.32526666666666665,optimal
2021-02-07 19:00:00,32,2,0.0,0.0,0.0,0.235,optimal
2021-02-07 19:30:00,32,2,0.5899518128626884,0.0774074074074074,0.0,0.45463333333333333,optimal
2021-02-07 20:00:00,32,2,0.6566184795293455,0.0,0.0,0.29196666666666665,optimal
2021-02-07 20:30:00,32,2,0.0,0.0774074074074074,0.0,0.4418,optimal
2021-02-07 21:00:00,32,2,0.0,0.0,0.0,0.25006666666666666,optimal
2021-02-07 21:30:00,32,2,0.0,0.0,0.0,0.485,optimal
2021-02-07 22:00:00,32,2,0.0,0.0,0.0,0.1808333333333333,optimal
2021-02-07 22:30:00,32,2,0.0,0.0,0.0,0.5473666666666667,optimal
2021-02-07 23:00:00,32,2,0.0,0.0,0.0,0.9382666666666668,optimal
2021-02-07 23:30:00,32,2,0.0,0.0774074074074074,0.0,0.5089666666666666,optimal
2021-02-08 00:00:00,32,2,0.0,1.470740740740741,0.0,0.2531333333333333,optimal
2021-02-08 00:30:00,32,2,0.0,0.0,0.0,0.19306666666666664,optimal
2021-02-08 01:00:00,32,2,0.0,0.0,0.0,0.1215,optimal
2021-02-08 01:30:00,32,2,0.0,0.0,0.0,0.18109999999999998,optimal
2021-02-08 02:00:00,32,2,1.0328719813020577,0.0,0.0,0.15696666666666667,optimal
2021-02-08 02:30:00,32,2,1.1428571428571428,0.0,0.0,0.12043333333333334,optimal
2021-02-08 03:00:00,32,2,1.1428571428571428,0.0,0.0,0.21513333333333332,optimal
2021-02-08 03:30:00,32,2,1.1428571428571428,0.0,0.0,0.064,optimal
2021-02-08 04:00:00,32,2,1.1428571428571428,0.0,0.0,0.08746666666666666,optimal
2021-02-08 04:30:00,32,2,1.1428571428571428,0.0,0.0,0.1696,optimal
2021-02-08 05:00:00,32,2,1.1428571428571428,0.0,0.0,0.1215,optimal
2021-02-08 05:30:00,32,2,1.1428571428571428,0.0,0.0,0.1517666666666667,optimal
2021-02-08 06:00:00,32,2,1.1428571428571428,0.0,6.574556633156545,0.15896666666666667,optimal
2021-02-08 06:30:00,32,2,1.1428571428571428,0.0,10.0,0.1143,optimal
2021-02-08 07:00:00,32,2,1.1428571428571428,1.0837037037037036,10.0,0.6491333333333333,optimal
2021-02-08 07:30:00,32,2,1.1428571428571428,0.0,0.0,2.192133333333333,optimal
2021-02-08 08:00:00,32,2,0.45255310992493997,6.57962962962963,0.0,0.3914333333333333,optimal
2021-02-08 08:30:00,32,2,0.5261358806952036,0.46444444444444444,0.0,0.27536666666666665,optimal
2021-02-08 09:00:00,32,2,0.4730223722464384,4.257407407407407,0.0,0.30760000000000004,optimal
2021-02-08 09:30:00,32,2,0.4819005970434263,0.3096296296296296,0.0,0.5157333333333334,optimal
2021-02-08 10:00:00,32,2,0.4789693673410259,0.23222222222222222,0.0,0.4752,optimal
2021-02-08 10:30:00,32,2,0.34491209492499053,0.0,0.0,2.517733333333333,optimal
2021-02-08 11:00:00,32,2,0.41239250506632047,0.0,0.0,2.796,optimal
2021-02-08 11:30:00,32,2,0.47325544858178215,0.0,0.0,0.9711000000000001,optimal
2021-02-08 12:00:00,32,2,0.5195137882454312,0.0,0.0,0.10083333333333332,optimal
2021-02-08 12:30:00,32,2,0.515338722895389,0.0,0.0,0.0855,optimal
2021-02-08 13:00:00,32,2,1.1428571428571428,0.0,0.0,0.4446,optimal
2021-02-08 13:30:00,32,2,1.1428571428571428,0.0,0.0,0.5304666666666666,optimal
2021-02-08 14:00:00,32,2,1.1428571428571428,0.0,0.0,0.35286666666666666,optimal
2021-02-08 14:30:00,32,2,1.1428571428571428,0.0,0.0,0.12093333333333334,optimal
2021-02-08 15:00:00,32,2,1.1428571428571428,0.0,0.0,0.22513333333333332,optimal
2021-02-08 15:30:00,32,2,1.1428571428571428,0.0,0.0,0.074,optimal
2021-02-08 16:00:00,32,2,0.0,0.0,0.0,0.3470666666666667,optimal
2021-02-08 16:30:00,32,2,0.0,0.1548148148148148,0.0,0.5339333333333333,optimal
2021-02-08 17:00:00,32,2,0.0,0.6192592592592592,0.0,0.38766666666666666,optimal
2021-02-08 17:30:00,32,2,0.0,0.23222222222222222,0.0,0.25730000000000003,optimal
2021-02-08 18:00:00,32,2,0.0,0.0774074074074074,0.0,0.3636666666666667,optimal
2021-02-08 18:30:00,32,2,0.0,0.1548148148148148,0.0,0.2902,optimal
2021-02-08 19:00:00,32,2,0.0,0.0,0.0,0.5318666666666667,optimal
2021-02-08 19:30:00,32,2,0.061156366652575046,0.0,0.0,0.4206666666666667,optimal
2021-02-08 20:00:00,32,2,0.244710603646344,0.0,0.0,0.9672000000000001,optimal
2021-02-08 20:30:00,32,2,0.0,0.3096296296296296,0.0,0.7874,optimal
2021-02-08 21:00:00,32,2,0.0,0.387037037037037,0.0,0.5204666666666667,optimal
2021-02-08 21:30:00,32,2,0.0,0.0,0.0,0.6057333333333333,optimal
2021-02-08 22:00:00,32,2,0.0,0.0,0.0,0.12383333333333331,optimal
2021-02-08 22:30:00,32,2,0.0,0.0,0.0,0.11663333333333334,optimal
2021-02-08 23:00:00,32,2,0.0,0.0,0.0,0.17959999999999998,optimal
2021-02-08 23:30:00,32,2,0.0,0.0,0.0,0.2277333333333333,optimal
2021-02-09 00:00:00,32,2,0.0,0.0,0.0,0.061,optimal
2021-02-09 00:30:00,32,2,0.0,0.0,0.0,0.12940000000000002,optimal
2021-02-09 01:00:00,32,2,0.026498749928305053,0.0,0.0,0.171,optimal
2021-02-09 01:30:00,32,2,1.1428571428571428,0.0,0.0,0.14466666666666667,optimal
2021-02-09 02:00:00,32,2,1.1428571428571428,0.0,0.0,0.13873333333333332,optimal
2021-02-09 02:30:00,32,2,1.1428571428571428,0.0,0.0,0.171,optimal
2021-02-09 03:00:00,32,2,1.1428571428571428,0.0,0.0,0.12940000000000002,optimal
2021-02-09 03:30:00,32,2,1.1428571428571428,0.0,0.0,0.14633333333333334,optimal
2021-02-09 04:00:00,32,2,1.1428571428571428,0.0,0.0,0.2094,optimal
2021-02-09 04:30:00,32,2,1.1428571428571428,0.0,0.0,0.1038,optimal
2021-02-09 05:00:00,32,2,1.1428571428571428,0.0,0.0,0.2019333333333333,optimal
2021-02-09 05:30:00,32,2,1.1428571428571428,0.0,0.0,0.171,optimal
2021-02-09 06:00:00,32,2,1.1428571428571428,0.0,7.080164983086138,0.2147333333333333,optimal
2021-02-09 06:30:00,32,2,1.1428571428571428,0.0,10.0,0.106,optimal
2021-02-09 07:00:00,32,2,1.1428571428571428,0.0,10.0,0.2038,optimal
2021-02-09 07:30:00,32,2,1.1428571428571428,0.0774074074074074,0.0,0.20466666666666664,optimal
2021-02-09 08:00:00,32,2,0.6570647135239649,0.0774074074074074,0.0,0.3231,optimal
2021-02-09 08:30:00,32,2,0.8178572240352465,0.0,0.0,0.13353333333333334,optimal
2021-02-09 09:00:00,32,2,0.7371137946349154,0.0,0.0,0.1916,optimal
2021-02-09 09:30:00,32,2,0.7369654823241354,0.0,0.0,0.1472,optimal
2021-02-09 10:00:00,32,2,0.6208189358606205,0.0,0.0,0.16293333333333335,optimal
2021-02-09 10:30:00,32,2,0.6039905803635449,0.0,0.0,0.1844,optimal
2021-02-09 11:00:00,32,2,0.5351782108866839,0.0,0.0,0.06526666666666667,optimal
2021-02-09 11:30:00,32,2,0.46012492073964495,0.0,0.0,0.3204666666666666,optimal
2021-02-09 12:00:00,32,2,0.46650242288901483,0.0,0.0,0.06526666666666667,optimal
2021-02-09 12:30:00,32,2,0.4434414273217721,0.0,0.0,0.15346666666666667,optimal
2021-02-09 13:00:00,32,2,1.1428571428571428,0.0,0.0,0.183,optimal
2021-02-09 13:30:00,32,2,1.1428571428571428,0.0,0.0,0.1913333333333333,optimal
2021-02-09 14:00:00,32,2,1.1428571428571428,0.0,0.0,0.14733333333333334,optimal
2021-02-09 14:30:00,32,2,1.1428571428571428,0.0,0.0,0.6312333333333333,optimal
2021-02-09 15:00:00,32,2,1.1428571428571428,0.23222222222222222,0.0,0.42419999999999997,optimal
2021-02-09 15:30:00,32,2,1.1428571428571428,0.0,0.0,0.5485333333333333,optimal
2021-02-09 16:00:00,32,2,0.0,0.0,0.0,0.07053333333333334,optimal
2021-02-09 16:30:00,32,2,0.0,0.774074074074074,0.0,0.6141,optimal
2021-02-09 17:00:00,32,2,0.0,0.23222222222222222,0.0,2.1779333333333333,optimal
2021-02-09 17:30:00,32,2,0.0,2.7866666666666666,0.0,0.2967666666666667,optimal
2021-02-09 18:00:00,32,2,0.0,0.0,0.0,0.43223333333333336,optimal
2021-02-09 18:30:00,32,2,0.0,0.23222222222222222,0.0,0.7791666666666667,optimal
2021-02-09 19:00:00,32,2,0.0,0.1548148148148148,0.0,0.37226666666666663,optimal
2021-02-09 19:30:00,32,2,0.0,0.1548148148148148,0.0,0.6607333333333334,optimal
2021-02-09 20:00:00,32,2,0.4539894453214015,0.5418518518518518,0.0,0.3771666666666667,optimal
2021-02-09 20:30:00,32,2,0.0,0.6192592592592592,0.0,0.4243,optimal
2021-02-09 21:00:00,32,2,0.0,0.9288888888888889,0.0,0.27853333333333335,optimal
2021-02-09 21:30:00,32,2,0.0,0.0,0.0,0.26143333333333335,optimal
2021-02-09 22:00:00,32,2,0.0,2.7092592592592597,0.0,0.5107333333333334,optimal
2021-02-09 22:30:00,32,2,0.0,0.0,0.0,0.43846666666666656,optimal
2021-02-09 23:00:00,32,2,0.0,0.0,0.0,0.3161333333333333,optimal
2021-02-09 23:30:00,32,2,0.0,0.0,0.0,0.12966666666666665,optimal
2021-02-10 00:00:00,32,2,0.0,0.0,0.0,0.055,optimal
2021-02-10 00:30:00,32,2,0.0,0.0,0.0,0.055,optimal
2021-02-10 01:00:00,32,2,0.3015794652381199,0.0,0.0,0.055,optimal
2021-02-10 01:30:00,32,2,1.1428571428571428,0.0,0.0,0.055,optimal
2021-02-10 02:00:00,32,2,1.1428571428571428,0.0,0.0,0.055,optimal
2021-02-10 02:30:00,32,2,1.1428571428571428,0.0,0.0,0.055,optimal
2021-02-10 03:00:00,32,2,1.1428571428571428,0.0,0.0,0.05473333333333333,optimal
2021-02-10 03:30:00,32,2,1.1428571428571428,0.0,0.0,0.066,optimal
2021-02-10 04:00:00,32,2,1.1428571428571428,2.3222222222222215,2.5446275776655782,0.06426666666666667,optimal
2021-02-10 04:30:00,32,2,1.1428571428571428,0.0,10.0,0.06513333333333333,optimal
2021-02-10 05:00:00,32,2,1.1428571428571428,0.46444444444444444,10.0,0.066,optimal
2021-02-10 05:30:00,32,2,1.1428571428571428,0.46444444444444444,0.0,0.06596666666666667,optimal
2021-02-10 06:00:00,32,2,1.1428571428571428,0.0,0.0,0.2653666666666667,optimal
2021-02-10 06:30:00,32,2,1.1428571428571428,0.387037037037037,0.0,0.06733333333333333,optimal
2021-02-10 07:00:00,32,2,1.1428571428571428,0.387037037037037,0.0,0.07233333333333333,optimal
2021-02-10 07:30:00,32,2,1.1428571428571428,0.0,0.0,0.065,optimal
2021-02-10 08:00:00,32,2,0.8627140614968282,0.0,0.0,0.065,optimal
2021-02-10 08:30:00,32,2,0.8541580437658207,0.0,0.0,0.065,optimal
2021-02-10 09:00:00,32,2,0.7812042469026659,0.0,0.0,0.065,optimal
2021-02-10 09:30:00,32,2,0.7726482291716585,0.0,0.0,0.065,optimal
2021-02-10 10:00:00,32,2,0.6597233969850844,0.0,0.0,0.065,optimal
2021-02-10 10:30:00,32,2,0.6533063836868319,0.0,0.0,0.065,optimal
2021-02-10 11:00:00,32,2,0.5747194454990925,0.0,0.0,0.065,optimal
2021-02-10 11:30:00,32,2,0.5704414366335827,0.0,0.0,0.065,optimal
2021-02-10 12:00:00,32,2,0.47289767868011895,0.0,0.0,0.065,optimal
2021-02-10 12:30:00,32,2,1.0300229147067472,0.0,0.0,0.065,optimal
2021-02-10 13:00:00,32,2,1.1428571428571428,0.0,0.0,0.065,optimal
2021-02-10 13:30:00,32,2,1.1428571428571428,0.0,0.0,0.065,optimal
2021-02-10 14:00:00,32,2,1.1428571428571428,0.0,0.0,0.0678,optimal
2021-02-10 14:30:00,32,2,1.1428571428571428,0.0,0.0,0.063,optimal
2021-02-10 15:00:00,32,2,1.1428571428571428,0.0,0.0,0.06433333333333333,optimal
2021-02-10 15:30:00,32,2,1.1428571428571428,0.0,0.0,0.065,optimal
2021-02-10 16:00:00,32,2,0.0,0.0,0.0,0.09,optimal
2021-02-10 16:30:00,32,2,0.0,0.23222222222222222,0.0,0.3368333333333333,optimal
2021-02-10 17:00:00,32,2,0.0,0.3096296296296296,0.0,0.076,optimal
2021-02-10 17:30:00,32,2,0.0,0.46444444444444444,0.0,0.18893333333333331,optimal
2021-02-10 18:00:00,32,2,0.0,0.0,0.0,0.194,optimal
2021-02-10 18:30:00,32,2,0.0,0.23222222222222222,0.0,0.2908,optimal
2021-02-10 19:00:00,32,2,0.0,0.23222222222222222,0.0,0.49606666666666666,optimal
2021-02-10 19:30:00,32,2,0.6244927266221509,0.0,0.0,0.21053333333333332,optimal
2021-02-10 20:00:00,32,2,0.6434353678335101,0.0,0.0,0.17633333333333334,optimal
2021-02-10 20:30:00,32,2,0.0,0.0,0.0,0.09733333333333331,optimal
2021-02-10 21:00:00,32,2,0.0,0.0,0.0,0.3925,optimal
2021-02-10 21:30:00,32,2,0.0,0.23222222222222222,0.0,0.2296,optimal
2021-02-10 22:00:00,32,2,0.0,0.0,0.0,0.065,optimal
2021-02-10 22:30:00,32,2,0.0,0.0,0.0,0.065,optimal
2021-02-10 23:00:00,32,2,0.0,0.0,0.0,0.065,optimal
2021-02-10 23:30:00,32,2,0.0,0.0,0.0,0.064,optimal
2021-02-11 00:00:00,32,2,1.1428571428571428,0.0,0.0,0.062,optimal
2021-02-11 00:30:00,32,2,1.1428571428571428,0.0,0.0,0.062,optimal
2021-02-11 01:00:00,32,2,1.1428571428571428,0.0,0.0,0.1463,optimal
2021-02-11 01:30:00,32,2,1.1428571428571428,0.0,0.0,0.1665,optimal
2021-02-11 02:00:00,32,2,1.1428571428571428,0.0,0.0,0.1298,optimal
2021-02-11 02:30:00,32,2,1.1428571428571428,0.0,0.0,0.183,optimal
2021-02-11 03:00:00,32,2,1.1428571428571428,0.0,0.0,0.1298,optimal
2021-02-11 03:30:00,32,2,1.1428571428571428,0.0,0.0,0.062,optimal
2021-02-11 04:00:00,32,2,1.1428571428571428,0.0,0.0,0.2508,optimal
2021-02-11 04:30:00,32,2,1.1428571428571428,0.0,0.0,0.062,optimal
2021-02-11 05:00:00,32,2,1.1428571428571428,0.0,0.0,0.1225,optimal
2021-02-11 05:30:00,32,2,1.1428571428571428,0.0,0.0,0.19030000000000002,optimal
2021-02-11 06:00:00,32,2,1.1428571428571428,0.0,2.2446052335511903,0.062,optimal
2021-02-11 06:30:00,32,2,1.1428571428571428,0.0,10.0,0.3613,optimal
2021-02-11 07:00:00,32,2,1.1428571428571428,0.0,0.0,0.15203333333333333,optimal
2021-02-11 07:30:00,32,2,1.1428571428571428,3.0407852075898343,0.0,0.08826666666666666,optimal
2021-02-11 08:00:00,32,2,0.9123639322700675,0.0,0.0,0.1775,optimal
2021-02-11 08:30:00,32,2,0.9362190408064136,0.0,0.0,0.12279999999999999,optimal
2021-02-11 09:00:00,32,2,0.8768550399511608,0.0,0.0,0.09633333333333331,optimal
2021-02-11 09:30:00,32,2,0.780220274622792,0.0,0.0,0.18116666666666664,optimal
2021-02-11 10:00:00,32,2,0.6011279807268536,0.0,0.0,0.13613333333333333,optimal
2021-02-11 10:30:00,32,2,0.6461674624912852,0.0,0.0,0.072,optimal
2021-02-11 11:00:00,32,2,0.5752388469860327,0.0,0.0,0.06566666666666666,optimal
2021-02-11 11:30:00,32,2,0.5431537804947816,0.0,0.0,0.06833333333333333,optimal
2021-02-11 12:00:00,32,2,0.39341150937384933,0.0,0.0,0.22343333333333332,optimal
2021-02-11 12:30:00,32,2,1.129241440948421,0.0,0.0,0.10303333333333332,optimal
2021-02-11 13:00:00,32,2,1.1428571428571428,0.0,0.0,0.0778,optimal
2021-02-11 13:30:00,32,2,1.1428571428571428,0.0,0.0,1.5311,optimal
2021-02-11 14:00:00,32,2,1.1428571428571428,0.1548148148148148,0.0,0.2117666666666667,optimal
2021-02-11 14:30:00,32,2,1.1428571428571428,0.0,0.0,0.5314666666666666,optimal
2021-02-11 15:00:00,32,2,1.1428571428571428,0.0,0.0,1.6532666666666669,optimal
2021-02-11 15:30:00,32,2,1.1428571428571428,0.1548148148148148,0.0,0.33423333333333327,optimal
2021-02-11 16:00:00,32,2,0.0,0.46444444444444444,0.0,0.12336666666666667,optimal
2021-02-11 16:30:00,32,2,0.0,0.46444444444444444,0.0,0.2946666666666667,optimal
2021-02-11 17:00:00,32,2,0.0,0.0774074074074074,0.0,0.19786666666666666,optimal
2021-02-11 17:30:00,32,2,0.0,2.39962962962963,0.0,0.078,optimal
2021-02-11 18:00:00,32,2,0.0,0.5418518518518518,0.0,0.2379,optimal
2021-02-11 18:30:00,32,2,0.0,0.23222222222222222,0.0,1.6736333333333335,optimal
2021-02-11 19:00:00,32,2,0.0,0.0,0.0,0.5452333333333333,optimal
2021-02-11 19:30:00,32,2,0.8693566771168646,0.3096296296296296,0.0,0.4221666666666667,optimal
2021-02-11 20:00:00,32,2,0.8537769385170589,0.0,0.0,0.5798666666666666,optimal
2021-02-11 20:30:00,32,2,0.0,0.0,0.0,0.5579333333333333,optimal
2021-02-11 21:00:00,32,2,0.0,0.1548148148148148,0.0,0.3775333333333334,optimal
2021-02-11 21:30:00,32,2,0.0,0.0,0.0,0.5247999999999999,optimal
2021-02-11 22:00:00,32,2,0.0,0.387037037037037,0.0,1.1165,optimal
2021-02-11 22:30:00,32,2,0.0,0.23222222222222222,0.0,0.4106666666666667,optimal
2021-02-11 23:00:00,32,2,0.0,2.1674074074074072,0.0,0.2855,optimal
2021-02-11 23:30:00,32,2,0.0,0.0774074074074074,0.0,0.2892,optimal
2021-02-12 00:00:00,32,2,1.1428571428571428,0.0,0.0,0.058,optimal
2021-02-12 00:30:00,32,2,1.1428571428571428,0.0,0.0,0.058,optimal
2021-02-12 01:00:00,32,2,1.1428571428571428,0.0,0.0,0.058,optimal
2021-02-12 01:30:00,32,2,1.1428571428571428,0.0,0.0,0.0757,optimal
2021-02-12 02:00:00,32,2,1.1428571428571428,0.0,0.0,0.1701,optimal
2021-02-12 02:30:00,32,2,1.1428571428571428,0.0,0.0,0.058,optimal
2021-02-12 03:00:00,32,2,1.1428571428571428,0.0,0.0,0.18780000000000002,optimal
2021-02-12 03:30:00,32,2,1.1428571428571428,0.0,0.0,0.058,optimal
2021-02-12 04:00:00,32,2,1.1428571428571428,0.0,0.0,0.0993,optimal
2021-02-12 04:30:00,32,2,1.1428571428571428,0.0,0.0,0.1465,optimal
2021-02-12 05:00:00,32,2,1.1428571428571428,0.0,0.0,0.0639,optimal
2021-02-12 05:30:00,32,2,1.1428571428571428,0.0,0.0,0.19156666666666664,optimal
2021-02-12 06:00:00,32,2,1.1428571428571428,0.0,1.2626492418390225,0.068,optimal
2021-02-12 06:30:00,32,2,1.1428571428571428,0.0,10.0,0.13813333333333333,optimal
2021-02-12 07:00:00,32,2,1.1428571428571428,0.8514814814814814,10.0,0.121,optimal
2021-02-12 07:30:00,32,2,1.1428571428571428,6.7263199666903315,0.0,0.14876666666666669,optimal
2021-02-12 08:00:00,32,2,0.7855381338941586,0.5418518518518518,0.0,0.2419,optimal
2021-02-12 08:30:00,32,2,0.7906465325775373,0.0,0.0,0.24230000000000002,optimal
2021-02-12 09:00:00,32,2,0.6653136433413361,1.548148148148148,0.0,0.19866666666666663,optimal
2021-02-12 09:30:00,32,2,0.5866260197288985,0.9288888888888889,0.0,0.199,optimal
2021-02-12 10:00:00,32,2,0.41304903412871236,0.3096296296296296,0.0,0.2744,optimal
2021-02-12 10:30:00,32,2,0.2871560462857626,0.1548148148148148,0.0,0.6931333333333334,optimal
2021-02-12 11:00:00,32,2,0.29152907723369503,0.0,0.0,0.2994,optimal
2021-02-12 11:30:00,32,2,0.34660912041999936,0.0,0.0,0.35846666666666666,optimal
2021-02-12 12:00:00,32,2,0.5843628153241114,0.0,0.0,0.068,optimal
2021-02-12 12:30:00,32,2,1.1428571428571428,0.0,0.0,0.068,optimal
2021-02-12 13:00:00,32,2,1.1428571428571428,0.0,0.0,0.28783333333333333,optimal
2021-02-12 13:30:00,32,2,1.1428571428571428,0.1548148148148148,0.0,0.3519333333333333,optimal
2021-02-12 14:00:00,32,2,1.1428571428571428,0.0,0.0,0.1093,optimal
2021-02-12 14:30:00,32,2,1.1428571428571428,0.0,0.0,0.1565,optimal
2021-02-12 15:00:00,32,2,1.1428571428571428,0.0,0.0,0.068,optimal
2021-02-12 15:30:00,32,2,1.1428571428571428,0.0,0.0,0.1978,optimal
2021-02-12 16:00:00,32,2,0.0,0.0,0.0,0.068,optimal
2021-02-12 16:30:00,32,2,0.0,0.0,0.0,0.068,optimal
2021-02-12 17:00:00,32,2,0.0,0.0,0.0,0.13063333333333332,optimal
2021-02-12 17:30:00,32,2,0.0,0.774074074074074,0.0,0.1885,optimal
2021-02-12 18:00:00,32,2,0.0,0.6192592592592592,0.0,0.07733333333333332,optimal
2021-02-12 18:30:00,32,2,0.0,0.0,0.0,0.0896,optimal
2021-02-12 19:00:00,32,2,0.0,0.3096296296296296,0.0,0.36019999999999996,optimal
2021-02-12 19:30:00,32,2,0.47557095141912986,0.387037037037037,0.0,0.47333333333333333,optimal
2021-02-12 20:00:00,32,2,0.4822108650465449,0.0,0.0,0.31639999999999996,optimal
2021-02-12 20:30:00,32,2,0.0,0.1548148148148148,0.0,0.4612,optimal
2021-02-12 21:00:00,32,2,0.0,0.1548148148148148,0.0,0.222,optimal
2021-02-12 21:30:00,32,2,0.0,0.6192592592592592,0.0,0.2979,optimal
2021-02-12 22:00:00,32,2,0.0,0.0,0.0,0.3203666666666667,optimal
2021-02-12 22:30:00,32,2,0.0,0.23222222222222222,0.0,0.13746666666666668,optimal
2021-02-12 23:00:00,32,2,0.0,0.0,0.0,0.4613,optimal
2021-02-12 23:30:00,32,2,0.0,0.0774074074074074,0.0,0.423,optimal
2021-02-13 00:00:00,32,2,0.0,0.0,0.0,0.053,optimal
2021-02-13 00:30:00,32,2,0.0,0.0,0.0,0.15593333333333334,optimal
2021-02-13 01:00:00,32,2,0.15957086659015962,0.0,0.0,0.1082,optimal
2021-02-13 01:30:00,32,2,1.1428571428571428,0.0,0.0,0.14706666666666665,optimal
2021-02-13 02:00:00,32,2,1.1428571428571428,0.0,0.0,0.06586666666666666,optimal
2021-02-13 02:30:00,32,2,1.1428571428571428,0.0,0.0,0.29233333333333333,optimal
2021-02-13 03:00:00,32,2,1.1428571428571428,0.0,0.0,0.053,optimal
2021-02-13 03:30:00,32,2,1.1428571428571428,0.0,0.0,0.15259999999999999,optimal
2021-02-13 04:00:00,32,2,1.1428571428571428,0.0,0.0,0.06406666666666666,optimal
2021-02-13 04:30:00,32,2,1.1428571428571428,0.0,0.0,0.2545,optimal
2021-02-13 05:00:00,32,2,1.1428571428571428,0.0,0.0,0.1037,optimal
2021-02-13 05:30:00,32,2,1.1428571428571428,0.0,0.0,0.14693333333333333,optimal
2021-02-13 06:00:00,32,2,1.1428571428571428,0.0,0.0,0.2132666666666667,optimal
2021-02-13 06:30:00,32,2,1.1428571428571428,0.0,0.957930962656923,0.10726666666666668,optimal
2021-02-13 07:00:00,32,2,1.1428571428571428,0.46444444444444444,10.0,0.2568333333333333,optimal
2021-02-13 07:30:00,32,2,1.1428571428571428,0.1548148148148148,0.0,0.0591,optimal
2021-02-13 08:00:00,32,2,0.8925498170185696,0.0,0.0,0.05766666666666666,optimal
2021-02-13 08:30:00,32,2,0.853096526871529,0.0,0.0,0.1936,optimal
2021-02-13 09:00:00,32,2,0.7628676361203294,0.0774074074074074,0.0,0.17526666666666668,optimal
2021-02-13 09:30:00,32,2,0.5950773758613392,0.387037037037037,0.0,0.26439999999999997,optimal
2021-02-13 10:00:00,32,2,0.4559103427917202,0.0,0.0,0.268,optimal
2021-02-13 10:30:00,32,2,0.5381141955018346,0.0,0.0,0.09716666666666668,optimal
2021-02-13 11:00:00,32,2,0.41138398986074176,0.0,0.0,0.5490333333333333,optimal
2021-02-13 11:30:00,32,2,0.3875421282851352,0.1548148148148148,0.0,1.1662000000000001,optimal
2021-02-13 12:00:00,32,2,0.34169249337773755,0.3096296296296296,0.0,0.26463333333333333,optimal
2021-02-13 12:30:00,32,2,0.34769067498843564,0.5418518518518518,0.0,0.5281333333333333,optimal
2021-02-13 13:00:00,32,2,1.1428571428571428,0.6192592592592592,0.0,3.047366666666667,optimal
2021-02-13 13:30:00,32,2,1.1428571428571428,0.387037037037037,0.0,2.7593,optimal
2021-02-13 14:00:00,32,2,1.1428571428571428,0.3096296296296296,0.0,0.077,optimal
2021-02-13 14:30:00,32,2,1.1428571428571428,0.0,0.0,0.18403333333333333,optimal
2021-02-13 15:00:00,32,2,1.1428571428571428,0.387037037037037,0.0,0.1257666666666667,optimal
2021-02-13 15:30:00,32,2,1.1428571428571428,0.387037037037037,0.0,0.1911,optimal
2021-02-13 16:00:00,32,2,0.0,0.0774074074074074,0.0,0.20403333333333334,optimal
2021-02-13 16:30:00,32,2,0.0,0.0,0.0,0.3123,optimal
2021-02-13 17:00:00,32,2,0.0,0.6966666666666667,0.0,0.1398,optimal
2021-02-13 17:30:00,32,2,0.0,0.3096296296296296,0.0,0.15086666666666668,optimal
2021-02-13 18:00:00,32,2,0.0,0.1548148148148148,0.0,1.0869666666666666,optimal
2021-02-13 18:30:00,32,2,0.0,0.0,0.0,1.085,optimal
2021-02-13 19:00:00,32,2,0.0,0.0774074074074074,0.0,0.37456666666666666,optimal
2021-02-13 19:30:00,32,2,0.0,0.0,0.0,0.4114666666666666,optimal
2021-02-13 20:00:00,32,2,0.4776234645229168,0.0,0.0,0.3043,optimal
2021-02-13 20:30:00,32,2,0.0,0.6966666666666667,0.0,0.44446666666666657,optimal
2021-02-13 21:00:00,32,2,0.0,0.0,0.0,0.34303333333333336,optimal
2021-02-13 21:30:00,32,2,0.0,0.0,0.0,0.24566666666666662,optimal
2021-02-13 22:00:00,32,2,0.0,0.3096296296296296,0.0,0.24606666666666663,optimal
2021-02-13 22:30:00,32,2,0.0,0.23222222222222222,0.0,0.44189999999999996,optimal
2021-02-13 23:00:00,32,2,0.0,0.0774074074074074,0.0,0.22736666666666666,optimal
2021-02-13 23:30:00,32,2,0.0,0.6192592592592592,0.0,0.41653333333333337,optimal
2021-02-07 00:00:00,33,2,0.0,0.0,0.0,0.064,optimal
2021-02-07 00:30:00,33,2,0.0,0.0,0.0,0.135,optimal
2021-02-07 01:00:00,33,2,0.0,0.0,0.0,0.1492,optimal
2021-02-07 01:30:00,33,2,0.0,0.0,0.0,0.064,optimal
2021-02-07 02:00:00,33,2,0.0,0.0,0.0,0.22553333333333334,optimal
2021-02-07 02:30:00,33,2,0.0,0.0,0.0,0.06866666666666667,optimal
2021-02-07 03:00:00,33,2,0.0,0.0,0.0,0.135,optimal
2021-02-07 03:30:00,33,2,0.0,0.0,0.0,0.1492,optimal
2021-02-07 04:00:00,33,2,1.1428571428571428,0.0,0.0,0.064,optimal
2021-02-07 04:30:00,33,2,1.1428571428571428,0.0,0.0,0.22019999999999998,optimal
2021-02-07 05:00:00,33,2,1.1428571428571428,0.0,0.0,0.064,optimal
2021-02-07 05:30:00,33,2,1.1428571428571428,0.0,0.0,0.064,optimal
2021-02-07 06:00:00,33,2,1.1428571428571428,0.0,0.0,0.22019999999999998,optimal
2021-02-07 06:30:00,33,2,1.1428571428571428,0.0,0.0,0.064,optimal
2021-02-07 07:00:00,33,2,1.1428571428571428,0.0,1.7076336144509696,0.15630000000000002,optimal
2021-02-07 07:30:00,33,2,0.0,0.0,0.0,0.13323333333333331,optimal
2021-02-07 08:00:00,33,2,0.2308737680295776,2.8640740740740736,0.0,1.8454000000000002,optimal
2021-02-07 08:30:00,33,2,0.525700254732367,0.0,0.0,1.7745333333333333,optimal
2021-02-07 09:00:00,33,2,0.564385470811216,0.0774074074074074,0.0,0.5546333333333333,optimal
2021-02-07 09:30:00,33,2,0.7347817044737063,0.0,0.0,0.1696,optimal
2021-02-07 10:00:00,33,2,0.6558567659297376,0.0,0.0,0.349,optimal
2021-02-07 10:30:00,33,2,0.6859919176523783,0.0,0.0,0.1237,optimal
2021-02-07 11:00:00,33,2,0.6478442931430465,0.0,0.0,0.074,optimal
2021-02-07 11:30:00,33,2,0.8728122407248696,0.0,0.0,0.216,optimal
2021-02-07 12:00:00,33,2,1.1428571428571428,0.0,0.0,0.0882,optimal
2021-02-07 12:30:00,33,2,1.1428571428571428,0.0,0.0,0.1663,optimal
2021-02-07 13:00:00,33,2,1.1428571428571428,0.0,0.0,0.1379,optimal
2021-02-07 13:30:00,33,2,1.1428571428571428,0.0,0.0,0.074,optimal
2021-02-07 14:00:00,33,2,1.1428571428571428,0.0,0.0,0.1805,optimal
2021-02-07 14:30:00,33,2,1.1428571428571428,0.0,0.0,0.1237,optimal
2021-02-07 15:00:00,33,2,1.1428571428571428,0.0,0.0,0.1166,optimal
2021-02-07 15:30:00,33,2,1.1428571428571428,0.0,0.0,0.1876,optimal
2021-02-07 16:00:00,33,2,0.0,0.0,0.0,0.074,optimal
2021-02-07 16:30:00,33,2,0.0,0.0,0.0,0.2018,optimal
2021-02-07 17:00:00,33,2,0.0,0.3096296296296296,0.0,0.11493333333333333,optimal
2021-02-07 17:30:00,33,2,0.0,0.0,0.0,0.17573333333333332,optimal
2021-02-07 18:00:00,33,2,0.0,0.387037037037037,0.0,0.31526666666666664,optimal
2021-02-07 18:30:00,33,2,0.0,2.39962962962963,0.0,0.28883333333333333,optimal
2021-02-07 19:00:00,33,2,0.0,2.0899999999999994,0.0,0.3296,optimal
2021-02-07 19:30:00,33,2,0.5045803842912587,0.387037037037037,0.0,0.45030000000000003,optimal
2021-02-07 20:00:00,33,2,0.5497041938150603,0.0774074074074074,0.0,0.38423333333333337,optimal
2021-02-07 20:30:00,33,2,0.0,0.3096296296296296,0.0,0.4059666666666666,optimal
2021-02-07 21:00:00,33,2,0.0,0.0,0.0,0.11309999999999999,optimal
2021-02-07 21:30:00,33,2,0.0,0.0,0.0,0.3821,optimal
2021-02-07 22:00:00,33,2,0.0,0.0,0.0,0.32966666666666666,optimal
2021-02-07 22:30:00,33,2,0.0,0.0,0.0,0.1166,optimal
2021-02-07 23:00:00,33,2,0.0,0.0,0.0,0.1876,optimal
2021-02-07 23:30:00,33,2,0.0,0.0,0.0,0.07266666666666667,optimal
2021-02-08 00:00:00,33,2,0.0,0.0,0.0,0.063,optimal
2021-02-08 00:30:00,33,2,0.0,0.0,0.0,0.063,optimal
2021-02-08 01:00:00,33,2,0.0,0.0,0.0,0.063,optimal
2021-02-08 01:30:00,33,2,1.0804998766474212,0.0,0.0,0.063,optimal
2021-02-08 02:00:00,33,2,1.1428571428571428,0.0,0.0,0.063,optimal
2021-02-08 02:30:00,33,2,1.1428571428571428,0.0,0.0,0.063,optimal
2021-02-08 03:00:00,33,2,1.1428571428571428,0.0,0.0,0.063,optimal
2021-02-08 03:30:00,33,2,1.1428571428571428,0.0,0.0,0.063,optimal
2021-02-08 04:00:00,33,2,1.1428571428571428,0.0,0.0,0.063,optimal
2021-02-08 04:30:00,33,2,1.1428571428571428,0.0,0.0,0.063,optimal
2021-02-08 05:00:00,33,2,1.1428571428571428,0.0,0.0,0.063,optimal
2021-02-08 05:30:00,33,2,1.1428571428571428,0.0,0.0,0.063,optimal
2021-02-08 06:00:00,33,2,1.1428571428571428,0.0,0.0,0.063,optimal
2021-02-08 06:30:00,33,2,1.1428571428571428,0.0,2.8264037469530705,0.066,optimal
2021-02-08 07:00:00,33,2,1.1428571428571428,2.1674074074074072,10.0,0.0828,optimal
2021-02-08 07:30:00,33,2,1.1428571428571428,0.0,0.0,0.23266666666666663,optimal
2021-02-08 08:00:00,33,2,0.5732197765916073,0.0,0.0,0.4905,optimal
2021-02-08 08:30:00,33,2,0.5210882616475896,0.0,0.0,0.5737000000000001,optimal
2021-02-08 09:00:00,33,2,0.13265094367501246,0.23222222222222222,0.0,1.7203666666666666,optimal
2021-02-08 09:30:00,33,2,0.562233930376769,0.0,0.0,0.26266666666666666,optimal
2021-02-08 10:00:00,33,2,0.5158550816267338,0.0,0.0,0.22266666666666662,optimal
2021-02-08 10:30:00,33,2,0.5218911425440323,0.0774074074074074,0.0,0.23566666666666664,optimal
2021-02-08 11:00:00,33,2,0.4163829812568047,0.1548148148148148,0.0,0.25,optimal
2021-02-08 11:30:00,33,2,0.3288116390579697,0.0,0.0,1.0494,optimal
2021-02-08 12:00:00,33,2,0.31675759776923834,0.0,0.0,0.8667999999999999,optimal
2021-02-08 12:30:00,33,2,0.428367294323962,0.0,0.0,0.0708,optimal
2021-02-08 13:00:00,33,2,1.1428571428571428,2.012592592592592,0.0,0.2347,optimal
2021-02-08 13:30:00,33,2,1.1428571428571428,0.5418518518518518,0.0,1.5164666666666666,optimal
2021-02-08 14:00:00,33,2,1.1428571428571428,0.3096296296296296,0.0,0.197,optimal
2021-02-08 14:30:00,33,2,1.1428571428571428,0.0,0.0,0.197,optimal
2021-02-08 15:00:00,33,2,1.1428571428571428,0.0,0.0,0.34953333333333336,optimal
2021-02-08 15:30:00,33,2,1.1428571428571428,6.4248148148148125,0.0,0.364,optimal
2021-02-08 16:00:00,33,2,0.0,0.3096296296296296,0.0,0.35703333333333337,optimal
2021-02-08 16:30:00,33,2,0.0,0.0,0.0,0.7432000000000001,optimal
2021-02-08 17:00:00,33,2,0.0,0.0,0.0,1.4710333333333332,optimal
2021-02-08 17:30:00,33,2,0.0,0.23222222222222222,0.0,0.7627,optimal
2021-02-08 18:00:00,33,2,0.0,0.0,0.0,2.2335666666666665,optimal
2021-02-08 18:30:00,33,2,0.0,0.1548148148148148,0.0,0.38356666666666667,optimal
2021-02-08 19:00:00,33,2,0.0,5.805555555555555,0.0,0.4828,optimal
2021-02-08 19:30:00,33,2,0.0,0.23222222222222222,0.0,0.5501,optimal
2021-02-08 20:00:00,33,2,0.44210214646460255,0.0,0.0,0.24,optimal
2021-02-08 20:30:00,33,2,0.0,0.0,0.0,0.5165,optimal
2021-02-08 21:00:00,33,2,0.0,0.0,0.0,0.208,optimal
2021-02-08 21:30:00,33,2,0.0,0.0,0.0,0.2308,optimal
2021-02-08 22:00:00,33,2,0.0,0.0,0.0,0.244,optimal
2021-02-08 22:30:00,33,2,0.0,0.0774074074074074,0.0,0.2417333333333333,optimal
2021-02-08 23:00:00,33,2,0.0,0.0,0.0,0.073,optimal
2021-02-08 23:30:00,33,2,0.0,0.0,0.0,0.073,optimal
2021-02-09 00:00:00,33,2,0.0,0.0,0.0,0.1154,optimal
2021-02-09 00:30:00,33,2,0.0,0.0,0.0,0.15419999999999998,optimal
2021-02-09 01:00:00,33,2,0.48309297742996604,0.0,0.0,0.061,optimal
2021-02-09 01:30:00,33,2,1.1428571428571428,0.0,0.0,0.1026,optimal
2021-02-09 02:00:00,33,2,1.1428571428571428,0.0,0.0,0.167,optimal
2021-02-09 02:30:00,33,2,1.1428571428571428,0.0,0.0,0.061,optimal
2021-02-09 03:00:00,33,2,1.1428571428571428,0.0,0.0,0.1375,optimal
2021-02-09 03:30:00,33,2,1.1428571428571428,0.0,0.0,0.1315,optimal
2021-02-09 04:00:00,33,2,1.1428571428571428,0.0,0.0,0.08059999999999999,optimal
2021-02-09 04:30:00,33,2,1.1428571428571428,0.0,0.0,0.071,optimal
2021-02-09 05:00:00,33,2,1.1428571428571428,0.0,0.0,0.161,optimal
2021-02-09 05:30:00,33,2,1.1428571428571428,0.0,0.0,0.1062,optimal
2021-02-09 06:00:00,33,2,1.1428571428571428,0.0,0.0,0.0844,optimal
2021-02-09 06:30:00,33,2,1.1428571428571428,0.0,0.0,0.1638,optimal
2021-02-09 07:00:00,33,2,1.1428571428571428,0.0,0.0,0.1248,optimal
2021-02-09 07:30:00,33,2,1.1428571428571428,0.0,0.0,0.071,optimal
2021-02-09 08:00:00,33,2,0.7544837611430165,0.0,0.0,0.2186,optimal
2021-02-09 08:30:00,33,2,0.7902381764161925,0.0,0.0,0.071,optimal
2021-02-09 09:00:00,33,2,0.628835699396822,0.0,0.0,1.143,optimal
2021-02-09 09:30:00,33,2,0.5507845299431763,0.0,0.0,1.333233333333333,optimal
2021-02-09 10:00:00,33,2,0.4910684596701486,1.9351851851851851,0.0,0.19716666666666663,optimal
2021-02-09 10:30:00,33,2,0.4555524851254493,0.0,0.0,0.2665666666666667,optimal
2021-02-09 11:00:00,33,2,0.41807344898192306,0.3096296296296296,0.0,0.12993333333333335,optimal
2021-02-09 11:30:00,33,2,0.395858254072978,0.23222222222222222,0.0,0.2442,optimal
2021-02-09 12:00:00,33,2,0.3272452800318768,0.5418518518518518,0.0,0.26746666666666663,optimal
2021-02-09 12:30:00,33,2,0.20956333208367534,6.6570370370370355,0.0,2.0140666666666664,optimal
2021-02-09 13:00:00,33,2,0.14242614177830834,0.1548148148148148,0.0,4.1075333333333335,optimal
2021-02-09 13:30:00,33,2,1.1428571428571428,0.0,0.0,2.2329333333333334,optimal
2021-02-09 14:00:00,33,2,1.1428571428571428,0.0,7.237987208357655,0.251,optimal
2021-02-09 14:30:00,33,2,1.1428571428571428,0.0,10.0,0.5161666666666667,optimal
2021-02-09 15:00:00,33,2,1.1428571428571428,0.0,0.0,0.4136666666666667,optimal
2021-02-09 15:30:00,33,2,1.1428571428571428,0.0,0.0,0.34226666666666666,optimal
2021-02-09 16:00:00,33,2,0.0,0.0,0.0,0.5066666666666667,optimal
2021-02-09 16:30:00,33,2,0.0,0.23222222222222222,0.0,0.6247,optimal
2021-02-09 17:00:00,33,2,0.0,0.0,0.0,0.40723333333333334,optimal
2021-02-09 17:30:00,33,2,0.0,0.3096296296296296,0.0,0.26803333333333335,optimal
2021-02-09 18:00:00,33,2,0.0,0.0,0.0,0.3532,optimal
2021-02-09 18:30:00,33,2,0.0,0.0,0.0,0.47253333333333336,optimal
2021-02-09 19:00:00,33,2,0.0,0.0774074074074074,0.0,0.45153333333333334,optimal
2021-02-09 19:30:00,33,2,0.0,0.0,0.0,0.5172333333333333,optimal
2021-02-09 20:00:00,33,2,0.0,0.23222222222222222,0.0,0.4739,optimal
2021-02-09 20:30:00,33,2,0.0,0.0,0.0,0.46586666666666665,optimal
2021-02-09 21:00:00,33,2,0.0,0.0,0.0,0.775,optimal
2021-02-09 21:30:00,33,2,0.0,0.5418518518518518,0.0,0.6313,optimal
2021-02-09 22:00:00,33,2,0.0,0.0,0.0,0.2129333333333333,optimal
2021-02-09 22:30:00,33,2,0.0,0.5418518518518518,0.0,0.3678,optimal
2021-02-09 23:00:00,33,2,0.0,0.0,0.0,0.3748666666666667,optimal
2021-02-09 23:30:00,33,2,0.0,0.0,0.0,0.06966666666666667,optimal
2021-02-10 00:00:00,33,2,0.0,0.0,0.0,0.145,optimal
2021-02-10 00:30:00,33,2,0.04256778313606919,0.0,0.0,0.064,optimal
2021-02-10 01:00:00,33,2,1.1428571428571428,0.0,0.0,0.082,optimal
2021-02-10 01:30:00,33,2,1.1428571428571428,0.0,0.0,0.127,optimal
2021-02-10 02:00:00,33,2,1.1428571428571428,0.0,0.0,0.064,optimal
2021-02-10 02:30:00,33,2,1.1428571428571428,0.0,0.0,0.064,optimal
2021-02-10 03:00:00,33,2,1.1428571428571428,0.0,0.0,0.145,optimal
2021-02-10 03:30:00,33,2,1.1428571428571428,0.0,0.0,0.064,optimal
2021-02-10 04:00:00,33,2,1.1428571428571428,0.0,0.0,0.064,optimal
2021-02-10 04:30:00,33,2,1.1428571428571428,0.0,0.0,0.1,optimal
2021-02-10 05:00:00,33,2,1.1428571428571428,0.0,0.0,0.109,optimal
2021-02-10 05:30:00,33,2,1.1428571428571428,0.0,0.0,0.06666666666666667,optimal
2021-02-10 06:00:00,33,2,1.1428571428571428,0.0,0.0,0.074,optimal
2021-02-10 06:30:00,33,2,1.1428571428571428,0.0,0.0,0.11633333333333332,optimal
2021-02-10 07:00:00,33,2,1.1428571428571428,0.0,0.0,0.1,optimal
2021-02-10 07:30:00,33,2,1.1428571428571428,0.0,0.0,0.064,optimal
2021-02-10 08:00:00,33,2,0.8599997757825382,0.0,0.0,0.064,optimal
2021-02-10 08:30:00,33,2,0.8398723294801103,0.0,0.0,0.10716666666666669,optimal
2021-02-10 09:00:00,33,2,0.7669185326169434,0.0,0.0,0.1145,optimal
2021-02-10 09:30:00,33,2,0.7699339434573803,0.0,0.0,0.074,optimal
2021-02-10 10:00:00,33,2,0.6570091112707944,0.0,0.0,0.074,optimal
2021-02-10 10:30:00,33,2,0.627449240829689,0.0,0.0,0.155,optimal
2021-02-10 11:00:00,33,2,0.5720051597848025,0.0,0.0,0.07133333333333333,optimal
2021-02-10 11:30:00,33,2,0.5445842937764397,0.0,0.0,0.145,optimal
2021-02-10 12:00:00,33,2,0.4214214882039278,0.0,0.0,0.06433333333333333,optimal
2021-02-10 12:30:00,33,2,0.2992357739182139,0.0,0.0,1.3050333333333333,optimal
2021-02-10 13:00:00,33,2,0.6937025846793687,0.0,0.0,0.8475,optimal
2021-02-10 13:30:00,33,2,1.1428571428571428,0.0,0.0,0.11313333333333334,optimal
2021-02-10 14:00:00,33,2,1.1428571428571428,0.0,0.0,0.1395,optimal
2021-02-10 14:30:00,33,2,1.1428571428571428,0.1548148148148148,0.0,2.0665999999999998,optimal
2021-02-10 15:00:00,33,2,1.1428571428571428,0.387037037037037,0.0,0.1868333333333333,optimal
2021-02-10 15:30:00,33,2,1.1428571428571428,0.0,0.0,2.2762333333333333,optimal
2021-02-10 16:00:00,33,2,0.0,1.7803703703703702,0.0,2.4707,optimal
2021-02-10 16:30:00,33,2,0.0,0.23222222222222222,0.0,3.1430333333333333,optimal
2021-02-10 17:00:00,33,2,0.0,0.1548148148148148,0.0,0.9838,optimal
2021-02-10 17:30:00,33,2,0.0,0.1548148148148148,0.0,1.3341666666666667,optimal
2021-02-10 18:00:00,33,2,0.0,0.1548148148148148,0.0,2.1784666666666666,optimal
2021-02-10 18:30:00,33,2,0.0,0.0,0.0,3.3899333333333335,optimal
2021-02-10 19:00:00,33,2,0.0,0.0,0.0,0.6835,optimal
2021-02-10 19:30:00,33,2,0.0,0.0,0.0,1.6588333333333332,optimal
2021-02-10 20:00:00,33,2,0.0,0.0,0.0,0.9991333333333332,optimal
2021-02-10 20:30:00,33,2,0.0,0.1548148148148148,0.0,1.409266666666667,optimal
2021-02-10 21:00:00,33,2,0.0,0.23222222222222222,0.0,2.050833333333333,optimal
2021-02-10 21:30:00,33,2,0.0,0.0,0.0,2.3735,optimal
2021-02-10 22:00:00,33,2,0.0,0.23222222222222222,0.0,1.514733333333333,optimal
2021-02-10 22:30:00,33,2,0.0,0.0,0.0,0.9185,optimal
2021-02-10 23:00:00,33,2,0.0,0.0,0.0,0.2526333333333333,optimal
2021-02-10 23:30:00,33,2,0.0,0.0,0.0,0.0755,optimal
2021-02-11 00:00:00,33,2,1.1428571428571428,0.0,0.0,0.058,optimal
2021-02-11 00:30:00,33,2,1.1428571428571428,0.0,0.0,0.058,optimal
2021-02-11 01:00:00,33,2,1.1428571428571428,0.0,0.0,0.10946666666666668,optimal
2021-02-11 01:30:00,33,2,1.1428571428571428,0.0,0.0,0.14806666666666665,optimal
2021-02-11 02:00:00,33,2,1.1428571428571428,0.0,0.0,0.058,optimal
2021-02-11 02:30:00,33,2,1.1428571428571428,0.0,0.0,0.08373333333333334,optimal
2021-02-11 03:00:00,33,2,1.1428571428571428,0.0,0.0,0.1738,optimal
2021-02-11 03:30:00,33,2,1.1428571428571428,0.0,0.0,0.058,optimal
2021-02-11 04:00:00,33,2,1.1428571428571428,0.0,0.0,0.058,optimal
2021-02-11 04:30:00,33,2,1.1428571428571428,0.0,0.0,0.18666666666666662,optimal
2021-02-11 05:00:00,33,2,1.1428571428571428,0.0,0.0,0.07086666666666666,optimal
2021-02-11 05:30:00,33,2,1.1428571428571428,0.0,0.0,0.058,optimal
2021-02-11 06:00:00,33,2,1.1428571428571428,0.0,0.0,0.2062,optimal
2021-02-11 06:30:00,33,2,1.1428571428571428,0.0,0.0,0.058,optimal
2021-02-11 07:00:00,33,2,1.1428571428571428,0.0,0.0,0.058,optimal
2021-02-11 07:30:00,33,2,1.1428571428571428,0.9779660656590476,0.0,0.19953333333333334,optimal
2021-02-11 08:00:00,33,2,0.770297265603392,1.9351851851851851,0.0,0.10640000000000001,optimal
2021-02-11 08:30:00,33,2,0.6272857074730733,0.46444444444444444,0.0,0.2783333333333333,optimal
2021-02-11 09:00:00,33,2,0.5080740875702153,1.1611111111111108,0.0,0.4654,optimal
2021-02-11 09:30:00,33,2,0.5342297984323245,1.470740740740741,0.0,0.2720666666666667,optimal
2021-02-11 10:00:00,33,2,0.3139279807268518,0.23222222222222222,0.0,0.349,optimal
2021-02-11 10:30:00,33,2,0.3591388910627121,0.0,0.0,0.2806,optimal
2021-02-11 11:00:00,33,2,0.3158102755574591,0.0,0.0,0.184,optimal
2021-02-11 11:30:00,33,2,0.24309663763763792,0.6192592592592592,0.0,0.32553333333333334,optimal
2021-02-11 12:00:00,33,2,0.07717341413575216,0.6966666666666667,0.0,0.17466666666666666,optimal
2021-02-11 12:30:00,33,2,0.004360642224286039,0.0,0.0,1.3634666666666666,optimal
2021-02-11 13:00:00,33,2,1.1428571428571428,1.7803703703703702,0.0,0.2552666666666667,optimal
2021-02-11 13:30:00,33,2,1.1428571428571428,0.1548148148148148,0.0,0.2768333333333333,optimal
2021-02-11 14:00:00,33,2,1.1428571428571428,0.0,0.0,0.2848333333333333,optimal
2021-02-11 14:30:00,33,2,1.1428571428571428,0.0,0.0,0.1992,optimal
2021-02-11 15:00:00,33,2,1.1428571428571428,0.0,8.822676967030233,0.24480000000000002,optimal
2021-02-11 15:30:00,33,2,1.1428571428571428,0.0,10.0,0.111,optimal
2021-02-11 16:00:00,33,2,0.0,0.0,0.0,0.068,optimal
2021-02-11 16:30:00,33,2,0.0,0.5418518518518518,0.0,0.2003,optimal
2021-02-11 17:00:00,33,2,0.0,0.0774074074074074,0.0,0.3512,optimal
2021-02-11 17:30:00,33,2,0.0,0.387037037037037,0.0,0.22343333333333332,optimal
2021-02-11 18:00:00,33,2,0.0,0.0,0.0,0.31553333333333333,optimal
2021-02-11 18:30:00,33,2,0.0,0.774074074074074,0.0,0.17726666666666668,optimal
2021-02-11 19:00:00,33,2,0.0,0.0,0.0,0.36436666666666667,optimal
2021-02-11 19:30:00,33,2,0.08507418512186424,0.23222222222222222,0.0,0.31389999999999996,optimal
2021-02-11 20:00:00,33,2,1.1289426528027768,0.0,0.0,0.068,optimal
2021-02-11 20:30:00,33,2,0.0,0.0,0.0,0.08086666666666666,optimal
2021-02-11 21:00:00,33,2,0.0,0.0,0.0,0.19666666666666663,optimal
2021-02-11 21:30:00,33,2,0.0,0.0,0.0,0.068,optimal
2021-02-11 22:00:00,33,2,0.0,0.0,0.0,0.068,optimal
2021-02-11 22:30:00,33,2,0.0,0.0,0.0,0.3529333333333333,optimal
2021-02-11 23:00:00,33,2,0.0,0.23222222222222222,0.0,0.18866666666666662,optimal
2021-02-11 23:30:00,33,2,0.0,0.1548148148148148,0.0,0.24766666666666662,optimal
2021-02-12 00:00:00,33,2,1.1428571428571428,0.0,0.0,0.069,optimal
2021-02-12 00:30:00,33,2,1.1428571428571428,0.0,0.0,0.067,optimal
2021-02-12 01:00:00,33,2,1.1428571428571428,0.0,0.0,0.21806666666666663,optimal
2021-02-12 01:30:00,33,2,1.1428571428571428,0.0,0.0,0.067,optimal
2021-02-12 02:00:00,33,2,1.1428571428571428,0.0,0.0,0.067,optimal
2021-02-12 02:30:00,33,2,1.1428571428571428,0.0,0.0,0.21806666666666663,optimal
2021-02-12 03:00:00,33,2,1.1428571428571428,0.0,0.0,0.067,optimal
2021-02-12 03:30:00,33,2,1.1428571428571428,0.0,0.0,0.067,optimal
2021-02-12 04:00:00,33,2,1.1428571428571428,0.0,0.0,0.21806666666666663,optimal
2021-02-12 04:30:00,33,2,1.1428571428571428,0.0,0.0,0.067,optimal
2021-02-12 05:00:00,33,2,1.1428571428571428,0.0,0.0,0.067,optimal
2021-02-12 05:30:00,33,2,1.1428571428571428,0.0,0.0,0.075,optimal
2021-02-12 06:00:00,33,2,1.1428571428571428,0.0,0.1519950128729276,0.22473333333333328,optimal
2021-02-12 06:30:00,33,2,1.1428571428571428,0.0,10.0,0.067,optimal
2021-02-12 07:00:00,33,2,1.1428571428571428,0.0,10.0,0.067,optimal
2021-02-12 07:30:00,33,2,1.1428571428571428,10.807095393706692,0.0,0.07266666666666667,optimal
2021-02-12 08:00:00,33,2,0.9041381338941541,0.0,0.0,0.22473333333333328,optimal
2021-02-12 08:30:00,33,2,0.9409036754346828,0.0,0.0,0.06633333333333333,optimal
2021-02-12 09:00:00,33,2,0.8236088814365651,0.0,0.0,0.065,optimal
2021-02-12 09:30:00,33,2,0.640206972109858,0.0,0.0,0.25656666666666667,optimal
2021-02-12 10:00:00,33,2,0.44226046270014197,1.470740740740741,0.0,0.3213333333333333,optimal
2021-02-12 10:30:00,33,2,0.4627941415238495,0.1548148148148148,0.0,0.079,optimal
2021-02-12 11:00:00,33,2,0.21708145818607957,0.23222222222222222,0.0,2.214566666666667,optimal
2021-02-12 11:30:00,33,2,0.2784376918485685,0.0,0.0,2.3836666666666666,optimal
2021-02-12 12:00:00,33,2,1.1147853071643186,0.0,0.0,0.442,optimal
2021-02-12 12:30:00,33,2,1.1428571428571428,0.0,0.0,0.1837333333333333,optimal
2021-02-12 13:00:00,33,2,1.1428571428571428,0.0,0.0,0.106,optimal
2021-02-12 13:30:00,33,2,1.1428571428571428,0.0,0.0,0.11133333333333331,optimal
2021-02-12 14:00:00,33,2,1.1428571428571428,0.0,0.0,0.19373333333333329,optimal
2021-02-12 14:30:00,33,2,1.1428571428571428,0.0,0.0,0.077,optimal
2021-02-12 15:00:00,33,2,1.1428571428571428,0.0,0.0,0.1388,optimal
2021-02-12 15:30:00,33,2,1.1428571428571428,0.0,0.0,0.16626666666666667,optimal
2021-02-12 16:00:00,33,2,0.0,0.0,0.0,0.077,optimal
2021-02-12 16:30:00,33,2,0.0,0.0,0.0,0.22806666666666664,optimal
2021-02-12 17:00:00,33,2,0.0,0.0,0.0,0.077,optimal
2021-02-12 17:30:00,33,2,0.0,0.1548148148148148,0.0,0.2603666666666667,optimal
2021-02-12 18:00:00,33,2,0.0,0.6192592592592592,0.0,0.36269999999999997,optimal
2021-02-12 18:30:00,33,2,0.0,0.9288888888888889,0.0,0.14473333333333332,optimal
2021-02-12 19:00:00,33,2,0.0,0.0,0.0,0.3674,optimal
2021-02-12 19:30:00,33,2,0.6315709514191313,0.23222222222222222,0.0,0.40626666666666666,optimal
2021-02-12 20:00:00,33,2,0.6277537221893947,0.0,0.0,0.5602666666666667,optimal
2021-02-12 20:30:00,33,2,0.0,0.0,0.0,0.4955333333333334,optimal
2021-02-12 21:00:00,33,2,0.0,0.0,0.0,0.1641,optimal
2021-02-12 21:30:00,33,2,0.0,0.1548148148148148,0.0,0.48006666666666664,optimal
2021-02-12 22:00:00,33,2,0.0,0.23222222222222222,0.0,0.4997,optimal
2021-02-12 22:30:00,33,2,0.0,0.0,0.0,0.6415333333333333,optimal
2021-02-12 23:00:00,33,2,0.0,0.46444444444444444,0.0,0.5834666666666667,optimal
2021-02-12 23:30:00,33,2,0.0,0.0,0.0,0.7465666666666667,optimal
2021-02-13 00:00:00,33,2,0.0,0.0,0.0,0.0592,optimal
2021-02-13 00:30:00,33,2,0.0,0.0,0.0,0.13013333333333332,optimal
2021-02-13 01:00:00,33,2,0.46330325143746814,0.1548148148148148,0.0,0.38939999999999997,optimal
2021-02-13 01:30:00,33,2,1.1428571428571428,0.0,0.0,0.2595,optimal
2021-02-13 02:00:00,33,2,1.1428571428571428,0.0,0.0,0.09663333333333333,optimal
2021-02-13 02:30:00,33,2,1.1428571428571428,0.0,0.0,0.17863333333333334,optimal
2021-02-13 03:00:00,33,2,1.1428571428571428,0.0,0.0,0.06333333333333334,optimal
2021-02-13 03:30:00,33,2,1.1428571428571428,0.0,0.0,0.07346666666666667,optimal
2021-02-13 04:00:00,33,2,1.1428571428571428,0.0,0.0,0.17959999999999998,optimal
2021-02-13 04:30:00,33,2,1.1428571428571428,0.0,0.005608051545553544,0.06620000000000001,optimal
2021-02-13 05:00:00,33,2,1.1428571428571428,0.0774074074074074,10.0,0.1851,optimal
2021-02-13 05:30:00,33,2,1.1428571428571428,0.1548148148148148,0.0,0.4315333333333334,optimal
2021-02-13 06:00:00,33,2,1.1428571428571428,0.23222222222222222,0.0,0.07966666666666668,optimal
2021-02-13 06:30:00,33,2,1.1428571428571428,0.0,0.0,0.2119333333333333,optimal
2021-02-13 07:00:00,33,2,1.1428571428571428,0.0,0.0,0.045,optimal
2021-02-13 07:30:00,33,2,1.1428571428571428,1.433585185185185,0.0,0.15393333333333334,optimal
2021-02-13 08:00:00,33,2,0.7987498170185634,0.888637037037037,0.0,0.13440000000000002,optimal
2021-02-13 08:30:00,33,2,0.7276108125858153,0.23222222222222222,0.0,0.13523333333333332,optimal
2021-02-13 09:00:00,33,2,0.63026763612033,0.0,0.0,0.17493333333333333,optimal
2021-02-13 09:30:00,33,2,0.5685630901470508,0.0,0.0,0.21146666666666666,optimal
2021-02-13 10:00:00,33,2,0.6834817713631455,0.0,0.0,0.13563333333333333,optimal
2021-02-13 10:30:00,33,2,0.6930380050256402,0.0,0.0,0.0947,optimal
2021-02-13 11:00:00,33,2,0.5536620850988361,0.0,0.0,0.15533333333333335,optimal
2021-02-13 11:30:00,33,2,0.5614468901899046,0.0,0.0,0.1206,optimal
2021-02-13 12:00:00,33,2,0.5164543981396504,0.0,0.0,0.0996,optimal
2021-02-13 12:30:00,33,2,0.45445257975033454,0.0,0.0,0.15463333333333332,optimal
2021-02-13 13:00:00,33,2,1.1428571428571428,0.46444444444444444,0.0,0.10786666666666667,optimal
2021-02-13 13:30:00,33,2,1.1428571428571428,0.0,0.0,0.32930000000000004,optimal
2021-02-13 14:00:00,33,2,1.1428571428571428,0.1548148148148148,0.0,0.4046,optimal
2021-02-13 14:30:00,33,2,1.1428571428571428,0.5418518518518518,0.0,0.2892,optimal
2021-02-13 15:00:00,33,2,1.1428571428571428,0.0,0.0,0.28496666666666665,optimal
2021-02-13 15:30:00,33,2,1.1428571428571428,0.46444444444444444,0.0,0.5254,optimal
2021-02-13 16:00:00,33,2,0.0,0.5418518518518518,0.0,0.21853333333333333,optimal
2021-02-13 16:30:00,33,2,0.0,0.6966666666666667,0.0,1.6803666666666666,optimal
2021-02-13 17:00:00,33,2,0.0,0.0,0.0,0.38906666666666667,optimal
2021-02-13 17:30:00,33,2,0.0,0.0,0.0,0.49210000000000004,optimal
2021-02-13 18:00:00,33,2,0.0,0.0,0.0,0.21436666666666668,optimal
2021-02-13 18:30:00,33,2,0.0,0.5418518518518518,0.0,1.1965666666666666,optimal
2021-02-13 19:00:00,33,2,0.0,1.975437037037037,0.0,2.8461,optimal
2021-02-13 19:30:00,33,2,0.28107532477585856,3.597896296296296,0.0,1.6482666666666668,optimal
2021-02-13 20:00:00,33,2,0.6547918174274965,0.0,0.0,0.24209999999999998,optimal
2021-02-13 20:30:00,33,2,0.0,0.0,0.0,0.3744333333333333,optimal
2021-02-13 21:00:00,33,2,0.0,1.315925925925926,0.0,0.18309999999999998,optimal
2021-02-13 21:30:00,33,2,0.0,0.0,0.0,0.3348,optimal
2021-02-13 22:00:00,33,2,0.0,0.0,0.0,0.29086666666666666,optimal
2021-02-13 22:30:00,33,2,0.0,0.0,0.0,0.3058,optimal
2021-02-13 23:00:00,33,2,0.0,0.0,0.0,0.3842,optimal
2021-02-13 23:30:00,33,2,0.0,0.0,0.0,0.104,optimal
2021-02-07 00:00:00,34,2,0.0,0.0,0.0,0.043,optimal
2021-02-07 00:30:00,34,2,0.0,0.0,0.0,0.11016666666666669,optimal
2021-02-07 01:00:00,34,2,0.0,0.0,0.0,0.1555,optimal
2021-02-07 01:30:00,34,2,0.0,0.0,0.0,0.043,optimal
2021-02-07 02:00:00,34,2,0.0,0.0,0.0,0.13083333333333333,optimal
2021-02-07 02:30:00,34,2,0.0,0.0,0.0,0.06883333333333333,optimal
2021-02-07 03:00:00,34,2,0.0,0.0,0.0,0.10533333333333332,optimal
2021-02-07 03:30:00,34,2,0.0,0.0,0.0,0.046666666666666655,optimal
2021-02-07 04:00:00,34,2,1.1428571428571428,0.23222222222222222,0.0,0.052333333333333336,optimal
2021-02-07 04:30:00,34,2,1.1428571428571428,0.46444444444444444,0.0,0.2113333333333333,optimal
2021-02-07 05:00:00,34,2,1.1428571428571428,0.6966666666666667,1.1060376930150764,0.042,optimal
2021-02-07 05:30:00,34,2,1.1428571428571428,0.0,0.0,0.17116666666666666,optimal
2021-02-07 06:00:00,34,2,1.1428571428571428,0.0,0.0,0.0945,optimal
2021-02-07 06:30:00,34,2,1.1428571428571428,0.0,0.0,0.08433333333333333,optimal
2021-02-07 07:00:00,34,2,1.1428571428571428,0.0,0.0,0.11533333333333332,optimal
2021-02-07 07:30:00,34,2,0.0,0.0,0.0,0.09933333333333332,optimal
2021-02-07 08:00:00,34,2,0.44462653189650597,0.0,0.0,0.17766666666666667,optimal
2021-02-07 08:30:00,34,2,0.7804354928276045,0.0,0.0,0.043,optimal
2021-02-07 09:00:00,34,2,0.7289645184302633,0.0,0.0,0.11016666666666669,optimal
2021-02-07 09:30:00,34,2,0.7253969425689517,0.0,0.0,0.11516666666666668,optimal
2021-02-07 10:00:00,34,2,0.6901615278344996,0.0,0.0,0.08333333333333333,optimal
2021-02-07 10:30:00,34,2,0.6734871557476211,0.0,0.0,0.15666666666666665,optimal
2021-02-07 11:00:00,34,2,0.653615721714472,0.0,0.0,0.043,optimal
2021-02-07 11:30:00,34,2,0.634758578857325,0.0,0.0,0.11766666666666668,optimal
2021-02-07 12:00:00,34,2,0.6073740405468724,0.0,0.0,0.07183333333333333,optimal
2021-02-07 12:30:00,34,2,0.5896597548325875,0.0,0.0,0.13083333333333333,optimal
2021-02-07 13:00:00,34,2,1.1428571428571428,0.1548148148148148,0.0,0.10033333333333332,optimal
2021-02-07 13:30:00,34,2,1.1428571428571428,0.0,0.0,0.5223,optimal
2021-02-07 14:00:00,34,2,1.1428571428571428,0.3096296296296296,0.0,0.1635,optimal
2021-02-07 14:30:00,34,2,1.1428571428571428,0.0,0.0,0.13993333333333333,optimal
2021-02-07 15:00:00,34,2,1.1428571428571428,0.0774074074074074,0.0,0.339,optimal
2021-02-07 15:30:00,34,2,1.1428571428571428,0.3096296296296296,0.0,0.3053333333333333,optimal
2021-02-07 16:00:00,34,2,0.0,0.0,0.0,0.19240000000000002,optimal
2021-02-07 16:30:00,34,2,0.0,0.3096296296296296,0.0,0.3153333333333333,optimal
2021-02-07 17:00:00,34,2,0.0,0.0,0.0,0.41293333333333326,optimal
2021-02-07 17:30:00,34,2,0.0,0.774074074074074,0.0,0.7134666666666667,optimal
2021-02-07 18:00:00,34,2,0.0,0.3096296296296296,0.0,0.49746666666666656,optimal
2021-02-07 18:30:00,34,2,0.0,0.6966666666666667,0.0,0.9626,optimal
2021-02-07 19:00:00,34,2,0.0,0.387037037037037,0.0,0.3805,optimal
2021-02-07 19:30:00,34,2,0.0,0.0,0.0,1.0289333333333335,optimal
2021-02-07 20:00:00,34,2,0.4522920275767816,0.0,0.0,0.4973333333333333,optimal
2021-02-07 20:30:00,34,2,0.0,0.0,0.0,0.4552333333333333,optimal
2021-02-07 21:00:00,34,2,0.0,0.0,0.0,0.17666666666666667,optimal
2021-02-07 21:30:00,34,2,0.0,0.0,0.0,0.15166666666666664,optimal
2021-02-07 22:00:00,34,2,0.0,0.0,0.0,0.134,optimal
2021-02-07 22:30:00,34,2,0.0,0.0,0.0,0.11833333333333332,optimal
2021-02-07 23:00:00,34,2,0.0,0.0,0.0,0.16733333333333333,optimal
2021-02-07 23:30:00,34,2,0.0,0.0,0.0,0.053,optimal
2021-02-08 00:00:00,34,2,0.0,0.0,0.0,0.058,optimal
2021-02-08 00:30:00,34,2,0.0,0.0,0.0,0.058,optimal
2021-02-08 01:00:00,34,2,0.2991193820080029,0.0,0.0,0.07006666666666667,optimal
2021-02-08 01:30:00,34,2,1.1428571428571428,0.0,0.0,0.17866666666666667,optimal
2021-02-08 02:00:00,34,2,1.1428571428571428,0.0,0.0,0.058,optimal
2021-02-08 02:30:00,34,2,1.1428571428571428,0.0,0.0,0.058,optimal
2021-02-08 03:00:00,34,2,1.1428571428571428,0.0,0.0,0.19073333333333328,optimal
2021-02-08 03:30:00,34,2,1.1428571428571428,0.0,0.0,0.058,optimal
2021-02-08 04:00:00,34,2,1.1428571428571428,0.0,0.0,0.12436666666666665,optimal
2021-02-08 04:30:00,34,2,1.1428571428571428,0.0,0.0,0.12436666666666665,optimal
2021-02-08 05:00:00,34,2,1.1428571428571428,0.0,0.0,0.058,optimal
2021-02-08 05:30:00,34,2,1.1428571428571428,0.0,0.0,0.058,optimal
2021-02-08 06:00:00,34,2,1.1428571428571428,0.0,0.0,0.058,optimal
2021-02-08 06:30:00,34,2,1.1428571428571428,0.0,0.0,0.058,optimal
2021-02-08 07:00:00,34,2,1.1428571428571428,0.0,8.842989716073886,0.058,optimal
2021-02-08 07:30:00,34,2,1.1428571428571428,0.0,0.0,0.19073333333333328,optimal
2021-02-08 08:00:00,34,2,0.6642293004011303,5.031481481481482,0.0,2.095133333333333,optimal
2021-02-08 08:30:00,34,2,0.6464558806952027,0.23222222222222222,0.0,0.6011666666666666,optimal
2021-02-08 09:00:00,34,2,0.5130357055797707,0.387037037037037,0.0,2.6505,optimal
2021-02-08 09:30:00,34,2,0.546723454186287,0.0,0.0,3.1900999999999997,optimal
2021-02-08 10:00:00,34,2,0.6304265101981724,0.0,0.0,0.17056666666666667,optimal
2021-02-08 10:30:00,34,2,0.6661482854011846,0.0,0.0,0.068,optimal
2021-02-08 11:00:00,34,2,0.5313829812567972,0.0,0.0,0.2007333333333333,optimal
2021-02-08 11:30:00,34,2,0.5650287819151069,0.0,0.0,0.068,optimal
2021-02-08 12:00:00,34,2,0.5044185501502007,0.0,0.0,0.15246666666666667,optimal
2021-02-08 12:30:00,34,2,0.6451792099129997,0.0,0.0,0.11626666666666668,optimal
2021-02-08 13:00:00,34,2,1.1428571428571428,0.0,0.0,0.11626666666666668,optimal
2021-02-08 13:30:00,34,2,1.1428571428571428,0.0,0.0,0.15246666666666667,optimal
2021-02-08 14:00:00,34,2,1.1428571428571428,0.0,0.0,0.068,optimal
2021-02-08 14:30:00,34,2,1.1428571428571428,0.0,0.0,0.19469999999999998,optimal
2021-02-08 15:00:00,34,2,1.1428571428571428,0.0,0.0,0.07403333333333333,optimal
2021-02-08 15:30:00,34,2,1.1428571428571428,0.0,0.0,0.14643333333333333,optimal
2021-02-08 16:00:00,34,2,0.0,0.0,0.0,1.0732666666666668,optimal
2021-02-08 16:30:00,34,2,0.0,0.0,0.0,0.2526,optimal
2021-02-08 17:00:00,34,2,0.0,0.6192592592592592,0.0,0.8388,optimal
2021-02-08 17:30:00,34,2,0.0,0.23222222222222222,0.0,4.041966666666665,optimal
2021-02-08 18:00:00,34,2,0.0,0.0,0.0,3.5605666666666664,optimal
2021-02-08 18:30:00,34,2,0.0,0.0,0.0,0.6589333333333333,optimal
2021-02-08 19:00:00,34,2,0.0,0.1548148148148148,0.0,0.4389333333333333,optimal
2021-02-08 19:30:00,34,2,0.5698459713004834,0.0,0.0,0.4911666666666667,optimal
2021-02-08 20:00:00,34,2,0.5565201274558761,0.3096296296296296,0.0,0.5645666666666668,optimal
2021-02-08 20:30:00,34,2,0.0,0.0,0.0,0.489,optimal
2021-02-08 21:00:00,34,2,0.0,0.0774074074074074,0.0,0.5769,optimal
2021-02-08 21:30:00,34,2,0.0,0.0,0.0,0.29153333333333337,optimal
2021-02-08 22:00:00,34,2,0.0,0.3096296296296296,0.0,0.3813333333333333,optimal
2021-02-08 22:30:00,34,2,0.0,2.150377777777778,0.0,1.8543333333333332,optimal
2021-02-08 23:00:00,34,2,0.0,0.017029629629629645,0.0,2.8165999999999998,optimal
2021-02-08 23:30:00,34,2,0.0,0.0,0.0,2.5931333333333333,optimal
2021-02-09 00:00:00,34,2,0.0,1.548148148148148,0.0,0.5713333333333334,optimal
2021-02-09 00:30:00,34,2,0.0,0.0,0.0,0.16146666666666668,optimal
2021-02-09 01:00:00,34,2,0.0,0.0,0.0,0.1468,optimal
2021-02-09 01:30:00,34,2,0.6544013228413745,0.0,0.0,0.12543333333333334,optimal
2021-02-09 02:00:00,34,2,1.1428571428571428,0.0,0.0,0.2543666666666667,optimal
2021-02-09 02:30:00,34,2,1.1428571428571428,0.0,0.0,0.06,optimal
2021-02-09 03:00:00,34,2,1.1428571428571428,0.0,0.0,0.08013333333333333,optimal
2021-02-09 03:30:00,34,2,1.1428571428571428,0.0,0.0,0.14053333333333334,optimal
2021-02-09 04:00:00,34,2,1.1428571428571428,0.0,0.0,0.2119,optimal
2021-02-09 04:30:00,34,2,1.1428571428571428,0.0,0.0,0.06723333333333334,optimal
2021-02-09 05:00:00,34,2,1.1428571428571428,0.0,0.0,0.1679,optimal
2021-02-09 05:30:00,34,2,1.1428571428571428,0.0,0.0,0.2119,optimal
2021-02-09 06:00:00,34,2,1.1428571428571428,0.0,0.0,0.16066666666666665,optimal
2021-02-09 06:30:00,34,2,1.1428571428571428,0.0,0.0,0.06966666666666667,optimal
2021-02-09 07:00:00,34,2,1.1428571428571428,0.0,7.033445456700499,2.125266666666667,optimal
2021-02-09 07:30:00,34,2,1.1428571428571428,0.0,0.0,0.7465333333333333,optimal
2021-02-09 08:00:00,34,2,0.7035732849525341,4.179999999999999,0.0,0.4933,optimal
2021-02-09 08:30:00,34,2,0.6391715097495272,0.3096296296296296,0.0,0.5057,optimal
2021-02-09 09:00:00,34,2,0.4286137946349223,0.42883703703703696,0.0,3.0434,optimal
2021-02-09 09:30:00,34,2,0.41406262518127773,0.345237037037037,0.0,1.6195,optimal
2021-02-09 10:00:00,34,2,0.5951998882415722,0.0,0.0,0.3197,optimal
2021-02-09 10:30:00,34,2,0.6166705803635417,0.0,0.0,0.226,optimal
2021-02-09 11:00:00,34,2,0.49370773469621354,0.0,0.0,0.3566333333333333,optimal
2021-02-09 11:30:00,34,2,0.522001111215837,0.0,0.0,0.1134,optimal
2021-02-09 12:00:00,34,2,0.4678643276509294,0.0,0.0,0.07,optimal
2021-02-09 12:30:00,34,2,1.1022953580748627,0.0,0.0,0.2864,optimal
2021-02-09 13:00:00,34,2,1.1428571428571428,0.0,0.0,1.3718,optimal
2021-02-09 13:30:00,34,2,1.1428571428571428,0.387037037037037,0.0,0.8345333333333333,optimal
2021-02-09 14:00:00,34,2,1.1428571428571428,2.1674074074074072,0.0,0.9056333333333332,optimal
2021-02-09 14:30:00,34,2,1.1428571428571428,0.0,0.0,0.2598333333333333,optimal
2021-02-09 15:00:00,34,2,1.1428571428571428,0.0,0.0,0.17066666666666666,optimal
2021-02-09 15:30:00,34,2,1.1428571428571428,0.0,0.0,0.12786666666666666,optimal
2021-02-09 16:00:00,34,2,0.0,0.0,0.0,0.21153333333333332,optimal
2021-02-09 16:30:00,34,2,0.0,0.0,0.0,0.13040000000000002,optimal
2021-02-09 17:00:00,34,2,0.0,0.0,0.0,0.11466666666666668,optimal
2021-02-09 17:30:00,34,2,0.0,0.0,0.0,0.28513333333333335,optimal
2021-02-09 18:00:00,34,2,0.0,0.0,0.0,0.11453333333333332,optimal
2021-02-09 18:30:00,34,2,0.0,0.0774074074074074,0.0,0.9545666666666668,optimal
2021-02-09 19:00:00,34,2,0.0,0.3096296296296296,0.0,0.35603333333333337,optimal
2021-02-09 19:30:00,34,2,0.5349110355093228,0.0,0.0,1.7985333333333333,optimal
2021-02-09 20:00:00,34,2,0.5095015116998,0.0,0.0,0.9474,optimal
2021-02-09 20:30:00,34,2,0.0,0.6192592592592592,0.0,0.44639999999999996,optimal
2021-02-09 21:00:00,34,2,0.0,0.23222222222222222,0.0,0.9795333333333331,optimal
2021-02-09 21:30:00,34,2,0.0,0.0,0.0,0.9963333333333334,optimal
2021-02-09 22:00:00,34,2,0.0,0.0,0.0,0.17126666666666668,optimal
2021-02-09 22:30:00,34,2,0.0,0.0,0.0,0.18513333333333332,optimal
2021-02-09 23:00:00,34,2,0.0,0.0,0.0,0.21466666666666662,optimal
2021-02-09 23:30:00,34,2,0.0,0.0,0.0,0.07,optimal
2021-02-10 00:00:00,34,2,0.0,0.0,0.0,0.064,optimal
2021-02-10 00:30:00,34,2,0.11908990473153215,0.0,0.0,0.05666666666666666,optimal
2021-02-10 01:00:00,34,2,1.1428571428571428,0.0,0.0,0.054,optimal
2021-02-10 01:30:00,34,2,1.1428571428571428,0.0,0.0,0.054,optimal
2021-02-10 02:00:00,34,2,1.1428571428571428,0.0,0.0,0.20533333333333328,optimal
2021-02-10 02:30:00,34,2,1.1428571428571428,0.0,0.0,0.054,optimal
2021-02-10 03:00:00,34,2,1.1428571428571428,0.0,0.0,0.16733333333333333,optimal
2021-02-10 03:30:00,34,2,1.1428571428571428,0.0,0.0,0.09133333333333331,optimal
2021-02-10 04:00:00,34,2,1.1428571428571428,0.0,0.0,0.064,optimal
2021-02-10 04:30:00,34,2,1.1428571428571428,0.0,0.0,0.20166666666666663,optimal
2021-02-10 05:00:00,34,2,1.1428571428571428,0.0,0.0,0.054,optimal
2021-02-10 05:30:00,34,2,1.1428571428571428,0.0,0.0,0.054,optimal
2021-02-10 06:00:00,34,2,1.1428571428571428,0.0,0.0,0.078,optimal
2021-02-10 06:30:00,34,2,1.1428571428571428,0.0,0.0,0.19066666666666662,optimal
2021-02-10 07:00:00,34,2,1.1428571428571428,0.0,0.0,0.05533333333333334,optimal
2021-02-10 07:30:00,34,2,1.1428571428571428,0.0,0.0,0.08066666666666668,optimal
2021-02-10 08:00:00,34,2,0.7579331091158689,6.424814814814814,0.0,0.17866666666666667,optimal
2021-02-10 08:30:00,34,2,0.7654723294801066,0.0,0.0,0.063,optimal
2021-02-10 09:00:00,34,2,0.6304613897598037,0.23222222222222222,0.0,0.3110333333333334,optimal
2021-02-10 09:30:00,34,2,0.4555434672669024,1.8577777777777778,0.0,2.5965,optimal
2021-02-10 10:00:00,34,2,0.29711768269937183,5.960370370370371,0.0,1.0782,optimal
2021-02-10 10:30:00,34,2,0.26894447892492745,0.23222222222222222,0.0,1.0794666666666668,optimal
2021-02-10 11:00:00,34,2,0.4149137312133733,0.1548148148148148,0.0,0.30639999999999995,optimal
2021-02-10 11:30:00,34,2,0.3673881033002509,1.470740740740741,0.0,0.5072333333333333,optimal
2021-02-10 12:00:00,34,2,0.22468815487059335,0.0,0.0,0.5793333333333334,optimal
2021-02-10 12:30:00,34,2,0.03188815487060424,0.23222222222222222,0.0,1.2541333333333335,optimal
2021-02-10 13:00:00,34,2,1.1428571428571428,0.0774074074074074,0.0,0.5122666666666666,optimal
2021-02-10 13:30:00,34,2,1.1428571428571428,0.1548148148148148,0.0,0.38180000000000003,optimal
2021-02-10 14:00:00,34,2,1.1428571428571428,0.23222222222222222,3.4493824897290746,0.18993333333333332,optimal
2021-02-10 14:30:00,34,2,1.1428571428571428,0.23222222222222222,10.0,0.2821666666666667,optimal
2021-02-10 15:00:00,34,2,1.1428571428571428,0.0,10.0,0.3737,optimal
2021-02-10 15:30:00,34,2,1.1428571428571428,0.0,10.0,0.33766666666666667,optimal
2021-02-10 16:00:00,34,2,0.0,0.0,0.0,0.064,optimal
2021-02-10 16:30:00,34,2,0.0,0.3096296296296296,0.0,0.11066666666666669,optimal
2021-02-10 17:00:00,34,2,0.0,0.23222222222222222,0.0,0.3144666666666666,optimal
2021-02-10 17:30:00,34,2,0.0,0.1548148148148148,0.0,0.3796666666666667,optimal
2021-02-10 18:00:00,34,2,0.0,0.0774074074074074,0.0,0.36710000000000004,optimal
2021-02-10 18:30:00,34,2,0.0,0.1548148148148148,0.0,0.4013333333333333,optimal
2021-02-10 19:00:00,34,2,0.0,0.0774074074074074,0.0,0.29333333333333333,optimal
2021-02-10 19:30:00,34,2,0.5502243325832636,0.3096296296296296,0.0,0.3967,optimal
2021-02-10 20:00:00,34,2,0.45701632021446825,2.1674074074074072,0.0,1.8807,optimal
2021-02-10 20:30:00,34,2,0.0,0.1548148148148148,0.0,1.620766666666667,optimal
2021-02-10 21:00:00,34,2,0.0,0.0,0.0,0.6077666666666667,optimal
2021-02-10 21:30:00,34,2,0.0,1.8577777777777778,0.0,0.25216666666666665,optimal
2021-02-10 22:00:00,34,2,0.0,0.0774074074074074,0.0,0.14809999999999998,optimal
2021-02-10 22:30:00,34,2,0.0,0.1548148148148148,0.0,0.2016,optimal
2021-02-10 23:00:00,34,2,0.0,0.0774074074074074,0.0,0.21780000000000002,optimal
2021-02-10 23:30:00,34,2,0.0,0.0,0.0,0.1704,optimal
2021-02-11 00:00:00,34,2,1.1428571428571428,0.0,0.0,0.063,optimal
2021-02-11 00:30:00,34,2,1.1428571428571428,0.0,0.0,0.10663333333333334,optimal
2021-02-11 01:00:00,34,2,1.1428571428571428,0.0,0.0,0.1936,optimal
2021-02-11 01:30:00,34,2,1.1428571428571428,0.0,0.0,0.1001,optimal
2021-02-11 02:00:00,34,2,1.1428571428571428,0.0,0.0,0.1814333333333333,optimal
2021-02-11 02:30:00,34,2,1.1428571428571428,0.0,0.0,0.1559,optimal
2021-02-11 03:00:00,34,2,1.1428571428571428,0.0,0.0,0.07546666666666667,optimal
2021-02-11 03:30:00,34,2,1.1428571428571428,0.0,0.0,0.196,optimal
2021-02-11 04:00:00,34,2,1.1428571428571428,0.0,0.0,0.1372,optimal
2021-02-11 04:30:00,34,2,1.1428571428571428,0.0,0.0,0.20013333333333333,optimal
2021-02-11 05:00:00,34,2,1.1428571428571428,0.0,0.0,0.0683,optimal
2021-02-11 05:30:00,34,2,1.1428571428571428,0.0,0.0,0.13190000000000002,optimal
2021-02-11 06:00:00,34,2,1.1428571428571428,0.0,0.0,0.20013333333333333,optimal
2021-02-11 06:30:00,34,2,1.1428571428571428,0.0,0.0,0.14686666666666667,optimal
2021-02-11 07:00:00,34,2,1.1428571428571428,0.0,9.14034999691094,0.1565,optimal
2021-02-11 07:30:00,34,2,1.1428571428571428,1.4789212935995129,0.0,0.11193333333333334,optimal
2021-02-11 08:00:00,34,2,0.8299067894129261,0.46444444444444444,0.0,0.12990000000000002,optimal
2021-02-11 08:30:00,34,2,0.814009516996888,0.0,0.0,0.246,optimal
2021-02-11 09:00:00,34,2,0.7212074209035437,0.0,0.0,0.34956666666666664,optimal
2021-02-11 09:30:00,34,2,0.6400107508132749,0.0,0.0,0.36036666666666667,optimal
2021-02-11 10:00:00,34,2,0.4015946473935208,0.0,0.0,0.3796333333333333,optimal
2021-02-11 10:30:00,34,2,0.5673769863008129,0.0,0.0,0.2139,optimal
2021-02-11 11:00:00,34,2,0.5609340850812679,0.0,0.0,0.12153333333333331,optimal
2021-02-11 11:30:00,34,2,0.49999187573287723,0.0,0.0,0.21386666666666668,optimal
2021-02-11 12:00:00,34,2,0.4335924617547995,0.0,0.0,0.0736,optimal
2021-02-11 12:30:00,34,2,0.36963302317667696,0.0,0.0,0.20013333333333333,optimal
2021-02-11 13:00:00,34,2,1.1428571428571428,0.0,0.0,0.1372,optimal
2021-02-11 13:30:00,34,2,1.1428571428571428,0.0,0.0,0.1565,optimal
2021-02-11 14:00:00,34,2,1.1428571428571428,0.0,0.0,0.15433333333333335,optimal
2021-02-11 14:30:00,34,2,1.1428571428571428,0.0,0.0,0.32130000000000003,optimal
2021-02-11 15:00:00,34,2,1.1428571428571428,0.0,0.0,0.3016666666666667,optimal
2021-02-11 15:30:00,34,2,1.1428571428571428,0.0,0.0,0.5580333333333333,optimal
2021-02-11 16:00:00,34,2,0.0,0.0,0.0,2.997133333333333,optimal
2021-02-11 16:30:00,34,2,0.0,0.3096296296296296,0.0,0.33476666666666666,optimal
2021-02-11 17:00:00,34,2,0.0,0.5418518518518518,0.0,0.2598666666666667,optimal
2021-02-11 17:30:00,34,2,0.0,0.1548148148148148,0.0,0.2873,optimal
2021-02-11 18:00:00,34,2,0.0,0.1548148148148148,0.0,0.436,optimal
2021-02-11 18:30:00,34,2,0.0,0.23222222222222222,0.0,0.3706666666666667,optimal
2021-02-11 19:00:00,34,2,0.0,0.1548148148148148,0.0,0.2286,optimal
2021-02-11 19:30:00,34,2,0.7208150068665198,0.0,0.0,1.2051666666666667,optimal
2021-02-11 20:00:00,34,2,0.8444388432789695,0.0,0.0,0.9367000000000001,optimal
2021-02-11 20:30:00,34,2,0.0,0.0,0.0,1.1125999999999998,optimal
2021-02-11 21:00:00,34,2,0.0,0.0,0.0,0.44326666666666664,optimal
2021-02-11 21:30:00,34,2,0.0,0.0,0.0,0.44006666666666666,optimal
2021-02-11 22:00:00,34,2,0.0,0.1548148148148148,0.0,1.2315666666666667,optimal
2021-02-11 22:30:00,34,2,0.0,0.0,0.0,0.9408,optimal
2021-02-11 23:00:00,34,2,0.0,0.0,0.0,0.33936666666666665,optimal
2021-02-11 23:30:00,34,2,0.0,0.0,0.0,0.3492333333333333,optimal
2021-02-12 00:00:00,34,2,1.1428571428571428,0.0,0.0,0.056,optimal
2021-02-12 00:30:00,34,2,1.1428571428571428,0.0,0.0,0.18359999999999999,optimal
2021-02-12 01:00:00,34,2,1.1428571428571428,0.0,0.0,0.15666666666666665,optimal
2021-02-12 01:30:00,34,2,1.1428571428571428,0.0,0.0,0.056,optimal
2021-02-12 02:00:00,34,2,1.1428571428571428,0.0,0.0,0.26106666666666667,optimal
2021-02-12 02:30:00,34,2,1.1428571428571428,0.0,0.0,0.0792,optimal
2021-02-12 03:00:00,34,2,1.1428571428571428,0.0,0.0,0.1988,optimal
2021-02-12 03:30:00,34,2,1.1428571428571428,0.0,0.0,0.14146666666666666,optimal
2021-02-12 04:00:00,34,2,1.1428571428571428,0.0,0.0,0.12143333333333334,optimal
2021-02-12 04:30:00,34,2,1.1428571428571428,0.0,0.0,0.2188333333333333,optimal
2021-02-12 05:00:00,34,2,1.1428571428571428,0.0,0.0,0.056,optimal
2021-02-12 05:30:00,34,2,1.1428571428571428,0.0,0.0,0.2502333333333333,optimal
2021-02-12 06:00:00,34,2,1.1428571428571428,0.0,0.0,0.09003333333333333,optimal
2021-02-12 06:30:00,34,2,1.1428571428571428,0.0,6.632101329012504,0.1818333333333333,optimal
2021-02-12 07:00:00,34,2,1.1428571428571428,0.0774074074074074,10.0,0.2095,optimal
2021-02-12 07:30:00,34,2,1.1428571428571428,5.436215980018979,0.0,0.12656666666666666,optimal
2021-02-12 08:00:00,34,2,0.7638048005608199,0.3096296296296296,0.0,0.2581,optimal
2021-02-12 08:30:00,34,2,0.8062408182918224,2.1674074074074072,0.0,0.4805,optimal
2021-02-12 09:00:00,34,2,0.42928507191276466,0.1548148148148148,0.0,2.5462,optimal
2021-02-12 09:30:00,34,2,0.6609936387765218,0.23222222222222222,0.0,0.8062999999999999,optimal
2021-02-12 10:00:00,34,2,0.4127252246048973,0.3096296296296296,0.0,0.30646666666666667,optimal
2021-02-12 10:30:00,34,2,0.4874608081905186,0.0,0.0,0.166,optimal
2021-02-12 11:00:00,34,2,0.4690719343765522,0.0,0.0,0.1936,optimal
2021-02-12 11:30:00,34,2,0.48038054899143046,0.0,0.0,0.14653333333333332,optimal
2021-02-12 12:00:00,34,2,0.4307498306204093,0.0,0.0,0.09,optimal
2021-02-12 12:30:00,34,2,1.1216199041633805,0.3096296296296296,0.0,0.3071333333333333,optimal
2021-02-12 13:00:00,34,2,1.1428571428571428,0.0,0.0,0.11913333333333334,optimal
2021-02-12 13:30:00,34,2,1.1428571428571428,0.0,0.0,0.12806666666666666,optimal
2021-02-12 14:00:00,34,2,1.1428571428571428,2.941481481481482,0.0,0.3861,optimal
2021-02-12 14:30:00,34,2,1.1428571428571428,0.0,0.0,0.15156666666666666,optimal
2021-02-12 15:00:00,34,2,1.1428571428571428,0.0,0.0,0.1936,optimal
2021-02-12 15:30:00,34,2,1.1428571428571428,0.0,0.0,0.16666666666666666,optimal
2021-02-12 16:00:00,34,2,0.0,0.0,0.0,0.15880000000000002,optimal
2021-02-12 16:30:00,34,2,0.0,0.0,0.0,0.20146666666666666,optimal
2021-02-12 17:00:00,34,2,0.0,0.0,0.0,0.1124,optimal
2021-02-12 17:30:00,34,2,0.0,0.0,0.0,0.1824333333333333,optimal
2021-02-12 18:00:00,34,2,0.0,0.0,0.0,1.0586333333333335,optimal
2021-02-12 18:30:00,34,2,0.0,0.0,0.0,0.5397666666666666,optimal
2021-02-12 19:00:00,34,2,0.0,0.0,0.0,0.2849,optimal
2021-02-12 19:30:00,34,2,0.582989999038186,0.0,0.0,0.42136666666666667,optimal
2021-02-12 20:00:00,34,2,0.5974394364751051,0.0774074074074074,0.0,0.27563333333333334,optimal
2021-02-12 20:30:00,34,2,0.0,0.3096296296296296,0.0,0.24113333333333334,optimal
2021-02-12 21:00:00,34,2,0.0,0.0,0.0,0.22569999999999998,optimal
2021-02-12 21:30:00,34,2,0.0,0.1548148148148148,0.0,0.48936666666666667,optimal
2021-02-12 22:00:00,34,2,0.0,0.6966666666666667,0.0,0.2413333333333333,optimal
2021-02-12 22:30:00,34,2,0.0,0.0,0.0,0.17826666666666668,optimal
2021-02-12 23:00:00,34,2,0.0,0.0,0.0,0.066,optimal
2021-02-12 23:30:00,34,2,0.0,0.0,0.0,0.2627333333333333,optimal
2021-02-13 00:00:00,34,2,0.0,0.0,0.0,0.062,optimal
2021-02-13 00:30:00,34,2,0.0,0.0,0.0,0.1859,optimal
2021-02-13 01:00:00,34,2,1.0384160307807948,0.0,0.0,0.0679,optimal
2021-02-13 01:30:00,34,2,1.1428571428571428,0.0,0.0,0.062,optimal
2021-02-13 02:00:00,34,2,1.1428571428571428,0.0,0.0,0.062,optimal
2021-02-13 02:30:00,34,2,1.1428571428571428,0.0,0.0,0.1623,optimal
2021-02-13 03:00:00,34,2,1.1428571428571428,0.0,0.0,0.0915,optimal
2021-02-13 03:30:00,34,2,1.1428571428571428,0.0,0.0,0.062,optimal
2021-02-13 04:00:00,34,2,1.1428571428571428,0.0,0.0,0.1918,optimal
2021-02-13 04:30:00,34,2,1.1428571428571428,0.0,0.0,0.062,optimal
2021-02-13 05:00:00,34,2,1.1428571428571428,0.0,0.0,0.1446,optimal
2021-02-13 05:30:00,34,2,1.1428571428571428,0.0,0.0,0.1092,optimal
2021-02-13 06:00:00,34,2,1.1428571428571428,1.5883999999999998,0.0,0.31589999999999996,optimal
2021-02-13 06:30:00,34,2,1.1428571428571428,0.6564148148148148,0.0,2.248266666666667,optimal
2021-02-13 07:00:00,34,2,1.1428571428571428,6.347407407407409,7.912201861613525,1.001,optimal
2021-02-13 07:30:00,34,2,1.1428571428571428,5.108888888888889,0.0,1.7442666666666669,optimal
2021-02-13 08:00:00,34,2,0.667549817018563,2.2448148148148146,0.0,0.9132,optimal
2021-02-13 08:30:00,34,2,0.8872679554429589,0.0,0.0,0.072,optimal
2021-02-13 09:00:00,34,2,0.7367628742155644,0.0,0.0,0.0755,optimal
2021-02-13 09:30:00,34,2,0.5472507091946682,0.0774074074074074,0.0,3.451233333333333,optimal
2021-02-13 10:00:00,34,2,0.5564770094583853,0.0,0.0,0.7796333333333333,optimal
2021-02-13 10:30:00,34,2,0.4935856240732581,0.0,0.0,2.0154666666666667,optimal
2021-02-13 11:00:00,34,2,0.452938275575027,0.0,0.0,0.12976666666666667,optimal
2021-02-13 11:30:00,34,2,0.41838022352323806,0.0,0.0,0.2942333333333333,optimal
2021-02-13 12:00:00,34,2,0.3815305886158302,0.387037037037037,0.0,0.2887333333333333,optimal
2021-02-13 12:30:00,34,2,0.34436210355985447,0.1548148148148148,0.0,2.0097,optimal
2021-02-13 13:00:00,34,2,1.0892303359540905,0.0,0.0,0.6624333333333333,optimal
2021-02-13 13:30:00,34,2,1.1428571428571428,0.774074074074074,0.0,3.6898,optimal
2021-02-13 14:00:00,34,2,1.1428571428571428,0.0,0.0,2.4634,optimal
2021-02-13 14:30:00,34,2,1.1428571428571428,0.0,0.0,1.5190666666666666,optimal
2021-02-13 15:00:00,34,2,1.1428571428571428,0.387037037037037,0.0,0.7949666666666667,optimal
2021-02-13 15:30:00,34,2,1.1428571428571428,0.0,0.0,2.179233333333333,optimal
2021-02-13 16:00:00,34,2,0.0,0.3096296296296296,0.0,0.6895,optimal
2021-02-13 16:30:00,34,2,0.0,0.0,0.0,2.8687666666666667,optimal
2021-02-13 17:00:00,34,2,0.0,0.0,0.0,4.698766666666667,optimal
2021-02-13 17:30:00,34,2,0.0,0.3096296296296296,0.0,0.3772,optimal
2021-02-13 18:00:00,34,2,0.0,0.23222222222222222,0.0,1.4585333333333332,optimal
2021-02-13 18:30:00,34,2,0.0,0.6192592592592592,0.0,1.7226333333333335,optimal
2021-02-13 19:00:00,34,2,0.0,0.0,0.0,0.40936666666666666,optimal
2021-02-13 19:30:00,34,2,0.0,0.46444444444444444,0.0,0.48033333333333333,optimal
2021-02-13 20:00:00,34,2,0.0,0.1548148148148148,0.0,0.22716666666666663,optimal
2021-02-13 20:30:00,34,2,0.0,0.0774074074074074,0.0,2.5088000000000004,optimal
2021-02-13 21:00:00,34,2,0.0,2.2448148148148146,0.0,0.5281666666666667,optimal
2021-02-13 21:30:00,34,2,0.0,0.0,0.0,0.5245333333333333,optimal
2021-02-13 22:00:00,34,2,0.0,0.387037037037037,0.0,1.1766666666666667,optimal
2021-02-13 22:30:00,34,2,0.0,0.3096296296296296,0.0,2.7346666666666666,optimal
2021-02-13 23:00:00,34,2,0.0,6.502222222222222,0.0,1.0537333333333332,optimal
2021-02-13 23:30:00,34,2,0.0,0.0,0.0,1.6919333333333333,optimal
2021-02-07 00:00:00,35,2,0.0,0.0,0.0,0.064,optimal
2021-02-07 00:30:00,35,2,0.0,0.0,0.0,0.14936666666666668,optimal
2021-02-07 01:00:00,35,2,0.0,0.0,0.0,0.1868333333333333,optimal
2021-02-07 01:30:00,35,2,0.0,0.0,0.0,0.064,optimal
2021-02-07 02:00:00,35,2,0.0,0.0,0.0,0.13213333333333332,optimal
2021-02-07 02:30:00,35,2,0.0,0.0,0.0,0.20406666666666665,optimal
2021-02-07 03:00:00,35,2,0.0,0.0,0.0,0.07859999999999999,optimal
2021-02-07 03:30:00,35,2,0.0,0.0,0.0,0.2512333333333333,optimal
2021-02-07 04:00:00,35,2,1.1428571428571428,0.0,0.0,0.07036666666666666,optimal
2021-02-07 04:30:00,35,2,1.1428571428571428,0.0,0.0,0.13213333333333332,optimal
2021-02-07 05:00:00,35,2,1.1428571428571428,0.0,0.0,0.064,optimal
2021-02-07 05:30:00,35,2,1.1428571428571428,0.0,0.0,0.064,optimal
2021-02-07 06:00:00,35,2,1.1428571428571428,0.0,0.0,0.2722,optimal
2021-02-07 06:30:00,35,2,1.1428571428571428,0.0,0.0,0.06933333333333333,optimal
2021-02-07 07:00:00,35,2,1.1428571428571428,0.0,2.5213313032427203,0.26480000000000004,optimal
2021-02-07 07:30:00,35,2,0.0,0.0,0.0,0.07373333333333333,optimal
2021-02-07 08:00:00,35,2,0.6758548128464896,0.0,0.0,0.14676666666666668,optimal
2021-02-07 08:30:00,35,2,0.6879021594942654,0.3096296296296296,0.0,0.14363333333333334,optimal
2021-02-07 09:00:00,35,2,0.58782547081122,0.0,0.0,0.23296666666666666,optimal
2021-02-07 09:30:00,35,2,0.6205683711403805,0.0,0.0,0.19233333333333327,optimal
2021-02-07 10:00:00,35,2,0.5588567659297367,0.1548148148148148,0.0,0.2415,optimal
2021-02-07 10:30:00,35,2,0.5803062033666636,0.46444444444444444,0.0,0.5438,optimal
2021-02-07 11:00:00,35,2,0.3325681026668554,5.573333333333333,0.0,2.508266666666667,optimal
2021-02-07 11:30:00,35,2,0.26979095980970685,0.23222222222222222,0.0,3.635466666666666,optimal
2021-02-07 12:00:00,35,2,1.1150012471871247,0.0,0.0,1.1795,optimal
2021-02-07 12:30:00,35,2,1.1428571428571428,0.1548148148148148,0.0,0.26313333333333333,optimal
2021-02-07 13:00:00,35,2,1.1428571428571428,0.35142962962962954,0.0,0.3156666666666667,optimal
2021-02-07 13:30:00,35,2,1.1428571428571428,0.0,0.0,0.1995,optimal
2021-02-07 14:00:00,35,2,1.1428571428571428,0.0,0.0,0.244,optimal
2021-02-07 14:30:00,35,2,1.1428571428571428,0.0,0.0,0.11220000000000001,optimal
2021-02-07 15:00:00,35,2,1.1428571428571428,0.0,0.0,0.11220000000000001,optimal
2021-02-07 15:30:00,35,2,1.1428571428571428,0.0,0.0,0.244,optimal
2021-02-07 16:00:00,35,2,0.0,0.0,0.0,0.074,optimal
2021-02-07 16:30:00,35,2,0.0,0.0,0.0,0.08373333333333334,optimal
2021-02-07 17:00:00,35,2,0.0,0.0,0.0,0.23426666666666668,optimal
2021-02-07 17:30:00,35,2,0.0,0.11301481481481482,0.0,0.1182,optimal
2021-02-07 18:00:00,35,2,0.0,0.5418518518518518,0.0,0.3137,optimal
2021-02-07 18:30:00,35,2,0.0,0.0,0.0,0.32743333333333335,optimal
2021-02-07 19:00:00,35,2,0.0,0.0,0.0,0.3406666666666667,optimal
2021-02-07 19:30:00,35,2,0.5747232414341139,0.0774074074074074,0.0,0.28046666666666664,optimal
2021-02-07 20:00:00,35,2,0.5283518128626876,0.0,0.0,0.3286,optimal
2021-02-07 20:30:00,35,2,0.0,0.0,0.0,0.6915333333333333,optimal
2021-02-07 21:00:00,35,2,0.0,0.0,0.0,0.46893333333333326,optimal
2021-02-07 21:30:00,35,2,0.0,0.5418518518518518,0.0,0.8388,optimal
2021-02-07 22:00:00,35,2,0.0,0.23222222222222222,0.0,1.7438666666666665,optimal
2021-02-07 22:30:00,35,2,0.0,0.0774074074074074,0.0,1.1059666666666668,optimal
2021-02-07 23:00:00,35,2,0.0,0.0,0.0,0.2238,optimal
2021-02-07 23:30:00,35,2,0.0,0.0,0.0,0.07233333333333333,optimal
2021-02-08 00:00:00,35,2,0.0,0.0,0.0,0.057,optimal
2021-02-08 00:30:00,35,2,0.0,0.0,0.0,0.2194,optimal
2021-02-08 01:00:00,35,2,0.0,0.0,0.0,0.11406666666666666,optimal
2021-02-08 01:30:00,35,2,0.01548587938501635,0.0,0.0,0.057,optimal
2021-02-08 02:00:00,35,2,1.1428571428571428,0.0,0.0,0.165,optimal
2021-02-08 02:30:00,35,2,1.1428571428571428,0.0,0.0,0.16846666666666668,optimal
2021-02-08 03:00:00,35,2,1.1428571428571428,0.0,0.0,0.057,optimal
2021-02-08 03:30:00,35,2,1.1428571428571428,0.0,0.0,0.23086666666666666,optimal
2021-02-08 04:00:00,35,2,1.1428571428571428,0.0,0.0,0.1026,optimal
2021-02-08 04:30:00,35,2,1.1428571428571428,0.0,0.0,0.165,optimal
2021-02-08 05:00:00,35,2,1.1428571428571428,0.0,0.0,0.0874,optimal
2021-02-08 05:30:00,35,2,1.1428571428571428,0.387037037037037,0.0,0.3872,optimal
2021-02-08 06:00:00,35,2,1.1428571428571428,0.0,0.0,0.175,optimal
2021-02-08 06:30:00,35,2,1.1428571428571428,0.1548148148148148,0.0,0.07786666666666665,optimal
2021-02-08 07:00:00,35,2,1.1428571428571428,0.387037037037037,5.8851304336338215,0.1844,optimal
2021-02-08 07:30:00,35,2,1.1428571428571428,0.0,0.0,0.16313333333333332,optimal
2021-02-08 08:00:00,35,2,0.7522388242106568,0.1548148148148148,0.0,0.17846666666666666,optimal
2021-02-08 08:30:00,35,2,0.7052215949809191,2.3222222222222215,0.0,0.16766666666666666,optimal
2021-02-08 09:00:00,35,2,0.5970509436750141,0.23222222222222222,0.0,0.2959333333333333,optimal
2021-02-08 09:30:00,35,2,0.5887577399005726,0.0,0.0,0.3611666666666667,optimal
2021-02-08 10:00:00,35,2,0.5235312721029295,0.0,0.0,0.3913333333333333,optimal
2021-02-08 10:30:00,35,2,0.6665197139726114,0.0,0.0,0.057,optimal
2021-02-08 11:00:00,35,2,0.5243448860187047,0.0,0.0,0.21566666666666662,optimal
2021-02-08 11:30:00,35,2,0.5213621152484433,0.23222222222222222,0.0,0.17046666666666666,optimal
2021-02-08 12:00:00,35,2,0.6026903317299486,0.0,0.0,0.3398,optimal
2021-02-08 12:30:00,35,2,1.1428571428571428,0.0774074074074074,0.0,0.4073333333333333,optimal
2021-02-08 13:00:00,35,2,1.1428571428571428,0.0,0.0,0.28913333333333335,optimal
2021-02-08 13:30:00,35,2,1.1428571428571428,0.23222222222222222,0.0,0.3409333333333333,optimal
2021-02-08 14:00:00,35,2,1.1428571428571428,0.0,0.0,0.1668,optimal
2021-02-08 14:30:00,35,2,1.1428571428571428,0.0,0.0,0.094,optimal
2021-02-08 15:00:00,35,2,1.1428571428571428,0.0,0.0,0.17333333333333334,optimal
2021-02-08 15:30:00,35,2,1.1428571428571428,0.0,0.0,0.15313333333333332,optimal
2021-02-08 16:00:00,35,2,0.0,0.0,0.0,0.175,optimal
2021-02-08 16:30:00,35,2,0.0,0.46444444444444444,0.0,0.4714,optimal
2021-02-08 17:00:00,35,2,0.0,0.0,0.0,0.12496666666666668,optimal
2021-02-08 17:30:00,35,2,0.0,0.0,0.0,0.28646666666666665,optimal
2021-02-08 18:00:00,35,2,0.0,0.0,0.0,0.2518,optimal
2021-02-08 18:30:00,35,2,0.0,0.23222222222222222,0.0,0.21366666666666662,optimal
2021-02-08 19:00:00,35,2,0.0,0.0,0.0,0.3644,optimal
2021-02-08 19:30:00,35,2,0.5353888284433351,0.1548148148148148,0.0,0.6394,optimal
2021-02-08 20:00:00,35,2,0.6490706036463519,0.3096296296296296,0.0,0.2764,optimal
2021-02-08 20:30:00,35,2,0.0,0.0774074074074074,0.0,0.30086666666666667,optimal
2021-02-08 21:00:00,35,2,0.0,0.0,0.0,0.5271333333333333,optimal
2021-02-08 21:30:00,35,2,0.0,0.0,0.0,0.13816666666666666,optimal
2021-02-08 22:00:00,35,2,0.0,0.0,0.0,1.6689333333333334,optimal
2021-02-08 22:30:00,35,2,0.0,0.0,0.0,0.4052,optimal
2021-02-08 23:00:00,35,2,0.0,0.1548148148148148,0.0,0.29506666666666664,optimal
2021-02-08 23:30:00,35,2,0.0,0.0,0.0,0.3704666666666666,optimal
2021-02-09 00:00:00,35,2,0.0,0.0,0.0,0.06,optimal
2021-02-09 00:30:00,35,2,0.0,0.0,0.0,0.06,optimal
2021-02-09 01:00:00,35,2,0.7856183151637711,0.0,0.0,0.1854,optimal
2021-02-09 01:30:00,35,2,1.1428571428571428,0.0,0.0,0.06,optimal
2021-02-09 02:00:00,35,2,1.1428571428571428,0.0,0.0,0.06,optimal
2021-02-09 02:30:00,35,2,1.1428571428571428,0.0,0.0,0.1854,optimal
2021-02-09 03:00:00,35,2,1.1428571428571428,0.0,0.0,0.06,optimal
2021-02-09 03:30:00,35,2,1.1428571428571428,0.0,0.0,0.12840000000000001,optimal
2021-02-09 04:00:00,35,2,1.1428571428571428,0.0,0.0,0.117,optimal
2021-02-09 04:30:00,35,2,1.1428571428571428,0.0,0.0,0.06,optimal
2021-02-09 05:00:00,35,2,1.1428571428571428,0.0,0.0,0.06,optimal
2021-02-09 05:30:00,35,2,1.1428571428571428,0.0,0.0,0.06,optimal
2021-02-09 06:00:00,35,2,1.1428571428571428,0.0,0.0,0.1797,optimal
2021-02-09 06:30:00,35,2,1.1428571428571428,0.0,6.0270758768000645,0.06570000000000001,optimal
2021-02-09 07:00:00,35,2,1.1428571428571428,0.0,10.0,0.0999,optimal
2021-02-09 07:30:00,35,2,1.1428571428571428,0.0774074074074074,0.0,0.15946666666666667,optimal
2021-02-09 08:00:00,35,2,0.7639980468573043,0.1548148148148148,0.0,0.102,optimal
2021-02-09 08:30:00,35,2,0.6822267478447637,0.0,0.0,0.8606,optimal
2021-02-09 09:00:00,35,2,0.712765223206345,0.0,0.0,0.9161,optimal
2021-02-09 09:30:00,35,2,0.7577654823241371,0.0,0.0,0.132,optimal
2021-02-09 10:00:00,35,2,0.608937031098723,0.0,0.0,0.281,optimal
2021-02-09 10:30:00,35,2,0.6293562946492549,0.0,0.0,0.2381,optimal
2021-02-09 11:00:00,35,2,0.5366829727914457,0.0,0.0,0.06,optimal
2021-02-09 11:30:00,35,2,0.5014963493110809,0.0774074074074074,0.0,0.07766666666666668,optimal
2021-02-09 12:00:00,35,2,0.4247690895556911,0.23222222222222222,0.0,0.059,optimal
2021-02-09 12:30:00,35,2,0.372736665417007,0.46444444444444444,0.0,0.2539333333333333,optimal
2021-02-09 13:00:00,35,2,1.0929724161322658,0.0,0.0,1.4514666666666667,optimal
2021-02-09 13:30:00,35,2,1.1428571428571428,0.0,0.0,0.2522,optimal
2021-02-09 14:00:00,35,2,1.1428571428571428,0.387037037037037,0.0,0.059,optimal
2021-02-09 14:30:00,35,2,1.1428571428571428,0.1548148148148148,0.0,0.23946666666666666,optimal
2021-02-09 15:00:00,35,2,1.1428571428571428,0.0,0.0,0.17306666666666667,optimal
2021-02-09 15:30:00,35,2,1.1428571428571428,0.0,0.0,0.1906,optimal
2021-02-09 16:00:00,35,2,0.0,0.3096296296296296,0.0,0.09,optimal
2021-02-09 16:30:00,35,2,0.0,0.0,0.0,0.3405,optimal
2021-02-09 17:00:00,35,2,0.0,0.0,0.0,1.7895,optimal
2021-02-09 17:30:00,35,2,0.0,0.5418518518518518,0.0,0.3123,optimal
2021-02-09 18:00:00,35,2,0.0,0.0,0.0,0.4684,optimal
2021-02-09 18:30:00,35,2,0.0,0.387037037037037,0.0,0.32803333333333334,optimal
2021-02-09 19:00:00,35,2,0.0,0.23222222222222222,0.0,0.2746,optimal
2021-02-09 19:30:00,35,2,0.0,0.3096296296296296,0.0,0.4814666666666666,optimal
2021-02-09 20:00:00,35,2,0.0,0.0,0.0,0.5166000000000001,optimal
2021-02-09 20:30:00,35,2,0.0,0.0,0.0,0.3767,optimal
2021-02-09 21:00:00,35,2,0.0,0.0,0.0,0.3988333333333333,optimal
2021-02-09 21:30:00,35,2,0.0,0.23222222222222222,0.0,0.2996666666666667,optimal
2021-02-09 22:00:00,35,2,0.0,0.0,0.0,0.3863666666666667,optimal
2021-02-09 22:30:00,35,2,0.0,0.0,0.0,0.33946666666666664,optimal
2021-02-09 23:00:00,35,2,0.0,0.0,0.0,0.07,optimal
2021-02-09 23:30:00,35,2,0.0,0.0,0.0,0.1431,optimal
2021-02-10 00:00:00,35,2,0.0,0.0774074074074074,0.0,0.16613333333333333,optimal
2021-02-10 00:30:00,35,2,0.0,1.7803703703703702,0.0,0.2603333333333333,optimal
2021-02-10 01:00:00,35,2,0.0,0.0,0.0,0.064,optimal
2021-02-10 01:30:00,35,2,1.1051288569275686,0.0,0.0,0.19216666666666662,optimal
2021-02-10 02:00:00,35,2,1.1428571428571428,0.0,0.0,0.1711,optimal
2021-02-10 02:30:00,35,2,1.1428571428571428,0.0,0.0,0.16066666666666665,optimal
2021-02-10 03:00:00,35,2,1.1428571428571428,0.0,0.0,0.2026,optimal
2021-02-10 03:30:00,35,2,1.1428571428571428,0.0,0.0,0.122,optimal
2021-02-10 04:00:00,35,2,1.1428571428571428,0.0,0.0,0.10266666666666668,optimal
2021-02-10 04:30:00,35,2,1.1428571428571428,0.0,0.0,0.15936666666666668,optimal
2021-02-10 05:00:00,35,2,1.1428571428571428,0.0,0.0,0.2039,optimal
2021-02-10 05:30:00,35,2,1.1428571428571428,0.0,0.0,0.08773333333333333,optimal
2021-02-10 06:00:00,35,2,1.1428571428571428,0.0,3.1458389155804563,0.27553333333333335,optimal
2021-02-10 06:30:00,35,2,1.1428571428571428,0.0,10.0,0.064,optimal
2021-02-10 07:00:00,35,2,1.1428571428571428,0.6192592592592592,10.0,0.5826333333333333,optimal
2021-02-10 07:30:00,35,2,1.1428571428571428,5.573333333333333,0.0,0.167,optimal
2021-02-10 08:00:00,35,2,0.5937521567349247,0.9288888888888889,0.0,0.1848333333333333,optimal
2021-02-10 08:30:00,35,2,0.8011866151943948,0.0,0.0,0.24919999999999998,optimal
2021-02-10 09:00:00,35,2,0.7782899611883777,0.0,0.0,0.074,optimal
2021-02-10 09:30:00,35,2,0.7301339434573723,0.0,0.0,0.21259999999999998,optimal
2021-02-10 10:00:00,35,2,0.6291900636517542,0.0,0.0,0.17066666666666666,optimal
2021-02-10 10:30:00,35,2,0.6503920979725436,0.0,0.0,0.074,optimal
2021-02-10 11:00:00,35,2,0.5552337312133694,0.0,0.0,0.132,optimal
2021-02-10 11:30:00,35,2,0.5168795318716773,0.0,0.0,0.2512666666666667,optimal
2021-02-10 12:00:00,35,2,0.46998339296584263,0.0,0.0,0.074,optimal
2021-02-10 12:30:00,35,2,0.41356434534678815,0.0,0.0,0.27146666666666663,optimal
2021-02-10 13:00:00,35,2,1.1428571428571428,0.0,0.0,0.1118,optimal
2021-02-10 13:30:00,35,2,1.1428571428571428,0.0,0.0,0.13069999999999998,optimal
2021-02-10 14:00:00,35,2,1.1428571428571428,0.0,0.0,0.25256666666666666,optimal
2021-02-10 14:30:00,35,2,1.1428571428571428,0.0,0.0,0.074,optimal
2021-02-10 15:00:00,35,2,1.1428571428571428,0.0,0.0,0.074,optimal
2021-02-10 15:30:00,35,2,1.1428571428571428,0.0,0.0,0.30926666666666663,optimal
2021-02-10 16:00:00,35,2,0.0,0.0,0.0,0.074,optimal
2021-02-10 16:30:00,35,2,0.0,0.5418518518518518,0.0,0.5252,optimal
2021-02-10 17:00:00,35,2,0.0,0.46444444444444444,0.0,1.2453666666666665,optimal
2021-02-10 17:30:00,35,2,0.0,0.0,0.0,1.2853666666666665,optimal
2021-02-10 18:00:00,35,2,0.0,0.0774074074074074,0.0,1.1267,optimal
2021-02-10 18:30:00,35,2,0.0,0.0774074074074074,0.0,0.6216,optimal
2021-02-10 19:00:00,35,2,0.0,0.23222222222222222,0.0,0.5132666666666666,optimal
2021-02-10 19:30:00,35,2,0.0,0.0774074074074074,0.0,0.6549333333333333,optimal
2021-02-10 20:00:00,35,2,0.19505722233923756,0.0,0.0,0.5283,optimal
2021-02-10 20:30:00,35,2,0.0,0.0,0.0,0.5042333333333333,optimal
2021-02-10 21:00:00,35,2,0.0,0.0,0.0,0.5736666666666667,optimal
2021-02-10 21:30:00,35,2,0.0,0.1548148148148148,0.0,0.4038,optimal
2021-02-10 22:00:00,35,2,0.0,0.0,0.0,0.18930000000000002,optimal
2021-02-10 22:30:00,35,2,0.0,0.0,0.0,0.15616666666666665,optimal
2021-02-10 23:00:00,35,2,0.0,0.0,0.0,0.16219999999999998,optimal
2021-02-10 23:30:00,35,2,0.0,0.0,0.0,0.21606666666666663,optimal
2021-02-11 00:00:00,35,2,0.7995832113986561,0.0,0.0,0.1316,optimal
2021-02-11 00:30:00,35,2,1.1428571428571428,0.0,0.0,0.06409999999999999,optimal
2021-02-11 01:00:00,35,2,1.1428571428571428,0.0,0.0,0.3452333333333333,optimal
2021-02-11 01:30:00,35,2,1.1428571428571428,0.0,0.0,0.07373333333333333,optimal
2021-02-11 02:00:00,35,2,1.1428571428571428,0.0,0.0,0.21036666666666667,optimal
2021-02-11 02:30:00,35,2,1.1428571428571428,0.0,0.0,0.2137,optimal
2021-02-11 03:00:00,35,2,1.1428571428571428,0.0,0.0,0.07429999999999999,optimal
2021-02-11 03:30:00,35,2,1.1428571428571428,0.0,0.0,0.1151,optimal
2021-02-11 04:00:00,35,2,1.1428571428571428,0.0,0.0,0.22106666666666663,optimal
2021-02-11 04:30:00,35,2,1.1428571428571428,0.0,0.0,0.0998,optimal
2021-02-11 05:00:00,35,2,1.1428571428571428,0.0,0.0,0.12643333333333334,optimal
2021-02-11 05:30:00,35,2,1.1428571428571428,0.0,2.318200768950431,0.2571666666666667,optimal
2021-02-11 06:00:00,35,2,1.1428571428571428,0.0,10.0,0.0945,optimal
2021-02-11 06:30:00,35,2,1.1428571428571428,0.5418518518518518,10.0,0.26926666666666665,optimal
2021-02-11 07:00:00,35,2,1.1428571428571428,0.46444444444444444,0.0,0.3733333333333333,optimal
2021-02-11 07:30:00,35,2,1.1428571428571428,2.3222222222222215,0.0,0.1776,optimal
2021-02-11 08:00:00,35,2,0.7794686941748225,0.0,0.0,0.40093333333333325,optimal
2021-02-11 08:30:00,35,2,0.8645333265207,0.0,0.0,0.22826666666666667,optimal
2021-02-11 09:00:00,35,2,0.85599789709402,0.0,0.0,0.16696666666666668,optimal
2021-02-11 09:30:00,35,2,0.7548964650989894,0.0,0.0,0.26543333333333335,optimal
2021-02-11 10:00:00,35,2,0.6165470283458991,0.0,0.0,0.07513333333333334,optimal
2021-02-11 10:30:00,35,2,0.6043007958246174,0.0,0.0,0.2078333333333333,optimal
2021-02-11 11:00:00,35,2,0.9889852414326076,0.0,0.0,0.2001,optimal
2021-02-11 11:30:00,35,2,1.1428571428571428,0.0,0.0,0.06233333333333334,optimal
2021-02-11 12:00:00,35,2,1.1428571428571428,0.0,0.0,0.1965,optimal
2021-02-11 12:30:00,35,2,1.1428571428571428,0.0,0.0,0.17496666666666666,optimal
2021-02-11 13:00:00,35,2,1.1428571428571428,0.0,0.0,0.1416,optimal
2021-02-11 13:30:00,35,2,1.1428571428571428,0.0,0.0,0.2922666666666667,optimal
2021-02-11 14:00:00,35,2,1.1428571428571428,0.0,0.0,0.14776666666666669,optimal
2021-02-11 14:30:00,35,2,1.1428571428571428,0.0,0.0,0.18353333333333333,optimal
2021-02-11 15:00:00,35,2,1.1428571428571428,0.0,0.0,0.19196666666666667,optimal
2021-02-11 15:30:00,35,2,1.1428571428571428,0.0,0.0,0.1416,optimal
2021-02-11 16:00:00,35,2,0.0,0.0,0.0,0.23106666666666664,optimal
2021-02-11 16:30:00,35,2,0.0,0.0,0.0,0.1404,optimal
2021-02-11 17:00:00,35,2,0.0,0.0,0.0,0.1574,optimal
2021-02-11 17:30:00,35,2,0.0,0.0,0.0,0.24586666666666668,optimal
2021-02-11 18:00:00,35,2,0.0,0.0,0.0,0.1098,optimal
2021-02-11 18:30:00,35,2,0.0,0.0,0.0,0.16476666666666667,optimal
2021-02-11 19:00:00,35,2,0.0,0.0,0.0,0.18630000000000002,optimal
2021-02-11 19:30:00,35,2,1.068232867593064,0.0,0.0,0.162,optimal
2021-02-11 20:00:00,35,2,1.0485617004218224,0.23222222222222222,0.0,0.2513,optimal
2021-02-11 20:30:00,35,2,0.0,0.0,0.0,0.5346666666666666,optimal
2021-02-11 21:00:00,35,2,0.0,0.0,0.0,0.22776666666666667,optimal
2021-02-11 21:30:00,35,2,0.0,0.1548148148148148,0.0,0.5270666666666667,optimal
2021-02-11 22:00:00,35,2,0.0,0.0,0.0,0.215,optimal
2021-02-11 22:30:00,35,2,0.0,2.3222222222222215,0.0,0.2579666666666666,optimal
2021-02-11 23:00:00,35,2,0.0,0.0,0.0,0.26923333333333327,optimal
2021-02-11 23:30:00,35,2,0.0,0.0,0.0,0.10216666666666668,optimal
2021-02-12 00:00:00,35,2,1.1428571428571428,0.0,0.0,0.06,optimal
2021-02-12 00:30:00,35,2,1.1428571428571428,0.0,0.0,0.108,optimal
2021-02-12 01:00:00,35,2,1.1428571428571428,0.0,0.0,0.19393333333333332,optimal
2021-02-12 01:30:00,35,2,1.1428571428571428,0.0,0.0,0.07426666666666666,optimal
2021-02-12 02:00:00,35,2,1.1428571428571428,0.0,0.0,0.096,optimal
2021-02-12 02:30:00,35,2,1.1428571428571428,0.0,0.0,0.156,optimal
2021-02-12 03:00:00,35,2,1.1428571428571428,0.0,0.0,0.06,optimal
2021-02-12 03:30:00,35,2,1.1428571428571428,0.23222222222222222,0.0,0.2142333333333333,optimal
2021-02-12 04:00:00,35,2,1.1428571428571428,0.0,0.0,0.12306666666666666,optimal
2021-02-12 04:30:00,35,2,1.1428571428571428,0.0,0.0,0.14513333333333334,optimal
2021-02-12 05:00:00,35,2,1.1428571428571428,0.0,0.0,0.1782,optimal
2021-02-12 05:30:00,35,2,1.1428571428571428,0.0,0.0,0.072,optimal
2021-02-12 06:00:00,35,2,1.1428571428571428,0.0,0.0,0.19783333333333328,optimal
2021-02-12 06:30:00,35,2,1.1428571428571428,0.0,4.787031133746077,0.10636666666666666,optimal
2021-02-12 07:00:00,35,2,1.1428571428571428,1.1038296296296297,10.0,0.1683,optimal
2021-02-12 07:30:00,35,2,1.1428571428571428,7.955065507877073,0.0,0.5412666666666667,optimal
2021-02-12 08:00:00,35,2,0.7033028957989217,0.3096296296296296,0.0,1.1042333333333332,optimal
2021-02-12 08:30:00,35,2,0.7114303421013514,1.6255555555555554,0.0,1.4421,optimal
2021-02-12 09:00:00,35,2,0.6406945957222788,0.6192592592592592,0.0,1.3938,optimal
2021-02-12 09:30:00,35,2,0.6053326863955646,1.6255555555555554,0.0,0.5082666666666666,optimal
2021-02-12 10:00:00,35,2,0.32007570079537484,0.0,0.0,1.1042,optimal
2021-02-12 10:30:00,35,2,0.30541318914290305,0.1548148148148148,0.0,0.4832666666666667,optimal
2021-02-12 11:00:00,35,2,0.13070145818607862,0.0,0.0,0.8784,optimal
2021-02-12 11:30:00,35,2,0.11102721565808932,0.0,0.0,1.0255333333333334,optimal
2021-02-12 12:00:00,35,2,0.20245459252517248,0.0,0.0,0.2827333333333333,optimal
2021-02-12 12:30:00,35,2,0.21940130237813224,0.1548148148148148,0.0,0.5041666666666667,optimal
2021-02-12 13:00:00,35,2,1.1428571428571428,0.0,0.0,1.1589,optimal
2021-02-12 13:30:00,35,2,1.1428571428571428,0.0,0.0,0.3943666666666667,optimal
2021-02-12 14:00:00,35,2,1.1428571428571428,0.0,0.0,0.243,optimal
2021-02-12 14:30:00,35,2,1.1428571428571428,0.0,0.0,0.32039999999999996,optimal
2021-02-12 15:00:00,35,2,1.1428571428571428,0.0,0.0,0.1325,optimal
2021-02-12 15:30:00,35,2,1.1428571428571428,0.1548148148148148,0.0,0.2710666666666667,optimal
2021-02-12 16:00:00,35,2,0.0,0.0,0.0,0.2796666666666667,optimal
2021-02-12 16:30:00,35,2,0.0,0.46444444444444444,0.0,0.17373333333333332,optimal
2021-02-12 17:00:00,35,2,0.0,0.0,0.0,0.3534,optimal
2021-02-12 17:30:00,35,2,0.0,0.1548148148148148,0.0,0.9174,optimal
2021-02-12 18:00:00,35,2,0.0,0.0,0.0,1.6418666666666666,optimal
2021-02-12 18:30:00,35,2,0.0,2.7866666666666666,0.0,1.117733333333333,optimal
2021-02-12 19:00:00,35,2,0.0,0.1548148148148148,0.0,1.0567,optimal
2021-02-12 19:30:00,35,2,0.0,1.0837037037037036,0.0,0.8955,optimal
2021-02-12 20:00:00,35,2,0.3607586730983361,0.1548148148148148,0.0,0.5251333333333333,optimal
2021-02-12 20:30:00,35,2,0.0,0.1548148148148148,0.0,0.3610333333333334,optimal
2021-02-12 21:00:00,35,2,0.0,0.23222222222222222,0.0,0.4116666666666667,optimal
2021-02-12 21:30:00,35,2,0.0,0.0,0.0,0.4993,optimal
2021-02-12 22:00:00,35,2,0.0,0.5418518518518518,0.0,0.3151666666666667,optimal
2021-02-12 22:30:00,35,2,0.0,0.0,0.0,0.37160000000000004,optimal
2021-02-12 23:00:00,35,2,0.0,0.0,0.0,0.07,optimal
2021-02-12 23:30:00,35,2,0.0,0.0,0.0,0.13419999999999999,optimal
2021-02-13 00:00:00,35,2,0.0,0.0,0.0,0.10293333333333334,optimal
2021-02-13 00:30:00,35,2,0.0,0.0,0.0,0.142,optimal
2021-02-13 01:00:00,35,2,0.765073442974204,0.0,0.0,0.21819999999999998,optimal
2021-02-13 01:30:00,35,2,1.1428571428571428,0.0,0.0,0.17026666666666668,optimal
2021-02-13 02:00:00,35,2,1.1428571428571428,0.0,0.0,0.1046,optimal
2021-02-13 02:30:00,35,2,1.1428571428571428,0.0,0.0,0.23746666666666666,optimal
2021-02-13 03:00:00,35,2,1.1428571428571428,0.0,0.0,0.10840000000000001,optimal
2021-02-13 03:30:00,35,2,1.1428571428571428,0.0,0.0,0.204,optimal
2021-02-13 04:00:00,35,2,1.1428571428571428,0.0,0.0,0.18446666666666667,optimal
2021-02-13 04:30:00,35,2,1.1428571428571428,0.0,0.0,0.062,optimal
2021-02-13 05:00:00,35,2,1.1428571428571428,0.0,0.0,0.062,optimal
2021-02-13 05:30:00,35,2,1.1428571428571428,0.0,0.0,0.17026666666666668,optimal
2021-02-13 06:00:00,35,2,1.1428571428571428,0.0,0.0,0.15430000000000002,optimal
2021-02-13 06:30:00,35,2,1.1428571428571428,0.0,4.381469763038141,0.2388333333333333,optimal
2021-02-13 07:00:00,35,2,1.1428571428571428,5.341111111111111,10.0,0.07,optimal
2021-02-13 07:30:00,35,2,1.1428571428571428,0.6966666666666667,0.0,0.19069999999999998,optimal
2021-02-13 08:00:00,35,2,0.5929688646376154,0.774074074074074,0.0,0.22043333333333331,optimal
2021-02-13 08:30:00,35,2,0.6301346221096247,0.0774074074074074,0.0,0.12986666666666669,optimal
2021-02-13 09:00:00,35,2,0.797029540882232,0.0,0.0,0.1714,optimal
2021-02-13 09:30:00,35,2,0.7874583282422895,0.0,0.0,0.16746666666666668,optimal
2021-02-13 10:00:00,35,2,0.6820055808869651,0.0,0.0,0.1416,optimal
2021-02-13 10:30:00,35,2,0.6997522907399295,0.0,0.0,0.072,optimal
2021-02-13 11:00:00,35,2,0.573643037479791,0.0,0.0,0.0862,optimal
2021-02-13 11:30:00,35,2,0.5040564139994286,0.0,0.0,0.32226666666666665,optimal
2021-02-13 12:00:00,35,2,0.6707540395060014,0.0,0.0,0.072,optimal
2021-02-13 12:30:00,35,2,1.1428571428571428,0.0,0.0,0.072,optimal
2021-02-13 13:00:00,35,2,1.1428571428571428,0.0,0.0,0.28676666666666667,optimal
2021-02-13 13:30:00,35,2,1.1428571428571428,0.0,0.0,0.1217,optimal
2021-02-13 14:00:00,35,2,1.1428571428571428,0.0,0.0,0.1802666666666667,optimal
2021-02-13 14:30:00,35,2,1.1428571428571428,0.0,0.0,0.2282,optimal
2021-02-13 15:00:00,35,2,1.1428571428571428,0.0,0.0,0.072,optimal
2021-02-13 15:30:00,35,2,1.1428571428571428,0.0,0.0,0.2796666666666667,optimal
2021-02-13 16:00:00,35,2,0.0,0.0,0.0,0.1288,optimal
2021-02-13 16:30:00,35,2,0.0,0.0,0.0,0.1829333333333333,optimal
2021-02-13 17:00:00,35,2,0.0,0.1548148148148148,0.0,0.8303333333333334,optimal
2021-02-13 17:30:00,35,2,0.0,0.8514814814814814,0.0,0.6247999999999999,optimal
2021-02-13 18:00:00,35,2,0.0,0.1548148148148148,0.0,1.3349000000000002,optimal
2021-02-13 18:30:00,35,2,0.0,2.3222222222222215,0.0,0.44646666666666657,optimal
2021-02-13 19:00:00,35,2,0.0,0.6192592592592592,0.0,0.19793333333333332,optimal
2021-02-13 19:30:00,35,2,0.6168185704667584,0.0,0.0,0.34763333333333335,optimal
2021-02-13 20:00:00,35,2,0.6377727698084417,1.5109925925925927,0.0,0.31393333333333334,optimal
2021-02-13 20:30:00,35,2,0.0,0.42419259259259273,0.0,0.6088333333333333,optimal
2021-02-13 21:00:00,35,2,0.0,0.0,0.0,0.5417333333333334,optimal
2021-02-13 21:30:00,35,2,0.0,0.0774074074074074,0.0,0.37923333333333337,optimal
2021-02-13 22:00:00,35,2,0.0,1.315925925925926,0.0,0.5344666666666666,optimal
2021-02-13 22:30:00,35,2,0.0,0.3096296296296296,0.0,0.5766,optimal
2021-02-13 23:00:00,35,2,0.0,0.0,0.0,0.6326,optimal
2021-02-13 23:30:00,35,2,0.0,0.0,0.0,0.3718666666666667,optimal
2021-02-07 00:00:00,36,2,0.0,0.0,0.0,0.047,optimal
2021-02-07 00:30:00,36,2,0.0,0.0,0.0,0.06376666666666667,optimal
2021-02-07 01:00:00,36,2,0.0,0.0,0.0,0.22069999999999998,optimal
2021-02-07 01:30:00,36,2,0.0,0.0,0.0,0.1002,optimal
2021-02-07 02:00:00,36,2,0.0,0.0,0.0,0.19233333333333327,optimal
2021-02-07 02:30:00,36,2,0.0,0.0,0.0,0.13533333333333333,optimal
2021-02-07 03:00:00,36,2,0.0,0.0,0.0,0.057,optimal
2021-02-07 03:30:00,36,2,0.0,0.0,0.0,0.1557666666666667,optimal
2021-02-07 04:00:00,36,2,1.1428571428571428,0.0,0.0,0.1719,optimal
2021-02-07 04:30:00,36,2,1.1428571428571428,0.0,0.0,0.057,optimal
2021-02-07 05:00:00,36,2,1.1428571428571428,0.0,0.0,0.23466666666666663,optimal
2021-02-07 05:30:00,36,2,1.1428571428571428,0.0,0.0,0.093,optimal
2021-02-07 06:00:00,36,2,1.1428571428571428,0.0,0.0,0.08940000000000001,optimal
2021-02-07 06:30:00,36,2,1.1428571428571428,0.0,0.0,0.08940000000000001,optimal
2021-02-07 07:00:00,36,2,1.1428571428571428,0.6966666666666667,1.5052247886819266,0.43706666666666666,optimal
2021-02-07 07:30:00,36,2,0.0,0.3096296296296296,0.0,0.07429999999999999,optimal
2021-02-07 08:00:00,36,2,0.33023399022505073,0.0,0.0,0.11113333333333333,optimal
2021-02-07 08:30:00,36,2,0.7372259690180764,0.0,0.0,0.2057333333333333,optimal
2021-02-07 09:00:00,36,2,0.7443549946207393,0.0,0.0,0.0678,optimal
2021-02-07 09:30:00,36,2,0.6842540854260952,0.0,0.0,0.27066666666666667,optimal
2021-02-07 10:00:00,36,2,0.7009710516440238,0.0,0.0,0.057,optimal
2021-02-07 10:30:00,36,2,0.7013823938428544,0.0,0.0,0.07053333333333334,optimal
2021-02-07 11:00:00,36,2,0.5957204836192369,0.0,0.0,0.2571333333333333,optimal
2021-02-07 11:30:00,36,2,0.9726476316302385,0.0,0.0,0.057,optimal
2021-02-07 12:00:00,36,2,1.1428571428571428,0.0,0.0,0.0858,optimal
2021-02-07 12:30:00,36,2,1.1428571428571428,0.0,0.0,0.18773333333333328,optimal
2021-02-07 13:00:00,36,2,1.1428571428571428,0.0,0.0,0.11113333333333333,optimal
2021-02-07 13:30:00,36,2,1.1428571428571428,0.0,0.0,0.1002,optimal
2021-02-07 14:00:00,36,2,1.1428571428571428,0.0,0.0,0.19363333333333332,optimal
2021-02-07 14:30:00,36,2,1.1428571428571428,0.0,0.0,0.09083333333333331,optimal
2021-02-07 15:00:00,36,2,1.1428571428571428,0.0,0.0,0.1179,optimal
2021-02-07 15:30:00,36,2,1.1428571428571428,0.0,0.0,0.20976666666666668,optimal
2021-02-07 16:00:00,36,2,0.0,0.0,0.0,0.057,optimal
2021-02-07 16:30:00,36,2,0.0,0.1548148148148148,0.0,0.09866666666666668,optimal
2021-02-07 17:00:00,36,2,0.0,0.46444444444444444,0.0,1.4654666666666667,optimal
2021-02-07 17:30:00,36,2,0.0,0.0,0.0,0.1585,optimal
2021-02-07 18:00:00,36,2,0.0,0.0,0.0,1.5563666666666665,optimal
2021-02-07 18:30:00,36,2,0.0,0.23222222222222222,0.0,2.159466666666667,optimal
2021-02-07 19:00:00,36,2,0.0,0.387037037037037,0.0,2.431333333333333,optimal
2021-02-07 19:30:00,36,2,0.5858375271483992,0.0,0.0,0.34486666666666665,optimal
2021-02-07 20:00:00,36,2,0.5860089557198279,0.0,0.0,0.26263333333333333,optimal
2021-02-07 20:30:00,36,2,0.0,0.0,0.0,0.36436666666666667,optimal
2021-02-07 21:00:00,36,2,0.0,0.0,0.0,0.2603333333333333,optimal
2021-02-07 21:30:00,36,2,0.0,0.0,0.0,2.3910666666666667,optimal
2021-02-07 22:00:00,36,2,0.0,0.0,0.0,3.0953000000000004,optimal
2021-02-07 22:30:00,36,2,0.0,0.0774074074074074,0.0,3.277066666666667,optimal
2021-02-07 23:00:00,36,2,0.0,0.0,0.0,0.057,optimal
2021-02-07 23:30:00,36,2,0.0,0.0,0.0,0.1991,optimal
2021-02-08 00:00:00,36,2,0.0,0.0,0.0,0.16,optimal
2021-02-08 00:30:00,36,2,0.0,0.0,0.0,0.06,optimal
2021-02-08 01:00:00,36,2,0.0,0.0,0.0,0.06416666666666668,optimal
2021-02-08 01:30:00,36,2,0.41547461293667626,0.0,0.0,0.13083333333333333,optimal
2021-02-08 02:00:00,36,2,1.1428571428571428,0.0,0.0,0.17666666666666667,optimal
2021-02-08 02:30:00,36,2,1.1428571428571428,0.0,0.0,0.11833333333333332,optimal
2021-02-08 03:00:00,36,2,1.1428571428571428,0.0,0.0,0.155,optimal
2021-02-08 03:30:00,36,2,1.1428571428571428,0.0,0.0,0.065,optimal
2021-02-08 04:00:00,36,2,1.1428571428571428,0.0,0.0,0.105,optimal
2021-02-08 04:30:00,36,2,1.1428571428571428,0.0,0.0,0.115,optimal
2021-02-08 05:00:00,36,2,1.1428571428571428,0.0,0.0,0.06,optimal
2021-02-08 05:30:00,36,2,1.1428571428571428,0.1548148148148148,0.0,0.15966666666666665,optimal
2021-02-08 06:00:00,36,2,1.1428571428571428,0.0774074074074074,0.0,0.11316666666666668,optimal
2021-02-08 06:30:00,36,2,1.1428571428571428,0.0,0.3401499263052032,0.07983333333333333,optimal
2021-02-08 07:00:00,36,2,1.1428571428571428,0.1548148148148148,10.0,0.226,optimal
2021-02-08 07:30:00,36,2,1.1428571428571428,0.3096296296296296,0.0,0.08733333333333333,optimal
2021-02-08 08:00:00,36,2,0.6717531099249396,1.9351851851851851,0.0,0.084,optimal
2021-02-08 08:30:00,36,2,0.5542196902190145,0.23222222222222222,0.0,1.7441,optimal
2021-02-08 09:00:00,36,2,0.6031176103416852,1.5883999999999998,0.0,0.3063333333333333,optimal
2021-02-08 09:30:00,36,2,0.6226625018053382,4.836414814814814,0.0,0.24546666666666667,optimal
2021-02-08 10:00:00,36,2,0.504197938769593,0.23222222222222222,0.0,0.32976666666666665,optimal
2021-02-08 10:30:00,36,2,0.49661685682974704,0.0,0.0,0.5738666666666666,optimal
2021-02-08 11:00:00,36,2,0.5685067907806118,0.0,0.0,0.07,optimal
2021-02-08 11:30:00,36,2,0.5361335438198707,0.0,0.0,0.16833333333333333,optimal
2021-02-08 12:00:00,36,2,0.5058471215787693,0.0,0.0,0.14666666666666667,optimal
2021-02-08 12:30:00,36,2,0.4977672943239633,0.0,0.0,0.145,optimal
2021-02-08 13:00:00,36,2,1.1428571428571428,0.0,0.0,0.15466666666666665,optimal
2021-02-08 13:30:00,36,2,1.1428571428571428,0.0,0.0,0.3197,optimal
2021-02-08 14:00:00,36,2,1.1428571428571428,0.0774074074074074,0.0,0.3090333333333334,optimal
2021-02-08 14:30:00,36,2,1.1428571428571428,6.192592592592591,0.0,0.6475333333333333,optimal
2021-02-08 15:00:00,36,2,1.1428571428571428,1.315925925925926,0.0,1.1615666666666666,optimal
2021-02-08 15:30:00,36,2,1.1428571428571428,0.0,0.0,0.9556333333333332,optimal
2021-02-08 16:00:00,36,2,0.0,0.8514814814814814,0.0,0.6277,optimal
2021-02-08 16:30:00,36,2,0.0,0.3096296296296296,0.0,0.39466666666666667,optimal
2021-02-08 17:00:00,36,2,0.0,0.0,0.0,0.5529,optimal
2021-02-08 17:30:00,36,2,0.0,0.0,0.0,0.23326666666666668,optimal
2021-02-08 18:00:00,36,2,0.0,0.387037037037037,0.0,0.282,optimal
2021-02-08 18:30:00,36,2,0.0,0.1548148148148148,0.0,0.3374,optimal
2021-02-08 19:00:00,36,2,0.0,0.23222222222222222,0.0,0.15480000000000002,optimal
2021-02-08 19:30:00,36,2,0.16823325652359458,0.1548148148148148,0.0,0.2598666666666667,optimal
2021-02-08 20:00:00,36,2,0.596948698884448,0.0,0.0,0.4403666666666667,optimal
2021-02-08 20:30:00,36,2,0.0,2.012592592592592,0.0,0.34,optimal
2021-02-08 21:00:00,36,2,0.0,0.0,0.0,0.4346666666666667,optimal
2021-02-08 21:30:00,36,2,0.0,0.0,0.0,0.3763333333333333,optimal
2021-02-08 22:00:00,36,2,0.0,0.0,0.0,0.155,optimal
2021-02-08 22:30:00,36,2,0.0,0.0,0.0,0.135,optimal
2021-02-08 23:00:00,36,2,0.0,0.0,0.0,0.145,optimal
2021-02-08 23:30:00,36,2,0.0,0.0,0.0,0.0795,optimal
2021-02-09 00:00:00,36,2,0.0,0.0,0.0,0.061,optimal
2021-02-09 00:30:00,36,2,0.0,0.0,0.0,0.061,optimal
2021-02-09 01:00:00,36,2,0.8010637025599994,0.0,0.0,0.1252,optimal
2021-02-09 01:30:00,36,2,1.1428571428571428,0.0,0.0,0.061,optimal
2021-02-09 02:00:00,36,2,1.1428571428571428,0.0,0.0,0.1252,optimal
2021-02-09 02:30:00,36,2,1.1428571428571428,0.0,0.0,0.061,optimal
2021-02-09 03:00:00,36,2,1.1428571428571428,0.0,0.0,0.061,optimal
2021-02-09 03:30:00,36,2,1.1428571428571428,0.0,0.0,0.1252,optimal
2021-02-09 04:00:00,36,2,1.1428571428571428,0.0,0.0,0.061,optimal
2021-02-09 04:30:00,36,2,1.1428571428571428,0.0,0.0,0.061,optimal
2021-02-09 05:00:00,36,2,1.1428571428571428,0.0,0.0,0.1252,optimal
2021-02-09 05:30:00,36,2,1.1428571428571428,0.0,0.0,0.061,optimal
2021-02-09 06:00:00,36,2,1.1428571428571428,0.0,0.0,0.061,optimal
2021-02-09 06:30:00,36,2,1.1428571428571428,0.3096296296296296,1.666599526143162,0.2956666666666667,optimal
2021-02-09 07:00:00,36,2,1.1428571428571428,3.4833333333333325,10.0,2.288133333333333,optimal
2021-02-09 07:30:00,36,2,1.1428571428571428,0.387037037037037,0.0,0.14466666666666667,optimal
2021-02-09 08:00:00,36,2,0.8448837611430179,0.0,0.0,0.071,optimal
2021-02-09 08:30:00,36,2,0.6160667478447709,0.3096296296296296,0.0,2.7379333333333333,optimal
2021-02-09 09:00:00,36,2,0.47021855653968353,0.0,0.0,1.2788,optimal
2021-02-09 09:30:00,36,2,0.639508339466987,0.23222222222222222,0.0,1.9979333333333327,optimal
2021-02-09 10:00:00,36,2,0.5645236977653829,0.0,0.0,0.6060333333333333,optimal
2021-02-09 10:30:00,36,2,0.5818953422683065,0.0774074074074074,0.0,0.083,optimal
2021-02-09 11:00:00,36,2,0.41434963945811504,0.0,0.0,0.31743333333333335,optimal
2021-02-09 11:30:00,36,2,0.4256011112158425,0.23222222222222222,0.0,0.26523333333333327,optimal
2021-02-09 12:00:00,36,2,0.4066071847937861,0.3096296296296296,0.0,0.0775,optimal
2021-02-09 12:30:00,36,2,0.28174618922652633,0.46444444444444444,0.0,0.335,optimal
2021-02-09 13:00:00,36,2,1.1428571428571428,0.1548148148148148,0.0,0.3063666666666667,optimal
2021-02-09 13:30:00,36,2,1.1428571428571428,0.1548148148148148,0.0,0.3685333333333334,optimal
2021-02-09 14:00:00,36,2,1.1428571428571428,0.0,0.0,0.3164666666666666,optimal
2021-02-09 14:30:00,36,2,1.1428571428571428,0.0,0.0,0.238,optimal
2021-02-09 15:00:00,36,2,1.1428571428571428,0.0,0.0,0.071,optimal
2021-02-09 15:30:00,36,2,1.1428571428571428,1.2385185185185184,0.0,1.2179,optimal
2021-02-09 16:00:00,36,2,0.0,0.0,0.0,1.847,optimal
2021-02-09 16:30:00,36,2,0.0,0.3096296296296296,0.0,0.3353333333333333,optimal
2021-02-09 17:00:00,36,2,0.0,0.0774074074074074,0.0,0.6217333333333334,optimal
2021-02-09 17:30:00,36,2,0.0,0.6192592592592592,0.0,0.4154666666666666,optimal
2021-02-09 18:00:00,36,2,0.0,0.0774074074074074,0.0,0.5704,optimal
2021-02-09 18:30:00,36,2,0.0,0.0,0.0,1.1576666666666668,optimal
2021-02-09 19:00:00,36,2,0.0,0.0774074074074074,0.0,2.424366666666667,optimal
2021-02-09 19:30:00,36,2,0.0,0.0774074074074074,0.0,1.7175333333333334,optimal
2021-02-09 20:00:00,36,2,0.06431433801763661,0.0,0.0,0.36573333333333335,optimal
2021-02-09 20:30:00,36,2,0.0,0.0,0.0,2.2964333333333333,optimal
2021-02-09 21:00:00,36,2,0.0,0.0,0.0,0.9902000000000001,optimal
2021-02-09 21:30:00,36,2,0.0,0.6192592592592592,0.0,0.39916666666666667,optimal
2021-02-09 22:00:00,36,2,0.0,0.0,0.0,0.41706666666666664,optimal
2021-02-09 22:30:00,36,2,0.0,0.0,0.0,1.362,optimal
2021-02-09 23:00:00,36,2,0.0,0.0,0.0,0.1245,optimal
2021-02-09 23:30:00,36,2,0.0,0.0,0.0,0.08170000000000001,optimal
2021-02-10 00:00:00,36,2,0.0,0.0,0.0,0.064,optimal
2021-02-10 00:30:00,36,2,0.0,0.0,0.0,0.064,optimal
2021-02-10 01:00:00,36,2,1.0190462382346388,0.0,0.0,0.064,optimal
2021-02-10 01:30:00,36,2,1.1428571428571428,0.0,0.0,0.13973333333333332,optimal
2021-02-10 02:00:00,36,2,1.1428571428571428,0.0,0.0,0.0856,optimal
2021-02-10 02:30:00,36,2,1.1428571428571428,0.0,0.0,0.074,optimal
2021-02-10 03:00:00,36,2,1.1428571428571428,0.0,0.0,0.145,optimal
2021-02-10 03:30:00,36,2,1.1428571428571428,0.0,0.0,0.09766666666666668,optimal
2021-02-10 04:00:00,36,2,1.1428571428571428,0.0,0.0,0.0808,optimal
2021-02-10 04:30:00,36,2,1.1428571428571428,0.0,0.0,0.1492,optimal
2021-02-10 05:00:00,36,2,1.1428571428571428,0.0,0.0,0.064,optimal
2021-02-10 05:30:00,36,2,1.1428571428571428,0.0,0.0,0.064,optimal
2021-02-10 06:00:00,36,2,1.1428571428571428,0.0,2.111563065560646,0.064,optimal
2021-02-10 06:30:00,36,2,1.1428571428571428,0.0,10.0,0.064,optimal
2021-02-10 07:00:00,36,2,1.1428571428571428,0.0,10.0,0.15866666666666665,optimal
2021-02-10 07:30:00,36,2,1.1428571428571428,0.0,0.0,0.064,optimal
2021-02-10 08:00:00,36,2,0.8058569186396807,0.0,0.0,0.06333333333333334,optimal
2021-02-10 08:30:00,36,2,0.6766247104324908,0.8932814814814815,0.0,0.41003333333333336,optimal
2021-02-10 09:00:00,36,2,0.6821471040455203,0.5774592592592593,0.0,0.10453333333333331,optimal
2021-02-10 09:30:00,36,2,0.5796196577430898,0.0,0.0,0.41276666666666667,optimal
2021-02-10 10:00:00,36,2,0.45926625412794203,0.23222222222222222,0.0,0.4696,optimal
2021-02-10 10:30:00,36,2,0.5046397170201685,0.0,0.0,0.2856666666666667,optimal
2021-02-10 11:00:00,36,2,0.41544325502289103,0.0,0.0,0.3021333333333333,optimal
2021-02-10 11:30:00,36,2,0.37935572234786885,0.1548148148148148,0.0,0.2878,optimal
2021-02-10 12:00:00,36,2,0.22565958344202672,0.0,0.0,0.33166666666666667,optimal
2021-02-10 12:30:00,36,2,0.24661196439440297,0.23222222222222222,0.0,0.23233333333333328,optimal
2021-02-10 13:00:00,36,2,0.7840218199590729,1.9351851851851851,0.0,0.5153333333333334,optimal
2021-02-10 13:30:00,36,2,1.1428571428571428,0.1548148148148148,0.0,0.484,optimal
2021-02-10 14:00:00,36,2,1.1428571428571428,0.0,0.0,0.46803333333333336,optimal
2021-02-10 14:30:00,36,2,1.1428571428571428,0.0,0.0,0.38796666666666657,optimal
2021-02-10 15:00:00,36,2,1.1428571428571428,0.46444444444444444,0.0,0.26373333333333326,optimal
2021-02-10 15:30:00,36,2,1.1428571428571428,0.23222222222222222,0.0,0.20976666666666668,optimal
2021-02-10 16:00:00,36,2,0.0,0.23222222222222222,0.0,0.25756666666666667,optimal
2021-02-10 16:30:00,36,2,0.0,0.1548148148148148,0.0,0.11646666666666668,optimal
2021-02-10 17:00:00,36,2,0.0,3.173703703703704,0.0,0.19526666666666667,optimal
2021-02-10 17:30:00,36,2,0.0,0.6192592592592592,0.0,0.1176,optimal
2021-02-10 18:00:00,36,2,0.0,0.23222222222222222,0.0,2.2883666666666667,optimal
2021-02-10 18:30:00,36,2,0.0,0.23222222222222222,0.0,0.31689999999999996,optimal
2021-02-10 19:00:00,36,2,0.0,0.0,0.0,0.37076666666666663,optimal
2021-02-10 19:30:00,36,2,0.0,0.0,0.0,0.6281666666666667,optimal
2021-02-10 20:00:00,36,2,0.0,0.1548148148148148,0.0,0.42610000000000003,optimal
2021-02-10 20:30:00,36,2,0.0,0.0,0.0,0.29,optimal
2021-02-10 21:00:00,36,2,0.0,0.0,0.0,0.3353,optimal
2021-02-10 21:30:00,36,2,0.0,0.3096296296296296,0.0,0.7444,optimal
2021-02-10 22:00:00,36,2,0.0,0.0774074074074074,0.0,0.31410000000000005,optimal
2021-02-10 22:30:00,36,2,0.0,0.0,0.0,0.074,optimal
2021-02-10 23:00:00,36,2,0.0,0.0,0.0,0.15446666666666667,optimal
2021-02-10 23:30:00,36,2,0.0,0.0,0.0,0.08386666666666666,optimal
2021-02-11 00:00:00,36,2,1.1428571428571428,0.0,0.0,0.05866666666666666,optimal
2021-02-11 00:30:00,36,2,1.1428571428571428,0.0,0.0,0.066,optimal
2021-02-11 01:00:00,36,2,1.1428571428571428,0.0,0.0,0.11523333333333333,optimal
2021-02-11 01:30:00,36,2,1.1428571428571428,0.0,0.0,0.1715,optimal
2021-02-11 02:00:00,36,2,1.1428571428571428,0.0,0.0,0.066,optimal
2021-02-11 02:30:00,36,2,1.1428571428571428,0.0,0.0,0.22073333333333328,optimal
2021-02-11 03:00:00,36,2,1.1428571428571428,0.0,0.0,0.066,optimal
2021-02-11 03:30:00,36,2,1.1428571428571428,0.0,0.0,0.1715,optimal
2021-02-11 04:00:00,36,2,1.1428571428571428,0.0,0.0,0.11523333333333333,optimal
2021-02-11 04:30:00,36,2,1.1428571428571428,0.0,0.0,0.11523333333333333,optimal
2021-02-11 05:00:00,36,2,1.1428571428571428,0.0,0.0,0.1715,optimal
2021-02-11 05:30:00,36,2,1.1428571428571428,0.0,0.0,0.066,optimal
2021-02-11 06:00:00,36,2,1.1428571428571428,0.0,0.0,0.18556666666666663,optimal
2021-02-11 06:30:00,36,2,1.1428571428571428,0.0,4.6302461327881055,0.10116666666666668,optimal
2021-02-11 07:00:00,36,2,1.1428571428571428,0.6610592592592593,10.0,0.5738333333333334,optimal
2021-02-11 07:30:00,36,2,1.1428571428571428,1.3338571518718478,0.0,0.24106666666666662,optimal
2021-02-11 08:00:00,36,2,0.8170877417938689,1.006296296296296,0.0,0.10106666666666667,optimal
2021-02-11 08:30:00,36,2,0.5243047550921214,1.6255555555555554,0.0,1.9765,optimal
2021-02-11 09:00:00,36,2,0.6424264685225866,0.0,0.0,0.4899333333333333,optimal
2021-02-11 09:30:00,36,2,0.6701536079561238,0.0,0.0,0.2305,optimal
2021-02-11 10:00:00,36,2,0.44702131406018963,0.1548148148148148,0.0,0.7464333333333333,optimal
2021-02-11 10:30:00,36,2,0.40470555772937605,0.1548148148148148,0.0,1.9215,optimal
2021-02-11 11:00:00,36,2,0.4896293231765082,0.0,0.0,0.2413333333333333,optimal
2021-02-11 11:30:00,36,2,0.774508702609232,0.0,0.0,0.2834333333333333,optimal
2021-02-11 12:00:00,36,2,1.1428571428571428,0.0,0.0,0.211,optimal
2021-02-11 12:30:00,36,2,1.1428571428571428,0.0,0.0,0.1416,optimal
2021-02-11 13:00:00,36,2,1.1428571428571428,0.0,0.0,0.22073333333333328,optimal
2021-02-11 13:30:00,36,2,1.1428571428571428,0.0,0.0,0.066,optimal
2021-02-11 14:00:00,36,2,1.1428571428571428,0.0,0.0,0.1715,optimal
2021-02-11 14:30:00,36,2,1.1428571428571428,0.0,0.0,0.11523333333333333,optimal
2021-02-11 15:00:00,36,2,1.1428571428571428,0.0,0.0,0.066,optimal
2021-02-11 15:30:00,36,2,1.1428571428571428,0.0,0.0,0.1504,optimal
2021-02-11 16:00:00,36,2,0.0,0.0,0.0,0.13633333333333333,optimal
2021-02-11 16:30:00,36,2,0.0,0.0,0.0,0.066,optimal
2021-02-11 17:00:00,36,2,0.0,0.6192592592592592,0.0,0.3551,optimal
2021-02-11 17:30:00,36,2,0.0,0.0,0.0,0.7394,optimal
2021-02-11 18:00:00,36,2,0.0,0.1548148148148148,0.0,0.4903333333333333,optimal
2021-02-11 18:30:00,36,2,0.0,0.0774074074074074,0.0,0.29946666666666666,optimal
2021-02-11 19:00:00,36,2,0.0,0.0,0.0,0.8674333333333333,optimal
2021-02-11 19:30:00,36,2,0.8136223914025783,3.4090222222222217,0.0,1.1870666666666667,optimal
2021-02-11 20:00:00,36,2,0.9088769385170652,2.0094962962962963,0.0,0.6047666666666667,optimal
2021-02-11 20:30:00,36,2,0.0,0.0,0.0,0.6908666666666666,optimal
2021-02-11 21:00:00,36,2,0.0,0.0,0.0,0.38156666666666667,optimal
2021-02-11 21:30:00,36,2,0.0,0.0774074074074074,0.0,1.4781333333333335,optimal
2021-02-11 22:00:00,36,2,0.0,0.0774074074074074,0.0,1.2929666666666666,optimal
2021-02-11 22:30:00,36,2,0.0,0.0,0.0,0.9953666666666667,optimal
2021-02-11 23:00:00,36,2,0.0,0.0,0.0,0.4720666666666667,optimal
2021-02-11 23:30:00,36,2,0.0,0.0,0.0,0.8132333333333334,optimal
2021-02-12 00:00:00,36,2,1.1428571428571428,0.0,0.0,0.055,optimal
2021-02-12 00:30:00,36,2,1.1428571428571428,0.0,0.0,0.055,optimal
2021-02-12 01:00:00,36,2,1.1428571428571428,0.0,0.0,0.055,optimal
2021-02-12 01:30:00,36,2,1.1428571428571428,0.0,0.0,0.07333333333333333,optimal
2021-02-12 02:00:00,36,2,1.1428571428571428,0.0,0.0,0.10266666666666668,optimal
2021-02-12 02:30:00,36,2,1.1428571428571428,0.0,0.0,0.055,optimal
2021-02-12 03:00:00,36,2,1.1428571428571428,0.0,0.0,0.055,optimal
2021-02-12 03:30:00,36,2,1.1428571428571428,0.0,0.0,0.121,optimal
2021-02-12 04:00:00,36,2,1.1428571428571428,0.0,0.0,0.055,optimal
2021-02-12 04:30:00,36,2,1.1428571428571428,0.0,0.0,0.121,optimal
2021-02-12 05:00:00,36,2,1.1428571428571428,0.0,0.0,0.055,optimal
2021-02-12 05:30:00,36,2,1.1428571428571428,0.0,0.050413471845564876,0.121,optimal
2021-02-12 06:00:00,36,2,1.1428571428571428,0.0,10.0,0.055,optimal
2021-02-12 06:30:00,36,2,1.1428571428571428,0.0,10.0,0.055,optimal
2021-02-12 07:00:00,36,2,1.1428571428571428,0.23222222222222222,10.0,0.12033333333333332,optimal
2021-02-12 07:30:00,36,2,1.1428571428571428,8.39589178036005,0.0,1.705266666666667,optimal
2021-02-12 08:00:00,36,2,0.8130857529417769,0.0774074074074074,0.0,0.5176000000000001,optimal
2021-02-12 08:30:00,36,2,0.7884265325775444,0.0,0.0,1.1421,optimal
2021-02-12 09:00:00,36,2,0.49719554810323563,0.3096296296296296,0.0,1.6104,optimal
2021-02-12 09:30:00,36,2,0.5782641149669999,0.5418518518518518,0.0,1.4553333333333334,optimal
2021-02-12 10:00:00,36,2,0.4174347484144234,0.0774074074074074,0.0,1.3038333333333332,optimal
2021-02-12 10:30:00,36,2,0.4400084272381387,0.23222222222222222,0.0,1.5823666666666665,optimal
2021-02-12 11:00:00,36,2,0.3991814581860764,0.0,0.0,0.8851666666666667,optimal
2021-02-12 11:30:00,36,2,0.3944138823247638,0.0,0.0,1.5051666666666668,optimal
2021-02-12 12:00:00,36,2,0.34844506871564235,0.1548148148148148,0.0,2.11,optimal
2021-02-12 12:30:00,36,2,0.7901625459609565,0.0,0.0,0.9663333333333334,optimal
2021-02-12 13:00:00,36,2,1.1428571428571428,0.46444444444444444,0.0,0.3073,optimal
2021-02-12 13:30:00,36,2,1.1428571428571428,0.0,0.0,0.1608,optimal
2021-02-12 14:00:00,36,2,1.1428571428571428,0.0774074074074074,0.0,0.9355,optimal
2021-02-12 14:30:00,36,2,1.1428571428571428,0.3096296296296296,0.0,1.5108666666666666,optimal
2021-02-12 15:00:00,36,2,1.1428571428571428,0.0774074074074074,0.0,0.4023333333333333,optimal
2021-02-12 15:30:00,36,2,1.1428571428571428,0.0,0.0,0.41153333333333336,optimal
2021-02-12 16:00:00,36,2,0.0,0.0,0.0,0.06866666666666667,optimal
2021-02-12 16:30:00,36,2,0.0,0.0,0.0,0.139,optimal
2021-02-12 17:00:00,36,2,0.0,0.387037037037037,0.0,0.9483333333333334,optimal
2021-02-12 17:30:00,36,2,0.0,0.0,0.0,1.2041333333333335,optimal
2021-02-12 18:00:00,36,2,0.0,0.23222222222222222,0.0,1.3825666666666665,optimal
2021-02-12 18:30:00,36,2,0.0,0.23222222222222222,0.0,0.6444,optimal
2021-02-12 19:00:00,36,2,0.0,0.23222222222222222,0.0,0.448,optimal
2021-02-12 19:30:00,36,2,0.6576328561810422,0.5418518518518518,0.0,2.0587,optimal
2021-02-12 20:00:00,36,2,0.6456346745703507,0.0,0.0,1.3607,optimal
2021-02-12 20:30:00,36,2,0.0,0.0,0.0,0.25893333333333335,optimal
2021-02-12 21:00:00,36,2,0.0,0.387037037037037,0.0,1.8703666666666663,optimal
2021-02-12 21:30:00,36,2,0.0,0.23222222222222222,0.0,0.7022666666666667,optimal
2021-02-12 22:00:00,36,2,0.0,0.0,0.0,2.0727333333333333,optimal
2021-02-12 22:30:00,36,2,0.0,0.0,0.0,1.5599,optimal
2021-02-12 23:00:00,36,2,0.0,0.0,0.0,0.09933333333333332,optimal
2021-02-12 23:30:00,36,2,0.0,0.0,0.0,0.12966666666666665,optimal
2021-02-13 00:00:00,36,2,0.0,0.0,0.0,0.058,optimal
2021-02-13 00:30:00,36,2,0.3350717531143058,0.0,0.0,0.15363333333333332,optimal
2021-02-13 01:00:00,36,2,1.1428571428571428,0.0,0.0,0.06303333333333333,optimal
2021-02-13 01:30:00,36,2,1.1428571428571428,0.0,0.0,0.058,optimal
2021-02-13 02:00:00,36,2,1.1428571428571428,0.0,0.0,0.15866666666666665,optimal
2021-02-13 02:30:00,36,2,1.1428571428571428,0.0,0.0,0.058,optimal
2021-02-13 03:00:00,36,2,1.1428571428571428,0.0,0.0,0.058,optimal
2021-02-13 03:30:00,36,2,1.1428571428571428,0.0,0.0,0.15866666666666665,optimal
2021-02-13 04:00:00,36,2,1.1428571428571428,0.0,0.0,0.058,optimal
2021-02-13 04:30:00,36,2,1.1428571428571428,0.0,0.0,0.05966666666666666,optimal
2021-02-13 05:00:00,36,2,1.1428571428571428,0.0,0.0,0.14216666666666666,optimal
2021-02-13 05:30:00,36,2,1.1428571428571428,0.0,0.0,0.08316666666666667,optimal
2021-02-13 06:00:00,36,2,1.1428571428571428,0.0,0.0,0.11336666666666666,optimal
2021-02-13 06:30:00,36,2,1.1428571428571428,0.0,8.092560700505224,0.1033,optimal
2021-02-13 07:00:00,36,2,1.1428571428571428,0.3096296296296296,10.0,0.10933333333333331,optimal
2021-02-13 07:30:00,36,2,1.1428571428571428,6.6570370370370355,0.0,0.21130000000000002,optimal
2021-02-13 08:00:00,36,2,0.6332241027328533,0.0,0.0,3.1307,optimal
2021-02-13 08:30:00,36,2,0.6686870030620081,0.387037037037037,0.0,2.182366666666667,optimal
2021-02-13 09:00:00,36,2,0.6151895408822244,0.0,0.0,1.2087,optimal
2021-02-13 09:30:00,36,2,0.6432868996708576,0.0,0.0,0.2603666666666667,optimal
2021-02-13 10:00:00,36,2,0.446500818982195,0.3096296296296296,0.0,1.5947,optimal
2021-02-13 10:30:00,36,2,0.552647528835167,0.0,0.0,0.3166666666666667,optimal
2021-02-13 11:00:00,36,2,0.46321446605122296,0.0,0.0,0.216,optimal
2021-02-13 11:30:00,36,2,0.43705641399942924,0.1548148148148148,0.0,0.31006666666666666,optimal
2021-02-13 12:00:00,36,2,0.3652343981396401,0.3096296296296296,0.0,1.5427,optimal
2021-02-13 12:30:00,36,2,0.40557543689319675,0.0,0.0,0.8055666666666668,optimal
2021-02-13 13:00:00,36,2,1.1428571428571428,0.0,0.0,0.1415,optimal
2021-02-13 13:30:00,36,2,1.1428571428571428,0.0,0.0,0.06636666666666666,optimal
2021-02-13 14:00:00,36,2,1.1428571428571428,0.0,0.0,2.1656,optimal
2021-02-13 14:30:00,36,2,1.1428571428571428,0.0,0.0,0.2660666666666667,optimal
2021-02-13 15:00:00,36,2,1.1428571428571428,0.3096296296296296,0.0,0.0704,optimal
2021-02-13 15:30:00,36,2,1.1428571428571428,0.0,0.0,0.27963333333333334,optimal
2021-02-13 16:00:00,36,2,0.0,0.0,0.0,1.1018666666666665,optimal
2021-02-13 16:30:00,36,2,0.0,0.6966666666666667,0.0,2.7702,optimal
2021-02-13 17:00:00,36,2,0.0,0.1548148148148148,0.0,0.17673333333333333,optimal
2021-02-13 17:30:00,36,2,0.0,0.1548148148148148,0.0,0.24963333333333332,optimal
2021-02-13 18:00:00,36,2,0.0,0.0774074074074074,0.0,2.3834666666666666,optimal
2021-02-13 18:30:00,36,2,0.0,0.387037037037037,0.0,0.24996666666666667,optimal
2021-02-13 19:00:00,36,2,0.0,0.0774074074074074,0.0,0.37326666666666664,optimal
2021-02-13 19:30:00,36,2,0.3993824695598713,1.7803703703703702,0.0,0.39339999999999997,optimal
2021-02-13 20:00:00,36,2,0.6135918174274893,0.0,0.0,0.2922,optimal
2021-02-13 20:30:00,36,2,0.0,0.0,0.0,2.644,optimal
2021-02-13 21:00:00,36,2,0.0,0.23222222222222222,0.0,1.0162666666666669,optimal
2021-02-13 21:30:00,36,2,0.0,0.0,0.0,3.0564333333333336,optimal
2021-02-13 22:00:00,36,2,0.0,0.0,0.0,2.0339333333333327,optimal
2021-02-13 22:30:00,36,2,0.0,0.0,0.0,0.5822666666666666,optimal
2021-02-13 23:00:00,36,2,0.0,0.0,0.0,0.068,optimal
2021-02-13 23:30:00,36,2,0.0,0.0,0.0,0.16866666666666666,optimal
2021-02-07 00:00:00,37,2,0.0,0.0,0.0,0.061,optimal
2021-02-07 00:30:00,37,2,0.0,0.0,0.0,0.20953333333333332,optimal
2021-02-07 01:00:00,37,2,0.0,0.0,0.0,0.15180000000000002,optimal
2021-02-07 01:30:00,37,2,0.0,0.0,0.0,0.061,optimal
2021-02-07 02:00:00,37,2,0.0,0.0,0.0,0.18566666666666662,optimal
2021-02-07 02:30:00,37,2,0.0,0.0,0.0,0.17566666666666667,optimal
2021-02-07 03:00:00,37,2,0.0,0.0,0.0,0.07233333333333333,optimal
2021-02-07 03:30:00,37,2,0.0,0.0,0.0,0.17433333333333334,optimal
2021-02-07 04:00:00,37,2,1.1428571428571428,0.0,0.0,0.061,optimal
2021-02-07 04:30:00,37,2,1.1428571428571428,0.0,0.0,0.30033333333333334,optimal
2021-02-07 05:00:00,37,2,1.1428571428571428,0.0,0.0,0.061,optimal
2021-02-07 05:30:00,37,2,1.1428571428571428,0.0,0.0,0.146,optimal
2021-02-07 06:00:00,37,2,1.1428571428571428,0.0,0.0,0.21766666666666662,optimal
2021-02-07 06:30:00,37,2,1.1428571428571428,0.0,0.0,0.068,optimal
2021-02-07 07:00:00,37,2,1.1428571428571428,0.0,2.2154311931077144,0.16993333333333333,optimal
2021-02-07 07:30:00,37,2,0.0,0.1548148148148148,0.0,0.17306666666666667,optimal
2021-02-07 08:00:00,37,2,0.05388558594822937,1.470740740740741,0.0,0.1814333333333333,optimal
2021-02-07 08:30:00,37,2,0.4839021594942707,0.387037037037037,0.0,0.13683333333333333,optimal
2021-02-07 09:00:00,37,2,0.4353797565255033,0.3096296296296296,0.0,1.1178,optimal
2021-02-07 09:30:00,37,2,0.38755694256894246,0.3096296296296296,0.0,0.8427333333333333,optimal
2021-02-07 10:00:00,37,2,0.2976910516440228,0.3096296296296296,0.0,1.3338666666666665,optimal
2021-02-07 10:30:00,37,2,0.4205919176523812,0.1548148148148148,0.0,0.4357,optimal
2021-02-07 11:00:00,37,2,0.43011286457161746,0.0,0.0,0.3296,optimal
2021-02-07 11:30:00,37,2,0.3780023883811341,0.1548148148148148,0.0,0.41026666666666667,optimal
2021-02-07 12:00:00,37,2,0.23587689768973152,0.3096296296296296,0.0,0.6723333333333333,optimal
2021-02-07 12:30:00,37,2,0.8239645143880525,0.1548148148148148,0.0,1.2059666666666666,optimal
2021-02-07 13:00:00,37,2,1.1428571428571428,0.0,0.0,0.6776333333333333,optimal
2021-02-07 13:30:00,37,2,1.1428571428571428,0.0774074074074074,0.0,0.1638,optimal
2021-02-07 14:00:00,37,2,1.1428571428571428,0.0,0.0,0.16846666666666668,optimal
2021-02-07 14:30:00,37,2,1.1428571428571428,0.0,0.0,0.11653333333333332,optimal
2021-02-07 15:00:00,37,2,1.1428571428571428,0.0,0.0,0.23613333333333333,optimal
2021-02-07 15:30:00,37,2,1.1428571428571428,0.0,0.0,0.11686666666666666,optimal
2021-02-07 16:00:00,37,2,0.0,0.0,0.0,0.09366666666666669,optimal
2021-02-07 16:30:00,37,2,0.0,0.0774074074074074,0.0,0.3261,optimal
2021-02-07 17:00:00,37,2,0.0,0.6966666666666667,0.0,0.09136666666666667,optimal
2021-02-07 17:30:00,37,2,0.0,0.0774074074074074,0.0,1.2168333333333332,optimal
2021-02-07 18:00:00,37,2,0.0,0.0,0.0,0.18646666666666667,optimal
2021-02-07 18:30:00,37,2,0.0,0.46444444444444444,0.0,0.07106666666666667,optimal
2021-02-07 19:00:00,37,2,0.0,0.23222222222222222,0.0,1.0840666666666665,optimal
2021-02-07 19:30:00,37,2,0.5091080033388703,0.6192592592592592,0.0,1.044733333333333,optimal
2021-02-07 20:00:00,37,2,0.41146609857696737,0.0,0.0,0.6862333333333334,optimal
2021-02-07 20:30:00,37,2,0.0,0.387037037037037,0.0,0.7624,optimal
2021-02-07 21:00:00,37,2,0.0,0.0,0.0,1.2658666666666665,optimal
2021-02-07 21:30:00,37,2,0.0,0.0,0.0,0.3636666666666667,optimal
2021-02-07 22:00:00,37,2,0.0,0.0,0.0,0.6480333333333334,optimal
2021-02-07 22:30:00,37,2,0.0,0.46444444444444444,0.0,0.3534,optimal
2021-02-07 23:00:00,37,2,0.0,0.7167925925925925,0.0,0.4325333333333334,optimal
2021-02-07 23:30:00,37,2,0.0,0.0,0.0,0.15033333333333335,optimal
2021-02-08 00:00:00,37,2,0.0,0.0,0.0,0.059,optimal
2021-02-08 00:30:00,37,2,0.0,0.0,0.0,0.073,optimal
2021-02-08 01:00:00,37,2,0.0,0.0,0.0,0.199,optimal
2021-02-08 01:30:00,37,2,0.0,0.0,0.0,0.1364,optimal
2021-02-08 02:00:00,37,2,0.6360412740497705,0.0,0.0,0.059,optimal
2021-02-08 02:30:00,37,2,1.1428571428571428,0.0,0.0,0.2904,optimal
2021-02-08 03:00:00,37,2,1.1428571428571428,0.0,0.0,0.059,optimal
2021-02-08 03:30:00,37,2,1.1428571428571428,0.0,0.0,0.192,optimal
2021-02-08 04:00:00,37,2,1.1428571428571428,0.0,0.0,0.1574,optimal
2021-02-08 04:30:00,37,2,1.1428571428571428,0.0,0.0,0.094,optimal
2021-02-08 05:00:00,37,2,1.1428571428571428,0.0,0.0,0.178,optimal
2021-02-08 05:30:00,37,2,1.1428571428571428,0.0,0.0,0.1364,optimal
2021-02-08 06:00:00,37,2,1.1428571428571428,0.0,0.0,0.178,optimal
2021-02-08 06:30:00,37,2,1.1428571428571428,0.0,0.0,0.12840000000000001,optimal
2021-02-08 07:00:00,37,2,1.1428571428571428,0.23222222222222222,6.827765706619603,0.34386666666666665,optimal
2021-02-08 07:30:00,37,2,1.1428571428571428,0.0774074074074074,0.0,1.9470999999999998,optimal
2021-02-08 08:00:00,37,2,0.5920388242106576,0.387037037037037,0.0,0.262,optimal
2021-02-08 08:30:00,37,2,0.35141778545711544,0.46444444444444444,0.0,2.1279666666666666,optimal
2021-02-08 09:00:00,37,2,0.6186318960559662,0.0774074074074074,0.0,0.2155,optimal
2021-02-08 09:30:00,37,2,0.6320339303767668,0.3096296296296296,0.0,0.1368,optimal
2021-02-08 10:00:00,37,2,0.5256931768648369,0.0774074074074074,0.0,0.2226,optimal
2021-02-08 10:30:00,37,2,0.5839387615916533,0.0,0.0,0.09613333333333333,optimal
2021-02-08 11:00:00,37,2,0.43357345744727627,0.6192592592592592,0.0,0.34246666666666664,optimal
2021-02-08 11:30:00,37,2,0.47106687715321083,0.0,0.0,0.2396,optimal
2021-02-08 12:00:00,37,2,0.47588521681686424,0.1548148148148148,0.0,0.10573333333333332,optimal
2021-02-08 12:30:00,37,2,0.5932995797625364,0.0,0.0,0.26339999999999997,optimal
2021-02-08 13:00:00,37,2,1.1428571428571428,0.0,0.0,0.104,optimal
2021-02-08 13:30:00,37,2,1.1428571428571428,0.0,0.0,0.1169,optimal
2021-02-08 14:00:00,37,2,1.1428571428571428,0.0,0.0,0.2525,optimal
2021-02-08 14:30:00,37,2,1.1428571428571428,0.0,0.0,0.069,optimal
2021-02-08 15:00:00,37,2,1.1428571428571428,0.0,0.0,0.069,optimal
2021-02-08 15:30:00,37,2,1.1428571428571428,0.0,0.0,0.14573333333333333,optimal
2021-02-08 16:00:00,37,2,0.0,0.0,0.0,0.21559999999999999,optimal
2021-02-08 16:30:00,37,2,0.0,0.0774074074074074,0.0,0.17943333333333333,optimal
2021-02-08 17:00:00,37,2,0.0,0.23222222222222222,0.0,0.7753333333333333,optimal
2021-02-08 17:30:00,37,2,0.0,0.0,0.0,0.249,optimal
2021-02-08 18:00:00,37,2,0.0,0.0,0.0,0.4264,optimal
2021-02-08 18:30:00,37,2,0.0,0.0774074074074074,0.0,0.21930000000000002,optimal
2021-02-08 19:00:00,37,2,0.0,0.387037037037037,0.0,0.4916666666666667,optimal
2021-02-08 19:30:00,37,2,0.6106650189195246,0.1548148148148148,0.0,0.41036666666666666,optimal
2021-02-08 20:00:00,37,2,0.63737727031302,0.0,0.0,0.3808333333333333,optimal
2021-02-08 20:30:00,37,2,0.0,0.0774074074074074,0.0,0.3226666666666667,optimal
2021-02-08 21:00:00,37,2,0.0,0.0,0.0,0.2533333333333333,optimal
2021-02-08 21:30:00,37,2,0.0,0.3096296296296296,0.0,0.31743333333333335,optimal
2021-02-08 22:00:00,37,2,0.0,0.0,0.0,0.3002666666666666,optimal
2021-02-08 22:30:00,37,2,0.0,0.0,0.0,0.2402,optimal
2021-02-08 23:00:00,37,2,0.0,0.0,0.0,0.30346666666666666,optimal
2021-02-08 23:30:00,37,2,0.0,0.0,0.0,0.23736666666666667,optimal
2021-02-09 00:00:00,37,2,0.0,0.0,0.0,0.0798,optimal
2021-02-09 00:30:00,37,2,0.0,0.0,0.0,0.1036,optimal
2021-02-09 01:00:00,37,2,0.1787913283764585,0.0,0.0,0.056,optimal
2021-02-09 01:30:00,37,2,1.1428571428571428,0.0,0.0,0.1274,optimal
2021-02-09 02:00:00,37,2,1.1428571428571428,0.0,0.0,0.056,optimal
2021-02-09 02:30:00,37,2,1.1428571428571428,0.0,0.0,0.1274,optimal
2021-02-09 03:00:00,37,2,1.1428571428571428,0.0,0.0,0.056,optimal
2021-02-09 03:30:00,37,2,1.1428571428571428,0.0,0.0,0.056,optimal
2021-02-09 04:00:00,37,2,1.1428571428571428,0.0,0.0,0.056,optimal
2021-02-09 04:30:00,37,2,1.1428571428571428,0.0,0.0,0.11946666666666668,optimal
2021-02-09 05:00:00,37,2,1.1428571428571428,0.0,0.0,0.06393333333333333,optimal
2021-02-09 05:30:00,37,2,1.1428571428571428,0.0,0.0,0.056,optimal
2021-02-09 06:00:00,37,2,1.1428571428571428,0.0,0.0,0.1274,optimal
2021-02-09 06:30:00,37,2,1.1428571428571428,0.0,2.0862935281496675,0.06356666666666667,optimal
2021-02-09 07:00:00,37,2,1.1428571428571428,0.6966666666666667,10.0,1.110266666666667,optimal
2021-02-09 07:30:00,37,2,1.1428571428571428,0.0,0.0,0.08526666666666667,optimal
2021-02-09 08:00:00,37,2,0.5624075706668269,0.5418518518518518,0.0,0.0788,optimal
2021-02-09 08:30:00,37,2,0.5258191287971439,0.3096296296296296,0.0,0.10493333333333334,optimal
2021-02-09 09:00:00,37,2,0.4718947470158741,0.0774074074074074,0.0,0.10740000000000001,optimal
2021-02-09 09:30:00,37,2,0.49629881565747325,0.0,0.0,0.055,optimal
2021-02-09 10:00:00,37,2,0.45933322157491197,0.0,0.0,0.055,optimal
2021-02-09 10:30:00,37,2,0.24216200893497178,0.1548148148148148,0.0,1.1025,optimal
2021-02-09 11:00:00,37,2,0.2358924966009754,0.6192592592592592,0.0,0.38089999999999996,optimal
2021-02-09 11:30:00,37,2,0.48175349216822083,0.0,0.0,0.0993,optimal
2021-02-09 12:00:00,37,2,0.4588357562223582,0.0,0.0,0.0917,optimal
2021-02-09 12:30:00,37,2,0.47117476065510383,0.0,0.0,0.056,optimal
2021-02-09 13:00:00,37,2,1.1428571428571428,0.0,0.0,0.056,optimal
2021-02-09 13:30:00,37,2,1.1428571428571428,0.0,0.0,0.1274,optimal
2021-02-09 14:00:00,37,2,1.1428571428571428,0.0,0.0,0.056,optimal
2021-02-09 14:30:00,37,2,1.1428571428571428,0.0,0.0,0.16976666666666668,optimal
2021-02-09 15:00:00,37,2,1.1428571428571428,0.0,0.0,0.3685333333333334,optimal
2021-02-09 15:30:00,37,2,1.1428571428571428,0.3096296296296296,0.0,0.2817333333333333,optimal
2021-02-09 16:00:00,37,2,0.0,0.0,0.0,0.3497,optimal
2021-02-09 16:30:00,37,2,0.0,0.3096296296296296,0.0,0.1989333333333333,optimal
2021-02-09 17:00:00,37,2,0.0,0.23222222222222222,0.0,0.44753333333333334,optimal
2021-02-09 17:30:00,37,2,0.0,0.5418518518518518,0.0,0.28553333333333336,optimal
2021-02-09 18:00:00,37,2,0.0,0.46444444444444444,0.0,0.2576666666666667,optimal
2021-02-09 18:30:00,37,2,0.0,2.3222222222222215,0.0,0.37756666666666666,optimal
2021-02-09 19:00:00,37,2,0.0,0.0774074074074074,0.0,0.3925666666666667,optimal
2021-02-09 19:30:00,37,2,0.0,0.387037037037037,0.0,0.37803333333333333,optimal
2021-02-09 20:00:00,37,2,0.14874279460289383,0.0,0.0,0.3430666666666667,optimal
2021-02-09 20:30:00,37,2,0.0,0.0,0.0,0.7142000000000001,optimal
2021-02-09 21:00:00,37,2,0.0,0.1548148148148148,0.0,0.6512666666666667,optimal
2021-02-09 21:30:00,37,2,0.0,0.0,0.0,0.4345333333333334,optimal
2021-02-09 22:00:00,37,2,0.0,0.0,0.0,0.22669999999999998,optimal
2021-02-09 22:30:00,37,2,0.0,0.0,0.0,0.06996666666666666,optimal
2021-02-09 23:00:00,37,2,0.0,0.0,0.0,0.08186666666666666,optimal
2021-02-09 23:30:00,37,2,0.0,0.0,0.0,0.1192,optimal
2021-02-10 00:00:00,37,2,0.0,0.0,0.0,0.057,optimal
2021-02-10 00:30:00,37,2,0.0,0.0,0.0,0.2987333333333333,optimal
2021-02-10 01:00:00,37,2,0.0,0.0,0.0,0.057,optimal
2021-02-10 01:30:00,37,2,0.708708268777011,0.0,0.0,0.0783,optimal
2021-02-10 02:00:00,37,2,1.1428571428571428,0.0,0.0,0.35203333333333336,optimal
2021-02-10 02:30:00,37,2,1.1428571428571428,0.0,0.0,0.0818,optimal
2021-02-10 03:00:00,37,2,1.1428571428571428,0.0,0.0,0.1564,optimal
2021-02-10 03:30:00,37,2,1.1428571428571428,0.0,0.0,0.19340000000000002,optimal
2021-02-10 04:00:00,37,2,1.1428571428571428,0.0,0.0,0.136,optimal
2021-02-10 04:30:00,37,2,1.1428571428571428,0.0,0.0,0.1827333333333333,optimal
2021-02-10 05:00:00,37,2,1.1428571428571428,0.0,0.0,0.21353333333333332,optimal
2021-02-10 05:30:00,37,2,1.1428571428571428,0.0,0.0,0.21963333333333332,optimal
2021-02-10 06:00:00,37,2,1.1428571428571428,0.0774074074074074,0.0,1.0284666666666666,optimal
2021-02-10 06:30:00,37,2,1.1428571428571428,0.1548148148148148,5.266089665779877,0.4666666666666667,optimal
2021-02-10 07:00:00,37,2,1.1428571428571428,0.0,10.0,0.17880000000000001,optimal
2021-02-10 07:30:00,37,2,1.1428571428571428,2.8640740740740736,0.0,1.2873333333333332,optimal
2021-02-10 08:00:00,37,2,0.571209299592066,2.5544444444444445,0.0,0.27043333333333336,optimal
2021-02-10 08:30:00,37,2,0.598377091384874,1.548148148148148,0.0,0.13623333333333332,optimal
2021-02-10 09:00:00,37,2,0.5379090088074223,0.0,0.0,0.27486666666666665,optimal
2021-02-10 09:30:00,37,2,0.2710672767907034,0.0,0.0,1.3412,optimal
2021-02-10 10:00:00,37,2,0.49346625412794126,0.0,0.0,0.0706,optimal
2021-02-10 10:30:00,37,2,0.4724492408296902,0.23222222222222222,0.0,0.211,optimal
2021-02-10 11:00:00,37,2,0.3895670645467057,0.0,0.0,0.22303333333333333,optimal
2021-02-10 11:30:00,37,2,0.2969461985383511,0.387037037037037,0.0,0.32656666666666667,optimal
2021-02-10 12:00:00,37,2,0.16188815487060354,0.8514814814814814,0.0,0.3382,optimal
2021-02-10 12:30:00,37,2,0.2774691072515482,0.23222222222222222,0.0,0.19166666666666662,optimal
2021-02-10 13:00:00,37,2,0.2631772082900205,0.46444444444444444,0.0,0.4026666666666667,optimal
2021-02-10 13:30:00,37,2,0.450002499034828,0.23222222222222222,0.0,0.16419999999999998,optimal
2021-02-10 14:00:00,37,2,1.1428571428571428,0.1548148148148148,0.0,0.9011666666666667,optimal
2021-02-10 14:30:00,37,2,1.1428571428571428,0.0,0.0,1.4473666666666665,optimal
2021-02-10 15:00:00,37,2,1.1428571428571428,0.1548148148148148,0.0,0.2424,optimal
2021-02-10 15:30:00,37,2,1.1428571428571428,0.23222222222222222,0.0,0.6342000000000001,optimal
2021-02-10 16:00:00,37,2,0.0,0.6192592592592592,0.0,1.6542666666666668,optimal
2021-02-10 16:30:00,37,2,0.0,0.6192592592592592,0.0,1.7540333333333333,optimal
2021-02-10 17:00:00,37,2,0.0,0.6192592592592592,0.0,1.3175999999999999,optimal
2021-02-10 17:30:00,37,2,0.0,0.0,0.0,0.42486666666666667,optimal
2021-02-10 18:00:00,37,2,0.0,0.774074074074074,0.0,1.5877999999999999,optimal
2021-02-10 18:30:00,37,2,0.0,0.0,0.0,0.32780000000000004,optimal
2021-02-10 19:00:00,37,2,0.0,0.0774074074074074,0.0,0.5015333333333334,optimal
2021-02-10 19:30:00,37,2,0.0,0.3096296296296296,0.0,0.3534,optimal
2021-02-10 20:00:00,37,2,0.0,0.3096296296296296,0.0,0.41373333333333334,optimal
2021-02-10 20:30:00,37,2,0.0,0.0,0.0,0.6156,optimal
2021-02-10 21:00:00,37,2,0.0,0.0,0.0,0.5725333333333333,optimal
2021-02-10 21:30:00,37,2,0.0,0.0,0.0,0.4557333333333333,optimal
2021-02-10 22:00:00,37,2,0.0,0.0774074074074074,0.0,0.15730000000000002,optimal
2021-02-10 22:30:00,37,2,0.0,0.0,0.0,0.2284,optimal
2021-02-10 23:00:00,37,2,0.0,0.0,0.0,0.18880000000000002,optimal
2021-02-10 23:30:00,37,2,0.0,0.0,0.0,0.1814,optimal
2021-02-11 00:00:00,37,2,1.1428571428571428,0.0,0.0,0.062,optimal
2021-02-11 00:30:00,37,2,1.1428571428571428,0.0,0.0,0.11746666666666668,optimal
2021-02-11 01:00:00,37,2,1.1428571428571428,0.0,0.0,0.1276,optimal
2021-02-11 01:30:00,37,2,1.1428571428571428,0.0,0.0,0.15506666666666666,optimal
2021-02-11 02:00:00,37,2,1.1428571428571428,0.0,0.0,0.07933333333333333,optimal
2021-02-11 02:30:00,37,2,1.1428571428571428,0.0,0.0,0.16866666666666666,optimal
2021-02-11 03:00:00,37,2,1.1428571428571428,0.0,0.0,0.062,optimal
2021-02-11 03:30:00,37,2,1.1428571428571428,0.0,0.0,0.08626666666666667,optimal
2021-02-11 04:00:00,37,2,1.1428571428571428,0.0,0.0,0.10013333333333334,optimal
2021-02-11 04:30:00,37,2,1.1428571428571428,0.0,0.0,0.062,optimal
2021-02-11 05:00:00,37,2,1.1428571428571428,0.0,0.0,0.16866666666666666,optimal
2021-02-11 05:30:00,37,2,1.1428571428571428,0.0,0.0,0.062,optimal
2021-02-11 06:00:00,37,2,1.1428571428571428,0.0,8.988231994017417,0.12506666666666666,optimal
2021-02-11 06:30:00,37,2,1.1428571428571428,0.0,10.0,0.072,optimal
2021-02-11 07:00:00,37,2,1.1428571428571428,0.0,10.0,0.13373333333333332,optimal
2021-02-11 07:30:00,37,2,1.1428571428571428,1.6707761535552894,0.0,0.0628,optimal
2021-02-11 08:00:00,37,2,0.7559353608414883,0.8514814814814814,0.0,0.1719,optimal
2021-02-11 08:30:00,37,2,0.7377523741397378,0.3096296296296296,0.0,0.336,optimal
2021-02-11 09:00:00,37,2,0.7341978970940177,0.0,0.0,0.2874333333333333,optimal
2021-02-11 09:30:00,37,2,0.6507917031942297,0.3096296296296296,0.0,0.3054,optimal
2021-02-11 10:00:00,37,2,0.4731375045363752,0.0,0.0,0.28833333333333333,optimal
2021-02-11 10:30:00,37,2,0.509053176777,0.0,0.0,0.2998,optimal
2021-02-11 11:00:00,37,2,0.457134085081269,0.5418518518518518,0.0,0.2512666666666667,optimal
2021-02-11 11:30:00,37,2,0.42088711382811694,0.2740222222222222,0.0,0.28983333333333333,optimal
2021-02-11 12:00:00,37,2,0.3788400808024203,0.035607407407407414,0.0,0.2103333333333333,optimal
2021-02-11 12:30:00,37,2,0.8377680989167021,0.0,0.0,0.12440000000000001,optimal
2021-02-11 13:00:00,37,2,1.1428571428571428,0.0774074074074074,0.0,0.331,optimal
2021-02-11 13:30:00,37,2,1.1428571428571428,0.0,0.0,0.18066666666666664,optimal
2021-02-11 14:00:00,37,2,1.1428571428571428,0.0,0.0,0.4353333333333333,optimal
2021-02-11 14:30:00,37,2,1.1428571428571428,0.0,0.0,0.10633333333333331,optimal
2021-02-11 15:00:00,37,2,1.1428571428571428,0.0,0.0,0.11706666666666667,optimal
2021-02-11 15:30:00,37,2,1.1428571428571428,0.0,0.0,0.2833333333333333,optimal
2021-02-11 16:00:00,37,2,0.0,0.23222222222222222,0.0,0.1539,optimal
2021-02-11 16:30:00,37,2,0.0,0.0,0.0,0.14196666666666666,optimal
2021-02-11 17:00:00,37,2,0.0,0.5418518518518518,0.0,0.22933333333333328,optimal
2021-02-11 17:30:00,37,2,0.0,0.0,0.0,0.363,optimal
2021-02-11 18:00:00,37,2,0.0,0.0,0.0,0.13506666666666667,optimal
2021-02-11 18:30:00,37,2,0.0,0.3096296296296296,0.0,0.19886666666666666,optimal
2021-02-11 19:00:00,37,2,0.0,0.23222222222222222,0.0,0.407,optimal
2021-02-11 19:30:00,37,2,0.7679376294978255,0.3096296296296296,0.0,0.30006666666666665,optimal
2021-02-11 20:00:00,37,2,0.8208378908980105,0.23222222222222222,0.0,0.23556666666666665,optimal
2021-02-11 20:30:00,37,2,0.0,0.23222222222222222,0.0,0.5168333333333334,optimal
2021-02-11 21:00:00,37,2,0.0,0.1548148148148148,0.0,0.48506666666666665,optimal
2021-02-11 21:30:00,37,2,0.0,0.0,0.0,2.436533333333333,optimal
2021-02-11 22:00:00,37,2,0.0,0.3096296296296296,0.0,2.1320666666666668,optimal
2021-02-11 22:30:00,37,2,0.0,0.1548148148148148,0.0,0.43019999999999997,optimal
2021-02-11 23:00:00,37,2,0.0,0.0,0.0,0.16266666666666665,optimal
2021-02-11 23:30:00,37,2,0.0,0.0,0.0,0.072,optimal
2021-02-12 00:00:00,37,2,1.1428571428571428,0.0774074074074074,0.0,0.035666666666666666,optimal
2021-02-12 00:30:00,37,2,1.1428571428571428,0.0,0.0,0.044,optimal
2021-02-12 01:00:00,37,2,1.1428571428571428,0.0,0.0,0.2177666666666667,optimal
2021-02-12 01:30:00,37,2,1.1428571428571428,0.0,0.0,0.0567,optimal
2021-02-12 02:00:00,37,2,1.1428571428571428,0.0,0.0,0.1451,optimal
2021-02-12 02:30:00,37,2,1.1428571428571428,0.0,0.0,0.13636666666666666,optimal
2021-02-12 03:00:00,37,2,1.1428571428571428,0.0,0.0,0.051,optimal
2021-02-12 03:30:00,37,2,1.1428571428571428,0.0,0.0,0.23046666666666668,optimal
2021-02-12 04:00:00,37,2,1.1428571428571428,0.0,0.0,0.037,optimal
2021-02-12 04:30:00,37,2,1.1428571428571428,0.0,0.0,0.12276666666666668,optimal
2021-02-12 05:00:00,37,2,1.1428571428571428,0.0,0.0,0.15869999999999998,optimal
2021-02-12 05:30:00,37,2,1.1428571428571428,0.0,0.10297624874246032,0.037,optimal
2021-02-12 06:00:00,37,2,1.1428571428571428,0.0,10.0,0.24446666666666667,optimal
2021-02-12 06:30:00,37,2,1.1428571428571428,0.0774074074074074,10.0,0.4714666666666666,optimal
2021-02-12 07:00:00,37,2,1.1428571428571428,0.5418518518518518,10.0,1.2269333333333334,optimal
2021-02-12 07:30:00,37,2,1.1428571428571428,7.508704178915023,0.0,0.9185333333333332,optimal
2021-02-12 08:00:00,37,2,0.9985286100846397,0.0,0.0,0.0645,optimal
2021-02-12 08:30:00,37,2,0.9578084373394478,0.0,0.0,0.23696666666666666,optimal
2021-02-12 09:00:00,37,2,0.9418088814365643,0.0,0.0,0.047,optimal
2021-02-12 09:30:00,37,2,0.8446926863955695,0.0,0.0,0.0575,optimal
2021-02-12 10:00:00,37,2,0.5840490341287088,0.0,0.0,0.24396666666666667,optimal
2021-02-12 10:30:00,37,2,0.6232131891429011,0.0,0.0,0.047,optimal
2021-02-12 11:00:00,37,2,0.4794814581860801,0.0,0.0,0.15596666666666667,optimal
2021-02-12 11:30:00,37,2,0.8472571626808473,0.0,0.0,0.1455,optimal
2021-02-12 12:00:00,37,2,1.1428571428571428,0.0,0.0,0.06406666666666666,optimal
2021-02-12 12:30:00,37,2,1.1428571428571428,0.0,0.0,0.2374,optimal
2021-02-12 13:00:00,37,2,1.1428571428571428,0.0,0.0,0.047,optimal
2021-02-12 13:30:00,37,2,1.1428571428571428,0.0,0.0,0.11266666666666668,optimal
2021-02-12 14:00:00,37,2,1.1428571428571428,0.0,0.0,0.1258,optimal
2021-02-12 14:30:00,37,2,1.1428571428571428,0.0,0.0,0.05356666666666667,optimal
2021-02-12 15:00:00,37,2,1.1428571428571428,0.0,0.0,0.2479,optimal
2021-02-12 15:30:00,37,2,1.1428571428571428,0.0,0.0,0.047,optimal
2021-02-12 16:00:00,37,2,0.0,0.0,0.0,0.103,optimal
2021-02-12 16:30:00,37,2,0.0,0.0,0.0,0.06056666666666667,optimal
2021-02-12 17:00:00,37,2,0.0,0.0,0.0,0.1849,optimal
2021-02-12 17:30:00,37,2,0.0,0.0,0.0,0.11,optimal
2021-02-12 18:00:00,37,2,0.0,0.23222222222222222,0.0,0.22313333333333332,optimal
2021-02-12 18:30:00,37,2,0.0,0.0,0.0,0.1447,optimal
2021-02-12 19:00:00,37,2,0.0,0.5418518518518518,0.0,0.3131333333333333,optimal
2021-02-12 19:30:00,37,2,0.5942280942762762,0.1548148148148148,0.0,0.3841,optimal
2021-02-12 20:00:00,37,2,0.6372584840941555,0.3096296296296296,0.0,0.2615,optimal
2021-02-12 20:30:00,37,2,0.0,0.0,0.0,0.3898666666666667,optimal
2021-02-12 21:00:00,37,2,0.0,0.0774074074074074,0.0,0.30056666666666665,optimal
2021-02-12 21:30:00,37,2,0.0,0.0,0.0,0.3650333333333334,optimal
2021-02-12 22:00:00,37,2,0.0,1.2586444444444445,0.0,0.46623333333333333,optimal
2021-02-12 22:30:00,37,2,0.0,0.6765407407407406,0.0,0.3249666666666666,optimal
2021-02-12 23:00:00,37,2,0.0,0.0,0.0,0.15906666666666666,optimal
2021-02-12 23:30:00,37,2,0.0,0.0,0.0,0.2509333333333333,optimal
2021-02-13 00:00:00,37,2,0.0,0.0,0.0,0.1913,optimal
2021-02-13 00:30:00,37,2,0.13692993005225873,0.0,0.0,0.13069999999999998,optimal
2021-02-13 01:00:00,37,2,1.1428571428571428,0.0,0.0,0.1157,optimal
2021-02-13 01:30:00,37,2,1.1428571428571428,0.0,0.0,0.2063,optimal
2021-02-13 02:00:00,37,2,1.1428571428571428,0.0,0.0,0.059,optimal
2021-02-13 02:30:00,37,2,1.1428571428571428,0.0,0.0,0.0905,optimal
2021-02-13 03:00:00,37,2,1.1428571428571428,0.0,0.0,0.2315,optimal
2021-02-13 03:30:00,37,2,1.1428571428571428,0.0,0.0,0.059,optimal
2021-02-13 04:00:00,37,2,1.1428571428571428,0.0,0.0,0.0842,optimal
2021-02-13 04:30:00,37,2,1.1428571428571428,0.0,0.0,0.1724,optimal
2021-02-13 05:00:00,37,2,1.1428571428571428,0.0,0.0,0.12440000000000001,optimal
2021-02-13 05:30:00,37,2,1.1428571428571428,0.0,0.0,0.059,optimal
2021-02-13 06:00:00,37,2,1.1428571428571428,0.0,0.0,0.1724,optimal
2021-02-13 06:30:00,37,2,1.1428571428571428,0.0,3.8092640869726324,0.09386666666666665,optimal
2021-02-13 07:00:00,37,2,1.1428571428571428,0.0,10.0,0.16106666666666666,optimal
2021-02-13 07:30:00,37,2,1.1428571428571428,0.3096296296296296,0.0,0.17959999999999998,optimal
2021-02-13 08:00:00,37,2,0.7689307693995175,0.0774074074074074,0.0,0.067,optimal
2021-02-13 08:30:00,37,2,0.7609917649667676,0.3096296296296296,0.0,0.0859,optimal
2021-02-13 09:00:00,37,2,0.5222676361203215,0.1548148148148148,0.0,0.48760000000000003,optimal
2021-02-13 09:30:00,37,2,0.6587821377660963,0.0,0.0,0.11636666666666666,optimal
2021-02-13 10:00:00,37,2,0.5956151046964784,0.3096296296296296,0.0,0.18666666666666662,optimal
2021-02-13 10:30:00,37,2,0.6780951478827841,0.0,0.0,0.147,optimal
2021-02-13 11:00:00,37,2,0.5639287517655049,0.0,0.0,0.1194,optimal
2021-02-13 11:30:00,37,2,0.5457992711422796,0.0,0.0,0.17103333333333334,optimal
2021-02-13 12:00:00,37,2,0.5117020171872582,0.0,0.0,0.10623333333333332,optimal
2021-02-13 12:30:00,37,2,0.48311924641700305,0.0,0.0,0.19196666666666667,optimal
2021-02-13 13:00:00,37,2,1.1428571428571428,0.0,0.0,0.13343333333333335,optimal
2021-02-13 13:30:00,37,2,1.1428571428571428,0.0,0.0,0.0792,optimal
2021-02-13 14:00:00,37,2,1.1428571428571428,0.0,0.0,0.1843333333333333,optimal
2021-02-13 14:30:00,37,2,1.1428571428571428,0.0774074074074074,0.0,0.06666666666666667,optimal
2021-02-13 15:00:00,37,2,1.1428571428571428,0.0,0.0,1.0568,optimal
2021-02-13 15:30:00,37,2,1.1428571428571428,0.0,0.0,0.8997666666666666,optimal
2021-02-13 16:00:00,37,2,0.0,0.0,0.0,0.8044333333333333,optimal
2021-02-13 16:30:00,37,2,0.0,0.23222222222222222,0.0,1.4916666666666667,optimal
2021-02-13 17:00:00,37,2,0.0,0.0,0.0,1.2107666666666668,optimal
2021-02-13 17:30:00,37,2,0.0,0.0,0.0,0.5026,optimal
2021-02-13 18:00:00,37,2,0.0,2.3222222222222215,0.0,0.2878,optimal
2021-02-13 18:30:00,37,2,0.0,0.6966666666666667,0.0,0.38580000000000003,optimal
2021-02-13 19:00:00,37,2,0.0,0.0,0.0,0.2959333333333333,optimal
2021-02-13 19:30:00,37,2,0.0,0.1548148148148148,0.0,0.3528,optimal
2021-02-13 20:00:00,37,2,0.01669675014280324,0.0,0.0,0.38730000000000003,optimal
2021-02-13 20:30:00,37,2,0.0,0.1548148148148148,0.0,0.21746666666666667,optimal
2021-02-13 21:00:00,37,2,0.0,2.3222222222222215,0.0,0.41293333333333326,optimal
2021-02-13 21:30:00,37,2,0.0,0.1548148148148148,0.0,0.2984,optimal
2021-02-13 22:00:00,37,2,0.0,6.579629629629631,0.0,0.2526,optimal
2021-02-13 22:30:00,37,2,0.0,0.1548148148148148,0.0,0.38003333333333333,optimal
2021-02-13 23:00:00,37,2,0.0,0.0,0.0,0.2258666666666667,optimal
2021-02-13 23:30:00,37,2,0.0,0.0,0.0,0.31703333333333333,optimal
2021-02-07 00:00:00,38,2,0.0,0.0,0.0,0.046,optimal
2021-02-07 00:30:00,38,2,0.0,0.0,0.0,0.118,optimal
2021-02-07 01:00:00,38,2,0.0,0.0,0.0,0.046,optimal
2021-02-07 01:30:00,38,2,0.0,0.0,0.0,0.086,optimal
2021-02-07 02:00:00,38,2,0.0,0.0,0.0,0.078,optimal
2021-02-07 02:30:00,38,2,0.0,0.0,0.0,0.098,optimal
2021-02-07 03:00:00,38,2,0.0,0.0,0.0,0.20753333333333332,optimal
2021-02-07 03:30:00,38,2,0.0,0.0,0.0,0.098,optimal
2021-02-07 04:00:00,38,2,1.1428571428571428,0.0,0.0,0.066,optimal
2021-02-07 04:30:00,38,2,1.1428571428571428,0.0,0.0,0.15536666666666668,optimal
2021-02-07 05:00:00,38,2,1.1428571428571428,0.0,0.0,0.10216666666666668,optimal
2021-02-07 05:30:00,38,2,1.1428571428571428,0.0,0.0,0.094,optimal
2021-02-07 06:00:00,38,2,1.1428571428571428,0.0,0.0,0.18753333333333333,optimal
2021-02-07 06:30:00,38,2,1.1428571428571428,0.0,0.0,0.062,optimal
2021-02-07 07:00:00,38,2,1.1428571428571428,0.0,2.2154311931077144,0.1406,optimal
2021-02-07 07:30:00,38,2,0.0,0.23222222222222222,0.0,0.15346666666666667,optimal
2021-02-07 08:00:00,38,2,0.320725883255971,0.387037037037037,0.0,0.132,optimal
2021-02-07 08:30:00,38,2,0.6429878737799772,0.5062444444444444,0.0,0.1442,optimal
2021-02-07 09:00:00,38,2,0.6251549946207491,0.2678296296296296,0.0,0.09546666666666669,optimal
2021-02-07 09:30:00,38,2,0.5971017044737124,2.39962962962963,0.0,0.12366666666666669,optimal
2021-02-07 10:00:00,38,2,0.5733424802154453,0.8514814814814814,0.0,0.054,optimal
2021-02-07 10:30:00,38,2,0.482382393842853,0.0,0.0,0.4538333333333333,optimal
2021-02-07 11:00:00,38,2,0.577558578857332,0.23222222222222222,0.0,0.123,optimal
2021-02-07 11:30:00,38,2,0.541435721714467,0.3096296296296296,0.0,1.1865999999999999,optimal
2021-02-07 12:00:00,38,2,1.0690183482609241,0.1548148148148148,0.0,0.3846333333333333,optimal
2021-02-07 12:30:00,38,2,1.1428571428571428,0.387037037037037,0.0,1.9595,optimal
2021-02-07 13:00:00,38,2,1.1428571428571428,0.774074074074074,0.0,0.3213333333333333,optimal
2021-02-07 13:30:00,38,2,1.1428571428571428,0.0,0.0,0.17783333333333334,optimal
2021-02-07 14:00:00,38,2,1.1428571428571428,0.23222222222222222,0.0,0.148,optimal
2021-02-07 14:30:00,38,2,1.1428571428571428,0.0,0.0,0.2382,optimal
2021-02-07 15:00:00,38,2,1.1428571428571428,0.0,0.0,0.116,optimal
2021-02-07 15:30:00,38,2,1.1428571428571428,0.0,0.0,0.068,optimal
2021-02-07 16:00:00,38,2,0.0,0.0,0.0,0.056,optimal
2021-02-07 16:30:00,38,2,0.0,0.0,0.0,0.26953333333333335,optimal
2021-02-07 17:00:00,38,2,0.0,0.5418518518518518,0.0,0.23066666666666663,optimal
2021-02-07 17:30:00,38,2,0.0,0.0,0.0,0.3110333333333334,optimal
2021-02-07 18:00:00,38,2,0.0,0.0,0.0,0.4594666666666666,optimal
2021-02-07 18:30:00,38,2,0.0,0.387037037037037,0.0,0.2403,optimal
2021-02-07 19:00:00,38,2,0.0,0.0,0.0,0.3161666666666667,optimal
2021-02-07 19:30:00,38,2,0.6534660985769745,0.0,0.0,0.2042333333333333,optimal
2021-02-07 20:00:00,38,2,0.6588851461960153,0.0,0.0,0.20396666666666666,optimal
2021-02-07 20:30:00,38,2,0.0,0.0,0.0,0.3048,optimal
2021-02-07 21:00:00,38,2,0.0,0.0,0.0,0.3778,optimal
2021-02-07 21:30:00,38,2,0.0,0.0,0.0,0.2562,optimal
2021-02-07 22:00:00,38,2,0.0,0.0,0.0,0.5596,optimal
2021-02-07 22:30:00,38,2,0.0,0.0,0.0,1.3091666666666668,optimal
2021-02-07 23:00:00,38,2,0.0,0.0,0.0,0.056,optimal
2021-02-07 23:30:00,38,2,0.0,0.0,0.0,0.055,optimal
2021-02-08 00:00:00,38,2,0.0,0.0,0.0,1.0399333333333334,optimal
2021-02-08 00:30:00,38,2,0.0,0.0,0.0,1.1495333333333333,optimal
2021-02-08 01:00:00,38,2,0.0,0.5418518518518518,0.0,0.2152666666666667,optimal
2021-02-08 01:30:00,38,2,0.0,0.23222222222222222,0.0,0.2,optimal
2021-02-08 02:00:00,38,2,0.8669078995432965,0.387037037037037,0.0,2.1706666666666665,optimal
2021-02-08 02:30:00,38,2,1.1428571428571428,0.0,0.0,0.062,optimal
2021-02-08 03:00:00,38,2,1.1428571428571428,0.0,0.0,0.062,optimal
2021-02-08 03:30:00,38,2,1.1428571428571428,0.0,0.0,0.062,optimal
2021-02-08 04:00:00,38,2,1.1428571428571428,0.0,0.0,0.062,optimal
2021-02-08 04:30:00,38,2,1.1428571428571428,0.0,0.0,0.062,optimal
2021-02-08 05:00:00,38,2,1.1428571428571428,0.0,0.0,0.062,optimal
2021-02-08 05:30:00,38,2,1.1428571428571428,0.0,4.384884220374898,0.062,optimal
2021-02-08 06:00:00,38,2,1.1428571428571428,0.1548148148148148,10.0,0.188,optimal
2021-02-08 06:30:00,38,2,1.1428571428571428,0.23222222222222222,0.0,0.188,optimal
2021-02-08 07:00:00,38,2,1.1428571428571428,1.9351851851851851,0.0,0.11666666666666668,optimal
2021-02-08 07:30:00,38,2,1.1428571428571428,0.0,0.0,0.06866666666666667,optimal
2021-02-08 08:00:00,38,2,0.8064102527820836,0.0,0.0,0.062,optimal
2021-02-08 08:30:00,38,2,0.8106882616475933,0.0,0.0,0.062,optimal
2021-02-08 09:00:00,38,2,0.7594509436750169,0.0,0.0,0.062,optimal
2021-02-08 09:30:00,38,2,0.7530339303767644,0.0,0.0,0.062,optimal
2021-02-08 10:00:00,38,2,0.658902700674358,0.0,0.0,0.062,optimal
2021-02-08 10:30:00,38,2,0.6438911425440328,0.0,0.0,0.06533333333333333,optimal
2021-02-08 11:00:00,38,2,0.4617353622091858,5.186296296296297,0.0,0.1524,optimal
2021-02-08 11:30:00,38,2,0.3889049723913031,0.0774074074074074,0.0,0.198,optimal
2021-02-08 12:00:00,38,2,0.21896902634067714,0.9490148148148149,0.0,1.3135999999999999,optimal
2021-02-08 12:30:00,38,2,0.2612339609906209,1.9924666666666666,0.0,0.5783666666666667,optimal
2021-02-08 13:00:00,38,2,1.1428571428571428,0.0,0.0,0.15066666666666667,optimal
2021-02-08 13:30:00,38,2,1.1428571428571428,0.0774074074074074,0.0,0.5836666666666667,optimal
2021-02-08 14:00:00,38,2,1.1428571428571428,0.0,0.0,1.0780999999999998,optimal
2021-02-08 14:30:00,38,2,1.1428571428571428,0.3096296296296296,0.0,0.0872,optimal
2021-02-08 15:00:00,38,2,1.1428571428571428,0.0,0.0,0.072,optimal
2021-02-08 15:30:00,38,2,1.1428571428571428,0.0,0.0,0.076,optimal
2021-02-08 16:00:00,38,2,0.0,0.0,0.0,0.11006666666666666,optimal
2021-02-08 16:30:00,38,2,0.0,0.23222222222222222,0.0,0.2787,optimal
2021-02-08 17:00:00,38,2,0.0,0.0,0.0,0.5650333333333333,optimal
2021-02-08 17:30:00,38,2,0.0,0.0774074074074074,0.0,3.1195,optimal
2021-02-08 18:00:00,38,2,0.0,0.0,0.0,1.2243666666666666,optimal
2021-02-08 18:30:00,38,2,0.0,0.1548148148148148,0.0,2.0811666666666664,optimal
2021-02-08 19:00:00,38,2,0.0,0.1548148148148148,0.0,2.1896666666666667,optimal
2021-02-08 19:30:00,38,2,0.31799516695188607,0.0,0.0,1.6278666666666666,optimal
2021-02-08 20:00:00,38,2,0.45815631793206696,0.0,0.0,2.0871999999999997,optimal
2021-02-08 20:30:00,38,2,0.0,0.0,0.0,0.236,optimal
2021-02-08 21:00:00,38,2,0.0,0.0,0.0,0.14736666666666667,optimal
2021-02-08 21:30:00,38,2,0.0,0.0774074074074074,0.0,0.11813333333333334,optimal
2021-02-08 22:00:00,38,2,0.0,0.0,0.0,0.072,optimal
2021-02-08 22:30:00,38,2,0.0,0.0,0.0,0.072,optimal
2021-02-08 23:00:00,38,2,0.0,0.0,0.0,0.072,optimal
2021-02-08 23:30:00,38,2,0.0,0.0,0.0,0.07,optimal
2021-02-09 00:00:00,38,2,0.0,0.0,0.0,0.06,optimal
2021-02-09 00:30:00,38,2,0.0,0.0,0.0,0.06,optimal
2021-02-09 01:00:00,38,2,1.059988629144061,0.0,0.0,0.06,optimal
2021-02-09 01:30:00,38,2,1.1428571428571428,0.0,0.0,0.06,optimal
2021-02-09 02:00:00,38,2,1.1428571428571428,0.0,0.0,0.06,optimal
2021-02-09 02:30:00,38,2,1.1428571428571428,0.0,0.0,0.06,optimal
2021-02-09 03:00:00,38,2,1.1428571428571428,0.0,0.0,0.06,optimal
2021-02-09 03:30:00,38,2,1.1428571428571428,0.0,0.0,0.06,optimal
2021-02-09 04:00:00,38,2,1.1428571428571428,0.0,0.0,0.06,optimal
2021-02-09 04:30:00,38,2,1.1428571428571428,0.0,0.0,0.06,optimal
2021-02-09 05:00:00,38,2,1.1428571428571428,0.0,0.0,0.06,optimal
2021-02-09 05:30:00,38,2,1.1428571428571428,0.0,0.0,0.06,optimal
2021-02-09 06:00:00,38,2,1.1428571428571428,0.0,0.0,0.06,optimal
2021-02-09 06:30:00,38,2,1.1428571428571428,0.0,7.843210183462176,0.06,optimal
2021-02-09 07:00:00,38,2,1.1428571428571428,2.3222222222222215,10.0,0.2361,optimal
2021-02-09 07:30:00,38,2,1.1428571428571428,0.0,0.0,0.068,optimal
2021-02-09 08:00:00,38,2,0.4191980468573012,0.387037037037037,0.0,1.5714333333333335,optimal
2021-02-09 08:30:00,38,2,0.7477848430828562,0.46444444444444444,0.0,0.1757,optimal
2021-02-09 09:00:00,38,2,0.6469661755873055,0.46444444444444444,0.0,0.3888333333333333,optimal
2021-02-09 09:30:00,38,2,0.43598929184793955,0.0,0.0,1.2511333333333334,optimal
2021-02-09 10:00:00,38,2,0.4424475072892013,0.0,0.0,0.3897,optimal
2021-02-09 10:30:00,38,2,0.4338801041730605,0.0774074074074074,0.0,0.3736666666666667,optimal
2021-02-09 11:00:00,38,2,0.34394963945811075,0.0,0.0,0.3193666666666667,optimal
2021-02-09 11:30:00,38,2,0.3513534921682252,0.3096296296296296,0.0,0.216,optimal
2021-02-09 12:00:00,38,2,0.196167184793776,0.1548148148148148,0.0,1.0298,optimal
2021-02-09 12:30:00,38,2,0.27478237970272146,0.23222222222222222,0.0,1.0710666666666666,optimal
2021-02-09 13:00:00,38,2,1.1428571428571428,0.0,0.0,0.2925,optimal
2021-02-09 13:30:00,38,2,1.1428571428571428,0.23222222222222222,0.0,0.4218,optimal
2021-02-09 14:00:00,38,2,1.1428571428571428,0.3096296296296296,0.0,0.6504666666666667,optimal
2021-02-09 14:30:00,38,2,1.1428571428571428,0.0774074074074074,0.0,1.2935666666666665,optimal
2021-02-09 15:00:00,38,2,1.1428571428571428,0.23222222222222222,0.0,0.13853333333333334,optimal
2021-02-09 15:30:00,38,2,1.1428571428571428,0.0,0.0,0.13553333333333334,optimal
2021-02-09 16:00:00,38,2,0.0,0.387037037037037,0.0,0.21309999999999998,optimal
2021-02-09 16:30:00,38,2,0.0,0.6192592592592592,0.0,0.22513333333333332,optimal
2021-02-09 17:00:00,38,2,0.0,0.23222222222222222,0.0,0.3851,optimal
2021-02-09 17:30:00,38,2,0.0,0.23222222222222222,0.0,0.207,optimal
2021-02-09 18:00:00,38,2,0.0,0.23222222222222222,0.0,0.21646666666666667,optimal
2021-02-09 18:30:00,38,2,0.0,0.0,0.0,0.16026666666666667,optimal
2021-02-09 19:00:00,38,2,0.0,0.1548148148148148,0.0,0.18616666666666662,optimal
2021-02-09 19:30:00,38,2,0.0,0.0,0.0,0.08746666666666666,optimal
2021-02-09 20:00:00,38,2,0.2478385658071294,0.0,0.0,0.07759999999999999,optimal
2021-02-09 20:30:00,38,2,0.0,0.23222222222222222,0.0,0.08293333333333333,optimal
2021-02-09 21:00:00,38,2,0.0,0.0,0.0,0.10640000000000001,optimal
2021-02-09 21:30:00,38,2,0.0,0.2740222222222222,0.0,0.13543333333333335,optimal
2021-02-09 22:00:00,38,2,0.0,0.035607407407407414,0.0,0.207,optimal
2021-02-09 22:30:00,38,2,0.0,0.0,0.0,0.44523333333333337,optimal
2021-02-09 23:00:00,38,2,0.0,0.0,0.0,0.068,optimal
2021-02-09 23:30:00,38,2,0.0,0.0,0.0,0.1772,optimal
2021-02-10 00:00:00,38,2,0.0,0.0,0.0,0.066,optimal
2021-02-10 00:30:00,38,2,0.18636365643461114,0.0,0.0,0.066,optimal
2021-02-10 01:00:00,38,2,1.1428571428571428,0.0,0.0,0.066,optimal
2021-02-10 01:30:00,38,2,1.1428571428571428,0.0,0.0,0.066,optimal
2021-02-10 02:00:00,38,2,1.1428571428571428,0.0,0.0,0.066,optimal
2021-02-10 02:30:00,38,2,1.1428571428571428,0.0,0.0,0.066,optimal
2021-02-10 03:00:00,38,2,1.1428571428571428,0.0,0.0,0.066,optimal
2021-02-10 03:30:00,38,2,1.1428571428571428,0.0,0.0,0.066,optimal
2021-02-10 04:00:00,38,2,1.1428571428571428,0.0,0.0,0.066,optimal
2021-02-10 04:30:00,38,2,1.1428571428571428,0.0,0.0,0.066,optimal
2021-02-10 05:00:00,38,2,1.1428571428571428,0.0,0.0,0.066,optimal
2021-02-10 05:30:00,38,2,1.1428571428571428,0.0,0.0,0.066,optimal
2021-02-10 06:00:00,38,2,1.1428571428571428,0.0,0.8946139227233486,0.066,optimal
2021-02-10 06:30:00,38,2,1.1428571428571428,0.0,10.0,0.066,optimal
2021-02-10 07:00:00,38,2,1.1428571428571428,0.0,10.0,0.066,optimal
2021-02-10 07:30:00,38,2,1.1428571428571428,0.0,0.0,0.066,optimal
2021-02-10 08:00:00,38,2,0.811999775782545,0.0,0.0,0.066,optimal
2021-02-10 08:30:00,38,2,0.7182342342420215,0.46444444444444444,0.0,0.06656666666666666,optimal
2021-02-10 09:00:00,38,2,0.7784899611883759,0.0,0.0,0.066,optimal
2021-02-10 09:30:00,38,2,0.7699339434573803,0.0,0.0,0.066,optimal
2021-02-10 10:00:00,38,2,0.6570091112707944,0.0,0.0,0.066,optimal
2021-02-10 10:30:00,38,2,0.6505920979725419,0.0,0.0,0.066,optimal
2021-02-10 11:00:00,38,2,0.5720051597848025,0.0,0.0,0.066,optimal
2021-02-10 11:30:00,38,2,0.5528700080621571,0.0,0.0,0.069,optimal
2021-02-10 12:00:00,38,2,0.4701833929658409,0.0,0.0,0.066,optimal
2021-02-10 12:30:00,38,2,1.1277508317030067,0.0,0.0,0.066,optimal
2021-02-10 13:00:00,38,2,1.1428571428571428,0.0,0.0,0.066,optimal
2021-02-10 13:30:00,38,2,1.1428571428571428,0.0,0.0,0.066,optimal
2021-02-10 14:00:00,38,2,1.1428571428571428,0.0,0.0,0.066,optimal
2021-02-10 14:30:00,38,2,1.1428571428571428,0.0,0.0,0.066,optimal
2021-02-10 15:00:00,38,2,1.1428571428571428,0.0,0.0,0.07693333333333334,optimal
2021-02-10 15:30:00,38,2,1.1428571428571428,0.1548148148148148,0.0,0.2949333333333333,optimal
2021-02-10 16:00:00,38,2,0.0,0.6966666666666667,0.0,0.28403333333333336,optimal
2021-02-10 16:30:00,38,2,0.0,0.0,0.0,0.25366666666666665,optimal
2021-02-10 17:00:00,38,2,0.0,0.1548148148148148,0.0,0.22440000000000002,optimal
2021-02-10 17:30:00,38,2,0.0,0.6192592592592592,0.0,0.1507666666666667,optimal
2021-02-10 18:00:00,38,2,0.0,0.0774074074074074,0.0,0.2924,optimal
2021-02-10 18:30:00,38,2,0.0,0.387037037037037,0.0,0.09623333333333332,optimal
2021-02-10 19:00:00,38,2,0.0,0.3096296296296296,0.0,0.08793333333333334,optimal
2021-02-10 19:30:00,38,2,0.6674165361459606,0.0,0.0,0.10479999999999999,optimal
2021-02-10 20:00:00,38,2,0.5969210821192246,0.0,0.0,0.38696666666666657,optimal
2021-02-10 20:30:00,38,2,0.0,0.23222222222222222,0.0,1.6097000000000001,optimal
2021-02-10 21:00:00,38,2,0.0,0.0,0.0,0.5285333333333333,optimal
2021-02-10 21:30:00,38,2,0.0,0.0,0.0,0.4771333333333333,optimal
2021-02-10 22:00:00,38,2,0.0,0.0,0.0,0.44426666666666664,optimal
2021-02-10 22:30:00,38,2,0.0,0.0,0.0,0.2301,optimal
2021-02-10 23:00:00,38,2,0.0,0.0,0.0,0.076,optimal
2021-02-10 23:30:00,38,2,0.0,0.0,0.0,0.072,optimal
2021-02-11 00:00:00,38,2,1.1428571428571428,0.0,0.0,0.06433333333333333,optimal
2021-02-11 00:30:00,38,2,1.1428571428571428,0.0,0.0,0.073,optimal
2021-02-11 01:00:00,38,2,1.1428571428571428,0.0,0.0,0.073,optimal
2021-02-11 01:30:00,38,2,1.1428571428571428,0.0,0.0,0.073,optimal
2021-02-11 02:00:00,38,2,1.1428571428571428,0.0,0.0,0.073,optimal
2021-02-11 02:30:00,38,2,1.1428571428571428,0.0,0.0,0.073,optimal
2021-02-11 03:00:00,38,2,1.1428571428571428,0.0,0.0,0.073,optimal
2021-02-11 03:30:00,38,2,1.1428571428571428,0.0,0.0,0.073,optimal
2021-02-11 04:00:00,38,2,1.1428571428571428,0.0,0.0,0.073,optimal
2021-02-11 04:30:00,38,2,1.1428571428571428,0.0,0.0,0.073,optimal
2021-02-11 05:00:00,38,2,1.1428571428571428,0.0,0.0,0.073,optimal
2021-02-11 05:30:00,38,2,1.1428571428571428,0.0,0.0,0.073,optimal
2021-02-11 06:00:00,38,2,1.1428571428571428,0.0,9.140982652378218,0.073,optimal
2021-02-11 06:30:00,38,2,1.1428571428571428,0.0,10.0,0.073,optimal
2021-02-11 07:00:00,38,2,1.1428571428571428,0.5418518518518518,10.0,0.07266666666666667,optimal
2021-02-11 07:30:00,38,2,1.1428571428571428,2.630537544239983,0.0,0.9425666666666669,optimal
2021-02-11 08:00:00,38,2,0.47779821798434335,3.5607407407407403,0.0,2.6940666666666666,optimal
2021-02-11 08:30:00,38,2,0.8588476122349828,0.0774074074074074,0.0,0.072,optimal
2021-02-11 09:00:00,38,2,0.7872931351892605,0.0,0.0,0.072,optimal
2021-02-11 09:30:00,38,2,0.694285036527559,2.4770370370370367,0.0,0.7095,optimal
2021-02-11 10:00:00,38,2,0.3899527426316114,5.263703703703704,0.0,1.462233333333333,optimal
2021-02-11 10:30:00,38,2,0.4174779386817563,0.0,0.0,1.2804,optimal
2021-02-11 11:00:00,38,2,0.44925218031937075,0.0,0.0,0.4648333333333333,optimal
2021-02-11 11:30:00,38,2,0.3666928281138368,0.0,0.0,0.7037333333333333,optimal
2021-02-11 12:00:00,38,2,0.7902513620694832,0.0,0.0,0.5317999999999999,optimal
2021-02-11 12:30:00,38,2,1.1428571428571428,0.46444444444444444,0.0,2.4774666666666665,optimal
2021-02-11 13:00:00,38,2,1.1428571428571428,2.631851851851852,0.0,2.5716666666666663,optimal
2021-02-11 13:30:00,38,2,1.1428571428571428,0.0,0.0,0.32289999999999996,optimal
2021-02-11 14:00:00,38,2,1.1428571428571428,0.0,0.0,0.17293333333333333,optimal
2021-02-11 14:30:00,38,2,1.1428571428571428,0.0,0.0,0.073,optimal
2021-02-11 15:00:00,38,2,1.1428571428571428,0.0,0.0,0.07233333333333333,optimal
2021-02-11 15:30:00,38,2,1.1428571428571428,0.0,0.0,0.2723,optimal
2021-02-11 16:00:00,38,2,0.0,0.0,0.0,0.20233333333333328,optimal
2021-02-11 16:30:00,38,2,0.0,0.0,0.0,0.2089,optimal
2021-02-11 17:00:00,38,2,0.0,0.774074074074074,0.0,0.37889999999999996,optimal
2021-02-11 17:30:00,38,2,0.0,0.0,0.0,1.101,optimal
2021-02-11 18:00:00,38,2,0.0,0.0,0.0,2.198733333333333,optimal
2021-02-11 18:30:00,38,2,0.0,0.0774074074074074,0.0,0.081,optimal
2021-02-11 19:00:00,38,2,0.0,0.0,0.0,0.1708,optimal
2021-02-11 19:30:00,38,2,0.9183566771168725,0.3096296296296296,0.0,0.3055333333333334,optimal
2021-02-11 20:00:00,38,2,0.9231331289932476,0.0774074074074074,0.0,0.3735333333333334,optimal
2021-02-11 20:30:00,38,2,0.0,0.0,0.0,0.4865,optimal
2021-02-11 21:00:00,38,2,0.0,0.3096296296296296,0.0,0.5681666666666666,optimal
2021-02-11 21:30:00,38,2,0.0,0.0,0.0,0.3345,optimal
2021-02-11 22:00:00,38,2,0.0,0.0,0.0,0.8852333333333333,optimal
2021-02-11 22:30:00,38,2,0.0,0.0774074074074074,0.0,0.511,optimal
2021-02-11 23:00:00,38,2,0.0,0.0,0.0,0.073,optimal
2021-02-11 23:30:00,38,2,0.0,0.0,0.0,0.07166666666666667,optimal
2021-02-12 00:00:00,38,2,1.1428571428571428,0.0,0.0,0.075,optimal
2021-02-12 00:30:00,38,2,1.1428571428571428,0.0,0.0,0.183,optimal
2021-02-12 01:00:00,38,2,1.1428571428571428,0.0,0.0,0.063,optimal
2021-02-12 01:30:00,38,2,1.1428571428571428,0.0,0.0,0.063,optimal
2021-02-12 02:00:00,38,2,1.1428571428571428,0.0,0.0,0.123,optimal
2021-02-12 02:30:00,38,2,1.1428571428571428,0.0,0.0,0.135,optimal
2021-02-12 03:00:00,38,2,1.1428571428571428,0.0,0.0,0.087,optimal
2021-02-12 03:30:00,38,2,1.1428571428571428,0.0,0.0,0.171,optimal
2021-02-12 04:00:00,38,2,1.1428571428571428,0.0,0.0,0.063,optimal
2021-02-12 04:30:00,38,2,1.1428571428571428,0.0,0.0,0.063,optimal
2021-02-12 05:00:00,38,2,1.1428571428571428,0.0,0.0,0.195,optimal
2021-02-12 05:30:00,38,2,1.1428571428571428,0.0,0.0,0.063,optimal
2021-02-12 06:00:00,38,2,1.1428571428571428,0.0,0.0,0.165,optimal
2021-02-12 06:30:00,38,2,1.1428571428571428,0.0,2.2605118955348757,0.093,optimal
2021-02-12 07:00:00,38,2,1.1428571428571428,0.46444444444444444,10.0,0.06966666666666667,optimal
2021-02-12 07:30:00,38,2,1.1428571428571428,10.753897746122783,0.0,0.2045,optimal
2021-02-12 08:00:00,38,2,0.8845476577036805,2.631851851851852,0.0,0.086,optimal
2021-02-12 08:30:00,38,2,0.7678370087680148,6.889259259259258,0.0,0.37760000000000005,optimal
2021-02-12 09:00:00,38,2,0.7149841195318034,0.5418518518518518,0.0,0.4192666666666667,optimal
2021-02-12 09:30:00,38,2,0.40865078163366475,0.1548148148148148,0.0,1.5204666666666666,optimal
2021-02-12 10:00:00,38,2,0.49858236746204365,0.0,0.0,0.285,optimal
2021-02-12 10:30:00,38,2,0.5068989034286178,0.0,0.0,0.26453333333333334,optimal
2021-02-12 11:00:00,38,2,0.2721576486622738,0.0,0.0,2.473,optimal
2021-02-12 11:30:00,38,2,0.31503769184856983,0.0,0.0,2.2744,optimal
2021-02-12 12:00:00,38,2,0.32706411633468824,0.387037037037037,0.0,0.339,optimal
2021-02-12 12:30:00,38,2,0.7099074658437456,0.0774074074074074,0.0,0.2114,optimal
2021-02-12 13:00:00,38,2,1.1428571428571428,0.1548148148148148,0.0,0.308,optimal
2021-02-12 13:30:00,38,2,1.1428571428571428,0.0,0.0,0.26773333333333327,optimal
2021-02-12 14:00:00,38,2,1.1428571428571428,0.0,0.0,0.27863333333333334,optimal
2021-02-12 14:30:00,38,2,1.1428571428571428,0.0,0.0,0.42710000000000004,optimal
2021-02-12 15:00:00,38,2,1.1428571428571428,0.46444444444444444,0.0,0.08316666666666667,optimal
2021-02-12 15:30:00,38,2,1.1428571428571428,0.0,0.0,0.166,optimal
2021-02-12 16:00:00,38,2,0.0,0.3096296296296296,0.0,0.1349,optimal
2021-02-12 16:30:00,38,2,0.0,0.9288888888888889,0.0,0.3211,optimal
2021-02-12 17:00:00,38,2,0.0,0.0,0.0,0.38060000000000005,optimal
2021-02-12 17:30:00,38,2,0.0,0.5418518518518518,0.0,0.34846666666666665,optimal
2021-02-12 18:00:00,38,2,0.0,0.1548148148148148,0.0,0.10503333333333331,optimal
2021-02-12 18:30:00,38,2,0.0,0.23222222222222222,0.0,0.1946,optimal
2021-02-12 19:00:00,38,2,0.0,0.0,0.0,0.073,optimal
2021-02-12 19:30:00,38,2,0.8416566657048514,0.0,0.0,0.133,optimal
2021-02-12 20:00:00,38,2,0.8425061031417748,0.0,0.0,0.145,optimal
2021-02-12 20:30:00,38,2,0.0,0.0,0.0,0.073,optimal
2021-02-12 21:00:00,38,2,0.0,0.0,0.0,0.17836666666666667,optimal
2021-02-12 21:30:00,38,2,0.0,0.0,0.0,0.31126666666666664,optimal
2021-02-12 22:00:00,38,2,0.0,0.0,0.0,0.5715,optimal
2021-02-12 22:30:00,38,2,0.0,0.0,0.0,1.0964333333333334,optimal
2021-02-12 23:00:00,38,2,0.0,0.0,0.0,0.6072666666666666,optimal
2021-02-12 23:30:00,38,2,0.0,0.0,0.0,0.2571666666666667,optimal
2021-02-13 00:00:00,38,2,0.0,0.387037037037037,0.0,0.154,optimal
2021-02-13 00:30:00,38,2,0.0060963330510436535,1.7803703703703702,0.0,0.2532,optimal
2021-02-13 01:00:00,38,2,1.1428571428571428,0.0,0.0,0.09433333333333331,optimal
2021-02-13 01:30:00,38,2,1.1428571428571428,0.0,0.0,0.059,optimal
2021-02-13 02:00:00,38,2,1.1428571428571428,0.0,0.0,0.08020000000000001,optimal
2021-02-13 02:30:00,38,2,1.1428571428571428,0.0,0.0,0.13673333333333332,optimal
2021-02-13 03:00:00,38,2,1.1428571428571428,0.0,0.0,0.059,optimal
2021-02-13 03:30:00,38,2,1.1428571428571428,0.0,0.0,0.11553333333333332,optimal
2021-02-13 04:00:00,38,2,1.1428571428571428,0.0,0.0,0.1014,optimal
2021-02-13 04:30:00,38,2,1.1428571428571428,0.0,6.947083164710289,0.059,optimal
2021-02-13 05:00:00,38,2,1.1428571428571428,1.7029629629629628,10.0,0.3196,optimal
2021-02-13 05:30:00,38,2,1.1428571428571428,0.0,0.0,0.45080000000000003,optimal
2021-02-13 06:00:00,38,2,1.1428571428571428,1.006296296296296,0.0,0.36460000000000004,optimal
2021-02-13 06:30:00,38,2,1.1428571428571428,0.0,0.0,0.248,optimal
2021-02-13 07:00:00,38,2,1.1428571428571428,0.0,0.0,0.069,optimal
2021-02-13 07:30:00,38,2,1.1428571428571428,0.0,0.0,0.069,optimal
2021-02-13 08:00:00,38,2,0.8763593408280889,0.0,0.0,0.11846666666666668,optimal
2021-02-13 08:30:00,38,2,0.874220336395334,0.0,0.0,0.11846666666666668,optimal
2021-02-13 09:00:00,38,2,0.8262581123107985,0.0,0.0,0.069,optimal
2021-02-13 09:30:00,38,2,0.5774583282422898,0.0,0.0,1.4224666666666668,optimal
2021-02-13 10:00:00,38,2,0.5219008189822015,0.0,0.0,0.224,optimal
2021-02-13 10:30:00,38,2,0.39739800502564104,0.0774074074074074,0.0,1.5935666666666666,optimal
2021-02-13 11:00:00,38,2,0.37249256128931196,0.0,0.0,0.6023666666666667,optimal
2021-02-13 11:30:00,38,2,0.5513044044930101,0.0,0.0,0.397,optimal
2021-02-13 12:00:00,38,2,1.1428571428571428,0.0,0.0,0.6452,optimal
2021-02-13 12:30:00,38,2,1.1428571428571428,0.23222222222222222,0.0,0.3619,optimal
2021-02-13 13:00:00,38,2,1.1428571428571428,0.0,0.0,0.40693333333333326,optimal
2021-02-13 13:30:00,38,2,1.1428571428571428,0.0,0.0,1.0111333333333332,optimal
2021-02-13 14:00:00,38,2,1.1428571428571428,0.0,0.0,0.6723666666666667,optimal
2021-02-13 14:30:00,38,2,1.1428571428571428,0.0,0.0,0.3592666666666667,optimal
2021-02-13 15:00:00,38,2,1.1428571428571428,0.23222222222222222,0.0,0.3302,optimal
2021-02-13 15:30:00,38,2,1.1428571428571428,0.0,0.0,0.3388333333333333,optimal
2021-02-13 16:00:00,38,2,0.0,0.0,0.0,0.069,optimal
2021-02-13 16:30:00,38,2,0.0,0.0,0.0,0.069,optimal
2021-02-13 17:00:00,38,2,0.0,0.0,0.0,0.16793333333333332,optimal
2021-02-13 17:30:00,38,2,0.0,0.0,0.0,0.069,optimal
2021-02-13 18:00:00,38,2,0.0,0.0,0.0,0.12553333333333333,optimal
2021-02-13 18:30:00,38,2,0.0,0.0774074074074074,0.0,0.397,optimal
2021-02-13 19:00:00,38,2,0.0,0.0,0.0,0.337,optimal
2021-02-13 19:30:00,38,2,0.6399233323715149,0.0,0.0,0.48519999999999996,optimal
2021-02-13 20:00:00,38,2,0.5627346745703468,0.0,0.0,0.4776,optimal
2021-02-13 20:30:00,38,2,0.0,0.387037037037037,0.0,0.486,optimal
2021-02-13 21:00:00,38,2,0.0,0.23222222222222222,0.0,0.5644333333333332,optimal
2021-02-13 21:30:00,38,2,0.0,2.2448148148148146,0.0,0.435,optimal
2021-02-13 22:00:00,38,2,0.0,0.0774074074074074,0.0,0.41363333333333335,optimal
2021-02-13 22:30:00,38,2,0.0,0.0,0.0,0.4433,optimal
2021-02-13 23:00:00,38,2,0.0,0.23222222222222222,0.0,0.5107,optimal
2021-02-13 23:30:00,38,2,0.0,0.0,0.0,0.4833,optimal
2021-02-07 00:00:00,39,2,0.0,0.0,0.0,0.064,optimal
2021-02-07 00:30:00,39,2,0.0,0.0,0.0,0.064,optimal
2021-02-07 01:00:00,39,2,0.0,0.0,0.0,0.064,optimal
2021-02-07 01:30:00,39,2,0.0,0.0,0.0,0.13973333333333332,optimal
2021-02-07 02:00:00,39,2,0.0,0.0,0.0,0.0856,optimal
2021-02-07 02:30:00,39,2,0.0,0.0,0.0,0.074,optimal
2021-02-07 03:00:00,39,2,0.0,0.0,0.0,0.145,optimal
2021-02-07 03:30:00,39,2,0.0,0.0,0.0,0.09766666666666668,optimal
2021-02-07 04:00:00,39,2,1.1428571428571428,0.0,0.0,0.0808,optimal
2021-02-07 04:30:00,39,2,1.1428571428571428,0.0,0.0,0.1492,optimal
2021-02-07 05:00:00,39,2,1.1428571428571428,0.0,0.0,0.064,optimal
2021-02-07 05:30:00,39,2,1.1428571428571428,0.0,0.0,0.064,optimal
2021-02-07 06:00:00,39,2,1.1428571428571428,0.0,0.0,0.064,optimal
2021-02-07 06:30:00,39,2,1.1428571428571428,0.0,0.0,0.064,optimal
2021-02-07 07:00:00,39,2,1.1428571428571428,0.0,1.8089900112525021,0.15866666666666665,optimal
2021-02-07 07:30:00,39,2,0.0,0.0,0.0,0.064,optimal
2021-02-07 08:00:00,39,2,0.5090652465788639,0.0,0.0,0.06333333333333334,optimal
2021-02-07 08:30:00,39,2,0.5997021594942679,0.8932814814814815,0.0,0.41003333333333336,optimal
2021-02-07 09:00:00,39,2,0.6458978517636003,0.5774592592592593,0.0,0.10453333333333331,optimal
2021-02-07 09:30:00,39,2,0.5497874187594223,0.0,0.0,0.41276666666666667,optimal
2021-02-07 10:00:00,39,2,0.4980281945011711,0.23222222222222222,0.0,0.4696,optimal
2021-02-07 10:30:00,39,2,0.5540966795571362,0.0,0.0,0.2856666666666667,optimal
2021-02-07 11:00:00,39,2,0.4911395312382877,0.0,0.0,0.3021333333333333,optimal
2021-02-07 11:30:00,39,2,0.4593300074287634,0.1548148148148148,0.0,0.2878,optimal
2021-02-07 12:00:00,39,2,0.36431689768972353,0.0,0.0,0.33166666666666667,optimal
2021-02-07 12:30:00,39,2,0.3852692786421117,0.23222222222222222,0.0,0.23233333333333328,optimal
2021-02-07 13:00:00,39,2,0.9776887957602395,1.9351851851851851,0.0,0.5153333333333334,optimal
2021-02-07 13:30:00,39,2,1.1428571428571428,0.1548148148148148,0.0,0.484,optimal
2021-02-07 14:00:00,39,2,1.1428571428571428,0.0,0.0,0.46803333333333336,optimal
2021-02-07 14:30:00,39,2,1.1428571428571428,0.0,0.0,0.38796666666666657,optimal
2021-02-07 15:00:00,39,2,1.1428571428571428,0.46444444444444444,0.0,0.26373333333333326,optimal
2021-02-07 15:30:00,39,2,1.1428571428571428,0.23222222222222222,0.0,0.20976666666666668,optimal
2021-02-07 16:00:00,39,2,0.0,0.23222222222222222,0.0,0.25756666666666667,optimal
2021-02-07 16:30:00,39,2,0.0,0.1548148148148148,0.0,0.11646666666666668,optimal
2021-02-07 17:00:00,39,2,0.0,3.173703703703704,0.0,0.19526666666666667,optimal
2021-02-07 17:30:00,39,2,0.0,0.6192592592592592,0.0,0.1176,optimal
2021-02-07 18:00:00,39,2,0.0,0.23222222222222222,0.0,2.2883666666666667,optimal
2021-02-07 18:30:00,39,2,0.0,0.23222222222222222,0.0,0.31689999999999996,optimal
2021-02-07 19:00:00,39,2,0.0,0.0,0.0,0.37076666666666663,optimal
2021-02-07 19:30:00,39,2,0.0,0.0,0.0,0.6281666666666667,optimal
2021-02-07 20:00:00,39,2,0.0,0.1548148148148148,0.0,0.42610000000000003,optimal
2021-02-07 20:30:00,39,2,0.0,0.0,0.0,0.29,optimal
2021-02-07 21:00:00,39,2,0.0,0.0,0.0,0.3353,optimal
2021-02-07 21:30:00,39,2,0.0,0.3096296296296296,0.0,0.7444,optimal
2021-02-07 22:00:00,39,2,0.0,0.0774074074074074,0.0,0.31410000000000005,optimal
2021-02-07 22:30:00,39,2,0.0,0.0,0.0,0.074,optimal
2021-02-07 23:00:00,39,2,0.0,0.0,0.0,0.15446666666666667,optimal
2021-02-07 23:30:00,39,2,0.0,0.0,0.0,0.08386666666666666,optimal
2021-02-08 00:00:00,39,2,0.0,0.0,0.0,0.1703,optimal
2021-02-08 00:30:00,39,2,0.0,0.0,0.0,0.1181,optimal
2021-02-08 01:00:00,39,2,0.0,0.0,0.0,0.10013333333333334,optimal
2021-02-08 01:30:00,39,2,0.2100414784090781,0.0,0.0,0.1882666666666667,optimal
2021-02-08 02:00:00,39,2,1.1428571428571428,0.0,0.0,0.062,optimal
2021-02-08 02:30:00,39,2,1.1428571428571428,0.0,0.0,0.09553333333333332,optimal
2021-02-08 03:00:00,39,2,1.1428571428571428,0.0,0.0,0.10086666666666666,optimal
2021-02-08 03:30:00,39,2,1.1428571428571428,0.0,0.0,0.1527666666666667,optimal
2021-02-08 04:00:00,39,2,1.1428571428571428,0.0,0.0,0.13563333333333333,optimal
2021-02-08 04:30:00,39,2,1.1428571428571428,0.0,0.0,0.0932,optimal
2021-02-08 05:00:00,39,2,1.1428571428571428,0.0,0.0,0.1544,optimal
2021-02-08 05:30:00,39,2,1.1428571428571428,0.0,0.0,0.1028,optimal
2021-02-08 06:00:00,39,2,1.1428571428571428,3.348644444444445,0.0,0.0968,optimal
2021-02-08 06:30:00,39,2,1.1428571428571428,1.2183925925925925,0.0,0.2123333333333333,optimal
2021-02-08 07:00:00,39,2,1.1428571428571428,0.8716074074074074,0.0,0.08226666666666667,optimal
2021-02-08 07:30:00,39,2,1.1428571428571428,1.682837037037037,0.0,0.256,optimal
2021-02-08 08:00:00,39,2,0.617038824210657,1.006296296296296,0.0,0.07,optimal
2021-02-08 08:30:00,39,2,0.5872977854571114,0.3096296296296296,0.0,0.17253333333333334,optimal
2021-02-08 09:00:00,39,2,0.5657176103416792,0.1548148148148148,0.0,0.22926666666666667,optimal
2021-02-08 09:30:00,39,2,0.5268605970434328,0.5418518518518518,0.0,0.7297,optimal
2021-02-08 10:00:00,39,2,0.13651793876959026,2.631851851851852,0.0,2.616733333333333,optimal
2021-02-08 10:30:00,39,2,0.468767333020232,0.0774074074074074,0.0,0.1838333333333333,optimal
2021-02-08 11:00:00,39,2,0.32908012411394083,0.0774074074074074,0.0,0.3158333333333333,optimal
2021-02-08 11:30:00,39,2,0.3691583057246322,0.0774074074074074,0.0,0.2853,optimal
2021-02-08 12:00:00,39,2,0.3927404549121025,0.0,0.0,0.1756,optimal
2021-02-08 12:30:00,39,2,0.3402701514668097,0.3096296296296296,0.0,0.30306666666666665,optimal
2021-02-08 13:00:00,39,2,1.1428571428571428,0.387037037037037,0.0,2.0516,optimal
2021-02-08 13:30:00,39,2,1.1428571428571428,0.0774074074074074,0.0,0.3128,optimal
2021-02-08 14:00:00,39,2,1.1428571428571428,0.9288888888888889,0.0,0.18773333333333328,optimal
2021-02-08 14:30:00,39,2,1.1428571428571428,0.0,0.0,0.19053333333333333,optimal
2021-02-08 15:00:00,39,2,1.1428571428571428,0.6966666666666667,2.4394236354064294,0.0752,optimal
2021-02-08 15:30:00,39,2,1.1428571428571428,0.387037037037037,10.0,0.19276666666666667,optimal
2021-02-08 16:00:00,39,2,0.0,0.0,0.0,0.1905,optimal
2021-02-08 16:30:00,39,2,0.0,0.0,0.0,0.31,optimal
2021-02-08 17:00:00,39,2,0.0,0.9288888888888889,0.0,0.2347,optimal
2021-02-08 17:30:00,39,2,0.0,0.46444444444444444,0.0,0.08733333333333333,optimal
2021-02-08 18:00:00,39,2,0.0,0.3096296296296296,0.0,0.23553333333333334,optimal
2021-02-08 18:30:00,39,2,0.0,0.0,0.0,0.18153333333333332,optimal
2021-02-08 19:00:00,39,2,0.0,0.0,0.0,0.072,optimal
2021-02-08 19:30:00,39,2,0.7035458293118033,0.0,0.0,0.22619999999999998,optimal
2021-02-08 20:00:00,39,2,0.8257963179320676,0.0,0.0,0.08220000000000001,optimal
2021-02-08 20:30:00,39,2,0.0,0.0,0.0,0.072,optimal
2021-02-08 21:00:00,39,2,0.0,0.0,0.0,0.13440000000000002,optimal
2021-02-08 21:30:00,39,2,0.0,0.3096296296296296,0.0,0.21966666666666662,optimal
2021-02-08 22:00:00,39,2,0.0,0.46444444444444444,0.0,0.3216,optimal
2021-02-08 22:30:00,39,2,0.0,2.7866666666666666,0.0,0.25906666666666667,optimal
2021-02-08 23:00:00,39,2,0.0,0.0,0.0,0.4426666666666667,optimal
2021-02-08 23:30:00,39,2,0.0,0.0,0.0,0.13273333333333331,optimal
2021-02-09 00:00:00,39,2,0.0,0.0,0.0,0.06520000000000001,optimal
2021-02-09 00:30:00,39,2,0.0,0.0,0.0,0.2618333333333333,optimal
2021-02-09 01:00:00,39,2,0.29121604369430076,0.0,0.0,0.127,optimal
2021-02-09 01:30:00,39,2,1.1428571428571428,0.0,0.0,0.06,optimal
2021-02-09 02:00:00,39,2,1.1428571428571428,0.0,0.0,0.057,optimal
2021-02-09 02:30:00,39,2,1.1428571428571428,0.0,0.0,0.12,optimal
2021-02-09 03:00:00,39,2,1.1428571428571428,0.0,0.0,0.057,optimal
2021-02-09 03:30:00,39,2,1.1428571428571428,0.0,0.0,0.106,optimal
2021-02-09 04:00:00,39,2,1.1428571428571428,0.0,0.0,0.071,optimal
2021-02-09 04:30:00,39,2,1.1428571428571428,0.0,0.0,0.071,optimal
2021-02-09 05:00:00,39,2,1.1428571428571428,0.0774074074074074,9.55734975558338,0.2201,optimal
2021-02-09 05:30:00,39,2,1.1428571428571428,0.1548148148148148,10.0,0.2445,optimal
2021-02-09 06:00:00,39,2,1.1428571428571428,3.173703703703704,0.0,0.24553333333333333,optimal
2021-02-09 06:30:00,39,2,1.1428571428571428,0.0774074074074074,0.0,0.237,optimal
2021-02-09 07:00:00,39,2,1.1428571428571428,0.46444444444444444,0.0,0.22733333333333328,optimal
2021-02-09 07:30:00,39,2,1.1428571428571428,2.4770370370370367,0.0,0.067,optimal
2021-02-09 08:00:00,39,2,0.6936647135239662,6.037777777777777,0.0,0.13,optimal
2021-02-09 08:30:00,39,2,0.6615810335590535,0.1548148148148148,0.0,0.19633333333333328,optimal
2021-02-09 09:00:00,39,2,0.6299995089206321,0.3096296296296296,0.0,0.18416666666666662,optimal
2021-02-09 09:30:00,39,2,0.6310702442288951,0.3096296296296296,0.0,0.0775,optimal
2021-02-09 10:00:00,39,2,0.5033636977653925,0.0774074074074074,0.0,0.2099333333333333,optimal
2021-02-09 10:30:00,39,2,0.48324772322068443,0.2740222222222222,0.0,0.194,optimal
2021-02-09 11:00:00,39,2,0.33411154422001976,0.8870888888888889,0.0,0.39866666666666667,optimal
2021-02-09 11:30:00,39,2,0.44198206359679426,0.0,0.0,0.13363333333333333,optimal
2021-02-09 12:00:00,39,2,0.3485881371747342,0.0,0.0,0.24096666666666666,optimal
2021-02-09 12:30:00,39,2,0.35568904636938276,0.387037037037037,0.0,0.2236,optimal
2021-02-09 13:00:00,39,2,1.1428571428571428,0.0774074074074074,0.0,0.22619999999999998,optimal
2021-02-09 13:30:00,39,2,1.1428571428571428,0.0,0.0,0.2415,optimal
2021-02-09 14:00:00,39,2,1.1428571428571428,0.0,0.0,0.13319999999999999,optimal
2021-02-09 14:30:00,39,2,1.1428571428571428,0.0,0.0,0.1881,optimal
2021-02-09 15:00:00,39,2,1.1428571428571428,0.0,0.0,0.2145,optimal
2021-02-09 15:30:00,39,2,1.1428571428571428,0.23222222222222222,0.0,0.2285,optimal
2021-02-09 16:00:00,39,2,0.0,0.0,0.0,0.40426666666666666,optimal
2021-02-09 16:30:00,39,2,0.0,0.23222222222222222,0.0,0.278,optimal
2021-02-09 17:00:00,39,2,0.0,0.774074074074074,0.0,0.30019999999999997,optimal
2021-02-09 17:30:00,39,2,0.0,0.0,0.0,1.1571,optimal
2021-02-09 18:00:00,39,2,0.0,0.46444444444444444,0.0,0.40493333333333326,optimal
2021-02-09 18:30:00,39,2,0.0,0.0,0.0,1.0939666666666668,optimal
2021-02-09 19:00:00,39,2,0.0,0.0,0.0,0.3228333333333333,optimal
2021-02-09 19:30:00,39,2,0.0,0.0,0.0,0.36373333333333335,optimal
2021-02-09 20:00:00,39,2,0.4503735822478692,0.0,0.0,0.19516666666666663,optimal
2021-02-09 20:30:00,39,2,0.0,0.0,0.0,0.10723333333333332,optimal
2021-02-09 21:00:00,39,2,0.0,0.23222222222222222,0.0,0.2528,optimal
2021-02-09 21:30:00,39,2,0.0,0.0,0.0,0.15833333333333335,optimal
2021-02-09 22:00:00,39,2,0.0,0.0,0.0,0.4156,optimal
2021-02-09 22:30:00,39,2,0.0,0.0,0.0,1.7538,optimal
2021-02-09 23:00:00,39,2,0.0,0.0774074074074074,0.0,0.3521,optimal
2021-02-09 23:30:00,39,2,0.0,0.0,0.0,0.20696666666666666,optimal
2021-02-10 00:00:00,39,2,0.0,0.0,0.0,0.1444,optimal
2021-02-10 00:30:00,39,2,0.0,0.0,0.0,0.062266666666666665,optimal
2021-02-10 01:00:00,39,2,0.3744893115043373,0.0,0.0,0.19846666666666668,optimal
2021-02-10 01:30:00,39,2,1.1428571428571428,0.0,0.0,0.14973333333333333,optimal
2021-02-10 02:00:00,39,2,1.1428571428571428,0.0,0.0,0.052,optimal
2021-02-10 02:30:00,39,2,1.1428571428571428,0.0,0.0,0.22833333333333328,optimal
2021-02-10 03:00:00,39,2,1.1428571428571428,0.0,0.0,0.13119999999999998,optimal
2021-02-10 03:30:00,39,2,1.1428571428571428,0.0,0.0,0.052,optimal
2021-02-10 04:00:00,39,2,1.1428571428571428,0.0,0.0,0.22933333333333328,optimal
2021-02-10 04:30:00,39,2,1.1428571428571428,0.0,0.0,0.11886666666666666,optimal
2021-02-10 05:00:00,39,2,1.1428571428571428,0.0,0.0,0.052,optimal
2021-02-10 05:30:00,39,2,1.1428571428571428,0.0,0.0,0.29619999999999996,optimal
2021-02-10 06:00:00,39,2,1.1428571428571428,0.0,0.0,0.052,optimal
2021-02-10 06:30:00,39,2,1.1428571428571428,0.0,5.612619269795568,0.15466666666666665,optimal
2021-02-10 07:00:00,39,2,1.1428571428571428,0.5418518518518518,10.0,0.37223333333333336,optimal
2021-02-10 07:30:00,39,2,1.1428571428571428,2.227785185185185,0.0,0.059233333333333325,optimal
2021-02-10 08:00:00,39,2,0.677218823401584,0.7911037037037036,0.0,0.18666666666666662,optimal
2021-02-10 08:30:00,39,2,0.6075104247182079,6.037777777777777,0.0,0.4021,optimal
2021-02-10 09:00:00,39,2,0.5290594849979015,0.387037037037037,0.0,1.0860333333333334,optimal
2021-02-10 09:30:00,39,2,0.5503739434573744,0.23222222222222222,0.0,0.7941666666666666,optimal
2021-02-10 10:00:00,39,2,0.4514186350803176,2.1674074074074072,0.0,0.35996666666666666,optimal
2021-02-10 10:30:00,39,2,0.51596733606779,0.0,0.0,0.25826666666666664,optimal
2021-02-10 11:00:00,39,2,0.36605468359431925,0.0,0.0,2.961466666666667,optimal
2021-02-10 11:30:00,39,2,0.2803938175859707,0.387037037037037,0.0,4.9538,optimal
2021-02-10 12:00:00,39,2,0.23398720248965155,0.5418518518518518,0.0,2.4945666666666666,optimal
2021-02-10 12:30:00,39,2,0.40168815487059484,0.0,0.0,0.16033333333333336,optimal
2021-02-10 13:00:00,39,2,1.1428571428571428,0.1548148148148148,0.0,0.2319,optimal
2021-02-10 13:30:00,39,2,1.1428571428571428,0.0,0.0,0.161,optimal
2021-02-10 14:00:00,39,2,1.1428571428571428,0.0,0.0,0.22793333333333332,optimal
2021-02-10 14:30:00,39,2,1.1428571428571428,0.0,0.0,0.6313666666666666,optimal
2021-02-10 15:00:00,39,2,1.1428571428571428,0.46444444444444444,0.0,1.1268,optimal
2021-02-10 15:30:00,39,2,1.1428571428571428,0.1548148148148148,0.0,0.10959999999999999,optimal
2021-02-10 16:00:00,39,2,0.0,0.0,0.0,0.1849333333333333,optimal
2021-02-10 16:30:00,39,2,0.0,0.1548148148148148,0.0,0.7747666666666666,optimal
2021-02-10 17:00:00,39,2,0.0,0.5418518518518518,0.0,3.368,optimal
2021-02-10 17:30:00,39,2,0.0,2.39962962962963,0.0,2.1615,optimal
2021-02-10 18:00:00,39,2,0.0,0.0,0.0,1.4478333333333333,optimal
2021-02-10 18:30:00,39,2,0.0,0.0,0.0,0.34336666666666665,optimal
2021-02-10 19:00:00,39,2,0.0,0.23222222222222222,0.0,2.116233333333333,optimal
2021-02-10 19:30:00,39,2,0.0,0.0,0.0,1.7030333333333334,optimal
2021-02-10 20:00:00,39,2,0.5531681021279531,0.0,0.0,2.5050666666666666,optimal
2021-02-10 20:30:00,39,2,0.0,0.0,0.0,0.27443333333333336,optimal
2021-02-10 21:00:00,39,2,0.0,0.3096296296296296,0.0,0.5112333333333333,optimal
2021-02-10 21:30:00,39,2,0.0,0.23222222222222222,0.0,2.4426666666666663,optimal
2021-02-10 22:00:00,39,2,0.0,0.23222222222222222,0.0,1.2761333333333333,optimal
2021-02-10 22:30:00,39,2,0.0,0.0,0.0,0.8006,optimal
2021-02-10 23:00:00,39,2,0.0,0.0,0.0,0.9239333333333332,optimal
2021-02-10 23:30:00,39,2,0.0,0.0774074074074074,0.0,2.081333333333333,optimal
2021-02-11 00:00:00,39,2,0.9297710582669888,0.0,0.0,0.063,optimal
2021-02-11 00:30:00,39,2,1.1428571428571428,0.0,0.0,0.1174,optimal
2021-02-11 01:00:00,39,2,1.1428571428571428,0.0,0.0,0.15819999999999998,optimal
2021-02-11 01:30:00,39,2,1.1428571428571428,0.0,0.0,0.128,optimal
2021-02-11 02:00:00,39,2,1.1428571428571428,0.0,0.0,0.19319999999999998,optimal
2021-02-11 02:30:00,39,2,1.1428571428571428,0.0,0.0,0.1174,optimal
2021-02-11 03:00:00,39,2,1.1428571428571428,0.0,0.0,0.163,optimal
2021-02-11 03:30:00,39,2,1.1428571428571428,0.0,0.0,0.21259999999999998,optimal
2021-02-11 04:00:00,39,2,1.1428571428571428,0.0,0.0,0.143,optimal
2021-02-11 04:30:00,39,2,1.1428571428571428,0.0,0.0,0.083,optimal
2021-02-11 05:00:00,39,2,1.1428571428571428,0.0,0.0,0.21259999999999998,optimal
2021-02-11 05:30:00,39,2,1.1428571428571428,0.0,0.0,0.073,optimal
2021-02-11 06:00:00,39,2,1.1428571428571428,0.0,0.0,0.2954,optimal
2021-02-11 06:30:00,39,2,1.1428571428571428,0.3096296296296296,1.6253663361468578,0.14133333333333334,optimal
2021-02-11 07:00:00,39,2,1.1428571428571428,0.23222222222222222,10.0,0.172,optimal
2021-02-11 07:30:00,39,2,1.1428571428571428,2.1674074074074072,0.0,0.2998,optimal
2021-02-11 08:00:00,39,2,0.7943753608414871,0.6192592592592592,0.0,0.09040000000000001,optimal
2021-02-11 08:30:00,39,2,0.6908799931873634,1.9351851851851851,0.0,1.6870333333333334,optimal
2021-02-11 09:00:00,39,2,0.8522359923321153,0.0,0.0,0.2402,optimal
2021-02-11 09:30:00,39,2,0.7802774174799427,0.0,0.0,0.245,optimal
2021-02-11 10:00:00,39,2,0.6141051235840015,0.0,0.0,0.1804,optimal
2021-02-11 10:30:00,39,2,0.5684417482055644,0.0,0.0,0.45030000000000003,optimal
2021-02-11 11:00:00,39,2,0.5735531327003149,0.0,0.0,0.078,optimal
2021-02-11 11:30:00,39,2,0.8259427489242583,0.0,0.0,0.1002,optimal
2021-02-11 12:00:00,39,2,1.1428571428571428,0.0,0.0,0.2154,optimal
2021-02-11 12:30:00,39,2,1.1428571428571428,0.0,0.0,0.153,optimal
2021-02-11 13:00:00,39,2,1.1428571428571428,0.0,0.0,0.2022,optimal
2021-02-11 13:30:00,39,2,1.1428571428571428,0.0,0.0,0.1784,optimal
2021-02-11 14:00:00,39,2,1.1428571428571428,0.0,0.0,0.122,optimal
2021-02-11 14:30:00,39,2,1.1428571428571428,0.0,0.0,0.2686,optimal
2021-02-11 15:00:00,39,2,1.1428571428571428,0.0,0.0,0.093,optimal
2021-02-11 15:30:00,39,2,1.1428571428571428,0.0,0.0,0.2226,optimal
2021-02-11 16:00:00,39,2,0.0,0.0,0.0,0.073,optimal
2021-02-11 16:30:00,39,2,0.0,0.0,0.0,0.209,optimal
2021-02-11 17:00:00,39,2,0.0,0.0,0.0,0.1366,optimal
2021-02-11 17:30:00,39,2,0.0,0.3096296296296296,0.0,0.12533333333333332,optimal
2021-02-11 18:00:00,39,2,0.0,0.23222222222222222,0.0,0.39966666666666667,optimal
2021-02-11 18:30:00,39,2,0.0,0.0,0.0,0.4644666666666666,optimal
2021-02-11 19:00:00,39,2,0.0,0.46444444444444444,0.0,0.36573333333333335,optimal
2021-02-11 19:30:00,39,2,0.806623343783541,0.0,0.0,0.3619333333333333,optimal
2021-02-11 20:00:00,39,2,0.48531408137420057,0.0,0.0,2.340333333333333,optimal
2021-02-11 20:30:00,39,2,0.0,0.23222222222222222,0.0,0.6620333333333333,optimal
2021-02-11 21:00:00,39,2,0.0,0.387037037037037,0.0,0.5320666666666667,optimal
2021-02-11 21:30:00,39,2,0.0,0.0774074074074074,0.0,0.4295,optimal
2021-02-11 22:00:00,39,2,0.0,0.0,0.0,0.073,optimal
2021-02-11 22:30:00,39,2,0.0,0.0,0.0,0.3226,optimal
2021-02-11 23:00:00,39,2,0.0,0.0,0.0,0.073,optimal
2021-02-11 23:30:00,39,2,0.0,0.0,0.0,0.073,optimal
2021-02-12 00:00:00,39,2,1.1428571428571428,0.0,0.0,0.063,optimal
2021-02-12 00:30:00,39,2,1.1428571428571428,0.0,0.0,0.06233333333333334,optimal
2021-02-12 01:00:00,39,2,1.1428571428571428,0.3096296296296296,0.0,0.4176,optimal
2021-02-12 01:30:00,39,2,1.1428571428571428,0.0,0.0,0.1034,optimal
2021-02-12 02:00:00,39,2,1.1428571428571428,0.0,0.0,0.11686666666666666,optimal
2021-02-12 02:30:00,39,2,1.1428571428571428,0.0,0.0,0.1572666666666667,optimal
2021-02-12 03:00:00,39,2,1.1428571428571428,0.0,0.0,0.063,optimal
2021-02-12 03:30:00,39,2,1.1428571428571428,0.0,0.0,0.17073333333333332,optimal
2021-02-12 04:00:00,39,2,1.1428571428571428,0.0,0.0,0.1034,optimal
2021-02-12 04:30:00,39,2,1.1428571428571428,0.0,0.0,0.063,optimal
2021-02-12 05:00:00,39,2,1.1428571428571428,0.0,0.0,0.21113333333333334,optimal
2021-02-12 05:30:00,39,2,1.1428571428571428,0.0,0.0,0.063,optimal
2021-02-12 06:00:00,39,2,1.1428571428571428,0.0,1.5047132545379178,0.063,optimal
2021-02-12 06:30:00,39,2,1.1428571428571428,0.0,10.0,0.21913333333333332,optimal
2021-02-12 07:00:00,39,2,1.1428571428571428,0.5418518518518518,0.0,0.21266666666666662,optimal
2021-02-12 07:30:00,39,2,1.1428571428571428,8.824797233530614,0.0,0.5599333333333333,optimal
2021-02-12 08:00:00,39,2,0.7745667053227325,2.4770370370370367,0.0,0.5412666666666667,optimal
2021-02-12 08:30:00,39,2,0.8675227230537242,2.4770370370370367,0.0,0.18553333333333333,optimal
2021-02-12 09:00:00,39,2,0.767342214769897,0.23222222222222222,0.0,0.1992,optimal
2021-02-12 09:30:00,39,2,0.6561117340146202,0.23222222222222222,0.0,0.31910000000000005,optimal
2021-02-12 10:00:00,39,2,0.40948522460490044,0.3096296296296296,0.0,1.3165333333333333,optimal
2021-02-12 10:30:00,39,2,0.21903223676194347,0.0,0.0,2.9610666666666665,optimal
2021-02-12 11:00:00,39,2,0.18707383913846812,0.0,0.0,1.7281333333333335,optimal
2021-02-12 11:30:00,39,2,0.37751388232475647,0.0,0.0,0.1286,optimal
2021-02-12 12:00:00,39,2,0.6249420541498092,0.0,0.0,0.15413333333333332,optimal
2021-02-12 12:30:00,39,2,1.1428571428571428,0.0,0.0,0.2009333333333333,optimal
2021-02-12 13:00:00,39,2,1.1428571428571428,0.0,0.0,0.073,optimal
2021-02-12 13:30:00,39,2,1.1428571428571428,0.0,0.0,0.22113333333333332,optimal
2021-02-12 14:00:00,39,2,1.1428571428571428,0.0,0.0,0.073,optimal
2021-02-12 14:30:00,39,2,1.1428571428571428,0.0,0.0,0.18746666666666667,optimal
2021-02-12 15:00:00,39,2,1.1428571428571428,0.0,0.0,0.10666666666666669,optimal
2021-02-12 15:30:00,39,2,1.1428571428571428,0.0,0.0,0.12013333333333334,optimal
2021-02-12 16:00:00,39,2,0.0,0.0,0.0,0.174,optimal
2021-02-12 16:30:00,39,2,0.0,0.0,0.0,0.073,optimal
2021-02-12 17:00:00,39,2,0.0,0.0,0.0,0.073,optimal
2021-02-12 17:30:00,39,2,0.0,0.0,0.0,0.2124,optimal
2021-02-12 18:00:00,39,2,0.0,0.0774074074074074,0.0,0.23563333333333333,optimal
2021-02-12 18:30:00,39,2,0.0,0.23222222222222222,0.0,0.27846666666666664,optimal
2021-02-12 19:00:00,39,2,0.0,0.6192592592592592,0.0,1.7975333333333332,optimal
2021-02-12 19:30:00,39,2,0.5145328561810366,0.3096296296296296,0.0,0.9924666666666668,optimal
2021-02-12 20:00:00,39,2,0.5880299126655918,0.46444444444444444,0.0,0.46366666666666667,optimal
2021-02-12 20:30:00,39,2,0.0,0.6192592592592592,0.0,0.405,optimal
2021-02-12 21:00:00,39,2,0.0,0.1548148148148148,0.0,0.4654,optimal
2021-02-12 21:30:00,39,2,0.0,0.0,0.0,0.6265333333333333,optimal
2021-02-12 22:00:00,39,2,0.0,0.23222222222222222,0.0,0.24406666666666663,optimal
2021-02-12 22:30:00,39,2,0.0,0.0,0.0,0.5513333333333333,optimal
2021-02-12 23:00:00,39,2,0.0,0.46444444444444444,0.0,0.7007333333333333,optimal
2021-02-12 23:30:00,39,2,0.0,0.5418518518518518,0.0,0.3015333333333334,optimal
2021-02-13 00:00:00,39,2,0.0,0.0,0.0,0.0964,optimal
2021-02-13 00:30:00,39,2,0.09962024219873969,0.0,0.0,0.11746666666666668,optimal
2021-02-13 01:00:00,39,2,1.1428571428571428,0.0,0.0,0.1285,optimal
2021-02-13 01:30:00,39,2,1.1428571428571428,0.0,0.0,0.10183333333333332,optimal
2021-02-13 02:00:00,39,2,1.1428571428571428,0.0,0.0,0.13853333333333334,optimal
2021-02-13 02:30:00,39,2,1.1428571428571428,0.0,0.0,0.1285,optimal
2021-02-13 03:00:00,39,2,1.1428571428571428,0.0,0.0,0.19136666666666668,optimal
2021-02-13 03:30:00,39,2,1.1428571428571428,0.0,0.0,0.049,optimal
2021-02-13 04:00:00,39,2,1.1428571428571428,0.0,0.0,0.12273333333333332,optimal
2021-02-13 04:30:00,39,2,1.1428571428571428,0.0,0.0,0.09113333333333334,optimal
2021-02-13 05:00:00,39,2,1.1428571428571428,0.0,0.0,0.08586666666666666,optimal
2021-02-13 05:30:00,39,2,1.1428571428571428,0.0,0.0,0.2075,optimal
2021-02-13 06:00:00,39,2,1.1428571428571428,0.0,0.0,0.0755,optimal
2021-02-13 06:30:00,39,2,1.1428571428571428,0.0,0.0,0.16486666666666666,optimal
2021-02-13 07:00:00,39,2,1.1428571428571428,0.0,0.0,0.155,optimal
2021-02-13 07:30:00,39,2,1.1428571428571428,0.0,0.0,0.049,optimal
2021-02-13 08:00:00,39,2,0.6870641027328555,0.7167925925925925,0.0,0.1628666666666667,optimal
2021-02-13 08:30:00,39,2,0.6656774792524844,1.4506148148148148,0.0,0.2286,optimal
2021-02-13 09:00:00,39,2,0.6232295408822254,2.941481481481482,0.0,0.1418,optimal
2021-02-13 09:30:00,39,2,0.4924488044327718,0.3096296296296296,0.0,0.0782,optimal
2021-02-13 10:00:00,39,2,0.3836646285060021,0.0,0.0,0.2636,optimal
2021-02-13 10:30:00,39,2,0.0345713383589705,0.1548148148148148,0.0,2.156433333333333,optimal
2021-02-13 11:00:00,39,2,0.2572125612893172,0.23222222222222222,0.0,0.6341,optimal
2021-02-13 11:30:00,39,2,0.1516526044756121,0.5418518518518518,0.0,1.2670333333333332,optimal
2021-02-13 12:00:00,39,2,0.139968683853928,0.0,0.0,0.3531,optimal
2021-02-13 12:30:00,39,2,0.129530674988429,0.0,0.0,0.3118,optimal
2021-02-13 13:00:00,39,2,0.47854646569672254,0.23222222222222222,0.0,1.2047333333333332,optimal
2021-02-13 13:30:00,39,2,1.1428571428571428,0.0,0.0,2.841133333333333,optimal
2021-02-13 14:00:00,39,2,1.1428571428571428,0.0,0.0,2.6651,optimal
2021-02-13 14:30:00,39,2,1.1428571428571428,0.1548148148148148,3.4451228852140945,2.978466666666667,optimal
2021-02-13 15:00:00,39,2,1.1428571428571428,0.0,10.0,1.0932,optimal
2021-02-13 15:30:00,39,2,1.1428571428571428,0.0,0.0,0.6424666666666667,optimal
2021-02-13 16:00:00,39,2,0.0,0.0,0.0,0.5200333333333333,optimal
2021-02-13 16:30:00,39,2,0.0,0.0,0.0,0.3476666666666667,optimal
2021-02-13 17:00:00,39,2,0.0,0.3096296296296296,0.0,0.4036,optimal
2021-02-13 17:30:00,39,2,0.0,0.0,0.0,1.8073,optimal
2021-02-13 18:00:00,39,2,0.0,0.1548148148148148,0.0,0.9136666666666666,optimal
2021-02-13 18:30:00,39,2,0.0,0.0,0.0,0.10623333333333332,optimal
2021-02-13 19:00:00,39,2,0.0,0.0,0.0,0.17486666666666667,optimal
2021-02-13 19:30:00,39,2,0.0,0.0,0.0,0.059,optimal
2021-02-13 20:00:00,39,2,0.0,0.0,0.0,0.18596666666666667,optimal
2021-02-13 20:30:00,39,2,0.0,0.0,0.0,0.1539,optimal
2021-02-13 21:00:00,39,2,0.0,0.0,0.0,0.073,optimal
2021-02-13 21:30:00,39,2,0.0,0.0,0.0,0.4329333333333333,optimal
2021-02-13 22:00:00,39,2,0.0,0.0,0.0,0.1696,optimal
2021-02-13 22:30:00,39,2,0.0,0.0,0.0,0.06426666666666667,optimal
2021-02-13 23:00:00,39,2,0.0,0.0,0.0,0.11693333333333333,optimal
2021-02-13 23:30:00,39,2,0.0,0.0,0.0,0.17523333333333332,optimal
2021-02-07 00:00:00,40,2,0.0,0.0,0.0,0.06,optimal
2021-02-07 00:30:00,40,2,0.0,0.0,0.0,0.162,optimal
2021-02-07 01:00:00,40,2,0.0,0.0,0.0,0.06,optimal
2021-02-07 01:30:00,40,2,0.0,0.0,0.0,0.1212,optimal
2021-02-07 02:00:00,40,2,0.0,0.0,0.0,0.1008,optimal
2021-02-07 02:30:00,40,2,0.0,0.0,0.0,0.10590000000000001,optimal
2021-02-07 03:00:00,40,2,0.0,0.0,0.0,0.1161,optimal
2021-02-07 03:30:00,40,2,0.0,0.0,0.0,0.06,optimal
2021-02-07 04:00:00,40,2,1.1428571428571428,0.0,0.0,0.1008,optimal
2021-02-07 04:30:00,40,2,1.1428571428571428,0.0,0.0,0.1212,optimal
2021-02-07 05:00:00,40,2,1.1428571428571428,0.0,0.0,0.06,optimal
2021-02-07 05:30:00,40,2,1.1428571428571428,0.0,0.0,0.10590000000000001,optimal
2021-02-07 06:00:00,40,2,1.1428571428571428,0.0,0.0,0.1161,optimal
2021-02-07 06:30:00,40,2,1.1428571428571428,0.0,0.0,0.06,optimal
2021-02-07 07:00:00,40,2,1.1428571428571428,0.0,2.5213313032427203,0.167,optimal
2021-02-07 07:30:00,40,2,0.0,0.0,0.0,0.06733333333333333,optimal
2021-02-07 08:00:00,40,2,0.38513716524814723,0.0,0.0,1.8925,optimal
2021-02-07 08:30:00,40,2,0.6245040642561746,0.6192592592592592,0.0,0.2601666666666667,optimal
2021-02-07 09:00:00,40,2,0.5592216612874068,1.1611111111111108,0.0,0.1989,optimal
2021-02-07 09:30:00,40,2,0.5276255139975178,0.0,0.0,0.2455,optimal
2021-02-07 10:00:00,40,2,0.5477139087868819,0.23222222222222222,0.0,0.10336666666666666,optimal
2021-02-07 10:30:00,40,2,0.38020715574762204,0.0,0.0,1.546733333333333,optimal
2021-02-07 11:00:00,40,2,0.26743667409542315,0.0,0.0,4.114366666666667,optimal
2021-02-07 11:30:00,40,2,0.28736810266684876,0.5418518518518518,0.0,3.1780666666666666,optimal
2021-02-07 12:00:00,40,2,0.24018546911830263,0.0,0.0,3.9246999999999996,optimal
2021-02-07 12:30:00,40,2,0.9896543636346745,0.0774074074074074,0.0,0.23106666666666664,optimal
2021-02-07 13:00:00,40,2,1.1428571428571428,0.3096296296296296,0.0,0.26480000000000004,optimal
2021-02-07 13:30:00,40,2,1.1428571428571428,0.7167925925925925,0.0,0.22153333333333333,optimal
2021-02-07 14:00:00,40,2,1.1428571428571428,0.5991333333333334,0.0,0.16033333333333336,optimal
2021-02-07 14:30:00,40,2,1.1428571428571428,2.0899999999999994,0.0,2.5038666666666667,optimal
2021-02-07 15:00:00,40,2,1.1428571428571428,0.387037037037037,0.0,1.9315333333333333,optimal
2021-02-07 15:30:00,40,2,1.1428571428571428,0.0,0.0,0.1363,optimal
2021-02-07 16:00:00,40,2,0.0,0.1548148148148148,0.0,2.435333333333333,optimal
2021-02-07 16:30:00,40,2,0.0,0.3096296296296296,0.0,0.1264,optimal
2021-02-07 17:00:00,40,2,0.0,0.0,0.0,0.14696666666666666,optimal
2021-02-07 17:30:00,40,2,0.0,0.0,0.0,0.171,optimal
2021-02-07 18:00:00,40,2,0.0,0.0,0.0,0.6851,optimal
2021-02-07 18:30:00,40,2,0.0,0.387037037037037,0.0,1.8188333333333333,optimal
2021-02-07 19:00:00,40,2,0.0,0.0,0.0,2.071466666666667,optimal
2021-02-07 19:30:00,40,2,0.5194089557198248,0.0,0.0,2.3209333333333335,optimal
2021-02-07 20:00:00,40,2,0.5902946700055458,0.1548148148148148,0.0,0.3253333333333333,optimal
2021-02-07 20:30:00,40,2,0.0,0.387037037037037,0.0,0.38703333333333334,optimal
2021-02-07 21:00:00,40,2,0.0,0.1548148148148148,0.0,0.9966333333333333,optimal
2021-02-07 21:30:00,40,2,0.0,0.0,0.0,1.6911333333333334,optimal
2021-02-07 22:00:00,40,2,0.0,0.0,0.0,0.19966666666666663,optimal
2021-02-07 22:30:00,40,2,0.0,0.23222222222222222,0.0,0.286,optimal
2021-02-07 23:00:00,40,2,0.0,3.173703703703704,0.0,1.1938333333333333,optimal
2021-02-07 23:30:00,40,2,0.0,0.46444444444444444,0.0,3.2360333333333333,optimal
2021-02-08 00:00:00,40,2,0.0,0.0,0.0,0.40503333333333336,optimal
2021-02-08 00:30:00,40,2,0.0,0.0,0.0,0.09583333333333331,optimal
2021-02-08 01:00:00,40,2,0.0,0.0,0.0,0.2732333333333333,optimal
2021-02-08 01:30:00,40,2,0.6881725533152406,0.0,0.0,0.062,optimal
2021-02-08 02:00:00,40,2,1.1428571428571428,0.0,0.0,0.14996666666666666,optimal
2021-02-08 02:30:00,40,2,1.1428571428571428,0.0,0.0,0.06876666666666667,optimal
2021-02-08 03:00:00,40,2,1.1428571428571428,0.0,0.0,0.19183333333333327,optimal
2021-02-08 03:30:00,40,2,1.1428571428571428,0.0,0.0,0.08926666666666666,optimal
2021-02-08 04:00:00,40,2,1.1428571428571428,0.0,0.0,0.14996666666666666,optimal
2021-02-08 04:30:00,40,2,1.1428571428571428,0.0,0.0,0.2123333333333333,optimal
2021-02-08 05:00:00,40,2,1.1428571428571428,0.0,0.0,0.1567333333333333,optimal
2021-02-08 05:30:00,40,2,1.1428571428571428,0.0,0.0,0.15766666666666665,optimal
2021-02-08 06:00:00,40,2,1.1428571428571428,0.0,0.0,0.11666666666666668,optimal
2021-02-08 06:30:00,40,2,1.1428571428571428,0.0,0.0,0.18406666666666663,optimal
2021-02-08 07:00:00,40,2,1.1428571428571428,0.0,9.744300002691899,0.19333333333333327,optimal
2021-02-08 07:30:00,40,2,1.1428571428571428,0.0,0.0,0.7855333333333333,optimal
2021-02-08 08:00:00,40,2,0.39433596706780727,0.46444444444444444,0.0,1.3849333333333333,optimal
2021-02-08 08:30:00,40,2,0.3662025473618687,0.1548148148148148,0.0,1.9936333333333327,optimal
2021-02-08 09:00:00,40,2,0.6847366579607254,0.0,0.0,0.23803333333333332,optimal
2021-02-08 09:30:00,40,2,0.6973425018053322,0.0,0.0,0.335,optimal
2021-02-08 10:00:00,40,2,0.6491827006743557,0.0,0.0,0.2401,optimal
2021-02-08 10:30:00,40,2,0.4944720949249886,0.5418518518518518,0.0,0.4234,optimal
2021-02-08 11:00:00,40,2,0.4374115526853741,0.0,0.0,0.18,optimal
2021-02-08 11:30:00,40,2,0.4126954485817743,0.0,0.0,0.20553333333333332,optimal
2021-02-08 12:00:00,40,2,0.2850090263406757,0.0,0.0,0.45426666666666665,optimal
2021-02-08 12:30:00,40,2,0.48400771223337147,0.3096296296296296,0.0,0.3313333333333333,optimal
2021-02-08 13:00:00,40,2,1.1428571428571428,0.0774074074074074,0.0,0.18236666666666668,optimal
2021-02-08 13:30:00,40,2,1.1428571428571428,0.0,0.0,0.6071333333333333,optimal
2021-02-08 14:00:00,40,2,1.1428571428571428,0.0,0.0,0.3023333333333333,optimal
2021-02-08 14:30:00,40,2,1.1428571428571428,0.0,0.0,0.15766666666666665,optimal
2021-02-08 15:00:00,40,2,1.1428571428571428,0.0,0.0,0.12566666666666668,optimal
2021-02-08 15:30:00,40,2,1.1428571428571428,0.0,0.0,0.16673333333333332,optimal
2021-02-08 16:00:00,40,2,0.0,0.1548148148148148,0.0,0.22693333333333332,optimal
2021-02-08 16:30:00,40,2,0.0,0.23222222222222222,0.0,0.206,optimal
2021-02-08 17:00:00,40,2,0.0,0.3096296296296296,0.0,0.3007333333333333,optimal
2021-02-08 17:30:00,40,2,0.0,0.815874074074074,0.0,0.2573333333333333,optimal
2021-02-08 18:00:00,40,2,0.0,0.5000518518518519,0.0,0.13090000000000002,optimal
2021-02-08 18:30:00,40,2,0.0,0.5418518518518518,0.0,0.1701,optimal
2021-02-08 19:00:00,40,2,0.0,0.1548148148148148,0.0,0.16983333333333334,optimal
2021-02-08 19:30:00,40,2,0.6189793046338116,0.0,0.0,0.10806666666666666,optimal
2021-02-08 20:00:00,40,2,0.5974248893606375,0.1548148148148148,0.0,0.29496666666666665,optimal
2021-02-08 20:30:00,40,2,0.0,0.0,0.0,0.13933333333333334,optimal
2021-02-08 21:00:00,40,2,0.0,0.3096296296296296,0.0,0.28286666666666666,optimal
2021-02-08 21:30:00,40,2,0.0,0.23222222222222222,0.0,0.11906666666666667,optimal
2021-02-08 22:00:00,40,2,0.0,0.0,0.0,0.09313333333333335,optimal
2021-02-08 22:30:00,40,2,0.0,0.0,0.0,0.33576666666666666,optimal
2021-02-08 23:00:00,40,2,0.0,0.0,0.0,0.072,optimal
2021-02-08 23:30:00,40,2,0.0,0.0,0.0,0.14893333333333333,optimal
2021-02-09 00:00:00,40,2,0.0,0.0,0.0,0.047,optimal
2021-02-09 00:30:00,40,2,0.0,0.0,0.0,0.047,optimal
2021-02-09 01:00:00,40,2,0.3958118552039591,0.0,0.0,0.09393333333333334,optimal
2021-02-09 01:30:00,40,2,1.1428571428571428,0.0,0.0,0.21780000000000002,optimal
2021-02-09 02:00:00,40,2,1.1428571428571428,0.0,0.0,0.047,optimal
2021-02-09 02:30:00,40,2,1.1428571428571428,0.0,0.0,0.08220000000000001,optimal
2021-02-09 03:00:00,40,2,1.1428571428571428,0.0,0.0,0.22953333333333334,optimal
2021-02-09 03:30:00,40,2,1.1428571428571428,0.0,0.0,0.047,optimal
2021-02-09 04:00:00,40,2,1.1428571428571428,0.0,0.0,0.17606666666666665,optimal
2021-02-09 04:30:00,40,2,1.1428571428571428,0.0,0.0,0.047,optimal
2021-02-09 05:00:00,40,2,1.1428571428571428,0.0,0.0,0.13566666666666666,optimal
2021-02-09 05:30:00,40,2,1.1428571428571428,0.0,0.0,0.17606666666666665,optimal
2021-02-09 06:00:00,40,2,1.1428571428571428,0.0,7.6054196181301625,0.047,optimal
2021-02-09 06:30:00,40,2,1.1428571428571428,0.0,10.0,0.13566666666666666,optimal
2021-02-09 07:00:00,40,2,1.1428571428571428,0.0,10.0,0.17606666666666665,optimal
2021-02-09 07:30:00,40,2,1.1428571428571428,0.3096296296296296,0.0,1.3379666666666667,optimal
2021-02-09 08:00:00,40,2,0.8254742373334882,0.0,0.0,0.12933333333333336,optimal
2021-02-09 08:30:00,40,2,0.8057048430828617,0.0,0.0,0.17606666666666665,optimal
2021-02-09 09:00:00,40,2,0.7530947470158708,0.0,0.0,0.13566666666666666,optimal
2021-02-09 09:30:00,40,2,0.7370988156574674,0.0,0.0,0.15306666666666666,optimal
2021-02-09 10:00:00,40,2,0.6455617930034829,0.0,0.0,0.07633333333333332,optimal
2021-02-09 10:30:00,40,2,0.612885818458784,0.0,0.0,0.1532666666666667,optimal
2021-02-09 11:00:00,40,2,0.5085496394581177,0.0,0.0,0.15846666666666667,optimal
2021-02-09 11:30:00,40,2,0.5382582540729838,0.0,0.0,0.047,optimal
2021-02-09 12:00:00,40,2,0.4463881371747279,0.0,0.0,0.13566666666666666,optimal
2021-02-09 12:30:00,40,2,0.3989461892265346,0.0,0.0,0.6014666666666667,optimal
2021-02-09 13:00:00,40,2,1.1428571428571428,0.3096296296296296,0.0,1.1970999999999998,optimal
2021-02-09 13:30:00,40,2,1.1428571428571428,0.0,0.0,0.14566666666666667,optimal
2021-02-09 14:00:00,40,2,1.1428571428571428,0.0,0.0,0.18606666666666663,optimal
2021-02-09 14:30:00,40,2,1.1428571428571428,0.0,0.0,0.14566666666666667,optimal
2021-02-09 15:00:00,40,2,1.1428571428571428,0.0,0.0,0.057,optimal
2021-02-09 15:30:00,40,2,1.1428571428571428,0.0,0.0,0.3066666666666667,optimal
2021-02-09 16:00:00,40,2,0.0,6.192592592592591,0.0,0.4918666666666667,optimal
2021-02-09 16:30:00,40,2,0.0,0.0,0.0,0.3563,optimal
2021-02-09 17:00:00,40,2,0.0,0.0,0.0,0.4466,optimal
2021-02-09 17:30:00,40,2,0.0,0.0,0.0,1.3692,optimal
2021-02-09 18:00:00,40,2,0.0,0.35142962962962954,0.0,1.5599666666666667,optimal
2021-02-09 18:30:00,40,2,0.0,0.11301481481481486,0.0,0.7766666666666666,optimal
2021-02-09 19:00:00,40,2,0.0,0.387037037037037,0.0,1.4840666666666666,optimal
2021-02-09 19:30:00,40,2,0.24415987228600458,0.23222222222222222,0.0,1.6356666666666668,optimal
2021-02-09 20:00:00,40,2,0.48439294027122703,0.0774074074074074,0.0,0.6143666666666667,optimal
2021-02-09 20:30:00,40,2,0.0,0.5418518518518518,0.0,0.3481666666666667,optimal
2021-02-09 21:00:00,40,2,0.0,0.0,0.0,0.4782666666666667,optimal
2021-02-09 21:30:00,40,2,0.0,0.0,0.0,0.7679333333333332,optimal
2021-02-09 22:00:00,40,2,0.0,0.0,0.0,0.3394,optimal
2021-02-09 22:30:00,40,2,0.0,0.0,0.0,0.3179666666666666,optimal
2021-02-09 23:00:00,40,2,0.0,0.23222222222222222,0.0,0.2916666666666667,optimal
2021-02-09 23:30:00,40,2,0.0,0.0,0.0,0.20506666666666665,optimal
2021-02-10 00:00:00,40,2,0.0,0.0,0.0,0.062,optimal
2021-02-10 00:30:00,40,2,0.0,0.0,0.0,0.15466666666666665,optimal
2021-02-10 01:00:00,40,2,0.0,0.0,0.0,0.1837333333333333,optimal
2021-02-10 01:30:00,40,2,0.0,0.0,0.0,0.08986666666666666,optimal
2021-02-10 02:00:00,40,2,0.5968092185076984,0.0,0.0,1.4062666666666668,optimal
2021-02-10 02:30:00,40,2,1.1428571428571428,0.0,0.0,1.7960666666666667,optimal
2021-02-10 03:00:00,40,2,1.1428571428571428,0.23222222222222222,0.0,1.6208,optimal
2021-02-10 03:30:00,40,2,1.1428571428571428,0.23222222222222222,0.0,1.4687999999999999,optimal
2021-02-10 04:00:00,40,2,1.1428571428571428,0.0774074074074074,0.0,1.862733333333333,optimal
2021-02-10 04:30:00,40,2,1.1428571428571428,0.0,0.0,0.6546000000000001,optimal
2021-02-10 05:00:00,40,2,1.1428571428571428,0.5418518518518518,0.0,2.0084333333333326,optimal
2021-02-10 05:30:00,40,2,1.1428571428571428,6.347407407407409,0.0,0.2947666666666667,optimal
2021-02-10 06:00:00,40,2,1.1428571428571428,0.0,0.0,0.11073333333333332,optimal
2021-02-10 06:30:00,40,2,1.1428571428571428,0.0,0.3373499456681896,0.3212,optimal
2021-02-10 07:00:00,40,2,1.1428571428571428,0.1548148148148148,10.0,0.23,optimal
2021-02-10 07:30:00,40,2,1.1428571428571428,0.1548148148148148,0.0,1.1755333333333333,optimal
2021-02-10 08:00:00,40,2,0.5784264424492092,0.6966666666666667,0.0,2.2665,optimal
2021-02-10 08:30:00,40,2,0.7991980437658218,0.0,0.0,0.3226666666666667,optimal
2021-02-10 09:00:00,40,2,0.734099484997901,0.0,0.0,0.22986666666666666,optimal
2021-02-10 09:30:00,40,2,0.7580006101240362,0.0,0.0,0.11626666666666668,optimal
2021-02-10 10:00:00,40,2,0.6449614922231725,0.0,0.0,0.11666666666666668,optimal
2021-02-10 10:30:00,40,2,0.6221254313058835,0.0,0.0,0.17413333333333333,optimal
2021-02-10 11:00:00,40,2,0.5569099216895601,0.0,0.0,0.12733333333333333,optimal
2021-02-10 11:30:00,40,2,0.5047652461574013,0.0,0.0,0.24586666666666668,optimal
2021-02-10 12:00:00,40,2,0.15396339296583916,0.3096296296296296,0.0,1.2563333333333333,optimal
2021-02-10 12:30:00,40,2,0.1260033929658333,0.387037037037037,0.0,1.211,optimal
2021-02-10 13:00:00,40,2,0.23214673209954115,0.387037037037037,0.0,0.6106333333333334,optimal
2021-02-10 13:30:00,40,2,0.8300374899320301,0.0,0.0,0.3621666666666667,optimal
2021-02-10 14:00:00,40,2,1.1428571428571428,0.0,0.0,0.6166,optimal
2021-02-10 14:30:00,40,2,1.1428571428571428,0.1548148148148148,0.0,2.3626,optimal
2021-02-10 15:00:00,40,2,1.1428571428571428,0.0,0.0,0.32026666666666664,optimal
2021-02-10 15:30:00,40,2,1.1428571428571428,0.46444444444444444,0.0,2.421733333333333,optimal
2021-02-10 16:00:00,40,2,0.0,0.0,0.0,0.3505,optimal
2021-02-10 16:30:00,40,2,0.0,0.0,0.0,1.8732,optimal
2021-02-10 17:00:00,40,2,0.0,0.0,0.0,2.7339,optimal
2021-02-10 17:30:00,40,2,0.0,0.6192592592592592,0.0,2.161,optimal
2021-02-10 18:00:00,40,2,0.0,2.1674074074074072,0.0,0.6251333333333333,optimal
2021-02-10 18:30:00,40,2,0.0,4.954074074074073,0.0,0.3939666666666666,optimal
2021-02-10 19:00:00,40,2,0.0,0.0,0.0,2.0990333333333333,optimal
2021-02-10 19:30:00,40,2,0.0,0.0,0.0,2.8332333333333333,optimal
2021-02-10 20:00:00,40,2,0.0,1.8577777777777778,0.0,0.244,optimal
2021-02-10 20:30:00,40,2,0.0,0.0,0.0,0.5102666666666666,optimal
2021-02-10 21:00:00,40,2,0.0,0.0,0.0,3.2358000000000002,optimal
2021-02-10 21:30:00,40,2,0.0,0.3096296296296296,0.0,1.5440999999999998,optimal
2021-02-10 22:00:00,40,2,0.0,0.0,0.0,0.22,optimal
2021-02-10 22:30:00,40,2,0.0,0.0,0.0,0.1524,optimal
2021-02-10 23:00:00,40,2,0.0,0.0,0.0,0.2864,optimal
2021-02-10 23:30:00,40,2,0.0,0.0,0.0,0.15206666666666666,optimal
2021-02-11 00:00:00,40,2,1.1428571428571428,0.0,0.0,0.07373333333333333,optimal
2021-02-11 00:30:00,40,2,1.1428571428571428,0.0,0.0,0.1428,optimal
2021-02-11 01:00:00,40,2,1.1428571428571428,0.0,0.0,0.054,optimal
2021-02-11 01:30:00,40,2,1.1428571428571428,0.0,0.0,0.0984,optimal
2021-02-11 02:00:00,40,2,1.1428571428571428,0.0,0.0,0.11813333333333334,optimal
2021-02-11 02:30:00,40,2,1.1428571428571428,0.0,0.0,0.054,optimal
2021-02-11 03:00:00,40,2,1.1428571428571428,0.0,0.0,0.054,optimal
2021-02-11 03:30:00,40,2,1.1428571428571428,0.0,0.0,0.10333333333333332,optimal
2021-02-11 04:00:00,40,2,1.1428571428571428,0.0,0.0,0.11320000000000001,optimal
2021-02-11 04:30:00,40,2,1.1428571428571428,0.0,0.0,0.0688,optimal
2021-02-11 05:00:00,40,2,1.1428571428571428,0.0,0.0,0.1554,optimal
2021-02-11 05:30:00,40,2,1.1428571428571428,0.0,0.0,0.062,optimal
2021-02-11 06:00:00,40,2,1.1428571428571428,0.0,0.0,0.054,optimal
2021-02-11 06:30:00,40,2,1.1428571428571428,0.0,0.0,0.14773333333333333,optimal
2021-02-11 07:00:00,40,2,1.1428571428571428,0.0,8.300187862383133,0.07413333333333334,optimal
2021-02-11 07:30:00,40,2,1.1428571428571428,1.2544049465162248,0.0,0.11553333333333332,optimal
2021-02-11 08:00:00,40,2,0.7679144084605387,0.387037037037037,0.0,1.9200666666666664,optimal
2021-02-11 08:30:00,40,2,0.8424609455683149,0.5418518518518518,0.0,0.5052,optimal
2021-02-11 09:00:00,40,2,0.8240359923321212,0.46444444444444444,0.0,0.13040000000000002,optimal
2021-02-11 09:30:00,40,2,0.8034583698608924,0.0,0.0,0.0998,optimal
2021-02-11 10:00:00,40,2,0.6220136950125638,0.0,0.0,0.059,optimal
2021-02-11 10:30:00,40,2,0.5799579386817634,0.387037037037037,0.0,0.14003333333333334,optimal
2021-02-11 11:00:00,40,2,0.3504197993669819,0.5418518518518518,0.0,2.6035666666666666,optimal
2021-02-11 11:30:00,40,2,0.45885854239954793,0.0,0.0,0.204,optimal
2021-02-11 12:00:00,40,2,0.5692514444946424,0.0,0.0,0.4281333333333333,optimal
2021-02-11 12:30:00,40,2,1.1428571428571428,0.23222222222222222,0.0,0.6752333333333334,optimal
2021-02-11 13:00:00,40,2,1.1428571428571428,0.0,0.0,0.2805666666666667,optimal
2021-02-11 13:30:00,40,2,1.1428571428571428,0.46444444444444444,0.0,1.4821,optimal
2021-02-11 14:00:00,40,2,1.1428571428571428,0.0,0.0,1.1589333333333334,optimal
2021-02-11 14:30:00,40,2,1.1428571428571428,0.0,0.0,0.3959333333333333,optimal
2021-02-11 15:00:00,40,2,1.1428571428571428,0.0,0.0,3.358333333333333,optimal
2021-02-11 15:30:00,40,2,1.1428571428571428,0.0,0.0,1.0021333333333333,optimal
2021-02-11 16:00:00,40,2,0.0,0.3096296296296296,0.0,0.16456666666666667,optimal
2021-02-11 16:30:00,40,2,0.0,0.0774074074074074,0.0,0.29653333333333337,optimal
2021-02-11 17:00:00,40,2,0.0,0.0,0.0,0.064,optimal
2021-02-11 17:30:00,40,2,0.0,0.0,0.0,0.064,optimal
2021-02-11 18:00:00,40,2,0.0,0.0,0.0,0.15280000000000002,optimal
2021-02-11 18:30:00,40,2,0.0,0.0,0.0,0.08373333333333334,optimal
2021-02-11 19:00:00,40,2,0.0,0.1548148148148148,0.0,2.328533333333333,optimal
2021-02-11 19:30:00,40,2,0.8633376294978171,0.0,0.0,2.505533333333333,optimal
2021-02-11 20:00:00,40,2,0.9173236051837255,0.0,0.0,0.32889999999999997,optimal
2021-02-11 20:30:00,40,2,0.0,0.0,0.0,0.33073333333333327,optimal
2021-02-11 21:00:00,40,2,0.0,0.0,0.0,0.4188,optimal
2021-02-11 21:30:00,40,2,0.0,0.0,0.0,0.31406666666666666,optimal
2021-02-11 22:00:00,40,2,0.0,0.0,0.0,0.21866666666666662,optimal
2021-02-11 22:30:00,40,2,0.0,0.0,0.0,0.2891,optimal
2021-02-11 23:00:00,40,2,0.0,0.3096296296296296,0.0,0.42686666666666667,optimal
2021-02-11 23:30:00,40,2,0.0,0.387037037037037,0.0,2.0070666666666663,optimal
2021-02-12 00:00:00,40,2,1.1428571428571428,0.0,0.0,0.052,optimal
2021-02-12 00:30:00,40,2,1.1428571428571428,0.0,0.0,0.052,optimal
2021-02-12 01:00:00,40,2,1.1428571428571428,0.0,0.0,0.20526666666666668,optimal
2021-02-12 01:30:00,40,2,1.1428571428571428,0.0,0.0,0.052,optimal
2021-02-12 02:00:00,40,2,1.1428571428571428,0.0,0.0,0.18436666666666668,optimal
2021-02-12 02:30:00,40,2,1.1428571428571428,0.0,0.0,0.0729,optimal
2021-02-12 03:00:00,40,2,1.1428571428571428,0.0,0.0,0.052,optimal
2021-02-12 03:30:00,40,2,1.1428571428571428,0.0,0.0,0.1983,optimal
2021-02-12 04:00:00,40,2,1.1428571428571428,0.0,0.0,0.05896666666666667,optimal
2021-02-12 04:30:00,40,2,1.1428571428571428,0.0,0.0,0.052,optimal
2021-02-12 05:00:00,40,2,1.1428571428571428,0.0,0.0,0.14256666666666667,optimal
2021-02-12 05:30:00,40,2,1.1428571428571428,0.0,0.0,0.1147,optimal
2021-02-12 06:00:00,40,2,1.1428571428571428,0.0,0.0,0.052,optimal
2021-02-12 06:30:00,40,2,1.1428571428571428,0.0,5.550058749215339,0.10773333333333332,optimal
2021-02-12 07:00:00,40,2,1.1428571428571428,0.3096296296296296,10.0,0.15706666666666666,optimal
2021-02-12 07:30:00,40,2,1.1428571428571428,8.04381998752822,0.0,0.1812333333333333,optimal
2021-02-12 08:00:00,40,2,0.8035381338941618,0.8514814814814814,0.0,0.33926666666666666,optimal
2021-02-12 08:30:00,40,2,0.8791512944822956,0.1548148148148148,0.0,0.17776666666666668,optimal
2021-02-12 09:00:00,40,2,0.7885745957222873,2.3222222222222215,0.0,0.20976666666666668,optimal
2021-02-12 09:30:00,40,2,0.8317784006812886,0.0,0.0,0.1038,optimal
2021-02-12 10:00:00,40,2,0.6045061769858532,0.0,0.0,0.17346666666666666,optimal
2021-02-12 10:30:00,40,2,0.6192417605714711,0.0,0.0,0.062,optimal
2021-02-12 11:00:00,40,2,0.4628528867575065,0.0,0.0,0.2152666666666667,optimal
2021-02-12 11:30:00,40,2,0.504504358515232,0.0,0.0,0.062,optimal
2021-02-12 12:00:00,40,2,0.9038238319469285,0.0774074074074074,0.0,0.41106666666666664,optimal
2021-02-12 12:30:00,40,2,1.1428571428571428,0.46444444444444444,0.0,1.274733333333333,optimal
2021-02-12 13:00:00,40,2,1.1428571428571428,0.0,0.0,0.07593333333333334,optimal
2021-02-12 13:30:00,40,2,1.1428571428571428,0.0,0.0,0.20133333333333328,optimal
2021-02-12 14:00:00,40,2,1.1428571428571428,0.0,0.0,0.062,optimal
2021-02-12 14:30:00,40,2,1.1428571428571428,0.0,0.0,0.1247,optimal
2021-02-12 15:00:00,40,2,1.1428571428571428,0.0,0.0,0.15256666666666666,optimal
2021-02-12 15:30:00,40,2,1.1428571428571428,0.0,0.0,0.062,optimal
2021-02-12 16:00:00,40,2,0.0,0.0,0.0,0.17346666666666666,optimal
2021-02-12 16:30:00,40,2,0.0,0.0,0.0,0.1038,optimal
2021-02-12 17:00:00,40,2,0.0,0.387037037037037,0.0,0.07423333333333333,optimal
2021-02-12 17:30:00,40,2,0.0,0.0774074074074074,0.0,0.2097333333333333,optimal
2021-02-12 18:00:00,40,2,0.0,0.0,0.0,0.11773333333333331,optimal
2021-02-12 18:30:00,40,2,0.0,0.2740222222222222,0.0,0.10733333333333331,optimal
2021-02-12 19:00:00,40,2,0.0,0.6548666666666667,0.0,0.3935,optimal
2021-02-12 19:30:00,40,2,0.618113808561995,0.0,0.0,0.419,optimal
2021-02-12 20:00:00,40,2,0.4868680079036779,0.0,0.0,0.7314333333333333,optimal
2021-02-12 20:30:00,40,2,0.0,0.0,0.0,0.5473666666666667,optimal
2021-02-12 21:00:00,40,2,0.0,0.0,0.0,0.6009666666666666,optimal
2021-02-12 21:30:00,40,2,0.0,0.0,0.0,0.5471666666666666,optimal
2021-02-12 22:00:00,40,2,0.0,0.387037037037037,0.0,0.7581666666666667,optimal
2021-02-12 22:30:00,40,2,0.0,0.1548148148148148,0.0,0.23633333333333328,optimal
2021-02-12 23:00:00,40,2,0.0,0.0,0.0,0.48760000000000003,optimal
2021-02-12 23:30:00,40,2,0.0,0.23222222222222222,0.0,0.4681666666666667,optimal
2021-02-13 00:00:00,40,2,0.0,0.0,0.0,0.062,optimal
2021-02-13 00:30:00,40,2,0.0,0.0,0.0,0.1124,optimal
2021-02-13 01:00:00,40,2,0.9244168770814122,0.0,0.0,0.062,optimal
2021-02-13 01:30:00,40,2,1.1428571428571428,0.0,0.0,0.1124,optimal
2021-02-13 02:00:00,40,2,1.1428571428571428,0.0,0.0,0.062,optimal
2021-02-13 02:30:00,40,2,1.1428571428571428,0.0,0.0,0.062,optimal
2021-02-13 03:00:00,40,2,1.1428571428571428,0.0,0.0,0.062,optimal
2021-02-13 03:30:00,40,2,1.1428571428571428,0.0,0.0,0.1124,optimal
2021-02-13 04:00:00,40,2,1.1428571428571428,0.0,0.0,0.062,optimal
2021-02-13 04:30:00,40,2,1.1428571428571428,0.0,0.0,0.062,optimal
2021-02-13 05:00:00,40,2,1.1428571428571428,0.0,0.0,0.1124,optimal
2021-02-13 05:30:00,40,2,1.1428571428571428,0.0,0.0,0.062,optimal
2021-02-13 06:00:00,40,2,1.1428571428571428,0.0,0.0,0.1124,optimal
2021-02-13 06:30:00,40,2,1.1428571428571428,0.0,6.226945346231249,0.062,optimal
2021-02-13 07:00:00,40,2,1.1428571428571428,0.0,10.0,0.062,optimal
2021-02-13 07:30:00,40,2,1.1428571428571428,0.6966666666666667,0.0,0.11246666666666669,optimal
2021-02-13 08:00:00,40,2,0.5592679122566588,0.23222222222222222,0.0,1.5797999999999999,optimal
2021-02-13 08:30:00,40,2,0.6063708125858176,0.6192592592592592,0.0,0.6501666666666667,optimal
2021-02-13 09:00:00,40,2,0.5919723980250836,0.3096296296296296,0.0,1.526,optimal
2021-02-13 09:30:00,40,2,0.655677375861337,1.7029629629629628,0.0,0.16666666666666666,optimal
2021-02-13 10:00:00,40,2,0.3984922475536215,0.3096296296296296,0.0,2.2965,optimal
2021-02-13 10:30:00,40,2,0.5218389574065923,0.23222222222222222,0.0,0.2533333333333333,optimal
2021-02-13 11:00:00,40,2,0.46248684700360065,0.3096296296296296,0.0,0.24973333333333328,optimal
2021-02-13 11:30:00,40,2,0.3644449854280005,0.387037037037037,0.0,1.0226333333333333,optimal
2021-02-13 12:00:00,40,2,0.18461249337774102,0.0,0.0,2.5046,optimal
2021-02-13 12:30:00,40,2,0.5848472280848971,0.0,0.0,0.20076666666666668,optimal
2021-02-13 13:00:00,40,2,1.1428571428571428,0.0774074074074074,0.0,0.2336,optimal
2021-02-13 13:30:00,40,2,1.1428571428571428,0.0774074074074074,0.0,0.4772666666666667,optimal
2021-02-13 14:00:00,40,2,1.1428571428571428,0.0774074074074074,0.0,0.2318,optimal
2021-02-13 14:30:00,40,2,1.1428571428571428,0.0774074074074074,0.0,0.2617,optimal
2021-02-13 15:00:00,40,2,1.1428571428571428,0.1548148148148148,0.0,0.5699,optimal
2021-02-13 15:30:00,40,2,1.1428571428571428,0.0,0.0,0.11120000000000001,optimal
2021-02-13 16:00:00,40,2,0.0,0.1548148148148148,0.0,0.5587000000000001,optimal
2021-02-13 16:30:00,40,2,0.0,0.0774074074074074,0.0,0.3768,optimal
2021-02-13 17:00:00,40,2,0.0,0.1548148148148148,0.0,0.4059,optimal
2021-02-13 17:30:00,40,2,0.0,0.1548148148148148,0.0,1.3357333333333332,optimal
2021-02-13 18:00:00,40,2,0.0,0.3096296296296296,0.0,0.2552,optimal
2021-02-13 18:30:00,40,2,0.0,0.1548148148148148,0.0,0.27646666666666664,optimal
2021-02-13 19:00:00,40,2,0.0,0.1548148148148148,0.0,0.3156333333333333,optimal
2021-02-13 19:30:00,40,2,0.6354757133238953,0.0,0.0,0.3435,optimal
2021-02-13 20:00:00,40,2,0.6432013412370098,0.0,0.0,0.2484333333333333,optimal
2021-02-13 20:30:00,40,2,0.0,0.1548148148148148,0.0,0.362,optimal
2021-02-13 21:00:00,40,2,0.0,0.387037037037037,0.0,0.4244,optimal
2021-02-13 21:30:00,40,2,0.0,0.1548148148148148,0.0,0.38839999999999997,optimal
2021-02-13 22:00:00,40,2,0.0,0.0774074074074074,0.0,0.36806666666666665,optimal
2021-02-13 22:30:00,40,2,0.0,0.0,0.0,0.567,optimal
2021-02-13 23:00:00,40,2,0.0,0.1548148148148148,0.0,0.2596666666666667,optimal
2021-02-13 23:30:00,40,2,0.0,0.1548148148148148,0.0,0.4929666666666666,optimal
2021-02-07 00:00:00,41,2,0.0,0.0,0.0,0.18359999999999999,optimal
2021-02-07 00:30:00,41,2,0.0,0.0,0.0,0.056,optimal
2021-02-07 01:00:00,41,2,0.0,0.0,0.0,0.0676,optimal
2021-02-07 01:30:00,41,2,0.0,0.0,0.0,0.172,optimal
2021-02-07 02:00:00,41,2,0.0,0.0,0.0,0.056,optimal
2021-02-07 02:30:00,41,2,0.0,0.0,0.0,0.1024,optimal
2021-02-07 03:00:00,41,2,0.0,0.0,0.0,0.1372,optimal
2021-02-07 03:30:00,41,2,0.0,0.0,0.0,0.056,optimal
2021-02-07 04:00:00,41,2,1.1428571428571428,0.0,0.0,0.18359999999999999,optimal
2021-02-07 04:30:00,41,2,1.1428571428571428,0.0,0.0,0.056,optimal
2021-02-07 05:00:00,41,2,1.1428571428571428,0.0,0.0,0.056,optimal
2021-02-07 05:30:00,41,2,1.1428571428571428,0.0,0.0,0.16040000000000001,optimal
2021-02-07 06:00:00,41,2,1.1428571428571428,0.0,0.0,0.0792,optimal
2021-02-07 06:30:00,41,2,1.1428571428571428,0.0,0.0,0.11933333333333332,optimal
2021-02-07 07:00:00,41,2,1.1428571428571428,0.387037037037037,1.8089900112525021,0.14386666666666667,optimal
2021-02-07 07:30:00,41,2,0.0,0.1548148148148148,0.0,0.16086666666666669,optimal
2021-02-07 08:00:00,41,2,0.2257919035828439,1.0837037037037036,0.0,0.2085,optimal
2021-02-07 08:30:00,41,2,0.6259021594942682,0.774074074074074,0.0,0.09409999999999999,optimal
2021-02-07 09:00:00,41,2,0.6922121374778873,0.0,0.0,0.07883333333333332,optimal
2021-02-07 09:30:00,41,2,0.7061588473308505,0.0,0.0,0.1936,optimal
2021-02-07 10:00:00,41,2,0.6982853373583033,0.0,0.0,0.056,optimal
2021-02-07 10:30:00,41,2,0.6959347747952321,0.0,0.0,0.0792,optimal
2021-02-07 11:00:00,41,2,1.1009605802988551,0.0,0.0,0.1607333333333333,optimal
2021-02-07 11:30:00,41,2,1.1428571428571428,0.0,0.0,0.066,optimal
2021-02-07 12:00:00,41,2,1.1428571428571428,0.0,0.0,0.05966666666666666,optimal
2021-02-07 12:30:00,41,2,1.1428571428571428,0.0,0.0,0.14880000000000002,optimal
2021-02-07 13:00:00,41,2,1.1428571428571428,0.0,0.0,0.09113333333333334,optimal
2021-02-07 13:30:00,41,2,1.1428571428571428,0.0,0.0,0.1182,optimal
2021-02-07 14:00:00,41,2,1.1428571428571428,0.0,0.0,0.14006666666666667,optimal
2021-02-07 14:30:00,41,2,1.1428571428571428,0.0,0.0,0.2437333333333333,optimal
2021-02-07 15:00:00,41,2,1.1428571428571428,0.0,0.0,0.172,optimal
2021-02-07 15:30:00,41,2,1.1428571428571428,0.0,0.0,0.06333333333333334,optimal
2021-02-07 16:00:00,41,2,0.0,0.0,0.0,0.1008,optimal
2021-02-07 16:30:00,41,2,0.0,0.0,0.0,0.15213333333333331,optimal
2021-02-07 17:00:00,41,2,0.0,0.0,0.0,0.056,optimal
2021-02-07 17:30:00,41,2,0.0,0.0,0.0,0.3,optimal
2021-02-07 18:00:00,41,2,0.0,0.5418518518518518,0.0,1.1105999999999998,optimal
2021-02-07 18:30:00,41,2,0.0,0.0,0.0,0.1662,optimal
2021-02-07 19:00:00,41,2,0.0,0.0,0.0,0.07606666666666666,optimal
2021-02-07 19:30:00,41,2,0.7573613366722087,0.0,0.0,0.1124,optimal
2021-02-07 20:00:00,41,2,0.7474184795293551,0.0,0.0,0.1472,optimal
2021-02-07 20:30:00,41,2,0.0,0.0,0.0,0.057,optimal
2021-02-07 21:00:00,41,2,0.0,0.0,0.0,0.8013666666666667,optimal
2021-02-07 21:30:00,41,2,0.0,0.387037037037037,0.0,0.3512,optimal
2021-02-07 22:00:00,41,2,0.0,0.1548148148148148,0.0,0.22319999999999998,optimal
2021-02-07 22:30:00,41,2,0.0,0.0,0.0,0.257,optimal
2021-02-07 23:00:00,41,2,0.0,0.0,0.0,0.12826666666666667,optimal
2021-02-07 23:30:00,41,2,0.0,0.0,0.0,0.1936,optimal
2021-02-08 00:00:00,41,2,0.0,0.0,0.0,0.06536666666666666,optimal
2021-02-08 00:30:00,41,2,0.0,0.0,0.0,0.11923333333333332,optimal
2021-02-08 01:00:00,41,2,0.0,0.0,0.0,0.089,optimal
2021-02-08 01:30:00,41,2,0.655219042540894,0.0,0.0,0.1807333333333333,optimal
2021-02-08 02:00:00,41,2,1.1428571428571428,0.0,0.0,0.09566666666666669,optimal
2021-02-08 02:30:00,41,2,1.1428571428571428,0.0,0.0,0.11733333333333332,optimal
2021-02-08 03:00:00,41,2,1.1428571428571428,0.0,0.0,0.18606666666666663,optimal
2021-02-08 03:30:00,41,2,1.1428571428571428,0.0,0.0,0.062,optimal
2021-02-08 04:00:00,41,2,1.1428571428571428,0.0,0.0,0.07033333333333333,optimal
2021-02-08 04:30:00,41,2,1.1428571428571428,0.0,0.0,0.22646666666666668,optimal
2021-02-08 05:00:00,41,2,1.1428571428571428,0.0,0.0,0.08326666666666667,optimal
2021-02-08 05:30:00,41,2,1.1428571428571428,0.1548148148148148,0.0,0.2312333333333333,optimal
2021-02-08 06:00:00,41,2,1.1428571428571428,0.5418518518518518,3.754109810170839,0.2742,optimal
2021-02-08 06:30:00,41,2,1.1428571428571428,0.23222222222222222,10.0,1.3508666666666667,optimal
2021-02-08 07:00:00,41,2,1.1428571428571428,0.1548148148148148,10.0,0.096,optimal
2021-02-08 07:30:00,41,2,1.1428571428571428,2.0899999999999994,0.0,0.3321,optimal
2021-02-08 08:00:00,41,2,0.6887245384963706,2.631851851851852,0.0,0.22490000000000002,optimal
2021-02-08 08:30:00,41,2,0.7117930235523493,0.0,0.0,0.16646666666666668,optimal
2021-02-08 09:00:00,41,2,0.7486509436750197,0.0,0.0,0.1098,optimal
2021-02-08 09:30:00,41,2,0.7530339303767644,0.0,0.0,0.072,optimal
2021-02-08 10:00:00,41,2,0.6124550816267385,0.0,0.0,0.23456666666666665,optimal
2021-02-08 10:30:00,41,2,0.6605101901630794,0.0,0.0,0.08883333333333333,optimal
2021-02-08 11:00:00,41,2,0.5345353622091801,0.0,0.0,0.19080000000000003,optimal
2021-02-08 11:30:00,41,2,0.5468859247722561,0.0,0.0,0.1326,optimal
2021-02-08 12:00:00,41,2,0.7244323822622976,0.0,0.0,0.072,optimal
2021-02-08 12:30:00,41,2,1.1428571428571428,0.0,0.0,0.19080000000000003,optimal
2021-02-08 13:00:00,41,2,1.1428571428571428,0.0,0.0,0.072,optimal
2021-02-08 13:30:00,41,2,1.1428571428571428,0.0,0.0,0.1326,optimal
2021-02-08 14:00:00,41,2,1.1428571428571428,0.0,0.0,0.072,optimal
2021-02-08 14:30:00,41,2,1.1428571428571428,0.0,0.0,0.2298,optimal
2021-02-08 15:00:00,41,2,1.1428571428571428,0.0,0.0,0.09359999999999999,optimal
2021-02-08 15:30:00,41,2,1.1428571428571428,0.3096296296296296,0.0,0.19693333333333332,optimal
2021-02-08 16:00:00,41,2,0.0,0.0,0.0,0.3455666666666667,optimal
2021-02-08 16:30:00,41,2,0.0,0.0774074074074074,0.0,0.413,optimal
2021-02-08 17:00:00,41,2,0.0,0.6966666666666667,0.0,0.5158666666666667,optimal
2021-02-08 17:30:00,41,2,0.0,0.1548148148148148,0.0,0.3415666666666667,optimal
2021-02-08 18:00:00,41,2,0.0,0.1548148148148148,0.0,0.2616,optimal
2021-02-08 18:30:00,41,2,0.0,0.1548148148148148,0.0,0.3311,optimal
2021-02-08 19:00:00,41,2,0.0,0.0,0.0,0.249,optimal
2021-02-08 19:30:00,41,2,0.5492459713004798,0.0,0.0,0.47553333333333336,optimal
2021-02-08 20:00:00,41,2,0.5701106036463446,0.0,0.0,0.3621333333333333,optimal
2021-02-08 20:30:00,41,2,0.0,0.0,0.0,0.31860000000000005,optimal
2021-02-08 21:00:00,41,2,0.0,0.23222222222222222,0.0,0.4279333333333333,optimal
2021-02-08 21:30:00,41,2,0.0,0.0,0.0,1.2695999999999998,optimal
2021-02-08 22:00:00,41,2,0.0,0.0,0.0,0.2082,optimal
2021-02-08 22:30:00,41,2,0.0,0.0,0.0,0.1152,optimal
2021-02-08 23:00:00,41,2,0.0,0.0,0.0,0.072,optimal
2021-02-08 23:30:00,41,2,0.0,0.0,0.0,0.2251,optimal
2021-02-09 00:00:00,41,2,0.0,0.0,0.0,0.13773333333333332,optimal
2021-02-09 00:30:00,41,2,0.0,0.0,0.0,0.13766666666666666,optimal
2021-02-09 01:00:00,41,2,0.22772481117578172,0.0,0.0,0.10326666666666667,optimal
2021-02-09 01:30:00,41,2,1.1428571428571428,0.0,0.0,0.1967333333333333,optimal
2021-02-09 02:00:00,41,2,1.1428571428571428,0.0,0.0,0.1226,optimal
2021-02-09 02:30:00,41,2,1.1428571428571428,0.0,0.0,0.14446666666666666,optimal
2021-02-09 03:00:00,41,2,1.1428571428571428,0.0,0.0,0.10526666666666668,optimal
2021-02-09 03:30:00,41,2,1.1428571428571428,0.0,0.0,0.13566666666666666,optimal
2021-02-09 04:00:00,41,2,1.1428571428571428,0.0,0.0,0.18366666666666662,optimal
2021-02-09 04:30:00,41,2,1.1428571428571428,0.0,0.0,0.10713333333333334,optimal
2021-02-09 05:00:00,41,2,1.1428571428571428,0.0,0.0,0.2122,optimal
2021-02-09 05:30:00,41,2,1.1428571428571428,0.0,0.0,0.06459999999999999,optimal
2021-02-09 06:00:00,41,2,1.1428571428571428,0.46444444444444444,9.90728974480344,0.10966666666666669,optimal
2021-02-09 06:30:00,41,2,1.1428571428571428,0.3096296296296296,10.0,0.1984,optimal
2021-02-09 07:00:00,41,2,1.1428571428571428,0.3096296296296296,10.0,0.1421,optimal
2021-02-09 07:30:00,41,2,1.1428571428571428,0.0,0.0,0.198,optimal
2021-02-09 08:00:00,41,2,0.5526837611430139,0.0,0.0,0.19506666666666664,optimal
2021-02-09 08:30:00,41,2,0.4763715097495279,0.5418518518518518,0.0,0.3936,optimal
2021-02-09 09:00:00,41,2,0.27575188987301896,0.5418518518518518,0.0,1.9745,optimal
2021-02-09 09:30:00,41,2,0.5976740537526994,0.0,0.0,0.4024,optimal
2021-02-09 10:00:00,41,2,0.5322475072891961,0.0,0.0,0.2437333333333333,optimal
2021-02-09 10:30:00,41,2,0.5533810565540125,2.5544444444444445,0.0,0.076,optimal
2021-02-09 11:00:00,41,2,0.4524353537438239,0.0,0.0,0.07166666666666667,optimal
2021-02-09 11:30:00,41,2,0.3732582540729805,0.1548148148148148,0.0,0.3211333333333333,optimal
2021-02-09 12:00:00,41,2,0.45467361289468267,0.0,0.0,1.2516333333333334,optimal
2021-02-09 12:30:00,41,2,1.1428571428571428,0.0,0.0,0.5419333333333333,optimal
2021-02-09 13:00:00,41,2,1.1428571428571428,0.0,0.0,0.21993333333333331,optimal
2021-02-09 13:30:00,41,2,1.1428571428571428,0.0,0.0,0.24446666666666667,optimal
2021-02-09 14:00:00,41,2,1.1428571428571428,0.0,0.0,0.27163333333333334,optimal
2021-02-09 14:30:00,41,2,1.1428571428571428,0.0,0.0,0.20086666666666667,optimal
2021-02-09 15:00:00,41,2,1.1428571428571428,0.0,0.0,0.13846666666666668,optimal
2021-02-09 15:30:00,41,2,1.1428571428571428,0.0,0.0,0.08233333333333333,optimal
2021-02-09 16:00:00,41,2,0.0,0.0,0.0,0.18513333333333332,optimal
2021-02-09 16:30:00,41,2,0.0,0.0,0.0,0.15806666666666666,optimal
2021-02-09 17:00:00,41,2,0.0,0.0,0.0,0.10940000000000001,optimal
2021-02-09 17:30:00,41,2,0.0,0.46444444444444444,0.0,0.1413,optimal
2021-02-09 18:00:00,41,2,0.0,0.0,0.0,0.22406666666666664,optimal
2021-02-09 18:30:00,41,2,0.0,0.0774074074074074,0.0,0.14626666666666668,optimal
2021-02-09 19:00:00,41,2,0.0,0.0,0.0,0.2395,optimal
2021-02-09 19:30:00,41,2,0.4901205593188516,0.3096296296296296,0.0,0.3903333333333333,optimal
2021-02-09 20:00:00,41,2,0.433253892652177,0.0,0.0,0.6548666666666667,optimal
2021-02-09 20:30:00,41,2,0.0,0.1548148148148148,0.0,0.6535333333333333,optimal
2021-02-09 21:00:00,41,2,0.0,0.0,0.0,0.342,optimal
2021-02-09 21:30:00,41,2,0.0,0.0,0.0,0.588,optimal
2021-02-09 22:00:00,41,2,0.0,0.0,0.0,0.1022,optimal
2021-02-09 22:30:00,41,2,0.0,0.0,0.0,0.1587333333333333,optimal
2021-02-09 23:00:00,41,2,0.0,0.0,0.0,0.18059999999999998,optimal
2021-02-09 23:30:00,41,2,0.0,0.0,0.0,0.063,optimal
2021-02-10 00:00:00,41,2,0.0,0.3096296296296296,0.0,0.06853333333333333,optimal
2021-02-10 00:30:00,41,2,0.0,0.0,0.0,0.06666666666666667,optimal
2021-02-10 01:00:00,41,2,0.8169625602204115,0.0,0.0,0.058,optimal
2021-02-10 01:30:00,41,2,1.1428571428571428,0.0,0.0,0.058,optimal
2021-02-10 02:00:00,41,2,1.1428571428571428,0.0,0.0,0.0824,optimal
2021-02-10 02:30:00,41,2,1.1428571428571428,0.0,0.0,0.10679999999999999,optimal
2021-02-10 03:00:00,41,2,1.1428571428571428,0.0,0.0,0.058,optimal
2021-02-10 03:30:00,41,2,1.1428571428571428,0.0,0.0,0.13119999999999998,optimal
2021-02-10 04:00:00,41,2,1.1428571428571428,0.0,0.0,0.058,optimal
2021-02-10 04:30:00,41,2,1.1428571428571428,0.0,0.0,0.058,optimal
2021-02-10 05:00:00,41,2,1.1428571428571428,0.0,0.0,0.06206666666666667,optimal
2021-02-10 05:30:00,41,2,1.1428571428571428,0.0,0.0,0.12713333333333335,optimal
2021-02-10 06:00:00,41,2,1.1428571428571428,0.0,0.430181991899767,0.0824,optimal
2021-02-10 06:30:00,41,2,1.1428571428571428,0.6966666666666667,10.0,0.1328,optimal
2021-02-10 07:00:00,41,2,1.1428571428571428,0.3096296296296296,10.0,0.07773333333333333,optimal
2021-02-10 07:30:00,41,2,1.1428571428571428,0.6966666666666667,0.0,0.15046666666666667,optimal
2021-02-10 08:00:00,41,2,0.7420378710206338,0.6192592592592592,0.0,0.082,optimal
2021-02-10 08:30:00,41,2,0.8066628056705867,0.0,0.0,0.06733333333333333,optimal
2021-02-10 09:00:00,41,2,0.7769471040455175,0.0,0.0,0.08020000000000001,optimal
2021-02-10 09:30:00,41,2,0.7544482291716569,0.0,0.0,0.129,optimal
2021-02-10 10:00:00,41,2,0.6589519684136493,0.0,0.0,0.068,optimal
2021-02-10 10:30:00,41,2,0.6432397170201613,0.0,0.0,0.10053333333333332,optimal
2021-02-10 11:00:00,41,2,0.562328969308613,0.0,0.0,0.10866666666666669,optimal
2021-02-10 11:30:00,41,2,0.5580509604431152,0.0,0.0,0.10866666666666669,optimal
2021-02-10 12:00:00,41,2,0.4212119643944024,0.0774074074074074,0.0,0.09853333333333332,optimal
2021-02-10 12:30:00,41,2,0.42317386915631144,0.23222222222222222,0.0,0.09033333333333332,optimal
2021-02-10 13:00:00,41,2,1.1428571428571428,0.8514814814814814,0.0,0.1562666666666667,optimal
2021-02-10 13:30:00,41,2,1.1428571428571428,0.1548148148148148,0.0,0.1756,optimal
2021-02-10 14:00:00,41,2,1.1428571428571428,0.0,0.0,0.21346666666666667,optimal
2021-02-10 14:30:00,41,2,1.1428571428571428,0.1548148148148148,0.0,0.23366666666666663,optimal
2021-02-10 15:00:00,41,2,1.1428571428571428,0.23222222222222222,0.0,0.4023333333333333,optimal
2021-02-10 15:30:00,41,2,1.1428571428571428,0.0774074074074074,0.0,0.2376,optimal
2021-02-10 16:00:00,41,2,0.0,0.1548148148148148,0.0,1.8436,optimal
2021-02-10 16:30:00,41,2,0.0,0.0,0.0,0.42673333333333335,optimal
2021-02-10 17:00:00,41,2,0.0,0.0,0.0,1.0585333333333333,optimal
2021-02-10 17:30:00,41,2,0.0,0.0,0.0,0.7053333333333334,optimal
2021-02-10 18:00:00,41,2,0.0,0.5418518518518518,0.0,0.2058,optimal
2021-02-10 18:30:00,41,2,0.0,0.1548148148148148,0.0,0.37689999999999996,optimal
2021-02-10 19:00:00,41,2,0.0,2.2448148148148146,0.0,0.2428333333333333,optimal
2021-02-10 19:30:00,41,2,0.0,0.0774074074074074,0.0,0.4049,optimal
2021-02-10 20:00:00,41,2,0.3224356166053434,0.0,0.0,0.3848666666666667,optimal
2021-02-10 20:30:00,41,2,0.0,0.0774074074074074,0.0,0.5894333333333333,optimal
2021-02-10 21:00:00,41,2,0.0,0.387037037037037,0.0,0.4291666666666667,optimal
2021-02-10 21:30:00,41,2,0.0,0.0,0.0,0.5059333333333332,optimal
2021-02-10 22:00:00,41,2,0.0,0.0774074074074074,0.0,0.5772333333333334,optimal
2021-02-10 22:30:00,41,2,0.0,0.0,0.0,0.3098666666666667,optimal
2021-02-10 23:00:00,41,2,0.0,0.0,0.0,0.24153333333333332,optimal
2021-02-10 23:30:00,41,2,0.0,0.0,0.0,0.068,optimal
2021-02-11 00:00:00,41,2,0.8447043049833185,0.0,0.0,0.06433333333333333,optimal
2021-02-11 00:30:00,41,2,1.1428571428571428,0.0,0.0,0.073,optimal
2021-02-11 01:00:00,41,2,1.1428571428571428,0.0,0.0,0.073,optimal
2021-02-11 01:30:00,41,2,1.1428571428571428,0.0,0.0,0.073,optimal
2021-02-11 02:00:00,41,2,1.1428571428571428,0.0,0.0,0.073,optimal
2021-02-11 02:30:00,41,2,1.1428571428571428,0.0,0.0,0.073,optimal
2021-02-11 03:00:00,41,2,1.1428571428571428,0.0,0.0,0.073,optimal
2021-02-11 03:30:00,41,2,1.1428571428571428,0.0,0.0,0.073,optimal
2021-02-11 04:00:00,41,2,1.1428571428571428,0.0,0.0,0.073,optimal
2021-02-11 04:30:00,41,2,1.1428571428571428,0.0,0.0,0.073,optimal
2021-02-11 05:00:00,41,2,1.1428571428571428,0.0,0.0,0.073,optimal
2021-02-11 05:30:00,41,2,1.1428571428571428,0.0,0.0,0.073,optimal
2021-02-11 06:00:00,41,2,1.1428571428571428,0.0,0.0,0.073,optimal
2021-02-11 06:30:00,41,2,1.1428571428571428,0.0,0.0,0.073,optimal
2021-02-11 07:00:00,41,2,1.1428571428571428,0.5418518518518518,8.324356182130813,0.07266666666666667,optimal
2021-02-11 07:30:00,41,2,1.1428571428571428,0.9288888888888889,0.0,0.9425666666666669,optimal
2021-02-11 08:00:00,41,2,0.47779821798434335,3.5607407407407403,0.0,2.6940666666666666,optimal
2021-02-11 08:30:00,41,2,0.8588476122349828,0.0774074074074074,0.0,0.072,optimal
2021-02-11 09:00:00,41,2,0.7872931351892605,0.0,0.0,0.072,optimal
2021-02-11 09:30:00,41,2,0.694285036527559,2.4770370370370367,0.0,0.7095,optimal
2021-02-11 10:00:00,41,2,0.3899527426316114,5.263703703703704,0.0,1.462233333333333,optimal
2021-02-11 10:30:00,41,2,0.4174779386817563,0.0,0.0,1.2804,optimal
2021-02-11 11:00:00,41,2,0.44925218031937075,0.0,0.0,0.4648333333333333,optimal
2021-02-11 11:30:00,41,2,0.3666928281138368,0.0,0.0,0.7037333333333333,optimal
2021-02-11 12:00:00,41,2,0.7902513620694832,0.0,0.0,0.5317999999999999,optimal
2021-02-11 12:30:00,41,2,1.1428571428571428,0.46444444444444444,0.0,2.4774666666666665,optimal
2021-02-11 13:00:00,41,2,1.1428571428571428,2.631851851851852,0.0,2.5716666666666663,optimal
2021-02-11 13:30:00,41,2,1.1428571428571428,0.0,0.0,0.32289999999999996,optimal
2021-02-11 14:00:00,41,2,1.1428571428571428,0.0,0.0,0.17293333333333333,optimal
2021-02-11 14:30:00,41,2,1.1428571428571428,0.0,0.0,0.073,optimal
2021-02-11 15:00:00,41,2,1.1428571428571428,0.0,0.0,0.07233333333333333,optimal
2021-02-11 15:30:00,41,2,1.1428571428571428,0.0,0.0,0.2723,optimal
2021-02-11 16:00:00,41,2,0.0,0.0,0.0,0.20233333333333328,optimal
2021-02-11 16:30:00,41,2,0.0,0.0,0.0,0.2089,optimal
2021-02-11 17:00:00,41,2,0.0,0.774074074074074,0.0,0.37889999999999996,optimal
2021-02-11 17:30:00,41,2,0.0,0.0,0.0,1.101,optimal
2021-02-11 18:00:00,41,2,0.0,0.0,0.0,2.198733333333333,optimal
2021-02-11 18:30:00,41,2,0.0,0.0774074074074074,0.0,0.081,optimal
2021-02-11 19:00:00,41,2,0.0,0.0,0.0,0.1708,optimal
2021-02-11 19:30:00,41,2,0.9183566771168725,0.3096296296296296,0.0,0.3055333333333334,optimal
2021-02-11 20:00:00,41,2,0.9231331289932476,0.0774074074074074,0.0,0.3735333333333334,optimal
2021-02-11 20:30:00,41,2,0.0,0.0,0.0,0.4865,optimal
2021-02-11 21:00:00,41,2,0.0,0.3096296296296296,0.0,0.5681666666666666,optimal
2021-02-11 21:30:00,41,2,0.0,0.0,0.0,0.3345,optimal
2021-02-11 22:00:00,41,2,0.0,0.0,0.0,0.8852333333333333,optimal
2021-02-11 22:30:00,41,2,0.0,0.0774074074074074,0.0,0.511,optimal
2021-02-11 23:00:00,41,2,0.0,0.0,0.0,0.073,optimal
2021-02-11 23:30:00,41,2,0.0,0.0,0.0,0.07166666666666667,optimal
2021-02-12 00:00:00,41,2,1.1428571428571428,0.0,0.0,0.049,optimal
2021-02-12 00:30:00,41,2,1.1428571428571428,0.0,0.0,0.1182,optimal
2021-02-12 01:00:00,41,2,1.1428571428571428,0.0,0.0,0.10666666666666669,optimal
2021-02-12 01:30:00,41,2,1.1428571428571428,0.0,0.0,0.049,optimal
2021-02-12 02:00:00,41,2,1.1428571428571428,0.0,0.0,0.049,optimal
2021-02-12 02:30:00,41,2,1.1428571428571428,0.0,0.0,0.07783333333333332,optimal
2021-02-12 03:00:00,41,2,1.1428571428571428,0.0,0.0,0.14703333333333332,optimal
2021-02-12 03:30:00,41,2,1.1428571428571428,0.0,0.0,0.049,optimal
2021-02-12 04:00:00,41,2,1.1428571428571428,0.0,0.0,0.049,optimal
2021-02-12 04:30:00,41,2,1.1428571428571428,0.0,0.0,0.14126666666666668,optimal
2021-02-12 05:00:00,41,2,1.1428571428571428,0.0,0.0,0.0836,optimal
2021-02-12 05:30:00,41,2,1.1428571428571428,0.0,0.0,0.054766666666666665,optimal
2021-02-12 06:00:00,41,2,1.1428571428571428,0.0,0.0,0.1701,optimal
2021-02-12 06:30:00,41,2,1.1428571428571428,0.0,0.0,0.049,optimal
2021-02-12 07:00:00,41,2,1.1428571428571428,0.23222222222222222,6.970925672348367,0.17553333333333332,optimal
2021-02-12 07:30:00,41,2,1.1428571428571428,7.952407357087646,0.0,0.048,optimal
2021-02-12 08:00:00,41,2,0.849776229132256,0.1548148148148148,0.0,0.3091333333333333,optimal
2021-02-12 08:30:00,41,2,0.9888846278156336,0.0,0.0,0.1182,optimal
2021-02-12 09:00:00,41,2,0.9383803100080018,0.0,0.0,0.049,optimal
2021-02-12 09:30:00,41,2,0.6788926863955734,0.0774074074074074,0.0,0.38913333333333333,optimal
2021-02-12 10:00:00,41,2,0.5509537960334749,0.0,0.0,0.0978,optimal
2021-02-12 10:30:00,41,2,0.4677941415238518,0.0,0.0,0.3604666666666666,optimal
2021-02-12 11:00:00,41,2,0.40047193437655537,0.3096296296296296,0.0,0.2455,optimal
2021-02-12 11:30:00,41,2,0.31049483470571476,0.1548148148148148,0.0,0.6319333333333332,optimal
2021-02-12 12:00:00,41,2,1.1057377951713878,0.0,0.0,0.049,optimal
2021-02-12 12:30:00,41,2,1.1428571428571428,0.0,0.0,0.17586666666666667,optimal
2021-02-12 13:00:00,41,2,1.1428571428571428,0.0,0.0,0.049,optimal
2021-02-12 13:30:00,41,2,1.1428571428571428,0.0,0.0,0.049,optimal
2021-02-12 14:00:00,41,2,1.1428571428571428,0.0,0.0,0.17586666666666667,optimal
2021-02-12 14:30:00,41,2,1.1428571428571428,0.0,0.0,0.052333333333333336,optimal
2021-02-12 15:00:00,41,2,1.1428571428571428,0.0,0.0,0.059,optimal
2021-02-12 15:30:00,41,2,1.1428571428571428,0.0,0.0,0.059,optimal
2021-02-12 16:00:00,41,2,0.0,0.0,0.0,0.059,optimal
2021-02-12 16:30:00,41,2,0.0,0.0,0.0,0.07053333333333334,optimal
2021-02-12 17:00:00,41,2,0.0,0.0,0.0,0.17433333333333334,optimal
2021-02-12 17:30:00,41,2,0.0,0.0,0.0,0.5336666666666666,optimal
2021-02-12 18:00:00,41,2,0.0,0.23222222222222222,0.0,1.0476333333333334,optimal
2021-02-12 18:30:00,41,2,0.0,0.23222222222222222,0.0,0.2582,optimal
2021-02-12 19:00:00,41,2,0.0,0.0774074074074074,0.0,0.3584,optimal
2021-02-12 19:30:00,41,2,0.666428094276276,0.23222222222222222,0.0,0.3885,optimal
2021-02-12 20:00:00,41,2,0.7401346745703448,0.0,0.0,0.2284,optimal
2021-02-12 20:30:00,41,2,0.0,0.0,0.0,0.43546666666666656,optimal
2021-02-12 21:00:00,41,2,0.0,0.0,0.0,0.6309,optimal
2021-02-12 21:30:00,41,2,0.0,0.0,0.0,0.11090000000000001,optimal
2021-02-12 22:00:00,41,2,0.0,0.0,0.0,0.059,optimal
2021-02-12 22:30:00,41,2,0.0,0.0,0.0,0.13973333333333332,optimal
2021-02-12 23:00:00,41,2,0.0,0.0,0.0,0.10513333333333334,optimal
2021-02-12 23:30:00,41,2,0.0,0.0,0.0,0.05733333333333333,optimal
2021-02-13 00:00:00,41,2,0.0,0.0,0.0,0.06,optimal
2021-02-13 00:30:00,41,2,0.8357199355752706,0.0,0.0,0.06,optimal
2021-02-13 01:00:00,41,2,1.1428571428571428,0.0,0.0,0.06,optimal
2021-02-13 01:30:00,41,2,1.1428571428571428,0.0,0.0,0.271,optimal
2021-02-13 02:00:00,41,2,1.1428571428571428,0.0,0.0,0.06,optimal
2021-02-13 02:30:00,41,2,1.1428571428571428,0.0,0.0,0.06,optimal
2021-02-13 03:00:00,41,2,1.1428571428571428,0.0,0.0,0.16633333333333333,optimal
2021-02-13 03:30:00,41,2,1.1428571428571428,0.0,0.0,0.13716666666666666,optimal
2021-02-13 04:00:00,41,2,1.1428571428571428,0.3096296296296296,0.0,0.17183333333333334,optimal
2021-02-13 04:30:00,41,2,1.1428571428571428,0.0,0.0,0.13019999999999998,optimal
2021-02-13 05:00:00,41,2,1.1428571428571428,0.0,0.0,0.1288,optimal
2021-02-13 05:30:00,41,2,1.1428571428571428,0.0,5.334626004094577,0.16633333333333333,optimal
2021-02-13 06:00:00,41,2,1.1428571428571428,0.0,10.0,0.11233333333333331,optimal
2021-02-13 06:30:00,41,2,1.1428571428571428,0.0,10.0,0.2158333333333333,optimal
2021-02-13 07:00:00,41,2,1.1428571428571428,0.46444444444444444,0.0,0.07183333333333333,optimal
2021-02-13 07:30:00,41,2,1.1428571428571428,6.6570370370370355,0.0,0.1355,optimal
2021-02-13 08:00:00,41,2,0.5374402932090435,0.1548148148148148,0.0,3.545533333333333,optimal
2021-02-13 08:30:00,41,2,0.31839176496677074,2.012592592592592,0.0,4.967333333333333,optimal
2021-02-13 09:00:00,41,2,0.7524028742155678,0.0,0.0,0.9961333333333332,optimal
2021-02-13 09:30:00,41,2,0.7857154710994328,0.0,0.0,0.17466666666666666,optimal
2021-02-13 10:00:00,41,2,0.7027770094583856,0.0,0.0,0.07,optimal
2021-02-13 10:30:00,41,2,0.551615147882784,0.0,0.0,1.0172,optimal
2021-02-13 11:00:00,41,2,0.40928494224170164,0.0,0.0,1.6286333333333334,optimal
2021-02-13 11:30:00,41,2,0.5419516520946664,0.0,0.0,0.2483333333333333,optimal
2021-02-13 12:00:00,41,2,0.53890127043862,0.0,0.0,0.24666666666666662,optimal
2021-02-13 12:30:00,41,2,1.1428571428571428,0.0,0.0,0.1774,optimal
2021-02-13 13:00:00,41,2,1.1428571428571428,0.0,0.0,0.34,optimal
2021-02-13 13:30:00,41,2,1.1428571428571428,0.0,0.0,0.1485,optimal
2021-02-13 14:00:00,41,2,1.1428571428571428,0.0,0.0,0.07,optimal
2021-02-13 14:30:00,41,2,1.1428571428571428,0.0,0.0,0.157,optimal
2021-02-13 15:00:00,41,2,1.1428571428571428,0.0,0.0,0.11783333333333332,optimal
2021-02-13 15:30:00,41,2,1.1428571428571428,0.0,0.0,0.3167,optimal
2021-02-13 16:00:00,41,2,0.0,0.0,0.0,0.25103333333333333,optimal
2021-02-13 16:30:00,41,2,0.0,0.5418518518518518,0.0,0.2651,optimal
2021-02-13 17:00:00,41,2,0.0,0.23222222222222222,0.0,3.055066666666667,optimal
2021-02-13 17:30:00,41,2,0.0,0.0774074074074074,0.0,0.6352666666666666,optimal
2021-02-13 18:00:00,41,2,0.0,0.1548148148148148,0.0,0.27643333333333336,optimal
2021-02-13 18:30:00,41,2,0.0,0.0,0.0,0.42103333333333337,optimal
2021-02-13 19:00:00,41,2,0.0,0.0,0.0,0.26380000000000003,optimal
2021-02-13 19:30:00,41,2,0.6795899990381788,0.46444444444444444,0.0,0.3547666666666667,optimal
2021-02-13 20:00:00,41,2,0.6650489602846381,0.0,0.0,0.4104666666666666,optimal
2021-02-13 20:30:00,41,2,0.0,0.0,0.0,0.2455,optimal
2021-02-13 21:00:00,41,2,0.0,0.0774074074074074,0.0,0.36806666666666665,optimal
2021-02-13 21:30:00,41,2,0.0,0.0,0.0,0.4079,optimal
2021-02-13 22:00:00,41,2,0.0,0.0,0.0,0.3622666666666666,optimal
2021-02-13 22:30:00,41,2,0.0,0.0,0.0,0.2792,optimal
2021-02-13 23:00:00,41,2,0.0,0.0,0.0,0.3516,optimal
2021-02-13 23:30:00,41,2,0.0,0.0774074074074074,0.0,1.0230333333333332,optimal
2021-02-07 00:00:00,42,2,0.0,0.0,0.0,0.061,optimal
2021-02-07 00:30:00,42,2,0.0,0.0,0.0,0.061,optimal
2021-02-07 01:00:00,42,2,0.0,0.0,0.0,0.061,optimal
2021-02-07 01:30:00,42,2,0.0,0.0,0.0,0.087,optimal
2021-02-07 02:00:00,42,2,0.0,0.0,0.0,0.12166666666666669,optimal
2021-02-07 02:30:00,42,2,0.0,0.0,0.0,0.06966666666666667,optimal
2021-02-07 03:00:00,42,2,0.0,0.0,0.0,0.139,optimal
2021-02-07 03:30:00,42,2,0.0,0.0,0.0,0.061,optimal
2021-02-07 04:00:00,42,2,1.1428571428571428,0.0,0.0,0.12166666666666669,optimal
2021-02-07 04:30:00,42,2,1.1428571428571428,0.0,0.0,0.087,optimal
2021-02-07 05:00:00,42,2,1.1428571428571428,0.0,0.0,0.061,optimal
2021-02-07 05:30:00,42,2,1.1428571428571428,0.0,0.0,0.121,optimal
2021-02-07 06:00:00,42,2,1.1428571428571428,0.0,0.0,0.10133333333333332,optimal
2021-02-07 06:30:00,42,2,1.1428571428571428,0.2740222222222222,0.0,0.39626666666666666,optimal
2021-02-07 07:00:00,42,2,1.1428571428571428,0.7322740740740741,1.6063785740462473,0.2348,optimal
2021-02-07 07:30:00,42,2,0.0,0.3096296296296296,0.0,0.07073333333333333,optimal
2021-02-07 08:00:00,42,2,0.5615871171541776,0.0,0.0,0.071,optimal
2021-02-07 08:30:00,42,2,0.7759497785418884,0.0,0.0,0.071,optimal
2021-02-07 09:00:00,42,2,0.7189073755731198,0.0,0.0,0.15766666666666665,optimal
2021-02-07 09:30:00,42,2,0.7415302759022815,0.0,0.0,0.071,optimal
2021-02-07 10:00:00,42,2,0.6724377183106875,0.0,0.0,0.15766666666666665,optimal
2021-02-07 10:30:00,42,2,0.6864300128904715,0.0,0.0,0.07466666666666667,optimal
2021-02-07 11:00:00,42,2,0.6328538169525667,0.0,0.0,0.07896666666666667,optimal
2021-02-07 11:30:00,42,2,0.6404633407620964,0.0,0.0,0.10133333333333332,optimal
2021-02-07 12:00:00,42,2,0.5941740405468731,0.0,0.0,0.12733333333333333,optimal
2021-02-07 12:30:00,42,2,0.6102692786421063,0.0,0.0,0.071,optimal
2021-02-07 13:00:00,42,2,1.1428571428571428,0.0,0.0,0.16866666666666666,optimal
2021-02-07 13:30:00,42,2,1.1428571428571428,0.0774074074074074,0.0,0.12490000000000001,optimal
2021-02-07 14:00:00,42,2,1.1428571428571428,0.0,0.0,0.3465666666666667,optimal
2021-02-07 14:30:00,42,2,1.1428571428571428,0.0,0.0,0.20033333333333328,optimal
2021-02-07 15:00:00,42,2,1.1428571428571428,0.0,0.0,1.0797333333333332,optimal
2021-02-07 15:30:00,42,2,1.1428571428571428,0.46444444444444444,0.0,0.7458666666666667,optimal
2021-02-07 16:00:00,42,2,0.0,0.3096296296296296,0.0,0.13833333333333334,optimal
2021-02-07 16:30:00,42,2,0.0,0.23222222222222222,0.0,0.4129,optimal
2021-02-07 17:00:00,42,2,0.0,0.1548148148148148,0.0,1.193733333333333,optimal
2021-02-07 17:30:00,42,2,0.0,0.23222222222222222,0.0,0.16390000000000002,optimal
2021-02-07 18:00:00,42,2,0.0,0.1548148148148148,0.0,0.3296,optimal
2021-02-07 18:30:00,42,2,0.0,0.0774074074074074,0.0,0.26543333333333335,optimal
2021-02-07 19:00:00,42,2,0.0,0.23222222222222222,0.0,1.3424,optimal
2021-02-07 19:30:00,42,2,0.1262679160422209,0.23222222222222222,0.0,0.3332,optimal
2021-02-07 20:00:00,42,2,0.45896133667220146,0.0,0.0,0.344,optimal
2021-02-07 20:30:00,42,2,0.0,0.0,0.0,0.3710333333333334,optimal
2021-02-07 21:00:00,42,2,0.0,0.0,0.0,0.23383333333333328,optimal
2021-02-07 21:30:00,42,2,0.0,5.495925925925925,0.0,0.38346666666666657,optimal
2021-02-07 22:00:00,42,2,0.0,0.0,0.0,0.6260666666666668,optimal
2021-02-07 22:30:00,42,2,0.0,0.46444444444444444,0.0,0.3765,optimal
2021-02-07 23:00:00,42,2,0.0,0.0,0.0,0.4,optimal
2021-02-07 23:30:00,42,2,0.0,0.0,0.0,0.24403333333333332,optimal
2021-02-08 00:00:00,42,2,0.0,0.0,0.0,0.063,optimal
2021-02-08 00:30:00,42,2,0.0,0.0,0.0,0.11783333333333332,optimal
2021-02-08 01:00:00,42,2,0.0,0.0,0.0,0.1805,optimal
2021-02-08 01:30:00,42,2,0.0,0.0,0.0,0.07083333333333333,optimal
2021-02-08 02:00:00,42,2,1.0825712397465883,0.0,0.0,0.26866666666666666,optimal
2021-02-08 02:30:00,42,2,1.1428571428571428,0.0,0.0,0.07883333333333332,optimal
2021-02-08 03:00:00,42,2,1.1428571428571428,0.0,0.0,0.14133333333333334,optimal
2021-02-08 03:30:00,42,2,1.1428571428571428,0.0,0.0,0.16016666666666665,optimal
2021-02-08 04:00:00,42,2,1.1428571428571428,0.0,0.0,0.11683333333333332,optimal
2021-02-08 04:30:00,42,2,1.1428571428571428,0.0,0.0,0.23533333333333328,optimal
2021-02-08 05:00:00,42,2,1.1428571428571428,0.0,0.0,0.063,optimal
2021-02-08 05:30:00,42,2,1.1428571428571428,0.0,0.0,0.12,optimal
2021-02-08 06:00:00,42,2,1.1428571428571428,0.0,0.0,0.1805,optimal
2021-02-08 06:30:00,42,2,1.1428571428571428,0.0,8.206721672643035,0.173,optimal
2021-02-08 07:00:00,42,2,1.1428571428571428,0.0,10.0,0.13533333333333333,optimal
2021-02-08 07:30:00,42,2,1.1428571428571428,0.1548148148148148,0.0,0.17916666666666667,optimal
2021-02-08 08:00:00,42,2,0.740210252782089,0.3096296296296296,0.0,0.06923333333333334,optimal
2021-02-08 08:30:00,42,2,0.6768596902190115,0.46444444444444444,0.0,0.26426666666666665,optimal
2021-02-08 09:00:00,42,2,0.5539842770083452,0.23222222222222222,0.0,0.3169666666666666,optimal
2021-02-08 09:30:00,42,2,0.5738148827577166,0.0,0.0,0.2469,optimal
2021-02-08 10:00:00,42,2,0.47240746257912286,0.3096296296296296,0.0,0.39603333333333335,optimal
2021-02-08 10:30:00,42,2,0.5510339996868904,0.3096296296296296,0.0,0.22283333333333327,optimal
2021-02-08 11:00:00,42,2,0.567763933637758,0.0,0.0,0.06533333333333333,optimal
2021-02-08 11:30:00,42,2,0.4988668771532087,0.0,0.0,0.2945,optimal
2021-02-08 12:00:00,42,2,0.8208386472843943,0.0,0.0,0.06616666666666667,optimal
2021-02-08 12:30:00,42,2,1.1428571428571428,0.0,0.0,0.21966666666666662,optimal
2021-02-08 13:00:00,42,2,1.1428571428571428,0.0,0.0,0.11983333333333332,optimal
2021-02-08 13:30:00,42,2,1.1428571428571428,0.0,0.0,0.07883333333333332,optimal
2021-02-08 14:00:00,42,2,1.1428571428571428,0.0,0.0,0.082,optimal
2021-02-08 14:30:00,42,2,1.1428571428571428,0.0,0.0,0.10866666666666669,optimal
2021-02-08 15:00:00,42,2,1.1428571428571428,0.0,0.0,0.1905,optimal
2021-02-08 15:30:00,42,2,1.1428571428571428,0.0,0.0,0.11816666666666668,optimal
2021-02-08 16:00:00,42,2,0.0,0.0,0.0,0.07083333333333333,optimal
2021-02-08 16:30:00,42,2,0.0,0.0,0.0,0.24966666666666662,optimal
2021-02-08 17:00:00,42,2,0.0,0.774074074074074,0.0,0.14909999999999998,optimal
2021-02-08 17:30:00,42,2,0.0,0.1548148148148148,0.0,0.3103666666666667,optimal
2021-02-08 18:00:00,42,2,0.0,0.774074074074074,0.0,0.5632,optimal
2021-02-08 18:30:00,42,2,0.0,0.1548148148148148,0.0,0.4656666666666667,optimal
2021-02-08 19:00:00,42,2,0.0,0.23222222222222222,0.0,0.5186000000000001,optimal
2021-02-08 19:30:00,42,2,0.566217399871911,0.0,0.0,0.3216,optimal
2021-02-08 20:00:00,42,2,0.47400584174158367,0.0774074074074074,0.0,0.4831666666666667,optimal
2021-02-08 20:30:00,42,2,0.0,0.387037037037037,0.0,0.37410000000000004,optimal
2021-02-08 21:00:00,42,2,0.0,0.0774074074074074,0.0,0.5365,optimal
2021-02-08 21:30:00,42,2,0.0,0.0,0.0,0.3984666666666666,optimal
2021-02-08 22:00:00,42,2,0.0,0.46444444444444444,0.0,0.092,optimal
2021-02-08 22:30:00,42,2,0.0,0.0774074074074074,0.0,0.3328,optimal
2021-02-08 23:00:00,42,2,0.0,0.1548148148148148,0.0,0.372,optimal
2021-02-08 23:30:00,42,2,0.0,0.0,0.0,0.4693,optimal
2021-02-09 00:00:00,42,2,0.0,0.0,0.0,0.058,optimal
2021-02-09 00:30:00,42,2,0.0,0.0,0.0,0.058,optimal
2021-02-09 01:00:00,42,2,0.0,0.0,0.0,0.16106666666666666,optimal
2021-02-09 01:30:00,42,2,1.0930913365067283,0.0,0.0,0.2026,optimal
2021-02-09 02:00:00,42,2,1.1428571428571428,0.0,0.0,0.11259999999999999,optimal
2021-02-09 02:30:00,42,2,1.1428571428571428,0.0,0.0,0.08546666666666666,optimal
2021-02-09 03:00:00,42,2,1.1428571428571428,0.0,0.0,0.2572,optimal
2021-02-09 03:30:00,42,2,1.1428571428571428,0.0,0.0,0.058,optimal
2021-02-09 04:00:00,42,2,1.1428571428571428,0.0,0.0,0.22286666666666669,optimal
2021-02-09 04:30:00,42,2,1.1428571428571428,0.0,0.0,0.1198,optimal
2021-02-09 05:00:00,42,2,1.1428571428571428,0.0,0.0,0.15380000000000002,optimal
2021-02-09 05:30:00,42,2,1.1428571428571428,0.0,0.0,0.19753333333333334,optimal
2021-02-09 06:00:00,42,2,1.1428571428571428,0.0,0.0,0.0722,optimal
2021-02-09 06:30:00,42,2,1.1428571428571428,0.0,9.750355354874815,0.2818,optimal
2021-02-09 07:00:00,42,2,1.1428571428571428,2.012592592592592,10.0,0.05666666666666666,optimal
2021-02-09 07:30:00,42,2,1.1428571428571428,0.6966666666666667,0.0,0.1514,optimal
2021-02-09 08:00:00,42,2,0.5505504278096879,0.0774074074074074,0.0,0.1872666666666667,optimal
2021-02-09 08:30:00,42,2,0.5745905573685722,0.387037037037037,0.0,0.056,optimal
2021-02-09 09:00:00,42,2,0.4717518898730148,0.0,0.0,0.20706666666666662,optimal
2021-02-09 09:30:00,42,2,0.6023369108955605,0.23222222222222222,0.0,0.1316,optimal
2021-02-09 10:00:00,42,2,0.508266554908242,0.0774074074074074,0.0,0.07840000000000001,optimal
2021-02-09 10:30:00,42,2,0.39149534226830757,0.0774074074074074,0.0,0.4206333333333333,optimal
2021-02-09 11:00:00,42,2,0.35451154422001324,0.0,0.0,0.2238,optimal
2021-02-09 11:30:00,42,2,0.3412868255015546,0.0,0.0,0.2736,optimal
2021-02-09 12:00:00,42,2,0.3415500419366416,0.23222222222222222,0.0,0.1174,optimal
2021-02-09 12:30:00,42,2,0.590754840675595,0.0,0.0,0.5215,optimal
2021-02-09 13:00:00,42,2,1.1428571428571428,0.774074074074074,0.0,1.8339333333333327,optimal
2021-02-09 13:30:00,42,2,1.1428571428571428,0.387037037037037,0.0,0.21206666666666663,optimal
2021-02-09 14:00:00,42,2,1.1428571428571428,0.0,0.0,0.26526666666666665,optimal
2021-02-09 14:30:00,42,2,1.1428571428571428,0.0,0.0,0.068,optimal
2021-02-09 15:00:00,42,2,1.1428571428571428,0.0,0.0,0.2718666666666667,optimal
2021-02-09 15:30:00,42,2,1.1428571428571428,0.0,0.0,0.21203333333333332,optimal
2021-02-09 16:00:00,42,2,0.0,0.0,0.0,0.121,optimal
2021-02-09 16:30:00,42,2,0.0,0.387037037037037,0.0,0.24646666666666667,optimal
2021-02-09 17:00:00,42,2,0.0,0.5418518518518518,0.0,0.066,optimal
2021-02-09 17:30:00,42,2,0.0,0.1548148148148148,0.0,0.2685,optimal
2021-02-09 18:00:00,42,2,0.0,0.0,0.0,0.207,optimal
2021-02-09 18:30:00,42,2,0.0,0.0,0.0,0.13019999999999998,optimal
2021-02-09 19:00:00,42,2,0.0,0.0,0.0,0.23246666666666665,optimal
2021-02-09 19:30:00,42,2,0.8082348450331376,0.0,0.0,0.068,optimal
2021-02-09 20:00:00,42,2,0.7650729402712333,0.0,0.0,0.21906666666666663,optimal
2021-02-09 20:30:00,42,2,0.0,0.0,0.0,0.1142,optimal
2021-02-09 21:00:00,42,2,0.0,0.0,0.0,0.17293333333333333,optimal
2021-02-09 21:30:00,42,2,0.0,0.0,0.0,0.14353333333333332,optimal
2021-02-09 22:00:00,42,2,0.0,0.23222222222222222,0.0,0.1429,optimal
2021-02-09 22:30:00,42,2,0.0,0.23222222222222222,0.0,0.3597333333333333,optimal
2021-02-09 23:00:00,42,2,0.0,0.0,0.0,0.13286666666666666,optimal
2021-02-09 23:30:00,42,2,0.0,0.0,0.0,0.1598,optimal
2021-02-10 00:00:00,42,2,0.0,0.0,0.0,0.059,optimal
2021-02-10 00:30:00,42,2,0.4001467265504254,0.0,0.0,0.059,optimal
2021-02-10 01:00:00,42,2,1.1428571428571428,0.0,0.0,0.07146666666666666,optimal
2021-02-10 01:30:00,42,2,1.1428571428571428,0.0,0.0,0.18366666666666662,optimal
2021-02-10 02:00:00,42,2,1.1428571428571428,0.0,0.0,0.059,optimal
2021-02-10 02:30:00,42,2,1.1428571428571428,0.0,0.0,0.12756666666666666,optimal
2021-02-10 03:00:00,42,2,1.1428571428571428,0.0,0.0,0.12756666666666666,optimal
2021-02-10 03:30:00,42,2,1.1428571428571428,0.0,0.0,0.059,optimal
2021-02-10 04:00:00,42,2,1.1428571428571428,0.0,0.0,0.19613333333333333,optimal
2021-02-10 04:30:00,42,2,1.1428571428571428,0.0,0.0,0.059,optimal
2021-02-10 05:00:00,42,2,1.1428571428571428,0.0,0.0,0.059,optimal
2021-02-10 05:30:00,42,2,1.1428571428571428,0.0,0.0,0.1978,optimal
2021-02-10 06:00:00,42,2,1.1428571428571428,0.0,0.0,0.069,optimal
2021-02-10 06:30:00,42,2,1.1428571428571428,0.0,0.0,0.16873333333333332,optimal
2021-02-10 07:00:00,42,2,1.1428571428571428,6.5455703703703705,7.86222738835767,0.28956666666666664,optimal
2021-02-10 07:30:00,42,2,1.1428571428571428,1.1177629629629633,0.0,0.9391333333333333,optimal
2021-02-10 08:00:00,42,2,0.7155616805444421,2.012592592592592,0.0,0.3198666666666667,optimal
2021-02-10 08:30:00,42,2,0.6791228056705925,0.1548148148148148,0.0,1.051,optimal
2021-02-10 09:00:00,42,2,0.669394723093141,0.0,0.0,0.10133333333333332,optimal
2021-02-10 09:30:00,42,2,0.5615815625049897,0.0,0.0,0.5660666666666667,optimal
2021-02-10 10:00:00,42,2,0.31177101603269836,0.0,0.0,1.0758333333333332,optimal
2021-02-10 10:30:00,42,2,0.6521635265439698,0.0,0.0,0.069,optimal
2021-02-10 11:00:00,42,2,0.5735765883562304,0.0,0.0,0.069,optimal
2021-02-10 11:30:00,42,2,0.42155572234786703,0.3096296296296296,0.0,0.2881,optimal
2021-02-10 12:00:00,42,2,0.3163833929658313,2.052844444444444,0.0,0.2808,optimal
2021-02-10 12:30:00,42,2,0.6964473788942477,1.1208592592592592,0.0,0.2551333333333333,optimal
2021-02-10 13:00:00,42,2,1.1428571428571428,0.0,0.0,0.5897333333333333,optimal
2021-02-10 13:30:00,42,2,1.1428571428571428,0.0,0.0,0.13886666666666667,optimal
2021-02-10 14:00:00,42,2,1.1428571428571428,0.0,0.0,0.1418,optimal
2021-02-10 14:30:00,42,2,1.1428571428571428,0.0,0.0,0.07456666666666666,optimal
2021-02-10 15:00:00,42,2,1.1428571428571428,0.0,0.0,0.1999,optimal
2021-02-10 15:30:00,42,2,1.1428571428571428,0.0,0.0,0.069,optimal
2021-02-10 16:00:00,42,2,0.0,0.0,0.0,0.069,optimal
2021-02-10 16:30:00,42,2,0.0,0.0,0.0,0.08146666666666667,optimal
2021-02-10 17:00:00,42,2,0.0,0.0774074074074074,0.0,0.22603333333333334,optimal
2021-02-10 17:30:00,42,2,0.0,0.0,0.0,0.2072,optimal
2021-02-10 18:00:00,42,2,0.0,0.1548148148148148,0.0,1.0483333333333333,optimal
2021-02-10 18:30:00,42,2,0.0,0.1548148148148148,0.0,0.7635666666666667,optimal
2021-02-10 19:00:00,42,2,0.0,0.23222222222222222,0.0,0.3468333333333333,optimal
2021-02-10 19:30:00,42,2,0.5929974885269027,0.0,0.0,0.5322666666666667,optimal
2021-02-10 20:00:00,42,2,0.6460639392620917,0.0,0.0,0.4599666666666666,optimal
2021-02-10 20:30:00,42,2,0.0,0.387037037037037,0.0,0.3484333333333333,optimal
2021-02-10 21:00:00,42,2,0.0,0.1548148148148148,0.0,0.4819,optimal
2021-02-10 21:30:00,42,2,0.0,0.0,0.0,0.3572333333333333,optimal
2021-02-10 22:00:00,42,2,0.0,0.0,0.0,0.25843333333333335,optimal
2021-02-10 22:30:00,42,2,0.0,0.0,0.0,0.16433333333333333,optimal
2021-02-10 23:00:00,42,2,0.0,0.0,0.0,0.1562666666666667,optimal
2021-02-10 23:30:00,42,2,0.0,0.0,0.0,0.11486666666666666,optimal
2021-02-11 00:00:00,42,2,1.1428571428571428,0.0,0.0,0.042,optimal
2021-02-11 00:30:00,42,2,1.1428571428571428,0.0,0.0,0.042,optimal
2021-02-11 01:00:00,42,2,1.1428571428571428,0.0,0.0,0.048799999999999996,optimal
2021-02-11 01:30:00,42,2,1.1428571428571428,0.0,0.0,0.2029333333333333,optimal
2021-02-11 02:00:00,42,2,1.1428571428571428,0.0,0.0,0.10546666666666668,optimal
2021-02-11 02:30:00,42,2,1.1428571428571428,0.0,0.0,0.22333333333333327,optimal
2021-02-11 03:00:00,42,2,1.1428571428571428,0.0,0.0,0.09186666666666667,optimal
2021-02-11 03:30:00,42,2,1.1428571428571428,0.0,0.0,0.16440000000000002,optimal
2021-02-11 04:00:00,42,2,1.1428571428571428,0.0,0.0,0.08733333333333333,optimal
2021-02-11 04:30:00,42,2,1.1428571428571428,0.0,0.0,0.15306666666666666,optimal
2021-02-11 05:00:00,42,2,1.1428571428571428,0.0,0.0,0.14533333333333334,optimal
2021-02-11 05:30:00,42,2,1.1428571428571428,0.0,0.0,0.051,optimal
2021-02-11 06:00:00,42,2,1.1428571428571428,0.0,0.0,0.10546666666666668,optimal
2021-02-11 06:30:00,42,2,1.1428571428571428,0.0,0.0,0.2097333333333333,optimal
2021-02-11 07:00:00,42,2,1.1428571428571428,0.0,0.0,0.11453333333333332,optimal
2021-02-11 07:30:00,42,2,1.1428571428571428,2.0101448958416723,0.0,0.13266666666666665,optimal
2021-02-11 08:00:00,42,2,0.8834496465557771,0.0,0.0,0.11966666666666669,optimal
2021-02-11 08:30:00,42,2,0.9092952312826018,0.0,0.0,0.042,optimal
2021-02-11 09:00:00,42,2,0.7772074209035476,0.0,0.0,0.26639999999999997,optimal
2021-02-11 09:30:00,42,2,0.3552678936704139,0.46444444444444444,0.0,1.3711333333333335,optimal
2021-02-11 10:00:00,42,2,0.5075375045363846,0.1548148148148148,0.0,0.22566666666666663,optimal
2021-02-11 10:30:00,42,2,0.5233388910627107,0.8514814814814814,0.0,0.1972,optimal
2021-02-11 11:00:00,42,2,0.470191227938421,0.3096296296296296,0.0,0.1328,optimal
2021-02-11 11:30:00,42,2,0.40242044716145114,0.0,0.0,0.2512,optimal
2021-02-11 12:00:00,42,2,0.17741150937384456,0.3096296296296296,0.0,1.758,optimal
2021-02-11 12:30:00,42,2,0.16406159460524242,0.774074074074074,0.0,2.340533333333333,optimal
2021-02-11 13:00:00,42,2,1.1428571428571428,0.23222222222222222,0.0,1.1823666666666666,optimal
2021-02-11 13:30:00,42,2,1.1428571428571428,0.0,0.0,0.1216,optimal
2021-02-11 14:00:00,42,2,1.1428571428571428,0.0,0.0,0.41233333333333333,optimal
2021-02-11 14:30:00,42,2,1.1428571428571428,0.0,0.0,0.5514,optimal
2021-02-11 15:00:00,42,2,1.1428571428571428,0.0,7.872821661290624,0.3412,optimal
2021-02-11 15:30:00,42,2,1.1428571428571428,0.5418518518518518,0.0,0.5596,optimal
2021-02-11 16:00:00,42,2,0.0,0.3096296296296296,0.0,0.31,optimal
2021-02-11 16:30:00,42,2,0.0,0.23222222222222222,0.0,0.1424,optimal
2021-02-11 17:00:00,42,2,0.0,0.0,0.0,0.24106666666666662,optimal
2021-02-11 17:30:00,42,2,0.0,1.0837037037037036,0.0,0.2007333333333333,optimal
2021-02-11 18:00:00,42,2,0.0,0.0,0.0,0.3691333333333333,optimal
2021-02-11 18:30:00,42,2,0.0,0.23222222222222222,0.0,0.264,optimal
2021-02-11 19:00:00,42,2,0.0,0.46444444444444444,0.0,0.40686666666666665,optimal
2021-02-11 19:30:00,42,2,0.0,0.0774074074074074,0.0,0.27546666666666664,optimal
2021-02-11 20:00:00,42,2,0.8289845537450441,5.031481481481482,0.0,0.41186666666666666,optimal
2021-02-11 20:30:00,42,2,0.0,0.0,0.0,0.42586666666666667,optimal
2021-02-11 21:00:00,42,2,0.0,0.6966666666666667,0.0,0.37906666666666666,optimal
2021-02-11 21:30:00,42,2,0.0,0.0,0.0,0.3694666666666666,optimal
2021-02-11 22:00:00,42,2,0.0,0.0,0.0,0.1404,optimal
2021-02-11 22:30:00,42,2,0.0,0.0,0.0,0.12226666666666668,optimal
2021-02-11 23:00:00,42,2,0.0,0.0,0.0,0.12453333333333332,optimal
2021-02-11 23:30:00,42,2,0.0,0.0,0.0,0.2016,optimal
2021-02-12 00:00:00,42,2,1.1428571428571428,0.0,0.0,0.062,optimal
2021-02-12 00:30:00,42,2,1.1428571428571428,0.0,0.0,0.1859,optimal
2021-02-12 01:00:00,42,2,1.1428571428571428,0.0,0.0,0.0679,optimal
2021-02-12 01:30:00,42,2,1.1428571428571428,0.0,0.0,0.062,optimal
2021-02-12 02:00:00,42,2,1.1428571428571428,0.0,0.0,0.062,optimal
2021-02-12 02:30:00,42,2,1.1428571428571428,0.0,0.0,0.1623,optimal
2021-02-12 03:00:00,42,2,1.1428571428571428,0.0,0.0,0.0915,optimal
2021-02-12 03:30:00,42,2,1.1428571428571428,0.0,0.0,0.062,optimal
2021-02-12 04:00:00,42,2,1.1428571428571428,0.0,0.0,0.1918,optimal
2021-02-12 04:30:00,42,2,1.1428571428571428,0.0,0.0,0.062,optimal
2021-02-12 05:00:00,42,2,1.1428571428571428,0.0,0.0,0.1446,optimal
2021-02-12 05:30:00,42,2,1.1428571428571428,0.0,0.0,0.1092,optimal
2021-02-12 06:00:00,42,2,1.1428571428571428,1.5883999999999998,0.0,0.31589999999999996,optimal
2021-02-12 06:30:00,42,2,1.1428571428571428,0.6564148148148148,0.0,2.248266666666667,optimal
2021-02-12 07:00:00,42,2,1.1428571428571428,6.347407407407409,7.695021987233872,1.001,optimal
2021-02-12 07:30:00,42,2,1.1428571428571428,11.05153875346301,0.0,1.7442666666666669,optimal
2021-02-12 08:00:00,42,2,0.7745000386560665,2.2448148148148146,0.0,0.9132,optimal
2021-02-12 08:30:00,42,2,1.0049131992442009,0.0,0.0,0.072,optimal
2021-02-12 09:00:00,42,2,0.8462279290556167,0.0,0.0,0.0755,optimal
2021-02-12 09:30:00,42,2,0.5732945911574726,0.0774074074074074,0.0,3.451233333333333,optimal
2021-02-12 10:00:00,42,2,0.48799665317632923,0.0,0.0,0.7796333333333333,optimal
2021-02-12 10:30:00,42,2,0.410132236761954,0.0,0.0,2.0154666666666667,optimal
2021-02-12 11:00:00,42,2,0.3789386010432269,0.0,0.0,0.12976666666666667,optimal
2021-02-12 11:30:00,42,2,0.34438054899142606,0.0,0.0,0.2942333333333333,optimal
2021-02-12 12:00:00,42,2,0.3208545925251698,0.387037037037037,0.0,0.2887333333333333,optimal
2021-02-12 12:30:00,42,2,0.285825111901937,0.1548148148148148,0.0,2.0097,optimal
2021-02-12 13:00:00,42,2,0.5368856713618263,0.0,0.0,0.6624333333333333,optimal
2021-02-12 13:30:00,42,2,1.1428571428571428,0.774074074074074,0.0,3.6898,optimal
2021-02-12 14:00:00,42,2,1.1428571428571428,0.0,0.0,2.4634,optimal
2021-02-12 14:30:00,42,2,1.1428571428571428,0.0,0.0,1.5190666666666666,optimal
2021-02-12 15:00:00,42,2,1.1428571428571428,0.387037037037037,0.0,0.7949666666666667,optimal
2021-02-12 15:30:00,42,2,1.1428571428571428,0.0,0.0,2.179233333333333,optimal
2021-02-12 16:00:00,42,2,0.0,0.3096296296296296,0.0,0.6895,optimal
2021-02-12 16:30:00,42,2,0.0,0.0,0.0,2.8687666666666667,optimal
2021-02-12 17:00:00,42,2,0.0,0.0,0.0,4.698766666666667,optimal
2021-02-12 17:30:00,42,2,0.0,0.3096296296296296,0.0,0.3772,optimal
2021-02-12 18:00:00,42,2,0.0,0.23222222222222222,0.0,1.4585333333333332,optimal
2021-02-12 18:30:00,42,2,0.0,0.6192592592592592,0.0,1.7226333333333335,optimal
2021-02-12 19:00:00,42,2,0.0,0.0,0.0,0.40936666666666666,optimal
2021-02-12 19:30:00,42,2,0.0,0.46444444444444444,0.0,0.48033333333333333,optimal
2021-02-12 20:00:00,42,2,0.0,0.1548148148148148,0.0,0.22716666666666663,optimal
2021-02-12 20:30:00,42,2,0.0,0.0774074074074074,0.0,2.5088000000000004,optimal
2021-02-12 21:00:00,42,2,0.0,2.2448148148148146,0.0,0.5281666666666667,optimal
2021-02-12 21:30:00,42,2,0.0,0.0,0.0,0.5245333333333333,optimal
2021-02-12 22:00:00,42,2,0.0,0.387037037037037,0.0,1.1766666666666667,optimal
2021-02-12 22:30:00,42,2,0.0,0.3096296296296296,0.0,2.7346666666666666,optimal
2021-02-12 23:00:00,42,2,0.0,6.502222222222222,0.0,1.0537333333333332,optimal
2021-02-12 23:30:00,42,2,0.0,0.0,0.0,1.6919333333333333,optimal
2021-02-13 00:00:00,42,2,0.0,0.0,0.0,0.058,optimal
2021-02-13 00:30:00,42,2,0.0,0.0,0.0,0.21153333333333332,optimal
2021-02-13 01:00:00,42,2,0.3676734375643719,0.0,0.0,0.068,optimal
2021-02-13 01:30:00,42,2,1.1428571428571428,0.0,0.0,0.2507,optimal
2021-02-13 02:00:00,42,2,1.1428571428571428,0.0,0.0,0.09183333333333331,optimal
2021-02-13 02:30:00,42,2,1.1428571428571428,0.0,0.0,0.1693,optimal
2021-02-13 03:00:00,42,2,1.1428571428571428,0.0,0.0,0.19356666666666664,optimal
2021-02-13 03:30:00,42,2,1.1428571428571428,0.0,0.0,0.058,optimal
2021-02-13 04:00:00,42,2,1.1428571428571428,0.0,0.0,0.30426666666666663,optimal
2021-02-13 04:30:00,42,2,1.1428571428571428,0.0,0.0,0.1306,optimal
2021-02-13 05:00:00,42,2,1.1428571428571428,0.0,0.0,0.156,optimal
2021-02-13 05:30:00,42,2,1.1428571428571428,0.0,0.0,0.27886666666666665,optimal
2021-02-13 06:00:00,42,2,1.1428571428571428,0.0,1.5061998125619283,0.058,optimal
2021-02-13 06:30:00,42,2,1.1428571428571428,0.0,10.0,0.296,optimal
2021-02-13 07:00:00,42,2,1.1428571428571428,0.9288888888888889,10.0,0.27413333333333334,optimal
2021-02-13 07:30:00,42,2,1.1428571428571428,0.387037037037037,0.0,0.3515,optimal
2021-02-13 08:00:00,42,2,0.6523783884471394,0.1548148148148148,0.0,0.4649666666666666,optimal
2021-02-13 08:30:00,42,2,0.7066431935381957,0.0,0.0,0.32630000000000003,optimal
2021-02-13 09:00:00,42,2,0.533848588501281,5.418518518518519,0.0,0.5267999999999999,optimal
2021-02-13 09:30:00,42,2,0.4819630901470506,1.006296296296296,0.0,0.3401,optimal
2021-02-13 10:00:00,42,2,0.6659579618393436,0.0,0.0,0.19656666666666664,optimal
2021-02-13 10:30:00,42,2,0.6707522907399188,0.0,0.0,0.1723,optimal
2021-02-13 11:00:00,42,2,0.5459382755750287,0.0,0.0,0.18196666666666667,optimal
2021-02-13 11:30:00,42,2,0.9042780465218557,0.0,0.0,0.1889,optimal
2021-02-13 12:00:00,42,2,1.1428571428571428,0.0,0.0,0.068,optimal
2021-02-13 12:30:00,42,2,1.1428571428571428,0.0,0.0,0.3188666666666667,optimal
2021-02-13 13:00:00,42,2,1.1428571428571428,0.0,0.0,0.136,optimal
2021-02-13 13:30:00,42,2,1.1428571428571428,0.0,0.0,0.13566666666666666,optimal
2021-02-13 14:00:00,42,2,1.1428571428571428,0.0,0.0,0.3192,optimal
2021-02-13 14:30:00,42,2,1.1428571428571428,0.0,0.0,0.068,optimal
2021-02-13 15:00:00,42,2,1.1428571428571428,0.0,0.0,0.15596666666666667,optimal
2021-02-13 15:30:00,42,2,1.1428571428571428,0.0,0.0,0.22690000000000002,optimal
2021-02-13 16:00:00,42,2,0.0,0.0,0.0,0.104,optimal
2021-02-13 16:30:00,42,2,0.0,0.0,0.0,0.2528666666666667,optimal
2021-02-13 17:00:00,42,2,0.0,0.1548148148148148,0.0,0.3149666666666666,optimal
2021-02-13 17:30:00,42,2,0.0,0.0774074074074074,0.0,0.3532666666666667,optimal
2021-02-13 18:00:00,42,2,0.0,0.23222222222222222,0.0,0.2901666666666667,optimal
2021-02-13 18:30:00,42,2,0.0,0.0,0.0,0.23366666666666663,optimal
2021-02-13 19:00:00,42,2,0.0,0.0,0.0,0.2868,optimal
2021-02-13 19:30:00,42,2,0.763294760942945,0.0,0.0,0.29793333333333333,optimal
2021-02-13 20:00:00,42,2,0.8213156269513039,0.0,0.0,0.21686666666666668,optimal
2021-02-13 20:30:00,42,2,0.0,0.0,0.0,0.12,optimal
2021-02-13 21:00:00,42,2,0.0,0.0774074074074074,0.0,0.5589,optimal
2021-02-13 21:30:00,42,2,0.0,0.0,0.0,0.3565,optimal
2021-02-13 22:00:00,42,2,0.0,0.0774074074074074,0.0,0.2646,optimal
2021-02-13 22:30:00,42,2,0.0,0.0,0.0,0.5501666666666666,optimal
2021-02-13 23:00:00,42,2,0.0,0.0,0.0,0.31439999999999996,optimal
2021-02-13 23:30:00,42,2,0.0,0.0,0.0,0.49410000000000004,optimal
2021-02-07 00:00:00,43,2,0.0,0.0,0.0,0.062,optimal
2021-02-07 00:30:00,43,2,0.0,0.0,0.0,0.062,optimal
2021-02-07 01:00:00,43,2,0.0,0.0,0.0,0.062,optimal
2021-02-07 01:30:00,43,2,0.0,0.0,0.0,0.062,optimal
2021-02-07 02:00:00,43,2,0.0,0.0,0.0,0.062,optimal
2021-02-07 02:30:00,43,2,0.0,0.0,0.0,0.062,optimal
2021-02-07 03:00:00,43,2,0.0,0.0,0.0,0.062,optimal
2021-02-07 03:30:00,43,2,0.0,0.0,0.0,0.062,optimal
2021-02-07 04:00:00,43,2,1.1428571428571428,0.0,0.0,0.062,optimal
2021-02-07 04:30:00,43,2,1.1428571428571428,0.0,0.0,0.062,optimal
2021-02-07 05:00:00,43,2,1.1428571428571428,0.0,0.0,0.062,optimal
2021-02-07 05:30:00,43,2,1.1428571428571428,0.0,0.0,0.062,optimal
2021-02-07 06:00:00,43,2,1.1428571428571428,0.0,0.0,0.062,optimal
2021-02-07 06:30:00,43,2,1.1428571428571428,0.0,0.0,0.062,optimal
2021-02-07 07:00:00,43,2,1.1428571428571428,0.0,0.0,0.062,optimal
2021-02-07 07:30:00,43,2,0.5492547854223779,2.5544444444444445,0.0,0.06066666666666666,optimal
2021-02-07 08:00:00,43,2,0.7111060122043792,1.0480962962962963,0.0,0.1113,optimal
2021-02-07 08:30:00,43,2,0.6075497785418803,0.19042222222222224,0.0,0.2899,optimal
2021-02-07 09:00:00,43,2,0.6011359470016984,0.5418518518518518,0.0,0.13503333333333334,optimal
2021-02-07 09:30:00,43,2,0.38596170447370276,0.5418518518518518,0.0,1.7104333333333335,optimal
2021-02-07 10:00:00,43,2,0.4519377183106938,0.23222222222222222,0.0,1.5351666666666668,optimal
2021-02-07 10:30:00,43,2,0.508346203366664,0.0774074074074074,0.0,0.8731666666666666,optimal
2021-02-07 11:00:00,43,2,0.4730347693335216,0.0774074074074074,0.0,0.3318333333333333,optimal
2021-02-07 11:30:00,43,2,0.5057204836192319,0.0,0.0,0.2174333333333333,optimal
2021-02-07 12:00:00,43,2,0.47132642149924425,0.1548148148148148,0.0,0.231,optimal
2021-02-07 12:30:00,43,2,0.8415485060205918,0.0,0.0,0.31826666666666664,optimal
2021-02-07 13:00:00,43,2,1.1428571428571428,0.0,0.0,0.3813333333333333,optimal
2021-02-07 13:30:00,43,2,1.1428571428571428,0.5418518518518518,0.0,0.3736333333333333,optimal
2021-02-07 14:00:00,43,2,1.1428571428571428,0.1548148148148148,2.8898658055358415,0.368,optimal
2021-02-07 14:30:00,43,2,1.1428571428571428,0.0,0.0,0.23133333333333328,optimal
2021-02-07 15:00:00,43,2,1.1428571428571428,2.941481481481482,0.0,0.18106666666666663,optimal
2021-02-07 15:30:00,43,2,1.1428571428571428,0.1548148148148148,0.0,1.6809,optimal
2021-02-07 16:00:00,43,2,0.0,0.46444444444444444,0.0,0.14666666666666667,optimal
2021-02-07 16:30:00,43,2,0.0,0.3096296296296296,0.0,0.15380000000000002,optimal
2021-02-07 17:00:00,43,2,0.0,0.387037037037037,0.0,0.17643333333333333,optimal
2021-02-07 17:30:00,43,2,0.0,0.0774074074074074,0.0,0.1989,optimal
2021-02-07 18:00:00,43,2,0.0,0.1548148148148148,0.0,0.3098666666666667,optimal
2021-02-07 18:30:00,43,2,0.0,0.0,0.0,0.11066666666666669,optimal
2021-02-07 19:00:00,43,2,0.0,0.23222222222222222,0.0,0.14546666666666666,optimal
2021-02-07 19:30:00,43,2,0.5676756223864942,0.46444444444444444,0.0,0.10966666666666669,optimal
2021-02-07 20:00:00,43,2,0.6268946700055351,0.0,0.0,0.108,optimal
2021-02-07 20:30:00,43,2,0.0,0.387037037037037,0.0,0.5017333333333334,optimal
2021-02-07 21:00:00,43,2,0.0,0.0,0.0,1.4580333333333333,optimal
2021-02-07 21:30:00,43,2,0.0,0.1548148148148148,0.0,0.4386333333333333,optimal
2021-02-07 22:00:00,43,2,0.0,1.8577777777777778,0.0,0.31593333333333334,optimal
2021-02-07 22:30:00,43,2,0.0,0.0,0.0,0.30196666666666666,optimal
2021-02-07 23:00:00,43,2,0.0,0.0,0.0,0.1748,optimal
2021-02-07 23:30:00,43,2,0.0,0.0,0.0,0.072,optimal
2021-02-08 00:00:00,43,2,0.0,0.0,0.0,0.056,optimal
2021-02-08 00:30:00,43,2,0.0,0.0,0.0,0.056,optimal
2021-02-08 01:00:00,43,2,0.25763156436567114,0.0,0.0,0.056,optimal
2021-02-08 01:30:00,43,2,1.1428571428571428,0.0,0.0,0.056,optimal
2021-02-08 02:00:00,43,2,1.1428571428571428,0.0,0.0,0.056,optimal
2021-02-08 02:30:00,43,2,1.1428571428571428,0.0,0.0,0.056,optimal
2021-02-08 03:00:00,43,2,1.1428571428571428,0.0,0.0,0.06266666666666666,optimal
2021-02-08 03:30:00,43,2,1.1428571428571428,0.0,0.0,0.056,optimal
2021-02-08 04:00:00,43,2,1.1428571428571428,0.0,0.0,0.056,optimal
2021-02-08 04:30:00,43,2,1.1428571428571428,0.0,0.0,0.056,optimal
2021-02-08 05:00:00,43,2,1.1428571428571428,0.0,0.0,0.056,optimal
2021-02-08 05:30:00,43,2,1.1428571428571428,0.0,4.843463682760845,0.056,optimal
2021-02-08 06:00:00,43,2,1.1428571428571428,0.0,10.0,0.05633333333333333,optimal
2021-02-08 06:30:00,43,2,1.1428571428571428,0.0,10.0,0.06533333333333333,optimal
2021-02-08 07:00:00,43,2,1.1428571428571428,0.0,10.0,0.056,optimal
2021-02-08 07:30:00,43,2,1.1428571428571428,0.46444444444444444,0.0,0.09816666666666668,optimal
2021-02-08 08:00:00,43,2,0.6594578718297076,0.387037037037037,0.0,0.07066666666666667,optimal
2021-02-08 08:30:00,43,2,0.574659690219022,0.0,0.0,0.30710000000000004,optimal
2021-02-08 09:00:00,43,2,0.48317951510358687,2.39962962962963,0.0,0.5091666666666667,optimal
2021-02-08 09:30:00,43,2,0.292772025614864,0.0774074074074074,0.0,1.331233333333333,optimal
2021-02-08 10:00:00,43,2,0.4458931768648345,0.0,0.0,0.32153333333333334,optimal
2021-02-08 10:30:00,43,2,0.44781495206784383,2.1674074074074072,0.0,0.33726666666666666,optimal
2021-02-08 11:00:00,43,2,0.3425001241139513,0.0774074074074074,0.0,1.0746333333333333,optimal
2021-02-08 11:30:00,43,2,0.31076211524844904,0.23222222222222222,0.0,0.5797,optimal
2021-02-08 12:00:00,43,2,0.3698471215787649,0.23222222222222222,0.0,0.3285666666666667,optimal
2021-02-08 12:30:00,43,2,0.3616132746918633,0.23222222222222222,0.0,0.329,optimal
2021-02-08 13:00:00,43,2,1.1428571428571428,0.0,0.0,0.25303333333333333,optimal
2021-02-08 13:30:00,43,2,1.1428571428571428,0.0,0.0,0.40026666666666666,optimal
2021-02-08 14:00:00,43,2,1.1428571428571428,0.0,0.0,0.064,optimal
2021-02-08 14:30:00,43,2,1.1428571428571428,0.0,0.0,0.30319999999999997,optimal
2021-02-08 15:00:00,43,2,1.1428571428571428,0.3096296296296296,0.0,0.134,optimal
2021-02-08 15:30:00,43,2,1.1428571428571428,0.0,0.0,0.38916666666666666,optimal
2021-02-08 16:00:00,43,2,0.0,0.387037037037037,0.0,1.2437,optimal
2021-02-08 16:30:00,43,2,0.0,0.46444444444444444,0.0,0.18716666666666662,optimal
2021-02-08 17:00:00,43,2,0.0,0.387037037037037,0.0,0.22583333333333327,optimal
2021-02-08 17:30:00,43,2,0.0,0.3096296296296296,0.0,0.3531666666666667,optimal
2021-02-08 18:00:00,43,2,0.0,0.0,0.0,0.22326666666666667,optimal
2021-02-08 18:30:00,43,2,0.0,0.0,0.0,0.14843333333333333,optimal
2021-02-08 19:00:00,43,2,0.0,0.0,0.0,0.066,optimal
2021-02-08 19:30:00,43,2,0.8236364474909516,0.0,0.0,0.066,optimal
2021-02-08 20:00:00,43,2,0.8300534607892041,0.0,0.0,0.066,optimal
2021-02-08 20:30:00,43,2,0.0,0.0,0.0,0.066,optimal
2021-02-08 21:00:00,43,2,0.0,0.0,0.0,0.066,optimal
2021-02-08 21:30:00,43,2,0.0,0.0,0.0,0.066,optimal
2021-02-08 22:00:00,43,2,0.0,0.0,0.0,0.066,optimal
2021-02-08 22:30:00,43,2,0.0,0.0,0.0,0.066,optimal
2021-02-08 23:00:00,43,2,0.0,0.0,0.0,0.066,optimal
2021-02-08 23:30:00,43,2,0.0,0.0,0.0,0.06233333333333334,optimal
2021-02-09 00:00:00,43,2,0.0,0.0,0.0,0.067,optimal
2021-02-09 00:30:00,43,2,0.42560455764837585,0.0,0.0,0.15006666666666665,optimal
2021-02-09 01:00:00,43,2,1.1428571428571428,0.0,0.0,0.11446666666666669,optimal
2021-02-09 01:30:00,43,2,1.1428571428571428,0.0,0.0,0.067,optimal
2021-02-09 02:00:00,43,2,1.1428571428571428,0.0,0.0,0.19753333333333334,optimal
2021-02-09 02:30:00,43,2,1.1428571428571428,0.0,0.0,0.067,optimal
2021-02-09 03:00:00,43,2,1.1428571428571428,0.0,0.0,0.11446666666666669,optimal
2021-02-09 03:30:00,43,2,1.1428571428571428,0.0,0.0,0.15006666666666665,optimal
2021-02-09 04:00:00,43,2,1.1428571428571428,0.0,0.0,0.067,optimal
2021-02-09 04:30:00,43,2,1.1428571428571428,0.0,0.0,0.20586666666666667,optimal
2021-02-09 05:00:00,43,2,1.1428571428571428,0.0,0.0,0.06866666666666667,optimal
2021-02-09 05:30:00,43,2,1.1428571428571428,0.0,0.0,0.067,optimal
2021-02-09 06:00:00,43,2,1.1428571428571428,0.0,0.0,0.19753333333333334,optimal
2021-02-09 06:30:00,43,2,1.1428571428571428,0.0,0.06938257218922074,0.07533333333333334,optimal
2021-02-09 07:00:00,43,2,1.1428571428571428,0.0,10.0,0.07566666666666667,optimal
2021-02-09 07:30:00,43,2,1.1428571428571428,0.1548148148148148,0.0,0.28313333333333335,optimal
2021-02-09 08:00:00,43,2,0.8269885230477773,0.0,0.0,0.12633333333333333,optimal
2021-02-09 08:30:00,43,2,0.8375238907019132,0.0,0.0,0.073,optimal
2021-02-09 09:00:00,43,2,0.7496376041587269,0.0,0.0,0.1597333333333333,optimal
2021-02-09 09:30:00,43,2,0.7469750061336551,0.0,0.0,0.11446666666666669,optimal
2021-02-09 10:00:00,43,2,0.6488856025272945,0.0,0.0,0.067,optimal
2021-02-09 10:30:00,43,2,0.6178477232206897,0.0,0.0,0.14186666666666667,optimal
2021-02-09 11:00:00,43,2,0.5183877346962087,0.0,0.0,0.13533333333333333,optimal
2021-02-09 11:30:00,43,2,0.5332011112158426,0.0,0.0,0.067,optimal
2021-02-09 12:00:00,43,2,0.4293690895556851,0.0,0.0,0.19753333333333334,optimal
2021-02-09 12:30:00,43,2,1.0300632902441968,0.0,0.0,0.067,optimal
2021-02-09 13:00:00,43,2,1.1428571428571428,0.0,0.0,0.067,optimal
2021-02-09 13:30:00,43,2,1.1428571428571428,0.0,0.0,0.1738,optimal
2021-02-09 14:00:00,43,2,1.1428571428571428,0.0,0.0,0.09873333333333333,optimal
2021-02-09 14:30:00,43,2,1.1428571428571428,0.0,0.0,0.077,optimal
2021-02-09 15:00:00,43,2,1.1428571428571428,0.0,0.0,0.20753333333333332,optimal
2021-02-09 15:30:00,43,2,1.1428571428571428,0.0,0.0,0.077,optimal
2021-02-09 16:00:00,43,2,0.0,0.0,0.0,0.18973333333333328,optimal
2021-02-09 16:30:00,43,2,0.0,0.0,0.0,0.0948,optimal
2021-02-09 17:00:00,43,2,0.0,0.3096296296296296,0.0,1.2384000000000002,optimal
2021-02-09 17:30:00,43,2,0.0,0.3096296296296296,0.0,1.1953,optimal
2021-02-09 18:00:00,43,2,0.0,0.6192592592592592,0.0,0.3686333333333333,optimal
2021-02-09 18:30:00,43,2,0.0,0.0,0.0,0.45156666666666667,optimal
2021-02-09 19:00:00,43,2,0.0,0.0,0.0,0.7076333333333333,optimal
2021-02-09 19:30:00,43,2,0.4178253212236163,0.1548148148148148,0.0,2.7891999999999997,optimal
2021-02-09 20:00:00,43,2,0.4321624640807495,0.0,0.0,2.6223,optimal
2021-02-09 20:30:00,43,2,0.0,0.3096296296296296,0.0,1.7242,optimal
2021-02-09 21:00:00,43,2,0.0,0.0774074074074074,0.0,0.5515,optimal
2021-02-09 21:30:00,43,2,0.0,0.0,0.0,1.4438333333333333,optimal
2021-02-09 22:00:00,43,2,0.0,0.0,0.0,1.1672,optimal
2021-02-09 22:30:00,43,2,0.0,2.012592592592592,0.0,1.0880333333333334,optimal
2021-02-09 23:00:00,43,2,0.0,0.0,0.0,2.576,optimal
2021-02-09 23:30:00,43,2,0.0,0.0,0.0,1.7548666666666666,optimal
2021-02-10 00:00:00,43,2,0.0,0.0,0.0,0.062,optimal
2021-02-10 00:30:00,43,2,0.0,0.0,0.0,0.062,optimal
2021-02-10 01:00:00,43,2,0.2525542627004129,0.3096296296296296,0.0,0.20626666666666668,optimal
2021-02-10 01:30:00,43,2,1.1428571428571428,0.0,0.0,0.235,optimal
2021-02-10 02:00:00,43,2,1.1428571428571428,0.0,0.0,0.08059999999999999,optimal
2021-02-10 02:30:00,43,2,1.1428571428571428,0.0,0.0,0.17980000000000002,optimal
2021-02-10 03:00:00,43,2,1.1428571428571428,0.0,0.0,0.062,optimal
2021-02-10 03:30:00,43,2,1.1428571428571428,0.0,0.0,0.1736,optimal
2021-02-10 04:00:00,43,2,1.1428571428571428,0.0,0.0,0.0868,optimal
2021-02-10 04:30:00,43,2,1.1428571428571428,0.0,0.0,0.15666666666666665,optimal
2021-02-10 05:00:00,43,2,1.1428571428571428,0.0,0.0,0.062,optimal
2021-02-10 05:30:00,43,2,1.1428571428571428,0.0,0.0,0.11159999999999999,optimal
2021-02-10 06:00:00,43,2,1.1428571428571428,0.0,0.0,0.14880000000000002,optimal
2021-02-10 06:30:00,43,2,1.1428571428571428,0.0,0.0,0.062,optimal
2021-02-10 07:00:00,43,2,1.1428571428571428,0.23222222222222222,0.0,0.15333333333333335,optimal
2021-02-10 07:30:00,43,2,1.1428571428571428,2.0899999999999994,0.0,0.26366666666666666,optimal
2021-02-10 08:00:00,43,2,0.6684188234015924,0.1548148148148148,0.0,0.2784,optimal
2021-02-10 08:30:00,43,2,0.3727370913848709,0.46444444444444444,0.0,2.1489000000000003,optimal
2021-02-10 09:00:00,43,2,0.5880709135693225,0.3096296296296296,0.0,0.3242,optimal
2021-02-10 09:30:00,43,2,0.5525053720288069,0.387037037037037,0.0,0.906,optimal
2021-02-10 10:00:00,43,2,0.3678853017469921,0.387037037037037,0.0,0.9432,optimal
2021-02-10 10:30:00,43,2,0.29312352654397444,0.387037037037037,0.0,1.3040999999999998,optimal
2021-02-10 11:00:00,43,2,0.29400515978480046,0.387037037037037,0.0,1.7394,optimal
2021-02-10 11:30:00,43,2,0.36158619853835045,0.0774074074074074,0.0,1.0654666666666668,optimal
2021-02-10 12:00:00,43,2,0.2436595834420301,0.0774074074074074,0.0,0.4248,optimal
2021-02-10 12:30:00,43,2,0.2587738691563148,0.23222222222222222,0.0,0.3448,optimal
2021-02-10 13:00:00,43,2,1.1428571428571428,0.0,0.0,0.207,optimal
2021-02-10 13:30:00,43,2,1.1428571428571428,0.0,0.0,0.3648666666666667,optimal
2021-02-10 14:00:00,43,2,1.1428571428571428,0.0,9.638659800809071,0.4501,optimal
2021-02-10 14:30:00,43,2,1.1428571428571428,0.0774074074074074,10.0,0.45126666666666665,optimal
2021-02-10 15:00:00,43,2,1.1428571428571428,0.46444444444444444,0.0,0.21686666666666668,optimal
2021-02-10 15:30:00,43,2,1.1428571428571428,0.1548148148148148,0.0,0.19786666666666666,optimal
2021-02-10 16:00:00,43,2,0.0,0.0,0.0,0.11093333333333334,optimal
2021-02-10 16:30:00,43,2,0.0,0.0,0.0,0.072,optimal
2021-02-10 17:00:00,43,2,0.0,0.0,0.0,0.5092,optimal
2021-02-10 17:30:00,43,2,0.0,0.387037037037037,0.0,1.4646666666666668,optimal
2021-02-10 18:00:00,43,2,0.0,0.6192592592592592,0.0,0.4601,optimal
2021-02-10 18:30:00,43,2,0.0,1.026422222222222,0.0,0.22953333333333334,optimal
2021-02-10 19:00:00,43,2,0.0,1.063577777777778,0.0,0.5287000000000001,optimal
2021-02-10 19:30:00,43,2,0.46442736973032345,0.0,0.0,0.43910000000000005,optimal
2021-02-10 20:00:00,43,2,0.7403306059287486,0.23222222222222222,0.0,0.25353333333333333,optimal
2021-02-10 20:30:00,43,2,0.0,0.0,0.0,0.2919333333333333,optimal
2021-02-10 21:00:00,43,2,0.0,0.1548148148148148,0.0,0.30639999999999995,optimal
2021-02-10 21:30:00,43,2,0.0,0.0,0.0,0.125,optimal
2021-02-10 22:00:00,43,2,0.0,0.0,0.0,0.6022666666666666,optimal
2021-02-10 22:30:00,43,2,0.0,0.23222222222222222,0.0,0.5645,optimal
2021-02-10 23:00:00,43,2,0.0,0.0,0.0,0.229,optimal
2021-02-10 23:30:00,43,2,0.0,0.0,0.0,1.5849000000000002,optimal
2021-02-11 00:00:00,43,2,1.1428571428571428,0.0,0.0,0.06533333333333333,optimal
2021-02-11 00:30:00,43,2,1.1428571428571428,0.0,0.0,0.066,optimal
2021-02-11 01:00:00,43,2,1.1428571428571428,0.0,0.0,0.1036,optimal
2021-02-11 01:30:00,43,2,1.1428571428571428,0.0,0.0,0.11466666666666668,optimal
2021-02-11 02:00:00,43,2,1.1428571428571428,0.0,0.0,0.25366666666666665,optimal
2021-02-11 02:30:00,43,2,1.1428571428571428,0.0,0.0,0.06913333333333334,optimal
2021-02-11 03:00:00,43,2,1.1428571428571428,0.0,0.0,0.2584666666666666,optimal
2021-02-11 03:30:00,43,2,1.1428571428571428,0.0,0.0,0.0942,optimal
2021-02-11 04:00:00,43,2,1.1428571428571428,0.0,0.0,0.066,optimal
2021-02-11 04:30:00,43,2,1.1428571428571428,0.0,0.0,0.16306666666666667,optimal
2021-02-11 05:00:00,43,2,1.1428571428571428,0.0,0.0,0.15826666666666667,optimal
2021-02-11 05:30:00,43,2,1.1428571428571428,0.0,0.0,0.09733333333333331,optimal
2021-02-11 06:00:00,43,2,1.1428571428571428,0.0,2.3873001051105662,0.066,optimal
2021-02-11 06:30:00,43,2,1.1428571428571428,0.0,10.0,0.2866666666666667,optimal
2021-02-11 07:00:00,43,2,1.1428571428571428,0.0,10.0,0.065,optimal
2021-02-11 07:30:00,43,2,1.1428571428571428,1.7886920677109004,0.0,0.1546,optimal
2021-02-11 08:00:00,43,2,0.7394496465557739,0.3096296296296296,0.0,0.185,optimal
2021-02-11 08:30:00,43,2,0.7323428503302121,0.0,0.0,0.35633333333333334,optimal
2021-02-11 09:00:00,43,2,0.6380550399511603,0.23222222222222222,0.0,0.9412333333333333,optimal
2021-02-11 09:30:00,43,2,0.5771155127180375,0.0,0.0,1.4862666666666668,optimal
2021-02-11 10:00:00,43,2,0.456550837869709,0.0,0.0,0.8781333333333333,optimal
2021-02-11 10:30:00,43,2,0.26457508153890424,0.0,0.0,1.1438666666666666,optimal
2021-02-11 11:00:00,43,2,0.27991694222413244,0.23222222222222222,0.0,0.6994666666666667,optimal
2021-02-11 11:30:00,43,2,0.2804585423995473,0.0,0.0,0.411,optimal
2021-02-11 12:00:00,43,2,0.20129722365956326,0.0,0.0,0.31606666666666666,optimal
2021-02-11 12:30:00,43,2,0.7353948049737358,0.0,0.0,1.3364666666666667,optimal
2021-02-11 13:00:00,43,2,1.1428571428571428,0.46444444444444444,0.0,1.6001666666666667,optimal
2021-02-11 13:30:00,43,2,1.1428571428571428,0.0,0.0,0.3838666666666667,optimal
2021-02-11 14:00:00,43,2,1.1428571428571428,0.0,0.0,0.2966666666666667,optimal
2021-02-11 14:30:00,43,2,1.1428571428571428,0.0,0.0,0.076,optimal
2021-02-11 15:00:00,43,2,1.1428571428571428,0.0,0.0,0.6573333333333333,optimal
2021-02-11 15:30:00,43,2,1.1428571428571428,0.0,0.0,0.226,optimal
2021-02-11 16:00:00,43,2,0.0,0.0774074074074074,0.0,0.35846666666666666,optimal
2021-02-11 16:30:00,43,2,0.0,0.0,0.0,0.1372,optimal
2021-02-11 17:00:00,43,2,0.0,0.0,0.0,0.09166666666666669,optimal
2021-02-11 17:30:00,43,2,0.0,0.1548148148148148,0.0,0.257,optimal
2021-02-11 18:00:00,43,2,0.0,0.0774074074074074,0.0,0.5291,optimal
2021-02-11 18:30:00,43,2,0.0,0.0,0.0,1.3849,optimal
2021-02-11 19:00:00,43,2,0.0,0.23222222222222222,0.0,0.49676666666666663,optimal
2021-02-11 19:30:00,43,2,0.8764614390216353,0.6966666666666667,0.0,0.346,optimal
2021-02-11 20:00:00,43,2,0.6889140813741987,2.0899999999999994,0.0,1.0967333333333331,optimal
2021-02-11 20:30:00,43,2,0.0,0.0,0.0,0.9112666666666668,optimal
2021-02-11 21:00:00,43,2,0.0,0.0,0.0,0.2443333333333333,optimal
2021-02-11 21:30:00,43,2,0.0,0.23222222222222222,0.0,0.4313666666666667,optimal
2021-02-11 22:00:00,43,2,0.0,0.3096296296296296,0.0,0.25053333333333333,optimal
2021-02-11 22:30:00,43,2,0.0,0.1548148148148148,0.0,0.5288333333333334,optimal
2021-02-11 23:00:00,43,2,0.0,0.0,0.0,0.26026666666666665,optimal
2021-02-11 23:30:00,43,2,0.0,0.0,0.0,0.12926666666666667,optimal
2021-02-12 00:00:00,43,2,1.1428571428571428,0.0,0.0,0.052,optimal
2021-02-12 00:30:00,43,2,1.1428571428571428,0.0,0.0,0.052,optimal
2021-02-12 01:00:00,43,2,1.1428571428571428,0.0,0.0,0.052,optimal
2021-02-12 01:30:00,43,2,1.1428571428571428,0.0,0.0,0.168,optimal
2021-02-12 02:00:00,43,2,1.1428571428571428,0.0,0.0,0.052,optimal
2021-02-12 02:30:00,43,2,1.1428571428571428,0.0,0.0,0.052,optimal
2021-02-12 03:00:00,43,2,1.1428571428571428,0.0,0.0,0.168,optimal
2021-02-12 03:30:00,43,2,1.1428571428571428,0.0,0.0,0.052,optimal
2021-02-12 04:00:00,43,2,1.1428571428571428,0.0,0.0,0.052,optimal
2021-02-12 04:30:00,43,2,1.1428571428571428,0.0,0.0,0.052,optimal
2021-02-12 05:00:00,43,2,1.1428571428571428,0.0,0.0,0.052,optimal
2021-02-12 05:30:00,43,2,1.1428571428571428,0.0,0.0,0.0752,optimal
2021-02-12 06:00:00,43,2,1.1428571428571428,0.0,0.0,0.15180000000000002,optimal
2021-02-12 06:30:00,43,2,1.1428571428571428,0.0,3.008064215276025,0.062,optimal
2021-02-12 07:00:00,43,2,1.1428571428571428,0.387037037037037,10.0,0.248,optimal
2021-02-12 07:30:00,43,2,1.1428571428571428,7.578643837278483,0.0,0.10840000000000001,optimal
2021-02-12 08:00:00,43,2,0.8428752767513064,0.387037037037037,0.0,0.2154,optimal
2021-02-12 08:30:00,43,2,0.9367322468632546,0.0,0.0,0.05733333333333333,optimal
2021-02-12 09:00:00,43,2,0.9041517385794212,0.0,0.0,0.171,optimal
2021-02-12 09:30:00,43,2,0.8431784006812805,0.0,0.0,0.052,optimal
2021-02-12 10:00:00,43,2,0.6358109388906185,0.0,0.0,0.052,optimal
2021-02-12 10:30:00,43,2,0.6137274748571827,0.0,0.0,0.0694,optimal
2021-02-12 11:00:00,43,2,0.47792907723369454,0.0,0.0,0.15059999999999998,optimal
2021-02-12 11:30:00,43,2,0.5039615013723764,0.0,0.0,0.052,optimal
2021-02-12 12:00:00,43,2,0.4331498306203994,0.0,0.0,0.168,optimal
2021-02-12 12:30:00,43,2,0.464153683330514,0.0,0.0,0.052,optimal
2021-02-12 13:00:00,43,2,1.1428571428571428,0.0,0.0,0.052,optimal
2021-02-12 13:30:00,43,2,1.1428571428571428,0.0,0.0,0.168,optimal
2021-02-12 14:00:00,43,2,1.1428571428571428,0.0,0.0,0.052,optimal
2021-02-12 14:30:00,43,2,1.1428571428571428,0.0,0.0,0.13466666666666666,optimal
2021-02-12 15:00:00,43,2,1.1428571428571428,0.0,0.0,0.214,optimal
2021-02-12 15:30:00,43,2,1.1428571428571428,0.0,0.0,0.3097333333333333,optimal
2021-02-12 16:00:00,43,2,0.0,0.1548148148148148,0.0,0.5012,optimal
2021-02-12 16:30:00,43,2,0.0,0.0,0.0,0.4116666666666667,optimal
2021-02-12 17:00:00,43,2,0.0,0.0,0.0,0.6048,optimal
2021-02-12 17:30:00,43,2,0.0,0.0,0.0,1.1022,optimal
2021-02-12 18:00:00,43,2,0.0,2.3222222222222215,0.0,0.5047,optimal
2021-02-12 18:30:00,43,2,0.0,0.23222222222222222,0.0,0.8047000000000001,optimal
2021-02-12 19:00:00,43,2,0.0,3.4833333333333325,0.0,1.2203333333333333,optimal
2021-02-12 19:30:00,43,2,0.05752859673365642,0.23222222222222222,0.0,0.5961000000000001,optimal
2021-02-12 20:00:00,43,2,0.6408813412370117,0.0774074074074074,0.0,0.3811333333333333,optimal
2021-02-12 20:30:00,43,2,0.0,0.5418518518518518,0.0,0.5115,optimal
2021-02-12 21:00:00,43,2,0.0,0.0,0.0,0.2869,optimal
2021-02-12 21:30:00,43,2,0.0,0.0,0.0,0.4613333333333333,optimal
2021-02-12 22:00:00,43,2,0.0,0.0,0.0,0.062,optimal
2021-02-12 22:30:00,43,2,0.0,0.0,0.0,0.1026,optimal
2021-02-12 23:00:00,43,2,0.0,0.0,0.0,0.1374,optimal
2021-02-12 23:30:00,43,2,0.0,0.0,0.0,0.062,optimal
2021-02-13 00:00:00,43,2,0.0,0.0,0.0,0.061,optimal
2021-02-13 00:30:00,43,2,0.13651780023278837,0.0,0.0,0.061,optimal
2021-02-13 01:00:00,43,2,1.1428571428571428,0.0,0.0,0.16866666666666666,optimal
2021-02-13 01:30:00,43,2,1.1428571428571428,0.0,0.0,0.1411,optimal
2021-02-13 02:00:00,43,2,1.1428571428571428,0.0,0.0,0.23863333333333334,optimal
2021-02-13 02:30:00,43,2,1.1428571428571428,0.0,0.0,0.14033333333333334,optimal
2021-02-13 03:00:00,43,2,1.1428571428571428,0.0,0.0,0.2790666666666667,optimal
2021-02-13 03:30:00,43,2,1.1428571428571428,0.0,0.0,0.061,optimal
2021-02-13 04:00:00,43,2,1.1428571428571428,0.0,0.0,0.16653333333333334,optimal
2021-02-13 04:30:00,43,2,1.1428571428571428,0.0,0.0,0.2381,optimal
2021-02-13 05:00:00,43,2,1.1428571428571428,0.0,0.0,0.10976666666666668,optimal
2021-02-13 05:30:00,43,2,1.1428571428571428,0.0,0.0,0.18166666666666662,optimal
2021-02-13 06:00:00,43,2,1.1428571428571428,0.0,0.0,0.12813333333333332,optimal
2021-02-13 06:30:00,43,2,1.1428571428571428,0.0,0.0,0.061,optimal
2021-02-13 07:00:00,43,2,1.1428571428571428,0.0,7.4868136985886,0.08573333333333333,optimal
2021-02-13 07:30:00,43,2,1.1428571428571428,0.0,0.0,0.3676666666666667,optimal
2021-02-13 08:00:00,43,2,0.7981117217804722,0.23222222222222222,0.0,0.07246666666666667,optimal
2021-02-13 08:30:00,43,2,0.769087003062002,0.5418518518518518,0.0,0.11833333333333332,optimal
2021-02-13 09:00:00,43,2,0.6359914456441317,0.46444444444444444,0.0,0.16826666666666668,optimal
2021-02-13 09:30:00,43,2,0.5879916615756228,0.0,0.0,0.3023333333333333,optimal
2021-02-13 10:00:00,43,2,0.5919484380298211,0.23222222222222222,0.0,0.12146666666666668,optimal
2021-02-13 10:30:00,43,2,0.5493427669303977,0.0,0.0,0.2945,optimal
2021-02-13 11:00:00,43,2,0.3054430374797953,0.0,0.0,0.5772999999999999,optimal
2021-02-13 11:30:00,43,2,0.2551611759041881,0.0,0.0,0.431,optimal
2021-02-13 12:00:00,43,2,0.25448296956821576,0.0,0.0,0.44889999999999997,optimal
2021-02-13 12:30:00,43,2,0.3588049607027209,0.46444444444444444,0.0,0.1174,optimal
2021-02-13 13:00:00,43,2,1.1428571428571428,0.0,0.0,1.5857,optimal
2021-02-13 13:30:00,43,2,1.1428571428571428,0.1548148148148148,0.0,0.29553333333333337,optimal
2021-02-13 14:00:00,43,2,1.1428571428571428,0.0,0.0,0.21930000000000002,optimal
2021-02-13 14:30:00,43,2,1.1428571428571428,0.0,0.0,0.31010000000000004,optimal
2021-02-13 15:00:00,43,2,1.1428571428571428,0.0,0.0,0.20356666666666665,optimal
2021-02-13 15:30:00,43,2,1.1428571428571428,0.387037037037037,0.0,0.23526666666666668,optimal
2021-02-13 16:00:00,43,2,0.0,0.3096296296296296,0.0,0.09176666666666668,optimal
2021-02-13 16:30:00,43,2,0.0,0.0774074074074074,0.0,0.4080666666666667,optimal
2021-02-13 17:00:00,43,2,0.0,0.23222222222222222,0.0,0.5722999999999999,optimal
2021-02-13 17:30:00,43,2,0.0,0.387037037037037,0.0,0.31760000000000005,optimal
2021-02-13 18:00:00,43,2,0.0,0.0,0.0,0.17959999999999998,optimal
2021-02-13 18:30:00,43,2,0.0,0.23222222222222222,0.0,0.39163333333333333,optimal
2021-02-13 19:00:00,43,2,0.0,0.0,0.0,0.301,optimal
2021-02-13 19:30:00,43,2,0.2269248344836968,0.0774074074074074,0.0,0.3419333333333333,optimal
2021-02-13 20:00:00,43,2,0.6754775317132083,0.0774074074074074,0.0,0.44356666666666666,optimal
2021-02-13 20:30:00,43,2,0.0,0.0,0.0,0.4358666666666667,optimal
2021-02-13 21:00:00,43,2,0.0,0.0,0.0,0.42156666666666665,optimal
2021-02-13 21:30:00,43,2,0.0,0.0,0.0,0.26266666666666666,optimal
2021-02-13 22:00:00,43,2,0.0,0.0,0.0,0.11586666666666666,optimal
2021-02-13 22:30:00,43,2,0.0,0.0,0.0,0.19640000000000002,optimal
2021-02-13 23:00:00,43,2,0.0,0.0,0.0,0.12766666666666668,optimal
2021-02-13 23:30:00,43,2,0.0,0.0,0.0,0.2184333333333333,optimal
2021-02-07 00:00:00,44,2,0.0,0.0,0.0,0.19416666666666663,optimal
2021-02-07 00:30:00,44,2,0.0,0.0,0.0,0.16216666666666665,optimal
2021-02-07 01:00:00,44,2,0.0,0.0,0.0,0.08683333333333333,optimal
2021-02-07 01:30:00,44,2,0.0,0.0,0.0,0.2695,optimal
2021-02-07 02:00:00,44,2,0.0,0.0,0.0,0.056,optimal
2021-02-07 02:30:00,44,2,0.0,0.0,0.0,0.2554,optimal
2021-02-07 03:00:00,44,2,0.0,0.0,0.0,0.10093333333333333,optimal
2021-02-07 03:30:00,44,2,0.0,0.0,0.0,0.062166666666666655,optimal
2021-02-07 04:00:00,44,2,1.1428571428571428,0.0,0.0,0.2941666666666667,optimal
2021-02-07 04:30:00,44,2,1.1428571428571428,0.0,0.0,0.056,optimal
2021-02-07 05:00:00,44,2,1.1428571428571428,0.0,0.0,0.2181,optimal
2021-02-07 05:30:00,44,2,1.1428571428571428,0.0,0.0,0.13823333333333332,optimal
2021-02-07 06:00:00,44,2,1.1428571428571428,0.0,0.0,0.056,optimal
2021-02-07 06:30:00,44,2,1.1428571428571428,0.0,0.0,0.1955,optimal
2021-02-07 07:00:00,44,2,1.1428571428571428,0.1548148148148148,1.6063785740462473,0.15883333333333335,optimal
2021-02-07 07:30:00,44,2,0.0,0.0774074074074074,0.0,0.054,optimal
2021-02-07 08:00:00,44,2,0.14501811332924675,0.46444444444444444,0.0,0.17683333333333334,optimal
2021-02-07 08:30:00,44,2,0.663787873779979,1.315925925925926,0.0,0.18573333333333328,optimal
2021-02-07 09:00:00,44,2,0.6636502327159816,0.0774074074074074,0.0,0.07456666666666666,optimal
2021-02-07 09:30:00,44,2,0.6041588473308473,0.0,0.0,0.2833,optimal
2021-02-07 10:00:00,44,2,0.5379710516440265,0.0,0.0,0.2918,optimal
2021-02-07 10:30:00,44,2,0.6003347747952422,0.0,0.0,0.09116666666666669,optimal
2021-02-07 11:00:00,44,2,0.5125204836192299,0.0,0.0,0.22463333333333332,optimal
2021-02-07 11:30:00,44,2,0.9518434000621218,0.3096296296296296,0.0,0.1477,optimal
2021-02-07 12:00:00,44,2,1.1428571428571428,0.387037037037037,0.0,0.14343333333333333,optimal
2021-02-07 12:30:00,44,2,1.1428571428571428,0.0,0.0,0.354,optimal
2021-02-07 13:00:00,44,2,1.1428571428571428,0.0,0.0,0.08013333333333333,optimal
2021-02-07 13:30:00,44,2,1.1428571428571428,0.0,0.0,0.1983,optimal
2021-02-07 14:00:00,44,2,1.1428571428571428,0.0,0.0,0.17803333333333332,optimal
2021-02-07 14:30:00,44,2,1.1428571428571428,0.0,0.0,0.08773333333333333,optimal
2021-02-07 15:00:00,44,2,1.1428571428571428,0.0,0.0,0.2886,optimal
2021-02-07 15:30:00,44,2,1.1428571428571428,0.0,0.0,0.066,optimal
2021-02-07 16:00:00,44,2,0.0,0.0,0.0,0.1501333333333333,optimal
2021-02-07 16:30:00,44,2,0.0,0.0,0.0,0.22619999999999998,optimal
2021-02-07 17:00:00,44,2,0.0,0.0,0.0,0.12240000000000001,optimal
2021-02-07 17:30:00,44,2,0.0,0.0,0.0,0.5407666666666666,optimal
2021-02-07 18:00:00,44,2,0.0,0.0,0.0,0.29296666666666665,optimal
2021-02-07 18:30:00,44,2,0.0,0.0,0.0,0.066,optimal
2021-02-07 19:00:00,44,2,0.0,0.0,0.0,0.206,optimal
2021-02-07 19:30:00,44,2,0.6538832414341077,0.0,0.0,0.6282666666666666,optimal
2021-02-07 20:00:00,44,2,0.6316813366722014,0.0,0.0,1.1329,optimal
2021-02-07 20:30:00,44,2,0.0,0.0,0.0,0.3080333333333334,optimal
2021-02-07 21:00:00,44,2,0.0,0.0,0.0,0.2840666666666667,optimal
2021-02-07 21:30:00,44,2,0.0,0.0,0.0,0.35553333333333337,optimal
2021-02-07 22:00:00,44,2,0.0,0.0,0.0,0.30776666666666663,optimal
2021-02-07 22:30:00,44,2,0.0,0.0,0.0,0.1957333333333333,optimal
2021-02-07 23:00:00,44,2,0.0,0.0,0.0,0.0845,optimal
2021-02-07 23:30:00,44,2,0.0,0.0,0.0,0.21616666666666662,optimal
2021-02-08 00:00:00,44,2,0.0,0.0,0.0,0.061,optimal
2021-02-08 00:30:00,44,2,0.0,0.0,0.0,0.061,optimal
2021-02-08 01:00:00,44,2,0.0,0.0,0.0,0.1168,optimal
2021-02-08 01:30:00,44,2,0.9807386369029999,0.0,0.0,0.061,optimal
2021-02-08 02:00:00,44,2,1.1428571428571428,0.0,0.0,0.13133333333333333,optimal
2021-02-08 02:30:00,44,2,1.1428571428571428,0.0,0.0,0.1454,optimal
2021-02-08 03:00:00,44,2,1.1428571428571428,0.0,0.0,0.061,optimal
2021-02-08 03:30:00,44,2,1.1428571428571428,0.0,0.0,0.2039333333333333,optimal
2021-02-08 04:00:00,44,2,1.1428571428571428,0.0,0.0,0.1286,optimal
2021-02-08 04:30:00,44,2,1.1428571428571428,0.0,0.0,0.06233333333333334,optimal
2021-02-08 05:00:00,44,2,1.1428571428571428,0.0,0.0,0.22406666666666664,optimal
2021-02-08 05:30:00,44,2,1.1428571428571428,0.0,0.0,0.061,optimal
2021-02-08 06:00:00,44,2,1.1428571428571428,0.0,0.0,0.06803333333333333,optimal
2021-02-08 06:30:00,44,2,1.1428571428571428,0.1548148148148148,6.111329750324256,0.20803333333333332,optimal
2021-02-08 07:00:00,44,2,1.1428571428571428,0.0774074074074074,10.0,0.1055,optimal
2021-02-08 07:30:00,44,2,1.1428571428571428,0.774074074074074,0.0,0.22303333333333333,optimal
2021-02-08 08:00:00,44,2,0.8066959670678022,0.0,0.0,0.06666666666666667,optimal
2021-02-08 08:30:00,44,2,0.7989168330761628,0.0,0.0,0.1032,optimal
2021-02-08 09:00:00,44,2,0.7116414198654949,0.0,0.0,0.22933333333333328,optimal
2021-02-08 09:30:00,44,2,0.7533196446624828,0.0,0.0,0.061,optimal
2021-02-08 10:00:00,44,2,0.63507412924579,0.0,0.0,0.1454,optimal
2021-02-08 10:30:00,44,2,0.6295673330202256,0.0,0.0,0.18846666666666667,optimal
2021-02-08 11:00:00,44,2,0.5667544098282281,0.0,0.0,0.07536666666666667,optimal
2021-02-08 11:30:00,44,2,0.522285924772253,0.0,0.0,0.2087,optimal
2021-02-08 12:00:00,44,2,0.5120661691978149,0.0,0.0,0.1168,optimal
2021-02-08 12:30:00,44,2,0.4752434848001473,0.0,0.0,0.2157333333333333,optimal
2021-02-08 13:00:00,44,2,1.1428571428571428,0.0,0.0,0.1168,optimal
2021-02-08 13:30:00,44,2,1.1428571428571428,0.0,0.0,0.07046666666666666,optimal
2021-02-08 14:00:00,44,2,1.1428571428571428,0.0,0.0,0.5654333333333332,optimal
2021-02-08 14:30:00,44,2,1.1428571428571428,0.0,0.0,0.21409999999999998,optimal
2021-02-08 15:00:00,44,2,1.1428571428571428,0.0,0.0,0.4225,optimal
2021-02-08 15:30:00,44,2,1.1428571428571428,0.0,0.0,0.2809,optimal
2021-02-08 16:00:00,44,2,0.0,0.1548148148148148,0.0,0.4155,optimal
2021-02-08 16:30:00,44,2,0.0,0.774074074074074,0.0,0.8530333333333333,optimal
2021-02-08 17:00:00,44,2,0.0,0.0,0.0,1.8008666666666666,optimal
2021-02-08 17:30:00,44,2,0.0,0.23222222222222222,0.0,0.4080666666666667,optimal
2021-02-08 18:00:00,44,2,0.0,0.3096296296296296,0.0,0.39126666666666665,optimal
2021-02-08 18:30:00,44,2,0.0,5.263703703703704,0.0,0.291,optimal
2021-02-08 19:00:00,44,2,0.0,0.0,0.0,0.4796666666666667,optimal
2021-02-08 19:30:00,44,2,0.2488091752667369,0.0,0.0,0.25989999999999996,optimal
2021-02-08 20:00:00,44,2,0.5756534607892024,1.9351851851851851,0.0,0.40826666666666667,optimal
2021-02-08 20:30:00,44,2,0.0,0.0,0.0,0.802,optimal
2021-02-08 21:00:00,44,2,0.0,0.0,0.0,0.5447333333333334,optimal
2021-02-08 21:30:00,44,2,0.0,0.0,0.0,0.5156000000000001,optimal
2021-02-08 22:00:00,44,2,0.0,0.0774074074074074,0.0,0.3846,optimal
2021-02-08 22:30:00,44,2,0.0,0.0,0.0,0.3531666666666667,optimal
2021-02-08 23:00:00,44,2,0.0,0.0,0.0,0.1144,optimal
2021-02-08 23:30:00,44,2,0.0,0.0,0.0,0.08106666666666666,optimal
2021-02-09 00:00:00,44,2,0.0,0.0,0.0,0.07253333333333332,optimal
2021-02-09 00:30:00,44,2,0.0,0.0,0.0,0.5702,optimal
2021-02-09 01:00:00,44,2,0.0,0.23222222222222222,0.0,1.3777666666666668,optimal
2021-02-09 01:30:00,44,2,0.0,0.0,0.0,1.4139333333333335,optimal
2021-02-09 02:00:00,44,2,0.21757338736274023,0.0,0.0,0.062,optimal
2021-02-09 02:30:00,44,2,1.1428571428571428,0.0,0.0,0.0964,optimal
2021-02-09 03:00:00,44,2,1.1428571428571428,0.0,0.0,0.105,optimal
2021-02-09 03:30:00,44,2,1.1428571428571428,0.0,0.0,0.09209999999999999,optimal
2021-02-09 04:00:00,44,2,1.1428571428571428,0.0,0.0,0.1093,optimal
2021-02-09 04:30:00,44,2,1.1428571428571428,0.0,0.0,0.062,optimal
2021-02-09 05:00:00,44,2,1.1428571428571428,0.23222222222222222,0.0,0.2764,optimal
2021-02-09 05:30:00,44,2,1.1428571428571428,0.3096296296296296,5.443975420014414,2.3170333333333333,optimal
2021-02-09 06:00:00,44,2,1.1428571428571428,0.0,10.0,2.9286,optimal
2021-02-09 06:30:00,44,2,1.1428571428571428,0.6192592592592592,0.0,2.686233333333333,optimal
2021-02-09 07:00:00,44,2,1.1428571428571428,0.23222222222222222,0.0,3.805533333333333,optimal
2021-02-09 07:30:00,44,2,1.1428571428571428,6.198785185185186,0.0,0.41106666666666664,optimal
2021-02-09 08:00:00,44,2,0.6327789992382498,1.464548148148149,0.0,0.31660000000000005,optimal
2021-02-09 08:30:00,44,2,0.6149619859400054,1.7029629629629628,0.0,0.29710000000000003,optimal
2021-02-09 09:00:00,44,2,0.5566471279682549,0.23222222222222222,0.0,0.4244,optimal
2021-02-09 09:30:00,44,2,0.6066740537527012,0.1548148148148148,0.0,1.5549666666666666,optimal
2021-02-09 10:00:00,44,2,0.5144056025272954,0.0,0.0,0.7313666666666667,optimal
2021-02-09 10:30:00,44,2,0.5564839136968783,0.1548148148148148,0.0,0.0892,optimal
2021-02-09 11:00:00,44,2,0.3515153537438276,0.0,0.0,1.632,optimal
2021-02-09 11:30:00,44,2,0.35245825407297876,1.7803703703703702,0.0,0.5414,optimal
2021-02-09 12:00:00,44,2,0.2685900419366391,1.3933333333333333,0.0,0.5641,optimal
2021-02-09 12:30:00,44,2,0.3765671416074832,0.0,0.0,1.0283333333333333,optimal
2021-02-09 13:00:00,44,2,1.1428571428571428,0.0,0.0,0.2548,optimal
2021-02-09 13:30:00,44,2,1.1428571428571428,0.0,0.0,0.0849,optimal
2021-02-09 14:00:00,44,2,1.1428571428571428,0.0,0.0,0.1451,optimal
2021-02-09 14:30:00,44,2,1.1428571428571428,0.0,0.0,0.07629999999999999,optimal
2021-02-09 15:00:00,44,2,1.1428571428571428,0.0,0.0,0.115,optimal
2021-02-09 15:30:00,44,2,1.1428571428571428,0.0,0.0,0.10640000000000001,optimal
2021-02-09 16:00:00,44,2,0.0,0.0,0.0,0.0935,optimal
2021-02-09 16:30:00,44,2,0.0,0.0,0.0,1.9155,optimal
2021-02-09 17:00:00,44,2,0.0,0.0774074074074074,0.0,3.4253666666666667,optimal
2021-02-09 17:30:00,44,2,0.0,0.0774074074074074,0.0,2.3924666666666665,optimal
2021-02-09 18:00:00,44,2,0.0,0.0,0.0,0.10640000000000001,optimal
2021-02-09 18:30:00,44,2,0.0,0.46444444444444444,0.0,1.3729333333333333,optimal
2021-02-09 19:00:00,44,2,0.0,0.0,0.0,3.3490333333333333,optimal
2021-02-09 19:30:00,44,2,0.5072405918388609,0.5418518518518518,0.0,3.1718,optimal
2021-02-09 20:00:00,44,2,0.45982817836646844,0.0,0.0,2.7104666666666666,optimal
2021-02-09 20:30:00,44,2,0.0,0.0,0.0,2.229366666666667,optimal
2021-02-09 21:00:00,44,2,0.0,0.0,0.0,1.2275,optimal
2021-02-09 21:30:00,44,2,0.0,0.0,0.0,1.5015666666666667,optimal
2021-02-09 22:00:00,44,2,0.0,0.1548148148148148,0.0,0.5351,optimal
2021-02-09 22:30:00,44,2,0.0,0.0,0.0,0.48619999999999997,optimal
2021-02-09 23:00:00,44,2,0.0,0.1548148148148148,0.0,0.7295,optimal
2021-02-09 23:30:00,44,2,0.0,0.1548148148148148,0.0,1.7269,optimal
2021-02-10 00:00:00,44,2,0.0,0.0,0.0,0.06,optimal
2021-02-10 00:30:00,44,2,0.0,0.0,0.0,0.2591666666666667,optimal
2021-02-10 01:00:00,44,2,0.0,0.0,0.0,0.21066666666666664,optimal
2021-02-10 01:30:00,44,2,0.30144319414449994,0.0,0.0,0.062,optimal
2021-02-10 02:00:00,44,2,1.1428571428571428,0.0,0.0,0.2636,optimal
2021-02-10 02:30:00,44,2,1.1428571428571428,0.0,0.0,0.0912,optimal
2021-02-10 03:00:00,44,2,1.1428571428571428,0.0,0.0,0.2159,optimal
2021-02-10 03:30:00,44,2,1.1428571428571428,0.0,0.0,0.1389,optimal
2021-02-10 04:00:00,44,2,1.1428571428571428,0.0,0.0,0.13219999999999998,optimal
2021-02-10 04:30:00,44,2,1.1428571428571428,0.0,0.0,0.17880000000000001,optimal
2021-02-10 05:00:00,44,2,1.1428571428571428,0.0,0.0,0.14043333333333333,optimal
2021-02-10 05:30:00,44,2,1.1428571428571428,0.0,0.0,0.1441,optimal
2021-02-10 06:00:00,44,2,1.1428571428571428,0.0,0.0,0.2305,optimal
2021-02-10 06:30:00,44,2,1.1428571428571428,0.23222222222222222,0.46104488333318283,0.959,optimal
2021-02-10 07:00:00,44,2,1.1428571428571428,0.9288888888888889,10.0,1.508233333333333,optimal
2021-02-10 07:30:00,44,2,1.1428571428571428,0.774074074074074,0.0,0.7980666666666667,optimal
2021-02-10 08:00:00,44,2,0.7051521567349258,2.2448148148148146,0.0,0.08873333333333333,optimal
2021-02-10 08:30:00,44,2,0.6517704247182028,6.347407407407409,0.0,1.0490666666666666,optimal
2021-02-10 09:00:00,44,2,0.5432994849978937,0.1548148148148148,0.0,0.31803333333333333,optimal
2021-02-10 09:30:00,44,2,0.5489720386954698,0.0,0.0,0.24656666666666663,optimal
2021-02-10 10:00:00,44,2,0.48185673031841225,0.23222222222222222,0.0,0.31956666666666667,optimal
2021-02-10 10:30:00,44,2,0.5137920979725448,0.1548148148148148,0.0,0.199,optimal
2021-02-10 11:00:00,44,2,0.38358611216575483,0.0774074074074074,0.0,0.3033333333333333,optimal
2021-02-10 11:30:00,44,2,0.3993271509192965,0.46444444444444444,0.0,0.35960000000000003,optimal
2021-02-10 12:00:00,44,2,0.3743357739182171,0.5418518518518518,0.0,0.231,optimal
2021-02-10 12:30:00,44,2,0.3457833929658383,0.0,0.0,0.2166,optimal
2021-02-10 13:00:00,44,2,0.6349498303369873,0.0,0.0,0.39089999999999997,optimal
2021-02-10 13:30:00,44,2,1.1428571428571428,0.23222222222222222,0.0,1.2880999999999998,optimal
2021-02-10 14:00:00,44,2,1.1428571428571428,0.0,0.0,0.7277666666666667,optimal
2021-02-10 14:30:00,44,2,1.1428571428571428,0.0,0.0,1.452766666666667,optimal
2021-02-10 15:00:00,44,2,1.1428571428571428,0.0,0.0,0.6311666666666667,optimal
2021-02-10 15:30:00,44,2,1.1428571428571428,0.0,0.0,0.2863,optimal
2021-02-10 16:00:00,44,2,0.0,0.0,0.0,0.32456666666666667,optimal
2021-02-10 16:30:00,44,2,0.0,0.0,0.0,0.7257,optimal
2021-02-10 17:00:00,44,2,0.0,0.0,0.0,0.6356333333333333,optimal
2021-02-10 17:30:00,44,2,0.0,0.6966666666666667,0.0,0.37760000000000005,optimal
2021-02-10 18:00:00,44,2,0.0,0.3096296296296296,0.0,0.5412,optimal
2021-02-10 18:30:00,44,2,0.0,0.3096296296296296,0.0,0.2896,optimal
2021-02-10 19:00:00,44,2,0.0,0.0,0.0,0.3368,optimal
2021-02-10 19:30:00,44,2,0.0,0.1548148148148148,0.0,0.45553333333333335,optimal
2021-02-10 20:00:00,44,2,0.0,0.387037037037037,0.0,1.8711333333333326,optimal
2021-02-10 20:30:00,44,2,0.0,0.0,0.0,0.26496666666666663,optimal
2021-02-10 21:00:00,44,2,0.0,0.0,0.0,0.13090000000000002,optimal
2021-02-10 21:30:00,44,2,0.0,0.0,0.0,0.2972333333333333,optimal
2021-02-10 22:00:00,44,2,0.0,0.3096296296296296,0.0,0.5390666666666667,optimal
2021-02-10 22:30:00,44,2,0.0,0.0,0.0,0.24076666666666668,optimal
2021-02-10 23:00:00,44,2,0.0,0.23222222222222222,0.0,0.3603,optimal
2021-02-10 23:30:00,44,2,0.0,0.387037037037037,0.0,0.31089999999999995,optimal
2021-02-11 00:00:00,44,2,1.1428571428571428,0.0,0.0,0.05,optimal
2021-02-11 00:30:00,44,2,1.1428571428571428,0.0,0.0,0.125,optimal
2021-02-11 01:00:00,44,2,1.1428571428571428,0.0,0.0,0.15833333333333335,optimal
2021-02-11 01:30:00,44,2,1.1428571428571428,0.0,0.0,0.05,optimal
2021-02-11 02:00:00,44,2,1.1428571428571428,0.0,0.0,0.16666666666666666,optimal
2021-02-11 02:30:00,44,2,1.1428571428571428,0.0,0.0,0.11666666666666668,optimal
2021-02-11 03:00:00,44,2,1.1428571428571428,0.0,0.0,0.05,optimal
2021-02-11 03:30:00,44,2,1.1428571428571428,0.0,0.0,0.23333333333333328,optimal
2021-02-11 04:00:00,44,2,1.1428571428571428,0.0,0.0,0.05,optimal
2021-02-11 04:30:00,44,2,1.1428571428571428,0.0,0.0,0.05,optimal
2021-02-11 05:00:00,44,2,1.1428571428571428,0.0,0.0,0.2,optimal
2021-02-11 05:30:00,44,2,1.1428571428571428,0.0,0.0,0.085,optimal
2021-02-11 06:00:00,44,2,1.1428571428571428,0.0,1.9422880518389793,0.06,optimal
2021-02-11 06:30:00,44,2,1.1428571428571428,0.0,10.0,0.214,optimal
2021-02-11 07:00:00,44,2,1.1428571428571428,0.0,10.0,0.075,optimal
2021-02-11 07:30:00,44,2,1.1428571428571428,1.1444765047752894,0.0,0.14933333333333335,optimal
2021-02-11 08:00:00,44,2,0.8423448846510173,0.3096296296296296,0.0,0.13233333333333333,optimal
2021-02-11 08:30:00,44,2,0.8125428503302227,1.0837037037037036,0.0,0.05976666666666666,optimal
2021-02-11 09:00:00,44,2,0.6563312304273551,0.387037037037037,0.0,0.2553333333333333,optimal
2021-02-11 09:30:00,44,2,0.6874964650989818,0.1548148148148148,0.0,0.0629,optimal
2021-02-11 10:00:00,44,2,0.4768136950125714,0.387037037037037,0.0,0.19233333333333327,optimal
2021-02-11 10:30:00,44,2,0.21042746249128916,0.0,0.0,1.5985999999999998,optimal
2021-02-11 11:00:00,44,2,0.4245883707955539,0.0,0.0,0.3411666666666667,optimal
2021-02-11 11:30:00,44,2,0.39734616144716106,0.1548148148148148,0.0,1.0527666666666669,optimal
2021-02-11 12:00:00,44,2,0.3812400808024224,0.1548148148148148,0.0,0.092,optimal
2021-02-11 12:30:00,44,2,0.9968545265598412,0.0774074074074074,0.0,0.16076666666666667,optimal
2021-02-11 13:00:00,44,2,1.1428571428571428,0.0,0.0,0.24266666666666664,optimal
2021-02-11 13:30:00,44,2,1.1428571428571428,0.0,0.0,0.0788,optimal
2021-02-11 14:00:00,44,2,1.1428571428571428,0.0,0.0,0.2788,optimal
2021-02-11 14:30:00,44,2,1.1428571428571428,0.387037037037037,0.0,0.105,optimal
2021-02-11 15:00:00,44,2,1.1428571428571428,0.0,0.0,0.19863333333333333,optimal
2021-02-11 15:30:00,44,2,1.1428571428571428,0.0,0.0,0.15866666666666665,optimal
2021-02-11 16:00:00,44,2,0.0,0.0,0.0,0.3723666666666667,optimal
2021-02-11 16:30:00,44,2,0.0,0.0774074074074074,0.0,1.0195,optimal
2021-02-11 17:00:00,44,2,0.0,0.0774074074074074,0.0,0.1999333333333333,optimal
2021-02-11 17:30:00,44,2,0.0,0.1548148148148148,0.0,0.17336666666666667,optimal
2021-02-11 18:00:00,44,2,0.0,0.1548148148148148,0.0,0.1455,optimal
2021-02-11 18:30:00,44,2,0.0,0.0,0.0,0.3524333333333333,optimal
2021-02-11 19:00:00,44,2,0.0,0.0,0.0,0.44139999999999996,optimal
2021-02-11 19:30:00,44,2,0.9516042961644927,0.0,0.0,0.236,optimal
2021-02-11 20:00:00,44,2,0.9575807480408687,0.3096296296296296,0.0,0.3918666666666667,optimal
2021-02-11 20:30:00,44,2,0.0,0.0,0.0,0.10963333333333335,optimal
2021-02-11 21:00:00,44,2,0.0,0.0,0.0,0.1348,optimal
2021-02-11 21:30:00,44,2,0.0,0.23222222222222222,0.0,0.2722,optimal
2021-02-11 22:00:00,44,2,0.0,0.0,0.0,0.22013333333333332,optimal
2021-02-11 22:30:00,44,2,0.0,0.3096296296296296,0.0,0.5192666666666667,optimal
2021-02-11 23:00:00,44,2,0.0,0.0,0.0,0.19333333333333327,optimal
2021-02-11 23:30:00,44,2,0.0,0.0,0.0,0.106,optimal
2021-02-12 00:00:00,44,2,1.1428571428571428,0.0,0.0,0.057,optimal
2021-02-12 00:30:00,44,2,1.1428571428571428,0.0,0.0,0.057,optimal
2021-02-12 01:00:00,44,2,1.1428571428571428,0.0,0.0,0.057,optimal
2021-02-12 01:30:00,44,2,1.1428571428571428,0.0,0.0,0.10926666666666668,optimal
2021-02-12 02:00:00,44,2,1.1428571428571428,0.0,0.0,0.07193333333333334,optimal
2021-02-12 02:30:00,44,2,1.1428571428571428,0.0,0.0,0.0906,optimal
2021-02-12 03:00:00,44,2,1.1428571428571428,0.0,0.0,0.0906,optimal
2021-02-12 03:30:00,44,2,1.1428571428571428,0.0,0.0,0.08686666666666666,optimal
2021-02-12 04:00:00,44,2,1.1428571428571428,0.0,0.0,0.09433333333333331,optimal
2021-02-12 04:30:00,44,2,1.1428571428571428,0.0,0.0,0.057,optimal
2021-02-12 05:00:00,44,2,1.1428571428571428,0.0,0.0,0.1242,optimal
2021-02-12 05:30:00,44,2,1.1428571428571428,0.0,0.0,0.057,optimal
2021-02-12 06:00:00,44,2,1.1428571428571428,0.0,0.0,0.057,optimal
2021-02-12 06:30:00,44,2,1.1428571428571428,0.0,0.0,0.063,optimal
2021-02-12 07:00:00,44,2,1.1428571428571428,0.5418518518518518,0.0,0.1262,optimal
2021-02-12 07:30:00,44,2,1.1428571428571428,8.684930230076798,0.0,0.08623333333333333,optimal
2021-02-12 08:00:00,44,2,0.7030524196084477,2.4770370370370367,0.0,0.23353333333333334,optimal
2021-02-12 08:30:00,44,2,0.7564941516251619,0.46444444444444444,0.0,0.17843333333333333,optimal
2021-02-12 09:00:00,44,2,0.6104869766746691,5.728148148148147,0.0,1.0222666666666667,optimal
2021-02-12 09:30:00,44,2,0.48593268639557624,0.0774074074074074,0.0,1.0564666666666667,optimal
2021-02-12 10:00:00,44,2,0.4183728436525178,0.1548148148148148,0.0,0.2062,optimal
2021-02-12 10:30:00,44,2,0.29915604628576087,0.0,0.0,0.4545666666666667,optimal
2021-02-12 11:00:00,44,2,0.27638622009084096,0.0,0.0,0.22266666666666662,optimal
2021-02-12 11:30:00,44,2,0.24355197756285432,0.387037037037037,0.0,0.49876666666666664,optimal
2021-02-12 12:00:00,44,2,0.3161022115727895,0.0,0.0,0.197,optimal
2021-02-12 12:30:00,44,2,0.8018862871477269,1.1611111111111108,0.0,0.197,optimal
2021-02-12 13:00:00,44,2,1.1428571428571428,0.23222222222222222,0.0,0.1041,optimal
2021-02-12 13:30:00,44,2,1.1428571428571428,0.0,7.62930558903819,0.17683333333333334,optimal
2021-02-12 14:00:00,44,2,1.1428571428571428,0.3096296296296296,0.0,0.17266666666666666,optimal
2021-02-12 14:30:00,44,2,1.1428571428571428,0.0,0.0,0.0782,optimal
2021-02-12 15:00:00,44,2,1.1428571428571428,0.0,0.0,0.067,optimal
2021-02-12 15:30:00,44,2,1.1428571428571428,0.0,0.0,0.067,optimal
2021-02-12 16:00:00,44,2,0.0,0.0,0.0,0.13419999999999999,optimal
2021-02-12 16:30:00,44,2,0.0,0.0,0.0,0.38489999999999996,optimal
2021-02-12 17:00:00,44,2,0.0,0.23222222222222222,0.0,0.17343333333333333,optimal
2021-02-12 17:30:00,44,2,0.0,0.0774074074074074,0.0,0.3522666666666667,optimal
2021-02-12 18:00:00,44,2,0.0,0.0,0.0,0.10893333333333334,optimal
2021-02-12 18:30:00,44,2,0.0,0.774074074074074,0.0,0.3691666666666667,optimal
2021-02-12 19:00:00,44,2,0.0,0.3096296296296296,0.0,0.23203333333333334,optimal
2021-02-12 19:30:00,44,2,0.6081499990381816,0.23222222222222222,0.0,0.4076,optimal
2021-02-12 20:00:00,44,2,0.5889632459989167,0.0,0.0,0.3788666666666667,optimal
2021-02-12 20:30:00,44,2,0.0,0.23222222222222222,0.0,0.6451,optimal
2021-02-12 21:00:00,44,2,0.0,0.0,0.0,0.4024666666666666,optimal
2021-02-12 21:30:00,44,2,0.0,0.0,0.0,0.38826666666666665,optimal
2021-02-12 22:00:00,44,2,0.0,0.6966666666666667,0.0,0.4037,optimal
2021-02-12 22:30:00,44,2,0.0,0.0,0.0,0.3684666666666666,optimal
2021-02-12 23:00:00,44,2,0.0,0.0,0.0,0.067,optimal
2021-02-12 23:30:00,44,2,0.0,0.0,0.0,0.13419999999999999,optimal
2021-02-13 00:00:00,44,2,0.0,6.270000000000002,0.0,3.0568,optimal
2021-02-13 00:30:00,44,2,0.10578421148643562,0.0,0.0,0.045,optimal
2021-02-13 01:00:00,44,2,1.1428571428571428,0.0,0.0,0.045666666666666654,optimal
2021-02-13 01:30:00,44,2,1.1428571428571428,0.0,0.0,0.047,optimal
2021-02-13 02:00:00,44,2,1.1428571428571428,0.0,0.0,0.047,optimal
2021-02-13 02:30:00,44,2,1.1428571428571428,0.0,0.0,0.047,optimal
2021-02-13 03:00:00,44,2,1.1428571428571428,0.0,0.0,0.047,optimal
2021-02-13 03:30:00,44,2,1.1428571428571428,0.0,0.0,0.047,optimal
2021-02-13 04:00:00,44,2,1.1428571428571428,0.0,0.0,0.047,optimal
2021-02-13 04:30:00,44,2,1.1428571428571428,0.0,0.0,0.047,optimal
2021-02-13 05:00:00,44,2,1.1428571428571428,0.0,0.0,0.04633333333333334,optimal
2021-02-13 05:30:00,44,2,1.1428571428571428,0.0,0.0,0.24086666666666667,optimal
2021-02-13 06:00:00,44,2,1.1428571428571428,0.0,0.0,0.047,optimal
2021-02-13 06:30:00,44,2,1.1428571428571428,0.0,1.4953027098283656,0.047,optimal
2021-02-13 07:00:00,44,2,1.1428571428571428,2.4770370370370367,10.0,0.162,optimal
2021-02-13 07:30:00,44,2,1.1428571428571428,0.3096296296296296,0.0,0.09133333333333331,optimal
2021-02-13 08:00:00,44,2,0.8963498170185589,0.0,0.0,0.047,optimal
2021-02-13 08:30:00,44,2,0.8942108125858159,0.0,0.0,0.047,optimal
2021-02-13 09:00:00,44,2,0.8321152551679444,0.0,0.0,0.047,optimal
2021-02-13 09:30:00,44,2,0.8214202330041941,0.0,0.0,0.047,optimal
2021-02-13 10:00:00,44,2,0.7085770094583924,0.0,0.0,0.047,optimal
2021-02-13 10:30:00,44,2,1.0210481422329187,0.0,0.0,0.047,optimal
2021-02-13 11:00:00,44,2,1.1428571428571428,0.0,0.0,0.047,optimal
2021-02-13 11:30:00,44,2,1.1428571428571428,0.0,0.0,0.047,optimal
2021-02-13 12:00:00,44,2,1.1428571428571428,0.0,0.0,0.047,optimal
2021-02-13 12:30:00,44,2,1.1428571428571428,0.0,0.0,0.047,optimal
2021-02-13 13:00:00,44,2,1.1428571428571428,0.0,0.0,0.047,optimal
2021-02-13 13:30:00,44,2,1.1428571428571428,0.0,0.0,1.5954000000000002,optimal
2021-02-13 14:00:00,44,2,1.1428571428571428,0.3096296296296296,0.0,0.8056,optimal
2021-02-13 14:30:00,44,2,1.1428571428571428,0.0,0.0,0.13646666666666668,optimal
2021-02-13 15:00:00,44,2,1.1428571428571428,0.0,0.0,0.047,optimal
2021-02-13 15:30:00,44,2,1.1428571428571428,0.0,0.0,0.047,optimal
2021-02-13 16:00:00,44,2,0.0,0.0,0.0,0.047,optimal
2021-02-13 16:30:00,44,2,0.0,0.0,0.0,0.047,optimal
2021-02-13 17:00:00,44,2,0.0,0.0,0.0,0.047,optimal
2021-02-13 17:30:00,44,2,0.0,0.0,0.0,0.047,optimal
2021-02-13 18:00:00,44,2,0.0,0.0,0.0,0.047,optimal
2021-02-13 18:30:00,44,2,0.0,0.0,0.0,0.047,optimal
2021-02-13 19:00:00,44,2,0.0,0.0,0.0,0.047,optimal
2021-02-13 19:30:00,44,2,0.8654566657048499,0.0,0.0,0.047,optimal
2021-02-13 20:00:00,44,2,0.8697346745703477,0.0,0.0,0.047,optimal
2021-02-13 20:30:00,44,2,0.0,0.0,0.0,0.047,optimal
2021-02-13 21:00:00,44,2,0.0,0.0,0.0,0.047,optimal
2021-02-13 21:30:00,44,2,0.0,0.0,0.0,0.047,optimal
2021-02-13 22:00:00,44,2,0.0,0.0,0.0,0.047,optimal
2021-02-13 22:30:00,44,2,0.0,0.0,0.0,2.229,optimal
2021-02-13 23:00:00,44,2,0.0,0.0,0.0,0.047,optimal
2021-02-13 23:30:00,44,2,0.0,0.0,0.0,0.04633333333333334,optimal
2021-02-07 00:00:00,45,2,0.0,0.0,0.0,0.12446666666666668,optimal
2021-02-07 00:30:00,45,2,0.0,0.0,0.0,0.063,optimal
2021-02-07 01:00:00,45,2,0.0,0.0,0.0,0.28346666666666664,optimal
2021-02-07 01:30:00,45,2,0.0,0.0,0.0,0.1148,optimal
2021-02-07 02:00:00,45,2,0.0,0.0,0.0,0.2117,optimal
2021-02-07 02:30:00,45,2,0.0,0.0,0.0,0.17496666666666666,optimal
2021-02-07 03:00:00,45,2,0.0,0.0,0.0,0.15996666666666667,optimal
2021-02-07 03:30:00,45,2,0.0,0.0,0.0,0.1221,optimal
2021-02-07 04:00:00,45,2,1.1428571428571428,0.0,0.0,0.19080000000000003,optimal
2021-02-07 04:30:00,45,2,1.1428571428571428,0.0,0.0,0.14836666666666667,optimal
2021-02-07 05:00:00,45,2,1.1428571428571428,0.0,0.0,0.2499,optimal
2021-02-07 05:30:00,45,2,1.1428571428571428,0.0,0.0,0.063,optimal
2021-02-07 06:00:00,45,2,1.1428571428571428,0.0,0.0,0.25806666666666667,optimal
2021-02-07 06:30:00,45,2,1.1428571428571428,0.0,0.0,0.14186666666666667,optimal
2021-02-07 07:00:00,45,2,1.1428571428571428,0.0,1.9104478659086885,0.14859999999999998,optimal
2021-02-07 07:30:00,45,2,0.0,0.0,0.0,0.21906666666666663,optimal
2021-02-07 08:00:00,45,2,0.11144222902333578,0.0,0.0,0.1206,optimal
2021-02-07 08:30:00,45,2,0.6658164452085541,0.0,0.0,0.2776666666666667,optimal
2021-02-07 09:00:00,45,2,0.6729645184302712,0.0,0.0,0.102,optimal
2021-02-07 09:30:00,45,2,0.5947588473308494,0.6192592592592592,0.0,0.4063,optimal
2021-02-07 10:00:00,45,2,0.5242853373583105,0.0,0.0,0.3930666666666667,optimal
2021-02-07 10:30:00,45,2,0.4937125860794303,0.23222222222222222,0.0,0.5599,optimal
2021-02-07 11:00:00,45,2,1.1428571428571428,0.0,0.0,0.06466666666666668,optimal
2021-02-07 11:30:00,45,2,1.1428571428571428,0.0,0.0,0.17286666666666667,optimal
2021-02-07 12:00:00,45,2,1.1428571428571428,0.0,0.0,0.2305,optimal
2021-02-07 12:30:00,45,2,1.1428571428571428,0.0,0.0,0.0659,optimal
2021-02-07 13:00:00,45,2,1.1428571428571428,0.0,0.0,0.23053333333333334,optimal
2021-02-07 13:30:00,45,2,1.1428571428571428,0.0,0.0,0.1212,optimal
2021-02-07 14:00:00,45,2,1.1428571428571428,0.0,0.0,0.2163333333333333,optimal
2021-02-07 14:30:00,45,2,1.1428571428571428,0.0,0.0,0.1866,optimal
2021-02-07 15:00:00,45,2,1.1428571428571428,0.0,0.0,0.063,optimal
2021-02-07 15:30:00,45,2,1.1428571428571428,0.0,0.0,0.2926666666666667,optimal
2021-02-07 16:00:00,45,2,0.0,0.0,0.0,0.24659999999999999,optimal
2021-02-07 16:30:00,45,2,0.0,0.0,0.0,0.063,optimal
2021-02-07 17:00:00,45,2,0.0,0.0,0.0,0.1381,optimal
2021-02-07 17:30:00,45,2,0.0,0.0,0.0,0.1882666666666667,optimal
2021-02-07 18:00:00,45,2,0.0,0.0,0.0,0.14523333333333333,optimal
2021-02-07 18:30:00,45,2,0.0,0.0,0.0,0.11586666666666666,optimal
2021-02-07 19:00:00,45,2,0.0,0.0,0.0,0.2830666666666667,optimal
2021-02-07 19:30:00,45,2,0.7687327652436312,0.0,0.0,0.06333333333333334,optimal
2021-02-07 20:00:00,45,2,0.7480946700055429,0.0,0.0,0.14523333333333333,optimal
2021-02-07 20:30:00,45,2,0.0,0.0,0.0,0.21116666666666664,optimal
2021-02-07 21:00:00,45,2,0.0,0.0,0.0,0.063,optimal
2021-02-07 21:30:00,45,2,0.0,0.0,0.0,0.5077,optimal
2021-02-07 22:00:00,45,2,0.0,0.0,0.0,0.5746,optimal
2021-02-07 22:30:00,45,2,0.0,0.0,0.0,0.5407000000000001,optimal
2021-02-07 23:00:00,45,2,0.0,0.23222222222222222,0.0,0.6676,optimal
2021-02-07 23:30:00,45,2,0.0,0.0,0.0,0.17403333333333332,optimal
2021-02-08 00:00:00,45,2,0.0,0.0,0.0,0.065,optimal
2021-02-08 00:30:00,45,2,0.0,0.0,0.0,0.201,optimal
2021-02-08 01:00:00,45,2,0.0,0.0,0.0,0.07859999999999999,optimal
2021-02-08 01:30:00,45,2,0.6012683007192756,0.0,0.0,0.1823333333333333,optimal
2021-02-08 02:00:00,45,2,1.1428571428571428,0.0,0.0,0.21459999999999999,optimal
2021-02-08 02:30:00,45,2,1.1428571428571428,0.0,0.0,0.065,optimal
2021-02-08 03:00:00,45,2,1.1428571428571428,0.0,0.0,0.133,optimal
2021-02-08 03:30:00,45,2,1.1428571428571428,0.0,0.0,0.20526666666666668,optimal
2021-02-08 04:00:00,45,2,1.1428571428571428,0.0,0.0,0.12366666666666669,optimal
2021-02-08 04:30:00,45,2,1.1428571428571428,0.0,0.0,0.065,optimal
2021-02-08 05:00:00,45,2,1.1428571428571428,0.0,0.0,0.21459999999999999,optimal
2021-02-08 05:30:00,45,2,1.1428571428571428,0.0,0.0,0.065,optimal
2021-02-08 06:00:00,45,2,1.1428571428571428,0.0,8.151584206196839,0.13373333333333332,optimal
2021-02-08 06:30:00,45,2,1.1428571428571428,0.5418518518518518,0.0,0.4908666666666667,optimal
2021-02-08 07:00:00,45,2,1.1428571428571428,0.0,0.0,0.065,optimal
2021-02-08 07:30:00,45,2,1.1428571428571428,0.0774074074074074,0.0,0.2144,optimal
2021-02-08 08:00:00,45,2,0.6372102527820829,0.1548148148148148,0.0,0.38603333333333334,optimal
2021-02-08 08:30:00,45,2,0.6424920711713943,2.631851851851852,0.0,0.3641333333333333,optimal
2021-02-08 09:00:00,45,2,0.46378237224644847,0.0774074074074074,0.0,2.0046,optimal
2021-02-08 09:30:00,45,2,0.32515202561485473,0.0,0.0,2.7710666666666666,optimal
2021-02-08 10:00:00,45,2,0.29662841496007014,0.5418518518518518,0.0,1.1383333333333332,optimal
2021-02-08 10:30:00,45,2,0.46682447587736525,0.0,0.0,0.3892,optimal
2021-02-08 11:00:00,45,2,0.30967821935204476,0.0774074074074074,0.0,0.5914666666666667,optimal
2021-02-08 11:30:00,45,2,0.3548668771532054,0.1548148148148148,0.0,0.48106666666666664,optimal
2021-02-08 12:00:00,45,2,0.32549474062638667,0.0774074074074074,0.0,0.3916,optimal
2021-02-08 12:30:00,45,2,1.0586139628425566,0.23222222222222222,0.0,0.2088333333333333,optimal
2021-02-08 13:00:00,45,2,1.1428571428571428,0.0,0.0,0.37826666666666664,optimal
2021-02-08 13:30:00,45,2,1.1428571428571428,0.0,0.0,0.1688,optimal
2021-02-08 14:00:00,45,2,1.1428571428571428,0.0,0.0,0.2047333333333333,optimal
2021-02-08 14:30:00,45,2,1.1428571428571428,0.0,0.0,0.177,optimal
2021-02-08 15:00:00,45,2,1.1428571428571428,0.0,0.0,0.19233333333333327,optimal
2021-02-08 15:30:00,45,2,1.1428571428571428,0.0,0.0,0.2246,optimal
2021-02-08 16:00:00,45,2,0.0,0.0,0.0,0.19233333333333327,optimal
2021-02-08 16:30:00,45,2,0.0,0.0,0.0,0.075,optimal
2021-02-08 17:00:00,45,2,0.0,0.0,0.0,1.2074,optimal
2021-02-08 17:30:00,45,2,0.0,0.23222222222222222,0.0,0.2945,optimal
2021-02-08 18:00:00,45,2,0.0,0.1548148148148148,0.0,0.4876666666666667,optimal
2021-02-08 18:30:00,45,2,0.0,0.1548148148148148,0.0,0.21453333333333333,optimal
2021-02-08 19:00:00,45,2,0.0,0.0,0.0,0.3698,optimal
2021-02-08 19:30:00,45,2,0.5862554951100046,0.3096296296296296,0.0,0.4773,optimal
2021-02-08 20:00:00,45,2,0.5626915560272979,0.0,0.0,0.4814666666666666,optimal
2021-02-08 20:30:00,45,2,0.0,2.3222222222222215,0.0,0.6237333333333334,optimal
2021-02-08 21:00:00,45,2,0.0,0.0,0.0,0.44630000000000003,optimal
2021-02-08 21:30:00,45,2,0.0,0.0,0.0,0.6254,optimal
2021-02-08 22:00:00,45,2,0.0,0.0,0.0,0.48233333333333334,optimal
2021-02-08 22:30:00,45,2,0.0,0.0,0.0,0.524,optimal
2021-02-08 23:00:00,45,2,0.0,0.23222222222222222,0.0,0.5007666666666667,optimal
2021-02-08 23:30:00,45,2,0.0,0.0,0.0,0.075,optimal
2021-02-09 00:00:00,45,2,0.0,0.0,0.0,0.056,optimal
2021-02-09 00:30:00,45,2,0.0,0.0,0.0,0.056,optimal
2021-02-09 01:00:00,45,2,0.0,0.0,0.0,0.20413333333333333,optimal
2021-02-09 01:30:00,45,2,0.3532143565379169,0.0,0.0,0.056,optimal
2021-02-09 02:00:00,45,2,1.1428571428571428,0.0,0.0,0.20413333333333333,optimal
2021-02-09 02:30:00,45,2,1.1428571428571428,0.0,0.0,0.056,optimal
2021-02-09 03:00:00,45,2,1.1428571428571428,0.0,0.0,0.056,optimal
2021-02-09 03:30:00,45,2,1.1428571428571428,0.0,0.0,0.08966666666666667,optimal
2021-02-09 04:00:00,45,2,1.1428571428571428,0.0,0.0,0.17046666666666666,optimal
2021-02-09 04:30:00,45,2,1.1428571428571428,0.0,0.0,0.056,optimal
2021-02-09 05:00:00,45,2,1.1428571428571428,0.0,0.0,0.20413333333333333,optimal
2021-02-09 05:30:00,45,2,1.1428571428571428,0.1548148148148148,0.0,0.05766666666666666,optimal
2021-02-09 06:00:00,45,2,1.1428571428571428,0.387037037037037,8.361129854703476,0.19066666666666662,optimal
2021-02-09 06:30:00,45,2,1.1428571428571428,0.1548148148148148,10.0,0.15086666666666668,optimal
2021-02-09 07:00:00,45,2,1.1428571428571428,0.42883703703703696,0.0,0.1212,optimal
2021-02-09 07:30:00,45,2,1.1428571428571428,0.19042222222222224,0.0,1.6271666666666667,optimal
2021-02-09 08:00:00,45,2,0.7541789992382556,0.3096296296296296,0.0,0.073,optimal
2021-02-09 08:30:00,45,2,0.8396667478447662,0.0,0.0,0.066,optimal
2021-02-09 09:00:00,45,2,0.7331899851111092,0.0,0.0,0.21413333333333331,optimal
2021-02-09 09:30:00,45,2,0.762679768038419,0.0,0.0,0.066,optimal
2021-02-09 10:00:00,45,2,0.633714173955859,0.0,0.0,0.1266,optimal
2021-02-09 10:30:00,45,2,0.6153239136968706,0.0,0.0,0.15353333333333333,optimal
2021-02-09 11:00:00,45,2,0.5374829727914504,0.0,0.0,0.066,optimal
2021-02-09 11:30:00,45,2,0.8832497772737716,0.0,0.0,0.066,optimal
2021-02-09 12:00:00,45,2,1.1428571428571428,0.0,0.0,0.18046666666666666,optimal
2021-02-09 12:30:00,45,2,1.1428571428571428,0.0,0.0,0.09966666666666668,optimal
2021-02-09 13:00:00,45,2,1.1428571428571428,0.0,0.0,0.07273333333333333,optimal
2021-02-09 13:30:00,45,2,1.1428571428571428,0.0,0.0,0.2074,optimal
2021-02-09 14:00:00,45,2,1.1428571428571428,0.0,0.0,0.066,optimal
2021-02-09 14:30:00,45,2,1.1428571428571428,0.0,0.0,0.16026666666666667,optimal
2021-02-09 15:00:00,45,2,1.1428571428571428,0.0,0.0,0.11986666666666666,optimal
2021-02-09 15:30:00,45,2,1.1428571428571428,0.0,0.0,0.07273333333333333,optimal
2021-02-09 16:00:00,45,2,0.0,0.0,0.0,0.2074,optimal
2021-02-09 16:30:00,45,2,0.0,0.0,0.0,0.066,optimal
2021-02-09 17:00:00,45,2,0.0,0.0,0.0,0.16026666666666667,optimal
2021-02-09 17:30:00,45,2,0.0,0.0,0.0,0.11986666666666666,optimal
2021-02-09 18:00:00,45,2,0.0,0.0,0.0,0.066,optimal
2021-02-09 18:30:00,45,2,0.0,0.0,0.0,0.14006666666666667,optimal
2021-02-09 19:00:00,45,2,0.0,0.23222222222222222,0.0,0.17956666666666665,optimal
2021-02-09 19:30:00,45,2,0.7898348450331378,0.0,0.0,0.06566666666666666,optimal
2021-02-09 20:00:00,45,2,0.7759872259855203,0.0,0.0,0.18046666666666666,optimal
2021-02-09 20:30:00,45,2,0.0,0.0,0.0,0.09966666666666668,optimal
2021-02-09 21:00:00,45,2,0.0,0.0,0.0,0.26463333333333333,optimal
2021-02-09 21:30:00,45,2,0.0,0.1548148148148148,0.0,0.5612333333333334,optimal
2021-02-09 22:00:00,45,2,0.0,0.3096296296296296,0.0,0.40773333333333334,optimal
2021-02-09 22:30:00,45,2,0.0,0.0,0.0,0.3096666666666667,optimal
2021-02-09 23:00:00,45,2,0.0,0.46444444444444444,0.0,0.2935,optimal
2021-02-09 23:30:00,45,2,0.0,0.0,0.0,0.5081333333333333,optimal
2021-02-10 00:00:00,45,2,0.0,0.0,0.0,0.055,optimal
2021-02-10 00:30:00,45,2,0.0,0.0,0.0,0.055,optimal
2021-02-10 01:00:00,45,2,1.1312759450343617,0.0,0.0,0.094,optimal
2021-02-10 01:30:00,45,2,1.1428571428571428,0.0,0.0,0.107,optimal
2021-02-10 02:00:00,45,2,1.1428571428571428,0.0,0.0,0.055,optimal
2021-02-10 02:30:00,45,2,1.1428571428571428,0.0,0.0,0.146,optimal
2021-02-10 03:00:00,45,2,1.1428571428571428,0.0,0.0,0.055,optimal
2021-02-10 03:30:00,45,2,1.1428571428571428,0.0,0.0,0.055,optimal
2021-02-10 04:00:00,45,2,1.1428571428571428,0.0,0.0,0.14666666666666667,optimal
2021-02-10 04:30:00,45,2,1.1428571428571428,0.0,0.0,0.06,optimal
2021-02-10 05:00:00,45,2,1.1428571428571428,0.0,0.0,0.081,optimal
2021-02-10 05:30:00,45,2,1.1428571428571428,0.0,0.0,0.12,optimal
2021-02-10 06:00:00,45,2,1.1428571428571428,0.0,8.878159495051849,0.055,optimal
2021-02-10 06:30:00,45,2,1.1428571428571428,0.0,10.0,0.055,optimal
2021-02-10 07:00:00,45,2,1.1428571428571428,0.23222222222222222,10.0,0.144,optimal
2021-02-10 07:30:00,45,2,1.1428571428571428,0.0774074074074074,0.0,0.6887000000000001,optimal
2021-02-10 08:00:00,45,2,0.7048550138777748,0.6192592592592592,0.0,0.9434,optimal
2021-02-10 08:30:00,45,2,0.7036475675753491,0.5418518518518518,0.0,1.6085333333333334,optimal
2021-02-10 09:00:00,45,2,0.640074723093138,0.6192592592592592,0.0,0.1945,optimal
2021-02-10 09:30:00,45,2,0.6707663244097558,0.3096296296296296,0.0,0.35026666666666667,optimal
2021-02-10 10:00:00,45,2,0.5207176826993671,0.0,0.0,2.4896,optimal
2021-02-10 10:30:00,45,2,0.4846206694011172,0.0,0.0,2.645,optimal
2021-02-10 11:00:00,45,2,0.5700737312133682,0.0,0.0,0.1383,optimal
2021-02-10 11:30:00,45,2,0.6399771662509562,0.0,0.0,0.107,optimal
2021-02-10 12:00:00,45,2,1.1428571428571428,0.0,0.0,0.1,optimal
2021-02-10 12:30:00,45,2,1.1428571428571428,0.0,0.0,0.059,optimal
2021-02-10 13:00:00,45,2,1.1428571428571428,0.0,0.0,0.146,optimal
2021-02-10 13:30:00,45,2,1.1428571428571428,0.0,0.0,0.055,optimal
2021-02-10 14:00:00,45,2,1.1428571428571428,0.0,0.0,0.081,optimal
2021-02-10 14:30:00,45,2,1.1428571428571428,0.0,0.0,0.12,optimal
2021-02-10 15:00:00,45,2,1.1428571428571428,0.0,0.0,0.055,optimal
2021-02-10 15:30:00,45,2,1.1428571428571428,0.0,0.0,0.146,optimal
2021-02-10 16:00:00,45,2,0.0,0.0,0.0,0.055,optimal
2021-02-10 16:30:00,45,2,0.0,0.0,0.0,0.1265,optimal
2021-02-10 17:00:00,45,2,0.0,0.0,0.0,0.0745,optimal
2021-02-10 17:30:00,45,2,0.0,0.0,0.0,0.14333333333333334,optimal
2021-02-10 18:00:00,45,2,0.0,0.0774074074074074,0.0,0.2793333333333333,optimal
2021-02-10 18:30:00,45,2,0.0,0.0,0.0,0.8709666666666667,optimal
2021-02-10 19:00:00,45,2,0.0,1.7803703703703702,0.0,0.39266666666666666,optimal
2021-02-10 19:30:00,45,2,0.6835689170983327,0.23222222222222222,0.0,0.278,optimal
2021-02-10 20:00:00,45,2,0.7010258440239963,0.0,0.0,0.2319333333333333,optimal
2021-02-10 20:30:00,45,2,0.0,0.23222222222222222,0.0,0.36219999999999997,optimal
2021-02-10 21:00:00,45,2,0.0,0.0,0.0,1.1505,optimal
2021-02-10 21:30:00,45,2,0.0,0.0774074074074074,0.0,0.21280000000000002,optimal
2021-02-10 22:00:00,45,2,0.0,0.0,0.0,0.327,optimal
2021-02-10 22:30:00,45,2,0.0,0.5418518518518518,0.0,0.23313333333333333,optimal
2021-02-10 23:00:00,45,2,0.0,0.0,0.0,0.0845,optimal
2021-02-10 23:30:00,45,2,0.0,0.0,0.0,0.1365,optimal
2021-02-11 00:00:00,45,2,1.1428571428571428,0.0,0.0,0.04,optimal
2021-02-11 00:30:00,45,2,1.1428571428571428,0.0,0.0,0.1819,optimal
2021-02-11 01:00:00,45,2,1.1428571428571428,0.0,0.0,0.1033,optimal
2021-02-11 01:30:00,45,2,1.1428571428571428,0.0,0.0,0.09040000000000001,optimal
2021-02-11 02:00:00,45,2,1.1428571428571428,0.0,0.0,0.1541,optimal
2021-02-11 02:30:00,45,2,1.1428571428571428,0.0,0.0,0.08070000000000001,optimal
2021-02-11 03:00:00,45,2,1.1428571428571428,0.0,0.0,0.1093,optimal
2021-02-11 03:30:00,45,2,1.1428571428571428,0.0,0.0,0.1093,optimal
2021-02-11 04:00:00,45,2,1.1428571428571428,0.0,0.0,0.04,optimal
2021-02-11 04:30:00,45,2,1.1428571428571428,0.0,0.0,0.04,optimal
2021-02-11 05:00:00,45,2,1.1428571428571428,0.0,0.0,0.0992,optimal
2021-02-11 05:30:00,45,2,1.1428571428571428,0.0,0.0,0.04806666666666667,optimal
2021-02-11 06:00:00,45,2,1.1428571428571428,0.0,0.0,0.2174,optimal
2021-02-11 06:30:00,45,2,1.1428571428571428,0.0,5.186500140807123,0.0878,optimal
2021-02-11 07:00:00,45,2,1.1428571428571428,0.0,10.0,0.05,optimal
2021-02-11 07:30:00,45,2,1.1428571428571428,2.3315481649973986,0.0,0.23603333333333334,optimal
2021-02-11 08:00:00,45,2,0.8275163132224391,0.5418518518518518,0.0,0.09936666666666666,optimal
2021-02-11 08:30:00,45,2,0.8180057074730765,1.2385185185185184,0.0,0.34013333333333334,optimal
2021-02-11 09:00:00,45,2,0.617868373284491,0.23222222222222222,0.0,2.400533333333333,optimal
2021-02-11 09:30:00,45,2,0.7641345603370858,0.0,0.0,0.09853333333333332,optimal
2021-02-11 10:00:00,45,2,0.6189565521554283,0.0,0.0,0.07596666666666667,optimal
2021-02-11 10:30:00,45,2,0.6020817482055711,0.0,0.0,0.22519999999999998,optimal
2021-02-11 11:00:00,45,2,0.5780388469860311,0.0,0.0,0.0611,optimal
2021-02-11 11:30:00,45,2,0.5491252090662173,0.0,0.0,0.05,optimal
2021-02-11 12:00:00,45,2,0.932039781174882,0.0,0.0,0.12919999999999998,optimal
2021-02-11 12:30:00,45,2,1.1428571428571428,0.0,0.0,0.176,optimal
2021-02-11 13:00:00,45,2,1.1428571428571428,0.0,0.0,0.04933333333333333,optimal
2021-02-11 13:30:00,45,2,1.1428571428571428,0.0,0.0,0.2082,optimal
2021-02-11 14:00:00,45,2,1.1428571428571428,0.0,0.0,0.077,optimal
2021-02-11 14:30:00,45,2,1.1428571428571428,0.0,0.0,0.038,optimal
2021-02-11 15:00:00,45,2,1.1428571428571428,0.23222222222222222,0.0,0.3977333333333333,optimal
2021-02-11 15:30:00,45,2,1.1428571428571428,0.3096296296296296,0.0,2.0282,optimal
2021-02-11 16:00:00,45,2,0.0,0.23222222222222222,0.0,1.6492666666666669,optimal
2021-02-11 16:30:00,45,2,0.0,0.387037037037037,0.0,0.8847,optimal
2021-02-11 17:00:00,45,2,0.0,0.0,0.0,0.2606,optimal
2021-02-11 17:30:00,45,2,0.0,0.23222222222222222,0.0,1.2954,optimal
2021-02-11 18:00:00,45,2,0.0,0.23222222222222222,0.0,1.3556666666666668,optimal
2021-02-11 18:30:00,45,2,0.0,0.0,0.0,2.2541333333333333,optimal
2021-02-11 19:00:00,45,2,0.0,0.0,0.0,0.5041666666666667,optimal
2021-02-11 19:30:00,45,2,0.9368709628311501,0.3096296296296296,0.0,0.19519999999999998,optimal
2021-02-11 20:00:00,45,2,0.9637521766123026,0.0,0.0,0.1837333333333333,optimal
2021-02-11 20:30:00,45,2,0.0,0.23222222222222222,0.0,0.5225666666666667,optimal
2021-02-11 21:00:00,45,2,0.0,0.0,0.0,2.193,optimal
2021-02-11 21:30:00,45,2,0.0,0.0,0.0,2.6505,optimal
2021-02-11 22:00:00,45,2,0.0,0.1548148148148148,0.0,2.1566666666666667,optimal
2021-02-11 22:30:00,45,2,0.0,0.0,0.0,0.2377333333333333,optimal
2021-02-11 23:00:00,45,2,0.0,0.0,0.0,0.3067,optimal
2021-02-11 23:30:00,45,2,0.0,0.0,0.0,0.2675666666666667,optimal
2021-02-12 00:00:00,45,2,1.1428571428571428,0.0,0.0,0.063,optimal
2021-02-12 00:30:00,45,2,1.1428571428571428,0.0,0.0,0.063,optimal
2021-02-12 01:00:00,45,2,1.1428571428571428,0.0,0.0,0.09416666666666669,optimal
2021-02-12 01:30:00,45,2,1.1428571428571428,0.0,0.0,0.16896666666666668,optimal
2021-02-12 02:00:00,45,2,1.1428571428571428,0.0,0.0,0.063,optimal
2021-02-12 02:30:00,45,2,1.1428571428571428,0.0,0.0,0.1565,optimal
2021-02-12 03:00:00,45,2,1.1428571428571428,0.0,0.0,0.10663333333333334,optimal
2021-02-12 03:30:00,45,2,1.1428571428571428,0.0,0.0,0.06333333333333334,optimal
2021-02-12 04:00:00,45,2,1.1428571428571428,0.0,0.0,0.073,optimal
2021-02-12 04:30:00,45,2,1.1428571428571428,0.0,0.0,0.07033333333333333,optimal
2021-02-12 05:00:00,45,2,1.1428571428571428,0.0,0.0,0.20013333333333333,optimal
2021-02-12 05:30:00,45,2,1.1428571428571428,0.0,0.0,0.063,optimal
2021-02-12 06:00:00,45,2,1.1428571428571428,0.0,0.0,0.20013333333333333,optimal
2021-02-12 06:30:00,45,2,1.1428571428571428,0.0,0.0,0.06333333333333334,optimal
2021-02-12 07:00:00,45,2,1.1428571428571428,2.227785185185185,7.881715455309755,0.07856666666666666,optimal
2021-02-12 07:30:00,45,2,1.1428571428571428,10.524794728802812,0.0,0.3843666666666667,optimal
2021-02-12 08:00:00,45,2,0.8959857529417806,0.0,0.0,0.085,optimal
2021-02-12 08:30:00,45,2,0.8780331992442042,0.0,0.0,0.18159999999999998,optimal
2021-02-12 09:00:00,45,2,0.7681098338175214,0.23222222222222222,0.0,0.31110000000000004,optimal
2021-02-12 09:30:00,45,2,0.753845067347948,0.23222222222222222,0.0,0.084,optimal
2021-02-12 10:00:00,45,2,0.4790490341287089,0.1548148148148148,0.0,0.2297333333333333,optimal
2021-02-12 10:30:00,45,2,0.4135750939048011,0.5418518518518518,0.0,0.3611333333333333,optimal
2021-02-12 11:00:00,45,2,0.3770776486622696,0.0,0.0,0.2393333333333333,optimal
2021-02-12 11:30:00,45,2,0.3929938823247636,0.0,0.0,1.6203666666666665,optimal
2021-02-12 12:00:00,45,2,0.44533078300135354,0.0,0.0,0.1948666666666667,optimal
2021-02-12 12:30:00,45,2,0.4567651119019423,0.0,0.0,0.15680000000000002,optimal
2021-02-12 13:00:00,45,2,1.1428571428571428,0.0,0.0,0.1686,optimal
2021-02-12 13:30:00,45,2,1.1428571428571428,1.9351851851851851,0.0,0.4058333333333333,optimal
2021-02-12 14:00:00,45,2,1.1428571428571428,0.3096296296296296,0.0,0.4476,optimal
2021-02-12 14:30:00,45,2,1.1428571428571428,0.0,0.0,0.41076666666666667,optimal
2021-02-12 15:00:00,45,2,1.1428571428571428,0.3096296296296296,0.0,0.3741333333333333,optimal
2021-02-12 15:30:00,45,2,1.1428571428571428,0.0,0.0,0.2322333333333333,optimal
2021-02-12 16:00:00,45,2,0.0,0.1548148148148148,0.0,0.224,optimal
2021-02-12 16:30:00,45,2,0.0,0.23222222222222222,0.0,0.4619333333333333,optimal
2021-02-12 17:00:00,45,2,0.0,0.23222222222222222,0.0,0.1271,optimal
2021-02-12 17:30:00,45,2,0.0,0.1548148148148148,0.0,0.24309999999999998,optimal
2021-02-12 18:00:00,45,2,0.0,0.0,0.0,3.5863666666666667,optimal
2021-02-12 18:30:00,45,2,0.0,0.1548148148148148,0.0,2.0252,optimal
2021-02-12 19:00:00,45,2,0.0,2.39962962962963,0.0,0.41853333333333337,optimal
2021-02-12 19:30:00,45,2,0.0,0.1548148148148148,0.0,0.20813333333333334,optimal
2021-02-12 20:00:00,45,2,0.7215590181348803,0.5418518518518518,0.0,0.10413333333333334,optimal
2021-02-12 20:30:00,45,2,0.0,0.0,0.0,0.35746666666666665,optimal
2021-02-12 21:00:00,45,2,0.0,0.3096296296296296,0.0,0.6145333333333333,optimal
2021-02-12 21:30:00,45,2,0.0,0.0,0.0,0.3118666666666667,optimal
2021-02-12 22:00:00,45,2,0.0,0.0,0.0,1.1260666666666665,optimal
2021-02-12 22:30:00,45,2,0.0,0.0,0.0,1.5629333333333333,optimal
2021-02-12 23:00:00,45,2,0.0,0.0,0.0,0.21013333333333334,optimal
2021-02-12 23:30:00,45,2,0.0,0.0,0.0,0.073,optimal
2021-02-13 00:00:00,45,2,0.0,0.0,0.0,0.18186666666666668,optimal
2021-02-13 00:30:00,45,2,0.0,0.0,0.0,0.12553333333333333,optimal
2021-02-13 01:00:00,45,2,0.8861380617468678,0.0,0.0,0.1271,optimal
2021-02-13 01:30:00,45,2,1.1428571428571428,0.0,0.0,0.18030000000000002,optimal
2021-02-13 02:00:00,45,2,1.1428571428571428,0.0,0.0,0.06,optimal
2021-02-13 02:30:00,45,2,1.1428571428571428,0.0,0.0,0.06,optimal
2021-02-13 03:00:00,45,2,1.1428571428571428,0.0,0.0,0.12176666666666668,optimal
2021-02-13 03:30:00,45,2,1.1428571428571428,0.0,0.0,0.175,optimal
2021-02-13 04:00:00,45,2,1.1428571428571428,0.0,0.0,0.14636666666666667,optimal
2021-02-13 04:30:00,45,2,1.1428571428571428,0.0,2.832757073297635,0.06,optimal
2021-02-13 05:00:00,45,2,1.1428571428571428,2.8640740740740736,10.0,0.6736666666666666,optimal
2021-02-13 05:30:00,45,2,1.1428571428571428,0.0,0.0,0.14930000000000002,optimal
2021-02-13 06:00:00,45,2,1.1428571428571428,0.0,0.0,0.17809999999999998,optimal
2021-02-13 06:30:00,45,2,1.1428571428571428,0.0,0.0,0.07,optimal
2021-02-13 07:00:00,45,2,1.1428571428571428,0.6966666666666667,0.0,1.674,optimal
2021-02-13 07:30:00,45,2,1.1428571428571428,1.7803703703703702,0.0,0.068,optimal
2021-02-13 08:00:00,45,2,0.7876641027328476,0.46444444444444444,0.0,0.1351,optimal
2021-02-13 08:30:00,45,2,0.7272593840143894,2.1674074074074072,0.0,1.3596,optimal
2021-02-13 09:00:00,45,2,0.8258581123108022,0.0,0.0,0.07,optimal
2021-02-13 09:30:00,45,2,0.7939916615756231,0.0,0.0,0.1441,optimal
2021-02-13 10:00:00,45,2,0.669948438029816,0.0,0.0,0.18330000000000002,optimal
2021-02-13 10:30:00,45,2,0.6929141955018351,0.0,0.0,0.09543333333333334,optimal
2021-02-13 11:00:00,45,2,0.5335954184321728,0.0,0.0,0.2258666666666667,optimal
2021-02-13 11:30:00,45,2,0.5742468901898956,0.0,0.0,0.0761,optimal
2021-02-13 12:00:00,45,2,0.5187686838539322,0.0,0.0,0.09179999999999999,optimal
2021-02-13 12:30:00,45,2,0.7184934211093859,0.0,0.0,0.22340000000000002,optimal
2021-02-13 13:00:00,45,2,1.1428571428571428,0.0,0.0,0.08220000000000001,optimal
2021-02-13 13:30:00,45,2,1.1428571428571428,0.0,0.0,0.13423333333333332,optimal
2021-02-13 14:00:00,45,2,1.1428571428571428,0.0,0.0,0.19316666666666663,optimal
2021-02-13 14:30:00,45,2,1.1428571428571428,0.0,0.0,0.1354,optimal
2021-02-13 15:00:00,45,2,1.1428571428571428,0.0,0.0,0.7284666666666667,optimal
2021-02-13 15:30:00,45,2,1.1428571428571428,0.0,0.0,1.0847,optimal
2021-02-13 16:00:00,45,2,0.0,0.23222222222222222,0.0,1.500733333333333,optimal
2021-02-13 16:30:00,45,2,0.0,0.387037037037037,0.0,1.0280666666666667,optimal
2021-02-13 17:00:00,45,2,0.0,0.23222222222222222,0.0,3.0110333333333332,optimal
2021-02-13 17:30:00,45,2,0.0,0.1548148148148148,0.0,0.8144333333333332,optimal
2021-02-13 18:00:00,45,2,0.0,0.3096296296296296,0.0,2.1633666666666667,optimal
2021-02-13 18:30:00,45,2,0.0,0.23222222222222222,0.0,0.21686666666666668,optimal
2021-02-13 19:00:00,45,2,0.0,0.0,0.0,0.469,optimal
2021-02-13 19:30:00,45,2,0.616151903800086,0.23222222222222222,0.0,0.3131333333333333,optimal
2021-02-13 20:00:00,45,2,0.581601341237021,0.0,0.0,0.5127,optimal
2021-02-13 20:30:00,45,2,0.0,0.0,0.0,0.338,optimal
2021-02-13 21:00:00,45,2,0.0,0.0,0.0,1.2291666666666667,optimal
2021-02-13 21:30:00,45,2,0.0,0.0,0.0,2.9251,optimal
2021-02-13 22:00:00,45,2,0.0,0.0,0.0,0.7666000000000001,optimal
2021-02-13 22:30:00,45,2,0.0,0.0,0.0,0.11723333333333331,optimal
2021-02-13 23:00:00,45,2,0.0,0.0,0.0,0.08816666666666667,optimal
2021-02-13 23:30:00,45,2,0.0,0.0,0.0,0.21046666666666666,optimal
2021-02-07 00:00:00,46,2,0.0,0.0,0.0,0.13633333333333333,optimal
2021-02-07 00:30:00,46,2,0.0,0.0,0.0,0.2149333333333333,optimal
2021-02-07 01:00:00,46,2,0.0,0.0,0.0,0.07466666666666667,optimal
2021-02-07 01:30:00,46,2,0.0,0.0,0.0,0.11433333333333331,optimal
2021-02-07 02:00:00,46,2,0.0,0.0,0.0,0.22913333333333333,optimal
2021-02-07 02:30:00,46,2,0.0,0.0,0.0,0.08246666666666667,optimal
2021-02-07 03:00:00,46,2,0.0,0.0,0.0,0.069,optimal
2021-02-07 03:30:00,46,2,0.0,0.0,0.0,0.1862666666666667,optimal
2021-02-07 04:00:00,46,2,1.1428571428571428,0.0,0.0,0.17066666666666666,optimal
2021-02-07 04:30:00,46,2,1.1428571428571428,0.0,0.0,0.077,optimal
2021-02-07 05:00:00,46,2,1.1428571428571428,0.0,0.0,0.2354,optimal
2021-02-07 05:30:00,46,2,1.1428571428571428,0.0,0.0,0.12286666666666667,optimal
2021-02-07 06:00:00,46,2,1.1428571428571428,0.5418518518518518,1.305830934193062,0.0768,optimal
2021-02-07 06:30:00,46,2,1.1428571428571428,0.1548148148148148,0.0,0.32493333333333335,optimal
2021-02-07 07:00:00,46,2,1.1428571428571428,0.5418518518518518,0.0,0.3736666666666667,optimal
2021-02-07 07:30:00,46,2,0.0,3.096296296296296,0.0,0.311,optimal
2021-02-07 08:00:00,46,2,0.0,0.3096296296296296,0.0,0.46526666666666666,optimal
2021-02-07 08:30:00,46,2,0.058652355771321586,0.3096296296296296,0.0,0.5193666666666666,optimal
2021-02-07 09:00:00,46,2,0.5454788041445519,2.4600074074074074,0.0,0.32666666666666666,optimal
2021-02-07 09:30:00,46,2,0.5786445616165617,0.17184444444444447,0.0,0.30926666666666663,optimal
2021-02-07 10:00:00,46,2,0.561780575453552,0.0,0.0,0.23746666666666666,optimal
2021-02-07 10:30:00,46,2,0.2544109652714312,0.46444444444444444,0.0,1.186233333333333,optimal
2021-02-07 11:00:00,46,2,0.32173000742876157,0.1548148148148148,0.0,0.7794,optimal
2021-02-07 11:30:00,46,2,0.4378823883811433,0.1548148148148148,0.0,0.4548666666666667,optimal
2021-02-07 12:00:00,46,2,0.427341659594482,0.1548148148148148,0.0,0.43806666666666666,optimal
2021-02-07 12:30:00,46,2,0.17433594530877514,0.0,0.0,1.2792666666666668,optimal
2021-02-07 13:00:00,46,2,0.3035895640089528,0.1548148148148148,0.0,0.9732333333333333,optimal
2021-02-07 13:30:00,46,2,1.0720481106450874,0.3096296296296296,0.0,0.21159999999999998,optimal
2021-02-07 14:00:00,46,2,1.1428571428571428,4.920014814814815,0.0,0.37239999999999995,optimal
2021-02-07 14:30:00,46,2,1.1428571428571428,1.1177629629629633,0.0,0.4038,optimal
2021-02-07 15:00:00,46,2,1.1428571428571428,0.0,0.0,0.6308333333333334,optimal
2021-02-07 15:30:00,46,2,1.1428571428571428,0.0,0.0,0.6720333333333333,optimal
2021-02-07 16:00:00,46,2,0.0,0.0,0.0,0.4568666666666667,optimal
2021-02-07 16:30:00,46,2,0.0,0.0,0.0,0.43656666666666666,optimal
2021-02-07 17:00:00,46,2,0.0,0.1548148148148148,0.0,0.2097333333333333,optimal
2021-02-07 17:30:00,46,2,0.0,0.3096296296296296,0.0,0.15333333333333335,optimal
2021-02-07 18:00:00,46,2,0.0,0.3096296296296296,0.0,0.29519999999999996,optimal
2021-02-07 18:30:00,46,2,0.0,0.3096296296296296,0.0,0.27496666666666664,optimal
2021-02-07 19:00:00,46,2,0.0,0.0,0.0,0.26653333333333334,optimal
2021-02-07 19:30:00,46,2,0.0,0.387037037037037,0.0,0.5629666666666667,optimal
2021-02-07 20:00:00,46,2,0.0,0.0,0.0,0.4961666666666667,optimal
2021-02-07 20:30:00,46,2,0.0,0.0,0.0,0.36073333333333335,optimal
2021-02-07 21:00:00,46,2,0.0,0.0,0.0,0.6964333333333332,optimal
2021-02-07 21:30:00,46,2,0.0,0.6966666666666667,0.0,1.1561333333333335,optimal
2021-02-07 22:00:00,46,2,0.0,0.23222222222222222,0.0,1.2010666666666665,optimal
2021-02-07 22:30:00,46,2,0.0,0.3096296296296296,0.0,0.7383666666666667,optimal
2021-02-07 23:00:00,46,2,0.0,0.0774074074074074,0.0,0.338,optimal
2021-02-07 23:30:00,46,2,0.0,0.0,0.0,0.17326666666666668,optimal
2021-02-08 00:00:00,46,2,0.0,0.0,0.0,0.058,optimal
2021-02-08 00:30:00,46,2,0.0,0.0,0.0,0.058,optimal
2021-02-08 01:00:00,46,2,0.0,0.0,0.0,0.058,optimal
2021-02-08 01:30:00,46,2,0.0,0.0,0.0,0.058,optimal
2021-02-08 02:00:00,46,2,0.7478865080468124,0.0,0.0,0.058,optimal
2021-02-08 02:30:00,46,2,1.1428571428571428,0.0,0.0,0.058,optimal
2021-02-08 03:00:00,46,2,1.1428571428571428,0.0,0.0,0.058,optimal
2021-02-08 03:30:00,46,2,1.1428571428571428,0.0,0.0,0.058,optimal
2021-02-08 04:00:00,46,2,1.1428571428571428,0.0,0.0,0.058,optimal
2021-02-08 04:30:00,46,2,1.1428571428571428,0.0,0.0,0.058,optimal
2021-02-08 05:00:00,46,2,1.1428571428571428,0.0,0.0,0.058,optimal
2021-02-08 05:30:00,46,2,1.1428571428571428,0.0,0.0,0.06133333333333334,optimal
2021-02-08 06:00:00,46,2,1.1428571428571428,0.0,0.0,0.068,optimal
2021-02-08 06:30:00,46,2,1.1428571428571428,2.631851851851852,8.680535298652067,1.102266666666667,optimal
2021-02-08 07:00:00,46,2,1.1428571428571428,5.65074074074074,10.0,0.27163333333333334,optimal
2021-02-08 07:30:00,46,2,1.1428571428571428,2.1674074074074072,0.0,0.10166666666666668,optimal
2021-02-08 08:00:00,46,2,0.6194102527820896,0.6966666666666667,0.0,0.14933333333333335,optimal
2021-02-08 08:30:00,46,2,0.6185930235523496,0.0,0.0,0.2715,optimal
2021-02-08 09:00:00,46,2,0.6098890389131136,0.0774074074074074,0.0,0.2813,optimal
2021-02-08 09:30:00,46,2,0.6675577399005721,0.0,0.0,0.081,optimal
2021-02-08 10:00:00,46,2,0.5871598435315053,0.0,0.0,0.08526666666666667,optimal
2021-02-08 10:30:00,46,2,0.5521197139726136,0.1548148148148148,0.0,0.1017,optimal
2021-02-08 11:00:00,46,2,0.429078219352045,0.46444444444444444,0.0,0.12440000000000001,optimal
2021-02-08 11:30:00,46,2,0.37775259143892126,0.46444444444444444,0.0,0.26039999999999996,optimal
2021-02-08 12:00:00,46,2,0.3219804549121039,0.46444444444444444,0.0,0.39126666666666665,optimal
2021-02-08 12:30:00,46,2,1.0927628998641,0.0,0.0,0.442,optimal
2021-02-08 13:00:00,46,2,1.1428571428571428,0.1548148148148148,0.0,0.4609333333333333,optimal
2021-02-08 13:30:00,46,2,1.1428571428571428,0.5418518518518518,0.0,0.4385333333333334,optimal
2021-02-08 14:00:00,46,2,1.1428571428571428,0.0,0.0,0.167,optimal
2021-02-08 14:30:00,46,2,1.1428571428571428,0.0,0.0,0.068,optimal
2021-02-08 15:00:00,46,2,1.1428571428571428,0.0,0.0,0.068,optimal
2021-02-08 15:30:00,46,2,1.1428571428571428,0.0,0.0,0.068,optimal
2021-02-08 16:00:00,46,2,0.0,0.0,0.0,0.068,optimal
2021-02-08 16:30:00,46,2,0.0,0.0,0.0,0.068,optimal
2021-02-08 17:00:00,46,2,0.0,0.0,0.0,0.068,optimal
2021-02-08 17:30:00,46,2,0.0,0.0,0.0,0.32466666666666666,optimal
2021-02-08 18:00:00,46,2,0.0,0.23222222222222222,0.0,1.1934333333333333,optimal
2021-02-08 18:30:00,46,2,0.0,0.1548148148148148,0.0,0.4191666666666667,optimal
2021-02-08 19:00:00,46,2,0.0,0.0,0.0,0.24530000000000002,optimal
2021-02-08 19:30:00,46,2,0.5721126379671414,0.0,0.0,0.378,optimal
2021-02-08 20:00:00,46,2,0.43385346078920306,0.0,0.0,0.40353333333333335,optimal
2021-02-08 20:30:00,46,2,0.0,0.0,0.0,0.35453333333333337,optimal
2021-02-08 21:00:00,46,2,0.0,0.0,0.0,0.36519999999999997,optimal
2021-02-08 21:30:00,46,2,0.0,0.1548148148148148,0.0,0.365,optimal
2021-02-08 22:00:00,46,2,0.0,0.0,0.0,0.4124,optimal
2021-02-08 22:30:00,46,2,0.0,0.1548148148148148,0.0,0.48293333333333327,optimal
2021-02-08 23:00:00,46,2,0.0,0.0,0.0,0.4293,optimal
2021-02-08 23:30:00,46,2,0.0,0.0,0.0,0.22066666666666662,optimal
2021-02-09 00:00:00,46,2,0.0,0.0,0.0,0.2309,optimal
2021-02-09 00:30:00,46,2,0.0,0.0,0.0,0.17953333333333332,optimal
2021-02-09 01:00:00,46,2,0.0,0.0,0.0,0.1274,optimal
2021-02-09 01:30:00,46,2,0.31232608746716206,0.0,0.0,0.1618666666666667,optimal
2021-02-09 02:00:00,46,2,1.1428571428571428,0.0,0.0,0.06,optimal
2021-02-09 02:30:00,46,2,1.1428571428571428,0.0,0.0,0.06,optimal
2021-02-09 03:00:00,46,2,1.1428571428571428,0.0,0.0,0.16183333333333333,optimal
2021-02-09 03:30:00,46,2,1.1428571428571428,0.0,0.0,0.1566,optimal
2021-02-09 04:00:00,46,2,1.1428571428571428,0.0,0.0,0.12366666666666669,optimal
2021-02-09 04:30:00,46,2,1.1428571428571428,0.0,0.0,0.13873333333333332,optimal
2021-02-09 05:00:00,46,2,1.1428571428571428,0.0,0.0,0.07,optimal
2021-02-09 05:30:00,46,2,1.1428571428571428,0.0,0.0,0.13366666666666666,optimal
2021-02-09 06:00:00,46,2,1.1428571428571428,0.6192592592592592,8.482291737164848,0.1567333333333333,optimal
2021-02-09 06:30:00,46,2,1.1428571428571428,0.0,0.0,0.06,optimal
2021-02-09 07:00:00,46,2,1.1428571428571428,0.0,0.0,0.06333333333333334,optimal
2021-02-09 07:30:00,46,2,1.1428571428571428,0.0,0.0,0.10586666666666666,optimal
2021-02-09 08:00:00,46,2,0.7411028087620614,0.0,0.0,0.16876666666666668,optimal
2021-02-09 08:30:00,46,2,0.6696667478447609,0.6192592592592592,0.0,0.058,optimal
2021-02-09 09:00:00,46,2,0.5462376041587269,0.46444444444444444,0.0,1.1974,optimal
2021-02-09 09:30:00,46,2,0.5033940537527047,0.5418518518518518,0.0,2.6785,optimal
2021-02-09 10:00:00,46,2,0.5628570310987195,0.0,0.0,1.603,optimal
2021-02-09 10:30:00,46,2,0.6215715327444976,0.0,0.0,0.13366666666666666,optimal
2021-02-09 11:00:00,46,2,0.4974639251724019,0.0,0.0,0.15906666666666666,optimal
2021-02-09 11:30:00,46,2,0.4723725397872651,0.0,0.0,0.119,optimal
2021-02-09 12:00:00,46,2,0.31045480384140156,0.0774074074074074,0.0,0.2352333333333333,optimal
2021-02-09 12:30:00,46,2,0.33948904636938687,0.0,0.0,0.08109999999999999,optimal
2021-02-09 13:00:00,46,2,0.29709328309700306,0.0,0.0,0.13356666666666667,optimal
2021-02-09 13:30:00,46,2,0.723509085568329,0.0,0.0,0.38763333333333333,optimal
2021-02-09 14:00:00,46,2,1.1428571428571428,0.0,0.0,0.075,optimal
2021-02-09 14:30:00,46,2,1.1428571428571428,0.0,0.0,0.068,optimal
2021-02-09 15:00:00,46,2,1.1428571428571428,0.0,0.0,0.07103333333333334,optimal
2021-02-09 15:30:00,46,2,1.1428571428571428,0.3096296296296296,0.0,0.41353333333333336,optimal
2021-02-09 16:00:00,46,2,0.0,0.0,0.0,0.5719333333333333,optimal
2021-02-09 16:30:00,46,2,0.0,0.0,0.0,0.2618333333333333,optimal
2021-02-09 17:00:00,46,2,0.0,0.0774074074074074,0.0,0.4686,optimal
2021-02-09 17:30:00,46,2,0.0,0.0774074074074074,0.0,0.3826,optimal
2021-02-09 18:00:00,46,2,0.0,0.0774074074074074,0.0,0.3680333333333334,optimal
2021-02-09 18:30:00,46,2,0.0,0.1548148148148148,0.0,0.6577000000000001,optimal
2021-02-09 19:00:00,46,2,0.0,0.0,0.0,0.3963,optimal
2021-02-09 19:30:00,46,2,0.0,0.23222222222222222,0.0,0.8520666666666667,optimal
2021-02-09 20:00:00,46,2,0.0,0.5062444444444444,0.0,1.471266666666667,optimal
2021-02-09 20:30:00,46,2,0.0,0.2678296296296296,0.0,0.21486666666666668,optimal
2021-02-09 21:00:00,46,2,0.0,2.0899999999999994,0.0,0.42406666666666665,optimal
2021-02-09 21:30:00,46,2,0.0,0.23222222222222222,0.0,0.48419999999999996,optimal
2021-02-09 22:00:00,46,2,0.0,0.0774074074074074,0.0,0.41263333333333335,optimal
2021-02-09 22:30:00,46,2,0.0,0.1548148148148148,0.0,0.3211333333333333,optimal
2021-02-09 23:00:00,46,2,0.0,0.0774074074074074,0.0,0.5888333333333333,optimal
2021-02-09 23:30:00,46,2,0.0,0.0,0.0,0.4616,optimal
2021-02-10 00:00:00,46,2,0.0,0.0,0.0,0.062,optimal
2021-02-10 00:30:00,46,2,0.0,0.0,0.0,0.17666666666666667,optimal
2021-02-10 01:00:00,46,2,0.0,0.0,0.0,0.05,optimal
2021-02-10 01:30:00,46,2,0.8831599932302512,0.0,0.0,0.12279999999999999,optimal
2021-02-10 02:00:00,46,2,1.1428571428571428,0.0,0.0,0.19306666666666664,optimal
2021-02-10 02:30:00,46,2,1.1428571428571428,0.0,0.0,0.05,optimal
2021-02-10 03:00:00,46,2,1.1428571428571428,0.0,0.0,0.2658666666666667,optimal
2021-02-10 03:30:00,46,2,1.1428571428571428,0.0,0.0,0.05,optimal
2021-02-10 04:00:00,46,2,1.1428571428571428,0.0,0.0,0.0664,optimal
2021-02-10 04:30:00,46,2,1.1428571428571428,0.0,0.0,0.1988,optimal
2021-02-10 05:00:00,46,2,1.1428571428571428,0.0,0.0,0.10066666666666668,optimal
2021-02-10 05:30:00,46,2,1.1428571428571428,0.0,0.0,0.12653333333333333,optimal
2021-02-10 06:00:00,46,2,1.1428571428571428,0.0,0.0,0.1893333333333333,optimal
2021-02-10 06:30:00,46,2,1.1428571428571428,0.0,5.488876279531616,0.08826666666666666,optimal
2021-02-10 07:00:00,46,2,1.1428571428571428,0.387037037037037,10.0,0.20026666666666668,optimal
2021-02-10 07:30:00,46,2,1.1428571428571428,0.8932814814814815,0.0,0.24509999999999998,optimal
2021-02-10 08:00:00,46,2,0.8421616805444483,0.0,0.0,0.13653333333333334,optimal
2021-02-10 08:30:00,46,2,0.8156628056705884,0.0,0.0,0.19933333333333328,optimal
2021-02-10 09:00:00,46,2,0.7606518659502741,0.0,0.0,0.13653333333333334,optimal
2021-02-10 09:30:00,46,2,0.7739625148859492,0.0,0.0,0.06,optimal
2021-02-10 10:00:00,46,2,0.6301995874612724,0.0,0.0,0.16793333333333332,optimal
2021-02-10 10:30:00,46,2,0.6237825741630197,0.0,0.0,0.16793333333333332,optimal
2021-02-10 11:00:00,46,2,0.5760337312133713,0.0,0.0,0.06,optimal
2021-02-10 11:30:00,46,2,0.5608985794907254,0.0,0.0,0.098,optimal
2021-02-10 12:00:00,46,2,0.42339291677536395,0.0,0.0,0.23786666666666667,optimal
2021-02-10 12:30:00,46,2,0.4742119643944097,0.0,0.0,0.06,optimal
2021-02-10 13:00:00,46,2,1.1428571428571428,0.0,0.0,0.254,optimal
2021-02-10 13:30:00,46,2,1.1428571428571428,0.0,0.0,0.08186666666666666,optimal
2021-02-10 14:00:00,46,2,1.1428571428571428,0.035607407407407414,0.0,0.058,optimal
2021-02-10 14:30:00,46,2,1.1428571428571428,0.0,0.0,0.2319,optimal
2021-02-10 15:00:00,46,2,1.1428571428571428,0.0,0.0,0.1026,optimal
2021-02-10 15:30:00,46,2,1.1428571428571428,0.0,0.0,0.27343333333333336,optimal
2021-02-10 16:00:00,46,2,0.0,0.0,0.0,0.0885,optimal
2021-02-10 16:30:00,46,2,0.0,0.3096296296296296,0.0,0.105,optimal
2021-02-10 17:00:00,46,2,0.0,0.0,0.0,0.28046666666666664,optimal
2021-02-10 17:30:00,46,2,0.0,0.3096296296296296,0.0,0.1482,optimal
2021-02-10 18:00:00,46,2,0.0,0.0774074074074074,0.0,0.32180000000000003,optimal
2021-02-10 18:30:00,46,2,0.0,0.0,0.0,0.22956666666666664,optimal
2021-02-10 19:00:00,46,2,0.0,3.0188888888888883,0.0,0.30010000000000003,optimal
2021-02-10 19:30:00,46,2,0.49990736918782375,0.0,0.0,0.43596666666666656,optimal
2021-02-10 20:00:00,46,2,0.5503401297382731,0.0,0.0,0.5248666666666667,optimal
2021-02-10 20:30:00,46,2,0.0,0.0,0.0,0.10206666666666667,optimal
2021-02-10 21:00:00,46,2,0.0,0.0,0.0,0.24719999999999998,optimal
2021-02-10 21:30:00,46,2,0.0,0.0,0.0,0.09826666666666668,optimal
2021-02-10 22:00:00,46,2,0.0,0.0,0.0,0.14233333333333334,optimal
2021-02-10 22:30:00,46,2,0.0,0.0,0.0,0.19353333333333333,optimal
2021-02-10 23:00:00,46,2,0.0,0.0,0.0,0.06,optimal
2021-02-10 23:30:00,46,2,0.0,0.0,0.0,0.2157333333333333,optimal
2021-02-11 00:00:00,46,2,0.08665562547575321,0.0,0.0,0.063,optimal
2021-02-11 00:30:00,46,2,1.1428571428571428,0.0,0.0,0.1814333333333333,optimal
2021-02-11 01:00:00,46,2,1.1428571428571428,0.0774074074074074,0.0,0.4338,optimal
2021-02-11 01:30:00,46,2,1.1428571428571428,0.0,0.0,0.22066666666666662,optimal
2021-02-11 02:00:00,46,2,1.1428571428571428,0.0,0.0,0.6306,optimal
2021-02-11 02:30:00,46,2,1.1428571428571428,0.0,0.0,0.4071666666666667,optimal
2021-02-11 03:00:00,46,2,1.1428571428571428,0.0,0.0,0.4198,optimal
2021-02-11 03:30:00,46,2,1.1428571428571428,0.3096296296296296,0.0,0.30693333333333334,optimal
2021-02-11 04:00:00,46,2,1.1428571428571428,0.0,0.0,0.8486,optimal
2021-02-11 04:30:00,46,2,1.1428571428571428,6.889259259259259,0.0,1.0062666666666669,optimal
2021-02-11 05:00:00,46,2,1.1428571428571428,0.23222222222222222,0.0,0.9716666666666667,optimal
2021-02-11 05:30:00,46,2,1.1428571428571428,0.387037037037037,0.0,1.4155333333333333,optimal
2021-02-11 06:00:00,46,2,1.1428571428571428,0.23222222222222222,0.0,0.2773333333333333,optimal
2021-02-11 06:30:00,46,2,1.1428571428571428,0.23222222222222222,2.661015274516193,0.39080000000000004,optimal
2021-02-11 07:00:00,46,2,1.1428571428571428,0.1548148148148148,10.0,0.2802333333333333,optimal
2021-02-11 07:30:00,46,2,1.1428571428571428,2.5544444444444445,0.0,0.3241,optimal
2021-02-11 08:00:00,46,2,0.7066782179843432,0.46444444444444444,0.0,0.47706666666666664,optimal
2021-02-11 08:30:00,46,2,0.8296857074730705,0.0,0.0,0.2566666666666667,optimal
2021-02-11 09:00:00,46,2,0.8835217066178265,0.0,0.0,0.073,optimal
2021-02-11 09:30:00,46,2,0.802363131765654,0.0,0.0,0.11,optimal
2021-02-11 10:00:00,46,2,0.6061184569173287,0.0,0.0,0.12233333333333331,optimal
2021-02-11 10:30:00,46,2,0.6458817482055667,0.0,0.0,0.073,optimal
2021-02-11 11:00:00,46,2,0.5795708557371662,0.0,0.0,0.1285,optimal
2021-02-11 11:30:00,46,2,1.1428571428571428,0.23222222222222222,0.0,0.3935,optimal
2021-02-11 12:00:00,46,2,1.1428571428571428,0.0,0.0,0.073,optimal
2021-02-11 12:30:00,46,2,1.1428571428571428,0.0,0.0,0.15933333333333335,optimal
2021-02-11 13:00:00,46,2,1.1428571428571428,0.0,0.0,0.073,optimal
2021-02-11 13:30:00,46,2,1.1428571428571428,0.0,0.0,0.073,optimal
2021-02-11 14:00:00,46,2,1.1428571428571428,0.0,0.0,0.15933333333333335,optimal
2021-02-11 14:30:00,46,2,1.1428571428571428,0.0,0.0,0.073,optimal
2021-02-11 15:00:00,46,2,1.1428571428571428,0.0,0.0,0.073,optimal
2021-02-11 15:30:00,46,2,1.1428571428571428,0.0,0.0,0.15933333333333335,optimal
2021-02-11 16:00:00,46,2,0.0,0.0,0.0,0.073,optimal
2021-02-11 16:30:00,46,2,0.0,0.0,0.0,0.14083333333333334,optimal
2021-02-11 17:00:00,46,2,0.0,0.0,0.0,0.7225,optimal
2021-02-11 17:30:00,46,2,0.0,0.23222222222222222,0.0,1.2535999999999998,optimal
2021-02-11 18:00:00,46,2,0.0,0.0,0.0,0.35336666666666666,optimal
2021-02-11 18:30:00,46,2,0.0,0.0,0.0,0.09766666666666668,optimal
2021-02-11 19:00:00,46,2,0.0,0.0,0.0,0.3206,optimal
2021-02-11 19:30:00,46,2,0.9046233437835328,0.0,0.0,0.427,optimal
2021-02-11 20:00:00,46,2,0.9612474147075379,0.1548148148148148,0.0,0.3499333333333333,optimal
2021-02-11 20:30:00,46,2,0.0,0.0,0.0,0.40186666666666665,optimal
2021-02-11 21:00:00,46,2,0.0,0.0,0.0,0.49369999999999997,optimal
2021-02-11 21:30:00,46,2,0.0,0.1548148148148148,0.0,0.4886333333333333,optimal
2021-02-11 22:00:00,46,2,0.0,0.0,0.0,0.39753333333333335,optimal
2021-02-11 22:30:00,46,2,0.0,0.6192592592592592,0.0,0.34676666666666667,optimal
2021-02-11 23:00:00,46,2,0.0,0.0,0.0,0.21430000000000002,optimal
2021-02-11 23:30:00,46,2,0.0,2.7866666666666666,0.0,0.30293333333333333,optimal
2021-02-12 00:00:00,46,2,1.1428571428571428,0.0,0.0,0.06,optimal
2021-02-12 00:30:00,46,2,1.1428571428571428,0.0,0.0,0.18906666666666663,optimal
2021-02-12 01:00:00,46,2,1.1428571428571428,0.0,0.0,0.14866666666666667,optimal
2021-02-12 01:30:00,46,2,1.1428571428571428,0.0,0.0,0.11746666666666668,optimal
2021-02-12 02:00:00,46,2,1.1428571428571428,0.0,0.0,0.1502666666666667,optimal
2021-02-12 02:30:00,46,2,1.1428571428571428,0.0,0.0,0.13933333333333334,optimal
2021-02-12 03:00:00,46,2,1.1428571428571428,0.0,0.0,0.18906666666666663,optimal
2021-02-12 03:30:00,46,2,1.1428571428571428,0.0,0.0,0.11133333333333331,optimal
2021-02-12 04:00:00,46,2,1.1428571428571428,0.0,0.0,0.19,optimal
2021-02-12 04:30:00,46,2,1.1428571428571428,0.0,0.0,0.10573333333333332,optimal
2021-02-12 05:00:00,46,2,1.1428571428571428,0.0,0.0,0.14866666666666667,optimal
2021-02-12 05:30:00,46,2,1.1428571428571428,0.0,0.0,0.0952,optimal
2021-02-12 06:00:00,46,2,1.1428571428571428,0.0,0.0,0.24253333333333332,optimal
2021-02-12 06:30:00,46,2,1.1428571428571428,0.0,9.459562320736044,0.06466666666666668,optimal
2021-02-12 07:00:00,46,2,1.1428571428571428,0.0,10.0,0.17813333333333334,optimal
2021-02-12 07:30:00,46,2,1.1428571428571428,7.626485823607412,0.0,0.16426666666666667,optimal
2021-02-12 08:00:00,46,2,0.9490714672274965,0.0,0.0,0.06,optimal
2021-02-12 08:30:00,46,2,0.8205036754346798,0.1548148148148148,0.0,0.43860000000000005,optimal
2021-02-12 09:00:00,46,2,0.7344784052460949,0.1548148148148148,0.0,0.30569999999999997,optimal
2021-02-12 09:30:00,46,2,0.2572717340146169,0.23222222222222222,0.0,2.138133333333333,optimal
2021-02-12 10:00:00,46,2,0.5971442722239455,0.0,0.0,0.18853333333333333,optimal
2021-02-12 10:30:00,46,2,0.6167560462857608,0.0,0.0,0.06,optimal
2021-02-12 11:00:00,46,2,0.46728145818608374,0.0,0.0,0.18906666666666663,optimal
2021-02-12 11:30:00,46,2,0.47535197756285874,0.0,0.0,0.15333333333333335,optimal
2021-02-12 12:00:00,46,2,0.45429268776325865,0.0,0.0,0.0952,optimal
2021-02-12 12:30:00,46,2,1.0460063393265757,0.0,0.0,0.22386666666666669,optimal
2021-02-12 13:00:00,46,2,1.1428571428571428,0.0,0.0,0.08333333333333333,optimal
2021-02-12 13:30:00,46,2,1.1428571428571428,0.0,0.0,0.067,optimal
2021-02-12 14:00:00,46,2,1.1428571428571428,0.0,0.0,0.5372666666666667,optimal
2021-02-12 14:30:00,46,2,1.1428571428571428,0.0,0.0,0.06,optimal
2021-02-12 15:00:00,46,2,1.1428571428571428,0.0,0.0,0.13040000000000002,optimal
2021-02-12 15:30:00,46,2,1.1428571428571428,0.0,0.0,0.11866666666666668,optimal
2021-02-12 16:00:00,46,2,0.0,0.0,0.0,0.162,optimal
2021-02-12 16:30:00,46,2,0.0,0.0,0.0,0.20086666666666667,optimal
2021-02-12 17:00:00,46,2,0.0,0.0,0.0,1.2030666666666665,optimal
2021-02-12 17:30:00,46,2,0.0,0.774074074074074,0.0,1.6546666666666667,optimal
2021-02-12 18:00:00,46,2,0.0,0.5418518518518518,0.0,0.7166,optimal
2021-02-12 18:30:00,46,2,0.0,0.5418518518518518,0.0,0.297,optimal
2021-02-12 19:00:00,46,2,0.0,0.0,0.0,0.16906666666666667,optimal
2021-02-12 19:30:00,46,2,0.8508471418953242,0.0,0.0,0.09933333333333332,optimal
2021-02-12 20:00:00,46,2,0.8635061031417748,0.0,0.0,0.07,optimal
2021-02-12 20:30:00,46,2,0.0,0.0,0.0,0.19906666666666664,optimal
2021-02-12 21:00:00,46,2,0.0,0.0,0.0,0.10266666666666668,optimal
2021-02-12 21:30:00,46,2,0.0,0.0,0.0,0.17173333333333332,optimal
2021-02-12 22:00:00,46,2,0.0,0.0,0.0,0.158,optimal
2021-02-12 22:30:00,46,2,0.0,0.0,0.0,0.20433333333333328,optimal
2021-02-12 23:00:00,46,2,0.0,0.1548148148148148,0.0,0.31156666666666666,optimal
2021-02-12 23:30:00,46,2,0.0,0.0,0.0,0.15966666666666665,optimal
2021-02-13 00:00:00,46,2,0.0,0.0774074074074074,0.0,2.089233333333333,optimal
2021-02-13 00:30:00,46,2,0.0,0.0,0.0,0.059,optimal
2021-02-13 01:00:00,46,2,1.0507502393836476,0.0,0.0,0.12833333333333335,optimal
2021-02-13 01:30:00,46,2,1.1428571428571428,0.0,0.0,0.107,optimal
2021-02-13 02:00:00,46,2,1.1428571428571428,0.0,0.0,0.059,optimal
2021-02-13 02:30:00,46,2,1.1428571428571428,0.0,0.0,0.17633333333333334,optimal
2021-02-13 03:00:00,46,2,1.1428571428571428,0.0,0.0,0.059,optimal
2021-02-13 03:30:00,46,2,1.1428571428571428,0.0,0.0,0.059,optimal
2021-02-13 04:00:00,46,2,1.1428571428571428,0.0,0.0,0.059,optimal
2021-02-13 04:30:00,46,2,1.1428571428571428,0.0,0.0,0.17633333333333334,optimal
2021-02-13 05:00:00,46,2,1.1428571428571428,0.0,0.0,0.059,optimal
2021-02-13 05:30:00,46,2,1.1428571428571428,0.23222222222222222,0.0,1.0817,optimal
2021-02-13 06:00:00,46,2,1.1428571428571428,2.39962962962963,0.0,1.7717333333333332,optimal
2021-02-13 06:30:00,46,2,1.1428571428571428,2.4770370370370367,7.121245595222556,2.293333333333333,optimal
2021-02-13 07:00:00,46,2,1.1428571428571428,0.46444444444444444,0.0,2.4592666666666667,optimal
2021-02-13 07:30:00,46,2,1.1428571428571428,0.0,0.0,0.149,optimal
2021-02-13 08:00:00,46,2,0.8898355313042795,0.0,0.0,0.069,optimal
2021-02-13 08:30:00,46,2,0.870934622109619,0.0,0.0,0.12766666666666668,optimal
2021-02-13 09:00:00,46,2,0.8088390646917593,0.0,0.0,0.12766666666666668,optimal
2021-02-13 09:30:00,46,2,0.8149059472899146,0.0,0.0,0.069,optimal
2021-02-13 10:00:00,46,2,0.6990151046964809,0.0,0.0,0.07966666666666668,optimal
2021-02-13 10:30:00,46,2,0.6694475288351671,0.0,0.0,0.17566666666666667,optimal
2021-02-13 11:00:00,46,2,0.57787160890837,0.0,0.0,0.069,optimal
2021-02-13 11:30:00,46,2,0.8141708261180057,0.0,0.0,0.1863333333333333,optimal
2021-02-13 12:00:00,46,2,1.1428571428571428,0.0,0.0,0.069,optimal
2021-02-13 12:30:00,46,2,1.1428571428571428,0.0,0.0,0.15433333333333335,optimal
2021-02-13 13:00:00,46,2,1.1428571428571428,0.0,0.0,0.101,optimal
2021-02-13 13:30:00,46,2,1.1428571428571428,0.0,0.0,0.069,optimal
2021-02-13 14:00:00,46,2,1.1428571428571428,0.0,0.0,0.165,optimal
2021-02-13 14:30:00,46,2,1.1428571428571428,0.0,0.0,0.09033333333333332,optimal
2021-02-13 15:00:00,46,2,1.1428571428571428,0.0,0.0,0.12233333333333331,optimal
2021-02-13 15:30:00,46,2,1.1428571428571428,0.0,0.0,0.133,optimal
2021-02-13 16:00:00,46,2,0.0,0.0,0.0,0.069,optimal
2021-02-13 16:30:00,46,2,0.0,0.0,0.0,0.9252,optimal
2021-02-13 17:00:00,46,2,0.0,0.0,0.0,0.23166666666666663,optimal
2021-02-13 17:30:00,46,2,0.0,0.387037037037037,0.0,0.4728333333333333,optimal
2021-02-13 18:00:00,46,2,0.0,0.0774074074074074,0.0,1.7935999999999999,optimal
2021-02-13 18:30:00,46,2,0.0,0.6966666666666667,0.0,0.27566666666666667,optimal
2021-02-13 19:00:00,46,2,0.0,0.3096296296296296,0.0,1.4848666666666666,optimal
2021-02-13 19:30:00,46,2,0.5312585704667512,0.23222222222222222,0.0,2.3736333333333333,optimal
2021-02-13 20:00:00,46,2,0.5711365793322595,0.0774074074074074,0.0,0.9540333333333332,optimal
2021-02-13 20:30:00,46,2,0.0,2.39962962962963,0.0,0.5276666666666666,optimal
2021-02-13 21:00:00,46,2,0.0,0.387037037037037,0.0,0.4876666666666667,optimal
2021-02-13 21:30:00,46,2,0.0,0.0,0.0,1.6645,optimal
2021-02-13 22:00:00,46,2,0.0,0.0,0.0,0.11166666666666669,optimal
2021-02-13 22:30:00,46,2,0.0,0.0,0.0,0.069,optimal
2021-02-13 23:00:00,46,2,0.0,0.0,0.0,0.1863333333333333,optimal
2021-02-13 23:30:00,46,2,0.0,0.0,0.0,0.069,optimal
2021-02-07 00:00:00,47,2,0.0,0.0,0.0,0.054,optimal
2021-02-07 00:30:00,47,2,0.0,0.0,0.0,0.2188333333333333,optimal
2021-02-07 01:00:00,47,2,0.0,0.0,0.0,0.1855,optimal
2021-02-07 01:30:00,47,2,0.0,0.0,0.0,0.0724,optimal
2021-02-07 02:00:00,47,2,0.0,0.0,0.0,0.3522333333333333,optimal
2021-02-07 02:30:00,47,2,0.0,0.0,0.0,0.0605,optimal
2021-02-07 03:00:00,47,2,0.0,0.3096296296296296,0.0,0.052,optimal
2021-02-07 03:30:00,47,2,0.0,0.0,0.0,0.1744,optimal
2021-02-07 04:00:00,47,2,1.1428571428571428,0.0,0.0,0.14880000000000002,optimal
2021-02-07 04:30:00,47,2,1.1428571428571428,0.0,0.0,0.2119333333333333,optimal
2021-02-07 05:00:00,47,2,1.1428571428571428,0.0,0.0,0.197,optimal
2021-02-07 05:30:00,47,2,1.1428571428571428,0.0,0.0,0.07993333333333334,optimal
2021-02-07 06:00:00,47,2,1.1428571428571428,0.5418518518518518,1.305830934193062,0.29946666666666666,optimal
2021-02-07 06:30:00,47,2,1.1428571428571428,0.3096296296296296,0.0,0.10613333333333334,optimal
2021-02-07 07:00:00,47,2,1.1428571428571428,0.0,0.0,0.1882666666666667,optimal
2021-02-07 07:30:00,47,2,0.0,0.0,0.0,0.061666666666666654,optimal
2021-02-07 08:00:00,47,2,0.1804491852094913,0.0,0.0,0.35006666666666664,optimal
2021-02-07 08:30:00,47,2,0.7718450166371263,0.0,0.0,0.08266666666666667,optimal
2021-02-07 09:00:00,47,2,0.7142121374778903,0.0,0.0,0.1684,optimal
2021-02-07 09:30:00,47,2,0.7130445616165688,0.0,0.0,0.158,optimal
2021-02-07 10:00:00,47,2,0.6717615278344998,0.0,0.0,0.15033333333333335,optimal
2021-02-07 10:30:00,47,2,0.6800776319380937,0.0,0.0,0.1402,optimal
2021-02-07 11:00:00,47,2,0.5761109598097091,0.0,0.0,0.2648666666666667,optimal
2021-02-07 11:30:00,47,2,0.6022633407620978,0.0,0.0,0.066,optimal
2021-02-07 12:00:00,47,2,0.516480701094199,0.0,0.0,0.2568666666666667,optimal
2021-02-07 12:30:00,47,2,1.1428571428571428,0.387037037037037,0.0,0.15986666666666668,optimal
2021-02-07 13:00:00,47,2,1.1428571428571428,0.0,0.0,0.1188,optimal
2021-02-07 13:30:00,47,2,1.1428571428571428,0.0,0.0,0.2346,optimal
2021-02-07 14:00:00,47,2,1.1428571428571428,0.0,0.0,0.15093333333333334,optimal
2021-02-07 14:30:00,47,2,1.1428571428571428,0.0,0.0,0.13413333333333333,optimal
2021-02-07 15:00:00,47,2,1.1428571428571428,0.0,0.0,0.2896666666666667,optimal
2021-02-07 15:30:00,47,2,1.1428571428571428,0.1548148148148148,0.0,0.13943333333333333,optimal
2021-02-07 16:00:00,47,2,0.0,0.3096296296296296,0.0,0.3236,optimal
2021-02-07 16:30:00,47,2,0.0,0.5418518518518518,0.0,0.49106666666666665,optimal
2021-02-07 17:00:00,47,2,0.0,0.0774074074074074,0.0,0.2716,optimal
2021-02-07 17:30:00,47,2,0.0,0.0,0.0,0.44780000000000003,optimal
2021-02-07 18:00:00,47,2,0.0,0.0,0.0,1.2471333333333334,optimal
2021-02-07 18:30:00,47,2,0.0,0.0,0.0,0.29203333333333337,optimal
2021-02-07 19:00:00,47,2,0.0,0.23222222222222222,0.0,0.38489999999999996,optimal
2021-02-07 19:30:00,47,2,0.5779994319103018,0.0,0.0,0.2603333333333333,optimal
2021-02-07 20:00:00,47,2,0.5186946700055406,0.1548148148148148,0.0,0.297,optimal
2021-02-07 20:30:00,47,2,0.0,0.1548148148148148,0.0,0.6598999999999999,optimal
2021-02-07 21:00:00,47,2,0.0,0.0774074074074074,0.0,0.1243,optimal
2021-02-07 21:30:00,47,2,0.0,0.0,0.0,0.3434,optimal
2021-02-07 22:00:00,47,2,0.0,0.0,0.0,0.26793333333333336,optimal
2021-02-07 22:30:00,47,2,0.0,0.0,0.0,0.12913333333333332,optimal
2021-02-07 23:00:00,47,2,0.0,0.0,0.0,0.173,optimal
2021-02-07 23:30:00,47,2,0.0,0.0,0.0,0.2597333333333333,optimal
2021-02-08 00:00:00,47,2,0.0,0.0,0.0,0.059,optimal
2021-02-08 00:30:00,47,2,0.0,0.0,0.0,0.059,optimal
2021-02-08 01:00:00,47,2,0.0,0.0,0.0,0.19906666666666664,optimal
2021-02-08 01:30:00,47,2,0.4464256910826267,0.0,0.0,0.059,optimal
2021-02-08 02:00:00,47,2,1.1428571428571428,0.0,0.0,0.19906666666666664,optimal
2021-02-08 02:30:00,47,2,1.1428571428571428,0.0,0.0,0.059,optimal
2021-02-08 03:00:00,47,2,1.1428571428571428,0.0,0.0,0.059,optimal
2021-02-08 03:30:00,47,2,1.1428571428571428,0.0,0.0,0.19906666666666664,optimal
2021-02-08 04:00:00,47,2,1.1428571428571428,0.0,0.0,0.059,optimal
2021-02-08 04:30:00,47,2,1.1428571428571428,0.0,0.0,0.1163,optimal
2021-02-08 05:00:00,47,2,1.1428571428571428,0.0,0.0,0.14176666666666668,optimal
2021-02-08 05:30:00,47,2,1.1428571428571428,0.0,0.0,0.06466666666666668,optimal
2021-02-08 06:00:00,47,2,1.1428571428571428,0.0,0.0,0.20906666666666662,optimal
2021-02-08 06:30:00,47,2,1.1428571428571428,0.0,0.0,0.069,optimal
2021-02-08 07:00:00,47,2,1.1428571428571428,0.0,0.0,0.9314,optimal
2021-02-08 07:30:00,47,2,1.1428571428571428,0.387037037037037,0.0,0.6983333333333334,optimal
2021-02-08 08:00:00,47,2,0.6358197765916109,0.46444444444444444,0.0,0.2526333333333333,optimal
2021-02-08 08:30:00,47,2,0.6544692140285394,0.23222222222222222,0.0,0.10566666666666669,optimal
2021-02-08 09:00:00,47,2,0.5692985627226279,0.0,0.0,0.2444333333333333,optimal
2021-02-08 09:30:00,47,2,0.5675767875196168,0.23222222222222222,0.0,0.08,optimal
2021-02-08 10:00:00,47,2,0.4662265101981619,0.0774074074074074,0.0,0.12993333333333335,optimal
2021-02-08 10:30:00,47,2,0.49938638063927054,0.0,0.0,0.2643666666666667,optimal
2021-02-08 11:00:00,47,2,0.43791631459013314,0.0,0.0,0.23586666666666667,optimal
2021-02-08 11:30:00,47,2,0.4038764009627285,0.3096296296296296,0.0,0.3327,optimal
2021-02-08 12:00:00,47,2,0.4237633120549602,0.1548148148148148,0.0,0.1766,optimal
2021-02-08 12:30:00,47,2,0.36101681813348346,0.0,0.0,0.6382000000000001,optimal
2021-02-08 13:00:00,47,2,1.1428571428571428,0.0,4.88238549771302,2.657033333333333,optimal
2021-02-08 13:30:00,47,2,1.1428571428571428,0.46444444444444444,10.0,2.265733333333333,optimal
2021-02-08 14:00:00,47,2,1.1428571428571428,0.774074074074074,0.0,0.22956666666666664,optimal
2021-02-08 14:30:00,47,2,1.1428571428571428,0.0,0.0,0.082,optimal
2021-02-08 15:00:00,47,2,1.1428571428571428,0.0,0.0,0.3813666666666667,optimal
2021-02-08 15:30:00,47,2,1.1428571428571428,0.0,0.0,0.07826666666666666,optimal
2021-02-08 16:00:00,47,2,0.0,0.0,0.0,0.097,optimal
2021-02-08 16:30:00,47,2,0.0,0.0,0.0,0.2092333333333333,optimal
2021-02-08 17:00:00,47,2,0.0,0.23222222222222222,0.0,1.6242,optimal
2021-02-08 17:30:00,47,2,0.0,0.0,0.0,0.2475,optimal
2021-02-08 18:00:00,47,2,0.0,0.0,0.0,0.14766666666666667,optimal
2021-02-08 18:30:00,47,2,0.0,0.0,0.0,0.5093,optimal
2021-02-08 19:00:00,47,2,0.0,0.23222222222222222,0.0,1.5289000000000001,optimal
2021-02-08 19:30:00,47,2,0.11459557011582341,0.0,0.0,2.8879,optimal
2021-02-08 20:00:00,47,2,0.5133734607892031,0.0,0.0,1.8168,optimal
2021-02-08 20:30:00,47,2,0.0,0.0,0.0,0.4033,optimal
2021-02-08 21:00:00,47,2,0.0,0.23222222222222222,0.0,0.23483333333333328,optimal
2021-02-08 21:30:00,47,2,0.0,0.0,0.0,0.3728,optimal
2021-02-08 22:00:00,47,2,0.0,2.2448148148148146,0.0,0.24330000000000002,optimal
2021-02-08 22:30:00,47,2,0.0,0.23222222222222222,0.0,0.328,optimal
2021-02-08 23:00:00,47,2,0.0,0.387037037037037,0.0,0.48856666666666665,optimal
2021-02-08 23:30:00,47,2,0.0,0.23222222222222222,0.0,0.15933333333333335,optimal
2021-02-09 00:00:00,47,2,0.0,0.0,0.0,0.6379333333333332,optimal
2021-02-09 00:30:00,47,2,0.0,0.0,0.0,0.059,optimal
2021-02-09 01:00:00,47,2,0.2462787733445923,0.0,0.0,0.2042,optimal
2021-02-09 01:30:00,47,2,1.1428571428571428,0.0,0.0,0.059,optimal
2021-02-09 02:00:00,47,2,1.1428571428571428,0.0,0.0,0.059,optimal
2021-02-09 02:30:00,47,2,1.1428571428571428,0.0,0.0,0.2042,optimal
2021-02-09 03:00:00,47,2,1.1428571428571428,0.0,0.0,0.8863333333333334,optimal
2021-02-09 03:30:00,47,2,1.1428571428571428,0.0,0.0,1.5546666666666666,optimal
2021-02-09 04:00:00,47,2,1.1428571428571428,0.0,0.0,0.1976,optimal
2021-02-09 04:30:00,47,2,1.1428571428571428,0.0,0.0,0.059,optimal
2021-02-09 05:00:00,47,2,1.1428571428571428,0.0,0.0,0.1976,optimal
2021-02-09 05:30:00,47,2,1.1428571428571428,0.0,0.0,0.06559999999999999,optimal
2021-02-09 06:00:00,47,2,1.1428571428571428,0.0,0.0,0.059,optimal
2021-02-09 06:30:00,47,2,1.1428571428571428,0.0,0.0,0.4723333333333333,optimal
2021-02-09 07:00:00,47,2,1.1428571428571428,0.3096296296296296,4.762201484147143,0.20286666666666667,optimal
2021-02-09 07:30:00,47,2,1.1428571428571428,0.1548148148148148,0.0,0.058333333333333334,optimal
2021-02-09 08:00:00,47,2,0.6064447135239706,0.8514814814814814,0.0,2.9025,optimal
2021-02-09 08:30:00,47,2,0.6432096049876234,0.387037037037037,0.0,0.2386,optimal
2021-02-09 09:00:00,47,2,0.5292090327301568,0.46444444444444444,0.0,0.2522333333333333,optimal
2021-02-09 09:30:00,47,2,0.11197976803842302,1.006296296296296,0.0,5.175766666666666,optimal
2021-02-09 10:00:00,47,2,0.30953703109872466,0.6966666666666667,0.0,1.5245666666666666,optimal
2021-02-09 10:30:00,47,2,0.38410867560164125,0.6966666666666667,0.0,1.8878,optimal
2021-02-09 11:00:00,47,2,0.22394963945811605,0.1548148148148148,0.0,0.7228,optimal
2021-02-09 11:30:00,47,2,0.1747801588348841,0.0,0.0,0.8615,optimal
2021-02-09 12:00:00,47,2,0.1989862324128287,0.23222222222222222,0.0,1.1034000000000002,optimal
2021-02-09 12:30:00,47,2,0.29596523684558274,0.0774074074074074,0.0,1.1499000000000001,optimal
2021-02-09 13:00:00,47,2,1.1428571428571428,0.3096296296296296,0.0,1.9310666666666665,optimal
2021-02-09 13:30:00,47,2,1.1428571428571428,0.0774074074074074,0.0,0.22126666666666667,optimal
2021-02-09 14:00:00,47,2,1.1428571428571428,0.0,0.0,0.2471,optimal
2021-02-09 14:30:00,47,2,1.1428571428571428,0.0,0.0,0.069,optimal
2021-02-09 15:00:00,47,2,1.1428571428571428,0.0,0.0,0.069,optimal
2021-02-09 15:30:00,47,2,1.1428571428571428,0.0,0.0,0.2076,optimal
2021-02-09 16:00:00,47,2,0.0,0.0,0.0,0.0736,optimal
2021-02-09 16:30:00,47,2,0.0,0.23222222222222222,0.0,0.067,optimal
2021-02-09 17:00:00,47,2,0.0,0.6192592592592592,0.0,2.1611333333333334,optimal
2021-02-09 17:30:00,47,2,0.0,0.0,0.0,0.9872666666666667,optimal
2021-02-09 18:00:00,47,2,0.0,0.774074074074074,0.0,2.245,optimal
2021-02-09 18:30:00,47,2,0.0,0.46444444444444444,0.0,1.2265,optimal
2021-02-09 19:00:00,47,2,0.0,0.5418518518518518,0.0,0.552,optimal
2021-02-09 19:30:00,47,2,0.32398228773213533,2.4770370370370367,0.0,1.7752000000000001,optimal
2021-02-09 20:00:00,47,2,0.6149548450331361,0.0,0.0,0.2329,optimal
2021-02-09 20:30:00,47,2,0.0,0.23222222222222222,0.0,0.3159666666666666,optimal
2021-02-09 21:00:00,47,2,0.0,2.5544444444444445,0.0,1.0349333333333335,optimal
2021-02-09 21:30:00,47,2,0.0,0.0,0.0,0.09540000000000001,optimal
2021-02-09 22:00:00,47,2,0.0,0.0,0.0,0.18780000000000002,optimal
2021-02-09 22:30:00,47,2,0.0,0.0,0.0,0.069,optimal
2021-02-09 23:00:00,47,2,0.0,0.0,0.0,0.19440000000000002,optimal
2021-02-09 23:30:00,47,2,0.0,0.0,0.0,0.08613333333333334,optimal
2021-02-10 00:00:00,47,2,0.0,0.0,0.0,0.072,optimal
2021-02-10 00:30:00,47,2,0.0,0.0,0.0,0.06466666666666668,optimal
2021-02-10 01:00:00,47,2,0.6278312192212652,0.0,0.0,0.14266666666666666,optimal
2021-02-10 01:30:00,47,2,1.1428571428571428,0.0,0.0,0.062,optimal
2021-02-10 02:00:00,47,2,1.1428571428571428,0.0,0.0,0.14266666666666666,optimal
2021-02-10 02:30:00,47,2,1.1428571428571428,0.0,0.0,0.062,optimal
2021-02-10 03:00:00,47,2,1.1428571428571428,0.0,0.0,0.07006666666666667,optimal
2021-02-10 03:30:00,47,2,1.1428571428571428,0.0,0.0,0.1346,optimal
2021-02-10 04:00:00,47,2,1.1428571428571428,0.0,0.0,0.07006666666666667,optimal
2021-02-10 04:30:00,47,2,1.1428571428571428,0.0,0.0,0.1346,optimal
2021-02-10 05:00:00,47,2,1.1428571428571428,0.0,0.0,0.07166666666666667,optimal
2021-02-10 05:30:00,47,2,1.1428571428571428,0.46444444444444444,0.0,0.1322333333333333,optimal
2021-02-10 06:00:00,47,2,1.1428571428571428,0.6192592592592592,7.992599921154926,0.24330000000000002,optimal
2021-02-10 06:30:00,47,2,1.1428571428571428,0.0774074074074074,10.0,0.218,optimal
2021-02-10 07:00:00,47,2,1.1428571428571428,1.9351851851851851,10.0,0.2986666666666667,optimal
2021-02-10 07:30:00,47,2,1.1428571428571428,5.636807407407406,0.0,0.1888333333333333,optimal
2021-02-10 08:00:00,47,2,0.6644283472111082,0.7880074074074076,0.0,0.2334,optimal
2021-02-10 08:30:00,47,2,0.6949009009086856,0.0774074074074074,0.0,0.25553333333333333,optimal
2021-02-10 09:00:00,47,2,0.5622613897598033,0.0,0.0,0.3824333333333333,optimal
2021-02-10 09:30:00,47,2,0.5576482291716565,0.387037037037037,0.0,0.4063,optimal
2021-02-10 10:00:00,47,2,0.6579519684136584,0.0,0.0,0.072,optimal
2021-02-10 10:30:00,47,2,0.6515349551154057,0.0,0.0,0.072,optimal
2021-02-10 11:00:00,47,2,0.605141433645164,0.0,0.0,0.072,optimal
2021-02-10 11:30:00,47,2,1.1428571428571428,0.0,0.0,0.072,optimal
2021-02-10 12:00:00,47,2,1.1428571428571428,0.0,0.0,0.15266666666666664,optimal
2021-02-10 12:30:00,47,2,1.1428571428571428,0.0,0.0,0.072,optimal
2021-02-10 13:00:00,47,2,1.1428571428571428,0.0,0.0,0.072,optimal
2021-02-10 13:30:00,47,2,1.1428571428571428,0.0,0.0,0.072,optimal
2021-02-10 14:00:00,47,2,1.1428571428571428,0.0,0.0,0.14863333333333334,optimal
2021-02-10 14:30:00,47,2,1.1428571428571428,0.0,0.0,0.07603333333333333,optimal
2021-02-10 15:00:00,47,2,1.1428571428571428,0.0,0.0,0.072,optimal
2021-02-10 15:30:00,47,2,1.1428571428571428,0.0,0.0,0.072,optimal
2021-02-10 16:00:00,47,2,0.0,0.0,0.0,0.15266666666666664,optimal
2021-02-10 16:30:00,47,2,0.0,0.0,0.0,0.072,optimal
2021-02-10 17:00:00,47,2,0.0,0.0,0.0,0.14863333333333334,optimal
2021-02-10 17:30:00,47,2,0.0,0.0,0.0,0.07603333333333333,optimal
2021-02-10 18:00:00,47,2,0.0,0.0,0.0,0.072,optimal
2021-02-10 18:30:00,47,2,0.0,0.0,0.0,0.15266666666666664,optimal
2021-02-10 19:00:00,47,2,0.0,0.5418518518518518,0.0,0.2304,optimal
2021-02-10 19:30:00,47,2,0.6318070123364349,0.0,0.0,0.3900666666666667,optimal
2021-02-10 20:00:00,47,2,0.6366734630716089,0.23222222222222222,0.0,0.28246666666666664,optimal
2021-02-10 20:30:00,47,2,0.0,0.1548148148148148,0.0,0.4001,optimal
2021-02-10 21:00:00,47,2,0.0,0.0,0.0,0.2334,optimal
2021-02-10 21:30:00,47,2,0.0,0.0774074074074074,0.0,0.24359999999999998,optimal
2021-02-10 22:00:00,47,2,0.0,0.0,0.0,0.07603333333333333,optimal
2021-02-10 22:30:00,47,2,0.0,0.0,0.0,0.072,optimal
2021-02-10 23:00:00,47,2,0.0,0.0,0.0,0.10426666666666667,optimal
2021-02-10 23:30:00,47,2,0.0,0.0,0.0,0.12040000000000001,optimal
2021-02-11 00:00:00,47,2,1.1428571428571428,0.0,0.0,0.059,optimal
2021-02-11 00:30:00,47,2,1.1428571428571428,0.0,0.0,0.17233333333333334,optimal
2021-02-11 01:00:00,47,2,1.1428571428571428,0.0,0.0,0.1274,optimal
2021-02-11 01:30:00,47,2,1.1428571428571428,0.0,0.0,0.059,optimal
2021-02-11 02:00:00,47,2,1.1428571428571428,0.0,0.0,0.2369333333333333,optimal
2021-02-11 02:30:00,47,2,1.1428571428571428,0.0,0.0,0.0628,optimal
2021-02-11 03:00:00,47,2,1.1428571428571428,0.0,0.0,0.059,optimal
2021-02-11 03:30:00,47,2,1.1428571428571428,0.0,0.0,0.17246666666666666,optimal
2021-02-11 04:00:00,47,2,1.1428571428571428,0.0,0.0,0.12726666666666667,optimal
2021-02-11 04:30:00,47,2,1.1428571428571428,0.0,0.0,0.059,optimal
2021-02-11 05:00:00,47,2,1.1428571428571428,0.0,0.0,0.22933333333333328,optimal
2021-02-11 05:30:00,47,2,1.1428571428571428,0.0,0.0,0.0704,optimal
2021-02-11 06:00:00,47,2,1.1428571428571428,0.0,2.5012968443238486,0.8625666666666667,optimal
2021-02-11 06:30:00,47,2,1.1428571428571428,0.1548148148148148,10.0,1.4743666666666666,optimal
2021-02-11 07:00:00,47,2,1.1428571428571428,0.9288888888888889,0.0,0.058,optimal
2021-02-11 07:30:00,47,2,1.1428571428571428,3.6325615346432194,0.0,0.08726666666666666,optimal
2021-02-11 08:00:00,47,2,0.7621925036986305,0.5016000000000002,0.0,0.2774,optimal
2021-02-11 08:30:00,47,2,0.7558095169968801,5.65074074074074,0.0,0.2987333333333333,optimal
2021-02-11 09:00:00,47,2,0.6656074209035482,0.5418518518518518,0.0,0.204,optimal
2021-02-11 09:30:00,47,2,0.508144084146602,0.1548148148148148,0.0,2.2448,optimal
2021-02-11 10:00:00,47,2,0.12450893310781327,0.3096296296296296,0.0,1.7180666666666666,optimal
2021-02-11 10:30:00,47,2,0.35093889106271503,0.0,0.0,2.4244666666666665,optimal
2021-02-11 11:00:00,47,2,0.31046837079555817,0.0774074074074074,0.0,2.0779666666666667,optimal
2021-02-11 11:30:00,47,2,0.39283854239955046,0.0,0.0,0.5180333333333333,optimal
2021-02-11 12:00:00,47,2,0.4367638903262368,0.0,0.0,0.069,optimal
2021-02-11 12:30:00,47,2,0.9234898056861373,0.9288888888888889,0.0,0.206,optimal
2021-02-11 13:00:00,47,2,1.1428571428571428,0.0,0.0,0.15146666666666667,optimal
2021-02-11 13:30:00,47,2,1.1428571428571428,0.0,0.0,0.17666666666666667,optimal
2021-02-11 14:00:00,47,2,1.1428571428571428,0.0,0.0,0.07466666666666667,optimal
2021-02-11 14:30:00,47,2,1.1428571428571428,0.0,0.0,0.16,optimal
2021-02-11 15:00:00,47,2,1.1428571428571428,0.0,0.0,0.1597333333333333,optimal
2021-02-11 15:30:00,47,2,1.1428571428571428,0.0,0.0,0.1222,optimal
2021-02-11 16:00:00,47,2,0.0,0.0,0.0,0.0842,optimal
2021-02-11 16:30:00,47,2,0.0,0.0,0.0,0.22413333333333332,optimal
2021-02-11 17:00:00,47,2,0.0,0.9288888888888889,0.0,2.0377666666666667,optimal
2021-02-11 17:30:00,47,2,0.0,0.1548148148148148,0.0,0.9319666666666668,optimal
2021-02-11 18:00:00,47,2,0.0,0.23222222222222222,0.0,3.0586666666666664,optimal
2021-02-11 18:30:00,47,2,0.0,0.23222222222222222,0.0,0.25653333333333334,optimal
2021-02-11 19:00:00,47,2,0.0,0.0,0.0,2.0420333333333334,optimal
2021-02-11 19:30:00,47,2,0.7886128675930637,0.0,0.0,0.46216666666666667,optimal
2021-02-11 20:00:00,47,2,0.8898759861361123,0.0774074074074074,0.0,0.1029,optimal
2021-02-11 20:30:00,47,2,0.0,0.1548148148148148,0.0,0.5752666666666667,optimal
2021-02-11 21:00:00,47,2,0.0,0.0,0.0,1.8002333333333331,optimal
2021-02-11 21:30:00,47,2,0.0,0.0,0.0,1.9861,optimal
2021-02-11 22:00:00,47,2,0.0,0.0,0.0,0.8603,optimal
2021-02-11 22:30:00,47,2,0.0,0.0,0.0,0.09166666666666669,optimal
2021-02-11 23:00:00,47,2,0.0,0.0,0.0,0.15966666666666665,optimal
2021-02-11 23:30:00,47,2,0.0,0.0,0.0,0.1374,optimal
2021-02-12 00:00:00,47,2,1.1428571428571428,0.0,0.0,0.062,optimal
2021-02-12 00:30:00,47,2,1.1428571428571428,0.0,0.0,0.062,optimal
2021-02-12 01:00:00,47,2,1.1428571428571428,0.0,0.0,0.062,optimal
2021-02-12 01:30:00,47,2,1.1428571428571428,0.0,0.0,0.062,optimal
2021-02-12 02:00:00,47,2,1.1428571428571428,0.0,0.0,0.062,optimal
2021-02-12 02:30:00,47,2,1.1428571428571428,0.0,0.0,0.062,optimal
2021-02-12 03:00:00,47,2,1.1428571428571428,0.0,0.0,0.062,optimal
2021-02-12 03:30:00,47,2,1.1428571428571428,0.0,0.0,0.062,optimal
2021-02-12 04:00:00,47,2,1.1428571428571428,0.0,0.0,0.062,optimal
2021-02-12 04:30:00,47,2,1.1428571428571428,0.0,0.0,0.062,optimal
2021-02-12 05:00:00,47,2,1.1428571428571428,0.0,0.0,0.062,optimal
2021-02-12 05:30:00,47,2,1.1428571428571428,0.0,0.0,0.062,optimal
2021-02-12 06:00:00,47,2,1.1428571428571428,0.0,0.0,0.06233333333333334,optimal
2021-02-12 06:30:00,47,2,1.1428571428571428,0.0,4.561856948673318,0.072,optimal
2021-02-12 07:00:00,47,2,1.1428571428571428,0.0,10.0,0.06633333333333333,optimal
2021-02-12 07:30:00,47,2,1.1428571428571428,8.50421544591903,0.0,0.062,optimal
2021-02-12 08:00:00,47,2,0.9483857529417816,0.0,0.0,0.062,optimal
2021-02-12 08:30:00,47,2,0.9569417706727771,0.0,0.0,0.062,optimal
2021-02-12 09:00:00,47,2,0.8803803100079923,0.0,0.0,0.061666666666666654,optimal
2021-02-12 09:30:00,47,2,0.7064812578241406,0.0,0.0,0.16340000000000002,optimal
2021-02-12 10:00:00,47,2,0.45099189127156203,0.23222222222222222,0.0,0.277,optimal
2021-02-12 10:30:00,47,2,0.6160703320000458,0.0,0.0,0.062,optimal
2021-02-12 11:00:00,47,2,0.5034719343765616,0.0,0.0,0.06233333333333334,optimal
2021-02-12 11:30:00,47,2,0.8854613755486098,0.0,0.0,0.072,optimal
2021-02-12 12:00:00,47,2,1.1428571428571428,0.0,0.0,0.06366666666666666,optimal
2021-02-12 12:30:00,47,2,1.1428571428571428,0.0,0.0,0.062,optimal
2021-02-12 13:00:00,47,2,1.1428571428571428,0.0,0.0,0.062,optimal
2021-02-12 13:30:00,47,2,1.1428571428571428,0.0,0.0,0.07166666666666667,optimal
2021-02-12 14:00:00,47,2,1.1428571428571428,0.0,0.0,0.06333333333333334,optimal
2021-02-12 14:30:00,47,2,1.1428571428571428,0.0,0.0,0.062,optimal
2021-02-12 15:00:00,47,2,1.1428571428571428,0.0,0.0,0.062,optimal
2021-02-12 15:30:00,47,2,1.1428571428571428,0.0,0.0,0.06233333333333334,optimal
2021-02-12 16:00:00,47,2,0.0,0.0,0.0,0.072,optimal
2021-02-12 16:30:00,47,2,0.0,0.0,0.0,0.07033333333333333,optimal
2021-02-12 17:00:00,47,2,0.0,0.0,0.0,0.062,optimal
2021-02-12 17:30:00,47,2,0.0,0.0,0.0,0.062,optimal
2021-02-12 18:00:00,47,2,0.0,0.0,0.0,0.10136666666666666,optimal
2021-02-12 18:30:00,47,2,0.0,0.5418518518518518,0.0,0.0668,optimal
2021-02-12 19:00:00,47,2,0.0,0.1548148148148148,0.0,0.2566666666666667,optimal
2021-02-12 19:30:00,47,2,0.6077614276096058,0.0,0.0,0.2750666666666667,optimal
2021-02-12 20:00:00,47,2,0.5879632459989258,0.0,0.0,0.3735,optimal
2021-02-12 20:30:00,47,2,0.0,0.0,0.0,0.48419999999999996,optimal
2021-02-12 21:00:00,47,2,0.0,0.3096296296296296,0.0,0.7074333333333332,optimal
2021-02-12 21:30:00,47,2,0.0,0.1548148148148148,0.0,0.388,optimal
2021-02-12 22:00:00,47,2,0.0,0.0,0.0,0.36186666666666667,optimal
2021-02-12 22:30:00,47,2,0.0,0.0,0.0,0.17533333333333334,optimal
2021-02-12 23:00:00,47,2,0.0,0.0,0.0,0.072,optimal
2021-02-12 23:30:00,47,2,0.0,0.0,0.0,0.072,optimal
2021-02-13 00:00:00,47,2,0.0,0.0,0.0,0.059,optimal
2021-02-13 00:30:00,47,2,0.1475014220716859,0.0,0.0,0.059,optimal
2021-02-13 01:00:00,47,2,1.1428571428571428,0.0,0.0,0.059,optimal
2021-02-13 01:30:00,47,2,1.1428571428571428,0.0,0.0,0.059,optimal
2021-02-13 02:00:00,47,2,1.1428571428571428,0.387037037037037,0.0,0.261,optimal
2021-02-13 02:30:00,47,2,1.1428571428571428,0.0,0.0,0.059,optimal
2021-02-13 03:00:00,47,2,1.1428571428571428,0.0,0.0,0.059,optimal
2021-02-13 03:30:00,47,2,1.1428571428571428,0.0,0.0,0.059,optimal
2021-02-13 04:00:00,47,2,1.1428571428571428,0.0,0.0,0.059,optimal
2021-02-13 04:30:00,47,2,1.1428571428571428,0.0,0.0,0.059,optimal
2021-02-13 05:00:00,47,2,1.1428571428571428,0.0,0.0,0.059,optimal
2021-02-13 05:30:00,47,2,1.1428571428571428,0.0,0.0,0.059,optimal
2021-02-13 06:00:00,47,2,1.1428571428571428,0.0,0.9239859237612941,0.059,optimal
2021-02-13 06:30:00,47,2,1.1428571428571428,0.0,10.0,0.059,optimal
2021-02-13 07:00:00,47,2,1.1428571428571428,0.3096296296296296,10.0,0.11346666666666669,optimal
2021-02-13 07:30:00,47,2,1.1428571428571428,0.3096296296296296,0.0,0.12153333333333331,optimal
2021-02-13 08:00:00,47,2,0.6902831503518926,0.46444444444444444,0.0,0.189,optimal
2021-02-13 08:30:00,47,2,0.7525631935381909,0.0,0.0,0.208,optimal
2021-02-13 09:00:00,47,2,0.7894200170727024,0.0,0.0,0.10866666666666669,optimal
2021-02-13 09:30:00,47,2,0.8156773758613379,0.0,0.0,0.06433333333333333,optimal
2021-02-13 10:00:00,47,2,0.7028341523155365,0.0,0.0,0.062,optimal
2021-02-13 10:30:00,47,2,0.7006951478827815,0.0,0.0,0.059,optimal
2021-02-13 11:00:00,47,2,0.5786430374797932,0.0,0.0,0.059,optimal
2021-02-13 11:30:00,47,2,1.0730550540654118,0.0,0.0,0.059,optimal
2021-02-13 12:00:00,47,2,1.1428571428571428,0.0,0.0,0.06666666666666667,optimal
2021-02-13 12:30:00,47,2,1.1428571428571428,0.0,0.0,0.1507666666666667,optimal
2021-02-13 13:00:00,47,2,1.1428571428571428,0.0,0.0,0.11113333333333333,optimal
2021-02-13 13:30:00,47,2,1.1428571428571428,0.3096296296296296,0.0,0.2118333333333333,optimal
2021-02-13 14:00:00,47,2,1.1428571428571428,0.3096296296296296,0.0,0.5549,optimal
2021-02-13 14:30:00,47,2,1.1428571428571428,0.0,0.0,1.1985999999999999,optimal
2021-02-13 15:00:00,47,2,1.1428571428571428,0.0,0.0,0.141,optimal
2021-02-13 15:30:00,47,2,1.1428571428571428,0.0,0.0,0.15280000000000002,optimal
2021-02-13 16:00:00,47,2,0.0,0.0,0.0,0.1764,optimal
2021-02-13 16:30:00,47,2,0.0,0.0,0.0,0.1635,optimal
2021-02-13 17:00:00,47,2,0.0,0.0,0.0,0.069,optimal
2021-02-13 17:30:00,47,2,0.0,0.0774074074074074,0.0,0.09926666666666668,optimal
2021-02-13 18:00:00,47,2,0.0,0.0,0.0,0.11743333333333333,optimal
2021-02-13 18:30:00,47,2,0.0,0.6192592592592592,0.0,0.7786000000000001,optimal
2021-02-13 19:00:00,47,2,0.0,0.0774074074074074,0.0,1.4809666666666668,optimal
2021-02-13 19:30:00,47,2,0.6092909514191382,0.0,0.0,0.9315333333333332,optimal
2021-02-13 20:00:00,47,2,0.6370489602846302,0.0,0.0,0.361,optimal
2021-02-13 20:30:00,47,2,0.0,0.0,0.0,0.35296666666666665,optimal
2021-02-13 21:00:00,47,2,0.0,0.0,0.0,0.3186666666666667,optimal
2021-02-13 21:30:00,47,2,0.0,0.0,0.0,0.36619999999999997,optimal
2021-02-13 22:00:00,47,2,0.0,0.0,0.0,0.2512333333333333,optimal
2021-02-13 22:30:00,47,2,0.0,0.1548148148148148,0.0,0.5264666666666667,optimal
2021-02-13 23:00:00,47,2,0.0,0.0,0.0,0.32623333333333326,optimal
2021-02-13 23:30:00,47,2,0.0,0.0774074074074074,0.0,0.318,optimal
2021-02-07 00:00:00,48,2,0.0,0.0,0.0,0.0747,optimal
2021-02-07 00:30:00,48,2,0.0,0.0,0.0,0.11923333333333332,optimal
2021-02-07 01:00:00,48,2,0.0,0.0,0.0,0.14806666666666665,optimal
2021-02-07 01:30:00,48,2,0.0,0.0,0.0,0.10946666666666668,optimal
2021-02-07 02:00:00,48,2,0.0,0.0,0.0,0.06356666666666667,optimal
2021-02-07 02:30:00,48,2,0.0,0.0,0.0,0.2719,optimal
2021-02-07 03:00:00,48,2,0.0,0.0,0.0,0.058,optimal
2021-02-07 03:30:00,48,2,0.0,0.0,0.0,0.1545,optimal
2021-02-07 04:00:00,48,2,1.1428571428571428,0.0,0.0,0.15313333333333332,optimal
2021-02-07 04:30:00,48,2,1.1428571428571428,0.0,0.0,0.09226666666666668,optimal
2021-02-07 05:00:00,48,2,1.1428571428571428,0.0,0.0,0.1931,optimal
2021-02-07 05:30:00,48,2,1.1428571428571428,0.0,0.0,0.13593333333333335,optimal
2021-02-07 06:00:00,48,2,1.1428571428571428,0.3096296296296296,0.0,0.17823333333333333,optimal
2021-02-07 06:30:00,48,2,1.1428571428571428,0.387037037037037,1.4055777348378222,0.9714333333333331,optimal
2021-02-07 07:00:00,48,2,1.1428571428571428,0.0,0.0,0.09073333333333332,optimal
2021-02-07 07:30:00,48,2,0.0,0.0,0.0,0.14806666666666665,optimal
2021-02-07 08:00:00,48,2,0.21304578200712648,0.0,0.0,0.19273333333333328,optimal
2021-02-07 08:30:00,48,2,0.7768069213990321,0.0,0.0,0.06666666666666667,optimal
2021-02-07 09:00:00,48,2,0.6961359470016936,0.0,0.0,0.22736666666666666,optimal
2021-02-07 09:30:00,48,2,0.7280731330451332,0.0,0.0,0.10809999999999999,optimal
2021-02-07 10:00:00,48,2,0.6668091468821212,0.0,0.0,0.16736666666666666,optimal
2021-02-07 10:30:00,48,2,0.6788300128904808,0.0,0.0,0.14026666666666668,optimal
2021-02-07 11:00:00,48,2,1.1198550839957317,0.0,0.0,0.08583333333333333,optimal
2021-02-07 11:30:00,48,2,1.1428571428571428,0.0,0.0,0.19953333333333334,optimal
2021-02-07 12:00:00,48,2,1.1428571428571428,0.0,0.0,0.13593333333333335,optimal
2021-02-07 12:30:00,48,2,1.1428571428571428,0.0,0.0,0.16093333333333334,optimal
2021-02-07 13:00:00,48,2,1.1428571428571428,0.0,0.0,0.15783333333333335,optimal
2021-02-07 13:30:00,48,2,1.1428571428571428,0.0,0.0,0.0747,optimal
2021-02-07 14:00:00,48,2,1.1428571428571428,0.0,0.0,0.19866666666666663,optimal
2021-02-07 14:30:00,48,2,1.1428571428571428,0.0,0.0,0.1368,optimal
2021-02-07 15:00:00,48,2,1.1428571428571428,0.0,0.0,0.1545,optimal
2021-02-07 15:30:00,48,2,1.1428571428571428,0.0,0.0,0.17516666666666666,optimal
2021-02-07 16:00:00,48,2,0.0,0.0,0.0,0.07913333333333333,optimal
2021-02-07 16:30:00,48,2,0.0,0.0,0.0,0.20286666666666667,optimal
2021-02-07 17:00:00,48,2,0.0,0.0,0.0,0.13593333333333335,optimal
2021-02-07 17:30:00,48,2,0.0,0.0,0.0,0.061,optimal
2021-02-07 18:00:00,48,2,0.0,0.0,0.0,0.1879,optimal
2021-02-07 18:30:00,48,2,0.0,0.0,0.0,0.07529999999999999,optimal
2021-02-07 19:00:00,48,2,0.0,0.9288888888888889,0.0,0.237,optimal
2021-02-07 19:30:00,48,2,0.6157041938150687,0.1548148148148148,0.0,0.3604,optimal
2021-02-07 20:00:00,48,2,0.6328565747674437,0.0,0.0,0.27436666666666665,optimal
2021-02-07 20:30:00,48,2,0.0,0.1548148148148148,0.0,0.3361,optimal
2021-02-07 21:00:00,48,2,0.0,0.3096296296296296,0.0,0.32743333333333335,optimal
2021-02-07 21:30:00,48,2,0.0,0.0,0.0,1.1328666666666665,optimal
2021-02-07 22:00:00,48,2,0.0,0.0774074074074074,0.0,0.9003,optimal
2021-02-07 22:30:00,48,2,0.0,0.0,0.0,0.30019999999999997,optimal
2021-02-07 23:00:00,48,2,0.0,0.0,0.0,0.19933333333333328,optimal
2021-02-07 23:30:00,48,2,0.0,0.0,0.0,1.0194666666666667,optimal
2021-02-08 00:00:00,48,2,0.0,0.0,0.0,0.065,optimal
2021-02-08 00:30:00,48,2,0.0,0.0,0.0,0.201,optimal
2021-02-08 01:00:00,48,2,0.0,0.0,0.0,0.07859999999999999,optimal
2021-02-08 01:30:00,48,2,0.5843553268617703,0.0,0.0,0.1823333333333333,optimal
2021-02-08 02:00:00,48,2,1.1428571428571428,0.0,0.0,0.21459999999999999,optimal
2021-02-08 02:30:00,48,2,1.1428571428571428,0.0,0.0,0.065,optimal
2021-02-08 03:00:00,48,2,1.1428571428571428,0.0,0.0,0.133,optimal
2021-02-08 03:30:00,48,2,1.1428571428571428,0.0,0.0,0.20526666666666668,optimal
2021-02-08 04:00:00,48,2,1.1428571428571428,0.0,0.0,0.12366666666666669,optimal
2021-02-08 04:30:00,48,2,1.1428571428571428,0.0,4.396324512858486,0.065,optimal
2021-02-08 05:00:00,48,2,1.1428571428571428,0.0,10.0,0.21459999999999999,optimal
2021-02-08 05:30:00,48,2,1.1428571428571428,0.0,10.0,0.065,optimal
2021-02-08 06:00:00,48,2,1.1428571428571428,0.0,10.0,0.13373333333333332,optimal
2021-02-08 06:30:00,48,2,1.1428571428571428,0.5418518518518518,0.0,0.4908666666666667,optimal
2021-02-08 07:00:00,48,2,1.1428571428571428,0.0,0.0,0.065,optimal
2021-02-08 07:30:00,48,2,1.1428571428571428,0.0774074074074074,0.0,0.2144,optimal
2021-02-08 08:00:00,48,2,0.6372102527820829,0.1548148148148148,0.0,0.38603333333333334,optimal
2021-02-08 08:30:00,48,2,0.6424920711713943,2.631851851851852,0.0,0.3641333333333333,optimal
2021-02-08 09:00:00,48,2,0.46378237224644847,0.0774074074074074,0.0,2.0046,optimal
2021-02-08 09:30:00,48,2,0.32515202561485473,0.0,0.0,2.7710666666666666,optimal
2021-02-08 10:00:00,48,2,0.29662841496007014,0.5418518518518518,0.0,1.1383333333333332,optimal
2021-02-08 10:30:00,48,2,0.46682447587736525,0.0,0.0,0.3892,optimal
2021-02-08 11:00:00,48,2,0.30967821935204476,0.0774074074074074,0.0,0.5914666666666667,optimal
2021-02-08 11:30:00,48,2,0.3548668771532054,0.1548148148148148,0.0,0.48106666666666664,optimal
2021-02-08 12:00:00,48,2,0.32549474062638667,0.0774074074074074,0.0,0.3916,optimal
2021-02-08 12:30:00,48,2,1.0586139628425566,0.23222222222222222,0.0,0.2088333333333333,optimal
2021-02-08 13:00:00,48,2,1.1428571428571428,0.0,0.0,0.37826666666666664,optimal
2021-02-08 13:30:00,48,2,1.1428571428571428,0.0,0.0,0.1688,optimal
2021-02-08 14:00:00,48,2,1.1428571428571428,0.0,0.0,0.2047333333333333,optimal
2021-02-08 14:30:00,48,2,1.1428571428571428,0.0,0.0,0.177,optimal
2021-02-08 15:00:00,48,2,1.1428571428571428,0.0,0.0,0.19233333333333327,optimal
2021-02-08 15:30:00,48,2,1.1428571428571428,0.0,0.0,0.2246,optimal
2021-02-08 16:00:00,48,2,0.0,0.0,0.0,0.19233333333333327,optimal
2021-02-08 16:30:00,48,2,0.0,0.0,0.0,0.075,optimal
2021-02-08 17:00:00,48,2,0.0,0.0,0.0,1.2074,optimal
2021-02-08 17:30:00,48,2,0.0,0.23222222222222222,0.0,0.2945,optimal
2021-02-08 18:00:00,48,2,0.0,0.1548148148148148,0.0,0.4876666666666667,optimal
2021-02-08 18:30:00,48,2,0.0,0.1548148148148148,0.0,0.21453333333333333,optimal
2021-02-08 19:00:00,48,2,0.0,0.0,0.0,0.3698,optimal
2021-02-08 19:30:00,48,2,0.5862554951100046,0.3096296296296296,0.0,0.4773,optimal
2021-02-08 20:00:00,48,2,0.5626915560272979,0.0,0.0,0.4814666666666666,optimal
2021-02-08 20:30:00,48,2,0.0,2.3222222222222215,0.0,0.6237333333333334,optimal
2021-02-08 21:00:00,48,2,0.0,0.0,0.0,0.44630000000000003,optimal
2021-02-08 21:30:00,48,2,0.0,0.0,0.0,0.6254,optimal
2021-02-08 22:00:00,48,2,0.0,0.0,0.0,0.48233333333333334,optimal
2021-02-08 22:30:00,48,2,0.0,0.0,0.0,0.524,optimal
2021-02-08 23:00:00,48,2,0.0,0.23222222222222222,0.0,0.5007666666666667,optimal
2021-02-08 23:30:00,48,2,0.0,0.0,0.0,0.075,optimal
2021-02-09 00:00:00,48,2,0.0,0.0,0.0,0.058,optimal
2021-02-09 00:30:00,48,2,0.0,0.0,0.0,0.08626666666666667,optimal
2021-02-09 01:00:00,48,2,0.0,0.0,0.0,0.29460000000000003,optimal
2021-02-09 01:30:00,48,2,0.3774579249417558,0.0,0.0,0.06313333333333333,optimal
2021-02-09 02:00:00,48,2,1.1428571428571428,0.0,0.0,0.1873333333333333,optimal
2021-02-09 02:30:00,48,2,1.1428571428571428,0.0,0.0,0.17813333333333334,optimal
2021-02-09 03:00:00,48,2,1.1428571428571428,0.0,0.0,0.16333333333333333,optimal
2021-02-09 03:30:00,48,2,1.1428571428571428,0.0,0.0,0.07213333333333334,optimal
2021-02-09 04:00:00,48,2,1.1428571428571428,0.0,0.0,0.22906666666666664,optimal
2021-02-09 04:30:00,48,2,1.1428571428571428,0.0,0.0,0.15693333333333334,optimal
2021-02-09 05:00:00,48,2,1.1428571428571428,0.0,0.0,0.15206666666666666,optimal
2021-02-09 05:30:00,48,2,1.1428571428571428,0.0,0.0,0.135,optimal
2021-02-09 06:00:00,48,2,1.1428571428571428,0.0,0.0,0.15693333333333334,optimal
2021-02-09 06:30:00,48,2,1.1428571428571428,0.23222222222222222,6.669688917217992,0.17286666666666667,optimal
2021-02-09 07:00:00,48,2,1.1428571428571428,2.631851851851852,10.0,1.2738,optimal
2021-02-09 07:30:00,48,2,1.1428571428571428,0.46444444444444444,0.0,1.7290666666666665,optimal
2021-02-09 08:00:00,48,2,0.6988418563811135,0.6192592592592592,0.0,0.3457333333333333,optimal
2021-02-09 08:30:00,48,2,0.7894953192733388,0.0,0.0,0.242,optimal
2021-02-09 09:00:00,48,2,0.7593614136825401,0.0,0.0,0.12293333333333334,optimal
2021-02-09 09:30:00,48,2,0.7431559585146115,0.0,0.0,0.13473333333333332,optimal
2021-02-09 10:00:00,48,2,0.6179808406225256,0.0,0.0,0.18206666666666663,optimal
2021-02-09 10:30:00,48,2,0.5099810565540133,0.0,0.0,0.3756333333333333,optimal
2021-02-09 11:00:00,48,2,0.46502582993430164,0.387037037037037,0.0,0.173,optimal
2021-02-09 11:30:00,48,2,0.3922868255015563,0.1548148148148148,0.0,0.4001,optimal
2021-02-09 12:00:00,48,2,0.7141123836125302,0.0,0.0,0.08013333333333333,optimal
2021-02-09 12:30:00,48,2,1.1428571428571428,0.0,0.0,0.066,optimal
2021-02-09 13:00:00,48,2,1.1428571428571428,0.6966666666666667,0.0,0.42183333333333334,optimal
2021-02-09 13:30:00,48,2,1.1428571428571428,0.3096296296296296,0.0,0.17333333333333334,optimal
2021-02-09 14:00:00,48,2,1.1428571428571428,0.0,0.0,0.0832,optimal
2021-02-09 14:30:00,48,2,1.1428571428571428,0.0,0.0,0.21306666666666663,optimal
2021-02-09 15:00:00,48,2,1.1428571428571428,0.0,0.0,0.10166666666666668,optimal
2021-02-09 15:30:00,48,2,1.1428571428571428,0.0,0.0,0.1098,optimal
2021-02-09 16:00:00,48,2,0.0,0.0,0.0,0.2696,optimal
2021-02-09 16:30:00,48,2,0.0,0.0,0.0,0.1022,optimal
2021-02-09 17:00:00,48,2,0.0,0.0,0.0,0.17406666666666668,optimal
2021-02-09 17:30:00,48,2,0.0,0.0,0.0,0.23953333333333332,optimal
2021-02-09 18:00:00,48,2,0.0,0.46444444444444444,0.0,0.11553333333333332,optimal
2021-02-09 18:30:00,48,2,0.0,0.0,0.0,0.4356666666666667,optimal
2021-02-09 19:00:00,48,2,0.0,0.0,0.0,0.47756666666666664,optimal
2021-02-09 19:30:00,48,2,0.5867681783664681,0.0,0.0,0.37846666666666656,optimal
2021-02-09 20:00:00,48,2,0.622844368842656,0.0,0.0,0.3564,optimal
2021-02-09 20:30:00,48,2,0.0,0.1548148148148148,0.0,0.6003333333333334,optimal
2021-02-09 21:00:00,48,2,0.0,0.0,0.0,1.0021666666666667,optimal
2021-02-09 21:30:00,48,2,0.0,0.0,0.0,1.5861666666666667,optimal
2021-02-09 22:00:00,48,2,0.0,0.23222222222222222,0.0,3.2565666666666666,optimal
2021-02-09 22:30:00,48,2,0.0,0.0,0.0,0.33516666666666667,optimal
2021-02-09 23:00:00,48,2,0.0,0.0,0.0,0.15280000000000002,optimal
2021-02-09 23:30:00,48,2,0.0,0.0,0.0,0.22386666666666669,optimal
2021-02-10 00:00:00,48,2,0.0,0.0,0.0,0.05546666666666667,optimal
2021-02-10 00:30:00,48,2,0.0,0.0,0.0,0.045,optimal
2021-02-10 01:00:00,48,2,0.21942824141849138,0.0,0.0,0.045,optimal
2021-02-10 01:30:00,48,2,1.1428571428571428,0.0,0.0,0.045,optimal
2021-02-10 02:00:00,48,2,1.1428571428571428,0.0,0.0,0.111,optimal
2021-02-10 02:30:00,48,2,1.1428571428571428,0.0,0.0,0.045,optimal
2021-02-10 03:00:00,48,2,1.1428571428571428,0.0,0.0,0.045,optimal
2021-02-10 03:30:00,48,2,1.1428571428571428,0.0,0.0,0.111,optimal
2021-02-10 04:00:00,48,2,1.1428571428571428,0.0,0.0,0.045,optimal
2021-02-10 04:30:00,48,2,1.1428571428571428,0.0,0.0,0.045,optimal
2021-02-10 05:00:00,48,2,1.1428571428571428,0.0,0.0,0.08166666666666667,optimal
2021-02-10 05:30:00,48,2,1.1428571428571428,0.0,0.0,0.07433333333333333,optimal
2021-02-10 06:00:00,48,2,1.1428571428571428,0.0,0.0,0.05666666666666666,optimal
2021-02-10 06:30:00,48,2,1.1428571428571428,0.6966666666666667,4.281712506169473,1.2359666666666667,optimal
2021-02-10 07:00:00,48,2,1.1428571428571428,0.46444444444444444,10.0,0.096,optimal
2021-02-10 07:30:00,48,2,1.1428571428571428,0.6192592592592592,0.0,0.2523,optimal
2021-02-10 08:00:00,48,2,0.6539331091158719,0.1548148148148148,0.0,0.154,optimal
2021-02-10 08:30:00,48,2,0.6047599485277267,2.2448148148148146,0.0,1.018,optimal
2021-02-10 09:00:00,48,2,0.5433280564264752,0.6966666666666667,0.0,0.26646666666666663,optimal
2021-02-10 09:30:00,48,2,0.5123625148859413,1.0837037037037036,0.0,0.4044,optimal
2021-02-10 10:00:00,48,2,0.6594091112707965,0.0,0.0,0.066,optimal
2021-02-10 10:30:00,48,2,0.6404206694011205,0.0,0.0,0.11,optimal
2021-02-10 11:00:00,48,2,0.5775480169276603,0.0,0.0,0.055,optimal
2021-02-10 11:30:00,48,2,0.5701271509193067,0.0,0.0,0.066,optimal
2021-02-10 12:00:00,48,2,0.46001196439440756,0.0,0.0,0.11,optimal
2021-02-10 12:30:00,48,2,0.5419781433618565,0.0,0.0,0.055,optimal
2021-02-10 13:00:00,48,2,1.1428571428571428,0.0,0.0,0.055,optimal
2021-02-10 13:30:00,48,2,1.1428571428571428,0.0,0.0,0.055,optimal
2021-02-10 14:00:00,48,2,1.1428571428571428,0.0,0.0,0.121,optimal
2021-02-10 14:30:00,48,2,1.1428571428571428,0.0,0.0,0.055,optimal
2021-02-10 15:00:00,48,2,1.1428571428571428,0.0,0.0,0.121,optimal
2021-02-10 15:30:00,48,2,1.1428571428571428,0.1548148148148148,0.0,0.19876666666666667,optimal
2021-02-10 16:00:00,48,2,0.0,0.0,0.0,0.121,optimal
2021-02-10 16:30:00,48,2,0.0,0.23222222222222222,0.0,0.22426666666666667,optimal
2021-02-10 17:00:00,48,2,0.0,0.0774074074074074,0.0,0.3041333333333333,optimal
2021-02-10 17:30:00,48,2,0.0,0.0,0.0,0.27996666666666664,optimal
2021-02-10 18:00:00,48,2,0.0,0.3096296296296296,0.0,1.3236333333333334,optimal
2021-02-10 18:30:00,48,2,0.0,0.23222222222222222,0.0,2.6374666666666666,optimal
2021-02-10 19:00:00,48,2,0.0,0.23222222222222222,0.0,0.4276666666666667,optimal
2021-02-10 19:30:00,48,2,0.5547879647173887,0.0,0.0,0.47103333333333336,optimal
2021-02-10 20:00:00,48,2,0.7586925106906637,0.0,0.0,0.15033333333333335,optimal
2021-02-10 20:30:00,48,2,0.0,0.0,0.0,0.055,optimal
2021-02-10 21:00:00,48,2,0.0,0.0,0.0,0.055,optimal
2021-02-10 21:30:00,48,2,0.0,0.0,0.0,0.121,optimal
2021-02-10 22:00:00,48,2,0.0,0.0,0.0,0.055,optimal
2021-02-10 22:30:00,48,2,0.0,0.0,0.0,0.066,optimal
2021-02-10 23:00:00,48,2,0.0,0.0,0.0,0.11,optimal
2021-02-10 23:30:00,48,2,0.0,0.0,0.0,0.17306666666666667,optimal
2021-02-11 00:00:00,48,2,1.1428571428571428,0.0774074074074074,0.0,2.089233333333333,optimal
2021-02-11 00:30:00,48,2,1.1428571428571428,0.0,0.0,0.059,optimal
2021-02-11 01:00:00,48,2,1.1428571428571428,0.0,0.0,0.12833333333333335,optimal
2021-02-11 01:30:00,48,2,1.1428571428571428,0.0,0.0,0.107,optimal
2021-02-11 02:00:00,48,2,1.1428571428571428,0.0,0.0,0.059,optimal
2021-02-11 02:30:00,48,2,1.1428571428571428,0.0,0.0,0.17633333333333334,optimal
2021-02-11 03:00:00,48,2,1.1428571428571428,0.0,0.0,0.059,optimal
2021-02-11 03:30:00,48,2,1.1428571428571428,0.0,0.0,0.059,optimal
2021-02-11 04:00:00,48,2,1.1428571428571428,0.0,0.0,0.059,optimal
2021-02-11 04:30:00,48,2,1.1428571428571428,0.0,0.0,0.17633333333333334,optimal
2021-02-11 05:00:00,48,2,1.1428571428571428,0.0,0.0,0.059,optimal
2021-02-11 05:30:00,48,2,1.1428571428571428,0.23222222222222222,0.0,1.0817,optimal
2021-02-11 06:00:00,48,2,1.1428571428571428,2.39962962962963,6.122649385737783,1.7717333333333332,optimal
2021-02-11 06:30:00,48,2,1.1428571428571428,2.4770370370370367,10.0,2.293333333333333,optimal
2021-02-11 07:00:00,48,2,1.1428571428571428,0.46444444444444444,0.0,2.4592666666666667,optimal
2021-02-11 07:30:00,48,2,1.1428571428571428,1.9186453437194433,0.0,0.149,optimal
2021-02-11 08:00:00,48,2,0.9454496465557741,0.0,0.0,0.069,optimal
2021-02-11 08:30:00,48,2,0.9351047550921211,0.0,0.0,0.12766666666666668,optimal
2021-02-11 09:00:00,48,2,0.8671312304273595,0.0,0.0,0.12766666666666668,optimal
2021-02-11 09:30:00,48,2,0.8133059889085106,0.0,0.0,0.069,optimal
2021-02-11 10:00:00,48,2,0.6175375045363748,0.0,0.0,0.07966666666666668,optimal
2021-02-11 10:30:00,48,2,0.6157769863008024,0.0,0.0,0.17566666666666667,optimal
2021-02-11 11:00:00,48,2,0.5753245612717529,0.0,0.0,0.069,optimal
2021-02-11 11:30:00,48,2,0.6873103142643258,0.0,0.0,0.1863333333333333,optimal
2021-02-11 12:00:00,48,2,1.1428571428571428,0.0,0.0,0.069,optimal
2021-02-11 12:30:00,48,2,1.1428571428571428,0.0,0.0,0.15433333333333335,optimal
2021-02-11 13:00:00,48,2,1.1428571428571428,0.0,0.0,0.101,optimal
2021-02-11 13:30:00,48,2,1.1428571428571428,0.0,0.0,0.069,optimal
2021-02-11 14:00:00,48,2,1.1428571428571428,0.0,0.0,0.165,optimal
2021-02-11 14:30:00,48,2,1.1428571428571428,0.0,0.0,0.09033333333333332,optimal
2021-02-11 15:00:00,48,2,1.1428571428571428,0.0,0.0,0.12233333333333331,optimal
2021-02-11 15:30:00,48,2,1.1428571428571428,0.0,0.0,0.133,optimal
2021-02-11 16:00:00,48,2,0.0,0.0,0.0,0.069,optimal
2021-02-11 16:30:00,48,2,0.0,0.0,0.0,0.9252,optimal
2021-02-11 17:00:00,48,2,0.0,0.0,0.0,0.23166666666666663,optimal
2021-02-11 17:30:00,48,2,0.0,0.387037037037037,0.0,0.4728333333333333,optimal
2021-02-11 18:00:00,48,2,0.0,0.0774074074074074,0.0,1.7935999999999999,optimal
2021-02-11 18:30:00,48,2,0.0,0.6966666666666667,0.0,0.27566666666666667,optimal
2021-02-11 19:00:00,48,2,0.0,0.3096296296296296,0.0,1.4848666666666666,optimal
2021-02-11 19:30:00,48,2,0.7665490580692469,0.23222222222222222,0.0,2.3736333333333333,optimal
2021-02-11 20:00:00,48,2,0.8363731289932512,0.0774074074074074,0.0,0.9540333333333332,optimal
2021-02-11 20:30:00,48,2,0.0,2.39962962962963,0.0,0.5276666666666666,optimal
2021-02-11 21:00:00,48,2,0.0,0.387037037037037,0.0,0.4876666666666667,optimal
2021-02-11 21:30:00,48,2,0.0,0.0,0.0,1.6645,optimal
2021-02-11 22:00:00,48,2,0.0,0.0,0.0,0.11166666666666669,optimal
2021-02-11 22:30:00,48,2,0.0,0.0,0.0,0.069,optimal
2021-02-11 23:00:00,48,2,0.0,0.0,0.0,0.1863333333333333,optimal
2021-02-11 23:30:00,48,2,0.0,0.0,0.0,0.069,optimal
2021-02-12 00:00:00,48,2,1.1428571428571428,0.0,0.0,0.055,optimal
2021-02-12 00:30:00,48,2,1.1428571428571428,0.0,0.0,0.055,optimal
2021-02-12 01:00:00,48,2,1.1428571428571428,0.0,0.0,0.165,optimal
2021-02-12 01:30:00,48,2,1.1428571428571428,0.0,0.0,0.055,optimal
2021-02-12 02:00:00,48,2,1.1428571428571428,0.0,0.0,0.22,optimal
2021-02-12 02:30:00,48,2,1.1428571428571428,0.0,0.0,0.075,optimal
2021-02-12 03:00:00,48,2,1.1428571428571428,0.0,0.0,0.19,optimal
2021-02-12 03:30:00,48,2,1.1428571428571428,0.0,0.0,0.105,optimal
2021-02-12 04:00:00,48,2,1.1428571428571428,0.0,0.0,0.07583333333333332,optimal
2021-02-12 04:30:00,48,2,1.1428571428571428,0.0,0.0,0.10916666666666669,optimal
2021-02-12 05:00:00,48,2,1.1428571428571428,0.0,0.0,0.135,optimal
2021-02-12 05:30:00,48,2,1.1428571428571428,0.0,0.0,0.1495,optimal
2021-02-12 06:00:00,48,2,1.1428571428571428,0.0,0.0,0.0805,optimal
2021-02-12 06:30:00,48,2,1.1428571428571428,0.0,0.0,0.162,optimal
2021-02-12 07:00:00,48,2,1.1428571428571428,0.0,9.598824136458246,0.13433333333333333,optimal
2021-02-12 07:30:00,48,2,1.1428571428571428,8.576565155766174,0.0,0.15396666666666667,optimal
2021-02-12 08:00:00,48,2,0.8485190862751162,1.140985185185185,0.0,0.2825,optimal
2021-02-12 08:30:00,48,2,0.893427484958491,0.0,0.0,0.20426666666666668,optimal
2021-02-12 09:00:00,48,2,0.8242945957222799,0.0,0.0,0.21,optimal
2021-02-12 09:30:00,48,2,0.7225879244908063,0.46444444444444444,0.0,0.2732333333333333,optimal
2021-02-12 10:00:00,48,2,0.41890617698585825,0.0774074074074074,0.0,0.4745,optimal
2021-02-12 10:30:00,48,2,0.396479855809565,0.23222222222222222,0.0,0.2906666666666667,optimal
2021-02-12 11:00:00,48,2,0.2937671724717955,0.0,0.0,0.325,optimal
2021-02-12 11:30:00,48,2,0.2912567394676137,0.1548148148148148,0.0,0.8348,optimal
2021-02-12 12:00:00,48,2,0.06209459252516236,0.0,0.0,3.5877,optimal
2021-02-12 12:30:00,48,2,0.16105844523527713,0.0,0.0,1.7862,optimal
2021-02-12 13:00:00,48,2,1.1428571428571428,0.0,0.0,0.378,optimal
2021-02-12 13:30:00,48,2,1.1428571428571428,0.5418518518518518,0.0,0.2068,optimal
2021-02-12 14:00:00,48,2,1.1428571428571428,0.0,0.0,0.19519999999999998,optimal
2021-02-12 14:30:00,48,2,1.1428571428571428,0.0,0.0,0.37973333333333337,optimal
2021-02-12 15:00:00,48,2,1.1428571428571428,0.387037037037037,0.0,0.6497999999999999,optimal
2021-02-12 15:30:00,48,2,1.1428571428571428,0.0,0.0,0.23476666666666668,optimal
2021-02-12 16:00:00,48,2,0.0,0.6966666666666667,0.0,0.3470666666666667,optimal
2021-02-12 16:30:00,48,2,0.0,0.0774074074074074,0.0,0.2519,optimal
2021-02-12 17:00:00,48,2,0.0,0.387037037037037,0.0,0.09633333333333331,optimal
2021-02-12 17:30:00,48,2,0.0,0.23222222222222222,0.0,0.33053333333333335,optimal
2021-02-12 18:00:00,48,2,0.0,0.5418518518518518,0.0,2.6015333333333333,optimal
2021-02-12 18:30:00,48,2,0.0,0.0,0.0,2.058333333333333,optimal
2021-02-12 19:00:00,48,2,0.0,0.0,0.0,0.1832666666666667,optimal
2021-02-12 19:30:00,48,2,0.0,0.0,0.0,0.13166666666666665,optimal
2021-02-12 20:00:00,48,2,0.7583434479928527,0.0,0.0,0.09833333333333331,optimal
2021-02-12 20:30:00,48,2,0.0,0.0,0.0,0.21666666666666662,optimal
2021-02-12 21:00:00,48,2,0.0,0.0,0.0,0.065,optimal
2021-02-12 21:30:00,48,2,0.0,0.0,0.0,0.16,optimal
2021-02-12 22:00:00,48,2,0.0,0.0,0.0,0.12583333333333332,optimal
2021-02-12 22:30:00,48,2,0.0,0.0,0.0,0.09416666666666669,optimal
2021-02-12 23:00:00,48,2,0.0,0.0,0.0,0.4794666666666666,optimal
2021-02-12 23:30:00,48,2,0.0,0.0,0.0,0.9268,optimal
2021-02-13 00:00:00,48,2,0.0,1.548148148148148,0.0,0.5713333333333334,optimal
2021-02-13 00:30:00,48,2,0.5704198116295139,0.0,0.0,0.16146666666666668,optimal
2021-02-13 01:00:00,48,2,1.1428571428571428,0.0,0.0,0.1468,optimal
2021-02-13 01:30:00,48,2,1.1428571428571428,0.0,0.0,0.12543333333333334,optimal
2021-02-13 02:00:00,48,2,1.1428571428571428,0.0,0.0,0.2543666666666667,optimal
2021-02-13 02:30:00,48,2,1.1428571428571428,0.0,0.0,0.06,optimal
2021-02-13 03:00:00,48,2,1.1428571428571428,0.0,0.0,0.08013333333333333,optimal
2021-02-13 03:30:00,48,2,1.1428571428571428,0.0,0.0,0.14053333333333334,optimal
2021-02-13 04:00:00,48,2,1.1428571428571428,0.0,0.0,0.2119,optimal
2021-02-13 04:30:00,48,2,1.1428571428571428,0.0,0.0,0.06723333333333334,optimal
2021-02-13 05:00:00,48,2,1.1428571428571428,0.0,0.0,0.1679,optimal
2021-02-13 05:30:00,48,2,1.1428571428571428,0.0,0.0,0.2119,optimal
2021-02-13 06:00:00,48,2,1.1428571428571428,0.0,0.0,0.16066666666666665,optimal
2021-02-13 06:30:00,48,2,1.1428571428571428,0.0,6.087324069450951,0.06966666666666667,optimal
2021-02-13 07:00:00,48,2,1.1428571428571428,0.0,10.0,2.125266666666667,optimal
2021-02-13 07:30:00,48,2,1.1428571428571428,0.0,0.0,0.7465333333333333,optimal
2021-02-13 08:00:00,48,2,0.748410769399518,4.179999999999999,0.0,0.4933,optimal
2021-02-13 08:30:00,48,2,0.6882870030620089,0.3096296296296296,0.0,0.5057,optimal
2021-02-13 09:00:00,48,2,0.47978668373937433,0.42883703703703696,0.0,3.0434,optimal
2021-02-13 09:30:00,48,2,0.4673745187184846,0.345237037037037,0.0,1.6195,optimal
2021-02-13 10:00:00,48,2,0.6473198666012492,0.0,0.0,0.3197,optimal
2021-02-13 10:30:00,48,2,0.677346576454214,0.0,0.0,0.226,optimal
2021-02-13 11:00:00,48,2,0.5351820850988442,0.0,0.0,0.3566333333333333,optimal
2021-02-13 11:30:00,48,2,0.8149892387433489,0.0,0.0,0.1134,optimal
2021-02-13 12:00:00,48,2,1.1428571428571428,0.0,0.0,0.07,optimal
2021-02-13 12:30:00,48,2,1.1428571428571428,0.0,0.0,0.2864,optimal
2021-02-13 13:00:00,48,2,1.1428571428571428,0.0,0.0,1.3718,optimal
2021-02-13 13:30:00,48,2,1.1428571428571428,0.387037037037037,0.0,0.8345333333333333,optimal
2021-02-13 14:00:00,48,2,1.1428571428571428,2.1674074074074072,0.0,0.9056333333333332,optimal
2021-02-13 14:30:00,48,2,1.1428571428571428,0.0,0.0,0.2598333333333333,optimal
2021-02-13 15:00:00,48,2,1.1428571428571428,0.0,0.0,0.17066666666666666,optimal
2021-02-13 15:30:00,48,2,1.1428571428571428,0.0,0.0,0.12786666666666666,optimal
2021-02-13 16:00:00,48,2,0.0,0.0,0.0,0.21153333333333332,optimal
2021-02-13 16:30:00,48,2,0.0,0.0,0.0,0.13040000000000002,optimal
2021-02-13 17:00:00,48,2,0.0,0.0,0.0,0.11466666666666668,optimal
2021-02-13 17:30:00,48,2,0.0,0.0,0.0,0.28513333333333335,optimal
2021-02-13 18:00:00,48,2,0.0,0.0,0.0,0.11453333333333332,optimal
2021-02-13 18:30:00,48,2,0.0,0.0774074074074074,0.0,0.9545666666666668,optimal
2021-02-13 19:00:00,48,2,0.0,0.3096296296296296,0.0,0.35603333333333337,optimal
2021-02-13 19:30:00,48,2,0.5862471418953198,0.0,0.0,1.7985333333333333,optimal
2021-02-13 20:00:00,48,2,0.5651156269513065,0.0,0.0,0.9474,optimal
2021-02-13 20:30:00,48,2,0.0,0.6192592592592592,0.0,0.44639999999999996,optimal
2021-02-13 21:00:00,48,2,0.0,0.23222222222222222,0.0,0.9795333333333331,optimal
2021-02-13 21:30:00,48,2,0.0,0.0,0.0,0.9963333333333334,optimal
2021-02-13 22:00:00,48,2,0.0,0.0,0.0,0.17126666666666668,optimal
2021-02-13 22:30:00,48,2,0.0,0.0,0.0,0.18513333333333332,optimal
2021-02-13 23:00:00,48,2,0.0,0.0,0.0,0.21466666666666662,optimal
2021-02-13 23:30:00,48,2,0.0,0.0,0.0,0.07,optimal
2021-02-07 00:00:00,49,2,0.0,0.0774074074074074,0.0,2.089233333333333,optimal
2021-02-07 00:30:00,49,2,0.0,0.0,0.0,0.059,optimal
2021-02-07 01:00:00,49,2,0.0,0.0,0.0,0.12833333333333335,optimal
2021-02-07 01:30:00,49,2,0.0,0.0,0.0,0.107,optimal
2021-02-07 02:00:00,49,2,0.0,0.0,0.0,0.059,optimal
2021-02-07 02:30:00,49,2,0.0,0.0,0.0,0.17633333333333334,optimal
2021-02-07 03:00:00,49,2,0.0,0.0,0.0,0.059,optimal
2021-02-07 03:30:00,49,2,0.0,0.0,0.0,0.059,optimal
2021-02-07 04:00:00,49,2,1.1428571428571428,0.0,0.0,0.059,optimal
2021-02-07 04:30:00,49,2,1.1428571428571428,0.0,0.0,0.17633333333333334,optimal
2021-02-07 05:00:00,49,2,1.1428571428571428,0.0,0.0,0.059,optimal
2021-02-07 05:30:00,49,2,1.1428571428571428,0.23222222222222222,0.0,1.0817,optimal
2021-02-07 06:00:00,49,2,1.1428571428571428,2.39962962962963,0.0,1.7717333333333332,optimal
2021-02-07 06:30:00,49,2,1.1428571428571428,2.4770370370370367,1.4055777348378222,2.293333333333333,optimal
2021-02-07 07:00:00,49,2,1.1428571428571428,0.46444444444444444,0.0,2.4592666666666667,optimal
2021-02-07 07:30:00,49,2,0.0,0.0,0.0,0.149,optimal
2021-02-07 08:00:00,49,2,0.0,0.0,0.0,0.069,optimal
2021-02-07 08:30:00,49,2,0.29553350537679085,0.0,0.0,0.12766666666666668,optimal
2021-02-07 09:00:00,49,2,0.7264788041445528,0.0,0.0,0.12766666666666668,optimal
2021-02-07 09:30:00,49,2,0.7411017044737037,0.0,0.0,0.069,optimal
2021-02-07 10:00:00,49,2,0.693723432596406,0.0,0.0,0.07966666666666668,optimal
2021-02-07 10:30:00,49,2,0.6705728700333329,0.0,0.0,0.17566666666666667,optimal
2021-02-07 11:00:00,49,2,0.64870143600019,0.0,0.0,0.069,optimal
2021-02-07 11:30:00,49,2,0.8386110330536377,0.0,0.0,0.1863333333333333,optimal
2021-02-07 12:00:00,49,2,1.1428571428571428,0.0,0.0,0.069,optimal
2021-02-07 12:30:00,49,2,1.1428571428571428,0.0,0.0,0.15433333333333335,optimal
2021-02-07 13:00:00,49,2,1.1428571428571428,0.0,0.0,0.101,optimal
2021-02-07 13:30:00,49,2,1.1428571428571428,0.0,0.0,0.069,optimal
2021-02-07 14:00:00,49,2,1.1428571428571428,0.0,0.0,0.165,optimal
2021-02-07 14:30:00,49,2,1.1428571428571428,0.0,0.0,0.09033333333333332,optimal
2021-02-07 15:00:00,49,2,1.1428571428571428,0.0,0.0,0.12233333333333331,optimal
2021-02-07 15:30:00,49,2,1.1428571428571428,0.0,0.0,0.133,optimal
2021-02-07 16:00:00,49,2,0.0,0.0,0.0,0.069,optimal
2021-02-07 16:30:00,49,2,0.0,0.0,0.0,0.9252,optimal
2021-02-07 17:00:00,49,2,0.0,0.0,0.0,0.23166666666666663,optimal
2021-02-07 17:30:00,49,2,0.0,0.387037037037037,0.0,0.4728333333333333,optimal
2021-02-07 18:00:00,49,2,0.0,0.0774074074074074,0.0,1.7935999999999999,optimal
2021-02-07 18:30:00,49,2,0.0,0.6966666666666667,0.0,0.27566666666666667,optimal
2021-02-07 19:00:00,49,2,0.0,0.3096296296296296,0.0,1.4848666666666666,optimal
2021-02-07 19:30:00,49,2,0.4414203842912507,0.23222222222222222,0.0,2.3736333333333333,optimal
2021-02-07 20:00:00,49,2,0.47702038429124916,0.0774074074074074,0.0,0.9540333333333332,optimal
2021-02-07 20:30:00,49,2,0.0,2.39962962962963,0.0,0.5276666666666666,optimal
2021-02-07 21:00:00,49,2,0.0,0.387037037037037,0.0,0.4876666666666667,optimal
2021-02-07 21:30:00,49,2,0.0,0.0,0.0,1.6645,optimal
2021-02-07 22:00:00,49,2,0.0,0.0,0.0,0.11166666666666669,optimal
2021-02-07 22:30:00,49,2,0.0,0.0,0.0,0.069,optimal
2021-02-07 23:00:00,49,2,0.0,0.0,0.0,0.1863333333333333,optimal
2021-02-07 23:30:00,49,2,0.0,0.0,0.0,0.069,optimal
2021-02-08 00:00:00,49,2,0.0,0.0,0.0,0.054,optimal
2021-02-08 00:30:00,49,2,0.0,0.0,0.0,0.054,optimal
2021-02-08 01:00:00,49,2,0.0,0.0,0.0,0.16266666666666665,optimal
2021-02-08 01:30:00,49,2,0.57521890157433,0.0,0.0,0.06486666666666666,optimal
2021-02-08 02:00:00,49,2,1.1428571428571428,0.0,0.0,0.11376666666666668,optimal
2021-02-08 02:30:00,49,2,1.1428571428571428,0.0,0.0,0.11776666666666669,optimal
2021-02-08 03:00:00,49,2,1.1428571428571428,0.0,0.0,0.07086666666666666,optimal
2021-02-08 03:30:00,49,2,1.1428571428571428,0.0,0.0,0.16266666666666665,optimal
2021-02-08 04:00:00,49,2,1.1428571428571428,0.0,0.0,0.054,optimal
2021-02-08 04:30:00,49,2,1.1428571428571428,0.0,0.0,0.054,optimal
2021-02-08 05:00:00,49,2,1.1428571428571428,0.0,0.0,0.17353333333333334,optimal
2021-02-08 05:30:00,49,2,1.1428571428571428,0.0,0.0,0.058,optimal
2021-02-08 06:00:00,49,2,1.1428571428571428,0.0,0.0,0.09659999999999999,optimal
2021-02-08 06:30:00,49,2,1.1428571428571428,0.0774074074074074,0.0,0.1502666666666667,optimal
2021-02-08 07:00:00,49,2,1.1428571428571428,2.39962962962963,8.351655535481699,0.06709999999999999,optimal
2021-02-08 07:30:00,49,2,1.1428571428571428,0.23222222222222222,0.0,0.2049333333333333,optimal
2021-02-08 08:00:00,49,2,0.755534062305899,0.0,0.0,0.0709,optimal
2021-02-08 08:30:00,49,2,0.8109930235523543,0.0,0.0,0.06943333333333333,optimal
2021-02-08 09:00:00,49,2,0.7287080865321615,0.0,0.0,0.17809999999999998,optimal
2021-02-08 09:30:00,49,2,0.7548910732339108,0.0,0.0,0.064,optimal
2021-02-08 10:00:00,49,2,0.6405788911505513,0.0,0.0,0.13063333333333332,optimal
2021-02-08 10:30:00,49,2,0.6532054282583224,0.0,0.0,0.1029,optimal
2021-02-08 11:00:00,49,2,0.44724964792346517,0.1548148148148148,0.0,0.185,optimal
2021-02-08 11:30:00,49,2,0.43733354381987405,0.0,0.0,0.35753333333333337,optimal
2021-02-08 12:00:00,49,2,0.3105461691978144,0.0,0.0,1.1500333333333332,optimal
2021-02-08 12:30:00,49,2,0.28911015146681196,0.0,0.0,1.4013,optimal
2021-02-08 13:00:00,49,2,1.1428571428571428,0.23222222222222222,0.0,0.7424666666666667,optimal
2021-02-08 13:30:00,49,2,1.1428571428571428,0.0774074074074074,0.0,0.366,optimal
2021-02-08 14:00:00,49,2,1.1428571428571428,0.0,0.0,0.064,optimal
2021-02-08 14:30:00,49,2,1.1428571428571428,0.0,0.0,0.064,optimal
2021-02-08 15:00:00,49,2,1.1428571428571428,0.0,0.0,0.3848666666666667,optimal
2021-02-08 15:30:00,49,2,1.1428571428571428,0.6192592592592592,0.0,0.43760000000000004,optimal
2021-02-08 16:00:00,49,2,0.0,0.0,0.0,0.6021333333333333,optimal
2021-02-08 16:30:00,49,2,0.0,0.5418518518518518,0.0,0.4391666666666667,optimal
2021-02-08 17:00:00,49,2,0.0,0.3096296296296296,0.0,0.35969999999999996,optimal
2021-02-08 17:30:00,49,2,0.0,0.0,0.0,0.4656666666666667,optimal
2021-02-08 18:00:00,49,2,0.0,0.23222222222222222,0.0,0.3225,optimal
2021-02-08 18:30:00,49,2,0.0,2.7092592592592597,0.0,0.2835,optimal
2021-02-08 19:00:00,49,2,0.0,0.1548148148148148,0.0,0.4629,optimal
2021-02-08 19:30:00,49,2,0.0,0.1548148148148148,0.0,0.216,optimal
2021-02-08 20:00:00,49,2,0.5679055001907235,0.3096296296296296,0.0,0.17876666666666668,optimal
2021-02-08 20:30:00,49,2,0.0,0.23222222222222222,0.0,0.2302333333333333,optimal
2021-02-08 21:00:00,49,2,0.0,2.012592592592592,0.0,0.23816666666666664,optimal
2021-02-08 21:30:00,49,2,0.0,0.0,0.0,0.41326666666666667,optimal
2021-02-08 22:00:00,49,2,0.0,0.0,0.0,0.20196666666666666,optimal
2021-02-08 22:30:00,49,2,0.0,0.0,0.0,0.1258,optimal
2021-02-08 23:00:00,49,2,0.0,0.0,0.0,0.3196,optimal
2021-02-08 23:30:00,49,2,0.0,0.23222222222222222,0.0,0.12190000000000001,optimal
2021-02-09 00:00:00,49,2,0.0,0.0,0.0,0.20146666666666666,optimal
2021-02-09 00:30:00,49,2,0.0,0.0,0.0,0.057,optimal
2021-02-09 01:00:00,49,2,0.42577860668869727,0.0,0.0,0.22606666666666664,optimal
2021-02-09 01:30:00,49,2,1.1428571428571428,0.0,0.0,0.1092,optimal
2021-02-09 02:00:00,49,2,1.1428571428571428,0.0,0.0,0.11246666666666669,optimal
2021-02-09 02:30:00,49,2,1.1428571428571428,0.0,0.0,0.2228,optimal
2021-02-09 03:00:00,49,2,1.1428571428571428,0.0,0.0,0.10393333333333334,optimal
2021-02-09 03:30:00,49,2,1.1428571428571428,0.0,0.0,0.08686666666666666,optimal
2021-02-09 04:00:00,49,2,1.1428571428571428,0.0,0.0,0.2195,optimal
2021-02-09 04:30:00,49,2,1.1428571428571428,0.0,0.0,0.11576666666666668,optimal
2021-02-09 05:00:00,49,2,1.1428571428571428,0.0,0.0,0.13216666666666665,optimal
2021-02-09 05:30:00,49,2,1.1428571428571428,0.0,0.0,0.2031,optimal
2021-02-09 06:00:00,49,2,1.1428571428571428,0.0,0.0,0.1252666666666667,optimal
2021-02-09 06:30:00,49,2,1.1428571428571428,0.0,8.017709703453306,0.21,optimal
2021-02-09 07:00:00,49,2,1.1428571428571428,0.0,10.0,0.0698,optimal
2021-02-09 07:30:00,49,2,1.1428571428571428,0.0,0.0,0.1407,optimal
2021-02-09 08:00:00,49,2,0.6881599516192048,0.0,0.0,0.21030000000000001,optimal
2021-02-09 08:30:00,49,2,0.8261715097495334,0.0,0.0,0.10393333333333334,optimal
2021-02-09 09:00:00,49,2,0.696666175587301,1.9351851851851851,0.0,0.25266666666666665,optimal
2021-02-09 09:30:00,49,2,0.7552797680384147,0.0,0.0,0.09126666666666668,optimal
2021-02-09 10:00:00,49,2,0.6411903644320566,0.0,0.0,0.09113333333333334,optimal
2021-02-09 10:30:00,49,2,0.5924096279825853,0.0,0.0,0.22443333333333332,optimal
2021-02-09 11:00:00,49,2,0.5317686870771638,0.0,0.0,0.0767,optimal
2021-02-09 11:30:00,49,2,0.5240011112158427,0.0,0.0,0.0964,optimal
2021-02-09 12:00:00,49,2,0.8199994847097622,0.0,0.0,0.19686666666666666,optimal
2021-02-09 12:30:00,49,2,1.1428571428571428,0.0,0.0,0.10666666666666669,optimal
2021-02-09 13:00:00,49,2,1.1428571428571428,0.0,0.0,0.057,optimal
2021-02-09 13:30:00,49,2,1.1428571428571428,0.0,0.0,0.22573333333333329,optimal
2021-02-09 14:00:00,49,2,1.1428571428571428,0.0,0.0,0.11086666666666666,optimal
2021-02-09 14:30:00,49,2,1.1428571428571428,0.0,0.0,0.13426666666666667,optimal
2021-02-09 15:00:00,49,2,1.1428571428571428,0.0,0.0,0.06553333333333333,optimal
2021-02-09 15:30:00,49,2,1.1428571428571428,0.0,0.0,0.099,optimal
2021-02-09 16:00:00,49,2,0.0,0.1548148148148148,0.0,0.27443333333333336,optimal
2021-02-09 16:30:00,49,2,0.0,0.0,0.0,0.11213333333333333,optimal
2021-02-09 17:00:00,49,2,0.0,0.0,0.0,0.06566666666666666,optimal
2021-02-09 17:30:00,49,2,0.0,0.0,0.0,0.16306666666666667,optimal
2021-02-09 18:00:00,49,2,0.0,0.0,0.0,0.1752,optimal
2021-02-09 18:30:00,49,2,0.0,0.0,0.0,0.167,optimal
2021-02-09 19:00:00,49,2,0.0,0.0,0.0,0.176,optimal
2021-02-09 19:30:00,49,2,0.5602919878902763,0.0,0.0,0.1313666666666667,optimal
2021-02-09 20:00:00,49,2,0.5917300831283737,0.0,0.0,0.3310666666666667,optimal
2021-02-09 20:30:00,49,2,0.0,0.0,0.0,0.6865,optimal
2021-02-09 21:00:00,49,2,0.0,0.0,0.0,0.5578333333333334,optimal
2021-02-09 21:30:00,49,2,0.0,0.0,0.0,0.6313333333333334,optimal
2021-02-09 22:00:00,49,2,0.0,0.0,0.0,0.057,optimal
2021-02-09 22:30:00,49,2,0.0,0.0,0.0,0.2077,optimal
2021-02-09 23:00:00,49,2,0.0,0.0,0.0,0.12756666666666666,optimal
2021-02-09 23:30:00,49,2,0.0,0.0,0.0,0.1358,optimal
2021-02-10 00:00:00,49,2,0.0,0.0,0.0,0.1404,optimal
2021-02-10 00:30:00,49,2,0.0,0.0,0.0,0.128,optimal
2021-02-10 01:00:00,49,2,0.5211575795658445,0.0,0.0,0.066,optimal
2021-02-10 01:30:00,49,2,1.1428571428571428,0.0,0.0,0.2024,optimal
2021-02-10 02:00:00,49,2,1.1428571428571428,0.0,0.0,0.066,optimal
2021-02-10 02:30:00,49,2,1.1428571428571428,0.0,0.0,0.066,optimal
2021-02-10 03:00:00,49,2,1.1428571428571428,0.0,0.0,0.2017333333333333,optimal
2021-02-10 03:30:00,49,2,1.1428571428571428,0.0,0.0,0.066,optimal
2021-02-10 04:00:00,49,2,1.1428571428571428,0.0,0.0,0.0846,optimal
2021-02-10 04:30:00,49,2,1.1428571428571428,0.0,0.0,0.18380000000000002,optimal
2021-02-10 05:00:00,49,2,1.1428571428571428,0.0,0.0,0.066,optimal
2021-02-10 05:30:00,49,2,1.1428571428571428,0.0,0.0,0.1714,optimal
2021-02-10 06:00:00,49,2,1.1428571428571428,0.774074074074074,1.5921837559925747,0.09566666666666669,optimal
2021-02-10 06:30:00,49,2,1.1428571428571428,0.0774074074074074,10.0,0.09126666666666668,optimal
2021-02-10 07:00:00,49,2,1.1428571428571428,0.0,0.0,0.17353333333333334,optimal
2021-02-10 07:30:00,49,2,1.1428571428571428,0.0,0.0,0.11320000000000001,optimal
2021-02-10 08:00:00,49,2,0.8595712043539724,0.0,0.0,0.076,optimal
2021-02-10 08:30:00,49,2,0.8279866151944016,0.0,0.0,0.1566,optimal
2021-02-10 09:00:00,49,2,0.7621185326169513,0.0,0.0,0.1318,optimal
2021-02-10 09:30:00,49,2,0.7695053720288026,0.0,0.0,0.076,optimal
2021-02-10 10:00:00,49,2,0.6176091112707948,0.0,0.0,0.2124,optimal
2021-02-10 10:30:00,49,2,0.6501635265439761,0.0,0.0,0.06766666666666667,optimal
2021-02-10 11:00:00,49,2,0.5450051597847974,0.0,0.0,0.159,optimal
2021-02-10 11:30:00,49,2,0.5548985794907322,0.0,0.0,0.11773333333333331,optimal
2021-02-10 12:00:00,49,2,0.46975482153726306,0.0,0.0,0.076,optimal
2021-02-10 12:30:00,49,2,0.9773695677806702,0.0,0.0,0.076,optimal
2021-02-10 13:00:00,49,2,1.1428571428571428,0.0,0.0,0.1938,optimal
2021-02-10 13:30:00,49,2,1.1428571428571428,0.0,0.0,0.09459999999999999,optimal
2021-02-10 14:00:00,49,2,1.1428571428571428,0.0,0.0,0.0884,optimal
2021-02-10 14:30:00,49,2,1.1428571428571428,0.0,0.0,0.2,optimal
2021-02-10 15:00:00,49,2,1.1428571428571428,0.0,0.0,0.076,optimal
2021-02-10 15:30:00,49,2,1.1428571428571428,0.0,0.0,0.076,optimal
2021-02-10 16:00:00,49,2,0.0,0.0,0.0,0.2124,optimal
2021-02-10 16:30:00,49,2,0.0,0.0,0.0,0.076,optimal
2021-02-10 17:00:00,49,2,0.0,0.0774074074074074,0.0,0.48760000000000003,optimal
2021-02-10 17:30:00,49,2,0.0,0.1548148148148148,0.0,0.30876666666666663,optimal
2021-02-10 18:00:00,49,2,0.0,0.3096296296296296,0.0,0.5748333333333334,optimal
2021-02-10 18:30:00,49,2,0.0,0.0,0.0,0.49739999999999995,optimal
2021-02-10 19:00:00,49,2,0.0,0.387037037037037,0.0,0.3953666666666667,optimal
2021-02-10 19:30:00,49,2,0.6155784409078577,0.0,0.0,0.4124,optimal
2021-02-10 20:00:00,49,2,0.5972829868811362,0.0,0.0,0.6811666666666666,optimal
2021-02-10 20:30:00,49,2,0.0,0.0,0.0,0.43260000000000004,optimal
2021-02-10 21:00:00,49,2,0.0,0.0,0.0,0.4898666666666667,optimal
2021-02-10 21:30:00,49,2,0.0,2.1674074074074072,0.0,0.39613333333333334,optimal
2021-02-10 22:00:00,49,2,0.0,0.0,0.0,1.9467,optimal
2021-02-10 22:30:00,49,2,0.0,0.0,0.0,0.35106666666666664,optimal
2021-02-10 23:00:00,49,2,0.0,0.0774074074074074,0.0,0.48810000000000003,optimal
2021-02-10 23:30:00,49,2,0.0,0.1548148148148148,0.0,0.8762666666666666,optimal
2021-02-11 00:00:00,49,2,0.0,0.0,0.0,0.06066666666666666,optimal
2021-02-11 00:30:00,49,2,0.19542048342316964,0.0,0.0,0.1663,optimal
2021-02-11 01:00:00,49,2,1.1428571428571428,0.0,0.0,0.197,optimal
2021-02-11 01:30:00,49,2,1.1428571428571428,0.0774074074074074,0.0,0.38146666666666657,optimal
2021-02-11 02:00:00,49,2,1.1428571428571428,0.0,0.0,0.09373333333333332,optimal
2021-02-11 02:30:00,49,2,1.1428571428571428,0.0,0.0,0.094,optimal
2021-02-11 03:00:00,49,2,1.1428571428571428,0.0,0.0,1.1145,optimal
2021-02-11 03:30:00,49,2,1.1428571428571428,0.6966666666666667,0.0,0.23206666666666664,optimal
2021-02-11 04:00:00,49,2,1.1428571428571428,0.0774074074074074,0.0,0.2576333333333333,optimal
2021-02-11 04:30:00,49,2,1.1428571428571428,0.5418518518518518,0.0,1.4166333333333334,optimal
2021-02-11 05:00:00,49,2,1.1428571428571428,5.495925925925925,0.0,0.34983333333333333,optimal
2021-02-11 05:30:00,49,2,1.1428571428571428,0.3096296296296296,0.0,0.3517333333333333,optimal
2021-02-11 06:00:00,49,2,1.1428571428571428,0.0,0.0,0.207,optimal
2021-02-11 06:30:00,49,2,1.1428571428571428,0.774074074074074,7.301495108892752,0.42193333333333327,optimal
2021-02-11 07:00:00,49,2,1.1428571428571428,0.23222222222222222,10.0,0.207,optimal
2021-02-11 07:30:00,49,2,1.1428571428571428,1.315925925925926,0.0,0.3435,optimal
2021-02-11 08:00:00,49,2,0.6340782179843472,0.774074074074074,0.0,0.32226666666666665,optimal
2021-02-11 08:30:00,49,2,0.8765238027111711,0.0,0.0,0.12366666666666669,optimal
2021-02-11 09:00:00,49,2,0.8610550399511613,0.0,0.0,0.15173333333333333,optimal
2021-02-11 09:30:00,49,2,0.8030774174799384,0.0,0.0,0.1076,optimal
2021-02-11 10:00:00,49,2,0.5846898854887629,0.0,0.0,0.19743333333333332,optimal
2021-02-11 10:30:00,49,2,0.631653176776995,0.0,0.0,0.12290000000000001,optimal
2021-02-11 11:00:00,49,2,0.5372102755574626,0.0,0.0,0.2052,optimal
2021-02-11 11:30:00,49,2,0.5269918757328822,0.0,0.0,0.12866666666666665,optimal
2021-02-11 12:00:00,49,2,0.6583339106488094,0.0,0.0,0.09406666666666666,optimal
2021-02-11 12:30:00,49,2,1.1428571428571428,0.0774074074074074,0.0,0.14730000000000001,optimal
2021-02-11 13:00:00,49,2,1.1428571428571428,0.0,0.0,0.5412666666666667,optimal
2021-02-11 13:30:00,49,2,1.1428571428571428,0.1548148148148148,0.0,1.6775,optimal
2021-02-11 14:00:00,49,2,1.1428571428571428,0.3096296296296296,0.0,0.2879333333333333,optimal
2021-02-11 14:30:00,49,2,1.1428571428571428,0.0774074074074074,0.0,0.15716666666666665,optimal
2021-02-11 15:00:00,49,2,1.1428571428571428,0.0,0.0,0.09406666666666666,optimal
2021-02-11 15:30:00,49,2,1.1428571428571428,0.0,0.0,0.2052,optimal
2021-02-11 16:00:00,49,2,0.0,0.0,0.0,0.15173333333333333,optimal
2021-02-11 16:30:00,49,2,0.0,0.0,0.0,0.1747,optimal
2021-02-11 17:00:00,49,2,0.0,0.0,0.0,0.17613333333333334,optimal
2021-02-11 17:30:00,49,2,0.0,0.0774074074074074,0.0,0.3148666666666667,optimal
2021-02-11 18:00:00,49,2,0.0,0.0774074074074074,0.0,0.3182,optimal
2021-02-11 18:30:00,49,2,0.0,0.3096296296296296,0.0,0.30626666666666663,optimal
2021-02-11 19:00:00,49,2,0.0,0.0774074074074074,0.0,0.32330000000000003,optimal
2021-02-11 19:30:00,49,2,0.8049738199740143,0.3096296296296296,0.0,0.5812333333333334,optimal
2021-02-11 20:00:00,49,2,0.7441521766122947,0.23222222222222222,0.0,0.7032,optimal
2021-02-11 20:30:00,49,2,0.0,0.0,0.0,0.5005666666666667,optimal
2021-02-11 21:00:00,49,2,0.0,2.5544444444444445,0.0,0.6477999999999999,optimal
2021-02-11 21:30:00,49,2,0.0,0.0,0.0,0.507,optimal
2021-02-11 22:00:00,49,2,0.0,0.0,0.0,0.5087,optimal
2021-02-11 22:30:00,49,2,0.0,0.0,0.0,0.4630666666666667,optimal
2021-02-11 23:00:00,49,2,0.0,0.0,0.0,0.3826666666666667,optimal
2021-02-11 23:30:00,49,2,0.0,0.1548148148148148,0.0,0.40193333333333325,optimal
2021-02-12 00:00:00,49,2,1.1428571428571428,0.0,0.0,0.06,optimal
2021-02-12 00:30:00,49,2,1.1428571428571428,0.0,0.0,0.16333333333333333,optimal
2021-02-12 01:00:00,49,2,1.1428571428571428,0.0,0.0,0.06,optimal
2021-02-12 01:30:00,49,2,1.1428571428571428,0.0,0.0,0.14783333333333334,optimal
2021-02-12 02:00:00,49,2,1.1428571428571428,0.0,0.0,0.0755,optimal
2021-02-12 02:30:00,49,2,1.1428571428571428,0.0,0.0,0.06,optimal
2021-02-12 03:00:00,49,2,1.1428571428571428,0.0,0.0,0.14783333333333334,optimal
2021-02-12 03:30:00,49,2,1.1428571428571428,0.0,0.0,0.0755,optimal
2021-02-12 04:00:00,49,2,1.1428571428571428,0.0,0.0,0.09616666666666669,optimal
2021-02-12 04:30:00,49,2,1.1428571428571428,0.0,0.0,0.12716666666666668,optimal
2021-02-12 05:00:00,49,2,1.1428571428571428,0.0,0.0,0.06,optimal
2021-02-12 05:30:00,49,2,1.1428571428571428,0.0,0.0,0.122,optimal
2021-02-12 06:00:00,49,2,1.1428571428571428,0.0,0.0,0.10133333333333332,optimal
2021-02-12 06:30:00,49,2,1.1428571428571428,1.315925925925926,0.0,0.06416666666666668,optimal
2021-02-12 07:00:00,49,2,1.1428571428571428,0.1548148148148148,8.951800205753223,2.5627,optimal
2021-02-12 07:30:00,49,2,1.1428571428571428,7.697408042566755,0.0,2.842,optimal
2021-02-12 08:00:00,49,2,0.781431467227491,0.1548148148148148,0.0,2.6758,optimal
2021-02-12 08:30:00,49,2,0.7977893897203927,0.3096296296296296,0.0,0.09993333333333333,optimal
2021-02-12 09:00:00,49,2,0.7544374528651433,0.387037037037037,0.0,0.2057,optimal
2021-02-12 09:30:00,49,2,0.39778601972890687,4.79925925925926,0.0,2.001633333333333,optimal
2021-02-12 10:00:00,49,2,0.45117093889061244,0.46444444444444444,0.0,0.8070333333333333,optimal
2021-02-12 10:30:00,49,2,0.43344176057147804,0.0,0.0,0.4667,optimal
2021-02-12 11:00:00,49,2,0.26167574390036347,2.1674074074074072,0.0,2.6066,optimal
2021-02-12 11:30:00,49,2,0.3467234061342892,0.0,0.0,0.5538333333333334,optimal
2021-02-12 12:00:00,49,2,0.9311750502054009,0.0,0.0,0.1704,optimal
2021-02-12 12:30:00,49,2,1.1428571428571428,0.0,0.0,2.596633333333333,optimal
2021-02-12 13:00:00,49,2,1.1428571428571428,0.3096296296296296,0.0,2.918433333333333,optimal
2021-02-12 13:30:00,49,2,1.1428571428571428,0.0,0.0,0.44903333333333334,optimal
2021-02-12 14:00:00,49,2,1.1428571428571428,0.0,0.0,0.5035666666666667,optimal
2021-02-12 14:30:00,49,2,1.1428571428571428,0.0,0.0,1.5301,optimal
2021-02-12 15:00:00,49,2,1.1428571428571428,0.0,0.0,0.1833333333333333,optimal
2021-02-12 15:30:00,49,2,1.1428571428571428,0.0,0.0,0.21580000000000002,optimal
2021-02-12 16:00:00,49,2,0.0,0.0,0.0,0.2069333333333333,optimal
2021-02-12 16:30:00,49,2,0.0,0.0,0.0,0.2503,optimal
2021-02-12 17:00:00,49,2,0.0,0.0,0.0,0.07,optimal
2021-02-12 17:30:00,49,2,0.0,0.0,0.0,0.07,optimal
2021-02-12 18:00:00,49,2,0.0,0.0,0.0,0.17333333333333334,optimal
2021-02-12 18:30:00,49,2,0.0,0.0,0.0,0.07,optimal
2021-02-12 19:00:00,49,2,0.0,0.0,0.0,0.07,optimal
2021-02-12 19:30:00,49,2,0.8360376180858003,0.0,0.0,0.15266666666666664,optimal
2021-02-12 20:00:00,49,2,0.8580299126655829,0.0,0.0,0.09066666666666669,optimal
2021-02-12 20:30:00,49,2,0.0,0.0,0.0,0.16373333333333331,optimal
2021-02-12 21:00:00,49,2,0.0,0.0,0.0,1.1895,optimal
2021-02-12 21:30:00,49,2,0.0,0.0,0.0,2.1186666666666665,optimal
2021-02-12 22:00:00,49,2,0.0,0.0,0.0,0.319,optimal
2021-02-12 22:30:00,49,2,0.0,0.0,0.0,0.153,optimal
2021-02-12 23:00:00,49,2,0.0,0.0,0.0,0.12166666666666669,optimal
2021-02-12 23:30:00,49,2,0.0,0.0,0.0,0.121,optimal
2021-02-13 00:00:00,49,2,0.0,0.0,0.0,0.058333333333333334,optimal
2021-02-13 00:30:00,49,2,0.23873088228360528,0.0,0.0,0.05966666666666666,optimal
2021-02-13 01:00:00,49,2,1.1428571428571428,0.0,0.0,0.064,optimal
2021-02-13 01:30:00,49,2,1.1428571428571428,0.0,0.0,0.064,optimal
2021-02-13 02:00:00,49,2,1.1428571428571428,0.0,0.0,0.064,optimal
2021-02-13 02:30:00,49,2,1.1428571428571428,0.0,0.0,0.064,optimal
2021-02-13 03:00:00,49,2,1.1428571428571428,0.0,0.0,0.064,optimal
2021-02-13 03:30:00,49,2,1.1428571428571428,0.0,0.0,0.064,optimal
2021-02-13 04:00:00,49,2,1.1428571428571428,0.0,0.0,0.064,optimal
2021-02-13 04:30:00,49,2,1.1428571428571428,0.0,0.0,0.064,optimal
2021-02-13 05:00:00,49,2,1.1428571428571428,0.0,0.0,0.064,optimal
2021-02-13 05:30:00,49,2,1.1428571428571428,0.0,0.0,0.064,optimal
2021-02-13 06:00:00,49,2,1.1428571428571428,0.0,0.0,0.064,optimal
2021-02-13 06:30:00,49,2,1.1428571428571428,0.0,1.1183067536303108,0.064,optimal
2021-02-13 07:00:00,49,2,1.1428571428571428,0.0,10.0,0.064,optimal
2021-02-13 07:30:00,49,2,1.1428571428571428,0.6966666666666667,0.0,1.4753,optimal
2021-02-13 08:00:00,49,2,0.6989783884471334,1.8577777777777778,0.0,0.2085,optimal
2021-02-13 08:30:00,49,2,0.6804098602048563,0.3096296296296296,0.0,1.7834333333333334,optimal
2021-02-13 09:00:00,49,2,0.601585731358418,0.0,0.0,1.4847000000000001,optimal
2021-02-13 09:30:00,49,2,0.2809135663375234,0.0,0.0,2.7849666666666666,optimal
2021-02-13 10:00:00,49,2,0.6469674856488645,0.0,0.0,0.15533333333333335,optimal
2021-02-13 10:30:00,49,2,0.7023522907399298,0.0,0.0,0.064,optimal
2021-02-13 11:00:00,49,2,0.5803001803369414,0.0,0.0,0.064,optimal
2021-02-13 11:30:00,49,2,0.5781611759041865,0.0,0.0,0.064,optimal
2021-02-13 12:00:00,49,2,0.5271686838539275,0.0,0.0,0.064,optimal
2021-02-13 12:30:00,49,2,0.5228906749884298,0.0,0.0,0.064,optimal
2021-02-13 13:00:00,49,2,1.1428571428571428,0.23222222222222222,0.0,0.15533333333333335,optimal
2021-02-13 13:30:00,49,2,1.1428571428571428,0.0,0.0,0.1938,optimal
2021-02-13 14:00:00,49,2,1.1428571428571428,0.387037037037037,0.0,0.37310000000000004,optimal
2021-02-13 14:30:00,49,2,1.1428571428571428,0.0,0.0,0.29760000000000003,optimal
2021-02-13 15:00:00,49,2,1.1428571428571428,0.0,0.0,0.1984,optimal
2021-02-13 15:30:00,49,2,1.1428571428571428,0.3096296296296296,0.0,0.2055,optimal
2021-02-13 16:00:00,49,2,0.0,0.1548148148148148,0.0,0.7495666666666667,optimal
2021-02-13 16:30:00,49,2,0.0,0.0,0.0,5.7491,optimal
2021-02-13 17:00:00,49,2,0.0,0.0,0.0,3.2060999999999997,optimal
2021-02-13 17:30:00,49,2,0.0,0.0,0.0,0.3659,optimal
2021-02-13 18:00:00,49,2,0.0,0.0,0.0,0.45363333333333333,optimal
2021-02-13 18:30:00,49,2,0.0,4.954074074074073,0.0,0.4348,optimal
2021-02-13 19:00:00,49,2,0.0,0.0,0.0,0.4157,optimal
2021-02-13 19:30:00,49,2,0.0,0.3096296296296296,0.0,0.2319,optimal
2021-02-13 20:00:00,49,2,0.2713970073074195,0.0,0.0,0.5741,optimal
2021-02-13 20:30:00,49,2,0.0,0.23222222222222222,0.0,1.7598666666666665,optimal
2021-02-13 21:00:00,49,2,0.0,0.0,0.0,0.5100333333333333,optimal
2021-02-13 21:30:00,49,2,0.0,0.387037037037037,0.0,0.2955,optimal
2021-02-13 22:00:00,49,2,0.0,0.0,0.0,0.197,optimal
2021-02-13 22:30:00,49,2,0.0,0.0,0.0,0.24103333333333332,optimal
2021-02-13 23:00:00,49,2,0.0,0.0,0.0,0.064,optimal
2021-02-13 23:30:00,49,2,0.0,0.0,0.0,0.064,optimal
2021-02-07 00:00:00,50,2,0.0,0.0,0.0,0.06433333333333333,optimal
2021-02-07 00:30:00,50,2,0.0,0.0,0.0,0.14666666666666667,optimal
2021-02-07 01:00:00,50,2,0.0,0.0,0.0,0.062,optimal
2021-02-07 01:30:00,50,2,0.0,0.0,0.0,0.11703333333333332,optimal
2021-02-07 02:00:00,50,2,0.0,0.0,0.0,0.09163333333333334,optimal
2021-02-07 02:30:00,50,2,0.0,0.0,0.0,0.11703333333333332,optimal
2021-02-07 03:00:00,50,2,0.0,0.0,0.0,0.09163333333333334,optimal
2021-02-07 03:30:00,50,2,0.0,0.0,0.0,0.08316666666666667,optimal
2021-02-07 04:00:00,50,2,1.1428571428571428,0.0,0.0,0.1255,optimal
2021-02-07 04:30:00,50,2,1.1428571428571428,0.0,0.0,0.062,optimal
2021-02-07 05:00:00,50,2,1.1428571428571428,0.0,0.0,0.1297333333333333,optimal
2021-02-07 05:30:00,50,2,1.1428571428571428,0.0,0.0,0.07893333333333334,optimal
2021-02-07 06:00:00,50,2,1.1428571428571428,0.0,0.0,0.07046666666666666,optimal
2021-02-07 06:30:00,50,2,1.1428571428571428,0.0,0.0,0.14586666666666667,optimal
2021-02-07 07:00:00,50,2,1.1428571428571428,0.0,1.8089900112525021,0.07,optimal
2021-02-07 07:30:00,50,2,0.0,0.0,0.0,0.06323333333333332,optimal
2021-02-07 08:00:00,50,2,0.17958724850214805,0.23222222222222222,0.0,0.6027666666666667,optimal
2021-02-07 08:30:00,50,2,0.5771402547323671,0.0,0.0,0.074,optimal
2021-02-07 09:00:00,50,2,0.47896451843026916,0.774074074074074,0.0,0.2619666666666666,optimal
2021-02-07 09:30:00,50,2,0.45816837114037745,0.0,0.0,0.5072666666666666,optimal
2021-02-07 10:00:00,50,2,0.5140091468821144,0.0,0.0,0.4266666666666667,optimal
2021-02-07 10:30:00,50,2,0.5945728700333318,0.0,0.0,0.223,optimal
2021-02-07 11:00:00,50,2,0.5159014360001923,0.46444444444444444,0.0,0.3518,optimal
2021-02-07 11:30:00,50,2,0.5038252455240009,0.6192592592592592,0.0,0.37206666666666666,optimal
2021-02-07 12:00:00,50,2,0.48754546911829444,0.0,0.0,0.25103333333333333,optimal
2021-02-07 12:30:00,50,2,0.45908832626115115,0.0,0.0,0.3028,optimal
2021-02-07 13:00:00,50,2,1.1428571428571428,0.0,0.0,0.28426666666666667,optimal
2021-02-07 13:30:00,50,2,1.1428571428571428,0.0,0.0,0.7413,optimal
2021-02-07 14:00:00,50,2,1.1428571428571428,0.0,0.0,1.2563333333333333,optimal
2021-02-07 14:30:00,50,2,1.1428571428571428,0.0,0.0,0.7908333333333334,optimal
2021-02-07 15:00:00,50,2,1.1428571428571428,0.0,0.0,0.1881,optimal
2021-02-07 15:30:00,50,2,1.1428571428571428,0.0,0.0,0.3399,optimal
2021-02-07 16:00:00,50,2,0.0,0.0774074074074074,0.0,0.28683333333333333,optimal
2021-02-07 16:30:00,50,2,0.0,0.0,0.0,0.4666666666666667,optimal
2021-02-07 17:00:00,50,2,0.0,0.0,0.0,0.4843,optimal
2021-02-07 17:30:00,50,2,0.0,0.0,0.0,0.5584,optimal
2021-02-07 18:00:00,50,2,0.0,2.4770370370370367,0.0,0.32689999999999997,optimal
2021-02-07 18:30:00,50,2,0.0,0.0,0.0,0.4081666666666667,optimal
2021-02-07 19:00:00,50,2,0.0,0.3096296296296296,0.0,0.49369999999999997,optimal
2021-02-07 19:30:00,50,2,0.0,0.0,0.0,0.3760333333333334,optimal
2021-02-07 20:00:00,50,2,0.308122681800331,0.3096296296296296,0.0,0.5105,optimal
2021-02-07 20:30:00,50,2,0.0,0.23222222222222222,0.0,0.6003666666666667,optimal
2021-02-07 21:00:00,50,2,0.0,0.0,0.0,0.49123333333333336,optimal
2021-02-07 21:30:00,50,2,0.0,0.0774074074074074,0.0,0.5201666666666667,optimal
2021-02-07 22:00:00,50,2,0.0,0.0,0.0,0.6130666666666668,optimal
2021-02-07 22:30:00,50,2,0.0,0.0,0.0,0.6416333333333333,optimal
2021-02-07 23:00:00,50,2,0.0,0.0,0.0,0.2677,optimal
2021-02-07 23:30:00,50,2,0.0,0.0,0.0,0.5328666666666667,optimal
2021-02-08 00:00:00,50,2,0.0,0.0,0.0,0.060333333333333336,optimal
2021-02-08 00:30:00,50,2,0.0,0.0,0.0,0.061,optimal
2021-02-08 01:00:00,50,2,0.0,0.0,0.0,0.1506333333333333,optimal
2021-02-08 01:30:00,50,2,0.0,0.0,0.0,0.16343333333333335,optimal
2021-02-08 02:00:00,50,2,0.7945235908325643,0.0,0.0,0.061,optimal
2021-02-08 02:30:00,50,2,1.1428571428571428,0.0,0.0,0.08716666666666667,optimal
2021-02-08 03:00:00,50,2,1.1428571428571428,0.0,0.0,0.1459,optimal
2021-02-08 03:30:00,50,2,1.1428571428571428,0.0,0.0,0.142,optimal
2021-02-08 04:00:00,50,2,1.1428571428571428,0.0,0.0,0.13426666666666667,optimal
2021-02-08 04:30:00,50,2,1.1428571428571428,0.0,0.0,0.061,optimal
2021-02-08 05:00:00,50,2,1.1428571428571428,0.0,0.0,0.1636,optimal
2021-02-08 05:30:00,50,2,1.1428571428571428,0.0,0.0,0.0772,optimal
2021-02-08 06:00:00,50,2,1.1428571428571428,0.0,0.0,0.13426666666666667,optimal
2021-02-08 06:30:00,50,2,1.1428571428571428,0.0,0.0,0.1636,optimal
2021-02-08 07:00:00,50,2,1.1428571428571428,0.0,8.28237767879545,0.0772,optimal
2021-02-08 07:30:00,50,2,1.1428571428571428,0.0,0.0,0.10959999999999999,optimal
2021-02-08 08:00:00,50,2,0.6399435861154271,0.0,0.0,0.26253333333333334,optimal
2021-02-08 08:30:00,50,2,0.5831834997428221,2.7092592592592597,0.0,0.1368,optimal
2021-02-08 09:00:00,50,2,0.5581557055797732,2.941481481481482,0.0,0.07276666666666666,optimal
2021-02-08 09:30:00,50,2,0.565527263710094,0.0,0.0,0.7778333333333334,optimal
2021-02-08 10:00:00,50,2,0.5831369863886409,0.0,0.0,1.1332,optimal
2021-02-08 10:30:00,50,2,0.6609482854011842,0.0,0.0,0.143,optimal
2021-02-08 11:00:00,50,2,0.5424991717329879,0.0,0.0,0.22806666666666664,optimal
2021-02-08 11:30:00,50,2,0.5219773533436813,0.0,0.0,0.3302,optimal
2021-02-08 12:00:00,50,2,0.9073950004327135,0.0,0.0,0.13293333333333335,optimal
2021-02-08 12:30:00,50,2,1.1428571428571428,0.0,0.0,0.13903333333333334,optimal
2021-02-08 13:00:00,50,2,1.1428571428571428,0.0,0.0,0.152,optimal
2021-02-08 13:30:00,50,2,1.1428571428571428,0.0,0.0,0.18206666666666663,optimal
2021-02-08 14:00:00,50,2,1.1428571428571428,0.0,0.0,0.071,optimal
2021-02-08 14:30:00,50,2,1.1428571428571428,0.0,0.0,0.18980000000000002,optimal
2021-02-08 15:00:00,50,2,1.1428571428571428,0.0,0.0,0.14426666666666668,optimal
2021-02-08 15:30:00,50,2,1.1428571428571428,0.0,0.0,0.152,optimal
2021-02-08 16:00:00,50,2,0.0,0.0,0.0,0.18206666666666663,optimal
2021-02-08 16:30:00,50,2,0.0,0.0,0.0,0.071,optimal
2021-02-08 17:00:00,50,2,0.0,0.0,0.0,0.18980000000000002,optimal
2021-02-08 17:30:00,50,2,0.0,0.1548148148148148,0.0,0.30136666666666667,optimal
2021-02-08 18:00:00,50,2,0.0,0.0,0.0,0.5230666666666667,optimal
2021-02-08 18:30:00,50,2,0.0,0.5418518518518518,0.0,0.3455,optimal
2021-02-08 19:00:00,50,2,0.0,0.0774074074074074,0.0,0.3894333333333333,optimal
2021-02-08 19:30:00,50,2,0.28500787606238703,0.23222222222222222,0.0,0.8256333333333333,optimal
2021-02-08 20:00:00,50,2,0.31076774650349137,0.1548148148148148,0.0,0.4455,optimal
2021-02-08 20:30:00,50,2,0.0,0.0,0.0,0.5983666666666667,optimal
2021-02-08 21:00:00,50,2,0.0,0.774074074074074,0.0,0.5154333333333333,optimal
2021-02-08 21:30:00,50,2,0.0,0.0774074074074074,0.0,0.4875,optimal
2021-02-08 22:00:00,50,2,0.0,0.0774074074074074,0.0,0.3946,optimal
2021-02-08 22:30:00,50,2,0.0,0.0,0.0,0.19569999999999999,optimal
2021-02-08 23:00:00,50,2,0.0,0.0,0.0,0.1736,optimal
2021-02-08 23:30:00,50,2,0.0,0.0,0.0,0.14426666666666668,optimal
2021-02-09 00:00:00,50,2,0.0,0.0,0.0,0.056,optimal
2021-02-09 00:30:00,50,2,0.0,0.0,0.0,0.16366666666666665,optimal
2021-02-09 01:00:00,50,2,0.0,0.0,0.0,0.073,optimal
2021-02-09 01:30:00,50,2,0.6791294376012095,0.0,0.0,0.12966666666666665,optimal
2021-02-09 02:00:00,50,2,1.1428571428571428,0.0,0.0,0.107,optimal
2021-02-09 02:30:00,50,2,1.1428571428571428,0.0,0.0,0.08433333333333333,optimal
2021-02-09 03:00:00,50,2,1.1428571428571428,0.0,0.0,0.15233333333333335,optimal
2021-02-09 03:30:00,50,2,1.1428571428571428,0.0,0.0,0.056,optimal
2021-02-09 04:00:00,50,2,1.1428571428571428,0.0,0.0,0.16366666666666665,optimal
2021-02-09 04:30:00,50,2,1.1428571428571428,0.0,0.0,0.073,optimal
2021-02-09 05:00:00,50,2,1.1428571428571428,0.0,0.0,0.056,optimal
2021-02-09 05:30:00,50,2,1.1428571428571428,0.0,0.0,0.18066666666666664,optimal
2021-02-09 06:00:00,50,2,1.1428571428571428,0.0,1.7292866620019254,0.056,optimal
2021-02-09 06:30:00,50,2,1.1428571428571428,0.0,10.0,0.057,optimal
2021-02-09 07:00:00,50,2,1.1428571428571428,0.5418518518518518,10.0,1.2138333333333333,optimal
2021-02-09 07:30:00,50,2,1.1428571428571428,0.6192592592592592,0.0,1.0546666666666666,optimal
2021-02-09 08:00:00,50,2,0.6308837611430188,0.6966666666666667,0.0,0.4923333333333333,optimal
2021-02-09 08:30:00,50,2,0.6642286526066656,0.0,0.0,0.054,optimal
2021-02-09 09:00:00,50,2,0.33661855653968115,0.0,0.0,1.3496666666666668,optimal
2021-02-09 09:30:00,50,2,0.7439083394669924,0.0,0.0,0.129,optimal
2021-02-09 10:00:00,50,2,0.5553713168130069,0.1548148148148148,0.0,0.22153333333333333,optimal
2021-02-09 10:30:00,50,2,0.4576648660778274,0.0,0.0,1.0522,optimal
2021-02-09 11:00:00,50,2,0.37308106802953633,0.0,0.0,0.7241333333333333,optimal
2021-02-09 11:30:00,50,2,0.3454582540729827,0.0,0.0,0.3865,optimal
2021-02-09 12:00:00,50,2,0.30438242288901407,0.0,0.0,0.26326666666666665,optimal
2021-02-09 12:30:00,50,2,0.3008395225598627,0.0774074074074074,0.0,0.6127,optimal
2021-02-09 13:00:00,50,2,1.1428571428571428,0.0,0.0,2.5846666666666667,optimal
2021-02-09 13:30:00,50,2,1.1428571428571428,0.0,0.0,2.7265333333333333,optimal
2021-02-09 14:00:00,50,2,1.1428571428571428,0.0,0.0,0.11283333333333331,optimal
2021-02-09 14:30:00,50,2,1.1428571428571428,0.0,0.0,1.2107666666666668,optimal
2021-02-09 15:00:00,50,2,1.1428571428571428,0.0,0.0,0.9202666666666668,optimal
2021-02-09 15:30:00,50,2,1.1428571428571428,0.0,0.0,0.057,optimal
2021-02-09 16:00:00,50,2,0.0,0.0,0.0,0.19066666666666662,optimal
2021-02-09 16:30:00,50,2,0.0,0.0,0.0,0.066,optimal
2021-02-09 17:00:00,50,2,0.0,0.0,0.0,0.066,optimal
2021-02-09 17:30:00,50,2,0.0,0.0,0.0,1.0803666666666665,optimal
2021-02-09 18:00:00,50,2,0.0,0.0774074074074074,0.0,0.0644,optimal
2021-02-09 18:30:00,50,2,0.0,0.23222222222222222,0.0,0.3335,optimal
2021-02-09 19:00:00,50,2,0.0,0.0,0.0,0.26453333333333334,optimal
2021-02-09 19:30:00,50,2,0.32294963688104633,0.1548148148148148,0.0,0.5606,optimal
2021-02-09 20:00:00,50,2,0.4603872259855142,0.0774074074074074,0.0,0.3812,optimal
2021-02-09 20:30:00,50,2,0.0,0.0,0.0,0.5605,optimal
2021-02-09 21:00:00,50,2,0.0,0.0,0.0,0.13786666666666667,optimal
2021-02-09 21:30:00,50,2,0.0,0.0,0.0,0.25516666666666665,optimal
2021-02-09 22:00:00,50,2,0.0,0.1548148148148148,0.0,0.214,optimal
2021-02-09 22:30:00,50,2,0.0,0.23222222222222222,0.0,0.2145,optimal
2021-02-09 23:00:00,50,2,0.0,0.0,0.0,0.13566666666666666,optimal
2021-02-09 23:30:00,50,2,0.0,0.0,0.0,0.14876666666666669,optimal
2021-02-10 00:00:00,50,2,0.0,0.0,0.0,0.07133333333333333,optimal
2021-02-10 00:30:00,50,2,0.0,0.0,0.0,0.11733333333333332,optimal
2021-02-10 01:00:00,50,2,0.6072704112019065,0.0,0.0,0.10866666666666669,optimal
2021-02-10 01:30:00,50,2,1.1428571428571428,0.0,0.0,0.20306666666666665,optimal
2021-02-10 02:00:00,50,2,1.1428571428571428,0.0,0.0,0.074,optimal
2021-02-10 02:30:00,50,2,1.1428571428571428,0.0,0.0,0.19306666666666664,optimal
2021-02-10 03:00:00,50,2,1.1428571428571428,0.0,0.0,0.162,optimal
2021-02-10 03:30:00,50,2,1.1428571428571428,0.0,0.0,0.074,optimal
2021-02-10 04:00:00,50,2,1.1428571428571428,0.0,0.0,0.152,optimal
2021-02-10 04:30:00,50,2,1.1428571428571428,0.0,0.0,0.20306666666666665,optimal
2021-02-10 05:00:00,50,2,1.1428571428571428,0.0,0.0,0.07366666666666667,optimal
2021-02-10 05:30:00,50,2,1.1428571428571428,0.0,2.2932804756617555,0.25046666666666667,optimal
2021-02-10 06:00:00,50,2,1.1428571428571428,0.0,10.0,0.1046,optimal
2021-02-10 06:30:00,50,2,1.1428571428571428,0.0,10.0,0.10866666666666669,optimal
2021-02-10 07:00:00,50,2,1.1428571428571428,0.1548148148148148,10.0,0.24606666666666663,optimal
2021-02-10 07:30:00,50,2,1.1428571428571428,0.0,0.0,0.073,optimal
2021-02-10 08:00:00,50,2,0.6002207281634975,1.3933333333333333,0.0,1.0270333333333332,optimal
2021-02-10 08:30:00,50,2,0.769224710432496,0.3096296296296296,0.0,0.1192,optimal
2021-02-10 09:00:00,50,2,0.7433185326169433,0.0,0.0,0.1972,optimal
2021-02-10 09:30:00,50,2,0.7476768006002285,0.0,0.0,0.152,optimal
2021-02-10 10:00:00,50,2,0.6470567303184137,0.0,0.0,0.10893333333333334,optimal
2021-02-10 10:30:00,50,2,0.6014397170201715,0.0,0.0,0.24613333333333332,optimal
2021-02-10 11:00:00,50,2,0.5553194454990897,0.0,0.0,0.0835,optimal
2021-02-10 11:30:00,50,2,0.561565246157398,0.0,0.0,0.09566666666666669,optimal
2021-02-10 12:00:00,50,2,0.42394529772774664,0.0,0.0,0.2359333333333333,optimal
2021-02-10 12:30:00,50,2,0.463507202489648,0.0,0.0,0.09746666666666669,optimal
2021-02-10 13:00:00,50,2,1.1428571428571428,0.0,0.0,0.074,optimal
2021-02-10 13:30:00,50,2,1.1428571428571428,0.0,0.0,0.1913333333333333,optimal
2021-02-10 14:00:00,50,2,1.1428571428571428,0.0,0.0,0.10740000000000001,optimal
2021-02-10 14:30:00,50,2,1.1428571428571428,0.0,0.0,0.17726666666666668,optimal
2021-02-10 15:00:00,50,2,1.1428571428571428,0.0,0.0,0.15613333333333332,optimal
2021-02-10 15:30:00,50,2,1.1428571428571428,0.0,0.0,0.22013333333333332,optimal
2021-02-10 16:00:00,50,2,0.0,0.0,0.0,0.24106666666666662,optimal
2021-02-10 16:30:00,50,2,0.0,0.0,0.0,0.3553,optimal
2021-02-10 17:00:00,50,2,0.0,0.46444444444444444,0.0,0.3499333333333333,optimal
2021-02-10 17:30:00,50,2,0.0,0.0,0.0,0.3323333333333333,optimal
2021-02-10 18:00:00,50,2,0.0,0.0,0.0,0.5844666666666667,optimal
2021-02-10 18:30:00,50,2,0.0,0.3096296296296296,0.0,0.7369,optimal
2021-02-10 19:00:00,50,2,0.0,0.1548148148148148,0.0,0.44523333333333337,optimal
2021-02-10 19:30:00,50,2,0.27666978782928764,0.0,0.0,0.5330333333333332,optimal
2021-02-10 20:00:00,50,2,0.638759177357323,0.1548148148148148,0.0,0.20513333333333333,optimal
2021-02-10 20:30:00,50,2,0.0,0.0,0.0,0.27926666666666666,optimal
2021-02-10 21:00:00,50,2,0.0,0.23222222222222222,0.0,0.41873333333333335,optimal
2021-02-10 21:30:00,50,2,0.0,0.0,0.0,0.41633333333333333,optimal
2021-02-10 22:00:00,50,2,0.0,0.46444444444444444,0.0,0.3538,optimal
2021-02-10 22:30:00,50,2,0.0,0.0,0.0,0.5195666666666667,optimal
2021-02-10 23:00:00,50,2,0.0,0.0,0.0,0.24,optimal
2021-02-10 23:30:00,50,2,0.0,0.0,0.0,0.074,optimal
2021-02-11 00:00:00,50,2,1.0686648471976805,0.0,0.0,0.07133333333333333,optimal
2021-02-11 00:30:00,50,2,1.1428571428571428,0.0,0.0,0.11733333333333332,optimal
2021-02-11 01:00:00,50,2,1.1428571428571428,0.0,0.0,0.10866666666666669,optimal
2021-02-11 01:30:00,50,2,1.1428571428571428,0.0,0.0,0.20306666666666665,optimal
2021-02-11 02:00:00,50,2,1.1428571428571428,0.0,0.0,0.074,optimal
2021-02-11 02:30:00,50,2,1.1428571428571428,0.0,0.0,0.19306666666666664,optimal
2021-02-11 03:00:00,50,2,1.1428571428571428,0.0,0.0,0.162,optimal
2021-02-11 03:30:00,50,2,1.1428571428571428,0.0,0.0,0.074,optimal
2021-02-11 04:00:00,50,2,1.1428571428571428,0.0,0.0,0.152,optimal
2021-02-11 04:30:00,50,2,1.1428571428571428,0.0,0.0,0.20306666666666665,optimal
2021-02-11 05:00:00,50,2,1.1428571428571428,0.0,0.0,0.07366666666666667,optimal
2021-02-11 05:30:00,50,2,1.1428571428571428,0.0,0.0,0.25046666666666667,optimal
2021-02-11 06:00:00,50,2,1.1428571428571428,0.0,0.0,0.1046,optimal
2021-02-11 06:30:00,50,2,1.1428571428571428,0.0,0.0,0.10866666666666669,optimal
2021-02-11 07:00:00,50,2,1.1428571428571428,0.1548148148148148,8.272980155303728,0.24606666666666663,optimal
2021-02-11 07:30:00,50,2,1.1428571428571428,0.0,0.0,0.073,optimal
2021-02-11 08:00:00,50,2,0.6846705989367307,1.3933333333333333,0.0,1.0270333333333332,optimal
2021-02-11 08:30:00,50,2,0.8686476122349773,0.3096296296296296,0.0,0.1192,optimal
2021-02-11 09:00:00,50,2,0.8477217066178298,0.0,0.0,0.1972,optimal
2021-02-11 09:30:00,50,2,0.7900488460513678,0.0,0.0,0.152,optimal
2021-02-11 10:00:00,50,2,0.6096327426316115,0.0,0.0,0.10893333333333334,optimal
2021-02-11 10:30:00,50,2,0.5961007958246203,0.0,0.0,0.24613333333333332,optimal
2021-02-11 11:00:00,50,2,0.5576388469860375,0.0,0.0,0.0835,optimal
2021-02-11 11:30:00,50,2,0.5360775900185925,0.0,0.0,0.09566666666666669,optimal
2021-02-11 12:00:00,50,2,0.3895257950881397,0.0,0.0,0.2359333333333333,optimal
2021-02-11 12:30:00,50,2,0.8417418041916729,0.0,0.0,0.09746666666666669,optimal
2021-02-11 13:00:00,50,2,1.1428571428571428,0.0,0.0,0.074,optimal
2021-02-11 13:30:00,50,2,1.1428571428571428,0.0,0.0,0.1913333333333333,optimal
2021-02-11 14:00:00,50,2,1.1428571428571428,0.0,0.0,0.10740000000000001,optimal
2021-02-11 14:30:00,50,2,1.1428571428571428,0.0,0.0,0.17726666666666668,optimal
2021-02-11 15:00:00,50,2,1.1428571428571428,0.0,0.0,0.15613333333333332,optimal
2021-02-11 15:30:00,50,2,1.1428571428571428,0.0,0.0,0.22013333333333332,optimal
2021-02-11 16:00:00,50,2,0.0,0.0,0.0,0.24106666666666662,optimal
2021-02-11 16:30:00,50,2,0.0,0.0,0.0,0.3553,optimal
2021-02-11 17:00:00,50,2,0.0,0.46444444444444444,0.0,0.3499333333333333,optimal
2021-02-11 17:30:00,50,2,0.0,0.0,0.0,0.3323333333333333,optimal
2021-02-11 18:00:00,50,2,0.0,0.0,0.0,0.5844666666666667,optimal
2021-02-11 18:30:00,50,2,0.0,0.3096296296296296,0.0,0.7369,optimal
2021-02-11 19:00:00,50,2,0.0,0.1548148148148148,0.0,0.44523333333333337,optimal
2021-02-11 19:30:00,50,2,0.7793090580692479,0.0,0.0,0.5330333333333332,optimal
2021-02-11 20:00:00,50,2,0.8911617004218216,0.1548148148148148,0.0,0.20513333333333333,optimal
2021-02-11 20:30:00,50,2,0.0,0.0,0.0,0.27926666666666666,optimal
2021-02-11 21:00:00,50,2,0.0,0.23222222222222222,0.0,0.41873333333333335,optimal
2021-02-11 21:30:00,50,2,0.0,0.0,0.0,0.41633333333333333,optimal
2021-02-11 22:00:00,50,2,0.0,0.46444444444444444,0.0,0.3538,optimal
2021-02-11 22:30:00,50,2,0.0,0.0,0.0,0.5195666666666667,optimal
2021-02-11 23:00:00,50,2,0.0,0.0,0.0,0.24,optimal
2021-02-11 23:30:00,50,2,0.0,0.0,0.0,0.074,optimal
2021-02-12 00:00:00,50,2,1.1428571428571428,0.0,0.0,0.1512,optimal
2021-02-12 00:30:00,50,2,1.1428571428571428,0.0,0.0,0.13206666666666667,optimal
2021-02-12 01:00:00,50,2,1.1428571428571428,0.0,0.0,0.12040000000000001,optimal
2021-02-12 01:30:00,50,2,1.1428571428571428,0.0,0.0,0.12586666666666665,optimal
2021-02-12 02:00:00,50,2,1.1428571428571428,0.0,0.0,0.1266,optimal
2021-02-12 02:30:00,50,2,1.1428571428571428,0.0,0.0,0.1512,optimal
2021-02-12 03:00:00,50,2,1.1428571428571428,0.0,0.0,0.08026666666666667,optimal
2021-02-12 03:30:00,50,2,1.1428571428571428,0.0,0.0,0.1266,optimal
2021-02-12 04:00:00,50,2,1.1428571428571428,0.0,0.0,0.11573333333333333,optimal
2021-02-12 04:30:00,50,2,1.1428571428571428,0.0,0.0,0.11573333333333333,optimal
2021-02-12 05:00:00,50,2,1.1428571428571428,0.0,0.0,0.06,optimal
2021-02-12 05:30:00,50,2,1.1428571428571428,0.0,4.268300892073255,0.2127333333333333,optimal
2021-02-12 06:00:00,50,2,1.1428571428571428,0.6192592592592592,10.0,1.0076666666666667,optimal
2021-02-12 06:30:00,50,2,1.1428571428571428,2.8640740740740736,10.0,0.11126666666666668,optimal
2021-02-12 07:00:00,50,2,1.1428571428571428,0.0,0.0,1.2294666666666667,optimal
2021-02-12 07:30:00,50,2,1.1428571428571428,5.567904328876256,0.0,0.45439999999999997,optimal
2021-02-12 08:00:00,50,2,0.5771190862751138,0.23222222222222222,0.0,1.3096666666666668,optimal
2021-02-12 08:30:00,50,2,0.7955227230537347,0.5418518518518518,0.0,0.5023666666666666,optimal
2021-02-12 09:00:00,50,2,0.8054850719127568,0.387037037037037,0.0,0.2342,optimal
2021-02-12 09:30:00,50,2,0.5922069721098531,0.387037037037037,0.0,2.8081,optimal
2021-02-12 10:00:00,50,2,0.34218427222395115,0.0774074074074074,0.0,2.897333333333333,optimal
2021-02-12 10:30:00,50,2,0.3434265224762296,5.728148148148147,0.0,2.0453,optimal
2021-02-12 11:00:00,50,2,0.25285669628131763,0.0774074074074074,0.0,1.5066666666666668,optimal
2021-02-12 11:30:00,50,2,0.3331329299438087,0.6192592592592592,0.0,0.2551,optimal
2021-02-12 12:00:00,50,2,0.7438949959999956,0.3096296296296296,0.0,1.8979000000000001,optimal
2021-02-12 12:30:00,50,2,1.1428571428571428,0.1548148148148148,0.0,0.4164,optimal
2021-02-12 13:00:00,50,2,1.1428571428571428,0.0774074074074074,0.0,0.0953,optimal
2021-02-12 13:30:00,50,2,1.1428571428571428,0.0,0.0,0.12179999999999999,optimal
2021-02-12 14:00:00,50,2,1.1428571428571428,0.0,0.0,0.11013333333333333,optimal
2021-02-12 14:30:00,50,2,1.1428571428571428,0.0,0.0,0.15613333333333332,optimal
2021-02-12 15:00:00,50,2,1.1428571428571428,0.0,0.0,0.12919999999999998,optimal
2021-02-12 15:30:00,50,2,1.1428571428571428,0.0,0.0,0.14833333333333334,optimal
2021-02-12 16:00:00,50,2,0.0,0.0,0.0,0.13273333333333331,optimal
2021-02-12 16:30:00,50,2,0.0,0.1548148148148148,0.0,0.1359,optimal
2021-02-12 17:00:00,50,2,0.0,0.1548148148148148,0.0,0.18969999999999998,optimal
2021-02-12 17:30:00,50,2,0.0,0.0774074074074074,0.0,0.3717,optimal
2021-02-12 18:00:00,50,2,0.0,0.0774074074074074,0.0,0.22976666666666667,optimal
2021-02-12 18:30:00,50,2,0.0,0.3096296296296296,0.0,0.078,optimal
2021-02-12 19:00:00,50,2,0.0,1.8577777777777778,0.0,2.1632,optimal
2021-02-12 19:30:00,50,2,0.541906189514374,0.387037037037037,0.0,2.9990666666666668,optimal
2021-02-12 20:00:00,50,2,0.5610946745703473,0.0,0.0,1.8320999999999998,optimal
2021-02-12 20:30:00,50,2,0.0,0.3096296296296296,0.0,0.4699,optimal
2021-02-12 21:00:00,50,2,0.0,0.0,0.0,0.3772,optimal
2021-02-12 21:30:00,50,2,0.0,0.1548148148148148,0.0,0.3767,optimal
2021-02-12 22:00:00,50,2,0.0,0.23222222222222222,0.0,1.5662333333333331,optimal
2021-02-12 22:30:00,50,2,0.0,0.387037037037037,0.0,1.3314000000000001,optimal
2021-02-12 23:00:00,50,2,0.0,0.0774074074074074,0.0,0.32656666666666667,optimal
2021-02-12 23:30:00,50,2,0.0,0.0,0.0,1.9159000000000002,optimal
2021-02-13 00:00:00,50,2,0.0,0.0,0.0,0.053,optimal
2021-02-13 00:30:00,50,2,0.15868548781351907,0.0,0.0,0.057,optimal
2021-02-13 01:00:00,50,2,1.1428571428571428,0.0,0.0,0.057,optimal
2021-02-13 01:30:00,50,2,1.1428571428571428,0.0,0.0,0.057,optimal
2021-02-13 02:00:00,50,2,1.1428571428571428,0.0,0.0,0.050333333333333334,optimal
2021-02-13 02:30:00,50,2,1.1428571428571428,0.0,0.0,0.047,optimal
2021-02-13 03:00:00,50,2,1.1428571428571428,0.0,0.0,0.047,optimal
2021-02-13 03:30:00,50,2,1.1428571428571428,0.0,0.0,0.047,optimal
2021-02-13 04:00:00,50,2,1.1428571428571428,0.0,0.0,0.047,optimal
2021-02-13 04:30:00,50,2,1.1428571428571428,0.0,0.0,0.047,optimal
2021-02-13 05:00:00,50,2,1.1428571428571428,0.0,0.0,0.047,optimal
2021-02-13 05:30:00,50,2,1.1428571428571428,0.0,0.0,0.047,optimal
2021-02-13 06:00:00,50,2,1.1428571428571428,0.0,0.0,0.047,optimal
2021-02-13 06:30:00,50,2,1.1428571428571428,0.0,0.0,0.04633333333333334,optimal
2021-02-13 07:00:00,50,2,1.1428571428571428,0.5418518518518518,8.475078638527528,0.045,optimal
2021-02-13 07:30:00,50,2,1.1428571428571428,2.4770370370370367,0.0,0.045666666666666654,optimal
2021-02-13 08:00:00,50,2,0.8940641027328466,0.0,0.0,0.047,optimal
2021-02-13 08:30:00,50,2,0.8919250983001037,0.0,0.0,0.047,optimal
2021-02-13 09:00:00,50,2,0.829829540882232,0.0,0.0,0.047,optimal
2021-02-13 09:30:00,50,2,0.8191345187184818,0.0,0.0,0.047,optimal
2021-02-13 10:00:00,50,2,0.7062912951726802,0.0,0.0,0.047,optimal
2021-02-13 10:30:00,50,2,1.102143262628772,0.0,0.0,0.047,optimal
2021-02-13 11:00:00,50,2,1.1428571428571428,0.0,0.0,0.053666666666666654,optimal
2021-02-13 11:30:00,50,2,1.1428571428571428,0.0,0.0,0.050333333333333334,optimal
2021-02-13 12:00:00,50,2,1.1428571428571428,0.0,0.0,0.053666666666666654,optimal
2021-02-13 12:30:00,50,2,1.1428571428571428,0.0,0.0,0.057,optimal
2021-02-13 13:00:00,50,2,1.1428571428571428,0.0,0.0,0.057,optimal
2021-02-13 13:30:00,50,2,1.1428571428571428,0.0,0.0,0.057,optimal
2021-02-13 14:00:00,50,2,1.1428571428571428,0.0,0.0,0.055666666666666656,optimal
2021-02-13 14:30:00,50,2,1.1428571428571428,0.1548148148148148,0.0,0.2924333333333333,optimal
2021-02-13 15:00:00,50,2,1.1428571428571428,0.0,0.0,0.047,optimal
2021-02-13 15:30:00,50,2,1.1428571428571428,0.0,0.0,0.047,optimal
2021-02-13 16:00:00,50,2,0.0,0.0,0.0,0.047,optimal
2021-02-13 16:30:00,50,2,0.0,0.0,0.0,0.047,optimal
2021-02-13 17:00:00,50,2,0.0,0.0,0.0,0.047,optimal
2021-02-13 17:30:00,50,2,0.0,0.0,0.0,0.047,optimal
2021-02-13 18:00:00,50,2,0.0,0.0,0.0,0.053666666666666654,optimal
2021-02-13 18:30:00,50,2,0.0,0.0,0.0,0.057,optimal
2021-02-13 19:00:00,50,2,0.0,0.0,0.0,0.057,optimal
2021-02-13 19:30:00,50,2,0.8631709514191376,0.0,0.0,0.057,optimal
2021-02-13 20:00:00,50,2,0.8674489602846353,0.0,0.0,0.050333333333333334,optimal
2021-02-13 20:30:00,50,2,0.0,0.0,0.0,0.047,optimal
2021-02-13 21:00:00,50,2,0.0,0.0,0.0,0.05066666666666666,optimal
2021-02-13 21:30:00,50,2,0.0,1.8577777777777778,0.0,0.07026666666666667,optimal
2021-02-13 22:00:00,50,2,0.0,0.0,0.0,0.3670333333333334,optimal
2021-02-13 22:30:00,50,2,0.0,0.0,0.0,0.15833333333333335,optimal
2021-02-13 23:00:00,50,2,0.0,0.0,0.0,0.057,optimal
2021-02-13 23:30:00,50,2,0.0,0.0,0.0,0.05633333333333333,optimal
2021-02-07 00:00:00,51,2,0.0,0.0,0.0,0.057,optimal
2021-02-07 00:30:00,51,2,0.0,0.0,0.0,0.08286666666666666,optimal
2021-02-07 01:00:00,51,2,0.0,0.23222222222222222,0.0,1.108,optimal
2021-02-07 01:30:00,51,2,0.0,0.1548148148148148,0.0,0.15736666666666668,optimal
2021-02-07 02:00:00,51,2,0.0,0.0,0.0,0.19926666666666668,optimal
2021-02-07 02:30:00,51,2,0.0,0.0,0.0,0.057,optimal
2021-02-07 03:00:00,51,2,0.0,0.0,0.0,0.08933333333333333,optimal
2021-02-07 03:30:00,51,2,0.0,0.0,0.0,0.16693333333333335,optimal
2021-02-07 04:00:00,51,2,1.1428571428571428,0.0,0.0,0.057,optimal
2021-02-07 04:30:00,51,2,1.1428571428571428,0.0,0.0,0.16046666666666667,optimal
2021-02-07 05:00:00,51,2,1.1428571428571428,0.0,0.0,0.0958,optimal
2021-02-07 05:30:00,51,2,1.1428571428571428,0.0,0.0,0.07640000000000001,optimal
2021-02-07 06:00:00,51,2,1.1428571428571428,0.0,0.0,0.17986666666666667,optimal
2021-02-07 06:30:00,51,2,1.1428571428571428,0.0,0.0,0.057,optimal
2021-02-07 07:00:00,51,2,1.1428571428571428,0.0,1.6063785740462473,0.3486666666666667,optimal
2021-02-07 07:30:00,51,2,0.0,0.0,0.0,0.39426666666666665,optimal
2021-02-07 08:00:00,51,2,0.0,0.1548148148148148,0.0,0.32326666666666665,optimal
2021-02-07 08:30:00,51,2,0.43427660926139416,0.6192592592592592,0.0,0.5684,optimal
2021-02-07 09:00:00,51,2,0.38123118509692955,0.0,0.0,0.9567333333333332,optimal
2021-02-07 09:30:00,51,2,0.375958847330846,0.0,0.0,1.026,optimal
2021-02-07 10:00:00,51,2,0.6905234325963993,0.0,0.0,0.08286666666666666,optimal
2021-02-07 10:30:00,51,2,0.7021919176523743,0.0,0.0,0.065,optimal
2021-02-07 11:00:00,51,2,0.37384429314304396,0.46444444444444444,0.0,0.7279333333333333,optimal
2021-02-07 11:30:00,51,2,0.42891095980971106,0.387037037037037,0.0,0.45480000000000004,optimal
2021-02-07 12:00:00,51,2,0.2606121357849602,5.805555555555555,0.0,1.3667,optimal
2021-02-07 12:30:00,51,2,0.14608832626115725,0.1548148148148148,0.0,2.648333333333333,optimal
2021-02-07 13:00:00,51,2,1.1428571428571428,0.1548148148148148,0.0,2.2135,optimal
2021-02-07 13:30:00,51,2,1.1428571428571428,0.6192592592592592,0.0,0.242,optimal
2021-02-07 14:00:00,51,2,1.1428571428571428,0.1548148148148148,0.0,0.32693333333333335,optimal
2021-02-07 14:30:00,51,2,1.1428571428571428,0.0,0.0,0.2834333333333333,optimal
2021-02-07 15:00:00,51,2,1.1428571428571428,0.6192592592592592,0.0,0.1512666666666667,optimal
2021-02-07 15:30:00,51,2,1.1428571428571428,0.1548148148148148,0.0,0.3788,optimal
2021-02-07 16:00:00,51,2,0.0,0.0,0.0,0.084,optimal
2021-02-07 16:30:00,51,2,0.0,2.1674074074074072,0.0,0.3902,optimal
2021-02-07 17:00:00,51,2,0.0,0.1548148148148148,0.0,0.37626666666666664,optimal
2021-02-07 17:30:00,51,2,0.0,1.006296296296296,0.0,0.2184,optimal
2021-02-07 18:00:00,51,2,0.0,0.0,0.0,0.4386666666666667,optimal
2021-02-07 18:30:00,51,2,0.0,0.774074074074074,0.0,0.3075333333333334,optimal
2021-02-07 19:00:00,51,2,0.0,0.46444444444444444,0.0,0.2092,optimal
2021-02-07 19:30:00,51,2,0.0,0.0,0.0,0.4408,optimal
2021-02-07 20:00:00,51,2,0.07092092659522886,0.0,0.0,0.192,optimal
2021-02-07 20:30:00,51,2,0.0,0.0,0.0,0.6108666666666667,optimal
2021-02-07 21:00:00,51,2,0.0,0.0,0.0,0.5772666666666667,optimal
2021-02-07 21:30:00,51,2,0.0,0.0,0.0,0.4242666666666666,optimal
2021-02-07 22:00:00,51,2,0.0,0.0,0.0,0.6397999999999999,optimal
2021-02-07 22:30:00,51,2,0.0,1.548148148148148,0.0,0.171,optimal
2021-02-07 23:00:00,51,2,0.0,0.0,0.0,0.067,optimal
2021-02-07 23:30:00,51,2,0.0,0.0,0.0,0.20926666666666668,optimal
2021-02-08 00:00:00,51,2,0.0,0.0774074074074074,0.0,0.051,optimal
2021-02-08 00:30:00,51,2,0.0,0.0,0.0,0.062200000000000005,optimal
2021-02-08 01:00:00,51,2,0.0,0.0,0.0,0.163,optimal
2021-02-08 01:30:00,51,2,0.0,0.0,0.0,0.19046666666666667,optimal
2021-02-08 02:00:00,51,2,0.18465392828365285,0.0,0.0,0.1205,optimal
2021-02-08 02:30:00,51,2,1.1428571428571428,0.0,0.0,0.22103333333333333,optimal
2021-02-08 03:00:00,51,2,1.1428571428571428,0.0,0.0,0.2454,optimal
2021-02-08 03:30:00,51,2,1.1428571428571428,0.0,0.0,0.28876666666666667,optimal
2021-02-08 04:00:00,51,2,1.1428571428571428,0.0774074074074074,0.0,0.24516666666666662,optimal
2021-02-08 04:30:00,51,2,1.1428571428571428,0.23222222222222222,0.0,0.3867333333333334,optimal
2021-02-08 05:00:00,51,2,1.1428571428571428,2.39962962962963,0.0,0.062200000000000005,optimal
2021-02-08 05:30:00,51,2,1.1428571428571428,6.811851851851851,0.0,0.1756,optimal
2021-02-08 06:00:00,51,2,1.1428571428571428,1.9351851851851851,0.0,0.1138,optimal
2021-02-08 06:30:00,51,2,1.1428571428571428,5.882962962962964,9.459065898446488,0.097,optimal
2021-02-08 07:00:00,51,2,1.1428571428571428,0.0,10.0,0.2766,optimal
2021-02-08 07:30:00,51,2,1.1428571428571428,5.882962962962964,0.0,0.3368,optimal
2021-02-08 08:00:00,51,2,0.6449435861154176,0.0,0.0,0.14476666666666668,optimal
2021-02-08 08:30:00,51,2,0.7281549283142588,0.3096296296296296,0.0,0.22333333333333327,optimal
2021-02-08 09:00:00,51,2,0.7616795151035903,0.0,0.0,0.063,optimal
2021-02-08 09:30:00,51,2,0.7552625018053377,0.0,0.0,0.063,optimal
2021-02-08 10:00:00,51,2,0.6611312721029313,0.0,0.0,0.063,optimal
2021-02-08 10:30:00,51,2,0.641948285401178,0.0,0.0,0.15259999999999999,optimal
2021-02-08 11:00:00,51,2,0.550735362209188,0.0,0.0,0.13290000000000002,optimal
2021-02-08 11:30:00,51,2,0.5598287819151063,0.0,0.0,0.0861,optimal
2021-02-08 12:00:00,51,2,0.5148661691978133,0.0,0.0,0.1158,optimal
2021-02-08 12:30:00,51,2,0.48431015146681505,0.0,0.0,0.1928,optimal
2021-02-08 13:00:00,51,2,1.1428571428571428,0.1548148148148148,0.0,1.5064666666666666,optimal
2021-02-08 13:30:00,51,2,1.1428571428571428,0.0,0.0,0.42083333333333334,optimal
2021-02-08 14:00:00,51,2,1.1428571428571428,0.1548148148148148,0.0,0.34896666666666665,optimal
2021-02-08 14:30:00,51,2,1.1428571428571428,0.387037037037037,0.0,0.2848,optimal
2021-02-08 15:00:00,51,2,1.1428571428571428,0.0,0.0,0.3272,optimal
2021-02-08 15:30:00,51,2,1.1428571428571428,0.0,0.0,1.4979,optimal
2021-02-08 16:00:00,51,2,0.0,0.0,0.0,0.16156666666666666,optimal
2021-02-08 16:30:00,51,2,0.0,0.0,0.0,0.48669999999999997,optimal
2021-02-08 17:00:00,51,2,0.0,0.3096296296296296,0.0,0.485,optimal
2021-02-08 17:30:00,51,2,0.0,0.0,0.0,0.4764,optimal
2021-02-08 18:00:00,51,2,0.0,0.0774074074074074,0.0,0.11526666666666668,optimal
2021-02-08 18:30:00,51,2,0.0,0.23222222222222222,0.0,0.43573333333333336,optimal
2021-02-08 19:00:00,51,2,0.0,0.23222222222222222,0.0,0.1955,optimal
2021-02-08 19:30:00,51,2,0.5656234086936098,0.0,0.0,0.0683,optimal
2021-02-08 20:00:00,51,2,0.6321677465034925,0.0774074074074074,0.0,0.3367333333333333,optimal
2021-02-08 20:30:00,51,2,0.0,0.3096296296296296,0.0,0.42560000000000003,optimal
2021-02-08 21:00:00,51,2,0.0,0.6192592592592592,0.0,0.32403333333333334,optimal
2021-02-08 21:30:00,51,2,0.0,0.0,0.0,0.5454666666666667,optimal
2021-02-08 22:00:00,51,2,0.0,0.0,0.0,0.4656666666666667,optimal
2021-02-08 22:30:00,51,2,0.0,0.0,0.0,0.2079,optimal
2021-02-08 23:00:00,51,2,0.0,0.0,0.0,0.1177,optimal
2021-02-08 23:30:00,51,2,0.0,0.0,0.0,0.1207,optimal
2021-02-09 00:00:00,51,2,0.0,0.3096296296296296,0.0,0.3679,optimal
2021-02-09 00:30:00,51,2,0.0,0.1548148148148148,0.0,0.3692,optimal
2021-02-09 01:00:00,51,2,0.0,0.1548148148148148,0.0,0.193,optimal
2021-02-09 01:30:00,51,2,0.8362966007404633,0.0,0.0,0.071,optimal
2021-02-09 02:00:00,51,2,1.1428571428571428,0.0,0.0,0.071,optimal
2021-02-09 02:30:00,51,2,1.1428571428571428,0.0,0.0,0.071,optimal
2021-02-09 03:00:00,51,2,1.1428571428571428,0.0,0.0,0.071,optimal
2021-02-09 03:30:00,51,2,1.1428571428571428,0.0,0.0,2.8455,optimal
2021-02-09 04:00:00,51,2,1.1428571428571428,0.0,0.0,0.071,optimal
2021-02-09 04:30:00,51,2,1.1428571428571428,0.0,0.0,0.071,optimal
2021-02-09 05:00:00,51,2,1.1428571428571428,0.0,0.0,0.071,optimal
2021-02-09 05:30:00,51,2,1.1428571428571428,0.0,0.0,0.071,optimal
2021-02-09 06:00:00,51,2,1.1428571428571428,0.0,2.0982730412828534,0.071,optimal
2021-02-09 06:30:00,51,2,1.1428571428571428,0.0,10.0,0.071,optimal
2021-02-09 07:00:00,51,2,1.1428571428571428,0.387037037037037,10.0,1.7115333333333334,optimal
2021-02-09 07:30:00,51,2,1.1428571428571428,0.23222222222222222,0.0,1.3695333333333333,optimal
2021-02-09 08:00:00,51,2,0.4481942373334892,0.774074074074074,0.0,3.4817666666666667,optimal
2021-02-09 08:30:00,51,2,0.3104572240352422,0.1548148148148148,0.0,2.6047,optimal
2021-02-09 09:00:00,51,2,0.40332808034920437,0.6192592592592592,0.0,3.4438,optimal
2021-02-09 09:30:00,51,2,0.5166835775622234,0.23222222222222222,0.0,1.6578666666666666,optimal
2021-02-09 10:00:00,51,2,0.37081893586062653,0.46444444444444444,0.0,0.3416666666666667,optimal
2021-02-09 10:30:00,51,2,0.13277915179211303,0.23222222222222222,0.0,2.3320666666666665,optimal
2021-02-09 11:00:00,51,2,0.5363686870771578,0.0,0.0,0.071,optimal
2021-02-09 11:30:00,51,2,0.5342296826444148,0.0,0.0,0.071,optimal
2021-02-09 12:00:00,51,2,0.4676928990795007,0.0,0.0,0.071,optimal
2021-02-09 12:30:00,51,2,0.4698319035122436,0.0,0.0,0.071,optimal
2021-02-09 13:00:00,51,2,0.8669339897630701,0.0,0.0,0.071,optimal
2021-02-09 13:30:00,51,2,1.1428571428571428,0.23222222222222222,0.0,2.9509333333333334,optimal
2021-02-09 14:00:00,51,2,1.1428571428571428,0.0,0.0,3.844866666666667,optimal
2021-02-09 14:30:00,51,2,1.1428571428571428,0.3096296296296296,0.0,0.311,optimal
2021-02-09 15:00:00,51,2,1.1428571428571428,0.3096296296296296,0.0,2.5850666666666666,optimal
2021-02-09 15:30:00,51,2,1.1428571428571428,0.0,0.0,2.592,optimal
2021-02-09 16:00:00,51,2,0.0,0.23222222222222222,0.0,0.29253333333333337,optimal
2021-02-09 16:30:00,51,2,0.0,0.1548148148148148,0.0,0.18336666666666668,optimal
2021-02-09 17:00:00,51,2,0.0,0.0,0.0,0.1206,optimal
2021-02-09 17:30:00,51,2,0.0,0.3096296296296296,0.0,0.1215,optimal
2021-02-09 18:00:00,51,2,0.0,0.5418518518518518,0.0,0.15006666666666665,optimal
2021-02-09 18:30:00,51,2,0.0,0.3096296296296296,0.0,0.3948333333333333,optimal
2021-02-09 19:00:00,51,2,0.0,0.1548148148148148,0.0,1.324266666666667,optimal
2021-02-09 19:30:00,51,2,0.0,0.0,0.0,1.5975333333333332,optimal
2021-02-09 20:00:00,51,2,0.0,0.0,0.0,0.5432666666666667,optimal
2021-02-09 20:30:00,51,2,0.0,0.0774074074074074,0.0,1.0275,optimal
2021-02-09 21:00:00,51,2,0.0,0.0774074074074074,0.0,1.9646333333333328,optimal
2021-02-09 21:30:00,51,2,0.0,0.0,0.0,0.5034,optimal
2021-02-09 22:00:00,51,2,0.0,0.0,0.0,1.0563,optimal
2021-02-09 22:30:00,51,2,0.0,0.0,0.0,1.8254666666666668,optimal
2021-02-09 23:00:00,51,2,0.0,0.0,0.0,0.071,optimal
2021-02-09 23:30:00,51,2,0.0,0.0,0.0,0.071,optimal
2021-02-10 00:00:00,51,2,0.0,0.0,0.0,0.058333333333333334,optimal
2021-02-10 00:30:00,51,2,0.0,0.0,0.0,0.05966666666666666,optimal
2021-02-10 01:00:00,51,2,0.4143297357480997,0.0,0.0,0.064,optimal
2021-02-10 01:30:00,51,2,1.1428571428571428,0.0,0.0,0.064,optimal
2021-02-10 02:00:00,51,2,1.1428571428571428,0.0,0.0,0.064,optimal
2021-02-10 02:30:00,51,2,1.1428571428571428,0.0,0.0,0.064,optimal
2021-02-10 03:00:00,51,2,1.1428571428571428,0.0,0.0,0.064,optimal
2021-02-10 03:30:00,51,2,1.1428571428571428,0.0,0.0,0.064,optimal
2021-02-10 04:00:00,51,2,1.1428571428571428,0.0,0.0,0.064,optimal
2021-02-10 04:30:00,51,2,1.1428571428571428,0.0,0.0,0.064,optimal
2021-02-10 05:00:00,51,2,1.1428571428571428,0.0,0.0,0.064,optimal
2021-02-10 05:30:00,51,2,1.1428571428571428,0.0,0.0,0.064,optimal
2021-02-10 06:00:00,51,2,1.1428571428571428,0.0,0.6072554931313334,0.064,optimal
2021-02-10 06:30:00,51,2,1.1428571428571428,0.0,10.0,0.064,optimal
2021-02-10 07:00:00,51,2,1.1428571428571428,0.0,10.0,0.064,optimal
2021-02-10 07:30:00,51,2,1.1428571428571428,0.6966666666666667,0.0,1.4753,optimal
2021-02-10 08:00:00,51,2,0.6701426329253948,1.8577777777777778,0.0,0.2085,optimal
2021-02-10 08:30:00,51,2,0.6451570913848772,0.3096296296296296,0.0,1.7834333333333334,optimal
2021-02-10 09:00:00,51,2,0.5554747230931316,0.0,0.0,1.4847000000000001,optimal
2021-02-10 09:30:00,51,2,0.2369415625049919,0.0,0.0,2.7849666666666666,optimal
2021-02-10 10:00:00,51,2,0.6029138731755608,0.0,0.0,0.15533333333333335,optimal
2021-02-10 10:30:00,51,2,0.6540206694011161,0.0,0.0,0.064,optimal
2021-02-10 11:00:00,51,2,0.5754337312133767,0.0,0.0,0.064,optimal
2021-02-10 11:30:00,51,2,0.571155722347867,0.0,0.0,0.064,optimal
2021-02-10 12:00:00,51,2,0.4736119643944033,0.0,0.0,0.064,optimal
2021-02-10 12:30:00,51,2,0.4736119643944033,0.0,0.0,0.064,optimal
2021-02-10 13:00:00,51,2,0.8373115138369933,0.23222222222222222,0.0,0.15533333333333335,optimal
2021-02-10 13:30:00,51,2,1.1428571428571428,0.0,0.0,0.1938,optimal
2021-02-10 14:00:00,51,2,1.1428571428571428,0.387037037037037,0.0,0.37310000000000004,optimal
2021-02-10 14:30:00,51,2,1.1428571428571428,0.0,0.0,0.29760000000000003,optimal
2021-02-10 15:00:00,51,2,1.1428571428571428,0.0,0.0,0.1984,optimal
2021-02-10 15:30:00,51,2,1.1428571428571428,0.3096296296296296,0.0,0.2055,optimal
2021-02-10 16:00:00,51,2,0.0,0.1548148148148148,0.0,0.7495666666666667,optimal
2021-02-10 16:30:00,51,2,0.0,0.0,0.0,5.7491,optimal
2021-02-10 17:00:00,51,2,0.0,0.0,0.0,3.2060999999999997,optimal
2021-02-10 17:30:00,51,2,0.0,0.0,0.0,0.3659,optimal
2021-02-10 18:00:00,51,2,0.0,0.0,0.0,0.45363333333333333,optimal
2021-02-10 18:30:00,51,2,0.0,4.954074074074073,0.0,0.4348,optimal
2021-02-10 19:00:00,51,2,0.0,0.0,0.0,0.4157,optimal
2021-02-10 19:30:00,51,2,0.0,0.3096296296296296,0.0,0.2319,optimal
2021-02-10 20:00:00,51,2,0.0,0.0,0.0,0.5741,optimal
2021-02-10 20:30:00,51,2,0.0,0.23222222222222222,0.0,1.7598666666666665,optimal
2021-02-10 21:00:00,51,2,0.0,0.0,0.0,0.5100333333333333,optimal
2021-02-10 21:30:00,51,2,0.0,0.387037037037037,0.0,0.2955,optimal
2021-02-10 22:00:00,51,2,0.0,0.0,0.0,0.197,optimal
2021-02-10 22:30:00,51,2,0.0,0.0,0.0,0.24103333333333332,optimal
2021-02-10 23:00:00,51,2,0.0,0.0,0.0,0.064,optimal
2021-02-10 23:30:00,51,2,0.0,0.0,0.0,0.064,optimal
2021-02-11 00:00:00,51,2,0.9694226752702341,0.0,0.0,0.165,optimal
2021-02-11 00:30:00,51,2,1.1428571428571428,0.0,0.0,0.06,optimal
2021-02-11 01:00:00,51,2,1.1428571428571428,0.0,0.0,0.06,optimal
2021-02-11 01:30:00,51,2,1.1428571428571428,0.0,0.0,0.06,optimal
2021-02-11 02:00:00,51,2,1.1428571428571428,0.0,0.0,0.15519999999999998,optimal
2021-02-11 02:30:00,51,2,1.1428571428571428,0.0,0.0,0.06,optimal
2021-02-11 03:00:00,51,2,1.1428571428571428,0.0,0.0,0.0872,optimal
2021-02-11 03:30:00,51,2,1.1428571428571428,0.0,0.0,0.128,optimal
2021-02-11 04:00:00,51,2,1.1428571428571428,0.0,0.0,0.06,optimal
2021-02-11 04:30:00,51,2,1.1428571428571428,0.0,0.0,0.15519999999999998,optimal
2021-02-11 05:00:00,51,2,1.1428571428571428,0.0,0.0,0.06,optimal
2021-02-11 05:30:00,51,2,1.1428571428571428,0.3096296296296296,0.0,0.18146666666666667,optimal
2021-02-11 06:00:00,51,2,1.1428571428571428,0.0,0.0,0.2204,optimal
2021-02-11 06:30:00,51,2,1.1428571428571428,0.0,0.0,0.1989,optimal
2021-02-11 07:00:00,51,2,1.1428571428571428,0.46444444444444444,8.929866054038095,0.49010000000000004,optimal
2021-02-11 07:30:00,51,2,1.1428571428571428,0.1548148148148148,0.0,1.4904666666666666,optimal
2021-02-11 08:00:00,51,2,0.9183925036986302,0.0,0.0,0.15519999999999998,optimal
2021-02-11 08:30:00,51,2,0.9520095169968861,0.0,0.0,0.06,optimal
2021-02-11 09:00:00,51,2,0.8840359923321126,0.0,0.0,0.06,optimal
2021-02-11 09:30:00,51,2,0.7862488460513666,0.0,0.0,0.15519999999999998,optimal
2021-02-11 10:00:00,51,2,0.6207279807268543,0.0,0.0,0.06,optimal
2021-02-11 10:30:00,51,2,0.6463960339198528,0.0,0.0,0.06,optimal
2021-02-11 11:00:00,51,2,0.548267418414609,0.0,0.0,0.1628666666666667,optimal
2021-02-11 11:30:00,51,2,0.5433823519233612,0.0,0.0,0.06,optimal
2021-02-11 12:00:00,51,2,0.3612200808024242,0.46444444444444444,0.0,0.3979,optimal
2021-02-11 12:30:00,51,2,0.34660445174810184,0.1548148148148148,0.0,0.1807333333333333,optimal
2021-02-11 13:00:00,51,2,1.1428571428571428,0.0,0.0,0.06,optimal
2021-02-11 13:30:00,51,2,1.1428571428571428,0.0,0.0,0.0668,optimal
2021-02-11 14:00:00,51,2,1.1428571428571428,0.0,0.0,0.15706666666666666,optimal
2021-02-11 14:30:00,51,2,1.1428571428571428,0.0,0.0,1.4334666666666667,optimal
2021-02-11 15:00:00,51,2,1.1428571428571428,0.0,0.0,0.6994666666666667,optimal
2021-02-11 15:30:00,51,2,1.1428571428571428,0.0,0.0,1.5746666666666667,optimal
2021-02-11 16:00:00,51,2,0.0,6.966666666666665,0.0,0.35296666666666665,optimal
2021-02-11 16:30:00,51,2,0.0,0.3096296296296296,0.0,0.24459999999999998,optimal
2021-02-11 17:00:00,51,2,0.0,0.23222222222222222,0.0,0.21656666666666663,optimal
2021-02-11 17:30:00,51,2,0.0,5.960370370370371,0.0,0.4938,optimal
2021-02-11 18:00:00,51,2,0.0,0.1548148148148148,0.0,0.3604,optimal
2021-02-11 18:30:00,51,2,0.0,0.0,0.0,0.40373333333333333,optimal
2021-02-11 19:00:00,51,2,0.0,0.0,0.0,1.1681333333333335,optimal
2021-02-11 19:30:00,51,2,0.20523425646037455,0.23222222222222222,0.0,1.7024000000000001,optimal
2021-02-11 20:00:00,51,2,0.7002664623265789,0.0,0.0,1.5066666666666668,optimal
2021-02-11 20:30:00,51,2,0.0,0.0,0.0,0.8638666666666667,optimal
2021-02-11 21:00:00,51,2,0.0,0.0,0.0,0.42636666666666667,optimal
2021-02-11 21:30:00,51,2,0.0,0.46444444444444444,0.0,0.3486,optimal
2021-02-11 22:00:00,51,2,0.0,0.23222222222222222,0.0,0.4782,optimal
2021-02-11 22:30:00,51,2,0.0,0.0,0.0,0.24503333333333333,optimal
2021-02-11 23:00:00,51,2,0.0,0.0774074074074074,0.0,0.07759999999999999,optimal
2021-02-11 23:30:00,51,2,0.0,0.0,0.0,0.1628666666666667,optimal
2021-02-12 00:00:00,51,2,1.1428571428571428,0.0,0.0,0.058333333333333334,optimal
2021-02-12 00:30:00,51,2,1.1428571428571428,0.0,0.0,0.05966666666666666,optimal
2021-02-12 01:00:00,51,2,1.1428571428571428,0.0,0.0,0.064,optimal
2021-02-12 01:30:00,51,2,1.1428571428571428,0.0,0.0,0.064,optimal
2021-02-12 02:00:00,51,2,1.1428571428571428,0.0,0.0,0.064,optimal
2021-02-12 02:30:00,51,2,1.1428571428571428,0.0,0.0,0.064,optimal
2021-02-12 03:00:00,51,2,1.1428571428571428,0.0,0.0,0.064,optimal
2021-02-12 03:30:00,51,2,1.1428571428571428,0.0,0.0,0.064,optimal
2021-02-12 04:00:00,51,2,1.1428571428571428,0.0,0.0,0.064,optimal
2021-02-12 04:30:00,51,2,1.1428571428571428,0.0,0.0,0.064,optimal
2021-02-12 05:00:00,51,2,1.1428571428571428,0.0,0.0,0.064,optimal
2021-02-12 05:30:00,51,2,1.1428571428571428,0.0,0.0,0.064,optimal
2021-02-12 06:00:00,51,2,1.1428571428571428,0.0,0.0,0.064,optimal
2021-02-12 06:30:00,51,2,1.1428571428571428,0.0,0.0,0.064,optimal
2021-02-12 07:00:00,51,2,1.1428571428571428,0.0,6.075321051383394,0.064,optimal
2021-02-12 07:30:00,51,2,1.1428571428571428,6.909335039451527,0.0,1.4753,optimal
2021-02-12 08:00:00,51,2,0.8059286100846368,1.8577777777777778,0.0,0.2085,optimal
2021-02-12 08:30:00,51,2,0.7980551040061101,0.3096296296296296,0.0,1.7834333333333334,optimal
2021-02-12 09:00:00,51,2,0.7110507861984701,0.0,0.0,1.4847000000000001,optimal
2021-02-12 09:30:00,51,2,0.3069574483003277,0.0,0.0,2.7849666666666666,optimal
2021-02-12 10:00:00,51,2,0.5784871293668086,0.0,0.0,0.15533333333333335,optimal
2021-02-12 10:30:00,51,2,0.6188989034286136,0.0,0.0,0.064,optimal
2021-02-12 11:00:00,51,2,0.5063005058051294,0.0,0.0,0.064,optimal
2021-02-12 11:30:00,51,2,0.5041615013723746,0.0,0.0,0.064,optimal
2021-02-12 12:00:00,51,2,0.466492687763267,0.0,0.0,0.064,optimal
2021-02-12 12:30:00,51,2,0.4643536833305122,0.0,0.0,0.064,optimal
2021-02-12 13:00:00,51,2,0.9152708918780428,0.23222222222222222,0.0,0.15533333333333335,optimal
2021-02-12 13:30:00,51,2,1.1428571428571428,0.0,0.0,0.1938,optimal
2021-02-12 14:00:00,51,2,1.1428571428571428,0.387037037037037,0.0,0.37310000000000004,optimal
2021-02-12 14:30:00,51,2,1.1428571428571428,0.0,0.0,0.29760000000000003,optimal
2021-02-12 15:00:00,51,2,1.1428571428571428,0.0,0.0,0.1984,optimal
2021-02-12 15:30:00,51,2,1.1428571428571428,0.3096296296296296,0.0,0.2055,optimal
2021-02-12 16:00:00,51,2,0.0,0.1548148148148148,0.0,0.7495666666666667,optimal
2021-02-12 16:30:00,51,2,0.0,0.0,0.0,5.7491,optimal
2021-02-12 17:00:00,51,2,0.0,0.0,0.0,3.2060999999999997,optimal
2021-02-12 17:30:00,51,2,0.0,0.0,0.0,0.3659,optimal
2021-02-12 18:00:00,51,2,0.0,0.0,0.0,0.45363333333333333,optimal
2021-02-12 18:30:00,51,2,0.0,4.954074074074073,0.0,0.4348,optimal
2021-02-12 19:00:00,51,2,0.0,0.0,0.0,0.4157,optimal
2021-02-12 19:30:00,51,2,0.0,0.3096296296296296,0.0,0.2319,optimal
2021-02-12 20:00:00,51,2,0.0,0.0,0.0,0.5741,optimal
2021-02-12 20:30:00,51,2,0.0,0.23222222222222222,0.0,1.7598666666666665,optimal
2021-02-12 21:00:00,51,2,0.0,0.0,0.0,0.5100333333333333,optimal
2021-02-12 21:30:00,51,2,0.0,0.387037037037037,0.0,0.2955,optimal
2021-02-12 22:00:00,51,2,0.0,0.0,0.0,0.197,optimal
2021-02-12 22:30:00,51,2,0.0,0.0,0.0,0.24103333333333332,optimal
2021-02-12 23:00:00,51,2,0.0,0.0,0.0,0.064,optimal
2021-02-12 23:30:00,51,2,0.0,0.0,0.0,0.064,optimal
2021-02-13 00:00:00,51,2,0.0,0.0,0.0,0.062,optimal
2021-02-13 00:30:00,51,2,0.4361080036351774,0.0,0.0,0.07066666666666667,optimal
2021-02-13 01:00:00,51,2,1.1428571428571428,0.0,0.0,0.08483333333333333,optimal
2021-02-13 01:30:00,51,2,1.1428571428571428,0.0,0.0,0.19816666666666663,optimal
2021-02-13 02:00:00,51,2,1.1428571428571428,0.0,0.0,0.062,optimal
2021-02-13 02:30:00,51,2,1.1428571428571428,0.0,0.0,0.17666666666666667,optimal
2021-02-13 03:00:00,51,2,1.1428571428571428,0.0,0.0,0.105,optimal
2021-02-13 03:30:00,51,2,1.1428571428571428,0.0,0.0,0.062,optimal
2021-02-13 04:00:00,51,2,1.1428571428571428,0.0,0.0,0.062,optimal
2021-02-13 04:30:00,51,2,1.1428571428571428,0.0,0.0,0.062,optimal
2021-02-13 05:00:00,51,2,1.1428571428571428,0.0,0.0,0.20533333333333328,optimal
2021-02-13 05:30:00,51,2,1.1428571428571428,0.0,0.0,0.07633333333333332,optimal
2021-02-13 06:00:00,51,2,1.1428571428571428,0.0,3.2587545472484476,0.1265,optimal
2021-02-13 06:30:00,51,2,1.1428571428571428,0.0,10.0,0.15516666666666665,optimal
2021-02-13 07:00:00,51,2,1.1428571428571428,0.0,10.0,0.062,optimal
2021-02-13 07:30:00,51,2,1.1428571428571428,0.0,0.0,0.07066666666666667,optimal
2021-02-13 08:00:00,51,2,0.7815212455899951,0.3096296296296296,0.0,0.0942,optimal
2021-02-13 08:30:00,51,2,0.7164108125858099,0.6192592592592592,0.0,0.2695,optimal
2021-02-13 09:00:00,51,2,0.8032200170727082,0.0,0.0,0.15083333333333335,optimal
2021-02-13 09:30:00,51,2,0.8150488044327621,0.0,0.0,0.072,optimal
2021-02-13 10:00:00,51,2,0.6817293904107737,0.0,0.0,0.14366666666666666,optimal
2021-02-13 10:30:00,51,2,0.675495147882784,0.0,0.0,0.158,optimal
2021-02-13 11:00:00,51,2,0.5780144660512172,0.0,0.0,0.072,optimal
2021-02-13 11:30:00,51,2,0.5635897473327575,0.0,0.0,0.115,optimal
2021-02-13 12:00:00,51,2,0.4921210648063117,0.0,0.0,0.18666666666666662,optimal
2021-02-13 12:30:00,51,2,0.5206049607027174,0.0,0.0,0.072,optimal
2021-02-13 13:00:00,51,2,1.1428571428571428,0.0,0.0,0.16163333333333332,optimal
2021-02-13 13:30:00,51,2,1.1428571428571428,0.0,0.0,0.35433333333333333,optimal
2021-02-13 14:00:00,51,2,1.1428571428571428,0.387037037037037,0.0,0.46086666666666665,optimal
2021-02-13 14:30:00,51,2,1.1428571428571428,0.2740222222222222,0.0,3.2523,optimal
2021-02-13 15:00:00,51,2,1.1428571428571428,0.19042222222222224,0.0,1.966733333333333,optimal
2021-02-13 15:30:00,51,2,1.1428571428571428,0.0,0.0,0.21236666666666668,optimal
2021-02-13 16:00:00,51,2,0.0,0.0,0.0,0.4673333333333333,optimal
2021-02-13 16:30:00,51,2,0.0,0.46444444444444444,0.0,3.350966666666667,optimal
2021-02-13 17:00:00,51,2,0.0,0.35142962962962954,0.0,0.8208,optimal
2021-02-13 17:30:00,51,2,0.0,0.035607407407407414,0.0,0.28186666666666665,optimal
2021-02-13 18:00:00,51,2,0.0,2.3222222222222215,0.0,1.9343666666666663,optimal
2021-02-13 18:30:00,51,2,0.0,0.3096296296296296,0.0,0.9842000000000001,optimal
2021-02-13 19:00:00,51,2,0.0,0.387037037037037,0.0,2.438733333333333,optimal
2021-02-13 19:30:00,51,2,0.0,0.23222222222222222,0.0,3.6736666666666666,optimal
2021-02-13 20:00:00,51,2,0.199755027771828,0.0,0.0,3.141633333333333,optimal
2021-02-13 20:30:00,51,2,0.0,0.23222222222222222,0.0,2.916733333333333,optimal
2021-02-13 21:00:00,51,2,0.0,0.0,0.0,0.4095,optimal
2021-02-13 21:30:00,51,2,0.0,0.0,0.0,0.1925,optimal
2021-02-13 22:00:00,51,2,0.0,0.0,0.0,1.0872,optimal
2021-02-13 22:30:00,51,2,0.0,0.0,0.0,0.15083333333333335,optimal
2021-02-13 23:00:00,51,2,0.0,0.0,0.0,1.9064333333333328,optimal
2021-02-13 23:30:00,51,2,0.0,0.0,0.0,0.3232333333333333,optimal
2021-02-07 00:00:00,52,2,0.0,0.0,0.0,0.11359999999999999,optimal
2021-02-07 00:30:00,52,2,0.0,0.0,0.0,0.109,optimal
2021-02-07 01:00:00,52,2,0.0,0.0,0.0,0.06,optimal
2021-02-07 01:30:00,52,2,0.0,0.0,0.0,0.1206,optimal
2021-02-07 02:00:00,52,2,0.0,0.0,0.0,0.06,optimal
2021-02-07 02:30:00,52,2,0.0,0.0,0.0,0.07683333333333332,optimal
2021-02-07 03:00:00,52,2,0.0,0.0,0.0,0.10376666666666667,optimal
2021-02-07 03:30:00,52,2,0.0,0.0,0.0,0.06,optimal
2021-02-07 04:00:00,52,2,1.1428571428571428,0.0,0.0,0.18980000000000002,optimal
2021-02-07 04:30:00,52,2,1.1428571428571428,0.23222222222222222,1.0059910524886182,0.2093,optimal
2021-02-07 05:00:00,52,2,1.1428571428571428,0.0,0.0,0.43856666666666666,optimal
2021-02-07 05:30:00,52,2,1.1428571428571428,0.0,0.0,0.22756666666666664,optimal
2021-02-07 06:00:00,52,2,1.1428571428571428,6.4248148148148125,0.0,0.2184333333333333,optimal
2021-02-07 06:30:00,52,2,1.1428571428571428,0.23222222222222222,0.0,0.215,optimal
2021-02-07 07:00:00,52,2,1.1428571428571428,0.23222222222222222,0.0,0.215,optimal
2021-02-07 07:30:00,52,2,0.0,0.5418518518518518,0.0,0.215,optimal
2021-02-07 08:00:00,52,2,0.0,0.0,0.0,0.5090666666666667,optimal
2021-02-07 08:30:00,52,2,0.04468676926350617,0.2740222222222222,0.0,0.226,optimal
2021-02-07 09:00:00,52,2,0.5603168993826452,0.6548666666666667,0.0,0.28403333333333336,optimal
2021-02-07 09:30:00,52,2,0.6036540854260883,0.0,0.0,0.215,optimal
2021-02-07 10:00:00,52,2,0.5173139087868839,0.0,0.0,0.44589999999999996,optimal
2021-02-07 10:30:00,52,2,0.5445919176523754,0.0,0.0,0.2364,optimal
2021-02-07 11:00:00,52,2,0.556930007428759,0.0774074074074074,0.0,0.068,optimal
2021-02-07 11:30:00,52,2,0.446130007428764,0.1548148148148148,0.0,0.38880000000000003,optimal
2021-02-07 12:00:00,52,2,0.42216451673734673,0.0,0.0,0.224,optimal
2021-02-07 12:30:00,52,2,0.4343245167373412,0.0,0.0,1.5711333333333335,optimal
2021-02-07 13:00:00,52,2,1.0211960288191642,0.387037037037037,0.0,0.5715,optimal
2021-02-07 13:30:00,52,2,1.1428571428571428,0.0,0.0,0.17876666666666668,optimal
2021-02-07 14:00:00,52,2,1.1428571428571428,2.1674074074074072,0.0,0.4248,optimal
2021-02-07 14:30:00,52,2,1.1428571428571428,0.6192592592592592,0.0,0.2524,optimal
2021-02-07 15:00:00,52,2,1.1428571428571428,0.0774074074074074,0.0,0.5655,optimal
2021-02-07 15:30:00,52,2,1.1428571428571428,0.0,0.0,1.4070333333333334,optimal
2021-02-07 16:00:00,52,2,0.0,0.0,0.0,0.2919333333333333,optimal
2021-02-07 16:30:00,52,2,0.0,0.0,0.0,0.235,optimal
2021-02-07 17:00:00,52,2,0.0,0.1548148148148148,0.0,0.2825666666666667,optimal
2021-02-07 17:30:00,52,2,0.0,0.6966666666666667,0.0,0.3562333333333333,optimal
2021-02-07 18:00:00,52,2,0.0,0.46444444444444444,0.0,2.2626,optimal
2021-02-07 18:30:00,52,2,0.0,0.1548148148148148,0.0,0.4886333333333333,optimal
2021-02-07 19:00:00,52,2,0.0,0.3096296296296296,0.0,0.7043666666666667,optimal
2021-02-07 19:30:00,52,2,0.0,0.23222222222222222,0.0,0.49873333333333336,optimal
2021-02-07 20:00:00,52,2,0.0,0.23222222222222222,0.0,0.2843,optimal
2021-02-07 20:30:00,52,2,0.0,0.23222222222222222,0.0,0.6842666666666667,optimal
2021-02-07 21:00:00,52,2,0.0,0.0,0.0,2.565533333333333,optimal
2021-02-07 21:30:00,52,2,0.0,0.0,0.0,0.41906666666666664,optimal
2021-02-07 22:00:00,52,2,0.0,1.548148148148148,0.0,0.4246666666666667,optimal
2021-02-07 22:30:00,52,2,0.0,0.23222222222222222,0.0,0.4248,optimal
2021-02-07 23:00:00,52,2,0.0,0.0,0.0,0.39089999999999997,optimal
2021-02-07 23:30:00,52,2,0.0,0.0,0.0,0.06833333333333333,optimal
2021-02-08 00:00:00,52,2,0.0,0.0,0.0,0.062,optimal
2021-02-08 00:30:00,52,2,0.0,0.0,0.0,0.062,optimal
2021-02-08 01:00:00,52,2,0.0,0.0,0.0,0.062,optimal
2021-02-08 01:30:00,52,2,0.3851754495283007,0.0,0.0,0.14433333333333334,optimal
2021-02-08 02:00:00,52,2,1.1428571428571428,0.0,0.0,0.119,optimal
2021-02-08 02:30:00,52,2,1.1428571428571428,0.0,0.0,0.062,optimal
2021-02-08 03:00:00,52,2,1.1428571428571428,0.0,0.0,0.20133333333333328,optimal
2021-02-08 03:30:00,52,2,1.1428571428571428,0.0,0.0,0.062,optimal
2021-02-08 04:00:00,52,2,1.1428571428571428,0.0,0.0,0.1,optimal
2021-02-08 04:30:00,52,2,1.1428571428571428,0.0,0.0,0.16333333333333333,optimal
2021-02-08 05:00:00,52,2,1.1428571428571428,0.0,0.0,0.062,optimal
2021-02-08 05:30:00,52,2,1.1428571428571428,0.3096296296296296,0.04708039238015485,0.21946666666666667,optimal
2021-02-08 06:00:00,52,2,1.1428571428571428,0.0774074074074074,10.0,0.21666666666666662,optimal
2021-02-08 06:30:00,52,2,1.1428571428571428,0.3096296296296296,10.0,0.30993333333333334,optimal
2021-02-08 07:00:00,52,2,1.1428571428571428,0.23222222222222222,10.0,0.23946666666666666,optimal
2021-02-08 07:30:00,52,2,1.1428571428571428,0.46444444444444444,0.0,0.215,optimal
2021-02-08 08:00:00,52,2,0.7756483480201859,0.0,0.0,0.16966666666666666,optimal
2021-02-08 08:30:00,52,2,0.8016406425999679,0.0,0.0,0.09366666666666669,optimal
2021-02-08 09:00:00,52,2,0.7594509436750169,0.0,0.0,0.07033333333333333,optimal
2021-02-08 09:30:00,52,2,0.7132244065672412,0.0,0.0,0.20133333333333328,optimal
2021-02-08 10:00:00,52,2,0.658902700674358,0.0,0.0,0.062,optimal
2021-02-08 10:30:00,52,2,0.6653197139726106,0.0,0.0,0.062,optimal
2021-02-08 11:00:00,52,2,0.5286686955425192,0.0,0.0,0.20133333333333328,optimal
2021-02-08 11:30:00,52,2,0.5642002104865445,0.0,0.0,0.062,optimal
2021-02-08 12:00:00,52,2,0.42947569300734134,0.0,0.0,0.2588666666666667,optimal
2021-02-08 12:30:00,52,2,0.5588563001241789,0.1548148148148148,0.0,0.3048666666666667,optimal
2021-02-08 13:00:00,52,2,1.1428571428571428,0.387037037037037,0.0,0.2747333333333333,optimal
2021-02-08 13:30:00,52,2,1.1428571428571428,0.3096296296296296,0.0,0.5832333333333334,optimal
2021-02-08 14:00:00,52,2,1.1428571428571428,0.1548148148148148,0.0,0.4530666666666667,optimal
2021-02-08 14:30:00,52,2,1.1428571428571428,0.1548148148148148,0.0,0.274,optimal
2021-02-08 15:00:00,52,2,1.1428571428571428,0.0,0.0,0.153,optimal
2021-02-08 15:30:00,52,2,1.1428571428571428,0.0,0.0,0.07833333333333332,optimal
2021-02-08 16:00:00,52,2,0.0,0.0,0.0,0.205,optimal
2021-02-08 16:30:00,52,2,0.0,0.0,0.0,0.6516000000000001,optimal
2021-02-08 17:00:00,52,2,0.0,0.1548148148148148,0.0,0.7874,optimal
2021-02-08 17:30:00,52,2,0.0,0.0,0.0,0.07833333333333332,optimal
2021-02-08 18:00:00,52,2,0.0,0.774074074074074,0.0,1.1071666666666666,optimal
2021-02-08 18:30:00,52,2,0.0,0.774074074074074,0.0,2.184766666666667,optimal
2021-02-08 19:00:00,52,2,0.0,0.3096296296296296,0.0,0.7163666666666667,optimal
2021-02-08 19:30:00,52,2,0.4795507332052447,0.0,0.0,0.4093,optimal
2021-02-08 20:00:00,52,2,0.48474869888444205,0.1548148148148148,0.0,0.45439999999999997,optimal
2021-02-08 20:30:00,52,2,0.0,0.3096296296296296,0.0,0.3605333333333334,optimal
2021-02-08 21:00:00,52,2,0.0,0.0,0.0,1.3356666666666668,optimal
2021-02-08 21:30:00,52,2,0.0,0.1548148148148148,0.0,1.5119333333333334,optimal
2021-02-08 22:00:00,52,2,0.0,0.1548148148148148,0.0,0.7272666666666666,optimal
2021-02-08 22:30:00,52,2,0.0,0.0,0.0,0.415,optimal
2021-02-08 23:00:00,52,2,0.0,0.0,0.0,0.43026666666666663,optimal
2021-02-08 23:30:00,52,2,0.0,0.0,0.0,0.072,optimal
2021-02-09 00:00:00,52,2,0.0,0.0,0.0,0.053,optimal
2021-02-09 00:30:00,52,2,0.0,0.0,0.0,0.053,optimal
2021-02-09 01:00:00,52,2,0.0,0.0,0.0,0.20453333333333334,optimal
2021-02-09 01:30:00,52,2,1.0553363262688258,0.0,0.0,0.15106666666666665,optimal
2021-02-09 02:00:00,52,2,1.1428571428571428,0.0,0.0,0.053,optimal
2021-02-09 02:30:00,52,2,1.1428571428571428,0.0,0.0,0.2154,optimal
2021-02-09 03:00:00,52,2,1.1428571428571428,0.0,0.0,0.13019999999999998,optimal
2021-02-09 03:30:00,52,2,1.1428571428571428,0.0,0.0,0.053,optimal
2021-02-09 04:00:00,52,2,1.1428571428571428,0.0,0.0,0.26530000000000004,optimal
2021-02-09 04:30:00,52,2,1.1428571428571428,0.0,0.0,0.0803,optimal
2021-02-09 05:00:00,52,2,1.1428571428571428,0.0,0.0,0.06470000000000001,optimal
2021-02-09 05:30:00,52,2,1.1428571428571428,0.0,0.0,0.15,optimal
2021-02-09 06:00:00,52,2,1.1428571428571428,0.0,0.0,0.1839,optimal
2021-02-09 06:30:00,52,2,1.1428571428571428,0.0,5.98727652640216,0.05733333333333333,optimal
2021-02-09 07:00:00,52,2,1.1428571428571428,0.0774074074074074,10.0,0.13253333333333334,optimal
2021-02-09 07:30:00,52,2,1.1428571428571428,0.0,0.0,0.2343,optimal
2021-02-09 08:00:00,52,2,0.7804075706668255,0.0,0.0,0.07713333333333335,optimal
2021-02-09 08:30:00,52,2,0.7592857954638118,0.0,0.0,0.0681,optimal
2021-02-09 09:00:00,52,2,0.650189985111112,0.387037037037037,0.0,0.10873333333333332,optimal
2021-02-09 09:30:00,52,2,0.6158226251812785,0.0,0.0,0.2529,optimal
2021-02-09 10:00:00,52,2,0.5134856025272967,0.0,0.0,0.17483333333333334,optimal
2021-02-09 10:30:00,52,2,0.4415429613159182,0.0,0.0,0.3634666666666666,optimal
2021-02-09 11:00:00,52,2,0.402682972791447,0.0,0.0,0.2399,optimal
2021-02-09 11:30:00,52,2,0.4207344445491723,0.0,0.0,0.18556666666666663,optimal
2021-02-09 12:00:00,52,2,0.22915004193663738,0.0774074074074074,0.0,0.6269,optimal
2021-02-09 12:30:00,52,2,0.3386890463693822,0.0774074074074074,0.0,0.186,optimal
2021-02-09 13:00:00,52,2,1.1428571428571428,0.1548148148148148,0.0,0.18286666666666668,optimal
2021-02-09 13:30:00,52,2,1.1428571428571428,0.0,0.0,0.3962333333333333,optimal
2021-02-09 14:00:00,52,2,1.1428571428571428,0.0,0.0,0.3358333333333333,optimal
2021-02-09 14:30:00,52,2,1.1428571428571428,0.0,0.0,0.17883333333333334,optimal
2021-02-09 15:00:00,52,2,1.1428571428571428,0.0,0.0,0.12290000000000001,optimal
2021-02-09 15:30:00,52,2,1.1428571428571428,0.1548148148148148,0.0,0.4577333333333333,optimal
2021-02-09 16:00:00,52,2,0.0,0.0,0.0,0.12453333333333332,optimal
2021-02-09 16:30:00,52,2,0.0,0.0,0.0,0.22469999999999998,optimal
2021-02-09 17:00:00,52,2,0.0,0.46444444444444444,0.0,0.7050666666666667,optimal
2021-02-09 17:30:00,52,2,0.0,0.0774074074074074,0.0,2.2035,optimal
2021-02-09 18:00:00,52,2,0.0,0.0774074074074074,0.0,0.3378333333333333,optimal
2021-02-09 18:30:00,52,2,0.0,0.46444444444444444,0.0,0.3736666666666667,optimal
2021-02-09 19:00:00,52,2,0.0,0.0,0.0,0.41126666666666667,optimal
2021-02-09 19:30:00,52,2,0.2790804650111195,0.3096296296296296,0.0,0.05533333333333334,optimal
2021-02-09 20:00:00,52,2,0.5751300831283696,0.387037037037037,0.0,0.32289999999999996,optimal
2021-02-09 20:30:00,52,2,0.0,0.23222222222222222,0.0,0.2188333333333333,optimal
2021-02-09 21:00:00,52,2,0.0,0.5418518518518518,0.0,0.29933333333333334,optimal
2021-02-09 21:30:00,52,2,0.0,0.46444444444444444,0.0,0.234,optimal
2021-02-09 22:00:00,52,2,0.0,0.23222222222222222,0.0,0.15236666666666668,optimal
2021-02-09 22:30:00,52,2,0.0,0.0,0.0,0.11309999999999999,optimal
2021-02-09 23:00:00,52,2,0.0,0.0,0.0,0.18619999999999998,optimal
2021-02-09 23:30:00,52,2,0.0,0.0,0.0,0.13153333333333334,optimal
2021-02-10 00:00:00,52,2,0.0,0.0,0.0,0.052,optimal
2021-02-10 00:30:00,52,2,0.0,0.0,0.0,0.052,optimal
2021-02-10 01:00:00,52,2,0.810563368175988,0.0,0.0,0.1876,optimal
2021-02-10 01:30:00,52,2,1.1428571428571428,0.0,0.0,0.17773333333333333,optimal
2021-02-10 02:00:00,52,2,1.1428571428571428,0.0,0.0,0.07640000000000001,optimal
2021-02-10 02:30:00,52,2,1.1428571428571428,0.0,0.0,0.17493333333333333,optimal
2021-02-10 03:00:00,52,2,1.1428571428571428,0.0,0.0,0.166,optimal
2021-02-10 03:30:00,52,2,1.1428571428571428,0.0,0.0,0.174,optimal
2021-02-10 04:00:00,52,2,1.1428571428571428,0.0,0.0,0.14066666666666666,optimal
2021-02-10 04:30:00,52,2,1.1428571428571428,0.0,0.0,0.21246666666666666,optimal
2021-02-10 05:00:00,52,2,1.1428571428571428,0.0,0.0,0.06420000000000001,optimal
2021-02-10 05:30:00,52,2,1.1428571428571428,0.0,0.0,0.23703333333333332,optimal
2021-02-10 06:00:00,52,2,1.1428571428571428,0.0,0.988989433508966,0.1383,optimal
2021-02-10 06:30:00,52,2,1.1428571428571428,0.0,10.0,0.1847666666666667,optimal
2021-02-10 07:00:00,52,2,1.1428571428571428,2.0899999999999994,10.0,0.1802333333333333,optimal
2021-02-10 07:30:00,52,2,1.1428571428571428,0.0774074074074074,0.0,0.1706,optimal
2021-02-10 08:00:00,52,2,0.623990251973021,0.387037037037037,0.0,0.3174666666666666,optimal
2021-02-10 08:30:00,52,2,0.6240247104324917,0.1548148148148148,0.0,0.2419333333333333,optimal
2021-02-10 09:00:00,52,2,0.47541758023599223,0.1548148148148148,0.0,0.8107666666666666,optimal
2021-02-10 09:30:00,52,2,0.7455053720288061,0.0,0.0,0.1596,optimal
2021-02-10 10:00:00,52,2,0.6534948255565117,0.0,0.0,0.0864,optimal
2021-02-10 10:30:00,52,2,0.6261635265439794,0.0,0.0,0.1596,optimal
2021-02-10 11:00:00,52,2,0.535652778832423,0.0,0.0,0.20133333333333328,optimal
2021-02-10 11:30:00,52,2,1.0747612930944084,0.0,0.0,0.1779,optimal
2021-02-10 12:00:00,52,2,1.1428571428571428,0.0,0.0,0.0681,optimal
2021-02-10 12:30:00,52,2,1.1428571428571428,0.0,0.0,0.20133333333333328,optimal
2021-02-10 13:00:00,52,2,1.1428571428571428,0.0,0.0,0.062,optimal
2021-02-10 13:30:00,52,2,1.1428571428571428,0.0,0.0,0.14433333333333334,optimal
2021-02-10 14:00:00,52,2,1.1428571428571428,0.0,0.0,0.2349,optimal
2021-02-10 14:30:00,52,2,1.1428571428571428,0.0,0.0,0.0681,optimal
2021-02-10 15:00:00,52,2,1.1428571428571428,0.0,0.0,0.1657,optimal
2021-02-10 15:30:00,52,2,1.1428571428571428,0.0,0.0,0.0803,optimal
2021-02-10 16:00:00,52,2,0.0,0.0,0.0,0.2501333333333333,optimal
2021-02-10 16:30:00,52,2,0.0,0.0,0.0,0.1352,optimal
2021-02-10 17:00:00,52,2,0.0,0.0,0.0,0.0864,optimal
2021-02-10 17:30:00,52,2,0.0,0.0,0.0,0.19126666666666667,optimal
2021-02-10 18:00:00,52,2,0.0,0.0,0.0,0.18796666666666667,optimal
2021-02-10 18:30:00,52,2,0.0,0.0,0.0,0.1657,optimal
2021-02-10 19:00:00,52,2,0.0,0.0,0.0,0.08076666666666667,optimal
2021-02-10 19:30:00,52,2,0.7985117742411982,0.0,0.0,0.30456666666666665,optimal
2021-02-10 20:00:00,52,2,0.5176982249763756,0.0,0.0,1.4944000000000002,optimal
2021-02-10 20:30:00,52,2,0.0,0.0,0.0,0.8271000000000001,optimal
2021-02-10 21:00:00,52,2,0.0,0.0,0.0,0.33273333333333327,optimal
2021-02-10 21:30:00,52,2,0.0,2.2448148148148146,0.0,0.5071,optimal
2021-02-10 22:00:00,52,2,0.0,2.631851851851852,0.0,0.7897333333333334,optimal
2021-02-10 22:30:00,52,2,0.0,0.1548148148148148,0.0,0.5204,optimal
2021-02-10 23:00:00,52,2,0.0,0.0,0.0,0.32243333333333335,optimal
2021-02-10 23:30:00,52,2,0.0,0.387037037037037,0.0,0.27566666666666667,optimal
2021-02-11 00:00:00,52,2,0.6255005954962473,0.0,0.0,0.065,optimal
2021-02-11 00:30:00,52,2,1.1428571428571428,0.0,0.0,0.17166666666666666,optimal
2021-02-11 01:00:00,52,2,1.1428571428571428,0.0,0.0,0.105,optimal
2021-02-11 01:30:00,52,2,1.1428571428571428,0.0,0.0,0.065,optimal
2021-02-11 02:00:00,52,2,1.1428571428571428,0.0,0.0,0.15166666666666664,optimal
2021-02-11 02:30:00,52,2,1.1428571428571428,0.0,0.0,0.125,optimal
2021-02-11 03:00:00,52,2,1.1428571428571428,0.0,0.0,0.065,optimal
2021-02-11 03:30:00,52,2,1.1428571428571428,0.0,0.0,0.21166666666666664,optimal
2021-02-11 04:00:00,52,2,1.1428571428571428,0.0,0.0,0.065,optimal
2021-02-11 04:30:00,52,2,1.1428571428571428,0.0,0.0,0.18,optimal
2021-02-11 05:00:00,52,2,1.1428571428571428,0.0,0.0,0.10666666666666669,optimal
2021-02-11 05:30:00,52,2,1.1428571428571428,0.0,0.0,0.065,optimal
2021-02-11 06:00:00,52,2,1.1428571428571428,0.0,0.0,0.085,optimal
2021-02-11 06:30:00,52,2,1.1428571428571428,0.3096296296296296,8.58608020141844,1.6957666666666669,optimal
2021-02-11 07:00:00,52,2,1.1428571428571428,3.5607407407407403,10.0,0.3441,optimal
2021-02-11 07:30:00,52,2,1.1428571428571428,0.5418518518518518,0.0,0.6925333333333333,optimal
2021-02-11 08:00:00,52,2,0.6810715513176863,0.0,0.0,1.8349000000000002,optimal
2021-02-11 08:30:00,52,2,0.726787612234975,0.1548148148148148,0.0,0.33816666666666667,optimal
2021-02-11 09:00:00,52,2,0.5537502780463995,0.0774074074074074,0.0,2.1692666666666667,optimal
2021-02-11 09:30:00,52,2,0.8122488460513688,0.0,0.0,0.075,optimal
2021-02-11 10:00:00,52,2,0.6195279807268533,0.0,0.0,0.075,optimal
2021-02-11 10:30:00,52,2,0.6032912720150874,0.0,0.0,0.22166666666666662,optimal
2021-02-11 11:00:00,52,2,0.5742674184146112,0.0,0.0,0.075,optimal
2021-02-11 11:30:00,52,2,1.103637695163366,0.0,0.0,0.075,optimal
2021-02-11 12:00:00,52,2,1.1428571428571428,0.0,0.0,0.075,optimal
2021-02-11 12:30:00,52,2,1.1428571428571428,0.0,0.0,0.08166666666666667,optimal
2021-02-11 13:00:00,52,2,1.1428571428571428,0.0,0.0,0.215,optimal
2021-02-11 13:30:00,52,2,1.1428571428571428,0.0,0.0,0.075,optimal
2021-02-11 14:00:00,52,2,1.1428571428571428,0.0,0.0,0.195,optimal
2021-02-11 14:30:00,52,2,1.1428571428571428,0.0,0.0,0.10166666666666668,optimal
2021-02-11 15:00:00,52,2,1.1428571428571428,0.0,0.0,0.075,optimal
2021-02-11 15:30:00,52,2,1.1428571428571428,0.0,0.0,0.22166666666666662,optimal
2021-02-11 16:00:00,52,2,0.0,0.0,0.0,0.075,optimal
2021-02-11 16:30:00,52,2,0.0,0.0,0.0,0.075,optimal
2021-02-11 17:00:00,52,2,0.0,0.0,0.0,0.18166666666666662,optimal
2021-02-11 17:30:00,52,2,0.0,0.0,0.0,0.115,optimal
2021-02-11 18:00:00,52,2,0.0,0.3096296296296296,0.0,0.322,optimal
2021-02-11 18:30:00,52,2,0.0,6.579629629629631,0.0,0.5022666666666666,optimal
2021-02-11 19:00:00,52,2,0.0,0.6966666666666667,0.0,0.6536333333333333,optimal
2021-02-11 19:30:00,52,2,0.7279757247359159,0.0,0.0,0.7873666666666667,optimal
2021-02-11 20:00:00,52,2,0.7665655099456318,0.0,0.0,1.5864,optimal
2021-02-11 20:30:00,52,2,0.0,0.0,0.0,1.1938,optimal
2021-02-11 21:00:00,52,2,0.0,0.1548148148148148,0.0,0.7029666666666667,optimal
2021-02-11 21:30:00,52,2,0.0,0.0,0.0,0.4844,optimal
2021-02-11 22:00:00,52,2,0.0,0.0,0.0,0.4721,optimal
2021-02-11 22:30:00,52,2,0.0,0.0,0.0,0.39826666666666666,optimal
2021-02-11 23:00:00,52,2,0.0,0.0,0.0,0.5705333333333333,optimal
2021-02-11 23:30:00,52,2,0.0,0.0,0.0,2.344133333333333,optimal
2021-02-12 00:00:00,52,2,1.1428571428571428,0.0,0.0,0.31010000000000004,optimal
2021-02-12 00:30:00,52,2,1.1428571428571428,0.0,0.0,0.153,optimal
2021-02-12 01:00:00,52,2,1.1428571428571428,0.0,0.0,0.071,optimal
2021-02-12 01:30:00,52,2,1.1428571428571428,0.0,0.0,0.29943333333333333,optimal
2021-02-12 02:00:00,52,2,1.1428571428571428,0.0,0.0,0.07776666666666666,optimal
2021-02-12 02:30:00,52,2,1.1428571428571428,0.0,0.0,0.14423333333333332,optimal
2021-02-12 03:00:00,52,2,1.1428571428571428,0.0,0.0,0.23296666666666666,optimal
2021-02-12 03:30:00,52,2,1.1428571428571428,0.0,0.0,0.071,optimal
2021-02-12 04:00:00,52,2,1.1428571428571428,0.0,0.0,0.21986666666666668,optimal
2021-02-12 04:30:00,52,2,1.1428571428571428,0.0,0.0,0.15733333333333335,optimal
2021-02-12 05:00:00,52,2,1.1428571428571428,0.0,0.0,0.071,optimal
2021-02-12 05:30:00,52,2,1.1428571428571428,0.0,0.0,0.15896666666666667,optimal
2021-02-12 06:00:00,52,2,1.1428571428571428,0.0,0.0,0.21823333333333328,optimal
2021-02-12 06:30:00,52,2,1.1428571428571428,0.0,2.858456275085464,0.071,optimal
2021-02-12 07:00:00,52,2,1.1428571428571428,0.0,10.0,0.225,optimal
2021-02-12 07:30:00,52,2,1.1428571428571428,4.666920796750375,0.0,0.2302,optimal
2021-02-12 08:00:00,52,2,0.7418905148465375,4.300755555555556,0.0,0.7141333333333333,optimal
2021-02-12 08:30:00,52,2,0.9806751040061094,0.0,0.0,0.15733333333333335,optimal
2021-02-12 09:00:00,52,2,0.8925326909603769,0.0,0.0,0.21986666666666668,optimal
2021-02-12 09:30:00,52,2,0.839187924490808,0.0,0.0,0.07716666666666668,optimal
2021-02-12 10:00:00,52,2,0.5797442722239485,0.0,0.0,0.25943333333333335,optimal
2021-02-12 10:30:00,52,2,0.6048703320000404,0.0,0.0,0.11159999999999999,optimal
2021-02-12 11:00:00,52,2,0.49613860104322327,0.0,0.0,0.09806666666666666,optimal
2021-02-12 11:30:00,52,2,0.44226626327714014,0.0,0.0,0.27913333333333334,optimal
2021-02-12 12:00:00,52,2,0.4640641163346955,0.0,0.0,0.071,optimal
2021-02-12 12:30:00,52,2,0.16384892142574842,2.665911111111112,0.0,0.8966000000000001,optimal
2021-02-12 13:00:00,52,2,1.1428571428571428,0.23222222222222222,0.0,0.4278333333333333,optimal
2021-02-12 13:30:00,52,2,1.1428571428571428,0.0,0.0,0.3298666666666667,optimal
2021-02-12 14:00:00,52,2,1.1428571428571428,0.0,0.0,0.2571,optimal
2021-02-12 14:30:00,52,2,1.1428571428571428,0.1548148148148148,0.0,0.48073333333333335,optimal
2021-02-12 15:00:00,52,2,1.1428571428571428,0.0,0.0,0.207,optimal
2021-02-12 15:30:00,52,2,1.1428571428571428,0.0,0.0,0.21986666666666668,optimal
2021-02-12 16:00:00,52,2,0.0,0.0,0.0,0.11416666666666668,optimal
2021-02-12 16:30:00,52,2,0.0,0.0,0.0,0.29586666666666667,optimal
2021-02-12 17:00:00,52,2,0.0,0.387037037037037,0.0,1.6781666666666668,optimal
2021-02-12 17:30:00,52,2,0.0,0.5418518518518518,0.0,2.1229,optimal
2021-02-12 18:00:00,52,2,0.0,0.0,0.0,1.3417666666666668,optimal
2021-02-12 18:30:00,52,2,0.0,0.6192592592592592,0.0,0.3939666666666666,optimal
2021-02-12 19:00:00,52,2,0.0,0.3096296296296296,0.0,0.4341666666666667,optimal
2021-02-12 19:30:00,52,2,0.14962102682551884,0.0,0.0,0.33103333333333335,optimal
2021-02-12 20:00:00,52,2,0.6971727698084385,0.0,0.0,0.27996666666666664,optimal
2021-02-12 20:30:00,52,2,0.0,0.0,0.0,0.5501666666666666,optimal
2021-02-12 21:00:00,52,2,0.0,0.0,0.0,0.738,optimal
2021-02-12 21:30:00,52,2,0.0,0.1548148148148148,0.0,1.2872000000000001,optimal
2021-02-12 22:00:00,52,2,0.0,0.0,0.0,0.4785,optimal
2021-02-12 22:30:00,52,2,0.0,0.0,0.0,0.09233333333333331,optimal
2021-02-12 23:00:00,52,2,0.0,0.23222222222222222,0.0,0.2740666666666667,optimal
2021-02-12 23:30:00,52,2,0.0,0.0,0.0,0.12513333333333335,optimal
2021-02-13 00:00:00,52,2,0.0,0.23222222222222222,0.0,0.3082333333333333,optimal
2021-02-13 00:30:00,52,2,0.0,0.0,0.0,0.4388333333333333,optimal
2021-02-13 01:00:00,52,2,0.43878057258459874,0.0,0.0,0.16113333333333332,optimal
2021-02-13 01:30:00,52,2,1.1428571428571428,0.0,0.0,0.08453333333333334,optimal
2021-02-13 02:00:00,52,2,1.1428571428571428,0.0,0.0,0.14653333333333332,optimal
2021-02-13 02:30:00,52,2,1.1428571428571428,0.0,0.0,0.08159999999999999,optimal
2021-02-13 03:00:00,52,2,1.1428571428571428,0.0,0.0,0.1936,optimal
2021-02-13 03:30:00,52,2,1.1428571428571428,0.0,0.0,0.062,optimal
2021-02-13 04:00:00,52,2,1.1428571428571428,0.0,0.0,0.1472,optimal
2021-02-13 04:30:00,52,2,1.1428571428571428,0.0,0.0,0.128,optimal
2021-02-13 05:00:00,52,2,1.1428571428571428,0.0,0.0,0.12079999999999999,optimal
2021-02-13 05:30:00,52,2,1.1428571428571428,0.0,0.0,0.1544,optimal
2021-02-13 06:00:00,52,2,1.1428571428571428,0.0,0.0,0.062,optimal
2021-02-13 06:30:00,52,2,1.1428571428571428,0.0,0.2942151425002904,0.17033333333333334,optimal
2021-02-13 07:00:00,52,2,1.1428571428571428,0.0,10.0,0.10486666666666666,optimal
2021-02-13 07:30:00,52,2,1.1428571428571428,0.0,0.0,0.12079999999999999,optimal
2021-02-13 08:00:00,52,2,0.8151498170185694,0.0,0.0,0.1544,optimal
2021-02-13 08:30:00,52,2,0.8291441459191443,0.0,0.0,0.09793333333333333,optimal
2021-02-13 09:00:00,52,2,0.7575819218346086,0.0,0.0,0.13106666666666666,optimal
2021-02-13 09:30:00,52,2,0.7534202330041918,0.0,0.0,0.1082,optimal
2021-02-13 10:00:00,52,2,0.6369770094583872,0.0,0.0,0.13013333333333332,optimal
2021-02-13 10:30:00,52,2,0.6252380050256361,0.0,0.0,0.16373333333333331,optimal
2021-02-13 11:00:00,52,2,0.5029192279559835,0.0774074074074074,0.0,0.13433333333333333,optimal
2021-02-13 11:30:00,52,2,0.4162183187613308,0.0774074074074074,0.0,0.38830000000000003,optimal
2021-02-13 12:00:00,52,2,0.3803115409967868,0.23222222222222222,0.0,0.3295,optimal
2021-02-13 12:30:00,52,2,0.29757448451224167,0.0,0.0,0.6459333333333332,optimal
2021-02-13 13:00:00,52,2,1.1428571428571428,0.0,0.0,2.0478666666666663,optimal
2021-02-13 13:30:00,52,2,1.1428571428571428,0.0,0.0,0.2484,optimal
2021-02-13 14:00:00,52,2,1.1428571428571428,0.0,0.0,0.5547666666666666,optimal
2021-02-13 14:30:00,52,2,1.1428571428571428,0.0,0.0,0.29653333333333337,optimal
2021-02-13 15:00:00,52,2,1.1428571428571428,0.0,0.0,0.253,optimal
2021-02-13 15:30:00,52,2,1.1428571428571428,0.0,0.0,0.30739999999999995,optimal
2021-02-13 16:00:00,52,2,0.0,0.3096296296296296,0.0,0.34663333333333335,optimal
2021-02-13 16:30:00,52,2,0.0,0.0,0.0,0.49856666666666666,optimal
2021-02-13 17:00:00,52,2,0.0,0.0,0.0,0.20246666666666666,optimal
2021-02-13 17:30:00,52,2,0.0,0.1548148148148148,0.0,0.2417333333333333,optimal
2021-02-13 18:00:00,52,2,0.0,0.0,0.0,0.46873333333333334,optimal
2021-02-13 18:30:00,52,2,0.0,0.0774074074074074,0.0,0.13103333333333333,optimal
2021-02-13 19:00:00,52,2,0.0,0.0,0.0,2.0925333333333334,optimal
2021-02-13 19:30:00,52,2,0.15404897361189712,2.3222222222222215,0.0,0.4543666666666667,optimal
2021-02-13 20:00:00,52,2,0.5815918174274938,0.0,0.0,0.5267000000000001,optimal
2021-02-13 20:30:00,52,2,0.0,0.0,0.0,0.2397,optimal
2021-02-13 21:00:00,52,2,0.0,0.23222222222222222,0.0,0.16926666666666668,optimal
2021-02-13 21:30:00,52,2,0.0,1.548148148148148,0.0,0.24580000000000002,optimal
2021-02-13 22:00:00,52,2,0.0,0.0,0.0,0.2655,optimal
2021-02-13 22:30:00,52,2,0.0,0.0,0.0,0.20346666666666666,optimal
2021-02-13 23:00:00,52,2,0.0,0.0,0.0,0.8803333333333334,optimal
2021-02-13 23:30:00,52,2,0.0,0.23222222222222222,0.0,0.18356666666666663,optimal
2021-02-07 00:00:00,53,2,0.0,0.23222222222222222,0.0,0.2937333333333333,optimal
2021-02-07 00:30:00,53,2,0.0,0.0,0.0,0.11906666666666667,optimal
2021-02-07 01:00:00,53,2,0.0,0.0,0.0,0.21906666666666663,optimal
2021-02-07 01:30:00,53,2,0.0,0.0,0.0,0.1088,optimal
2021-02-07 02:00:00,53,2,0.0,0.0,0.0,0.22026666666666667,optimal
2021-02-07 02:30:00,53,2,0.0,0.0,0.0,0.16466666666666666,optimal
2021-02-07 03:00:00,53,2,0.0,0.0,0.0,0.062,optimal
2021-02-07 03:30:00,53,2,0.0,0.0,0.0,0.23213333333333333,optimal
2021-02-07 04:00:00,53,2,1.1428571428571428,0.0,0.0,0.15280000000000002,optimal
2021-02-07 04:30:00,53,2,1.1428571428571428,0.0,0.0,0.14,optimal
2021-02-07 05:00:00,53,2,1.1428571428571428,0.0,0.0,0.1522,optimal
2021-02-07 05:30:00,53,2,1.1428571428571428,0.0,0.0,0.15473333333333333,optimal
2021-02-07 06:00:00,53,2,1.1428571428571428,0.0,0.0,0.0828,optimal
2021-02-07 06:30:00,53,2,1.1428571428571428,0.0,0.0,0.1452,optimal
2021-02-07 07:00:00,53,2,1.1428571428571428,0.0,1.6063785740462473,0.22593333333333332,optimal
2021-02-07 07:30:00,53,2,0.0,5.108888888888889,0.0,0.16233333333333333,optimal
2021-02-07 08:00:00,53,2,0.0,0.23222222222222222,0.0,0.6542,optimal
2021-02-07 08:30:00,53,2,0.5260821851286095,0.0,0.0,0.5480666666666667,optimal
2021-02-07 09:00:00,53,2,0.5764026136683632,0.0774074074074074,0.0,0.4845,optimal
2021-02-07 09:30:00,53,2,0.5421302759022808,0.0,0.0,0.5600666666666667,optimal
2021-02-07 10:00:00,53,2,0.5241805754535478,0.23222222222222222,0.0,0.3688666666666667,optimal
2021-02-07 10:30:00,53,2,0.4687347747952335,0.0,0.0,0.6522,optimal
2021-02-07 11:00:00,53,2,0.4546347693335219,0.0,0.0,0.5605333333333333,optimal
2021-02-07 11:30:00,53,2,0.41491286457161247,0.387037037037037,0.0,1.0864,optimal
2021-02-07 12:00:00,53,2,0.10898356435639692,0.23222222222222222,0.0,3.667766666666667,optimal
2021-02-07 12:30:00,53,2,0.3379149929278195,0.0,0.0,2.3428,optimal
2021-02-07 13:00:00,53,2,1.1428571428571428,0.1548148148148148,0.0,1.7909000000000002,optimal
2021-02-07 13:30:00,53,2,1.1428571428571428,0.0,0.0,0.29619999999999996,optimal
2021-02-07 14:00:00,53,2,1.1428571428571428,0.0,0.0,1.4443666666666666,optimal
2021-02-07 14:30:00,53,2,1.1428571428571428,2.3222222222222215,0.0,0.6532666666666667,optimal
2021-02-07 15:00:00,53,2,1.1428571428571428,0.0774074074074074,0.0,1.2510999999999999,optimal
2021-02-07 15:30:00,53,2,1.1428571428571428,0.46444444444444444,0.0,0.5725666666666667,optimal
2021-02-07 16:00:00,53,2,0.0,0.0,0.0,0.7114666666666667,optimal
2021-02-07 16:30:00,53,2,0.0,0.6192592592592592,0.0,1.5677999999999999,optimal
2021-02-07 17:00:00,53,2,0.0,0.1548148148148148,0.0,0.5047333333333334,optimal
2021-02-07 17:30:00,53,2,0.0,0.3096296296296296,0.0,0.18763333333333332,optimal
2021-02-07 18:00:00,53,2,0.0,0.1548148148148148,0.0,0.3458,optimal
2021-02-07 18:30:00,53,2,0.0,0.5418518518518518,0.0,0.4176666666666667,optimal
2021-02-07 19:00:00,53,2,0.0,0.387037037037037,0.0,0.5010666666666667,optimal
2021-02-07 19:30:00,53,2,0.0,0.0774074074074074,0.0,0.27066666666666667,optimal
2021-02-07 20:00:00,53,2,0.0742687991694066,0.1548148148148148,0.0,0.16466666666666666,optimal
2021-02-07 20:30:00,53,2,0.0,0.0,0.0,0.1536,optimal
2021-02-07 21:00:00,53,2,0.0,0.0,0.0,0.27246666666666663,optimal
2021-02-07 21:30:00,53,2,0.0,0.1548148148148148,0.0,0.25660000000000005,optimal
2021-02-07 22:00:00,53,2,0.0,0.0,0.0,0.3387333333333333,optimal
2021-02-07 22:30:00,53,2,0.0,0.0,0.0,0.39986666666666665,optimal
2021-02-07 23:00:00,53,2,0.0,0.0,0.0,0.09340000000000001,optimal
2021-02-07 23:30:00,53,2,0.0,0.0,0.0,0.16993333333333333,optimal
2021-02-08 00:00:00,53,2,0.0,2.1674074074074072,0.0,0.06793333333333333,optimal
2021-02-08 00:30:00,53,2,0.0,0.0,0.0,0.11526666666666668,optimal
2021-02-08 01:00:00,53,2,0.0,0.0,0.0,0.1404,optimal
2021-02-08 01:30:00,53,2,0.23325573810895123,0.0,0.0,0.072,optimal
2021-02-08 02:00:00,53,2,1.1428571428571428,0.0,0.0,0.072,optimal
2021-02-08 02:30:00,53,2,1.1428571428571428,0.0,0.0,0.072,optimal
2021-02-08 03:00:00,53,2,1.1428571428571428,0.0,0.0,0.072,optimal
2021-02-08 03:30:00,53,2,1.1428571428571428,0.0,0.0,0.1404,optimal
2021-02-08 04:00:00,53,2,1.1428571428571428,0.0,0.0,0.072,optimal
2021-02-08 04:30:00,53,2,1.1428571428571428,0.0,0.0,0.072,optimal
2021-02-08 05:00:00,53,2,1.1428571428571428,0.0,0.0,0.18986666666666668,optimal
2021-02-08 05:30:00,53,2,1.1428571428571428,0.5418518518518518,0.0,0.3176333333333333,optimal
2021-02-08 06:00:00,53,2,1.1428571428571428,2.941481481481482,0.0,0.1598,optimal
2021-02-08 06:30:00,53,2,1.1428571428571428,2.1674074074074072,0.0,1.2069,optimal
2021-02-08 07:00:00,53,2,1.1428571428571428,0.1548148148148148,9.735190997163498,0.295,optimal
2021-02-08 07:30:00,53,2,1.1428571428571428,0.0,0.0,0.07133333333333333,optimal
2021-02-08 08:00:00,53,2,0.8060959670678077,0.0,0.0,0.072,optimal
2021-02-08 08:30:00,53,2,0.7908311187904437,0.0,0.0,0.1404,optimal
2021-02-08 09:00:00,53,2,0.759136657960729,0.0,0.0,0.072,optimal
2021-02-08 09:30:00,53,2,0.7331767875196264,0.0,0.0,0.1404,optimal
2021-02-08 10:00:00,53,2,0.6585884149600699,0.0,0.0,0.072,optimal
2021-02-08 10:30:00,53,2,0.6650054282583225,0.0,0.0,0.072,optimal
2021-02-08 11:00:00,53,2,0.9912594464531936,0.0,0.0,0.0834,optimal
2021-02-08 11:30:00,53,2,1.1428571428571428,0.0,0.0,0.129,optimal
2021-02-08 12:00:00,53,2,1.1428571428571428,0.0,0.0,0.072,optimal
2021-02-08 12:30:00,53,2,1.1428571428571428,0.0,0.0,0.1138,optimal
2021-02-08 13:00:00,53,2,1.1428571428571428,0.0,0.0,0.0986,optimal
2021-02-08 13:30:00,53,2,1.1428571428571428,0.0,0.0,0.07579999999999999,optimal
2021-02-08 14:00:00,53,2,1.1428571428571428,0.0,0.0,0.1366,optimal
2021-02-08 14:30:00,53,2,1.1428571428571428,0.0,0.0,0.072,optimal
2021-02-08 15:00:00,53,2,1.1428571428571428,0.0,0.0,0.072,optimal
2021-02-08 15:30:00,53,2,1.1428571428571428,0.0,0.0,0.1024,optimal
2021-02-08 16:00:00,53,2,0.0,0.0,0.0,0.11,optimal
2021-02-08 16:30:00,53,2,0.0,0.0,0.0,0.072,optimal
2021-02-08 17:00:00,53,2,0.0,0.0,0.0,0.1404,optimal
2021-02-08 17:30:00,53,2,0.0,0.0,0.0,0.072,optimal
2021-02-08 18:00:00,53,2,0.0,0.0,0.0,0.1404,optimal
2021-02-08 18:30:00,53,2,0.0,0.0,0.0,0.072,optimal
2021-02-08 19:00:00,53,2,0.0,0.0,0.0,0.1062,optimal
2021-02-08 19:30:00,53,2,0.8124078760623885,0.0,0.0,0.1062,optimal
2021-02-08 20:00:00,53,2,0.8285963179320661,0.0,0.0,0.072,optimal
2021-02-08 20:30:00,53,2,0.0,0.0,0.0,0.38626666666666665,optimal
2021-02-08 21:00:00,53,2,0.0,0.0,0.0,0.42533333333333334,optimal
2021-02-08 21:30:00,53,2,0.0,0.0,0.0,0.40593333333333326,optimal
2021-02-08 22:00:00,53,2,0.0,0.0,0.0,0.3302,optimal
2021-02-08 22:30:00,53,2,0.0,0.0,0.0,0.4026,optimal
2021-02-08 23:00:00,53,2,0.0,0.0,0.0,0.072,optimal
2021-02-08 23:30:00,53,2,0.0,0.0,0.0,0.1404,optimal
2021-02-09 00:00:00,53,2,0.0,0.0,0.0,0.048,optimal
2021-02-09 00:30:00,53,2,0.0,0.0,0.0,0.13153333333333334,optimal
2021-02-09 01:00:00,53,2,0.060937537156282945,0.0,0.0,0.1092,optimal
2021-02-09 01:30:00,53,2,1.1428571428571428,0.0,0.0,0.12186666666666666,optimal
2021-02-09 02:00:00,53,2,1.1428571428571428,0.1548148148148148,0.0,0.22326666666666667,optimal
2021-02-09 02:30:00,53,2,1.1428571428571428,0.0,0.0,0.0854,optimal
2021-02-09 03:00:00,53,2,1.1428571428571428,0.0,0.0,0.30660000000000004,optimal
2021-02-09 03:30:00,53,2,1.1428571428571428,0.0,0.0,0.07859999999999999,optimal
2021-02-09 04:00:00,53,2,1.1428571428571428,0.0,0.0,0.04733333333333334,optimal
2021-02-09 04:30:00,53,2,1.1428571428571428,0.23222222222222222,0.0,0.26153333333333334,optimal
2021-02-09 05:00:00,53,2,1.1428571428571428,0.0,0.0,0.09853333333333332,optimal
2021-02-09 05:30:00,53,2,1.1428571428571428,0.0,0.0,0.12193333333333334,optimal
2021-02-09 06:00:00,53,2,1.1428571428571428,0.0,3.380851436879512,0.2258666666666667,optimal
2021-02-09 06:30:00,53,2,1.1428571428571428,0.0,10.0,0.048,optimal
2021-02-09 07:00:00,53,2,1.1428571428571428,2.3222222222222215,10.0,1.1758333333333333,optimal
2021-02-09 07:30:00,53,2,1.1428571428571428,0.5418518518518518,0.0,0.06093333333333333,optimal
2021-02-09 08:00:00,53,2,0.5633475706668267,0.0774074074074074,0.0,1.3667,optimal
2021-02-09 08:30:00,53,2,0.6201619859400058,2.2448148148148146,0.0,0.11626666666666668,optimal
2021-02-09 09:00:00,53,2,0.5116623660634898,0.23222222222222222,0.0,0.26880000000000004,optimal
2021-02-09 09:30:00,53,2,0.48312738708604336,0.0,0.0,1.1522999999999999,optimal
2021-02-09 10:00:00,53,2,0.30568560252728877,0.0,0.0,2.9863000000000004,optimal
2021-02-09 10:30:00,53,2,0.5332858184587798,0.0,0.0,1.8997333333333328,optimal
2021-02-09 11:00:00,53,2,0.47569249660096674,0.0,0.0,0.28426666666666667,optimal
2021-02-09 11:30:00,53,2,0.5202201588348838,0.0,0.0,0.12093333333333334,optimal
2021-02-09 12:00:00,53,2,0.4419881371747321,0.0,0.0,0.1618666666666667,optimal
2021-02-09 12:30:00,53,2,0.42085095113128995,0.0,0.0,0.2433333333333333,optimal
2021-02-09 13:00:00,53,2,1.1428571428571428,0.0,0.0,0.0974,optimal
2021-02-09 13:30:00,53,2,1.1428571428571428,0.0,0.0,0.16306666666666667,optimal
2021-02-09 14:00:00,53,2,1.1428571428571428,0.0,0.0,0.14153333333333334,optimal
2021-02-09 14:30:00,53,2,1.1428571428571428,0.0,0.0,0.058,optimal
2021-02-09 15:00:00,53,2,1.1428571428571428,0.0,0.0,0.1893333333333333,optimal
2021-02-09 15:30:00,53,2,1.1428571428571428,0.0,0.0,0.21586666666666668,optimal
2021-02-09 16:00:00,53,2,0.0,0.0,0.0,0.058,optimal
2021-02-09 16:30:00,53,2,0.0,0.0774074074074074,0.0,0.38456666666666667,optimal
2021-02-09 17:00:00,53,2,0.0,0.0774074074074074,0.0,1.4258,optimal
2021-02-09 17:30:00,53,2,0.0,0.0774074074074074,0.0,1.206233333333333,optimal
2021-02-09 18:00:00,53,2,0.0,0.23222222222222222,0.0,0.9422666666666668,optimal
2021-02-09 18:30:00,53,2,0.0,0.0774074074074074,0.0,0.6455333333333333,optimal
2021-02-09 19:00:00,53,2,0.0,0.23222222222222222,0.0,1.3598333333333332,optimal
2021-02-09 19:30:00,53,2,0.09012432311795039,0.0774074074074074,0.0,0.6724333333333333,optimal
2021-02-09 20:00:00,53,2,0.6065491307474248,0.0774074074074074,0.0,0.13216666666666665,optimal
2021-02-09 20:30:00,53,2,0.0,0.0,0.0,0.2344,optimal
2021-02-09 21:00:00,53,2,0.0,0.1548148148148148,0.0,0.15230000000000002,optimal
2021-02-09 21:30:00,53,2,0.0,0.0,0.0,0.10253333333333332,optimal
2021-02-09 22:00:00,53,2,0.0,0.0,0.0,0.14153333333333334,optimal
2021-02-09 22:30:00,53,2,0.0,0.0,0.0,0.26366666666666666,optimal
2021-02-09 23:00:00,53,2,0.0,0.0,0.0,0.08783333333333333,optimal
2021-02-09 23:30:00,53,2,0.0,0.0,0.0,0.18803333333333333,optimal
2021-02-10 00:00:00,53,2,0.0,0.0,0.0,0.15193333333333334,optimal
2021-02-10 00:30:00,53,2,0.3691141672960092,0.0,0.0,0.07246666666666667,optimal
2021-02-10 01:00:00,53,2,1.1428571428571428,0.0,0.0,0.23063333333333333,optimal
2021-02-10 01:30:00,53,2,1.1428571428571428,0.0,0.0,0.10596666666666668,optimal
2021-02-10 02:00:00,53,2,1.1428571428571428,0.0,0.0,0.19713333333333333,optimal
2021-02-10 02:30:00,53,2,1.1428571428571428,0.0,0.0,0.15193333333333334,optimal
2021-02-10 03:00:00,53,2,1.1428571428571428,0.0,0.0,0.1535,optimal
2021-02-10 03:30:00,53,2,1.1428571428571428,0.0,0.0,0.10363333333333334,optimal
2021-02-10 04:00:00,53,2,1.1428571428571428,0.0,0.0,0.15193333333333334,optimal
2021-02-10 04:30:00,53,2,1.1428571428571428,0.0,0.0,0.19090000000000001,optimal
2021-02-10 05:00:00,53,2,1.1428571428571428,0.0,0.0,0.06623333333333334,optimal
2021-02-10 05:30:00,53,2,1.1428571428571428,0.0,0.0,0.2205,optimal
2021-02-10 06:00:00,53,2,1.1428571428571428,0.0,3.9953276515850846,0.12856666666666666,optimal
2021-02-10 06:30:00,53,2,1.1428571428571428,0.0,10.0,0.06,optimal
2021-02-10 07:00:00,53,2,1.1428571428571428,0.0,10.0,0.19713333333333333,optimal
2021-02-10 07:30:00,53,2,1.1428571428571428,0.387037037037037,0.0,0.06756666666666666,optimal
2021-02-10 08:00:00,53,2,0.7352150138777827,0.46444444444444444,0.0,0.26953333333333335,optimal
2021-02-10 08:30:00,53,2,0.8187485199563053,0.0,0.0,0.17843333333333333,optimal
2021-02-10 09:00:00,53,2,0.7533661516645596,0.0,0.0,0.15193333333333334,optimal
2021-02-10 09:30:00,53,2,0.7318958482192832,0.0,0.0,0.1988,optimal
2021-02-10 10:00:00,53,2,0.6403900636517479,0.0,0.0,0.06766666666666667,optimal
2021-02-10 10:30:00,53,2,0.5990397170201694,0.0,0.0,0.1804333333333333,optimal
2021-02-10 11:00:00,53,2,0.5393099216895649,0.0,0.0,0.17843333333333333,optimal
2021-02-10 11:30:00,53,2,0.5635271509192951,0.0,0.0,0.0787,optimal
2021-02-10 12:00:00,53,2,0.5424712474304672,0.0,0.0,0.16026666666666667,optimal
2021-02-10 12:30:00,53,2,1.1428571428571428,0.0,0.0,0.19190000000000002,optimal
2021-02-10 13:00:00,53,2,1.1428571428571428,0.0,0.0,0.06623333333333334,optimal
2021-02-10 13:30:00,53,2,1.1428571428571428,0.0,0.0,0.20803333333333332,optimal
2021-02-10 14:00:00,53,2,1.1428571428571428,0.0,0.0,0.1437,optimal
2021-02-10 14:30:00,53,2,1.1428571428571428,0.0,0.0,0.11563333333333334,optimal
2021-02-10 15:00:00,53,2,1.1428571428571428,0.0,0.0,0.19946666666666668,optimal
2021-02-10 15:30:00,53,2,1.1428571428571428,0.0,0.0,0.10363333333333334,optimal
2021-02-10 16:00:00,53,2,0.0,0.0,0.0,0.15793333333333334,optimal
2021-02-10 16:30:00,53,2,0.0,0.0,0.0,0.20213333333333333,optimal
2021-02-10 17:00:00,53,2,0.0,0.0,0.0,0.06,optimal
2021-02-10 17:30:00,53,2,0.0,0.0,0.0,0.06,optimal
2021-02-10 18:00:00,53,2,0.0,0.1548148148148148,0.0,3.5660666666666665,optimal
2021-02-10 18:30:00,53,2,0.0,0.0,0.0,1.5565333333333333,optimal
2021-02-10 19:00:00,53,2,0.0,0.1548148148148148,0.0,0.5849666666666667,optimal
2021-02-10 19:30:00,53,2,0.6571308218602374,0.0,0.0,2.004033333333333,optimal
2021-02-10 20:00:00,53,2,0.7033687011668474,0.0774074074074074,0.0,1.8971333333333327,optimal
2021-02-10 20:30:00,53,2,0.0,0.23222222222222222,0.0,3.1088666666666667,optimal
2021-02-10 21:00:00,53,2,0.0,0.0,0.0,1.6825999999999999,optimal
2021-02-10 21:30:00,53,2,0.0,0.0,0.0,2.1121,optimal
2021-02-10 22:00:00,53,2,0.0,0.0,0.0,1.4394333333333333,optimal
2021-02-10 22:30:00,53,2,0.0,0.1548148148148148,0.0,2.770966666666667,optimal
2021-02-10 23:00:00,53,2,0.0,0.3096296296296296,0.0,1.7743,optimal
2021-02-10 23:30:00,53,2,0.0,0.0,0.0,0.3254666666666666,optimal
2021-02-11 00:00:00,53,2,1.0128064433894306,0.0,0.0,0.062,optimal
2021-02-11 00:30:00,53,2,1.1428571428571428,0.0,0.0,0.062,optimal
2021-02-11 01:00:00,53,2,1.1428571428571428,0.0,0.0,0.11293333333333334,optimal
2021-02-11 01:30:00,53,2,1.1428571428571428,0.0,0.0,0.15719999999999998,optimal
2021-02-11 02:00:00,53,2,1.1428571428571428,0.0,0.0,0.062,optimal
2021-02-11 02:30:00,53,2,1.1428571428571428,0.0,0.0,0.13196666666666668,optimal
2021-02-11 03:00:00,53,2,1.1428571428571428,0.0,0.0,0.13816666666666666,optimal
2021-02-11 03:30:00,53,2,1.1428571428571428,0.0,0.0,0.062,optimal
2021-02-11 04:00:00,53,2,1.1428571428571428,0.0,0.0,0.15113333333333331,optimal
2021-02-11 04:30:00,53,2,1.1428571428571428,0.0,0.0,0.11583333333333332,optimal
2021-02-11 05:00:00,53,2,1.1428571428571428,0.0,0.0,0.12883333333333336,optimal
2021-02-11 05:30:00,53,2,1.1428571428571428,0.0,0.0,0.12863333333333332,optimal
2021-02-11 06:00:00,53,2,1.1428571428571428,2.7866666666666666,0.0,0.0795,optimal
2021-02-11 06:30:00,53,2,1.1428571428571428,0.0,0.0,0.14936666666666668,optimal
2021-02-11 07:00:00,53,2,1.1428571428571428,0.23222222222222222,8.074310417548382,0.3688666666666667,optimal
2021-02-11 07:30:00,53,2,1.1428571428571428,2.631851851851852,0.0,0.081,optimal
2021-02-11 08:00:00,53,2,0.8172115513176859,0.0774074074074074,0.0,0.13986666666666667,optimal
2021-02-11 08:30:00,53,2,0.8077333265206914,0.46444444444444444,0.0,0.2994,optimal
2021-02-11 09:00:00,53,2,0.748712182808308,0.0,0.0,0.2550666666666666,optimal
2021-02-11 09:30:00,53,2,0.6885250365275541,0.3096296296296296,0.0,0.2472666666666667,optimal
2021-02-11 10:00:00,53,2,0.48311845691733735,0.0,0.0,0.33113333333333334,optimal
2021-02-11 10:30:00,53,2,0.5323674624912818,0.0,0.0,0.2622,optimal
2021-02-11 11:00:00,53,2,0.33073218031936735,0.0,0.0,1.4529666666666667,optimal
2021-02-11 11:30:00,53,2,0.21453282811383856,0.1548148148148148,0.0,2.847833333333333,optimal
2021-02-11 12:00:00,53,2,0.2096896046119487,0.387037037037037,0.0,1.6728,optimal
2021-02-11 12:30:00,53,2,1.038233260844647,0.0,0.0,0.3577666666666667,optimal
2021-02-11 13:00:00,53,2,1.1428571428571428,0.0,0.0,0.072,optimal
2021-02-11 13:30:00,53,2,1.1428571428571428,0.0,0.0,0.129,optimal
2021-02-11 14:00:00,53,2,1.1428571428571428,0.46444444444444444,0.0,0.2315,optimal
2021-02-11 14:30:00,53,2,1.1428571428571428,0.0774074074074074,0.0,0.09636666666666666,optimal
2021-02-11 15:00:00,53,2,1.1428571428571428,0.0,0.0,1.7503333333333333,optimal
2021-02-11 15:30:00,53,2,1.1428571428571428,0.0,0.0,2.8224666666666667,optimal
2021-02-11 16:00:00,53,2,0.0,0.0,0.0,0.9656,optimal
2021-02-11 16:30:00,53,2,0.0,0.0,0.0,0.35403333333333337,optimal
2021-02-11 17:00:00,53,2,0.0,0.0774074074074074,0.0,0.34486666666666665,optimal
2021-02-11 17:30:00,53,2,0.0,0.0,0.0,0.2137,optimal
2021-02-11 18:00:00,53,2,0.0,0.0,0.0,0.28486666666666666,optimal
2021-02-11 18:30:00,53,2,0.0,0.1548148148148148,0.0,1.0136333333333332,optimal
2021-02-11 19:00:00,53,2,0.0,0.23222222222222222,0.0,1.0274,optimal
2021-02-11 19:30:00,53,2,0.8290595342597313,0.0,0.0,0.5908666666666667,optimal
2021-02-11 20:00:00,53,2,0.9008664623265805,0.0,0.0,0.42469999999999997,optimal
2021-02-11 20:30:00,53,2,0.0,0.23222222222222222,0.0,0.6337333333333334,optimal
2021-02-11 21:00:00,53,2,0.0,0.0,0.0,0.5809,optimal
2021-02-11 21:30:00,53,2,0.0,0.1548148148148148,0.0,0.6595333333333333,optimal
2021-02-11 22:00:00,53,2,0.0,0.0,0.0,0.28756666666666664,optimal
2021-02-11 22:30:00,53,2,0.0,0.3096296296296296,0.0,0.18266666666666662,optimal
2021-02-11 23:00:00,53,2,0.0,0.0,0.0,0.16113333333333332,optimal
2021-02-11 23:30:00,53,2,0.0,0.0,0.0,0.179,optimal
2021-02-12 00:00:00,53,2,1.1428571428571428,1.548148148148148,0.0,0.07216666666666667,optimal
2021-02-12 00:30:00,53,2,1.1428571428571428,0.0,0.0,0.17553333333333332,optimal
2021-02-12 01:00:00,53,2,1.1428571428571428,0.0,0.0,0.10533333333333332,optimal
2021-02-12 01:30:00,53,2,1.1428571428571428,0.0,0.0,0.074,optimal
2021-02-12 02:00:00,53,2,1.1428571428571428,0.0,0.0,0.074,optimal
2021-02-12 02:30:00,53,2,1.1428571428571428,0.0,0.0,0.21186666666666668,optimal
2021-02-12 03:00:00,53,2,1.1428571428571428,0.0,0.0,0.074,optimal
2021-02-12 03:30:00,53,2,1.1428571428571428,0.0,0.0,0.12413333333333335,optimal
2021-02-12 04:00:00,53,2,1.1428571428571428,0.0,0.0,0.1617333333333333,optimal
2021-02-12 04:30:00,53,2,1.1428571428571428,0.0,0.0,0.074,optimal
2021-02-12 05:00:00,53,2,1.1428571428571428,0.0,0.0,0.21186666666666668,optimal
2021-02-12 05:30:00,53,2,1.1428571428571428,0.0,0.0,0.074,optimal
2021-02-12 06:00:00,53,2,1.1428571428571428,0.0,0.0,0.18680000000000002,optimal
2021-02-12 06:30:00,53,2,1.1428571428571428,0.0,0.0,0.09906666666666666,optimal
2021-02-12 07:00:00,53,2,1.1428571428571428,0.6966666666666667,9.65982379248414,1.0511666666666668,optimal
2021-02-12 07:30:00,53,2,1.1428571428571428,6.6559400374870545,0.0,1.1233333333333333,optimal
2021-02-12 08:00:00,53,2,0.8852428957989225,0.3096296296296296,0.0,0.072,optimal
2021-02-12 08:30:00,53,2,0.8616560563870632,0.46444444444444444,0.0,0.10986666666666665,optimal
2021-02-12 09:00:00,53,2,0.691789833817516,5.889155555555555,0.0,0.34613333333333335,optimal
2021-02-12 09:30:00,53,2,0.7061403054431885,0.2260296296296292,0.0,0.10333333333333332,optimal
2021-02-12 10:00:00,53,2,0.4712014150810964,0.5418518518518518,0.0,0.13716666666666666,optimal
2021-02-12 10:30:00,53,2,0.5475084272381338,0.46444444444444444,0.0,0.15353333333333333,optimal
2021-02-12 11:00:00,53,2,0.5034433629479921,0.0,0.0,0.074,optimal
2021-02-12 11:30:00,53,2,0.4161995966104718,0.23222222222222222,0.0,0.2248666666666667,optimal
2021-02-12 12:00:00,53,2,0.36024506871564244,4.721851851851852,0.0,0.14186666666666667,optimal
2021-02-12 12:30:00,53,2,0.10385844523527221,0.23222222222222222,0.0,1.6670666666666667,optimal
2021-02-12 13:00:00,53,2,1.1094029252121338,0.1548148148148148,0.0,0.7503666666666666,optimal
2021-02-12 13:30:00,53,2,1.1428571428571428,0.3096296296296296,0.0,0.15686666666666668,optimal
2021-02-12 14:00:00,53,2,1.1428571428571428,0.0,0.0,0.3078,optimal
2021-02-12 14:30:00,53,2,1.1428571428571428,0.0,0.0,0.3753333333333333,optimal
2021-02-12 15:00:00,53,2,1.1428571428571428,0.0,0.0,0.24856666666666663,optimal
2021-02-12 15:30:00,53,2,1.1428571428571428,0.387037037037037,0.0,1.6567333333333332,optimal
2021-02-12 16:00:00,53,2,0.0,0.3096296296296296,0.0,0.24513333333333331,optimal
2021-02-12 16:30:00,53,2,0.0,0.0,0.0,0.4378,optimal
2021-02-12 17:00:00,53,2,0.0,0.2740222222222222,0.0,1.3104666666666667,optimal
2021-02-12 17:30:00,53,2,0.0,0.19042222222222224,0.0,1.228233333333333,optimal
2021-02-12 18:00:00,53,2,0.0,0.387037037037037,0.0,1.1681,optimal
2021-02-12 18:30:00,53,2,0.0,0.0774074074074074,0.0,0.5387000000000001,optimal
2021-02-12 19:00:00,53,2,0.0,0.5418518518518518,0.0,0.517,optimal
2021-02-12 19:30:00,53,2,0.0,0.0,0.0,0.3041666666666667,optimal
2021-02-12 20:00:00,53,2,0.0,0.5418518518518518,0.0,0.30639999999999995,optimal
2021-02-12 20:30:00,53,2,0.0,0.0774074074074074,0.0,0.33666666666666667,optimal
2021-02-12 21:00:00,53,2,0.0,0.23222222222222222,0.0,0.3058666666666667,optimal
2021-02-12 21:30:00,53,2,0.0,0.1548148148148148,0.0,0.4686666666666667,optimal
2021-02-12 22:00:00,53,2,0.0,0.387037037037037,0.0,0.5581333333333334,optimal
2021-02-12 22:30:00,53,2,0.0,0.23222222222222222,0.0,0.5013333333333333,optimal
2021-02-12 23:00:00,53,2,0.0,0.387037037037037,0.0,0.5329333333333333,optimal
2021-02-12 23:30:00,53,2,0.0,0.23222222222222222,0.0,0.35096666666666665,optimal
2021-02-13 00:00:00,53,2,0.0,0.0,0.0,0.04,optimal
2021-02-13 00:30:00,53,2,0.0,0.0,0.0,0.16333333333333333,optimal
2021-02-13 01:00:00,53,2,0.012954338025359495,0.0,0.0,0.11736666666666666,optimal
2021-02-13 01:30:00,53,2,1.1428571428571428,0.0,0.0,0.14203333333333334,optimal
2021-02-13 02:00:00,53,2,1.1428571428571428,0.0,0.0,0.13866666666666666,optimal
2021-02-13 02:30:00,53,2,1.1428571428571428,0.0,0.0,0.1455,optimal
2021-02-13 03:00:00,53,2,1.1428571428571428,0.0,0.0,0.14473333333333332,optimal
2021-02-13 03:30:00,53,2,1.1428571428571428,0.0,0.0,0.17113333333333333,optimal
2021-02-13 04:00:00,53,2,1.1428571428571428,0.0,0.0,0.13143333333333335,optimal
2021-02-13 04:30:00,53,2,1.1428571428571428,0.0,0.0,0.16333333333333333,optimal
2021-02-13 05:00:00,53,2,1.1428571428571428,0.0,0.0,0.12440000000000001,optimal
2021-02-13 05:30:00,53,2,1.1428571428571428,0.0,0.0,0.12883333333333336,optimal
2021-02-13 06:00:00,53,2,1.1428571428571428,0.0,0.0,0.14483333333333334,optimal
2021-02-13 06:30:00,53,2,1.1428571428571428,0.0,1.9432776151932494,0.2642,optimal
2021-02-13 07:00:00,53,2,1.1428571428571428,0.23222222222222222,10.0,0.2085,optimal
2021-02-13 07:30:00,53,2,1.1428571428571428,0.6192592592592592,0.0,0.29683333333333334,optimal
2021-02-13 08:00:00,53,2,0.619864102732846,0.23222222222222222,0.0,0.33363333333333334,optimal
2021-02-13 08:30:00,53,2,0.5057708125858135,0.46444444444444444,0.0,1.7281333333333335,optimal
2021-02-13 09:00:00,53,2,0.6872200170727009,0.0,0.0,0.32413333333333333,optimal
2021-02-13 09:30:00,53,2,0.6803821377661027,2.150377777777778,0.0,0.5571,optimal
2021-02-13 10:00:00,53,2,0.4501103427917252,0.48147407407407405,0.0,1.485,optimal
2021-02-13 10:30:00,53,2,0.41987800502564426,0.46444444444444444,0.0,1.6559000000000001,optimal
2021-02-13 11:00:00,53,2,0.5659858946226495,0.0,0.0,0.1133,optimal
2021-02-13 11:30:00,53,2,0.5466945092375197,0.0,0.0,0.17333333333333334,optimal
2021-02-13 12:00:00,53,2,0.5208924933777429,0.0,0.0,0.08516666666666667,optimal
2021-02-13 12:30:00,53,2,0.4572621035598601,0.0,0.0,0.2929,optimal
2021-02-13 13:00:00,53,2,1.1428571428571428,0.0,0.0,0.1,optimal
2021-02-13 13:30:00,53,2,1.1428571428571428,0.0,0.0,0.2,optimal
2021-02-13 14:00:00,53,2,1.1428571428571428,0.3096296296296296,0.0,0.4076,optimal
2021-02-13 14:30:00,53,2,1.1428571428571428,0.1548148148148148,0.0,0.4481,optimal
2021-02-13 15:00:00,53,2,1.1428571428571428,0.0,0.0,2.0043333333333333,optimal
2021-02-13 15:30:00,53,2,1.1428571428571428,0.0,0.0,0.5196666666666666,optimal
2021-02-13 16:00:00,53,2,0.0,0.3096296296296296,0.0,0.34576666666666667,optimal
2021-02-13 16:30:00,53,2,0.0,0.0774074074074074,0.0,0.5854,optimal
2021-02-13 17:00:00,53,2,0.0,0.5418518518518518,0.0,0.5635666666666668,optimal
2021-02-13 17:30:00,53,2,0.0,0.0,0.0,0.5650666666666667,optimal
2021-02-13 18:00:00,53,2,0.0,0.1548148148148148,0.0,0.3586666666666667,optimal
2021-02-13 18:30:00,53,2,0.0,0.0,0.0,0.5170666666666667,optimal
2021-02-13 19:00:00,53,2,0.0,0.23222222222222222,0.0,0.3105333333333334,optimal
2021-02-13 19:30:00,53,2,0.0,0.0,0.0,0.22333333333333327,optimal
2021-02-13 20:00:00,53,2,0.2603977340831746,0.0,0.0,0.1977,optimal
2021-02-13 20:30:00,53,2,0.0,0.0,0.0,0.18036666666666668,optimal
2021-02-13 21:00:00,53,2,0.0,0.0,0.0,0.08516666666666667,optimal
2021-02-13 21:30:00,53,2,0.0,0.0,0.0,0.16956666666666667,optimal
2021-02-13 22:00:00,53,2,0.0,0.0,0.0,0.17333333333333334,optimal
2021-02-13 22:30:00,53,2,0.0,0.0,0.0,0.1766,optimal
2021-02-13 23:00:00,53,2,0.0,0.0,0.0,0.3061333333333333,optimal
2021-02-13 23:30:00,53,2,0.0,0.0774074074074074,0.0,0.33003333333333335,optimal
2021-02-07 00:00:00,54,2,0.0,0.1548148148148148,0.0,0.0704,optimal
2021-02-07 00:30:00,54,2,0.0,0.0,0.0,0.18059999999999998,optimal
2021-02-07 01:00:00,54,2,0.0,0.23222222222222222,0.0,0.122,optimal
2021-02-07 01:30:00,54,2,0.0,0.0,0.0,0.2066,optimal
2021-02-07 02:00:00,54,2,0.0,0.0,0.0,0.10533333333333332,optimal
2021-02-07 02:30:00,54,2,0.0,0.0,0.0,0.083,optimal
2021-02-07 03:00:00,54,2,0.0,0.0,0.0,0.07579999999999999,optimal
2021-02-07 03:30:00,54,2,0.0,0.0,0.0,0.047,optimal
2021-02-07 04:00:00,54,2,1.1428571428571428,0.0,0.0,0.11033333333333331,optimal
2021-02-07 04:30:00,54,2,1.1428571428571428,0.0,0.0,0.06246666666666667,optimal
2021-02-07 05:00:00,54,2,1.1428571428571428,0.0,0.0,0.0722,optimal
2021-02-07 05:30:00,54,2,1.1428571428571428,0.0,0.0,0.0866,optimal
2021-02-07 06:00:00,54,2,1.1428571428571428,0.0,0.0,0.047,optimal
2021-02-07 06:30:00,54,2,1.1428571428571428,0.5418518518518518,0.0,0.12066666666666669,optimal
2021-02-07 07:00:00,54,2,1.1428571428571428,0.1548148148148148,1.8089900112525021,0.8696,optimal
2021-02-07 07:30:00,54,2,0.0,0.46444444444444444,0.0,2.9555333333333333,optimal
2021-02-07 08:00:00,54,2,0.0,0.5418518518518518,0.0,0.2004,optimal
2021-02-07 08:30:00,54,2,0.2451179401943629,0.3096296296296296,0.0,0.27586666666666665,optimal
2021-02-07 09:00:00,54,2,0.5382445184302719,0.3096296296296296,0.0,0.498,optimal
2021-02-07 09:30:00,54,2,0.5896540854260844,0.0,0.0,0.3055,optimal
2021-02-07 10:00:00,54,2,0.5251615278344964,0.0,0.0,0.241,optimal
2021-02-07 10:30:00,54,2,0.5022776319380993,0.0,0.0,0.44806666666666667,optimal
2021-02-07 11:00:00,54,2,0.46169381695256234,0.1548148148148148,0.0,1.3132000000000001,optimal
2021-02-07 11:30:00,54,2,0.5658157217144709,0.0,0.0,0.1778,optimal
2021-02-07 12:00:00,54,2,0.6140407072135382,0.0,0.0,0.047,optimal
2021-02-07 12:30:00,54,2,0.5955264214992485,0.0,0.0,0.1118,optimal
2021-02-07 13:00:00,54,2,1.1428571428571428,0.0,0.0,0.051,optimal
2021-02-07 13:30:00,54,2,1.1428571428571428,0.0,0.0,0.14473333333333332,optimal
2021-02-07 14:00:00,54,2,1.1428571428571428,0.46444444444444444,0.0,0.2186,optimal
2021-02-07 14:30:00,54,2,1.1428571428571428,0.0,0.0,0.4588666666666667,optimal
2021-02-07 15:00:00,54,2,1.1428571428571428,0.0,0.0,0.28086666666666665,optimal
2021-02-07 15:30:00,54,2,1.1428571428571428,0.0,0.0,0.9454,optimal
2021-02-07 16:00:00,54,2,0.0,0.774074074074074,0.0,0.701,optimal
2021-02-07 16:30:00,54,2,0.0,0.6192592592592592,0.0,1.2375333333333334,optimal
2021-02-07 17:00:00,54,2,0.0,0.6966666666666667,0.0,1.2629666666666668,optimal
2021-02-07 17:30:00,54,2,0.0,0.46444444444444444,0.0,0.09653333333333332,optimal
2021-02-07 18:00:00,54,2,0.0,0.46444444444444444,0.0,0.10223333333333331,optimal
2021-02-07 18:30:00,54,2,0.0,0.0774074074074074,0.0,1.619733333333333,optimal
2021-02-07 19:00:00,54,2,0.0,0.0,0.0,0.164,optimal
2021-02-07 19:30:00,54,2,0.0782639844110915,0.0,0.0,0.37126666666666663,optimal
2021-02-07 20:00:00,54,2,0.5945232414341128,0.0,0.0,0.0584,optimal
2021-02-07 20:30:00,54,2,0.0,0.387037037037037,0.0,0.15380000000000002,optimal
2021-02-07 21:00:00,54,2,0.0,0.0774074074074074,0.0,0.089,optimal
2021-02-07 21:30:00,54,2,0.0,0.0,0.0,0.42619999999999997,optimal
2021-02-07 22:00:00,54,2,0.0,0.0774074074074074,0.0,0.1957333333333333,optimal
2021-02-07 22:30:00,54,2,0.0,0.0,0.0,0.198,optimal
2021-02-07 23:00:00,54,2,0.0,0.0,0.0,0.2204,optimal
2021-02-07 23:30:00,54,2,0.0,0.0,0.0,1.5175333333333334,optimal
2021-02-08 00:00:00,54,2,0.0,0.0,0.0,0.052,optimal
2021-02-08 00:30:00,54,2,0.0,0.0,0.0,0.28253333333333336,optimal
2021-02-08 01:00:00,54,2,0.0,0.0,0.0,0.11726666666666669,optimal
2021-02-08 01:30:00,54,2,0.09624093017341169,0.0,0.0,0.16369999999999998,optimal
2021-02-08 02:00:00,54,2,1.1428571428571428,0.0,0.0,0.2361,optimal
2021-02-08 02:30:00,54,2,1.1428571428571428,0.0,0.0,0.052,optimal
2021-02-08 03:00:00,54,2,1.1428571428571428,0.0,0.0,0.2886,optimal
2021-02-08 03:30:00,54,2,1.1428571428571428,0.0,0.0,0.11120000000000001,optimal
2021-02-08 04:00:00,54,2,1.1428571428571428,0.0,0.0,0.21586666666666668,optimal
2021-02-08 04:30:00,54,2,1.1428571428571428,0.0,0.0,0.14703333333333332,optimal
2021-02-08 05:00:00,54,2,1.1428571428571428,0.0,0.0,0.1569,optimal
2021-02-08 05:30:00,54,2,1.1428571428571428,0.3096296296296296,4.609466358280088,0.18943333333333331,optimal
2021-02-08 06:00:00,54,2,1.1428571428571428,0.1548148148148148,10.0,0.1404,optimal
2021-02-08 06:30:00,54,2,1.1428571428571428,0.0774074074074074,10.0,0.2083,optimal
2021-02-08 07:00:00,54,2,1.1428571428571428,0.3096296296296296,0.0,0.8900666666666667,optimal
2021-02-08 07:30:00,54,2,1.1428571428571428,0.3096296296296296,0.0,0.9611666666666666,optimal
2021-02-08 08:00:00,54,2,0.7312102527820873,0.0,0.0,0.25906666666666667,optimal
2021-02-08 08:30:00,54,2,0.7553968330761575,0.0,0.0,0.3406,optimal
2021-02-08 09:00:00,54,2,0.7418509436750099,0.0,0.0,0.3324,optimal
2021-02-08 09:30:00,54,2,0.5141291684720013,0.23222222222222222,0.0,2.8039666666666667,optimal
2021-02-08 10:00:00,54,2,0.501957938769599,0.0,0.0,2.5554666666666668,optimal
2021-02-08 10:30:00,54,2,0.6483482854011794,0.0,0.0,0.133,optimal
2021-02-08 11:00:00,54,2,0.5145925050663219,0.0,0.0,0.2582,optimal
2021-02-08 11:30:00,54,2,0.5616573533436833,0.0,0.0,0.0725,optimal
2021-02-08 12:00:00,54,2,0.48058997872162085,0.0,0.0,0.17956666666666665,optimal
2021-02-08 12:30:00,54,2,0.3872244371811056,0.0774074074074074,0.0,0.38073333333333337,optimal
2021-02-08 13:00:00,54,2,1.1428571428571428,0.0,0.0,0.30993333333333334,optimal
2021-02-08 13:30:00,54,2,1.1428571428571428,0.0774074074074074,0.0,1.7010666666666665,optimal
2021-02-08 14:00:00,54,2,1.1428571428571428,0.0,0.0,0.6954,optimal
2021-02-08 14:30:00,54,2,1.1428571428571428,0.0,0.0,1.7995333333333332,optimal
2021-02-08 15:00:00,54,2,1.1428571428571428,0.0,0.0,0.30096666666666666,optimal
2021-02-08 15:30:00,54,2,1.1428571428571428,0.0,0.0,0.22419999999999998,optimal
2021-02-08 16:00:00,54,2,0.0,0.0,0.0,0.1544,optimal
2021-02-08 16:30:00,54,2,0.0,0.0,0.0,2.1925666666666666,optimal
2021-02-08 17:00:00,54,2,0.0,0.0,0.0,2.763,optimal
2021-02-08 17:30:00,54,2,0.0,0.5418518518518518,0.0,1.2463,optimal
2021-02-08 18:00:00,54,2,0.0,0.8514814814814814,0.0,0.2765666666666667,optimal
2021-02-08 18:30:00,54,2,0.0,0.0,0.0,0.24056666666666662,optimal
2021-02-08 19:00:00,54,2,0.0,0.0,0.0,0.305,optimal
2021-02-08 19:30:00,54,2,0.380914867829775,0.0,0.0,0.4284,optimal
2021-02-08 20:00:00,54,2,0.5005391750749263,0.0,0.0,0.4941333333333333,optimal
2021-02-08 20:30:00,54,2,0.0,0.0,0.0,0.5366333333333333,optimal
2021-02-08 21:00:00,54,2,0.0,0.3096296296296296,0.0,0.3776333333333333,optimal
2021-02-08 21:30:00,54,2,0.0,0.0,0.0,0.4248,optimal
2021-02-08 22:00:00,54,2,0.0,0.0,0.0,0.45366666666666666,optimal
2021-02-08 22:30:00,54,2,0.0,0.0,0.0,0.10479999999999999,optimal
2021-02-08 23:00:00,54,2,0.0,0.0,0.0,0.1071,optimal
2021-02-08 23:30:00,54,2,0.0,0.0,0.0,0.19733333333333328,optimal
2021-02-09 00:00:00,54,2,0.0,0.0,0.0,0.063,optimal
2021-02-09 00:30:00,54,2,0.0,0.0,0.0,0.063,optimal
2021-02-09 01:00:00,54,2,0.6801328216560106,0.0,0.0,0.063,optimal
2021-02-09 01:30:00,54,2,1.1428571428571428,0.0,0.0,0.12166666666666669,optimal
2021-02-09 02:00:00,54,2,1.1428571428571428,0.0,0.0,0.07033333333333333,optimal
2021-02-09 02:30:00,54,2,1.1428571428571428,0.0,0.0,0.063,optimal
2021-02-09 03:00:00,54,2,1.1428571428571428,0.0,0.0,0.063,optimal
2021-02-09 03:30:00,54,2,1.1428571428571428,0.0,0.0,0.12166666666666669,optimal
2021-02-09 04:00:00,54,2,1.1428571428571428,0.0,0.0,0.07033333333333333,optimal
2021-02-09 04:30:00,54,2,1.1428571428571428,0.0,0.0,0.10333333333333332,optimal
2021-02-09 05:00:00,54,2,1.1428571428571428,0.0,0.0,0.08866666666666667,optimal
2021-02-09 05:30:00,54,2,1.1428571428571428,0.0,0.0,0.063,optimal
2021-02-09 06:00:00,54,2,1.1428571428571428,0.0,0.0,0.063,optimal
2021-02-09 06:30:00,54,2,1.1428571428571428,0.0,3.848746209277211,0.09233333333333331,optimal
2021-02-09 07:00:00,54,2,1.1428571428571428,0.0,10.0,0.107,optimal
2021-02-09 07:30:00,54,2,1.1428571428571428,0.0,0.0,0.07766666666666668,optimal
2021-02-09 08:00:00,54,2,0.7267218563811153,6.192592592592592,0.0,0.11866666666666668,optimal
2021-02-09 08:30:00,54,2,0.7430667478447616,0.0,0.0,0.07859999999999999,optimal
2021-02-09 09:00:00,54,2,0.6190176041587321,0.0,0.0,0.7747666666666666,optimal
2021-02-09 09:30:00,54,2,0.7611083394669911,0.0,0.0,0.073,optimal
2021-02-09 10:00:00,54,2,0.6442189358606226,0.0,0.0,0.09133333333333331,optimal
2021-02-09 10:30:00,54,2,0.6251429613159193,0.0,0.0,0.12066666666666669,optimal
2021-02-09 11:00:00,54,2,0.5359115442200225,0.0,0.0,0.073,optimal
2021-02-09 11:30:00,54,2,0.5337725397872677,0.0,0.0,0.073,optimal
2021-02-09 12:00:00,54,2,0.4672357562223534,0.0,0.0,0.073,optimal
2021-02-09 12:30:00,54,2,0.7063654900307323,0.0,0.0,0.073,optimal
2021-02-09 13:00:00,54,2,1.1428571428571428,0.0,0.0,0.073,optimal
2021-02-09 13:30:00,54,2,1.1428571428571428,0.0,0.0,0.12433333333333331,optimal
2021-02-09 14:00:00,54,2,1.1428571428571428,0.0,0.0,0.08766666666666667,optimal
2021-02-09 14:30:00,54,2,1.1428571428571428,0.0,0.0,0.128,optimal
2021-02-09 15:00:00,54,2,1.1428571428571428,0.0,0.0,0.084,optimal
2021-02-09 15:30:00,54,2,1.1428571428571428,0.0,0.0,0.073,optimal
2021-02-09 16:00:00,54,2,0.0,0.46444444444444444,0.0,0.7047666666666667,optimal
2021-02-09 16:30:00,54,2,0.0,0.1548148148148148,0.0,0.29619999999999996,optimal
2021-02-09 17:00:00,54,2,0.0,0.387037037037037,0.0,0.14106666666666667,optimal
2021-02-09 17:30:00,54,2,0.0,0.3096296296296296,0.0,0.6816333333333333,optimal
2021-02-09 18:00:00,54,2,0.0,0.1548148148148148,0.0,1.191733333333333,optimal
2021-02-09 18:30:00,54,2,0.0,0.0774074074074074,0.0,0.7602666666666666,optimal
2021-02-09 19:00:00,54,2,0.0,0.23222222222222222,0.0,0.11256666666666666,optimal
2021-02-09 19:30:00,54,2,0.5732919878902774,0.23222222222222222,0.0,0.159,optimal
2021-02-09 20:00:00,54,2,0.6382062736045627,0.0774074074074074,0.0,0.12053333333333331,optimal
2021-02-09 20:30:00,54,2,0.0,0.0,0.0,0.1331,optimal
2021-02-09 21:00:00,54,2,0.0,0.0,0.0,0.29546666666666666,optimal
2021-02-09 21:30:00,54,2,0.0,0.0,0.0,0.5684666666666667,optimal
2021-02-09 22:00:00,54,2,0.0,0.0,0.0,0.246,optimal
2021-02-09 22:30:00,54,2,0.0,0.0,0.0,0.18706666666666663,optimal
2021-02-09 23:00:00,54,2,0.0,0.0,0.0,0.12433333333333331,optimal
2021-02-09 23:30:00,54,2,0.0,0.0,0.0,0.08766666666666667,optimal
2021-02-10 00:00:00,54,2,0.0,0.0,0.0,0.05,optimal
2021-02-10 00:30:00,54,2,0.0,0.0,0.0,0.0535,optimal
2021-02-10 01:00:00,54,2,0.0,0.0,0.0,0.2049,optimal
2021-02-10 01:30:00,54,2,0.899432340019617,0.0,0.0,0.08170000000000001,optimal
2021-02-10 02:00:00,54,2,1.1428571428571428,0.0,0.0,0.1025,optimal
2021-02-10 02:30:00,54,2,1.1428571428571428,0.0,0.0,0.1295,optimal
2021-02-10 03:00:00,54,2,1.1428571428571428,0.0,0.0,0.15009999999999998,optimal
2021-02-10 03:30:00,54,2,1.1428571428571428,0.0,0.0,0.05733333333333333,optimal
2021-02-10 04:00:00,54,2,1.1428571428571428,0.0,0.0,0.2389333333333333,optimal
2021-02-10 04:30:00,54,2,1.1428571428571428,0.0,0.0,0.05,optimal
2021-02-10 05:00:00,54,2,1.1428571428571428,0.0,0.0,0.10723333333333332,optimal
2021-02-10 05:30:00,54,2,1.1428571428571428,0.0774074074074074,0.0,0.17103333333333334,optimal
2021-02-10 06:00:00,54,2,1.1428571428571428,0.23222222222222222,0.0,0.05066666666666666,optimal
2021-02-10 06:30:00,54,2,1.1428571428571428,0.46444444444444444,7.119209200518945,0.13183333333333333,optimal
2021-02-10 07:00:00,54,2,1.1428571428571428,2.1674074074074072,10.0,0.3065,optimal
2021-02-10 07:30:00,54,2,1.1428571428571428,0.9288888888888889,0.0,2.0944333333333334,optimal
2021-02-10 08:00:00,54,2,0.5581997757825378,0.0774074074074074,0.0,0.38613333333333333,optimal
2021-02-10 08:30:00,54,2,0.2815389961467823,0.46444444444444444,0.0,1.1725,optimal
2021-02-10 09:00:00,54,2,0.4937090088074184,3.6613703703703697,0.0,0.1846,optimal
2021-02-10 09:30:00,54,2,0.5695910863145158,2.1441851851851856,0.0,0.13126666666666667,optimal
2021-02-10 10:00:00,54,2,0.5227329207946044,0.0,0.0,0.15180000000000002,optimal
2021-02-10 10:30:00,54,2,0.4321235265439754,0.1548148148148148,0.0,0.5103666666666666,optimal
2021-02-10 11:00:00,54,2,0.575576588356224,0.0,0.0,0.06,optimal
2021-02-10 11:30:00,54,2,0.7431478392844268,0.0,0.0,0.1707,optimal
2021-02-10 12:00:00,54,2,1.1428571428571428,0.0,0.0,0.12890000000000001,optimal
2021-02-10 12:30:00,54,2,1.1428571428571428,0.0,0.0,0.12140000000000001,optimal
2021-02-10 13:00:00,54,2,1.1428571428571428,0.0,0.0,0.21686666666666668,optimal
2021-02-10 13:30:00,54,2,1.1428571428571428,0.0,0.0,0.09866666666666668,optimal
2021-02-10 14:00:00,54,2,1.1428571428571428,0.0,0.0,0.06,optimal
2021-02-10 14:30:00,54,2,1.1428571428571428,0.0,0.0,0.16069999999999998,optimal
2021-02-10 15:00:00,54,2,1.1428571428571428,0.0,0.0,0.07590000000000001,optimal
2021-02-10 15:30:00,54,2,1.1428571428571428,0.0,0.0,0.123,optimal
2021-02-10 16:00:00,54,2,0.0,0.0,0.0,0.12359999999999999,optimal
2021-02-10 16:30:00,54,2,0.0,0.0,0.0,0.176,optimal
2021-02-10 17:00:00,54,2,0.0,0.0,0.0,0.06,optimal
2021-02-10 17:30:00,54,2,0.0,0.0,0.0,0.2396,optimal
2021-02-10 18:00:00,54,2,0.0,0.0,0.0,0.14266666666666666,optimal
2021-02-10 18:30:00,54,2,0.0,0.0,0.0,0.212,optimal
2021-02-10 19:00:00,54,2,0.0,0.23222222222222222,0.0,0.306,optimal
2021-02-10 19:30:00,54,2,0.6761689170983404,0.0,0.0,0.18930000000000002,optimal
2021-02-10 20:00:00,54,2,0.7979306059287499,0.0,0.0,0.2152666666666667,optimal
2021-02-10 20:30:00,54,2,0.0,0.0,0.0,0.123,optimal
2021-02-10 21:00:00,54,2,0.0,0.0,0.0,0.15009999999999998,optimal
2021-02-10 21:30:00,54,2,0.0,0.0,0.0,0.1057,optimal
2021-02-10 22:00:00,54,2,0.0,0.46444444444444444,0.0,0.14063333333333333,optimal
2021-02-10 22:30:00,54,2,0.0,0.23222222222222222,0.0,0.45330000000000004,optimal
2021-02-10 23:00:00,54,2,0.0,0.0,0.0,0.32189999999999996,optimal
2021-02-10 23:30:00,54,2,0.0,0.0,0.0,0.2125,optimal
2021-02-11 00:00:00,54,2,1.1428571428571428,0.0,0.0,0.06566666666666666,optimal
2021-02-11 00:30:00,54,2,1.1428571428571428,0.0,0.0,0.133,optimal
2021-02-11 01:00:00,54,2,1.1428571428571428,0.0,0.0,0.10790000000000001,optimal
2021-02-11 01:30:00,54,2,1.1428571428571428,0.0,0.0,0.2175,optimal
2021-02-11 02:00:00,54,2,1.1428571428571428,0.0,0.0,0.077,optimal
2021-02-11 02:30:00,54,2,1.1428571428571428,0.0,0.0,0.263,optimal
2021-02-11 03:00:00,54,2,1.1428571428571428,0.0,0.0,0.07840000000000001,optimal
2021-02-11 03:30:00,54,2,1.1428571428571428,0.0,0.0,0.061,optimal
2021-02-11 04:00:00,54,2,1.1428571428571428,0.0,0.0,0.097,optimal
2021-02-11 04:30:00,54,2,1.1428571428571428,0.0,0.0,0.2243,optimal
2021-02-11 05:00:00,54,2,1.1428571428571428,0.0,0.0,0.1331,optimal
2021-02-11 05:30:00,54,2,1.1428571428571428,0.0,0.0,0.081,optimal
2021-02-11 06:00:00,54,2,1.1428571428571428,0.0,0.0,0.2134,optimal
2021-02-11 06:30:00,54,2,1.1428571428571428,0.0,1.8036881490291243,0.12733333333333333,optimal
2021-02-11 07:00:00,54,2,1.1428571428571428,1.9351851851851851,10.0,0.225,optimal
2021-02-11 07:30:00,54,2,1.1428571428571428,2.568576840347186,0.0,0.2758333333333333,optimal
2021-02-11 08:00:00,54,2,0.8018496465557793,0.0,0.0,0.22740000000000002,optimal
2021-02-11 08:30:00,54,2,0.812628564615931,0.46444444444444444,0.0,0.2623666666666667,optimal
2021-02-11 09:00:00,54,2,0.6601502780463986,2.0899999999999994,0.0,0.5363333333333333,optimal
2021-02-11 09:30:00,54,2,0.5923517031942217,0.23222222222222222,0.0,1.7060666666666666,optimal
2021-02-11 10:00:00,54,2,0.48136036167923735,5.495925925925925,0.0,0.4224666666666666,optimal
2021-02-11 10:30:00,54,2,0.4935674624912886,0.5418518518518518,0.0,0.4167,optimal
2021-02-11 11:00:00,54,2,0.4703474184146063,0.0,0.0,0.30593333333333333,optimal
2021-02-11 11:30:00,54,2,0.3925194947805049,0.3096296296296296,0.0,0.5155,optimal
2021-02-11 12:00:00,54,2,0.5630911998965641,0.0,0.0,0.28713333333333335,optimal
2021-02-11 12:30:00,54,2,1.1428571428571428,0.5418518518518518,0.0,1.1565333333333334,optimal
2021-02-11 13:00:00,54,2,1.1428571428571428,0.0,0.0,0.8081,optimal
2021-02-11 13:30:00,54,2,1.1428571428571428,0.23222222222222222,0.0,0.23766666666666664,optimal
2021-02-11 14:00:00,54,2,1.1428571428571428,0.0,0.0,0.2117333333333333,optimal
2021-02-11 14:30:00,54,2,1.1428571428571428,0.0,0.0,0.30110000000000003,optimal
2021-02-11 15:00:00,54,2,1.1428571428571428,0.0,0.0,0.113,optimal
2021-02-11 15:30:00,54,2,1.1428571428571428,0.8932814814814815,0.0,0.21480000000000002,optimal
2021-02-11 16:00:00,54,2,0.0,0.11301481481481482,0.0,0.3399333333333333,optimal
2021-02-11 16:30:00,54,2,0.0,0.387037037037037,0.0,0.137,optimal
2021-02-11 17:00:00,54,2,0.0,2.4770370370370367,0.0,1.4602,optimal
2021-02-11 17:30:00,54,2,0.0,0.46444444444444444,0.0,0.258,optimal
2021-02-11 18:00:00,54,2,0.0,0.0,0.0,0.071,optimal
2021-02-11 18:30:00,54,2,0.0,0.0,0.0,0.2184,optimal
2021-02-11 19:00:00,54,2,0.0,0.0,0.0,0.071,optimal
2021-02-11 19:30:00,54,2,1.0618900104502014,0.0,0.0,0.1849,optimal
2021-02-11 20:00:00,54,2,1.0985140813741976,0.0,0.0,0.1765,optimal
2021-02-11 20:30:00,54,2,0.0,0.0,0.0,0.1433,optimal
2021-02-11 21:00:00,54,2,0.0,0.387037037037037,0.0,0.29756666666666665,optimal
2021-02-11 21:30:00,54,2,0.0,0.0,0.0,0.32776666666666665,optimal
2021-02-11 22:00:00,54,2,0.0,0.0,0.0,0.24806666666666663,optimal
2021-02-11 22:30:00,54,2,0.0,0.0,0.0,0.2958,optimal
2021-02-11 23:00:00,54,2,0.0,0.1548148148148148,0.0,0.2153333333333333,optimal
2021-02-11 23:30:00,54,2,0.0,0.0,0.0,0.2540666666666666,optimal
2021-02-12 00:00:00,54,2,1.1428571428571428,1.470740740740741,0.0,0.2531333333333333,optimal
2021-02-12 00:30:00,54,2,1.1428571428571428,0.0,0.0,0.19306666666666664,optimal
2021-02-12 01:00:00,54,2,1.1428571428571428,0.0,0.0,0.1215,optimal
2021-02-12 01:30:00,54,2,1.1428571428571428,0.0,0.0,0.18109999999999998,optimal
2021-02-12 02:00:00,54,2,1.1428571428571428,0.0,0.0,0.15696666666666667,optimal
2021-02-12 02:30:00,54,2,1.1428571428571428,0.0,0.0,0.12043333333333334,optimal
2021-02-12 03:00:00,54,2,1.1428571428571428,0.0,0.0,0.21513333333333332,optimal
2021-02-12 03:30:00,54,2,1.1428571428571428,0.0,0.0,0.064,optimal
2021-02-12 04:00:00,54,2,1.1428571428571428,0.0,0.0,0.08746666666666666,optimal
2021-02-12 04:30:00,54,2,1.1428571428571428,0.0,0.0,0.1696,optimal
2021-02-12 05:00:00,54,2,1.1428571428571428,0.0,0.0,0.1215,optimal
2021-02-12 05:30:00,54,2,1.1428571428571428,0.0,0.0,0.1517666666666667,optimal
2021-02-12 06:00:00,54,2,1.1428571428571428,0.0,0.0,0.15896666666666667,optimal
2021-02-12 06:30:00,54,2,1.1428571428571428,0.0,0.0,0.1143,optimal
2021-02-12 07:00:00,54,2,1.1428571428571428,1.0837037037037036,5.658819388768279,0.6491333333333333,optimal
2021-02-12 07:30:00,54,2,1.1428571428571428,5.452868004094028,0.0,2.192133333333333,optimal
2021-02-12 08:00:00,54,2,0.642842895798919,6.57962962962963,0.0,0.3914333333333333,optimal
2021-02-12 08:30:00,54,2,0.7207036754346803,0.46444444444444444,0.0,0.27536666666666665,optimal
2021-02-12 09:00:00,54,2,0.6485517385794303,4.257407407407407,0.0,0.30760000000000004,optimal
2021-02-12 09:30:00,54,2,0.5697307816336606,0.3096296296296296,0.0,0.5157333333333334,optimal
2021-02-12 10:00:00,54,2,0.45356331984299275,0.23222222222222222,0.0,0.4752,optimal
2021-02-12 10:30:00,54,2,0.29597699866671384,0.0,0.0,2.517733333333333,optimal
2021-02-12 11:00:00,54,2,0.3477005058051276,0.0,0.0,2.796,optimal
2021-02-12 11:30:00,54,2,0.41070245375333225,0.0,0.0,0.9711000000000001,optimal
2021-02-12 12:00:00,54,2,0.45576887823945106,0.0,0.0,0.10083333333333332,optimal
2021-02-12 12:30:00,54,2,0.4580108261876497,0.0,0.0,0.0855,optimal
2021-02-12 13:00:00,54,2,1.1428571428571428,0.0,0.0,0.4446,optimal
2021-02-12 13:30:00,54,2,1.1428571428571428,0.0,0.0,0.5304666666666666,optimal
2021-02-12 14:00:00,54,2,1.1428571428571428,0.0,0.0,0.35286666666666666,optimal
2021-02-12 14:30:00,54,2,1.1428571428571428,0.0,0.0,0.12093333333333334,optimal
2021-02-12 15:00:00,54,2,1.1428571428571428,0.0,0.0,0.22513333333333332,optimal
2021-02-12 15:30:00,54,2,1.1428571428571428,0.0,0.0,0.074,optimal
2021-02-12 16:00:00,54,2,0.0,0.0,0.0,0.3470666666666667,optimal
2021-02-12 16:30:00,54,2,0.0,0.1548148148148148,0.0,0.5339333333333333,optimal
2021-02-12 17:00:00,54,2,0.0,0.6192592592592592,0.0,0.38766666666666666,optimal
2021-02-12 17:30:00,54,2,0.0,0.23222222222222222,0.0,0.25730000000000003,optimal
2021-02-12 18:00:00,54,2,0.0,0.0774074074074074,0.0,0.3636666666666667,optimal
2021-02-12 18:30:00,54,2,0.0,0.1548148148148148,0.0,0.2902,optimal
2021-02-12 19:00:00,54,2,0.0,0.0,0.0,0.5318666666666667,optimal
2021-02-12 19:30:00,54,2,0.051963662239396795,0.0,0.0,0.4206666666666667,optimal
2021-02-12 20:00:00,54,2,0.2789346745703498,0.0,0.0,0.9672000000000001,optimal
2021-02-12 20:30:00,54,2,0.0,0.3096296296296296,0.0,0.7874,optimal
2021-02-12 21:00:00,54,2,0.0,0.387037037037037,0.0,0.5204666666666667,optimal
2021-02-12 21:30:00,54,2,0.0,0.0,0.0,0.6057333333333333,optimal
2021-02-12 22:00:00,54,2,0.0,0.0,0.0,0.12383333333333331,optimal
2021-02-12 22:30:00,54,2,0.0,0.0,0.0,0.11663333333333334,optimal
2021-02-12 23:00:00,54,2,0.0,0.0,0.0,0.17959999999999998,optimal
2021-02-12 23:30:00,54,2,0.0,0.0,0.0,0.2277333333333333,optimal
2021-02-13 00:00:00,54,2,0.0,0.0,0.0,0.063,optimal
2021-02-13 00:30:00,54,2,0.0,0.0,0.0,0.1814333333333333,optimal
2021-02-13 01:00:00,54,2,0.0,0.0774074074074074,0.0,0.4338,optimal
2021-02-13 01:30:00,54,2,0.23364432628748566,0.0,0.0,0.22066666666666662,optimal
2021-02-13 02:00:00,54,2,1.1428571428571428,0.0,0.0,0.6306,optimal
2021-02-13 02:30:00,54,2,1.1428571428571428,0.0,0.0,0.4071666666666667,optimal
2021-02-13 03:00:00,54,2,1.1428571428571428,0.0,0.0,0.4198,optimal
2021-02-13 03:30:00,54,2,1.1428571428571428,0.3096296296296296,0.0,0.30693333333333334,optimal
2021-02-13 04:00:00,54,2,1.1428571428571428,0.0,0.0,0.8486,optimal
2021-02-13 04:30:00,54,2,1.1428571428571428,6.889259259259259,0.0,1.0062666666666669,optimal
2021-02-13 05:00:00,54,2,1.1428571428571428,0.23222222222222222,0.0,0.9716666666666667,optimal
2021-02-13 05:30:00,54,2,1.1428571428571428,0.387037037037037,0.0,1.4155333333333333,optimal
2021-02-13 06:00:00,54,2,1.1428571428571428,0.23222222222222222,0.0,0.2773333333333333,optimal
2021-02-13 06:30:00,54,2,1.1428571428571428,0.23222222222222222,7.995936450593918,0.39080000000000004,optimal
2021-02-13 07:00:00,54,2,1.1428571428571428,0.1548148148148148,10.0,0.2802333333333333,optimal
2021-02-13 07:30:00,54,2,1.1428571428571428,2.5544444444444445,0.0,0.3241,optimal
2021-02-13 08:00:00,54,2,0.6510641027328486,0.46444444444444444,0.0,0.47706666666666664,optimal
2021-02-13 08:30:00,54,2,0.7655155744905804,0.0,0.0,0.2566666666666667,optimal
2021-02-13 09:00:00,54,2,0.8252295408822262,0.0,0.0,0.073,optimal
2021-02-13 09:30:00,54,2,0.8039630901470463,0.0,0.0,0.11,optimal
2021-02-13 10:00:00,54,2,0.6875960570774348,0.0,0.0,0.12233333333333331,optimal
2021-02-13 10:30:00,54,2,0.6995522907399194,0.0,0.0,0.073,optimal
2021-02-13 11:00:00,54,2,0.7106154095422209,0.0,0.0,0.1285,optimal
2021-02-13 11:30:00,54,2,1.1428571428571428,0.23222222222222222,0.0,0.3935,optimal
2021-02-13 12:00:00,54,2,1.1428571428571428,0.0,0.0,0.073,optimal
2021-02-13 12:30:00,54,2,1.1428571428571428,0.0,0.0,0.15933333333333335,optimal
2021-02-13 13:00:00,54,2,1.1428571428571428,0.0,0.0,0.073,optimal
2021-02-13 13:30:00,54,2,1.1428571428571428,0.0,0.0,0.073,optimal
2021-02-13 14:00:00,54,2,1.1428571428571428,0.0,0.0,0.15933333333333335,optimal
2021-02-13 14:30:00,54,2,1.1428571428571428,0.0,0.0,0.073,optimal
2021-02-13 15:00:00,54,2,1.1428571428571428,0.0,0.0,0.073,optimal
2021-02-13 15:30:00,54,2,1.1428571428571428,0.0,0.0,0.15933333333333335,optimal
2021-02-13 16:00:00,54,2,0.0,0.0,0.0,0.073,optimal
2021-02-13 16:30:00,54,2,0.0,0.0,0.0,0.14083333333333334,optimal
2021-02-13 17:00:00,54,2,0.0,0.0,0.0,0.7225,optimal
2021-02-13 17:30:00,54,2,0.0,0.23222222222222222,0.0,1.2535999999999998,optimal
2021-02-13 18:00:00,54,2,0.0,0.0,0.0,0.35336666666666666,optimal
2021-02-13 18:30:00,54,2,0.0,0.0,0.0,0.09766666666666668,optimal
2021-02-13 19:00:00,54,2,0.0,0.0,0.0,0.3206,optimal
2021-02-13 19:30:00,54,2,0.6693328561810371,0.0,0.0,0.427,optimal
2021-02-13 20:00:00,54,2,0.6960108650465342,0.1548148148148148,0.0,0.3499333333333333,optimal
2021-02-13 20:30:00,54,2,0.0,0.0,0.0,0.40186666666666665,optimal
2021-02-13 21:00:00,54,2,0.0,0.0,0.0,0.49369999999999997,optimal
2021-02-13 21:30:00,54,2,0.0,0.1548148148148148,0.0,0.4886333333333333,optimal
2021-02-13 22:00:00,54,2,0.0,0.0,0.0,0.39753333333333335,optimal
2021-02-13 22:30:00,54,2,0.0,0.6192592592592592,0.0,0.34676666666666667,optimal
2021-02-13 23:00:00,54,2,0.0,0.0,0.0,0.21430000000000002,optimal
2021-02-13 23:30:00,54,2,0.0,2.7866666666666666,0.0,0.30293333333333333,optimal
2021-02-07 00:00:00,55,2,0.0,0.0,0.0,0.058,optimal
2021-02-07 00:30:00,55,2,0.0,0.0,0.0,0.058,optimal
2021-02-07 01:00:00,55,2,0.0,0.0,0.0,0.058,optimal
2021-02-07 01:30:00,55,2,0.0,0.0,0.0,0.1306,optimal
2021-02-07 02:00:00,55,2,0.0,0.0,0.0,0.058,optimal
2021-02-07 02:30:00,55,2,0.0,0.0,0.0,0.1306,optimal
2021-02-07 03:00:00,55,2,0.0,0.0,0.0,0.058,optimal
2021-02-07 03:30:00,55,2,0.0,0.0,0.0,0.1306,optimal
2021-02-07 04:00:00,55,2,1.1428571428571428,0.0,0.0,0.06203333333333333,optimal
2021-02-07 04:30:00,55,2,1.1428571428571428,0.0,0.0,0.12656666666666666,optimal
2021-02-07 05:00:00,55,2,1.1428571428571428,0.0,0.0,0.058,optimal
2021-02-07 05:30:00,55,2,1.1428571428571428,0.0,0.0,0.13226666666666667,optimal
2021-02-07 06:00:00,55,2,1.1428571428571428,0.0,0.0,0.068,optimal
2021-02-07 06:30:00,55,2,1.1428571428571428,6.966666666666665,0.0,0.12426666666666668,optimal
2021-02-07 07:00:00,55,2,1.1428571428571428,0.46444444444444444,1.5052247886819266,0.21,optimal
2021-02-07 07:30:00,55,2,0.0,0.0,0.0,0.21,optimal
2021-02-07 08:00:00,55,2,0.08394377589734621,0.1548148148148148,0.0,0.5382333333333333,optimal
2021-02-07 08:30:00,55,2,0.5414069213990246,0.23222222222222222,0.0,0.35646666666666665,optimal
2021-02-07 09:00:00,55,2,0.48145975652550677,0.46444444444444444,0.0,0.27896666666666664,optimal
2021-02-07 09:30:00,55,2,0.38318741875942164,0.6966666666666667,0.0,0.46026666666666666,optimal
2021-02-07 10:00:00,55,2,0.42836152783449355,0.6192592592592592,0.0,0.21,optimal
2021-02-07 10:30:00,55,2,0.509496679557136,0.0,0.0,0.23016666666666663,optimal
2021-02-07 11:00:00,55,2,0.41236810266685775,0.1548148148148148,0.0,0.4562333333333333,optimal
2021-02-07 11:30:00,55,2,0.6496728645716114,0.0,0.0,0.068,optimal
2021-02-07 12:00:00,55,2,0.5969835643563985,0.0,0.0,0.1164,optimal
2021-02-07 12:30:00,55,2,0.6038978500706743,0.0,0.0,0.0922,optimal
2021-02-07 13:00:00,55,2,1.1428571428571428,0.0774074074074074,0.0,0.18456666666666663,optimal
2021-02-07 13:30:00,55,2,1.1428571428571428,0.0,0.0,0.14843333333333333,optimal
2021-02-07 14:00:00,55,2,1.1428571428571428,0.0,0.0,0.13633333333333333,optimal
2021-02-07 14:30:00,55,2,1.1428571428571428,0.0774074074074074,0.0,1.0358666666666665,optimal
2021-02-07 15:00:00,55,2,1.1428571428571428,0.0,0.0,0.29619999999999996,optimal
2021-02-07 15:30:00,55,2,1.1428571428571428,0.0,0.0,0.2502666666666667,optimal
2021-02-07 16:00:00,55,2,0.0,0.0,0.0,0.2008,optimal
2021-02-07 16:30:00,55,2,0.0,0.23222222222222222,0.0,0.24559999999999998,optimal
2021-02-07 17:00:00,55,2,0.0,0.387037037037037,0.0,0.28326666666666667,optimal
2021-02-07 17:30:00,55,2,0.0,0.387037037037037,0.0,0.31860000000000005,optimal
2021-02-07 18:00:00,55,2,0.0,0.1548148148148148,0.0,0.2964,optimal
2021-02-07 18:30:00,55,2,0.0,1.006296296296296,0.0,0.4446,optimal
2021-02-07 19:00:00,55,2,0.0,0.0,0.0,0.372,optimal
2021-02-07 19:30:00,55,2,0.14044790270582896,0.0,0.0,0.44439999999999996,optimal
2021-02-07 20:00:00,55,2,0.44155181286267736,0.0,0.0,0.378,optimal
2021-02-07 20:30:00,55,2,0.0,0.46444444444444444,0.0,0.5222,optimal
2021-02-07 21:00:00,55,2,0.0,0.0774074074074074,0.0,0.2934,optimal
2021-02-07 21:30:00,55,2,0.0,0.0,0.0,0.2524,optimal
2021-02-07 22:00:00,55,2,0.0,0.387037037037037,0.0,0.204,optimal
2021-02-07 22:30:00,55,2,0.0,0.1548148148148148,0.0,0.14076666666666668,optimal
2021-02-07 23:00:00,55,2,0.0,0.0,0.0,0.08009999999999999,optimal
2021-02-07 23:30:00,55,2,0.0,0.0,0.0,0.10366666666666668,optimal
2021-02-08 00:00:00,55,2,0.0,0.0,0.0,0.067,optimal
2021-02-08 00:30:00,55,2,0.0,0.0,0.0,0.067,optimal
2021-02-08 01:00:00,55,2,0.0,0.0,0.0,0.221,optimal
2021-02-08 01:30:00,55,2,0.1172367877394013,0.0,0.0,0.3759333333333333,optimal
2021-02-08 02:00:00,55,2,1.1428571428571428,0.3096296296296296,0.0,0.065,optimal
2021-02-08 02:30:00,55,2,1.1428571428571428,0.6966666666666667,0.0,0.065,optimal
2021-02-08 03:00:00,55,2,1.1428571428571428,0.0,0.0,0.3939333333333333,optimal
2021-02-08 03:30:00,55,2,1.1428571428571428,0.0,0.0,0.10933333333333331,optimal
2021-02-08 04:00:00,55,2,1.1428571428571428,0.0,0.0,0.1278,optimal
2021-02-08 04:30:00,55,2,1.1428571428571428,0.0,0.0,0.2666,optimal
2021-02-08 05:00:00,55,2,1.1428571428571428,0.0,0.0,0.067,optimal
2021-02-08 05:30:00,55,2,1.1428571428571428,0.0,9.037814871798567,0.143,optimal
2021-02-08 06:00:00,55,2,1.1428571428571428,0.0,10.0,0.1024,optimal
2021-02-08 06:30:00,55,2,1.1428571428571428,0.0,10.0,0.077,optimal
2021-02-08 07:00:00,55,2,1.1428571428571428,0.0,10.0,0.36119999999999997,optimal
2021-02-08 07:30:00,55,2,1.1428571428571428,0.0,0.0,0.3101333333333333,optimal
2021-02-08 08:00:00,55,2,0.5720197765916063,0.5418518518518518,0.0,0.322,optimal
2021-02-08 08:30:00,55,2,0.5574215949809266,2.39962962962963,0.0,0.31639999999999996,optimal
2021-02-08 09:00:00,55,2,0.7138223722464445,0.0,0.0,0.231,optimal
2021-02-08 09:30:00,55,2,0.7514053589481976,0.0,0.0,0.077,optimal
2021-02-08 10:00:00,55,2,0.645274129245781,0.0,0.0,0.119,optimal
2021-02-08 10:30:00,55,2,0.6012911425440383,0.0,0.0,0.2954,optimal
2021-02-08 11:00:00,55,2,0.5668496479234635,0.0,0.0,0.077,optimal
2021-02-08 11:30:00,55,2,0.49417163905796724,0.0,0.0,0.31639999999999996,optimal
2021-02-08 12:00:00,55,2,0.5200947406263832,0.0,0.0,0.098,optimal
2021-02-08 12:30:00,55,2,0.7167615574988991,0.0,0.0,0.077,optimal
2021-02-08 13:00:00,55,2,1.1428571428571428,0.0,0.0,0.231,optimal
2021-02-08 13:30:00,55,2,1.1428571428571428,0.0,0.0,0.1834,optimal
2021-02-08 14:00:00,55,2,1.1428571428571428,0.0,0.0,0.077,optimal
2021-02-08 14:30:00,55,2,1.1428571428571428,0.0,0.0,0.231,optimal
2021-02-08 15:00:00,55,2,1.1428571428571428,0.387037037037037,0.0,0.2513,optimal
2021-02-08 15:30:00,55,2,1.1428571428571428,0.387037037037037,0.0,0.24766666666666662,optimal
2021-02-08 16:00:00,55,2,0.0,0.0,0.0,0.288,optimal
2021-02-08 16:30:00,55,2,0.0,0.0774074074074074,0.0,0.3596333333333333,optimal
2021-02-08 17:00:00,55,2,0.0,0.46444444444444444,0.0,0.26723333333333327,optimal
2021-02-08 17:30:00,55,2,0.0,0.387037037037037,0.0,0.2329333333333333,optimal
2021-02-08 18:00:00,55,2,0.0,0.23222222222222222,0.0,0.3930666666666667,optimal
2021-02-08 18:30:00,55,2,0.0,5.728148148148147,0.0,0.11146666666666669,optimal
2021-02-08 19:00:00,55,2,0.0,0.1548148148148148,0.0,0.4528666666666667,optimal
2021-02-08 19:30:00,55,2,0.5061412093957143,0.0,0.0,0.4597,optimal
2021-02-08 20:00:00,55,2,0.525996317932061,0.1548148148148148,0.0,0.506,optimal
2021-02-08 20:30:00,55,2,0.0,0.0,0.0,0.2394,optimal
2021-02-08 21:00:00,55,2,0.0,0.0,0.0,0.269,optimal
2021-02-08 21:30:00,55,2,0.0,0.0,0.0,0.077,optimal
2021-02-08 22:00:00,55,2,0.0,0.0,0.0,0.1834,optimal
2021-02-08 22:30:00,55,2,0.0,0.0,0.0,0.203,optimal
2021-02-08 23:00:00,55,2,0.0,0.0,0.0,0.105,optimal
2021-02-08 23:30:00,55,2,0.0,0.0,0.0,0.07666666666666667,optimal
2021-02-09 00:00:00,55,2,0.0,0.0,0.0,0.064,optimal
2021-02-09 00:30:00,55,2,0.12308382192774316,0.0,0.0,0.08270000000000001,optimal
2021-02-09 01:00:00,55,2,1.1428571428571428,0.0,0.0,0.1824333333333333,optimal
2021-02-09 01:30:00,55,2,1.1428571428571428,0.0,0.0,0.064,optimal
2021-02-09 02:00:00,55,2,1.1428571428571428,0.0,0.0,0.20113333333333333,optimal
2021-02-09 02:30:00,55,2,1.1428571428571428,0.0,0.0,0.064,optimal
2021-02-09 03:00:00,55,2,1.1428571428571428,0.0,0.0,0.16996666666666665,optimal
2021-02-09 03:30:00,55,2,1.1428571428571428,0.0,0.0,0.09516666666666669,optimal
2021-02-09 04:00:00,55,2,1.1428571428571428,0.0,0.0,0.064,optimal
2021-02-09 04:30:00,55,2,1.1428571428571428,0.0,0.0,0.064,optimal
2021-02-09 05:00:00,55,2,1.1428571428571428,0.0,0.0,0.20113333333333333,optimal
2021-02-09 05:30:00,55,2,1.1428571428571428,0.0,0.0,0.064,optimal
2021-02-09 06:00:00,55,2,1.1428571428571428,0.0,0.0,0.18866666666666662,optimal
2021-02-09 06:30:00,55,2,1.1428571428571428,0.0,3.727588161317245,0.07713333333333335,optimal
2021-02-09 07:00:00,55,2,1.1428571428571428,0.0774074074074074,10.0,0.11653333333333332,optimal
2021-02-09 07:30:00,55,2,1.1428571428571428,0.3096296296296296,0.0,0.2502333333333333,optimal
2021-02-09 08:00:00,55,2,0.5793980468573003,0.6192592592592592,0.0,0.46903333333333336,optimal
2021-02-09 08:30:00,55,2,0.6188381764161998,0.3096296296296296,0.0,0.3262,optimal
2021-02-09 09:00:00,55,2,0.452111889873012,0.46444444444444444,0.0,0.8700666666666668,optimal
2021-02-09 09:30:00,55,2,0.4738626251812829,0.0,0.0,0.9611000000000001,optimal
2021-02-09 10:00:00,55,2,0.4166094120511006,0.0774074074074074,0.0,0.36810000000000004,optimal
2021-02-09 10:30:00,55,2,0.4573334375064025,0.0774074074074074,0.0,0.22080000000000002,optimal
2021-02-09 11:00:00,55,2,0.2925496394581128,0.23222222222222222,0.0,0.3549,optimal
2021-02-09 11:30:00,55,2,0.24685825407298434,0.23222222222222222,0.0,0.4553333333333333,optimal
2021-02-09 12:00:00,55,2,0.24432718479377724,0.0774074074074074,0.0,0.3841666666666667,optimal
2021-02-09 12:30:00,55,2,0.15708333208367045,0.0,0.0,1.9595666666666665,optimal
2021-02-09 13:00:00,55,2,1.1428571428571428,0.23222222222222222,0.0,0.4645666666666667,optimal
2021-02-09 13:30:00,55,2,1.1428571428571428,0.0,0.0,0.7345,optimal
2021-02-09 14:00:00,55,2,1.1428571428571428,0.0,0.0,1.0735333333333332,optimal
2021-02-09 14:30:00,55,2,1.1428571428571428,0.0774074074074074,0.0,1.2652333333333332,optimal
2021-02-09 15:00:00,55,2,1.1428571428571428,0.3096296296296296,0.0,0.2662,optimal
2021-02-09 15:30:00,55,2,1.1428571428571428,0.0,0.0,0.38539999999999996,optimal
2021-02-09 16:00:00,55,2,0.0,0.0774074074074074,0.0,0.39916666666666667,optimal
2021-02-09 16:30:00,55,2,0.0,0.0,0.0,0.2444,optimal
2021-02-09 17:00:00,55,2,0.0,0.387037037037037,0.0,0.4163,optimal
2021-02-09 17:30:00,55,2,0.0,0.0,0.0,1.7241666666666668,optimal
2021-02-09 18:00:00,55,2,0.0,0.23222222222222222,0.0,0.3668666666666667,optimal
2021-02-09 18:30:00,55,2,0.0,0.46444444444444444,0.0,0.5479666666666667,optimal
2021-02-09 19:00:00,55,2,0.0,0.5418518518518518,0.0,0.25610000000000005,optimal
2021-02-09 19:30:00,55,2,0.0,0.0,0.0,0.5374333333333333,optimal
2021-02-09 20:00:00,55,2,0.13155502253151458,0.1548148148148148,0.0,0.4043333333333333,optimal
2021-02-09 20:30:00,55,2,0.0,0.0,0.0,0.26339999999999997,optimal
2021-02-09 21:00:00,55,2,0.0,0.1548148148148148,0.0,0.2479,optimal
2021-02-09 21:30:00,55,2,0.0,0.0,0.0,0.17396666666666666,optimal
2021-02-09 22:00:00,55,2,0.0,0.0,0.0,0.074,optimal
2021-02-09 22:30:00,55,2,0.0,0.0,0.0,0.21113333333333334,optimal
2021-02-09 23:00:00,55,2,0.0,0.0,0.0,0.074,optimal
2021-02-09 23:30:00,55,2,0.0,0.0,0.0,0.14256666666666667,optimal
2021-02-10 00:00:00,55,2,0.0,0.0,0.0,0.056,optimal
2021-02-10 00:30:00,55,2,0.0,0.0,0.0,0.15669999999999998,optimal
2021-02-10 01:00:00,55,2,1.1345985429178906,0.0,0.0,0.1415,optimal
2021-02-10 01:30:00,55,2,1.1428571428571428,0.0,0.0,0.05766666666666666,optimal
2021-02-10 02:00:00,55,2,1.1428571428571428,0.0,0.0,0.1356,optimal
2021-02-10 02:30:00,55,2,1.1428571428571428,0.0,0.0,0.17293333333333333,optimal
2021-02-10 03:00:00,55,2,1.1428571428571428,0.0,0.0,0.1256,optimal
2021-02-10 03:30:00,55,2,1.1428571428571428,0.0,0.0,0.1408,optimal
2021-02-10 04:00:00,55,2,1.1428571428571428,0.0,0.0,0.09346666666666668,optimal
2021-02-10 04:30:00,55,2,1.1428571428571428,0.0,0.0,0.13093333333333335,optimal
2021-02-10 05:00:00,55,2,1.1428571428571428,0.0,0.0,0.1726,optimal
2021-02-10 05:30:00,55,2,1.1428571428571428,0.0,0.0,0.0792,optimal
2021-02-10 06:00:00,55,2,1.1428571428571428,0.0,0.0,0.10640000000000001,optimal
2021-02-10 06:30:00,55,2,1.1428571428571428,0.0,0.0,0.0925,optimal
2021-02-10 07:00:00,55,2,1.1428571428571428,0.3096296296296296,8.787577631323371,0.1441,optimal
2021-02-10 07:30:00,55,2,1.1428571428571428,0.387037037037037,0.0,0.112,optimal
2021-02-10 08:00:00,55,2,0.7346264424492088,0.0,0.0,0.32746666666666663,optimal
2021-02-10 08:30:00,55,2,0.8541009009086818,0.0,0.0,0.064,optimal
2021-02-10 09:00:00,55,2,0.7355185326169424,0.0,0.0,0.22203333333333333,optimal
2021-02-10 09:30:00,55,2,0.7650196577430864,0.0,0.0,0.0825,optimal
2021-02-10 10:00:00,55,2,0.6397805398422263,0.0,0.0,0.1256,optimal
2021-02-10 10:30:00,55,2,0.6199349551154066,0.0,0.0,0.1746,optimal
2021-02-10 11:00:00,55,2,0.5591956359752723,0.0,0.0,0.12013333333333334,optimal
2021-02-10 11:30:00,55,2,0.5523366747288286,0.0,0.0,0.12116666666666669,optimal
2021-02-10 12:00:00,55,2,1.078331532131602,0.0,0.0,0.12490000000000001,optimal
2021-02-10 12:30:00,55,2,1.1428571428571428,0.0,0.0,0.056,optimal
2021-02-10 13:00:00,55,2,1.1428571428571428,0.0,0.0,0.2422,optimal
2021-02-10 13:30:00,55,2,1.1428571428571428,0.0,0.0,0.056,optimal
2021-02-10 14:00:00,55,2,1.1428571428571428,0.0,0.0,0.24309999999999998,optimal
2021-02-10 14:30:00,55,2,1.1428571428571428,0.0,0.0,0.21109999999999998,optimal
2021-02-10 15:00:00,55,2,1.1428571428571428,0.0,0.0,0.05766666666666666,optimal
2021-02-10 15:30:00,55,2,1.1428571428571428,0.0,0.0,0.2363,optimal
2021-02-10 16:00:00,55,2,0.0,0.0,0.0,0.08023333333333334,optimal
2021-02-10 16:30:00,55,2,0.0,0.0,0.0,0.1256,optimal
2021-02-10 17:00:00,55,2,0.0,0.0,0.0,0.17426666666666668,optimal
2021-02-10 17:30:00,55,2,0.0,0.0,0.0,0.1124,optimal
2021-02-10 18:00:00,55,2,0.0,0.0,0.0,0.2675,optimal
2021-02-10 18:30:00,55,2,0.0,0.0774074074074074,0.0,0.15046666666666667,optimal
2021-02-10 19:00:00,55,2,0.0,0.23222222222222222,0.0,0.2206,optimal
2021-02-10 19:30:00,55,2,0.5451212980507145,0.1548148148148148,0.0,0.4823,optimal
2021-02-10 20:00:00,55,2,0.5216353678335198,0.23222222222222222,0.0,0.5592,optimal
2021-02-10 20:30:00,55,2,0.0,0.6192592592592592,0.0,0.5587666666666666,optimal
2021-02-10 21:00:00,55,2,0.0,0.0,0.0,0.19416666666666663,optimal
2021-02-10 21:30:00,55,2,0.0,0.0,0.0,0.3476666666666667,optimal
2021-02-10 22:00:00,55,2,0.0,0.0,0.0,3.462733333333333,optimal
2021-02-10 22:30:00,55,2,0.0,0.0,0.0,2.6784,optimal
2021-02-10 23:00:00,55,2,0.0,0.0,0.0,0.23553333333333334,optimal
2021-02-10 23:30:00,55,2,0.0,0.0,0.0,0.18059999999999998,optimal
2021-02-11 00:00:00,55,2,0.9150644276355481,0.1548148148148148,0.0,0.0875,optimal
2021-02-11 00:30:00,55,2,1.1428571428571428,0.0,0.0,0.12283333333333331,optimal
2021-02-11 01:00:00,55,2,1.1428571428571428,0.1548148148148148,0.0,0.12266666666666669,optimal
2021-02-11 01:30:00,55,2,1.1428571428571428,0.0,0.0,0.13853333333333334,optimal
2021-02-11 02:00:00,55,2,1.1428571428571428,0.0,0.0,0.2123333333333333,optimal
2021-02-11 02:30:00,55,2,1.1428571428571428,0.0,0.0,0.11636666666666666,optimal
2021-02-11 03:00:00,55,2,1.1428571428571428,0.0,0.0,0.08783333333333333,optimal
2021-02-11 03:30:00,55,2,1.1428571428571428,0.0,0.0,0.11993333333333334,optimal
2021-02-11 04:00:00,55,2,1.1428571428571428,0.0,0.0,0.15093333333333334,optimal
2021-02-11 04:30:00,55,2,1.1428571428571428,0.0,0.0,0.2142,optimal
2021-02-11 05:00:00,55,2,1.1428571428571428,0.0,0.0,0.07,optimal
2021-02-11 05:30:00,55,2,1.1428571428571428,0.0,0.0,0.28086666666666665,optimal
2021-02-11 06:00:00,55,2,1.1428571428571428,0.0,0.0,0.07,optimal
2021-02-11 06:30:00,55,2,1.1428571428571428,0.0,2.2227046471372085,0.2742,optimal
2021-02-11 07:00:00,55,2,1.1428571428571428,0.0,10.0,0.07666666666666667,optimal
2021-02-11 07:30:00,55,2,1.1428571428571428,0.0,0.0,0.11,optimal
2021-02-11 08:00:00,55,2,0.8664686941748309,0.0,0.0,0.1802333333333333,optimal
2021-02-11 08:30:00,55,2,0.7899714217587946,0.0,0.0,0.1806333333333333,optimal
2021-02-11 09:00:00,55,2,0.4879426589987796,0.23222222222222222,0.0,0.35746666666666665,optimal
2021-02-11 09:30:00,55,2,0.14086598890851296,0.3096296296296296,0.0,3.2421666666666664,optimal
2021-02-11 10:00:00,55,2,0.15006131406018353,0.1548148148148148,0.0,1.2248333333333332,optimal
2021-02-11 10:30:00,55,2,0.6057407958246186,0.0,0.0,0.28063333333333335,optimal
2021-02-11 11:00:00,55,2,0.5177188469860353,0.0,0.0,0.19096666666666667,optimal
2021-02-11 11:30:00,55,2,0.14428520906620879,0.3096296296296296,0.0,1.5810666666666666,optimal
2021-02-11 12:00:00,55,2,0.2705981760405182,0.3096296296296296,0.0,0.2907666666666667,optimal
2021-02-11 12:30:00,55,2,0.22341397555762751,0.1548148148148148,0.0,1.3396666666666668,optimal
2021-02-11 13:00:00,55,2,0.3377068334971799,0.23222222222222222,0.0,1.2563666666666666,optimal
2021-02-11 13:30:00,55,2,1.1428571428571428,0.0,0.0,1.2440666666666667,optimal
2021-02-11 14:00:00,55,2,1.1428571428571428,0.1548148148148148,0.0,1.6050666666666666,optimal
2021-02-11 14:30:00,55,2,1.1428571428571428,0.3096296296296296,0.0,0.3132,optimal
2021-02-11 15:00:00,55,2,1.1428571428571428,0.0,0.0,0.3897333333333334,optimal
2021-02-11 15:30:00,55,2,1.1428571428571428,0.5418518518518518,0.0,0.9680666666666669,optimal
2021-02-11 16:00:00,55,2,0.0,0.46444444444444444,0.0,1.4308333333333332,optimal
2021-02-11 16:30:00,55,2,0.0,0.0,0.0,1.449266666666667,optimal
2021-02-11 17:00:00,55,2,0.0,0.0,0.0,1.4056,optimal
2021-02-11 17:30:00,55,2,0.0,0.1548148148148148,0.0,2.4158666666666666,optimal
2021-02-11 18:00:00,55,2,0.0,0.23222222222222222,0.0,0.39913333333333334,optimal
2021-02-11 18:30:00,55,2,0.0,0.3096296296296296,0.0,0.5230666666666667,optimal
2021-02-11 19:00:00,55,2,0.0,0.0774074074074074,0.0,0.4541,optimal
2021-02-11 19:30:00,55,2,0.0,0.0,0.0,0.35736666666666667,optimal
2021-02-11 20:00:00,55,2,0.0,0.0,0.0,0.28313333333333335,optimal
2021-02-11 20:30:00,55,2,0.0,0.0774074074074074,0.0,0.19123333333333328,optimal
2021-02-11 21:00:00,55,2,0.0,0.0,0.0,0.11453333333333332,optimal
2021-02-11 21:30:00,55,2,0.0,0.0,0.0,0.37903333333333333,optimal
2021-02-11 22:00:00,55,2,0.0,0.0,0.0,0.1759,optimal
2021-02-11 22:30:00,55,2,0.0,0.0,0.0,0.242,optimal
2021-02-11 23:00:00,55,2,0.0,0.0,0.0,0.2777333333333333,optimal
2021-02-11 23:30:00,55,2,0.0,0.0,0.0,0.16383333333333333,optimal
2021-02-12 00:00:00,55,2,1.1428571428571428,0.0,0.0,0.06,optimal
2021-02-12 00:30:00,55,2,1.1428571428571428,0.0,0.0,0.06,optimal
2021-02-12 01:00:00,55,2,1.1428571428571428,0.0,0.0,0.1565,optimal
2021-02-12 01:30:00,55,2,1.1428571428571428,0.0,0.0,0.10503333333333331,optimal
2021-02-12 02:00:00,55,2,1.1428571428571428,0.0,0.0,0.06,optimal
2021-02-12 02:30:00,55,2,1.1428571428571428,0.0,0.0,0.20153333333333334,optimal
2021-02-12 03:00:00,55,2,1.1428571428571428,0.0,0.0,0.06,optimal
2021-02-12 03:30:00,55,2,1.1428571428571428,0.0,0.0,0.0986,optimal
2021-02-12 04:00:00,55,2,1.1428571428571428,0.0,0.0,0.16293333333333335,optimal
2021-02-12 04:30:00,55,2,1.1428571428571428,0.0,0.0,0.06,optimal
2021-02-12 05:00:00,55,2,1.1428571428571428,0.0,0.0,0.12433333333333331,optimal
2021-02-12 05:30:00,55,2,1.1428571428571428,0.0,0.0,0.1372,optimal
2021-02-12 06:00:00,55,2,1.1428571428571428,0.0,0.0,0.06,optimal
2021-02-12 06:30:00,55,2,1.1428571428571428,0.0,0.0,0.1726,optimal
2021-02-12 07:00:00,55,2,1.1428571428571428,0.0,0.0,0.09893333333333333,optimal
2021-02-12 07:30:00,55,2,1.1428571428571428,7.734524074977606,0.0,0.1044,optimal
2021-02-12 08:00:00,55,2,0.7757095624655828,2.5544444444444445,0.0,0.36006666666666665,optimal
2021-02-12 08:30:00,55,2,0.7926655801965853,0.1548148148148148,0.0,0.23683333333333328,optimal
2021-02-12 09:00:00,55,2,0.5956945957222823,6.966666666666666,0.0,1.4915666666666667,optimal
2021-02-12 09:30:00,55,2,0.5358679244908024,0.0,0.0,0.6315666666666667,optimal
2021-02-12 10:00:00,55,2,0.28914427222395367,2.941481481481482,0.0,1.7643666666666666,optimal
2021-02-12 10:30:00,55,2,0.043108427238137986,0.0,0.0,1.6583333333333332,optimal
2021-02-12 11:00:00,55,2,0.1327881248527514,0.0,0.0,0.9371333333333333,optimal
2021-02-12 11:30:00,55,2,0.0,0.7167925925925925,0.0,2.5987666666666667,optimal
2021-02-12 12:00:00,55,2,0.08588442314596899,4.85654074074074,0.0,2.2009666666666665,optimal
2021-02-12 12:30:00,55,2,0.23420660518837946,0.23222222222222222,0.0,2.726333333333333,optimal
2021-02-12 13:00:00,55,2,1.1428571428571428,0.0,8.973859780351312,0.9779,optimal
2021-02-12 13:30:00,55,2,1.1428571428571428,0.0,0.0,0.16293333333333335,optimal
2021-02-12 14:00:00,55,2,1.1428571428571428,0.0,0.0,0.3311,optimal
2021-02-12 14:30:00,55,2,1.1428571428571428,0.1548148148148148,0.0,1.8373333333333333,optimal
2021-02-12 15:00:00,55,2,1.1428571428571428,0.0,0.0,2.558,optimal
2021-02-12 15:30:00,55,2,1.1428571428571428,0.0,0.0,1.1038,optimal
2021-02-12 16:00:00,55,2,0.0,0.0,0.0,0.17293333333333333,optimal
2021-02-12 16:30:00,55,2,0.0,0.0,0.0,0.07,optimal
2021-02-12 17:00:00,55,2,0.0,0.0,0.0,0.21153333333333332,optimal
2021-02-12 17:30:00,55,2,0.0,0.0,0.0,1.4651666666666667,optimal
2021-02-12 18:00:00,55,2,0.0,0.23222222222222222,0.0,0.5426666666666666,optimal
2021-02-12 18:30:00,55,2,0.0,0.0774074074074074,0.0,0.4881666666666667,optimal
2021-02-12 19:00:00,55,2,0.0,0.0,0.0,0.5249666666666667,optimal
2021-02-12 19:30:00,55,2,0.5943899990381778,0.0774074074074074,0.0,0.45239999999999997,optimal
2021-02-12 20:00:00,55,2,0.5592870555227302,0.0,0.0,0.44776666666666665,optimal
2021-02-12 20:30:00,55,2,0.0,0.0,0.0,0.3182,optimal
2021-02-12 21:00:00,55,2,0.0,0.0,0.0,0.30060000000000003,optimal
2021-02-12 21:30:00,55,2,0.0,0.0774074074074074,0.0,0.21209999999999998,optimal
2021-02-12 22:00:00,55,2,0.0,2.2448148148148146,0.0,0.34113333333333334,optimal
2021-02-12 22:30:00,55,2,0.0,0.0,0.0,0.24803333333333333,optimal
2021-02-12 23:00:00,55,2,0.0,0.0,0.0,0.20966666666666664,optimal
2021-02-12 23:30:00,55,2,0.0,0.0,0.0,0.07,optimal
2021-02-13 00:00:00,55,2,0.0,0.0,0.0,0.096,optimal
2021-02-13 00:30:00,55,2,0.0,0.0,0.0,0.25606666666666666,optimal
2021-02-13 01:00:00,55,2,0.8306089507861415,0.0,0.0,0.0733,optimal
2021-02-13 01:30:00,55,2,1.1428571428571428,0.0,0.0,0.2794333333333333,optimal
2021-02-13 02:00:00,55,2,1.1428571428571428,0.0,0.0,0.0733,optimal
2021-02-13 02:30:00,55,2,1.1428571428571428,0.0,0.0,0.20096666666666668,optimal
2021-02-13 03:00:00,55,2,1.1428571428571428,0.0,0.0,0.13946666666666666,optimal
2021-02-13 03:30:00,55,2,1.1428571428571428,0.0,0.0,0.1348,optimal
2021-02-13 04:00:00,55,2,1.1428571428571428,0.0,0.0,0.11806666666666667,optimal
2021-02-13 04:30:00,55,2,1.1428571428571428,0.0,0.0,0.18546666666666667,optimal
2021-02-13 05:00:00,55,2,1.1428571428571428,0.0,0.0,0.1102,optimal
2021-02-13 05:30:00,55,2,1.1428571428571428,0.0,0.0,0.0938,optimal
2021-02-13 06:00:00,55,2,1.1428571428571428,0.0,0.0,0.20786666666666667,optimal
2021-02-13 06:30:00,55,2,1.1428571428571428,0.0,1.0005505654185611,0.16906666666666667,optimal
2021-02-13 07:00:00,55,2,1.1428571428571428,0.1548148148148148,10.0,1.0443333333333333,optimal
2021-02-13 07:30:00,55,2,1.1428571428571428,0.46444444444444444,0.0,1.1829333333333334,optimal
2021-02-13 08:00:00,55,2,0.6470260074947527,7.044074074074074,0.0,0.4628,optimal
2021-02-13 08:30:00,55,2,0.8427346221096248,0.0,0.0,0.13153333333333334,optimal
2021-02-13 09:00:00,55,2,0.7618771599298536,0.0,0.0,0.29353333333333337,optimal
2021-02-13 09:30:00,55,2,0.8147630901470554,0.0,0.0,0.071,optimal
2021-02-13 10:00:00,55,2,0.6713484380298151,0.0,0.0,0.178,optimal
2021-02-13 10:30:00,55,2,0.6644284812161105,0.0,0.0,0.19473333333333329,optimal
2021-02-13 11:00:00,55,2,0.5675382755750351,0.0,0.0,0.10666666666666669,optimal
2021-02-13 11:30:00,55,2,0.5409421282851365,0.0,0.0,0.19226666666666667,optimal
2021-02-13 12:00:00,55,2,0.5035115409967883,0.0,0.0,0.1448,optimal
2021-02-13 12:30:00,55,2,0.3906240083217605,0.1548148148148148,0.0,0.3779333333333333,optimal
2021-02-13 13:00:00,55,2,1.1428571428571428,0.0,0.0,0.2948,optimal
2021-02-13 13:30:00,55,2,1.1428571428571428,0.0,0.0,0.3898333333333333,optimal
2021-02-13 14:00:00,55,2,1.1428571428571428,0.0774074074074074,0.0,0.6178666666666667,optimal
2021-02-13 14:30:00,55,2,1.1428571428571428,0.0,0.0,0.4338,optimal
2021-02-13 15:00:00,55,2,1.1428571428571428,0.23222222222222222,0.0,0.47093333333333326,optimal
2021-02-13 15:30:00,55,2,1.1428571428571428,0.774074074074074,0.0,0.2720666666666667,optimal
2021-02-13 16:00:00,55,2,0.0,0.6966666666666667,0.0,0.4209666666666666,optimal
2021-02-13 16:30:00,55,2,0.0,0.0774074074074074,0.0,0.32543333333333335,optimal
2021-02-13 17:00:00,55,2,0.0,0.23222222222222222,0.0,0.4061,optimal
2021-02-13 17:30:00,55,2,0.0,0.1548148148148148,0.0,0.3939333333333333,optimal
2021-02-13 18:00:00,55,2,0.0,0.1548148148148148,0.0,0.2739,optimal
2021-02-13 18:30:00,55,2,0.0,0.23222222222222222,0.0,0.5193333333333334,optimal
2021-02-13 19:00:00,55,2,0.0,0.0,0.0,0.6971,optimal
2021-02-13 19:30:00,55,2,0.0,0.0,0.0,0.3843666666666667,optimal
2021-02-13 20:00:00,55,2,0.2420782938801694,0.3096296296296296,0.0,0.5402333333333333,optimal
2021-02-13 20:30:00,55,2,0.0,0.0,0.0,0.42160000000000003,optimal
2021-02-13 21:00:00,55,2,0.0,0.0,0.0,1.4070666666666667,optimal
2021-02-13 21:30:00,55,2,0.0,0.0,0.0,0.6102666666666666,optimal
2021-02-13 22:00:00,55,2,0.0,2.5544444444444445,0.0,1.284,optimal
2021-02-13 22:30:00,55,2,0.0,0.0,0.0,0.3541,optimal
2021-02-13 23:00:00,55,2,0.0,0.0,0.0,0.26063333333333333,optimal
2021-02-13 23:30:00,55,2,0.0,0.0,0.0,0.31939999999999996,optimal
2021-02-07 00:00:00,56,2,0.0,0.0,0.0,0.2827333333333333,optimal
2021-02-07 00:30:00,56,2,0.0,0.0,0.0,0.2443333333333333,optimal
2021-02-07 01:00:00,56,2,0.0,0.0,0.0,0.048,optimal
2021-02-07 01:30:00,56,2,0.0,0.0,0.0,0.16016666666666665,optimal
2021-02-07 02:00:00,56,2,0.0,0.0,0.0,0.2396,optimal
2021-02-07 02:30:00,56,2,0.0,0.0,0.0,0.1925,optimal
2021-02-07 03:00:00,56,2,0.0,0.23222222222222222,0.0,0.3701333333333333,optimal
2021-02-07 03:30:00,56,2,0.0,0.1548148148148148,0.0,0.7153666666666667,optimal
2021-02-07 04:00:00,56,2,1.1428571428571428,0.0,0.0,0.3133,optimal
2021-02-07 04:30:00,56,2,1.1428571428571428,0.1548148148148148,1.0059910524886182,0.3272,optimal
2021-02-07 05:00:00,56,2,1.1428571428571428,0.0,0.0,0.15733333333333335,optimal
2021-02-07 05:30:00,56,2,1.1428571428571428,0.0,0.0,0.15333333333333335,optimal
2021-02-07 06:00:00,56,2,1.1428571428571428,0.0,0.0,0.0685,optimal
2021-02-07 06:30:00,56,2,1.1428571428571428,0.0,0.0,0.26843333333333336,optimal
2021-02-07 07:00:00,56,2,1.1428571428571428,0.0,0.0,0.07906666666666666,optimal
2021-02-07 07:30:00,56,2,0.0,0.0,0.0,0.22783333333333328,optimal
2021-02-07 08:00:00,56,2,0.0,0.0,0.0,0.14383333333333334,optimal
2021-02-07 08:30:00,56,2,0.05478418128940535,2.0899999999999994,0.0,0.31726666666666664,optimal
2021-02-07 09:00:00,56,2,0.4977778517636033,0.0,0.0,1.0295999999999998,optimal
2021-02-07 09:30:00,56,2,0.5628636092356165,0.0774074074074074,0.0,0.057,optimal
2021-02-07 10:00:00,56,2,0.4571900992630755,0.0774074074074074,0.0,0.2542666666666667,optimal
2021-02-07 10:30:00,56,2,0.3266566795571374,0.0,0.0,0.7012,optimal
2021-02-07 11:00:00,56,2,0.3223242931430399,0.46444444444444444,0.0,1.3474666666666666,optimal
2021-02-07 11:30:00,56,2,0.435596674095431,0.0,0.0,0.2528,optimal
2021-02-07 12:00:00,56,2,0.3186521357849599,0.0,0.0,0.4372,optimal
2021-02-07 12:30:00,56,2,0.4082749929278217,0.1548148148148148,0.0,0.1714,optimal
2021-02-07 13:00:00,56,2,1.1428571428571428,0.1548148148148148,0.0,0.7807333333333334,optimal
2021-02-07 13:30:00,56,2,1.1428571428571428,0.46444444444444444,0.0,1.6060999999999999,optimal
2021-02-07 14:00:00,56,2,1.1428571428571428,0.0,0.0,0.094,optimal
2021-02-07 14:30:00,56,2,1.1428571428571428,0.0,0.0,0.29733333333333334,optimal
2021-02-07 15:00:00,56,2,1.1428571428571428,0.23222222222222222,0.0,0.13156666666666667,optimal
2021-02-07 15:30:00,56,2,1.1428571428571428,0.1548148148148148,0.0,0.18780000000000002,optimal
2021-02-07 16:00:00,56,2,0.0,0.0,0.0,0.5943666666666667,optimal
2021-02-07 16:30:00,56,2,0.0,0.0,0.0,0.24780000000000002,optimal
2021-02-07 17:00:00,56,2,0.0,0.0,0.0,0.38726666666666665,optimal
2021-02-07 17:30:00,56,2,0.0,0.0,0.0,0.25939999999999996,optimal
2021-02-07 18:00:00,56,2,0.0,5.805555555555555,0.0,0.37,optimal
2021-02-07 18:30:00,56,2,0.0,0.0,0.0,0.5661333333333334,optimal
2021-02-07 19:00:00,56,2,0.0,0.1548148148148148,0.0,0.46086666666666665,optimal
2021-02-07 19:30:00,56,2,0.0,0.0,0.0,0.3821,optimal
2021-02-07 20:00:00,56,2,0.4004313547081864,0.0774074074074074,0.0,0.2909333333333333,optimal
2021-02-07 20:30:00,56,2,0.0,0.0,0.0,0.3775,optimal
2021-02-07 21:00:00,56,2,0.0,0.0,0.0,0.3690333333333334,optimal
2021-02-07 21:30:00,56,2,0.0,0.0,0.0,0.21156666666666663,optimal
2021-02-07 22:00:00,56,2,0.0,0.0,0.0,0.6052333333333334,optimal
2021-02-07 22:30:00,56,2,0.0,0.1548148148148148,0.0,0.3333,optimal
2021-02-07 23:00:00,56,2,0.0,0.0,0.0,0.5134333333333333,optimal
2021-02-07 23:30:00,56,2,0.0,0.0774074074074074,0.0,0.3635,optimal
2021-02-08 00:00:00,56,2,0.0,2.0899999999999994,0.0,0.05926666666666667,optimal
2021-02-08 00:30:00,56,2,0.0,0.0,0.0,0.1827666666666667,optimal
2021-02-08 01:00:00,56,2,0.0,0.0,0.0,0.1397,optimal
2021-02-08 01:30:00,56,2,0.0,0.0,0.0,0.14126666666666668,optimal
2021-02-08 02:00:00,56,2,0.7346953292888733,0.0,0.0,0.26780000000000004,optimal
2021-02-08 02:30:00,56,2,1.1428571428571428,0.0,0.0,0.10113333333333334,optimal
2021-02-08 03:00:00,56,2,1.1428571428571428,0.0,0.0,0.17373333333333332,optimal
2021-02-08 03:30:00,56,2,1.1428571428571428,0.0,0.0,0.1891,optimal
2021-02-08 04:00:00,56,2,1.1428571428571428,0.0,0.0,0.20383333333333328,optimal
2021-02-08 04:30:00,56,2,1.1428571428571428,0.0,0.0,0.16253333333333334,optimal
2021-02-08 05:00:00,56,2,1.1428571428571428,0.0,0.0,0.13846666666666668,optimal
2021-02-08 05:30:00,56,2,1.1428571428571428,0.0,2.00794721249975,0.19563333333333333,optimal
2021-02-08 06:00:00,56,2,1.1428571428571428,0.0,10.0,0.38546666666666657,optimal
2021-02-08 06:30:00,56,2,1.1428571428571428,0.0,10.0,0.23013333333333333,optimal
2021-02-08 07:00:00,56,2,1.1428571428571428,1.7803703703703702,10.0,0.3698,optimal
2021-02-08 07:30:00,56,2,1.1428571428571428,0.6192592592592592,0.0,0.3067,optimal
2021-02-08 08:00:00,56,2,0.5619340623058933,0.5418518518518518,0.0,0.3066333333333333,optimal
2021-02-08 08:30:00,56,2,0.6435834997428218,0.23222222222222222,0.0,0.1035,optimal
2021-02-08 09:00:00,56,2,0.4861271341512021,0.23222222222222222,0.0,0.19226666666666667,optimal
2021-02-08 09:30:00,56,2,0.6111596446624773,0.387037037037037,0.0,0.937,optimal
2021-02-08 10:00:00,56,2,0.5107503197219808,0.0,0.0,0.17083333333333334,optimal
2021-02-08 10:30:00,56,2,0.44971019016308683,0.3096296296296296,0.0,0.6053333333333334,optimal
2021-02-08 11:00:00,56,2,0.05285917173299865,0.0,0.0,2.2051666666666665,optimal
2021-02-08 11:30:00,56,2,0.3602859247722583,0.0,0.0,0.502,optimal
2021-02-08 12:00:00,56,2,0.4019423596740078,0.0,0.0,0.3512,optimal
2021-02-08 12:30:00,56,2,0.7832433599216918,0.8514814814814814,0.0,0.257,optimal
2021-02-08 13:00:00,56,2,1.1428571428571428,0.0,0.0,0.12406666666666666,optimal
2021-02-08 13:30:00,56,2,1.1428571428571428,0.0,0.0,0.26780000000000004,optimal
2021-02-08 14:00:00,56,2,1.1428571428571428,0.0,0.0,0.061,optimal
2021-02-08 14:30:00,56,2,1.1428571428571428,0.0,0.0,0.3257333333333333,optimal
2021-02-08 15:00:00,56,2,1.1428571428571428,0.0,0.0,0.4154666666666666,optimal
2021-02-08 15:30:00,56,2,1.1428571428571428,0.0,0.0,0.4131666666666667,optimal
2021-02-08 16:00:00,56,2,0.0,0.387037037037037,0.0,0.8148333333333334,optimal
2021-02-08 16:30:00,56,2,0.0,0.5418518518518518,0.0,0.2119,optimal
2021-02-08 17:00:00,56,2,0.0,0.0,0.0,0.3198333333333333,optimal
2021-02-08 17:30:00,56,2,0.0,0.0,0.0,0.17673333333333333,optimal
2021-02-08 18:00:00,56,2,0.0,0.387037037037037,0.0,0.3485,optimal
2021-02-08 18:30:00,56,2,0.0,0.3096296296296296,0.0,0.7098,optimal
2021-02-08 19:00:00,56,2,0.0,0.0,0.0,0.13673333333333332,optimal
2021-02-08 19:30:00,56,2,0.6812935903480966,0.23222222222222222,0.0,0.2265,optimal
2021-02-08 20:00:00,56,2,0.7776915560273,0.0,0.0,0.25056666666666666,optimal
2021-02-08 20:30:00,56,2,0.0,0.0,0.0,0.09326666666666668,optimal
2021-02-08 21:00:00,56,2,0.0,0.0,0.0,0.3158,optimal
2021-02-08 21:30:00,56,2,0.0,0.0774074074074074,0.0,0.1346,optimal
2021-02-08 22:00:00,56,2,0.0,0.0,0.0,0.22206666666666663,optimal
2021-02-08 22:30:00,56,2,0.0,0.5418518518518518,0.0,1.4465999999999999,optimal
2021-02-08 23:00:00,56,2,0.0,0.0,0.0,0.2681,optimal
2021-02-08 23:30:00,56,2,0.0,0.0,0.0,0.07246666666666667,optimal
2021-02-09 00:00:00,56,2,0.0,0.0,0.0,0.064,optimal
2021-02-09 00:30:00,56,2,0.0,0.0,0.0,0.1288,optimal
2021-02-09 01:00:00,56,2,0.3196242301368737,0.0,0.0,0.28876666666666667,optimal
2021-02-09 01:30:00,56,2,1.1428571428571428,0.0,0.0,0.1437,optimal
2021-02-09 02:00:00,56,2,1.1428571428571428,0.0,0.0,0.13353333333333334,optimal
2021-02-09 02:30:00,56,2,1.1428571428571428,0.0,0.0,0.23413333333333333,optimal
2021-02-09 03:00:00,56,2,1.1428571428571428,0.0,0.0,0.064,optimal
2021-02-09 03:30:00,56,2,1.1428571428571428,0.23222222222222222,0.0,0.5823333333333334,optimal
2021-02-09 04:00:00,56,2,1.1428571428571428,0.3096296296296296,0.0,0.09709999999999999,optimal
2021-02-09 04:30:00,56,2,1.1428571428571428,0.5418518518518518,0.0,0.08363333333333334,optimal
2021-02-09 05:00:00,56,2,1.1428571428571428,0.0,0.0,0.34726666666666667,optimal
2021-02-09 05:30:00,56,2,1.1428571428571428,0.0,0.0,0.064,optimal
2021-02-09 06:00:00,56,2,1.1428571428571428,0.0,0.0,0.1884333333333333,optimal
2021-02-09 06:30:00,56,2,1.1428571428571428,0.0,0.04914909956937663,0.24403333333333332,optimal
2021-02-09 07:00:00,56,2,1.1428571428571428,0.0,10.0,0.07033333333333333,optimal
2021-02-09 07:30:00,56,2,1.1428571428571428,0.0,0.0,0.21680000000000002,optimal
2021-02-09 08:00:00,56,2,0.7582647135239634,0.0,0.0,0.1635,optimal
2021-02-09 08:30:00,56,2,0.6719619859400002,0.0,0.0,0.25676666666666664,optimal
2021-02-09 09:00:00,56,2,0.6431328422539653,2.0899999999999994,0.0,0.1378,optimal
2021-02-09 09:30:00,56,2,0.5433464347050873,0.0,0.0,0.3244666666666666,optimal
2021-02-09 10:00:00,56,2,0.37324750728919803,0.3096296296296296,0.0,0.4065,optimal
2021-02-09 10:30:00,56,2,0.12369534226830835,0.0774074074074074,0.0,1.7271666666666667,optimal
2021-02-09 11:00:00,56,2,0.1501686870771612,0.0,0.0,0.8954333333333333,optimal
2021-02-09 11:30:00,56,2,0.13558968264440968,0.1548148148148148,0.0,0.9174333333333332,optimal
2021-02-09 12:00:00,56,2,0.17650242288901463,0.387037037037037,0.0,0.36556666666666665,optimal
2021-02-09 12:30:00,56,2,0.17033666541700976,0.1548148148148148,0.0,0.3436,optimal
2021-02-09 13:00:00,56,2,1.1428571428571428,0.0,0.0,0.6372333333333333,optimal
2021-02-09 13:30:00,56,2,1.1428571428571428,0.0,0.0,0.307,optimal
2021-02-09 14:00:00,56,2,1.1428571428571428,0.0,0.0,0.365,optimal
2021-02-09 14:30:00,56,2,1.1428571428571428,0.0,0.0,0.1752,optimal
2021-02-09 15:00:00,56,2,1.1428571428571428,0.0,0.0,0.2526,optimal
2021-02-09 15:30:00,56,2,1.1428571428571428,0.0,0.0,0.1842666666666667,optimal
2021-02-09 16:00:00,56,2,0.0,0.0,0.0,0.15719999999999998,optimal
2021-02-09 16:30:00,56,2,0.0,0.0,0.0,0.26726666666666665,optimal
2021-02-09 17:00:00,56,2,0.0,0.0,0.0,0.18519999999999998,optimal
2021-02-09 17:30:00,56,2,0.0,0.0,0.0,0.18130000000000002,optimal
2021-02-09 18:00:00,56,2,0.0,0.1548148148148148,0.0,0.7077,optimal
2021-02-09 18:30:00,56,2,0.0,0.387037037037037,0.0,1.761,optimal
2021-02-09 19:00:00,56,2,0.0,0.0,0.0,0.5754,optimal
2021-02-09 19:30:00,56,2,0.18874180556689135,0.0,0.0,1.7102666666666668,optimal
2021-02-09 20:00:00,56,2,0.4189205593188547,0.0,0.0,1.7580333333333333,optimal
2021-02-09 20:30:00,56,2,0.0,0.387037037037037,0.0,1.0433,optimal
2021-02-09 21:00:00,56,2,0.0,0.0,0.0,0.4665,optimal
2021-02-09 21:30:00,56,2,0.0,0.0,0.0,0.6512,optimal
2021-02-09 22:00:00,56,2,0.0,0.0774074074074074,0.0,0.6116,optimal
2021-02-09 22:30:00,56,2,0.0,0.0,0.0,0.9912666666666667,optimal
2021-02-09 23:00:00,56,2,0.0,0.0,0.0,0.7057666666666667,optimal
2021-02-09 23:30:00,56,2,0.0,0.0,0.0,0.4497333333333334,optimal
2021-02-10 00:00:00,56,2,0.0,0.0,0.0,0.2032,optimal
2021-02-10 00:30:00,56,2,0.0,0.0,0.0,0.15786666666666668,optimal
2021-02-10 01:00:00,56,2,0.0,0.0,0.0,0.0878,optimal
2021-02-10 01:30:00,56,2,0.7202848144652665,0.0,0.0,0.2322,optimal
2021-02-10 02:00:00,56,2,1.1428571428571428,0.0,0.0,0.11973333333333332,optimal
2021-02-10 02:30:00,56,2,1.1428571428571428,0.0,0.0,0.2132,optimal
2021-02-10 03:00:00,56,2,1.1428571428571428,0.0,0.0,0.15853333333333333,optimal
2021-02-10 03:30:00,56,2,1.1428571428571428,0.0,0.0,0.1802,optimal
2021-02-10 04:00:00,56,2,1.1428571428571428,0.0,0.0,0.10746666666666668,optimal
2021-02-10 04:30:00,56,2,1.1428571428571428,0.0,0.0,0.15206666666666666,optimal
2021-02-10 05:00:00,56,2,1.1428571428571428,0.0,0.0,0.2132,optimal
2021-02-10 05:30:00,56,2,1.1428571428571428,0.0,0.0,0.11326666666666668,optimal
2021-02-10 06:00:00,56,2,1.1428571428571428,0.0,0.0,0.2584666666666666,optimal
2021-02-10 06:30:00,56,2,1.1428571428571428,0.0,1.3392417454287093,0.06666666666666667,optimal
2021-02-10 07:00:00,56,2,1.1428571428571428,5.495925925925925,10.0,0.2093333333333333,optimal
2021-02-10 07:30:00,56,2,1.1428571428571428,0.46444444444444444,0.0,0.1738,optimal
2021-02-10 08:00:00,56,2,0.7936854900682536,0.23222222222222222,0.0,0.13290000000000002,optimal
2021-02-10 08:30:00,56,2,0.804548519956303,0.0,0.0,0.2389333333333333,optimal
2021-02-10 09:00:00,56,2,0.763804246902657,0.0,0.0,0.1262,optimal
2021-02-10 09:30:00,56,2,0.7341625148859413,0.0,0.0,0.2,optimal
2021-02-10 10:00:00,56,2,0.6293138731755592,0.0,0.0,0.17173333333333332,optimal
2021-02-10 10:30:00,56,2,0.644992097972545,0.0,0.0,0.09440000000000001,optimal
2021-02-10 11:00:00,56,2,0.540005159784795,0.0,0.0,0.18680000000000002,optimal
2021-02-10 11:30:00,56,2,0.5438033413954894,0.0,0.0,0.15853333333333333,optimal
2021-02-10 12:00:00,56,2,0.43064053582298184,0.0,0.0,0.2132,optimal
2021-02-10 12:30:00,56,2,0.9846969439799768,0.0,0.0,0.10679999999999999,optimal
2021-02-10 13:00:00,56,2,1.1428571428571428,0.0,0.0,0.11973333333333332,optimal
2021-02-10 13:30:00,56,2,1.1428571428571428,0.0,0.0,0.068,optimal
2021-02-10 14:00:00,56,2,1.1428571428571428,0.0,0.0,0.2583333333333333,optimal
2021-02-10 14:30:00,56,2,1.1428571428571428,0.0,0.0,0.1134,optimal
2021-02-10 15:00:00,56,2,1.1428571428571428,0.0,0.0,0.068,optimal
2021-02-10 15:30:00,56,2,1.1428571428571428,0.0,0.0,0.3037333333333333,optimal
2021-02-10 16:00:00,56,2,0.0,0.0,0.0,0.068,optimal
2021-02-10 16:30:00,56,2,0.0,0.5418518518518518,0.0,0.29560000000000003,optimal
2021-02-10 17:00:00,56,2,0.0,0.0,0.0,0.4065666666666667,optimal
2021-02-10 17:30:00,56,2,0.0,0.1548148148148148,0.0,1.5333666666666665,optimal
2021-02-10 18:00:00,56,2,0.0,0.0,0.0,1.6968333333333332,optimal
2021-02-10 18:30:00,56,2,0.0,0.0,0.0,0.38326666666666664,optimal
2021-02-10 19:00:00,56,2,0.0,0.0,0.0,1.1646333333333334,optimal
2021-02-10 19:30:00,56,2,0.6812641551935782,0.3096296296296296,0.0,0.40563333333333335,optimal
2021-02-10 20:00:00,56,2,0.6377877487859015,0.0,0.0,0.5797333333333333,optimal
2021-02-10 20:30:00,56,2,0.0,0.0774074074074074,0.0,0.36710000000000004,optimal
2021-02-10 21:00:00,56,2,0.0,0.0,0.0,0.5999666666666666,optimal
2021-02-10 21:30:00,56,2,0.0,0.0,0.0,0.2707,optimal
2021-02-10 22:00:00,56,2,0.0,0.0,0.0,0.41869999999999996,optimal
2021-02-10 22:30:00,56,2,0.0,0.0,0.0,0.4451666666666667,optimal
2021-02-10 23:00:00,56,2,0.0,0.0,0.0,0.35406666666666664,optimal
2021-02-10 23:30:00,56,2,0.0,0.0,0.0,0.068,optimal
2021-02-11 00:00:00,56,2,1.1428571428571428,0.0,0.0,0.063,optimal
2021-02-11 00:30:00,56,2,1.1428571428571428,0.0,0.0,0.063,optimal
2021-02-11 01:00:00,56,2,1.1428571428571428,0.0,0.0,0.19196666666666667,optimal
2021-02-11 01:30:00,56,2,1.1428571428571428,0.0,0.0,0.1033,optimal
2021-02-11 02:00:00,56,2,1.1428571428571428,0.0,0.0,0.063,optimal
2021-02-11 02:30:00,56,2,1.1428571428571428,0.0,0.0,0.15966666666666665,optimal
2021-02-11 03:00:00,56,2,1.1428571428571428,0.0,0.0,0.11946666666666668,optimal
2021-02-11 03:30:00,56,2,1.1428571428571428,0.0,0.0,0.10813333333333335,optimal
2021-02-11 04:00:00,56,2,1.1428571428571428,0.0,0.0,0.13066666666666665,optimal
2021-02-11 04:30:00,56,2,1.1428571428571428,0.0,0.0,0.1356,optimal
2021-02-11 05:00:00,56,2,1.1428571428571428,0.0,0.0,0.063,optimal
2021-02-11 05:30:00,56,2,1.1428571428571428,0.0,0.0,0.1275333333333333,optimal
2021-02-11 06:00:00,56,2,1.1428571428571428,0.23222222222222222,0.0,0.1139,optimal
2021-02-11 06:30:00,56,2,1.1428571428571428,0.46444444444444444,8.056385310274894,0.2961666666666667,optimal
2021-02-11 07:00:00,56,2,1.1428571428571428,2.39962962962963,10.0,1.4025999999999998,optimal
2021-02-11 07:30:00,56,2,1.1428571428571428,1.1188952289952083,0.0,0.2871,optimal
2021-02-11 08:00:00,56,2,0.7030210751272012,2.692229629629629,0.0,0.2531333333333333,optimal
2021-02-11 08:30:00,56,2,0.639039993187355,4.351844444444444,0.0,0.6495333333333333,optimal
2021-02-11 09:00:00,56,2,0.6188264685225864,1.9553111111111114,0.0,0.48219999999999996,optimal
2021-02-11 09:30:00,56,2,0.35408694128946716,3.7728370370370365,0.0,2.644766666666667,optimal
2021-02-11 10:00:00,56,2,0.6104327426316161,0.0,0.0,0.10683333333333331,optimal
2021-02-11 10:30:00,56,2,0.6116817482055674,0.0,0.0,0.1923,optimal
2021-02-11 11:00:00,56,2,0.5660864660336565,0.0,0.0,0.10363333333333334,optimal
2021-02-11 11:30:00,56,2,0.4258394947804955,0.0,0.0,0.7108666666666666,optimal
2021-02-11 12:00:00,56,2,0.1099543665167099,0.23222222222222222,0.0,1.8464666666666667,optimal
2021-02-11 12:30:00,56,2,0.21348064222428903,0.9288888888888889,0.0,0.5594666666666667,optimal
2021-02-11 13:00:00,56,2,0.1986366615669037,0.0,0.0,0.5271,optimal
2021-02-11 13:30:00,56,2,0.8567910200719195,0.23222222222222222,0.0,0.37846666666666656,optimal
2021-02-11 14:00:00,56,2,1.1428571428571428,0.1548148148148148,0.0,1.7572999999999999,optimal
2021-02-11 14:30:00,56,2,1.1428571428571428,0.0,0.0,4.467,optimal
2021-02-11 15:00:00,56,2,1.1428571428571428,0.0774074074074074,0.0,3.1946666666666665,optimal
2021-02-11 15:30:00,56,2,1.1428571428571428,0.3096296296296296,0.0,0.47273333333333334,optimal
2021-02-11 16:00:00,56,2,0.0,0.1548148148148148,0.0,0.5902333333333334,optimal
2021-02-11 16:30:00,56,2,0.0,0.387037037037037,0.0,0.6212000000000001,optimal
2021-02-11 17:00:00,56,2,0.0,2.631851851851852,0.0,0.5294,optimal
2021-02-11 17:30:00,56,2,0.0,0.23222222222222222,0.0,0.7646000000000001,optimal
2021-02-11 18:00:00,56,2,0.0,0.387037037037037,0.0,0.38106666666666666,optimal
2021-02-11 18:30:00,56,2,0.0,0.0774074074074074,0.0,0.5982000000000001,optimal
2021-02-11 19:00:00,56,2,0.0,0.1548148148148148,0.0,0.41433333333333333,optimal
2021-02-11 19:30:00,56,2,0.0,0.0,0.0,1.4618,optimal
2021-02-11 20:00:00,56,2,0.0,0.3096296296296296,0.0,1.6332,optimal
2021-02-11 20:30:00,56,2,0.0,0.0,0.0,0.417,optimal
2021-02-11 21:00:00,56,2,0.0,0.23222222222222222,0.0,0.17893333333333333,optimal
2021-02-11 21:30:00,56,2,0.0,0.0,0.0,0.4957,optimal
2021-02-11 22:00:00,56,2,0.0,0.6192592592592592,0.0,0.3115333333333334,optimal
2021-02-11 22:30:00,56,2,0.0,0.0,0.0,0.15516666666666665,optimal
2021-02-11 23:00:00,56,2,0.0,0.0,0.0,0.1359,optimal
2021-02-11 23:30:00,56,2,0.0,0.0,0.0,0.1457,optimal
2021-02-12 00:00:00,56,2,1.1428571428571428,0.0,0.0,0.055,optimal
2021-02-12 00:30:00,56,2,1.1428571428571428,0.0,0.0,0.055,optimal
2021-02-12 01:00:00,56,2,1.1428571428571428,0.0,0.0,0.175,optimal
2021-02-12 01:30:00,56,2,1.1428571428571428,0.0,0.0,0.1833333333333333,optimal
2021-02-12 02:00:00,56,2,1.1428571428571428,0.0,0.0,0.055,optimal
2021-02-12 02:30:00,56,2,1.1428571428571428,0.0,0.0,0.21,optimal
2021-02-12 03:00:00,56,2,1.1428571428571428,0.0,0.0,0.14833333333333334,optimal
2021-02-12 03:30:00,56,2,1.1428571428571428,0.0,0.0,0.055,optimal
2021-02-12 04:00:00,56,2,1.1428571428571428,0.0,0.0,0.055,optimal
2021-02-12 04:30:00,56,2,1.1428571428571428,0.0,0.0,0.21,optimal
2021-02-12 05:00:00,56,2,1.1428571428571428,0.0,0.0,0.153,optimal
2021-02-12 05:30:00,56,2,1.1428571428571428,0.0,0.0,0.179,optimal
2021-02-12 06:00:00,56,2,1.1428571428571428,0.0,6.607906940795778,0.14833333333333334,optimal
2021-02-12 06:30:00,56,2,1.1428571428571428,0.0,10.0,0.09,optimal
2021-02-12 07:00:00,56,2,1.1428571428571428,0.0,10.0,0.12533333333333332,optimal
2021-02-12 07:30:00,56,2,1.1428571428571428,7.5115049623066,0.0,0.23166666666666663,optimal
2021-02-12 08:00:00,56,2,0.9242048005608292,0.3096296296296296,0.0,0.0562,optimal
2021-02-12 08:30:00,56,2,0.8697131992442011,0.0,0.0,0.185,optimal
2021-02-12 09:00:00,56,2,0.6715669766746676,0.46444444444444444,0.0,1.5119,optimal
2021-02-12 09:30:00,56,2,0.6441193530622317,0.0,0.0,0.7178666666666667,optimal
2021-02-12 10:00:00,56,2,0.3927995103191879,0.5418518518518518,0.0,1.298,optimal
2021-02-12 10:30:00,56,2,0.3957941415238502,0.0,0.0,0.9556666666666667,optimal
2021-02-12 11:00:00,56,2,0.499980505805132,0.0,0.0,0.15059999999999998,optimal
2021-02-12 11:30:00,56,2,0.4547843585152354,0.0,0.0,0.3541,optimal
2021-02-12 12:00:00,56,2,0.43288887823945144,0.0,0.0,0.1847333333333333,optimal
2021-02-12 12:30:00,56,2,0.4326393976162234,0.0,0.0,0.16766666666666666,optimal
2021-02-12 13:00:00,56,2,1.1428571428571428,0.0,0.0,0.146,optimal
2021-02-12 13:30:00,56,2,1.1428571428571428,0.0,0.0,0.4353333333333333,optimal
2021-02-12 14:00:00,56,2,1.1428571428571428,0.1548148148148148,0.0,0.35910000000000003,optimal
2021-02-12 14:30:00,56,2,1.1428571428571428,0.0,0.0,0.6615333333333333,optimal
2021-02-12 15:00:00,56,2,1.1428571428571428,0.0774074074074074,0.0,1.0377333333333332,optimal
2021-02-12 15:30:00,56,2,1.1428571428571428,0.0,0.0,0.2439,optimal
2021-02-12 16:00:00,56,2,0.0,0.1548148148148148,0.0,0.3990666666666667,optimal
2021-02-12 16:30:00,56,2,0.0,0.0,0.0,0.2468333333333333,optimal
2021-02-12 17:00:00,56,2,0.0,0.0774074074074074,0.0,0.11473333333333333,optimal
2021-02-12 17:30:00,56,2,0.0,0.0,0.0,0.3092,optimal
2021-02-12 18:00:00,56,2,0.0,0.0,0.0,0.2843333333333333,optimal
2021-02-12 18:30:00,56,2,0.0,0.3096296296296296,0.0,0.3693333333333333,optimal
2021-02-12 19:00:00,56,2,0.0,0.3096296296296296,0.0,0.3303333333333333,optimal
2021-02-12 19:30:00,56,2,0.0,0.0,0.0,0.4493333333333333,optimal
2021-02-12 20:00:00,56,2,0.055713599259403626,0.387037037037037,0.0,0.3266,optimal
2021-02-12 20:30:00,56,2,0.0,0.0,0.0,0.4473333333333333,optimal
2021-02-12 21:00:00,56,2,0.0,0.0,0.0,0.5239666666666667,optimal
2021-02-12 21:30:00,56,2,0.0,2.7866666666666666,0.0,0.27593333333333336,optimal
2021-02-12 22:00:00,56,2,0.0,0.0,0.0,0.33043333333333336,optimal
2021-02-12 22:30:00,56,2,0.0,0.0,0.0,0.24056666666666662,optimal
2021-02-12 23:00:00,56,2,0.0,3.173703703703704,0.0,0.2454,optimal
2021-02-12 23:30:00,56,2,0.0,0.0,0.0,0.3953333333333333,optimal
2021-02-13 00:00:00,56,2,0.0,2.012592592592592,0.0,0.08433333333333333,optimal
2021-02-13 00:30:00,56,2,0.0,0.23222222222222222,0.0,0.12933333333333336,optimal
2021-02-13 01:00:00,56,2,1.0742197959097453,0.0,0.0,0.063,optimal
2021-02-13 01:30:00,56,2,1.1428571428571428,0.0,0.0,0.063,optimal
2021-02-13 02:00:00,56,2,1.1428571428571428,0.0,0.0,0.063,optimal
2021-02-13 02:30:00,56,2,1.1428571428571428,0.0,0.0,0.063,optimal
2021-02-13 03:00:00,56,2,1.1428571428571428,0.0,0.0,0.063,optimal
2021-02-13 03:30:00,56,2,1.1428571428571428,0.0,0.0,0.063,optimal
2021-02-13 04:00:00,56,2,1.1428571428571428,0.0,0.0,0.063,optimal
2021-02-13 04:30:00,56,2,1.1428571428571428,0.0,0.0,0.063,optimal
2021-02-13 05:00:00,56,2,1.1428571428571428,0.0,0.0,0.063,optimal
2021-02-13 05:30:00,56,2,1.1428571428571428,0.0,0.0,0.063,optimal
2021-02-13 06:00:00,56,2,1.1428571428571428,0.0,0.0,0.063,optimal
2021-02-13 06:30:00,56,2,1.1428571428571428,0.0,0.0,0.063,optimal
2021-02-13 07:00:00,56,2,1.1428571428571428,0.0,0.0,0.063,optimal
2021-02-13 07:30:00,56,2,1.1428571428571428,0.0,0.0,0.072,optimal
2021-02-13 08:00:00,56,2,0.8412641027328494,0.0,0.0,0.067,optimal
2021-02-13 08:30:00,56,2,0.8012203363953415,0.0,0.0,0.10833333333333331,optimal
2021-02-13 09:00:00,56,2,0.7069914456441304,0.5418518518518518,0.0,0.08246666666666667,optimal
2021-02-13 09:30:00,56,2,0.5541802330041993,0.1548148148148148,0.0,2.9471999999999996,optimal
2021-02-13 10:00:00,56,2,0.5370951046964902,0.0,0.0,0.3733666666666667,optimal
2021-02-13 10:30:00,56,2,0.49482848121611334,0.0,0.0,1.644,optimal
2021-02-13 11:00:00,56,2,0.34622779938455084,0.387037037037037,0.0,0.3929333333333333,optimal
2021-02-13 11:30:00,56,2,0.3501649854279943,0.1548148148148148,0.0,0.3261,optimal
2021-02-13 12:00:00,56,2,0.2959782076634566,0.23222222222222222,0.0,0.1843333333333333,optimal
2021-02-13 12:30:00,56,2,0.23150972260747257,0.1548148148148148,0.0,1.7574666666666667,optimal
2021-02-13 13:00:00,56,2,1.1428571428571428,0.5418518518518518,0.0,0.095,optimal
2021-02-13 13:30:00,56,2,1.1428571428571428,0.3096296296296296,0.0,0.1027,optimal
2021-02-13 14:00:00,56,2,1.1428571428571428,0.3096296296296296,0.0,0.2746,optimal
2021-02-13 14:30:00,56,2,1.1428571428571428,0.1548148148148148,0.3628374934743904,1.8493333333333333,optimal
2021-02-13 15:00:00,56,2,1.1428571428571428,0.1548148148148148,10.0,0.6971333333333333,optimal
2021-02-13 15:30:00,56,2,1.1428571428571428,0.0,0.0,1.4280333333333333,optimal
2021-02-13 16:00:00,56,2,0.0,0.1548148148148148,0.0,0.8989333333333333,optimal
2021-02-13 16:30:00,56,2,0.0,0.1548148148148148,0.0,1.3248,optimal
2021-02-13 17:00:00,56,2,0.0,0.5418518518518518,0.0,0.351,optimal
2021-02-13 17:30:00,56,2,0.0,0.0774074074074074,0.0,0.351,optimal
2021-02-13 18:00:00,56,2,0.0,1.548148148148148,0.0,0.3866,optimal
2021-02-13 18:30:00,56,2,0.0,0.9288888888888889,0.0,1.9963333333333333,optimal
2021-02-13 19:00:00,56,2,0.0,0.23222222222222222,0.0,0.45146666666666657,optimal
2021-02-13 19:30:00,56,2,0.3327285130299173,0.0774074074074074,0.0,2.1409333333333334,optimal
2021-02-13 20:00:00,56,2,0.4960584840941626,0.1548148148148148,0.0,2.1864,optimal
2021-02-13 20:30:00,56,2,0.0,0.23222222222222222,0.0,0.44846666666666657,optimal
2021-02-13 21:00:00,56,2,0.0,0.0,0.0,0.3703333333333333,optimal
2021-02-13 21:30:00,56,2,0.0,0.0,0.0,0.3839333333333333,optimal
2021-02-13 22:00:00,56,2,0.0,0.23222222222222222,0.0,0.369,optimal
2021-02-13 22:30:00,56,2,0.0,0.3096296296296296,0.0,0.1524,optimal
2021-02-13 23:00:00,56,2,0.0,0.0,0.0,0.073,optimal
2021-02-13 23:30:00,56,2,0.0,0.0,0.0,0.073,optimal
2021-02-07 00:00:00,57,2,0.0,0.0,0.0,0.054,optimal
2021-02-07 00:30:00,57,2,0.0,0.0,0.0,0.054,optimal
2021-02-07 01:00:00,57,2,0.0,0.0,0.0,0.054,optimal
2021-02-07 01:30:00,57,2,0.0,0.0,0.0,0.054,optimal
2021-02-07 02:00:00,57,2,0.0,0.0,0.0,0.054,optimal
2021-02-07 02:30:00,57,2,0.0,0.0,0.0,0.054,optimal
2021-02-07 03:00:00,57,2,0.0,0.0,0.0,0.054,optimal
2021-02-07 03:30:00,57,2,0.0,0.0,0.0,0.054,optimal
2021-02-07 04:00:00,57,2,1.1428571428571428,0.0,0.0,0.054,optimal
2021-02-07 04:30:00,57,2,1.1428571428571428,0.0,0.0,0.054,optimal
2021-02-07 05:00:00,57,2,1.1428571428571428,0.0,0.0,0.054,optimal
2021-02-07 05:30:00,57,2,1.1428571428571428,0.0,0.0,0.054,optimal
2021-02-07 06:00:00,57,2,1.1428571428571428,0.0,0.0,0.054,optimal
2021-02-07 06:30:00,57,2,1.1428571428571428,0.0,0.0,0.054,optimal
2021-02-07 07:00:00,57,2,1.1428571428571428,0.3096296296296296,1.8089900112525021,0.2447333333333333,optimal
2021-02-07 07:30:00,57,2,0.0,4.179999999999999,0.0,0.075,optimal
2021-02-07 08:00:00,57,2,0.48156832050912923,0.0,0.0,0.0732,optimal
2021-02-07 08:30:00,57,2,0.5871402547323598,0.0774074074074074,0.0,0.062,optimal
2021-02-07 09:00:00,57,2,0.568631185096932,0.23222222222222222,0.0,0.07959999999999999,optimal
2021-02-07 09:30:00,57,2,0.5635778949499008,0.0,0.0,0.20333333333333328,optimal
2021-02-07 10:00:00,57,2,0.4844377183106906,0.0,0.0,0.33516666666666667,optimal
2021-02-07 10:30:00,57,2,0.5126681081285731,0.1548148148148148,0.0,0.22066666666666662,optimal
2021-02-07 11:00:00,57,2,0.5052728645716119,0.0,0.0,0.216,optimal
2021-02-07 11:30:00,57,2,0.6092728645716209,0.0,0.0,0.11,optimal
2021-02-07 12:00:00,57,2,0.9673238224531141,0.0,0.0,0.064,optimal
2021-02-07 12:30:00,57,2,1.1428571428571428,0.0,0.0,0.064,optimal
2021-02-07 13:00:00,57,2,1.1428571428571428,0.0,0.0,0.064,optimal
2021-02-07 13:30:00,57,2,1.1428571428571428,0.0,0.0,0.064,optimal
2021-02-07 14:00:00,57,2,1.1428571428571428,0.0,0.0,0.064,optimal
2021-02-07 14:30:00,57,2,1.1428571428571428,0.0,0.0,0.064,optimal
2021-02-07 15:00:00,57,2,1.1428571428571428,0.0,0.0,0.064,optimal
2021-02-07 15:30:00,57,2,1.1428571428571428,0.0,0.0,0.103,optimal
2021-02-07 16:00:00,57,2,0.0,0.0,0.0,0.181,optimal
2021-02-07 16:30:00,57,2,0.0,0.0774074074074074,0.0,0.5251333333333333,optimal
2021-02-07 17:00:00,57,2,0.0,0.23222222222222222,0.0,0.335,optimal
2021-02-07 17:30:00,57,2,0.0,0.0,0.0,0.3046666666666667,optimal
2021-02-07 18:00:00,57,2,0.0,0.46444444444444444,0.0,0.2703666666666667,optimal
2021-02-07 18:30:00,57,2,0.0,0.6192592592592592,0.0,0.3244666666666666,optimal
2021-02-07 19:00:00,57,2,0.0,0.23222222222222222,0.0,0.2425,optimal
2021-02-07 19:30:00,57,2,0.5653137176245888,0.0,0.0,0.22166666666666662,optimal
2021-02-07 20:00:00,57,2,0.6093899081007756,0.3096296296296296,0.0,0.20866666666666664,optimal
2021-02-07 20:30:00,57,2,0.0,0.0,0.0,0.17546666666666666,optimal
2021-02-07 21:00:00,57,2,0.0,0.0,0.0,0.3904333333333333,optimal
2021-02-07 21:30:00,57,2,0.0,0.0,0.0,0.24113333333333334,optimal
2021-02-07 22:00:00,57,2,0.0,0.46444444444444444,0.0,0.5354333333333333,optimal
2021-02-07 22:30:00,57,2,0.0,0.0,0.0,0.2776,optimal
2021-02-07 23:00:00,57,2,0.0,0.0,0.0,0.0869,optimal
2021-02-07 23:30:00,57,2,0.0,0.0,0.0,0.059333333333333335,optimal
2021-02-08 00:00:00,57,2,0.0,0.0,0.0,0.0856,optimal
2021-02-08 00:30:00,57,2,0.0,0.0,0.0,0.28286666666666666,optimal
2021-02-08 01:00:00,57,2,0.0,0.0,0.0,0.139,optimal
2021-02-08 01:30:00,57,2,0.6198070008688331,0.0,0.0,0.11320000000000001,optimal
2021-02-08 02:00:00,57,2,1.1428571428571428,0.0,0.0,0.2356,optimal
2021-02-08 02:30:00,57,2,1.1428571428571428,0.0,0.0,0.058,optimal
2021-02-08 03:00:00,57,2,1.1428571428571428,0.0,0.0,0.25630000000000003,optimal
2021-02-08 03:30:00,57,2,1.1428571428571428,0.0,0.0,0.1025,optimal
2021-02-08 04:00:00,57,2,1.1428571428571428,0.0,0.0,0.2848,optimal
2021-02-08 04:30:00,57,2,1.1428571428571428,0.0,0.0,0.166,optimal
2021-02-08 05:00:00,57,2,1.1428571428571428,0.0,0.0,0.15866666666666665,optimal
2021-02-08 05:30:00,57,2,1.1428571428571428,0.0,0.0,0.14033333333333334,optimal
2021-02-08 06:00:00,57,2,1.1428571428571428,0.0,0.0,0.17423333333333332,optimal
2021-02-08 06:30:00,57,2,1.1428571428571428,0.0,2.7443328926728174,0.2839,optimal
2021-02-08 07:00:00,57,2,1.1428571428571428,0.0,10.0,0.12846666666666667,optimal
2021-02-08 07:30:00,57,2,1.1428571428571428,0.0,0.0,0.21059999999999998,optimal
2021-02-08 08:00:00,57,2,0.6735340623058929,2.2448148148148146,0.0,0.31553333333333333,optimal
2021-02-08 08:30:00,57,2,0.6583454045047339,0.0,0.0,0.19966666666666663,optimal
2021-02-08 09:00:00,57,2,0.5393842770083467,0.0,0.0,0.36469999999999997,optimal
2021-02-08 09:30:00,57,2,0.5401386922815307,0.0,0.0,0.3569333333333333,optimal
2021-02-08 10:00:00,57,2,0.4713503197219811,0.5418518518518518,0.0,0.3032333333333333,optimal
2021-02-08 10:30:00,57,2,0.4440149520678426,0.0,0.0,0.4373,optimal
2021-02-08 11:00:00,57,2,0.3031258383996569,0.0,0.0,0.6358666666666667,optimal
2021-02-08 11:30:00,57,2,0.2509335438198744,0.0,0.0,0.9002333333333333,optimal
2021-02-08 12:00:00,57,2,0.3753518834835262,0.1548148148148148,0.0,0.3891,optimal
2021-02-08 12:30:00,57,2,0.346129199085861,0.0774074074074074,0.0,0.48610000000000003,optimal
2021-02-08 13:00:00,57,2,1.1428571428571428,0.0,0.0,0.5633666666666667,optimal
2021-02-08 13:30:00,57,2,1.1428571428571428,0.0,0.0,0.28956666666666664,optimal
2021-02-08 14:00:00,57,2,1.1428571428571428,0.387037037037037,0.0,0.29946666666666666,optimal
2021-02-08 14:30:00,57,2,1.1428571428571428,0.0,0.0,0.17553333333333332,optimal
2021-02-08 15:00:00,57,2,1.1428571428571428,0.0,0.0,0.066,optimal
2021-02-08 15:30:00,57,2,1.1428571428571428,0.1548148148148148,0.0,0.17216666666666666,optimal
2021-02-08 16:00:00,57,2,0.0,0.1548148148148148,0.0,0.2414333333333333,optimal
2021-02-08 16:30:00,57,2,0.0,0.46444444444444444,0.0,1.7825,optimal
2021-02-08 17:00:00,57,2,0.0,0.0,0.0,0.396,optimal
2021-02-08 17:30:00,57,2,0.0,0.3096296296296296,0.0,0.6681,optimal
2021-02-08 18:00:00,57,2,0.0,0.387037037037037,0.0,1.9000666666666663,optimal
2021-02-08 18:30:00,57,2,0.0,0.0,0.0,0.37506666666666666,optimal
2021-02-08 19:00:00,57,2,0.0,0.387037037037037,0.0,0.2342,optimal
2021-02-08 19:30:00,57,2,0.0,0.387037037037037,0.0,0.43,optimal
2021-02-08 20:00:00,57,2,0.613610481766378,0.1548148148148148,0.0,0.2122333333333333,optimal
2021-02-08 20:30:00,57,2,0.0,0.1548148148148148,0.0,0.48156666666666664,optimal
2021-02-08 21:00:00,57,2,0.0,0.1548148148148148,0.0,0.24823333333333328,optimal
2021-02-08 21:30:00,57,2,0.0,0.0,0.0,0.36626666666666663,optimal
2021-02-08 22:00:00,57,2,0.0,0.1548148148148148,0.0,0.7388666666666667,optimal
2021-02-08 22:30:00,57,2,0.0,0.0,0.0,0.2864,optimal
2021-02-08 23:00:00,57,2,0.0,0.0774074074074074,0.0,0.2064,optimal
2021-02-08 23:30:00,57,2,0.0,0.0,0.0,0.2730666666666667,optimal
2021-02-09 00:00:00,57,2,0.0,0.0,0.0,0.09766666666666668,optimal
2021-02-09 00:30:00,57,2,0.0,0.0,0.0,0.071,optimal
2021-02-09 01:00:00,57,2,0.40272290395921195,0.0,0.0,0.16403333333333334,optimal
2021-02-09 01:30:00,57,2,1.1428571428571428,0.0,0.0,0.16083333333333336,optimal
2021-02-09 02:00:00,57,2,1.1428571428571428,0.0,0.0,0.07483333333333334,optimal
2021-02-09 02:30:00,57,2,1.1428571428571428,0.0,0.0,0.09016666666666669,optimal
2021-02-09 03:00:00,57,2,1.1428571428571428,0.0,0.0,0.08433333333333333,optimal
2021-02-09 03:30:00,57,2,1.1428571428571428,0.0,0.0,0.17153333333333334,optimal
2021-02-09 04:00:00,57,2,1.1428571428571428,0.0,0.0,0.117,optimal
2021-02-09 04:30:00,57,2,1.1428571428571428,0.0,0.0,0.17880000000000001,optimal
2021-02-09 05:00:00,57,2,1.1428571428571428,0.0,0.0,0.10773333333333332,optimal
2021-02-09 05:30:00,57,2,1.1428571428571428,0.0,0.0,0.17353333333333334,optimal
2021-02-09 06:00:00,57,2,1.1428571428571428,0.0,0.0,0.12066666666666669,optimal
2021-02-09 06:30:00,57,2,1.1428571428571428,0.0,8.107822513163669,0.07706666666666666,optimal
2021-02-09 07:00:00,57,2,1.1428571428571428,0.0,10.0,0.2018,optimal
2021-02-09 07:30:00,57,2,1.1428571428571428,0.1548148148148148,0.0,0.12306666666666666,optimal
2021-02-09 08:00:00,57,2,0.7353313801906358,0.5418518518518518,0.0,0.1871,optimal
2021-02-09 08:30:00,57,2,0.7210191287971471,0.1548148148148148,0.0,0.21706666666666663,optimal
2021-02-09 09:00:00,57,2,0.6874090327301622,0.0,0.0,0.1155,optimal
2021-02-09 09:30:00,57,2,0.6485464347050854,0.3096296296296296,0.0,0.2988,optimal
2021-02-09 10:00:00,57,2,0.5815617930034801,0.1548148148148148,0.0,0.055,optimal
2021-02-09 10:30:00,57,2,0.5647715327444891,0.0,0.0,0.10426666666666667,optimal
2021-02-09 11:00:00,57,2,0.40934011564858563,0.3096296296296296,0.0,0.3063,optimal
2021-02-09 11:30:00,57,2,0.4148373016920245,0.23222222222222222,0.0,1.185733333333333,optimal
2021-02-09 12:00:00,57,2,0.30068337526997657,0.0774074074074074,0.0,0.7822333333333333,optimal
2021-02-09 12:30:00,57,2,0.38127952255986153,0.1548148148148148,0.0,0.2432333333333333,optimal
2021-02-09 13:00:00,57,2,1.1428571428571428,0.0774074074074074,0.0,0.1832666666666667,optimal
2021-02-09 13:30:00,57,2,1.1428571428571428,0.0,0.0,0.4372,optimal
2021-02-09 14:00:00,57,2,1.1428571428571428,0.0,0.0,1.3590333333333333,optimal
2021-02-09 14:30:00,57,2,1.1428571428571428,0.0,0.0,0.8009666666666667,optimal
2021-02-09 15:00:00,57,2,1.1428571428571428,0.387037037037037,0.0,0.20786666666666667,optimal
2021-02-09 15:30:00,57,2,1.1428571428571428,0.23222222222222222,0.0,1.0352666666666668,optimal
2021-02-09 16:00:00,57,2,0.0,0.3096296296296296,0.0,0.14,optimal
2021-02-09 16:30:00,57,2,0.0,0.1548148148148148,0.0,0.3726333333333333,optimal
2021-02-09 17:00:00,57,2,0.0,0.387037037037037,0.0,0.1173,optimal
2021-02-09 17:30:00,57,2,0.0,0.0,0.0,0.247,optimal
2021-02-09 18:00:00,57,2,0.0,0.0,0.0,0.2663333333333333,optimal
2021-02-09 18:30:00,57,2,0.0,1.006296296296296,0.0,0.32526666666666665,optimal
2021-02-09 19:00:00,57,2,0.0,0.0,0.0,0.235,optimal
2021-02-09 19:30:00,57,2,0.13715312310601716,0.0774074074074074,0.0,0.45463333333333333,optimal
2021-02-09 20:00:00,57,2,0.6951205593188491,0.0,0.0,0.29196666666666665,optimal
2021-02-09 20:30:00,57,2,0.0,0.0774074074074074,0.0,0.4418,optimal
2021-02-09 21:00:00,57,2,0.0,0.0,0.0,0.25006666666666666,optimal
2021-02-09 21:30:00,57,2,0.0,0.0,0.0,0.485,optimal
2021-02-09 22:00:00,57,2,0.0,0.0,0.0,0.1808333333333333,optimal
2021-02-09 22:30:00,57,2,0.0,0.0,0.0,0.5473666666666667,optimal
2021-02-09 23:00:00,57,2,0.0,0.0,0.0,0.9382666666666668,optimal
2021-02-09 23:30:00,57,2,0.0,0.0774074074074074,0.0,0.5089666666666666,optimal
2021-02-10 00:00:00,57,2,0.0,0.0,0.0,0.1286,optimal
2021-02-10 00:30:00,57,2,0.0,0.0,0.0,0.11733333333333332,optimal
2021-02-10 01:00:00,57,2,0.0,0.0,0.0,0.061,optimal
2021-02-10 01:30:00,57,2,0.7524184684597709,0.0,0.0,0.16803333333333334,optimal
2021-02-10 02:00:00,57,2,1.1428571428571428,0.0,0.0,0.07790000000000001,optimal
2021-02-10 02:30:00,57,2,1.1428571428571428,0.0,0.0,0.06266666666666666,optimal
2021-02-10 03:00:00,57,2,1.1428571428571428,0.0,0.0,0.2293,optimal
2021-02-10 03:30:00,57,2,1.1428571428571428,0.0,0.0,0.08916666666666667,optimal
2021-02-10 04:00:00,57,2,1.1428571428571428,0.0,0.0,0.1252,optimal
2021-02-10 04:30:00,57,2,1.1428571428571428,2.5544444444444445,0.0,0.5278333333333334,optimal
2021-02-10 05:00:00,57,2,1.1428571428571428,0.0,0.0,2.8866666666666667,optimal
2021-02-10 05:30:00,57,2,1.1428571428571428,0.46444444444444444,0.0,1.8169000000000002,optimal
2021-02-10 06:00:00,57,2,1.1428571428571428,0.1548148148148148,0.0,0.5215,optimal
2021-02-10 06:30:00,57,2,1.1428571428571428,0.1548148148148148,7.8251072542096125,1.6354666666666666,optimal
2021-02-10 07:00:00,57,2,1.1428571428571428,0.1548148148148148,10.0,0.7984333333333333,optimal
2021-02-10 07:30:00,57,2,1.1428571428571428,0.0,0.0,0.14986666666666668,optimal
2021-02-10 08:00:00,57,2,0.8479807281634976,0.0,0.0,0.11606666666666667,optimal
2021-02-10 08:30:00,57,2,0.8490818532896373,0.0,0.0,0.08226666666666667,optimal
2021-02-10 09:00:00,57,2,0.7298328183312373,0.0,0.0,0.24430000000000002,optimal
2021-02-10 09:30:00,57,2,0.769772038695467,0.0,0.0,0.07456666666666666,optimal
2021-02-10 10:00:00,57,2,0.6377519684136512,0.0,0.0,0.1414,optimal
2021-02-10 10:30:00,57,2,0.6178111455915961,0.0,0.0,0.18873333333333328,optimal
2021-02-10 11:00:00,57,2,0.572862302641946,0.0,0.0,0.071,optimal
2021-02-10 11:30:00,57,2,0.5685842937764483,0.0,0.0,0.071,optimal
2021-02-10 12:00:00,57,2,1.116025988409921,0.0,0.0,0.2591333333333333,optimal
2021-02-10 12:30:00,57,2,1.1428571428571428,0.0,0.0,0.071,optimal
2021-02-10 13:00:00,57,2,1.1428571428571428,0.0,0.0,0.19716666666666663,optimal
2021-02-10 13:30:00,57,2,1.1428571428571428,0.0,0.0,0.13296666666666668,optimal
2021-02-10 14:00:00,57,2,1.1428571428571428,0.0,0.0,0.15209999999999999,optimal
2021-02-10 14:30:00,57,2,1.1428571428571428,0.0,0.0,0.17803333333333332,optimal
2021-02-10 15:00:00,57,2,1.1428571428571428,0.0,0.0,0.1352,optimal
2021-02-10 15:30:00,57,2,1.1428571428571428,0.0,0.0,0.09353333333333332,optimal
2021-02-10 16:00:00,57,2,0.0,0.0,0.0,0.18666666666666662,optimal
2021-02-10 16:30:00,57,2,0.0,0.0,0.0,0.12093333333333334,optimal
2021-02-10 17:00:00,57,2,0.0,0.0,0.0,0.071,optimal
2021-02-10 17:30:00,57,2,0.0,0.0,0.0,0.23416666666666663,optimal
2021-02-10 18:00:00,57,2,0.0,0.0774074074074074,0.0,0.09563333333333333,optimal
2021-02-10 18:30:00,57,2,0.0,0.0,0.0,1.9143333333333332,optimal
2021-02-10 19:00:00,57,2,0.0,0.0774074074074074,0.0,1.2289666666666668,optimal
2021-02-10 19:30:00,57,2,0.6062241551935779,0.387037037037037,0.0,0.6465,optimal
2021-02-10 20:00:00,57,2,0.5928829868811286,0.23222222222222222,0.0,0.4456,optimal
2021-02-10 20:30:00,57,2,0.0,0.3096296296296296,0.0,1.4303666666666666,optimal
2021-02-10 21:00:00,57,2,0.0,2.39962962962963,0.0,2.3701999999999996,optimal
2021-02-10 21:30:00,57,2,0.0,0.0,0.0,1.0603333333333333,optimal
2021-02-10 22:00:00,57,2,0.0,0.1548148148148148,0.0,2.937766666666667,optimal
2021-02-10 22:30:00,57,2,0.0,0.0,0.0,2.1857333333333333,optimal
2021-02-10 23:00:00,57,2,0.0,0.0,0.0,0.7059666666666667,optimal
2021-02-10 23:30:00,57,2,0.0,0.0,0.0,0.071,optimal
2021-02-11 00:00:00,57,2,0.784234038074347,0.0,0.0,0.1466,optimal
2021-02-11 00:30:00,57,2,1.1428571428571428,0.0,0.0,0.09106666666666666,optimal
2021-02-11 01:00:00,57,2,1.1428571428571428,0.0,0.0,0.17196666666666666,optimal
2021-02-11 01:30:00,57,2,1.1428571428571428,0.0,0.0,0.09136666666666667,optimal
2021-02-11 02:00:00,57,2,1.1428571428571428,0.0,0.0,0.2291,optimal
2021-02-11 02:30:00,57,2,1.1428571428571428,0.0,0.0,0.12903333333333333,optimal
2021-02-11 03:00:00,57,2,1.1428571428571428,0.0,0.0,0.17533333333333334,optimal
2021-02-11 03:30:00,57,2,1.1428571428571428,0.0,0.0,0.12903333333333333,optimal
2021-02-11 04:00:00,57,2,1.1428571428571428,0.0,0.0,0.2291,optimal
2021-02-11 04:30:00,57,2,1.1428571428571428,0.0,0.0,0.086,optimal
2021-02-11 05:00:00,57,2,1.1428571428571428,0.0,0.0,0.17733333333333334,optimal
2021-02-11 05:30:00,57,2,1.1428571428571428,0.0,0.0,0.17533333333333334,optimal
2021-02-11 06:00:00,57,2,1.1428571428571428,0.0,0.0,0.18806666666666663,optimal
2021-02-11 06:30:00,57,2,1.1428571428571428,0.0,0.0,0.149,optimal
2021-02-11 07:00:00,57,2,1.1428571428571428,0.1548148148148148,7.84012441703507,0.149,optimal
2021-02-11 07:30:00,57,2,1.1428571428571428,0.774074074074074,0.0,0.13340000000000002,optimal
2021-02-11 08:00:00,57,2,0.7971163132224413,0.6192592592592592,0.0,0.13219999999999998,optimal
2021-02-11 08:30:00,57,2,0.9111809455683177,0.0,0.0,0.21409999999999998,optimal
2021-02-11 09:00:00,57,2,0.8647312304273574,0.0,0.0,0.13876666666666668,optimal
2021-02-11 09:30:00,57,2,0.7987440841466087,0.0,0.0,0.12266666666666669,optimal
2021-02-11 10:00:00,57,2,0.6058517902506645,0.0,0.0,0.12326666666666668,optimal
2021-02-11 10:30:00,57,2,0.5981293672531836,0.0,0.0,0.24013333333333334,optimal
2021-02-11 11:00:00,57,2,0.5758102755574577,0.0,0.0,0.07,optimal
2021-02-11 11:30:00,57,2,0.791306227633933,0.0,0.0,0.2826666666666667,optimal
2021-02-11 12:00:00,57,2,1.1428571428571428,0.0,0.0,0.08073333333333334,optimal
2021-02-11 12:30:00,57,2,1.1428571428571428,0.0,0.0,0.17533333333333334,optimal
2021-02-11 13:00:00,57,2,1.1428571428571428,0.0,0.0,0.18806666666666663,optimal
2021-02-11 13:30:00,57,2,1.1428571428571428,0.0,0.0,0.07,optimal
2021-02-11 14:00:00,57,2,1.1428571428571428,0.0,0.0,0.2826666666666667,optimal
2021-02-11 14:30:00,57,2,1.1428571428571428,0.0,0.0,0.08073333333333334,optimal
2021-02-11 15:00:00,57,2,1.1428571428571428,0.0,0.0,0.10756666666666666,optimal
2021-02-11 15:30:00,57,2,1.1428571428571428,0.0,0.0,0.2558333333333333,optimal
2021-02-11 16:00:00,57,2,0.0,0.0,0.0,0.07,optimal
2021-02-11 16:30:00,57,2,0.0,0.0,0.0,0.17533333333333334,optimal
2021-02-11 17:00:00,57,2,0.0,0.0,0.0,0.18773333333333328,optimal
2021-02-11 17:30:00,57,2,0.0,0.0,0.0,0.09486666666666665,optimal
2021-02-11 18:00:00,57,2,0.0,0.0,0.0,0.1933666666666667,optimal
2021-02-11 18:30:00,57,2,0.0,0.0,0.0,0.20906666666666662,optimal
2021-02-11 19:00:00,57,2,0.0,0.0774074074074074,0.0,0.17893333333333333,optimal
2021-02-11 19:30:00,57,2,0.7768804866406763,0.0,0.0,0.41523333333333334,optimal
2021-02-11 20:00:00,57,2,0.8589140813742043,0.0,0.0,0.19976666666666668,optimal
2021-02-11 20:30:00,57,2,0.0,0.0,0.0,0.4051,optimal
2021-02-11 21:00:00,57,2,0.0,0.0,0.0,0.2602,optimal
2021-02-11 21:30:00,57,2,0.0,0.0,0.0,0.36069999999999997,optimal
2021-02-11 22:00:00,57,2,0.0,0.0,0.0,0.47833333333333333,optimal
2021-02-11 22:30:00,57,2,0.0,0.0,0.0,0.24486666666666668,optimal
2021-02-11 23:00:00,57,2,0.0,0.0,0.0,0.1183,optimal
2021-02-11 23:30:00,57,2,0.0,0.0,0.0,0.173,optimal
2021-02-12 00:00:00,57,2,1.1428571428571428,0.0,0.0,0.064,optimal
2021-02-12 00:30:00,57,2,1.1428571428571428,0.0,0.0,0.064,optimal
2021-02-12 01:00:00,57,2,1.1428571428571428,0.0,0.0,0.11426666666666668,optimal
2021-02-12 01:30:00,57,2,1.1428571428571428,0.0,0.0,0.08333333333333333,optimal
2021-02-12 02:00:00,57,2,1.1428571428571428,0.0,0.0,0.064,optimal
2021-02-12 02:30:00,57,2,1.1428571428571428,0.0,0.0,0.064,optimal
2021-02-12 03:00:00,57,2,1.1428571428571428,0.0,0.0,0.1336,optimal
2021-02-12 03:30:00,57,2,1.1428571428571428,0.0,0.0,0.07173333333333333,optimal
2021-02-12 04:00:00,57,2,1.1428571428571428,0.0,0.0,0.12586666666666665,optimal
2021-02-12 04:30:00,57,2,1.1428571428571428,0.0,0.0,0.064,optimal
2021-02-12 05:00:00,57,2,1.1428571428571428,0.0,0.0,0.09140000000000001,optimal
2021-02-12 05:30:00,57,2,1.1428571428571428,0.0,0.0,0.1162,optimal
2021-02-12 06:00:00,57,2,1.1428571428571428,0.0,0.0,0.09493333333333334,optimal
2021-02-12 06:30:00,57,2,1.1428571428571428,0.0,5.235640287503818,0.102,optimal
2021-02-12 07:00:00,57,2,1.1428571428571428,0.6192592592592592,10.0,0.11306666666666666,optimal
2021-02-12 07:30:00,57,2,1.1428571428571428,7.397488590077574,0.0,0.41293333333333326,optimal
2021-02-12 08:00:00,57,2,0.7831286100846293,0.0774074074074074,0.0,0.2596333333333333,optimal
2021-02-12 08:30:00,57,2,0.8197131992442022,2.8640740740740736,0.0,0.24213333333333334,optimal
2021-02-12 09:00:00,57,2,0.8050755481032331,0.0,0.0,0.24780000000000002,optimal
2021-02-12 09:30:00,57,2,0.7440260197288991,0.46444444444444444,0.0,0.2027333333333333,optimal
2021-02-12 10:00:00,57,2,0.5473061769858482,0.0,0.0,0.21746666666666667,optimal
2021-02-12 10:30:00,57,2,0.505310332000041,0.0,0.0,0.3492,optimal
2021-02-12 11:00:00,57,2,0.4995576486622705,0.0,0.0,0.0856,optimal
2021-02-12 11:30:00,57,2,0.6025411873634904,0.0,0.0,0.132,optimal
2021-02-12 12:00:00,57,2,1.1428571428571428,0.0,0.0,0.074,optimal
2021-02-12 12:30:00,57,2,1.1428571428571428,0.0,0.0,0.1436,optimal
2021-02-12 13:00:00,57,2,1.1428571428571428,0.0,0.0,0.074,optimal
2021-02-12 13:30:00,57,2,1.1428571428571428,0.0,0.0,0.074,optimal
2021-02-12 14:00:00,57,2,1.1428571428571428,0.0,0.0,0.074,optimal
2021-02-12 14:30:00,57,2,1.1428571428571428,0.0,0.0,0.0856,optimal
2021-02-12 15:00:00,57,2,1.1428571428571428,0.0,0.0,0.132,optimal
2021-02-12 15:30:00,57,2,1.1428571428571428,0.0,0.0,0.074,optimal
2021-02-12 16:00:00,57,2,0.0,0.0,0.0,0.2693666666666667,optimal
2021-02-12 16:30:00,57,2,0.0,0.0,0.0,0.6070333333333333,optimal
2021-02-12 17:00:00,57,2,0.0,0.0,0.0,0.074,optimal
2021-02-12 17:30:00,57,2,0.0,0.0,0.0,0.074,optimal
2021-02-12 18:00:00,57,2,0.0,0.0,0.0,0.074,optimal
2021-02-12 18:30:00,57,2,0.0,0.0,0.0,0.5919,optimal
2021-02-12 19:00:00,57,2,0.0,0.0,0.0,1.1299666666666668,optimal
2021-02-12 19:30:00,57,2,0.6404280942762738,0.0,0.0,0.37596666666666656,optimal
2021-02-12 20:00:00,57,2,0.5135918174274916,0.1548148148148148,0.0,0.6840666666666667,optimal
2021-02-12 20:30:00,57,2,0.0,0.0,0.0,0.6144,optimal
2021-02-12 21:00:00,57,2,0.0,0.23222222222222222,0.0,0.5985333333333333,optimal
2021-02-12 21:30:00,57,2,0.0,0.0,0.0,0.6813666666666667,optimal
2021-02-12 22:00:00,57,2,0.0,0.0,0.0,0.6103333333333334,optimal
2021-02-12 22:30:00,57,2,0.0,0.0,0.0,0.5953666666666667,optimal
2021-02-12 23:00:00,57,2,0.0,0.0,0.0,0.10106666666666667,optimal
2021-02-12 23:30:00,57,2,0.0,0.0,0.0,0.074,optimal
2021-02-13 00:00:00,57,2,0.0,0.0,0.0,0.063,optimal
2021-02-13 00:30:00,57,2,0.0,0.0,0.0,0.063,optimal
2021-02-13 01:00:00,57,2,0.919401124630435,0.0,0.0,0.063,optimal
2021-02-13 01:30:00,57,2,1.1428571428571428,0.0,0.0,0.1575,optimal
2021-02-13 02:00:00,57,2,1.1428571428571428,0.0,0.0,0.1071,optimal
2021-02-13 02:30:00,57,2,1.1428571428571428,0.0,0.0,0.063,optimal
2021-02-13 03:00:00,57,2,1.1428571428571428,0.0,0.0,0.2016,optimal
2021-02-13 03:30:00,57,2,1.1428571428571428,0.0,0.0,0.063,optimal
2021-02-13 04:00:00,57,2,1.1428571428571428,0.0,0.0,0.1512,optimal
2021-02-13 04:30:00,57,2,1.1428571428571428,0.0,0.0,0.1134,optimal
2021-02-13 05:00:00,57,2,1.1428571428571428,0.0,0.0,0.0819,optimal
2021-02-13 05:30:00,57,2,1.1428571428571428,0.0,0.0,0.1827,optimal
2021-02-13 06:00:00,57,2,1.1428571428571428,0.0,0.0,0.063,optimal
2021-02-13 06:30:00,57,2,1.1428571428571428,0.0,1.5549450000502936,0.1701,optimal
2021-02-13 07:00:00,57,2,1.1428571428571428,0.0,10.0,0.10216666666666668,optimal
2021-02-13 07:30:00,57,2,1.1428571428571428,0.8514814814814814,0.0,0.21906666666666663,optimal
2021-02-13 08:00:00,57,2,0.5845041027328476,0.0,0.0,0.6506000000000001,optimal
2021-02-13 08:30:00,57,2,0.5986489078239037,0.387037037037037,0.0,1.6248333333333334,optimal
2021-02-13 09:00:00,57,2,0.7772295408822331,0.0,0.0,0.063,optimal
2021-02-13 09:30:00,57,2,0.5836964234803896,0.0,0.0,0.35660000000000003,optimal
2021-02-13 10:00:00,57,2,0.4668131999345747,0.8514814814814814,0.0,0.5720333333333333,optimal
2021-02-13 10:30:00,57,2,0.1994780050256436,0.23222222222222222,0.0,4.278766666666667,optimal
2021-02-13 11:00:00,57,2,0.18141732319408385,0.0,0.0,2.701233333333333,optimal
2021-02-13 11:30:00,57,2,0.10029355685656284,0.0774074074074074,0.0,1.6080999999999999,optimal
2021-02-13 12:00:00,57,2,0.31206392194916277,0.23222222222222222,0.0,0.42806666666666665,optimal
2021-02-13 12:30:00,57,2,0.346766865464626,0.0,0.0,0.38563333333333333,optimal
2021-02-13 13:00:00,57,2,0.9740312251541434,0.0,10.0,0.33089999999999997,optimal
2021-02-13 13:30:00,57,2,1.1428571428571428,0.1548148148148148,10.0,0.5172,optimal
2021-02-13 14:00:00,57,2,1.1428571428571428,0.0,0.0,0.32789999999999997,optimal
2021-02-13 14:30:00,57,2,1.1428571428571428,0.0,0.0,0.1928,optimal
2021-02-13 15:00:00,57,2,1.1428571428571428,0.0,0.0,0.4198,optimal
2021-02-13 15:30:00,57,2,1.1428571428571428,0.0,0.0,1.5890333333333333,optimal
2021-02-13 16:00:00,57,2,0.0,0.5418518518518518,0.0,0.3678,optimal
2021-02-13 16:30:00,57,2,0.0,0.387037037037037,0.0,0.3039,optimal
2021-02-13 17:00:00,57,2,0.0,0.46444444444444444,0.0,1.7934,optimal
2021-02-13 17:30:00,57,2,0.0,0.3096296296296296,0.0,4.147266666666666,optimal
2021-02-13 18:00:00,57,2,0.0,0.23222222222222222,0.0,3.4194666666666667,optimal
2021-02-13 18:30:00,57,2,0.0,0.387037037037037,0.0,0.9724666666666668,optimal
2021-02-13 19:00:00,57,2,0.0,0.0,0.0,0.5123333333333334,optimal
2021-02-13 19:30:00,57,2,0.0,0.0,0.0,0.5881666666666666,optimal
2021-02-13 20:00:00,57,2,0.0,0.0774074074074074,0.0,0.5364666666666666,optimal
2021-02-13 20:30:00,57,2,0.0,5.805555555555555,0.0,0.2576,optimal
2021-02-13 21:00:00,57,2,0.0,0.3096296296296296,0.0,0.23106666666666664,optimal
2021-02-13 21:30:00,57,2,0.0,0.0,0.0,0.2066,optimal
2021-02-13 22:00:00,57,2,0.0,0.5418518518518518,0.0,0.214,optimal
2021-02-13 22:30:00,57,2,0.0,2.39962962962963,0.0,0.1057,optimal
2021-02-13 23:00:00,57,2,0.0,0.0,0.0,0.42633333333333334,optimal
2021-02-13 23:30:00,57,2,0.0,3.096296296296296,0.0,0.6215,optimal
2021-02-07 00:00:00,58,2,0.0,0.0,0.0,0.066,optimal
2021-02-07 00:30:00,58,2,0.0,0.0,0.0,0.09536666666666666,optimal
2021-02-07 01:00:00,58,2,0.0,0.0,0.0,0.1021,optimal
2021-02-07 01:30:00,58,2,0.0,0.0,0.0,0.059,optimal
2021-02-07 02:00:00,58,2,0.0,0.0,0.0,0.060333333333333336,optimal
2021-02-07 02:30:00,58,2,0.0,0.0,0.0,0.1255,optimal
2021-02-07 03:00:00,58,2,0.0,0.0,0.0,0.0793,optimal
2021-02-07 03:30:00,58,2,0.0,0.0,0.0,0.059,optimal
2021-02-07 04:00:00,58,2,1.1428571428571428,0.0,0.0,0.10796666666666668,optimal
2021-02-07 04:30:00,58,2,1.1428571428571428,0.0,0.0,0.07783333333333332,optimal
2021-02-07 05:00:00,58,2,1.1428571428571428,0.0,0.0,0.06276666666666667,optimal
2021-02-07 05:30:00,58,2,1.1428571428571428,0.0,0.0,0.13003333333333333,optimal
2021-02-07 06:00:00,58,2,1.1428571428571428,0.0,0.0,0.069,optimal
2021-02-07 06:30:00,58,2,1.1428571428571428,0.0,0.0,1.0257,optimal
2021-02-07 07:00:00,58,2,1.1428571428571428,0.6966666666666667,1.6063785740462473,0.9551000000000001,optimal
2021-02-07 07:30:00,58,2,0.0,0.46444444444444444,0.0,0.1248,optimal
2021-02-07 08:00:00,58,2,0.33507630088738805,0.0,0.0,0.2084,optimal
2021-02-07 08:30:00,58,2,0.6233402547323647,0.3096296296296296,0.0,0.2828,optimal
2021-02-07 09:00:00,58,2,0.6193835660493117,0.46444444444444444,0.0,0.215,optimal
2021-02-07 09:30:00,58,2,0.6099778949498966,2.2448148148148146,0.0,0.22943333333333332,optimal
2021-02-07 10:00:00,58,2,0.5217900992630728,0.0,0.0,0.3378,optimal
2021-02-07 10:30:00,58,2,0.7014776319380899,0.0,0.0,0.069,optimal
2021-02-07 11:00:00,58,2,0.6159871502858983,0.0,0.0,0.136,optimal
2021-02-07 11:30:00,58,2,0.5966157217144772,0.0,0.0,0.2038,optimal
2021-02-07 12:00:00,58,2,0.5188407072135326,0.0774074074074074,0.0,0.242,optimal
2021-02-07 12:30:00,58,2,0.9917433179801899,0.0,0.0,0.2938,optimal
2021-02-07 13:00:00,58,2,1.1428571428571428,0.0,0.0,0.0803,optimal
2021-02-07 13:30:00,58,2,1.1428571428571428,0.0,0.0,0.1255,optimal
2021-02-07 14:00:00,58,2,1.1428571428571428,0.0,0.0,0.1029,optimal
2021-02-07 14:30:00,58,2,1.1428571428571428,0.0,0.0,0.1029,optimal
2021-02-07 15:00:00,58,2,1.1428571428571428,0.0,0.0,0.19366666666666663,optimal
2021-02-07 15:30:00,58,2,1.1428571428571428,0.0,0.0,0.33546666666666664,optimal
2021-02-07 16:00:00,58,2,0.0,0.0774074074074074,0.0,1.4906333333333335,optimal
2021-02-07 16:30:00,58,2,0.0,0.387037037037037,0.0,0.7421333333333333,optimal
2021-02-07 17:00:00,58,2,0.0,0.23222222222222222,0.0,1.8432333333333328,optimal
2021-02-07 17:30:00,58,2,0.0,0.0,0.0,0.3077,optimal
2021-02-07 18:00:00,58,2,0.0,0.0774074074074074,0.0,2.2299333333333333,optimal
2021-02-07 18:30:00,58,2,0.0,0.23222222222222222,0.0,0.2916666666666667,optimal
2021-02-07 19:00:00,58,2,0.0,0.0774074074074074,0.0,2.0544333333333333,optimal
2021-02-07 19:30:00,58,2,0.5493422890531605,0.5418518518518518,0.0,0.3303333333333333,optimal
2021-02-07 20:00:00,58,2,0.5343327652436385,0.0,0.0,0.4363333333333333,optimal
2021-02-07 20:30:00,58,2,0.0,0.0,0.0,1.2278666666666667,optimal
2021-02-07 21:00:00,58,2,0.0,0.0,0.0,0.6454666666666667,optimal
2021-02-07 21:30:00,58,2,0.0,0.1548148148148148,0.0,0.4588666666666667,optimal
2021-02-07 22:00:00,58,2,0.0,0.0,0.0,0.4019666666666666,optimal
2021-02-07 22:30:00,58,2,0.0,0.0,0.0,0.45480000000000004,optimal
2021-02-07 23:00:00,58,2,0.0,0.0,0.0,0.1368,optimal
2021-02-07 23:30:00,58,2,0.0,0.0,0.0,0.069,optimal
2021-02-08 00:00:00,58,2,0.0,0.0,0.0,0.053,optimal
2021-02-08 00:30:00,58,2,0.0,0.0,0.0,0.053,optimal
2021-02-08 01:00:00,58,2,0.0,0.0,0.0,0.13419999999999999,optimal
2021-02-08 01:30:00,58,2,0.03518765099739554,0.0,0.0,0.18816666666666662,optimal
2021-02-08 02:00:00,58,2,1.1428571428571428,0.0,0.0,0.0665,optimal
2021-02-08 02:30:00,58,2,1.1428571428571428,0.0,0.0,0.23786666666666667,optimal
2021-02-08 03:00:00,58,2,1.1428571428571428,0.0,0.0,0.098,optimal
2021-02-08 03:30:00,58,2,1.1428571428571428,0.0,0.0,0.053,optimal
2021-02-08 04:00:00,58,2,1.1428571428571428,0.0,0.0,0.20186666666666667,optimal
2021-02-08 04:30:00,58,2,1.1428571428571428,0.0,0.0,0.134,optimal
2021-02-08 05:00:00,58,2,1.1428571428571428,0.0,0.0,0.053,optimal
2021-02-08 05:30:00,58,2,1.1428571428571428,0.0,0.0,0.2326,optimal
2021-02-08 06:00:00,58,2,1.1428571428571428,0.0774074074074074,0.028529862204562197,0.1006,optimal
2021-02-08 06:30:00,58,2,1.1428571428571428,0.3096296296296296,10.0,0.26239999999999997,optimal
2021-02-08 07:00:00,58,2,1.1428571428571428,0.3096296296296296,0.0,0.1663,optimal
2021-02-08 07:30:00,58,2,1.1428571428571428,0.0,0.0,0.1955,optimal
2021-02-08 08:00:00,58,2,0.5076102527820919,0.0774074074074074,0.0,0.4998,optimal
2021-02-08 08:30:00,58,2,0.5371054045047361,0.0,0.0,0.45713333333333334,optimal
2021-02-08 09:00:00,58,2,0.6936414198654914,0.23222222222222222,0.0,0.08616666666666667,optimal
2021-02-08 09:30:00,58,2,0.6991672637100983,0.0,0.0,0.24903333333333333,optimal
2021-02-08 10:00:00,58,2,0.6610455578172111,0.0,0.0,0.055666666666666656,optimal
2021-02-08 10:30:00,58,2,0.6107863806392719,0.0,0.0,0.2613666666666667,optimal
2021-02-08 11:00:00,58,2,0.5616210764948936,0.0,0.0,0.0945,optimal
2021-02-08 11:30:00,58,2,0.5463716390579699,0.0,0.0,0.1302333333333333,optimal
2021-02-08 12:00:00,58,2,0.4841614072930544,0.0,0.0,0.21296666666666667,optimal
2021-02-08 12:30:00,58,2,0.5174434848001453,0.0,0.0,0.06653333333333333,optimal
2021-02-08 13:00:00,58,2,1.1428571428571428,0.0,0.0,0.27566666666666667,optimal
2021-02-08 13:30:00,58,2,1.1428571428571428,0.0,0.0,0.06366666666666666,optimal
2021-02-08 14:00:00,58,2,1.1428571428571428,0.0,0.0,0.15719999999999998,optimal
2021-02-08 14:30:00,58,2,1.1428571428571428,0.23222222222222222,0.0,0.40573333333333333,optimal
2021-02-08 15:00:00,58,2,1.1428571428571428,0.7167925925925925,0.0,0.061,optimal
2021-02-08 15:30:00,58,2,1.1428571428571428,1.2183925925925925,0.0,0.4781333333333333,optimal
2021-02-08 16:00:00,58,2,0.0,0.8514814814814814,0.0,0.19073333333333328,optimal
2021-02-08 16:30:00,58,2,0.0,0.0,0.0,0.3693,optimal
2021-02-08 17:00:00,58,2,0.0,0.0,0.0,0.144,optimal
2021-02-08 17:30:00,58,2,0.0,0.23222222222222222,0.0,0.16419999999999998,optimal
2021-02-08 18:00:00,58,2,0.0,0.0,0.0,0.7263666666666667,optimal
2021-02-08 18:30:00,58,2,0.0,0.23222222222222222,0.0,2.085333333333333,optimal
2021-02-08 19:00:00,58,2,0.0,0.23222222222222222,0.0,2.3543000000000003,optimal
2021-02-08 19:30:00,58,2,0.0,0.23222222222222222,0.0,0.5404333333333333,optimal
2021-02-08 20:00:00,58,2,0.4820629146678519,0.0,0.0,0.2235,optimal
2021-02-08 20:30:00,58,2,0.0,0.0,0.0,0.1974,optimal
2021-02-08 21:00:00,58,2,0.0,0.23222222222222222,0.0,0.44803333333333334,optimal
2021-02-08 21:30:00,58,2,0.0,0.0,0.0,0.43956666666666666,optimal
2021-02-08 22:00:00,58,2,0.0,0.46444444444444444,0.0,0.2984,optimal
2021-02-08 22:30:00,58,2,0.0,0.0,0.0,0.2374333333333333,optimal
2021-02-08 23:00:00,58,2,0.0,0.0,0.0,0.15653333333333333,optimal
2021-02-08 23:30:00,58,2,0.0,0.0,0.0,0.09483333333333331,optimal
2021-02-09 00:00:00,58,2,0.0,0.0,0.0,0.07,optimal
2021-02-09 00:30:00,58,2,0.0,0.0,0.0,0.07,optimal
2021-02-09 01:00:00,58,2,0.0,0.0,0.0,0.07,optimal
2021-02-09 01:30:00,58,2,1.0585012549641606,0.0,0.0,0.20053333333333334,optimal
2021-02-09 02:00:00,58,2,1.1428571428571428,0.0,0.0,0.07,optimal
2021-02-09 02:30:00,58,2,1.1428571428571428,0.0,0.0,0.07,optimal
2021-02-09 03:00:00,58,2,1.1428571428571428,0.0,0.0,0.1768,optimal
2021-02-09 03:30:00,58,2,1.1428571428571428,0.0,0.0,0.09373333333333332,optimal
2021-02-09 04:00:00,58,2,1.1428571428571428,0.0,0.0,0.11746666666666668,optimal
2021-02-09 04:30:00,58,2,1.1428571428571428,0.0,0.0,0.15306666666666666,optimal
2021-02-09 05:00:00,58,2,1.1428571428571428,0.0,0.0,0.07,optimal
2021-02-09 05:30:00,58,2,1.1428571428571428,0.0,0.0,0.20053333333333334,optimal
2021-02-09 06:00:00,58,2,1.1428571428571428,0.0,0.0,0.07,optimal
2021-02-09 06:30:00,58,2,1.1428571428571428,0.1548148148148148,7.719087241611661,0.068,optimal
2021-02-09 07:00:00,58,2,1.1428571428571428,0.5418518518518518,10.0,0.07986666666666666,optimal
2021-02-09 07:30:00,58,2,1.1428571428571428,0.3096296296296296,0.0,0.18666666666666662,optimal
2021-02-09 08:00:00,58,2,0.6657542373334894,0.774074074074074,0.0,0.179,optimal
2021-02-09 08:30:00,58,2,0.6116857954638174,0.6966666666666667,0.0,0.2531333333333333,optimal
2021-02-09 09:00:00,58,2,0.4979899851111118,0.3096296296296296,0.0,0.4548333333333333,optimal
2021-02-09 09:30:00,58,2,0.5335464347050809,0.46444444444444444,0.0,0.32613333333333333,optimal
2021-02-09 10:00:00,58,2,0.2936475072891939,0.0,0.0,1.0427666666666668,optimal
2021-02-09 10:30:00,58,2,0.3346077232206852,0.0,0.0,0.8747333333333334,optimal
2021-02-09 11:00:00,58,2,0.2921534489819273,0.0,0.0,1.7005666666666666,optimal
2021-02-09 11:30:00,58,2,0.38840111121583465,0.0774074074074074,0.0,0.34806666666666664,optimal
2021-02-09 12:00:00,58,2,0.33322242288901677,0.0,0.0,0.2737,optimal
2021-02-09 12:30:00,58,2,0.21939380827414467,0.3096296296296296,0.0,0.5159333333333332,optimal
2021-02-09 13:00:00,58,2,0.22579075181012487,0.23222222222222222,0.0,1.9024,optimal
2021-02-09 13:30:00,58,2,1.1428571428571428,0.1548148148148148,0.0,2.5802666666666667,optimal
2021-02-09 14:00:00,58,2,1.1428571428571428,0.0,0.0,2.3909000000000002,optimal
2021-02-09 14:30:00,58,2,1.1428571428571428,0.0,0.0,1.4151333333333334,optimal
2021-02-09 15:00:00,58,2,1.1428571428571428,0.0,0.0,1.2716333333333334,optimal
2021-02-09 15:30:00,58,2,1.1428571428571428,0.0,0.0,0.3711333333333333,optimal
2021-02-09 16:00:00,58,2,0.0,0.0,0.0,0.38160000000000005,optimal
2021-02-09 16:30:00,58,2,0.0,0.0,0.0,0.5634666666666667,optimal
2021-02-09 17:00:00,58,2,0.0,0.1548148148148148,0.0,0.35236666666666666,optimal
2021-02-09 17:30:00,58,2,0.0,0.8514814814814814,0.0,1.8243333333333334,optimal
2021-02-09 18:00:00,58,2,0.0,0.0,0.0,2.114233333333333,optimal
2021-02-09 18:30:00,58,2,0.0,0.23222222222222222,0.0,0.4572,optimal
2021-02-09 19:00:00,58,2,0.0,0.0,0.0,1.2437,optimal
2021-02-09 19:30:00,58,2,0.0,0.0,0.0,0.7689333333333332,optimal
2021-02-09 20:00:00,58,2,0.0,0.0,0.0,0.2686,optimal
2021-02-09 20:30:00,58,2,0.0,0.0,0.0,0.3460666666666667,optimal
2021-02-09 21:00:00,58,2,0.0,0.0,0.0,0.40393333333333326,optimal
2021-02-09 21:30:00,58,2,0.0,0.0,0.0,0.22833333333333328,optimal
2021-02-09 22:00:00,58,2,0.0,0.23222222222222222,0.0,0.4375333333333334,optimal
2021-02-09 22:30:00,58,2,0.0,6.889259259259259,0.0,0.3462,optimal
2021-02-09 23:00:00,58,2,0.0,0.23222222222222222,0.0,0.45039999999999997,optimal
2021-02-09 23:30:00,58,2,0.0,0.0,0.0,0.10966666666666669,optimal
2021-02-10 00:00:00,58,2,0.0,0.0,0.0,0.062,optimal
2021-02-10 00:30:00,58,2,0.0,0.0,0.0,0.062,optimal
2021-02-10 01:00:00,58,2,0.09816462946942978,0.0,0.0,2.518866666666667,optimal
2021-02-10 01:30:00,58,2,1.1428571428571428,0.0,0.0,0.07073333333333333,optimal
2021-02-10 02:00:00,58,2,1.1428571428571428,0.0,0.0,1.0821666666666667,optimal
2021-02-10 02:30:00,58,2,1.1428571428571428,0.0,0.0,0.062,optimal
2021-02-10 03:00:00,58,2,1.1428571428571428,0.0,0.0,0.11120000000000001,optimal
2021-02-10 03:30:00,58,2,1.1428571428571428,0.0,0.0,0.13643333333333335,optimal
2021-02-10 04:00:00,58,2,1.1428571428571428,0.0,0.0,0.13643333333333335,optimal
2021-02-10 04:30:00,58,2,1.1428571428571428,0.0,0.0,0.11120000000000001,optimal
2021-02-10 05:00:00,58,2,1.1428571428571428,0.0,5.445964781867699,0.21086666666666667,optimal
2021-02-10 05:30:00,58,2,1.1428571428571428,0.1548148148148148,10.0,1.2245333333333333,optimal
2021-02-10 06:00:00,58,2,1.1428571428571428,0.1548148148148148,0.0,0.5842999999999999,optimal
2021-02-10 06:30:00,58,2,1.1428571428571428,0.23222222222222222,0.0,0.1266,optimal
2021-02-10 07:00:00,58,2,1.1428571428571428,8.282592592592591,0.0,0.19236666666666669,optimal
2021-02-10 07:30:00,58,2,1.1428571428571428,0.387037037037037,0.0,0.10516666666666669,optimal
2021-02-10 08:00:00,58,2,0.8609426329254021,0.0,0.0,0.072,optimal
2021-02-10 08:30:00,58,2,0.8098532818610663,0.0,0.0,0.22086666666666668,optimal
2021-02-10 09:00:00,58,2,0.7724042469026624,0.0,0.0,0.09659999999999999,optimal
2021-02-10 09:30:00,58,2,0.763848229171655,0.0,0.0,0.09659999999999999,optimal
2021-02-10 10:00:00,58,2,0.6501805398422271,0.0,0.0,0.0992,optimal
2021-02-10 10:30:00,58,2,0.6027159074963537,0.0,0.0,0.24286666666666668,optimal
2021-02-10 11:00:00,58,2,0.5729480169276544,0.0,0.0,0.072,optimal
2021-02-10 11:30:00,58,2,0.5349461985383469,0.0,0.0,0.19003333333333333,optimal
2021-02-10 12:00:00,58,2,0.4482595834420312,0.0,0.0,0.15203333333333333,optimal
2021-02-10 12:30:00,58,2,1.0366677770535642,0.0,0.0,0.072,optimal
2021-02-10 13:00:00,58,2,1.1428571428571428,0.0,0.0,0.1735,optimal
2021-02-10 13:30:00,58,2,1.1428571428571428,0.0,0.0,0.11936666666666666,optimal
2021-02-10 14:00:00,58,2,1.1428571428571428,0.0,0.0,0.10479999999999999,optimal
2021-02-10 14:30:00,58,2,1.1428571428571428,0.0,0.0,0.2102,optimal
2021-02-10 15:00:00,58,2,1.1428571428571428,0.0,0.0,0.1428,optimal
2021-02-10 15:30:00,58,2,1.1428571428571428,0.0,0.0,0.11806666666666667,optimal
2021-02-10 16:00:00,58,2,0.0,0.0,0.0,0.2288,optimal
2021-02-10 16:30:00,58,2,0.0,0.0,0.0,0.301,optimal
2021-02-10 17:00:00,58,2,0.0,0.387037037037037,0.0,3.2300666666666666,optimal
2021-02-10 17:30:00,58,2,0.0,2.2448148148148146,0.0,2.5365,optimal
2021-02-10 18:00:00,58,2,0.0,0.1548148148148148,0.0,1.4921333333333335,optimal
2021-02-10 18:30:00,58,2,0.0,0.0,0.0,0.15473333333333333,optimal
2021-02-10 19:00:00,58,2,0.0,0.0,0.0,0.3914666666666666,optimal
2021-02-10 19:30:00,58,2,0.8319498694792894,0.0,0.0,0.18873333333333328,optimal
2021-02-10 20:00:00,58,2,0.874063939262083,0.0,0.0,0.07876666666666667,optimal
2021-02-10 20:30:00,58,2,0.0,0.0,0.0,0.2469,optimal
2021-02-10 21:00:00,58,2,0.0,0.0,0.0,0.0884,optimal
2021-02-10 21:30:00,58,2,0.0,0.0,0.0,0.14643333333333333,optimal
2021-02-10 22:00:00,58,2,0.0,0.0,0.0,0.14643333333333333,optimal
2021-02-10 22:30:00,58,2,0.0,0.0,0.0,0.24606666666666663,optimal
2021-02-10 23:00:00,58,2,0.0,0.0,0.0,0.31903333333333334,optimal
2021-02-10 23:30:00,58,2,0.0,0.0,0.0,0.14443333333333333,optimal
2021-02-11 00:00:00,58,2,1.1428571428571428,0.0,0.0,0.05966666666666666,optimal
2021-02-11 00:30:00,58,2,1.1428571428571428,0.0,0.0,0.12093333333333334,optimal
2021-02-11 01:00:00,58,2,1.1428571428571428,0.0,0.0,0.2039,optimal
2021-02-11 01:30:00,58,2,1.1428571428571428,0.0,0.0,0.10809999999999999,optimal
2021-02-11 02:00:00,58,2,1.1428571428571428,0.0,0.0,0.13973333333333332,optimal
2021-02-11 02:30:00,58,2,1.1428571428571428,0.0,0.0,0.0933,optimal
2021-02-11 03:00:00,58,2,1.1428571428571428,0.0,0.0,0.26256666666666667,optimal
2021-02-11 03:30:00,58,2,1.1428571428571428,0.0,0.0,0.07706666666666666,optimal
2021-02-11 04:00:00,58,2,1.1428571428571428,0.0,0.0,0.15819999999999998,optimal
2021-02-11 04:30:00,58,2,1.1428571428571428,0.0,0.0,0.2039333333333333,optimal
2021-02-11 05:00:00,58,2,1.1428571428571428,0.0,0.0,0.1357,optimal
2021-02-11 05:30:00,58,2,1.1428571428571428,0.0,0.0,0.1565,optimal
2021-02-11 06:00:00,58,2,1.1428571428571428,0.0,0.0,0.15953333333333333,optimal
2021-02-11 06:30:00,58,2,1.1428571428571428,0.23222222222222222,0.0,0.05793333333333333,optimal
2021-02-11 07:00:00,58,2,1.1428571428571428,2.39962962962963,9.523798899289085,0.4478333333333333,optimal
2021-02-11 07:30:00,58,2,1.1428571428571428,4.227253480162214,0.0,0.16673333333333332,optimal
2021-02-11 08:00:00,58,2,0.948021075127205,0.0,0.0,0.052,optimal
2021-02-11 08:30:00,58,2,0.9058666598540275,0.0,0.0,0.222,optimal
2021-02-11 09:00:00,58,2,0.8559121828083116,0.0,0.0,0.16126666666666667,optimal
2021-02-11 09:30:00,58,2,0.7989059889085103,0.0,0.0,0.12140000000000001,optimal
2021-02-11 10:00:00,58,2,0.6124136950125676,0.0,0.0,0.0996,optimal
2021-02-11 10:30:00,58,2,0.6001293672531892,0.0,0.0,0.2324333333333333,optimal
2021-02-11 11:00:00,58,2,0.5582102755574626,0.0,0.0,0.13090000000000002,optimal
2021-02-11 11:30:00,58,2,0.48374425668525767,0.035607407407407414,0.0,0.1322333333333333,optimal
2021-02-11 12:00:00,58,2,0.3099638903262322,0.0,0.0,0.2578666666666667,optimal
2021-02-11 12:30:00,58,2,0.2266234993671494,0.3096296296296296,0.0,0.3258333333333333,optimal
2021-02-11 13:00:00,58,2,1.1428571428571428,0.387037037037037,0.0,0.4184666666666666,optimal
2021-02-11 13:30:00,58,2,1.1428571428571428,0.1548148148148148,0.0,0.6867000000000001,optimal
2021-02-11 14:00:00,58,2,1.1428571428571428,0.0774074074074074,0.0,0.45489999999999997,optimal
2021-02-11 14:30:00,58,2,1.1428571428571428,0.23222222222222222,0.0,0.3626666666666667,optimal
2021-02-11 15:00:00,58,2,1.1428571428571428,0.23222222222222222,0.0,0.3594,optimal
2021-02-11 15:30:00,58,2,1.1428571428571428,0.0,0.0,0.34856666666666664,optimal
2021-02-11 16:00:00,58,2,0.0,0.0,0.0,0.16653333333333334,optimal
2021-02-11 16:30:00,58,2,0.0,0.387037037037037,0.0,0.5588666666666666,optimal
2021-02-11 17:00:00,58,2,0.0,0.0,0.0,0.4089666666666666,optimal
2021-02-11 17:30:00,58,2,0.0,0.3096296296296296,0.0,0.6078,optimal
2021-02-11 18:00:00,58,2,0.0,0.0774074074074074,0.0,0.6808,optimal
2021-02-11 18:30:00,58,2,0.0,0.23222222222222222,0.0,0.4126666666666667,optimal
2021-02-11 19:00:00,58,2,0.0,0.0,0.0,0.3964666666666666,optimal
2021-02-11 19:30:00,58,2,0.0,0.0774074074074074,0.0,0.37560000000000004,optimal
2021-02-11 20:00:00,58,2,0.08900521452876707,0.6192592592592592,0.0,0.3098333333333333,optimal
2021-02-11 20:30:00,58,2,0.0,0.1548148148148148,0.0,0.565,optimal
2021-02-11 21:00:00,58,2,0.0,0.0,0.0,0.32530000000000003,optimal
2021-02-11 21:30:00,58,2,0.0,0.0,0.0,0.3303333333333333,optimal
2021-02-11 22:00:00,58,2,0.0,0.0774074074074074,0.0,0.3494,optimal
2021-02-11 22:30:00,58,2,0.0,0.0,0.0,0.3207,optimal
2021-02-11 23:00:00,58,2,0.0,0.0,0.0,0.12140000000000001,optimal
2021-02-11 23:30:00,58,2,0.0,0.0,0.0,0.26773333333333327,optimal
2021-02-12 00:00:00,58,2,1.1428571428571428,0.0,0.0,0.06146666666666667,optimal
2021-02-12 00:30:00,58,2,1.1428571428571428,0.0,0.0,0.10146666666666668,optimal
2021-02-12 01:00:00,58,2,1.1428571428571428,0.0,0.0,0.06,optimal
2021-02-12 01:30:00,58,2,1.1428571428571428,0.0,0.0,0.067,optimal
2021-02-12 02:00:00,58,2,1.1428571428571428,0.0,0.0,0.063,optimal
2021-02-12 02:30:00,58,2,1.1428571428571428,0.0,0.0,0.06,optimal
2021-02-12 03:00:00,58,2,1.1428571428571428,0.0,0.0,0.06,optimal
2021-02-12 03:30:00,58,2,1.1428571428571428,0.0,0.0,0.06,optimal
2021-02-12 04:00:00,58,2,1.1428571428571428,0.0,0.0,0.06,optimal
2021-02-12 04:30:00,58,2,1.1428571428571428,0.0,0.0,0.06,optimal
2021-02-12 05:00:00,58,2,1.1428571428571428,8.127777777777778,0.0,0.20466666666666664,optimal
2021-02-12 05:30:00,58,2,1.1428571428571428,0.3096296296296296,0.0,0.20483333333333328,optimal
2021-02-12 06:00:00,58,2,1.1428571428571428,5.263703703703704,0.0,0.27813333333333334,optimal
2021-02-12 06:30:00,58,2,1.1428571428571428,0.387037037037037,8.726366934583805,0.46813333333333335,optimal
2021-02-12 07:00:00,58,2,1.1428571428571428,0.23222222222222222,0.0,1.2266,optimal
2021-02-12 07:30:00,58,2,1.1428571428571428,3.973510347597724,0.0,1.7417,optimal
2021-02-12 08:00:00,58,2,0.611141943417968,0.46444444444444444,0.0,1.6152,optimal
2021-02-12 08:30:00,58,2,0.7896160563870597,5.65074074074074,0.0,0.5403,optimal
2021-02-12 09:00:00,58,2,0.7664222147698981,0.387037037037037,0.0,0.4807666666666667,optimal
2021-02-12 09:30:00,58,2,0.677664114967003,0.23222222222222222,0.0,0.18619999999999998,optimal
2021-02-12 10:00:00,58,2,0.527496653176334,1.006296296296296,0.0,0.098,optimal
2021-02-12 10:30:00,58,2,0.5018322367619494,0.0774074074074074,0.0,0.1586,optimal
2021-02-12 11:00:00,58,2,0.3600719343765528,0.0,0.0,0.229,optimal
2021-02-12 11:30:00,58,2,0.32344721565809215,0.23222222222222222,0.0,0.2657,optimal
2021-02-12 12:00:00,58,2,0.23441649728707128,0.3096296296296296,0.0,0.45480000000000004,optimal
2021-02-12 12:30:00,58,2,0.570933478773858,0.0,0.0,0.10579999999999999,optimal
2021-02-12 13:00:00,58,2,1.1428571428571428,0.0774074074074074,0.0,0.11,optimal
2021-02-12 13:30:00,58,2,1.1428571428571428,0.1548148148148148,0.0,3.2395666666666667,optimal
2021-02-12 14:00:00,58,2,1.1428571428571428,0.0,0.0,0.07796666666666667,optimal
2021-02-12 14:30:00,58,2,1.1428571428571428,0.0,0.0,0.108,optimal
2021-02-12 15:00:00,58,2,1.1428571428571428,0.46444444444444444,0.0,0.33146666666666663,optimal
2021-02-12 15:30:00,58,2,1.1428571428571428,0.23222222222222222,0.0,0.12373333333333332,optimal
2021-02-12 16:00:00,58,2,0.0,0.23222222222222222,0.0,0.30960000000000004,optimal
2021-02-12 16:30:00,58,2,0.0,0.0,0.0,0.07,optimal
2021-02-12 17:00:00,58,2,0.0,0.0,0.0,1.0260333333333334,optimal
2021-02-12 17:30:00,58,2,0.0,0.0,0.0,0.4216333333333333,optimal
2021-02-12 18:00:00,58,2,0.0,0.0,0.0,0.07,optimal
2021-02-12 18:30:00,58,2,0.0,0.0,0.0,0.07,optimal
2021-02-12 19:00:00,58,2,0.0,0.1548148148148148,0.0,0.2437333333333333,optimal
2021-02-12 19:30:00,58,2,0.6389519038000815,0.0,0.0,0.351,optimal
2021-02-12 20:00:00,58,2,0.5846203888560598,0.3096296296296296,0.0,0.3518,optimal
2021-02-12 20:30:00,58,2,0.0,0.0,0.0,0.385,optimal
2021-02-12 21:00:00,58,2,0.0,0.0,0.0,0.07,optimal
2021-02-12 21:30:00,58,2,0.0,0.0,0.0,0.07,optimal
2021-02-12 22:00:00,58,2,0.0,0.0,0.0,0.07,optimal
2021-02-12 22:30:00,58,2,0.0,0.0,0.0,0.07,optimal
2021-02-12 23:00:00,58,2,0.0,0.0,0.0,0.07,optimal
2021-02-12 23:30:00,58,2,0.0,0.0,0.0,0.06633333333333333,optimal
2021-02-13 00:00:00,58,2,0.0,0.0,0.0,0.061666666666666654,optimal
2021-02-13 00:30:00,58,2,0.5620638752529791,0.387037037037037,0.0,0.44110000000000005,optimal
2021-02-13 01:00:00,58,2,1.1428571428571428,0.0,0.0,0.06,optimal
2021-02-13 01:30:00,58,2,1.1428571428571428,0.0,0.0,0.06,optimal
2021-02-13 02:00:00,58,2,1.1428571428571428,0.0,0.0,0.214,optimal
2021-02-13 02:30:00,58,2,1.1428571428571428,0.0,0.0,0.06,optimal
2021-02-13 03:00:00,58,2,1.1428571428571428,0.0,0.0,0.06,optimal
2021-02-13 03:30:00,58,2,1.1428571428571428,0.0,0.0,0.102,optimal
2021-02-13 04:00:00,58,2,1.1428571428571428,0.0,0.0,0.172,optimal
2021-02-13 04:30:00,58,2,1.1428571428571428,0.0,0.0,0.06,optimal
2021-02-13 05:00:00,58,2,1.1428571428571428,0.0,0.0,0.214,optimal
2021-02-13 05:30:00,58,2,1.1428571428571428,0.0,0.0,0.06,optimal
2021-02-13 06:00:00,58,2,1.1428571428571428,0.0,3.75437954887411,0.074,optimal
2021-02-13 06:30:00,58,2,1.1428571428571428,0.0,10.0,0.2,optimal
2021-02-13 07:00:00,58,2,1.1428571428571428,0.23222222222222222,10.0,0.18086666666666668,optimal
2021-02-13 07:30:00,58,2,1.1428571428571428,0.815874074074074,0.0,0.2203333333333333,optimal
2021-02-13 08:00:00,58,2,0.5664926741614237,0.42264444444444443,0.0,0.5116,optimal
2021-02-13 08:30:00,58,2,0.5802108125858192,1.0837037037037036,0.0,0.634,optimal
2021-02-13 09:00:00,58,2,0.5055057313584157,0.3096296296296296,0.0,0.7951333333333334,optimal
2021-02-13 09:30:00,58,2,0.6565345187184806,0.0,0.0,0.3642666666666666,optimal
2021-02-13 10:00:00,58,2,0.6964341523155351,0.0,0.0,0.091,optimal
2021-02-13 10:30:00,58,2,0.6782951478827824,0.0,0.0,0.147,optimal
2021-02-13 11:00:00,58,2,0.7758984280150723,0.0,0.0,0.147,optimal
2021-02-13 11:30:00,58,2,1.1428571428571428,0.0,0.0,0.098,optimal
2021-02-13 12:00:00,58,2,1.1428571428571428,0.0,0.0,0.196,optimal
2021-02-13 12:30:00,58,2,1.1428571428571428,0.0,0.0,0.07,optimal
2021-02-13 13:00:00,58,2,1.1428571428571428,0.0,0.0,0.217,optimal
2021-02-13 13:30:00,58,2,1.1428571428571428,0.0,0.0,0.077,optimal
2021-02-13 14:00:00,58,2,1.1428571428571428,0.0,0.0,0.07,optimal
2021-02-13 14:30:00,58,2,1.1428571428571428,0.0,0.0,0.07,optimal
2021-02-13 15:00:00,58,2,1.1428571428571428,0.0,0.0,0.224,optimal
2021-02-13 15:30:00,58,2,1.1428571428571428,0.0,0.0,0.07,optimal
2021-02-13 16:00:00,58,2,0.0,0.0,0.0,0.203,optimal
2021-02-13 16:30:00,58,2,0.0,0.0,0.0,0.091,optimal
2021-02-13 17:00:00,58,2,0.0,0.0,0.0,0.07,optimal
2021-02-13 17:30:00,58,2,0.0,0.0,0.0,0.224,optimal
2021-02-13 18:00:00,58,2,0.0,0.0774074074074074,0.0,0.3113333333333333,optimal
2021-02-13 18:30:00,58,2,0.0,2.631851851851852,0.0,0.3485,optimal
2021-02-13 19:00:00,58,2,0.0,6.579629629629631,0.0,0.5378,optimal
2021-02-13 19:30:00,58,2,0.5916090466572338,0.23222222222222222,0.0,0.6139666666666667,optimal
2021-02-13 20:00:00,58,2,0.6376775317132061,0.0,0.0,0.28886666666666666,optimal
2021-02-13 20:30:00,58,2,0.0,0.46444444444444444,0.0,0.543,optimal
2021-02-13 21:00:00,58,2,0.0,0.1548148148148148,0.0,0.5508333333333334,optimal
2021-02-13 21:30:00,58,2,0.0,0.0,0.0,0.7032999999999999,optimal
2021-02-13 22:00:00,58,2,0.0,0.0,0.0,0.5247666666666666,optimal
2021-02-13 22:30:00,58,2,0.0,2.7092592592592597,0.0,0.5802,optimal
2021-02-13 23:00:00,58,2,0.0,0.0,0.0,0.48360000000000003,optimal
2021-02-13 23:30:00,58,2,0.0,0.0,0.0,0.07,optimal
2021-02-07 00:00:00,59,2,0.0,0.0,0.0,0.056,optimal
2021-02-07 00:30:00,59,2,0.0,0.0,0.0,0.056,optimal
2021-02-07 01:00:00,59,2,0.0,0.2740222222222222,0.0,0.13836666666666667,optimal
2021-02-07 01:30:00,59,2,0.0,2.7448666666666663,0.0,0.41836666666666666,optimal
2021-02-07 02:00:00,59,2,0.0,0.0,0.0,0.12140000000000001,optimal
2021-02-07 02:30:00,59,2,0.0,0.0,0.0,0.09093333333333334,optimal
2021-02-07 03:00:00,59,2,0.0,0.23222222222222222,0.0,0.1792,optimal
2021-02-07 03:30:00,59,2,0.0,0.1548148148148148,0.0,0.37460000000000004,optimal
2021-02-07 04:00:00,59,2,1.1428571428571428,0.46444444444444444,0.9058442651748441,0.2738,optimal
2021-02-07 04:30:00,59,2,1.1428571428571428,0.0,0.0,1.1208666666666665,optimal
2021-02-07 05:00:00,59,2,1.1428571428571428,0.0,0.0,0.0824,optimal
2021-02-07 05:30:00,59,2,1.1428571428571428,0.0,0.0,0.22240000000000001,optimal
2021-02-07 06:00:00,59,2,1.1428571428571428,0.0,0.0,0.088,optimal
2021-02-07 06:30:00,59,2,1.1428571428571428,0.6192592592592592,0.0,0.104,optimal
2021-02-07 07:00:00,59,2,1.1428571428571428,0.387037037037037,0.0,0.2176,optimal
2021-02-07 07:30:00,59,2,0.0,0.0,0.0,0.0722,optimal
2021-02-07 08:00:00,59,2,0.0,0.6192592592592592,0.0,1.5589666666666666,optimal
2021-02-07 08:30:00,59,2,0.0,0.387037037037037,0.0,0.8197666666666666,optimal
2021-02-07 09:00:00,59,2,0.0,0.387037037037037,0.0,0.14959999999999998,optimal
2021-02-07 09:30:00,59,2,0.427990437571631,0.0,0.0,0.49796666666666656,optimal
2021-02-07 10:00:00,59,2,0.538009146882123,0.1548148148148148,0.0,0.25,optimal
2021-02-07 10:30:00,59,2,0.5352871557476128,0.0,0.0,0.3683666666666667,optimal
2021-02-07 11:00:00,59,2,0.516006197904955,0.0,0.0,0.2783,optimal
2021-02-07 11:30:00,59,2,0.5613935811969875,0.0,0.0,0.2841666666666667,optimal
2021-02-07 12:00:00,59,2,1.1428571428571428,0.23222222222222222,0.0,0.2901333333333333,optimal
2021-02-07 12:30:00,59,2,1.1428571428571428,0.0,0.0,0.1398,optimal
2021-02-07 13:00:00,59,2,1.1428571428571428,0.0,0.0,0.0701,optimal
2021-02-07 13:30:00,59,2,1.1428571428571428,0.0,0.0,0.1357,optimal
2021-02-07 14:00:00,59,2,1.1428571428571428,0.0,0.0,0.1485,optimal
2021-02-07 14:30:00,59,2,1.1428571428571428,0.0,0.0,0.14959999999999998,optimal
2021-02-07 15:00:00,59,2,1.1428571428571428,0.0,0.0,0.0947,optimal
2021-02-07 15:30:00,59,2,1.1428571428571428,0.0,0.0,0.0906,optimal
2021-02-07 16:00:00,59,2,0.0,0.0,0.0,0.1152,optimal
2021-02-07 16:30:00,59,2,0.0,0.0,0.0,0.0715,optimal
2021-02-07 17:00:00,59,2,0.0,0.0,0.0,0.1815,optimal
2021-02-07 17:30:00,59,2,0.0,0.0,0.0,0.32380000000000003,optimal
2021-02-07 18:00:00,59,2,0.0,0.0774074074074074,0.0,0.8112666666666667,optimal
2021-02-07 18:30:00,59,2,0.0,1.8206222222222221,0.0,1.8159,optimal
2021-02-07 19:00:00,59,2,0.0,1.2756740740740744,0.0,1.025766666666667,optimal
2021-02-07 19:30:00,59,2,0.5285041938150621,5.882962962962964,0.0,0.49460000000000004,optimal
2021-02-07 20:00:00,59,2,0.5819994319103012,0.23222222222222222,0.0,0.2369,optimal
2021-02-07 20:30:00,59,2,0.0,0.0,0.0,0.07546666666666667,optimal
2021-02-07 21:00:00,59,2,0.0,0.6192592592592592,0.0,0.5175333333333333,optimal
2021-02-07 21:30:00,59,2,0.0,0.0,0.0,0.1356,optimal
2021-02-07 22:00:00,59,2,0.0,0.23222222222222222,0.0,0.24923333333333328,optimal
2021-02-07 22:30:00,59,2,0.0,0.23222222222222222,0.0,0.236,optimal
2021-02-07 23:00:00,59,2,0.0,0.0774074074074074,0.0,0.3679666666666666,optimal
2021-02-07 23:30:00,59,2,0.0,0.0,0.0,0.1265,optimal
2021-02-08 00:00:00,59,2,0.0,1.6255555555555554,0.0,0.05913333333333333,optimal
2021-02-08 00:30:00,59,2,0.0,0.0,0.0,0.06566666666666666,optimal
2021-02-08 01:00:00,59,2,0.0,0.0,0.0,0.1182,optimal
2021-02-08 01:30:00,59,2,0.5036849928605094,0.0,0.0,0.09259999999999999,optimal
2021-02-08 02:00:00,59,2,1.1428571428571428,0.0,0.0,0.067,optimal
2021-02-08 02:30:00,59,2,1.1428571428571428,0.0,0.0,0.10540000000000001,optimal
2021-02-08 03:00:00,59,2,1.1428571428571428,0.0,0.0,0.10540000000000001,optimal
2021-02-08 03:30:00,59,2,1.1428571428571428,0.0,0.0,0.1267333333333333,optimal
2021-02-08 04:00:00,59,2,1.1428571428571428,0.0,0.0,0.08406666666666666,optimal
2021-02-08 04:30:00,59,2,1.1428571428571428,0.0,0.0,0.067,optimal
2021-02-08 05:00:00,59,2,1.1428571428571428,0.0,0.0,0.13953333333333334,optimal
2021-02-08 05:30:00,59,2,1.1428571428571428,0.0,0.0,0.07126666666666667,optimal
2021-02-08 06:00:00,59,2,1.1428571428571428,0.0,3.7841060245691285,0.11393333333333333,optimal
2021-02-08 06:30:00,59,2,1.1428571428571428,1.8577777777777778,10.0,0.10353333333333331,optimal
2021-02-08 07:00:00,59,2,1.1428571428571428,0.5418518518518518,10.0,0.179,optimal
2021-02-08 07:30:00,59,2,1.1428571428571428,1.006296296296296,0.0,0.1995,optimal
2021-02-08 08:00:00,59,2,0.5934197765916145,0.5418518518518518,0.0,0.21509999999999999,optimal
2021-02-08 08:30:00,59,2,0.6834025473618721,0.23222222222222222,0.0,0.22246666666666667,optimal
2021-02-08 09:00:00,59,2,0.7606795151035876,0.0,0.0,0.067,optimal
2021-02-08 09:30:00,59,2,0.7323196446624828,0.0,0.0,0.1438,optimal
2021-02-08 10:00:00,59,2,0.6601312721029284,0.0,0.0,0.067,optimal
2021-02-08 10:30:00,59,2,0.666548285401181,0.0,0.0,0.067,optimal
2021-02-08 11:00:00,59,2,0.5697067907806128,0.0,0.0,0.067,optimal
2021-02-08 11:30:00,59,2,0.5483621152484485,0.0,0.0,0.1267333333333333,optimal
2021-02-08 12:00:00,59,2,0.5240756930073405,0.0,0.0,0.08406666666666666,optimal
2021-02-08 12:30:00,59,2,0.5191768181334868,0.0,0.0,0.07126666666666667,optimal
2021-02-08 13:00:00,59,2,1.1428571428571428,0.0,0.0,0.13953333333333334,optimal
2021-02-08 13:30:00,59,2,1.1428571428571428,0.1548148148148148,0.0,0.13353333333333334,optimal
2021-02-08 14:00:00,59,2,1.1428571428571428,0.1548148148148148,0.0,0.26946666666666663,optimal
2021-02-08 14:30:00,59,2,1.1428571428571428,0.23222222222222222,0.0,0.226,optimal
2021-02-08 15:00:00,59,2,1.1428571428571428,0.0,0.0,0.4657,optimal
2021-02-08 15:30:00,59,2,1.1428571428571428,0.23222222222222222,0.0,0.2914333333333333,optimal
2021-02-08 16:00:00,59,2,0.0,0.0,0.0,0.5384,optimal
2021-02-08 16:30:00,59,2,0.0,0.0,0.0,0.4186666666666667,optimal
2021-02-08 17:00:00,59,2,0.0,0.6966666666666667,0.0,0.3386,optimal
2021-02-08 17:30:00,59,2,0.0,0.5418518518518518,0.0,0.39813333333333334,optimal
2021-02-08 18:00:00,59,2,0.0,0.1548148148148148,0.0,0.4686666666666667,optimal
2021-02-08 18:30:00,59,2,0.0,0.0774074074074074,0.0,0.4459333333333333,optimal
2021-02-08 19:00:00,59,2,0.0,2.4770370370370367,0.0,1.8974666666666666,optimal
2021-02-08 19:30:00,59,2,0.0,0.0774074074074074,0.0,0.5518333333333334,optimal
2021-02-08 20:00:00,59,2,0.2546304185456355,0.0,0.0,0.38,optimal
2021-02-08 20:30:00,59,2,0.0,0.0774074074074074,0.0,0.3852,optimal
2021-02-08 21:00:00,59,2,0.0,0.387037037037037,0.0,0.32716666666666666,optimal
2021-02-08 21:30:00,59,2,0.0,0.0,0.0,1.0963333333333332,optimal
2021-02-08 22:00:00,59,2,0.0,0.23222222222222222,0.0,0.8199333333333333,optimal
2021-02-08 22:30:00,59,2,0.0,0.0774074074074074,0.0,0.19963333333333333,optimal
2021-02-08 23:00:00,59,2,0.0,0.0,0.0,0.067,optimal
2021-02-08 23:30:00,59,2,0.0,0.0,0.0,0.067,optimal
2021-02-09 00:00:00,59,2,0.0,0.0,0.0,0.1348,optimal
2021-02-09 00:30:00,59,2,0.0,0.0,0.0,0.058,optimal
2021-02-09 01:00:00,59,2,0.502399178982379,0.0,0.0,0.223,optimal
2021-02-09 01:30:00,59,2,1.1428571428571428,0.0,0.0,0.1348,optimal
2021-02-09 02:00:00,59,2,1.1428571428571428,0.0,0.0,0.208,optimal
2021-02-09 02:30:00,59,2,1.1428571428571428,0.0,0.0,0.073,optimal
2021-02-09 03:00:00,59,2,1.1428571428571428,0.0,0.0,0.1348,optimal
2021-02-09 03:30:00,59,2,1.1428571428571428,0.0,0.0,0.2155,optimal
2021-02-09 04:00:00,59,2,1.1428571428571428,0.0,0.0,0.10816666666666669,optimal
2021-02-09 04:30:00,59,2,1.1428571428571428,0.0,0.0,0.09213333333333334,optimal
2021-02-09 05:00:00,59,2,1.1428571428571428,0.0,0.0,0.223,optimal
2021-02-09 05:30:00,59,2,1.1428571428571428,0.0,0.0,0.1348,optimal
2021-02-09 06:00:00,59,2,1.1428571428571428,0.0,3.154022146200182,0.058,optimal
2021-02-09 06:30:00,59,2,1.1428571428571428,0.387037037037037,10.0,0.061666666666666654,optimal
2021-02-09 07:00:00,59,2,1.1428571428571428,0.0,10.0,0.06733333333333333,optimal
2021-02-09 07:30:00,59,2,1.1428571428571428,0.0,0.0,0.2317,optimal
2021-02-09 08:00:00,59,2,0.823198046857303,0.0,0.0,0.1411,optimal
2021-02-09 08:30:00,59,2,0.8390953192733412,0.0,0.0,0.058,optimal
2021-02-09 09:00:00,59,2,0.7529995089206352,0.0,0.0,0.1348,optimal
2021-02-09 09:30:00,59,2,0.7363940537527102,0.0,0.0,0.153,optimal
2021-02-09 10:00:00,59,2,0.6070856025272927,0.0,0.0,0.21480000000000002,optimal
2021-02-09 10:30:00,59,2,0.6173810565540152,0.0,0.0,0.08733333333333333,optimal
2021-02-09 11:00:00,59,2,0.46218773469620655,0.3096296296296296,0.0,0.22153333333333333,optimal
2021-02-09 11:30:00,59,2,0.5213630159777459,0.0,0.0,0.10493333333333334,optimal
2021-02-09 12:00:00,59,2,0.4682357562223563,0.0,0.0,0.058,optimal
2021-02-09 12:30:00,59,2,0.42323190351224965,0.0,0.0,0.223,optimal
2021-02-09 13:00:00,59,2,1.1428571428571428,0.0,0.0,0.13053333333333333,optimal
2021-02-09 13:30:00,59,2,1.1428571428571428,0.0,0.0,0.19726666666666667,optimal
2021-02-09 14:00:00,59,2,1.1428571428571428,0.0,0.0,0.088,optimal
2021-02-09 14:30:00,59,2,1.1428571428571428,0.0,0.0,0.1348,optimal
2021-02-09 15:00:00,59,2,1.1428571428571428,0.0,0.0,0.24409999999999998,optimal
2021-02-09 15:30:00,59,2,1.1428571428571428,0.0,0.0,0.20776666666666668,optimal
2021-02-09 16:00:00,59,2,0.0,0.3096296296296296,0.0,0.10996666666666668,optimal
2021-02-09 16:30:00,59,2,0.0,0.23222222222222222,0.0,0.109,optimal
2021-02-09 17:00:00,59,2,0.0,0.0,0.0,0.22093333333333331,optimal
2021-02-09 17:30:00,59,2,0.0,0.1548148148148148,0.0,0.4038,optimal
2021-02-09 18:00:00,59,2,0.0,0.1548148148148148,0.0,0.2518666666666667,optimal
2021-02-09 18:30:00,59,2,0.0,0.23222222222222222,0.0,0.24566666666666662,optimal
2021-02-09 19:00:00,59,2,0.0,0.0,0.0,0.4268,optimal
2021-02-09 19:30:00,59,2,0.40390815955161086,0.3096296296296296,0.0,0.18030000000000002,optimal
2021-02-09 20:00:00,59,2,0.49113960693789677,0.0,0.0,0.32543333333333335,optimal
2021-02-09 20:30:00,59,2,0.0,2.3222222222222215,0.0,0.35026666666666667,optimal
2021-02-09 21:00:00,59,2,0.0,0.5418518518518518,0.0,1.8386333333333327,optimal
2021-02-09 21:30:00,59,2,0.0,0.1548148148148148,0.0,0.4361666666666667,optimal
2021-02-09 22:00:00,59,2,0.0,0.0,0.0,0.14,optimal
2021-02-09 22:30:00,59,2,0.0,0.0,0.0,0.2522,optimal
2021-02-09 23:00:00,59,2,0.0,0.0,0.0,0.2007,optimal
2021-02-09 23:30:00,59,2,0.0,0.0,0.0,0.3055333333333334,optimal
2021-02-10 00:00:00,59,2,0.0,0.0,0.0,0.056,optimal
2021-02-10 00:30:00,59,2,0.0,0.0,0.0,0.056,optimal
2021-02-10 01:00:00,59,2,0.825654430047004,0.0,0.0,0.1733,optimal
2021-02-10 01:30:00,59,2,1.1428571428571428,0.0,0.0,0.0905,optimal
2021-02-10 02:00:00,59,2,1.1428571428571428,0.0,0.0,0.056,optimal
2021-02-10 02:30:00,59,2,1.1428571428571428,0.0,0.0,0.2078,optimal
2021-02-10 03:00:00,59,2,1.1428571428571428,0.0,0.0,0.056,optimal
2021-02-10 03:30:00,59,2,1.1428571428571428,0.0,0.0,0.1043,optimal
2021-02-10 04:00:00,59,2,1.1428571428571428,0.0,0.0,0.1595,optimal
2021-02-10 04:30:00,59,2,1.1428571428571428,0.0,0.0,0.056,optimal
2021-02-10 05:00:00,59,2,1.1428571428571428,0.0,0.0,0.1802,optimal
2021-02-10 05:30:00,59,2,1.1428571428571428,0.0,0.0,0.0836,optimal
2021-02-10 06:00:00,59,2,1.1428571428571428,0.0,0.0,0.0974,optimal
2021-02-10 06:30:00,59,2,1.1428571428571428,0.0,7.6140905633288245,0.1674,optimal
2021-02-10 07:00:00,59,2,1.1428571428571428,0.0,10.0,0.06266666666666666,optimal
2021-02-10 07:30:00,59,2,1.1428571428571428,2.7866666666666666,0.0,0.06566666666666666,optimal
2021-02-10 08:00:00,59,2,0.7529521567349209,6.192592592592592,0.0,0.10703333333333331,optimal
2021-02-10 08:30:00,59,2,0.8107294723372522,0.0,0.0,0.21780000000000002,optimal
2021-02-10 09:00:00,59,2,0.7811471040455151,0.0,0.0,0.066,optimal
2021-02-10 09:30:00,59,2,0.7489339434573803,0.0,0.0,0.14880000000000002,optimal
2021-02-10 10:00:00,59,2,0.639951968413655,0.0,0.0,0.135,optimal
2021-02-10 10:30:00,59,2,0.653249240829693,0.0,0.0,0.066,optimal
2021-02-10 11:00:00,59,2,0.5411480169276571,0.0,0.0,0.18330000000000002,optimal
2021-02-10 11:30:00,59,2,0.5605271509192985,0.0,0.0,0.1005,optimal
2021-02-10 12:00:00,59,2,0.4669262501086952,0.0,0.0,0.0867,optimal
2021-02-10 12:30:00,59,2,1.1004510379565595,0.0,0.0,0.1971,optimal
2021-02-10 13:00:00,59,2,1.1428571428571428,0.0,0.0,0.066,optimal
2021-02-10 13:30:00,59,2,1.1428571428571428,0.0,0.0,0.20126666666666668,optimal
2021-02-10 14:00:00,59,2,1.1428571428571428,0.1548148148148148,0.0,0.27366666666666667,optimal
2021-02-10 14:30:00,59,2,1.1428571428571428,0.0,0.0,0.1717,optimal
2021-02-10 15:00:00,59,2,1.1428571428571428,0.774074074074074,0.0,0.3122,optimal
2021-02-10 15:30:00,59,2,1.1428571428571428,0.0,0.0,0.1581,optimal
2021-02-10 16:00:00,59,2,0.0,0.0,0.0,0.1143,optimal
2021-02-10 16:30:00,59,2,0.0,0.0,0.0,0.1725,optimal
2021-02-10 17:00:00,59,2,0.0,0.0,0.0,0.066,optimal
2021-02-10 17:30:00,59,2,0.0,0.0,0.0,0.066,optimal
2021-02-10 18:00:00,59,2,0.0,0.0,0.0,0.18930000000000002,optimal
2021-02-10 18:30:00,59,2,0.0,0.387037037037037,0.0,0.10683333333333331,optimal
2021-02-10 19:00:00,59,2,0.0,0.23222222222222222,0.0,0.09026666666666668,optimal
2021-02-10 19:30:00,59,2,0.6225879647173809,0.0,0.0,0.20296666666666666,optimal
2021-02-10 20:00:00,59,2,0.5620925106906614,0.23222222222222222,0.0,0.4386666666666667,optimal
2021-02-10 20:30:00,59,2,0.0,0.0,0.0,0.20183333333333328,optimal
2021-02-10 21:00:00,59,2,0.0,0.5418518518518518,0.0,0.3791333333333333,optimal
2021-02-10 21:30:00,59,2,0.0,0.0,0.0,0.234,optimal
2021-02-10 22:00:00,59,2,0.0,0.0774074074074074,0.0,0.5011,optimal
2021-02-10 22:30:00,59,2,0.0,2.1674074074074072,0.0,0.4044,optimal
2021-02-10 23:00:00,59,2,0.0,0.0,0.0,0.081,optimal
2021-02-10 23:30:00,59,2,0.0,0.0,0.0,0.1921,optimal
2021-02-11 00:00:00,59,2,1.1428571428571428,0.0,0.0,0.06533333333333333,optimal
2021-02-11 00:30:00,59,2,1.1428571428571428,0.0,0.0,0.20416666666666664,optimal
2021-02-11 01:00:00,59,2,1.1428571428571428,0.0,0.0,0.14983333333333335,optimal
2021-02-11 01:30:00,59,2,1.1428571428571428,0.0,0.0,0.11733333333333332,optimal
2021-02-11 02:00:00,59,2,1.1428571428571428,0.0,0.0,0.15133333333333335,optimal
2021-02-11 02:30:00,59,2,1.1428571428571428,0.0,0.0,0.16066666666666665,optimal
2021-02-11 03:00:00,59,2,1.1428571428571428,0.0,0.0,0.1853333333333333,optimal
2021-02-11 03:30:00,59,2,1.1428571428571428,0.0,0.0,0.172,optimal
2021-02-11 04:00:00,59,2,1.1428571428571428,0.0,0.0,0.14566666666666667,optimal
2021-02-11 04:30:00,59,2,1.1428571428571428,0.0,0.0,0.19836666666666666,optimal
2021-02-11 05:00:00,59,2,1.1428571428571428,0.0,0.0,0.0853,optimal
2021-02-11 05:30:00,59,2,1.1428571428571428,0.0,0.0,0.18136666666666668,optimal
2021-02-11 06:00:00,59,2,1.1428571428571428,0.0,0.0,0.17596666666666666,optimal
2021-02-11 06:30:00,59,2,1.1428571428571428,0.0,5.782811125184582,0.072,optimal
2021-02-11 07:00:00,59,2,1.1428571428571428,0.0,10.0,0.19666666666666663,optimal
2021-02-11 07:30:00,59,2,1.1428571428571428,2.161043426680249,0.0,0.10303333333333332,optimal
2021-02-11 08:00:00,59,2,0.8935639322700596,0.0,0.0,0.1693,optimal
2021-02-11 08:30:00,59,2,0.9034952312825948,0.0,0.0,0.157,optimal
2021-02-11 09:00:00,59,2,0.8431407542368782,0.7167925925925925,0.0,0.10933333333333331,optimal
2021-02-11 09:30:00,59,2,0.6410107508132658,1.7602444444444445,0.0,0.43,optimal
2021-02-11 10:00:00,59,2,0.5752613140601835,2.7092592592592597,0.0,0.12133333333333332,optimal
2021-02-11 10:30:00,59,2,0.6461674624912852,0.0,0.0,0.072,optimal
2021-02-11 11:00:00,59,2,0.9055920440829348,0.0,0.0,0.10746666666666668,optimal
2021-02-11 11:30:00,59,2,1.1428571428571428,0.0,0.0,0.24986666666666668,optimal
2021-02-11 12:00:00,59,2,1.1428571428571428,0.0,0.0,0.072,optimal
2021-02-11 12:30:00,59,2,1.1428571428571428,0.0,0.0,0.072,optimal
2021-02-11 13:00:00,59,2,1.1428571428571428,0.0,0.0,0.14736666666666667,optimal
2021-02-11 13:30:00,59,2,1.1428571428571428,0.0,0.0,0.13063333333333332,optimal
2021-02-11 14:00:00,59,2,1.1428571428571428,0.0,0.0,0.16906666666666667,optimal
2021-02-11 14:30:00,59,2,1.1428571428571428,0.0,0.0,0.14293333333333333,optimal
2021-02-11 15:00:00,59,2,1.1428571428571428,0.0,0.0,0.11166666666666669,optimal
2021-02-11 15:30:00,59,2,1.1428571428571428,0.0,0.0,0.24566666666666662,optimal
2021-02-11 16:00:00,59,2,0.0,0.0,0.0,0.072,optimal
2021-02-11 16:30:00,59,2,0.0,0.0,0.0,0.19123333333333328,optimal
2021-02-11 17:00:00,59,2,0.0,0.0,0.0,0.1661,optimal
2021-02-11 17:30:00,59,2,0.0,0.0,0.0,0.09416666666666669,optimal
2021-02-11 18:00:00,59,2,0.0,0.0,0.0,0.1385,optimal
2021-02-11 18:30:00,59,2,0.0,0.0,0.0,0.22640000000000002,optimal
2021-02-11 19:00:00,59,2,0.0,0.23222222222222222,0.0,0.24719999999999998,optimal
2021-02-11 19:30:00,59,2,0.8065757247359171,0.0,0.0,2.777833333333333,optimal
2021-02-11 20:00:00,59,2,0.8720283670884834,0.0,0.0,0.3753666666666667,optimal
2021-02-11 20:30:00,59,2,0.0,0.0774074074074074,0.0,0.4181666666666667,optimal
2021-02-11 21:00:00,59,2,0.0,0.3096296296296296,0.0,0.44903333333333334,optimal
2021-02-11 21:30:00,59,2,0.0,0.0,0.0,0.3632666666666666,optimal
2021-02-11 22:00:00,59,2,0.0,0.1548148148148148,0.0,0.6351666666666667,optimal
2021-02-11 22:30:00,59,2,0.0,0.0,0.0,2.5087333333333333,optimal
2021-02-11 23:00:00,59,2,0.0,0.0,0.0,2.7689,optimal
2021-02-11 23:30:00,59,2,0.0,0.46444444444444444,0.0,2.581633333333333,optimal
2021-02-12 00:00:00,59,2,1.1428571428571428,0.0,0.0,0.064,optimal
2021-02-12 00:30:00,59,2,1.1428571428571428,0.0,0.0,0.0896,optimal
2021-02-12 01:00:00,59,2,1.1428571428571428,0.0,0.0,0.10726666666666668,optimal
2021-02-12 01:30:00,59,2,1.1428571428571428,0.0,0.0,0.175,optimal
2021-02-12 02:00:00,59,2,1.1428571428571428,0.0,0.0,0.112,optimal
2021-02-12 02:30:00,59,2,1.1428571428571428,0.0,0.0,0.17666666666666667,optimal
2021-02-12 03:00:00,59,2,1.1428571428571428,0.0,0.0,0.1216,optimal
2021-02-12 03:30:00,59,2,1.1428571428571428,0.0,0.0,0.14286666666666667,optimal
2021-02-12 04:00:00,59,2,1.1428571428571428,0.0,0.0,0.1202,optimal
2021-02-12 04:30:00,59,2,1.1428571428571428,0.0,0.0,0.0992,optimal
2021-02-12 05:00:00,59,2,1.1428571428571428,0.0,0.0,0.16540000000000002,optimal
2021-02-12 05:30:00,59,2,1.1428571428571428,0.0,0.0,0.07526666666666666,optimal
2021-02-12 06:00:00,59,2,1.1428571428571428,0.0,7.100950737487564,0.1216,optimal
2021-02-12 06:30:00,59,2,1.1428571428571428,0.3096296296296296,10.0,0.4104,optimal
2021-02-12 07:00:00,59,2,1.1428571428571428,0.46444444444444444,10.0,0.1196,optimal
2021-02-12 07:30:00,59,2,1.1428571428571428,5.252827858798182,0.0,0.062,optimal
2021-02-12 08:00:00,59,2,0.6304600386560613,8.979259259259258,0.0,1.2358666666666667,optimal
2021-02-12 08:30:00,59,2,0.7216846278156289,2.1674074074074072,0.0,2.7486666666666664,optimal
2021-02-12 09:00:00,59,2,0.8284488814365712,0.0,0.0,1.9247999999999998,optimal
2021-02-12 09:30:00,59,2,0.815587924490808,0.0,0.0,0.15976666666666667,optimal
2021-02-12 10:00:00,59,2,0.6085823674620457,0.0,0.0,0.1585,optimal
2021-02-12 10:30:00,59,2,0.5991560462857536,0.0,0.0,0.1316,optimal
2021-02-12 11:00:00,59,2,0.4530147915194155,0.0,0.0,0.186,optimal
2021-02-12 11:30:00,59,2,0.4378472156580901,0.387037037037037,0.0,0.1296,optimal
2021-02-12 12:00:00,59,2,1.00402272105094,0.0774074074074074,0.0,0.1962333333333333,optimal
2021-02-12 12:30:00,59,2,1.1428571428571428,0.0,0.0,0.074,optimal
2021-02-12 13:00:00,59,2,1.1428571428571428,0.0,0.0,0.2161,optimal
2021-02-12 13:30:00,59,2,1.1428571428571428,0.0,0.0,0.10216666666666668,optimal
2021-02-12 14:00:00,59,2,1.1428571428571428,0.0,0.0,0.1316,optimal
2021-02-12 14:30:00,59,2,1.1428571428571428,0.0,0.0,0.074,optimal
2021-02-12 15:00:00,59,2,1.1428571428571428,0.0,0.0,0.2442666666666667,optimal
2021-02-12 15:30:00,59,2,1.1428571428571428,0.0,0.0,0.10966666666666669,optimal
2021-02-12 16:00:00,59,2,0.0,0.0,0.0,0.17036666666666667,optimal
2021-02-12 16:30:00,59,2,0.0,2.7092592592592597,0.0,0.45180000000000003,optimal
2021-02-12 17:00:00,59,2,0.0,0.0,0.0,0.08573333333333333,optimal
2021-02-12 17:30:00,59,2,0.0,0.23222222222222222,0.0,0.2327333333333333,optimal
2021-02-12 18:00:00,59,2,0.0,0.0,0.0,0.0932,optimal
2021-02-12 18:30:00,59,2,0.0,0.0,0.0,0.074,optimal
2021-02-12 19:00:00,59,2,0.0,0.0774074074074074,0.0,0.2164,optimal
2021-02-12 19:30:00,59,2,0.6157519038000895,0.23222222222222222,0.0,0.5508333333333334,optimal
2021-02-12 20:00:00,59,2,0.8623632459989248,0.0,0.0,0.074,optimal
2021-02-12 20:30:00,59,2,0.0,0.0,0.0,0.0868,optimal
2021-02-12 21:00:00,59,2,0.0,0.0,0.0,0.1807666666666667,optimal
2021-02-12 21:30:00,59,2,0.0,0.0,0.0,0.1247,optimal
2021-02-12 22:00:00,59,2,0.0,0.0,0.0,0.15106666666666665,optimal
2021-02-12 22:30:00,59,2,0.0,0.0,0.0,0.1672,optimal
2021-02-12 23:00:00,59,2,0.0,0.0,0.0,0.07963333333333333,optimal
2021-02-12 23:30:00,59,2,0.0,0.0,0.0,0.2159,optimal
2021-02-13 00:00:00,59,2,0.138377875460865,0.0,0.0,0.0838,optimal
2021-02-13 00:30:00,59,2,1.1428571428571428,0.0,0.0,0.121,optimal
2021-02-13 01:00:00,59,2,1.1428571428571428,0.0774074074074074,0.0,0.05766666666666666,optimal
2021-02-13 01:30:00,59,2,1.1428571428571428,0.0,0.0,0.14513333333333334,optimal
2021-02-13 02:00:00,59,2,1.1428571428571428,0.0,0.0,0.059,optimal
2021-02-13 02:30:00,59,2,1.1428571428571428,0.0,0.0,0.059,optimal
2021-02-13 03:00:00,59,2,1.1428571428571428,0.0,0.0,0.1458,optimal
2021-02-13 03:30:00,59,2,1.1428571428571428,0.0,0.0,0.058333333333333334,optimal
2021-02-13 04:00:00,59,2,1.1428571428571428,0.0,0.0,0.121,optimal
2021-02-13 04:30:00,59,2,1.1428571428571428,0.0,0.0,0.0838,optimal
2021-02-13 05:00:00,59,2,1.1428571428571428,0.0,0.0,0.059,optimal
2021-02-13 05:30:00,59,2,1.1428571428571428,0.0,0.0,0.1458,optimal
2021-02-13 06:00:00,59,2,1.1428571428571428,0.0,0.0,0.059,optimal
2021-02-13 06:30:00,59,2,1.1428571428571428,0.0,0.0,0.059,optimal
2021-02-13 07:00:00,59,2,1.1428571428571428,0.0,8.683255734296813,0.1458,optimal
2021-02-13 07:30:00,59,2,1.1428571428571428,0.23222222222222222,0.0,0.2643333333333333,optimal
2021-02-13 08:00:00,59,2,0.8906355313042842,0.0,0.0,0.059,optimal
2021-02-13 08:30:00,59,2,0.8636965268715281,0.0,0.0,0.1458,optimal
2021-02-13 09:00:00,59,2,0.8264009694536578,0.0,0.0,0.059,optimal
2021-02-13 09:30:00,59,2,0.8157059472899074,0.0,0.0,0.05966666666666666,optimal
2021-02-13 10:00:00,59,2,0.6780627237441047,0.0,0.0,0.15213333333333331,optimal
2021-02-13 10:30:00,59,2,0.7007237193113509,0.0,0.0,0.059,optimal
2021-02-13 11:00:00,59,2,0.5786716089083626,0.0,0.0,0.059,optimal
2021-02-13 11:30:00,59,2,0.773297352345765,0.0,0.0,0.1458,optimal
2021-02-13 12:00:00,59,2,1.1428571428571428,0.0,0.0,0.059,optimal
2021-02-13 12:30:00,59,2,1.1428571428571428,0.0,0.0,0.15546666666666667,optimal
2021-02-13 13:00:00,59,2,1.1428571428571428,0.0,0.0,0.069,optimal
2021-02-13 13:30:00,59,2,1.1428571428571428,0.0,0.0,0.0876,optimal
2021-02-13 14:00:00,59,2,1.1428571428571428,0.0,0.0,0.1372,optimal
2021-02-13 14:30:00,59,2,1.1428571428571428,0.1548148148148148,0.0,0.07433333333333333,optimal
2021-02-13 15:00:00,59,2,1.1428571428571428,0.0,0.0,0.1062,optimal
2021-02-13 15:30:00,59,2,1.1428571428571428,0.1548148148148148,0.0,0.1266,optimal
2021-02-13 16:00:00,59,2,0.0,0.0,0.0,0.071,optimal
2021-02-13 16:30:00,59,2,0.0,0.0,0.0,0.2097,optimal
2021-02-13 17:00:00,59,2,0.0,0.387037037037037,0.0,0.14743333333333333,optimal
2021-02-13 17:30:00,59,2,0.0,0.23222222222222222,0.0,0.18453333333333333,optimal
2021-02-13 18:00:00,59,2,0.0,0.46444444444444444,0.0,0.15306666666666666,optimal
2021-02-13 18:30:00,59,2,0.0,0.1548148148148148,0.0,0.067,optimal
2021-02-13 19:00:00,59,2,0.0,0.1548148148148148,0.0,0.2431333333333333,optimal
2021-02-13 19:30:00,59,2,0.7306280942762771,0.0,0.0,0.2139,optimal
2021-02-13 20:00:00,59,2,0.7002394364751132,0.0,0.0,0.2535666666666666,optimal
2021-02-13 20:30:00,59,2,0.0,0.0,0.0,0.3964,optimal
2021-02-13 21:00:00,59,2,0.0,0.1548148148148148,0.0,0.39613333333333334,optimal
2021-02-13 21:30:00,59,2,0.0,1.006296296296296,0.0,0.5438666666666667,optimal
2021-02-13 22:00:00,59,2,0.0,0.6966666666666667,0.0,2.1129000000000002,optimal
2021-02-13 22:30:00,59,2,0.0,0.1548148148148148,0.0,0.7646666666666666,optimal
2021-02-13 23:00:00,59,2,0.0,0.0,0.0,0.069,optimal
2021-02-13 23:30:00,59,2,0.0,0.0,0.0,0.06766666666666667,optimal
2021-02-07 00:00:00,60,2,0.0,0.0,0.0,0.059,optimal
2021-02-07 00:30:00,60,2,0.0,0.0,0.0,0.15866666666666665,optimal
2021-02-07 01:00:00,60,2,0.0,0.0,0.0,0.16326666666666667,optimal
2021-02-07 01:30:00,60,2,0.0,0.0,0.0,0.128,optimal
2021-02-07 02:00:00,60,2,0.0,0.0,0.0,0.07126666666666667,optimal
2021-02-07 02:30:00,60,2,0.0,0.0,0.0,0.32673333333333326,optimal
2021-02-07 03:00:00,60,2,0.0,0.0,0.0,0.059,optimal
2021-02-07 03:30:00,60,2,0.0,0.0,0.0,0.27126666666666666,optimal
2021-02-07 04:00:00,60,2,1.1428571428571428,0.0,0.0,0.1267333333333333,optimal
2021-02-07 04:30:00,60,2,1.1428571428571428,0.0,0.0,0.08966666666666667,optimal
2021-02-07 05:00:00,60,2,1.1428571428571428,0.0,0.0,0.3029,optimal
2021-02-07 05:30:00,60,2,1.1428571428571428,0.0,0.0,0.06443333333333334,optimal
2021-02-07 06:00:00,60,2,1.1428571428571428,0.0,0.0,0.13413333333333333,optimal
2021-02-07 06:30:00,60,2,1.1428571428571428,3.0219851851851853,0.0,0.2561333333333333,optimal
2021-02-07 07:00:00,60,2,1.1428571428571428,5.183200000000001,1.6063785740462473,0.5893999999999999,optimal
2021-02-07 07:30:00,60,2,0.0,0.3096296296296296,0.0,0.18366666666666662,optimal
2021-02-07 08:00:00,60,2,0.0,0.0,0.0,0.31139999999999995,optimal
2021-02-07 08:30:00,60,2,0.39206893169119106,0.774074074074074,0.0,1.1802000000000001,optimal
2021-02-07 09:00:00,60,2,0.5833949946207494,6.424814814814814,0.0,0.9431,optimal
2021-02-07 09:30:00,60,2,0.6731969425689489,0.0,0.0,0.30746666666666667,optimal
2021-02-07 10:00:00,60,2,0.6851329564059279,0.0,0.0,0.11053333333333332,optimal
2021-02-07 10:30:00,60,2,0.6925157271761848,0.0,0.0,0.09966666666666668,optimal
2021-02-07 11:00:00,60,2,0.5994252455239908,0.0,0.0,0.24226666666666669,optimal
2021-02-07 11:30:00,60,2,0.627196674095431,0.0,0.0,0.14506666666666665,optimal
2021-02-07 12:00:00,60,2,0.5715168976897249,0.0,0.0,0.2039333333333333,optimal
2021-02-07 12:30:00,60,2,0.6100692786421081,0.0,0.0,0.069,optimal
2021-02-07 13:00:00,60,2,1.1428571428571428,0.5418518518518518,0.0,2.433,optimal
2021-02-07 13:30:00,60,2,1.1428571428571428,0.0,0.0,0.6013,optimal
2021-02-07 14:00:00,60,2,1.1428571428571428,0.0,0.0,2.8505333333333334,optimal
2021-02-07 14:30:00,60,2,1.1428571428571428,0.1548148148148148,0.0,2.284733333333333,optimal
2021-02-07 15:00:00,60,2,1.1428571428571428,0.0774074074074074,0.0,0.6006333333333334,optimal
2021-02-07 15:30:00,60,2,1.1428571428571428,0.6966666666666667,0.0,1.561233333333333,optimal
2021-02-07 16:00:00,60,2,0.0,0.0,0.0,0.9573333333333334,optimal
2021-02-07 16:30:00,60,2,0.0,0.0,0.0,1.8805,optimal
2021-02-07 17:00:00,60,2,0.0,0.0,0.0,0.6957333333333333,optimal
2021-02-07 17:30:00,60,2,0.0,0.0,0.0,0.4147666666666667,optimal
2021-02-07 18:00:00,60,2,0.0,0.1548148148148148,0.0,0.5125,optimal
2021-02-07 18:30:00,60,2,0.0,0.0,0.0,0.43606666666666666,optimal
2021-02-07 19:00:00,60,2,0.0,0.23222222222222222,0.0,0.31603333333333333,optimal
2021-02-07 19:30:00,60,2,0.2365446282794289,0.0,0.0,0.2039333333333333,optimal
2021-02-07 20:00:00,60,2,0.7693327652436376,0.0,0.0,0.069,optimal
2021-02-07 20:30:00,60,2,0.0,0.0,0.0,0.21406666666666663,optimal
2021-02-07 21:00:00,60,2,0.0,0.0,0.0,0.2039333333333333,optimal
2021-02-07 21:30:00,60,2,0.0,0.0,0.0,0.21406666666666663,optimal
2021-02-07 22:00:00,60,2,0.0,0.0,0.0,0.069,optimal
2021-02-07 22:30:00,60,2,0.0,0.0,0.0,0.2039333333333333,optimal
2021-02-07 23:00:00,60,2,0.0,0.0,0.0,0.14506666666666665,optimal
2021-02-07 23:30:00,60,2,0.0,0.0,0.0,1.7201333333333335,optimal
2021-02-08 00:00:00,60,2,0.0,0.0,0.0,0.06,optimal
2021-02-08 00:30:00,60,2,0.0,0.0,0.0,0.06,optimal
2021-02-08 01:00:00,60,2,0.0,0.0,0.0,0.19933333333333328,optimal
2021-02-08 01:30:00,60,2,0.6248427357674244,0.0,0.0,0.06,optimal
2021-02-08 02:00:00,60,2,1.1428571428571428,0.0,0.0,0.06,optimal
2021-02-08 02:30:00,60,2,1.1428571428571428,0.0,0.0,0.19933333333333328,optimal
2021-02-08 03:00:00,60,2,1.1428571428571428,0.0,0.0,0.06,optimal
2021-02-08 03:30:00,60,2,1.1428571428571428,0.0,0.0,0.12966666666666665,optimal
2021-02-08 04:00:00,60,2,1.1428571428571428,0.0,2.356420260285081,0.12966666666666665,optimal
2021-02-08 04:30:00,60,2,1.1428571428571428,0.0,10.0,0.06,optimal
2021-02-08 05:00:00,60,2,1.1428571428571428,0.0,10.0,0.9442999999999999,optimal
2021-02-08 05:30:00,60,2,1.1428571428571428,4.0484074074074075,0.0,0.8834,optimal
2021-02-08 06:00:00,60,2,1.1428571428571428,5.163074074074075,0.0,0.1616,optimal
2021-02-08 06:30:00,60,2,1.1428571428571428,0.3096296296296296,0.0,1.1749666666666667,optimal
2021-02-08 07:00:00,60,2,1.1428571428571428,0.3096296296296296,0.0,0.184,optimal
2021-02-08 07:30:00,60,2,1.1428571428571428,0.0774074074074074,0.0,0.18619999999999998,optimal
2021-02-08 08:00:00,60,2,0.6105340623058929,0.774074074074074,0.0,0.31543333333333334,optimal
2021-02-08 08:30:00,60,2,0.3575273092666408,0.3096296296296296,0.0,3.2412666666666667,optimal
2021-02-08 09:00:00,60,2,0.5318338008178732,0.387037037037037,0.0,0.9823666666666668,optimal
2021-02-08 09:30:00,60,2,0.7494910732339122,0.0,0.0,0.142,optimal
2021-02-08 10:00:00,60,2,0.614201748293406,0.0,0.0,0.30493333333333333,optimal
2021-02-08 10:30:00,60,2,0.6561254282583269,0.0,0.0,0.2409,optimal
2021-02-08 11:00:00,60,2,0.5690496479234675,0.0,0.0,0.07,optimal
2021-02-08 11:30:00,60,2,0.5647716390579697,0.0,0.0,0.07,optimal
2021-02-08 12:00:00,60,2,0.3911518834835257,0.0,0.0,0.44,optimal
2021-02-08 12:30:00,60,2,1.0636674853066093,0.0,0.0,0.07,optimal
2021-02-08 13:00:00,60,2,1.1428571428571428,0.0,0.0,0.07,optimal
2021-02-08 13:30:00,60,2,1.1428571428571428,0.0,0.0,0.108,optimal
2021-02-08 14:00:00,60,2,1.1428571428571428,0.0,0.0,0.17133333333333334,optimal
2021-02-08 14:30:00,60,2,1.1428571428571428,0.0,0.0,0.07,optimal
2021-02-08 15:00:00,60,2,1.1428571428571428,0.0,0.0,0.2093333333333333,optimal
2021-02-08 15:30:00,60,2,1.1428571428571428,0.0,0.0,0.07,optimal
2021-02-08 16:00:00,60,2,0.0,0.0,0.0,0.146,optimal
2021-02-08 16:30:00,60,2,0.0,0.0,0.0,0.18066666666666664,optimal
2021-02-08 17:00:00,60,2,0.0,0.0,0.0,0.13986666666666667,optimal
2021-02-08 17:30:00,60,2,0.0,0.8514814814814814,0.0,0.8177000000000001,optimal
2021-02-08 18:00:00,60,2,0.0,0.0,0.0,2.0202,optimal
2021-02-08 18:30:00,60,2,0.0,0.5418518518518518,0.0,0.12113333333333334,optimal
2021-02-08 19:00:00,60,2,0.0,0.0774074074074074,0.0,0.2668666666666667,optimal
2021-02-08 19:30:00,60,2,0.5633221617766649,0.1548148148148148,0.0,0.22066666666666662,optimal
2021-02-08 20:00:00,60,2,0.5659296512654012,0.0,0.0,0.20476666666666668,optimal
2021-02-08 20:30:00,60,2,0.0,0.0,0.0,0.2542,optimal
2021-02-08 21:00:00,60,2,0.0,0.0,0.0,0.10666666666666669,optimal
2021-02-08 21:30:00,60,2,0.0,0.0,0.0,0.19340000000000002,optimal
2021-02-08 22:00:00,60,2,0.0,0.5418518518518518,0.0,0.4011,optimal
2021-02-08 22:30:00,60,2,0.0,0.0,0.0,1.1974666666666667,optimal
2021-02-08 23:00:00,60,2,0.0,0.0,0.0,0.15866666666666665,optimal
2021-02-08 23:30:00,60,2,0.0,0.0,0.0,0.12066666666666669,optimal
2021-02-09 00:00:00,60,2,0.0,0.0,0.0,0.062,optimal
2021-02-09 00:30:00,60,2,0.0,0.0,0.0,0.21656666666666663,optimal
2021-02-09 01:00:00,60,2,0.10517862465865838,0.0,0.0,0.062,optimal
2021-02-09 01:30:00,60,2,1.1428571428571428,0.0,0.0,0.11853333333333332,optimal
2021-02-09 02:00:00,60,2,1.1428571428571428,0.0,0.0,0.06906666666666667,optimal
2021-02-09 02:30:00,60,2,1.1428571428571428,0.0,0.0,0.09026666666666668,optimal
2021-02-09 03:00:00,60,2,1.1428571428571428,0.0,0.0,0.09733333333333331,optimal
2021-02-09 03:30:00,60,2,1.1428571428571428,0.0,0.0,0.06906666666666667,optimal
2021-02-09 04:00:00,60,2,1.1428571428571428,0.0,0.0,0.11853333333333332,optimal
2021-02-09 04:30:00,60,2,1.1428571428571428,0.0,0.0,0.07613333333333334,optimal
2021-02-09 05:00:00,60,2,1.1428571428571428,0.0,0.0,0.11146666666666669,optimal
2021-02-09 05:30:00,60,2,1.1428571428571428,0.0,0.0,0.062,optimal
2021-02-09 06:00:00,60,2,1.1428571428571428,0.0,0.0,0.0938,optimal
2021-02-09 06:30:00,60,2,1.1428571428571428,0.0,0.0,0.09946666666666669,optimal
2021-02-09 07:00:00,60,2,1.1428571428571428,0.0,8.178163144245886,0.064,optimal
2021-02-09 07:30:00,60,2,1.1428571428571428,0.0,0.0,0.086,optimal
2021-02-09 08:00:00,60,2,0.6123609040001607,2.1674074074074072,0.0,1.8331,optimal
2021-02-09 08:30:00,60,2,0.7034515097495323,0.3096296296296296,0.0,0.8945333333333333,optimal
2021-02-09 09:00:00,60,2,0.7706852232063508,0.0,0.0,0.144,optimal
2021-02-09 09:30:00,60,2,0.7565026251812808,0.0,0.0,0.1676,optimal
2021-02-09 10:00:00,60,2,0.6401370310987257,0.0,0.0,0.2501,optimal
2021-02-09 10:30:00,60,2,0.6396191517921128,0.0,0.0,0.072,optimal
2021-02-09 11:00:00,60,2,0.5317210680295401,0.0,0.0,0.08966666666666667,optimal
2021-02-09 11:30:00,60,2,0.521505873120605,0.0,0.0,0.11793333333333333,optimal
2021-02-09 12:00:00,60,2,0.42279766098425486,0.23222222222222222,0.0,0.13253333333333334,optimal
2021-02-09 12:30:00,60,2,0.39566047494081946,0.3096296296296296,0.0,0.186,optimal
2021-02-09 13:00:00,60,2,1.1428571428571428,3.5839629629629624,0.0,0.1524,optimal
2021-02-09 13:30:00,60,2,1.1428571428571428,1.6797407407407414,0.0,0.37060000000000004,optimal
2021-02-09 14:00:00,60,2,1.1428571428571428,0.0,0.0,0.37446666666666656,optimal
2021-02-09 14:30:00,60,2,1.1428571428571428,0.0,0.0,0.3793333333333333,optimal
2021-02-09 15:00:00,60,2,1.1428571428571428,0.0,0.0,2.397333333333333,optimal
2021-02-09 15:30:00,60,2,1.1428571428571428,0.0,0.0,0.4956666666666667,optimal
2021-02-09 16:00:00,60,2,0.0,0.0,0.0,0.47513333333333335,optimal
2021-02-09 16:30:00,60,2,0.0,0.46444444444444444,0.0,0.49026666666666663,optimal
2021-02-09 17:00:00,60,2,0.0,0.0774074074074074,0.0,0.5648,optimal
2021-02-09 17:30:00,60,2,0.0,0.0,0.0,1.7982333333333331,optimal
2021-02-09 18:00:00,60,2,0.0,0.0,0.0,0.5236000000000001,optimal
2021-02-09 18:30:00,60,2,0.0,0.23222222222222222,0.0,0.3275,optimal
2021-02-09 19:00:00,60,2,0.0,0.23222222222222222,0.0,2.2944,optimal
2021-02-09 19:30:00,60,2,0.0,0.3096296296296296,0.0,0.8638666666666667,optimal
2021-02-09 20:00:00,60,2,0.41137069757465755,0.0774074074074074,0.0,3.102,optimal
2021-02-09 20:30:00,60,2,0.0,0.0,0.0,1.1380666666666666,optimal
2021-02-09 21:00:00,60,2,0.0,0.387037037037037,0.0,0.513,optimal
2021-02-09 21:30:00,60,2,0.0,0.0,0.0,0.072,optimal
2021-02-09 22:00:00,60,2,0.0,0.0,0.0,0.6393333333333334,optimal
2021-02-09 22:30:00,60,2,0.0,0.0,0.0,2.0673000000000004,optimal
2021-02-09 23:00:00,60,2,0.0,0.0,0.0,0.072,optimal
2021-02-09 23:30:00,60,2,0.0,0.0,0.0,0.08613333333333334,optimal
2021-02-10 00:00:00,60,2,0.0,0.0,0.0,0.06,optimal
2021-02-10 00:30:00,60,2,0.12022260580445424,0.0,0.0,0.06,optimal
2021-02-10 01:00:00,60,2,1.1428571428571428,0.0,0.0,0.06,optimal
2021-02-10 01:30:00,60,2,1.1428571428571428,0.0,0.0,0.06,optimal
2021-02-10 02:00:00,60,2,1.1428571428571428,0.0,0.0,0.06,optimal
2021-02-10 02:30:00,60,2,1.1428571428571428,0.0,0.0,0.06,optimal
2021-02-10 03:00:00,60,2,1.1428571428571428,0.0,0.0,0.06,optimal
2021-02-10 03:30:00,60,2,1.1428571428571428,0.0,0.0,0.06,optimal
2021-02-10 04:00:00,60,2,1.1428571428571428,0.0,0.0,0.06,optimal
2021-02-10 04:30:00,60,2,1.1428571428571428,0.0,0.0,0.06,optimal
2021-02-10 05:00:00,60,2,1.1428571428571428,0.0,0.0,0.06,optimal
2021-02-10 05:30:00,60,2,1.1428571428571428,0.0,0.0,0.06,optimal
2021-02-10 06:00:00,60,2,1.1428571428571428,0.0,0.0,0.06,optimal
2021-02-10 06:30:00,60,2,1.1428571428571428,0.0,9.774815424027327,0.06,optimal
2021-02-10 07:00:00,60,2,1.1428571428571428,2.3222222222222215,10.0,0.2361,optimal
2021-02-10 07:30:00,60,2,1.1428571428571428,0.0,0.0,0.068,optimal
2021-02-10 08:00:00,60,2,0.43519977578253455,0.387037037037037,0.0,1.5714333333333335,optimal
2021-02-10 08:30:00,60,2,0.7616475675753467,0.46444444444444444,0.0,0.1757,optimal
2021-02-10 09:00:00,60,2,0.6520280564264711,0.46444444444444444,0.0,0.3888333333333333,optimal
2021-02-10 09:30:00,60,2,0.44532918155261497,0.0,0.0,1.2511333333333334,optimal
2021-02-10 10:00:00,60,2,0.45051387317556224,0.0,0.0,0.3897,optimal
2021-02-10 10:30:00,60,2,0.44622447892493117,0.0774074074074074,0.0,0.3736666666666667,optimal
2021-02-10 11:00:00,60,2,0.3805575407371768,0.0,0.0,0.3193666666666667,optimal
2021-02-10 11:30:00,60,2,0.38582238901453636,0.3096296296296296,0.0,0.216,optimal
2021-02-10 12:00:00,60,2,0.1996291072515496,0.1548148148148148,0.0,1.0298,optimal
2021-02-10 12:30:00,60,2,0.2761052977277402,0.23222222222222222,0.0,1.0710666666666666,optimal
2021-02-10 13:00:00,60,2,1.1428571428571428,0.0,0.0,0.2925,optimal
2021-02-10 13:30:00,60,2,1.1428571428571428,0.23222222222222222,0.0,0.4218,optimal
2021-02-10 14:00:00,60,2,1.1428571428571428,0.3096296296296296,0.0,0.6504666666666667,optimal
2021-02-10 14:30:00,60,2,1.1428571428571428,0.0774074074074074,0.0,1.2935666666666665,optimal
2021-02-10 15:00:00,60,2,1.1428571428571428,0.23222222222222222,0.0,0.13853333333333334,optimal
2021-02-10 15:30:00,60,2,1.1428571428571428,0.0,0.0,0.13553333333333334,optimal
2021-02-10 16:00:00,60,2,0.0,0.387037037037037,0.0,0.21309999999999998,optimal
2021-02-10 16:30:00,60,2,0.0,0.6192592592592592,0.0,0.22513333333333332,optimal
2021-02-10 17:00:00,60,2,0.0,0.23222222222222222,0.0,0.3851,optimal
2021-02-10 17:30:00,60,2,0.0,0.23222222222222222,0.0,0.207,optimal
2021-02-10 18:00:00,60,2,0.0,0.23222222222222222,0.0,0.21646666666666667,optimal
2021-02-10 18:30:00,60,2,0.0,0.0,0.0,0.16026666666666667,optimal
2021-02-10 19:00:00,60,2,0.0,0.1548148148148148,0.0,0.18616666666666662,optimal
2021-02-10 19:30:00,60,2,0.0,0.0,0.0,0.08746666666666666,optimal
2021-02-10 20:00:00,60,2,0.5247292767919932,0.0,0.0,0.07759999999999999,optimal
2021-02-10 20:30:00,60,2,0.0,0.23222222222222222,0.0,0.08293333333333333,optimal
2021-02-10 21:00:00,60,2,0.0,0.0,0.0,0.10640000000000001,optimal
2021-02-10 21:30:00,60,2,0.0,0.2740222222222222,0.0,0.13543333333333335,optimal
2021-02-10 22:00:00,60,2,0.0,0.035607407407407414,0.0,0.207,optimal
2021-02-10 22:30:00,60,2,0.0,0.0,0.0,0.44523333333333337,optimal
2021-02-10 23:00:00,60,2,0.0,0.0,0.0,0.068,optimal
2021-02-10 23:30:00,60,2,0.0,0.0,0.0,0.1772,optimal
2021-02-11 00:00:00,60,2,1.1428571428571428,0.0,0.0,0.06933333333333333,optimal
2021-02-11 00:30:00,60,2,1.1428571428571428,0.0,0.0,0.063,optimal
2021-02-11 01:00:00,60,2,1.1428571428571428,0.0,0.0,0.063,optimal
2021-02-11 01:30:00,60,2,1.1428571428571428,0.0,0.0,0.105,optimal
2021-02-11 02:00:00,60,2,1.1428571428571428,0.0,0.0,0.153,optimal
2021-02-11 02:30:00,60,2,1.1428571428571428,0.0,0.0,0.063,optimal
2021-02-11 03:00:00,60,2,1.1428571428571428,0.0,0.0,0.183,optimal
2021-02-11 03:30:00,60,2,1.1428571428571428,0.0,0.0,0.075,optimal
2021-02-11 04:00:00,60,2,1.1428571428571428,0.0,0.0,0.129,optimal
2021-02-11 04:30:00,60,2,1.1428571428571428,0.0,0.0,0.129,optimal
2021-02-11 05:00:00,60,2,1.1428571428571428,0.0,0.0,0.063,optimal
2021-02-11 05:30:00,60,2,1.1428571428571428,0.0,0.0,0.123,optimal
2021-02-11 06:00:00,60,2,1.1428571428571428,0.0,0.0,0.135,optimal
2021-02-11 06:30:00,60,2,1.1428571428571428,0.0,0.0,0.07133333333333333,optimal
2021-02-11 07:00:00,60,2,1.1428571428571428,2.012592592592592,8.23296809802523,0.07333333333333333,optimal
2021-02-11 07:30:00,60,2,1.1428571428571428,3.826695933870274,0.0,0.189,optimal
2021-02-11 08:00:00,60,2,0.9446496465557813,0.0,0.0,0.06466666666666668,optimal
2021-02-11 08:30:00,60,2,0.9236380884254513,0.0,0.0,0.169,optimal
2021-02-11 09:00:00,60,2,0.8728074209035495,0.0,0.0,0.10166666666666668,optimal
2021-02-11 09:30:00,60,2,0.812505988908506,0.0,0.0,0.063,optimal
2021-02-11 10:00:00,60,2,0.5820708378697084,0.0,0.0,0.195,optimal
2021-02-11 10:30:00,60,2,0.6454531767770008,0.0,0.0,0.06866666666666667,optimal
2021-02-11 11:00:00,60,2,0.5556674184146013,0.0,0.0,0.13333333333333333,optimal
2021-02-11 11:30:00,60,2,0.6716060436337021,0.0,0.0,0.129,optimal
2021-02-11 12:00:00,60,2,1.1428571428571428,0.0,0.0,0.063,optimal
2021-02-11 12:30:00,60,2,1.1428571428571428,0.0,0.0,0.063,optimal
2021-02-11 13:00:00,60,2,1.1428571428571428,0.0,0.0,0.16166666666666665,optimal
2021-02-11 13:30:00,60,2,1.1428571428571428,0.0,0.0,0.10733333333333331,optimal
2021-02-11 14:00:00,60,2,1.1428571428571428,0.0,0.0,0.063,optimal
2021-02-11 14:30:00,60,2,1.1428571428571428,0.0,0.0,0.19533333333333328,optimal
2021-02-11 15:00:00,60,2,1.1428571428571428,0.0,0.0,0.073,optimal
2021-02-11 15:30:00,60,2,1.1428571428571428,0.0,0.0,0.101,optimal
2021-02-11 16:00:00,60,2,0.0,0.0,0.0,0.165,optimal
2021-02-11 16:30:00,60,2,0.0,0.0,0.0,0.063,optimal
2021-02-11 17:00:00,60,2,0.0,0.0774074074074074,0.0,0.4503333333333333,optimal
2021-02-11 17:30:00,60,2,0.0,0.46444444444444444,0.0,0.1816333333333333,optimal
2021-02-11 18:00:00,60,2,0.0,0.0,0.0,0.3992,optimal
2021-02-11 18:30:00,60,2,0.0,0.0,0.0,0.3266,optimal
2021-02-11 19:00:00,60,2,0.0,2.3222222222222215,0.0,0.468,optimal
2021-02-11 19:30:00,60,2,0.852042391402588,0.23222222222222222,0.0,0.2926666666666667,optimal
2021-02-11 20:00:00,60,2,0.6612036051837322,0.0,0.0,1.2817333333333332,optimal
2021-02-11 20:30:00,60,2,0.0,0.0,0.0,0.642,optimal
2021-02-11 21:00:00,60,2,0.0,0.0,0.0,0.7028333333333334,optimal
2021-02-11 21:30:00,60,2,0.0,0.0774074074074074,0.0,0.6839666666666667,optimal
2021-02-11 22:00:00,60,2,0.0,0.0,0.0,0.5585,optimal
2021-02-11 22:30:00,60,2,0.0,0.0,0.0,0.5472333333333333,optimal
2021-02-11 23:00:00,60,2,0.0,0.0,0.0,0.5326000000000001,optimal
2021-02-11 23:30:00,60,2,0.0,0.0,0.0,0.3345,optimal
2021-02-12 00:00:00,60,2,1.1428571428571428,0.0,0.0,0.058333333333333334,optimal
2021-02-12 00:30:00,60,2,1.1428571428571428,0.0,0.0,0.15819999999999998,optimal
2021-02-12 01:00:00,60,2,1.1428571428571428,0.0,0.0,0.09620000000000001,optimal
2021-02-12 01:30:00,60,2,1.1428571428571428,0.0,0.0,0.06366666666666666,optimal
2021-02-12 02:00:00,60,2,1.1428571428571428,0.0,0.0,0.162,optimal
2021-02-12 02:30:00,60,2,1.1428571428571428,0.0,0.0,0.1044,optimal
2021-02-12 03:00:00,60,2,1.1428571428571428,0.0,0.0,0.059,optimal
2021-02-12 03:30:00,60,2,1.1428571428571428,0.0,0.0,0.1148,optimal
2021-02-12 04:00:00,60,2,1.1428571428571428,0.0,0.0,0.1396,optimal
2021-02-12 04:30:00,60,2,1.1428571428571428,0.0,0.0,0.059,optimal
2021-02-12 05:00:00,60,2,1.1428571428571428,0.0,0.0,0.06366666666666666,optimal
2021-02-12 05:30:00,60,2,1.1428571428571428,0.0,0.0,0.12633333333333333,optimal
2021-02-12 06:00:00,60,2,1.1428571428571428,0.0,0.0,0.13340000000000002,optimal
2021-02-12 06:30:00,60,2,1.1428571428571428,0.0,0.0,0.059,optimal
2021-02-12 07:00:00,60,2,1.1428571428571428,1.006296296296296,8.069138686134666,0.05766666666666666,optimal
2021-02-12 07:30:00,60,2,1.1428571428571428,5.647560558833969,0.0,0.19540000000000002,optimal
2021-02-12 08:00:00,60,2,0.949357181513203,0.0,0.0,0.059,optimal
2021-02-12 08:30:00,60,2,0.900303675434682,0.46444444444444444,0.0,0.10479999999999999,optimal
2021-02-12 09:00:00,60,2,0.7034850719127653,0.774074074074074,0.0,0.4998,optimal
2021-02-12 09:30:00,60,2,0.7032164959193852,0.0,0.0,0.198,optimal
2021-02-12 10:00:00,60,2,0.4232014150810913,0.0,0.0,0.4806666666666667,optimal
2021-02-12 10:30:00,60,2,0.6046417605714726,0.0,0.0,0.1124,optimal
2021-02-12 11:00:00,60,2,0.4778719343765557,0.0,0.0,0.162,optimal
2021-02-12 11:30:00,60,2,0.50230435851524,0.0,0.0,0.069,optimal
2021-02-12 12:00:00,60,2,0.9758382248839472,0.0,0.0,0.1992,optimal
2021-02-12 12:30:00,60,2,1.1428571428571428,0.0,0.0,0.0752,optimal
2021-02-12 13:00:00,60,2,1.1428571428571428,0.0,0.0,0.069,optimal
2021-02-12 13:30:00,60,2,1.1428571428571428,0.0,0.0,0.2054,optimal
2021-02-12 14:00:00,60,2,1.1428571428571428,0.0,0.0,0.069,optimal
2021-02-12 14:30:00,60,2,1.1428571428571428,0.0,0.0,0.14959999999999998,optimal
2021-02-12 15:00:00,60,2,1.1428571428571428,0.0,0.0,0.1248,optimal
2021-02-12 15:30:00,60,2,1.1428571428571428,0.0,0.0,0.069,optimal
2021-02-12 16:00:00,60,2,0.0,0.0,0.0,0.0752,optimal
2021-02-12 16:30:00,60,2,0.0,0.0,0.0,0.1992,optimal
2021-02-12 17:00:00,60,2,0.0,0.0,0.0,0.069,optimal
2021-02-12 17:30:00,60,2,0.0,0.0,0.0,0.15166666666666664,optimal
2021-02-12 18:00:00,60,2,0.0,0.0,0.0,0.45580000000000004,optimal
2021-02-12 18:30:00,60,2,0.0,0.3096296296296296,0.0,0.3954,optimal
2021-02-12 19:00:00,60,2,0.0,0.23222222222222222,0.0,0.5330666666666667,optimal
2021-02-12 19:30:00,60,2,0.5138376180858065,0.774074074074074,0.0,0.6551666666666667,optimal
2021-02-12 20:00:00,60,2,0.668572769808448,0.0,0.0,0.26693333333333336,optimal
2021-02-12 20:30:00,60,2,0.0,0.0,0.0,0.4294,optimal
2021-02-12 21:00:00,60,2,0.0,0.3096296296296296,0.0,0.22123333333333328,optimal
2021-02-12 21:30:00,60,2,0.0,0.0,0.0,0.12090000000000001,optimal
2021-02-12 22:00:00,60,2,0.0,0.1548148148148148,0.0,0.32053333333333334,optimal
2021-02-12 22:30:00,60,2,0.0,0.0,0.0,0.3462333333333333,optimal
2021-02-12 23:00:00,60,2,0.0,0.0,0.0,0.3541333333333333,optimal
2021-02-12 23:30:00,60,2,0.0,0.0,0.0,0.15213333333333331,optimal
2021-02-13 00:00:00,60,2,0.0,0.0774074074074074,0.0,0.1376,optimal
2021-02-13 00:30:00,60,2,0.10478007923858615,0.0,0.0,0.061,optimal
2021-02-13 01:00:00,60,2,1.1428571428571428,0.0,0.0,0.1422,optimal
2021-02-13 01:30:00,60,2,1.1428571428571428,0.0,0.0,0.0958,optimal
2021-02-13 02:00:00,60,2,1.1428571428571428,0.0,0.0,0.0842,optimal
2021-02-13 02:30:00,60,2,1.1428571428571428,0.0,0.0,0.15380000000000002,optimal
2021-02-13 03:00:00,60,2,1.1428571428571428,0.23222222222222222,0.0,0.3685333333333334,optimal
2021-02-13 03:30:00,60,2,1.1428571428571428,0.0,0.0,0.061,optimal
2021-02-13 04:00:00,60,2,1.1428571428571428,0.0,0.0,0.06866666666666667,optimal
2021-02-13 04:30:00,60,2,1.1428571428571428,0.0,0.0,0.10393333333333334,optimal
2021-02-13 05:00:00,60,2,1.1428571428571428,0.0,4.079524456612668,0.1364,optimal
2021-02-13 05:30:00,60,2,1.1428571428571428,0.0,10.0,0.06866666666666667,optimal
2021-02-13 06:00:00,60,2,1.1428571428571428,0.0,10.0,0.14453333333333332,optimal
2021-02-13 06:30:00,60,2,1.1428571428571428,0.0,10.0,0.0958,optimal
2021-02-13 07:00:00,60,2,1.1428571428571428,0.0,10.0,0.11506666666666666,optimal
2021-02-13 07:30:00,60,2,1.1428571428571428,0.0,0.0,0.13293333333333335,optimal
2021-02-13 08:00:00,60,2,0.6514736265423721,0.46444444444444444,0.0,1.5171,optimal
2021-02-13 08:30:00,60,2,0.6455155744905736,0.0774074074074074,0.0,1.5674666666666668,optimal
2021-02-13 09:00:00,60,2,0.6730390646917531,2.4770370370370367,0.0,0.0858,optimal
2021-02-13 09:30:00,60,2,0.6623821377660994,0.1548148148148148,0.0,0.207,optimal
2021-02-13 10:00:00,60,2,0.6198246285060123,0.0,0.0,0.08333333333333333,optimal
2021-02-13 10:30:00,60,2,0.6721808621684994,0.0,0.0,0.1696,optimal
2021-02-13 11:00:00,60,2,0.9209526353286049,0.0,0.0,0.0884,optimal
2021-02-13 11:30:00,60,2,1.1428571428571428,0.0,0.0,0.071,optimal
2021-02-13 12:00:00,60,2,1.1428571428571428,0.0,0.0,0.071,optimal
2021-02-13 12:30:00,60,2,1.1428571428571428,0.0,0.0,0.187,optimal
2021-02-13 13:00:00,60,2,1.1428571428571428,0.0,0.0,0.071,optimal
2021-02-13 13:30:00,60,2,1.1428571428571428,0.0,0.0,0.08259999999999999,optimal
2021-02-13 14:00:00,60,2,1.1428571428571428,0.0,0.0,0.1754,optimal
2021-02-13 14:30:00,60,2,1.1428571428571428,0.0,0.0,0.071,optimal
2021-02-13 15:00:00,60,2,1.1428571428571428,0.0,0.0,0.1696,optimal
2021-02-13 15:30:00,60,2,1.1428571428571428,0.0,0.0,0.0884,optimal
2021-02-13 16:00:00,60,2,0.0,0.0,0.0,0.071,optimal
2021-02-13 16:30:00,60,2,0.0,0.0,0.0,0.071,optimal
2021-02-13 17:00:00,60,2,0.0,0.0,0.0,0.1754,optimal
2021-02-13 17:30:00,60,2,0.0,0.0,0.0,0.08259999999999999,optimal
2021-02-13 18:00:00,60,2,0.0,0.0774074074074074,0.0,0.08326666666666667,optimal
2021-02-13 18:30:00,60,2,0.0,0.0,0.0,0.1956,optimal
2021-02-13 19:00:00,60,2,0.0,0.0,0.0,0.8453999999999999,optimal
2021-02-13 19:30:00,60,2,0.4428928561810413,0.1548148148148148,0.0,1.5175666666666665,optimal
2021-02-13 20:00:00,60,2,0.6608203888560591,0.0,0.0,0.38406666666666667,optimal
2021-02-13 20:30:00,60,2,0.0,0.0,0.0,0.09906666666666666,optimal
2021-02-13 21:00:00,60,2,0.0,0.9490148148148149,0.0,0.1118,optimal
2021-02-13 21:30:00,60,2,0.0,1.140985185185185,0.0,0.1257333333333333,optimal
2021-02-13 22:00:00,60,2,0.0,0.1548148148148148,0.0,0.31510000000000005,optimal
2021-02-13 22:30:00,60,2,0.0,0.5418518518518518,0.0,0.14709999999999998,optimal
2021-02-13 23:00:00,60,2,0.0,0.1548148148148148,0.0,0.111,optimal
2021-02-13 23:30:00,60,2,0.0,0.1548148148148148,0.0,0.4911666666666667,optimal
2021-02-07 00:00:00,61,2,0.0,0.0,0.0,0.062,optimal
2021-02-07 00:30:00,61,2,0.0,0.0,0.0,0.144,optimal
2021-02-07 01:00:00,61,2,0.0,0.0,0.0,0.10026666666666668,optimal
2021-02-07 01:30:00,61,2,0.0,0.0,0.0,0.062,optimal
2021-02-07 02:00:00,61,2,0.0,0.0,0.0,0.13853333333333334,optimal
2021-02-07 02:30:00,61,2,0.0,0.0,0.0,0.10573333333333332,optimal
2021-02-07 03:00:00,61,2,0.0,0.0,0.0,0.08933333333333333,optimal
2021-02-07 03:30:00,61,2,0.0,0.0,0.0,0.15493333333333334,optimal
2021-02-07 04:00:00,61,2,1.1428571428571428,0.0,0.0,0.062,optimal
2021-02-07 04:30:00,61,2,1.1428571428571428,0.0,0.0,0.16040000000000001,optimal
2021-02-07 05:00:00,61,2,1.1428571428571428,0.0,0.0,0.08386666666666666,optimal
2021-02-07 05:30:00,61,2,1.1428571428571428,0.0,0.0,0.06266666666666666,optimal
2021-02-07 06:00:00,61,2,1.1428571428571428,0.0,0.0,0.1704,optimal
2021-02-07 06:30:00,61,2,1.1428571428571428,0.0,0.0,0.08453333333333334,optimal
2021-02-07 07:00:00,61,2,1.1428571428571428,0.1548148148148148,1.5052247886819266,0.072,optimal
2021-02-07 07:30:00,61,2,0.0,0.3096296296296296,0.0,0.18893333333333331,optimal
2021-02-07 08:00:00,61,2,0.38081446052662155,0.0,0.0,0.06866666666666667,optimal
2021-02-07 08:30:00,61,2,0.7454450166371278,0.0,0.0,0.17186666666666667,optimal
2021-02-07 09:00:00,61,2,0.7381549946207479,0.0,0.0,0.07840000000000001,optimal
2021-02-07 09:30:00,61,2,0.7407017044737074,0.0,0.0,0.062,optimal
2021-02-07 10:00:00,61,2,0.6807520040249745,0.0,0.0,0.11666666666666668,optimal
2021-02-07 10:30:00,61,2,0.6819062033666705,0.0,0.0,0.1276,optimal
2021-02-07 11:00:00,61,2,0.8984834259698434,0.0,0.0,0.062,optimal
2021-02-07 11:30:00,61,2,1.1428571428571428,0.0,0.0,0.14946666666666666,optimal
2021-02-07 12:00:00,61,2,1.1428571428571428,0.0,0.0,0.0948,optimal
2021-02-07 12:30:00,61,2,1.1428571428571428,0.0,0.0,0.08933333333333333,optimal
2021-02-07 13:00:00,61,2,1.1428571428571428,0.0,0.0,0.15493333333333334,optimal
2021-02-07 13:30:00,61,2,1.1428571428571428,0.0,0.0,0.062,optimal
2021-02-07 14:00:00,61,2,1.1428571428571428,0.0,0.0,0.13306666666666667,optimal
2021-02-07 14:30:00,61,2,1.1428571428571428,0.0,0.0,0.11120000000000001,optimal
2021-02-07 15:00:00,61,2,1.1428571428571428,0.0,0.0,0.07840000000000001,optimal
2021-02-07 15:30:00,61,2,1.1428571428571428,0.0,0.0,0.16653333333333334,optimal
2021-02-07 16:00:00,61,2,0.0,0.0,0.0,0.072,optimal
2021-02-07 16:30:00,61,2,0.0,0.0774074074074074,0.0,0.1936,optimal
2021-02-07 17:00:00,61,2,0.0,0.0,0.0,0.068,optimal
2021-02-07 17:30:00,61,2,0.0,0.0,0.0,0.12296666666666668,optimal
2021-02-07 18:00:00,61,2,0.0,0.387037037037037,0.0,0.13113333333333332,optimal
2021-02-07 18:30:00,61,2,0.0,0.387037037037037,0.0,0.09523333333333332,optimal
2021-02-07 19:00:00,61,2,0.0,0.3096296296296296,0.0,0.5349666666666667,optimal
2021-02-07 19:30:00,61,2,0.5217708604817303,0.0,0.0,0.19390000000000002,optimal
2021-02-07 20:00:00,61,2,0.500751812862688,2.5544444444444445,0.0,0.29283333333333333,optimal
2021-02-07 20:30:00,61,2,0.0,0.0,0.0,0.17586666666666667,optimal
2021-02-07 21:00:00,61,2,0.0,0.0,0.0,0.2756,optimal
2021-02-07 21:30:00,61,2,0.0,0.0,0.0,0.5847,optimal
2021-02-07 22:00:00,61,2,0.0,0.5418518518518518,0.0,0.5497000000000001,optimal
2021-02-07 22:30:00,61,2,0.0,0.0,0.0,0.5208666666666667,optimal
2021-02-07 23:00:00,61,2,0.0,0.0,0.0,0.1704,optimal
2021-02-07 23:30:00,61,2,0.0,0.0,0.0,0.09286666666666667,optimal
2021-02-08 00:00:00,61,2,0.0,0.0,0.0,0.044,optimal
2021-02-08 00:30:00,61,2,0.0,0.0,0.0,0.15280000000000002,optimal
2021-02-08 01:00:00,61,2,0.0,0.0,0.0,0.09666666666666669,optimal
2021-02-08 01:30:00,61,2,0.7922209774679099,0.0,0.0,0.106,optimal
2021-02-08 02:00:00,61,2,1.1428571428571428,0.0,0.0,0.19440000000000002,optimal
2021-02-08 02:30:00,61,2,1.1428571428571428,0.0,0.0,0.202,optimal
2021-02-08 03:00:00,61,2,1.1428571428571428,0.0,0.0,0.044,optimal
2021-02-08 03:30:00,61,2,1.1428571428571428,0.0,0.0,0.33173333333333327,optimal
2021-02-08 04:00:00,61,2,1.1428571428571428,0.0,0.0,0.06466666666666668,optimal
2021-02-08 04:30:00,61,2,1.1428571428571428,0.0,0.0,0.13613333333333333,optimal
2021-02-08 05:00:00,61,2,1.1428571428571428,0.0,0.0,0.26026666666666665,optimal
2021-02-08 05:30:00,61,2,1.1428571428571428,0.0,0.0,0.06466666666666668,optimal
2021-02-08 06:00:00,61,2,1.1428571428571428,0.0,0.0,0.106,optimal
2021-02-08 06:30:00,61,2,1.1428571428571428,0.0,4.447686222653282,0.16733333333333333,optimal
2021-02-08 07:00:00,61,2,1.1428571428571428,0.387037037037037,10.0,0.23506666666666665,optimal
2021-02-08 07:30:00,61,2,1.1428571428571428,2.7866666666666666,0.0,0.0668,optimal
2021-02-08 08:00:00,61,2,0.5017054908773223,0.0,0.0,0.6533666666666667,optimal
2021-02-08 08:30:00,61,2,0.41959302355234523,0.3096296296296296,0.0,1.2090666666666665,optimal
2021-02-08 09:00:00,61,2,0.7400128484369178,0.0,0.0,0.13893333333333333,optimal
2021-02-08 09:30:00,61,2,0.7176339303767642,0.0,0.0,0.1948,optimal
2021-02-08 10:00:00,61,2,0.6463979387696006,0.0,0.0,0.11466666666666668,optimal
2021-02-08 10:30:00,61,2,0.6395959044487998,0.0,0.0,0.16093333333333334,optimal
2021-02-08 11:00:00,61,2,0.5531925050663289,0.0,0.0,0.12440000000000001,optimal
2021-02-08 11:30:00,61,2,0.5069335438198735,0.0,0.0,0.2713333333333333,optimal
2021-02-08 12:00:00,61,2,0.5266471215787711,0.0,0.0,0.07466666666666667,optimal
2021-02-08 12:30:00,61,2,0.45837681813347886,0.0,0.0,0.2836666666666667,optimal
2021-02-08 13:00:00,61,2,0.668668498618379,0.0,0.0,0.13273333333333331,optimal
2021-02-08 13:30:00,61,2,1.1428571428571428,0.0,0.0,0.3893333333333333,optimal
2021-02-08 14:00:00,61,2,1.1428571428571428,0.0,0.0,0.5523333333333333,optimal
2021-02-08 14:30:00,61,2,1.1428571428571428,0.0,0.0,0.3047333333333333,optimal
2021-02-08 15:00:00,61,2,1.1428571428571428,0.3096296296296296,0.0,0.6023999999999999,optimal
2021-02-08 15:30:00,61,2,1.1428571428571428,0.0,0.0,0.522,optimal
2021-02-08 16:00:00,61,2,0.0,0.3096296296296296,0.0,0.2346,optimal
2021-02-08 16:30:00,61,2,0.0,3.0188888888888883,0.0,0.4999333333333333,optimal
2021-02-08 17:00:00,61,2,0.0,0.0,0.0,0.3654,optimal
2021-02-08 17:30:00,61,2,0.0,0.0774074074074074,0.0,0.2818333333333333,optimal
2021-02-08 18:00:00,61,2,0.0,0.9288888888888889,0.0,0.33903333333333335,optimal
2021-02-08 18:30:00,61,2,0.0,0.1548148148148148,0.0,0.2916333333333333,optimal
2021-02-08 19:00:00,61,2,0.0,0.0,0.0,0.6564666666666666,optimal
2021-02-08 19:30:00,61,2,0.0,0.0774074074074074,0.0,0.34153333333333336,optimal
2021-02-08 20:00:00,61,2,0.0,0.0774074074074074,0.0,0.3396666666666667,optimal
2021-02-08 20:30:00,61,2,0.0,0.0,0.0,1.5761666666666667,optimal
2021-02-08 21:00:00,61,2,0.0,0.3096296296296296,0.0,0.4764,optimal
2021-02-08 21:30:00,61,2,0.0,0.0774074074074074,0.0,0.2859,optimal
2021-02-08 22:00:00,61,2,0.0,0.0,0.0,0.10063333333333334,optimal
2021-02-08 22:30:00,61,2,0.0,0.0774074074074074,0.0,0.2332,optimal
2021-02-08 23:00:00,61,2,0.0,0.0,0.0,0.2678666666666667,optimal
2021-02-08 23:30:00,61,2,0.0,0.0,0.0,0.054,optimal
2021-02-09 00:00:00,61,2,0.0,0.0,0.0,0.051333333333333335,optimal
2021-02-09 00:30:00,61,2,0.0,0.0,0.0,0.057,optimal
2021-02-09 01:00:00,61,2,0.0,0.0,0.0,0.17033333333333334,optimal
2021-02-09 01:30:00,61,2,1.091746064613918,0.0,0.0,0.057,optimal
2021-02-09 02:00:00,61,2,1.1428571428571428,0.0,0.0,0.17033333333333334,optimal
2021-02-09 02:30:00,61,2,1.1428571428571428,0.0,0.0,0.057,optimal
2021-02-09 03:00:00,61,2,1.1428571428571428,0.0,0.0,0.057,optimal
2021-02-09 03:30:00,61,2,1.1428571428571428,0.0,0.0,0.057,optimal
2021-02-09 04:00:00,61,2,1.1428571428571428,0.387037037037037,0.0,0.10733333333333331,optimal
2021-02-09 04:30:00,61,2,1.1428571428571428,5.031481481481482,0.0,0.11733333333333332,optimal
2021-02-09 05:00:00,61,2,1.1428571428571428,0.0,0.0,0.06833333333333333,optimal
2021-02-09 05:30:00,61,2,1.1428571428571428,0.0,0.0,0.159,optimal
2021-02-09 06:00:00,61,2,1.1428571428571428,0.0,0.0,0.057,optimal
2021-02-09 06:30:00,61,2,1.1428571428571428,0.0,4.493026715003787,0.108,optimal
2021-02-09 07:00:00,61,2,1.1428571428571428,0.0,10.0,0.11866666666666668,optimal
2021-02-09 07:30:00,61,2,1.1428571428571428,5.495925925925925,0.0,0.055,optimal
2021-02-09 08:00:00,61,2,0.6399028087620627,2.439881481481482,0.0,0.06496666666666667,optimal
2021-02-09 08:30:00,61,2,0.4935048430828606,0.11456296296296285,0.0,0.4884,optimal
2021-02-09 09:00:00,61,2,0.5210661755872987,0.8514814814814814,0.0,0.26923333333333327,optimal
2021-02-09 09:30:00,61,2,0.6951940537527028,0.0,0.0,0.08453333333333334,optimal
2021-02-09 10:00:00,61,2,0.6347427453844312,0.0,0.0,0.125,optimal
2021-02-09 10:30:00,61,2,0.6305239136968757,0.0,0.0,0.10233333333333332,optimal
2021-02-09 11:00:00,61,2,0.5341496394581116,0.0,0.0,0.07966666666666668,optimal
2021-02-09 11:30:00,61,2,0.5125820635967966,0.0,0.0,0.14766666666666667,optimal
2021-02-09 12:00:00,61,2,0.4719500419366372,0.0,0.0,0.057,optimal
2021-02-09 12:30:00,61,2,0.459517617797963,0.0,0.0,0.108,optimal
2021-02-09 13:00:00,61,2,1.0281006283332512,0.0,0.0,1.4999,optimal
2021-02-09 13:30:00,61,2,1.1428571428571428,0.0,0.0,0.9773333333333334,optimal
2021-02-09 14:00:00,61,2,1.1428571428571428,0.0,0.0,0.32826666666666665,optimal
2021-02-09 14:30:00,61,2,1.1428571428571428,0.0,0.0,0.173,optimal
2021-02-09 15:00:00,61,2,1.1428571428571428,0.0,0.0,0.16466666666666666,optimal
2021-02-09 15:30:00,61,2,1.1428571428571428,0.0,0.0,0.17866666666666667,optimal
2021-02-09 16:00:00,61,2,0.0,0.23222222222222222,0.0,0.2305,optimal
2021-02-09 16:30:00,61,2,0.0,1.0837037037037036,0.0,0.8015333333333333,optimal
2021-02-09 17:00:00,61,2,0.0,0.46444444444444444,0.0,0.9904,optimal
2021-02-09 17:30:00,61,2,0.0,0.23222222222222222,0.0,0.2586666666666667,optimal
2021-02-09 18:00:00,61,2,0.0,0.6192592592592592,0.0,0.4271333333333333,optimal
2021-02-09 18:30:00,61,2,0.0,0.6966666666666667,0.0,1.147,optimal
2021-02-09 19:00:00,61,2,0.0,0.1548148148148148,0.0,0.5694333333333332,optimal
2021-02-09 19:30:00,61,2,0.0,0.0,0.0,0.10033333333333332,optimal
2021-02-09 20:00:00,61,2,0.0,0.0,0.0,0.3893333333333333,optimal
2021-02-09 20:30:00,61,2,0.0,0.0,0.0,0.055,optimal
2021-02-09 21:00:00,61,2,0.0,0.0,0.0,0.375,optimal
2021-02-09 21:30:00,61,2,0.0,0.3096296296296296,0.0,1.3137333333333332,optimal
2021-02-09 22:00:00,61,2,0.0,0.0,0.0,0.26516666666666666,optimal
2021-02-09 22:30:00,61,2,0.0,0.0,0.0,0.2504333333333333,optimal
2021-02-09 23:00:00,61,2,0.0,0.0,0.0,0.09,optimal
2021-02-09 23:30:00,61,2,0.0,0.0,0.0,0.08666666666666667,optimal
2021-02-10 00:00:00,61,2,0.0,0.0,0.0,0.187,optimal
2021-02-10 00:30:00,61,2,0.0,0.0,0.0,0.157,optimal
2021-02-10 01:00:00,61,2,0.4470190241113433,0.0,0.0,0.111,optimal
2021-02-10 01:30:00,61,2,1.1428571428571428,0.0,0.0,0.1485,optimal
2021-02-10 02:00:00,61,2,1.1428571428571428,0.0,0.0,0.0693,optimal
2021-02-10 02:30:00,61,2,1.1428571428571428,0.0,0.0,0.29333333333333333,optimal
2021-02-10 03:00:00,61,2,1.1428571428571428,0.0,0.0,0.1348,optimal
2021-02-10 03:30:00,61,2,1.1428571428571428,0.0,0.0,0.17433333333333334,optimal
2021-02-10 04:00:00,61,2,1.1428571428571428,0.0,0.0,0.17033333333333334,optimal
2021-02-10 04:30:00,61,2,1.1428571428571428,0.0,0.0,0.1308,optimal
2021-02-10 05:00:00,61,2,1.1428571428571428,0.0,0.0,0.2876666666666667,optimal
2021-02-10 05:30:00,61,2,1.1428571428571428,0.0,0.0,0.14046666666666666,optimal
2021-02-10 06:00:00,61,2,1.1428571428571428,0.0,0.0,0.09966666666666668,optimal
2021-02-10 06:30:00,61,2,1.1428571428571428,0.0,1.2840452308156771,0.26613333333333333,optimal
2021-02-10 07:00:00,61,2,1.1428571428571428,0.23222222222222222,10.0,0.109,optimal
2021-02-10 07:30:00,61,2,1.1428571428571428,2.39962962962963,0.0,1.1200999999999999,optimal
2021-02-10 08:00:00,61,2,0.6506378710206296,0.46444444444444444,0.0,0.21806666666666663,optimal
2021-02-10 08:30:00,61,2,0.6663675675753492,6.579629629629631,0.0,0.13373333333333332,optimal
2021-02-10 09:00:00,61,2,0.649528056426464,0.23222222222222222,0.0,0.245,optimal
2021-02-10 09:30:00,61,2,0.7598672767907099,0.0,0.0,0.10853333333333332,optimal
2021-02-10 10:00:00,61,2,0.6400662541279447,0.0,0.0,0.1326,optimal
2021-02-10 10:30:00,61,2,0.5864873360677885,0.0,0.0,0.2976666666666667,optimal
2021-02-10 11:00:00,61,2,0.5585765883562235,0.0,0.0,0.12029999999999999,optimal
2021-02-10 11:30:00,61,2,0.5168128652050115,0.0,0.0,0.2515,optimal
2021-02-10 12:00:00,61,2,0.43536434534679275,0.0,0.0,0.19516666666666663,optimal
2021-02-10 12:30:00,61,2,0.46846910725155366,0.0,0.0,0.0793,optimal
2021-02-10 13:00:00,61,2,1.1428571428571428,0.0,0.0,0.14273333333333332,optimal
2021-02-10 13:30:00,61,2,1.1428571428571428,0.5418518518518518,0.0,0.3086666666666667,optimal
2021-02-10 14:00:00,61,2,1.1428571428571428,0.6192592592592592,0.0,0.12459999999999999,optimal
2021-02-10 14:30:00,61,2,1.1428571428571428,0.0,0.0,0.1196,optimal
2021-02-10 15:00:00,61,2,1.1428571428571428,0.0,0.0,0.26566666666666666,optimal
2021-02-10 15:30:00,61,2,1.1428571428571428,0.0,0.0,0.065,optimal
2021-02-10 16:00:00,61,2,0.0,0.387037037037037,0.0,0.383,optimal
2021-02-10 16:30:00,61,2,0.0,0.0,0.0,0.37073333333333336,optimal
2021-02-10 17:00:00,61,2,0.0,0.6966666666666667,0.0,0.5154666666666667,optimal
2021-02-10 17:30:00,61,2,0.0,0.387037037037037,0.0,0.5450333333333333,optimal
2021-02-10 18:00:00,61,2,0.0,0.0,0.0,1.441266666666667,optimal
2021-02-10 18:30:00,61,2,0.0,0.23222222222222222,0.0,0.4383333333333333,optimal
2021-02-10 19:00:00,61,2,0.0,0.3096296296296296,0.0,0.5535666666666668,optimal
2021-02-10 19:30:00,61,2,0.4815712733974707,0.0,0.0,0.48203333333333337,optimal
2021-02-10 20:00:00,61,2,0.565159177357324,0.23222222222222222,0.0,0.5976333333333333,optimal
2021-02-10 20:30:00,61,2,0.0,0.0,0.0,0.6344,optimal
2021-02-10 21:00:00,61,2,0.0,0.0,0.0,0.3973333333333333,optimal
2021-02-10 21:30:00,61,2,0.0,0.0,0.0,0.5224333333333333,optimal
2021-02-10 22:00:00,61,2,0.0,0.3096296296296296,0.0,0.4252666666666666,optimal
2021-02-10 22:30:00,61,2,0.0,0.0,0.0,0.269,optimal
2021-02-10 23:00:00,61,2,0.0,0.1548148148148148,0.0,0.34346666666666664,optimal
2021-02-10 23:30:00,61,2,0.0,0.0,0.0,0.14033333333333334,optimal
2021-02-11 00:00:00,61,2,1.0193627817309774,0.0,0.0,0.064,optimal
2021-02-11 00:30:00,61,2,1.1428571428571428,0.0,0.0,0.12066666666666669,optimal
2021-02-11 01:00:00,61,2,1.1428571428571428,0.0,0.0,0.3012666666666666,optimal
2021-02-11 01:30:00,61,2,1.1428571428571428,0.0,0.0,0.13813333333333333,optimal
2021-02-11 02:00:00,61,2,1.1428571428571428,0.0,0.0,0.18016666666666664,optimal
2021-02-11 02:30:00,61,2,1.1428571428571428,0.0,0.0,0.22523333333333329,optimal
2021-02-11 03:00:00,61,2,1.1428571428571428,0.0,0.0,0.17733333333333334,optimal
2021-02-11 03:30:00,61,2,1.1428571428571428,0.0,0.0,0.064,optimal
2021-02-11 04:00:00,61,2,1.1428571428571428,0.0,0.0,0.3427,optimal
2021-02-11 04:30:00,61,2,1.1428571428571428,0.0,0.0,0.10803333333333331,optimal
2021-02-11 05:00:00,61,2,1.1428571428571428,0.0,0.0,0.149,optimal
2021-02-11 05:30:00,61,2,1.1428571428571428,0.1548148148148148,0.0,0.244,optimal
2021-02-11 06:00:00,61,2,1.1428571428571428,0.3096296296296296,0.0,1.678766666666667,optimal
2021-02-11 06:30:00,61,2,1.1428571428571428,0.0,4.170870844780612,0.136,optimal
2021-02-11 07:00:00,61,2,1.1428571428571428,0.0,10.0,0.3056333333333333,optimal
2021-02-11 07:30:00,61,2,1.1428571428571428,0.0,0.0,0.2735,optimal
2021-02-11 08:00:00,61,2,0.806413456079582,0.0,0.0,1.4924666666666666,optimal
2021-02-11 08:30:00,61,2,0.5942095169968818,0.3096296296296296,0.0,3.029333333333333,optimal
2021-02-11 09:00:00,61,2,0.47684551614164317,0.6966666666666667,0.0,1.5050999999999999,optimal
2021-02-11 09:30:00,61,2,0.3979145603370854,0.1548148148148148,0.0,1.3914000000000002,optimal
2021-02-11 10:00:00,61,2,0.2578613140601937,2.1674074074074072,0.0,0.3898666666666667,optimal
2021-02-11 10:30:00,61,2,0.2816227005865166,0.0,0.0,1.0017666666666667,optimal
2021-02-11 11:00:00,61,2,0.3214274184146048,0.23222222222222222,0.0,1.2911333333333335,optimal
2021-02-11 11:30:00,61,2,0.3412680662090705,0.0,0.0,0.5388333333333334,optimal
2021-02-11 12:00:00,61,2,0.7300832811483345,0.387037037037037,0.0,0.5584333333333332,optimal
2021-02-11 12:30:00,61,2,1.1428571428571428,0.1548148148148148,0.0,2.2020333333333335,optimal
2021-02-11 13:00:00,61,2,1.1428571428571428,0.1548148148148148,0.0,3.0048666666666666,optimal
2021-02-11 13:30:00,61,2,1.1428571428571428,0.0,0.0,2.8122,optimal
2021-02-11 14:00:00,61,2,1.1428571428571428,0.1548148148148148,0.0,0.34096666666666664,optimal
2021-02-11 14:30:00,61,2,1.1428571428571428,0.0,0.0,0.23063333333333333,optimal
2021-02-11 15:00:00,61,2,1.1428571428571428,0.0,0.0,0.2401,optimal
2021-02-11 15:30:00,61,2,1.1428571428571428,0.0,0.0,0.074,optimal
2021-02-11 16:00:00,61,2,0.0,0.0,0.0,0.3514,optimal
2021-02-11 16:30:00,61,2,0.0,0.0,0.0,0.11933333333333332,optimal
2021-02-11 17:00:00,61,2,0.0,0.0,0.0,0.074,optimal
2021-02-11 17:30:00,61,2,0.0,0.0,0.0,0.3032333333333333,optimal
2021-02-11 18:00:00,61,2,0.0,0.0,0.0,0.1675,optimal
2021-02-11 18:30:00,61,2,0.0,0.387037037037037,0.0,0.2934,optimal
2021-02-11 19:00:00,61,2,0.0,0.0774074074074074,0.0,0.3194666666666666,optimal
2021-02-11 19:30:00,61,2,0.965937629497827,0.0774074074074074,0.0,0.10953333333333332,optimal
2021-02-11 20:00:00,61,2,0.8783140813742069,0.2740222222222222,0.0,0.3475,optimal
2021-02-11 20:30:00,61,2,0.0,0.2678296296296296,0.0,1.3892666666666669,optimal
2021-02-11 21:00:00,61,2,0.0,0.0,0.0,0.3742,optimal
2021-02-11 21:30:00,61,2,0.0,0.0774074074074074,0.0,0.5562333333333334,optimal
2021-02-11 22:00:00,61,2,0.0,2.631851851851852,0.0,0.52,optimal
2021-02-11 22:30:00,61,2,0.0,0.1548148148148148,0.0,0.6883333333333334,optimal
2021-02-11 23:00:00,61,2,0.0,0.0,0.0,0.4285,optimal
2021-02-11 23:30:00,61,2,0.0,0.1548148148148148,0.0,0.692,optimal
2021-02-12 00:00:00,61,2,1.1428571428571428,0.0,0.0,0.115,optimal
2021-02-12 00:30:00,61,2,1.1428571428571428,0.0,0.0,0.22206666666666663,optimal
2021-02-12 01:00:00,61,2,1.1428571428571428,0.0,0.0,0.07809999999999999,optimal
2021-02-12 01:30:00,61,2,1.1428571428571428,0.0,0.0,0.15323333333333333,optimal
2021-02-12 02:00:00,61,2,1.1428571428571428,0.0,0.0,0.062,optimal
2021-02-12 02:30:00,61,2,1.1428571428571428,0.0,0.0,0.1684,optimal
2021-02-12 03:00:00,61,2,1.1428571428571428,0.0,0.0,0.16933333333333334,optimal
2021-02-12 03:30:00,61,2,1.1428571428571428,0.0,0.0,0.1076,optimal
2021-02-12 04:00:00,61,2,1.1428571428571428,0.0,0.0,0.12279999999999999,optimal
2021-02-12 04:30:00,61,2,1.1428571428571428,0.0,0.0,0.08883333333333333,optimal
2021-02-12 05:00:00,61,2,1.1428571428571428,0.0,0.0,0.2489,optimal
2021-02-12 05:30:00,61,2,1.1428571428571428,0.0,0.0,0.062,optimal
2021-02-12 06:00:00,61,2,1.1428571428571428,0.0,0.0,0.16933333333333334,optimal
2021-02-12 06:30:00,61,2,1.1428571428571428,0.0,0.0,0.1684,optimal
2021-02-12 07:00:00,61,2,1.1428571428571428,0.0,8.768658246479923,0.16933333333333334,optimal
2021-02-12 07:30:00,61,2,1.1428571428571428,4.949827102878384,0.0,0.1684,optimal
2021-02-12 08:00:00,61,2,0.9483857529417816,0.0,0.0,0.062,optimal
2021-02-12 08:30:00,61,2,0.8514751040061147,0.0,0.0,0.3204666666666666,optimal
2021-02-12 09:00:00,61,2,0.5374279290556203,0.1548148148148148,0.0,1.0616666666666668,optimal
2021-02-12 09:30:00,61,2,0.4171860197289094,0.0,0.0,0.9686666666666667,optimal
2021-02-12 10:00:00,61,2,0.39379760555728527,0.5418518518518518,0.0,0.4669666666666666,optimal
2021-02-12 10:30:00,61,2,0.37969890342861695,0.1548148148148148,0.0,0.46736666666666665,optimal
2021-02-12 11:00:00,61,2,0.01751002961465016,0.46444444444444444,0.0,1.6656666666666669,optimal
2021-02-12 11:30:00,61,2,0.2210472156580925,0.1548148148148148,0.0,0.5423333333333333,optimal
2021-02-12 12:00:00,61,2,0.12980697347755257,0.3096296296296296,0.0,0.7321,optimal
2021-02-12 12:30:00,61,2,0.2751822547590837,0.0,0.0,0.4062,optimal
2021-02-12 13:00:00,61,2,1.1428571428571428,0.3096296296296296,0.0,0.5558333333333334,optimal
2021-02-12 13:30:00,61,2,1.1428571428571428,0.387037037037037,0.0,0.4204,optimal
2021-02-12 14:00:00,61,2,1.1428571428571428,0.0,0.0,0.36003333333333337,optimal
2021-02-12 14:30:00,61,2,1.1428571428571428,0.23222222222222222,0.0,1.2749666666666668,optimal
2021-02-12 15:00:00,61,2,1.1428571428571428,0.0774074074074074,0.0,2.231133333333333,optimal
2021-02-12 15:30:00,61,2,1.1428571428571428,0.0774074074074074,0.0,1.058266666666667,optimal
2021-02-12 16:00:00,61,2,0.0,0.0,0.0,0.1943666666666667,optimal
2021-02-12 16:30:00,61,2,0.0,0.0,0.0,0.3326,optimal
2021-02-12 17:00:00,61,2,0.0,0.35142962962962954,0.0,0.33396666666666663,optimal
2021-02-12 17:30:00,61,2,0.0,0.19042222222222224,0.0,0.27546666666666664,optimal
2021-02-12 18:00:00,61,2,0.0,0.1548148148148148,0.0,0.4399333333333333,optimal
2021-02-12 18:30:00,61,2,0.0,0.23222222222222222,0.0,0.5978,optimal
2021-02-12 19:00:00,61,2,0.0,0.0,0.0,0.41833333333333333,optimal
2021-02-12 19:30:00,61,2,0.1149301571691217,0.0,0.0,0.23683333333333328,optimal
2021-02-12 20:00:00,61,2,0.6316965793322553,0.6192592592592592,0.0,0.6461,optimal
2021-02-12 20:30:00,61,2,0.0,0.0,0.0,0.46436666666666665,optimal
2021-02-12 21:00:00,61,2,0.0,0.0,0.0,0.5846333333333333,optimal
2021-02-12 21:30:00,61,2,0.0,0.0,0.0,0.5332,optimal
2021-02-12 22:00:00,61,2,0.0,0.46444444444444444,0.0,0.8174666666666667,optimal
2021-02-12 22:30:00,61,2,0.0,0.0,0.0,0.48806666666666665,optimal
2021-02-12 23:00:00,61,2,0.0,0.0,0.0,0.5255,optimal
2021-02-12 23:30:00,61,2,0.0,0.0,0.0,1.254,optimal
2021-02-13 00:00:00,61,2,0.0,0.0,0.0,0.044,optimal
2021-02-13 00:30:00,61,2,0.0,0.0,0.0,0.044,optimal
2021-02-13 01:00:00,61,2,0.08098760805227936,0.0,0.0,0.044,optimal
2021-02-13 01:30:00,61,2,1.1428571428571428,0.0,0.0,0.044,optimal
2021-02-13 02:00:00,61,2,1.1428571428571428,0.0,0.0,0.044,optimal
2021-02-13 02:30:00,61,2,1.1428571428571428,0.0,0.0,0.044,optimal
2021-02-13 03:00:00,61,2,1.1428571428571428,0.0,0.0,0.044,optimal
2021-02-13 03:30:00,61,2,1.1428571428571428,0.0,0.0,0.04966666666666666,optimal
2021-02-13 04:00:00,61,2,1.1428571428571428,0.0,0.0,0.054,optimal
2021-02-13 04:30:00,61,2,1.1428571428571428,0.0,0.0,0.054,optimal
2021-02-13 05:00:00,61,2,1.1428571428571428,0.0,0.0,0.054,optimal
2021-02-13 05:30:00,61,2,1.1428571428571428,0.0,0.0,0.04733333333333334,optimal
2021-02-13 06:00:00,61,2,1.1428571428571428,0.0,0.0,0.6717333333333333,optimal
2021-02-13 06:30:00,61,2,1.1428571428571428,4.954074074074073,5.786999134226631,0.9507666666666668,optimal
2021-02-13 07:00:00,61,2,1.1428571428571428,0.9288888888888889,0.0,0.052,optimal
2021-02-13 07:30:00,61,2,1.1428571428571428,0.1548148148148148,0.0,0.052,optimal
2021-02-13 08:00:00,61,2,0.7904031503518962,6.579629629629631,0.0,0.1323,optimal
2021-02-13 08:30:00,61,2,0.771172717347716,0.387037037037037,0.0,0.052,optimal
2021-02-13 09:00:00,61,2,0.672086683739374,0.3096296296296296,0.0,0.1858333333333333,optimal
2021-02-13 09:30:00,61,2,0.6901078520518094,0.0774074074074074,0.0,0.12183333333333332,optimal
2021-02-13 10:00:00,61,2,0.6293484380298151,0.0774074074074074,0.0,0.052,optimal
2021-02-13 10:30:00,61,2,0.5945865764542053,0.0774074074074074,0.0,0.1323,optimal
2021-02-13 11:00:00,61,2,0.5198439898607495,0.46444444444444444,0.0,0.10523333333333332,optimal
2021-02-13 11:30:00,61,2,0.32755450923752305,0.1548148148148148,0.0,1.1169666666666667,optimal
2021-02-13 12:00:00,61,2,0.4834372552825034,0.3096296296296296,0.0,0.07876666666666667,optimal
2021-02-13 12:30:00,61,2,0.4318906749884337,0.23222222222222222,0.0,0.2335,optimal
2021-02-13 13:00:00,61,2,1.1428571428571428,0.0,0.0,0.052,optimal
2021-02-13 13:30:00,61,2,1.1428571428571428,0.0,0.0,0.0737,optimal
2021-02-13 14:00:00,61,2,1.1428571428571428,0.387037037037037,0.0,1.7086,optimal
2021-02-13 14:30:00,61,2,1.1428571428571428,0.387037037037037,0.0,0.36010000000000003,optimal
2021-02-13 15:00:00,61,2,1.1428571428571428,0.387037037037037,0.0,0.2529,optimal
2021-02-13 15:30:00,61,2,1.1428571428571428,0.0,0.0,0.20816666666666664,optimal
2021-02-13 16:00:00,61,2,0.0,0.23222222222222222,0.0,1.4458333333333333,optimal
2021-02-13 16:30:00,61,2,0.0,0.0,0.0,0.059,optimal
2021-02-13 17:00:00,61,2,0.0,0.23222222222222222,0.0,0.067,optimal
2021-02-13 17:30:00,61,2,0.0,0.3096296296296296,0.0,0.5352,optimal
2021-02-13 18:00:00,61,2,0.0,0.0,0.0,0.9602,optimal
2021-02-13 18:30:00,61,2,0.0,0.0774074074074074,0.0,0.2485,optimal
2021-02-13 19:00:00,61,2,0.0,0.0,0.0,0.067,optimal
2021-02-13 19:30:00,61,2,0.5456269813899336,0.387037037037037,0.0,0.2375,optimal
2021-02-13 20:00:00,61,2,0.6837441983798715,0.0,0.0,0.052,optimal
2021-02-13 20:30:00,61,2,0.0,0.0,0.0,0.09563333333333333,optimal
2021-02-13 21:00:00,61,2,0.0,0.3096296296296296,0.0,0.06786666666666666,optimal
2021-02-13 21:30:00,61,2,0.0,0.0,0.0,0.6888333333333334,optimal
2021-02-13 22:00:00,61,2,0.0,0.0,0.0,0.054,optimal
2021-02-13 22:30:00,61,2,0.0,0.0,0.0,0.054,optimal
2021-02-13 23:00:00,61,2,0.0,0.0,0.0,0.054,optimal
2021-02-13 23:30:00,61,2,0.0,0.0,0.0,0.05066666666666666,optimal
2021-02-07 00:00:00,62,2,0.0,0.0,0.0,0.066,optimal
2021-02-07 00:30:00,62,2,0.0,0.0,0.0,0.066,optimal
2021-02-07 01:00:00,62,2,0.0,0.0,0.0,0.066,optimal
2021-02-07 01:30:00,62,2,0.0,0.0,0.0,0.066,optimal
2021-02-07 02:00:00,62,2,0.0,0.0,0.0,0.066,optimal
2021-02-07 02:30:00,62,2,0.0,0.0,0.0,0.066,optimal
2021-02-07 03:00:00,62,2,0.0,0.0,0.0,0.066,optimal
2021-02-07 03:30:00,62,2,0.0,0.0,0.0,0.066,optimal
2021-02-07 04:00:00,62,2,1.1428571428571428,0.0,0.0,0.066,optimal
2021-02-07 04:30:00,62,2,1.1428571428571428,0.0,0.0,0.066,optimal
2021-02-07 05:00:00,62,2,1.1428571428571428,0.0,0.0,0.066,optimal
2021-02-07 05:30:00,62,2,1.1428571428571428,0.0,0.0,0.066,optimal
2021-02-07 06:00:00,62,2,1.1428571428571428,0.0,0.0,0.066,optimal
2021-02-07 06:30:00,62,2,1.1428571428571428,0.6966666666666667,1.4055777348378222,0.06933333333333333,optimal
2021-02-07 07:00:00,62,2,1.1428571428571428,0.1548148148148148,0.0,0.074,optimal
2021-02-07 07:30:00,62,2,0.0,2.0899999999999994,0.0,0.15380000000000002,optimal
2021-02-07 08:00:00,62,2,0.20885787654968724,0.0,0.0,0.16226666666666667,optimal
2021-02-07 08:30:00,62,2,0.6678659690180769,0.0,0.0,0.3478,optimal
2021-02-07 09:00:00,62,2,0.3320578517635994,0.46444444444444444,0.0,4.3372,optimal
2021-02-07 09:30:00,62,2,0.4732083711403744,2.0899999999999994,0.0,2.8696333333333333,optimal
2021-02-07 10:00:00,62,2,0.5818853373583117,0.5418518518518518,0.0,0.2852,optimal
2021-02-07 10:30:00,62,2,0.5783004890809537,0.0774074074074074,0.0,0.3316,optimal
2021-02-07 11:00:00,62,2,0.5080561269797567,0.0,0.0,0.3901,optimal
2021-02-07 11:30:00,62,2,1.1428571428571428,0.0,0.0,0.2035,optimal
2021-02-07 12:00:00,62,2,1.1428571428571428,0.23222222222222222,0.0,0.25606666666666666,optimal
2021-02-07 12:30:00,62,2,1.1428571428571428,0.5418518518518518,0.0,0.2627,optimal
2021-02-07 13:00:00,62,2,1.1428571428571428,0.0,0.0,0.49310000000000004,optimal
2021-02-07 13:30:00,62,2,1.1428571428571428,0.0774074074074074,0.0,0.39576666666666666,optimal
2021-02-07 14:00:00,62,2,1.1428571428571428,0.0,0.0,0.17373333333333332,optimal
2021-02-07 14:30:00,62,2,1.1428571428571428,0.23222222222222222,0.0,0.228,optimal
2021-02-07 15:00:00,62,2,1.1428571428571428,0.23222222222222222,0.0,0.22616666666666663,optimal
2021-02-07 15:30:00,62,2,1.1428571428571428,0.0,0.0,0.12043333333333334,optimal
2021-02-07 16:00:00,62,2,0.0,0.0,0.0,0.076,optimal
2021-02-07 16:30:00,62,2,0.0,0.0,0.0,0.076,optimal
2021-02-07 17:00:00,62,2,0.0,0.0,0.0,0.076,optimal
2021-02-07 17:30:00,62,2,0.0,0.0,0.0,0.076,optimal
2021-02-07 18:00:00,62,2,0.0,0.0,0.0,0.076,optimal
2021-02-07 18:30:00,62,2,0.0,0.0,0.0,0.076,optimal
2021-02-07 19:00:00,62,2,0.0,0.0,0.0,0.076,optimal
2021-02-07 19:30:00,62,2,0.7681041938150672,0.0,0.0,0.076,optimal
2021-02-07 20:00:00,62,2,0.7681041938150672,0.0,0.0,0.076,optimal
2021-02-07 20:30:00,62,2,0.0,0.0,0.0,0.076,optimal
2021-02-07 21:00:00,62,2,0.0,0.0,0.0,0.076,optimal
2021-02-07 21:30:00,62,2,0.0,0.0,0.0,0.076,optimal
2021-02-07 22:00:00,62,2,0.0,0.0,0.0,0.076,optimal
2021-02-07 22:30:00,62,2,0.0,0.0,0.0,0.076,optimal
2021-02-07 23:00:00,62,2,0.0,0.0,0.0,0.217,optimal
2021-02-07 23:30:00,62,2,0.0,0.0,0.0,0.076,optimal
2021-02-08 00:00:00,62,2,0.0,0.0,0.0,0.066,optimal
2021-02-08 00:30:00,62,2,0.0,0.0,0.0,0.18430000000000002,optimal
2021-02-08 01:00:00,62,2,0.6509521609975827,0.0,0.0,0.07163333333333334,optimal
2021-02-08 01:30:00,62,2,1.1428571428571428,0.0,0.0,0.066,optimal
2021-02-08 02:00:00,62,2,1.1428571428571428,0.0,0.0,0.0829,optimal
2021-02-08 02:30:00,62,2,1.1428571428571428,0.0,0.0,0.17303333333333334,optimal
2021-02-08 03:00:00,62,2,1.1428571428571428,0.0,0.0,0.066,optimal
2021-02-08 03:30:00,62,2,1.1428571428571428,0.0,0.0,0.0998,optimal
2021-02-08 04:00:00,62,2,1.1428571428571428,0.0,0.0,0.15613333333333332,optimal
2021-02-08 04:30:00,62,2,1.1428571428571428,0.0,0.0,0.066,optimal
2021-02-08 05:00:00,62,2,1.1428571428571428,0.0,0.0,0.1674,optimal
2021-02-08 05:30:00,62,2,1.1428571428571428,0.0,0.0,0.08853333333333332,optimal
2021-02-08 06:00:00,62,2,1.1428571428571428,0.0,0.0,0.066,optimal
2021-02-08 06:30:00,62,2,1.1428571428571428,0.0,0.0,0.1886,optimal
2021-02-08 07:00:00,62,2,1.1428571428571428,0.0774074074074074,7.914565503875778,0.1697,optimal
2021-02-08 07:30:00,62,2,1.1428571428571428,2.012592592592592,0.0,0.08253333333333333,optimal
2021-02-08 08:00:00,62,2,0.6806007289725668,1.006296296296296,0.0,0.2067,optimal
2021-02-08 08:30:00,62,2,0.6627358806952025,0.0774074074074074,0.0,0.29046666666666665,optimal
2021-02-08 09:00:00,62,2,0.5682509436750134,0.0,0.0,0.2782,optimal
2021-02-08 09:30:00,62,2,0.5965101208529495,0.0,0.0,0.2315,optimal
2021-02-08 10:00:00,62,2,0.6382455578172154,0.0,0.0,0.1436,optimal
2021-02-08 10:30:00,62,2,0.647881618734517,0.0,0.0,0.13233333333333333,optimal
2021-02-08 11:00:00,62,2,0.567135362209182,0.0,0.0,0.076,optimal
2021-02-08 11:30:00,62,2,0.5628573533436843,0.0,0.0,0.076,optimal
2021-02-08 12:00:00,62,2,0.526380454912095,0.0,0.0,0.076,optimal
2021-02-08 12:30:00,62,2,0.5097768181334769,0.0,0.0,0.10416666666666669,optimal
2021-02-08 13:00:00,62,2,1.1428571428571428,0.0,0.0,0.17176666666666668,optimal
2021-02-08 13:30:00,62,2,1.1428571428571428,0.0,0.0,0.076,optimal
2021-02-08 14:00:00,62,2,1.1428571428571428,0.0,0.0,0.1999333333333333,optimal
2021-02-08 14:30:00,62,2,1.1428571428571428,0.0,0.0,0.8137000000000001,optimal
2021-02-08 15:00:00,62,2,1.1428571428571428,0.0,0.0,1.0736333333333334,optimal
2021-02-08 15:30:00,62,2,1.1428571428571428,0.0,0.0,0.17616666666666667,optimal
2021-02-08 16:00:00,62,2,0.0,0.0,0.0,0.1716,optimal
2021-02-08 16:30:00,62,2,0.0,0.0774074074074074,0.0,0.45763333333333334,optimal
2021-02-08 17:00:00,62,2,0.0,0.5418518518518518,0.0,1.634,optimal
2021-02-08 17:30:00,62,2,0.0,0.46444444444444444,0.0,1.3739666666666668,optimal
2021-02-08 18:00:00,62,2,0.0,0.23222222222222222,0.0,1.8918666666666664,optimal
2021-02-08 18:30:00,62,2,0.0,0.387037037037037,0.0,0.48119999999999996,optimal
2021-02-08 19:00:00,62,2,0.0,0.387037037037037,0.0,0.7313,optimal
2021-02-08 19:30:00,62,2,0.0,0.0,0.0,0.2598333333333333,optimal
2021-02-08 20:00:00,62,2,0.32531966384463873,0.0,0.0,0.2904333333333333,optimal
2021-02-08 20:30:00,62,2,0.0,6.889259259259259,0.0,0.5147666666666667,optimal
2021-02-08 21:00:00,62,2,0.0,0.0,0.0,0.5608333333333334,optimal
2021-02-08 21:30:00,62,2,0.0,0.0,0.0,0.3701333333333333,optimal
2021-02-08 22:00:00,62,2,0.0,0.387037037037037,0.0,0.38010000000000005,optimal
2021-02-08 22:30:00,62,2,0.0,0.0,0.0,0.2282333333333333,optimal
2021-02-08 23:00:00,62,2,0.0,0.0,0.0,0.076,optimal
2021-02-08 23:30:00,62,2,0.0,0.0,0.0,0.1873333333333333,optimal
2021-02-09 00:00:00,62,2,0.0,0.0,0.0,0.062,optimal
2021-02-09 00:30:00,62,2,0.0,0.0,0.0,0.17666666666666667,optimal
2021-02-09 01:00:00,62,2,0.0,0.0,0.0,0.05,optimal
2021-02-09 01:30:00,62,2,0.939288290174304,0.0,0.0,0.12279999999999999,optimal
2021-02-09 02:00:00,62,2,1.1428571428571428,0.0,0.0,0.19306666666666664,optimal
2021-02-09 02:30:00,62,2,1.1428571428571428,0.0,0.0,0.05,optimal
2021-02-09 03:00:00,62,2,1.1428571428571428,0.0,0.0,0.2658666666666667,optimal
2021-02-09 03:30:00,62,2,1.1428571428571428,0.0,0.0,0.05,optimal
2021-02-09 04:00:00,62,2,1.1428571428571428,0.0,0.0,0.0664,optimal
2021-02-09 04:30:00,62,2,1.1428571428571428,0.0,0.0,0.1988,optimal
2021-02-09 05:00:00,62,2,1.1428571428571428,0.0,0.0,0.10066666666666668,optimal
2021-02-09 05:30:00,62,2,1.1428571428571428,0.0,0.0,0.12653333333333333,optimal
2021-02-09 06:00:00,62,2,1.1428571428571428,0.0,0.0,0.1893333333333333,optimal
2021-02-09 06:30:00,62,2,1.1428571428571428,0.0,8.355043916592676,0.08826666666666666,optimal
2021-02-09 07:00:00,62,2,1.1428571428571428,0.387037037037037,10.0,0.20026666666666668,optimal
2021-02-09 07:30:00,62,2,1.1428571428571428,0.8932814814814815,0.0,0.24509999999999998,optimal
2021-02-09 08:00:00,62,2,0.826159951619203,0.0,0.0,0.13653333333333334,optimal
2021-02-09 08:30:00,62,2,0.8018000811780979,0.0,0.0,0.19933333333333328,optimal
2021-02-09 09:00:00,62,2,0.7555899851111083,0.0,0.0,0.13653333333333334,optimal
2021-02-09 09:30:00,62,2,0.7646226251812739,0.0,0.0,0.06,optimal
2021-02-09 10:00:00,62,2,0.6221332215749115,0.0,0.0,0.16793333333333332,optimal
2021-02-09 10:30:00,62,2,0.611438199411161,0.0,0.0,0.16793333333333332,optimal
2021-02-09 11:00:00,62,2,0.5394258299343053,0.0,0.0,0.06,optimal
2021-02-09 11:30:00,62,2,0.5264296826444141,0.0,0.0,0.098,optimal
2021-02-09 12:00:00,62,2,0.4199309943175904,0.0,0.0,0.23786666666666667,optimal
2021-02-09 12:30:00,62,2,0.47288904636939105,0.0,0.0,0.06,optimal
2021-02-09 13:00:00,62,2,1.1428571428571428,0.0,0.0,0.254,optimal
2021-02-09 13:30:00,62,2,1.1428571428571428,0.0,0.0,0.08186666666666666,optimal
2021-02-09 14:00:00,62,2,1.1428571428571428,0.035607407407407414,0.0,0.058,optimal
2021-02-09 14:30:00,62,2,1.1428571428571428,0.0,0.0,0.2319,optimal
2021-02-09 15:00:00,62,2,1.1428571428571428,0.0,0.0,0.1026,optimal
2021-02-09 15:30:00,62,2,1.1428571428571428,0.0,0.0,0.27343333333333336,optimal
2021-02-09 16:00:00,62,2,0.0,0.0,0.0,0.0885,optimal
2021-02-09 16:30:00,62,2,0.0,0.3096296296296296,0.0,0.105,optimal
2021-02-09 17:00:00,62,2,0.0,0.0,0.0,0.28046666666666664,optimal
2021-02-09 17:30:00,62,2,0.0,0.3096296296296296,0.0,0.1482,optimal
2021-02-09 18:00:00,62,2,0.0,0.0774074074074074,0.0,0.32180000000000003,optimal
2021-02-09 18:30:00,62,2,0.0,0.0,0.0,0.22956666666666664,optimal
2021-02-09 19:00:00,62,2,0.0,3.0188888888888883,0.0,0.30010000000000003,optimal
2021-02-09 19:30:00,62,2,0.2887750796987062,0.0,0.0,0.43596666666666656,optimal
2021-02-09 20:00:00,62,2,0.48189198789027327,0.0,0.0,0.5248666666666667,optimal
2021-02-09 20:30:00,62,2,0.0,0.0,0.0,0.10206666666666667,optimal
2021-02-09 21:00:00,62,2,0.0,0.0,0.0,0.24719999999999998,optimal
2021-02-09 21:30:00,62,2,0.0,0.0,0.0,0.09826666666666668,optimal
2021-02-09 22:00:00,62,2,0.0,0.0,0.0,0.14233333333333334,optimal
2021-02-09 22:30:00,62,2,0.0,0.0,0.0,0.19353333333333333,optimal
2021-02-09 23:00:00,62,2,0.0,0.0,0.0,0.06,optimal
2021-02-09 23:30:00,62,2,0.0,0.0,0.0,0.2157333333333333,optimal
2021-02-10 00:00:00,62,2,0.0,0.0,0.0,0.12183333333333332,optimal
2021-02-10 00:30:00,62,2,0.47999820260147547,0.0,0.0,0.0765,optimal
2021-02-10 01:00:00,62,2,1.1428571428571428,0.0,0.0,0.065,optimal
2021-02-10 01:30:00,62,2,1.1428571428571428,0.0,0.0,0.134,optimal
2021-02-10 02:00:00,62,2,1.1428571428571428,0.0,0.0,0.065,optimal
2021-02-10 02:30:00,62,2,1.1428571428571428,0.0,0.0,0.065,optimal
2021-02-10 03:00:00,62,2,1.1428571428571428,0.0,0.0,0.065,optimal
2021-02-10 03:30:00,62,2,1.1428571428571428,0.0,0.0,0.11483333333333332,optimal
2021-02-10 04:00:00,62,2,1.1428571428571428,0.0,0.0,0.08416666666666667,optimal
2021-02-10 04:30:00,62,2,1.1428571428571428,0.0,0.0,0.10716666666666669,optimal
2021-02-10 05:00:00,62,2,1.1428571428571428,0.0,0.0,0.09183333333333331,optimal
2021-02-10 05:30:00,62,2,1.1428571428571428,0.0,0.0,0.065,optimal
2021-02-10 06:00:00,62,2,1.1428571428571428,0.0,0.0,0.065,optimal
2021-02-10 06:30:00,62,2,1.1428571428571428,0.0,4.146212344320175,0.065,optimal
2021-02-10 07:00:00,62,2,1.1428571428571428,0.0,10.0,0.13333333333333333,optimal
2021-02-10 07:30:00,62,2,1.1428571428571428,0.0774074074074074,0.0,0.0741,optimal
2021-02-10 08:00:00,62,2,0.6997616805444424,6.831977777777777,0.0,0.26213333333333333,optimal
2021-02-10 08:30:00,62,2,0.6431656628134398,1.7602444444444445,0.0,1.1680333333333333,optimal
2021-02-10 09:00:00,62,2,0.5886251992836108,1.7029629629629628,0.0,0.8799,optimal
2021-02-10 09:30:00,62,2,0.638653943457376,0.3096296296296296,0.0,0.3452333333333333,optimal
2021-02-10 10:00:00,62,2,0.4541214922231751,0.1548148148148148,0.0,1.7732999999999999,optimal
2021-02-10 10:30:00,62,2,0.5225216217820714,0.0,0.0,0.4589,optimal
2021-02-10 11:00:00,62,2,0.4529594454990922,0.23222222222222222,0.0,0.372,optimal
2021-02-10 11:30:00,62,2,0.5295881033002557,0.23222222222222222,0.0,0.22293333333333332,optimal
2021-02-10 12:00:00,62,2,0.3753643453467894,0.0,0.0,1.7051666666666667,optimal
2021-02-10 12:30:00,62,2,0.30994529772774515,0.0,0.0,2.635333333333333,optimal
2021-02-10 13:00:00,62,2,1.1428571428571428,0.0,0.0,1.0746,optimal
2021-02-10 13:30:00,62,2,1.1428571428571428,0.0,0.0,0.075,optimal
2021-02-10 14:00:00,62,2,1.1428571428571428,0.0,0.0,0.144,optimal
2021-02-10 14:30:00,62,2,1.1428571428571428,0.0,0.0,0.075,optimal
2021-02-10 15:00:00,62,2,1.1428571428571428,0.0,0.0,0.2693666666666667,optimal
2021-02-10 15:30:00,62,2,1.1428571428571428,0.0,0.0,0.32453333333333334,optimal
2021-02-10 16:00:00,62,2,0.0,0.3096296296296296,0.0,0.4175,optimal
2021-02-10 16:30:00,62,2,0.0,0.0,0.0,0.9115666666666669,optimal
2021-02-10 17:00:00,62,2,0.0,0.46444444444444444,0.0,1.372766666666667,optimal
2021-02-10 17:30:00,62,2,0.0,0.46444444444444444,0.0,0.7966333333333333,optimal
2021-02-10 18:00:00,62,2,0.0,0.5418518518518518,0.0,0.24366666666666664,optimal
2021-02-10 18:30:00,62,2,0.0,0.1548148148148148,0.0,0.4323,optimal
2021-02-10 19:00:00,62,2,0.0,0.23222222222222222,0.0,0.38160000000000005,optimal
2021-02-10 19:30:00,62,2,0.3939764266582967,0.3096296296296296,0.0,0.3705,optimal
2021-02-10 20:00:00,62,2,0.6638829868811392,0.23222222222222222,0.0,0.3137333333333333,optimal
2021-02-10 20:30:00,62,2,0.0,0.0,0.0,0.3047333333333333,optimal
2021-02-10 21:00:00,62,2,0.0,0.0774074074074074,0.0,1.3460999999999999,optimal
2021-02-10 21:30:00,62,2,0.0,0.3096296296296296,0.0,0.5388333333333334,optimal
2021-02-10 22:00:00,62,2,0.0,0.0774074074074074,0.0,0.6045666666666667,optimal
2021-02-10 22:30:00,62,2,0.0,0.0,0.0,0.22786666666666666,optimal
2021-02-10 23:00:00,62,2,0.0,0.0,0.0,0.7786666666666666,optimal
2021-02-10 23:30:00,62,2,0.0,0.0,0.0,0.4254,optimal
2021-02-11 00:00:00,62,2,1.1428571428571428,0.0,0.0,0.051,optimal
2021-02-11 00:30:00,62,2,1.1428571428571428,0.0,0.0,0.051,optimal
2021-02-11 01:00:00,62,2,1.1428571428571428,0.0,0.0,0.051,optimal
2021-02-11 01:30:00,62,2,1.1428571428571428,0.0,0.0,0.051,optimal
2021-02-11 02:00:00,62,2,1.1428571428571428,0.0,0.0,0.051,optimal
2021-02-11 02:30:00,62,2,1.1428571428571428,0.0,0.0,0.051,optimal
2021-02-11 03:00:00,62,2,1.1428571428571428,0.0,0.0,0.051,optimal
2021-02-11 03:30:00,62,2,1.1428571428571428,0.0,0.0,0.051,optimal
2021-02-11 04:00:00,62,2,1.1428571428571428,0.0,0.0,0.051,optimal
2021-02-11 04:30:00,62,2,1.1428571428571428,0.0,0.0,0.051,optimal
2021-02-11 05:00:00,62,2,1.1428571428571428,0.0,0.0,0.051,optimal
2021-02-11 05:30:00,62,2,1.1428571428571428,0.0,0.0,0.051,optimal
2021-02-11 06:00:00,62,2,1.1428571428571428,0.0,0.0,0.051,optimal
2021-02-11 06:30:00,62,2,1.1428571428571428,0.0,0.0,0.051,optimal
2021-02-11 07:00:00,62,2,1.1428571428571428,0.3096296296296296,7.8550387720625885,0.05066666666666666,optimal
2021-02-11 07:30:00,62,2,1.1428571428571428,2.3157732046552377,0.0,0.7956666666666666,optimal
2021-02-11 08:00:00,62,2,0.9483067894129235,0.0,0.0,0.051,optimal
2021-02-11 08:30:00,62,2,0.9547238027111761,0.0,0.0,0.051,optimal
2021-02-11 09:00:00,62,2,0.8867502780464026,0.0,0.0,0.051,optimal
2021-02-11 09:30:00,62,2,0.816163131765648,0.0,0.0,0.053666666666666654,optimal
2021-02-11 10:00:00,62,2,0.6234422664411443,0.0,0.0,0.061,optimal
2021-02-11 10:30:00,62,2,0.6491103196341428,0.0,0.0,0.05266666666666666,optimal
2021-02-11 11:00:00,62,2,0.5781817041288903,0.0,0.0,0.051,optimal
2021-02-11 11:30:00,62,2,0.5168013995424068,0.0,0.0,0.05553333333333333,optimal
2021-02-11 12:00:00,62,2,0.8300662023200647,0.0,0.0,0.097,optimal
2021-02-11 12:30:00,62,2,1.1428571428571428,0.23222222222222222,0.0,0.09623333333333332,optimal
2021-02-11 13:00:00,62,2,1.1428571428571428,0.0774074074074074,0.0,0.15,optimal
2021-02-11 13:30:00,62,2,1.1428571428571428,0.0,0.0,0.4413,optimal
2021-02-11 14:00:00,62,2,1.1428571428571428,0.0774074074074074,0.0,0.32576666666666665,optimal
2021-02-11 14:30:00,62,2,1.1428571428571428,0.0,0.0,0.06366666666666666,optimal
2021-02-11 15:00:00,62,2,1.1428571428571428,0.0,0.0,0.061,optimal
2021-02-11 15:30:00,62,2,1.1428571428571428,0.0,0.0,0.05333333333333334,optimal
2021-02-11 16:00:00,62,2,0.0,0.0,0.0,0.051,optimal
2021-02-11 16:30:00,62,2,0.0,0.0,0.0,0.051,optimal
2021-02-11 17:00:00,62,2,0.0,0.5062444444444444,0.0,0.058333333333333334,optimal
2021-02-11 17:30:00,62,2,0.0,0.42264444444444443,0.0,1.4423333333333332,optimal
2021-02-11 18:00:00,62,2,0.0,0.46444444444444444,0.0,0.9663999999999999,optimal
2021-02-11 18:30:00,62,2,0.0,0.1548148148148148,0.0,0.18573333333333328,optimal
2021-02-11 19:00:00,62,2,0.0,0.0,0.0,0.16533333333333333,optimal
2021-02-11 19:30:00,62,2,0.9228709628311582,0.1548148148148148,0.0,0.09720000000000001,optimal
2021-02-11 20:00:00,62,2,0.8954378908980125,0.23222222222222222,0.0,0.26089999999999997,optimal
2021-02-11 20:30:00,62,2,0.0,0.1548148148148148,0.0,0.29086666666666666,optimal
2021-02-11 21:00:00,62,2,0.0,0.23222222222222222,0.0,0.29186666666666666,optimal
2021-02-11 21:30:00,62,2,0.0,0.0,0.0,0.18619999999999998,optimal
2021-02-11 22:00:00,62,2,0.0,0.0,0.0,0.061,optimal
2021-02-11 22:30:00,62,2,0.0,0.0,0.0,0.061,optimal
2021-02-11 23:00:00,62,2,0.0,0.0,0.0,0.21766666666666662,optimal
2021-02-11 23:30:00,62,2,0.0,0.0,0.0,0.4970333333333334,optimal
2021-02-12 00:00:00,62,2,1.1428571428571428,0.0,0.0,0.053,optimal
2021-02-12 00:30:00,62,2,1.1428571428571428,0.0,0.0,0.053,optimal
2021-02-12 01:00:00,62,2,1.1428571428571428,0.0,0.0,0.053,optimal
2021-02-12 01:30:00,62,2,1.1428571428571428,0.0,0.0,0.1894,optimal
2021-02-12 02:00:00,62,2,1.1428571428571428,0.0,0.0,0.053,optimal
2021-02-12 02:30:00,62,2,1.1428571428571428,0.0,0.0,0.053,optimal
2021-02-12 03:00:00,62,2,1.1428571428571428,0.0,0.0,0.1832,optimal
2021-02-12 03:30:00,62,2,1.1428571428571428,0.0,0.0,0.0592,optimal
2021-02-12 04:00:00,62,2,1.1428571428571428,0.0,0.0,0.1274,optimal
2021-02-12 04:30:00,62,2,1.1428571428571428,0.0,0.0,0.115,optimal
2021-02-12 05:00:00,62,2,1.1428571428571428,0.0,0.0,0.06186666666666667,optimal
2021-02-12 05:30:00,62,2,1.1428571428571428,0.0,0.0,0.19319999999999998,optimal
2021-02-12 06:00:00,62,2,1.1428571428571428,0.0,0.0,0.060333333333333336,optimal
2021-02-12 06:30:00,62,2,1.1428571428571428,0.0,3.137379544917535,0.053,optimal
2021-02-12 07:00:00,62,2,1.1428571428571428,0.0,10.0,0.1894,optimal
2021-02-12 07:30:00,62,2,1.1428571428571428,11.745117077243775,0.0,0.3698666666666667,optimal
2021-02-12 08:00:00,62,2,0.6108352767513018,0.23222222222222222,0.0,1.2752666666666668,optimal
2021-02-12 08:30:00,62,2,0.773284627815637,5.65074074074074,0.0,0.2246,optimal
2021-02-12 09:00:00,62,2,0.7100355481032358,0.23222222222222222,0.0,0.6293,optimal
2021-02-12 09:30:00,62,2,0.5430679244908087,0.3096296296296296,0.0,1.5778666666666665,optimal
2021-02-12 10:00:00,62,2,0.4883633198429985,0.0,0.0,0.24880000000000002,optimal
2021-02-12 10:30:00,62,2,0.4756722367619511,0.0,0.0,0.2781,optimal
2021-02-12 11:00:00,62,2,0.2751347915194172,0.6966666666666667,0.0,0.5764333333333332,optimal
2021-02-12 11:30:00,62,2,0.37950435851523495,0.0,0.0,2.24,optimal
2021-02-12 12:00:00,62,2,0.3371547201355848,0.0,0.0,2.562,optimal
2021-02-12 12:30:00,62,2,1.1428571428571428,0.0,0.0,0.6159,optimal
2021-02-12 13:00:00,62,2,1.1428571428571428,0.0,0.0,0.063,optimal
2021-02-12 13:30:00,62,2,1.1428571428571428,0.0,0.0,0.07540000000000001,optimal
2021-02-12 14:00:00,62,2,1.1428571428571428,0.0,0.0,0.187,optimal
2021-02-12 14:30:00,62,2,1.1428571428571428,0.0,0.0,0.063,optimal
2021-02-12 15:00:00,62,2,1.1428571428571428,0.0,0.0,0.17153333333333334,optimal
2021-02-12 15:30:00,62,2,1.1428571428571428,0.0,0.0,0.4351333333333333,optimal
2021-02-12 16:00:00,62,2,0.0,0.2740222222222222,0.0,0.20456666666666665,optimal
2021-02-12 16:30:00,62,2,0.0,0.035607407407407414,0.0,0.3418,optimal
2021-02-12 17:00:00,62,2,0.0,0.0,0.0,0.2533333333333333,optimal
2021-02-12 17:30:00,62,2,0.0,0.1548148148148148,0.0,0.12486666666666665,optimal
2021-02-12 18:00:00,62,2,0.0,0.6966666666666667,0.0,0.23406666666666665,optimal
2021-02-12 18:30:00,62,2,0.0,0.0774074074074074,0.0,0.12333333333333331,optimal
2021-02-12 19:00:00,62,2,0.0,0.0774074074074074,0.0,0.27543333333333336,optimal
2021-02-12 19:30:00,62,2,0.6444090466572309,0.3096296296296296,0.0,0.3944666666666666,optimal
2021-02-12 20:00:00,62,2,0.6302013412370205,0.0,0.0,0.5328333333333334,optimal
2021-02-12 20:30:00,62,2,0.0,0.0,0.0,0.3105333333333334,optimal
2021-02-12 21:00:00,62,2,0.0,0.0,0.0,0.2163333333333333,optimal
2021-02-12 21:30:00,62,2,0.0,0.3096296296296296,0.0,0.3739333333333333,optimal
2021-02-12 22:00:00,62,2,0.0,0.0,0.0,0.063,optimal
2021-02-12 22:30:00,62,2,0.0,0.0,0.0,0.08159999999999999,optimal
2021-02-12 23:00:00,62,2,0.0,0.0,0.0,0.18080000000000002,optimal
2021-02-12 23:30:00,62,2,0.0,0.0,0.0,0.063,optimal
2021-02-13 00:00:00,62,2,0.0,0.0,0.0,0.07690000000000001,optimal
2021-02-13 00:30:00,62,2,0.0,0.0,0.0,0.066,optimal
2021-02-13 01:00:00,62,2,1.021803942635636,0.0,0.0,0.066,optimal
2021-02-13 01:30:00,62,2,1.1428571428571428,0.0,0.0,0.066,optimal
2021-02-13 02:00:00,62,2,1.1428571428571428,0.0,0.0,0.066,optimal
2021-02-13 02:30:00,62,2,1.1428571428571428,0.0,0.0,0.066,optimal
2021-02-13 03:00:00,62,2,1.1428571428571428,0.0,0.0,0.066,optimal
2021-02-13 03:30:00,62,2,1.1428571428571428,0.0,0.0,0.07366666666666667,optimal
2021-02-13 04:00:00,62,2,1.1428571428571428,0.0,0.0,0.06833333333333333,optimal
2021-02-13 04:30:00,62,2,1.1428571428571428,0.0,0.0,0.066,optimal
2021-02-13 05:00:00,62,2,1.1428571428571428,0.0,0.0,0.066,optimal
2021-02-13 05:30:00,62,2,1.1428571428571428,1.7803703703703702,0.0,0.09936666666666666,optimal
2021-02-13 06:00:00,62,2,1.1428571428571428,2.2448148148148146,8.813173513219816,0.07466666666666667,optimal
2021-02-13 06:30:00,62,2,1.1428571428571428,0.0,0.0,1.2284000000000002,optimal
2021-02-13 07:00:00,62,2,1.1428571428571428,0.0774074074074074,0.0,2.079766666666667,optimal
2021-02-13 07:30:00,62,2,1.1428571428571428,0.0,0.0,0.24309999999999998,optimal
2021-02-13 08:00:00,62,2,0.8123460074947599,0.23222222222222222,0.0,1.0224666666666669,optimal
2021-02-13 08:30:00,62,2,0.8867250983001033,0.0,0.0,0.076,optimal
2021-02-13 09:00:00,62,2,0.8246295408822316,0.0,0.0,0.076,optimal
2021-02-13 09:30:00,62,2,0.8139345187184814,0.0,0.0,0.076,optimal
2021-02-13 10:00:00,62,2,0.7010912951726797,0.0,0.0,0.076,optimal
2021-02-13 10:30:00,62,2,0.6989522907399249,0.0,0.0,0.076,optimal
2021-02-13 11:00:00,62,2,0.5769001803369366,0.0,0.0,0.076,optimal
2021-02-13 11:30:00,62,2,0.5747611759041817,0.0,0.0,0.076,optimal
2021-02-13 12:00:00,62,2,0.48272106480631366,0.0,0.0,0.12166666666666669,optimal
2021-02-13 12:30:00,62,2,0.323052579750336,0.0,0.0,0.4276666666666667,optimal
2021-02-13 13:00:00,62,2,0.2808198687210365,0.0,0.0,0.4663333333333333,optimal
2021-02-13 13:30:00,62,2,0.9651438892985567,0.23222222222222222,0.0,1.2597,optimal
2021-02-13 14:00:00,62,2,1.1428571428571428,0.0,0.0,0.8838666666666667,optimal
2021-02-13 14:30:00,62,2,1.1428571428571428,0.23222222222222222,0.0,0.33916666666666667,optimal
2021-02-13 15:00:00,62,2,1.1428571428571428,0.46444444444444444,0.0,0.5352,optimal
2021-02-13 15:30:00,62,2,1.1428571428571428,0.46444444444444444,0.0,0.7647999999999999,optimal
2021-02-13 16:00:00,62,2,0.0,0.23222222222222222,0.0,2.796133333333333,optimal
2021-02-13 16:30:00,62,2,0.0,0.5418518518518518,0.0,2.6918,optimal
2021-02-13 17:00:00,62,2,0.0,0.1548148148148148,0.0,0.2692,optimal
2021-02-13 17:30:00,62,2,0.0,0.387037037037037,0.0,0.237,optimal
2021-02-13 18:00:00,62,2,0.0,0.0774074074074074,0.0,0.2574666666666666,optimal
2021-02-13 18:30:00,62,2,0.0,0.3096296296296296,0.0,0.41303333333333336,optimal
2021-02-13 19:00:00,62,2,0.0,0.0774074074074074,0.0,2.3990666666666667,optimal
2021-02-13 19:30:00,62,2,0.0,0.46444444444444444,0.0,0.4908666666666667,optimal
2021-02-13 20:00:00,62,2,0.0,0.1548148148148148,0.0,1.3977666666666668,optimal
2021-02-13 20:30:00,62,2,0.0,0.0,0.0,0.3255,optimal
2021-02-13 21:00:00,62,2,0.0,0.0,0.0,0.32553333333333334,optimal
2021-02-13 21:30:00,62,2,0.0,0.0774074074074074,0.0,0.21666666666666662,optimal
2021-02-13 22:00:00,62,2,0.0,0.0,0.0,0.3041666666666667,optimal
2021-02-13 22:30:00,62,2,0.0,0.0,0.0,0.076,optimal
2021-02-13 23:00:00,62,2,0.0,0.0,0.0,0.076,optimal
2021-02-13 23:30:00,62,2,0.0,0.0,0.0,0.076,optimal
2021-02-07 00:00:00,63,2,0.0,0.0,0.0,0.069,optimal
2021-02-07 00:30:00,63,2,0.0,0.0,0.0,0.067,optimal
2021-02-07 01:00:00,63,2,0.0,0.0,0.0,0.21806666666666663,optimal
2021-02-07 01:30:00,63,2,0.0,0.0,0.0,0.067,optimal
2021-02-07 02:00:00,63,2,0.0,0.0,0.0,0.067,optimal
2021-02-07 02:30:00,63,2,0.0,0.0,0.0,0.21806666666666663,optimal
2021-02-07 03:00:00,63,2,0.0,0.0,0.0,0.067,optimal
2021-02-07 03:30:00,63,2,0.0,0.0,0.0,0.067,optimal
2021-02-07 04:00:00,63,2,1.1428571428571428,0.0,0.0,0.21806666666666663,optimal
2021-02-07 04:30:00,63,2,1.1428571428571428,0.0,0.0,0.067,optimal
2021-02-07 05:00:00,63,2,1.1428571428571428,0.0,0.0,0.067,optimal
2021-02-07 05:30:00,63,2,1.1428571428571428,0.0,0.0,0.075,optimal
2021-02-07 06:00:00,63,2,1.1428571428571428,0.0,0.0,0.22473333333333328,optimal
2021-02-07 06:30:00,63,2,1.1428571428571428,0.0,0.0,0.067,optimal
2021-02-07 07:00:00,63,2,1.1428571428571428,0.0,2.2154311931077144,0.067,optimal
2021-02-07 07:30:00,63,2,0.0,0.0,0.0,0.07266666666666667,optimal
2021-02-07 08:00:00,63,2,0.4068943574279311,0.0,0.0,0.22473333333333328,optimal
2021-02-07 08:30:00,63,2,0.711083111875215,0.0,0.0,0.06633333333333333,optimal
2021-02-07 09:00:00,63,2,0.6317835660493183,0.0,0.0,0.065,optimal
2021-02-07 09:30:00,63,2,0.5403588473308547,0.0,0.0,0.25656666666666667,optimal
2021-02-07 10:00:00,63,2,0.5054491468821231,1.470740740740741,0.0,0.3213333333333333,optimal
2021-02-07 10:30:00,63,2,0.5473728700333315,0.1548148148148148,0.0,0.079,optimal
2021-02-07 11:00:00,63,2,0.3619109598097117,0.23222222222222222,0.0,2.214566666666667,optimal
2021-02-07 11:30:00,63,2,1.0439638550804986,0.0,0.0,2.3836666666666666,optimal
2021-02-07 12:00:00,63,2,1.1428571428571428,0.0,0.0,0.442,optimal
2021-02-07 12:30:00,63,2,1.1428571428571428,0.0,0.0,0.1837333333333333,optimal
2021-02-07 13:00:00,63,2,1.1428571428571428,0.0,0.0,0.106,optimal
2021-02-07 13:30:00,63,2,1.1428571428571428,0.0,0.0,0.11133333333333331,optimal
2021-02-07 14:00:00,63,2,1.1428571428571428,0.0,0.0,0.19373333333333329,optimal
2021-02-07 14:30:00,63,2,1.1428571428571428,0.0,0.0,0.077,optimal
2021-02-07 15:00:00,63,2,1.1428571428571428,0.0,0.0,0.1388,optimal
2021-02-07 15:30:00,63,2,1.1428571428571428,0.0,0.0,0.16626666666666667,optimal
2021-02-07 16:00:00,63,2,0.0,0.0,0.0,0.077,optimal
2021-02-07 16:30:00,63,2,0.0,0.0,0.0,0.22806666666666664,optimal
2021-02-07 17:00:00,63,2,0.0,0.0,0.0,0.077,optimal
2021-02-07 17:30:00,63,2,0.0,0.1548148148148148,0.0,0.2603666666666667,optimal
2021-02-07 18:00:00,63,2,0.0,0.6192592592592592,0.0,0.36269999999999997,optimal
2021-02-07 18:30:00,63,2,0.0,0.9288888888888889,0.0,0.14473333333333332,optimal
2021-02-07 19:00:00,63,2,0.0,0.0,0.0,0.3674,optimal
2021-02-07 19:30:00,63,2,0.5417327652436309,0.23222222222222222,0.0,0.40626666666666666,optimal
2021-02-07 20:00:00,63,2,0.5336375271483964,0.0,0.0,0.5602666666666667,optimal
2021-02-07 20:30:00,63,2,0.0,0.0,0.0,0.4955333333333334,optimal
2021-02-07 21:00:00,63,2,0.0,0.0,0.0,0.1641,optimal
2021-02-07 21:30:00,63,2,0.0,0.1548148148148148,0.0,0.48006666666666664,optimal
2021-02-07 22:00:00,63,2,0.0,0.23222222222222222,0.0,0.4997,optimal
2021-02-07 22:30:00,63,2,0.0,0.0,0.0,0.6415333333333333,optimal
2021-02-07 23:00:00,63,2,0.0,0.46444444444444444,0.0,0.5834666666666667,optimal
2021-02-07 23:30:00,63,2,0.0,0.0,0.0,0.7465666666666667,optimal
2021-02-08 00:00:00,63,2,0.0,0.0,0.0,0.062,optimal
2021-02-08 00:30:00,63,2,0.0,0.0,0.0,0.1124,optimal
2021-02-08 01:00:00,63,2,0.0,0.0,0.0,0.062,optimal
2021-02-08 01:30:00,63,2,0.5115397691283983,0.0,0.0,0.1124,optimal
2021-02-08 02:00:00,63,2,1.1428571428571428,0.0,0.0,0.062,optimal
2021-02-08 02:30:00,63,2,1.1428571428571428,0.0,0.0,0.062,optimal
2021-02-08 03:00:00,63,2,1.1428571428571428,0.0,0.0,0.062,optimal
2021-02-08 03:30:00,63,2,1.1428571428571428,0.0,0.0,0.1124,optimal
2021-02-08 04:00:00,63,2,1.1428571428571428,0.0,0.0,0.062,optimal
2021-02-08 04:30:00,63,2,1.1428571428571428,0.0,0.0,0.062,optimal
2021-02-08 05:00:00,63,2,1.1428571428571428,0.0,0.0,0.1124,optimal
2021-02-08 05:30:00,63,2,1.1428571428571428,0.0,0.0,0.062,optimal
2021-02-08 06:00:00,63,2,1.1428571428571428,0.0,0.0,0.1124,optimal
2021-02-08 06:30:00,63,2,1.1428571428571428,0.0,0.0,0.062,optimal
2021-02-08 07:00:00,63,2,1.1428571428571428,0.0,9.564137219806241,0.062,optimal
2021-02-08 07:30:00,63,2,1.1428571428571428,0.6966666666666667,0.0,0.11246666666666669,optimal
2021-02-08 08:00:00,63,2,0.47592834802018336,0.23222222222222222,0.0,1.5797999999999999,optimal
2021-02-08 08:30:00,63,2,0.5294482616475827,0.6192592592592592,0.0,0.6501666666666667,optimal
2021-02-08 09:00:00,63,2,0.5259080865321559,0.3096296296296296,0.0,1.526,optimal
2021-02-08 09:30:00,63,2,0.593891073233907,1.7029629629629628,0.0,0.16666666666666666,optimal
2021-02-08 10:00:00,63,2,0.35541793876959854,0.3096296296296296,0.0,2.2965,optimal
2021-02-08 10:30:00,63,2,0.4873206663535649,0.23222222222222222,0.0,0.2533333333333333,optimal
2021-02-08 11:00:00,63,2,0.4531791717329933,0.3096296296296296,0.0,0.24973333333333328,optimal
2021-02-08 11:30:00,63,2,0.3529983057246383,0.387037037037037,0.0,1.0226333333333333,optimal
2021-02-08 12:00:00,63,2,0.18768140729304872,0.0,0.0,2.5046,optimal
2021-02-08 12:30:00,63,2,0.4543768181334794,0.0,0.0,0.20076666666666668,optimal
2021-02-08 13:00:00,63,2,1.1428571428571428,0.0774074074074074,0.0,0.2336,optimal
2021-02-08 13:30:00,63,2,1.1428571428571428,0.0774074074074074,0.0,0.4772666666666667,optimal
2021-02-08 14:00:00,63,2,1.1428571428571428,0.0774074074074074,0.0,0.2318,optimal
2021-02-08 14:30:00,63,2,1.1428571428571428,0.0774074074074074,0.0,0.2617,optimal
2021-02-08 15:00:00,63,2,1.1428571428571428,0.1548148148148148,0.0,0.5699,optimal
2021-02-08 15:30:00,63,2,1.1428571428571428,0.0,0.0,0.11120000000000001,optimal
2021-02-08 16:00:00,63,2,0.0,0.1548148148148148,0.0,0.5587000000000001,optimal
2021-02-08 16:30:00,63,2,0.0,0.0774074074074074,0.0,0.3768,optimal
2021-02-08 17:00:00,63,2,0.0,0.1548148148148148,0.0,0.4059,optimal
2021-02-08 17:30:00,63,2,0.0,0.1548148148148148,0.0,1.3357333333333332,optimal
2021-02-08 18:00:00,63,2,0.0,0.3096296296296296,0.0,0.2552,optimal
2021-02-08 18:30:00,63,2,0.0,0.1548148148148148,0.0,0.27646666666666664,optimal
2021-02-08 19:00:00,63,2,0.0,0.1548148148148148,0.0,0.3156333333333333,optimal
2021-02-08 19:30:00,63,2,0.28514606540177523,0.0,0.0,0.3435,optimal
2021-02-08 20:00:00,63,2,0.6089772703130157,0.0,0.0,0.2484333333333333,optimal
2021-02-08 20:30:00,63,2,0.0,0.1548148148148148,0.0,0.362,optimal
2021-02-08 21:00:00,63,2,0.0,0.387037037037037,0.0,0.4244,optimal
2021-02-08 21:30:00,63,2,0.0,0.1548148148148148,0.0,0.38839999999999997,optimal
2021-02-08 22:00:00,63,2,0.0,0.0774074074074074,0.0,0.36806666666666665,optimal
2021-02-08 22:30:00,63,2,0.0,0.0,0.0,0.567,optimal
2021-02-08 23:00:00,63,2,0.0,0.1548148148148148,0.0,0.2596666666666667,optimal
2021-02-08 23:30:00,63,2,0.0,0.1548148148148148,0.0,0.4929666666666666,optimal
2021-02-09 00:00:00,63,2,0.0,0.0,0.0,0.055,optimal
2021-02-09 00:30:00,63,2,0.0,0.0,0.0,0.055,optimal
2021-02-09 01:00:00,63,2,0.1656238127729884,0.0,0.0,0.16419999999999998,optimal
2021-02-09 01:30:00,63,2,1.1428571428571428,0.0,0.0,0.1232,optimal
2021-02-09 02:00:00,63,2,1.1428571428571428,0.0,0.0,0.0676,optimal
2021-02-09 02:30:00,63,2,1.1428571428571428,0.0,0.0,0.1694,optimal
2021-02-09 03:00:00,63,2,1.1428571428571428,0.0,0.0,0.1222,optimal
2021-02-09 03:30:00,63,2,1.1428571428571428,0.0,0.0,0.0634,optimal
2021-02-09 04:00:00,63,2,1.1428571428571428,0.0,0.0,0.055,optimal
2021-02-09 04:30:00,63,2,1.1428571428571428,0.0,0.0,0.107,optimal
2021-02-09 05:00:00,63,2,1.1428571428571428,0.0,0.0,0.193,optimal
2021-02-09 05:30:00,63,2,1.1428571428571428,0.0,0.0,0.0654,optimal
2021-02-09 06:00:00,63,2,1.1428571428571428,0.0,0.0,0.2346,optimal
2021-02-09 06:30:00,63,2,1.1428571428571428,0.0,5.030617330032857,0.055,optimal
2021-02-09 07:00:00,63,2,1.1428571428571428,0.387037037037037,10.0,0.8676,optimal
2021-02-09 07:30:00,63,2,1.1428571428571428,0.387037037037037,0.0,0.1416,optimal
2021-02-09 08:00:00,63,2,0.6650189992382574,2.0899999999999994,0.0,0.9638,optimal
2021-02-09 08:30:00,63,2,0.6475238907019107,0.774074074074074,0.0,0.29183333333333333,optimal
2021-02-09 09:00:00,63,2,0.43458998511111546,0.387037037037037,0.0,0.6785333333333333,optimal
2021-02-09 09:30:00,63,2,0.736565482324139,0.0,0.0,0.1586,optimal
2021-02-09 10:00:00,63,2,0.6373141739558621,0.0,0.0,0.1152,optimal
2021-02-09 10:30:00,63,2,0.6277620089349739,0.0,0.0,0.11120000000000001,optimal
2021-02-09 11:00:00,63,2,0.5381115442200145,0.0,0.0,0.065,optimal
2021-02-09 11:30:00,63,2,0.49722968264440526,0.0,0.0,0.2006,optimal
2021-02-09 12:00:00,63,2,0.45389289907949487,0.0,0.0,0.1194,optimal
2021-02-09 12:30:00,63,2,0.4595747606551019,0.0,0.0,0.107,optimal
2021-02-09 13:00:00,63,2,1.1428571428571428,0.0,0.0,0.19726666666666667,optimal
2021-02-09 13:30:00,63,2,1.1428571428571428,0.387037037037037,0.0,0.47323333333333334,optimal
2021-02-09 14:00:00,63,2,1.1428571428571428,0.0774074074074074,0.0,0.348,optimal
2021-02-09 14:30:00,63,2,1.1428571428571428,0.23222222222222222,0.0,1.7183333333333333,optimal
2021-02-09 15:00:00,63,2,1.1428571428571428,0.0,0.0,0.47693333333333326,optimal
2021-02-09 15:30:00,63,2,1.1428571428571428,0.387037037037037,0.0,0.3409333333333333,optimal
2021-02-09 16:00:00,63,2,0.0,0.0,0.0,0.344,optimal
2021-02-09 16:30:00,63,2,0.0,0.6966666666666667,0.0,0.4525,optimal
2021-02-09 17:00:00,63,2,0.0,0.5418518518518518,0.0,0.4849666666666666,optimal
2021-02-09 17:30:00,63,2,0.0,0.23222222222222222,0.0,0.43396666666666656,optimal
2021-02-09 18:00:00,63,2,0.0,0.387037037037037,0.0,0.5647000000000001,optimal
2021-02-09 18:30:00,63,2,0.0,0.6966666666666667,0.0,0.28186666666666665,optimal
2021-02-09 19:00:00,63,2,0.0,0.0,0.0,0.7371,optimal
2021-02-09 19:30:00,63,2,0.0,0.0774074074074074,0.0,0.48286666666666667,optimal
2021-02-09 20:00:00,63,2,0.21453869283696847,0.1548148148148148,0.0,0.29810000000000003,optimal
2021-02-09 20:30:00,63,2,0.0,0.0,0.0,0.3216,optimal
2021-02-09 21:00:00,63,2,0.0,0.3096296296296296,0.0,0.4088333333333333,optimal
2021-02-09 21:30:00,63,2,0.0,0.387037037037037,0.0,1.4679,optimal
2021-02-09 22:00:00,63,2,0.0,0.23222222222222222,0.0,0.7845333333333333,optimal
2021-02-09 22:30:00,63,2,0.0,0.0,0.0,0.28126666666666666,optimal
2021-02-09 23:00:00,63,2,0.0,0.0,0.0,0.28656666666666664,optimal
2021-02-09 23:30:00,63,2,0.0,0.0,0.0,0.2537666666666667,optimal
2021-02-10 00:00:00,63,2,0.0,0.0,0.0,0.061,optimal
2021-02-10 00:30:00,63,2,0.0,0.0,0.0,0.1192,optimal
2021-02-10 01:00:00,63,2,0.5509310878810636,0.0,0.0,0.19666666666666663,optimal
2021-02-10 01:30:00,63,2,1.1428571428571428,0.0,0.0,0.15606666666666666,optimal
2021-02-10 02:00:00,63,2,1.1428571428571428,0.0,0.0,0.1554,optimal
2021-02-10 02:30:00,63,2,1.1428571428571428,0.0,0.0,0.2038,optimal
2021-02-10 03:00:00,63,2,1.1428571428571428,0.0,0.0,0.1192,optimal
2021-02-10 03:30:00,63,2,1.1428571428571428,0.0,0.0,0.2658666666666667,optimal
2021-02-10 04:00:00,63,2,1.1428571428571428,0.0,0.0,0.061,optimal
2021-02-10 04:30:00,63,2,1.1428571428571428,0.0,0.0,0.1192,optimal
2021-02-10 05:00:00,63,2,1.1428571428571428,0.0,0.0,0.139,optimal
2021-02-10 05:30:00,63,2,1.1428571428571428,0.0,0.0,0.07716666666666668,optimal
2021-02-10 06:00:00,63,2,1.1428571428571428,0.0,0.0,0.30789999999999995,optimal
2021-02-10 06:30:00,63,2,1.1428571428571428,0.0,0.0,0.061,optimal
2021-02-10 07:00:00,63,2,1.1428571428571428,0.3096296296296296,0.0,1.0080333333333331,optimal
2021-02-10 07:30:00,63,2,1.1428571428571428,0.46444444444444444,0.0,0.7852,optimal
2021-02-10 08:00:00,63,2,0.7292664424492122,0.0774074074074074,0.0,0.1987,optimal
2021-02-10 08:30:00,63,2,0.6571199485277256,0.46444444444444444,0.0,0.35860000000000003,optimal
2021-02-10 09:00:00,63,2,0.629691865950274,0.0774074074074074,0.0,0.35063333333333335,optimal
2021-02-10 09:30:00,63,2,0.5243720386954668,0.1548148148148148,0.0,1.4125333333333332,optimal
2021-02-10 10:00:00,63,2,0.49092339698508003,0.0,0.0,0.1921,optimal
2021-02-10 10:30:00,63,2,0.4582016217820763,0.23222222222222222,0.0,0.3401666666666667,optimal
2021-02-10 11:00:00,63,2,0.37043373121336737,0.1548148148148148,0.0,0.37496666666666656,optimal
2021-02-10 11:30:00,63,2,0.37450810330025297,0.0774074074074074,0.0,0.36006666666666665,optimal
2021-02-10 12:00:00,63,2,0.293411964394407,0.0774074074074074,0.0,0.4015,optimal
2021-02-10 12:30:00,63,2,0.3331548215372641,0.0,0.0,0.2754,optimal
2021-02-10 13:00:00,63,2,0.7051481403862743,0.0,0.0,3.1900999999999997,optimal
2021-02-10 13:30:00,63,2,1.1428571428571428,0.0,9.213003371683971,2.7426999999999997,optimal
2021-02-10 14:00:00,63,2,1.1428571428571428,0.0,10.0,0.2782,optimal
2021-02-10 14:30:00,63,2,1.1428571428571428,0.0,0.0,0.17483333333333334,optimal
2021-02-10 15:00:00,63,2,1.1428571428571428,0.0,0.0,0.2783333333333333,optimal
2021-02-10 15:30:00,63,2,1.1428571428571428,0.0774074074074074,0.0,0.10779999999999999,optimal
2021-02-10 16:00:00,63,2,0.0,0.23222222222222222,0.0,0.15343333333333334,optimal
2021-02-10 16:30:00,63,2,0.0,0.1548148148148148,0.0,2.335833333333333,optimal
2021-02-10 17:00:00,63,2,0.0,0.23222222222222222,0.0,2.0734333333333335,optimal
2021-02-10 17:30:00,63,2,0.0,0.5418518518518518,0.0,0.5615333333333333,optimal
2021-02-10 18:00:00,63,2,0.0,0.0,0.0,1.5826666666666667,optimal
2021-02-10 18:30:00,63,2,0.0,0.0774074074074074,0.0,0.4498666666666667,optimal
2021-02-10 19:00:00,63,2,0.0,0.0,0.0,0.38389999999999996,optimal
2021-02-10 19:30:00,63,2,0.0,4.300755555555556,0.0,0.5743333333333334,optimal
2021-02-10 20:00:00,63,2,0.0,1.8144296296296296,0.0,0.5003,optimal
2021-02-10 20:30:00,63,2,0.0,0.0,0.0,0.5575333333333333,optimal
2021-02-10 21:00:00,63,2,0.0,0.0,0.0,0.43223333333333336,optimal
2021-02-10 21:30:00,63,2,0.0,0.0,0.0,1.6099,optimal
2021-02-10 22:00:00,63,2,0.0,0.1548148148148148,0.0,0.5309333333333333,optimal
2021-02-10 22:30:00,63,2,0.0,0.0,0.0,0.11136666666666666,optimal
2021-02-10 23:00:00,63,2,0.0,0.0,0.0,0.2355,optimal
2021-02-10 23:30:00,63,2,0.0,0.0,0.0,0.08326666666666667,optimal
2021-02-11 00:00:00,63,2,1.1428571428571428,0.0,0.0,0.06833333333333333,optimal
2021-02-11 00:30:00,63,2,1.1428571428571428,0.0,0.0,0.06766666666666667,optimal
2021-02-11 01:00:00,63,2,1.1428571428571428,0.0,0.0,0.063,optimal
2021-02-11 01:30:00,63,2,1.1428571428571428,0.0,0.0,0.063,optimal
2021-02-11 02:00:00,63,2,1.1428571428571428,0.0,0.0,0.063,optimal
2021-02-11 02:30:00,63,2,1.1428571428571428,0.0,0.0,0.063,optimal
2021-02-11 03:00:00,63,2,1.1428571428571428,0.0,0.0,0.063,optimal
2021-02-11 03:30:00,63,2,1.1428571428571428,0.0,0.0,0.063,optimal
2021-02-11 04:00:00,63,2,1.1428571428571428,0.0,0.0,0.063,optimal
2021-02-11 04:30:00,63,2,1.1428571428571428,0.0,0.0,0.063,optimal
2021-02-11 05:00:00,63,2,1.1428571428571428,0.0,0.0,0.063,optimal
2021-02-11 05:30:00,63,2,1.1428571428571428,0.0,0.0,0.063,optimal
2021-02-11 06:00:00,63,2,1.1428571428571428,0.0,0.0,0.063,optimal
2021-02-11 06:30:00,63,2,1.1428571428571428,0.0,1.5145699717037748,0.063,optimal
2021-02-11 07:00:00,63,2,1.1428571428571428,0.0,10.0,0.063,optimal
2021-02-11 07:30:00,63,2,1.1428571428571428,1.7378674075535079,0.0,0.7163999999999999,optimal
2021-02-11 08:00:00,63,2,0.7438344084605382,0.0,0.0,1.262733333333333,optimal
2021-02-11 08:30:00,63,2,0.9512666598540324,0.0,0.0,0.063,optimal
2021-02-11 09:00:00,63,2,0.8832931351892587,0.0,0.0,0.06833333333333333,optimal
2021-02-11 09:30:00,63,2,0.8127059889085041,0.0,0.0,0.073,optimal
2021-02-11 10:00:00,63,2,0.521880361679234,0.0,0.0,1.250233333333333,optimal
2021-02-11 10:30:00,63,2,0.5829217482055687,2.0899999999999994,0.0,0.7643,optimal
2021-02-11 11:00:00,63,2,0.4487321803193683,0.0,0.0,1.973733333333333,optimal
2021-02-11 11:30:00,63,2,0.4612109233519263,0.0,0.0,0.193,optimal
2021-02-11 12:00:00,63,2,0.3368972236595593,0.0,0.0,0.18209999999999998,optimal
2021-02-11 12:30:00,63,2,0.2711244517481032,0.0,0.0,0.33946666666666664,optimal
2021-02-11 13:00:00,63,2,1.1428571428571428,0.387037037037037,0.0,2.1311999999999998,optimal
2021-02-11 13:30:00,63,2,1.1428571428571428,0.0,0.0,1.4684000000000001,optimal
2021-02-11 14:00:00,63,2,1.1428571428571428,0.3096296296296296,0.0,3.1484,optimal
2021-02-11 14:30:00,63,2,1.1428571428571428,0.0,0.0,2.1504000000000003,optimal
2021-02-11 15:00:00,63,2,1.1428571428571428,0.0,0.0,0.5536,optimal
2021-02-11 15:30:00,63,2,1.1428571428571428,0.6966666666666667,0.0,2.417866666666667,optimal
2021-02-11 16:00:00,63,2,0.0,0.23222222222222222,0.0,0.5036666666666667,optimal
2021-02-11 16:30:00,63,2,0.0,0.0,0.0,2.398733333333333,optimal
2021-02-11 17:00:00,63,2,0.0,0.23222222222222222,0.0,2.0366333333333326,optimal
2021-02-11 17:30:00,63,2,0.0,0.5836518518518518,0.0,1.8925999999999998,optimal
2021-02-11 18:00:00,63,2,0.0,2.4352370370370373,0.0,3.991533333333333,optimal
2021-02-11 18:30:00,63,2,0.0,0.23222222222222222,0.0,1.7724000000000002,optimal
2021-02-11 19:00:00,63,2,0.0,0.1548148148148148,0.0,1.4752,optimal
2021-02-11 19:30:00,63,2,0.0,0.0,0.0,3.5098000000000003,optimal
2021-02-11 20:00:00,63,2,0.8386904767481214,0.1548148148148148,0.0,1.2681333333333333,optimal
2021-02-11 20:30:00,63,2,0.0,0.23222222222222222,0.0,0.362,optimal
2021-02-11 21:00:00,63,2,0.0,0.0,0.0,0.4113,optimal
2021-02-11 21:30:00,63,2,0.0,0.0,0.0,0.5227333333333334,optimal
2021-02-11 22:00:00,63,2,0.0,0.0774074074074074,0.0,1.2281333333333335,optimal
2021-02-11 22:30:00,63,2,0.0,0.0,0.0,0.073,optimal
2021-02-11 23:00:00,63,2,0.0,0.0,0.0,0.073,optimal
2021-02-11 23:30:00,63,2,0.0,0.0,0.0,0.07266666666666667,optimal
2021-02-12 00:00:00,63,2,1.1428571428571428,0.0,0.0,0.048,optimal
2021-02-12 00:30:00,63,2,1.1428571428571428,0.0,0.0,0.10556666666666667,optimal
2021-02-12 01:00:00,63,2,1.1428571428571428,0.0,0.0,0.09509999999999999,optimal
2021-02-12 01:30:00,63,2,1.1428571428571428,0.0,0.0,0.048,optimal
2021-02-12 02:00:00,63,2,1.1428571428571428,0.0,0.0,0.048,optimal
2021-02-12 02:30:00,63,2,1.1428571428571428,0.0,0.0,0.11603333333333332,optimal
2021-02-12 03:00:00,63,2,1.1428571428571428,0.0,0.0,0.08463333333333334,optimal
2021-02-12 03:30:00,63,2,1.1428571428571428,0.0,0.0,0.048,optimal
2021-02-12 04:00:00,63,2,1.1428571428571428,0.0,0.0,0.048,optimal
2021-02-12 04:30:00,63,2,1.1428571428571428,0.0,0.0,0.048,optimal
2021-02-12 05:00:00,63,2,1.1428571428571428,0.0,0.0,0.1108,optimal
2021-02-12 05:30:00,63,2,1.1428571428571428,0.0,0.0,0.08986666666666666,optimal
2021-02-12 06:00:00,63,2,1.1428571428571428,0.0,0.0,0.048,optimal
2021-02-12 06:30:00,63,2,1.1428571428571428,0.23222222222222222,4.877753515722981,0.09476666666666668,optimal
2021-02-12 07:00:00,63,2,1.1428571428571428,0.0,10.0,0.07293333333333334,optimal
2021-02-12 07:30:00,63,2,1.1428571428571428,14.87794949899352,0.0,0.34836666666666666,optimal
2021-02-12 08:00:00,63,2,0.876576229132251,2.941481481481482,0.0,0.06566666666666666,optimal
2021-02-12 08:30:00,63,2,0.8461703421013517,0.1548148148148148,0.0,0.12756666666666666,optimal
2021-02-12 09:00:00,63,2,0.7239155481032338,0.1548148148148148,0.0,0.802,optimal
2021-02-12 09:30:00,63,2,0.5325022102050954,0.387037037037037,0.0,2.806966666666667,optimal
2021-02-12 10:00:00,63,2,0.4945709388906116,0.0,0.0,2.224766666666667,optimal
2021-02-12 10:30:00,63,2,0.6204131891429027,0.0,0.0,0.058,optimal
2021-02-12 11:00:00,63,2,0.4928624105670353,0.0,0.0,0.11033333333333331,optimal
2021-02-12 11:30:00,63,2,0.4907234061342805,0.0,0.0,0.11033333333333331,optimal
2021-02-12 12:00:00,63,2,0.4605307830013585,0.0,0.0,0.08416666666666667,optimal
2021-02-12 12:30:00,63,2,0.44343939761622064,0.0,0.0,0.1365,optimal
2021-02-12 13:00:00,63,2,1.1428571428571428,0.0,0.0,0.058,optimal
2021-02-12 13:30:00,63,2,1.1428571428571428,0.0,0.0,0.09263333333333335,optimal
2021-02-12 14:00:00,63,2,1.1428571428571428,0.0,0.0,0.1575,optimal
2021-02-12 14:30:00,63,2,1.1428571428571428,0.0,0.0,0.06863333333333334,optimal
2021-02-12 15:00:00,63,2,1.1428571428571428,0.774074074074074,0.0,0.16543333333333335,optimal
2021-02-12 15:30:00,63,2,1.1428571428571428,0.0,0.0,0.08979999999999999,optimal
2021-02-12 16:00:00,63,2,0.0,0.0,0.0,0.8666666666666666,optimal
2021-02-12 16:30:00,63,2,0.0,0.0,0.0,1.487,optimal
2021-02-12 17:00:00,63,2,0.0,1.5883999999999998,0.0,0.27366666666666667,optimal
2021-02-12 17:30:00,63,2,0.0,4.4493777777777765,0.0,0.3238666666666667,optimal
2021-02-12 18:00:00,63,2,0.0,0.1548148148148148,0.0,0.3975,optimal
2021-02-12 18:30:00,63,2,0.0,0.1548148148148148,0.0,0.22,optimal
2021-02-12 19:00:00,63,2,0.0,2.1674074074074072,0.0,0.21013333333333334,optimal
2021-02-12 19:30:00,63,2,0.5489643836202098,0.1548148148148148,0.0,0.32230000000000003,optimal
2021-02-12 20:00:00,63,2,0.7081441983798764,0.0,0.0,0.2469,optimal
2021-02-12 20:30:00,63,2,0.0,0.0,0.0,0.40003333333333335,optimal
2021-02-12 21:00:00,63,2,0.0,0.0,0.0,0.2134,optimal
2021-02-12 21:30:00,63,2,0.0,0.0,0.0,0.4386666666666667,optimal
2021-02-12 22:00:00,63,2,0.0,0.0,0.0,0.058,optimal
2021-02-12 22:30:00,63,2,0.0,0.0,0.0,0.058,optimal
2021-02-12 23:00:00,63,2,0.0,0.0,0.0,0.12603333333333333,optimal
2021-02-12 23:30:00,63,2,0.0,0.0,0.0,0.08996666666666667,optimal
2021-02-13 00:00:00,63,2,0.0,0.0,0.0,0.045,optimal
2021-02-13 00:30:00,63,2,0.8278920075688729,0.0,0.0,0.045,optimal
2021-02-13 01:00:00,63,2,1.1428571428571428,0.0,0.0,0.045,optimal
2021-02-13 01:30:00,63,2,1.1428571428571428,0.0,0.0,0.159,optimal
2021-02-13 02:00:00,63,2,1.1428571428571428,0.0,0.0,0.045,optimal
2021-02-13 02:30:00,63,2,1.1428571428571428,0.0,0.0,0.045,optimal
2021-02-13 03:00:00,63,2,1.1428571428571428,0.0,0.0,0.15330000000000002,optimal
2021-02-13 03:30:00,63,2,1.1428571428571428,0.0,0.0,0.0507,optimal
2021-02-13 04:00:00,63,2,1.1428571428571428,0.0,0.0,0.1248,optimal
2021-02-13 04:30:00,63,2,1.1428571428571428,0.0,0.0,0.0792,optimal
2021-02-13 05:00:00,63,2,1.1428571428571428,0.0,0.0,0.1191,optimal
2021-02-13 05:30:00,63,2,1.1428571428571428,0.0,0.0,0.0849,optimal
2021-02-13 06:00:00,63,2,1.1428571428571428,0.0,0.0,0.0564,optimal
2021-02-13 06:30:00,63,2,1.1428571428571428,0.0,1.8950475313192185,0.15593333333333334,optimal
2021-02-13 07:00:00,63,2,1.1428571428571428,0.0,10.0,0.04633333333333334,optimal
2021-02-13 07:30:00,63,2,1.1428571428571428,0.0,0.0,0.1191,optimal
2021-02-13 08:00:00,63,2,0.7754164836852273,0.5418518518518518,0.0,0.08983333333333333,optimal
2021-02-13 08:30:00,63,2,0.655877479252478,0.774074074074074,0.0,0.35969999999999996,optimal
2021-02-13 09:00:00,63,2,0.6474866837393709,0.3096296296296296,0.0,0.1772,optimal
2021-02-13 09:30:00,63,2,0.7030964234803898,0.0,0.0,0.20753333333333332,optimal
2021-02-13 10:00:00,63,2,0.6060436761250606,0.1548148148148148,0.0,0.1517666666666667,optimal
2021-02-13 10:30:00,63,2,0.5234856240732547,0.0,0.0,0.5184,optimal
2021-02-13 11:00:00,63,2,0.8099710900456972,0.0,0.0,0.159,optimal
2021-02-13 11:30:00,63,2,1.1428571428571428,0.0,0.0,0.053,optimal
2021-02-13 12:00:00,63,2,1.1428571428571428,0.0,0.0,0.055,optimal
2021-02-13 12:30:00,63,2,1.1428571428571428,0.0,0.0,0.169,optimal
2021-02-13 13:00:00,63,2,1.1428571428571428,0.0,0.0,0.055,optimal
2021-02-13 13:30:00,63,2,1.1428571428571428,0.0,0.0,0.055,optimal
2021-02-13 14:00:00,63,2,1.1428571428571428,0.0,0.0,0.055,optimal
2021-02-13 14:30:00,63,2,1.1428571428571428,0.0,0.0,0.169,optimal
2021-02-13 15:00:00,63,2,1.1428571428571428,0.0,0.0,0.055,optimal
2021-02-13 15:30:00,63,2,1.1428571428571428,0.0,0.0,0.1462,optimal
2021-02-13 16:00:00,63,2,0.0,0.0,0.0,0.6038,optimal
2021-02-13 16:30:00,63,2,0.0,0.0,0.0,0.4070666666666667,optimal
2021-02-13 17:00:00,63,2,0.0,0.23222222222222222,0.0,0.2602,optimal
2021-02-13 17:30:00,63,2,0.0,0.0,0.0,0.10033333333333332,optimal
2021-02-13 18:00:00,63,2,0.0,0.0,0.0,0.060700000000000004,optimal
2021-02-13 18:30:00,63,2,0.0,0.0,0.0,0.2613333333333333,optimal
2021-02-13 19:00:00,63,2,0.0,0.1548148148148148,0.0,0.27016666666666667,optimal
2021-02-13 19:30:00,63,2,0.8502566657048448,0.0,0.0,0.1006,optimal
2021-02-13 20:00:00,63,2,0.8480203888560632,0.0,0.0,0.12340000000000001,optimal
2021-02-13 20:30:00,63,2,0.0,0.0,0.0,0.0835,optimal
2021-02-13 21:00:00,63,2,0.0,0.3096296296296296,0.0,1.1080666666666665,optimal
2021-02-13 21:30:00,63,2,0.0,0.387037037037037,0.0,0.31093333333333334,optimal
2021-02-13 22:00:00,63,2,0.0,0.0,0.0,0.4693,optimal
2021-02-13 22:30:00,63,2,0.0,0.0,0.0,0.35796666666666666,optimal
2021-02-13 23:00:00,63,2,0.0,0.0,0.0,0.34236666666666665,optimal
2021-02-13 23:30:00,63,2,0.0,0.0,0.0,0.5183,optimal
2021-02-07 00:00:00,64,2,0.0,0.0,0.0,0.063,optimal
2021-02-07 00:30:00,64,2,0.0,0.0,0.0,0.063,optimal
2021-02-07 01:00:00,64,2,0.0,0.0,0.0,0.063,optimal
2021-02-07 01:30:00,64,2,0.0,0.0,0.0,0.063,optimal
2021-02-07 02:00:00,64,2,0.0,0.0,0.0,0.063,optimal
2021-02-07 02:30:00,64,2,0.0,0.0,0.0,0.063,optimal
2021-02-07 03:00:00,64,2,0.0,0.0,0.0,0.063,optimal
2021-02-07 03:30:00,64,2,0.0,0.0,0.0,0.063,optimal
2021-02-07 04:00:00,64,2,1.1428571428571428,0.0,0.0,0.063,optimal
2021-02-07 04:30:00,64,2,1.1428571428571428,0.0,0.0,0.06933333333333333,optimal
2021-02-07 05:00:00,64,2,1.1428571428571428,0.0,0.0,0.06433333333333333,optimal
2021-02-07 05:30:00,64,2,1.1428571428571428,0.0,0.0,0.063,optimal
2021-02-07 06:00:00,64,2,1.1428571428571428,0.0,0.0,0.063,optimal
2021-02-07 06:30:00,64,2,1.1428571428571428,0.0,0.0,0.063,optimal
2021-02-07 07:00:00,64,2,1.1428571428571428,0.0,0.0,0.065,optimal
2021-02-07 07:30:00,64,2,0.0,0.0,0.0,0.06933333333333333,optimal
2021-02-07 08:00:00,64,2,0.6176242435876411,0.0,0.0,0.063,optimal
2021-02-07 08:30:00,64,2,0.7269497785418805,0.0,0.0,0.063,optimal
2021-02-07 09:00:00,64,2,0.6946692803350285,0.0,0.0,0.063,optimal
2021-02-07 09:30:00,64,2,0.6925302759022854,0.0,0.0,0.063,optimal
2021-02-07 10:00:00,64,2,0.6481996230725962,0.0,0.0,0.063,optimal
2021-02-07 10:30:00,64,2,0.5874204890809495,0.0,0.0,0.10903333333333332,optimal
2021-02-07 11:00:00,64,2,0.5608442931430498,0.0,0.0,0.1375,optimal
2021-02-07 11:30:00,64,2,0.4984157217144751,0.0774074074074074,0.0,0.1732,optimal
2021-02-07 12:00:00,64,2,0.38072070721354034,0.0,0.0,0.6716333333333333,optimal
2021-02-07 12:30:00,64,2,0.3825835643563911,0.387037037037037,0.0,1.1912,optimal
2021-02-07 13:00:00,64,2,1.1428571428571428,0.23222222222222222,0.0,0.15280000000000002,optimal
2021-02-07 13:30:00,64,2,1.1428571428571428,0.0,0.0,0.1668,optimal
2021-02-07 14:00:00,64,2,1.1428571428571428,0.0,2.8898658055358415,1.3015,optimal
2021-02-07 14:30:00,64,2,1.1428571428571428,0.0,0.0,0.28446666666666665,optimal
2021-02-07 15:00:00,64,2,1.1428571428571428,0.0,0.0,0.07633333333333332,optimal
2021-02-07 15:30:00,64,2,1.1428571428571428,0.0,0.0,0.3775333333333334,optimal
2021-02-07 16:00:00,64,2,0.0,0.5418518518518518,0.0,0.20813333333333334,optimal
2021-02-07 16:30:00,64,2,0.0,0.23222222222222222,0.0,0.26789999999999997,optimal
2021-02-07 17:00:00,64,2,0.0,0.23222222222222222,0.0,0.5342,optimal
2021-02-07 17:30:00,64,2,0.0,2.7092592592592597,0.0,0.2133333333333333,optimal
2021-02-07 18:00:00,64,2,0.0,0.0,0.0,0.17486666666666667,optimal
2021-02-07 18:30:00,64,2,0.0,0.0,0.0,0.20266666666666663,optimal
2021-02-07 19:00:00,64,2,0.0,0.0,0.0,0.203,optimal
2021-02-07 19:30:00,64,2,0.0,0.0,0.0,0.3893666666666667,optimal
2021-02-07 20:00:00,64,2,0.2772451521992631,0.0,0.0,0.18680000000000002,optimal
2021-02-07 20:30:00,64,2,0.0,0.0,0.0,0.1129,optimal
2021-02-07 21:00:00,64,2,0.0,0.0,0.0,0.073,optimal
2021-02-07 21:30:00,64,2,0.0,0.0,0.0,0.073,optimal
2021-02-07 22:00:00,64,2,0.0,0.0,0.0,0.073,optimal
2021-02-07 22:30:00,64,2,0.0,0.0,0.0,0.073,optimal
2021-02-07 23:00:00,64,2,0.0,0.0,0.0,0.073,optimal
2021-02-07 23:30:00,64,2,0.0,0.0,0.0,0.07,optimal
2021-02-08 00:00:00,64,2,0.0,0.0,0.0,0.057,optimal
2021-02-08 00:30:00,64,2,0.0,0.0,0.0,0.057,optimal
2021-02-08 01:00:00,64,2,0.7757257613904036,0.0,0.0,0.057,optimal
2021-02-08 01:30:00,64,2,1.1428571428571428,0.0,0.0,0.057,optimal
2021-02-08 02:00:00,64,2,1.1428571428571428,0.0,0.0,0.1266,optimal
2021-02-08 02:30:00,64,2,1.1428571428571428,0.0,0.0,0.057,optimal
2021-02-08 03:00:00,64,2,1.1428571428571428,0.0,0.0,0.057,optimal
2021-02-08 03:30:00,64,2,1.1428571428571428,0.0,0.0,0.08020000000000001,optimal
2021-02-08 04:00:00,64,2,1.1428571428571428,0.0,0.0,0.1034,optimal
2021-02-08 04:30:00,64,2,1.1428571428571428,0.0,0.0,0.057,optimal
2021-02-08 05:00:00,64,2,1.1428571428571428,0.0,0.0,0.07633333333333332,optimal
2021-02-08 05:30:00,64,2,1.1428571428571428,0.0,0.0,0.10726666666666668,optimal
2021-02-08 06:00:00,64,2,1.1428571428571428,0.0,0.0,0.05766666666666666,optimal
2021-02-08 06:30:00,64,2,1.1428571428571428,0.0,7.468844347128314,0.1366,optimal
2021-02-08 07:00:00,64,2,1.1428571428571428,0.0,10.0,0.058333333333333334,optimal
2021-02-08 07:30:00,64,2,1.1428571428571428,0.0,0.0,0.057,optimal
2021-02-08 08:00:00,64,2,0.7287721575439888,0.46444444444444444,0.0,0.055666666666666656,optimal
2021-02-08 08:30:00,64,2,0.6706406425999659,1.1611111111111108,0.0,0.1326,optimal
2021-02-08 09:00:00,64,2,0.6037747531988187,0.0,0.0,0.15206666666666666,optimal
2021-02-08 09:30:00,64,2,0.5754910732339072,0.0,0.0,0.24586666666666668,optimal
2021-02-08 10:00:00,64,2,0.4832074625791202,0.1548148148148148,0.0,0.264,optimal
2021-02-08 10:30:00,64,2,0.6463197139726042,0.0,0.0,0.1366,optimal
2021-02-08 11:00:00,64,2,0.5693639336377554,0.0,0.0,0.067,optimal
2021-02-08 11:30:00,64,2,0.5507240200103539,0.0,0.0,0.11726666666666669,optimal
2021-02-08 12:00:00,64,2,0.5230852168168647,0.0,0.0,0.08633333333333333,optimal
2021-02-08 12:30:00,64,2,0.5200530086096727,0.0,0.0,0.067,optimal
2021-02-08 13:00:00,64,2,1.1428571428571428,0.0,0.0,0.09793333333333333,optimal
2021-02-08 13:30:00,64,2,1.1428571428571428,0.0,0.0,0.10566666666666669,optimal
2021-02-08 14:00:00,64,2,1.1428571428571428,0.0,0.0,0.10953333333333332,optimal
2021-02-08 14:30:00,64,2,1.1428571428571428,0.0,0.0,0.09406666666666666,optimal
2021-02-08 15:00:00,64,2,1.1428571428571428,0.0,0.0,0.07086666666666666,optimal
2021-02-08 15:30:00,64,2,1.1428571428571428,0.0,0.0,1.7846333333333335,optimal
2021-02-08 16:00:00,64,2,0.0,0.1548148148148148,0.0,0.304,optimal
2021-02-08 16:30:00,64,2,0.0,0.46444444444444444,0.0,0.4756,optimal
2021-02-08 17:00:00,64,2,0.0,0.6192592592592592,0.0,0.3911,optimal
2021-02-08 17:30:00,64,2,0.0,0.0,0.0,1.3260999999999998,optimal
2021-02-08 18:00:00,64,2,0.0,0.46444444444444444,0.0,2.8566,optimal
2021-02-08 18:30:00,64,2,0.0,0.0774074074074074,0.0,1.9565333333333332,optimal
2021-02-08 19:00:00,64,2,0.0,0.387037037037037,0.0,0.2723333333333333,optimal
2021-02-08 19:30:00,64,2,0.47231294646550415,0.0,0.0,0.28363333333333335,optimal
2021-02-08 20:00:00,64,2,0.6308058417415898,0.3096296296296296,0.0,0.1889,optimal
2021-02-08 20:30:00,64,2,0.0,0.0,0.0,0.2258666666666667,optimal
2021-02-08 21:00:00,64,2,0.0,0.0,0.0,0.23963333333333334,optimal
2021-02-08 21:30:00,64,2,0.0,0.0,0.0,0.2216,optimal
2021-02-08 22:00:00,64,2,0.0,0.0,0.0,0.4224666666666666,optimal
2021-02-08 22:30:00,64,2,0.0,0.0,0.0,0.504,optimal
2021-02-08 23:00:00,64,2,0.0,0.0774074074074074,0.0,0.30739999999999995,optimal
2021-02-08 23:30:00,64,2,0.0,0.0,0.0,0.1018,optimal
2021-02-09 00:00:00,64,2,0.0,0.0,0.0,0.060333333333333336,optimal
2021-02-09 00:30:00,64,2,0.0,0.0,0.0,0.058,optimal
2021-02-09 01:00:00,64,2,0.0,0.0,0.0,0.16333333333333333,optimal
2021-02-09 01:30:00,64,2,0.7672114836705768,0.0,0.0,0.058,optimal
2021-02-09 02:00:00,64,2,1.1428571428571428,0.0,0.0,0.1869,optimal
2021-02-09 02:30:00,64,2,1.1428571428571428,0.0,0.0,0.16716666666666666,optimal
2021-02-09 03:00:00,64,2,1.1428571428571428,0.0,0.0,0.058,optimal
2021-02-09 03:30:00,64,2,1.1428571428571428,0.0,0.0,0.18469999999999998,optimal
2021-02-09 04:00:00,64,2,1.1428571428571428,0.0,0.0,0.16936666666666667,optimal
2021-02-09 04:30:00,64,2,1.1428571428571428,0.0,0.0,0.1123,optimal
2021-02-09 05:00:00,64,2,1.1428571428571428,0.0,0.0,0.2049,optimal
2021-02-09 05:30:00,64,2,1.1428571428571428,0.0,0.0,0.10253333333333332,optimal
2021-02-09 06:00:00,64,2,1.1428571428571428,2.1674074074074072,0.0,0.2874333333333333,optimal
2021-02-09 06:30:00,64,2,1.1428571428571428,0.3096296296296296,0.3755763916591616,0.38676666666666665,optimal
2021-02-09 07:00:00,64,2,1.1428571428571428,2.012592592592592,10.0,0.3553,optimal
2021-02-09 07:30:00,64,2,1.1428571428571428,6.270000000000001,0.0,0.3451666666666667,optimal
2021-02-09 08:00:00,64,2,0.6062837611430156,0.0774074074074074,0.0,0.2902666666666667,optimal
2021-02-09 08:30:00,64,2,0.593181033559055,0.3096296296296296,0.0,0.2784,optimal
2021-02-09 09:00:00,64,2,0.7579042708253901,0.0,0.0,0.12833333333333335,optimal
2021-02-09 09:30:00,64,2,0.7382321489908025,0.0,0.0,0.1522666666666667,optimal
2021-02-09 10:00:00,64,2,0.6067141739558658,0.0,0.0,0.22180000000000002,optimal
2021-02-09 10:30:00,64,2,0.6279239136968754,0.0,0.0,0.11013333333333333,optimal
2021-02-09 11:00:00,64,2,0.5190544013628693,0.0,0.0,0.13119999999999998,optimal
2021-02-09 11:30:00,64,2,0.7037878373689922,0.0,0.0,0.2376,optimal
2021-02-09 12:00:00,64,2,1.1428571428571428,0.0,0.0,0.22846666666666668,optimal
2021-02-09 12:30:00,64,2,1.1428571428571428,0.0,0.0,0.068,optimal
2021-02-09 13:00:00,64,2,1.1428571428571428,0.0,0.0,0.068,optimal
2021-02-09 13:30:00,64,2,1.1428571428571428,0.0,0.0,0.163,optimal
2021-02-09 14:00:00,64,2,1.1428571428571428,0.0,0.0,0.2534,optimal
2021-02-09 14:30:00,64,2,1.1428571428571428,0.0,0.0,0.12066666666666669,optimal
2021-02-09 15:00:00,64,2,1.1428571428571428,0.0,0.0,0.12833333333333335,optimal
2021-02-09 15:30:00,64,2,1.1428571428571428,0.0,0.0,0.2036,optimal
2021-02-09 16:00:00,64,2,0.0,0.0,0.0,0.11013333333333333,optimal
2021-02-09 16:30:00,64,2,0.0,0.0,0.0,0.14643333333333333,optimal
2021-02-09 17:00:00,64,2,0.0,0.0,0.0,0.2171,optimal
2021-02-09 17:30:00,64,2,0.0,0.0,0.0,0.07853333333333333,optimal
2021-02-09 18:00:00,64,2,0.0,0.0,0.0,0.27446666666666664,optimal
2021-02-09 18:30:00,64,2,0.0,0.0,0.0,0.0996,optimal
2021-02-09 19:00:00,64,2,0.0,0.0,0.0,0.17496666666666666,optimal
2021-02-09 19:30:00,64,2,0.7708634164617012,0.0,0.0,0.1991,optimal
2021-02-09 20:00:00,64,2,0.7601110355093276,0.0,0.0,0.1724,optimal
2021-02-09 20:30:00,64,2,0.0,0.0,0.0,0.23453333333333334,optimal
2021-02-09 21:00:00,64,2,0.0,0.0,0.0,0.09213333333333334,optimal
2021-02-09 21:30:00,64,2,0.0,0.0,0.0,0.3142333333333333,optimal
2021-02-09 22:00:00,64,2,0.0,0.0,0.0,0.3065,optimal
2021-02-09 22:30:00,64,2,0.0,0.0,0.0,0.25753333333333334,optimal
2021-02-09 23:00:00,64,2,0.0,0.0774074074074074,0.0,0.36410000000000003,optimal
2021-02-09 23:30:00,64,2,0.0,0.0,0.0,0.09846666666666669,optimal
2021-02-10 00:00:00,64,2,0.0,0.0,0.0,0.059,optimal
2021-02-10 00:30:00,64,2,0.12702450971552812,0.0,0.0,0.07353333333333333,optimal
2021-02-10 01:00:00,64,2,1.1428571428571428,0.0,0.0,0.10986666666666665,optimal
2021-02-10 01:30:00,64,2,1.1428571428571428,0.0774074074074074,0.0,0.2949333333333333,optimal
2021-02-10 02:00:00,64,2,1.1428571428571428,0.0,0.0,0.12440000000000001,optimal
2021-02-10 02:30:00,64,2,1.1428571428571428,0.0,0.0,0.059,optimal
2021-02-10 03:00:00,64,2,1.1428571428571428,0.0,0.0,0.1135,optimal
2021-02-10 03:30:00,64,2,1.1428571428571428,0.0,0.0,0.0699,optimal
2021-02-10 04:00:00,64,2,1.1428571428571428,0.0,0.0,0.0917,optimal
2021-02-10 04:30:00,64,2,1.1428571428571428,0.0,0.0,0.0917,optimal
2021-02-10 05:00:00,64,2,1.1428571428571428,0.0,0.0,0.059,optimal
2021-02-10 05:30:00,64,2,1.1428571428571428,0.0,2.8824148517991355,0.060333333333333336,optimal
2021-02-10 06:00:00,64,2,1.1428571428571428,0.0,10.0,0.13440000000000002,optimal
2021-02-10 06:30:00,64,2,1.1428571428571428,0.0,10.0,0.069,optimal
2021-02-10 07:00:00,64,2,1.1428571428571428,0.0,10.0,1.1332666666666669,optimal
2021-02-10 07:30:00,64,2,1.1428571428571428,0.3096296296296296,0.0,1.6177666666666668,optimal
2021-02-10 08:00:00,64,2,0.7263331091158698,0.23222222222222222,0.0,0.16140000000000002,optimal
2021-02-10 08:30:00,64,2,0.715852329480115,1.006296296296296,0.0,1.3820666666666666,optimal
2021-02-10 09:00:00,64,2,0.6551766278550433,0.0,0.0,1.1493,optimal
2021-02-10 09:30:00,64,2,0.4399777529811868,0.23222222222222222,0.0,1.8659333333333328,optimal
2021-02-10 10:00:00,64,2,0.040856730318412755,0.0,0.0,4.540966666666666,optimal
2021-02-10 10:30:00,64,2,0.30035209797254997,5.495925925925925,0.0,1.9367999999999999,optimal
2021-02-10 11:00:00,64,2,0.43698801692765205,0.0,0.0,0.4592,optimal
2021-02-10 11:30:00,64,2,0.42134524615739494,0.1548148148148148,0.0,0.4564666666666666,optimal
2021-02-10 12:00:00,64,2,0.20567577391821973,0.46444444444444444,0.0,3.896966666666666,optimal
2021-02-10 12:30:00,64,2,0.21443291677535714,0.3096296296296296,0.0,3.229833333333333,optimal
2021-02-10 13:00:00,64,2,1.1428571428571428,0.0774074074074074,0.0,5.2787,optimal
2021-02-10 13:30:00,64,2,1.1428571428571428,0.0,0.0,4.602600000000001,optimal
2021-02-10 14:00:00,64,2,1.1428571428571428,0.0,0.0,0.27176666666666666,optimal
2021-02-10 14:30:00,64,2,1.1428571428571428,5.728148148148147,0.0,0.2809333333333333,optimal
2021-02-10 15:00:00,64,2,1.1428571428571428,0.0774074074074074,0.0,2.673766666666667,optimal
2021-02-10 15:30:00,64,2,1.1428571428571428,0.0774074074074074,0.0,0.13466666666666666,optimal
2021-02-10 16:00:00,64,2,0.0,0.0,0.0,0.067,optimal
2021-02-10 16:30:00,64,2,0.0,0.0,0.0,0.32176666666666665,optimal
2021-02-10 17:00:00,64,2,0.0,0.0,0.0,1.8697333333333328,optimal
2021-02-10 17:30:00,64,2,0.0,0.0,0.0,0.6611,optimal
2021-02-10 18:00:00,64,2,0.0,0.23222222222222222,0.0,0.1782,optimal
2021-02-10 18:30:00,64,2,0.0,0.6192592592592592,0.0,2.1408,optimal
2021-02-10 19:00:00,64,2,0.0,0.3096296296296296,0.0,1.7127999999999999,optimal
2021-02-10 19:30:00,64,2,0.08673410322177241,0.0,0.0,1.3902333333333332,optimal
2021-02-10 20:00:00,64,2,0.6675877487858931,0.0,0.0,0.217,optimal
2021-02-10 20:30:00,64,2,0.0,0.0,0.0,1.5976333333333335,optimal
2021-02-10 21:00:00,64,2,0.0,0.0,0.0,1.6099,optimal
2021-02-10 21:30:00,64,2,0.0,0.0,0.0,1.318733333333333,optimal
2021-02-10 22:00:00,64,2,0.0,0.3096296296296296,0.0,1.7246,optimal
2021-02-10 22:30:00,64,2,0.0,0.0,0.0,0.2817,optimal
2021-02-10 23:00:00,64,2,0.0,0.0,0.0,1.3957666666666668,optimal
2021-02-10 23:30:00,64,2,0.0,0.0,0.0,0.07096666666666666,optimal
2021-02-11 00:00:00,64,2,0.6408764652964564,0.0,0.0,0.058,optimal
2021-02-11 00:30:00,64,2,1.1428571428571428,0.0,0.0,0.08626666666666667,optimal
2021-02-11 01:00:00,64,2,1.1428571428571428,0.0,0.0,0.29460000000000003,optimal
2021-02-11 01:30:00,64,2,1.1428571428571428,0.0,0.0,0.06313333333333333,optimal
2021-02-11 02:00:00,64,2,1.1428571428571428,0.0,0.0,0.1873333333333333,optimal
2021-02-11 02:30:00,64,2,1.1428571428571428,0.0,0.0,0.17813333333333334,optimal
2021-02-11 03:00:00,64,2,1.1428571428571428,0.0,0.0,0.16333333333333333,optimal
2021-02-11 03:30:00,64,2,1.1428571428571428,0.0,0.0,0.07213333333333334,optimal
2021-02-11 04:00:00,64,2,1.1428571428571428,0.0,0.0,0.22906666666666664,optimal
2021-02-11 04:30:00,64,2,1.1428571428571428,0.0,0.0,0.15693333333333334,optimal
2021-02-11 05:00:00,64,2,1.1428571428571428,0.0,0.0,0.15206666666666666,optimal
2021-02-11 05:30:00,64,2,1.1428571428571428,0.0,0.0,0.135,optimal
2021-02-11 06:00:00,64,2,1.1428571428571428,0.0,3.054419411429981,0.15693333333333334,optimal
2021-02-11 06:30:00,64,2,1.1428571428571428,0.23222222222222222,10.0,0.17286666666666667,optimal
2021-02-11 07:00:00,64,2,1.1428571428571428,2.631851851851852,10.0,1.2738,optimal
2021-02-11 07:30:00,64,2,1.1428571428571428,0.46444444444444444,0.0,1.7290666666666665,optimal
2021-02-11 08:00:00,64,2,0.7992934560795919,0.6192592592592592,0.0,0.3457333333333333,optimal
2021-02-11 08:30:00,64,2,0.9027809455683106,0.0,0.0,0.242,optimal
2021-02-11 09:00:00,64,2,0.8688264685225924,0.0,0.0,0.12293333333333334,optimal
2021-02-11 09:30:00,64,2,0.7948678936704142,0.0,0.0,0.13473333333333332,optimal
2021-02-11 10:00:00,64,2,0.5886232188220963,0.0,0.0,0.18206666666666663,optimal
2021-02-11 10:30:00,64,2,0.5169865101103329,0.0,0.0,0.3756333333333333,optimal
2021-02-11 11:00:00,64,2,0.5039531327003154,0.387037037037037,0.0,0.173,optimal
2021-02-11 11:30:00,64,2,0.8494554039033948,0.1548148148148148,0.0,0.4001,optimal
2021-02-11 12:00:00,64,2,1.1428571428571428,0.0,0.0,0.08013333333333333,optimal
2021-02-11 12:30:00,64,2,1.1428571428571428,0.0,0.0,0.066,optimal
2021-02-11 13:00:00,64,2,1.1428571428571428,0.6966666666666667,0.0,0.42183333333333334,optimal
2021-02-11 13:30:00,64,2,1.1428571428571428,0.3096296296296296,0.0,0.17333333333333334,optimal
2021-02-11 14:00:00,64,2,1.1428571428571428,0.0,0.0,0.0832,optimal
2021-02-11 14:30:00,64,2,1.1428571428571428,0.0,0.0,0.21306666666666663,optimal
2021-02-11 15:00:00,64,2,1.1428571428571428,0.0,0.0,0.10166666666666668,optimal
2021-02-11 15:30:00,64,2,1.1428571428571428,0.0,0.0,0.1098,optimal
2021-02-11 16:00:00,64,2,0.0,0.0,0.0,0.2696,optimal
2021-02-11 16:30:00,64,2,0.0,0.0,0.0,0.1022,optimal
2021-02-11 17:00:00,64,2,0.0,0.0,0.0,0.17406666666666668,optimal
2021-02-11 17:30:00,64,2,0.0,0.0,0.0,0.23953333333333332,optimal
2021-02-11 18:00:00,64,2,0.0,0.46444444444444444,0.0,0.11553333333333332,optimal
2021-02-11 18:30:00,64,2,0.0,0.0,0.0,0.4356666666666667,optimal
2021-02-11 19:00:00,64,2,0.0,0.0,0.0,0.47756666666666664,optimal
2021-02-11 19:30:00,64,2,0.8733947723549607,0.0,0.0,0.37846666666666656,optimal
2021-02-11 20:00:00,64,2,0.9436950337551545,0.0,0.0,0.3564,optimal
2021-02-11 20:30:00,64,2,0.0,0.1548148148148148,0.0,0.6003333333333334,optimal
2021-02-11 21:00:00,64,2,0.0,0.0,0.0,1.0021666666666667,optimal
2021-02-11 21:30:00,64,2,0.0,0.0,0.0,1.5861666666666667,optimal
2021-02-11 22:00:00,64,2,0.0,0.23222222222222222,0.0,3.2565666666666666,optimal
2021-02-11 22:30:00,64,2,0.0,0.0,0.0,0.33516666666666667,optimal
2021-02-11 23:00:00,64,2,0.0,0.0,0.0,0.15280000000000002,optimal
2021-02-11 23:30:00,64,2,0.0,0.0,0.0,0.22386666666666669,optimal
2021-02-12 00:00:00,64,2,1.1428571428571428,0.0,0.0,0.063,optimal
2021-02-12 00:30:00,64,2,1.1428571428571428,0.0,0.0,0.063,optimal
2021-02-12 01:00:00,64,2,1.1428571428571428,0.0,0.0,0.063,optimal
2021-02-12 01:30:00,64,2,1.1428571428571428,0.0,0.0,0.12166666666666669,optimal
2021-02-12 02:00:00,64,2,1.1428571428571428,0.0,0.0,0.07033333333333333,optimal
2021-02-12 02:30:00,64,2,1.1428571428571428,0.0,0.0,0.063,optimal
2021-02-12 03:00:00,64,2,1.1428571428571428,0.0,0.0,0.063,optimal
2021-02-12 03:30:00,64,2,1.1428571428571428,0.0,0.0,0.12166666666666669,optimal
2021-02-12 04:00:00,64,2,1.1428571428571428,0.0,0.0,0.07033333333333333,optimal
2021-02-12 04:30:00,64,2,1.1428571428571428,0.0,0.0,0.10333333333333332,optimal
2021-02-12 05:00:00,64,2,1.1428571428571428,0.0,0.0,0.08866666666666667,optimal
2021-02-12 05:30:00,64,2,1.1428571428571428,0.0,0.0,0.063,optimal
2021-02-12 06:00:00,64,2,1.1428571428571428,0.0,0.0,0.063,optimal
2021-02-12 06:30:00,64,2,1.1428571428571428,0.0,0.8342586798541238,0.09233333333333331,optimal
2021-02-12 07:00:00,64,2,1.1428571428571428,0.0,10.0,0.107,optimal
2021-02-12 07:30:00,64,2,1.1428571428571428,7.42550111676936,0.0,0.07766666666666668,optimal
2021-02-12 08:00:00,64,2,0.8785095624655906,6.192592592592592,0.0,0.11866666666666668,optimal
2021-02-12 08:30:00,64,2,0.9098274849584971,0.0,0.0,0.07859999999999999,optimal
2021-02-12 09:00:00,64,2,0.7796555481032365,0.0,0.0,0.7747666666666666,optimal
2021-02-12 09:30:00,64,2,0.8404641149670024,0.0,0.0,0.073,optimal
2021-02-12 10:00:00,64,2,0.6278585579382314,0.0,0.0,0.09133333333333331,optimal
2021-02-12 10:30:00,64,2,0.6023655700952876,0.0,0.0,0.12066666666666669,optimal
2021-02-12 11:00:00,64,2,0.5033862200908412,0.0,0.0,0.073,optimal
2021-02-12 11:30:00,64,2,0.5012472156580983,0.0,0.0,0.073,optimal
2021-02-12 12:00:00,64,2,0.4635784020489788,0.0,0.0,0.073,optimal
2021-02-12 12:30:00,64,2,0.984165988185336,0.0,0.0,0.073,optimal
2021-02-12 13:00:00,64,2,1.1428571428571428,0.0,0.0,0.073,optimal
2021-02-12 13:30:00,64,2,1.1428571428571428,0.0,0.0,0.12433333333333331,optimal
2021-02-12 14:00:00,64,2,1.1428571428571428,0.0,0.0,0.08766666666666667,optimal
2021-02-12 14:30:00,64,2,1.1428571428571428,0.0,0.0,0.128,optimal
2021-02-12 15:00:00,64,2,1.1428571428571428,0.0,0.0,0.084,optimal
2021-02-12 15:30:00,64,2,1.1428571428571428,0.0,0.0,0.073,optimal
2021-02-12 16:00:00,64,2,0.0,0.46444444444444444,0.0,0.7047666666666667,optimal
2021-02-12 16:30:00,64,2,0.0,0.1548148148148148,0.0,0.29619999999999996,optimal
2021-02-12 17:00:00,64,2,0.0,0.387037037037037,0.0,0.14106666666666667,optimal
2021-02-12 17:30:00,64,2,0.0,0.3096296296296296,0.0,0.6816333333333333,optimal
2021-02-12 18:00:00,64,2,0.0,0.1548148148148148,0.0,1.191733333333333,optimal
2021-02-12 18:30:00,64,2,0.0,0.0774074074074074,0.0,0.7602666666666666,optimal
2021-02-12 19:00:00,64,2,0.0,0.23222222222222222,0.0,0.11256666666666666,optimal
2021-02-12 19:30:00,64,2,0.6246280942762743,0.23222222222222222,0.0,0.159,optimal
2021-02-12 20:00:00,64,2,0.6938203888560573,0.0774074074074074,0.0,0.12053333333333331,optimal
2021-02-12 20:30:00,64,2,0.0,0.0,0.0,0.1331,optimal
2021-02-12 21:00:00,64,2,0.0,0.0,0.0,0.29546666666666666,optimal
2021-02-12 21:30:00,64,2,0.0,0.0,0.0,0.5684666666666667,optimal
2021-02-12 22:00:00,64,2,0.0,0.0,0.0,0.246,optimal
2021-02-12 22:30:00,64,2,0.0,0.0,0.0,0.18706666666666663,optimal
2021-02-12 23:00:00,64,2,0.0,0.0,0.0,0.12433333333333331,optimal
2021-02-12 23:30:00,64,2,0.0,0.0,0.0,0.08766666666666667,optimal
2021-02-13 00:00:00,64,2,0.0,0.0,0.0,0.06333333333333334,optimal
2021-02-13 00:30:00,64,2,0.5204817968426708,0.0,0.0,0.069,optimal
2021-02-13 01:00:00,64,2,1.1428571428571428,0.0,0.0,0.069,optimal
2021-02-13 01:30:00,64,2,1.1428571428571428,0.0,0.0,0.069,optimal
2021-02-13 02:00:00,64,2,1.1428571428571428,0.0,0.0,0.069,optimal
2021-02-13 02:30:00,64,2,1.1428571428571428,0.0,0.0,0.069,optimal
2021-02-13 03:00:00,64,2,1.1428571428571428,0.0,0.0,0.069,optimal
2021-02-13 03:30:00,64,2,1.1428571428571428,0.0,0.0,0.069,optimal
2021-02-13 04:00:00,64,2,1.1428571428571428,0.0,0.0,0.069,optimal
2021-02-13 04:30:00,64,2,1.1428571428571428,0.0,0.0,0.069,optimal
2021-02-13 05:00:00,64,2,1.1428571428571428,0.0,0.0,0.069,optimal
2021-02-13 05:30:00,64,2,1.1428571428571428,0.0,0.0,0.06833333333333333,optimal
2021-02-13 06:00:00,64,2,1.1428571428571428,0.0,0.0,0.069,optimal
2021-02-13 06:30:00,64,2,1.1428571428571428,0.0,6.428534285307377,0.06833333333333333,optimal
2021-02-13 07:00:00,64,2,1.1428571428571428,0.0774074074074074,10.0,0.067,optimal
2021-02-13 07:30:00,64,2,1.1428571428571428,2.5544444444444445,0.0,0.11886666666666666,optimal
2021-02-13 08:00:00,64,2,0.6979193408280862,3.3703185185185185,0.0,0.11253333333333332,optimal
2021-02-13 08:30:00,64,2,0.5846527173477224,0.2678296296296296,0.0,1.6318666666666666,optimal
2021-02-13 09:00:00,64,2,0.5960390646917492,0.1548148148148148,0.0,0.29660000000000003,optimal
2021-02-13 09:30:00,64,2,0.5876964234803891,0.0774074074074074,0.0,0.36169999999999997,optimal
2021-02-13 10:00:00,64,2,0.4399427237441028,0.0,0.0,0.5571,optimal
2021-02-13 10:30:00,64,2,0.4658113383589776,0.3096296296296296,0.0,2.0059666666666667,optimal
2021-02-13 11:00:00,64,2,0.4358716089083604,0.0,0.0,2.568,optimal
2021-02-13 11:30:00,64,2,0.528932604475611,0.0,0.0,0.902,optimal
2021-02-13 12:00:00,64,2,1.0776850068382082,0.0,0.0,0.069,optimal
2021-02-13 12:30:00,64,2,1.1428571428571428,0.0,0.0,0.069,optimal
2021-02-13 13:00:00,64,2,1.1428571428571428,0.0,0.0,0.069,optimal
2021-02-13 13:30:00,64,2,1.1428571428571428,0.0,0.0,0.069,optimal
2021-02-13 14:00:00,64,2,1.1428571428571428,0.0,0.0,0.069,optimal
2021-02-13 14:30:00,64,2,1.1428571428571428,0.0,0.0,0.069,optimal
2021-02-13 15:00:00,64,2,1.1428571428571428,0.0,0.0,0.069,optimal
2021-02-13 15:30:00,64,2,1.1428571428571428,0.0,0.0,0.069,optimal
2021-02-13 16:00:00,64,2,0.0,0.0,0.0,0.069,optimal
2021-02-13 16:30:00,64,2,0.0,0.0774074074074074,0.0,1.1983666666666666,optimal
2021-02-13 17:00:00,64,2,0.0,0.0,0.0,1.2227000000000001,optimal
2021-02-13 17:30:00,64,2,0.0,0.0774074074074074,0.0,0.38906666666666667,optimal
2021-02-13 18:00:00,64,2,0.0,0.0774074074074074,0.0,0.3341,optimal
2021-02-13 18:30:00,64,2,0.0,0.387037037037037,0.0,0.3333666666666667,optimal
2021-02-13 19:00:00,64,2,0.0,0.1548148148148148,0.0,0.5145,optimal
2021-02-13 19:30:00,64,2,0.6186757133238928,0.0,0.0,0.26863333333333334,optimal
2021-02-13 20:00:00,64,2,0.6313441983798705,0.23222222222222222,0.0,0.25653333333333334,optimal
2021-02-13 20:30:00,64,2,0.0,0.0,0.0,0.48219999999999996,optimal
2021-02-13 21:00:00,64,2,0.0,0.23222222222222222,0.0,0.32,optimal
2021-02-13 21:30:00,64,2,0.0,0.23222222222222222,0.0,0.3342,optimal
2021-02-13 22:00:00,64,2,0.0,0.0,0.0,0.069,optimal
2021-02-13 22:30:00,64,2,0.0,0.0,0.0,0.069,optimal
2021-02-13 23:00:00,64,2,0.0,0.0,0.0,0.069,optimal
2021-02-13 23:30:00,64,2,0.0,0.0,0.0,0.069,optimal
2021-02-07 00:00:00,65,2,0.0,0.23222222222222222,0.0,0.3082333333333333,optimal
2021-02-07 00:30:00,65,2,0.0,0.0,0.0,0.4388333333333333,optimal
2021-02-07 01:00:00,65,2,0.0,0.0,0.0,0.16113333333333332,optimal
2021-02-07 01:30:00,65,2,0.0,0.0,0.0,0.08453333333333334,optimal
2021-02-07 02:00:00,65,2,0.0,0.0,0.0,0.14653333333333332,optimal
2021-02-07 02:30:00,65,2,0.0,0.0,0.0,0.08159999999999999,optimal
2021-02-07 03:00:00,65,2,0.0,0.0,0.0,0.1936,optimal
2021-02-07 03:30:00,65,2,0.0,0.0,0.0,0.062,optimal
2021-02-07 04:00:00,65,2,1.1428571428571428,0.0,0.0,0.1472,optimal
2021-02-07 04:30:00,65,2,1.1428571428571428,0.0,0.0,0.128,optimal
2021-02-07 05:00:00,65,2,1.1428571428571428,0.0,0.0,0.12079999999999999,optimal
2021-02-07 05:30:00,65,2,1.1428571428571428,0.0,0.0,0.1544,optimal
2021-02-07 06:00:00,65,2,1.1428571428571428,0.0,0.0,0.062,optimal
2021-02-07 06:30:00,65,2,1.1428571428571428,0.0,0.0,0.17033333333333334,optimal
2021-02-07 07:00:00,65,2,1.1428571428571428,0.0,2.623502212245243,0.10486666666666666,optimal
2021-02-07 07:30:00,65,2,0.0,0.0,0.0,0.12079999999999999,optimal
2021-02-07 08:00:00,65,2,0.04561593879479478,0.0,0.0,0.1544,optimal
2021-02-07 08:30:00,65,2,0.7169688261609303,0.0,0.0,0.09793333333333333,optimal
2021-02-07 09:00:00,65,2,0.6752216612874141,0.0,0.0,0.13106666666666666,optimal
2021-02-07 09:30:00,65,2,0.6796159901879928,0.0,0.0,0.1082,optimal
2021-02-07 10:00:00,65,2,0.6316853373583123,0.0,0.0,0.13013333333333332,optimal
2021-02-07 10:30:00,65,2,0.6263633462238138,0.0,0.0,0.16373333333333331,optimal
2021-02-07 11:00:00,65,2,0.5737490550478036,0.0774074074074074,0.0,0.13433333333333333,optimal
2021-02-07 11:30:00,65,2,0.48918715028590576,0.0774074074074074,0.0,0.38830000000000003,optimal
2021-02-07 12:00:00,65,2,0.4654121357849595,0.23222222222222222,0.0,0.3295,optimal
2021-02-07 12:30:00,65,2,0.38695308816591206,0.0,0.0,0.6459333333333332,optimal
2021-02-07 13:00:00,65,2,1.1428571428571428,0.0,0.0,2.0478666666666663,optimal
2021-02-07 13:30:00,65,2,1.1428571428571428,0.0,0.0,0.2484,optimal
2021-02-07 14:00:00,65,2,1.1428571428571428,0.0,0.0,0.5547666666666666,optimal
2021-02-07 14:30:00,65,2,1.1428571428571428,0.0,0.0,0.29653333333333337,optimal
2021-02-07 15:00:00,65,2,1.1428571428571428,0.0,0.0,0.253,optimal
2021-02-07 15:30:00,65,2,1.1428571428571428,0.0,0.0,0.30739999999999995,optimal
2021-02-07 16:00:00,65,2,0.0,0.3096296296296296,0.0,0.34663333333333335,optimal
2021-02-07 16:30:00,65,2,0.0,0.0,0.0,0.49856666666666666,optimal
2021-02-07 17:00:00,65,2,0.0,0.0,0.0,0.20246666666666666,optimal
2021-02-07 17:30:00,65,2,0.0,0.1548148148148148,0.0,0.2417333333333333,optimal
2021-02-07 18:00:00,65,2,0.0,0.0,0.0,0.46873333333333334,optimal
2021-02-07 18:30:00,65,2,0.0,0.0774074074074074,0.0,0.13103333333333333,optimal
2021-02-07 19:00:00,65,2,0.0,0.0,0.0,2.0925333333333334,optimal
2021-02-07 19:30:00,65,2,0.0,2.3222222222222215,0.0,0.4543666666666667,optimal
2021-02-07 20:00:00,65,2,0.36878552576697843,0.0,0.0,0.5267000000000001,optimal
2021-02-07 20:30:00,65,2,0.0,0.0,0.0,0.2397,optimal
2021-02-07 21:00:00,65,2,0.0,0.23222222222222222,0.0,0.16926666666666668,optimal
2021-02-07 21:30:00,65,2,0.0,1.548148148148148,0.0,0.24580000000000002,optimal
2021-02-07 22:00:00,65,2,0.0,0.0,0.0,0.2655,optimal
2021-02-07 22:30:00,65,2,0.0,0.0,0.0,0.20346666666666666,optimal
2021-02-07 23:00:00,65,2,0.0,0.0,0.0,0.8803333333333334,optimal
2021-02-07 23:30:00,65,2,0.0,0.23222222222222222,0.0,0.18356666666666663,optimal
2021-02-08 00:00:00,65,2,0.0,0.0,0.0,0.1597333333333333,optimal
2021-02-08 00:30:00,65,2,0.0,2.012592592592592,0.0,0.45866666666666667,optimal
2021-02-08 01:00:00,65,2,0.0,0.0,0.0,0.40103333333333335,optimal
2021-02-08 01:30:00,65,2,0.0,0.0,0.0,0.6231,optimal
2021-02-08 02:00:00,65,2,0.9248839969421807,0.0,0.0,0.12003333333333331,optimal
2021-02-08 02:30:00,65,2,1.1428571428571428,0.0,0.0,0.07709999999999999,optimal
2021-02-08 03:00:00,65,2,1.1428571428571428,0.0,0.0,0.06636666666666666,optimal
2021-02-08 03:30:00,65,2,1.1428571428571428,0.0,0.0,0.13076666666666667,optimal
2021-02-08 04:00:00,65,2,1.1428571428571428,0.0,0.0,0.061,optimal
2021-02-08 04:30:00,65,2,1.1428571428571428,0.0,0.0,0.07173333333333333,optimal
2021-02-08 05:00:00,65,2,1.1428571428571428,0.0,0.0,0.1277333333333333,optimal
2021-02-08 05:30:00,65,2,1.1428571428571428,0.0,0.0,0.071,optimal
2021-02-08 06:00:00,65,2,1.1428571428571428,0.0,0.0,0.13003333333333333,optimal
2021-02-08 06:30:00,65,2,1.1428571428571428,0.0,9.082437346079884,0.0871,optimal
2021-02-08 07:00:00,65,2,1.1428571428571428,0.6610592592592593,10.0,0.32656666666666667,optimal
2021-02-08 07:30:00,65,2,1.1428571428571428,0.34523703703703695,0.0,0.5187666666666666,optimal
2021-02-08 08:00:00,65,2,0.6261626337344636,2.39962962962963,0.0,0.5044666666666666,optimal
2021-02-08 08:30:00,65,2,0.7400311187904401,0.0,0.0,0.23753333333333332,optimal
2021-02-08 09:00:00,65,2,0.7591938008178679,0.0,0.0,0.071,optimal
2021-02-08 09:30:00,65,2,0.7527767875196272,0.0,0.0,0.071,optimal
2021-02-08 10:00:00,65,2,0.6371788911505465,0.0,0.0,0.14613333333333334,optimal
2021-02-08 10:30:00,65,2,0.6650625711154615,0.0,0.0,0.071,optimal
2021-02-08 11:00:00,65,2,0.5682210764948933,0.0,0.0,0.071,optimal
2021-02-08 11:30:00,65,2,0.5424764009627331,0.0,0.0,0.14613333333333334,optimal
2021-02-08 12:00:00,65,2,0.4741709311025771,0.0,0.0,0.165,optimal
2021-02-08 12:30:00,65,2,0.8574061092721338,0.1548148148148148,0.0,0.4171333333333333,optimal
2021-02-08 13:00:00,65,2,1.1428571428571428,0.0,0.0,0.37723333333333336,optimal
2021-02-08 13:30:00,65,2,1.1428571428571428,0.0,0.0,0.16366666666666665,optimal
2021-02-08 14:00:00,65,2,1.1428571428571428,0.0,0.0,0.071,optimal
2021-02-08 14:30:00,65,2,1.1428571428571428,0.0,0.0,0.14613333333333334,optimal
2021-02-08 15:00:00,65,2,1.1428571428571428,0.0,0.0,0.071,optimal
2021-02-08 15:30:00,65,2,1.1428571428571428,0.0,0.0,0.071,optimal
2021-02-08 16:00:00,65,2,0.0,0.23222222222222222,0.0,0.3559333333333333,optimal
2021-02-08 16:30:00,65,2,0.0,0.0,0.0,0.153,optimal
2021-02-08 17:00:00,65,2,0.0,0.3096296296296296,0.0,0.23366666666666663,optimal
2021-02-08 17:30:00,65,2,0.0,0.1548148148148148,0.0,0.3735333333333334,optimal
2021-02-08 18:00:00,65,2,0.0,0.0,0.0,0.6255666666666667,optimal
2021-02-08 18:30:00,65,2,0.0,0.0,0.0,1.3584,optimal
2021-02-08 19:00:00,65,2,0.0,0.0,0.0,0.8795,optimal
2021-02-08 19:30:00,65,2,0.626769780824285,0.23222222222222222,0.0,0.12456666666666666,optimal
2021-02-08 20:00:00,65,2,0.5760248893606293,0.3096296296296296,0.0,0.44789999999999996,optimal
2021-02-08 20:30:00,65,2,0.0,0.0,0.0,0.22219999999999998,optimal
2021-02-08 21:00:00,65,2,0.0,0.23222222222222222,0.0,0.3710333333333334,optimal
2021-02-08 21:30:00,65,2,0.0,0.0,0.0,0.3646666666666667,optimal
2021-02-08 22:00:00,65,2,0.0,0.23222222222222222,0.0,0.26406666666666667,optimal
2021-02-08 22:30:00,65,2,0.0,0.0,0.0,0.08173333333333334,optimal
2021-02-08 23:00:00,65,2,0.0,0.0,0.0,0.071,optimal
2021-02-08 23:30:00,65,2,0.0,0.0,0.0,0.10856666666666666,optimal
2021-02-09 00:00:00,65,2,0.0,0.0,0.0,0.066,optimal
2021-02-09 00:30:00,65,2,0.0,0.0,0.0,0.11733333333333332,optimal
2021-02-09 01:00:00,65,2,0.3314365853852865,0.0,0.0,0.21086666666666667,optimal
2021-02-09 01:30:00,65,2,1.1428571428571428,0.0,0.0,0.22226666666666667,optimal
2021-02-09 02:00:00,65,2,1.1428571428571428,0.0,0.0,0.055,optimal
2021-02-09 02:30:00,65,2,1.1428571428571428,0.0,0.0,0.2899333333333333,optimal
2021-02-09 03:00:00,65,2,1.1428571428571428,0.0,0.0,0.1432,optimal
2021-02-09 03:30:00,65,2,1.1428571428571428,0.0,0.0,0.1206,optimal
2021-02-09 04:00:00,65,2,1.1428571428571428,0.0,0.0,0.21453333333333333,optimal
2021-02-09 04:30:00,65,2,1.1428571428571428,0.0,0.0,0.10133333333333332,optimal
2021-02-09 05:00:00,65,2,1.1428571428571428,0.0,0.0,0.3196333333333333,optimal
2021-02-09 05:30:00,65,2,1.1428571428571428,0.0,0.0,0.0795,optimal
2021-02-09 06:00:00,65,2,1.1428571428571428,0.0,0.5698116921039879,0.0648,optimal
2021-02-09 06:30:00,65,2,1.1428571428571428,0.0,10.0,0.32693333333333335,optimal
2021-02-09 07:00:00,65,2,1.1428571428571428,2.012592592592592,10.0,0.11206666666666666,optimal
2021-02-09 07:30:00,65,2,1.1428571428571428,0.6966666666666667,0.0,0.2444333333333333,optimal
2021-02-09 08:00:00,65,2,0.6837885230477785,0.0,0.0,0.2414,optimal
2021-02-09 08:30:00,65,2,0.8186572240352392,0.0,0.0,0.14073333333333332,optimal
2021-02-09 09:00:00,65,2,0.7323233184444385,0.0,0.0,0.21836666666666668,optimal
2021-02-09 09:30:00,65,2,0.7343750061336621,0.0,0.0,0.16626666666666667,optimal
2021-02-09 10:00:00,65,2,0.6236570310987155,0.0,0.0,0.163,optimal
2021-02-09 10:30:00,65,2,0.6078953422683088,0.0,0.0,0.1807333333333333,optimal
2021-02-09 11:00:00,65,2,0.47128297279144377,0.0,0.0,0.1292333333333333,optimal
2021-02-09 11:30:00,65,2,0.3683630159777409,0.0,0.0,0.35013333333333335,optimal
2021-02-09 12:00:00,65,2,0.29829289907948975,0.3096296296296296,0.0,0.353,optimal
2021-02-09 12:30:00,65,2,0.28430809398842993,0.46444444444444444,0.0,0.27543333333333336,optimal
2021-02-09 13:00:00,65,2,0.5984161372294602,0.46444444444444444,0.0,0.21036666666666667,optimal
2021-02-09 13:30:00,65,2,1.1428571428571428,0.6192592592592592,0.0,0.9851,optimal
2021-02-09 14:00:00,65,2,1.1428571428571428,0.0,0.0,4.420066666666667,optimal
2021-02-09 14:30:00,65,2,1.1428571428571428,0.46444444444444444,0.0,2.4935,optimal
2021-02-09 15:00:00,65,2,1.1428571428571428,0.1548148148148148,0.0,0.24830000000000002,optimal
2021-02-09 15:30:00,65,2,1.1428571428571428,0.0,0.0,0.38289999999999996,optimal
2021-02-09 16:00:00,65,2,0.0,0.5418518518518518,0.0,0.34913333333333335,optimal
2021-02-09 16:30:00,65,2,0.0,0.5418518518518518,0.0,0.7361,optimal
2021-02-09 17:00:00,65,2,0.0,0.3096296296296296,0.0,0.37676666666666664,optimal
2021-02-09 17:30:00,65,2,0.0,0.0774074074074074,0.0,0.2852,optimal
2021-02-09 18:00:00,65,2,0.0,0.0,0.0,0.205,optimal
2021-02-09 18:30:00,65,2,0.0,0.23222222222222222,0.0,0.6806333333333333,optimal
2021-02-09 19:00:00,65,2,0.0,0.46444444444444444,0.0,0.24280000000000002,optimal
2021-02-09 19:30:00,65,2,0.0,0.0,0.0,0.20966666666666664,optimal
2021-02-09 20:00:00,65,2,0.0,0.0,0.0,0.5537000000000001,optimal
2021-02-09 20:30:00,65,2,0.0,0.46444444444444444,0.0,0.288,optimal
2021-02-09 21:00:00,65,2,0.0,0.1548148148148148,0.0,0.2985,optimal
2021-02-09 21:30:00,65,2,0.0,0.0,0.0,0.3674333333333333,optimal
2021-02-09 22:00:00,65,2,0.0,0.0,0.0,0.4237666666666666,optimal
2021-02-09 22:30:00,65,2,0.0,0.0,0.0,0.40726666666666667,optimal
2021-02-09 23:00:00,65,2,0.0,0.0,0.0,0.18146666666666667,optimal
2021-02-09 23:30:00,65,2,0.0,0.0,0.0,0.2976333333333333,optimal
2021-02-10 00:00:00,65,2,0.0,0.0,0.0,0.12713333333333335,optimal
2021-02-10 00:30:00,65,2,0.0,0.0774074074074074,0.0,0.24086666666666667,optimal
2021-02-10 01:00:00,65,2,0.4857928149620255,0.0,0.0,0.0708,optimal
2021-02-10 01:30:00,65,2,1.1428571428571428,0.0,0.0,0.175,optimal
2021-02-10 02:00:00,65,2,1.1428571428571428,0.0,0.0,0.13493333333333335,optimal
2021-02-10 02:30:00,65,2,1.1428571428571428,0.0,0.0,0.30910000000000004,optimal
2021-02-10 03:00:00,65,2,1.1428571428571428,0.0,0.0,0.0747,optimal
2021-02-10 03:30:00,65,2,1.1428571428571428,0.0,0.0,0.1832333333333333,optimal
2021-02-10 04:00:00,65,2,1.1428571428571428,0.0,0.0,0.1605,optimal
2021-02-10 04:30:00,65,2,1.1428571428571428,0.0,0.0,0.2251,optimal
2021-02-10 05:00:00,65,2,1.1428571428571428,0.0,0.0,0.08483333333333333,optimal
2021-02-10 05:30:00,65,2,1.1428571428571428,0.0,0.0,0.1467,optimal
2021-02-10 06:00:00,65,2,1.1428571428571428,0.0,0.0,0.1525,optimal
2021-02-10 06:30:00,65,2,1.1428571428571428,0.0,4.9255201887741045,0.2364333333333333,optimal
2021-02-10 07:00:00,65,2,1.1428571428571428,0.0,10.0,0.2119,optimal
2021-02-10 07:30:00,65,2,1.1428571428571428,0.0,0.0,0.26293333333333335,optimal
2021-02-10 08:00:00,65,2,0.7662188234015863,0.0,0.0,0.10993333333333334,optimal
2021-02-10 08:30:00,65,2,0.5705675675753491,0.1548148148148148,0.0,1.417733333333333,optimal
2021-02-10 09:00:00,65,2,0.6406423421407522,0.0,0.0,0.16666666666666666,optimal
2021-02-10 09:30:00,65,2,0.7221815625049972,0.0,0.0,0.12533333333333332,optimal
2021-02-10 10:00:00,65,2,0.6030662541279351,0.0,0.0,0.264,optimal
2021-02-10 10:30:00,65,2,0.6267254313058774,0.0,0.0,0.1587333333333333,optimal
2021-02-10 11:00:00,65,2,0.540633731213371,0.0,0.0,0.185,optimal
2021-02-10 11:30:00,65,2,0.5203366747288212,0.0,0.0,0.24106666666666662,optimal
2021-02-10 12:00:00,65,2,0.42290720248964725,0.0,0.0,0.24066666666666664,optimal
2021-02-10 12:30:00,65,2,0.550902097794674,0.0,0.0,0.21880000000000002,optimal
2021-02-10 13:00:00,65,2,1.1428571428571428,0.0,0.0,0.2039333333333333,optimal
2021-02-10 13:30:00,65,2,1.1428571428571428,0.0,0.0,0.3665333333333334,optimal
2021-02-10 14:00:00,65,2,1.1428571428571428,0.0,0.0,1.3647,optimal
2021-02-10 14:30:00,65,2,1.1428571428571428,0.0,0.0,0.22813333333333333,optimal
2021-02-10 15:00:00,65,2,1.1428571428571428,0.0,0.0,0.33676666666666666,optimal
2021-02-10 15:30:00,65,2,1.1428571428571428,0.23222222222222222,0.0,0.22763333333333333,optimal
2021-02-10 16:00:00,65,2,0.0,0.46444444444444444,0.0,0.2566333333333333,optimal
2021-02-10 16:30:00,65,2,0.0,0.0,0.0,0.4245,optimal
2021-02-10 17:00:00,65,2,0.0,0.387037037037037,0.0,0.18030000000000002,optimal
2021-02-10 17:30:00,65,2,0.0,0.1548148148148148,0.0,0.12976666666666667,optimal
2021-02-10 18:00:00,65,2,0.0,0.0,0.0,0.12686666666666666,optimal
2021-02-10 18:30:00,65,2,0.0,0.0,0.0,0.2522,optimal
2021-02-10 19:00:00,65,2,0.0,0.0,0.0,0.067,optimal
2021-02-10 19:30:00,65,2,0.8107212980507219,0.0,0.0,0.26293333333333335,optimal
2021-02-10 20:00:00,65,2,0.871482986881137,0.0,0.0,0.0877,optimal
2021-02-10 20:30:00,65,2,0.0,0.0,0.0,0.1981,optimal
2021-02-10 21:00:00,65,2,0.0,0.0,0.0,0.14493333333333333,optimal
2021-02-10 21:30:00,65,2,0.0,0.0,0.0,0.3468,optimal
2021-02-10 22:00:00,65,2,0.0,0.0,0.0,0.30706666666666665,optimal
2021-02-10 22:30:00,65,2,0.0,4.300755555555556,0.0,0.34883333333333333,optimal
2021-02-10 23:00:00,65,2,0.0,0.0,0.0,0.0837,optimal
2021-02-10 23:30:00,65,2,0.0,0.0,0.0,0.2543333333333333,optimal
2021-02-11 00:00:00,65,2,1.1428571428571428,0.0,0.0,0.06,optimal
2021-02-11 00:30:00,65,2,1.1428571428571428,0.0,0.0,0.0775,optimal
2021-02-11 01:00:00,65,2,1.1428571428571428,0.0,0.0,0.1055,optimal
2021-02-11 01:30:00,65,2,1.1428571428571428,0.0,0.0,0.17056666666666667,optimal
2021-02-11 02:00:00,65,2,1.1428571428571428,0.0,0.0,0.12830000000000003,optimal
2021-02-11 02:30:00,65,2,1.1428571428571428,0.0,0.0,0.06,optimal
2021-02-11 03:00:00,65,2,1.1428571428571428,0.0,0.0,0.12653333333333333,optimal
2021-02-11 03:30:00,65,2,1.1428571428571428,0.0,0.0,0.1805,optimal
2021-02-11 04:00:00,65,2,1.1428571428571428,0.0,0.0,0.0635,optimal
2021-02-11 04:30:00,65,2,1.1428571428571428,0.0,0.0,0.17586666666666667,optimal
2021-02-11 05:00:00,65,2,1.1428571428571428,0.0,0.0,0.06,optimal
2021-02-11 05:30:00,65,2,1.1428571428571428,0.0,0.0,0.16006666666666666,optimal
2021-02-11 06:00:00,65,2,1.1428571428571428,0.0,0.0,0.07913333333333333,optimal
2021-02-11 06:30:00,65,2,1.1428571428571428,0.0,0.0,0.10686666666666667,optimal
2021-02-11 07:00:00,65,2,1.1428571428571428,4.489629629629629,0.0,0.15380000000000002,optimal
2021-02-11 07:30:00,65,2,1.1428571428571428,2.2519540025868197,0.0,0.30010000000000003,optimal
2021-02-11 08:00:00,65,2,0.7823734560795835,2.941481481481482,0.0,0.07586666666666667,optimal
2021-02-11 08:30:00,65,2,0.6550476122349745,1.8980296296296297,0.0,0.537,optimal
2021-02-11 09:00:00,65,2,0.2687236113797375,1.1982666666666668,0.0,2.089366666666667,optimal
2021-02-11 09:30:00,65,2,0.49996122700374185,0.1548148148148148,0.0,0.6394,optimal
2021-02-11 10:00:00,65,2,0.3901089331078087,0.46444444444444444,0.0,0.39516666666666667,optimal
2021-02-11 10:30:00,65,2,0.48501508153890693,0.1548148148148148,0.0,0.14433333333333334,optimal
2021-02-11 11:00:00,65,2,0.39814360889079564,0.1548148148148148,0.0,0.2527333333333333,optimal
2021-02-11 11:30:00,65,2,0.41058235192335163,0.0,0.0,0.20596666666666666,optimal
2021-02-11 12:00:00,65,2,0.2726686522309889,0.0774074074074074,0.0,0.34,optimal
2021-02-11 12:30:00,65,2,0.21947111841476702,0.0774074074074074,0.0,0.35786666666666667,optimal
2021-02-11 13:00:00,65,2,1.1428571428571428,0.0774074074074074,0.0,0.4598666666666667,optimal
2021-02-11 13:30:00,65,2,1.1428571428571428,0.0774074074074074,0.0,0.4781333333333333,optimal
2021-02-11 14:00:00,65,2,1.1428571428571428,0.0,0.0,0.45280000000000004,optimal
2021-02-11 14:30:00,65,2,1.1428571428571428,0.0,0.0,0.5143,optimal
2021-02-11 15:00:00,65,2,1.1428571428571428,0.0,3.994936977140086,0.6539666666666667,optimal
2021-02-11 15:30:00,65,2,1.1428571428571428,0.0774074074074074,10.0,0.6189,optimal
2021-02-11 16:00:00,65,2,0.0,0.0,0.0,0.6656,optimal
2021-02-11 16:30:00,65,2,0.0,0.1548148148148148,0.0,0.4424333333333333,optimal
2021-02-11 17:00:00,65,2,0.0,0.6966666666666667,0.0,0.7165666666666667,optimal
2021-02-11 17:30:00,65,2,0.0,0.0,0.0,0.26480000000000004,optimal
2021-02-11 18:00:00,65,2,0.0,0.23222222222222222,0.0,0.10523333333333332,optimal
2021-02-11 18:30:00,65,2,0.0,0.1548148148148148,0.0,0.1527,optimal
2021-02-11 19:00:00,65,2,0.0,0.1548148148148148,0.0,0.32753333333333334,optimal
2021-02-11 19:30:00,65,2,0.0,0.0,0.0,0.4399333333333333,optimal
2021-02-11 20:00:00,65,2,0.2687316835813081,0.0,0.0,0.5612999999999999,optimal
2021-02-11 20:30:00,65,2,0.0,0.0,0.0,0.8137666666666666,optimal
2021-02-11 21:00:00,65,2,0.0,0.0,0.0,0.5033666666666666,optimal
2021-02-11 21:30:00,65,2,0.0,0.5418518518518518,0.0,0.49873333333333336,optimal
2021-02-11 22:00:00,65,2,0.0,0.0,0.0,0.6851,optimal
2021-02-11 22:30:00,65,2,0.0,0.0,0.0,0.6927000000000001,optimal
2021-02-11 23:00:00,65,2,0.0,0.0,0.0,0.2013,optimal
2021-02-11 23:30:00,65,2,0.0,0.0,0.0,0.18153333333333332,optimal
2021-02-12 00:00:00,65,2,1.1428571428571428,0.0,0.0,0.065,optimal
2021-02-12 00:30:00,65,2,1.1428571428571428,0.0,0.0,0.14153333333333334,optimal
2021-02-12 01:00:00,65,2,1.1428571428571428,0.0,0.0,0.26166666666666666,optimal
2021-02-12 01:30:00,65,2,1.1428571428571428,0.0,0.0,0.17913333333333334,optimal
2021-02-12 02:00:00,65,2,1.1428571428571428,0.0,0.0,0.2961333333333333,optimal
2021-02-12 02:30:00,65,2,1.1428571428571428,0.0,0.0,0.1829333333333333,optimal
2021-02-12 03:00:00,65,2,1.1428571428571428,0.0,0.0,0.2571333333333333,optimal
2021-02-12 03:30:00,65,2,1.1428571428571428,0.0,0.0,0.2086,optimal
2021-02-12 04:00:00,65,2,1.1428571428571428,0.0,0.0,0.331,optimal
2021-02-12 04:30:00,65,2,1.1428571428571428,0.0,0.0,0.1183,optimal
2021-02-12 05:00:00,65,2,1.1428571428571428,0.0,0.0,0.26189999999999997,optimal
2021-02-12 05:30:00,65,2,1.1428571428571428,0.0,0.0,0.22440000000000002,optimal
2021-02-12 06:00:00,65,2,1.1428571428571428,0.0,0.0,0.065,optimal
2021-02-12 06:30:00,65,2,1.1428571428571428,0.0774074074074074,0.0,0.42660000000000003,optimal
2021-02-12 07:00:00,65,2,1.1428571428571428,0.46444444444444444,0.0,0.2511333333333333,optimal
2021-02-12 07:30:00,65,2,1.1428571428571428,8.64334367137643,0.0,0.27963333333333334,optimal
2021-02-12 08:00:00,65,2,0.7621857529417803,0.387037037037037,0.0,0.3857,optimal
2021-02-12 08:30:00,65,2,0.7934846278156322,0.1548148148148148,0.0,0.35026666666666667,optimal
2021-02-12 09:00:00,65,2,0.6507993576270461,0.0,0.0,0.3683666666666667,optimal
2021-02-12 09:30:00,65,2,0.4530622102050993,0.1548148148148148,0.0,0.8692666666666666,optimal
2021-02-12 10:00:00,65,2,0.2686852246049039,0.5418518518518518,0.0,1.6293,optimal
2021-02-12 10:30:00,65,2,0.3227236653333807,0.0774074074074074,0.0,1.8415,optimal
2021-02-12 11:00:00,65,2,0.29043383913845666,0.0774074074074074,0.0,1.547233333333333,optimal
2021-02-12 11:30:00,65,2,0.3010567394676201,0.0,0.0,0.6177666666666667,optimal
2021-02-12 12:00:00,65,2,0.24441459252517037,0.0774074074074074,0.0,0.7223333333333334,optimal
2021-02-12 12:30:00,65,2,0.2362013023781346,0.0,0.0,0.5875,optimal
2021-02-12 13:00:00,65,2,1.1428571428571428,0.23222222222222222,0.0,2.7014,optimal
2021-02-12 13:30:00,65,2,1.1428571428571428,0.1548148148148148,0.0,4.172433333333333,optimal
2021-02-12 14:00:00,65,2,1.1428571428571428,0.3096296296296296,1.9094277252317602,1.0735333333333332,optimal
2021-02-12 14:30:00,65,2,1.1428571428571428,0.0,10.0,0.4845,optimal
2021-02-12 15:00:00,65,2,1.1428571428571428,0.0,0.0,0.8887,optimal
2021-02-12 15:30:00,65,2,1.1428571428571428,0.0,0.0,0.2575,optimal
2021-02-12 16:00:00,65,2,0.0,0.0,0.0,0.17566666666666667,optimal
2021-02-12 16:30:00,65,2,0.0,0.0,0.0,0.24380000000000002,optimal
2021-02-12 17:00:00,65,2,0.0,0.0,0.0,1.0084,optimal
2021-02-12 17:30:00,65,2,0.0,0.3096296296296296,0.0,0.9609666666666669,optimal
2021-02-12 18:00:00,65,2,0.0,0.5418518518518518,0.0,1.3425,optimal
2021-02-12 18:30:00,65,2,0.0,1.1611111111111108,0.0,0.5724333333333332,optimal
2021-02-12 19:00:00,65,2,0.0,0.0,0.0,0.5357666666666666,optimal
2021-02-12 19:30:00,65,2,0.0,0.0,0.0,0.4643,optimal
2021-02-12 20:00:00,65,2,0.684016261649676,0.0,0.0,0.21046666666666666,optimal
2021-02-12 20:30:00,65,2,0.0,0.0,0.0,0.1778,optimal
2021-02-12 21:00:00,65,2,0.0,0.0,0.0,0.23853333333333332,optimal
2021-02-12 21:30:00,65,2,0.0,0.0,0.0,0.10073333333333331,optimal
2021-02-12 22:00:00,65,2,0.0,0.0,0.0,0.20483333333333328,optimal
2021-02-12 22:30:00,65,2,0.0,0.0,0.0,0.2861,optimal
2021-02-12 23:00:00,65,2,0.0,0.0,0.0,0.19833333333333328,optimal
2021-02-12 23:30:00,65,2,0.0,0.3096296296296296,0.0,0.29586666666666667,optimal
2021-02-13 00:00:00,65,2,0.0,0.0,0.0,0.058,optimal
2021-02-13 00:30:00,65,2,1.0602909170958827,0.0,0.0,0.058,optimal
2021-02-13 01:00:00,65,2,1.1428571428571428,0.0,0.0,0.058,optimal
2021-02-13 01:30:00,65,2,1.1428571428571428,0.0,0.0,0.058,optimal
2021-02-13 02:00:00,65,2,1.1428571428571428,0.0,0.0,0.058,optimal
2021-02-13 02:30:00,65,2,1.1428571428571428,0.0,0.0,0.058,optimal
2021-02-13 03:00:00,65,2,1.1428571428571428,0.0,0.0,0.058,optimal
2021-02-13 03:30:00,65,2,1.1428571428571428,0.0,0.0,0.058,optimal
2021-02-13 04:00:00,65,2,1.1428571428571428,0.0,0.0,0.058,optimal
2021-02-13 04:30:00,65,2,1.1428571428571428,0.0,0.0,0.058,optimal
2021-02-13 05:00:00,65,2,1.1428571428571428,0.0,0.0,0.058,optimal
2021-02-13 05:30:00,65,2,1.1428571428571428,0.0,0.0,0.06133333333333334,optimal
2021-02-13 06:00:00,65,2,1.1428571428571428,0.0,0.0,0.068,optimal
2021-02-13 06:30:00,65,2,1.1428571428571428,2.631851851851852,0.0,1.102266666666667,optimal
2021-02-13 07:00:00,65,2,1.1428571428571428,5.65074074074074,8.383814103927062,0.27163333333333334,optimal
2021-02-13 07:30:00,65,2,1.1428571428571428,2.1674074074074072,0.0,0.10166666666666668,optimal
2021-02-13 08:00:00,65,2,0.7027498170185652,0.6966666666666667,0.0,0.14933333333333335,optimal
2021-02-13 08:30:00,65,2,0.6955155744905724,0.0,0.0,0.2715,optimal
2021-02-13 09:00:00,65,2,0.6759533504060412,0.0774074074074074,0.0,0.2813,optimal
2021-02-13 09:30:00,65,2,0.7293440425280021,0.0,0.0,0.081,optimal
2021-02-13 10:00:00,65,2,0.6302341523155283,0.0,0.0,0.08526666666666667,optimal
2021-02-13 10:30:00,65,2,0.5866380050256411,0.1548148148148148,0.0,0.1017,optimal
2021-02-13 11:00:00,65,2,0.43838589462265226,0.46444444444444444,0.0,0.12440000000000001,optimal
2021-02-13 11:30:00,65,2,0.3891992711422834,0.46444444444444444,0.0,0.26039999999999996,optimal
2021-02-13 12:00:00,65,2,0.7808707395564067,0.46444444444444444,0.0,0.39126666666666665,optimal
2021-02-13 12:30:00,65,2,1.1428571428571428,0.0,0.0,0.442,optimal
2021-02-13 13:00:00,65,2,1.1428571428571428,0.1548148148148148,0.0,0.4609333333333333,optimal
2021-02-13 13:30:00,65,2,1.1428571428571428,0.5418518518518518,0.0,0.4385333333333334,optimal
2021-02-13 14:00:00,65,2,1.1428571428571428,0.0,0.0,0.167,optimal
2021-02-13 14:30:00,65,2,1.1428571428571428,0.0,0.0,0.068,optimal
2021-02-13 15:00:00,65,2,1.1428571428571428,0.0,0.0,0.068,optimal
2021-02-13 15:30:00,65,2,1.1428571428571428,0.0,0.0,0.068,optimal
2021-02-13 16:00:00,65,2,0.0,0.0,0.0,0.068,optimal
2021-02-13 16:30:00,65,2,0.0,0.0,0.0,0.068,optimal
2021-02-13 17:00:00,65,2,0.0,0.0,0.0,0.068,optimal
2021-02-13 17:30:00,65,2,0.0,0.0,0.0,0.32466666666666666,optimal
2021-02-13 18:00:00,65,2,0.0,0.23222222222222222,0.0,1.1934333333333333,optimal
2021-02-13 18:30:00,65,2,0.0,0.1548148148148148,0.0,0.4191666666666667,optimal
2021-02-13 19:00:00,65,2,0.0,0.0,0.0,0.24530000000000002,optimal
2021-02-13 19:30:00,65,2,0.6084757133239022,0.0,0.0,0.378,optimal
2021-02-13 20:00:00,65,2,0.46807753171320887,0.0,0.0,0.40353333333333335,optimal
2021-02-13 20:30:00,65,2,0.0,0.0,0.0,0.35453333333333337,optimal
2021-02-13 21:00:00,65,2,0.0,0.0,0.0,0.36519999999999997,optimal
2021-02-13 21:30:00,65,2,0.0,0.1548148148148148,0.0,0.365,optimal
2021-02-13 22:00:00,65,2,0.0,0.0,0.0,0.4124,optimal
2021-02-13 22:30:00,65,2,0.0,0.1548148148148148,0.0,0.48293333333333327,optimal
2021-02-13 23:00:00,65,2,0.0,0.0,0.0,0.4293,optimal
2021-02-13 23:30:00,65,2,0.0,0.0,0.0,0.22066666666666662,optimal
2021-02-07 00:00:00,66,2,0.0,0.0,0.0,0.1175,optimal
2021-02-07 00:30:00,66,2,0.0,0.0,0.0,0.0723,optimal
2021-02-07 01:00:00,66,2,0.0,0.0,0.0,0.061,optimal
2021-02-07 01:30:00,66,2,0.0,0.0,0.0,0.17466666666666666,optimal
2021-02-07 02:00:00,66,2,0.0,0.0,0.0,0.061,optimal
2021-02-07 02:30:00,66,2,0.0,0.0,0.0,0.1753,optimal
2021-02-07 03:00:00,66,2,0.0,0.0,0.0,0.12816666666666665,optimal
2021-02-07 03:30:00,66,2,0.0,0.0,0.0,0.061,optimal
2021-02-07 04:00:00,66,2,1.1428571428571428,0.0,0.0,0.24246666666666666,optimal
2021-02-07 04:30:00,66,2,1.1428571428571428,0.0,0.0,0.061,optimal
2021-02-07 05:00:00,66,2,1.1428571428571428,0.0,0.0,0.1174,optimal
2021-02-07 05:30:00,66,2,1.1428571428571428,0.0,0.0,0.18606666666666663,optimal
2021-02-07 06:00:00,66,2,1.1428571428571428,0.5418518518518518,0.0,1.1714,optimal
2021-02-07 06:30:00,66,2,1.1428571428571428,0.387037037037037,0.0,1.3879333333333335,optimal
2021-02-07 07:00:00,66,2,1.1428571428571428,0.387037037037037,1.6063785740462473,0.37853333333333333,optimal
2021-02-07 07:30:00,66,2,0.0,0.0,0.0,0.060333333333333336,optimal
2021-02-07 08:00:00,66,2,0.0,0.0,0.0,0.12126666666666668,optimal
2021-02-07 08:30:00,66,2,0.3499106683361112,0.0,0.0,0.17703333333333332,optimal
2021-02-07 09:00:00,66,2,0.7419645184302643,0.0,0.0,0.06616666666666667,optimal
2021-02-07 09:30:00,66,2,0.7413017044737138,0.0,0.0,0.061,optimal
2021-02-07 10:00:00,66,2,0.6558853373583071,0.0,0.0,0.2048,optimal
2021-02-07 10:30:00,66,2,0.6904871557476217,0.0,0.0,0.09866666666666668,optimal
2021-02-07 11:00:00,66,2,0.6197776264763725,0.0,0.0,0.16293333333333335,optimal
2021-02-07 11:30:00,66,2,0.6261776264763739,0.0,0.0,0.14053333333333334,optimal
2021-02-07 12:00:00,66,2,0.6100407072135386,0.0,0.0,0.061,optimal
2021-02-07 12:30:00,66,2,0.43698356435639774,0.0774074074074074,0.0,0.3727,optimal
2021-02-07 13:00:00,66,2,1.1428571428571428,0.23222222222222222,0.0,0.23116666666666663,optimal
2021-02-07 13:30:00,66,2,1.1428571428571428,0.0,0.0,0.2064,optimal
2021-02-07 14:00:00,66,2,1.1428571428571428,0.0,0.0,0.28576666666666667,optimal
2021-02-07 14:30:00,66,2,1.1428571428571428,0.3096296296296296,0.0,0.28,optimal
2021-02-07 15:00:00,66,2,1.1428571428571428,0.0,0.0,0.1288,optimal
2021-02-07 15:30:00,66,2,1.1428571428571428,0.0774074074074074,0.0,0.2874333333333333,optimal
2021-02-07 16:00:00,66,2,0.0,0.3096296296296296,0.0,0.2912,optimal
2021-02-07 16:30:00,66,2,0.0,0.23222222222222222,0.0,0.5833333333333334,optimal
2021-02-07 17:00:00,66,2,0.0,0.23222222222222222,0.0,0.32963333333333333,optimal
2021-02-07 17:30:00,66,2,0.0,0.23222222222222222,0.0,0.2877,optimal
2021-02-07 18:00:00,66,2,0.0,0.6966666666666667,0.0,0.4305333333333334,optimal
2021-02-07 18:30:00,66,2,0.0,0.46444444444444444,0.0,0.4781333333333333,optimal
2021-02-07 19:00:00,66,2,0.0,0.1548148148148148,0.0,0.2623666666666667,optimal
2021-02-07 19:30:00,66,2,0.5511924521647232,0.0,0.0,0.21856666666666663,optimal
2021-02-07 20:00:00,66,2,0.7563899081007756,0.0,0.0,0.1162,optimal
2021-02-07 20:30:00,66,2,0.0,0.0,0.0,0.10909999999999999,optimal
2021-02-07 21:00:00,66,2,0.0,0.0,0.0,0.188,optimal
2021-02-07 21:30:00,66,2,0.0,0.0,0.0,0.21563333333333332,optimal
2021-02-07 22:00:00,66,2,0.0,0.0,0.0,0.33173333333333327,optimal
2021-02-07 22:30:00,66,2,0.0,0.0,0.0,0.2054,optimal
2021-02-07 23:00:00,66,2,0.0,0.3096296296296296,0.0,0.1602333333333333,optimal
2021-02-07 23:30:00,66,2,0.0,0.0,0.0,0.23366666666666663,optimal
2021-02-08 00:00:00,66,2,0.0,0.0,0.0,0.06,optimal
2021-02-08 00:30:00,66,2,0.0,0.0,0.0,0.06,optimal
2021-02-08 01:00:00,66,2,0.12634093345674155,0.0,0.0,0.06,optimal
2021-02-08 01:30:00,66,2,1.1428571428571428,0.0,0.0,0.06,optimal
2021-02-08 02:00:00,66,2,1.1428571428571428,0.0,0.0,0.06,optimal
2021-02-08 02:30:00,66,2,1.1428571428571428,0.0,0.0,0.06,optimal
2021-02-08 03:00:00,66,2,1.1428571428571428,0.0,0.0,0.06,optimal
2021-02-08 03:30:00,66,2,1.1428571428571428,0.0,0.0,0.06,optimal
2021-02-08 04:00:00,66,2,1.1428571428571428,0.0,0.0,0.06,optimal
2021-02-08 04:30:00,66,2,1.1428571428571428,0.0,0.0,0.06,optimal
2021-02-08 05:00:00,66,2,1.1428571428571428,0.0,0.0,0.06,optimal
2021-02-08 05:30:00,66,2,1.1428571428571428,0.0,0.994546067240872,0.06,optimal
2021-02-08 06:00:00,66,2,1.1428571428571428,0.0,10.0,0.06,optimal
2021-02-08 06:30:00,66,2,1.1428571428571428,0.0,10.0,0.06,optimal
2021-02-08 07:00:00,66,2,1.1428571428571428,2.3222222222222215,10.0,0.2361,optimal
2021-02-08 07:30:00,66,2,1.1428571428571428,0.0,0.0,0.068,optimal
2021-02-08 08:00:00,66,2,0.38069596706779757,0.387037037037037,0.0,1.5714333333333335,optimal
2021-02-08 08:30:00,66,2,0.7199777854571149,0.46444444444444444,0.0,0.1757,optimal
2021-02-08 09:00:00,66,2,0.6320747531988179,0.46444444444444444,0.0,0.3888333333333333,optimal
2021-02-08 09:30:00,66,2,0.4275148827577165,0.0,0.0,1.2511333333333334,optimal
2021-02-08 10:00:00,66,2,0.45149317686483126,0.0,0.0,0.3897,optimal
2021-02-08 10:30:00,66,2,0.4600378092107054,0.0774074074074074,0.0,0.3736666666666667,optimal
2021-02-08 11:00:00,66,2,0.3761163145901343,0.0,0.0,0.3193666666666667,optimal
2021-02-08 11:30:00,66,2,0.3813811628674938,0.3096296296296296,0.0,0.216,optimal
2021-02-08 12:00:00,66,2,0.2562547406263814,0.1548148148148148,0.0,1.0298,optimal
2021-02-08 12:30:00,66,2,0.3241749133715765,0.23222222222222222,0.0,1.0710666666666666,optimal
2021-02-08 13:00:00,66,2,1.1428571428571428,0.0,0.0,0.2925,optimal
2021-02-08 13:30:00,66,2,1.1428571428571428,0.23222222222222222,0.0,0.4218,optimal
2021-02-08 14:00:00,66,2,1.1428571428571428,0.3096296296296296,0.0,0.6504666666666667,optimal
2021-02-08 14:30:00,66,2,1.1428571428571428,0.0774074074074074,0.0,1.2935666666666665,optimal
2021-02-08 15:00:00,66,2,1.1428571428571428,0.23222222222222222,0.0,0.13853333333333334,optimal
2021-02-08 15:30:00,66,2,1.1428571428571428,0.0,0.0,0.13553333333333334,optimal
2021-02-08 16:00:00,66,2,0.0,0.387037037037037,0.0,0.21309999999999998,optimal
2021-02-08 16:30:00,66,2,0.0,0.6192592592592592,0.0,0.22513333333333332,optimal
2021-02-08 17:00:00,66,2,0.0,0.23222222222222222,0.0,0.3851,optimal
2021-02-08 17:30:00,66,2,0.0,0.23222222222222222,0.0,0.207,optimal
2021-02-08 18:00:00,66,2,0.0,0.23222222222222222,0.0,0.21646666666666667,optimal
2021-02-08 18:30:00,66,2,0.0,0.0,0.0,0.16026666666666667,optimal
2021-02-08 19:00:00,66,2,0.0,0.1548148148148148,0.0,0.18616666666666662,optimal
2021-02-08 19:30:00,66,2,0.0,0.0,0.0,0.08746666666666666,optimal
2021-02-08 20:00:00,66,2,0.5647305880881244,0.0,0.0,0.07759999999999999,optimal
2021-02-08 20:30:00,66,2,0.0,0.23222222222222222,0.0,0.08293333333333333,optimal
2021-02-08 21:00:00,66,2,0.0,0.0,0.0,0.10640000000000001,optimal
2021-02-08 21:30:00,66,2,0.0,0.2740222222222222,0.0,0.13543333333333335,optimal
2021-02-08 22:00:00,66,2,0.0,0.035607407407407414,0.0,0.207,optimal
2021-02-08 22:30:00,66,2,0.0,0.0,0.0,0.44523333333333337,optimal
2021-02-08 23:00:00,66,2,0.0,0.0,0.0,0.068,optimal
2021-02-08 23:30:00,66,2,0.0,0.0,0.0,0.1772,optimal
2021-02-09 00:00:00,66,2,0.0,0.0,0.0,0.062,optimal
2021-02-09 00:30:00,66,2,0.0,0.0,0.0,0.07486666666666666,optimal
2021-02-09 01:00:00,66,2,0.3776472151282424,0.0,0.0,0.19066666666666662,optimal
2021-02-09 01:30:00,66,2,1.1428571428571428,0.0,0.0,0.062,optimal
2021-02-09 02:00:00,66,2,1.1428571428571428,0.0,0.0,0.13276666666666667,optimal
2021-02-09 02:30:00,66,2,1.1428571428571428,0.0,0.0,0.13276666666666667,optimal
2021-02-09 03:00:00,66,2,1.1428571428571428,0.0,0.0,0.062,optimal
2021-02-09 03:30:00,66,2,1.1428571428571428,0.0,0.0,0.16493333333333335,optimal
2021-02-09 04:00:00,66,2,1.1428571428571428,0.0,0.0,0.1006,optimal
2021-02-09 04:30:00,66,2,1.1428571428571428,0.0,0.0,0.062,optimal
2021-02-09 05:00:00,66,2,1.1428571428571428,0.0,0.0,0.20353333333333334,optimal
2021-02-09 05:30:00,66,2,1.1428571428571428,0.0,0.0,0.062,optimal
2021-02-09 06:00:00,66,2,1.1428571428571428,0.0,4.884071616427892,0.06843333333333333,optimal
2021-02-09 06:30:00,66,2,1.1428571428571428,0.0,10.0,0.2001,optimal
2021-02-09 07:00:00,66,2,1.1428571428571428,3.0188888888888883,10.0,0.8988333333333334,optimal
2021-02-09 07:30:00,66,2,1.1428571428571428,0.0774074074074074,0.0,0.6613333333333333,optimal
2021-02-09 08:00:00,66,2,0.7162551897144483,0.23222222222222222,0.0,0.1806333333333333,optimal
2021-02-09 08:30:00,66,2,0.689923890701907,0.0,0.0,0.099,optimal
2021-02-09 09:00:00,66,2,0.632904270825393,0.0774074074074074,0.0,0.10503333333333331,optimal
2021-02-09 09:30:00,66,2,0.5781588156574724,0.0,0.0,0.9825333333333331,optimal
2021-02-09 10:00:00,66,2,0.4753617930034792,0.23222222222222222,0.0,0.2374,optimal
2021-02-09 10:30:00,66,2,0.5123810565540153,0.0,0.0,0.11706666666666667,optimal
2021-02-09 11:00:00,66,2,0.3925401156485952,0.23222222222222222,0.0,0.22119999999999998,optimal
2021-02-09 11:30:00,66,2,0.3409534921682243,0.0,0.0,0.39426666666666665,optimal
2021-02-09 12:00:00,66,2,0.3724357562223563,0.0774074074074074,0.0,0.0872,optimal
2021-02-09 12:30:00,66,2,0.3103842844646254,0.23222222222222222,0.0,0.18803333333333333,optimal
2021-02-09 13:00:00,66,2,0.4914202680467216,0.5418518518518518,0.0,0.18266666666666662,optimal
2021-02-09 13:30:00,66,2,1.1428571428571428,0.7167925925925925,0.0,0.3521666666666667,optimal
2021-02-09 14:00:00,66,2,1.1428571428571428,1.528022222222222,0.0,0.3158,optimal
2021-02-09 14:30:00,66,2,1.1428571428571428,0.0,0.0,0.33,optimal
2021-02-09 15:00:00,66,2,1.1428571428571428,2.3222222222222215,0.0,0.4428333333333333,optimal
2021-02-09 15:30:00,66,2,1.1428571428571428,0.0,0.0,0.37960000000000005,optimal
2021-02-09 16:00:00,66,2,0.0,0.1548148148148148,0.0,0.6124333333333333,optimal
2021-02-09 16:30:00,66,2,0.0,0.1548148148148148,0.0,1.7274,optimal
2021-02-09 17:00:00,66,2,0.0,3.0188888888888883,0.0,0.3241,optimal
2021-02-09 17:30:00,66,2,0.0,0.46444444444444444,0.0,0.5374333333333333,optimal
2021-02-09 18:00:00,66,2,0.0,2.631851851851852,0.0,0.2799,optimal
2021-02-09 18:30:00,66,2,0.0,0.6192592592592592,0.0,1.849,optimal
2021-02-09 19:00:00,66,2,0.0,0.3096296296296296,0.0,0.7241333333333333,optimal
2021-02-09 19:30:00,66,2,0.0,0.1548148148148148,0.0,1.5467666666666668,optimal
2021-02-09 20:00:00,66,2,0.0,0.0,0.0,0.8055333333333333,optimal
2021-02-09 20:30:00,66,2,0.0,0.0,0.0,0.5574666666666667,optimal
2021-02-09 21:00:00,66,2,0.0,0.0,0.0,1.1870999999999998,optimal
2021-02-09 21:30:00,66,2,0.0,0.0,0.0,0.6049666666666667,optimal
2021-02-09 22:00:00,66,2,0.0,0.0,0.0,0.4288333333333333,optimal
2021-02-09 22:30:00,66,2,0.0,0.0,0.0,0.13496666666666668,optimal
2021-02-09 23:00:00,66,2,0.0,0.0,0.0,0.18136666666666668,optimal
2021-02-09 23:30:00,66,2,0.0,0.0,0.0,0.09916666666666668,optimal
2021-02-10 00:00:00,66,2,0.0,0.0,0.0,0.05,optimal
2021-02-10 00:30:00,66,2,0.0,0.0,0.0,0.05,optimal
2021-02-10 01:00:00,66,2,0.0,0.0,0.0,0.05,optimal
2021-02-10 01:30:00,66,2,0.5748621297209386,0.0,0.0,0.05,optimal
2021-02-10 02:00:00,66,2,1.1428571428571428,0.0,0.0,0.05,optimal
2021-02-10 02:30:00,66,2,1.1428571428571428,0.0,0.0,0.05,optimal
2021-02-10 03:00:00,66,2,1.1428571428571428,0.0,0.0,0.05,optimal
2021-02-10 03:30:00,66,2,1.1428571428571428,0.0,0.0,0.05,optimal
2021-02-10 04:00:00,66,2,1.1428571428571428,0.0,0.0,0.05,optimal
2021-02-10 04:30:00,66,2,1.1428571428571428,0.0,0.0,0.05,optimal
2021-02-10 05:00:00,66,2,1.1428571428571428,0.0,0.0,0.04933333333333333,optimal
2021-02-10 05:30:00,66,2,1.1428571428571428,0.387037037037037,0.0,0.048,optimal
2021-02-10 06:00:00,66,2,1.1428571428571428,0.46444444444444444,0.0,1.0172333333333332,optimal
2021-02-10 06:30:00,66,2,1.1428571428571428,0.23222222222222222,0.0,1.2746,optimal
2021-02-10 07:00:00,66,2,1.1428571428571428,1.315925925925926,8.302969164678796,0.4673,optimal
2021-02-10 07:30:00,66,2,1.1428571428571428,0.387037037037037,0.0,0.2049,optimal
2021-02-10 08:00:00,66,2,0.6149426329253955,0.387037037037037,0.0,0.201,optimal
2021-02-10 08:30:00,66,2,0.5810437580515433,0.0,0.0,0.201,optimal
2021-02-10 09:00:00,66,2,0.483909008807424,0.5418518518518518,0.0,0.24166666666666664,optimal
2021-02-10 09:30:00,66,2,0.46110537202880264,0.1548148148148148,0.0,0.21686666666666668,optimal
2021-02-10 10:00:00,66,2,0.31128530174698166,0.6192592592592592,0.0,0.5676,optimal
2021-02-10 10:30:00,66,2,0.31676352654397666,0.46444444444444444,0.0,0.41836666666666666,optimal
2021-02-10 11:00:00,66,2,0.1836337312133714,0.387037037037037,0.0,0.33953333333333335,optimal
2021-02-10 11:30:00,66,2,0.1604319128240606,1.6255555555555554,0.0,0.23256666666666664,optimal
2021-02-10 12:00:00,66,2,0.02358339296583262,0.23222222222222222,0.0,1.6072666666666668,optimal
2021-02-10 12:30:00,66,2,0.001535773918218009,0.0,0.0,3.086233333333333,optimal
2021-02-10 13:00:00,66,2,1.1428571428571428,0.1548148148148148,10.0,1.6734666666666667,optimal
2021-02-10 13:30:00,66,2,1.1428571428571428,0.0,0.0,0.3782,optimal
2021-02-10 14:00:00,66,2,1.1428571428571428,0.1548148148148148,0.0,0.4046,optimal
2021-02-10 14:30:00,66,2,1.1428571428571428,0.0,0.0,0.23066666666666663,optimal
2021-02-10 15:00:00,66,2,1.1428571428571428,0.0,0.0,0.06,optimal
2021-02-10 15:30:00,66,2,1.1428571428571428,0.0,0.0,0.06,optimal
2021-02-10 16:00:00,66,2,0.0,0.0,0.0,0.06,optimal
2021-02-10 16:30:00,66,2,0.0,0.0,0.0,0.06,optimal
2021-02-10 17:00:00,66,2,0.0,0.774074074074074,0.0,0.5660333333333333,optimal
2021-02-10 17:30:00,66,2,0.0,0.0,0.0,0.35846666666666666,optimal
2021-02-10 18:00:00,66,2,0.0,0.46444444444444444,0.0,0.24656666666666663,optimal
2021-02-10 18:30:00,66,2,0.0,0.0774074074074074,0.0,0.5089666666666666,optimal
2021-02-10 19:00:00,66,2,0.0,0.1548148148148148,0.0,0.5678,optimal
2021-02-10 19:30:00,66,2,0.15118782712638748,0.387037037037037,0.0,0.3461666666666667,optimal
2021-02-10 20:00:00,66,2,0.555568701166843,0.0,0.0,0.3423333333333333,optimal
2021-02-10 20:30:00,66,2,0.0,0.0,0.0,0.2675666666666667,optimal
2021-02-10 21:00:00,66,2,0.0,5.65074074074074,0.0,0.14333333333333334,optimal
2021-02-10 21:30:00,66,2,0.0,0.1548148148148148,0.0,0.24746666666666667,optimal
2021-02-10 22:00:00,66,2,0.0,0.0774074074074074,0.0,0.34276666666666666,optimal
2021-02-10 22:30:00,66,2,0.0,0.0,0.0,0.19353333333333333,optimal
2021-02-10 23:00:00,66,2,0.0,0.0,0.0,0.06706666666666666,optimal
2021-02-10 23:30:00,66,2,0.0,0.0,0.0,0.2763,optimal
2021-02-11 00:00:00,66,2,1.1428571428571428,0.0,0.0,0.062,optimal
2021-02-11 00:30:00,66,2,1.1428571428571428,0.0,0.0,0.062,optimal
2021-02-11 01:00:00,66,2,1.1428571428571428,0.0,0.0,0.062,optimal
2021-02-11 01:30:00,66,2,1.1428571428571428,0.0,0.0,0.166,optimal
2021-02-11 02:00:00,66,2,1.1428571428571428,0.0,0.0,0.101,optimal
2021-02-11 02:30:00,66,2,1.1428571428571428,0.0,0.0,0.062,optimal
2021-02-11 03:00:00,66,2,1.1428571428571428,0.0,0.0,0.1335,optimal
2021-02-11 03:30:00,66,2,1.1428571428571428,0.0,0.0,0.1335,optimal
2021-02-11 04:00:00,66,2,1.1428571428571428,0.0,0.0,0.062,optimal
2021-02-11 04:30:00,66,2,1.1428571428571428,0.0,0.0,0.114,optimal
2021-02-11 05:00:00,66,2,1.1428571428571428,0.0,0.0,0.153,optimal
2021-02-11 05:30:00,66,2,1.1428571428571428,0.0,0.0,0.062,optimal
2021-02-11 06:00:00,66,2,1.1428571428571428,0.7941999999999999,0.0,0.06133333333333334,optimal
2021-02-11 06:30:00,66,2,1.1428571428571428,0.0,0.0,0.062,optimal
2021-02-11 07:00:00,66,2,1.1428571428571428,6.40468888888889,6.085932404364635,1.2827666666666668,optimal
2021-02-11 07:30:00,66,2,1.1428571428571428,0.651246676713062,0.0,1.1401,optimal
2021-02-11 08:00:00,66,2,0.9207925036986322,0.0,0.0,0.1565,optimal
2021-02-11 08:30:00,66,2,0.9346380884254586,0.0,0.0,0.1305,optimal
2021-02-11 09:00:00,66,2,0.8833788494749671,0.0,0.0,0.072,optimal
2021-02-11 09:30:00,66,2,0.7719345603370866,0.0,0.0,0.215,optimal
2021-02-11 10:00:00,66,2,0.6062613140601879,0.0,0.0,0.07133333333333333,optimal
2021-02-11 10:30:00,66,2,0.5804531767769952,0.0,0.0,0.1415,optimal
2021-02-11 11:00:00,66,2,0.52676265650985,0.0,0.0,0.14216666666666666,optimal
2021-02-11 11:30:00,66,2,0.5334394947804956,0.0,0.0,0.1045,optimal
2021-02-11 12:00:00,66,2,0.3907829379452797,0.0,0.0,0.1818333333333333,optimal
2021-02-11 12:30:00,66,2,0.3640615946052376,0.0774074074074074,0.0,0.07466666666666667,optimal
2021-02-11 13:00:00,66,2,1.1428571428571428,0.23222222222222222,0.0,0.2278,optimal
2021-02-11 13:30:00,66,2,1.1428571428571428,0.0774074074074074,0.0,0.26973333333333327,optimal
2021-02-11 14:00:00,66,2,1.1428571428571428,0.0,0.0,0.37423333333333336,optimal
2021-02-11 14:30:00,66,2,1.1428571428571428,0.23222222222222222,0.0,0.5073,optimal
2021-02-11 15:00:00,66,2,1.1428571428571428,0.1548148148148148,0.0,0.27476666666666666,optimal
2021-02-11 15:30:00,66,2,1.1428571428571428,0.0774074074074074,0.0,0.3670333333333334,optimal
2021-02-11 16:00:00,66,2,0.0,0.1548148148148148,0.0,0.5401,optimal
2021-02-11 16:30:00,66,2,0.0,0.1548148148148148,0.0,0.3605333333333334,optimal
2021-02-11 17:00:00,66,2,0.0,0.6192592592592592,0.0,0.39513333333333334,optimal
2021-02-11 17:30:00,66,2,0.0,0.0,0.0,0.26613333333333333,optimal
2021-02-11 18:00:00,66,2,0.0,0.3096296296296296,0.0,0.4378333333333333,optimal
2021-02-11 18:30:00,66,2,0.0,0.3096296296296296,0.0,0.46053333333333335,optimal
2021-02-11 19:00:00,66,2,0.0,0.23222222222222222,0.0,0.6901,optimal
2021-02-11 19:30:00,66,2,0.6948819554954802,0.0,0.0,0.37226666666666663,optimal
2021-02-11 20:00:00,66,2,0.8396474147075339,0.0,0.0,0.40903333333333336,optimal
2021-02-11 20:30:00,66,2,0.0,0.1548148148148148,0.0,0.5244666666666667,optimal
2021-02-11 21:00:00,66,2,0.0,0.23222222222222222,0.0,0.6557000000000001,optimal
2021-02-11 21:30:00,66,2,0.0,0.0,0.0,0.5039,optimal
2021-02-11 22:00:00,66,2,0.0,0.0,0.0,0.8246,optimal
2021-02-11 22:30:00,66,2,0.0,0.23222222222222222,0.0,0.432,optimal
2021-02-11 23:00:00,66,2,0.0,0.0,0.0,0.22503333333333334,optimal
2021-02-11 23:30:00,66,2,0.0,0.0,0.0,0.176,optimal
2021-02-12 00:00:00,66,2,1.1428571428571428,0.0,0.0,0.04833333333333333,optimal
2021-02-12 00:30:00,66,2,1.1428571428571428,0.0,0.0,0.05166666666666666,optimal
2021-02-12 01:00:00,66,2,1.1428571428571428,0.0,0.0,0.055,optimal
2021-02-12 01:30:00,66,2,1.1428571428571428,0.0,0.0,0.055,optimal
2021-02-12 02:00:00,66,2,1.1428571428571428,0.0,0.0,0.055,optimal
2021-02-12 02:30:00,66,2,1.1428571428571428,0.0,0.0,0.055,optimal
2021-02-12 03:00:00,66,2,1.1428571428571428,0.0,0.0,0.055,optimal
2021-02-12 03:30:00,66,2,1.1428571428571428,0.0,0.0,0.055,optimal
2021-02-12 04:00:00,66,2,1.1428571428571428,0.0,0.0,0.055,optimal
2021-02-12 04:30:00,66,2,1.1428571428571428,0.0,0.0,0.055,optimal
2021-02-12 05:00:00,66,2,1.1428571428571428,0.0,0.0,0.055,optimal
2021-02-12 05:30:00,66,2,1.1428571428571428,0.0,0.0,0.055,optimal
2021-02-12 06:00:00,66,2,1.1428571428571428,0.0,0.0,0.055,optimal
2021-02-12 06:30:00,66,2,1.1428571428571428,0.0,0.07666901801823506,0.055,optimal
2021-02-12 07:00:00,66,2,1.1428571428571428,0.23222222222222222,10.0,1.0135666666666667,optimal
2021-02-12 07:30:00,66,2,1.1428571428571428,7.426770642347881,0.0,0.174,optimal
2021-02-12 08:00:00,66,2,0.7863467053227317,0.3096296296296296,0.0,3.150533333333333,optimal
2021-02-12 08:30:00,66,2,0.7027208182918258,0.3096296296296296,0.0,1.2727,optimal
2021-02-12 09:00:00,66,2,0.5729755481032376,1.433585185185185,0.0,3.632733333333333,optimal
2021-02-12 09:30:00,66,2,0.6994298292527099,3.984933333333333,0.0,2.0202,optimal
2021-02-12 10:00:00,66,2,0.544130938890612,2.3826,0.0,0.2519,optimal
2021-02-12 10:30:00,66,2,0.4731179510476691,5.203325925925926,0.0,2.254966666666667,optimal
2021-02-12 11:00:00,66,2,0.4125690772336947,0.0,0.0,0.3493,optimal
2021-02-12 11:30:00,66,2,0.47711388232475765,0.0,0.0,0.10966666666666669,optimal
2021-02-12 12:00:00,66,2,0.4010545925251685,0.46444444444444444,0.0,0.16303333333333334,optimal
2021-02-12 12:30:00,66,2,0.3078013023781279,0.23222222222222222,0.0,2.1778000000000004,optimal
2021-02-12 13:00:00,66,2,1.1428571428571428,0.387037037037037,0.0,0.9938666666666668,optimal
2021-02-12 13:30:00,66,2,1.1428571428571428,0.387037037037037,0.0,0.8021333333333334,optimal
2021-02-12 14:00:00,66,2,1.1428571428571428,0.0,0.0,1.7810666666666666,optimal
2021-02-12 14:30:00,66,2,1.1428571428571428,0.0,0.0,0.12566666666666668,optimal
2021-02-12 15:00:00,66,2,1.1428571428571428,0.0,0.0,0.9371333333333333,optimal
2021-02-12 15:30:00,66,2,1.1428571428571428,0.0,0.0,3.4555,optimal
2021-02-12 16:00:00,66,2,0.0,0.387037037037037,0.0,0.2166,optimal
2021-02-12 16:30:00,66,2,0.0,0.0,0.0,0.16713333333333333,optimal
2021-02-12 17:00:00,66,2,0.0,0.1548148148148148,0.0,3.274966666666667,optimal
2021-02-12 17:30:00,66,2,0.0,0.5418518518518518,0.0,0.44723333333333337,optimal
2021-02-12 18:00:00,66,2,0.0,0.1548148148148148,0.0,0.053,optimal
2021-02-12 18:30:00,66,2,0.0,0.774074074074074,0.0,0.6712666666666667,optimal
2021-02-12 19:00:00,66,2,0.0,0.5418518518518518,0.0,1.6293333333333333,optimal
2021-02-12 19:30:00,66,2,0.2623713442031618,0.5418518518518518,0.0,1.8496333333333328,optimal
2021-02-12 20:00:00,66,2,0.6832956269513046,2.4770370370370367,0.0,0.48336666666666667,optimal
2021-02-12 20:30:00,66,2,0.0,0.0,0.0,2.3886666666666665,optimal
2021-02-12 21:00:00,66,2,0.0,0.1548148148148148,0.0,2.1286,optimal
2021-02-12 21:30:00,66,2,0.0,0.3096296296296296,0.0,0.206,optimal
2021-02-12 22:00:00,66,2,0.0,0.46444444444444444,0.0,1.4873666666666665,optimal
2021-02-12 22:30:00,66,2,0.0,0.0,0.0,0.9557,optimal
2021-02-12 23:00:00,66,2,0.0,0.0,0.0,0.055,optimal
2021-02-12 23:30:00,66,2,0.0,0.0,0.0,0.055,optimal
2021-02-13 00:00:00,66,2,0.0,0.0,0.0,0.064,optimal
2021-02-13 00:30:00,66,2,0.490619496212203,0.0,0.0,0.064,optimal
2021-02-13 01:00:00,66,2,1.1428571428571428,0.0,0.0,0.09333333333333331,optimal
2021-02-13 01:30:00,66,2,1.1428571428571428,0.0,0.0,0.10066666666666668,optimal
2021-02-13 02:00:00,66,2,1.1428571428571428,0.0,0.0,0.064,optimal
2021-02-13 02:30:00,66,2,1.1428571428571428,0.0,0.0,0.064,optimal
2021-02-13 03:00:00,66,2,1.1428571428571428,0.0,0.0,0.064,optimal
2021-02-13 03:30:00,66,2,1.1428571428571428,0.0,0.0,0.064,optimal
2021-02-13 04:00:00,66,2,1.1428571428571428,0.0,0.0,0.13,optimal
2021-02-13 04:30:00,66,2,1.1428571428571428,0.0,0.0,0.064,optimal
2021-02-13 05:00:00,66,2,1.1428571428571428,0.0,0.0,0.064,optimal
2021-02-13 05:30:00,66,2,1.1428571428571428,0.0,0.0,0.13,optimal
2021-02-13 06:00:00,66,2,1.1428571428571428,0.0,0.0,0.064,optimal
2021-02-13 06:30:00,66,2,1.1428571428571428,0.0,1.556286392331153,0.08233333333333333,optimal
2021-02-13 07:00:00,66,2,1.1428571428571428,0.0,10.0,0.11166666666666669,optimal
2021-02-13 07:30:00,66,2,1.1428571428571428,0.0,0.0,0.09333333333333331,optimal
2021-02-13 08:00:00,66,2,0.7261345789233237,0.9288888888888889,0.0,0.5601333333333334,optimal
2021-02-13 08:30:00,66,2,0.5368450983000939,0.6192592592592592,0.0,1.0148666666666668,optimal
2021-02-13 09:00:00,66,2,0.551439064691749,0.0,0.0,0.168,optimal
2021-02-13 09:30:00,66,2,0.5419440425279998,0.1548148148148148,0.0,0.2002,optimal
2021-02-13 10:00:00,66,2,0.5196341523155317,0.0,0.0,0.4293333333333333,optimal
2021-02-13 10:30:00,66,2,0.5348284812161195,0.0,0.0,0.4333333333333333,optimal
2021-02-13 11:00:00,66,2,0.4238430374797927,0.1548148148148148,0.0,0.3846,optimal
2021-02-13 11:30:00,66,2,0.3921268901898976,1.9351851851851851,0.0,0.8065333333333333,optimal
2021-02-13 12:00:00,66,2,0.2697324933777379,0.46444444444444444,0.0,1.3208666666666666,optimal
2021-02-13 12:30:00,66,2,0.2172906749884281,0.23222222222222222,0.0,0.7547999999999999,optimal
2021-02-13 13:00:00,66,2,0.3317149451967492,0.1548148148148148,0.0,0.322,optimal
2021-02-13 13:30:00,66,2,1.1428571428571428,0.0,0.0,1.7258666666666667,optimal
2021-02-13 14:00:00,66,2,1.1428571428571428,0.0,0.0,0.5114333333333333,optimal
2021-02-13 14:30:00,66,2,1.1428571428571428,0.0,0.0,0.3644,optimal
2021-02-13 15:00:00,66,2,1.1428571428571428,0.23222222222222222,0.0,0.2683333333333333,optimal
2021-02-13 15:30:00,66,2,1.1428571428571428,0.0,0.0,0.30243333333333333,optimal
2021-02-13 16:00:00,66,2,0.0,0.387037037037037,0.0,1.8818,optimal
2021-02-13 16:30:00,66,2,0.0,0.0,0.0,1.2349,optimal
2021-02-13 17:00:00,66,2,0.0,0.1548148148148148,0.0,0.2911333333333333,optimal
2021-02-13 17:30:00,66,2,0.0,0.5418518518518518,0.0,0.2947333333333333,optimal
2021-02-13 18:00:00,66,2,0.0,0.0774074074074074,0.0,0.7237666666666667,optimal
2021-02-13 18:30:00,66,2,0.0,0.0,0.0,0.5682333333333334,optimal
2021-02-13 19:00:00,66,2,0.0,0.0,0.0,2.0017333333333327,optimal
2021-02-13 19:30:00,66,2,0.0,0.0,0.0,1.9459000000000002,optimal
2021-02-13 20:00:00,66,2,0.0,0.0,0.0,2.1226333333333334,optimal
2021-02-13 20:30:00,66,2,0.0,0.0,0.0,0.7187333333333333,optimal
2021-02-13 21:00:00,66,2,0.0,0.0,0.0,0.5647666666666666,optimal
2021-02-13 21:30:00,66,2,0.0,0.0774074074074074,0.0,0.6321,optimal
2021-02-13 22:00:00,66,2,0.0,5.805555555555555,0.0,0.509,optimal
2021-02-13 22:30:00,66,2,0.0,0.0,0.0,0.49310000000000004,optimal
2021-02-13 23:00:00,66,2,0.0,1.7029629629629628,0.0,0.2872,optimal
2021-02-13 23:30:00,66,2,0.0,0.0,0.0,0.274,optimal
2021-02-07 00:00:00,67,2,0.0,0.0,0.0,0.06,optimal
2021-02-07 00:30:00,67,2,0.0,0.0,0.0,0.06,optimal
2021-02-07 01:00:00,67,2,0.0,0.0,0.0,0.1854,optimal
2021-02-07 01:30:00,67,2,0.0,0.0,0.0,0.06,optimal
2021-02-07 02:00:00,67,2,0.0,0.0,0.0,0.06,optimal
2021-02-07 02:30:00,67,2,0.0,0.0,0.0,0.1854,optimal
2021-02-07 03:00:00,67,2,0.0,0.0,0.0,0.06,optimal
2021-02-07 03:30:00,67,2,0.0,0.0,0.0,0.12840000000000001,optimal
2021-02-07 04:00:00,67,2,1.1428571428571428,0.0,0.0,0.117,optimal
2021-02-07 04:30:00,67,2,1.1428571428571428,0.0,0.0,0.06,optimal
2021-02-07 05:00:00,67,2,1.1428571428571428,0.0,0.0,0.06,optimal
2021-02-07 05:30:00,67,2,1.1428571428571428,0.0,0.0,0.06,optimal
2021-02-07 06:00:00,67,2,1.1428571428571428,0.0,0.0,0.1797,optimal
2021-02-07 06:30:00,67,2,1.1428571428571428,0.0,0.0,0.06570000000000001,optimal
2021-02-07 07:00:00,67,2,1.1428571428571428,0.0,1.8089900112525021,0.0999,optimal
2021-02-07 07:30:00,67,2,0.064247919224282,0.0774074074074074,0.0,0.15946666666666667,optimal
2021-02-07 08:00:00,67,2,0.6923822026805644,0.1548148148148148,0.0,0.102,optimal
2021-02-07 08:30:00,67,2,0.6191669213990311,0.0,0.0,0.8606,optimal
2021-02-07 09:00:00,67,2,0.6815778517636026,0.0,0.0,0.9161,optimal
2021-02-07 09:30:00,67,2,0.737273133045133,0.0,0.0,0.132,optimal
2021-02-07 10:00:00,67,2,0.6557653373583129,0.0,0.0,0.281,optimal
2021-02-07 10:30:00,67,2,0.691157631938093,0.0,0.0,0.2381,optimal
2021-02-07 11:00:00,67,2,0.6489871502858966,0.0,0.0,0.06,optimal
2021-02-07 11:30:00,67,2,0.6159395312382866,0.0774074074074074,0.0,0.07766666666666668,optimal
2021-02-07 12:00:00,67,2,0.5668883262611495,0.23222222222222222,0.0,0.059,optimal
2021-02-07 12:30:00,67,2,0.5127168976897226,0.46444444444444444,0.0,0.2539333333333333,optimal
2021-02-07 13:00:00,67,2,1.1428571428571428,0.0,0.0,1.4514666666666667,optimal
2021-02-07 13:30:00,67,2,1.1428571428571428,0.0,0.0,0.2522,optimal
2021-02-07 14:00:00,67,2,1.1428571428571428,0.387037037037037,0.0,0.059,optimal
2021-02-07 14:30:00,67,2,1.1428571428571428,0.1548148148148148,0.0,0.23946666666666666,optimal
2021-02-07 15:00:00,67,2,1.1428571428571428,0.0,0.0,0.17306666666666667,optimal
2021-02-07 15:30:00,67,2,1.1428571428571428,0.0,0.0,0.1906,optimal
2021-02-07 16:00:00,67,2,0.0,0.3096296296296296,0.0,0.09,optimal
2021-02-07 16:30:00,67,2,0.0,0.0,0.0,0.3405,optimal
2021-02-07 17:00:00,67,2,0.0,0.0,0.0,1.7895,optimal
2021-02-07 17:30:00,67,2,0.0,0.5418518518518518,0.0,0.3123,optimal
2021-02-07 18:00:00,67,2,0.0,0.0,0.0,0.4684,optimal
2021-02-07 18:30:00,67,2,0.0,0.387037037037037,0.0,0.32803333333333334,optimal
2021-02-07 19:00:00,67,2,0.0,0.23222222222222222,0.0,0.2746,optimal
2021-02-07 19:30:00,67,2,0.0,0.3096296296296296,0.0,0.4814666666666666,optimal
2021-02-07 20:00:00,67,2,0.39704794315349806,0.0,0.0,0.5166000000000001,optimal
2021-02-07 20:30:00,67,2,0.0,0.0,0.0,0.3767,optimal
2021-02-07 21:00:00,67,2,0.0,0.0,0.0,0.3988333333333333,optimal
2021-02-07 21:30:00,67,2,0.0,0.23222222222222222,0.0,0.2996666666666667,optimal
2021-02-07 22:00:00,67,2,0.0,0.0,0.0,0.3863666666666667,optimal
2021-02-07 22:30:00,67,2,0.0,0.0,0.0,0.33946666666666664,optimal
2021-02-07 23:00:00,67,2,0.0,0.0,0.0,0.07,optimal
2021-02-07 23:30:00,67,2,0.0,0.0,0.0,0.1431,optimal
2021-02-08 00:00:00,67,2,0.0,0.0,0.0,0.056,optimal
2021-02-08 00:30:00,67,2,0.0,0.0,0.0,0.056,optimal
2021-02-08 01:00:00,67,2,0.0,0.2740222222222222,0.0,0.13836666666666667,optimal
2021-02-08 01:30:00,67,2,0.0,2.7448666666666663,0.0,0.41836666666666666,optimal
2021-02-08 02:00:00,67,2,0.44782569472065914,0.0,0.0,0.12140000000000001,optimal
2021-02-08 02:30:00,67,2,1.1428571428571428,0.0,0.0,0.09093333333333334,optimal
2021-02-08 03:00:00,67,2,1.1428571428571428,0.23222222222222222,0.0,0.1792,optimal
2021-02-08 03:30:00,67,2,1.1428571428571428,0.1548148148148148,4.801090161945557,0.37460000000000004,optimal
2021-02-08 04:00:00,67,2,1.1428571428571428,0.46444444444444444,10.0,0.2738,optimal
2021-02-08 04:30:00,67,2,1.1428571428571428,0.0,0.0,1.1208666666666665,optimal
2021-02-08 05:00:00,67,2,1.1428571428571428,0.0,0.0,0.0824,optimal
2021-02-08 05:30:00,67,2,1.1428571428571428,0.0,0.0,0.22240000000000001,optimal
2021-02-08 06:00:00,67,2,1.1428571428571428,0.0,0.0,0.088,optimal
2021-02-08 06:30:00,67,2,1.1428571428571428,0.6192592592592592,0.0,0.104,optimal
2021-02-08 07:00:00,67,2,1.1428571428571428,0.387037037037037,0.0,0.2176,optimal
2021-02-08 07:30:00,67,2,1.1428571428571428,0.0,0.0,0.0722,optimal
2021-02-08 08:00:00,67,2,0.3501569194487511,0.6192592592592592,0.0,1.5589666666666666,optimal
2021-02-08 08:30:00,67,2,0.48629588069520546,0.387037037037037,0.0,0.8197666666666666,optimal
2021-02-08 09:00:00,67,2,0.6358890389131038,0.387037037037037,0.0,0.14959999999999998,optimal
2021-02-08 09:30:00,67,2,0.5479482160910466,0.0,0.0,0.49796666666666656,optimal
2021-02-08 10:00:00,67,2,0.500226510198163,0.1548148148148148,0.0,0.25,optimal
2021-02-08 10:30:00,67,2,0.4996435234964196,0.0,0.0,0.3683666666666667,optimal
2021-02-08 11:00:00,67,2,0.4358686955425156,0.0,0.0,0.2783,optimal
2021-02-08 11:30:00,67,2,0.4319525914389177,0.0,0.0,0.2841666666666667,optimal
2021-02-08 12:00:00,67,2,0.7255884749084841,0.23222222222222222,0.0,0.2901333333333333,optimal
2021-02-08 12:30:00,67,2,1.1428571428571428,0.0,0.0,0.1398,optimal
2021-02-08 13:00:00,67,2,1.1428571428571428,0.0,0.0,0.0701,optimal
2021-02-08 13:30:00,67,2,1.1428571428571428,0.0,0.0,0.1357,optimal
2021-02-08 14:00:00,67,2,1.1428571428571428,0.0,0.0,0.1485,optimal
2021-02-08 14:30:00,67,2,1.1428571428571428,0.0,0.0,0.14959999999999998,optimal
2021-02-08 15:00:00,67,2,1.1428571428571428,0.0,0.0,0.0947,optimal
2021-02-08 15:30:00,67,2,1.1428571428571428,0.0,0.0,0.0906,optimal
2021-02-08 16:00:00,67,2,0.0,0.0,0.0,0.1152,optimal
2021-02-08 16:30:00,67,2,0.0,0.0,0.0,0.0715,optimal
2021-02-08 17:00:00,67,2,0.0,0.0,0.0,0.1815,optimal
2021-02-08 17:30:00,67,2,0.0,0.0,0.0,0.32380000000000003,optimal
2021-02-08 18:00:00,67,2,0.0,0.0774074074074074,0.0,0.8112666666666667,optimal
2021-02-08 18:30:00,67,2,0.0,1.8206222222222221,0.0,1.8159,optimal
2021-02-08 19:00:00,67,2,0.0,1.2756740740740744,0.0,1.025766666666667,optimal
2021-02-08 19:30:00,67,2,0.5819793046338139,5.882962962962964,0.0,0.49460000000000004,optimal
2021-02-08 20:00:00,67,2,0.6418915560273055,0.23222222222222222,0.0,0.2369,optimal
2021-02-08 20:30:00,67,2,0.0,0.0,0.0,0.07546666666666667,optimal
2021-02-08 21:00:00,67,2,0.0,0.6192592592592592,0.0,0.5175333333333333,optimal
2021-02-08 21:30:00,67,2,0.0,0.0,0.0,0.1356,optimal
2021-02-08 22:00:00,67,2,0.0,0.23222222222222222,0.0,0.24923333333333328,optimal
2021-02-08 22:30:00,67,2,0.0,0.23222222222222222,0.0,0.236,optimal
2021-02-08 23:00:00,67,2,0.0,0.0774074074074074,0.0,0.3679666666666666,optimal
2021-02-08 23:30:00,67,2,0.0,0.0,0.0,0.1265,optimal
2021-02-09 00:00:00,67,2,0.0,0.0,0.0,0.22406666666666664,optimal
2021-02-09 00:30:00,67,2,0.0,0.0,0.0,0.059,optimal
2021-02-09 01:00:00,67,2,0.0,0.0,0.0,0.1979,optimal
2021-02-09 01:30:00,67,2,0.590016577684275,0.0,0.0,0.14276666666666668,optimal
2021-02-09 02:00:00,67,2,1.1428571428571428,0.0,0.0,0.059,optimal
2021-02-09 02:30:00,67,2,1.1428571428571428,0.0,0.0,0.059,optimal
2021-02-09 03:00:00,67,2,1.1428571428571428,0.0,0.0,0.22106666666666663,optimal
2021-02-09 03:30:00,67,2,1.1428571428571428,0.0,0.0,0.08593333333333333,optimal
2021-02-09 04:00:00,67,2,1.1428571428571428,0.0,0.0,0.09966666666666668,optimal
2021-02-09 04:30:00,67,2,1.1428571428571428,0.0,0.0,0.062,optimal
2021-02-09 05:00:00,67,2,1.1428571428571428,0.0,0.0,0.1266,optimal
2021-02-09 05:30:00,67,2,1.1428571428571428,0.1548148148148148,0.9729673600802801,0.59,optimal
2021-02-09 06:00:00,67,2,1.1428571428571428,0.0,10.0,1.0672000000000001,optimal
2021-02-09 06:30:00,67,2,1.1428571428571428,1.0837037037037036,10.0,0.17013333333333333,optimal
2021-02-09 07:00:00,67,2,1.1428571428571428,0.3096296296296296,0.0,0.12593333333333334,optimal
2021-02-09 07:30:00,67,2,1.1428571428571428,0.6192592592592592,0.0,0.46536666666666665,optimal
2021-02-09 08:00:00,67,2,0.5907409040001532,0.0,0.0,0.9796,optimal
2021-02-09 08:30:00,67,2,0.7928191287971504,0.0,0.0,0.22106666666666663,optimal
2021-02-09 09:00:00,67,2,0.7576566517777801,0.0,0.0,0.1196,optimal
2021-02-09 09:30:00,67,2,0.7389845299431833,0.0,0.0,0.14703333333333332,optimal
2021-02-09 10:00:00,67,2,0.6100189358606233,0.0,0.0,0.21063333333333334,optimal
2021-02-09 10:30:00,67,2,0.6397905803635415,0.0,0.0,0.069,optimal
2021-02-09 11:00:00,67,2,0.47332106802954604,0.0,0.0,0.2916666666666667,optimal
2021-02-09 11:30:00,67,2,0.53480111121584,0.0,0.0,0.069,optimal
2021-02-09 12:00:00,67,2,0.41613099431758915,0.0,0.0,0.25146666666666667,optimal
2021-02-09 12:30:00,67,2,0.45891761779795653,0.0,0.0,0.1022,optimal
2021-02-09 13:00:00,67,2,1.1428571428571428,0.0,0.0,0.1095,optimal
2021-02-09 13:30:00,67,2,1.1428571428571428,0.0,0.0,0.0691,optimal
2021-02-09 14:00:00,67,2,1.1428571428571428,0.0,0.0,0.2816666666666667,optimal
2021-02-09 14:30:00,67,2,1.1428571428571428,0.0,0.0,0.059,optimal
2021-02-09 15:00:00,67,2,1.1428571428571428,0.0,0.0,0.21936666666666668,optimal
2021-02-09 15:30:00,67,2,1.1428571428571428,0.387037037037037,0.0,0.8471000000000001,optimal
2021-02-09 16:00:00,67,2,0.0,0.0774074074074074,0.0,0.6102333333333333,optimal
2021-02-09 16:30:00,67,2,0.0,0.0,0.0,1.4779333333333333,optimal
2021-02-09 17:00:00,67,2,0.0,0.6192592592592592,0.0,1.4122666666666668,optimal
2021-02-09 17:30:00,67,2,0.0,0.1548148148148148,0.0,2.6835666666666667,optimal
2021-02-09 18:00:00,67,2,0.0,0.0,0.0,0.3913333333333333,optimal
2021-02-09 18:30:00,67,2,0.0,0.0,0.0,0.37696666666666656,optimal
2021-02-09 19:00:00,67,2,0.0,1.6255555555555554,0.0,0.2730666666666667,optimal
2021-02-09 19:30:00,67,2,0.0,1.6255555555555554,0.0,0.1138,optimal
2021-02-09 20:00:00,67,2,0.46652897841030533,0.0774074074074074,0.0,0.37410000000000004,optimal
2021-02-09 20:30:00,67,2,0.0,0.0,0.0,0.23406666666666665,optimal
2021-02-09 21:00:00,67,2,0.0,0.3096296296296296,0.0,0.45616666666666666,optimal
2021-02-09 21:30:00,67,2,0.0,0.0,0.0,0.3838333333333333,optimal
2021-02-09 22:00:00,67,2,0.0,0.23222222222222222,0.0,0.1707,optimal
2021-02-09 22:30:00,67,2,0.0,0.0,0.0,0.2981333333333333,optimal
2021-02-09 23:00:00,67,2,0.0,0.1548148148148148,0.0,0.34546666666666664,optimal
2021-02-09 23:30:00,67,2,0.0,0.0,0.0,0.069,optimal
2021-02-10 00:00:00,67,2,0.0,0.0,0.0,0.056,optimal
2021-02-10 00:30:00,67,2,0.0,0.0,0.0,0.056,optimal
2021-02-10 01:00:00,67,2,0.7982317804675202,0.0,0.0,0.056,optimal
2021-02-10 01:30:00,67,2,1.1428571428571428,0.0,0.0,0.18359999999999999,optimal
2021-02-10 02:00:00,67,2,1.1428571428571428,0.0,0.0,0.056,optimal
2021-02-10 02:30:00,67,2,1.1428571428571428,0.0,0.0,0.0676,optimal
2021-02-10 03:00:00,67,2,1.1428571428571428,0.0,0.0,0.172,optimal
2021-02-10 03:30:00,67,2,1.1428571428571428,0.0,0.0,0.056,optimal
2021-02-10 04:00:00,67,2,1.1428571428571428,0.0,0.0,0.16040000000000001,optimal
2021-02-10 04:30:00,67,2,1.1428571428571428,0.0,0.0,0.0792,optimal
2021-02-10 05:00:00,67,2,1.1428571428571428,0.0,0.0,0.056,optimal
2021-02-10 05:30:00,67,2,1.1428571428571428,0.0,0.0,0.056,optimal
2021-02-10 06:00:00,67,2,1.1428571428571428,0.0,0.0,0.18359999999999999,optimal
2021-02-10 06:30:00,67,2,1.1428571428571428,0.0,0.4483345186850323,0.056,optimal
2021-02-10 07:00:00,67,2,1.1428571428571428,0.0,10.0,1.1093,optimal
2021-02-10 07:30:00,67,2,1.1428571428571428,0.23222222222222222,0.0,1.1715,optimal
2021-02-10 08:00:00,67,2,0.7393235853063437,0.0,0.0,0.0592,optimal
2021-02-10 08:30:00,67,2,0.6484723294801085,0.6966666666666667,0.0,0.13040000000000002,optimal
2021-02-10 09:00:00,67,2,0.5733851992836158,0.46444444444444444,0.0,0.11086666666666666,optimal
2021-02-10 09:30:00,67,2,0.5679244196478523,0.0,0.0,0.0702,optimal
2021-02-10 10:00:00,67,2,0.4088376826993655,0.0,0.0,0.1966,optimal
2021-02-10 10:30:00,67,2,0.447525431305884,0.1548148148148148,0.0,0.069,optimal
2021-02-10 11:00:00,67,2,0.3726908740705101,0.1548148148148148,0.0,0.1386,optimal
2021-02-10 11:30:00,67,2,0.3773919128240663,0.0,0.0,1.3549333333333333,optimal
2021-02-10 12:00:00,67,2,0.4092310120134584,0.0774074074074074,0.0,0.058,optimal
2021-02-10 12:30:00,67,2,0.32390529772774707,0.0,0.0,1.5003333333333333,optimal
2021-02-10 13:00:00,67,2,1.1428571428571428,0.0,0.0,0.3427,optimal
2021-02-10 13:30:00,67,2,1.1428571428571428,0.0,0.0,0.16446666666666668,optimal
2021-02-10 14:00:00,67,2,1.1428571428571428,0.1548148148148148,0.0,1.6498,optimal
2021-02-10 14:30:00,67,2,1.1428571428571428,0.9288888888888889,0.0,1.0212999999999999,optimal
2021-02-10 15:00:00,67,2,1.1428571428571428,0.0,0.0,0.12223333333333332,optimal
2021-02-10 15:30:00,67,2,1.1428571428571428,0.387037037037037,0.0,0.3494,optimal
2021-02-10 16:00:00,67,2,0.0,0.0774074074074074,0.0,0.34586666666666666,optimal
2021-02-10 16:30:00,67,2,0.0,0.23222222222222222,0.0,1.4155,optimal
2021-02-10 17:00:00,67,2,0.0,0.0,0.0,0.17116666666666666,optimal
2021-02-10 17:30:00,67,2,0.0,0.0,0.0,0.17733333333333334,optimal
2021-02-10 18:00:00,67,2,0.0,0.5418518518518518,0.0,1.0011666666666665,optimal
2021-02-10 18:30:00,67,2,0.0,0.387037037037037,0.0,0.9843,optimal
2021-02-10 19:00:00,67,2,0.0,0.0,0.0,0.9311666666666666,optimal
2021-02-10 19:30:00,67,2,0.08714462563430048,0.0,0.0,0.6221333333333333,optimal
2021-02-10 20:00:00,67,2,0.5507591773573237,0.0,0.0,0.6015,optimal
2021-02-10 20:30:00,67,2,0.0,0.0,0.0,0.2977666666666666,optimal
2021-02-10 21:00:00,67,2,0.0,0.0,0.0,0.1752,optimal
2021-02-10 21:30:00,67,2,0.0,2.0899999999999994,0.0,0.1918,optimal
2021-02-10 22:00:00,67,2,0.0,0.0,0.0,0.288,optimal
2021-02-10 22:30:00,67,2,0.0,0.23222222222222222,0.0,1.513266666666667,optimal
2021-02-10 23:00:00,67,2,0.0,0.0,0.0,0.066,optimal
2021-02-10 23:30:00,67,2,0.0,0.0,0.0,0.15480000000000002,optimal
2021-02-11 00:00:00,67,2,1.1428571428571428,0.0,0.0,0.10546666666666668,optimal
2021-02-11 00:30:00,67,2,1.1428571428571428,0.0,0.0,0.06173333333333333,optimal
2021-02-11 01:00:00,67,2,1.1428571428571428,0.0,0.0,0.1554,optimal
2021-02-11 01:30:00,67,2,1.1428571428571428,0.0,0.0,0.12646666666666667,optimal
2021-02-11 02:00:00,67,2,1.1428571428571428,0.0,0.0,0.059,optimal
2021-02-11 02:30:00,67,2,1.1428571428571428,0.0,0.0,0.1254,optimal
2021-02-11 03:00:00,67,2,1.1428571428571428,0.0,0.0,0.15646666666666667,optimal
2021-02-11 03:30:00,67,2,1.1428571428571428,0.0,0.0,0.059,optimal
2021-02-11 04:00:00,67,2,1.1428571428571428,0.0,0.0,0.06720000000000001,optimal
2021-02-11 04:30:00,67,2,1.1428571428571428,0.0,0.0,0.21466666666666662,optimal
2021-02-11 05:00:00,67,2,1.1428571428571428,0.0,0.0,0.059,optimal
2021-02-11 05:30:00,67,2,1.1428571428571428,0.0,0.0,0.059,optimal
2021-02-11 06:00:00,67,2,1.1428571428571428,0.0,0.0,0.06633333333333333,optimal
2021-02-11 06:30:00,67,2,1.1428571428571428,0.0,0.0,0.18366666666666662,optimal
2021-02-11 07:00:00,67,2,1.1428571428571428,0.0,7.836741608834,0.11286666666666666,optimal
2021-02-11 07:30:00,67,2,1.1428571428571428,1.8649795879651105,0.0,0.059,optimal
2021-02-11 08:00:00,67,2,0.8201544084605435,0.23222222222222222,0.0,0.2508666666666667,optimal
2021-02-11 08:30:00,67,2,0.8048095169968881,0.6192592592592592,0.0,2.227,optimal
2021-02-11 09:00:00,67,2,0.7356169447130713,0.5418518518518518,0.0,0.2928,optimal
2021-02-11 09:30:00,67,2,0.6626945603370751,0.0,0.0,1.6284666666666667,optimal
2021-02-11 10:00:00,67,2,0.4984441712030408,0.1548148148148148,0.0,0.7621333333333333,optimal
2021-02-11 10:30:00,67,2,0.4049341291579557,0.0,0.0,0.8329,optimal
2021-02-11 11:00:00,67,2,0.5763245612717438,0.0,0.0,0.069,optimal
2021-02-11 11:30:00,67,2,0.5442394947805047,0.0,0.0,0.069,optimal
2021-02-11 12:00:00,67,2,0.14341359818063107,0.0774074074074074,0.0,1.7736333333333334,optimal
2021-02-11 12:30:00,67,2,1.1428571428571428,0.387037037037037,0.0,1.904733333333333,optimal
2021-02-11 13:00:00,67,2,1.1428571428571428,0.0,0.0,0.31856666666666666,optimal
2021-02-11 13:30:00,67,2,1.1428571428571428,0.46444444444444444,0.0,2.5564666666666667,optimal
2021-02-11 14:00:00,67,2,1.1428571428571428,0.1548148148148148,0.0,2.362333333333333,optimal
2021-02-11 14:30:00,67,2,1.1428571428571428,0.3096296296296296,0.0,0.28203333333333336,optimal
2021-02-11 15:00:00,67,2,1.1428571428571428,0.0,0.0,2.5,optimal
2021-02-11 15:30:00,67,2,1.1428571428571428,0.0,0.0,2.5329333333333333,optimal
2021-02-11 16:00:00,67,2,0.0,0.0,0.0,2.5463666666666667,optimal
2021-02-11 16:30:00,67,2,0.0,0.0,0.0,0.069,optimal
2021-02-11 17:00:00,67,2,0.0,0.0,0.0,0.22193333333333332,optimal
2021-02-11 17:30:00,67,2,0.0,0.0,0.0,0.07993333333333334,optimal
2021-02-11 18:00:00,67,2,0.0,0.0,0.0,0.10806666666666666,optimal
2021-02-11 18:30:00,67,2,0.0,0.3096296296296296,0.0,1.4715666666666667,optimal
2021-02-11 19:00:00,67,2,0.0,0.23222222222222222,0.0,0.4524666666666666,optimal
2021-02-11 19:30:00,67,2,0.8354509628311523,0.23222222222222222,0.0,2.0088,optimal
2021-02-11 20:00:00,67,2,0.7768721766123026,0.6192592592592592,0.0,1.3810666666666667,optimal
2021-02-11 20:30:00,67,2,0.0,0.1548148148148148,0.0,1.5852666666666668,optimal
2021-02-11 21:00:00,67,2,0.0,0.0774074074074074,0.0,0.40073333333333333,optimal
2021-02-11 21:30:00,67,2,0.0,0.3096296296296296,0.0,2.508,optimal
2021-02-11 22:00:00,67,2,0.0,1.433585185185185,0.0,2.079466666666667,optimal
2021-02-11 22:30:00,67,2,0.0,0.0,0.0,0.1577333333333333,optimal
2021-02-11 23:00:00,67,2,0.0,0.0,0.0,0.11133333333333331,optimal
2021-02-11 23:30:00,67,2,0.0,0.0,0.0,0.10693333333333334,optimal
2021-02-12 00:00:00,67,2,1.1428571428571428,0.0,0.0,0.6379333333333332,optimal
2021-02-12 00:30:00,67,2,1.1428571428571428,0.0,0.0,0.059,optimal
2021-02-12 01:00:00,67,2,1.1428571428571428,0.0,0.0,0.2042,optimal
2021-02-12 01:30:00,67,2,1.1428571428571428,0.0,0.0,0.059,optimal
2021-02-12 02:00:00,67,2,1.1428571428571428,0.0,0.0,0.059,optimal
2021-02-12 02:30:00,67,2,1.1428571428571428,0.0,0.0,0.2042,optimal
2021-02-12 03:00:00,67,2,1.1428571428571428,0.0,0.0,0.8863333333333334,optimal
2021-02-12 03:30:00,67,2,1.1428571428571428,0.0,0.0,1.5546666666666666,optimal
2021-02-12 04:00:00,67,2,1.1428571428571428,0.0,0.0,0.1976,optimal
2021-02-12 04:30:00,67,2,1.1428571428571428,0.0,0.0,0.059,optimal
2021-02-12 05:00:00,67,2,1.1428571428571428,0.0,0.0,0.1976,optimal
2021-02-12 05:30:00,67,2,1.1428571428571428,0.0,0.0,0.06559999999999999,optimal
2021-02-12 06:00:00,67,2,1.1428571428571428,0.0,7.031365260135524,0.059,optimal
2021-02-12 06:30:00,67,2,1.1428571428571428,0.0,10.0,0.4723333333333333,optimal
2021-02-12 07:00:00,67,2,1.1428571428571428,0.3096296296296296,10.0,0.20286666666666667,optimal
2021-02-12 07:30:00,67,2,1.1428571428571428,7.175921114621825,0.0,0.058333333333333334,optimal
2021-02-12 08:00:00,67,2,0.7582324196084458,0.8514814814814814,0.0,2.9025,optimal
2021-02-12 08:30:00,67,2,0.8099703421013467,0.387037037037037,0.0,0.2386,optimal
2021-02-12 09:00:00,67,2,0.6898469766746612,0.46444444444444444,0.0,0.2522333333333333,optimal
2021-02-12 09:30:00,67,2,0.1913355435384223,1.006296296296296,0.0,5.175766666666666,optimal
2021-02-12 10:00:00,67,2,0.29317665317633346,0.6966666666666667,0.0,1.5245666666666666,optimal
2021-02-12 10:30:00,67,2,0.36133128438099754,0.6966666666666667,0.0,1.8878,optimal
2021-02-12 11:00:00,67,2,0.19142431532893475,0.1548148148148148,0.0,0.7228,optimal
2021-02-12 11:30:00,67,2,0.14225483470571473,0.0,0.0,0.8615,optimal
2021-02-12 12:00:00,67,2,0.1953288782394541,0.23222222222222222,0.0,1.1034000000000002,optimal
2021-02-12 12:30:00,67,2,0.3346027087689063,0.0774074074074074,0.0,1.1499000000000001,optimal
2021-02-12 13:00:00,67,2,1.1428571428571428,0.3096296296296296,0.0,1.9310666666666665,optimal
2021-02-12 13:30:00,67,2,1.1428571428571428,0.0774074074074074,0.0,0.22126666666666667,optimal
2021-02-12 14:00:00,67,2,1.1428571428571428,0.0,0.0,0.2471,optimal
2021-02-12 14:30:00,67,2,1.1428571428571428,0.0,0.0,0.069,optimal
2021-02-12 15:00:00,67,2,1.1428571428571428,0.0,0.0,0.069,optimal
2021-02-12 15:30:00,67,2,1.1428571428571428,0.0,0.0,0.2076,optimal
2021-02-12 16:00:00,67,2,0.0,0.0,0.0,0.0736,optimal
2021-02-12 16:30:00,67,2,0.0,0.23222222222222222,0.0,0.067,optimal
2021-02-12 17:00:00,67,2,0.0,0.6192592592592592,0.0,2.1611333333333334,optimal
2021-02-12 17:30:00,67,2,0.0,0.0,0.0,0.9872666666666667,optimal
2021-02-12 18:00:00,67,2,0.0,0.774074074074074,0.0,2.245,optimal
2021-02-12 18:30:00,67,2,0.0,0.46444444444444444,0.0,1.2265,optimal
2021-02-12 19:00:00,67,2,0.0,0.5418518518518518,0.0,0.552,optimal
2021-02-12 19:30:00,67,2,0.5751842847524691,2.4770370370370367,0.0,1.7752000000000001,optimal
2021-02-12 20:00:00,67,2,0.6705689602846309,0.0,0.0,0.2329,optimal
2021-02-12 20:30:00,67,2,0.0,0.23222222222222222,0.0,0.3159666666666666,optimal
2021-02-12 21:00:00,67,2,0.0,2.5544444444444445,0.0,1.0349333333333335,optimal
2021-02-12 21:30:00,67,2,0.0,0.0,0.0,0.09540000000000001,optimal
2021-02-12 22:00:00,67,2,0.0,0.0,0.0,0.18780000000000002,optimal
2021-02-12 22:30:00,67,2,0.0,0.0,0.0,0.069,optimal
2021-02-12 23:00:00,67,2,0.0,0.0,0.0,0.19440000000000002,optimal
2021-02-12 23:30:00,67,2,0.0,0.0,0.0,0.08613333333333334,optimal
2021-02-13 00:00:00,67,2,0.0,0.0,0.0,0.057,optimal
2021-02-13 00:30:00,67,2,0.46418021257808517,0.0,0.0,0.1248,optimal
2021-02-13 01:00:00,67,2,1.1428571428571428,0.0,0.0,0.057,optimal
2021-02-13 01:30:00,67,2,1.1428571428571428,0.0,0.0,0.1022,optimal
2021-02-13 02:00:00,67,2,1.1428571428571428,0.0,0.0,0.07959999999999999,optimal
2021-02-13 02:30:00,67,2,1.1428571428571428,0.0,0.0,0.057,optimal
2021-02-13 03:00:00,67,2,1.1428571428571428,0.0,0.0,0.057,optimal
2021-02-13 03:30:00,67,2,1.1428571428571428,0.0,0.0,0.1248,optimal
2021-02-13 04:00:00,67,2,1.1428571428571428,0.0,0.0,0.057,optimal
2021-02-13 04:30:00,67,2,1.1428571428571428,0.0,0.0,0.0683,optimal
2021-02-13 05:00:00,67,2,1.1428571428571428,0.0,0.0,1.3551,optimal
2021-02-13 05:30:00,67,2,1.1428571428571428,0.0,0.0,1.3113333333333332,optimal
2021-02-13 06:00:00,67,2,1.1428571428571428,0.0,1.5654418841414273,0.1022,optimal
2021-02-13 06:30:00,67,2,1.1428571428571428,0.1548148148148148,10.0,0.39376666666666665,optimal
2021-02-13 07:00:00,67,2,1.1428571428571428,0.46444444444444444,0.0,1.423,optimal
2021-02-13 07:30:00,67,2,1.1428571428571428,0.5418518518518518,0.0,1.1735333333333333,optimal
2021-02-13 08:00:00,67,2,0.7302736265423716,0.3096296296296296,0.0,0.31026666666666664,optimal
2021-02-13 08:30:00,67,2,0.6930489078239044,0.0,0.0,0.3187333333333333,optimal
2021-02-13 09:00:00,67,2,0.7635438265965171,0.0,0.0,0.09833333333333331,optimal
2021-02-13 09:30:00,67,2,0.7963345187184862,0.0,0.0,0.13146666666666668,optimal
2021-02-13 10:00:00,67,2,0.7028627237441059,0.0,0.0,0.06466666666666668,optimal
2021-02-13 10:30:00,67,2,0.6813522907399298,0.0,0.0,0.1248,optimal
2021-02-13 11:00:00,67,2,0.5786716089083626,0.0,0.0,0.057,optimal
2021-02-13 11:30:00,67,2,0.8586026798215437,0.0,0.0,0.057,optimal
2021-02-13 12:00:00,67,2,1.1428571428571428,0.0,0.0,0.11220000000000001,optimal
2021-02-13 12:30:00,67,2,1.1428571428571428,0.0,0.0,0.08093333333333334,optimal
2021-02-13 13:00:00,67,2,1.1428571428571428,0.0,0.0,0.09090000000000001,optimal
2021-02-13 13:30:00,67,2,1.1428571428571428,0.0,0.0,0.09090000000000001,optimal
2021-02-13 14:00:00,67,2,1.1428571428571428,0.0,0.0,0.1135,optimal
2021-02-13 14:30:00,67,2,1.1428571428571428,0.0,0.0,0.0683,optimal
2021-02-13 15:00:00,67,2,1.1428571428571428,0.0,0.0,0.057,optimal
2021-02-13 15:30:00,67,2,1.1428571428571428,0.0,0.0,0.2646,optimal
2021-02-13 16:00:00,67,2,0.0,0.0,0.0,1.685,optimal
2021-02-13 16:30:00,67,2,0.0,0.1548148148148148,0.0,2.5231,optimal
2021-02-13 17:00:00,67,2,0.0,0.387037037037037,0.0,1.0832,optimal
2021-02-13 17:30:00,67,2,0.0,0.0,0.0,0.4824666666666666,optimal
2021-02-13 18:00:00,67,2,0.0,0.0,0.0,1.0393666666666665,optimal
2021-02-13 18:30:00,67,2,0.0,0.0,0.0,2.5819666666666667,optimal
2021-02-13 19:00:00,67,2,0.0,0.0,0.0,0.5463666666666667,optimal
2021-02-13 19:30:00,67,2,0.7580090466572244,0.0,0.0,0.2094,optimal
2021-02-13 20:00:00,67,2,0.7456013412370213,0.0,0.0,0.24013333333333334,optimal
2021-02-13 20:30:00,67,2,0.0,0.0,0.0,0.067,optimal
2021-02-13 21:00:00,67,2,0.0,0.0,0.0,0.198,optimal
2021-02-13 21:30:00,67,2,0.0,0.0,0.0,0.42119999999999996,optimal
2021-02-13 22:00:00,67,2,0.0,6.037777777777777,0.0,1.8239666666666667,optimal
2021-02-13 22:30:00,67,2,0.0,0.0,0.0,0.7163333333333334,optimal
2021-02-13 23:00:00,67,2,0.0,0.0,0.0,0.07453333333333333,optimal
2021-02-13 23:30:00,67,2,0.0,0.0,0.0,0.12726666666666667,optimal
2021-02-07 00:00:00,68,2,0.0,0.0,0.0,0.062,optimal
2021-02-07 00:30:00,68,2,0.0,0.0,0.0,0.1306,optimal
2021-02-07 01:00:00,68,2,0.0,0.0,0.0,0.09140000000000001,optimal
2021-02-07 01:30:00,68,2,0.0,0.0,0.0,0.062,optimal
2021-02-07 02:00:00,68,2,0.0,0.0,0.0,0.062,optimal
2021-02-07 02:30:00,68,2,0.0,0.0,0.0,0.08159999999999999,optimal
2021-02-07 03:00:00,68,2,0.0,0.0,0.0,0.1404,optimal
2021-02-07 03:30:00,68,2,0.0,0.0,0.0,0.062,optimal
2021-02-07 04:00:00,68,2,1.1428571428571428,0.0,0.0,0.16,optimal
2021-02-07 04:30:00,68,2,1.1428571428571428,0.0,0.0,0.062,optimal
2021-02-07 05:00:00,68,2,1.1428571428571428,0.0,0.0,0.1159,optimal
2021-02-07 05:30:00,68,2,1.1428571428571428,0.0,0.0,0.1061,optimal
2021-02-07 06:00:00,68,2,1.1428571428571428,0.0,0.0,0.062,optimal
2021-02-07 06:30:00,68,2,1.1428571428571428,0.0,0.0,0.1012,optimal
2021-02-07 07:00:00,68,2,1.1428571428571428,0.0,1.7076336144509696,0.12079999999999999,optimal
2021-02-07 07:30:00,68,2,0.0,0.0,0.0,0.066,optimal
2021-02-07 08:00:00,68,2,0.45967094161260585,0.46444444444444444,0.0,0.07066666666666667,optimal
2021-02-07 08:30:00,68,2,0.6258926356847412,2.537414814814815,0.0,0.17316666666666666,optimal
2021-02-07 09:00:00,68,2,0.5303168993826436,4.19702962962963,0.0,1.7536666666666667,optimal
2021-02-07 09:30:00,68,2,0.5244255139975231,0.6192592592592592,0.0,0.1434,optimal
2021-02-07 10:00:00,68,2,0.39797105164402263,0.0,0.0,1.9242666666666668,optimal
2021-02-07 10:30:00,68,2,0.46639191765238236,0.23222222222222222,0.0,0.386,optimal
2021-02-07 11:00:00,68,2,0.6486157217144697,0.0,0.0,0.072,optimal
2021-02-07 11:30:00,68,2,0.6486157217144697,0.0,0.0,0.072,optimal
2021-02-07 12:00:00,68,2,0.8740343230907459,0.0,0.0,0.17,optimal
2021-02-07 12:30:00,68,2,1.1428571428571428,0.0,0.0,0.072,optimal
2021-02-07 13:00:00,68,2,1.1428571428571428,0.0,0.0,0.072,optimal
2021-02-07 13:30:00,68,2,1.1428571428571428,0.0,0.0,0.15530000000000002,optimal
2021-02-07 14:00:00,68,2,1.1428571428571428,0.0,0.0,0.0867,optimal
2021-02-07 14:30:00,68,2,1.1428571428571428,0.0,0.0,0.072,optimal
2021-02-07 15:00:00,68,2,1.1428571428571428,0.0,0.0,0.072,optimal
2021-02-07 15:30:00,68,2,1.1428571428571428,0.0,0.0,0.1933666666666667,optimal
2021-02-07 16:00:00,68,2,0.0,0.3096296296296296,0.0,0.7613,optimal
2021-02-07 16:30:00,68,2,0.0,0.1548148148148148,0.0,1.4058666666666666,optimal
2021-02-07 17:00:00,68,2,0.0,0.0,0.0,0.2926666666666667,optimal
2021-02-07 17:30:00,68,2,0.0,0.1548148148148148,0.0,0.22963333333333333,optimal
2021-02-07 18:00:00,68,2,0.0,0.0,0.0,1.834233333333333,optimal
2021-02-07 18:30:00,68,2,0.0,0.6192592592592592,0.0,1.9906666666666668,optimal
2021-02-07 19:00:00,68,2,0.0,0.0,0.0,1.9606,optimal
2021-02-07 19:30:00,68,2,0.5118280033388766,0.23222222222222222,0.0,0.1925,optimal
2021-02-07 20:00:00,68,2,0.5397041938150676,0.3096296296296296,0.0,0.20526666666666668,optimal
2021-02-07 20:30:00,68,2,0.0,0.0,0.0,0.119,optimal
2021-02-07 21:00:00,68,2,0.0,0.0,0.0,0.6347333333333334,optimal
2021-02-07 21:30:00,68,2,0.0,0.0,0.0,2.3755333333333333,optimal
2021-02-07 22:00:00,68,2,0.0,0.0,0.0,1.5921333333333334,optimal
2021-02-07 22:30:00,68,2,0.0,0.0,0.0,0.2392,optimal
2021-02-07 23:00:00,68,2,0.0,0.23222222222222222,0.0,1.7456666666666667,optimal
2021-02-07 23:30:00,68,2,0.0,0.0,0.0,0.6601333333333333,optimal
2021-02-08 00:00:00,68,2,0.0,0.0,0.0,0.06363333333333333,optimal
2021-02-08 00:30:00,68,2,0.0,0.0,0.0,0.1763,optimal
2021-02-08 01:00:00,68,2,0.0,0.0,0.0,0.058,optimal
2021-02-08 01:30:00,68,2,0.0,0.0,0.0,0.182,optimal
2021-02-08 02:00:00,68,2,0.21752831512179976,0.0,0.0,0.11433333333333331,optimal
2021-02-08 02:30:00,68,2,1.1428571428571428,0.0,0.0,0.1144,optimal
2021-02-08 03:00:00,68,2,1.1428571428571428,0.0,0.0,0.1819333333333333,optimal
2021-02-08 03:30:00,68,2,1.1428571428571428,0.0,0.0,0.09559999999999999,optimal
2021-02-08 04:00:00,68,2,1.1428571428571428,0.0,0.0,0.13313333333333333,optimal
2021-02-08 04:30:00,68,2,1.1428571428571428,0.0,0.0,0.14126666666666668,optimal
2021-02-08 05:00:00,68,2,1.1428571428571428,0.0,0.0,0.09873333333333333,optimal
2021-02-08 05:30:00,68,2,1.1428571428571428,0.0,0.0,0.1819333333333333,optimal
2021-02-08 06:00:00,68,2,1.1428571428571428,0.0,4.136706421148233,0.09246666666666668,optimal
2021-02-08 06:30:00,68,2,1.1428571428571428,1.7029629629629628,10.0,0.12326666666666668,optimal
2021-02-08 07:00:00,68,2,1.1428571428571428,0.8514814814814814,10.0,0.858,optimal
2021-02-08 07:30:00,68,2,1.1428571428571428,0.0774074074074074,0.0,0.8616,optimal
2021-02-08 08:00:00,68,2,0.7943721575439888,0.0,0.0,0.10373333333333332,optimal
2021-02-08 08:30:00,68,2,0.7260215949809209,0.0,0.0,0.2816,optimal
2021-02-08 09:00:00,68,2,0.6347461817702537,0.0,0.0,0.14673333333333333,optimal
2021-02-08 09:30:00,68,2,0.31913583513867144,0.0,0.0,1.5245666666666666,optimal
2021-02-08 10:00:00,68,2,0.3356407959124528,0.3096296296296296,0.0,1.2264000000000002,optimal
2021-02-08 10:30:00,68,2,0.30017685682975287,0.0,0.0,2.127266666666667,optimal
2021-02-08 11:00:00,68,2,0.17296393363775608,0.0,0.0,2.743833333333333,optimal
2021-02-08 11:30:00,68,2,0.5359621152484418,0.0,0.0,0.48003333333333337,optimal
2021-02-08 12:00:00,68,2,0.423647121578765,0.0,0.0,1.0080666666666669,optimal
2021-02-08 12:30:00,68,2,0.2434082467049104,0.8514814814814814,0.0,3.3066666666666666,optimal
2021-02-08 13:00:00,68,2,1.1428571428571428,0.1548148148148148,0.0,1.8854333333333326,optimal
2021-02-08 13:30:00,68,2,1.1428571428571428,0.3096296296296296,0.0,1.8178333333333332,optimal
2021-02-08 14:00:00,68,2,1.1428571428571428,0.0,0.0,2.726033333333333,optimal
2021-02-08 14:30:00,68,2,1.1428571428571428,0.3096296296296296,0.0,1.0675999999999999,optimal
2021-02-08 15:00:00,68,2,1.1428571428571428,6.270000000000002,0.0,0.13626666666666667,optimal
2021-02-08 15:30:00,68,2,1.1428571428571428,0.0,0.0,0.18936666666666668,optimal
2021-02-08 16:00:00,68,2,0.0,0.3096296296296296,0.0,0.1827666666666667,optimal
2021-02-08 16:30:00,68,2,0.0,0.3096296296296296,0.0,2.012033333333333,optimal
2021-02-08 17:00:00,68,2,0.0,0.1548148148148148,0.0,2.790833333333333,optimal
2021-02-08 17:30:00,68,2,0.0,0.23222222222222222,0.0,0.8980666666666667,optimal
2021-02-08 18:00:00,68,2,0.0,0.5418518518518518,0.0,0.5193,optimal
2021-02-08 18:30:00,68,2,0.0,0.23222222222222222,0.0,0.2243,optimal
2021-02-08 19:00:00,68,2,0.0,0.0,0.0,0.19683333333333328,optimal
2021-02-08 19:30:00,68,2,0.0,0.0,0.0,0.2299333333333333,optimal
2021-02-08 20:00:00,68,2,0.15072918438200994,0.0,0.0,0.4492,optimal
2021-02-08 20:30:00,68,2,0.0,0.1548148148148148,0.0,0.3330666666666667,optimal
2021-02-08 21:00:00,68,2,0.0,0.0,0.0,0.2243,optimal
2021-02-08 21:30:00,68,2,0.0,0.1548148148148148,0.0,0.2941666666666667,optimal
2021-02-08 22:00:00,68,2,0.0,0.0,0.0,0.29960000000000003,optimal
2021-02-08 22:30:00,68,2,0.0,0.0,0.0,0.1633666666666667,optimal
2021-02-08 23:00:00,68,2,0.0,0.0,0.0,0.09620000000000001,optimal
2021-02-08 23:30:00,68,2,0.0,0.0,0.0,0.09620000000000001,optimal
2021-02-09 00:00:00,68,2,0.0,0.0,0.0,0.134,optimal
2021-02-09 00:30:00,68,2,0.0,0.0,0.0,0.12,optimal
2021-02-09 01:00:00,68,2,0.0,0.0,0.0,0.071,optimal
2021-02-09 01:30:00,68,2,0.701926067200371,0.0,0.0,0.1904,optimal
2021-02-09 02:00:00,68,2,1.1428571428571428,0.23222222222222222,0.0,0.8936000000000001,optimal
2021-02-09 02:30:00,68,2,1.1428571428571428,0.0,0.0,0.05,optimal
2021-02-09 03:00:00,68,2,1.1428571428571428,0.0,0.0,0.204,optimal
2021-02-09 03:30:00,68,2,1.1428571428571428,0.0,0.0,0.05,optimal
2021-02-09 04:00:00,68,2,1.1428571428571428,0.0,0.0,0.155,optimal
2021-02-09 04:30:00,68,2,1.1428571428571428,0.0,0.0,0.099,optimal
2021-02-09 05:00:00,68,2,1.1428571428571428,0.0,0.0,0.05,optimal
2021-02-09 05:30:00,68,2,1.1428571428571428,0.0,5.05169152300147,0.204,optimal
2021-02-09 06:00:00,68,2,1.1428571428571428,0.0,10.0,0.4062,optimal
2021-02-09 06:30:00,68,2,1.1428571428571428,0.46444444444444444,0.0,1.0816666666666668,optimal
2021-02-09 07:00:00,68,2,1.1428571428571428,4.045311111111111,0.0,0.126,optimal
2021-02-09 07:30:00,68,2,1.1428571428571428,1.140985185185185,0.0,0.40586666666666665,optimal
2021-02-09 08:00:00,68,2,0.6633028087620647,0.774074074074074,0.0,0.176,optimal
2021-02-09 08:30:00,68,2,0.637704843082862,0.0774074074074074,0.0,0.1188,optimal
2021-02-09 09:00:00,68,2,0.5896280803492108,0.1548148148148148,0.0,0.0598,optimal
2021-02-09 09:30:00,68,2,0.7209654823241375,0.0,0.0,0.214,optimal
2021-02-09 10:00:00,68,2,0.6232189358606226,2.0899999999999994,0.0,0.06733333333333333,optimal
2021-02-09 10:30:00,68,2,0.5908477232206846,0.0,0.0,0.0942,optimal
2021-02-09 11:00:00,68,2,0.39134963945810936,0.3096296296296296,0.0,0.4324666666666666,optimal
2021-02-09 11:30:00,68,2,0.3984468255015575,0.387037037037037,0.0,0.8987999999999999,optimal
2021-02-09 12:00:00,68,2,0.26653289907949457,0.1548148148148148,0.0,1.4684000000000001,optimal
2021-02-09 12:30:00,68,2,0.27544714160748857,0.46444444444444444,0.0,0.7160333333333333,optimal
2021-02-09 13:00:00,68,2,1.1428571428571428,0.0,0.0,0.333,optimal
2021-02-09 13:30:00,68,2,1.1428571428571428,0.0,0.0,0.4829,optimal
2021-02-09 14:00:00,68,2,1.1428571428571428,0.0,0.0,0.40436666666666665,optimal
2021-02-09 14:30:00,68,2,1.1428571428571428,0.0,0.0,0.06,optimal
2021-02-09 15:00:00,68,2,1.1428571428571428,0.0,0.0,0.165,optimal
2021-02-09 15:30:00,68,2,1.1428571428571428,0.0,0.0,0.109,optimal
2021-02-09 16:00:00,68,2,0.0,0.23222222222222222,0.0,1.7046666666666668,optimal
2021-02-09 16:30:00,68,2,0.0,0.23222222222222222,0.0,1.0624333333333333,optimal
2021-02-09 17:00:00,68,2,0.0,0.0,0.0,1.0758666666666665,optimal
2021-02-09 17:30:00,68,2,0.0,0.0,0.0,0.2395,optimal
2021-02-09 18:00:00,68,2,0.0,0.0,0.0,0.2469,optimal
2021-02-09 18:30:00,68,2,0.0,0.23222222222222222,0.0,0.387,optimal
2021-02-09 19:00:00,68,2,0.0,0.1548148148148148,0.0,0.4933333333333333,optimal
2021-02-09 19:30:00,68,2,0.33075576870982115,0.0,0.0,0.214,optimal
2021-02-09 20:00:00,68,2,0.8109777021759972,0.0,0.0,0.06,optimal
2021-02-09 20:30:00,68,2,0.0,0.0,0.0,0.9216666666666666,optimal
2021-02-09 21:00:00,68,2,0.0,0.1548148148148148,0.0,1.7330666666666665,optimal
2021-02-09 21:30:00,68,2,0.0,0.0,0.0,0.218,optimal
2021-02-09 22:00:00,68,2,0.0,2.941481481481482,0.0,0.5731333333333333,optimal
2021-02-09 22:30:00,68,2,0.0,0.0,0.0,0.21646666666666667,optimal
2021-02-09 23:00:00,68,2,0.0,0.0,0.0,0.46726666666666666,optimal
2021-02-09 23:30:00,68,2,0.0,0.0,0.0,0.067,optimal
2021-02-10 00:00:00,68,2,0.0,0.0,0.0,0.062,optimal
2021-02-10 00:30:00,68,2,0.0,0.0,0.0,0.1306,optimal
2021-02-10 01:00:00,68,2,0.710713259308902,0.0,0.0,0.09140000000000001,optimal
2021-02-10 01:30:00,68,2,1.1428571428571428,0.0,0.0,0.062,optimal
2021-02-10 02:00:00,68,2,1.1428571428571428,0.0,0.0,0.062,optimal
2021-02-10 02:30:00,68,2,1.1428571428571428,0.0,0.0,0.08159999999999999,optimal
2021-02-10 03:00:00,68,2,1.1428571428571428,0.0,0.0,0.1404,optimal
2021-02-10 03:30:00,68,2,1.1428571428571428,0.0,0.0,0.062,optimal
2021-02-10 04:00:00,68,2,1.1428571428571428,0.0,0.0,0.16,optimal
2021-02-10 04:30:00,68,2,1.1428571428571428,0.0,0.0,0.062,optimal
2021-02-10 05:00:00,68,2,1.1428571428571428,0.0,0.0,0.1159,optimal
2021-02-10 05:30:00,68,2,1.1428571428571428,0.0,0.0,0.1061,optimal
2021-02-10 06:00:00,68,2,1.1428571428571428,0.0,0.054657987317191806,0.062,optimal
2021-02-10 06:30:00,68,2,1.1428571428571428,0.0,10.0,0.1012,optimal
2021-02-10 07:00:00,68,2,1.1428571428571428,0.0,10.0,0.12079999999999999,optimal
2021-02-10 07:30:00,68,2,1.1428571428571428,0.0,0.0,0.066,optimal
2021-02-10 08:00:00,68,2,0.7737521567349226,0.46444444444444444,0.0,0.07066666666666667,optimal
2021-02-10 08:30:00,68,2,0.702815186622964,2.537414814814815,0.0,0.17316666666666666,optimal
2021-02-10 09:00:00,68,2,0.5665661516645636,4.19702962962963,0.0,1.7536666666666667,optimal
2021-02-10 09:30:00,68,2,0.5542577529811786,0.6192592592592592,0.0,0.1434,optimal
2021-02-10 10:00:00,68,2,0.3592091112707935,0.0,0.0,1.9242666666666668,optimal
2021-02-10 10:30:00,68,2,0.41693495511540296,0.23222222222222222,0.0,0.386,optimal
2021-02-10 11:00:00,68,2,0.5729194454990849,0.0,0.0,0.072,optimal
2021-02-10 11:30:00,68,2,0.5686414366335872,0.0,0.0,0.072,optimal
2021-02-10 12:00:00,68,2,0.4430976786801274,0.0,0.0,0.17,optimal
2021-02-10 12:30:00,68,2,0.8517790442540061,0.0,0.0,0.072,optimal
2021-02-10 13:00:00,68,2,1.1428571428571428,0.0,0.0,0.072,optimal
2021-02-10 13:30:00,68,2,1.1428571428571428,0.0,0.0,0.15530000000000002,optimal
2021-02-10 14:00:00,68,2,1.1428571428571428,0.0,0.0,0.0867,optimal
2021-02-10 14:30:00,68,2,1.1428571428571428,0.0,0.0,0.072,optimal
2021-02-10 15:00:00,68,2,1.1428571428571428,0.0,0.0,0.072,optimal
2021-02-10 15:30:00,68,2,1.1428571428571428,0.0,0.0,0.1933666666666667,optimal
2021-02-10 16:00:00,68,2,0.0,0.3096296296296296,0.0,0.7613,optimal
2021-02-10 16:30:00,68,2,0.0,0.1548148148148148,0.0,1.4058666666666666,optimal
2021-02-10 17:00:00,68,2,0.0,0.0,0.0,0.2926666666666667,optimal
2021-02-10 17:30:00,68,2,0.0,0.1548148148148148,0.0,0.22963333333333333,optimal
2021-02-10 18:00:00,68,2,0.0,0.0,0.0,1.834233333333333,optimal
2021-02-10 18:30:00,68,2,0.0,0.6192592592592592,0.0,1.9906666666666668,optimal
2021-02-10 19:00:00,68,2,0.0,0.0,0.0,1.9606,optimal
2021-02-10 19:30:00,68,2,0.6080832028126179,0.23222222222222222,0.0,0.1925,optimal
2021-02-10 20:00:00,68,2,0.6466544154525592,0.3096296296296296,0.0,0.20526666666666668,optimal
2021-02-10 20:30:00,68,2,0.0,0.0,0.0,0.119,optimal
2021-02-10 21:00:00,68,2,0.0,0.0,0.0,0.6347333333333334,optimal
2021-02-10 21:30:00,68,2,0.0,0.0,0.0,2.3755333333333333,optimal
2021-02-10 22:00:00,68,2,0.0,0.0,0.0,1.5921333333333334,optimal
2021-02-10 22:30:00,68,2,0.0,0.0,0.0,0.2392,optimal
2021-02-10 23:00:00,68,2,0.0,0.23222222222222222,0.0,1.7456666666666667,optimal
2021-02-10 23:30:00,68,2,0.0,0.0,0.0,0.6601333333333333,optimal
2021-02-11 00:00:00,68,2,0.8875873512891134,0.0,0.0,0.057,optimal
2021-02-11 00:30:00,68,2,1.1428571428571428,0.0,0.0,0.057,optimal
2021-02-11 01:00:00,68,2,1.1428571428571428,0.0,0.0,0.057,optimal
2021-02-11 01:30:00,68,2,1.1428571428571428,0.0,0.0,0.057,optimal
2021-02-11 02:00:00,68,2,1.1428571428571428,0.0,0.0,0.057,optimal
2021-02-11 02:30:00,68,2,1.1428571428571428,0.0,0.0,0.057,optimal
2021-02-11 03:00:00,68,2,1.1428571428571428,0.0,0.0,0.1278,optimal
2021-02-11 03:30:00,68,2,1.1428571428571428,0.0,0.0,0.057,optimal
2021-02-11 04:00:00,68,2,1.1428571428571428,0.0,0.0,0.10813333333333335,optimal
2021-02-11 04:30:00,68,2,1.1428571428571428,0.0,0.0,0.07666666666666667,optimal
2021-02-11 05:00:00,68,2,1.1428571428571428,0.0,0.0,0.057,optimal
2021-02-11 05:30:00,68,2,1.1428571428571428,0.0,0.0,0.057,optimal
2021-02-11 06:00:00,68,2,1.1428571428571428,0.0,0.0,0.1278,optimal
2021-02-11 06:30:00,68,2,1.1428571428571428,0.0,0.0,0.057,optimal
2021-02-11 07:00:00,68,2,1.1428571428571428,0.0,0.0,0.06466666666666668,optimal
2021-02-11 07:30:00,68,2,1.1428571428571428,0.387037037037037,0.0,0.09933333333333332,optimal
2021-02-11 08:00:00,68,2,0.7881791703653067,0.8932814814814815,0.0,0.3258666666666667,optimal
2021-02-11 08:30:00,68,2,0.7194380884254584,0.6548666666666667,0.0,1.2813333333333332,optimal
2021-02-11 09:00:00,68,2,0.6135255161416342,0.1548148148148148,0.0,1.2866,optimal
2021-02-11 09:30:00,68,2,0.69653456033708,0.0774074074074074,0.0,0.0886,optimal
2021-02-11 10:00:00,68,2,0.4419851235839962,0.0774074074074074,0.0,0.28633333333333333,optimal
2021-02-11 10:30:00,68,2,0.48357698630081114,0.3096296296296296,0.0,0.2006,optimal
2021-02-11 11:00:00,68,2,0.17341027555746524,0.0,0.0,1.2159333333333333,optimal
2021-02-11 11:30:00,68,2,0.1395918757328847,0.0774074074074074,0.0,1.47,optimal
2021-02-11 12:00:00,68,2,0.1725448427071863,0.46444444444444444,0.0,0.4103333333333333,optimal
2021-02-11 12:30:00,68,2,0.9199816636017422,0.0,0.0,0.27926666666666666,optimal
2021-02-11 13:00:00,68,2,1.1428571428571428,0.1548148148148148,0.0,0.28013333333333335,optimal
2021-02-11 13:30:00,68,2,1.1428571428571428,0.23222222222222222,6.103639390996765,0.1135,optimal
2021-02-11 14:00:00,68,2,1.1428571428571428,0.46444444444444444,10.0,0.19340000000000002,optimal
2021-02-11 14:30:00,68,2,1.1428571428571428,0.23222222222222222,0.0,0.14576666666666668,optimal
2021-02-11 15:00:00,68,2,1.1428571428571428,0.0,0.0,0.2818,optimal
2021-02-11 15:30:00,68,2,1.1428571428571428,0.23222222222222222,0.0,1.5248666666666666,optimal
2021-02-11 16:00:00,68,2,0.0,0.0,0.0,0.07486666666666666,optimal
2021-02-11 16:30:00,68,2,0.0,0.0,0.0,0.12993333333333335,optimal
2021-02-11 17:00:00,68,2,0.0,0.0,0.0,0.07466666666666667,optimal
2021-02-11 17:30:00,68,2,0.0,0.0,0.0,0.15480000000000002,optimal
2021-02-11 18:00:00,68,2,0.0,0.0,0.0,1.5045333333333333,optimal
2021-02-11 18:30:00,68,2,0.0,0.23222222222222222,0.0,0.7409333333333333,optimal
2021-02-11 19:00:00,68,2,0.0,0.0,0.0,0.177,optimal
2021-02-11 19:30:00,68,2,0.872470962831151,0.0,0.0,0.1124,optimal
2021-02-11 20:00:00,68,2,0.8501140813742007,0.0774074074074074,0.0,0.20976666666666668,optimal
2021-02-11 20:30:00,68,2,0.0,0.1548148148148148,0.0,0.3878666666666667,optimal
2021-02-11 21:00:00,68,2,0.0,0.46444444444444444,0.0,0.3193333333333333,optimal
2021-02-11 21:30:00,68,2,0.0,0.1548148148148148,0.0,0.23566666666666664,optimal
2021-02-11 22:00:00,68,2,0.0,0.0774074074074074,0.0,0.6026666666666667,optimal
2021-02-11 22:30:00,68,2,0.0,0.6966666666666667,0.0,0.318,optimal
2021-02-11 23:00:00,68,2,0.0,0.1548148148148148,0.0,0.26006666666666667,optimal
2021-02-11 23:30:00,68,2,0.0,0.0,0.0,0.06533333333333333,optimal
2021-02-12 00:00:00,68,2,1.1428571428571428,0.0,0.0,0.19766666666666663,optimal
2021-02-12 00:30:00,68,2,1.1428571428571428,0.0,0.0,0.08006666666666666,optimal
2021-02-12 01:00:00,68,2,1.1428571428571428,0.0,0.0,0.0866,optimal
2021-02-12 01:30:00,68,2,1.1428571428571428,0.0,0.0,0.19113333333333332,optimal
2021-02-12 02:00:00,68,2,1.1428571428571428,0.0,0.0,0.067,optimal
2021-02-12 02:30:00,68,2,1.1428571428571428,0.0,0.0,0.11273333333333332,optimal
2021-02-12 03:00:00,68,2,1.1428571428571428,0.0,0.0,0.165,optimal
2021-02-12 03:30:00,68,2,1.1428571428571428,0.0,0.0,0.067,optimal
2021-02-12 04:00:00,68,2,1.1428571428571428,0.0,0.0,0.2107333333333333,optimal
2021-02-12 04:30:00,68,2,1.1428571428571428,0.0,0.0,0.067,optimal
2021-02-12 05:00:00,68,2,1.1428571428571428,0.0,0.0,0.165,optimal
2021-02-12 05:30:00,68,2,1.1428571428571428,0.0,0.0,0.11273333333333332,optimal
2021-02-12 06:00:00,68,2,1.1428571428571428,0.0,4.287671961332993,0.11926666666666667,optimal
2021-02-12 06:30:00,68,2,1.1428571428571428,0.0,10.0,0.15846666666666667,optimal
2021-02-12 07:00:00,68,2,1.1428571428571428,0.0,10.0,0.067,optimal
2021-02-12 07:30:00,68,2,1.1428571428571428,6.830598454356301,0.0,0.2107333333333333,optimal
2021-02-12 08:00:00,68,2,0.9473000386560585,0.0,0.0,0.067,optimal
2021-02-12 08:30:00,68,2,0.9558560563870659,0.0,0.0,0.067,optimal
2021-02-12 09:00:00,68,2,0.7991898338175178,0.0,0.0,0.21569999999999998,optimal
2021-02-12 09:30:00,68,2,0.6266831625860437,0.3096296296296296,0.0,0.16290000000000002,optimal
2021-02-12 10:00:00,68,2,0.365029986509665,2.7092592592592597,0.0,0.3308333333333333,optimal
2021-02-12 10:30:00,68,2,0.2833427129524233,0.387037037037037,0.0,1.7747,optimal
2021-02-12 11:00:00,68,2,0.4074147915194125,0.0,0.0,1.5722,optimal
2021-02-12 11:30:00,68,2,0.4621519775628594,0.0,0.0,0.31553333333333333,optimal
2021-02-12 12:00:00,68,2,0.3662317353823095,0.3096296296296296,0.0,0.40073333333333333,optimal
2021-02-12 12:30:00,68,2,0.29369082618765696,0.6966666666666667,0.0,0.6347666666666667,optimal
2021-02-12 13:00:00,68,2,0.16574957768557064,0.3096296296296296,0.0,2.2934,optimal
2021-02-12 13:30:00,68,2,0.7002751508446826,7.895555555555555,0.0,2.8470999999999997,optimal
2021-02-12 14:00:00,68,2,1.1428571428571428,0.0,0.0,2.0065999999999997,optimal
2021-02-12 14:30:00,68,2,1.1428571428571428,0.0,0.0,0.5474666666666667,optimal
2021-02-12 15:00:00,68,2,1.1428571428571428,0.0,0.0,1.6321333333333334,optimal
2021-02-12 15:30:00,68,2,1.1428571428571428,0.46444444444444444,0.0,0.4338333333333333,optimal
2021-02-12 16:00:00,68,2,0.0,0.3096296296296296,0.0,0.2142333333333333,optimal
2021-02-12 16:30:00,68,2,0.0,0.0,0.0,0.5858666666666666,optimal
2021-02-12 17:00:00,68,2,0.0,0.3096296296296296,0.0,0.6283,optimal
2021-02-12 17:30:00,68,2,0.0,0.0,0.0,0.21566666666666662,optimal
2021-02-12 18:00:00,68,2,0.0,0.3096296296296296,0.0,0.7098666666666666,optimal
2021-02-12 18:30:00,68,2,0.0,0.0774074074074074,0.0,0.5512666666666667,optimal
2021-02-12 19:00:00,68,2,0.0,0.46444444444444444,0.0,0.47773333333333334,optimal
2021-02-12 19:30:00,68,2,0.0,0.3096296296296296,0.0,0.5257666666666666,optimal
2021-02-12 20:00:00,68,2,0.0,0.0,0.0,0.3644333333333333,optimal
2021-02-12 20:30:00,68,2,0.0,0.3096296296296296,0.0,0.41286666666666666,optimal
2021-02-12 21:00:00,68,2,0.0,0.0,0.0,0.3197333333333333,optimal
2021-02-12 21:30:00,68,2,0.0,0.0,0.0,0.7493333333333334,optimal
2021-02-12 22:00:00,68,2,0.0,0.0,0.0,0.6590666666666667,optimal
2021-02-12 22:30:00,68,2,0.0,1.433585185185185,0.0,0.646,optimal
2021-02-12 23:00:00,68,2,0.0,0.8112296296296296,0.0,0.21216666666666664,optimal
2021-02-12 23:30:00,68,2,0.0,0.23222222222222222,0.0,0.28386666666666666,optimal
2021-02-13 00:00:00,68,2,0.0,0.0,0.0,0.0624,optimal
2021-02-13 00:30:00,68,2,0.0,0.0,0.0,0.069,optimal
2021-02-13 01:00:00,68,2,0.0,2.0899999999999994,0.0,0.23186666666666667,optimal
2021-02-13 01:30:00,68,2,0.9981632904507548,0.0774074074074074,0.0,0.15716666666666665,optimal
2021-02-13 02:00:00,68,2,1.1428571428571428,0.0,0.0,0.09626666666666668,optimal
2021-02-13 02:30:00,68,2,1.1428571428571428,0.0,0.0,0.2355,optimal
2021-02-13 03:00:00,68,2,1.1428571428571428,0.1548148148148148,0.0,0.431,optimal
2021-02-13 03:30:00,68,2,1.1428571428571428,0.0,0.0,0.06,optimal
2021-02-13 04:00:00,68,2,1.1428571428571428,0.0,0.0,0.2312333333333333,optimal
2021-02-13 04:30:00,68,2,1.1428571428571428,0.0,0.0,0.14383333333333334,optimal
2021-02-13 05:00:00,68,2,1.1428571428571428,0.0,0.0,0.065,optimal
2021-02-13 05:30:00,68,2,1.1428571428571428,0.0,0.0,0.065,optimal
2021-02-13 06:00:00,68,2,1.1428571428571428,0.0,0.0,0.31506666666666666,optimal
2021-02-13 06:30:00,68,2,1.1428571428571428,0.0,7.946611861282132,0.06,optimal
2021-02-13 07:00:00,68,2,1.1428571428571428,0.1548148148148148,10.0,0.4955,optimal
2021-02-13 07:30:00,68,2,1.1428571428571428,1.0837037037037036,0.0,0.13696666666666668,optimal
2021-02-13 08:00:00,68,2,0.8694831503518978,0.3096296296296296,0.0,0.0627,optimal
2021-02-13 08:30:00,68,2,0.8554489078239074,0.0,0.0,0.17466666666666666,optimal
2021-02-13 09:00:00,68,2,0.7680390646917484,0.5418518518518518,0.0,0.2007333333333333,optimal
2021-02-13 09:30:00,68,2,0.7289630901470481,0.3096296296296296,0.0,0.081,optimal
2021-02-13 10:00:00,68,2,0.5994246285060068,0.0,0.0,0.16863333333333333,optimal
2021-02-13 10:30:00,68,2,0.6235808621684998,0.0,0.0,0.068,optimal
2021-02-13 11:00:00,68,2,1.1124556601990736,0.0,0.0,0.22766666666666663,optimal
2021-02-13 11:30:00,68,2,1.1428571428571428,0.0,0.0,0.16240000000000002,optimal
2021-02-13 12:00:00,68,2,1.1428571428571428,0.0,0.0,0.14883333333333335,optimal
2021-02-13 12:30:00,68,2,1.1428571428571428,0.0,0.0,0.38010000000000005,optimal
2021-02-13 13:00:00,68,2,1.1428571428571428,0.0,0.0,0.11553333333333332,optimal
2021-02-13 13:30:00,68,2,1.1428571428571428,0.0,0.0,0.1162,optimal
2021-02-13 14:00:00,68,2,1.1428571428571428,0.0,0.0,0.2205,optimal
2021-02-13 14:30:00,68,2,1.1428571428571428,0.0,0.0,0.1497666666666667,optimal
2021-02-13 15:00:00,68,2,1.1428571428571428,0.0,0.0,0.08979999999999999,optimal
2021-02-13 15:30:00,68,2,1.1428571428571428,0.0,0.0,0.07716666666666668,optimal
2021-02-13 16:00:00,68,2,0.0,0.0,0.0,0.31289999999999996,optimal
2021-02-13 16:30:00,68,2,0.0,0.0,0.0,0.07,optimal
2021-02-13 17:00:00,68,2,0.0,0.0,0.0,0.14883333333333335,optimal
2021-02-13 17:30:00,68,2,0.0,0.0,0.0,0.2412333333333333,optimal
2021-02-13 18:00:00,68,2,0.0,0.0,0.0,0.07,optimal
2021-02-13 18:30:00,68,2,0.0,0.0,0.0,0.136,optimal
2021-02-13 19:00:00,68,2,0.0,0.0,0.0,0.23256666666666664,optimal
2021-02-13 19:30:00,68,2,0.8533138085619923,0.0,0.0,0.0915,optimal
2021-02-13 20:00:00,68,2,0.7743632459989255,0.0,0.0,0.06866666666666667,optimal
2021-02-13 20:30:00,68,2,0.0,5.495925925925925,0.0,0.28556666666666664,optimal
2021-02-13 21:00:00,68,2,0.0,0.0,0.0,0.6080333333333333,optimal
2021-02-13 21:30:00,68,2,0.0,0.0774074074074074,0.0,0.2607,optimal
2021-02-13 22:00:00,68,2,0.0,0.1548148148148148,0.0,0.39836666666666665,optimal
2021-02-13 22:30:00,68,2,0.0,0.23222222222222222,0.0,0.6229333333333332,optimal
2021-02-13 23:00:00,68,2,0.0,1.7029629629629628,0.0,0.44430000000000003,optimal
2021-02-13 23:30:00,68,2,0.0,2.012592592592592,0.0,0.7535666666666667,optimal
2021-02-07 00:00:00,69,2,0.0,0.0,0.0,0.062,optimal
2021-02-07 00:30:00,69,2,0.0,0.0,0.0,0.062,optimal
2021-02-07 01:00:00,69,2,0.0,0.0,0.0,0.062,optimal
2021-02-07 01:30:00,69,2,0.0,0.0,0.0,0.062,optimal
2021-02-07 02:00:00,69,2,0.0,0.0,0.0,0.062,optimal
2021-02-07 02:30:00,69,2,0.0,0.0,0.0,0.062,optimal
2021-02-07 03:00:00,69,2,0.0,0.0,0.0,0.062,optimal
2021-02-07 03:30:00,69,2,0.0,0.0,0.0,0.062,optimal
2021-02-07 04:00:00,69,2,1.1428571428571428,0.0,0.0,0.062,optimal
2021-02-07 04:30:00,69,2,1.1428571428571428,0.0,0.0,0.062,optimal
2021-02-07 05:00:00,69,2,1.1428571428571428,0.0,0.0,0.062,optimal
2021-02-07 05:30:00,69,2,1.1428571428571428,0.0,0.0,0.062,optimal
2021-02-07 06:00:00,69,2,1.1428571428571428,0.0,0.0,0.062,optimal
2021-02-07 06:30:00,69,2,1.1428571428571428,0.0,0.0,0.062,optimal
2021-02-07 07:00:00,69,2,1.1428571428571428,0.0,0.0,0.07066666666666667,optimal
2021-02-07 07:30:00,69,2,0.0,0.0,0.0,0.064,optimal
2021-02-07 08:00:00,69,2,0.6024621195372799,0.1548148148148148,0.0,0.0705,optimal
2021-02-07 08:30:00,69,2,0.637616445208548,0.1548148148148148,0.0,0.075,optimal
2021-02-07 09:00:00,69,2,0.27449404223978935,0.387037037037037,0.0,1.9133,optimal
2021-02-07 09:30:00,69,2,0.4975378949499023,0.0,0.0,0.5682999999999999,optimal
2021-02-07 10:00:00,69,2,0.30147962307259146,0.0,0.0,1.3020666666666667,optimal
2021-02-07 10:30:00,69,2,0.4519347747952312,0.0774074074074074,0.0,0.32839999999999997,optimal
2021-02-07 11:00:00,69,2,0.39490143600018285,0.0,0.0,0.39330000000000004,optimal
2021-02-07 11:30:00,69,2,0.38692048361923825,0.6192592592592592,0.0,0.5007333333333334,optimal
2021-02-07 12:00:00,69,2,0.30605785007068337,0.3096296296296296,0.0,0.8869666666666667,optimal
2021-02-07 12:30:00,69,2,0.35967689768972755,0.0,0.0,1.4406333333333334,optimal
2021-02-07 13:00:00,69,2,1.1428571428571428,0.1548148148148148,0.0,0.35919999999999996,optimal
2021-02-07 13:30:00,69,2,1.1428571428571428,0.0,0.0,0.8282333333333334,optimal
2021-02-07 14:00:00,69,2,1.1428571428571428,0.1548148148148148,0.0,1.1845,optimal
2021-02-07 14:30:00,69,2,1.1428571428571428,0.46444444444444444,0.0,0.505,optimal
2021-02-07 15:00:00,69,2,1.1428571428571428,0.0,3.0860931743168862,0.5342,optimal
2021-02-07 15:30:00,69,2,1.1428571428571428,0.0,0.0,1.0351333333333335,optimal
2021-02-07 16:00:00,69,2,0.0,0.0774074074074074,0.0,0.1052,optimal
2021-02-07 16:30:00,69,2,0.0,0.23222222222222222,0.0,0.06,optimal
2021-02-07 17:00:00,69,2,0.0,0.3096296296296296,0.0,0.0798,optimal
2021-02-07 17:30:00,69,2,0.0,0.0,0.0,0.06866666666666667,optimal
2021-02-07 18:00:00,69,2,0.0,0.0,0.0,0.2464,optimal
2021-02-07 18:30:00,69,2,0.0,0.46444444444444444,0.0,0.22066666666666662,optimal
2021-02-07 19:00:00,69,2,0.0,0.0,0.0,0.2083333333333333,optimal
2021-02-07 19:30:00,69,2,0.5399033869969174,0.0774074074074074,0.0,0.19440000000000002,optimal
2021-02-07 20:00:00,69,2,0.5702470509579249,1.470740740740741,0.0,0.3243333333333333,optimal
2021-02-07 20:30:00,69,2,0.0,0.0,0.0,0.28713333333333335,optimal
2021-02-07 21:00:00,69,2,0.0,0.1548148148148148,0.0,0.18856666666666663,optimal
2021-02-07 21:30:00,69,2,0.0,0.0,0.0,0.42726666666666663,optimal
2021-02-07 22:00:00,69,2,0.0,0.0,0.0,0.3482,optimal
2021-02-07 22:30:00,69,2,0.0,0.0,0.0,0.21703333333333333,optimal
2021-02-07 23:00:00,69,2,0.0,0.0,0.0,0.072,optimal
2021-02-07 23:30:00,69,2,0.0,0.0,0.0,0.06966666666666667,optimal
2021-02-08 00:00:00,69,2,0.0,0.0,0.0,0.06333333333333334,optimal
2021-02-08 00:30:00,69,2,0.0,0.1548148148148148,0.0,0.111,optimal
2021-02-08 01:00:00,69,2,0.0,0.0,0.0,0.08233333333333333,optimal
2021-02-08 01:30:00,69,2,0.8450103272599353,0.0,0.0,0.223,optimal
2021-02-08 02:00:00,69,2,1.1428571428571428,0.0,0.0,0.1967333333333333,optimal
2021-02-08 02:30:00,69,2,1.1428571428571428,0.0,0.0,0.064,optimal
2021-02-08 03:00:00,69,2,1.1428571428571428,0.0,0.0,0.155,optimal
2021-02-08 03:30:00,69,2,1.1428571428571428,0.0,0.0,0.2720666666666667,optimal
2021-02-08 04:00:00,69,2,1.1428571428571428,0.0,0.0,0.064,optimal
2021-02-08 04:30:00,69,2,1.1428571428571428,0.0,0.0,0.2218333333333333,optimal
2021-02-08 05:00:00,69,2,1.1428571428571428,0.0,0.0,0.10403333333333331,optimal
2021-02-08 05:30:00,69,2,1.1428571428571428,0.0,0.0,0.23036666666666666,optimal
2021-02-08 06:00:00,69,2,1.1428571428571428,0.0,0.0,0.1245,optimal
2021-02-08 06:30:00,69,2,1.1428571428571428,0.0,0.0,0.10233333333333332,optimal
2021-02-08 07:00:00,69,2,1.1428571428571428,0.0,7.883280072996788,0.14133333333333334,optimal
2021-02-08 07:30:00,69,2,1.1428571428571428,0.1548148148148148,0.0,0.26306666666666667,optimal
2021-02-08 08:00:00,69,2,0.753448348020185,0.0,0.0,0.07966666666666668,optimal
2021-02-08 08:30:00,69,2,0.3694311187904449,0.0,0.0,1.3393666666666666,optimal
2021-02-08 09:00:00,69,2,0.6095271341512019,0.0,0.0,0.25603333333333333,optimal
2021-02-08 09:30:00,69,2,0.6574053589481931,0.3096296296296296,0.0,0.062,optimal
2021-02-08 10:00:00,69,2,0.4615407959124476,0.3096296296296296,0.0,0.3994,optimal
2021-02-08 10:30:00,69,2,0.49866257111545914,0.0,0.0,0.3346,optimal
2021-02-08 11:00:00,69,2,0.0,0.0,0.0,3.9851666666666663,optimal
2021-02-08 11:30:00,69,2,0.21926256604501965,0.23222222222222222,0.0,0.7458333333333333,optimal
2021-02-08 12:00:00,69,2,0.5379159122513727,0.0774074074074074,0.0,0.6404333333333333,optimal
2021-02-08 12:30:00,69,2,1.1428571428571428,0.0,0.0,0.7039,optimal
2021-02-08 13:00:00,69,2,1.1428571428571428,0.0,0.0,0.8309333333333333,optimal
2021-02-08 13:30:00,69,2,1.1428571428571428,0.0,0.0,1.9145,optimal
2021-02-08 14:00:00,69,2,1.1428571428571428,0.0774074074074074,0.0,0.8060333333333333,optimal
2021-02-08 14:30:00,69,2,1.1428571428571428,0.0,0.0,0.3507333333333333,optimal
2021-02-08 15:00:00,69,2,1.1428571428571428,0.0,0.0,0.2606,optimal
2021-02-08 15:30:00,69,2,1.1428571428571428,0.0,0.0,0.29669999999999996,optimal
2021-02-08 16:00:00,69,2,0.0,0.0,0.0,0.26863333333333334,optimal
2021-02-08 16:30:00,69,2,0.0,0.0,0.0,0.0785,optimal
2021-02-08 17:00:00,69,2,0.0,0.0,0.0,0.2077333333333333,optimal
2021-02-08 17:30:00,69,2,0.0,0.0,0.0,0.12266666666666669,optimal
2021-02-08 18:00:00,69,2,0.0,0.0,0.0,0.165,optimal
2021-02-08 18:30:00,69,2,0.0,0.0,0.0,0.21506666666666663,optimal
2021-02-08 19:00:00,69,2,0.0,0.0,0.0,0.11766666666666668,optimal
2021-02-08 19:30:00,69,2,0.7851316855861921,0.0,0.0,0.19906666666666664,optimal
2021-02-08 20:00:00,69,2,0.7841391750749251,0.0,0.0,0.22066666666666662,optimal
2021-02-08 20:30:00,69,2,0.0,0.0,0.0,0.1075,optimal
2021-02-08 21:00:00,69,2,0.0,0.0,0.0,0.18316666666666662,optimal
2021-02-08 21:30:00,69,2,0.0,0.0,0.0,0.2397333333333333,optimal
2021-02-08 22:00:00,69,2,0.0,0.0,0.0,0.29846666666666666,optimal
2021-02-08 22:30:00,69,2,0.0,1.7029629629629628,0.0,0.5187999999999999,optimal
2021-02-08 23:00:00,69,2,0.0,0.0,0.0,0.2846666666666667,optimal
2021-02-08 23:30:00,69,2,0.0,0.1548148148148148,0.0,0.42556666666666665,optimal
2021-02-09 00:00:00,69,2,0.0,0.0,0.0,0.062,optimal
2021-02-09 00:30:00,69,2,0.0,0.0,0.0,0.144,optimal
2021-02-09 01:00:00,69,2,0.8942946902394389,0.0,0.0,0.10026666666666668,optimal
2021-02-09 01:30:00,69,2,1.1428571428571428,0.0,0.0,0.062,optimal
2021-02-09 02:00:00,69,2,1.1428571428571428,0.0,0.0,0.13853333333333334,optimal
2021-02-09 02:30:00,69,2,1.1428571428571428,0.0,0.0,0.10573333333333332,optimal
2021-02-09 03:00:00,69,2,1.1428571428571428,0.0,0.0,0.08933333333333333,optimal
2021-02-09 03:30:00,69,2,1.1428571428571428,0.0,0.0,0.15493333333333334,optimal
2021-02-09 04:00:00,69,2,1.1428571428571428,0.0,0.0,0.062,optimal
2021-02-09 04:30:00,69,2,1.1428571428571428,0.0,0.0,0.16040000000000001,optimal
2021-02-09 05:00:00,69,2,1.1428571428571428,0.0,0.0,0.08386666666666666,optimal
2021-02-09 05:30:00,69,2,1.1428571428571428,0.0,0.0,0.06266666666666666,optimal
2021-02-09 06:00:00,69,2,1.1428571428571428,0.0,0.0,0.1704,optimal
2021-02-09 06:30:00,69,2,1.1428571428571428,0.0,0.0,0.08453333333333334,optimal
2021-02-09 07:00:00,69,2,1.1428571428571428,0.1548148148148148,6.871551375379927,0.072,optimal
2021-02-09 07:30:00,69,2,1.1428571428571428,0.3096296296296296,0.0,0.18893333333333331,optimal
2021-02-09 08:00:00,69,2,0.8445980468572994,0.0,0.0,0.06866666666666667,optimal
2021-02-09 08:30:00,69,2,0.8085048430828603,0.0,0.0,0.17186666666666667,optimal
2021-02-09 09:00:00,69,2,0.7693423660634904,0.0,0.0,0.07840000000000001,optimal
2021-02-09 09:30:00,69,2,0.7611940537527114,0.0,0.0,0.062,optimal
2021-02-09 10:00:00,69,2,0.6339236977653844,0.0,0.0,0.11666666666666668,optimal
2021-02-09 10:30:00,69,2,0.6201048660778324,0.0,0.0,0.1276,optimal
2021-02-09 11:00:00,69,2,0.5359972585057309,0.0,0.0,0.062,optimal
2021-02-09 11:30:00,69,2,0.5088677778825037,0.0,0.0,0.14946666666666666,optimal
2021-02-09 12:00:00,69,2,0.9831555434366661,0.0,0.0,0.0948,optimal
2021-02-09 12:30:00,69,2,1.1428571428571428,0.0,0.0,0.08933333333333333,optimal
2021-02-09 13:00:00,69,2,1.1428571428571428,0.0,0.0,0.15493333333333334,optimal
2021-02-09 13:30:00,69,2,1.1428571428571428,0.0,0.0,0.062,optimal
2021-02-09 14:00:00,69,2,1.1428571428571428,0.0,0.0,0.13306666666666667,optimal
2021-02-09 14:30:00,69,2,1.1428571428571428,0.0,0.0,0.11120000000000001,optimal
2021-02-09 15:00:00,69,2,1.1428571428571428,0.0,0.0,0.07840000000000001,optimal
2021-02-09 15:30:00,69,2,1.1428571428571428,0.0,0.0,0.16653333333333334,optimal
2021-02-09 16:00:00,69,2,0.0,0.0,0.0,0.072,optimal
2021-02-09 16:30:00,69,2,0.0,0.0774074074074074,0.0,0.1936,optimal
2021-02-09 17:00:00,69,2,0.0,0.0,0.0,0.068,optimal
2021-02-09 17:30:00,69,2,0.0,0.0,0.0,0.12296666666666668,optimal
2021-02-09 18:00:00,69,2,0.0,0.387037037037037,0.0,0.13113333333333332,optimal
2021-02-09 18:30:00,69,2,0.0,0.387037037037037,0.0,0.09523333333333332,optimal
2021-02-09 19:00:00,69,2,0.0,0.3096296296296296,0.0,0.5349666666666667,optimal
2021-02-09 19:30:00,69,2,0.560272940271234,0.0,0.0,0.19390000000000002,optimal
2021-02-09 20:00:00,69,2,0.5392538926521797,2.5544444444444445,0.0,0.29283333333333333,optimal
2021-02-09 20:30:00,69,2,0.0,0.0,0.0,0.17586666666666667,optimal
2021-02-09 21:00:00,69,2,0.0,0.0,0.0,0.2756,optimal
2021-02-09 21:30:00,69,2,0.0,0.0,0.0,0.5847,optimal
2021-02-09 22:00:00,69,2,0.0,0.5418518518518518,0.0,0.5497000000000001,optimal
2021-02-09 22:30:00,69,2,0.0,0.0,0.0,0.5208666666666667,optimal
2021-02-09 23:00:00,69,2,0.0,0.0,0.0,0.1704,optimal
2021-02-09 23:30:00,69,2,0.0,0.0,0.0,0.09286666666666667,optimal
2021-02-10 00:00:00,69,2,0.0,0.0,0.0,0.056,optimal
2021-02-10 00:30:00,69,2,0.0,0.0,0.0,0.056,optimal
2021-02-10 01:00:00,69,2,1.0527149363033064,0.0,0.0,0.056,optimal
2021-02-10 01:30:00,69,2,1.1428571428571428,0.0,0.0,0.18359999999999999,optimal
2021-02-10 02:00:00,69,2,1.1428571428571428,0.0,0.0,0.056,optimal
2021-02-10 02:30:00,69,2,1.1428571428571428,0.0,0.0,0.0676,optimal
2021-02-10 03:00:00,69,2,1.1428571428571428,0.0,0.0,0.172,optimal
2021-02-10 03:30:00,69,2,1.1428571428571428,0.0,0.0,0.056,optimal
2021-02-10 04:00:00,69,2,1.1428571428571428,0.0,0.0,0.16040000000000001,optimal
2021-02-10 04:30:00,69,2,1.1428571428571428,0.0,0.0,0.0792,optimal
2021-02-10 05:00:00,69,2,1.1428571428571428,0.0,0.0,0.056,optimal
2021-02-10 05:30:00,69,2,1.1428571428571428,0.0,0.0,0.056,optimal
2021-02-10 06:00:00,69,2,1.1428571428571428,0.0,0.0,0.18359999999999999,optimal
2021-02-10 06:30:00,69,2,1.1428571428571428,0.0,1.2663883985247613,0.056,optimal
2021-02-10 07:00:00,69,2,1.1428571428571428,0.0,10.0,1.1093,optimal
2021-02-10 07:30:00,69,2,1.1428571428571428,0.23222222222222222,0.0,1.1715,optimal
2021-02-10 08:00:00,69,2,0.7393235853063437,0.0,0.0,0.0592,optimal
2021-02-10 08:30:00,69,2,0.6484723294801085,0.6966666666666667,0.0,0.13040000000000002,optimal
2021-02-10 09:00:00,69,2,0.5733851992836158,0.46444444444444444,0.0,0.11086666666666666,optimal
2021-02-10 09:30:00,69,2,0.5679244196478523,0.0,0.0,0.0702,optimal
2021-02-10 10:00:00,69,2,0.4088376826993655,0.0,0.0,0.1966,optimal
2021-02-10 10:30:00,69,2,0.447525431305884,0.1548148148148148,0.0,0.069,optimal
2021-02-10 11:00:00,69,2,0.3726908740705101,0.1548148148148148,0.0,0.1386,optimal
2021-02-10 11:30:00,69,2,0.3773919128240663,0.0,0.0,1.3549333333333333,optimal
2021-02-10 12:00:00,69,2,0.4092310120134584,0.0774074074074074,0.0,0.058,optimal
2021-02-10 12:30:00,69,2,0.32390529772774707,0.0,0.0,1.5003333333333333,optimal
2021-02-10 13:00:00,69,2,1.1428571428571428,0.0,0.0,0.3427,optimal
2021-02-10 13:30:00,69,2,1.1428571428571428,0.0,0.0,0.16446666666666668,optimal
2021-02-10 14:00:00,69,2,1.1428571428571428,0.1548148148148148,0.0,1.6498,optimal
2021-02-10 14:30:00,69,2,1.1428571428571428,0.9288888888888889,0.0,1.0212999999999999,optimal
2021-02-10 15:00:00,69,2,1.1428571428571428,0.0,0.0,0.12223333333333332,optimal
2021-02-10 15:30:00,69,2,1.1428571428571428,0.387037037037037,0.0,0.3494,optimal
2021-02-10 16:00:00,69,2,0.0,0.0774074074074074,0.0,0.34586666666666666,optimal
2021-02-10 16:30:00,69,2,0.0,0.23222222222222222,0.0,1.4155,optimal
2021-02-10 17:00:00,69,2,0.0,0.0,0.0,0.17116666666666666,optimal
2021-02-10 17:30:00,69,2,0.0,0.0,0.0,0.17733333333333334,optimal
2021-02-10 18:00:00,69,2,0.0,0.5418518518518518,0.0,1.0011666666666665,optimal
2021-02-10 18:30:00,69,2,0.0,0.387037037037037,0.0,0.9843,optimal
2021-02-10 19:00:00,69,2,0.0,0.0,0.0,0.9311666666666666,optimal
2021-02-10 19:30:00,69,2,0.08714462563430048,0.0,0.0,0.6221333333333333,optimal
2021-02-10 20:00:00,69,2,0.5507591773573237,0.0,0.0,0.6015,optimal
2021-02-10 20:30:00,69,2,0.0,0.0,0.0,0.2977666666666666,optimal
2021-02-10 21:00:00,69,2,0.0,0.0,0.0,0.1752,optimal
2021-02-10 21:30:00,69,2,0.0,2.0899999999999994,0.0,0.1918,optimal
2021-02-10 22:00:00,69,2,0.0,0.0,0.0,0.288,optimal
2021-02-10 22:30:00,69,2,0.0,0.23222222222222222,0.0,1.513266666666667,optimal
2021-02-10 23:00:00,69,2,0.0,0.0,0.0,0.066,optimal
2021-02-10 23:30:00,69,2,0.0,0.0,0.0,0.15480000000000002,optimal
2021-02-11 00:00:00,69,2,1.1428571428571428,0.0,0.0,0.054,optimal
2021-02-11 00:30:00,69,2,1.1428571428571428,0.0,0.0,0.054,optimal
2021-02-11 01:00:00,69,2,1.1428571428571428,0.0,0.0,0.054,optimal
2021-02-11 01:30:00,69,2,1.1428571428571428,0.0,0.0,0.054,optimal
2021-02-11 02:00:00,69,2,1.1428571428571428,0.0,0.0,0.054,optimal
2021-02-11 02:30:00,69,2,1.1428571428571428,0.0,0.0,0.054,optimal
2021-02-11 03:00:00,69,2,1.1428571428571428,0.0,0.0,0.054,optimal
2021-02-11 03:30:00,69,2,1.1428571428571428,0.0,0.0,0.054,optimal
2021-02-11 04:00:00,69,2,1.1428571428571428,0.0,0.0,0.054,optimal
2021-02-11 04:30:00,69,2,1.1428571428571428,0.0,0.0,0.054,optimal
2021-02-11 05:00:00,69,2,1.1428571428571428,0.0,0.0,0.054,optimal
2021-02-11 05:30:00,69,2,1.1428571428571428,0.0,0.0,0.054,optimal
2021-02-11 06:00:00,69,2,1.1428571428571428,0.0,0.0,0.054,optimal
2021-02-11 06:30:00,69,2,1.1428571428571428,0.0,6.258181432199727,0.054,optimal
2021-02-11 07:00:00,69,2,1.1428571428571428,0.3096296296296296,10.0,0.2447333333333333,optimal
2021-02-11 07:30:00,69,2,1.1428571428571428,6.429389773492601,0.0,0.075,optimal
2021-02-11 08:00:00,69,2,0.8204115513176805,0.0,0.0,0.0732,optimal
2021-02-11 08:30:00,69,2,0.7634857074730759,0.0774074074074074,0.0,0.062,optimal
2021-02-11 09:00:00,69,2,0.7092836113797386,0.23222222222222222,0.0,0.07959999999999999,optimal
2021-02-11 09:30:00,69,2,0.6357821793846958,0.0,0.0,0.20333333333333328,optimal
2021-02-11 10:00:00,69,2,0.4082517902506594,0.0,0.0,0.33516666666666667,optimal
2021-02-11 10:30:00,69,2,0.4578722243960426,0.1548148148148148,0.0,0.22066666666666662,optimal
2021-02-11 11:00:00,69,2,0.43189598984317484,0.0,0.0,0.216,optimal
2021-02-11 11:30:00,69,2,0.5038109233519328,0.0,0.0,0.11,optimal
2021-02-11 12:00:00,69,2,0.9220690081098377,0.0,0.0,0.064,optimal
2021-02-11 12:30:00,69,2,1.1428571428571428,0.0,0.0,0.064,optimal
2021-02-11 13:00:00,69,2,1.1428571428571428,0.0,0.0,0.064,optimal
2021-02-11 13:30:00,69,2,1.1428571428571428,0.0,0.0,0.064,optimal
2021-02-11 14:00:00,69,2,1.1428571428571428,0.0,0.0,0.064,optimal
2021-02-11 14:30:00,69,2,1.1428571428571428,0.0,0.0,0.064,optimal
2021-02-11 15:00:00,69,2,1.1428571428571428,0.0,0.0,0.064,optimal
2021-02-11 15:30:00,69,2,1.1428571428571428,0.0,0.0,0.103,optimal
2021-02-11 16:00:00,69,2,0.0,0.0,0.0,0.181,optimal
2021-02-11 16:30:00,69,2,0.0,0.0774074074074074,0.0,0.5251333333333333,optimal
2021-02-11 17:00:00,69,2,0.0,0.23222222222222222,0.0,0.335,optimal
2021-02-11 17:30:00,69,2,0.0,0.0,0.0,0.3046666666666667,optimal
2021-02-11 18:00:00,69,2,0.0,0.46444444444444444,0.0,0.2703666666666667,optimal
2021-02-11 18:30:00,69,2,0.0,0.6192592592592592,0.0,0.3244666666666666,optimal
2021-02-11 19:00:00,69,2,0.0,0.23222222222222222,0.0,0.2425,optimal
2021-02-11 19:30:00,69,2,0.890442391402585,0.0,0.0,0.22166666666666662,optimal
2021-02-11 20:00:00,69,2,0.9687426528027778,0.3096296296296296,0.0,0.20866666666666664,optimal
2021-02-11 20:30:00,69,2,0.0,0.0,0.0,0.17546666666666666,optimal
2021-02-11 21:00:00,69,2,0.0,0.0,0.0,0.3904333333333333,optimal
2021-02-11 21:30:00,69,2,0.0,0.0,0.0,0.24113333333333334,optimal
2021-02-11 22:00:00,69,2,0.0,0.46444444444444444,0.0,0.5354333333333333,optimal
2021-02-11 22:30:00,69,2,0.0,0.0,0.0,0.2776,optimal
2021-02-11 23:00:00,69,2,0.0,0.0,0.0,0.0869,optimal
2021-02-11 23:30:00,69,2,0.0,0.0,0.0,0.059333333333333335,optimal
2021-02-12 00:00:00,69,2,1.1428571428571428,0.0,0.0,0.058,optimal
2021-02-12 00:30:00,69,2,1.1428571428571428,0.0,0.0,0.09759999999999999,optimal
2021-02-12 01:00:00,69,2,1.1428571428571428,0.0,0.0,0.245,optimal
2021-02-12 01:30:00,69,2,1.1428571428571428,0.0,0.0,0.058,optimal
2021-02-12 02:00:00,69,2,1.1428571428571428,0.0,0.0,0.1391,optimal
2021-02-12 02:30:00,69,2,1.1428571428571428,0.0,0.0,0.2035,optimal
2021-02-12 03:00:00,69,2,1.1428571428571428,0.0,0.0,0.0888,optimal
2021-02-12 03:30:00,69,2,1.1428571428571428,0.0,0.0,0.2223,optimal
2021-02-12 04:00:00,69,2,1.1428571428571428,0.0,0.0,0.0895,optimal
2021-02-12 04:30:00,69,2,1.1428571428571428,0.0,0.0,0.08,optimal
2021-02-12 05:00:00,69,2,1.1428571428571428,0.0,0.0,0.1429,optimal
2021-02-12 05:30:00,69,2,1.1428571428571428,0.0,0.0,0.18703333333333333,optimal
2021-02-12 06:00:00,69,2,1.1428571428571428,0.0,0.0,0.1412,optimal
2021-02-12 06:30:00,69,2,1.1428571428571428,0.0,7.205994302269837,0.058,optimal
2021-02-12 07:00:00,69,2,1.1428571428571428,0.0,10.0,0.2585,optimal
2021-02-12 07:30:00,69,2,1.1428571428571428,7.535885899864606,0.0,0.1193,optimal
2021-02-12 08:00:00,69,2,0.7579038481798732,0.46444444444444444,0.0,1.5844,optimal
2021-02-12 08:30:00,69,2,0.6354960563870576,0.1548148148148148,0.0,1.0853,optimal
2021-02-12 09:00:00,69,2,0.5694831671508493,0.5418518518518518,0.0,1.2700333333333333,optimal
2021-02-12 09:30:00,69,2,0.6185212578241432,0.0,0.0,0.3972333333333333,optimal
2021-02-12 10:00:00,69,2,0.5425176055572766,0.0,0.0,0.20776666666666668,optimal
2021-02-12 10:30:00,69,2,0.5088893796190963,0.0,0.0,0.179,optimal
2021-02-12 11:00:00,69,2,0.4055005058051271,0.46444444444444444,0.0,0.13393333333333335,optimal
2021-02-12 11:30:00,69,2,0.43068531089619244,0.3096296296296296,0.0,0.10679999999999999,optimal
2021-02-12 12:00:00,69,2,0.8773093616619084,0.0,0.0,0.163,optimal
2021-02-12 12:30:00,69,2,1.1428571428571428,0.0,0.0,0.1776,optimal
2021-02-12 13:00:00,69,2,1.1428571428571428,0.0,0.0,0.1472,optimal
2021-02-12 13:30:00,69,2,1.1428571428571428,0.0,0.0,0.068,optimal
2021-02-12 14:00:00,69,2,1.1428571428571428,0.0,0.0,0.2027,optimal
2021-02-12 14:30:00,69,2,1.1428571428571428,0.0,0.0,0.15990000000000001,optimal
2021-02-12 15:00:00,69,2,1.1428571428571428,0.0,0.0,0.1353,optimal
2021-02-12 15:30:00,69,2,1.1428571428571428,0.0,0.0,0.2273,optimal
2021-02-12 16:00:00,69,2,0.0,0.0,0.0,0.09,optimal
2021-02-12 16:30:00,69,2,0.0,0.0,0.0,0.1466,optimal
2021-02-12 17:00:00,69,2,0.0,0.0,0.0,0.194,optimal
2021-02-12 17:30:00,69,2,0.0,0.23222222222222222,0.0,0.07166666666666667,optimal
2021-02-12 18:00:00,69,2,0.0,0.1548148148148148,0.0,0.1242,optimal
2021-02-12 18:30:00,69,2,0.0,0.23222222222222222,0.0,0.44530000000000003,optimal
2021-02-12 19:00:00,69,2,0.0,0.1548148148148148,0.0,0.2565,optimal
2021-02-12 19:30:00,69,2,0.3086947609429498,2.0899999999999994,0.0,1.7245333333333333,optimal
2021-02-12 20:00:00,69,2,0.6154299126655813,0.0,0.0,0.347,optimal
2021-02-12 20:30:00,69,2,0.0,0.0,0.0,0.32946666666666663,optimal
2021-02-12 21:00:00,69,2,0.0,0.0,0.0,0.4246333333333333,optimal
2021-02-12 21:30:00,69,2,0.0,5.031481481481482,0.0,0.3424,optimal
2021-02-12 22:00:00,69,2,0.0,0.0,0.0,0.3472,optimal
2021-02-12 22:30:00,69,2,0.0,0.0,0.0,0.2001,optimal
2021-02-12 23:00:00,69,2,0.0,0.0,0.0,0.1247,optimal
2021-02-12 23:30:00,69,2,0.0,0.0,0.0,0.1807,optimal
2021-02-13 00:00:00,69,2,0.0,0.0,0.0,0.055,optimal
2021-02-13 00:30:00,69,2,0.09628602611100702,0.0,0.0,0.1958,optimal
2021-02-13 01:00:00,69,2,1.1428571428571428,0.0,0.0,0.055,optimal
2021-02-13 01:30:00,69,2,1.1428571428571428,0.0,0.0,0.1766,optimal
2021-02-13 02:00:00,69,2,1.1428571428571428,0.0,0.0,0.0742,optimal
2021-02-13 02:30:00,69,2,1.1428571428571428,0.0,0.0,0.055,optimal
2021-02-13 03:00:00,69,2,1.1428571428571428,0.0,0.0,0.1958,optimal
2021-02-13 03:30:00,69,2,1.1428571428571428,0.0,0.0,0.055,optimal
2021-02-13 04:00:00,69,2,1.1428571428571428,0.0,0.0,0.055,optimal
2021-02-13 04:30:00,69,2,1.1428571428571428,0.0,0.0,0.1958,optimal
2021-02-13 05:00:00,69,2,1.1428571428571428,0.0,0.0,0.055,optimal
2021-02-13 05:30:00,69,2,1.1428571428571428,0.0,0.0,0.1894,optimal
2021-02-13 06:00:00,69,2,1.1428571428571428,0.0,0.0,0.061399999999999996,optimal
2021-02-13 06:30:00,69,2,1.1428571428571428,0.0,0.0,0.05766666666666666,optimal
2021-02-13 07:00:00,69,2,1.1428571428571428,1.1611111111111108,6.340405688167796,0.5447666666666666,optimal
2021-02-13 07:30:00,69,2,1.1428571428571428,0.46444444444444444,0.0,0.7984,optimal
2021-02-13 08:00:00,69,2,0.6525593408280832,6.579629629629631,0.0,0.2878,optimal
2021-02-13 08:30:00,69,2,0.6743984316334306,0.0774074074074074,0.0,1.1551,optimal
2021-02-13 09:00:00,69,2,0.6091247789774706,0.3096296296296296,0.0,0.2546,optimal
2021-02-13 09:30:00,69,2,0.5109821377661037,0.0,0.0,0.53,optimal
2021-02-13 10:00:00,69,2,0.5009960570774371,0.0,0.0,0.2153333333333333,optimal
2021-02-13 10:30:00,69,2,0.4114475288351622,0.0,0.0,1.8671333333333329,optimal
2021-02-13 11:00:00,69,2,0.26461446605122696,0.1548148148148148,0.0,3.054,optimal
2021-02-13 11:30:00,69,2,0.7440448407636062,0.5418518518518518,0.0,1.626266666666667,optimal
2021-02-13 12:00:00,69,2,1.1428571428571428,0.0774074074074074,0.0,0.16419999999999998,optimal
2021-02-13 12:30:00,69,2,1.1428571428571428,0.0,0.0,0.0714,optimal
2021-02-13 13:00:00,69,2,1.1428571428571428,0.0,0.0,0.1994,optimal
2021-02-13 13:30:00,69,2,1.1428571428571428,0.0,0.0,0.065,optimal
2021-02-13 14:00:00,69,2,1.1428571428571428,0.0,0.0,0.1802,optimal
2021-02-13 14:30:00,69,2,1.1428571428571428,0.0,0.0,0.0906,optimal
2021-02-13 15:00:00,69,2,1.1428571428571428,0.0,0.0,0.065,optimal
2021-02-13 15:30:00,69,2,1.1428571428571428,0.0,0.0,0.2058,optimal
2021-02-13 16:00:00,69,2,0.0,0.0,0.0,0.065,optimal
2021-02-13 16:30:00,69,2,0.0,0.0,0.0,0.1418,optimal
2021-02-13 17:00:00,69,2,0.0,0.0774074074074074,0.0,0.651,optimal
2021-02-13 17:30:00,69,2,0.0,0.387037037037037,0.0,1.2196666666666667,optimal
2021-02-13 18:00:00,69,2,0.0,0.6192592592592592,0.0,0.8544666666666667,optimal
2021-02-13 18:30:00,69,2,0.0,0.23222222222222222,0.0,0.2113333333333333,optimal
2021-02-13 19:00:00,69,2,0.0,0.1548148148148148,0.0,0.1182,optimal
2021-02-13 19:30:00,69,2,0.6529423799905583,0.23222222222222222,0.0,0.3366,optimal
2021-02-13 20:00:00,69,2,0.6647441983798773,0.23222222222222222,0.0,0.29893333333333333,optimal
2021-02-13 20:30:00,69,2,0.0,0.46444444444444444,0.0,0.251,optimal
2021-02-13 21:00:00,69,2,0.0,0.23222222222222222,0.0,0.5756,optimal
2021-02-13 21:30:00,69,2,0.0,0.0,0.0,0.3994666666666666,optimal
2021-02-13 22:00:00,69,2,0.0,0.387037037037037,0.0,0.4040666666666667,optimal
2021-02-13 22:30:00,69,2,0.0,0.0,0.0,0.22513333333333332,optimal
2021-02-13 23:00:00,69,2,0.0,0.0,0.0,0.065,optimal
2021-02-13 23:30:00,69,2,0.0,0.0,0.0,0.20313333333333333,optimal
2021-02-07 00:00:00,70,2,0.0,0.1548148148148148,0.0,0.15330000000000002,optimal
2021-02-07 00:30:00,70,2,0.0,0.0,0.0,0.11566666666666668,optimal
2021-02-07 01:00:00,70,2,0.0,0.0,0.0,0.062,optimal
2021-02-07 01:30:00,70,2,0.0,0.0,0.0,0.15533333333333335,optimal
2021-02-07 02:00:00,70,2,0.0,0.0,0.0,0.062,optimal
2021-02-07 02:30:00,70,2,0.0,0.1548148148148148,0.0,0.26576666666666665,optimal
2021-02-07 03:00:00,70,2,0.0,0.387037037037037,0.0,0.35596666666666665,optimal
2021-02-07 03:30:00,70,2,0.0,0.387037037037037,0.0,0.084,optimal
2021-02-07 04:00:00,70,2,1.1428571428571428,0.1548148148148148,0.0,0.14916666666666667,optimal
2021-02-07 04:30:00,70,2,1.1428571428571428,0.1548148148148148,0.0,0.07866666666666668,optimal
2021-02-07 05:00:00,70,2,1.1428571428571428,0.0,1.1060376930150764,0.14866666666666667,optimal
2021-02-07 05:30:00,70,2,1.1428571428571428,0.1548148148148148,0.0,1.534733333333333,optimal
2021-02-07 06:00:00,70,2,1.1428571428571428,0.1548148148148148,0.0,0.8839,optimal
2021-02-07 06:30:00,70,2,1.1428571428571428,0.6192592592592592,0.0,0.4835,optimal
2021-02-07 07:00:00,70,2,1.1428571428571428,0.3096296296296296,0.0,2.0838666666666668,optimal
2021-02-07 07:30:00,70,2,0.0,1.1611111111111108,0.0,2.4340333333333333,optimal
2021-02-07 08:00:00,70,2,0.0,0.46444444444444444,0.0,0.5801000000000001,optimal
2021-02-07 08:30:00,70,2,0.0,0.6192592592592592,0.0,0.3442,optimal
2021-02-07 09:00:00,70,2,0.0,0.0,0.0,0.072,optimal
2021-02-07 09:30:00,70,2,0.6955442526759743,0.0,0.0,0.16533333333333333,optimal
2021-02-07 10:00:00,70,2,0.6965710516440282,0.0,0.0,0.072,optimal
2021-02-07 10:30:00,70,2,0.7008490605095259,0.0,0.0,0.072,optimal
2021-02-07 11:00:00,70,2,0.6351681026668484,0.0,0.0,0.11866666666666668,optimal
2021-02-07 11:30:00,70,2,0.6351681026668484,0.0,0.0,0.11866666666666668,optimal
2021-02-07 12:00:00,70,2,0.6096407072135304,0.0,0.0,0.072,optimal
2021-02-07 12:30:00,70,2,0.5829740405468675,0.0,0.0,0.16533333333333333,optimal
2021-02-07 13:00:00,70,2,1.1428571428571428,0.0,0.0,0.072,optimal
2021-02-07 13:30:00,70,2,1.1428571428571428,0.0,0.0,0.16533333333333333,optimal
2021-02-07 14:00:00,70,2,1.1428571428571428,0.0,0.0,0.11973333333333332,optimal
2021-02-07 14:30:00,70,2,1.1428571428571428,0.0,0.0,0.36610000000000004,optimal
2021-02-07 15:00:00,70,2,1.1428571428571428,0.3096296296296296,0.0,0.4664,optimal
2021-02-07 15:30:00,70,2,1.1428571428571428,0.0,0.0,0.5986666666666667,optimal
2021-02-07 16:00:00,70,2,0.0,0.0,0.0,0.8836666666666666,optimal
2021-02-07 16:30:00,70,2,0.0,0.8514814814814814,0.0,1.4425666666666666,optimal
2021-02-07 17:00:00,70,2,0.0,0.0774074074074074,0.0,0.7242999999999999,optimal
2021-02-07 17:30:00,70,2,0.0,0.387037037037037,0.0,0.6148333333333333,optimal
2021-02-07 18:00:00,70,2,0.0,0.3096296296296296,0.0,0.48186666666666667,optimal
2021-02-07 18:30:00,70,2,0.0,0.0,0.0,1.6240333333333332,optimal
2021-02-07 19:00:00,70,2,0.0,0.1548148148148148,0.0,2.975,optimal
2021-02-07 19:30:00,70,2,0.0,0.0,0.0,2.5011666666666663,optimal
2021-02-07 20:00:00,70,2,0.3150238079926956,0.0,0.0,0.21380000000000002,optimal
2021-02-07 20:30:00,70,2,0.0,0.0,0.0,0.32893333333333336,optimal
2021-02-07 21:00:00,70,2,0.0,0.0,0.0,0.5237333333333334,optimal
2021-02-07 21:30:00,70,2,0.0,0.3096296296296296,0.0,2.2256,optimal
2021-02-07 22:00:00,70,2,0.0,0.1548148148148148,0.0,1.4855,optimal
2021-02-07 22:30:00,70,2,0.0,0.0774074074074074,0.0,1.5101666666666667,optimal
2021-02-07 23:00:00,70,2,0.0,0.1548148148148148,0.0,0.5888333333333333,optimal
2021-02-07 23:30:00,70,2,0.0,0.0,0.0,2.137633333333333,optimal
2021-02-08 00:00:00,70,2,0.0,0.0,0.0,0.064,optimal
2021-02-08 00:30:00,70,2,0.0,0.0,0.0,0.064,optimal
2021-02-08 01:00:00,70,2,0.0,0.0,0.0,0.124,optimal
2021-02-08 01:30:00,70,2,0.0,0.0,0.0,0.064,optimal
2021-02-08 02:00:00,70,2,0.2524800554597552,0.0,0.0,0.064,optimal
2021-02-08 02:30:00,70,2,1.1428571428571428,0.0,0.0,0.124,optimal
2021-02-08 03:00:00,70,2,1.1428571428571428,0.0,0.0,0.10883333333333331,optimal
2021-02-08 03:30:00,70,2,1.1428571428571428,0.0,0.0,0.6342666666666666,optimal
2021-02-08 04:00:00,70,2,1.1428571428571428,0.0,0.0,0.36233333333333334,optimal
2021-02-08 04:30:00,70,2,1.1428571428571428,4.644444444444443,0.0,0.4567333333333333,optimal
2021-02-08 05:00:00,70,2,1.1428571428571428,2.0899999999999994,0.0,1.2509666666666668,optimal
2021-02-08 05:30:00,70,2,1.1428571428571428,0.0,0.0,0.3536666666666667,optimal
2021-02-08 06:00:00,70,2,1.1428571428571428,0.1548148148148148,0.0,0.8555333333333333,optimal
2021-02-08 06:30:00,70,2,1.1428571428571428,0.387037037037037,7.968534917212726,1.3019666666666667,optimal
2021-02-08 07:00:00,70,2,1.1428571428571428,0.1548148148148148,10.0,0.6755333333333333,optimal
2021-02-08 07:30:00,70,2,1.1428571428571428,0.5418518518518518,0.0,0.313,optimal
2021-02-08 08:00:00,70,2,0.693857871829705,0.387037037037037,0.0,0.28556666666666664,optimal
2021-02-08 08:30:00,70,2,0.7189644521237741,6.037777777777776,0.0,0.21,optimal
2021-02-08 09:00:00,70,2,0.41814618177025425,1.315925925925926,0.0,1.2655,optimal
2021-02-08 09:30:00,70,2,0.5462339303767594,0.0774074074074074,0.0,0.5923999999999999,optimal
2021-02-08 10:00:00,70,2,0.5768646054362672,0.6192592592592592,0.0,0.15113333333333331,optimal
2021-02-08 10:30:00,70,2,0.5998339996868882,0.0,0.0,0.10766666666666669,optimal
2021-02-08 11:00:00,70,2,0.41859250506632373,0.46444444444444444,0.0,0.35436666666666666,optimal
2021-02-08 11:30:00,70,2,0.4543049723913051,0.0774074074074074,0.0,0.22096666666666667,optimal
2021-02-08 12:00:00,70,2,0.3955709311025758,1.0837037037037036,0.0,0.2606666666666667,optimal
2021-02-08 12:30:00,70,2,0.39996729432395767,0.23222222222222222,0.0,0.22619999999999998,optimal
2021-02-08 13:00:00,70,2,1.1428571428571428,0.0774074074074074,0.0,0.5553333333333333,optimal
2021-02-08 13:30:00,70,2,1.1428571428571428,0.23222222222222222,0.0,1.3361333333333334,optimal
2021-02-08 14:00:00,70,2,1.1428571428571428,0.0,0.0,0.22866666666666663,optimal
2021-02-08 14:30:00,70,2,1.1428571428571428,0.0,0.0,0.22223333333333328,optimal
2021-02-08 15:00:00,70,2,1.1428571428571428,0.0,0.0,0.3115,optimal
2021-02-08 15:30:00,70,2,1.1428571428571428,0.0,0.0,0.23053333333333334,optimal
2021-02-08 16:00:00,70,2,0.0,0.387037037037037,0.0,0.2994,optimal
2021-02-08 16:30:00,70,2,0.0,0.0,0.0,0.28863333333333335,optimal
2021-02-08 17:00:00,70,2,0.0,0.23222222222222222,0.0,0.2153333333333333,optimal
2021-02-08 17:30:00,70,2,0.0,0.1548148148148148,0.0,0.9153666666666668,optimal
2021-02-08 18:00:00,70,2,0.0,0.387037037037037,0.0,0.8475666666666667,optimal
2021-02-08 18:30:00,70,2,0.0,0.0,0.0,0.439,optimal
2021-02-08 19:00:00,70,2,0.0,0.6966666666666667,0.0,0.3616666666666667,optimal
2021-02-08 19:30:00,70,2,0.30180178919550504,0.0,0.0,0.36060000000000003,optimal
2021-02-08 20:00:00,70,2,0.5773677465034895,0.0,0.0,0.5068,optimal
2021-02-08 20:30:00,70,2,0.0,0.0774074074074074,0.0,0.45096666666666657,optimal
2021-02-08 21:00:00,70,2,0.0,0.23222222222222222,0.0,0.5782,optimal
2021-02-08 21:30:00,70,2,0.0,0.0,0.0,0.3842,optimal
2021-02-08 22:00:00,70,2,0.0,0.0,0.0,0.074,optimal
2021-02-08 22:30:00,70,2,0.0,0.0,0.0,0.074,optimal
2021-02-08 23:00:00,70,2,0.0,0.0,0.0,0.134,optimal
2021-02-08 23:30:00,70,2,0.0,0.0,0.0,0.074,optimal
2021-02-09 00:00:00,70,2,0.0,0.0,0.0,0.047,optimal
2021-02-09 00:30:00,70,2,0.0,0.0,0.0,0.047,optimal
2021-02-09 01:00:00,70,2,0.9055564162541803,0.0,0.0,0.047,optimal
2021-02-09 01:30:00,70,2,1.1428571428571428,0.0,0.0,0.14453333333333332,optimal
2021-02-09 02:00:00,70,2,1.1428571428571428,0.0,0.0,0.047,optimal
2021-02-09 02:30:00,70,2,1.1428571428571428,0.0,0.0,0.13756666666666667,optimal
2021-02-09 03:00:00,70,2,1.1428571428571428,0.0,0.0,0.05396666666666667,optimal
2021-02-09 03:30:00,70,2,1.1428571428571428,0.0,0.0,0.047,optimal
2021-02-09 04:00:00,70,2,1.1428571428571428,0.0,0.0,0.14453333333333332,optimal
2021-02-09 04:30:00,70,2,1.1428571428571428,0.0,0.0,0.047,optimal
2021-02-09 05:00:00,70,2,1.1428571428571428,0.0,0.0,0.10273333333333332,optimal
2021-02-09 05:30:00,70,2,1.1428571428571428,0.0,0.0,0.0888,optimal
2021-02-09 06:00:00,70,2,1.1428571428571428,0.0,0.0,0.047,optimal
2021-02-09 06:30:00,70,2,1.1428571428571428,0.0,6.769387777217207,0.14453333333333332,optimal
2021-02-09 07:00:00,70,2,1.1428571428571428,0.1548148148148148,10.0,0.04633333333333334,optimal
2021-02-09 07:30:00,70,2,1.1428571428571428,0.6966666666666667,0.0,0.0565,optimal
2021-02-09 08:00:00,70,2,0.4932913801906387,1.315925925925926,0.0,1.4806666666666668,optimal
2021-02-09 08:30:00,70,2,0.5225143668923865,0.23222222222222222,0.0,0.807,optimal
2021-02-09 09:00:00,70,2,0.48273284225396795,0.6192592592592592,0.0,1.2005,optimal
2021-02-09 09:30:00,70,2,0.4789731013717522,0.1548148148148148,0.0,0.8589,optimal
2021-02-09 10:00:00,70,2,0.53845893586062,0.23222222222222222,0.0,1.3231333333333335,optimal
2021-02-09 10:30:00,70,2,0.639562008934974,0.0,0.0,0.129,optimal
2021-02-09 11:00:00,70,2,0.508170591839069,0.0,0.0,0.23833333333333329,optimal
2021-02-09 11:30:00,70,2,0.36610777788250365,0.0774074074074074,0.0,1.5272000000000001,optimal
2021-02-09 12:00:00,70,2,0.5915034639742284,0.3096296296296296,0.0,0.2976333333333333,optimal
2021-02-09 12:30:00,70,2,1.1428571428571428,0.0,0.0,0.07426666666666666,optimal
2021-02-09 13:00:00,70,2,1.1428571428571428,0.23222222222222222,0.0,0.13126666666666667,optimal
2021-02-09 13:30:00,70,2,1.1428571428571428,0.0,0.0,1.2266333333333335,optimal
2021-02-09 14:00:00,70,2,1.1428571428571428,0.0,0.0,0.5417666666666666,optimal
2021-02-09 14:30:00,70,2,1.1428571428571428,0.0,0.0,0.3111333333333333,optimal
2021-02-09 15:00:00,70,2,1.1428571428571428,0.0,0.0,0.12666666666666668,optimal
2021-02-09 15:30:00,70,2,1.1428571428571428,0.0,0.0,0.057,optimal
2021-02-09 16:00:00,70,2,0.0,0.0,0.0,0.15453333333333333,optimal
2021-02-09 16:30:00,70,2,0.0,0.0,0.0,0.057,optimal
2021-02-09 17:00:00,70,2,0.0,0.0,0.0,0.057,optimal
2021-02-09 17:30:00,70,2,0.0,0.0,0.0,0.15453333333333333,optimal
2021-02-09 18:00:00,70,2,0.0,0.0,0.0,0.057,optimal
2021-02-09 18:30:00,70,2,0.0,0.0,0.0,0.13166666666666665,optimal
2021-02-09 19:00:00,70,2,0.0,0.0,0.0,0.4668333333333333,optimal
2021-02-09 19:30:00,70,2,0.590168178366473,0.0,0.0,0.5185333333333333,optimal
2021-02-09 20:00:00,70,2,0.5061205593188493,0.0,0.0,0.7883666666666667,optimal
2021-02-09 20:30:00,70,2,0.0,0.0,0.0,0.2809,optimal
2021-02-09 21:00:00,70,2,0.0,0.3096296296296296,0.0,0.5957333333333333,optimal
2021-02-09 21:30:00,70,2,0.0,0.0,0.0,0.32580000000000003,optimal
2021-02-09 22:00:00,70,2,0.0,0.46444444444444444,0.0,0.3,optimal
2021-02-09 22:30:00,70,2,0.0,0.0,0.0,1.679733333333333,optimal
2021-02-09 23:00:00,70,2,0.0,0.0,0.0,0.3313333333333333,optimal
2021-02-09 23:30:00,70,2,0.0,0.0,0.0,0.20233333333333328,optimal
2021-02-10 00:00:00,70,2,0.0,0.0,0.0,0.33663333333333334,optimal
2021-02-10 00:30:00,70,2,0.0,0.0,0.0,0.08733333333333333,optimal
2021-02-10 01:00:00,70,2,0.0,0.0,0.0,0.128,optimal
2021-02-10 01:30:00,70,2,0.63386148985126,0.0,0.0,0.138,optimal
2021-02-10 02:00:00,70,2,1.1428571428571428,0.0,0.0,0.11666666666666668,optimal
2021-02-10 02:30:00,70,2,1.1428571428571428,0.0,0.0,0.14426666666666668,optimal
2021-02-10 03:00:00,70,2,1.1428571428571428,0.0,0.0,0.11773333333333331,optimal
2021-02-10 03:30:00,70,2,1.1428571428571428,0.0,0.0,0.0772,optimal
2021-02-10 04:00:00,70,2,1.1428571428571428,0.0,0.0,0.14813333333333334,optimal
2021-02-10 04:30:00,70,2,1.1428571428571428,0.0,0.0,0.07746666666666667,optimal
2021-02-10 05:00:00,70,2,1.1428571428571428,0.0,0.0,0.18519999999999998,optimal
2021-02-10 05:30:00,70,2,1.1428571428571428,0.0,0.0,0.113,optimal
2021-02-10 06:00:00,70,2,1.1428571428571428,0.9288888888888889,0.0,0.502,optimal
2021-02-10 06:30:00,70,2,1.1428571428571428,0.0774074074074074,1.0755213456354047,0.38373333333333337,optimal
2021-02-10 07:00:00,70,2,1.1428571428571428,2.4770370370370367,10.0,0.33113333333333334,optimal
2021-02-10 07:30:00,70,2,1.1428571428571428,0.0,0.0,0.3125333333333334,optimal
2021-02-10 08:00:00,70,2,0.6690854900682531,0.387037037037037,0.0,0.206,optimal
2021-02-10 08:30:00,70,2,0.6927009009086816,0.387037037037037,0.0,0.2543333333333333,optimal
2021-02-10 09:00:00,70,2,0.642766151664563,0.0,0.0,0.1315,optimal
2021-02-10 09:30:00,70,2,0.5352101339335607,0.0,0.0,0.4822666666666667,optimal
2021-02-10 10:00:00,70,2,0.41881863508031575,0.6192592592592592,0.0,0.36926666666666663,optimal
2021-02-10 10:30:00,70,2,0.39082066940112287,0.6192592592592592,0.0,0.354,optimal
2021-02-10 11:00:00,70,2,0.32135754073717815,0.0,0.0,0.45006666666666667,optimal
2021-02-10 11:30:00,70,2,0.03135953187168183,0.0,0.0,3.108766666666667,optimal
2021-02-10 12:00:00,70,2,0.08507482153725984,0.3096296296296296,0.0,2.1300666666666666,optimal
2021-02-10 12:30:00,70,2,0.30462148820392776,0.2740222222222222,0.0,0.4418666666666667,optimal
2021-02-10 13:00:00,70,2,0.3429048273376405,0.035607407407407414,0.0,0.4716666666666667,optimal
2021-02-10 13:30:00,70,2,0.9328721957483719,0.0774074074074074,0.0,1.0431333333333335,optimal
2021-02-10 14:00:00,70,2,1.1428571428571428,0.0,0.0,1.2447000000000001,optimal
2021-02-10 14:30:00,70,2,1.1428571428571428,0.387037037037037,0.0,0.33243333333333336,optimal
2021-02-10 15:00:00,70,2,1.1428571428571428,1.7803703703703702,0.0,0.2356,optimal
2021-02-10 15:30:00,70,2,1.1428571428571428,0.0,0.0,1.4495,optimal
2021-02-10 16:00:00,70,2,0.0,0.0,0.0,0.24466666666666662,optimal
2021-02-10 16:30:00,70,2,0.0,0.8514814814814814,0.0,0.3738333333333333,optimal
2021-02-10 17:00:00,70,2,0.0,0.0774074074074074,0.0,0.37506666666666666,optimal
2021-02-10 17:30:00,70,2,0.0,0.0774074074074074,0.0,0.4295,optimal
2021-02-10 18:00:00,70,2,0.0,0.1548148148148148,0.0,0.30989999999999995,optimal
2021-02-10 18:30:00,70,2,0.0,0.1548148148148148,0.0,1.2002666666666668,optimal
2021-02-10 19:00:00,70,2,0.0,0.0,0.0,1.7664333333333333,optimal
2021-02-10 19:30:00,70,2,0.0,0.387037037037037,0.0,0.5904666666666667,optimal
2021-02-10 20:00:00,70,2,0.0,0.1548148148148148,0.0,0.5115333333333334,optimal
2021-02-10 20:30:00,70,2,0.0,0.23222222222222222,0.0,0.42773333333333335,optimal
2021-02-10 21:00:00,70,2,0.0,0.0774074074074074,0.0,0.3869333333333333,optimal
2021-02-10 21:30:00,70,2,0.0,0.0,0.0,1.0874666666666668,optimal
2021-02-10 22:00:00,70,2,0.0,1.006296296296296,0.0,0.3083333333333333,optimal
2021-02-10 22:30:00,70,2,0.0,0.0,0.0,0.6250666666666668,optimal
2021-02-10 23:00:00,70,2,0.0,0.1548148148148148,0.0,0.6123333333333334,optimal
2021-02-10 23:30:00,70,2,0.0,2.7092592592592597,0.0,0.5065,optimal
2021-02-11 00:00:00,70,2,1.1428571428571428,0.0,0.0,0.04166666666666666,optimal
2021-02-11 00:30:00,70,2,1.1428571428571428,0.0,0.0,0.043,optimal
2021-02-11 01:00:00,70,2,1.1428571428571428,0.0,0.0,0.043,optimal
2021-02-11 01:30:00,70,2,1.1428571428571428,0.0,0.0,0.043,optimal
2021-02-11 02:00:00,70,2,1.1428571428571428,0.0,0.0,0.16866666666666666,optimal
2021-02-11 02:30:00,70,2,1.1428571428571428,0.0,0.0,0.07033333333333333,optimal
2021-02-11 03:00:00,70,2,1.1428571428571428,0.0,0.0,0.043,optimal
2021-02-11 03:30:00,70,2,1.1428571428571428,0.0,0.0,0.186,optimal
2021-02-11 04:00:00,70,2,1.1428571428571428,0.0,0.0,0.043,optimal
2021-02-11 04:30:00,70,2,1.1428571428571428,0.0,0.0,0.043,optimal
2021-02-11 05:00:00,70,2,1.1428571428571428,0.0,0.0,0.173,optimal
2021-02-11 05:30:00,70,2,1.1428571428571428,0.0,0.0,0.056,optimal
2021-02-11 06:00:00,70,2,1.1428571428571428,0.0,0.0,0.056,optimal
2021-02-11 06:30:00,70,2,1.1428571428571428,0.0,0.0,0.18166666666666662,optimal
2021-02-11 07:00:00,70,2,1.1428571428571428,0.0774074074074074,9.224009701767656,0.052333333333333336,optimal
2021-02-11 07:30:00,70,2,1.1428571428571428,0.19695336001103853,0.0,0.37310000000000004,optimal
2021-02-11 08:00:00,70,2,0.7581925036986311,0.3096296296296296,0.0,0.3441666666666667,optimal
2021-02-11 08:30:00,70,2,0.9566380884254614,0.0,0.0,0.04533333333333334,optimal
2021-02-11 09:00:00,70,2,0.8344836113797338,0.1548148148148148,0.0,0.1302333333333333,optimal
2021-02-11 09:30:00,70,2,0.626077417479937,0.0,0.0,0.39666666666666667,optimal
2021-02-11 10:00:00,70,2,0.44623274263161755,0.0,0.0,0.299,optimal
2021-02-11 10:30:00,70,2,0.5297674624912816,0.3096296296296296,0.0,0.27073333333333327,optimal
2021-02-11 11:00:00,70,2,0.5540959898431734,0.0,0.0,0.14066666666666666,optimal
2021-02-11 11:30:00,70,2,0.7328822051445735,0.0,0.0,0.053,optimal
2021-02-11 12:00:00,70,2,1.1428571428571428,0.0,0.0,0.1035,optimal
2021-02-11 12:30:00,70,2,1.1428571428571428,0.0,0.0,0.1275,optimal
2021-02-11 13:00:00,70,2,1.1428571428571428,0.0,0.0,0.046,optimal
2021-02-11 13:30:00,70,2,1.1428571428571428,0.0,0.0,0.16783333333333333,optimal
2021-02-11 14:00:00,70,2,1.1428571428571428,0.0,0.0,0.07116666666666667,optimal
2021-02-11 14:30:00,70,2,1.1428571428571428,0.0,0.0,0.044333333333333336,optimal
2021-02-11 15:00:00,70,2,1.1428571428571428,0.0,0.0,0.07766666666666668,optimal
2021-02-11 15:30:00,70,2,1.1428571428571428,0.0,0.0,0.17,optimal
2021-02-11 16:00:00,70,2,0.0,0.0,0.0,0.053,optimal
2021-02-11 16:30:00,70,2,0.0,0.0,0.0,0.183,optimal
2021-02-11 17:00:00,70,2,0.0,0.387037037037037,0.0,0.3424,optimal
2021-02-11 17:30:00,70,2,0.0,0.35142962962962954,0.0,0.34413333333333335,optimal
2021-02-11 18:00:00,70,2,0.0,0.19042222222222224,0.0,0.4108,optimal
2021-02-11 18:30:00,70,2,0.0,0.0,0.0,0.337,optimal
2021-02-11 19:00:00,70,2,0.0,0.6192592592592592,0.0,0.3980666666666667,optimal
2021-02-11 19:30:00,70,2,0.795156677116871,0.0,0.0,0.40513333333333335,optimal
2021-02-11 20:00:00,70,2,0.7884093194694375,0.0,0.0,0.5527666666666666,optimal
2021-02-11 20:30:00,70,2,0.0,0.0,0.0,0.20513333333333333,optimal
2021-02-11 21:00:00,70,2,0.0,0.0,0.0,0.18566666666666662,optimal
2021-02-11 21:30:00,70,2,0.0,0.1548148148148148,0.0,0.25753333333333334,optimal
2021-02-11 22:00:00,70,2,0.0,0.0,0.0,0.3248666666666667,optimal
2021-02-11 22:30:00,70,2,0.0,0.0,0.0,0.5687000000000001,optimal
2021-02-11 23:00:00,70,2,0.0,0.0,0.0,0.5516666666666666,optimal
2021-02-11 23:30:00,70,2,0.0,0.0,0.0,0.39973333333333333,optimal
2021-02-12 00:00:00,70,2,1.1428571428571428,0.0,0.0,0.059,optimal
2021-02-12 00:30:00,70,2,1.1428571428571428,0.0,0.0,0.059,optimal
2021-02-12 01:00:00,70,2,1.1428571428571428,0.0,0.0,0.19906666666666664,optimal
2021-02-12 01:30:00,70,2,1.1428571428571428,0.0,0.0,0.059,optimal
2021-02-12 02:00:00,70,2,1.1428571428571428,0.0,0.0,0.19906666666666664,optimal
2021-02-12 02:30:00,70,2,1.1428571428571428,0.0,0.0,0.059,optimal
2021-02-12 03:00:00,70,2,1.1428571428571428,0.0,0.0,0.059,optimal
2021-02-12 03:30:00,70,2,1.1428571428571428,0.0,0.0,0.19906666666666664,optimal
2021-02-12 04:00:00,70,2,1.1428571428571428,0.0,0.0,0.059,optimal
2021-02-12 04:30:00,70,2,1.1428571428571428,0.0,0.0,0.1163,optimal
2021-02-12 05:00:00,70,2,1.1428571428571428,0.0,0.0,0.14176666666666668,optimal
2021-02-12 05:30:00,70,2,1.1428571428571428,0.0,0.0,0.06466666666666668,optimal
2021-02-12 06:00:00,70,2,1.1428571428571428,0.0,0.0,0.20906666666666662,optimal
2021-02-12 06:30:00,70,2,1.1428571428571428,0.0,0.0,0.069,optimal
2021-02-12 07:00:00,70,2,1.1428571428571428,0.0,0.0,0.9314,optimal
2021-02-12 07:30:00,70,2,1.1428571428571428,4.388687631428705,0.0,0.6983333333333334,optimal
2021-02-12 08:00:00,70,2,0.8261095624655899,0.46444444444444444,0.0,0.2526333333333333,optimal
2021-02-12 08:30:00,70,2,0.8490370087680161,0.23222222222222222,0.0,0.10566666666666669,optimal
2021-02-12 09:00:00,70,2,0.74482792905562,0.0,0.0,0.2444333333333333,optimal
2021-02-12 09:30:00,70,2,0.6554069721098511,0.23222222222222222,0.0,0.08,optimal
2021-02-12 10:00:00,70,2,0.4408204627001407,0.0774074074074074,0.0,0.12993333333333335,optimal
2021-02-12 10:30:00,70,2,0.4504512843809938,0.0,0.0,0.2643666666666667,optimal
2021-02-12 11:00:00,70,2,0.37322431532894035,0.0,0.0,0.23586666666666667,optimal
2021-02-12 11:30:00,70,2,0.34132340613427864,0.3096296296296296,0.0,0.3327,optimal
2021-02-12 12:00:00,70,2,0.36001840204898017,0.1548148148148148,0.0,0.1766,optimal
2021-02-12 12:30:00,70,2,0.3036889214257441,0.0,0.0,0.6382000000000001,optimal
2021-02-12 13:00:00,70,2,1.1428571428571428,0.0,3.1954886924240844,2.657033333333333,optimal
2021-02-12 13:30:00,70,2,1.1428571428571428,0.46444444444444444,10.0,2.265733333333333,optimal
2021-02-12 14:00:00,70,2,1.1428571428571428,0.774074074074074,0.0,0.22956666666666664,optimal
2021-02-12 14:30:00,70,2,1.1428571428571428,0.0,0.0,0.082,optimal
2021-02-12 15:00:00,70,2,1.1428571428571428,0.0,0.0,0.3813666666666667,optimal
2021-02-12 15:30:00,70,2,1.1428571428571428,0.0,0.0,0.07826666666666666,optimal
2021-02-12 16:00:00,70,2,0.0,0.0,0.0,0.097,optimal
2021-02-12 16:30:00,70,2,0.0,0.0,0.0,0.2092333333333333,optimal
2021-02-12 17:00:00,70,2,0.0,0.23222222222222222,0.0,1.6242,optimal
2021-02-12 17:30:00,70,2,0.0,0.0,0.0,0.2475,optimal
2021-02-12 18:00:00,70,2,0.0,0.0,0.0,0.14766666666666667,optimal
2021-02-12 18:30:00,70,2,0.0,0.0,0.0,0.5093,optimal
2021-02-12 19:00:00,70,2,0.0,0.23222222222222222,0.0,1.5289000000000001,optimal
2021-02-12 19:30:00,70,2,0.10540286570263324,0.0,0.0,2.8879,optimal
2021-02-12 20:00:00,70,2,0.547597531713209,0.0,0.0,1.8168,optimal
2021-02-12 20:30:00,70,2,0.0,0.0,0.0,0.4033,optimal
2021-02-12 21:00:00,70,2,0.0,0.23222222222222222,0.0,0.23483333333333328,optimal
2021-02-12 21:30:00,70,2,0.0,0.0,0.0,0.3728,optimal
2021-02-12 22:00:00,70,2,0.0,2.2448148148148146,0.0,0.24330000000000002,optimal
2021-02-12 22:30:00,70,2,0.0,0.23222222222222222,0.0,0.328,optimal
2021-02-12 23:00:00,70,2,0.0,0.387037037037037,0.0,0.48856666666666665,optimal
2021-02-12 23:30:00,70,2,0.0,0.23222222222222222,0.0,0.15933333333333335,optimal
2021-02-13 00:00:00,70,2,0.0,0.0,0.0,0.048,optimal
2021-02-13 00:30:00,70,2,0.24093852700101726,0.0,0.0,0.10556666666666667,optimal
2021-02-13 01:00:00,70,2,1.1428571428571428,0.0,0.0,0.09509999999999999,optimal
2021-02-13 01:30:00,70,2,1.1428571428571428,0.0,0.0,0.048,optimal
2021-02-13 02:00:00,70,2,1.1428571428571428,0.0,0.0,0.048,optimal
2021-02-13 02:30:00,70,2,1.1428571428571428,0.0,0.0,0.11603333333333332,optimal
2021-02-13 03:00:00,70,2,1.1428571428571428,0.0,0.0,0.08463333333333334,optimal
2021-02-13 03:30:00,70,2,1.1428571428571428,0.0,0.0,0.048,optimal
2021-02-13 04:00:00,70,2,1.1428571428571428,0.0,0.0,0.048,optimal
2021-02-13 04:30:00,70,2,1.1428571428571428,0.0,0.0,0.048,optimal
2021-02-13 05:00:00,70,2,1.1428571428571428,0.0,0.0,0.1108,optimal
2021-02-13 05:30:00,70,2,1.1428571428571428,0.0,0.0,0.08986666666666666,optimal
2021-02-13 06:00:00,70,2,1.1428571428571428,0.0,0.0,0.048,optimal
2021-02-13 06:30:00,70,2,1.1428571428571428,0.23222222222222222,0.0,0.09476666666666668,optimal
2021-02-13 07:00:00,70,2,1.1428571428571428,0.0,9.699594092240723,0.07293333333333334,optimal
2021-02-13 07:30:00,70,2,1.1428571428571428,6.115185185185185,0.0,0.34836666666666666,optimal
2021-02-13 08:00:00,70,2,0.7696260074947595,2.941481481481482,0.0,0.06566666666666666,optimal
2021-02-13 08:30:00,70,2,0.7285250983000978,0.1548148148148148,0.0,0.12756666666666666,optimal
2021-02-13 09:00:00,70,2,0.6144504932631816,0.1548148148148148,0.0,0.802,optimal
2021-02-13 09:30:00,70,2,0.506458328242291,0.387037037037037,0.0,2.806966666666667,optimal
2021-02-13 10:00:00,70,2,0.5630512951726796,0.0,0.0,2.224766666666667,optimal
2021-02-13 10:30:00,70,2,0.7038665764542068,0.0,0.0,0.058,optimal
2021-02-13 11:00:00,70,2,0.5668620850988353,0.0,0.0,0.11033333333333331,optimal
2021-02-13 11:30:00,70,2,0.5647230806660926,0.0,0.0,0.11033333333333331,optimal
2021-02-13 12:00:00,70,2,0.5212067790920308,0.0,0.0,0.08416666666666667,optimal
2021-02-13 12:30:00,70,2,0.9019827587879388,0.0,0.0,0.1365,optimal
2021-02-13 13:00:00,70,2,1.1428571428571428,0.0,0.0,0.058,optimal
2021-02-13 13:30:00,70,2,1.1428571428571428,0.0,0.0,0.09263333333333335,optimal
2021-02-13 14:00:00,70,2,1.1428571428571428,0.0,0.0,0.1575,optimal
2021-02-13 14:30:00,70,2,1.1428571428571428,0.0,0.0,0.06863333333333334,optimal
2021-02-13 15:00:00,70,2,1.1428571428571428,0.774074074074074,0.0,0.16543333333333335,optimal
2021-02-13 15:30:00,70,2,1.1428571428571428,0.0,0.0,0.08979999999999999,optimal
2021-02-13 16:00:00,70,2,0.0,0.0,0.0,0.8666666666666666,optimal
2021-02-13 16:30:00,70,2,0.0,0.0,0.0,1.487,optimal
2021-02-13 17:00:00,70,2,0.0,1.5883999999999998,0.0,0.27366666666666667,optimal
2021-02-13 17:30:00,70,2,0.0,4.4493777777777765,0.0,0.3238666666666667,optimal
2021-02-13 18:00:00,70,2,0.0,0.1548148148148148,0.0,0.3975,optimal
2021-02-13 18:30:00,70,2,0.0,0.1548148148148148,0.0,0.22,optimal
2021-02-13 19:00:00,70,2,0.0,2.1674074074074072,0.0,0.21013333333333334,optimal
2021-02-13 19:30:00,70,2,0.6822280942762755,0.1548148148148148,0.0,0.32230000000000003,optimal
2021-02-13 20:00:00,70,2,0.7081441983798764,0.0,0.0,0.2469,optimal
2021-02-13 20:30:00,70,2,0.0,0.0,0.0,0.40003333333333335,optimal
2021-02-13 21:00:00,70,2,0.0,0.0,0.0,0.2134,optimal
2021-02-13 21:30:00,70,2,0.0,0.0,0.0,0.4386666666666667,optimal
2021-02-13 22:00:00,70,2,0.0,0.0,0.0,0.058,optimal
2021-02-13 22:30:00,70,2,0.0,0.0,0.0,0.058,optimal
2021-02-13 23:00:00,70,2,0.0,0.0,0.0,0.12603333333333333,optimal
2021-02-13 23:30:00,70,2,0.0,0.0,0.0,0.08996666666666667,optimal
2021-02-07 00:00:00,71,2,0.0,0.0,0.0,0.062,optimal
2021-02-07 00:30:00,71,2,0.0,0.0,0.0,0.15466666666666665,optimal
2021-02-07 01:00:00,71,2,0.0,0.0,0.0,0.1837333333333333,optimal
2021-02-07 01:30:00,71,2,0.0,0.0,0.0,0.08986666666666666,optimal
2021-02-07 02:00:00,71,2,0.0,0.0,0.0,1.4062666666666668,optimal
2021-02-07 02:30:00,71,2,0.0,0.0,0.0,1.7960666666666667,optimal
2021-02-07 03:00:00,71,2,0.0,0.23222222222222222,0.0,1.6208,optimal
2021-02-07 03:30:00,71,2,0.0,0.23222222222222222,0.0,1.4687999999999999,optimal
2021-02-07 04:00:00,71,2,1.1428571428571428,0.0774074074074074,0.0,1.862733333333333,optimal
2021-02-07 04:30:00,71,2,1.1428571428571428,0.0,0.0,0.6546000000000001,optimal
2021-02-07 05:00:00,71,2,1.1428571428571428,0.5418518518518518,0.0,2.0084333333333326,optimal
2021-02-07 05:30:00,71,2,1.1428571428571428,6.347407407407409,0.0,0.2947666666666667,optimal
2021-02-07 06:00:00,71,2,1.1428571428571428,0.0,0.0,0.11073333333333332,optimal
2021-02-07 06:30:00,71,2,1.1428571428571428,0.0,0.0,0.3212,optimal
2021-02-07 07:00:00,71,2,1.1428571428571428,0.1548148148148148,1.7076336144509696,0.23,optimal
2021-02-07 07:30:00,71,2,0.0,0.1548148148148148,0.0,1.1755333333333333,optimal
2021-02-07 08:00:00,71,2,0.0,0.6966666666666667,0.0,2.2665,optimal
2021-02-07 08:30:00,71,2,0.0,0.0,0.0,0.3226666666666667,optimal
2021-02-07 09:00:00,71,2,0.0,0.0,0.0,0.22986666666666666,optimal
2021-02-07 09:30:00,71,2,0.674984378188966,0.0,0.0,0.11626666666666668,optimal
2021-02-07 10:00:00,71,2,0.6837234325964014,0.0,0.0,0.11666666666666668,optimal
2021-02-07 10:30:00,71,2,0.6715823938428509,0.0,0.0,0.17413333333333333,optimal
2021-02-07 11:00:00,71,2,0.6326061979049448,0.0,0.0,0.12733333333333333,optimal
2021-02-07 11:30:00,71,2,0.5847395312382839,0.0,0.0,0.24586666666666668,optimal
2021-02-07 12:00:00,71,2,0.29262070721353606,0.3096296296296296,0.0,1.2563333333333333,optimal
2021-02-07 12:30:00,71,2,0.2646607072135301,0.387037037037037,0.0,1.211,optimal
2021-02-07 13:00:00,71,2,0.3907895640089475,0.387037037037037,0.0,0.6106333333333334,optimal
2021-02-07 13:30:00,71,2,0.8646154436514,0.0,0.0,0.3621666666666667,optimal
2021-02-07 14:00:00,71,2,1.1428571428571428,0.0,0.0,0.6166,optimal
2021-02-07 14:30:00,71,2,1.1428571428571428,0.1548148148148148,0.0,2.3626,optimal
2021-02-07 15:00:00,71,2,1.1428571428571428,0.0,0.0,0.32026666666666664,optimal
2021-02-07 15:30:00,71,2,1.1428571428571428,0.46444444444444444,0.0,2.421733333333333,optimal
2021-02-07 16:00:00,71,2,0.0,0.0,0.0,0.3505,optimal
2021-02-07 16:30:00,71,2,0.0,0.0,0.0,1.8732,optimal
2021-02-07 17:00:00,71,2,0.0,0.0,0.0,2.7339,optimal
2021-02-07 17:30:00,71,2,0.0,0.6192592592592592,0.0,2.161,optimal
2021-02-07 18:00:00,71,2,0.0,2.1674074074074072,0.0,0.6251333333333333,optimal
2021-02-07 18:30:00,71,2,0.0,4.954074074074073,0.0,0.3939666666666666,optimal
2021-02-07 19:00:00,71,2,0.0,0.0,0.0,2.0990333333333333,optimal
2021-02-07 19:30:00,71,2,0.0,0.0,0.0,2.8332333333333333,optimal
2021-02-07 20:00:00,71,2,0.0,1.8577777777777778,0.0,0.244,optimal
2021-02-07 20:30:00,71,2,0.0,0.0,0.0,0.5102666666666666,optimal
2021-02-07 21:00:00,71,2,0.0,0.0,0.0,3.2358000000000002,optimal
2021-02-07 21:30:00,71,2,0.0,0.3096296296296296,0.0,1.5440999999999998,optimal
2021-02-07 22:00:00,71,2,0.0,0.0,0.0,0.22,optimal
2021-02-07 22:30:00,71,2,0.0,0.0,0.0,0.1524,optimal
2021-02-07 23:00:00,71,2,0.0,0.0,0.0,0.2864,optimal
2021-02-07 23:30:00,71,2,0.0,0.0,0.0,0.15206666666666666,optimal
2021-02-08 00:00:00,71,2,0.0,0.0,0.0,0.23576666666666668,optimal
2021-02-08 00:30:00,71,2,0.0,0.0,0.0,0.055,optimal
2021-02-08 01:00:00,71,2,0.0,0.0,0.0,0.0886,optimal
2021-02-08 01:30:00,71,2,0.3941727850714099,0.0,0.0,0.097,optimal
2021-02-08 02:00:00,71,2,1.1428571428571428,0.0,0.0,0.2002,optimal
2021-02-08 02:30:00,71,2,1.1428571428571428,0.0,0.0,0.1306,optimal
2021-02-08 03:00:00,71,2,1.1428571428571428,0.0,0.0,0.055,optimal
2021-02-08 03:30:00,71,2,1.1428571428571428,0.0,0.0,0.055,optimal
2021-02-08 04:00:00,71,2,1.1428571428571428,0.0,0.0,0.1804,optimal
2021-02-08 04:30:00,71,2,1.1428571428571428,0.0,0.0,0.1504,optimal
2021-02-08 05:00:00,71,2,1.1428571428571428,0.0,0.0,0.1144,optimal
2021-02-08 05:30:00,71,2,1.1428571428571428,0.0,0.0,0.2164,optimal
2021-02-08 06:00:00,71,2,1.1428571428571428,0.0,0.0,0.064,optimal
2021-02-08 06:30:00,71,2,1.1428571428571428,0.0,7.454360982025366,0.2858,optimal
2021-02-08 07:00:00,71,2,1.1428571428571428,0.0,10.0,0.058333333333333334,optimal
2021-02-08 07:30:00,71,2,1.1428571428571428,0.1548148148148148,0.0,0.26853333333333335,optimal
2021-02-08 08:00:00,71,2,0.72860072897256,0.0,0.0,0.0606,optimal
2021-02-08 08:30:00,71,2,0.6631834997428226,0.8514814814814814,0.0,0.2757,optimal
2021-02-08 09:00:00,71,2,0.5709271341512068,0.0774074074074074,0.0,0.2006,optimal
2021-02-08 09:30:00,71,2,0.6278434541862844,6.037777777777776,0.0,0.08926666666666666,optimal
2021-02-08 10:00:00,71,2,0.54134079591245,0.1548148148148148,0.0,0.1554,optimal
2021-02-08 10:30:00,71,2,0.554853047305946,0.0,0.0,0.13323333333333331,optimal
2021-02-08 11:00:00,71,2,0.4880782193520455,0.5418518518518518,0.0,0.09,optimal
2021-02-08 11:30:00,71,2,0.5289430676294035,0.0,0.0,0.197,optimal
2021-02-08 12:00:00,71,2,0.509609026340674,0.0,0.0,0.137,optimal
2021-02-08 12:30:00,71,2,1.0548951472045123,0.0,0.0,0.1676,optimal
2021-02-08 13:00:00,71,2,1.1428571428571428,0.0,0.0,0.12440000000000001,optimal
2021-02-08 13:30:00,71,2,1.1428571428571428,0.0,0.0,0.1406,optimal
2021-02-08 14:00:00,71,2,1.1428571428571428,0.0,0.0,0.2102,optimal
2021-02-08 14:30:00,71,2,1.1428571428571428,0.0,0.0,0.1406,optimal
2021-02-08 15:00:00,71,2,1.1428571428571428,0.0,0.0,0.15080000000000002,optimal
2021-02-08 15:30:00,71,2,1.1428571428571428,0.0,0.0,0.1404,optimal
2021-02-08 16:00:00,71,2,0.0,0.0,0.0,0.36673333333333336,optimal
2021-02-08 16:30:00,71,2,0.0,0.0774074074074074,0.0,0.3232,optimal
2021-02-08 17:00:00,71,2,0.0,0.0774074074074074,0.0,0.178,optimal
2021-02-08 17:30:00,71,2,0.0,0.0,0.0,0.29296666666666665,optimal
2021-02-08 18:00:00,71,2,0.0,0.3096296296296296,0.0,0.9596666666666667,optimal
2021-02-08 18:30:00,71,2,0.0,0.5418518518518518,0.0,1.7848,optimal
2021-02-08 19:00:00,71,2,0.0,0.0,0.0,1.3017999999999998,optimal
2021-02-08 19:30:00,71,2,0.6736840665385789,0.0,0.0,0.13876666666666668,optimal
2021-02-08 20:00:00,71,2,0.5877772703130176,0.0,0.0,0.5445666666666668,optimal
2021-02-08 20:30:00,71,2,0.0,0.0,0.0,0.2732,optimal
2021-02-08 21:00:00,71,2,0.0,0.1548148148148148,0.0,0.1348,optimal
2021-02-08 21:30:00,71,2,0.0,0.0,0.0,0.36119999999999997,optimal
2021-02-08 22:00:00,71,2,0.0,0.0,0.0,0.2916,optimal
2021-02-08 22:30:00,71,2,0.0,0.0,0.0,0.2049333333333333,optimal
2021-02-08 23:00:00,71,2,0.0,0.0,0.0,0.25826666666666664,optimal
2021-02-08 23:30:00,71,2,0.0,0.0,0.0,0.0842,optimal
2021-02-09 00:00:00,71,2,0.0,0.0,0.0,0.06,optimal
2021-02-09 00:30:00,71,2,0.0,0.0,0.0,0.06,optimal
2021-02-09 01:00:00,71,2,0.42970573510084764,0.0,0.0,0.08186666666666666,optimal
2021-02-09 01:30:00,71,2,1.1428571428571428,0.0,0.0,0.1584,optimal
2021-02-09 02:00:00,71,2,1.1428571428571428,0.0,0.0,0.06,optimal
2021-02-09 02:30:00,71,2,1.1428571428571428,0.0,0.0,0.13106666666666666,optimal
2021-02-09 03:00:00,71,2,1.1428571428571428,0.0,0.0,0.1092,optimal
2021-02-09 03:30:00,71,2,1.1428571428571428,0.0,0.0,0.06,optimal
2021-02-09 04:00:00,71,2,1.1428571428571428,0.0,0.0,0.06,optimal
2021-02-09 04:30:00,71,2,1.1428571428571428,0.0,0.0,0.06,optimal
2021-02-09 05:00:00,71,2,1.1428571428571428,0.0,0.0,0.1802666666666667,optimal
2021-02-09 05:30:00,71,2,1.1428571428571428,0.0,0.0,0.06,optimal
2021-02-09 06:00:00,71,2,1.1428571428571428,0.1548148148148148,0.0,0.5971000000000001,optimal
2021-02-09 06:30:00,71,2,1.1428571428571428,0.1548148148148148,9.847232829926297,2.7816,optimal
2021-02-09 07:00:00,71,2,1.1428571428571428,0.1548148148148148,0.0,2.148833333333333,optimal
2021-02-09 07:30:00,71,2,1.1428571428571428,0.0,0.0,1.0944333333333334,optimal
2021-02-09 08:00:00,71,2,0.7175313801906306,0.46444444444444444,0.0,0.22193333333333332,optimal
2021-02-09 08:30:00,71,2,0.6313334145114301,0.0,0.0,0.313,optimal
2021-02-09 09:00:00,71,2,0.5845709374920577,0.5418518518518518,0.0,0.4177666666666667,optimal
2021-02-09 09:30:00,71,2,0.613394053752707,0.6192592592592592,0.0,0.28833333333333333,optimal
2021-02-09 10:00:00,71,2,0.4929903644320557,0.0774074074074074,0.0,0.4108,optimal
2021-02-09 10:30:00,71,2,0.2514915327444929,0.3096296296296296,0.0,4.0794,optimal
2021-02-09 11:00:00,71,2,0.30911154422002035,0.3096296296296296,0.0,2.727,optimal
2021-02-09 11:30:00,71,2,0.5002677778825103,0.0,0.0,0.19026666666666667,optimal
2021-02-09 12:00:00,71,2,0.468092899079497,0.0,0.0,0.07,optimal
2021-02-09 12:30:00,71,2,0.4546128558931963,0.0,0.0,0.12466666666666669,optimal
2021-02-09 13:00:00,71,2,1.1428571428571428,0.0,0.0,0.1356,optimal
2021-02-09 13:30:00,71,2,1.1428571428571428,0.0,0.0,0.21006666666666662,optimal
2021-02-09 14:00:00,71,2,1.1428571428571428,0.1548148148148148,0.0,1.1041333333333334,optimal
2021-02-09 14:30:00,71,2,1.1428571428571428,0.23222222222222222,0.0,0.6668,optimal
2021-02-09 15:00:00,71,2,1.1428571428571428,0.0,0.0,0.16226666666666667,optimal
2021-02-09 15:30:00,71,2,1.1428571428571428,0.23222222222222222,0.0,0.21359999999999998,optimal
2021-02-09 16:00:00,71,2,0.0,0.0774074074074074,0.0,0.14083333333333334,optimal
2021-02-09 16:30:00,71,2,0.0,0.387037037037037,0.0,0.22606666666666664,optimal
2021-02-09 17:00:00,71,2,0.0,0.0,0.0,0.2057333333333333,optimal
2021-02-09 17:30:00,71,2,0.0,0.0,0.0,0.1809,optimal
2021-02-09 18:00:00,71,2,0.0,0.0,0.0,0.277,optimal
2021-02-09 18:30:00,71,2,0.0,0.0,0.0,0.21580000000000002,optimal
2021-02-09 19:00:00,71,2,0.0,0.0,0.0,0.1822,optimal
2021-02-09 19:30:00,71,2,0.34959625114804943,0.0,0.0,0.25066666666666665,optimal
2021-02-09 20:00:00,71,2,0.6703205593188479,0.0,0.0,0.2554666666666667,optimal
2021-02-09 20:30:00,71,2,0.0,0.0,0.0,0.21980000000000002,optimal
2021-02-09 21:00:00,71,2,0.0,0.387037037037037,0.0,0.38666666666666666,optimal
2021-02-09 21:30:00,71,2,0.0,0.0,0.0,1.4339666666666666,optimal
2021-02-09 22:00:00,71,2,0.0,0.0,0.0,0.6177,optimal
2021-02-09 22:30:00,71,2,0.0,0.0,0.0,0.6032000000000001,optimal
2021-02-09 23:00:00,71,2,0.0,0.0,0.0,0.37539999999999996,optimal
2021-02-09 23:30:00,71,2,0.0,0.0,0.0,0.3519333333333333,optimal
2021-02-10 00:00:00,71,2,0.0,0.0,0.0,0.059,optimal
2021-02-10 00:30:00,71,2,0.0,0.0,0.0,0.12266666666666669,optimal
2021-02-10 01:00:00,71,2,0.0,0.0,0.0,0.061,optimal
2021-02-10 01:30:00,71,2,0.4413383121365897,0.0,0.0,0.1182,optimal
2021-02-10 02:00:00,71,2,1.1428571428571428,0.0,0.0,0.10779999999999999,optimal
2021-02-10 02:30:00,71,2,1.1428571428571428,0.0,0.0,0.061,optimal
2021-02-10 03:00:00,71,2,1.1428571428571428,0.0,0.0,0.061,optimal
2021-02-10 03:30:00,71,2,1.1428571428571428,0.0,0.0,0.061,optimal
2021-02-10 04:00:00,71,2,1.1428571428571428,0.0,0.0,0.087,optimal
2021-02-10 04:30:00,71,2,1.1428571428571428,0.0,0.0,0.139,optimal
2021-02-10 05:00:00,71,2,1.1428571428571428,0.0,0.0,0.06833333333333333,optimal
2021-02-10 05:30:00,71,2,1.1428571428571428,0.0,0.0,0.1366,optimal
2021-02-10 06:00:00,71,2,1.1428571428571428,0.0,2.144489611719992,0.0974,optimal
2021-02-10 06:30:00,71,2,1.1428571428571428,0.0,10.0,0.087,optimal
2021-02-10 07:00:00,71,2,1.1428571428571428,0.387037037037037,10.0,0.5172,optimal
2021-02-10 07:30:00,71,2,1.1428571428571428,0.8932814814814815,0.0,2.3728000000000002,optimal
2021-02-10 08:00:00,71,2,0.7316664424492022,1.7385703703703708,0.0,0.1725,optimal
2021-02-10 08:30:00,71,2,0.6670323294801163,0.6192592592592592,0.0,1.4744666666666666,optimal
2021-02-10 09:00:00,71,2,0.4245623421407552,0.0,0.0,1.353,optimal
2021-02-10 09:30:00,71,2,0.48322156250498877,6.528540740740739,0.0,1.1605999999999999,optimal
2021-02-10 10:00:00,71,2,0.1836033969850869,0.05108888888888958,0.0,1.8432666666666668,optimal
2021-02-10 10:30:00,71,2,0.2330816217820756,0.0,0.0,1.6857666666666669,optimal
2021-02-10 11:00:00,71,2,0.45336706454671033,0.387037037037037,0.0,0.18623333333333328,optimal
2021-02-10 11:30:00,71,2,0.4770414366335848,0.0,0.0,0.2064,optimal
2021-02-10 12:00:00,71,2,0.40169672629917524,0.1548148148148148,0.0,0.18556666666666663,optimal
2021-02-10 12:30:00,71,2,0.26953863106107956,0.23222222222222222,0.0,1.7857,optimal
2021-02-10 13:00:00,71,2,0.24646482733764394,0.46444444444444444,0.0,2.5070333333333332,optimal
2021-02-10 13:30:00,71,2,0.9336856725316304,0.3096296296296296,0.0,0.176,optimal
2021-02-10 14:00:00,71,2,1.1428571428571428,0.0,0.0,0.5121666666666667,optimal
2021-02-10 14:30:00,71,2,1.1428571428571428,0.0774074074074074,0.0,0.2389,optimal
2021-02-10 15:00:00,71,2,1.1428571428571428,0.0,0.0,1.1142,optimal
2021-02-10 15:30:00,71,2,1.1428571428571428,0.387037037037037,0.0,1.4182000000000001,optimal
2021-02-10 16:00:00,71,2,0.0,0.387037037037037,0.0,0.36623333333333336,optimal
2021-02-10 16:30:00,71,2,0.0,0.387037037037037,0.0,0.32639999999999997,optimal
2021-02-10 17:00:00,71,2,0.0,0.387037037037037,0.0,0.5874666666666667,optimal
2021-02-10 17:30:00,71,2,0.0,0.0,0.0,0.4065,optimal
2021-02-10 18:00:00,71,2,0.0,0.0,0.0,0.3420666666666667,optimal
2021-02-10 18:30:00,71,2,0.0,0.387037037037037,0.0,0.3666666666666667,optimal
2021-02-10 19:00:00,71,2,0.0,0.0,0.0,0.4591,optimal
2021-02-10 19:30:00,71,2,0.0,0.0,0.0,0.42860000000000004,optimal
2021-02-10 20:00:00,71,2,0.0,0.0,0.0,0.555,optimal
2021-02-10 20:30:00,71,2,0.0,0.0,0.0,0.6011333333333333,optimal
2021-02-10 21:00:00,71,2,0.0,0.7167925925925925,0.0,0.629,optimal
2021-02-10 21:30:00,71,2,0.0,5.011355555555556,0.0,0.5975,optimal
2021-02-10 22:00:00,71,2,0.0,0.1548148148148148,0.0,0.4903,optimal
2021-02-10 22:30:00,71,2,0.0,0.1548148148148148,0.0,0.3552333333333333,optimal
2021-02-10 23:00:00,71,2,0.0,0.0774074074074074,0.0,0.7872,optimal
2021-02-10 23:30:00,71,2,0.0,0.0,0.0,0.5520333333333333,optimal
2021-02-11 00:00:00,71,2,0.49682610085187157,0.0,0.0,0.12333333333333331,optimal
2021-02-11 00:30:00,71,2,1.1428571428571428,0.0,0.0,0.07133333333333333,optimal
2021-02-11 01:00:00,71,2,1.1428571428571428,0.0,0.0,0.20726666666666668,optimal
2021-02-11 01:30:00,71,2,1.1428571428571428,0.0,0.0,0.106,optimal
2021-02-11 02:00:00,71,2,1.1428571428571428,0.0,0.0,0.2419333333333333,optimal
2021-02-11 02:30:00,71,2,1.1428571428571428,0.0,0.0,0.054,optimal
2021-02-11 03:00:00,71,2,1.1428571428571428,0.0,0.0,0.12366666666666669,optimal
2021-02-11 03:30:00,71,2,1.1428571428571428,0.0,0.0,0.14626666666666668,optimal
2021-02-11 04:00:00,71,2,1.1428571428571428,0.0,0.0,0.132,optimal
2021-02-11 04:30:00,71,2,1.1428571428571428,0.0,0.0,0.0958,optimal
2021-02-11 05:00:00,71,2,1.1428571428571428,0.0,0.0,0.23913333333333334,optimal
2021-02-11 05:30:00,71,2,1.1428571428571428,0.0,0.0,0.067,optimal
2021-02-11 06:00:00,71,2,1.1428571428571428,0.0,0.0,0.20726666666666668,optimal
2021-02-11 06:30:00,71,2,1.1428571428571428,0.0,3.8464236173203554,0.07133333333333333,optimal
2021-02-11 07:00:00,71,2,1.1428571428571428,0.0,10.0,0.19233333333333327,optimal
2021-02-11 07:30:00,71,2,1.1428571428571428,0.387037037037037,0.0,0.409,optimal
2021-02-11 08:00:00,71,2,0.836259170365304,0.774074074074074,0.0,0.13866666666666666,optimal
2021-02-11 08:30:00,71,2,0.7819238027111721,0.1548148148148148,0.0,0.14953333333333332,optimal
2021-02-11 09:00:00,71,2,0.7413369447130621,0.3096296296296296,0.0,0.2189333333333333,optimal
2021-02-11 09:30:00,71,2,0.6193383698608889,0.3096296296296296,0.0,1.5799666666666667,optimal
2021-02-11 10:00:00,71,2,0.4953851235839999,6.115185185185184,0.0,0.2708,optimal
2021-02-11 10:30:00,71,2,0.4761674624912797,0.0,0.0,0.4699,optimal
2021-02-11 11:00:00,71,2,0.4545207517479427,0.1548148148148148,0.0,0.3937333333333333,optimal
2021-02-11 11:30:00,71,2,0.35908139954240176,0.6966666666666667,0.0,0.6626333333333333,optimal
2021-02-11 12:00:00,71,2,0.40775129146980355,1.2385185185185184,0.0,0.2502333333333333,optimal
2021-02-11 12:30:00,71,2,1.1428571428571428,0.1548148148148148,0.0,0.17063333333333333,optimal
2021-02-11 13:00:00,71,2,1.1428571428571428,0.0,0.0,0.26213333333333333,optimal
2021-02-11 13:30:00,71,2,1.1428571428571428,0.0,0.0,0.064,optimal
2021-02-11 14:00:00,71,2,1.1428571428571428,0.0,0.0,0.19016666666666662,optimal
2021-02-11 14:30:00,71,2,1.1428571428571428,0.0,0.0,0.17776666666666668,optimal
2021-02-11 15:00:00,71,2,1.1428571428571428,0.0,0.0,1.4062999999999999,optimal
2021-02-11 15:30:00,71,2,1.1428571428571428,0.0,0.0,0.8322,optimal
2021-02-11 16:00:00,71,2,0.0,0.0,0.0,0.09666666666666669,optimal
2021-02-11 16:30:00,71,2,0.0,0.0774074074074074,0.0,0.11876666666666667,optimal
2021-02-11 17:00:00,71,2,0.0,0.387037037037037,0.0,0.23313333333333333,optimal
2021-02-11 17:30:00,71,2,0.0,0.8514814814814814,0.0,0.11946666666666668,optimal
2021-02-11 18:00:00,71,2,0.0,0.0,0.0,0.2213333333333333,optimal
2021-02-11 18:30:00,71,2,0.0,0.0,0.0,0.16119999999999998,optimal
2021-02-11 19:00:00,71,2,0.0,0.0,0.0,0.35136666666666666,optimal
2021-02-11 19:30:00,71,2,0.7510995342597265,0.0,0.0,0.5046333333333334,optimal
2021-02-11 20:00:00,71,2,0.5181140813742007,0.0,0.0,2.1361999999999997,optimal
2021-02-11 20:30:00,71,2,0.0,0.0,0.0,0.4743,optimal
2021-02-11 21:00:00,71,2,0.0,0.0,0.0,0.41473333333333334,optimal
2021-02-11 21:30:00,71,2,0.0,0.0,0.0,0.34813333333333335,optimal
2021-02-11 22:00:00,71,2,0.0,0.0774074074074074,0.0,0.5866,optimal
2021-02-11 22:30:00,71,2,0.0,0.1548148148148148,0.0,0.3413333333333333,optimal
2021-02-11 23:00:00,71,2,0.0,0.0,0.0,0.7185,optimal
2021-02-11 23:30:00,71,2,0.0,0.0,0.0,0.23433333333333328,optimal
2021-02-12 00:00:00,71,2,1.1428571428571428,0.0,0.0,0.15416666666666665,optimal
2021-02-12 00:30:00,71,2,1.1428571428571428,0.0,0.0,0.09503333333333332,optimal
2021-02-12 01:00:00,71,2,1.1428571428571428,0.0,0.0,0.05,optimal
2021-02-12 01:30:00,71,2,1.1428571428571428,0.0,0.0,0.1184,optimal
2021-02-12 02:00:00,71,2,1.1428571428571428,0.0,0.0,0.19913333333333333,optimal
2021-02-12 02:30:00,71,2,1.1428571428571428,0.0,0.0,0.1168,optimal
2021-02-12 03:00:00,71,2,1.1428571428571428,0.0,0.0,0.05,optimal
2021-02-12 03:30:00,71,2,1.1428571428571428,0.0,0.0,0.2149,optimal
2021-02-12 04:00:00,71,2,1.1428571428571428,0.0,0.0,0.09503333333333332,optimal
2021-02-12 04:30:00,71,2,1.1428571428571428,0.0,0.0,0.1184,optimal
2021-02-12 05:00:00,71,2,1.1428571428571428,0.0,0.0,0.052333333333333336,optimal
2021-02-12 05:30:00,71,2,1.1428571428571428,0.0,0.0,0.16936666666666667,optimal
2021-02-12 06:00:00,71,2,1.1428571428571428,0.0,0.0,0.0845,optimal
2021-02-12 06:30:00,71,2,1.1428571428571428,0.0,6.325639439934441,0.05,optimal
2021-02-12 07:00:00,71,2,1.1428571428571428,0.387037037037037,10.0,0.049,optimal
2021-02-12 07:30:00,71,2,1.1428571428571428,5.384267374775988,0.0,1.2245333333333333,optimal
2021-02-12 08:00:00,71,2,0.9668333719893932,0.0774074074074074,0.0,0.04966666666666666,optimal
2021-02-12 08:30:00,71,2,0.9887989135299251,0.0,0.0,0.1184,optimal
2021-02-12 09:00:00,71,2,0.9233612623889528,0.0,0.0,0.10146666666666668,optimal
2021-02-12 09:30:00,71,2,0.6796164959193849,0.0,0.0,0.4805,optimal
2021-02-12 10:00:00,71,2,0.5277823674620407,0.387037037037037,0.0,0.2938,optimal
2021-02-12 10:30:00,71,2,0.47335604628576394,0.0,0.0,0.4244,optimal
2021-02-12 11:00:00,71,2,0.35491002961464896,0.0,0.0,0.4355333333333334,optimal
2021-02-12 11:30:00,71,2,1.001291364646445,0.0,0.0,0.3211,optimal
2021-02-12 12:00:00,71,2,1.1428571428571428,0.0,0.0,0.167,optimal
2021-02-12 12:30:00,71,2,1.1428571428571428,0.0,0.0,0.16293333333333335,optimal
2021-02-12 13:00:00,71,2,1.1428571428571428,0.0,0.0,0.12079999999999999,optimal
2021-02-12 13:30:00,71,2,1.1428571428571428,0.0,0.0,0.13193333333333335,optimal
2021-02-12 14:00:00,71,2,1.1428571428571428,0.0,0.0,0.1372,optimal
2021-02-12 14:30:00,71,2,1.1428571428571428,0.0,0.0,0.06,optimal
2021-02-12 15:00:00,71,2,1.1428571428571428,0.0,0.0,0.21846666666666667,optimal
2021-02-12 15:30:00,71,2,1.1428571428571428,0.0,0.0,0.11146666666666669,optimal
2021-02-12 16:00:00,71,2,0.0,0.0,0.0,0.06,optimal
2021-02-12 16:30:00,71,2,0.0,0.0,0.0,0.20153333333333334,optimal
2021-02-12 17:00:00,71,2,0.0,0.0,0.0,0.0714,optimal
2021-02-12 17:30:00,71,2,0.0,0.0,0.0,0.12343333333333334,optimal
2021-02-12 18:00:00,71,2,0.0,0.0,0.0,0.1951,optimal
2021-02-12 18:30:00,71,2,0.0,0.0,0.0,0.11320000000000001,optimal
2021-02-12 19:00:00,71,2,0.0,0.0,0.0,0.21673333333333328,optimal
2021-02-12 19:30:00,71,2,0.8434852371334165,0.0,0.0,0.12459999999999999,optimal
2021-02-12 20:00:00,71,2,0.8651346745703536,0.0,0.0,0.0638,optimal
2021-02-12 20:30:00,71,2,0.0,0.0,0.0,0.18866666666666662,optimal
2021-02-12 21:00:00,71,2,0.0,0.0,0.0,0.14126666666666668,optimal
2021-02-12 21:30:00,71,2,0.0,0.0,0.0,0.1372,optimal
2021-02-12 22:00:00,71,2,0.0,0.0,0.0,0.13573333333333332,optimal
2021-02-12 22:30:00,71,2,0.0,0.0,0.0,0.117,optimal
2021-02-12 23:00:00,71,2,0.0,0.0774074074074074,0.0,0.2508666666666667,optimal
2021-02-12 23:30:00,71,2,0.0,0.0,0.0,0.28046666666666664,optimal
2021-02-13 00:00:00,71,2,0.0,0.0774074074074074,0.0,0.28783333333333333,optimal
2021-02-13 00:30:00,71,2,0.42327450868770167,3.173703703703704,0.0,0.30083333333333334,optimal
2021-02-13 01:00:00,71,2,1.1428571428571428,0.0,0.0,0.21986666666666668,optimal
2021-02-13 01:30:00,71,2,1.1428571428571428,0.0,0.0,0.08713333333333334,optimal
2021-02-13 02:00:00,71,2,1.1428571428571428,0.0,0.0,0.17483333333333334,optimal
2021-02-13 02:30:00,71,2,1.1428571428571428,0.0,0.0,0.2665,optimal
2021-02-13 03:00:00,71,2,1.1428571428571428,0.0,0.0,0.0952,optimal
2021-02-13 03:30:00,71,2,1.1428571428571428,0.0,0.0,0.3487333333333333,optimal
2021-02-13 04:00:00,71,2,1.1428571428571428,0.0,0.0,0.08453333333333334,optimal
2021-02-13 04:30:00,71,2,1.1428571428571428,0.0,0.0,0.11216666666666669,optimal
2021-02-13 05:00:00,71,2,1.1428571428571428,0.0,0.0,0.2848,optimal
2021-02-13 05:30:00,71,2,1.1428571428571428,0.0,0.0,0.1315,optimal
2021-02-13 06:00:00,71,2,1.1428571428571428,0.0,0.0,0.18716666666666662,optimal
2021-02-13 06:30:00,71,2,1.1428571428571428,0.0,4.171077752360146,0.1977,optimal
2021-02-13 07:00:00,71,2,1.1428571428571428,0.0,10.0,0.11693333333333333,optimal
2021-02-13 07:30:00,71,2,1.1428571428571428,0.6192592592592592,0.0,1.7313333333333332,optimal
2021-02-13 08:00:00,71,2,0.6114907693995147,0.5418518518518518,0.0,2.6391999999999998,optimal
2021-02-13 08:30:00,71,2,0.5457879554429566,1.9351851851851851,0.0,2.223533333333333,optimal
2021-02-13 09:00:00,71,2,0.3325285885012787,0.23222222222222222,0.0,1.7974666666666668,optimal
2021-02-13 09:30:00,71,2,0.5501649949089564,0.0,0.0,0.7296333333333334,optimal
2021-02-13 10:00:00,71,2,0.669634152315528,0.0,0.0,0.2665,optimal
2021-02-13 10:30:00,71,2,0.6758399097875468,0.0,0.0,0.23833333333333329,optimal
2021-02-13 11:00:00,71,2,0.5412049422417025,0.0,0.0,0.20013333333333333,optimal
2021-02-13 11:30:00,71,2,0.489637366380374,0.0,0.0,0.32413333333333333,optimal
2021-02-13 12:00:00,71,2,1.103340646756509,0.387037037037037,0.0,0.5463,optimal
2021-02-13 12:30:00,71,2,1.1428571428571428,0.8514814814814814,0.0,0.4909,optimal
2021-02-13 13:00:00,71,2,1.1428571428571428,0.0,0.0,0.49646666666666656,optimal
2021-02-13 13:30:00,71,2,1.1428571428571428,0.1548148148148148,0.0,0.34113333333333334,optimal
2021-02-13 14:00:00,71,2,1.1428571428571428,0.1548148148148148,0.0,0.6607666666666666,optimal
2021-02-13 14:30:00,71,2,1.1428571428571428,0.23222222222222222,0.0,0.23526666666666668,optimal
2021-02-13 15:00:00,71,2,1.1428571428571428,0.0,0.0,0.21966666666666662,optimal
2021-02-13 15:30:00,71,2,1.1428571428571428,0.0,0.0,0.28036666666666665,optimal
2021-02-13 16:00:00,71,2,0.0,0.0,0.0,0.0831,optimal
2021-02-13 16:30:00,71,2,0.0,0.0,0.0,0.2462,optimal
2021-02-13 17:00:00,71,2,0.0,0.0,0.0,0.179,optimal
2021-02-13 17:30:00,71,2,0.0,0.0,0.0,0.1371,optimal
2021-02-13 18:00:00,71,2,0.0,0.0,0.0,0.18603333333333333,optimal
2021-02-13 18:30:00,71,2,0.0,0.0,0.0,0.08979999999999999,optimal
2021-02-13 19:00:00,71,2,0.0,0.0,0.0,0.361,optimal
2021-02-13 19:30:00,71,2,0.5978852371334181,0.0,0.0,0.42283333333333334,optimal
2021-02-13 20:00:00,71,2,0.5944965793322593,0.23222222222222222,0.0,0.5466,optimal
2021-02-13 20:30:00,71,2,0.0,0.0,0.0,0.48583333333333334,optimal
2021-02-13 21:00:00,71,2,0.0,2.1674074074074072,0.0,2.0636666666666663,optimal
2021-02-13 21:30:00,71,2,0.0,0.0,0.0,0.7684666666666667,optimal
2021-02-13 22:00:00,71,2,0.0,0.46444444444444444,0.0,0.7796333333333333,optimal
2021-02-13 22:30:00,71,2,0.0,0.0,0.0,0.0757,optimal
2021-02-13 23:00:00,71,2,0.0,0.0,0.0,0.1612333333333333,optimal
2021-02-13 23:30:00,71,2,0.0,0.0,0.0,0.2633333333333333,optimal
2021-02-07 00:00:00,72,2,0.0,0.0,0.0,0.054,optimal
2021-02-07 00:30:00,72,2,0.0,0.0,0.0,0.08103333333333333,optimal
2021-02-07 01:00:00,72,2,0.0,0.0,0.0,0.22036666666666668,optimal
2021-02-07 01:30:00,72,2,0.0,0.0,0.0,0.13040000000000002,optimal
2021-02-07 02:00:00,72,2,0.0,0.0,0.0,0.19846666666666668,optimal
2021-02-07 02:30:00,72,2,0.0,0.0,0.0,0.15933333333333335,optimal
2021-02-07 03:00:00,72,2,0.0,0.0,0.0,0.054,optimal
2021-02-07 03:30:00,72,2,0.0,0.0,0.0,0.15933333333333335,optimal
2021-02-07 04:00:00,72,2,1.1428571428571428,0.0,0.0,0.15906666666666666,optimal
2021-02-07 04:30:00,72,2,1.1428571428571428,0.0,0.0,0.09340000000000001,optimal
2021-02-07 05:00:00,72,2,1.1428571428571428,0.0,0.0,0.10263333333333334,optimal
2021-02-07 05:30:00,72,2,1.1428571428571428,0.0,0.0,0.25516666666666665,optimal
2021-02-07 06:00:00,72,2,1.1428571428571428,0.0,0.0,0.0698,optimal
2021-02-07 06:30:00,72,2,1.1428571428571428,0.387037037037037,0.0,0.26873333333333327,optimal
2021-02-07 07:00:00,72,2,1.1428571428571428,0.0,2.0120072799789424,0.09026666666666668,optimal
2021-02-07 07:30:00,72,2,0.0,0.0,0.0,0.064,optimal
2021-02-07 08:00:00,72,2,0.32500301911997986,0.0,0.0,0.07713333333333335,optimal
2021-02-07 08:30:00,72,2,0.6621021594942613,0.0,0.0,0.3006666666666667,optimal
2021-02-07 09:00:00,72,2,0.6974407089064573,0.0,0.0,0.064,optimal
2021-02-07 09:30:00,72,2,0.6528321806641879,0.23222222222222222,0.0,0.26476666666666665,optimal
2021-02-07 10:00:00,72,2,0.5141329564059314,0.0,0.0,3.067633333333333,optimal
2021-02-07 10:30:00,72,2,0.5031090605095256,0.0,0.0,1.2886,optimal
2021-02-07 11:00:00,72,2,0.5097776264763823,0.0,0.0,0.30093333333333333,optimal
2021-02-07 11:30:00,72,2,0.5487871502859007,0.23222222222222222,0.0,0.2034,optimal
2021-02-07 12:00:00,72,2,0.6120407072135324,0.0,0.0,0.054,optimal
2021-02-07 12:30:00,72,2,0.5406692786421068,0.0,0.0,0.3038,optimal
2021-02-07 13:00:00,72,2,1.1428571428571428,0.0,0.0,0.054,optimal
2021-02-07 13:30:00,72,2,1.1428571428571428,0.0,0.0,0.06266666666666666,optimal
2021-02-07 14:00:00,72,2,1.1428571428571428,0.0,0.0,0.3166666666666667,optimal
2021-02-07 14:30:00,72,2,1.1428571428571428,0.23222222222222222,0.0,0.5713666666666667,optimal
2021-02-07 15:00:00,72,2,1.1428571428571428,0.0,0.0,1.5115,optimal
2021-02-07 15:30:00,72,2,1.1428571428571428,0.0,0.0,2.7180333333333335,optimal
2021-02-07 16:00:00,72,2,0.0,0.1548148148148148,0.0,1.4999,optimal
2021-02-07 16:30:00,72,2,0.0,0.1548148148148148,0.0,1.5123,optimal
2021-02-07 17:00:00,72,2,0.0,0.0,0.0,1.0941666666666667,optimal
2021-02-07 17:30:00,72,2,0.0,0.0,0.0,0.2447,optimal
2021-02-07 18:00:00,72,2,0.0,0.0,0.0,0.16756666666666667,optimal
2021-02-07 18:30:00,72,2,0.0,0.0,0.0,0.1844333333333333,optimal
2021-02-07 19:00:00,72,2,0.0,0.3096296296296296,0.0,2.0856999999999997,optimal
2021-02-07 19:30:00,72,2,0.38289604669435856,0.1548148148148148,0.0,0.2573333333333333,optimal
2021-02-07 20:00:00,72,2,0.5236927652436374,0.0,0.0,1.2995333333333332,optimal
2021-02-07 20:30:00,72,2,0.0,0.0,0.0,2.102266666666667,optimal
2021-02-07 21:00:00,72,2,0.0,0.3096296296296296,0.0,2.239133333333333,optimal
2021-02-07 21:30:00,72,2,0.0,0.0,0.0,0.7339,optimal
2021-02-07 22:00:00,72,2,0.0,0.0,0.0,0.3320666666666667,optimal
2021-02-07 22:30:00,72,2,0.0,0.0,0.0,0.4517,optimal
2021-02-07 23:00:00,72,2,0.0,0.1548148148148148,0.0,0.4488666666666667,optimal
2021-02-07 23:30:00,72,2,0.0,0.0,0.0,1.8904,optimal
2021-02-08 00:00:00,72,2,0.0,0.0,0.0,0.07133333333333333,optimal
2021-02-08 00:30:00,72,2,0.0,0.0,0.0,0.11733333333333332,optimal
2021-02-08 01:00:00,72,2,0.0,0.0,0.0,0.10866666666666669,optimal
2021-02-08 01:30:00,72,2,0.6897479920811027,0.0,0.0,0.20306666666666665,optimal
2021-02-08 02:00:00,72,2,1.1428571428571428,0.0,0.0,0.074,optimal
2021-02-08 02:30:00,72,2,1.1428571428571428,0.0,0.0,0.19306666666666664,optimal
2021-02-08 03:00:00,72,2,1.1428571428571428,0.0,0.0,0.162,optimal
2021-02-08 03:30:00,72,2,1.1428571428571428,0.0,0.0,0.074,optimal
2021-02-08 04:00:00,72,2,1.1428571428571428,0.0,0.0,0.152,optimal
2021-02-08 04:30:00,72,2,1.1428571428571428,0.0,0.0,0.20306666666666665,optimal
2021-02-08 05:00:00,72,2,1.1428571428571428,0.0,0.0,0.07366666666666667,optimal
2021-02-08 05:30:00,72,2,1.1428571428571428,0.0,0.0,0.25046666666666667,optimal
2021-02-08 06:00:00,72,2,1.1428571428571428,0.0,0.0,0.1046,optimal
2021-02-08 06:30:00,72,2,1.1428571428571428,0.0,9.93083167941499,0.10866666666666669,optimal
2021-02-08 07:00:00,72,2,1.1428571428571428,0.1548148148148148,10.0,0.24606666666666663,optimal
2021-02-08 07:30:00,72,2,1.1428571428571428,0.0,0.0,0.073,optimal
2021-02-08 08:00:00,72,2,0.5457169194487604,1.3933333333333333,0.0,1.0270333333333332,optimal
2021-02-08 08:30:00,72,2,0.7275549283142524,0.3096296296296296,0.0,0.1192,optimal
2021-02-08 09:00:00,72,2,0.7233652293893018,0.0,0.0,0.1972,optimal
2021-02-08 09:30:00,72,2,0.72986250180533,0.0,0.0,0.152,optimal
2021-02-08 10:00:00,72,2,0.6480360340076946,0.0,0.0,0.10893333333333334,optimal
2021-02-08 10:30:00,72,2,0.6152530473059458,0.0,0.0,0.24613333333333332,optimal
2021-02-08 11:00:00,72,2,0.5508782193520353,0.0,0.0,0.0835,optimal
2021-02-08 11:30:00,72,2,0.5571240200103553,0.0,0.0,0.09566666666666669,optimal
2021-02-08 12:00:00,72,2,0.48057093110257854,0.0,0.0,0.2359333333333333,optimal
2021-02-08 12:30:00,72,2,0.5115768181334843,0.0,0.0,0.09746666666666669,optimal
2021-02-08 13:00:00,72,2,1.1428571428571428,0.0,0.0,0.074,optimal
2021-02-08 13:30:00,72,2,1.1428571428571428,0.0,0.0,0.1913333333333333,optimal
2021-02-08 14:00:00,72,2,1.1428571428571428,0.0,0.0,0.10740000000000001,optimal
2021-02-08 14:30:00,72,2,1.1428571428571428,0.0,0.0,0.17726666666666668,optimal
2021-02-08 15:00:00,72,2,1.1428571428571428,0.0,0.0,0.15613333333333332,optimal
2021-02-08 15:30:00,72,2,1.1428571428571428,0.0,0.0,0.22013333333333332,optimal
2021-02-08 16:00:00,72,2,0.0,0.0,0.0,0.24106666666666662,optimal
2021-02-08 16:30:00,72,2,0.0,0.0,0.0,0.3553,optimal
2021-02-08 17:00:00,72,2,0.0,0.46444444444444444,0.0,0.3499333333333333,optimal
2021-02-08 17:30:00,72,2,0.0,0.0,0.0,0.3323333333333333,optimal
2021-02-08 18:00:00,72,2,0.0,0.0,0.0,0.5844666666666667,optimal
2021-02-08 18:30:00,72,2,0.0,0.3096296296296296,0.0,0.7369,optimal
2021-02-08 19:00:00,72,2,0.0,0.1548148148148148,0.0,0.44523333333333337,optimal
2021-02-08 19:30:00,72,2,0.36485260183479884,0.0,0.0,0.5330333333333332,optimal
2021-02-08 20:00:00,72,2,0.5917010798368239,0.1548148148148148,0.0,0.20513333333333333,optimal
2021-02-08 20:30:00,72,2,0.0,0.0,0.0,0.27926666666666666,optimal
2021-02-08 21:00:00,72,2,0.0,0.23222222222222222,0.0,0.41873333333333335,optimal
2021-02-08 21:30:00,72,2,0.0,0.0,0.0,0.41633333333333333,optimal
2021-02-08 22:00:00,72,2,0.0,0.46444444444444444,0.0,0.3538,optimal
2021-02-08 22:30:00,72,2,0.0,0.0,0.0,0.5195666666666667,optimal
2021-02-08 23:00:00,72,2,0.0,0.0,0.0,0.24,optimal
2021-02-08 23:30:00,72,2,0.0,0.0,0.0,0.074,optimal
2021-02-09 00:00:00,72,2,0.0,0.1548148148148148,0.0,0.10790000000000001,optimal
2021-02-09 00:30:00,72,2,0.0,0.0,0.0,0.10873333333333332,optimal
2021-02-09 01:00:00,72,2,0.0,0.0,0.0,0.1633666666666667,optimal
2021-02-09 01:30:00,72,2,0.5640104103843226,0.0,0.0,0.2429,optimal
2021-02-09 02:00:00,72,2,1.1428571428571428,1.2385185185185184,0.0,0.1854333333333333,optimal
2021-02-09 02:30:00,72,2,1.1428571428571428,0.0,0.0,0.3683,optimal
2021-02-09 03:00:00,72,2,1.1428571428571428,0.0,0.0,0.2568333333333333,optimal
2021-02-09 03:30:00,72,2,1.1428571428571428,0.23222222222222222,0.0,0.11956666666666667,optimal
2021-02-09 04:00:00,72,2,1.1428571428571428,0.0,0.0,0.2089,optimal
2021-02-09 04:30:00,72,2,1.1428571428571428,0.0,0.0,0.067,optimal
2021-02-09 05:00:00,72,2,1.1428571428571428,0.0,0.0,0.13040000000000002,optimal
2021-02-09 05:30:00,72,2,1.1428571428571428,0.0,0.0,0.064,optimal
2021-02-09 06:00:00,72,2,1.1428571428571428,0.0,0.0,0.2317,optimal
2021-02-09 06:30:00,72,2,1.1428571428571428,0.3096296296296296,6.28023460022912,0.25003333333333333,optimal
2021-02-09 07:00:00,72,2,1.1428571428571428,0.0774074074074074,10.0,0.19916666666666663,optimal
2021-02-09 07:30:00,72,2,1.1428571428571428,4.300755555555556,0.0,1.3349333333333333,optimal
2021-02-09 08:00:00,72,2,0.5783466182858749,1.349985185185185,0.0,0.9328333333333334,optimal
2021-02-09 08:30:00,72,2,0.6951143668923803,0.0774074074074074,0.0,0.3095,optimal
2021-02-09 09:00:00,72,2,0.5654090327301619,0.1548148148148148,0.0,0.3418,optimal
2021-02-09 09:30:00,72,2,0.691470244228895,0.0,0.0,0.14996666666666666,optimal
2021-02-09 10:00:00,72,2,0.611828459670146,0.0,0.0,0.2051,optimal
2021-02-09 10:30:00,72,2,0.6385905803635405,0.0,0.0,0.074,optimal
2021-02-09 11:00:00,72,2,0.4923686870771641,0.0,0.0,0.2258,optimal
2021-02-09 11:30:00,72,2,0.533601111215839,0.0,0.0,0.074,optimal
2021-02-09 12:00:00,72,2,0.6529935413127442,0.0,0.0,0.0947,optimal
2021-02-09 12:30:00,72,2,1.1428571428571428,0.0,0.0,0.2216,optimal
2021-02-09 13:00:00,72,2,1.1428571428571428,0.0,0.0,0.1169,optimal
2021-02-09 13:30:00,72,2,1.1428571428571428,0.0,0.0,0.074,optimal
2021-02-09 14:00:00,72,2,1.1428571428571428,0.0,0.0,0.26539999999999997,optimal
2021-02-09 14:30:00,72,2,1.1428571428571428,0.0,0.0,0.0938,optimal
2021-02-09 15:00:00,72,2,1.1428571428571428,0.0,0.0,0.5092,optimal
2021-02-09 15:30:00,72,2,1.1428571428571428,0.0,0.0,0.3363,optimal
2021-02-09 16:00:00,72,2,0.0,0.3096296296296296,0.0,0.46823333333333333,optimal
2021-02-09 16:30:00,72,2,0.0,0.0,0.0,0.1376,optimal
2021-02-09 17:00:00,72,2,0.0,0.0774074074074074,0.0,0.2861,optimal
2021-02-09 17:30:00,72,2,0.0,0.0,0.0,0.07440000000000001,optimal
2021-02-09 18:00:00,72,2,0.0,0.0,0.0,0.09409999999999999,optimal
2021-02-09 18:30:00,72,2,0.0,0.0,0.0,0.27026666666666666,optimal
2021-02-09 19:00:00,72,2,0.0,0.0774074074074074,0.0,0.12346666666666668,optimal
2021-02-09 19:30:00,72,2,0.8069491307474164,0.0,0.0,0.074,optimal
2021-02-09 20:00:00,72,2,0.7466062736045674,0.0,0.0,0.2852,optimal
2021-02-09 20:30:00,72,2,0.0,0.0,0.0,0.19466666666666663,optimal
2021-02-09 21:00:00,72,2,0.0,0.3096296296296296,0.0,0.3043666666666667,optimal
2021-02-09 21:30:00,72,2,0.0,0.3096296296296296,0.0,0.3746666666666667,optimal
2021-02-09 22:00:00,72,2,0.0,0.0774074074074074,0.0,0.4526,optimal
2021-02-09 22:30:00,72,2,0.0,0.5418518518518518,0.0,0.3624,optimal
2021-02-09 23:00:00,72,2,0.0,0.0,0.0,0.13340000000000002,optimal
2021-02-09 23:30:00,72,2,0.0,0.0,0.0,0.22413333333333332,optimal
2021-02-10 00:00:00,72,2,0.0,0.0,0.0,0.096,optimal
2021-02-10 00:30:00,72,2,0.0,0.0,0.0,0.25606666666666666,optimal
2021-02-10 01:00:00,72,2,0.5458164331104782,0.0,0.0,0.0733,optimal
2021-02-10 01:30:00,72,2,1.1428571428571428,0.0,0.0,0.2794333333333333,optimal
2021-02-10 02:00:00,72,2,1.1428571428571428,0.0,0.0,0.0733,optimal
2021-02-10 02:30:00,72,2,1.1428571428571428,0.0,0.0,0.20096666666666668,optimal
2021-02-10 03:00:00,72,2,1.1428571428571428,0.0,0.0,0.13946666666666666,optimal
2021-02-10 03:30:00,72,2,1.1428571428571428,0.0,0.0,0.1348,optimal
2021-02-10 04:00:00,72,2,1.1428571428571428,0.0,0.0,0.11806666666666667,optimal
2021-02-10 04:30:00,72,2,1.1428571428571428,0.0,0.0,0.18546666666666667,optimal
2021-02-10 05:00:00,72,2,1.1428571428571428,0.0,0.0,0.1102,optimal
2021-02-10 05:30:00,72,2,1.1428571428571428,0.0,0.0,0.0938,optimal
2021-02-10 06:00:00,72,2,1.1428571428571428,0.0,0.0,0.20786666666666667,optimal
2021-02-10 06:30:00,72,2,1.1428571428571428,0.0,0.0,0.16906666666666667,optimal
2021-02-10 07:00:00,72,2,1.1428571428571428,0.1548148148148148,5.3567906390897315,1.0443333333333333,optimal
2021-02-10 07:30:00,72,2,1.1428571428571428,0.46444444444444444,0.0,1.1829333333333334,optimal
2021-02-10 08:00:00,72,2,0.618190251973014,7.044074074074074,0.0,0.4628,optimal
2021-02-10 08:30:00,72,2,0.8074818532896336,0.0,0.0,0.13153333333333334,optimal
2021-02-10 09:00:00,72,2,0.7157661516645674,0.0,0.0,0.29353333333333337,optimal
2021-02-10 09:30:00,72,2,0.770791086314512,0.0,0.0,0.071,optimal
2021-02-10 10:00:00,72,2,0.6272948255565114,0.0,0.0,0.178,optimal
2021-02-10 10:30:00,72,2,0.6160968598773088,0.0,0.0,0.19473333333333329,optimal
2021-02-10 11:00:00,72,2,0.5626718264514704,0.0,0.0,0.10666666666666669,optimal
2021-02-10 11:30:00,72,2,0.5339366747288289,0.0,0.0,0.19226666666666667,optimal
2021-02-10 12:00:00,72,2,0.4499548215372641,0.0,0.0,0.1448,optimal
2021-02-10 12:30:00,72,2,0.341345297727746,0.1548148148148148,0.0,0.3779333333333333,optimal
2021-02-10 13:00:00,72,2,0.8022282277083465,0.0,0.0,0.2948,optimal
2021-02-10 13:30:00,72,2,1.1428571428571428,0.0,0.0,0.3898333333333333,optimal
2021-02-10 14:00:00,72,2,1.1428571428571428,0.0774074074074074,0.0,0.6178666666666667,optimal
2021-02-10 14:30:00,72,2,1.1428571428571428,0.0,0.0,0.4338,optimal
2021-02-10 15:00:00,72,2,1.1428571428571428,0.23222222222222222,0.0,0.47093333333333326,optimal
2021-02-10 15:30:00,72,2,1.1428571428571428,0.774074074074074,0.0,0.2720666666666667,optimal
2021-02-10 16:00:00,72,2,0.0,0.6966666666666667,0.0,0.4209666666666666,optimal
2021-02-10 16:30:00,72,2,0.0,0.0774074074074074,0.0,0.32543333333333335,optimal
2021-02-10 17:00:00,72,2,0.0,0.23222222222222222,0.0,0.4061,optimal
2021-02-10 17:30:00,72,2,0.0,0.1548148148148148,0.0,0.3939333333333333,optimal
2021-02-10 18:00:00,72,2,0.0,0.1548148148148148,0.0,0.2739,optimal
2021-02-10 18:30:00,72,2,0.0,0.23222222222222222,0.0,0.5193333333333334,optimal
2021-02-10 19:00:00,72,2,0.0,0.0,0.0,0.6971,optimal
2021-02-10 19:30:00,72,2,0.0,0.0,0.0,0.3843666666666667,optimal
2021-02-10 20:00:00,72,2,0.0,0.3096296296296296,0.0,0.5402333333333333,optimal
2021-02-10 20:30:00,72,2,0.0,0.0,0.0,0.42160000000000003,optimal
2021-02-10 21:00:00,72,2,0.0,0.0,0.0,1.4070666666666667,optimal
2021-02-10 21:30:00,72,2,0.0,0.0,0.0,0.6102666666666666,optimal
2021-02-10 22:00:00,72,2,0.0,2.5544444444444445,0.0,1.284,optimal
2021-02-10 22:30:00,72,2,0.0,0.0,0.0,0.3541,optimal
2021-02-10 23:00:00,72,2,0.0,0.0,0.0,0.26063333333333333,optimal
2021-02-10 23:30:00,72,2,0.0,0.0,0.0,0.31939999999999996,optimal
2021-02-11 00:00:00,72,2,0.932053016499897,0.0,0.0,0.057,optimal
2021-02-11 00:30:00,72,2,1.1428571428571428,0.0,0.0,0.2194,optimal
2021-02-11 01:00:00,72,2,1.1428571428571428,0.0,0.0,0.11406666666666666,optimal
2021-02-11 01:30:00,72,2,1.1428571428571428,0.0,0.0,0.057,optimal
2021-02-11 02:00:00,72,2,1.1428571428571428,0.0,0.0,0.165,optimal
2021-02-11 02:30:00,72,2,1.1428571428571428,0.0,0.0,0.16846666666666668,optimal
2021-02-11 03:00:00,72,2,1.1428571428571428,0.0,0.0,0.057,optimal
2021-02-11 03:30:00,72,2,1.1428571428571428,0.0,0.0,0.23086666666666666,optimal
2021-02-11 04:00:00,72,2,1.1428571428571428,0.0,0.0,0.1026,optimal
2021-02-11 04:30:00,72,2,1.1428571428571428,0.0,0.0,0.165,optimal
2021-02-11 05:00:00,72,2,1.1428571428571428,0.0,0.0,0.0874,optimal
2021-02-11 05:30:00,72,2,1.1428571428571428,0.387037037037037,0.0,0.3872,optimal
2021-02-11 06:00:00,72,2,1.1428571428571428,0.0,8.690460793900666,0.175,optimal
2021-02-11 06:30:00,72,2,1.1428571428571428,0.1548148148148148,10.0,0.07786666666666665,optimal
2021-02-11 07:00:00,72,2,1.1428571428571428,0.387037037037037,10.0,0.1844,optimal
2021-02-11 07:30:00,72,2,1.1428571428571428,0.0,0.0,0.16313333333333332,optimal
2021-02-11 08:00:00,72,2,0.8911925036986388,0.1548148148148148,0.0,0.17846666666666666,optimal
2021-02-11 08:30:00,72,2,0.8463142789016441,2.3222222222222215,0.0,0.16766666666666666,optimal
2021-02-11 09:00:00,72,2,0.7214074209035418,0.23222222222222222,0.0,0.2959333333333333,optimal
2021-02-11 09:30:00,72,2,0.6489440841466104,0.0,0.0,0.3611666666666667,optimal
2021-02-11 10:00:00,72,2,0.48512798072685825,0.0,0.0,0.3913333333333333,optimal
2021-02-11 10:30:00,72,2,0.6473674624912862,0.0,0.0,0.057,optimal
2021-02-11 11:00:00,72,2,0.5311055136527068,0.0,0.0,0.21566666666666662,optimal
2021-02-11 11:30:00,72,2,0.5003156852566923,0.23222222222222222,0.0,0.17046666666666666,optimal
2021-02-11 12:00:00,72,2,1.0191560616643658,0.0,0.0,0.3398,optimal
2021-02-11 12:30:00,72,2,1.1428571428571428,0.0774074074074074,0.0,0.4073333333333333,optimal
2021-02-11 13:00:00,72,2,1.1428571428571428,0.0,0.0,0.28913333333333335,optimal
2021-02-11 13:30:00,72,2,1.1428571428571428,0.23222222222222222,0.0,0.3409333333333333,optimal
2021-02-11 14:00:00,72,2,1.1428571428571428,0.0,0.0,0.1668,optimal
2021-02-11 14:30:00,72,2,1.1428571428571428,0.0,0.0,0.094,optimal
2021-02-11 15:00:00,72,2,1.1428571428571428,0.0,0.0,0.17333333333333334,optimal
2021-02-11 15:30:00,72,2,1.1428571428571428,0.0,0.0,0.15313333333333332,optimal
2021-02-11 16:00:00,72,2,0.0,0.0,0.0,0.175,optimal
2021-02-11 16:30:00,72,2,0.0,0.46444444444444444,0.0,0.4714,optimal
2021-02-11 17:00:00,72,2,0.0,0.0,0.0,0.12496666666666668,optimal
2021-02-11 17:30:00,72,2,0.0,0.0,0.0,0.28646666666666665,optimal
2021-02-11 18:00:00,72,2,0.0,0.0,0.0,0.2518,optimal
2021-02-11 18:30:00,72,2,0.0,0.23222222222222222,0.0,0.21366666666666662,optimal
2021-02-11 19:00:00,72,2,0.0,0.0,0.0,0.3644,optimal
2021-02-11 19:30:00,72,2,0.8070423914025796,0.1548148148148148,0.0,0.6394,optimal
2021-02-11 20:00:00,72,2,0.94853122423135,0.3096296296296296,0.0,0.2764,optimal
2021-02-11 20:30:00,72,2,0.0,0.0774074074074074,0.0,0.30086666666666667,optimal
2021-02-11 21:00:00,72,2,0.0,0.0,0.0,0.5271333333333333,optimal
2021-02-11 21:30:00,72,2,0.0,0.0,0.0,0.13816666666666666,optimal
2021-02-11 22:00:00,72,2,0.0,0.0,0.0,1.6689333333333334,optimal
2021-02-11 22:30:00,72,2,0.0,0.0,0.0,0.4052,optimal
2021-02-11 23:00:00,72,2,0.0,0.1548148148148148,0.0,0.29506666666666664,optimal
2021-02-11 23:30:00,72,2,0.0,0.0,0.0,0.3704666666666666,optimal
2021-02-12 00:00:00,72,2,1.1428571428571428,6.115185185185185,0.0,0.17786666666666667,optimal
2021-02-12 00:30:00,72,2,1.1428571428571428,0.0,0.0,0.065,optimal
2021-02-12 01:00:00,72,2,1.1428571428571428,0.0,0.0,0.065,optimal
2021-02-12 01:30:00,72,2,1.1428571428571428,0.0,0.0,0.2747333333333333,optimal
2021-02-12 02:00:00,72,2,1.1428571428571428,0.0,0.0,0.065,optimal
2021-02-12 02:30:00,72,2,1.1428571428571428,0.0,0.0,0.12440000000000001,optimal
2021-02-12 03:00:00,72,2,1.1428571428571428,0.0,0.0,0.065,optimal
2021-02-12 03:30:00,72,2,1.1428571428571428,0.0,0.0,0.2747333333333333,optimal
2021-02-12 04:00:00,72,2,1.1428571428571428,0.0,0.0,0.065,optimal
2021-02-12 04:30:00,72,2,1.1428571428571428,0.0,0.0,0.17223333333333332,optimal
2021-02-12 05:00:00,72,2,1.1428571428571428,0.0,0.0,0.1675,optimal
2021-02-12 05:30:00,72,2,1.1428571428571428,0.0,0.0,0.065,optimal
2021-02-12 06:00:00,72,2,1.1428571428571428,0.0,0.0,0.2747333333333333,optimal
2021-02-12 06:30:00,72,2,1.1428571428571428,0.0,0.4664214338379075,0.065,optimal
2021-02-12 07:00:00,72,2,1.1428571428571428,0.3096296296296296,10.0,0.2104,optimal
2021-02-12 07:30:00,72,2,1.1428571428571428,6.830401298288517,0.0,0.34913333333333335,optimal
2021-02-12 08:00:00,72,2,0.7764048005608247,0.0,0.0,0.40903333333333336,optimal
2021-02-12 08:30:00,72,2,0.8207893897203983,0.23222222222222222,0.0,0.2966333333333333,optimal
2021-02-12 09:00:00,72,2,0.8086945957222786,0.1548148148148148,0.0,0.1888333333333333,optimal
2021-02-12 09:30:00,72,2,0.6915041149669988,5.805555555555555,0.0,0.14726666666666668,optimal
2021-02-12 10:00:00,72,2,0.3261576055572774,0.0,0.0,1.8114333333333328,optimal
2021-02-12 10:30:00,72,2,0.46547985580957,0.0,0.0,0.19976666666666668,optimal
2021-02-12 11:00:00,72,2,0.3207671724718006,0.0,0.0,0.25216666666666665,optimal
2021-02-12 11:30:00,72,2,0.3751100728009555,0.0,0.0,0.24530000000000002,optimal
2021-02-12 12:00:00,72,2,0.3665860210965995,0.0774074074074074,0.0,0.2697,optimal
2021-02-12 12:30:00,72,2,0.6688117537090214,0.3096296296296296,0.0,0.2543333333333333,optimal
2021-02-12 13:00:00,72,2,1.1428571428571428,0.3096296296296296,0.0,1.0759,optimal
2021-02-12 13:30:00,72,2,1.1428571428571428,0.0,0.0,0.7240666666666667,optimal
2021-02-12 14:00:00,72,2,1.1428571428571428,0.0,0.0,0.3751333333333333,optimal
2021-02-12 14:30:00,72,2,1.1428571428571428,0.0,0.0,0.27466666666666667,optimal
2021-02-12 15:00:00,72,2,1.1428571428571428,0.0,0.0,0.5083333333333333,optimal
2021-02-12 15:30:00,72,2,1.1428571428571428,0.3096296296296296,0.0,0.2221,optimal
2021-02-12 16:00:00,72,2,0.0,0.0,0.0,0.26789999999999997,optimal
2021-02-12 16:30:00,72,2,0.0,0.0,0.0,0.065,optimal
2021-02-12 17:00:00,72,2,0.0,0.0,0.0,0.22690000000000002,optimal
2021-02-12 17:30:00,72,2,0.0,0.46444444444444444,0.0,0.31,optimal
2021-02-12 18:00:00,72,2,0.0,0.0774074074074074,0.0,0.33646666666666664,optimal
2021-02-12 18:30:00,72,2,0.0,3.0188888888888883,0.0,0.40576666666666666,optimal
2021-02-12 19:00:00,72,2,0.0,0.0,0.0,0.38980000000000004,optimal
2021-02-12 19:30:00,72,2,0.603732856181037,0.3096296296296296,0.0,0.2529,optimal
2021-02-12 20:00:00,72,2,0.2651022936179638,0.2740222222222222,0.0,2.2461666666666664,optimal
2021-02-12 20:30:00,72,2,0.0,0.5000518518518519,0.0,0.26573333333333327,optimal
2021-02-12 21:00:00,72,2,0.0,0.0774074074074074,0.0,1.4677666666666669,optimal
2021-02-12 21:30:00,72,2,0.0,0.0,0.0,1.4765666666666666,optimal
2021-02-12 22:00:00,72,2,0.0,0.0,0.0,0.2358,optimal
2021-02-12 22:30:00,72,2,0.0,0.3096296296296296,0.0,0.3048,optimal
2021-02-12 23:00:00,72,2,0.0,0.0,0.0,0.3238333333333333,optimal
2021-02-12 23:30:00,72,2,0.0,0.0,0.0,0.12273333333333332,optimal
2021-02-13 00:00:00,72,2,0.0,0.0,0.0,0.0772,optimal
2021-02-13 00:30:00,72,2,0.0,0.0,0.0,0.1802666666666667,optimal
2021-02-13 01:00:00,72,2,0.9071372782166203,0.0,0.0,0.1658,optimal
2021-02-13 01:30:00,72,2,1.1428571428571428,0.0,0.0,0.1419,optimal
2021-02-13 02:00:00,72,2,1.1428571428571428,0.0,0.0,0.11496666666666669,optimal
2021-02-13 02:30:00,72,2,1.1428571428571428,0.0,0.0,0.2378,optimal
2021-02-13 03:00:00,72,2,1.1428571428571428,0.0,0.0,0.1318666666666667,optimal
2021-02-13 03:30:00,72,2,1.1428571428571428,0.0,0.0,0.0989,optimal
2021-02-13 04:00:00,72,2,1.1428571428571428,0.0,0.0,0.17,optimal
2021-02-13 04:30:00,72,2,1.1428571428571428,0.0,0.0,0.08116666666666666,optimal
2021-02-13 05:00:00,72,2,1.1428571428571428,0.0,0.0,0.104,optimal
2021-02-13 05:30:00,72,2,1.1428571428571428,0.0,0.0,0.1585,optimal
2021-02-13 06:00:00,72,2,1.1428571428571428,0.0,0.0,0.16016666666666665,optimal
2021-02-13 06:30:00,72,2,1.1428571428571428,0.0,0.4207583605599708,0.08123333333333334,optimal
2021-02-13 07:00:00,72,2,1.1428571428571428,0.0,10.0,0.19936666666666666,optimal
2021-02-13 07:30:00,72,2,1.1428571428571428,0.0,0.0,0.14206666666666667,optimal
2021-02-13 08:00:00,72,2,0.8235783884471339,0.0,0.0,0.12440000000000001,optimal
2021-02-13 08:30:00,72,2,0.8092203363953404,0.0,0.0,0.16716666666666666,optimal
2021-02-13 09:00:00,72,2,0.7440200170727095,0.0,0.0,0.14036666666666667,optimal
2021-02-13 09:30:00,72,2,0.4247307091946653,0.0,0.0,1.4245,optimal
2021-02-13 10:00:00,72,2,0.5006379618393363,2.7092592592592597,0.0,0.47856666666666664,optimal
2021-02-13 10:30:00,72,2,0.5836284812161173,0.0,0.0,0.2112,optimal
2021-02-13 11:00:00,72,2,0.512662085098839,0.0,0.0,0.14853333333333332,optimal
2021-02-13 11:30:00,72,2,0.4533802235232301,0.0,0.0,0.3517333333333333,optimal
2021-02-13 12:00:00,72,2,0.4198353505205915,0.1548148148148148,0.0,0.231,optimal
2021-02-13 12:30:00,72,2,0.29353257975033475,0.0774074074074074,0.0,0.3685,optimal
2021-02-13 13:00:00,72,2,1.1428571428571428,0.0,0.0,0.4952,optimal
2021-02-13 13:30:00,72,2,1.1428571428571428,0.0,0.0,0.3486,optimal
2021-02-13 14:00:00,72,2,1.1428571428571428,0.0774074074074074,0.0,0.31339999999999996,optimal
2021-02-13 14:30:00,72,2,1.1428571428571428,0.0774074074074074,0.0,0.495,optimal
2021-02-13 15:00:00,72,2,1.1428571428571428,0.0,0.0,0.26489999999999997,optimal
2021-02-13 15:30:00,72,2,1.1428571428571428,0.0,0.0,0.2986333333333333,optimal
2021-02-13 16:00:00,72,2,0.0,0.0,0.0,0.2611,optimal
2021-02-13 16:30:00,72,2,0.0,0.387037037037037,0.0,0.3153,optimal
2021-02-13 17:00:00,72,2,0.0,0.23222222222222222,0.0,3.1503666666666668,optimal
2021-02-13 17:30:00,72,2,0.0,0.23222222222222222,0.0,2.9533666666666667,optimal
2021-02-13 18:00:00,72,2,0.0,0.5418518518518518,0.0,2.1423666666666668,optimal
2021-02-13 18:30:00,72,2,0.0,0.0,0.0,0.19246666666666667,optimal
2021-02-13 19:00:00,72,2,0.0,0.1548148148148148,0.0,0.29719999999999996,optimal
2021-02-13 19:30:00,72,2,0.0,0.0774074074074074,0.0,0.1266,optimal
2021-02-13 20:00:00,72,2,0.15890138918089483,0.387037037037037,0.0,0.26839999999999997,optimal
2021-02-13 20:30:00,72,2,0.0,0.0,0.0,0.2092,optimal
2021-02-13 21:00:00,72,2,0.0,0.0,0.0,0.6687333333333334,optimal
2021-02-13 21:30:00,72,2,0.0,0.0,0.0,0.21380000000000002,optimal
2021-02-13 22:00:00,72,2,0.0,0.3096296296296296,0.0,1.1841666666666668,optimal
2021-02-13 22:30:00,72,2,0.0,0.1548148148148148,0.0,0.5630333333333333,optimal
2021-02-13 23:00:00,72,2,0.0,0.0,0.0,0.6781666666666666,optimal
2021-02-13 23:30:00,72,2,0.0,0.0,0.0,0.1903333333333333,optimal
2021-02-07 00:00:00,73,2,0.0,0.0,0.0,0.06,optimal
2021-02-07 00:30:00,73,2,0.0,0.0,0.0,0.06,optimal
2021-02-07 01:00:00,73,2,0.0,0.0,0.0,0.06,optimal
2021-02-07 01:30:00,73,2,0.0,0.0,0.0,0.271,optimal
2021-02-07 02:00:00,73,2,0.0,0.0,0.0,0.06,optimal
2021-02-07 02:30:00,73,2,0.0,0.0,0.0,0.06,optimal
2021-02-07 03:00:00,73,2,0.0,0.0,0.0,0.16633333333333333,optimal
2021-02-07 03:30:00,73,2,0.0,0.0,0.0,0.13716666666666666,optimal
2021-02-07 04:00:00,73,2,1.1428571428571428,0.3096296296296296,0.0,0.17183333333333334,optimal
2021-02-07 04:30:00,73,2,1.1428571428571428,0.0,0.0,0.13019999999999998,optimal
2021-02-07 05:00:00,73,2,1.1428571428571428,0.0,0.0,0.1288,optimal
2021-02-07 05:30:00,73,2,1.1428571428571428,0.0,0.0,0.16633333333333333,optimal
2021-02-07 06:00:00,73,2,1.1428571428571428,0.0,0.0,0.11233333333333331,optimal
2021-02-07 06:30:00,73,2,1.1428571428571428,0.0,1.4055777348378222,0.2158333333333333,optimal
2021-02-07 07:00:00,73,2,1.1428571428571428,0.46444444444444444,0.0,0.07183333333333333,optimal
2021-02-07 07:30:00,73,2,0.0,6.6570370370370355,0.0,0.1355,optimal
2021-02-07 08:00:00,73,2,0.0,0.1548148148148148,0.0,3.545533333333333,optimal
2021-02-07 08:30:00,73,2,0.11809267481495872,2.012592592592592,0.0,4.967333333333333,optimal
2021-02-07 09:00:00,73,2,0.6700426136683613,0.0,0.0,0.9961333333333332,optimal
2021-02-07 09:30:00,73,2,0.7119112282832338,0.0,0.0,0.17466666666666666,optimal
2021-02-07 10:00:00,73,2,0.6974853373583108,0.0,0.0,0.07,optimal
2021-02-07 10:30:00,73,2,0.5527404890809497,0.0,0.0,1.0172,optimal
2021-02-07 11:00:00,73,2,0.48011476933352165,0.0,0.0,1.6286333333333334,optimal
2021-02-07 11:30:00,73,2,0.6149204836192295,0.0,0.0,0.2483333333333333,optimal
2021-02-07 12:00:00,73,2,0.5765359453087694,0.0,0.0,0.24666666666666662,optimal
2021-02-07 12:30:00,73,2,1.0584018755659497,0.0,0.0,0.1774,optimal
2021-02-07 13:00:00,73,2,1.1428571428571428,0.0,0.0,0.34,optimal
2021-02-07 13:30:00,73,2,1.1428571428571428,0.0,0.0,0.1485,optimal
2021-02-07 14:00:00,73,2,1.1428571428571428,0.0,0.0,0.07,optimal
2021-02-07 14:30:00,73,2,1.1428571428571428,0.0,0.0,0.157,optimal
2021-02-07 15:00:00,73,2,1.1428571428571428,0.0,0.0,0.11783333333333332,optimal
2021-02-07 15:30:00,73,2,1.1428571428571428,0.0,0.0,0.3167,optimal
2021-02-07 16:00:00,73,2,0.0,0.0,0.0,0.25103333333333333,optimal
2021-02-07 16:30:00,73,2,0.0,0.5418518518518518,0.0,0.2651,optimal
2021-02-07 17:00:00,73,2,0.0,0.23222222222222222,0.0,3.055066666666667,optimal
2021-02-07 17:30:00,73,2,0.0,0.0774074074074074,0.0,0.6352666666666666,optimal
2021-02-07 18:00:00,73,2,0.0,0.1548148148148148,0.0,0.27643333333333336,optimal
2021-02-07 18:30:00,73,2,0.0,0.0,0.0,0.42103333333333337,optimal
2021-02-07 19:00:00,73,2,0.0,0.0,0.0,0.26380000000000003,optimal
2021-02-07 19:30:00,73,2,0.5897518128626782,0.46444444444444444,0.0,0.3547666666666667,optimal
2021-02-07 20:00:00,73,2,0.5709327652436398,0.0,0.0,0.4104666666666666,optimal
2021-02-07 20:30:00,73,2,0.0,0.0,0.0,0.2455,optimal
2021-02-07 21:00:00,73,2,0.0,0.0774074074074074,0.0,0.36806666666666665,optimal
2021-02-07 21:30:00,73,2,0.0,0.0,0.0,0.4079,optimal
2021-02-07 22:00:00,73,2,0.0,0.0,0.0,0.3622666666666666,optimal
2021-02-07 22:30:00,73,2,0.0,0.0,0.0,0.2792,optimal
2021-02-07 23:00:00,73,2,0.0,0.0,0.0,0.3516,optimal
2021-02-07 23:30:00,73,2,0.0,0.0774074074074074,0.0,1.0230333333333332,optimal
2021-02-08 00:00:00,73,2,0.0,0.0,0.0,0.11,optimal
2021-02-08 00:30:00,73,2,0.0,0.0,0.0,0.12066666666666669,optimal
2021-02-08 01:00:00,73,2,0.0,0.0,0.0,0.10563333333333334,optimal
2021-02-08 01:30:00,73,2,0.8284316196933709,0.0,0.0,0.26216666666666666,optimal
2021-02-08 02:00:00,73,2,1.1428571428571428,0.0,0.0,0.07933333333333333,optimal
2021-02-08 02:30:00,73,2,1.1428571428571428,0.0,0.0,0.28853333333333336,optimal
2021-02-08 03:00:00,73,2,1.1428571428571428,0.0,0.0,0.12433333333333331,optimal
2021-02-08 03:30:00,73,2,1.1428571428571428,0.0,0.0,0.16706666666666667,optimal
2021-02-08 04:00:00,73,2,1.1428571428571428,0.0,0.0,0.26313333333333333,optimal
2021-02-08 04:30:00,73,2,1.1428571428571428,0.0,0.0,0.12440000000000001,optimal
2021-02-08 05:00:00,73,2,1.1428571428571428,0.0,0.0,0.2559333333333333,optimal
2021-02-08 05:30:00,73,2,1.1428571428571428,0.0,0.0,0.1396,optimal
2021-02-08 06:00:00,73,2,1.1428571428571428,0.0,6.4610529467256885,0.13333333333333333,optimal
2021-02-08 06:30:00,73,2,1.1428571428571428,0.0,10.0,0.2268,optimal
2021-02-08 07:00:00,73,2,1.1428571428571428,0.0,10.0,0.15166666666666664,optimal
2021-02-08 07:30:00,73,2,1.1428571428571428,0.0,0.0,0.13576666666666667,optimal
2021-02-08 08:00:00,73,2,0.5669150146868531,0.23222222222222222,0.0,0.5485,optimal
2021-02-08 08:30:00,73,2,0.6574692140285361,0.0,0.0,0.18886666666666668,optimal
2021-02-08 09:00:00,73,2,0.5463271341512037,0.0,0.0,0.3396,optimal
2021-02-08 09:30:00,73,2,0.23504345418628814,0.0,0.0,1.2370999999999999,optimal
2021-02-08 10:00:00,73,2,0.2551027006743543,0.0,0.0,0.8791,optimal
2021-02-08 10:30:00,73,2,0.4290301901630792,1.9351851851851851,0.0,0.4818,optimal
2021-02-08 11:00:00,73,2,0.34987250506632095,0.0,0.0,1.7041333333333335,optimal
2021-02-08 11:30:00,73,2,0.4332478295341543,0.8514814814814814,0.0,0.38153333333333334,optimal
2021-02-08 12:00:00,73,2,0.946517622618724,0.387037037037037,0.0,0.38846666666666657,optimal
2021-02-08 12:30:00,73,2,1.1428571428571428,0.0,0.0,0.261,optimal
2021-02-08 13:00:00,73,2,1.1428571428571428,0.0,0.0,0.3315666666666667,optimal
2021-02-08 13:30:00,73,2,1.1428571428571428,0.0,0.0,0.17866666666666667,optimal
2021-02-08 14:00:00,73,2,1.1428571428571428,0.0,0.0,0.15303333333333333,optimal
2021-02-08 14:30:00,73,2,1.1428571428571428,0.0,0.0,0.1281,optimal
2021-02-08 15:00:00,73,2,1.1428571428571428,0.0,0.0,0.17706666666666665,optimal
2021-02-08 15:30:00,73,2,1.1428571428571428,0.0,0.0,0.19833333333333328,optimal
2021-02-08 16:00:00,73,2,0.0,0.0,0.0,0.17346666666666666,optimal
2021-02-08 16:30:00,73,2,0.0,0.0,0.0,0.17903333333333332,optimal
2021-02-08 17:00:00,73,2,0.0,0.0,0.0,0.2445,optimal
2021-02-08 17:30:00,73,2,0.0,0.0,0.0,0.2029333333333333,optimal
2021-02-08 18:00:00,73,2,0.0,0.3096296296296296,0.0,0.1088,optimal
2021-02-08 18:30:00,73,2,0.0,0.387037037037037,0.0,1.3152000000000001,optimal
2021-02-08 19:00:00,73,2,0.0,0.0774074074074074,0.0,1.121733333333333,optimal
2021-02-08 19:30:00,73,2,0.4840412093957184,0.5418518518518518,0.0,1.7384000000000002,optimal
2021-02-08 20:00:00,73,2,0.5071810798368215,0.0,0.0,0.8184666666666667,optimal
2021-02-08 20:30:00,73,2,0.0,0.0774074074074074,0.0,0.6455333333333333,optimal
2021-02-08 21:00:00,73,2,0.0,0.0,0.0,0.6982666666666667,optimal
2021-02-08 21:30:00,73,2,0.0,0.0,0.0,1.1949333333333334,optimal
2021-02-08 22:00:00,73,2,0.0,2.9058740740740743,0.0,0.367,optimal
2021-02-08 22:30:00,73,2,0.0,0.0,0.0,0.08446666666666666,optimal
2021-02-08 23:00:00,73,2,0.0,0.0,0.0,0.19666666666666663,optimal
2021-02-08 23:30:00,73,2,0.0,0.0,0.0,0.2074,optimal
2021-02-09 00:00:00,73,2,0.0,0.0,0.0,0.20166666666666663,optimal
2021-02-09 00:30:00,73,2,0.0,0.0,0.0,0.098,optimal
2021-02-09 01:00:00,73,2,0.0,0.0,0.0,0.21053333333333332,optimal
2021-02-09 01:30:00,73,2,0.45504195474647025,0.0,0.0,0.2583333333333333,optimal
2021-02-09 02:00:00,73,2,1.1428571428571428,0.0,0.0,0.16469999999999999,optimal
2021-02-09 02:30:00,73,2,1.1428571428571428,0.0,0.0,0.08716666666666667,optimal
2021-02-09 03:00:00,73,2,1.1428571428571428,0.0,0.0,0.2159333333333333,optimal
2021-02-09 03:30:00,73,2,1.1428571428571428,0.0,0.0,0.19793333333333332,optimal
2021-02-09 04:00:00,73,2,1.1428571428571428,0.0,0.0,0.09633333333333331,optimal
2021-02-09 04:30:00,73,2,1.1428571428571428,0.0,0.0,0.12096666666666668,optimal
2021-02-09 05:00:00,73,2,1.1428571428571428,0.0,0.0,0.19469999999999998,optimal
2021-02-09 05:30:00,73,2,1.1428571428571428,0.0,0.0,0.19453333333333334,optimal
2021-02-09 06:00:00,73,2,1.1428571428571428,0.0,0.0,0.059,optimal
2021-02-09 06:30:00,73,2,1.1428571428571428,0.0,6.712152534228408,0.09093333333333334,optimal
2021-02-09 07:00:00,73,2,1.1428571428571428,0.6610592592592593,10.0,0.48510000000000003,optimal
2021-02-09 07:30:00,73,2,1.1428571428571428,0.035607407407407414,0.0,1.2616333333333334,optimal
2021-02-09 08:00:00,73,2,0.6813342373334897,0.23222222222222222,0.0,0.2737,optimal
2021-02-09 08:30:00,73,2,0.6935238907019101,0.1548148148148148,0.0,0.143,optimal
2021-02-09 09:00:00,73,2,0.6545804613015808,0.0,0.0,0.24466666666666662,optimal
2021-02-09 09:30:00,73,2,0.6689845299431874,0.0,0.0,0.22366666666666662,optimal
2021-02-09 10:00:00,73,2,0.5653236977653876,0.774074074074074,0.0,0.15786666666666668,optimal
2021-02-09 10:30:00,73,2,0.5092001041730629,2.3222222222222215,0.0,0.22686666666666666,optimal
2021-02-09 11:00:00,73,2,0.4063553537438324,0.6966666666666667,0.0,0.26456666666666667,optimal
2021-02-09 11:30:00,73,2,0.41060111121583565,0.3096296296296296,0.0,0.3575,optimal
2021-02-09 12:00:00,73,2,0.7946629953536574,0.1548148148148148,0.0,0.2897666666666667,optimal
2021-02-09 12:30:00,73,2,1.1428571428571428,0.23222222222222222,0.0,0.2832333333333333,optimal
2021-02-09 13:00:00,73,2,1.1428571428571428,0.1548148148148148,0.0,0.33546666666666664,optimal
2021-02-09 13:30:00,73,2,1.1428571428571428,0.0,0.0,0.7477999999999999,optimal
2021-02-09 14:00:00,73,2,1.1428571428571428,0.0,0.0,0.069,optimal
2021-02-09 14:30:00,73,2,1.1428571428571428,0.0,0.0,0.4022,optimal
2021-02-09 15:00:00,73,2,1.1428571428571428,0.0,0.0,0.069,optimal
2021-02-09 15:30:00,73,2,1.1428571428571428,0.0,0.0,0.12886666666666668,optimal
2021-02-09 16:00:00,73,2,0.0,0.0,0.0,0.3423333333333333,optimal
2021-02-09 16:30:00,73,2,0.0,0.0,0.0,0.1409,optimal
2021-02-09 17:00:00,73,2,0.0,0.0,0.0,0.18763333333333332,optimal
2021-02-09 17:30:00,73,2,0.0,0.0,0.0,0.2258,optimal
2021-02-09 18:00:00,73,2,0.0,0.0,0.0,0.23113333333333333,optimal
2021-02-09 18:30:00,73,2,0.0,0.0,0.0,0.069,optimal
2021-02-09 19:00:00,73,2,0.0,0.0,0.0,0.3591333333333333,optimal
2021-02-09 19:30:00,73,2,0.7960729402712259,0.0,0.0,0.11206666666666666,optimal
2021-02-09 20:00:00,73,2,0.45822532122360693,0.0,0.0,1.1339000000000001,optimal
2021-02-09 20:30:00,73,2,0.0,0.0,0.0,0.4403333333333333,optimal
2021-02-09 21:00:00,73,2,0.0,0.387037037037037,0.0,0.2861666666666667,optimal
2021-02-09 21:30:00,73,2,0.0,0.0,0.0,0.4104666666666666,optimal
2021-02-09 22:00:00,73,2,0.0,0.0,0.0,0.4515,optimal
2021-02-09 22:30:00,73,2,0.0,0.1548148148148148,0.0,0.6764,optimal
2021-02-09 23:00:00,73,2,0.0,0.3096296296296296,0.0,0.25106666666666666,optimal
2021-02-09 23:30:00,73,2,0.0,0.0,0.0,0.122,optimal
2021-02-10 00:00:00,73,2,0.0,0.0,0.0,0.079,optimal
2021-02-10 00:30:00,73,2,0.0,0.0,0.0,0.1046,optimal
2021-02-10 01:00:00,73,2,0.7858803099201083,0.0,0.0,0.09179999999999999,optimal
2021-02-10 01:30:00,73,2,1.1428571428571428,0.0,0.0,0.09113333333333334,optimal
2021-02-10 02:00:00,73,2,1.1428571428571428,0.0,0.0,0.111,optimal
2021-02-10 02:30:00,73,2,1.1428571428571428,0.0,0.0,0.0726,optimal
2021-02-10 03:00:00,73,2,1.1428571428571428,0.0,0.0,0.063,optimal
2021-02-10 03:30:00,73,2,1.1428571428571428,0.0,0.0,0.063,optimal
2021-02-10 04:00:00,73,2,1.1428571428571428,0.0,0.0,0.1014,optimal
2021-02-10 04:30:00,73,2,1.1428571428571428,0.23222222222222222,0.0,0.7002,optimal
2021-02-10 05:00:00,73,2,1.1428571428571428,0.0,0.0,0.1174,optimal
2021-02-10 05:30:00,73,2,1.1428571428571428,0.0,0.0,0.07486666666666666,optimal
2021-02-10 06:00:00,73,2,1.1428571428571428,0.0,6.686194688625269,0.1216,optimal
2021-02-10 06:30:00,73,2,1.1428571428571428,0.0,10.0,0.063,optimal
2021-02-10 07:00:00,73,2,1.1428571428571428,0.0,10.0,0.07579999999999999,optimal
2021-02-10 07:30:00,73,2,1.1428571428571428,0.0,0.0,0.10779999999999999,optimal
2021-02-10 08:00:00,73,2,0.8120854900682534,0.0,0.0,0.07133333333333333,optimal
2021-02-10 08:30:00,73,2,0.803529472337258,0.0,0.0,0.06433333333333333,optimal
2021-02-10 09:00:00,73,2,0.7223471040455126,0.0,0.0,0.09179999999999999,optimal
2021-02-10 09:30:00,73,2,0.7137910863145172,0.0,0.0,0.09179999999999999,optimal
2021-02-10 10:00:00,73,2,0.3969424446041298,0.1548148148148148,0.0,0.9335666666666669,optimal
2021-02-10 10:30:00,73,2,0.5001159074963559,0.3096296296296296,0.0,0.2052,optimal
2021-02-10 11:00:00,73,2,0.3640337312133778,0.0,0.0,0.2792,optimal
2021-02-10 11:30:00,73,2,0.36833667472881915,0.0,0.0,0.26,optimal
2021-02-10 12:00:00,73,2,0.29285958344202423,0.6192592592592592,0.0,0.2757333333333333,optimal
2021-02-10 12:30:00,73,2,0.24718339296584,0.1548148148148148,0.0,0.33080000000000004,optimal
2021-02-10 13:00:00,73,2,0.74156273502518,0.0,0.0,0.42160000000000003,optimal
2021-02-10 13:30:00,73,2,1.1428571428571428,0.0,0.0,0.4761,optimal
2021-02-10 14:00:00,73,2,1.1428571428571428,0.46444444444444444,0.0,0.3424,optimal
2021-02-10 14:30:00,73,2,1.1428571428571428,0.23222222222222222,0.0,1.9790999999999999,optimal
2021-02-10 15:00:00,73,2,1.1428571428571428,0.1548148148148148,0.0,0.5907,optimal
2021-02-10 15:30:00,73,2,1.1428571428571428,0.6192592592592592,0.0,0.41053333333333336,optimal
2021-02-10 16:00:00,73,2,0.0,0.1548148148148148,0.0,0.39080000000000004,optimal
2021-02-10 16:30:00,73,2,0.0,0.0,0.0,0.4166333333333333,optimal
2021-02-10 17:00:00,73,2,0.0,0.387037037037037,0.0,0.3705333333333334,optimal
2021-02-10 17:30:00,73,2,0.0,2.1674074074074072,0.0,0.5907666666666667,optimal
2021-02-10 18:00:00,73,2,0.0,0.0,0.0,0.18253333333333333,optimal
2021-02-10 18:30:00,73,2,0.0,0.0,0.0,0.1901,optimal
2021-02-10 19:00:00,73,2,0.0,0.5418518518518518,0.0,0.3093,optimal
2021-02-10 19:30:00,73,2,0.0,0.0,0.0,0.2362,optimal
2021-02-10 20:00:00,73,2,0.0,0.0,0.0,0.18706666666666663,optimal
2021-02-10 20:30:00,73,2,0.0,0.0,0.0,0.35833333333333334,optimal
2021-02-10 21:00:00,73,2,0.0,2.3051925925925927,0.0,0.4046666666666667,optimal
2021-02-10 21:30:00,73,2,0.0,6.596659259259261,0.0,0.8093666666666667,optimal
2021-02-10 22:00:00,73,2,0.0,0.5062444444444444,0.0,0.5744,optimal
2021-02-10 22:30:00,73,2,0.0,2.3407999999999998,0.0,1.0285,optimal
2021-02-10 23:00:00,73,2,0.0,0.017029629629629645,0.0,0.3482,optimal
2021-02-10 23:30:00,73,2,0.0,0.0,0.0,0.13566666666666666,optimal
2021-02-11 00:00:00,73,2,0.4469836760729244,0.0,0.0,0.07,optimal
2021-02-11 00:30:00,73,2,1.1428571428571428,0.0,0.0,0.15366666666666665,optimal
2021-02-11 01:00:00,73,2,1.1428571428571428,0.0,0.0,0.2329333333333333,optimal
2021-02-11 01:30:00,73,2,1.1428571428571428,0.0,0.0,0.07,optimal
2021-02-11 02:00:00,73,2,1.1428571428571428,0.0,0.0,0.27316666666666667,optimal
2021-02-11 02:30:00,73,2,1.1428571428571428,0.0,0.0,0.11843333333333333,optimal
2021-02-11 03:00:00,73,2,1.1428571428571428,0.0,0.0,0.0783,optimal
2021-02-11 03:30:00,73,2,1.1428571428571428,0.0,0.0,0.3083,optimal
2021-02-11 04:00:00,73,2,1.1428571428571428,0.0,0.0,0.065,optimal
2021-02-11 04:30:00,73,2,1.1428571428571428,0.0,0.0,0.16546666666666668,optimal
2021-02-11 05:00:00,73,2,1.1428571428571428,0.0,0.0,0.22113333333333332,optimal
2021-02-11 05:30:00,73,2,1.1428571428571428,0.0,0.0,0.065,optimal
2021-02-11 06:00:00,73,2,1.1428571428571428,0.0,0.0,0.26053333333333334,optimal
2021-02-11 06:30:00,73,2,1.1428571428571428,0.0,1.3276650576229911,0.13106666666666666,optimal
2021-02-11 07:00:00,73,2,1.1428571428571428,0.0,10.0,0.15866666666666665,optimal
2021-02-11 07:30:00,73,2,1.1428571428571428,0.46444444444444444,0.0,0.4229333333333333,optimal
2021-02-11 08:00:00,73,2,0.6921086941748197,0.0774074074074074,0.0,2.2386,optimal
2021-02-11 08:30:00,73,2,0.6937257074730799,0.6966666666666667,0.0,2.6062,optimal
2021-02-11 09:00:00,73,2,0.5875198018559276,0.387037037037037,0.0,2.3025333333333333,optimal
2021-02-11 09:30:00,73,2,0.6066393222418377,0.0,0.0,2.267533333333333,optimal
2021-02-11 10:00:00,73,2,0.5588232188220928,0.0,0.0,0.15296666666666667,optimal
2021-02-11 10:30:00,73,2,0.5960150815388999,0.0,0.0,0.2426333333333333,optimal
2021-02-11 11:00:00,73,2,0.5744102755574585,0.0,0.0,0.065,optimal
2021-02-11 11:30:00,73,2,0.4943442566852567,0.0,0.0,0.2379333333333333,optimal
2021-02-11 12:00:00,73,2,0.43584960461194233,0.0,0.0,0.075,optimal
2021-02-11 12:30:00,73,2,0.3625187374623911,0.0,0.0,0.22933333333333328,optimal
2021-02-11 13:00:00,73,2,1.1428571428571428,0.1548148148148148,0.0,0.16093333333333334,optimal
2021-02-11 13:30:00,73,2,1.1428571428571428,0.0,0.0,0.6862666666666667,optimal
2021-02-11 14:00:00,73,2,1.1428571428571428,0.0774074074074074,0.0,1.8763333333333332,optimal
2021-02-11 14:30:00,73,2,1.1428571428571428,0.23222222222222222,0.0,0.671,optimal
2021-02-11 15:00:00,73,2,1.1428571428571428,0.0,0.0,1.6072666666666668,optimal
2021-02-11 15:30:00,73,2,1.1428571428571428,0.0,0.0,2.5058000000000002,optimal
2021-02-11 16:00:00,73,2,0.0,0.6192592592592592,0.0,0.1802666666666667,optimal
2021-02-11 16:30:00,73,2,0.0,0.23222222222222222,0.0,0.4585,optimal
2021-02-11 17:00:00,73,2,0.0,0.0774074074074074,0.0,3.596766666666667,optimal
2021-02-11 17:30:00,73,2,0.0,0.3096296296296296,0.0,3.055,optimal
2021-02-11 18:00:00,73,2,0.0,0.6966666666666667,0.0,1.9853333333333332,optimal
2021-02-11 18:30:00,73,2,0.0,0.5062444444444444,0.0,1.4106333333333334,optimal
2021-02-11 19:00:00,73,2,0.0,0.2678296296296296,0.0,1.5478333333333332,optimal
2021-02-11 19:30:00,73,2,0.06884735614331808,0.0774074074074074,0.0,0.40166666666666667,optimal
2021-02-11 20:00:00,73,2,0.8397407480408638,0.0,0.0,1.6387333333333332,optimal
2021-02-11 20:30:00,73,2,0.0,0.0,0.0,0.47973333333333334,optimal
2021-02-11 21:00:00,73,2,0.0,0.46444444444444444,0.0,0.47943333333333327,optimal
2021-02-11 21:30:00,73,2,0.0,0.3096296296296296,0.0,1.0070333333333332,optimal
2021-02-11 22:00:00,73,2,0.0,0.0,0.0,1.0975666666666666,optimal
2021-02-11 22:30:00,73,2,0.0,0.0,0.0,2.7951333333333332,optimal
2021-02-11 23:00:00,73,2,0.0,0.0,0.0,1.7764666666666666,optimal
2021-02-11 23:30:00,73,2,0.0,0.0,0.0,0.19713333333333333,optimal
2021-02-12 00:00:00,73,2,1.1428571428571428,0.0,0.0,0.059,optimal
2021-02-12 00:30:00,73,2,1.1428571428571428,0.0,0.0,0.059,optimal
2021-02-12 01:00:00,73,2,1.1428571428571428,0.0,0.0,0.059,optimal
2021-02-12 01:30:00,73,2,1.1428571428571428,0.0,0.0,0.20346666666666666,optimal
2021-02-12 02:00:00,73,2,1.1428571428571428,0.0,0.0,0.059,optimal
2021-02-12 02:30:00,73,2,1.1428571428571428,0.0,0.0,0.12466666666666669,optimal
2021-02-12 03:00:00,73,2,1.1428571428571428,0.0,0.0,0.1378,optimal
2021-02-12 03:30:00,73,2,1.1428571428571428,0.0,0.0,0.08526666666666667,optimal
2021-02-12 04:00:00,73,2,1.1428571428571428,6.889259259259258,0.0,1.6303666666666665,optimal
2021-02-12 04:30:00,73,2,1.1428571428571428,0.3096296296296296,0.0,0.5505,optimal
2021-02-12 05:00:00,73,2,1.1428571428571428,0.0,0.0,0.08466666666666667,optimal
2021-02-12 05:30:00,73,2,1.1428571428571428,0.0774074074074074,0.0,0.5514,optimal
2021-02-12 06:00:00,73,2,1.1428571428571428,0.23222222222222222,0.0,1.2322666666666668,optimal
2021-02-12 06:30:00,73,2,1.1428571428571428,10.062962962962963,1.1625891209847115,1.2323333333333333,optimal
2021-02-12 07:00:00,73,2,1.1428571428571428,0.3096296296296296,10.0,0.21146666666666666,optimal
2021-02-12 07:30:00,73,2,1.1428571428571428,5.349317092411849,0.0,0.067,optimal
2021-02-12 08:00:00,73,2,0.6943952767513034,0.3096296296296296,0.0,0.34906666666666664,optimal
2021-02-12 08:30:00,73,2,0.9830274849584877,0.0,0.0,0.14780000000000001,optimal
2021-02-12 09:00:00,73,2,0.9315136433413261,0.0,0.0,0.08213333333333334,optimal
2021-02-12 09:30:00,73,2,0.8036260197289062,0.0,0.0,0.20033333333333328,optimal
2021-02-12 10:00:00,73,2,0.6337823674620433,0.0,0.0,0.069,optimal
2021-02-12 10:30:00,73,2,0.6166703320000404,0.0,0.0,0.069,optimal
2021-02-12 11:00:00,73,2,0.4627957439003676,0.0,0.0,0.21346666666666667,optimal
2021-02-12 11:30:00,73,2,0.5019329299438132,0.0,0.0,0.069,optimal
2021-02-12 12:00:00,73,2,0.932548119841599,0.0,0.0,0.069,optimal
2021-02-12 12:30:00,73,2,1.1428571428571428,0.0,0.0,0.2069,optimal
2021-02-12 13:00:00,73,2,1.1428571428571428,0.0,0.0,0.07556666666666666,optimal
2021-02-12 13:30:00,73,2,1.1428571428571428,0.0,0.0,0.069,optimal
2021-02-12 14:00:00,73,2,1.1428571428571428,0.0,0.0,0.069,optimal
2021-02-12 14:30:00,73,2,1.1428571428571428,0.0,0.0,0.069,optimal
2021-02-12 15:00:00,73,2,1.1428571428571428,0.0,0.0,0.19376666666666667,optimal
2021-02-12 15:30:00,73,2,1.1428571428571428,0.0,0.0,0.0887,optimal
2021-02-12 16:00:00,73,2,0.0,0.0,0.0,0.069,optimal
2021-02-12 16:30:00,73,2,0.0,0.0,0.0,0.21346666666666667,optimal
2021-02-12 17:00:00,73,2,0.0,0.23222222222222222,0.0,0.06766666666666667,optimal
2021-02-12 17:30:00,73,2,0.0,0.46444444444444444,0.0,1.2950666666666666,optimal
2021-02-12 18:00:00,73,2,0.0,0.774074074074074,0.0,1.0846666666666667,optimal
2021-02-12 18:30:00,73,2,0.0,0.0774074074074074,0.0,0.14676666666666668,optimal
2021-02-12 19:00:00,73,2,0.0,0.0,0.0,0.22346666666666667,optimal
2021-02-12 19:30:00,73,2,0.6650757133239006,0.1548148148148148,0.0,0.12093333333333334,optimal
2021-02-12 20:00:00,73,2,0.667506103141779,0.0,0.0,0.2,optimal
2021-02-12 20:30:00,73,2,0.0,0.0,0.0,0.24636666666666668,optimal
2021-02-12 21:00:00,73,2,0.0,0.1548148148148148,0.0,0.5003,optimal
2021-02-12 21:30:00,73,2,0.0,0.0,0.0,0.5732999999999999,optimal
2021-02-12 22:00:00,73,2,0.0,0.0,0.0,0.5261,optimal
2021-02-12 22:30:00,73,2,0.0,0.0,0.0,0.2902666666666667,optimal
2021-02-12 23:00:00,73,2,0.0,0.0,0.0,0.11506666666666666,optimal
2021-02-12 23:30:00,73,2,0.0,0.0,0.0,0.13723333333333332,optimal
2021-02-13 00:00:00,73,2,0.0,0.0,0.0,0.054,optimal
2021-02-13 00:30:00,73,2,0.2577320344867023,0.0,0.0,0.1623,optimal
2021-02-13 01:00:00,73,2,1.1428571428571428,0.0,0.0,0.0711,optimal
2021-02-13 01:30:00,73,2,1.1428571428571428,0.0,0.0,0.12240000000000001,optimal
2021-02-13 02:00:00,73,2,1.1428571428571428,0.0,0.0,0.111,optimal
2021-02-13 02:30:00,73,2,1.1428571428571428,0.0,0.0,0.054,optimal
2021-02-13 03:00:00,73,2,1.1428571428571428,0.0,0.0,0.1794,optimal
2021-02-13 03:30:00,73,2,1.1428571428571428,0.0,0.0,0.054,optimal
2021-02-13 04:00:00,73,2,1.1428571428571428,0.0,0.0,0.1509,optimal
2021-02-13 04:30:00,73,2,1.1428571428571428,0.0,0.0,0.0825,optimal
2021-02-13 05:00:00,73,2,1.1428571428571428,0.0,0.0,0.111,optimal
2021-02-13 05:30:00,73,2,1.1428571428571428,0.0,0.0,0.12240000000000001,optimal
2021-02-13 06:00:00,73,2,1.1428571428571428,0.0,0.0,0.054,optimal
2021-02-13 06:30:00,73,2,1.1428571428571428,0.0,3.096497900505217,0.1794,optimal
2021-02-13 07:00:00,73,2,1.1428571428571428,0.0,10.0,0.054,optimal
2021-02-13 07:30:00,73,2,1.1428571428571428,0.0,0.0,0.1465,optimal
2021-02-13 08:00:00,73,2,0.6682488646376158,0.0774074074074074,0.0,1.7635,optimal
2021-02-13 08:30:00,73,2,0.6313822411572375,0.1548148148148148,0.0,2.1851666666666665,optimal
2021-02-13 09:00:00,73,2,0.5433114456441344,0.0,0.0,0.7228,optimal
2021-02-13 09:30:00,73,2,0.60502975681372,0.0774074074074074,0.0,0.187,optimal
2021-02-13 10:00:00,73,2,0.7042912951726746,0.0,0.0,0.060333333333333336,optimal
2021-02-13 10:30:00,73,2,0.6663237193113536,0.0,0.0,0.1894,optimal
2021-02-13 11:00:00,73,2,0.6066409776607685,0.0,0.0,0.062,optimal
2021-02-13 11:30:00,73,2,1.1428571428571428,0.0,0.0,0.1794,optimal
2021-02-13 12:00:00,73,2,1.1428571428571428,0.0,0.0,0.054,optimal
2021-02-13 12:30:00,73,2,1.1428571428571428,0.0,0.0,0.06,optimal
2021-02-13 13:00:00,73,2,1.1428571428571428,0.0,0.0,0.1884,optimal
2021-02-13 13:30:00,73,2,1.1428571428571428,0.0,0.0,0.054,optimal
2021-02-13 14:00:00,73,2,1.1428571428571428,0.0,0.0,0.0711,optimal
2021-02-13 14:30:00,73,2,1.1428571428571428,0.0,0.0,0.17096666666666666,optimal
2021-02-13 15:00:00,73,2,1.1428571428571428,0.0,0.0,0.05633333333333333,optimal
2021-02-13 15:30:00,73,2,1.1428571428571428,0.0,0.0,0.1452,optimal
2021-02-13 16:00:00,73,2,0.0,0.0,0.0,0.0882,optimal
2021-02-13 16:30:00,73,2,0.0,0.0,0.0,0.061666666666666654,optimal
2021-02-13 17:00:00,73,2,0.0,0.0,0.0,0.2780666666666667,optimal
2021-02-13 17:30:00,73,2,0.0,0.0,0.0,1.4732333333333332,optimal
2021-02-13 18:00:00,73,2,0.0,0.0,0.0,0.054,optimal
2021-02-13 18:30:00,73,2,0.0,0.0,0.0,0.7672,optimal
2021-02-13 19:00:00,73,2,0.0,0.0,0.0,0.25316666666666665,optimal
2021-02-13 19:30:00,73,2,0.5722280942762734,0.0,0.0,0.33913333333333334,optimal
2021-02-13 20:00:00,73,2,0.5985156269513011,0.23222222222222222,0.0,0.2916,optimal
2021-02-13 20:30:00,73,2,0.0,0.0,0.0,0.15413333333333332,optimal
2021-02-13 21:00:00,73,2,0.0,0.0,0.0,0.32630000000000003,optimal
2021-02-13 21:30:00,73,2,0.0,0.0,0.0,0.4793,optimal
2021-02-13 22:00:00,73,2,0.0,0.0,0.0,0.3223666666666667,optimal
2021-02-13 22:30:00,73,2,0.0,0.0,0.0,0.38963333333333333,optimal
2021-02-13 23:00:00,73,2,0.0,0.0,0.0,0.1442,optimal
2021-02-13 23:30:00,73,2,0.0,0.0,0.0,0.10233333333333332,optimal
2021-02-07 00:00:00,74,2,0.0,0.0,0.0,0.053,optimal
2021-02-07 00:30:00,74,2,0.0,0.0,0.0,0.053,optimal
2021-02-07 01:00:00,74,2,0.0,0.0,0.0,0.13419999999999999,optimal
2021-02-07 01:30:00,74,2,0.0,0.0,0.0,0.18816666666666662,optimal
2021-02-07 02:00:00,74,2,0.0,0.0,0.0,0.0665,optimal
2021-02-07 02:30:00,74,2,0.0,0.0,0.0,0.23786666666666667,optimal
2021-02-07 03:00:00,74,2,0.0,0.0,0.0,0.098,optimal
2021-02-07 03:30:00,74,2,0.0,0.0,0.0,0.053,optimal
2021-02-07 04:00:00,74,2,1.1428571428571428,0.0,0.0,0.20186666666666667,optimal
2021-02-07 04:30:00,74,2,1.1428571428571428,0.0,0.0,0.134,optimal
2021-02-07 05:00:00,74,2,1.1428571428571428,0.0,0.0,0.053,optimal
2021-02-07 05:30:00,74,2,1.1428571428571428,0.0,0.0,0.2326,optimal
2021-02-07 06:00:00,74,2,1.1428571428571428,0.0774074074074074,0.0,0.1006,optimal
2021-02-07 06:30:00,74,2,1.1428571428571428,0.3096296296296296,1.4055777348378222,0.26239999999999997,optimal
2021-02-07 07:00:00,74,2,1.1428571428571428,0.3096296296296296,0.0,0.1663,optimal
2021-02-07 07:30:00,74,2,0.0,0.0,0.0,0.1955,optimal
2021-02-07 08:00:00,74,2,0.0,0.0774074074074074,0.0,0.4998,optimal
2021-02-07 08:30:00,74,2,0.06751917454263288,0.0,0.0,0.45713333333333334,optimal
2021-02-07 09:00:00,74,2,0.6773454708112246,0.23222222222222222,0.0,0.08616666666666667,optimal
2021-02-07 09:30:00,74,2,0.6871493235213293,0.0,0.0,0.24903333333333333,optimal
2021-02-07 10:00:00,74,2,0.698828194501171,0.0,0.0,0.055666666666666656,optimal
2021-02-07 10:30:00,74,2,0.6464300128904771,0.0,0.0,0.2613666666666667,optimal
2021-02-07 11:00:00,74,2,0.641758578857333,0.0,0.0,0.0945,optimal
2021-02-07 11:30:00,74,2,0.6307871502859069,0.0,0.0,0.1302333333333333,optimal
2021-02-07 12:00:00,74,2,0.5661930881659194,0.0,0.0,0.21296666666666667,optimal
2021-02-07 12:30:00,74,2,0.6080311834040059,0.0,0.0,0.06653333333333333,optimal
2021-02-07 13:00:00,74,2,1.1428571428571428,0.0,0.0,0.27566666666666667,optimal
2021-02-07 13:30:00,74,2,1.1428571428571428,0.0,0.0,0.06366666666666666,optimal
2021-02-07 14:00:00,74,2,1.1428571428571428,0.0,0.0,0.15719999999999998,optimal
2021-02-07 14:30:00,74,2,1.1428571428571428,0.23222222222222222,0.0,0.40573333333333333,optimal
2021-02-07 15:00:00,74,2,1.1428571428571428,0.7167925925925925,0.0,0.061,optimal
2021-02-07 15:30:00,74,2,1.1428571428571428,1.2183925925925925,0.0,0.4781333333333333,optimal
2021-02-07 16:00:00,74,2,0.0,0.8514814814814814,0.0,0.19073333333333328,optimal
2021-02-07 16:30:00,74,2,0.0,0.0,0.0,0.3693,optimal
2021-02-07 17:00:00,74,2,0.0,0.0,0.0,0.144,optimal
2021-02-07 17:30:00,74,2,0.0,0.23222222222222222,0.0,0.16419999999999998,optimal
2021-02-07 18:00:00,74,2,0.0,0.0,0.0,0.7263666666666667,optimal
2021-02-07 18:30:00,74,2,0.0,0.23222222222222222,0.0,2.085333333333333,optimal
2021-02-07 19:00:00,74,2,0.0,0.23222222222222222,0.0,2.3543000000000003,optimal
2021-02-07 19:30:00,74,2,0.05873192289617115,0.23222222222222222,0.0,0.5404333333333333,optimal
2021-02-07 20:00:00,74,2,0.5459232414341133,0.0,0.0,0.2235,optimal
2021-02-07 20:30:00,74,2,0.0,0.0,0.0,0.1974,optimal
2021-02-07 21:00:00,74,2,0.0,0.23222222222222222,0.0,0.44803333333333334,optimal
2021-02-07 21:30:00,74,2,0.0,0.0,0.0,0.43956666666666666,optimal
2021-02-07 22:00:00,74,2,0.0,0.46444444444444444,0.0,0.2984,optimal
2021-02-07 22:30:00,74,2,0.0,0.0,0.0,0.2374333333333333,optimal
2021-02-07 23:00:00,74,2,0.0,0.0,0.0,0.15653333333333333,optimal
2021-02-07 23:30:00,74,2,0.0,0.0,0.0,0.09483333333333331,optimal
2021-02-08 00:00:00,74,2,0.0,0.0,0.0,0.061,optimal
2021-02-08 00:30:00,74,2,0.0,0.0,0.0,0.061,optimal
2021-02-08 01:00:00,74,2,0.0,0.0,0.0,0.119,optimal
2021-02-08 01:30:00,74,2,0.4532832866838845,0.0,0.0,0.1306,optimal
2021-02-08 02:00:00,74,2,1.1428571428571428,0.0,0.0,0.061,optimal
2021-02-08 02:30:00,74,2,1.1428571428571428,0.0,0.0,0.1886,optimal
2021-02-08 03:00:00,74,2,1.1428571428571428,0.0,0.0,0.069,optimal
2021-02-08 03:30:00,74,2,1.1428571428571428,0.0,0.0,0.16906666666666667,optimal
2021-02-08 04:00:00,74,2,1.1428571428571428,0.0,0.0,0.0842,optimal
2021-02-08 04:30:00,74,2,1.1428571428571428,0.0,0.0,0.11320000000000001,optimal
2021-02-08 05:00:00,74,2,1.1428571428571428,0.0,0.0,0.1364,optimal
2021-02-08 05:30:00,74,2,1.1428571428571428,0.0,0.0,0.061,optimal
2021-02-08 06:00:00,74,2,1.1428571428571428,0.0,0.0,0.061,optimal
2021-02-08 06:30:00,74,2,1.1428571428571428,0.0,2.31372448237929,0.1886,optimal
2021-02-08 07:00:00,74,2,1.1428571428571428,0.0,10.0,0.060333333333333336,optimal
2021-02-08 07:30:00,74,2,1.1428571428571428,0.23222222222222222,0.0,0.0938,optimal
2021-02-08 08:00:00,74,2,0.6445626337344634,2.631851851851852,0.0,0.16013333333333332,optimal
2021-02-08 08:30:00,74,2,0.6728311187904426,0.3096296296296296,0.0,0.069,optimal
2021-02-08 09:00:00,74,2,0.6102795151035828,0.0774074074074074,0.0,0.17646666666666666,optimal
2021-02-08 09:30:00,74,2,0.6538339303767595,0.0,0.0,0.112,optimal
2021-02-08 10:00:00,74,2,0.5108931768648282,0.5418518518518518,0.0,0.3115333333333334,optimal
2021-02-08 10:30:00,74,2,0.5744911425440314,1.9351851851851851,0.0,0.1974,optimal
2021-02-08 11:00:00,74,2,0.443335362209186,0.387037037037037,0.0,0.233,optimal
2021-02-08 11:30:00,74,2,0.3366040200103486,0.0,0.0,0.45913333333333334,optimal
2021-02-08 12:00:00,74,2,0.30641855015019914,6.502222222222223,0.0,0.2904,optimal
2021-02-08 12:30:00,74,2,0.29900538956205386,0.3096296296296296,0.0,0.3447333333333333,optimal
2021-02-08 13:00:00,74,2,1.1428571428571428,0.0774074074074074,0.0,0.8777,optimal
2021-02-08 13:30:00,74,2,1.1428571428571428,0.23222222222222222,0.0,1.6466333333333334,optimal
2021-02-08 14:00:00,74,2,1.1428571428571428,0.0,0.0,0.3472333333333333,optimal
2021-02-08 14:30:00,74,2,1.1428571428571428,0.0774074074074074,0.0,0.32713333333333333,optimal
2021-02-08 15:00:00,74,2,1.1428571428571428,0.0,0.0,0.24580000000000002,optimal
2021-02-08 15:30:00,74,2,1.1428571428571428,0.3096296296296296,0.0,0.3390666666666667,optimal
2021-02-08 16:00:00,74,2,0.0,0.1548148148148148,0.0,0.2016,optimal
2021-02-08 16:30:00,74,2,0.0,0.23222222222222222,0.0,0.1987,optimal
2021-02-08 17:00:00,74,2,0.0,0.0774074074074074,0.0,0.4066,optimal
2021-02-08 17:30:00,74,2,0.0,0.0,0.0,0.3176666666666667,optimal
2021-02-08 18:00:00,74,2,0.0,0.0774074074074074,0.0,0.418,optimal
2021-02-08 18:30:00,74,2,0.0,0.3096296296296296,0.0,0.5618666666666666,optimal
2021-02-08 19:00:00,74,2,0.0,0.0,0.0,0.6596000000000001,optimal
2021-02-08 19:30:00,74,2,0.03501986233031723,0.0,0.0,0.38206666666666667,optimal
2021-02-08 20:00:00,74,2,0.5940915560272988,0.0,0.0,0.41523333333333334,optimal
2021-02-08 20:30:00,74,2,0.0,0.0,0.0,0.4969333333333333,optimal
2021-02-08 21:00:00,74,2,0.0,0.1548148148148148,0.0,0.5090666666666667,optimal
2021-02-08 21:30:00,74,2,0.0,0.0,0.0,0.664,optimal
2021-02-08 22:00:00,74,2,0.0,2.39962962962963,0.0,0.4036,optimal
2021-02-08 22:30:00,74,2,0.0,0.46444444444444444,0.0,0.257,optimal
2021-02-08 23:00:00,74,2,0.0,0.0,0.0,0.1986,optimal
2021-02-08 23:30:00,74,2,0.0,0.0,0.0,0.066,optimal
2021-02-09 00:00:00,74,2,0.0,0.0,0.0,0.08413333333333334,optimal
2021-02-09 00:30:00,74,2,0.0,0.0,0.0,0.20646666666666666,optimal
2021-02-09 01:00:00,74,2,0.052828527744382466,0.0,0.0,0.17033333333333334,optimal
2021-02-09 01:30:00,74,2,1.1428571428571428,0.0,0.0,0.15919999999999998,optimal
2021-02-09 02:00:00,74,2,1.1428571428571428,0.0,0.0,0.17493333333333333,optimal
2021-02-09 02:30:00,74,2,1.1428571428571428,0.0,0.0,0.1662,optimal
2021-02-09 03:00:00,74,2,1.1428571428571428,0.0,0.0,0.12833333333333335,optimal
2021-02-09 03:30:00,74,2,1.1428571428571428,0.0,0.0,0.08553333333333334,optimal
2021-02-09 04:00:00,74,2,1.1428571428571428,0.0,0.0,0.1164,optimal
2021-02-09 04:30:00,74,2,1.1428571428571428,0.0,0.0,0.2288,optimal
2021-02-09 05:00:00,74,2,1.1428571428571428,0.0,0.0,0.11553333333333332,optimal
2021-02-09 05:30:00,74,2,1.1428571428571428,0.0,0.0,0.21306666666666663,optimal
2021-02-09 06:00:00,74,2,1.1428571428571428,0.0,0.0,0.15106666666666665,optimal
2021-02-09 06:30:00,74,2,1.1428571428571428,0.0,0.0,0.057,optimal
2021-02-09 07:00:00,74,2,1.1428571428571428,0.0,0.0,0.2586,optimal
2021-02-09 07:30:00,74,2,1.1428571428571428,0.0774074074074074,0.0,0.529,optimal
2021-02-09 08:00:00,74,2,0.4573694754287304,0.6966666666666667,0.0,0.9270333333333332,optimal
2021-02-09 08:30:00,74,2,0.48468008117809847,0.46444444444444444,0.0,1.9133666666666664,optimal
2021-02-09 09:00:00,74,2,0.44910617558729915,0.23222222222222222,0.0,3.5999333333333334,optimal
2021-02-09 09:30:00,74,2,0.5532226251812749,6.037777777777777,0.0,0.27693333333333336,optimal
2021-02-09 10:00:00,74,2,0.40762084062253146,0.1548148148148148,0.0,1.7561666666666667,optimal
2021-02-09 10:30:00,74,2,0.4315753422683059,0.0774074074074074,0.0,1.2998333333333332,optimal
2021-02-09 11:00:00,74,2,0.38716297279144973,0.0,0.0,0.31689999999999996,optimal
2021-02-09 11:30:00,74,2,0.25394396835870064,0.0774074074074074,0.0,2.6638,optimal
2021-02-09 12:00:00,74,2,0.30962623241282744,0.387037037037037,0.0,0.25903333333333334,optimal
2021-02-09 12:30:00,74,2,0.3152890463693921,0.2740222222222222,0.0,0.2551,optimal
2021-02-09 13:00:00,74,2,0.30017709262081455,0.11301481481481486,0.0,0.3554333333333333,optimal
2021-02-09 13:30:00,74,2,0.9041327742703757,0.0774074074074074,0.0,0.4844666666666666,optimal
2021-02-09 14:00:00,74,2,1.1428571428571428,0.3096296296296296,0.0,0.4264,optimal
2021-02-09 14:30:00,74,2,1.1428571428571428,0.0,0.0,0.5614,optimal
2021-02-09 15:00:00,74,2,1.1428571428571428,0.46444444444444444,0.0,4.276133333333333,optimal
2021-02-09 15:30:00,74,2,1.1428571428571428,0.0774074074074074,0.0,0.2012333333333333,optimal
2021-02-09 16:00:00,74,2,0.0,0.23222222222222222,0.0,0.27476666666666666,optimal
2021-02-09 16:30:00,74,2,0.0,0.774074074074074,0.0,0.38780000000000003,optimal
2021-02-09 17:00:00,74,2,0.0,0.387037037037037,0.0,0.23266666666666663,optimal
2021-02-09 17:30:00,74,2,0.0,0.0774074074074074,0.0,0.4329333333333333,optimal
2021-02-09 18:00:00,74,2,0.0,0.3096296296296296,0.0,1.9821,optimal
2021-02-09 18:30:00,74,2,0.0,0.0,0.0,3.9289,optimal
2021-02-09 19:00:00,74,2,0.0,0.3096296296296296,0.0,0.8965666666666667,optimal
2021-02-09 19:30:00,74,2,0.0,0.0,0.0,0.30846666666666667,optimal
2021-02-09 20:00:00,74,2,0.0,0.6192592592592592,0.0,0.33153333333333335,optimal
2021-02-09 20:30:00,74,2,0.0,0.0,0.0,0.4966666666666667,optimal
2021-02-09 21:00:00,74,2,0.0,0.3096296296296296,0.0,0.8951,optimal
2021-02-09 21:30:00,74,2,0.0,0.1548148148148148,0.0,2.891333333333333,optimal
2021-02-09 22:00:00,74,2,0.0,0.0,0.0,3.022333333333333,optimal
2021-02-09 22:30:00,74,2,0.0,0.0,0.0,0.067,optimal
2021-02-09 23:00:00,74,2,0.0,0.0,0.0,0.23706666666666665,optimal
2021-02-09 23:30:00,74,2,0.0,0.0,0.0,0.16686666666666666,optimal
2021-02-10 00:00:00,74,2,0.0,0.0,0.0,0.047,optimal
2021-02-10 00:30:00,74,2,0.0,0.0,0.0,0.047,optimal
2021-02-10 01:00:00,74,2,0.9383711134304257,0.0,0.0,0.047,optimal
2021-02-10 01:30:00,74,2,1.1428571428571428,0.0,0.0,0.14453333333333332,optimal
2021-02-10 02:00:00,74,2,1.1428571428571428,0.0,0.0,0.047,optimal
2021-02-10 02:30:00,74,2,1.1428571428571428,0.0,0.0,0.13756666666666667,optimal
2021-02-10 03:00:00,74,2,1.1428571428571428,0.0,0.0,0.05396666666666667,optimal
2021-02-10 03:30:00,74,2,1.1428571428571428,0.0,0.0,0.047,optimal
2021-02-10 04:00:00,74,2,1.1428571428571428,0.0,0.0,0.14453333333333332,optimal
2021-02-10 04:30:00,74,2,1.1428571428571428,0.0,0.0,0.047,optimal
2021-02-10 05:00:00,74,2,1.1428571428571428,0.0,0.0,0.10273333333333332,optimal
2021-02-10 05:30:00,74,2,1.1428571428571428,0.0,0.0,0.0888,optimal
2021-02-10 06:00:00,74,2,1.1428571428571428,0.0,0.0,0.047,optimal
2021-02-10 06:30:00,74,2,1.1428571428571428,0.0,5.292917287586902,0.14453333333333332,optimal
2021-02-10 07:00:00,74,2,1.1428571428571428,0.1548148148148148,10.0,0.04633333333333334,optimal
2021-02-10 07:30:00,74,2,1.1428571428571428,0.6966666666666667,0.0,0.0565,optimal
2021-02-10 08:00:00,74,2,0.509293109115872,1.315925925925926,0.0,1.4806666666666668,optimal
2021-02-10 08:30:00,74,2,0.536377091384877,0.23222222222222222,0.0,0.807,optimal
2021-02-10 09:00:00,74,2,0.48779472309313365,0.6192592592592592,0.0,1.2005,optimal
2021-02-10 09:30:00,74,2,0.4883129910764276,0.1548148148148148,0.0,0.8589,optimal
2021-02-10 10:00:00,74,2,0.5465253017469811,0.23222222222222222,0.0,1.3231333333333335,optimal
2021-02-10 10:30:00,74,2,0.6519063836868326,0.0,0.0,0.129,optimal
2021-02-10 11:00:00,74,2,0.5447784931181351,0.0,0.0,0.23833333333333329,optimal
2021-02-10 11:30:00,74,2,0.40057667472882674,0.0774074074074074,0.0,1.5272000000000001,optimal
2021-02-10 12:00:00,74,2,0.7822099082050985,0.3096296296296296,0.0,0.2976333333333333,optimal
2021-02-10 12:30:00,74,2,1.1428571428571428,0.0,0.0,0.07426666666666666,optimal
2021-02-10 13:00:00,74,2,1.1428571428571428,0.23222222222222222,0.0,0.13126666666666667,optimal
2021-02-10 13:30:00,74,2,1.1428571428571428,0.0,0.0,1.2266333333333335,optimal
2021-02-10 14:00:00,74,2,1.1428571428571428,0.0,0.0,0.5417666666666666,optimal
2021-02-10 14:30:00,74,2,1.1428571428571428,0.0,0.0,0.3111333333333333,optimal
2021-02-10 15:00:00,74,2,1.1428571428571428,0.0,0.0,0.12666666666666668,optimal
2021-02-10 15:30:00,74,2,1.1428571428571428,0.0,0.0,0.057,optimal
2021-02-10 16:00:00,74,2,0.0,0.0,0.0,0.15453333333333333,optimal
2021-02-10 16:30:00,74,2,0.0,0.0,0.0,0.057,optimal
2021-02-10 17:00:00,74,2,0.0,0.0,0.0,0.057,optimal
2021-02-10 17:30:00,74,2,0.0,0.0,0.0,0.15453333333333333,optimal
2021-02-10 18:00:00,74,2,0.0,0.0,0.0,0.057,optimal
2021-02-10 18:30:00,74,2,0.0,0.0,0.0,0.13166666666666665,optimal
2021-02-10 19:00:00,74,2,0.0,0.0,0.0,0.4668333333333333,optimal
2021-02-10 19:30:00,74,2,0.6479212980507225,0.0,0.0,0.5185333333333333,optimal
2021-02-10 20:00:00,74,2,0.5745687011668491,0.0,0.0,0.7883666666666667,optimal
2021-02-10 20:30:00,74,2,0.0,0.0,0.0,0.2809,optimal
2021-02-10 21:00:00,74,2,0.0,0.3096296296296296,0.0,0.5957333333333333,optimal
2021-02-10 21:30:00,74,2,0.0,0.0,0.0,0.32580000000000003,optimal
2021-02-10 22:00:00,74,2,0.0,0.46444444444444444,0.0,0.3,optimal
2021-02-10 22:30:00,74,2,0.0,0.0,0.0,1.679733333333333,optimal
2021-02-10 23:00:00,74,2,0.0,0.0,0.0,0.3313333333333333,optimal
2021-02-10 23:30:00,74,2,0.0,0.0,0.0,0.20233333333333328,optimal
2021-02-11 00:00:00,74,2,0.4789294226456141,0.0,0.0,0.07690000000000001,optimal
2021-02-11 00:30:00,74,2,1.1428571428571428,0.0,0.0,0.066,optimal
2021-02-11 01:00:00,74,2,1.1428571428571428,0.0,0.0,0.066,optimal
2021-02-11 01:30:00,74,2,1.1428571428571428,0.0,0.0,0.066,optimal
2021-02-11 02:00:00,74,2,1.1428571428571428,0.0,0.0,0.066,optimal
2021-02-11 02:30:00,74,2,1.1428571428571428,0.0,0.0,0.066,optimal
2021-02-11 03:00:00,74,2,1.1428571428571428,0.0,0.0,0.066,optimal
2021-02-11 03:30:00,74,2,1.1428571428571428,0.0,0.0,0.07366666666666667,optimal
2021-02-11 04:00:00,74,2,1.1428571428571428,0.0,0.0,0.06833333333333333,optimal
2021-02-11 04:30:00,74,2,1.1428571428571428,0.0,0.0,0.066,optimal
2021-02-11 05:00:00,74,2,1.1428571428571428,0.0,2.8521961711613275,0.066,optimal
2021-02-11 05:30:00,74,2,1.1428571428571428,1.7803703703703702,10.0,0.09936666666666666,optimal
2021-02-11 06:00:00,74,2,1.1428571428571428,2.2448148148148146,10.0,0.07466666666666667,optimal
2021-02-11 06:30:00,74,2,1.1428571428571428,0.0,0.0,1.2284000000000002,optimal
2021-02-11 07:00:00,74,2,1.1428571428571428,0.0774074074074074,0.0,2.079766666666667,optimal
2021-02-11 07:30:00,74,2,1.1428571428571428,0.0,0.0,0.24309999999999998,optimal
2021-02-11 08:00:00,74,2,0.8679601227462547,0.23222222222222222,0.0,1.0224666666666669,optimal
2021-02-11 08:30:00,74,2,0.9508952312825933,0.0,0.0,0.076,optimal
2021-02-11 09:00:00,74,2,0.8829217066178319,0.0,0.0,0.076,optimal
2021-02-11 09:30:00,74,2,0.8123345603370772,0.0,0.0,0.076,optimal
2021-02-11 10:00:00,74,2,0.6196136950125737,0.0,0.0,0.076,optimal
2021-02-11 10:30:00,74,2,0.6452817482055722,0.0,0.0,0.076,optimal
2021-02-11 11:00:00,74,2,0.5743531327003196,0.0,0.0,0.076,optimal
2021-02-11 11:30:00,74,2,0.5422680662090686,0.0,0.0,0.076,optimal
2021-02-11 12:00:00,74,2,0.3947448427071826,0.0,0.0,0.12166666666666669,optimal
2021-02-11 12:30:00,74,2,0.21154730889096135,0.0,0.0,0.4276666666666667,optimal
2021-02-11 13:00:00,74,2,0.8011931335495663,0.0,0.0,0.4663333333333333,optimal
2021-02-11 13:30:00,74,2,1.1428571428571428,0.23222222222222222,0.0,1.2597,optimal
2021-02-11 14:00:00,74,2,1.1428571428571428,0.0,0.0,0.8838666666666667,optimal
2021-02-11 14:30:00,74,2,1.1428571428571428,0.23222222222222222,0.0,0.33916666666666667,optimal
2021-02-11 15:00:00,74,2,1.1428571428571428,0.46444444444444444,0.0,0.5352,optimal
2021-02-11 15:30:00,74,2,1.1428571428571428,0.46444444444444444,0.0,0.7647999999999999,optimal
2021-02-11 16:00:00,74,2,0.0,0.23222222222222222,0.0,2.796133333333333,optimal
2021-02-11 16:30:00,74,2,0.0,0.5418518518518518,0.0,2.6918,optimal
2021-02-11 17:00:00,74,2,0.0,0.1548148148148148,0.0,0.2692,optimal
2021-02-11 17:30:00,74,2,0.0,0.387037037037037,0.0,0.237,optimal
2021-02-11 18:00:00,74,2,0.0,0.0774074074074074,0.0,0.2574666666666666,optimal
2021-02-11 18:30:00,74,2,0.0,0.3096296296296296,0.0,0.41303333333333336,optimal
2021-02-11 19:00:00,74,2,0.0,0.0774074074074074,0.0,2.3990666666666667,optimal
2021-02-11 19:30:00,74,2,0.0,0.46444444444444444,0.0,0.4908666666666667,optimal
2021-02-11 20:00:00,74,2,0.0,0.1548148148148148,0.0,1.3977666666666668,optimal
2021-02-11 20:30:00,74,2,0.0,0.0,0.0,0.3255,optimal
2021-02-11 21:00:00,74,2,0.0,0.0,0.0,0.32553333333333334,optimal
2021-02-11 21:30:00,74,2,0.0,0.0774074074074074,0.0,0.21666666666666662,optimal
2021-02-11 22:00:00,74,2,0.0,0.0,0.0,0.3041666666666667,optimal
2021-02-11 22:30:00,74,2,0.0,0.0,0.0,0.076,optimal
2021-02-11 23:00:00,74,2,0.0,0.0,0.0,0.076,optimal
2021-02-11 23:30:00,74,2,0.0,0.0,0.0,0.076,optimal
2021-02-12 00:00:00,74,2,1.1428571428571428,0.0,0.0,0.056,optimal
2021-02-12 00:30:00,74,2,1.1428571428571428,0.0,0.0,0.16366666666666665,optimal
2021-02-12 01:00:00,74,2,1.1428571428571428,0.0,0.0,0.073,optimal
2021-02-12 01:30:00,74,2,1.1428571428571428,0.0,0.0,0.12966666666666665,optimal
2021-02-12 02:00:00,74,2,1.1428571428571428,0.0,0.0,0.107,optimal
2021-02-12 02:30:00,74,2,1.1428571428571428,0.0,0.0,0.08433333333333333,optimal
2021-02-12 03:00:00,74,2,1.1428571428571428,0.0,0.0,0.15233333333333335,optimal
2021-02-12 03:30:00,74,2,1.1428571428571428,0.0,0.0,0.056,optimal
2021-02-12 04:00:00,74,2,1.1428571428571428,0.0,0.0,0.16366666666666665,optimal
2021-02-12 04:30:00,74,2,1.1428571428571428,0.0,0.0,0.073,optimal
2021-02-12 05:00:00,74,2,1.1428571428571428,0.0,0.0,0.056,optimal
2021-02-12 05:30:00,74,2,1.1428571428571428,0.0,0.0,0.18066666666666664,optimal
2021-02-12 06:00:00,74,2,1.1428571428571428,0.0,1.675269040814316,0.056,optimal
2021-02-12 06:30:00,74,2,1.1428571428571428,0.0,10.0,0.057,optimal
2021-02-12 07:00:00,74,2,1.1428571428571428,0.5418518518518518,10.0,1.2138333333333333,optimal
2021-02-12 07:30:00,74,2,1.1428571428571428,8.158860095230757,0.0,1.0546666666666666,optimal
2021-02-12 08:00:00,74,2,0.7826714672274939,0.6966666666666667,0.0,0.4923333333333333,optimal
2021-02-12 08:30:00,74,2,0.8309893897204009,0.0,0.0,0.054,optimal
2021-02-12 09:00:00,74,2,0.49725650048418546,0.0,0.0,1.3496666666666668,optimal
2021-02-12 09:30:00,74,2,0.8232641149670036,0.0,0.0,0.129,optimal
2021-02-12 10:00:00,74,2,0.5390109388906157,0.1548148148148148,0.0,0.22153333333333333,optimal
2021-02-12 10:30:00,74,2,0.4348874748571836,0.0,0.0,1.0522,optimal
2021-02-12 11:00:00,74,2,0.34055574390036697,0.0,0.0,0.7241333333333333,optimal
2021-02-12 11:30:00,74,2,0.31293292994381333,0.0,0.0,0.3865,optimal
2021-02-12 12:00:00,74,2,0.3007250687156395,0.0,0.0,0.26326666666666665,optimal
2021-02-12 12:30:00,74,2,0.31899513813130065,0.0774074074074074,0.0,0.6127,optimal
2021-02-12 13:00:00,74,2,1.1428571428571428,0.0,0.0,2.5846666666666667,optimal
2021-02-12 13:30:00,74,2,1.1428571428571428,0.0,0.0,2.7265333333333333,optimal
2021-02-12 14:00:00,74,2,1.1428571428571428,0.0,0.0,0.11283333333333331,optimal
2021-02-12 14:30:00,74,2,1.1428571428571428,0.0,0.0,1.2107666666666668,optimal
2021-02-12 15:00:00,74,2,1.1428571428571428,0.0,0.0,0.9202666666666668,optimal
2021-02-12 15:30:00,74,2,1.1428571428571428,0.0,0.0,0.057,optimal
2021-02-12 16:00:00,74,2,0.0,0.0,0.0,0.19066666666666662,optimal
2021-02-12 16:30:00,74,2,0.0,0.0,0.0,0.066,optimal
2021-02-12 17:00:00,74,2,0.0,0.0,0.0,0.066,optimal
2021-02-12 17:30:00,74,2,0.0,0.0,0.0,1.0803666666666665,optimal
2021-02-12 18:00:00,74,2,0.0,0.0774074074074074,0.0,0.0644,optimal
2021-02-12 18:30:00,74,2,0.0,0.23222222222222222,0.0,0.3335,optimal
2021-02-12 19:00:00,74,2,0.0,0.0,0.0,0.26453333333333334,optimal
2021-02-12 19:30:00,74,2,0.5912680942762817,0.1548148148148148,0.0,0.5606,optimal
2021-02-12 20:00:00,74,2,0.5160013412370207,0.0774074074074074,0.0,0.3812,optimal
2021-02-12 20:30:00,74,2,0.0,0.0,0.0,0.5605,optimal
2021-02-12 21:00:00,74,2,0.0,0.0,0.0,0.13786666666666667,optimal
2021-02-12 21:30:00,74,2,0.0,0.0,0.0,0.25516666666666665,optimal
2021-02-12 22:00:00,74,2,0.0,0.1548148148148148,0.0,0.214,optimal
2021-02-12 22:30:00,74,2,0.0,0.23222222222222222,0.0,0.2145,optimal
2021-02-12 23:00:00,74,2,0.0,0.0,0.0,0.13566666666666666,optimal
2021-02-12 23:30:00,74,2,0.0,0.0,0.0,0.14876666666666669,optimal
2021-02-13 00:00:00,74,2,0.0,0.0,0.0,0.06733333333333333,optimal
2021-02-13 00:30:00,74,2,0.08472069413193625,0.0,0.0,0.2047333333333333,optimal
2021-02-13 01:00:00,74,2,1.1428571428571428,0.0,0.0,0.061,optimal
2021-02-13 01:30:00,74,2,1.1428571428571428,0.0,0.0,0.061,optimal
2021-02-13 02:00:00,74,2,1.1428571428571428,0.0,0.0,0.1352,optimal
2021-02-13 02:30:00,74,2,1.1428571428571428,0.0,0.0,0.2057333333333333,optimal
2021-02-13 03:00:00,74,2,1.1428571428571428,0.0,0.0,0.061,optimal
2021-02-13 03:30:00,74,2,1.1428571428571428,0.0,0.0,0.2799333333333333,optimal
2021-02-13 04:00:00,74,2,1.1428571428571428,0.0,0.0,0.061,optimal
2021-02-13 04:30:00,74,2,1.1428571428571428,0.0,0.0,0.08646666666666666,optimal
2021-02-13 05:00:00,74,2,1.1428571428571428,0.0,0.0,0.2544666666666667,optimal
2021-02-13 05:30:00,74,2,1.1428571428571428,0.0,0.0,0.061,optimal
2021-02-13 06:00:00,74,2,1.1428571428571428,0.0,0.0,0.21796666666666667,optimal
2021-02-13 06:30:00,74,2,1.1428571428571428,0.0,1.9700855929127072,0.12296666666666668,optimal
2021-02-13 07:00:00,74,2,1.1428571428571428,0.0,10.0,0.1374,optimal
2021-02-13 07:30:00,74,2,1.1428571428571428,0.0,0.0,0.124,optimal
2021-02-13 08:00:00,74,2,0.7638069598757102,0.774074074074074,0.0,0.8018666666666667,optimal
2021-02-13 08:30:00,74,2,0.6810631935381908,2.1674074074074072,0.0,0.6661666666666666,optimal
2021-02-13 09:00:00,74,2,0.693972398025087,0.387037037037037,0.0,0.1775,optimal
2021-02-13 09:30:00,74,2,0.7121345187184762,6.579629629629631,0.0,0.23283333333333328,optimal
2021-02-13 10:00:00,74,2,0.6653389142202949,0.0,0.0,0.19833333333333328,optimal
2021-02-13 10:30:00,74,2,0.6770475288351575,0.0,0.0,0.14986666666666668,optimal
2021-02-13 11:00:00,74,2,0.9645864844326835,0.0,0.0,0.071,optimal
2021-02-13 11:30:00,74,2,1.1428571428571428,0.0,0.0,0.19833333333333328,optimal
2021-02-13 12:00:00,74,2,1.1428571428571428,0.0,0.0,0.1626,optimal
2021-02-13 12:30:00,74,2,1.1428571428571428,0.0,0.0,0.071,optimal
2021-02-13 13:00:00,74,2,1.1428571428571428,0.0,0.0,0.2314,optimal
2021-02-13 13:30:00,74,2,1.1428571428571428,0.0,0.0,0.12953333333333333,optimal
2021-02-13 14:00:00,74,2,1.1428571428571428,0.0,0.0,0.071,optimal
2021-02-13 14:30:00,74,2,1.1428571428571428,0.0,0.0,0.2899333333333333,optimal
2021-02-13 15:00:00,74,2,1.1428571428571428,0.0,0.0,0.071,optimal
2021-02-13 15:30:00,74,2,1.1428571428571428,0.0,0.0,0.21646666666666667,optimal
2021-02-13 16:00:00,74,2,0.0,0.0,0.0,0.14446666666666666,optimal
2021-02-13 16:30:00,74,2,0.0,0.0,0.0,0.071,optimal
2021-02-13 17:00:00,74,2,0.0,0.0,0.0,0.24536666666666668,optimal
2021-02-13 17:30:00,74,2,0.0,0.0,0.0,0.11556666666666666,optimal
2021-02-13 18:00:00,74,2,0.0,0.0,0.0,0.0879,optimal
2021-02-13 18:30:00,74,2,0.0,0.0,0.0,0.30519999999999997,optimal
2021-02-13 19:00:00,74,2,0.0,0.0,0.0,0.4079,optimal
2021-02-13 19:30:00,74,2,0.6034804752286574,0.0,0.0,1.4191666666666667,optimal
2021-02-13 20:00:00,74,2,0.6008299126655829,0.0,0.0,0.3983,optimal
2021-02-13 20:30:00,74,2,0.0,0.0774074074074074,0.0,0.5600333333333333,optimal
2021-02-13 21:00:00,74,2,0.0,0.0,0.0,0.49623333333333336,optimal
2021-02-13 21:30:00,74,2,0.0,0.0,0.0,0.2708333333333333,optimal
2021-02-13 22:00:00,74,2,0.0,0.0,0.0,0.0901,optimal
2021-02-13 22:30:00,74,2,0.0,0.0,0.0,0.071,optimal
2021-02-13 23:00:00,74,2,0.0,0.0,0.0,0.2644666666666666,optimal
2021-02-13 23:30:00,74,2,0.0,0.0,0.0,0.26193333333333335,optimal
2021-02-07 00:00:00,75,2,0.0,0.0,0.0,0.065,optimal
2021-02-07 00:30:00,75,2,0.0,0.0,0.0,0.14386666666666667,optimal
2021-02-07 01:00:00,75,2,0.0,0.0,0.0,0.065,optimal
2021-02-07 01:30:00,75,2,0.0,0.0,0.0,0.0819,optimal
2021-02-07 02:00:00,75,2,0.0,0.0,0.0,0.12696666666666667,optimal
2021-02-07 02:30:00,75,2,0.0,0.0,0.0,0.065,optimal
2021-02-07 03:00:00,75,2,0.0,0.0,0.0,0.0988,optimal
2021-02-07 03:30:00,75,2,0.0,0.0,0.0,0.11006666666666666,optimal
2021-02-07 04:00:00,75,2,1.1428571428571428,0.0,0.0,0.065,optimal
2021-02-07 04:30:00,75,2,1.1428571428571428,0.0,0.0,0.14386666666666667,optimal
2021-02-07 05:00:00,75,2,1.1428571428571428,0.0,0.0,0.065,optimal
2021-02-07 05:30:00,75,2,1.1428571428571428,0.0,0.0,0.09316666666666669,optimal
2021-02-07 06:00:00,75,2,1.1428571428571428,0.0,0.0,0.1157,optimal
2021-02-07 06:30:00,75,2,1.1428571428571428,0.0,0.0,0.06833333333333333,optimal
2021-02-07 07:00:00,75,2,1.1428571428571428,0.0,1.6063785740462473,0.15386666666666668,optimal
2021-02-07 07:30:00,75,2,0.0,1.006296296296296,0.0,0.13783333333333334,optimal
2021-02-07 08:00:00,75,2,0.4577675205891465,0.0,0.0,0.1426,optimal
2021-02-07 08:30:00,75,2,0.7711593023514115,0.0,0.0,0.08626666666666667,optimal
2021-02-07 09:00:00,75,2,0.7420978517635965,0.0,0.0,0.075,optimal
2021-02-07 09:30:00,75,2,0.7367397997118045,0.0,0.0,0.08626666666666667,optimal
2021-02-07 10:00:00,75,2,0.7047637000325394,0.0,0.0,0.1426,optimal
2021-02-07 10:30:00,75,2,1.1428571428571428,0.0,0.0,0.075,optimal
2021-02-07 11:00:00,75,2,1.1428571428571428,0.0,0.0,0.12006666666666667,optimal
2021-02-07 11:30:00,75,2,1.1428571428571428,0.0,0.0,0.1088,optimal
2021-02-07 12:00:00,75,2,1.1428571428571428,0.0,0.0,0.075,optimal
2021-02-07 12:30:00,75,2,1.1428571428571428,0.0,0.0,0.15386666666666668,optimal
2021-02-07 13:00:00,75,2,1.1428571428571428,0.0,0.0,0.075,optimal
2021-02-07 13:30:00,75,2,1.1428571428571428,0.0,0.0,0.075,optimal
2021-02-07 14:00:00,75,2,1.1428571428571428,0.0,0.0,0.075,optimal
2021-02-07 14:30:00,75,2,1.1428571428571428,0.0,0.0,0.1426,optimal
2021-02-07 15:00:00,75,2,1.1428571428571428,0.0,0.0,0.08626666666666667,optimal
2021-02-07 15:30:00,75,2,1.1428571428571428,0.0,0.0,0.075,optimal
2021-02-07 16:00:00,75,2,0.0,0.0,0.0,0.15386666666666668,optimal
2021-02-07 16:30:00,75,2,0.0,0.0,0.0,0.075,optimal
2021-02-07 17:00:00,75,2,0.0,0.0,0.0,0.09753333333333332,optimal
2021-02-07 17:30:00,75,2,0.0,0.0,0.0,0.13133333333333333,optimal
2021-02-07 18:00:00,75,2,0.0,0.0,0.0,0.075,optimal
2021-02-07 18:30:00,75,2,0.0,0.0,0.0,0.15386666666666668,optimal
2021-02-07 19:00:00,75,2,0.0,0.0,0.0,0.075,optimal
2021-02-07 19:30:00,75,2,0.7679613366722079,0.0,0.0,0.075,optimal
2021-02-07 20:00:00,75,2,0.7550851461960119,0.0,0.0,0.12006666666666667,optimal
2021-02-07 20:30:00,75,2,0.0,0.0,0.0,0.1088,optimal
2021-02-07 21:00:00,75,2,0.0,0.0,0.0,0.23286666666666667,optimal
2021-02-07 21:30:00,75,2,0.0,0.0,0.0,0.43826666666666664,optimal
2021-02-07 22:00:00,75,2,0.0,0.0,0.0,0.342,optimal
2021-02-07 22:30:00,75,2,0.0,0.0,0.0,0.38706666666666667,optimal
2021-02-07 23:00:00,75,2,0.0,1.8577777777777778,0.0,0.16536666666666666,optimal
2021-02-07 23:30:00,75,2,0.0,0.0,0.0,0.075,optimal
2021-02-08 00:00:00,75,2,0.0,0.0,0.0,0.046,optimal
2021-02-08 00:30:00,75,2,0.0,0.0,0.0,0.046,optimal
2021-02-08 01:00:00,75,2,0.0,0.0,0.0,0.15919999999999998,optimal
2021-02-08 01:30:00,75,2,0.6783404685762477,0.0,0.0,0.14593333333333333,optimal
2021-02-08 02:00:00,75,2,1.1428571428571428,0.0,0.0,0.06963333333333334,optimal
2021-02-08 02:30:00,75,2,1.1428571428571428,0.0,0.0,0.2355,optimal
2021-02-08 03:00:00,75,2,1.1428571428571428,0.0,0.0,0.046,optimal
2021-02-08 03:30:00,75,2,1.1428571428571428,0.0,0.0,0.13886666666666667,optimal
2021-02-08 04:00:00,75,2,1.1428571428571428,0.0,0.0,0.09906666666666666,optimal
2021-02-08 04:30:00,75,2,1.1428571428571428,0.0,0.0,0.046,optimal
2021-02-08 05:00:00,75,2,1.1428571428571428,0.0,0.0,0.24586666666666668,optimal
2021-02-08 05:30:00,75,2,1.1428571428571428,0.0,0.0,0.05926666666666667,optimal
2021-02-08 06:00:00,75,2,1.1428571428571428,0.0,9.21066801600302,0.046,optimal
2021-02-08 06:30:00,75,2,1.1428571428571428,0.0,10.0,0.045666666666666654,optimal
2021-02-08 07:00:00,75,2,1.1428571428571428,3.4059259259259256,10.0,0.1615,optimal
2021-02-08 07:30:00,75,2,1.1428571428571428,1.006296296296296,0.0,0.3521333333333333,optimal
2021-02-08 08:00:00,75,2,0.4719912051630391,0.0,0.0,0.9118999999999999,optimal
2021-02-08 08:30:00,75,2,0.7790215949809164,0.0,0.0,0.18203333333333332,optimal
2021-02-08 09:00:00,75,2,0.7637938008178738,0.0,0.0,0.056,optimal
2021-02-08 09:30:00,75,2,0.6657196446624799,0.0,0.0,0.32430000000000003,optimal
2021-02-08 10:00:00,75,2,0.5367503197219711,0.0,0.0,0.26106666666666667,optimal
2021-02-08 10:30:00,75,2,0.5622816187345078,0.0,0.0,0.098,optimal
2021-02-08 11:00:00,75,2,0.42382107649489364,0.0774074074074074,0.0,0.2795,optimal
2021-02-08 11:30:00,75,2,0.4963525914389168,0.0,0.0,0.055,optimal
2021-02-08 12:00:00,75,2,0.47379950253115016,0.0,0.0,0.0686,optimal
2021-02-08 12:30:00,75,2,0.48560538956205157,0.0,0.0,0.18866666666666662,optimal
2021-02-08 13:00:00,75,2,1.014067627307356,0.0,0.0,0.11946666666666668,optimal
2021-02-08 13:30:00,75,2,1.1428571428571428,0.0,0.0,0.19903333333333334,optimal
2021-02-08 14:00:00,75,2,1.1428571428571428,0.0,0.0,0.12916666666666665,optimal
2021-02-08 14:30:00,75,2,1.1428571428571428,0.0,0.0,1.0715999999999999,optimal
2021-02-08 15:00:00,75,2,1.1428571428571428,0.0,0.0,0.8396,optimal
2021-02-08 15:30:00,75,2,1.1428571428571428,0.1548148148148148,0.0,0.3478333333333333,optimal
2021-02-08 16:00:00,75,2,0.0,0.387037037037037,0.0,0.217,optimal
2021-02-08 16:30:00,75,2,0.0,0.6966666666666667,0.0,0.28513333333333335,optimal
2021-02-08 17:00:00,75,2,0.0,0.23222222222222222,0.0,1.6645333333333332,optimal
2021-02-08 17:30:00,75,2,0.0,0.0774074074074074,0.0,0.6339666666666667,optimal
2021-02-08 18:00:00,75,2,0.0,0.1548148148148148,0.0,1.7544333333333333,optimal
2021-02-08 18:30:00,75,2,0.0,0.23222222222222222,0.0,0.23516666666666663,optimal
2021-02-08 19:00:00,75,2,0.0,0.0,0.0,0.23653333333333332,optimal
2021-02-08 19:30:00,75,2,0.0,0.0,0.0,0.32439999999999997,optimal
2021-02-08 20:00:00,75,2,0.0,0.23222222222222222,0.0,0.5109333333333332,optimal
2021-02-08 20:30:00,75,2,0.0,0.0774074074074074,0.0,0.24663333333333332,optimal
2021-02-08 21:00:00,75,2,0.0,0.0,0.0,0.5766333333333333,optimal
2021-02-08 21:30:00,75,2,0.0,0.0,0.0,0.106,optimal
2021-02-08 22:00:00,75,2,0.0,0.1548148148148148,0.0,0.08276666666666667,optimal
2021-02-08 22:30:00,75,2,0.0,0.46444444444444444,0.0,0.2631,optimal
2021-02-08 23:00:00,75,2,0.0,0.0774074074074074,0.0,0.42310000000000003,optimal
2021-02-08 23:30:00,75,2,0.0,0.0,0.0,0.08923333333333333,optimal
2021-02-09 00:00:00,75,2,0.0,0.0,0.0,0.062,optimal
2021-02-09 00:30:00,75,2,0.0,0.0,0.0,0.07486666666666666,optimal
2021-02-09 01:00:00,75,2,0.0,0.0,0.0,0.19066666666666662,optimal
2021-02-09 01:30:00,75,2,0.8647577134077744,0.0,0.0,0.062,optimal
2021-02-09 02:00:00,75,2,1.1428571428571428,0.0,0.0,0.13276666666666667,optimal
2021-02-09 02:30:00,75,2,1.1428571428571428,0.0,0.0,0.13276666666666667,optimal
2021-02-09 03:00:00,75,2,1.1428571428571428,0.0,0.0,0.062,optimal
2021-02-09 03:30:00,75,2,1.1428571428571428,0.0,0.0,0.16493333333333335,optimal
2021-02-09 04:00:00,75,2,1.1428571428571428,0.0,0.0,0.1006,optimal
2021-02-09 04:30:00,75,2,1.1428571428571428,0.0,0.0,0.062,optimal
2021-02-09 05:00:00,75,2,1.1428571428571428,0.0,0.0,0.20353333333333334,optimal
2021-02-09 05:30:00,75,2,1.1428571428571428,0.0,0.0,0.062,optimal
2021-02-09 06:00:00,75,2,1.1428571428571428,0.0,0.0,0.06843333333333333,optimal
2021-02-09 06:30:00,75,2,1.1428571428571428,0.0,1.579527757600105,0.2001,optimal
2021-02-09 07:00:00,75,2,1.1428571428571428,3.0188888888888883,10.0,0.8988333333333334,optimal
2021-02-09 07:30:00,75,2,1.1428571428571428,0.0774074074074074,0.0,0.6613333333333333,optimal
2021-02-09 08:00:00,75,2,0.7162551897144483,0.23222222222222222,0.0,0.1806333333333333,optimal
2021-02-09 08:30:00,75,2,0.689923890701907,0.0,0.0,0.099,optimal
2021-02-09 09:00:00,75,2,0.632904270825393,0.0774074074074074,0.0,0.10503333333333331,optimal
2021-02-09 09:30:00,75,2,0.5781588156574724,0.0,0.0,0.9825333333333331,optimal
2021-02-09 10:00:00,75,2,0.4753617930034792,0.23222222222222222,0.0,0.2374,optimal
2021-02-09 10:30:00,75,2,0.5123810565540153,0.0,0.0,0.11706666666666667,optimal
2021-02-09 11:00:00,75,2,0.3925401156485952,0.23222222222222222,0.0,0.22119999999999998,optimal
2021-02-09 11:30:00,75,2,0.3409534921682243,0.0,0.0,0.39426666666666665,optimal
2021-02-09 12:00:00,75,2,0.3724357562223563,0.0774074074074074,0.0,0.0872,optimal
2021-02-09 12:30:00,75,2,0.3103842844646254,0.23222222222222222,0.0,0.18803333333333333,optimal
2021-02-09 13:00:00,75,2,0.4914202680467216,0.5418518518518518,0.0,0.18266666666666662,optimal
2021-02-09 13:30:00,75,2,1.1428571428571428,0.7167925925925925,0.0,0.3521666666666667,optimal
2021-02-09 14:00:00,75,2,1.1428571428571428,1.528022222222222,0.0,0.3158,optimal
2021-02-09 14:30:00,75,2,1.1428571428571428,0.0,0.0,0.33,optimal
2021-02-09 15:00:00,75,2,1.1428571428571428,2.3222222222222215,0.0,0.4428333333333333,optimal
2021-02-09 15:30:00,75,2,1.1428571428571428,0.0,0.0,0.37960000000000005,optimal
2021-02-09 16:00:00,75,2,0.0,0.1548148148148148,0.0,0.6124333333333333,optimal
2021-02-09 16:30:00,75,2,0.0,0.1548148148148148,0.0,1.7274,optimal
2021-02-09 17:00:00,75,2,0.0,3.0188888888888883,0.0,0.3241,optimal
2021-02-09 17:30:00,75,2,0.0,0.46444444444444444,0.0,0.5374333333333333,optimal
2021-02-09 18:00:00,75,2,0.0,2.631851851851852,0.0,0.2799,optimal
2021-02-09 18:30:00,75,2,0.0,0.6192592592592592,0.0,1.849,optimal
2021-02-09 19:00:00,75,2,0.0,0.3096296296296296,0.0,0.7241333333333333,optimal
2021-02-09 19:30:00,75,2,0.0,0.1548148148148148,0.0,1.5467666666666668,optimal
2021-02-09 20:00:00,75,2,0.0,0.0,0.0,0.8055333333333333,optimal
2021-02-09 20:30:00,75,2,0.0,0.0,0.0,0.5574666666666667,optimal
2021-02-09 21:00:00,75,2,0.0,0.0,0.0,1.1870999999999998,optimal
2021-02-09 21:30:00,75,2,0.0,0.0,0.0,0.6049666666666667,optimal
2021-02-09 22:00:00,75,2,0.0,0.0,0.0,0.4288333333333333,optimal
2021-02-09 22:30:00,75,2,0.0,0.0,0.0,0.13496666666666668,optimal
2021-02-09 23:00:00,75,2,0.0,0.0,0.0,0.18136666666666668,optimal
2021-02-09 23:30:00,75,2,0.0,0.0,0.0,0.09916666666666668,optimal
2021-02-10 00:00:00,75,2,0.0,0.0,0.0,0.052333333333333336,optimal
2021-02-10 00:30:00,75,2,0.0,0.0,0.0,0.062,optimal
2021-02-10 01:00:00,75,2,0.5205859053407423,0.0,0.0,0.27466666666666667,optimal
2021-02-10 01:30:00,75,2,1.1428571428571428,0.0,0.0,0.07666666666666667,optimal
2021-02-10 02:00:00,75,2,1.1428571428571428,0.0,0.0,0.18666666666666662,optimal
2021-02-10 02:30:00,75,2,1.1428571428571428,0.0,0.0,0.13533333333333333,optimal
2021-02-10 03:00:00,75,2,1.1428571428571428,0.0,0.0,0.07666666666666667,optimal
2021-02-10 03:30:00,75,2,1.1428571428571428,0.0,0.0,0.26,optimal
2021-02-10 04:00:00,75,2,1.1428571428571428,0.0,0.0,0.09866666666666668,optimal
2021-02-10 04:30:00,75,2,1.1428571428571428,0.0,0.0,0.09133333333333331,optimal
2021-02-10 05:00:00,75,2,1.1428571428571428,0.0,0.0,0.24966666666666662,optimal
2021-02-10 05:30:00,75,2,1.1428571428571428,0.0,0.0,0.087,optimal
2021-02-10 06:00:00,75,2,1.1428571428571428,0.0,0.0,0.062,optimal
2021-02-10 06:30:00,75,2,1.1428571428571428,0.0,1.6809221984884535,0.208,optimal
2021-02-10 07:00:00,75,2,1.1428571428571428,0.46444444444444444,10.0,0.06,optimal
2021-02-10 07:30:00,75,2,1.1428571428571428,0.5418518518518518,0.0,0.126,optimal
2021-02-10 08:00:00,75,2,0.8207045376873011,0.387037037037037,0.0,0.16133333333333336,optimal
2021-02-10 08:30:00,75,2,0.8229104247182062,0.0,0.0,0.17466666666666666,optimal
2021-02-10 09:00:00,75,2,0.7821471040455179,0.0,0.0,0.062,optimal
2021-02-10 09:30:00,75,2,0.7316863244097579,0.0,0.0,0.20866666666666664,optimal
2021-02-10 10:00:00,75,2,0.6192376826993735,0.0,0.0,0.06,optimal
2021-02-10 10:30:00,75,2,0.5670682884487316,0.0,0.0,0.126,optimal
2021-02-10 11:00:00,75,2,0.4565289693086084,0.1548148148148148,0.0,0.2903,optimal
2021-02-10 11:30:00,75,2,0.6265867811227926,0.0,0.0,0.128,optimal
2021-02-10 12:00:00,75,2,1.1428571428571428,0.0,0.0,0.09533333333333331,optimal
2021-02-10 12:30:00,75,2,1.1428571428571428,0.0,0.0,0.17533333333333334,optimal
2021-02-10 13:00:00,75,2,1.1428571428571428,0.0,0.0,0.062,optimal
2021-02-10 13:30:00,75,2,1.1428571428571428,0.0,0.0,0.27466666666666667,optimal
2021-02-10 14:00:00,75,2,1.1428571428571428,0.0,0.0,0.062,optimal
2021-02-10 14:30:00,75,2,1.1428571428571428,0.0,0.0,0.128,optimal
2021-02-10 15:00:00,75,2,1.1428571428571428,0.0,0.0,0.202,optimal
2021-02-10 15:30:00,75,2,1.1428571428571428,0.0,0.0,0.06866666666666667,optimal
2021-02-10 16:00:00,75,2,0.0,0.0,0.0,0.062,optimal
2021-02-10 16:30:00,75,2,0.0,0.0,0.0,0.10966666666666669,optimal
2021-02-10 17:00:00,75,2,0.0,0.0,0.0,0.227,optimal
2021-02-10 17:30:00,75,2,0.0,0.0,0.0,0.062,optimal
2021-02-10 18:00:00,75,2,0.0,0.0,0.0,0.28426666666666667,optimal
2021-02-10 18:30:00,75,2,0.0,0.1548148148148148,0.0,0.3236,optimal
2021-02-10 19:00:00,75,2,0.0,0.0,0.0,0.209,optimal
2021-02-10 19:30:00,75,2,0.6475117742411989,0.3096296296296296,0.0,0.3378333333333333,optimal
2021-02-10 20:00:00,75,2,0.5890734630716122,0.0,0.0,0.5437333333333334,optimal
2021-02-10 20:30:00,75,2,0.0,0.0774074074074074,0.0,0.2189,optimal
2021-02-10 21:00:00,75,2,0.0,0.0,0.0,0.3097333333333333,optimal
2021-02-10 21:30:00,75,2,0.0,0.23222222222222222,0.0,0.31706666666666666,optimal
2021-02-10 22:00:00,75,2,0.0,1.470740740740741,0.0,1.2304666666666666,optimal
2021-02-10 22:30:00,75,2,0.0,5.882962962962964,0.0,0.40353333333333335,optimal
2021-02-10 23:00:00,75,2,0.0,0.0,0.0,0.08033333333333333,optimal
2021-02-10 23:30:00,75,2,0.0,0.0,0.0,0.17633333333333334,optimal
2021-02-11 00:00:00,75,2,1.1428571428571428,0.0,0.0,0.13773333333333332,optimal
2021-02-11 00:30:00,75,2,1.1428571428571428,0.0,0.0,0.13766666666666666,optimal
2021-02-11 01:00:00,75,2,1.1428571428571428,0.0,0.0,0.10326666666666667,optimal
2021-02-11 01:30:00,75,2,1.1428571428571428,0.0,0.0,0.1967333333333333,optimal
2021-02-11 02:00:00,75,2,1.1428571428571428,0.0,0.0,0.1226,optimal
2021-02-11 02:30:00,75,2,1.1428571428571428,0.0,0.0,0.14446666666666666,optimal
2021-02-11 03:00:00,75,2,1.1428571428571428,0.0,0.0,0.10526666666666668,optimal
2021-02-11 03:30:00,75,2,1.1428571428571428,0.0,0.0,0.13566666666666666,optimal
2021-02-11 04:00:00,75,2,1.1428571428571428,0.0,0.0,0.18366666666666662,optimal
2021-02-11 04:30:00,75,2,1.1428571428571428,0.0,0.0,0.10713333333333334,optimal
2021-02-11 05:00:00,75,2,1.1428571428571428,0.0,3.800229415262261,0.2122,optimal
2021-02-11 05:30:00,75,2,1.1428571428571428,0.0,10.0,0.06459999999999999,optimal
2021-02-11 06:00:00,75,2,1.1428571428571428,0.46444444444444444,10.0,0.10966666666666669,optimal
2021-02-11 06:30:00,75,2,1.1428571428571428,0.3096296296296296,10.0,0.1984,optimal
2021-02-11 07:00:00,75,2,1.1428571428571428,0.3096296296296296,10.0,0.1421,optimal
2021-02-11 07:30:00,75,2,1.1428571428571428,0.25146192869655437,0.0,0.198,optimal
2021-02-11 08:00:00,75,2,0.6531353608414923,0.0,0.0,0.19506666666666664,optimal
2021-02-11 08:30:00,75,2,0.5896571360444995,0.5418518518518518,0.0,0.3936,optimal
2021-02-11 09:00:00,75,2,0.3852169447130713,0.5418518518518518,0.0,1.9745,optimal
2021-02-11 09:30:00,75,2,0.6493859889085143,0.0,0.0,0.4024,optimal
2021-02-11 10:00:00,75,2,0.5028898854887549,0.0,0.0,0.2437333333333333,optimal
2021-02-11 10:30:00,75,2,0.5603865101103321,2.5544444444444445,0.0,0.076,optimal
2021-02-11 11:00:00,75,2,0.49136265650984967,0.0,0.0,0.07166666666666667,optimal
2021-02-11 11:30:00,75,2,0.567640291938818,0.1548148148148148,0.0,0.3211333333333333,optimal
2021-02-11 12:00:00,75,2,1.1428571428571428,0.0,0.0,1.2516333333333334,optimal
2021-02-11 12:30:00,75,2,1.1428571428571428,0.0,0.0,0.5419333333333333,optimal
2021-02-11 13:00:00,75,2,1.1428571428571428,0.0,0.0,0.21993333333333331,optimal
2021-02-11 13:30:00,75,2,1.1428571428571428,0.0,0.0,0.24446666666666667,optimal
2021-02-11 14:00:00,75,2,1.1428571428571428,0.0,0.0,0.27163333333333334,optimal
2021-02-11 14:30:00,75,2,1.1428571428571428,0.0,0.0,0.20086666666666667,optimal
2021-02-11 15:00:00,75,2,1.1428571428571428,0.0,0.0,0.13846666666666668,optimal
2021-02-11 15:30:00,75,2,1.1428571428571428,0.0,0.0,0.08233333333333333,optimal
2021-02-11 16:00:00,75,2,0.0,0.0,0.0,0.18513333333333332,optimal
2021-02-11 16:30:00,75,2,0.0,0.0,0.0,0.15806666666666666,optimal
2021-02-11 17:00:00,75,2,0.0,0.0,0.0,0.10940000000000001,optimal
2021-02-11 17:30:00,75,2,0.0,0.46444444444444444,0.0,0.1413,optimal
2021-02-11 18:00:00,75,2,0.0,0.0,0.0,0.22406666666666664,optimal
2021-02-11 18:30:00,75,2,0.0,0.0774074074074074,0.0,0.14626666666666668,optimal
2021-02-11 19:00:00,75,2,0.0,0.0,0.0,0.2395,optimal
2021-02-11 19:30:00,75,2,0.7767471533073442,0.3096296296296296,0.0,0.3903333333333333,optimal
2021-02-11 20:00:00,75,2,0.7541045575646754,0.0,0.0,0.6548666666666667,optimal
2021-02-11 20:30:00,75,2,0.0,0.1548148148148148,0.0,0.6535333333333333,optimal
2021-02-11 21:00:00,75,2,0.0,0.0,0.0,0.342,optimal
2021-02-11 21:30:00,75,2,0.0,0.0,0.0,0.588,optimal
2021-02-11 22:00:00,75,2,0.0,0.0,0.0,0.1022,optimal
2021-02-11 22:30:00,75,2,0.0,0.0,0.0,0.1587333333333333,optimal
2021-02-11 23:00:00,75,2,0.0,0.0,0.0,0.18059999999999998,optimal
2021-02-11 23:30:00,75,2,0.0,0.0,0.0,0.063,optimal
2021-02-12 00:00:00,75,2,1.1428571428571428,0.0774074074074074,0.0,0.2740666666666667,optimal
2021-02-12 00:30:00,75,2,1.1428571428571428,0.0,0.0,0.14613333333333334,optimal
2021-02-12 01:00:00,75,2,1.1428571428571428,0.0,0.0,0.2544666666666667,optimal
2021-02-12 01:30:00,75,2,1.1428571428571428,0.23222222222222222,0.0,0.33866666666666667,optimal
2021-02-12 02:00:00,75,2,1.1428571428571428,0.0,0.0,0.11806666666666667,optimal
2021-02-12 02:30:00,75,2,1.1428571428571428,0.0,0.0,0.2278,optimal
2021-02-12 03:00:00,75,2,1.1428571428571428,0.0,0.0,0.09140000000000001,optimal
2021-02-12 03:30:00,75,2,1.1428571428571428,0.0,0.0,0.22619999999999998,optimal
2021-02-12 04:00:00,75,2,1.1428571428571428,0.0,0.0,0.11966666666666669,optimal
2021-02-12 04:30:00,75,2,1.1428571428571428,0.0,0.0,0.099,optimal
2021-02-12 05:00:00,75,2,1.1428571428571428,0.0,0.0,0.21680000000000002,optimal
2021-02-12 05:30:00,75,2,1.1428571428571428,0.0,5.251637036327917,0.071,optimal
2021-02-12 06:00:00,75,2,1.1428571428571428,0.0,10.0,0.1438,optimal
2021-02-12 06:30:00,75,2,1.1428571428571428,0.0,10.0,0.21506666666666663,optimal
2021-02-12 07:00:00,75,2,1.1428571428571428,0.0,10.0,0.061,optimal
2021-02-12 07:30:00,75,2,1.1428571428571428,6.648730767410494,0.0,0.08120000000000001,optimal
2021-02-12 08:00:00,75,2,0.8653190862751066,0.0,0.0,0.2683333333333333,optimal
2021-02-12 08:30:00,75,2,0.8319512944822953,0.0774074074074074,0.0,0.2524,optimal
2021-02-12 09:00:00,75,2,0.8072565004841827,0.5418518518518518,0.0,0.07346666666666667,optimal
2021-02-12 09:30:00,75,2,0.644178400681288,3.4059259259259256,0.0,0.2787333333333333,optimal
2021-02-12 10:00:00,75,2,0.41363951031919166,0.1548148148148148,0.0,0.356,optimal
2021-02-12 10:30:00,75,2,0.4441655700952821,0.3096296296296296,0.0,0.2459333333333333,optimal
2021-02-12 11:00:00,75,2,0.36303383913846476,0.5836518518518518,0.0,0.1618,optimal
2021-02-12 11:30:00,75,2,0.3818853108961827,0.5774592592592593,0.0,0.101,optimal
2021-02-12 12:00:00,75,2,0.2932355449061159,0.5418518518518518,0.0,0.27126666666666666,optimal
2021-02-12 12:30:00,75,2,0.2835346357114671,0.0,0.0,0.21656666666666663,optimal
2021-02-12 13:00:00,75,2,0.47074965075257513,0.1548148148148148,0.0,0.19640000000000002,optimal
2021-02-12 13:30:00,75,2,1.1428571428571428,0.0,0.0,0.5508666666666667,optimal
2021-02-12 14:00:00,75,2,1.1428571428571428,0.0774074074074074,0.0,0.47553333333333336,optimal
2021-02-12 14:30:00,75,2,1.1428571428571428,0.0774074074074074,0.0,0.4204666666666666,optimal
2021-02-12 15:00:00,75,2,1.1428571428571428,0.0,0.0,0.2728,optimal
2021-02-12 15:30:00,75,2,1.1428571428571428,0.0,0.0,0.7362000000000001,optimal
2021-02-12 16:00:00,75,2,0.0,0.46444444444444444,0.0,1.270733333333333,optimal
2021-02-12 16:30:00,75,2,0.0,0.0774074074074074,0.0,2.605766666666667,optimal
2021-02-12 17:00:00,75,2,0.0,0.0,0.0,0.5623333333333334,optimal
2021-02-12 17:30:00,75,2,0.0,0.46444444444444444,0.0,1.4403,optimal
2021-02-12 18:00:00,75,2,0.0,0.3096296296296296,0.0,3.0383,optimal
2021-02-12 18:30:00,75,2,0.0,0.3096296296296296,0.0,0.8757333333333334,optimal
2021-02-12 19:00:00,75,2,0.0,0.23222222222222222,0.0,0.7366666666666666,optimal
2021-02-12 19:30:00,75,2,0.0,0.23222222222222222,0.0,1.3172666666666668,optimal
2021-02-12 20:00:00,75,2,0.0,0.0,0.0,0.8608,optimal
2021-02-12 20:30:00,75,2,0.0,0.0,0.0,0.3124666666666666,optimal
2021-02-12 21:00:00,75,2,0.0,0.0,0.0,0.5342666666666667,optimal
2021-02-12 21:30:00,75,2,0.0,0.0,0.0,0.47593333333333326,optimal
2021-02-12 22:00:00,75,2,0.0,0.3096296296296296,0.0,0.448,optimal
2021-02-12 22:30:00,75,2,0.0,0.387037037037037,0.0,0.611,optimal
2021-02-12 23:00:00,75,2,0.0,0.387037037037037,0.0,0.6594,optimal
2021-02-12 23:30:00,75,2,0.0,0.0,0.0,0.108,optimal
2021-02-13 00:00:00,75,2,0.0,0.0,0.0,0.0592,optimal
2021-02-13 00:30:00,75,2,0.0,0.0,0.0,0.13013333333333332,optimal
2021-02-13 01:00:00,75,2,0.4733052939019098,0.1548148148148148,0.0,0.38939999999999997,optimal
2021-02-13 01:30:00,75,2,1.1428571428571428,0.0,0.0,0.2595,optimal
2021-02-13 02:00:00,75,2,1.1428571428571428,0.0,0.0,0.09663333333333333,optimal
2021-02-13 02:30:00,75,2,1.1428571428571428,0.0,0.0,0.17863333333333334,optimal
2021-02-13 03:00:00,75,2,1.1428571428571428,0.0,0.0,0.06333333333333334,optimal
2021-02-13 03:30:00,75,2,1.1428571428571428,0.0,0.0,0.07346666666666667,optimal
2021-02-13 04:00:00,75,2,1.1428571428571428,0.0,0.0,0.17959999999999998,optimal
2021-02-13 04:30:00,75,2,1.1428571428571428,0.0,5.275350691796079,0.06620000000000001,optimal
2021-02-13 05:00:00,75,2,1.1428571428571428,0.0774074074074074,10.0,0.1851,optimal
2021-02-13 05:30:00,75,2,1.1428571428571428,0.1548148148148148,0.0,0.4315333333333334,optimal
2021-02-13 06:00:00,75,2,1.1428571428571428,0.23222222222222222,0.0,0.07966666666666668,optimal
2021-02-13 06:30:00,75,2,1.1428571428571428,0.0,0.0,0.2119333333333333,optimal
2021-02-13 07:00:00,75,2,1.1428571428571428,0.0,0.0,0.045,optimal
2021-02-13 07:30:00,75,2,1.1428571428571428,1.433585185185185,0.0,0.15393333333333334,optimal
2021-02-13 08:00:00,75,2,0.7987498170185634,0.888637037037037,0.0,0.13440000000000002,optimal
2021-02-13 08:30:00,75,2,0.7276108125858153,0.23222222222222222,0.0,0.13523333333333332,optimal
2021-02-13 09:00:00,75,2,0.63026763612033,0.0,0.0,0.17493333333333333,optimal
2021-02-13 09:30:00,75,2,0.5685630901470508,0.0,0.0,0.21146666666666666,optimal
2021-02-13 10:00:00,75,2,0.6834817713631455,0.0,0.0,0.13563333333333333,optimal
2021-02-13 10:30:00,75,2,0.6930380050256402,0.0,0.0,0.0947,optimal
2021-02-13 11:00:00,75,2,0.5536620850988361,0.0,0.0,0.15533333333333335,optimal
2021-02-13 11:30:00,75,2,0.5614468901899046,0.0,0.0,0.1206,optimal
2021-02-13 12:00:00,75,2,0.5164543981396504,0.0,0.0,0.0996,optimal
2021-02-13 12:30:00,75,2,0.45445257975033454,0.0,0.0,0.15463333333333332,optimal
2021-02-13 13:00:00,75,2,1.1428571428571428,0.46444444444444444,0.0,0.10786666666666667,optimal
2021-02-13 13:30:00,75,2,1.1428571428571428,0.0,0.0,0.32930000000000004,optimal
2021-02-13 14:00:00,75,2,1.1428571428571428,0.1548148148148148,0.0,0.4046,optimal
2021-02-13 14:30:00,75,2,1.1428571428571428,0.5418518518518518,0.0,0.2892,optimal
2021-02-13 15:00:00,75,2,1.1428571428571428,0.0,0.0,0.28496666666666665,optimal
2021-02-13 15:30:00,75,2,1.1428571428571428,0.46444444444444444,0.0,0.5254,optimal
2021-02-13 16:00:00,75,2,0.0,0.5418518518518518,0.0,0.21853333333333333,optimal
2021-02-13 16:30:00,75,2,0.0,0.6966666666666667,0.0,1.6803666666666666,optimal
2021-02-13 17:00:00,75,2,0.0,0.0,0.0,0.38906666666666667,optimal
2021-02-13 17:30:00,75,2,0.0,0.0,0.0,0.49210000000000004,optimal
2021-02-13 18:00:00,75,2,0.0,0.0,0.0,0.21436666666666668,optimal
2021-02-13 18:30:00,75,2,0.0,0.5418518518518518,0.0,1.1965666666666666,optimal
2021-02-13 19:00:00,75,2,0.0,1.975437037037037,0.0,2.8461,optimal
2021-02-13 19:30:00,75,2,0.28107532477585856,3.597896296296296,0.0,1.6482666666666668,optimal
2021-02-13 20:00:00,75,2,0.6547918174274965,0.0,0.0,0.24209999999999998,optimal
2021-02-13 20:30:00,75,2,0.0,0.0,0.0,0.3744333333333333,optimal
2021-02-13 21:00:00,75,2,0.0,1.315925925925926,0.0,0.18309999999999998,optimal
2021-02-13 21:30:00,75,2,0.0,0.0,0.0,0.3348,optimal
2021-02-13 22:00:00,75,2,0.0,0.0,0.0,0.29086666666666666,optimal
2021-02-13 22:30:00,75,2,0.0,0.0,0.0,0.3058,optimal
2021-02-13 23:00:00,75,2,0.0,0.0,0.0,0.3842,optimal
2021-02-13 23:30:00,75,2,0.0,0.0,0.0,0.104,optimal
2021-02-07 00:00:00,76,2,0.0,0.0,0.0,0.07,optimal
2021-02-07 00:30:00,76,2,0.0,0.0,0.0,0.11126666666666668,optimal
2021-02-07 01:00:00,76,2,0.0,0.0,0.0,0.2121333333333333,optimal
2021-02-07 01:30:00,76,2,0.0,0.0,0.0,0.11346666666666669,optimal
2021-02-07 02:00:00,76,2,0.0,0.0,0.0,0.182,optimal
2021-02-07 02:30:00,76,2,0.0,0.0,0.0,0.09566666666666669,optimal
2021-02-07 03:00:00,76,2,0.0,0.0,0.0,0.14986666666666668,optimal
2021-02-07 03:30:00,76,2,0.0,0.0,0.0,0.2127333333333333,optimal
2021-02-07 04:00:00,76,2,1.1428571428571428,0.0,0.0,0.071,optimal
2021-02-07 04:30:00,76,2,1.1428571428571428,0.0,0.0,0.2731,optimal
2021-02-07 05:00:00,76,2,1.1428571428571428,0.0774074074074074,0.0,0.31853333333333333,optimal
2021-02-07 05:30:00,76,2,1.1428571428571428,0.0,0.0,0.137,optimal
2021-02-07 06:00:00,76,2,1.1428571428571428,2.012592592592592,0.0,1.1199000000000001,optimal
2021-02-07 06:30:00,76,2,1.1428571428571428,0.0,0.0,0.22906666666666664,optimal
2021-02-07 07:00:00,76,2,1.1428571428571428,0.0,2.1136683551243385,0.7062999999999999,optimal
2021-02-07 07:30:00,76,2,0.0,0.387037037037037,0.0,0.368,optimal
2021-02-07 08:00:00,76,2,0.0,0.0,0.0,0.7564333333333333,optimal
2021-02-07 08:30:00,76,2,0.0,0.0,0.0,0.5300666666666667,optimal
2021-02-07 09:00:00,76,2,0.5404791805807382,0.0,0.0,0.33039999999999997,optimal
2021-02-07 09:30:00,76,2,0.598968371140374,0.0,0.0,0.3065333333333334,optimal
2021-02-07 10:00:00,76,2,0.2107148611678262,0.0,0.0,1.7256666666666667,optimal
2021-02-07 10:30:00,76,2,0.47118715574761694,0.0,0.0,0.6239666666666667,optimal
2021-02-07 11:00:00,76,2,0.5234157217144746,0.0,0.0,0.2441333333333333,optimal
2021-02-07 11:30:00,76,2,0.4899966740954256,0.387037037037037,0.0,0.16983333333333334,optimal
2021-02-07 12:00:00,76,2,0.40448451673734764,0.3096296296296296,0.0,0.3142,optimal
2021-02-07 12:30:00,76,2,0.426154992927819,0.0774074074074074,0.0,0.18993333333333332,optimal
2021-02-07 13:00:00,76,2,0.24348670686609225,0.3096296296296296,0.0,1.1694666666666667,optimal
2021-02-07 13:30:00,76,2,1.0355638773223004,0.1548148148148148,0.0,1.5881333333333334,optimal
2021-02-07 14:00:00,76,2,1.1428571428571428,0.46444444444444444,0.0,0.5024,optimal
2021-02-07 14:30:00,76,2,1.1428571428571428,0.0,0.0,0.3001666666666667,optimal
2021-02-07 15:00:00,76,2,1.1428571428571428,0.46444444444444444,0.0,0.36233333333333334,optimal
2021-02-07 15:30:00,76,2,1.1428571428571428,0.0,0.0,1.2551666666666668,optimal
2021-02-07 16:00:00,76,2,0.0,0.0,0.0,0.3138,optimal
2021-02-07 16:30:00,76,2,0.0,0.0774074074074074,0.0,0.7962666666666667,optimal
2021-02-07 17:00:00,76,2,0.0,0.5418518518518518,0.0,2.1015,optimal
2021-02-07 17:30:00,76,2,0.0,0.0,0.0,0.5647000000000001,optimal
2021-02-07 18:00:00,76,2,0.0,0.0,0.0,0.7219,optimal
2021-02-07 18:30:00,76,2,0.0,0.0774074074074074,0.0,0.3464,optimal
2021-02-07 19:00:00,76,2,0.0,0.5418518518518518,0.0,0.5343,optimal
2021-02-07 19:30:00,76,2,0.0,0.0,0.0,0.6984333333333332,optimal
2021-02-07 20:00:00,76,2,0.0,0.3096296296296296,0.0,0.49576666666666663,optimal
2021-02-07 20:30:00,76,2,0.0,0.0,0.0,0.8213333333333334,optimal
2021-02-07 21:00:00,76,2,0.0,0.0,0.0,0.6243,optimal
2021-02-07 21:30:00,76,2,0.0,0.0774074074074074,0.0,0.4576,optimal
2021-02-07 22:00:00,76,2,0.0,0.0,0.0,0.6102666666666666,optimal
2021-02-07 22:30:00,76,2,0.0,0.0,0.0,0.6256333333333334,optimal
2021-02-07 23:00:00,76,2,0.0,0.0774074074074074,0.0,0.49856666666666666,optimal
2021-02-07 23:30:00,76,2,0.0,0.0,0.0,0.2916,optimal
2021-02-08 00:00:00,76,2,0.0,0.0,0.0,0.116,optimal
2021-02-08 00:30:00,76,2,0.0,0.0,0.0,0.1276,optimal
2021-02-08 01:00:00,76,2,0.0,0.0,0.0,0.058,optimal
2021-02-08 01:30:00,76,2,0.0,0.0,0.0,0.15266666666666664,optimal
2021-02-08 02:00:00,76,2,1.0000618740744036,0.0,0.0,0.10626666666666668,optimal
2021-02-08 02:30:00,76,2,1.1428571428571428,0.0,0.0,0.087,optimal
2021-02-08 03:00:00,76,2,1.1428571428571428,0.0,0.0,0.1566,optimal
2021-02-08 03:30:00,76,2,1.1428571428571428,0.0,1.3847579791143074,0.058,optimal
2021-02-08 04:00:00,76,2,1.1428571428571428,0.0,10.0,0.174,optimal
2021-02-08 04:30:00,76,2,1.1428571428571428,0.0,10.0,0.0696,optimal
2021-02-08 05:00:00,76,2,1.1428571428571428,0.0,10.0,0.1102,optimal
2021-02-08 05:30:00,76,2,1.1428571428571428,0.0,10.0,0.13340000000000002,optimal
2021-02-08 06:00:00,76,2,1.1428571428571428,0.5418518518518518,10.0,0.2135,optimal
2021-02-08 06:30:00,76,2,1.1428571428571428,1.548148148148148,0.0,0.06466666666666668,optimal
2021-02-08 07:00:00,76,2,1.1428571428571428,0.0774074074074074,0.0,0.342,optimal
2021-02-08 07:30:00,76,2,1.1428571428571428,7.276296296296295,0.0,0.9601333333333332,optimal
2021-02-08 08:00:00,76,2,0.5766283480201806,0.23222222222222222,0.0,2.8646,optimal
2021-02-08 08:30:00,76,2,0.5827063568856858,2.7092592592592597,0.0,1.8059,optimal
2021-02-08 09:00:00,76,2,0.47018618177024885,0.1548148148148148,0.0,3.5880666666666667,optimal
2021-02-08 09:30:00,76,2,0.5840834541862908,5.65074074074074,0.0,0.6896,optimal
2021-02-08 10:00:00,76,2,0.41143603400768614,0.23222222222222222,0.0,0.4553333333333333,optimal
2021-02-08 10:30:00,76,2,0.2683673330202285,0.1548148148148148,0.0,0.9465333333333332,optimal
2021-02-08 11:00:00,76,2,0.44310679078060644,0.0,0.0,0.082,optimal
2021-02-08 11:30:00,76,2,0.42675259143891725,0.0774074074074074,0.0,0.15159999999999998,optimal
2021-02-08 12:00:00,76,2,0.4140661691978111,0.0774074074074074,0.0,0.125,optimal
2021-02-08 12:30:00,76,2,0.7585544345359098,0.5418518518518518,0.0,0.067,optimal
2021-02-08 13:00:00,76,2,1.1428571428571428,0.0,0.0,0.1956,optimal
2021-02-08 13:30:00,76,2,1.1428571428571428,0.0,0.0,0.068,optimal
2021-02-08 14:00:00,76,2,1.1428571428571428,0.0,0.0,0.068,optimal
2021-02-08 14:30:00,76,2,1.1428571428571428,0.0,0.0,0.0912,optimal
2021-02-08 15:00:00,76,2,1.1428571428571428,0.0,0.0,0.1724,optimal
2021-02-08 15:30:00,76,2,1.1428571428571428,0.1548148148148148,0.0,1.1914333333333333,optimal
2021-02-08 16:00:00,76,2,0.0,0.0774074074074074,0.0,0.38989999999999997,optimal
2021-02-08 16:30:00,76,2,0.0,0.1548148148148148,0.0,0.239,optimal
2021-02-08 17:00:00,76,2,0.0,0.3096296296296296,0.0,0.3013,optimal
2021-02-08 17:30:00,76,2,0.0,0.0,0.0,0.18880000000000002,optimal
2021-02-08 18:00:00,76,2,0.0,0.23222222222222222,0.0,0.29206666666666664,optimal
2021-02-08 18:30:00,76,2,0.0,0.1548148148148148,0.0,2.2812666666666668,optimal
2021-02-08 19:00:00,76,2,0.0,0.774074074074074,0.0,0.35606666666666664,optimal
2021-02-08 19:30:00,76,2,0.6532840665385735,0.3096296296296296,0.0,0.1661,optimal
2021-02-08 20:00:00,76,2,0.7041963179320636,0.0,0.0,0.3247,optimal
2021-02-08 20:30:00,76,2,0.0,0.3096296296296296,0.0,0.21619999999999998,optimal
2021-02-08 21:00:00,76,2,0.0,0.0,0.0,1.3829333333333333,optimal
2021-02-08 21:30:00,76,2,0.0,0.0,0.0,3.4825999999999997,optimal
2021-02-08 22:00:00,76,2,0.0,0.0,0.0,1.704233333333333,optimal
2021-02-08 22:30:00,76,2,0.0,0.0774074074074074,0.0,2.0073666666666665,optimal
2021-02-08 23:00:00,76,2,0.0,0.0,0.0,0.3546,optimal
2021-02-08 23:30:00,76,2,0.0,0.0,0.0,0.2673666666666667,optimal
2021-02-09 00:00:00,76,2,0.0,0.0,0.0,0.08356666666666666,optimal
2021-02-09 00:30:00,76,2,0.0,6.347407407407409,0.0,0.2413333333333333,optimal
2021-02-09 01:00:00,76,2,0.0,0.1548148148148148,0.0,0.16243333333333335,optimal
2021-02-09 01:30:00,76,2,0.8704152006977475,0.0,0.0,0.13733333333333334,optimal
2021-02-09 02:00:00,76,2,1.1428571428571428,0.0,0.0,0.28453333333333336,optimal
2021-02-09 02:30:00,76,2,1.1428571428571428,0.0,0.0,0.13733333333333334,optimal
2021-02-09 03:00:00,76,2,1.1428571428571428,0.0,0.0,0.11,optimal
2021-02-09 03:30:00,76,2,1.1428571428571428,0.0,0.0,0.25053333333333333,optimal
2021-02-09 04:00:00,76,2,1.1428571428571428,0.0,0.0,0.076,optimal
2021-02-09 04:30:00,76,2,1.1428571428571428,0.0,0.0,0.1898333333333333,optimal
2021-02-09 05:00:00,76,2,1.1428571428571428,0.0,0.0,0.23203333333333334,optimal
2021-02-09 05:30:00,76,2,1.1428571428571428,0.0,0.0,0.15596666666666667,optimal
2021-02-09 06:00:00,76,2,1.1428571428571428,0.0,0.0,0.26589999999999997,optimal
2021-02-09 06:30:00,76,2,1.1428571428571428,0.0,7.180361216434236,1.5241,optimal
2021-02-09 07:00:00,76,2,1.1428571428571428,0.6966666666666667,10.0,0.7732,optimal
2021-02-09 07:30:00,76,2,1.1428571428571428,0.23222222222222222,0.0,0.27996666666666664,optimal
2021-02-09 08:00:00,76,2,0.38127423733349397,0.7384666666666667,0.0,1.2398666666666665,optimal
2021-02-09 08:30:00,76,2,0.5805810335590503,6.615237037037037,0.0,0.5587666666666666,optimal
2021-02-09 09:00:00,76,2,0.6483899851111046,0.0,0.0,0.16516666666666666,optimal
2021-02-09 09:30:00,76,2,0.5855464347050854,0.1548148148148148,0.0,0.36319999999999997,optimal
2021-02-09 10:00:00,76,2,0.5560284596701522,0.0,0.0,0.194,optimal
2021-02-09 10:30:00,76,2,0.5708762946492569,0.0,0.0,0.17326666666666668,optimal
2021-02-09 11:00:00,76,2,0.5096067823152594,0.0,0.0,0.16546666666666668,optimal
2021-02-09 11:30:00,76,2,0.5029058731206072,0.0,0.0,0.1814333333333333,optimal
2021-02-09 12:00:00,76,2,0.28492908955568347,0.0,0.0,1.109233333333333,optimal
2021-02-09 12:30:00,76,2,0.3429404749408144,0.1548148148148148,0.0,1.0082,optimal
2021-02-09 13:00:00,76,2,1.1428571428571428,0.23222222222222222,0.0,0.24353333333333332,optimal
2021-02-09 13:30:00,76,2,1.1428571428571428,0.0,0.0,0.38203333333333334,optimal
2021-02-09 14:00:00,76,2,1.1428571428571428,0.0,0.0,0.42369999999999997,optimal
2021-02-09 14:30:00,76,2,1.1428571428571428,0.0,0.0,2.7516,optimal
2021-02-09 15:00:00,76,2,1.1428571428571428,0.0,0.0,2.8676666666666666,optimal
2021-02-09 15:30:00,76,2,1.1428571428571428,0.0,0.0,0.4759,optimal
2021-02-09 16:00:00,76,2,0.0,0.0,0.0,0.42583333333333334,optimal
2021-02-09 16:30:00,76,2,0.0,0.0,0.0,0.5269333333333333,optimal
2021-02-09 17:00:00,76,2,0.0,0.0,0.0,0.4928666666666667,optimal
2021-02-09 17:30:00,76,2,0.0,0.0,0.0,0.37206666666666666,optimal
2021-02-09 18:00:00,76,2,0.0,0.6192592592592592,0.0,0.30739999999999995,optimal
2021-02-09 18:30:00,76,2,0.0,0.0,0.0,0.4997,optimal
2021-02-09 19:00:00,76,2,0.0,0.387037037037037,0.0,0.4203,optimal
2021-02-09 19:30:00,76,2,0.0,0.1548148148148148,0.0,0.20553333333333332,optimal
2021-02-09 20:00:00,76,2,0.44846077566951037,0.1548148148148148,0.0,0.47633333333333333,optimal
2021-02-09 20:30:00,76,2,0.0,0.0,0.0,0.48003333333333337,optimal
2021-02-09 21:00:00,76,2,0.0,0.6192592592592592,0.0,0.3595,optimal
2021-02-09 21:30:00,76,2,0.0,0.0,0.0,0.36056666666666665,optimal
2021-02-09 22:00:00,76,2,0.0,0.3096296296296296,0.0,0.5610333333333333,optimal
2021-02-09 22:30:00,76,2,0.0,0.0,0.0,0.2599666666666666,optimal
2021-02-09 23:00:00,76,2,0.0,0.0,0.0,0.20286666666666667,optimal
2021-02-09 23:30:00,76,2,0.0,0.0,0.0,0.07366666666666667,optimal
2021-02-10 00:00:00,76,2,0.0,0.0,0.0,0.065,optimal
2021-02-10 00:30:00,76,2,0.0,0.0,0.0,0.065,optimal
2021-02-10 01:00:00,76,2,0.0,0.0,0.0,0.1245,optimal
2021-02-10 01:30:00,76,2,0.37735166623573574,0.0,0.0,0.18036666666666668,optimal
2021-02-10 02:00:00,76,2,1.1428571428571428,0.0,0.0,0.20306666666666665,optimal
2021-02-10 02:30:00,76,2,1.1428571428571428,0.0,0.0,0.07786666666666665,optimal
2021-02-10 03:00:00,76,2,1.1428571428571428,0.0,0.0,0.2052,optimal
2021-02-10 03:30:00,76,2,1.1428571428571428,0.0,0.0,0.065,optimal
2021-02-10 04:00:00,76,2,1.1428571428571428,0.0,0.0,0.32003333333333334,optimal
2021-02-10 04:30:00,76,2,1.1428571428571428,0.0,0.0,0.12090000000000001,optimal
2021-02-10 05:00:00,76,2,1.1428571428571428,0.6192592592592592,0.0,0.16996666666666665,optimal
2021-02-10 05:30:00,76,2,1.1428571428571428,0.0,6.725787990608656,0.3758666666666667,optimal
2021-02-10 06:00:00,76,2,1.1428571428571428,0.46444444444444444,10.0,0.9673999999999999,optimal
2021-02-10 06:30:00,76,2,1.1428571428571428,0.0,0.0,0.1982333333333333,optimal
2021-02-10 07:00:00,76,2,1.1428571428571428,0.23222222222222222,0.0,1.1358333333333333,optimal
2021-02-10 07:30:00,76,2,1.1428571428571428,0.6966666666666667,0.0,1.0677999999999999,optimal
2021-02-10 08:00:00,76,2,0.6438664424492011,0.5418518518518518,0.0,0.19233333333333327,optimal
2021-02-10 08:30:00,76,2,0.5639485199563071,0.3096296296296296,0.0,0.40503333333333336,optimal
2021-02-10 09:00:00,76,2,0.7369090088074265,0.7167925925925925,0.0,0.14373333333333332,optimal
2021-02-10 09:30:00,76,2,0.5886101339335644,1.140985185185185,0.0,0.5028333333333334,optimal
2021-02-10 10:00:00,76,2,0.6125710160326958,0.0,0.0,0.1617333333333333,optimal
2021-02-10 10:30:00,76,2,0.6506492408296928,0.0,0.0,0.075,optimal
2021-02-10 11:00:00,76,2,0.5518432550228918,0.0,0.0,0.14576666666666668,optimal
2021-02-10 11:30:00,76,2,0.5008604842526374,0.0,0.0,0.2602333333333333,optimal
2021-02-10 12:00:00,76,2,0.09315482153726273,0.0,0.0,1.6425999999999998,optimal
2021-02-10 12:30:00,76,2,0.23637386915631559,0.0,0.0,0.7433333333333334,optimal
2021-02-10 13:00:00,76,2,1.1428571428571428,0.1548148148148148,0.0,0.48906666666666665,optimal
2021-02-10 13:30:00,76,2,1.1428571428571428,0.387037037037037,0.0,0.38003333333333333,optimal
2021-02-10 14:00:00,76,2,1.1428571428571428,0.0,0.0,0.3866,optimal
2021-02-10 14:30:00,76,2,1.1428571428571428,0.0,0.0,0.4471333333333333,optimal
2021-02-10 15:00:00,76,2,1.1428571428571428,0.23222222222222222,0.0,0.48103333333333337,optimal
2021-02-10 15:30:00,76,2,1.1428571428571428,0.387037037037037,0.0,0.5090333333333333,optimal
2021-02-10 16:00:00,76,2,0.0,0.23222222222222222,0.0,0.13056666666666666,optimal
2021-02-10 16:30:00,76,2,0.0,0.0,0.0,0.11726666666666669,optimal
2021-02-10 17:00:00,76,2,0.0,0.0,0.0,0.6163666666666667,optimal
2021-02-10 17:30:00,76,2,0.0,0.3096296296296296,0.0,0.44439999999999996,optimal
2021-02-10 18:00:00,76,2,0.0,0.0,0.0,0.5390333333333333,optimal
2021-02-10 18:30:00,76,2,0.0,0.774074074074074,0.0,1.6036666666666668,optimal
2021-02-10 19:00:00,76,2,0.0,0.0,0.0,1.5251666666666668,optimal
2021-02-10 19:30:00,76,2,0.0,0.23222222222222222,0.0,0.6904333333333332,optimal
2021-02-10 20:00:00,76,2,0.48919532807788846,0.3096296296296296,0.0,0.1556,optimal
2021-02-10 20:30:00,76,2,0.0,0.0,0.0,0.3772,optimal
2021-02-10 21:00:00,76,2,0.0,0.0,0.0,0.5142,optimal
2021-02-10 21:30:00,76,2,0.0,0.23222222222222222,0.0,0.3904333333333333,optimal
2021-02-10 22:00:00,76,2,0.0,0.0,0.0,0.5934333333333333,optimal
2021-02-10 22:30:00,76,2,0.0,0.0,0.0,0.28646666666666665,optimal
2021-02-10 23:00:00,76,2,0.0,0.0,0.0,0.075,optimal
2021-02-10 23:30:00,76,2,0.0,0.0,0.0,0.29619999999999996,optimal
2021-02-11 00:00:00,76,2,1.1428571428571428,0.0,0.0,0.056,optimal
2021-02-11 00:30:00,76,2,1.1428571428571428,0.0,0.0,0.1719,optimal
2021-02-11 01:00:00,76,2,1.1428571428571428,0.0,0.0,0.0988,optimal
2021-02-11 01:30:00,76,2,1.1428571428571428,0.0,0.0,0.1512,optimal
2021-02-11 02:00:00,76,2,1.1428571428571428,0.0,0.0,0.24880000000000002,optimal
2021-02-11 02:30:00,76,2,1.1428571428571428,0.0,0.0,0.1419,optimal
2021-02-11 03:00:00,76,2,1.1428571428571428,0.0,0.0,0.1177,optimal
2021-02-11 03:30:00,76,2,1.1428571428571428,0.0,0.0,0.2792,optimal
2021-02-11 04:00:00,76,2,1.1428571428571428,0.0,0.0,0.1025,optimal
2021-02-11 04:30:00,76,2,1.1428571428571428,0.0,0.0,0.22323333333333328,optimal
2021-02-11 05:00:00,76,2,1.1428571428571428,0.0,0.0,0.1436,optimal
2021-02-11 05:30:00,76,2,1.1428571428571428,0.0,0.0,0.1452,optimal
2021-02-11 06:00:00,76,2,1.1428571428571428,0.0,0.0,0.2455,optimal
2021-02-11 06:30:00,76,2,1.1428571428571428,0.0,2.7501408587040923,0.056,optimal
2021-02-11 07:00:00,76,2,1.1428571428571428,0.5418518518518518,10.0,1.1503666666666665,optimal
2021-02-11 07:30:00,76,2,1.1428571428571428,1.4889519603868893,0.0,0.2016,optimal
2021-02-11 08:00:00,76,2,0.7659353608414928,1.528022222222222,0.0,0.223,optimal
2021-02-11 08:30:00,76,2,0.7313333265206939,0.1548148148148148,0.0,0.5210666666666667,optimal
2021-02-11 09:00:00,76,2,0.7174169447130697,0.23222222222222222,0.0,0.38803333333333334,optimal
2021-02-11 09:30:00,76,2,0.653705988908506,0.1548148148148148,0.0,0.3643,optimal
2021-02-11 10:00:00,76,2,0.3682613140601922,0.0,0.0,0.5368333333333334,optimal
2021-02-11 10:30:00,76,2,0.4443769863008096,0.0,0.0,0.3974666666666666,optimal
2021-02-11 11:00:00,76,2,0.3652578946050871,0.23222222222222222,0.0,0.41293333333333326,optimal
2021-02-11 11:30:00,76,2,0.33122044716145416,0.0,0.0,0.47943333333333327,optimal
2021-02-11 12:00:00,76,2,0.2593448427071846,5.65074074074074,0.0,0.3793333333333333,optimal
2021-02-11 12:30:00,76,2,0.2301568327004864,0.3096296296296296,0.0,0.5015,optimal
2021-02-11 13:00:00,76,2,1.1428571428571428,0.0,0.0,0.3457333333333333,optimal
2021-02-11 13:30:00,76,2,1.1428571428571428,0.387037037037037,0.0,0.48319999999999996,optimal
2021-02-11 14:00:00,76,2,1.1428571428571428,0.0,0.0,2.3245999999999998,optimal
2021-02-11 14:30:00,76,2,1.1428571428571428,0.0,0.0,2.1214333333333335,optimal
2021-02-11 15:00:00,76,2,1.1428571428571428,0.0774074074074074,0.0,0.5194,optimal
2021-02-11 15:30:00,76,2,1.1428571428571428,0.6966666666666667,0.0,0.5640666666666667,optimal
2021-02-11 16:00:00,76,2,0.0,0.0,0.0,0.5112,optimal
2021-02-11 16:30:00,76,2,0.0,0.46444444444444444,0.0,1.3112666666666668,optimal
2021-02-11 17:00:00,76,2,0.0,0.387037037037037,0.0,0.8516,optimal
2021-02-11 17:30:00,76,2,0.0,0.1548148148148148,0.0,0.35636666666666666,optimal
2021-02-11 18:00:00,76,2,0.0,0.3096296296296296,0.0,0.44023333333333337,optimal
2021-02-11 18:30:00,76,2,0.0,0.5418518518518518,0.0,0.2642,optimal
2021-02-11 19:00:00,76,2,0.0,0.0774074074074074,0.0,0.3085,optimal
2021-02-11 19:30:00,76,2,0.12404635490241596,0.0774074074074074,0.0,0.4865333333333334,optimal
2021-02-11 20:00:00,76,2,1.031895033755152,0.0,0.0,0.077,optimal
2021-02-11 20:30:00,76,2,0.0,0.387037037037037,0.0,0.2904333333333333,optimal
2021-02-11 21:00:00,76,2,0.0,0.1548148148148148,0.0,0.16369999999999998,optimal
2021-02-11 21:30:00,76,2,0.0,0.23222222222222222,0.0,0.19136666666666668,optimal
2021-02-11 22:00:00,76,2,0.0,0.387037037037037,0.0,0.1245,optimal
2021-02-11 22:30:00,76,2,0.0,0.0,0.0,0.3092333333333333,optimal
2021-02-11 23:00:00,76,2,0.0,0.0,0.0,0.1674,optimal
2021-02-11 23:30:00,76,2,0.0,0.0,0.0,0.09390000000000001,optimal
2021-02-12 00:00:00,76,2,1.1428571428571428,0.0,0.0,0.17373333333333332,optimal
2021-02-12 00:30:00,76,2,1.1428571428571428,0.0,0.0,0.17193333333333333,optimal
2021-02-12 01:00:00,76,2,1.1428571428571428,0.0,0.0,0.08979999999999999,optimal
2021-02-12 01:30:00,76,2,1.1428571428571428,0.0,0.0,0.26589999999999997,optimal
2021-02-12 02:00:00,76,2,1.1428571428571428,0.0,0.0,0.10890000000000001,optimal
2021-02-12 02:30:00,76,2,1.1428571428571428,0.0,0.0,0.06,optimal
2021-02-12 03:00:00,76,2,1.1428571428571428,0.0,0.0,0.3006666666666667,optimal
2021-02-12 03:30:00,76,2,1.1428571428571428,0.0,0.0,0.07413333333333334,optimal
2021-02-12 04:00:00,76,2,1.1428571428571428,0.0,0.0,0.16369999999999998,optimal
2021-02-12 04:30:00,76,2,1.1428571428571428,0.0,0.0,0.07496666666666667,optimal
2021-02-12 05:00:00,76,2,1.1428571428571428,0.0,0.0,0.3002333333333333,optimal
2021-02-12 05:30:00,76,2,1.1428571428571428,0.0774074074074074,3.7397784536311987,0.07423333333333333,optimal
2021-02-12 06:00:00,76,2,1.1428571428571428,2.2850666666666672,10.0,0.6296,optimal
2021-02-12 06:30:00,76,2,1.1428571428571428,3.056044444444444,10.0,0.3091333333333333,optimal
2021-02-12 07:00:00,76,2,1.1428571428571428,2.7866666666666666,0.0,1.9590333333333334,optimal
2021-02-12 07:30:00,76,2,1.1428571428571428,7.247076238844836,0.0,0.25803333333333334,optimal
2021-02-12 08:00:00,76,2,0.8935286100846398,0.3096296296296296,0.0,0.15009999999999998,optimal
2021-02-12 08:30:00,76,2,0.8271036754346794,0.0774074074074074,0.0,0.29453333333333337,optimal
2021-02-12 09:00:00,76,2,0.7157707861984702,0.0,0.0,0.2919,optimal
2021-02-12 09:30:00,76,2,0.691606972109856,0.0,0.0,0.07606666666666666,optimal
2021-02-12 10:00:00,76,2,0.42347760555728275,0.0,0.0,0.31139999999999995,optimal
2021-02-12 10:30:00,76,2,0.36341699866671157,0.0,0.0,2.570733333333333,optimal
2021-02-12 11:00:00,76,2,0.06588336294798755,0.0,0.0,2.2385333333333333,optimal
2021-02-12 11:30:00,76,2,0.32604150137237603,0.5418518518518518,0.0,0.37460000000000004,optimal
2021-02-12 12:00:00,76,2,0.4388964972870663,0.0,0.0,0.23626666666666668,optimal
2021-02-12 12:30:00,76,2,0.42426415952098673,0.0,0.0,0.3402333333333333,optimal
2021-02-12 13:00:00,76,2,1.076106668732296,0.23222222222222222,0.0,0.14816666666666667,optimal
2021-02-12 13:30:00,76,2,1.1428571428571428,0.23222222222222222,0.0,0.19806666666666664,optimal
2021-02-12 14:00:00,76,2,1.1428571428571428,0.0,0.0,2.2609333333333335,optimal
2021-02-12 14:30:00,76,2,1.1428571428571428,0.0,0.0,2.5786666666666664,optimal
2021-02-12 15:00:00,76,2,1.1428571428571428,0.23222222222222222,0.0,0.22513333333333332,optimal
2021-02-12 15:30:00,76,2,1.1428571428571428,0.0,0.0,0.4978,optimal
2021-02-12 16:00:00,76,2,0.0,0.3096296296296296,0.0,0.8683333333333334,optimal
2021-02-12 16:30:00,76,2,0.0,0.0,0.0,1.6648,optimal
2021-02-12 17:00:00,76,2,0.0,0.0,0.0,1.8853333333333333,optimal
2021-02-12 17:30:00,76,2,0.0,0.0774074074074074,0.0,0.6410666666666667,optimal
2021-02-12 18:00:00,76,2,0.0,0.0,0.0,0.43119999999999997,optimal
2021-02-12 18:30:00,76,2,0.0,0.5418518518518518,0.0,2.2094333333333336,optimal
2021-02-12 19:00:00,76,2,0.0,0.0,0.0,3.4204333333333334,optimal
2021-02-12 19:30:00,76,2,0.0,0.387037037037037,0.0,1.209,optimal
2021-02-12 20:00:00,76,2,0.0,0.3096296296296296,0.0,2.647766666666667,optimal
2021-02-12 20:30:00,76,2,0.0,0.0,0.0,2.5359000000000003,optimal
2021-02-12 21:00:00,76,2,0.0,0.0,0.0,1.7086333333333334,optimal
2021-02-12 21:30:00,76,2,0.0,0.0,0.0,1.173733333333333,optimal
2021-02-12 22:00:00,76,2,0.0,0.0,0.0,0.36469999999999997,optimal
2021-02-12 22:30:00,76,2,0.0,0.0,0.0,0.5410333333333333,optimal
2021-02-12 23:00:00,76,2,0.0,0.387037037037037,0.0,0.5112666666666666,optimal
2021-02-12 23:30:00,76,2,0.0,0.0,0.0,0.13706666666666667,optimal
2021-02-13 00:00:00,76,2,0.0,0.0,0.0,0.2032,optimal
2021-02-13 00:30:00,76,2,0.0,0.0,0.0,0.15786666666666668,optimal
2021-02-13 01:00:00,76,2,0.7919463976838332,0.0,0.0,0.0878,optimal
2021-02-13 01:30:00,76,2,1.1428571428571428,0.0,0.0,0.2322,optimal
2021-02-13 02:00:00,76,2,1.1428571428571428,0.0,0.0,0.11973333333333332,optimal
2021-02-13 02:30:00,76,2,1.1428571428571428,0.0,0.0,0.2132,optimal
2021-02-13 03:00:00,76,2,1.1428571428571428,0.0,0.0,0.15853333333333333,optimal
2021-02-13 03:30:00,76,2,1.1428571428571428,0.0,0.0,0.1802,optimal
2021-02-13 04:00:00,76,2,1.1428571428571428,0.0,0.0,0.10746666666666668,optimal
2021-02-13 04:30:00,76,2,1.1428571428571428,0.0,0.0,0.15206666666666666,optimal
2021-02-13 05:00:00,76,2,1.1428571428571428,0.0,0.0,0.2132,optimal
2021-02-13 05:30:00,76,2,1.1428571428571428,0.0,0.0,0.11326666666666668,optimal
2021-02-13 06:00:00,76,2,1.1428571428571428,0.0,0.0,0.2584666666666666,optimal
2021-02-13 06:30:00,76,2,1.1428571428571428,0.0,0.0,0.06666666666666667,optimal
2021-02-13 07:00:00,76,2,1.1428571428571428,5.495925925925925,5.854960947644776,0.2093333333333333,optimal
2021-02-13 07:30:00,76,2,1.1428571428571428,0.46444444444444444,0.0,0.1738,optimal
2021-02-13 08:00:00,76,2,0.8225212455899922,0.23222222222222222,0.0,0.13290000000000002,optimal
2021-02-13 08:30:00,76,2,0.8398012887762942,0.0,0.0,0.2389333333333333,optimal
2021-02-13 09:00:00,76,2,0.8099152551679434,0.0,0.0,0.1262,optimal
2021-02-13 09:30:00,76,2,0.7781345187184846,0.0,0.0,0.2,optimal
2021-02-13 10:00:00,76,2,0.6733674856488632,0.0,0.0,0.17173333333333332,optimal
2021-02-13 10:30:00,76,2,0.6933237193113586,0.0,0.0,0.09440000000000001,optimal
2021-02-13 11:00:00,76,2,0.5448716089083597,0.0,0.0,0.18680000000000002,optimal
2021-02-13 11:30:00,76,2,0.5508087949518089,0.0,0.0,0.15853333333333333,optimal
2021-02-13 12:00:00,76,2,1.044120632201346,0.0,0.0,0.2132,optimal
2021-02-13 12:30:00,76,2,1.1428571428571428,0.0,0.0,0.10679999999999999,optimal
2021-02-13 13:00:00,76,2,1.1428571428571428,0.0,0.0,0.11973333333333332,optimal
2021-02-13 13:30:00,76,2,1.1428571428571428,0.0,0.0,0.068,optimal
2021-02-13 14:00:00,76,2,1.1428571428571428,0.0,0.0,0.2583333333333333,optimal
2021-02-13 14:30:00,76,2,1.1428571428571428,0.0,0.0,0.1134,optimal
2021-02-13 15:00:00,76,2,1.1428571428571428,0.0,0.0,0.068,optimal
2021-02-13 15:30:00,76,2,1.1428571428571428,0.0,0.0,0.3037333333333333,optimal
2021-02-13 16:00:00,76,2,0.0,0.0,0.0,0.068,optimal
2021-02-13 16:30:00,76,2,0.0,0.5418518518518518,0.0,0.29560000000000003,optimal
2021-02-13 17:00:00,76,2,0.0,0.0,0.0,0.4065666666666667,optimal
2021-02-13 17:30:00,76,2,0.0,0.1548148148148148,0.0,1.5333666666666665,optimal
2021-02-13 18:00:00,76,2,0.0,0.0,0.0,1.6968333333333332,optimal
2021-02-13 18:30:00,76,2,0.0,0.0,0.0,0.38326666666666664,optimal
2021-02-13 19:00:00,76,2,0.0,0.0,0.0,1.1646333333333334,optimal
2021-02-13 19:30:00,76,2,0.6748471418953257,0.3096296296296296,0.0,0.40563333333333335,optimal
2021-02-13 20:00:00,76,2,0.6249537221893964,0.0,0.0,0.5797333333333333,optimal
2021-02-13 20:30:00,76,2,0.0,0.0774074074074074,0.0,0.36710000000000004,optimal
2021-02-13 21:00:00,76,2,0.0,0.0,0.0,0.5999666666666666,optimal
2021-02-13 21:30:00,76,2,0.0,0.0,0.0,0.2707,optimal
2021-02-13 22:00:00,76,2,0.0,0.0,0.0,0.41869999999999996,optimal
2021-02-13 22:30:00,76,2,0.0,0.0,0.0,0.4451666666666667,optimal
2021-02-13 23:00:00,76,2,0.0,0.0,0.0,0.35406666666666664,optimal
2021-02-13 23:30:00,76,2,0.0,0.0,0.0,0.068,optimal
2021-02-07 00:00:00,77,2,0.0,0.0,0.0,0.18666666666666662,optimal
2021-02-07 00:30:00,77,2,0.0,0.0,0.0,0.1268,optimal
2021-02-07 01:00:00,77,2,0.0,0.0,0.0,0.28196666666666664,optimal
2021-02-07 01:30:00,77,2,0.0,0.0,0.0,0.08816666666666667,optimal
2021-02-07 02:00:00,77,2,0.0,0.0,0.0,0.19096666666666667,optimal
2021-02-07 02:30:00,77,2,0.0,0.0,0.0,0.17916666666666667,optimal
2021-02-07 03:00:00,77,2,0.0,0.0,0.0,0.13636666666666666,optimal
2021-02-07 03:30:00,77,2,0.0,0.0,0.0,0.25303333333333333,optimal
2021-02-07 04:00:00,77,2,1.1428571428571428,0.0,0.0,0.10653333333333331,optimal
2021-02-07 04:30:00,77,2,1.1428571428571428,0.0,0.0,0.24646666666666667,optimal
2021-02-07 05:00:00,77,2,1.1428571428571428,0.0,0.0,0.07683333333333332,optimal
2021-02-07 05:30:00,77,2,1.1428571428571428,0.0,0.0,0.1492,optimal
2021-02-07 06:00:00,77,2,1.1428571428571428,0.0,0.0,0.2552666666666667,optimal
2021-02-07 06:30:00,77,2,1.1428571428571428,0.0,0.0,0.14043333333333333,optimal
2021-02-07 07:00:00,77,2,1.1428571428571428,0.0,1.7076336144509696,0.058,optimal
2021-02-07 07:30:00,77,2,0.0,0.6192592592592592,0.0,0.49973333333333336,optimal
2021-02-07 08:00:00,77,2,0.0,0.1548148148148148,0.0,0.208,optimal
2021-02-07 08:30:00,77,2,0.7100587447784463,0.0,0.0,0.19736666666666666,optimal
2021-02-07 09:00:00,77,2,0.7111930898588394,0.0,0.0,0.17276666666666668,optimal
2021-02-07 09:30:00,77,2,0.7349493235213241,0.0,0.0,0.09013333333333334,optimal
2021-02-07 10:00:00,77,2,0.612428194501169,0.0,0.0,0.3658,optimal
2021-02-07 10:30:00,77,2,0.7017919176523779,0.0,0.0,0.06,optimal
2021-02-07 11:00:00,77,2,0.611739531238277,0.0,0.0,0.18996666666666667,optimal
2021-02-07 11:30:00,77,2,0.5951681026668543,0.0,0.0,0.24796666666666667,optimal
2021-02-07 12:00:00,77,2,0.5950692786421014,0.0,0.0,0.1123,optimal
2021-02-07 12:30:00,77,2,0.9933832534239434,0.0,0.0,0.27646666666666664,optimal
2021-02-07 13:00:00,77,2,1.1428571428571428,0.0,0.0,0.10716666666666669,optimal
2021-02-07 13:30:00,77,2,1.1428571428571428,0.0,0.0,0.17866666666666667,optimal
2021-02-07 14:00:00,77,2,1.1428571428571428,0.0,0.0,0.19253333333333333,optimal
2021-02-07 14:30:00,77,2,1.1428571428571428,0.0,0.0,0.22126666666666667,optimal
2021-02-07 15:00:00,77,2,1.1428571428571428,0.0,0.0,0.15793333333333334,optimal
2021-02-07 15:30:00,77,2,1.1428571428571428,0.0774074074074074,0.0,0.4813,optimal
2021-02-07 16:00:00,77,2,0.0,0.0,0.0,0.3889333333333333,optimal
2021-02-07 16:30:00,77,2,0.0,0.5418518518518518,0.0,0.5247333333333334,optimal
2021-02-07 17:00:00,77,2,0.0,0.0,0.0,0.3425666666666667,optimal
2021-02-07 17:30:00,77,2,0.0,0.1548148148148148,0.0,0.4156666666666667,optimal
2021-02-07 18:00:00,77,2,0.0,0.0,0.0,0.5831000000000001,optimal
2021-02-07 18:30:00,77,2,0.0,0.1548148148148148,0.0,0.2413333333333333,optimal
2021-02-07 19:00:00,77,2,0.0,0.0,0.0,0.5403333333333333,optimal
2021-02-07 19:30:00,77,2,0.5670280033388759,0.0,0.0,0.23676666666666668,optimal
2021-02-07 20:00:00,77,2,0.52837086048173,0.0,0.0,0.2812333333333333,optimal
2021-02-07 20:30:00,77,2,0.0,0.0,0.0,0.5373333333333333,optimal
2021-02-07 21:00:00,77,2,0.0,0.23222222222222222,0.0,0.28803333333333336,optimal
2021-02-07 21:30:00,77,2,0.0,0.1548148148148148,0.0,0.5115666666666666,optimal
2021-02-07 22:00:00,77,2,0.0,0.0,0.0,0.3325,optimal
2021-02-07 22:30:00,77,2,0.0,0.0,0.0,0.10796666666666668,optimal
2021-02-07 23:00:00,77,2,0.0,0.0,0.0,0.15246666666666667,optimal
2021-02-07 23:30:00,77,2,0.0,0.0,0.0,0.26626666666666665,optimal
2021-02-08 00:00:00,77,2,0.0,0.0,0.0,0.06146666666666667,optimal
2021-02-08 00:30:00,77,2,0.0,0.0,0.0,0.10146666666666668,optimal
2021-02-08 01:00:00,77,2,0.0,0.0,0.0,0.06,optimal
2021-02-08 01:30:00,77,2,0.0,0.0,0.0,0.067,optimal
2021-02-08 02:00:00,77,2,0.9926431426514839,0.0,0.0,0.063,optimal
2021-02-08 02:30:00,77,2,1.1428571428571428,0.0,0.0,0.06,optimal
2021-02-08 03:00:00,77,2,1.1428571428571428,0.0,0.0,0.06,optimal
2021-02-08 03:30:00,77,2,1.1428571428571428,0.0,0.0,0.06,optimal
2021-02-08 04:00:00,77,2,1.1428571428571428,0.0,0.0,0.06,optimal
2021-02-08 04:30:00,77,2,1.1428571428571428,0.0,0.0,0.06,optimal
2021-02-08 05:00:00,77,2,1.1428571428571428,8.127777777777778,0.0,0.20466666666666664,optimal
2021-02-08 05:30:00,77,2,1.1428571428571428,0.3096296296296296,0.0,0.20483333333333328,optimal
2021-02-08 06:00:00,77,2,1.1428571428571428,5.263703703703704,7.232908058622478,0.27813333333333334,optimal
2021-02-08 06:30:00,77,2,1.1428571428571428,0.387037037037037,10.0,0.46813333333333335,optimal
2021-02-08 07:00:00,77,2,1.1428571428571428,0.23222222222222222,0.0,1.2266,optimal
2021-02-08 07:30:00,77,2,1.1428571428571428,1.470740740740741,0.0,1.7417,optimal
2021-02-08 08:00:00,77,2,0.4208521575439891,0.46444444444444444,0.0,1.6152,optimal
2021-02-08 08:30:00,77,2,0.5950482616475828,5.65074074074074,0.0,0.5403,optimal
2021-02-08 09:00:00,77,2,0.5908928484369181,0.387037037037037,0.0,0.4807666666666667,optimal
2021-02-08 09:30:00,77,2,0.5898339303767687,0.23222222222222222,0.0,0.18619999999999998,optimal
2021-02-08 10:00:00,77,2,0.5529027006743552,1.006296296296296,0.0,0.098,optimal
2021-02-08 10:30:00,77,2,0.5507673330202263,0.0774074074074074,0.0,0.1586,optimal
2021-02-08 11:00:00,77,2,0.4247639336377576,0.0,0.0,0.229,optimal
2021-02-08 11:30:00,77,2,0.3860002104865421,0.23222222222222222,0.0,0.2657,optimal
2021-02-08 12:00:00,77,2,0.29816140729305124,0.3096296296296296,0.0,0.45480000000000004,optimal
2021-02-08 12:30:00,77,2,0.6827742196568504,0.0,0.0,0.10579999999999999,optimal
2021-02-08 13:00:00,77,2,1.1428571428571428,0.0774074074074074,0.0,0.11,optimal
2021-02-08 13:30:00,77,2,1.1428571428571428,0.1548148148148148,0.0,3.2395666666666667,optimal
2021-02-08 14:00:00,77,2,1.1428571428571428,0.0,0.0,0.07796666666666667,optimal
2021-02-08 14:30:00,77,2,1.1428571428571428,0.0,0.0,0.108,optimal
2021-02-08 15:00:00,77,2,1.1428571428571428,0.46444444444444444,0.0,0.33146666666666663,optimal
2021-02-08 15:30:00,77,2,1.1428571428571428,0.23222222222222222,0.0,0.12373333333333332,optimal
2021-02-08 16:00:00,77,2,0.0,0.23222222222222222,0.0,0.30960000000000004,optimal
2021-02-08 16:30:00,77,2,0.0,0.0,0.0,0.07,optimal
2021-02-08 17:00:00,77,2,0.0,0.0,0.0,1.0260333333333334,optimal
2021-02-08 17:30:00,77,2,0.0,0.0,0.0,0.4216333333333333,optimal
2021-02-08 18:00:00,77,2,0.0,0.0,0.0,0.07,optimal
2021-02-08 18:30:00,77,2,0.0,0.0,0.0,0.07,optimal
2021-02-08 19:00:00,77,2,0.0,0.1548148148148148,0.0,0.2437333333333333,optimal
2021-02-08 19:30:00,77,2,0.6025888284433325,0.0,0.0,0.351,optimal
2021-02-08 20:00:00,77,2,0.5503963179320659,0.3096296296296296,0.0,0.3518,optimal
2021-02-08 20:30:00,77,2,0.0,0.0,0.0,0.385,optimal
2021-02-08 21:00:00,77,2,0.0,0.0,0.0,0.07,optimal
2021-02-08 21:30:00,77,2,0.0,0.0,0.0,0.07,optimal
2021-02-08 22:00:00,77,2,0.0,0.0,0.0,0.07,optimal
2021-02-08 22:30:00,77,2,0.0,0.0,0.0,0.07,optimal
2021-02-08 23:00:00,77,2,0.0,0.0,0.0,0.07,optimal
2021-02-08 23:30:00,77,2,0.0,0.0,0.0,0.06633333333333333,optimal
2021-02-09 00:00:00,77,2,0.0,0.0,0.0,0.048,optimal
2021-02-09 00:30:00,77,2,0.0,0.0,0.0,0.11696666666666668,optimal
2021-02-09 01:00:00,77,2,1.0056968318414339,0.0,0.0,0.1047,optimal
2021-02-09 01:30:00,77,2,1.1428571428571428,0.0,0.0,0.054299999999999994,optimal
2021-02-09 02:00:00,77,2,1.1428571428571428,0.0,0.0,0.2327,optimal
2021-02-09 02:30:00,77,2,1.1428571428571428,0.0,0.0,0.093,optimal
2021-02-09 03:00:00,77,2,1.1428571428571428,0.0,0.0,0.179,optimal
2021-02-09 03:30:00,77,2,1.1428571428571428,0.0,0.0,0.153,optimal
2021-02-09 04:00:00,77,2,1.1428571428571428,0.0,0.0,0.174,optimal
2021-02-09 04:30:00,77,2,1.1428571428571428,0.0,0.0,0.128,optimal
2021-02-09 05:00:00,77,2,1.1428571428571428,0.0,0.0,0.078,optimal
2021-02-09 05:30:00,77,2,1.1428571428571428,0.0,0.0,0.156,optimal
2021-02-09 06:00:00,77,2,1.1428571428571428,0.0,0.0,0.196,optimal
2021-02-09 06:30:00,77,2,1.1428571428571428,0.0,0.0,0.058,optimal
2021-02-09 07:00:00,77,2,1.1428571428571428,0.0,9.066906925136568,0.19490000000000002,optimal
2021-02-09 07:30:00,77,2,1.1428571428571428,0.46444444444444444,0.0,0.15936666666666668,optimal
2021-02-09 08:00:00,77,2,0.7209028087620661,2.4770370370370367,0.0,0.1865,optimal
2021-02-09 08:30:00,77,2,0.6300000811780968,0.3096296296296296,0.0,0.3507333333333333,optimal
2021-02-09 09:00:00,77,2,0.5878947470158694,0.0,0.0,0.1005,optimal
2021-02-09 09:30:00,77,2,0.526498815657473,0.0774074074074074,0.0,0.20133333333333328,optimal
2021-02-09 10:00:00,77,2,0.32465703109872557,0.5418518518518518,0.0,0.2840666666666667,optimal
2021-02-09 10:30:00,77,2,0.37958105655401775,0.0,0.0,0.196,optimal
2021-02-09 11:00:00,77,2,0.1899858299343061,0.1548148148148148,0.0,1.4530999999999998,optimal
2021-02-09 11:30:00,77,2,0.2030868255015583,0.0,0.0,1.153,optimal
2021-02-09 12:00:00,77,2,0.2000319466985379,0.0,0.0,1.3235999999999999,optimal
2021-02-09 12:30:00,77,2,0.3518166654170112,0.387037037037037,0.0,0.38180000000000003,optimal
2021-02-09 13:00:00,77,2,1.1428571428571428,0.23222222222222222,0.0,0.46366666666666667,optimal
2021-02-09 13:30:00,77,2,1.1428571428571428,0.6966666666666667,0.0,0.1321,optimal
2021-02-09 14:00:00,77,2,1.1428571428571428,0.1548148148148148,0.0,0.1699,optimal
2021-02-09 14:30:00,77,2,1.1428571428571428,0.0,0.0,0.07473333333333333,optimal
2021-02-09 15:00:00,77,2,1.1428571428571428,0.0774074074074074,0.0,0.508,optimal
2021-02-09 15:30:00,77,2,1.1428571428571428,0.0774074074074074,0.0,0.09783333333333331,optimal
2021-02-09 16:00:00,77,2,0.0,0.0,0.0,0.18,optimal
2021-02-09 16:30:00,77,2,0.0,0.387037037037037,0.0,0.08963333333333334,optimal
2021-02-09 17:00:00,77,2,0.0,0.1548148148148148,0.0,0.17880000000000001,optimal
2021-02-09 17:30:00,77,2,0.0,0.0774074074074074,0.0,0.7106,optimal
2021-02-09 18:00:00,77,2,0.0,0.23222222222222222,0.0,0.8224,optimal
2021-02-09 18:30:00,77,2,0.0,0.1548148148148148,0.0,0.1256,optimal
2021-02-09 19:00:00,77,2,0.0,0.0,0.0,0.1509,optimal
2021-02-09 19:30:00,77,2,0.0,0.46444444444444444,0.0,0.3992,optimal
2021-02-09 20:00:00,77,2,0.06657668524509452,0.387037037037037,0.0,0.211,optimal
2021-02-09 20:30:00,77,2,0.0,0.0,0.0,0.08963333333333334,optimal
2021-02-09 21:00:00,77,2,0.0,0.23222222222222222,0.0,0.23863333333333334,optimal
2021-02-09 21:30:00,77,2,0.0,0.1548148148148148,0.0,0.1422,optimal
2021-02-09 22:00:00,77,2,0.0,0.0,0.0,0.22236666666666668,optimal
2021-02-09 22:30:00,77,2,0.0,0.0,0.0,0.3251,optimal
2021-02-09 23:00:00,77,2,0.0,0.0,0.0,0.126,optimal
2021-02-09 23:30:00,77,2,0.0,0.0,0.0,0.22266666666666662,optimal
2021-02-10 00:00:00,77,2,0.0,0.0,0.0,0.10026666666666668,optimal
2021-02-10 00:30:00,77,2,0.0,0.0,0.0,0.08453333333333334,optimal
2021-02-10 01:00:00,77,2,0.8014903186484037,0.0,0.0,0.1718,optimal
2021-02-10 01:30:00,77,2,1.1428571428571428,0.0,0.0,0.1274,optimal
2021-02-10 02:00:00,77,2,1.1428571428571428,0.0,0.0,0.057,optimal
2021-02-10 02:30:00,77,2,1.1428571428571428,0.0,0.0,0.2422,optimal
2021-02-10 03:00:00,77,2,1.1428571428571428,0.0,0.0,0.057,optimal
2021-02-10 03:30:00,77,2,1.1428571428571428,0.0,0.0,0.10026666666666668,optimal
2021-02-10 04:00:00,77,2,1.1428571428571428,0.0,0.0,0.1989333333333333,optimal
2021-02-10 04:30:00,77,2,1.1428571428571428,0.0,0.0,0.08653333333333334,optimal
2021-02-10 05:00:00,77,2,1.1428571428571428,0.0,0.0,0.20906666666666662,optimal
2021-02-10 05:30:00,77,2,1.1428571428571428,2.364022222222222,0.0,0.08193333333333333,optimal
2021-02-10 06:00:00,77,2,1.1428571428571428,0.34523703703703695,0.0,0.14873333333333333,optimal
2021-02-10 06:30:00,77,2,1.1428571428571428,1.006296296296296,9.91806171280482,0.9857666666666668,optimal
2021-02-10 07:00:00,77,2,1.1428571428571428,0.774074074074074,0.0,0.3138,optimal
2021-02-10 07:30:00,77,2,1.1428571428571428,3.600992592592593,0.0,1.0411,optimal
2021-02-10 08:00:00,77,2,0.5691997757825452,3.4430814814814816,0.0,1.3022333333333331,optimal
2021-02-10 08:30:00,77,2,0.6277961390039235,0.0,0.0,0.9275333333333332,optimal
2021-02-10 09:00:00,77,2,0.6638709135693255,0.0774074074074074,0.0,0.192,optimal
2021-02-10 09:30:00,77,2,0.7143625148859423,0.0,0.0,0.07433333333333333,optimal
2021-02-10 10:00:00,77,2,0.6591519684136593,0.0,0.0,0.067,optimal
2021-02-10 10:30:00,77,2,0.6155540027344532,0.0,0.0,0.19713333333333333,optimal
2021-02-10 11:00:00,77,2,0.5584146835943219,0.0,0.0,0.12206666666666666,optimal
2021-02-10 11:30:00,77,2,0.5460985794907287,0.0,0.0,0.1502,optimal
2021-02-10 12:00:00,77,2,0.4431833929658358,0.0,0.0,0.169,optimal
2021-02-10 12:30:00,77,2,0.47084053582297436,0.0,0.0,0.0722,optimal
2021-02-10 13:00:00,77,2,1.1428571428571428,0.0,0.0,0.1762,optimal
2021-02-10 13:30:00,77,2,1.1428571428571428,0.0,0.0,0.12993333333333335,optimal
2021-02-10 14:00:00,77,2,1.1428571428571428,0.46444444444444444,0.0,0.15833333333333335,optimal
2021-02-10 14:30:00,77,2,1.1428571428571428,0.0,0.0,0.3169666666666666,optimal
2021-02-10 15:00:00,77,2,1.1428571428571428,0.0,0.0,0.21730000000000002,optimal
2021-02-10 15:30:00,77,2,1.1428571428571428,0.1548148148148148,0.0,0.1868333333333333,optimal
2021-02-10 16:00:00,77,2,0.0,0.5418518518518518,0.0,0.17913333333333334,optimal
2021-02-10 16:30:00,77,2,0.0,0.23222222222222222,0.0,0.7508666666666667,optimal
2021-02-10 17:00:00,77,2,0.0,0.0,0.0,0.2488333333333333,optimal
2021-02-10 17:30:00,77,2,0.0,0.23222222222222222,0.0,0.14736666666666667,optimal
2021-02-10 18:00:00,77,2,0.0,0.1548148148148148,0.0,0.5159,optimal
2021-02-10 18:30:00,77,2,0.0,0.0774074074074074,0.0,0.48236666666666667,optimal
2021-02-10 19:00:00,77,2,0.0,0.23222222222222222,0.0,0.32993333333333336,optimal
2021-02-10 19:30:00,77,2,0.46662475336782555,0.5418518518518518,0.0,0.38913333333333333,optimal
2021-02-10 20:00:00,77,2,0.7139020345001805,0.0,0.0,0.36673333333333336,optimal
2021-02-10 20:30:00,77,2,0.0,0.0,0.0,0.847,optimal
2021-02-10 21:00:00,77,2,0.0,0.23222222222222222,0.0,0.4539666666666666,optimal
2021-02-10 21:30:00,77,2,0.0,0.0,0.0,0.46326666666666666,optimal
2021-02-10 22:00:00,77,2,0.0,0.0,0.0,0.4064666666666666,optimal
2021-02-10 22:30:00,77,2,0.0,0.46444444444444444,0.0,0.2783333333333333,optimal
2021-02-10 23:00:00,77,2,0.0,0.0,0.0,0.15513333333333332,optimal
2021-02-10 23:30:00,77,2,0.0,0.0,0.0,0.1814,optimal
2021-02-11 00:00:00,77,2,1.1428571428571428,0.0,0.0,0.05,optimal
2021-02-11 00:30:00,77,2,1.1428571428571428,0.0,0.0,0.05,optimal
2021-02-11 01:00:00,77,2,1.1428571428571428,0.0,0.0,0.05,optimal
2021-02-11 01:30:00,77,2,1.1428571428571428,0.0,0.0,0.05,optimal
2021-02-11 02:00:00,77,2,1.1428571428571428,0.0,0.0,0.05,optimal
2021-02-11 02:30:00,77,2,1.1428571428571428,0.0,0.0,0.05,optimal
2021-02-11 03:00:00,77,2,1.1428571428571428,0.0,0.0,0.05,optimal
2021-02-11 03:30:00,77,2,1.1428571428571428,0.0,0.0,0.05,optimal
2021-02-11 04:00:00,77,2,1.1428571428571428,0.0,0.0,0.05,optimal
2021-02-11 04:30:00,77,2,1.1428571428571428,0.0,0.0,0.05,optimal
2021-02-11 05:00:00,77,2,1.1428571428571428,0.0,0.0,0.05,optimal
2021-02-11 05:30:00,77,2,1.1428571428571428,0.0,0.0,0.27063333333333334,optimal
2021-02-11 06:00:00,77,2,1.1428571428571428,0.3096296296296296,0.0,0.048,optimal
2021-02-11 06:30:00,77,2,1.1428571428571428,0.0,5.45474001986318,0.05533333333333334,optimal
2021-02-11 07:00:00,77,2,1.1428571428571428,1.9351851851851851,10.0,0.05333333333333334,optimal
2021-02-11 07:30:00,77,2,1.1428571428571428,1.6654610357078607,0.0,0.048,optimal
2021-02-11 08:00:00,77,2,0.8106115513176863,0.23222222222222222,0.0,0.05536666666666667,optimal
2021-02-11 08:30:00,77,2,0.6874761836635477,0.3096296296296296,0.0,1.6440333333333332,optimal
2021-02-11 09:00:00,77,2,0.5251788494749785,0.0,0.0,2.7646333333333333,optimal
2021-02-11 09:30:00,77,2,0.559925036527554,0.0774074074074074,0.0,1.3914000000000002,optimal
2021-02-11 10:00:00,77,2,0.4372613140601853,0.3096296296296296,0.0,0.45926666666666666,optimal
2021-02-11 10:30:00,77,2,0.4163369863008115,0.0,0.0,0.9539,optimal
2021-02-11 11:00:00,77,2,0.34900837079556213,0.1548148148148148,0.0,1.1675666666666666,optimal
2021-02-11 11:30:00,77,2,0.21638425668525677,0.0,0.0,1.8765333333333334,optimal
2021-02-11 12:00:00,77,2,0.0,0.774074074074074,0.0,1.6062,optimal
2021-02-11 12:30:00,77,2,0.03363412521249705,0.5418518518518518,0.0,0.5925666666666667,optimal
2021-02-11 13:00:00,77,2,1.1428571428571428,0.0,0.0,0.38089999999999996,optimal
2021-02-11 13:30:00,77,2,1.1428571428571428,0.0,0.0,0.4448666666666667,optimal
2021-02-11 14:00:00,77,2,1.1428571428571428,0.0,0.0,0.058,optimal
2021-02-11 14:30:00,77,2,1.1428571428571428,0.0774074074074074,0.0,1.1164,optimal
2021-02-11 15:00:00,77,2,1.1428571428571428,0.0774074074074074,0.0,0.5601333333333334,optimal
2021-02-11 15:30:00,77,2,1.1428571428571428,0.35142962962962954,0.0,0.15930000000000002,optimal
2021-02-11 16:00:00,77,2,0.0,1.1611111111111108,0.0,0.1875,optimal
2021-02-11 16:30:00,77,2,0.0,0.5774592592592593,0.0,0.2501,optimal
2021-02-11 17:00:00,77,2,0.0,0.0,0.0,0.07316666666666667,optimal
2021-02-11 17:30:00,77,2,0.0,0.23222222222222222,0.0,0.1812666666666667,optimal
2021-02-11 18:00:00,77,2,0.0,0.0,0.0,0.086,optimal
2021-02-11 18:30:00,77,2,0.0,0.5418518518518518,0.0,1.063233333333333,optimal
2021-02-11 19:00:00,77,2,0.0,0.23222222222222222,0.0,0.2258,optimal
2021-02-11 19:30:00,77,2,0.6419394767096657,0.6192592592592592,0.0,0.37373333333333336,optimal
2021-02-11 20:00:00,77,2,0.8233807480408719,0.0,0.0,0.36939999999999995,optimal
2021-02-11 20:30:00,77,2,0.0,0.0,0.0,0.48573333333333335,optimal
2021-02-11 21:00:00,77,2,0.0,0.0,0.0,0.47313333333333335,optimal
2021-02-11 21:30:00,77,2,0.0,0.0,0.0,0.4243,optimal
2021-02-11 22:00:00,77,2,0.0,0.0,0.0,0.06,optimal
2021-02-11 22:30:00,77,2,0.0,0.0,0.0,0.06,optimal
2021-02-11 23:00:00,77,2,0.0,0.0,0.0,0.06,optimal
2021-02-11 23:30:00,77,2,0.0,0.0,0.0,0.059333333333333335,optimal
2021-02-12 00:00:00,77,2,1.1428571428571428,0.0,0.0,0.1966,optimal
2021-02-12 00:30:00,77,2,1.1428571428571428,0.0,0.0,0.058,optimal
2021-02-12 01:00:00,77,2,1.1428571428571428,0.0,0.0,0.058,optimal
2021-02-12 01:30:00,77,2,1.1428571428571428,0.0,0.0,0.058,optimal
2021-02-12 02:00:00,77,2,1.1428571428571428,0.0,0.0,0.184,optimal
2021-02-12 02:30:00,77,2,1.1428571428571428,0.0,0.0,0.0706,optimal
2021-02-12 03:00:00,77,2,1.1428571428571428,0.0,0.0,0.058,optimal
2021-02-12 03:30:00,77,2,1.1428571428571428,0.0,0.0,0.1966,optimal
2021-02-12 04:00:00,77,2,1.1428571428571428,0.0,0.0,0.058,optimal
2021-02-12 04:30:00,77,2,1.1428571428571428,0.0,0.0,0.121,optimal
2021-02-12 05:00:00,77,2,1.1428571428571428,0.0,0.0,0.1336,optimal
2021-02-12 05:30:00,77,2,1.1428571428571428,0.0,0.0,0.058,optimal
2021-02-12 06:00:00,77,2,1.1428571428571428,0.0,0.0,0.1598,optimal
2021-02-12 06:30:00,77,2,1.1428571428571428,0.0,5.384747596539946,0.10579999999999999,optimal
2021-02-12 07:00:00,77,2,1.1428571428571428,3.4833333333333325,10.0,0.22119999999999998,optimal
2021-02-12 07:30:00,77,2,1.1428571428571428,13.667522823234176,0.0,0.1426,optimal
2021-02-12 08:00:00,77,2,0.8369457529417783,0.0,0.0,0.2586666666666667,optimal
2021-02-12 08:30:00,77,2,0.9791989135299171,0.0,0.0,0.1625,optimal
2021-02-12 09:00:00,77,2,0.9233231671508562,0.0,0.0,0.11209999999999999,optimal
2021-02-12 09:30:00,77,2,0.8418069721098507,0.0,0.0,0.068,optimal
2021-02-12 10:00:00,77,2,0.5948395103191908,0.0,0.0,0.2066,optimal
2021-02-12 10:30:00,77,2,0.6173274748571858,0.0,0.0,0.068,optimal
2021-02-12 11:00:00,77,2,0.47412907723370523,0.0,0.0,0.1751,optimal
2021-02-12 11:30:00,77,2,0.5626958408001962,0.0,0.0,0.0995,optimal
2021-02-12 12:00:00,77,2,1.1428571428571428,0.0,0.0,0.10579999999999999,optimal
2021-02-12 12:30:00,77,2,1.1428571428571428,0.0,0.0,0.1688,optimal
2021-02-12 13:00:00,77,2,1.1428571428571428,0.0,0.0,0.068,optimal
2021-02-12 13:30:00,77,2,1.1428571428571428,0.0,0.0,0.068,optimal
2021-02-12 14:00:00,77,2,1.1428571428571428,0.0,0.0,0.2066,optimal
2021-02-12 14:30:00,77,2,1.1428571428571428,0.0,0.0,0.068,optimal
2021-02-12 15:00:00,77,2,1.1428571428571428,0.0,0.0,0.068,optimal
2021-02-12 15:30:00,77,2,1.1428571428571428,0.0,0.0,0.1814,optimal
2021-02-12 16:00:00,77,2,0.0,0.0,0.0,0.0932,optimal
2021-02-12 16:30:00,77,2,0.0,0.0,0.0,0.13386666666666666,optimal
2021-02-12 17:00:00,77,2,0.0,0.23222222222222222,0.0,0.1626,optimal
2021-02-12 17:30:00,77,2,0.0,0.23222222222222222,0.0,0.08356666666666666,optimal
2021-02-12 18:00:00,77,2,0.0,0.5418518518518518,0.0,0.0705,optimal
2021-02-12 18:30:00,77,2,0.0,0.23222222222222222,0.0,0.12440000000000001,optimal
2021-02-12 19:00:00,77,2,0.0,0.387037037037037,0.0,0.1617333333333333,optimal
2021-02-12 19:30:00,77,2,0.5729233323715155,0.0774074074074074,0.0,0.16413333333333333,optimal
2021-02-12 20:00:00,77,2,0.6639537221893997,0.23222222222222222,0.0,0.3454333333333333,optimal
2021-02-12 20:30:00,77,2,0.0,1.6255555555555554,0.0,0.4149,optimal
2021-02-12 21:00:00,77,2,0.0,0.3096296296296296,0.0,0.2682,optimal
2021-02-12 21:30:00,77,2,0.0,0.23222222222222222,0.0,0.13933333333333334,optimal
2021-02-12 22:00:00,77,2,0.0,0.0774074074074074,0.0,0.2971666666666667,optimal
2021-02-12 22:30:00,77,2,0.0,0.0,0.0,0.1982,optimal
2021-02-12 23:00:00,77,2,0.0,0.0,0.0,0.2874,optimal
2021-02-12 23:30:00,77,2,0.0,0.0,0.0,1.1868333333333332,optimal
2021-02-13 00:00:00,77,2,0.0,0.0,0.0,0.057,optimal
2021-02-13 00:30:00,77,2,0.07620504387435481,0.0,0.0,0.2194,optimal
2021-02-13 01:00:00,77,2,1.1428571428571428,0.0,0.0,0.11406666666666666,optimal
2021-02-13 01:30:00,77,2,1.1428571428571428,0.0,0.0,0.057,optimal
2021-02-13 02:00:00,77,2,1.1428571428571428,0.0,0.0,0.165,optimal
2021-02-13 02:30:00,77,2,1.1428571428571428,0.0,0.0,0.16846666666666668,optimal
2021-02-13 03:00:00,77,2,1.1428571428571428,0.0,0.0,0.057,optimal
2021-02-13 03:30:00,77,2,1.1428571428571428,0.0,0.0,0.23086666666666666,optimal
2021-02-13 04:00:00,77,2,1.1428571428571428,0.0,0.0,0.1026,optimal
2021-02-13 04:30:00,77,2,1.1428571428571428,0.0,0.0,0.165,optimal
2021-02-13 05:00:00,77,2,1.1428571428571428,0.0,0.0,0.0874,optimal
2021-02-13 05:30:00,77,2,1.1428571428571428,0.387037037037037,0.0,0.3872,optimal
2021-02-13 06:00:00,77,2,1.1428571428571428,0.0,0.0,0.175,optimal
2021-02-13 06:30:00,77,2,1.1428571428571428,0.1548148148148148,7.245402919903445,0.07786666666666665,optimal
2021-02-13 07:00:00,77,2,1.1428571428571428,0.387037037037037,10.0,0.1844,optimal
2021-02-13 07:30:00,77,2,1.1428571428571428,0.0,0.0,0.16313333333333332,optimal
2021-02-13 08:00:00,77,2,0.8355783884471323,0.1548148148148148,0.0,0.17846666666666666,optimal
2021-02-13 08:30:00,77,2,0.782144145919142,2.3222222222222215,0.0,0.16766666666666666,optimal
2021-02-13 09:00:00,77,2,0.6631152551679417,0.23222222222222222,0.0,0.2959333333333333,optimal
2021-02-13 09:30:00,77,2,0.6505440425280027,0.0,0.0,0.3611666666666667,optimal
2021-02-13 10:00:00,77,2,0.5666055808869644,0.0,0.0,0.3913333333333333,optimal
2021-02-13 10:30:00,77,2,0.701038005025639,0.0,0.0,0.057,optimal
2021-02-13 11:00:00,77,2,0.5336525612893118,0.0,0.0,0.21566666666666662,optimal
2021-02-13 11:30:00,77,2,0.5328087949518054,0.23222222222222222,0.0,0.17046666666666666,optimal
2021-02-13 12:00:00,77,2,1.112321270057164,0.0,0.0,0.3398,optimal
2021-02-13 12:30:00,77,2,1.1428571428571428,0.0774074074074074,0.0,0.4073333333333333,optimal
2021-02-13 13:00:00,77,2,1.1428571428571428,0.0,0.0,0.28913333333333335,optimal
2021-02-13 13:30:00,77,2,1.1428571428571428,0.23222222222222222,0.0,0.3409333333333333,optimal
2021-02-13 14:00:00,77,2,1.1428571428571428,0.0,0.0,0.1668,optimal
2021-02-13 14:30:00,77,2,1.1428571428571428,0.0,0.0,0.094,optimal
2021-02-13 15:00:00,77,2,1.1428571428571428,0.0,0.0,0.17333333333333334,optimal
2021-02-13 15:30:00,77,2,1.1428571428571428,0.0,0.0,0.15313333333333332,optimal
2021-02-13 16:00:00,77,2,0.0,0.0,0.0,0.175,optimal
2021-02-13 16:30:00,77,2,0.0,0.46444444444444444,0.0,0.4714,optimal
2021-02-13 17:00:00,77,2,0.0,0.0,0.0,0.12496666666666668,optimal
2021-02-13 17:30:00,77,2,0.0,0.0,0.0,0.28646666666666665,optimal
2021-02-13 18:00:00,77,2,0.0,0.0,0.0,0.2518,optimal
2021-02-13 18:30:00,77,2,0.0,0.23222222222222222,0.0,0.21366666666666662,optimal
2021-02-13 19:00:00,77,2,0.0,0.0,0.0,0.3644,optimal
2021-02-13 19:30:00,77,2,0.5717519038000839,0.1548148148148148,0.0,0.6394,optimal
2021-02-13 20:00:00,77,2,0.683294674570346,0.3096296296296296,0.0,0.2764,optimal
2021-02-13 20:30:00,77,2,0.0,0.0774074074074074,0.0,0.30086666666666667,optimal
2021-02-13 21:00:00,77,2,0.0,0.0,0.0,0.5271333333333333,optimal
2021-02-13 21:30:00,77,2,0.0,0.0,0.0,0.13816666666666666,optimal
2021-02-13 22:00:00,77,2,0.0,0.0,0.0,1.6689333333333334,optimal
2021-02-13 22:30:00,77,2,0.0,0.0,0.0,0.4052,optimal
2021-02-13 23:00:00,77,2,0.0,0.1548148148148148,0.0,0.29506666666666664,optimal
2021-02-13 23:30:00,77,2,0.0,0.0,0.0,0.3704666666666666,optimal
2021-02-07 00:00:00,78,2,0.0,0.0,0.0,0.063,optimal
2021-02-07 00:30:00,78,2,0.0,0.0,0.0,0.063,optimal
2021-02-07 01:00:00,78,2,0.0,0.0,0.0,0.063,optimal
2021-02-07 01:30:00,78,2,0.0,0.0,0.0,0.1575,optimal
2021-02-07 02:00:00,78,2,0.0,0.0,0.0,0.1071,optimal
2021-02-07 02:30:00,78,2,0.0,0.0,0.0,0.063,optimal
2021-02-07 03:00:00,78,2,0.0,0.0,0.0,0.2016,optimal
2021-02-07 03:30:00,78,2,0.0,0.0,0.0,0.063,optimal
2021-02-07 04:00:00,78,2,1.1428571428571428,0.0,0.0,0.1512,optimal
2021-02-07 04:30:00,78,2,1.1428571428571428,0.0,0.0,0.1134,optimal
2021-02-07 05:00:00,78,2,1.1428571428571428,0.0,0.0,0.0819,optimal
2021-02-07 05:30:00,78,2,1.1428571428571428,0.0,0.0,0.1827,optimal
2021-02-07 06:00:00,78,2,1.1428571428571428,0.0,0.0,0.063,optimal
2021-02-07 06:30:00,78,2,1.1428571428571428,0.0,0.0,0.1701,optimal
2021-02-07 07:00:00,78,2,1.1428571428571428,0.0,0.0,0.10216666666666668,optimal
2021-02-07 07:30:00,78,2,0.0,0.8514814814814814,0.0,0.21906666666666663,optimal
2021-02-07 08:00:00,78,2,0.08319386287414395,0.0,0.0,0.6506000000000001,optimal
2021-02-07 08:30:00,78,2,0.4864735880656895,0.387037037037037,0.0,1.6248333333333334,optimal
2021-02-07 09:00:00,78,2,0.6948692803350266,0.0,0.0,0.063,optimal
2021-02-07 09:30:00,78,2,0.5098921806641906,0.0,0.0,0.35660000000000003,optimal
2021-02-07 10:00:00,78,2,0.46152152783449985,0.8514814814814814,0.0,0.5720333333333333,optimal
2021-02-07 10:30:00,78,2,0.20060334622380943,0.23222222222222222,0.0,4.278766666666667,optimal
2021-02-07 11:00:00,78,2,0.25224715028590394,0.0,0.0,2.701233333333333,optimal
2021-02-07 11:30:00,78,2,0.17326238838113778,0.0774074074074074,0.0,1.6080999999999999,optimal
2021-02-07 12:00:00,78,2,0.3971645167373473,0.23222222222222222,0.0,0.42806666666666665,optimal
2021-02-07 12:30:00,78,2,0.4361454691182964,0.0,0.0,0.38563333333333333,optimal
2021-02-07 13:00:00,78,2,0.5373941583219843,0.0,0.0,0.33089999999999997,optimal
2021-02-07 13:30:00,78,2,1.1428571428571428,0.1548148148148148,2.791604778735626,0.5172,optimal
2021-02-07 14:00:00,78,2,1.1428571428571428,0.0,0.0,0.32789999999999997,optimal
2021-02-07 14:30:00,78,2,1.1428571428571428,0.0,0.0,0.1928,optimal
2021-02-07 15:00:00,78,2,1.1428571428571428,0.0,0.0,0.4198,optimal
2021-02-07 15:30:00,78,2,1.1428571428571428,0.0,0.0,1.5890333333333333,optimal
2021-02-07 16:00:00,78,2,0.0,0.5418518518518518,0.0,0.3678,optimal
2021-02-07 16:30:00,78,2,0.0,0.387037037037037,0.0,0.3039,optimal
2021-02-07 17:00:00,78,2,0.0,0.46444444444444444,0.0,1.7934,optimal
2021-02-07 17:30:00,78,2,0.0,0.3096296296296296,0.0,4.147266666666666,optimal
2021-02-07 18:00:00,78,2,0.0,0.23222222222222222,0.0,3.4194666666666667,optimal
2021-02-07 18:30:00,78,2,0.0,0.387037037037037,0.0,0.9724666666666668,optimal
2021-02-07 19:00:00,78,2,0.0,0.0,0.0,0.5123333333333334,optimal
2021-02-07 19:30:00,78,2,0.0,0.0,0.0,0.5881666666666666,optimal
2021-02-07 20:00:00,78,2,0.0,0.0774074074074074,0.0,0.5364666666666666,optimal
2021-02-07 20:30:00,78,2,0.0,5.805555555555555,0.0,0.2576,optimal
2021-02-07 21:00:00,78,2,0.0,0.3096296296296296,0.0,0.23106666666666664,optimal
2021-02-07 21:30:00,78,2,0.0,0.0,0.0,0.2066,optimal
2021-02-07 22:00:00,78,2,0.0,0.5418518518518518,0.0,0.214,optimal
2021-02-07 22:30:00,78,2,0.0,2.39962962962963,0.0,0.1057,optimal
2021-02-07 23:00:00,78,2,0.0,0.0,0.0,0.42633333333333334,optimal
2021-02-07 23:30:00,78,2,0.0,3.096296296296296,0.0,0.6215,optimal
2021-02-08 00:00:00,78,2,0.0,0.0,0.0,0.064,optimal
2021-02-08 00:30:00,78,2,0.0,0.0,0.0,0.064,optimal
2021-02-08 01:00:00,78,2,0.0,0.0,0.0,0.064,optimal
2021-02-08 01:30:00,78,2,0.3286962748822658,0.0,0.0,0.064,optimal
2021-02-08 02:00:00,78,2,1.1428571428571428,0.0,0.0,0.064,optimal
2021-02-08 02:30:00,78,2,1.1428571428571428,0.0,0.0,0.064,optimal
2021-02-08 03:00:00,78,2,1.1428571428571428,0.0,0.0,0.064,optimal
2021-02-08 03:30:00,78,2,1.1428571428571428,0.0,0.0,0.064,optimal
2021-02-08 04:00:00,78,2,1.1428571428571428,0.0,0.0,0.064,optimal
2021-02-08 04:30:00,78,2,1.1428571428571428,0.0,0.0,0.064,optimal
2021-02-08 05:00:00,78,2,1.1428571428571428,0.0,0.0,0.064,optimal
2021-02-08 05:30:00,78,2,1.1428571428571428,0.0,0.0,0.064,optimal
2021-02-08 06:00:00,78,2,1.1428571428571428,1.2385185185185184,0.0,0.32913333333333333,optimal
2021-02-08 06:30:00,78,2,1.1428571428571428,0.1548148148148148,3.833959904400397,1.1403666666666665,optimal
2021-02-08 07:00:00,78,2,1.1428571428571428,0.387037037037037,10.0,1.3049333333333335,optimal
2021-02-08 07:30:00,78,2,1.1428571428571428,0.0,0.0,0.074,optimal
2021-02-08 08:00:00,78,2,0.8056102527820911,0.0,0.0,0.074,optimal
2021-02-08 08:30:00,78,2,0.8098882616475888,0.0,0.0,0.074,optimal
2021-02-08 09:00:00,78,2,0.7586509436750123,0.0,0.0,0.074,optimal
2021-02-08 09:30:00,78,2,0.7522339303767597,0.0,0.0,0.074,optimal
2021-02-08 10:00:00,78,2,0.6581027006743533,0.0,0.0,0.074,optimal
2021-02-08 10:30:00,78,2,0.6645197139726059,0.0,0.0,0.074,optimal
2021-02-08 11:00:00,78,2,0.5676782193520377,0.0,0.0,0.074,optimal
2021-02-08 11:30:00,78,2,0.5634002104865399,0.0,0.0,0.074,optimal
2021-02-08 12:00:00,78,2,1.0610021716791773,0.0,0.0,0.074,optimal
2021-02-08 12:30:00,78,2,1.1428571428571428,0.0,0.0,0.074,optimal
2021-02-08 13:00:00,78,2,1.1428571428571428,0.0,0.0,0.074,optimal
2021-02-08 13:30:00,78,2,1.1428571428571428,0.0,0.0,0.074,optimal
2021-02-08 14:00:00,78,2,1.1428571428571428,0.0,0.0,0.074,optimal
2021-02-08 14:30:00,78,2,1.1428571428571428,0.0,0.0,0.074,optimal
2021-02-08 15:00:00,78,2,1.1428571428571428,0.0,0.0,0.074,optimal
2021-02-08 15:30:00,78,2,1.1428571428571428,0.0,0.0,0.074,optimal
2021-02-08 16:00:00,78,2,0.0,0.0,0.0,0.074,optimal
2021-02-08 16:30:00,78,2,0.0,0.0,0.0,0.074,optimal
2021-02-08 17:00:00,78,2,0.0,0.3096296296296296,0.0,0.16733333333333333,optimal
2021-02-08 17:30:00,78,2,0.0,0.0,0.0,1.5932,optimal
2021-02-08 18:00:00,78,2,0.0,0.23222222222222222,0.0,1.3292666666666668,optimal
2021-02-08 18:30:00,78,2,0.0,0.9288888888888889,0.0,1.1614,optimal
2021-02-08 19:00:00,78,2,0.0,0.23222222222222222,0.0,0.3463,optimal
2021-02-08 19:30:00,78,2,0.5421754951100068,0.0,0.0,1.0410333333333333,optimal
2021-02-08 20:00:00,78,2,0.5325620322177749,0.23222222222222222,0.0,1.4963666666666666,optimal
2021-02-08 20:30:00,78,2,0.0,0.0,0.0,0.8239,optimal
2021-02-08 21:00:00,78,2,0.0,0.0,0.0,1.4494666666666667,optimal
2021-02-08 21:30:00,78,2,0.0,0.387037037037037,0.0,2.8262666666666667,optimal
2021-02-08 22:00:00,78,2,0.0,0.0,0.0,0.19776666666666667,optimal
2021-02-08 22:30:00,78,2,0.0,0.0,0.0,0.074,optimal
2021-02-08 23:00:00,78,2,0.0,0.0,0.0,0.074,optimal
2021-02-08 23:30:00,78,2,0.0,0.0,0.0,0.07333333333333333,optimal
2021-02-09 00:00:00,78,2,0.0,0.0,0.0,0.053,optimal
2021-02-09 00:30:00,78,2,0.0,0.0,0.0,0.053,optimal
2021-02-09 01:00:00,78,2,0.15465951934472671,0.0,0.0,0.191,optimal
2021-02-09 01:30:00,78,2,1.1428571428571428,0.0,0.0,0.0668,optimal
2021-02-09 02:00:00,78,2,1.1428571428571428,0.0,0.0,0.053,optimal
2021-02-09 02:30:00,78,2,1.1428571428571428,0.0,0.0,0.053,optimal
2021-02-09 03:00:00,78,2,1.1428571428571428,0.0,0.0,0.053,optimal
2021-02-09 03:30:00,78,2,1.1428571428571428,0.0,0.0,0.1703,optimal
2021-02-09 04:00:00,78,2,1.1428571428571428,0.0,0.0,0.0875,optimal
2021-02-09 04:30:00,78,2,1.1428571428571428,0.0,0.0,0.0737,optimal
2021-02-09 05:00:00,78,2,1.1428571428571428,0.1548148148148148,0.0,0.1834333333333333,optimal
2021-02-09 05:30:00,78,2,1.1428571428571428,6.115185185185185,0.0,0.05266666666666666,optimal
2021-02-09 06:00:00,78,2,1.1428571428571428,0.1548148148148148,0.0,0.6076,optimal
2021-02-09 06:30:00,78,2,1.1428571428571428,6.734444444444445,6.343374280037459,0.0886,optimal
2021-02-09 07:00:00,78,2,1.1428571428571428,0.3096296296296296,0.0,0.13273333333333331,optimal
2021-02-09 07:30:00,78,2,1.1428571428571428,0.0,0.0,0.063,optimal
2021-02-09 08:00:00,78,2,0.803769475428731,0.0,0.0,0.21480000000000002,optimal
2021-02-09 08:30:00,78,2,0.8407238907019081,0.0,0.0,0.063,optimal
2021-02-09 09:00:00,78,2,0.7588280803491997,0.0,0.0,0.1251,optimal
2021-02-09 09:30:00,78,2,0.7381083394669855,0.0,0.0,0.1527,optimal
2021-02-09 10:00:00,78,2,0.6520856025272893,0.0,0.0,0.063,optimal
2021-02-09 10:30:00,78,2,0.641390580363539,0.0,0.0,0.063,optimal
2021-02-09 11:00:00,78,2,0.4951686870771625,0.0,0.0,0.21480000000000002,optimal
2021-02-09 11:30:00,78,2,0.5364011112158373,0.0,0.0,0.063,optimal
2021-02-09 12:00:00,78,2,0.4698643276509231,0.0,0.0,0.063,optimal
2021-02-09 12:30:00,78,2,1.127635724888298,0.0,0.0,0.063,optimal
2021-02-09 13:00:00,78,2,1.1428571428571428,0.0,0.0,0.21480000000000002,optimal
2021-02-09 13:30:00,78,2,1.1428571428571428,0.0,0.0,0.063,optimal
2021-02-09 14:00:00,78,2,1.1428571428571428,0.0,0.0,0.201,optimal
2021-02-09 14:30:00,78,2,1.1428571428571428,0.0,0.0,0.0768,optimal
2021-02-09 15:00:00,78,2,1.1428571428571428,0.0,0.0,0.1044,optimal
2021-02-09 15:30:00,78,2,1.1428571428571428,0.0,0.0,0.1734,optimal
2021-02-09 16:00:00,78,2,0.0,0.0,0.0,0.063,optimal
2021-02-09 16:30:00,78,2,0.0,0.0,0.0,0.18030000000000002,optimal
2021-02-09 17:00:00,78,2,0.0,0.46444444444444444,0.0,0.25403333333333333,optimal
2021-02-09 17:30:00,78,2,0.0,0.1548148148148148,0.0,0.19073333333333328,optimal
2021-02-09 18:00:00,78,2,0.0,0.1548148148148148,0.0,0.4397,optimal
2021-02-09 18:30:00,78,2,0.0,0.0,0.0,0.3345,optimal
2021-02-09 19:00:00,78,2,0.0,0.1548148148148148,0.0,1.5177,optimal
2021-02-09 19:30:00,78,2,0.5375586545569468,0.3096296296296296,0.0,0.5075,optimal
2021-02-09 20:00:00,78,2,0.6016634164617123,0.23222222222222222,0.0,0.3338,optimal
2021-02-09 20:30:00,78,2,0.0,0.23222222222222222,0.0,0.37373333333333336,optimal
2021-02-09 21:00:00,78,2,0.0,0.0,0.0,0.3476666666666667,optimal
2021-02-09 21:30:00,78,2,0.0,2.8640740740740736,0.0,0.09386666666666665,optimal
2021-02-09 22:00:00,78,2,0.0,0.0,0.0,0.1665,optimal
2021-02-09 22:30:00,78,2,0.0,0.0,0.0,0.1113,optimal
2021-02-09 23:00:00,78,2,0.0,0.0,0.0,0.063,optimal
2021-02-09 23:30:00,78,2,0.0,0.0,0.0,0.17306666666666667,optimal
2021-02-10 00:00:00,78,2,0.0,0.0,0.0,0.053,optimal
2021-02-10 00:30:00,78,2,0.2746414664965334,0.0,0.0,0.061666666666666654,optimal
2021-02-10 01:00:00,78,2,1.1428571428571428,0.0,0.0,0.1444,optimal
2021-02-10 01:30:00,78,2,1.1428571428571428,0.0,0.0,0.053,optimal
2021-02-10 02:00:00,78,2,1.1428571428571428,0.0,0.0,0.14073333333333332,optimal
2021-02-10 02:30:00,78,2,1.1428571428571428,0.0,0.0,0.053,optimal
2021-02-10 03:00:00,78,2,1.1428571428571428,0.0,0.0,0.053,optimal
2021-02-10 03:30:00,78,2,1.1428571428571428,0.0,0.0,0.14073333333333332,optimal
2021-02-10 04:00:00,78,2,1.1428571428571428,0.0,0.0,0.053,optimal
2021-02-10 04:30:00,78,2,1.1428571428571428,0.0,0.0,0.053,optimal
2021-02-10 05:00:00,78,2,1.1428571428571428,0.0,0.0,0.14073333333333332,optimal
2021-02-10 05:30:00,78,2,1.1428571428571428,0.0,0.0,0.053,optimal
2021-02-10 06:00:00,78,2,1.1428571428571428,0.0,0.0,0.061666666666666654,optimal
2021-02-10 06:30:00,78,2,1.1428571428571428,0.0,0.0,0.15073333333333333,optimal
2021-02-10 07:00:00,78,2,1.1428571428571428,0.0,9.865181337741488,0.058333333333333334,optimal
2021-02-10 07:30:00,78,2,1.1428571428571428,0.0,0.0,0.6771,optimal
2021-02-10 08:00:00,78,2,0.5951292995920586,0.387037037037037,0.0,1.1172,optimal
2021-02-10 08:30:00,78,2,0.6193332818610612,0.5418518518518518,0.0,1.6591,optimal
2021-02-10 09:00:00,78,2,0.6119851992836108,0.3096296296296296,0.0,0.3635,optimal
2021-02-10 09:30:00,78,2,0.6511834672669039,0.0,0.0,0.2958,optimal
2021-02-10 10:00:00,78,2,0.5302795874612668,0.0,0.0,0.3028333333333333,optimal
2021-02-10 10:30:00,78,2,0.5232911455915892,0.0,0.0,0.4098333333333333,optimal
2021-02-10 11:00:00,78,2,0.4678432550228918,0.0774074074074074,0.0,0.2077,optimal
2021-02-10 11:30:00,78,2,0.4295366747288235,0.0,0.0,0.30946666666666667,optimal
2021-02-10 12:00:00,78,2,0.2964786310610697,0.0,0.0,0.44176666666666664,optimal
2021-02-10 12:30:00,78,2,0.36588815487059817,0.23222222222222222,0.0,0.21616666666666662,optimal
2021-02-10 13:00:00,78,2,1.1428571428571428,0.0,0.0,0.2454333333333333,optimal
2021-02-10 13:30:00,78,2,1.1428571428571428,0.23222222222222222,0.0,0.32913333333333333,optimal
2021-02-10 14:00:00,78,2,1.1428571428571428,0.0,0.0,0.3224666666666666,optimal
2021-02-10 14:30:00,78,2,1.1428571428571428,0.0,0.0,0.31089999999999995,optimal
2021-02-10 15:00:00,78,2,1.1428571428571428,0.0,0.0,0.5175333333333333,optimal
2021-02-10 15:30:00,78,2,1.1428571428571428,0.0,0.0,0.3261,optimal
2021-02-10 16:00:00,78,2,0.0,0.0,0.0,0.2978,optimal
2021-02-10 16:30:00,78,2,0.0,0.0,0.0,0.2503333333333333,optimal
2021-02-10 17:00:00,78,2,0.0,0.387037037037037,0.0,0.7364666666666667,optimal
2021-02-10 17:30:00,78,2,0.0,0.1548148148148148,0.0,0.3106666666666667,optimal
2021-02-10 18:00:00,78,2,0.0,0.3096296296296296,0.0,0.27813333333333334,optimal
2021-02-10 18:30:00,78,2,0.0,0.1548148148148148,0.0,0.3185,optimal
2021-02-10 19:00:00,78,2,0.0,0.0,0.0,0.27443333333333336,optimal
2021-02-10 19:30:00,78,2,0.0,0.23222222222222222,0.0,0.2844,optimal
2021-02-10 20:00:00,78,2,0.22217188015132275,0.0,0.0,0.5028333333333334,optimal
2021-02-10 20:30:00,78,2,0.0,0.23222222222222222,0.0,0.3202,optimal
2021-02-10 21:00:00,78,2,0.0,0.23222222222222222,0.0,0.2996666666666667,optimal
2021-02-10 21:30:00,78,2,0.0,0.0,0.0,0.3085333333333334,optimal
2021-02-10 22:00:00,78,2,0.0,0.3096296296296296,0.0,0.36410000000000003,optimal
2021-02-10 22:30:00,78,2,0.0,0.0,0.0,0.46166666666666667,optimal
2021-02-10 23:00:00,78,2,0.0,0.0,0.0,0.16873333333333332,optimal
2021-02-10 23:30:00,78,2,0.0,0.0,0.0,0.053,optimal
2021-02-11 00:00:00,78,2,1.1428571428571428,0.0,0.0,0.048,optimal
2021-02-11 00:30:00,78,2,1.1428571428571428,0.0,0.0,0.11696666666666668,optimal
2021-02-11 01:00:00,78,2,1.1428571428571428,0.0,0.0,0.1047,optimal
2021-02-11 01:30:00,78,2,1.1428571428571428,0.0,0.0,0.054299999999999994,optimal
2021-02-11 02:00:00,78,2,1.1428571428571428,0.0,0.0,0.2327,optimal
2021-02-11 02:30:00,78,2,1.1428571428571428,0.0,0.0,0.093,optimal
2021-02-11 03:00:00,78,2,1.1428571428571428,0.0,0.0,0.179,optimal
2021-02-11 03:30:00,78,2,1.1428571428571428,0.0,0.0,0.153,optimal
2021-02-11 04:00:00,78,2,1.1428571428571428,0.0,0.0,0.174,optimal
2021-02-11 04:30:00,78,2,1.1428571428571428,0.0,0.0,0.128,optimal
2021-02-11 05:00:00,78,2,1.1428571428571428,0.0,0.0,0.078,optimal
2021-02-11 05:30:00,78,2,1.1428571428571428,0.0,0.0,0.156,optimal
2021-02-11 06:00:00,78,2,1.1428571428571428,0.0,0.0,0.196,optimal
2021-02-11 06:30:00,78,2,1.1428571428571428,0.0,0.0,0.058,optimal
2021-02-11 07:00:00,78,2,1.1428571428571428,0.0,5.055328794153022,0.19490000000000002,optimal
2021-02-11 07:30:00,78,2,1.1428571428571428,1.251879784338161,0.0,0.15936666666666668,optimal
2021-02-11 08:00:00,78,2,0.8213544084605445,2.4770370370370367,0.0,0.1865,optimal
2021-02-11 08:30:00,78,2,0.7432857074730806,0.3096296296296296,0.0,0.3507333333333333,optimal
2021-02-11 09:00:00,78,2,0.6973598018559216,0.0,0.0,0.1005,optimal
2021-02-11 09:30:00,78,2,0.5782107508132759,0.0774074074074074,0.0,0.20133333333333328,optimal
2021-02-11 10:00:00,78,2,0.2952994092982844,0.5418518518518518,0.0,0.2840666666666667,optimal
2021-02-11 10:30:00,78,2,0.38658651011033723,0.0,0.0,0.196,optimal
2021-02-11 11:00:00,78,2,0.22891313270031993,0.1548148148148148,0.0,1.4530999999999998,optimal
2021-02-11 11:30:00,78,2,0.21206806620907584,0.0,0.0,1.153,optimal
2021-02-11 12:00:00,78,2,0.16907436651670452,0.0,0.0,1.3235999999999999,optimal
2021-02-11 12:30:00,78,2,0.29091302317666956,0.387037037037037,0.0,0.38180000000000003,optimal
2021-02-11 13:00:00,78,2,1.1428571428571428,0.23222222222222222,0.0,0.46366666666666667,optimal
2021-02-11 13:30:00,78,2,1.1428571428571428,0.6966666666666667,0.0,0.1321,optimal
2021-02-11 14:00:00,78,2,1.1428571428571428,0.1548148148148148,0.0,0.1699,optimal
2021-02-11 14:30:00,78,2,1.1428571428571428,0.0,0.0,0.07473333333333333,optimal
2021-02-11 15:00:00,78,2,1.1428571428571428,0.0774074074074074,0.0,0.508,optimal
2021-02-11 15:30:00,78,2,1.1428571428571428,0.0774074074074074,0.0,0.09783333333333331,optimal
2021-02-11 16:00:00,78,2,0.0,0.0,0.0,0.18,optimal
2021-02-11 16:30:00,78,2,0.0,0.387037037037037,0.0,0.08963333333333334,optimal
2021-02-11 17:00:00,78,2,0.0,0.1548148148148148,0.0,0.17880000000000001,optimal
2021-02-11 17:30:00,78,2,0.0,0.0774074074074074,0.0,0.7106,optimal
2021-02-11 18:00:00,78,2,0.0,0.23222222222222222,0.0,0.8224,optimal
2021-02-11 18:30:00,78,2,0.0,0.1548148148148148,0.0,0.1256,optimal
2021-02-11 19:00:00,78,2,0.0,0.0,0.0,0.1509,optimal
2021-02-11 19:30:00,78,2,0.5315049470083716,0.46444444444444444,0.0,0.3992,optimal
2021-02-11 20:00:00,78,2,0.9307712242313466,0.387037037037037,0.0,0.211,optimal
2021-02-11 20:30:00,78,2,0.0,0.0,0.0,0.08963333333333334,optimal
2021-02-11 21:00:00,78,2,0.0,0.23222222222222222,0.0,0.23863333333333334,optimal
2021-02-11 21:30:00,78,2,0.0,0.1548148148148148,0.0,0.1422,optimal
2021-02-11 22:00:00,78,2,0.0,0.0,0.0,0.22236666666666668,optimal
2021-02-11 22:30:00,78,2,0.0,0.0,0.0,0.3251,optimal
2021-02-11 23:00:00,78,2,0.0,0.0,0.0,0.126,optimal
2021-02-11 23:30:00,78,2,0.0,0.0,0.0,0.22266666666666662,optimal
2021-02-12 00:00:00,78,2,1.1428571428571428,0.0,0.0,0.12713333333333335,optimal
2021-02-12 00:30:00,78,2,1.1428571428571428,0.0774074074074074,0.0,0.24086666666666667,optimal
2021-02-12 01:00:00,78,2,1.1428571428571428,0.0,0.0,0.0708,optimal
2021-02-12 01:30:00,78,2,1.1428571428571428,0.0,0.0,0.175,optimal
2021-02-12 02:00:00,78,2,1.1428571428571428,0.0,0.0,0.13493333333333335,optimal
2021-02-12 02:30:00,78,2,1.1428571428571428,0.0,0.0,0.30910000000000004,optimal
2021-02-12 03:00:00,78,2,1.1428571428571428,0.0,0.0,0.0747,optimal
2021-02-12 03:30:00,78,2,1.1428571428571428,0.0,0.0,0.1832333333333333,optimal
2021-02-12 04:00:00,78,2,1.1428571428571428,0.0,0.0,0.1605,optimal
2021-02-12 04:30:00,78,2,1.1428571428571428,0.0,0.0,0.2251,optimal
2021-02-12 05:00:00,78,2,1.1428571428571428,0.0,0.0,0.08483333333333333,optimal
2021-02-12 05:30:00,78,2,1.1428571428571428,0.0,0.0,0.1467,optimal
2021-02-12 06:00:00,78,2,1.1428571428571428,0.0,0.0,0.1525,optimal
2021-02-12 06:30:00,78,2,1.1428571428571428,0.0,0.0,0.2364333333333333,optimal
2021-02-12 07:00:00,78,2,1.1428571428571428,0.0,8.654867297503811,0.2119,optimal
2021-02-12 07:30:00,78,2,1.1428571428571428,7.736618561753097,0.0,0.26293333333333335,optimal
2021-02-12 08:00:00,78,2,0.9020048005608281,0.0,0.0,0.10993333333333334,optimal
2021-02-12 08:30:00,78,2,0.7234655801965821,0.1548148148148148,0.0,1.417733333333333,optimal
2021-02-12 09:00:00,78,2,0.7962184052460908,0.0,0.0,0.16666666666666666,optimal
2021-02-12 09:30:00,78,2,0.792197448300333,0.0,0.0,0.12533333333333332,optimal
2021-02-12 10:00:00,78,2,0.5786395103191829,0.0,0.0,0.264,optimal
2021-02-12 10:30:00,78,2,0.5916036653333749,0.0,0.0,0.1587333333333333,optimal
2021-02-12 11:00:00,78,2,0.4715005058051237,0.0,0.0,0.185,optimal
2021-02-12 11:30:00,78,2,0.45334245375332877,0.0,0.0,0.24106666666666662,optimal
2021-02-12 12:00:00,78,2,0.41578792585849905,0.0,0.0,0.24066666666666664,optimal
2021-02-12 12:30:00,78,2,0.6438434762494356,0.0,0.0,0.21880000000000002,optimal
2021-02-12 13:00:00,78,2,1.1428571428571428,0.0,0.0,0.2039333333333333,optimal
2021-02-12 13:30:00,78,2,1.1428571428571428,0.0,0.0,0.3665333333333334,optimal
2021-02-12 14:00:00,78,2,1.1428571428571428,0.0,0.0,1.3647,optimal
2021-02-12 14:30:00,78,2,1.1428571428571428,0.0,0.0,0.22813333333333333,optimal
2021-02-12 15:00:00,78,2,1.1428571428571428,0.0,0.0,0.33676666666666666,optimal
2021-02-12 15:30:00,78,2,1.1428571428571428,0.23222222222222222,0.0,0.22763333333333333,optimal
2021-02-12 16:00:00,78,2,0.0,0.46444444444444444,0.0,0.2566333333333333,optimal
2021-02-12 16:30:00,78,2,0.0,0.0,0.0,0.4245,optimal
2021-02-12 17:00:00,78,2,0.0,0.387037037037037,0.0,0.18030000000000002,optimal
2021-02-12 17:30:00,78,2,0.0,0.1548148148148148,0.0,0.12976666666666667,optimal
2021-02-12 18:00:00,78,2,0.0,0.0,0.0,0.12686666666666666,optimal
2021-02-12 18:30:00,78,2,0.0,0.0,0.0,0.2522,optimal
2021-02-12 19:00:00,78,2,0.0,0.0,0.0,0.067,optimal
2021-02-12 19:30:00,78,2,0.8043042847524693,0.0,0.0,0.26293333333333335,optimal
2021-02-12 20:00:00,78,2,0.8586489602846319,0.0,0.0,0.0877,optimal
2021-02-12 20:30:00,78,2,0.0,0.0,0.0,0.1981,optimal
2021-02-12 21:00:00,78,2,0.0,0.0,0.0,0.14493333333333333,optimal
2021-02-12 21:30:00,78,2,0.0,0.0,0.0,0.3468,optimal
2021-02-12 22:00:00,78,2,0.0,0.0,0.0,0.30706666666666665,optimal
2021-02-12 22:30:00,78,2,0.0,4.300755555555556,0.0,0.34883333333333333,optimal
2021-02-12 23:00:00,78,2,0.0,0.0,0.0,0.0837,optimal
2021-02-12 23:30:00,78,2,0.0,0.0,0.0,0.2543333333333333,optimal
2021-02-13 00:00:00,78,2,0.0,0.0,0.0,0.055,optimal
2021-02-13 00:30:00,78,2,0.6279962659014557,0.0,0.0,0.055,optimal
2021-02-13 01:00:00,78,2,1.1428571428571428,0.0,0.0,0.16419999999999998,optimal
2021-02-13 01:30:00,78,2,1.1428571428571428,0.0,0.0,0.1232,optimal
2021-02-13 02:00:00,78,2,1.1428571428571428,0.0,0.0,0.0676,optimal
2021-02-13 02:30:00,78,2,1.1428571428571428,0.0,0.0,0.1694,optimal
2021-02-13 03:00:00,78,2,1.1428571428571428,0.0,0.0,0.1222,optimal
2021-02-13 03:30:00,78,2,1.1428571428571428,0.0,0.0,0.0634,optimal
2021-02-13 04:00:00,78,2,1.1428571428571428,0.0,0.0,0.055,optimal
2021-02-13 04:30:00,78,2,1.1428571428571428,0.0,0.0,0.107,optimal
2021-02-13 05:00:00,78,2,1.1428571428571428,0.0,0.0,0.193,optimal
2021-02-13 05:30:00,78,2,1.1428571428571428,0.0,0.0,0.0654,optimal
2021-02-13 06:00:00,78,2,1.1428571428571428,0.0,0.0,0.2346,optimal
2021-02-13 06:30:00,78,2,1.1428571428571428,0.0,0.2232938634984886,0.055,optimal
2021-02-13 07:00:00,78,2,1.1428571428571428,0.387037037037037,10.0,0.8676,optimal
2021-02-13 07:30:00,78,2,1.1428571428571428,0.387037037037037,0.0,0.1416,optimal
2021-02-13 08:00:00,78,2,0.7098564836852292,2.0899999999999994,0.0,0.9638,optimal
2021-02-13 08:30:00,78,2,0.6966393840143803,0.774074074074074,0.0,0.29183333333333333,optimal
2021-02-13 09:00:00,78,2,0.4857628742155676,0.387037037037037,0.0,0.6785333333333333,optimal
2021-02-13 09:30:00,78,2,0.7898773758613339,0.0,0.0,0.1586,optimal
2021-02-13 10:00:00,78,2,0.689434152315527,0.0,0.0,0.1152,optimal
2021-02-13 10:30:00,78,2,0.6884380050256342,0.0,0.0,0.11120000000000001,optimal
2021-02-13 11:00:00,78,2,0.5795858946226451,0.0,0.0,0.065,optimal
2021-02-13 11:30:00,78,2,0.538704033047048,0.0,0.0,0.2006,optimal
2021-02-13 12:00:00,78,2,0.5109115409967926,0.0,0.0,0.1194,optimal
2021-02-13 12:30:00,78,2,0.510176389274147,0.0,0.0,0.107,optimal
2021-02-13 13:00:00,78,2,1.1428571428571428,0.0,0.0,0.19726666666666667,optimal
2021-02-13 13:30:00,78,2,1.1428571428571428,0.387037037037037,0.0,0.47323333333333334,optimal
2021-02-13 14:00:00,78,2,1.1428571428571428,0.0774074074074074,0.0,0.348,optimal
2021-02-13 14:30:00,78,2,1.1428571428571428,0.23222222222222222,0.0,1.7183333333333333,optimal
2021-02-13 15:00:00,78,2,1.1428571428571428,0.0,0.0,0.47693333333333326,optimal
2021-02-13 15:30:00,78,2,1.1428571428571428,0.387037037037037,0.0,0.3409333333333333,optimal
2021-02-13 16:00:00,78,2,0.0,0.0,0.0,0.344,optimal
2021-02-13 16:30:00,78,2,0.0,0.6966666666666667,0.0,0.4525,optimal
2021-02-13 17:00:00,78,2,0.0,0.5418518518518518,0.0,0.4849666666666666,optimal
2021-02-13 17:30:00,78,2,0.0,0.23222222222222222,0.0,0.43396666666666656,optimal
2021-02-13 18:00:00,78,2,0.0,0.387037037037037,0.0,0.5647000000000001,optimal
2021-02-13 18:30:00,78,2,0.0,0.6966666666666667,0.0,0.28186666666666665,optimal
2021-02-13 19:00:00,78,2,0.0,0.0,0.0,0.7371,optimal
2021-02-13 19:30:00,78,2,0.4052816334076925,0.0774074074074074,0.0,0.48286666666666667,optimal
2021-02-13 20:00:00,78,2,0.6180489602846357,0.1548148148148148,0.0,0.29810000000000003,optimal
2021-02-13 20:30:00,78,2,0.0,0.0,0.0,0.3216,optimal
2021-02-13 21:00:00,78,2,0.0,0.3096296296296296,0.0,0.4088333333333333,optimal
2021-02-13 21:30:00,78,2,0.0,0.387037037037037,0.0,1.4679,optimal
2021-02-13 22:00:00,78,2,0.0,0.23222222222222222,0.0,0.7845333333333333,optimal
2021-02-13 22:30:00,78,2,0.0,0.0,0.0,0.28126666666666666,optimal
2021-02-13 23:00:00,78,2,0.0,0.0,0.0,0.28656666666666664,optimal
2021-02-13 23:30:00,78,2,0.0,0.0,0.0,0.2537666666666667,optimal
2021-02-07 00:00:00,79,2,0.0,0.0,0.0,0.10566666666666669,optimal
2021-02-07 00:30:00,79,2,0.0,0.0,0.0,0.11166666666666669,optimal
2021-02-07 01:00:00,79,2,0.0,0.0,0.0,0.1517666666666667,optimal
2021-02-07 01:30:00,79,2,0.0,0.0,0.0,0.3021666666666667,optimal
2021-02-07 02:00:00,79,2,0.0,0.0,0.0,0.062,optimal
2021-02-07 02:30:00,79,2,0.0,0.0,0.0,0.1633,optimal
2021-02-07 03:00:00,79,2,0.0,0.0,0.0,0.27063333333333334,optimal
2021-02-07 03:30:00,79,2,0.0,0.0,0.0,0.1288,optimal
2021-02-07 04:00:00,79,2,1.1428571428571428,0.0,0.0,0.2049,optimal
2021-02-07 04:30:00,79,2,1.1428571428571428,0.0,0.0,0.22116666666666662,optimal
2021-02-07 05:00:00,79,2,1.1428571428571428,0.23222222222222222,0.0,0.06520000000000001,optimal
2021-02-07 05:30:00,79,2,1.1428571428571428,0.0,0.0,0.3621333333333333,optimal
2021-02-07 06:00:00,79,2,1.1428571428571428,0.6192592592592592,1.305830934193062,1.2487666666666668,optimal
2021-02-07 06:30:00,79,2,1.1428571428571428,0.46444444444444444,0.0,0.2915,optimal
2021-02-07 07:00:00,79,2,1.1428571428571428,0.0774074074074074,0.0,0.26513333333333333,optimal
2021-02-07 07:30:00,79,2,0.0,0.23222222222222222,0.0,0.17653333333333332,optimal
2021-02-07 08:00:00,79,2,0.0,0.1548148148148148,0.0,0.11366666666666668,optimal
2021-02-07 08:30:00,79,2,0.3804099531410063,0.23222222222222222,0.0,0.15159999999999998,optimal
2021-02-07 09:00:00,79,2,0.5836311850969388,0.1548148148148148,0.0,0.24480000000000002,optimal
2021-02-07 09:30:00,79,2,0.6070369425689444,0.5418518518518518,0.0,0.9452666666666668,optimal
2021-02-07 10:00:00,79,2,0.4932186706916399,0.6192592592592592,0.0,0.26893333333333336,optimal
2021-02-07 10:30:00,79,2,0.5455919176523782,0.0774074074074074,0.0,0.17393333333333333,optimal
2021-02-07 11:00:00,79,2,0.45567286457162137,0.0,0.0,0.23876666666666668,optimal
2021-02-07 11:30:00,79,2,0.31893000742876315,0.0774074074074074,0.0,0.4477,optimal
2021-02-07 12:00:00,79,2,0.25614546911829833,1.8577777777777778,0.0,0.5101,optimal
2021-02-07 12:30:00,79,2,0.26162165959449013,0.6966666666666667,0.0,0.5342,optimal
2021-02-07 13:00:00,79,2,0.7550458512953854,0.8514814814814814,0.0,0.2621,optimal
2021-02-07 13:30:00,79,2,1.1428571428571428,0.0,0.0,0.3152333333333333,optimal
2021-02-07 14:00:00,79,2,1.1428571428571428,0.0,0.0,0.2877,optimal
2021-02-07 14:30:00,79,2,1.1428571428571428,0.0,0.0,0.38906666666666667,optimal
2021-02-07 15:00:00,79,2,1.1428571428571428,0.23222222222222222,0.0,0.4419333333333333,optimal
2021-02-07 15:30:00,79,2,1.1428571428571428,0.6966666666666667,0.0,0.22173333333333328,optimal
2021-02-07 16:00:00,79,2,0.0,0.0,0.0,0.3350666666666667,optimal
2021-02-07 16:30:00,79,2,0.0,0.23222222222222222,0.0,0.37406666666666666,optimal
2021-02-07 17:00:00,79,2,0.0,0.0,0.0,0.33936666666666665,optimal
2021-02-07 17:30:00,79,2,0.0,0.0,0.0,0.29456666666666664,optimal
2021-02-07 18:00:00,79,2,0.0,0.3096296296296296,0.0,0.44156666666666666,optimal
2021-02-07 18:30:00,79,2,0.0,0.3096296296296296,0.0,0.3127333333333333,optimal
2021-02-07 19:00:00,79,2,0.0,0.6966666666666667,0.0,1.4662,optimal
2021-02-07 19:30:00,79,2,0.0,0.0,0.0,0.9873999999999999,optimal
2021-02-07 20:00:00,79,2,0.0,0.1548148148148148,0.0,0.5941333333333333,optimal
2021-02-07 20:30:00,79,2,0.0,0.0,0.0,0.8813666666666666,optimal
2021-02-07 21:00:00,79,2,0.0,0.0,0.0,0.7212000000000001,optimal
2021-02-07 21:30:00,79,2,0.0,0.0774074074074074,0.0,0.59,optimal
2021-02-07 22:00:00,79,2,0.0,2.0899999999999994,0.0,0.6211666666666666,optimal
2021-02-07 22:30:00,79,2,0.0,0.23222222222222222,0.0,0.33473333333333327,optimal
2021-02-07 23:00:00,79,2,0.0,0.387037037037037,0.0,0.4933666666666667,optimal
2021-02-07 23:30:00,79,2,0.0,0.0,0.0,0.6568333333333334,optimal
2021-02-08 00:00:00,79,2,0.0,0.0,0.0,0.063,optimal
2021-02-08 00:30:00,79,2,0.0,0.0,0.0,0.063,optimal
2021-02-08 01:00:00,79,2,0.0,0.0,0.0,0.09416666666666669,optimal
2021-02-08 01:30:00,79,2,0.119425159426143,0.0,0.0,0.16896666666666668,optimal
2021-02-08 02:00:00,79,2,1.1428571428571428,0.0,0.0,0.063,optimal
2021-02-08 02:30:00,79,2,1.1428571428571428,0.0,0.0,0.1565,optimal
2021-02-08 03:00:00,79,2,1.1428571428571428,0.0,0.0,0.10663333333333334,optimal
2021-02-08 03:30:00,79,2,1.1428571428571428,0.0,0.0,0.06333333333333334,optimal
2021-02-08 04:00:00,79,2,1.1428571428571428,0.0,0.0,0.073,optimal
2021-02-08 04:30:00,79,2,1.1428571428571428,0.0,0.0,0.07033333333333333,optimal
2021-02-08 05:00:00,79,2,1.1428571428571428,0.0,0.0,0.20013333333333333,optimal
2021-02-08 05:30:00,79,2,1.1428571428571428,0.0,0.0,0.063,optimal
2021-02-08 06:00:00,79,2,1.1428571428571428,0.0,0.0,0.20013333333333333,optimal
2021-02-08 06:30:00,79,2,1.1428571428571428,0.0,2.8966126796958007,0.06333333333333334,optimal
2021-02-08 07:00:00,79,2,1.1428571428571428,2.227785185185185,10.0,0.07856666666666666,optimal
2021-02-08 07:30:00,79,2,1.1428571428571428,3.500362962962963,0.0,0.3843666666666667,optimal
2021-02-08 08:00:00,79,2,0.7056959670678017,0.0,0.0,0.085,optimal
2021-02-08 08:30:00,79,2,0.6834654045047274,0.0,0.0,0.18159999999999998,optimal
2021-02-08 09:00:00,79,2,0.5925804674845413,0.23222222222222222,0.0,0.31110000000000004,optimal
2021-02-08 09:30:00,79,2,0.6660148827577137,0.23222222222222222,0.0,0.084,optimal
2021-02-08 10:00:00,79,2,0.504455081626742,0.1548148148148148,0.0,0.2297333333333333,optimal
2021-02-08 10:30:00,79,2,0.46251019016308975,0.5418518518518518,0.0,0.3611333333333333,optimal
2021-02-08 11:00:00,79,2,0.44176964792347445,0.0,0.0,0.2393333333333333,optimal
2021-02-08 11:30:00,79,2,0.4555468771532016,0.0,0.0,1.6203666666666665,optimal
2021-02-08 12:00:00,79,2,0.5090756930073336,0.0,0.0,0.1948666666666667,optimal
2021-02-08 12:30:00,79,2,0.5140930086096697,0.0,0.0,0.15680000000000002,optimal
2021-02-08 13:00:00,79,2,1.1428571428571428,0.0,0.0,0.1686,optimal
2021-02-08 13:30:00,79,2,1.1428571428571428,1.9351851851851851,0.0,0.4058333333333333,optimal
2021-02-08 14:00:00,79,2,1.1428571428571428,0.3096296296296296,0.0,0.4476,optimal
2021-02-08 14:30:00,79,2,1.1428571428571428,0.0,0.0,0.41076666666666667,optimal
2021-02-08 15:00:00,79,2,1.1428571428571428,0.3096296296296296,0.0,0.3741333333333333,optimal
2021-02-08 15:30:00,79,2,1.1428571428571428,0.0,0.0,0.2322333333333333,optimal
2021-02-08 16:00:00,79,2,0.0,0.1548148148148148,0.0,0.224,optimal
2021-02-08 16:30:00,79,2,0.0,0.23222222222222222,0.0,0.4619333333333333,optimal
2021-02-08 17:00:00,79,2,0.0,0.23222222222222222,0.0,0.1271,optimal
2021-02-08 17:30:00,79,2,0.0,0.1548148148148148,0.0,0.24309999999999998,optimal
2021-02-08 18:00:00,79,2,0.0,0.0,0.0,3.5863666666666667,optimal
2021-02-08 18:30:00,79,2,0.0,0.1548148148148148,0.0,2.0252,optimal
2021-02-08 19:00:00,79,2,0.0,2.39962962962963,0.0,0.41853333333333337,optimal
2021-02-08 19:30:00,79,2,0.0,0.1548148148148148,0.0,0.20813333333333334,optimal
2021-02-08 20:00:00,79,2,0.6964105411422472,0.5418518518518518,0.0,0.10413333333333334,optimal
2021-02-08 20:30:00,79,2,0.0,0.0,0.0,0.35746666666666665,optimal
2021-02-08 21:00:00,79,2,0.0,0.3096296296296296,0.0,0.6145333333333333,optimal
2021-02-08 21:30:00,79,2,0.0,0.0,0.0,0.3118666666666667,optimal
2021-02-08 22:00:00,79,2,0.0,0.0,0.0,1.1260666666666665,optimal
2021-02-08 22:30:00,79,2,0.0,0.0,0.0,1.5629333333333333,optimal
2021-02-08 23:00:00,79,2,0.0,0.0,0.0,0.21013333333333334,optimal
2021-02-08 23:30:00,79,2,0.0,0.0,0.0,0.073,optimal
2021-02-09 00:00:00,79,2,0.0,0.0,0.0,0.3644666666666666,optimal
2021-02-09 00:30:00,79,2,0.0,0.0,0.0,0.225,optimal
2021-02-09 01:00:00,79,2,0.0,0.23222222222222222,0.0,0.6602666666666667,optimal
2021-02-09 01:30:00,79,2,0.0,0.0,0.0,0.5467666666666666,optimal
2021-02-09 02:00:00,79,2,0.8915801817535651,0.0,0.0,1.1919000000000002,optimal
2021-02-09 02:30:00,79,2,1.1428571428571428,0.0,0.0,0.5209,optimal
2021-02-09 03:00:00,79,2,1.1428571428571428,0.0,0.0,0.12966666666666665,optimal
2021-02-09 03:30:00,79,2,1.1428571428571428,0.0,0.0,0.17853333333333332,optimal
2021-02-09 04:00:00,79,2,1.1428571428571428,0.0,0.0,0.2576666666666667,optimal
2021-02-09 04:30:00,79,2,1.1428571428571428,0.0,0.0,0.1202,optimal
2021-02-09 05:00:00,79,2,1.1428571428571428,0.0,0.0,0.065,optimal
2021-02-09 05:30:00,79,2,1.1428571428571428,0.0,0.0,0.378,optimal
2021-02-09 06:00:00,79,2,1.1428571428571428,4.79925925925926,0.0,0.3445666666666667,optimal
2021-02-09 06:30:00,79,2,1.1428571428571428,2.4770370370370367,6.642993364785833,0.19693333333333332,optimal
2021-02-09 07:00:00,79,2,1.1428571428571428,0.0,10.0,0.2248,optimal
2021-02-09 07:30:00,79,2,1.1428571428571428,0.0,0.0,0.42619999999999997,optimal
2021-02-09 08:00:00,79,2,0.81537899923826,0.0,0.0,0.17386666666666667,optimal
2021-02-09 08:30:00,79,2,0.8128477002257171,0.0,0.0,0.16026666666666667,optimal
2021-02-09 09:00:00,79,2,0.7138661755872998,0.0,0.0,0.2821666666666667,optimal
2021-02-09 09:30:00,79,2,0.7595464347050903,0.0,0.0,0.07736666666666667,optimal
2021-02-09 10:00:00,79,2,0.5959808406225346,0.0,0.0,0.25906666666666667,optimal
2021-02-09 10:30:00,79,2,0.6050953422682985,0.0,0.0,0.18973333333333328,optimal
2021-02-09 11:00:00,79,2,0.5243972585057289,0.0,0.0,0.11220000000000001,optimal
2021-02-09 11:30:00,79,2,0.45814396835869353,0.0,0.0,0.3366,optimal
2021-02-09 12:00:00,79,2,0.4674928990794906,0.0,0.0,0.071,optimal
2021-02-09 12:30:00,79,2,0.5868916305996844,0.0,0.0,0.2909,optimal
2021-02-09 13:00:00,79,2,1.1428571428571428,0.0,0.0,0.1579,optimal
2021-02-09 13:30:00,79,2,1.1428571428571428,0.0,0.0,0.1925,optimal
2021-02-09 14:00:00,79,2,1.1428571428571428,0.0,0.0,0.25630000000000003,optimal
2021-02-09 14:30:00,79,2,1.1428571428571428,0.0,0.0,0.08473333333333334,optimal
2021-02-09 15:00:00,79,2,1.1428571428571428,0.0,0.0,0.22106666666666663,optimal
2021-02-09 15:30:00,79,2,1.1428571428571428,0.0,0.0,0.1807,optimal
2021-02-09 16:00:00,79,2,0.0,0.0,0.0,0.19356666666666664,optimal
2021-02-09 16:30:00,79,2,0.0,0.0,0.0,0.1328,optimal
2021-02-09 17:00:00,79,2,0.0,0.1548148148148148,0.0,0.39089999999999997,optimal
2021-02-09 17:30:00,79,2,0.0,0.0774074074074074,0.0,0.31930000000000003,optimal
2021-02-09 18:00:00,79,2,0.0,0.46444444444444444,0.0,0.5877666666666667,optimal
2021-02-09 18:30:00,79,2,0.0,0.0774074074074074,0.0,0.47293333333333326,optimal
2021-02-09 19:00:00,79,2,0.0,0.0,0.0,1.0868,optimal
2021-02-09 19:30:00,79,2,0.39453960693789214,0.0,0.0,1.7009333333333334,optimal
2021-02-09 20:00:00,79,2,0.45651865455694146,0.0,0.0,0.7741,optimal
2021-02-09 20:30:00,79,2,0.0,0.0774074074074074,0.0,0.5059666666666666,optimal
2021-02-09 21:00:00,79,2,0.0,0.0,0.0,0.5876,optimal
2021-02-09 21:30:00,79,2,0.0,0.3096296296296296,0.0,0.523,optimal
2021-02-09 22:00:00,79,2,0.0,1.8577777777777778,0.0,0.32476666666666665,optimal
2021-02-09 22:30:00,79,2,0.0,0.0,0.0,0.8675333333333333,optimal
2021-02-09 23:00:00,79,2,0.0,0.3096296296296296,0.0,0.3659333333333333,optimal
2021-02-09 23:30:00,79,2,0.0,0.5418518518518518,0.0,0.5685333333333333,optimal
2021-02-10 00:00:00,79,2,0.0,0.0,0.0,0.1145,optimal
2021-02-10 00:30:00,79,2,0.0,0.0,0.0,0.0709,optimal
2021-02-10 01:00:00,79,2,0.6597761987515824,0.0,0.0,0.1254,optimal
2021-02-10 01:30:00,79,2,1.1428571428571428,0.0,0.0,0.06,optimal
2021-02-10 02:00:00,79,2,1.1428571428571428,0.0,0.0,0.06,optimal
2021-02-10 02:30:00,79,2,1.1428571428571428,0.0,0.0,0.07453333333333333,optimal
2021-02-10 03:00:00,79,2,1.1428571428571428,0.0,0.0,0.11086666666666666,optimal
2021-02-10 03:30:00,79,2,1.1428571428571428,0.0,0.0,0.06,optimal
2021-02-10 04:00:00,79,2,1.1428571428571428,0.0,0.0,0.06,optimal
2021-02-10 04:30:00,79,2,1.1428571428571428,0.0,0.0,0.0709,optimal
2021-02-10 05:00:00,79,2,1.1428571428571428,0.1548148148148148,0.0,0.11316666666666668,optimal
2021-02-10 05:30:00,79,2,1.1428571428571428,0.0,0.0,0.0927,optimal
2021-02-10 06:00:00,79,2,1.1428571428571428,0.0,0.0,0.0927,optimal
2021-02-10 06:30:00,79,2,1.1428571428571428,0.0,0.0,0.07096666666666666,optimal
2021-02-10 07:00:00,79,2,1.1428571428571428,0.0,0.0,0.12243333333333334,optimal
2021-02-10 07:30:00,79,2,1.1428571428571428,0.387037037037037,0.0,0.058,optimal
2021-02-10 08:00:00,79,2,0.7361331091158761,0.1548148148148148,0.0,0.12736666666666666,optimal
2021-02-10 08:30:00,79,2,0.644167567575348,0.387037037037037,0.0,0.32193333333333335,optimal
2021-02-10 09:00:00,79,2,0.5603756754740874,0.1548148148148148,0.0,0.3061333333333333,optimal
2021-02-10 09:30:00,79,2,0.5527815625049982,0.387037037037037,0.0,0.2571333333333333,optimal
2021-02-10 10:00:00,79,2,0.4971138731755562,0.0774074074074074,0.0,0.1882666666666667,optimal
2021-02-10 10:30:00,79,2,0.4342587646392186,0.23222222222222222,0.0,0.26263333333333333,optimal
2021-02-10 11:00:00,79,2,0.37881849311813104,0.6192592592592592,0.0,0.2552,optimal
2021-02-10 11:30:00,79,2,0.24417857949073427,0.774074074074074,0.0,1.7178333333333333,optimal
2021-02-10 12:00:00,79,2,0.22259291677536408,0.23222222222222222,0.0,0.3948,optimal
2021-02-10 12:30:00,79,2,0.46801185881449286,0.23222222222222222,0.0,0.33513333333333334,optimal
2021-02-10 13:00:00,79,2,1.1428571428571428,0.0,0.0,0.34,optimal
2021-02-10 13:30:00,79,2,1.1428571428571428,0.1548148148148148,0.0,0.2292,optimal
2021-02-10 14:00:00,79,2,1.1428571428571428,0.0,0.0,0.13553333333333334,optimal
2021-02-10 14:30:00,79,2,1.1428571428571428,0.0,0.0,0.297,optimal
2021-02-10 15:00:00,79,2,1.1428571428571428,2.227785185185185,0.39389330840257825,0.21769999999999998,optimal
2021-02-10 15:30:00,79,2,1.1428571428571428,2.726288888888889,10.0,0.19793333333333332,optimal
2021-02-10 16:00:00,79,2,0.0,0.0,0.0,0.16446666666666668,optimal
2021-02-10 16:30:00,79,2,0.0,0.0,0.0,0.2884,optimal
2021-02-10 17:00:00,79,2,0.0,0.387037037037037,0.0,0.3589333333333333,optimal
2021-02-10 17:30:00,79,2,0.0,0.0,0.0,0.4516,optimal
2021-02-10 18:00:00,79,2,0.0,0.0,0.0,0.1354,optimal
2021-02-10 18:30:00,79,2,0.0,0.0,0.0,0.07,optimal
2021-02-10 19:00:00,79,2,0.0,0.0,0.0,0.07,optimal
2021-02-10 19:30:00,79,2,0.8332355837649987,0.0,0.0,0.12969999999999998,optimal
2021-02-10 20:00:00,79,2,0.26528298688113616,0.0,0.0,1.7737,optimal
2021-02-10 20:30:00,79,2,0.0,0.0,0.0,0.29236666666666666,optimal
2021-02-10 21:00:00,79,2,0.0,0.1548148148148148,0.0,1.0843,optimal
2021-02-10 21:30:00,79,2,0.0,0.0774074074074074,0.0,2.7756333333333334,optimal
2021-02-10 22:00:00,79,2,0.0,0.46444444444444444,0.0,1.9941,optimal
2021-02-10 22:30:00,79,2,0.0,0.0,0.0,0.5057333333333334,optimal
2021-02-10 23:00:00,79,2,0.0,0.0,0.0,0.482,optimal
2021-02-10 23:30:00,79,2,0.0,0.0,0.0,0.19393333333333332,optimal
2021-02-11 00:00:00,79,2,0.8346617940303717,0.0,0.0,0.22733333333333328,optimal
2021-02-11 00:30:00,79,2,1.1428571428571428,0.0,0.0,0.07673333333333333,optimal
2021-02-11 01:00:00,79,2,1.1428571428571428,0.0,0.0,0.13013333333333332,optimal
2021-02-11 01:30:00,79,2,1.1428571428571428,0.0,0.0,0.2092333333333333,optimal
2021-02-11 02:00:00,79,2,1.1428571428571428,0.0,0.0,0.16963333333333333,optimal
2021-02-11 02:30:00,79,2,1.1428571428571428,0.0,0.0,0.06,optimal
2021-02-11 03:00:00,79,2,1.1428571428571428,0.0,0.0,0.27796666666666664,optimal
2021-02-11 03:30:00,79,2,1.1428571428571428,0.0,0.0,0.09390000000000001,optimal
2021-02-11 04:00:00,79,2,1.1428571428571428,0.0,0.0,0.10143333333333333,optimal
2021-02-11 04:30:00,79,2,1.1428571428571428,0.0,0.0,0.11983333333333332,optimal
2021-02-11 05:00:00,79,2,1.1428571428571428,0.0,0.0,0.24306666666666663,optimal
2021-02-11 05:30:00,79,2,1.1428571428571428,0.0,0.0,0.10766666666666669,optimal
2021-02-11 06:00:00,79,2,1.1428571428571428,0.3096296296296296,7.765793217219719,0.14456666666666668,optimal
2021-02-11 06:30:00,79,2,1.1428571428571428,0.5836518518518518,0.0,1.274233333333333,optimal
2021-02-11 07:00:00,79,2,1.1428571428571428,0.035607407407407414,0.0,0.059333333333333335,optimal
2021-02-11 07:30:00,79,2,1.1428571428571428,0.0,0.0,0.13576666666666667,optimal
2021-02-11 08:00:00,79,2,0.8926591703653042,0.0,0.0,0.2477666666666667,optimal
2021-02-11 08:30:00,79,2,0.9521523741397452,0.0,0.0,0.06,optimal
2021-02-11 09:00:00,79,2,0.855493135189261,0.0,0.0,0.16040000000000001,optimal
2021-02-11 09:30:00,79,2,0.789686941289456,0.0,0.0,0.14366666666666666,optimal
2021-02-11 10:00:00,79,2,0.6187184569173335,0.0,0.0,0.06753333333333333,optimal
2021-02-11 10:30:00,79,2,0.5767293672531872,0.0,0.0,0.3066666666666667,optimal
2021-02-11 11:00:00,79,2,0.5878993184993859,0.0,0.0,0.07,optimal
2021-02-11 11:30:00,79,2,1.1428571428571428,0.0,0.0,0.19169999999999998,optimal
2021-02-11 12:00:00,79,2,1.1428571428571428,0.0,0.0,0.1855,optimal
2021-02-11 12:30:00,79,2,1.1428571428571428,0.0,0.0,0.06,optimal
2021-02-11 13:00:00,79,2,1.1428571428571428,0.0,0.0,0.3115,optimal
2021-02-11 13:30:00,79,2,1.1428571428571428,0.0,0.0,0.07136666666666666,optimal
2021-02-11 14:00:00,79,2,1.1428571428571428,0.0,0.0,0.0851,optimal
2021-02-11 14:30:00,79,2,1.1428571428571428,0.0,0.0,0.28676666666666667,optimal
2021-02-11 15:00:00,79,2,1.1428571428571428,0.0,0.0,0.06866666666666667,optimal
2021-02-11 15:30:00,79,2,1.1428571428571428,0.0,0.0,0.1843333333333333,optimal
2021-02-11 16:00:00,79,2,0.0,0.0,0.0,0.1938666666666667,optimal
2021-02-11 16:30:00,79,2,0.0,0.0,0.0,0.06966666666666667,optimal
2021-02-11 17:00:00,79,2,0.0,0.0,0.0,0.22896666666666668,optimal
2021-02-11 17:30:00,79,2,0.0,0.0,0.0,0.11903333333333331,optimal
2021-02-11 18:00:00,79,2,0.0,0.387037037037037,0.0,0.24006666666666662,optimal
2021-02-11 18:30:00,79,2,0.0,0.387037037037037,0.0,0.48183333333333334,optimal
2021-02-11 19:00:00,79,2,0.0,0.0774074074074074,0.0,0.36060000000000003,optimal
2021-02-11 19:30:00,79,2,0.7024423914025881,1.9351851851851851,0.0,0.9541000000000001,optimal
2021-02-11 20:00:00,79,2,0.9146283670884896,0.387037037037037,0.0,0.3564,optimal
2021-02-11 20:30:00,79,2,0.0,0.0,0.0,0.4678333333333333,optimal
2021-02-11 21:00:00,79,2,0.0,0.3096296296296296,0.0,0.5507333333333333,optimal
2021-02-11 21:30:00,79,2,0.0,0.0,0.0,0.8137666666666666,optimal
2021-02-11 22:00:00,79,2,0.0,0.0,0.0,0.3068,optimal
2021-02-11 22:30:00,79,2,0.0,0.0,0.0,0.07,optimal
2021-02-11 23:00:00,79,2,0.0,0.0,0.0,0.07,optimal
2021-02-11 23:30:00,79,2,0.0,0.0,0.0,0.3202,optimal
2021-02-12 00:00:00,79,2,1.1428571428571428,0.0,0.0,0.1575,optimal
2021-02-12 00:30:00,79,2,1.1428571428571428,2.1674074074074072,0.0,0.43546666666666656,optimal
2021-02-12 01:00:00,79,2,1.1428571428571428,0.0774074074074074,0.0,0.3434333333333333,optimal
2021-02-12 01:30:00,79,2,1.1428571428571428,0.0,0.0,0.23286666666666667,optimal
2021-02-12 02:00:00,79,2,1.1428571428571428,0.0,0.0,0.2762,optimal
2021-02-12 02:30:00,79,2,1.1428571428571428,0.0,0.0,0.055,optimal
2021-02-12 03:00:00,79,2,1.1428571428571428,0.0,0.0,0.22393333333333332,optimal
2021-02-12 03:30:00,79,2,1.1428571428571428,0.0,0.0,0.1803333333333333,optimal
2021-02-12 04:00:00,79,2,1.1428571428571428,0.0,0.0,0.067,optimal
2021-02-12 04:30:00,79,2,1.1428571428571428,0.0,0.0,0.28926666666666667,optimal
2021-02-12 05:00:00,79,2,1.1428571428571428,0.23222222222222222,6.384431719745743,0.4174,optimal
2021-02-12 05:30:00,79,2,1.1428571428571428,0.0,0.0,0.5102666666666666,optimal
2021-02-12 06:00:00,79,2,1.1428571428571428,0.0774074074074074,0.0,1.2639666666666667,optimal
2021-02-12 06:30:00,79,2,1.1428571428571428,0.1548148148148148,0.0,0.23413333333333333,optimal
2021-02-12 07:00:00,79,2,1.1428571428571428,0.6966666666666667,0.0,0.1194,optimal
2021-02-12 07:30:00,79,2,1.1428571428571428,4.859987911715618,0.0,0.35819999999999996,optimal
2021-02-12 08:00:00,79,2,0.9985000386560583,0.0,0.0,0.065,optimal
2021-02-12 08:30:00,79,2,0.9454179611489683,0.0,0.0,0.2807333333333333,optimal
2021-02-12 09:00:00,79,2,0.9109136433413344,0.0,0.0,0.15553333333333333,optimal
2021-02-12 09:30:00,79,2,0.8351974483003358,0.0,0.0,0.09113333333333334,optimal
2021-02-12 10:00:00,79,2,0.5811252246049053,0.0,0.0,0.2546,optimal
2021-02-12 10:30:00,79,2,0.6089465224762328,0.0,0.0,0.09733333333333331,optimal
2021-02-12 11:00:00,79,2,0.3646605058051262,0.23222222222222222,0.0,0.31039999999999995,optimal
2021-02-12 11:30:00,79,2,0.17643197756286083,0.387037037037037,0.0,2.040966666666667,optimal
2021-02-12 12:00:00,79,2,0.3362450687156458,0.5418518518518518,0.0,0.35996666666666666,optimal
2021-02-12 12:30:00,79,2,0.33985463571146335,0.8514814814814814,0.0,0.3445666666666667,optimal
2021-02-12 13:00:00,79,2,1.1428571428571428,0.0,0.0,1.2650666666666666,optimal
2021-02-12 13:30:00,79,2,1.1428571428571428,0.0774074074074074,0.0,0.6881,optimal
2021-02-12 14:00:00,79,2,1.1428571428571428,0.3096296296296296,0.0,0.46623333333333333,optimal
2021-02-12 14:30:00,79,2,1.1428571428571428,0.0,0.0,0.24659999999999999,optimal
2021-02-12 15:00:00,79,2,1.1428571428571428,0.0,0.0,0.30846666666666667,optimal
2021-02-12 15:30:00,79,2,1.1428571428571428,0.0,0.0,1.1039666666666668,optimal
2021-02-12 16:00:00,79,2,0.0,0.0,0.0,0.20513333333333333,optimal
2021-02-12 16:30:00,79,2,0.0,0.0,0.0,0.2067333333333333,optimal
2021-02-12 17:00:00,79,2,0.0,0.0,0.0,0.3749333333333333,optimal
2021-02-12 17:30:00,79,2,0.0,0.1548148148148148,0.0,0.2967666666666667,optimal
2021-02-12 18:00:00,79,2,0.0,0.0774074074074074,0.0,0.2918,optimal
2021-02-12 18:30:00,79,2,0.0,0.3096296296296296,0.0,0.7031666666666666,optimal
2021-02-12 19:00:00,79,2,0.0,0.0,0.0,0.11093333333333334,optimal
2021-02-12 19:30:00,79,2,0.25309867661874585,0.0,0.0,0.34346666666666664,optimal
2021-02-12 20:00:00,79,2,0.5982965793322486,0.0,0.0,0.2455,optimal
2021-02-12 20:30:00,79,2,0.0,0.0,0.0,0.3589333333333333,optimal
2021-02-12 21:00:00,79,2,0.0,0.46444444444444444,0.0,0.5019333333333332,optimal
2021-02-12 21:30:00,79,2,0.0,0.0,0.0,0.7874333333333333,optimal
2021-02-12 22:00:00,79,2,0.0,0.2740222222222222,0.0,0.6883333333333334,optimal
2021-02-12 22:30:00,79,2,0.0,0.42264444444444443,0.0,0.6093999999999999,optimal
2021-02-12 23:00:00,79,2,0.0,0.0,0.0,0.48836666666666667,optimal
2021-02-12 23:30:00,79,2,0.0,0.0,0.0,0.1426,optimal
2021-02-13 00:00:00,79,2,0.0,0.0,0.0,0.1504,optimal
2021-02-13 00:30:00,79,2,0.0,0.0,0.0,0.0856,optimal
2021-02-13 01:00:00,79,2,0.4454002716864366,0.0,0.0,0.1643,optimal
2021-02-13 01:30:00,79,2,1.1428571428571428,0.0,0.0,0.2015,optimal
2021-02-13 02:00:00,79,2,1.1428571428571428,0.0,0.0,0.07033333333333333,optimal
2021-02-13 02:30:00,79,2,1.1428571428571428,0.0,0.0,0.19746666666666668,optimal
2021-02-13 03:00:00,79,2,1.1428571428571428,0.0,0.0,0.064,optimal
2021-02-13 03:30:00,79,2,1.1428571428571428,0.0,0.0,0.172,optimal
2021-02-13 04:00:00,79,2,1.1428571428571428,0.0,0.0,0.1938,optimal
2021-02-13 04:30:00,79,2,1.1428571428571428,0.0,0.0,0.172,optimal
2021-02-13 05:00:00,79,2,1.1428571428571428,0.0,0.0,0.182,optimal
2021-02-13 05:30:00,79,2,1.1428571428571428,0.0,0.0,0.11359999999999999,optimal
2021-02-13 06:00:00,79,2,1.1428571428571428,0.0,0.0,0.15780000000000002,optimal
2021-02-13 06:30:00,79,2,1.1428571428571428,0.0,0.0,0.17653333333333332,optimal
2021-02-13 07:00:00,79,2,1.1428571428571428,0.0,9.079754161552149,0.1118,optimal
2021-02-13 07:30:00,79,2,1.1428571428571428,0.0,0.0,0.267,optimal
2021-02-13 08:00:00,79,2,0.8406355313042734,0.0,0.0,0.064,optimal
2021-02-13 08:30:00,79,2,0.7127955744905752,0.387037037037037,0.0,0.4007,optimal
2021-02-13 09:00:00,79,2,0.5675666837393745,0.0,0.0,1.7256666666666667,optimal
2021-02-13 09:30:00,79,2,0.6761821377661051,0.1548148148148148,0.0,0.25693333333333335,optimal
2021-02-13 10:00:00,79,2,0.5286893904107668,1.7432148148148148,0.0,0.4157666666666667,optimal
2021-02-13 10:30:00,79,2,0.29993705264468196,2.9012296296296296,0.0,1.6665,optimal
2021-02-13 11:00:00,79,2,0.2444411327178837,0.0,0.0,2.1975,optimal
2021-02-13 11:30:00,79,2,0.22061831876133137,0.0,0.0,3.0109,optimal
2021-02-13 12:00:00,79,2,0.27895725528249643,0.0774074074074074,0.0,1.5703,optimal
2021-02-13 12:30:00,79,2,0.38475734165509945,0.0,0.0,0.2543,optimal
2021-02-13 13:00:00,79,2,1.1428571428571428,0.0,0.0,0.33926666666666666,optimal
2021-02-13 13:30:00,79,2,1.1428571428571428,0.0,0.0,0.40603333333333336,optimal
2021-02-13 14:00:00,79,2,1.1428571428571428,0.0,0.0,0.4300333333333334,optimal
2021-02-13 14:30:00,79,2,1.1428571428571428,0.0,0.0,0.5357333333333334,optimal
2021-02-13 15:00:00,79,2,1.1428571428571428,0.0,0.0,1.5704666666666667,optimal
2021-02-13 15:30:00,79,2,1.1428571428571428,0.387037037037037,0.0,0.4511,optimal
2021-02-13 16:00:00,79,2,0.0,0.0,0.0,0.38496666666666657,optimal
2021-02-13 16:30:00,79,2,0.0,0.23222222222222222,0.0,0.072,optimal
2021-02-13 17:00:00,79,2,0.0,0.0,0.0,0.3811666666666667,optimal
2021-02-13 17:30:00,79,2,0.0,0.0,0.0,0.3993,optimal
2021-02-13 18:00:00,79,2,0.0,0.0774074074074074,0.0,0.1822333333333333,optimal
2021-02-13 18:30:00,79,2,0.0,0.2740222222222222,0.0,0.3648,optimal
2021-02-13 19:00:00,79,2,0.0,0.42264444444444443,0.0,0.26293333333333335,optimal
2021-02-13 19:30:00,79,2,0.5422392229080414,0.0,0.0,0.5517666666666666,optimal
2021-02-13 20:00:00,79,2,0.5943537221894002,2.0899999999999994,0.0,0.4348333333333333,optimal
2021-02-13 20:30:00,79,2,0.0,0.42883703703703696,0.0,0.42410000000000003,optimal
2021-02-13 21:00:00,79,2,0.0,0.0,0.0,0.2455,optimal
2021-02-13 21:30:00,79,2,0.0,0.0,0.0,0.0917,optimal
2021-02-13 22:00:00,79,2,0.0,0.0,0.0,0.182,optimal
2021-02-13 22:30:00,79,2,0.0,0.0,0.0,0.2038,optimal
2021-02-13 23:00:00,79,2,0.0,0.0,0.0,0.155,optimal
2021-02-13 23:30:00,79,2,0.0,0.0,0.0,0.22056666666666663,optimal
2021-02-07 00:00:00,80,2,0.0,0.0,0.0,0.064,optimal
2021-02-07 00:30:00,80,2,0.0,0.0,0.0,0.07033333333333333,optimal
2021-02-07 01:00:00,80,2,0.0,0.0,0.0,0.16106666666666666,optimal
2021-02-07 01:30:00,80,2,0.0,0.0,0.0,0.11946666666666668,optimal
2021-02-07 02:00:00,80,2,0.0,0.0,0.0,0.064,optimal
2021-02-07 02:30:00,80,2,0.0,0.0,0.0,0.20266666666666663,optimal
2021-02-07 03:00:00,80,2,0.0,0.0,0.0,0.0815,optimal
2021-02-07 03:30:00,80,2,0.0,0.0,0.0,0.06966666666666667,optimal
2021-02-07 04:00:00,80,2,1.1428571428571428,0.774074074074074,0.9058442651748441,0.2266,optimal
2021-02-07 04:30:00,80,2,1.1428571428571428,0.0,0.0,0.07659999999999999,optimal
2021-02-07 05:00:00,80,2,1.1428571428571428,0.0,0.0,0.09866666666666668,optimal
2021-02-07 05:30:00,80,2,1.1428571428571428,0.0,0.0,0.18186666666666668,optimal
2021-02-07 06:00:00,80,2,1.1428571428571428,0.0,0.0,0.064,optimal
2021-02-07 06:30:00,80,2,1.1428571428571428,0.23222222222222222,0.0,1.8001333333333334,optimal
2021-02-07 07:00:00,80,2,1.1428571428571428,0.0,0.0,0.14026666666666668,optimal
2021-02-07 07:30:00,80,2,0.0,0.0,0.0,0.09866666666666668,optimal
2021-02-07 08:00:00,80,2,0.30773117536877403,0.0,0.0,0.18186666666666668,optimal
2021-02-07 08:30:00,80,2,0.7750926356847448,0.0,0.0,0.064,optimal
2021-02-07 09:00:00,80,2,0.5651188041445547,0.0,0.0,0.9134666666666668,optimal
2021-02-07 09:30:00,80,2,0.7406731330451379,0.0,0.0,0.064,optimal
2021-02-07 10:00:00,80,2,0.6527615278344936,0.0,0.0,0.21653333333333333,optimal
2021-02-07 10:30:00,80,2,0.7006204890809464,0.0,0.0,0.07366666666666667,optimal
2021-02-07 11:00:00,80,2,0.642330007428758,0.0,0.0,0.09179999999999999,optimal
2021-02-07 11:30:00,80,2,0.6106347693335235,0.0,0.0,0.1957333333333333,optimal
2021-02-07 12:00:00,80,2,0.7143486926208126,0.0,0.0,0.064,optimal
2021-02-07 12:30:00,80,2,1.1428571428571428,0.0,0.0,0.1472,optimal
2021-02-07 13:00:00,80,2,1.1428571428571428,0.0,0.0,0.13333333333333333,optimal
2021-02-07 13:30:00,80,2,1.1428571428571428,0.0,0.0,0.064,optimal
2021-02-07 14:00:00,80,2,1.1428571428571428,0.0,0.0,0.11946666666666668,optimal
2021-02-07 14:30:00,80,2,1.1428571428571428,0.0,0.0,0.16040000000000001,optimal
2021-02-07 15:00:00,80,2,1.1428571428571428,0.5418518518518518,0.0,0.37106666666666666,optimal
2021-02-07 15:30:00,80,2,1.1428571428571428,0.0,0.0,0.1862666666666667,optimal
2021-02-07 16:00:00,80,2,0.0,0.0,0.0,0.21653333333333333,optimal
2021-02-07 16:30:00,80,2,0.0,0.1548148148148148,0.0,0.18516666666666662,optimal
2021-02-07 17:00:00,80,2,0.0,0.23222222222222222,0.0,0.24066666666666664,optimal
2021-02-07 17:30:00,80,2,0.0,0.5418518518518518,0.0,0.2601,optimal
2021-02-07 18:00:00,80,2,0.0,0.1548148148148148,0.0,0.32689999999999997,optimal
2021-02-07 18:30:00,80,2,0.0,0.0,0.0,0.353,optimal
2021-02-07 19:00:00,80,2,0.0,0.3096296296296296,0.0,0.24213333333333334,optimal
2021-02-07 19:30:00,80,2,0.4367518128626853,0.0,0.0,0.49606666666666666,optimal
2021-02-07 20:00:00,80,2,0.5668184795293506,0.0,0.0,0.24066666666666664,optimal
2021-02-07 20:30:00,80,2,0.0,0.0,0.0,0.2786666666666667,optimal
2021-02-07 21:00:00,80,2,0.0,0.0,0.0,0.4461,optimal
2021-02-07 21:30:00,80,2,0.0,0.1548148148148148,0.0,0.3406666666666667,optimal
2021-02-07 22:00:00,80,2,0.0,0.0,0.0,0.4814,optimal
2021-02-07 22:30:00,80,2,0.0,0.387037037037037,0.0,0.6107333333333334,optimal
2021-02-07 23:00:00,80,2,0.0,0.0,0.0,0.31706666666666666,optimal
2021-02-07 23:30:00,80,2,0.0,0.0,0.0,0.19446666666666668,optimal
2021-02-08 00:00:00,80,2,0.0,0.0,0.0,0.055,optimal
2021-02-08 00:30:00,80,2,0.0,0.0,0.0,0.1958,optimal
2021-02-08 01:00:00,80,2,0.0,0.0,0.0,0.055,optimal
2021-02-08 01:30:00,80,2,0.32046458649544246,0.0,0.0,0.1766,optimal
2021-02-08 02:00:00,80,2,1.1428571428571428,0.0,0.0,0.0742,optimal
2021-02-08 02:30:00,80,2,1.1428571428571428,0.0,0.0,0.055,optimal
2021-02-08 03:00:00,80,2,1.1428571428571428,0.0,0.0,0.1958,optimal
2021-02-08 03:30:00,80,2,1.1428571428571428,0.0,0.0,0.055,optimal
2021-02-08 04:00:00,80,2,1.1428571428571428,0.0,0.0,0.055,optimal
2021-02-08 04:30:00,80,2,1.1428571428571428,0.0,0.0,0.1958,optimal
2021-02-08 05:00:00,80,2,1.1428571428571428,0.0,0.0,0.055,optimal
2021-02-08 05:30:00,80,2,1.1428571428571428,0.0,0.0,0.1894,optimal
2021-02-08 06:00:00,80,2,1.1428571428571428,0.0,0.0,0.061399999999999996,optimal
2021-02-08 06:30:00,80,2,1.1428571428571428,0.0,5.7772990756292515,0.05766666666666666,optimal
2021-02-08 07:00:00,80,2,1.1428571428571428,1.1611111111111108,10.0,0.5447666666666666,optimal
2021-02-08 07:30:00,80,2,1.1428571428571428,0.46444444444444444,0.0,0.7984,optimal
2021-02-08 08:00:00,80,2,0.5692197765916078,6.579629629629631,0.0,0.2878,optimal
2021-02-08 08:30:00,80,2,0.5974758806952076,0.0774074074074074,0.0,1.1551,optimal
2021-02-08 09:00:00,80,2,0.5430604674845428,0.3096296296296296,0.0,0.2546,optimal
2021-02-08 09:30:00,80,2,0.4491958351386737,0.0,0.0,0.53,optimal
2021-02-08 10:00:00,80,2,0.4579217482934022,0.0,0.0,0.2153333333333333,optimal
2021-02-08 10:30:00,80,2,0.37692923778213483,0.0,0.0,1.8671333333333329,optimal
2021-02-08 11:00:00,80,2,0.2553067907806077,0.1548148148148148,0.0,3.054,optimal
2021-02-08 11:30:00,80,2,0.31841925810559046,0.5418518518518518,0.0,1.626266666666667,optimal
2021-02-08 12:00:00,80,2,1.0421286742708424,0.0774074074074074,0.0,0.16419999999999998,optimal
2021-02-08 12:30:00,80,2,1.1428571428571428,0.0,0.0,0.0714,optimal
2021-02-08 13:00:00,80,2,1.1428571428571428,0.0,0.0,0.1994,optimal
2021-02-08 13:30:00,80,2,1.1428571428571428,0.0,0.0,0.065,optimal
2021-02-08 14:00:00,80,2,1.1428571428571428,0.0,0.0,0.1802,optimal
2021-02-08 14:30:00,80,2,1.1428571428571428,0.0,0.0,0.0906,optimal
2021-02-08 15:00:00,80,2,1.1428571428571428,0.0,0.0,0.065,optimal
2021-02-08 15:30:00,80,2,1.1428571428571428,0.0,0.0,0.2058,optimal
2021-02-08 16:00:00,80,2,0.0,0.0,0.0,0.065,optimal
2021-02-08 16:30:00,80,2,0.0,0.0,0.0,0.1418,optimal
2021-02-08 17:00:00,80,2,0.0,0.0774074074074074,0.0,0.651,optimal
2021-02-08 17:30:00,80,2,0.0,0.387037037037037,0.0,1.2196666666666667,optimal
2021-02-08 18:00:00,80,2,0.0,0.6192592592592592,0.0,0.8544666666666667,optimal
2021-02-08 18:30:00,80,2,0.0,0.23222222222222222,0.0,0.2113333333333333,optimal
2021-02-08 19:00:00,80,2,0.0,0.1548148148148148,0.0,0.1182,optimal
2021-02-08 19:30:00,80,2,0.6165793046338094,0.23222222222222222,0.0,0.3366,optimal
2021-02-08 20:00:00,80,2,0.6305201274558714,0.23222222222222222,0.0,0.29893333333333333,optimal
2021-02-08 20:30:00,80,2,0.0,0.46444444444444444,0.0,0.251,optimal
2021-02-08 21:00:00,80,2,0.0,0.23222222222222222,0.0,0.5756,optimal
2021-02-08 21:30:00,80,2,0.0,0.0,0.0,0.3994666666666666,optimal
2021-02-08 22:00:00,80,2,0.0,0.387037037037037,0.0,0.4040666666666667,optimal
2021-02-08 22:30:00,80,2,0.0,0.0,0.0,0.22513333333333332,optimal
2021-02-08 23:00:00,80,2,0.0,0.0,0.0,0.065,optimal
2021-02-08 23:30:00,80,2,0.0,0.0,0.0,0.20313333333333333,optimal
2021-02-09 00:00:00,80,2,0.0,0.0,0.0,0.061,optimal
2021-02-09 00:30:00,80,2,0.0,0.0,0.0,0.061,optimal
2021-02-09 01:00:00,80,2,0.20097667058190996,0.0,0.0,0.16033333333333336,optimal
2021-02-09 01:30:00,80,2,1.1428571428571428,0.0,0.0,0.1772,optimal
2021-02-09 02:00:00,80,2,1.1428571428571428,0.0,0.0,0.06653333333333333,optimal
2021-02-09 02:30:00,80,2,1.1428571428571428,0.0,0.0,0.1274,optimal
2021-02-09 03:00:00,80,2,1.1428571428571428,0.0,0.0,0.1312333333333333,optimal
2021-02-09 03:30:00,80,2,1.1428571428571428,0.0,0.0,0.14543333333333333,optimal
2021-02-09 04:00:00,80,2,1.1428571428571428,0.0,0.0,0.06596666666666667,optimal
2021-02-09 04:30:00,80,2,1.1428571428571428,0.0,0.0,0.23836666666666667,optimal
2021-02-09 05:00:00,80,2,1.1428571428571428,0.0,0.0,0.09973333333333333,optimal
2021-02-09 05:30:00,80,2,1.1428571428571428,0.0,0.0,0.1345,optimal
2021-02-09 06:00:00,80,2,1.1428571428571428,0.0,7.52364648049853,0.2079,optimal
2021-02-09 06:30:00,80,2,1.1428571428571428,0.0,10.0,0.247,optimal
2021-02-09 07:00:00,80,2,1.1428571428571428,0.0,0.0,0.2586,optimal
2021-02-09 07:30:00,80,2,1.1428571428571428,0.0,0.0,0.17673333333333333,optimal
2021-02-09 08:00:00,80,2,0.8446551897144502,0.0,0.0,0.061,optimal
2021-02-09 08:30:00,80,2,0.7750762716542842,0.0,0.0,0.2820666666666667,optimal
2021-02-09 09:00:00,80,2,0.7740852232063435,0.0,0.0,0.061,optimal
2021-02-09 09:30:00,80,2,0.6551750061336544,0.3096296296296296,0.0,0.2552,optimal
2021-02-09 10:00:00,80,2,0.4971808406225262,0.0,0.0,0.3166666666666667,optimal
2021-02-09 10:30:00,80,2,0.5460477232206862,0.1548148148148148,0.0,0.12433333333333331,optimal
2021-02-09 11:00:00,80,2,0.4608067823152616,0.0,0.0,0.11503333333333332,optimal
2021-02-09 11:30:00,80,2,0.4892011112158369,0.0,0.0,0.2275,optimal
2021-02-09 12:00:00,80,2,0.4489309943175892,0.0,0.0,0.13556666666666667,optimal
2021-02-09 12:30:00,80,2,0.4695176177979556,0.0,0.0,0.06633333333333333,optimal
2021-02-09 13:00:00,80,2,1.1428571428571428,0.0,0.0,0.1772,optimal
2021-02-09 13:30:00,80,2,1.1428571428571428,0.0,0.0,0.06653333333333333,optimal
2021-02-09 14:00:00,80,2,1.1428571428571428,0.0,0.0,0.19223333333333328,optimal
2021-02-09 14:30:00,80,2,1.1428571428571428,0.1548148148148148,0.0,0.22526666666666667,optimal
2021-02-09 15:00:00,80,2,1.1428571428571428,0.0,0.0,0.14573333333333333,optimal
2021-02-09 15:30:00,80,2,1.1428571428571428,0.1548148148148148,0.0,0.23,optimal
2021-02-09 16:00:00,80,2,0.0,0.1548148148148148,0.0,0.10683333333333331,optimal
2021-02-09 16:30:00,80,2,0.0,0.0,0.0,0.3102,optimal
2021-02-09 17:00:00,80,2,0.0,0.387037037037037,0.0,1.0405333333333333,optimal
2021-02-09 17:30:00,80,2,0.0,0.0774074074074074,0.0,0.12840000000000001,optimal
2021-02-09 18:00:00,80,2,0.0,0.0,0.0,0.16093333333333334,optimal
2021-02-09 18:30:00,80,2,0.0,0.3096296296296296,0.0,0.1433,optimal
2021-02-09 19:00:00,80,2,0.0,0.1548148148148148,0.0,0.25789999999999996,optimal
2021-02-09 19:30:00,80,2,0.3757074744939577,0.6966666666666667,0.0,0.089,optimal
2021-02-09 20:00:00,80,2,0.5692538926521813,0.0,0.0,0.30086666666666667,optimal
2021-02-09 20:30:00,80,2,0.0,0.0,0.0,0.25553333333333333,optimal
2021-02-09 21:00:00,80,2,0.0,0.0,0.0,0.4498666666666667,optimal
2021-02-09 21:30:00,80,2,0.0,0.0,0.0,0.23126666666666668,optimal
2021-02-09 22:00:00,80,2,0.0,0.1548148148148148,0.0,0.22016666666666662,optimal
2021-02-09 22:30:00,80,2,0.0,0.0,0.0,0.24226666666666669,optimal
2021-02-09 23:00:00,80,2,0.0,0.1548148148148148,0.0,0.22766666666666663,optimal
2021-02-09 23:30:00,80,2,0.0,0.0,0.0,0.071,optimal
2021-02-10 00:00:00,80,2,0.0,0.0,0.0,0.063,optimal
2021-02-10 00:30:00,80,2,0.0,0.0,0.0,0.063,optimal
2021-02-10 01:00:00,80,2,0.31766433704231745,0.0,0.0,0.1842666666666667,optimal
2021-02-10 01:30:00,80,2,1.1428571428571428,0.0,0.0,0.09866666666666668,optimal
2021-02-10 02:00:00,80,2,1.1428571428571428,0.0,0.0,0.063,optimal
2021-02-10 02:30:00,80,2,1.1428571428571428,0.0,0.0,0.21993333333333331,optimal
2021-02-10 03:00:00,80,2,1.1428571428571428,0.0,0.0,0.063,optimal
2021-02-10 03:30:00,80,2,1.1428571428571428,0.0,0.0,0.1557333333333333,optimal
2021-02-10 04:00:00,80,2,1.1428571428571428,0.0,0.0,0.1272,optimal
2021-02-10 04:30:00,80,2,1.1428571428571428,0.0,0.0,0.063,optimal
2021-02-10 05:00:00,80,2,1.1428571428571428,0.0,0.0,0.063,optimal
2021-02-10 05:30:00,80,2,1.1428571428571428,0.0,0.0,0.21993333333333331,optimal
2021-02-10 06:00:00,80,2,1.1428571428571428,0.0,0.9607798741357879,0.061,optimal
2021-02-10 06:30:00,80,2,1.1428571428571428,9.366296296296296,10.0,0.22326666666666667,optimal
2021-02-10 07:00:00,80,2,1.1428571428571428,0.6192592592592592,10.0,0.2383,optimal
2021-02-10 07:30:00,80,2,1.1428571428571428,0.0,0.0,0.19966666666666663,optimal
2021-02-10 08:00:00,80,2,0.5996721567349256,6.502222222222222,0.0,0.8063333333333333,optimal
2021-02-10 08:30:00,80,2,0.4951199485277308,0.5418518518518518,0.0,1.3116333333333334,optimal
2021-02-10 09:00:00,80,2,0.4805851992836123,1.8577777777777778,0.0,0.46113333333333334,optimal
2021-02-10 09:30:00,80,2,0.5238768006002349,0.0,0.0,0.339,optimal
2021-02-10 10:00:00,80,2,0.41132339698508785,0.5418518518518518,0.0,0.47603333333333336,optimal
2021-02-10 10:30:00,80,2,0.48842066940111845,0.0,0.0,0.289,optimal
2021-02-10 11:00:00,80,2,0.3663670645467018,0.6192592592592592,0.0,0.42686666666666667,optimal
2021-02-10 11:30:00,80,2,0.3398414366335913,0.3096296296296296,0.0,0.3634,optimal
2021-02-10 12:00:00,80,2,0.28743863106107786,0.23222222222222222,0.0,0.41223333333333334,optimal
2021-02-10 12:30:00,80,2,0.9105022702509082,0.3096296296296296,0.0,1.8825,optimal
2021-02-10 13:00:00,80,2,1.1428571428571428,0.0,0.0,1.6960333333333333,optimal
2021-02-10 13:30:00,80,2,1.1428571428571428,0.6192592592592592,0.0,1.4720333333333333,optimal
2021-02-10 14:00:00,80,2,1.1428571428571428,0.0,0.0,0.31126666666666664,optimal
2021-02-10 14:30:00,80,2,1.1428571428571428,0.0,0.0,0.1889,optimal
2021-02-10 15:00:00,80,2,1.1428571428571428,0.0,0.0,0.073,optimal
2021-02-10 15:30:00,80,2,1.1428571428571428,0.0,0.0,0.18713333333333332,optimal
2021-02-10 16:00:00,80,2,0.0,0.0,0.0,0.1158,optimal
2021-02-10 16:30:00,80,2,0.0,0.0,0.0,0.073,optimal
2021-02-10 17:00:00,80,2,0.0,0.0,0.0,0.1586,optimal
2021-02-10 17:30:00,80,2,0.0,0.0,0.0,0.187,optimal
2021-02-10 18:00:00,80,2,0.0,0.0,0.0,0.207,optimal
2021-02-10 18:30:00,80,2,0.0,0.6966666666666667,0.0,0.17753333333333332,optimal
2021-02-10 19:00:00,80,2,0.0,0.1548148148148148,0.0,0.2549666666666667,optimal
2021-02-10 19:30:00,80,2,0.6224260599554792,0.387037037037037,0.0,0.34213333333333334,optimal
2021-02-10 20:00:00,80,2,0.6370925106906595,0.23222222222222222,0.0,0.202,optimal
2021-02-10 20:30:00,80,2,0.0,0.0,0.0,1.9136,optimal
2021-02-10 21:00:00,80,2,0.0,0.0,0.0,0.3133333333333333,optimal
2021-02-10 21:30:00,80,2,0.0,0.0,0.0,0.4864666666666666,optimal
2021-02-10 22:00:00,80,2,0.0,0.23222222222222222,0.0,0.2473333333333333,optimal
2021-02-10 22:30:00,80,2,0.0,0.0,0.0,0.346,optimal
2021-02-10 23:00:00,80,2,0.0,2.0899999999999994,0.0,0.42960000000000004,optimal
2021-02-10 23:30:00,80,2,0.0,0.0,0.0,0.073,optimal
2021-02-11 00:00:00,80,2,1.1428571428571428,0.0,0.0,0.052,optimal
2021-02-11 00:30:00,80,2,1.1428571428571428,0.0,0.0,0.052,optimal
2021-02-11 01:00:00,80,2,1.1428571428571428,0.0,0.0,0.052,optimal
2021-02-11 01:30:00,80,2,1.1428571428571428,0.0,0.0,0.1192,optimal
2021-02-11 02:00:00,80,2,1.1428571428571428,0.0,0.0,0.052,optimal
2021-02-11 02:30:00,80,2,1.1428571428571428,0.0,0.0,0.052,optimal
2021-02-11 03:00:00,80,2,1.1428571428571428,0.0,0.0,0.052,optimal
2021-02-11 03:30:00,80,2,1.1428571428571428,0.0,0.0,0.1192,optimal
2021-02-11 04:00:00,80,2,1.1428571428571428,0.0,0.0,0.052,optimal
2021-02-11 04:30:00,80,2,1.1428571428571428,0.0,0.0,0.052,optimal
2021-02-11 05:00:00,80,2,1.1428571428571428,0.0,0.0,0.1192,optimal
2021-02-11 05:30:00,80,2,1.1428571428571428,0.0,0.0,0.057,optimal
2021-02-11 06:00:00,80,2,1.1428571428571428,0.0,0.0,0.12919999999999998,optimal
2021-02-11 06:30:00,80,2,1.1428571428571428,0.0,8.363504174064376,0.059,optimal
2021-02-11 07:00:00,80,2,1.1428571428571428,0.0,10.0,0.1192,optimal
2021-02-11 07:30:00,80,2,1.1428571428571428,0.7791979188343698,0.0,0.052,optimal
2021-02-11 08:00:00,80,2,0.8502496465557807,0.0774074074074074,0.0,0.05433333333333334,optimal
2021-02-11 08:30:00,80,2,0.7764247550921272,0.0774074074074074,0.0,0.9902000000000001,optimal
2021-02-11 09:00:00,80,2,0.7336074209035385,3.0962962962962957,0.0,0.10946666666666668,optimal
2021-02-11 09:30:00,80,2,0.5400526555751727,0.0,0.0,0.7492000000000001,optimal
2021-02-11 10:00:00,80,2,0.31578512358399813,0.5418518518518518,0.0,0.918,optimal
2021-02-11 10:30:00,80,2,0.8469271262076751,0.0,0.0,0.12786666666666666,optimal
2021-02-11 11:00:00,80,2,1.1428571428571428,0.0,0.0,0.062,optimal
2021-02-11 11:30:00,80,2,1.1428571428571428,0.0,0.0,0.10306666666666667,optimal
2021-02-11 12:00:00,80,2,1.1428571428571428,0.0,0.0,0.08813333333333334,optimal
2021-02-11 12:30:00,80,2,1.1428571428571428,0.0,0.0,0.118,optimal
2021-02-11 13:00:00,80,2,1.1428571428571428,0.0,0.0,0.0732,optimal
2021-02-11 13:30:00,80,2,1.1428571428571428,0.0,0.0,0.062,optimal
2021-02-11 14:00:00,80,2,1.1428571428571428,0.0,0.0,0.12919999999999998,optimal
2021-02-11 14:30:00,80,2,1.1428571428571428,0.0,0.0,0.062,optimal
2021-02-11 15:00:00,80,2,1.1428571428571428,0.0,0.0,0.062,optimal
2021-02-11 15:30:00,80,2,1.1428571428571428,0.0,0.0,0.062,optimal
2021-02-11 16:00:00,80,2,0.0,0.0,0.0,0.062,optimal
2021-02-11 16:30:00,80,2,0.0,0.0,0.0,0.062,optimal
2021-02-11 17:00:00,80,2,0.0,0.0,0.0,0.12919999999999998,optimal
2021-02-11 17:30:00,80,2,0.0,0.0,0.0,0.062,optimal
2021-02-11 18:00:00,80,2,0.0,0.0,0.0,0.12919999999999998,optimal
2021-02-11 18:30:00,80,2,0.0,0.0,0.0,0.062,optimal
2021-02-11 19:00:00,80,2,0.0,0.0,0.0,0.12853333333333333,optimal
2021-02-11 19:30:00,80,2,1.0121909628311525,0.0,0.0,0.9778,optimal
2021-02-11 20:00:00,80,2,1.0419426528027684,0.1548148148148148,0.0,0.13026666666666667,optimal
2021-02-11 20:30:00,80,2,0.0,0.0,0.0,0.1272,optimal
2021-02-11 21:00:00,80,2,0.0,0.0,0.0,0.068,optimal
2021-02-11 21:30:00,80,2,0.0,0.0,0.0,0.11133333333333331,optimal
2021-02-11 22:00:00,80,2,0.0,0.0,0.0,0.18786666666666668,optimal
2021-02-11 22:30:00,80,2,0.0,0.387037037037037,0.0,0.07,optimal
2021-02-11 23:00:00,80,2,0.0,0.0,0.0,0.1297333333333333,optimal
2021-02-11 23:30:00,80,2,0.0,0.0,0.0,0.07013333333333334,optimal
2021-02-12 00:00:00,80,2,1.1428571428571428,0.0,0.0,0.037,optimal
2021-02-12 00:30:00,80,2,1.1428571428571428,0.0,0.0,0.037,optimal
2021-02-12 01:00:00,80,2,1.1428571428571428,0.0,0.0,0.037,optimal
2021-02-12 01:30:00,80,2,1.1428571428571428,0.0,0.0,0.037,optimal
2021-02-12 02:00:00,80,2,1.1428571428571428,0.0,0.0,0.037,optimal
2021-02-12 02:30:00,80,2,1.1428571428571428,0.0,0.0,0.037,optimal
2021-02-12 03:00:00,80,2,1.1428571428571428,0.0,0.0,0.037,optimal
2021-02-12 03:30:00,80,2,1.1428571428571428,0.0,0.0,0.037,optimal
2021-02-12 04:00:00,80,2,1.1428571428571428,0.0,0.0,0.037,optimal
2021-02-12 04:30:00,80,2,1.1428571428571428,0.0,0.0,0.037,optimal
2021-02-12 05:00:00,80,2,1.1428571428571428,0.0,0.0,0.037,optimal
2021-02-12 05:30:00,80,2,1.1428571428571428,0.0,0.0,0.037,optimal
2021-02-12 06:00:00,80,2,1.1428571428571428,0.0,0.11721612563341548,0.04533333333333334,optimal
2021-02-12 06:30:00,80,2,1.1428571428571428,0.0,10.0,0.047,optimal
2021-02-12 07:00:00,80,2,1.1428571428571428,0.0,10.0,0.047,optimal
2021-02-12 07:30:00,80,2,1.1428571428571428,9.401599921307247,0.0,0.047,optimal
2021-02-12 08:00:00,80,2,0.9553000386560573,0.0,0.0,0.047,optimal
2021-02-12 08:30:00,80,2,0.9638560563870647,0.0,0.0,0.047,optimal
2021-02-12 09:00:00,80,2,0.8431517385794269,1.006296296296296,0.0,0.045,optimal
2021-02-12 09:30:00,80,2,0.8474641149669984,0.0,0.0,0.047,optimal
2021-02-12 10:00:00,80,2,0.6400966531763245,0.0,0.0,0.047,optimal
2021-02-12 10:30:00,80,2,0.6229846177143334,0.0,0.0,0.047,optimal
2021-02-12 11:00:00,80,2,0.5103862200908492,0.0,0.0,0.047,optimal
2021-02-12 11:30:00,80,2,0.49405673946761924,0.3096296296296296,0.0,0.04633333333333334,optimal
2021-02-12 12:00:00,80,2,0.42558792585850547,0.23222222222222222,0.0,0.041466666666666666,optimal
2021-02-12 12:30:00,80,2,0.7301767250220197,0.0,0.0,0.09666666666666669,optimal
2021-02-12 13:00:00,80,2,1.1428571428571428,0.387037037037037,0.0,0.04986666666666667,optimal
2021-02-12 13:30:00,80,2,1.1428571428571428,0.0,0.0,0.08866666666666667,optimal
2021-02-12 14:00:00,80,2,1.1428571428571428,0.0,0.0,0.047,optimal
2021-02-12 14:30:00,80,2,1.1428571428571428,0.0,0.0,0.2886666666666667,optimal
2021-02-12 15:00:00,80,2,1.1428571428571428,0.0,0.0,0.18966666666666662,optimal
2021-02-12 15:30:00,80,2,1.1428571428571428,0.0,0.0,0.2622333333333333,optimal
2021-02-12 16:00:00,80,2,0.0,0.23222222222222222,0.0,1.271,optimal
2021-02-12 16:30:00,80,2,0.0,0.0774074074074074,0.0,0.4274333333333333,optimal
2021-02-12 17:00:00,80,2,0.0,0.0,0.0,0.28586666666666666,optimal
2021-02-12 17:30:00,80,2,0.0,0.0774074074074074,0.0,0.07666666666666667,optimal
2021-02-12 18:00:00,80,2,0.0,0.1548148148148148,0.0,0.04686666666666667,optimal
2021-02-12 18:30:00,80,2,0.0,2.012592592592592,0.0,0.14853333333333332,optimal
2021-02-12 19:00:00,80,2,0.0,0.1548148148148148,0.0,0.18419999999999997,optimal
2021-02-12 19:30:00,80,2,0.7316280942762798,0.23222222222222222,0.0,0.0659,optimal
2021-02-12 20:00:00,80,2,0.6871537221893916,0.23222222222222222,0.0,0.23153333333333334,optimal
2021-02-12 20:30:00,80,2,0.0,0.0,0.0,0.33,optimal
2021-02-12 21:00:00,80,2,0.0,0.0,0.0,0.30293333333333333,optimal
2021-02-12 21:30:00,80,2,0.0,0.1548148148148148,0.0,0.3068,optimal
2021-02-12 22:00:00,80,2,0.0,0.0774074074074074,0.0,0.3340666666666667,optimal
2021-02-12 22:30:00,80,2,0.0,0.0,0.0,0.452,optimal
2021-02-12 23:00:00,80,2,0.0,0.0,0.0,0.4063,optimal
2021-02-12 23:30:00,80,2,0.0,0.0,0.0,0.36826666666666663,optimal
2021-02-13 00:00:00,80,2,0.0,0.0,0.0,0.065,optimal
2021-02-13 00:30:00,80,2,0.25317330328686777,0.0,0.0,0.064,optimal
2021-02-13 01:00:00,80,2,1.1428571428571428,0.0,0.0,0.06983333333333333,optimal
2021-02-13 01:30:00,80,2,1.1428571428571428,0.0,0.0,0.17483333333333334,optimal
2021-02-13 02:00:00,80,2,1.1428571428571428,0.0,0.0,0.064,optimal
2021-02-13 02:30:00,80,2,1.1428571428571428,0.0,0.0,0.07566666666666667,optimal
2021-02-13 03:00:00,80,2,1.1428571428571428,0.0,0.0,0.169,optimal
2021-02-13 03:30:00,80,2,1.1428571428571428,0.0,0.0,0.064,optimal
2021-02-13 04:00:00,80,2,1.1428571428571428,0.0,1.3880345192489518,0.064,optimal
2021-02-13 04:30:00,80,2,1.1428571428571428,0.0,10.0,0.08733333333333333,optimal
2021-02-13 05:00:00,80,2,1.1428571428571428,0.0,10.0,0.15733333333333335,optimal
2021-02-13 05:30:00,80,2,1.1428571428571428,0.0,10.0,0.064,optimal
2021-02-13 06:00:00,80,2,1.1428571428571428,0.0,10.0,0.064,optimal
2021-02-13 06:30:00,80,2,1.1428571428571428,0.0,10.0,0.17283333333333334,optimal
2021-02-13 07:00:00,80,2,1.1428571428571428,0.0,0.0,0.06783333333333333,optimal
2021-02-13 07:30:00,80,2,1.1428571428571428,0.0,0.0,0.1044,optimal
2021-02-13 08:00:00,80,2,0.7609498170185609,0.6192592592592592,0.0,0.19126666666666667,optimal
2021-02-13 08:30:00,80,2,0.6898965268715334,0.5418518518518518,0.0,0.17980000000000002,optimal
2021-02-13 09:00:00,80,2,0.5602085885012776,0.1548148148148148,0.0,0.39516666666666667,optimal
2021-02-13 09:30:00,80,2,0.37938213776609514,1.9351851851851853,0.0,3.056833333333333,optimal
2021-02-13 10:00:00,80,2,0.406710342791726,0.6192592592592592,0.0,0.7112333333333334,optimal
2021-02-13 10:30:00,80,2,0.4218970526446923,0.46444444444444444,0.0,0.5704666666666667,optimal
2021-02-13 11:00:00,80,2,0.22569446605121568,0.0,0.0,1.8329000000000002,optimal
2021-02-13 11:30:00,80,2,0.3595383187613283,0.2740222222222222,0.0,0.4929,optimal
2021-02-13 12:00:00,80,2,0.3003972552825067,0.7322740740740741,0.0,0.4604333333333333,optimal
2021-02-13 12:30:00,80,2,0.6218784234700808,0.3096296296296296,0.0,0.3334,optimal
2021-02-13 13:00:00,80,2,1.1428571428571428,0.1548148148148148,0.0,0.274,optimal
2021-02-13 13:30:00,80,2,1.1428571428571428,0.0,0.0,0.16119999999999998,optimal
2021-02-13 14:00:00,80,2,1.1428571428571428,0.0,0.0,0.3075,optimal
2021-02-13 14:30:00,80,2,1.1428571428571428,0.0,0.0,0.34,optimal
2021-02-13 15:00:00,80,2,1.1428571428571428,0.0,0.0,0.074,optimal
2021-02-13 15:30:00,80,2,1.1428571428571428,0.0,0.0,0.109,optimal
2021-02-13 16:00:00,80,2,0.0,0.0,0.0,0.15566666666666665,optimal
2021-02-13 16:30:00,80,2,0.0,0.0,0.0,0.074,optimal
2021-02-13 17:00:00,80,2,0.0,0.6192592592592592,0.0,1.8218333333333332,optimal
2021-02-13 17:30:00,80,2,0.0,2.8640740740740736,0.0,0.3025333333333334,optimal
2021-02-13 18:00:00,80,2,0.0,0.1548148148148148,0.0,0.48386666666666667,optimal
2021-02-13 18:30:00,80,2,0.0,0.0774074074074074,0.0,0.8296666666666667,optimal
2021-02-13 19:00:00,80,2,0.0,0.5418518518518518,0.0,0.6566666666666666,optimal
2021-02-13 19:30:00,80,2,0.5527328561810353,0.23222222222222222,0.0,0.42356666666666665,optimal
2021-02-13 20:00:00,80,2,0.5194299126655831,0.0,0.0,0.5872666666666666,optimal
2021-02-13 20:30:00,80,2,0.0,0.23222222222222222,0.0,0.5573666666666667,optimal
2021-02-13 21:00:00,80,2,0.0,0.0,0.0,0.8754333333333333,optimal
2021-02-13 21:30:00,80,2,0.0,0.1548148148148148,0.0,1.3131,optimal
2021-02-13 22:00:00,80,2,0.0,0.3096296296296296,0.0,0.9103333333333333,optimal
2021-02-13 22:30:00,80,2,0.0,0.1548148148148148,0.0,0.3528,optimal
2021-02-13 23:00:00,80,2,0.0,0.0,0.0,0.438,optimal
2021-02-13 23:30:00,80,2,0.0,0.0,0.0,0.12266666666666669,optimal
2021-02-07 00:00:00,81,2,0.0,0.0,0.0,0.2602,optimal
2021-02-07 00:30:00,81,2,0.0,0.0,0.0,0.3948,optimal
2021-02-07 01:00:00,81,2,0.0,0.0,0.0,3.7421333333333333,optimal
2021-02-07 01:30:00,81,2,0.0,0.1548148148148148,0.0,0.2084333333333333,optimal
2021-02-07 02:00:00,81,2,0.0,0.0,0.0,0.0922,optimal
2021-02-07 02:30:00,81,2,0.0,0.0,0.0,0.20936666666666667,optimal
2021-02-07 03:00:00,81,2,0.0,0.0,0.0,0.13363333333333333,optimal
2021-02-07 03:30:00,81,2,0.0,0.0,0.0,0.16906666666666667,optimal
2021-02-07 04:00:00,81,2,1.1428571428571428,0.0,0.0,0.17393333333333333,optimal
2021-02-07 04:30:00,81,2,1.1428571428571428,0.0,0.0,0.0692,optimal
2021-02-07 05:00:00,81,2,1.1428571428571428,0.0,0.0,0.2738,optimal
2021-02-07 05:30:00,81,2,1.1428571428571428,0.0,0.0,0.062,optimal
2021-02-07 06:00:00,81,2,1.1428571428571428,0.0,0.0,0.1268,optimal
2021-02-07 06:30:00,81,2,1.1428571428571428,0.0,0.0,0.1636,optimal
2021-02-07 07:00:00,81,2,1.1428571428571428,0.0,1.9104478659086885,0.11913333333333334,optimal
2021-02-07 07:30:00,81,2,0.0,0.0,0.0,0.17186666666666667,optimal
2021-02-07 08:00:00,81,2,0.0,0.0,0.0,0.144,optimal
2021-02-07 08:30:00,81,2,0.05609729088344376,0.0774074074074074,0.0,0.9451333333333332,optimal
2021-02-07 09:00:00,81,2,0.377589280335031,0.46444444444444444,0.0,2.0845,optimal
2021-02-07 09:30:00,81,2,0.5177474187594246,0.0774074074074074,0.0,2.300766666666667,optimal
2021-02-07 10:00:00,81,2,0.4172624802154517,6.811851851851851,0.0,2.5569,optimal
2021-02-07 10:30:00,81,2,0.47683858431904824,0.0,0.0,0.5581333333333334,optimal
2021-02-07 11:00:00,81,2,0.43070810266685444,0.23222222222222222,0.0,2.5064333333333333,optimal
2021-02-07 11:30:00,81,2,0.45498715028590647,0.0,0.0,1.2464000000000002,optimal
2021-02-07 12:00:00,81,2,0.42555499292782445,0.0,0.0,0.5697000000000001,optimal
2021-02-07 12:30:00,81,2,0.39771594530877136,0.3096296296296296,0.0,2.313266666666667,optimal
2021-02-07 13:00:00,81,2,1.0964399482731682,0.0,0.0,1.9163333333333332,optimal
2021-02-07 13:30:00,81,2,1.1428571428571428,0.0,0.0,0.2304,optimal
2021-02-07 14:00:00,81,2,1.1428571428571428,0.0,0.0,0.1326,optimal
2021-02-07 14:30:00,81,2,1.1428571428571428,0.0,0.0,0.09359999999999999,optimal
2021-02-07 15:00:00,81,2,1.1428571428571428,0.0,0.0,0.5933999999999999,optimal
2021-02-07 15:30:00,81,2,1.1428571428571428,0.0,0.0,0.439,optimal
2021-02-07 16:00:00,81,2,0.0,0.0,0.0,0.2859333333333333,optimal
2021-02-07 16:30:00,81,2,0.0,0.0774074074074074,0.0,2.4574000000000003,optimal
2021-02-07 17:00:00,81,2,0.0,6.579629629629631,0.0,1.6924333333333335,optimal
2021-02-07 17:30:00,81,2,0.0,0.5418518518518518,0.0,3.417333333333333,optimal
2021-02-07 18:00:00,81,2,0.0,0.387037037037037,0.0,0.4183,optimal
2021-02-07 18:30:00,81,2,0.0,0.0,0.0,1.646766666666667,optimal
2021-02-07 19:00:00,81,2,0.0,1.433585185185185,0.0,1.1390333333333333,optimal
2021-02-07 19:30:00,81,2,0.0,0.5790074074074074,0.0,2.7020333333333335,optimal
2021-02-07 20:00:00,81,2,0.0,0.0,0.0,1.1118666666666666,optimal
2021-02-07 20:30:00,81,2,0.0,0.0,0.0,0.3989333333333333,optimal
2021-02-07 21:00:00,81,2,0.0,0.387037037037037,0.0,0.43260000000000004,optimal
2021-02-07 21:30:00,81,2,0.0,0.1548148148148148,0.0,0.44126666666666664,optimal
2021-02-07 22:00:00,81,2,0.0,0.0,0.0,0.4996333333333333,optimal
2021-02-07 22:30:00,81,2,0.0,0.5418518518518518,0.0,0.2897,optimal
2021-02-07 23:00:00,81,2,0.0,0.6192592592592592,0.0,1.5740666666666665,optimal
2021-02-07 23:30:00,81,2,0.0,0.0,0.0,0.7949333333333333,optimal
2021-02-08 00:00:00,81,2,0.0,0.0,0.0,0.06,optimal
2021-02-08 00:30:00,81,2,0.0,0.0,0.0,0.108,optimal
2021-02-08 01:00:00,81,2,0.0,0.0,0.0,0.19393333333333332,optimal
2021-02-08 01:30:00,81,2,0.0,0.0,0.0,0.07426666666666666,optimal
2021-02-08 02:00:00,81,2,1.08022036530188,0.0,0.0,0.096,optimal
2021-02-08 02:30:00,81,2,1.1428571428571428,0.0,0.0,0.156,optimal
2021-02-08 03:00:00,81,2,1.1428571428571428,0.0,0.0,0.06,optimal
2021-02-08 03:30:00,81,2,1.1428571428571428,0.23222222222222222,0.0,0.2142333333333333,optimal
2021-02-08 04:00:00,81,2,1.1428571428571428,0.0,0.0,0.12306666666666666,optimal
2021-02-08 04:30:00,81,2,1.1428571428571428,0.0,0.0,0.14513333333333334,optimal
2021-02-08 05:00:00,81,2,1.1428571428571428,0.0,0.0,0.1782,optimal
2021-02-08 05:30:00,81,2,1.1428571428571428,0.0,0.0,0.072,optimal
2021-02-08 06:00:00,81,2,1.1428571428571428,0.0,0.0,0.19783333333333328,optimal
2021-02-08 06:30:00,81,2,1.1428571428571428,0.0,2.9898226045187926,0.10636666666666666,optimal
2021-02-08 07:00:00,81,2,1.1428571428571428,1.1038296296296297,10.0,0.1683,optimal
2021-02-08 07:30:00,81,2,1.1428571428571428,1.9150592592592588,0.0,0.5412666666666667,optimal
2021-02-08 08:00:00,81,2,0.5130131099249426,0.3096296296296296,0.0,1.1042333333333332,optimal
2021-02-08 08:30:00,81,2,0.5168625473618745,1.6255555555555554,0.0,1.4421,optimal
2021-02-08 09:00:00,81,2,0.46516522938929883,0.6192592592592592,0.0,1.3938,optimal
2021-02-08 09:30:00,81,2,0.5175025018053302,1.6255555555555554,0.0,0.5082666666666666,optimal
2021-02-08 10:00:00,81,2,0.345481748293408,0.0,0.0,1.1042,optimal
2021-02-08 10:30:00,81,2,0.3543482854011798,0.1548148148148148,0.0,0.4832666666666667,optimal
2021-02-08 11:00:00,81,2,0.1953934574472834,0.0,0.0,0.8784,optimal
2021-02-08 11:30:00,81,2,0.17358021048653924,0.0,0.0,1.0255333333333334,optimal
2021-02-08 12:00:00,81,2,0.2661995025311525,0.0,0.0,0.2827333333333333,optimal
2021-02-08 12:30:00,81,2,0.27672919908585963,0.1548148148148148,0.0,0.5041666666666667,optimal
2021-02-08 13:00:00,81,2,1.1428571428571428,0.0,0.0,1.1589,optimal
2021-02-08 13:30:00,81,2,1.1428571428571428,0.0,0.0,0.3943666666666667,optimal
2021-02-08 14:00:00,81,2,1.1428571428571428,0.0,0.0,0.243,optimal
2021-02-08 14:30:00,81,2,1.1428571428571428,0.0,0.0,0.32039999999999996,optimal
2021-02-08 15:00:00,81,2,1.1428571428571428,0.0,0.0,0.1325,optimal
2021-02-08 15:30:00,81,2,1.1428571428571428,0.1548148148148148,0.0,0.2710666666666667,optimal
2021-02-08 16:00:00,81,2,0.0,0.0,0.0,0.2796666666666667,optimal
2021-02-08 16:30:00,81,2,0.0,0.46444444444444444,0.0,0.17373333333333332,optimal
2021-02-08 17:00:00,81,2,0.0,0.0,0.0,0.3534,optimal
2021-02-08 17:30:00,81,2,0.0,0.1548148148148148,0.0,0.9174,optimal
2021-02-08 18:00:00,81,2,0.0,0.0,0.0,1.6418666666666666,optimal
2021-02-08 18:30:00,81,2,0.0,2.7866666666666666,0.0,1.117733333333333,optimal
2021-02-08 19:00:00,81,2,0.0,0.1548148148148148,0.0,1.0567,optimal
2021-02-08 19:30:00,81,2,0.0,1.0837037037037036,0.0,0.8955,optimal
2021-02-08 20:00:00,81,2,0.3356101961056911,0.1548148148148148,0.0,0.5251333333333333,optimal
2021-02-08 20:30:00,81,2,0.0,0.1548148148148148,0.0,0.3610333333333334,optimal
2021-02-08 21:00:00,81,2,0.0,0.23222222222222222,0.0,0.4116666666666667,optimal
2021-02-08 21:30:00,81,2,0.0,0.0,0.0,0.4993,optimal
2021-02-08 22:00:00,81,2,0.0,0.5418518518518518,0.0,0.3151666666666667,optimal
2021-02-08 22:30:00,81,2,0.0,0.0,0.0,0.37160000000000004,optimal
2021-02-08 23:00:00,81,2,0.0,0.0,0.0,0.07,optimal
2021-02-08 23:30:00,81,2,0.0,0.0,0.0,0.13419999999999999,optimal
2021-02-09 00:00:00,81,2,0.0,0.0,0.0,0.055666666666666656,optimal
2021-02-09 00:30:00,81,2,0.0,0.0,0.0,0.08983333333333333,optimal
2021-02-09 01:00:00,81,2,0.2575877074862958,0.0,0.0,0.11883333333333332,optimal
2021-02-09 01:30:00,81,2,1.1428571428571428,0.0,0.0,0.056,optimal
2021-02-09 02:00:00,81,2,1.1428571428571428,0.0,0.0,0.15266666666666664,optimal
2021-02-09 02:30:00,81,2,1.1428571428571428,0.0,0.0,0.056,optimal
2021-02-09 03:00:00,81,2,1.1428571428571428,0.0,0.0,0.15266666666666664,optimal
2021-02-09 03:30:00,81,2,1.1428571428571428,0.0,0.0,0.056,optimal
2021-02-09 04:00:00,81,2,1.1428571428571428,0.0,0.0,0.13333333333333333,optimal
2021-02-09 04:30:00,81,2,1.1428571428571428,0.0,0.0,0.07533333333333334,optimal
2021-02-09 05:00:00,81,2,1.1428571428571428,0.0,0.0,0.13333333333333333,optimal
2021-02-09 05:30:00,81,2,1.1428571428571428,0.0,0.0,0.07533333333333334,optimal
2021-02-09 06:00:00,81,2,1.1428571428571428,0.0,0.0,0.09566666666666669,optimal
2021-02-09 06:30:00,81,2,1.1428571428571428,0.387037037037037,0.0,0.12366666666666669,optimal
2021-02-09 07:00:00,81,2,1.1428571428571428,0.46444444444444444,6.800795097865974,0.09883333333333331,optimal
2021-02-09 07:30:00,81,2,1.1428571428571428,0.46444444444444444,0.0,0.1272333333333333,optimal
2021-02-09 08:00:00,81,2,0.5779313801906351,0.774074074074074,0.0,1.2994,optimal
2021-02-09 08:30:00,81,2,0.5834857954638113,0.387037037037037,0.0,1.3057333333333332,optimal
2021-02-09 09:00:00,81,2,0.560056651777775,0.387037037037037,0.0,0.2413333333333333,optimal
2021-02-09 09:30:00,81,2,0.5469369108955632,0.46444444444444444,0.0,0.1883333333333333,optimal
2021-02-09 10:00:00,81,2,0.43975226919395355,0.0,0.0,0.25153333333333333,optimal
2021-02-09 10:30:00,81,2,0.43961915179211764,0.23222222222222222,0.0,0.1977333333333333,optimal
2021-02-09 11:00:00,81,2,0.5297401156485887,0.0,0.0,0.095,optimal
2021-02-09 11:30:00,81,2,0.5165534921682147,0.0,0.0,0.13366666666666666,optimal
2021-02-09 12:00:00,81,2,0.46382623241283333,0.0,0.0,0.08533333333333333,optimal
2021-02-09 12:30:00,81,2,0.666350896973977,0.0,0.0,0.14333333333333334,optimal
2021-02-09 13:00:00,81,2,1.1428571428571428,0.0,0.0,0.066,optimal
2021-02-09 13:30:00,81,2,1.1428571428571428,0.0,0.0,0.16266666666666665,optimal
2021-02-09 14:00:00,81,2,1.1428571428571428,0.0,0.0,0.065,optimal
2021-02-09 14:30:00,81,2,1.1428571428571428,0.0,0.0,0.065,optimal
2021-02-09 15:00:00,81,2,1.1428571428571428,0.0,0.0,1.268733333333333,optimal
2021-02-09 15:30:00,81,2,1.1428571428571428,0.0,0.0,1.583766666666667,optimal
2021-02-09 16:00:00,81,2,0.0,0.1548148148148148,0.0,0.44110000000000005,optimal
2021-02-09 16:30:00,81,2,0.0,0.0,0.0,0.4978333333333333,optimal
2021-02-09 17:00:00,81,2,0.0,0.387037037037037,0.0,0.7316666666666666,optimal
2021-02-09 17:30:00,81,2,0.0,0.0,0.0,0.2079,optimal
2021-02-09 18:00:00,81,2,0.0,0.0,0.0,0.3008,optimal
2021-02-09 18:30:00,81,2,0.0,0.6610592592592595,0.0,0.08173333333333334,optimal
2021-02-09 19:00:00,81,2,0.0,0.11301481481481486,0.0,0.17066666666666666,optimal
2021-02-09 19:30:00,81,2,0.7119681783664633,0.1548148148148148,0.0,0.16190000000000002,optimal
2021-02-09 20:00:00,81,2,0.6111300831283764,0.3096296296296296,0.0,0.2839,optimal
2021-02-09 20:30:00,81,2,0.0,0.23222222222222222,0.0,0.16240000000000002,optimal
2021-02-09 21:00:00,81,2,0.0,0.0,0.0,0.21966666666666662,optimal
2021-02-09 21:30:00,81,2,0.0,0.0,0.0,1.347233333333333,optimal
2021-02-09 22:00:00,81,2,0.0,0.0,0.0,0.1376,optimal
2021-02-09 22:30:00,81,2,0.0,0.0,0.0,0.21956666666666663,optimal
2021-02-09 23:00:00,81,2,0.0,0.0,0.0,0.09983333333333332,optimal
2021-02-09 23:30:00,81,2,0.0,0.0,0.0,0.066,optimal
2021-02-10 00:00:00,81,2,0.0,0.0,0.0,0.1288,optimal
2021-02-10 00:30:00,81,2,0.0,0.0,0.0,0.061,optimal
2021-02-10 01:00:00,81,2,0.7122192253040449,0.0,0.0,0.2204,optimal
2021-02-10 01:30:00,81,2,1.1428571428571428,0.0,0.0,0.217,optimal
2021-02-10 02:00:00,81,2,1.1428571428571428,0.0,0.0,0.061,optimal
2021-02-10 02:30:00,81,2,1.1428571428571428,0.0,0.0,0.2417,optimal
2021-02-10 03:00:00,81,2,1.1428571428571428,0.0,0.0,0.19569999999999999,optimal
2021-02-10 03:30:00,81,2,1.1428571428571428,0.0,0.0,0.061,optimal
2021-02-10 04:00:00,81,2,1.1428571428571428,0.0,0.0,0.30860000000000004,optimal
2021-02-10 04:30:00,81,2,1.1428571428571428,0.0,0.0,0.1288,optimal
2021-02-10 05:00:00,81,2,1.1428571428571428,0.0,0.0,0.1404,optimal
2021-02-10 05:30:00,81,2,1.1428571428571428,0.0,0.0,0.1372,optimal
2021-02-10 06:00:00,81,2,1.1428571428571428,0.0,7.693618426006998,0.2326,optimal
2021-02-10 06:30:00,81,2,1.1428571428571428,0.0,10.0,0.1004,optimal
2021-02-10 07:00:00,81,2,1.1428571428571428,0.0,10.0,0.071,optimal
2021-02-10 07:30:00,81,2,1.1428571428571428,0.0,0.0,0.1731,optimal
2021-02-10 08:00:00,81,2,0.4699750138777817,0.0,0.0,1.6608,optimal
2021-02-10 08:30:00,81,2,0.5211885199563046,0.3096296296296296,0.0,1.6669,optimal
2021-02-10 09:00:00,81,2,0.5775242469026636,0.0,0.0,0.7596,optimal
2021-02-10 09:30:00,81,2,0.7515053720287991,0.0,0.0,0.13766666666666666,optimal
2021-02-10 10:00:00,81,2,0.6106376826993681,0.0,0.0,0.2368,optimal
2021-02-10 10:30:00,81,2,0.6088492408296908,0.0,0.0,0.2196,optimal
2021-02-10 11:00:00,81,2,0.5611670645467085,0.0,0.0,0.10243333333333333,optimal
2021-02-10 11:30:00,81,2,0.5387938175859719,0.0,0.0,0.16576666666666667,optimal
2021-02-10 12:00:00,81,2,0.45135482153726336,0.0,0.0,0.13040000000000002,optimal
2021-02-10 12:30:00,81,2,0.4022976786801284,0.0,0.0,0.30210000000000004,optimal
2021-02-10 13:00:00,81,2,1.1428571428571428,0.0,0.0,0.11563333333333334,optimal
2021-02-10 13:30:00,81,2,1.1428571428571428,0.0,0.0,0.2482666666666667,optimal
2021-02-10 14:00:00,81,2,1.1428571428571428,0.0,0.0,0.19013333333333332,optimal
2021-02-10 14:30:00,81,2,1.1428571428571428,0.0,0.0,2.202866666666667,optimal
2021-02-10 15:00:00,81,2,1.1428571428571428,0.0,0.0,0.6725,optimal
2021-02-10 15:30:00,81,2,1.1428571428571428,0.0,0.0,0.2874,optimal
2021-02-10 16:00:00,81,2,0.0,0.0,0.0,0.6531,optimal
2021-02-10 16:30:00,81,2,0.0,0.0,0.0,0.4668,optimal
2021-02-10 17:00:00,81,2,0.0,0.387037037037037,0.0,0.8351666666666666,optimal
2021-02-10 17:30:00,81,2,0.0,0.387037037037037,0.0,2.2565,optimal
2021-02-10 18:00:00,81,2,0.0,0.6192592592592592,0.0,2.2739000000000003,optimal
2021-02-10 18:30:00,81,2,0.0,0.23222222222222222,0.0,1.7321,optimal
2021-02-10 19:00:00,81,2,0.0,0.0,0.0,1.178766666666667,optimal
2021-02-10 19:30:00,81,2,0.0,0.0,0.0,0.3015,optimal
2021-02-10 20:00:00,81,2,0.6244460655872781,0.0,0.0,0.071,optimal
2021-02-10 20:30:00,81,2,0.0,0.0,0.0,0.139,optimal
2021-02-10 21:00:00,81,2,0.0,0.0,0.0,0.2535666666666666,optimal
2021-02-10 21:30:00,81,2,0.0,0.0,0.0,0.3255,optimal
2021-02-10 22:00:00,81,2,0.0,0.3096296296296296,0.0,0.3153333333333333,optimal
2021-02-10 22:30:00,81,2,0.0,0.0,0.0,2.6713,optimal
2021-02-10 23:00:00,81,2,0.0,2.4770370370370367,0.0,0.23986666666666667,optimal
2021-02-10 23:30:00,81,2,0.0,0.0,0.0,0.18680000000000002,optimal
2021-02-11 00:00:00,81,2,1.1428571428571428,0.0,0.0,0.057,optimal
2021-02-11 00:30:00,81,2,1.1428571428571428,0.0,0.0,0.057,optimal
2021-02-11 01:00:00,81,2,1.1428571428571428,0.0,0.0,0.057,optimal
2021-02-11 01:30:00,81,2,1.1428571428571428,0.0,0.0,0.057,optimal
2021-02-11 02:00:00,81,2,1.1428571428571428,0.0,0.0,0.1266,optimal
2021-02-11 02:30:00,81,2,1.1428571428571428,0.0,0.0,0.057,optimal
2021-02-11 03:00:00,81,2,1.1428571428571428,0.0,0.0,0.057,optimal
2021-02-11 03:30:00,81,2,1.1428571428571428,0.0,0.0,0.08020000000000001,optimal
2021-02-11 04:00:00,81,2,1.1428571428571428,0.0,0.0,0.1034,optimal
2021-02-11 04:30:00,81,2,1.1428571428571428,0.0,0.0,0.057,optimal
2021-02-11 05:00:00,81,2,1.1428571428571428,0.0,0.0,0.07633333333333332,optimal
2021-02-11 05:30:00,81,2,1.1428571428571428,0.0,0.0,0.10726666666666668,optimal
2021-02-11 06:00:00,81,2,1.1428571428571428,0.0,0.0,0.05766666666666666,optimal
2021-02-11 06:30:00,81,2,1.1428571428571428,0.0,8.875181214396234,0.1366,optimal
2021-02-11 07:00:00,81,2,1.1428571428571428,0.0,10.0,0.058333333333333334,optimal
2021-02-11 07:30:00,81,2,1.1428571428571428,2.73701979477808,0.0,0.057,optimal
2021-02-11 08:00:00,81,2,0.8677258370319707,0.46444444444444444,0.0,0.055666666666666656,optimal
2021-02-11 08:30:00,81,2,0.8117333265206909,1.1611111111111108,0.0,0.1326,optimal
2021-02-11 09:00:00,81,2,0.7281312304273586,0.0,0.0,0.15206666666666666,optimal
2021-02-11 09:30:00,81,2,0.6356774174799331,0.0,0.0,0.24586666666666668,optimal
2021-02-11 10:00:00,81,2,0.4448041712030489,0.1548148148148148,0.0,0.264,optimal
2021-02-11 10:30:00,81,2,0.627167462491279,0.0,0.0,0.1366,optimal
2021-02-11 11:00:00,81,2,0.5761245612717457,0.0,0.0,0.067,optimal
2021-02-11 11:30:00,81,2,0.5296775900185909,0.0,0.0,0.11726666666666669,optimal
2021-02-11 12:00:00,81,2,0.4320400808024259,0.0,0.0,0.08633333333333333,optimal
2021-02-11 12:30:00,81,2,0.9088218953368984,0.0,0.0,0.067,optimal
2021-02-11 13:00:00,81,2,1.1428571428571428,0.0,0.0,0.09793333333333333,optimal
2021-02-11 13:30:00,81,2,1.1428571428571428,0.0,0.0,0.10566666666666669,optimal
2021-02-11 14:00:00,81,2,1.1428571428571428,0.0,0.0,0.10953333333333332,optimal
2021-02-11 14:30:00,81,2,1.1428571428571428,0.0,0.0,0.09406666666666666,optimal
2021-02-11 15:00:00,81,2,1.1428571428571428,0.0,0.0,0.07086666666666666,optimal
2021-02-11 15:30:00,81,2,1.1428571428571428,0.0,0.0,1.7846333333333335,optimal
2021-02-11 16:00:00,81,2,0.0,0.1548148148148148,0.0,0.304,optimal
2021-02-11 16:30:00,81,2,0.0,0.46444444444444444,0.0,0.4756,optimal
2021-02-11 17:00:00,81,2,0.0,0.6192592592592592,0.0,0.3911,optimal
2021-02-11 17:30:00,81,2,0.0,0.0,0.0,1.3260999999999998,optimal
2021-02-11 18:00:00,81,2,0.0,0.46444444444444444,0.0,2.8566,optimal
2021-02-11 18:30:00,81,2,0.0,0.0774074074074074,0.0,1.9565333333333332,optimal
2021-02-11 19:00:00,81,2,0.0,0.387037037037037,0.0,0.2723333333333333,optimal
2021-02-11 19:30:00,81,2,0.8377947723549622,0.0,0.0,0.28363333333333335,optimal
2021-02-11 20:00:00,81,2,0.9302664623265876,0.3096296296296296,0.0,0.1889,optimal
2021-02-11 20:30:00,81,2,0.0,0.0,0.0,0.2258666666666667,optimal
2021-02-11 21:00:00,81,2,0.0,0.0,0.0,0.23963333333333334,optimal
2021-02-11 21:30:00,81,2,0.0,0.0,0.0,0.2216,optimal
2021-02-11 22:00:00,81,2,0.0,0.0,0.0,0.4224666666666666,optimal
2021-02-11 22:30:00,81,2,0.0,0.0,0.0,0.504,optimal
2021-02-11 23:00:00,81,2,0.0,0.0774074074074074,0.0,0.30739999999999995,optimal
2021-02-11 23:30:00,81,2,0.0,0.0,0.0,0.1018,optimal
2021-02-12 00:00:00,81,2,1.1428571428571428,0.0,0.0,0.09079999999999999,optimal
2021-02-12 00:30:00,81,2,1.1428571428571428,0.3096296296296296,0.0,0.3754333333333333,optimal
2021-02-12 01:00:00,81,2,1.1428571428571428,0.0,0.0,0.2710666666666667,optimal
2021-02-12 01:30:00,81,2,1.1428571428571428,0.0,0.0,0.054,optimal
2021-02-12 02:00:00,81,2,1.1428571428571428,0.0,0.0,0.1266,optimal
2021-02-12 02:30:00,81,2,1.1428571428571428,0.0,0.0,0.14593333333333333,optimal
2021-02-12 03:00:00,81,2,1.1428571428571428,0.0,0.0,0.10653333333333331,optimal
2021-02-12 03:30:00,81,2,1.1428571428571428,0.0,0.0,0.1266,optimal
2021-02-12 04:00:00,81,2,1.1428571428571428,0.0,0.0,0.19190000000000002,optimal
2021-02-12 04:30:00,81,2,1.1428571428571428,0.0,0.0,0.06056666666666667,optimal
2021-02-12 05:00:00,81,2,1.1428571428571428,0.0,0.0,0.11309999999999999,optimal
2021-02-12 05:30:00,81,2,1.1428571428571428,0.0,0.0,0.13936666666666667,optimal
2021-02-12 06:00:00,81,2,1.1428571428571428,0.0,0.0,0.054,optimal
2021-02-12 06:30:00,81,2,1.1428571428571428,0.46444444444444444,5.773380550887348,0.26289999999999997,optimal
2021-02-12 07:00:00,81,2,1.1428571428571428,0.387037037037037,10.0,0.295,optimal
2021-02-12 07:30:00,81,2,1.1428571428571428,7.07809608437878,0.0,0.11013333333333333,optimal
2021-02-12 08:00:00,81,2,0.8399476577036802,0.0,0.0,0.22306666666666664,optimal
2021-02-12 08:30:00,81,2,0.8959893897203947,0.23222222222222222,0.0,0.06833333333333333,optimal
2021-02-12 09:00:00,81,2,0.7754469766746585,0.1548148148148148,0.0,0.19253333333333333,optimal
2021-02-12 09:30:00,81,2,0.6931498292527145,0.1548148148148148,0.0,0.13583333333333333,optimal
2021-02-12 10:00:00,81,2,0.5028680817477615,0.0,0.0,0.26203333333333334,optimal
2021-02-12 10:30:00,81,2,0.46567033200004115,0.0,0.0,0.3101666666666667,optimal
2021-02-12 11:00:00,81,2,0.40064336294798414,0.3096296296296296,0.0,0.16366666666666665,optimal
2021-02-12 11:30:00,81,2,0.06768912041999862,0.46444444444444444,0.0,1.8991666666666667,optimal
2021-02-12 12:00:00,81,2,0.3342736401442096,2.7092592592592597,0.0,0.17346666666666666,optimal
2021-02-12 12:30:00,81,2,0.3396013023781252,2.1674074074074072,0.0,0.19,optimal
2021-02-12 13:00:00,81,2,1.1428571428571428,0.3096296296296296,0.0,0.2612,optimal
2021-02-12 13:30:00,81,2,1.1428571428571428,0.23222222222222222,0.0,0.17593333333333333,optimal
2021-02-12 14:00:00,81,2,1.1428571428571428,0.1548148148148148,0.0,0.07833333333333332,optimal
2021-02-12 14:30:00,81,2,1.1428571428571428,0.23222222222222222,0.0,0.0734,optimal
2021-02-12 15:00:00,81,2,1.1428571428571428,0.0,0.0,0.072,optimal
2021-02-12 15:30:00,81,2,1.1428571428571428,0.0774074074074074,0.0,0.2019,optimal
2021-02-12 16:00:00,81,2,0.0,0.0,0.0,0.1422,optimal
2021-02-12 16:30:00,81,2,0.0,0.9288888888888889,0.0,0.13240000000000002,optimal
2021-02-12 17:00:00,81,2,0.0,0.1548148148148148,0.0,0.4503333333333333,optimal
2021-02-12 17:30:00,81,2,0.0,0.46444444444444444,0.0,0.15103333333333332,optimal
2021-02-12 18:00:00,81,2,0.0,0.23222222222222222,0.0,0.5196333333333333,optimal
2021-02-12 18:30:00,81,2,0.0,0.3096296296296296,0.0,1.0839333333333334,optimal
2021-02-12 19:00:00,81,2,0.0,0.6192592592592592,0.0,0.7604,optimal
2021-02-12 19:30:00,81,2,0.5384123033616323,0.0,0.0,0.33813333333333334,optimal
2021-02-12 20:00:00,81,2,0.6487822936179642,0.0,0.0,0.19906666666666664,optimal
2021-02-12 20:30:00,81,2,0.0,0.0,0.0,0.34876666666666667,optimal
2021-02-12 21:00:00,81,2,0.0,0.0,0.0,0.2862,optimal
2021-02-12 21:30:00,81,2,0.0,0.0,0.0,0.7489333333333332,optimal
2021-02-12 22:00:00,81,2,0.0,0.1548148148148148,0.0,0.41956666666666664,optimal
2021-02-12 22:30:00,81,2,0.0,0.23222222222222222,0.0,0.35283333333333333,optimal
2021-02-12 23:00:00,81,2,0.0,0.0774074074074074,0.0,0.27393333333333336,optimal
2021-02-12 23:30:00,81,2,0.0,0.0,0.0,0.14973333333333333,optimal
2021-02-13 00:00:00,81,2,0.0,0.3096296296296296,0.0,0.16963333333333333,optimal
2021-02-13 00:30:00,81,2,0.0,2.2448148148148146,0.0,0.4159666666666666,optimal
2021-02-13 01:00:00,81,2,0.0,0.6192592592592592,0.0,0.238,optimal
2021-02-13 01:30:00,81,2,0.9925051265684918,0.0,0.0,0.17033333333333334,optimal
2021-02-13 02:00:00,81,2,1.1428571428571428,0.0,0.0,0.3336,optimal
2021-02-13 02:30:00,81,2,1.1428571428571428,0.0,0.0,0.3791333333333333,optimal
2021-02-13 03:00:00,81,2,1.1428571428571428,0.0,0.0,0.1338,optimal
2021-02-13 03:30:00,81,2,1.1428571428571428,0.0,0.0,0.10733333333333331,optimal
2021-02-13 04:00:00,81,2,1.1428571428571428,0.0,0.0,0.069,optimal
2021-02-13 04:30:00,81,2,1.1428571428571428,0.0,0.0,0.069,optimal
2021-02-13 05:00:00,81,2,1.1428571428571428,0.0,0.0,0.1849333333333333,optimal
2021-02-13 05:30:00,81,2,1.1428571428571428,0.0,0.0,0.10740000000000001,optimal
2021-02-13 06:00:00,81,2,1.1428571428571428,0.0,0.0,0.08433333333333333,optimal
2021-02-13 06:30:00,81,2,1.1428571428571428,0.46444444444444444,0.9719428223554049,0.2724,optimal
2021-02-13 07:00:00,81,2,1.1428571428571428,0.46444444444444444,10.0,0.4044666666666666,optimal
2021-02-13 07:30:00,81,2,1.1428571428571428,0.3096296296296296,0.0,0.7092999999999999,optimal
2021-02-13 08:00:00,81,2,0.6995364836852324,0.0774074074074074,0.0,1.1336666666666668,optimal
2021-02-13 08:30:00,81,2,0.7820298602048642,0.23222222222222222,0.0,0.19713333333333333,optimal
2021-02-13 09:00:00,81,2,0.7947838265965219,0.0,0.0,0.24659999999999999,optimal
2021-02-13 09:30:00,81,2,0.7848830901470479,0.0,0.0,0.2891,optimal
2021-02-13 10:00:00,81,2,0.6819274856488665,0.0,0.0,0.18753333333333333,optimal
2021-02-13 10:30:00,81,2,0.6885046716923003,0.0,0.0,0.11166666666666669,optimal
2021-02-13 11:00:00,81,2,0.5786430374797932,0.0,0.0,0.069,optimal
2021-02-13 11:30:00,81,2,0.5521230806660877,0.0,0.0,0.15433333333333335,optimal
2021-02-13 12:00:00,81,2,0.5057972552825005,0.0,0.0,0.138,optimal
2021-02-13 12:30:00,81,2,1.079488574401035,0.0,0.0,0.08606666666666667,optimal
2021-02-13 13:00:00,81,2,1.1428571428571428,0.0,0.0,0.20626666666666668,optimal
2021-02-13 13:30:00,81,2,1.1428571428571428,0.0,0.0,0.069,optimal
2021-02-13 14:00:00,81,2,1.1428571428571428,0.0,0.0,0.267,optimal
2021-02-13 14:30:00,81,2,1.1428571428571428,0.0,0.0,0.2911,optimal
2021-02-13 15:00:00,81,2,1.1428571428571428,0.23222222222222222,0.0,0.2483333333333333,optimal
2021-02-13 15:30:00,81,2,1.1428571428571428,0.0,0.0,0.4128,optimal
2021-02-13 16:00:00,81,2,0.0,0.1548148148148148,0.0,0.2317333333333333,optimal
2021-02-13 16:30:00,81,2,0.0,0.0,0.0,0.15369999999999998,optimal
2021-02-13 17:00:00,81,2,0.0,0.0,0.0,0.13169999999999998,optimal
2021-02-13 17:30:00,81,2,0.0,0.0,0.0,0.1572333333333333,optimal
2021-02-13 18:00:00,81,2,0.0,0.0,0.0,0.20806666666666662,optimal
2021-02-13 18:30:00,81,2,0.0,0.3096296296296296,0.0,3.6915,optimal
2021-02-13 19:00:00,81,2,0.0,0.0774074074074074,0.0,1.0483333333333333,optimal
2021-02-13 19:30:00,81,2,0.6461633323715201,0.46444444444444444,0.0,0.8787,optimal
2021-02-13 20:00:00,81,2,0.620077531713211,0.5418518518518518,0.0,0.5630333333333333,optimal
2021-02-13 20:30:00,81,2,0.0,0.1548148148148148,0.0,0.4109,optimal
2021-02-13 21:00:00,81,2,0.0,0.0,0.0,0.33676666666666666,optimal
2021-02-13 21:30:00,81,2,0.0,0.0,0.0,0.4515,optimal
2021-02-13 22:00:00,81,2,0.0,0.0,0.0,1.8878,optimal
2021-02-13 22:30:00,81,2,0.0,0.0,0.0,1.2659333333333334,optimal
2021-02-13 23:00:00,81,2,0.0,0.1548148148148148,0.0,0.29419999999999996,optimal
2021-02-13 23:30:00,81,2,0.0,0.0,0.0,0.3921,optimal
2021-02-07 00:00:00,82,2,0.0,0.0,0.0,0.062,optimal
2021-02-07 00:30:00,82,2,0.0,0.0,0.0,0.12409999999999999,optimal
2021-02-07 01:00:00,82,2,0.0,0.0,0.0,0.1517,optimal
2021-02-07 01:30:00,82,2,0.0,0.0,0.0,0.062,optimal
2021-02-07 02:00:00,82,2,0.0,0.0,0.0,0.1931,optimal
2021-02-07 02:30:00,82,2,0.0,0.0,0.0,0.08436666666666666,optimal
2021-02-07 03:00:00,82,2,0.0,0.0,0.0,0.10133333333333332,optimal
2021-02-07 03:30:00,82,2,0.0,0.0,0.0,0.0868,optimal
2021-02-07 04:00:00,82,2,1.1428571428571428,0.0,0.0,0.1931,optimal
2021-02-07 04:30:00,82,2,1.1428571428571428,0.0,0.0,0.1385,optimal
2021-02-07 05:00:00,82,2,1.1428571428571428,0.0,0.0,0.062,optimal
2021-02-07 05:30:00,82,2,1.1428571428571428,0.0,0.0,0.21380000000000002,optimal
2021-02-07 06:00:00,82,2,1.1428571428571428,0.0,0.0,0.1178,optimal
2021-02-07 06:30:00,82,2,1.1428571428571428,0.0,0.0,0.1034,optimal
2021-02-07 07:00:00,82,2,1.1428571428571428,0.0774074074074074,2.623502212245243,0.1999333333333333,optimal
2021-02-07 07:30:00,82,2,0.0,0.3096296296296296,0.0,0.103,optimal
2021-02-07 08:00:00,82,2,0.1903857563486376,0.0,0.0,0.1448,optimal
2021-02-07 08:30:00,82,2,0.5166259690180777,0.3096296296296296,0.0,0.38906666666666667,optimal
2021-02-07 09:00:00,82,2,0.5287264231921732,0.23222222222222222,0.0,0.44706666666666667,optimal
2021-02-07 09:30:00,82,2,0.4797969425689415,0.6966666666666667,0.0,0.5745,optimal
2021-02-07 10:00:00,82,2,0.4445615278345013,0.0,0.0,0.5024,optimal
2021-02-07 10:30:00,82,2,0.24889096527142648,0.0,0.0,1.5376333333333334,optimal
2021-02-07 11:00:00,82,2,0.4466500074287546,0.5418518518518518,0.0,0.4038333333333333,optimal
2021-02-07 11:30:00,82,2,0.4149204836192342,6.037777777777776,0.0,0.5011666666666666,optimal
2021-02-07 12:00:00,82,2,0.40395499292781806,0.0,0.0,0.36519999999999997,optimal
2021-02-07 12:30:00,82,2,0.38945023102305504,0.0,0.0,0.44896666666666657,optimal
2021-02-07 13:00:00,82,2,1.1428571428571428,0.0,0.0,0.488,optimal
2021-02-07 13:30:00,82,2,1.1428571428571428,0.0,0.0,0.17486666666666667,optimal
2021-02-07 14:00:00,82,2,1.1428571428571428,0.0,0.0,0.2652,optimal
2021-02-07 14:30:00,82,2,1.1428571428571428,0.0,0.0,0.07133333333333333,optimal
2021-02-07 15:00:00,82,2,1.1428571428571428,0.0,0.0,0.14453333333333332,optimal
2021-02-07 15:30:00,82,2,1.1428571428571428,0.23222222222222222,0.0,0.4279,optimal
2021-02-07 16:00:00,82,2,0.0,0.0,0.0,0.17980000000000002,optimal
2021-02-07 16:30:00,82,2,0.0,0.0,0.0,0.4224,optimal
2021-02-07 17:00:00,82,2,0.0,0.0,0.0,0.6256,optimal
2021-02-07 17:30:00,82,2,0.0,0.387037037037037,0.0,0.29846666666666666,optimal
2021-02-07 18:00:00,82,2,0.0,0.5836518518518518,0.0,0.4073333333333333,optimal
2021-02-07 18:30:00,82,2,0.0,0.8096814814814816,0.0,0.5251666666666667,optimal
2021-02-07 19:00:00,82,2,0.0,0.23222222222222222,0.0,0.41056666666666664,optimal
2021-02-07 19:30:00,82,2,0.0,0.23222222222222222,0.0,0.5483,optimal
2021-02-07 20:00:00,82,2,0.24207284158246303,0.0,0.0,0.5831333333333333,optimal
2021-02-07 20:30:00,82,2,0.0,0.0,0.0,0.5037666666666667,optimal
2021-02-07 21:00:00,82,2,0.0,0.0,0.0,0.3980666666666667,optimal
2021-02-07 21:30:00,82,2,0.0,0.0,0.0,0.2837333333333333,optimal
2021-02-07 22:00:00,82,2,0.0,0.0,0.0,0.6874666666666667,optimal
2021-02-07 22:30:00,82,2,0.0,0.0,0.0,0.32403333333333334,optimal
2021-02-07 23:00:00,82,2,0.0,0.387037037037037,0.0,0.3988,optimal
2021-02-07 23:30:00,82,2,0.0,0.0,0.0,0.3674666666666666,optimal
2021-02-08 00:00:00,82,2,0.0,0.0,0.0,0.057,optimal
2021-02-08 00:30:00,82,2,0.0,0.0,0.0,0.057,optimal
2021-02-08 01:00:00,82,2,0.0,0.0,0.0,0.08713333333333334,optimal
2021-02-08 01:30:00,82,2,0.4611613536813605,0.0,0.0,0.09466666666666669,optimal
2021-02-08 02:00:00,82,2,1.1428571428571428,0.0,0.0,0.06453333333333333,optimal
2021-02-08 02:30:00,82,2,1.1428571428571428,0.0,0.0,0.11726666666666669,optimal
2021-02-08 03:00:00,82,2,1.1428571428571428,0.0,0.0,0.057,optimal
2021-02-08 03:30:00,82,2,1.1428571428571428,0.0,0.0,0.1248,optimal
2021-02-08 04:00:00,82,2,1.1428571428571428,0.0,0.0,0.057,optimal
2021-02-08 04:30:00,82,2,1.1428571428571428,0.0,0.0,0.057,optimal
2021-02-08 05:00:00,82,2,1.1428571428571428,0.0,0.0,0.1288,optimal
2021-02-08 05:30:00,82,2,1.1428571428571428,0.0,0.0,0.067,optimal
2021-02-08 06:00:00,82,2,1.1428571428571428,0.0,0.0,0.12946666666666667,optimal
2021-02-08 06:30:00,82,2,1.1428571428571428,0.0,0.0,0.057,optimal
2021-02-08 07:00:00,82,2,1.1428571428571428,2.2448148148148146,5.430526447877639,0.31260000000000004,optimal
2021-02-08 07:30:00,82,2,1.1428571428571428,0.387037037037037,0.0,0.3221333333333333,optimal
2021-02-08 08:00:00,82,2,0.6214483480201799,0.23222222222222222,0.0,0.099,optimal
2021-02-08 08:30:00,82,2,0.5905263568856876,2.941481481481482,0.0,0.12869999999999998,optimal
2021-02-08 09:00:00,82,2,0.6290604674845365,0.0,0.0,0.11216666666666669,optimal
2021-02-08 09:30:00,82,2,0.6439196446624753,0.0774074074074074,0.0,0.10653333333333331,optimal
2021-02-08 10:00:00,82,2,0.5633693673410222,0.387037037037037,0.0,0.14566666666666667,optimal
2021-02-08 10:30:00,82,2,0.4623482854011763,0.0,0.0,0.5417000000000001,optimal
2021-02-08 11:00:00,82,2,0.4432115526853691,0.0,0.0,0.2772333333333333,optimal
2021-02-08 11:30:00,82,2,0.47656211524844505,0.0,0.0,0.14703333333333332,optimal
2021-02-08 12:00:00,82,2,0.8077612111693634,0.0,0.0,0.3474,optimal
2021-02-08 12:30:00,82,2,1.1428571428571428,0.0,0.0,0.17046666666666666,optimal
2021-02-08 13:00:00,82,2,1.1428571428571428,0.0,10.0,0.1129,optimal
2021-02-08 13:30:00,82,2,1.1428571428571428,0.0,0.0,0.10843333333333334,optimal
2021-02-08 14:00:00,82,2,1.1428571428571428,0.0,0.0,0.09336666666666665,optimal
2021-02-08 14:30:00,82,2,1.1428571428571428,0.0,0.0,0.067,optimal
2021-02-08 15:00:00,82,2,1.1428571428571428,0.0,0.0,0.067,optimal
2021-02-08 15:30:00,82,2,1.1428571428571428,0.0,0.0,0.1235,optimal
2021-02-08 16:00:00,82,2,0.0,0.0,0.0,0.0783,optimal
2021-02-08 16:30:00,82,2,0.0,0.0,0.0,0.11220000000000001,optimal
2021-02-08 17:00:00,82,2,0.0,0.1548148148148148,0.0,0.1252666666666667,optimal
2021-02-08 17:30:00,82,2,0.0,0.774074074074074,0.0,2.184733333333333,optimal
2021-02-08 18:00:00,82,2,0.0,0.3096296296296296,0.0,0.17276666666666668,optimal
2021-02-08 18:30:00,82,2,0.0,0.0,0.0,0.39303333333333335,optimal
2021-02-08 19:00:00,82,2,0.0,0.0,0.0,0.1348,optimal
2021-02-08 19:30:00,82,2,0.8237221617766719,0.0,0.0,0.067,optimal
2021-02-08 20:00:00,82,2,0.8301391750749244,0.0,0.0,0.067,optimal
2021-02-08 20:30:00,82,2,0.0,0.0,0.0,0.067,optimal
2021-02-08 21:00:00,82,2,0.0,0.0,0.0,0.1348,optimal
2021-02-08 21:30:00,82,2,0.0,0.0,0.0,0.067,optimal
2021-02-08 22:00:00,82,2,0.0,0.0,0.0,0.067,optimal
2021-02-08 22:30:00,82,2,0.0,0.23222222222222222,0.0,0.2288,optimal
2021-02-08 23:00:00,82,2,0.0,0.1548148148148148,0.0,0.208,optimal
2021-02-08 23:30:00,82,2,0.0,2.39962962962963,0.0,0.1883333333333333,optimal
2021-02-09 00:00:00,82,2,0.0,0.0,0.0,0.08593333333333333,optimal
2021-02-09 00:30:00,82,2,0.32327722841481576,0.0,0.0,0.065,optimal
2021-02-09 01:00:00,82,2,1.1428571428571428,0.0,0.0,0.065,optimal
2021-02-09 01:30:00,82,2,1.1428571428571428,0.0,0.0,0.12940000000000002,optimal
2021-02-09 02:00:00,82,2,1.1428571428571428,0.0,0.0,0.11866666666666668,optimal
2021-02-09 02:30:00,82,2,1.1428571428571428,0.0,0.0,0.065,optimal
2021-02-09 03:00:00,82,2,1.1428571428571428,0.0,0.0,0.18306666666666663,optimal
2021-02-09 03:30:00,82,2,1.1428571428571428,0.0,0.0,0.065,optimal
2021-02-09 04:00:00,82,2,1.1428571428571428,0.0,0.0,0.07036666666666666,optimal
2021-02-09 04:30:00,82,2,1.1428571428571428,0.0,0.0,0.1777,optimal
2021-02-09 05:00:00,82,2,1.1428571428571428,0.0,0.0,0.065,optimal
2021-02-09 05:30:00,82,2,1.1428571428571428,0.0,0.0,0.10793333333333334,optimal
2021-02-09 06:00:00,82,2,1.1428571428571428,0.0,2.8218982974277056,0.14013333333333333,optimal
2021-02-09 06:30:00,82,2,1.1428571428571428,0.3096296296296296,10.0,1.1457,optimal
2021-02-09 07:00:00,82,2,1.1428571428571428,0.5418518518518518,0.0,0.175,optimal
2021-02-09 07:30:00,82,2,1.1428571428571428,0.0,0.0,0.075,optimal
2021-02-09 08:00:00,82,2,0.8118551897144501,0.0,0.0,0.17903333333333332,optimal
2021-02-09 08:30:00,82,2,0.8361048430828598,0.0,0.0,0.07036666666666666,optimal
2021-02-09 09:00:00,82,2,0.7688852232063431,0.0,0.0,0.08109999999999999,optimal
2021-02-09 09:30:00,82,2,0.7315178632765129,0.0,0.0,0.16696666666666668,optimal
2021-02-09 10:00:00,82,2,0.6489998882415723,0.0,0.0,0.065,optimal
2021-02-09 10:30:00,82,2,0.6214381994111655,0.0,0.0,0.12403333333333331,optimal
2021-02-09 11:00:00,82,2,0.5185877346962068,0.0,0.0,0.1303666666666667,optimal
2021-02-09 11:30:00,82,2,0.5271820635967952,0.0,0.0,0.09646666666666669,optimal
2021-02-09 12:00:00,82,2,0.6723558762476516,0.0,0.0,0.1676,optimal
2021-02-09 12:30:00,82,2,1.1428571428571428,0.0,0.0,0.065,optimal
2021-02-09 13:00:00,82,2,1.1428571428571428,0.0,0.0,0.17233333333333334,optimal
2021-02-09 13:30:00,82,2,1.1428571428571428,0.0,0.0,0.07906666666666666,optimal
2021-02-09 14:00:00,82,2,1.1428571428571428,0.0,0.0,0.075,optimal
2021-02-09 14:30:00,82,2,1.1428571428571428,0.0,0.0,0.19006666666666663,optimal
2021-02-09 15:00:00,82,2,1.1428571428571428,0.0,0.0,0.065,optimal
2021-02-09 15:30:00,82,2,1.1428571428571428,0.0,0.0,0.069,optimal
2021-02-09 16:00:00,82,2,0.0,0.0,0.0,0.1555,optimal
2021-02-09 16:30:00,82,2,0.0,0.23222222222222222,0.0,0.2162333333333333,optimal
2021-02-09 17:00:00,82,2,0.0,0.0,0.0,0.227,optimal
2021-02-09 17:30:00,82,2,0.0,0.3096296296296296,0.0,0.5193666666666666,optimal
2021-02-09 18:00:00,82,2,0.0,0.3096296296296296,0.0,0.3106333333333333,optimal
2021-02-09 18:30:00,82,2,0.0,0.0,0.0,1.0755,optimal
2021-02-09 19:00:00,82,2,0.0,0.0,0.0,0.7707,optimal
2021-02-09 19:30:00,82,2,0.7057777021759872,0.0,0.0,0.2583333333333333,optimal
2021-02-09 20:00:00,82,2,0.5988634164617018,0.0774074074074074,0.0,0.41886666666666666,optimal
2021-02-09 20:30:00,82,2,0.0,0.0,0.0,0.36110000000000003,optimal
2021-02-09 21:00:00,82,2,0.0,0.0,0.0,0.537,optimal
2021-02-09 21:30:00,82,2,0.0,0.0,0.0,0.3610333333333334,optimal
2021-02-09 22:00:00,82,2,0.0,0.0,0.0,0.4624333333333333,optimal
2021-02-09 22:30:00,82,2,0.0,0.0,0.0,0.5396,optimal
2021-02-09 23:00:00,82,2,0.0,0.0,0.0,0.065,optimal
2021-02-09 23:30:00,82,2,0.0,0.0,0.0,0.16696666666666668,optimal
2021-02-10 00:00:00,82,2,0.0,0.0,0.0,0.12333333333333331,optimal
2021-02-10 00:30:00,82,2,0.0,0.0,0.0,0.07133333333333333,optimal
2021-02-10 01:00:00,82,2,0.6897606810421075,0.0,0.0,0.20726666666666668,optimal
2021-02-10 01:30:00,82,2,1.1428571428571428,0.0,0.0,0.106,optimal
2021-02-10 02:00:00,82,2,1.1428571428571428,0.0,0.0,0.2419333333333333,optimal
2021-02-10 02:30:00,82,2,1.1428571428571428,0.0,0.0,0.054,optimal
2021-02-10 03:00:00,82,2,1.1428571428571428,0.0,0.0,0.12366666666666669,optimal
2021-02-10 03:30:00,82,2,1.1428571428571428,0.0,0.0,0.14626666666666668,optimal
2021-02-10 04:00:00,82,2,1.1428571428571428,0.0,0.0,0.132,optimal
2021-02-10 04:30:00,82,2,1.1428571428571428,0.0,0.0,0.0958,optimal
2021-02-10 05:00:00,82,2,1.1428571428571428,0.0,0.0,0.23913333333333334,optimal
2021-02-10 05:30:00,82,2,1.1428571428571428,0.0,0.0,0.067,optimal
2021-02-10 06:00:00,82,2,1.1428571428571428,0.0,0.0,0.20726666666666668,optimal
2021-02-10 06:30:00,82,2,1.1428571428571428,0.0,7.613220878418474,0.07133333333333333,optimal
2021-02-10 07:00:00,82,2,1.1428571428571428,0.0,10.0,0.19233333333333327,optimal
2021-02-10 07:30:00,82,2,1.1428571428571428,0.387037037037037,0.0,0.409,optimal
2021-02-10 08:00:00,82,2,0.7518092995920588,0.774074074074074,0.0,0.13866666666666666,optimal
2021-02-10 08:30:00,82,2,0.682500900908679,0.1548148148148148,0.0,0.14953333333333332,optimal
2021-02-10 09:00:00,82,2,0.6369337707121875,0.3096296296296296,0.0,0.2189333333333333,optimal
2021-02-10 09:30:00,82,2,0.5769663244097615,0.3096296296296296,0.0,1.5799666666666667,optimal
2021-02-10 10:00:00,82,2,0.5328091112708021,6.115185185185184,0.0,0.2708,optimal
2021-02-10 10:30:00,82,2,0.4815063836868308,0.0,0.0,0.4699,optimal
2021-02-10 11:00:00,82,2,0.45220135026099495,0.1548148148148148,0.0,0.3937333333333333,optimal
2021-02-10 11:30:00,82,2,0.3845690556812073,0.6966666666666667,0.0,0.6626333333333333,optimal
2021-02-10 12:00:00,82,2,0.37797386915631676,1.2385185185185184,0.0,0.2502333333333333,optimal
2021-02-10 12:30:00,82,2,0.5004086816304586,0.1548148148148148,0.0,0.17063333333333333,optimal
2021-02-10 13:00:00,82,2,1.1428571428571428,0.0,0.0,0.26213333333333333,optimal
2021-02-10 13:30:00,82,2,1.1428571428571428,0.0,0.0,0.064,optimal
2021-02-10 14:00:00,82,2,1.1428571428571428,0.0,0.0,0.19016666666666662,optimal
2021-02-10 14:30:00,82,2,1.1428571428571428,0.0,0.0,0.17776666666666668,optimal
2021-02-10 15:00:00,82,2,1.1428571428571428,0.0,0.0,1.4062999999999999,optimal
2021-02-10 15:30:00,82,2,1.1428571428571428,0.0,0.0,0.8322,optimal
2021-02-10 16:00:00,82,2,0.0,0.0,0.0,0.09666666666666669,optimal
2021-02-10 16:30:00,82,2,0.0,0.0774074074074074,0.0,0.11876666666666667,optimal
2021-02-10 17:00:00,82,2,0.0,0.387037037037037,0.0,0.23313333333333333,optimal
2021-02-10 17:30:00,82,2,0.0,0.8514814814814814,0.0,0.11946666666666668,optimal
2021-02-10 18:00:00,82,2,0.0,0.0,0.0,0.2213333333333333,optimal
2021-02-10 18:30:00,82,2,0.0,0.0,0.0,0.16119999999999998,optimal
2021-02-10 19:00:00,82,2,0.0,0.0,0.0,0.35136666666666666,optimal
2021-02-10 19:30:00,82,2,0.5222260599554835,0.0,0.0,0.5046333333333334,optimal
2021-02-10 20:00:00,82,2,0.26571155830970195,0.0,0.0,2.1361999999999997,optimal
2021-02-10 20:30:00,82,2,0.0,0.0,0.0,0.4743,optimal
2021-02-10 21:00:00,82,2,0.0,0.0,0.0,0.41473333333333334,optimal
2021-02-10 21:30:00,82,2,0.0,0.0,0.0,0.34813333333333335,optimal
2021-02-10 22:00:00,82,2,0.0,0.0774074074074074,0.0,0.5866,optimal
2021-02-10 22:30:00,82,2,0.0,0.1548148148148148,0.0,0.3413333333333333,optimal
2021-02-10 23:00:00,82,2,0.0,0.0,0.0,0.7185,optimal
2021-02-10 23:30:00,82,2,0.0,0.0,0.0,0.23433333333333328,optimal
2021-02-11 00:00:00,82,2,0.7596144700344715,0.0,0.0,0.056,optimal
2021-02-11 00:30:00,82,2,1.1428571428571428,0.0,0.0,0.056,optimal
2021-02-11 01:00:00,82,2,1.1428571428571428,0.0,0.0,0.09659999999999999,optimal
2021-02-11 01:30:00,82,2,1.1428571428571428,0.0,0.0,0.143,optimal
2021-02-11 02:00:00,82,2,1.1428571428571428,0.0,0.0,0.056,optimal
2021-02-11 02:30:00,82,2,1.1428571428571428,0.0,0.0,0.15180000000000002,optimal
2021-02-11 03:00:00,82,2,1.1428571428571428,0.0,0.0,0.2078,optimal
2021-02-11 03:30:00,82,2,1.1428571428571428,0.0,0.0,0.056,optimal
2021-02-11 04:00:00,82,2,1.1428571428571428,0.0,0.0,0.2378,optimal
2021-02-11 04:30:00,82,2,1.1428571428571428,0.0,0.0,0.12179999999999999,optimal
2021-02-11 05:00:00,82,2,1.1428571428571428,0.0,0.0,0.1736,optimal
2021-02-11 05:30:00,82,2,1.1428571428571428,0.0,0.0,0.186,optimal
2021-02-11 06:00:00,82,2,1.1428571428571428,0.0,0.0,0.074,optimal
2021-02-11 06:30:00,82,2,1.1428571428571428,0.0,8.268978907622637,0.158,optimal
2021-02-11 07:00:00,82,2,1.1428571428571428,2.1674074074074072,10.0,0.1163,optimal
2021-02-11 07:30:00,82,2,1.1428571428571428,0.3096296296296296,0.0,0.2226,optimal
2021-02-11 08:00:00,82,2,0.8346591703653066,0.0,0.0,0.10373333333333332,optimal
2021-02-11 08:30:00,82,2,0.8109142789016439,0.1548148148148148,0.0,0.162,optimal
2021-02-11 09:00:00,82,2,0.5948493256654431,0.0,0.0,1.6237000000000001,optimal
2021-02-11 09:30:00,82,2,0.5692278936704112,0.9288888888888889,0.0,0.36010000000000003,optimal
2021-02-11 10:00:00,82,2,0.6100251235839981,0.0,0.0,0.17213333333333333,optimal
2021-02-11 10:30:00,82,2,0.6264474624912784,0.0,0.0,0.21559999999999999,optimal
2021-02-11 11:00:00,82,2,0.5371245612717542,0.0,0.0,0.3039,optimal
2021-02-11 11:30:00,82,2,0.5211252090662093,0.0,0.0,0.1472,optimal
2021-02-11 12:00:00,82,2,0.437849604611948,0.0,0.0,0.066,optimal
2021-02-11 12:30:00,82,2,0.9976775419596376,0.0,0.0,0.30760000000000004,optimal
2021-02-11 13:00:00,82,2,1.1428571428571428,0.0,0.0,0.072,optimal
2021-02-11 13:30:00,82,2,1.1428571428571428,0.0,0.0,0.132,optimal
2021-02-11 14:00:00,82,2,1.1428571428571428,0.0,0.0,0.12,optimal
2021-02-11 14:30:00,82,2,1.1428571428571428,0.0,0.0,0.1899,optimal
2021-02-11 15:00:00,82,2,1.1428571428571428,0.0,0.0,0.221,optimal
2021-02-11 15:30:00,82,2,1.1428571428571428,1.8577777777777778,0.0,0.12890000000000001,optimal
2021-02-11 16:00:00,82,2,0.0,0.23222222222222222,0.0,0.24226666666666669,optimal
2021-02-11 16:30:00,82,2,0.0,0.0,0.0,0.34313333333333335,optimal
2021-02-11 17:00:00,82,2,0.0,0.1548148148148148,0.0,0.162,optimal
2021-02-11 17:30:00,82,2,0.0,0.0,0.0,0.371,optimal
2021-02-11 18:00:00,82,2,0.0,0.0774074074074074,0.0,0.3030333333333334,optimal
2021-02-11 18:30:00,82,2,0.0,0.3096296296296296,0.0,0.29,optimal
2021-02-11 19:00:00,82,2,0.0,0.23222222222222222,0.0,0.4176,optimal
2021-02-11 19:30:00,82,2,0.8865471533073481,0.0,0.0,0.3411666666666667,optimal
2021-02-11 20:00:00,82,2,0.895923605183729,0.0,0.0,0.3943333333333333,optimal
2021-02-11 20:30:00,82,2,0.0,0.0774074074074074,0.0,0.24553333333333333,optimal
2021-02-11 21:00:00,82,2,0.0,0.0,0.0,0.4006,optimal
2021-02-11 21:30:00,82,2,0.0,0.0,0.0,0.3499333333333333,optimal
2021-02-11 22:00:00,82,2,0.0,0.0774074074074074,0.0,0.3169666666666666,optimal
2021-02-11 22:30:00,82,2,0.0,0.0,0.0,0.3418,optimal
2021-02-11 23:00:00,82,2,0.0,0.387037037037037,0.0,0.7567333333333334,optimal
2021-02-11 23:30:00,82,2,0.0,0.3096296296296296,0.0,0.14766666666666667,optimal
2021-02-12 00:00:00,82,2,1.1428571428571428,0.0,0.0,0.06409999999999999,optimal
2021-02-12 00:30:00,82,2,1.1428571428571428,0.0774074074074074,0.0,0.065,optimal
2021-02-12 01:00:00,82,2,1.1428571428571428,0.23222222222222222,0.0,0.09366666666666669,optimal
2021-02-12 01:30:00,82,2,1.1428571428571428,0.23222222222222222,0.0,0.37953333333333333,optimal
2021-02-12 02:00:00,82,2,1.1428571428571428,0.0,0.0,0.2276,optimal
2021-02-12 02:30:00,82,2,1.1428571428571428,0.0,0.0,0.3132,optimal
2021-02-12 03:00:00,82,2,1.1428571428571428,0.3096296296296296,0.0,0.16319999999999998,optimal
2021-02-12 03:30:00,82,2,1.1428571428571428,0.0,0.0,0.057133333333333335,optimal
2021-02-12 04:00:00,82,2,1.1428571428571428,0.0,0.0,0.2807333333333333,optimal
2021-02-12 04:30:00,82,2,1.1428571428571428,0.46444444444444444,0.0,0.1916,optimal
2021-02-12 05:00:00,82,2,1.1428571428571428,0.0,0.0,0.1416,optimal
2021-02-12 05:30:00,82,2,1.1428571428571428,0.1548148148148148,9.170588918934635,0.5822999999999999,optimal
2021-02-12 06:00:00,82,2,1.1428571428571428,0.0,10.0,0.12830000000000003,optimal
2021-02-12 06:30:00,82,2,1.1428571428571428,0.5418518518518518,10.0,0.21136666666666667,optimal
2021-02-12 07:00:00,82,2,1.1428571428571428,0.3096296296296296,10.0,0.12040000000000001,optimal
2021-02-12 07:30:00,82,2,1.1428571428571428,8.288021769289292,0.0,0.26680000000000004,optimal
2021-02-12 08:00:00,82,2,0.44995146722749324,0.3096296296296296,0.0,1.8128333333333333,optimal
2021-02-12 08:30:00,82,2,0.8188789135299238,0.0,0.0,1.6628666666666665,optimal
2021-02-12 09:00:00,82,2,0.9118565004841864,0.0,0.0,0.2113333333333333,optimal
2021-02-12 09:30:00,82,2,0.837446972109857,0.0,0.0,0.15180000000000002,optimal
2021-02-12 10:00:00,82,2,0.6107861769858485,0.0,0.0,0.22876666666666667,optimal
2021-02-12 10:30:00,82,2,0.5645141415238506,0.0,0.0,0.3566666666666667,optimal
2021-02-12 11:00:00,82,2,0.4854433629479886,0.0,0.0,0.137,optimal
2021-02-12 11:30:00,82,2,0.9239268952158691,0.0,0.0,0.1821333333333333,optimal
2021-02-12 12:00:00,82,2,1.1428571428571428,0.23222222222222222,0.0,0.17146666666666666,optimal
2021-02-12 12:30:00,82,2,1.1428571428571428,0.3096296296296296,0.0,0.0792,optimal
2021-02-12 13:00:00,82,2,1.1428571428571428,0.0,0.0,0.09866666666666668,optimal
2021-02-12 13:30:00,82,2,1.1428571428571428,0.0,0.0,0.10633333333333331,optimal
2021-02-12 14:00:00,82,2,1.1428571428571428,0.0774074074074074,0.0,0.14866666666666667,optimal
2021-02-12 14:30:00,82,2,1.1428571428571428,0.0,0.0,0.32506666666666667,optimal
2021-02-12 15:00:00,82,2,1.1428571428571428,0.0,0.0,0.13219999999999998,optimal
2021-02-12 15:30:00,82,2,1.1428571428571428,0.0,0.0,0.1607333333333333,optimal
2021-02-12 16:00:00,82,2,0.0,0.0,0.0,0.1512666666666667,optimal
2021-02-12 16:30:00,82,2,0.0,0.0,0.0,0.21066666666666664,optimal
2021-02-12 17:00:00,82,2,0.0,0.0,0.0,0.068,optimal
2021-02-12 17:30:00,82,2,0.0,0.0,0.0,0.13219999999999998,optimal
2021-02-12 18:00:00,82,2,0.0,0.0,0.0,0.2297333333333333,optimal
2021-02-12 18:30:00,82,2,0.0,0.0,0.0,0.068,optimal
2021-02-12 19:00:00,82,2,0.0,0.0,0.0,0.13933333333333334,optimal
2021-02-12 19:30:00,82,2,0.832485237133421,0.0,0.0,0.1651,optimal
2021-02-12 20:00:00,82,2,0.8399251507608289,0.0,0.0,0.15403333333333333,optimal
2021-02-12 20:30:00,82,2,0.0,0.0,0.0,0.19640000000000002,optimal
2021-02-12 21:00:00,82,2,0.0,0.3096296296296296,0.0,0.1261,optimal
2021-02-12 21:30:00,82,2,0.0,0.0,0.0,0.36186666666666667,optimal
2021-02-12 22:00:00,82,2,0.0,0.0,0.0,0.1675,optimal
2021-02-12 22:30:00,82,2,0.0,0.0,0.0,0.0855,optimal
2021-02-12 23:00:00,82,2,0.0,0.0,0.0,0.31743333333333335,optimal
2021-02-12 23:30:00,82,2,0.0,0.0,0.0,0.3123666666666667,optimal
2021-02-13 00:00:00,82,2,0.0,0.0,0.0,0.047,optimal
2021-02-13 00:30:00,82,2,0.7616945811940159,0.0,0.0,0.06376666666666667,optimal
2021-02-13 01:00:00,82,2,1.1428571428571428,0.0,0.0,0.22069999999999998,optimal
2021-02-13 01:30:00,82,2,1.1428571428571428,0.0,0.0,0.1002,optimal
2021-02-13 02:00:00,82,2,1.1428571428571428,0.0,0.0,0.19233333333333327,optimal
2021-02-13 02:30:00,82,2,1.1428571428571428,0.0,0.0,0.13533333333333333,optimal
2021-02-13 03:00:00,82,2,1.1428571428571428,0.0,0.0,0.057,optimal
2021-02-13 03:30:00,82,2,1.1428571428571428,0.0,0.0,0.1557666666666667,optimal
2021-02-13 04:00:00,82,2,1.1428571428571428,0.0,0.0,0.1719,optimal
2021-02-13 04:30:00,82,2,1.1428571428571428,0.0,0.0,0.057,optimal
2021-02-13 05:00:00,82,2,1.1428571428571428,0.0,0.0,0.23466666666666663,optimal
2021-02-13 05:30:00,82,2,1.1428571428571428,0.0,0.0,0.093,optimal
2021-02-13 06:00:00,82,2,1.1428571428571428,0.0,0.10187070841939921,0.08940000000000001,optimal
2021-02-13 06:30:00,82,2,1.1428571428571428,0.0,10.0,0.08940000000000001,optimal
2021-02-13 07:00:00,82,2,1.1428571428571428,0.6966666666666667,10.0,0.43706666666666666,optimal
2021-02-13 07:30:00,82,2,1.1428571428571428,0.3096296296296296,0.0,0.07429999999999999,optimal
2021-02-13 08:00:00,82,2,0.8785688646376081,0.0,0.0,0.11113333333333333,optimal
2021-02-13 08:30:00,82,2,0.8494012887762905,0.0,0.0,0.2057333333333333,optimal
2021-02-13 09:00:00,82,2,0.8267152551679456,0.0,0.0,0.0678,optimal
2021-02-13 09:30:00,82,2,0.7580583282422942,0.0,0.0,0.27066666666666667,optimal
2021-02-13 10:00:00,82,2,0.7062627237440987,0.0,0.0,0.057,optimal
2021-02-13 10:30:00,82,2,0.7002570526446886,0.0,0.0,0.07053333333333334,optimal
2021-02-13 11:00:00,82,2,0.5248906565274168,0.0,0.0,0.2571333333333333,optimal
2021-02-13 11:30:00,82,2,0.9482074246945708,0.0,0.0,0.057,optimal
2021-02-13 12:00:00,82,2,1.1428571428571428,0.0,0.0,0.0858,optimal
2021-02-13 12:30:00,82,2,1.1428571428571428,0.0,0.0,0.18773333333333328,optimal
2021-02-13 13:00:00,82,2,1.1428571428571428,0.0,0.0,0.11113333333333333,optimal
2021-02-13 13:30:00,82,2,1.1428571428571428,0.0,0.0,0.1002,optimal
2021-02-13 14:00:00,82,2,1.1428571428571428,0.0,0.0,0.19363333333333332,optimal
2021-02-13 14:30:00,82,2,1.1428571428571428,0.0,0.0,0.09083333333333331,optimal
2021-02-13 15:00:00,82,2,1.1428571428571428,0.0,0.0,0.1179,optimal
2021-02-13 15:30:00,82,2,1.1428571428571428,0.0,0.0,0.20976666666666668,optimal
2021-02-13 16:00:00,82,2,0.0,0.0,0.0,0.057,optimal
2021-02-13 16:30:00,82,2,0.0,0.1548148148148148,0.0,0.09866666666666668,optimal
2021-02-13 17:00:00,82,2,0.0,0.46444444444444444,0.0,1.4654666666666667,optimal
2021-02-13 17:30:00,82,2,0.0,0.0,0.0,0.1585,optimal
2021-02-13 18:00:00,82,2,0.0,0.0,0.0,1.5563666666666665,optimal
2021-02-13 18:30:00,82,2,0.0,0.23222222222222222,0.0,2.159466666666667,optimal
2021-02-13 19:00:00,82,2,0.0,0.387037037037037,0.0,2.431333333333333,optimal
2021-02-13 19:30:00,82,2,0.6756757133238996,0.0,0.0,0.34486666666666665,optimal
2021-02-13 20:00:00,82,2,0.6801251507608261,0.0,0.0,0.26263333333333333,optimal
2021-02-13 20:30:00,82,2,0.0,0.0,0.0,0.36436666666666667,optimal
2021-02-13 21:00:00,82,2,0.0,0.0,0.0,0.2603333333333333,optimal
2021-02-13 21:30:00,82,2,0.0,0.0,0.0,2.3910666666666667,optimal
2021-02-13 22:00:00,82,2,0.0,0.0,0.0,3.0953000000000004,optimal
2021-02-13 22:30:00,82,2,0.0,0.0774074074074074,0.0,3.277066666666667,optimal
2021-02-13 23:00:00,82,2,0.0,0.0,0.0,0.057,optimal
2021-02-13 23:30:00,82,2,0.0,0.0,0.0,0.1991,optimal
2021-02-07 00:00:00,83,2,0.0,0.0,0.0,0.046,optimal
2021-02-07 00:30:00,83,2,0.0,0.0,0.0,0.0577,optimal
2021-02-07 01:00:00,83,2,0.0,0.0,0.0,0.2398333333333333,optimal
2021-02-07 01:30:00,83,2,0.0,0.0,0.0,0.082,optimal
2021-02-07 02:00:00,83,2,0.0,0.0,0.0,0.1162,optimal
2021-02-07 02:30:00,83,2,0.0,0.0,0.0,0.2173333333333333,optimal
2021-02-07 03:00:00,83,2,0.0,0.0,0.0,0.1162,optimal
2021-02-07 03:30:00,83,2,0.0,0.0,0.0,0.16333333333333333,optimal
2021-02-07 04:00:00,83,2,1.1428571428571428,0.0,0.0,0.1585,optimal
2021-02-07 04:30:00,83,2,1.1428571428571428,0.0,0.0,0.14503333333333332,optimal
2021-02-07 05:00:00,83,2,1.1428571428571428,0.0,0.0,0.1651,optimal
2021-02-07 05:30:00,83,2,1.1428571428571428,0.0,0.0,0.08109999999999999,optimal
2021-02-07 06:00:00,83,2,1.1428571428571428,0.0,0.0,0.1801333333333333,optimal
2021-02-07 06:30:00,83,2,1.1428571428571428,0.0,0.0,0.07540000000000001,optimal
2021-02-07 07:00:00,83,2,1.1428571428571428,0.0,1.6063785740462473,0.124,optimal
2021-02-07 07:30:00,83,2,0.0,0.3096296296296296,0.0,0.12359999999999999,optimal
2021-02-07 08:00:00,83,2,0.04723450261254986,0.3096296296296296,0.0,0.1226,optimal
2021-02-07 08:30:00,83,2,0.6364545404466436,0.23222222222222222,0.0,2.087333333333333,optimal
2021-02-07 09:00:00,83,2,0.5744788041445508,0.0,0.0,2.0906666666666665,optimal
2021-02-07 09:30:00,83,2,0.5175207520927506,0.6192592592592592,0.0,0.1318,optimal
2021-02-07 10:00:00,83,2,0.4477215278344941,0.0,0.0,0.32976666666666665,optimal
2021-02-07 10:30:00,83,2,0.27463191765237427,0.0,0.0,1.2427666666666668,optimal
2021-02-07 11:00:00,83,2,0.535234769333517,0.3096296296296296,0.0,0.1957333333333333,optimal
2021-02-07 11:30:00,83,2,0.525857626476372,0.0774074074074074,0.0,1.4826,optimal
2021-02-07 12:00:00,83,2,0.4259607072135371,0.23222222222222222,0.0,0.9178,optimal
2021-02-07 12:30:00,83,2,0.4644597548325804,0.3096296296296296,0.0,0.14603333333333332,optimal
2021-02-07 13:00:00,83,2,0.54395577517144,0.1548148148148148,0.0,1.3689,optimal
2021-02-07 13:30:00,83,2,1.1428571428571428,0.1548148148148148,0.0,0.7942666666666667,optimal
2021-02-07 14:00:00,83,2,1.1428571428571428,0.0774074074074074,0.0,0.2346,optimal
2021-02-07 14:30:00,83,2,1.1428571428571428,0.23222222222222222,0.0,0.10936666666666665,optimal
2021-02-07 15:00:00,83,2,1.1428571428571428,0.387037037037037,0.0,0.21013333333333334,optimal
2021-02-07 15:30:00,83,2,1.1428571428571428,0.0,0.0,0.14556666666666665,optimal
2021-02-07 16:00:00,83,2,0.0,0.6192592592592592,0.0,2.2475666666666667,optimal
2021-02-07 16:30:00,83,2,0.0,0.23222222222222222,0.0,0.4016,optimal
2021-02-07 17:00:00,83,2,0.0,0.23222222222222222,0.0,0.4031,optimal
2021-02-07 17:30:00,83,2,0.0,0.0,0.0,1.5747,optimal
2021-02-07 18:00:00,83,2,0.0,0.0774074074074074,0.0,0.2844,optimal
2021-02-07 18:30:00,83,2,0.0,0.0,0.0,0.18976666666666667,optimal
2021-02-07 19:00:00,83,2,0.0,0.0,0.0,0.29956666666666665,optimal
2021-02-07 19:30:00,83,2,0.0,0.0,0.0,0.0953,optimal
2021-02-07 20:00:00,83,2,0.0,0.0,0.0,0.1262,optimal
2021-02-07 20:30:00,83,2,0.0,0.0,0.0,0.14873333333333333,optimal
2021-02-07 21:00:00,83,2,0.0,0.23222222222222222,0.0,0.24686666666666668,optimal
2021-02-07 21:30:00,83,2,0.0,0.0,0.0,0.3209666666666666,optimal
2021-02-07 22:00:00,83,2,0.0,0.0,0.0,2.2588666666666666,optimal
2021-02-07 22:30:00,83,2,0.0,0.0,0.0,2.3919,optimal
2021-02-07 23:00:00,83,2,0.0,0.387037037037037,0.0,0.24163333333333334,optimal
2021-02-07 23:30:00,83,2,0.0,0.0,0.0,0.3906,optimal
2021-02-08 00:00:00,83,2,0.0,0.0,0.0,0.052333333333333336,optimal
2021-02-08 00:30:00,83,2,0.0,0.0,0.0,0.058333333333333334,optimal
2021-02-08 01:00:00,83,2,0.0,0.0,0.0,0.061,optimal
2021-02-08 01:30:00,83,2,1.0398531397861557,0.0,0.0,0.061,optimal
2021-02-08 02:00:00,83,2,1.1428571428571428,0.0,0.0,0.061,optimal
2021-02-08 02:30:00,83,2,1.1428571428571428,0.0,0.0,0.061,optimal
2021-02-08 03:00:00,83,2,1.1428571428571428,0.0,0.0,0.061,optimal
2021-02-08 03:30:00,83,2,1.1428571428571428,0.0,0.0,0.061,optimal
2021-02-08 04:00:00,83,2,1.1428571428571428,0.0,0.0,0.061,optimal
2021-02-08 04:30:00,83,2,1.1428571428571428,0.0,0.0,0.061,optimal
2021-02-08 05:00:00,83,2,1.1428571428571428,0.0,0.0,0.06066666666666666,optimal
2021-02-08 05:30:00,83,2,1.1428571428571428,0.5418518518518518,0.0,0.06,optimal
2021-02-08 06:00:00,83,2,1.1428571428571428,0.0,0.0,0.061,optimal
2021-02-08 06:30:00,83,2,1.1428571428571428,0.0,3.025916294710624,0.061,optimal
2021-02-08 07:00:00,83,2,1.1428571428571428,0.1548148148148148,10.0,0.06,optimal
2021-02-08 07:30:00,83,2,1.1428571428571428,3.096296296296296,0.0,0.0615,optimal
2021-02-08 08:00:00,83,2,0.6956312051630366,0.8514814814814814,0.0,0.22846666666666668,optimal
2021-02-08 08:30:00,83,2,0.8135168330761613,0.0,0.0,0.061,optimal
2021-02-08 09:00:00,83,2,0.7622795151035849,0.0,0.0,0.061,optimal
2021-02-08 09:30:00,83,2,0.7558625018053323,0.0,0.0,0.061,optimal
2021-02-08 10:00:00,83,2,0.6617312721029258,0.0,0.0,0.061,optimal
2021-02-08 10:30:00,83,2,0.6681482854011784,0.0,0.0,0.061,optimal
2021-02-08 11:00:00,83,2,0.5713067907806102,0.0,0.0,0.061,optimal
2021-02-08 11:30:00,83,2,0.5670287819151124,0.0,0.0,0.061,optimal
2021-02-08 12:00:00,83,2,0.530551883483535,0.0,0.0,0.061,optimal
2021-02-08 12:30:00,83,2,0.8526423751760634,0.0,0.0,0.061,optimal
2021-02-08 13:00:00,83,2,1.1428571428571428,0.0,0.0,0.061,optimal
2021-02-08 13:30:00,83,2,1.1428571428571428,0.0,0.0,0.461,optimal
2021-02-08 14:00:00,83,2,1.1428571428571428,0.0,0.0,1.4839666666666667,optimal
2021-02-08 14:30:00,83,2,1.1428571428571428,0.1548148148148148,0.0,0.6925333333333333,optimal
2021-02-08 15:00:00,83,2,1.1428571428571428,0.1548148148148148,0.0,0.06,optimal
2021-02-08 15:30:00,83,2,1.1428571428571428,0.23222222222222222,0.0,0.06,optimal
2021-02-08 16:00:00,83,2,0.0,0.3096296296296296,0.0,0.5045,optimal
2021-02-08 16:30:00,83,2,0.0,0.23222222222222222,0.0,2.727,optimal
2021-02-08 17:00:00,83,2,0.0,0.0,0.0,2.2825,optimal
2021-02-08 17:30:00,83,2,0.0,0.1548148148148148,0.0,0.06,optimal
2021-02-08 18:00:00,83,2,0.0,0.387037037037037,0.0,0.06,optimal
2021-02-08 18:30:00,83,2,0.0,0.387037037037037,0.0,0.06996666666666666,optimal
2021-02-08 19:00:00,83,2,0.0,0.1548148148148148,0.0,0.073,optimal
2021-02-08 19:30:00,83,2,0.6594650189195226,0.0,0.0,0.08333333333333333,optimal
2021-02-08 20:00:00,83,2,0.6830725084082586,0.0,0.0,0.073,optimal
2021-02-08 20:30:00,83,2,0.0,0.1548148148148148,0.0,0.073,optimal
2021-02-08 21:00:00,83,2,0.0,0.0,0.0,0.13596666666666668,optimal
2021-02-08 21:30:00,83,2,0.0,0.0774074074074074,0.0,1.0552000000000001,optimal
2021-02-08 22:00:00,83,2,0.0,0.0,0.0,0.2539666666666667,optimal
2021-02-08 22:30:00,83,2,0.0,0.0,0.0,0.1393,optimal
2021-02-08 23:00:00,83,2,0.0,0.0,0.0,0.061,optimal
2021-02-08 23:30:00,83,2,0.0,0.0,0.0,0.061,optimal
2021-02-09 00:00:00,83,2,0.0,0.0,0.0,0.07690000000000001,optimal
2021-02-09 00:30:00,83,2,0.0,0.0,0.0,0.066,optimal
2021-02-09 01:00:00,83,2,0.0,0.0,0.0,0.066,optimal
2021-02-09 01:30:00,83,2,0.8058401071692746,0.0,0.0,0.066,optimal
2021-02-09 02:00:00,83,2,1.1428571428571428,0.0,0.0,0.066,optimal
2021-02-09 02:30:00,83,2,1.1428571428571428,0.0,0.0,0.066,optimal
2021-02-09 03:00:00,83,2,1.1428571428571428,0.0,0.0,0.066,optimal
2021-02-09 03:30:00,83,2,1.1428571428571428,0.0,0.0,0.07366666666666667,optimal
2021-02-09 04:00:00,83,2,1.1428571428571428,0.0,0.0,0.06833333333333333,optimal
2021-02-09 04:30:00,83,2,1.1428571428571428,0.0,0.0,0.066,optimal
2021-02-09 05:00:00,83,2,1.1428571428571428,0.0,0.0,0.066,optimal
2021-02-09 05:30:00,83,2,1.1428571428571428,1.7803703703703702,0.534295613980326,0.09936666666666666,optimal
2021-02-09 06:00:00,83,2,1.1428571428571428,2.2448148148148146,10.0,0.07466666666666667,optimal
2021-02-09 06:30:00,83,2,1.1428571428571428,0.0,0.0,1.2284000000000002,optimal
2021-02-09 07:00:00,83,2,1.1428571428571428,0.0774074074074074,0.0,2.079766666666667,optimal
2021-02-09 07:30:00,83,2,1.1428571428571428,0.0,0.0,0.24309999999999998,optimal
2021-02-09 08:00:00,83,2,0.7675085230477762,0.23222222222222222,0.0,1.0224666666666669,optimal
2021-02-09 08:30:00,83,2,0.8376096049876216,0.0,0.0,0.076,optimal
2021-02-09 09:00:00,83,2,0.7734566517777796,0.0,0.0,0.076,optimal
2021-02-09 09:30:00,83,2,0.7606226251812744,0.0,0.0,0.076,optimal
2021-02-09 10:00:00,83,2,0.6489713168130029,0.0,0.0,0.076,optimal
2021-02-09 10:30:00,83,2,0.6382762946492527,0.0,0.0,0.076,optimal
2021-02-09 11:00:00,83,2,0.5354258299343059,0.0,0.0,0.076,optimal
2021-02-09 11:30:00,83,2,0.533286825501551,0.0,0.0,0.076,optimal
2021-02-09 12:00:00,83,2,0.4257024228890159,0.0,0.0,0.12166666666666669,optimal
2021-02-09 12:30:00,83,2,0.2724509511312909,0.0,0.0,0.4276666666666667,optimal
2021-02-09 13:00:00,83,2,0.24329709262081387,0.0,0.0,0.4663333333333333,optimal
2021-02-09 13:30:00,83,2,0.20797323991070749,0.23222222222222222,0.0,1.2597,optimal
2021-02-09 14:00:00,83,2,0.9896637873913804,0.0,0.0,0.8838666666666667,optimal
2021-02-09 14:30:00,83,2,1.1428571428571428,0.23222222222222222,0.0,0.33916666666666667,optimal
2021-02-09 15:00:00,83,2,1.1428571428571428,0.46444444444444444,0.0,0.5352,optimal
2021-02-09 15:30:00,83,2,1.1428571428571428,0.46444444444444444,0.0,0.7647999999999999,optimal
2021-02-09 16:00:00,83,2,0.0,0.23222222222222222,0.0,2.796133333333333,optimal
2021-02-09 16:30:00,83,2,0.0,0.5418518518518518,0.0,2.6918,optimal
2021-02-09 17:00:00,83,2,0.0,0.1548148148148148,0.0,0.2692,optimal
2021-02-09 17:30:00,83,2,0.0,0.387037037037037,0.0,0.237,optimal
2021-02-09 18:00:00,83,2,0.0,0.0774074074074074,0.0,0.2574666666666666,optimal
2021-02-09 18:30:00,83,2,0.0,0.3096296296296296,0.0,0.41303333333333336,optimal
2021-02-09 19:00:00,83,2,0.0,0.0774074074074074,0.0,2.3990666666666667,optimal
2021-02-09 19:30:00,83,2,0.0,0.46444444444444444,0.0,0.4908666666666667,optimal
2021-02-09 20:00:00,83,2,0.0,0.1548148148148148,0.0,1.3977666666666668,optimal
2021-02-09 20:30:00,83,2,0.0,0.0,0.0,0.3255,optimal
2021-02-09 21:00:00,83,2,0.0,0.0,0.0,0.32553333333333334,optimal
2021-02-09 21:30:00,83,2,0.0,0.0774074074074074,0.0,0.21666666666666662,optimal
2021-02-09 22:00:00,83,2,0.0,0.0,0.0,0.3041666666666667,optimal
2021-02-09 22:30:00,83,2,0.0,0.0,0.0,0.076,optimal
2021-02-09 23:00:00,83,2,0.0,0.0,0.0,0.076,optimal
2021-02-09 23:30:00,83,2,0.0,0.0,0.0,0.076,optimal
2021-02-10 00:00:00,83,2,0.0,0.0,0.0,0.12446666666666668,optimal
2021-02-10 00:30:00,83,2,0.0,0.0,0.0,0.063,optimal
2021-02-10 01:00:00,83,2,0.710985461553062,0.0,0.0,0.28346666666666664,optimal
2021-02-10 01:30:00,83,2,1.1428571428571428,0.0,0.0,0.1148,optimal
2021-02-10 02:00:00,83,2,1.1428571428571428,0.0,0.0,0.2117,optimal
2021-02-10 02:30:00,83,2,1.1428571428571428,0.0,0.0,0.17496666666666666,optimal
2021-02-10 03:00:00,83,2,1.1428571428571428,0.0,0.0,0.15996666666666667,optimal
2021-02-10 03:30:00,83,2,1.1428571428571428,0.0,0.0,0.1221,optimal
2021-02-10 04:00:00,83,2,1.1428571428571428,0.0,0.0,0.19080000000000003,optimal
2021-02-10 04:30:00,83,2,1.1428571428571428,0.0,0.0,0.14836666666666667,optimal
2021-02-10 05:00:00,83,2,1.1428571428571428,0.0,0.0,0.2499,optimal
2021-02-10 05:30:00,83,2,1.1428571428571428,0.0,0.0,0.063,optimal
2021-02-10 06:00:00,83,2,1.1428571428571428,0.0,0.0,0.25806666666666667,optimal
2021-02-10 06:30:00,83,2,1.1428571428571428,0.0,7.170504863587305,0.14186666666666667,optimal
2021-02-10 07:00:00,83,2,1.1428571428571428,0.0,10.0,0.14859999999999998,optimal
2021-02-10 07:30:00,83,2,1.1428571428571428,0.0,0.0,0.21906666666666663,optimal
2021-02-10 08:00:00,83,2,0.796171204353964,0.0,0.0,0.1206,optimal
2021-02-10 08:30:00,83,2,0.7427389961467771,0.0,0.0,0.2776666666666667,optimal
2021-02-10 09:00:00,83,2,0.7092137707121794,0.0,0.0,0.102,optimal
2021-02-10 09:30:00,83,2,0.6245910863145169,0.6192592592592592,0.0,0.4063,optimal
2021-02-10 10:00:00,83,2,0.4855233969850814,0.0,0.0,0.3930666666666667,optimal
2021-02-10 10:30:00,83,2,0.3811540027344486,0.23222222222222222,0.0,0.5599,optimal
2021-02-10 11:00:00,83,2,0.5726337312133664,0.0,0.0,0.06466666666666668,optimal
2021-02-10 11:30:00,83,2,0.8774780078976281,0.0,0.0,0.17286666666666667,optimal
2021-02-10 12:00:00,83,2,1.1428571428571428,0.0,0.0,0.2305,optimal
2021-02-10 12:30:00,83,2,1.1428571428571428,0.0,0.0,0.0659,optimal
2021-02-10 13:00:00,83,2,1.1428571428571428,0.0,0.0,0.23053333333333334,optimal
2021-02-10 13:30:00,83,2,1.1428571428571428,0.0,0.0,0.1212,optimal
2021-02-10 14:00:00,83,2,1.1428571428571428,0.0,0.0,0.2163333333333333,optimal
2021-02-10 14:30:00,83,2,1.1428571428571428,0.0,0.0,0.1866,optimal
2021-02-10 15:00:00,83,2,1.1428571428571428,0.0,0.0,0.063,optimal
2021-02-10 15:30:00,83,2,1.1428571428571428,0.0,0.0,0.2926666666666667,optimal
2021-02-10 16:00:00,83,2,0.0,0.0,0.0,0.24659999999999999,optimal
2021-02-10 16:30:00,83,2,0.0,0.0,0.0,0.063,optimal
2021-02-10 17:00:00,83,2,0.0,0.0,0.0,0.1381,optimal
2021-02-10 17:30:00,83,2,0.0,0.0,0.0,0.1882666666666667,optimal
2021-02-10 18:00:00,83,2,0.0,0.0,0.0,0.14523333333333333,optimal
2021-02-10 18:30:00,83,2,0.0,0.0,0.0,0.11586666666666666,optimal
2021-02-10 19:00:00,83,2,0.0,0.0,0.0,0.2830666666666667,optimal
2021-02-10 19:30:00,83,2,0.8649879647173843,0.0,0.0,0.06333333333333334,optimal
2021-02-10 20:00:00,83,2,0.8550448916430343,0.0,0.0,0.14523333333333333,optimal
2021-02-10 20:30:00,83,2,0.0,0.0,0.0,0.21116666666666664,optimal
2021-02-10 21:00:00,83,2,0.0,0.0,0.0,0.063,optimal
2021-02-10 21:30:00,83,2,0.0,0.0,0.0,0.5077,optimal
2021-02-10 22:00:00,83,2,0.0,0.0,0.0,0.5746,optimal
2021-02-10 22:30:00,83,2,0.0,0.0,0.0,0.5407000000000001,optimal
2021-02-10 23:00:00,83,2,0.0,0.23222222222222222,0.0,0.6676,optimal
2021-02-10 23:30:00,83,2,0.0,0.0,0.0,0.17403333333333332,optimal
2021-02-11 00:00:00,83,2,1.1428571428571428,0.0,0.0,0.06866666666666667,optimal
2021-02-11 00:30:00,83,2,1.1428571428571428,0.0,0.0,0.1762,optimal
2021-02-11 01:00:00,83,2,1.1428571428571428,0.0,0.0,0.08893333333333334,optimal
2021-02-11 01:30:00,83,2,1.1428571428571428,0.0,0.0,0.064,optimal
2021-02-11 02:00:00,83,2,1.1428571428571428,0.0,0.0,0.064,optimal
2021-02-11 02:30:00,83,2,1.1428571428571428,0.0,0.0,0.20113333333333333,optimal
2021-02-11 03:00:00,83,2,1.1428571428571428,0.0,0.0,0.064,optimal
2021-02-11 03:30:00,83,2,1.1428571428571428,0.0,0.0,0.16996666666666665,optimal
2021-02-11 04:00:00,83,2,1.1428571428571428,0.0,0.0,0.09516666666666669,optimal
2021-02-11 04:30:00,83,2,1.1428571428571428,0.0,0.0,0.064,optimal
2021-02-11 05:00:00,83,2,1.1428571428571428,0.0,0.0,0.20113333333333333,optimal
2021-02-11 05:30:00,83,2,1.1428571428571428,0.0,0.0,0.064,optimal
2021-02-11 06:00:00,83,2,1.1428571428571428,0.0,0.0,0.08893333333333334,optimal
2021-02-11 06:30:00,83,2,1.1428571428571428,0.0,9.510848672123796,0.1762,optimal
2021-02-11 07:00:00,83,2,1.1428571428571428,0.0,10.0,0.06933333333333333,optimal
2021-02-11 07:30:00,83,2,1.1428571428571428,1.8030583456953133,0.0,0.1871,optimal
2021-02-11 08:00:00,83,2,0.8916782179843437,0.0,0.0,0.08803333333333332,optimal
2021-02-11 08:30:00,83,2,0.8613428503302204,0.23222222222222222,0.0,0.081,optimal
2021-02-11 09:00:00,83,2,0.7438359923321105,0.387037037037037,0.0,0.16803333333333334,optimal
2021-02-11 09:30:00,83,2,0.7257536079561313,0.3096296296296296,0.0,0.1346,optimal
2021-02-11 10:00:00,83,2,0.5054517902506706,0.0,0.0,0.32846666666666663,optimal
2021-02-11 10:30:00,83,2,0.5077484148722364,2.7092592592592597,0.0,0.40276666666666666,optimal
2021-02-11 11:00:00,83,2,0.34574741841460566,0.0,0.0,1.6977,optimal
2021-02-11 11:30:00,83,2,0.40126806620907385,0.1548148148148148,0.0,0.32139999999999996,optimal
2021-02-11 12:00:00,83,2,0.1708038903262351,0.0,0.0,0.6277333333333334,optimal
2021-02-11 12:30:00,83,2,0.12628064222429433,0.0,0.0,0.3698666666666667,optimal
2021-02-11 13:00:00,83,2,1.1428571428571428,0.42883703703703696,0.0,0.5822333333333334,optimal
2021-02-11 13:30:00,83,2,1.1428571428571428,0.11301481481481482,0.0,0.564,optimal
2021-02-11 14:00:00,83,2,1.1428571428571428,0.1548148148148148,0.0,0.2303,optimal
2021-02-11 14:30:00,83,2,1.1428571428571428,0.0774074074074074,0.0,1.7638,optimal
2021-02-11 15:00:00,83,2,1.1428571428571428,0.0,0.0,0.3437333333333333,optimal
2021-02-11 15:30:00,83,2,1.1428571428571428,0.0774074074074074,0.0,0.5453,optimal
2021-02-11 16:00:00,83,2,0.0,0.0,0.0,0.2502,optimal
2021-02-11 16:30:00,83,2,0.0,0.6966666666666667,0.0,0.3813333333333333,optimal
2021-02-11 17:00:00,83,2,0.0,0.0,0.0,0.1822,optimal
2021-02-11 17:30:00,83,2,0.0,0.0,0.0,0.2049,optimal
2021-02-11 18:00:00,83,2,0.0,0.6966666666666667,0.0,0.2843,optimal
2021-02-11 18:30:00,83,2,0.0,0.0,0.0,0.4701,optimal
2021-02-11 19:00:00,83,2,0.0,0.2740222222222222,0.0,0.3846666666666667,optimal
2021-02-11 19:30:00,83,2,0.3900211982533758,0.42264444444444443,0.0,1.7099666666666666,optimal
2021-02-11 20:00:00,83,2,0.7441159861361035,0.0,0.0,0.9682666666666667,optimal
2021-02-11 20:30:00,83,2,0.0,0.1548148148148148,0.0,0.6622333333333333,optimal
2021-02-11 21:00:00,83,2,0.0,0.0,0.0,0.8248,optimal
2021-02-11 21:30:00,83,2,0.0,0.387037037037037,0.0,0.5111333333333333,optimal
2021-02-11 22:00:00,83,2,0.0,0.0,0.0,0.4054,optimal
2021-02-11 22:30:00,83,2,0.0,0.0,0.0,0.14256666666666667,optimal
2021-02-11 23:00:00,83,2,0.0,0.0,0.0,0.08646666666666666,optimal
2021-02-11 23:30:00,83,2,0.0,0.0,0.0,0.19866666666666663,optimal
2021-02-12 00:00:00,83,2,1.1428571428571428,0.0,0.0,0.13069999999999998,optimal
2021-02-12 00:30:00,83,2,1.1428571428571428,1.8577777777777778,0.0,0.2906,optimal
2021-02-12 01:00:00,83,2,1.1428571428571428,0.0,0.0,0.06573333333333334,optimal
2021-02-12 01:30:00,83,2,1.1428571428571428,0.0,0.0,0.08593333333333333,optimal
2021-02-12 02:00:00,83,2,1.1428571428571428,0.0,0.0,0.22733333333333328,optimal
2021-02-12 02:30:00,83,2,1.1428571428571428,0.0,0.0,0.10613333333333334,optimal
2021-02-12 03:00:00,83,2,1.1428571428571428,0.0,0.0,0.06573333333333334,optimal
2021-02-12 03:30:00,83,2,1.1428571428571428,0.0,0.0,0.29733333333333334,optimal
2021-02-12 04:00:00,83,2,1.1428571428571428,0.0,0.0,0.06633333333333333,optimal
2021-02-12 04:30:00,83,2,1.1428571428571428,0.0,0.0,0.059,optimal
2021-02-12 05:00:00,83,2,1.1428571428571428,0.0,0.0,2.2164333333333333,optimal
2021-02-12 05:30:00,83,2,1.1428571428571428,0.0,0.0,0.1923,optimal
2021-02-12 06:00:00,83,2,1.1428571428571428,0.0,0.0,0.059,optimal
2021-02-12 06:30:00,83,2,1.1428571428571428,0.0,4.035222844412314,0.2946666666666667,optimal
2021-02-12 07:00:00,83,2,1.1428571428571428,0.23222222222222222,10.0,0.40993333333333326,optimal
2021-02-12 07:30:00,83,2,1.1428571428571428,6.54401914001569,0.0,2.168633333333333,optimal
2021-02-12 08:00:00,83,2,0.8902428957989247,0.0,0.0,0.2854,optimal
2021-02-12 08:30:00,83,2,1.0058846278156341,0.0,0.0,0.059,optimal
2021-02-12 09:00:00,83,2,0.738399357627049,0.0,0.0,2.2983000000000002,optimal
2021-02-12 09:30:00,83,2,0.8145593530622356,0.0,0.0,0.15593333333333334,optimal
2021-02-12 10:00:00,83,2,0.6341252246049007,0.0,0.0,0.069,optimal
2021-02-12 10:30:00,83,2,0.5669941415238566,0.0,0.0,0.2344,optimal
2021-02-12 11:00:00,83,2,0.4851766962813244,0.0,0.0,0.12633333333333333,optimal
2021-02-12 11:30:00,83,2,0.4590853108961848,0.0,0.0,0.16116666666666665,optimal
2021-02-12 12:00:00,83,2,0.3409974496680262,0.0,0.0,0.34463333333333335,optimal
2021-02-12 12:30:00,83,2,1.0749251798044286,0.23222222222222222,0.0,0.38330000000000003,optimal
2021-02-12 13:00:00,83,2,1.1428571428571428,0.0774074074074074,0.0,0.2389333333333333,optimal
2021-02-12 13:30:00,83,2,1.1428571428571428,0.0,0.0,0.18080000000000002,optimal
2021-02-12 14:00:00,83,2,1.1428571428571428,0.0,0.0,0.09266666666666669,optimal
2021-02-12 14:30:00,83,2,1.1428571428571428,0.0,0.0,0.1532666666666667,optimal
2021-02-12 15:00:00,83,2,1.1428571428571428,0.0,0.0,0.059,optimal
2021-02-12 15:30:00,83,2,1.1428571428571428,0.0,0.0,0.30406666666666665,optimal
2021-02-12 16:00:00,83,2,0.0,0.0,0.0,0.069,optimal
2021-02-12 16:30:00,83,2,0.0,0.0,0.0,0.18786666666666668,optimal
2021-02-12 17:00:00,83,2,0.0,2.1674074074074072,0.0,0.29986666666666667,optimal
2021-02-12 17:30:00,83,2,0.0,0.8514814814814814,0.0,0.43560000000000004,optimal
2021-02-12 18:00:00,83,2,0.0,0.3096296296296296,0.0,0.4961333333333333,optimal
2021-02-12 18:30:00,83,2,0.0,0.387037037037037,0.0,0.44853333333333334,optimal
2021-02-12 19:00:00,83,2,0.0,0.1548148148148148,0.0,0.6031333333333333,optimal
2021-02-12 19:30:00,83,2,0.5940442847524682,0.0,0.0,2.041633333333333,optimal
2021-02-12 20:00:00,83,2,0.6235499126655862,0.1548148148148148,0.0,1.8645333333333334,optimal
2021-02-12 20:30:00,83,2,0.0,0.0774074074074074,0.0,0.6061333333333333,optimal
2021-02-12 21:00:00,83,2,0.0,0.0,0.0,0.8187666666666666,optimal
2021-02-12 21:30:00,83,2,0.0,0.1548148148148148,0.0,2.7935,optimal
2021-02-12 22:00:00,83,2,0.0,0.0774074074074074,0.0,2.809066666666667,optimal
2021-02-12 22:30:00,83,2,0.0,0.46444444444444444,0.0,0.9659,optimal
2021-02-12 23:00:00,83,2,0.0,2.012592592592592,0.0,0.4058,optimal
2021-02-12 23:30:00,83,2,0.0,0.1548148148148148,0.0,0.6196333333333334,optimal
2021-02-13 00:00:00,83,2,0.0,0.0,0.0,0.16793333333333332,optimal
2021-02-13 00:30:00,83,2,0.20389727254222134,0.0,0.0,0.044,optimal
2021-02-13 01:00:00,83,2,1.1428571428571428,0.0,0.0,0.0778,optimal
2021-02-13 01:30:00,83,2,1.1428571428571428,0.0,0.0,0.13413333333333333,optimal
2021-02-13 02:00:00,83,2,1.1428571428571428,0.0,0.0,0.044,optimal
2021-02-13 02:30:00,83,2,1.1428571428571428,0.0,0.0,0.044,optimal
2021-02-13 03:00:00,83,2,1.1428571428571428,0.0,0.0,0.055266666666666665,optimal
2021-02-13 03:30:00,83,2,1.1428571428571428,0.0,0.0,0.15666666666666665,optimal
2021-02-13 04:00:00,83,2,1.1428571428571428,0.0,0.0,0.044,optimal
2021-02-13 04:30:00,83,2,1.1428571428571428,0.0,0.0,0.1285,optimal
2021-02-13 05:00:00,83,2,1.1428571428571428,0.0,0.0,0.08343333333333333,optimal
2021-02-13 05:30:00,83,2,1.1428571428571428,0.0,0.0,0.08906666666666667,optimal
2021-02-13 06:00:00,83,2,1.1428571428571428,0.0,0.0,0.12453333333333332,optimal
2021-02-13 06:30:00,83,2,1.1428571428571428,0.0,0.0,0.054,optimal
2021-02-13 07:00:00,83,2,1.1428571428571428,0.0,5.348464717730613,0.17493333333333333,optimal
2021-02-13 07:30:00,83,2,1.1428571428571428,0.3096296296296296,0.0,0.04266666666666666,optimal
2021-02-13 08:00:00,83,2,0.705206959875706,0.0,0.0,2.3616666666666664,optimal
2021-02-13 08:30:00,83,2,0.6558393840143814,0.1548148148148148,0.0,0.3043666666666667,optimal
2021-02-13 09:00:00,83,2,0.5789438265965131,0.0774074074074074,0.0,2.315733333333333,optimal
2021-02-13 09:30:00,83,2,0.6437059472899082,0.3096296296296296,0.0,2.3192,optimal
2021-02-13 10:00:00,83,2,0.5752893904107726,1.7803703703703702,0.0,1.8240666666666663,optimal
2021-02-13 10:30:00,83,2,0.5849065764542051,0.0774074074074074,0.0,0.5888,optimal
2021-02-13 11:00:00,83,2,0.47112875176550145,0.0,0.0,0.22180000000000002,optimal
2021-02-13 11:30:00,83,2,0.47889450923751564,0.0,0.0,0.18713333333333332,optimal
2021-02-13 12:00:00,83,2,0.6124227685068764,0.0,0.0,0.2552333333333333,optimal
2021-02-13 12:30:00,83,2,1.1428571428571428,0.0,0.0,0.26576666666666665,optimal
2021-02-13 13:00:00,83,2,1.1428571428571428,0.0,0.0,0.226,optimal
2021-02-13 13:30:00,83,2,1.1428571428571428,0.0,0.0,1.7917,optimal
2021-02-13 14:00:00,83,2,1.1428571428571428,0.0,0.0,0.9884333333333332,optimal
2021-02-13 14:30:00,83,2,1.1428571428571428,0.0,0.0,0.3196333333333333,optimal
2021-02-13 15:00:00,83,2,1.1428571428571428,0.0,0.0,0.09906666666666666,optimal
2021-02-13 15:30:00,83,2,1.1428571428571428,0.0,0.0,0.13286666666666666,optimal
2021-02-13 16:00:00,83,2,0.0,0.0,0.0,0.054,optimal
2021-02-13 16:30:00,83,2,0.0,0.0,0.0,0.1497666666666667,optimal
2021-02-13 17:00:00,83,2,0.0,0.3096296296296296,0.0,0.741,optimal
2021-02-13 17:30:00,83,2,0.0,0.0,0.0,1.9413666666666662,optimal
2021-02-13 18:00:00,83,2,0.0,0.0,0.0,2.5014333333333334,optimal
2021-02-13 18:30:00,83,2,0.0,0.0774074074074074,0.0,0.22716666666666663,optimal
2021-02-13 19:00:00,83,2,0.0,0.0,0.0,0.3049,optimal
2021-02-13 19:30:00,83,2,0.5621899990381842,0.0,0.0,2.4905333333333335,optimal
2021-02-13 20:00:00,83,2,0.5449822936179655,0.0,0.0,0.43889999999999996,optimal
2021-02-13 20:30:00,83,2,0.0,0.0774074074074074,0.0,1.607733333333333,optimal
2021-02-13 21:00:00,83,2,0.0,0.0,0.0,3.4816,optimal
2021-02-13 21:30:00,83,2,0.0,0.0,0.0,0.5616666666666666,optimal
2021-02-13 22:00:00,83,2,0.0,0.5418518518518518,0.0,0.33123333333333327,optimal
2021-02-13 22:30:00,83,2,0.0,0.0,0.0,2.4609,optimal
2021-02-13 23:00:00,83,2,0.0,0.0,0.0,0.11596666666666668,optimal
2021-02-13 23:30:00,83,2,0.0,0.0,0.0,0.10893333333333334,optimal
2021-02-07 00:00:00,84,2,0.0,0.0,0.0,0.13536666666666666,optimal
2021-02-07 00:30:00,84,2,0.0,0.0,0.0,0.13536666666666666,optimal
2021-02-07 01:00:00,84,2,0.0,0.0,0.0,0.069,optimal
2021-02-07 01:30:00,84,2,0.0,0.0,0.0,0.20906666666666662,optimal
2021-02-07 02:00:00,84,2,0.0,0.0,0.0,0.07333333333333333,optimal
2021-02-07 02:30:00,84,2,0.0,0.0,0.0,0.07503333333333333,optimal
2021-02-07 03:00:00,84,2,0.0,0.0,0.0,0.19569999999999999,optimal
2021-02-07 03:30:00,84,2,0.0,0.0,0.0,0.069,optimal
2021-02-07 04:00:00,84,2,1.1428571428571428,0.0,0.0,0.069,optimal
2021-02-07 04:30:00,84,2,1.1428571428571428,0.0,0.0,0.13536666666666666,optimal
2021-02-07 05:00:00,84,2,1.1428571428571428,0.1548148148148148,0.0,0.1354,optimal
2021-02-07 05:30:00,84,2,1.1428571428571428,0.1548148148148148,0.0,0.079,optimal
2021-02-07 06:00:00,84,2,1.1428571428571428,0.23222222222222222,0.0,0.9111,optimal
2021-02-07 06:30:00,84,2,1.1428571428571428,0.0,0.0,0.18703333333333333,optimal
2021-02-07 07:00:00,84,2,1.1428571428571428,0.3096296296296296,1.6063785740462473,0.9792000000000001,optimal
2021-02-07 07:30:00,84,2,0.0,1.0837037037037036,0.0,0.1494,optimal
2021-02-07 08:00:00,84,2,0.0,0.387037037037037,0.0,0.1536,optimal
2021-02-07 08:30:00,84,2,0.5376712119676383,0.0,0.0,0.198,optimal
2021-02-07 09:00:00,84,2,0.6489645184302627,0.1548148148148148,0.0,0.068,optimal
2021-02-07 09:30:00,84,2,0.5860731330451356,0.0,0.0,0.33496666666666663,optimal
2021-02-07 10:00:00,84,2,0.5628472421202089,0.0,0.0,0.2834333333333333,optimal
2021-02-07 10:30:00,84,2,0.5813823938428596,0.0,0.0,0.2552,optimal
2021-02-07 11:00:00,84,2,0.5165490550478106,0.1548148148148148,0.0,0.32723333333333327,optimal
2021-02-07 11:30:00,84,2,0.5189871502858974,0.0774074074074074,0.0,0.2712,optimal
2021-02-07 12:00:00,84,2,0.05178165959448655,0.387037037037037,0.0,2.484866666666667,optimal
2021-02-07 12:30:00,84,2,0.44087118340401277,0.387037037037037,0.0,0.2463333333333333,optimal
2021-02-07 13:00:00,84,2,1.1428571428571428,0.0,0.0,1.6924666666666668,optimal
2021-02-07 13:30:00,84,2,1.1428571428571428,0.0,0.0,0.46826666666666666,optimal
2021-02-07 14:00:00,84,2,1.1428571428571428,0.5418518518518518,0.0,0.47486666666666666,optimal
2021-02-07 14:30:00,84,2,1.1428571428571428,0.1548148148148148,0.0,0.3398,optimal
2021-02-07 15:00:00,84,2,1.1428571428571428,0.0,0.0,0.2542333333333333,optimal
2021-02-07 15:30:00,84,2,1.1428571428571428,0.0,0.0,0.4411666666666667,optimal
2021-02-07 16:00:00,84,2,0.0,0.0774074074074074,0.0,0.571,optimal
2021-02-07 16:30:00,84,2,0.0,0.0,0.0,0.39153333333333334,optimal
2021-02-07 17:00:00,84,2,0.0,0.0,0.0,0.30110000000000003,optimal
2021-02-07 17:30:00,84,2,0.0,0.23222222222222222,0.0,0.3395666666666667,optimal
2021-02-07 18:00:00,84,2,0.0,0.1548148148148148,0.0,0.42656666666666665,optimal
2021-02-07 18:30:00,84,2,0.0,2.012592592592592,0.0,0.47823333333333334,optimal
2021-02-07 19:00:00,84,2,0.0,0.0,0.0,0.24280000000000002,optimal
2021-02-07 19:30:00,84,2,0.0,0.1548148148148148,0.0,0.33226666666666665,optimal
2021-02-07 20:00:00,84,2,0.46854595590737186,0.0,0.0,0.3073333333333333,optimal
2021-02-07 20:30:00,84,2,0.0,0.0,0.0,0.4548666666666667,optimal
2021-02-07 21:00:00,84,2,0.0,0.1548148148148148,0.0,0.6085333333333333,optimal
2021-02-07 21:30:00,84,2,0.0,0.0,0.0,0.2725666666666667,optimal
2021-02-07 22:00:00,84,2,0.0,0.0,0.0,0.079,optimal
2021-02-07 22:30:00,84,2,0.0,0.0,0.0,0.2117333333333333,optimal
2021-02-07 23:00:00,84,2,0.0,0.0,0.0,0.079,optimal
2021-02-07 23:30:00,84,2,0.0,0.0,0.0,0.079,optimal
2021-02-08 00:00:00,84,2,0.0,0.0,0.0,0.064,optimal
2021-02-08 00:30:00,84,2,0.0,0.0,0.0,0.064,optimal
2021-02-08 01:00:00,84,2,0.0,0.0,0.0,0.09333333333333331,optimal
2021-02-08 01:30:00,84,2,1.021912070459755,0.0,0.0,0.10066666666666668,optimal
2021-02-08 02:00:00,84,2,1.1428571428571428,0.0,0.0,0.064,optimal
2021-02-08 02:30:00,84,2,1.1428571428571428,0.0,0.0,0.064,optimal
2021-02-08 03:00:00,84,2,1.1428571428571428,0.0,0.0,0.064,optimal
2021-02-08 03:30:00,84,2,1.1428571428571428,0.0,0.0,0.064,optimal
2021-02-08 04:00:00,84,2,1.1428571428571428,0.0,0.0,0.13,optimal
2021-02-08 04:30:00,84,2,1.1428571428571428,0.0,0.0,0.064,optimal
2021-02-08 05:00:00,84,2,1.1428571428571428,0.0,0.7556040412455526,0.064,optimal
2021-02-08 05:30:00,84,2,1.1428571428571428,0.0,10.0,0.13,optimal
2021-02-08 06:00:00,84,2,1.1428571428571428,0.0,10.0,0.064,optimal
2021-02-08 06:30:00,84,2,1.1428571428571428,0.0,10.0,0.08233333333333333,optimal
2021-02-08 07:00:00,84,2,1.1428571428571428,0.0,10.0,0.11166666666666669,optimal
2021-02-08 07:30:00,84,2,1.1428571428571428,0.0,0.0,0.09333333333333331,optimal
2021-02-08 08:00:00,84,2,0.6427950146868482,0.9288888888888889,0.0,0.5601333333333334,optimal
2021-02-08 08:30:00,84,2,0.4599225473618709,0.6192592592592592,0.0,1.0148666666666668,optimal
2021-02-08 09:00:00,84,2,0.48537475319882123,0.0,0.0,0.168,optimal
2021-02-08 09:30:00,84,2,0.48015773990056965,0.1548148148148148,0.0,0.2002,optimal
2021-02-08 10:00:00,84,2,0.4765598435314968,0.0,0.0,0.4293333333333333,optimal
2021-02-08 10:30:00,84,2,0.5003101901630802,0.0,0.0,0.4333333333333333,optimal
2021-02-08 11:00:00,84,2,0.4145353622091854,0.1548148148148148,0.0,0.3846,optimal
2021-02-08 11:30:00,84,2,0.38068021048653555,1.9351851851851851,0.0,0.8065333333333333,optimal
2021-02-08 12:00:00,84,2,0.2728014072930575,0.46444444444444444,0.0,1.3208666666666666,optimal
2021-02-08 12:30:00,84,2,0.216081580038238,0.23222222222222222,0.0,0.7547999999999999,optimal
2021-02-08 13:00:00,84,2,0.2507238657700978,0.1548148148148148,0.0,0.322,optimal
2021-02-08 13:30:00,84,2,0.6477986309964899,0.0,0.0,1.7258666666666667,optimal
2021-02-08 14:00:00,84,2,1.1428571428571428,0.0,0.0,0.5114333333333333,optimal
2021-02-08 14:30:00,84,2,1.1428571428571428,0.0,0.0,0.3644,optimal
2021-02-08 15:00:00,84,2,1.1428571428571428,0.23222222222222222,0.0,0.2683333333333333,optimal
2021-02-08 15:30:00,84,2,1.1428571428571428,0.0,0.0,0.30243333333333333,optimal
2021-02-08 16:00:00,84,2,0.0,0.387037037037037,0.0,1.8818,optimal
2021-02-08 16:30:00,84,2,0.0,0.0,0.0,1.2349,optimal
2021-02-08 17:00:00,84,2,0.0,0.1548148148148148,0.0,0.2911333333333333,optimal
2021-02-08 17:30:00,84,2,0.0,0.5418518518518518,0.0,0.2947333333333333,optimal
2021-02-08 18:00:00,84,2,0.0,0.0774074074074074,0.0,0.7237666666666667,optimal
2021-02-08 18:30:00,84,2,0.0,0.0,0.0,0.5682333333333334,optimal
2021-02-08 19:00:00,84,2,0.0,0.0,0.0,2.0017333333333327,optimal
2021-02-08 19:30:00,84,2,0.0,0.0,0.0,1.9459000000000002,optimal
2021-02-08 20:00:00,84,2,0.0,0.0,0.0,2.1226333333333334,optimal
2021-02-08 20:30:00,84,2,0.0,0.0,0.0,0.7187333333333333,optimal
2021-02-08 21:00:00,84,2,0.0,0.0,0.0,0.5647666666666666,optimal
2021-02-08 21:30:00,84,2,0.0,0.0774074074074074,0.0,0.6321,optimal
2021-02-08 22:00:00,84,2,0.0,5.805555555555555,0.0,0.509,optimal
2021-02-08 22:30:00,84,2,0.0,0.0,0.0,0.49310000000000004,optimal
2021-02-08 23:00:00,84,2,0.0,1.7029629629629628,0.0,0.2872,optimal
2021-02-08 23:30:00,84,2,0.0,0.0,0.0,0.274,optimal
2021-02-09 00:00:00,84,2,0.0,0.0,0.0,0.045,optimal
2021-02-09 00:30:00,84,2,0.0,0.0,0.0,0.045,optimal
2021-02-09 01:00:00,84,2,0.13673230679166962,0.0,0.0,0.045,optimal
2021-02-09 01:30:00,84,2,1.1428571428571428,0.0,0.0,0.159,optimal
2021-02-09 02:00:00,84,2,1.1428571428571428,0.0,0.0,0.045,optimal
2021-02-09 02:30:00,84,2,1.1428571428571428,0.0,0.0,0.045,optimal
2021-02-09 03:00:00,84,2,1.1428571428571428,0.0,0.0,0.15330000000000002,optimal
2021-02-09 03:30:00,84,2,1.1428571428571428,0.0,0.0,0.0507,optimal
2021-02-09 04:00:00,84,2,1.1428571428571428,0.0,0.0,0.1248,optimal
2021-02-09 04:30:00,84,2,1.1428571428571428,0.0,0.0,0.0792,optimal
2021-02-09 05:00:00,84,2,1.1428571428571428,0.0,0.0,0.1191,optimal
2021-02-09 05:30:00,84,2,1.1428571428571428,0.0,0.0,0.0849,optimal
2021-02-09 06:00:00,84,2,1.1428571428571428,0.0,0.0,0.0564,optimal
2021-02-09 06:30:00,84,2,1.1428571428571428,0.0,0.0,0.15593333333333334,optimal
2021-02-09 07:00:00,84,2,1.1428571428571428,0.0,7.964092749872931,0.04633333333333334,optimal
2021-02-09 07:30:00,84,2,1.1428571428571428,0.0,0.0,0.1191,optimal
2021-02-09 08:00:00,84,2,0.7305789992382554,0.5418518518518518,0.0,0.08983333333333333,optimal
2021-02-09 08:30:00,84,2,0.6067619859400083,0.774074074074074,0.0,0.35969999999999996,optimal
2021-02-09 09:00:00,84,2,0.5963137946349188,0.3096296296296296,0.0,0.1772,optimal
2021-02-09 09:30:00,84,2,0.6497845299431829,0.0,0.0,0.20753333333333332,optimal
2021-02-09 10:00:00,84,2,0.5539236977653839,0.1548148148148148,0.0,0.1517666666666667,optimal
2021-02-09 10:30:00,84,2,0.46280962798259434,0.0,0.0,0.5184,optimal
2021-02-09 11:00:00,84,2,0.5081686870771636,0.0,0.0,0.159,optimal
2021-02-09 11:30:00,84,2,0.5386011112158412,0.0,0.0,0.053,optimal
2021-02-09 12:00:00,84,2,0.9878190465055006,0.0,0.0,0.055,optimal
2021-02-09 12:30:00,84,2,1.1428571428571428,0.0,0.0,0.169,optimal
2021-02-09 13:00:00,84,2,1.1428571428571428,0.0,0.0,0.055,optimal
2021-02-09 13:30:00,84,2,1.1428571428571428,0.0,0.0,0.055,optimal
2021-02-09 14:00:00,84,2,1.1428571428571428,0.0,0.0,0.055,optimal
2021-02-09 14:30:00,84,2,1.1428571428571428,0.0,0.0,0.169,optimal
2021-02-09 15:00:00,84,2,1.1428571428571428,0.0,0.0,0.055,optimal
2021-02-09 15:30:00,84,2,1.1428571428571428,0.0,0.0,0.1462,optimal
2021-02-09 16:00:00,84,2,0.0,0.0,0.0,0.6038,optimal
2021-02-09 16:30:00,84,2,0.0,0.0,0.0,0.4070666666666667,optimal
2021-02-09 17:00:00,84,2,0.0,0.23222222222222222,0.0,0.2602,optimal
2021-02-09 17:30:00,84,2,0.0,0.0,0.0,0.10033333333333332,optimal
2021-02-09 18:00:00,84,2,0.0,0.0,0.0,0.060700000000000004,optimal
2021-02-09 18:30:00,84,2,0.0,0.0,0.0,0.2613333333333333,optimal
2021-02-09 19:00:00,84,2,0.0,0.1548148148148148,0.0,0.27016666666666667,optimal
2021-02-09 19:30:00,84,2,0.798920559318848,0.0,0.0,0.1006,optimal
2021-02-09 20:00:00,84,2,0.7924062736045687,0.0,0.0,0.12340000000000001,optimal
2021-02-09 20:30:00,84,2,0.0,0.0,0.0,0.0835,optimal
2021-02-09 21:00:00,84,2,0.0,0.3096296296296296,0.0,1.1080666666666665,optimal
2021-02-09 21:30:00,84,2,0.0,0.387037037037037,0.0,0.31093333333333334,optimal
2021-02-09 22:00:00,84,2,0.0,0.0,0.0,0.4693,optimal
2021-02-09 22:30:00,84,2,0.0,0.0,0.0,0.35796666666666666,optimal
2021-02-09 23:00:00,84,2,0.0,0.0,0.0,0.34236666666666665,optimal
2021-02-09 23:30:00,84,2,0.0,0.0,0.0,0.5183,optimal
2021-02-10 00:00:00,84,2,0.0,0.0,0.0,0.15533333333333335,optimal
2021-02-10 00:30:00,84,2,0.0,0.0,0.0,0.17413333333333333,optimal
2021-02-10 01:00:00,84,2,0.18018241795944387,0.0,0.0,0.07086666666666666,optimal
2021-02-10 01:30:00,84,2,1.1428571428571428,0.0,0.0,0.3932333333333333,optimal
2021-02-10 02:00:00,84,2,1.1428571428571428,0.0,0.0,0.12303333333333331,optimal
2021-02-10 02:30:00,84,2,1.1428571428571428,0.0,0.0,0.16643333333333335,optimal
2021-02-10 03:00:00,84,2,1.1428571428571428,0.0,0.0,0.3461666666666667,optimal
2021-02-10 03:30:00,84,2,1.1428571428571428,0.0,0.0,0.1501333333333333,optimal
2021-02-10 04:00:00,84,2,1.1428571428571428,0.0,0.0,0.19406666666666664,optimal
2021-02-10 04:30:00,84,2,1.1428571428571428,0.0,0.0,0.14813333333333334,optimal
2021-02-10 05:00:00,84,2,1.1428571428571428,0.0,0.0,0.22386666666666669,optimal
2021-02-10 05:30:00,84,2,1.1428571428571428,0.0,0.0,0.1812,optimal
2021-02-10 06:00:00,84,2,1.1428571428571428,0.0,0.0,0.2347333333333333,optimal
2021-02-10 06:30:00,84,2,1.1428571428571428,0.1548148148148148,0.0,0.12426666666666668,optimal
2021-02-10 07:00:00,84,2,1.1428571428571428,0.3096296296296296,0.0,0.458,optimal
2021-02-10 07:30:00,84,2,1.1428571428571428,0.5418518518518518,0.0,0.5981000000000001,optimal
2021-02-10 08:00:00,84,2,0.5297902519730183,0.1548148148148148,0.0,0.6251333333333333,optimal
2021-02-10 08:30:00,84,2,0.6010056628134437,0.23222222222222222,0.0,0.3462,optimal
2021-02-10 09:00:00,84,2,0.48421377071218485,0.3096296296296296,0.0,0.3665333333333334,optimal
2021-02-10 09:30:00,84,2,0.48821965774308557,0.9288888888888889,0.0,0.3929666666666666,optimal
2021-02-10 10:00:00,84,2,0.07759006365174619,0.0,0.0,1.9285999999999999,optimal
2021-02-10 10:30:00,84,2,0.347496859877305,0.774074074074074,0.0,0.503,optimal
2021-02-10 11:00:00,84,2,0.23051944549908382,0.0,0.0,1.6112,optimal
2021-02-10 11:30:00,84,2,0.020601436633592016,2.941481481481482,0.0,2.2229,optimal
2021-02-10 12:00:00,84,2,0.25732625010869187,0.387037037037037,0.0,0.38110000000000005,optimal
2021-02-10 12:30:00,84,2,0.22791101201345323,0.23222222222222222,0.0,0.6049333333333333,optimal
2021-02-10 13:00:00,84,2,0.21542101781382653,0.0,0.0,0.7742,optimal
2021-02-10 13:30:00,84,2,0.4527777258108646,0.0,0.0,0.9933,optimal
2021-02-10 14:00:00,84,2,1.1428571428571428,0.3096296296296296,0.0,1.7828666666666666,optimal
2021-02-10 14:30:00,84,2,1.1428571428571428,0.23222222222222222,0.0,0.4445,optimal
2021-02-10 15:00:00,84,2,1.1428571428571428,0.23222222222222222,0.0,0.3746333333333333,optimal
2021-02-10 15:30:00,84,2,1.1428571428571428,0.0,0.0,0.25726666666666664,optimal
2021-02-10 16:00:00,84,2,0.0,0.6192592592592592,0.0,0.5336333333333333,optimal
2021-02-10 16:30:00,84,2,0.0,0.3096296296296296,0.0,0.6643666666666667,optimal
2021-02-10 17:00:00,84,2,0.0,0.23222222222222222,0.0,0.8269666666666667,optimal
2021-02-10 17:30:00,84,2,0.0,0.0,0.0,0.6229666666666667,optimal
2021-02-10 18:00:00,84,2,0.0,0.387037037037037,0.0,0.6563666666666667,optimal
2021-02-10 18:30:00,84,2,0.0,0.0774074074074074,0.0,0.5516666666666666,optimal
2021-02-10 19:00:00,84,2,0.0,0.5418518518518518,0.0,1.3567333333333331,optimal
2021-02-10 19:30:00,84,2,0.0,2.3051925925925927,0.0,1.0663666666666665,optimal
2021-02-10 20:00:00,84,2,0.0,0.6362888888888887,0.0,0.38326666666666664,optimal
2021-02-10 20:30:00,84,2,0.0,0.0,0.0,0.4366666666666667,optimal
2021-02-10 21:00:00,84,2,0.0,0.23222222222222222,0.0,0.29233333333333333,optimal
2021-02-10 21:30:00,84,2,0.0,1.7029629629629628,0.0,0.6614333333333333,optimal
2021-02-10 22:00:00,84,2,0.0,0.0,0.0,0.3375666666666667,optimal
2021-02-10 22:30:00,84,2,0.0,0.0,0.0,0.25103333333333333,optimal
2021-02-10 23:00:00,84,2,0.0,0.0,0.0,0.14266666666666666,optimal
2021-02-10 23:30:00,84,2,0.0,0.0,0.0,0.22893333333333332,optimal
2021-02-11 00:00:00,84,2,1.1428571428571428,0.0,0.0,0.122,optimal
2021-02-11 00:30:00,84,2,1.1428571428571428,0.0,0.0,0.053,optimal
2021-02-11 01:00:00,84,2,1.1428571428571428,0.0,0.0,0.053,optimal
2021-02-11 01:30:00,84,2,1.1428571428571428,0.0,0.0,0.122,optimal
2021-02-11 02:00:00,84,2,1.1428571428571428,0.0,0.0,0.053,optimal
2021-02-11 02:30:00,84,2,1.1428571428571428,0.0,0.0,0.122,optimal
2021-02-11 03:00:00,84,2,1.1428571428571428,0.23222222222222222,0.0,0.052333333333333336,optimal
2021-02-11 03:30:00,84,2,1.1428571428571428,0.0,0.0,0.053,optimal
2021-02-11 04:00:00,84,2,1.1428571428571428,0.0,0.0,0.053,optimal
2021-02-11 04:30:00,84,2,1.1428571428571428,0.0,0.0,0.0645,optimal
2021-02-11 05:00:00,84,2,1.1428571428571428,0.0,0.0,0.1105,optimal
2021-02-11 05:30:00,84,2,1.1428571428571428,0.0,0.0,0.053,optimal
2021-02-11 06:00:00,84,2,1.1428571428571428,0.0,0.0,0.09516666666666669,optimal
2021-02-11 06:30:00,84,2,1.1428571428571428,0.0,7.365919819979078,0.07983333333333333,optimal
2021-02-11 07:00:00,84,2,1.1428571428571428,0.23222222222222222,10.0,0.07123333333333333,optimal
2021-02-11 07:30:00,84,2,1.1428571428571428,1.4839298767093836,0.0,0.13533333333333333,optimal
2021-02-11 08:00:00,84,2,0.7527791703653064,0.387037037037037,0.0,0.9625666666666668,optimal
2021-02-11 08:30:00,84,2,0.7867523741397457,0.9288888888888889,0.0,0.051,optimal
2021-02-11 09:00:00,84,2,0.6157940875702095,6.424814814814816,0.0,0.9934,optimal
2021-02-11 09:30:00,84,2,0.5918202746227987,3.096296296296296,0.0,0.1155,optimal
2021-02-11 10:00:00,84,2,0.4024708378697067,0.0774074074074074,0.0,0.267,optimal
2021-02-11 10:30:00,84,2,0.46551031963414163,0.0,0.0,2.5014000000000003,optimal
2021-02-11 11:00:00,84,2,0.5536674184146076,0.0,0.0,0.204,optimal
2021-02-11 11:30:00,84,2,0.4636775900185944,0.1548148148148148,0.0,0.2596666666666667,optimal
2021-02-11 12:00:00,84,2,0.39787052413106144,0.0774074074074074,0.0,0.49973333333333336,optimal
2021-02-11 12:30:00,84,2,1.1428571428571428,0.0,0.0,0.3923333333333333,optimal
2021-02-11 13:00:00,84,2,1.1428571428571428,0.0,0.0,0.063,optimal
2021-02-11 13:30:00,84,2,1.1428571428571428,0.0,0.0,0.226,optimal
2021-02-11 14:00:00,84,2,1.1428571428571428,0.0774074074074074,0.0,0.2833,optimal
2021-02-11 14:30:00,84,2,1.1428571428571428,0.0,0.0,0.11366666666666668,optimal
2021-02-11 15:00:00,84,2,1.1428571428571428,0.0,0.0,0.41276666666666667,optimal
2021-02-11 15:30:00,84,2,1.1428571428571428,0.0774074074074074,0.0,0.22016666666666662,optimal
2021-02-11 16:00:00,84,2,0.0,0.0774074074074074,0.0,0.2888,optimal
2021-02-11 16:30:00,84,2,0.0,0.3096296296296296,0.0,0.20516666666666664,optimal
2021-02-11 17:00:00,84,2,0.0,0.0,0.0,0.1425,optimal
2021-02-11 17:30:00,84,2,0.0,0.0,0.0,0.08083333333333333,optimal
2021-02-11 18:00:00,84,2,0.0,0.0,0.0,0.16333333333333333,optimal
2021-02-11 18:30:00,84,2,0.0,0.46444444444444444,0.0,0.1955,optimal
2021-02-11 19:00:00,84,2,0.0,0.387037037037037,0.0,0.2162333333333333,optimal
2021-02-11 19:30:00,84,2,0.9317185818787735,0.0774074074074074,0.0,0.14656666666666665,optimal
2021-02-11 20:00:00,84,2,0.9191997956599143,0.46444444444444444,0.0,0.23133333333333328,optimal
2021-02-11 20:30:00,84,2,0.0,0.387037037037037,0.0,0.2824,optimal
2021-02-11 21:00:00,84,2,0.0,0.0,0.0,0.30226666666666663,optimal
2021-02-11 21:30:00,84,2,0.0,0.0,0.0,0.19166666666666662,optimal
2021-02-11 22:00:00,84,2,0.0,0.0,0.0,0.06833333333333333,optimal
2021-02-11 22:30:00,84,2,0.0,0.0,0.0,0.0745,optimal
2021-02-11 23:00:00,84,2,0.0,0.0,0.0,0.1205,optimal
2021-02-11 23:30:00,84,2,0.0,0.0,0.0,0.05866666666666666,optimal
2021-02-12 00:00:00,84,2,1.1428571428571428,0.0,0.0,0.05,optimal
2021-02-12 00:30:00,84,2,1.1428571428571428,0.0,0.0,0.05,optimal
2021-02-12 01:00:00,84,2,1.1428571428571428,0.0,0.0,0.05,optimal
2021-02-12 01:30:00,84,2,1.1428571428571428,0.0,0.0,0.05,optimal
2021-02-12 02:00:00,84,2,1.1428571428571428,0.0,0.0,0.05,optimal
2021-02-12 02:30:00,84,2,1.1428571428571428,0.0,0.0,0.05,optimal
2021-02-12 03:00:00,84,2,1.1428571428571428,0.0,0.0,0.05,optimal
2021-02-12 03:30:00,84,2,1.1428571428571428,0.0,0.0,0.05,optimal
2021-02-12 04:00:00,84,2,1.1428571428571428,0.0,0.0,0.05,optimal
2021-02-12 04:30:00,84,2,1.1428571428571428,0.0,0.0,0.05,optimal
2021-02-12 05:00:00,84,2,1.1428571428571428,0.0,0.0,0.04933333333333333,optimal
2021-02-12 05:30:00,84,2,1.1428571428571428,0.387037037037037,0.0,0.048,optimal
2021-02-12 06:00:00,84,2,1.1428571428571428,0.46444444444444444,0.0,1.0172333333333332,optimal
2021-02-12 06:30:00,84,2,1.1428571428571428,0.23222222222222222,0.0,1.2746,optimal
2021-02-12 07:00:00,84,2,1.1428571428571428,1.315925925925926,0.0,0.4673,optimal
2021-02-12 07:30:00,84,2,1.1428571428571428,5.479845647158761,0.0,0.2049,optimal
2021-02-12 08:00:00,84,2,0.7507286100846375,0.387037037037037,0.0,0.201,optimal
2021-02-12 08:30:00,84,2,0.7339417706727762,0.0,0.0,0.201,optimal
2021-02-12 09:00:00,84,2,0.6394850719127626,0.5418518518518518,0.0,0.24166666666666664,optimal
2021-02-12 09:30:00,84,2,0.5311212578241384,0.1548148148148148,0.0,0.21686666666666668,optimal
2021-02-12 10:00:00,84,2,0.2868585579382295,0.6192592592592592,0.0,0.5676,optimal
2021-02-12 10:30:00,84,2,0.28164176057147416,0.46444444444444444,0.0,0.41836666666666666,optimal
2021-02-12 11:00:00,84,2,0.11450050580512405,0.387037037037037,0.0,0.33953333333333335,optimal
2021-02-12 11:30:00,84,2,0.09343769184856811,1.6255555555555554,0.0,0.23256666666666664,optimal
2021-02-12 12:00:00,84,2,0.016464116334696393,0.23222222222222222,0.0,1.6072666666666668,optimal
2021-02-12 12:30:00,84,2,0.0,0.0,0.0,3.086233333333333,optimal
2021-02-12 13:00:00,84,2,1.1428571428571428,0.1548148148148148,8.629383473781347,1.6734666666666667,optimal
2021-02-12 13:30:00,84,2,1.1428571428571428,0.0,0.0,0.3782,optimal
2021-02-12 14:00:00,84,2,1.1428571428571428,0.1548148148148148,0.0,0.4046,optimal
2021-02-12 14:30:00,84,2,1.1428571428571428,0.0,0.0,0.23066666666666663,optimal
2021-02-12 15:00:00,84,2,1.1428571428571428,0.0,0.0,0.06,optimal
2021-02-12 15:30:00,84,2,1.1428571428571428,0.0,0.0,0.06,optimal
2021-02-12 16:00:00,84,2,0.0,0.0,0.0,0.06,optimal
2021-02-12 16:30:00,84,2,0.0,0.0,0.0,0.06,optimal
2021-02-12 17:00:00,84,2,0.0,0.774074074074074,0.0,0.5660333333333333,optimal
2021-02-12 17:30:00,84,2,0.0,0.0,0.0,0.35846666666666666,optimal
2021-02-12 18:00:00,84,2,0.0,0.46444444444444444,0.0,0.24656666666666663,optimal
2021-02-12 18:30:00,84,2,0.0,0.0774074074074074,0.0,0.5089666666666666,optimal
2021-02-12 19:00:00,84,2,0.0,0.1548148148148148,0.0,0.5678,optimal
2021-02-12 19:30:00,84,2,0.22372432307733023,0.387037037037037,0.0,0.3461666666666667,optimal
2021-02-12 20:00:00,84,2,0.5427346745703496,0.0,0.0,0.3423333333333333,optimal
2021-02-12 20:30:00,84,2,0.0,0.0,0.0,0.2675666666666667,optimal
2021-02-12 21:00:00,84,2,0.0,5.65074074074074,0.0,0.14333333333333334,optimal
2021-02-12 21:30:00,84,2,0.0,0.1548148148148148,0.0,0.24746666666666667,optimal
2021-02-12 22:00:00,84,2,0.0,0.0774074074074074,0.0,0.34276666666666666,optimal
2021-02-12 22:30:00,84,2,0.0,0.0,0.0,0.19353333333333333,optimal
2021-02-12 23:00:00,84,2,0.0,0.0,0.0,0.06706666666666666,optimal
2021-02-12 23:30:00,84,2,0.0,0.0,0.0,0.2763,optimal
2021-02-13 00:00:00,84,2,0.0,0.0,0.0,0.04,optimal
2021-02-13 00:30:00,84,2,0.0,0.0,0.0,0.16333333333333333,optimal
2021-02-13 01:00:00,84,2,0.18424078076239225,0.0,0.0,0.11736666666666666,optimal
2021-02-13 01:30:00,84,2,1.1428571428571428,0.0,0.0,0.14203333333333334,optimal
2021-02-13 02:00:00,84,2,1.1428571428571428,0.0,0.0,0.13866666666666666,optimal
2021-02-13 02:30:00,84,2,1.1428571428571428,0.0,0.0,0.1455,optimal
2021-02-13 03:00:00,84,2,1.1428571428571428,0.0,0.0,0.14473333333333332,optimal
2021-02-13 03:30:00,84,2,1.1428571428571428,0.0,0.0,0.17113333333333333,optimal
2021-02-13 04:00:00,84,2,1.1428571428571428,0.0,0.0,0.13143333333333335,optimal
2021-02-13 04:30:00,84,2,1.1428571428571428,0.0,0.0,0.16333333333333333,optimal
2021-02-13 05:00:00,84,2,1.1428571428571428,0.0,0.0,0.12440000000000001,optimal
2021-02-13 05:30:00,84,2,1.1428571428571428,0.0,0.0,0.12883333333333336,optimal
2021-02-13 06:00:00,84,2,1.1428571428571428,0.0,0.0,0.14483333333333334,optimal
2021-02-13 06:30:00,84,2,1.1428571428571428,0.0,0.0,0.2642,optimal
2021-02-13 07:00:00,84,2,1.1428571428571428,0.23222222222222222,9.21033814713734,0.2085,optimal
2021-02-13 07:30:00,84,2,1.1428571428571428,0.6192592592592592,0.0,0.29683333333333334,optimal
2021-02-13 08:00:00,84,2,0.619864102732846,0.23222222222222222,0.0,0.33363333333333334,optimal
2021-02-13 08:30:00,84,2,0.5057708125858135,0.46444444444444444,0.0,1.7281333333333335,optimal
2021-02-13 09:00:00,84,2,0.6872200170727009,0.0,0.0,0.32413333333333333,optimal
2021-02-13 09:30:00,84,2,0.6803821377661027,2.150377777777778,0.0,0.5571,optimal
2021-02-13 10:00:00,84,2,0.4501103427917252,0.48147407407407405,0.0,1.485,optimal
2021-02-13 10:30:00,84,2,0.41987800502564426,0.46444444444444444,0.0,1.6559000000000001,optimal
2021-02-13 11:00:00,84,2,0.5659858946226495,0.0,0.0,0.1133,optimal
2021-02-13 11:30:00,84,2,0.5466945092375197,0.0,0.0,0.17333333333333334,optimal
2021-02-13 12:00:00,84,2,0.5208924933777429,0.0,0.0,0.08516666666666667,optimal
2021-02-13 12:30:00,84,2,0.4572621035598601,0.0,0.0,0.2929,optimal
2021-02-13 13:00:00,84,2,1.1428571428571428,0.0,0.0,0.1,optimal
2021-02-13 13:30:00,84,2,1.1428571428571428,0.0,0.0,0.2,optimal
2021-02-13 14:00:00,84,2,1.1428571428571428,0.3096296296296296,0.0,0.4076,optimal
2021-02-13 14:30:00,84,2,1.1428571428571428,0.1548148148148148,0.0,0.4481,optimal
2021-02-13 15:00:00,84,2,1.1428571428571428,0.0,0.0,2.0043333333333333,optimal
2021-02-13 15:30:00,84,2,1.1428571428571428,0.0,0.0,0.5196666666666666,optimal
2021-02-13 16:00:00,84,2,0.0,0.3096296296296296,0.0,0.34576666666666667,optimal
2021-02-13 16:30:00,84,2,0.0,0.0774074074074074,0.0,0.5854,optimal
2021-02-13 17:00:00,84,2,0.0,0.5418518518518518,0.0,0.5635666666666668,optimal
2021-02-13 17:30:00,84,2,0.0,0.0,0.0,0.5650666666666667,optimal
2021-02-13 18:00:00,84,2,0.0,0.1548148148148148,0.0,0.3586666666666667,optimal
2021-02-13 18:30:00,84,2,0.0,0.0,0.0,0.5170666666666667,optimal
2021-02-13 19:00:00,84,2,0.0,0.23222222222222222,0.0,0.3105333333333334,optimal
2021-02-13 19:30:00,84,2,0.0,0.0,0.0,0.22333333333333327,optimal
2021-02-13 20:00:00,84,2,0.2603977340831746,0.0,0.0,0.1977,optimal
2021-02-13 20:30:00,84,2,0.0,0.0,0.0,0.18036666666666668,optimal
2021-02-13 21:00:00,84,2,0.0,0.0,0.0,0.08516666666666667,optimal
2021-02-13 21:30:00,84,2,0.0,0.0,0.0,0.16956666666666667,optimal
2021-02-13 22:00:00,84,2,0.0,0.0,0.0,0.17333333333333334,optimal
2021-02-13 22:30:00,84,2,0.0,0.0,0.0,0.1766,optimal
2021-02-13 23:00:00,84,2,0.0,0.0,0.0,0.3061333333333333,optimal
2021-02-13 23:30:00,84,2,0.0,0.0774074074074074,0.0,0.33003333333333335,optimal
2021-02-07 00:00:00,85,2,0.0,0.0,0.0,0.061,optimal
2021-02-07 00:30:00,85,2,0.0,0.0,0.0,0.1961,optimal
2021-02-07 01:00:00,85,2,0.0,0.0,0.0,0.17323333333333332,optimal
2021-02-07 01:30:00,85,2,0.0,0.0,0.0,0.08766666666666667,optimal
2021-02-07 02:00:00,85,2,0.0,0.0,0.0,0.2112,optimal
2021-02-07 02:30:00,85,2,0.0,0.0,0.0,0.13146666666666668,optimal
2021-02-07 03:00:00,85,2,0.0,0.0,0.0,0.19433333333333327,optimal
2021-02-07 03:30:00,85,2,0.0,0.0,0.0,0.16996666666666665,optimal
2021-02-07 04:00:00,85,2,1.1428571428571428,0.0,0.0,0.07936666666666665,optimal
2021-02-07 04:30:00,85,2,1.1428571428571428,0.0,0.0,0.2346,optimal
2021-02-07 05:00:00,85,2,1.1428571428571428,0.0,0.0,0.12140000000000001,optimal
2021-02-07 05:30:00,85,2,1.1428571428571428,0.0,0.0,0.15433333333333335,optimal
2021-02-07 06:00:00,85,2,1.1428571428571428,0.0,0.0,0.20996666666666666,optimal
2021-02-07 06:30:00,85,2,1.1428571428571428,0.0,0.0,0.09936666666666666,optimal
2021-02-07 07:00:00,85,2,1.1428571428571428,0.0,2.0120072799789424,0.19543333333333332,optimal
2021-02-07 07:30:00,85,2,0.0,0.0,0.0,0.1559,optimal
2021-02-07 08:00:00,85,2,0.09464670257638383,0.23222222222222222,0.0,1.2772666666666668,optimal
2021-02-07 08:30:00,85,2,0.5938735880656915,2.39962962962963,0.0,1.9110666666666665,optimal
2021-02-07 09:00:00,85,2,0.5317835660493208,0.0,0.0,1.5552000000000001,optimal
2021-02-07 09:30:00,85,2,0.5917778949498951,0.0774074074074074,0.0,0.159,optimal
2021-02-07 10:00:00,85,2,0.6682091468821205,0.0,0.0,0.16166666666666665,optimal
2021-02-07 10:30:00,85,2,0.6593442986047579,0.0,0.0,0.21366666666666662,optimal
2021-02-07 11:00:00,85,2,0.6244538169525715,0.0,0.0,0.15656666666666666,optimal
2021-02-07 11:30:00,85,2,0.6064919121906648,0.0,0.0,0.2194333333333333,optimal
2021-02-07 12:00:00,85,2,0.6062311834040103,0.0,0.0,0.07833333333333332,optimal
2021-02-07 12:30:00,85,2,1.1069096133436533,0.0,0.0,0.16166666666666665,optimal
2021-02-07 13:00:00,85,2,1.1428571428571428,0.0,0.0,0.061,optimal
2021-02-07 13:30:00,85,2,1.1428571428571428,0.0,0.0,0.067,optimal
2021-02-07 14:00:00,85,2,1.1428571428571428,0.0,0.0,0.2629666666666666,optimal
2021-02-07 14:30:00,85,2,1.1428571428571428,0.0,0.0,0.17136666666666667,optimal
2021-02-07 15:00:00,85,2,1.1428571428571428,0.0,0.0,1.9049333333333327,optimal
2021-02-07 15:30:00,85,2,1.1428571428571428,0.0,0.0,0.6726333333333333,optimal
2021-02-07 16:00:00,85,2,0.0,0.0,0.0,0.23253333333333334,optimal
2021-02-07 16:30:00,85,2,0.0,0.6966666666666667,0.0,1.586266666666667,optimal
2021-02-07 17:00:00,85,2,0.0,0.0,0.0,0.3733333333333333,optimal
2021-02-07 17:30:00,85,2,0.0,0.0,0.0,0.14433333333333334,optimal
2021-02-07 18:00:00,85,2,0.0,0.0,0.0,0.14433333333333334,optimal
2021-02-07 18:30:00,85,2,0.0,0.0,0.0,0.17166666666666666,optimal
2021-02-07 19:00:00,85,2,0.0,0.0,0.0,0.09766666666666668,optimal
2021-02-07 19:30:00,85,2,0.7120089557198278,0.0,0.0,0.27153333333333335,optimal
2021-02-07 20:00:00,85,2,0.7635518128626849,0.0,0.0,0.09113333333333334,optimal
2021-02-07 20:30:00,85,2,0.0,0.0,0.0,0.111,optimal
2021-02-07 21:00:00,85,2,0.0,0.0,0.0,0.228,optimal
2021-02-07 21:30:00,85,2,0.0,0.0,0.0,0.12133333333333332,optimal
2021-02-07 22:00:00,85,2,0.0,0.0,0.0,0.24786666666666668,optimal
2021-02-07 22:30:00,85,2,0.0,0.0,0.0,0.14146666666666666,optimal
2021-02-07 23:00:00,85,2,0.0,0.0,0.0,0.07603333333333333,optimal
2021-02-07 23:30:00,85,2,0.0,0.0,0.0,0.2529666666666667,optimal
2021-02-08 00:00:00,85,2,0.0,6.270000000000002,0.0,3.0568,optimal
2021-02-08 00:30:00,85,2,0.0,0.0,0.0,0.045,optimal
2021-02-08 01:00:00,85,2,0.5815522571317937,0.0,0.0,0.045666666666666654,optimal
2021-02-08 01:30:00,85,2,1.1428571428571428,0.0,0.0,0.047,optimal
2021-02-08 02:00:00,85,2,1.1428571428571428,0.0,0.0,0.047,optimal
2021-02-08 02:30:00,85,2,1.1428571428571428,0.0,0.0,0.047,optimal
2021-02-08 03:00:00,85,2,1.1428571428571428,0.0,0.0,0.047,optimal
2021-02-08 03:30:00,85,2,1.1428571428571428,0.0,0.0,0.047,optimal
2021-02-08 04:00:00,85,2,1.1428571428571428,0.0,0.0,0.047,optimal
2021-02-08 04:30:00,85,2,1.1428571428571428,0.0,0.0,0.047,optimal
2021-02-08 05:00:00,85,2,1.1428571428571428,0.0,0.0,0.04633333333333334,optimal
2021-02-08 05:30:00,85,2,1.1428571428571428,0.0,0.0,0.24086666666666667,optimal
2021-02-08 06:00:00,85,2,1.1428571428571428,0.0,0.0,0.047,optimal
2021-02-08 06:30:00,85,2,1.1428571428571428,0.0,2.3101070404265864,0.047,optimal
2021-02-08 07:00:00,85,2,1.1428571428571428,2.4770370370370367,10.0,0.162,optimal
2021-02-08 07:30:00,85,2,1.1428571428571428,0.3096296296296296,0.0,0.09133333333333331,optimal
2021-02-08 08:00:00,85,2,0.8130102527820834,0.0,0.0,0.047,optimal
2021-02-08 08:30:00,85,2,0.817288261647593,0.0,0.0,0.047,optimal
2021-02-08 09:00:00,85,2,0.7660509436750166,0.0,0.0,0.047,optimal
2021-02-08 09:30:00,85,2,0.759633930376764,0.0,0.0,0.047,optimal
2021-02-08 10:00:00,85,2,0.6655027006743576,0.0,0.0,0.047,optimal
2021-02-08 10:30:00,85,2,0.6719197139726102,0.0,0.0,0.047,optimal
2021-02-08 11:00:00,85,2,0.9096889995802309,0.0,0.0,0.047,optimal
2021-02-08 11:30:00,85,2,1.1428571428571428,0.0,0.0,0.047,optimal
2021-02-08 12:00:00,85,2,1.1428571428571428,0.0,0.0,0.047,optimal
2021-02-08 12:30:00,85,2,1.1428571428571428,0.0,0.0,0.047,optimal
2021-02-08 13:00:00,85,2,1.1428571428571428,0.0,0.0,0.047,optimal
2021-02-08 13:30:00,85,2,1.1428571428571428,0.0,0.0,1.5954000000000002,optimal
2021-02-08 14:00:00,85,2,1.1428571428571428,0.3096296296296296,0.0,0.8056,optimal
2021-02-08 14:30:00,85,2,1.1428571428571428,0.0,0.0,0.13646666666666668,optimal
2021-02-08 15:00:00,85,2,1.1428571428571428,0.0,0.0,0.047,optimal
2021-02-08 15:30:00,85,2,1.1428571428571428,0.0,0.0,0.047,optimal
2021-02-08 16:00:00,85,2,0.0,0.0,0.0,0.047,optimal
2021-02-08 16:30:00,85,2,0.0,0.0,0.0,0.047,optimal
2021-02-08 17:00:00,85,2,0.0,0.0,0.0,0.047,optimal
2021-02-08 17:30:00,85,2,0.0,0.0,0.0,0.047,optimal
2021-02-08 18:00:00,85,2,0.0,0.0,0.0,0.047,optimal
2021-02-08 18:30:00,85,2,0.0,0.0,0.0,0.047,optimal
2021-02-08 19:00:00,85,2,0.0,0.0,0.0,0.047,optimal
2021-02-08 19:30:00,85,2,0.829093590348101,0.0,0.0,0.047,optimal
2021-02-08 20:00:00,85,2,0.8355106036463538,0.0,0.0,0.047,optimal
2021-02-08 20:30:00,85,2,0.0,0.0,0.0,0.047,optimal
2021-02-08 21:00:00,85,2,0.0,0.0,0.0,0.047,optimal
2021-02-08 21:30:00,85,2,0.0,0.0,0.0,0.047,optimal
2021-02-08 22:00:00,85,2,0.0,0.0,0.0,0.047,optimal
2021-02-08 22:30:00,85,2,0.0,0.0,0.0,2.229,optimal
2021-02-08 23:00:00,85,2,0.0,0.0,0.0,0.047,optimal
2021-02-08 23:30:00,85,2,0.0,0.0,0.0,0.04633333333333334,optimal
2021-02-09 00:00:00,85,2,0.0,0.0,0.0,0.062,optimal
2021-02-09 00:30:00,85,2,0.23175938391270884,0.0,0.0,0.144,optimal
2021-02-09 01:00:00,85,2,1.1428571428571428,0.0,0.0,0.10026666666666668,optimal
2021-02-09 01:30:00,85,2,1.1428571428571428,0.0,0.0,0.062,optimal
2021-02-09 02:00:00,85,2,1.1428571428571428,0.0,0.0,0.13853333333333334,optimal
2021-02-09 02:30:00,85,2,1.1428571428571428,0.0,0.0,0.10573333333333332,optimal
2021-02-09 03:00:00,85,2,1.1428571428571428,0.0,0.0,0.08933333333333333,optimal
2021-02-09 03:30:00,85,2,1.1428571428571428,0.0,0.0,0.15493333333333334,optimal
2021-02-09 04:00:00,85,2,1.1428571428571428,0.0,0.0,0.062,optimal
2021-02-09 04:30:00,85,2,1.1428571428571428,0.0,0.0,0.16040000000000001,optimal
2021-02-09 05:00:00,85,2,1.1428571428571428,0.0,0.0,0.08386666666666666,optimal
2021-02-09 05:30:00,85,2,1.1428571428571428,0.0,0.0,0.06266666666666666,optimal
2021-02-09 06:00:00,85,2,1.1428571428571428,0.0,0.0,0.1704,optimal
2021-02-09 06:30:00,85,2,1.1428571428571428,0.0,0.0,0.08453333333333334,optimal
2021-02-09 07:00:00,85,2,1.1428571428571428,0.1548148148148148,8.874639062415392,0.072,optimal
2021-02-09 07:30:00,85,2,1.1428571428571428,0.3096296296296296,0.0,0.18893333333333331,optimal
2021-02-09 08:00:00,85,2,0.8445980468572994,0.0,0.0,0.06866666666666667,optimal
2021-02-09 08:30:00,85,2,0.8085048430828603,0.0,0.0,0.17186666666666667,optimal
2021-02-09 09:00:00,85,2,0.7693423660634904,0.0,0.0,0.07840000000000001,optimal
2021-02-09 09:30:00,85,2,0.7611940537527114,0.0,0.0,0.062,optimal
2021-02-09 10:00:00,85,2,0.6339236977653844,0.0,0.0,0.11666666666666668,optimal
2021-02-09 10:30:00,85,2,0.6201048660778324,0.0,0.0,0.1276,optimal
2021-02-09 11:00:00,85,2,0.5359972585057309,0.0,0.0,0.062,optimal
2021-02-09 11:30:00,85,2,0.5088677778825037,0.0,0.0,0.14946666666666666,optimal
2021-02-09 12:00:00,85,2,0.9831555434366661,0.0,0.0,0.0948,optimal
2021-02-09 12:30:00,85,2,1.1428571428571428,0.0,0.0,0.08933333333333333,optimal
2021-02-09 13:00:00,85,2,1.1428571428571428,0.0,0.0,0.15493333333333334,optimal
2021-02-09 13:30:00,85,2,1.1428571428571428,0.0,0.0,0.062,optimal
2021-02-09 14:00:00,85,2,1.1428571428571428,0.0,0.0,0.13306666666666667,optimal
2021-02-09 14:30:00,85,2,1.1428571428571428,0.0,0.0,0.11120000000000001,optimal
2021-02-09 15:00:00,85,2,1.1428571428571428,0.0,0.0,0.07840000000000001,optimal
2021-02-09 15:30:00,85,2,1.1428571428571428,0.0,0.0,0.16653333333333334,optimal
2021-02-09 16:00:00,85,2,0.0,0.0,0.0,0.072,optimal
2021-02-09 16:30:00,85,2,0.0,0.0774074074074074,0.0,0.1936,optimal
2021-02-09 17:00:00,85,2,0.0,0.0,0.0,0.068,optimal
2021-02-09 17:30:00,85,2,0.0,0.0,0.0,0.12296666666666668,optimal
2021-02-09 18:00:00,85,2,0.0,0.387037037037037,0.0,0.13113333333333332,optimal
2021-02-09 18:30:00,85,2,0.0,0.387037037037037,0.0,0.09523333333333332,optimal
2021-02-09 19:00:00,85,2,0.0,0.3096296296296296,0.0,0.5349666666666667,optimal
2021-02-09 19:30:00,85,2,0.560272940271234,0.0,0.0,0.19390000000000002,optimal
2021-02-09 20:00:00,85,2,0.5392538926521797,2.5544444444444445,0.0,0.29283333333333333,optimal
2021-02-09 20:30:00,85,2,0.0,0.0,0.0,0.17586666666666667,optimal
2021-02-09 21:00:00,85,2,0.0,0.0,0.0,0.2756,optimal
2021-02-09 21:30:00,85,2,0.0,0.0,0.0,0.5847,optimal
2021-02-09 22:00:00,85,2,0.0,0.5418518518518518,0.0,0.5497000000000001,optimal
2021-02-09 22:30:00,85,2,0.0,0.0,0.0,0.5208666666666667,optimal
2021-02-09 23:00:00,85,2,0.0,0.0,0.0,0.1704,optimal
2021-02-09 23:30:00,85,2,0.0,0.0,0.0,0.09286666666666667,optimal
2021-02-10 00:00:00,85,2,0.0,0.0,0.0,0.052,optimal
2021-02-10 00:30:00,85,2,0.15572723721805423,0.0,0.0,0.07813333333333335,optimal
2021-02-10 01:00:00,85,2,1.1428571428571428,0.0,0.0,0.09306666666666666,optimal
2021-02-10 01:30:00,85,2,1.1428571428571428,0.0,0.0,0.052,optimal
2021-02-10 02:00:00,85,2,1.1428571428571428,0.0,0.0,0.052,optimal
2021-02-10 02:30:00,85,2,1.1428571428571428,0.0,0.0,0.0856,optimal
2021-02-10 03:00:00,85,2,1.1428571428571428,0.0,0.0,0.0836,optimal
2021-02-10 03:30:00,85,2,1.1428571428571428,0.0,0.0,0.07440000000000001,optimal
2021-02-10 04:00:00,85,2,1.1428571428571428,0.0,0.0,0.0968,optimal
2021-02-10 04:30:00,85,2,1.1428571428571428,0.0,0.0,0.052,optimal
2021-02-10 05:00:00,85,2,1.1428571428571428,0.0,0.0,0.052,optimal
2021-02-10 05:30:00,85,2,1.1428571428571428,0.0,0.0,0.08933333333333333,optimal
2021-02-10 06:00:00,85,2,1.1428571428571428,0.0,0.0,0.08186666666666666,optimal
2021-02-10 06:30:00,85,2,1.1428571428571428,0.0,0.0,0.052,optimal
2021-02-10 07:00:00,85,2,1.1428571428571428,0.0,0.0,0.1192,optimal
2021-02-10 07:30:00,85,2,1.1428571428571428,0.3096296296296296,0.0,0.07483333333333334,optimal
2021-02-10 08:00:00,85,2,0.6852854900682489,0.1548148148148148,0.0,0.18513333333333332,optimal
2021-02-10 08:30:00,85,2,0.6797199485277348,0.23222222222222222,0.0,0.18366666666666662,optimal
2021-02-10 09:00:00,85,2,0.6150461516645691,0.23222222222222222,0.0,0.17566666666666667,optimal
2021-02-10 09:30:00,85,2,0.5367168006002279,0.1548148148148148,0.0,0.38796666666666657,optimal
2021-02-10 10:00:00,85,2,0.4270738731755582,0.1548148148148148,0.0,0.5621,optimal
2021-02-10 10:30:00,85,2,0.4172149551154052,0.387037037037037,0.0,1.3326333333333333,optimal
2021-02-10 11:00:00,85,2,0.4579384931181348,0.5418518518518518,0.0,0.13946666666666666,optimal
2021-02-10 11:30:00,85,2,0.4438300080621557,0.1548148148148148,0.0,0.2817,optimal
2021-02-10 12:00:00,85,2,0.25230339296583637,0.23222222222222222,0.0,0.5878,optimal
2021-02-10 12:30:00,85,2,0.31015291677536505,2.1674074074074072,0.0,1.0479666666666667,optimal
2021-02-10 13:00:00,85,2,1.1428571428571428,0.1548148148148148,0.0,0.7418333333333333,optimal
2021-02-10 13:30:00,85,2,1.1428571428571428,0.6192592592592592,0.0,0.3739333333333333,optimal
2021-02-10 14:00:00,85,2,1.1428571428571428,0.0,0.0,0.6976333333333333,optimal
2021-02-10 14:30:00,85,2,1.1428571428571428,0.774074074074074,0.0,2.444,optimal
2021-02-10 15:00:00,85,2,1.1428571428571428,0.0,4.144132009797195,1.6618,optimal
2021-02-10 15:30:00,85,2,1.1428571428571428,0.0,10.0,0.2968,optimal
2021-02-10 16:00:00,85,2,0.0,0.0774074074074074,0.0,0.6068666666666667,optimal
2021-02-10 16:30:00,85,2,0.0,0.0,0.0,1.211733333333333,optimal
2021-02-10 17:00:00,85,2,0.0,0.6192592592592592,0.0,1.875,optimal
2021-02-10 17:30:00,85,2,0.0,0.23222222222222222,0.0,0.4553333333333333,optimal
2021-02-10 18:00:00,85,2,0.0,0.0,0.0,0.32830000000000004,optimal
2021-02-10 18:30:00,85,2,0.0,0.0,0.0,0.12919999999999998,optimal
2021-02-10 19:00:00,85,2,0.0,0.0,0.0,0.062,optimal
2021-02-10 19:30:00,85,2,0.1762466933426453,0.0,0.0,0.12546666666666667,optimal
2021-02-10 20:00:00,85,2,0.835216320214466,0.0,0.0,0.1557333333333333,optimal
2021-02-10 20:30:00,85,2,0.0,0.0,0.0,0.35996666666666666,optimal
2021-02-10 21:00:00,85,2,0.0,0.46444444444444444,0.0,0.2114,optimal
2021-02-10 21:30:00,85,2,0.0,0.0,0.0,0.2903,optimal
2021-02-10 22:00:00,85,2,0.0,0.0,0.0,0.12423333333333332,optimal
2021-02-10 22:30:00,85,2,0.0,0.1548148148148148,0.0,0.21686666666666668,optimal
2021-02-10 23:00:00,85,2,0.0,0.0,0.0,0.332,optimal
2021-02-10 23:30:00,85,2,0.0,0.0,0.0,0.22153333333333333,optimal
2021-02-11 00:00:00,85,2,1.1428571428571428,0.0,0.0,0.062,optimal
2021-02-11 00:30:00,85,2,1.1428571428571428,0.0,0.0,0.154,optimal
2021-02-11 01:00:00,85,2,1.1428571428571428,0.0,0.0,0.10493333333333334,optimal
2021-02-11 01:30:00,85,2,1.1428571428571428,0.0,0.0,0.06813333333333334,optimal
2021-02-11 02:00:00,85,2,1.1428571428571428,0.0,0.0,0.19080000000000003,optimal
2021-02-11 02:30:00,85,2,1.1428571428571428,0.0,0.0,0.062,optimal
2021-02-11 03:00:00,85,2,1.1428571428571428,0.0,0.0,0.062,optimal
2021-02-11 03:30:00,85,2,1.1428571428571428,0.0,0.0,0.2006,optimal
2021-02-11 04:00:00,85,2,1.1428571428571428,0.0,0.0,0.068,optimal
2021-02-11 04:30:00,85,2,1.1428571428571428,0.0,0.0,0.062,optimal
2021-02-11 05:00:00,85,2,1.1428571428571428,0.0,0.0,0.19693333333333332,optimal
2021-02-11 05:30:00,85,2,1.1428571428571428,0.0,0.0,0.062,optimal
2021-02-11 06:00:00,85,2,1.1428571428571428,0.0,0.0,0.06366666666666666,optimal
2021-02-11 06:30:00,85,2,1.1428571428571428,0.0,3.362178609646812,0.07033333333333333,optimal
2021-02-11 07:00:00,85,2,1.1428571428571428,2.7092592592592597,10.0,0.5146333333333333,optimal
2021-02-11 07:30:00,85,2,1.1428571428571428,4.024497693732239,0.0,0.7710666666666667,optimal
2021-02-11 08:00:00,85,2,0.8207829798891074,0.6192592592592592,0.0,0.1955,optimal
2021-02-11 08:30:00,85,2,0.7966666598540298,0.1548148148148148,0.0,0.31356666666666666,optimal
2021-02-11 09:00:00,85,2,0.8838074209035449,0.0,0.0,0.072,optimal
2021-02-11 09:30:00,85,2,0.8079631317656509,0.0,0.0,0.09040000000000001,optimal
2021-02-11 10:00:00,85,2,0.5872041712030428,0.0,0.0,0.18853333333333333,optimal
2021-02-11 10:30:00,85,2,0.6461674624912852,0.0,0.0,0.072,optimal
2021-02-11 11:00:00,85,2,0.5542102755574632,0.0,0.0,0.1456,optimal
2021-02-11 11:30:00,85,2,0.5256299709709796,0.0,0.0,0.13333333333333333,optimal
2021-02-11 12:00:00,85,2,0.9528587023228864,0.0,0.0,0.072,optimal
2021-02-11 12:30:00,85,2,1.1428571428571428,0.0,0.0,0.2069333333333333,optimal
2021-02-11 13:00:00,85,2,1.1428571428571428,0.0,0.0,0.072,optimal
2021-02-11 13:30:00,85,2,1.1428571428571428,0.0,0.0,0.17013333333333333,optimal
2021-02-11 14:00:00,85,2,1.1428571428571428,0.0,0.0,0.1088,optimal
2021-02-11 14:30:00,85,2,1.1428571428571428,0.0,0.0,0.072,optimal
2021-02-11 15:00:00,85,2,1.1428571428571428,0.387037037037037,0.0,0.08,optimal
2021-02-11 15:30:00,85,2,1.1428571428571428,0.3096296296296296,0.0,0.3162333333333333,optimal
2021-02-11 16:00:00,85,2,0.0,0.1548148148148148,0.0,0.3012666666666666,optimal
2021-02-11 16:30:00,85,2,0.0,0.0,0.0,0.7209666666666666,optimal
2021-02-11 17:00:00,85,2,0.0,0.3096296296296296,0.0,0.3161333333333333,optimal
2021-02-11 17:30:00,85,2,0.0,0.1548148148148148,0.0,0.34653333333333336,optimal
2021-02-11 18:00:00,85,2,0.0,0.3096296296296296,0.0,0.41943333333333327,optimal
2021-02-11 18:30:00,85,2,0.0,0.0,0.0,0.34153333333333336,optimal
2021-02-11 19:00:00,85,2,0.0,0.23222222222222222,0.0,0.32456666666666667,optimal
2021-02-11 19:30:00,85,2,0.9033566771168658,0.1548148148148148,0.0,0.4713,optimal
2021-02-11 20:00:00,85,2,0.9760283670884923,0.0,0.0,0.3798666666666667,optimal
2021-02-11 20:30:00,85,2,0.0,2.7092592592592597,0.0,0.5528333333333334,optimal
2021-02-11 21:00:00,85,2,0.0,0.0,0.0,0.40373333333333333,optimal
2021-02-11 21:30:00,85,2,0.0,0.0,0.0,0.2901,optimal
2021-02-11 22:00:00,85,2,0.0,0.0,0.0,0.785,optimal
2021-02-11 22:30:00,85,2,0.0,0.0,0.0,0.3086666666666667,optimal
2021-02-11 23:00:00,85,2,0.0,0.0,0.0,0.072,optimal
2021-02-11 23:30:00,85,2,0.0,0.0,0.0,0.072,optimal
2021-02-12 00:00:00,85,2,1.1428571428571428,0.0,0.0,0.058,optimal
2021-02-12 00:30:00,85,2,1.1428571428571428,0.0,0.0,0.058,optimal
2021-02-12 01:00:00,85,2,1.1428571428571428,0.0,0.0,0.058,optimal
2021-02-12 01:30:00,85,2,1.1428571428571428,0.0,0.0,0.058,optimal
2021-02-12 02:00:00,85,2,1.1428571428571428,0.0,0.0,0.058,optimal
2021-02-12 02:30:00,85,2,1.1428571428571428,0.0,0.0,0.058,optimal
2021-02-12 03:00:00,85,2,1.1428571428571428,0.0,0.0,0.058,optimal
2021-02-12 03:30:00,85,2,1.1428571428571428,0.0,0.0,0.058,optimal
2021-02-12 04:00:00,85,2,1.1428571428571428,0.0,0.0,0.058,optimal
2021-02-12 04:30:00,85,2,1.1428571428571428,0.0,0.0,0.058,optimal
2021-02-12 05:00:00,85,2,1.1428571428571428,0.0,0.0,0.058,optimal
2021-02-12 05:30:00,85,2,1.1428571428571428,0.0,0.0,0.06133333333333334,optimal
2021-02-12 06:00:00,85,2,1.1428571428571428,0.0,0.0,0.068,optimal
2021-02-12 06:30:00,85,2,1.1428571428571428,2.631851851851852,0.0,1.102266666666667,optimal
2021-02-12 07:00:00,85,2,1.1428571428571428,5.65074074074074,9.294809652726615,0.27163333333333334,optimal
2021-02-12 07:30:00,85,2,1.1428571428571428,10.041762797924312,0.0,0.10166666666666668,optimal
2021-02-12 08:00:00,85,2,0.8097000386560687,0.6966666666666667,0.0,0.14933333333333335,optimal
2021-02-12 08:30:00,85,2,0.8131608182918263,0.0,0.0,0.2715,optimal
2021-02-12 09:00:00,85,2,0.7854184052460935,0.0774074074074074,0.0,0.2813,optimal
2021-02-12 09:30:00,85,2,0.7553879244908064,0.0,0.0,0.081,optimal
2021-02-12 10:00:00,85,2,0.5617537960334722,0.0,0.0,0.08526666666666667,optimal
2021-02-12 10:30:00,85,2,0.5031846177143249,0.1548148148148148,0.0,0.1017,optimal
2021-02-12 11:00:00,85,2,0.36438622009084026,0.46444444444444444,0.0,0.12440000000000001,optimal
2021-02-12 11:30:00,85,2,0.31519959661047137,0.46444444444444444,0.0,0.26039999999999996,optimal
2021-02-12 12:00:00,85,2,0.2582355449061239,0.46444444444444444,0.0,0.39126666666666665,optimal
2021-02-12 12:30:00,85,2,0.9809221589810957,0.0,0.0,0.442,optimal
2021-02-12 13:00:00,85,2,1.1428571428571428,0.1548148148148148,0.0,0.4609333333333333,optimal
2021-02-12 13:30:00,85,2,1.1428571428571428,0.5418518518518518,0.0,0.4385333333333334,optimal
2021-02-12 14:00:00,85,2,1.1428571428571428,0.0,0.0,0.167,optimal
2021-02-12 14:30:00,85,2,1.1428571428571428,0.0,0.0,0.068,optimal
2021-02-12 15:00:00,85,2,1.1428571428571428,0.0,0.0,0.068,optimal
2021-02-12 15:30:00,85,2,1.1428571428571428,0.0,0.0,0.068,optimal
2021-02-12 16:00:00,85,2,0.0,0.0,0.0,0.068,optimal
2021-02-12 16:30:00,85,2,0.0,0.0,0.0,0.068,optimal
2021-02-12 17:00:00,85,2,0.0,0.0,0.0,0.068,optimal
2021-02-12 17:30:00,85,2,0.0,0.0,0.0,0.32466666666666666,optimal
2021-02-12 18:00:00,85,2,0.0,0.23222222222222222,0.0,1.1934333333333333,optimal
2021-02-12 18:30:00,85,2,0.0,0.1548148148148148,0.0,0.4191666666666667,optimal
2021-02-12 19:00:00,85,2,0.0,0.0,0.0,0.24530000000000002,optimal
2021-02-12 19:30:00,85,2,0.6084757133239022,0.0,0.0,0.378,optimal
2021-02-12 20:00:00,85,2,0.46807753171320887,0.0,0.0,0.40353333333333335,optimal
2021-02-12 20:30:00,85,2,0.0,0.0,0.0,0.35453333333333337,optimal
2021-02-12 21:00:00,85,2,0.0,0.0,0.0,0.36519999999999997,optimal
2021-02-12 21:30:00,85,2,0.0,0.1548148148148148,0.0,0.365,optimal
2021-02-12 22:00:00,85,2,0.0,0.0,0.0,0.4124,optimal
2021-02-12 22:30:00,85,2,0.0,0.1548148148148148,0.0,0.48293333333333327,optimal
2021-02-12 23:00:00,85,2,0.0,0.0,0.0,0.4293,optimal
2021-02-12 23:30:00,85,2,0.0,0.0,0.0,0.22066666666666662,optimal
2021-02-13 00:00:00,85,2,0.0,0.0,0.0,0.062,optimal
2021-02-13 00:30:00,85,2,0.0,0.0,0.0,0.17666666666666667,optimal
2021-02-13 01:00:00,85,2,0.33021018983174283,0.0,0.0,0.05,optimal
2021-02-13 01:30:00,85,2,1.1428571428571428,0.0,0.0,0.12279999999999999,optimal
2021-02-13 02:00:00,85,2,1.1428571428571428,0.0,0.0,0.19306666666666664,optimal
2021-02-13 02:30:00,85,2,1.1428571428571428,0.0,0.0,0.05,optimal
2021-02-13 03:00:00,85,2,1.1428571428571428,0.0,0.0,0.2658666666666667,optimal
2021-02-13 03:30:00,85,2,1.1428571428571428,0.0,0.0,0.05,optimal
2021-02-13 04:00:00,85,2,1.1428571428571428,0.0,0.0,0.0664,optimal
2021-02-13 04:30:00,85,2,1.1428571428571428,0.0,0.0,0.1988,optimal
2021-02-13 05:00:00,85,2,1.1428571428571428,0.0,0.0,0.10066666666666668,optimal
2021-02-13 05:30:00,85,2,1.1428571428571428,0.0,0.0,0.12653333333333333,optimal
2021-02-13 06:00:00,85,2,1.1428571428571428,0.0,0.0,0.1893333333333333,optimal
2021-02-13 06:30:00,85,2,1.1428571428571428,0.0,9.311365432619006,0.08826666666666666,optimal
2021-02-13 07:00:00,85,2,1.1428571428571428,0.387037037037037,10.0,0.20026666666666668,optimal
2021-02-13 07:30:00,85,2,1.1428571428571428,0.8932814814814815,0.0,0.24509999999999998,optimal
2021-02-13 08:00:00,85,2,0.8709974360661868,0.0,0.0,0.13653333333333334,optimal
2021-02-13 08:30:00,85,2,0.8509155744905794,0.0,0.0,0.19933333333333328,optimal
2021-02-13 09:00:00,85,2,0.8067628742155604,0.0,0.0,0.13653333333333334,optimal
2021-02-13 09:30:00,85,2,0.8179345187184807,0.0,0.0,0.06,optimal
2021-02-13 10:00:00,85,2,0.6742531999345763,0.0,0.0,0.16793333333333332,optimal
2021-02-13 10:30:00,85,2,0.6721141955018333,0.0,0.0,0.16793333333333332,optimal
2021-02-13 11:00:00,85,2,0.5809001803369359,0.0,0.0,0.06,optimal
2021-02-13 11:30:00,85,2,0.5679040330470448,0.0,0.0,0.098,optimal
2021-02-13 12:00:00,85,2,0.4769496362348881,0.0,0.0,0.23786666666666667,optimal
2021-02-13 12:30:00,85,2,1.104345553907439,0.0,0.0,0.06,optimal
2021-02-13 13:00:00,85,2,1.1428571428571428,0.0,0.0,0.254,optimal
2021-02-13 13:30:00,85,2,1.1428571428571428,0.0,0.0,0.08186666666666666,optimal
2021-02-13 14:00:00,85,2,1.1428571428571428,0.035607407407407414,0.0,0.058,optimal
2021-02-13 14:30:00,85,2,1.1428571428571428,0.0,0.0,0.2319,optimal
2021-02-13 15:00:00,85,2,1.1428571428571428,0.0,0.0,0.1026,optimal
2021-02-13 15:30:00,85,2,1.1428571428571428,0.0,0.0,0.27343333333333336,optimal
2021-02-13 16:00:00,85,2,0.0,0.0,0.0,0.0885,optimal
2021-02-13 16:30:00,85,2,0.0,0.3096296296296296,0.0,0.105,optimal
2021-02-13 17:00:00,85,2,0.0,0.0,0.0,0.28046666666666664,optimal
2021-02-13 17:30:00,85,2,0.0,0.3096296296296296,0.0,0.1482,optimal
2021-02-13 18:00:00,85,2,0.0,0.0774074074074074,0.0,0.32180000000000003,optimal
2021-02-13 18:30:00,85,2,0.0,0.0,0.0,0.22956666666666664,optimal
2021-02-13 19:00:00,85,2,0.0,3.0188888888888883,0.0,0.30010000000000003,optimal
2021-02-13 19:30:00,85,2,0.5610280942762799,0.0,0.0,0.43596666666666656,optimal
2021-02-13 20:00:00,85,2,0.5375061031417798,0.0,0.0,0.5248666666666667,optimal
2021-02-13 20:30:00,85,2,0.0,0.0,0.0,0.10206666666666667,optimal
2021-02-13 21:00:00,85,2,0.0,0.0,0.0,0.24719999999999998,optimal
2021-02-13 21:30:00,85,2,0.0,0.0,0.0,0.09826666666666668,optimal
2021-02-13 22:00:00,85,2,0.0,0.0,0.0,0.14233333333333334,optimal
2021-02-13 22:30:00,85,2,0.0,0.0,0.0,0.19353333333333333,optimal
2021-02-13 23:00:00,85,2,0.0,0.0,0.0,0.06,optimal
2021-02-13 23:30:00,85,2,0.0,0.0,0.0,0.2157333333333333,optimal
2021-02-07 00:00:00,86,2,0.0,0.0,0.0,0.047,optimal
2021-02-07 00:30:00,86,2,0.0,0.0,0.0,0.047,optimal
2021-02-07 01:00:00,86,2,0.0,0.0,0.0,0.047,optimal
2021-02-07 01:30:00,86,2,0.0,0.0,0.0,0.1154,optimal
2021-02-07 02:00:00,86,2,0.0,0.0,0.0,0.047,optimal
2021-02-07 02:30:00,86,2,0.0,0.0,0.0,0.08120000000000001,optimal
2021-02-07 03:00:00,86,2,0.0,0.0,0.0,0.08120000000000001,optimal
2021-02-07 03:30:00,86,2,0.0,0.0,0.0,0.0546,optimal
2021-02-07 04:00:00,86,2,1.1428571428571428,0.0,0.0,0.10779999999999999,optimal
2021-02-07 04:30:00,86,2,1.1428571428571428,0.0,0.0,0.062200000000000005,optimal
2021-02-07 05:00:00,86,2,1.1428571428571428,0.0,0.0,0.1002,optimal
2021-02-07 05:30:00,86,2,1.1428571428571428,0.0,0.0,0.08120000000000001,optimal
2021-02-07 06:00:00,86,2,1.1428571428571428,0.0,0.0,0.08120000000000001,optimal
2021-02-07 06:30:00,86,2,1.1428571428571428,0.0,0.0,0.047,optimal
2021-02-07 07:00:00,86,2,1.1428571428571428,0.0,2.2154311931077144,0.0546,optimal
2021-02-07 07:30:00,86,2,0.0,2.0899999999999994,0.0,0.1098,optimal
2021-02-07 08:00:00,86,2,0.3738365903192629,0.1548148148148148,0.0,1.4472333333333331,optimal
2021-02-07 08:30:00,86,2,0.5949154928276018,2.3222222222222215,0.0,2.322766666666667,optimal
2021-02-07 09:00:00,86,2,0.5907245184302649,0.1548148148148148,0.0,0.9823999999999999,optimal
2021-02-07 09:30:00,86,2,0.600810275902277,0.23222222222222222,0.0,0.244,optimal
2021-02-07 10:00:00,86,2,0.5056567659297311,0.0,0.0,0.5468666666666667,optimal
2021-02-07 10:30:00,86,2,0.5082147747952374,0.0,0.0,1.7095,optimal
2021-02-07 11:00:00,86,2,0.9019421505161954,0.0,0.0,2.386333333333333,optimal
2021-02-07 11:30:00,86,2,1.1428571428571428,0.0,0.0,0.28806666666666664,optimal
2021-02-07 12:00:00,86,2,1.1428571428571428,0.0,0.0,0.15259999999999999,optimal
2021-02-07 12:30:00,86,2,1.1428571428571428,0.0,0.0,0.18009999999999998,optimal
2021-02-07 13:00:00,86,2,1.1428571428571428,0.0,0.0,0.0912,optimal
2021-02-07 13:30:00,86,2,1.1428571428571428,0.0,0.0,0.0912,optimal
2021-02-07 14:00:00,86,2,1.1428571428571428,0.0,0.0,0.057,optimal
2021-02-07 14:30:00,86,2,1.1428571428571428,0.0,0.0,0.057,optimal
2021-02-07 15:00:00,86,2,1.1428571428571428,0.0,0.0,0.38353333333333334,optimal
2021-02-07 15:30:00,86,2,1.1428571428571428,0.23222222222222222,0.0,0.4250333333333334,optimal
2021-02-07 16:00:00,86,2,0.0,0.0,0.0,0.057,optimal
2021-02-07 16:30:00,86,2,0.0,0.0,0.0,0.057,optimal
2021-02-07 17:00:00,86,2,0.0,0.0,0.0,0.076,optimal
2021-02-07 17:30:00,86,2,0.0,0.0,0.0,0.10640000000000001,optimal
2021-02-07 18:00:00,86,2,0.0,0.0,0.0,0.057,optimal
2021-02-07 18:30:00,86,2,0.0,0.0,0.0,0.0912,optimal
2021-02-07 19:00:00,86,2,0.0,0.0,0.0,0.0912,optimal
2021-02-07 19:30:00,86,2,0.5549137176245879,0.23222222222222222,0.0,2.121,optimal
2021-02-07 20:00:00,86,2,0.5665822890531612,0.0,0.0,0.6562333333333333,optimal
2021-02-07 20:30:00,86,2,0.0,0.0,0.0,0.8054,optimal
2021-02-07 21:00:00,86,2,0.0,0.0,0.0,2.2201999999999997,optimal
2021-02-07 21:30:00,86,2,0.0,0.0,0.0,0.22193333333333332,optimal
2021-02-07 22:00:00,86,2,0.0,0.0,0.0,0.6978,optimal
2021-02-07 22:30:00,86,2,0.0,0.23222222222222222,0.0,0.4431333333333333,optimal
2021-02-07 23:00:00,86,2,0.0,0.0,0.0,2.322033333333333,optimal
2021-02-07 23:30:00,86,2,0.0,0.1548148148148148,0.0,0.3322,optimal
2021-02-08 00:00:00,86,2,0.0,0.0,0.0,0.064,optimal
2021-02-08 00:30:00,86,2,0.0,0.0,0.0,0.064,optimal
2021-02-08 01:00:00,86,2,0.0,0.0,0.0,0.2142666666666667,optimal
2021-02-08 01:30:00,86,2,0.3917577652840583,0.0,0.0,0.0858,optimal
2021-02-08 02:00:00,86,2,1.1428571428571428,0.0,0.0,0.21063333333333334,optimal
2021-02-08 02:30:00,86,2,1.1428571428571428,0.0,0.0,0.08943333333333334,optimal
2021-02-08 03:00:00,86,2,1.1428571428571428,0.0,0.0,0.064,optimal
2021-02-08 03:30:00,86,2,1.1428571428571428,0.0,0.0,0.2079,optimal
2021-02-08 04:00:00,86,2,1.1428571428571428,0.0,0.0,0.09983333333333332,optimal
2021-02-08 04:30:00,86,2,1.1428571428571428,0.0,0.0,0.1253,optimal
2021-02-08 05:00:00,86,2,1.1428571428571428,0.0,0.0,0.17476666666666668,optimal
2021-02-08 05:30:00,86,2,1.1428571428571428,0.0,0.0,0.064,optimal
2021-02-08 06:00:00,86,2,1.1428571428571428,0.0,0.0,0.15466666666666665,optimal
2021-02-08 06:30:00,86,2,1.1428571428571428,0.0,3.70222235713705,0.14606666666666665,optimal
2021-02-08 07:00:00,86,2,1.1428571428571428,0.0,10.0,0.12033333333333332,optimal
2021-02-08 07:30:00,86,2,1.1428571428571428,1.548148148148148,0.0,0.24680000000000002,optimal
2021-02-08 08:00:00,86,2,0.7102197765916145,0.0,0.0,0.0726,optimal
2021-02-08 08:30:00,86,2,0.6944120711713948,0.3096296296296296,0.0,0.07413333333333334,optimal
2021-02-08 09:00:00,86,2,0.5786509436750142,0.1548148148148148,0.0,0.27326666666666666,optimal
2021-02-08 09:30:00,86,2,0.5693291684720005,0.23222222222222222,0.0,0.2191,optimal
2021-02-08 10:00:00,86,2,0.468883653055313,0.0,0.0,0.4348666666666667,optimal
2021-02-08 10:30:00,86,2,0.5441197139726028,0.0,0.0,0.2513333333333333,optimal
2021-02-08 11:00:00,86,2,0.1674686955425219,0.0,0.0,1.6878,optimal
2021-02-08 11:30:00,86,2,0.5420478295341553,0.0,0.0,0.06333333333333334,optimal
2021-02-08 12:00:00,86,2,0.750846258781725,0.0,0.0,0.12940000000000002,optimal
2021-02-08 12:30:00,86,2,1.1428571428571428,0.0,0.0,0.06466666666666668,optimal
2021-02-08 13:00:00,86,2,1.1428571428571428,0.0,0.0,0.07233333333333333,optimal
2021-02-08 13:30:00,86,2,1.1428571428571428,0.0,0.0,0.23606666666666665,optimal
2021-02-08 14:00:00,86,2,1.1428571428571428,0.0,0.0,0.064,optimal
2021-02-08 14:30:00,86,2,1.1428571428571428,0.0,0.0,0.12940000000000002,optimal
2021-02-08 15:00:00,86,2,1.1428571428571428,0.0,0.0,0.17066666666666666,optimal
2021-02-08 15:30:00,86,2,1.1428571428571428,0.0,0.0,0.1257666666666667,optimal
2021-02-08 16:00:00,86,2,0.0,0.0,0.0,0.15363333333333332,optimal
2021-02-08 16:30:00,86,2,0.0,0.0,0.0,0.09333333333333331,optimal
2021-02-08 17:00:00,86,2,0.0,0.0,0.0,0.1403,optimal
2021-02-08 17:30:00,86,2,0.0,0.387037037037037,0.0,1.1342999999999999,optimal
2021-02-08 18:00:00,86,2,0.0,0.0774074074074074,0.0,1.5543333333333333,optimal
2021-02-08 18:30:00,86,2,0.0,2.012592592592592,0.0,0.3087333333333333,optimal
2021-02-08 19:00:00,86,2,0.0,0.0,0.0,0.3718333333333333,optimal
2021-02-08 19:30:00,86,2,0.6324688284433402,0.0,0.0,0.3100333333333334,optimal
2021-02-08 20:00:00,86,2,0.5471563179320691,0.0,0.0,2.0311,optimal
2021-02-08 20:30:00,86,2,0.0,0.0,0.0,2.9167666666666667,optimal
2021-02-08 21:00:00,86,2,0.0,0.387037037037037,0.0,1.0223,optimal
2021-02-08 21:30:00,86,2,0.0,0.0,0.0,0.2275,optimal
2021-02-08 22:00:00,86,2,0.0,0.0,0.0,0.07933333333333333,optimal
2021-02-08 22:30:00,86,2,0.0,0.0,0.0,0.18159999999999998,optimal
2021-02-08 23:00:00,86,2,0.0,0.0,0.0,0.13846666666666668,optimal
2021-02-08 23:30:00,86,2,0.0,0.0,0.0,0.1222,optimal
2021-02-09 00:00:00,86,2,0.0,0.0,0.0,0.067,optimal
2021-02-09 00:30:00,86,2,0.0,0.0,0.0,0.067,optimal
2021-02-09 01:00:00,86,2,0.4798383325936955,0.0,0.0,0.1502,optimal
2021-02-09 01:30:00,86,2,1.1428571428571428,0.0,0.0,0.13633333333333333,optimal
2021-02-09 02:00:00,86,2,1.1428571428571428,0.0,0.0,0.14213333333333333,optimal
2021-02-09 02:30:00,86,2,1.1428571428571428,0.0,0.0,0.21259999999999998,optimal
2021-02-09 03:00:00,86,2,1.1428571428571428,0.0,0.0,0.10613333333333334,optimal
2021-02-09 03:30:00,86,2,1.1428571428571428,0.0,0.0,0.19313333333333332,optimal
2021-02-09 04:00:00,86,2,1.1428571428571428,0.0,0.0,0.13633333333333333,optimal
2021-02-09 04:30:00,86,2,1.1428571428571428,0.0,0.0,0.067,optimal
2021-02-09 05:00:00,86,2,1.1428571428571428,0.0,0.0,0.18486666666666668,optimal
2021-02-09 05:30:00,86,2,1.1428571428571428,0.0,0.0,0.1768,optimal
2021-02-09 06:00:00,86,2,1.1428571428571428,0.0,0.0,0.067,optimal
2021-02-09 06:30:00,86,2,1.1428571428571428,0.0,0.0,0.11553333333333332,optimal
2021-02-09 07:00:00,86,2,1.1428571428571428,0.0,9.643526944535486,0.7399666666666667,optimal
2021-02-09 07:30:00,86,2,1.1428571428571428,0.46444444444444444,0.0,0.6708,optimal
2021-02-09 08:00:00,86,2,0.6094694754287256,0.0774074074074074,0.0,1.0291666666666668,optimal
2021-02-09 08:30:00,86,2,0.6254762716542842,0.0,0.0,1.1380666666666666,optimal
2021-02-09 09:00:00,86,2,0.5875471279682544,0.23222222222222222,0.0,0.4001,optimal
2021-02-09 09:30:00,86,2,0.5300797680384219,0.5418518518518518,0.0,0.4563333333333333,optimal
2021-02-09 10:00:00,86,2,0.5264427453844317,0.0,0.0,0.6735333333333333,optimal
2021-02-09 10:30:00,86,2,0.5895524851254479,0.0,0.0,0.23663333333333333,optimal
2021-02-09 11:00:00,86,2,0.5180163061247818,0.0,0.0,0.13603333333333334,optimal
2021-02-09 11:30:00,86,2,0.40927158740631336,0.0,0.0,0.43456666666666666,optimal
2021-02-09 12:00:00,86,2,0.30914528003188024,0.1548148148148148,0.0,0.8399666666666668,optimal
2021-02-09 12:30:00,86,2,1.1078039817912353,0.23222222222222222,0.0,1.5301,optimal
2021-02-09 13:00:00,86,2,1.1428571428571428,0.0,0.0,0.9859666666666668,optimal
2021-02-09 13:30:00,86,2,1.1428571428571428,0.0,0.0,0.2427,optimal
2021-02-09 14:00:00,86,2,1.1428571428571428,0.0,0.0,0.18869999999999998,optimal
2021-02-09 14:30:00,86,2,1.1428571428571428,0.0,0.0,0.4007,optimal
2021-02-09 15:00:00,86,2,1.1428571428571428,0.0,0.0,0.15906666666666666,optimal
2021-02-09 15:30:00,86,2,1.1428571428571428,0.0,0.0,0.077,optimal
2021-02-09 16:00:00,86,2,0.0,0.0,0.0,0.2601666666666667,optimal
2021-02-09 16:30:00,86,2,0.0,0.0,0.0,0.1215,optimal
2021-02-09 17:00:00,86,2,0.0,0.0,0.0,0.16019999999999998,optimal
2021-02-09 17:30:00,86,2,0.0,0.0,0.0,0.22146666666666667,optimal
2021-02-09 18:00:00,86,2,0.0,0.0,0.0,0.17666666666666667,optimal
2021-02-09 18:30:00,86,2,0.0,0.5418518518518518,0.0,0.6953333333333334,optimal
2021-02-09 19:00:00,86,2,0.0,0.1548148148148148,0.0,0.8586333333333334,optimal
2021-02-09 19:30:00,86,2,0.5775777021759954,0.0,0.0,0.348,optimal
2021-02-09 20:00:00,86,2,0.5275919878902813,0.0,0.0,0.998,optimal
2021-02-09 20:30:00,86,2,0.0,0.0,0.0,1.1407333333333332,optimal
2021-02-09 21:00:00,86,2,0.0,0.0,0.0,1.488733333333333,optimal
2021-02-09 21:30:00,86,2,0.0,0.0,0.0,1.1638333333333333,optimal
2021-02-09 22:00:00,86,2,0.0,0.0,0.0,0.2559333333333333,optimal
2021-02-09 22:30:00,86,2,0.0,0.0,0.0,0.293,optimal
2021-02-09 23:00:00,86,2,0.0,0.0,0.0,0.2977333333333333,optimal
2021-02-09 23:30:00,86,2,0.0,0.0,0.0,0.077,optimal
2021-02-10 00:00:00,86,2,0.0,0.0,0.0,0.04,optimal
2021-02-10 00:30:00,86,2,0.0,0.0,0.0,0.1819,optimal
2021-02-10 01:00:00,86,2,0.6055713666494611,0.0,0.0,0.1033,optimal
2021-02-10 01:30:00,86,2,1.1428571428571428,0.0,0.0,0.09040000000000001,optimal
2021-02-10 02:00:00,86,2,1.1428571428571428,0.0,0.0,0.1541,optimal
2021-02-10 02:30:00,86,2,1.1428571428571428,0.0,0.0,0.08070000000000001,optimal
2021-02-10 03:00:00,86,2,1.1428571428571428,0.0,0.0,0.1093,optimal
2021-02-10 03:30:00,86,2,1.1428571428571428,0.0,0.0,0.1093,optimal
2021-02-10 04:00:00,86,2,1.1428571428571428,0.0,0.0,0.04,optimal
2021-02-10 04:30:00,86,2,1.1428571428571428,0.0,0.0,0.04,optimal
2021-02-10 05:00:00,86,2,1.1428571428571428,0.0,0.0,0.0992,optimal
2021-02-10 05:30:00,86,2,1.1428571428571428,0.0,0.0,0.04806666666666667,optimal
2021-02-10 06:00:00,86,2,1.1428571428571428,0.0,0.0,0.2174,optimal
2021-02-10 06:30:00,86,2,1.1428571428571428,0.0,7.285675148060636,0.0878,optimal
2021-02-10 07:00:00,86,2,1.1428571428571428,0.0,10.0,0.05,optimal
2021-02-10 07:30:00,86,2,1.1428571428571428,0.0,0.0,0.23603333333333334,optimal
2021-02-10 08:00:00,86,2,0.743066442449206,0.5418518518518518,0.0,0.09936666666666666,optimal
2021-02-10 08:30:00,86,2,0.7185828056705833,1.2385185185185184,0.0,0.34013333333333334,optimal
2021-02-10 09:00:00,86,2,0.5134651992836164,0.23222222222222222,0.0,2.400533333333333,optimal
2021-02-10 09:30:00,86,2,0.7217625148859467,0.0,0.0,0.09853333333333332,optimal
2021-02-10 10:00:00,86,2,0.6563805398422304,0.0,0.0,0.07596666666666667,optimal
2021-02-10 10:30:00,86,2,0.6074206694011224,0.0,0.0,0.22519999999999998,optimal
2021-02-10 11:00:00,86,2,0.5757194454990834,0.0,0.0,0.0611,optimal
2021-02-10 11:30:00,86,2,0.5746128652050109,0.0,0.0,0.05,optimal
2021-02-10 12:00:00,86,2,0.4544405358229802,0.0,0.0,0.12919999999999998,optimal
2021-02-10 12:30:00,86,2,0.9425254773869718,0.0,0.0,0.176,optimal
2021-02-10 13:00:00,86,2,1.1428571428571428,0.0,0.0,0.04933333333333333,optimal
2021-02-10 13:30:00,86,2,1.1428571428571428,0.0,0.0,0.2082,optimal
2021-02-10 14:00:00,86,2,1.1428571428571428,0.0,0.0,0.077,optimal
2021-02-10 14:30:00,86,2,1.1428571428571428,0.0,0.0,0.038,optimal
2021-02-10 15:00:00,86,2,1.1428571428571428,0.23222222222222222,0.0,0.3977333333333333,optimal
2021-02-10 15:30:00,86,2,1.1428571428571428,0.3096296296296296,0.0,2.0282,optimal
2021-02-10 16:00:00,86,2,0.0,0.23222222222222222,0.0,1.6492666666666669,optimal
2021-02-10 16:30:00,86,2,0.0,0.387037037037037,0.0,0.8847,optimal
2021-02-10 17:00:00,86,2,0.0,0.0,0.0,0.2606,optimal
2021-02-10 17:30:00,86,2,0.0,0.23222222222222222,0.0,1.2954,optimal
2021-02-10 18:00:00,86,2,0.0,0.23222222222222222,0.0,1.3556666666666668,optimal
2021-02-10 18:30:00,86,2,0.0,0.0,0.0,2.2541333333333333,optimal
2021-02-10 19:00:00,86,2,0.0,0.0,0.0,0.5041666666666667,optimal
2021-02-10 19:30:00,86,2,0.707997488526907,0.3096296296296296,0.0,0.19519999999999998,optimal
2021-02-10 20:00:00,86,2,0.711349653547804,0.0,0.0,0.1837333333333333,optimal
2021-02-10 20:30:00,86,2,0.0,0.23222222222222222,0.0,0.5225666666666667,optimal
2021-02-10 21:00:00,86,2,0.0,0.0,0.0,2.193,optimal
2021-02-10 21:30:00,86,2,0.0,0.0,0.0,2.6505,optimal
2021-02-10 22:00:00,86,2,0.0,0.1548148148148148,0.0,2.1566666666666667,optimal
2021-02-10 22:30:00,86,2,0.0,0.0,0.0,0.2377333333333333,optimal
2021-02-10 23:00:00,86,2,0.0,0.0,0.0,0.3067,optimal
2021-02-10 23:30:00,86,2,0.0,0.0,0.0,0.2675666666666667,optimal
2021-02-11 00:00:00,86,2,1.1428571428571428,0.0,0.0,0.057,optimal
2021-02-11 00:30:00,86,2,1.1428571428571428,0.0,0.0,0.057,optimal
2021-02-11 01:00:00,86,2,1.1428571428571428,0.0,0.0,0.057,optimal
2021-02-11 01:30:00,86,2,1.1428571428571428,0.0,0.0,0.057,optimal
2021-02-11 02:00:00,86,2,1.1428571428571428,0.0,0.0,0.057,optimal
2021-02-11 02:30:00,86,2,1.1428571428571428,0.0,0.0,0.057,optimal
2021-02-11 03:00:00,86,2,1.1428571428571428,0.0,0.0,0.057,optimal
2021-02-11 03:30:00,86,2,1.1428571428571428,0.0,0.0,0.057,optimal
2021-02-11 04:00:00,86,2,1.1428571428571428,0.0,0.0,0.061,optimal
2021-02-11 04:30:00,86,2,1.1428571428571428,0.0,0.0,0.06233333333333334,optimal
2021-02-11 05:00:00,86,2,1.1428571428571428,0.0,0.0,0.057,optimal
2021-02-11 05:30:00,86,2,1.1428571428571428,0.0,0.0,0.05666666666666666,optimal
2021-02-11 06:00:00,86,2,1.1428571428571428,2.7092592592592597,0.11332308498822385,0.0663,optimal
2021-02-11 06:30:00,86,2,1.1428571428571428,0.3096296296296296,10.0,0.077,optimal
2021-02-11 07:00:00,86,2,1.1428571428571428,2.1674074074074072,0.0,0.11876666666666667,optimal
2021-02-11 07:30:00,86,2,1.1428571428571428,1.3059961804798008,0.0,0.8592000000000001,optimal
2021-02-11 08:00:00,86,2,0.8579829798891152,0.1548148148148148,0.0,0.066,optimal
2021-02-11 08:30:00,86,2,0.9007809455683167,0.0,0.0,0.06633333333333333,optimal
2021-02-11 09:00:00,86,2,0.8848074209035477,0.0,0.0,0.067,optimal
2021-02-11 09:30:00,86,2,0.8142202746227931,0.0,0.0,0.067,optimal
2021-02-11 10:00:00,86,2,0.6214994092982896,0.0,0.0,0.067,optimal
2021-02-11 10:30:00,86,2,0.6471674624912879,0.0,0.0,0.067,optimal
2021-02-11 11:00:00,86,2,0.5762388469860354,0.0,0.0,0.067,optimal
2021-02-11 11:30:00,86,2,1.0096833988949871,0.0,0.0,0.067,optimal
2021-02-11 12:00:00,86,2,1.1428571428571428,0.0,0.0,0.067,optimal
2021-02-11 12:30:00,86,2,1.1428571428571428,0.0,0.0,0.067,optimal
2021-02-11 13:00:00,86,2,1.1428571428571428,0.0,0.0,0.067,optimal
2021-02-11 13:30:00,86,2,1.1428571428571428,0.0,0.0,0.067,optimal
2021-02-11 14:00:00,86,2,1.1428571428571428,0.0,0.0,0.067,optimal
2021-02-11 14:30:00,86,2,1.1428571428571428,0.0,0.0,0.067,optimal
2021-02-11 15:00:00,86,2,1.1428571428571428,0.0,0.0,0.067,optimal
2021-02-11 15:30:00,86,2,1.1428571428571428,0.0774074074074074,0.0,0.06633333333333333,optimal
2021-02-11 16:00:00,86,2,0.0,0.387037037037037,0.0,0.0996,optimal
2021-02-11 16:30:00,86,2,0.0,0.387037037037037,0.0,0.129,optimal
2021-02-11 17:00:00,86,2,0.0,0.3096296296296296,0.0,0.171,optimal
2021-02-11 17:30:00,86,2,0.0,0.23222222222222222,0.0,0.16563333333333333,optimal
2021-02-11 18:00:00,86,2,0.0,0.0,0.0,0.21309999999999998,optimal
2021-02-11 18:30:00,86,2,0.0,3.173703703703704,0.0,0.232,optimal
2021-02-11 19:00:00,86,2,0.0,0.23222222222222222,0.0,0.2216,optimal
2021-02-11 19:30:00,86,2,0.9347471533073514,0.0774074074074074,0.0,0.12240000000000001,optimal
2021-02-11 20:00:00,86,2,0.9019274147075331,0.0,0.0,0.5158666666666667,optimal
2021-02-11 20:30:00,86,2,0.0,0.0,0.0,1.0731666666666668,optimal
2021-02-11 21:00:00,86,2,0.0,0.0,0.0,0.2157666666666667,optimal
2021-02-11 21:30:00,86,2,0.0,0.0,0.0,0.22933333333333328,optimal
2021-02-11 22:00:00,86,2,0.0,0.0,0.0,0.23383333333333328,optimal
2021-02-11 22:30:00,86,2,0.0,0.387037037037037,0.0,0.2673666666666667,optimal
2021-02-11 23:00:00,86,2,0.0,1.006296296296296,0.0,0.18346666666666667,optimal
2021-02-11 23:30:00,86,2,0.0,0.5418518518518518,0.0,0.08833333333333333,optimal
2021-02-12 00:00:00,86,2,1.1428571428571428,0.0,0.0,0.055666666666666656,optimal
2021-02-12 00:30:00,86,2,1.1428571428571428,0.0,0.0,0.118,optimal
2021-02-12 01:00:00,86,2,1.1428571428571428,0.0,0.0,0.1502666666666667,optimal
2021-02-12 01:30:00,86,2,1.1428571428571428,0.0,0.0,0.118,optimal
2021-02-12 02:00:00,86,2,1.1428571428571428,0.0,0.0,0.052,optimal
2021-02-12 02:30:00,86,2,1.1428571428571428,0.0,0.0,0.052,optimal
2021-02-12 03:00:00,86,2,1.1428571428571428,0.0,0.0,0.1448,optimal
2021-02-12 03:30:00,86,2,1.1428571428571428,0.0,0.0,0.12346666666666668,optimal
2021-02-12 04:00:00,86,2,1.1428571428571428,0.0,0.0,0.052,optimal
2021-02-12 04:30:00,86,2,1.1428571428571428,0.0,0.0,0.2162666666666667,optimal
2021-02-12 05:00:00,86,2,1.1428571428571428,0.0,0.0,0.052,optimal
2021-02-12 05:30:00,86,2,1.1428571428571428,0.0,0.0,0.18053333333333332,optimal
2021-02-12 06:00:00,86,2,1.1428571428571428,0.3096296296296296,0.0,1.0069666666666668,optimal
2021-02-12 06:30:00,86,2,1.1428571428571428,0.3096296296296296,8.379386257582029,0.05,optimal
2021-02-12 07:00:00,86,2,1.1428571428571428,0.6192592592592592,10.0,0.3407,optimal
2021-02-12 07:30:00,86,2,1.1428571428571428,9.990248035343763,0.0,0.11306666666666666,optimal
2021-02-12 08:00:00,86,2,0.7988048005608238,0.7106000000000005,0.0,0.1394,optimal
2021-02-12 08:30:00,86,2,0.812389389720391,0.0,0.0,0.1958,optimal
2021-02-12 09:00:00,86,2,0.7794945957222816,2.2448148148148146,0.0,0.2828333333333333,optimal
2021-02-12 09:30:00,86,2,0.7497117340146163,0.0,0.0,0.15286666666666668,optimal
2021-02-12 10:00:00,86,2,0.5377633198429909,0.23222222222222222,0.0,0.1027,optimal
2021-02-12 10:30:00,86,2,0.4965084272381441,0.0,0.0,0.126,optimal
2021-02-12 11:00:00,86,2,0.45164336294798574,0.0,0.0,0.1328,optimal
2021-02-12 11:30:00,86,2,0.4814091204200027,0.0,0.0,0.14013333333333333,optimal
2021-02-12 12:00:00,86,2,0.46187364014421883,0.0,0.0,0.07666666666666667,optimal
2021-02-12 12:30:00,86,2,0.46392511190194635,0.0,0.0,0.062,optimal
2021-02-12 13:00:00,86,2,1.1428571428571428,0.0,0.0,0.3831,optimal
2021-02-12 13:30:00,86,2,1.1428571428571428,0.0,0.0,0.27016666666666667,optimal
2021-02-12 14:00:00,86,2,1.1428571428571428,6.734444444444446,0.0,0.06,optimal
2021-02-12 14:30:00,86,2,1.1428571428571428,0.2740222222222222,0.0,0.104,optimal
2021-02-12 15:00:00,86,2,1.1428571428571428,0.19042222222222224,0.0,0.1802666666666667,optimal
2021-02-12 15:30:00,86,2,1.1428571428571428,0.0,0.0,0.10906666666666666,optimal
2021-02-12 16:00:00,86,2,0.0,0.0,0.0,0.2153333333333333,optimal
2021-02-12 16:30:00,86,2,0.0,0.23222222222222222,0.0,0.07993333333333334,optimal
2021-02-12 17:00:00,86,2,0.0,0.387037037037037,0.0,0.17306666666666667,optimal
2021-02-12 17:30:00,86,2,0.0,0.0774074074074074,0.0,0.4727,optimal
2021-02-12 18:00:00,86,2,0.0,0.387037037037037,0.0,0.137,optimal
2021-02-12 18:30:00,86,2,0.0,0.0774074074074074,0.0,0.2636,optimal
2021-02-12 19:00:00,86,2,0.0,0.3096296296296296,0.0,0.1057,optimal
2021-02-12 19:30:00,86,2,0.5719124483661425,0.387037037037037,0.0,0.2651,optimal
2021-02-12 20:00:00,86,2,0.674372769808443,0.0,0.0,0.17863333333333334,optimal
2021-02-12 20:30:00,86,2,0.0,0.0,0.0,0.08896666666666667,optimal
2021-02-12 21:00:00,86,2,0.0,0.23222222222222222,0.0,0.6929666666666667,optimal
2021-02-12 21:30:00,86,2,0.0,0.23222222222222222,0.0,0.28646666666666665,optimal
2021-02-12 22:00:00,86,2,0.0,0.0,0.0,0.2502666666666667,optimal
2021-02-12 22:30:00,86,2,0.0,0.0,0.0,0.21546666666666667,optimal
2021-02-12 23:00:00,86,2,0.0,0.3096296296296296,0.0,0.18313333333333331,optimal
2021-02-12 23:30:00,86,2,0.0,0.0,0.0,0.062,optimal
2021-02-13 00:00:00,86,2,0.0,0.0,0.0,0.049,optimal
2021-02-13 00:30:00,86,2,0.13436254815484192,0.0,0.0,0.11353333333333332,optimal
2021-02-13 01:00:00,86,2,1.1428571428571428,0.0,0.0,0.1832,optimal
2021-02-13 01:30:00,86,2,1.1428571428571428,0.0,0.0,0.049,optimal
2021-02-13 02:00:00,86,2,1.1428571428571428,0.0,0.0,0.16026666666666667,optimal
2021-02-13 02:30:00,86,2,1.1428571428571428,0.0,0.0,0.13646666666666668,optimal
2021-02-13 03:00:00,86,2,1.1428571428571428,0.0,0.0,0.049,optimal
2021-02-13 03:30:00,86,2,1.1428571428571428,0.0,0.0,0.08913333333333334,optimal
2021-02-13 04:00:00,86,2,1.1428571428571428,0.0,0.0,0.135,optimal
2021-02-13 04:30:00,86,2,1.1428571428571428,0.0,0.0,0.1216,optimal
2021-02-13 05:00:00,86,2,1.1428571428571428,0.0,0.0,0.1522,optimal
2021-02-13 05:30:00,86,2,1.1428571428571428,0.0,0.0,0.07193333333333334,optimal
2021-02-13 06:00:00,86,2,1.1428571428571428,0.0,0.0,0.049,optimal
2021-02-13 06:30:00,86,2,1.1428571428571428,0.6192592592592592,9.12320580105625,0.24806666666666663,optimal
2021-02-13 07:00:00,86,2,1.1428571428571428,0.6192592592592592,10.0,0.054666666666666655,optimal
2021-02-13 07:30:00,86,2,1.1428571428571428,0.0,0.0,0.14046666666666666,optimal
2021-02-13 08:00:00,86,2,0.8141402932090394,0.0,0.0,0.16793333333333332,optimal
2021-02-13 08:30:00,86,2,0.822382241157243,0.0,0.0,0.1316,optimal
2021-02-13 09:00:00,86,2,0.7082962075488941,0.23222222222222222,0.0,0.18906666666666663,optimal
2021-02-13 09:30:00,86,2,0.6522202330041931,0.387037037037037,0.0,0.2544,optimal
2021-02-13 10:00:00,86,2,0.4833903427917257,5.172362962962962,0.0,0.6053,optimal
2021-02-13 10:30:00,86,2,0.2737275288351663,1.6394888888888888,0.0,1.5659,optimal
2021-02-13 11:00:00,86,2,0.3113306565274161,0.0,0.0,1.8659333333333328,optimal
2021-02-13 11:30:00,86,2,0.3645706997137109,0.0,0.0,0.4771666666666667,optimal
2021-02-13 12:00:00,86,2,0.3348658267110756,0.387037037037037,0.0,0.5006,optimal
2021-02-13 12:30:00,86,2,0.7686765664808926,0.1548148148148148,0.0,0.47636666666666666,optimal
2021-02-13 13:00:00,86,2,1.1428571428571428,0.1548148148148148,0.0,0.3679,optimal
2021-02-13 13:30:00,86,2,1.1428571428571428,0.1548148148148148,0.0,0.26473333333333327,optimal
2021-02-13 14:00:00,86,2,1.1428571428571428,0.0,0.0,0.5422666666666667,optimal
2021-02-13 14:30:00,86,2,1.1428571428571428,0.3096296296296296,0.0,0.12840000000000001,optimal
2021-02-13 15:00:00,86,2,1.1428571428571428,0.0,0.0,0.24063333333333334,optimal
2021-02-13 15:30:00,86,2,1.1428571428571428,0.35142962962962954,0.0,0.1114,optimal
2021-02-13 16:00:00,86,2,0.0,0.5774592592592593,0.0,0.2511333333333333,optimal
2021-02-13 16:30:00,86,2,0.0,0.6966666666666667,0.0,0.5654,optimal
2021-02-13 17:00:00,86,2,0.0,0.0,0.0,0.2417333333333333,optimal
2021-02-13 17:30:00,86,2,0.0,0.23222222222222222,0.0,0.24706666666666663,optimal
2021-02-13 18:00:00,86,2,0.0,0.0,0.0,0.12166666666666669,optimal
2021-02-13 18:30:00,86,2,0.0,0.387037037037037,0.0,0.44980000000000003,optimal
2021-02-13 19:00:00,86,2,0.0,0.0,0.0,0.1864,optimal
2021-02-13 19:30:00,86,2,0.6975328561810431,0.8514814814814814,0.0,0.1906,optimal
2021-02-13 20:00:00,86,2,0.6875918174274965,0.23222222222222222,0.0,0.2113333333333333,optimal
2021-02-13 20:30:00,86,2,0.0,0.0,0.0,0.4076666666666667,optimal
2021-02-13 21:00:00,86,2,0.0,0.387037037037037,0.0,1.4279666666666666,optimal
2021-02-13 21:30:00,86,2,0.0,0.0,0.0,1.1823333333333332,optimal
2021-02-13 22:00:00,86,2,0.0,0.1548148148148148,0.0,0.2359,optimal
2021-02-13 22:30:00,86,2,0.0,0.0,0.0,0.31589999999999996,optimal
2021-02-13 23:00:00,86,2,0.0,0.0,0.0,0.06473333333333334,optimal
2021-02-13 23:30:00,86,2,0.0,0.0,0.0,0.12726666666666667,optimal
2021-02-07 00:00:00,87,2,0.0,0.0,0.0,0.06,optimal
2021-02-07 00:30:00,87,2,0.0,0.0,0.0,0.203,optimal
2021-02-07 01:00:00,87,2,0.0,0.0,0.0,0.06,optimal
2021-02-07 01:30:00,87,2,0.0,0.0,0.0,0.06,optimal
2021-02-07 02:00:00,87,2,0.0,0.0,0.0,0.099,optimal
2021-02-07 02:30:00,87,2,0.0,0.0,0.0,0.164,optimal
2021-02-07 03:00:00,87,2,0.0,0.0,0.0,0.06,optimal
2021-02-07 03:30:00,87,2,0.0,0.0,0.0,0.06,optimal
2021-02-07 04:00:00,87,2,1.1428571428571428,0.0,0.0,0.203,optimal
2021-02-07 04:30:00,87,2,1.1428571428571428,0.0,0.0,0.06,optimal
2021-02-07 05:00:00,87,2,1.1428571428571428,0.0,0.0,0.06,optimal
2021-02-07 05:30:00,87,2,1.1428571428571428,0.0,0.0,0.203,optimal
2021-02-07 06:00:00,87,2,1.1428571428571428,0.0,0.0,0.061666666666666654,optimal
2021-02-07 06:30:00,87,2,1.1428571428571428,0.0,0.0,0.187,optimal
2021-02-07 07:00:00,87,2,1.1428571428571428,0.0,1.7076336144509696,0.09433333333333331,optimal
2021-02-07 07:30:00,87,2,0.0,0.1548148148148148,0.0,0.37360000000000004,optimal
2021-02-07 08:00:00,87,2,0.15643186693242345,0.0774074074074074,0.0,0.9519666666666668,optimal
2021-02-07 08:30:00,87,2,0.6115497785418916,0.0,0.0,0.186,optimal
2021-02-07 09:00:00,87,2,0.46621975652551173,0.1548148148148148,0.0,0.7438666666666667,optimal
2021-02-07 09:30:00,87,2,0.42126551399752077,0.0,0.0,1.0323,optimal
2021-02-07 10:00:00,87,2,0.3547424802154522,0.0,0.0,1.0087000000000002,optimal
2021-02-07 10:30:00,87,2,0.4152490605095215,0.0,0.0,0.8433999999999999,optimal
2021-02-07 11:00:00,87,2,0.48690143600018154,0.0,0.0,0.316,optimal
2021-02-07 11:30:00,87,2,0.4293376264763834,0.0,0.0,1.5304333333333333,optimal
2021-02-07 12:00:00,87,2,0.45682927864210304,0.0,0.0,0.4042,optimal
2021-02-07 12:30:00,87,2,0.5103454691183019,0.3096296296296296,0.0,0.26126666666666665,optimal
2021-02-07 13:00:00,87,2,1.1428571428571428,0.387037037037037,0.0,0.2798,optimal
2021-02-07 13:30:00,87,2,1.1428571428571428,0.23222222222222222,0.0,0.9906666666666666,optimal
2021-02-07 14:00:00,87,2,1.1428571428571428,0.0,0.0,2.9363,optimal
2021-02-07 14:30:00,87,2,1.1428571428571428,0.0,0.0,1.9421,optimal
2021-02-07 15:00:00,87,2,1.1428571428571428,0.3096296296296296,0.0,0.4368,optimal
2021-02-07 15:30:00,87,2,1.1428571428571428,0.23222222222222222,0.0,0.22076666666666667,optimal
2021-02-07 16:00:00,87,2,0.0,0.0,0.0,0.09726666666666668,optimal
2021-02-07 16:30:00,87,2,0.0,0.0,0.0,0.7196666666666667,optimal
2021-02-07 17:00:00,87,2,0.0,0.1548148148148148,0.0,1.0261333333333333,optimal
2021-02-07 17:30:00,87,2,0.0,0.0,0.0,0.20746666666666666,optimal
2021-02-07 18:00:00,87,2,0.0,0.23222222222222222,0.0,0.234,optimal
2021-02-07 18:30:00,87,2,0.0,0.1548148148148148,0.0,0.4101666666666667,optimal
2021-02-07 19:00:00,87,2,0.0,0.0,0.0,1.1278333333333332,optimal
2021-02-07 19:30:00,87,2,0.0,0.0,0.0,0.8763333333333334,optimal
2021-02-07 20:00:00,87,2,0.529748319854316,0.0,0.0,0.28013333333333335,optimal
2021-02-07 20:30:00,87,2,0.0,0.0,0.0,0.22740000000000002,optimal
2021-02-07 21:00:00,87,2,0.0,0.0,0.0,0.5468999999999999,optimal
2021-02-07 21:30:00,87,2,0.0,0.0,0.0,0.37696666666666656,optimal
2021-02-07 22:00:00,87,2,0.0,0.0,0.0,0.2847333333333333,optimal
2021-02-07 22:30:00,87,2,0.0,0.0,0.0,0.07,optimal
2021-02-07 23:00:00,87,2,0.0,0.0,0.0,0.122,optimal
2021-02-07 23:30:00,87,2,0.0,0.0,0.0,0.161,optimal
2021-02-08 00:00:00,87,2,0.0,0.0,0.0,0.15853333333333333,optimal
2021-02-08 00:30:00,87,2,0.0,0.0,0.0,0.2194,optimal
2021-02-08 01:00:00,87,2,0.0,0.0,0.0,0.067,optimal
2021-02-08 01:30:00,87,2,1.099589532561246,0.0,0.0,0.067,optimal
2021-02-08 02:00:00,87,2,1.1428571428571428,0.0,0.0,0.067,optimal
2021-02-08 02:30:00,87,2,1.1428571428571428,0.0,0.0,0.067,optimal
2021-02-08 03:00:00,87,2,1.1428571428571428,0.0,0.0,0.067,optimal
2021-02-08 03:30:00,87,2,1.1428571428571428,0.0,0.0,0.067,optimal
2021-02-08 04:00:00,87,2,1.1428571428571428,0.0,0.0,0.067,optimal
2021-02-08 04:30:00,87,2,1.1428571428571428,0.0,0.0,0.067,optimal
2021-02-08 05:00:00,87,2,1.1428571428571428,0.0,0.0,0.067,optimal
2021-02-08 05:30:00,87,2,1.1428571428571428,0.0,0.0,0.067,optimal
2021-02-08 06:00:00,87,2,1.1428571428571428,0.0,0.0,0.074,optimal
2021-02-08 06:30:00,87,2,1.1428571428571428,0.0,2.89347382209772,0.067,optimal
2021-02-08 07:00:00,87,2,1.1428571428571428,0.0,10.0,0.067,optimal
2021-02-08 07:30:00,87,2,1.1428571428571428,0.0,0.0,0.067,optimal
2021-02-08 08:00:00,87,2,0.756981681353522,0.0,0.0,0.067,optimal
2021-02-08 08:30:00,87,2,0.7612596902190197,0.0,0.0,0.067,optimal
2021-02-08 09:00:00,87,2,0.6132890389131064,0.0,0.0,0.967,optimal
2021-02-08 09:30:00,87,2,0.6146415494243797,0.0,0.0,0.7355333333333333,optimal
2021-02-08 10:00:00,87,2,0.5196360340076928,0.1548148148148148,0.0,0.31443333333333334,optimal
2021-02-08 10:30:00,87,2,0.5759482854011815,0.0,0.0,0.12179999999999999,optimal
2021-02-08 11:00:00,87,2,0.5082686955425136,0.0,0.0,0.0964,optimal
2021-02-08 11:30:00,87,2,0.5351716390579643,0.0,0.0,0.10726666666666668,optimal
2021-02-08 12:00:00,87,2,0.5262947406263866,0.0,0.0,0.07033333333333333,optimal
2021-02-08 12:30:00,87,2,0.47631015146681616,0.3096296296296296,0.0,0.065,optimal
2021-02-08 13:00:00,87,2,1.1428571428571428,0.0,0.0,0.0694,optimal
2021-02-08 13:30:00,87,2,1.1428571428571428,0.0774074074074074,0.0,0.3247,optimal
2021-02-08 14:00:00,87,2,1.1428571428571428,0.1548148148148148,0.0,1.183266666666667,optimal
2021-02-08 14:30:00,87,2,1.1428571428571428,0.1548148148148148,0.0,1.4828,optimal
2021-02-08 15:00:00,87,2,1.1428571428571428,0.0,0.0,0.379,optimal
2021-02-08 15:30:00,87,2,1.1428571428571428,0.387037037037037,0.0,1.6938,optimal
2021-02-08 16:00:00,87,2,0.0,0.3096296296296296,0.0,0.47783333333333333,optimal
2021-02-08 16:30:00,87,2,0.0,0.0,0.0,1.4136666666666668,optimal
2021-02-08 17:00:00,87,2,0.0,0.1548148148148148,0.0,0.3914666666666666,optimal
2021-02-08 17:30:00,87,2,0.0,0.23222222222222222,0.0,1.6322333333333332,optimal
2021-02-08 18:00:00,87,2,0.0,2.0899999999999994,0.0,0.5912999999999999,optimal
2021-02-08 18:30:00,87,2,0.0,0.23222222222222222,0.0,0.1948,optimal
2021-02-08 19:00:00,87,2,0.0,0.23222222222222222,0.0,0.3693,optimal
2021-02-08 19:30:00,87,2,0.0,0.23222222222222222,0.0,0.42286666666666667,optimal
2021-02-08 20:00:00,87,2,0.08002715066249569,0.23222222222222222,0.0,0.6772,optimal
2021-02-08 20:30:00,87,2,0.0,0.0,0.0,1.6616,optimal
2021-02-08 21:00:00,87,2,0.0,0.0,0.0,0.5238666666666667,optimal
2021-02-08 21:30:00,87,2,0.0,0.1548148148148148,0.0,0.45626666666666665,optimal
2021-02-08 22:00:00,87,2,0.0,0.0,0.0,0.37339999999999995,optimal
2021-02-08 22:30:00,87,2,0.0,0.1548148148148148,0.0,0.49556666666666666,optimal
2021-02-08 23:00:00,87,2,0.0,0.0,0.0,0.077,optimal
2021-02-08 23:30:00,87,2,0.0,0.0,0.0,0.075,optimal
2021-02-09 00:00:00,87,2,0.0,0.0,0.0,0.1357,optimal
2021-02-09 00:30:00,87,2,0.0,0.0,0.0,0.10809999999999999,optimal
2021-02-09 01:00:00,87,2,0.2616075073537988,0.0,0.0,0.16533333333333333,optimal
2021-02-09 01:30:00,87,2,1.1428571428571428,0.0,0.0,0.1978,optimal
2021-02-09 02:00:00,87,2,1.1428571428571428,0.0,0.0,0.046,optimal
2021-02-09 02:30:00,87,2,1.1428571428571428,0.0,0.0,0.06986666666666666,optimal
2021-02-09 03:00:00,87,2,1.1428571428571428,0.0,0.0,0.2932666666666667,optimal
2021-02-09 03:30:00,87,2,1.1428571428571428,0.0,0.0,0.046,optimal
2021-02-09 04:00:00,87,2,1.1428571428571428,0.0,0.0,0.1894,optimal
2021-02-09 04:30:00,87,2,1.1428571428571428,0.0,0.0,0.17373333333333332,optimal
2021-02-09 05:00:00,87,2,1.1428571428571428,0.0,0.0,0.0805,optimal
2021-02-09 05:30:00,87,2,1.1428571428571428,0.0,0.0,0.1633,optimal
2021-02-09 06:00:00,87,2,1.1428571428571428,0.0,4.7328627473948055,0.14743333333333333,optimal
2021-02-09 06:30:00,87,2,1.1428571428571428,0.0,10.0,0.21569999999999998,optimal
2021-02-09 07:00:00,87,2,1.1428571428571428,0.0,10.0,0.046,optimal
2021-02-09 07:30:00,87,2,1.1428571428571428,0.0,0.0,0.14146666666666666,optimal
2021-02-09 08:00:00,87,2,0.699140904000158,0.6192592592592592,0.0,0.17826666666666668,optimal
2021-02-09 08:30:00,87,2,0.6523581764162005,0.8514814814814814,0.0,0.19806666666666664,optimal
2021-02-09 09:00:00,87,2,0.513403318444441,0.3096296296296296,0.0,1.6151,optimal
2021-02-09 09:30:00,87,2,0.7237750061336631,0.0,0.0,0.25206666666666666,optimal
2021-02-09 10:00:00,87,2,0.6105922691939538,0.0,0.0,0.2668666666666667,optimal
2021-02-09 10:30:00,87,2,0.638384866077826,0.0,0.0,0.1416,optimal
2021-02-09 11:00:00,87,2,0.5100963061247751,0.0,0.0,0.2526333333333333,optimal
2021-02-09 11:30:00,87,2,0.5286296826444061,0.0,0.0,0.0818,optimal
2021-02-09 12:00:00,87,2,0.4708718127499993,0.0,0.0,0.1702,optimal
2021-02-09 12:30:00,87,2,1.1428571428571428,0.0,0.0,0.0736,optimal
2021-02-09 13:00:00,87,2,1.1428571428571428,0.0,0.0,0.2004,optimal
2021-02-09 13:30:00,87,2,1.1428571428571428,0.0,0.0,0.1627333333333333,optimal
2021-02-09 14:00:00,87,2,1.1428571428571428,0.0,0.0,0.12226666666666668,optimal
2021-02-09 14:30:00,87,2,1.1428571428571428,0.0,0.0,0.24086666666666667,optimal
2021-02-09 15:00:00,87,2,1.1428571428571428,0.0,0.0,0.0649,optimal
2021-02-09 15:30:00,87,2,1.1428571428571428,0.0,0.0,0.2917666666666667,optimal
2021-02-09 16:00:00,87,2,0.0,0.0,0.0,0.0598,optimal
2021-02-09 16:30:00,87,2,0.0,0.0,0.0,0.10436666666666666,optimal
2021-02-09 17:00:00,87,2,0.0,0.0,0.0,0.25876666666666664,optimal
2021-02-09 17:30:00,87,2,0.0,0.0,0.0,0.13133333333333333,optimal
2021-02-09 18:00:00,87,2,0.0,0.23222222222222222,0.0,0.5494666666666667,optimal
2021-02-09 18:30:00,87,2,0.0,0.0,0.0,1.8858666666666664,optimal
2021-02-09 19:00:00,87,2,0.0,0.23222222222222222,0.0,0.4915333333333334,optimal
2021-02-09 19:30:00,87,2,0.46181008312837857,0.0,0.0,1.5550333333333333,optimal
2021-02-09 20:00:00,87,2,0.5195681783664705,0.0,0.0,0.5095666666666666,optimal
2021-02-09 20:30:00,87,2,0.0,0.0,0.0,0.3334,optimal
2021-02-09 21:00:00,87,2,0.0,0.0,0.0,0.4418,optimal
2021-02-09 21:30:00,87,2,0.0,0.3096296296296296,0.0,0.3556333333333333,optimal
2021-02-09 22:00:00,87,2,0.0,0.0,0.0,0.47553333333333336,optimal
2021-02-09 22:30:00,87,2,0.0,0.0,0.0,0.2533666666666667,optimal
2021-02-09 23:00:00,87,2,0.0,0.0,0.0,0.046,optimal
2021-02-09 23:30:00,87,2,0.0,0.0,0.0,0.0746,optimal
2021-02-10 00:00:00,87,2,0.0,0.0774074074074074,0.0,0.2821,optimal
2021-02-10 00:30:00,87,2,0.0,0.0,0.0,0.050333333333333334,optimal
2021-02-10 01:00:00,87,2,0.9910931215437156,0.0,0.0,0.1166,optimal
2021-02-10 01:30:00,87,2,1.1428571428571428,0.0,0.0,0.044,optimal
2021-02-10 02:00:00,87,2,1.1428571428571428,0.0,0.0,0.1166,optimal
2021-02-10 02:30:00,87,2,1.1428571428571428,0.0,0.0,0.044,optimal
2021-02-10 03:00:00,87,2,1.1428571428571428,0.0,0.0,0.1166,optimal
2021-02-10 03:30:00,87,2,1.1428571428571428,0.0,0.0,0.044,optimal
2021-02-10 04:00:00,87,2,1.1428571428571428,0.0,0.0,0.044,optimal
2021-02-10 04:30:00,87,2,1.1428571428571428,0.0,0.0,0.044,optimal
2021-02-10 05:00:00,87,2,1.1428571428571428,0.0,0.0,0.1166,optimal
2021-02-10 05:30:00,87,2,1.1428571428571428,0.0,6.811971636789855,0.06783333333333333,optimal
2021-02-10 06:00:00,87,2,1.1428571428571428,0.8514814814814814,10.0,0.2253,optimal
2021-02-10 06:30:00,87,2,1.1428571428571428,0.5418518518518518,0.0,1.0503333333333333,optimal
2021-02-10 07:00:00,87,2,1.1428571428571428,0.0,0.0,0.1145,optimal
2021-02-10 07:30:00,87,2,1.1428571428571428,0.0,0.0,0.054,optimal
2021-02-10 08:00:00,87,2,0.8657426329253942,0.0,0.0,0.054,optimal
2021-02-10 08:30:00,87,2,0.8364437580515358,0.0,0.0,0.1266,optimal
2021-02-10 09:00:00,87,2,0.7842328183312319,0.0,0.0,0.054,optimal
2021-02-10 09:30:00,87,2,0.7653053720288051,0.0,0.0,0.09029999999999999,optimal
2021-02-10 10:00:00,87,2,0.6523805398422191,0.0,0.0,0.09029999999999999,optimal
2021-02-10 10:30:00,87,2,0.656334955115398,0.0,0.0,0.054,optimal
2021-02-10 11:00:00,87,2,0.5354242074038434,0.0,0.0,0.1158,optimal
2021-02-10 11:30:00,87,2,0.3987557223478715,0.0,0.0,0.22533333333333327,optimal
2021-02-10 12:00:00,87,2,0.5905107282242863,0.23222222222222222,0.0,0.05603333333333333,optimal
2021-02-10 12:30:00,87,2,1.1428571428571428,0.0774074074074074,0.0,0.1492666666666667,optimal
2021-02-10 13:00:00,87,2,1.1428571428571428,0.3096296296296296,0.0,0.052,optimal
2021-02-10 13:30:00,87,2,1.1428571428571428,0.3096296296296296,0.0,0.12459999999999999,optimal
2021-02-10 14:00:00,87,2,1.1428571428571428,0.0,0.0,0.05333333333333334,optimal
2021-02-10 14:30:00,87,2,1.1428571428571428,0.0,0.0,0.054,optimal
2021-02-10 15:00:00,87,2,1.1428571428571428,0.0,0.0,0.1266,optimal
2021-02-10 15:30:00,87,2,1.1428571428571428,0.0,0.0,0.054,optimal
2021-02-10 16:00:00,87,2,0.0,0.0,0.0,0.054,optimal
2021-02-10 16:30:00,87,2,0.0,0.0,0.0,0.1266,optimal
2021-02-10 17:00:00,87,2,0.0,0.23222222222222222,0.0,0.05423333333333333,optimal
2021-02-10 17:30:00,87,2,0.0,0.6192592592592592,0.0,0.16353333333333334,optimal
2021-02-10 18:00:00,87,2,0.0,0.23222222222222222,0.0,0.12346666666666668,optimal
2021-02-10 18:30:00,87,2,0.0,0.23222222222222222,0.0,0.0883,optimal
2021-02-10 19:00:00,87,2,0.0,0.0,0.0,0.4319666666666666,optimal
2021-02-10 19:30:00,87,2,0.6195498694792876,0.387037037037037,0.0,0.2766,optimal
2021-02-10 20:00:00,87,2,0.5778258440239948,0.0,0.0,0.4550666666666667,optimal
2021-02-10 20:30:00,87,2,0.0,0.0,0.0,0.25703333333333334,optimal
2021-02-10 21:00:00,87,2,0.0,0.0,0.0,0.42560000000000003,optimal
2021-02-10 21:30:00,87,2,0.0,0.0,0.0,0.17796666666666666,optimal
2021-02-10 22:00:00,87,2,0.0,0.0774074074074074,0.0,0.2253,optimal
2021-02-10 22:30:00,87,2,0.0,0.0,0.0,0.12256666666666666,optimal
2021-02-10 23:00:00,87,2,0.0,0.0,0.0,0.0782,optimal
2021-02-10 23:30:00,87,2,0.0,0.0,0.0,0.10073333333333331,optimal
2021-02-11 00:00:00,87,2,0.4765896165358975,0.0,0.0,0.05,optimal
2021-02-11 00:30:00,87,2,1.1428571428571428,0.0,0.0,0.0535,optimal
2021-02-11 01:00:00,87,2,1.1428571428571428,0.0,0.0,0.2049,optimal
2021-02-11 01:30:00,87,2,1.1428571428571428,0.0,0.0,0.08170000000000001,optimal
2021-02-11 02:00:00,87,2,1.1428571428571428,0.0,0.0,0.1025,optimal
2021-02-11 02:30:00,87,2,1.1428571428571428,0.0,0.0,0.1295,optimal
2021-02-11 03:00:00,87,2,1.1428571428571428,0.0,0.0,0.15009999999999998,optimal
2021-02-11 03:30:00,87,2,1.1428571428571428,0.0,0.0,0.05733333333333333,optimal
2021-02-11 04:00:00,87,2,1.1428571428571428,0.0,0.0,0.2389333333333333,optimal
2021-02-11 04:30:00,87,2,1.1428571428571428,0.0,0.0,0.05,optimal
2021-02-11 05:00:00,87,2,1.1428571428571428,0.0,0.0,0.10723333333333332,optimal
2021-02-11 05:30:00,87,2,1.1428571428571428,0.0774074074074074,0.0,0.17103333333333334,optimal
2021-02-11 06:00:00,87,2,1.1428571428571428,0.23222222222222222,0.0,0.05066666666666666,optimal
2021-02-11 06:30:00,87,2,1.1428571428571428,0.46444444444444444,0.0,0.13183333333333333,optimal
2021-02-11 07:00:00,87,2,1.1428571428571428,2.1674074074074072,7.436606788109169,0.3065,optimal
2021-02-11 07:30:00,87,2,1.1428571428571428,0.9288888888888889,0.0,2.0944333333333334,optimal
2021-02-11 08:00:00,87,2,0.6426496465557829,0.0774074074074074,0.0,0.38613333333333333,optimal
2021-02-11 08:30:00,87,2,0.3809618979492635,0.46444444444444444,0.0,1.1725,optimal
2021-02-11 09:00:00,87,2,0.5981121828083049,3.6613703703703697,0.0,0.1846,optimal
2021-02-11 09:30:00,87,2,0.611963131765655,2.1441851851851856,0.0,0.13126666666666667,optimal
2021-02-11 10:00:00,87,2,0.4853089331078022,0.0,0.0,0.15180000000000002,optimal
2021-02-11 10:30:00,87,2,0.4267846053484242,0.1548148148148148,0.0,0.5103666666666666,optimal
2021-02-11 11:00:00,87,2,0.8454042253572381,0.0,0.0,0.06,optimal
2021-02-11 11:30:00,87,2,1.1428571428571428,0.0,0.0,0.1707,optimal
2021-02-11 12:00:00,87,2,1.1428571428571428,0.0,0.0,0.12890000000000001,optimal
2021-02-11 12:30:00,87,2,1.1428571428571428,0.0,0.0,0.12140000000000001,optimal
2021-02-11 13:00:00,87,2,1.1428571428571428,0.0,0.0,0.21686666666666668,optimal
2021-02-11 13:30:00,87,2,1.1428571428571428,0.0,0.0,0.09866666666666668,optimal
2021-02-11 14:00:00,87,2,1.1428571428571428,0.0,0.0,0.06,optimal
2021-02-11 14:30:00,87,2,1.1428571428571428,0.0,0.0,0.16069999999999998,optimal
2021-02-11 15:00:00,87,2,1.1428571428571428,0.0,0.0,0.07590000000000001,optimal
2021-02-11 15:30:00,87,2,1.1428571428571428,0.0,0.0,0.123,optimal
2021-02-11 16:00:00,87,2,0.0,0.0,0.0,0.12359999999999999,optimal
2021-02-11 16:30:00,87,2,0.0,0.0,0.0,0.176,optimal
2021-02-11 17:00:00,87,2,0.0,0.0,0.0,0.06,optimal
2021-02-11 17:30:00,87,2,0.0,0.0,0.0,0.2396,optimal
2021-02-11 18:00:00,87,2,0.0,0.0,0.0,0.14266666666666666,optimal
2021-02-11 18:30:00,87,2,0.0,0.0,0.0,0.212,optimal
2021-02-11 19:00:00,87,2,0.0,0.23222222222222222,0.0,0.306,optimal
2021-02-11 19:30:00,87,2,0.9050423914025835,0.0,0.0,0.18930000000000002,optimal
2021-02-11 20:00:00,87,2,1.0503331289932485,0.0,0.0,0.2152666666666667,optimal
2021-02-11 20:30:00,87,2,0.0,0.0,0.0,0.123,optimal
2021-02-11 21:00:00,87,2,0.0,0.0,0.0,0.15009999999999998,optimal
2021-02-11 21:30:00,87,2,0.0,0.0,0.0,0.1057,optimal
2021-02-11 22:00:00,87,2,0.0,0.46444444444444444,0.0,0.14063333333333333,optimal
2021-02-11 22:30:00,87,2,0.0,0.23222222222222222,0.0,0.45330000000000004,optimal
2021-02-11 23:00:00,87,2,0.0,0.0,0.0,0.32189999999999996,optimal
2021-02-11 23:30:00,87,2,0.0,0.0,0.0,0.2125,optimal
2021-02-12 00:00:00,87,2,1.1428571428571428,0.23222222222222222,0.0,0.05166666666666666,optimal
2021-02-12 00:30:00,87,2,1.1428571428571428,0.0,0.0,0.12043333333333334,optimal
2021-02-12 01:00:00,87,2,1.1428571428571428,0.0,0.0,0.15403333333333333,optimal
2021-02-12 01:30:00,87,2,1.1428571428571428,0.0,0.0,0.12043333333333334,optimal
2021-02-12 02:00:00,87,2,1.1428571428571428,0.0,0.0,0.056966666666666665,optimal
2021-02-12 02:30:00,87,2,1.1428571428571428,0.0,0.0,0.22146666666666667,optimal
2021-02-12 03:00:00,87,2,1.1428571428571428,0.0,0.0,0.061666666666666654,optimal
2021-02-12 03:30:00,87,2,1.1428571428571428,0.0,0.0,0.14923333333333333,optimal
2021-02-12 04:00:00,87,2,1.1428571428571428,0.0,0.0,0.14523333333333333,optimal
2021-02-12 04:30:00,87,2,1.1428571428571428,0.0,0.0,0.063,optimal
2021-02-12 05:00:00,87,2,1.1428571428571428,0.0,0.0,0.12966666666666665,optimal
2021-02-12 05:30:00,87,2,1.1428571428571428,0.0,0.0,0.14613333333333334,optimal
2021-02-12 06:00:00,87,2,1.1428571428571428,0.0,0.7595651811423996,0.12440000000000001,optimal
2021-02-12 06:30:00,87,2,1.1428571428571428,0.0,10.0,0.4658,optimal
2021-02-12 07:00:00,87,2,1.1428571428571428,0.0,0.0,0.05993333333333333,optimal
2021-02-12 07:30:00,87,2,1.1428571428571428,9.436961601868232,0.0,0.12440000000000001,optimal
2021-02-12 08:00:00,87,2,0.9711952767513042,0.0,0.0,0.15006666666666665,optimal
2021-02-12 08:30:00,87,2,0.987084627815638,0.0,0.0,0.12440000000000001,optimal
2021-02-12 09:00:00,87,2,0.9372088814365703,0.0,0.0,0.053,optimal
2021-02-12 09:30:00,87,2,0.8153593530622403,0.0,0.0,0.15006666666666665,optimal
2021-02-12 10:00:00,87,2,0.6357252246048981,0.0,0.0,0.053,optimal
2021-02-12 10:30:00,87,2,0.43967033200003885,0.0,0.0,1.1219666666666668,optimal
2021-02-12 11:00:00,87,2,0.506014791519411,0.0,0.0,0.053,optimal
2021-02-12 11:30:00,87,2,0.8271465480659523,0.0,0.0,0.13306666666666667,optimal
2021-02-12 12:00:00,87,2,1.1428571428571428,0.0,0.0,0.16006666666666666,optimal
2021-02-12 12:30:00,87,2,1.1428571428571428,0.0,0.0,0.07093333333333333,optimal
2021-02-12 13:00:00,87,2,1.1428571428571428,0.0,0.0,0.14033333333333334,optimal
2021-02-12 13:30:00,87,2,1.1428571428571428,0.0,0.0,0.15016666666666667,optimal
2021-02-12 14:00:00,87,2,1.1428571428571428,0.0,0.0,0.13043333333333335,optimal
2021-02-12 14:30:00,87,2,1.1428571428571428,0.0,0.0,0.07686666666666667,optimal
2021-02-12 15:00:00,87,2,1.1428571428571428,0.0,0.0,0.2176,optimal
2021-02-12 15:30:00,87,2,1.1428571428571428,0.0,0.0,0.063,optimal
2021-02-12 16:00:00,87,2,0.0,0.0,0.0,0.08283333333333333,optimal
2021-02-12 16:30:00,87,2,0.0,0.0,0.0,0.2116333333333333,optimal
2021-02-12 17:00:00,87,2,0.0,0.0,0.0,0.08283333333333333,optimal
2021-02-12 17:30:00,87,2,0.0,0.1548148148148148,0.0,0.1496333333333333,optimal
2021-02-12 18:00:00,87,2,0.0,0.387037037037037,0.0,0.19096666666666667,optimal
2021-02-12 18:30:00,87,2,0.0,0.0,0.0,0.10683333333333331,optimal
2021-02-12 19:00:00,87,2,0.0,0.46444444444444444,0.0,0.1787,optimal
2021-02-12 19:30:00,87,2,0.7462947609429444,0.5418518518518518,0.0,0.24896666666666667,optimal
2021-02-12 20:00:00,87,2,0.7900489602846352,0.0,0.0,0.089,optimal
2021-02-12 20:30:00,87,2,0.0,0.0,0.0,0.23586666666666667,optimal
2021-02-12 21:00:00,87,2,0.0,0.3096296296296296,0.0,0.09393333333333334,optimal
2021-02-12 21:30:00,87,2,0.0,0.0,0.0,0.3473333333333333,optimal
2021-02-12 22:00:00,87,2,0.0,0.0,0.0,0.205,optimal
2021-02-12 22:30:00,87,2,0.0,0.6192592592592592,0.0,0.4718,optimal
2021-02-12 23:00:00,87,2,0.0,0.1548148148148148,0.0,0.2787333333333333,optimal
2021-02-12 23:30:00,87,2,0.0,0.0,0.0,0.4063,optimal
2021-02-13 00:00:00,87,2,0.0,0.0,0.0,0.10003333333333332,optimal
2021-02-13 00:30:00,87,2,0.0,0.0,0.0,0.21430000000000002,optimal
2021-02-13 01:00:00,87,2,1.1198759292985299,0.0,0.0,0.117,optimal
2021-02-13 01:30:00,87,2,1.1428571428571428,0.0,0.0,0.0746,optimal
2021-02-13 02:00:00,87,2,1.1428571428571428,0.0,0.0,0.1726,optimal
2021-02-13 02:30:00,87,2,1.1428571428571428,0.0,0.0,0.1482,optimal
2021-02-13 03:00:00,87,2,1.1428571428571428,0.0,0.0,0.12183333333333332,optimal
2021-02-13 03:30:00,87,2,1.1428571428571428,0.0,0.0,0.18836666666666668,optimal
2021-02-13 04:00:00,87,2,1.1428571428571428,0.0,0.0,0.08166666666666667,optimal
2021-02-13 04:30:00,87,2,1.1428571428571428,0.0,0.0,0.1364,optimal
2021-02-13 05:00:00,87,2,1.1428571428571428,0.0,0.0,0.12433333333333331,optimal
2021-02-13 05:30:00,87,2,1.1428571428571428,0.0,0.0,0.1638,optimal
2021-02-13 06:00:00,87,2,1.1428571428571428,0.0,0.0,0.16053333333333333,optimal
2021-02-13 06:30:00,87,2,1.1428571428571428,0.0,4.030236360398281,0.08333333333333333,optimal
2021-02-13 07:00:00,87,2,1.1428571428571428,2.3222222222222215,10.0,0.14809999999999998,optimal
2021-02-13 07:30:00,87,2,1.1428571428571428,0.0,0.0,0.17423333333333332,optimal
2021-02-13 08:00:00,87,2,0.892064102732853,0.0,0.0,0.064,optimal
2021-02-13 08:30:00,87,2,0.8469536697286767,0.0,0.0,0.2144,optimal
2021-02-13 09:00:00,87,2,0.8147057313584203,0.0,0.0,0.10993333333333334,optimal
2021-02-13 09:30:00,87,2,0.7792107091946687,0.0,0.0,0.1967333333333333,optimal
2021-02-13 10:00:00,87,2,0.7042912951726746,0.0,0.0,0.064,optimal
2021-02-13 10:30:00,87,2,0.6849141955018243,0.0,0.0,0.12433333333333331,optimal
2021-02-13 11:00:00,87,2,0.5594144660512193,0.0,0.0,0.1364,optimal
2021-02-13 11:30:00,87,2,0.5779611759041884,0.0,0.0,0.064,optimal
2021-02-13 12:00:00,87,2,0.47934963623487825,0.0,0.0,0.06266666666666666,optimal
2021-02-13 12:30:00,87,2,0.4003763892741431,5.108888888888889,0.0,0.2811,optimal
2021-02-13 13:00:00,87,2,1.1428571428571428,0.0,0.0,0.10423333333333332,optimal
2021-02-13 13:30:00,87,2,1.1428571428571428,0.1548148148148148,0.0,1.2147333333333332,optimal
2021-02-13 14:00:00,87,2,1.1428571428571428,0.0,0.0,1.4536,optimal
2021-02-13 14:30:00,87,2,1.1428571428571428,0.0,0.0,0.3748,optimal
2021-02-13 15:00:00,87,2,1.1428571428571428,0.0,0.0,0.323,optimal
2021-02-13 15:30:00,87,2,1.1428571428571428,0.3096296296296296,0.0,0.29353333333333337,optimal
2021-02-13 16:00:00,87,2,0.0,0.3096296296296296,0.0,0.3984333333333333,optimal
2021-02-13 16:30:00,87,2,0.0,0.0774074074074074,0.0,1.193,optimal
2021-02-13 17:00:00,87,2,0.0,0.387037037037037,0.0,1.34,optimal
2021-02-13 17:30:00,87,2,0.0,0.5418518518518518,0.0,0.6311,optimal
2021-02-13 18:00:00,87,2,0.0,0.23222222222222222,0.0,1.4464000000000001,optimal
2021-02-13 18:30:00,87,2,0.0,0.0,0.0,0.7837999999999999,optimal
2021-02-13 19:00:00,87,2,0.0,0.46444444444444444,0.0,0.6545666666666667,optimal
2021-02-13 19:30:00,87,2,0.0,0.0,0.0,0.2995,optimal
2021-02-13 20:00:00,87,2,0.5869703039387183,0.0,0.0,1.428766666666667,optimal
2021-02-13 20:30:00,87,2,0.0,0.0,0.0,1.5777333333333332,optimal
2021-02-13 21:00:00,87,2,0.0,0.23222222222222222,0.0,0.3514,optimal
2021-02-13 21:30:00,87,2,0.0,0.1548148148148148,0.0,0.5919666666666668,optimal
2021-02-13 22:00:00,87,2,0.0,0.1548148148148148,0.0,0.2698666666666667,optimal
2021-02-13 22:30:00,87,2,0.0,0.0,0.0,0.224,optimal
2021-02-13 23:00:00,87,2,0.0,2.7866666666666666,0.0,0.5437000000000001,optimal
2021-02-13 23:30:00,87,2,0.0,0.1548148148148148,0.0,0.3097333333333333,optimal
2021-02-07 00:00:00,88,2,0.0,2.1674074074074072,0.0,0.06793333333333333,optimal
2021-02-07 00:30:00,88,2,0.0,0.0,0.0,0.11526666666666668,optimal
2021-02-07 01:00:00,88,2,0.0,0.0,0.0,0.1404,optimal
2021-02-07 01:30:00,88,2,0.0,0.0,0.0,0.072,optimal
2021-02-07 02:00:00,88,2,0.0,0.0,0.0,0.072,optimal
2021-02-07 02:30:00,88,2,0.0,0.0,0.0,0.072,optimal
2021-02-07 03:00:00,88,2,0.0,0.0,0.0,0.072,optimal
2021-02-07 03:30:00,88,2,0.0,0.0,0.0,0.1404,optimal
2021-02-07 04:00:00,88,2,1.1428571428571428,0.0,0.0,0.072,optimal
2021-02-07 04:30:00,88,2,1.1428571428571428,0.0,0.0,0.072,optimal
2021-02-07 05:00:00,88,2,1.1428571428571428,0.0,0.0,0.18986666666666668,optimal
2021-02-07 05:30:00,88,2,1.1428571428571428,0.5418518518518518,0.0,0.3176333333333333,optimal
2021-02-07 06:00:00,88,2,1.1428571428571428,2.941481481481482,0.0,0.1598,optimal
2021-02-07 06:30:00,88,2,1.1428571428571428,2.1674074074074072,0.0,1.2069,optimal
2021-02-07 07:00:00,88,2,1.1428571428571428,0.1548148148148148,1.5052247886819266,0.295,optimal
2021-02-07 07:30:00,88,2,0.0,0.0,0.0,0.07133333333333333,optimal
2021-02-07 08:00:00,88,2,0.0,0.0,0.0,0.072,optimal
2021-02-07 08:30:00,88,2,0.43955487908703045,0.0,0.0,0.1404,optimal
2021-02-07 09:00:00,88,2,0.7428407089064621,0.0,0.0,0.072,optimal
2021-02-07 09:30:00,88,2,0.7211588473308456,0.0,0.0,0.1404,optimal
2021-02-07 10:00:00,88,2,0.7488839493618537,0.0,0.0,0.072,optimal
2021-02-07 10:30:00,88,2,1.1428571428571428,0.0,0.0,0.072,optimal
2021-02-07 11:00:00,88,2,1.1428571428571428,0.0,0.0,0.0834,optimal
2021-02-07 11:30:00,88,2,1.1428571428571428,0.0,0.0,0.129,optimal
2021-02-07 12:00:00,88,2,1.1428571428571428,0.0,0.0,0.072,optimal
2021-02-07 12:30:00,88,2,1.1428571428571428,0.0,0.0,0.1138,optimal
2021-02-07 13:00:00,88,2,1.1428571428571428,0.0,0.0,0.0986,optimal
2021-02-07 13:30:00,88,2,1.1428571428571428,0.0,0.0,0.07579999999999999,optimal
2021-02-07 14:00:00,88,2,1.1428571428571428,0.0,0.0,0.1366,optimal
2021-02-07 14:30:00,88,2,1.1428571428571428,0.0,0.0,0.072,optimal
2021-02-07 15:00:00,88,2,1.1428571428571428,0.0,0.0,0.072,optimal
2021-02-07 15:30:00,88,2,1.1428571428571428,0.0,0.0,0.1024,optimal
2021-02-07 16:00:00,88,2,0.0,0.0,0.0,0.11,optimal
2021-02-07 16:30:00,88,2,0.0,0.0,0.0,0.072,optimal
2021-02-07 17:00:00,88,2,0.0,0.0,0.0,0.1404,optimal
2021-02-07 17:30:00,88,2,0.0,0.0,0.0,0.072,optimal
2021-02-07 18:00:00,88,2,0.0,0.0,0.0,0.1404,optimal
2021-02-07 18:30:00,88,2,0.0,0.0,0.0,0.072,optimal
2021-02-07 19:00:00,88,2,0.0,0.0,0.0,0.1062,optimal
2021-02-07 19:30:00,88,2,0.7589327652436367,0.0,0.0,0.1062,optimal
2021-02-07 20:00:00,88,2,0.7687041938150617,0.0,0.0,0.072,optimal
2021-02-07 20:30:00,88,2,0.0,0.0,0.0,0.38626666666666665,optimal
2021-02-07 21:00:00,88,2,0.0,0.0,0.0,0.42533333333333334,optimal
2021-02-07 21:30:00,88,2,0.0,0.0,0.0,0.40593333333333326,optimal
2021-02-07 22:00:00,88,2,0.0,0.0,0.0,0.3302,optimal
2021-02-07 22:30:00,88,2,0.0,0.0,0.0,0.4026,optimal
2021-02-07 23:00:00,88,2,0.0,0.0,0.0,0.072,optimal
2021-02-07 23:30:00,88,2,0.0,0.0,0.0,0.1404,optimal
2021-02-08 00:00:00,88,2,0.0,0.0,0.0,0.069,optimal
2021-02-08 00:30:00,88,2,0.0,0.0,0.0,0.069,optimal
2021-02-08 01:00:00,88,2,0.0,0.0,0.0,0.069,optimal
2021-02-08 01:30:00,88,2,1.010730664157871,0.0,0.0,0.069,optimal
2021-02-08 02:00:00,88,2,1.1428571428571428,0.0,0.0,0.069,optimal
2021-02-08 02:30:00,88,2,1.1428571428571428,0.0,0.0,0.069,optimal
2021-02-08 03:00:00,88,2,1.1428571428571428,0.0,0.0,0.069,optimal
2021-02-08 03:30:00,88,2,1.1428571428571428,0.0,0.0,0.6088666666666667,optimal
2021-02-08 04:00:00,88,2,1.1428571428571428,0.0,0.0,0.069,optimal
2021-02-08 04:30:00,88,2,1.1428571428571428,0.0,0.0,0.069,optimal
2021-02-08 05:00:00,88,2,1.1428571428571428,0.0,0.0,0.069,optimal
2021-02-08 05:30:00,88,2,1.1428571428571428,0.0,0.0,0.069,optimal
2021-02-08 06:00:00,88,2,1.1428571428571428,0.0,0.0,0.069,optimal
2021-02-08 06:30:00,88,2,1.1428571428571428,0.0,0.0,0.069,optimal
2021-02-08 07:00:00,88,2,1.1428571428571428,0.0,0.0,0.079,optimal
2021-02-08 07:30:00,88,2,1.1428571428571428,0.0,0.0,0.069,optimal
2021-02-08 08:00:00,88,2,0.7566388242106644,0.0,0.0,0.069,optimal
2021-02-08 08:30:00,88,2,0.7609168330761622,0.0,0.0,0.069,optimal
2021-02-08 09:00:00,88,2,0.7096795151035858,0.0,0.0,0.079,optimal
2021-02-08 09:30:00,88,2,0.7032625018053332,0.0,0.0,0.069,optimal
2021-02-08 10:00:00,88,2,0.6091312721029268,0.0,0.0,0.079,optimal
2021-02-08 10:30:00,88,2,0.6155482854011795,0.0,0.0,0.069,optimal
2021-02-08 11:00:00,88,2,0.5187067907806112,0.0,0.0,0.069,optimal
2021-02-08 11:30:00,88,2,0.5144287819151134,0.0,0.0,0.069,optimal
2021-02-08 12:00:00,88,2,0.987808314231236,0.0,0.0,0.8877333333333334,optimal
2021-02-08 12:30:00,88,2,1.1428571428571428,0.1548148148148148,0.0,0.5428333333333334,optimal
2021-02-08 13:00:00,88,2,1.1428571428571428,0.0,1.1073331919877505,0.724,optimal
2021-02-08 13:30:00,88,2,1.1428571428571428,0.0,10.0,0.3319,optimal
2021-02-08 14:00:00,88,2,1.1428571428571428,0.0,0.0,1.5291,optimal
2021-02-08 14:30:00,88,2,1.1428571428571428,0.0,0.0,0.141,optimal
2021-02-08 15:00:00,88,2,1.1428571428571428,0.0,0.0,0.1469,optimal
2021-02-08 15:30:00,88,2,1.1428571428571428,0.0,0.0,0.1705,optimal
2021-02-08 16:00:00,88,2,0.0,0.0,0.0,0.1993,optimal
2021-02-08 16:30:00,88,2,0.0,0.0,0.0,0.069,optimal
2021-02-08 17:00:00,88,2,0.0,0.0,0.0,0.069,optimal
2021-02-08 17:30:00,88,2,0.0,0.0,0.0,0.069,optimal
2021-02-08 18:00:00,88,2,0.0,0.0,0.0,0.2123333333333333,optimal
2021-02-08 18:30:00,88,2,0.0,0.1548148148148148,0.0,0.326,optimal
2021-02-08 19:00:00,88,2,0.0,0.0,0.0,0.452,optimal
2021-02-08 19:30:00,88,2,0.6277888284433422,0.46444444444444444,0.0,0.7321666666666666,optimal
2021-02-08 20:00:00,88,2,0.5771677465034915,0.0774074074074074,0.0,0.9006666666666666,optimal
2021-02-08 20:30:00,88,2,0.0,0.0,0.0,1.6900333333333333,optimal
2021-02-08 21:00:00,88,2,0.0,0.0,0.0,0.8055,optimal
2021-02-08 21:30:00,88,2,0.0,0.23222222222222222,0.0,0.7941333333333334,optimal
2021-02-08 22:00:00,88,2,0.0,0.0,0.0,0.13366666666666666,optimal
2021-02-08 22:30:00,88,2,0.0,0.0,0.0,0.079,optimal
2021-02-08 23:00:00,88,2,0.0,0.0,0.0,0.079,optimal
2021-02-08 23:30:00,88,2,0.0,0.0,0.0,0.079,optimal
2021-02-09 00:00:00,88,2,0.0,0.0,0.0,0.057,optimal
2021-02-09 00:30:00,88,2,0.0,0.0,0.0,0.1802,optimal
2021-02-09 01:00:00,88,2,0.6881446560704355,0.0,0.0,0.06286666666666667,optimal
2021-02-09 01:30:00,88,2,1.1428571428571428,0.0,0.0,0.057,optimal
2021-02-09 02:00:00,88,2,1.1428571428571428,0.0,0.0,0.18606666666666663,optimal
2021-02-09 02:30:00,88,2,1.1428571428571428,0.0,0.0,0.057,optimal
2021-02-09 03:00:00,88,2,1.1428571428571428,0.0,0.0,0.057,optimal
2021-02-09 03:30:00,88,2,1.1428571428571428,0.0,0.0,0.10393333333333334,optimal
2021-02-09 04:00:00,88,2,1.1428571428571428,0.0,0.0,0.13913333333333333,optimal
2021-02-09 04:30:00,88,2,1.1428571428571428,0.0,0.0,0.057,optimal
2021-02-09 05:00:00,88,2,1.1428571428571428,0.0,0.0,0.18606666666666663,optimal
2021-02-09 05:30:00,88,2,1.1428571428571428,0.0,0.0,0.057,optimal
2021-02-09 06:00:00,88,2,1.1428571428571428,0.0,0.0,0.13913333333333333,optimal
2021-02-09 06:30:00,88,2,1.1428571428571428,0.0,4.102447924535742,0.10393333333333334,optimal
2021-02-09 07:00:00,88,2,1.1428571428571428,0.0,10.0,0.057,optimal
2021-02-09 07:30:00,88,2,1.1428571428571428,0.6966666666666667,0.0,0.16156666666666666,optimal
2021-02-09 08:00:00,88,2,0.4729847135239633,5.418518518518519,0.0,1.2767,optimal
2021-02-09 08:30:00,88,2,0.6621277002257201,0.6192592592592592,0.0,0.4106,optimal
2021-02-09 09:00:00,88,2,0.7572185565396871,0.0,0.0,0.13153333333333334,optimal
2021-02-09 09:30:00,88,2,0.7594702442288972,0.0,0.0,0.07873333333333334,optimal
2021-02-09 10:00:00,88,2,0.6176475072891953,0.0,0.0,0.1843333333333333,optimal
2021-02-09 10:30:00,88,2,0.6404762946492565,0.0,0.0,0.067,optimal
2021-02-09 11:00:00,88,2,0.5376258299343096,0.0,0.0,0.067,optimal
2021-02-09 11:30:00,88,2,0.5103439683586962,0.0,0.0,0.155,optimal
2021-02-09 12:00:00,88,2,0.4572167086033066,0.0,0.0,0.10806666666666666,optimal
2021-02-09 12:30:00,88,2,1.0500559557122877,0.0,0.0,0.067,optimal
2021-02-09 13:00:00,88,2,1.1428571428571428,0.0,0.0,0.17846666666666666,optimal
2021-02-09 13:30:00,88,2,1.1428571428571428,0.0,0.0,0.0846,optimal
2021-02-09 14:00:00,88,2,1.1428571428571428,0.0,0.0,0.14326666666666668,optimal
2021-02-09 14:30:00,88,2,1.1428571428571428,0.0,0.0,0.1198,optimal
2021-02-09 15:00:00,88,2,1.1428571428571428,0.0,0.0,0.067,optimal
2021-02-09 15:30:00,88,2,1.1428571428571428,0.387037037037037,0.0,0.19076666666666667,optimal
2021-02-09 16:00:00,88,2,0.0,0.0,0.0,0.16086666666666669,optimal
2021-02-09 16:30:00,88,2,0.0,0.0,0.0,0.067,optimal
2021-02-09 17:00:00,88,2,0.0,0.0,0.0,0.19606666666666664,optimal
2021-02-09 17:30:00,88,2,0.0,0.774074074074074,0.0,1.069,optimal
2021-02-09 18:00:00,88,2,0.0,0.5418518518518518,0.0,0.34263333333333335,optimal
2021-02-09 18:30:00,88,2,0.0,0.6192592592592592,0.0,0.9909666666666668,optimal
2021-02-09 19:00:00,88,2,0.0,0.0,0.0,0.5612,optimal
2021-02-09 19:30:00,88,2,0.5053434164617098,0.0,0.0,1.5890333333333333,optimal
2021-02-09 20:00:00,88,2,0.5183586545569424,0.1548148148148148,0.0,0.4366666666666667,optimal
2021-02-09 20:30:00,88,2,0.0,2.4600074074074074,0.0,0.3028333333333333,optimal
2021-02-09 21:00:00,88,2,0.0,4.738881481481481,0.0,0.45876666666666666,optimal
2021-02-09 21:30:00,88,2,0.0,0.0,0.0,0.3526,optimal
2021-02-09 22:00:00,88,2,0.0,0.0,0.0,0.2749,optimal
2021-02-09 22:30:00,88,2,0.0,0.0,0.0,0.327,optimal
2021-02-09 23:00:00,88,2,0.0,0.0,0.0,0.5014666666666666,optimal
2021-02-09 23:30:00,88,2,0.0,1.7029629629629628,0.0,0.228,optimal
2021-02-10 00:00:00,88,2,0.0,0.0,0.0,0.06733333333333333,optimal
2021-02-10 00:30:00,88,2,0.0,0.0,0.0,0.2047333333333333,optimal
2021-02-10 01:00:00,88,2,0.46049287162136415,0.0,0.0,0.061,optimal
2021-02-10 01:30:00,88,2,1.1428571428571428,0.0,0.0,0.061,optimal
2021-02-10 02:00:00,88,2,1.1428571428571428,0.0,0.0,0.1352,optimal
2021-02-10 02:30:00,88,2,1.1428571428571428,0.0,0.0,0.2057333333333333,optimal
2021-02-10 03:00:00,88,2,1.1428571428571428,0.0,0.0,0.061,optimal
2021-02-10 03:30:00,88,2,1.1428571428571428,0.0,0.0,0.2799333333333333,optimal
2021-02-10 04:00:00,88,2,1.1428571428571428,0.0,0.0,0.061,optimal
2021-02-10 04:30:00,88,2,1.1428571428571428,0.0,0.0,0.08646666666666666,optimal
2021-02-10 05:00:00,88,2,1.1428571428571428,0.0,0.0,0.2544666666666667,optimal
2021-02-10 05:30:00,88,2,1.1428571428571428,0.0,0.0,0.061,optimal
2021-02-10 06:00:00,88,2,1.1428571428571428,0.0,0.0,0.21796666666666667,optimal
2021-02-10 06:30:00,88,2,1.1428571428571428,0.0,7.616972825557553,0.12296666666666668,optimal
2021-02-10 07:00:00,88,2,1.1428571428571428,0.0,10.0,0.1374,optimal
2021-02-10 07:30:00,88,2,1.1428571428571428,0.0,0.0,0.124,optimal
2021-02-10 08:00:00,88,2,0.7349712043539718,0.774074074074074,0.0,0.8018666666666667,optimal
2021-02-10 08:30:00,88,2,0.6458104247182116,2.1674074074074072,0.0,0.6661666666666666,optimal
2021-02-10 09:00:00,88,2,0.6478613897598007,0.387037037037037,0.0,0.1775,optimal
2021-02-10 09:30:00,88,2,0.6681625148859447,6.579629629629631,0.0,0.23283333333333328,optimal
2021-02-10 10:00:00,88,2,0.6212853017469909,0.0,0.0,0.19833333333333328,optimal
2021-02-10 10:30:00,88,2,0.628715907496356,0.0,0.0,0.14986666666666668,optimal
2021-02-10 11:00:00,88,2,0.5726623026419478,0.0,0.0,0.071,optimal
2021-02-10 11:30:00,88,2,0.7343138234532267,0.0,0.0,0.19833333333333328,optimal
2021-02-10 12:00:00,88,2,1.1428571428571428,0.0,0.0,0.1626,optimal
2021-02-10 12:30:00,88,2,1.1428571428571428,0.0,0.0,0.071,optimal
2021-02-10 13:00:00,88,2,1.1428571428571428,0.0,0.0,0.2314,optimal
2021-02-10 13:30:00,88,2,1.1428571428571428,0.0,0.0,0.12953333333333333,optimal
2021-02-10 14:00:00,88,2,1.1428571428571428,0.0,0.0,0.071,optimal
2021-02-10 14:30:00,88,2,1.1428571428571428,0.0,0.0,0.2899333333333333,optimal
2021-02-10 15:00:00,88,2,1.1428571428571428,0.0,0.0,0.071,optimal
2021-02-10 15:30:00,88,2,1.1428571428571428,0.0,0.0,0.21646666666666667,optimal
2021-02-10 16:00:00,88,2,0.0,0.0,0.0,0.14446666666666666,optimal
2021-02-10 16:30:00,88,2,0.0,0.0,0.0,0.071,optimal
2021-02-10 17:00:00,88,2,0.0,0.0,0.0,0.24536666666666668,optimal
2021-02-10 17:30:00,88,2,0.0,0.0,0.0,0.11556666666666666,optimal
2021-02-10 18:00:00,88,2,0.0,0.0,0.0,0.0879,optimal
2021-02-10 18:30:00,88,2,0.0,0.0,0.0,0.30519999999999997,optimal
2021-02-10 19:00:00,88,2,0.0,0.0,0.0,0.4079,optimal
2021-02-10 19:30:00,88,2,0.6098974885269101,0.0,0.0,1.4191666666666667,optimal
2021-02-10 20:00:00,88,2,0.6136639392620881,0.0,0.0,0.3983,optimal
2021-02-10 20:30:00,88,2,0.0,0.0774074074074074,0.0,0.5600333333333333,optimal
2021-02-10 21:00:00,88,2,0.0,0.0,0.0,0.49623333333333336,optimal
2021-02-10 21:30:00,88,2,0.0,0.0,0.0,0.2708333333333333,optimal
2021-02-10 22:00:00,88,2,0.0,0.0,0.0,0.0901,optimal
2021-02-10 22:30:00,88,2,0.0,0.0,0.0,0.071,optimal
2021-02-10 23:00:00,88,2,0.0,0.0,0.0,0.2644666666666666,optimal
2021-02-10 23:30:00,88,2,0.0,0.0,0.0,0.26193333333333335,optimal
2021-02-11 00:00:00,88,2,1.1428571428571428,0.0,0.0,0.062,optimal
2021-02-11 00:30:00,88,2,1.1428571428571428,0.0,0.0,0.144,optimal
2021-02-11 01:00:00,88,2,1.1428571428571428,0.0,0.0,0.10026666666666668,optimal
2021-02-11 01:30:00,88,2,1.1428571428571428,0.0,0.0,0.062,optimal
2021-02-11 02:00:00,88,2,1.1428571428571428,0.0,0.0,0.13853333333333334,optimal
2021-02-11 02:30:00,88,2,1.1428571428571428,0.0,0.0,0.10573333333333332,optimal
2021-02-11 03:00:00,88,2,1.1428571428571428,0.0,0.0,0.08933333333333333,optimal
2021-02-11 03:30:00,88,2,1.1428571428571428,0.0,0.0,0.15493333333333334,optimal
2021-02-11 04:00:00,88,2,1.1428571428571428,0.0,0.0,0.062,optimal
2021-02-11 04:30:00,88,2,1.1428571428571428,0.0,0.0,0.16040000000000001,optimal
2021-02-11 05:00:00,88,2,1.1428571428571428,0.0,0.0,0.08386666666666666,optimal
2021-02-11 05:30:00,88,2,1.1428571428571428,0.0,0.0,0.06266666666666666,optimal
2021-02-11 06:00:00,88,2,1.1428571428571428,0.0,9.717788088534142,0.1704,optimal
2021-02-11 06:30:00,88,2,1.1428571428571428,0.0,10.0,0.08453333333333334,optimal
2021-02-11 07:00:00,88,2,1.1428571428571428,0.1548148148148148,10.0,0.072,optimal
2021-02-11 07:30:00,88,2,1.1428571428571428,3.0709430022703454,0.0,0.18893333333333331,optimal
2021-02-11 08:00:00,88,2,0.9450496465557778,0.0,0.0,0.06866666666666667,optimal
2021-02-11 08:30:00,88,2,0.9217904693778318,0.0,0.0,0.17186666666666667,optimal
2021-02-11 09:00:00,88,2,0.8788074209035427,0.0,0.0,0.07840000000000001,optimal
2021-02-11 09:30:00,88,2,0.8129059889085142,0.0,0.0,0.062,optimal
2021-02-11 10:00:00,88,2,0.604566075964955,0.0,0.0,0.11666666666666668,optimal
2021-02-11 10:30:00,88,2,0.6271103196341401,0.0,0.0,0.1276,optimal
2021-02-11 11:00:00,88,2,0.6718534643522146,0.0,0.0,0.062,optimal
2021-02-11 11:30:00,88,2,1.1428571428571428,0.0,0.0,0.14946666666666666,optimal
2021-02-11 12:00:00,88,2,1.1428571428571428,0.0,0.0,0.0948,optimal
2021-02-11 12:30:00,88,2,1.1428571428571428,0.0,0.0,0.08933333333333333,optimal
2021-02-11 13:00:00,88,2,1.1428571428571428,0.0,0.0,0.15493333333333334,optimal
2021-02-11 13:30:00,88,2,1.1428571428571428,0.0,0.0,0.062,optimal
2021-02-11 14:00:00,88,2,1.1428571428571428,0.0,0.0,0.13306666666666667,optimal
2021-02-11 14:30:00,88,2,1.1428571428571428,0.0,0.0,0.11120000000000001,optimal
2021-02-11 15:00:00,88,2,1.1428571428571428,0.0,0.0,0.07840000000000001,optimal
2021-02-11 15:30:00,88,2,1.1428571428571428,0.0,0.0,0.16653333333333334,optimal
2021-02-11 16:00:00,88,2,0.0,0.0,0.0,0.072,optimal
2021-02-11 16:30:00,88,2,0.0,0.0774074074074074,0.0,0.1936,optimal
2021-02-11 17:00:00,88,2,0.0,0.0,0.0,0.068,optimal
2021-02-11 17:30:00,88,2,0.0,0.0,0.0,0.12296666666666668,optimal
2021-02-11 18:00:00,88,2,0.0,0.387037037037037,0.0,0.13113333333333332,optimal
2021-02-11 18:30:00,88,2,0.0,0.387037037037037,0.0,0.09523333333333332,optimal
2021-02-11 19:00:00,88,2,0.0,0.3096296296296296,0.0,0.5349666666666667,optimal
2021-02-11 19:30:00,88,2,0.8468995342597265,0.0,0.0,0.19390000000000002,optimal
2021-02-11 20:00:00,88,2,0.8601045575646782,2.5544444444444445,0.0,0.29283333333333333,optimal
2021-02-11 20:30:00,88,2,0.0,0.0,0.0,0.17586666666666667,optimal
2021-02-11 21:00:00,88,2,0.0,0.0,0.0,0.2756,optimal
2021-02-11 21:30:00,88,2,0.0,0.0,0.0,0.5847,optimal
2021-02-11 22:00:00,88,2,0.0,0.5418518518518518,0.0,0.5497000000000001,optimal
2021-02-11 22:30:00,88,2,0.0,0.0,0.0,0.5208666666666667,optimal
2021-02-11 23:00:00,88,2,0.0,0.0,0.0,0.1704,optimal
2021-02-11 23:30:00,88,2,0.0,0.0,0.0,0.09286666666666667,optimal
2021-02-12 00:00:00,88,2,1.1428571428571428,0.0,0.0,0.059,optimal
2021-02-12 00:30:00,88,2,1.1428571428571428,0.0,0.0,0.09953333333333332,optimal
2021-02-12 01:00:00,88,2,1.1428571428571428,0.0,0.0,0.28953333333333336,optimal
2021-02-12 01:30:00,88,2,1.1428571428571428,0.0,0.0,0.1088,optimal
2021-02-12 02:00:00,88,2,1.1428571428571428,0.0,0.0,0.216,optimal
2021-02-12 02:30:00,88,2,1.1428571428571428,0.0,0.0,0.1918,optimal
2021-02-12 03:00:00,88,2,1.1428571428571428,0.0,0.0,0.14526666666666668,optimal
2021-02-12 03:30:00,88,2,1.1428571428571428,0.0,0.0,0.1114,optimal
2021-02-12 04:00:00,88,2,1.1428571428571428,0.0,0.0,0.24266666666666664,optimal
2021-02-12 04:30:00,88,2,1.1428571428571428,0.0,0.0,0.1724,optimal
2021-02-12 05:00:00,88,2,1.1428571428571428,0.0,0.0,0.086,optimal
2021-02-12 05:30:00,88,2,1.1428571428571428,0.0,0.0,0.1452,optimal
2021-02-12 06:00:00,88,2,1.1428571428571428,0.0,0.0,0.2952666666666667,optimal
2021-02-12 06:30:00,88,2,1.1428571428571428,0.0,0.21597570517573822,0.1354,optimal
2021-02-12 07:00:00,88,2,1.1428571428571428,0.0,10.0,0.0742,optimal
2021-02-12 07:30:00,88,2,1.1428571428571428,8.210923271175613,0.0,0.3428,optimal
2021-02-12 08:00:00,88,2,0.9210524196084463,0.3096296296296296,0.0,0.1155,optimal
2021-02-12 08:30:00,88,2,0.9880560563870595,0.0,0.0,0.1318,optimal
2021-02-12 09:00:00,88,2,0.7674907861984724,0.5418518518518518,0.0,3.0520666666666667,optimal
2021-02-12 09:30:00,88,2,0.8188641149669958,0.0,0.0,0.14859999999999998,optimal
2021-02-12 10:00:00,88,2,0.5916109388906147,0.0,0.0,0.21819999999999998,optimal
2021-02-12 10:30:00,88,2,0.5895084272381337,0.0,0.0,0.16566666666666666,optimal
2021-02-12 11:00:00,88,2,0.5051005058051283,0.0,0.0,0.067,optimal
2021-02-12 11:30:00,88,2,0.4747710251819065,0.0,0.0,0.16566666666666666,optimal
2021-02-12 12:00:00,88,2,0.38732125919182875,0.0,0.0,0.33039999999999997,optimal
2021-02-12 12:30:00,88,2,0.3718298738067002,0.387037037037037,0.0,0.23963333333333334,optimal
2021-02-12 13:00:00,88,2,1.1428571428571428,0.0,0.0,1.5154333333333334,optimal
2021-02-12 13:30:00,88,2,1.1428571428571428,0.0,0.0,1.9164666666666668,optimal
2021-02-12 14:00:00,88,2,1.1428571428571428,0.0,0.0,0.2506,optimal
2021-02-12 14:30:00,88,2,1.1428571428571428,0.0,0.0,1.3792666666666669,optimal
2021-02-12 15:00:00,88,2,1.1428571428571428,0.23222222222222222,0.0,0.0788,optimal
2021-02-12 15:30:00,88,2,1.1428571428571428,0.387037037037037,0.0,4.302166666666667,optimal
2021-02-12 16:00:00,88,2,0.0,0.0,0.0,0.3041333333333333,optimal
2021-02-12 16:30:00,88,2,0.0,0.0,0.0,0.175,optimal
2021-02-12 17:00:00,88,2,0.0,0.0,0.0,0.38956666666666667,optimal
2021-02-12 17:30:00,88,2,0.0,0.0774074074074074,0.0,1.5391,optimal
2021-02-12 18:00:00,88,2,0.0,0.0,0.0,4.1298,optimal
2021-02-12 18:30:00,88,2,0.0,0.1548148148148148,0.0,5.9605,optimal
2021-02-12 19:00:00,88,2,0.0,0.5418518518518518,0.0,4.766233333333334,optimal
2021-02-12 19:30:00,88,2,0.0,0.0,0.0,0.8863333333333334,optimal
2021-02-12 20:00:00,88,2,0.5140439381183212,0.0,0.0,1.2460666666666667,optimal
2021-02-12 20:30:00,88,2,0.0,0.0,0.0,1.2555333333333334,optimal
2021-02-12 21:00:00,88,2,0.0,0.0,0.0,0.6592333333333333,optimal
2021-02-12 21:30:00,88,2,0.0,0.0,0.0,3.592633333333333,optimal
2021-02-12 22:00:00,88,2,0.0,0.0,0.0,0.6845,optimal
2021-02-12 22:30:00,88,2,0.0,0.23222222222222222,0.0,2.112833333333333,optimal
2021-02-12 23:00:00,88,2,0.0,0.0,0.0,0.1406,optimal
2021-02-12 23:30:00,88,2,0.0,0.0,0.0,0.15686666666666668,optimal
2021-02-13 00:00:00,88,2,0.0,0.46444444444444444,0.0,0.1572333333333333,optimal
2021-02-13 00:30:00,88,2,0.0,0.0,0.0,0.3058,optimal
2021-02-13 01:00:00,88,2,1.0667952542603218,0.0,0.0,0.19393333333333332,optimal
2021-02-13 01:30:00,88,2,1.1428571428571428,0.0,0.0,0.048,optimal
2021-02-13 02:00:00,88,2,1.1428571428571428,0.0,0.0,0.1348,optimal
2021-02-13 02:30:00,88,2,1.1428571428571428,0.0,0.0,0.048,optimal
2021-02-13 03:00:00,88,2,1.1428571428571428,0.0,0.0,0.19393333333333332,optimal
2021-02-13 03:30:00,88,2,1.1428571428571428,0.0,0.0,0.1348,optimal
2021-02-13 04:00:00,88,2,1.1428571428571428,0.0,0.0,0.07453333333333333,optimal
2021-02-13 04:30:00,88,2,1.1428571428571428,0.0,0.0,0.186,optimal
2021-02-13 05:00:00,88,2,1.1428571428571428,0.0,0.0,0.1162,optimal
2021-02-13 05:30:00,88,2,1.1428571428571428,0.0,0.0,0.19393333333333332,optimal
2021-02-13 06:00:00,88,2,1.1428571428571428,0.0,0.0,0.1348,optimal
2021-02-13 06:30:00,88,2,1.1428571428571428,0.0,1.0195824652279242,0.05766666666666666,optimal
2021-02-13 07:00:00,88,2,1.1428571428571428,0.0,10.0,0.058,optimal
2021-02-13 07:30:00,88,2,1.1428571428571428,0.0,0.0,0.1448,optimal
2021-02-13 08:00:00,88,2,0.8211117217804659,0.0,0.0,0.13456666666666667,optimal
2021-02-13 08:30:00,88,2,0.7877917649667626,0.1548148148148148,0.0,0.12436666666666665,optimal
2021-02-13 09:00:00,88,2,0.47962763612032494,0.0,0.0,0.9915,optimal
2021-02-13 09:30:00,88,2,0.03514213776609641,2.012592592592592,0.0,5.0963666666666665,optimal
2021-02-13 10:00:00,88,2,0.45805319993458515,0.0,0.0,0.5214333333333333,optimal
2021-02-13 10:30:00,88,2,0.5545922907399273,0.5836518518518518,0.0,0.2354,optimal
2021-02-13 11:00:00,88,2,0.36041065652741605,5.144496296296295,0.0,1.5440666666666667,optimal
2021-02-13 11:30:00,88,2,0.17698403304704832,0.0,0.0,2.9201333333333332,optimal
2021-02-13 12:00:00,88,2,0.4869591600444078,0.0,0.0,0.2039333333333333,optimal
2021-02-13 12:30:00,88,2,0.501347817845574,0.0,0.0,0.1386,optimal
2021-02-13 13:00:00,88,2,0.4070994665628926,0.387037037037037,0.0,0.4815,optimal
2021-02-13 13:30:00,88,2,1.1428571428571428,0.1548148148148148,0.0,0.37460000000000004,optimal
2021-02-13 14:00:00,88,2,1.1428571428571428,0.387037037037037,0.0,1.3487333333333331,optimal
2021-02-13 14:30:00,88,2,1.1428571428571428,0.0,0.0,1.5369333333333335,optimal
2021-02-13 15:00:00,88,2,1.1428571428571428,0.3096296296296296,0.0,2.6288666666666667,optimal
2021-02-13 15:30:00,88,2,1.1428571428571428,1.433585185185185,0.0,3.5702,optimal
2021-02-13 16:00:00,88,2,0.0,4.4493777777777765,0.0,2.344133333333333,optimal
2021-02-13 16:30:00,88,2,0.0,0.1548148148148148,0.0,0.206,optimal
2021-02-13 17:00:00,88,2,0.0,0.387037037037037,0.0,1.159,optimal
2021-02-13 17:30:00,88,2,0.0,0.1548148148148148,0.0,3.745766666666667,optimal
2021-02-13 18:00:00,88,2,0.0,0.1548148148148148,0.0,0.9887,optimal
2021-02-13 18:30:00,88,2,0.0,0.0,0.0,1.4884333333333335,optimal
2021-02-13 19:00:00,88,2,0.0,0.387037037037037,0.0,0.3323333333333333,optimal
2021-02-13 19:30:00,88,2,0.0,0.0,0.0,1.5977000000000001,optimal
2021-02-13 20:00:00,88,2,0.0,0.0,0.0,1.1092666666666668,optimal
2021-02-13 20:30:00,88,2,0.0,0.0,0.0,2.305333333333333,optimal
2021-02-13 21:00:00,88,2,0.0,0.23222222222222222,0.0,0.4785,optimal
2021-02-13 21:30:00,88,2,0.0,0.0,0.0,1.8418666666666663,optimal
2021-02-13 22:00:00,88,2,0.0,0.0,0.0,1.3430666666666666,optimal
2021-02-13 22:30:00,88,2,0.0,0.0774074074074074,0.0,0.4706666666666667,optimal
2021-02-13 23:00:00,88,2,0.0,0.0,0.0,1.8958333333333333,optimal
2021-02-13 23:30:00,88,2,0.0,0.387037037037037,0.0,0.8945666666666667,optimal
2021-02-07 00:00:00,89,2,0.0,0.0,0.0,0.068,optimal
2021-02-07 00:30:00,89,2,0.0,0.0,0.0,0.068,optimal
2021-02-07 01:00:00,89,2,0.0,0.0,0.0,0.068,optimal
2021-02-07 01:30:00,89,2,0.0,0.0,0.0,0.068,optimal
2021-02-07 02:00:00,89,2,0.0,0.0,0.0,0.06666666666666667,optimal
2021-02-07 02:30:00,89,2,0.0,0.0,0.0,0.068,optimal
2021-02-07 03:00:00,89,2,0.0,0.0,0.0,0.068,optimal
2021-02-07 03:30:00,89,2,0.0,0.0,0.0,0.068,optimal
2021-02-07 04:00:00,89,2,1.1428571428571428,0.0,0.0,0.068,optimal
2021-02-07 04:30:00,89,2,1.1428571428571428,7.044074074074074,0.0,0.07076666666666667,optimal
2021-02-07 05:00:00,89,2,1.1428571428571428,0.0,0.0,0.078,optimal
2021-02-07 05:30:00,89,2,1.1428571428571428,0.0,0.0,0.078,optimal
2021-02-07 06:00:00,89,2,1.1428571428571428,0.0,0.0,0.078,optimal
2021-02-07 06:30:00,89,2,1.1428571428571428,0.1548148148148148,0.0,0.10953333333333332,optimal
2021-02-07 07:00:00,89,2,1.1428571428571428,0.3096296296296296,2.5213313032427203,0.42810000000000004,optimal
2021-02-07 07:30:00,89,2,0.0,0.387037037037037,0.0,0.15006666666666665,optimal
2021-02-07 08:00:00,89,2,0.2378130381204243,0.0,0.0,0.08023333333333334,optimal
2021-02-07 08:30:00,89,2,0.5492640642561761,0.0,0.0,0.489,optimal
2021-02-07 09:00:00,89,2,0.22693594700170003,0.5418518518518518,0.0,2.0289,optimal
2021-02-07 09:30:00,89,2,0.5605302759022806,2.39962962962963,0.0,0.2847,optimal
2021-02-07 10:00:00,89,2,0.6469710516440257,0.0,0.0,0.078,optimal
2021-02-07 10:30:00,89,2,0.5437157271761894,0.0,0.0,0.3387,optimal
2021-02-07 11:00:00,89,2,0.3266442931430435,0.23222222222222222,0.0,0.6129,optimal
2021-02-07 11:30:00,89,2,0.46638715028589833,0.0,0.0,0.3138,optimal
2021-02-07 12:00:00,89,2,0.5981164629127069,0.0,0.0,0.46316666666666667,optimal
2021-02-07 12:30:00,89,2,1.1428571428571428,0.0774074074074074,0.0,0.1276,optimal
2021-02-07 13:00:00,89,2,1.1428571428571428,0.0,0.0,0.216,optimal
2021-02-07 13:30:00,89,2,1.1428571428571428,0.23222222222222222,0.0,0.16956666666666667,optimal
2021-02-07 14:00:00,89,2,1.1428571428571428,0.0,0.0,0.078,optimal
2021-02-07 14:30:00,89,2,1.1428571428571428,0.0,0.0,0.078,optimal
2021-02-07 15:00:00,89,2,1.1428571428571428,0.0,0.0,0.078,optimal
2021-02-07 15:30:00,89,2,1.1428571428571428,0.0,0.0,0.078,optimal
2021-02-07 16:00:00,89,2,0.0,0.0,0.0,0.078,optimal
2021-02-07 16:30:00,89,2,0.0,0.0,0.0,0.078,optimal
2021-02-07 17:00:00,89,2,0.0,0.0,0.0,0.19876666666666667,optimal
2021-02-07 17:30:00,89,2,0.0,0.5418518518518518,0.0,0.08476666666666667,optimal
2021-02-07 18:00:00,89,2,0.0,0.5418518518518518,0.0,0.2672,optimal
2021-02-07 18:30:00,89,2,0.0,0.0,0.0,0.6171666666666666,optimal
2021-02-07 19:00:00,89,2,0.0,0.1548148148148148,0.0,1.6481333333333335,optimal
2021-02-07 19:30:00,89,2,0.3295041938150697,0.0,0.0,0.44430000000000003,optimal
2021-02-07 20:00:00,89,2,0.3309137176245841,0.0774074074074074,0.0,0.5513666666666667,optimal
2021-02-07 20:30:00,89,2,0.0,0.0774074074074074,0.0,0.5295666666666667,optimal
2021-02-07 21:00:00,89,2,0.0,0.1548148148148148,0.0,0.45166666666666666,optimal
2021-02-07 21:30:00,89,2,0.0,0.0,0.0,0.38680000000000003,optimal
2021-02-07 22:00:00,89,2,0.0,0.0774074074074074,0.0,1.5690333333333333,optimal
2021-02-07 22:30:00,89,2,0.0,0.0774074074074074,0.0,1.2155666666666667,optimal
2021-02-07 23:00:00,89,2,0.0,0.0,0.0,0.5472333333333333,optimal
2021-02-07 23:30:00,89,2,0.0,0.0,0.0,0.3703666666666667,optimal
2021-02-08 00:00:00,89,2,0.0,0.0,0.0,0.053,optimal
2021-02-08 00:30:00,89,2,0.0,0.0,0.0,0.061666666666666654,optimal
2021-02-08 01:00:00,89,2,0.0,0.0,0.0,0.1444,optimal
2021-02-08 01:30:00,89,2,0.0,0.0,0.0,0.053,optimal
2021-02-08 02:00:00,89,2,0.7294116859821432,0.0,0.0,0.14073333333333332,optimal
2021-02-08 02:30:00,89,2,1.1428571428571428,0.0,0.0,0.053,optimal
2021-02-08 03:00:00,89,2,1.1428571428571428,0.0,0.0,0.053,optimal
2021-02-08 03:30:00,89,2,1.1428571428571428,0.0,0.0,0.14073333333333332,optimal
2021-02-08 04:00:00,89,2,1.1428571428571428,0.0,0.0,0.053,optimal
2021-02-08 04:30:00,89,2,1.1428571428571428,0.0,0.0,0.053,optimal
2021-02-08 05:00:00,89,2,1.1428571428571428,0.0,0.0,0.14073333333333332,optimal
2021-02-08 05:30:00,89,2,1.1428571428571428,0.0,0.0,0.053,optimal
2021-02-08 06:00:00,89,2,1.1428571428571428,0.0,0.0,0.061666666666666654,optimal
2021-02-08 06:30:00,89,2,1.1428571428571428,0.0,9.212455073181047,0.15073333333333333,optimal
2021-02-08 07:00:00,89,2,1.1428571428571428,0.0,10.0,0.058333333333333334,optimal
2021-02-08 07:30:00,89,2,1.1428571428571428,0.0,0.0,0.6771,optimal
2021-02-08 08:00:00,89,2,0.5406254908773216,0.387037037037037,0.0,1.1172,optimal
2021-02-08 08:30:00,89,2,0.5776634997428294,0.5418518518518518,0.0,1.6591,optimal
2021-02-08 09:00:00,89,2,0.5920318960559695,0.3096296296296296,0.0,0.3635,optimal
2021-02-08 09:30:00,89,2,0.6333691684720053,0.0,0.0,0.2958,optimal
2021-02-08 10:00:00,89,2,0.5312588911505478,0.0,0.0,0.3028333333333333,optimal
2021-02-08 10:30:00,89,2,0.5371044758773753,0.0,0.0,0.4098333333333333,optimal
2021-02-08 11:00:00,89,2,0.46340202887584925,0.0774074074074074,0.0,0.2077,optimal
2021-02-08 11:30:00,89,2,0.42509544858178094,0.0,0.0,0.30946666666666667,optimal
2021-02-08 12:00:00,89,2,0.3531042644359134,0.0,0.0,0.44176666666666664,optimal
2021-02-08 12:30:00,89,2,0.41395777051443444,0.23222222222222222,0.0,0.21616666666666662,optimal
2021-02-08 13:00:00,89,2,1.1428571428571428,0.0,0.0,0.2454333333333333,optimal
2021-02-08 13:30:00,89,2,1.1428571428571428,0.23222222222222222,0.0,0.32913333333333333,optimal
2021-02-08 14:00:00,89,2,1.1428571428571428,0.0,0.0,0.3224666666666666,optimal
2021-02-08 14:30:00,89,2,1.1428571428571428,0.0,0.0,0.31089999999999995,optimal
2021-02-08 15:00:00,89,2,1.1428571428571428,0.0,0.0,0.5175333333333333,optimal
2021-02-08 15:30:00,89,2,1.1428571428571428,0.0,0.0,0.3261,optimal
2021-02-08 16:00:00,89,2,0.0,0.0,0.0,0.2978,optimal
2021-02-08 16:30:00,89,2,0.0,0.0,0.0,0.2503333333333333,optimal
2021-02-08 17:00:00,89,2,0.0,0.387037037037037,0.0,0.7364666666666667,optimal
2021-02-08 17:30:00,89,2,0.0,0.1548148148148148,0.0,0.3106666666666667,optimal
2021-02-08 18:00:00,89,2,0.0,0.3096296296296296,0.0,0.27813333333333334,optimal
2021-02-08 18:30:00,89,2,0.0,0.1548148148148148,0.0,0.3185,optimal
2021-02-08 19:00:00,89,2,0.0,0.0,0.0,0.27443333333333336,optimal
2021-02-08 19:30:00,89,2,0.0,0.23222222222222222,0.0,0.2844,optimal
2021-02-08 20:00:00,89,2,0.26217319144748963,0.0,0.0,0.5028333333333334,optimal
2021-02-08 20:30:00,89,2,0.0,0.23222222222222222,0.0,0.3202,optimal
2021-02-08 21:00:00,89,2,0.0,0.23222222222222222,0.0,0.2996666666666667,optimal
2021-02-08 21:30:00,89,2,0.0,0.0,0.0,0.3085333333333334,optimal
2021-02-08 22:00:00,89,2,0.0,0.3096296296296296,0.0,0.36410000000000003,optimal
2021-02-08 22:30:00,89,2,0.0,0.0,0.0,0.46166666666666667,optimal
2021-02-08 23:00:00,89,2,0.0,0.0,0.0,0.16873333333333332,optimal
2021-02-08 23:30:00,89,2,0.0,0.0,0.0,0.053,optimal
2021-02-09 00:00:00,89,2,0.0,0.0,0.0,0.059,optimal
2021-02-09 00:30:00,89,2,0.0,0.0,0.0,0.15866666666666665,optimal
2021-02-09 01:00:00,89,2,0.0,0.0,0.0,0.16326666666666667,optimal
2021-02-09 01:30:00,89,2,0.9225829296295015,0.0,0.0,0.128,optimal
2021-02-09 02:00:00,89,2,1.1428571428571428,0.0,0.0,0.07126666666666667,optimal
2021-02-09 02:30:00,89,2,1.1428571428571428,0.0,0.0,0.32673333333333326,optimal
2021-02-09 03:00:00,89,2,1.1428571428571428,0.0,0.0,0.059,optimal
2021-02-09 03:30:00,89,2,1.1428571428571428,0.0,0.0,0.27126666666666666,optimal
2021-02-09 04:00:00,89,2,1.1428571428571428,0.0,0.0,0.1267333333333333,optimal
2021-02-09 04:30:00,89,2,1.1428571428571428,0.0,0.0,0.08966666666666667,optimal
2021-02-09 05:00:00,89,2,1.1428571428571428,0.0,0.0,0.3029,optimal
2021-02-09 05:30:00,89,2,1.1428571428571428,0.0,8.02734224416966,0.06443333333333334,optimal
2021-02-09 06:00:00,89,2,1.1428571428571428,0.0,10.0,0.13413333333333333,optimal
2021-02-09 06:30:00,89,2,1.1428571428571428,3.0219851851851853,10.0,0.2561333333333333,optimal
2021-02-09 07:00:00,89,2,1.1428571428571428,5.183200000000001,10.0,0.5893999999999999,optimal
2021-02-09 07:30:00,89,2,1.1428571428571428,0.3096296296296296,0.0,0.18366666666666662,optimal
2021-02-09 08:00:00,89,2,0.6461599516192049,0.0,0.0,0.31139999999999995,optimal
2021-02-09 08:30:00,89,2,0.665731509749534,0.774074074074074,0.0,1.1802000000000001,optimal
2021-02-09 09:00:00,89,2,0.6145823660634918,6.424814814814814,0.0,0.9431,optimal
2021-02-09 09:30:00,89,2,0.693689291847941,0.0,0.0,0.30746666666666667,optimal
2021-02-09 10:00:00,89,2,0.6383046501463377,0.0,0.0,0.11053333333333332,optimal
2021-02-09 10:30:00,89,2,0.6307143898873466,0.0,0.0,0.09966666666666668,optimal
2021-02-09 11:00:00,89,2,0.4871210680295399,0.0,0.0,0.24226666666666669,optimal
2021-02-09 11:30:00,89,2,0.5127534921682253,0.0,0.0,0.14506666666666665,optimal
2021-02-09 12:00:00,89,2,0.4293976609842545,0.0,0.0,0.2039333333333333,optimal
2021-02-09 12:30:00,89,2,0.47008904636939264,0.0,0.0,0.069,optimal
2021-02-09 13:00:00,89,2,1.1428571428571428,0.5418518518518518,0.0,2.433,optimal
2021-02-09 13:30:00,89,2,1.1428571428571428,0.0,0.0,0.6013,optimal
2021-02-09 14:00:00,89,2,1.1428571428571428,0.0,0.0,2.8505333333333334,optimal
2021-02-09 14:30:00,89,2,1.1428571428571428,0.1548148148148148,0.0,2.284733333333333,optimal
2021-02-09 15:00:00,89,2,1.1428571428571428,0.0774074074074074,0.0,0.6006333333333334,optimal
2021-02-09 15:30:00,89,2,1.1428571428571428,0.6966666666666667,0.0,1.561233333333333,optimal
2021-02-09 16:00:00,89,2,0.0,0.0,0.0,0.9573333333333334,optimal
2021-02-09 16:30:00,89,2,0.0,0.0,0.0,1.8805,optimal
2021-02-09 17:00:00,89,2,0.0,0.0,0.0,0.6957333333333333,optimal
2021-02-09 17:30:00,89,2,0.0,0.0,0.0,0.4147666666666667,optimal
2021-02-09 18:00:00,89,2,0.0,0.1548148148148148,0.0,0.5125,optimal
2021-02-09 18:30:00,89,2,0.0,0.0,0.0,0.43606666666666666,optimal
2021-02-09 19:00:00,89,2,0.0,0.23222222222222222,0.0,0.31603333333333333,optimal
2021-02-09 19:30:00,89,2,0.0,0.0,0.0,0.2039333333333333,optimal
2021-02-09 20:00:00,89,2,0.5641278761558952,0.0,0.0,0.069,optimal
2021-02-09 20:30:00,89,2,0.0,0.0,0.0,0.21406666666666663,optimal
2021-02-09 21:00:00,89,2,0.0,0.0,0.0,0.2039333333333333,optimal
2021-02-09 21:30:00,89,2,0.0,0.0,0.0,0.21406666666666663,optimal
2021-02-09 22:00:00,89,2,0.0,0.0,0.0,0.069,optimal
2021-02-09 22:30:00,89,2,0.0,0.0,0.0,0.2039333333333333,optimal
2021-02-09 23:00:00,89,2,0.0,0.0,0.0,0.14506666666666665,optimal
2021-02-09 23:30:00,89,2,0.0,0.0,0.0,1.7201333333333335,optimal
2021-02-10 00:00:00,89,2,0.0,0.0,0.0,0.054,optimal
2021-02-10 00:30:00,89,2,0.9627422494551453,0.0,0.0,0.054,optimal
2021-02-10 01:00:00,89,2,1.1428571428571428,0.0,0.0,0.054,optimal
2021-02-10 01:30:00,89,2,1.1428571428571428,0.0,0.0,0.054,optimal
2021-02-10 02:00:00,89,2,1.1428571428571428,0.0,0.0,0.054,optimal
2021-02-10 02:30:00,89,2,1.1428571428571428,0.0,0.0,0.054,optimal
2021-02-10 03:00:00,89,2,1.1428571428571428,0.0,0.0,0.054,optimal
2021-02-10 03:30:00,89,2,1.1428571428571428,0.0,0.0,0.054,optimal
2021-02-10 04:00:00,89,2,1.1428571428571428,0.0,0.0,0.054,optimal
2021-02-10 04:30:00,89,2,1.1428571428571428,0.0,0.0,0.054,optimal
2021-02-10 05:00:00,89,2,1.1428571428571428,0.0,0.0,0.054,optimal
2021-02-10 05:30:00,89,2,1.1428571428571428,0.0,0.0,0.06133333333333334,optimal
2021-02-10 06:00:00,89,2,1.1428571428571428,0.0,0.0,0.060333333333333336,optimal
2021-02-10 06:30:00,89,2,1.1428571428571428,0.0,0.0,0.054,optimal
2021-02-10 07:00:00,89,2,1.1428571428571428,0.0,6.498924669375972,0.054,optimal
2021-02-10 07:30:00,89,2,1.1428571428571428,0.46444444444444444,0.0,0.052,optimal
2021-02-10 08:00:00,89,2,0.7043426329253941,0.5418518518518518,0.0,0.061666666666666654,optimal
2021-02-10 08:30:00,89,2,0.6631770913848696,1.6255555555555554,0.0,0.19366666666666663,optimal
2021-02-10 09:00:00,89,2,0.5328994849978929,0.23222222222222222,0.0,0.4924666666666666,optimal
2021-02-10 09:30:00,89,2,0.575410133933565,0.0,0.0,0.339,optimal
2021-02-10 10:00:00,89,2,0.48263768269936264,0.23222222222222222,0.0,0.33166666666666667,optimal
2021-02-10 10:30:00,89,2,0.4851254313058762,0.0,0.0,0.329,optimal
2021-02-10 11:00:00,89,2,0.322882302641941,0.1548148148148148,0.0,1.3260999999999998,optimal
2021-02-10 11:30:00,89,2,0.5709271509192994,0.0,0.0,0.064,optimal
2021-02-10 12:00:00,89,2,1.088609584908477,0.0,0.0,0.064,optimal
2021-02-10 12:30:00,89,2,1.1428571428571428,0.0,0.0,0.064,optimal
2021-02-10 13:00:00,89,2,1.1428571428571428,0.0,0.0,0.064,optimal
2021-02-10 13:30:00,89,2,1.1428571428571428,0.0,0.0,0.064,optimal
2021-02-10 14:00:00,89,2,1.1428571428571428,0.0,0.0,0.064,optimal
2021-02-10 14:30:00,89,2,1.1428571428571428,0.0,0.0,0.064,optimal
2021-02-10 15:00:00,89,2,1.1428571428571428,0.0,0.0,0.064,optimal
2021-02-10 15:30:00,89,2,1.1428571428571428,0.0,0.0,0.064,optimal
2021-02-10 16:00:00,89,2,0.0,6.347407407407409,0.0,0.5724333333333332,optimal
2021-02-10 16:30:00,89,2,0.0,0.3096296296296296,0.0,0.6357999999999999,optimal
2021-02-10 17:00:00,89,2,0.0,0.3096296296296296,0.0,1.2494,optimal
2021-02-10 17:30:00,89,2,0.0,0.1548148148148148,0.0,0.329,optimal
2021-02-10 18:00:00,89,2,0.0,0.0,0.0,0.064,optimal
2021-02-10 18:30:00,89,2,0.0,0.0,0.0,0.064,optimal
2021-02-10 19:00:00,89,2,0.0,0.23222222222222222,0.0,0.2813333333333333,optimal
2021-02-10 19:30:00,89,2,0.5228698694792908,0.0,0.0,1.1698,optimal
2021-02-10 20:00:00,89,2,0.4803591773573194,0.0,0.0,1.3962999999999999,optimal
2021-02-10 20:30:00,89,2,0.0,0.6966666666666667,0.0,0.11133333333333331,optimal
2021-02-10 21:00:00,89,2,0.0,0.0,0.0,0.2124,optimal
2021-02-10 21:30:00,89,2,0.0,2.2448148148148146,0.0,0.243,optimal
2021-02-10 22:00:00,89,2,0.0,0.0,0.0,0.064,optimal
2021-02-10 22:30:00,89,2,0.0,0.0,0.0,0.064,optimal
2021-02-10 23:00:00,89,2,0.0,0.0,0.0,0.064,optimal
2021-02-10 23:30:00,89,2,0.0,0.0,0.0,0.06333333333333334,optimal
2021-02-11 00:00:00,89,2,1.1428571428571428,0.0,0.0,0.109,optimal
2021-02-11 00:30:00,89,2,1.1428571428571428,0.0,0.0,0.19766666666666663,optimal
2021-02-11 01:00:00,89,2,1.1428571428571428,0.0,0.0,0.1466,optimal
2021-02-11 01:30:00,89,2,1.1428571428571428,0.0,0.0,0.173,optimal
2021-02-11 02:00:00,89,2,1.1428571428571428,0.0,0.0,0.1466,optimal
2021-02-11 02:30:00,89,2,1.1428571428571428,0.0,0.0,0.20466666666666664,optimal
2021-02-11 03:00:00,89,2,1.1428571428571428,0.0,0.0,0.103,optimal
2021-02-11 03:30:00,89,2,1.1428571428571428,0.0,0.0,0.075,optimal
2021-02-11 04:00:00,89,2,1.1428571428571428,0.0,0.0,0.24459999999999998,optimal
2021-02-11 04:30:00,89,2,1.1428571428571428,0.0,0.0,0.13466666666666666,optimal
2021-02-11 05:00:00,89,2,1.1428571428571428,0.0,0.0,0.075,optimal
2021-02-11 05:30:00,89,2,1.1428571428571428,0.0,0.0,0.22073333333333328,optimal
2021-02-11 06:00:00,89,2,1.1428571428571428,0.0,0.0,0.15853333333333333,optimal
2021-02-11 06:30:00,89,2,1.1428571428571428,0.0,0.0,0.173,optimal
2021-02-11 07:00:00,89,2,1.1428571428571428,0.0,7.4044470230808805,0.075,optimal
2021-02-11 07:30:00,89,2,1.1428571428571428,5.113482418847834,0.0,0.26593333333333335,optimal
2021-02-11 08:00:00,89,2,0.4698267894129258,0.0,0.0,1.5815,optimal
2021-02-11 08:30:00,89,2,0.7521333265206959,0.387037037037037,0.0,0.8280333333333333,optimal
2021-02-11 09:00:00,89,2,0.7073217066178296,0.0,0.0,0.8180333333333333,optimal
2021-02-11 09:30:00,89,2,0.8123631317656466,0.0,0.0,0.075,optimal
2021-02-11 10:00:00,89,2,0.6145279807268511,0.0,0.0,0.09290000000000001,optimal
2021-02-11 10:30:00,89,2,0.48667698630081274,0.0,0.0,2.7588666666666666,optimal
2021-02-11 11:00:00,89,2,0.6025266240993346,0.0774074074074074,0.0,1.3071666666666668,optimal
2021-02-11 11:30:00,89,2,1.1428571428571428,0.0774074074074074,0.0,1.1659666666666666,optimal
2021-02-11 12:00:00,89,2,1.1428571428571428,2.2448148148148146,0.0,2.506133333333333,optimal
2021-02-11 12:30:00,89,2,1.1428571428571428,0.0,0.0,0.1359,optimal
2021-02-11 13:00:00,89,2,1.1428571428571428,0.0,0.0,0.2433333333333333,optimal
2021-02-11 13:30:00,89,2,1.1428571428571428,0.0,0.0,0.075,optimal
2021-02-11 14:00:00,89,2,1.1428571428571428,0.0,0.0,0.173,optimal
2021-02-11 14:30:00,89,2,1.1428571428571428,0.0,0.0,0.20626666666666668,optimal
2021-02-11 15:00:00,89,2,1.1428571428571428,0.0,0.0,0.075,optimal
2021-02-11 15:30:00,89,2,1.1428571428571428,0.0,0.0,0.173,optimal
2021-02-11 16:00:00,89,2,0.0,0.0,0.0,0.075,optimal
2021-02-11 16:30:00,89,2,0.0,0.0,0.0,0.1318,optimal
2021-02-11 17:00:00,89,2,0.0,0.0,0.0,0.24746666666666667,optimal
2021-02-11 17:30:00,89,2,0.0,0.0,0.0,0.075,optimal
2021-02-11 18:00:00,89,2,0.0,0.0,0.0,0.075,optimal
2021-02-11 18:30:00,89,2,0.0,0.0,0.0,0.30426666666666663,optimal
2021-02-11 19:00:00,89,2,0.0,0.0,0.0,0.075,optimal
2021-02-11 19:30:00,89,2,1.0591947723549657,0.0,0.0,0.19433333333333327,optimal
2021-02-11 20:00:00,89,2,1.0961045575646802,0.0,0.0,0.1849333333333333,optimal
2021-02-11 20:30:00,89,2,0.0,0.0,0.0,0.075,optimal
2021-02-11 21:00:00,89,2,0.0,0.0,0.0,0.24126666666666668,optimal
2021-02-11 21:30:00,89,2,0.0,0.0,0.0,0.4577,optimal
2021-02-11 22:00:00,89,2,0.0,0.0,0.0,2.575333333333333,optimal
2021-02-11 22:30:00,89,2,0.0,0.0,0.0,0.1489,optimal
2021-02-11 23:00:00,89,2,0.0,0.0,0.0,0.117,optimal
2021-02-11 23:30:00,89,2,0.0,0.0,0.0,0.14063333333333333,optimal
2021-02-12 00:00:00,89,2,1.1428571428571428,0.0,0.0,0.06066666666666666,optimal
2021-02-12 00:30:00,89,2,1.1428571428571428,0.0,0.0,0.08013333333333333,optimal
2021-02-12 01:00:00,89,2,1.1428571428571428,0.0,0.0,0.14553333333333332,optimal
2021-02-12 01:30:00,89,2,1.1428571428571428,0.0,0.0,0.065,optimal
2021-02-12 02:00:00,89,2,1.1428571428571428,0.0,0.0,0.16566666666666666,optimal
2021-02-12 02:30:00,89,2,1.1428571428571428,0.0,0.0,0.065,optimal
2021-02-12 03:00:00,89,2,1.1428571428571428,0.0,0.0,0.15056666666666665,optimal
2021-02-12 03:30:00,89,2,1.1428571428571428,0.0,0.0,0.08009999999999999,optimal
2021-02-12 04:00:00,89,2,1.1428571428571428,0.0,0.0,0.1405,optimal
2021-02-12 04:30:00,89,2,1.1428571428571428,0.0,0.0,0.09016666666666669,optimal
2021-02-12 05:00:00,89,2,1.1428571428571428,0.0,0.0,0.065,optimal
2021-02-12 05:30:00,89,2,1.1428571428571428,0.0,0.0,0.16566666666666666,optimal
2021-02-12 06:00:00,89,2,1.1428571428571428,0.0,0.0,0.065,optimal
2021-02-12 06:30:00,89,2,1.1428571428571428,0.0,0.6738268161911408,0.065,optimal
2021-02-12 07:00:00,89,2,1.1428571428571428,0.0,10.0,0.065,optimal
2021-02-12 07:30:00,89,2,1.1428571428571428,10.244274178347277,0.0,0.16566666666666666,optimal
2021-02-12 08:00:00,89,2,0.9138619434179672,0.46444444444444444,0.0,0.06906666666666667,optimal
2021-02-12 08:30:00,89,2,0.8587027230537317,0.0774074074074074,0.0,1.0377,optimal
2021-02-12 09:00:00,89,2,0.7873479290556223,0.3096296296296296,0.0,0.17523333333333332,optimal
2021-02-12 09:30:00,89,2,0.6772631625860479,0.0,0.0,1.1243666666666665,optimal
2021-02-12 10:00:00,89,2,0.5345823674620384,0.0,0.0,0.063,optimal
2021-02-12 10:30:00,89,2,0.5368017605714785,0.0,0.0,0.42469999999999997,optimal
2021-02-12 11:00:00,89,2,0.3994662200908482,0.0774074074074074,0.0,1.1925999999999999,optimal
2021-02-12 11:30:00,89,2,0.14348531089619063,0.23222222222222222,0.0,1.2349666666666668,optimal
2021-02-12 12:00:00,89,2,0.1574850687156389,0.23222222222222222,0.0,1.0635666666666665,optimal
2021-02-12 12:30:00,89,2,0.33349273094955845,0.0,0.0,0.4589333333333333,optimal
2021-02-12 13:00:00,89,2,1.1428571428571428,0.1548148148148148,0.0,1.2052,optimal
2021-02-12 13:30:00,89,2,1.1428571428571428,0.0,0.0,0.09566666666666669,optimal
2021-02-12 14:00:00,89,2,1.1428571428571428,0.0774074074074074,0.0,0.426,optimal
2021-02-12 14:30:00,89,2,1.1428571428571428,0.0774074074074074,0.0,0.1057,optimal
2021-02-12 15:00:00,89,2,1.1428571428571428,0.0,0.0,0.2036,optimal
2021-02-12 15:30:00,89,2,1.1428571428571428,0.0,0.0,0.0798,optimal
2021-02-12 16:00:00,89,2,0.0,0.387037037037037,0.0,0.07233333333333333,optimal
2021-02-12 16:30:00,89,2,0.0,0.1548148148148148,0.0,0.2335,optimal
2021-02-12 17:00:00,89,2,0.0,0.23222222222222222,0.0,0.836,optimal
2021-02-12 17:30:00,89,2,0.0,0.2740222222222222,0.0,0.5408,optimal
2021-02-12 18:00:00,89,2,0.0,0.035607407407407414,0.0,0.16716666666666666,optimal
2021-02-12 18:30:00,89,2,0.0,0.0774074074074074,0.0,0.1316,optimal
2021-02-12 19:00:00,89,2,0.0,0.3096296296296296,0.0,0.6545666666666667,optimal
2021-02-12 19:30:00,89,2,0.5125524866631693,0.0,0.0,0.22506666666666664,optimal
2021-02-12 20:00:00,89,2,0.6114775317132056,0.0,0.0,0.43560000000000004,optimal
2021-02-12 20:30:00,89,2,0.0,0.0,0.0,0.21830000000000002,optimal
2021-02-12 21:00:00,89,2,0.0,0.1548148148148148,0.0,0.19603333333333334,optimal
2021-02-12 21:30:00,89,2,0.0,0.0,0.0,0.2805666666666667,optimal
2021-02-12 22:00:00,89,2,0.0,0.3096296296296296,0.0,0.13140000000000002,optimal
2021-02-12 22:30:00,89,2,0.0,0.3096296296296296,0.0,0.16366666666666665,optimal
2021-02-12 23:00:00,89,2,0.0,0.0,0.0,0.15619999999999998,optimal
2021-02-12 23:30:00,89,2,0.0,0.0,0.0,0.16063333333333332,optimal
2021-02-13 00:00:00,89,2,0.0,0.0,0.0,0.048,optimal
2021-02-13 00:30:00,89,2,0.4993506942800467,0.0,0.0,0.048,optimal
2021-02-13 01:00:00,89,2,1.1428571428571428,0.0,0.0,0.048,optimal
2021-02-13 01:30:00,89,2,1.1428571428571428,0.0,0.0,0.048,optimal
2021-02-13 02:00:00,89,2,1.1428571428571428,0.0,0.0,0.048,optimal
2021-02-13 02:30:00,89,2,1.1428571428571428,0.0,0.0,0.048,optimal
2021-02-13 03:00:00,89,2,1.1428571428571428,0.0,0.0,0.048,optimal
2021-02-13 03:30:00,89,2,1.1428571428571428,0.0,0.0,0.048,optimal
2021-02-13 04:00:00,89,2,1.1428571428571428,0.0,0.0,0.048,optimal
2021-02-13 04:30:00,89,2,1.1428571428571428,0.0,0.0,0.048,optimal
2021-02-13 05:00:00,89,2,1.1428571428571428,0.0,0.0,0.048,optimal
2021-02-13 05:30:00,89,2,1.1428571428571428,0.0,0.0,0.048,optimal
2021-02-13 06:00:00,89,2,1.1428571428571428,0.0,0.0,0.048,optimal
2021-02-13 06:30:00,89,2,1.1428571428571428,0.23222222222222222,0.0,0.0868,optimal
2021-02-13 07:00:00,89,2,1.1428571428571428,0.23222222222222222,7.507001582555688,0.202,optimal
2021-02-13 07:30:00,89,2,1.1428571428571428,0.0,0.0,1.002,optimal
2021-02-13 08:00:00,89,2,0.4883002932090404,0.0,0.0,1.5634000000000001,optimal
2021-02-13 08:30:00,89,2,0.7280393840143812,0.23222222222222222,0.0,0.2121333333333333,optimal
2021-02-13 09:00:00,89,2,0.6246181123108038,0.0,0.0,1.3292,optimal
2021-02-13 09:30:00,89,2,0.601315471099427,0.0,0.0,0.8239666666666667,optimal
2021-02-13 10:00:00,89,2,0.5825198666012417,0.0,0.0,0.286,optimal
2021-02-13 10:30:00,89,2,0.6240227669304037,0.0774074074074074,0.0,0.2538,optimal
2021-02-13 11:00:00,89,2,0.5722316089083591,0.0,0.0,0.21869999999999998,optimal
2021-02-13 11:30:00,89,2,0.5794468901898959,0.0,0.0,0.049,optimal
2021-02-13 12:00:00,89,2,0.7011285522514649,0.0,0.0,0.048,optimal
2021-02-13 12:30:00,89,2,1.1428571428571428,0.0,0.0,0.048,optimal
2021-02-13 13:00:00,89,2,1.1428571428571428,0.0,0.0,0.164,optimal
2021-02-13 13:30:00,89,2,1.1428571428571428,0.0,0.0,0.2139333333333333,optimal
2021-02-13 14:00:00,89,2,1.1428571428571428,0.23222222222222222,0.0,0.1921,optimal
2021-02-13 14:30:00,89,2,1.1428571428571428,0.6192592592592592,0.0,0.215,optimal
2021-02-13 15:00:00,89,2,1.1428571428571428,0.0,0.0,0.05166666666666666,optimal
2021-02-13 15:30:00,89,2,1.1428571428571428,0.0,0.0,0.16519999999999999,optimal
2021-02-13 16:00:00,89,2,0.0,0.1548148148148148,0.0,0.2862,optimal
2021-02-13 16:30:00,89,2,0.0,0.0,0.0,0.326,optimal
2021-02-13 17:00:00,89,2,0.0,0.0,0.0,0.326,optimal
2021-02-13 17:30:00,89,2,0.0,0.0,0.0,0.3017333333333333,optimal
2021-02-13 18:00:00,89,2,0.0,0.3096296296296296,0.0,0.2162333333333333,optimal
2021-02-13 18:30:00,89,2,0.0,1.9351851851851851,0.0,0.22240000000000001,optimal
2021-02-13 19:00:00,89,2,0.0,0.0774074074074074,0.0,0.46326666666666666,optimal
2021-02-13 19:30:00,89,2,0.667942379990565,0.1548148148148148,0.0,0.259,optimal
2021-02-13 20:00:00,89,2,0.6947251507608246,0.0,0.0,0.24973333333333328,optimal
2021-02-13 20:30:00,89,2,0.0,0.0,0.0,0.347,optimal
2021-02-13 21:00:00,89,2,0.0,0.0,0.0,0.23113333333333333,optimal
2021-02-13 21:30:00,89,2,0.0,0.0,0.0,0.2058,optimal
2021-02-13 22:00:00,89,2,0.0,0.0,0.0,0.225,optimal
2021-02-13 22:30:00,89,2,0.0,0.0,0.0,0.21619999999999998,optimal
2021-02-13 23:00:00,89,2,0.0,0.23222222222222222,0.0,0.33193333333333336,optimal
2021-02-13 23:30:00,89,2,0.0,1.2385185185185184,0.0,0.3608,optimal
2021-02-07 00:00:00,90,2,0.0,0.0,0.0,0.062,optimal
2021-02-07 00:30:00,90,2,0.0,0.0,0.0,0.09533333333333331,optimal
2021-02-07 01:00:00,90,2,0.0,0.0,0.0,0.1678,optimal
2021-02-07 01:30:00,90,2,0.0,0.0,0.0,0.06509999999999999,optimal
2021-02-07 02:00:00,90,2,0.0,0.0,0.0,0.19803333333333334,optimal
2021-02-07 02:30:00,90,2,0.0,0.0,0.0,0.062,optimal
2021-02-07 03:00:00,90,2,0.0,0.0,0.0,0.1355,optimal
2021-02-07 03:30:00,90,2,0.0,0.0,0.0,0.1179,optimal
2021-02-07 04:00:00,90,2,1.1428571428571428,0.0,0.0,0.07440000000000001,optimal
2021-02-07 04:30:00,90,2,1.1428571428571428,0.0,0.0,0.11383333333333331,optimal
2021-02-07 05:00:00,90,2,1.1428571428571428,0.0,0.0,0.14930000000000002,optimal
2021-02-07 05:30:00,90,2,1.1428571428571428,0.0774074074074074,0.0,0.06433333333333333,optimal
2021-02-07 06:00:00,90,2,1.1428571428571428,0.0,0.0,0.06833333333333333,optimal
2021-02-07 06:30:00,90,2,1.1428571428571428,0.0,0.0,0.0837,optimal
2021-02-07 07:00:00,90,2,1.1428571428571428,0.0,1.5052247886819266,1.1314666666666666,optimal
2021-02-07 07:30:00,90,2,0.0,0.0774074074074074,0.0,1.9854666666666667,optimal
2021-02-07 08:00:00,90,2,0.1532920973532719,0.0,0.0,0.0775,optimal
2021-02-07 08:30:00,90,2,0.7501783499704537,0.0,0.0,0.1492,optimal
2021-02-07 09:00:00,90,2,0.7279740422397875,0.0,0.0,0.11393333333333333,optimal
2021-02-07 09:30:00,90,2,0.7128255139975164,0.0,0.0,0.16246666666666668,optimal
2021-02-07 10:00:00,90,2,0.6844377183106859,0.0,0.0,0.11033333333333331,optimal
2021-02-07 10:30:00,90,2,0.6882204890809517,0.0,0.0,0.10640000000000001,optimal
2021-02-07 11:00:00,90,2,0.9156695902952585,0.0,0.0,0.13856666666666667,optimal
2021-02-07 11:30:00,90,2,1.1428571428571428,0.0,0.0,0.15696666666666667,optimal
2021-02-07 12:00:00,90,2,1.1428571428571428,0.0,0.0,0.072,optimal
2021-02-07 12:30:00,90,2,1.1428571428571428,0.0,0.0,0.2867,optimal
2021-02-07 13:00:00,90,2,1.1428571428571428,0.1548148148148148,0.0,0.49610000000000004,optimal
2021-02-07 13:30:00,90,2,1.1428571428571428,0.3096296296296296,0.0,0.43746666666666656,optimal
2021-02-07 14:00:00,90,2,1.1428571428571428,0.0,0.0,0.13613333333333333,optimal
2021-02-07 14:30:00,90,2,1.1428571428571428,0.0,0.0,0.0782,optimal
2021-02-07 15:00:00,90,2,1.1428571428571428,0.0,0.0,0.16743333333333335,optimal
2021-02-07 15:30:00,90,2,1.1428571428571428,0.0,0.0,0.4488333333333333,optimal
2021-02-07 16:00:00,90,2,0.0,0.0,0.0,0.1591,optimal
2021-02-07 16:30:00,90,2,0.0,0.0,0.0,0.12403333333333331,optimal
2021-02-07 17:00:00,90,2,0.0,0.0,0.0,0.072,optimal
2021-02-07 17:30:00,90,2,0.0,0.0,0.0,0.103,optimal
2021-02-07 18:00:00,90,2,0.0,0.0,0.0,0.14263333333333333,optimal
2021-02-07 18:30:00,90,2,0.0,0.0,0.0,0.1095,optimal
2021-02-07 19:00:00,90,2,0.0,0.0,0.0,0.072,optimal
2021-02-07 19:30:00,90,2,0.6661422890531604,0.0,0.0,0.30046666666666666,optimal
2021-02-07 20:00:00,90,2,0.5976946700055381,0.0,0.0,0.3501,optimal
2021-02-07 20:30:00,90,2,0.0,0.0,0.0,0.4211666666666667,optimal
2021-02-07 21:00:00,90,2,0.0,0.1548148148148148,0.0,0.7708666666666667,optimal
2021-02-07 21:30:00,90,2,0.0,0.0,0.0,0.7249333333333333,optimal
2021-02-07 22:00:00,90,2,0.0,0.3096296296296296,0.0,1.9032666666666669,optimal
2021-02-07 22:30:00,90,2,0.0,0.0,0.0,0.4801333333333333,optimal
2021-02-07 23:00:00,90,2,0.0,0.0,0.0,0.11366666666666668,optimal
2021-02-07 23:30:00,90,2,0.0,0.0,0.0,0.072,optimal
2021-02-08 00:00:00,90,2,0.0,0.0,0.0,0.055,optimal
2021-02-08 00:30:00,90,2,0.0,0.0,0.0,0.055,optimal
2021-02-08 01:00:00,90,2,0.0,0.0,0.0,0.055,optimal
2021-02-08 01:30:00,90,2,0.4285837845208694,0.0,0.0,0.055,optimal
2021-02-08 02:00:00,90,2,1.1428571428571428,0.0,0.0,0.055,optimal
2021-02-08 02:30:00,90,2,1.1428571428571428,0.0,0.0,0.055,optimal
2021-02-08 03:00:00,90,2,1.1428571428571428,0.0,0.0,0.055,optimal
2021-02-08 03:30:00,90,2,1.1428571428571428,0.0,0.0,0.06,optimal
2021-02-08 04:00:00,90,2,1.1428571428571428,0.0,0.0,0.065,optimal
2021-02-08 04:30:00,90,2,1.1428571428571428,0.0,0.0,0.06,optimal
2021-02-08 05:00:00,90,2,1.1428571428571428,0.0,0.0,0.055,optimal
2021-02-08 05:30:00,90,2,1.1428571428571428,0.0,0.0,0.055,optimal
2021-02-08 06:00:00,90,2,1.1428571428571428,0.0,0.0,0.055,optimal
2021-02-08 06:30:00,90,2,1.1428571428571428,0.0,4.695826503331764,0.055,optimal
2021-02-08 07:00:00,90,2,1.1428571428571428,0.0,10.0,0.055,optimal
2021-02-08 07:30:00,90,2,1.1428571428571428,0.23222222222222222,0.0,0.053666666666666654,optimal
2021-02-08 08:00:00,90,2,0.6963816813535121,0.23222222222222222,0.0,0.053,optimal
2021-02-08 08:30:00,90,2,0.6953454045047316,0.0,0.0,0.053,optimal
2021-02-08 09:00:00,90,2,0.6220128484369167,0.23222222222222222,0.0,0.060333333333333336,optimal
2021-02-08 09:30:00,90,2,0.5897958351386722,0.9288888888888889,0.0,0.26330000000000003,optimal
2021-02-08 10:00:00,90,2,0.4670169863886395,0.1548148148148148,0.0,0.3192333333333333,optimal
2021-02-08 10:30:00,90,2,0.5734054282583202,0.0,0.0,0.17,optimal
2021-02-08 11:00:00,90,2,0.5086496479234678,0.0,0.0,0.0687,optimal
2021-02-08 11:30:00,90,2,0.4340859247722555,0.0,0.0,0.2607,optimal
2021-02-08 12:00:00,90,2,0.06474235967400715,0.0,0.0,1.3044,optimal
2021-02-08 12:30:00,90,2,1.1427982019943683,0.1548148148148148,0.0,0.2019,optimal
2021-02-08 13:00:00,90,2,1.1428571428571428,0.23222222222222222,0.0,0.21109999999999998,optimal
2021-02-08 13:30:00,90,2,1.1428571428571428,0.23222222222222222,0.0,0.1864,optimal
2021-02-08 14:00:00,90,2,1.1428571428571428,0.23222222222222222,0.0,0.209,optimal
2021-02-08 14:30:00,90,2,1.1428571428571428,0.0,0.0,0.101,optimal
2021-02-08 15:00:00,90,2,1.1428571428571428,0.23222222222222222,0.0,0.06520000000000001,optimal
2021-02-08 15:30:00,90,2,1.1428571428571428,0.0,0.0,0.063,optimal
2021-02-08 16:00:00,90,2,0.0,0.387037037037037,0.0,0.115,optimal
2021-02-08 16:30:00,90,2,0.0,0.387037037037037,0.0,0.183,optimal
2021-02-08 17:00:00,90,2,0.0,0.0,0.0,0.183,optimal
2021-02-08 17:30:00,90,2,0.0,0.23222222222222222,0.0,0.3868666666666667,optimal
2021-02-08 18:00:00,90,2,0.0,0.0774074074074074,0.0,0.6999666666666667,optimal
2021-02-08 18:30:00,90,2,0.0,0.6966666666666667,0.0,1.3627333333333331,optimal
2021-02-08 19:00:00,90,2,0.0,0.0,0.0,0.6941,optimal
2021-02-08 19:30:00,90,2,0.62765549511001,0.0,0.0,0.3029,optimal
2021-02-08 20:00:00,90,2,0.6841391750749155,0.2740222222222222,0.0,0.11,optimal
2021-02-08 20:30:00,90,2,0.0,0.11301481481481486,0.0,0.072,optimal
2021-02-08 21:00:00,90,2,0.0,0.0,0.0,0.2791666666666667,optimal
2021-02-08 21:30:00,90,2,0.0,0.23222222222222222,0.0,0.15480000000000002,optimal
2021-02-08 22:00:00,90,2,0.0,0.0,0.0,0.2097333333333333,optimal
2021-02-08 22:30:00,90,2,0.0,0.387037037037037,0.0,0.3346,optimal
2021-02-08 23:00:00,90,2,0.0,0.0,0.0,0.44680000000000003,optimal
2021-02-08 23:30:00,90,2,0.0,0.0,0.0,0.1874,optimal
2021-02-09 00:00:00,90,2,0.0,0.0,0.0,0.15319999999999998,optimal
2021-02-09 00:30:00,90,2,0.0,0.0,0.0,0.14046666666666666,optimal
2021-02-09 01:00:00,90,2,0.5588260799352237,0.0,0.0,0.095,optimal
2021-02-09 01:30:00,90,2,1.1428571428571428,0.0,0.0,0.2029333333333333,optimal
2021-02-09 02:00:00,90,2,1.1428571428571428,0.0,0.0,0.057,optimal
2021-02-09 02:30:00,90,2,1.1428571428571428,0.0,0.0,0.13203333333333334,optimal
2021-02-09 03:00:00,90,2,1.1428571428571428,0.0,0.0,0.1963,optimal
2021-02-09 03:30:00,90,2,1.1428571428571428,0.0,0.0,0.057,optimal
2021-02-09 04:00:00,90,2,1.1428571428571428,0.0,0.0,0.26376666666666665,optimal
2021-02-09 04:30:00,90,2,1.1428571428571428,0.0,0.0,0.08123333333333334,optimal
2021-02-09 05:00:00,90,2,1.1428571428571428,0.0,0.0,0.060333333333333336,optimal
2021-02-09 05:30:00,90,2,1.1428571428571428,0.0,0.0,0.22676666666666667,optimal
2021-02-09 06:00:00,90,2,1.1428571428571428,0.0,0.0,0.10823333333333332,optimal
2021-02-09 06:30:00,90,2,1.1428571428571428,0.0,0.0,0.07173333333333333,optimal
2021-02-09 07:00:00,90,2,1.1428571428571428,0.0,7.121166551428659,0.25993333333333335,optimal
2021-02-09 07:30:00,90,2,1.1428571428571428,0.0,0.0,0.057,optimal
2021-02-09 08:00:00,90,2,0.7899504278096828,0.0,0.0,0.05633333333333333,optimal
2021-02-09 08:30:00,90,2,0.6187153192733414,0.387037037037037,0.0,1.7642,optimal
2021-02-09 09:00:00,90,2,0.6105985565396825,0.387037037037037,0.0,0.5033333333333333,optimal
2021-02-09 09:30:00,90,2,0.7564797680384158,0.0,0.0,0.07690000000000001,optimal
2021-02-09 10:00:00,90,2,0.6145046501463394,0.0,0.0,0.18303333333333333,optimal
2021-02-09 10:30:00,90,2,0.6213620089349723,0.0,0.0,0.1216,optimal
2021-02-09 11:00:00,90,2,0.5358829727914411,0.0,0.0,0.0608,optimal
2021-02-09 11:30:00,90,2,0.5104487302634588,0.0,0.0,0.14233333333333334,optimal
2021-02-09 12:00:00,90,2,0.4314357562223568,0.0,0.0,0.186,optimal
2021-02-09 12:30:00,90,2,0.47043190351225,0.0,0.0,0.057,optimal
2021-02-09 13:00:00,90,2,1.1428571428571428,0.0,0.0,0.10640000000000001,optimal
2021-02-09 13:30:00,90,2,1.1428571428571428,0.0,0.0,0.22193333333333332,optimal
2021-02-09 14:00:00,90,2,1.1428571428571428,0.0,0.0,0.114,optimal
2021-02-09 14:30:00,90,2,1.1428571428571428,0.0,0.0,0.22006666666666663,optimal
2021-02-09 15:00:00,90,2,1.1428571428571428,0.0,0.0,0.3538,optimal
2021-02-09 15:30:00,90,2,1.1428571428571428,0.0774074074074074,0.0,0.7656000000000001,optimal
2021-02-09 16:00:00,90,2,0.0,0.0,0.0,1.5108333333333333,optimal
2021-02-09 16:30:00,90,2,0.0,0.0,0.0,0.23656666666666665,optimal
2021-02-09 17:00:00,90,2,0.0,2.0899999999999994,0.0,0.26589999999999997,optimal
2021-02-09 17:30:00,90,2,0.0,0.0,0.0,1.2325333333333333,optimal
2021-02-09 18:00:00,90,2,0.0,0.23222222222222222,0.0,1.4327999999999999,optimal
2021-02-09 18:30:00,90,2,0.0,0.1548148148148148,0.0,0.334,optimal
2021-02-09 19:00:00,90,2,0.0,0.46444444444444444,0.0,2.3759,optimal
2021-02-09 19:30:00,90,2,0.3422131333889596,0.1548148148148148,0.0,2.0860666666666665,optimal
2021-02-09 20:00:00,90,2,0.5551491307474268,0.1548148148148148,0.0,0.3953666666666667,optimal
2021-02-09 20:30:00,90,2,0.0,0.1548148148148148,0.0,1.9895,optimal
2021-02-09 21:00:00,90,2,0.0,0.0,0.0,0.30083333333333334,optimal
2021-02-09 21:30:00,90,2,0.0,3.7155555555555555,0.0,0.11246666666666669,optimal
2021-02-09 22:00:00,90,2,0.0,0.0,0.0,1.2083,optimal
2021-02-09 22:30:00,90,2,0.0,0.23222222222222222,0.0,1.2452333333333332,optimal
2021-02-09 23:00:00,90,2,0.0,0.0,0.0,0.067,optimal
2021-02-09 23:30:00,90,2,0.0,0.0,0.0,0.16856666666666667,optimal
2021-02-10 00:00:00,90,2,0.0,0.0,0.0,0.057,optimal
2021-02-10 00:30:00,90,2,0.0,0.0,0.0,0.057,optimal
2021-02-10 01:00:00,90,2,0.0,0.0,0.0,0.057,optimal
2021-02-10 01:30:00,90,2,1.121503841610506,0.0,0.0,0.057,optimal
2021-02-10 02:00:00,90,2,1.1428571428571428,0.0,0.0,0.057,optimal
2021-02-10 02:30:00,90,2,1.1428571428571428,0.0,0.0,0.057,optimal
2021-02-10 03:00:00,90,2,1.1428571428571428,0.0,0.0,0.057,optimal
2021-02-10 03:30:00,90,2,1.1428571428571428,0.0,0.0,0.057,optimal
2021-02-10 04:00:00,90,2,1.1428571428571428,0.0,0.0,0.057,optimal
2021-02-10 04:30:00,90,2,1.1428571428571428,0.0774074074074074,0.0,0.055666666666666656,optimal
2021-02-10 05:00:00,90,2,1.1428571428571428,2.4770370370370367,0.0,0.08333333333333333,optimal
2021-02-10 05:30:00,90,2,1.1428571428571428,0.0,0.0,0.23233333333333328,optimal
2021-02-10 06:00:00,90,2,1.1428571428571428,0.3096296296296296,0.0,0.24366666666666664,optimal
2021-02-10 06:30:00,90,2,1.1428571428571428,0.0,6.966774631107336,2.5384,optimal
2021-02-10 07:00:00,90,2,1.1428571428571428,8.359999999999998,10.0,2.7318000000000002,optimal
2021-02-10 07:30:00,90,2,1.1428571428571428,0.0,0.0,0.8246666666666667,optimal
2021-02-10 08:00:00,90,2,0.862571204353969,0.0,0.0,0.067,optimal
2021-02-10 08:30:00,90,2,0.8540151866229735,0.0,0.0,0.067,optimal
2021-02-10 09:00:00,90,2,0.7810613897598067,0.0,0.0,0.067,optimal
2021-02-10 09:30:00,90,2,0.7725053720287991,0.0,0.0,0.067,optimal
2021-02-10 10:00:00,90,2,0.6595805398422252,0.0,0.0,0.067,optimal
2021-02-10 10:30:00,90,2,0.6531635265439726,0.0,0.0,0.067,optimal
2021-02-10 11:00:00,90,2,0.5745765883562332,0.0,0.0,0.067,optimal
2021-02-10 11:30:00,90,2,0.382203341395491,0.0,0.0,1.7755999999999998,optimal
2021-02-10 12:00:00,90,2,0.2478405358229854,0.387037037037037,0.0,0.5928666666666667,optimal
2021-02-10 12:30:00,90,2,0.07921958344203134,0.387037037037037,0.0,1.1916666666666667,optimal
2021-02-10 13:00:00,90,2,0.3355963378270366,0.1548148148148148,0.0,2.6719,optimal
2021-02-10 13:30:00,90,2,1.1428571428571428,0.0,0.0,0.3417,optimal
2021-02-10 14:00:00,90,2,1.1428571428571428,0.387037037037037,0.0,0.371,optimal
2021-02-10 14:30:00,90,2,1.1428571428571428,0.0,0.0,2.2459333333333333,optimal
2021-02-10 15:00:00,90,2,1.1428571428571428,0.1548148148148148,0.0,0.5874333333333333,optimal
2021-02-10 15:30:00,90,2,1.1428571428571428,0.0,0.0,0.3943333333333333,optimal
2021-02-10 16:00:00,90,2,0.0,0.0,0.0,0.3063,optimal
2021-02-10 16:30:00,90,2,0.0,0.0,0.0,1.4227333333333332,optimal
2021-02-10 17:00:00,90,2,0.0,2.0899999999999994,0.0,2.6592,optimal
2021-02-10 17:30:00,90,2,0.0,0.3096296296296296,0.0,5.3828000000000005,optimal
2021-02-10 18:00:00,90,2,0.0,0.23222222222222222,0.0,4.126333333333333,optimal
2021-02-10 18:30:00,90,2,0.0,0.0,0.0,3.5771666666666664,optimal
2021-02-10 19:00:00,90,2,0.0,0.0,0.0,0.7088666666666666,optimal
2021-02-10 19:30:00,90,2,0.0,0.0,0.0,2.4278666666666666,optimal
2021-02-10 20:00:00,90,2,0.0,0.0,0.0,1.5308,optimal
2021-02-10 20:30:00,90,2,0.0,0.0774074074074074,0.0,0.5683333333333334,optimal
2021-02-10 21:00:00,90,2,0.0,0.0,0.0,0.2856666666666667,optimal
2021-02-10 21:30:00,90,2,0.0,0.0,0.0,2.540833333333333,optimal
2021-02-10 22:00:00,90,2,0.0,0.1548148148148148,0.0,3.2451666666666665,optimal
2021-02-10 22:30:00,90,2,0.0,0.0,0.0,0.067,optimal
2021-02-10 23:00:00,90,2,0.0,0.0,0.0,0.067,optimal
2021-02-10 23:30:00,90,2,0.0,0.0,0.0,0.06466666666666668,optimal
2021-02-11 00:00:00,90,2,1.1428571428571428,0.0,0.0,0.06,optimal
2021-02-11 00:30:00,90,2,1.1428571428571428,0.0,0.0,0.06,optimal
2021-02-11 01:00:00,90,2,1.1428571428571428,0.0,0.0,0.2014,optimal
2021-02-11 01:30:00,90,2,1.1428571428571428,0.0,0.0,0.06673333333333334,optimal
2021-02-11 02:00:00,90,2,1.1428571428571428,0.0,0.0,0.06,optimal
2021-02-11 02:30:00,90,2,1.1428571428571428,0.0,0.0,0.20813333333333334,optimal
2021-02-11 03:00:00,90,2,1.1428571428571428,0.0,0.0,0.06,optimal
2021-02-11 03:30:00,90,2,1.1428571428571428,0.0,0.0,0.06,optimal
2021-02-11 04:00:00,90,2,1.1428571428571428,0.0,0.0,0.06,optimal
2021-02-11 04:30:00,90,2,1.1428571428571428,0.0,0.0,0.17606666666666665,optimal
2021-02-11 05:00:00,90,2,1.1428571428571428,0.0,0.0,0.10206666666666667,optimal
2021-02-11 05:30:00,90,2,1.1428571428571428,0.0,0.0,0.06,optimal
2021-02-11 06:00:00,90,2,1.1428571428571428,0.0,0.0,0.14753333333333332,optimal
2021-02-11 06:30:00,90,2,1.1428571428571428,0.0,7.170788333433731,0.12226666666666668,optimal
2021-02-11 07:00:00,90,2,1.1428571428571428,0.0,10.0,0.11613333333333334,optimal
2021-02-11 07:30:00,90,2,1.1428571428571428,6.446320676523719,0.0,0.2499,optimal
2021-02-11 08:00:00,90,2,0.7856448846510139,1.7168962962962968,0.0,0.5385,optimal
2021-02-11 08:30:00,90,2,0.6863628503302136,0.3096296296296296,0.0,1.2594666666666667,optimal
2021-02-11 09:00:00,90,2,0.7783826589987782,0.0774074074074074,0.0,0.0906,optimal
2021-02-11 09:30:00,90,2,0.5744526555751821,0.0774074074074074,0.0,1.7410999999999999,optimal
2021-02-11 10:00:00,90,2,0.4338613140601924,2.631851851851852,0.0,0.4024,optimal
2021-02-11 10:30:00,90,2,0.47125508153890316,0.1548148148148148,0.0,0.3664,optimal
2021-02-11 11:00:00,90,2,0.3733569422241324,0.3096296296296296,0.0,0.5447333333333334,optimal
2021-02-11 11:30:00,90,2,0.4207023519233622,0.0774074074074074,0.0,0.43289999999999995,optimal
2021-02-11 12:00:00,90,2,0.3724993328764918,0.23222222222222222,0.0,0.3826333333333333,optimal
2021-02-11 12:30:00,90,2,1.1428571428571428,0.0774074074074074,0.0,0.38273333333333337,optimal
2021-02-11 13:00:00,90,2,1.1428571428571428,0.0,0.0,0.19163333333333332,optimal
2021-02-11 13:30:00,90,2,1.1428571428571428,0.0,0.0,0.3778333333333333,optimal
2021-02-11 14:00:00,90,2,1.1428571428571428,0.23222222222222222,0.0,0.5145333333333333,optimal
2021-02-11 14:30:00,90,2,1.1428571428571428,0.0,0.0,0.1306,optimal
2021-02-11 15:00:00,90,2,1.1428571428571428,0.0,0.0,0.15753333333333333,optimal
2021-02-11 15:30:00,90,2,1.1428571428571428,0.0,0.0,0.07966666666666668,optimal
2021-02-11 16:00:00,90,2,0.0,0.0,0.0,0.24713333333333332,optimal
2021-02-11 16:30:00,90,2,0.0,0.0,0.0,0.085,optimal
2021-02-11 17:00:00,90,2,0.0,0.46444444444444444,0.0,0.37746666666666656,optimal
2021-02-11 17:30:00,90,2,0.0,0.0,0.0,1.8091333333333328,optimal
2021-02-11 18:00:00,90,2,0.0,0.6192592592592592,0.0,0.19986666666666666,optimal
2021-02-11 18:30:00,90,2,0.0,0.0774074074074074,0.0,0.41533333333333333,optimal
2021-02-11 19:00:00,90,2,0.0,0.1548148148148148,0.0,1.8409333333333326,optimal
2021-02-11 19:30:00,90,2,0.926966200926393,0.0,0.0,0.35183333333333333,optimal
2021-02-11 20:00:00,90,2,0.9110588432789616,0.3096296296296296,0.0,0.49319999999999997,optimal
2021-02-11 20:30:00,90,2,0.0,0.0,0.0,0.5687333333333333,optimal
2021-02-11 21:00:00,90,2,0.0,0.3096296296296296,0.0,0.355,optimal
2021-02-11 21:30:00,90,2,0.0,0.0,0.0,0.3429333333333333,optimal
2021-02-11 22:00:00,90,2,0.0,2.0899999999999994,0.0,0.2847333333333333,optimal
2021-02-11 22:30:00,90,2,0.0,0.5418518518518518,0.0,0.26213333333333333,optimal
2021-02-11 23:00:00,90,2,0.0,0.0,0.0,0.2112333333333333,optimal
2021-02-11 23:30:00,90,2,0.0,0.0,0.0,1.2812000000000001,optimal
2021-02-12 00:00:00,90,2,1.1428571428571428,0.0,0.0,0.05666666666666666,optimal
2021-02-12 00:30:00,90,2,1.1428571428571428,0.0,0.0,0.064,optimal
2021-02-12 01:00:00,90,2,1.1428571428571428,0.0,0.0,0.064,optimal
2021-02-12 01:30:00,90,2,1.1428571428571428,0.0,0.0,0.22606666666666664,optimal
2021-02-12 02:00:00,90,2,1.1428571428571428,0.0,0.0,0.064,optimal
2021-02-12 02:30:00,90,2,1.1428571428571428,0.0,0.0,0.1082,optimal
2021-02-12 03:00:00,90,2,1.1428571428571428,0.0,0.0,0.18186666666666668,optimal
2021-02-12 03:30:00,90,2,1.1428571428571428,0.0,0.0,0.064,optimal
2021-02-12 04:00:00,90,2,1.1428571428571428,0.0,0.0,0.22606666666666664,optimal
2021-02-12 04:30:00,90,2,1.1428571428571428,0.0,0.0,0.064,optimal
2021-02-12 05:00:00,90,2,1.1428571428571428,0.1548148148148148,0.0,0.21,optimal
2021-02-12 05:30:00,90,2,1.1428571428571428,5.805555555555555,0.0,1.4564666666666668,optimal
2021-02-12 06:00:00,90,2,1.1428571428571428,0.5418518518518518,0.0,0.14053333333333334,optimal
2021-02-12 06:30:00,90,2,1.1428571428571428,0.3096296296296296,7.412375551847361,0.062,optimal
2021-02-12 07:00:00,90,2,1.1428571428571428,0.0774074074074074,0.0,0.2835,optimal
2021-02-12 07:30:00,90,2,1.1428571428571428,6.9784185061068955,0.0,0.1966,optimal
2021-02-12 08:00:00,90,2,0.9899952767513004,0.0,0.0,0.09346666666666668,optimal
2021-02-12 08:30:00,90,2,0.9838179611489652,0.0,0.0,0.14503333333333332,optimal
2021-02-12 09:00:00,90,2,0.913542214769904,0.0,0.0,0.14503333333333332,optimal
2021-02-12 09:30:00,90,2,0.8425784006812859,0.0,0.0,0.064,optimal
2021-02-12 10:00:00,90,2,0.5994299865096576,0.0,0.0,0.18923333333333328,optimal
2021-02-12 10:30:00,90,2,0.6075750939048031,0.0,0.0,0.10083333333333332,optimal
2021-02-12 11:00:00,90,2,0.4949766962813188,0.0,0.0,0.10083333333333332,optimal
2021-02-12 11:30:00,90,2,0.4675805489914275,0.0,0.0,0.18923333333333328,optimal
2021-02-12 12:00:00,90,2,0.4656926877632624,0.0,0.0,0.064,optimal
2021-02-12 12:30:00,90,2,0.741967987229421,0.0,0.0,0.064,optimal
2021-02-12 13:00:00,90,2,1.1428571428571428,0.0,0.0,0.064,optimal
2021-02-12 13:30:00,90,2,1.1428571428571428,0.0,0.0,0.22606666666666664,optimal
2021-02-12 14:00:00,90,2,1.1428571428571428,0.0,0.0,0.064,optimal
2021-02-12 14:30:00,90,2,1.1428571428571428,0.0,0.0,0.18923333333333328,optimal
2021-02-12 15:00:00,90,2,1.1428571428571428,0.0,0.0,0.10083333333333332,optimal
2021-02-12 15:30:00,90,2,1.1428571428571428,0.6192592592592592,0.0,0.12896666666666667,optimal
2021-02-12 16:00:00,90,2,0.0,0.0,0.0,0.30543333333333333,optimal
2021-02-12 16:30:00,90,2,0.0,0.6192592592592592,0.0,0.13583333333333333,optimal
2021-02-12 17:00:00,90,2,0.0,0.0,0.0,0.11356666666666666,optimal
2021-02-12 17:30:00,90,2,0.0,0.1548148148148148,0.0,0.2261,optimal
2021-02-12 18:00:00,90,2,0.0,0.3096296296296296,0.0,0.22273333333333328,optimal
2021-02-12 18:30:00,90,2,0.0,0.3096296296296296,0.0,0.6823666666666667,optimal
2021-02-12 19:00:00,90,2,0.0,0.1548148148148148,0.0,1.7123666666666666,optimal
2021-02-12 19:30:00,90,2,0.6323423799905666,0.23222222222222222,0.0,0.2501333333333333,optimal
2021-02-12 20:00:00,90,2,0.5581727698084494,0.0,0.0,0.4939666666666666,optimal
2021-02-12 20:30:00,90,2,0.0,0.5418518518518518,0.0,0.3701333333333333,optimal
2021-02-12 21:00:00,90,2,0.0,2.3222222222222215,0.0,0.5896333333333333,optimal
2021-02-12 21:30:00,90,2,0.0,0.0,0.0,0.4643333333333333,optimal
2021-02-12 22:00:00,90,2,0.0,0.23222222222222222,0.0,0.5458999999999999,optimal
2021-02-12 22:30:00,90,2,0.0,0.0,0.0,0.32189999999999996,optimal
2021-02-12 23:00:00,90,2,0.0,0.0,0.0,0.09346666666666668,optimal
2021-02-12 23:30:00,90,2,0.0,0.0,0.0,0.19393333333333332,optimal
2021-02-13 00:00:00,90,2,0.0,0.0,0.0,0.057,optimal
2021-02-13 00:30:00,90,2,0.0,0.0,0.0,0.057,optimal
2021-02-13 01:00:00,90,2,1.0763986575393008,0.0,0.0,0.057,optimal
2021-02-13 01:30:00,90,2,1.1428571428571428,0.0,0.0,0.057,optimal
2021-02-13 02:00:00,90,2,1.1428571428571428,0.0,0.0,0.057,optimal
2021-02-13 02:30:00,90,2,1.1428571428571428,0.0,0.0,0.057,optimal
2021-02-13 03:00:00,90,2,1.1428571428571428,0.0,0.0,0.057,optimal
2021-02-13 03:30:00,90,2,1.1428571428571428,0.0,0.0,0.057,optimal
2021-02-13 04:00:00,90,2,1.1428571428571428,0.0,0.0,0.057,optimal
2021-02-13 04:30:00,90,2,1.1428571428571428,0.0,0.0,0.057,optimal
2021-02-13 05:00:00,90,2,1.1428571428571428,0.0,0.0,0.057,optimal
2021-02-13 05:30:00,90,2,1.1428571428571428,0.0,0.0,0.057,optimal
2021-02-13 06:00:00,90,2,1.1428571428571428,4.79925925925926,0.0,0.2583333333333333,optimal
2021-02-13 06:30:00,90,2,1.1428571428571428,0.3096296296296296,1.3854123700993546,0.3015,optimal
2021-02-13 07:00:00,90,2,1.1428571428571428,0.5418518518518518,10.0,0.07683333333333332,optimal
2021-02-13 07:30:00,90,2,1.1428571428571428,2.941481481481482,0.0,1.1642000000000001,optimal
2021-02-13 08:00:00,90,2,0.72910219797094,0.0,0.0,0.266,optimal
2021-02-13 08:30:00,90,2,0.7708679554429553,0.0,0.0,0.09966666666666668,optimal
2021-02-13 09:00:00,90,2,0.6799628742155679,0.23222222222222222,0.0,0.195,optimal
2021-02-13 09:30:00,90,2,0.7501916615756276,0.3096296296296296,0.0,0.109,optimal
2021-02-13 10:00:00,90,2,0.7030627237441041,0.0,0.0,0.067,optimal
2021-02-13 10:30:00,90,2,0.6595903859780218,0.0,0.0,0.06566666666666666,optimal
2021-02-13 11:00:00,90,2,0.5294144660512177,0.0,0.0,0.065,optimal
2021-02-13 11:30:00,90,2,0.8193862834400946,0.0,0.0,0.065,optimal
2021-02-13 12:00:00,90,2,1.1428571428571428,0.0,0.0,0.6176,optimal
2021-02-13 12:30:00,90,2,1.1428571428571428,0.0,0.0,1.3362,optimal
2021-02-13 13:00:00,90,2,1.1428571428571428,0.0,0.0,0.338,optimal
2021-02-13 13:30:00,90,2,1.1428571428571428,0.0,0.0,0.22246666666666667,optimal
2021-02-13 14:00:00,90,2,1.1428571428571428,0.0,0.0,0.42910000000000004,optimal
2021-02-13 14:30:00,90,2,1.1428571428571428,0.0,0.0,0.4245333333333334,optimal
2021-02-13 15:00:00,90,2,1.1428571428571428,0.23222222222222222,0.0,0.2104,optimal
2021-02-13 15:30:00,90,2,1.1428571428571428,0.0,0.0,0.13373333333333332,optimal
2021-02-13 16:00:00,90,2,0.0,0.0,0.0,0.067,optimal
2021-02-13 16:30:00,90,2,0.0,0.0,0.0,0.067,optimal
2021-02-13 17:00:00,90,2,0.0,0.0,0.0,0.067,optimal
2021-02-13 17:30:00,90,2,0.0,0.0,0.0,0.067,optimal
2021-02-13 18:00:00,90,2,0.0,0.0,0.0,0.07,optimal
2021-02-13 18:30:00,90,2,0.0,0.0,0.0,0.073,optimal
2021-02-13 19:00:00,90,2,0.0,0.0,0.0,0.13240000000000002,optimal
2021-02-13 19:30:00,90,2,0.5773042847524689,0.23222222222222222,0.0,0.6243333333333334,optimal
2021-02-13 20:00:00,90,2,0.714810865046542,0.0,0.0,0.251,optimal
2021-02-13 20:30:00,90,2,0.0,0.0,0.0,0.3102,optimal
2021-02-13 21:00:00,90,2,0.0,0.0,0.0,0.2245,optimal
2021-02-13 21:30:00,90,2,0.0,0.3096296296296296,0.0,0.16169999999999998,optimal
2021-02-13 22:00:00,90,2,0.0,0.0,0.0,0.21,optimal
2021-02-13 22:30:00,90,2,0.0,0.0,0.0,0.14533333333333334,optimal
2021-02-13 23:00:00,90,2,0.0,0.0,0.0,0.29933333333333334,optimal
2021-02-13 23:30:00,90,2,0.0,0.1548148148148148,0.0,0.205,optimal
2021-02-07 00:00:00,91,2,0.0,0.0,0.0,0.05866666666666666,optimal
2021-02-07 00:30:00,91,2,0.0,0.0,0.0,0.057,optimal
2021-02-07 01:00:00,91,2,0.0,0.0,0.0,0.057,optimal
2021-02-07 01:30:00,91,2,0.0,0.0,0.0,0.07206666666666667,optimal
2021-02-07 02:00:00,91,2,0.0,0.0,0.0,0.10973333333333332,optimal
2021-02-07 02:30:00,91,2,0.0,0.0,0.0,0.07583333333333332,optimal
2021-02-07 03:00:00,91,2,0.0,0.0,0.0,0.10596666666666668,optimal
2021-02-07 03:30:00,91,2,0.0,0.0,0.0,0.09466666666666669,optimal
2021-02-07 04:00:00,91,2,1.1428571428571428,0.0,0.0,0.08713333333333334,optimal
2021-02-07 04:30:00,91,2,1.1428571428571428,0.0,0.0,0.07583333333333332,optimal
2021-02-07 05:00:00,91,2,1.1428571428571428,0.0,0.0,0.10596666666666668,optimal
2021-02-07 05:30:00,91,2,1.1428571428571428,0.0,0.0,0.057,optimal
2021-02-07 06:00:00,91,2,1.1428571428571428,0.0,0.0,0.12103333333333331,optimal
2021-02-07 06:30:00,91,2,1.1428571428571428,0.3096296296296296,1.4055777348378222,0.0601,optimal
2021-02-07 07:00:00,91,2,1.1428571428571428,0.0,0.0,0.055,optimal
2021-02-07 07:30:00,91,2,0.0,0.0,0.0,0.06333333333333334,optimal
2021-02-07 08:00:00,91,2,0.46828039809141814,0.1548148148148148,0.0,0.10643333333333334,optimal
2021-02-07 08:30:00,91,2,0.6515402547323589,0.0,0.0,0.2675666666666667,optimal
2021-02-07 09:00:00,91,2,0.6438597565255098,0.387037037037037,0.0,0.15866666666666665,optimal
2021-02-07 09:30:00,91,2,0.6551778949499032,0.23222222222222222,0.0,0.14516666666666667,optimal
2021-02-07 10:00:00,91,2,0.4527262897392658,0.0,0.0,2.817466666666667,optimal
2021-02-07 10:30:00,91,2,0.612954774795236,0.0,0.0,0.9913,optimal
2021-02-07 11:00:00,91,2,0.5850461979049502,0.46444444444444444,0.0,0.15,optimal
2021-02-07 11:30:00,91,2,0.5724766740954202,0.0,0.0,0.2134333333333333,optimal
2021-02-07 12:00:00,91,2,0.5085968976897289,0.3096296296296296,0.0,0.2786,optimal
2021-02-07 12:30:00,91,2,0.696551327935639,0.387037037037037,0.0,1.5363,optimal
2021-02-07 13:00:00,91,2,1.1428571428571428,0.0,0.0,0.3021666666666667,optimal
2021-02-07 13:30:00,91,2,1.1428571428571428,0.0,0.0,2.0709,optimal
2021-02-07 14:00:00,91,2,1.1428571428571428,0.0,0.0,0.2028,optimal
2021-02-07 14:30:00,91,2,1.1428571428571428,0.23222222222222222,0.0,3.682433333333333,optimal
2021-02-07 15:00:00,91,2,1.1428571428571428,0.0,0.0,0.13019999999999998,optimal
2021-02-07 15:30:00,91,2,1.1428571428571428,0.3096296296296296,0.0,0.11706666666666667,optimal
2021-02-07 16:00:00,91,2,0.0,0.23222222222222222,0.0,0.08506666666666667,optimal
2021-02-07 16:30:00,91,2,0.0,0.0,0.0,0.22826666666666667,optimal
2021-02-07 17:00:00,91,2,0.0,0.3096296296296296,0.0,0.20646666666666666,optimal
2021-02-07 17:30:00,91,2,0.0,0.0,0.0,1.1385,optimal
2021-02-07 18:00:00,91,2,0.0,0.1548148148148148,0.0,1.1817,optimal
2021-02-07 18:30:00,91,2,0.0,0.387037037037037,0.0,0.2902,optimal
2021-02-07 19:00:00,91,2,0.0,0.387037037037037,0.0,0.28186666666666665,optimal
2021-02-07 19:30:00,91,2,0.491351812862678,0.23222222222222222,0.0,2.2802333333333333,optimal
2021-02-07 20:00:00,91,2,0.5249013366722068,0.0,0.0,0.6927000000000001,optimal
2021-02-07 20:30:00,91,2,0.0,0.0,0.0,2.0690333333333335,optimal
2021-02-07 21:00:00,91,2,0.0,0.0,0.0,0.3095,optimal
2021-02-07 21:30:00,91,2,0.0,2.012592592592592,0.0,0.3802,optimal
2021-02-07 22:00:00,91,2,0.0,0.6192592592592592,0.0,0.7366666666666666,optimal
2021-02-07 22:30:00,91,2,0.0,0.0,0.0,0.3527333333333333,optimal
2021-02-07 23:00:00,91,2,0.0,0.0,0.0,0.33926666666666666,optimal
2021-02-07 23:30:00,91,2,0.0,0.0,0.0,0.067,optimal
2021-02-08 00:00:00,91,2,0.0,0.0,0.0,0.062,optimal
2021-02-08 00:30:00,91,2,0.0,0.0,0.0,0.062,optimal
2021-02-08 01:00:00,91,2,0.0,0.0,0.0,0.062,optimal
2021-02-08 01:30:00,91,2,0.5744171569956399,0.0,0.0,0.166,optimal
2021-02-08 02:00:00,91,2,1.1428571428571428,0.0,0.0,0.101,optimal
2021-02-08 02:30:00,91,2,1.1428571428571428,0.0,0.0,0.062,optimal
2021-02-08 03:00:00,91,2,1.1428571428571428,0.0,0.0,0.1335,optimal
2021-02-08 03:30:00,91,2,1.1428571428571428,0.0,0.0,0.1335,optimal
2021-02-08 04:00:00,91,2,1.1428571428571428,0.0,0.0,0.062,optimal
2021-02-08 04:30:00,91,2,1.1428571428571428,0.0,0.0,0.114,optimal
2021-02-08 05:00:00,91,2,1.1428571428571428,0.0,0.0,0.153,optimal
2021-02-08 05:30:00,91,2,1.1428571428571428,0.0,0.0,0.062,optimal
2021-02-08 06:00:00,91,2,1.1428571428571428,0.7941999999999999,1.5258390884277089,0.06133333333333334,optimal
2021-02-08 06:30:00,91,2,1.1428571428571428,0.0,10.0,0.062,optimal
2021-02-08 07:00:00,91,2,1.1428571428571428,6.40468888888889,10.0,1.2827666666666668,optimal
2021-02-08 07:30:00,91,2,1.1428571428571428,0.0,0.0,1.1401,optimal
2021-02-08 08:00:00,91,2,0.7818388242106621,0.0,0.0,0.1565,optimal
2021-02-08 08:30:00,91,2,0.7935454045047335,0.0,0.0,0.1305,optimal
2021-02-08 09:00:00,91,2,0.7590223722464392,0.0,0.0,0.072,optimal
2021-02-08 09:30:00,91,2,0.7117482160910488,0.0,0.0,0.215,optimal
2021-02-08 10:00:00,91,2,0.6446646054362591,0.0,0.0,0.07133333333333333,optimal
2021-02-08 10:30:00,91,2,0.5996054282583206,0.0,0.0,0.1415,optimal
2021-02-08 11:00:00,91,2,0.5200020288758477,0.0,0.0,0.14216666666666666,optimal
2021-02-08 11:30:00,91,2,0.5544859247722586,0.0,0.0,0.1045,optimal
2021-02-08 12:00:00,91,2,0.4818280739597185,0.0,0.0,0.1818333333333333,optimal
2021-02-08 12:30:00,91,2,0.47435777051443423,0.0774074074074074,0.0,0.07466666666666667,optimal
2021-02-08 13:00:00,91,2,1.1428571428571428,0.23222222222222222,0.0,0.2278,optimal
2021-02-08 13:30:00,91,2,1.1428571428571428,0.0774074074074074,0.0,0.26973333333333327,optimal
2021-02-08 14:00:00,91,2,1.1428571428571428,0.0,0.0,0.37423333333333336,optimal
2021-02-08 14:30:00,91,2,1.1428571428571428,0.23222222222222222,0.0,0.5073,optimal
2021-02-08 15:00:00,91,2,1.1428571428571428,0.1548148148148148,0.0,0.27476666666666666,optimal
2021-02-08 15:30:00,91,2,1.1428571428571428,0.0774074074074074,0.0,0.3670333333333334,optimal
2021-02-08 16:00:00,91,2,0.0,0.1548148148148148,0.0,0.5401,optimal
2021-02-08 16:30:00,91,2,0.0,0.1548148148148148,0.0,0.3605333333333334,optimal
2021-02-08 17:00:00,91,2,0.0,0.6192592592592592,0.0,0.39513333333333334,optimal
2021-02-08 17:30:00,91,2,0.0,0.0,0.0,0.26613333333333333,optimal
2021-02-08 18:00:00,91,2,0.0,0.3096296296296296,0.0,0.4378333333333333,optimal
2021-02-08 18:30:00,91,2,0.0,0.3096296296296296,0.0,0.46053333333333335,optimal
2021-02-08 19:00:00,91,2,0.0,0.23222222222222222,0.0,0.6901,optimal
2021-02-08 19:30:00,91,2,0.0,0.0,0.0,0.37226666666666663,optimal
2021-02-08 20:00:00,91,2,0.45364056466389313,0.0,0.0,0.40903333333333336,optimal
2021-02-08 20:30:00,91,2,0.0,0.1548148148148148,0.0,0.5244666666666667,optimal
2021-02-08 21:00:00,91,2,0.0,0.23222222222222222,0.0,0.6557000000000001,optimal
2021-02-08 21:30:00,91,2,0.0,0.0,0.0,0.5039,optimal
2021-02-08 22:00:00,91,2,0.0,0.0,0.0,0.8246,optimal
2021-02-08 22:30:00,91,2,0.0,0.23222222222222222,0.0,0.432,optimal
2021-02-08 23:00:00,91,2,0.0,0.0,0.0,0.22503333333333334,optimal
2021-02-08 23:30:00,91,2,0.0,0.0,0.0,0.176,optimal
2021-02-09 00:00:00,91,2,0.0,0.0,0.0,0.061,optimal
2021-02-09 00:30:00,91,2,0.0,0.0,0.0,0.10023333333333331,optimal
2021-02-09 01:00:00,91,2,0.0,0.0,0.0,0.08596666666666666,optimal
2021-02-09 01:30:00,91,2,0.7908673784905895,0.0,0.0,0.22836666666666666,optimal
2021-02-09 02:00:00,91,2,1.1428571428571428,0.0,0.0,0.07883333333333332,optimal
2021-02-09 02:30:00,91,2,1.1428571428571428,0.0,0.0,0.1536,optimal
2021-02-09 03:00:00,91,2,1.1428571428571428,0.0,0.0,0.1536,optimal
2021-02-09 03:30:00,91,2,1.1428571428571428,0.0,0.0,0.061,optimal
2021-02-09 04:00:00,91,2,1.1428571428571428,0.0,0.0,1.0463333333333333,optimal
2021-02-09 04:30:00,91,2,1.1428571428571428,0.0,0.0,0.061,optimal
2021-02-09 05:00:00,91,2,1.1428571428571428,0.0,0.0,0.061,optimal
2021-02-09 05:30:00,91,2,1.1428571428571428,0.0,0.0,0.19626666666666667,optimal
2021-02-09 06:00:00,91,2,1.1428571428571428,0.0,2.4947714525617477,0.11093333333333334,optimal
2021-02-09 06:30:00,91,2,1.1428571428571428,0.23222222222222222,10.0,0.13873333333333332,optimal
2021-02-09 07:00:00,91,2,1.1428571428571428,0.387037037037037,0.0,0.33426666666666666,optimal
2021-02-09 07:30:00,91,2,1.1428571428571428,0.5418518518518518,0.0,0.26253333333333334,optimal
2021-02-09 08:00:00,91,2,0.6538170944763464,2.1674074074074072,0.0,0.2143333333333333,optimal
2021-02-09 08:30:00,91,2,0.810638176416198,0.0,0.0,0.1688,optimal
2021-02-09 09:00:00,91,2,0.7494566517777711,0.0,0.0,0.1584,optimal
2021-02-09 09:30:00,91,2,0.7615940537527077,0.0,0.0,0.071,optimal
2021-02-09 10:00:00,91,2,0.6153713168130102,0.0,0.0,0.192,optimal
2021-02-09 10:30:00,91,2,0.6280381994111651,0.0,0.0,0.11023333333333332,optimal
2021-02-09 11:00:00,91,2,0.3419782108866865,0.387037037037037,0.0,2.0481333333333334,optimal
2021-02-09 11:30:00,91,2,0.2628296826444126,0.23222222222222222,0.0,2.9126666666666665,optimal
2021-02-09 12:00:00,91,2,0.3159595657461628,0.387037037037037,0.0,1.1491666666666667,optimal
2021-02-09 12:30:00,91,2,0.29829857017890676,0.3096296296296296,0.0,0.37746666666666656,optimal
2021-02-09 13:00:00,91,2,0.35883707542369353,0.0,0.0,0.25989999999999996,optimal
2021-02-09 13:30:00,91,2,1.1428571428571428,0.23222222222222222,0.0,0.5397000000000001,optimal
2021-02-09 14:00:00,91,2,1.1428571428571428,0.387037037037037,0.0,0.38189999999999996,optimal
2021-02-09 14:30:00,91,2,1.1428571428571428,3.0188888888888883,0.0,0.23263333333333333,optimal
2021-02-09 15:00:00,91,2,1.1428571428571428,0.1548148148148148,0.0,0.2705,optimal
2021-02-09 15:30:00,91,2,1.1428571428571428,0.23222222222222222,0.0,0.4512,optimal
2021-02-09 16:00:00,91,2,0.0,0.5418518518518518,0.0,1.3698333333333332,optimal
2021-02-09 16:30:00,91,2,0.0,0.0774074074074074,0.0,2.9554666666666667,optimal
2021-02-09 17:00:00,91,2,0.0,0.0774074074074074,0.0,1.9978333333333333,optimal
2021-02-09 17:30:00,91,2,0.0,0.0,0.0,0.39316666666666666,optimal
2021-02-09 18:00:00,91,2,0.0,0.774074074074074,0.0,0.3516666666666667,optimal
2021-02-09 18:30:00,91,2,0.0,0.5418518518518518,0.0,0.239,optimal
2021-02-09 19:00:00,91,2,0.0,2.631851851851852,0.0,0.24666666666666662,optimal
2021-02-09 19:30:00,91,2,0.0,0.5418518518518518,0.0,0.35136666666666666,optimal
2021-02-09 20:00:00,91,2,0.0,0.6192592592592592,0.0,0.41986666666666667,optimal
2021-02-09 20:30:00,91,2,0.0,0.3096296296296296,0.0,0.32563333333333333,optimal
2021-02-09 21:00:00,91,2,0.0,0.387037037037037,0.0,0.7471333333333333,optimal
2021-02-09 21:30:00,91,2,0.0,0.0774074074074074,0.0,0.34936666666666666,optimal
2021-02-09 22:00:00,91,2,0.0,0.0,0.0,0.48786666666666667,optimal
2021-02-09 22:30:00,91,2,0.0,0.23222222222222222,0.0,0.5718666666666666,optimal
2021-02-09 23:00:00,91,2,0.0,0.23222222222222222,0.0,0.28996666666666665,optimal
2021-02-09 23:30:00,91,2,0.0,0.0,0.0,0.1612333333333333,optimal
2021-02-10 00:00:00,91,2,0.0,0.0,0.0,0.09156666666666666,optimal
2021-02-10 00:30:00,91,2,0.0,0.0,0.0,0.16543333333333335,optimal
2021-02-10 01:00:00,91,2,0.012660667504480425,0.0,0.0,0.14246666666666666,optimal
2021-02-10 01:30:00,91,2,1.1428571428571428,0.0,0.0,0.15403333333333333,optimal
2021-02-10 02:00:00,91,2,1.1428571428571428,0.0,0.0,0.1844333333333333,optimal
2021-02-10 02:30:00,91,2,1.1428571428571428,0.0,0.0,0.061,optimal
2021-02-10 03:00:00,91,2,1.1428571428571428,0.0,0.0,0.14586666666666667,optimal
2021-02-10 03:30:00,91,2,1.1428571428571428,0.0,0.0,0.21006666666666662,optimal
2021-02-10 04:00:00,91,2,1.1428571428571428,0.0,0.0,0.12213333333333334,optimal
2021-02-10 04:30:00,91,2,1.1428571428571428,0.0,0.0,0.15043333333333334,optimal
2021-02-10 05:00:00,91,2,1.1428571428571428,0.0,0.0,0.18803333333333333,optimal
2021-02-10 05:30:00,91,2,1.1428571428571428,0.0,0.0,0.061,optimal
2021-02-10 06:00:00,91,2,1.1428571428571428,0.0,0.0,0.10903333333333332,optimal
2021-02-10 06:30:00,91,2,1.1428571428571428,0.0,0.0,0.2324333333333333,optimal
2021-02-10 07:00:00,91,2,1.1428571428571428,0.0,6.4005092981935565,0.12376666666666668,optimal
2021-02-10 07:30:00,91,2,1.1428571428571428,0.0,0.0,0.2088333333333333,optimal
2021-02-10 08:00:00,91,2,0.7364569186396793,1.006296296296296,0.0,0.2518,optimal
2021-02-10 08:30:00,91,2,0.8298723294801176,0.0,0.0,0.1396,optimal
2021-02-10 09:00:00,91,2,0.7471471040455139,0.0,0.0,0.1738,optimal
2021-02-10 09:30:00,91,2,0.7636577529811839,0.0,0.0,0.08906666666666667,optimal
2021-02-10 10:00:00,91,2,0.6578948255565075,0.0,0.0,0.06666666666666667,optimal
2021-02-10 10:30:00,91,2,0.61648733606779,0.0,0.0,0.18346666666666667,optimal
2021-02-10 11:00:00,91,2,0.5460337312133696,0.0,0.0,0.155,optimal
2021-02-10 11:30:00,91,2,0.5686128652050176,0.0,0.0,0.061,optimal
2021-02-10 12:00:00,91,2,0.43167863106106946,0.0,0.0,0.19886666666666666,optimal
2021-02-10 12:30:00,91,2,0.4710691072515539,0.0,0.0,0.061,optimal
2021-02-10 13:00:00,91,2,1.1428571428571428,0.0,0.0,0.232,optimal
2021-02-10 13:30:00,91,2,1.1428571428571428,0.0774074074074074,0.0,0.291,optimal
2021-02-10 14:00:00,91,2,1.1428571428571428,0.1548148148148148,0.0,0.6544,optimal
2021-02-10 14:30:00,91,2,1.1428571428571428,0.0,0.0,1.3177333333333332,optimal
2021-02-10 15:00:00,91,2,1.1428571428571428,0.0,0.0,0.06733333333333333,optimal
2021-02-10 15:30:00,91,2,1.1428571428571428,0.0,0.0,0.1268,optimal
2021-02-10 16:00:00,91,2,0.0,0.0,0.0,1.2891333333333335,optimal
2021-02-10 16:30:00,91,2,0.0,0.387037037037037,0.0,0.8623999999999999,optimal
2021-02-10 17:00:00,91,2,0.0,0.0,0.0,0.5448666666666667,optimal
2021-02-10 17:30:00,91,2,0.0,0.0,0.0,0.6234333333333333,optimal
2021-02-10 18:00:00,91,2,0.0,0.23222222222222222,0.0,1.5032,optimal
2021-02-10 18:30:00,91,2,0.0,0.0,0.0,0.4762,optimal
2021-02-10 19:00:00,91,2,0.0,0.0,0.0,0.2946666666666667,optimal
2021-02-10 19:30:00,91,2,0.027931214021677534,0.0774074074074074,0.0,0.43810000000000004,optimal
2021-02-10 20:00:00,91,2,0.5164448916430345,0.3096296296296296,0.0,0.5989,optimal
2021-02-10 20:30:00,91,2,0.0,0.0,0.0,0.26526666666666665,optimal
2021-02-10 21:00:00,91,2,0.0,0.0774074074074074,0.0,0.34536666666666666,optimal
2021-02-10 21:30:00,91,2,0.0,0.0,0.0,0.2821666666666667,optimal
2021-02-10 22:00:00,91,2,0.0,0.1548148148148148,0.0,0.37803333333333333,optimal
2021-02-10 22:30:00,91,2,0.0,0.0,0.0,0.45816666666666667,optimal
2021-02-10 23:00:00,91,2,0.0,0.0,0.0,0.071,optimal
2021-02-10 23:30:00,91,2,0.0,0.0,0.0,0.13993333333333333,optimal
2021-02-11 00:00:00,91,2,1.1428571428571428,0.0,0.0,0.06066666666666666,optimal
2021-02-11 00:30:00,91,2,1.1428571428571428,0.0,0.0,0.117,optimal
2021-02-11 01:00:00,91,2,1.1428571428571428,0.0,0.0,0.0682,optimal
2021-02-11 01:30:00,91,2,1.1428571428571428,0.0,0.0,0.056,optimal
2021-02-11 02:00:00,91,2,1.1428571428571428,0.0,0.0,0.056,optimal
2021-02-11 02:30:00,91,2,1.1428571428571428,0.0,0.0,0.09666666666666669,optimal
2021-02-11 03:00:00,91,2,1.1428571428571428,0.0,0.0,0.08853333333333332,optimal
2021-02-11 03:30:00,91,2,1.1428571428571428,0.0,0.0,0.056,optimal
2021-02-11 04:00:00,91,2,1.1428571428571428,0.0,0.0,0.056,optimal
2021-02-11 04:30:00,91,2,1.1428571428571428,0.0,0.0,0.12919999999999998,optimal
2021-02-11 05:00:00,91,2,1.1428571428571428,0.0,0.0,0.056,optimal
2021-02-11 05:30:00,91,2,1.1428571428571428,0.0,0.0,0.056,optimal
2021-02-11 06:00:00,91,2,1.1428571428571428,0.0,5.844299503813129,0.10606666666666666,optimal
2021-02-11 06:30:00,91,2,1.1428571428571428,0.0,10.0,0.09446666666666668,optimal
2021-02-11 07:00:00,91,2,1.1428571428571428,0.0,10.0,0.13040000000000002,optimal
2021-02-11 07:30:00,91,2,1.1428571428571428,1.882242240022238,0.0,0.0688,optimal
2021-02-11 08:00:00,91,2,0.899078217984348,0.0,0.0,0.06133333333333334,optimal
2021-02-11 08:30:00,91,2,0.8845809455683089,0.0,0.0,0.1392,optimal
2021-02-11 09:00:00,91,2,0.7651693256654528,0.1548148148148148,0.0,0.07726666666666666,optimal
2021-02-11 09:30:00,91,2,0.5836259889085059,0.3096296296296296,0.0,1.4656333333333333,optimal
2021-02-11 10:00:00,91,2,0.5280822664411428,0.387037037037037,0.0,0.3727,optimal
2021-02-11 10:30:00,91,2,0.5735103196341381,0.0,0.0,0.16866666666666666,optimal
2021-02-11 11:00:00,91,2,0.504766466033658,0.3096296296296296,0.0,0.22346666666666667,optimal
2021-02-11 11:30:00,91,2,0.49226425668525886,0.3096296296296296,0.0,0.2139,optimal
2021-02-11 12:00:00,91,2,0.3499734141357536,0.1548148148148148,0.0,0.16533333333333333,optimal
2021-02-11 12:30:00,91,2,0.3297990698460413,0.0,0.0,0.4366666666666667,optimal
2021-02-11 13:00:00,91,2,1.1428571428571428,0.0,0.0,0.12919999999999998,optimal
2021-02-11 13:30:00,91,2,1.1428571428571428,0.0,0.0,0.056,optimal
2021-02-11 14:00:00,91,2,1.1428571428571428,0.0,0.0,0.7107666666666667,optimal
2021-02-11 14:30:00,91,2,1.1428571428571428,0.0,0.0,0.4849,optimal
2021-02-11 15:00:00,91,2,1.1428571428571428,0.774074074074074,0.0,1.448,optimal
2021-02-11 15:30:00,91,2,1.1428571428571428,0.8514814814814814,0.0,0.30410000000000004,optimal
2021-02-11 16:00:00,91,2,0.0,0.5418518518518518,0.0,0.4427,optimal
2021-02-11 16:30:00,91,2,0.0,0.0,0.0,0.438,optimal
2021-02-11 17:00:00,91,2,0.0,0.1548148148148148,0.0,0.28683333333333333,optimal
2021-02-11 17:30:00,91,2,0.0,0.23222222222222222,0.0,0.21106666666666662,optimal
2021-02-11 18:00:00,91,2,0.0,0.0,0.0,0.21159999999999998,optimal
2021-02-11 18:30:00,91,2,0.0,0.0,0.0,0.2439333333333333,optimal
2021-02-11 19:00:00,91,2,0.0,0.0,0.0,0.34986666666666666,optimal
2021-02-11 19:30:00,91,2,0.8151471533073411,0.0,0.0,0.27516666666666667,optimal
2021-02-11 20:00:00,91,2,0.8671426528027707,0.23222222222222222,0.0,0.28863333333333335,optimal
2021-02-11 20:30:00,91,2,0.0,0.0,0.0,0.6589333333333333,optimal
2021-02-11 21:00:00,91,2,0.0,0.1548148148148148,0.0,0.2475,optimal
2021-02-11 21:30:00,91,2,0.0,0.0774074074074074,0.0,0.3749333333333333,optimal
2021-02-11 22:00:00,91,2,0.0,0.0,0.0,0.23126666666666668,optimal
2021-02-11 22:30:00,91,2,0.0,0.0,0.0,0.2184333333333333,optimal
2021-02-11 23:00:00,91,2,0.0,0.23222222222222222,0.0,0.16826666666666668,optimal
2021-02-11 23:30:00,91,2,0.0,0.0,0.0,0.10333333333333332,optimal
2021-02-12 00:00:00,91,2,1.1428571428571428,0.0,0.0,0.063,optimal
2021-02-12 00:30:00,91,2,1.1428571428571428,0.0,0.0,0.063,optimal
2021-02-12 01:00:00,91,2,1.1428571428571428,0.0,0.0,0.23666666666666664,optimal
2021-02-12 01:30:00,91,2,1.1428571428571428,0.0,0.0,0.1402,optimal
2021-02-12 02:00:00,91,2,1.1428571428571428,0.0,0.0,0.063,optimal
2021-02-12 02:30:00,91,2,1.1428571428571428,0.0,0.0,0.3138666666666667,optimal
2021-02-12 03:00:00,91,2,1.1428571428571428,0.0,0.0,0.063,optimal
2021-02-12 03:30:00,91,2,1.1428571428571428,0.0,0.0,0.2931333333333333,optimal
2021-02-12 04:00:00,91,2,1.1428571428571428,0.0,0.0,0.09373333333333332,optimal
2021-02-12 04:30:00,91,2,1.1428571428571428,0.0,0.0,0.1402,optimal
2021-02-12 05:00:00,91,2,1.1428571428571428,0.0,0.0,0.24166666666666664,optimal
2021-02-12 05:30:00,91,2,1.1428571428571428,0.0,0.0,0.09373333333333332,optimal
2021-02-12 06:00:00,91,2,1.1428571428571428,0.387037037037037,0.0,0.24786666666666668,optimal
2021-02-12 06:30:00,91,2,1.1428571428571428,0.46444444444444444,5.301582478299766,0.10426666666666667,optimal
2021-02-12 07:00:00,91,2,1.1428571428571428,0.9288888888888889,0.0,0.1765,optimal
2021-02-12 07:30:00,91,2,1.1428571428571428,5.597888001738534,0.0,0.21636666666666668,optimal
2021-02-12 08:00:00,91,2,0.9866809910370158,0.0,0.0,0.10516666666666669,optimal
2021-02-12 08:30:00,91,2,0.9731798659108696,0.0,0.0,0.18236666666666668,optimal
2021-02-12 09:00:00,91,2,0.9029136433413354,0.0,0.0,0.1823333333333333,optimal
2021-02-12 09:30:00,91,2,0.8290069721098597,0.0,0.0,0.11159999999999999,optimal
2021-02-12 10:00:00,91,2,0.5813918912715696,0.0,0.0,0.2524666666666667,optimal
2021-02-12 10:30:00,91,2,0.606184617714331,0.0,0.0,0.10579999999999999,optimal
2021-02-12 11:00:00,91,2,0.4469005058051325,0.0,0.0,0.2692,optimal
2021-02-12 11:30:00,91,2,0.48519959661047685,0.0,0.0,0.12766666666666668,optimal
2021-02-12 12:00:00,91,2,0.4490926877632582,0.0,0.0,0.1222,optimal
2021-02-12 12:30:00,91,2,0.4033917785686026,0.0,0.0,0.27466666666666667,optimal
2021-02-12 13:00:00,91,2,1.1428571428571428,0.46444444444444444,0.0,0.09506666666666666,optimal
2021-02-12 13:30:00,91,2,1.1428571428571428,0.0,0.0,0.28633333333333333,optimal
2021-02-12 14:00:00,91,2,1.1428571428571428,0.0,0.0,0.4274,optimal
2021-02-12 14:30:00,91,2,1.1428571428571428,0.0,0.0,0.47,optimal
2021-02-12 15:00:00,91,2,1.1428571428571428,0.0,0.0,0.4710666666666667,optimal
2021-02-12 15:30:00,91,2,1.1428571428571428,0.0,0.0,0.3058,optimal
2021-02-12 16:00:00,91,2,0.0,0.0,0.0,0.3373333333333333,optimal
2021-02-12 16:30:00,91,2,0.0,0.6966666666666667,0.0,0.42519999999999997,optimal
2021-02-12 17:00:00,91,2,0.0,0.0,0.0,0.4506,optimal
2021-02-12 17:30:00,91,2,0.0,0.0,0.0,0.3158,optimal
2021-02-12 18:00:00,91,2,0.0,0.5418518518518518,0.0,0.5777666666666667,optimal
2021-02-12 18:30:00,91,2,0.0,0.3096296296296296,0.0,0.8923,optimal
2021-02-12 19:00:00,91,2,0.0,0.3096296296296296,0.0,0.3899666666666666,optimal
2021-02-12 19:30:00,91,2,0.0,0.0,0.0,0.3155,optimal
2021-02-12 20:00:00,91,2,0.45356620470225323,0.387037037037037,0.0,0.47343333333333326,optimal
2021-02-12 20:30:00,91,2,0.0,0.0,0.0,0.4666666666666667,optimal
2021-02-12 21:00:00,91,2,0.0,0.7167925925925925,0.0,0.5005333333333334,optimal
2021-02-12 21:30:00,91,2,0.0,0.9087629629629632,0.0,0.177,optimal
2021-02-12 22:00:00,91,2,0.0,0.0,0.0,0.26596666666666663,optimal
2021-02-12 22:30:00,91,2,0.0,0.0,0.0,0.13090000000000002,optimal
2021-02-12 23:00:00,91,2,0.0,0.0,0.0,0.073,optimal
2021-02-12 23:30:00,91,2,0.0,0.0,0.0,0.22756666666666664,optimal
2021-02-13 00:00:00,91,2,0.0,0.3096296296296296,0.0,0.06853333333333333,optimal
2021-02-13 00:30:00,91,2,0.6041823024632039,0.0,0.0,0.06666666666666667,optimal
2021-02-13 01:00:00,91,2,1.1428571428571428,0.0,0.0,0.058,optimal
2021-02-13 01:30:00,91,2,1.1428571428571428,0.0,0.0,0.058,optimal
2021-02-13 02:00:00,91,2,1.1428571428571428,0.0,0.0,0.0824,optimal
2021-02-13 02:30:00,91,2,1.1428571428571428,0.0,0.0,0.10679999999999999,optimal
2021-02-13 03:00:00,91,2,1.1428571428571428,0.0,0.0,0.058,optimal
2021-02-13 03:30:00,91,2,1.1428571428571428,0.0,0.0,0.13119999999999998,optimal
2021-02-13 04:00:00,91,2,1.1428571428571428,0.0,0.0,0.058,optimal
2021-02-13 04:30:00,91,2,1.1428571428571428,0.0,0.0,0.058,optimal
2021-02-13 05:00:00,91,2,1.1428571428571428,0.0,0.0,0.06206666666666667,optimal
2021-02-13 05:30:00,91,2,1.1428571428571428,0.0,0.0,0.12713333333333335,optimal
2021-02-13 06:00:00,91,2,1.1428571428571428,0.0,0.0,0.0824,optimal
2021-02-13 06:30:00,91,2,1.1428571428571428,0.6966666666666667,2.2642092320005025,0.1328,optimal
2021-02-13 07:00:00,91,2,1.1428571428571428,0.3096296296296296,10.0,0.07773333333333333,optimal
2021-02-13 07:30:00,91,2,1.1428571428571428,0.6966666666666667,0.0,0.15046666666666667,optimal
2021-02-13 08:00:00,91,2,0.7708736265423723,0.6192592592592592,0.0,0.082,optimal
2021-02-13 08:30:00,91,2,0.8419155744905776,0.0,0.0,0.06733333333333333,optimal
2021-02-13 09:00:00,91,2,0.8230581123108038,0.0,0.0,0.08020000000000001,optimal
2021-02-13 09:30:00,91,2,0.7984202330042002,0.0,0.0,0.129,optimal
2021-02-13 10:00:00,91,2,0.7030055808869651,0.0,0.0,0.068,optimal
2021-02-13 10:30:00,91,2,0.6915713383589748,0.0,0.0,0.10053333333333332,optimal
2021-02-13 11:00:00,91,2,0.5671954184321777,0.0,0.0,0.10866666666666669,optimal
2021-02-13 11:30:00,91,2,0.5650564139994229,0.0,0.0,0.10866666666666669,optimal
2021-02-13 12:00:00,91,2,0.47476868385392657,0.0774074074074074,0.0,0.09853333333333332,optimal
2021-02-13 12:30:00,91,2,0.47245257975033794,0.23222222222222222,0.0,0.09033333333333332,optimal
2021-02-13 13:00:00,91,2,1.1428571428571428,0.8514814814814814,0.0,0.1562666666666667,optimal
2021-02-13 13:30:00,91,2,1.1428571428571428,0.1548148148148148,0.0,0.1756,optimal
2021-02-13 14:00:00,91,2,1.1428571428571428,0.0,0.0,0.21346666666666667,optimal
2021-02-13 14:30:00,91,2,1.1428571428571428,0.1548148148148148,0.0,0.23366666666666663,optimal
2021-02-13 15:00:00,91,2,1.1428571428571428,0.23222222222222222,0.0,0.4023333333333333,optimal
2021-02-13 15:30:00,91,2,1.1428571428571428,0.0774074074074074,0.0,0.2376,optimal
2021-02-13 16:00:00,91,2,0.0,0.1548148148148148,0.0,1.8436,optimal
2021-02-13 16:30:00,91,2,0.0,0.0,0.0,0.42673333333333335,optimal
2021-02-13 17:00:00,91,2,0.0,0.0,0.0,1.0585333333333333,optimal
2021-02-13 17:30:00,91,2,0.0,0.0,0.0,0.7053333333333334,optimal
2021-02-13 18:00:00,91,2,0.0,0.5418518518518518,0.0,0.2058,optimal
2021-02-13 18:30:00,91,2,0.0,0.1548148148148148,0.0,0.37689999999999996,optimal
2021-02-13 19:00:00,91,2,0.0,2.2448148148148146,0.0,0.2428333333333333,optimal
2021-02-13 19:30:00,91,2,0.32399515401800083,0.0774074074074074,0.0,0.4049,optimal
2021-02-13 20:00:00,91,2,0.5293061031417827,0.0,0.0,0.3848666666666667,optimal
2021-02-13 20:30:00,91,2,0.0,0.0774074074074074,0.0,0.5894333333333333,optimal
2021-02-13 21:00:00,91,2,0.0,0.387037037037037,0.0,0.4291666666666667,optimal
2021-02-13 21:30:00,91,2,0.0,0.0,0.0,0.5059333333333332,optimal
2021-02-13 22:00:00,91,2,0.0,0.0774074074074074,0.0,0.5772333333333334,optimal
2021-02-13 22:30:00,91,2,0.0,0.0,0.0,0.3098666666666667,optimal
2021-02-13 23:00:00,91,2,0.0,0.0,0.0,0.24153333333333332,optimal
2021-02-13 23:30:00,91,2,0.0,0.0,0.0,0.068,optimal
2021-02-07 00:00:00,92,2,0.0,0.0,0.0,0.052,optimal
2021-02-07 00:30:00,92,2,0.0,0.0,0.0,0.052,optimal
2021-02-07 01:00:00,92,2,0.0,0.0,0.0,0.1087,optimal
2021-02-07 01:30:00,92,2,0.0,0.0,0.0,0.13390000000000002,optimal
2021-02-07 02:00:00,92,2,0.0,0.0,0.0,0.052,optimal
2021-02-07 02:30:00,92,2,0.0,0.0,0.0,0.052,optimal
2021-02-07 03:00:00,92,2,0.0,0.0,0.0,0.052,optimal
2021-02-07 03:30:00,92,2,0.0,0.0,0.0,0.1906,optimal
2021-02-07 04:00:00,92,2,1.1428571428571428,0.0,0.0,0.052,optimal
2021-02-07 04:30:00,92,2,1.1428571428571428,0.0,0.0,0.1024,optimal
2021-02-07 05:00:00,92,2,1.1428571428571428,0.0,0.0,0.1402,optimal
2021-02-07 05:30:00,92,2,1.1428571428571428,0.0,0.0,0.054,optimal
2021-02-07 06:00:00,92,2,1.1428571428571428,0.0,0.0,0.19793333333333332,optimal
2021-02-07 06:30:00,92,2,1.1428571428571428,0.0,0.0,0.052,optimal
2021-02-07 07:00:00,92,2,1.1428571428571428,0.0,1.7076336144509696,0.052,optimal
2021-02-07 07:30:00,92,2,0.0,0.0,0.0,0.1906,optimal
2021-02-07 08:00:00,92,2,0.3980532611157728,5.341111111111111,0.0,0.25516666666666665,optimal
2021-02-07 08:30:00,92,2,0.7363402547323633,0.0,0.0,0.06933333333333333,optimal
2021-02-07 09:00:00,92,2,0.7203835660493122,0.0,0.0,0.1502,optimal
2021-02-07 09:30:00,92,2,0.7290445616165665,0.0,0.0,0.1124,optimal
2021-02-07 10:00:00,92,2,0.6847139087868772,0.0,0.0,0.1124,optimal
2021-02-07 10:30:00,92,2,0.6781919176523777,0.0,0.0,0.1502,optimal
2021-02-07 11:00:00,92,2,1.124841864311141,0.0,0.0,0.062,optimal
2021-02-07 11:30:00,92,2,1.1428571428571428,0.0,0.0,0.2006,optimal
2021-02-07 12:00:00,92,2,1.1428571428571428,0.0,0.0,0.062,optimal
2021-02-07 12:30:00,92,2,1.1428571428571428,0.0,0.0,0.062,optimal
2021-02-07 13:00:00,92,2,1.1428571428571428,0.0,0.0,0.062,optimal
2021-02-07 13:30:00,92,2,1.1428571428571428,0.0,0.0,0.1628,optimal
2021-02-07 14:00:00,92,2,1.1428571428571428,0.0,0.0,0.0998,optimal
2021-02-07 14:30:00,92,2,1.1428571428571428,0.0,0.0,0.0809,optimal
2021-02-07 15:00:00,92,2,1.1428571428571428,0.0,0.0,0.1817,optimal
2021-02-07 15:30:00,92,2,1.1428571428571428,0.0,0.0,0.062,optimal
2021-02-07 16:00:00,92,2,0.0,0.0,0.0,0.2006,optimal
2021-02-07 16:30:00,92,2,0.0,0.0,0.0,0.062,optimal
2021-02-07 17:00:00,92,2,0.0,0.0,0.0,0.188,optimal
2021-02-07 17:30:00,92,2,0.0,0.0,0.0,0.0746,optimal
2021-02-07 18:00:00,92,2,0.0,0.23222222222222222,0.0,0.1679,optimal
2021-02-07 18:30:00,92,2,0.0,0.0,0.0,0.24303333333333332,optimal
2021-02-07 19:00:00,92,2,0.0,0.0,0.0,0.19506666666666664,optimal
2021-02-07 19:30:00,92,2,0.5333508604817313,0.0,0.0,1.1054333333333335,optimal
2021-02-07 20:00:00,92,2,0.4973803842912526,0.23222222222222222,0.0,0.3519,optimal
2021-02-07 20:30:00,92,2,0.0,0.0,0.0,0.1602333333333333,optimal
2021-02-07 21:00:00,92,2,0.0,1.7803703703703702,0.0,0.32739999999999997,optimal
2021-02-07 21:30:00,92,2,0.0,0.387037037037037,0.0,0.6016,optimal
2021-02-07 22:00:00,92,2,0.0,0.0,0.0,0.20656666666666662,optimal
2021-02-07 22:30:00,92,2,0.0,0.6192592592592592,0.0,0.4668,optimal
2021-02-07 23:00:00,92,2,0.0,0.0,0.0,0.3439,optimal
2021-02-07 23:30:00,92,2,0.0,0.0,0.0,0.0998,optimal
2021-02-08 00:00:00,92,2,0.0,0.0,0.0,0.058,optimal
2021-02-08 00:30:00,92,2,0.0,0.0,0.0,0.2393,optimal
2021-02-08 01:00:00,92,2,0.0,0.0,0.0,0.0755,optimal
2021-02-08 01:30:00,92,2,0.8028025980243083,0.0,0.0,0.08133333333333333,optimal
2021-02-08 02:00:00,92,2,1.1428571428571428,0.0,0.0,0.18653333333333333,optimal
2021-02-08 02:30:00,92,2,1.1428571428571428,0.0,0.0,0.10493333333333334,optimal
2021-02-08 03:00:00,92,2,1.1428571428571428,0.0,0.0,0.058,optimal
2021-02-08 03:30:00,92,2,1.1428571428571428,0.0,0.0,0.14013333333333333,optimal
2021-02-08 04:00:00,92,2,1.1428571428571428,0.0,0.0,0.17466666666666666,optimal
2021-02-08 04:30:00,92,2,1.1428571428571428,0.0,0.0,0.06386666666666667,optimal
2021-02-08 05:00:00,92,2,1.1428571428571428,0.0,0.0,0.1867666666666667,optimal
2021-02-08 05:30:00,92,2,1.1428571428571428,0.0,0.0,0.12216666666666669,optimal
2021-02-08 06:00:00,92,2,1.1428571428571428,0.0,0.0,0.14013333333333333,optimal
2021-02-08 06:30:00,92,2,1.1428571428571428,0.0,0.0,0.17466666666666666,optimal
2021-02-08 07:00:00,92,2,1.1428571428571428,0.0,8.915493107771317,0.058333333333333334,optimal
2021-02-08 07:30:00,92,2,1.1428571428571428,0.0,0.0,0.07186666666666666,optimal
2021-02-08 08:00:00,92,2,0.7377626337344633,0.0,0.0,0.13426666666666667,optimal
2021-02-08 08:30:00,92,2,0.7371644521237756,0.0,0.0,0.15133333333333335,optimal
2021-02-08 09:00:00,92,2,0.6653747531988193,0.6966666666666667,0.0,0.07933333333333333,optimal
2021-02-08 09:30:00,92,2,0.625043454186286,0.6966666666666667,0.0,0.17896666666666666,optimal
2021-02-08 10:00:00,92,2,0.5462836530553132,0.0,0.0,0.13183333333333333,optimal
2021-02-08 10:30:00,92,2,0.4053578092107086,0.0,0.0,0.7735333333333333,optimal
2021-02-08 11:00:00,92,2,0.4208591717329937,0.1548148148148148,0.0,0.4043333333333333,optimal
2021-02-08 11:30:00,92,2,0.6837391719277918,0.0,0.0,0.2543333333333333,optimal
2021-02-08 12:00:00,92,2,1.1428571428571428,0.1548148148148148,0.0,0.3158,optimal
2021-02-08 12:30:00,92,2,1.1428571428571428,0.1548148148148148,0.0,1.2560666666666667,optimal
2021-02-08 13:00:00,92,2,1.1428571428571428,0.0774074074074074,0.0,0.9087333333333333,optimal
2021-02-08 13:30:00,92,2,1.1428571428571428,0.23222222222222222,0.0,0.399,optimal
2021-02-08 14:00:00,92,2,1.1428571428571428,0.0,0.0,0.14013333333333333,optimal
2021-02-08 14:30:00,92,2,1.1428571428571428,0.0,0.0,0.058,optimal
2021-02-08 15:00:00,92,2,1.1428571428571428,0.0,0.0,0.17466666666666666,optimal
2021-02-08 15:30:00,92,2,1.1428571428571428,0.0,0.0,0.14013333333333333,optimal
2021-02-08 16:00:00,92,2,0.0,0.0,0.0,0.0755,optimal
2021-02-08 16:30:00,92,2,0.0,0.0,0.0,0.1982333333333333,optimal
2021-02-08 17:00:00,92,2,0.0,0.0,0.0,0.09906666666666666,optimal
2021-02-08 17:30:00,92,2,0.0,0.0,0.0,0.12216666666666669,optimal
2021-02-08 18:00:00,92,2,0.0,0.0,0.0,0.1695,optimal
2021-02-08 18:30:00,92,2,0.0,0.0,0.0,0.09146666666666668,optimal
2021-02-08 19:00:00,92,2,0.0,0.0,0.0,0.167,optimal
2021-02-08 19:30:00,92,2,0.7968364474909566,0.0,0.0,0.15313333333333332,optimal
2021-02-08 20:00:00,92,2,0.8100534607892069,0.0,0.0,0.138,optimal
2021-02-08 20:30:00,92,2,0.0,0.0,0.0,0.11466666666666668,optimal
2021-02-08 21:00:00,92,2,0.0,0.0,0.0,0.1501333333333333,optimal
2021-02-08 21:30:00,92,2,0.0,0.0,0.0,0.173,optimal
2021-02-08 22:00:00,92,2,0.0,0.0,0.0,0.07966666666666668,optimal
2021-02-08 22:30:00,92,2,0.0,0.0,0.0,0.13243333333333335,optimal
2021-02-08 23:00:00,92,2,0.0,0.3096296296296296,0.0,0.3535,optimal
2021-02-08 23:30:00,92,2,0.0,0.0,0.0,0.2149,optimal
2021-02-09 00:00:00,92,2,0.0,0.0,0.0,0.057,optimal
2021-02-09 00:30:00,92,2,0.2751631590966644,0.0,0.0,0.057,optimal
2021-02-09 01:00:00,92,2,1.1428571428571428,0.0,0.0,0.057,optimal
2021-02-09 01:30:00,92,2,1.1428571428571428,0.0,0.0,0.07740000000000001,optimal
2021-02-09 02:00:00,92,2,1.1428571428571428,0.0,0.0,0.1386,optimal
2021-02-09 02:30:00,92,2,1.1428571428571428,0.0,0.0,0.057,optimal
2021-02-09 03:00:00,92,2,1.1428571428571428,0.0,0.0,0.12329999999999999,optimal
2021-02-09 03:30:00,92,2,1.1428571428571428,0.0,0.0,0.0927,optimal
2021-02-09 04:00:00,92,2,1.1428571428571428,0.0,0.0,0.06666666666666667,optimal
2021-02-09 04:30:00,92,2,1.1428571428571428,0.0,0.0,0.067,optimal
2021-02-09 05:00:00,92,2,1.1428571428571428,0.0,0.0,0.14859999999999998,optimal
2021-02-09 05:30:00,92,2,1.1428571428571428,2.150377777777778,0.0,0.2867333333333333,optimal
2021-02-09 06:00:00,92,2,1.1428571428571428,3.345548148148148,2.133371999794035,0.064,optimal
2021-02-09 06:30:00,92,2,1.1428571428571428,0.387037037037037,10.0,0.167,optimal
2021-02-09 07:00:00,92,2,1.1428571428571428,0.387037037037037,10.0,0.065,optimal
2021-02-09 07:30:00,92,2,1.1428571428571428,2.2448148148148146,0.0,0.15680000000000002,optimal
2021-02-09 08:00:00,92,2,0.7082932849525341,1.1611111111111108,0.0,0.9494666666666668,optimal
2021-02-09 08:30:00,92,2,0.7559238907019035,2.3222222222222215,0.0,0.14633333333333334,optimal
2021-02-09 09:00:00,92,2,0.7504376041587317,0.0,0.0,0.10666666666666669,optimal
2021-02-09 09:30:00,92,2,0.5073559585146076,0.23222222222222222,0.0,1.34,optimal
2021-02-09 10:00:00,92,2,0.5319332215749082,0.1548148148148148,0.0,0.08506666666666667,optimal
2021-02-09 10:30:00,92,2,0.548809627982588,0.0,0.0,0.17256666666666667,optimal
2021-02-09 11:00:00,92,2,0.5362829727914494,0.0,0.0,0.0721,optimal
2021-02-09 11:30:00,92,2,0.5356011112158446,0.0,0.0,0.067,optimal
2021-02-09 12:00:00,92,2,0.40059766098425387,0.5418518518518518,0.0,0.1463,optimal
2021-02-09 12:30:00,92,2,0.41528904636938974,0.0,0.0,0.1157,optimal
2021-02-09 13:00:00,92,2,1.1428571428571428,0.0,0.0,0.0845,optimal
2021-02-09 13:30:00,92,2,1.1428571428571428,0.0,0.0,0.201,optimal
2021-02-09 14:00:00,92,2,1.1428571428571428,0.0,0.0,0.10573333333333332,optimal
2021-02-09 14:30:00,92,2,1.1428571428571428,0.0,0.0,0.131,optimal
2021-02-09 15:00:00,92,2,1.1428571428571428,0.0,0.0,0.22126666666666667,optimal
2021-02-09 15:30:00,92,2,1.1428571428571428,0.774074074074074,0.0,0.2319,optimal
2021-02-09 16:00:00,92,2,0.0,0.5418518518518518,0.0,0.24209999999999998,optimal
2021-02-09 16:30:00,92,2,0.0,0.0,0.0,0.1181,optimal
2021-02-09 17:00:00,92,2,0.0,0.0,0.0,0.1129,optimal
2021-02-09 17:30:00,92,2,0.0,0.23222222222222222,0.0,0.1651,optimal
2021-02-09 18:00:00,92,2,0.0,0.0,0.0,0.19433333333333327,optimal
2021-02-09 18:30:00,92,2,0.0,0.0,0.0,0.6119333333333333,optimal
2021-02-09 19:00:00,92,2,0.0,0.0,0.0,3.1991,optimal
2021-02-09 19:30:00,92,2,0.39859227690537335,0.0,0.0,0.8108,optimal
2021-02-09 20:00:00,92,2,0.7501605593188523,0.0,0.0,0.1648,optimal
2021-02-09 20:30:00,92,2,0.0,0.0,0.0,0.247,optimal
2021-02-09 21:00:00,92,2,0.0,0.0,0.0,0.1885,optimal
2021-02-09 21:30:00,92,2,0.0,0.0,0.0,0.0925,optimal
2021-02-09 22:00:00,92,2,0.0,0.0,0.0,0.1435,optimal
2021-02-09 22:30:00,92,2,0.0,0.0,0.0,0.067,optimal
2021-02-09 23:00:00,92,2,0.0,0.0,0.0,0.067,optimal
2021-02-09 23:30:00,92,2,0.0,0.0,0.0,0.065,optimal
2021-02-10 00:00:00,92,2,0.0,0.0,0.0,0.061,optimal
2021-02-10 00:30:00,92,2,0.0,0.0,0.0,0.16506666666666667,optimal
2021-02-10 01:00:00,92,2,1.0733198792711278,0.0,0.0,0.2506,optimal
2021-02-10 01:30:00,92,2,1.1428571428571428,0.0,0.0,0.2495,optimal
2021-02-10 02:00:00,92,2,1.1428571428571428,0.1548148148148148,0.0,0.29510000000000003,optimal
2021-02-10 02:30:00,92,2,1.1428571428571428,0.0,0.0,0.20436666666666667,optimal
2021-02-10 03:00:00,92,2,1.1428571428571428,0.0,0.0,0.21359999999999998,optimal
2021-02-10 03:30:00,92,2,1.1428571428571428,0.0,0.0,0.159,optimal
2021-02-10 04:00:00,92,2,1.1428571428571428,0.0,0.0,0.09886666666666666,optimal
2021-02-10 04:30:00,92,2,1.1428571428571428,0.0,0.0,0.2452333333333333,optimal
2021-02-10 05:00:00,92,2,1.1428571428571428,0.0,0.0,0.16523333333333332,optimal
2021-02-10 05:30:00,92,2,1.1428571428571428,0.0,0.0,0.2074333333333333,optimal
2021-02-10 06:00:00,92,2,1.1428571428571428,0.0,0.0,0.15096666666666667,optimal
2021-02-10 06:30:00,92,2,1.1428571428571428,0.6966666666666667,8.829667187311902,0.1973,optimal
2021-02-10 07:00:00,92,2,1.1428571428571428,0.0774074074074074,10.0,0.21613333333333332,optimal
2021-02-10 07:30:00,92,2,1.1428571428571428,0.23222222222222222,0.0,0.3373333333333333,optimal
2021-02-10 08:00:00,92,2,0.7376092995920687,0.5418518518518518,0.0,0.186,optimal
2021-02-10 08:30:00,92,2,0.5993104247182108,4.125814814814815,0.0,0.5421666666666666,optimal
2021-02-10 09:00:00,92,2,0.6017471040455233,2.8408518518518533,0.0,0.2929,optimal
2021-02-10 09:30:00,92,2,0.6167910863145162,2.4770370370370367,0.0,0.26730000000000004,optimal
2021-02-10 10:00:00,92,2,0.4996376826993632,0.3096296296296296,0.0,0.4171,optimal
2021-02-10 10:30:00,92,2,0.6498968598773118,0.0,0.0,0.07573333333333333,optimal
2021-02-10 11:00:00,92,2,0.49622420740385376,0.0,0.0,0.33853333333333335,optimal
2021-02-10 11:30:00,92,2,0.5637557223478746,0.0,0.0,0.0872,optimal
2021-02-10 12:00:00,92,2,0.47084053582297436,0.0,0.0,0.071,optimal
2021-02-10 12:30:00,92,2,0.3105072024896431,0.0,0.0,0.38046666666666656,optimal
2021-02-10 13:00:00,92,2,1.1428571428571428,0.0,0.0,0.242,optimal
2021-02-10 13:30:00,92,2,1.1428571428571428,0.0,0.0,0.4951333333333333,optimal
2021-02-10 14:00:00,92,2,1.1428571428571428,0.0,0.0,0.4343,optimal
2021-02-10 14:30:00,92,2,1.1428571428571428,0.0,0.0,0.3691666666666667,optimal
2021-02-10 15:00:00,92,2,1.1428571428571428,0.0,0.0,0.5808333333333334,optimal
2021-02-10 15:30:00,92,2,1.1428571428571428,0.0,0.0,0.44106666666666666,optimal
2021-02-10 16:00:00,92,2,0.0,0.3096296296296296,0.0,0.5165,optimal
2021-02-10 16:30:00,92,2,0.0,0.23222222222222222,0.0,0.5838666666666666,optimal
2021-02-10 17:00:00,92,2,0.0,0.0,0.0,0.44726666666666665,optimal
2021-02-10 17:30:00,92,2,0.0,0.774074074074074,0.0,1.1789666666666667,optimal
2021-02-10 18:00:00,92,2,0.0,0.3096296296296296,0.0,0.34786666666666666,optimal
2021-02-10 18:30:00,92,2,0.0,0.23222222222222222,0.0,1.2141666666666668,optimal
2021-02-10 19:00:00,92,2,0.0,0.0,0.0,0.38606666666666667,optimal
2021-02-10 19:30:00,92,2,0.3418561711963835,0.0,0.0,0.1463,optimal
2021-02-10 20:00:00,92,2,0.8649972725954153,0.0,0.0,0.1085,optimal
2021-02-10 20:30:00,92,2,0.0,0.0,0.0,0.28446666666666665,optimal
2021-02-10 21:00:00,92,2,0.0,0.0,0.0,0.3071666666666667,optimal
2021-02-10 21:30:00,92,2,0.0,0.0,0.0,0.5936666666666667,optimal
2021-02-10 22:00:00,92,2,0.0,0.23222222222222222,0.0,0.3917333333333333,optimal
2021-02-10 22:30:00,92,2,0.0,0.23222222222222222,0.0,0.4175,optimal
2021-02-10 23:00:00,92,2,0.0,0.0,0.0,0.41973333333333335,optimal
2021-02-10 23:30:00,92,2,0.0,0.0,0.0,0.24996666666666667,optimal
2021-02-11 00:00:00,92,2,1.1428571428571428,0.0,0.0,0.06233333333333334,optimal
2021-02-11 00:30:00,92,2,1.1428571428571428,0.0,0.0,0.06766666666666667,optimal
2021-02-11 01:00:00,92,2,1.1428571428571428,0.0,0.0,0.15106666666666665,optimal
2021-02-11 01:30:00,92,2,1.1428571428571428,0.0,0.0,0.20033333333333328,optimal
2021-02-11 02:00:00,92,2,1.1428571428571428,0.0,0.0,0.061,optimal
2021-02-11 02:30:00,92,2,1.1428571428571428,0.0,0.0,0.2714,optimal
2021-02-11 03:00:00,92,2,1.1428571428571428,0.0,0.0,0.084,optimal
2021-02-11 03:30:00,92,2,1.1428571428571428,0.0,0.0,0.06666666666666667,optimal
2021-02-11 04:00:00,92,2,1.1428571428571428,0.0,0.0,0.061,optimal
2021-02-11 04:30:00,92,2,1.1428571428571428,0.0,0.0,0.15106666666666665,optimal
2021-02-11 05:00:00,92,2,1.1428571428571428,0.0,0.0,0.175,optimal
2021-02-11 05:30:00,92,2,1.1428571428571428,0.0,0.0,0.09509999999999999,optimal
2021-02-11 06:00:00,92,2,1.1428571428571428,0.0,0.0,0.21563333333333332,optimal
2021-02-11 06:30:00,92,2,1.1428571428571428,0.6192592592592592,0.0,0.13133333333333333,optimal
2021-02-11 07:00:00,92,2,1.1428571428571428,6.347407407407408,7.891498839380622,0.1492,optimal
2021-02-11 07:30:00,92,2,1.1428571428571428,1.0954532449428687,0.0,0.44830000000000003,optimal
2021-02-11 08:00:00,92,2,0.7470401227462492,0.0,0.0,0.2089333333333333,optimal
2021-02-11 08:30:00,92,2,0.7417238027111678,0.3096296296296296,0.0,0.17466666666666666,optimal
2021-02-11 09:00:00,92,2,0.55031218280831,0.6966666666666667,0.0,0.4387,optimal
2021-02-11 09:30:00,92,2,0.519372655575177,0.3096296296296296,0.0,0.3012666666666666,optimal
2021-02-11 10:00:00,92,2,0.3038803616792355,0.1548148148148148,0.0,0.4029666666666666,optimal
2021-02-11 10:30:00,92,2,0.3074569863008064,0.387037037037037,0.0,1.8700333333333332,optimal
2021-02-11 11:00:00,92,2,0.4437436088907986,0.1548148148148148,0.0,0.16503333333333334,optimal
2021-02-11 11:30:00,92,2,0.34881092335193403,0.0,0.0,0.25566666666666665,optimal
2021-02-11 12:00:00,92,2,0.12480769985004657,0.46444444444444444,0.0,0.36119999999999997,optimal
2021-02-11 12:30:00,92,2,0.44810155865842866,0.5418518518518518,0.0,0.4468666666666667,optimal
2021-02-11 13:00:00,92,2,1.1428571428571428,0.0,0.0,0.24786666666666668,optimal
2021-02-11 13:30:00,92,2,1.1428571428571428,0.23222222222222222,0.0,0.26,optimal
2021-02-11 14:00:00,92,2,1.1428571428571428,0.23222222222222222,0.0,0.32239999999999996,optimal
2021-02-11 14:30:00,92,2,1.1428571428571428,0.1548148148148148,0.0,0.3044,optimal
2021-02-11 15:00:00,92,2,1.1428571428571428,0.0,0.0,0.116,optimal
2021-02-11 15:30:00,92,2,1.1428571428571428,0.23222222222222222,0.0,1.5363,optimal
2021-02-11 16:00:00,92,2,0.0,0.0,0.0,0.35433333333333333,optimal
2021-02-11 16:30:00,92,2,0.0,0.0774074074074074,0.0,0.23666666666666664,optimal
2021-02-11 17:00:00,92,2,0.0,0.3096296296296296,0.0,0.22119999999999998,optimal
2021-02-11 17:30:00,92,2,0.0,0.387037037037037,0.0,0.7823666666666667,optimal
2021-02-11 18:00:00,92,2,0.0,0.0,0.0,1.2654666666666667,optimal
2021-02-11 18:30:00,92,2,0.0,0.3096296296296296,0.0,1.7079666666666666,optimal
2021-02-11 19:00:00,92,2,0.0,0.46444444444444444,0.0,0.48353333333333337,optimal
2021-02-11 19:30:00,92,2,0.8757281056882966,0.0,0.0,0.45626666666666665,optimal
2021-02-11 20:00:00,92,2,0.9381426528027695,0.0,0.0,0.30626666666666663,optimal
2021-02-11 20:30:00,92,2,0.0,0.0,0.0,1.5691666666666668,optimal
2021-02-11 21:00:00,92,2,0.0,0.0,0.0,0.40976666666666667,optimal
2021-02-11 21:30:00,92,2,0.0,0.0,0.0,0.4656,optimal
2021-02-11 22:00:00,92,2,0.0,0.0,0.0,1.5528333333333333,optimal
2021-02-11 22:30:00,92,2,0.0,0.387037037037037,0.0,0.504,optimal
2021-02-11 23:00:00,92,2,0.0,0.0774074074074074,0.0,0.3108666666666667,optimal
2021-02-11 23:30:00,92,2,0.0,0.0,0.0,0.23203333333333334,optimal
2021-02-12 00:00:00,92,2,1.1428571428571428,0.0,0.0,0.063,optimal
2021-02-12 00:30:00,92,2,1.1428571428571428,0.0,0.0,0.17946666666666666,optimal
2021-02-12 01:00:00,92,2,1.1428571428571428,0.0,0.0,0.1884,optimal
2021-02-12 01:30:00,92,2,1.1428571428571428,0.0,0.0,0.063,optimal
2021-02-12 02:00:00,92,2,1.1428571428571428,0.0,0.0,0.2147,optimal
2021-02-12 02:30:00,92,2,1.1428571428571428,0.0,0.0,0.15316666666666665,optimal
2021-02-12 03:00:00,92,2,1.1428571428571428,0.0,0.0,0.063,optimal
2021-02-12 03:30:00,92,2,1.1428571428571428,0.0,0.0,0.14880000000000002,optimal
2021-02-12 04:00:00,92,2,1.1428571428571428,0.0,0.0,0.1562333333333333,optimal
2021-02-12 04:30:00,92,2,1.1428571428571428,0.0,0.0,0.16543333333333335,optimal
2021-02-12 05:00:00,92,2,1.1428571428571428,0.0,0.0,0.1686,optimal
2021-02-12 05:30:00,92,2,1.1428571428571428,0.0,0.0,0.1355,optimal
2021-02-12 06:00:00,92,2,1.1428571428571428,0.5418518518518518,8.336525237974145,0.3547333333333333,optimal
2021-02-12 06:30:00,92,2,1.1428571428571428,0.0,0.0,0.09683333333333331,optimal
2021-02-12 07:00:00,92,2,1.1428571428571428,0.774074074074074,0.0,1.4340333333333333,optimal
2021-02-12 07:30:00,92,2,1.1428571428571428,4.593735959730067,0.0,1.2655999999999998,optimal
2021-02-12 08:00:00,92,2,0.880928610084635,0.2740222222222222,0.0,0.07533333333333334,optimal
2021-02-12 08:30:00,92,2,0.7824084373394438,0.26782962962962964,0.0,0.5082666666666666,optimal
2021-02-12 09:00:00,92,2,0.82644697667466,0.2740222222222222,0.0,0.095,optimal
2021-02-12 09:30:00,92,2,0.6793498292527087,0.035607407407407414,0.0,0.30376666666666663,optimal
2021-02-12 10:00:00,92,2,0.4197918912715713,2.2448148148148146,0.0,0.5822666666666666,optimal
2021-02-12 10:30:00,92,2,0.5283084272381412,0.0,0.0,0.22290000000000001,optimal
2021-02-12 11:00:00,92,2,0.4436243153289326,0.0,0.0,0.28186666666666665,optimal
2021-02-12 11:30:00,92,2,0.49173292994381046,0.0,0.0,0.106,optimal
2021-02-12 12:00:00,92,2,0.4321022115727848,0.0,0.0,0.18286666666666668,optimal
2021-02-12 12:30:00,92,2,0.4236393976162217,0.0,0.0,0.205,optimal
2021-02-12 13:00:00,92,2,1.1428571428571428,0.0,0.0,0.1165,optimal
2021-02-12 13:30:00,92,2,1.1428571428571428,0.0,0.0,0.21196666666666666,optimal
2021-02-12 14:00:00,92,2,1.1428571428571428,0.0,0.0,0.13240000000000002,optimal
2021-02-12 14:30:00,92,2,1.1428571428571428,0.3096296296296296,0.0,1.5019,optimal
2021-02-12 15:00:00,92,2,1.1428571428571428,0.3096296296296296,0.0,1.8911,optimal
2021-02-12 15:30:00,92,2,1.1428571428571428,0.6192592592592592,0.0,0.40626666666666666,optimal
2021-02-12 16:00:00,92,2,0.0,0.0,0.0,0.073,optimal
2021-02-12 16:30:00,92,2,0.0,0.0,0.0,0.1522,optimal
2021-02-12 17:00:00,92,2,0.0,0.0774074074074074,0.0,2.5984000000000003,optimal
2021-02-12 17:30:00,92,2,0.0,0.46444444444444444,0.0,0.3783333333333333,optimal
2021-02-12 18:00:00,92,2,0.0,0.0774074074074074,0.0,0.21109999999999998,optimal
2021-02-12 18:30:00,92,2,0.0,0.0,0.0,0.3522,optimal
2021-02-12 19:00:00,92,2,0.0,2.3222222222222215,0.0,0.7294666666666667,optimal
2021-02-12 19:30:00,92,2,0.42479466438560765,0.0,0.0,2.3610666666666664,optimal
2021-02-12 20:00:00,92,2,0.6416394364751089,0.1548148148148148,0.0,0.29086666666666666,optimal
2021-02-12 20:30:00,92,2,0.0,5.263703703703704,0.0,2.794033333333333,optimal
2021-02-12 21:00:00,92,2,0.0,0.774074074074074,0.0,1.3961333333333334,optimal
2021-02-12 21:30:00,92,2,0.0,0.0774074074074074,0.0,0.6268666666666667,optimal
2021-02-12 22:00:00,92,2,0.0,0.0,0.0,0.31553333333333333,optimal
2021-02-12 22:30:00,92,2,0.0,0.0,0.0,0.13240000000000002,optimal
2021-02-12 23:00:00,92,2,0.0,0.0,0.0,0.2554666666666667,optimal
2021-02-12 23:30:00,92,2,0.0,0.0,0.0,0.07166666666666667,optimal
2021-02-13 00:00:00,92,2,0.0,0.0,0.0,0.055,optimal
2021-02-13 00:30:00,92,2,0.0,0.0,0.0,0.1803333333333333,optimal
2021-02-13 01:00:00,92,2,0.5402387560679348,0.0,0.0,0.056,optimal
2021-02-13 01:30:00,92,2,1.1428571428571428,0.0,0.0,0.29506666666666664,optimal
2021-02-13 02:00:00,92,2,1.1428571428571428,0.0,0.0,0.10586666666666666,optimal
2021-02-13 02:30:00,92,2,1.1428571428571428,0.0,0.0,0.07093333333333333,optimal
2021-02-13 03:00:00,92,2,1.1428571428571428,0.0,0.0,0.20533333333333328,optimal
2021-02-13 03:30:00,92,2,1.1428571428571428,0.0,0.0,0.18066666666666664,optimal
2021-02-13 04:00:00,92,2,1.1428571428571428,0.0,0.0,0.22026666666666667,optimal
2021-02-13 04:30:00,92,2,1.1428571428571428,0.0,0.0,0.056,optimal
2021-02-13 05:00:00,92,2,1.1428571428571428,0.0,0.0,0.31506666666666666,optimal
2021-02-13 05:30:00,92,2,1.1428571428571428,0.0,0.0,0.08586666666666666,optimal
2021-02-13 06:00:00,92,2,1.1428571428571428,0.0,8.1753092740865,0.18066666666666664,optimal
2021-02-13 06:30:00,92,2,1.1428571428571428,0.0,10.0,0.2196,optimal
2021-02-13 07:00:00,92,2,1.1428571428571428,1.006296296296296,10.0,0.1752,optimal
2021-02-13 07:30:00,92,2,1.1428571428571428,0.0774074074074074,0.0,0.11226666666666668,optimal
2021-02-13 08:00:00,92,2,0.6618755313042785,0.387037037037037,0.0,0.6032666666666666,optimal
2021-02-13 08:30:00,92,2,0.5325441459191445,0.387037037037037,0.0,2.5660666666666665,optimal
2021-02-13 09:00:00,92,2,0.6630466837393703,0.0774074074074074,0.0,1.7705333333333333,optimal
2021-02-13 09:30:00,92,2,0.7672488044327671,0.0,0.0,0.2278,optimal
2021-02-13 10:00:00,92,2,0.6700246285060092,0.0,0.0,0.17313333333333333,optimal
2021-02-13 10:30:00,92,2,0.690685624073262,0.0,0.0,0.09333333333333331,optimal
2021-02-13 11:00:00,92,2,0.5216620850988407,0.0,0.0,0.2577333333333333,optimal
2021-02-13 11:30:00,92,2,0.5629135568565699,0.0,0.0,0.10586666666666666,optimal
2021-02-13 12:00:00,92,2,0.8993641129607479,0.0,0.0,0.20533333333333328,optimal
2021-02-13 12:30:00,92,2,1.1428571428571428,0.0,0.0,0.07093333333333333,optimal
2021-02-13 13:00:00,92,2,1.1428571428571428,0.0,0.0,0.222,optimal
2021-02-13 13:30:00,92,2,1.1428571428571428,0.0,0.0,0.1886,optimal
2021-02-13 14:00:00,92,2,1.1428571428571428,0.0,0.0,0.11209999999999999,optimal
2021-02-13 14:30:00,92,2,1.1428571428571428,0.0,0.0,0.2745666666666667,optimal
2021-02-13 15:00:00,92,2,1.1428571428571428,0.0,0.0,0.08093333333333334,optimal
2021-02-13 15:30:00,92,2,1.1428571428571428,0.0,0.0,0.17426666666666668,optimal
2021-02-13 16:00:00,92,2,0.0,0.23222222222222222,0.0,0.22933333333333328,optimal
2021-02-13 16:30:00,92,2,0.0,0.1548148148148148,0.0,0.08766666666666667,optimal
2021-02-13 17:00:00,92,2,0.0,0.0,0.0,0.31753333333333333,optimal
2021-02-13 17:30:00,92,2,0.0,0.23222222222222222,0.0,0.3193333333333333,optimal
2021-02-13 18:00:00,92,2,0.0,0.23222222222222222,0.0,0.4244,optimal
2021-02-13 18:30:00,92,2,0.0,0.5836518518518518,0.0,0.6962666666666667,optimal
2021-02-13 19:00:00,92,2,0.0,0.035607407407407414,0.0,0.2436333333333333,optimal
2021-02-13 19:30:00,92,2,0.6155709514191338,0.46444444444444444,0.0,0.19613333333333333,optimal
2021-02-13 20:00:00,92,2,0.6691632459989153,0.46444444444444444,0.0,0.2608666666666667,optimal
2021-02-13 20:30:00,92,2,0.0,0.0,0.0,0.24563333333333331,optimal
2021-02-13 21:00:00,92,2,0.0,0.0,0.0,0.06566666666666666,optimal
2021-02-13 21:30:00,92,2,0.0,0.0,0.0,0.29883333333333334,optimal
2021-02-13 22:00:00,92,2,0.0,0.0,0.0,0.1221,optimal
2021-02-13 22:30:00,92,2,0.0,0.0,0.0,0.2004,optimal
2021-02-13 23:00:00,92,2,0.0,0.0,0.0,0.22053333333333333,optimal
2021-02-13 23:30:00,92,2,0.0,0.3096296296296296,0.0,1.4395333333333333,optimal
2021-02-07 00:00:00,93,2,0.0,0.0,0.0,0.057,optimal
2021-02-07 00:30:00,93,2,0.0,0.0,0.0,0.2987333333333333,optimal
2021-02-07 01:00:00,93,2,0.0,0.0,0.0,0.057,optimal
2021-02-07 01:30:00,93,2,0.0,0.0,0.0,0.0783,optimal
2021-02-07 02:00:00,93,2,0.0,0.0,0.0,0.35203333333333336,optimal
2021-02-07 02:30:00,93,2,0.0,0.0,0.0,0.0818,optimal
2021-02-07 03:00:00,93,2,0.0,0.0,0.0,0.1564,optimal
2021-02-07 03:30:00,93,2,0.0,0.0,0.0,0.19340000000000002,optimal
2021-02-07 04:00:00,93,2,1.1428571428571428,0.0,0.0,0.136,optimal
2021-02-07 04:30:00,93,2,1.1428571428571428,0.0,0.0,0.1827333333333333,optimal
2021-02-07 05:00:00,93,2,1.1428571428571428,0.0,0.0,0.21353333333333332,optimal
2021-02-07 05:30:00,93,2,1.1428571428571428,0.0,0.0,0.21963333333333332,optimal
2021-02-07 06:00:00,93,2,1.1428571428571428,0.0774074074074074,0.0,1.0284666666666666,optimal
2021-02-07 06:30:00,93,2,1.1428571428571428,0.1548148148148148,0.0,0.4666666666666667,optimal
2021-02-07 07:00:00,93,2,1.1428571428571428,0.0,1.9104478659086885,0.17880000000000001,optimal
2021-02-07 07:30:00,93,2,0.0,2.8640740740740736,0.0,1.2873333333333332,optimal
2021-02-07 08:00:00,93,2,0.0,2.5544444444444445,0.0,0.27043333333333336,optimal
2021-02-07 08:30:00,93,2,0.0,1.548148148148148,0.0,0.13623333333333332,optimal
2021-02-07 09:00:00,93,2,0.3621470190959477,0.0,0.0,0.27486666666666665,optimal
2021-02-07 09:30:00,93,2,0.24123503780704778,0.0,0.0,1.3412,optimal
2021-02-07 10:00:00,93,2,0.5322281945011704,0.0,0.0,0.0706,optimal
2021-02-07 10:30:00,93,2,0.5219062033666696,0.23222222222222222,0.0,0.211,optimal
2021-02-07 11:00:00,93,2,0.46526334076209047,0.0,0.0,0.22303333333333333,optimal
2021-02-07 11:30:00,93,2,0.37692048361923375,0.387037037037037,0.0,0.32656666666666667,optimal
2021-02-07 12:00:00,93,2,0.3005454691183003,0.8514814814814814,0.0,0.3382,optimal
2021-02-07 12:30:00,93,2,0.41612642149924506,0.23222222222222222,0.0,0.19166666666666662,optimal
2021-02-07 13:00:00,93,2,0.42182004019942687,0.46444444444444444,0.0,0.4026666666666667,optimal
2021-02-07 13:30:00,93,2,0.4852696071952516,0.23222222222222222,0.0,0.16419999999999998,optimal
2021-02-07 14:00:00,93,2,1.1421767679008652,0.1548148148148148,0.0,0.9011666666666667,optimal
2021-02-07 14:30:00,93,2,1.1428571428571428,0.0,0.0,1.4473666666666665,optimal
2021-02-07 15:00:00,93,2,1.1428571428571428,0.1548148148148148,0.0,0.2424,optimal
2021-02-07 15:30:00,93,2,1.1428571428571428,0.23222222222222222,0.0,0.6342000000000001,optimal
2021-02-07 16:00:00,93,2,0.0,0.6192592592592592,0.0,1.6542666666666668,optimal
2021-02-07 16:30:00,93,2,0.0,0.6192592592592592,0.0,1.7540333333333333,optimal
2021-02-07 17:00:00,93,2,0.0,0.6192592592592592,0.0,1.3175999999999999,optimal
2021-02-07 17:30:00,93,2,0.0,0.0,0.0,0.42486666666666667,optimal
2021-02-07 18:00:00,93,2,0.0,0.774074074074074,0.0,1.5877999999999999,optimal
2021-02-07 18:30:00,93,2,0.0,0.0,0.0,0.32780000000000004,optimal
2021-02-07 19:00:00,93,2,0.0,0.0774074074074074,0.0,0.5015333333333334,optimal
2021-02-07 19:30:00,93,2,0.0,0.3096296296296296,0.0,0.3534,optimal
2021-02-07 20:00:00,93,2,0.0,0.3096296296296296,0.0,0.41373333333333334,optimal
2021-02-07 20:30:00,93,2,0.0,0.0,0.0,0.6156,optimal
2021-02-07 21:00:00,93,2,0.0,0.0,0.0,0.5725333333333333,optimal
2021-02-07 21:30:00,93,2,0.0,0.0,0.0,0.4557333333333333,optimal
2021-02-07 22:00:00,93,2,0.0,0.0774074074074074,0.0,0.15730000000000002,optimal
2021-02-07 22:30:00,93,2,0.0,0.0,0.0,0.2284,optimal
2021-02-07 23:00:00,93,2,0.0,0.0,0.0,0.18880000000000002,optimal
2021-02-07 23:30:00,93,2,0.0,0.0,0.0,0.1814,optimal
2021-02-08 00:00:00,93,2,0.0,0.0,0.0,0.13069999999999998,optimal
2021-02-08 00:30:00,93,2,0.0,1.8577777777777778,0.0,0.2906,optimal
2021-02-08 01:00:00,93,2,0.0,0.0,0.0,0.06573333333333334,optimal
2021-02-08 01:30:00,93,2,0.20726076729724272,0.0,0.0,0.08593333333333333,optimal
2021-02-08 02:00:00,93,2,1.1428571428571428,0.0,0.0,0.22733333333333328,optimal
2021-02-08 02:30:00,93,2,1.1428571428571428,0.0,0.0,0.10613333333333334,optimal
2021-02-08 03:00:00,93,2,1.1428571428571428,0.0,0.0,0.06573333333333334,optimal
2021-02-08 03:30:00,93,2,1.1428571428571428,0.0,0.0,0.29733333333333334,optimal
2021-02-08 04:00:00,93,2,1.1428571428571428,0.0,0.0,0.06633333333333333,optimal
2021-02-08 04:30:00,93,2,1.1428571428571428,0.0,0.0,0.059,optimal
2021-02-08 05:00:00,93,2,1.1428571428571428,0.0,0.0,2.2164333333333333,optimal
2021-02-08 05:30:00,93,2,1.1428571428571428,0.0,0.0,0.1923,optimal
2021-02-08 06:00:00,93,2,1.1428571428571428,0.0,1.5281901614798101,0.059,optimal
2021-02-08 06:30:00,93,2,1.1428571428571428,0.0,10.0,0.2946666666666667,optimal
2021-02-08 07:00:00,93,2,1.1428571428571428,0.23222222222222222,10.0,0.40993333333333326,optimal
2021-02-08 07:30:00,93,2,1.1428571428571428,0.23222222222222222,0.0,2.168633333333333,optimal
2021-02-08 08:00:00,93,2,0.6999531099249459,0.0,0.0,0.2854,optimal
2021-02-08 08:30:00,93,2,0.8113168330761574,0.0,0.0,0.059,optimal
2021-02-08 09:00:00,93,2,0.562869991294057,0.0,0.0,2.2983000000000002,optimal
2021-02-08 09:30:00,93,2,0.7267291684720013,0.0,0.0,0.15593333333333334,optimal
2021-02-08 10:00:00,93,2,0.6595312721029339,0.0,0.0,0.069,optimal
2021-02-08 10:30:00,93,2,0.6159292377821334,0.0,0.0,0.2344,optimal
2021-02-08 11:00:00,93,2,0.5498686955425173,0.0,0.0,0.12633333333333333,optimal
2021-02-08 11:30:00,93,2,0.5216383057246348,0.0,0.0,0.16116666666666665,optimal
2021-02-08 12:00:00,93,2,0.4492177316211919,0.0,0.0,0.34463333333333335,optimal
2021-02-08 12:30:00,93,2,1.1428571428571428,0.23222222222222222,0.0,0.38330000000000003,optimal
2021-02-08 13:00:00,93,2,1.1428571428571428,0.0774074074074074,0.0,0.2389333333333333,optimal
2021-02-08 13:30:00,93,2,1.1428571428571428,0.0,0.0,0.18080000000000002,optimal
2021-02-08 14:00:00,93,2,1.1428571428571428,0.0,0.0,0.09266666666666669,optimal
2021-02-08 14:30:00,93,2,1.1428571428571428,0.0,0.0,0.1532666666666667,optimal
2021-02-08 15:00:00,93,2,1.1428571428571428,0.0,0.0,0.059,optimal
2021-02-08 15:30:00,93,2,1.1428571428571428,0.0,0.0,0.30406666666666665,optimal
2021-02-08 16:00:00,93,2,0.0,0.0,0.0,0.069,optimal
2021-02-08 16:30:00,93,2,0.0,0.0,0.0,0.18786666666666668,optimal
2021-02-08 17:00:00,93,2,0.0,2.1674074074074072,0.0,0.29986666666666667,optimal
2021-02-08 17:30:00,93,2,0.0,0.8514814814814814,0.0,0.43560000000000004,optimal
2021-02-08 18:00:00,93,2,0.0,0.3096296296296296,0.0,0.4961333333333333,optimal
2021-02-08 18:30:00,93,2,0.0,0.387037037037037,0.0,0.44853333333333334,optimal
2021-02-08 19:00:00,93,2,0.0,0.1548148148148148,0.0,0.6031333333333333,optimal
2021-02-08 19:30:00,93,2,0.5576812093957194,0.0,0.0,2.041633333333333,optimal
2021-02-08 20:00:00,93,2,0.5893258417415924,0.1548148148148148,0.0,1.8645333333333334,optimal
2021-02-08 20:30:00,93,2,0.0,0.0774074074074074,0.0,0.6061333333333333,optimal
2021-02-08 21:00:00,93,2,0.0,0.0,0.0,0.8187666666666666,optimal
2021-02-08 21:30:00,93,2,0.0,0.1548148148148148,0.0,2.7935,optimal
2021-02-08 22:00:00,93,2,0.0,0.0774074074074074,0.0,2.809066666666667,optimal
2021-02-08 22:30:00,93,2,0.0,0.46444444444444444,0.0,0.9659,optimal
2021-02-08 23:00:00,93,2,0.0,2.012592592592592,0.0,0.4058,optimal
2021-02-08 23:30:00,93,2,0.0,0.1548148148148148,0.0,0.6196333333333334,optimal
2021-02-09 00:00:00,93,2,0.0,0.0,0.0,0.065,optimal
2021-02-09 00:30:00,93,2,0.0,0.0,0.0,0.18893333333333331,optimal
2021-02-09 01:00:00,93,2,0.0,0.0,0.0,0.065,optimal
2021-02-09 01:30:00,93,2,1.0451774281794846,0.0,0.0,0.07063333333333334,optimal
2021-02-09 02:00:00,93,2,1.1428571428571428,0.0,0.0,0.18330000000000002,optimal
2021-02-09 02:30:00,93,2,1.1428571428571428,0.0,0.0,0.065,optimal
2021-02-09 03:00:00,93,2,1.1428571428571428,0.0,0.0,0.0819,optimal
2021-02-09 03:30:00,93,2,1.1428571428571428,0.0,0.0,0.17203333333333334,optimal
2021-02-09 04:00:00,93,2,1.1428571428571428,0.0,0.0,0.065,optimal
2021-02-09 04:30:00,93,2,1.1428571428571428,0.0,0.0,0.065,optimal
2021-02-09 05:00:00,93,2,1.1428571428571428,0.0,0.0,0.18893333333333331,optimal
2021-02-09 05:30:00,93,2,1.1428571428571428,0.0,0.0,0.065,optimal
2021-02-09 06:00:00,93,2,1.1428571428571428,0.5418518518518518,0.0,0.074,optimal
2021-02-09 06:30:00,93,2,1.1428571428571428,0.23222222222222222,9.521639163799277,0.16153333333333333,optimal
2021-02-09 07:00:00,93,2,1.1428571428571428,0.1548148148148148,10.0,0.1108,optimal
2021-02-09 07:30:00,93,2,1.1428571428571428,0.0,0.0,0.17236666666666667,optimal
2021-02-09 08:00:00,93,2,0.4721028087620611,4.489629629629629,0.0,1.5101666666666667,optimal
2021-02-09 08:30:00,93,2,0.4532077002257152,6.270000000000001,0.0,2.2165333333333335,optimal
2021-02-09 09:00:00,93,2,0.3598376041587273,0.23222222222222222,0.0,1.5738333333333332,optimal
2021-02-09 09:30:00,93,2,0.5737178632765159,0.0,0.0,0.2817,optimal
2021-02-09 10:00:00,93,2,0.48816179300348217,0.0,0.0,0.12440000000000001,optimal
2021-02-09 10:30:00,93,2,0.4141334375064015,0.23222222222222222,0.0,0.5059333333333332,optimal
2021-02-09 11:00:00,93,2,0.4651496394581185,0.0,0.0,0.07626666666666666,optimal
2021-02-09 11:30:00,93,2,0.47280111121584284,0.0,0.0,0.073,optimal
2021-02-09 12:00:00,93,2,0.298188137174739,0.3096296296296296,0.0,0.4574333333333333,optimal
2021-02-09 12:30:00,93,2,0.37652714160748113,0.1548148148148148,0.0,0.33416666666666667,optimal
2021-02-09 13:00:00,93,2,0.844034795084163,0.0,0.0,2.2884,optimal
2021-02-09 13:30:00,93,2,1.1428571428571428,0.1548148148148148,0.0,2.2550333333333334,optimal
2021-02-09 14:00:00,93,2,1.1428571428571428,0.0774074074074074,0.0,1.8080666666666665,optimal
2021-02-09 14:30:00,93,2,1.1428571428571428,0.0,0.0,0.09263333333333335,optimal
2021-02-09 15:00:00,93,2,1.1428571428571428,0.0774074074074074,0.0,0.5865333333333334,optimal
2021-02-09 15:30:00,93,2,1.1428571428571428,0.1548148148148148,0.0,0.3231,optimal
2021-02-09 16:00:00,93,2,0.0,0.6966666666666667,0.0,0.6617666666666666,optimal
2021-02-09 16:30:00,93,2,0.0,0.387037037037037,0.0,0.44396666666666657,optimal
2021-02-09 17:00:00,93,2,0.0,0.0,0.0,0.49896666666666656,optimal
2021-02-09 17:30:00,93,2,0.0,0.3096296296296296,0.0,1.6056666666666668,optimal
2021-02-09 18:00:00,93,2,0.0,0.0,0.0,0.3385,optimal
2021-02-09 18:30:00,93,2,0.0,0.0,0.0,0.30476666666666663,optimal
2021-02-09 19:00:00,93,2,0.0,0.0,0.0,0.18530000000000002,optimal
2021-02-09 19:30:00,93,2,0.0,0.0,0.0,0.18619999999999998,optimal
2021-02-09 20:00:00,93,2,0.0,0.0,0.0,0.4619333333333333,optimal
2021-02-09 20:30:00,93,2,0.0,0.0,0.0,0.2914333333333333,optimal
2021-02-09 21:00:00,93,2,0.0,0.0774074074074074,0.0,0.3741333333333333,optimal
2021-02-09 21:30:00,93,2,0.0,0.0,0.0,0.2924,optimal
2021-02-09 22:00:00,93,2,0.0,0.23222222222222222,0.0,0.9333666666666668,optimal
2021-02-09 22:30:00,93,2,0.0,0.46444444444444444,0.0,1.2287666666666668,optimal
2021-02-09 23:00:00,93,2,0.0,0.387037037037037,0.0,0.976,optimal
2021-02-09 23:30:00,93,2,0.0,0.0,0.0,0.1719,optimal
2021-02-10 00:00:00,93,2,0.0,0.0,0.0,0.065,optimal
2021-02-10 00:30:00,93,2,0.0,0.0,0.0,0.17166666666666666,optimal
2021-02-10 01:00:00,93,2,0.0,0.0,0.0,0.105,optimal
2021-02-10 01:30:00,93,2,1.081984599650404,0.0,0.0,0.065,optimal
2021-02-10 02:00:00,93,2,1.1428571428571428,0.0,0.0,0.15166666666666664,optimal
2021-02-10 02:30:00,93,2,1.1428571428571428,0.0,0.0,0.125,optimal
2021-02-10 03:00:00,93,2,1.1428571428571428,0.0,0.0,0.065,optimal
2021-02-10 03:30:00,93,2,1.1428571428571428,0.0,0.0,0.21166666666666664,optimal
2021-02-10 04:00:00,93,2,1.1428571428571428,0.0,0.0,0.065,optimal
2021-02-10 04:30:00,93,2,1.1428571428571428,0.0,0.0,0.18,optimal
2021-02-10 05:00:00,93,2,1.1428571428571428,0.0,0.0,0.10666666666666669,optimal
2021-02-10 05:30:00,93,2,1.1428571428571428,0.0,0.0,0.065,optimal
2021-02-10 06:00:00,93,2,1.1428571428571428,0.0,0.0,0.085,optimal
2021-02-10 06:30:00,93,2,1.1428571428571428,0.3096296296296296,0.0,1.6957666666666669,optimal
2021-02-10 07:00:00,93,2,1.1428571428571428,3.5607407407407403,9.606938648887176,0.3441,optimal
2021-02-10 07:30:00,93,2,1.1428571428571428,0.5418518518518518,0.0,0.6925333333333333,optimal
2021-02-10 08:00:00,93,2,0.5966216805444411,0.0,0.0,1.8349000000000002,optimal
2021-02-10 08:30:00,93,2,0.6273647104324935,0.1548148148148148,0.0,0.33816666666666667,optimal
2021-02-10 09:00:00,93,2,0.449347104045513,0.0774074074074074,0.0,2.1692666666666667,optimal
2021-02-10 09:30:00,93,2,0.7698768006002294,0.0,0.0,0.075,optimal
2021-02-10 10:00:00,93,2,0.6569519684136556,0.0,0.0,0.075,optimal
2021-02-10 10:30:00,93,2,0.6086301932106386,0.0,0.0,0.22166666666666662,optimal
2021-02-10 11:00:00,93,2,0.5719480169276634,0.0,0.0,0.075,optimal
2021-02-10 11:30:00,93,2,0.5676700080621537,0.0,0.0,0.075,optimal
2021-02-10 12:00:00,93,2,1.0166438553371566,0.0,0.0,0.075,optimal
2021-02-10 12:30:00,93,2,1.1428571428571428,0.0,0.0,0.08166666666666667,optimal
2021-02-10 13:00:00,93,2,1.1428571428571428,0.0,0.0,0.215,optimal
2021-02-10 13:30:00,93,2,1.1428571428571428,0.0,0.0,0.075,optimal
2021-02-10 14:00:00,93,2,1.1428571428571428,0.0,0.0,0.195,optimal
2021-02-10 14:30:00,93,2,1.1428571428571428,0.0,0.0,0.10166666666666668,optimal
2021-02-10 15:00:00,93,2,1.1428571428571428,0.0,0.0,0.075,optimal
2021-02-10 15:30:00,93,2,1.1428571428571428,0.0,0.0,0.22166666666666662,optimal
2021-02-10 16:00:00,93,2,0.0,0.0,0.0,0.075,optimal
2021-02-10 16:30:00,93,2,0.0,0.0,0.0,0.075,optimal
2021-02-10 17:00:00,93,2,0.0,0.0,0.0,0.18166666666666662,optimal
2021-02-10 17:30:00,93,2,0.0,0.0,0.0,0.115,optimal
2021-02-10 18:00:00,93,2,0.0,0.3096296296296296,0.0,0.322,optimal
2021-02-10 18:30:00,93,2,0.0,6.579629629629631,0.0,0.5022666666666666,optimal
2021-02-10 19:00:00,93,2,0.0,0.6966666666666667,0.0,0.6536333333333333,optimal
2021-02-10 19:30:00,93,2,0.49910225043167283,0.0,0.0,0.7873666666666667,optimal
2021-02-10 20:00:00,93,2,0.5141629868811332,0.0,0.0,1.5864,optimal
2021-02-10 20:30:00,93,2,0.0,0.0,0.0,1.1938,optimal
2021-02-10 21:00:00,93,2,0.0,0.1548148148148148,0.0,0.7029666666666667,optimal
2021-02-10 21:30:00,93,2,0.0,0.0,0.0,0.4844,optimal
2021-02-10 22:00:00,93,2,0.0,0.0,0.0,0.4721,optimal
2021-02-10 22:30:00,93,2,0.0,0.0,0.0,0.39826666666666666,optimal
2021-02-10 23:00:00,93,2,0.0,0.0,0.0,0.5705333333333333,optimal
2021-02-10 23:30:00,93,2,0.0,0.0,0.0,2.344133333333333,optimal
2021-02-11 00:00:00,93,2,0.8331454135406644,0.0,0.0,0.1913,optimal
2021-02-11 00:30:00,93,2,1.1428571428571428,0.0,0.0,0.13069999999999998,optimal
2021-02-11 01:00:00,93,2,1.1428571428571428,0.0,0.0,0.1157,optimal
2021-02-11 01:30:00,93,2,1.1428571428571428,0.0,0.0,0.2063,optimal
2021-02-11 02:00:00,93,2,1.1428571428571428,0.0,0.0,0.059,optimal
2021-02-11 02:30:00,93,2,1.1428571428571428,0.0,0.0,0.0905,optimal
2021-02-11 03:00:00,93,2,1.1428571428571428,0.0,0.0,0.2315,optimal
2021-02-11 03:30:00,93,2,1.1428571428571428,0.0,0.0,0.059,optimal
2021-02-11 04:00:00,93,2,1.1428571428571428,0.0,0.0,0.0842,optimal
2021-02-11 04:30:00,93,2,1.1428571428571428,0.0,0.0,0.1724,optimal
2021-02-11 05:00:00,93,2,1.1428571428571428,0.0,0.0,0.12440000000000001,optimal
2021-02-11 05:30:00,93,2,1.1428571428571428,0.0,1.324901289590134,0.059,optimal
2021-02-11 06:00:00,93,2,1.1428571428571428,0.0,10.0,0.1724,optimal
2021-02-11 06:30:00,93,2,1.1428571428571428,0.0,10.0,0.09386666666666665,optimal
2021-02-11 07:00:00,93,2,1.1428571428571428,0.0,10.0,0.16106666666666666,optimal
2021-02-11 07:30:00,93,2,1.1428571428571428,0.3096296296296296,0.0,0.17959999999999998,optimal
2021-02-11 08:00:00,93,2,0.8245448846510123,0.0774074074074074,0.0,0.067,optimal
2021-02-11 08:30:00,93,2,0.8251618979492698,0.3096296296296296,0.0,0.0859,optimal
2021-02-11 09:00:00,93,2,0.5805598018559216,0.1548148148148148,0.0,0.48760000000000003,optimal
2021-02-11 09:30:00,93,2,0.657182179384704,0.0,0.0,0.11636666666666666,optimal
2021-02-11 10:00:00,93,2,0.5141375045363842,0.3096296296296296,0.0,0.18666666666666662,optimal
2021-02-11 10:30:00,93,2,0.6244246053484314,0.0,0.0,0.147,optimal
2021-02-11 11:00:00,93,2,0.5613817041288879,0.0,0.0,0.1194,optimal
2021-02-11 11:30:00,93,2,0.5133061614471663,0.0,0.0,0.17103333333333334,optimal
2021-02-11 12:00:00,93,2,0.423725795088139,0.0,0.0,0.10623333333333332,optimal
2021-02-11 12:30:00,93,2,0.3716139755576284,0.0,0.0,0.19196666666666667,optimal
2021-02-11 13:00:00,93,2,1.1428571428571428,0.0,0.0,0.13343333333333335,optimal
2021-02-11 13:30:00,93,2,1.1428571428571428,0.0,0.0,0.0792,optimal
2021-02-11 14:00:00,93,2,1.1428571428571428,0.0,0.0,0.1843333333333333,optimal
2021-02-11 14:30:00,93,2,1.1428571428571428,0.0774074074074074,0.0,0.06666666666666667,optimal
2021-02-11 15:00:00,93,2,1.1428571428571428,0.0,0.0,1.0568,optimal
2021-02-11 15:30:00,93,2,1.1428571428571428,0.0,0.0,0.8997666666666666,optimal
2021-02-11 16:00:00,93,2,0.0,0.0,0.0,0.8044333333333333,optimal
2021-02-11 16:30:00,93,2,0.0,0.23222222222222222,0.0,1.4916666666666667,optimal
2021-02-11 17:00:00,93,2,0.0,0.0,0.0,1.2107666666666668,optimal
2021-02-11 17:30:00,93,2,0.0,0.0,0.0,0.5026,optimal
2021-02-11 18:00:00,93,2,0.0,2.3222222222222215,0.0,0.2878,optimal
2021-02-11 18:30:00,93,2,0.0,0.6966666666666667,0.0,0.38580000000000003,optimal
2021-02-11 19:00:00,93,2,0.0,0.0,0.0,0.2959333333333333,optimal
2021-02-11 19:30:00,93,2,0.0,0.1548148148148148,0.0,0.3528,optimal
2021-02-11 20:00:00,93,2,0.6019963130494774,0.0,0.0,0.38730000000000003,optimal
2021-02-11 20:30:00,93,2,0.0,0.1548148148148148,0.0,0.21746666666666667,optimal
2021-02-11 21:00:00,93,2,0.0,2.3222222222222215,0.0,0.41293333333333326,optimal
2021-02-11 21:30:00,93,2,0.0,0.1548148148148148,0.0,0.2984,optimal
2021-02-11 22:00:00,93,2,0.0,6.579629629629631,0.0,0.2526,optimal
2021-02-11 22:30:00,93,2,0.0,0.1548148148148148,0.0,0.38003333333333333,optimal
2021-02-11 23:00:00,93,2,0.0,0.0,0.0,0.2258666666666667,optimal
2021-02-11 23:30:00,93,2,0.0,0.0,0.0,0.31703333333333333,optimal
2021-02-12 00:00:00,93,2,1.1428571428571428,0.0,0.0,0.063,optimal
2021-02-12 00:30:00,93,2,1.1428571428571428,0.0,0.0,0.17946666666666666,optimal
2021-02-12 01:00:00,93,2,1.1428571428571428,0.0,0.0,0.1884,optimal
2021-02-12 01:30:00,93,2,1.1428571428571428,0.0,0.0,0.063,optimal
2021-02-12 02:00:00,93,2,1.1428571428571428,0.0,0.0,0.2147,optimal
2021-02-12 02:30:00,93,2,1.1428571428571428,0.0,0.0,0.15316666666666665,optimal
2021-02-12 03:00:00,93,2,1.1428571428571428,0.0,0.0,0.063,optimal
2021-02-12 03:30:00,93,2,1.1428571428571428,0.0,0.0,0.14880000000000002,optimal
2021-02-12 04:00:00,93,2,1.1428571428571428,0.0,0.0,0.1562333333333333,optimal
2021-02-12 04:30:00,93,2,1.1428571428571428,0.0,0.0,0.16543333333333335,optimal
2021-02-12 05:00:00,93,2,1.1428571428571428,0.0,0.0,0.1686,optimal
2021-02-12 05:30:00,93,2,1.1428571428571428,0.0,8.407210286119424,0.1355,optimal
2021-02-12 06:00:00,93,2,1.1428571428571428,0.5418518518518518,10.0,0.3547333333333333,optimal
2021-02-12 06:30:00,93,2,1.1428571428571428,0.0,0.0,0.09683333333333331,optimal
2021-02-12 07:00:00,93,2,1.1428571428571428,0.774074074074074,0.0,1.4340333333333333,optimal
2021-02-12 07:30:00,93,2,1.1428571428571428,4.8113650519407365,0.0,1.2655999999999998,optimal
2021-02-12 08:00:00,93,2,0.880928610084635,0.2740222222222222,0.0,0.07533333333333334,optimal
2021-02-12 08:30:00,93,2,0.7824084373394438,0.26782962962962964,0.0,0.5082666666666666,optimal
2021-02-12 09:00:00,93,2,0.82644697667466,0.2740222222222222,0.0,0.095,optimal
2021-02-12 09:30:00,93,2,0.6793498292527087,0.035607407407407414,0.0,0.30376666666666663,optimal
2021-02-12 10:00:00,93,2,0.4197918912715713,2.2448148148148146,0.0,0.5822666666666666,optimal
2021-02-12 10:30:00,93,2,0.5283084272381412,0.0,0.0,0.22290000000000001,optimal
2021-02-12 11:00:00,93,2,0.4436243153289326,0.0,0.0,0.28186666666666665,optimal
2021-02-12 11:30:00,93,2,0.49173292994381046,0.0,0.0,0.106,optimal
2021-02-12 12:00:00,93,2,0.4321022115727848,0.0,0.0,0.18286666666666668,optimal
2021-02-12 12:30:00,93,2,0.4236393976162217,0.0,0.0,0.205,optimal
2021-02-12 13:00:00,93,2,1.1428571428571428,0.0,0.0,0.1165,optimal
2021-02-12 13:30:00,93,2,1.1428571428571428,0.0,0.0,0.21196666666666666,optimal
2021-02-12 14:00:00,93,2,1.1428571428571428,0.0,0.0,0.13240000000000002,optimal
2021-02-12 14:30:00,93,2,1.1428571428571428,0.3096296296296296,0.0,1.5019,optimal
2021-02-12 15:00:00,93,2,1.1428571428571428,0.3096296296296296,0.0,1.8911,optimal
2021-02-12 15:30:00,93,2,1.1428571428571428,0.6192592592592592,0.0,0.40626666666666666,optimal
2021-02-12 16:00:00,93,2,0.0,0.0,0.0,0.073,optimal
2021-02-12 16:30:00,93,2,0.0,0.0,0.0,0.1522,optimal
2021-02-12 17:00:00,93,2,0.0,0.0774074074074074,0.0,2.5984000000000003,optimal
2021-02-12 17:30:00,93,2,0.0,0.46444444444444444,0.0,0.3783333333333333,optimal
2021-02-12 18:00:00,93,2,0.0,0.0774074074074074,0.0,0.21109999999999998,optimal
2021-02-12 18:30:00,93,2,0.0,0.0,0.0,0.3522,optimal
2021-02-12 19:00:00,93,2,0.0,2.3222222222222215,0.0,0.7294666666666667,optimal
2021-02-12 19:30:00,93,2,0.42479466438560765,0.0,0.0,2.3610666666666664,optimal
2021-02-12 20:00:00,93,2,0.6416394364751089,0.1548148148148148,0.0,0.29086666666666666,optimal
2021-02-12 20:30:00,93,2,0.0,5.263703703703704,0.0,2.794033333333333,optimal
2021-02-12 21:00:00,93,2,0.0,0.774074074074074,0.0,1.3961333333333334,optimal
2021-02-12 21:30:00,93,2,0.0,0.0774074074074074,0.0,0.6268666666666667,optimal
2021-02-12 22:00:00,93,2,0.0,0.0,0.0,0.31553333333333333,optimal
2021-02-12 22:30:00,93,2,0.0,0.0,0.0,0.13240000000000002,optimal
2021-02-12 23:00:00,93,2,0.0,0.0,0.0,0.2554666666666667,optimal
2021-02-12 23:30:00,93,2,0.0,0.0,0.0,0.07166666666666667,optimal
2021-02-13 00:00:00,93,2,0.0,0.0,0.0,0.059,optimal
2021-02-13 00:30:00,93,2,0.0,0.0,0.0,0.06066666666666666,optimal
2021-02-13 01:00:00,93,2,0.88809278761926,0.0,0.0,0.17333333333333334,optimal
2021-02-13 01:30:00,93,2,1.1428571428571428,0.0,0.0,0.1712,optimal
2021-02-13 02:00:00,93,2,1.1428571428571428,0.0,0.0,0.059,optimal
2021-02-13 02:30:00,93,2,1.1428571428571428,0.0,0.0,0.24486666666666668,optimal
2021-02-13 03:00:00,93,2,1.1428571428571428,0.0,0.0,0.093,optimal
2021-02-13 03:30:00,93,2,1.1428571428571428,0.0,0.0,0.13266666666666665,optimal
2021-02-13 04:00:00,93,2,1.1428571428571428,0.0,0.0,0.2052,optimal
2021-02-13 04:30:00,93,2,1.1428571428571428,0.0,0.0,0.093,optimal
2021-02-13 05:00:00,93,2,1.1428571428571428,0.0,0.0,0.17686666666666667,optimal
2021-02-13 05:30:00,93,2,1.1428571428571428,0.0,0.0,0.127,optimal
2021-02-13 06:00:00,93,2,1.1428571428571428,0.0,0.0,0.18366666666666662,optimal
2021-02-13 06:30:00,93,2,1.1428571428571428,0.0,0.0,0.15419999999999998,optimal
2021-02-13 07:00:00,93,2,1.1428571428571428,2.5544444444444445,8.778685221185006,0.8590333333333333,optimal
2021-02-13 07:30:00,93,2,1.1428571428571428,0.0774074074074074,0.0,0.12006666666666667,optimal
2021-02-13 08:00:00,93,2,0.7581402932090353,0.0774074074074074,0.0,0.7408666666666667,optimal
2021-02-13 08:30:00,93,2,0.7294298602048651,0.0774074074074074,0.0,0.962,optimal
2021-02-13 09:00:00,93,2,0.8009152551679417,0.0,0.0,0.1574,optimal
2021-02-13 09:30:00,93,2,0.7779154710994323,0.0,0.0,0.20046666666666668,optimal
2021-02-13 10:00:00,93,2,0.7026341523155262,0.0,0.0,0.069,optimal
2021-02-13 10:30:00,93,2,0.6849522907399208,0.0,0.0,0.12340000000000001,optimal
2021-02-13 11:00:00,93,2,0.5311668470036014,0.0,0.0,0.23446666666666666,optimal
2021-02-13 11:30:00,93,2,1.0279739921043631,0.0,0.0,0.069,optimal
2021-02-13 12:00:00,93,2,1.1428571428571428,0.0,0.0,0.1574,optimal
2021-02-13 12:30:00,93,2,1.1428571428571428,0.0,0.0,0.1608,optimal
2021-02-13 13:00:00,93,2,1.1428571428571428,0.0,0.0,0.10866666666666669,optimal
2021-02-13 13:30:00,93,2,1.1428571428571428,0.0,0.0,0.16419999999999998,optimal
2021-02-13 14:00:00,93,2,1.1428571428571428,0.0,0.0,0.19366666666666663,optimal
2021-02-13 14:30:00,93,2,1.1428571428571428,0.0,0.0,0.1438,optimal
2021-02-13 15:00:00,93,2,1.1428571428571428,0.0,0.0,0.08940000000000001,optimal
2021-02-13 15:30:00,93,2,1.1428571428571428,0.0,0.0,0.069,optimal
2021-02-13 16:00:00,93,2,0.0,0.0,0.0,0.28886666666666666,optimal
2021-02-13 16:30:00,93,2,0.0,0.0,0.0,0.069,optimal
2021-02-13 17:00:00,93,2,0.0,0.0,0.0,0.7035333333333333,optimal
2021-02-13 17:30:00,93,2,0.0,0.0,0.0,1.8836,optimal
2021-02-13 18:00:00,93,2,0.0,0.0,0.0,1.8045333333333333,optimal
2021-02-13 18:30:00,93,2,0.0,0.23222222222222222,0.0,0.9962333333333332,optimal
2021-02-13 19:00:00,93,2,0.0,0.0,0.0,0.3347,optimal
2021-02-13 19:30:00,93,2,0.6726585704667543,0.0,0.0,0.45089999999999997,optimal
2021-02-13 20:00:00,93,2,0.7201441983798748,0.0,0.0,0.2321,optimal
2021-02-13 20:30:00,93,2,0.0,0.0,0.0,0.8131666666666666,optimal
2021-02-13 21:00:00,93,2,0.0,0.0,0.0,1.3763333333333332,optimal
2021-02-13 21:30:00,93,2,0.0,0.0,0.0,0.8144333333333332,optimal
2021-02-13 22:00:00,93,2,0.0,0.0,0.0,1.0870333333333333,optimal
2021-02-13 22:30:00,93,2,0.0,0.0,0.0,0.3316,optimal
2021-02-13 23:00:00,93,2,0.0,0.1548148148148148,0.0,0.266,optimal
2021-02-13 23:30:00,93,2,0.0,0.0,0.0,0.15313333333333332,optimal
2021-02-07 00:00:00,94,2,0.0,0.0,0.0,0.056,optimal
2021-02-07 00:30:00,94,2,0.0,0.0,0.0,0.056,optimal
2021-02-07 01:00:00,94,2,0.0,0.0,0.0,0.056,optimal
2021-02-07 01:30:00,94,2,0.0,0.0,0.0,0.18286666666666668,optimal
2021-02-07 02:00:00,94,2,0.0,0.0,0.0,0.056,optimal
2021-02-07 02:30:00,94,2,0.0,0.0,0.0,0.056,optimal
2021-02-07 03:00:00,94,2,0.0,0.0,0.0,0.18286666666666668,optimal
2021-02-07 03:30:00,94,2,0.0,0.0,0.0,0.05633333333333333,optimal
2021-02-07 04:00:00,94,2,1.1428571428571428,0.0,0.0,0.10636666666666666,optimal
2021-02-07 04:30:00,94,2,1.1428571428571428,0.0,0.0,0.1525,optimal
2021-02-07 05:00:00,94,2,1.1428571428571428,0.0,0.0,0.066,optimal
2021-02-07 05:30:00,94,2,1.1428571428571428,0.0,0.0,0.08906666666666667,optimal
2021-02-07 06:00:00,94,2,1.1428571428571428,0.0,0.0,0.1698,optimal
2021-02-07 06:30:00,94,2,1.1428571428571428,0.0,0.0,0.066,optimal
2021-02-07 07:00:00,94,2,1.1428571428571428,0.0,2.0120072799789424,0.1928666666666667,optimal
2021-02-07 07:30:00,94,2,0.0,0.0,0.0,0.064,optimal
2021-02-07 08:00:00,94,2,0.299193101232754,2.39962962962963,0.0,0.11013333333333333,optimal
2021-02-07 08:30:00,94,2,0.5756640642561747,0.46444444444444444,0.0,0.16873333333333332,optimal
2021-02-07 09:00:00,94,2,0.5552692803350311,0.387037037037037,0.0,0.10373333333333332,optimal
2021-02-07 09:30:00,94,2,0.4870255139975171,0.0,0.0,0.4237666666666666,optimal
2021-02-07 10:00:00,94,2,0.27165676592973476,0.3096296296296296,0.0,1.1759333333333335,optimal
2021-02-07 10:30:00,94,2,0.4414871557476185,0.0,0.0,0.5623666666666667,optimal
2021-02-07 11:00:00,94,2,0.4310252455239946,0.6966666666666667,0.0,0.43956666666666666,optimal
2021-02-07 11:30:00,94,2,0.3902128645716163,0.1548148148148148,0.0,1.3657666666666668,optimal
2021-02-07 12:00:00,94,2,0.2972511834040168,0.0774074074074074,0.0,1.8950333333333333,optimal
2021-02-07 12:30:00,94,2,0.4122502310230625,0.387037037037037,0.0,0.3236,optimal
2021-02-07 13:00:00,94,2,0.9539685781912393,0.46444444444444444,0.0,0.218,optimal
2021-02-07 13:30:00,94,2,1.1428571428571428,0.1548148148148148,0.0,1.0082333333333333,optimal
2021-02-07 14:00:00,94,2,1.1428571428571428,0.0,0.0,0.9649333333333332,optimal
2021-02-07 14:30:00,94,2,1.1428571428571428,0.0,0.0,0.30646666666666667,optimal
2021-02-07 15:00:00,94,2,1.1428571428571428,0.6192592592592592,0.0,0.16973333333333332,optimal
2021-02-07 15:30:00,94,2,1.1428571428571428,0.3096296296296296,0.0,0.38376666666666664,optimal
2021-02-07 16:00:00,94,2,0.0,0.0,0.0,1.4834,optimal
2021-02-07 16:30:00,94,2,0.0,0.46444444444444444,0.0,0.4948666666666667,optimal
2021-02-07 17:00:00,94,2,0.0,0.0774074074074074,0.0,0.4642,optimal
2021-02-07 17:30:00,94,2,0.0,0.0774074074074074,0.0,0.5273,optimal
2021-02-07 18:00:00,94,2,0.0,0.0774074074074074,0.0,0.8721666666666666,optimal
2021-02-07 18:30:00,94,2,0.0,0.3096296296296296,0.0,1.5962333333333332,optimal
2021-02-07 19:00:00,94,2,0.0,0.0,0.0,0.1412,optimal
2021-02-07 19:30:00,94,2,0.0,0.46444444444444444,0.0,0.2703333333333333,optimal
2021-02-07 20:00:00,94,2,0.0,0.0,0.0,0.19373333333333329,optimal
2021-02-07 20:30:00,94,2,0.0,0.0,0.0,0.38876666666666665,optimal
2021-02-07 21:00:00,94,2,0.0,1.8577777777777778,0.0,0.4457,optimal
2021-02-07 21:30:00,94,2,0.0,0.0,0.0,0.1308,optimal
2021-02-07 22:00:00,94,2,0.0,0.0,0.0,0.1928666666666667,optimal
2021-02-07 22:30:00,94,2,0.0,0.0,0.0,0.066,optimal
2021-02-07 23:00:00,94,2,0.0,0.0,0.0,0.1525,optimal
2021-02-07 23:30:00,94,2,0.0,0.0,0.0,0.10503333333333331,optimal
2021-02-08 00:00:00,94,2,0.0,0.0,0.0,0.06966666666666667,optimal
2021-02-08 00:30:00,94,2,0.0,0.0,0.0,1.9594,optimal
2021-02-08 01:00:00,94,2,0.0,0.0774074074074074,0.0,0.46613333333333334,optimal
2021-02-08 01:30:00,94,2,0.562498314843294,0.0,0.0,0.062,optimal
2021-02-08 02:00:00,94,2,1.1428571428571428,0.0,0.0,0.13176666666666667,optimal
2021-02-08 02:30:00,94,2,1.1428571428571428,0.0,0.0,0.10723333333333332,optimal
2021-02-08 03:00:00,94,2,1.1428571428571428,0.0,0.0,0.118,optimal
2021-02-08 03:30:00,94,2,1.1428571428571428,0.0,0.0,0.18706666666666663,optimal
2021-02-08 04:00:00,94,2,1.1428571428571428,0.0,0.0,0.062,optimal
2021-02-08 04:30:00,94,2,1.1428571428571428,0.0,0.0,0.13873333333333332,optimal
2021-02-08 05:00:00,94,2,1.1428571428571428,0.0,0.0,0.176,optimal
2021-02-08 05:30:00,94,2,1.1428571428571428,0.0,0.0,0.13340000000000002,optimal
2021-02-08 06:00:00,94,2,1.1428571428571428,0.0,0.0,0.15323333333333333,optimal
2021-02-08 06:30:00,94,2,1.1428571428571428,0.0,2.320597413278524,0.1495,optimal
2021-02-08 07:00:00,94,2,1.1428571428571428,0.5418518518518518,10.0,0.319,optimal
2021-02-08 07:30:00,94,2,1.1428571428571428,0.0774074074074074,0.0,0.2216,optimal
2021-02-08 08:00:00,94,2,0.6540769194487512,0.6966666666666667,0.0,0.15496666666666667,optimal
2021-02-08 08:30:00,94,2,0.6800596902190182,0.0,0.0,0.09966666666666668,optimal
2021-02-08 09:00:00,94,2,0.660812848436922,0.0,0.0,0.1977,optimal
2021-02-08 09:30:00,94,2,0.5827482160910523,0.0,0.0,0.3338,optimal
2021-02-08 10:00:00,94,2,0.5232684149600761,0.3096296296296296,0.0,0.29136666666666666,optimal
2021-02-08 10:30:00,94,2,0.36268733302022527,0.1548148148148148,0.0,2.0992333333333333,optimal
2021-02-08 11:00:00,94,2,0.4349353622091789,0.387037037037037,0.0,0.198,optimal
2021-02-08 11:30:00,94,2,0.38808592477225606,0.0,0.0,0.27753333333333335,optimal
2021-02-08 12:00:00,94,2,0.27684712157876334,0.0774074074074074,0.0,0.26773333333333327,optimal
2021-02-08 12:30:00,94,2,0.3526701514668163,0.1548148148148148,0.0,0.5422333333333333,optimal
2021-02-08 13:00:00,94,2,0.23143053243676331,0.0,0.0,1.9909000000000001,optimal
2021-02-08 13:30:00,94,2,0.7375524467440105,0.0,0.0,0.10336666666666666,optimal
2021-02-08 14:00:00,94,2,1.1428571428571428,0.0,0.0,1.2504333333333333,optimal
2021-02-08 14:30:00,94,2,1.1428571428571428,0.0,0.0,0.2486,optimal
2021-02-08 15:00:00,94,2,1.1428571428571428,0.0,0.0,0.39973333333333333,optimal
2021-02-08 15:30:00,94,2,1.1428571428571428,0.0,0.0,0.8413666666666667,optimal
2021-02-08 16:00:00,94,2,0.0,0.8514814814814814,0.0,2.2704666666666666,optimal
2021-02-08 16:30:00,94,2,0.0,0.0774074074074074,0.0,2.907833333333333,optimal
2021-02-08 17:00:00,94,2,0.0,0.5418518518518518,0.0,2.4402,optimal
2021-02-08 17:30:00,94,2,0.0,0.387037037037037,0.0,4.5293,optimal
2021-02-08 18:00:00,94,2,0.0,0.46444444444444444,0.0,1.5340666666666667,optimal
2021-02-08 18:30:00,94,2,0.0,0.23222222222222222,0.0,0.6346,optimal
2021-02-08 19:00:00,94,2,0.0,5.495925925925925,0.0,0.5157666666666667,optimal
2021-02-08 19:30:00,94,2,0.0,0.0,0.0,0.3422,optimal
2021-02-08 20:00:00,94,2,0.0,0.0,0.0,0.3587333333333333,optimal
2021-02-08 20:30:00,94,2,0.0,0.0,0.0,0.1851,optimal
2021-02-08 21:00:00,94,2,0.0,0.23222222222222222,0.0,0.32676666666666665,optimal
2021-02-08 21:30:00,94,2,0.0,0.0774074074074074,0.0,0.4186,optimal
2021-02-08 22:00:00,94,2,0.0,0.0,0.0,3.244266666666667,optimal
2021-02-08 22:30:00,94,2,0.0,0.0,0.0,0.9818,optimal
2021-02-08 23:00:00,94,2,0.0,0.1548148148148148,0.0,0.5540666666666667,optimal
2021-02-08 23:30:00,94,2,0.0,0.0,0.0,0.25316666666666665,optimal
2021-02-09 00:00:00,94,2,0.0,0.0774074074074074,0.0,0.035666666666666666,optimal
2021-02-09 00:30:00,94,2,0.0,0.0,0.0,0.044,optimal
2021-02-09 01:00:00,94,2,0.0,0.0,0.0,0.2177666666666667,optimal
2021-02-09 01:30:00,94,2,0.41819027130962194,0.0,0.0,0.0567,optimal
2021-02-09 02:00:00,94,2,1.1428571428571428,0.0,0.0,0.1451,optimal
2021-02-09 02:30:00,94,2,1.1428571428571428,0.0,0.0,0.13636666666666666,optimal
2021-02-09 03:00:00,94,2,1.1428571428571428,0.0,0.0,0.051,optimal
2021-02-09 03:30:00,94,2,1.1428571428571428,0.0,0.0,0.23046666666666668,optimal
2021-02-09 04:00:00,94,2,1.1428571428571428,0.0,0.0,0.037,optimal
2021-02-09 04:30:00,94,2,1.1428571428571428,0.0,0.0,0.12276666666666668,optimal
2021-02-09 05:00:00,94,2,1.1428571428571428,0.0,0.0,0.15869999999999998,optimal
2021-02-09 05:30:00,94,2,1.1428571428571428,0.0,0.0,0.037,optimal
2021-02-09 06:00:00,94,2,1.1428571428571428,0.0,0.0,0.24446666666666667,optimal
2021-02-09 06:30:00,94,2,1.1428571428571428,0.0774074074074074,0.7963747566545384,0.4714666666666666,optimal
2021-02-09 07:00:00,94,2,1.1428571428571428,0.5418518518518518,10.0,1.2269333333333334,optimal
2021-02-09 07:30:00,94,2,1.1428571428571428,3.3285185185185178,0.0,0.9185333333333332,optimal
2021-02-09 08:00:00,94,2,0.8467409040001643,0.0,0.0,0.0645,optimal
2021-02-09 08:30:00,94,2,0.7910477002257242,0.0,0.0,0.23696666666666666,optimal
2021-02-09 09:00:00,94,2,0.78117093749206,0.0,0.0,0.047,optimal
2021-02-09 09:30:00,94,2,0.7653369108955583,0.0,0.0,0.0575,optimal
2021-02-09 10:00:00,94,2,0.6004094120511,0.0,0.0,0.24396666666666667,optimal
2021-02-09 10:30:00,94,2,0.6459905803635448,0.0,0.0,0.047,optimal
2021-02-09 11:00:00,94,2,0.5120067823152615,0.0,0.0,0.15596666666666667,optimal
2021-02-09 11:30:00,94,2,0.5984708651294209,0.0,0.0,0.1455,optimal
2021-02-09 12:00:00,94,2,1.1428571428571428,0.0,0.0,0.06406666666666666,optimal
2021-02-09 12:30:00,94,2,1.1428571428571428,0.0,0.0,0.2374,optimal
2021-02-09 13:00:00,94,2,1.1428571428571428,0.0,0.0,0.047,optimal
2021-02-09 13:30:00,94,2,1.1428571428571428,0.0,0.0,0.11266666666666668,optimal
2021-02-09 14:00:00,94,2,1.1428571428571428,0.0,0.0,0.1258,optimal
2021-02-09 14:30:00,94,2,1.1428571428571428,0.0,0.0,0.05356666666666667,optimal
2021-02-09 15:00:00,94,2,1.1428571428571428,0.0,0.0,0.2479,optimal
2021-02-09 15:30:00,94,2,1.1428571428571428,0.0,0.0,0.047,optimal
2021-02-09 16:00:00,94,2,0.0,0.0,0.0,0.103,optimal
2021-02-09 16:30:00,94,2,0.0,0.0,0.0,0.06056666666666667,optimal
2021-02-09 17:00:00,94,2,0.0,0.0,0.0,0.1849,optimal
2021-02-09 17:30:00,94,2,0.0,0.0,0.0,0.11,optimal
2021-02-09 18:00:00,94,2,0.0,0.23222222222222222,0.0,0.22313333333333332,optimal
2021-02-09 18:30:00,94,2,0.0,0.0,0.0,0.1447,optimal
2021-02-09 19:00:00,94,2,0.0,0.5418518518518518,0.0,0.3131333333333333,optimal
2021-02-09 19:30:00,94,2,0.5428919878902795,0.1548148148148148,0.0,0.3841,optimal
2021-02-09 20:00:00,94,2,0.5816443688426608,0.3096296296296296,0.0,0.2615,optimal
2021-02-09 20:30:00,94,2,0.0,0.0,0.0,0.3898666666666667,optimal
2021-02-09 21:00:00,94,2,0.0,0.0774074074074074,0.0,0.30056666666666665,optimal
2021-02-09 21:30:00,94,2,0.0,0.0,0.0,0.3650333333333334,optimal
2021-02-09 22:00:00,94,2,0.0,1.2586444444444445,0.0,0.46623333333333333,optimal
2021-02-09 22:30:00,94,2,0.0,0.6765407407407406,0.0,0.3249666666666666,optimal
2021-02-09 23:00:00,94,2,0.0,0.0,0.0,0.15906666666666666,optimal
2021-02-09 23:30:00,94,2,0.0,0.0,0.0,0.2509333333333333,optimal
2021-02-10 00:00:00,94,2,0.0,0.0,0.0,0.05,optimal
2021-02-10 00:30:00,94,2,0.0,0.0,0.0,0.0535,optimal
2021-02-10 01:00:00,94,2,0.0,0.0,0.0,0.2049,optimal
2021-02-10 01:30:00,94,2,0.669670805742178,0.0,0.0,0.08170000000000001,optimal
2021-02-10 02:00:00,94,2,1.1428571428571428,0.0,0.0,0.1025,optimal
2021-02-10 02:30:00,94,2,1.1428571428571428,0.0,0.0,0.1295,optimal
2021-02-10 03:00:00,94,2,1.1428571428571428,0.0,0.0,0.15009999999999998,optimal
2021-02-10 03:30:00,94,2,1.1428571428571428,0.0,0.0,0.05733333333333333,optimal
2021-02-10 04:00:00,94,2,1.1428571428571428,0.0,0.0,0.2389333333333333,optimal
2021-02-10 04:30:00,94,2,1.1428571428571428,0.0,0.0,0.05,optimal
2021-02-10 05:00:00,94,2,1.1428571428571428,0.0,0.0,0.10723333333333332,optimal
2021-02-10 05:30:00,94,2,1.1428571428571428,0.0774074074074074,0.0,0.17103333333333334,optimal
2021-02-10 06:00:00,94,2,1.1428571428571428,0.23222222222222222,0.0,0.05066666666666666,optimal
2021-02-10 06:30:00,94,2,1.1428571428571428,0.46444444444444444,1.0224494213313344,0.13183333333333333,optimal
2021-02-10 07:00:00,94,2,1.1428571428571428,2.1674074074074072,10.0,0.3065,optimal
2021-02-10 07:30:00,94,2,1.1428571428571428,0.9288888888888889,0.0,2.0944333333333334,optimal
2021-02-10 08:00:00,94,2,0.5581997757825378,0.0774074074074074,0.0,0.38613333333333333,optimal
2021-02-10 08:30:00,94,2,0.2815389961467823,0.46444444444444444,0.0,1.1725,optimal
2021-02-10 09:00:00,94,2,0.4937090088074184,3.6613703703703697,0.0,0.1846,optimal
2021-02-10 09:30:00,94,2,0.5695910863145158,2.1441851851851856,0.0,0.13126666666666667,optimal
2021-02-10 10:00:00,94,2,0.5227329207946044,0.0,0.0,0.15180000000000002,optimal
2021-02-10 10:30:00,94,2,0.4321235265439754,0.1548148148148148,0.0,0.5103666666666666,optimal
2021-02-10 11:00:00,94,2,0.575576588356224,0.0,0.0,0.06,optimal
2021-02-10 11:30:00,94,2,0.7431478392844268,0.0,0.0,0.1707,optimal
2021-02-10 12:00:00,94,2,1.1428571428571428,0.0,0.0,0.12890000000000001,optimal
2021-02-10 12:30:00,94,2,1.1428571428571428,0.0,0.0,0.12140000000000001,optimal
2021-02-10 13:00:00,94,2,1.1428571428571428,0.0,0.0,0.21686666666666668,optimal
2021-02-10 13:30:00,94,2,1.1428571428571428,0.0,0.0,0.09866666666666668,optimal
2021-02-10 14:00:00,94,2,1.1428571428571428,0.0,0.0,0.06,optimal
2021-02-10 14:30:00,94,2,1.1428571428571428,0.0,0.0,0.16069999999999998,optimal
2021-02-10 15:00:00,94,2,1.1428571428571428,0.0,0.0,0.07590000000000001,optimal
2021-02-10 15:30:00,94,2,1.1428571428571428,0.0,0.0,0.123,optimal
2021-02-10 16:00:00,94,2,0.0,0.0,0.0,0.12359999999999999,optimal
2021-02-10 16:30:00,94,2,0.0,0.0,0.0,0.176,optimal
2021-02-10 17:00:00,94,2,0.0,0.0,0.0,0.06,optimal
2021-02-10 17:30:00,94,2,0.0,0.0,0.0,0.2396,optimal
2021-02-10 18:00:00,94,2,0.0,0.0,0.0,0.14266666666666666,optimal
2021-02-10 18:30:00,94,2,0.0,0.0,0.0,0.212,optimal
2021-02-10 19:00:00,94,2,0.0,0.23222222222222222,0.0,0.306,optimal
2021-02-10 19:30:00,94,2,0.6761689170983404,0.0,0.0,0.18930000000000002,optimal
2021-02-10 20:00:00,94,2,0.7979306059287499,0.0,0.0,0.2152666666666667,optimal
2021-02-10 20:30:00,94,2,0.0,0.0,0.0,0.123,optimal
2021-02-10 21:00:00,94,2,0.0,0.0,0.0,0.15009999999999998,optimal
2021-02-10 21:30:00,94,2,0.0,0.0,0.0,0.1057,optimal
2021-02-10 22:00:00,94,2,0.0,0.46444444444444444,0.0,0.14063333333333333,optimal
2021-02-10 22:30:00,94,2,0.0,0.23222222222222222,0.0,0.45330000000000004,optimal
2021-02-10 23:00:00,94,2,0.0,0.0,0.0,0.32189999999999996,optimal
2021-02-10 23:30:00,94,2,0.0,0.0,0.0,0.2125,optimal
2021-02-11 00:00:00,94,2,1.1428571428571428,0.0,0.0,0.058,optimal
2021-02-11 00:30:00,94,2,1.1428571428571428,0.0,0.0,0.058,optimal
2021-02-11 01:00:00,94,2,1.1428571428571428,0.0,0.0,0.09373333333333332,optimal
2021-02-11 01:30:00,94,2,1.1428571428571428,0.0,0.0,0.1656,optimal
2021-02-11 02:00:00,94,2,1.1428571428571428,0.0,0.0,0.058,optimal
2021-02-11 02:30:00,94,2,1.1428571428571428,0.0,0.0,0.14733333333333334,optimal
2021-02-11 03:00:00,94,2,1.1428571428571428,0.0,0.0,0.058,optimal
2021-02-11 03:30:00,94,2,1.1428571428571428,0.0,0.0,0.15933333333333335,optimal
2021-02-11 04:00:00,94,2,1.1428571428571428,0.0,0.0,0.1,optimal
2021-02-11 04:30:00,94,2,1.1428571428571428,0.0,0.0,0.062,optimal
2021-02-11 05:00:00,94,2,1.1428571428571428,0.0,0.0,0.2113333333333333,optimal
2021-02-11 05:30:00,94,2,1.1428571428571428,0.0,0.0,0.068,optimal
2021-02-11 06:00:00,94,2,1.1428571428571428,0.0,0.0,0.2073333333333333,optimal
2021-02-11 06:30:00,94,2,1.1428571428571428,0.0,1.1864705000236073,0.05766666666666666,optimal
2021-02-11 07:00:00,94,2,1.1428571428571428,0.0774074074074074,10.0,0.18246666666666667,optimal
2021-02-11 07:30:00,94,2,1.1428571428571428,3.1046415377090617,0.0,0.07986666666666666,optimal
2021-02-11 08:00:00,94,2,0.91599250369864,0.0,0.0,0.1716,optimal
2021-02-11 08:30:00,94,2,0.9429428503302182,0.0,0.0,0.09373333333333332,optimal
2021-02-11 09:00:00,94,2,0.8826264685225863,0.0,0.0,0.07093333333333333,optimal
2021-02-11 09:30:00,94,2,0.7916202746227957,0.0,0.0,0.1484,optimal
2021-02-11 10:00:00,94,2,0.6218708378697164,0.0,0.0,0.068,optimal
2021-02-11 10:30:00,94,2,0.6065865101103296,0.0,0.0,0.2113333333333333,optimal
2021-02-11 11:00:00,94,2,0.46544551365270365,0.0,0.0,0.5539666666666667,optimal
2021-02-11 11:30:00,94,2,0.344509018590026,1.0837037037037036,0.0,0.6877000000000001,optimal
2021-02-11 12:00:00,94,2,0.5844361412222364,0.23222222222222222,0.0,0.2344,optimal
2021-02-11 12:30:00,94,2,1.1428571428571428,0.0,0.0,0.08133333333333333,optimal
2021-02-11 13:00:00,94,2,1.1428571428571428,0.0,0.0,0.061,optimal
2021-02-11 13:30:00,94,2,1.1428571428571428,0.0,0.0,0.1849333333333333,optimal
2021-02-11 14:00:00,94,2,1.1428571428571428,0.0,0.0,0.0864,optimal
2021-02-11 14:30:00,94,2,1.1428571428571428,0.0,0.0,0.15906666666666666,optimal
2021-02-11 15:00:00,94,2,1.1428571428571428,0.0,0.0,0.13226666666666667,optimal
2021-02-11 15:30:00,94,2,1.1428571428571428,0.0,0.0,0.089,optimal
2021-02-11 16:00:00,94,2,0.0,0.0,0.0,0.15319999999999998,optimal
2021-02-11 16:30:00,94,2,0.0,0.0774074074074074,0.0,0.5488333333333334,optimal
2021-02-11 17:00:00,94,2,0.0,0.6966666666666667,0.0,1.3197333333333332,optimal
2021-02-11 17:30:00,94,2,0.0,0.46444444444444444,0.0,1.0776666666666668,optimal
2021-02-11 18:00:00,94,2,0.0,0.0,0.0,1.8457000000000001,optimal
2021-02-11 18:30:00,94,2,0.0,0.23222222222222222,0.0,0.3943333333333333,optimal
2021-02-11 19:00:00,94,2,0.0,0.1548148148148148,0.0,0.26280000000000003,optimal
2021-02-11 19:30:00,94,2,0.7871414390216288,0.0,0.0,0.5408,optimal
2021-02-11 20:00:00,94,2,0.6965959861361108,0.1548148148148148,0.0,2.2979666666666665,optimal
2021-02-11 20:30:00,94,2,0.0,0.23222222222222222,0.0,3.640366666666667,optimal
2021-02-11 21:00:00,94,2,0.0,0.0,0.0,1.6633,optimal
2021-02-11 21:30:00,94,2,0.0,0.0,0.0,0.7892333333333333,optimal
2021-02-11 22:00:00,94,2,0.0,0.0,0.0,0.8105666666666668,optimal
2021-02-11 22:30:00,94,2,0.0,0.8514814814814814,0.0,0.31260000000000004,optimal
2021-02-11 23:00:00,94,2,0.0,0.0,0.0,0.1524,optimal
2021-02-11 23:30:00,94,2,0.0,0.0,0.0,0.11,optimal
2021-02-12 00:00:00,94,2,1.1428571428571428,0.0,0.0,0.058,optimal
2021-02-12 00:30:00,94,2,1.1428571428571428,0.0,0.0,0.09759999999999999,optimal
2021-02-12 01:00:00,94,2,1.1428571428571428,0.0,0.0,0.245,optimal
2021-02-12 01:30:00,94,2,1.1428571428571428,0.0,0.0,0.058,optimal
2021-02-12 02:00:00,94,2,1.1428571428571428,0.0,0.0,0.1391,optimal
2021-02-12 02:30:00,94,2,1.1428571428571428,0.0,0.0,0.2035,optimal
2021-02-12 03:00:00,94,2,1.1428571428571428,0.0,0.0,0.0888,optimal
2021-02-12 03:30:00,94,2,1.1428571428571428,0.0,0.0,0.2223,optimal
2021-02-12 04:00:00,94,2,1.1428571428571428,0.0,0.0,0.0895,optimal
2021-02-12 04:30:00,94,2,1.1428571428571428,0.0,0.0,0.08,optimal
2021-02-12 05:00:00,94,2,1.1428571428571428,0.0,0.0,0.1429,optimal
2021-02-12 05:30:00,94,2,1.1428571428571428,0.0,2.005239729525909,0.18703333333333333,optimal
2021-02-12 06:00:00,94,2,1.1428571428571428,0.0,10.0,0.1412,optimal
2021-02-12 06:30:00,94,2,1.1428571428571428,0.0,10.0,0.058,optimal
2021-02-12 07:00:00,94,2,1.1428571428571428,0.0,10.0,0.2585,optimal
2021-02-12 07:30:00,94,2,1.1428571428571428,5.218523862038332,0.0,0.1193,optimal
2021-02-12 08:00:00,94,2,0.7579038481798732,0.46444444444444444,0.0,1.5844,optimal
2021-02-12 08:30:00,94,2,0.6354960563870576,0.1548148148148148,0.0,1.0853,optimal
2021-02-12 09:00:00,94,2,0.5694831671508493,0.5418518518518518,0.0,1.2700333333333333,optimal
2021-02-12 09:30:00,94,2,0.6185212578241432,0.0,0.0,0.3972333333333333,optimal
2021-02-12 10:00:00,94,2,0.5425176055572766,0.0,0.0,0.20776666666666668,optimal
2021-02-12 10:30:00,94,2,0.5088893796190963,0.0,0.0,0.179,optimal
2021-02-12 11:00:00,94,2,0.4055005058051271,0.46444444444444444,0.0,0.13393333333333335,optimal
2021-02-12 11:30:00,94,2,0.43068531089619244,0.3096296296296296,0.0,0.10679999999999999,optimal
2021-02-12 12:00:00,94,2,0.8773093616619084,0.0,0.0,0.163,optimal
2021-02-12 12:30:00,94,2,1.1428571428571428,0.0,0.0,0.1776,optimal
2021-02-12 13:00:00,94,2,1.1428571428571428,0.0,0.0,0.1472,optimal
2021-02-12 13:30:00,94,2,1.1428571428571428,0.0,0.0,0.068,optimal
2021-02-12 14:00:00,94,2,1.1428571428571428,0.0,0.0,0.2027,optimal
2021-02-12 14:30:00,94,2,1.1428571428571428,0.0,0.0,0.15990000000000001,optimal
2021-02-12 15:00:00,94,2,1.1428571428571428,0.0,0.0,0.1353,optimal
2021-02-12 15:30:00,94,2,1.1428571428571428,0.0,0.0,0.2273,optimal
2021-02-12 16:00:00,94,2,0.0,0.0,0.0,0.09,optimal
2021-02-12 16:30:00,94,2,0.0,0.0,0.0,0.1466,optimal
2021-02-12 17:00:00,94,2,0.0,0.0,0.0,0.194,optimal
2021-02-12 17:30:00,94,2,0.0,0.23222222222222222,0.0,0.07166666666666667,optimal
2021-02-12 18:00:00,94,2,0.0,0.1548148148148148,0.0,0.1242,optimal
2021-02-12 18:30:00,94,2,0.0,0.23222222222222222,0.0,0.44530000000000003,optimal
2021-02-12 19:00:00,94,2,0.0,0.1548148148148148,0.0,0.2565,optimal
2021-02-12 19:30:00,94,2,0.3086947609429498,2.0899999999999994,0.0,1.7245333333333333,optimal
2021-02-12 20:00:00,94,2,0.6154299126655813,0.0,0.0,0.347,optimal
2021-02-12 20:30:00,94,2,0.0,0.0,0.0,0.32946666666666663,optimal
2021-02-12 21:00:00,94,2,0.0,0.0,0.0,0.4246333333333333,optimal
2021-02-12 21:30:00,94,2,0.0,5.031481481481482,0.0,0.3424,optimal
2021-02-12 22:00:00,94,2,0.0,0.0,0.0,0.3472,optimal
2021-02-12 22:30:00,94,2,0.0,0.0,0.0,0.2001,optimal
2021-02-12 23:00:00,94,2,0.0,0.0,0.0,0.1247,optimal
2021-02-12 23:30:00,94,2,0.0,0.0,0.0,0.1807,optimal
2021-02-13 00:00:00,94,2,0.0,0.0,0.0,0.1754,optimal
2021-02-13 00:30:00,94,2,0.1456971739767481,0.0,0.0,0.0872,optimal
2021-02-13 01:00:00,94,2,1.1428571428571428,0.0,0.0,0.22719999999999999,optimal
2021-02-13 01:30:00,94,2,1.1428571428571428,0.0,0.0,0.125,optimal
2021-02-13 02:00:00,94,2,1.1428571428571428,0.0,0.0,0.1575,optimal
2021-02-13 02:30:00,94,2,1.1428571428571428,0.0,0.0,0.19469999999999998,optimal
2021-02-13 03:00:00,94,2,1.1428571428571428,0.0,0.0,0.062,optimal
2021-02-13 03:30:00,94,2,1.1428571428571428,0.0,0.0,0.2646,optimal
2021-02-13 04:00:00,94,2,1.1428571428571428,0.0,0.0,0.0876,optimal
2021-02-13 04:30:00,94,2,1.1428571428571428,0.0,0.0,0.188,optimal
2021-02-13 05:00:00,94,2,1.1428571428571428,0.0,0.0,0.16419999999999998,optimal
2021-02-13 05:30:00,94,2,1.1428571428571428,0.0,1.5479992455012554,0.0998,optimal
2021-02-13 06:00:00,94,2,1.1428571428571428,0.0,10.0,0.1628,optimal
2021-02-13 06:30:00,94,2,1.1428571428571428,0.0,10.0,0.15159999999999998,optimal
2021-02-13 07:00:00,94,2,1.1428571428571428,0.0,10.0,0.062,optimal
2021-02-13 07:30:00,94,2,1.1428571428571428,0.0,0.0,0.30019999999999997,optimal
2021-02-13 08:00:00,94,2,0.8414355313042782,0.0,0.0,0.072,optimal
2021-02-13 08:30:00,94,2,0.8104965268715226,0.0,0.0,0.1728,optimal
2021-02-13 09:00:00,94,2,0.6843628742155636,0.46444444444444444,0.0,0.2046,optimal
2021-02-13 09:30:00,94,2,0.6651954710994358,0.5418518518518518,0.0,0.24486666666666668,optimal
2021-02-13 10:00:00,94,2,0.5758722475536302,0.0,0.0,0.28326666666666667,optimal
2021-02-13 10:30:00,94,2,0.577428481216114,0.0774074074074074,0.0,0.3252,optimal
2021-02-13 11:00:00,94,2,0.4250430374797937,0.3096296296296296,0.0,0.4585,optimal
2021-02-13 11:30:00,94,2,0.5243992711422831,0.0,0.0,0.20126666666666668,optimal
2021-02-13 12:00:00,94,2,0.5097115409967915,0.0,0.0,0.1232,optimal
2021-02-13 12:30:00,94,2,0.8691649333828372,0.0,0.0,0.072,optimal
2021-02-13 13:00:00,94,2,1.1428571428571428,0.1548148148148148,0.0,0.38339999999999996,optimal
2021-02-13 13:30:00,94,2,1.1428571428571428,0.0,0.0,0.3628,optimal
2021-02-13 14:00:00,94,2,1.1428571428571428,0.0,0.0,0.213,optimal
2021-02-13 14:30:00,94,2,1.1428571428571428,0.0,0.0,0.38553333333333334,optimal
2021-02-13 15:00:00,94,2,1.1428571428571428,0.0,0.0,0.5324,optimal
2021-02-13 15:30:00,94,2,1.1428571428571428,0.0,0.0,0.27786666666666665,optimal
2021-02-13 16:00:00,94,2,0.0,0.0,0.0,0.2044,optimal
2021-02-13 16:30:00,94,2,0.0,1.1611111111111108,0.0,0.20726666666666668,optimal
2021-02-13 17:00:00,94,2,0.0,0.387037037037037,0.0,0.3166666666666667,optimal
2021-02-13 17:30:00,94,2,0.0,5.327177777777777,0.0,0.23536666666666667,optimal
2021-02-13 18:00:00,94,2,0.0,3.729488888888888,0.0,0.1556,optimal
2021-02-13 18:30:00,94,2,0.0,0.387037037037037,0.0,1.0304,optimal
2021-02-13 19:00:00,94,2,0.0,0.0,0.0,0.7111333333333333,optimal
2021-02-13 19:30:00,94,2,0.6168185704667584,0.0774074074074074,0.0,0.4695666666666667,optimal
2021-02-13 20:00:00,94,2,0.6563727698084395,0.0,0.0,0.22003333333333333,optimal
2021-02-13 20:30:00,94,2,0.0,0.0,0.0,0.42773333333333335,optimal
2021-02-13 21:00:00,94,2,0.0,0.23222222222222222,0.0,0.5962999999999999,optimal
2021-02-13 21:30:00,94,2,0.0,0.1548148148148148,0.0,0.38503333333333334,optimal
2021-02-13 22:00:00,94,2,0.0,0.0,0.0,0.2533333333333333,optimal
2021-02-13 22:30:00,94,2,0.0,0.0,0.0,0.17909999999999998,optimal
2021-02-13 23:00:00,94,2,0.0,0.0,0.0,0.1035,optimal
2021-02-13 23:30:00,94,2,0.0,0.0,0.0,0.11243333333333334,optimal
2021-02-07 00:00:00,95,2,0.0,0.0,0.0,0.058,optimal
2021-02-07 00:30:00,95,2,0.0,0.0,0.0,0.2393,optimal
2021-02-07 01:00:00,95,2,0.0,0.0,0.0,0.0755,optimal
2021-02-07 01:30:00,95,2,0.0,0.0,0.0,0.08133333333333333,optimal
2021-02-07 02:00:00,95,2,0.0,0.0,0.0,0.18653333333333333,optimal
2021-02-07 02:30:00,95,2,0.0,0.0,0.0,0.10493333333333334,optimal
2021-02-07 03:00:00,95,2,0.0,0.0,0.0,0.058,optimal
2021-02-07 03:30:00,95,2,0.0,0.0,0.0,0.14013333333333333,optimal
2021-02-07 04:00:00,95,2,1.1428571428571428,0.0,0.0,0.17466666666666666,optimal
2021-02-07 04:30:00,95,2,1.1428571428571428,0.0,0.0,0.06386666666666667,optimal
2021-02-07 05:00:00,95,2,1.1428571428571428,0.0,0.0,0.1867666666666667,optimal
2021-02-07 05:30:00,95,2,1.1428571428571428,0.0,0.0,0.12216666666666669,optimal
2021-02-07 06:00:00,95,2,1.1428571428571428,0.0,0.0,0.14013333333333333,optimal
2021-02-07 06:30:00,95,2,1.1428571428571428,0.0,0.0,0.17466666666666666,optimal
2021-02-07 07:00:00,95,2,1.1428571428571428,0.0,2.2154311931077144,0.058333333333333334,optimal
2021-02-07 07:30:00,95,2,0.0,0.0,0.0,0.07186666666666666,optimal
2021-02-07 08:00:00,95,2,0.3653680885391531,0.0,0.0,0.13426666666666667,optimal
2021-02-07 08:30:00,95,2,0.7019116833037845,0.0,0.0,0.15133333333333335,optimal
2021-02-07 09:00:00,95,2,0.6490788041445524,0.6966666666666667,0.0,0.07933333333333333,optimal
2021-02-07 09:30:00,95,2,0.6130255139975169,0.6966666666666667,0.0,0.17896666666666666,optimal
2021-02-07 10:00:00,95,2,0.5840662897392613,0.0,0.0,0.13183333333333333,optimal
2021-02-07 10:30:00,95,2,0.44100144146190184,0.0,0.0,0.7735333333333333,optimal
2021-02-07 11:00:00,95,2,0.5951725038312015,0.1548148148148148,0.0,0.4043333333333333,optimal
2021-02-07 11:30:00,95,2,1.1428571428571428,0.0,0.0,0.2543333333333333,optimal
2021-02-07 12:00:00,95,2,1.1428571428571428,0.1548148148148148,0.0,0.3158,optimal
2021-02-07 12:30:00,95,2,1.1428571428571428,0.1548148148148148,0.0,1.2560666666666667,optimal
2021-02-07 13:00:00,95,2,1.1428571428571428,0.0774074074074074,0.0,0.9087333333333333,optimal
2021-02-07 13:30:00,95,2,1.1428571428571428,0.23222222222222222,0.0,0.399,optimal
2021-02-07 14:00:00,95,2,1.1428571428571428,0.0,0.0,0.14013333333333333,optimal
2021-02-07 14:30:00,95,2,1.1428571428571428,0.0,0.0,0.058,optimal
2021-02-07 15:00:00,95,2,1.1428571428571428,0.0,0.0,0.17466666666666666,optimal
2021-02-07 15:30:00,95,2,1.1428571428571428,0.0,0.0,0.14013333333333333,optimal
2021-02-07 16:00:00,95,2,0.0,0.0,0.0,0.0755,optimal
2021-02-07 16:30:00,95,2,0.0,0.0,0.0,0.1982333333333333,optimal
2021-02-07 17:00:00,95,2,0.0,0.0,0.0,0.09906666666666666,optimal
2021-02-07 17:30:00,95,2,0.0,0.0,0.0,0.12216666666666669,optimal
2021-02-07 18:00:00,95,2,0.0,0.0,0.0,0.1695,optimal
2021-02-07 18:30:00,95,2,0.0,0.0,0.0,0.09146666666666668,optimal
2021-02-07 19:00:00,95,2,0.0,0.0,0.0,0.167,optimal
2021-02-07 19:30:00,95,2,0.7433613366722048,0.0,0.0,0.15313333333333332,optimal
2021-02-07 20:00:00,95,2,0.7501613366722027,0.0,0.0,0.138,optimal
2021-02-07 20:30:00,95,2,0.0,0.0,0.0,0.11466666666666668,optimal
2021-02-07 21:00:00,95,2,0.0,0.0,0.0,0.1501333333333333,optimal
2021-02-07 21:30:00,95,2,0.0,0.0,0.0,0.173,optimal
2021-02-07 22:00:00,95,2,0.0,0.0,0.0,0.07966666666666668,optimal
2021-02-07 22:30:00,95,2,0.0,0.0,0.0,0.13243333333333335,optimal
2021-02-07 23:00:00,95,2,0.0,0.3096296296296296,0.0,0.3535,optimal
2021-02-07 23:30:00,95,2,0.0,0.0,0.0,0.2149,optimal
2021-02-08 00:00:00,95,2,0.0,0.0,0.0,0.0768,optimal
2021-02-08 00:30:00,95,2,0.0,0.0,0.0,0.0963,optimal
2021-02-08 01:00:00,95,2,0.6079486410475032,0.0,0.0,0.1889,optimal
2021-02-08 01:30:00,95,2,1.1428571428571428,0.0,0.0,0.07790000000000001,optimal
2021-02-08 02:00:00,95,2,1.1428571428571428,0.0,0.0,0.2073,optimal
2021-02-08 02:30:00,95,2,1.1428571428571428,0.0,0.0,0.062,optimal
2021-02-08 03:00:00,95,2,1.1428571428571428,0.0,0.0,0.0938,optimal
2021-02-08 03:30:00,95,2,1.1428571428571428,0.0,0.0,0.1362,optimal
2021-02-08 04:00:00,95,2,1.1428571428571428,0.0,0.0,0.1437,optimal
2021-02-08 04:30:00,95,2,1.1428571428571428,0.0,0.0,0.1415,optimal
2021-02-08 05:00:00,95,2,1.1428571428571428,0.0,0.0,0.1172,optimal
2021-02-08 05:30:00,95,2,1.1428571428571428,0.0,0.0,0.16269999999999998,optimal
2021-02-08 06:00:00,95,2,1.1428571428571428,0.0,0.0,0.1225,optimal
2021-02-08 06:30:00,95,2,1.1428571428571428,0.23222222222222222,0.0,0.1698,optimal
2021-02-08 07:00:00,95,2,1.1428571428571428,2.631851851851852,0.0,1.2691666666666668,optimal
2021-02-08 07:30:00,95,2,1.1428571428571428,0.6192592592592592,0.0,0.232,optimal
2021-02-08 08:00:00,95,2,0.6826483480201843,0.0774074074074074,0.0,0.19293333333333332,optimal
2021-02-08 08:30:00,95,2,0.7185834997428319,0.1548148148148148,0.0,0.116,optimal
2021-02-08 09:00:00,95,2,0.6407747531988282,0.0,0.0,0.11296666666666669,optimal
2021-02-08 09:30:00,95,2,0.636024406567239,0.0,0.0,0.1678,optimal
2021-02-08 10:00:00,95,2,0.5634741292457849,0.387037037037037,0.0,0.12563333333333335,optimal
2021-02-08 10:30:00,95,2,0.5727101901630782,0.0,0.0,0.08006666666666666,optimal
2021-02-08 11:00:00,95,2,0.4363067907806086,0.0,0.0,0.2389,optimal
2021-02-08 11:30:00,95,2,0.49949544858178463,0.0774074074074074,0.0,0.1262333333333333,optimal
2021-02-08 12:00:00,95,2,0.4560375977692415,0.23222222222222222,0.0,0.176,optimal
2021-02-08 12:30:00,95,2,0.8128592365045603,0.0774074074074074,0.0,0.20853333333333332,optimal
2021-02-08 13:00:00,95,2,1.1428571428571428,0.8514814814814814,0.0,0.276,optimal
2021-02-08 13:30:00,95,2,1.1428571428571428,0.1548148148148148,0.0,0.28653333333333336,optimal
2021-02-08 14:00:00,95,2,1.1428571428571428,0.0,0.0,0.38110000000000005,optimal
2021-02-08 14:30:00,95,2,1.1428571428571428,0.0,0.0,0.43,optimal
2021-02-08 15:00:00,95,2,1.1428571428571428,0.46444444444444444,1.8262263281643019,1.7016666666666667,optimal
2021-02-08 15:30:00,95,2,1.1428571428571428,0.0,10.0,0.16916666666666666,optimal
2021-02-08 16:00:00,95,2,0.0,0.0,0.0,0.1589,optimal
2021-02-08 16:30:00,95,2,0.0,0.0,0.0,0.19080000000000003,optimal
2021-02-08 17:00:00,95,2,0.0,0.0,0.0,0.0773,optimal
2021-02-08 17:30:00,95,2,0.0,0.0,0.0,0.22790000000000002,optimal
2021-02-08 18:00:00,95,2,0.0,0.3096296296296296,0.0,0.12503333333333333,optimal
2021-02-08 18:30:00,95,2,0.0,0.0,0.0,0.3557666666666667,optimal
2021-02-08 19:00:00,95,2,0.0,0.0,0.0,0.2824333333333333,optimal
2021-02-08 19:30:00,95,2,0.6353793046338175,0.0,0.0,0.2486,optimal
2021-02-08 20:00:00,95,2,0.6543677465034934,0.0,0.0,0.37,optimal
2021-02-08 20:30:00,95,2,0.0,0.23222222222222222,0.0,0.2125,optimal
2021-02-08 21:00:00,95,2,0.0,0.1548148148148148,0.0,1.5049666666666668,optimal
2021-02-08 21:30:00,95,2,0.0,0.1548148148148148,0.0,0.6119666666666667,optimal
2021-02-08 22:00:00,95,2,0.0,0.46444444444444444,0.0,0.11533333333333332,optimal
2021-02-08 22:30:00,95,2,0.0,0.0,0.0,0.5577000000000001,optimal
2021-02-08 23:00:00,95,2,0.0,0.1548148148148148,0.0,0.27613333333333334,optimal
2021-02-08 23:30:00,95,2,0.0,0.0,0.0,0.33366666666666667,optimal
2021-02-09 00:00:00,95,2,0.0,0.0,0.0,0.06,optimal
2021-02-09 00:30:00,95,2,0.0,0.0,0.0,0.09316666666666669,optimal
2021-02-09 01:00:00,95,2,0.14294215875452398,0.0,0.0,0.17516666666666666,optimal
2021-02-09 01:30:00,95,2,1.1428571428571428,0.0,0.0,0.059,optimal
2021-02-09 02:00:00,95,2,1.1428571428571428,0.0,0.0,0.059,optimal
2021-02-09 02:30:00,95,2,1.1428571428571428,0.0,0.0,0.059,optimal
2021-02-09 03:00:00,95,2,1.1428571428571428,0.0,0.0,0.2093333333333333,optimal
2021-02-09 03:30:00,95,2,1.1428571428571428,0.0,0.0,0.059,optimal
2021-02-09 04:00:00,95,2,1.1428571428571428,0.0,0.0,0.059,optimal
2021-02-09 04:30:00,95,2,1.1428571428571428,0.0,0.0,0.141,optimal
2021-02-09 05:00:00,95,2,1.1428571428571428,0.0,0.0,0.12733333333333333,optimal
2021-02-09 05:30:00,95,2,1.1428571428571428,0.0,0.0,0.059,optimal
2021-02-09 06:00:00,95,2,1.1428571428571428,0.0,0.0,0.141,optimal
2021-02-09 06:30:00,95,2,1.1428571428571428,0.0,8.053173753053784,0.12733333333333333,optimal
2021-02-09 07:00:00,95,2,1.1428571428571428,5.07482962962963,10.0,0.0755,optimal
2021-02-09 07:30:00,95,2,1.1428571428571428,1.272577777777778,0.0,0.2617333333333333,optimal
2021-02-09 08:00:00,95,2,0.5686875706668224,0.9288888888888889,0.0,1.6160333333333332,optimal
2021-02-09 08:30:00,95,2,0.5976477002257169,1.0480962962962963,0.0,0.3994666666666666,optimal
2021-02-09 09:00:00,95,2,0.596553794634919,5.841162962962964,0.0,0.1972,optimal
2021-02-09 09:30:00,95,2,0.6960740537526998,0.1548148148148148,0.0,0.1626,optimal
2021-02-09 10:00:00,95,2,0.605767507289191,0.0,0.0,0.32673333333333326,optimal
2021-02-09 10:30:00,95,2,0.6336191517921078,0.0,0.0,0.0895,optimal
2021-02-09 11:00:00,95,2,0.530768687077161,0.0,0.0,0.0895,optimal
2021-02-09 11:30:00,95,2,0.4973915874063188,0.0,0.0,0.19883333333333328,optimal
2021-02-09 12:00:00,95,2,0.46795004193663775,0.0,0.0,0.069,optimal
2021-02-09 12:30:00,95,2,0.44275571303605726,0.0,0.0,0.16466666666666666,optimal
2021-02-09 13:00:00,95,2,0.3537313783350981,0.1548148148148148,0.0,0.12166666666666669,optimal
2021-02-09 13:30:00,95,2,1.0919169315923294,0.0,0.0,0.1815,optimal
2021-02-09 14:00:00,95,2,1.1428571428571428,0.1548148148148148,0.0,0.3424,optimal
2021-02-09 14:30:00,95,2,1.1428571428571428,0.0,0.0,0.2875,optimal
2021-02-09 15:00:00,95,2,1.1428571428571428,2.3222222222222215,0.0,0.37473333333333336,optimal
2021-02-09 15:30:00,95,2,1.1428571428571428,0.0,0.0,0.31189999999999996,optimal
2021-02-09 16:00:00,95,2,0.0,0.0,0.0,0.3841666666666667,optimal
2021-02-09 16:30:00,95,2,0.0,0.5418518518518518,0.0,0.5471666666666666,optimal
2021-02-09 17:00:00,95,2,0.0,2.692229629629629,0.0,0.3984333333333333,optimal
2021-02-09 17:30:00,95,2,0.0,3.345548148148148,0.0,0.5930666666666667,optimal
2021-02-09 18:00:00,95,2,0.0,0.23222222222222222,0.0,0.6196666666666666,optimal
2021-02-09 18:30:00,95,2,0.0,2.7092592592592597,0.0,1.9034,optimal
2021-02-09 19:00:00,95,2,0.0,0.0,0.0,0.5321666666666667,optimal
2021-02-09 19:30:00,95,2,0.0,0.0,0.0,0.5153,optimal
2021-02-09 20:00:00,95,2,0.0,0.23222222222222222,0.0,0.5014666666666666,optimal
2021-02-09 20:30:00,95,2,0.0,0.0,0.0,0.5688333333333334,optimal
2021-02-09 21:00:00,95,2,0.0,0.0,0.0,0.45066666666666666,optimal
2021-02-09 21:30:00,95,2,0.0,0.3096296296296296,0.0,0.4009,optimal
2021-02-09 22:00:00,95,2,0.0,0.0774074074074074,0.0,0.7120333333333333,optimal
2021-02-09 22:30:00,95,2,0.0,0.0,0.0,0.18059999999999998,optimal
2021-02-09 23:00:00,95,2,0.0,0.0,0.0,0.2193333333333333,optimal
2021-02-09 23:30:00,95,2,0.0,0.0,0.0,0.069,optimal
2021-02-10 00:00:00,95,2,0.0,0.0,0.0,0.059,optimal
2021-02-10 00:30:00,95,2,0.0,0.0,0.0,0.059,optimal
2021-02-10 01:00:00,95,2,0.6518766958838978,0.0,0.0,0.06483333333333333,optimal
2021-02-10 01:30:00,95,2,1.1428571428571428,0.0,0.0,0.1808333333333333,optimal
2021-02-10 02:00:00,95,2,1.1428571428571428,0.0,0.0,0.1672,optimal
2021-02-10 02:30:00,95,2,1.1428571428571428,0.0,0.0,0.1873333333333333,optimal
2021-02-10 03:00:00,95,2,1.1428571428571428,0.0,0.0,0.059,optimal
2021-02-10 03:30:00,95,2,1.1428571428571428,0.0,0.0,0.059,optimal
2021-02-10 04:00:00,95,2,1.1428571428571428,0.0,0.0,0.17566666666666667,optimal
2021-02-10 04:30:00,95,2,1.1428571428571428,0.0,0.0,0.07066666666666667,optimal
2021-02-10 05:00:00,95,2,1.1428571428571428,0.0,0.0,0.059,optimal
2021-02-10 05:30:00,95,2,1.1428571428571428,0.0,0.0,0.069,optimal
2021-02-10 06:00:00,95,2,1.1428571428571428,0.0,0.0,0.09983333333333332,optimal
2021-02-10 06:30:00,95,2,1.1428571428571428,0.0,7.918105681729673,0.1465,optimal
2021-02-10 07:00:00,95,2,1.1428571428571428,0.0,10.0,0.069,optimal
2021-02-10 07:30:00,95,2,1.1428571428571428,0.0774074074074074,0.0,0.08953333333333333,optimal
2021-02-10 08:00:00,95,2,0.6388569186396837,2.39962962962963,0.0,0.4324666666666666,optimal
2021-02-10 08:30:00,95,2,0.6957389961467748,0.387037037037037,0.0,0.16016666666666665,optimal
2021-02-10 09:00:00,95,2,0.654956627855044,0.387037037037037,0.0,0.22023333333333328,optimal
2021-02-10 09:30:00,95,2,0.6498939434573716,0.0,0.0,0.5837,optimal
2021-02-10 10:00:00,95,2,0.5626319684136588,0.0,0.0,1.2402,optimal
2021-02-10 10:30:00,95,2,0.6249159074963547,0.0,0.0,0.22266666666666662,optimal
2021-02-10 11:00:00,95,2,0.5556546835943256,0.0,0.0,0.19946666666666668,optimal
2021-02-10 11:30:00,95,2,0.6167989303207505,0.0,0.0,0.22306666666666664,optimal
2021-02-10 12:00:00,95,2,1.1428571428571428,0.0,0.0,0.24516666666666662,optimal
2021-02-10 12:30:00,95,2,1.1428571428571428,0.0,0.0,0.069,optimal
2021-02-10 13:00:00,95,2,1.1428571428571428,0.0,0.0,0.19733333333333328,optimal
2021-02-10 13:30:00,95,2,1.1428571428571428,0.0,0.0,0.069,optimal
2021-02-10 14:00:00,95,2,1.1428571428571428,0.0,0.0,0.174,optimal
2021-02-10 14:30:00,95,2,1.1428571428571428,0.0,0.0,0.09233333333333331,optimal
2021-02-10 15:00:00,95,2,1.1428571428571428,0.0,0.0,0.069,optimal
2021-02-10 15:30:00,95,2,1.1428571428571428,0.0,0.0,0.19733333333333328,optimal
2021-02-10 16:00:00,95,2,0.0,0.0,0.0,0.069,optimal
2021-02-10 16:30:00,95,2,0.0,0.0,0.0,0.1215,optimal
2021-02-10 17:00:00,95,2,0.0,0.0,0.0,0.14483333333333334,optimal
2021-02-10 17:30:00,95,2,0.0,0.0,0.0,0.069,optimal
2021-02-10 18:00:00,95,2,0.0,0.0,0.0,0.28806666666666664,optimal
2021-02-10 18:30:00,95,2,0.0,0.0774074074074074,0.0,0.2562333333333333,optimal
2021-02-10 19:00:00,95,2,0.0,0.23222222222222222,0.0,0.3559,optimal
2021-02-10 19:30:00,95,2,0.5137212980507135,0.0,0.0,0.40926666666666667,optimal
2021-02-10 20:00:00,95,2,0.44255727259542355,0.0,0.0,0.6422333333333333,optimal
2021-02-10 20:30:00,95,2,0.0,0.23222222222222222,0.0,1.2403,optimal
2021-02-10 21:00:00,95,2,0.0,0.0,0.0,0.30356666666666665,optimal
2021-02-10 21:30:00,95,2,0.0,0.5418518518518518,0.0,0.3984666666666666,optimal
2021-02-10 22:00:00,95,2,0.0,0.0774074074074074,0.0,0.4112,optimal
2021-02-10 22:30:00,95,2,0.0,0.1548148148148148,0.0,1.2183,optimal
2021-02-10 23:00:00,95,2,0.0,0.0,0.0,0.9633666666666668,optimal
2021-02-10 23:30:00,95,2,0.0,0.0,0.0,0.16033333333333336,optimal
2021-02-11 00:00:00,95,2,0.3643087068983295,0.0774074074074074,0.0,0.17433333333333334,optimal
2021-02-11 00:30:00,95,2,1.1428571428571428,0.0,0.0,0.058333333333333334,optimal
2021-02-11 01:00:00,95,2,1.1428571428571428,0.0,0.0,0.09633333333333331,optimal
2021-02-11 01:30:00,95,2,1.1428571428571428,0.0,0.0,0.14633333333333334,optimal
2021-02-11 02:00:00,95,2,1.1428571428571428,0.0,0.0,0.061,optimal
2021-02-11 02:30:00,95,2,1.1428571428571428,0.0,0.0,0.17633333333333334,optimal
2021-02-11 03:00:00,95,2,1.1428571428571428,0.0,0.0,0.059,optimal
2021-02-11 03:30:00,95,2,1.1428571428571428,0.0,0.0,0.059,optimal
2021-02-11 04:00:00,95,2,1.1428571428571428,0.0,0.0,0.17633333333333334,optimal
2021-02-11 04:30:00,95,2,1.1428571428571428,0.0,0.0,0.059,optimal
2021-02-11 05:00:00,95,2,1.1428571428571428,0.0,0.0,0.11766666666666668,optimal
2021-02-11 05:30:00,95,2,1.1428571428571428,0.0,0.0,0.12533333333333332,optimal
2021-02-11 06:00:00,95,2,1.1428571428571428,0.46444444444444444,0.0,0.061,optimal
2021-02-11 06:30:00,95,2,1.1428571428571428,0.23222222222222222,9.620951976241013,0.1494,optimal
2021-02-11 07:00:00,95,2,1.1428571428571428,0.387037037037037,0.0,0.12256666666666666,optimal
2021-02-11 07:30:00,95,2,1.1428571428571428,0.3096296296296296,0.0,0.19526666666666667,optimal
2021-02-11 08:00:00,95,2,0.7954305989367355,0.0,0.0,0.3556333333333333,optimal
2021-02-11 08:30:00,95,2,0.7879809455683162,0.387037037037037,0.0,0.2913,optimal
2021-02-11 09:00:00,95,2,0.6978455161416384,0.387037037037037,0.0,0.18603333333333333,optimal
2021-02-11 09:30:00,95,2,0.6285155127180354,0.0,0.0,0.3048,optimal
2021-02-11 10:00:00,95,2,0.4777470283459082,0.387037037037037,0.0,0.21363333333333331,optimal
2021-02-11 10:30:00,95,2,0.48437698630080384,0.1548148148148148,0.0,0.2539333333333333,optimal
2021-02-11 11:00:00,95,2,0.4105531327003174,0.1548148148148148,0.0,0.373,optimal
2021-02-11 11:30:00,95,2,0.42122044716144724,0.1548148148148148,0.0,0.29136666666666666,optimal
2021-02-11 12:00:00,95,2,0.34629722365956933,0.3096296296296296,0.0,0.13933333333333334,optimal
2021-02-11 12:30:00,95,2,0.340309213652863,0.0,0.0,0.12029999999999999,optimal
2021-02-11 13:00:00,95,2,1.1428571428571428,0.1548148148148148,0.0,0.3788,optimal
2021-02-11 13:30:00,95,2,1.1428571428571428,0.387037037037037,0.0,1.6561333333333335,optimal
2021-02-11 14:00:00,95,2,1.1428571428571428,0.1548148148148148,0.0,0.242,optimal
2021-02-11 14:30:00,95,2,1.1428571428571428,0.0,0.0,0.2004333333333333,optimal
2021-02-11 15:00:00,95,2,1.1428571428571428,0.23222222222222222,0.0,0.4139666666666666,optimal
2021-02-11 15:30:00,95,2,1.1428571428571428,0.0,0.0,0.2285,optimal
2021-02-11 16:00:00,95,2,0.0,0.387037037037037,0.0,0.25776666666666664,optimal
2021-02-11 16:30:00,95,2,0.0,0.0774074074074074,0.0,1.9238666666666664,optimal
2021-02-11 17:00:00,95,2,0.0,0.0,0.0,0.37646666666666656,optimal
2021-02-11 17:30:00,95,2,0.0,0.0774074074074074,0.0,1.2954666666666668,optimal
2021-02-11 18:00:00,95,2,0.0,0.23222222222222222,0.0,2.2516,optimal
2021-02-11 18:30:00,95,2,0.0,0.0,0.0,2.376133333333333,optimal
2021-02-11 19:00:00,95,2,0.0,0.6966666666666667,0.0,0.3626666666666667,optimal
2021-02-11 19:30:00,95,2,0.0,0.387037037037037,0.0,0.9021333333333332,optimal
2021-02-11 20:00:00,95,2,0.462304317469877,0.0,0.0,1.1564666666666668,optimal
2021-02-11 20:30:00,95,2,0.0,0.0,0.0,0.43119999999999997,optimal
2021-02-11 21:00:00,95,2,0.0,0.0774074074074074,0.0,0.12593333333333334,optimal
2021-02-11 21:30:00,95,2,0.0,0.0,0.0,0.2916,optimal
2021-02-11 22:00:00,95,2,0.0,0.0,0.0,1.0070333333333332,optimal
2021-02-11 22:30:00,95,2,0.0,0.1548148148148148,0.0,0.7978999999999999,optimal
2021-02-11 23:00:00,95,2,0.0,0.0,0.0,0.281,optimal
2021-02-11 23:30:00,95,2,0.0,0.0,0.0,0.15433333333333335,optimal
2021-02-12 00:00:00,95,2,1.1428571428571428,0.0,0.0,0.064,optimal
2021-02-12 00:30:00,95,2,1.1428571428571428,0.0,0.0,0.064,optimal
2021-02-12 01:00:00,95,2,1.1428571428571428,0.0,0.0,0.22346666666666667,optimal
2021-02-12 01:30:00,95,2,1.1428571428571428,0.0,0.0,0.11946666666666668,optimal
2021-02-12 02:00:00,95,2,1.1428571428571428,0.0,0.0,0.18880000000000002,optimal
2021-02-12 02:30:00,95,2,1.1428571428571428,0.0,0.0,0.15413333333333332,optimal
2021-02-12 03:00:00,95,2,1.1428571428571428,0.0,0.0,0.064,optimal
2021-02-12 03:30:00,95,2,1.1428571428571428,0.0,0.0,0.21653333333333333,optimal
2021-02-12 04:00:00,95,2,1.1428571428571428,0.0,0.0,0.1056,optimal
2021-02-12 04:30:00,95,2,1.1428571428571428,0.0,0.0,0.21653333333333333,optimal
2021-02-12 05:00:00,95,2,1.1428571428571428,0.0774074074074074,0.0,0.14586666666666667,optimal
2021-02-12 05:30:00,95,2,1.1428571428571428,0.46444444444444444,0.0,0.08973333333333333,optimal
2021-02-12 06:00:00,95,2,1.1428571428571428,0.3096296296296296,4.73500760848008,0.25826666666666664,optimal
2021-02-12 06:30:00,95,2,1.1428571428571428,0.46444444444444444,10.0,0.22769999999999999,optimal
2021-02-12 07:00:00,95,2,1.1428571428571428,0.23222222222222222,0.0,1.0859333333333334,optimal
2021-02-12 07:30:00,95,2,1.1428571428571428,5.4584083117741695,0.0,0.21306666666666663,optimal
2021-02-12 08:00:00,95,2,0.9959286100846394,0.0,0.0,0.064,optimal
2021-02-12 08:30:00,95,2,0.9569417706727771,0.0,0.0,0.2304,optimal
2021-02-12 09:00:00,95,2,0.920342214769902,0.0,0.0,0.11253333333333332,optimal
2021-02-12 09:30:00,95,2,0.8361307816336606,0.0,0.0,0.07786666666666665,optimal
2021-02-12 10:00:00,95,2,0.5802299865096652,0.0,0.0,0.2477333333333333,optimal
2021-02-12 10:30:00,95,2,0.61066080819052,0.0,0.0,0.08133333333333333,optimal
2021-02-12 11:00:00,95,2,0.45943383913845937,0.0,0.0,0.21653333333333333,optimal
2021-02-12 11:30:00,95,2,0.5304107560209409,0.0,0.0,0.1264,optimal
2021-02-12 12:00:00,95,2,1.1428571428571428,0.0,0.0,0.168,optimal
2021-02-12 12:30:00,95,2,1.1428571428571428,0.0,0.0,0.11253333333333332,optimal
2021-02-12 13:00:00,95,2,1.1428571428571428,0.0,0.0,0.064,optimal
2021-02-12 13:30:00,95,2,1.1428571428571428,0.0,0.0,0.2789333333333333,optimal
2021-02-12 14:00:00,95,2,1.1428571428571428,0.0,0.0,0.064,optimal
2021-02-12 14:30:00,95,2,1.1428571428571428,0.0,0.0,0.1264,optimal
2021-02-12 15:00:00,95,2,1.1428571428571428,0.0,0.0,0.064,optimal
2021-02-12 15:30:00,95,2,1.1428571428571428,0.0,0.0,0.064,optimal
2021-02-12 16:00:00,95,2,0.0,0.0,0.0,0.168,optimal
2021-02-12 16:30:00,95,2,0.0,0.0,0.0,0.17493333333333333,optimal
2021-02-12 17:00:00,95,2,0.0,0.0,0.0,0.1264,optimal
2021-02-12 17:30:00,95,2,0.0,0.0,0.0,0.1957333333333333,optimal
2021-02-12 18:00:00,95,2,0.0,0.0,0.0,0.1368,optimal
2021-02-12 18:30:00,95,2,0.0,0.0,0.0,0.12293333333333334,optimal
2021-02-12 19:00:00,95,2,0.0,0.0,0.0,1.8603333333333332,optimal
2021-02-12 19:30:00,95,2,0.5678442847524678,0.0,0.0,0.7364666666666667,optimal
2021-02-12 20:00:00,95,2,0.6723822936179643,0.0,0.0,0.26826666666666665,optimal
2021-02-12 20:30:00,95,2,0.0,0.0,0.0,1.2508,optimal
2021-02-12 21:00:00,95,2,0.0,0.5418518518518518,0.0,0.4651,optimal
2021-02-12 21:30:00,95,2,0.0,0.0,0.0,0.47406666666666664,optimal
2021-02-12 22:00:00,95,2,0.0,0.6966666666666667,0.0,0.5197666666666666,optimal
2021-02-12 22:30:00,95,2,0.0,0.0,0.0,0.3007333333333333,optimal
2021-02-12 23:00:00,95,2,0.0,0.0,0.0,0.2553666666666667,optimal
2021-02-12 23:30:00,95,2,0.0,0.0,0.0,0.10213333333333334,optimal
2021-02-13 00:00:00,95,2,0.0,0.0,0.0,0.06,optimal
2021-02-13 00:30:00,95,2,0.0,0.0,0.0,0.06,optimal
2021-02-13 01:00:00,95,2,0.6482291159587704,0.0,0.0,0.1384,optimal
2021-02-13 01:30:00,95,2,1.1428571428571428,0.0,0.0,0.12533333333333332,optimal
2021-02-13 02:00:00,95,2,1.1428571428571428,0.0,0.0,0.06,optimal
2021-02-13 02:30:00,95,2,1.1428571428571428,0.0,0.0,0.2037333333333333,optimal
2021-02-13 03:00:00,95,2,1.1428571428571428,0.0,0.0,0.06,optimal
2021-02-13 03:30:00,95,2,1.1428571428571428,0.0,0.0,0.1384,optimal
2021-02-13 04:00:00,95,2,1.1428571428571428,0.0,0.0,0.12533333333333332,optimal
2021-02-13 04:30:00,95,2,1.1428571428571428,0.0,0.0,0.0992,optimal
2021-02-13 05:00:00,95,2,1.1428571428571428,0.0,0.0,0.16453333333333334,optimal
2021-02-13 05:30:00,95,2,1.1428571428571428,0.0,0.0,0.06,optimal
2021-02-13 06:00:00,95,2,1.1428571428571428,0.0,0.0,0.2037333333333333,optimal
2021-02-13 06:30:00,95,2,1.1428571428571428,0.0,8.290873672395154,0.06,optimal
2021-02-13 07:00:00,95,2,1.1428571428571428,2.2448148148148146,10.0,0.18303333333333333,optimal
2021-02-13 07:30:00,95,2,1.1428571428571428,0.0,0.0,0.22,optimal
2021-02-13 08:00:00,95,2,0.7376069598757098,0.3096296296296296,0.0,0.181,optimal
2021-02-13 08:30:00,95,2,0.7243346221096274,0.1548148148148148,0.0,0.3488,optimal
2021-02-13 09:00:00,95,2,0.6677438265965171,0.1548148148148148,0.0,0.2102,optimal
2021-02-13 09:30:00,95,2,0.7126392806232471,0.0,0.0,0.1163,optimal
2021-02-13 10:00:00,95,2,0.6087960570774354,0.0774074074074074,0.0,0.21863333333333332,optimal
2021-02-13 10:30:00,95,2,0.6999808621684972,0.0,0.0,0.062,optimal
2021-02-13 11:00:00,95,2,0.5667287517655033,0.0,0.0,0.1072,optimal
2021-02-13 11:30:00,95,2,0.9926419486111423,0.0,0.0,0.16453333333333334,optimal
2021-02-13 12:00:00,95,2,1.1428571428571428,0.0,0.0,0.06,optimal
2021-02-13 12:30:00,95,2,1.1428571428571428,0.0,0.0,0.2037333333333333,optimal
2021-02-13 13:00:00,95,2,1.1428571428571428,0.0,0.0,0.06,optimal
2021-02-13 13:30:00,95,2,1.1428571428571428,0.0,0.0,0.06966666666666667,optimal
2021-02-13 14:00:00,95,2,1.1428571428571428,0.0,0.0,0.20406666666666665,optimal
2021-02-13 14:30:00,95,2,1.1428571428571428,0.0,0.0,0.7289666666666667,optimal
2021-02-13 15:00:00,95,2,1.1428571428571428,0.0,0.0,0.5365333333333333,optimal
2021-02-13 15:30:00,95,2,1.1428571428571428,0.0,0.0,0.14493333333333333,optimal
2021-02-13 16:00:00,95,2,0.0,0.0,0.0,0.08159999999999999,optimal
2021-02-13 16:30:00,95,2,0.0,0.0,0.0,0.19413333333333332,optimal
2021-02-13 17:00:00,95,2,0.0,0.0,0.0,0.06333333333333334,optimal
2021-02-13 17:30:00,95,2,0.0,0.387037037037037,0.0,0.46463333333333334,optimal
2021-02-13 18:00:00,95,2,0.0,0.0,0.0,0.283,optimal
2021-02-13 18:30:00,95,2,0.0,0.0774074074074074,0.0,0.2939,optimal
2021-02-13 19:00:00,95,2,0.0,0.0774074074074074,0.0,0.19153333333333333,optimal
2021-02-13 19:30:00,95,2,0.7233804752286591,0.0,0.0,0.09433333333333331,optimal
2021-02-13 20:00:00,95,2,0.7290775317132103,0.0,0.0,0.21669999999999998,optimal
2021-02-13 20:30:00,95,2,0.0,0.0,0.0,0.11766666666666668,optimal
2021-02-13 21:00:00,95,2,0.0,0.0,0.0,0.2578666666666667,optimal
2021-02-13 21:30:00,95,2,0.0,0.0,0.0,0.267,optimal
2021-02-13 22:00:00,95,2,0.0,0.0,0.0,0.07,optimal
2021-02-13 22:30:00,95,2,0.0,0.0,0.0,0.2137333333333333,optimal
2021-02-13 23:00:00,95,2,0.0,0.0,0.0,0.07,optimal
2021-02-13 23:30:00,95,2,0.0,0.0,0.0,0.07,optimal
2021-02-07 00:00:00,96,2,0.0,0.0,0.0,0.044,optimal
2021-02-07 00:30:00,96,2,0.0,0.0,0.0,0.044,optimal
2021-02-07 01:00:00,96,2,0.0,0.0,0.0,0.044,optimal
2021-02-07 01:30:00,96,2,0.0,0.0,0.0,0.044,optimal
2021-02-07 02:00:00,96,2,0.0,0.0,0.0,0.15333333333333335,optimal
2021-02-07 02:30:00,96,2,0.0,0.0,0.0,0.044,optimal
2021-02-07 03:00:00,96,2,0.0,0.0,0.0,0.10413333333333334,optimal
2021-02-07 03:30:00,96,2,0.0,0.0,0.0,0.0932,optimal
2021-02-07 04:00:00,96,2,1.1428571428571428,0.0,0.0,0.10413333333333334,optimal
2021-02-07 04:30:00,96,2,1.1428571428571428,0.0,0.0,0.0932,optimal
2021-02-07 05:00:00,96,2,1.1428571428571428,0.0,0.0,0.044,optimal
2021-02-07 05:30:00,96,2,1.1428571428571428,0.0,0.0,0.13693333333333332,optimal
2021-02-07 06:00:00,96,2,1.1428571428571428,0.0,0.0,0.07006666666666667,optimal
2021-02-07 06:30:00,96,2,1.1428571428571428,0.0,0.0,0.054,optimal
2021-02-07 07:00:00,96,2,1.1428571428571428,0.1548148148148148,1.6063785740462473,0.16066666666666665,optimal
2021-02-07 07:30:00,96,2,0.0,0.0774074074074074,0.0,0.043,optimal
2021-02-07 08:00:00,96,2,0.4551158544797756,0.1548148148148148,0.0,0.0588,optimal
2021-02-07 08:30:00,96,2,0.7340735880656933,0.0,0.0,0.1618666666666667,optimal
2021-02-07 09:00:00,96,2,0.7477549946207442,0.0,0.0,0.054,optimal
2021-02-07 09:30:00,96,2,0.7143778949499019,0.0,0.0,0.16333333333333333,optimal
2021-02-07 10:00:00,96,2,0.701285337358312,0.0,0.0,0.054,optimal
2021-02-07 10:30:00,96,2,0.7055633462238096,0.0,0.0,0.052333333333333336,optimal
2021-02-07 11:00:00,96,2,0.8313311762955276,0.0774074074074074,0.0,0.26493333333333335,optimal
2021-02-07 11:30:00,96,2,1.1428571428571428,0.0,0.0,0.12433333333333331,optimal
2021-02-07 12:00:00,96,2,1.1428571428571428,0.0,0.0,0.20866666666666664,optimal
2021-02-07 12:30:00,96,2,1.1428571428571428,0.0,0.0,0.063,optimal
2021-02-07 13:00:00,96,2,1.1428571428571428,0.0774074074074074,0.0,0.8533333333333334,optimal
2021-02-07 13:30:00,96,2,1.1428571428571428,0.387037037037037,0.0,0.8078666666666666,optimal
2021-02-07 14:00:00,96,2,1.1428571428571428,0.0,0.0,0.0858,optimal
2021-02-07 14:30:00,96,2,1.1428571428571428,0.0,0.0,0.1032,optimal
2021-02-07 15:00:00,96,2,1.1428571428571428,0.0,0.0,0.11413333333333334,optimal
2021-02-07 15:30:00,96,2,1.1428571428571428,0.0,0.0,0.054,optimal
2021-02-07 16:00:00,96,2,0.0,0.0,0.0,0.054,optimal
2021-02-07 16:30:00,96,2,0.0,0.0,0.0,0.054,optimal
2021-02-07 17:00:00,96,2,0.0,0.0,0.0,0.054,optimal
2021-02-07 17:30:00,96,2,0.0,0.0,0.0,0.16333333333333333,optimal
2021-02-07 18:00:00,96,2,0.0,0.0,0.0,0.054,optimal
2021-02-07 18:30:00,96,2,0.0,0.0,0.0,0.136,optimal
2021-02-07 19:00:00,96,2,0.0,0.0,0.0,0.08133333333333333,optimal
2021-02-07 19:30:00,96,2,0.7736184795293556,0.0,0.0,0.054,optimal
2021-02-07 20:00:00,96,2,0.6047613366722122,0.3096296296296296,0.0,0.443,optimal
2021-02-07 20:30:00,96,2,0.0,0.0,0.0,0.3093333333333333,optimal
2021-02-07 21:00:00,96,2,0.0,0.0,0.0,0.203,optimal
2021-02-07 21:30:00,96,2,0.0,0.5418518518518518,0.0,0.27013333333333334,optimal
2021-02-07 22:00:00,96,2,0.0,0.1548148148148148,0.0,0.15630000000000002,optimal
2021-02-07 22:30:00,96,2,0.0,0.1548148148148148,0.0,0.23036666666666666,optimal
2021-02-07 23:00:00,96,2,0.0,0.3096296296296296,0.0,0.27393333333333336,optimal
2021-02-07 23:30:00,96,2,0.0,0.0,0.0,0.10266666666666668,optimal
2021-02-08 00:00:00,96,2,0.0,0.0,0.0,0.2827333333333333,optimal
2021-02-08 00:30:00,96,2,0.0,0.0,0.0,0.2443333333333333,optimal
2021-02-08 01:00:00,96,2,0.0,0.0,0.0,0.048,optimal
2021-02-08 01:30:00,96,2,0.0,0.0,0.0,0.16016666666666665,optimal
2021-02-08 02:00:00,96,2,1.0403167060872673,0.0,0.0,0.2396,optimal
2021-02-08 02:30:00,96,2,1.1428571428571428,0.0,0.0,0.1925,optimal
2021-02-08 03:00:00,96,2,1.1428571428571428,0.23222222222222222,0.0,0.3701333333333333,optimal
2021-02-08 03:30:00,96,2,1.1428571428571428,0.1548148148148148,0.0,0.7153666666666667,optimal
2021-02-08 04:00:00,96,2,1.1428571428571428,0.0,9.279997600314388,0.3133,optimal
2021-02-08 04:30:00,96,2,1.1428571428571428,0.1548148148148148,10.0,0.3272,optimal
2021-02-08 05:00:00,96,2,1.1428571428571428,0.0,0.0,0.15733333333333335,optimal
2021-02-08 05:30:00,96,2,1.1428571428571428,0.0,0.0,0.15333333333333335,optimal
2021-02-08 06:00:00,96,2,1.1428571428571428,0.0,0.0,0.0685,optimal
2021-02-08 06:30:00,96,2,1.1428571428571428,0.0,0.0,0.26843333333333336,optimal
2021-02-08 07:00:00,96,2,1.1428571428571428,0.0,0.0,0.07906666666666666,optimal
2021-02-08 07:30:00,96,2,1.1428571428571428,0.0,0.0,0.22783333333333328,optimal
2021-02-08 08:00:00,96,2,0.7856864432582751,0.0,0.0,0.14383333333333334,optimal
2021-02-08 08:30:00,96,2,0.5965073092666383,2.0899999999999994,0.0,0.31726666666666664,optimal
2021-02-08 09:00:00,96,2,0.5140738008178701,0.0,0.0,1.0295999999999998,optimal
2021-02-08 09:30:00,96,2,0.5748815494243856,0.0774074074074074,0.0,0.057,optimal
2021-02-08 10:00:00,96,2,0.41940746257911554,0.0774074074074074,0.0,0.2542666666666667,optimal
2021-02-08 10:30:00,96,2,0.2910130473059441,0.0,0.0,0.7012,optimal
2021-02-08 11:00:00,96,2,0.24218679078061245,0.46444444444444444,0.0,1.3474666666666666,optimal
2021-02-08 11:30:00,96,2,0.35118116286749396,0.0,0.0,0.2528,optimal
2021-02-08 12:00:00,96,2,0.23662045491209488,0.0,0.0,0.4372,optimal
2021-02-08 12:30:00,96,2,0.3176872943239612,0.1548148148148148,0.0,0.1714,optimal
2021-02-08 13:00:00,96,2,1.1428571428571428,0.1548148148148148,0.0,0.7807333333333334,optimal
2021-02-08 13:30:00,96,2,1.1428571428571428,0.46444444444444444,0.0,1.6060999999999999,optimal
2021-02-08 14:00:00,96,2,1.1428571428571428,0.0,0.0,0.094,optimal
2021-02-08 14:30:00,96,2,1.1428571428571428,0.0,0.0,0.29733333333333334,optimal
2021-02-08 15:00:00,96,2,1.1428571428571428,0.23222222222222222,0.0,0.13156666666666667,optimal
2021-02-08 15:30:00,96,2,1.1428571428571428,0.1548148148148148,0.0,0.18780000000000002,optimal
2021-02-08 16:00:00,96,2,0.0,0.0,0.0,0.5943666666666667,optimal
2021-02-08 16:30:00,96,2,0.0,0.0,0.0,0.24780000000000002,optimal
2021-02-08 17:00:00,96,2,0.0,0.0,0.0,0.38726666666666665,optimal
2021-02-08 17:30:00,96,2,0.0,0.0,0.0,0.25939999999999996,optimal
2021-02-08 18:00:00,96,2,0.0,5.805555555555555,0.0,0.37,optimal
2021-02-08 18:30:00,96,2,0.0,0.0,0.0,0.5661333333333334,optimal
2021-02-08 19:00:00,96,2,0.0,0.1548148148148148,0.0,0.46086666666666665,optimal
2021-02-08 19:30:00,96,2,0.0,0.0,0.0,0.3821,optimal
2021-02-08 20:00:00,96,2,0.2785873205305049,0.0774074074074074,0.0,0.2909333333333333,optimal
2021-02-08 20:30:00,96,2,0.0,0.0,0.0,0.3775,optimal
2021-02-08 21:00:00,96,2,0.0,0.0,0.0,0.3690333333333334,optimal
2021-02-08 21:30:00,96,2,0.0,0.0,0.0,0.21156666666666663,optimal
2021-02-08 22:00:00,96,2,0.0,0.0,0.0,0.6052333333333334,optimal
2021-02-08 22:30:00,96,2,0.0,0.1548148148148148,0.0,0.3333,optimal
2021-02-08 23:00:00,96,2,0.0,0.0,0.0,0.5134333333333333,optimal
2021-02-08 23:30:00,96,2,0.0,0.0774074074074074,0.0,0.3635,optimal
2021-02-09 00:00:00,96,2,0.0,0.0,0.0,0.16793333333333332,optimal
2021-02-09 00:30:00,96,2,0.0,0.0,0.0,0.044,optimal
2021-02-09 01:00:00,96,2,0.10248114112429775,0.0,0.0,0.0778,optimal
2021-02-09 01:30:00,96,2,1.1428571428571428,0.0,0.0,0.13413333333333333,optimal
2021-02-09 02:00:00,96,2,1.1428571428571428,0.0,0.0,0.044,optimal
2021-02-09 02:30:00,96,2,1.1428571428571428,0.0,0.0,0.044,optimal
2021-02-09 03:00:00,96,2,1.1428571428571428,0.0,0.0,0.055266666666666665,optimal
2021-02-09 03:30:00,96,2,1.1428571428571428,0.0,0.0,0.15666666666666665,optimal
2021-02-09 04:00:00,96,2,1.1428571428571428,0.0,0.0,0.044,optimal
2021-02-09 04:30:00,96,2,1.1428571428571428,0.0,0.0,0.1285,optimal
2021-02-09 05:00:00,96,2,1.1428571428571428,0.0,0.0,0.08343333333333333,optimal
2021-02-09 05:30:00,96,2,1.1428571428571428,0.0,0.0,0.08906666666666667,optimal
2021-02-09 06:00:00,96,2,1.1428571428571428,0.0,0.0,0.12453333333333332,optimal
2021-02-09 06:30:00,96,2,1.1428571428571428,0.0,6.654607900619358,0.054,optimal
2021-02-09 07:00:00,96,2,1.1428571428571428,0.0,10.0,0.17493333333333333,optimal
2021-02-09 07:30:00,96,2,1.1428571428571428,0.3096296296296296,0.0,0.04266666666666666,optimal
2021-02-09 08:00:00,96,2,0.6603694754287343,0.0,0.0,2.3616666666666664,optimal
2021-02-09 08:30:00,96,2,0.6067238907019117,0.1548148148148148,0.0,0.3043666666666667,optimal
2021-02-09 09:00:00,96,2,0.527770937492061,0.0774074074074074,0.0,2.315733333333333,optimal
2021-02-09 09:30:00,96,2,0.5903940537527014,0.3096296296296296,0.0,2.3192,optimal
2021-02-09 10:00:00,96,2,0.5231694120510958,1.7803703703703702,0.0,1.8240666666666663,optimal
2021-02-09 10:30:00,96,2,0.5242305803635446,0.0774074074074074,0.0,0.5888,optimal
2021-02-09 11:00:00,96,2,0.42965440136287075,0.0,0.0,0.22180000000000002,optimal
2021-02-09 11:30:00,96,2,0.43742015883488494,0.0,0.0,0.18713333333333332,optimal
2021-02-09 12:00:00,96,2,0.35304528003188085,0.0,0.0,0.2552333333333333,optimal
2021-02-09 12:30:00,96,2,0.4468284881855435,0.0,0.0,0.26576666666666665,optimal
2021-02-09 13:00:00,96,2,1.1428571428571428,0.0,0.0,0.226,optimal
2021-02-09 13:30:00,96,2,1.1428571428571428,0.0,0.0,1.7917,optimal
2021-02-09 14:00:00,96,2,1.1428571428571428,0.0,0.0,0.9884333333333332,optimal
2021-02-09 14:30:00,96,2,1.1428571428571428,0.0,0.0,0.3196333333333333,optimal
2021-02-09 15:00:00,96,2,1.1428571428571428,0.0,0.0,0.09906666666666666,optimal
2021-02-09 15:30:00,96,2,1.1428571428571428,0.0,0.0,0.13286666666666666,optimal
2021-02-09 16:00:00,96,2,0.0,0.0,0.0,0.054,optimal
2021-02-09 16:30:00,96,2,0.0,0.0,0.0,0.1497666666666667,optimal
2021-02-09 17:00:00,96,2,0.0,0.3096296296296296,0.0,0.741,optimal
2021-02-09 17:30:00,96,2,0.0,0.0,0.0,1.9413666666666662,optimal
2021-02-09 18:00:00,96,2,0.0,0.0,0.0,2.5014333333333334,optimal
2021-02-09 18:30:00,96,2,0.0,0.0774074074074074,0.0,0.22716666666666663,optimal
2021-02-09 19:00:00,96,2,0.0,0.0,0.0,0.3049,optimal
2021-02-09 19:30:00,96,2,0.5108538926521874,0.0,0.0,2.4905333333333335,optimal
2021-02-09 20:00:00,96,2,0.4893681783664707,0.0,0.0,0.43889999999999996,optimal
2021-02-09 20:30:00,96,2,0.0,0.0774074074074074,0.0,1.607733333333333,optimal
2021-02-09 21:00:00,96,2,0.0,0.0,0.0,3.4816,optimal
2021-02-09 21:30:00,96,2,0.0,0.0,0.0,0.5616666666666666,optimal
2021-02-09 22:00:00,96,2,0.0,0.5418518518518518,0.0,0.33123333333333327,optimal
2021-02-09 22:30:00,96,2,0.0,0.0,0.0,2.4609,optimal
2021-02-09 23:00:00,96,2,0.0,0.0,0.0,0.11596666666666668,optimal
2021-02-09 23:30:00,96,2,0.0,0.0,0.0,0.10893333333333334,optimal
2021-02-10 00:00:00,96,2,0.0,0.0,0.0,0.0864,optimal
2021-02-10 00:30:00,96,2,0.0,0.0,0.0,0.18580000000000002,optimal
2021-02-10 01:00:00,96,2,0.13698022900874665,0.0,0.0,0.135,optimal
2021-02-10 01:30:00,96,2,1.1428571428571428,0.0,0.0,0.2666,optimal
2021-02-10 02:00:00,96,2,1.1428571428571428,0.0,0.0,0.1006,optimal
2021-02-10 02:30:00,96,2,1.1428571428571428,0.0,0.0,0.058,optimal
2021-02-10 03:00:00,96,2,1.1428571428571428,0.0,0.0,0.30219999999999997,optimal
2021-02-10 03:30:00,96,2,1.1428571428571428,0.0,0.0,0.14133333333333334,optimal
2021-02-10 04:00:00,96,2,1.1428571428571428,0.0774074074074074,0.0,0.09273333333333332,optimal
2021-02-10 04:30:00,96,2,1.1428571428571428,0.0,0.0,0.115,optimal
2021-02-10 05:00:00,96,2,1.1428571428571428,0.0,0.0,0.161,optimal
2021-02-10 05:30:00,96,2,1.1428571428571428,0.0,0.0,0.2782,optimal
2021-02-10 06:00:00,96,2,1.1428571428571428,0.0,0.0,0.062,optimal
2021-02-10 06:30:00,96,2,1.1428571428571428,0.23222222222222222,3.1480885282813555,0.134,optimal
2021-02-10 07:00:00,96,2,1.1428571428571428,0.0,10.0,0.2382,optimal
2021-02-10 07:30:00,96,2,1.1428571428571428,0.6966666666666667,0.0,0.185,optimal
2021-02-10 08:00:00,96,2,0.7000188234015915,0.1548148148148148,0.0,0.6328666666666667,optimal
2021-02-10 08:30:00,96,2,0.8088723294801177,0.0,0.0,0.22419999999999998,optimal
2021-02-10 09:00:00,96,2,0.7371185326169518,0.0,0.0,0.22,optimal
2021-02-10 09:30:00,96,2,0.7662768006002265,0.0,0.0,0.088,optimal
2021-02-10 10:00:00,96,2,0.6384948255565049,0.0,0.0,0.14,optimal
2021-02-10 10:30:00,96,2,0.6283063836868324,0.0,0.0,0.15319999999999998,optimal
2021-02-10 11:00:00,96,2,0.3813765883562238,0.3096296296296296,0.0,0.9424333333333331,optimal
2021-02-10 11:30:00,96,2,0.3601842937764459,0.0,0.0,1.4433333333333334,optimal
2021-02-10 12:00:00,96,2,0.25221196439441174,0.23222222222222222,0.0,1.0743,optimal
2021-02-10 12:30:00,96,2,0.28955482153726686,0.0774074074074074,0.0,0.37660000000000005,optimal
2021-02-10 13:00:00,96,2,1.1428571428571428,0.0,0.0,0.08406666666666666,optimal
2021-02-10 13:30:00,96,2,1.1428571428571428,0.23222222222222222,0.0,0.2714,optimal
2021-02-10 14:00:00,96,2,1.1428571428571428,0.0,0.0,0.4368,optimal
2021-02-10 14:30:00,96,2,1.1428571428571428,0.0,0.0,0.45630000000000004,optimal
2021-02-10 15:00:00,96,2,1.1428571428571428,0.0,0.0,1.5704,optimal
2021-02-10 15:30:00,96,2,1.1428571428571428,0.0,0.0,0.7382000000000001,optimal
2021-02-10 16:00:00,96,2,0.0,0.0774074074074074,0.0,0.4646666666666667,optimal
2021-02-10 16:30:00,96,2,0.0,0.0,0.0,0.3862,optimal
2021-02-10 17:00:00,96,2,0.0,0.6192592592592592,0.0,0.4965,optimal
2021-02-10 17:30:00,96,2,0.0,0.387037037037037,0.0,0.5572333333333334,optimal
2021-02-10 18:00:00,96,2,0.0,0.0,0.0,0.3624666666666666,optimal
2021-02-10 18:30:00,96,2,0.0,0.0,0.0,0.387,optimal
2021-02-10 19:00:00,96,2,0.0,2.39962962962963,0.0,0.3654333333333333,optimal
2021-02-10 19:30:00,96,2,0.28788010071737213,0.0,0.0,0.36723333333333336,optimal
2021-02-10 20:00:00,96,2,0.5075591773573227,0.23222222222222222,0.0,0.8125666666666668,optimal
2021-02-10 20:30:00,96,2,0.0,0.3096296296296296,0.0,0.21316666666666662,optimal
2021-02-10 21:00:00,96,2,0.0,0.1548148148148148,0.0,0.2474333333333333,optimal
2021-02-10 21:30:00,96,2,0.0,0.1548148148148148,0.0,0.46636666666666665,optimal
2021-02-10 22:00:00,96,2,0.0,0.23222222222222222,0.0,0.204,optimal
2021-02-10 22:30:00,96,2,0.0,0.0,0.0,0.5429666666666667,optimal
2021-02-10 23:00:00,96,2,0.0,0.46444444444444444,0.0,0.3099666666666666,optimal
2021-02-10 23:30:00,96,2,0.0,0.0,0.0,0.6731,optimal
2021-02-11 00:00:00,96,2,1.1428571428571428,0.0,0.0,0.07933333333333333,optimal
2021-02-11 00:30:00,96,2,1.1428571428571428,0.0,0.0,0.15693333333333334,optimal
2021-02-11 01:00:00,96,2,1.1428571428571428,0.0,0.0,0.047,optimal
2021-02-11 01:30:00,96,2,1.1428571428571428,0.0,0.0,0.047,optimal
2021-02-11 02:00:00,96,2,1.1428571428571428,0.0,0.0,0.13106666666666666,optimal
2021-02-11 02:30:00,96,2,1.1428571428571428,0.0,0.0,0.1052,optimal
2021-02-11 03:00:00,96,2,1.1428571428571428,0.0,0.0,0.047,optimal
2021-02-11 03:30:00,96,2,1.1428571428571428,0.0,0.0,0.0664,optimal
2021-02-11 04:00:00,96,2,1.1428571428571428,0.0,0.0,0.16986666666666667,optimal
2021-02-11 04:30:00,96,2,1.1428571428571428,0.0,0.0,0.047,optimal
2021-02-11 05:00:00,96,2,1.1428571428571428,0.0,0.0,0.18926666666666667,optimal
2021-02-11 05:30:00,96,2,1.1428571428571428,0.0,0.0,0.047,optimal
2021-02-11 06:00:00,96,2,1.1428571428571428,0.46444444444444444,4.8400777785009925,0.08173333333333334,optimal
2021-02-11 06:30:00,96,2,1.1428571428571428,0.3096296296296296,0.0,0.42826666666666663,optimal
2021-02-11 07:00:00,96,2,1.1428571428571428,0.3096296296296296,0.0,0.0654,optimal
2021-02-11 07:30:00,96,2,1.1428571428571428,0.47451232227825924,0.0,0.11456666666666666,optimal
2021-02-11 08:00:00,96,2,0.6864972656034022,0.23222222222222222,0.0,0.243,optimal
2021-02-11 08:30:00,96,2,0.762923802711166,0.0,0.0,0.13169999999999998,optimal
2021-02-11 09:00:00,96,2,0.617855039951165,0.774074074074074,0.0,0.19726666666666667,optimal
2021-02-11 09:30:00,96,2,0.6649631317656505,0.0774074074074074,0.0,0.06626666666666667,optimal
2021-02-11 10:00:00,96,2,0.5275375045363818,0.5418518518518518,0.0,0.08746666666666666,optimal
2021-02-11 10:30:00,96,2,0.6111103196341422,0.0,0.0,0.1928,optimal
2021-02-11 11:00:00,96,2,0.5789817041288949,0.0,0.0,0.057,optimal
2021-02-11 11:30:00,96,2,0.53035454829502,0.0,0.0,0.17986666666666667,optimal
2021-02-11 12:00:00,96,2,1.1428571428571428,0.0,0.0,0.07640000000000001,optimal
2021-02-11 12:30:00,96,2,1.1428571428571428,0.0,0.0,0.057,optimal
2021-02-11 13:00:00,96,2,1.1428571428571428,0.0,0.0,0.057,optimal
2021-02-11 13:30:00,96,2,1.1428571428571428,0.0,0.0,0.057,optimal
2021-02-11 14:00:00,96,2,1.1428571428571428,0.0,0.0,0.19926666666666668,optimal
2021-02-11 14:30:00,96,2,1.1428571428571428,0.0,0.0,0.057,optimal
2021-02-11 15:00:00,96,2,1.1428571428571428,0.0,0.0,0.057,optimal
2021-02-11 15:30:00,96,2,1.1428571428571428,0.0,0.0,0.06346666666666667,optimal
2021-02-11 16:00:00,96,2,0.0,0.1548148148148148,0.0,0.21159999999999998,optimal
2021-02-11 16:30:00,96,2,0.0,0.0,0.0,0.09946666666666669,optimal
2021-02-11 17:00:00,96,2,0.0,0.3096296296296296,0.0,0.3134666666666666,optimal
2021-02-11 17:30:00,96,2,0.0,0.1548148148148148,0.0,0.23103333333333334,optimal
2021-02-11 18:00:00,96,2,0.0,0.46444444444444444,0.0,0.1797,optimal
2021-02-11 18:30:00,96,2,0.0,0.387037037037037,0.0,0.2826,optimal
2021-02-11 19:00:00,96,2,0.0,0.0,0.0,0.4654,optimal
2021-02-11 19:30:00,96,2,0.6930214390216303,0.0,0.0,1.2268666666666665,optimal
2021-02-11 20:00:00,96,2,0.7979236051837253,0.1548148148148148,0.0,0.3602333333333333,optimal
2021-02-11 20:30:00,96,2,0.0,0.0,0.0,0.24146666666666666,optimal
2021-02-11 21:00:00,96,2,0.0,0.0,0.0,0.18963333333333332,optimal
2021-02-11 21:30:00,96,2,0.0,0.0,0.0,0.49269999999999997,optimal
2021-02-11 22:00:00,96,2,0.0,0.0,0.0,0.11206666666666666,optimal
2021-02-11 22:30:00,96,2,0.0,0.0774074074074074,0.0,0.2049,optimal
2021-02-11 23:00:00,96,2,0.0,0.0,0.0,0.21306666666666663,optimal
2021-02-11 23:30:00,96,2,0.0,0.0,0.0,0.056,optimal
2021-02-12 00:00:00,96,2,1.1428571428571428,0.0,0.0,0.3724333333333333,optimal
2021-02-12 00:30:00,96,2,1.1428571428571428,0.0,0.0,0.061,optimal
2021-02-12 01:00:00,96,2,1.1428571428571428,0.0,0.0,0.061,optimal
2021-02-12 01:30:00,96,2,1.1428571428571428,0.0,0.0,0.19446666666666668,optimal
2021-02-12 02:00:00,96,2,1.1428571428571428,0.0,0.0,0.061,optimal
2021-02-12 02:30:00,96,2,1.1428571428571428,0.0,0.0,0.19446666666666668,optimal
2021-02-12 03:00:00,96,2,1.1428571428571428,0.0,0.0,0.061,optimal
2021-02-12 03:30:00,96,2,1.1428571428571428,0.0,0.0,0.12166666666666669,optimal
2021-02-12 04:00:00,96,2,1.1428571428571428,0.0,0.0,0.1338,optimal
2021-02-12 04:30:00,96,2,1.1428571428571428,0.0,0.0,0.06466666666666668,optimal
2021-02-12 05:00:00,96,2,1.1428571428571428,0.0,0.0,0.17386666666666667,optimal
2021-02-12 05:30:00,96,2,1.1428571428571428,0.0,0.0,0.08526666666666667,optimal
2021-02-12 06:00:00,96,2,1.1428571428571428,0.0,0.0,0.061,optimal
2021-02-12 06:30:00,96,2,1.1428571428571428,0.0,6.6800938197784525,0.19446666666666668,optimal
2021-02-12 07:00:00,96,2,1.1428571428571428,1.9351851851851851,10.0,0.071,optimal
2021-02-12 07:30:00,96,2,1.1428571428571428,7.365710357695835,0.0,0.19233333333333327,optimal
2021-02-12 08:00:00,96,2,0.9454048005608273,0.0,0.0,0.08313333333333334,optimal
2021-02-12 08:30:00,96,2,0.971694151625162,0.0,0.0,0.07706666666666666,optimal
2021-02-12 09:00:00,96,2,0.8987517385794225,0.0,0.0,0.1984,optimal
2021-02-12 09:30:00,96,2,0.8410355435384275,0.0,0.0,0.071,optimal
2021-02-12 10:00:00,96,2,0.6128680817477636,0.0,0.0,0.1438,optimal
2021-02-12 10:30:00,96,2,0.5992227129524198,0.0,0.0,0.13166666666666665,optimal
2021-02-12 11:00:00,96,2,0.4821671724718007,0.0,0.0,0.09826666666666668,optimal
2021-02-12 11:30:00,96,2,0.3948091204200026,0.0,0.0,0.29719999999999996,optimal
2021-02-12 12:00:00,96,2,0.339300306810876,0.46444444444444444,0.0,0.6145333333333333,optimal
2021-02-12 12:30:00,96,2,0.21532511190193962,0.0,0.0,1.3764666666666667,optimal
2021-02-12 13:00:00,96,2,0.5919058981352225,0.0,0.0,2.2993333333333332,optimal
2021-02-12 13:30:00,96,2,1.1428571428571428,0.0,0.0,0.5285,optimal
2021-02-12 14:00:00,96,2,1.1428571428571428,0.23222222222222222,0.0,0.6223,optimal
2021-02-12 14:30:00,96,2,1.1428571428571428,0.6966666666666667,0.0,0.5661666666666666,optimal
2021-02-12 15:00:00,96,2,1.1428571428571428,0.3096296296296296,0.0,0.45006666666666667,optimal
2021-02-12 15:30:00,96,2,1.1428571428571428,0.46444444444444444,0.0,0.5115,optimal
2021-02-12 16:00:00,96,2,0.0,0.0774074074074074,0.0,0.8056333333333333,optimal
2021-02-12 16:30:00,96,2,0.0,0.0,0.0,0.3288333333333333,optimal
2021-02-12 17:00:00,96,2,0.0,0.0,0.0,0.42069999999999996,optimal
2021-02-12 17:30:00,96,2,0.0,0.46444444444444444,0.0,0.24666666666666662,optimal
2021-02-12 18:00:00,96,2,0.0,0.46444444444444444,0.0,0.3646333333333333,optimal
2021-02-12 18:30:00,96,2,0.0,0.0774074074074074,0.0,0.4934666666666666,optimal
2021-02-12 19:00:00,96,2,0.0,0.0774074074074074,0.0,0.269,optimal
2021-02-12 19:30:00,96,2,0.0,0.3096296296296296,0.0,0.34053333333333335,optimal
2021-02-12 20:00:00,96,2,0.0,0.23222222222222222,0.0,0.41293333333333326,optimal
2021-02-12 20:30:00,96,2,0.0,0.0,0.0,0.33146666666666663,optimal
2021-02-12 21:00:00,96,2,0.0,2.012592592592592,0.0,0.335,optimal
2021-02-12 21:30:00,96,2,0.0,0.0,0.0,0.4376333333333333,optimal
2021-02-12 22:00:00,96,2,0.0,0.387037037037037,0.0,0.6015666666666667,optimal
2021-02-12 22:30:00,96,2,0.0,0.0,0.0,0.071,optimal
2021-02-12 23:00:00,96,2,0.0,0.0,0.0,0.20446666666666666,optimal
2021-02-12 23:30:00,96,2,0.0,0.0,0.0,0.071,optimal
2021-02-13 00:00:00,96,2,0.0,0.0,0.0,0.06,optimal
2021-02-13 00:30:00,96,2,0.0,0.0,0.0,0.06,optimal
2021-02-13 01:00:00,96,2,1.040558676827731,0.0,0.0,0.0654,optimal
2021-02-13 01:30:00,96,2,1.1428571428571428,0.0,0.0,0.29669999999999996,optimal
2021-02-13 02:00:00,96,2,1.1428571428571428,0.0,0.0,0.1445,optimal
2021-02-13 02:30:00,96,2,1.1428571428571428,0.0,0.0,0.19866666666666663,optimal
2021-02-13 03:00:00,96,2,1.1428571428571428,0.0,0.0,0.2549333333333333,optimal
2021-02-13 03:30:00,96,2,1.1428571428571428,0.0,0.0,0.1626,optimal
2021-02-13 04:00:00,96,2,1.1428571428571428,0.0,0.0,0.0708,optimal
2021-02-13 04:30:00,96,2,1.1428571428571428,0.0,0.0,0.2732,optimal
2021-02-13 05:00:00,96,2,1.1428571428571428,0.0,0.0,0.10859999999999999,optimal
2021-02-13 05:30:00,96,2,1.1428571428571428,0.0,0.0,0.247,optimal
2021-02-13 06:00:00,96,2,1.1428571428571428,0.0,1.146565211935524,0.17626666666666668,optimal
2021-02-13 06:30:00,96,2,1.1428571428571428,0.0,10.0,0.15273333333333333,optimal
2021-02-13 07:00:00,96,2,1.1428571428571428,1.7029629629629628,10.0,0.11783333333333332,optimal
2021-02-13 07:30:00,96,2,1.1428571428571428,0.6192592592592592,0.0,0.26263333333333333,optimal
2021-02-13 08:00:00,96,2,0.7575783884471375,0.23222222222222222,0.0,0.1328,optimal
2021-02-13 08:30:00,96,2,0.7165060506810572,0.1548148148148148,0.0,0.15230000000000002,optimal
2021-02-13 09:00:00,96,2,0.5886200170727025,0.0,0.0,0.44639999999999996,optimal
2021-02-13 09:30:00,96,2,0.5691345187184758,0.3096296296296296,0.0,0.27103333333333335,optimal
2021-02-13 10:00:00,96,2,0.4891008189822014,0.1548148148148148,0.0,0.2742,optimal
2021-02-13 10:30:00,96,2,0.45056181454944344,0.0,0.0,0.6762666666666667,optimal
2021-02-13 11:00:00,96,2,0.47926018033693896,0.1548148148148148,0.0,0.5567000000000001,optimal
2021-02-13 11:30:00,96,2,0.41189450923751625,0.0,0.0,1.3369000000000002,optimal
2021-02-13 12:00:00,96,2,0.4538182682628684,0.0774074074074074,0.0,0.3812,optimal
2021-02-13 12:30:00,96,2,1.1428571428571428,0.1548148148148148,0.0,0.2372,optimal
2021-02-13 13:00:00,96,2,1.1428571428571428,0.0,0.0,0.19190000000000002,optimal
2021-02-13 13:30:00,96,2,1.1428571428571428,0.0,0.0,0.36839999999999995,optimal
2021-02-13 14:00:00,96,2,1.1428571428571428,0.0,0.0,0.21880000000000002,optimal
2021-02-13 14:30:00,96,2,1.1428571428571428,0.0,0.0,0.09720000000000001,optimal
2021-02-13 15:00:00,96,2,1.1428571428571428,0.0,0.0,0.22790000000000002,optimal
2021-02-13 15:30:00,96,2,1.1428571428571428,0.0,0.0,0.2225,optimal
2021-02-13 16:00:00,96,2,0.0,0.0,0.0,0.1197,optimal
2021-02-13 16:30:00,96,2,0.0,0.0,0.0,0.3469,optimal
2021-02-13 17:00:00,96,2,0.0,0.3096296296296296,0.0,0.9400333333333332,optimal
2021-02-13 17:30:00,96,2,0.0,0.1548148148148148,0.0,0.8265666666666667,optimal
2021-02-13 18:00:00,96,2,0.0,0.387037037037037,0.0,0.3068,optimal
2021-02-13 18:30:00,96,2,0.0,0.3096296296296296,0.0,1.4416333333333335,optimal
2021-02-13 19:00:00,96,2,0.0,0.387037037037037,0.0,1.4499000000000002,optimal
2021-02-13 19:30:00,96,2,0.6957899990381866,0.3096296296296296,0.0,0.297,optimal
2021-02-13 20:00:00,96,2,0.6643156269512994,0.0774074074074074,0.0,0.371,optimal
2021-02-13 20:30:00,96,2,0.0,0.0,0.0,0.0916,optimal
2021-02-13 21:00:00,96,2,0.0,0.0,0.0,0.174,optimal
2021-02-13 21:30:00,96,2,0.0,0.0,0.0,0.1846,optimal
2021-02-13 22:00:00,96,2,0.0,0.0,0.0,0.1155,optimal
2021-02-13 22:30:00,96,2,0.0,0.0,0.0,0.1675,optimal
2021-02-13 23:00:00,96,2,0.0,0.0,0.0,0.5414666666666667,optimal
2021-02-13 23:30:00,96,2,0.0,0.3096296296296296,0.0,1.1722000000000001,optimal
2021-02-07 00:00:00,97,2,0.0,0.0,0.0,0.041,optimal
2021-02-07 00:30:00,97,2,0.0,0.0,0.0,0.041,optimal
2021-02-07 01:00:00,97,2,0.0,0.0,0.0,0.1088,optimal
2021-02-07 01:30:00,97,2,0.0,0.0,0.0,0.041,optimal
2021-02-07 02:00:00,97,2,0.0,0.0,0.0,0.1088,optimal
2021-02-07 02:30:00,97,2,0.0,0.0,0.0,0.041,optimal
2021-02-07 03:00:00,97,2,0.0,0.0,0.0,0.09373333333333332,optimal
2021-02-07 03:30:00,97,2,0.0,0.0,0.0,0.05606666666666667,optimal
2021-02-07 04:00:00,97,2,1.1428571428571428,0.0,0.0,0.041,optimal
2021-02-07 04:30:00,97,2,1.1428571428571428,0.0,0.0,0.1088,optimal
2021-02-07 05:00:00,97,2,1.1428571428571428,0.0,0.0,0.041,optimal
2021-02-07 05:30:00,97,2,1.1428571428571428,0.0,0.0,0.1088,optimal
2021-02-07 06:00:00,97,2,1.1428571428571428,0.0,0.0,0.050333333333333334,optimal
2021-02-07 06:30:00,97,2,1.1428571428571428,0.0,0.0,0.09620000000000001,optimal
2021-02-07 07:00:00,97,2,1.1428571428571428,2.2448148148148146,1.5052247886819266,0.11226666666666668,optimal
2021-02-07 07:30:00,97,2,0.0,0.0,0.0,0.05853333333333333,optimal
2021-02-07 08:00:00,97,2,0.6267948391071343,0.0,0.0,0.11126666666666668,optimal
2021-02-07 08:30:00,97,2,0.7759402547323614,0.0,0.0,0.06983333333333333,optimal
2021-02-07 09:00:00,97,2,0.7350502327159767,0.0,0.0,0.09996666666666668,optimal
2021-02-07 09:30:00,97,2,0.7469017044737105,0.0,0.0,0.051,optimal
2021-02-07 10:00:00,97,2,0.7025710516440212,0.0,0.0,0.051,optimal
2021-02-07 10:30:00,97,2,0.5684585843190517,0.0,0.0,0.3353666666666667,optimal
2021-02-07 11:00:00,97,2,0.4372090550478077,0.774074074074074,0.0,1.0414333333333334,optimal
2021-02-07 11:30:00,97,2,0.21892715028590143,0.8514814814814814,0.0,2.233333333333333,optimal
2021-02-07 12:00:00,97,2,0.9210404153838547,0.46444444444444444,0.0,0.14776666666666669,optimal
2021-02-07 12:30:00,97,2,1.1428571428571428,0.3096296296296296,0.0,0.18866666666666662,optimal
2021-02-07 13:00:00,97,2,1.1428571428571428,0.3096296296296296,0.0,1.7978333333333332,optimal
2021-02-07 13:30:00,97,2,1.1428571428571428,0.0,0.0,1.8554000000000002,optimal
2021-02-07 14:00:00,97,2,1.1428571428571428,0.5418518518518518,0.0,0.6613666666666667,optimal
2021-02-07 14:30:00,97,2,1.1428571428571428,0.0774074074074074,0.0,0.22933333333333328,optimal
2021-02-07 15:00:00,97,2,1.1428571428571428,0.0,0.0,0.051,optimal
2021-02-07 15:30:00,97,2,1.1428571428571428,0.0,0.0,0.051,optimal
2021-02-07 16:00:00,97,2,0.0,0.0,0.0,0.051,optimal
2021-02-07 16:30:00,97,2,0.0,0.0,0.0,0.051,optimal
2021-02-07 17:00:00,97,2,0.0,0.0,0.0,0.051,optimal
2021-02-07 17:30:00,97,2,0.0,0.0,0.0,0.051,optimal
2021-02-07 18:00:00,97,2,0.0,0.6192592592592592,0.0,0.47323333333333334,optimal
2021-02-07 18:30:00,97,2,0.0,0.0,0.0,1.1974666666666667,optimal
2021-02-07 19:00:00,97,2,0.0,0.0,0.0,0.051,optimal
2021-02-07 19:30:00,97,2,0.5019327652436347,0.1548148148148148,0.0,1.3665333333333334,optimal
2021-02-07 20:00:00,97,2,0.5728280033388709,0.1548148148148148,0.0,0.29560000000000003,optimal
2021-02-07 20:30:00,97,2,0.0,0.0,0.0,1.5555999999999999,optimal
2021-02-07 21:00:00,97,2,0.0,0.1548148148148148,0.0,0.3040333333333334,optimal
2021-02-07 21:30:00,97,2,0.0,0.0,0.0,0.3836333333333333,optimal
2021-02-07 22:00:00,97,2,0.0,0.0,0.0,0.449,optimal
2021-02-07 22:30:00,97,2,0.0,0.0,0.0,0.29346666666666665,optimal
2021-02-07 23:00:00,97,2,0.0,0.0,0.0,0.1188,optimal
2021-02-07 23:30:00,97,2,0.0,0.0,0.0,0.04833333333333333,optimal
2021-02-08 00:00:00,97,2,0.0,0.0,0.0,0.061,optimal
2021-02-08 00:30:00,97,2,0.0,0.0,0.0,0.061,optimal
2021-02-08 01:00:00,97,2,0.0,0.0,0.0,0.061,optimal
2021-02-08 01:30:00,97,2,0.5042019095185281,0.0,0.0,0.177,optimal
2021-02-08 02:00:00,97,2,1.1428571428571428,0.0,0.0,0.0726,optimal
2021-02-08 02:30:00,97,2,1.1428571428571428,0.0,0.0,0.061,optimal
2021-02-08 03:00:00,97,2,1.1428571428571428,0.0,0.0,0.148,optimal
2021-02-08 03:30:00,97,2,1.1428571428571428,0.0,0.0,0.1016,optimal
2021-02-08 04:00:00,97,2,1.1428571428571428,0.0,0.0,0.0958,optimal
2021-02-08 04:30:00,97,2,1.1428571428571428,0.0,0.0,0.15380000000000002,optimal
2021-02-08 05:00:00,97,2,1.1428571428571428,0.0,0.0,0.061,optimal
2021-02-08 05:30:00,97,2,1.1428571428571428,0.0,0.0,0.1596,optimal
2021-02-08 06:00:00,97,2,1.1428571428571428,0.0,0.0,0.09,optimal
2021-02-08 06:30:00,97,2,1.1428571428571428,0.0,1.5247679018610645,0.061,optimal
2021-02-08 07:00:00,97,2,1.1428571428571428,0.0,10.0,0.1886,optimal
2021-02-08 07:30:00,97,2,1.1428571428571428,0.0,0.0,0.061,optimal
2021-02-08 08:00:00,97,2,0.6048673956392301,0.0,0.0,0.2608666666666667,optimal
2021-02-08 08:30:00,97,2,0.2413454045047309,0.23222222222222222,0.0,1.9608333333333332,optimal
2021-02-08 09:00:00,97,2,0.4530357055797793,0.387037037037037,0.0,1.3628666666666667,optimal
2021-02-08 09:30:00,97,2,0.5604053589481921,0.0,0.0,0.275,optimal
2021-02-08 10:00:00,97,2,0.4028360340076928,0.0,0.0,2.107133333333333,optimal
2021-02-08 10:30:00,97,2,0.40268161873451513,0.0,0.0,0.39463333333333334,optimal
2021-02-08 11:00:00,97,2,0.263087743161566,0.0,0.0,0.26839999999999997,optimal
2021-02-08 11:30:00,97,2,0.5398573533436786,0.0,0.0,0.158,optimal
2021-02-08 12:00:00,97,2,0.5166375977692393,0.0,0.0,0.11159999999999999,optimal
2021-02-08 12:30:00,97,2,0.8734634950815341,0.0,0.0,0.071,optimal
2021-02-08 13:00:00,97,2,1.1428571428571428,0.0,0.0,0.071,optimal
2021-02-08 13:30:00,97,2,1.1428571428571428,0.0,0.0,0.1812,optimal
2021-02-08 14:00:00,97,2,1.1428571428571428,0.0,0.0,0.0884,optimal
2021-02-08 14:30:00,97,2,1.1428571428571428,0.0,0.0,0.071,optimal
2021-02-08 15:00:00,97,2,1.1428571428571428,0.0,0.0,0.071,optimal
2021-02-08 15:30:00,97,2,1.1428571428571428,0.0,0.0,0.1522,optimal
2021-02-08 16:00:00,97,2,0.0,0.0,0.0,0.5793666666666667,optimal
2021-02-08 16:30:00,97,2,0.0,0.3096296296296296,0.0,2.0795333333333335,optimal
2021-02-08 17:00:00,97,2,0.0,0.387037037037037,0.0,0.6222666666666666,optimal
2021-02-08 17:30:00,97,2,0.0,0.0,0.0,0.2243666666666667,optimal
2021-02-08 18:00:00,97,2,0.0,0.6966666666666667,0.0,2.6140666666666665,optimal
2021-02-08 18:30:00,97,2,0.0,0.9288888888888889,0.0,2.408533333333333,optimal
2021-02-08 19:00:00,97,2,0.0,0.0,0.0,0.3368,optimal
2021-02-08 19:30:00,97,2,0.5550097808242956,0.0774074074074074,0.0,2.0529333333333333,optimal
2021-02-08 20:00:00,97,2,0.43448012745587355,0.23222222222222222,0.0,1.0534000000000001,optimal
2021-02-08 20:30:00,97,2,0.0,0.0,0.0,0.4968,optimal
2021-02-08 21:00:00,97,2,0.0,0.0,0.0,0.7262333333333334,optimal
2021-02-08 21:30:00,97,2,0.0,0.0,0.0,1.0352666666666668,optimal
2021-02-08 22:00:00,97,2,0.0,0.0,0.0,3.0705666666666667,optimal
2021-02-08 22:30:00,97,2,0.0,0.1548148148148148,0.0,0.9719,optimal
2021-02-08 23:00:00,97,2,0.0,0.0,0.0,0.071,optimal
2021-02-08 23:30:00,97,2,0.0,0.0,0.0,0.1812,optimal
2021-02-09 00:00:00,97,2,0.0,0.0,0.0,0.06533333333333333,optimal
2021-02-09 00:30:00,97,2,0.0,0.0,0.0,0.20416666666666664,optimal
2021-02-09 01:00:00,97,2,0.08334911024753519,0.0,0.0,0.14983333333333335,optimal
2021-02-09 01:30:00,97,2,1.1428571428571428,0.0,0.0,0.11733333333333332,optimal
2021-02-09 02:00:00,97,2,1.1428571428571428,0.0,0.0,0.15133333333333335,optimal
2021-02-09 02:30:00,97,2,1.1428571428571428,0.0,0.0,0.16066666666666665,optimal
2021-02-09 03:00:00,97,2,1.1428571428571428,0.0,0.0,0.1853333333333333,optimal
2021-02-09 03:30:00,97,2,1.1428571428571428,0.0,0.0,0.172,optimal
2021-02-09 04:00:00,97,2,1.1428571428571428,0.0,0.0,0.14566666666666667,optimal
2021-02-09 04:30:00,97,2,1.1428571428571428,0.0,0.0,0.19836666666666666,optimal
2021-02-09 05:00:00,97,2,1.1428571428571428,0.0,0.0,0.0853,optimal
2021-02-09 05:30:00,97,2,1.1428571428571428,0.0,8.72962636616365,0.18136666666666668,optimal
2021-02-09 06:00:00,97,2,1.1428571428571428,0.0,10.0,0.17596666666666666,optimal
2021-02-09 06:30:00,97,2,1.1428571428571428,0.0,10.0,0.072,optimal
2021-02-09 07:00:00,97,2,1.1428571428571428,0.0,10.0,0.19666666666666663,optimal
2021-02-09 07:30:00,97,2,1.1428571428571428,0.0,0.0,0.10303333333333332,optimal
2021-02-09 08:00:00,97,2,0.7931123325715929,0.0,0.0,0.1693,optimal
2021-02-09 08:30:00,97,2,0.790209604987623,0.0,0.0,0.157,optimal
2021-02-09 09:00:00,97,2,0.7336756993968259,0.7167925925925925,0.0,0.10933333333333331,optimal
2021-02-09 09:30:00,97,2,0.5892988156574629,1.7602444444444445,0.0,0.43,optimal
2021-02-09 10:00:00,97,2,0.6046189358606247,2.7092592592592597,0.0,0.12133333333333332,optimal
2021-02-09 10:30:00,97,2,0.6391620089349656,0.0,0.0,0.072,optimal
2021-02-09 11:00:00,97,2,0.5261782108866823,0.0,0.0,0.10746666666666668,optimal
2021-02-09 11:30:00,97,2,0.5875602306290121,0.0,0.0,0.24986666666666668,optimal
2021-02-09 12:00:00,97,2,1.1428571428571428,0.0,0.0,0.072,optimal
2021-02-09 12:30:00,97,2,1.1428571428571428,0.0,0.0,0.072,optimal
2021-02-09 13:00:00,97,2,1.1428571428571428,0.0,0.0,0.14736666666666667,optimal
2021-02-09 13:30:00,97,2,1.1428571428571428,0.0,0.0,0.13063333333333332,optimal
2021-02-09 14:00:00,97,2,1.1428571428571428,0.0,0.0,0.16906666666666667,optimal
2021-02-09 14:30:00,97,2,1.1428571428571428,0.0,0.0,0.14293333333333333,optimal
2021-02-09 15:00:00,97,2,1.1428571428571428,0.0,0.0,0.11166666666666669,optimal
2021-02-09 15:30:00,97,2,1.1428571428571428,0.0,0.0,0.24566666666666662,optimal
2021-02-09 16:00:00,97,2,0.0,0.0,0.0,0.072,optimal
2021-02-09 16:30:00,97,2,0.0,0.0,0.0,0.19123333333333328,optimal
2021-02-09 17:00:00,97,2,0.0,0.0,0.0,0.1661,optimal
2021-02-09 17:30:00,97,2,0.0,0.0,0.0,0.09416666666666669,optimal
2021-02-09 18:00:00,97,2,0.0,0.0,0.0,0.1385,optimal
2021-02-09 18:30:00,97,2,0.0,0.0,0.0,0.22640000000000002,optimal
2021-02-09 19:00:00,97,2,0.0,0.23222222222222222,0.0,0.24719999999999998,optimal
2021-02-09 19:30:00,97,2,0.5199491307474247,0.0,0.0,2.777833333333333,optimal
2021-02-09 20:00:00,97,2,0.5511777021759967,0.0,0.0,0.3753666666666667,optimal
2021-02-09 20:30:00,97,2,0.0,0.0774074074074074,0.0,0.4181666666666667,optimal
2021-02-09 21:00:00,97,2,0.0,0.3096296296296296,0.0,0.44903333333333334,optimal
2021-02-09 21:30:00,97,2,0.0,0.0,0.0,0.3632666666666666,optimal
2021-02-09 22:00:00,97,2,0.0,0.1548148148148148,0.0,0.6351666666666667,optimal
2021-02-09 22:30:00,97,2,0.0,0.0,0.0,2.5087333333333333,optimal
2021-02-09 23:00:00,97,2,0.0,0.0,0.0,2.7689,optimal
2021-02-09 23:30:00,97,2,0.0,0.46444444444444444,0.0,2.581633333333333,optimal
2021-02-10 00:00:00,97,2,0.0,0.0,0.0,0.1475,optimal
2021-02-10 00:30:00,97,2,0.0,0.0,0.0,0.1119,optimal
2021-02-10 01:00:00,97,2,0.009617352583660418,0.0,0.0,0.1675,optimal
2021-02-10 01:30:00,97,2,1.1428571428571428,0.0,0.0,0.16896666666666668,optimal
2021-02-10 02:00:00,97,2,1.1428571428571428,0.0,0.0,0.2044,optimal
2021-02-10 02:30:00,97,2,1.1428571428571428,0.0,0.0,0.16026666666666667,optimal
2021-02-10 03:00:00,97,2,1.1428571428571428,1.9351851851851851,0.0,0.1738,optimal
2021-02-10 03:30:00,97,2,1.1428571428571428,0.0,0.0,0.13113333333333332,optimal
2021-02-10 04:00:00,97,2,1.1428571428571428,0.0,0.0,0.08976666666666666,optimal
2021-02-10 04:30:00,97,2,1.1428571428571428,0.0,0.0,0.2351,optimal
2021-02-10 05:00:00,97,2,1.1428571428571428,0.0,0.0,0.052,optimal
2021-02-10 05:30:00,97,2,1.1428571428571428,0.0,0.0,0.17513333333333334,optimal
2021-02-10 06:00:00,97,2,1.1428571428571428,0.0,0.0,0.16533333333333333,optimal
2021-02-10 06:30:00,97,2,1.1428571428571428,0.0,0.0,0.07983333333333333,optimal
2021-02-10 07:00:00,97,2,1.1428571428571428,0.0,9.574050799808957,0.18943333333333331,optimal
2021-02-10 07:30:00,97,2,1.1428571428571428,0.6192592592592592,0.0,0.24973333333333328,optimal
2021-02-10 08:00:00,97,2,0.3691521567349263,2.2448148148148146,0.0,1.4643666666666666,optimal
2021-02-10 08:30:00,97,2,0.5602342342420142,0.0,0.0,0.2921666666666667,optimal
2021-02-10 09:00:00,97,2,0.5832042469026644,1.2385185185185184,0.0,0.061,optimal
2021-02-10 09:30:00,97,2,0.5725548958383331,0.1548148148148148,0.0,0.28776666666666667,optimal
2021-02-10 10:00:00,97,2,0.4483424446041278,5.263703703703704,0.0,0.3885,optimal
2021-02-10 10:30:00,97,2,0.5426778122582657,0.0774074074074074,0.0,0.1252,optimal
2021-02-10 11:00:00,97,2,0.44425277883241876,0.23222222222222222,0.0,0.21396666666666667,optimal
2021-02-10 11:30:00,97,2,0.46793667472882045,0.1548148148148148,0.0,0.15876666666666667,optimal
2021-02-10 12:00:00,97,2,0.38920244058487985,0.0,0.0,0.11093333333333334,optimal
2021-02-10 12:30:00,97,2,0.6114154413781624,0.46444444444444444,0.0,0.061,optimal
2021-02-10 13:00:00,97,2,1.1428571428571428,0.1548148148148148,0.0,0.4098,optimal
2021-02-10 13:30:00,97,2,1.1428571428571428,0.1548148148148148,0.0,0.23206666666666664,optimal
2021-02-10 14:00:00,97,2,1.1428571428571428,0.0,0.0,0.2802,optimal
2021-02-10 14:30:00,97,2,1.1428571428571428,0.0,0.0,0.4289,optimal
2021-02-10 15:00:00,97,2,1.1428571428571428,0.0,0.0,0.10546666666666668,optimal
2021-02-10 15:30:00,97,2,1.1428571428571428,0.0,0.0,0.062,optimal
2021-02-10 16:00:00,97,2,0.0,0.0,0.0,0.29760000000000003,optimal
2021-02-10 16:30:00,97,2,0.0,0.0,0.0,0.12706666666666666,optimal
2021-02-10 17:00:00,97,2,0.0,0.0,0.0,0.1019,optimal
2021-02-10 17:30:00,97,2,0.0,0.387037037037037,0.0,0.34363333333333335,optimal
2021-02-10 18:00:00,97,2,0.0,0.0,0.0,0.4656666666666667,optimal
2021-02-10 18:30:00,97,2,0.0,0.3096296296296296,0.0,0.47213333333333335,optimal
2021-02-10 19:00:00,97,2,0.0,0.0774074074074074,0.0,0.4208,optimal
2021-02-10 19:30:00,97,2,0.6519784409078608,0.0,0.0,0.2612,optimal
2021-02-10 20:00:00,97,2,0.6827877487858981,0.0774074074074074,0.0,0.2901,optimal
2021-02-10 20:30:00,97,2,0.0,0.3096296296296296,0.0,0.27786666666666665,optimal
2021-02-10 21:00:00,97,2,0.0,0.0,0.0,0.3689666666666666,optimal
2021-02-10 21:30:00,97,2,0.0,0.0,0.0,0.1575,optimal
2021-02-10 22:00:00,97,2,0.0,0.0,0.0,0.32356666666666667,optimal
2021-02-10 22:30:00,97,2,0.0,0.0,0.0,0.3638,optimal
2021-02-10 23:00:00,97,2,0.0,0.0,0.0,0.3148,optimal
2021-02-10 23:30:00,97,2,0.0,0.0,0.0,0.30843333333333334,optimal
2021-02-11 00:00:00,97,2,1.1428571428571428,0.0,0.0,0.17253333333333334,optimal
2021-02-11 00:30:00,97,2,1.1428571428571428,0.0,0.0,0.12040000000000001,optimal
2021-02-11 01:00:00,97,2,1.1428571428571428,0.0,0.0,0.14880000000000002,optimal
2021-02-11 01:30:00,97,2,1.1428571428571428,0.0,0.0,0.09373333333333332,optimal
2021-02-11 02:00:00,97,2,1.1428571428571428,0.0,0.0,0.09240000000000001,optimal
2021-02-11 02:30:00,97,2,1.1428571428571428,0.0,0.0,0.042,optimal
2021-02-11 03:00:00,97,2,1.1428571428571428,0.0,0.0,0.16193333333333335,optimal
2021-02-11 03:30:00,97,2,1.1428571428571428,0.0,0.0,0.131,optimal
2021-02-11 04:00:00,97,2,1.1428571428571428,0.0,0.0,0.0588,optimal
2021-02-11 04:30:00,97,2,1.1428571428571428,0.0,0.0,0.23413333333333333,optimal
2021-02-11 05:00:00,97,2,1.1428571428571428,0.0,0.0,0.042,optimal
2021-02-11 05:30:00,97,2,1.1428571428571428,0.0,0.0,0.18673333333333328,optimal
2021-02-11 06:00:00,97,2,1.1428571428571428,0.0,4.168919489671474,0.11886666666666666,optimal
2021-02-11 06:30:00,97,2,1.1428571428571428,0.0,10.0,0.04,optimal
2021-02-11 07:00:00,97,2,1.1428571428571428,0.3096296296296296,0.0,0.15193333333333334,optimal
2021-02-11 07:30:00,97,2,1.1428571428571428,1.2206827943023002,0.0,0.16046666666666667,optimal
2021-02-11 08:00:00,97,2,0.7999258370319667,0.387037037037037,0.0,0.6325333333333333,optimal
2021-02-11 08:30:00,97,2,0.7165028503302225,0.0,0.0,0.7656333333333333,optimal
2021-02-11 09:00:00,97,2,0.5476664685225915,0.46444444444444444,0.0,1.5115999999999998,optimal
2021-02-11 09:30:00,97,2,0.47944884605136395,0.23222222222222222,0.0,0.4959333333333333,optimal
2021-02-11 10:00:00,97,2,0.4010917902506672,0.6192592592592592,0.0,0.2702,optimal
2021-02-11 10:30:00,97,2,0.5565807958246145,0.0,0.0,0.1576,optimal
2021-02-11 11:00:00,97,2,0.4061378946050782,0.1548148148148148,0.0,1.1365666666666665,optimal
2021-02-11 11:30:00,97,2,0.6742864342511047,0.1548148148148148,0.0,2.5206666666666666,optimal
2021-02-11 12:00:00,97,2,1.1428571428571428,0.0,0.0,1.6833333333333333,optimal
2021-02-11 12:30:00,97,2,1.1428571428571428,0.1548148148148148,0.0,0.31106666666666666,optimal
2021-02-11 13:00:00,97,2,1.1428571428571428,0.0,0.0,0.25839999999999996,optimal
2021-02-11 13:30:00,97,2,1.1428571428571428,0.0,0.0,0.052,optimal
2021-02-11 14:00:00,97,2,1.1428571428571428,0.0,0.0,0.052,optimal
2021-02-11 14:30:00,97,2,1.1428571428571428,0.0,0.0,0.21053333333333332,optimal
2021-02-11 15:00:00,97,2,1.1428571428571428,0.0,0.0,0.1024,optimal
2021-02-11 15:30:00,97,2,1.1428571428571428,0.0,0.0,0.052,optimal
2021-02-11 16:00:00,97,2,0.0,0.0,0.0,0.21613333333333332,optimal
2021-02-11 16:30:00,97,2,0.0,0.0,0.0,0.0968,optimal
2021-02-11 17:00:00,97,2,0.0,0.0,0.0,0.15880000000000002,optimal
2021-02-11 17:30:00,97,2,0.0,0.0,0.0,0.15413333333333332,optimal
2021-02-11 18:00:00,97,2,0.0,0.0,0.0,0.052,optimal
2021-02-11 18:30:00,97,2,0.0,0.0774074074074074,0.0,0.2348,optimal
2021-02-11 19:00:00,97,2,0.0,1.2385185185185184,0.0,0.4875333333333334,optimal
2021-02-11 19:30:00,97,2,0.9215471533073402,0.0,0.0,0.212,optimal
2021-02-11 20:00:00,97,2,0.8695140813742035,0.1548148148148148,0.0,0.4164,optimal
2021-02-11 20:30:00,97,2,0.0,0.0,0.0,0.39366666666666666,optimal
2021-02-11 21:00:00,97,2,0.0,0.387037037037037,0.0,0.5169333333333332,optimal
2021-02-11 21:30:00,97,2,0.0,0.0,0.0,0.32293333333333335,optimal
2021-02-11 22:00:00,97,2,0.0,0.3096296296296296,0.0,0.2904,optimal
2021-02-11 22:30:00,97,2,0.0,0.0,0.0,0.42560000000000003,optimal
2021-02-11 23:00:00,97,2,0.0,0.0,0.0,0.6625333333333333,optimal
2021-02-11 23:30:00,97,2,0.0,0.0,0.0,0.0688,optimal
2021-02-12 00:00:00,97,2,1.1428571428571428,0.0,0.0,0.051,optimal
2021-02-12 00:30:00,97,2,1.1428571428571428,0.0,0.0,0.051,optimal
2021-02-12 01:00:00,97,2,1.1428571428571428,0.0,0.0,0.051,optimal
2021-02-12 01:30:00,97,2,1.1428571428571428,0.0,0.0,0.17933333333333334,optimal
2021-02-12 02:00:00,97,2,1.1428571428571428,0.0,0.0,0.051,optimal
2021-02-12 02:30:00,97,2,1.1428571428571428,0.0,0.0,0.2027,optimal
2021-02-12 03:00:00,97,2,1.1428571428571428,0.0,0.0,0.09183333333333331,optimal
2021-02-12 03:30:00,97,2,1.1428571428571428,0.0,0.0,0.09736666666666666,optimal
2021-02-12 04:00:00,97,2,1.1428571428571428,0.0774074074074074,0.0,0.19583333333333328,optimal
2021-02-12 04:30:00,97,2,1.1428571428571428,0.0,0.0,0.1103,optimal
2021-02-12 05:00:00,97,2,1.1428571428571428,0.0,0.0,0.05456666666666667,optimal
2021-02-12 05:30:00,97,2,1.1428571428571428,0.0,0.0,0.18646666666666667,optimal
2021-02-12 06:00:00,97,2,1.1428571428571428,0.0,0.0,0.10806666666666666,optimal
2021-02-12 06:30:00,97,2,1.1428571428571428,0.0,0.4860256690338959,0.07433333333333333,optimal
2021-02-12 07:00:00,97,2,1.1428571428571428,0.0,10.0,0.2059333333333333,optimal
2021-02-12 07:30:00,97,2,1.1428571428571428,6.110716961366379,0.0,0.06526666666666667,optimal
2021-02-12 08:00:00,97,2,0.8997381338941582,0.0,0.0,0.19846666666666668,optimal
2021-02-12 08:30:00,97,2,0.8826751040061056,0.7167925925925925,0.0,0.1426,optimal
2021-02-12 09:00:00,97,2,0.8391326909603732,2.6891333333333334,0.0,0.0689,optimal
2021-02-12 09:30:00,97,2,0.7209593530622396,0.1548148148148148,0.0,0.10663333333333334,optimal
2021-02-12 10:00:00,97,2,0.4493918912715646,0.46444444444444444,0.0,0.24880000000000002,optimal
2021-02-12 10:30:00,97,2,0.20858461771433076,0.0,0.0,1.5478,optimal
2021-02-12 11:00:00,97,2,0.3806719343765564,0.23222222222222222,0.0,0.218,optimal
2021-02-12 11:30:00,97,2,0.4227234061342783,0.0774074074074074,0.0,0.1873333333333333,optimal
2021-02-12 12:00:00,97,2,0.4016450687156478,0.0,0.0,0.07326666666666666,optimal
2021-02-12 12:30:00,97,2,1.1355981339023253,0.0774074074074074,0.0,0.17386666666666667,optimal
2021-02-12 13:00:00,97,2,1.1428571428571428,0.0,0.0,1.4699333333333333,optimal
2021-02-12 13:30:00,97,2,1.1428571428571428,0.0,0.0,0.5034,optimal
2021-02-12 14:00:00,97,2,1.1428571428571428,0.0,0.0,0.16383333333333333,optimal
2021-02-12 14:30:00,97,2,1.1428571428571428,0.0,0.0,0.5578666666666666,optimal
2021-02-12 15:00:00,97,2,1.1428571428571428,0.0,0.0,0.26723333333333327,optimal
2021-02-12 15:30:00,97,2,1.1428571428571428,0.0,0.0,0.061,optimal
2021-02-12 16:00:00,97,2,0.0,0.0,0.0,0.1893333333333333,optimal
2021-02-12 16:30:00,97,2,0.0,0.0,0.0,0.1252,optimal
2021-02-12 17:00:00,97,2,0.0,0.0,0.0,0.1142,optimal
2021-02-12 17:30:00,97,2,0.0,0.23222222222222222,0.0,0.20633333333333329,optimal
2021-02-12 18:00:00,97,2,0.0,0.387037037037037,0.0,0.17913333333333334,optimal
2021-02-12 18:30:00,97,2,0.0,0.0,0.0,0.258,optimal
2021-02-12 19:00:00,97,2,0.0,0.387037037037037,0.0,0.4729,optimal
2021-02-12 19:30:00,97,2,0.7267423799905673,0.0,0.0,0.24496666666666667,optimal
2021-02-12 20:00:00,97,2,0.7234299126655898,0.46444444444444444,0.0,0.2856666666666667,optimal
2021-02-12 20:30:00,97,2,0.0,0.0,0.0,0.2767333333333333,optimal
2021-02-12 21:00:00,97,2,0.0,0.3096296296296296,0.0,0.26276666666666665,optimal
2021-02-12 21:30:00,97,2,0.0,0.0,0.0,0.3188666666666667,optimal
2021-02-12 22:00:00,97,2,0.0,0.3096296296296296,0.0,0.3398333333333333,optimal
2021-02-12 22:30:00,97,2,0.0,0.0,0.0,0.28046666666666664,optimal
2021-02-12 23:00:00,97,2,0.0,0.0,0.0,0.2092333333333333,optimal
2021-02-12 23:30:00,97,2,0.0,0.0,0.0,0.085,optimal
2021-02-13 00:00:00,97,2,0.0,0.0,0.0,0.07,optimal
2021-02-13 00:30:00,97,2,0.0,0.0,0.0,0.2152,optimal
2021-02-13 01:00:00,97,2,1.0804913384855577,0.0,0.0,0.08583333333333333,optimal
2021-02-13 01:30:00,97,2,1.1428571428571428,0.0,0.0,0.22336666666666669,optimal
2021-02-13 02:00:00,97,2,1.1428571428571428,0.0,0.0,0.103,optimal
2021-02-13 02:30:00,97,2,1.1428571428571428,0.0,0.0,0.1996,optimal
2021-02-13 03:00:00,97,2,1.1428571428571428,0.0,0.0,0.1426,optimal
2021-02-13 03:30:00,97,2,1.1428571428571428,0.0,0.0,0.07,optimal
2021-02-13 04:00:00,97,2,1.1428571428571428,0.0,0.0,0.1426,optimal
2021-02-13 04:30:00,97,2,1.1428571428571428,0.0,0.0,0.16476666666666667,optimal
2021-02-13 05:00:00,97,2,1.1428571428571428,0.0,0.0,0.10483333333333332,optimal
2021-02-13 05:30:00,97,2,1.1428571428571428,0.0,0.0,0.21453333333333333,optimal
2021-02-13 06:00:00,97,2,1.1428571428571428,0.1548148148148148,7.919674151706288,0.09833333333333331,optimal
2021-02-13 06:30:00,97,2,1.1428571428571428,0.0,0.0,0.12446666666666668,optimal
2021-02-13 07:00:00,97,2,1.1428571428571428,0.0,0.0,0.22323333333333328,optimal
2021-02-13 07:30:00,97,2,1.1428571428571428,0.0,0.0,0.12866666666666665,optimal
2021-02-13 08:00:00,97,2,0.7733498170185676,0.0,0.0,0.151,optimal
2021-02-13 08:30:00,97,2,0.7155060506810543,0.0,0.0,1.8099333333333327,optimal
2021-02-13 09:00:00,97,2,0.5826104932631823,0.23222222222222222,0.0,3.1845333333333334,optimal
2021-02-13 09:30:00,97,2,0.6542773758613377,0.23222222222222222,0.0,1.3215,optimal
2021-02-13 10:00:00,97,2,0.6969770094583906,0.0,0.0,0.0875,optimal
2021-02-13 10:30:00,97,2,0.6636094335970636,0.0,0.0,0.1988,optimal
2021-02-13 11:00:00,97,2,0.5679573231940738,0.0,0.0,0.10473333333333332,optimal
2021-02-13 11:30:00,97,2,0.8889056839769628,0.0,0.0,0.17980000000000002,optimal
2021-02-13 12:00:00,97,2,1.1428571428571428,0.0,0.0,0.16240000000000002,optimal
2021-02-13 12:30:00,97,2,1.1428571428571428,0.0,0.0,0.127,optimal
2021-02-13 13:00:00,97,2,1.1428571428571428,0.0,0.0,0.1492,optimal
2021-02-13 13:30:00,97,2,1.1428571428571428,0.0,0.0,0.136,optimal
2021-02-13 14:00:00,97,2,1.1428571428571428,0.0,0.0,0.07316666666666667,optimal
2021-02-13 14:30:00,97,2,1.1428571428571428,0.0,0.0,0.26903333333333335,optimal
2021-02-13 15:00:00,97,2,1.1428571428571428,0.0,0.0,0.07166666666666667,optimal
2021-02-13 15:30:00,97,2,1.1428571428571428,0.0,0.0,0.1951,optimal
2021-02-13 16:00:00,97,2,0.0,0.0,0.0,0.1671,optimal
2021-02-13 16:30:00,97,2,0.0,0.0,0.0,0.31056666666666666,optimal
2021-02-13 17:00:00,97,2,0.0,0.46444444444444444,0.0,0.12233333333333331,optimal
2021-02-13 17:30:00,97,2,0.0,0.0,0.0,1.1865999999999999,optimal
2021-02-13 18:00:00,97,2,0.0,0.23222222222222222,0.0,0.9757333333333332,optimal
2021-02-13 18:30:00,97,2,0.0,0.0,0.0,0.08,optimal
2021-02-13 19:00:00,97,2,0.0,0.0,0.0,0.137,optimal
2021-02-13 19:30:00,97,2,0.7159709514191396,0.0,0.0,0.3919666666666666,optimal
2021-02-13 20:00:00,97,2,0.6400299126655844,0.0,0.0,0.38839999999999997,optimal
2021-02-13 20:30:00,97,2,0.0,0.0,0.0,1.4693,optimal
2021-02-13 21:00:00,97,2,0.0,0.23222222222222222,0.0,1.5975666666666666,optimal
2021-02-13 21:30:00,97,2,0.0,0.0,0.0,0.3235,optimal
2021-02-13 22:00:00,97,2,0.0,0.0,0.0,1.731766666666667,optimal
2021-02-13 22:30:00,97,2,0.0,0.0,0.0,1.1927,optimal
2021-02-13 23:00:00,97,2,0.0,0.0,0.0,0.12433333333333331,optimal
2021-02-13 23:30:00,97,2,0.0,0.0,0.0,0.16906666666666667,optimal
2021-02-07 00:00:00,98,2,0.0,0.0,0.0,0.045,optimal
2021-02-07 00:30:00,98,2,0.0,0.0,0.0,0.045,optimal
2021-02-07 01:00:00,98,2,0.0,0.0,0.0,0.045,optimal
2021-02-07 01:30:00,98,2,0.0,0.0,0.0,0.045,optimal
2021-02-07 02:00:00,98,2,0.0,0.0,0.0,0.045,optimal
2021-02-07 02:30:00,98,2,0.0,0.0,0.0,0.045,optimal
2021-02-07 03:00:00,98,2,0.0,0.0,0.0,0.045,optimal
2021-02-07 03:30:00,98,2,0.0,0.0,0.0,0.045,optimal
2021-02-07 04:00:00,98,2,1.1428571428571428,0.0,0.0,0.045,optimal
2021-02-07 04:30:00,98,2,1.1428571428571428,0.0,0.0,0.045,optimal
2021-02-07 05:00:00,98,2,1.1428571428571428,0.0,0.0,0.045,optimal
2021-02-07 05:30:00,98,2,1.1428571428571428,0.0,0.0,0.045,optimal
2021-02-07 06:00:00,98,2,1.1428571428571428,0.0,0.0,0.045,optimal
2021-02-07 06:30:00,98,2,1.1428571428571428,0.0,0.0,0.045,optimal
2021-02-07 07:00:00,98,2,1.1428571428571428,0.0,2.0120072799789424,0.045,optimal
2021-02-07 07:30:00,98,2,0.0,0.0,0.0,0.045,optimal
2021-02-07 08:00:00,98,2,0.7032739617094227,0.0,0.0,0.045,optimal
2021-02-07 08:30:00,98,2,0.5987878737799853,2.012592592592592,0.0,0.2626,optimal
2021-02-07 09:00:00,98,2,0.5487235660493182,2.7092592592592597,0.0,1.0411,optimal
2021-02-07 09:30:00,98,2,0.5700483711403792,0.6966666666666667,0.0,0.404,optimal
2021-02-07 10:00:00,98,2,0.7017710516440167,0.0,0.0,0.055,optimal
2021-02-07 10:30:00,98,2,0.7060490605095264,0.0,0.0,0.055,optimal
2021-02-07 11:00:00,98,2,0.6537014360001923,0.0,0.0,0.055,optimal
2021-02-07 11:30:00,98,2,1.015442829172132,0.0,0.0,0.055,optimal
2021-02-07 12:00:00,98,2,1.1428571428571428,0.0,0.0,0.055,optimal
2021-02-07 12:30:00,98,2,1.1428571428571428,0.0,0.0,0.9628666666666668,optimal
2021-02-07 13:00:00,98,2,1.1428571428571428,0.6192592592592592,0.0,0.2726,optimal
2021-02-07 13:30:00,98,2,1.1428571428571428,0.1548148148148148,0.0,0.05433333333333334,optimal
2021-02-07 14:00:00,98,2,1.1428571428571428,0.23222222222222222,0.0,0.053,optimal
2021-02-07 14:30:00,98,2,1.1428571428571428,0.0,0.0,0.055,optimal
2021-02-07 15:00:00,98,2,1.1428571428571428,0.0,0.0,0.055,optimal
2021-02-07 15:30:00,98,2,1.1428571428571428,0.0,0.0,0.055,optimal
2021-02-07 16:00:00,98,2,0.0,0.0,0.0,0.055,optimal
2021-02-07 16:30:00,98,2,0.0,0.0774074074074074,0.0,0.09333333333333331,optimal
2021-02-07 17:00:00,98,2,0.0,0.0,0.0,0.055,optimal
2021-02-07 17:30:00,98,2,0.0,0.23222222222222222,0.0,0.2927666666666667,optimal
2021-02-07 18:00:00,98,2,0.0,0.0,0.0,0.055666666666666656,optimal
2021-02-07 18:30:00,98,2,0.0,1.1611111111111108,0.0,0.0747,optimal
2021-02-07 19:00:00,98,2,0.0,1.9351851851851851,0.0,0.17733333333333334,optimal
2021-02-07 19:30:00,98,2,0.5422470509579169,0.23222222222222222,0.0,0.053,optimal
2021-02-07 20:00:00,98,2,0.5481613366722019,0.0,0.0,0.0858,optimal
2021-02-07 20:30:00,98,2,0.0,0.0,0.0,0.08713333333333334,optimal
2021-02-07 21:00:00,98,2,0.0,0.0,0.0,0.0823,optimal
2021-02-07 21:30:00,98,2,0.0,0.0,0.0,0.055,optimal
2021-02-07 22:00:00,98,2,0.0,0.0,0.0,0.055,optimal
2021-02-07 22:30:00,98,2,0.0,0.0,0.0,0.055,optimal
2021-02-07 23:00:00,98,2,0.0,0.0,0.0,0.055,optimal
2021-02-07 23:30:00,98,2,0.0,0.0,0.0,0.05166666666666666,optimal
2021-02-08 00:00:00,98,2,0.0,0.0,0.0,0.0856,optimal
2021-02-08 00:30:00,98,2,0.0,0.0,0.0,0.28286666666666666,optimal
2021-02-08 01:00:00,98,2,0.0,0.0,0.0,0.139,optimal
2021-02-08 01:30:00,98,2,1.101614360000787,0.0,0.0,0.11320000000000001,optimal
2021-02-08 02:00:00,98,2,1.1428571428571428,0.0,0.0,0.2356,optimal
2021-02-08 02:30:00,98,2,1.1428571428571428,0.0,0.0,0.058,optimal
2021-02-08 03:00:00,98,2,1.1428571428571428,0.0,0.0,0.25630000000000003,optimal
2021-02-08 03:30:00,98,2,1.1428571428571428,0.0,0.0,0.1025,optimal
2021-02-08 04:00:00,98,2,1.1428571428571428,0.0,0.0,0.2848,optimal
2021-02-08 04:30:00,98,2,1.1428571428571428,0.0,0.0,0.166,optimal
2021-02-08 05:00:00,98,2,1.1428571428571428,0.0,0.0,0.15866666666666665,optimal
2021-02-08 05:30:00,98,2,1.1428571428571428,0.0,0.0,0.14033333333333334,optimal
2021-02-08 06:00:00,98,2,1.1428571428571428,0.0,0.0,0.17423333333333332,optimal
2021-02-08 06:30:00,98,2,1.1428571428571428,0.0,2.359680560988648,0.2839,optimal
2021-02-08 07:00:00,98,2,1.1428571428571428,0.0,10.0,0.12846666666666667,optimal
2021-02-08 07:30:00,98,2,1.1428571428571428,0.0,0.0,0.21059999999999998,optimal
2021-02-08 08:00:00,98,2,0.6735340623058929,2.2448148148148146,0.0,0.31553333333333333,optimal
2021-02-08 08:30:00,98,2,0.6583454045047339,0.0,0.0,0.19966666666666663,optimal
2021-02-08 09:00:00,98,2,0.5393842770083467,0.0,0.0,0.36469999999999997,optimal
2021-02-08 09:30:00,98,2,0.5401386922815307,0.0,0.0,0.3569333333333333,optimal
2021-02-08 10:00:00,98,2,0.4713503197219811,0.5418518518518518,0.0,0.3032333333333333,optimal
2021-02-08 10:30:00,98,2,0.4440149520678426,0.0,0.0,0.4373,optimal
2021-02-08 11:00:00,98,2,0.3031258383996569,0.0,0.0,0.6358666666666667,optimal
2021-02-08 11:30:00,98,2,0.2509335438198744,0.0,0.0,0.9002333333333333,optimal
2021-02-08 12:00:00,98,2,0.3753518834835262,0.1548148148148148,0.0,0.3891,optimal
2021-02-08 12:30:00,98,2,0.346129199085861,0.0774074074074074,0.0,0.48610000000000003,optimal
2021-02-08 13:00:00,98,2,1.1428571428571428,0.0,0.0,0.5633666666666667,optimal
2021-02-08 13:30:00,98,2,1.1428571428571428,0.0,0.0,0.28956666666666664,optimal
2021-02-08 14:00:00,98,2,1.1428571428571428,0.387037037037037,0.0,0.29946666666666666,optimal
2021-02-08 14:30:00,98,2,1.1428571428571428,0.0,0.0,0.17553333333333332,optimal
2021-02-08 15:00:00,98,2,1.1428571428571428,0.0,0.0,0.066,optimal
2021-02-08 15:30:00,98,2,1.1428571428571428,0.1548148148148148,0.0,0.17216666666666666,optimal
2021-02-08 16:00:00,98,2,0.0,0.1548148148148148,0.0,0.2414333333333333,optimal
2021-02-08 16:30:00,98,2,0.0,0.46444444444444444,0.0,1.7825,optimal
2021-02-08 17:00:00,98,2,0.0,0.0,0.0,0.396,optimal
2021-02-08 17:30:00,98,2,0.0,0.3096296296296296,0.0,0.6681,optimal
2021-02-08 18:00:00,98,2,0.0,0.387037037037037,0.0,1.9000666666666663,optimal
2021-02-08 18:30:00,98,2,0.0,0.0,0.0,0.37506666666666666,optimal
2021-02-08 19:00:00,98,2,0.0,0.387037037037037,0.0,0.2342,optimal
2021-02-08 19:30:00,98,2,0.0,0.387037037037037,0.0,0.43,optimal
2021-02-08 20:00:00,98,2,0.613610481766378,0.1548148148148148,0.0,0.2122333333333333,optimal
2021-02-08 20:30:00,98,2,0.0,0.1548148148148148,0.0,0.48156666666666664,optimal
2021-02-08 21:00:00,98,2,0.0,0.1548148148148148,0.0,0.24823333333333328,optimal
2021-02-08 21:30:00,98,2,0.0,0.0,0.0,0.36626666666666663,optimal
2021-02-08 22:00:00,98,2,0.0,0.1548148148148148,0.0,0.7388666666666667,optimal
2021-02-08 22:30:00,98,2,0.0,0.0,0.0,0.2864,optimal
2021-02-08 23:00:00,98,2,0.0,0.0774074074074074,0.0,0.2064,optimal
2021-02-08 23:30:00,98,2,0.0,0.0,0.0,0.2730666666666667,optimal
2021-02-09 00:00:00,98,2,0.0,0.0,0.0,0.12,optimal
2021-02-09 00:30:00,98,2,0.0,0.0,0.0,0.09066666666666669,optimal
2021-02-09 01:00:00,98,2,0.40586912225916794,0.0,0.0,0.054,optimal
2021-02-09 01:30:00,98,2,1.1428571428571428,0.0,0.0,0.054,optimal
2021-02-09 02:00:00,98,2,1.1428571428571428,0.0,0.0,0.15666666666666665,optimal
2021-02-09 02:30:00,98,2,1.1428571428571428,0.0,0.0,0.054,optimal
2021-02-09 03:00:00,98,2,1.1428571428571428,0.0,0.0,0.12733333333333333,optimal
2021-02-09 03:30:00,98,2,1.1428571428571428,0.0,0.0,0.08333333333333333,optimal
2021-02-09 04:00:00,98,2,1.1428571428571428,0.0,0.0,0.054,optimal
2021-02-09 04:30:00,98,2,1.1428571428571428,0.0,0.0,0.15666666666666665,optimal
2021-02-09 05:00:00,98,2,1.1428571428571428,0.0,0.0,0.054,optimal
2021-02-09 05:30:00,98,2,1.1428571428571428,0.0,0.0,0.12,optimal
2021-02-09 06:00:00,98,2,1.1428571428571428,0.0,0.0,0.098,optimal
2021-02-09 06:30:00,98,2,1.1428571428571428,0.0,6.092293901780504,0.05966666666666666,optimal
2021-02-09 07:00:00,98,2,1.1428571428571428,2.4770370370370367,10.0,0.1562666666666667,optimal
2021-02-09 07:30:00,98,2,1.1428571428571428,4.412222222222222,0.0,0.16403333333333334,optimal
2021-02-09 08:00:00,98,2,0.7145313801906341,0.9288888888888889,0.0,0.0724,optimal
2021-02-09 08:30:00,98,2,0.47807627165428795,0.0774074074074074,0.0,1.3448333333333333,optimal
2021-02-09 09:00:00,98,2,0.33255188987301565,0.1548148148148148,0.0,2.991,optimal
2021-02-09 09:30:00,98,2,0.30494643470508326,4.876666666666668,0.0,2.3305333333333333,optimal
2021-02-09 10:00:00,98,2,0.09787607871776577,0.6192592592592592,0.0,1.1522000000000001,optimal
2021-02-09 10:30:00,98,2,0.2826191517921133,0.6610592592592595,0.0,0.602,optimal
2021-02-09 11:00:00,98,2,0.296663925172402,0.345237037037037,0.0,0.3882,optimal
2021-02-09 11:30:00,98,2,0.3572487302634557,0.23222222222222222,0.0,0.23033333333333328,optimal
2021-02-09 12:00:00,98,2,0.26124528003188024,0.0,0.0,0.3641333333333333,optimal
2021-02-09 12:30:00,98,2,1.0409371246762098,0.23222222222222222,0.0,0.215,optimal
2021-02-09 13:00:00,98,2,1.1428571428571428,0.0,0.0,0.064,optimal
2021-02-09 13:30:00,98,2,1.1428571428571428,0.0,0.0,0.11533333333333332,optimal
2021-02-09 14:00:00,98,2,1.1428571428571428,0.0,0.0,0.11533333333333332,optimal
2021-02-09 14:30:00,98,2,1.1428571428571428,0.0,0.0,0.064,optimal
2021-02-09 15:00:00,98,2,1.1428571428571428,0.0,0.0,0.13733333333333334,optimal
2021-02-09 15:30:00,98,2,1.1428571428571428,0.0,0.0,0.14246666666666666,optimal
2021-02-09 16:00:00,98,2,0.0,0.46444444444444444,0.0,0.22019999999999998,optimal
2021-02-09 16:30:00,98,2,0.0,0.46444444444444444,0.0,0.2882,optimal
2021-02-09 17:00:00,98,2,0.0,0.6966666666666667,0.0,0.19203333333333333,optimal
2021-02-09 17:30:00,98,2,0.0,0.3096296296296296,0.0,0.09036666666666666,optimal
2021-02-09 18:00:00,98,2,0.0,0.3096296296296296,0.0,0.1881,optimal
2021-02-09 18:30:00,98,2,0.0,1.9351851851851851,0.0,0.221,optimal
2021-02-09 19:00:00,98,2,0.0,0.0,0.0,0.2796,optimal
2021-02-09 19:30:00,98,2,0.5980443688426549,0.0,0.0,0.3486,optimal
2021-02-09 20:00:00,98,2,0.7088729402712312,0.0,0.0,0.07,optimal
2021-02-09 20:30:00,98,2,0.0,0.0,0.0,0.2538666666666667,optimal
2021-02-09 21:00:00,98,2,0.0,0.0,0.0,0.2616,optimal
2021-02-09 21:30:00,98,2,0.0,0.23222222222222222,0.0,0.5278333333333334,optimal
2021-02-09 22:00:00,98,2,0.0,0.0774074074074074,0.0,0.2763333333333333,optimal
2021-02-09 22:30:00,98,2,0.0,0.0,0.0,0.16766666666666666,optimal
2021-02-09 23:00:00,98,2,0.0,0.0,0.0,0.064,optimal
2021-02-09 23:30:00,98,2,0.0,0.0,0.0,0.118,optimal
2021-02-10 00:00:00,98,2,0.0,0.0,0.0,0.061,optimal
2021-02-10 00:30:00,98,2,0.0,0.0,0.0,0.10023333333333331,optimal
2021-02-10 01:00:00,98,2,0.6695765827952663,0.0,0.0,0.08596666666666666,optimal
2021-02-10 01:30:00,98,2,1.1428571428571428,0.0,0.0,0.22836666666666666,optimal
2021-02-10 02:00:00,98,2,1.1428571428571428,0.0,0.0,0.07883333333333332,optimal
2021-02-10 02:30:00,98,2,1.1428571428571428,0.0,0.0,0.1536,optimal
2021-02-10 03:00:00,98,2,1.1428571428571428,0.0,0.0,0.1536,optimal
2021-02-10 03:30:00,98,2,1.1428571428571428,0.0,0.0,0.061,optimal
2021-02-10 04:00:00,98,2,1.1428571428571428,0.0,0.0,1.0463333333333333,optimal
2021-02-10 04:30:00,98,2,1.1428571428571428,0.0,0.0,0.061,optimal
2021-02-10 05:00:00,98,2,1.1428571428571428,0.0,0.0,0.061,optimal
2021-02-10 05:30:00,98,2,1.1428571428571428,0.0,0.0,0.19626666666666667,optimal
2021-02-10 06:00:00,98,2,1.1428571428571428,0.0,3.668579846600946,0.11093333333333334,optimal
2021-02-10 06:30:00,98,2,1.1428571428571428,0.23222222222222222,10.0,0.13873333333333332,optimal
2021-02-10 07:00:00,98,2,1.1428571428571428,0.387037037037037,0.0,0.33426666666666666,optimal
2021-02-10 07:30:00,98,2,1.1428571428571428,0.5418518518518518,0.0,0.26253333333333334,optimal
2021-02-10 08:00:00,98,2,0.6698188234015917,2.1674074074074072,0.0,0.2143333333333333,optimal
2021-02-10 08:30:00,98,2,0.8245009009086885,0.0,0.0,0.1688,optimal
2021-02-10 09:00:00,98,2,0.7545185326169487,0.0,0.0,0.1584,optimal
2021-02-10 09:30:00,98,2,0.7709339434573712,0.0,0.0,0.071,optimal
2021-02-10 10:00:00,98,2,0.6234376826993712,0.0,0.0,0.192,optimal
2021-02-10 10:30:00,98,2,0.640382574163024,0.0,0.0,0.11023333333333332,optimal
2021-02-10 11:00:00,98,2,0.3785861121657526,0.387037037037037,0.0,2.0481333333333334,optimal
2021-02-10 11:30:00,98,2,0.29729857949072375,0.23222222222222222,0.0,2.9126666666666665,optimal
2021-02-10 12:00:00,98,2,0.3194214882039364,0.387037037037037,0.0,1.1491666666666667,optimal
2021-02-10 12:30:00,98,2,0.2996214882039374,0.3096296296296296,0.0,0.37746666666666656,optimal
2021-02-10 13:00:00,98,2,0.6901693511027086,0.0,0.0,0.25989999999999996,optimal
2021-02-10 13:30:00,98,2,1.1428571428571428,0.23222222222222222,0.0,0.5397000000000001,optimal
2021-02-10 14:00:00,98,2,1.1428571428571428,0.387037037037037,0.0,0.38189999999999996,optimal
2021-02-10 14:30:00,98,2,1.1428571428571428,3.0188888888888883,0.0,0.23263333333333333,optimal
2021-02-10 15:00:00,98,2,1.1428571428571428,0.1548148148148148,0.0,0.2705,optimal
2021-02-10 15:30:00,98,2,1.1428571428571428,0.23222222222222222,0.0,0.4512,optimal
2021-02-10 16:00:00,98,2,0.0,0.5418518518518518,0.0,1.3698333333333332,optimal
2021-02-10 16:30:00,98,2,0.0,0.0774074074074074,0.0,2.9554666666666667,optimal
2021-02-10 17:00:00,98,2,0.0,0.0774074074074074,0.0,1.9978333333333333,optimal
2021-02-10 17:30:00,98,2,0.0,0.0,0.0,0.39316666666666666,optimal
2021-02-10 18:00:00,98,2,0.0,0.774074074074074,0.0,0.3516666666666667,optimal
2021-02-10 18:30:00,98,2,0.0,0.5418518518518518,0.0,0.239,optimal
2021-02-10 19:00:00,98,2,0.0,2.631851851851852,0.0,0.24666666666666662,optimal
2021-02-10 19:30:00,98,2,0.0,0.5418518518518518,0.0,0.35136666666666666,optimal
2021-02-10 20:00:00,98,2,0.0,0.6192592592592592,0.0,0.41986666666666667,optimal
2021-02-10 20:30:00,98,2,0.0,0.3096296296296296,0.0,0.32563333333333333,optimal
2021-02-10 21:00:00,98,2,0.0,0.387037037037037,0.0,0.7471333333333333,optimal
2021-02-10 21:30:00,98,2,0.0,0.0774074074074074,0.0,0.34936666666666666,optimal
2021-02-10 22:00:00,98,2,0.0,0.0,0.0,0.48786666666666667,optimal
2021-02-10 22:30:00,98,2,0.0,0.23222222222222222,0.0,0.5718666666666666,optimal
2021-02-10 23:00:00,98,2,0.0,0.23222222222222222,0.0,0.28996666666666665,optimal
2021-02-10 23:30:00,98,2,0.0,0.0,0.0,0.1612333333333333,optimal
2021-02-11 00:00:00,98,2,0.7947113381342342,0.0,0.0,0.061,optimal
2021-02-11 00:30:00,98,2,1.1428571428571428,0.0,0.0,0.061,optimal
2021-02-11 01:00:00,98,2,1.1428571428571428,0.0,0.0,0.16866666666666666,optimal
2021-02-11 01:30:00,98,2,1.1428571428571428,0.0,0.0,0.1411,optimal
2021-02-11 02:00:00,98,2,1.1428571428571428,0.0,0.0,0.23863333333333334,optimal
2021-02-11 02:30:00,98,2,1.1428571428571428,0.0,0.0,0.14033333333333334,optimal
2021-02-11 03:00:00,98,2,1.1428571428571428,0.0,0.0,0.2790666666666667,optimal
2021-02-11 03:30:00,98,2,1.1428571428571428,0.0,0.0,0.061,optimal
2021-02-11 04:00:00,98,2,1.1428571428571428,0.0,0.0,0.16653333333333334,optimal
2021-02-11 04:30:00,98,2,1.1428571428571428,0.0,0.0,0.2381,optimal
2021-02-11 05:00:00,98,2,1.1428571428571428,0.0,0.0,0.10976666666666668,optimal
2021-02-11 05:30:00,98,2,1.1428571428571428,0.0,0.0,0.18166666666666662,optimal
2021-02-11 06:00:00,98,2,1.1428571428571428,0.0,0.0,0.12813333333333332,optimal
2021-02-11 06:30:00,98,2,1.1428571428571428,0.0,8.968238384550025,0.061,optimal
2021-02-11 07:00:00,98,2,1.1428571428571428,0.0,10.0,0.08573333333333333,optimal
2021-02-11 07:30:00,98,2,1.1428571428571428,0.0,0.0,0.3676666666666667,optimal
2021-02-11 08:00:00,98,2,0.8537258370319668,0.23222222222222222,0.0,0.07246666666666667,optimal
2021-02-11 08:30:00,98,2,0.8332571360445041,0.5418518518518518,0.0,0.11833333333333332,optimal
2021-02-11 09:00:00,98,2,0.6942836113797318,0.46444444444444444,0.0,0.16826666666666668,optimal
2021-02-11 09:30:00,98,2,0.5863917031942186,0.0,0.0,0.3023333333333333,optimal
2021-02-11 10:00:00,98,2,0.5104708378697151,0.23222222222222222,0.0,0.12146666666666668,optimal
2021-02-11 10:30:00,98,2,0.4956722243960449,0.0,0.0,0.2945,optimal
2021-02-11 11:00:00,98,2,0.3028959898431784,0.0,0.0,0.5772999999999999,optimal
2021-02-11 11:30:00,98,2,0.22266806620907498,0.0,0.0,0.431,optimal
2021-02-11 12:00:00,98,2,0.16650674746908461,0.0,0.0,0.44889999999999997,optimal
2021-02-11 12:30:00,98,2,0.24729968984333428,0.46444444444444444,0.0,0.1174,optimal
2021-02-11 13:00:00,98,2,1.1428571428571428,0.0,0.0,1.5857,optimal
2021-02-11 13:30:00,98,2,1.1428571428571428,0.1548148148148148,0.0,0.29553333333333337,optimal
2021-02-11 14:00:00,98,2,1.1428571428571428,0.0,0.0,0.21930000000000002,optimal
2021-02-11 14:30:00,98,2,1.1428571428571428,0.0,0.0,0.31010000000000004,optimal
2021-02-11 15:00:00,98,2,1.1428571428571428,0.0,0.0,0.20356666666666665,optimal
2021-02-11 15:30:00,98,2,1.1428571428571428,0.387037037037037,0.0,0.23526666666666668,optimal
2021-02-11 16:00:00,98,2,0.0,0.3096296296296296,0.0,0.09176666666666668,optimal
2021-02-11 16:30:00,98,2,0.0,0.0774074074074074,0.0,0.4080666666666667,optimal
2021-02-11 17:00:00,98,2,0.0,0.23222222222222222,0.0,0.5722999999999999,optimal
2021-02-11 17:30:00,98,2,0.0,0.387037037037037,0.0,0.31760000000000005,optimal
2021-02-11 18:00:00,98,2,0.0,0.0,0.0,0.17959999999999998,optimal
2021-02-11 18:30:00,98,2,0.0,0.23222222222222222,0.0,0.39163333333333333,optimal
2021-02-11 19:00:00,98,2,0.0,0.0,0.0,0.301,optimal
2021-02-11 19:30:00,98,2,0.5511179062116264,0.0774074074074074,0.0,0.3419333333333333,optimal
2021-02-11 20:00:00,98,2,0.9407140813742004,0.0774074074074074,0.0,0.44356666666666666,optimal
2021-02-11 20:30:00,98,2,0.0,0.0,0.0,0.4358666666666667,optimal
2021-02-11 21:00:00,98,2,0.0,0.0,0.0,0.42156666666666665,optimal
2021-02-11 21:30:00,98,2,0.0,0.0,0.0,0.26266666666666666,optimal
2021-02-11 22:00:00,98,2,0.0,0.0,0.0,0.11586666666666666,optimal
2021-02-11 22:30:00,98,2,0.0,0.0,0.0,0.19640000000000002,optimal
2021-02-11 23:00:00,98,2,0.0,0.0,0.0,0.12766666666666668,optimal
2021-02-11 23:30:00,98,2,0.0,0.0,0.0,0.2184333333333333,optimal
2021-02-12 00:00:00,98,2,1.1428571428571428,0.0,0.0,0.053,optimal
2021-02-12 00:30:00,98,2,1.1428571428571428,0.0,0.0,0.053,optimal
2021-02-12 01:00:00,98,2,1.1428571428571428,0.0,0.0,0.20453333333333334,optimal
2021-02-12 01:30:00,98,2,1.1428571428571428,0.0,0.0,0.15106666666666665,optimal
2021-02-12 02:00:00,98,2,1.1428571428571428,0.0,0.0,0.053,optimal
2021-02-12 02:30:00,98,2,1.1428571428571428,0.0,0.0,0.2154,optimal
2021-02-12 03:00:00,98,2,1.1428571428571428,0.0,0.0,0.13019999999999998,optimal
2021-02-12 03:30:00,98,2,1.1428571428571428,0.0,0.0,0.053,optimal
2021-02-12 04:00:00,98,2,1.1428571428571428,0.0,0.0,0.26530000000000004,optimal
2021-02-12 04:30:00,98,2,1.1428571428571428,0.0,0.0,0.0803,optimal
2021-02-12 05:00:00,98,2,1.1428571428571428,0.0,0.0,0.06470000000000001,optimal
2021-02-12 05:30:00,98,2,1.1428571428571428,0.0,0.0,0.15,optimal
2021-02-12 06:00:00,98,2,1.1428571428571428,0.0,0.4453687374972722,0.1839,optimal
2021-02-12 06:30:00,98,2,1.1428571428571428,0.0,10.0,0.05733333333333333,optimal
2021-02-12 07:00:00,98,2,1.1428571428571428,0.0774074074074074,10.0,0.13253333333333334,optimal
2021-02-12 07:30:00,98,2,1.1428571428571428,9.600758343541699,0.0,0.2343,optimal
2021-02-12 08:00:00,98,2,0.932195276751301,0.0,0.0,0.07713333333333335,optimal
2021-02-12 08:30:00,98,2,0.9260465325775352,0.0,0.0,0.0681,optimal
2021-02-12 09:00:00,98,2,0.8108279290556164,0.387037037037037,0.0,0.10873333333333332,optimal
2021-02-12 09:30:00,98,2,0.6951784006812897,0.0,0.0,0.2529,optimal
2021-02-12 10:00:00,98,2,0.49712522460490544,0.0,0.0,0.17483333333333334,optimal
2021-02-12 10:30:00,98,2,0.41876557009528637,0.0,0.0,0.3634666666666666,optimal
2021-02-12 11:00:00,98,2,0.3701576486622777,0.0,0.0,0.2399,optimal
2021-02-12 11:30:00,98,2,0.38820912042000294,0.0,0.0,0.18556666666666663,optimal
2021-02-12 12:00:00,98,2,0.22549268776326276,0.0774074074074074,0.0,0.6269,optimal
2021-02-12 12:30:00,98,2,0.3307536833305098,0.0774074074074074,0.0,0.186,optimal
2021-02-12 13:00:00,98,2,1.1428571428571428,0.1548148148148148,0.0,0.18286666666666668,optimal
2021-02-12 13:30:00,98,2,1.1428571428571428,0.0,0.0,0.3962333333333333,optimal
2021-02-12 14:00:00,98,2,1.1428571428571428,0.0,0.0,0.3358333333333333,optimal
2021-02-12 14:30:00,98,2,1.1428571428571428,0.0,0.0,0.17883333333333334,optimal
2021-02-12 15:00:00,98,2,1.1428571428571428,0.0,0.0,0.12290000000000001,optimal
2021-02-12 15:30:00,98,2,1.1428571428571428,0.1548148148148148,0.0,0.4577333333333333,optimal
2021-02-12 16:00:00,98,2,0.0,0.0,0.0,0.12453333333333332,optimal
2021-02-12 16:30:00,98,2,0.0,0.0,0.0,0.22469999999999998,optimal
2021-02-12 17:00:00,98,2,0.0,0.46444444444444444,0.0,0.7050666666666667,optimal
2021-02-12 17:30:00,98,2,0.0,0.0774074074074074,0.0,2.2035,optimal
2021-02-12 18:00:00,98,2,0.0,0.0774074074074074,0.0,0.3378333333333333,optimal
2021-02-12 18:30:00,98,2,0.0,0.46444444444444444,0.0,0.3736666666666667,optimal
2021-02-12 19:00:00,98,2,0.0,0.0,0.0,0.41126666666666667,optimal
2021-02-12 19:30:00,98,2,0.5692028640925938,0.3096296296296296,0.0,0.05533333333333334,optimal
2021-02-12 20:00:00,98,2,0.6307441983798762,0.387037037037037,0.0,0.32289999999999996,optimal
2021-02-12 20:30:00,98,2,0.0,0.23222222222222222,0.0,0.2188333333333333,optimal
2021-02-12 21:00:00,98,2,0.0,0.5418518518518518,0.0,0.29933333333333334,optimal
2021-02-12 21:30:00,98,2,0.0,0.46444444444444444,0.0,0.234,optimal
2021-02-12 22:00:00,98,2,0.0,0.23222222222222222,0.0,0.15236666666666668,optimal
2021-02-12 22:30:00,98,2,0.0,0.0,0.0,0.11309999999999999,optimal
2021-02-12 23:00:00,98,2,0.0,0.0,0.0,0.18619999999999998,optimal
2021-02-12 23:30:00,98,2,0.0,0.0,0.0,0.13153333333333334,optimal
2021-02-13 00:00:00,98,2,0.0,0.0,0.0,0.066,optimal
2021-02-13 00:30:00,98,2,0.23249399425744754,0.0,0.0,0.066,optimal
2021-02-13 01:00:00,98,2,1.1428571428571428,0.0,0.0,0.1983,optimal
2021-02-13 01:30:00,98,2,1.1428571428571428,0.0,0.0,0.09496666666666669,optimal
2021-02-13 02:00:00,98,2,1.1428571428571428,0.0,0.0,0.13190000000000002,optimal
2021-02-13 02:30:00,98,2,1.1428571428571428,0.0,0.0,0.16136666666666669,optimal
2021-02-13 03:00:00,98,2,1.1428571428571428,0.0,0.0,0.071,optimal
2021-02-13 03:30:00,98,2,1.1428571428571428,0.0,0.0,0.13166666666666665,optimal
2021-02-13 04:00:00,98,2,1.1428571428571428,0.0,0.0,0.16426666666666667,optimal
2021-02-13 04:30:00,98,2,1.1428571428571428,0.0,0.0,0.129,optimal
2021-02-13 05:00:00,98,2,1.1428571428571428,0.0,0.0,0.15086666666666668,optimal
2021-02-13 05:30:00,98,2,1.1428571428571428,0.0,0.0,0.07940000000000001,optimal
2021-02-13 06:00:00,98,2,1.1428571428571428,0.0,0.0,0.14126666666666668,optimal
2021-02-13 06:30:00,98,2,1.1428571428571428,0.0,2.764023955491433,0.15966666666666665,optimal
2021-02-13 07:00:00,98,2,1.1428571428571428,0.0,10.0,0.129,optimal
2021-02-13 07:30:00,98,2,1.1428571428571428,0.1548148148148148,0.0,0.7518333333333334,optimal
2021-02-13 08:00:00,98,2,0.6734260074947512,0.0774074074074074,0.0,0.6027666666666667,optimal
2021-02-13 08:30:00,98,2,0.8762679554429514,0.0,0.0,0.101,optimal
2021-02-13 09:00:00,98,2,0.7869247789774648,0.0,0.0,0.20303333333333334,optimal
2021-02-13 09:30:00,98,2,0.804648804432761,0.0,0.0,0.0989,optimal
2021-02-13 10:00:00,98,2,0.686596057077432,0.0,0.0,0.11513333333333334,optimal
2021-02-13 10:30:00,98,2,0.6573141955018247,0.0,0.0,0.16113333333333332,optimal
2021-02-13 11:00:00,98,2,0.5439763708131314,0.0,0.0,0.13063333333333332,optimal
2021-02-13 11:30:00,98,2,0.47836147975528875,0.0,0.0,0.30526666666666663,optimal
2021-02-13 12:00:00,98,2,1.1428571428571428,0.0,0.0,0.249,optimal
2021-02-13 12:30:00,98,2,1.1428571428571428,0.0774074074074074,0.0,0.28776666666666667,optimal
2021-02-13 13:00:00,98,2,1.1428571428571428,0.5062444444444444,0.0,1.8172000000000001,optimal
2021-02-13 13:30:00,98,2,1.1428571428571428,0.34523703703703695,0.0,0.3835,optimal
2021-02-13 14:00:00,98,2,1.1428571428571428,0.0,0.0,0.34426666666666667,optimal
2021-02-13 14:30:00,98,2,1.1428571428571428,0.0,0.0,0.2429,optimal
2021-02-13 15:00:00,98,2,1.1428571428571428,0.0,0.0,0.21459999999999999,optimal
2021-02-13 15:30:00,98,2,1.1428571428571428,0.0,0.0,0.139,optimal
2021-02-13 16:00:00,98,2,0.0,0.0,0.0,0.1162,optimal
2021-02-13 16:30:00,98,2,0.0,0.0,0.0,0.19356666666666664,optimal
2021-02-13 17:00:00,98,2,0.0,0.0,0.0,0.0795,optimal
2021-02-13 17:30:00,98,2,0.0,0.23222222222222222,0.0,0.22026666666666667,optimal
2021-02-13 18:00:00,98,2,0.0,0.0774074074074074,0.0,0.4008333333333333,optimal
2021-02-13 18:30:00,98,2,0.0,2.941481481481482,0.0,0.40336666666666665,optimal
2021-02-13 19:00:00,98,2,0.0,0.0,0.0,0.4988333333333333,optimal
2021-02-13 19:30:00,98,2,0.5764185704667559,0.0,0.0,0.546,optimal
2021-02-13 20:00:00,98,2,0.5663441983798769,0.387037037037037,0.0,0.5277333333333334,optimal
2021-02-13 20:30:00,98,2,0.0,0.1548148148148148,0.0,0.46863333333333335,optimal
2021-02-13 21:00:00,98,2,0.0,0.0,0.0,0.47193333333333326,optimal
2021-02-13 21:30:00,98,2,0.0,0.0,0.0,0.3382333333333333,optimal
2021-02-13 22:00:00,98,2,0.0,0.0,0.0,0.43289999999999995,optimal
2021-02-13 22:30:00,98,2,0.0,0.23222222222222222,0.0,0.5082333333333333,optimal
2021-02-13 23:00:00,98,2,0.0,4.532977777777778,0.0,0.8472999999999999,optimal
2021-02-13 23:30:00,98,2,0.0,0.0,0.0,0.074,optimal
2021-02-07 00:00:00,99,2,0.0,0.0,0.0,0.057,optimal
2021-02-07 00:30:00,99,2,0.0,0.0,0.0,0.057,optimal
2021-02-07 01:00:00,99,2,0.0,0.0,0.0,0.199,optimal
2021-02-07 01:30:00,99,2,0.0,0.0,0.0,0.0712,optimal
2021-02-07 02:00:00,99,2,0.0,0.0,0.0,0.1351,optimal
2021-02-07 02:30:00,99,2,0.0,0.0,0.0,0.1351,optimal
2021-02-07 03:00:00,99,2,0.0,0.0,0.0,0.0783,optimal
2021-02-07 03:30:00,99,2,0.0,0.0,0.0,0.19190000000000002,optimal
2021-02-07 04:00:00,99,2,1.1428571428571428,0.0,0.0,0.057,optimal
2021-02-07 04:30:00,99,2,1.1428571428571428,0.0,0.0,0.1635,optimal
2021-02-07 05:00:00,99,2,1.1428571428571428,0.0,0.0,0.1067,optimal
2021-02-07 05:30:00,99,2,1.1428571428571428,0.0,0.0,0.1138,optimal
2021-02-07 06:00:00,99,2,1.1428571428571428,0.0,0.0,0.15806666666666666,optimal
2021-02-07 06:30:00,99,2,1.1428571428571428,0.0,0.0,0.067,optimal
2021-02-07 07:00:00,99,2,1.1428571428571428,2.7092592592592597,1.5052247886819266,0.3512,optimal
2021-02-07 07:30:00,99,2,0.0,0.23222222222222222,0.0,0.18673333333333328,optimal
2021-02-07 08:00:00,99,2,0.33879495991447395,0.0,0.0,0.06533333333333333,optimal
2021-02-07 08:30:00,99,2,0.7321212071133115,0.0,0.0,0.2132,optimal
2021-02-07 09:00:00,99,2,0.744469280335029,0.0,0.0,0.05866666666666666,optimal
2021-02-07 09:30:00,99,2,0.740301704473711,0.0,0.0,0.07243333333333334,optimal
2021-02-07 10:00:00,99,2,0.6553996230725905,0.0,0.0,0.2061,optimal
2021-02-07 10:30:00,99,2,0.8387163689016209,0.0,0.0,0.05866666666666666,optimal
2021-02-07 11:00:00,99,2,1.1428571428571428,0.0,0.0,0.15930000000000002,optimal
2021-02-07 11:30:00,99,2,1.1428571428571428,0.0,0.0,0.13090000000000002,optimal
2021-02-07 12:00:00,99,2,1.1428571428571428,0.0,0.0,0.1025,optimal
2021-02-07 12:30:00,99,2,1.1428571428571428,0.0,0.0,0.18769999999999998,optimal
2021-02-07 13:00:00,99,2,1.1428571428571428,0.0,0.0,0.067,optimal
2021-02-07 13:30:00,99,2,1.1428571428571428,0.0,0.0,0.21786666666666668,optimal
2021-02-07 14:00:00,99,2,1.1428571428571428,0.0,0.0,0.057,optimal
2021-02-07 14:30:00,99,2,1.1428571428571428,0.0,0.0,0.2132,optimal
2021-02-07 15:00:00,99,2,1.1428571428571428,0.0,0.0,0.057,optimal
2021-02-07 15:30:00,99,2,1.1428571428571428,0.0,0.0,0.1706,optimal
2021-02-07 16:00:00,99,2,0.0,0.0,0.0,0.0996,optimal
2021-02-07 16:30:00,99,2,0.0,0.0,0.0,0.057,optimal
2021-02-07 17:00:00,99,2,0.0,0.0,0.0,0.2132,optimal
2021-02-07 17:30:00,99,2,0.0,0.0,0.0,0.057,optimal
2021-02-07 18:00:00,99,2,0.0,0.0,0.0,0.2132,optimal
2021-02-07 18:30:00,99,2,0.0,0.0,0.0,0.057,optimal
2021-02-07 19:00:00,99,2,0.0,0.0,0.0,0.3271,optimal
2021-02-07 19:30:00,99,2,0.5402851461960199,0.23222222222222222,0.0,0.5025666666666667,optimal
2021-02-07 20:00:00,99,2,0.5924756223864954,0.0,0.0,0.396,optimal
2021-02-07 20:30:00,99,2,0.0,0.23222222222222222,0.0,0.5366000000000001,optimal
2021-02-07 21:00:00,99,2,0.0,0.2740222222222222,0.0,0.3738,optimal
2021-02-07 21:30:00,99,2,0.0,0.11301481481481486,0.0,0.453,optimal
2021-02-07 22:00:00,99,2,0.0,1.7029629629629628,0.0,0.27746666666666664,optimal
2021-02-07 22:30:00,99,2,0.0,0.0,0.0,0.3217333333333333,optimal
2021-02-07 23:00:00,99,2,0.0,0.0,0.0,0.17213333333333333,optimal
2021-02-07 23:30:00,99,2,0.0,0.0,0.0,0.09473333333333332,optimal
2021-02-08 00:00:00,99,2,0.0,0.0,0.0,0.12716666666666668,optimal
2021-02-08 00:30:00,99,2,0.0,0.0,0.0,0.12716666666666668,optimal
2021-02-08 01:00:00,99,2,0.0,0.0,0.0,0.063,optimal
2021-02-08 01:30:00,99,2,0.15929843686557144,0.0,0.0,0.2531333333333333,optimal
2021-02-08 02:00:00,99,2,1.1428571428571428,0.0,0.0,0.06986666666666666,optimal
2021-02-08 02:30:00,99,2,1.1428571428571428,0.0,0.0,0.14709999999999998,optimal
2021-02-08 03:00:00,99,2,1.1428571428571428,0.0,0.0,0.16216666666666665,optimal
2021-02-08 03:30:00,99,2,1.1428571428571428,0.0,0.0,0.09733333333333331,optimal
2021-02-08 04:00:00,99,2,1.1428571428571428,0.0,0.0,0.21880000000000002,optimal
2021-02-08 04:30:00,99,2,1.1428571428571428,0.0,0.0,0.10763333333333334,optimal
2021-02-08 05:00:00,99,2,1.1428571428571428,0.0,0.0,0.121,optimal
2021-02-08 05:30:00,99,2,1.1428571428571428,0.0,0.0,0.1505,optimal
2021-02-08 06:00:00,99,2,1.1428571428571428,0.0,0.0,0.1248,optimal
2021-02-08 06:30:00,99,2,1.1428571428571428,0.0,9.389174388460109,0.20763333333333334,optimal
2021-02-08 07:00:00,99,2,1.1428571428571428,0.46444444444444444,10.0,1.1085666666666667,optimal
2021-02-08 07:30:00,99,2,1.1428571428571428,0.0,0.0,0.9656666666666667,optimal
2021-02-08 08:00:00,99,2,0.649457871829703,1.1611111111111108,0.0,1.1356333333333335,optimal
2021-02-08 08:30:00,99,2,0.6954025473618705,0.0,0.0,0.28426666666666667,optimal
2021-02-08 09:00:00,99,2,0.648841419865493,0.7384666666666667,0.0,0.13513333333333333,optimal
2021-02-08 09:30:00,99,2,0.5486529779958157,0.035607407407407414,0.0,2.048833333333333,optimal
2021-02-08 10:00:00,99,2,0.48383412924579067,0.0774074074074074,0.0,0.7124333333333333,optimal
2021-02-08 10:30:00,99,2,0.5807120949249944,0.0,0.0,1.102766666666667,optimal
2021-02-08 11:00:00,99,2,0.5506306003044253,0.0,0.0,0.18166666666666662,optimal
2021-02-08 11:30:00,99,2,0.5353411628674877,0.0,0.0,0.23536666666666667,optimal
2021-02-08 12:00:00,99,2,0.5010375977692381,0.0,0.0,0.2858,optimal
2021-02-08 12:30:00,99,2,0.40484899805247315,0.0,0.0,2.5694,optimal
2021-02-08 13:00:00,99,2,1.1428571428571428,0.0,0.0,2.6169333333333333,optimal
2021-02-08 13:30:00,99,2,1.1428571428571428,0.0,0.0,0.37956666666666666,optimal
2021-02-08 14:00:00,99,2,1.1428571428571428,0.0,0.0,0.11216666666666669,optimal
2021-02-08 14:30:00,99,2,1.1428571428571428,0.0,0.0,0.07266666666666667,optimal
2021-02-08 15:00:00,99,2,1.1428571428571428,0.0,0.0,0.06643333333333333,optimal
2021-02-08 15:30:00,99,2,1.1428571428571428,0.0,0.0,0.13303333333333334,optimal
2021-02-08 16:00:00,99,2,0.0,0.0,0.0,0.18566666666666662,optimal
2021-02-08 16:30:00,99,2,0.0,0.0,0.0,0.1012,optimal
2021-02-08 17:00:00,99,2,0.0,0.1548148148148148,0.0,0.5042,optimal
2021-02-08 17:30:00,99,2,0.0,0.0,0.0,2.855366666666667,optimal
2021-02-08 18:00:00,99,2,0.0,0.23222222222222222,0.0,2.5783,optimal
2021-02-08 18:30:00,99,2,0.0,0.1548148148148148,0.0,4.264633333333333,optimal
2021-02-08 19:00:00,99,2,0.0,0.1548148148148148,0.0,1.0010333333333332,optimal
2021-02-08 19:30:00,99,2,0.5206269236814349,0.0,0.0,0.4096,optimal
2021-02-08 20:00:00,99,2,0.36506107983682984,0.0774074074074074,0.0,2.709333333333333,optimal
2021-02-08 20:30:00,99,2,0.0,5.186296296296297,0.0,2.071733333333333,optimal
2021-02-08 21:00:00,99,2,0.0,0.0,0.0,0.4086666666666667,optimal
2021-02-08 21:30:00,99,2,0.0,0.0,0.0,2.5176999999999996,optimal
2021-02-08 22:00:00,99,2,0.0,0.387037037037037,0.0,0.5164333333333333,optimal
2021-02-08 22:30:00,99,2,0.0,2.941481481481482,0.0,0.41823333333333335,optimal
2021-02-08 23:00:00,99,2,0.0,0.1548148148148148,0.0,0.6990333333333333,optimal
2021-02-08 23:30:00,99,2,0.0,0.0,0.0,1.6812,optimal
2021-02-09 00:00:00,99,2,0.0,0.0,0.0,0.054,optimal
2021-02-09 00:30:00,99,2,0.0,0.0,0.0,0.2188333333333333,optimal
2021-02-09 01:00:00,99,2,0.0,0.0,0.0,0.1855,optimal
2021-02-09 01:30:00,99,2,0.6714034757376138,0.0,0.0,0.0724,optimal
2021-02-09 02:00:00,99,2,1.1428571428571428,0.0,0.0,0.3522333333333333,optimal
2021-02-09 02:30:00,99,2,1.1428571428571428,0.0,0.0,0.0605,optimal
2021-02-09 03:00:00,99,2,1.1428571428571428,0.3096296296296296,0.0,0.052,optimal
2021-02-09 03:30:00,99,2,1.1428571428571428,0.0,0.0,0.1744,optimal
2021-02-09 04:00:00,99,2,1.1428571428571428,0.0,0.0,0.14880000000000002,optimal
2021-02-09 04:30:00,99,2,1.1428571428571428,0.0,0.0,0.2119333333333333,optimal
2021-02-09 05:00:00,99,2,1.1428571428571428,0.0,0.0,0.197,optimal
2021-02-09 05:30:00,99,2,1.1428571428571428,0.0,0.0,0.07993333333333334,optimal
2021-02-09 06:00:00,99,2,1.1428571428571428,0.5418518518518518,7.29393874673844,0.29946666666666666,optimal
2021-02-09 06:30:00,99,2,1.1428571428571428,0.3096296296296296,0.0,0.10613333333333334,optimal
2021-02-09 07:00:00,99,2,1.1428571428571428,0.0,0.0,0.1882666666666667,optimal
2021-02-09 07:30:00,99,2,1.1428571428571428,0.0,0.0,0.061666666666666654,optimal
2021-02-09 08:00:00,99,2,0.7649218563811139,0.0,0.0,0.35006666666666664,optimal
2021-02-09 08:30:00,99,2,0.8349048430828588,0.0,0.0,0.08266666666666667,optimal
2021-02-09 09:00:00,99,2,0.7453995089206328,0.0,0.0,0.1684,optimal
2021-02-09 09:30:00,99,2,0.733536910895561,0.0,0.0,0.158,optimal
2021-02-09 10:00:00,99,2,0.6249332215749098,0.0,0.0,0.15033333333333335,optimal
2021-02-09 10:30:00,99,2,0.6182762946492555,0.0,0.0,0.1402,optimal
2021-02-09 11:00:00,99,2,0.4638067823152582,0.0,0.0,0.2648666666666667,optimal
2021-02-09 11:30:00,99,2,0.48782015883489205,0.0,0.0,0.066,optimal
2021-02-09 12:00:00,99,2,0.35798813717473227,0.0,0.0,0.2568666666666667,optimal
2021-02-09 12:30:00,99,2,0.42536523684557553,0.387037037037037,0.0,0.15986666666666668,optimal
2021-02-09 13:00:00,99,2,1.1428571428571428,0.0,0.0,0.1188,optimal
2021-02-09 13:30:00,99,2,1.1428571428571428,0.0,0.0,0.2346,optimal
2021-02-09 14:00:00,99,2,1.1428571428571428,0.0,0.0,0.15093333333333334,optimal
2021-02-09 14:30:00,99,2,1.1428571428571428,0.0,0.0,0.13413333333333333,optimal
2021-02-09 15:00:00,99,2,1.1428571428571428,0.0,0.0,0.2896666666666667,optimal
2021-02-09 15:30:00,99,2,1.1428571428571428,0.1548148148148148,0.0,0.13943333333333333,optimal
2021-02-09 16:00:00,99,2,0.0,0.3096296296296296,0.0,0.3236,optimal
2021-02-09 16:30:00,99,2,0.0,0.5418518518518518,0.0,0.49106666666666665,optimal
2021-02-09 17:00:00,99,2,0.0,0.0774074074074074,0.0,0.2716,optimal
2021-02-09 17:30:00,99,2,0.0,0.0,0.0,0.44780000000000003,optimal
2021-02-09 18:00:00,99,2,0.0,0.0,0.0,1.2471333333333334,optimal
2021-02-09 18:30:00,99,2,0.0,0.0,0.0,0.29203333333333337,optimal
2021-02-09 19:00:00,99,2,0.0,0.23222222222222222,0.0,0.38489999999999996,optimal
2021-02-09 19:30:00,99,2,0.5907318655924488,0.0,0.0,0.2603333333333333,optimal
2021-02-09 20:00:00,99,2,0.5571967497950442,0.1548148148148148,0.0,0.297,optimal
2021-02-09 20:30:00,99,2,0.0,0.1548148148148148,0.0,0.6598999999999999,optimal
2021-02-09 21:00:00,99,2,0.0,0.0774074074074074,0.0,0.1243,optimal
2021-02-09 21:30:00,99,2,0.0,0.0,0.0,0.3434,optimal
2021-02-09 22:00:00,99,2,0.0,0.0,0.0,0.26793333333333336,optimal
2021-02-09 22:30:00,99,2,0.0,0.0,0.0,0.12913333333333332,optimal
2021-02-09 23:00:00,99,2,0.0,0.0,0.0,0.173,optimal
2021-02-09 23:30:00,99,2,0.0,0.0,0.0,0.2597333333333333,optimal
2021-02-10 00:00:00,99,2,0.0,0.0,0.0,0.0912,optimal
2021-02-10 00:30:00,99,2,0.0,0.0,0.0,0.13813333333333333,optimal
2021-02-10 01:00:00,99,2,0.7567659304593266,0.0,0.0,0.056,optimal
2021-02-10 01:30:00,99,2,1.1428571428571428,0.0,0.0,0.19533333333333328,optimal
2021-02-10 02:00:00,99,2,1.1428571428571428,0.0,0.0,0.21106666666666662,optimal
2021-02-10 02:30:00,99,2,1.1428571428571428,0.0,0.0,0.15713333333333332,optimal
2021-02-10 03:00:00,99,2,1.1428571428571428,0.0,0.0,0.2457333333333333,optimal
2021-02-10 03:30:00,99,2,1.1428571428571428,0.0,0.0,0.0878,optimal
2021-02-10 04:00:00,99,2,1.1428571428571428,0.0,0.0,0.10773333333333332,optimal
2021-02-10 04:30:00,99,2,1.1428571428571428,0.0,0.0,0.2896,optimal
2021-02-10 05:00:00,99,2,1.1428571428571428,0.0,0.0,0.0792,optimal
2021-02-10 05:30:00,99,2,1.1428571428571428,0.0,0.0,0.05966666666666666,optimal
2021-02-10 06:00:00,99,2,1.1428571428571428,0.0,7.528453399642477,0.2587333333333333,optimal
2021-02-10 06:30:00,99,2,1.1428571428571428,0.0,10.0,0.1768,optimal
2021-02-10 07:00:00,99,2,1.1428571428571428,0.0,10.0,0.19646666666666668,optimal
2021-02-10 07:30:00,99,2,1.1428571428571428,1.0837037037037036,0.0,0.43976666666666664,optimal
2021-02-10 08:00:00,99,2,0.6017483472111126,2.1674074074074072,0.0,1.7577,optimal
2021-02-10 08:30:00,99,2,0.8190247104324966,0.0,0.0,0.18786666666666668,optimal
2021-02-10 09:00:00,99,2,0.7745471040455153,0.0,0.0,0.0882,optimal
2021-02-10 09:30:00,99,2,0.7187148958383263,0.0,0.0,0.25366666666666665,optimal
2021-02-10 10:00:00,99,2,0.627904349366033,0.0,0.0,0.17626666666666668,optimal
2021-02-10 10:30:00,99,2,0.6264397170201709,0.0,0.0,0.15893333333333334,optimal
2021-02-10 11:00:00,99,2,0.5128051597848037,0.0,0.0,0.2816,optimal
2021-02-10 11:30:00,99,2,0.5691176271097768,0.0,0.0,0.06953333333333334,optimal
2021-02-10 12:00:00,99,2,0.5892258254271183,0.0,0.0,0.18986666666666668,optimal
2021-02-10 12:30:00,99,2,1.1428571428571428,0.0,0.0,0.24713333333333332,optimal
2021-02-10 13:00:00,99,2,1.1428571428571428,0.0,0.0,0.066,optimal
2021-02-10 13:30:00,99,2,1.1428571428571428,0.0,0.0,0.3158666666666667,optimal
2021-02-10 14:00:00,99,2,1.1428571428571428,0.46444444444444444,0.0,0.8887666666666667,optimal
2021-02-10 14:30:00,99,2,1.1428571428571428,0.0,0.0,0.7306666666666666,optimal
2021-02-10 15:00:00,99,2,1.1428571428571428,0.1548148148148148,0.0,0.16119999999999998,optimal
2021-02-10 15:30:00,99,2,1.1428571428571428,1.8577777777777778,0.0,0.3326,optimal
2021-02-10 16:00:00,99,2,0.0,0.0,0.0,0.26306666666666667,optimal
2021-02-10 16:30:00,99,2,0.0,0.387037037037037,0.0,0.17206666666666667,optimal
2021-02-10 17:00:00,99,2,0.0,0.0,0.0,0.07306666666666667,optimal
2021-02-10 17:30:00,99,2,0.0,0.0,0.0,0.25366666666666665,optimal
2021-02-10 18:00:00,99,2,0.0,0.0,0.0,0.15166666666666664,optimal
2021-02-10 18:30:00,99,2,0.0,0.0,0.0,0.10826666666666668,optimal
2021-02-10 19:00:00,99,2,0.0,0.0,0.0,0.12253333333333331,optimal
2021-02-10 19:30:00,99,2,0.7967784409078568,0.0,0.0,0.31093333333333334,optimal
2021-02-10 20:00:00,99,2,0.8774544154525608,0.0,0.0,0.066,optimal
2021-02-10 20:30:00,99,2,0.0,0.0,0.0,0.2509333333333333,optimal
2021-02-10 21:00:00,99,2,0.0,0.0,0.0,0.1896,optimal
2021-02-10 21:30:00,99,2,0.0,0.0,0.0,0.16573333333333332,optimal
2021-02-10 22:00:00,99,2,0.0,0.1548148148148148,0.0,0.1891,optimal
2021-02-10 22:30:00,99,2,0.0,0.0,0.0,0.2287333333333333,optimal
2021-02-10 23:00:00,99,2,0.0,0.0,0.0,0.39130000000000004,optimal
2021-02-10 23:30:00,99,2,0.0,0.0,0.0,0.1124,optimal
2021-02-11 00:00:00,99,2,1.1428571428571428,0.0,0.0,0.06,optimal
2021-02-11 00:30:00,99,2,1.1428571428571428,0.0,0.0,0.06,optimal
2021-02-11 01:00:00,99,2,1.1428571428571428,0.0,0.0,0.06,optimal
2021-02-11 01:30:00,99,2,1.1428571428571428,0.0,0.0,0.06,optimal
2021-02-11 02:00:00,99,2,1.1428571428571428,0.0,0.0,0.06,optimal
2021-02-11 02:30:00,99,2,1.1428571428571428,0.0,0.0,0.06,optimal
2021-02-11 03:00:00,99,2,1.1428571428571428,0.0,0.0,0.06,optimal
2021-02-11 03:30:00,99,2,1.1428571428571428,0.0,0.0,0.06,optimal
2021-02-11 04:00:00,99,2,1.1428571428571428,0.0,0.0,0.06,optimal
2021-02-11 04:30:00,99,2,1.1428571428571428,0.0,0.0,0.06,optimal
2021-02-11 05:00:00,99,2,1.1428571428571428,0.5062444444444444,0.0,0.05866666666666666,optimal
2021-02-11 05:30:00,99,2,1.1428571428571428,0.2678296296296296,0.0,0.058,optimal
2021-02-11 06:00:00,99,2,1.1428571428571428,8.050370370370368,0.0,0.0694,optimal
2021-02-11 06:30:00,99,2,1.1428571428571428,0.8514814814814814,5.22689464894518,0.1016,optimal
2021-02-11 07:00:00,99,2,1.1428571428571428,2.0899999999999994,10.0,0.084,optimal
2021-02-11 07:30:00,99,2,1.1428571428571428,2.8470398313722622,0.0,0.07,optimal
2021-02-11 08:00:00,99,2,0.8443734560795926,0.46444444444444444,0.0,0.098,optimal
2021-02-11 08:30:00,99,2,0.7624971360445055,0.1548148148148148,0.0,0.23456666666666665,optimal
2021-02-11 09:00:00,99,2,0.7027217066178356,0.387037037037037,0.0,0.21559999999999999,optimal
2021-02-11 09:30:00,99,2,0.6172107508132674,0.0,0.0,0.2906666666666667,optimal
2021-02-11 10:00:00,99,2,0.6208708378697136,0.0,0.0,0.07,optimal
2021-02-11 10:30:00,99,2,0.646538891062712,0.0,0.0,0.07,optimal
2021-02-11 11:00:00,99,2,0.5756102755574596,0.0,0.0,0.07,optimal
2021-02-11 11:30:00,99,2,0.5435252090662085,0.0,0.0,0.07,optimal
2021-02-11 12:00:00,99,2,0.6941579180228472,0.0,0.0,0.07,optimal
2021-02-11 12:30:00,99,2,1.1428571428571428,0.0,0.0,0.07,optimal
2021-02-11 13:00:00,99,2,1.1428571428571428,0.0,0.0,0.07,optimal
2021-02-11 13:30:00,99,2,1.1428571428571428,0.0,0.0,0.07,optimal
2021-02-11 14:00:00,99,2,1.1428571428571428,0.0,0.0,0.15566666666666665,optimal
2021-02-11 14:30:00,99,2,1.1428571428571428,0.387037037037037,0.0,0.29843333333333333,optimal
2021-02-11 15:00:00,99,2,1.1428571428571428,0.0,0.0,0.12713333333333335,optimal
2021-02-11 15:30:00,99,2,1.1428571428571428,0.0,0.0,0.07,optimal
2021-02-11 16:00:00,99,2,0.0,0.0,0.0,0.07,optimal
2021-02-11 16:30:00,99,2,0.0,0.1548148148148148,0.0,0.6288666666666667,optimal
2021-02-11 17:00:00,99,2,0.0,0.3096296296296296,0.0,1.3689333333333333,optimal
2021-02-11 17:30:00,99,2,0.0,0.6966666666666667,0.0,0.5730666666666667,optimal
2021-02-11 18:00:00,99,2,0.0,0.46444444444444444,0.0,0.4076666666666667,optimal
2021-02-11 18:30:00,99,2,0.0,0.23222222222222222,0.0,0.4153,optimal
2021-02-11 19:00:00,99,2,0.0,0.1548148148148148,0.0,0.7064,optimal
2021-02-11 19:30:00,99,2,0.8136995342597302,0.23222222222222222,0.0,0.4091,optimal
2021-02-11 20:00:00,99,2,0.8835997956599158,0.0,0.0,0.21666666666666662,optimal
2021-02-11 20:30:00,99,2,0.0,0.0,0.0,0.24956666666666663,optimal
2021-02-11 21:00:00,99,2,0.0,0.0,0.0,0.2872,optimal
2021-02-11 21:30:00,99,2,0.0,0.0,0.0,0.2816666666666667,optimal
2021-02-11 22:00:00,99,2,0.0,0.0,0.0,0.33213333333333334,optimal
2021-02-11 22:30:00,99,2,0.0,0.0,0.0,0.38480000000000003,optimal
2021-02-11 23:00:00,99,2,0.0,0.0,0.0,0.34086666666666665,optimal
2021-02-11 23:30:00,99,2,0.0,0.23222222222222222,0.0,0.40176666666666666,optimal
2021-02-12 00:00:00,99,2,1.1428571428571428,0.0,0.0,0.063,optimal
2021-02-12 00:30:00,99,2,1.1428571428571428,0.0,0.0,0.1174,optimal
2021-02-12 01:00:00,99,2,1.1428571428571428,0.0,0.0,0.15819999999999998,optimal
2021-02-12 01:30:00,99,2,1.1428571428571428,0.0,0.0,0.128,optimal
2021-02-12 02:00:00,99,2,1.1428571428571428,0.0,0.0,0.19319999999999998,optimal
2021-02-12 02:30:00,99,2,1.1428571428571428,0.0,0.0,0.1174,optimal
2021-02-12 03:00:00,99,2,1.1428571428571428,0.0,0.0,0.163,optimal
2021-02-12 03:30:00,99,2,1.1428571428571428,0.0,0.0,0.21259999999999998,optimal
2021-02-12 04:00:00,99,2,1.1428571428571428,0.0,0.0,0.143,optimal
2021-02-12 04:30:00,99,2,1.1428571428571428,0.0,0.0,0.083,optimal
2021-02-12 05:00:00,99,2,1.1428571428571428,0.0,0.0,0.21259999999999998,optimal
2021-02-12 05:30:00,99,2,1.1428571428571428,0.0,0.0,0.073,optimal
2021-02-12 06:00:00,99,2,1.1428571428571428,0.0,0.0,0.2954,optimal
2021-02-12 06:30:00,99,2,1.1428571428571428,0.3096296296296296,7.715533061654763,0.14133333333333334,optimal
2021-02-12 07:00:00,99,2,1.1428571428571428,0.23222222222222222,10.0,0.172,optimal
2021-02-12 07:30:00,99,2,1.1428571428571428,8.837655071566214,0.0,0.2998,optimal
2021-02-12 08:00:00,99,2,0.845711467227496,0.6192592592592592,0.0,0.09040000000000001,optimal
2021-02-12 08:30:00,99,2,0.744355104006115,1.9351851851851851,0.0,1.6870333333333334,optimal
2021-02-12 09:00:00,99,2,0.9034088814365674,0.0,0.0,0.2402,optimal
2021-02-12 09:30:00,99,2,0.8079212578241394,0.0,0.0,0.245,optimal
2021-02-12 10:00:00,99,2,0.6271023674620395,0.0,0.0,0.1804,optimal
2021-02-12 10:30:00,99,2,0.538658903428613,0.0,0.0,0.45030000000000003,optimal
2021-02-12 11:00:00,99,2,0.5021005058051319,0.0,0.0,0.078,optimal
2021-02-12 11:30:00,99,2,0.4936186442295263,0.0,0.0,0.1002,optimal
2021-02-12 12:00:00,99,2,0.8364752502689017,0.0,0.0,0.2154,optimal
2021-02-12 12:30:00,99,2,1.1428571428571428,0.0,0.0,0.153,optimal
2021-02-12 13:00:00,99,2,1.1428571428571428,0.0,0.0,0.2022,optimal
2021-02-12 13:30:00,99,2,1.1428571428571428,0.0,0.0,0.1784,optimal
2021-02-12 14:00:00,99,2,1.1428571428571428,0.0,0.0,0.122,optimal
2021-02-12 14:30:00,99,2,1.1428571428571428,0.0,0.0,0.2686,optimal
2021-02-12 15:00:00,99,2,1.1428571428571428,0.0,0.0,0.093,optimal
2021-02-12 15:30:00,99,2,1.1428571428571428,0.0,0.0,0.2226,optimal
2021-02-12 16:00:00,99,2,0.0,0.0,0.0,0.073,optimal
2021-02-12 16:30:00,99,2,0.0,0.0,0.0,0.209,optimal
2021-02-12 17:00:00,99,2,0.0,0.0,0.0,0.1366,optimal
2021-02-12 17:30:00,99,2,0.0,0.3096296296296296,0.0,0.12533333333333332,optimal
2021-02-12 18:00:00,99,2,0.0,0.23222222222222222,0.0,0.39966666666666667,optimal
2021-02-12 18:30:00,99,2,0.0,0.0,0.0,0.4644666666666666,optimal
2021-02-12 19:00:00,99,2,0.0,0.46444444444444444,0.0,0.36573333333333335,optimal
2021-02-12 19:30:00,99,2,0.5713328561810451,0.0,0.0,0.3619333333333333,optimal
2021-02-12 20:00:00,99,2,0.22007753171320862,0.0,0.0,2.340333333333333,optimal
2021-02-12 20:30:00,99,2,0.0,0.23222222222222222,0.0,0.6620333333333333,optimal
2021-02-12 21:00:00,99,2,0.0,0.387037037037037,0.0,0.5320666666666667,optimal
2021-02-12 21:30:00,99,2,0.0,0.0774074074074074,0.0,0.4295,optimal
2021-02-12 22:00:00,99,2,0.0,0.0,0.0,0.073,optimal
2021-02-12 22:30:00,99,2,0.0,0.0,0.0,0.3226,optimal
2021-02-12 23:00:00,99,2,0.0,0.0,0.0,0.073,optimal
2021-02-12 23:30:00,99,2,0.0,0.0,0.0,0.073,optimal
2021-02-13 00:00:00,99,2,0.0,0.0,0.0,0.1945,optimal
2021-02-13 00:30:00,99,2,0.09770648767585144,0.0,0.0,0.06943333333333333,optimal
2021-02-13 01:00:00,99,2,1.1428571428571428,0.0,0.0,0.16540000000000002,optimal
2021-02-13 01:30:00,99,2,1.1428571428571428,0.0,0.0,0.14593333333333333,optimal
2021-02-13 02:00:00,99,2,1.1428571428571428,0.0,0.0,0.11059999999999999,optimal
2021-02-13 02:30:00,99,2,1.1428571428571428,0.0,0.0,0.18159999999999998,optimal
2021-02-13 03:00:00,99,2,1.1428571428571428,0.0,0.0,0.12819999999999998,optimal
2021-02-13 03:30:00,99,2,1.1428571428571428,0.0,0.0,0.2039333333333333,optimal
2021-02-13 04:00:00,99,2,1.1428571428571428,0.0,0.0,0.153,optimal
2021-02-13 04:30:00,99,2,1.1428571428571428,0.0,0.0,0.16973333333333332,optimal
2021-02-13 05:00:00,99,2,1.1428571428571428,0.0,0.0,0.15319999999999998,optimal
2021-02-13 05:30:00,99,2,1.1428571428571428,0.0,0.0,0.11746666666666668,optimal
2021-02-13 06:00:00,99,2,1.1428571428571428,0.0,0.0,0.28826666666666667,optimal
2021-02-13 06:30:00,99,2,1.1428571428571428,0.0,5.92074797889917,0.06,optimal
2021-02-13 07:00:00,99,2,1.1428571428571428,0.0,10.0,0.17013333333333333,optimal
2021-02-13 07:30:00,99,2,1.1428571428571428,0.387037037037037,0.0,0.10546666666666668,optimal
2021-02-13 08:00:00,99,2,0.6860850551138004,0.3096296296296296,0.0,1.2034,optimal
2021-02-13 08:30:00,99,2,0.6201917649667711,0.387037037037037,0.0,1.3539,optimal
2021-02-13 09:00:00,99,2,0.45662001707270944,0.0,0.0,0.5306000000000001,optimal
2021-02-13 09:30:00,99,2,0.504820233004197,0.9288888888888889,0.0,0.3124666666666666,optimal
2021-02-13 10:00:00,99,2,0.2685103427917178,0.0774074074074074,0.0,0.8459333333333333,optimal
2021-02-13 10:30:00,99,2,0.38300943359707335,0.387037037037037,0.0,0.5640333333333333,optimal
2021-02-13 11:00:00,99,2,0.34904303747979265,0.0,0.0,0.49373333333333336,optimal
2021-02-13 11:30:00,99,2,0.28999927114227847,0.0,0.0,0.7195666666666667,optimal
2021-02-13 12:00:00,99,2,0.42365439813964706,0.0,0.0,0.21530000000000002,optimal
2021-02-13 12:30:00,99,2,0.3547287702265283,0.387037037037037,0.0,0.4655666666666667,optimal
2021-02-13 13:00:00,99,2,1.1428571428571428,0.0,0.0,0.5501,optimal
2021-02-13 13:30:00,99,2,1.1428571428571428,0.0774074074074074,0.0,1.2166666666666668,optimal
2021-02-13 14:00:00,99,2,1.1428571428571428,1.6255555555555554,0.0,1.1984666666666668,optimal
2021-02-13 14:30:00,99,2,1.1428571428571428,0.0,0.0,0.6894333333333332,optimal
2021-02-13 15:00:00,99,2,1.1428571428571428,0.0,0.0,0.08186666666666666,optimal
2021-02-13 15:30:00,99,2,1.1428571428571428,0.0,0.0,0.25,optimal
2021-02-13 16:00:00,99,2,0.0,0.3096296296296296,0.0,0.37546666666666656,optimal
2021-02-13 16:30:00,99,2,0.0,0.1548148148148148,0.0,0.29836666666666667,optimal
2021-02-13 17:00:00,99,2,0.0,0.0,0.0,1.9121666666666668,optimal
2021-02-13 17:30:00,99,2,0.0,0.46444444444444444,0.0,0.7024333333333332,optimal
2021-02-13 18:00:00,99,2,0.0,0.0,0.0,1.1308,optimal
2021-02-13 18:30:00,99,2,0.0,0.0774074074074074,0.0,1.2540666666666667,optimal
2021-02-13 19:00:00,99,2,0.0,0.3096296296296296,0.0,0.38339999999999996,optimal
2021-02-13 19:30:00,99,2,0.1713709713484014,0.23222222222222222,0.0,1.5989333333333333,optimal
2021-02-13 20:00:00,99,2,0.5457251507608192,0.23222222222222222,0.0,0.9294,optimal
2021-02-13 20:30:00,99,2,0.0,0.5418518518518518,0.0,0.523,optimal
2021-02-13 21:00:00,99,2,0.0,0.0,0.0,0.49319999999999997,optimal
2021-02-13 21:30:00,99,2,0.0,0.387037037037037,0.0,1.2055666666666667,optimal
2021-02-13 22:00:00,99,2,0.0,0.23222222222222222,0.0,3.0650666666666666,optimal
2021-02-13 22:30:00,99,2,0.0,0.23222222222222222,0.0,2.501,optimal
2021-02-13 23:00:00,99,2,0.0,0.0,0.0,0.5486333333333333,optimal
2021-02-13 23:30:00,99,2,0.0,0.0,0.0,0.48760000000000003,optimal
2021-02-07 00:00:00,100,2,0.0,0.0,0.0,0.1175,optimal
2021-02-07 00:30:00,100,2,0.0,0.0,0.0,0.0723,optimal
2021-02-07 01:00:00,100,2,0.0,0.0,0.0,0.061,optimal
2021-02-07 01:30:00,100,2,0.0,0.0,0.0,0.17466666666666666,optimal
2021-02-07 02:00:00,100,2,0.0,0.0,0.0,0.061,optimal
2021-02-07 02:30:00,100,2,0.0,0.0,0.0,0.1753,optimal
2021-02-07 03:00:00,100,2,0.0,0.0,0.0,0.12816666666666665,optimal
2021-02-07 03:30:00,100,2,0.0,0.0,0.0,0.061,optimal
2021-02-07 04:00:00,100,2,1.1428571428571428,0.0,0.0,0.24246666666666666,optimal
2021-02-07 04:30:00,100,2,1.1428571428571428,0.0,0.0,0.061,optimal
2021-02-07 05:00:00,100,2,1.1428571428571428,0.0,0.0,0.1174,optimal
2021-02-07 05:30:00,100,2,1.1428571428571428,0.0,0.0,0.18606666666666663,optimal
2021-02-07 06:00:00,100,2,1.1428571428571428,0.5418518518518518,0.0,1.1714,optimal
2021-02-07 06:30:00,100,2,1.1428571428571428,0.387037037037037,0.0,1.3879333333333335,optimal
2021-02-07 07:00:00,100,2,1.1428571428571428,0.387037037037037,1.6063785740462473,0.37853333333333333,optimal
2021-02-07 07:30:00,100,2,0.0,0.0,0.0,0.060333333333333336,optimal
2021-02-07 08:00:00,100,2,0.0,0.0,0.0,0.12126666666666668,optimal
2021-02-07 08:30:00,100,2,0.3499106683361112,0.0,0.0,0.17703333333333332,optimal
2021-02-07 09:00:00,100,2,0.7419645184302643,0.0,0.0,0.06616666666666667,optimal
2021-02-07 09:30:00,100,2,0.7413017044737138,0.0,0.0,0.061,optimal
2021-02-07 10:00:00,100,2,0.6558853373583071,0.0,0.0,0.2048,optimal
2021-02-07 10:30:00,100,2,0.6904871557476217,0.0,0.0,0.09866666666666668,optimal
2021-02-07 11:00:00,100,2,0.6197776264763725,0.0,0.0,0.16293333333333335,optimal
2021-02-07 11:30:00,100,2,0.6261776264763739,0.0,0.0,0.14053333333333334,optimal
2021-02-07 12:00:00,100,2,0.6100407072135386,0.0,0.0,0.061,optimal
2021-02-07 12:30:00,100,2,0.43698356435639774,0.0774074074074074,0.0,0.3727,optimal
2021-02-07 13:00:00,100,2,1.1428571428571428,0.23222222222222222,0.0,0.23116666666666663,optimal
2021-02-07 13:30:00,100,2,1.1428571428571428,0.0,0.0,0.2064,optimal
2021-02-07 14:00:00,100,2,1.1428571428571428,0.0,0.0,0.28576666666666667,optimal
2021-02-07 14:30:00,100,2,1.1428571428571428,0.3096296296296296,0.0,0.28,optimal
2021-02-07 15:00:00,100,2,1.1428571428571428,0.0,0.0,0.1288,optimal
2021-02-07 15:30:00,100,2,1.1428571428571428,0.0774074074074074,0.0,0.2874333333333333,optimal
2021-02-07 16:00:00,100,2,0.0,0.3096296296296296,0.0,0.2912,optimal
2021-02-07 16:30:00,100,2,0.0,0.23222222222222222,0.0,0.5833333333333334,optimal
2021-02-07 17:00:00,100,2,0.0,0.23222222222222222,0.0,0.32963333333333333,optimal
2021-02-07 17:30:00,100,2,0.0,0.23222222222222222,0.0,0.2877,optimal
2021-02-07 18:00:00,100,2,0.0,0.6966666666666667,0.0,0.4305333333333334,optimal
2021-02-07 18:30:00,100,2,0.0,0.46444444444444444,0.0,0.4781333333333333,optimal
2021-02-07 19:00:00,100,2,0.0,0.1548148148148148,0.0,0.2623666666666667,optimal
2021-02-07 19:30:00,100,2,0.5511924521647232,0.0,0.0,0.21856666666666663,optimal
2021-02-07 20:00:00,100,2,0.7563899081007756,0.0,0.0,0.1162,optimal
2021-02-07 20:30:00,100,2,0.0,0.0,0.0,0.10909999999999999,optimal
2021-02-07 21:00:00,100,2,0.0,0.0,0.0,0.188,optimal
2021-02-07 21:30:00,100,2,0.0,0.0,0.0,0.21563333333333332,optimal
2021-02-07 22:00:00,100,2,0.0,0.0,0.0,0.33173333333333327,optimal
2021-02-07 22:30:00,100,2,0.0,0.0,0.0,0.2054,optimal
2021-02-07 23:00:00,100,2,0.0,0.3096296296296296,0.0,0.1602333333333333,optimal
2021-02-07 23:30:00,100,2,0.0,0.0,0.0,0.23366666666666663,optimal
2021-02-08 00:00:00,100,2,0.0,0.0,0.0,0.061,optimal
2021-02-08 00:30:00,100,2,0.0,0.0,0.0,0.061,optimal
2021-02-08 01:00:00,100,2,0.0,0.0,0.0,0.16866666666666666,optimal
2021-02-08 01:30:00,100,2,1.024099695056662,0.0,0.0,0.1411,optimal
2021-02-08 02:00:00,100,2,1.1428571428571428,0.0,0.0,0.23863333333333334,optimal
2021-02-08 02:30:00,100,2,1.1428571428571428,0.0,0.0,0.14033333333333334,optimal
2021-02-08 03:00:00,100,2,1.1428571428571428,0.0,0.0,0.2790666666666667,optimal
2021-02-08 03:30:00,100,2,1.1428571428571428,0.0,0.0,0.061,optimal
2021-02-08 04:00:00,100,2,1.1428571428571428,0.0,0.0,0.16653333333333334,optimal
2021-02-08 04:30:00,100,2,1.1428571428571428,0.0,0.0,0.2381,optimal
2021-02-08 05:00:00,100,2,1.1428571428571428,0.0,0.0,0.10976666666666668,optimal
2021-02-08 05:30:00,100,2,1.1428571428571428,0.0,0.0,0.18166666666666662,optimal
2021-02-08 06:00:00,100,2,1.1428571428571428,0.0,0.0,0.12813333333333332,optimal
2021-02-08 06:30:00,100,2,1.1428571428571428,0.0,0.0,0.061,optimal
2021-02-08 07:00:00,100,2,1.1428571428571428,0.0,6.718551397160058,0.08573333333333333,optimal
2021-02-08 07:30:00,100,2,1.1428571428571428,0.0,0.0,0.3676666666666667,optimal
2021-02-08 08:00:00,100,2,0.7147721575439966,0.23222222222222222,0.0,0.07246666666666667,optimal
2021-02-08 08:30:00,100,2,0.6921644521237792,0.5418518518518518,0.0,0.11833333333333332,optimal
2021-02-08 09:00:00,100,2,0.5699271341512039,0.46444444444444444,0.0,0.16826666666666668,optimal
2021-02-08 09:30:00,100,2,0.5262053589481929,0.0,0.0,0.3023333333333333,optimal
2021-02-08 10:00:00,100,2,0.5488741292457863,0.23222222222222222,0.0,0.12146666666666668,optimal
2021-02-08 10:30:00,100,2,0.5148244758773703,0.0,0.0,0.2945,optimal
2021-02-08 11:00:00,100,2,0.296135362209188,0.0,0.0,0.5772999999999999,optimal
2021-02-08 11:30:00,100,2,0.24371449620082597,0.0,0.0,0.431,optimal
2021-02-08 12:00:00,100,2,0.2575518834835234,0.0,0.0,0.44889999999999997,optimal
2021-02-08 12:30:00,100,2,0.35759586575253083,0.46444444444444444,0.0,0.1174,optimal
2021-02-08 13:00:00,100,2,1.1428571428571428,0.0,0.0,1.5857,optimal
2021-02-08 13:30:00,100,2,1.1428571428571428,0.1548148148148148,0.0,0.29553333333333337,optimal
2021-02-08 14:00:00,100,2,1.1428571428571428,0.0,0.0,0.21930000000000002,optimal
2021-02-08 14:30:00,100,2,1.1428571428571428,0.0,0.0,0.31010000000000004,optimal
2021-02-08 15:00:00,100,2,1.1428571428571428,0.0,0.0,0.20356666666666665,optimal
2021-02-08 15:30:00,100,2,1.1428571428571428,0.387037037037037,0.0,0.23526666666666668,optimal
2021-02-08 16:00:00,100,2,0.0,0.3096296296296296,0.0,0.09176666666666668,optimal
2021-02-08 16:30:00,100,2,0.0,0.0774074074074074,0.0,0.4080666666666667,optimal
2021-02-08 17:00:00,100,2,0.0,0.23222222222222222,0.0,0.5722999999999999,optimal
2021-02-08 17:30:00,100,2,0.0,0.387037037037037,0.0,0.31760000000000005,optimal
2021-02-08 18:00:00,100,2,0.0,0.0,0.0,0.17959999999999998,optimal
2021-02-08 18:30:00,100,2,0.0,0.23222222222222222,0.0,0.39163333333333333,optimal
2021-02-08 19:00:00,100,2,0.0,0.0,0.0,0.301,optimal
2021-02-08 19:30:00,100,2,0.0,0.0774074074074074,0.0,0.3419333333333333,optimal
2021-02-08 20:00:00,100,2,0.41277466452731587,0.0774074074074074,0.0,0.44356666666666666,optimal
2021-02-08 20:30:00,100,2,0.0,0.0,0.0,0.4358666666666667,optimal
2021-02-08 21:00:00,100,2,0.0,0.0,0.0,0.42156666666666665,optimal
2021-02-08 21:30:00,100,2,0.0,0.0,0.0,0.26266666666666666,optimal
2021-02-08 22:00:00,100,2,0.0,0.0,0.0,0.11586666666666666,optimal
2021-02-08 22:30:00,100,2,0.0,0.0,0.0,0.19640000000000002,optimal
2021-02-08 23:00:00,100,2,0.0,0.0,0.0,0.12766666666666668,optimal
2021-02-08 23:30:00,100,2,0.0,0.0,0.0,0.2184333333333333,optimal
2021-02-09 00:00:00,100,2,0.0,0.0,0.0,0.08306666666666666,optimal
2021-02-09 00:30:00,100,2,0.0,0.0,0.0,0.20863333333333334,optimal
2021-02-09 01:00:00,100,2,0.8845901531689914,0.0,0.0,0.09390000000000001,optimal
2021-02-09 01:30:00,100,2,1.1428571428571428,0.0,0.0,0.1626,optimal
2021-02-09 02:00:00,100,2,1.1428571428571428,0.0,0.0,0.06666666666666667,optimal
2021-02-09 02:30:00,100,2,1.1428571428571428,0.0,0.0,0.063,optimal
2021-02-09 03:00:00,100,2,1.1428571428571428,0.0,0.0,0.1984,optimal
2021-02-09 03:30:00,100,2,1.1428571428571428,0.0,0.0,0.10966666666666669,optimal
2021-02-09 04:00:00,100,2,1.1428571428571428,0.0,0.0,0.08513333333333334,optimal
2021-02-09 04:30:00,100,2,1.1428571428571428,0.0,0.0,0.15153333333333333,optimal
2021-02-09 05:00:00,100,2,1.1428571428571428,0.0,0.0,0.13440000000000002,optimal
2021-02-09 05:30:00,100,2,1.1428571428571428,0.0,0.0,0.16813333333333333,optimal
2021-02-09 06:00:00,100,2,1.1428571428571428,0.0,2.734543450087466,0.13993333333333333,optimal
2021-02-09 06:30:00,100,2,1.1428571428571428,0.0,10.0,0.063,optimal
2021-02-09 07:00:00,100,2,1.1428571428571428,6.037777777777777,10.0,0.3414333333333333,optimal
2021-02-09 07:30:00,100,2,1.1428571428571428,0.3096296296296296,0.0,0.20546666666666666,optimal
2021-02-09 08:00:00,100,2,0.6053389992382582,0.6192592592592592,0.0,1.3492666666666668,optimal
2021-02-09 08:30:00,100,2,0.7892762716542864,0.0,0.0,0.24506666666666663,optimal
2021-02-09 09:00:00,100,2,0.7771423660634911,0.0,0.0,0.063,optimal
2021-02-09 09:30:00,100,2,0.7548226251812794,0.0,0.0,0.09620000000000001,optimal
2021-02-09 10:00:00,100,2,0.6225903644320586,0.0,0.0,0.16823333333333332,optimal
2021-02-09 10:30:00,100,2,0.6294953422683033,0.0,0.0,0.10663333333333334,optimal
2021-02-09 11:00:00,100,2,0.5074924966009758,0.0,0.0,0.17366666666666666,optimal
2021-02-09 11:30:00,100,2,0.5165725397872689,0.0,0.0,0.13440000000000002,optimal
2021-02-09 12:00:00,100,2,0.43881670860330685,0.0,0.0,0.17366666666666666,optimal
2021-02-09 12:30:00,100,2,0.47257476065510307,0.0,0.0,0.063,optimal
2021-02-09 13:00:00,100,2,1.1428571428571428,0.0,0.0,0.17366666666666666,optimal
2021-02-09 13:30:00,100,2,1.1428571428571428,0.0,0.0,0.07093333333333333,optimal
2021-02-09 14:00:00,100,2,1.1428571428571428,0.0,0.0,0.1928666666666667,optimal
2021-02-09 14:30:00,100,2,1.1428571428571428,0.3096296296296296,0.0,0.3947333333333333,optimal
2021-02-09 15:00:00,100,2,1.1428571428571428,0.0774074074074074,0.0,0.41406666666666664,optimal
2021-02-09 15:30:00,100,2,1.1428571428571428,0.0774074074074074,0.0,1.2355,optimal
2021-02-09 16:00:00,100,2,0.0,0.23222222222222222,0.0,0.7437333333333334,optimal
2021-02-09 16:30:00,100,2,0.0,0.23222222222222222,0.0,0.4948333333333333,optimal
2021-02-09 17:00:00,100,2,0.0,0.3096296296296296,0.0,0.44239999999999996,optimal
2021-02-09 17:30:00,100,2,0.0,0.774074074074074,0.0,1.2445333333333333,optimal
2021-02-09 18:00:00,100,2,0.0,0.0,0.0,0.44410000000000005,optimal
2021-02-09 18:30:00,100,2,0.0,0.1548148148148148,0.0,0.456,optimal
2021-02-09 19:00:00,100,2,0.0,0.8514814814814814,0.0,0.38006666666666666,optimal
2021-02-09 19:30:00,100,2,0.21060079472105164,0.0,0.0,0.1296,optimal
2021-02-09 20:00:00,100,2,0.6313491307474259,0.0,0.0,0.37306666666666666,optimal
2021-02-09 20:30:00,100,2,0.0,0.387037037037037,0.0,0.315,optimal
2021-02-09 21:00:00,100,2,0.0,0.0,0.0,0.3492,optimal
2021-02-09 21:30:00,100,2,0.0,0.1548148148148148,0.0,0.5716666666666667,optimal
2021-02-09 22:00:00,100,2,0.0,0.0,0.0,0.4575,optimal
2021-02-09 22:30:00,100,2,0.0,0.0,0.0,0.5682,optimal
2021-02-09 23:00:00,100,2,0.0,0.5418518518518518,0.0,0.49689999999999995,optimal
2021-02-09 23:30:00,100,2,0.0,0.0,0.0,0.21596666666666667,optimal
2021-02-10 00:00:00,100,2,0.0,0.0,0.0,0.145,optimal
2021-02-10 00:30:00,100,2,0.5932569100098415,0.0,0.0,0.064,optimal
2021-02-10 01:00:00,100,2,1.1428571428571428,0.0,0.0,0.082,optimal
2021-02-10 01:30:00,100,2,1.1428571428571428,0.0,0.0,0.127,optimal
2021-02-10 02:00:00,100,2,1.1428571428571428,0.0,0.0,0.064,optimal
2021-02-10 02:30:00,100,2,1.1428571428571428,0.0,0.0,0.064,optimal
2021-02-10 03:00:00,100,2,1.1428571428571428,0.0,0.0,0.145,optimal
2021-02-10 03:30:00,100,2,1.1428571428571428,0.0,0.0,0.064,optimal
2021-02-10 04:00:00,100,2,1.1428571428571428,0.0,0.0,0.064,optimal
2021-02-10 04:30:00,100,2,1.1428571428571428,0.0,0.0,0.1,optimal
2021-02-10 05:00:00,100,2,1.1428571428571428,0.0,0.0,0.109,optimal
2021-02-10 05:30:00,100,2,1.1428571428571428,0.0,0.0,0.06666666666666667,optimal
2021-02-10 06:00:00,100,2,1.1428571428571428,0.0,0.0,0.074,optimal
2021-02-10 06:30:00,100,2,1.1428571428571428,0.0,0.0,0.11633333333333332,optimal
2021-02-10 07:00:00,100,2,1.1428571428571428,0.0,0.0,0.1,optimal
2021-02-10 07:30:00,100,2,1.1428571428571428,0.0,0.0,0.064,optimal
2021-02-10 08:00:00,100,2,0.8599997757825382,0.0,0.0,0.064,optimal
2021-02-10 08:30:00,100,2,0.8398723294801103,0.0,0.0,0.10716666666666669,optimal
2021-02-10 09:00:00,100,2,0.7669185326169434,0.0,0.0,0.1145,optimal
2021-02-10 09:30:00,100,2,0.7699339434573803,0.0,0.0,0.074,optimal
2021-02-10 10:00:00,100,2,0.6570091112707944,0.0,0.0,0.074,optimal
2021-02-10 10:30:00,100,2,0.627449240829689,0.0,0.0,0.155,optimal
2021-02-10 11:00:00,100,2,0.5720051597848025,0.0,0.0,0.07133333333333333,optimal
2021-02-10 11:30:00,100,2,0.5445842937764397,0.0,0.0,0.145,optimal
2021-02-10 12:00:00,100,2,0.4214214882039278,0.0,0.0,0.06433333333333333,optimal
2021-02-10 12:30:00,100,2,0.2992357739182139,0.0,0.0,1.3050333333333333,optimal
2021-02-10 13:00:00,100,2,0.6937025846793687,0.0,0.0,0.8475,optimal
2021-02-10 13:30:00,100,2,1.1428571428571428,0.0,0.0,0.11313333333333334,optimal
2021-02-10 14:00:00,100,2,1.1428571428571428,0.0,0.0,0.1395,optimal
2021-02-10 14:30:00,100,2,1.1428571428571428,0.1548148148148148,0.0,2.0665999999999998,optimal
2021-02-10 15:00:00,100,2,1.1428571428571428,0.387037037037037,0.0,0.1868333333333333,optimal
2021-02-10 15:30:00,100,2,1.1428571428571428,0.0,0.0,2.2762333333333333,optimal
2021-02-10 16:00:00,100,2,0.0,1.7803703703703702,0.0,2.4707,optimal
2021-02-10 16:30:00,100,2,0.0,0.23222222222222222,0.0,3.1430333333333333,optimal
2021-02-10 17:00:00,100,2,0.0,0.1548148148148148,0.0,0.9838,optimal
2021-02-10 17:30:00,100,2,0.0,0.1548148148148148,0.0,1.3341666666666667,optimal
2021-02-10 18:00:00,100,2,0.0,0.1548148148148148,0.0,2.1784666666666666,optimal
2021-02-10 18:30:00,100,2,0.0,0.0,0.0,3.3899333333333335,optimal
2021-02-10 19:00:00,100,2,0.0,0.0,0.0,0.6835,optimal
2021-02-10 19:30:00,100,2,0.0,0.0,0.0,1.6588333333333332,optimal
2021-02-10 20:00:00,100,2,0.0,0.0,0.0,0.9991333333333332,optimal
2021-02-10 20:30:00,100,2,0.0,0.1548148148148148,0.0,1.409266666666667,optimal
2021-02-10 21:00:00,100,2,0.0,0.23222222222222222,0.0,2.050833333333333,optimal
2021-02-10 21:30:00,100,2,0.0,0.0,0.0,2.3735,optimal
2021-02-10 22:00:00,100,2,0.0,0.23222222222222222,0.0,1.514733333333333,optimal
2021-02-10 22:30:00,100,2,0.0,0.0,0.0,0.9185,optimal
2021-02-10 23:00:00,100,2,0.0,0.0,0.0,0.2526333333333333,optimal
2021-02-10 23:30:00,100,2,0.0,0.0,0.0,0.0755,optimal
2021-02-11 00:00:00,100,2,1.1428571428571428,0.0,0.0,0.063,optimal
2021-02-11 00:30:00,100,2,1.1428571428571428,0.0,0.0,0.063,optimal
2021-02-11 01:00:00,100,2,1.1428571428571428,0.0,0.0,0.063,optimal
2021-02-11 01:30:00,100,2,1.1428571428571428,0.0,0.0,0.063,optimal
2021-02-11 02:00:00,100,2,1.1428571428571428,0.0,0.0,0.063,optimal
2021-02-11 02:30:00,100,2,1.1428571428571428,0.0,0.0,0.063,optimal
2021-02-11 03:00:00,100,2,1.1428571428571428,0.0,0.0,0.063,optimal
2021-02-11 03:30:00,100,2,1.1428571428571428,0.0,0.0,0.063,optimal
2021-02-11 04:00:00,100,2,1.1428571428571428,0.0,0.0,0.063,optimal
2021-02-11 04:30:00,100,2,1.1428571428571428,0.0,0.0,0.063,optimal
2021-02-11 05:00:00,100,2,1.1428571428571428,0.0,0.0,0.063,optimal
2021-02-11 05:30:00,100,2,1.1428571428571428,0.0,0.0,0.063,optimal
2021-02-11 06:00:00,100,2,1.1428571428571428,0.0,0.0,0.063,optimal
2021-02-11 06:30:00,100,2,1.1428571428571428,0.0,8.149825551314148,0.07233333333333333,optimal
2021-02-11 07:00:00,100,2,1.1428571428571428,0.0,10.0,0.06366666666666666,optimal
2021-02-11 07:30:00,100,2,1.1428571428571428,1.6831094412597067,0.0,0.24823333333333328,optimal
2021-02-11 08:00:00,100,2,0.7509639322700674,0.46444444444444444,0.0,0.1034,optimal
2021-02-11 08:30:00,100,2,0.7796666598540294,1.7803703703703702,0.0,0.0724,optimal
2021-02-11 09:00:00,100,2,0.4925636113797332,0.23222222222222222,0.0,0.9047333333333333,optimal
2021-02-11 09:30:00,100,2,0.4164450365275532,5.728148148148147,0.0,1.0018,optimal
2021-02-11 10:00:00,100,2,0.3887660759649484,0.0,0.0,0.212,optimal
2021-02-11 10:30:00,100,2,0.43574841487223476,0.23222222222222222,0.0,0.21246666666666666,optimal
2021-02-11 11:00:00,100,2,0.3636007517479389,0.1548148148148148,0.0,0.224,optimal
2021-02-11 11:30:00,100,2,0.3600109233519277,0.3096296296296296,0.0,0.217,optimal
2021-02-11 12:00:00,100,2,0.2670785497090458,0.23222222222222222,0.0,0.38789999999999997,optimal
2021-02-11 12:30:00,100,2,1.1428571428571428,0.0,0.0,0.293,optimal
2021-02-11 13:00:00,100,2,1.1428571428571428,0.3096296296296296,0.0,0.39303333333333335,optimal
2021-02-11 13:30:00,100,2,1.1428571428571428,6.115185185185185,0.0,0.32896666666666663,optimal
2021-02-11 14:00:00,100,2,1.1428571428571428,0.46444444444444444,0.0,0.2013,optimal
2021-02-11 14:30:00,100,2,1.1428571428571428,0.0,0.0,0.15833333333333335,optimal
2021-02-11 15:00:00,100,2,1.1428571428571428,0.0,0.0,0.073,optimal
2021-02-11 15:30:00,100,2,1.1428571428571428,0.0,0.0,0.073,optimal
2021-02-11 16:00:00,100,2,0.0,0.0,0.0,0.073,optimal
2021-02-11 16:30:00,100,2,0.0,0.0,0.0,0.073,optimal
2021-02-11 17:00:00,100,2,0.0,0.0,0.0,0.28946666666666665,optimal
2021-02-11 17:30:00,100,2,0.0,0.23222222222222222,0.0,0.47506666666666664,optimal
2021-02-11 18:00:00,100,2,0.0,0.0,0.0,0.3683333333333333,optimal
2021-02-11 18:30:00,100,2,0.0,0.0,0.0,0.317,optimal
2021-02-11 19:00:00,100,2,0.0,0.0,0.0,0.217,optimal
2021-02-11 19:30:00,100,2,1.0938614390216272,0.0,0.0,0.073,optimal
2021-02-11 20:00:00,100,2,1.1280855099456333,0.0,0.0,0.073,optimal
2021-02-11 20:30:00,100,2,0.0,0.0,0.0,0.073,optimal
2021-02-11 21:00:00,100,2,0.0,0.0,0.0,0.073,optimal
2021-02-11 21:30:00,100,2,0.0,0.0,0.0,0.073,optimal
2021-02-11 22:00:00,100,2,0.0,0.0,0.0,0.073,optimal
2021-02-11 22:30:00,100,2,0.0,0.0,0.0,0.073,optimal
2021-02-11 23:00:00,100,2,0.0,2.4770370370370367,0.0,0.21806666666666663,optimal
2021-02-11 23:30:00,100,2,0.0,0.0,0.0,0.297,optimal
2021-02-12 00:00:00,100,2,1.1428571428571428,0.0,0.0,0.062,optimal
2021-02-12 00:30:00,100,2,1.1428571428571428,0.0,0.0,0.062,optimal
2021-02-12 01:00:00,100,2,1.1428571428571428,0.0,0.0,0.062,optimal
2021-02-12 01:30:00,100,2,1.1428571428571428,0.0,0.0,0.14433333333333334,optimal
2021-02-12 02:00:00,100,2,1.1428571428571428,0.0,0.0,0.119,optimal
2021-02-12 02:30:00,100,2,1.1428571428571428,0.0,0.0,0.062,optimal
2021-02-12 03:00:00,100,2,1.1428571428571428,0.0,0.0,0.20133333333333328,optimal
2021-02-12 03:30:00,100,2,1.1428571428571428,0.0,0.0,0.062,optimal
2021-02-12 04:00:00,100,2,1.1428571428571428,0.0,0.0,0.1,optimal
2021-02-12 04:30:00,100,2,1.1428571428571428,0.0,0.0,0.16333333333333333,optimal
2021-02-12 05:00:00,100,2,1.1428571428571428,0.0,0.0,0.062,optimal
2021-02-12 05:30:00,100,2,1.1428571428571428,0.3096296296296296,0.0,0.21946666666666667,optimal
2021-02-12 06:00:00,100,2,1.1428571428571428,0.0774074074074074,0.0,0.21666666666666662,optimal
2021-02-12 06:30:00,100,2,1.1428571428571428,0.3096296296296296,6.140212042289297,0.30993333333333334,optimal
2021-02-12 07:00:00,100,2,1.1428571428571428,0.23222222222222222,10.0,0.23946666666666666,optimal
2021-02-12 07:30:00,100,2,1.1428571428571428,11.780503545150244,0.0,0.215,optimal
2021-02-12 08:00:00,100,2,0.965938133894153,0.0,0.0,0.16966666666666666,optimal
2021-02-12 08:30:00,100,2,0.9962084373394446,0.0,0.0,0.09366666666666669,optimal
2021-02-12 09:00:00,100,2,0.934980310007997,0.0,0.0,0.07033333333333333,optimal
2021-02-12 09:30:00,100,2,0.8010545911574755,0.0,0.0,0.20133333333333328,optimal
2021-02-12 10:00:00,100,2,0.6334966531763248,0.0,0.0,0.062,optimal
2021-02-12 10:30:00,100,2,0.616384617714334,0.0,0.0,0.062,optimal
2021-02-12 11:00:00,100,2,0.4639766962813143,0.0,0.0,0.20133333333333328,optimal
2021-02-12 11:30:00,100,2,0.5016472156580947,0.0,0.0,0.062,optimal
2021-02-12 12:00:00,100,2,0.36573078300136136,0.0,0.0,0.2588666666666667,optimal
2021-02-12 12:30:00,100,2,0.4470155592411508,0.1548148148148148,0.0,0.3048666666666667,optimal
2021-02-12 13:00:00,100,2,1.1428571428571428,0.387037037037037,0.0,0.2747333333333333,optimal
2021-02-12 13:30:00,100,2,1.1428571428571428,0.3096296296296296,0.0,0.5832333333333334,optimal
2021-02-12 14:00:00,100,2,1.1428571428571428,0.1548148148148148,0.0,0.4530666666666667,optimal
2021-02-12 14:30:00,100,2,1.1428571428571428,0.1548148148148148,0.0,0.274,optimal
2021-02-12 15:00:00,100,2,1.1428571428571428,0.0,0.0,0.153,optimal
2021-02-12 15:30:00,100,2,1.1428571428571428,0.0,0.0,0.07833333333333332,optimal
2021-02-12 16:00:00,100,2,0.0,0.0,0.0,0.205,optimal
2021-02-12 16:30:00,100,2,0.0,0.0,0.0,0.6516000000000001,optimal
2021-02-12 17:00:00,100,2,0.0,0.1548148148148148,0.0,0.7874,optimal
2021-02-12 17:30:00,100,2,0.0,0.0,0.0,0.07833333333333332,optimal
2021-02-12 18:00:00,100,2,0.0,0.774074074074074,0.0,1.1071666666666666,optimal
2021-02-12 18:30:00,100,2,0.0,0.774074074074074,0.0,2.184766666666667,optimal
2021-02-12 19:00:00,100,2,0.0,0.3096296296296296,0.0,0.7163666666666667,optimal
2021-02-12 19:30:00,100,2,0.5159138085619935,0.0,0.0,0.4093,optimal
2021-02-12 20:00:00,100,2,0.5189727698084479,0.1548148148148148,0.0,0.45439999999999997,optimal
2021-02-12 20:30:00,100,2,0.0,0.3096296296296296,0.0,0.3605333333333334,optimal
2021-02-12 21:00:00,100,2,0.0,0.0,0.0,1.3356666666666668,optimal
2021-02-12 21:30:00,100,2,0.0,0.1548148148148148,0.0,1.5119333333333334,optimal
2021-02-12 22:00:00,100,2,0.0,0.1548148148148148,0.0,0.7272666666666666,optimal
2021-02-12 22:30:00,100,2,0.0,0.0,0.0,0.415,optimal
2021-02-12 23:00:00,100,2,0.0,0.0,0.0,0.43026666666666663,optimal
2021-02-12 23:30:00,100,2,0.0,0.0,0.0,0.072,optimal
2021-02-13 00:00:00,100,2,0.0,0.0,0.0,0.08496666666666666,optimal
2021-02-13 00:30:00,100,2,0.0,1.8577777777777778,0.0,0.06666666666666667,optimal
2021-02-13 01:00:00,100,2,0.9123885213084417,0.0,0.0,0.057,optimal
2021-02-13 01:30:00,100,2,1.1428571428571428,0.0,0.0,0.057,optimal
2021-02-13 02:00:00,100,2,1.1428571428571428,0.0,0.0,0.057,optimal
2021-02-13 02:30:00,100,2,1.1428571428571428,0.0,0.0,0.057,optimal
2021-02-13 03:00:00,100,2,1.1428571428571428,0.0,0.0,0.057,optimal
2021-02-13 03:30:00,100,2,1.1428571428571428,1.433585185185185,0.0,0.086,optimal
2021-02-13 04:00:00,100,2,1.1428571428571428,0.0,0.0,0.067,optimal
2021-02-13 04:30:00,100,2,1.1428571428571428,0.0,0.0,0.067,optimal
2021-02-13 05:00:00,100,2,1.1428571428571428,0.0,0.0,0.067,optimal
2021-02-13 05:30:00,100,2,1.1428571428571428,0.0,0.0,0.067,optimal
2021-02-13 06:00:00,100,2,1.1428571428571428,0.0,5.25928720354868,0.067,optimal
2021-02-13 06:30:00,100,2,1.1428571428571428,0.0,10.0,0.067,optimal
2021-02-13 07:00:00,100,2,1.1428571428571428,1.0434518518518519,10.0,0.07046666666666666,optimal
2021-02-13 07:30:00,100,2,1.1428571428571428,5.882962962962964,0.0,0.07429999999999999,optimal
2021-02-13 08:00:00,100,2,0.6720241027328466,0.1548148148148148,0.0,0.36460000000000004,optimal
2021-02-13 08:30:00,100,2,0.8051917649667714,0.0,0.0,0.14073333333333332,optimal
2021-02-13 09:00:00,100,2,0.8266009694536559,0.0,0.0,0.067,optimal
2021-02-13 09:30:00,100,2,0.8159059472899056,0.0,0.0,0.067,optimal
2021-02-13 10:00:00,100,2,0.7030627237441041,0.0,0.0,0.067,optimal
2021-02-13 10:30:00,100,2,0.7009237193113492,0.0,0.0,0.067,optimal
2021-02-13 11:00:00,100,2,0.5788716089083609,0.0,0.0,0.067,optimal
2021-02-13 11:30:00,100,2,0.5767326044756179,0.0,0.0,0.067,optimal
2021-02-13 12:00:00,100,2,0.4705972552824984,0.23222222222222222,0.0,0.122,optimal
2021-02-13 12:30:00,100,2,0.3144430559408155,0.1548148148148148,0.0,0.28353333333333336,optimal
2021-02-13 13:00:00,100,2,1.1428571428571428,0.5418518518518518,0.0,0.299,optimal
2021-02-13 13:30:00,100,2,1.1428571428571428,0.0,0.0,0.3736666666666667,optimal
2021-02-13 14:00:00,100,2,1.1428571428571428,0.3096296296296296,0.0,0.40726666666666667,optimal
2021-02-13 14:30:00,100,2,1.1428571428571428,0.0,0.0,0.6097,optimal
2021-02-13 15:00:00,100,2,1.1428571428571428,0.0,0.0,0.411,optimal
2021-02-13 15:30:00,100,2,1.1428571428571428,0.0,0.0,0.44646666666666657,optimal
2021-02-13 16:00:00,100,2,0.0,0.0,0.0,0.6143666666666667,optimal
2021-02-13 16:30:00,100,2,0.0,0.23222222222222222,0.0,0.32413333333333333,optimal
2021-02-13 17:00:00,100,2,0.0,0.1548148148148148,0.0,1.4156333333333335,optimal
2021-02-13 17:30:00,100,2,0.0,2.39962962962963,0.0,0.5467666666666666,optimal
2021-02-13 18:00:00,100,2,0.0,0.5418518518518518,0.0,0.42206666666666665,optimal
2021-02-13 18:30:00,100,2,0.0,0.46444444444444444,0.0,0.253,optimal
2021-02-13 19:00:00,100,2,0.0,0.387037037037037,0.0,0.32916666666666666,optimal
2021-02-13 19:30:00,100,2,0.0,0.23222222222222222,0.0,0.5539333333333333,optimal
2021-02-13 20:00:00,100,2,0.08564207233028141,0.0,0.0,1.5394333333333334,optimal
2021-02-13 20:30:00,100,2,0.0,0.774074074074074,0.0,0.35603333333333337,optimal
2021-02-13 21:00:00,100,2,0.0,0.23222222222222222,0.0,0.41043333333333326,optimal
2021-02-13 21:30:00,100,2,0.0,0.0,0.0,0.3645333333333334,optimal
2021-02-13 22:00:00,100,2,0.0,0.0,0.0,0.3293333333333333,optimal
2021-02-13 22:30:00,100,2,0.0,0.0,0.0,0.2526,optimal
2021-02-13 23:00:00,100,2,0.0,0.23222222222222222,0.0,0.3442,optimal
2021-02-13 23:30:00,100,2,0.0,0.0,0.0,0.067,optimal
