time,run,dwelling_id,hp_elec_kw,boiler_gas_kw,ev_charge_kw,appliance_kw,tariff_elec_price,tariff_gas_price,tariff_offset_steps,Tin_C,T_tank_C,Q_hp_space_w,Q_bo_space_w,Q_hp_hw_w,Q_bo_hw_w,ev_soc_kwh,solve_status
2021-02-07 00:00:00,1,120,0.0,0.0774074074074074,0.3034614573479943,0.06,5.292,6.0,1,21.0,,0.0,0.0,0.0,69.66666666666666,48.096144192240295,optimal
2021-02-07 00:30:00,1,120,0.0,0.0,0.0,0.188,9.261,6.0,1,20.969668053744662,,0.0,0.0,0.0,0.0,48.048048048048045,optimal
2021-02-07 01:00:00,1,120,0.0,0.2322222222222222,0.0,0.0728,10.3635,6.0,1,20.941886223266,,0.0,0.0,0.0,209.0,48.0,optimal
2021-02-07 01:30:00,1,120,0.0,0.2322222222222222,0.0,0.1418666666666666,8.274,6.0,1,20.91380974859237,,0.0,0.0,0.0,209.0,47.890428813859806,optimal
2021-02-07 02:00:00,1,120,0.0,0.0,0.0,0.227,7.7175,6.0,1,20.884796031236704,,0.0,0.0,0.0,0.0,47.78096719890576,optimal
2021-02-07 02:30:00,1,120,0.0,0.0,0.0,0.1003333333333333,6.615,6.0,1,20.858188952167488,,0.0,0.0,0.0,0.0,47.67161504556666,optimal
2021-02-07 03:00:00,1,120,0.0,0.0,0.0,0.094,6.174,6.0,1,20.8292947110792,,0.0,0.0,0.0,0.0,47.5623722443809,optimal
2021-02-07 03:30:00,1,120,0.5946553466468115,0.0,0.0,0.1708,3.906,6.0,1,20.79520341983572,,2081.2937132638403,0.0,0.0,0.0,47.45323868599633,optimal
2021-02-07 04:00:00,1,120,1.1428571428571428,0.0,0.0,0.062,2.3415,6.0,1,20.78737122691349,,4000.0,0.0,0.0,0.0,47.344214261170144,optimal
2021-02-07 04:30:00,1,120,1.1428571428571428,0.0,0.0,0.062,2.205,6.0,1,20.80150433326125,,4000.0,0.0,0.0,0.0,47.23529886076878,optimal
2021-02-07 05:00:00,1,120,1.1428571428571428,0.0,0.0,0.1196,0.882,6.0,1,20.815609419837248,,4000.0,0.0,0.0,0.0,47.12649237576782,optimal
2021-02-07 05:30:00,1,120,1.1428571428571428,0.0,0.0,0.1452,1.5435,6.0,1,20.830388245162464,,4000.0,0.0,0.0,0.0,47.01779469725186,optimal
2021-02-07 06:00:00,1,120,1.1428571428571428,0.0,0.0,0.0636666666666666,1.5435,6.0,1,20.84544963852413,,4000.0,0.0,0.0,0.0,46.90920571641441,optimal
2021-02-07 06:30:00,1,120,0.0,0.0,0.0,0.2088,5.0715,6.0,1,20.859467600769985,,0.0,0.0,0.0,0.0,46.8007253245578,optimal
2021-02-07 07:00:00,1,120,0.0,0.0,0.0,0.062,5.376,6.0,1,20.82634454439015,,0.0,0.0,0.0,0.0,46.69235341309305,optimal
2021-02-07 07:30:00,1,120,0.0,0.0,0.0,0.1452,5.0715,6.0,1,20.79147275448197,,0.0,0.0,0.0,0.0,46.58408987353977,optimal
2021-02-07 08:00:00,1,120,0.0,0.0,0.0,0.1196,5.5125,6.0,1,20.757386286616853,,0.0,0.0,0.0,0.0,46.47593459752604,optimal
2021-02-07 08:30:00,1,120,0.0,4.79925925925926,0.0,0.0740333333333333,9.261,6.0,1,20.722758144901125,,0.0,0.0,0.0,4319.333333333333,46.36788747678832,optimal
2021-02-07 09:00:00,1,120,0.0,1.006296296296296,0.0,0.2132,11.7075,6.0,1,20.68834439260897,,0.0,0.0,0.0,905.6666666666664,46.259948403171336,optimal
2021-02-07 09:30:00,1,120,0.0,0.2322222222222222,0.0,0.1344666666666666,12.348,6.0,1,20.65958801960241,,0.0,0.0,0.0,209.0,46.152117268627975,optimal
2021-02-07 10:00:00,1,120,0.0,0.0,0.0,0.3264333333333333,12.348,6.0,1,20.63118229746964,,0.0,0.0,0.0,0.0,46.04439396521916,optimal
2021-02-07 10:30:00,1,120,0.0,0.1548148148148148,0.0,0.1840666666666666,12.1275,6.0,1,20.60575380641835,,0.0,0.0,0.0,139.33333333333331,45.93677838511375,optimal
2021-02-07 11:00:00,1,120,0.0,0.0,0.0,0.2107333333333333,12.5265,6.0,1,20.57829164593097,,0.0,0.0,0.0,0.0,45.82927042058844,optimal
2021-02-07 11:30:00,1,120,0.0,0.0,0.0,0.1256666666666666,11.7495,6.0,1,20.55103017552411,,0.0,0.0,0.0,0.0,45.72186996402766,optimal
2021-02-07 12:00:00,1,120,0.0,0.0,0.0,0.072,13.23,6.0,1,20.51974897712008,,0.0,0.0,0.0,0.0,45.61457690792344,optimal
2021-02-07 12:30:00,1,120,0.0,0.0,0.0,0.072,14.3325,6.0,1,20.487455779909105,,0.0,0.0,0.0,0.0,45.50739114487533,optimal
2021-02-07 13:00:00,1,120,0.0,0.0,0.0,0.2128,14.994,6.0,1,20.4552266059916,,0.0,0.0,0.0,0.0,45.40031256759026,optimal
2021-02-07 13:30:00,1,120,0.0,0.0,0.0,0.072,14.8155,6.0,1,20.423742555849422,,0.0,0.0,0.0,0.0,45.29334106888248,optimal
2021-02-07 14:00:00,1,120,0.0,0.0,0.0,0.0912,14.112,6.0,1,20.39070477903214,,0.0,0.0,0.0,0.0,45.18647654167341,optimal
2021-02-07 14:30:00,1,120,0.0,0.0,0.0,0.1936,14.007,6.0,1,20.35848561221385,,0.0,0.0,0.0,0.0,45.07971887899154,optimal
2021-02-07 15:00:00,1,120,0.0,0.0,0.0,0.072,13.23,6.0,1,20.327676922008884,,0.0,0.0,0.0,0.0,44.97306797397236,optimal
2021-02-07 15:30:00,1,120,0.0,0.0,0.0,0.1936,11.382,6.0,1,20.296548799736343,,0.0,0.0,0.0,0.0,44.86652371985819,optimal
2021-02-07 16:00:00,1,120,0.0,0.0,0.0,0.0912,11.7495,6.0,1,20.26666637943048,,0.0,0.0,0.0,0.0,44.76008600999814,optimal
2021-02-07 16:30:00,1,120,0.0,0.0,0.0,0.072,24.3285,6.0,1,20.233004055821034,,0.0,0.0,0.0,0.0,44.65375473784795,optimal
2021-02-07 17:00:00,1,120,0.0,0.4644444444444444,0.0,0.1621333333333333,28.917,6.0,1,20.199273697037267,,0.0,0.0,0.0,418.0,44.547529796969904,optimal
2021-02-07 17:30:00,1,120,0.0,0.0774074074074074,0.0,0.2219,31.3635,6.0,1,20.166310951360387,,0.0,0.0,0.0,69.66666666666666,44.44141108103274,optimal
2021-02-07 18:00:00,1,120,0.0,0.1548148148148148,0.0,0.0724,33.306,6.0,1,20.138088011665648,,0.0,0.0,0.0,139.33333333333331,44.33539848381152,optimal
2021-02-07 18:30:00,1,120,0.0,0.387037037037037,0.0,0.0964,31.3425,6.0,1,20.107288191911334,,0.0,0.0,0.0,348.3333333333333,44.22949189918752,optimal
2021-02-07 19:00:00,1,120,0.0,0.2322222222222222,0.0,0.4669666666666666,28.2555,6.0,1,20.07805562352188,,0.0,0.0,0.0,209.0,44.123691221148135,optimal
2021-02-07 19:30:00,1,120,0.0,0.0,0.0,0.4444666666666665,15.6975,6.0,1,20.05165465031252,,0.0,0.0,0.0,0.0,44.0179963437868,optimal
2021-02-07 20:00:00,1,120,0.0,0.0774074074074074,0.0,0.3858666666666667,12.5475,6.0,1,20.02483935373084,,0.0,0.0,0.0,69.66666666666666,43.912407161302816,optimal
2021-02-07 20:30:00,1,120,0.0,0.1548148148148148,0.0,0.4606666666666666,12.0855,6.0,1,20.0,,0.0,0.0,0.0,139.33333333333331,43.80692356800133,optimal
2021-02-07 21:00:00,1,120,0.0,0.3096296296296296,0.0,0.4164333333333332,11.907,6.0,1,19.97618804384109,,0.0,0.0,0.0,278.66666666666663,43.70154545829313,optimal
2021-02-07 21:30:00,1,120,0.0,0.0,0.0,0.356,12.5685,6.0,1,19.95068884661475,,0.0,0.0,0.0,0.0,43.59627272669465,optimal
2021-02-07 22:00:00,1,120,0.0,0.8514814814814814,0.0,0.5579666666666667,13.146,6.0,1,19.9262635199811,,0.0,0.0,0.0,766.3333333333333,43.49110526782776,optimal
2021-02-07 22:30:00,1,120,0.0,0.0,0.0,0.3366,10.584,6.0,1,19.90152561465521,,0.0,0.0,0.0,0.0,43.38604297641975,optimal
2021-02-07 23:00:00,1,120,0.0,8.514814814814814,0.0,0.4336,6.678,6.0,1,19.875031330515075,,0.0,0.0,0.0,7663.333333333333,43.28108574730313,optimal
2021-02-07 23:30:00,1,120,0.0,0.0,0.0,0.4105333333333333,7.938,6.0,1,19.849704257364213,,0.0,0.0,0.0,0.0,43.23780466155583,optimal
2021-02-08 00:00:00,1,120,1.1428571428571428,0.0,0.0,0.0625333333333333,13.0095,6.0,-16,19.849704257364213,,4000.0,0.0,0.0,0.0,43.19456685689427,optimal
2021-02-08 00:30:00,1,120,1.1428571428571428,0.0,0.0,0.057,13.671,6.0,-16,19.865241540571347,,4000.0,0.0,0.0,0.0,43.15137229003737,optimal
2021-02-08 01:00:00,1,120,1.1428571428571428,0.0,0.0,0.2036666666666666,13.188,6.0,-16,19.88037605259122,,4000.0,0.0,0.0,0.0,43.10822091774733,optimal
2021-02-08 01:30:00,1,120,1.1428571428571428,0.0,0.0,0.057,13.8495,6.0,-16,19.8972673031633,,4000.0,0.0,0.0,0.0,43.06511269682959,optimal
2021-02-08 02:00:00,1,120,1.1428571428571428,0.0,0.0,0.097,13.23,6.0,-16,19.912239193952583,,4000.0,0.0,0.0,0.0,43.02204758413276,optimal
2021-02-08 02:30:00,1,120,1.1428571428571428,0.0,0.0,0.1636666666666666,13.3665,6.0,-16,19.92756956761334,,4000.0,0.0,0.0,0.0,42.97902553654863,optimal
2021-02-08 03:00:00,1,120,1.1428571428571428,0.0,0.0,0.057,13.0515,6.0,-16,19.94378083220299,,4000.0,0.0,0.0,0.0,42.93604651101208,optimal
2021-02-08 03:30:00,1,120,1.1428571428571428,0.0,0.0,0.057,13.5345,6.0,-16,19.958759635140115,,4000.0,0.0,0.0,0.0,42.89311046450107,optimal
2021-02-08 04:00:00,1,120,1.1428571428571428,0.0,0.0,0.057,14.154,6.0,-16,19.97360961351577,,4000.0,0.0,0.0,0.0,42.850217354036566,optimal
2021-02-08 04:30:00,1,120,1.1428571428571428,0.0,0.0,0.057,14.112,6.0,-16,19.98833102273273,,4000.0,0.0,0.0,0.0,42.80736713668253,optimal
2021-02-08 05:00:00,1,120,1.1428571428571428,0.0,0.0,0.057,14.2485,6.0,-16,20.002824989544376,,4000.0,0.0,0.0,0.0,42.76455976954585,optimal
2021-02-08 05:30:00,1,120,1.1428571428571428,0.0,5.0,0.057,12.789,6.0,-16,20.01709196486957,,4000.0,0.0,0.0,0.0,45.0967952097763,optimal
2021-02-08 06:00:00,1,120,1.1428571428571428,0.2322222222222222,1.303099486535054,0.0856666666666666,13.0095,6.0,-16,20.03123152687628,,4000.0,0.0,0.0,209.0,45.670670670670674,optimal
2021-02-08 06:30:00,1,120,1.1428571428571428,5.249770370370369,5.0,0.2467666666666667,12.1275,6.0,-16,20.046843875913545,,4000.0,0.0,0.0,4724.793333333332,48.0,optimal
2021-02-08 07:00:00,1,120,1.1428571428571428,3.1102296296296306,0.0,0.0955666666666666,12.348,6.0,-16,20.06672275201589,,4000.0,0.0,0.0,2799.2066666666674,47.7493492284864,optimal
2021-02-08 07:30:00,1,120,1.1428571428571428,0.1548148148148148,0.0,0.4958666666666667,12.348,6.0,-16,20.084327118007447,,4000.0,0.0,0.0,139.33333333333331,47.4989491077443,optimal
2021-02-08 08:00:00,1,120,0.0,0.2322222222222222,0.0,0.4985666666666666,25.389,6.0,-16,20.10418004960571,,0.0,0.0,0.0,209.0,47.24879938712296,optimal
2021-02-08 08:30:00,1,120,0.0,0.0,0.0,0.067,29.1375,6.0,-16,20.07072137068539,,0.0,0.0,0.0,0.0,46.99889981622224,optimal
2021-02-08 09:00:00,1,120,0.0,0.2333621939805913,0.0,0.1403333333333333,30.597,6.0,-16,20.03288847142253,,0.0,210.0259745825322,0.0,0.0,46.74925014489241,optimal
2021-02-08 09:30:00,1,120,0.0,3.199940126446445,0.0,0.1403333333333333,33.684,6.0,-16,20.0,,0.0,2879.946113801801,0.0,0.0,46.49985012323391,optimal
2021-02-08 10:00:00,1,120,0.0,2.697021084377434,0.0,1.106,32.445,6.0,-16,20.0,,0.0,2287.985642606357,0.0,139.33333333333331,46.25069950159708,optimal
2021-02-08 10:30:00,1,120,0.0,2.5190334204829505,0.0,0.6914666666666667,28.917,6.0,-16,20.0,,0.0,2267.1300784346554,0.0,0.0,46.001798030581874,optimal
2021-02-08 11:00:00,1,120,0.6025494707809537,0.0,0.0,0.1914666666666666,15.876,6.0,-16,20.0,,2108.923147733338,0.0,0.0,0.0,45.75314546103769,optimal
2021-02-08 11:30:00,1,120,0.612737832210472,0.0,0.0,0.174,12.348,6.0,-16,20.0,,2144.582412736652,0.0,0.0,0.0,45.50474154406305,optimal
2021-02-08 12:00:00,1,120,0.949034759986814,0.3096296296296296,0.0,0.4664666666666666,12.1275,6.0,-16,20.0,,3321.621659953849,0.0,0.0,278.66666666666663,45.25658603100538,optimal
2021-02-08 12:30:00,1,120,0.0,0.1548148148148148,0.0,0.4191333333333333,12.348,6.0,-16,20.020069636910392,,0.0,0.0,0.0,139.33333333333331,45.00867867346077,optimal
2021-02-08 13:00:00,1,120,0.6032611776150681,0.0,0.0,0.1653333333333333,12.1275,6.0,-16,20.0,,2111.4141216527387,0.0,0.0,0.0,44.761019223273706,optimal
2021-02-08 13:30:00,1,120,0.64680191999697,0.0,0.0,0.1603333333333333,12.1275,6.0,-16,20.0,,2263.806719989395,0.0,0.0,0.0,44.51360743253683,optimal
2021-02-08 14:00:00,1,120,0.6673031250525698,0.0,0.0,0.067,11.2665,6.0,-16,20.0,,2335.5609376839943,0.0,0.0,0.0,44.26644305359069,optimal
2021-02-08 14:30:00,1,120,1.1428571428571428,0.0,0.0,0.067,10.143,6.0,-16,20.0,,4000.0,0.0,0.0,0.0,44.01952583902349,optimal
2021-02-08 15:00:00,1,120,0.2194425614114906,0.0,0.0,0.2136666666666666,11.2455,6.0,-16,20.01997938351252,,768.0489649402172,0.0,0.0,0.0,43.772855541670864,optimal
2021-02-08 15:30:00,1,120,0.7266728853538413,0.0,0.0,0.067,11.025,6.0,-16,20.0,,2543.3550987384447,0.0,0.0,0.0,43.52643191461559,optimal
2021-02-08 16:00:00,1,120,1.1428571428571428,0.0,0.0,0.087,5.9745,6.0,-16,20.0,,4000.0,0.0,0.0,0.0,43.280254711187375,optimal
2021-02-08 16:30:00,1,120,1.1428571428571428,0.0,0.0,0.1936666666666666,7.938,6.0,-16,20.01566457663962,,4000.0,0.0,0.0,0.0,43.03432368496259,optimal
2021-02-08 17:00:00,1,120,0.0997275324603185,0.0,0.0,0.067,8.6835,6.0,-16,20.03230016278663,,349.0463636111148,0.0,0.0,0.0,42.78863858976402,optimal
2021-02-08 17:30:00,1,120,0.8269703540936917,0.0,0.0,0.2003333333333332,7.665,6.0,-16,20.0,,2894.3962393279207,0.0,0.0,0.0,42.543199179660654,optimal
2021-02-08 18:00:00,1,120,0.8562695212389593,0.0,0.0,0.1240333333333333,6.7725,6.0,-16,20.0,,2996.943324336358,0.0,0.0,0.0,42.29800520896739,optimal
2021-02-08 18:30:00,1,120,0.728219002728464,0.0,0.0,0.2023333333333332,5.5755,6.0,-16,20.0,,2548.766509549624,0.0,0.0,0.0,42.25570720375842,optimal
2021-02-08 19:00:00,1,120,1.1428571428571428,0.1548148148148148,0.0,0.5575333333333333,5.0925,6.0,-16,20.000280115351195,,4000.0,0.0,0.0,139.33333333333331,42.21345149655466,optimal
2021-02-08 19:30:00,1,120,1.1428571428571428,0.0774074074074074,0.0,0.159,4.1895,6.0,-16,20.022474539590497,,4000.0,0.0,0.0,69.66666666666666,42.1712380450581,optimal
2021-02-08 20:00:00,1,120,0.0,0.0,0.0,0.2003333333333332,7.056,6.0,-16,20.03696700578012,,0.0,0.0,0.0,0.0,42.12906680701305,optimal
2021-02-08 20:30:00,1,120,0.0,0.0,0.0,0.0803333333333333,5.271,6.0,-16,20.0,,0.0,0.0,0.0,0.0,42.08693774020603,optimal
2021-02-08 21:00:00,1,120,0.0,0.0,0.0,0.1136666666666666,7.938,6.0,-16,19.96144614615897,,0.0,0.0,0.0,0.0,42.044850802465824,optimal
2021-02-08 21:30:00,1,120,0.0,0.0,0.0,0.167,7.938,6.0,-16,19.92317654957824,,0.0,0.0,0.0,0.0,42.00280595166336,optimal
2021-02-08 22:00:00,1,120,0.0,0.0,0.0,0.067,11.907,6.0,-16,19.88592993427985,,0.0,0.0,0.0,0.0,41.960803145711694,optimal
2021-02-08 22:30:00,1,120,0.0,0.0,0.0,0.1403333333333333,11.025,6.0,-16,19.84783631284392,,0.0,0.0,0.0,0.0,41.91884234256598,optimal
2021-02-08 23:00:00,1,120,0.0,0.0,0.0,0.1403333333333333,11.2875,6.0,-16,19.810612458100863,,0.0,0.0,0.0,0.0,41.87692350022341,optimal
2021-02-08 23:30:00,1,120,0.0,0.0,0.0,0.067,12.936,6.0,-16,19.77336327384671,,0.0,0.0,0.0,0.0,41.83504657672319,optimal
2021-02-09 00:00:00,1,120,0.0,0.0,0.0,0.055,30.303,6.0,15,19.77336327384671,,0.0,0.0,0.0,0.0,41.79321153014647,optimal
2021-02-09 00:30:00,1,120,0.0,0.0,0.0,0.0936666666666666,32.886,6.0,15,19.73814189612628,,0.0,0.0,0.0,0.0,41.75141831861632,optimal
2021-02-09 01:00:00,1,120,0.0,0.0,0.0,0.2425999999999999,34.9965,6.0,15,19.70356052574919,,0.0,0.0,0.0,0.0,41.7096669002977,optimal
2021-02-09 01:30:00,1,120,0.0,0.0,0.0,0.2000666666666666,33.327,6.0,15,19.67096120024076,,0.0,0.0,0.0,0.0,41.6679572333974,optimal
2021-02-09 02:00:00,1,120,0.0,0.0,0.0,0.0798,31.122,6.0,15,19.63771009299288,,0.0,0.0,0.0,0.0,41.626289276164,optimal
2021-02-09 02:30:00,1,120,1.1428571428571428,0.0,0.0,0.2575333333333333,17.9025,6.0,15,19.60286152205679,,4000.0,0.0,0.0,0.0,41.58466298688784,optimal
2021-02-09 03:00:00,1,120,1.1428571428571428,0.0,0.0,0.199,15.6555,6.0,15,19.619075750134268,,4000.0,0.0,0.0,0.0,41.54307832390095,optimal
2021-02-09 03:30:00,1,120,1.1428571428571428,0.0,0.0,0.0922,14.553,6.0,15,19.63464388747137,,4000.0,0.0,0.0,0.0,41.50153524557705,optimal
2021-02-09 04:00:00,1,120,1.1428571428571428,0.0,3.955738884251691,0.3333,14.3325,6.0,15,19.64907834202679,,4000.0,0.0,0.0,0.0,43.33900968035103,optimal
2021-02-09 04:30:00,1,120,1.1428571428571428,0.0,5.0,0.1108333333333333,13.335,6.0,15,19.66661959860745,,4000.0,0.0,0.0,0.0,45.670670670670674,optimal
2021-02-09 05:00:00,1,120,1.1428571428571428,0.0,5.0,0.2690666666666667,12.1275,6.0,15,19.68121765696768,,4000.0,0.0,0.0,0.0,48.0,optimal
2021-02-09 05:30:00,1,120,1.1428571428571428,2.4770370370370367,0.0,0.3562666666666667,12.2955,6.0,15,19.69887856230161,,4000.0,0.0,0.0,2229.333333333333,47.40871224642416,optimal
2021-02-09 06:00:00,1,120,1.1428571428571428,0.2322222222222222,0.0,0.1856666666666666,11.6865,6.0,15,19.717828674489564,,4000.0,0.0,0.0,209.0,46.8180157806019,optimal
2021-02-09 06:30:00,1,120,1.1428571428571428,2.4770370370370367,0.0,0.5604333333333332,11.466,6.0,15,19.734876100140443,,4000.0,0.0,0.0,2229.333333333333,46.227910011245456,optimal
2021-02-09 07:00:00,1,120,1.1428571428571428,0.387037037037037,0.0,0.178,10.8045,6.0,15,19.754816694113483,,4000.0,0.0,0.0,348.3333333333333,45.63839434765837,optimal
2021-02-09 07:30:00,1,120,1.1428571428571428,19.058868794610262,0.0,0.3640666666666666,10.584,6.0,15,19.771269700308626,,4000.0,17152.981915149237,0.0,0.0,45.04946819973488,optimal
2021-02-09 08:00:00,1,120,1.1428571428571428,0.387037037037037,0.0,0.2276,11.2455,6.0,15,20.0,,4000.0,0.0,0.0,348.3333333333333,44.4611309779593,optimal
2021-02-09 08:30:00,1,120,1.1428571428571428,2.1674074074074072,0.0,0.4712333333333333,12.1275,6.0,15,20.01906778075256,,4000.0,0.0,0.0,1950.6666666666667,43.8733820934055,optimal
2021-02-09 09:00:00,1,120,1.1428571428571428,0.0,0.0,0.324,11.823,6.0,15,20.04180863543325,,4000.0,0.0,0.0,0.0,43.286220957736255,optimal
2021-02-09 09:30:00,1,120,1.1428571428571428,0.0774074074074074,0.0,2.493033333333333,11.7705,6.0,15,20.0657060996918,,4000.0,0.0,0.0,69.66666666666666,42.69964698320268,optimal
2021-02-09 10:00:00,1,120,1.1428571428571428,0.0,0.0,0.5512666666666667,11.13,6.0,15,20.090632644434937,,4000.0,0.0,0.0,0.0,42.11365958264364,optimal
2021-02-09 10:30:00,1,120,1.1428571428571428,0.0,0.0,0.3468333333333333,11.6865,6.0,15,20.117512833966806,,4000.0,0.0,0.0,0.0,41.52825816948515,optimal
2021-02-09 11:00:00,1,120,1.1428571428571428,0.0,0.0,0.2109,10.7205,6.0,15,20.138144017490685,,4000.0,0.0,0.0,0.0,40.943442157739824,optimal
2021-02-09 11:30:00,1,120,1.1428571428571428,0.0,0.0,0.4410333333333333,11.424,6.0,15,20.15804101709005,,4000.0,0.0,0.0,0.0,40.35921096200624,optimal
2021-02-09 12:00:00,1,120,1.1428571428571428,0.0,0.0,0.1978,10.689,6.0,15,20.18050791021027,,4000.0,0.0,0.0,0.0,39.7755639974684,optimal
2021-02-09 12:30:00,1,120,1.1428571428571428,0.0,0.0,0.065,11.361,6.0,15,20.20328050455717,,4000.0,0.0,0.0,0.0,39.19250067989509,optimal
2021-02-09 13:00:00,1,120,1.1428571428571428,0.0,0.0,0.2036333333333333,11.571,6.0,15,20.22429100748032,,4000.0,0.0,0.0,0.0,38.61002042563936,optimal
2021-02-09 13:30:00,1,120,0.0,0.0,0.0,0.2880333333333333,14.3745,6.0,15,20.24730200181748,,0.0,0.0,0.0,0.0,38.02812265163788,optimal
2021-02-09 14:00:00,1,120,1.1428571428571428,0.0,0.0,0.1217999999999999,13.23,6.0,15,20.22246706411937,,4000.0,0.0,0.0,0.0,37.4468067754104,optimal
2021-02-09 14:30:00,1,120,0.8071725562208075,0.0,0.0,0.2925333333333333,13.9755,6.0,15,20.243737159287576,,2825.1039467728265,0.0,0.0,0.0,36.86607221505915,optimal
2021-02-09 15:00:00,1,120,0.0,0.0,0.0,0.2109666666666666,14.994,6.0,15,20.25263290209996,,0.0,0.0,0.0,0.0,36.28591838926825,optimal
2021-02-09 15:30:00,1,120,1.1428571428571428,0.0,0.0,0.1728666666666666,13.671,6.0,15,20.223836786441897,,4000.0,0.0,0.0,0.0,35.70634471730314,optimal
2021-02-09 16:00:00,1,120,0.0,0.1548148148148148,0.0,0.2744333333333333,15.981,6.0,15,20.24336298653424,,0.0,0.0,0.0,139.33333333333331,35.127350619009995,optimal
2021-02-09 16:30:00,1,120,0.0,0.0,0.0,0.2777666666666666,15.6345,6.0,15,20.213195663878608,,0.0,0.0,0.0,0.0,34.54893551481515,optimal
2021-02-09 17:00:00,1,120,0.0,0.2322222222222222,0.0,1.7828333333333333,16.5375,6.0,15,20.183086841432583,,0.0,0.0,0.0,209.0,33.971098825724496,optimal
2021-02-09 17:30:00,1,120,0.0,0.774074074074074,0.0,0.2872,14.7735,6.0,15,20.15516086540408,,0.0,0.0,0.0,696.6666666666666,33.39383997332293,optimal
2021-02-09 18:00:00,1,120,0.0,0.6192592592592592,0.0,0.2606,15.2145,6.0,15,20.12404308244452,,0.0,0.0,0.0,557.3333333333333,33.36044613334961,optimal
2021-02-09 18:30:00,1,120,0.0,0.0,0.0,0.3773,14.553,6.0,15,20.09429312565639,,0.0,0.0,0.0,0.0,33.32708568721626,optimal
2021-02-09 19:00:00,1,120,0.0,0.1548148148148148,0.0,0.7706333333333333,14.3325,6.0,15,20.06971358146913,,0.0,0.0,0.0,139.33333333333331,33.29375860152904,optimal
2021-02-09 19:30:00,1,120,0.0,0.0774074074074074,0.0,0.3428333333333333,14.595,6.0,15,20.04856495620113,,0.0,0.0,0.0,69.66666666666666,33.26046484292751,optimal
2021-02-09 20:00:00,1,120,0.0,0.0,0.0,1.0014333333333332,14.994,6.0,15,20.02333745999133,,0.0,0.0,0.0,0.0,33.227204378084586,optimal
2021-02-09 20:30:00,1,120,0.0,0.774074074074074,0.0,1.2266666666666668,14.3325,6.0,15,20.0,,0.0,0.0,0.0,696.6666666666666,33.1939771737065,optimal
2021-02-09 21:00:00,1,120,0.0,0.2322222222222222,0.0,0.3917333333333333,13.8915,6.0,15,19.976640090620325,,0.0,0.0,0.0,209.0,33.16078319653279,optimal
2021-02-09 21:30:00,1,120,0.0,0.4644444444444444,0.0,0.4341,13.8915,6.0,15,19.949761768715256,,0.0,0.0,0.0,418.0,33.127622413336255,optimal
2021-02-09 22:00:00,1,120,0.0,0.0,0.0,0.5184333333333333,13.4715,6.0,15,19.922523004488937,,0.0,0.0,0.0,0.0,33.09449479092292,optimal
2021-02-09 22:30:00,1,120,0.0,0.0,0.0,0.3107333333333333,13.23,6.0,15,19.896907960449933,,0.0,0.0,0.0,0.0,33.06140029613199,optimal
2021-02-09 23:00:00,1,120,0.0,0.1548148148148148,0.0,0.6345666666666667,13.8915,6.0,15,19.869710417566143,,0.0,0.0,0.0,139.33333333333331,33.02833889583586,optimal
2021-02-09 23:30:00,1,120,0.0,0.0,0.0,0.1227333333333333,26.9325,6.0,15,19.845349531446075,,0.0,0.0,0.0,0.0,32.99531055694002,optimal
2021-02-10 00:00:00,1,120,1.1428571428571428,0.0,5.0,0.0645999999999999,11.025,6.0,-10,19.845349531446075,,4000.0,0.0,0.0,0.0,35.33731524638308,optimal
2021-02-10 00:30:00,1,120,1.1428571428571428,0.0,5.0,0.1108,11.025,6.0,-10,19.85843159258256,,4000.0,0.0,0.0,0.0,37.6769779311367,optimal
2021-02-10 01:00:00,1,120,1.1428571428571428,2.786666666666666,5.0,0.056,14.553,6.0,-10,19.871852285681555,,4000.0,0.0,0.0,2508.0,40.01430095320556,optimal
2021-02-10 01:30:00,1,120,1.1428571428571428,0.0,5.0,0.1174,13.0935,6.0,-10,19.88819359614856,,4000.0,0.0,0.0,0.0,42.34928665225236,optimal
2021-02-10 02:00:00,1,120,1.1428571428571428,0.0,5.0,0.058,15.6345,6.0,-10,19.90123917509765,,4000.0,0.0,0.0,0.0,44.681937365600106,optimal
2021-02-10 02:30:00,1,120,1.1428571428571428,0.0,0.0,0.058,18.102,6.0,-10,19.913337002892444,,4000.0,0.0,0.0,0.0,44.6372554282345,optimal
2021-02-10 03:00:00,1,120,1.1428571428571428,0.0,0.0,0.1174,17.199,6.0,-10,19.925410845983148,,4000.0,0.0,0.0,0.0,44.59261817280627,optimal
2021-02-10 03:30:00,1,120,1.1428571428571428,0.0,0.0,0.058,18.2805,6.0,-10,19.938184383108776,,4000.0,0.0,0.0,0.0,44.54802555463346,optimal
2021-02-10 04:00:00,1,120,1.1428571428571428,0.0,0.0,0.058,17.4615,6.0,-10,19.950208964706263,,4000.0,0.0,0.0,0.0,44.50347752907883,optimal
2021-02-10 04:30:00,1,120,1.1428571428571428,0.0,0.0,0.058,18.3225,6.0,-10,19.96220970681485,,4000.0,0.0,0.0,0.0,44.45897405154975,optimal
2021-02-10 05:00:00,1,120,1.1428571428571428,0.0,0.0,0.1009,17.094,6.0,-10,19.973988400411688,,4000.0,0.0,0.0,0.0,44.4145150774982,optimal
2021-02-10 05:30:00,1,120,1.1428571428571428,0.0,2.8392973735625566,0.0745,17.094,6.0,-10,19.986068108246453,,4000.0,0.0,0.0,0.0,45.71876681486292,optimal
2021-02-10 06:00:00,1,120,1.1428571428571428,0.0,5.0,0.058,17.094,6.0,-10,19.997603997153696,,4000.0,0.0,0.0,0.0,48.048048048048045,optimal
2021-02-10 06:30:00,1,120,1.1428571428571428,0.387037037037037,0.0,0.1028666666666666,17.3565,6.0,-10,20.0087177504866,,4000.0,0.0,0.0,348.3333333333333,48.0,optimal
2021-02-10 07:00:00,1,120,1.1428571428571428,0.2322222222222222,0.0,0.0692,17.115,6.0,-10,20.02138604565799,,4000.0,0.0,0.0,209.0,47.81632452927486,optimal
2021-02-10 07:30:00,1,120,1.1428571428571428,0.6192592592592592,0.0,0.056,17.241,6.0,-10,20.03360952071376,,4000.0,0.0,0.0,557.3333333333333,47.63283273402045,optimal
2021-02-10 08:00:00,1,120,1.1428571428571428,0.0,0.0,0.0785666666666666,17.094,6.0,-10,20.047622261705808,,4000.0,0.0,0.0,0.0,47.44952443056129,optimal
2021-02-10 08:30:00,1,120,1.1428571428571428,0.4644444444444444,0.0,0.1172333333333333,16.5165,6.0,-10,20.06319175473728,,4000.0,0.0,0.0,418.0,47.26639943540559,optimal
2021-02-10 09:00:00,1,120,1.1428571428571428,0.0,0.0,0.068,17.8185,6.0,-10,20.076334699774165,,4000.0,0.0,0.0,0.0,47.08345756524504,optimal
2021-02-10 09:30:00,1,120,1.1428571428571428,0.0,0.0,0.0944,17.094,6.0,-10,20.08754904526408,,4000.0,0.0,0.0,0.0,46.90069863695466,optimal
2021-02-10 10:00:00,1,120,1.1428571428571428,0.0,0.0,0.101,16.8945,6.0,-10,20.099459284042645,,4000.0,0.0,0.0,0.0,46.718122467592565,optimal
2021-02-10 10:30:00,1,120,1.1428571428571428,0.0,0.0,0.0845,18.123,6.0,-10,20.1148603376985,,4000.0,0.0,0.0,0.0,46.53572887439983,optimal
2021-02-10 11:00:00,1,120,0.0,0.0,0.0,0.1109,31.647,6.0,-10,20.130327233563268,,0.0,0.0,0.0,0.0,46.35351767480029,optimal
2021-02-10 11:30:00,1,120,0.0,0.0,0.0,0.068,34.9965,6.0,-10,20.09975349769006,,0.0,0.0,0.0,0.0,46.171488686400345,optimal
2021-02-10 12:00:00,1,120,0.0,0.0,0.0,0.068,34.9965,6.0,-10,20.06891600993172,,0.0,0.0,0.0,0.0,45.98964172698881,optimal
2021-02-10 12:30:00,1,120,0.0,0.0,0.0,0.0845,34.9965,6.0,-10,20.041052287818427,,0.0,0.0,0.0,0.0,45.80797661453668,optimal
2021-02-10 13:00:00,1,120,0.0,1.29866494232573,0.0,0.1109,34.9965,6.0,-10,20.013444815949065,,0.0,1168.798448093157,0.0,0.0,45.626493167197005,optimal
2021-02-10 13:30:00,1,120,0.0,2.5339929406154176,0.0,0.068,34.9965,6.0,-10,20.0,,0.0,2280.593646553876,0.0,0.0,45.44519120330467,optimal
2021-02-10 14:00:00,1,120,0.0,2.4642480778810087,0.0,0.1274,27.741,6.0,-10,20.0,,0.0,2217.823270092908,0.0,0.0,45.26407054137622,optimal
2021-02-10 14:30:00,1,120,0.6506352200265298,0.0,0.0,0.068,19.026,6.0,-10,20.0,,2277.2232700928544,0.0,0.0,0.0,45.0831310001097,optimal
2021-02-10 15:00:00,1,120,0.6961070541026377,0.0,0.0,0.068,18.7215,6.0,-10,20.0,,2436.3746893592324,0.0,0.0,0.0,44.90237239838445,optimal
2021-02-10 15:30:00,1,120,0.6969208074339943,0.0,0.0,0.0977,17.4195,6.0,-10,20.0,,2439.2228260189804,0.0,0.0,0.0,44.72179455526093,optimal
2021-02-10 16:00:00,1,120,0.7744280261653028,0.0,0.0,0.0977,16.758,6.0,-10,20.0,,2710.49809157856,0.0,0.0,0.0,44.54139728998053,optimal
2021-02-10 16:30:00,1,120,0.5586208271157406,0.6192592592592592,0.0,1.336266666666667,14.217,6.0,-10,20.0,,1955.172894905092,0.0,0.0,557.3333333333333,44.36118042196541,optimal
2021-02-10 17:00:00,1,120,0.6965287939247619,0.2322222222222222,0.0,0.0930999999999999,13.3665,6.0,-10,20.0,,2437.8507787366666,0.0,0.0,209.0,44.1811437708183,optimal
2021-02-10 17:30:00,1,120,0.7156039270204627,0.4644444444444444,0.0,0.0932,12.789,6.0,-10,20.0,,2504.6137445716195,0.0,0.0,418.0,44.00128715632234,optimal
2021-02-10 18:00:00,1,120,0.692050473619936,0.4644444444444444,0.0,0.371,11.907,6.0,-10,20.0,,2422.176657669776,0.0,0.0,418.0,43.82161039844088,optimal
2021-02-10 18:30:00,1,120,0.8983255993303415,0.0,0.0,0.1175,11.7075,6.0,-10,20.0,,3144.139597656196,0.0,0.0,0.0,43.6421133173173,optimal
2021-02-10 19:00:00,1,120,1.1428571428571428,0.6192592592592592,0.0,0.2063333333333332,10.8045,6.0,-10,20.0,,4000.0,0.0,0.0,557.3333333333333,43.59847120399999,optimal
2021-02-10 19:30:00,1,120,0.4140105980287743,0.1548148148148148,0.0,0.4274333333333333,11.508,6.0,-10,20.01421595147817,,1449.03709310071,0.0,0.0,139.33333333333331,43.55487273279599,optimal
2021-02-10 20:00:00,1,120,0.7696684417025712,0.0774074074074074,0.0,0.2415999999999999,11.508,6.0,-10,20.0,,2693.839545958999,0.0,0.0,69.66666666666666,43.51131786006319,optimal
2021-02-10 20:30:00,1,120,0.0,0.0,0.0,0.177,11.508,6.0,-10,20.0,,0.0,0.0,0.0,0.0,43.46780654220312,optimal
2021-02-10 21:00:00,1,120,0.0,0.2322222222222222,0.0,0.2329,11.844,6.0,-10,19.96850974021693,,0.0,0.0,0.0,209.0,43.42433873566092,optimal
2021-02-10 21:30:00,1,120,0.0,0.0,0.0,0.1805999999999999,11.508,6.0,-10,19.9391784480384,,0.0,0.0,0.0,0.0,43.380914396925256,optimal
2021-02-10 22:00:00,1,120,0.0,0.6610592592592593,0.0,0.241,11.508,6.0,-10,19.90628381320148,,0.0,0.0,0.0,594.9533333333334,43.33753348252833,optimal
2021-02-10 22:30:00,1,120,0.0,0.2678296296296296,0.0,1.5378333333333332,10.4475,6.0,-10,19.871668779381675,,0.0,0.0,0.0,241.0466666666667,43.2941959490458,optimal
2021-02-10 23:00:00,1,120,0.0,0.2740222222222222,0.0,0.3125,10.8675,6.0,-10,19.83900740484094,,0.0,0.0,0.0,246.62,43.25090175309676,optimal
2021-02-10 23:30:00,1,120,0.0,0.0356074074074074,0.0,0.0835666666666666,10.542,6.0,-10,19.802782818721862,,0.0,0.0,0.0,32.046666666666674,43.20765085134366,optimal
2021-02-11 00:00:00,1,120,1.1428571428571428,0.0,5.0,0.1731,12.789,6.0,-10,19.802782818721862,,4000.0,0.0,0.0,0.0,45.53944320049232,optimal
2021-02-11 00:30:00,1,120,1.1428571428571428,0.0,5.0,0.4074,12.684,6.0,-10,19.81003145252862,,4000.0,0.0,0.0,0.0,47.86890375729183,optimal
2021-02-11 01:00:00,1,120,1.1428571428571428,0.0774074074074074,0.0,0.3623333333333333,16.254,6.0,-10,19.82105898123635,,4000.0,0.0,0.0,69.66666666666666,47.821034853534535,optimal
2021-02-11 01:30:00,1,120,1.1428571428571428,0.0,0.0,0.2383333333333332,17.64,6.0,-10,19.8333641872893,,4000.0,0.0,0.0,0.0,47.773213818681,optimal
2021-02-11 02:00:00,1,120,1.1428571428571428,0.0,0.0,0.045,19.1625,6.0,-10,19.842368759325208,,4000.0,0.0,0.0,0.0,47.72544060486232,optimal
2021-02-11 02:30:00,1,120,0.0,0.0,0.0,0.102,26.46,6.0,-10,19.847489615646182,,0.0,0.0,0.0,0.0,47.67771516425746,optimal
2021-02-11 03:00:00,1,120,1.1428571428571428,0.0,0.0,0.045,20.79,6.0,-10,19.80436708390756,,4000.0,0.0,0.0,0.0,47.6300374490932,optimal
2021-02-11 03:30:00,1,120,0.0,0.0,0.0,0.188,29.106,6.0,-10,19.80916676836661,,0.0,0.0,0.0,0.0,47.582407411644105,optimal
2021-02-11 04:00:00,1,120,1.1428571428571428,0.0,0.0,0.045,19.1835,6.0,-10,19.76746528002868,,4000.0,0.0,0.0,0.0,47.53482500423246,optimal
2021-02-11 04:30:00,1,120,1.1428571428571428,0.0,0.0,0.162,19.6665,6.0,-10,19.773329406064303,,4000.0,0.0,0.0,0.0,47.48729017922823,optimal
2021-02-11 05:00:00,1,120,1.1428571428571428,0.0,0.0,0.128,19.404,6.0,-10,19.78060724025929,,4000.0,0.0,0.0,0.0,47.439802889049,optimal
2021-02-11 05:30:00,1,120,1.1428571428571428,0.0,0.0,0.045,19.047,6.0,-10,19.78745644602068,,4000.0,0.0,0.0,0.0,47.392363086159946,optimal
2021-02-11 06:00:00,1,120,1.1428571428571428,0.0,0.0,0.045,18.858,6.0,-10,19.7937765790284,,4000.0,0.0,0.0,0.0,47.344970723073786,optimal
2021-02-11 06:30:00,1,120,1.1428571428571428,0.0,0.0,0.0533333333333333,19.2675,6.0,-10,19.800579822690462,,4000.0,0.0,0.0,0.0,47.29762575235071,optimal
2021-02-11 07:00:00,1,120,1.1428571428571428,0.0,0.0,0.1915,18.963,6.0,-10,19.807865219209653,,4000.0,0.0,0.0,0.0,47.25032812659836,optimal
2021-02-11 07:30:00,1,120,1.1428571428571428,22.00531682452162,0.0,0.4121333333333333,18.438,6.0,-10,19.81729470253844,,4000.0,13604.451808736128,0.0,6200.333333333333,47.20307779847176,optimal
2021-02-11 08:00:00,1,120,0.7316688961726441,0.387037037037037,0.0,0.4255,18.7425,6.0,-10,20.0,,2560.841136604254,0.0,0.0,348.3333333333333,47.15587472067329,optimal
2021-02-11 08:30:00,1,120,1.1428571428571428,0.5418518518518518,1.8763813769418607,0.4131333333333333,15.2145,6.0,-10,20.0,,4000.0,0.0,0.0,487.6666666666667,48.0,optimal
2021-02-11 09:00:00,1,120,0.9602234275224556,0.1548148148148148,0.0,3.3498666666666668,17.7765,6.0,-10,20.018259883950165,,3360.7819963285947,0.0,0.0,139.33333333333331,47.78234824786693,optimal
2021-02-11 09:30:00,1,120,1.1428571428571428,0.1548148148148148,0.0,2.4179,16.758,6.0,-10,20.032639387258964,,4000.0,0.0,0.0,139.33333333333331,47.56491414748599,optimal
2021-02-11 10:00:00,1,120,1.1428571428571428,0.7167925925925925,0.0,2.273,16.422,6.0,-10,20.05686790900193,,4000.0,0.0,0.0,645.1133333333333,47.34769748120544,optimal
2021-02-11 10:30:00,1,120,1.1428571428571428,5.4758,0.0,0.7872,16.758,6.0,-10,20.08745074215,,4000.0,0.0,0.0,4928.22,47.13069803159116,optimal
2021-02-11 11:00:00,1,120,0.0,0.0,0.0,1.509,29.358,6.0,-10,20.11633801872358,,0.0,0.0,0.0,0.0,46.913915581426494,optimal
2021-02-11 11:30:00,1,120,0.0,0.0,0.0,2.1956,34.9965,6.0,-10,20.09554956562713,,0.0,0.0,0.0,0.0,46.697349913712,optimal
2021-02-11 12:00:00,1,120,0.0,0.1548148148148148,0.0,1.5423666666666669,34.65,6.0,-10,20.077417658937303,,0.0,0.0,0.0,139.33333333333331,46.48100081166521,optimal
2021-02-11 12:30:00,1,120,0.0,0.0,0.0,1.794433333333333,34.9965,6.0,-10,20.061204455828925,,0.0,0.0,0.0,0.0,46.26486805872048,optimal
2021-02-11 13:00:00,1,120,0.0,0.4644444444444444,0.0,0.5345333333333333,34.9965,6.0,-10,20.046080110459688,,0.0,0.0,0.0,418.0,46.04895143852868,optimal
2021-02-11 13:30:00,1,120,0.0,0.0,0.0,0.8698333333333333,30.4815,6.0,-10,20.02911631521833,,0.0,0.0,0.0,0.0,45.83325073495708,optimal
2021-02-11 14:00:00,1,120,0.0,0.0,0.0,2.806833333333333,21.4305,6.0,-10,20.01280437403248,,0.0,0.0,0.0,0.0,45.617765732089055,optimal
2021-02-11 14:30:00,1,120,0.2275758502675356,0.0,0.0,2.8231,14.3325,6.0,-10,20.0,,796.5154759363746,0.0,0.0,0.0,45.402496214223895,optimal
2021-02-11 15:00:00,1,120,0.5508427265686977,0.0,0.0,1.6010333333333333,13.692,6.0,-10,20.0,,1927.949542990442,0.0,0.0,0.0,45.1874419658766,optimal
2021-02-11 15:30:00,1,120,0.0,0.9288888888888888,0.0,2.4479,14.007,6.0,-10,20.01276097240087,,0.0,0.0,0.0,836.0,44.97260277177765,optimal
2021-02-11 16:00:00,1,120,0.4648470001217982,0.774074074074074,0.0,1.573233333333333,12.873,6.0,-10,20.0,,1626.964500426294,0.0,0.0,696.6666666666666,44.92763016900587,optimal
2021-02-11 16:30:00,1,120,0.467480318684539,1.2385185185185184,0.0,3.0746,12.684,6.0,-10,20.0,,1636.1811153958863,0.0,0.0,1114.6666666666663,44.88270253883687,optimal
2021-02-11 17:00:00,1,120,0.6219362719175257,0.2322222222222222,0.0,1.1590333333333334,12.306,6.0,-10,20.0,,2176.77695171134,0.0,0.0,209.0,44.83781983629803,optimal
2021-02-11 17:30:00,1,120,1.1428571428571428,0.6966666666666667,0.0,0.6574666666666666,10.6365,6.0,-10,20.0,,4000.0,0.0,0.0,627.0,44.792982016461735,optimal
2021-02-11 18:00:00,1,120,0.9688648524674096,0.0,0.0,1.8995333333333333,11.2455,6.0,-10,20.02253956524655,,3391.026983635933,0.0,0.0,0.0,44.74818903444528,optimal
2021-02-11 18:30:00,1,120,1.1428571428571428,0.8514814814814814,0.0,0.9924333333333332,11.2455,6.0,-10,20.03360479032485,,4000.0,0.0,0.0,766.3333333333333,44.70344084541083,optimal
2021-02-11 19:00:00,1,120,1.1428571428571428,0.0,0.0,3.5239000000000003,11.025,6.0,-10,20.052267200854622,,4000.0,0.0,0.0,0.0,44.65873740456542,optimal
2021-02-11 19:30:00,1,120,0.0,0.0,0.0,0.7802,12.0855,6.0,-10,20.070848760653533,,0.0,0.0,0.0,0.0,44.61407866716085,optimal
2021-02-11 20:00:00,1,120,0.0,0.6192592592592592,0.0,0.8625333333333333,11.6865,6.0,-10,20.0344461688079,,0.0,0.0,0.0,557.3333333333333,44.569464588493695,optimal
2021-02-11 20:30:00,1,120,0.0,0.0,0.0,0.6204,11.2245,6.0,-10,20.0,,0.0,0.0,0.0,0.0,44.5248951239052,optimal
2021-02-11 21:00:00,1,120,0.0,0.2322222222222222,0.0,2.0109,11.025,6.0,-10,19.96191894314617,,0.0,0.0,0.0,209.0,44.4803702287813,optimal
2021-02-11 21:30:00,1,120,0.0,0.1548148148148148,0.0,5.581,10.7835,6.0,-10,19.92833298502778,,0.0,0.0,0.0,139.33333333333331,44.435889858552514,optimal
2021-02-11 22:00:00,1,120,0.0,0.0,0.0,4.516566666666667,11.025,6.0,-10,19.89856913607672,,0.0,0.0,0.0,0.0,44.39145396869396,optimal
2021-02-11 22:30:00,1,120,0.0,0.0,0.0,0.4620666666666667,10.584,6.0,-10,19.866440649980625,,0.0,0.0,0.0,0.0,44.34706251472527,optimal
2021-02-11 23:00:00,1,120,0.0,0.0,0.0,0.1191666666666666,11.025,6.0,-10,19.82683115991851,,0.0,0.0,0.0,0.0,44.30271545221054,optimal
2021-02-11 23:30:00,1,120,0.0,0.0,0.0,0.3123333333333333,10.4265,6.0,-10,19.77788920307605,,0.0,0.0,0.0,0.0,44.25841273675833,optimal
2021-02-12 00:00:00,1,120,1.1428571428571428,0.0,0.0,0.053,10.668,6.0,5,19.77788920307605,,4000.0,0.0,0.0,0.0,44.21415432402157,optimal
2021-02-12 00:30:00,1,120,1.1428571428571428,0.0,0.0,0.0641333333333333,11.7285,6.0,5,19.77649585742212,,4000.0,0.0,0.0,0.0,44.16994016969755,optimal
2021-02-12 01:00:00,1,120,1.1428571428571428,0.0,0.0,0.1795333333333333,11.025,6.0,5,19.775240904251486,,4000.0,0.0,0.0,0.0,44.12577022952785,optimal
2021-02-12 01:30:00,1,120,1.1428571428571428,0.0,0.0,0.0604666666666666,10.689,6.0,5,19.775394281513083,,4000.0,0.0,0.0,0.0,44.081644459298325,optimal
2021-02-12 02:00:00,1,120,1.1428571428571428,0.0,5.0,0.1202,8.1585,6.0,5,19.77429509998023,,4000.0,0.0,0.0,0.0,46.41256281483903,optimal
2021-02-12 02:30:00,1,120,1.1428571428571428,0.0,0.0,0.1309333333333333,10.3635,6.0,5,19.774124045898905,,4000.0,0.0,0.0,0.0,46.36615025202419,optimal
2021-02-12 03:00:00,1,120,1.1428571428571428,0.0,0.0,0.0604666666666666,10.8045,6.0,5,19.77467885695212,,4000.0,0.0,0.0,0.0,46.31978410177216,optimal
2021-02-12 03:30:00,1,120,1.1428571428571428,0.0,0.0,0.1906666666666666,11.025,6.0,5,19.77496888779638,,4000.0,0.0,0.0,0.0,46.2734643176704,optimal
2021-02-12 04:00:00,1,120,1.1428571428571428,0.0,0.0,0.053,10.3635,6.0,5,19.77823227872769,,4000.0,0.0,0.0,0.0,46.22719085335272,optimal
2021-02-12 04:30:00,1,120,1.1428571428571428,0.0,0.0,0.1202,10.8045,6.0,5,19.78119989119969,,4000.0,0.0,0.0,0.0,46.18096366249937,optimal
2021-02-12 05:00:00,1,120,1.1428571428571428,0.0,0.0,0.0641333333333333,10.059,6.0,5,19.78636806766139,,4000.0,0.0,0.0,0.0,46.13478269883687,optimal
2021-02-12 05:30:00,1,120,1.1428571428571428,0.0,0.0,0.1608666666666666,10.584,6.0,5,19.79223076851425,,4000.0,0.0,0.0,0.0,46.08864791613804,optimal
2021-02-12 06:00:00,1,120,1.1428571428571428,0.0,4.222081641739267,0.0791333333333333,9.4185,6.0,5,19.800846335151626,,4000.0,0.0,0.0,0.0,48.048048048048045,optimal
2021-02-12 06:30:00,1,120,1.1428571428571428,0.0,0.0,0.0523333333333333,10.3635,6.0,5,19.81003516765568,,4000.0,0.0,0.0,0.0,48.0,optimal
2021-02-12 07:00:00,1,120,1.1428571428571428,0.4644444444444444,0.0,1.205833333333333,9.8385,6.0,5,19.81969276054235,,4000.0,0.0,0.0,418.0,47.84222300082679,optimal
2021-02-12 07:30:00,1,120,1.1428571428571428,14.215554981596537,0.0,1.0607,11.067,6.0,5,19.83494171255673,,4000.0,12584.999483436884,0.0,209.0,47.68460377865274,optimal
2021-02-12 08:00:00,1,120,1.1428571428571428,0.2322222222222222,0.0,0.0621333333333333,10.8465,6.0,5,20.0,,4000.0,0.0,0.0,209.0,47.52714217570088,optimal
2021-02-12 08:30:00,1,120,1.1428571428571428,0.0,0.0,0.1191333333333333,13.671,6.0,5,20.008744121029,,4000.0,0.0,0.0,0.0,47.36983803435196,optimal
2021-02-12 09:00:00,1,120,1.1428571428571428,0.0,0.0,0.109,12.348,6.0,5,20.01331208004873,,4000.0,0.0,0.0,0.0,47.2126911971444,optimal
2021-02-12 09:30:00,1,120,1.1428571428571428,0.0,0.0,0.1421333333333333,14.3325,6.0,5,20.01779968819068,,4000.0,0.0,0.0,0.0,47.05570150677404,optimal
2021-02-12 10:00:00,1,120,0.389568883021948,0.0,0.0,0.06,15.393,6.0,5,20.027043679301368,,1363.491090576818,0.0,0.0,0.0,46.89886880609405,optimal
2021-02-12 10:30:00,1,120,1.1428571428571428,0.0,0.0,0.053,13.587,6.0,5,20.010722295856933,,4000.0,0.0,0.0,0.0,46.74219293811474,optimal
2021-02-12 11:00:00,1,120,0.0,0.0,0.0,0.1533333333333333,16.1385,6.0,5,20.02734515218793,,0.0,0.0,0.0,0.0,46.585673746003415,optimal
2021-02-12 11:30:00,1,120,1.1428571428571428,0.0,0.0,0.0978,14.595,6.0,5,20.0,,4000.0,0.0,0.0,0.0,46.4293110730842,optimal
2021-02-12 12:00:00,1,120,0.151536718183085,0.0,0.0,0.053,14.637,6.0,5,20.02086103622896,,530.3785136407976,0.0,0.0,0.0,46.2731047628379,optimal
2021-02-12 12:30:00,1,120,0.6231845307019673,0.0,0.0,0.1031,13.9125,6.0,5,20.0,,2181.1458574568856,0.0,0.0,0.0,46.11705465890185,optimal
2021-02-12 13:00:00,1,120,0.7746034567975457,0.0,0.0,0.1480333333333333,13.3665,6.0,5,20.0,,2711.11209879141,0.0,0.0,0.0,45.961160605069736,optimal
2021-02-12 13:30:00,1,120,1.1428571428571428,0.0,0.0,0.053,13.0095,6.0,5,20.007038124177,,4000.0,0.0,0.0,0.0,45.805422445291455,optimal
2021-02-12 14:00:00,1,120,0.0,0.0,0.0,0.053,13.8915,6.0,5,20.02840798465622,,0.0,0.0,0.0,0.0,45.64984002367295,optimal
2021-02-12 14:30:00,1,120,0.5445569048433313,1.7803703703703702,0.0,0.1289333333333333,13.188,6.0,5,20.0,,1905.94916695166,0.0,0.0,1602.3333333333333,45.49441318447607,optimal
2021-02-12 15:00:00,1,120,0.510287140325095,0.774074074074074,0.0,0.1726,12.5685,6.0,5,20.0,,1786.0049911378323,0.0,0.0,696.6666666666666,45.33914177211837,optimal
2021-02-12 15:30:00,1,120,0.3597474553236509,0.5418518518518518,0.0,0.5330666666666667,12.285,6.0,5,20.0,,1259.116093632778,0.0,0.0,487.6666666666667,45.18402563117304,optimal
2021-02-12 16:00:00,1,120,1.1428571428571428,0.0,0.0,0.5039333333333332,11.487,6.0,5,20.0,,4000.0,0.0,0.0,0.0,45.02906460636866,optimal
2021-02-12 16:30:00,1,120,1.1428571428571428,0.774074074074074,0.0,0.2292333333333333,11.802,6.0,5,20.02817441566286,,4000.0,0.0,0.0,696.6666666666666,44.87425854258908,optimal
2021-02-12 17:00:00,1,120,1.1428571428571428,0.0,0.0,1.1824666666666668,11.2245,6.0,5,20.053785170952043,,4000.0,0.0,0.0,0.0,44.71960728487327,optimal
2021-02-12 17:30:00,1,120,1.1428571428571428,0.5418518518518518,0.0,0.8319666666666667,11.025,6.0,5,20.08312798003554,,4000.0,0.0,0.0,487.6666666666667,44.56511067841518,optimal
2021-02-12 18:00:00,1,120,0.2830050900886395,0.5418518518518518,0.0,0.3374666666666666,11.907,6.0,5,20.11077091362791,,990.5178153102383,0.0,0.0,487.6666666666667,44.410768568563554,optimal
2021-02-12 18:30:00,1,120,0.0,0.1548148148148148,0.0,0.1974666666666666,25.83,6.0,5,20.09802691254158,,0.0,0.0,0.0,139.33333333333331,44.25658080082178,optimal
2021-02-12 19:00:00,1,120,0.0,0.0,0.0,0.3772666666666666,28.035,6.0,5,20.06962355429161,,0.0,0.0,0.0,0.0,44.10254722084775,optimal
2021-02-12 19:30:00,1,120,0.0,0.2322222222222222,0.0,1.3626666666666667,28.119,6.0,5,20.04218404697064,,0.0,0.0,0.0,209.0,43.94866767445369,optimal
2021-02-12 20:00:00,1,120,0.0,2.322222222222221,0.0,1.7628,30.156,6.0,5,20.01473473029502,,0.0,0.0,0.0,2089.9999999999995,43.90471900677923,optimal
2021-02-12 20:30:00,1,120,0.0,0.387037037037037,0.0,0.4726,29.1585,6.0,5,20.0,,0.0,0.0,0.0,348.3333333333333,43.86081428777245,optimal
2021-02-12 21:00:00,1,120,0.0,0.0,0.0,0.1749,26.712,6.0,5,19.97406344475636,,0.0,0.0,0.0,0.0,43.81695347348467,optimal
2021-02-12 21:30:00,1,120,0.0,2.0899999999999994,0.0,0.1475666666666666,15.435,6.0,5,19.944778083114134,,0.0,0.0,0.0,1881.0,43.77313652001119,optimal
2021-02-12 22:00:00,1,120,0.0,0.0,0.0,0.1676666666666666,13.566,6.0,5,19.91460831933923,,0.0,0.0,0.0,0.0,43.729363383491176,optimal
2021-02-12 22:30:00,1,120,0.0,0.1548148148148148,0.0,0.2190666666666666,12.789,6.0,5,19.883867774801143,,0.0,0.0,0.0,139.33333333333331,43.685634020107685,optimal
2021-02-12 23:00:00,1,120,0.0,0.0,0.0,0.0891333333333333,12.1275,6.0,5,19.855195013333,,0.0,0.0,0.0,0.0,43.64194838608758,optimal
2021-02-12 23:30:00,1,120,0.0,0.0,0.0,0.1389333333333333,13.671,6.0,5,19.81832231125403,,0.0,0.0,0.0,0.0,43.59830643770149,optimal
2021-02-13 00:00:00,1,120,0.0,0.0,0.0,0.1804,26.9325,6.0,11,19.81832231125403,,0.0,0.0,0.0,0.0,43.55470813126379,optimal
2021-02-13 00:30:00,1,120,1.1428571428571428,0.0,0.0,0.0922,14.595,6.0,11,19.782745412806936,,4000.0,0.0,0.0,0.0,43.51115342313253,optimal
2021-02-13 01:00:00,1,120,1.1428571428571428,0.0,0.0,0.1705,12.4845,6.0,11,19.794993066185643,,4000.0,0.0,0.0,0.0,43.467642269709394,optimal
2021-02-13 01:30:00,1,120,1.1428571428571428,0.0,0.0,0.1705,12.1275,6.0,11,19.808269443439563,,4000.0,0.0,0.0,0.0,43.42417462743968,optimal
2021-02-13 02:00:00,1,120,1.1428571428571428,0.0,0.0,0.067,12.1275,6.0,11,19.82161862758408,,4000.0,0.0,0.0,0.0,43.38075045281224,optimal
2021-02-13 02:30:00,1,120,1.1428571428571428,0.0,0.0,0.2007,12.789,6.0,11,19.83377960175068,,4000.0,0.0,0.0,0.0,43.33736970235943,optimal
2021-02-13 03:00:00,1,120,1.1428571428571428,0.0,0.0,0.1403,11.907,6.0,11,19.84754524531133,,4000.0,0.0,0.0,0.0,43.29403233265708,optimal
2021-02-13 03:30:00,1,120,1.1428571428571428,0.0,0.0,0.067,11.025,6.0,11,19.86054778408724,,4000.0,0.0,0.0,0.0,43.250738300324414,optimal
2021-02-13 04:00:00,1,120,1.1428571428571428,0.0,0.9634173452339586,0.1429,8.2005,6.0,11,19.87253245061088,,4000.0,0.0,0.0,0.0,43.665110801010215,optimal
2021-02-13 04:30:00,1,120,1.1428571428571428,0.0,0.0,0.1981,9.5655,6.0,11,19.885318868487804,,4000.0,0.0,0.0,0.0,43.6214456902092,optimal
2021-02-13 05:00:00,1,120,1.1428571428571428,0.0,5.0,0.067,7.056,6.0,11,19.898554145547656,,4000.0,0.0,0.0,0.0,45.952824244518986,optimal
2021-02-13 05:30:00,1,120,1.1428571428571428,0.6966666666666667,0.0,0.2993666666666666,9.3975,6.0,11,19.909967821355227,,4000.0,0.0,0.0,627.0,45.90687142027446,optimal
2021-02-13 06:00:00,1,120,1.1428571428571428,0.387037037037037,0.0,0.2588,10.059,6.0,11,19.92703493845216,,4000.0,0.0,0.0,348.3333333333333,45.86096454885418,optimal
2021-02-13 06:30:00,1,120,1.1428571428571428,0.0,0.0,0.1066,9.261,6.0,11,19.94216402850021,,4000.0,0.0,0.0,0.0,45.81510358430533,optimal
2021-02-13 07:00:00,1,120,1.1428571428571428,0.3096296296296296,5.0,1.0551,8.1585,6.0,11,19.95570495739235,,4000.0,0.0,0.0,278.66666666666663,48.144288480721016,optimal
2021-02-13 07:30:00,1,120,1.1428571428571428,1.640772318004083,0.0,1.1676333333333335,9.4815,6.0,11,19.972797152702515,,4000.0,780.0284195370081,0.0,696.6666666666666,48.096144192240295,optimal
2021-02-13 08:00:00,1,120,1.1428571428571428,0.6192592592592592,0.0,0.3976,8.379,6.0,11,20.0,,4000.0,0.0,0.0,557.3333333333333,48.048048048048045,optimal
2021-02-13 08:30:00,1,120,1.1428571428571428,0.3096296296296296,0.0,1.3212666666666668,9.5235,6.0,11,20.01997240455504,,4000.0,0.0,0.0,278.66666666666663,48.0,optimal
2021-02-13 09:00:00,1,120,1.1428571428571428,5.495925925925925,0.0,0.1439666666666666,8.1375,6.0,11,20.04152896096079,,4000.0,0.0,0.0,4946.333333333333,47.71712701632496,optimal
2021-02-13 09:30:00,1,120,1.1428571428571428,0.1548148148148148,0.0,1.8302,10.0905,6.0,11,20.0569043813738,,4000.0,0.0,0.0,139.33333333333331,47.43453690563359,optimal
2021-02-13 10:00:00,1,120,1.1428571428571428,2.5544444444444445,0.0,0.4249666666666666,7.539,6.0,11,20.086809231376257,,4000.0,0.0,0.0,2299.0,47.15222938505292,optimal
2021-02-13 10:30:00,1,120,1.1428571428571428,2.2448148148148146,0.0,1.2083,7.938,6.0,11,20.11343805369243,,4000.0,0.0,0.0,2020.3333333333333,46.870204171992825,optimal
2021-02-13 11:00:00,1,120,1.1428571428571428,0.0,0.0,0.1701333333333333,8.274,6.0,11,20.13999183409113,,4000.0,0.0,0.0,0.0,46.58846098414579,optimal
2021-02-13 11:30:00,1,120,1.1428571428571428,0.0,0.0,0.4181666666666667,9.261,6.0,11,20.166068126025923,,4000.0,0.0,0.0,0.0,46.30699953948661,optimal
2021-02-13 12:00:00,1,120,1.1428571428571428,0.4644444444444444,0.0,0.3138999999999999,9.9225,6.0,11,20.195019776157505,,4000.0,0.0,0.0,418.0,46.02581955627208,optimal
2021-02-13 12:30:00,1,120,1.1428571428571428,0.387037037037037,0.0,0.3271666666666666,9.702,6.0,11,20.221944322510108,,4000.0,0.0,0.0,348.3333333333333,45.744920753040766,optimal
2021-02-13 13:00:00,1,120,1.1428571428571428,0.0,0.0,0.4405333333333333,10.584,6.0,11,20.249050698650983,,4000.0,0.0,0.0,0.0,45.46430284861269,optimal
2021-02-13 13:30:00,1,120,1.1428571428571428,0.0,0.0,0.7172000000000001,10.143,6.0,11,20.277870073437484,,4000.0,0.0,0.0,0.0,45.18396556208904,optimal
2021-02-13 14:00:00,1,120,0.0,0.0,0.0,0.1904,13.0095,6.0,11,20.303063219252067,,0.0,0.0,0.0,0.0,44.90390861285191,optimal
2021-02-13 14:30:00,1,120,0.9822224979321272,0.0,0.0,0.1706,11.025,6.0,11,20.27259848385237,,3437.778742762445,0.0,0.0,0.0,44.624131720564016,optimal
2021-02-13 15:00:00,1,120,0.0,0.0,0.0,0.947,12.789,6.0,11,20.28403139318726,,0.0,0.0,0.0,0.0,44.34463460516841,optimal
2021-02-13 15:30:00,1,120,0.0,0.0,0.0,1.349,12.1275,6.0,11,20.256287467772417,,0.0,0.0,0.0,0.0,44.0654169868882,optimal
2021-02-13 16:00:00,1,120,0.0,0.0,0.0,0.3733999999999999,12.1695,6.0,11,20.2324908773572,,0.0,0.0,0.0,0.0,43.78647858622627,optimal
2021-02-13 16:30:00,1,120,0.0,0.0,0.0,0.2542666666666667,12.306,6.0,11,20.203336412887467,,0.0,0.0,0.0,0.0,43.50781912396501,optimal
2021-02-13 17:00:00,1,120,0.0,0.0,0.0,0.4240333333333334,13.23,6.0,11,20.17393072353632,,0.0,0.0,0.0,0.0,43.229438321166,optimal
2021-02-13 17:30:00,1,120,0.0,0.0,0.0,0.6952,13.671,6.0,11,20.14447728622356,,0.0,0.0,0.0,0.0,42.9513358991698,optimal
2021-02-13 18:00:00,1,120,0.0,0.2322222222222222,0.0,0.4243,13.9335,6.0,11,20.118496050683174,,0.0,0.0,0.0,209.0,42.67351157959559,optimal
2021-02-13 18:30:00,1,120,0.0,0.0,0.0,0.6403333333333334,13.293,6.0,11,20.09090654450341,,0.0,0.0,0.0,0.0,42.39596508434096,optimal
2021-02-13 19:00:00,1,120,0.0,0.0,0.0,0.7409333333333333,12.1065,6.0,11,20.065102396063978,,0.0,0.0,0.0,0.0,42.11869613558158,optimal
2021-02-13 19:30:00,1,120,0.0,0.0,0.0,0.077,11.571,6.0,11,20.039872795566865,,0.0,0.0,0.0,0.0,41.84170445577096,optimal
2021-02-13 20:00:00,1,120,0.8983382878959094,0.0,0.0,0.2155999999999999,11.025,6.0,11,20.0,,3144.184007635683,0.0,0.0,0.0,41.56498976764015,optimal
2021-02-13 20:30:00,1,120,0.0,0.0,0.0,0.077,10.8465,6.0,11,20.0,,0.0,0.0,0.0,0.0,41.28855179419747,optimal
2021-02-13 21:00:00,1,120,0.0,2.322222222222221,0.0,1.272333333333333,11.2455,6.0,11,19.960007998470672,,0.0,0.0,0.0,2089.9999999999995,41.01239025872823,optimal
2021-02-13 21:30:00,1,120,0.0,0.0,0.0,0.5142333333333333,23.8665,6.0,11,19.92912097865801,,0.0,0.0,0.0,0.0,40.9713778684695,optimal
2021-02-13 22:00:00,1,120,0.0,1.935185185185185,0.0,0.8668333333333333,27.4575,6.0,11,19.90354431787746,,0.0,0.0,0.0,1741.6666666666667,40.93040649060104,optimal
2021-02-13 22:30:00,1,120,0.0,0.0,0.0,0.3429333333333333,27.3735,6.0,11,19.88477342867065,,0.0,0.0,0.0,0.0,40.889476084110434,optimal
2021-02-13 23:00:00,1,120,0.0,0.0,0.0,0.2155999999999999,30.4605,6.0,11,19.855932514917047,,0.0,0.0,0.0,0.0,40.84858660802632,optimal
2021-02-13 23:30:00,1,120,0.0,0.0,0.0,0.0986,30.0195,6.0,11,19.82098455949861,,0.0,0.0,0.0,0.0,40.807738021418295,optimal
2021-02-07 00:00:00,2,120,0.0,0.0,0.0,0.059,11.907,6.0,7,21.0,,0.0,0.0,0.0,0.0,47.952,optimal
2021-02-07 00:30:00,2,120,0.0,0.0,0.0,0.059,12.5685,6.0,7,20.967140217524545,,0.0,0.0,0.0,0.0,47.904048,optimal
2021-02-07 01:00:00,2,120,0.0,0.0,0.0,0.1536666666666666,13.146,6.0,7,20.93414732534732,,0.0,0.0,0.0,0.0,47.856143952,optimal
2021-02-07 01:30:00,2,120,0.0,0.0,0.0,0.059,10.584,6.0,7,20.90217484919241,,0.0,0.0,0.0,0.0,47.80828780804799,optimal
2021-02-07 02:00:00,2,120,0.0,0.0,0.0,0.0844,6.678,6.0,7,20.86901337051252,,0.0,0.0,0.0,0.0,47.76047952023995,optimal
2021-02-07 02:30:00,2,120,0.0,0.0,0.0,0.1571333333333333,7.938,6.0,7,20.83612793992364,,0.0,0.0,0.0,0.0,47.712719040719705,optimal
2021-02-07 03:00:00,2,120,0.0,0.0,1.3136934155392803,0.1444333333333333,5.292,6.0,7,20.803995512912884,,0.0,0.0,0.0,0.0,48.28901069406015,optimal
2021-02-07 03:30:00,2,120,0.0,0.0,0.0,0.0970999999999999,9.261,6.0,7,20.77157381841341,,0.0,0.0,0.0,0.0,48.24072168336608,optimal
2021-02-07 04:00:00,2,120,0.0,0.0,0.0,0.1297333333333333,10.3635,6.0,7,20.73854064290544,,0.0,0.0,0.0,0.0,48.19248096168271,optimal
2021-02-07 04:30:00,2,120,0.0,0.0,0.0,0.1618,8.274,6.0,7,20.70587138006873,,0.0,0.0,0.0,0.0,48.144288480721016,optimal
2021-02-07 05:00:00,2,120,0.0,2.2448148148148146,0.0,0.067,7.7175,6.0,7,20.67362504699018,,0.0,0.0,0.0,2020.3333333333333,48.096144192240295,optimal
2021-02-07 05:30:00,2,120,0.0,3.0188888888888883,0.0,0.1947333333333332,6.615,6.0,7,20.6435972947332,,0.0,0.0,0.0,2716.9999999999995,48.048048048048045,optimal
2021-02-07 06:00:00,2,120,0.0,1.2385185185185184,0.0,1.4767333333333332,6.174,6.0,7,20.61817430664157,,0.0,0.0,0.0,1114.6666666666663,48.0,optimal
2021-02-07 06:30:00,2,120,0.6234576607473354,0.6966666666666667,0.0,1.0986333333333334,3.906,6.0,7,20.60062668392514,,2182.101812615674,0.0,0.0,627.0,47.84660539618441,optimal
2021-02-07 07:00:00,2,120,1.1428571428571428,0.0,0.0,0.1113333333333333,2.3415,6.0,7,20.603709662405,,4000.0,0.0,0.0,0.0,47.69336418697264,optimal
2021-02-07 07:30:00,2,120,1.1428571428571428,0.0,0.0,0.1549333333333333,2.205,6.0,7,20.616422898053106,,4000.0,0.0,0.0,0.0,47.54027621897008,optimal
2021-02-07 08:00:00,2,120,1.1428571428571428,0.0,0.0,0.1115999999999999,0.882,6.0,7,20.62934469464797,,4000.0,0.0,0.0,0.0,47.38734133893552,optimal
2021-02-07 08:30:00,2,120,1.1428571428571428,0.0,0.0,0.1972666666666666,1.5435,6.0,7,20.641415586999653,,4000.0,0.0,0.0,0.0,47.234559393781,optimal
2021-02-07 09:00:00,2,120,1.1428571428571428,0.0,0.0,0.1115999999999999,1.5435,6.0,7,20.65440704064205,,4000.0,0.0,0.0,0.0,47.08193023057163,optimal
2021-02-07 09:30:00,2,120,0.0,0.0,0.0,0.1409666666666666,5.0715,6.0,7,20.66723172159228,,0.0,0.0,0.0,0.0,46.92945369652547,optimal
2021-02-07 10:00:00,2,120,0.0,0.0,0.0,0.1063666666666666,5.376,6.0,7,20.63175848684425,,0.0,0.0,0.0,0.0,46.77712963901335,optimal
2021-02-07 10:30:00,2,120,0.0,0.0,0.0,0.1855666666666666,5.0715,6.0,7,20.597261129317488,,0.0,0.0,0.0,0.0,46.62495790555875,optimal
2021-02-07 11:00:00,2,120,0.0,0.0,0.0,0.0901666666666666,5.5125,6.0,7,20.563598750268216,,0.0,0.0,0.0,0.0,46.472938343837605,optimal
2021-02-07 11:30:00,2,120,0.0,0.0,0.0,0.069,9.261,6.0,7,20.53029066880396,,0.0,0.0,0.0,0.0,46.321070801678175,optimal
2021-02-07 12:00:00,2,120,0.0,0.0,0.0,0.1352666666666666,11.7075,6.0,7,20.49679076310663,,0.0,0.0,0.0,0.0,46.1693551270609,optimal
2021-02-07 12:30:00,2,120,0.0,0.0,0.0,0.1736,12.348,6.0,7,20.465295544731607,,0.0,0.0,0.0,0.0,46.01779116811825,optimal
2021-02-07 13:00:00,2,120,0.0,0.1548148148148148,0.0,0.1603333333333333,12.348,6.0,7,20.434329757430643,,0.0,0.0,0.0,139.33333333333331,45.86637877313454,optimal
2021-02-07 13:30:00,2,120,0.0,0.1548148148148148,0.0,0.4796,12.1275,6.0,7,20.40357381468438,,0.0,0.0,0.0,139.33333333333331,45.71511779054582,optimal
2021-02-07 14:00:00,2,120,0.0,0.0,0.0,0.2502,12.5265,6.0,7,20.37731407770453,,0.0,0.0,0.0,0.0,45.564008068939685,optimal
2021-02-07 14:30:00,2,120,0.0,0.0,0.0,0.1305333333333333,11.7495,6.0,7,20.34831526311004,,0.0,0.0,0.0,0.0,45.41304945705516,optimal
2021-02-07 15:00:00,2,120,0.0,0.0,0.0,0.1783333333333333,13.23,6.0,7,20.316740162966973,,0.0,0.0,0.0,0.0,45.26224180378252,optimal
2021-02-07 15:30:00,2,120,0.0,0.0,0.0,0.069,14.3325,6.0,7,20.286910839155297,,0.0,0.0,0.0,0.0,45.11158495816314,optimal
2021-02-07 16:00:00,2,120,0.0,0.0,0.0,0.1258,14.994,6.0,7,20.2555113332309,,0.0,0.0,0.0,0.0,44.96107876938939,optimal
2021-02-07 16:30:00,2,120,0.0,0.0,0.0,0.1830666666666666,14.8155,6.0,7,20.222274360762665,,0.0,0.0,0.0,0.0,44.81072308680441,optimal
2021-02-07 17:00:00,2,120,0.0,0.0,0.0,0.1068666666666666,14.112,6.0,7,20.189900053013684,,0.0,0.0,0.0,0.0,44.660517759902014,optimal
2021-02-07 17:30:00,2,120,0.0,0.0,0.0,0.1258,14.007,6.0,7,20.154207960620848,,0.0,0.0,0.0,0.0,44.51046263832652,optimal
2021-02-07 18:00:00,2,120,0.0,0.6192592592592592,0.0,0.3992,13.23,6.0,7,20.11901553869612,,0.0,0.0,0.0,557.3333333333333,44.36055757187261,optimal
2021-02-07 18:30:00,2,120,0.0,0.3096296296296296,0.0,0.3276666666666666,11.382,6.0,7,20.089483541906457,,0.0,0.0,0.0,278.66666666666663,44.21080241048514,optimal
2021-02-07 19:00:00,2,120,0.0,2.631851851851852,0.0,0.4841,11.7495,6.0,7,20.062330063470657,,0.0,0.0,0.0,2368.6666666666665,44.06119700425907,optimal
2021-02-07 19:30:00,2,120,0.0,0.1548148148148148,0.0,0.6937666666666666,24.3285,6.0,7,20.040412426329286,,0.0,0.0,0.0,139.33333333333331,43.91174120343922,optimal
2021-02-07 20:00:00,2,120,0.0,0.0,0.0,0.3273999999999999,28.917,6.0,7,20.02115379137269,,0.0,0.0,0.0,0.0,43.76243485842019,optimal
2021-02-07 20:30:00,2,120,0.0,1.5883999999999998,0.0,0.2824333333333333,31.3635,6.0,7,20.0,,0.0,0.0,0.0,1429.56,43.71867242356177,optimal
2021-02-07 21:00:00,2,120,0.0,4.4493777777777765,0.0,0.175,33.306,6.0,7,19.979798078218103,,0.0,0.0,0.0,4004.44,43.67495375113821,optimal
2021-02-07 21:30:00,2,120,0.0,0.1548148148148148,0.0,0.3532333333333333,31.3425,6.0,7,19.956092680279102,,0.0,0.0,0.0,139.33333333333331,43.63127879738708,optimal
2021-02-07 22:00:00,2,120,0.0,0.0774074074074074,0.0,0.4863333333333333,28.2555,6.0,7,19.934978765204203,,0.0,0.0,0.0,69.66666666666666,43.58764751858969,optimal
2021-02-07 22:30:00,2,120,0.0,0.0,0.0,0.4487666666666666,15.6975,6.0,7,19.914864241971028,,0.0,0.0,0.0,0.0,43.5440598710711,optimal
2021-02-07 23:00:00,2,120,0.0,0.0,0.0,0.1963,12.5475,6.0,7,19.894141902462888,,0.0,0.0,0.0,0.0,43.500515811200025,optimal
2021-02-07 23:30:00,2,120,0.0,0.0,0.0,0.069,12.0855,6.0,7,19.865404868795896,,0.0,0.0,0.0,0.0,43.45701529538882,optimal
2021-02-08 00:00:00,2,120,1.1428571428571428,0.0,0.0,0.064,11.2455,6.0,2,19.865404868795896,,4000.0,0.0,0.0,0.0,43.41355828009343,optimal
2021-02-08 00:30:00,2,120,1.1428571428571428,0.0774074074074074,0.0,0.0633333333333333,11.025,6.0,2,19.880624333409905,,4000.0,0.0,0.0,69.66666666666666,43.37014472181334,optimal
2021-02-08 01:00:00,2,120,1.1428571428571428,0.0,0.0,0.0633333333333333,5.9745,6.0,2,19.896317161332085,,4000.0,0.0,0.0,0.0,43.32677457709153,optimal
2021-02-08 01:30:00,2,120,1.1428571428571428,0.0,0.0,0.064,7.938,6.0,2,19.91183674989876,,4000.0,0.0,0.0,0.0,43.28344780251444,optimal
2021-02-08 02:00:00,2,120,1.1428571428571428,0.0,0.0,0.064,8.6835,6.0,2,19.92686503224665,,4000.0,0.0,0.0,0.0,43.24016435471192,optimal
2021-02-08 02:30:00,2,120,1.1428571428571428,0.0,0.0,0.064,7.665,6.0,2,19.941764391937006,,4000.0,0.0,0.0,0.0,43.19692419035721,optimal
2021-02-08 03:00:00,2,120,1.1428571428571428,0.0,0.0,0.064,6.7725,6.0,2,19.95673334085326,,4000.0,0.0,0.0,0.0,43.15372726616685,optimal
2021-02-08 03:30:00,2,120,1.1428571428571428,0.0,0.0,0.064,5.5755,6.0,2,19.97177174103038,,4000.0,0.0,0.0,0.0,43.11057353890069,optimal
2021-02-08 04:00:00,2,120,1.1428571428571428,0.0,5.0,0.064,5.0925,6.0,2,19.98668119849076,,4000.0,0.0,0.0,0.0,45.44246296536178,optimal
2021-02-08 04:30:00,2,120,1.1428571428571428,0.0,5.0,0.064,4.1895,6.0,2,20.00146196887141,,4000.0,0.0,0.0,0.0,47.77202050239642,optimal
2021-02-08 05:00:00,2,120,1.1428571428571428,0.0,0.0,0.0663333333333333,7.056,6.0,2,20.01601517915952,,4000.0,0.0,0.0,0.0,47.72424848189402,optimal
2021-02-08 05:30:00,2,120,1.1428571428571428,0.0,1.2894451803116096,0.0716666666666666,5.271,6.0,2,20.03034128050725,,4000.0,0.0,0.0,0.0,48.28901069406015,optimal
2021-02-08 06:00:00,2,120,1.1428571428571428,0.0,0.0,0.064,7.938,6.0,2,20.04453985131544,,4000.0,0.0,0.0,0.0,48.24072168336608,optimal
2021-02-08 06:30:00,2,120,1.1428571428571428,0.0,0.0,0.064,7.938,6.0,2,20.05861114442139,,4000.0,0.0,0.0,0.0,48.19248096168271,optimal
2021-02-08 07:00:00,2,120,1.1428571428571428,0.2322222222222222,0.0,1.151,11.907,6.0,2,20.072555412161154,,4000.0,0.0,0.0,209.0,48.144288480721016,optimal
2021-02-08 07:30:00,2,120,1.1428571428571428,2.1674074074074072,0.0,0.2353333333333332,11.025,6.0,2,20.09178576511423,,4000.0,0.0,0.0,1950.6666666666667,48.096144192240295,optimal
2021-02-08 08:00:00,2,120,1.1428571428571428,0.3096296296296296,0.0,0.2519,11.2875,6.0,2,20.1120835898936,,4000.0,0.0,0.0,278.66666666666663,48.048048048048045,optimal
2021-02-08 08:30:00,2,120,1.1428571428571428,0.387037037037037,0.0,1.2426333333333337,12.936,6.0,2,20.13364906841871,,4000.0,0.0,0.0,348.3333333333333,48.0,optimal
2021-02-08 09:00:00,2,120,1.1428571428571428,0.2322222222222222,0.0,0.2104333333333333,13.0095,6.0,2,20.15357321599445,,4000.0,0.0,0.0,209.0,47.61770104093884,optimal
2021-02-08 09:30:00,2,120,0.0,0.2322222222222222,0.0,0.2280666666666666,13.671,6.0,2,20.174404415914537,,0.0,0.0,0.0,209.0,47.23578438083674,optimal
2021-02-08 10:00:00,2,120,0.3460808362638681,0.4644444444444444,0.0,0.235,13.188,6.0,2,20.14639401533887,,1211.2829269235383,0.0,0.0,418.0,46.85424963739474,optimal
2021-02-08 10:30:00,2,120,0.0,0.0,0.0,0.2557333333333333,13.8495,6.0,2,20.13611381939126,,0.0,0.0,0.0,0.0,46.4730964286962,optimal
2021-02-08 11:00:00,2,120,1.1428571428571428,0.3096296296296296,0.0,0.3297,13.23,6.0,2,20.1094773533106,,4000.0,0.0,0.0,278.66666666666663,46.09232437320634,optimal
2021-02-08 11:30:00,2,120,0.0,0.387037037037037,0.0,0.355,13.3665,6.0,2,20.134704067651267,,0.0,0.0,0.0,348.3333333333333,45.711933089771975,optimal
2021-02-08 12:00:00,2,120,1.1428571428571428,0.3096296296296296,0.0,0.4988,13.0515,6.0,2,20.111044687154266,,4000.0,0.0,0.0,278.66666666666663,45.33192219762105,optimal
2021-02-08 12:30:00,2,120,0.0,0.0774074074074074,0.0,1.6483,13.5345,6.0,2,20.137854898044296,,0.0,0.0,0.0,69.66666666666666,44.95229131636227,optimal
2021-02-08 13:00:00,2,120,0.0,0.387037037037037,0.0,0.256,14.154,6.0,2,20.11579188314663,,0.0,0.0,0.0,348.3333333333333,44.57304006598475,optimal
2021-02-08 13:30:00,2,120,0.0,0.4644444444444444,0.0,0.4503999999999999,14.112,6.0,2,20.09004013735884,,0.0,0.0,0.0,418.0,44.19416806685761,optimal
2021-02-08 14:00:00,2,120,0.0,0.0,0.0,0.2855,14.2485,6.0,2,20.06734938712936,,0.0,0.0,0.0,0.0,43.81567493972959,optimal
2021-02-08 14:30:00,2,120,1.1428571428571428,0.0,0.0,0.7186,12.789,6.0,2,20.043313362955647,,4000.0,0.0,0.0,0.0,43.4375603057287,optimal
2021-02-08 15:00:00,2,120,1.1428571428571428,0.0,0.0,0.184,13.0095,6.0,2,20.073593865703327,,4000.0,0.0,0.0,0.0,43.05982378636182,optimal
2021-02-08 15:30:00,2,120,1.1428571428571428,0.0,0.0,0.0970666666666666,12.1275,6.0,2,20.099190566556285,,4000.0,0.0,0.0,0.0,42.682465003514295,optimal
2021-02-08 16:00:00,2,120,1.1428571428571428,4.876666666666668,0.0,0.115,12.348,6.0,2,20.12432886300548,,4000.0,0.0,0.0,4389.000000000001,42.30548357944962,optimal
2021-02-08 16:30:00,2,120,1.1428571428571428,0.3096296296296296,0.0,0.2850333333333333,12.348,6.0,2,20.147945666852166,,4000.0,0.0,0.0,278.66666666666663,41.928879136809016,optimal
2021-02-08 17:00:00,2,120,0.0,0.4644444444444444,0.0,0.4151333333333333,25.389,6.0,2,20.174152178799208,,0.0,0.0,0.0,418.0,41.552651298611046,optimal
2021-02-08 17:30:00,2,120,0.0,0.387037037037037,0.0,0.6287333333333334,29.1375,6.0,2,20.150547795460326,,0.0,0.0,0.0,348.3333333333333,41.17679968825128,optimal
2021-02-08 18:00:00,2,120,0.0,0.3096296296296296,0.0,0.6859666666666667,30.597,6.0,2,20.130864014103,,0.0,0.0,0.0,278.66666666666663,40.80132392950187,optimal
2021-02-08 18:30:00,2,120,0.0,0.774074074074074,0.0,0.5413666666666667,33.684,6.0,2,20.108969416835546,,0.0,0.0,0.0,696.6666666666666,40.42622364651121,optimal
2021-02-08 19:00:00,2,120,0.0,0.0774074074074074,0.0,0.4563666666666667,32.445,6.0,2,20.083803862553665,,0.0,0.0,0.0,69.66666666666666,40.05149846380354,optimal
2021-02-08 19:30:00,2,120,0.0,0.0,0.0,0.4782,28.917,6.0,2,20.056727700546148,,0.0,0.0,0.0,0.0,39.67714800627858,optimal
2021-02-08 20:00:00,2,120,0.0,0.1548148148148148,0.0,0.4516666666666666,15.876,6.0,2,20.028760139720955,,0.0,0.0,0.0,139.33333333333331,39.30317189921114,optimal
2021-02-08 20:30:00,2,120,0.0,0.0,0.0,0.4311,12.348,6.0,2,20.0,,0.0,0.0,0.0,0.0,38.92956976825077,optimal
2021-02-08 21:00:00,2,120,0.0,0.1548148148148148,0.0,0.5305,12.1275,6.0,2,19.96981013694224,,0.0,0.0,0.0,139.33333333333331,38.55634123942136,optimal
2021-02-08 21:30:00,2,120,0.0,0.0,0.0,0.2888,12.348,6.0,2,19.940938066993656,,0.0,0.0,0.0,0.0,38.18348593912079,optimal
2021-02-08 22:00:00,2,120,0.0,0.0,0.0,0.2381,12.1275,6.0,2,19.909716548049047,,0.0,0.0,0.0,0.0,37.811003494120506,optimal
2021-02-08 22:30:00,2,120,0.0,0.0,0.0,0.1581333333333333,12.1275,6.0,2,19.87745699738916,,0.0,0.0,0.0,0.0,37.43889353156523,optimal
2021-02-08 23:00:00,2,120,0.0,0.0,0.0,0.152,11.2665,6.0,2,19.84380962899667,,0.0,0.0,0.0,0.0,37.067155678972505,optimal
2021-02-08 23:30:00,2,120,0.0,0.0,0.0,0.2873666666666666,10.143,6.0,2,19.80994832356996,,0.0,0.0,0.0,0.0,37.03008852329353,optimal
2021-02-09 00:00:00,2,120,1.1428571428571428,0.0,0.0,0.062,11.6865,6.0,3,19.80994832356996,,4000.0,0.0,0.0,0.0,36.99305843477024,optimal
2021-02-09 00:30:00,2,120,1.1428571428571428,1.7803703703703702,0.0,0.1119333333333333,11.466,6.0,3,19.82245549205258,,4000.0,0.0,0.0,1602.3333333333333,36.95606537633547,optimal
2021-02-09 01:00:00,2,120,1.1428571428571428,0.0,5.0,0.062,10.8045,6.0,3,19.83636405568633,,4000.0,0.0,0.0,0.0,39.29410931095913,optimal
2021-02-09 01:30:00,2,120,1.1428571428571428,0.0,5.0,0.062,10.584,6.0,3,19.84901710960564,,4000.0,0.0,0.0,0.0,41.62981520164817,optimal
2021-02-09 02:00:00,2,120,1.1428571428571428,0.0,0.0,0.062,11.2455,6.0,3,19.861446821764023,,4000.0,0.0,0.0,0.0,41.588185386446526,optimal
2021-02-09 02:30:00,2,120,1.1428571428571428,0.0,0.0,0.062,12.1275,6.0,3,19.87365363495057,,4000.0,0.0,0.0,0.0,41.54659720106008,optimal
2021-02-09 03:00:00,2,120,1.1428571428571428,0.0,0.0,0.062,11.823,6.0,3,19.885935375505703,,4000.0,0.0,0.0,0.0,41.50505060385902,optimal
2021-02-09 03:30:00,2,120,1.1428571428571428,0.0,0.0,0.062,11.7705,6.0,3,19.89829189488121,,4000.0,0.0,0.0,0.0,41.46354555325516,optimal
2021-02-09 04:00:00,2,120,1.1428571428571428,0.0,4.732221061105062,0.062,11.13,6.0,3,19.910822172966448,,4000.0,0.0,0.0,0.0,43.6698870117268,optimal
2021-02-09 04:30:00,2,120,1.1428571428571428,0.0,0.0,0.062,11.6865,6.0,3,19.92352586527384,,4000.0,0.0,0.0,0.0,43.62621712471508,optimal
2021-02-09 05:00:00,2,120,1.1428571428571428,0.0,5.0,0.062,10.7205,6.0,3,19.93600611542653,,4000.0,0.0,0.0,0.0,45.95759090759036,optimal
2021-02-09 05:30:00,2,120,1.1428571428571428,0.0,0.0,0.062,11.424,6.0,3,19.94826336641264,,4000.0,0.0,0.0,0.0,45.91163331668277,optimal
2021-02-09 06:00:00,2,120,1.1428571428571428,0.0,5.0,0.062,10.689,6.0,3,19.960496316628145,,4000.0,0.0,0.0,0.0,48.24072168336608,optimal
2021-02-09 06:30:00,2,120,1.1428571428571428,0.0,0.0,0.062,11.361,6.0,3,19.97270501425088,,4000.0,0.0,0.0,0.0,48.19248096168271,optimal
2021-02-09 07:00:00,2,120,1.1428571428571428,0.0,0.0,0.062,11.571,6.0,3,19.984790379220048,,4000.0,0.0,0.0,0.0,48.144288480721016,optimal
2021-02-09 07:30:00,2,120,1.1428571428571428,0.0,0.0,0.062,14.3745,6.0,3,19.9967526560504,,4000.0,0.0,0.0,0.0,48.096144192240295,optimal
2021-02-09 08:00:00,2,120,1.1428571428571428,3.1164222222222224,0.0,0.226,13.23,6.0,3,20.00849296062883,,4000.0,0.0,0.0,2804.78,48.048048048048045,optimal
2021-02-09 08:30:00,2,120,1.1428571428571428,5.088762962962962,0.0,0.3495,13.9755,6.0,3,20.02421446914844,,4000.0,0.0,0.0,4579.886666666665,48.0,optimal
2021-02-09 09:00:00,2,120,0.9686780057900044,0.3096296296296296,0.0,0.0978666666666666,14.994,6.0,3,20.04199519049485,,3390.373020265016,0.0,0.0,278.66666666666663,47.86908336930273,optimal
2021-02-09 09:30:00,2,120,1.1428571428571428,0.0,0.0,0.1326,13.671,6.0,3,20.05115700600569,,4000.0,0.0,0.0,0.0,47.73829765523616,optimal
2021-02-09 10:00:00,2,120,0.0,0.0,0.0,0.084,15.981,6.0,3,20.068981176377573,,0.0,0.0,0.0,0.0,47.60764272688365,optimal
2021-02-09 10:30:00,2,120,0.0,0.1548148148148148,0.0,2.0003333333333333,15.6345,6.0,3,20.03954755329192,,0.0,0.0,0.0,139.33333333333331,47.477118453459504,optimal
2021-02-09 11:00:00,2,120,0.0,0.4644444444444444,0.0,0.2359666666666666,16.5375,6.0,3,20.0245450757492,,0.0,0.0,0.0,418.0,47.34672470430878,optimal
2021-02-09 11:30:00,2,120,1.1428571428571428,0.0,0.0,0.2098,14.7735,6.0,3,20.0,,4000.0,0.0,0.0,0.0,47.2164613489072,optimal
2021-02-09 12:00:00,2,120,0.0,0.0,0.0,0.2873,15.2145,6.0,3,20.02428961169741,,0.0,0.0,0.0,0.0,47.086328256861016,optimal
2021-02-09 12:30:00,2,120,1.1428571428571428,0.0,0.0,0.2177333333333332,14.553,6.0,3,20.0016391585108,,4000.0,0.0,0.0,0.0,46.956325297906886,optimal
2021-02-09 13:00:00,2,120,1.1428571428571428,0.0,0.0,0.072,14.3325,6.0,3,20.026710628296502,,4000.0,0.0,0.0,0.0,46.82645234191171,optimal
2021-02-09 13:30:00,2,120,1.1428571428571428,0.0,0.0,0.072,14.595,6.0,3,20.048519481583043,,4000.0,0.0,0.0,0.0,46.69670925887253,optimal
2021-02-09 14:00:00,2,120,0.8560755708562694,0.0,0.0,0.072,14.994,6.0,3,20.07018596930393,,2996.264497996943,0.0,0.0,0.0,46.56709591891639,optimal
2021-02-09 14:30:00,2,120,1.1428571428571428,0.0,0.0,0.072,14.3325,6.0,3,20.07893318609993,,4000.0,0.0,0.0,0.0,46.4376121923002,optimal
2021-02-09 15:00:00,2,120,1.1428571428571428,0.0,0.0,0.072,13.8915,6.0,3,20.099791783242733,,4000.0,0.0,0.0,0.0,46.30825794941063,optimal
2021-02-09 15:30:00,2,120,1.1428571428571428,0.0,0.0,0.072,13.8915,6.0,3,20.118344863872384,,4000.0,0.0,0.0,0.0,46.17903306076395,optimal
2021-02-09 16:00:00,2,120,1.1428571428571428,0.0,0.0,0.072,13.4715,6.0,3,20.136861161853417,,4000.0,0.0,0.0,0.0,46.04993739700591,optimal
2021-02-09 16:30:00,2,120,1.1428571428571428,0.0774074074074074,0.0,0.2528666666666667,13.23,6.0,3,20.152367866380136,,4000.0,0.0,0.0,69.66666666666666,45.92097082891164,optimal
2021-02-09 17:00:00,2,120,1.1428571428571428,0.0,0.0,0.3384666666666666,13.8915,6.0,3,20.171822491019505,,4000.0,0.0,0.0,0.0,45.792133227385456,optimal
2021-02-09 17:30:00,2,120,0.0,0.2322222222222222,0.0,0.2446666666666666,26.9325,6.0,3,20.19037085294845,,0.0,0.0,0.0,209.0,45.6634244634608,optimal
2021-02-09 18:00:00,2,120,0.0,0.0,0.0,0.072,30.303,6.0,3,20.15859932365644,,0.0,0.0,0.0,0.0,45.53484440830007,optimal
2021-02-09 18:30:00,2,120,0.0,0.0,0.0,0.4021333333333333,32.886,6.0,3,20.12063054446484,,0.0,0.0,0.0,0.0,45.406392933194496,optimal
2021-02-09 19:00:00,2,120,0.0,0.1548148148148148,0.0,0.3191333333333333,34.9965,6.0,3,20.08823416519281,,0.0,0.0,0.0,139.33333333333331,45.27806990956403,optimal
2021-02-09 19:30:00,2,120,0.0,0.1548148148148148,0.0,0.3418,33.327,6.0,3,20.058737702289694,,0.0,0.0,0.0,139.33333333333331,45.1498752089572,optimal
2021-02-09 20:00:00,2,120,0.0,0.0,0.0,0.4417,31.122,6.0,3,20.029142159672706,,0.0,0.0,0.0,0.0,45.02180870305097,optimal
2021-02-09 20:30:00,2,120,0.0,0.0,0.0,1.6228333333333331,17.9025,6.0,3,20.0,,0.0,0.0,0.0,0.0,44.893870263650655,optimal
2021-02-09 21:00:00,2,120,0.0,0.0,0.0,0.2546,15.6555,6.0,3,19.984693350435617,,0.0,0.0,0.0,0.0,44.766059762689736,optimal
2021-02-09 21:30:00,2,120,0.0,0.0774074074074074,0.0,0.4661333333333333,14.553,6.0,3,19.953163274759792,,0.0,0.0,0.0,69.66666666666666,44.63837707222978,optimal
2021-02-09 22:00:00,2,120,0.0,0.0,0.0,0.4972666666666666,14.3325,6.0,3,19.923374662076945,,0.0,0.0,0.0,0.0,44.51082206446028,optimal
2021-02-09 22:30:00,2,120,0.0,0.0,0.0,0.3763999999999999,13.335,6.0,3,19.89336107825484,,0.0,0.0,0.0,0.0,44.38339461169855,optimal
2021-02-09 23:00:00,2,120,0.0,0.0,0.0,0.1857666666666667,12.1275,6.0,3,19.86495217053377,,0.0,0.0,0.0,0.0,44.33901121708685,optimal
2021-02-09 23:30:00,2,120,0.0,0.0,0.0,0.0696666666666666,12.2955,6.0,3,19.83234108922796,,0.0,0.0,0.0,0.0,44.29467220586976,optimal
2021-02-10 00:00:00,2,120,1.1428571428571428,0.0,0.0,0.065,11.907,6.0,2,19.83234108922796,,4000.0,0.0,0.0,0.0,44.25037753366389,optimal
2021-02-10 00:30:00,2,120,1.1428571428571428,0.0,0.0,0.0813,11.7075,6.0,2,19.84544894041887,,4000.0,0.0,0.0,0.0,44.20612715613022,optimal
2021-02-10 01:00:00,2,120,1.1428571428571428,0.0,0.0,0.2601,10.8045,6.0,2,19.858531120379325,,4000.0,0.0,0.0,0.0,44.16192102897409,optimal
2021-02-10 01:30:00,2,120,1.1428571428571428,0.0,0.0,0.1924666666666666,11.508,6.0,2,19.873567310778945,,4000.0,0.0,0.0,0.0,44.11775910794512,optimal
2021-02-10 02:00:00,2,120,1.1428571428571428,0.0,0.0,0.0987333333333333,11.508,6.0,2,19.887551502219345,,4000.0,0.0,0.0,0.0,44.07364134883717,optimal
2021-02-10 02:30:00,2,120,1.1428571428571428,0.0,0.0,0.1862333333333332,11.508,6.0,2,19.900167821196305,,4000.0,0.0,0.0,0.0,44.02956770748833,optimal
2021-02-10 03:00:00,2,120,1.1428571428571428,0.0,0.0,0.2611666666666666,11.844,6.0,2,19.913825082560383,,4000.0,0.0,0.0,0.0,43.98553813978084,optimal
2021-02-10 03:30:00,2,120,1.1428571428571428,0.0,0.0,0.0834,11.508,6.0,2,19.9283681311313,,4000.0,0.0,0.0,0.0,43.94155260164106,optimal
2021-02-10 04:00:00,2,120,1.1428571428571428,0.0,0.0,0.3072,11.508,6.0,2,19.94071673264613,,4000.0,0.0,0.0,0.0,43.89761104903943,optimal
2021-02-10 04:30:00,2,120,1.1428571428571428,0.0,5.0,0.1217999999999999,10.4475,6.0,2,19.95576726069697,,4000.0,0.0,0.0,0.0,46.22871343799039,optimal
2021-02-10 05:00:00,2,120,1.1428571428571428,0.3096296296296296,0.0,0.2022666666666666,10.8675,6.0,2,19.96833108740897,,4000.0,0.0,0.0,278.66666666666663,46.1824847245524,optimal
2021-02-10 05:30:00,2,120,1.1428571428571428,0.0774074074074074,4.328797309168148,0.2747,10.542,6.0,2,19.983223950165176,,4000.0,0.0,0.0,69.66666666666666,48.19248096168271,optimal
2021-02-10 06:00:00,2,120,1.1428571428571428,4.025185185185184,0.0,1.1241666666666668,11.025,6.0,2,20.00008834962968,,4000.0,0.0,0.0,3622.666666666666,48.144288480721016,optimal
2021-02-10 06:30:00,2,120,1.1428571428571428,0.4644444444444444,0.0,0.7333666666666667,11.025,6.0,2,20.02244765276569,,4000.0,0.0,0.0,418.0,48.096144192240295,optimal
2021-02-10 07:00:00,2,120,1.1428571428571428,0.3096296296296296,0.0,0.2628666666666667,14.553,6.0,2,20.04721178336852,,4000.0,0.0,0.0,278.66666666666663,48.048048048048045,optimal
2021-02-10 07:30:00,2,120,1.1428571428571428,0.6966666666666667,0.0,0.4086,13.0935,6.0,2,20.073169596874337,,4000.0,0.0,0.0,627.0,48.0,optimal
2021-02-10 08:00:00,2,120,1.1428571428571428,2.1674074074074072,0.0,0.1817,15.6345,6.0,2,20.10227092484932,,4000.0,0.0,0.0,1950.6666666666667,47.859317004544906,optimal
2021-02-10 08:30:00,2,120,0.0,0.5418518518518518,0.0,0.2148333333333333,18.102,6.0,2,20.12720831219094,,0.0,0.0,0.0,487.6666666666667,47.71877469208527,optimal
2021-02-10 09:00:00,2,120,0.0,0.9288888888888888,0.0,1.2749333333333337,17.199,6.0,2,20.09962708764431,,0.0,0.0,0.0,836.0,47.57837292193809,optimal
2021-02-10 09:30:00,2,120,0.0,0.0774074074074074,0.0,3.1507,18.2805,6.0,2,20.083037866678293,,0.0,0.0,0.0,69.66666666666666,47.43811155356106,optimal
2021-02-10 10:00:00,2,120,0.0,0.2322222222222222,0.0,2.5940666666666665,17.4615,6.0,2,20.06656528609942,,0.0,0.0,0.0,209.0,47.2979904465524,optimal
2021-02-10 10:30:00,2,120,0.0,0.0,0.0,0.1914,18.3225,6.0,2,20.05021403498964,,0.0,0.0,0.0,0.0,47.15800946065076,optimal
2021-02-10 11:00:00,2,120,1.0537831679572458,0.0,0.0,0.2917333333333333,17.094,6.0,2,20.026748036960324,,3688.24108785036,0.0,0.0,0.0,47.018168455735015,optimal
2021-02-10 11:30:00,2,120,1.1428571428571428,2.5544444444444445,0.0,0.3288999999999999,17.094,6.0,2,20.05128150797797,,4000.0,0.0,0.0,2299.0,46.87846729182419,optimal
2021-02-10 12:00:00,2,120,1.1428571428571428,0.0,0.0,0.2289,17.094,6.0,2,20.079376776003656,,4000.0,0.0,0.0,0.0,46.73890582907727,optimal
2021-02-10 12:30:00,2,120,0.0,5.573333333333333,0.0,0.3273666666666667,17.3565,6.0,2,20.107488455418444,,0.0,0.0,0.0,5016.0,46.599483927793095,optimal
2021-02-10 13:00:00,2,120,1.1428571428571428,0.0,0.0,0.1226666666666666,17.115,6.0,2,20.08838005377054,,4000.0,0.0,0.0,0.0,46.46020144841021,optimal
2021-02-10 13:30:00,2,120,1.1428571428571428,0.0,0.0,0.2278333333333332,17.241,6.0,2,20.109415815693893,,4000.0,0.0,0.0,0.0,46.32105825150671,optimal
2021-02-10 14:00:00,2,120,1.1428571428571428,0.0,0.0,0.2273,17.094,6.0,2,20.132087561898803,,4000.0,0.0,0.0,0.0,46.182054197800106,optimal
2021-02-10 14:30:00,2,120,1.1428571428571428,0.0,0.0,0.0995333333333333,16.5165,6.0,2,20.154748921774825,,4000.0,0.0,0.0,0.0,46.04318914814721,optimal
2021-02-10 15:00:00,2,120,0.0,0.0,0.0,0.2116666666666666,17.8185,6.0,2,20.175808856693745,,0.0,0.0,0.0,0.0,45.90446296354397,optimal
2021-02-10 15:30:00,2,120,1.1428571428571428,0.0,0.0,0.2312,17.094,6.0,2,20.14752487558901,,4000.0,0.0,0.0,0.0,45.76587550512534,optimal
2021-02-10 16:00:00,2,120,1.1428571428571428,0.0,0.0,0.4170666666666666,16.8945,6.0,2,20.16786779137159,,4000.0,0.0,0.0,0.0,45.62742663416512,optimal
2021-02-10 16:30:00,2,120,0.0,0.0,0.0,0.3310333333333333,18.123,6.0,2,20.192394295765965,,0.0,0.0,0.0,0.0,45.48911621207586,optimal
2021-02-10 17:00:00,2,120,0.0,0.0774074074074074,0.0,0.4306,31.647,6.0,2,20.166075683998464,,0.0,0.0,0.0,69.66666666666666,45.3509441004087,optimal
2021-02-10 17:30:00,2,120,0.0,0.2322222222222222,0.0,0.3352333333333332,34.9965,6.0,2,20.138257976726265,,0.0,0.0,0.0,209.0,45.2129101608532,optimal
2021-02-10 18:00:00,2,120,0.0,0.3096296296296296,0.0,0.5806666666666667,34.9965,6.0,2,20.110767943302424,,0.0,0.0,0.0,278.66666666666663,45.07501425523725,optimal
2021-02-10 18:30:00,2,120,0.0,0.5418518518518518,0.0,0.3621999999999999,34.9965,6.0,2,20.086971728325924,,0.0,0.0,0.0,487.6666666666667,44.93725624552692,optimal
2021-02-10 19:00:00,2,120,0.0,0.0,0.0,0.5483333333333333,34.9965,6.0,2,20.06044434982864,,0.0,0.0,0.0,0.0,44.7996359938263,optimal
2021-02-10 19:30:00,2,120,0.0,0.0,0.0,0.4748,34.9965,6.0,2,20.03407803178121,,0.0,0.0,0.0,0.0,44.75483635783248,optimal
2021-02-10 20:00:00,2,120,0.0,0.0,0.0,2.104,27.741,6.0,2,20.00890987604376,,0.0,0.0,0.0,0.0,44.71008152147464,optimal
2021-02-10 20:30:00,2,120,0.0,0.1548148148148148,0.0,1.050266666666667,19.026,6.0,2,20.0,,0.0,0.0,0.0,139.33333333333331,44.66537143995317,optimal
2021-02-10 21:00:00,2,120,0.0,0.0,0.0,0.3261333333333333,18.7215,6.0,2,19.98390464857167,,0.0,0.0,0.0,0.0,44.620706068513215,optimal
2021-02-10 21:30:00,2,120,0.0,0.0,0.0,2.3815,17.4195,6.0,2,19.95987301626059,,0.0,0.0,0.0,0.0,44.5760853624447,optimal
2021-02-10 22:00:00,2,120,0.0,0.0,0.0,0.6096,16.758,6.0,2,19.948816841581465,,0.0,0.0,0.0,0.0,44.53150927708226,optimal
2021-02-10 22:30:00,2,120,0.0,0.0,0.0,0.2927666666666667,14.217,6.0,2,19.921664282558645,,0.0,0.0,0.0,0.0,44.48697776780517,optimal
2021-02-10 23:00:00,2,120,0.0,0.0774074074074074,0.0,0.4630333333333333,13.3665,6.0,2,19.893391926467068,,0.0,0.0,0.0,69.66666666666666,44.44249079003737,optimal
2021-02-10 23:30:00,2,120,0.0,0.0,0.0,0.0774,12.789,6.0,2,19.866149578054923,,0.0,0.0,0.0,0.0,44.39804829924733,optimal
2021-02-11 00:00:00,2,120,0.0,0.1548148148148148,0.0,0.2684333333333333,29.106,6.0,-17,19.866149578054923,,0.0,0.0,0.0,139.33333333333331,44.35365025094808,optimal
2021-02-11 00:30:00,2,120,1.1428571428571428,0.0,0.0,0.088,19.1835,6.0,-17,19.826379495562776,,4000.0,0.0,0.0,0.0,44.30929660069713,optimal
2021-02-11 01:00:00,2,120,1.1428571428571428,0.0,0.0,0.047,19.6665,6.0,-17,19.834191366961665,,4000.0,0.0,0.0,0.0,44.26498730409644,optimal
2021-02-11 01:30:00,2,120,1.1428571428571428,0.0,0.0,0.047,19.404,6.0,-17,19.8393576731008,,4000.0,0.0,0.0,0.0,44.22072231679234,optimal
2021-02-11 02:00:00,2,120,1.1428571428571428,0.0,0.0,0.047,19.047,6.0,-17,19.84451373671325,,4000.0,0.0,0.0,0.0,44.176501594475546,optimal
2021-02-11 02:30:00,2,120,1.1428571428571428,0.0,0.0,0.047,18.858,6.0,-17,19.849659578105467,,4000.0,0.0,0.0,0.0,44.13232509288107,optimal
2021-02-11 03:00:00,2,120,1.1428571428571428,0.0,0.0,0.047,19.2675,6.0,-17,19.85459696125752,,4000.0,0.0,0.0,0.0,44.088192767788186,optimal
2021-02-11 03:30:00,2,120,1.1428571428571428,0.0,0.0,0.047,18.963,6.0,-17,19.85932629945096,,4000.0,0.0,0.0,0.0,44.0441045750204,optimal
2021-02-11 04:00:00,2,120,1.1428571428571428,0.0,0.0,0.047,18.438,6.0,-17,19.86454190214948,,4000.0,0.0,0.0,0.0,44.000060470445376,optimal
2021-02-11 04:30:00,2,120,1.1428571428571428,0.2322222222222222,0.0,0.0591,18.7425,6.0,-17,19.87024280530313,,4000.0,0.0,0.0,209.0,43.95606040997493,optimal
2021-02-11 05:00:00,2,120,1.1428571428571428,0.2322222222222222,5.0,0.078,15.2145,6.0,-17,19.87633564161881,,4000.0,0.0,0.0,209.0,46.28710434956496,optimal
2021-02-11 05:30:00,2,120,1.1428571428571428,0.0,0.0,0.047,17.7765,6.0,-17,19.8829849078542,,4000.0,0.0,0.0,0.0,46.24081724521539,optimal
2021-02-11 06:00:00,2,120,1.1428571428571428,0.0,0.0,0.047,16.758,6.0,-17,19.889144887305022,,4000.0,0.0,0.0,0.0,46.194576427970176,optimal
2021-02-11 06:30:00,2,120,1.1428571428571428,0.0,4.20190869300804,0.047,16.422,6.0,-17,19.89578829492471,,4000.0,0.0,0.0,0.0,48.144288480721016,optimal
2021-02-11 07:00:00,2,120,1.1428571428571428,0.0,0.0,0.0798,16.758,6.0,-17,19.90291417228651,,4000.0,0.0,0.0,0.0,48.096144192240295,optimal
2021-02-11 07:30:00,2,120,0.0,11.482041787558268,0.0,0.1004666666666666,29.358,6.0,-17,19.911558280272672,,0.0,10333.837608802442,0.0,0.0,48.048048048048045,optimal
2021-02-11 08:00:00,2,120,0.0,3.5583420036345563,0.0,0.0703333333333333,34.9965,6.0,-17,20.0,,0.0,2993.507803271101,0.0,209.0,48.0,optimal
2021-02-11 08:30:00,2,120,0.0,3.6820580434436,0.0,0.2476666666666666,34.65,6.0,-17,20.0,,0.0,3104.85223909924,0.0,209.0,47.70243270533794,optimal
2021-02-11 09:00:00,2,120,0.0,3.822086211199959,0.0,0.046,34.9965,6.0,-17,20.0,,0.0,3161.2109234132968,0.0,278.66666666666663,47.40516297797055,optimal
2021-02-11 09:30:00,2,120,0.0,3.42549125478101,0.0,0.6987666666666666,34.9965,6.0,-17,20.0,,0.0,2734.608795969576,0.0,348.3333333333333,47.10819052033052,optimal
2021-02-11 10:00:00,2,120,0.0,1.6226174813379275,0.0,2.8676666666666666,30.4815,6.0,-17,20.0,,0.0,1390.689066537468,0.0,69.66666666666666,46.811515035148126,optimal
2021-02-11 10:30:00,2,120,0.6869276599572549,0.0,0.0,1.8309333333333329,21.4305,6.0,-17,20.0,,2404.2468098503923,0.0,0.0,0.0,46.51513622545093,optimal
2021-02-11 11:00:00,2,120,0.7502595224458525,0.0,0.0,0.057,14.3325,6.0,-17,20.0,,2625.908328560484,0.0,0.0,0.0,46.219053794563415,optimal
2021-02-11 11:30:00,2,120,1.1428571428571428,0.0,0.0,0.057,13.692,6.0,-17,20.0,,4000.0,0.0,0.0,0.0,45.92326744610679,optimal
2021-02-11 12:00:00,2,120,0.2031134973405073,0.0,0.0,0.057,14.007,6.0,-17,20.01822657851629,,710.8972406917757,0.0,0.0,0.0,45.62777688399863,optimal
2021-02-11 12:30:00,2,120,0.5995133641769932,0.0,0.0,0.057,12.873,6.0,-17,20.0,,2098.296774619476,0.0,0.0,0.0,45.332581812452574,optimal
2021-02-11 13:00:00,2,120,0.5980889226695882,0.0,0.0,0.057,12.684,6.0,-17,20.0,,2093.311229343559,0.0,0.0,0.0,45.037681935978064,optimal
2021-02-11 13:30:00,2,120,0.5934391888610151,0.0,0.0,0.057,12.306,6.0,-17,20.0,,2077.0371610135526,0.0,0.0,0.0,44.743076959380026,optimal
2021-02-11 14:00:00,2,120,1.1428571428571428,0.0,0.0,0.057,10.6365,6.0,-17,20.0,,4000.0,0.0,0.0,0.0,44.44876658775859,optimal
2021-02-11 14:30:00,2,120,0.4309280461348393,0.0,0.0,0.057,11.2455,6.0,-17,20.0238829612369,,1508.2481614719377,0.0,0.0,0.0,44.15475052650878,optimal
2021-02-11 15:00:00,2,120,1.1428571428571428,0.0,0.0,0.057,11.2455,6.0,-17,20.01666929986068,,4000.0,0.0,0.0,0.0,43.86102848132021,optimal
2021-02-11 15:30:00,2,120,1.1428571428571428,0.0,0.0,0.057,11.025,6.0,-17,20.036901756362592,,4000.0,0.0,0.0,0.0,43.56760015817683,optimal
2021-02-11 16:00:00,2,120,0.0,0.1548148148148148,0.0,0.0593,12.0855,6.0,-17,20.05481415345709,,0.0,0.0,0.0,139.33333333333331,43.2744652633566,optimal
2021-02-11 16:30:00,2,120,0.0,0.0774074074074074,0.0,0.056,11.6865,6.0,-17,20.02539381494442,,0.0,0.0,0.0,69.66666666666666,42.98162350343118,optimal
2021-02-11 17:00:00,2,120,0.6798905576318105,6.192592592592592,0.0,0.0806666666666666,11.2245,6.0,-17,20.0,,2379.6169517113367,0.0,0.0,5573.333333333333,42.68907458526569,optimal
2021-02-11 17:30:00,2,120,0.6217476931035717,1.7803703703703702,0.0,0.2260666666666666,11.025,6.0,-17,20.0,,2176.116925862501,0.0,0.0,1602.3333333333333,42.39681821601837,optimal
2021-02-11 18:00:00,2,120,1.1428571428571428,0.2322222222222222,0.0,0.2268666666666666,10.7835,6.0,-17,20.0,,4000.0,0.0,0.0,209.0,42.10485410314029,optimal
2021-02-11 18:30:00,2,120,0.3899162338791863,0.0,0.0,0.1889333333333333,11.025,6.0,-17,20.017286761417303,,1364.706818577152,0.0,0.0,0.0,41.813181954375096,optimal
2021-02-11 19:00:00,2,120,1.1428571428571428,0.0,0.0,0.186,10.584,6.0,-17,20.0,,4000.0,0.0,0.0,0.0,41.521801477758665,optimal
2021-02-11 19:30:00,2,120,0.6211808430812047,0.0,0.0,0.1554333333333333,11.025,6.0,-17,20.01223686549976,,2174.1329507842165,0.0,0.0,0.0,41.23071238161885,optimal
2021-02-11 20:00:00,2,120,0.991840831645204,0.0,0.0,0.2586666666666667,10.4265,6.0,-17,20.0,,3471.442910758214,0.0,0.0,0.0,40.93991437457517,optimal
2021-02-11 20:30:00,2,120,0.0,0.0,0.0,0.057,12.789,6.0,-17,20.0,,0.0,0.0,0.0,0.0,40.64940716553854,optimal
2021-02-11 21:00:00,2,120,0.0,0.0,0.0,0.057,12.684,6.0,-17,19.94768533696369,,0.0,0.0,0.0,0.0,40.35919046371095,optimal
2021-02-11 21:30:00,2,120,0.0,0.0,0.0,0.0603333333333333,16.254,6.0,-17,19.89567264732156,,0.0,0.0,0.0,0.0,40.06926397858518,optimal
2021-02-11 22:00:00,2,120,0.0,0.3096296296296296,0.0,0.0741,17.64,6.0,-17,19.8454762291579,,0.0,0.0,0.0,278.66666666666663,39.77962741994453,optimal
2021-02-11 22:30:00,2,120,0.0,0.0,0.0,1.091,19.1625,6.0,-17,19.798936482287186,,0.0,0.0,0.0,0.0,39.49028049786253,optimal
2021-02-11 23:00:00,2,120,0.0,2.0899999999999994,0.0,0.1556,26.46,6.0,-17,19.75435885813641,,0.0,0.0,0.0,1881.0,39.45079021736466,optimal
2021-02-11 23:30:00,2,120,0.0,0.0,0.0,0.1078666666666666,20.79,6.0,-17,19.709612835624185,,0.0,0.0,0.0,0.0,39.4113394271473,optimal
2021-02-12 00:00:00,2,120,1.1428571428571428,0.0,5.0,0.109,8.1585,6.0,1,19.709612835624185,,4000.0,0.0,0.0,0.0,41.74692808772015,optimal
2021-02-12 00:30:00,2,120,1.1428571428571428,0.0,0.0,0.274,10.3635,6.0,1,19.71008433882115,,4000.0,0.0,0.0,0.0,41.70518115963243,optimal
2021-02-12 01:00:00,2,120,1.1428571428571428,0.0,0.0,0.1614,10.8045,6.0,1,19.711521373129592,,4000.0,0.0,0.0,0.0,41.6634759784728,optimal
2021-02-12 01:30:00,2,120,1.1428571428571428,0.0,0.0,0.0711333333333333,11.025,6.0,1,19.711583826579545,,4000.0,0.0,0.0,0.0,41.62181250249432,optimal
2021-02-12 02:00:00,2,120,1.1428571428571428,0.0,0.0,0.3514666666666666,10.3635,6.0,1,19.710744752982222,,4000.0,0.0,0.0,0.0,41.58019068999183,optimal
2021-02-12 02:30:00,2,120,1.1428571428571428,0.0,0.0,0.0708,10.8045,6.0,1,19.71352071607253,,4000.0,0.0,0.0,0.0,41.53861049930184,optimal
2021-02-12 03:00:00,2,120,1.1428571428571428,0.0,5.0,0.2080333333333333,10.059,6.0,1,19.7134667668335,,4000.0,0.0,0.0,0.0,43.87207188880254,optimal
2021-02-12 03:30:00,2,120,1.1428571428571428,0.0,0.0,0.2273666666666666,10.584,6.0,1,19.71567951697983,,4000.0,0.0,0.0,0.0,43.82819981691374,optimal
2021-02-12 04:00:00,2,120,1.1428571428571428,0.0,5.0,0.0842666666666666,9.4185,6.0,1,19.719511199515285,,4000.0,0.0,0.0,0.0,46.15937161709682,optimal
2021-02-12 04:30:00,2,120,1.1428571428571428,0.0,0.085457164916773,0.3319333333333333,10.3635,6.0,1,19.72297978618605,,4000.0,0.0,0.0,0.0,46.15380439881519,optimal
2021-02-12 05:00:00,2,120,1.1428571428571428,0.0,5.0,0.0772,9.8385,6.0,1,19.7308464505085,,4000.0,0.0,0.0,0.0,48.48265059441637,optimal
2021-02-12 05:30:00,2,120,1.1428571428571428,0.0,0.0,0.1696,11.067,6.0,1,19.736982063778704,,4000.0,0.0,0.0,0.0,48.434167943821954,optimal
2021-02-12 06:00:00,2,120,1.1428571428571428,0.0,0.0,0.1762,10.8465,6.0,1,19.7458172116134,,4000.0,0.0,0.0,0.0,48.38573377587813,optimal
2021-02-12 06:30:00,2,120,1.1428571428571428,0.0,0.0,0.1505999999999999,13.671,6.0,1,19.75630129696652,,4000.0,0.0,0.0,0.0,48.33734804210225,optimal
2021-02-12 07:00:00,2,120,1.1428571428571428,0.0,0.0,0.2105333333333333,12.348,6.0,1,19.76661443823115,,4000.0,0.0,0.0,0.0,48.28901069406015,optimal
2021-02-12 07:30:00,2,120,1.1428571428571428,18.865454212840955,0.0,0.5079333333333332,14.3325,6.0,1,19.77861112695423,,4000.0,16978.90879155686,0.0,0.0,48.24072168336608,optimal
2021-02-12 08:00:00,2,120,1.1428571428571428,2.631851851851852,0.0,1.0324666666666666,15.393,6.0,1,20.0,,4000.0,0.0,0.0,2368.6666666666665,48.19248096168271,optimal
2021-02-12 08:30:00,2,120,1.1428571428571428,0.0,0.0,1.9929,13.587,6.0,1,20.012259701638165,,4000.0,0.0,0.0,0.0,48.144288480721016,optimal
2021-02-12 09:00:00,2,120,0.2011515967341411,2.8640740740740736,0.0,0.5415,16.1385,6.0,1,20.02437622067709,,704.0305885694942,0.0,0.0,2577.666666666666,48.096144192240295,optimal
2021-02-12 09:30:00,2,120,1.1114636877325776,0.387037037037037,0.0,0.1409666666666666,14.595,6.0,1,20.0,,3890.1229070640215,0.0,0.0,348.3333333333333,48.048048048048045,optimal
2021-02-12 10:00:00,2,120,0.0,0.0,0.0,0.6585666666666667,14.637,6.0,1,20.018524739450022,,0.0,0.0,0.0,0.0,48.0,optimal
2021-02-12 10:30:00,2,120,0.4058241022367665,0.3096296296296296,0.0,1.6111333333333335,13.9125,6.0,1,20.0,,1420.3843578286828,0.0,0.0,278.66666666666663,47.51940145722172,optimal
2021-02-12 11:00:00,2,120,0.8606730815702066,0.0,0.0,1.1314000000000002,13.3665,6.0,1,20.0,,3012.355785495723,0.0,0.0,0.0,47.039283512986216,optimal
2021-02-12 11:30:00,2,120,1.1428571428571428,0.6192592592592592,0.0,1.4183666666666666,13.0095,6.0,1,20.01892013009392,,4000.0,0.0,0.0,557.3333333333333,46.55964568669495,optimal
2021-02-12 12:00:00,2,120,0.0,0.6192592592592592,0.0,0.4776,13.8915,6.0,1,20.05063755397736,,0.0,0.0,0.0,557.3333333333333,46.08048749822998,optimal
2021-02-12 12:30:00,2,120,1.1428571428571428,0.0,0.0,0.7156333333333333,13.188,6.0,1,20.03237958768002,,4000.0,0.0,0.0,0.0,45.60180846795347,optimal
2021-02-12 13:00:00,2,120,1.1428571428571428,0.0,0.0,0.3691666666666667,12.5685,6.0,1,20.06409531932164,,4000.0,0.0,0.0,0.0,45.12360811670723,optimal
2021-02-12 13:30:00,2,120,1.1428571428571428,0.0,0.0,0.2236,12.285,6.0,1,20.09149692441936,,4000.0,0.0,0.0,0.0,44.64588596581225,optimal
2021-02-12 14:00:00,2,120,1.1428571428571428,0.0,0.0,0.2232666666666666,11.487,6.0,1,20.11465947904352,,4000.0,0.0,0.0,0.0,44.16864153706816,optimal
2021-02-12 14:30:00,2,120,1.1428571428571428,0.0,0.0,0.1861666666666666,11.802,6.0,1,20.136765946540336,,4000.0,0.0,0.0,0.0,43.691874352752805,optimal
2021-02-12 15:00:00,2,120,1.1428571428571428,0.0,0.0,0.1796333333333333,11.2245,6.0,1,20.158178365355752,,4000.0,0.0,0.0,0.0,43.21558393562177,optimal
2021-02-12 15:30:00,2,120,1.1428571428571428,0.0,0.0,0.1576,11.025,6.0,1,20.178010240919885,,4000.0,0.0,0.0,0.0,42.73976980890787,optimal
2021-02-12 16:00:00,2,120,1.1428571428571428,0.0,0.0,0.2781,11.907,6.0,1,20.197236996485696,,4000.0,0.0,0.0,0.0,42.26443149632068,optimal
2021-02-12 16:30:00,2,120,0.0,0.0,0.0,0.1133,25.83,6.0,1,20.21442945427882,,0.0,0.0,0.0,0.0,41.78956852204608,optimal
2021-02-12 17:00:00,2,120,0.0,0.0,0.0,0.132,28.035,6.0,1,20.180256035003005,,0.0,0.0,0.0,0.0,41.31518041074576,optimal
2021-02-12 17:30:00,2,120,0.0,0.3096296296296296,0.0,0.4049,28.119,6.0,1,20.14287515181663,,0.0,0.0,0.0,278.66666666666663,40.841266687556725,optimal
2021-02-12 18:00:00,2,120,0.0,0.2322222222222222,0.0,0.3006999999999999,30.156,6.0,1,20.11145195411312,,0.0,0.0,0.0,209.0,40.36782687809089,optimal
2021-02-12 18:30:00,2,120,0.0,0.0,0.0,0.5161333333333333,29.1585,6.0,1,20.080494188739,,0.0,0.0,0.0,0.0,39.89486050843452,optimal
2021-02-12 19:00:00,2,120,0.0,0.0,0.0,1.8598333333333328,26.712,6.0,1,20.052680292911152,,0.0,0.0,0.0,0.0,39.854965647926086,optimal
2021-02-12 19:30:00,2,120,0.0,0.3096296296296296,0.0,0.434,15.435,6.0,1,20.02795595406262,,0.0,0.0,0.0,278.66666666666663,39.81511068227816,optimal
2021-02-12 20:00:00,2,120,0.6727782878959114,0.4644444444444444,0.0,0.3845666666666666,13.566,6.0,1,20.0,,2354.7240076356898,0.0,0.0,418.0,39.77529557159588,optimal
2021-02-12 20:30:00,2,120,0.0,0.774074074074074,0.0,0.3406666666666667,12.789,6.0,1,20.0,,0.0,0.0,0.0,696.6666666666666,39.73552027602429,optimal
2021-02-12 21:00:00,2,120,0.0,0.1548148148148148,0.0,0.5017333333333334,12.1275,6.0,1,19.9731544795202,,0.0,0.0,0.0,139.33333333333331,39.69578475574826,optimal
2021-02-12 21:30:00,2,120,0.0,0.0774074074074074,0.0,0.7216666666666667,13.671,6.0,1,19.94784317600772,,0.0,0.0,0.0,69.66666666666666,39.65608897099251,optimal
2021-02-12 22:00:00,2,120,0.0,0.0,0.0,0.5614333333333332,10.668,6.0,1,19.925263838653283,,0.0,0.0,0.0,0.0,39.61643288202152,optimal
2021-02-12 22:30:00,2,120,0.0,0.0,0.0,0.7028333333333334,11.7285,6.0,1,19.89990520053186,,0.0,0.0,0.0,0.0,39.5768164491395,optimal
2021-02-12 23:00:00,2,120,0.0,0.0,0.0,0.5659333333333333,11.025,6.0,1,19.874289680023967,,0.0,0.0,0.0,0.0,39.53723963269036,optimal
2021-02-12 23:30:00,2,120,0.0,0.0,0.0,0.2929333333333333,10.689,6.0,1,19.84660237362701,,0.0,0.0,0.0,0.0,39.49770239305767,optimal
2021-02-13 00:00:00,2,120,1.1428571428571428,0.0,5.0,0.052,7.938,6.0,-10,19.84660237362701,,4000.0,0.0,0.0,0.0,41.83320469066461,optimal
2021-02-13 00:30:00,2,120,1.1428571428571428,0.0,5.0,0.121,8.274,6.0,-10,19.857120997269178,,4000.0,0.0,0.0,0.0,44.16637148597395,optimal
2021-02-13 01:00:00,2,120,1.1428571428571428,0.0,5.0,0.1968666666666666,9.261,6.0,-10,19.868558476904653,,4000.0,0.0,0.0,0.0,46.497205114487976,optimal
2021-02-13 01:30:00,2,120,1.1428571428571428,0.0,0.4022910186496107,0.1047333333333333,9.9225,6.0,-10,19.88099664293385,,4000.0,0.0,0.0,0.0,46.64179614323205,optimal
2021-02-13 02:00:00,2,120,1.1428571428571428,0.0,5.0,0.1902666666666666,9.702,6.0,-10,19.892386877770548,,4000.0,0.0,0.0,0.0,48.97015434708881,optimal
2021-02-13 02:30:00,2,120,1.1428571428571428,0.0,0.0,0.052,10.584,6.0,-10,19.90489565531797,,4000.0,0.0,0.0,0.0,48.92118419274172,optimal
2021-02-13 03:00:00,2,120,1.1428571428571428,0.0,0.0,0.3802,10.143,6.0,-10,19.91569522143705,,4000.0,0.0,0.0,0.0,48.87226300854897,optimal
2021-02-13 03:30:00,2,120,1.1428571428571428,0.0,0.0,0.052,13.0095,6.0,-10,19.93047162178535,,4000.0,0.0,0.0,0.0,48.823390745540415,optimal
2021-02-13 04:00:00,2,120,1.1428571428571428,0.0,0.0,0.0781333333333333,11.025,6.0,-10,19.941121353800103,,4000.0,0.0,0.0,0.0,48.77456735479488,optimal
2021-02-13 04:30:00,2,120,1.1428571428571428,0.0,0.0,0.2002666666666666,12.789,6.0,-10,19.951969209145016,,4000.0,0.0,0.0,0.0,48.72579278744007,optimal
2021-02-13 05:00:00,2,120,1.1428571428571428,0.2322222222222222,0.0,0.306,12.1275,6.0,-10,19.964085171835087,,4000.0,0.0,0.0,209.0,48.67706699465263,optimal
2021-02-13 05:30:00,2,120,1.1428571428571428,0.0,0.0,0.3241,12.1695,6.0,-10,19.979660767783425,,4000.0,0.0,0.0,0.0,48.62838992765797,optimal
2021-02-13 06:00:00,2,120,1.1428571428571428,0.0774074074074074,0.0,1.3656666666666668,12.306,6.0,-10,19.995823038765824,,4000.0,0.0,0.0,69.66666666666666,48.57976153773031,optimal
2021-02-13 06:30:00,2,120,1.1428571428571428,0.6966666666666667,0.0,0.4383999999999999,13.23,6.0,-10,20.014961484697512,,4000.0,0.0,0.0,627.0,48.53118177619257,optimal
2021-02-13 07:00:00,2,120,0.7202657644182032,0.0,0.0,0.1946666666666666,13.671,6.0,-10,20.03399079748781,,2520.930175463712,0.0,0.0,0.0,48.48265059441637,optimal
2021-02-13 07:30:00,2,120,0.0,4.257407407407407,0.0,1.2010999999999998,13.9335,6.0,-10,20.031791113866525,,0.0,0.0,0.0,3831.6666666666665,48.434167943821954,optimal
2021-02-13 08:00:00,2,120,0.8260829226627874,0.0774074074074074,0.0,1.3335333333333332,13.293,6.0,-10,20.0,,2891.290229319756,0.0,0.0,69.66666666666666,48.38573377587813,optimal
2021-02-13 08:30:00,2,120,1.1428571428571428,0.2322222222222222,0.0,1.2540333333333331,12.1065,6.0,-10,20.00513053676876,,4000.0,0.0,0.0,209.0,48.33734804210225,optimal
2021-02-13 09:00:00,2,120,1.1428571428571428,0.5418518518518518,0.0,0.2568999999999999,11.571,6.0,-10,20.022449327531763,,4000.0,0.0,0.0,487.6666666666667,48.28901069406015,optimal
2021-02-13 09:30:00,2,120,1.1428571428571428,0.4644444444444444,0.0,0.2079333333333333,11.025,6.0,-10,20.0411631773764,,4000.0,0.0,0.0,418.0,48.24072168336608,optimal
2021-02-13 10:00:00,2,120,1.1428571428571428,0.0,0.0,0.2668333333333333,10.8465,6.0,-10,20.06019993646472,,4000.0,0.0,0.0,0.0,48.19248096168271,optimal
2021-02-13 10:30:00,2,120,1.1428571428571428,0.1548148148148148,0.0,1.7387666666666668,11.2455,6.0,-10,20.084629241764485,,4000.0,0.0,0.0,139.33333333333331,48.144288480721016,optimal
2021-02-13 11:00:00,2,120,0.0,0.1548148148148148,0.0,1.7758,23.8665,6.0,-10,20.118713801976043,,0.0,0.0,0.0,139.33333333333331,48.096144192240295,optimal
2021-02-13 11:30:00,2,120,0.0,0.0,0.0,1.5651333333333337,27.4575,6.0,-10,20.111377534048327,,0.0,0.0,0.0,0.0,48.048048048048045,optimal
2021-02-13 12:00:00,2,120,0.0,0.3096296296296296,0.0,0.6909,27.3735,6.0,-10,20.09984218633372,,0.0,0.0,0.0,278.66666666666663,48.0,optimal
2021-02-13 12:30:00,2,120,0.0,0.0,0.0,1.4063,30.4605,6.0,-10,20.080985153025573,,0.0,0.0,0.0,0.0,46.82671408006915,optimal
2021-02-13 13:00:00,2,120,0.0,0.0774074074074074,0.0,1.3716333333333337,30.0195,6.0,-10,20.0610662198801,,0.0,0.0,0.0,69.66666666666666,45.65460144605824,optimal
2021-02-13 13:30:00,2,120,0.0,0.8514814814814814,0.0,1.5065,26.9325,6.0,-10,20.04277654717267,,0.0,0.0,0.0,766.3333333333333,44.48366092468133,optimal
2021-02-13 14:00:00,2,120,0.0,0.0,0.0,0.9958666666666668,14.595,6.0,-10,20.023139960594804,,0.0,0.0,0.0,0.0,43.3138913438258,optimal
2021-02-13 14:30:00,2,120,0.4845220725497467,0.0774074074074074,0.0,0.6745333333333333,12.4845,6.0,-10,20.0,,1695.8272539241136,0.0,0.0,69.66666666666666,42.14529153255113,optimal
2021-02-13 15:00:00,2,120,0.543913750694147,0.0774074074074074,0.0,0.2123,12.1275,6.0,-10,20.0,,1903.698127429515,0.0,0.0,69.66666666666666,40.97786032108773,optimal
2021-02-13 15:30:00,2,120,0.8733228691998696,0.1548148148148148,0.0,2.0766,12.1275,6.0,-10,20.0,,3056.630042199544,0.0,0.0,139.33333333333331,39.8115965408358,optimal
2021-02-13 16:00:00,2,120,0.0,0.0,0.0,0.3564666666666666,12.789,6.0,-10,20.02461862147212,,0.0,0.0,0.0,0.0,38.64649902436412,optimal
2021-02-13 16:30:00,2,120,0.5126584938552395,0.2322222222222222,0.0,0.5941333333333333,11.907,6.0,-10,20.0,,1794.3047284933384,0.0,0.0,209.0,37.482566605408906,optimal
2021-02-13 17:00:00,2,120,0.6618599058081025,1.0837037037037036,0.0,0.344,11.025,6.0,-10,20.0,,2316.509670328359,0.0,0.0,975.3333333333334,36.31979811887265,optimal
2021-02-13 17:30:00,2,120,1.1428571428571428,0.387037037037037,0.0,0.4836999999999999,8.2005,6.0,-10,20.0,,4000.0,0.0,0.0,348.3333333333333,35.15819240082293,optimal
2021-02-13 18:00:00,2,120,0.1199036492086461,0.0,0.0,0.3476,9.5655,6.0,-10,20.02161248714659,,419.6627722302615,0.0,0.0,0.0,35.123034208422105,optimal
2021-02-13 18:30:00,2,120,1.1428571428571428,2.012592592592592,0.0,0.2292333333333333,7.056,6.0,-10,20.0,,4000.0,0.0,0.0,1811.333333333333,35.08791117421368,optimal
2021-02-13 19:00:00,2,120,0.6857744383769533,0.6192592592592592,0.0,0.3322666666666666,9.3975,6.0,-10,20.02139545750623,,2400.2105343193366,0.0,0.0,557.3333333333333,35.052823263039464,optimal
2021-02-13 19:30:00,2,120,0.0,0.2322222222222222,0.0,0.2676666666666666,10.059,6.0,-10,20.026323939200783,,0.0,0.0,0.0,209.0,35.01777043977643,optimal
2021-02-13 20:00:00,2,120,0.5129954307530633,0.0774074074074074,0.0,0.6211666666666666,9.261,6.0,-10,20.0,,1795.4840076357216,0.0,0.0,69.66666666666666,34.98275266933665,optimal
2021-02-13 20:30:00,2,120,0.0,0.0,0.0,0.3208,8.1585,6.0,-10,20.0,,0.0,0.0,0.0,0.0,34.94776991666731,optimal
2021-02-13 21:00:00,2,120,0.0,0.0,0.0,0.2541333333333333,9.4815,6.0,-10,19.97389383936176,,0.0,0.0,0.0,0.0,34.91282214675064,optimal
2021-02-13 21:30:00,2,120,0.0,0.0774074074074074,0.0,0.5226666666666666,8.379,6.0,-10,19.9459361477375,,0.0,0.0,0.0,69.66666666666666,34.87790932460389,optimal
2021-02-13 22:00:00,2,120,0.0,0.387037037037037,0.0,0.32,9.5235,6.0,-10,19.922127918390867,,0.0,0.0,0.0,348.3333333333333,34.843031415279285,optimal
2021-02-13 22:30:00,2,120,0.0,0.3096296296296296,0.0,0.5811666666666666,8.1375,6.0,-10,19.89397145583353,,0.0,0.0,0.0,278.66666666666663,34.80818838386401,optimal
2021-02-13 23:00:00,2,120,0.0,0.0,0.0,0.6856,10.0905,6.0,-10,19.867409490267853,,0.0,0.0,0.0,0.0,34.773380195480144,optimal
2021-02-13 23:30:00,2,120,0.0,0.0,0.0,0.1945333333333333,7.539,6.0,-10,19.84179847532756,,0.0,0.0,0.0,0.0,34.73860681528466,optimal
2021-02-07 00:00:00,3,120,1.1428571428571428,0.0,1.629037447242273,0.138,1.5435,6.0,-11,21.0,,4000.0,0.0,0.0,0.0,48.72579278744007,optimal
2021-02-07 00:30:00,3,120,0.0527315780296641,0.0,0.0,0.224,5.0715,6.0,-11,21.018322708290853,,184.5605231038244,0.0,0.0,0.0,48.67706699465263,optimal
2021-02-07 01:00:00,3,120,0.0,0.0,0.0,0.4436333333333333,5.376,6.0,-11,20.99397316081354,,0.0,0.0,0.0,0.0,48.62838992765797,optimal
2021-02-07 01:30:00,3,120,1.1428571428571428,0.0,0.0,0.122,5.0715,6.0,-11,20.96757813379509,,4000.0,0.0,0.0,0.0,48.57976153773031,optimal
2021-02-07 02:00:00,3,120,0.0,0.0,0.0,0.1711333333333333,5.5125,6.0,-11,20.98380334128275,,0.0,0.0,0.0,0.0,48.53118177619257,optimal
2021-02-07 02:30:00,3,120,0.0,0.0,0.0,0.1146666666666666,9.261,6.0,-11,20.951766439346244,,0.0,0.0,0.0,0.0,48.48265059441637,optimal
2021-02-07 03:00:00,3,120,0.0,0.0,0.0,0.0737999999999999,11.7075,6.0,-11,20.918906899981213,,0.0,0.0,0.0,0.0,48.434167943821954,optimal
2021-02-07 03:30:00,3,120,0.0,0.0,0.0,0.1606666666666666,12.348,6.0,-11,20.88541639867245,,0.0,0.0,0.0,0.0,48.38573377587813,optimal
2021-02-07 04:00:00,3,120,0.0,0.0,0.0,0.122,12.348,6.0,-11,20.852951405793267,,0.0,0.0,0.0,0.0,48.33734804210225,optimal
2021-02-07 04:30:00,3,120,0.0,0.0,0.0,0.056,12.1275,6.0,-11,20.81998059805532,,0.0,0.0,0.0,0.0,48.28901069406015,optimal
2021-02-07 05:00:00,3,120,0.0,0.0,0.0,0.1586333333333333,12.5265,6.0,-11,20.786271122363143,,0.0,0.0,0.0,0.0,48.24072168336608,optimal
2021-02-07 05:30:00,3,120,0.0,0.0,0.0,0.1345,11.7495,6.0,-11,20.75387879231901,,0.0,0.0,0.0,0.0,48.19248096168271,optimal
2021-02-07 06:00:00,3,120,0.0,0.0,0.0,0.122,13.23,6.0,-11,20.72125668155548,,0.0,0.0,0.0,0.0,48.144288480721016,optimal
2021-02-07 06:30:00,3,120,0.0,0.0,0.0,0.1711333333333333,14.3325,6.0,-11,20.68854696688684,,0.0,0.0,0.0,0.0,48.096144192240295,optimal
2021-02-07 07:00:00,3,120,0.0,0.0,0.0,0.1296666666666666,14.994,6.0,-11,20.65640153227131,,0.0,0.0,0.0,0.0,48.048048048048045,optimal
2021-02-07 07:30:00,3,120,0.0,0.0,0.0,0.1651666666666666,14.8155,6.0,-11,20.62362214072687,,0.0,0.0,0.0,0.0,48.0,optimal
2021-02-07 08:00:00,3,120,0.0,2.4600074074074074,0.0,0.3058333333333333,14.112,6.0,-11,20.592350396648804,,0.0,0.0,0.0,2214.0066666666667,47.68217359642718,optimal
2021-02-07 08:30:00,3,120,0.0,0.3266592592592593,0.0,0.08,14.007,6.0,-11,20.56306045280772,,0.0,0.0,0.0,293.9933333333334,47.36466501925793,optimal
2021-02-07 09:00:00,3,120,0.0,0.6192592592592592,0.0,0.2675666666666667,13.23,6.0,-11,20.53348377272331,,0.0,0.0,0.0,557.3333333333333,47.04747395066585,optimal
2021-02-07 09:30:00,3,120,0.0,0.1548148148148148,0.0,0.3192333333333333,11.382,6.0,-11,20.50722236947444,,0.0,0.0,0.0,139.33333333333331,46.73060007314236,optimal
2021-02-07 10:00:00,3,120,0.0,0.2322222222222222,0.0,0.3406333333333333,11.7495,6.0,-11,20.480369848470627,,0.0,0.0,0.0,209.0,46.4140430694964,optimal
2021-02-07 10:30:00,3,120,0.0,0.0,0.0,1.5075999999999998,24.3285,6.0,-11,20.45667137183112,,0.0,0.0,0.0,0.0,46.09780262285408,optimal
2021-02-07 11:00:00,3,120,0.0,0.0,0.0,0.1188333333333333,28.917,6.0,-11,20.44707943106281,,0.0,0.0,0.0,0.0,45.78187841665841,optimal
2021-02-07 11:30:00,3,120,0.0,0.1548148148148148,0.0,0.109,31.3635,6.0,-11,20.42223274755929,,0.0,0.0,0.0,139.33333333333331,45.466270134668925,optimal
2021-02-07 12:00:00,3,120,0.0,0.0,0.0,0.1975666666666666,33.306,6.0,-11,20.39692569614261,,0.0,0.0,0.0,0.0,45.15097746096144,optimal
2021-02-07 12:30:00,3,120,0.0,0.0,0.0,0.2874,31.3425,6.0,-11,20.3685164940421,,0.0,0.0,0.0,0.0,44.83600007992765,optimal
2021-02-07 13:00:00,3,120,0.0,5.031481481481482,0.0,0.1466,28.2555,6.0,-11,20.33974535451972,,0.0,0.0,0.0,4528.333333333334,44.5213376762749,optimal
2021-02-07 13:30:00,3,120,0.0,0.0774074074074074,0.0,0.2426333333333333,15.6975,6.0,-11,20.30956148726588,,0.0,0.0,0.0,69.66666666666666,44.20698993502581,optimal
2021-02-07 14:00:00,3,120,0.0,0.0774074074074074,0.0,0.2311,12.5475,6.0,-11,20.281030144849268,,0.0,0.0,0.0,69.66666666666666,43.89295654151796,optimal
2021-02-07 14:30:00,3,120,0.0,0.0,0.0,0.1649666666666666,12.0855,6.0,-11,20.253615067113444,,0.0,0.0,0.0,0.0,43.57923718140362,optimal
2021-02-07 15:00:00,3,120,0.0,0.0,0.0,0.132,11.907,6.0,-11,20.22367579059381,,0.0,0.0,0.0,0.0,43.265831540649394,optimal
2021-02-07 15:30:00,3,120,0.0,0.0,0.0,0.066,12.5685,6.0,-11,20.19348601593005,,0.0,0.0,0.0,0.0,42.95273930553592,optimal
2021-02-07 16:00:00,3,120,0.0,0.0,0.0,0.3588666666666666,13.146,6.0,-11,20.162254675309978,,0.0,0.0,0.0,0.0,42.639960162657566,optimal
2021-02-07 16:30:00,3,120,0.0,0.0,0.0,0.2658,10.584,6.0,-11,20.139551084523667,,0.0,0.0,0.0,0.0,42.327493798922085,optimal
2021-02-07 17:00:00,3,120,0.0,0.0774074074074074,0.0,0.096,6.678,6.0,-11,20.11883644601939,,0.0,0.0,0.0,69.66666666666666,42.01533990155034,optimal
2021-02-07 17:30:00,3,120,0.0,0.4644444444444444,0.0,0.2271999999999999,7.938,6.0,-11,20.09143522931512,,0.0,0.0,0.0,418.0,41.703498158075966,optimal
2021-02-07 18:00:00,3,120,1.1428571428571428,0.2322222222222222,0.0,0.131,5.292,6.0,-11,20.06740852202317,,4000.0,0.0,0.0,209.0,41.391968256345066,optimal
2021-02-07 18:30:00,3,120,0.0,0.0,0.0,0.403,9.261,6.0,-11,20.09099558496672,,0.0,0.0,0.0,0.0,41.0807498845159,optimal
2021-02-07 19:00:00,3,120,0.0,0.0,0.0,0.3323,10.3635,6.0,-11,20.068459465519343,,0.0,0.0,0.0,0.0,40.76984273105857,optimal
2021-02-07 19:30:00,3,120,0.0,0.0,0.0,0.4629,8.274,6.0,-11,20.044862725821208,,0.0,0.0,0.0,0.0,40.459246484754686,optimal
2021-02-07 20:00:00,3,120,0.0,0.0,0.0,0.4552333333333333,7.7175,6.0,-11,20.02268856077156,,0.0,0.0,0.0,0.0,40.14896083469711,optimal
2021-02-07 20:30:00,3,120,0.0,0.0774074074074074,0.0,0.4236,6.615,6.0,-11,20.0,,0.0,0.0,0.0,69.66666666666666,39.83898547028959,optimal
2021-02-07 21:00:00,3,120,0.0,0.0,0.0,0.3010666666666666,6.174,6.0,-11,19.976526712982874,,0.0,0.0,0.0,0.0,39.52932008124648,optimal
2021-02-07 21:30:00,3,120,0.0,0.0,0.0,0.4965,3.906,6.0,-11,19.95093385243701,,0.0,0.0,0.0,0.0,39.21996435759241,optimal
2021-02-07 22:00:00,3,120,0.0,0.0,0.0,0.2092333333333333,2.3415,6.0,-11,19.928621270536134,,0.0,0.0,0.0,0.0,38.910917989662,optimal
2021-02-07 22:30:00,3,120,0.0,0.1548148148148148,0.0,0.3798999999999999,2.205,6.0,-11,19.902648680233483,,0.0,0.0,0.0,139.33333333333331,38.60218066809952,optimal
2021-02-07 23:00:00,3,120,0.0,0.0,0.0,0.226,0.882,6.0,-11,19.878370168169223,,0.0,0.0,0.0,0.0,38.56357848743141,optimal
2021-02-07 23:30:00,3,120,0.0,0.0,0.0,0.2077333333333333,1.5435,6.0,-11,19.85503031907139,,0.0,0.0,0.0,0.0,38.52501490894398,optimal
2021-02-08 00:00:00,3,120,0.0,0.0,0.0,0.0686666666666666,33.684,6.0,13,19.85503031907139,,0.0,0.0,0.0,0.0,38.48648989403504,optimal
2021-02-08 00:30:00,3,120,0.0,0.0,0.0,0.064,32.445,6.0,13,19.821532451324128,,0.0,0.0,0.0,0.0,38.448003404141005,optimal
2021-02-08 01:00:00,3,120,0.0,0.0,0.0,0.064,28.917,6.0,13,19.7881009952054,,0.0,0.0,0.0,0.0,38.40955540073686,optimal
2021-02-08 01:30:00,3,120,1.1428571428571428,0.0,0.0,0.2008,15.876,6.0,13,19.75473581904996,,4000.0,0.0,0.0,0.0,38.37114584533612,optimal
2021-02-08 02:00:00,3,120,1.1428571428571428,0.0,0.0,0.0944,12.348,6.0,13,19.771733580782367,,4000.0,0.0,0.0,0.0,38.332774699490784,optimal
2021-02-08 02:30:00,3,120,1.1428571428571428,0.0,0.0,0.064,12.1275,6.0,13,19.787302313920947,,4000.0,0.0,0.0,0.0,38.29444192479129,optimal
2021-02-08 03:00:00,3,120,1.1428571428571428,0.0,0.0,0.2312,12.348,6.0,13,19.8025689659763,,4000.0,0.0,0.0,0.0,38.2561474828665,optimal
2021-02-08 03:30:00,3,120,1.1428571428571428,0.0,0.0,0.064,12.1275,6.0,13,19.819941366865308,,4000.0,0.0,0.0,0.0,38.217891335383634,optimal
2021-02-08 04:00:00,3,120,1.1428571428571428,0.0,0.0,0.064,12.1275,6.0,13,19.835143309946464,,4000.0,0.0,0.0,0.0,38.17967344404825,optimal
2021-02-08 04:30:00,3,120,1.1428571428571428,0.0,0.0,0.2312,11.2665,6.0,13,19.850215986076776,,4000.0,0.0,0.0,0.0,38.1414937706042,optimal
2021-02-08 05:00:00,3,120,1.1428571428571428,0.0,5.0,0.064,10.143,6.0,13,19.867097411181007,,4000.0,0.0,0.0,0.0,40.4783522768336,optimal
2021-02-08 05:30:00,3,120,1.1428571428571428,0.0,0.0,0.064,11.2455,6.0,13,19.881710223724674,,4000.0,0.0,0.0,0.0,40.43787392455676,optimal
2021-02-08 06:00:00,3,120,1.1428571428571428,0.0,1.2791129356081623,0.1849333333333333,11.025,6.0,13,19.896194937305825,,4000.0,0.0,0.0,0.0,41.00501469504607,optimal
2021-02-08 06:30:00,3,120,1.1428571428571428,1.935185185185185,5.0,0.1076,5.9745,6.0,13,19.912329615844,,4000.0,0.0,0.0,1741.6666666666667,43.33900968035103,optimal
2021-02-08 07:00:00,3,120,1.1428571428571428,0.0,5.0,0.062,7.938,6.0,13,19.9284952033896,,4000.0,0.0,0.0,0.0,45.670670670670674,optimal
2021-02-08 07:30:00,3,120,1.1428571428571428,3.6207097086173614,5.0,0.0673333333333333,8.6835,6.0,13,19.945110711270686,,4000.0,3119.305404422293,0.0,139.33333333333331,48.0,optimal
2021-02-08 08:00:00,3,120,1.1428571428571428,2.322222222222221,0.0,0.3067,7.665,6.0,13,20.0,,4000.0,0.0,0.0,2089.9999999999995,47.847898294909626,optimal
2021-02-08 08:30:00,3,120,1.1428571428571428,5.495925925925925,0.0,0.1733666666666666,6.7725,6.0,13,20.019477350502136,,4000.0,0.0,0.0,4946.333333333333,47.69594869152434,optimal
2021-02-08 09:00:00,3,120,1.1428571428571428,0.0,0.0,0.7405,5.5755,6.0,13,20.037986889052625,,4000.0,0.0,0.0,0.0,47.544151037742445,optimal
2021-02-08 09:30:00,3,120,1.1428571428571428,0.0,0.0,1.8236333333333328,5.0925,6.0,13,20.06166689661204,,4000.0,0.0,0.0,0.0,47.39250518161433,optimal
2021-02-08 10:00:00,3,120,1.1428571428571428,0.1548148148148148,0.0,1.6945333333333332,4.1895,6.0,13,20.08695607884532,,4000.0,0.0,0.0,139.33333333333331,47.24101097134235,optimal
2021-02-08 10:30:00,3,120,1.1428571428571428,0.0,0.0,0.3186333333333333,7.056,6.0,13,20.11766406755577,,4000.0,0.0,0.0,0.0,47.08966825528064,optimal
2021-02-08 11:00:00,3,120,1.1428571428571428,0.0,0.0,0.5353666666666667,5.271,6.0,13,20.13881937080564,,4000.0,0.0,0.0,0.0,46.93847688193498,optimal
2021-02-08 11:30:00,3,120,1.1428571428571428,0.0,0.0,0.3121333333333333,7.938,6.0,13,20.165822979720616,,4000.0,0.0,0.0,0.0,46.78743669996268,optimal
2021-02-08 12:00:00,3,120,1.1428571428571428,0.0,0.0,0.1424,7.938,6.0,13,20.189872120451984,,4000.0,0.0,0.0,0.0,46.63654755817234,optimal
2021-02-08 12:30:00,3,120,1.1428571428571428,0.0,0.0,0.1728,11.907,6.0,13,20.20975144993038,,4000.0,0.0,0.0,0.0,46.485809305523794,optimal
2021-02-08 13:00:00,3,120,1.1428571428571428,0.0,0.0,0.074,11.025,6.0,13,20.23035822319489,,4000.0,0.0,0.0,0.0,46.3352217911279,optimal
2021-02-08 13:30:00,3,120,1.1428571428571428,0.0,0.0,0.2204333333333333,11.2875,6.0,13,20.249793899761404,,4000.0,0.0,0.0,0.0,46.1847848642464,optimal
2021-02-08 14:00:00,3,120,0.6964351846288146,0.2322222222222222,0.0,0.3762666666666666,12.936,6.0,13,20.273305111355576,,2437.523146200851,0.0,0.0,209.0,46.034498374291786,optimal
2021-02-08 14:30:00,3,120,0.0,0.0,0.0,0.2108,13.0095,6.0,13,20.282488783159494,,0.0,0.0,0.0,0.0,45.88436217082712,optimal
2021-02-08 15:00:00,3,120,0.0,0.0,0.0,0.4047333333333333,13.671,6.0,13,20.2601766860129,,0.0,0.0,0.0,0.0,45.73437610356593,optimal
2021-02-08 15:30:00,3,120,0.0,0.3096296296296296,0.0,0.1953333333333332,13.188,6.0,13,20.23763934943964,,0.0,0.0,0.0,278.66666666666663,45.58454002237199,optimal
2021-02-08 16:00:00,3,120,0.0,0.6192592592592592,0.0,0.3656666666666667,13.8495,6.0,13,20.21339573083747,,0.0,0.0,0.0,557.3333333333333,45.43485377725924,optimal
2021-02-08 16:30:00,3,120,0.0,1.7803703703703702,0.0,0.1823333333333333,13.23,6.0,13,20.188483827663823,,0.0,0.0,0.0,1602.3333333333333,45.28531721839161,optimal
2021-02-08 17:00:00,3,120,0.0,0.387037037037037,0.0,0.191,13.3665,6.0,13,20.16128541737461,,0.0,0.0,0.0,348.3333333333333,45.135930196082846,optimal
2021-02-08 17:30:00,3,120,1.1428571428571428,0.0,0.0,0.3581999999999999,13.0515,6.0,13,20.133073598068897,,4000.0,0.0,0.0,0.0,44.98669256079639,optimal
2021-02-08 18:00:00,3,120,0.0,0.0,0.0,0.074,13.5345,6.0,13,20.152737288086044,,0.0,0.0,0.0,0.0,44.83760416314522,optimal
2021-02-08 18:30:00,3,120,0.0,0.0,0.0,0.074,14.154,6.0,13,20.114389709347805,,0.0,0.0,0.0,0.0,44.68866485389171,optimal
2021-02-08 19:00:00,3,120,0.0,0.0,0.0,0.074,14.112,6.0,13,20.07621728523806,,0.0,0.0,0.0,0.0,44.53987448394744,optimal
2021-02-08 19:30:00,3,120,0.0,0.0,0.0,0.074,14.2485,6.0,13,20.03821966850176,,0.0,0.0,0.0,0.0,44.391232904373126,optimal
2021-02-08 20:00:00,3,120,0.901568988856076,0.0,0.0,0.074,12.789,6.0,13,20.0,,3155.491460996266,0.0,0.0,0.0,44.24273996637838,optimal
2021-02-08 20:30:00,3,120,0.0,0.0,0.0,0.074,13.0095,6.0,13,20.0,,0.0,0.0,0.0,0.0,44.09439552132163,optimal
2021-02-08 21:00:00,3,120,0.0,0.0,0.0,0.226,12.1275,6.0,13,19.96136046367825,,0.0,0.0,0.0,0.0,43.94619942070994,optimal
2021-02-08 21:30:00,3,120,0.0,0.0,0.0,0.0892,12.348,6.0,13,19.92445099255095,,0.0,0.0,0.0,0.0,43.79815151619886,optimal
2021-02-08 22:00:00,3,120,0.0,0.0,0.0,0.0839,12.348,6.0,13,19.88624553664574,,0.0,0.0,0.0,0.0,43.75435336468266,optimal
2021-02-08 22:30:00,3,120,0.0,0.1548148148148148,0.0,0.0912999999999999,25.389,6.0,13,19.850596285794435,,0.0,0.0,0.0,139.33333333333331,43.71059901131797,optimal
2021-02-08 23:00:00,3,120,0.0,0.3096296296296296,0.0,0.2648666666666667,29.1375,6.0,13,19.814604685303625,,0.0,0.0,0.0,278.66666666666663,43.666888412306655,optimal
2021-02-08 23:30:00,3,120,0.0,0.0,0.0,0.2022,30.597,6.0,13,19.781018532301243,,0.0,0.0,0.0,0.0,43.62322152389435,optimal
2021-02-09 00:00:00,3,120,0.0,0.0,0.0,0.1407,14.553,6.0,8,19.781018532301243,,0.0,0.0,0.0,0.0,43.57959830237046,optimal
2021-02-09 00:30:00,3,120,1.0437227054118463,0.0,0.0,0.1854,14.3325,6.0,8,19.74795205895699,,3653.029468941463,0.0,0.0,0.0,43.53601870406808,optimal
2021-02-09 01:00:00,3,120,1.1428571428571428,0.0,0.0,0.2847333333333333,13.335,6.0,8,19.760401026102816,,4000.0,0.0,0.0,0.0,43.49248268536402,optimal
2021-02-09 01:30:00,3,120,1.1428571428571428,0.0,0.0,0.1597333333333333,12.1275,6.0,8,19.77988994538965,,4000.0,0.0,0.0,0.0,43.44899020267865,optimal
2021-02-09 02:00:00,3,120,1.1428571428571428,0.0,0.0,0.1392,12.2955,6.0,8,19.79546290272745,,4000.0,0.0,0.0,0.0,43.40554121247597,optimal
2021-02-09 02:30:00,3,120,1.1428571428571428,0.0,0.0,0.0884,11.6865,6.0,8,19.809760672206963,,4000.0,0.0,0.0,0.0,43.362135671263495,optimal
2021-02-09 03:00:00,3,120,1.1428571428571428,0.0,0.0,0.2236,11.466,6.0,8,19.823510360566704,,4000.0,0.0,0.0,0.0,43.31877353559223,optimal
2021-02-09 03:30:00,3,120,1.1428571428571428,0.0,5.0,0.096,10.8045,6.0,8,19.838978970252647,,4000.0,0.0,0.0,0.0,45.65045476205663,optimal
2021-02-09 04:00:00,3,120,1.1428571428571428,0.0,5.0,0.1174,10.584,6.0,8,19.85306070173756,,4000.0,0.0,0.0,0.0,47.97980430729458,optimal
2021-02-09 04:30:00,3,120,1.1428571428571428,0.1548148148148148,0.1435273621320364,0.3056666666666667,11.2455,6.0,8,19.86757347373585,,4000.0,0.0,0.0,139.33333333333331,48.0,optimal
2021-02-09 05:00:00,3,120,1.1428571428571428,0.0774074074074074,0.0,0.2214333333333333,12.1275,6.0,8,19.88474562015441,,4000.0,0.0,0.0,69.66666666666666,47.88253229406142,optimal
2021-02-09 05:30:00,3,120,1.1428571428571428,0.1548148148148148,0.0,1.693266666666667,11.823,6.0,8,19.90078234771568,,4000.0,0.0,0.0,139.33333333333331,47.76518205582878,optimal
2021-02-09 06:00:00,3,120,1.1428571428571428,0.4644444444444444,0.0,1.0229,11.7705,6.0,8,19.923510797900445,,4000.0,0.0,0.0,418.0,47.647949167834376,optimal
2021-02-09 06:30:00,3,120,1.1428571428571428,0.6254518518518517,0.0,0.4089,11.13,6.0,8,19.94424537805756,,4000.0,0.0,0.0,562.9066666666666,47.530833512727966,optimal
2021-02-09 07:00:00,3,120,1.1428571428571428,0.7678814814814814,0.0,0.3658,11.6865,6.0,8,19.965370832020035,,4000.0,0.0,0.0,691.0933333333332,47.41383497327666,optimal
2021-02-09 07:30:00,3,120,1.1428571428571428,4.644444444444443,0.0,0.2031,10.7205,6.0,8,19.984711471119223,,4000.0,0.0,0.0,4179.999999999999,47.2969534323648,optimal
2021-02-09 08:00:00,3,120,1.1428571428571428,0.0,0.0,0.508,11.424,6.0,8,20.0,,4000.0,0.0,0.0,0.0,47.18018877299386,optimal
2021-02-09 08:30:00,3,120,1.1428571428571428,0.3096296296296296,0.0,0.0892666666666666,10.689,6.0,8,20.01898331650616,,4000.0,0.0,0.0,278.66666666666663,47.06354087828229,optimal
2021-02-09 09:00:00,3,120,1.1428571428571428,0.0,0.0,0.2383,11.361,6.0,8,20.03410956196788,,4000.0,0.0,0.0,0.0,46.94700963146543,optimal
2021-02-09 09:30:00,3,120,1.1428571428571428,0.0,0.0,0.3327,11.571,6.0,8,20.05119075690294,,4000.0,0.0,0.0,0.0,46.83059491589538,optimal
2021-02-09 10:00:00,3,120,1.1428571428571428,0.0,0.0,0.0737999999999999,14.3745,6.0,8,20.070629345701946,,4000.0,0.0,0.0,0.0,46.71429661504091,optimal
2021-02-09 10:30:00,3,120,1.1428571428571428,0.0,0.0,0.224,13.23,6.0,8,20.08636945664928,,4000.0,0.0,0.0,0.0,46.59811461248729,optimal
2021-02-09 11:00:00,3,120,1.1428571428571428,0.0,0.0,0.1022,13.9755,6.0,8,20.10440379050561,,4000.0,0.0,0.0,0.0,46.48204879193622,optimal
2021-02-09 11:30:00,3,120,0.0,0.0,0.0,0.1818,14.994,6.0,8,20.12409625961878,,0.0,0.0,0.0,0.0,46.36609903720571,optimal
2021-02-09 12:00:00,3,120,1.1428571428571428,0.0,0.0,0.1502,13.671,6.0,8,20.09608915692017,,4000.0,0.0,0.0,0.0,46.25026523222992,optimal
2021-02-09 12:30:00,3,120,0.0,0.0,0.0,0.106,15.981,6.0,8,20.11845532838604,,0.0,0.0,0.0,0.0,46.13454726105911,optimal
2021-02-09 13:00:00,3,120,0.0,0.0,0.0,0.1505999999999999,15.6345,6.0,8,20.0914101968792,,0.0,0.0,0.0,0.0,46.01894500785947,optimal
2021-02-09 13:30:00,3,120,0.0,0.0,0.0,0.1434,16.5375,6.0,8,20.0653152837608,,0.0,0.0,0.0,0.0,45.90345835691304,optimal
2021-02-09 14:00:00,3,120,0.3304728384857636,0.0,0.0,0.1364,14.7735,6.0,8,20.039085264433687,,1156.6549347001726,0.0,0.0,0.0,45.788087192617546,optimal
2021-02-09 14:30:00,3,120,0.0,0.0,0.0,0.1956,15.2145,6.0,8,20.02626427342478,,0.0,0.0,0.0,0.0,45.67283139948635,optimal
2021-02-09 15:00:00,3,120,0.7043175359889634,0.0,0.0,0.068,14.553,6.0,8,20.0,,2465.111375961372,0.0,0.0,0.0,45.55769086214829,optimal
2021-02-09 15:30:00,3,120,1.1428571428571428,0.0,0.0,0.1364,14.3325,6.0,8,20.0,,4000.0,0.0,0.0,0.0,45.44266546534756,optimal
2021-02-09 16:00:00,3,120,1.0410424816916306,0.0,0.0,0.155,14.595,6.0,8,20.01953181231399,,3643.648685920707,0.0,0.0,0.0,45.32775509394364,optimal
2021-02-09 16:30:00,3,120,0.0,0.0,0.0,0.177,14.994,6.0,8,20.031937415418334,,0.0,0.0,0.0,0.0,45.21295963291112,optimal
2021-02-09 17:00:00,3,120,0.8538218253407207,0.0,0.0,0.068,14.3325,6.0,8,20.0,,2988.3763886925226,0.0,0.0,0.0,45.09827896733962,optimal
2021-02-09 17:30:00,3,120,0.7062334639111397,0.4644444444444444,0.0,0.2324,13.8915,6.0,8,20.0,,2471.8171236889893,0.0,0.0,418.0,44.98371298243371,optimal
2021-02-09 18:00:00,3,120,0.6282005298123701,0.4644444444444444,0.0,0.9416,13.8915,6.0,8,20.0,,2198.701854343295,0.0,0.0,418.0,44.93872926945127,optimal
2021-02-09 18:30:00,3,120,0.6268797419830283,2.786666666666666,0.0,1.2874,13.4715,6.0,8,20.0,,2194.0790969406,0.0,0.0,2508.0,44.89379054018182,optimal
2021-02-09 19:00:00,3,120,1.1428571428571428,0.4644444444444444,0.0,0.8846,13.23,6.0,8,20.00746575750232,,4000.0,0.0,0.0,418.0,44.84889674964164,optimal
2021-02-09 19:30:00,3,120,0.0,0.0,0.0,0.2208333333333333,13.8915,6.0,8,20.038557500165947,,0.0,0.0,0.0,0.0,44.804047852892,optimal
2021-02-09 20:00:00,3,120,0.0,0.387037037037037,0.0,1.1318333333333332,26.9325,6.0,8,20.014631020796465,,0.0,0.0,0.0,348.3333333333333,44.75924380503911,optimal
2021-02-09 20:30:00,3,120,0.0,0.0,0.0,1.1313,30.303,6.0,8,20.0,,0.0,0.0,0.0,0.0,44.71448456123407,optimal
2021-02-09 21:00:00,3,120,0.0,0.0,0.0,0.385,32.886,6.0,8,19.985760117624416,,0.0,0.0,0.0,0.0,44.66977007667283,optimal
2021-02-09 21:30:00,3,120,0.0,0.2322222222222222,0.0,0.4926,34.9965,6.0,8,19.96365381205036,,0.0,0.0,0.0,209.0,44.62510030659616,optimal
2021-02-09 22:00:00,3,120,0.0,0.0,0.0,1.1913666666666665,33.327,6.0,8,19.942182403002256,,0.0,0.0,0.0,0.0,44.58047520628956,optimal
2021-02-09 22:30:00,3,120,0.0,0.3096296296296296,0.0,0.3961333333333333,31.122,6.0,8,19.91893094409379,,0.0,0.0,0.0,278.66666666666663,44.53589473108328,optimal
2021-02-09 23:00:00,3,120,0.0,0.0,0.0,0.2498,17.9025,6.0,8,19.89383569962822,,0.0,0.0,0.0,0.0,44.49135883635219,optimal
2021-02-09 23:30:00,3,120,0.0,0.0,0.0,0.0737999999999999,15.6555,6.0,8,19.8624615258394,,0.0,0.0,0.0,0.0,44.44686747751584,optimal
2021-02-10 00:00:00,3,120,1.1428571428571428,0.0,0.0,0.1226,10.8045,6.0,0,19.8624615258394,,4000.0,0.0,0.0,0.0,44.40242061003832,optimal
2021-02-10 00:30:00,3,120,1.1428571428571428,0.0,0.0,0.059,11.508,6.0,0,19.87623451079348,,4000.0,0.0,0.0,0.0,44.35801818942828,optimal
2021-02-10 01:00:00,3,120,1.1428571428571428,0.0,0.0,0.1226,11.508,6.0,0,19.88900713662356,,4000.0,0.0,0.0,0.0,44.31366017123885,optimal
2021-02-10 01:30:00,3,120,1.1428571428571428,0.0,0.0,0.059,11.508,6.0,0,19.90233098066329,,4000.0,0.0,0.0,0.0,44.26934651106761,optimal
2021-02-10 02:00:00,3,120,1.1428571428571428,0.0,0.0,0.1226,11.844,6.0,0,19.91465535602913,,4000.0,0.0,0.0,0.0,44.22507716455655,optimal
2021-02-10 02:30:00,3,120,1.1428571428571428,0.0,0.0,0.059,11.508,6.0,0,19.927531838289333,,4000.0,0.0,0.0,0.0,44.18085208739199,optimal
2021-02-10 03:00:00,3,120,1.1428571428571428,0.0,0.0,0.0943333333333333,11.508,6.0,0,19.93960799508463,,4000.0,0.0,0.0,0.0,44.1366712353046,optimal
2021-02-10 03:30:00,3,120,1.1428571428571428,0.0,5.0,0.0872666666666666,10.4475,6.0,0,19.952090652934064,,4000.0,0.0,0.0,0.0,46.46753456406929,optimal
2021-02-10 04:00:00,3,120,1.1428571428571428,0.0,0.0,0.059,10.8675,6.0,0,19.964462474570816,,4000.0,0.0,0.0,0.0,46.42106702950522,optimal
2021-02-10 04:30:00,3,120,1.1428571428571428,0.0,4.132004378161134,0.1084666666666666,10.542,6.0,0,19.97646541405817,,4000.0,0.0,0.0,0.0,48.33734804210225,optimal
2021-02-10 05:00:00,3,120,1.1428571428571428,0.0,0.0,0.0731333333333333,11.025,6.0,0,19.988848920589096,,4000.0,0.0,0.0,0.0,48.28901069406015,optimal
2021-02-10 05:30:00,3,120,1.1428571428571428,0.0,0.0,0.1226,11.025,6.0,0,20.00057917695963,,4000.0,0.0,0.0,0.0,48.24072168336608,optimal
2021-02-10 06:00:00,3,120,1.1428571428571428,0.0,0.0,0.059,14.553,6.0,0,20.012690540985147,,4000.0,0.0,0.0,0.0,48.19248096168271,optimal
2021-02-10 06:30:00,3,120,1.1428571428571428,0.0,0.0,0.0686666666666666,13.0935,6.0,0,20.02380484015461,,4000.0,0.0,0.0,0.0,48.144288480721016,optimal
2021-02-10 07:00:00,3,120,1.1428571428571428,0.0,0.0,0.1052666666666666,15.6345,6.0,0,20.0352936170996,,4000.0,0.0,0.0,0.0,48.096144192240295,optimal
2021-02-10 07:30:00,3,120,0.4896658410132298,0.0,0.0,0.0766666666666666,18.102,6.0,0,20.04771570502669,,1713.8304435463042,0.0,0.0,0.0,48.048048048048045,optimal
2021-02-10 08:00:00,3,120,1.1428571428571428,0.2322222222222222,0.0,0.2577666666666666,17.199,6.0,0,20.0318187807877,,4000.0,0.0,0.0,209.0,48.0,optimal
2021-02-10 08:30:00,3,120,0.0,0.2322222222222222,0.0,0.2017666666666666,18.2805,6.0,0,20.04681657922365,,0.0,0.0,0.0,209.0,47.60220539819161,optimal
2021-02-10 09:00:00,3,120,1.1428571428571428,0.0,0.0,0.2000666666666666,17.4615,6.0,0,20.01256653296103,,4000.0,0.0,0.0,0.0,47.204808590985024,optimal
2021-02-10 09:30:00,3,120,0.0,0.0,0.0,0.1226,18.3225,6.0,0,20.030521096989503,,0.0,0.0,0.0,0.0,46.80780918058565,optimal
2021-02-10 10:00:00,3,120,1.1428571428571428,0.2322222222222222,0.0,0.059,17.094,6.0,0,20.0,,4000.0,0.0,0.0,209.0,46.411206769596674,optimal
2021-02-10 10:30:00,3,120,1.1428571428571428,0.2322222222222222,0.0,0.1379666666666666,17.094,6.0,0,20.019868149240555,,4000.0,0.0,0.0,209.0,46.015000961018686,optimal
2021-02-10 11:00:00,3,120,1.1428571428571428,0.0,0.0,0.1190666666666666,17.094,6.0,0,20.041488254413547,,4000.0,0.0,0.0,0.0,45.61919135824928,optimal
2021-02-10 11:30:00,3,120,1.1428571428571428,0.0,0.0,0.059,17.3565,6.0,0,20.06005960640256,,4000.0,0.0,0.0,0.0,45.22377756508264,optimal
2021-02-10 12:00:00,3,120,1.1428571428571428,0.0,0.0,0.1226,17.115,6.0,0,20.078060643054968,,4000.0,0.0,0.0,0.0,44.82875918570916,optimal
2021-02-10 12:30:00,3,120,1.1428571428571428,0.0,0.0,0.059,17.241,6.0,0,20.09971341693713,,4000.0,0.0,0.0,0.0,44.43413582471506,optimal
2021-02-10 13:00:00,3,120,1.1428571428571428,0.0,0.0,0.059,17.094,6.0,0,20.12054846580456,,4000.0,0.0,0.0,0.0,44.03990708708195,optimal
2021-02-10 13:30:00,3,120,1.1428571428571428,0.0,0.0,0.1322666666666666,16.5165,6.0,0,20.14088981252772,,4000.0,0.0,0.0,0.0,43.64607257818648,optimal
2021-02-10 14:00:00,3,120,1.1428571428571428,0.0,0.0,0.0593333333333333,17.8185,6.0,0,20.162362140853983,,4000.0,0.0,0.0,0.0,43.2526319037999,optimal
2021-02-10 14:30:00,3,120,1.1428571428571428,0.0,0.0,0.0686666666666666,17.094,6.0,0,20.183058160993035,,4000.0,0.0,0.0,0.0,42.85958467008771,optimal
2021-02-10 15:00:00,3,120,1.1428571428571428,0.0,0.0,0.1123333333333333,16.8945,6.0,0,20.20371314997118,,4000.0,0.0,0.0,0.0,42.46693048360923,optimal
2021-02-10 15:30:00,3,120,1.1428571428571428,0.0,0.0,0.0696,18.123,6.0,0,20.22303401611147,,4000.0,0.0,0.0,0.0,42.07466895131724,optimal
2021-02-10 16:00:00,3,120,0.0,0.6966666666666667,0.0,0.2940666666666666,31.647,6.0,0,20.2414035334949,,0.0,0.0,0.0,627.0,41.68279968055753,optimal
2021-02-10 16:30:00,3,120,0.0,0.2322222222222222,0.0,0.3484333333333333,34.9965,6.0,0,20.212966887430248,,0.0,0.0,0.0,209.0,41.29132227906858,optimal
2021-02-10 17:00:00,3,120,0.0,0.0,0.0,0.2862,34.9965,6.0,0,20.186224963629147,,0.0,0.0,0.0,0.0,40.90023635498112,optimal
2021-02-10 17:30:00,3,120,0.0,0.4644444444444444,0.0,0.3477,34.9965,6.0,0,20.155051681394504,,0.0,0.0,0.0,418.0,40.50954151681775,optimal
2021-02-10 18:00:00,3,120,0.0,0.6966666666666667,0.0,0.4035,34.9965,6.0,0,20.1261651491881,,0.0,0.0,0.0,627.0,40.46903197530093,optimal
2021-02-10 18:30:00,3,120,0.0,0.2322222222222222,0.0,0.2973666666666666,34.9965,6.0,0,20.10108971810202,,0.0,0.0,0.0,209.0,40.42856294332563,optimal
2021-02-10 19:00:00,3,120,0.0,0.0,0.0,0.45,27.741,6.0,0,20.075673804972592,,0.0,0.0,0.0,0.0,40.388134380382304,optimal
2021-02-10 19:30:00,3,120,0.0,0.0,0.0,0.4544333333333333,19.026,6.0,0,20.051032769232364,,0.0,0.0,0.0,0.0,40.347746246001925,optimal
2021-02-10 20:00:00,3,120,0.1754559920615086,0.0,0.0,0.3226,18.7215,6.0,0,20.02482619999255,,614.0959722152803,0.0,0.0,0.0,40.30739849975593,optimal
2021-02-10 20:30:00,3,120,0.0,0.0774074074074074,0.0,0.3703666666666667,17.4195,6.0,0,20.0,,0.0,0.0,0.0,69.66666666666666,40.26709110125617,optimal
2021-02-10 21:00:00,3,120,0.0,0.0,0.0,0.1513333333333333,16.758,6.0,0,19.968961705150743,,0.0,0.0,0.0,0.0,40.226824010154914,optimal
2021-02-10 21:30:00,3,120,0.0,0.0,0.0,0.1326,14.217,6.0,0,19.93088746742183,,0.0,0.0,0.0,0.0,40.18659718614476,optimal
2021-02-10 22:00:00,3,120,0.0,0.0,0.0,0.069,13.3665,6.0,0,19.88806644750936,,0.0,0.0,0.0,0.0,40.14641058895862,optimal
2021-02-10 22:30:00,3,120,0.0,0.0,0.0,0.069,12.789,6.0,0,19.84168080978228,,0.0,0.0,0.0,0.0,40.106264178369656,optimal
2021-02-10 23:00:00,3,120,0.0,0.0,0.0,0.069,11.907,6.0,0,19.794891493782533,,0.0,0.0,0.0,0.0,40.06615791419129,optimal
2021-02-10 23:30:00,3,120,0.0,0.0,0.0,0.0795999999999999,11.7075,6.0,0,19.74769929982765,,0.0,0.0,0.0,0.0,40.0260917562771,optimal
2021-02-11 00:00:00,3,120,0.0,0.0,0.0,0.06,34.9965,6.0,15,19.74769929982765,,0.0,0.0,0.0,0.0,39.98606566452082,optimal
2021-02-11 00:30:00,3,120,0.0,0.0,0.0,0.06,34.65,6.0,15,19.704054948086725,,0.0,0.0,0.0,0.0,39.9460795988563,optimal
2021-02-11 01:00:00,3,120,0.0,0.0,0.0,0.06,34.9965,6.0,15,19.660695380302805,,0.0,0.0,0.0,0.0,39.906133519257445,optimal
2021-02-11 01:30:00,3,120,0.0,0.0,0.0,0.06,34.9965,6.0,15,19.617620031873795,,0.0,0.0,0.0,0.0,39.866227385738185,optimal
2021-02-11 02:00:00,3,120,0.0,0.0,0.0,0.06,30.4815,6.0,15,19.57463008303082,,0.0,0.0,0.0,0.0,39.82636115835245,optimal
2021-02-11 02:30:00,3,120,1.1428571428571428,0.0,0.0,0.06,21.4305,6.0,15,19.53172536446383,,4000.0,0.0,0.0,0.0,39.78653479719409,optimal
2021-02-11 03:00:00,3,120,1.1428571428571428,0.0,0.0,0.0825333333333333,14.3325,6.0,15,19.537436823830312,,4000.0,0.0,0.0,0.0,39.7467482623969,optimal
2021-02-11 03:30:00,3,120,1.1428571428571428,0.0,2.8190720877207966,0.1501333333333333,13.692,6.0,15,19.5432132123842,,4000.0,0.0,0.0,0.0,41.04606075580188,optimal
2021-02-11 04:00:00,3,120,1.1428571428571428,0.0,0.0,0.06,14.007,6.0,15,19.55029731600233,,4000.0,0.0,0.0,0.0,41.00501469504607,optimal
2021-02-11 04:30:00,3,120,1.1428571428571428,0.0,5.0,0.1726666666666666,12.873,6.0,15,19.55676498045197,,4000.0,0.0,0.0,0.0,43.33900968035103,optimal
2021-02-11 05:00:00,3,120,1.1428571428571428,0.0,5.0,0.06,12.684,6.0,15,19.564592366354123,,4000.0,0.0,0.0,0.0,45.670670670670674,optimal
2021-02-11 05:30:00,3,120,1.1428571428571428,0.1548148148148148,5.0,0.1605,12.306,6.0,15,19.571031689967832,,4000.0,0.0,0.0,139.33333333333331,48.0,optimal
2021-02-11 06:00:00,3,120,1.1428571428571428,0.2322222222222222,0.0,0.1141666666666666,10.6365,6.0,15,19.58069288476913,,4000.0,0.0,0.0,209.0,47.83573969450077,optimal
2021-02-11 06:30:00,3,120,1.1428571428571428,0.774074074074074,0.0,0.3731666666666667,11.2455,6.0,15,19.593092421419367,,4000.0,0.0,0.0,696.6666666666666,47.67164364930705,optimal
2021-02-11 07:00:00,3,120,1.1428571428571428,0.3096296296296296,0.0,0.4749666666666666,11.2455,6.0,15,19.61036612084533,,4000.0,0.0,0.0,278.66666666666663,47.50771170015852,optimal
2021-02-11 07:30:00,3,120,1.1428571428571428,32.61700941013671,0.0,1.6325999999999998,11.025,6.0,15,19.630109352249622,,4000.0,28658.641802456368,0.0,696.6666666666666,47.343943682959136,optimal
2021-02-11 08:00:00,3,120,1.1428571428571428,6.347407407407409,0.0,0.2357666666666666,12.0855,6.0,15,20.0,,4000.0,0.0,0.0,5712.666666666668,47.18033943377695,optimal
2021-02-11 08:30:00,3,120,1.1428571428571428,0.3096296296296296,0.0,0.1518,11.6865,6.0,15,20.016266987852223,,4000.0,0.0,0.0,278.66666666666663,47.016898788843946,optimal
2021-02-11 09:00:00,3,120,1.1428571428571428,3.0188888888888883,0.0,0.1636,11.2245,6.0,15,20.031798993782203,,4000.0,0.0,0.0,2716.9999999999995,46.853621584555874,optimal
2021-02-11 09:30:00,3,120,1.1428571428571428,0.1548148148148148,0.0,1.1204666666666667,11.025,6.0,15,20.04812984013613,,4000.0,0.0,0.0,139.33333333333331,46.6905076574721,optimal
2021-02-11 10:00:00,3,120,1.1428571428571428,0.0774074074074074,0.0,0.1489,10.7835,6.0,15,20.07033348271147,,4000.0,0.0,0.0,69.66666666666666,46.5275568443154,optimal
2021-02-11 10:30:00,3,120,1.1428571428571428,0.0,0.0,1.525766666666667,11.025,6.0,15,20.097451762253822,,4000.0,0.0,0.0,0.0,46.36476898197186,optimal
2021-02-11 11:00:00,3,120,1.1428571428571428,0.0,0.0,0.9712,10.584,6.0,15,20.12752851178096,,4000.0,0.0,0.0,0.0,46.20214390749066,optimal
2021-02-11 11:30:00,3,120,1.1428571428571428,0.1548148148148148,0.0,0.4966,11.025,6.0,15,20.162695496321263,,4000.0,0.0,0.0,139.33333333333331,46.03968145808394,optimal
2021-02-11 12:00:00,3,120,1.1428571428571428,0.3096296296296296,0.0,0.282,10.4265,6.0,15,20.196458495205,,4000.0,0.0,0.0,278.66666666666663,45.87738147112663,optimal
2021-02-11 12:30:00,3,120,0.7407029425399481,0.0774074074074074,0.0,1.3476,12.789,6.0,15,20.225337998568943,,2592.460298889818,0.0,0.0,69.66666666666666,45.71524378415628,optimal
2021-02-11 13:00:00,3,120,1.1428571428571428,0.0,0.0,3.9424,12.684,6.0,15,20.24481803479172,,4000.0,0.0,0.0,0.0,45.553268234872895,optimal
2021-02-11 13:30:00,3,120,0.0,0.2322222222222222,0.0,3.007766666666667,16.254,6.0,15,20.29043693366296,,0.0,0.0,0.0,209.0,45.3914546611388,optimal
2021-02-11 14:00:00,3,120,0.0,0.0,0.0,1.3311,17.64,6.0,15,20.28659019961309,,0.0,0.0,0.0,0.0,45.229802900978434,optimal
2021-02-11 14:30:00,3,120,0.0,0.1548148148148148,0.0,0.6149,19.1625,6.0,15,20.275848506325165,,0.0,0.0,0.0,139.33333333333331,45.06831279257823,optimal
2021-02-11 15:00:00,3,120,0.0,0.2322222222222222,0.0,0.3329666666666666,26.46,6.0,15,20.265501872678563,,0.0,0.0,0.0,209.0,44.90698417428643,optimal
2021-02-11 15:30:00,3,120,0.0,0.0774074074074074,0.0,0.2943666666666666,20.79,6.0,15,20.25159743174412,,0.0,0.0,0.0,69.66666666666666,44.745816884612914,optimal
2021-02-11 16:00:00,3,120,0.0,0.0,0.0,0.8969,29.106,6.0,15,20.23411297818216,,0.0,0.0,0.0,0.0,44.58481076222908,optimal
2021-02-11 16:30:00,3,120,0.0,0.9288888888888888,0.0,2.567,19.1835,6.0,15,20.21292831935519,,0.0,0.0,0.0,836.0,44.42396564596762,optimal
2021-02-11 17:00:00,3,120,0.0,1.2385185185185184,0.0,2.1085666666666665,19.6665,6.0,15,20.195449947488022,,0.0,0.0,0.0,1114.6666666666663,44.26328137482243,optimal
2021-02-11 17:30:00,3,120,0.0,0.0774074074074074,0.0,0.3566,19.404,6.0,15,20.176340586525463,,0.0,0.0,0.0,69.66666666666666,44.10275778794838,optimal
2021-02-11 18:00:00,3,120,0.0,0.2322222222222222,0.0,0.6376000000000001,19.047,6.0,15,20.15415879672942,,0.0,0.0,0.0,209.0,43.942394724661206,optimal
2021-02-11 18:30:00,3,120,0.0,0.6192592592592592,0.0,0.1264,18.858,6.0,15,20.13135889290376,,0.0,0.0,0.0,557.3333333333333,43.78219202443732,optimal
2021-02-11 19:00:00,3,120,0.0,0.2322222222222222,0.0,0.1934,19.2675,6.0,15,20.10125259897437,,0.0,0.0,0.0,209.0,43.73840983241288,optimal
2021-02-11 19:30:00,3,120,0.0,0.0,0.0,0.3464666666666666,18.963,6.0,15,20.06875819954689,,0.0,0.0,0.0,0.0,43.69467142258047,optimal
2021-02-11 20:00:00,3,120,0.0,0.1548148148148148,0.0,0.0853333333333333,18.438,6.0,15,20.036685255764944,,0.0,0.0,0.0,139.33333333333331,43.65097675115789,optimal
2021-02-11 20:30:00,3,120,0.0,0.1548148148148148,0.0,0.2038666666666666,18.7425,6.0,15,20.0,,0.0,0.0,0.0,139.33333333333331,43.60732577440673,optimal
2021-02-11 21:00:00,3,120,0.0,0.1548148148148148,0.0,0.3522,15.2145,6.0,15,19.96480762037275,,0.0,0.0,0.0,139.33333333333331,43.56371844863232,optimal
2021-02-11 21:30:00,3,120,0.0,0.0,0.0,0.2752,17.7765,6.0,15,19.9327928177778,,0.0,0.0,0.0,0.0,43.52015473018369,optimal
2021-02-11 22:00:00,3,120,0.0,0.2322222222222222,0.0,0.2654666666666666,16.758,6.0,15,19.89945829402233,,0.0,0.0,0.0,209.0,43.47663457545351,optimal
2021-02-11 22:30:00,3,120,0.0,0.0,0.0,0.2261666666666666,16.422,6.0,15,19.865522175162187,,0.0,0.0,0.0,0.0,43.43315794087805,optimal
2021-02-11 23:00:00,3,120,0.0,0.0,0.0,0.2987666666666666,16.758,6.0,15,19.830497909635184,,0.0,0.0,0.0,0.0,43.38972478293718,optimal
2021-02-11 23:30:00,3,120,0.0,0.2322222222222222,0.0,0.4326,29.358,6.0,15,19.79582192263671,,0.0,0.0,0.0,209.0,43.34633505815424,optimal
2021-02-12 00:00:00,3,120,0.0,0.0,0.0,0.054,25.83,6.0,16,19.79582192263671,,0.0,0.0,0.0,0.0,43.302988723096085,optimal
2021-02-12 00:30:00,3,120,0.0,0.0,0.0,0.0914,28.035,6.0,16,19.74565268721207,,0.0,0.0,0.0,0.0,43.25968573437299,optimal
2021-02-12 01:00:00,3,120,0.0,0.0,0.0,0.0924,28.119,6.0,16,19.69594107634131,,0.0,0.0,0.0,0.0,43.21642604863862,optimal
2021-02-12 01:30:00,3,120,0.0,0.0,0.0,0.0681666666666666,30.156,6.0,16,19.646328021864043,,0.0,0.0,0.0,0.0,43.17320962258998,optimal
2021-02-12 02:00:00,3,120,0.0,0.0,0.0,0.2101666666666666,29.1585,6.0,16,19.596716365887893,,0.0,0.0,0.0,0.0,43.13003641296739,optimal
2021-02-12 02:30:00,3,120,0.0,0.0,0.0,0.0728,26.712,6.0,16,19.549131217163097,,0.0,0.0,0.0,0.0,43.08690637655442,optimal
2021-02-12 03:00:00,3,120,1.1428571428571428,0.0,0.0,0.063,15.435,6.0,16,19.500561729963696,,4000.0,0.0,0.0,0.0,43.04381947017787,optimal
2021-02-12 03:30:00,3,120,1.1428571428571428,0.0,0.0,0.1095,13.566,6.0,16,19.501293289638564,,4000.0,0.0,0.0,0.0,43.000775650707695,optimal
2021-02-12 04:00:00,3,120,1.1428571428571428,0.0,0.0,0.1655666666666666,12.789,6.0,16,19.50397767191351,,4000.0,0.0,0.0,0.0,42.95777487505698,optimal
2021-02-12 04:30:00,3,120,1.1428571428571428,0.0,0.0,0.0760666666666666,12.1275,6.0,16,19.50872754961187,,4000.0,0.0,0.0,0.0,42.91481710018193,optimal
2021-02-12 05:00:00,3,120,1.1428571428571428,0.0,0.0,0.1282666666666666,13.671,6.0,16,19.51376548466301,,4000.0,0.0,0.0,0.0,42.87190228308175,optimal
2021-02-12 05:30:00,3,120,1.1428571428571428,0.0,5.0,0.1598666666666666,10.668,6.0,16,19.52081714401076,,4000.0,0.0,0.0,0.0,45.20403038079866,optimal
2021-02-12 06:00:00,3,120,1.1428571428571428,0.0,1.0775669900059217,0.0955333333333333,11.7285,6.0,16,19.529825835335707,,4000.0,0.0,0.0,0.0,45.670670670670674,optimal
2021-02-12 06:30:00,3,120,1.1428571428571428,0.1548148148148148,5.0,0.2298333333333332,11.025,6.0,16,19.540289014782747,,4000.0,0.0,0.0,139.33333333333331,48.0,optimal
2021-02-12 07:00:00,3,120,1.1428571428571428,4.680222906124441,0.0,0.4047666666666666,10.689,6.0,16,19.555511891971666,,4000.0,3933.5339488453305,0.0,278.66666666666663,47.36604021318277,optimal
2021-02-12 07:30:00,3,120,1.1428571428571428,33.333333333333336,0.0,0.3626333333333333,8.1585,6.0,16,19.62151155503433,,4000.0,29721.33333333333,0.0,278.66666666666663,46.732714386152345,optimal
2021-02-12 08:00:00,3,120,1.1428571428571428,0.4288370370370369,0.0,0.208,10.3635,6.0,16,20.0,,4000.0,0.0,0.0,385.95333333333326,46.10002188494896,optimal
2021-02-12 08:30:00,3,120,1.1428571428571428,0.0356074074074074,0.0,0.4226,10.8045,6.0,16,20.010650251666306,,4000.0,0.0,0.0,32.046666666666674,45.46796207624678,optimal
2021-02-12 09:00:00,3,120,1.1428571428571428,0.5418518518518518,0.0,0.7466666666666666,11.025,6.0,16,20.023225134491845,,4000.0,0.0,0.0,487.6666666666667,44.8365343273533,optimal
2021-02-12 09:30:00,3,120,1.1428571428571428,0.4644444444444444,0.0,0.2391333333333333,10.3635,6.0,16,20.04330476222881,,4000.0,0.0,0.0,418.0,44.20573800620871,optimal
2021-02-12 10:00:00,3,120,1.1428571428571428,0.387037037037037,0.0,0.3597333333333333,10.8045,6.0,16,20.060068702087857,,4000.0,0.0,0.0,348.3333333333333,43.57557248138527,optimal
2021-02-12 10:30:00,3,120,1.1428571428571428,0.1548148148148148,0.0,1.3124333333333331,10.059,6.0,16,20.08461462624852,,4000.0,0.0,0.0,139.33333333333331,42.94603712208665,optimal
2021-02-12 11:00:00,3,120,1.1428571428571428,0.0,0.0,0.2199666666666666,10.584,6.0,16,20.11499818698909,,4000.0,0.0,0.0,0.0,42.31713129814733,optimal
2021-02-12 11:30:00,3,120,1.1428571428571428,0.0,0.0,0.063,9.4185,6.0,16,20.13688759266367,,4000.0,0.0,0.0,0.0,41.68885438003195,optimal
2021-02-12 12:00:00,3,120,1.1428571428571428,0.0,0.0,0.2199666666666666,10.3635,6.0,16,20.156920507549643,,4000.0,0.0,0.0,0.0,41.06120573883468,optimal
2021-02-12 12:30:00,3,120,1.1428571428571428,0.0,0.0,0.0681666666666666,9.8385,6.0,16,20.1799591023892,,4000.0,0.0,0.0,0.0,40.43418474627861,optimal
2021-02-12 13:00:00,3,120,1.1428571428571428,0.0,0.0,0.063,11.067,6.0,16,20.201201870207075,,4000.0,0.0,0.0,0.0,39.807790774715095,optimal
2021-02-12 13:30:00,3,120,1.1428571428571428,0.0,0.0,0.3758333333333333,10.8465,6.0,16,20.22237408103162,,4000.0,0.0,0.0,0.0,39.18202319712314,optimal
2021-02-12 14:00:00,3,120,0.0,0.0,0.0,0.2597666666666666,13.671,6.0,16,20.2487683793884,,0.0,0.0,0.0,0.0,38.55688138710879,optimal
2021-02-12 14:30:00,3,120,1.1428571428571428,0.0,0.0,0.1287666666666666,12.348,6.0,16,20.22521512021825,,4000.0,0.0,0.0,0.0,37.932364718904445,optimal
2021-02-12 15:00:00,3,120,0.0,0.0,0.0,0.1542666666666667,14.3325,6.0,16,20.248437498855115,,0.0,0.0,0.0,0.0,37.30847256736831,optimal
2021-02-12 15:30:00,3,120,0.0,0.0,0.0,0.2318,15.393,6.0,16,20.22235507098298,,0.0,0.0,0.0,0.0,36.6852043079837,optimal
2021-02-12 16:00:00,3,120,0.0,0.0,0.0,0.1506666666666666,13.587,6.0,16,20.19920087522387,,0.0,0.0,0.0,0.0,36.64851910367572,optimal
2021-02-12 16:30:00,3,120,0.0,0.2322222222222222,0.0,0.2401,16.1385,6.0,16,20.171943784543547,,0.0,0.0,0.0,209.0,36.61187058457204,optimal
2021-02-12 17:00:00,3,120,0.0,0.6192592592592592,0.0,0.2603333333333333,14.595,6.0,16,20.146756233976483,,0.0,0.0,0.0,557.3333333333333,36.575258713987466,optimal
2021-02-12 17:30:00,3,120,0.0,0.1548148148148148,0.0,0.2374666666666666,14.637,6.0,16,20.12069987570797,,0.0,0.0,0.0,139.33333333333331,36.53868345527348,optimal
2021-02-12 18:00:00,3,120,0.0,2.4770370370370367,0.0,0.3069666666666666,13.9125,6.0,16,20.094336112590906,,0.0,0.0,0.0,2229.333333333333,36.5021447718182,optimal
2021-02-12 18:30:00,3,120,0.0,0.6192592592592592,0.0,0.2678,13.3665,6.0,16,20.069096155721297,,0.0,0.0,0.0,557.3333333333333,36.46564262704639,optimal
2021-02-12 19:00:00,3,120,0.7223071339781624,0.0,0.0,0.3243999999999999,13.0095,6.0,16,20.043254844283336,,2528.074968923568,0.0,0.0,0.0,36.42917698441934,optimal
2021-02-12 19:30:00,3,120,0.0,0.0,0.0,0.4678333333333333,13.8915,6.0,16,20.049040642420508,,0.0,0.0,0.0,0.0,36.39274780743492,optimal
2021-02-12 20:00:00,3,120,0.0,0.3096296296296296,0.0,0.2424666666666666,13.188,6.0,16,20.02647986642113,,0.0,0.0,0.0,278.66666666666663,36.35635505962749,optimal
2021-02-12 20:30:00,3,120,0.0,0.0,0.0,0.221,12.5685,6.0,16,20.0,,0.0,0.0,0.0,0.0,36.319998704567865,optimal
2021-02-12 21:00:00,3,120,0.0,0.387037037037037,0.0,0.3743999999999999,12.285,6.0,16,19.9731952497622,,0.0,0.0,0.0,348.3333333333333,36.283678705863295,optimal
2021-02-12 21:30:00,3,120,0.0,0.0,0.0,2.464066666666666,11.487,6.0,16,19.94508176404613,,0.0,0.0,0.0,0.0,36.24739502715743,optimal
2021-02-12 22:00:00,3,120,0.0,0.0,0.0,0.1683,11.802,6.0,16,19.93275065312061,,0.0,0.0,0.0,0.0,36.21114763213027,optimal
2021-02-12 22:30:00,3,120,0.0,0.0,0.0,0.063,11.2245,6.0,16,19.89667766350728,,0.0,0.0,0.0,0.0,36.17493648449814,optimal
2021-02-12 23:00:00,3,120,0.0,0.0,0.0,0.0924,11.025,6.0,16,19.85939339012137,,0.0,0.0,0.0,0.0,36.13876154801364,optimal
2021-02-12 23:30:00,3,120,0.0,0.0,0.0,0.1957333333333333,11.907,6.0,16,19.82254119604215,,0.0,0.0,0.0,0.0,36.10262278646562,optimal
2021-02-13 00:00:00,3,120,0.4443582174654605,0.0,0.0,0.061,12.789,6.0,6,19.82254119604215,,1555.2537611291118,0.0,0.0,0.0,36.06652016367916,optimal
2021-02-13 00:30:00,3,120,1.1428571428571428,0.0,0.0,0.061,11.907,6.0,6,19.804458960845103,,4000.0,0.0,0.0,0.0,36.03045364351548,optimal
2021-02-13 01:00:00,3,120,1.1428571428571428,0.0,0.0,0.0766666666666666,11.025,6.0,6,19.816294440750028,,4000.0,0.0,0.0,0.0,35.994423189871966,optimal
2021-02-13 01:30:00,3,120,1.1428571428571428,0.0,1.457356928940439,0.155,8.2005,6.0,6,19.82839644092571,,4000.0,0.0,0.0,0.0,36.650673307928805,optimal
2021-02-13 02:00:00,3,120,1.1428571428571428,0.0,0.0,0.061,9.5655,6.0,6,19.841527859821344,,4000.0,0.0,0.0,0.0,36.61402263462087,optimal
2021-02-13 02:30:00,3,120,1.1428571428571428,0.0,5.0,0.061,7.056,6.0,6,19.85358723273305,,4000.0,0.0,0.0,0.0,38.95240861198624,optimal
2021-02-13 03:00:00,3,120,1.1428571428571428,0.0,0.0,0.1706666666666666,9.3975,6.0,6,19.86562269717989,,4000.0,0.0,0.0,0.0,38.91345620337426,optimal
2021-02-13 03:30:00,3,120,1.1428571428571428,0.0,0.0,0.061,10.059,6.0,6,19.87897029753607,,4000.0,0.0,0.0,0.0,38.874542747170885,optimal
2021-02-13 04:00:00,3,120,1.1428571428571428,0.0,0.0,0.061,9.261,6.0,6,19.890856310318263,,4000.0,0.0,0.0,0.0,38.835668204423705,optimal
2021-02-13 04:30:00,3,120,1.1428571428571428,0.0,5.0,0.1001666666666666,8.1585,6.0,6,19.90261963018987,,4000.0,0.0,0.0,0.0,41.17183253621928,optimal
2021-02-13 05:00:00,3,120,1.1428571428571428,0.0,0.0,0.1315,9.4815,6.0,6,19.91463851403073,,4000.0,0.0,0.0,0.0,41.13066070368306,optimal
2021-02-13 05:30:00,3,120,1.1428571428571428,0.0,0.0,0.061,8.379,6.0,6,19.926817026813907,,4000.0,0.0,0.0,0.0,41.089530042979376,optimal
2021-02-13 06:00:00,3,120,1.1428571428571428,0.2322222222222222,0.0,0.0675333333333333,9.5235,6.0,6,19.93791428344612,,4000.0,0.0,0.0,209.0,41.0484405129364,optimal
2021-02-13 06:30:00,3,120,1.1428571428571428,0.5062444444444444,5.0,0.078,8.1375,6.0,6,19.95029214746921,,4000.0,0.0,0.0,455.62,43.38239207242345,optimal
2021-02-13 07:00:00,3,120,1.1428571428571428,3.51894074074074,0.0,0.1351333333333333,10.0905,6.0,6,19.9645783583064,,4000.0,0.0,0.0,3167.046666666666,43.33900968035103,optimal
2021-02-13 07:30:00,3,120,1.1428571428571428,0.6192592592592592,5.0,1.0068333333333337,7.539,6.0,6,19.98104932643444,,4000.0,0.0,0.0,557.3333333333333,45.670670670670674,optimal
2021-02-13 08:00:00,3,120,1.1428571428571428,1.470740740740741,5.0,1.193266666666667,7.938,6.0,6,20.0,,4000.0,0.0,0.0,1323.6666666666667,48.0,optimal
2021-02-13 08:30:00,3,120,1.1428571428571428,0.1548148148148148,0.0,1.020333333333333,8.274,6.0,6,20.01938805815813,,4000.0,0.0,0.0,139.33333333333331,47.846210743876405,optimal
2021-02-13 09:00:00,3,120,1.1428571428571428,0.387037037037037,0.0,2.557,9.261,6.0,6,20.03799947335729,,4000.0,0.0,0.0,348.3333333333333,47.692575277008935,optimal
2021-02-13 09:30:00,3,120,1.1428571428571428,0.1548148148148148,0.0,0.8998333333333334,9.9225,6.0,6,20.0682849577521,,4000.0,0.0,0.0,139.33333333333331,47.53909344560833,optimal
2021-02-13 10:00:00,3,120,1.1428571428571428,0.0,0.0,0.1728333333333333,9.702,6.0,6,20.086427770601187,,4000.0,0.0,0.0,0.0,47.38576509603913,optimal
2021-02-13 10:30:00,3,120,1.1428571428571428,0.0,0.0,0.071,10.584,6.0,6,20.100788754967763,,4000.0,0.0,0.0,0.0,47.2325900748195,optimal
2021-02-13 11:00:00,3,120,1.1428571428571428,0.0,0.0,0.1728333333333333,10.143,6.0,6,20.11397982730428,,4000.0,0.0,0.0,0.0,47.079568228621085,optimal
2021-02-13 11:30:00,3,120,0.0,0.0,0.0,0.0788333333333333,13.0095,6.0,6,20.13197435125955,,0.0,0.0,0.0,0.0,46.92669940426888,optimal
2021-02-13 12:00:00,3,120,1.1428571428571428,0.0,0.0,0.116,11.025,6.0,6,20.100157814901426,,4000.0,0.0,0.0,0.0,46.77398344874101,optimal
2021-02-13 12:30:00,3,120,0.0,0.0,0.0,0.2256666666666666,12.789,6.0,6,20.11970438375364,,0.0,0.0,0.0,0.0,46.62142020916868,optimal
2021-02-13 13:00:00,3,120,1.1428571428571428,0.0,0.0,0.071,12.1275,6.0,6,20.09201708064668,,4000.0,0.0,0.0,0.0,46.46900953283592,optimal
2021-02-13 13:30:00,3,120,1.1428571428571428,0.0,0.0,0.0866666666666666,12.1695,6.0,6,20.111477440396644,,4000.0,0.0,0.0,0.0,46.31675126717949,optimal
2021-02-13 14:00:00,3,120,0.5175255151166387,0.0,0.0,0.165,12.306,6.0,6,20.131288331756828,,1811.339302908236,0.0,0.0,0.0,46.16464525978872,optimal
2021-02-13 14:30:00,3,120,0.0,0.0,0.0,0.071,13.23,6.0,6,20.12293204055357,,0.0,0.0,0.0,0.0,46.01269135840534,optimal
2021-02-13 15:00:00,3,120,0.0,0.0,0.0,0.1806666666666666,13.671,6.0,6,20.09157907515237,,0.0,0.0,0.0,0.0,45.86088941092334,optimal
2021-02-13 15:30:00,3,120,0.0,0.0,0.0,0.1649,13.9335,6.0,6,20.05962517339265,,0.0,0.0,0.0,0.0,45.70923926538882,optimal
2021-02-13 16:00:00,3,120,0.0,0.1548148148148148,0.0,0.2633999999999999,13.293,6.0,6,20.02936655999688,,0.0,0.0,0.0,139.33333333333331,45.55774076999984,optimal
2021-02-13 16:30:00,3,120,0.2502489700457224,0.1548148148148148,0.0,1.7673333333333332,12.1065,6.0,6,20.0,,875.8713951600286,0.0,0.0,139.33333333333331,45.406393773106245,optimal
2021-02-13 17:00:00,3,120,0.9103145695947834,0.0,0.0,0.206,11.571,6.0,6,20.0,,3186.100993581742,0.0,0.0,0.0,45.255198123209546,optimal
2021-02-13 17:30:00,3,120,1.1428571428571428,0.3096296296296296,0.0,0.206,11.025,6.0,6,20.007815273556727,,4000.0,0.0,0.0,278.66666666666663,45.104153668962745,optimal
2021-02-13 18:00:00,3,120,1.1428571428571428,0.387037037037037,0.0,0.3547333333333333,10.8465,6.0,6,20.025636552187283,,4000.0,0.0,0.0,348.3333333333333,44.953260259170186,optimal
2021-02-13 18:30:00,3,120,1.1428571428571428,0.3096296296296296,0.0,0.2362,11.2455,6.0,6,20.047457152244217,,4000.0,0.0,0.0,278.66666666666663,44.80251774278742,optimal
2021-02-13 19:00:00,3,120,0.0,0.2322222222222222,0.0,0.199,23.8665,6.0,6,20.068600964657133,,0.0,0.0,0.0,209.0,44.65192596892104,optimal
2021-02-13 19:30:00,3,120,0.0,0.0,0.0,2.181633333333333,27.4575,6.0,6,20.040088189855336,,0.0,0.0,0.0,0.0,44.50148478682853,optimal
2021-02-13 20:00:00,3,120,0.0,0.0,0.0,0.3591333333333333,27.3735,6.0,6,20.026474414165047,,0.0,0.0,0.0,0.0,44.351194045918106,optimal
2021-02-13 20:30:00,3,120,0.0,0.0,0.0,0.0805,30.4605,6.0,6,20.0,,0.0,0.0,0.0,0.0,44.2010535957486,optimal
2021-02-13 21:00:00,3,120,0.0,0.0,0.0,0.6459,30.0195,6.0,6,19.97037598471519,,0.0,0.0,0.0,0.0,44.051063286029255,optimal
2021-02-13 21:30:00,3,120,0.0,0.0,0.0,1.6175333333333333,26.9325,6.0,6,19.94411300928992,,0.0,0.0,0.0,0.0,44.00701222274323,optimal
2021-02-13 22:00:00,3,120,0.0,0.0774074074074074,0.0,0.2169,14.595,6.0,6,19.92019144393486,,0.0,0.0,0.0,69.66666666666666,43.963005210520485,optimal
2021-02-13 22:30:00,3,120,0.0,0.0,0.0,0.2823333333333333,12.4845,6.0,6,19.888542488052995,,0.0,0.0,0.0,0.0,43.91904220530997,optimal
2021-02-13 23:00:00,3,120,0.0,0.0,0.0,0.1493333333333333,12.1275,6.0,6,19.85640283883973,,0.0,0.0,0.0,0.0,43.875123163104654,optimal
2021-02-13 23:30:00,3,120,0.0,0.0,0.0,0.067,12.1275,6.0,6,19.820657631805457,,0.0,0.0,0.0,0.0,43.83124803994155,optimal
2021-02-07 00:00:00,4,120,0.0,0.0,0.709496198021363,0.059,11.382,6.0,18,21.0,,0.0,0.0,0.0,0.0,48.28901069406015,optimal
2021-02-07 00:30:00,4,120,0.0,0.0,0.0,0.059,11.7495,6.0,18,20.96715361810209,,0.0,0.0,0.0,0.0,48.24072168336608,optimal
2021-02-07 01:00:00,4,120,0.0,0.0,0.0,0.059,24.3285,6.0,18,20.93417409993494,,0.0,0.0,0.0,0.0,48.19248096168271,optimal
2021-02-07 01:30:00,4,120,0.0,0.0,0.0,0.2093333333333333,28.917,6.0,18,20.90106170944955,,0.0,0.0,0.0,0.0,48.144288480721016,optimal
2021-02-07 02:00:00,4,120,0.0,0.0,0.0,0.0683333333333333,31.3635,6.0,18,20.869747250482224,,0.0,0.0,0.0,0.0,48.096144192240295,optimal
2021-02-07 02:30:00,4,120,0.0,0.0,0.0,0.1423,33.306,6.0,18,20.8365643339897,,0.0,0.0,0.0,0.0,48.048048048048045,optimal
2021-02-07 03:00:00,4,120,0.0,0.2322222222222222,0.0,0.131,31.3425,6.0,18,20.80451144526559,,0.0,0.0,0.0,209.0,48.0,optimal
2021-02-07 03:30:00,4,120,0.0,0.0,0.0,0.0863333333333333,28.2555,6.0,18,20.77151209698493,,0.0,0.0,0.0,0.0,47.76645711226831,optimal
2021-02-07 04:00:00,4,120,0.0,0.0,0.0,0.188,15.6975,6.0,18,20.737337964361068,,0.0,0.0,0.0,0.0,47.533147767424346,optimal
2021-02-07 04:30:00,4,120,0.0,0.0,0.0,0.0596666666666666,12.5475,6.0,18,20.704297900129248,,0.0,0.0,0.0,0.0,47.30007173192523,optimal
2021-02-07 05:00:00,4,120,0.0,0.0,0.0,0.1683333333333333,12.0855,6.0,18,20.669824911684483,,0.0,0.0,0.0,0.0,47.06722877246161,optimal
2021-02-07 05:30:00,4,120,0.0,0.0,0.0,0.1093333333333333,11.907,6.0,18,20.63675220429942,,0.0,0.0,0.0,0.0,46.834618655957456,optimal
2021-02-07 06:00:00,4,120,0.0,0.0,0.0,0.1228333333333333,12.5685,6.0,18,20.602912605515066,,0.0,0.0,0.0,0.0,46.60224114956981,optimal
2021-02-07 06:30:00,4,120,0.0,0.0,0.0,0.1478333333333333,13.146,6.0,18,20.569389833898704,,0.0,0.0,0.0,0.0,46.37009602068854,optimal
2021-02-07 07:00:00,4,120,0.0,0.3096296296296296,0.0,0.1077,10.584,6.0,18,20.536167379189564,,0.0,0.0,0.0,278.66666666666663,46.13818303693616,optimal
2021-02-07 07:30:00,4,120,0.0,0.8514814814814814,0.0,0.3683666666666667,6.678,6.0,18,20.503210535429456,,0.0,0.0,0.0,766.3333333333333,45.90650196616753,optimal
2021-02-07 08:00:00,4,120,0.0,0.4644444444444444,0.0,1.1779666666666666,7.938,6.0,18,20.47504889322732,,0.0,0.0,0.0,418.0,45.67505257646968,optimal
2021-02-07 08:30:00,4,120,0.0,0.0,0.0,0.9714,5.292,6.0,18,20.44456101564068,,0.0,0.0,0.0,0.0,45.44383463616151,optimal
2021-02-07 09:00:00,4,120,0.0,0.0,0.0,0.1851666666666666,9.261,6.0,18,20.411010146730263,,0.0,0.0,0.0,0.0,45.21284791379366,optimal
2021-02-07 09:30:00,4,120,0.0,0.0,0.0,0.069,10.3635,6.0,18,20.376497619366067,,0.0,0.0,0.0,0.0,44.98209217814817,optimal
2021-02-07 10:00:00,4,120,0.0,0.0,0.0,0.1168333333333333,8.274,6.0,18,20.340737461194784,,0.0,0.0,0.0,0.0,44.751567198238334,optimal
2021-02-07 10:30:00,4,120,0.0,0.0,0.0,0.1715,7.7175,6.0,18,20.306957980248697,,0.0,0.0,0.0,0.0,44.5212727433084,optimal
2021-02-07 11:00:00,4,120,0.0,0.0,0.0,0.069,6.615,6.0,18,20.27371318105742,,0.0,0.0,0.0,0.0,44.2912085828334,optimal
2021-02-07 11:30:00,4,120,0.0,0.0,0.0,0.2193333333333333,6.174,6.0,18,20.24073535693592,,0.0,0.0,0.0,0.0,44.06137448651887,optimal
2021-02-07 12:00:00,4,120,0.0,0.0,0.0,0.069,3.906,6.0,18,20.209654325689264,,0.0,0.0,0.0,0.0,43.83177022430066,optimal
2021-02-07 12:30:00,4,120,0.5054548047409111,0.0,0.0,0.1578333333333333,2.3415,6.0,18,20.17793449065075,,1769.091816593189,0.0,0.0,0.0,43.60239556634467,optimal
2021-02-07 13:00:00,4,120,1.1428571428571428,0.0,0.0,1.7742,2.205,6.0,18,20.168911424050272,,4000.0,0.0,0.0,0.0,43.37325028304663,optimal
2021-02-07 13:30:00,4,120,1.1428571428571428,0.0,0.0,0.3858,0.882,6.0,18,20.19027557833166,,4000.0,0.0,0.0,0.0,43.14433414503189,optimal
2021-02-07 14:00:00,4,120,1.1428571428571428,0.0,0.0,2.1424333333333334,1.5435,6.0,18,20.20991333479097,,4000.0,0.0,0.0,0.0,42.915646923155165,optimal
2021-02-07 14:30:00,4,120,1.1428571428571428,0.0,0.0,0.8025333333333333,1.5435,6.0,18,20.233616671923528,,4000.0,0.0,0.0,0.0,42.68718838850032,optimal
2021-02-07 15:00:00,4,120,0.0,0.0,0.0,0.8681,5.0715,6.0,18,20.25459302649013,,0.0,0.0,0.0,0.0,42.458958312380126,optimal
2021-02-07 15:30:00,4,120,0.0,0.0,0.0,0.4482,5.376,6.0,18,20.22551535976257,,0.0,0.0,0.0,0.0,42.23095646633605,optimal
2021-02-07 16:00:00,4,120,0.0,0.4644444444444444,0.0,2.1171666666666664,5.0715,6.0,18,20.197714252561926,,0.0,0.0,0.0,418.0,42.00318262213803,optimal
2021-02-07 16:30:00,4,120,0.0,0.5418518518518518,0.0,1.7594,5.5125,6.0,18,20.175367149025814,,0.0,0.0,0.0,487.6666666666667,41.7756365517842,optimal
2021-02-07 17:00:00,4,120,0.0,0.1548148148148148,0.0,2.869933333333333,9.261,6.0,18,20.15376792543353,,0.0,0.0,0.0,139.33333333333331,41.54831802750072,optimal
2021-02-07 17:30:00,4,120,0.0,0.0,0.0,0.7176333333333333,11.7075,6.0,18,20.129116773961268,,0.0,0.0,0.0,0.0,41.321226821741526,optimal
2021-02-07 18:00:00,4,120,0.0,0.1548148148148148,0.0,1.8549,12.348,6.0,18,20.10643797407289,,0.0,0.0,0.0,139.33333333333331,41.09436270718809,optimal
2021-02-07 18:30:00,4,120,0.0,0.3096296296296296,0.0,0.3751,12.348,6.0,18,20.091753007671823,,0.0,0.0,0.0,278.66666666666663,40.867725456749206,optimal
2021-02-07 19:00:00,4,120,0.0,0.0,0.0,1.5753,12.1275,6.0,18,20.06862982195509,,0.0,0.0,0.0,0.0,40.64131484356077,optimal
2021-02-07 19:30:00,4,120,0.0,0.0,0.0,1.7175,12.5265,6.0,18,20.04565733325199,,0.0,0.0,0.0,0.0,40.41513064098551,optimal
2021-02-07 20:00:00,4,120,0.0,0.4644444444444444,0.0,1.8798333333333328,11.7495,6.0,18,20.02328362976568,,0.0,0.0,0.0,418.0,40.18917262261283,optimal
2021-02-07 20:30:00,4,120,0.0,0.0,0.0,1.1248,13.23,6.0,18,20.0,,0.0,0.0,0.0,0.0,39.963440562258526,optimal
2021-02-07 21:00:00,4,120,0.0,0.0,0.0,0.2392666666666666,14.3325,6.0,18,19.97563191987267,,0.0,0.0,0.0,0.0,39.73793423396457,optimal
2021-02-07 21:30:00,4,120,0.0,0.0,0.0,0.2584666666666666,14.994,6.0,18,19.9484376369414,,0.0,0.0,0.0,0.0,39.69819629973061,optimal
2021-02-07 22:00:00,4,120,0.0,0.2322222222222222,0.0,0.1893333333333333,14.8155,6.0,18,19.922253988407128,,0.0,0.0,0.0,209.0,39.65849810343088,optimal
2021-02-07 22:30:00,4,120,0.0,0.2322222222222222,0.0,0.294,14.112,6.0,18,19.89528004460676,,0.0,0.0,0.0,209.0,39.61883960532745,optimal
2021-02-07 23:00:00,4,120,0.0,4.334814814814815,0.0,0.3457,14.007,6.0,18,19.87064579809165,,0.0,0.0,0.0,3901.3333333333335,39.57922076572213,optimal
2021-02-07 23:30:00,4,120,0.0,0.0,0.0,0.069,13.23,6.0,18,19.84549634802728,,0.0,0.0,0.0,0.0,39.5396415449564,optimal
2021-02-08 00:00:00,4,120,1.1428571428571428,0.0,0.0,0.064,11.2665,6.0,4,19.84549634802728,,4000.0,0.0,0.0,0.0,39.50010190341145,optimal
2021-02-08 00:30:00,4,120,1.1428571428571428,0.0,0.0,0.1354,10.143,6.0,4,19.860737009020344,,4000.0,0.0,0.0,0.0,39.460601801508034,optimal
2021-02-08 01:00:00,4,120,1.1428571428571428,0.0,0.0,0.064,11.2455,6.0,4,19.876817273751527,,4000.0,0.0,0.0,0.0,39.421141199706526,optimal
2021-02-08 01:30:00,4,120,1.1428571428571428,0.0,0.0,0.064,11.025,6.0,4,19.89199583904047,,4000.0,0.0,0.0,0.0,39.38172005850682,optimal
2021-02-08 02:00:00,4,120,1.1428571428571428,0.0,3.8465416569740656,0.1354,5.9745,6.0,4,19.90704518372651,,4000.0,0.0,0.0,0.0,41.169445625511,optimal
2021-02-08 02:30:00,4,120,1.1428571428571428,0.0,0.0,0.064,7.938,6.0,4,19.922835383304207,,4000.0,0.0,0.0,0.0,41.12827617988548,optimal
2021-02-08 03:00:00,4,120,1.1428571428571428,0.0,0.0,0.064,8.6835,6.0,4,19.937823586655128,,4000.0,0.0,0.0,0.0,41.08714790370559,optimal
2021-02-08 03:30:00,4,120,1.1428571428571428,0.0,0.0,0.064,7.665,6.0,4,19.9528812030938,,4000.0,0.0,0.0,0.0,41.04606075580188,optimal
2021-02-08 04:00:00,4,120,1.1428571428571428,0.0,0.0,0.064,6.7725,6.0,4,19.967809838718267,,4000.0,0.0,0.0,0.0,41.00501469504607,optimal
2021-02-08 04:30:00,4,120,1.1428571428571428,0.0,5.0,0.1354,5.5755,6.0,4,19.98260974924111,,4000.0,0.0,0.0,0.0,43.33900968035103,optimal
2021-02-08 05:00:00,4,120,1.1428571428571428,0.0,5.0,0.064,5.0925,6.0,4,19.998051881031447,,4000.0,0.0,0.0,0.0,45.670670670670674,optimal
2021-02-08 05:30:00,4,120,1.1428571428571428,0.0,5.0,0.1643,4.1895,6.0,4,20.01239532223208,,4000.0,0.0,0.0,0.0,48.0,optimal
2021-02-08 06:00:00,4,120,1.1428571428571428,0.0,0.0,0.2869,7.056,6.0,4,20.028462508608587,,4000.0,0.0,0.0,0.0,47.79512020161925,optimal
2021-02-08 06:30:00,4,120,1.1428571428571428,0.6192592592592592,0.0,0.2236666666666666,5.271,6.0,4,20.046515191732105,,4000.0,0.0,0.0,557.3333333333333,47.59044528303688,optimal
2021-02-08 07:00:00,4,120,1.1428571428571428,8.205185185185186,0.0,0.3517,7.938,6.0,4,20.063980585121524,,4000.0,0.0,0.0,7384.666666666667,47.38597503937309,optimal
2021-02-08 07:30:00,4,120,1.1428571428571428,2.167407407407408,0.0,0.9452333333333331,7.938,6.0,4,20.084758609027208,,4000.0,0.0,0.0,1950.666666666667,47.18170926595297,optimal
2021-02-08 08:00:00,4,120,1.1428571428571428,0.1548148148148148,0.0,0.8850333333333333,11.907,6.0,4,20.11319761283176,,4000.0,0.0,0.0,139.33333333333331,46.97764775830626,optimal
2021-02-08 08:30:00,4,120,1.1428571428571428,0.6966666666666667,0.0,0.4667,11.025,6.0,4,20.14268143622608,,4000.0,0.0,0.0,627.0,46.77379031216721,optimal
2021-02-08 09:00:00,4,120,1.1428571428571428,0.6192592592592592,0.0,0.2901,11.2875,6.0,4,20.16727722898324,,4000.0,0.0,0.0,557.3333333333333,46.57013672347429,optimal
2021-02-08 09:30:00,4,120,1.1428571428571428,0.0,0.0,0.2775,12.936,6.0,4,20.188348865309063,,4000.0,0.0,0.0,0.0,46.36668678837007,optimal
2021-02-08 10:00:00,4,120,1.1428571428571428,0.0774074074074074,0.0,0.2365,13.0095,6.0,4,20.20833320991849,,4000.0,0.0,0.0,69.66666666666666,46.16344030320095,optimal
2021-02-08 10:30:00,4,120,0.0,0.5418518518518518,0.0,0.3444,13.671,6.0,4,20.228760279625007,,0.0,0.0,0.0,487.6666666666667,45.960397064517,optimal
2021-02-08 11:00:00,4,120,0.0,0.0,0.0,0.1797,13.188,6.0,4,20.201008186856,,0.0,0.0,0.0,0.0,45.75755686907173,optimal
2021-02-08 11:30:00,4,120,0.0,0.0,0.0,0.162,13.8495,6.0,4,20.174012495679523,,0.0,0.0,0.0,0.0,45.55491951382191,optimal
2021-02-08 12:00:00,4,120,0.8809180337364966,0.0,0.0,0.167,13.23,6.0,4,20.147588977070868,,3083.213118077738,0.0,0.0,0.0,45.35248479592734,optimal
2021-02-08 12:30:00,4,120,0.0,0.0,0.0,0.074,13.3665,6.0,4,20.15937591265039,,0.0,0.0,0.0,0.0,45.15025251275066,optimal
2021-02-08 13:00:00,4,120,1.1428571428571428,0.0,0.0,0.074,13.0515,6.0,4,20.13013982428058,,4000.0,0.0,0.0,0.0,44.94822246185716,optimal
2021-02-08 13:30:00,4,120,0.0,0.0,0.0,0.0898666666666666,13.5345,6.0,4,20.149764444248223,,0.0,0.0,0.0,0.0,44.74639444101456,optimal
2021-02-08 14:00:00,4,120,0.0,0.0,0.0,0.1295333333333333,14.154,6.0,4,20.121012333720536,,0.0,0.0,0.0,0.0,44.5447682481928,optimal
2021-02-08 14:30:00,4,120,0.0,0.0,0.0,0.074,14.112,6.0,4,20.093063343200765,,0.0,0.0,0.0,0.0,44.34334368156385,optimal
2021-02-08 15:00:00,4,120,0.0,0.0,0.0,0.2074,14.2485,6.0,4,20.06419585275507,,0.0,0.0,0.0,0.0,44.14212053950154,optimal
2021-02-08 15:30:00,4,120,1.1428571428571428,0.0,0.0,1.1510333333333334,12.789,6.0,4,20.03666936812375,,4000.0,0.0,0.0,0.0,43.941098620581286,optimal
2021-02-08 16:00:00,4,120,1.1428571428571428,0.0,0.0,0.1454,13.0095,6.0,4,20.068312240868885,,4000.0,0.0,0.0,0.0,43.74027772357996,optimal
2021-02-08 16:30:00,4,120,1.1428571428571428,0.0,0.0,0.074,12.1275,6.0,4,20.084534559526546,,4000.0,0.0,0.0,0.0,43.53965764747563,optimal
2021-02-08 17:00:00,4,120,1.1428571428571428,0.0,0.0,0.074,12.348,6.0,4,20.099557512681915,,4000.0,0.0,0.0,0.0,43.3392381914474,optimal
2021-02-08 17:30:00,4,120,1.1428571428571428,0.6966666666666667,0.0,0.5491333333333334,12.348,6.0,4,20.11166818117247,,4000.0,0.0,0.0,627.0,43.1390191548752,optimal
2021-02-08 18:00:00,4,120,0.0,0.3096296296296296,0.0,0.2921666666666667,25.389,6.0,4,20.13230674532497,,0.0,0.0,0.0,278.66666666666663,42.93900033733957,optimal
2021-02-08 18:30:00,4,120,0.0,0.4644444444444444,0.0,2.373533333333333,29.1375,6.0,4,20.10262233395989,,0.0,0.0,0.0,418.0,42.73918153862148,optimal
2021-02-08 19:00:00,4,120,0.0,0.3096296296296296,0.0,1.0151666666666666,30.597,6.0,4,20.082703141467046,,0.0,0.0,0.0,278.66666666666663,42.53956255870211,optimal
2021-02-08 19:30:00,4,120,0.0,0.0,0.0,0.1774333333333333,33.684,6.0,4,20.05777950771953,,0.0,0.0,0.0,0.0,42.34014319776266,optimal
2021-02-08 20:00:00,4,120,0.0,0.0,0.0,0.3145333333333334,32.445,6.0,4,20.027536230295773,,0.0,0.0,0.0,0.0,42.14092325618415,optimal
2021-02-08 20:30:00,4,120,0.0,0.0,0.0,0.6745666666666668,28.917,6.0,4,20.0,,0.0,0.0,0.0,0.0,41.94190253454721,optimal
2021-02-08 21:00:00,4,120,0.0,0.2322222222222222,0.0,0.4368666666666667,15.876,6.0,4,19.975414014827805,,0.0,0.0,0.0,209.0,41.899960632012665,optimal
2021-02-08 21:30:00,4,120,0.0,0.1548148148148148,0.0,0.3361666666666666,12.348,6.0,4,19.948596554172664,,0.0,0.0,0.0,139.33333333333331,41.85806067138065,optimal
2021-02-08 22:00:00,4,120,0.0,0.0774074074074074,0.0,0.3484,12.1275,6.0,4,19.92037051488592,,0.0,0.0,0.0,69.66666666666666,41.81620261070927,optimal
2021-02-08 22:30:00,4,120,0.0,0.0774074074074074,0.0,0.2826,12.348,6.0,4,19.89316784880321,,0.0,0.0,0.0,69.66666666666666,41.77438640809856,optimal
2021-02-08 23:00:00,4,120,0.0,0.0,0.0,0.3805666666666666,12.1275,6.0,4,19.86439313188817,,0.0,0.0,0.0,0.0,41.73261202169046,optimal
2021-02-08 23:30:00,4,120,0.0,0.0,0.0,0.5792,12.1275,6.0,4,19.836410418948287,,0.0,0.0,0.0,0.0,41.69087940966877,optimal
2021-02-09 00:00:00,4,120,1.1428571428571428,0.0,0.0,0.1586999999999999,11.2455,6.0,-1,19.836410418948287,,4000.0,0.0,0.0,0.0,41.649188530259096,optimal
2021-02-09 00:30:00,4,120,1.1428571428571428,0.0,0.0,0.1269,12.1275,6.0,-1,19.85106160114765,,4000.0,0.0,0.0,0.0,41.60753934172884,optimal
2021-02-09 01:00:00,4,120,1.1428571428571428,0.0,0.0,0.0950999999999999,11.823,6.0,-1,19.865395466085683,,4000.0,0.0,0.0,0.0,41.56593180238711,optimal
2021-02-09 01:30:00,4,120,1.1428571428571428,0.0,0.0,0.1905,11.7705,6.0,-1,19.8794126428638,,4000.0,0.0,0.0,0.0,41.52436587058472,optimal
2021-02-09 02:00:00,4,120,1.1428571428571428,0.0,4.8085459776490325,0.0792,11.13,6.0,-1,19.89436596896577,,4000.0,0.0,0.0,0.0,43.76690084409742,optimal
2021-02-09 02:30:00,4,120,1.1428571428571428,0.0,0.0,0.1428,11.6865,6.0,-1,19.907735498071187,,4000.0,0.0,0.0,0.0,43.72313394325332,optimal
2021-02-09 03:00:00,4,120,1.1428571428571428,0.0,5.0,0.1216,10.7205,6.0,-1,19.921952446417187,,4000.0,0.0,0.0,0.0,46.05441080931006,optimal
2021-02-09 03:30:00,4,120,1.1428571428571428,0.0,0.0,0.164,11.424,6.0,-1,19.935982071236,,4000.0,0.0,0.0,0.0,46.00835639850075,optimal
2021-02-09 04:00:00,4,120,1.1428571428571428,0.0,5.0,0.058,10.689,6.0,-1,19.950698669080744,,4000.0,0.0,0.0,0.0,48.33734804210225,optimal
2021-02-09 04:30:00,4,120,1.1428571428571428,0.0,0.0,0.0739,11.361,6.0,-1,19.96429301824897,,4000.0,0.0,0.0,0.0,48.28901069406015,optimal
2021-02-09 05:00:00,4,120,1.1428571428571428,0.0,0.0,0.1480999999999999,11.571,6.0,-1,19.977855858736625,,4000.0,0.0,0.0,0.0,48.24072168336608,optimal
2021-02-09 05:30:00,4,120,1.1428571428571428,0.0,0.0,0.0633333333333333,14.3745,6.0,-1,19.99209748362193,,4000.0,0.0,0.0,0.0,48.19248096168271,optimal
2021-02-09 06:00:00,4,120,1.1428571428571428,0.0,0.0,0.1235999999999999,13.23,6.0,-1,20.005213244465665,,4000.0,0.0,0.0,0.0,48.144288480721016,optimal
2021-02-09 06:30:00,4,120,1.1428571428571428,0.0,0.0,0.0686,13.9755,6.0,-1,20.019077799518456,,4000.0,0.0,0.0,0.0,48.096144192240295,optimal
2021-02-09 07:00:00,4,120,1.1428571428571428,0.0,0.0,0.1586999999999999,14.994,6.0,-1,20.03217007488508,,4000.0,0.0,0.0,0.0,48.048048048048045,optimal
2021-02-09 07:30:00,4,120,1.1428571428571428,0.1548148148148148,0.0,3.0887333333333333,13.671,6.0,-1,20.0462348949747,,4000.0,0.0,0.0,139.33333333333331,48.0,optimal
2021-02-09 08:00:00,4,120,0.0,0.4644444444444444,0.0,0.6930666666666667,15.981,6.0,-1,20.06602428358553,,0.0,0.0,0.0,418.0,47.88420697809669,optimal
2021-02-09 08:30:00,4,120,0.4831752502311063,1.7803703703703702,0.0,0.2661666666666666,15.6345,6.0,-1,20.035612362582103,,1691.113375808872,0.0,0.0,1602.3333333333333,47.76852974921529,optimal
2021-02-09 09:00:00,4,120,0.0,0.0,0.0,0.8987333333333334,16.5375,6.0,-1,20.025984985903943,,0.0,0.0,0.0,0.0,47.65296819756277,optimal
2021-02-09 09:30:00,4,120,1.1428571428571428,0.1548148148148148,0.0,1.1445,14.7735,6.0,-1,20.0,,4000.0,0.0,0.0,139.33333333333331,47.53752220746191,optimal
2021-02-09 10:00:00,4,120,0.121753971885079,0.0,0.0,0.3211666666666667,15.2145,6.0,-1,20.02177228905024,,426.13890159777657,0.0,0.0,0.0,47.422191663351136,optimal
2021-02-09 10:30:00,4,120,1.1428571428571428,0.0,0.0,2.474166666666666,14.553,6.0,-1,20.0,,4000.0,0.0,0.0,0.0,47.30697644978448,optimal
2021-02-09 11:00:00,4,120,1.1428571428571428,0.0,0.0,0.6081,14.3325,6.0,-1,20.02266316733675,,4000.0,0.0,0.0,0.0,47.19187645143139,optimal
2021-02-09 11:30:00,4,120,1.1428571428571428,1.433585185185185,0.0,0.3366,14.595,6.0,-1,20.05102096794786,,4000.0,0.0,0.0,1290.2266666666667,47.076891553076656,optimal
2021-02-09 12:00:00,4,120,0.2496590648157831,0.2693777777777776,0.0,3.756766666666667,14.994,6.0,-1,20.076795081163816,,873.8067268552409,0.0,0.0,242.43999999999988,46.96202163962028,optimal
2021-02-09 12:30:00,4,120,1.1428571428571428,0.0774074074074074,0.0,0.8685333333333333,14.3325,6.0,-1,20.07122320054033,,4000.0,0.0,0.0,69.66666666666666,46.84726659607735,optimal
2021-02-09 13:00:00,4,120,1.1428571428571428,0.0,0.0,0.3253999999999999,13.8915,6.0,-1,20.10260186548976,,4000.0,0.0,0.0,0.0,46.732626307577966,optimal
2021-02-09 13:30:00,4,120,1.1428571428571428,0.0,0.0,0.1789333333333333,13.8915,6.0,-1,20.12856549972524,,4000.0,0.0,0.0,0.0,46.61810065936708,optimal
2021-02-09 14:00:00,4,120,1.1428571428571428,0.0,0.0,0.3573333333333333,13.4715,6.0,-1,20.15032440988513,,4000.0,0.0,0.0,0.0,46.50368953680441,optimal
2021-02-09 14:30:00,4,120,1.1428571428571428,0.0,0.0,0.8070666666666667,13.23,6.0,-1,20.173892994995747,,4000.0,0.0,0.0,0.0,46.3893928253643,optimal
2021-02-09 15:00:00,4,120,1.1428571428571428,0.0,0.0,0.0892,13.8915,6.0,-1,20.20370893827297,,4000.0,0.0,0.0,0.0,46.27521041063563,optimal
2021-02-09 15:30:00,4,120,0.0,0.0,0.0,0.1528,26.9325,6.0,-1,20.222260659976666,,0.0,0.0,0.0,0.0,46.16114217832169,optimal
2021-02-09 16:00:00,4,120,0.0,0.4644444444444444,0.0,2.554933333333333,30.303,6.0,-1,20.19282102583729,,0.0,0.0,0.0,418.0,46.047188014240064,optimal
2021-02-09 16:30:00,4,120,0.0,0.0,0.0,1.7191666666666667,32.886,6.0,-1,20.173311205654187,,0.0,0.0,0.0,0.0,45.93334780432252,optimal
2021-02-09 17:00:00,4,120,0.0,0.0,0.0,0.068,34.9965,6.0,-1,20.14967674016335,,0.0,0.0,0.0,0.0,45.81962143461489,optimal
2021-02-09 17:30:00,4,120,0.0,0.0,0.0,0.1687,33.327,6.0,-1,20.11297335151679,,0.0,0.0,0.0,0.0,45.706008791276965,optimal
2021-02-09 18:00:00,4,120,0.0,0.1548148148148148,0.0,1.2376666666666667,31.122,6.0,-1,20.07737123532252,,0.0,0.0,0.0,139.33333333333331,45.59250976058238,optimal
2021-02-09 18:30:00,4,120,0.0,0.2322222222222222,0.0,0.6156666666666666,17.9025,6.0,-1,20.04450591317817,,0.0,0.0,0.0,209.0,45.479124228918494,optimal
2021-02-09 19:00:00,4,120,0.0,0.0,0.0,0.6659666666666667,15.6555,6.0,-1,20.02165507279345,,0.0,0.0,0.0,0.0,45.36585208278627,optimal
2021-02-09 19:30:00,4,120,0.5433584150514399,0.2322222222222222,0.0,0.4576,14.553,6.0,-1,20.0,,1901.7544526800395,0.0,0.0,209.0,45.252693208800174,optimal
2021-02-09 20:00:00,4,120,0.4026660340990277,0.4644444444444444,0.0,3.362833333333333,14.3325,6.0,-1,20.0,,1409.331119346597,0.0,0.0,418.0,45.13964749368807,optimal
2021-02-09 20:30:00,4,120,0.0,0.0,0.0,3.6256666666666666,13.335,6.0,-1,20.0,,0.0,0.0,0.0,0.0,45.02671482429107,optimal
2021-02-09 21:00:00,4,120,0.0,0.0,0.0,1.6573666666666669,12.1275,6.0,-1,19.978275001689536,,0.0,0.0,0.0,0.0,44.98168810946678,optimal
2021-02-09 21:30:00,4,120,0.0,0.0,0.0,2.4851,12.2955,6.0,-1,19.956135212533525,,0.0,0.0,0.0,0.0,44.936706421357314,optimal
2021-02-09 22:00:00,4,120,0.0,0.0,0.0,2.528233333333333,11.6865,6.0,-1,19.93320870683191,,0.0,0.0,0.0,0.0,44.891769714935954,optimal
2021-02-09 22:30:00,4,120,0.0,0.0,0.0,0.181,11.466,6.0,-1,19.906188725956664,,0.0,0.0,0.0,0.0,44.84687794522102,optimal
2021-02-09 23:00:00,4,120,0.0,0.0,0.0,0.2962333333333333,10.8045,6.0,-1,19.874491142944585,,0.0,0.0,0.0,0.0,44.8020310672758,optimal
2021-02-09 23:30:00,4,120,0.0,0.0,0.0,0.2189333333333333,10.584,6.0,-1,19.84367713132374,,0.0,0.0,0.0,0.0,44.75722903620852,optimal
2021-02-10 00:00:00,4,120,1.1428571428571428,0.0,0.0,0.063,11.508,6.0,-6,19.84367713132374,,4000.0,0.0,0.0,0.0,44.71247180717232,optimal
2021-02-10 00:30:00,4,120,1.1428571428571428,0.0,5.0,0.1225,10.4475,6.0,-6,19.85573919126732,,4000.0,0.0,0.0,0.0,47.04275933536514,optimal
2021-02-10 01:00:00,4,120,1.1428571428571428,0.0,0.0,0.3277,10.8675,6.0,-6,19.868303930554845,,4000.0,0.0,0.0,0.0,46.99571657602978,optimal
2021-02-10 01:30:00,4,120,1.1428571428571428,0.0,3.0252903503671145,0.0688,10.542,6.0,-6,19.883145320001454,,4000.0,0.0,0.0,0.0,48.38573377587813,optimal
2021-02-10 02:00:00,4,120,1.1428571428571428,0.0,0.0,0.2312,11.025,6.0,-6,19.894605020512284,,4000.0,0.0,0.0,0.0,48.33734804210225,optimal
2021-02-10 02:30:00,4,120,1.1428571428571428,0.0,0.0,0.2132,11.025,6.0,-6,19.907822157700814,,4000.0,0.0,0.0,0.0,48.28901069406015,optimal
2021-02-10 03:00:00,4,120,1.1428571428571428,0.0,0.0,0.063,14.553,6.0,-6,19.920793808905888,,4000.0,0.0,0.0,0.0,48.24072168336608,optimal
2021-02-10 03:30:00,4,120,1.1428571428571428,0.0,0.0,0.2254,13.0935,6.0,-6,19.93190995504396,,4000.0,0.0,0.0,0.0,48.19248096168271,optimal
2021-02-10 04:00:00,4,120,1.1428571428571428,0.0,0.0,0.2248,15.6345,6.0,-6,19.94498247526401,,4000.0,0.0,0.0,0.0,48.144288480721016,optimal
2021-02-10 04:30:00,4,120,1.1428571428571428,0.0,0.0,0.179,18.102,6.0,-6,19.958021768985027,,4000.0,0.0,0.0,0.0,48.096144192240295,optimal
2021-02-10 05:00:00,4,120,1.1428571428571428,0.0,0.0,0.341,17.199,6.0,-6,19.97027900388053,,4000.0,0.0,0.0,0.0,48.048048048048045,optimal
2021-02-10 05:30:00,4,120,0.0,0.2322222222222222,0.0,0.3172333333333333,18.2805,6.0,-6,19.986795565825343,,0.0,0.0,0.0,209.0,48.0,optimal
2021-02-10 06:00:00,4,120,1.1428571428571428,0.0774074074074074,0.0,0.1651666666666666,17.4615,6.0,-6,19.955083912271814,,4000.0,0.0,0.0,69.66666666666666,47.75800555079388,optimal
2021-02-10 06:30:00,4,120,0.8779094212772464,0.0,0.0,0.2240666666666666,18.3225,6.0,-6,19.96624257476942,,3072.6829744703623,0.0,0.0,0.0,47.51625309603696,optimal
2021-02-10 07:00:00,4,120,1.1428571428571428,0.3096296296296296,0.0,0.3051999999999999,17.094,6.0,-6,19.966128287394987,,4000.0,0.0,0.0,278.66666666666663,47.2747423937348,optimal
2021-02-10 07:30:00,4,120,1.1428571428571428,7.010014814814815,0.0,1.2208,17.094,6.0,-6,19.981165388548927,,4000.0,0.0,0.0,6309.013333333333,47.03347320213494,optimal
2021-02-10 08:00:00,4,120,1.1428571428571428,0.8081333333333334,0.0,0.1961999999999999,17.094,6.0,-6,20.0,,4000.0,0.0,0.0,727.32,46.792445279726685,optimal
2021-02-10 08:30:00,4,120,1.1428571428571428,0.0,0.0,0.2083333333333333,17.3565,6.0,-6,20.01280755374969,,4000.0,0.0,0.0,0.0,46.55165838524084,optimal
2021-02-10 09:00:00,4,120,1.1428571428571428,0.0,0.0,0.3798,17.115,6.0,-6,20.02360620450231,,4000.0,0.0,0.0,0.0,46.31111227764947,optimal
2021-02-10 09:30:00,4,120,1.1428571428571428,0.0,0.0,0.5508333333333334,17.241,6.0,-6,20.0428561990692,,4000.0,0.0,0.0,0.0,46.0708067161657,optimal
2021-02-10 10:00:00,4,120,1.1428571428571428,0.0,0.0,0.0788,17.094,6.0,-6,20.062914882505435,,4000.0,0.0,0.0,0.0,45.83074146024341,optimal
2021-02-10 10:30:00,4,120,1.1428571428571428,0.0,0.0,0.2661,16.5165,6.0,-6,20.07813743146404,,4000.0,0.0,0.0,0.0,45.59091626957704,optimal
2021-02-10 11:00:00,4,120,1.1428571428571428,0.0,0.0,0.1576999999999999,17.8185,6.0,-6,20.09590893807852,,4000.0,0.0,0.0,0.0,45.35133090410135,optimal
2021-02-10 11:30:00,4,120,1.1428571428571428,0.0,0.0,0.1194,17.094,6.0,-6,20.11472243696999,,4000.0,0.0,0.0,0.0,45.11198512399112,optimal
2021-02-10 12:00:00,4,120,1.1428571428571428,0.0,0.0,0.3102,16.8945,6.0,-6,20.13323030945772,,4000.0,0.0,0.0,0.0,44.87287868966101,optimal
2021-02-10 12:30:00,4,120,1.1428571428571428,0.0,0.0,0.0904,18.123,6.0,-6,20.15693850840008,,4000.0,0.0,0.0,0.0,44.634011361765225,optimal
2021-02-10 13:00:00,4,120,0.0,0.0,0.0,0.2064,31.647,6.0,-6,20.17792202530586,,0.0,0.0,0.0,0.0,44.39538290119734,optimal
2021-02-10 13:30:00,4,120,0.0,0.0,0.0,0.4056,34.9965,6.0,-6,20.1510953246168,,0.0,0.0,0.0,0.0,44.156993069090014,optimal
2021-02-10 14:00:00,4,120,0.0,0.1548148148148148,0.0,0.3815666666666666,34.9965,6.0,-6,20.12902924731129,,0.0,0.0,0.0,139.33333333333331,43.9188416268148,optimal
2021-02-10 14:30:00,4,120,0.0,0.1548148148148148,0.0,0.3563333333333333,34.9965,6.0,-6,20.109075199603023,,0.0,0.0,0.0,139.33333333333331,43.68092833598187,optimal
2021-02-10 15:00:00,4,120,0.0,0.0,0.0,0.6317666666666667,34.9965,6.0,-6,20.091363198488946,,0.0,0.0,0.0,0.0,43.44325295843976,optimal
2021-02-10 15:30:00,4,120,0.0,0.0,0.0,0.6033999999999999,34.9965,6.0,-6,20.074390637718206,,0.0,0.0,0.0,0.0,43.2058152562752,optimal
2021-02-10 16:00:00,4,120,0.0,0.0,0.0,0.3266,27.741,6.0,-6,20.05585971959492,,0.0,0.0,0.0,0.0,42.96861499181281,optimal
2021-02-10 16:30:00,4,120,0.0,0.1548148148148148,0.0,0.5797666666666667,19.026,6.0,-6,20.03272233834416,,0.0,0.0,0.0,139.33333333333331,42.73165192761487,optimal
2021-02-10 17:00:00,4,120,0.2675733992145783,0.2322222222222222,0.0,0.5947333333333333,18.7215,6.0,-6,20.01186529589337,,936.506897251024,0.0,0.0,209.0,42.49492582648113,optimal
2021-02-10 17:30:00,4,120,0.1321924984490369,0.4644444444444444,0.0,3.1829,17.4195,6.0,-6,20.0,,462.6737445716293,0.0,0.0,418.0,42.258436451448524,optimal
2021-02-10 18:00:00,4,120,0.5635361879056197,0.0774074074074074,0.0,0.7058,16.758,6.0,-6,20.0,,1972.3766576696687,0.0,0.0,69.66666666666666,42.02218356579096,optimal
2021-02-10 18:30:00,4,120,0.6316589326636304,0.387037037037037,0.0,0.5579,14.217,6.0,-6,20.0,,2210.8062643227063,0.0,0.0,348.3333333333333,41.78616693301904,optimal
2021-02-10 19:00:00,4,120,0.5789150107549884,0.3096296296296296,0.0,0.7507333333333334,13.3665,6.0,-6,20.0,,2026.20253764246,0.0,0.0,278.66666666666663,41.55038631687989,optimal
2021-02-10 19:30:00,4,120,0.4923679167049514,0.1548148148148148,0.0,0.9492,12.789,6.0,-6,20.0,,1723.2877084673298,0.0,0.0,139.33333333333331,41.31484148135689,optimal
2021-02-10 20:00:00,4,120,0.5871160607501272,0.0,0.0,0.7407333333333334,11.907,6.0,-6,20.0,,2054.9062126254453,0.0,0.0,0.0,41.07953219066941,optimal
2021-02-10 20:30:00,4,120,0.0,0.3096296296296296,0.0,1.7041666666666668,11.7075,6.0,-6,20.0,,0.0,0.0,0.0,278.66666666666663,41.03845265847874,optimal
2021-02-10 21:00:00,4,120,0.0,0.0,0.0,1.6970666666666665,10.8045,6.0,-6,19.975787065984125,,0.0,0.0,0.0,0.0,40.99741420582026,optimal
2021-02-10 21:30:00,4,120,0.0,0.0,0.0,0.6635,11.508,6.0,-6,19.953413707158145,,0.0,0.0,0.0,0.0,40.95641679161445,optimal
2021-02-10 22:00:00,4,120,0.0,0.0,0.0,0.1996666666666666,11.508,6.0,-6,19.92545190626633,,0.0,0.0,0.0,0.0,40.91546037482283,optimal
2021-02-10 22:30:00,4,120,0.0,0.0,0.0,0.4462333333333333,11.508,6.0,-6,19.88718843004198,,0.0,0.0,0.0,0.0,40.874544914448,optimal
2021-02-10 23:00:00,4,120,0.0,4.876666666666668,0.0,0.3703666666666667,11.844,6.0,-6,19.85133107040033,,0.0,0.0,0.0,4389.000000000001,40.83367036953356,optimal
2021-02-10 23:30:00,4,120,0.0,0.0,0.0,0.6299333333333332,11.508,6.0,-6,19.815090579479865,,0.0,0.0,0.0,0.0,40.79283669916402,optimal
2021-02-11 00:00:00,4,120,1.1428571428571428,0.0,0.0,0.0922333333333333,11.2455,6.0,2,19.815090579479865,,4000.0,0.0,0.0,0.0,40.75204386246486,optimal
2021-02-11 00:30:00,4,120,1.1428571428571428,0.0,0.0,0.1397666666666666,11.2455,6.0,2,19.820435888973137,,4000.0,0.0,0.0,0.0,40.7112918186024,optimal
2021-02-11 01:00:00,4,120,1.1428571428571428,0.0,0.0,0.1372666666666666,11.025,6.0,2,19.826547924721968,,4000.0,0.0,0.0,0.0,40.6705805267838,optimal
2021-02-11 01:30:00,4,120,1.1428571428571428,0.0,0.0,0.1402,12.0855,6.0,2,19.83281564340378,,4000.0,0.0,0.0,0.0,40.62990994625701,optimal
2021-02-11 02:00:00,4,120,1.1428571428571428,0.0,0.0,0.1650666666666666,11.6865,6.0,2,19.839106670812782,,4000.0,0.0,0.0,0.0,40.589280036310754,optimal
2021-02-11 02:30:00,4,120,1.1428571428571428,0.0,0.0,0.064,11.2245,6.0,2,19.845688160132788,,4000.0,0.0,0.0,0.0,40.548690756274446,optimal
2021-02-11 03:00:00,4,120,1.1428571428571428,0.0,0.0,0.2163,11.025,6.0,2,19.850827116127967,,4000.0,0.0,0.0,0.0,40.50814206551817,optimal
2021-02-11 03:30:00,4,120,1.1428571428571428,0.0,5.0,0.0889666666666666,10.7835,6.0,2,19.85761299840756,,4000.0,0.0,0.0,0.0,42.84263392345265,optimal
2021-02-11 04:00:00,4,120,1.1428571428571428,0.0,0.0,0.1245,11.025,6.0,2,19.86332984959308,,4000.0,0.0,0.0,0.0,42.7997912895292,optimal
2021-02-11 04:30:00,4,120,1.1428571428571428,0.0,5.0,0.1389,10.584,6.0,2,19.869963886739853,,4000.0,0.0,0.0,0.0,45.131991498239664,optimal
2021-02-11 05:00:00,4,120,1.1428571428571428,0.0,1.8381287536493724,0.1058666666666666,11.025,6.0,2,19.87676019723346,,4000.0,0.0,0.0,0.0,45.95997066472487,optimal
2021-02-11 05:30:00,4,120,1.1428571428571428,0.0,5.0,0.064,10.4265,6.0,2,19.883140610209608,,4000.0,0.0,0.0,0.0,48.28901069406015,optimal
2021-02-11 06:00:00,4,120,1.1428571428571428,0.0,0.0,0.173,12.789,6.0,2,19.88949398022808,,4000.0,0.0,0.0,0.0,48.24072168336608,optimal
2021-02-11 06:30:00,4,120,1.1428571428571428,0.0,0.0,0.1399333333333333,12.684,6.0,2,19.897605480264467,,4000.0,0.0,0.0,0.0,48.19248096168271,optimal
2021-02-11 07:00:00,4,120,1.1428571428571428,0.0,0.0,0.0692333333333333,16.254,6.0,2,19.90580589231791,,4000.0,0.0,0.0,0.0,48.144288480721016,optimal
2021-02-11 07:30:00,4,120,1.1428571428571428,6.9959421708934055,0.0,0.2078,17.64,6.0,2,19.913665003398748,,4000.0,6296.347953804065,0.0,0.0,48.096144192240295,optimal
2021-02-11 08:00:00,4,120,1.1428571428571428,0.0,0.0,0.0902333333333333,19.1625,6.0,2,20.0,,4000.0,0.0,0.0,0.0,48.048048048048045,optimal
2021-02-11 08:30:00,4,120,0.0,5.269939102001499,0.0,0.2162666666666667,26.46,6.0,2,20.009945163872327,,0.0,2095.611858468016,0.0,2647.333333333333,48.0,optimal
2021-02-11 09:00:00,4,120,1.1428571428571428,0.1548148148148148,0.0,0.1924,20.79,6.0,2,20.0,,4000.0,0.0,0.0,139.33333333333331,47.83894010467692,optimal
2021-02-11 09:30:00,4,120,0.0,1.3878277967081076,0.0,0.2979,29.106,6.0,2,20.01482090570024,,0.0,1249.045017037297,0.0,0.0,47.67804126924917,optimal
2021-02-11 10:00:00,4,120,1.1428571428571428,0.0,0.0,0.1979333333333333,19.1835,6.0,2,20.0,,4000.0,0.0,0.0,0.0,47.51730333265685,optimal
2021-02-11 10:30:00,4,120,0.124128732115434,0.1548148148148148,0.0,0.2399,19.6665,6.0,2,20.02249807859333,,434.4505624040192,0.0,0.0,139.33333333333331,47.35672613400112,optimal
2021-02-11 11:00:00,4,120,0.6071928557791749,0.0774074074074074,0.0,0.0981666666666666,19.404,6.0,2,20.0,,2125.174995227112,0.0,0.0,69.66666666666666,47.19630951254404,optimal
2021-02-11 11:30:00,4,120,1.005468317040997,0.1548148148148148,0.0,0.2145333333333333,19.047,6.0,2,20.0,,3519.139109643489,0.0,0.0,139.33333333333331,47.03605330770842,optimal
2021-02-11 12:00:00,4,120,1.1428571428571428,0.387037037037037,0.0,0.33,18.858,6.0,2,20.019051799600028,,4000.0,0.0,0.0,348.3333333333333,46.87595735907764,optimal
2021-02-11 12:30:00,4,120,0.0,0.2740222222222222,0.0,0.3675333333333334,19.2675,6.0,2,20.04714088760446,,0.0,0.0,0.0,246.62,46.716021506395485,optimal
2021-02-11 13:00:00,4,120,1.1428571428571428,0.3452370370370369,0.0,0.3466,18.963,6.0,2,20.02838574160897,,4000.0,0.0,0.0,310.71333333333325,46.55624558956601,optimal
2021-02-11 13:30:00,4,120,1.1428571428571428,0.0,0.0,0.1207999999999999,18.438,6.0,2,20.058202870359526,,4000.0,0.0,0.0,0.0,46.39662944865337,optimal
2021-02-11 14:00:00,4,120,1.1428571428571428,0.0,0.0,0.074,18.7425,6.0,2,20.08239526840413,,4000.0,0.0,0.0,0.0,46.23717292388165,optimal
2021-02-11 14:30:00,4,120,1.1428571428571428,0.0,0.0,0.116,15.2145,6.0,2,20.1063085750993,,4000.0,0.0,0.0,0.0,46.07787585563469,optimal
2021-02-11 15:00:00,4,120,1.1428571428571428,0.0,0.0,0.3599333333333333,17.7765,6.0,2,20.130114057007173,,4000.0,0.0,0.0,0.0,45.91873808445597,optimal
2021-02-11 15:30:00,4,120,1.1428571428571428,0.0,0.0,0.4175333333333333,16.758,6.0,2,20.1555650791798,,4000.0,0.0,0.0,0.0,45.759759451048446,optimal
2021-02-11 16:00:00,4,120,1.1428571428571428,0.0,0.0,1.8201333333333327,16.422,6.0,2,20.18130408744865,,4000.0,0.0,0.0,0.0,45.60093979627432,optimal
2021-02-11 16:30:00,4,120,1.1428571428571428,0.0774074074074074,0.0,1.7113,16.758,6.0,2,20.20862676803979,,4000.0,0.0,0.0,69.66666666666666,45.44227896115497,optimal
2021-02-11 17:00:00,4,120,0.0,0.1548148148148148,0.0,1.1958,29.358,6.0,2,20.238089482775777,,0.0,0.0,0.0,139.33333333333331,45.28377678687074,optimal
2021-02-11 17:30:00,4,120,0.0,0.0,0.0,3.3186,34.9965,6.0,2,20.210095467583248,,0.0,0.0,0.0,0.0,45.23849301008387,optimal
2021-02-11 18:00:00,4,120,0.0,0.6192592592592592,0.0,0.383,34.65,6.0,2,20.193532905923806,,0.0,0.0,0.0,557.3333333333333,45.19325451707379,optimal
2021-02-11 18:30:00,4,120,0.0,1.435133333333333,0.0,0.2120666666666666,34.9965,6.0,2,20.16071780307925,,0.0,0.0,0.0,1291.6199999999997,45.14806126255672,optimal
2021-02-11 19:00:00,4,120,0.0,0.5000518518518519,0.0,0.2863333333333333,34.9965,6.0,2,20.12383798959869,,0.0,0.0,0.0,450.0466666666667,45.10291320129416,optimal
2021-02-11 19:30:00,4,120,0.0,0.0,0.0,1.1546666666666667,30.4815,6.0,2,20.08637795870606,,0.0,0.0,0.0,0.0,45.05781028809286,optimal
2021-02-11 20:00:00,4,120,0.0,0.0,0.0,0.6518666666666667,21.4305,6.0,2,20.048739298817782,,0.0,0.0,0.0,0.0,45.01275247780477,optimal
2021-02-11 20:30:00,4,120,0.0,0.0,0.0,0.4635333333333333,14.3325,6.0,2,20.0,,0.0,0.0,0.0,0.0,44.967739725326965,optimal
2021-02-11 21:00:00,4,120,0.0,0.0774074074074074,0.0,0.336,13.692,6.0,2,19.95805372928632,,0.0,0.0,0.0,69.66666666666666,44.92277198560164,optimal
2021-02-11 21:30:00,4,120,0.0,0.0,0.0,0.4412,14.007,6.0,2,19.91352643139643,,0.0,0.0,0.0,0.0,44.87784921361603,optimal
2021-02-11 22:00:00,4,120,0.0,0.3096296296296296,0.0,0.3817,12.873,6.0,2,19.87108847410365,,0.0,0.0,0.0,278.66666666666663,44.83297136440242,optimal
2021-02-11 22:30:00,4,120,0.0,0.0,0.0,0.5009666666666666,12.684,6.0,2,19.82876055124332,,0.0,0.0,0.0,0.0,44.78813839303802,optimal
2021-02-11 23:00:00,4,120,0.0,0.387037037037037,0.0,0.5066333333333334,12.306,6.0,2,19.78824183709073,,0.0,0.0,0.0,348.3333333333333,44.74335025464498,optimal
2021-02-11 23:30:00,4,120,0.0,0.0,0.0,0.4677333333333333,10.6365,6.0,2,19.74636295984868,,0.0,0.0,0.0,0.0,44.69860690439034,optimal
2021-02-12 00:00:00,4,120,1.1428571428571428,0.0,0.0,0.06,10.059,6.0,-5,19.74636295984868,,4000.0,0.0,0.0,0.0,44.65390829748595,optimal
2021-02-12 00:30:00,4,120,1.1428571428571428,0.0,0.0,0.2382,10.584,6.0,-5,19.74511130218472,,4000.0,0.0,0.0,0.0,44.60925438918847,optimal
2021-02-12 01:00:00,4,120,1.1428571428571428,0.0,5.0,0.06,9.4185,6.0,-5,19.74603301957425,,4000.0,0.0,0.0,0.0,46.93964513479928,optimal
2021-02-12 01:30:00,4,120,1.1428571428571428,0.0,0.0,0.1112,10.3635,6.0,-5,19.74478201603762,,4000.0,0.0,0.0,0.0,46.89270548966448,optimal
2021-02-12 02:00:00,4,120,1.1428571428571428,0.0,3.038311389232269,0.2095333333333333,9.8385,6.0,-5,19.74435548495363,,4000.0,0.0,0.0,0.0,48.28901069406015,optimal
2021-02-12 02:30:00,4,120,1.1428571428571428,0.0,0.0,0.1605,11.067,6.0,-5,19.745325986198026,,4000.0,0.0,0.0,0.0,48.24072168336608,optimal
2021-02-12 03:00:00,4,120,1.1428571428571428,0.0,0.0,0.2326333333333333,10.8465,6.0,-5,19.74629199132476,,4000.0,0.0,0.0,0.0,48.19248096168271,optimal
2021-02-12 03:30:00,4,120,1.1428571428571428,0.0,0.0,0.0955999999999999,13.671,6.0,-5,19.74872960316896,,4000.0,0.0,0.0,0.0,48.144288480721016,optimal
2021-02-12 04:00:00,4,120,1.1428571428571428,0.0,0.0,0.2975333333333333,12.348,6.0,-5,19.75088078919684,,4000.0,0.0,0.0,0.0,48.096144192240295,optimal
2021-02-12 04:30:00,4,120,1.1428571428571428,0.0,0.0,0.1311999999999999,14.3325,6.0,-5,19.75687552554229,,4000.0,0.0,0.0,0.0,48.048048048048045,optimal
2021-02-12 05:00:00,4,120,1.1428571428571428,0.6192592592592592,0.0,0.1243,15.393,6.0,-5,19.76221984119188,,4000.0,0.0,0.0,557.3333333333333,48.0,optimal
2021-02-12 05:30:00,4,120,1.1428571428571428,2.012592592592592,0.0,2.0339,13.587,6.0,-5,19.77075368199713,,4000.0,0.0,0.0,1811.333333333333,47.910519074386094,optimal
2021-02-12 06:00:00,4,120,1.1428571428571428,6.424814814814814,0.0,0.8182333333333334,16.1385,6.0,-5,19.783944066068088,,4000.0,0.0,0.0,5782.333333333333,47.821127629697806,optimal
2021-02-12 06:30:00,4,120,1.1428571428571428,0.387037037037037,0.0,2.0609,14.595,6.0,-5,19.79806086781461,,4000.0,0.0,0.0,348.3333333333333,47.731825576454206,optimal
2021-02-12 07:00:00,4,120,1.1428571428571428,0.0,0.0,1.0892,14.637,6.0,-5,19.816762819586764,,4000.0,0.0,0.0,0.0,47.642612825263846,optimal
2021-02-12 07:30:00,4,120,1.1428571428571428,15.139663222716278,0.0,0.187,13.9125,6.0,-5,19.82814396071659,,4000.0,13625.69690044465,0.0,0.0,47.55348928682468,optimal
2021-02-12 08:00:00,4,120,1.1428571428571428,0.0,0.0,0.2383333333333332,13.3665,6.0,-5,20.0,,4000.0,0.0,0.0,0.0,47.46445487192395,optimal
2021-02-12 08:30:00,4,120,1.1428571428571428,0.0,0.0,0.2104,13.0095,6.0,-5,20.004460403071395,,4000.0,0.0,0.0,0.0,47.37550949143812,optimal
2021-02-12 09:00:00,4,120,0.8489794533045391,0.0,0.0,0.1077999999999999,13.8915,6.0,-5,20.008175157086832,,2971.428086565887,0.0,0.0,0.0,47.28665305633278,optimal
2021-02-12 09:30:00,4,120,0.9488383468075212,0.0,0.0,0.07,13.188,6.0,-5,20.0,,3320.934213826324,0.0,0.0,0.0,47.19788547766255,optimal
2021-02-12 10:00:00,4,120,1.1428571428571428,0.0,0.0,0.2707333333333332,12.5685,6.0,-5,20.0,,4000.0,0.0,0.0,0.0,47.10920666657098,optimal
2021-02-12 10:30:00,4,120,1.1428571428571428,0.0,0.0,0.1294,12.285,6.0,-5,20.018375676407267,,4000.0,0.0,0.0,0.0,47.0206165342905,optimal
2021-02-12 11:00:00,4,120,1.1428571428571428,0.0,0.0,0.172,11.487,6.0,-5,20.035786175849044,,4000.0,0.0,0.0,0.0,46.93211499214231,optimal
2021-02-12 11:30:00,4,120,1.1428571428571428,0.0,0.0,0.2173333333333333,11.802,6.0,-5,20.057253150855463,,4000.0,0.0,0.0,0.0,46.84370195153626,optimal
2021-02-12 12:00:00,4,120,1.1428571428571428,0.0,0.0,0.07,11.2245,6.0,-5,20.07932896060396,,4000.0,0.0,0.0,0.0,46.75537732397082,optimal
2021-02-12 12:30:00,4,120,1.1428571428571428,0.0,0.0,0.3493333333333333,11.025,6.0,-5,20.10069931309382,,4000.0,0.0,0.0,0.0,46.66714102103295,optimal
2021-02-12 13:00:00,4,120,1.1428571428571428,0.2322222222222222,0.0,0.2458333333333333,11.907,6.0,-5,20.12552936020167,,4000.0,0.0,0.0,209.0,46.57899295439801,optimal
2021-02-12 13:30:00,4,120,0.0,0.0,0.0,2.888233333333333,25.83,6.0,-5,20.150614722357773,,0.0,0.0,0.0,0.0,46.490933035829705,optimal
2021-02-12 14:00:00,4,120,0.0,0.0,0.0,1.4955333333333334,28.035,6.0,-5,20.13473139444144,,0.0,0.0,0.0,0.0,46.402961177179975,optimal
2021-02-12 14:30:00,4,120,0.0,0.0,0.0,0.6857000000000001,28.119,6.0,-5,20.116159882696785,,0.0,0.0,0.0,0.0,46.31507729038889,optimal
2021-02-12 15:00:00,4,120,0.0,0.0,0.0,2.911466666666666,30.156,6.0,-5,20.09564254543482,,0.0,0.0,0.0,0.0,46.2272812874846,optimal
2021-02-12 15:30:00,4,120,0.0,0.0,0.0,2.7619333333333334,29.1585,6.0,-5,20.07846377748277,,0.0,0.0,0.0,0.0,46.13957308058321,optimal
2021-02-12 16:00:00,4,120,0.0,0.0774074074074074,0.0,0.5044333333333333,26.712,6.0,-5,20.057240121319182,,0.0,0.0,0.0,69.66666666666666,46.05195258188873,optimal
2021-02-12 16:30:00,4,120,0.0,0.1548148148148148,0.0,0.5930333333333333,15.435,6.0,-5,20.033041320073053,,0.0,0.0,0.0,139.33333333333331,45.96441970369293,optimal
2021-02-12 17:00:00,4,120,0.4592191435878693,0.3096296296296296,0.0,0.2318333333333332,13.566,6.0,-5,20.01051161263098,,1607.2670025575426,0.0,0.0,278.66666666666663,45.876974358375335,optimal
2021-02-12 17:30:00,4,120,0.832097265538537,0.0774074074074074,0.0,0.1769666666666666,12.789,6.0,-5,20.0,,2912.34042938488,0.0,0.0,69.66666666666666,45.78961645840305,optimal
2021-02-12 18:00:00,4,120,1.1428571428571428,0.0774074074074074,0.0,0.5301666666666667,12.1275,6.0,-5,20.00478750220905,,4000.0,0.0,0.0,69.66666666666666,45.70234591633075,optimal
2021-02-12 18:30:00,4,120,0.0,1.2385185185185184,0.0,2.2731,13.671,6.0,-5,20.025606465806483,,0.0,0.0,0.0,1114.6666666666663,45.61516264480051,optimal
2021-02-12 19:00:00,4,120,1.1428571428571428,0.2322222222222222,0.0,1.0379,10.668,6.0,-5,20.0,,4000.0,0.0,0.0,209.0,45.56954748215571,optimal
2021-02-12 19:30:00,4,120,0.0,5.636807407407406,0.0,3.2372,11.7285,6.0,-5,20.02415568775037,,0.0,0.0,0.0,5073.126666666665,45.52397793467356,optimal
2021-02-12 20:00:00,4,120,0.2238573527258701,0.7880074074074074,0.0,0.3076333333333333,11.025,6.0,-5,20.018473992478235,,783.5007345405456,0.0,0.0,709.2066666666667,45.47845395673889,optimal
2021-02-12 20:30:00,4,120,0.0,0.1548148148148148,0.0,0.729,10.689,6.0,-5,20.0,,0.0,0.0,0.0,139.33333333333331,45.43297550278215,optimal
2021-02-12 21:00:00,4,120,0.0,1.935185185185185,0.0,0.4275333333333334,8.1585,6.0,-5,19.97655635825922,,0.0,0.0,0.0,1741.6666666666667,45.387542527279365,optimal
2021-02-12 21:30:00,4,120,0.0,2.70925925925926,0.0,1.7037666666666669,10.3635,6.0,-5,19.949327469164945,,0.0,0.0,0.0,2438.333333333333,45.342154984752085,optimal
2021-02-12 22:00:00,4,120,0.0,0.387037037037037,0.0,1.856,10.8045,6.0,-5,19.92437393660421,,0.0,0.0,0.0,348.3333333333333,45.29681282976733,optimal
2021-02-12 22:30:00,4,120,0.0,0.0,0.0,1.4643333333333333,11.025,6.0,-5,19.901587780837826,,0.0,0.0,0.0,0.0,45.251516016937565,optimal
2021-02-12 23:00:00,4,120,0.0,0.0,0.0,0.097,10.3635,6.0,-5,19.87216437871813,,0.0,0.0,0.0,0.0,45.20626450092063,optimal
2021-02-12 23:30:00,4,120,0.0,0.0,0.0,0.2208666666666666,10.8045,6.0,-5,19.83534777706736,,0.0,0.0,0.0,0.0,45.161058236419706,optimal
2021-02-13 00:00:00,4,120,1.1428571428571428,0.0,0.0,0.049,12.1275,6.0,8,19.83534777706736,,4000.0,0.0,0.0,0.0,45.11589717818329,optimal
2021-02-13 00:30:00,4,120,1.1428571428571428,0.0,0.0,0.049,12.1275,6.0,8,19.84686208287871,,4000.0,0.0,0.0,0.0,45.070781281005104,optimal
2021-02-13 01:00:00,4,120,0.4528610214510381,0.0,0.0,0.049,12.789,6.0,8,19.858452688998057,,1585.0135750786335,0.0,0.0,0.0,45.0257104997241,optimal
2021-02-13 01:30:00,4,120,1.1428571428571428,0.0,0.0,0.049,11.907,6.0,8,19.840699250632262,,4000.0,0.0,0.0,0.0,44.98068478922438,optimal
2021-02-13 02:00:00,4,120,1.1428571428571428,0.0,0.0,0.049,11.025,6.0,8,19.85250033124008,,4000.0,0.0,0.0,0.0,44.93570410443515,optimal
2021-02-13 02:30:00,4,120,1.1428571428571428,0.0,0.0,0.049,8.2005,6.0,8,19.86437714360683,,4000.0,0.0,0.0,0.0,44.89076840033072,optimal
2021-02-13 03:00:00,4,120,1.1428571428571428,0.0,0.0,0.049,9.5655,6.0,8,19.876230409446467,,4000.0,0.0,0.0,0.0,44.84587763193039,optimal
2021-02-13 03:30:00,4,120,1.1428571428571428,0.0,5.0,0.049,7.056,6.0,8,19.888060175441467,,4000.0,0.0,0.0,0.0,47.176031754298464,optimal
2021-02-13 04:00:00,4,120,1.1428571428571428,0.0,0.0,0.049,9.3975,6.0,8,19.89976736003868,,4000.0,0.0,0.0,0.0,47.128855722544166,optimal
2021-02-13 04:30:00,4,120,1.1428571428571428,0.0,0.0,0.049,10.059,6.0,8,19.91135220626343,,4000.0,0.0,0.0,0.0,47.081726866821626,optimal
2021-02-13 05:00:00,4,120,1.1428571428571428,0.0,0.0,0.049,9.261,6.0,8,19.92271582851616,,4000.0,0.0,0.0,0.0,47.0346451399548,optimal
2021-02-13 05:30:00,4,120,1.1428571428571428,0.0,0.0,0.049,8.1585,6.0,8,19.93385866538731,,4000.0,0.0,0.0,0.0,46.98761049481485,optimal
2021-02-13 06:00:00,4,120,1.1428571428571428,0.0,0.0,0.049,9.4815,6.0,8,19.944781154597774,,4000.0,0.0,0.0,0.0,46.94062288432004,optimal
2021-02-13 06:30:00,4,120,1.1428571428571428,0.2322222222222222,0.0,0.0774,8.379,6.0,8,19.95548373300064,,4000.0,0.0,0.0,209.0,46.893682261435714,optimal
2021-02-13 07:00:00,4,120,1.1428571428571428,0.6192592592592592,0.0,0.2672333333333332,9.5235,6.0,8,19.96781697352616,,4000.0,0.0,0.0,557.3333333333333,46.84678857917428,optimal
2021-02-13 07:30:00,4,120,1.1428571428571428,0.9288888888888888,2.52643833558925,0.0577333333333333,8.1375,6.0,8,19.98464171217743,,4000.0,0.0,0.0,836.0,48.0,optimal
2021-02-13 08:00:00,4,120,1.1428571428571428,0.0,0.0,0.061,10.0905,6.0,8,20.0,,4000.0,0.0,0.0,0.0,47.72500489995277,optimal
2021-02-13 08:30:00,4,120,1.1428571428571428,0.0774074074074074,0.0,0.0502666666666666,7.539,6.0,8,20.01294522290216,,4000.0,0.0,0.0,69.66666666666666,47.4502847950056,optimal
2021-02-13 09:00:00,4,120,1.1428571428571428,0.774074074074074,0.0,0.047,7.938,6.0,8,20.02636917518065,,4000.0,0.0,0.0,696.6666666666666,47.17583941016336,optimal
2021-02-13 09:30:00,4,120,1.1428571428571428,0.0,0.0,0.047,8.274,6.0,8,20.0421230658383,,4000.0,0.0,0.0,0.0,46.90166847070597,optimal
2021-02-13 10:00:00,4,120,1.1428571428571428,0.3096296296296296,0.0,0.0515,9.261,6.0,8,20.05709876512334,,4000.0,0.0,0.0,278.66666666666663,46.62777170218804,optimal
2021-02-13 10:30:00,4,120,1.1428571428571428,0.0774074074074074,0.0,0.3181333333333333,9.9225,6.0,8,20.074431100431216,,4000.0,0.0,0.0,69.66666666666666,46.35414883043863,optimal
2021-02-13 11:00:00,4,120,1.1428571428571428,0.0,0.0,0.1103333333333333,9.702,6.0,8,20.09355768809836,,4000.0,0.0,0.0,0.0,46.08079958156096,optimal
2021-02-13 11:30:00,4,120,1.1428571428571428,0.387037037037037,0.0,0.2276666666666666,10.584,6.0,8,20.1115354432152,,4000.0,0.0,0.0,348.3333333333333,45.807723681932174,optimal
2021-02-13 12:00:00,4,120,1.1428571428571428,0.0,0.0,0.049,10.143,6.0,8,20.132532933069164,,4000.0,0.0,0.0,0.0,45.534920858203016,optimal
2021-02-13 12:30:00,4,120,0.0,0.0,0.0,0.049,13.0095,6.0,8,20.150709369020262,,0.0,0.0,0.0,0.0,45.26239083729759,optimal
2021-02-13 13:00:00,4,120,1.1428571428571428,0.0,0.0,0.049,11.025,6.0,8,20.12031865241263,,4000.0,0.0,0.0,0.0,44.99013334641307,optimal
2021-02-13 13:30:00,4,120,0.0,0.0,0.0,0.049,12.789,6.0,8,20.13956209558686,,0.0,0.0,0.0,0.0,44.71814811301943,optimal
2021-02-13 14:00:00,4,120,1.1428571428571428,0.0,0.0,0.049,12.1275,6.0,8,20.110236270793468,,4000.0,0.0,0.0,0.0,44.44643486485919,optimal
2021-02-13 14:30:00,4,120,1.1428571428571428,0.0,0.0,0.0583333333333333,12.1695,6.0,8,20.12727878525512,,4000.0,0.0,0.0,0.0,44.1749933299471,optimal
2021-02-13 15:00:00,4,120,0.587128848186205,0.0,0.0,0.059,12.306,6.0,8,20.14448576814668,,2054.9509686517176,0.0,0.0,0.0,43.90382323656993,optimal
2021-02-13 15:30:00,4,120,0.0,0.0,0.0,0.059,13.23,6.0,8,20.13596428965741,,0.0,0.0,0.0,0.0,43.63292431328613,optimal
2021-02-13 16:00:00,4,120,0.0,0.0,0.0,0.2792,13.671,6.0,8,20.10222733122888,,0.0,0.0,0.0,0.0,43.36229628892562,optimal
2021-02-13 16:30:00,4,120,0.0,0.0774074074074074,0.0,0.2403333333333333,13.9335,6.0,8,20.070644509667687,,0.0,0.0,0.0,69.66666666666666,43.09193889258947,optimal
2021-02-13 17:00:00,4,120,0.0,0.0,0.0,0.059,13.293,6.0,8,20.03839498675424,,0.0,0.0,0.0,0.0,42.821851853649655,optimal
2021-02-13 17:30:00,4,120,0.8113286872357008,0.387037037037037,0.0,0.2424,12.1065,6.0,8,20.0,,2839.6504053249528,0.0,0.0,348.3333333333333,42.552034901748776,optimal
2021-02-13 18:00:00,4,120,0.6140176578988469,4.687792592592594,0.0,1.4266,11.571,6.0,8,20.0,,2149.061802645964,0.0,0.0,4219.013333333334,42.28248776679981,optimal
2021-02-13 18:30:00,4,120,1.1428571428571428,3.9044296296296297,0.0,0.5505333333333333,11.025,6.0,8,20.0,,4000.0,0.0,0.0,3513.9866666666667,42.01321017898578,optimal
2021-02-13 19:00:00,4,120,1.1428571428571428,1.6255555555555554,0.0,0.4096666666666667,10.8465,6.0,8,20.02007261746275,,4000.0,0.0,0.0,1463.0,41.74420186875957,optimal
2021-02-13 19:30:00,4,120,0.6367127576794435,0.5418518518518518,0.0,0.3138999999999999,11.2455,6.0,8,20.04191796485609,,2228.494651878052,0.0,0.0,487.6666666666667,41.47546256684358,optimal
2021-02-13 20:00:00,4,120,0.0,0.0,0.0,0.059,23.8665,6.0,8,20.04029482543484,,0.0,0.0,0.0,0.0,41.20699200422951,optimal
2021-02-13 20:30:00,4,120,0.0,0.0,0.0,0.059,27.4575,6.0,8,20.0,,0.0,0.0,0.0,0.0,40.93878991217806,optimal
2021-02-13 21:00:00,4,120,0.0,0.0,0.0,0.059,27.3735,6.0,8,19.95978506158957,,0.0,0.0,0.0,0.0,40.67085602221866,optimal
2021-02-13 21:30:00,4,120,0.0,0.1548148148148148,0.0,0.2443333333333333,30.4605,6.0,8,19.919649851822506,,0.0,0.0,0.0,139.33333333333331,40.403190066149214,optimal
2021-02-13 22:00:00,4,120,0.0,0.6192592592592592,0.0,0.2533333333333333,30.0195,6.0,8,19.88542788564146,,0.0,0.0,0.0,557.3333333333333,40.36278687608306,optimal
2021-02-13 22:30:00,4,120,0.0,0.0,0.0,0.059,26.9325,6.0,8,19.85238475127733,,0.0,0.0,0.0,0.0,40.32242408920698,optimal
2021-02-13 23:00:00,4,120,0.0,0.0,0.0,0.059,14.595,6.0,8,19.815433291727555,,0.0,0.0,0.0,0.0,40.28210166511778,optimal
2021-02-13 23:30:00,4,120,0.0,0.0,0.0,0.059,12.4845,6.0,8,19.778654218912223,,0.0,0.0,0.0,0.0,40.24181956345266,optimal
2021-02-07 00:00:00,5,120,0.0,0.0,0.0,0.1748333333333333,24.3285,6.0,16,21.0,,0.0,0.0,0.0,0.0,47.952,optimal
2021-02-07 00:30:00,5,120,0.0,0.387037037037037,0.0,0.2743333333333333,28.917,6.0,16,20.96833327500482,,0.0,0.0,0.0,348.3333333333333,47.904048,optimal
2021-02-07 01:00:00,5,120,0.0,0.2322222222222222,0.0,0.2861333333333333,31.3635,6.0,16,20.93874013990204,,0.0,0.0,0.0,209.0,47.856143952,optimal
2021-02-07 01:30:00,5,120,0.0,0.2322222222222222,0.0,0.3078,33.306,6.0,16,20.909067924401764,,0.0,0.0,0.0,209.0,47.80828780804799,optimal
2021-02-07 02:00:00,5,120,0.0,0.0,0.0,0.2168,31.3425,6.0,16,20.8798711269876,,0.0,0.0,0.0,0.0,47.76047952023995,optimal
2021-02-07 02:30:00,5,120,0.0,0.0,0.0,0.056,28.2555,6.0,16,20.846543879372565,,0.0,0.0,0.0,0.0,47.712719040719705,optimal
2021-02-07 03:00:00,5,120,0.0,0.0,0.0,0.1843,15.6975,6.0,16,20.81112552804348,,0.0,0.0,0.0,0.0,47.66500632167899,optimal
2021-02-07 03:30:00,5,120,0.0,0.0,0.0,0.1091666666666666,12.5475,6.0,16,20.77714213417256,,0.0,0.0,0.0,0.0,47.61734131535731,optimal
2021-02-07 04:00:00,5,120,0.0,0.0,0.0,0.056,12.0855,6.0,16,20.742211686318523,,0.0,0.0,0.0,0.0,47.56972397404195,optimal
2021-02-07 04:30:00,5,120,0.0,0.0,0.0,0.178,11.907,6.0,16,20.70660366754836,,0.0,0.0,0.0,0.0,47.52215425006791,optimal
2021-02-07 05:00:00,5,120,0.0,0.1548148148148148,0.0,0.3759666666666665,12.5685,6.0,16,20.67245097026086,,0.0,0.0,0.0,139.33333333333331,47.47463209581784,optimal
2021-02-07 05:30:00,5,120,0.0,0.0774074074074074,0.0,0.4426,13.146,6.0,16,20.643143085701016,,0.0,0.0,0.0,69.66666666666666,47.42715746372202,optimal
2021-02-07 06:00:00,5,120,0.0,0.3096296296296296,1.305830934193062,0.2749333333333333,10.584,6.0,16,20.61526747418093,,0.0,0.0,0.0,278.66666666666663,48.0,optimal
2021-02-07 06:30:00,5,120,0.0,0.0,0.0,0.1406666666666666,6.678,6.0,16,20.584543669343287,,0.0,0.0,0.0,0.0,47.498396203009705,optimal
2021-02-07 07:00:00,5,120,0.0,0.0,0.0,0.1648,7.938,6.0,16,20.549132866060628,,0.0,0.0,0.0,0.0,46.9972940098164,optimal
2021-02-07 07:30:00,5,120,0.0,0.0,0.0,0.066,5.292,6.0,16,20.513889680582484,,0.0,0.0,0.0,0.0,46.49669291881629,optimal
2021-02-07 08:00:00,5,120,0.0,0.0,0.0,0.2098,9.261,6.0,16,20.477215366994702,,0.0,0.0,0.0,0.0,45.99659242890719,optimal
2021-02-07 08:30:00,5,120,0.0,0.0,0.0,0.1036666666666666,10.3635,6.0,16,20.44206819906621,,0.0,0.0,0.0,0.0,45.49699203948799,optimal
2021-02-07 09:00:00,5,120,0.0,0.0,0.0,0.1901,8.274,6.0,16,20.405598631769703,,0.0,0.0,0.0,0.0,44.9978912504582,optimal
2021-02-07 09:30:00,5,120,0.0,0.0,0.0,0.1233666666666666,7.7175,6.0,16,20.37115693263403,,0.0,0.0,0.0,0.0,44.49928956221745,optimal
2021-02-07 10:00:00,5,120,0.0,0.0,0.0,0.066,6.615,6.0,16,20.33606967610349,,0.0,0.0,0.0,0.0,44.00118647566494,optimal
2021-02-07 10:30:00,5,120,0.0,0.0,0.0,0.2060333333333333,6.174,6.0,16,20.301680180220607,,0.0,0.0,0.0,0.0,43.503581492198975,optimal
2021-02-07 11:00:00,5,120,1.003877424890956,0.0,0.0,0.1074333333333333,3.906,6.0,16,20.268866541519184,,3513.570987118346,0.0,0.0,0.0,43.006474113716486,optimal
2021-02-07 11:30:00,5,120,1.1428571428571428,0.0,0.0,0.1538333333333333,2.3415,6.0,16,20.279170061949635,,4000.0,0.0,0.0,0.0,42.50986384261248,optimal
2021-02-07 12:00:00,5,120,1.1428571428571428,0.0,0.0,0.0918333333333333,2.205,6.0,16,20.2959442609207,,4000.0,0.0,0.0,0.0,42.01375018177957,optimal
2021-02-07 12:30:00,5,120,1.1428571428571428,0.2322222222222222,0.0,0.4353,0.882,6.0,16,20.313060887083022,,4000.0,0.0,0.0,209.0,41.5181326346075,optimal
2021-02-07 13:00:00,5,120,1.1428571428571428,0.0,0.0,0.3884666666666665,1.5435,6.0,16,20.33611861173397,,4000.0,0.0,0.0,0.0,41.0230107049826,optimal
2021-02-07 13:30:00,5,120,1.1428571428571428,0.0,0.0,0.6066666666666666,1.5435,6.0,16,20.35752603674045,,4000.0,0.0,0.0,0.0,40.52838389728732,optimal
2021-02-07 14:00:00,5,120,0.0,0.0,0.0,0.6288333333333334,5.0715,6.0,16,20.38164833561691,,0.0,0.0,0.0,0.0,40.03425171639974,optimal
2021-02-07 14:30:00,5,120,0.0,0.0,0.0,0.1641666666666666,5.376,6.0,16,20.356562627408287,,0.0,0.0,0.0,0.0,39.54061366769304,optimal
2021-02-07 15:00:00,5,120,0.0,0.0,0.0,0.0815,5.0715,6.0,16,20.32539430973523,,0.0,0.0,0.0,0.0,39.04746925703506,optimal
2021-02-07 15:30:00,5,120,0.0,0.0,0.0,0.1563,5.5125,6.0,16,20.294381572208405,,0.0,0.0,0.0,0.0,38.55481799078773,optimal
2021-02-07 16:00:00,5,120,0.0,0.0,0.0,0.1571666666666666,9.261,6.0,16,20.2640441742276,,0.0,0.0,0.0,0.0,38.06265937580665,optimal
2021-02-07 16:30:00,5,120,0.0,0.0,0.0,0.0961333333333333,11.7075,6.0,16,20.231185804942548,,0.0,0.0,0.0,0.0,37.57099291944056,optimal
2021-02-07 17:00:00,5,120,0.0,0.0,0.0,0.1088333333333333,12.348,6.0,16,20.19774817856809,,0.0,0.0,0.0,0.0,37.07981812953082,optimal
2021-02-07 17:30:00,5,120,0.0,0.5418518518518518,0.0,1.669,12.348,6.0,16,20.162077885958904,,0.0,0.0,0.0,487.6666666666667,36.58913451441099,optimal
2021-02-07 18:00:00,5,120,0.0,0.0,0.0,0.4486,12.1275,6.0,16,20.144604713646928,,0.0,0.0,0.0,0.0,36.09894158290629,optimal
2021-02-07 18:30:00,5,120,0.0,0.0,0.0,0.6070333333333333,12.5265,6.0,16,20.116546808003584,,0.0,0.0,0.0,0.0,35.60923884433309,optimal
2021-02-07 19:00:00,5,120,0.0,0.0,0.0,0.2153333333333333,11.7495,6.0,16,20.092320288251667,,0.0,0.0,0.0,0.0,35.12002580849847,optimal
2021-02-07 19:30:00,5,120,0.0,0.0,0.0,0.321,13.23,6.0,16,20.05885565001713,,0.0,0.0,0.0,0.0,34.63130198569968,optimal
2021-02-07 20:00:00,5,120,0.0,0.0,0.0,0.3518333333333333,14.3325,6.0,16,20.02809280445017,,0.0,0.0,0.0,0.0,34.14306688672369,optimal
2021-02-07 20:30:00,5,120,0.0,0.0,0.0,0.0785,14.994,6.0,16,20.0,,0.0,0.0,0.0,0.0,34.10892381983697,optimal
2021-02-07 21:00:00,5,120,0.0,0.2322222222222222,0.0,0.2188333333333333,14.8155,6.0,16,19.97154575891444,,0.0,0.0,0.0,209.0,34.07481489601713,optimal
2021-02-07 21:30:00,5,120,0.0,0.0,0.0,0.1478333333333333,14.112,6.0,16,19.94380365612476,,0.0,0.0,0.0,0.0,34.040740081121115,optimal
2021-02-07 22:00:00,5,120,0.0,0.0,0.0,0.2495,14.007,6.0,16,19.91476878055847,,0.0,0.0,0.0,0.0,34.00669934103999,optimal
2021-02-07 22:30:00,5,120,0.0,1.393333333333333,0.0,0.4989333333333333,13.23,6.0,16,19.888030989221857,,0.0,0.0,0.0,1254.0,33.97269264169895,optimal
2021-02-07 23:00:00,5,120,0.0,0.0,0.0,0.1884333333333333,11.382,6.0,16,19.86582646699904,,0.0,0.0,0.0,0.0,33.93871994905725,optimal
2021-02-07 23:30:00,5,120,0.0,0.0,0.0,0.066,11.7495,6.0,16,19.83641950280633,,0.0,0.0,0.0,0.0,33.904781229108195,optimal
2021-02-08 00:00:00,5,120,1.1428571428571428,0.0,5.0,0.062,7.938,6.0,-10,19.83641950280633,,4000.0,0.0,0.0,0.0,36.24587644787909,optimal
2021-02-08 00:30:00,5,120,1.1428571428571428,0.0,5.0,0.1133333333333333,7.938,6.0,-10,19.851662322169428,,4000.0,0.0,0.0,0.0,38.584630571431205,optimal
2021-02-08 01:00:00,5,120,1.1428571428571428,0.0,5.0,0.249,11.907,6.0,-10,19.86750028197073,,4000.0,0.0,0.0,0.0,40.92104594085978,optimal
2021-02-08 01:30:00,5,120,1.1428571428571428,0.0,5.0,0.062,11.025,6.0,-10,19.88495957991928,,4000.0,0.0,0.0,0.0,43.255124894918914,optimal
2021-02-08 02:00:00,5,120,1.1428571428571428,0.0,5.0,0.2818333333333333,11.2875,6.0,-10,19.90000703738514,,4000.0,0.0,0.0,0.0,45.586869770024,optimal
2021-02-08 02:30:00,5,120,1.1428571428571428,0.0,5.0,0.0805,12.936,6.0,-10,19.917603619297555,,4000.0,0.0,0.0,0.0,47.91628290025397,optimal
2021-02-08 03:00:00,5,120,1.1428571428571428,0.0,0.0,0.062,13.0095,6.0,-10,19.932811731253043,,4000.0,0.0,0.0,0.0,47.86836661735372,optimal
2021-02-08 03:30:00,5,120,1.1428571428571428,0.0,0.0,0.3003333333333333,13.671,6.0,-10,19.9478634469639,,4000.0,0.0,0.0,0.0,47.82049825073637,optimal
2021-02-08 04:00:00,5,120,1.1428571428571428,0.0,0.0,0.062,13.188,6.0,-10,19.96568965202882,,4000.0,0.0,0.0,0.0,47.77267775248563,optimal
2021-02-08 04:30:00,5,120,1.1428571428571428,0.0,0.0,0.1421666666666666,13.8495,6.0,-10,19.98047792890885,,4000.0,0.0,0.0,0.0,47.72490507473314,optimal
2021-02-08 05:00:00,5,120,1.1428571428571428,0.0,0.0,0.2201666666666666,13.23,6.0,-10,19.996015248663124,,4000.0,0.0,0.0,0.0,47.67718016965841,optimal
2021-02-08 05:30:00,5,120,1.1428571428571428,0.0,0.0,0.0928333333333333,13.3665,6.0,-10,20.01227373119005,,4000.0,0.0,0.0,0.0,47.62950298948876,optimal
2021-02-08 06:00:00,5,120,1.1428571428571428,0.0,1.1840315667826404,0.2585,13.0515,6.0,-10,20.026849633739044,,4000.0,0.0,0.0,0.0,48.144288480721016,optimal
2021-02-08 06:30:00,5,120,1.1428571428571428,0.0,0.0,1.0872,13.5345,6.0,-10,20.043271050105087,,4000.0,0.0,0.0,0.0,48.096144192240295,optimal
2021-02-08 07:00:00,5,120,1.1428571428571428,0.6192592592592592,0.0,0.3695666666666666,14.154,6.0,-10,20.060905956177244,,4000.0,0.0,0.0,557.3333333333333,48.048048048048045,optimal
2021-02-08 07:30:00,5,120,1.1428571428571428,5.341111111111111,0.0,0.2076666666666666,14.112,6.0,-10,20.0828319673668,,4000.0,0.0,0.0,4807.0,48.0,optimal
2021-02-08 08:00:00,5,120,0.6972506138862357,0.0,0.0,0.3689333333333333,14.2485,6.0,-10,20.10368275455893,,2440.377148601825,0.0,0.0,0.0,47.16480066525185,optimal
2021-02-08 08:30:00,5,120,1.1428571428571428,0.0,0.0,0.2612666666666666,12.789,6.0,-10,20.10734722554076,,4000.0,0.0,0.0,0.0,46.33043652983846,optimal
2021-02-08 09:00:00,5,120,1.1428571428571428,0.0,0.0,0.1028333333333333,13.0095,6.0,-10,20.123309598510502,,4000.0,0.0,0.0,0.0,45.49690675856048,optimal
2021-02-08 09:30:00,5,120,1.1428571428571428,0.0,0.0,0.1841666666666666,12.1275,6.0,-10,20.13594604218236,,4000.0,0.0,0.0,0.0,44.664210517053775,optimal
2021-02-08 10:00:00,5,120,1.1428571428571428,0.0,0.0,0.1673333333333333,12.348,6.0,-10,20.14984564832216,,4000.0,0.0,0.0,0.0,43.832346971788574,optimal
2021-02-08 10:30:00,5,120,1.1428571428571428,0.0,0.0,0.072,12.348,6.0,-10,20.166362814936907,,4000.0,0.0,0.0,0.0,43.00131529006864,optimal
2021-02-08 11:00:00,5,120,0.0,0.0,0.0,0.3103333333333333,25.389,6.0,-10,20.18138846741348,,0.0,0.0,0.0,0.0,42.17111464003042,optimal
2021-02-08 11:30:00,5,120,0.0,0.0,0.0,0.072,29.1375,6.0,-10,20.153266229395168,,0.0,0.0,0.0,0.0,41.34174419064225,optimal
2021-02-08 12:00:00,5,120,0.0,0.0,0.0,0.072,30.597,6.0,-10,20.12249454329797,,0.0,0.0,0.0,0.0,40.51320311170347,optimal
2021-02-08 12:30:00,5,120,0.0,0.0,0.0,0.1746666666666666,33.684,6.0,-10,20.092919224942847,,0.0,0.0,0.0,0.0,39.68549057384362,optimal
2021-02-08 13:00:00,5,120,0.0,0.0,0.0,0.2188333333333333,32.445,6.0,-10,20.06504977465934,,0.0,0.0,0.0,0.0,38.85860574852163,optimal
2021-02-08 13:30:00,5,120,0.0,0.0,0.0,0.1283333333333333,28.917,6.0,-10,20.039754758791748,,0.0,0.0,0.0,0.0,38.032547808024965,optimal
2021-02-08 14:00:00,5,120,0.0,0.0774074074074074,0.0,0.4488999999999999,15.876,6.0,-10,20.01621591618304,,0.0,0.0,0.0,69.66666666666666,37.2073159254688,optimal
2021-02-08 14:30:00,5,120,0.4432301067177563,0.1548148148148148,0.0,0.2058,12.348,6.0,-10,20.0,,1551.305373512147,0.0,0.0,139.33333333333331,36.38290927479518,optimal
2021-02-08 15:00:00,5,120,0.5679404925639472,0.2322222222222222,0.0,0.3103999999999999,12.1275,6.0,-10,20.0,,1987.791723973815,0.0,0.0,209.0,35.559327030772245,optimal
2021-02-08 15:30:00,5,120,0.0,0.0,0.0,2.475033333333333,12.348,6.0,-10,20.00260839713496,,0.0,0.0,0.0,0.0,34.736568368993325,optimal
2021-02-08 16:00:00,5,120,0.4015249539018127,0.4644444444444444,0.0,1.2651,12.1275,6.0,-10,20.0,,1405.3373386563444,0.0,0.0,418.0,33.91463246587619,optimal
2021-02-08 16:30:00,5,120,0.4677605069956169,0.2322222222222222,0.0,0.4151,12.1275,6.0,-10,20.0,,1637.1617744846592,0.0,0.0,209.0,33.09351849866217,optimal
2021-02-08 17:00:00,5,120,0.4336270769527574,0.1548148148148148,0.0,1.9003333333333328,11.2665,6.0,-10,20.0,,1517.694769334651,0.0,0.0,139.33333333333331,32.273225645415366,optimal
2021-02-08 17:30:00,5,120,1.1428571428571428,0.2322222222222222,0.0,0.4037333333333333,10.143,6.0,-10,20.0,,4000.0,0.0,0.0,209.0,32.24095241976995,optimal
2021-02-08 18:00:00,5,120,0.0,0.3096296296296296,0.0,0.3325333333333333,11.2455,6.0,-10,20.025769762525265,,0.0,0.0,0.0,278.66666666666663,32.20871146735018,optimal
2021-02-08 18:30:00,5,120,0.4436254209913733,0.1548148148148148,0.0,0.5153333333333334,11.025,6.0,-10,20.00304777839656,,1552.6889734698066,0.0,0.0,139.33333333333331,32.17650275588283,optimal
2021-02-08 19:00:00,5,120,1.1428571428571428,0.387037037037037,0.0,0.4848333333333333,5.9745,6.0,-10,20.0,,4000.0,0.0,0.0,348.3333333333333,32.14432625312695,optimal
2021-02-08 19:30:00,5,120,0.3671027333500643,0.5418518518518518,0.0,0.4738333333333333,7.938,6.0,-10,20.026388873065784,,1284.8595667252252,0.0,0.0,487.6666666666667,32.112181926873824,optimal
2021-02-08 20:00:00,5,120,0.0,0.6966666666666667,0.0,0.503,8.6835,6.0,-10,20.02058867263786,,0.0,0.0,0.0,627.0,32.08006974494695,optimal
2021-02-08 20:30:00,5,120,0.0,0.0,0.0,1.2470333333333332,7.665,6.0,-10,20.0,,0.0,0.0,0.0,0.0,32.047989675202,optimal
2021-02-08 21:00:00,5,120,0.0,0.0,0.0,0.4914666666666666,6.7725,6.0,-10,19.97546014530084,,0.0,0.0,0.0,0.0,32.0159416855268,optimal
2021-02-08 21:30:00,5,120,0.0,0.0,0.0,0.1766,5.5755,6.0,-10,19.951374686697395,,0.0,0.0,0.0,0.0,31.983925743841272,optimal
2021-02-08 22:00:00,5,120,0.0,0.0,0.0,0.1746666666666666,5.0925,6.0,-10,19.9227882273222,,0.0,0.0,0.0,0.0,31.95194181809743,optimal
2021-02-08 22:30:00,5,120,0.0,0.0,0.0,0.1953333333333332,4.1895,6.0,-10,19.888993368910302,,0.0,0.0,0.0,0.0,31.91998987627933,optimal
2021-02-08 23:00:00,5,120,0.0,0.0,0.0,0.0843333333333333,7.056,6.0,-10,19.85541815121329,,0.0,0.0,0.0,0.0,31.888069886403056,optimal
2021-02-08 23:30:00,5,120,0.0,0.0,0.0,0.0793333333333333,5.271,6.0,-10,19.820458130254387,,0.0,0.0,0.0,0.0,31.856181816516653,optimal
2021-02-09 00:00:00,5,120,1.1428571428571428,0.0,0.0,0.061,12.1275,6.0,5,19.820458130254387,,4000.0,0.0,0.0,0.0,31.824325634700138,optimal
2021-02-09 00:30:00,5,120,1.1428571428571428,0.0,0.0,0.1636666666666666,12.2955,6.0,5,19.83396046980993,,4000.0,0.0,0.0,0.0,31.79250130906544,optimal
2021-02-09 01:00:00,5,120,1.1428571428571428,0.0,0.0183052639149132,0.061,11.6865,6.0,5,19.848785888843164,,4000.0,0.0,0.0,0.0,31.76940380811595,optimal
2021-02-09 01:30:00,5,120,1.1428571428571428,0.0,5.0,0.1174666666666666,11.466,6.0,5,19.862430323122723,,4000.0,0.0,0.0,0.0,34.11263440430783,optimal
2021-02-09 02:00:00,5,120,1.1428571428571428,0.0,5.0,0.1072,10.8045,6.0,5,19.87653734648184,,4000.0,0.0,0.0,0.0,36.45352176990352,optimal
2021-02-09 02:30:00,5,120,1.1428571428571428,0.0,5.0,0.067,10.584,6.0,5,19.890293073437068,,4000.0,0.0,0.0,0.0,38.79206824813362,optimal
2021-02-09 03:00:00,5,120,1.1428571428571428,0.0,5.0,0.1676666666666666,11.2455,6.0,5,19.90355783268477,,4000.0,0.0,0.0,0.0,41.12827617988548,optimal
2021-02-09 03:30:00,5,120,1.1428571428571428,0.0,0.0,0.061,12.1275,6.0,5,19.91814614242805,,4000.0,0.0,0.0,0.0,41.08714790370559,optimal
2021-02-09 04:00:00,5,120,1.1428571428571428,0.0,0.0,0.1482666666666666,11.823,6.0,5,19.9316530656448,,4000.0,0.0,0.0,0.0,41.04606075580188,optimal
2021-02-09 04:30:00,5,120,1.1428571428571428,0.0,0.0,0.0764,11.7705,6.0,5,19.94639457930917,,4000.0,0.0,0.0,0.0,41.00501469504607,optimal
2021-02-09 05:00:00,5,120,1.1428571428571428,0.0,5.0,0.061,11.13,6.0,5,19.9600331063098,,4000.0,0.0,0.0,0.0,43.33900968035103,optimal
2021-02-09 05:30:00,5,120,1.1428571428571428,0.0,5.0,0.1123333333333333,11.6865,6.0,5,19.973258729701445,,4000.0,0.0,0.0,0.0,45.670670670670674,optimal
2021-02-09 06:00:00,5,120,1.1428571428571428,0.387037037037037,5.0,0.2057333333333333,10.7205,6.0,5,19.98708349274912,,4000.0,0.0,0.0,348.3333333333333,48.0,optimal
2021-02-09 06:30:00,5,120,1.1428571428571428,0.0,0.0,0.2061666666666666,11.424,6.0,5,20.002142613231094,,4000.0,0.0,0.0,0.0,47.90675927210732,optimal
2021-02-09 07:00:00,5,120,1.1428571428571428,0.2322222222222222,0.0,0.4482666666666666,10.689,6.0,5,20.01885047865668,,4000.0,0.0,0.0,209.0,47.81361178494252,optimal
2021-02-09 07:30:00,5,120,1.1428571428571428,2.322222222222221,0.0,0.3172,11.361,6.0,5,20.04034897644475,,4000.0,0.0,0.0,2089.9999999999995,47.720557445264895,optimal
2021-02-09 08:00:00,5,120,1.1428571428571428,0.0,0.0,0.3690666666666666,11.571,6.0,5,20.060191332402617,,4000.0,0.0,0.0,0.0,47.62759615992695,optimal
2021-02-09 08:30:00,5,120,0.7619470440714798,2.012592592592592,0.0,0.25,14.3745,6.0,5,20.077792981403142,,2666.8146542501795,0.0,0.0,1811.333333333333,47.534727835874335,optimal
2021-02-09 09:00:00,5,120,1.1428571428571428,0.0,0.0,0.5163666666666666,13.23,6.0,5,20.079217468439023,,4000.0,0.0,0.0,0.0,47.44195238014578,optimal
2021-02-09 09:30:00,5,120,1.1428571428571428,0.0,0.0,0.214,13.9755,6.0,5,20.101716140547424,,4000.0,0.0,0.0,0.0,47.34926969987295,optimal
2021-02-09 10:00:00,5,120,0.0,0.0,0.0,0.214,14.994,6.0,5,20.11986767450422,,0.0,0.0,0.0,0.0,47.2566797022804,optimal
2021-02-09 10:30:00,5,120,1.1428571428571428,0.3096296296296296,0.0,0.3166666666666667,13.671,6.0,5,20.09233472472985,,4000.0,0.0,0.0,278.66666666666663,47.16418229468543,optimal
2021-02-09 11:00:00,5,120,0.0,0.0,0.0,0.4635333333333333,15.981,6.0,5,20.114211319386943,,0.0,0.0,0.0,0.0,47.07177738449806,optimal
2021-02-09 11:30:00,5,120,0.0,0.5418518518518518,0.0,0.2812333333333333,15.6345,6.0,5,20.09184348405069,,0.0,0.0,0.0,487.6666666666667,46.979464879220885,optimal
2021-02-09 12:00:00,5,120,0.0,0.0,0.0,0.1134333333333333,16.5375,6.0,5,20.06761756350453,,0.0,0.0,0.0,0.0,46.88724468644898,optimal
2021-02-09 12:30:00,5,120,0.0,0.0,0.0,0.1503666666666666,14.7735,6.0,5,20.04271096609129,,0.0,0.0,0.0,0.0,46.795116713869845,optimal
2021-02-09 13:00:00,5,120,0.0,0.2322222222222222,0.0,0.4886666666666667,15.2145,6.0,5,20.01815582460037,,0.0,0.0,0.0,209.0,46.703080869263296,optimal
2021-02-09 13:30:00,5,120,0.4416347485219952,0.2322222222222222,0.0,0.2821333333333333,14.553,6.0,5,20.0,,1545.7216198269832,0.0,0.0,209.0,46.61113706050135,optimal
2021-02-09 14:00:00,5,120,1.1428571428571428,0.1548148148148148,0.0,0.4992666666666666,14.3325,6.0,5,20.0,,4000.0,0.0,0.0,139.33333333333331,46.51928519554816,optimal
2021-02-09 14:30:00,5,120,0.1435369808303997,0.0,0.0,0.261,14.595,6.0,5,20.033160522352595,,502.379432906399,0.0,0.0,0.0,46.42752518245993,optimal
2021-02-09 15:00:00,5,120,0.0,0.0,0.0,0.3029333333333333,14.994,6.0,5,20.01924131333174,,0.0,0.0,0.0,0.0,46.33585692938479,optimal
2021-02-09 15:30:00,5,120,0.4053461074175476,0.774074074074074,0.0,0.4195333333333333,14.3325,6.0,5,20.0,,1418.7113759614167,0.0,0.0,696.6666666666666,46.244280344562725,optimal
2021-02-09 16:00:00,5,120,0.5100886339532446,0.1548148148148148,0.0,0.2288,13.8915,6.0,5,20.0,,1785.310218836356,0.0,0.0,139.33333333333331,46.15279533632548,optimal
2021-02-09 16:30:00,5,120,1.0106431847834958,0.2322222222222222,0.0,0.3566666666666667,13.8915,6.0,5,20.0,,3537.251146742235,0.0,0.0,209.0,46.06140181309648,optimal
2021-02-09 17:00:00,5,120,1.1428571428571428,0.6192592592592592,0.0,0.25,13.4715,6.0,5,20.021857562572457,,4000.0,0.0,0.0,557.3333333333333,45.97009968339069,optimal
2021-02-09 17:30:00,5,120,1.1428571428571428,0.774074074074074,0.0,0.3933,13.23,6.0,5,20.04450981558016,,4000.0,0.0,0.0,696.6666666666666,45.87888885581462,optimal
2021-02-09 18:00:00,5,120,1.1428571428571428,0.4644444444444444,0.0,0.6722333333333333,13.8915,6.0,5,20.07045543702572,,4000.0,0.0,0.0,418.0,45.78776923906612,optimal
2021-02-09 18:30:00,5,120,0.0,0.9288888888888888,0.0,0.4276666666666667,26.9325,6.0,5,20.09778659122268,,0.0,0.0,0.0,836.0,45.69674074193437,optimal
2021-02-09 19:00:00,5,120,0.0,0.0,0.0,0.4933,30.303,6.0,5,20.071956709854707,,0.0,0.0,0.0,0.0,45.60580327329976,optimal
2021-02-09 19:30:00,5,120,0.0,0.0,0.0,1.7798333333333332,32.886,6.0,5,20.04699356899084,,0.0,0.0,0.0,0.0,45.514956742133776,optimal
2021-02-09 20:00:00,5,120,0.0,0.0,0.0,0.4458999999999999,34.9965,6.0,5,20.02423960493067,,0.0,0.0,0.0,0.0,45.469441785391645,optimal
2021-02-09 20:30:00,5,120,0.0,0.2322222222222222,0.0,0.5244,33.327,6.0,5,20.0,,0.0,0.0,0.0,209.0,45.42397234360625,optimal
2021-02-09 21:00:00,5,120,0.0,0.0,0.0,0.3586,31.122,6.0,5,19.97582858413,,0.0,0.0,0.0,0.0,45.378548371262646,optimal
2021-02-09 21:30:00,5,120,0.0,0.0,0.0,0.4289333333333333,17.9025,6.0,5,19.950202429227875,,0.0,0.0,0.0,0.0,45.333169822891385,optimal
2021-02-09 22:00:00,5,120,0.0,0.4644444444444444,0.0,0.3884666666666665,15.6555,6.0,5,19.925794049146543,,0.0,0.0,0.0,418.0,45.287836653068496,optimal
2021-02-09 22:30:00,5,120,0.0,0.0,0.0,0.3776333333333333,14.553,6.0,5,19.90348993454852,,0.0,0.0,0.0,0.0,45.24254881641543,optimal
2021-02-09 23:00:00,5,120,0.0,0.0,0.0,0.3732,14.3325,6.0,5,19.87753883434601,,0.0,0.0,0.0,0.0,45.19730626759901,optimal
2021-02-09 23:30:00,5,120,0.0,0.0,0.0,0.3341666666666666,13.335,6.0,5,19.85107356211182,,0.0,0.0,0.0,0.0,45.152108961331415,optimal
2021-02-10 00:00:00,5,120,0.0,0.0,0.0,0.062,34.9965,6.0,13,19.85107356211182,,0.0,0.0,0.0,0.0,45.10695685237008,optimal
2021-02-10 00:30:00,5,120,0.0,0.0,0.0,0.1196,34.9965,6.0,13,19.81538688269027,,0.0,0.0,0.0,0.0,45.06184989551771,optimal
2021-02-10 01:00:00,5,120,0.0,0.0,0.0,0.2105999999999999,34.9965,6.0,13,19.780274401037868,,0.0,0.0,0.0,0.0,45.01678804562219,optimal
2021-02-10 01:30:00,5,120,0.0,0.0,0.0,0.0747999999999999,27.741,6.0,13,19.74614186903531,,0.0,0.0,0.0,0.0,44.97177125757657,optimal
2021-02-10 02:00:00,5,120,1.1428571428571428,0.0,0.0,0.19,19.026,6.0,13,19.71022438842636,,4000.0,0.0,0.0,0.0,44.92679948631899,optimal
2021-02-10 02:30:00,5,120,1.1428571428571428,0.0,0.0,0.062,18.7215,6.0,13,19.72431263905244,,4000.0,0.0,0.0,0.0,44.88187268683267,optimal
2021-02-10 03:00:00,5,120,1.1428571428571428,0.0,0.0,0.2298,17.4195,6.0,13,19.73681361890268,,4000.0,0.0,0.0,0.0,44.83699081414584,optimal
2021-02-10 03:30:00,5,120,1.1428571428571428,0.0,0.0,0.1004,16.758,6.0,13,19.75133401196843,,4000.0,0.0,0.0,0.0,44.792153823331695,optimal
2021-02-10 04:00:00,5,120,1.1428571428571428,0.0,0.0,0.062,14.217,6.0,13,19.76424922222828,,4000.0,0.0,0.0,0.0,44.747361669508365,optimal
2021-02-10 04:30:00,5,120,1.1428571428571428,1.470740740740741,0.0,0.2654666666666666,13.3665,6.0,13,19.77667102529189,,4000.0,0.0,0.0,1323.6666666666667,44.70261430783886,optimal
2021-02-10 05:00:00,5,120,1.1428571428571428,0.0,0.0,0.0858666666666666,12.789,6.0,13,19.792412570475083,,4000.0,0.0,0.0,0.0,44.65791169353102,optimal
2021-02-10 05:30:00,5,120,1.1428571428571428,0.0,0.0,0.1304,11.907,6.0,13,19.80461592634815,,4000.0,0.0,0.0,0.0,44.613253781837486,optimal
2021-02-10 06:00:00,5,120,1.1428571428571428,0.0,0.0,0.2064333333333333,11.7075,6.0,13,19.817159656272143,,4000.0,0.0,0.0,0.0,44.568640528055646,optimal
2021-02-10 06:30:00,5,120,1.1428571428571428,0.1548148148148148,5.0,0.1725333333333333,10.8045,6.0,13,19.830443072370155,,4000.0,0.0,0.0,139.33333333333331,46.89907188752759,optimal
2021-02-10 07:00:00,5,120,1.1428571428571428,0.6966666666666667,2.416478282863032,0.2166666666666666,11.508,6.0,13,19.844036972351184,,4000.0,0.0,0.0,627.0,48.0,optimal
2021-02-10 07:30:00,5,120,1.1428571428571428,11.398240916788126,0.0,0.4044,11.508,6.0,13,19.861281139174945,,4000.0,9840.416825109312,0.0,418.0,47.74972459984379,optimal
2021-02-10 08:00:00,5,120,1.1428571428571428,0.9288888888888888,0.0,0.4215666666666666,11.508,6.0,13,20.0,,4000.0,0.0,0.0,836.0,47.49969947508773,optimal
2021-02-10 08:30:00,5,120,1.1428571428571428,0.0,0.0,0.1943,11.844,6.0,13,20.015257016895035,,4000.0,0.0,0.0,0.0,47.24992437545643,optimal
2021-02-10 09:00:00,5,120,1.1428571428571428,0.0,0.0,0.4347666666666666,11.508,6.0,13,20.02586401550348,,4000.0,0.0,0.0,0.0,47.00039905092476,optimal
2021-02-10 09:30:00,5,120,1.1428571428571428,0.0774074074074074,0.0,0.3723,11.508,6.0,13,20.042312061734524,,4000.0,0.0,0.0,69.66666666666666,46.75112325171763,optimal
2021-02-10 10:00:00,5,120,1.1428571428571428,0.3096296296296296,0.0,0.3902666666666666,10.4475,6.0,13,20.06059888693923,,4000.0,0.0,0.0,278.66666666666663,46.5020967283097,optimal
2021-02-10 10:30:00,5,120,1.1428571428571428,0.1548148148148148,0.0,0.535,10.8675,6.0,13,20.08243494870664,,4000.0,0.0,0.0,139.33333333333331,46.25331923142518,optimal
2021-02-10 11:00:00,5,120,1.1428571428571428,0.0,0.0,0.6282000000000001,10.542,6.0,13,20.10578475782808,,4000.0,0.0,0.0,0.0,46.004790512037545,optimal
2021-02-10 11:30:00,5,120,1.1428571428571428,0.0,0.0,0.4074333333333332,11.025,6.0,13,20.132587349725164,,4000.0,0.0,0.0,0.0,45.7565103213693,optimal
2021-02-10 12:00:00,5,120,1.1428571428571428,0.0,0.0,0.072,11.025,6.0,13,20.15602289053204,,4000.0,0.0,0.0,0.0,45.50847841089172,optimal
2021-02-10 12:30:00,5,120,1.1428571428571428,0.0,0.0,0.072,14.553,6.0,13,20.17676823054618,,4000.0,0.0,0.0,0.0,45.26069453232461,optimal
2021-02-10 13:00:00,5,120,1.1428571428571428,0.0,0.0,1.3494666666666666,13.0935,6.0,13,20.197472441619663,,4000.0,0.0,0.0,0.0,45.01315843763608,optimal
2021-02-10 13:30:00,5,120,1.1428571428571428,0.0,0.0,1.6338333333333332,15.6345,6.0,13,20.23137283389252,,4000.0,0.0,0.0,0.0,44.76586987904224,optimal
2021-02-10 14:00:00,5,120,0.0,0.0,0.0,0.1168,18.102,6.0,13,20.26637732610834,,0.0,0.0,0.0,0.0,44.51882860900698,optimal
2021-02-10 14:30:00,5,120,0.0,0.0774074074074074,0.0,1.076566666666667,17.199,6.0,13,20.238705453880584,,0.0,0.0,0.0,69.66666666666666,44.27203438024176,optimal
2021-02-10 15:00:00,5,120,0.0,0.0,0.0,0.1393,18.2805,6.0,13,20.21592856905972,,0.0,0.0,0.0,0.0,44.02548694570531,optimal
2021-02-10 15:30:00,5,120,0.0,0.0774074074074074,0.0,0.3527333333333333,17.4615,6.0,13,20.186691980171787,,0.0,0.0,0.0,69.66666666666666,43.77918605860339,optimal
2021-02-10 16:00:00,5,120,0.0,0.0,0.0,0.2611333333333333,18.3225,6.0,13,20.16193942569336,,0.0,0.0,0.0,0.0,43.53313147238858,optimal
2021-02-10 16:30:00,5,120,0.0,0.1548148148148148,0.0,0.3510666666666666,17.094,6.0,13,20.133629866359573,,0.0,0.0,0.0,139.33333333333331,43.28732294075999,optimal
2021-02-10 17:00:00,5,120,0.0,0.774074074074074,0.0,0.2683999999999999,17.094,6.0,13,20.10753049652861,,0.0,0.0,0.0,696.6666666666666,43.04176021766301,optimal
2021-02-10 17:30:00,5,120,0.0,0.5418518518518518,0.0,0.3561,17.094,6.0,13,20.0771105719182,,0.0,0.0,0.0,487.6666666666667,42.99871845744535,optimal
2021-02-10 18:00:00,5,120,0.0,0.3096296296296296,0.0,0.4338,17.3565,6.0,13,20.050626205186656,,0.0,0.0,0.0,278.66666666666663,42.9557197389879,optimal
2021-02-10 18:30:00,5,120,0.5589108763498591,0.387037037037037,0.0,0.5052,17.115,6.0,13,20.02590641640612,,1956.1880672245068,0.0,0.0,348.3333333333333,42.91276401924891,optimal
2021-02-10 19:00:00,5,120,0.0,0.0774074074074074,0.0,0.5522666666666667,17.241,6.0,13,20.0246877651424,,0.0,0.0,0.0,69.66666666666666,42.86985125522966,optimal
2021-02-10 19:30:00,5,120,0.6598726786097513,0.3096296296296296,0.0,0.4496333333333333,17.094,6.0,13,20.0,,2309.5543751341297,0.0,0.0,278.66666666666663,42.82698140397443,optimal
2021-02-10 20:00:00,5,120,0.6462589178930247,0.3096296296296296,0.0,0.49,16.5165,6.0,13,20.0,,2261.9062126255862,0.0,0.0,278.66666666666663,42.78415442257045,optimal
2021-02-10 20:30:00,5,120,0.0,1.7803703703703702,0.0,0.5221333333333333,17.8185,6.0,13,20.0,,0.0,0.0,0.0,1602.3333333333333,42.74137026814788,optimal
2021-02-10 21:00:00,5,120,0.0,0.0,0.0,0.5713333333333334,17.094,6.0,13,19.97350896780021,,0.0,0.0,0.0,0.0,42.698628897879736,optimal
2021-02-10 21:30:00,5,120,0.0,0.0,0.0,0.7635666666666667,16.8945,6.0,13,19.947183300366145,,0.0,0.0,0.0,0.0,42.655930268981855,optimal
2021-02-10 22:00:00,5,120,0.0,0.0,0.0,0.4640666666666667,18.123,6.0,13,19.920476856734965,,0.0,0.0,0.0,0.0,42.61327433871287,optimal
2021-02-10 22:30:00,5,120,0.0,0.0,0.0,0.1374,31.647,6.0,13,19.88553765337369,,0.0,0.0,0.0,0.0,42.57066106437416,optimal
2021-02-10 23:00:00,5,120,0.0,0.0,0.0,0.168,34.9965,6.0,13,19.842549992383475,,0.0,0.0,0.0,0.0,42.52809040330978,optimal
2021-02-10 23:30:00,5,120,0.0,0.0,0.0,0.1567666666666667,34.9965,6.0,13,19.79952469612092,,0.0,0.0,0.0,0.0,42.48556231290648,optimal
2021-02-11 00:00:00,5,120,1.1428571428571428,0.0,5.0,0.1246666666666666,11.025,6.0,-8,19.79952469612092,,4000.0,0.0,0.0,0.0,44.81807675059357,optimal
2021-02-11 00:30:00,5,120,1.1428571428571428,0.0,5.0,0.146,10.4265,6.0,-8,19.804262917249325,,4000.0,0.0,0.0,0.0,47.148258673842975,optimal
2021-02-11 01:00:00,5,120,1.1428571428571428,0.0,0.0,0.066,12.789,6.0,-8,19.80935243208569,,4000.0,0.0,0.0,0.0,47.10111041516913,optimal
2021-02-11 01:30:00,5,120,1.1428571428571428,0.0,3.5195441740760347,0.2126666666666666,12.684,6.0,-8,19.81365552546673,,4000.0,0.0,0.0,0.0,48.72579278744007,optimal
2021-02-11 02:00:00,5,120,1.1428571428571428,0.0,0.0,0.066,16.254,6.0,-8,19.819736831368303,,4000.0,0.0,0.0,0.0,48.67706699465263,optimal
2021-02-11 02:30:00,5,120,1.1428571428571428,0.0,0.0,0.1126666666666666,17.64,6.0,-8,19.824019337025,,4000.0,0.0,0.0,0.0,48.62838992765797,optimal
2021-02-11 03:00:00,5,120,1.1428571428571428,0.0,0.0,0.166,19.1625,6.0,-8,19.828663605409584,,4000.0,0.0,0.0,0.0,48.57976153773031,optimal
2021-02-11 03:30:00,5,120,0.0,0.0,0.0,0.066,26.46,6.0,-8,19.833750134926262,,0.0,0.0,0.0,0.0,48.53118177619257,optimal
2021-02-11 04:00:00,5,120,1.1428571428571428,0.0,0.0,0.2126666666666666,20.79,6.0,-8,19.789374613552823,,4000.0,0.0,0.0,0.0,48.48265059441637,optimal
2021-02-11 04:30:00,5,120,0.0,0.0,0.0,0.066,29.106,6.0,-8,19.79609882674701,,0.0,0.0,0.0,0.0,48.434167943821954,optimal
2021-02-11 05:00:00,5,120,1.1428571428571428,0.0,0.0,0.1593333333333333,19.1835,6.0,-8,19.752293592174183,,4000.0,0.0,0.0,0.0,48.38573377587813,optimal
2021-02-11 05:30:00,5,120,1.1428571428571428,0.0,0.0,0.1193333333333333,19.6665,6.0,-8,19.758441595851973,,4000.0,0.0,0.0,0.0,48.33734804210225,optimal
2021-02-11 06:00:00,5,120,1.1428571428571428,0.0,0.0,0.1198333333333333,19.404,6.0,-8,19.76458575771216,,4000.0,0.0,0.0,0.0,48.28901069406015,optimal
2021-02-11 06:30:00,5,120,1.1428571428571428,1.935185185185185,0.0,0.179,19.047,6.0,-8,19.77224278710346,,4000.0,0.0,0.0,1741.6666666666667,48.24072168336608,optimal
2021-02-11 07:00:00,5,120,1.1428571428571428,0.2322222222222222,0.0,0.0705,18.858,6.0,-8,19.782660405242453,,4000.0,0.0,0.0,209.0,48.19248096168271,optimal
2021-02-11 07:30:00,5,120,1.1428571428571428,17.90582018534538,0.0,0.234,19.2675,6.0,-8,19.79246269079492,,4000.0,15975.904833477509,0.0,139.33333333333331,48.144288480721016,optimal
2021-02-11 08:00:00,5,120,1.1428571428571428,0.0774074074074074,0.0,0.1085999999999999,18.963,6.0,-8,20.0,,4000.0,0.0,0.0,69.66666666666666,48.096144192240295,optimal
2021-02-11 08:30:00,5,120,1.1428571428571428,0.0,0.0,0.4307333333333333,18.438,6.0,-8,20.013724532820227,,4000.0,0.0,0.0,0.0,48.048048048048045,optimal
2021-02-11 09:00:00,5,120,1.1428571428571428,0.3096296296296296,0.0,0.3132666666666666,18.7425,6.0,-8,20.03211760787385,,4000.0,0.0,0.0,278.66666666666663,48.0,optimal
2021-02-11 09:30:00,5,120,1.1428571428571428,0.0,0.0,0.066,15.2145,6.0,-8,20.04936693974417,,4000.0,0.0,0.0,0.0,47.88617884990955,optimal
2021-02-11 10:00:00,5,120,1.1428571428571428,0.0,0.0,0.2126666666666666,17.7765,6.0,-8,20.058861580233103,,4000.0,0.0,0.0,0.0,47.77247152096919,optimal
2021-02-11 10:30:00,5,120,1.1428571428571428,0.0,0.0,0.066,16.758,6.0,-8,20.076949904289425,,4000.0,0.0,0.0,0.0,47.65887789935777,optimal
2021-02-11 11:00:00,5,120,1.1428571428571428,0.0,0.0,0.166,16.422,6.0,-8,20.092026085715773,,4000.0,0.0,0.0,0.0,47.54539787136796,optimal
2021-02-11 11:30:00,5,120,1.1428571428571428,0.0,0.0,0.1126666666666666,16.758,6.0,-8,20.10991238823257,,4000.0,0.0,0.0,0.0,47.43203132340614,optimal
2021-02-11 12:00:00,5,120,0.0,0.0,0.0,0.1193333333333333,29.358,6.0,-8,20.12860042720404,,0.0,0.0,0.0,0.0,47.31877814199229,optimal
2021-02-11 12:30:00,5,120,0.0,0.0,0.0,0.1593333333333333,34.9965,6.0,-8,20.10225521570309,,0.0,0.0,0.0,0.0,47.20563821375985,optimal
2021-02-11 13:00:00,5,120,0.0,0.0,0.0,0.066,34.65,6.0,-8,20.077738194829102,,0.0,0.0,0.0,0.0,47.09261142545564,optimal
2021-02-11 13:30:00,5,120,0.0,0.0,0.0,0.2126666666666666,34.9965,6.0,-8,20.052193497412485,,0.0,0.0,0.0,0.0,46.97969766393973,optimal
2021-02-11 14:00:00,5,120,0.0,0.0,0.0,0.066,34.9965,6.0,-8,20.028684443924067,,0.0,0.0,0.0,0.0,46.86689681618534,optimal
2021-02-11 14:30:00,5,120,0.0,1.641727655174441,0.0,0.2946666666666667,30.4815,6.0,-8,20.003892022853137,,0.0,1407.8882229903302,0.0,69.66666666666666,46.75420876927871,optimal
2021-02-11 15:00:00,5,120,0.5777291944516584,0.0774074074074074,0.0,0.1176666666666666,21.4305,6.0,-8,20.0,,2022.0521805808044,0.0,0.0,69.66666666666666,46.641633410418976,optimal
2021-02-11 15:30:00,5,120,0.5468963713452049,0.0,0.0,0.3500666666666666,14.3325,6.0,-8,20.0,,1914.1372997082167,0.0,0.0,0.0,46.52917062691811,optimal
2021-02-11 16:00:00,5,120,1.0354617587586374,0.0,0.0,1.4458666666666666,13.692,6.0,-8,20.0,,3624.116155655231,0.0,0.0,0.0,46.41682030620074,optimal
2021-02-11 16:30:00,5,120,0.0,0.0774074074074074,0.0,0.399,14.007,6.0,-8,20.02925230333505,,0.0,0.0,0.0,69.66666666666666,46.30458233580409,optimal
2021-02-11 17:00:00,5,120,0.738309605250807,1.006296296296296,0.0,0.4611,12.873,6.0,-8,20.0,,2584.0836183778247,0.0,0.0,905.6666666666664,46.19245660337784,optimal
2021-02-11 17:30:00,5,120,0.8385000740559748,0.0,0.0,0.284,12.684,6.0,-8,20.0,,2934.750259195912,0.0,0.0,0.0,46.080442996684006,optimal
2021-02-11 18:00:00,5,120,0.7726643778677144,0.2322222222222222,0.0,0.9218666666666668,12.306,6.0,-8,20.0,,2704.3253225370004,0.0,0.0,209.0,45.96854140359687,optimal
2021-02-11 18:30:00,5,120,1.1428571428571428,0.0,0.0,1.6611333333333334,10.6365,6.0,-8,20.0,,4000.0,0.0,0.0,0.0,45.85675171210283,optimal
2021-02-11 19:00:00,5,120,0.8564676588618182,0.0,0.0,0.066,11.2455,6.0,-8,20.01713761403516,,2997.636806016364,0.0,0.0,0.0,45.74507381030028,optimal
2021-02-11 19:30:00,5,120,1.1428571428571428,0.0,0.0,0.066,11.2455,6.0,-8,20.004391918665416,,4000.0,0.0,0.0,0.0,45.63350758639952,optimal
2021-02-11 20:00:00,5,120,1.1428571428571428,0.0,0.0,0.1793333333333333,11.025,6.0,-8,20.0022965746186,,4000.0,0.0,0.0,0.0,45.52205292872267,optimal
2021-02-11 20:30:00,5,120,0.0,0.0,0.0,0.1951666666666666,12.0855,6.0,-8,20.0,,0.0,0.0,0.0,0.0,45.4107097257035,optimal
2021-02-11 21:00:00,5,120,0.0,0.3096296296296296,0.0,0.292,11.6865,6.0,-8,19.95056361859072,,0.0,0.0,0.0,278.66666666666663,45.3652990159778,optimal
2021-02-11 21:30:00,5,120,0.0,0.0774074074074074,0.0,0.4997333333333333,11.2245,6.0,-8,19.90536855301716,,0.0,0.0,0.0,69.66666666666666,45.31993371696182,optimal
2021-02-11 22:00:00,5,120,0.0,0.0,0.0,0.4041333333333333,11.025,6.0,-8,19.863962776656432,,0.0,0.0,0.0,0.0,45.27461378324486,optimal
2021-02-11 22:30:00,5,120,0.0,0.0,0.0,0.3821666666666667,10.7835,6.0,-8,19.82309421292434,,0.0,0.0,0.0,0.0,45.22933916946162,optimal
2021-02-11 23:00:00,5,120,0.0,0.0,0.0,1.0275666666666663,11.025,6.0,-8,19.781533366032424,,0.0,0.0,0.0,0.0,45.18410983029216,optimal
2021-02-11 23:30:00,5,120,0.0,0.1548148148148148,0.0,1.4218666666666666,10.584,6.0,-8,19.74400510902376,,0.0,0.0,0.0,139.33333333333331,45.13892572046186,optimal
2021-02-12 00:00:00,5,120,1.1428571428571428,0.0,0.0,0.0603333333333333,12.1275,6.0,7,19.74400510902376,,4000.0,0.0,0.0,0.0,45.0937867947414,optimal
2021-02-12 00:30:00,5,120,1.1428571428571428,0.0,0.0,0.061,13.671,6.0,7,19.74318694442895,,4000.0,0.0,0.0,0.0,45.04869300794665,optimal
2021-02-12 01:00:00,5,120,1.1428571428571428,0.0,0.0,0.1966666666666666,10.668,6.0,7,19.741958638695724,,4000.0,0.0,0.0,0.0,45.003644314938704,optimal
2021-02-12 01:30:00,5,120,1.1428571428571428,0.0,0.0,0.1185666666666666,11.7285,6.0,7,19.742385506053967,,4000.0,0.0,0.0,0.0,44.958640670623765,optimal
2021-02-12 02:00:00,5,120,1.1428571428571428,0.0,0.0,0.1938666666666667,11.025,6.0,7,19.74205834240075,,4000.0,0.0,0.0,0.0,44.91368202995314,optimal
2021-02-12 02:30:00,5,120,1.1428571428571428,0.0,0.0,0.0795,10.689,6.0,7,19.742847414101355,,4000.0,0.0,0.0,0.0,44.8687683479232,optimal
2021-02-12 03:00:00,5,120,1.1428571428571428,0.0,5.0,0.1404333333333333,8.1585,6.0,7,19.742836436288773,,4000.0,0.0,0.0,0.0,47.19889957957527,optimal
2021-02-12 03:30:00,5,120,1.1428571428571428,0.0,0.0,0.1905,10.3635,6.0,7,19.744162559879584,,4000.0,0.0,0.0,0.0,47.15170067999569,optimal
2021-02-12 04:00:00,5,120,1.1428571428571428,0.0,0.0,0.061,10.8045,6.0,7,19.747483777667657,,4000.0,0.0,0.0,0.0,47.104548979315695,optimal
2021-02-12 04:30:00,5,120,1.1428571428571428,0.0,0.0,0.1342666666666666,11.025,6.0,7,19.750608591487417,,4000.0,0.0,0.0,0.0,47.05744443033638,optimal
2021-02-12 05:00:00,5,120,1.1428571428571428,0.0,0.0,0.061,10.3635,6.0,7,19.75600756385091,,4000.0,0.0,0.0,0.0,47.010386985906045,optimal
2021-02-12 05:30:00,5,120,1.1428571428571428,0.0,0.0,0.192,10.8045,6.0,7,19.76189106673464,,4000.0,0.0,0.0,0.0,46.96337659892014,optimal
2021-02-12 06:00:00,5,120,1.1428571428571428,0.0,0.0,0.1389333333333333,10.059,6.0,7,19.77094484245621,,4000.0,0.0,0.0,0.0,46.916413222321225,optimal
2021-02-12 06:30:00,5,120,1.1428571428571428,0.2322222222222222,0.0,0.0596666666666666,10.584,6.0,7,19.78092024243998,,4000.0,0.0,0.0,209.0,46.869496809098905,optimal
2021-02-12 07:00:00,5,120,1.1428571428571428,0.5418518518518518,2.6810881683168253,0.1761666666666666,9.4185,6.0,7,19.790685099025225,,4000.0,0.0,0.0,487.6666666666667,48.096144192240295,optimal
2021-02-12 07:30:00,5,120,1.1428571428571428,16.92146801758888,0.0,0.1724,10.3635,6.0,7,19.803721137244345,,4000.0,15159.654549163324,0.0,69.66666666666666,48.048048048048045,optimal
2021-02-12 08:00:00,5,120,1.1428571428571428,1.7803703703703702,0.0,0.2448666666666666,9.8385,6.0,7,20.0,,4000.0,0.0,0.0,1602.3333333333333,48.0,optimal
2021-02-12 08:30:00,5,120,1.1428571428571428,4.025185185185184,0.0,0.2011,11.067,6.0,7,20.009721551034108,,4000.0,0.0,0.0,3622.666666666666,47.72770422315721,optimal
2021-02-12 09:00:00,5,120,1.1428571428571428,0.387037037037037,0.0,0.287,10.8465,6.0,7,20.01765030504687,,4000.0,0.0,0.0,348.3333333333333,47.45568074209127,optimal
2021-02-12 09:30:00,5,120,1.1428571428571428,0.0,0.0,0.2452,13.671,6.0,7,20.029157306194147,,4000.0,0.0,0.0,0.0,47.18392928450639,optimal
2021-02-12 10:00:00,5,120,1.1428571428571428,0.387037037037037,0.0,0.1461666666666666,12.348,6.0,7,20.0427640175977,,4000.0,0.0,0.0,348.3333333333333,46.912449578379096,optimal
2021-02-12 10:30:00,5,120,0.863358496128806,0.0,0.0,0.1313333333333333,14.3325,6.0,7,20.062526944792108,,3021.754736450821,0.0,0.0,0.0,46.64124135195793,optimal
2021-02-12 11:00:00,5,120,0.0,0.0,0.0,0.1774333333333333,15.393,6.0,7,20.07048276252176,,0.0,0.0,0.0,0.0,46.37030433376319,optimal
2021-02-12 11:30:00,5,120,1.1428571428571428,0.387037037037037,0.0,0.1289333333333333,13.587,6.0,7,20.04574438516337,,4000.0,0.0,0.0,348.3333333333333,46.09963825258664,optimal
2021-02-12 12:00:00,5,120,0.0,0.2322222222222222,0.0,0.1699666666666666,16.1385,6.0,7,20.06900033437012,,0.0,0.0,0.0,209.0,45.82924283749127,optimal
2021-02-12 12:30:00,5,120,0.0,0.2322222222222222,0.0,0.2154,14.595,6.0,7,20.04467529672964,,0.0,0.0,0.0,209.0,45.559117817810986,optimal
2021-02-12 13:00:00,5,120,0.0,0.387037037037037,0.0,0.1518,14.637,6.0,7,20.022244967245665,,0.0,0.0,0.0,348.3333333333333,45.28926292315039,optimal
2021-02-12 13:30:00,5,120,0.4226708396944912,0.0,0.0,0.2660666666666667,13.9125,6.0,7,20.0,,1479.3479389307192,0.0,0.0,0.0,45.01967788338445,optimal
2021-02-12 14:00:00,5,120,0.1615300281775852,0.0774074074074074,0.0,1.5291333333333337,13.3665,6.0,7,20.0,,565.3550986215482,0.0,0.0,69.66666666666666,44.750362428658285,optimal
2021-02-12 14:30:00,5,120,1.1428571428571428,0.0,0.0,0.416,13.0095,6.0,7,20.0,,4000.0,0.0,0.0,0.0,44.48131628938684,optimal
2021-02-12 15:00:00,5,120,0.0,0.0774074074074074,0.0,0.3753999999999999,13.8915,6.0,7,20.029800011470563,,0.0,0.0,0.0,69.66666666666666,44.21253919625467,optimal
2021-02-12 15:30:00,5,120,0.1676818998681217,0.0,0.0,0.2762666666666666,13.188,6.0,7,20.01175729519541,,586.886649538426,0.0,0.0,0.0,43.94403088021563,optimal
2021-02-12 16:00:00,5,120,0.5142403374084122,2.322222222222221,0.0,0.2706333333333333,12.5685,6.0,7,20.0,,1799.8411809294423,0.0,0.0,2089.9999999999995,43.67579107249262,optimal
2021-02-12 16:30:00,5,120,0.4591609674054729,0.6966666666666667,0.0,0.5185666666666667,12.285,6.0,7,20.0,,1607.0633859191553,0.0,0.0,627.0,43.40781950457734,optimal
2021-02-12 17:00:00,5,120,1.1428571428571428,0.3096296296296296,0.0,2.4165,11.487,6.0,7,20.0,,4000.0,0.0,0.0,278.66666666666663,43.14011590822997,optimal
2021-02-12 17:30:00,5,120,1.107780359183387,0.1548148148148148,0.0,0.3585666666666666,11.802,6.0,7,20.037680807239227,,3877.231257141855,0.0,0.0,139.33333333333331,42.87268001547896,optimal
2021-02-12 18:00:00,5,120,1.1428571428571428,0.0,0.0,0.2457666666666667,11.2245,6.0,7,20.05588868689138,,4000.0,0.0,0.0,0.0,42.60551155862069,optimal
2021-02-12 18:30:00,5,120,1.1428571428571428,1.7803703703703702,0.0,0.4184333333333332,11.025,6.0,7,20.07240927828846,,4000.0,0.0,0.0,1602.3333333333333,42.33861027021928,optimal
2021-02-12 19:00:00,5,120,0.0,0.2322222222222222,0.0,0.2924333333333333,11.907,6.0,7,20.091044412523043,,0.0,0.0,0.0,209.0,42.07197588310628,optimal
2021-02-12 19:30:00,5,120,0.0,0.387037037037037,0.0,0.2953,25.83,6.0,7,20.05903060532271,,0.0,0.0,0.0,348.3333333333333,41.80560813038039,optimal
2021-02-12 20:00:00,5,120,0.0,0.5418518518518518,0.0,0.2976,28.035,6.0,7,20.02859241221088,,0.0,0.0,0.0,487.6666666666667,41.539506745407216,optimal
2021-02-12 20:30:00,5,120,0.0,0.0,0.0,0.2890666666666666,28.119,6.0,7,20.0,,0.0,0.0,0.0,0.0,41.27367146181902,optimal
2021-02-12 21:00:00,5,120,0.0,0.0,0.0,0.4419333333333333,30.156,6.0,7,19.970704772727984,,0.0,0.0,0.0,0.0,41.00810201351442,optimal
2021-02-12 21:30:00,5,120,0.0,0.0,0.0,0.4681333333333333,29.1585,6.0,7,19.941226279435224,,0.0,0.0,0.0,0.0,40.9670939115009,optimal
2021-02-12 22:00:00,5,120,0.0,0.0774074074074074,0.0,0.6292000000000001,26.712,6.0,7,19.91255386398946,,0.0,0.0,0.0,69.66666666666666,40.926126817589406,optimal
2021-02-12 22:30:00,5,120,0.0,0.0,0.0,0.5343666666666667,15.435,6.0,7,19.8879459233389,,0.0,0.0,0.0,0.0,40.88520069077182,optimal
2021-02-12 23:00:00,5,120,0.0,0.0,0.0,0.1627666666666666,13.566,6.0,7,19.86175068078185,,0.0,0.0,0.0,0.0,40.84431549008104,optimal
2021-02-12 23:30:00,5,120,0.0,0.0,0.0,0.1696666666666666,12.789,6.0,7,19.826597310887298,,0.0,0.0,0.0,0.0,40.80347117459096,optimal
2021-02-13 00:00:00,5,120,0.0,0.0,0.0,0.041,30.0195,6.0,12,19.826597310887298,,0.0,0.0,0.0,0.0,40.76266770341637,optimal
2021-02-13 00:30:00,5,120,0.0,0.0,0.0,0.041,26.9325,6.0,12,19.78931187925868,,0.0,0.0,0.0,0.0,40.72190503571295,optimal
2021-02-13 01:00:00,5,120,1.1428571428571428,0.0,0.0,0.041,14.595,6.0,12,19.752199496485133,,4000.0,0.0,0.0,0.0,40.68118313067724,optimal
2021-02-13 01:30:00,5,120,1.1428571428571428,0.0,0.0,0.041,12.4845,6.0,12,19.76398919240444,,4000.0,0.0,0.0,0.0,40.64050194754656,optimal
2021-02-13 02:00:00,5,120,1.1428571428571428,0.0,0.0,0.041,12.1275,6.0,12,19.77585464265353,,4000.0,0.0,0.0,0.0,40.59986144559901,optimal
2021-02-13 02:30:00,5,120,1.1428571428571428,0.0,0.0,0.041,12.1275,6.0,12,19.787795697044707,,4000.0,0.0,0.0,0.0,40.55926158415341,optimal
2021-02-13 03:00:00,5,120,1.1428571428571428,0.0,0.0,0.041,12.789,6.0,12,19.799713077544915,,4000.0,0.0,0.0,0.0,40.51870232256926,optimal
2021-02-13 03:30:00,5,120,1.1428571428571428,0.0,0.0,0.041,11.907,6.0,12,19.81160683108914,,4000.0,0.0,0.0,0.0,40.47818362024669,optimal
2021-02-13 04:00:00,5,120,1.1428571428571428,0.0,0.0,0.041,11.025,6.0,12,19.823377876376234,,4000.0,0.0,0.0,0.0,40.437705436626445,optimal
2021-02-13 04:30:00,5,120,1.1428571428571428,0.0,5.0,0.041,8.2005,6.0,12,19.83502645668304,,4000.0,0.0,0.0,0.0,42.77226773118982,optimal
2021-02-13 05:00:00,5,120,1.1428571428571428,0.0,0.0,0.0436666666666666,9.5655,6.0,12,19.846453686661,,4000.0,0.0,0.0,0.0,42.72949546345863,optimal
2021-02-13 05:30:00,5,120,1.1428571428571428,0.0,5.0,0.051,7.056,6.0,12,19.857660005151065,,4000.0,0.0,0.0,0.0,45.06176596799517,optimal
2021-02-13 06:00:00,5,120,1.1428571428571428,0.0,0.0,0.051,9.3975,6.0,12,19.868645850124143,,4000.0,0.0,0.0,0.0,45.01670420202718,optimal
2021-02-13 06:30:00,5,120,1.1428571428571428,0.387037037037037,0.0,0.0498,10.059,6.0,12,19.879411658682844,,4000.0,0.0,0.0,348.3333333333333,44.97168749782515,optimal
2021-02-13 07:00:00,5,120,1.1428571428571428,0.6966666666666667,1.5662207586175807,0.1380333333333333,9.261,6.0,12,19.89356916475932,,4000.0,0.0,0.0,627.0,45.670670670670674,optimal
2021-02-13 07:30:00,5,120,1.1428571428571428,7.083445735815202,5.0,0.2099333333333333,8.1585,6.0,12,19.910357557054127,,4000.0,5817.767828900349,0.0,557.3333333333333,48.0,optimal
2021-02-13 08:00:00,5,120,1.1428571428571428,0.5418518518518518,0.0,0.193,9.4815,6.0,12,20.0,,4000.0,0.0,0.0,487.6666666666667,47.6589531472534,optimal
2021-02-13 08:30:00,5,120,1.1428571428571428,2.0899999999999994,0.0,0.2520666666666666,8.379,6.0,12,20.015366260579963,,4000.0,0.0,0.0,1881.0,47.318247341359545,optimal
2021-02-13 09:00:00,5,120,1.1428571428571428,0.0774074074074074,0.0,0.7167333333333333,9.5235,6.0,12,20.033124357579315,,4000.0,0.0,0.0,69.66666666666666,46.97788224127159,optimal
2021-02-13 09:30:00,5,120,1.1428571428571428,0.1548148148148148,0.0,1.6155333333333333,8.1375,6.0,12,20.05849540406425,,4000.0,0.0,0.0,139.33333333333331,46.63785750628372,optimal
2021-02-13 10:00:00,5,120,1.1428571428571428,0.0,0.0,0.4743333333333333,10.0905,6.0,12,20.08234767297892,,4000.0,0.0,0.0,0.0,46.29817279603083,optimal
2021-02-13 10:30:00,5,120,1.1428571428571428,0.0,0.0,0.193,7.539,6.0,12,20.10554041759664,,4000.0,0.0,0.0,0.0,45.958827770488206,optimal
2021-02-13 11:00:00,5,120,1.1428571428571428,0.0,0.0,0.193,7.938,6.0,12,20.125369162007416,,4000.0,0.0,0.0,0.0,45.61982208997112,optimal
2021-02-13 11:30:00,5,120,1.1428571428571428,0.387037037037037,0.0,0.1456666666666666,8.274,6.0,12,20.147368182484257,,4000.0,0.0,0.0,348.3333333333333,45.28115541513455,optimal
2021-02-13 12:00:00,5,120,1.1428571428571428,0.0,0.0,0.051,9.261,6.0,12,20.16739882337465,,4000.0,0.0,0.0,0.0,44.94282740697282,optimal
2021-02-13 12:30:00,5,120,1.1428571428571428,0.0,0.0,0.051,9.9225,6.0,12,20.18541842263525,,4000.0,0.0,0.0,0.0,44.60483772681925,optimal
2021-02-13 13:00:00,5,120,1.1428571428571428,0.0,0.0,0.193,9.702,6.0,12,20.20360055319372,,4000.0,0.0,0.0,0.0,44.26718603634583,optimal
2021-02-13 13:30:00,5,120,1.1428571428571428,0.0,0.0,0.2905333333333333,10.584,6.0,12,20.22611186908651,,4000.0,0.0,0.0,0.0,43.92987199756288,optimal
2021-02-13 14:00:00,5,120,1.1428571428571428,0.0,0.0,0.051,10.143,6.0,12,20.24996499570957,,4000.0,0.0,0.0,0.0,43.59289527281872,optimal
2021-02-13 14:30:00,5,120,0.0,0.0,0.0,0.051,13.0095,6.0,12,20.266642776319287,,0.0,0.0,0.0,0.0,43.25625552479931,optimal
2021-02-13 15:00:00,5,120,1.1428571428571428,0.0,0.0,0.051,11.025,6.0,12,20.2347563755487,,4000.0,0.0,0.0,0.0,42.91995241652791,optimal
2021-02-13 15:30:00,5,120,0.0,0.0,0.0,0.051,12.789,6.0,12,20.249663471932564,,0.0,0.0,0.0,0.0,42.58398561136478,optimal
2021-02-13 16:00:00,5,120,0.0,0.0,0.0,0.2687,12.1275,6.0,12,20.215613384856635,,0.0,0.0,0.0,0.0,42.24835477300682,optimal
2021-02-13 16:30:00,5,120,0.0,0.2322222222222222,0.0,0.0822,12.1695,6.0,12,20.18332846410879,,0.0,0.0,0.0,209.0,41.91305956548721,optimal
2021-02-13 17:00:00,5,120,0.0,0.0,0.0,0.0904,12.306,6.0,12,20.15051849334284,,0.0,0.0,0.0,0.0,41.57809965317512,optimal
2021-02-13 17:30:00,5,120,0.0,0.0774074074074074,0.0,0.22,13.23,6.0,12,20.117899394416654,,0.0,0.0,0.0,69.66666666666666,41.24347470077535,optimal
2021-02-13 18:00:00,5,120,0.0,0.0,0.0,0.4311333333333333,13.671,6.0,12,20.08662929978946,,0.0,0.0,0.0,0.0,40.909184373327975,optimal
2021-02-13 18:30:00,5,120,0.0,0.0774074074074074,0.0,0.9800666666666668,13.9335,6.0,12,20.055307359374336,,0.0,0.0,0.0,69.66666666666666,40.57522833620805,optimal
2021-02-13 19:00:00,5,120,0.0,6.734444444444445,0.0,0.4890666666666666,13.293,6.0,12,20.033662995101263,,0.0,0.0,0.0,6061.0,40.24160625512524,optimal
2021-02-13 19:30:00,5,120,0.2659941056528124,0.1548148148148148,0.0,0.9581333333333332,12.1065,6.0,12,20.008088428850908,,930.9793697848436,0.0,0.0,139.33333333333331,40.20136464887012,optimal
2021-02-13 20:00:00,5,120,0.6305763831340226,0.0,0.0,0.4274,11.571,6.0,12,20.0,,2207.017340969079,0.0,0.0,0.0,40.161163284221246,optimal
2021-02-13 20:30:00,5,120,0.0,0.0,0.0,0.3248666666666667,11.025,6.0,12,20.0,,0.0,0.0,0.0,0.0,40.12100212093702,optimal
2021-02-13 21:00:00,5,120,0.0,0.0,0.0,0.3293,10.8465,6.0,12,19.9707321152156,,0.0,0.0,0.0,0.0,40.08088111881609,optimal
2021-02-13 21:30:00,5,120,0.0,0.0,0.0,0.3275,11.2455,6.0,12,19.940340162481235,,0.0,0.0,0.0,0.0,40.04080023769727,optimal
2021-02-13 22:00:00,5,120,0.0,0.0,0.0,0.2378666666666666,23.8665,6.0,12,19.90956944818447,,0.0,0.0,0.0,0.0,40.00075943745957,optimal
2021-02-13 22:30:00,5,120,0.0,0.0,0.0,0.2350333333333333,27.4575,6.0,12,19.87605003925146,,0.0,0.0,0.0,0.0,39.96075867802211,optimal
2021-02-13 23:00:00,5,120,0.0,0.4644444444444444,0.0,0.146,27.3735,6.0,12,19.844301845634448,,0.0,0.0,0.0,418.0,39.92079791934409,optimal
2021-02-13 23:30:00,5,120,0.0,0.0,0.0,0.089,30.4605,6.0,12,19.81182681797244,,0.0,0.0,0.0,0.0,39.880877121424746,optimal
2021-02-07 00:00:00,6,120,0.0,0.0,0.0,0.2817333333333333,31.3635,6.0,14,21.0,,0.0,0.0,0.0,0.0,47.952,optimal
2021-02-07 00:30:00,6,120,0.0,0.0,0.0,0.064,33.306,6.0,14,20.966704983008764,,0.0,0.0,0.0,0.0,47.904048,optimal
2021-02-07 01:00:00,6,120,0.0,0.0,0.0,0.1594666666666666,31.3425,6.0,14,20.93276394917375,,0.0,0.0,0.0,0.0,47.856143952,optimal
2021-02-07 01:30:00,6,120,0.0,0.0,0.0,0.1690666666666666,28.2555,6.0,14,20.89985495698607,,0.0,0.0,0.0,0.0,47.80828780804799,optimal
2021-02-07 02:00:00,6,120,0.0,0.0,0.0,0.128,15.6975,6.0,14,20.866996545047428,,0.0,0.0,0.0,0.0,47.76047952023995,optimal
2021-02-07 02:30:00,6,120,0.0,0.0,0.0,0.2022,12.5475,6.0,14,20.833583556698905,,0.0,0.0,0.0,0.0,47.712719040719705,optimal
2021-02-07 03:00:00,6,120,0.0,0.0,0.0,0.064,12.0855,6.0,14,20.800995275435653,,0.0,0.0,0.0,0.0,47.66500632167899,optimal
2021-02-07 03:30:00,6,120,0.0,0.0,0.0,0.1859666666666666,11.907,6.0,14,20.766589746368098,,0.0,0.0,0.0,0.0,47.61734131535731,optimal
2021-02-07 04:00:00,6,120,0.0,0.0,0.0,0.1399,12.5685,6.0,14,20.73363914007752,,0.0,0.0,0.0,0.0,47.56972397404195,optimal
2021-02-07 04:30:00,6,120,0.0,0.0,0.0,0.1120999999999999,13.146,6.0,14,20.700093532347395,,0.0,0.0,0.0,0.0,47.52215425006791,optimal
2021-02-07 05:00:00,6,120,0.0,0.0,0.0,0.0825,10.584,6.0,14,20.66627576175154,,0.0,0.0,0.0,0.0,47.47463209581784,optimal
2021-02-07 05:30:00,6,120,0.0,0.0,0.0,0.2396666666666666,6.678,6.0,14,20.63216443965213,,0.0,0.0,0.0,0.0,47.42715746372202,optimal
2021-02-07 06:00:00,6,120,0.0,0.4644444444444444,0.0,2.050466666666667,7.938,6.0,14,20.600035403670628,,0.0,0.0,0.0,418.0,47.379730306258296,optimal
2021-02-07 06:30:00,6,120,0.0,0.0774074074074074,1.4055777348378222,0.3114666666666666,5.292,6.0,14,20.56911228202384,,0.0,0.0,0.0,69.66666666666666,48.0,optimal
2021-02-07 07:00:00,6,120,0.0,0.2322222222222222,0.0,1.6000333333333332,9.261,6.0,14,20.54188206005711,,0.0,0.0,0.0,209.0,47.74052941571045,optimal
2021-02-07 07:30:00,6,120,0.0,0.7167925925925925,0.0,0.9713,10.3635,6.0,14,20.51366589381429,,0.0,0.0,0.0,645.1133333333333,47.48131830200519,optimal
2021-02-07 08:00:00,6,120,0.0,5.4758,0.0,2.920133333333333,8.274,6.0,14,20.48179341022708,,0.0,0.0,0.0,4928.22,47.22236639941363,optimal
2021-02-07 08:30:00,6,120,0.0,0.387037037037037,0.0,1.8403333333333327,7.7175,6.0,14,20.45453294876524,,0.0,0.0,0.0,348.3333333333333,46.96367344872466,optimal
2021-02-07 09:00:00,6,120,0.0,0.0,0.0,1.673366666666667,6.615,6.0,14,20.425795979409347,,0.0,0.0,0.0,0.0,46.70523919098639,optimal
2021-02-07 09:30:00,6,120,0.0,0.0,0.0,3.2342,6.174,6.0,14,20.399181026510604,,0.0,0.0,0.0,0.0,46.447063367505855,optimal
2021-02-07 10:00:00,6,120,0.0,0.2322222222222222,0.0,1.6702,3.906,6.0,14,20.3763083477687,,0.0,0.0,0.0,209.0,46.1891457198488,optimal
2021-02-07 10:30:00,6,120,0.019509812570109,0.0,0.0,0.5079,2.3415,6.0,14,20.35076962714884,,68.28434399538155,0.0,0.0,0.0,45.9314859898394,optimal
2021-02-07 11:00:00,6,120,1.1428571428571428,0.0,0.0,0.3702333333333333,2.205,6.0,14,20.3188602694978,,4000.0,0.0,0.0,0.0,45.674083919560005,optimal
2021-02-07 11:30:00,6,120,1.1428571428571428,0.0,0.0,0.1525,0.882,6.0,14,20.33672041215016,,4000.0,0.0,0.0,0.0,45.4169392513509,optimal
2021-02-07 12:00:00,6,120,1.1428571428571428,0.0,0.0,0.2354666666666666,1.5435,6.0,14,20.352995876750693,,4000.0,0.0,0.0,0.0,45.16005172780999,optimal
2021-02-07 12:30:00,6,120,1.1428571428571428,0.0,0.0,0.1104,1.5435,6.0,14,20.37174918506416,,4000.0,0.0,0.0,0.0,44.90342109179263,optimal
2021-02-07 13:00:00,6,120,0.0,0.5418518518518518,0.0,1.9703,5.0715,6.0,14,20.38894170870513,,0.0,0.0,0.0,487.6666666666667,44.64704708641128,optimal
2021-02-07 13:30:00,6,120,0.0,0.0,0.0,0.2628,5.376,6.0,14,20.360474338709054,,0.0,0.0,0.0,0.0,44.39092945503532,optimal
2021-02-07 14:00:00,6,120,0.0,0.0774074074074074,0.0,0.9854666666666668,5.0715,6.0,14,20.33226925253325,,0.0,0.0,0.0,69.66666666666666,44.135067941290735,optimal
2021-02-07 14:30:00,6,120,0.0,0.0,0.0,1.666766666666667,5.5125,6.0,14,20.305117573048644,,0.0,0.0,0.0,0.0,43.87946228905989,optimal
2021-02-07 15:00:00,6,120,0.0,0.0,0.0,0.2420333333333333,9.261,6.0,14,20.282735716055587,,0.0,0.0,0.0,0.0,43.62411224248128,optimal
2021-02-07 15:30:00,6,120,0.0,0.0,0.0,0.0777,11.7075,6.0,14,20.25376322403875,,0.0,0.0,0.0,0.0,43.36901754594925,optimal
2021-02-07 16:00:00,6,120,0.0,0.0,0.0,0.4223,12.348,6.0,14,20.222548822308667,,0.0,0.0,0.0,0.0,43.11417794411375,optimal
2021-02-07 16:30:00,6,120,0.0,0.3096296296296296,0.0,0.536,12.348,6.0,14,20.19498676306948,,0.0,0.0,0.0,278.66666666666663,42.859593181880086,optimal
2021-02-07 17:00:00,6,120,0.0,0.3096296296296296,0.0,0.3715333333333334,12.1275,6.0,14,20.1728603334346,,0.0,0.0,0.0,278.66666666666663,42.605263004408656,optimal
2021-02-07 17:30:00,6,120,0.0,0.5418518518518518,0.0,0.5081333333333333,12.5265,6.0,14,20.147604120162526,,0.0,0.0,0.0,487.6666666666667,42.35118715711469,optimal
2021-02-07 18:00:00,6,120,0.0,0.4644444444444444,0.0,0.2833,11.7495,6.0,14,20.12428755052541,,0.0,0.0,0.0,418.0,42.09736538566803,optimal
2021-02-07 18:30:00,6,120,0.0,1.470740740740741,0.0,0.4528999999999999,13.23,6.0,14,20.098663349301603,,0.0,0.0,0.0,1323.6666666666667,41.84379743599281,optimal
2021-02-07 19:00:00,6,120,0.0,0.1548148148148148,0.0,0.5497333333333333,14.3325,6.0,14,20.07567679351365,,0.0,0.0,0.0,139.33333333333331,41.59048305426727,optimal
2021-02-07 19:30:00,6,120,0.0,0.0,0.0,0.3565333333333333,14.994,6.0,14,20.054082328891663,,0.0,0.0,0.0,0.0,41.33742198692345,optimal
2021-02-07 20:00:00,6,120,0.0,0.0,0.0,0.4603333333333333,14.8155,6.0,14,20.02744089365196,,0.0,0.0,0.0,0.0,41.08461398064698,optimal
2021-02-07 20:30:00,6,120,0.0,0.3096296296296296,0.0,0.9527333333333332,14.112,6.0,14,20.0,,0.0,0.0,0.0,278.66666666666663,40.832058782376784,optimal
2021-02-07 21:00:00,6,120,0.0,0.0,0.0,1.665733333333333,14.007,6.0,14,19.974168698627373,,0.0,0.0,0.0,0.0,40.791226723594406,optimal
2021-02-07 21:30:00,6,120,0.0,0.0,0.0,0.4397,13.23,6.0,14,19.950910101881167,,0.0,0.0,0.0,0.0,40.750435496870814,optimal
2021-02-07 22:00:00,6,120,0.0,0.6192592592592592,0.0,0.3019333333333333,11.382,6.0,14,19.927257509312007,,0.0,0.0,0.0,557.3333333333333,40.709685061373946,optimal
2021-02-07 22:30:00,6,120,0.0,0.0,0.0,2.4355333333333333,11.7495,6.0,14,19.902007193158465,,0.0,0.0,0.0,0.0,40.668975376312574,optimal
2021-02-07 23:00:00,6,120,0.0,0.1548148148148148,0.0,0.738,24.3285,6.0,14,19.878662308217823,,0.0,0.0,0.0,139.33333333333331,40.62830640093626,optimal
2021-02-07 23:30:00,6,120,0.0,0.0,0.0,0.1694666666666666,28.917,6.0,14,19.857596729493032,,0.0,0.0,0.0,0.0,40.58767809453533,optimal
2021-02-08 00:00:00,6,120,0.0,0.0,0.0,0.2137666666666667,33.684,6.0,13,19.857596729493032,,0.0,0.0,0.0,0.0,40.5470904164408,optimal
2021-02-08 00:30:00,6,120,0.0,0.0,0.0,0.2074666666666666,32.445,6.0,13,19.82758848187022,,0.0,0.0,0.0,0.0,40.50654332602436,optimal
2021-02-08 01:00:00,6,120,0.0,0.0,0.0,0.2375666666666666,28.917,6.0,13,19.797453337633264,,0.0,0.0,0.0,0.0,40.46603678269833,optimal
2021-02-08 01:30:00,6,120,1.1428571428571428,0.0,0.0,0.1345666666666666,15.876,6.0,13,19.76700556458938,,4000.0,0.0,0.0,0.0,40.42557074591564,optimal
2021-02-08 02:00:00,6,120,1.1428571428571428,0.0,0.0,0.0589,12.348,6.0,13,19.78318552415761,,4000.0,0.0,0.0,0.0,40.38514517516972,optimal
2021-02-08 02:30:00,6,120,1.1428571428571428,0.0,0.0,0.2795666666666667,12.1275,6.0,13,19.798247507994244,,4000.0,0.0,0.0,0.0,40.34476002999455,optimal
2021-02-08 03:00:00,6,120,1.1428571428571428,0.0,0.0,0.047,12.348,6.0,13,19.816075117278967,,4000.0,0.0,0.0,0.0,40.30441526996455,optimal
2021-02-08 03:30:00,6,120,1.1428571428571428,0.0,0.0,0.047,12.1275,6.0,13,19.831190154328684,,4000.0,0.0,0.0,0.0,40.264110854694586,optimal
2021-02-08 04:00:00,6,120,1.1428571428571428,0.0,0.0,0.1829666666666666,12.1275,6.0,13,19.846176096724232,,4000.0,0.0,0.0,0.0,40.22384674383989,optimal
2021-02-08 04:30:00,6,120,1.1428571428571428,0.0,0.0,0.1455,11.2665,6.0,13,19.86268959300498,,4000.0,0.0,0.0,0.0,40.18362289709605,optimal
2021-02-08 05:00:00,6,120,1.1428571428571428,0.0,0.0,0.0985666666666666,10.143,6.0,13,19.878515662162155,,4000.0,0.0,0.0,0.0,40.14343927419896,optimal
2021-02-08 05:30:00,6,120,1.1428571428571428,0.0,0.0,0.2299,11.2455,6.0,13,19.89354034088067,,4000.0,0.0,0.0,0.0,40.10329583492476,optimal
2021-02-08 06:00:00,6,120,1.1428571428571428,0.0,0.0,0.0676666666666666,11.025,6.0,13,19.91003605183023,,4000.0,0.0,0.0,0.0,40.06319253908983,optimal
2021-02-08 06:30:00,6,120,1.1428571428571428,0.0,5.0,0.3171333333333333,5.9745,6.0,13,19.92439106245428,,4000.0,0.0,0.0,0.0,42.398129346550746,optimal
2021-02-08 07:00:00,6,120,1.1428571428571428,0.774074074074074,5.0,2.3756,7.938,6.0,13,19.94192964611409,,4000.0,0.0,0.0,696.6666666666666,44.7307312172042,optimal
2021-02-08 07:30:00,6,120,1.1428571428571428,8.488295483817677,2.072989862491972,0.8552666666666666,8.6835,6.0,13,19.96703141899331,,4000.0,774.5126021025752,0.0,6864.953333333333,45.670670670670674,optimal
2021-02-08 08:00:00,6,120,1.1428571428571428,0.3452370370370369,5.0,2.863933333333333,7.665,6.0,13,20.0,,4000.0,0.0,0.0,310.71333333333325,48.0,optimal
2021-02-08 08:30:00,6,120,1.1428571428571428,2.322222222222221,0.0,0.4839666666666666,6.7725,6.0,13,20.02798038242946,,4000.0,0.0,0.0,2089.9999999999995,47.73078634056372,optimal
2021-02-08 09:00:00,6,120,1.1428571428571428,0.3096296296296296,0.0,2.7995666666666668,5.5755,6.0,13,20.05081338843045,,4000.0,0.0,0.0,278.66666666666663,47.46184189478687,optimal
2021-02-08 09:30:00,6,120,1.1428571428571428,0.0,0.0,0.4534333333333333,5.0925,6.0,13,20.07506770340575,,4000.0,0.0,0.0,0.0,47.193166393455805,optimal
2021-02-08 10:00:00,6,120,1.1428571428571428,0.0,0.0,0.102,4.1895,6.0,13,20.094717465485417,,4000.0,0.0,0.0,0.0,46.92475956762607,optimal
2021-02-08 10:30:00,6,120,1.1428571428571428,0.0,0.0,0.2005,7.056,6.0,13,20.110562632908955,,4000.0,0.0,0.0,0.0,46.656621148622165,optimal
2021-02-08 11:00:00,6,120,1.1428571428571428,0.0,0.0,0.1434666666666666,5.271,6.0,13,20.12727896267093,,4000.0,0.0,0.0,0.0,46.38875086803726,optimal
2021-02-08 11:30:00,6,120,1.1428571428571428,0.0,0.0,0.1065,7.938,6.0,13,20.145975164870148,,4000.0,0.0,0.0,0.0,46.12114845773294,optimal
2021-02-08 12:00:00,6,120,1.1428571428571428,0.0,0.0,0.2014666666666666,7.938,6.0,13,20.164382216337987,,4000.0,0.0,0.0,0.0,45.853813649838926,optimal
2021-02-08 12:30:00,6,120,1.1428571428571428,0.0,0.0,0.147,11.907,6.0,13,20.18504505213793,,4000.0,0.0,0.0,0.0,45.5867461767528,optimal
2021-02-08 13:00:00,6,120,1.1428571428571428,0.0,0.0,0.057,11.025,6.0,13,20.20539990351137,,4000.0,0.0,0.0,0.0,45.31994577113977,optimal
2021-02-08 13:30:00,6,120,1.1428571428571428,0.0,0.0,0.2914666666666666,11.2875,6.0,13,20.224691362258227,,4000.0,0.0,0.0,0.0,45.05341216593235,optimal
2021-02-08 14:00:00,6,120,1.112958879649482,0.0,0.0,0.057,12.936,6.0,13,20.24699918417077,,3895.356078773187,0.0,0.0,0.0,44.787145094330135,optimal
2021-02-08 14:30:00,6,120,0.0,0.0,0.0,0.1746,13.0095,6.0,13,20.265394502042906,,0.0,0.0,0.0,0.0,44.52114428979952,optimal
2021-02-08 15:00:00,6,120,0.0,0.0,0.0,0.1738666666666666,13.671,6.0,13,20.23743404442285,,0.0,0.0,0.0,0.0,44.25540948607344,optimal
2021-02-08 15:30:00,6,120,0.0,0.0,0.0,0.1832666666666667,13.188,6.0,13,20.20718692294438,,0.0,0.0,0.0,0.0,43.98994041715108,optimal
2021-02-08 16:00:00,6,120,0.0,0.0,0.0,0.3479,13.8495,6.0,13,20.17855712291325,,0.0,0.0,0.0,0.0,43.72473681729765,optimal
2021-02-08 16:30:00,6,120,0.0,0.1548148148148148,0.0,1.6538666666666666,13.23,6.0,13,20.15048596851401,,0.0,0.0,0.0,139.33333333333331,43.68101208048036,optimal
2021-02-08 17:00:00,6,120,0.0,0.0774074074074074,0.0,1.4276,13.3665,6.0,13,20.12675855711313,,0.0,0.0,0.0,69.66666666666666,43.637331068399874,optimal
2021-02-08 17:30:00,6,120,1.1428571428571428,0.2322222222222222,0.0,2.8039666666666667,13.0515,6.0,13,20.103530724363587,,4000.0,0.0,0.0,209.0,43.59369373733147,optimal
2021-02-08 18:00:00,6,120,0.0,0.387037037037037,0.0,0.2418666666666666,13.5345,6.0,13,20.13233410970634,,0.0,0.0,0.0,348.3333333333333,43.55010004359414,optimal
2021-02-08 18:30:00,6,120,0.0,0.387037037037037,0.0,1.8204,14.154,6.0,13,20.104287763175908,,0.0,0.0,0.0,348.3333333333333,43.50654994355055,optimal
2021-02-08 19:00:00,6,120,0.0,0.0,0.0,0.2219,14.112,6.0,13,20.07396227868756,,0.0,0.0,0.0,0.0,43.463043393607,optimal
2021-02-08 19:30:00,6,120,0.0,0.0,0.0,0.1085666666666666,14.2485,6.0,13,20.037784301784683,,0.0,0.0,0.0,0.0,43.41958035021339,optimal
2021-02-08 20:00:00,6,120,0.893254703141791,0.0,0.0,0.102,12.789,6.0,13,20.0,,3126.3914609962685,0.0,0.0,0.0,43.376160769863176,optimal
2021-02-08 20:30:00,6,120,0.0,0.0,0.0,0.2174,13.0095,6.0,13,20.0,,0.0,0.0,0.0,0.0,43.33278460909332,optimal
2021-02-08 21:00:00,6,120,0.0,0.0,0.0,0.1310666666666666,12.1275,6.0,13,19.96312081227492,,0.0,0.0,0.0,0.0,43.28945182448423,optimal
2021-02-08 21:30:00,6,120,0.0,0.0,0.0,0.0767,12.348,6.0,13,19.925064741272823,,0.0,0.0,0.0,0.0,43.24616237265974,optimal
2021-02-08 22:00:00,6,120,0.0,0.0,0.0,0.1997666666666666,12.348,6.0,13,19.88671918985937,,0.0,0.0,0.0,0.0,43.20291621028708,optimal
2021-02-08 22:30:00,6,120,0.0,0.0,0.0,0.129,25.389,6.0,13,19.850246285714704,,0.0,0.0,0.0,0.0,43.1597132940768,optimal
2021-02-08 23:00:00,6,120,0.0,0.0,0.0,0.1489333333333333,29.1375,6.0,13,19.81288445942963,,0.0,0.0,0.0,0.0,43.11655358078272,optimal
2021-02-08 23:30:00,6,120,0.0,0.0,0.0,0.1082,30.597,6.0,13,19.775740411879084,,0.0,0.0,0.0,0.0,43.07343702720194,optimal
2021-02-09 00:00:00,6,120,1.1428571428571428,0.2322222222222222,5.0,0.1711,10.689,6.0,-9,19.775740411879084,,4000.0,0.0,0.0,209.0,45.40536359017474,optimal
2021-02-09 00:30:00,6,120,1.1428571428571428,0.0,5.0,0.218,11.361,6.0,-9,19.79099592128558,,4000.0,0.0,0.0,0.0,47.73495822658456,optimal
2021-02-09 01:00:00,6,120,1.1428571428571428,0.0,1.9814034932631623,0.188,11.571,6.0,-9,19.80775701817364,,4000.0,0.0,0.0,0.0,48.62838992765797,optimal
2021-02-09 01:30:00,6,120,1.1428571428571428,0.0,0.0,0.069,14.3745,6.0,-9,19.82364678500409,,4000.0,0.0,0.0,0.0,48.57976153773031,optimal
2021-02-09 02:00:00,6,120,1.1428571428571428,0.0,0.0,0.056,13.23,6.0,-9,19.837230515722407,,4000.0,0.0,0.0,0.0,48.53118177619257,optimal
2021-02-09 02:30:00,6,120,1.1428571428571428,0.0,0.0,0.147,13.9755,6.0,-9,19.85043068909256,,4000.0,0.0,0.0,0.0,48.48265059441637,optimal
2021-02-09 03:00:00,6,120,1.1428571428571428,0.0,0.0,0.056,14.994,6.0,-9,19.86481241366618,,4000.0,0.0,0.0,0.0,48.434167943821954,optimal
2021-02-09 03:30:00,6,120,1.1428571428571428,0.0,0.0,0.0625,13.671,6.0,-9,19.878156160475964,,4000.0,0.0,0.0,0.0,48.38573377587813,optimal
2021-02-09 04:00:00,6,120,1.1428571428571428,0.0,0.0,0.1405,15.981,6.0,-9,19.891750893986018,,4000.0,0.0,0.0,0.0,48.33734804210225,optimal
2021-02-09 04:30:00,6,120,1.1428571428571428,0.0,0.0,0.056,15.6345,6.0,-9,19.90646715414034,,4000.0,0.0,0.0,0.0,48.28901069406015,optimal
2021-02-09 05:00:00,6,120,0.872065130517839,0.0,0.0,0.056,16.5375,6.0,-9,19.91992657409479,,3052.2279568124363,0.0,0.0,0.0,48.24072168336608,optimal
2021-02-09 05:30:00,6,120,1.1428571428571428,0.0,0.0,0.147,14.7735,6.0,-9,19.92161496928354,,4000.0,0.0,0.0,0.0,48.19248096168271,optimal
2021-02-09 06:00:00,6,120,1.1428571428571428,0.0,0.0,0.056,15.2145,6.0,-9,19.935954694690007,,4000.0,0.0,0.0,0.0,48.144288480721016,optimal
2021-02-09 06:30:00,6,120,1.1428571428571428,0.0,0.0,0.1556666666666666,14.553,6.0,-9,19.94915739745556,,4000.0,0.0,0.0,0.0,48.096144192240295,optimal
2021-02-09 07:00:00,6,120,1.1428571428571428,0.0,0.0,0.5461333333333334,14.3325,6.0,-9,19.96334339012376,,4000.0,0.0,0.0,0.0,48.048048048048045,optimal
2021-02-09 07:30:00,6,120,1.1428571428571428,0.1548148148148148,0.0,0.1916333333333333,14.595,6.0,-9,19.98351522985924,,4000.0,0.0,0.0,139.33333333333331,48.0,optimal
2021-02-09 08:00:00,6,120,1.1428571428571428,0.5418518518518518,0.0,0.1614,14.994,6.0,-9,20.0,,4000.0,0.0,0.0,487.6666666666667,47.82583515202376,optimal
2021-02-09 08:30:00,6,120,1.1428571428571428,6.579629629629631,0.0,0.0780666666666666,14.3325,6.0,-9,20.01570870264608,,4000.0,0.0,0.0,5921.666666666668,47.65184446889549,optimal
2021-02-09 09:00:00,6,120,1.1428571428571428,0.1548148148148148,0.0,0.1246333333333333,13.8915,6.0,-9,20.02915581001076,,4000.0,0.0,0.0,139.33333333333331,47.478027776450354,optimal
2021-02-09 09:30:00,6,120,1.1428571428571428,0.0,0.0,0.1898666666666666,13.8915,6.0,-9,20.046616844442163,,4000.0,0.0,0.0,0.0,47.30438490069766,optimal
2021-02-09 10:00:00,6,120,1.1428571428571428,0.0,0.0,0.0780666666666666,13.4715,6.0,-9,20.06537912268005,,4000.0,0.0,0.0,0.0,47.13091566782072,optimal
2021-02-09 10:30:00,6,120,1.1428571428571428,0.0774074074074074,0.0,0.184,13.23,6.0,-9,20.08575324785826,,4000.0,0.0,0.0,69.66666666666666,46.95761990417666,optimal
2021-02-09 11:00:00,6,120,1.1428571428571428,0.0774074074074074,0.0,0.1576666666666666,13.8915,6.0,-9,20.10955389428157,,4000.0,0.0,0.0,69.66666666666666,46.78449743629624,optimal
2021-02-09 11:30:00,6,120,0.0,0.0,0.0,0.6029666666666667,26.9325,6.0,-9,20.13791160568209,,0.0,0.0,0.0,0.0,46.6115480908837,optimal
2021-02-09 12:00:00,6,120,0.0,0.1548148148148148,0.0,1.4905,30.303,6.0,-9,20.120586692340137,,0.0,0.0,0.0,139.33333333333331,46.43877169481657,optimal
2021-02-09 12:30:00,6,120,0.0,0.0,0.0,0.3459333333333333,32.886,6.0,-9,20.106969144706195,,0.0,0.0,0.0,0.0,46.26616807514552,optimal
2021-02-09 13:00:00,6,120,0.0,0.1548148148148148,0.0,0.4719,34.9965,6.0,-9,20.088448436542297,,0.0,0.0,0.0,139.33333333333331,46.09373705909413,optimal
2021-02-09 13:30:00,6,120,0.0,0.1548148148148148,0.0,0.3944,33.327,6.0,-9,20.06978648267324,,0.0,0.0,0.0,139.33333333333331,45.9214784740588,optimal
2021-02-09 14:00:00,6,120,0.0,0.0,0.0,0.9983,31.122,6.0,-9,20.0493039185204,,0.0,0.0,0.0,0.0,45.749392147608496,optimal
2021-02-09 14:30:00,6,120,0.0,0.0,0.0,0.9647,17.9025,6.0,-9,20.02918434852435,,0.0,0.0,0.0,0.0,45.57747790748465,optimal
2021-02-09 15:00:00,6,120,0.3946743868938601,0.0,0.0,0.1439,15.6555,6.0,-9,20.008752714467672,,1381.3603541285102,0.0,0.0,0.0,45.40573558160092,optimal
2021-02-09 15:30:00,6,120,0.5207499169413017,0.0,0.0,0.3803999999999999,14.553,6.0,-9,20.0,,1822.624709294556,0.0,0.0,0.0,45.23416499804308,optimal
2021-02-09 16:00:00,6,120,0.6037305387151443,0.4644444444444444,0.0,0.3562666666666667,14.3325,6.0,-9,20.0,,2113.0568855030047,0.0,0.0,418.0,45.06276598506879,optimal
2021-02-09 16:30:00,6,120,0.6059193201427546,0.0,0.0,0.106,13.335,6.0,-9,20.0,,2120.7176204996413,0.0,0.0,0.0,44.89153837110749,optimal
2021-02-09 17:00:00,6,120,1.1428571428571428,0.0774074074074074,0.0,0.3708666666666667,12.1275,6.0,-9,20.0,,4000.0,0.0,0.0,69.66666666666666,44.72048198476013,optimal
2021-02-09 17:30:00,6,120,0.1065729202910959,0.2322222222222222,0.0,0.3533333333333333,12.2955,6.0,-9,20.023012327923468,,373.0052210188359,0.0,0.0,209.0,44.54959665479913,optimal
2021-02-09 18:00:00,6,120,0.6914557679075813,0.1548148148148148,0.0,0.2776333333333333,11.6865,6.0,-9,20.0,,2420.095187676535,0.0,0.0,139.33333333333331,44.37888221016809,optimal
2021-02-09 18:30:00,6,120,0.7132070914795503,0.387037037037037,0.0,0.2949333333333333,11.466,6.0,-9,20.0,,2496.224820178426,0.0,0.0,348.3333333333333,44.20833847998168,optimal
2021-02-09 19:00:00,6,120,1.1428571428571428,0.0,0.0,0.066,10.8045,6.0,-9,20.0,,4000.0,0.0,0.0,0.0,44.03796529352546,optimal
2021-02-09 19:30:00,6,120,1.1428571428571428,0.0,0.0,0.066,10.584,6.0,-9,20.01119531614478,,4000.0,0.0,0.0,0.0,43.86776248025569,optimal
2021-02-09 20:00:00,6,120,0.3567215846114835,0.0,0.0,0.066,11.2455,6.0,-9,20.022368436871545,,1248.5255461401923,0.0,0.0,0.0,43.6977298697992,optimal
2021-02-09 20:30:00,6,120,0.0,0.0,0.0,0.157,12.1275,6.0,-9,20.0,,0.0,0.0,0.0,0.0,43.52786729195316,optimal
2021-02-09 21:00:00,6,120,0.0,2.5544444444444445,0.0,0.2276,11.823,6.0,-9,19.963376280174533,,0.0,0.0,0.0,2299.0,43.35817457668496,optimal
2021-02-09 21:30:00,6,120,0.0,0.3096296296296296,0.0,0.3441666666666667,11.7705,6.0,-9,19.931710198641262,,0.0,0.0,0.0,278.66666666666663,43.31481640210828,optimal
2021-02-09 22:00:00,6,120,0.0,0.0,0.0,0.346,11.13,6.0,-9,19.90458575829338,,0.0,0.0,0.0,0.0,43.27150158570617,optimal
2021-02-09 22:30:00,6,120,0.0,0.0774074074074074,0.0,0.4195333333333333,11.6865,6.0,-9,19.87747024492252,,0.0,0.0,0.0,69.66666666666666,43.22823008412046,optimal
2021-02-09 23:00:00,6,120,0.0,0.1548148148148148,0.0,0.335,10.7205,6.0,-9,19.85315362285395,,0.0,0.0,0.0,139.33333333333331,43.18500185403634,optimal
2021-02-09 23:30:00,6,120,0.0,2.1674074074074072,0.0,0.335,11.424,6.0,-9,19.82843450840252,,0.0,0.0,0.0,1950.6666666666667,43.14181685218231,optimal
2021-02-10 00:00:00,6,120,0.0,0.0,0.0,0.063,34.9965,6.0,12,19.82843450840252,,0.0,0.0,0.0,0.0,43.098675035330125,optimal
2021-02-10 00:30:00,6,120,0.0,0.0,0.0,0.1284,34.9965,6.0,12,19.79279636703104,,0.0,0.0,0.0,0.0,43.05557636029479,optimal
2021-02-10 01:00:00,6,120,0.0,0.0,0.0,0.063,27.741,6.0,12,19.75782734947616,,0.0,0.0,0.0,0.0,43.0125207839345,optimal
2021-02-10 01:30:00,6,120,1.1428571428571428,0.0,0.0,0.063,19.026,6.0,12,19.721932678663443,,4000.0,0.0,0.0,0.0,42.969508263150566,optimal
2021-02-10 02:00:00,6,120,1.1428571428571428,0.0,0.0,0.1284,18.7215,6.0,12,19.734640287923856,,4000.0,0.0,0.0,0.0,42.92653875488742,optimal
2021-02-10 02:30:00,6,120,1.1428571428571428,0.0,0.0,0.063,17.4195,6.0,12,19.74792117251117,,4000.0,0.0,0.0,0.0,42.883612216132526,optimal
2021-02-10 03:00:00,6,120,1.1428571428571428,0.0,0.0,0.1092666666666666,16.758,6.0,12,19.76037900166272,,4000.0,0.0,0.0,0.0,42.8407286039164,optimal
2021-02-10 03:30:00,6,120,1.1428571428571428,0.0,0.0,0.0921333333333333,14.217,6.0,12,19.77334328254967,,4000.0,0.0,0.0,0.0,42.79788787531248,optimal
2021-02-10 04:00:00,6,120,1.1428571428571428,0.0,0.0,0.1175,13.3665,6.0,12,19.78601628585241,,4000.0,0.0,0.0,0.0,42.75508998743717,optimal
2021-02-10 04:30:00,6,120,1.1428571428571428,0.0,0.0,0.0739,12.789,6.0,12,19.79906252675306,,4000.0,0.0,0.0,0.0,42.712334897449736,optimal
2021-02-10 05:00:00,6,120,1.1428571428571428,0.0,0.0,0.0775333333333333,11.907,6.0,12,19.811353496210085,,4000.0,0.0,0.0,0.0,42.66962256255229,optimal
2021-02-10 05:30:00,6,120,1.1428571428571428,0.0,0.0,0.1138666666666666,11.7075,6.0,12,19.823466104275127,,4000.0,0.0,0.0,0.0,42.626952939989735,optimal
2021-02-10 06:00:00,6,120,1.1428571428571428,0.0,2.1381690590376787,0.0656666666666666,10.8045,6.0,12,19.83579906718447,,4000.0,0.0,0.0,0.0,43.59995629009264,optimal
2021-02-10 06:30:00,6,120,1.1428571428571428,0.0,0.0,0.073,11.508,6.0,12,19.847289647741167,,4000.0,0.0,0.0,0.0,43.55635633380254,optimal
2021-02-10 07:00:00,6,120,1.1428571428571428,0.0,0.0,0.1384,11.508,6.0,12,19.859153960071872,,4000.0,0.0,0.0,0.0,43.51279997746874,optimal
2021-02-10 07:30:00,6,120,1.1428571428571428,10.552583732508014,0.0,0.073,11.508,6.0,12,19.87218798847705,,4000.0,9497.325359257213,0.0,0.0,43.46928717749127,optimal
2021-02-10 08:00:00,6,120,1.1428571428571428,0.0,0.0,0.0868666666666666,11.844,6.0,12,20.0,,4000.0,0.0,0.0,0.0,43.42581789031377,optimal
2021-02-10 08:30:00,6,120,1.1428571428571428,3.251111111111111,0.0,1.0171666666666666,11.508,6.0,12,20.01224919635167,,4000.0,0.0,0.0,2926.0,43.38239207242345,optimal
2021-02-10 09:00:00,6,120,1.1428571428571428,0.0774074074074074,0.0,0.4333999999999999,11.508,6.0,12,20.02982850930577,,4000.0,0.0,0.0,69.66666666666666,43.33900968035103,optimal
2021-02-10 09:30:00,6,120,1.1428571428571428,0.1548148148148148,5.0,1.018,10.4475,6.0,12,20.048827962344298,,4000.0,0.0,0.0,139.33333333333331,45.670670670670674,optimal
2021-02-10 10:00:00,6,120,1.1428571428571428,0.0774074074074074,5.0,0.2798,10.8675,6.0,12,20.07451019593117,,4000.0,0.0,0.0,69.66666666666666,48.0,optimal
2021-02-10 10:30:00,6,120,1.1428571428571428,0.3096296296296296,0.0,0.2996,10.542,6.0,12,20.098005932191302,,4000.0,0.0,0.0,278.66666666666663,47.76804299976548,optimal
2021-02-10 11:00:00,6,120,1.1428571428571428,0.387037037037037,0.0,0.4056,11.025,6.0,12,20.12092163529828,,4000.0,0.0,0.0,348.3333333333333,47.53631795653119,optimal
2021-02-10 11:30:00,6,120,1.1428571428571428,0.0,0.0,0.2284,11.025,6.0,12,20.147034665321808,,4000.0,0.0,0.0,0.0,47.30482463834014,optimal
2021-02-10 12:00:00,6,120,1.1428571428571428,0.1548148148148148,0.0,0.1241333333333333,14.553,6.0,12,20.171135469687687,,4000.0,0.0,0.0,139.33333333333331,47.07356281346728,optimal
2021-02-10 12:30:00,6,120,1.1428571428571428,0.387037037037037,0.0,0.1966666666666666,13.0935,6.0,12,20.197277269816187,,4000.0,0.0,0.0,348.3333333333333,46.842532250419296,optimal
2021-02-10 13:00:00,6,120,1.1428571428571428,0.1548148148148148,0.0,0.5314,15.6345,6.0,12,20.22308136319484,,4000.0,0.0,0.0,139.33333333333331,46.61173271793436,optimal
2021-02-10 13:30:00,6,120,0.0,0.0,0.0,2.294,18.102,6.0,12,20.2520525242168,,0.0,0.0,0.0,0.0,46.3811639849819,optimal
2021-02-10 14:00:00,6,120,0.0,0.0774074074074074,0.0,0.3428,17.199,6.0,12,20.24514384208561,,0.0,0.0,0.0,69.66666666666666,46.1508258207624,optimal
2021-02-10 14:30:00,6,120,0.0,0.0,0.0,1.5162,18.2805,6.0,12,20.22384035741378,,0.0,0.0,0.0,0.0,45.92071799470712,optimal
2021-02-10 15:00:00,6,120,0.0,0.0,0.0,0.2864,17.4615,6.0,12,20.20556719338681,,0.0,0.0,0.0,0.0,45.69084027647789,optimal
2021-02-10 15:30:00,6,120,0.0,0.0,0.0,0.3404,18.3225,6.0,12,20.18123910875926,,0.0,0.0,0.0,0.0,45.46119243596689,optimal
2021-02-10 16:00:00,6,120,0.0,0.0,0.0,0.3795333333333333,17.094,6.0,12,20.15964122165061,,0.0,0.0,0.0,0.0,45.23177424329641,optimal
2021-02-10 16:30:00,6,120,0.0,0.387037037037037,0.0,0.4616,17.094,6.0,12,20.135830285068167,,0.0,0.0,0.0,348.3333333333333,45.00258546881859,optimal
2021-02-10 17:00:00,6,120,0.0,0.0,0.0,0.4188,17.094,6.0,12,20.11375200504993,,0.0,0.0,0.0,0.0,44.77362588311525,optimal
2021-02-10 17:30:00,6,120,0.0,0.774074074074074,0.0,0.3484666666666666,17.3565,6.0,12,20.088279989992724,,0.0,0.0,0.0,696.6666666666666,44.544895256997606,optimal
2021-02-10 18:00:00,6,120,0.0,0.387037037037037,0.0,0.323,17.115,6.0,12,20.06319312825207,,0.0,0.0,0.0,348.3333333333333,44.31639336150609,optimal
2021-02-10 18:30:00,6,120,0.0,0.0774074074074074,0.0,0.415,17.241,6.0,12,20.037757685895468,,0.0,0.0,0.0,69.66666666666666,44.08811996791006,optimal
2021-02-10 19:00:00,6,120,0.4372552221704006,0.1548148148148148,0.0,0.4626,17.094,6.0,12,20.011392849828184,,1530.3932775964022,0.0,0.0,139.33333333333331,43.86007484770763,optimal
2021-02-10 19:30:00,6,120,1.1428571428571428,0.0,0.0,0.4333999999999999,16.5165,6.0,12,20.00448022272567,,4000.0,0.0,0.0,0.0,43.6322577726254,optimal
2021-02-10 20:00:00,6,120,0.0,0.0774074074074074,0.0,1.373,17.8185,6.0,12,20.02568866518876,,0.0,0.0,0.0,69.66666666666666,43.40466851461825,optimal
2021-02-10 20:30:00,6,120,0.0,0.0,0.0,0.443,17.094,6.0,12,20.0,,0.0,0.0,0.0,0.0,43.17730684586911,optimal
2021-02-10 21:00:00,6,120,0.0,0.0,0.0,0.5733333333333334,16.8945,6.0,12,19.971651972613927,,0.0,0.0,0.0,0.0,42.95017253878872,optimal
2021-02-10 21:30:00,6,120,0.0,0.4644444444444444,0.0,0.3779666666666665,18.123,6.0,12,19.943780392730755,,0.0,0.0,0.0,418.0,42.72326536601541,optimal
2021-02-10 22:00:00,6,120,0.0,0.0,0.0,0.6186,31.647,6.0,12,19.909741645938315,,0.0,0.0,0.0,0.0,42.49658510041488,optimal
2021-02-10 22:30:00,6,120,0.0,0.1548148148148148,0.0,0.5353,34.9965,6.0,12,19.87699827407374,,0.0,0.0,0.0,139.33333333333331,42.45408851531446,optimal
2021-02-10 23:00:00,6,120,0.0,0.3096296296296296,0.0,0.344,34.9965,6.0,12,19.84436466724812,,0.0,0.0,0.0,278.66666666666663,42.41163442679915,optimal
2021-02-10 23:30:00,6,120,0.0,0.0,0.0,0.1633333333333333,34.9965,6.0,12,19.80719182566899,,0.0,0.0,0.0,0.0,42.36922279237235,optimal
2021-02-11 00:00:00,6,120,1.1428571428571428,0.0,3.4634663542309934,0.2329666666666666,10.6365,6.0,3,19.80719182566899,,4000.0,0.0,0.0,0.0,43.972000087839696,optimal
2021-02-11 00:30:00,6,120,1.1428571428571428,0.0,0.0,0.3265,11.2455,6.0,3,19.814420348155306,,4000.0,0.0,0.0,0.0,43.928028087751855,optimal
2021-02-11 01:00:00,6,120,1.1428571428571428,0.0,0.0,0.2843,11.2455,6.0,3,19.824784577692032,,4000.0,0.0,0.0,0.0,43.88410005966409,optimal
2021-02-11 01:30:00,6,120,1.1428571428571428,0.2322222222222222,0.0,1.7365,11.025,6.0,3,19.833880065558883,,4000.0,0.0,0.0,209.0,43.84021595960443,optimal
2021-02-11 02:00:00,6,120,1.1428571428571428,0.3096296296296296,0.0,1.7607666666666668,12.0855,6.0,3,19.84561976912304,,4000.0,0.0,0.0,278.66666666666663,43.79637574364482,optimal
2021-02-11 02:30:00,6,120,1.1428571428571428,0.0,0.0,0.0975999999999999,11.6865,6.0,3,19.857680958300293,,4000.0,0.0,0.0,0.0,43.75257936790118,optimal
2021-02-11 03:00:00,6,120,1.1428571428571428,0.0,0.0,0.2093666666666666,11.2245,6.0,3,19.86322861100387,,4000.0,0.0,0.0,0.0,43.70882678853327,optimal
2021-02-11 03:30:00,6,120,1.1428571428571428,0.0,0.0,0.2105666666666666,11.025,6.0,3,19.86992858874604,,4000.0,0.0,0.0,0.0,43.66511796174473,optimal
2021-02-11 04:00:00,6,120,1.1428571428571428,0.0,0.0,0.2062,10.7835,6.0,3,19.877125542888383,,4000.0,0.0,0.0,0.0,43.621452843782976,optimal
2021-02-11 04:30:00,6,120,1.1428571428571428,0.0,0.0,0.2713333333333333,11.025,6.0,3,19.88475067309997,,4000.0,0.0,0.0,0.0,43.5778313909392,optimal
2021-02-11 05:00:00,6,120,1.1428571428571428,0.0,5.0,0.04,10.584,6.0,3,19.89315416263393,,4000.0,0.0,0.0,0.0,45.909253559548254,optimal
2021-02-11 05:30:00,6,120,1.1428571428571428,0.0,0.0,0.1252,11.025,6.0,3,19.898722809654544,,4000.0,0.0,0.0,0.0,45.8633443059887,optimal
2021-02-11 06:00:00,6,120,1.1428571428571428,0.0,5.0,0.1861333333333333,10.4265,6.0,3,19.90581399284088,,4000.0,0.0,0.0,0.0,48.19248096168271,optimal
2021-02-11 06:30:00,6,120,1.1428571428571428,0.0,0.0,0.0712,12.789,6.0,3,19.91412906880691,,4000.0,0.0,0.0,0.0,48.144288480721016,optimal
2021-02-11 07:00:00,6,120,1.1428571428571428,0.0,0.0,0.3223666666666667,12.684,6.0,3,19.921523143012305,,4000.0,0.0,0.0,0.0,48.096144192240295,optimal
2021-02-11 07:30:00,6,120,1.1428571428571428,5.312478937069446,0.0,1.4233,16.254,6.0,3,19.932457997257263,,4000.0,4502.564376695834,0.0,278.66666666666663,48.048048048048045,optimal
2021-02-11 08:00:00,6,120,1.1428571428571428,0.6966666666666667,0.0,0.198,17.64,6.0,3,20.0,,4000.0,0.0,0.0,627.0,48.0,optimal
2021-02-11 08:30:00,6,120,1.1428571428571428,0.4644444444444444,0.0,0.2675,19.1625,6.0,3,20.01249533438837,,4000.0,0.0,0.0,418.0,47.71037718656414,optimal
2021-02-11 09:00:00,6,120,0.0,1.4787976649825083,0.0,0.2287,26.46,6.0,3,20.0242518754232,,0.0,1330.9178984842576,0.0,0.0,47.42104399594172,optimal
2021-02-11 09:30:00,6,120,1.1428571428571428,0.0,0.0,0.1036666666666666,20.79,6.0,3,20.0,,4000.0,0.0,0.0,0.0,47.13200013850992,optimal
2021-02-11 10:00:00,6,120,0.0,1.9120907619020864,0.0,0.1725666666666666,29.106,6.0,3,20.01005990945216,,0.0,1720.881685711878,0.0,0.0,46.843245324935545,optimal
2021-02-11 10:30:00,6,120,1.1428571428571428,0.0,0.0,0.2642,19.1835,6.0,3,20.0,,4000.0,0.0,0.0,0.0,46.55477926617475,optimal
2021-02-11 11:00:00,6,120,0.314804134941241,0.0,0.0,0.1341999999999999,19.6665,6.0,3,20.01765180751712,,1101.8144722943434,0.0,0.0,0.0,46.26660167347272,optimal
2021-02-11 11:30:00,6,120,0.7157312833200762,0.0,0.0,0.2852333333333333,19.404,6.0,3,20.0,,2505.0594916202667,0.0,0.0,0.0,45.97871225836338,optimal
2021-02-11 12:00:00,6,120,1.1428571428571428,0.0,0.0,0.1928,19.047,6.0,3,20.00280486281319,,4000.0,0.0,0.0,0.0,45.69111073266916,optimal
2021-02-11 12:30:00,6,120,1.1428571428571428,0.0,0.0,0.1196,18.858,6.0,3,20.026341945633845,,4000.0,0.0,0.0,0.0,45.40379680850063,optimal
2021-02-11 13:00:00,6,120,1.1428571428571428,0.0,0.0,0.3157333333333333,19.2675,6.0,3,20.05022928304372,,4000.0,0.0,0.0,0.0,45.11677019825627,optimal
2021-02-11 13:30:00,6,120,1.1428571428571428,0.0,0.0,0.1974,18.963,6.0,3,20.07651936151473,,4000.0,0.0,0.0,0.0,44.83003061462215,optimal
2021-02-11 14:00:00,6,120,1.1428571428571428,0.0,0.0,0.1444,18.438,6.0,3,20.101513997256525,,4000.0,0.0,0.0,0.0,44.54357777057167,optimal
2021-02-11 14:30:00,6,120,1.1428571428571428,0.0,0.0,0.3297333333333332,18.7425,6.0,3,20.1262701832854,,4000.0,0.0,0.0,0.0,44.25741137936525,optimal
2021-02-11 15:00:00,6,120,1.1428571428571428,0.0,0.0,0.0968,15.2145,6.0,3,20.152541185896325,,4000.0,0.0,0.0,0.0,43.97153115455002,optimal
2021-02-11 15:30:00,6,120,1.1428571428571428,0.2322222222222222,0.0,0.3671,17.7765,6.0,3,20.1729988709782,,4000.0,0.0,0.0,209.0,43.685936809959614,optimal
2021-02-11 16:00:00,6,120,1.1428571428571428,0.0,0.0,0.1585666666666666,16.758,6.0,3,20.19409148659032,,4000.0,0.0,0.0,0.0,43.4006280597138,optimal
2021-02-11 16:30:00,6,120,1.1428571428571428,0.0,0.0,0.1392,16.422,6.0,3,20.20781573582624,,4000.0,0.0,0.0,0.0,43.11560461821822,optimal
2021-02-11 17:00:00,6,120,1.1428571428571428,0.0,0.0,0.3261333333333333,16.758,6.0,3,20.21949253791956,,4000.0,0.0,0.0,0.0,42.83086620016415,optimal
2021-02-11 17:30:00,6,120,0.0,0.2322222222222222,0.0,2.756466666666667,29.358,6.0,3,20.22814926248425,,0.0,0.0,0.0,209.0,42.54641252052812,optimal
2021-02-11 18:00:00,6,120,0.0,0.3096296296296296,0.0,0.4555,34.9965,6.0,3,20.20079649786977,,0.0,0.0,0.0,278.66666666666663,42.26224329457173,optimal
2021-02-11 18:30:00,6,120,0.0,0.0,0.0,0.3913333333333333,34.65,6.0,3,20.16619974257309,,0.0,0.0,0.0,0.0,41.9783582378413,optimal
2021-02-11 19:00:00,6,120,0.0,0.0,0.0,0.2043,34.9965,6.0,3,20.126805589269217,,0.0,0.0,0.0,0.0,41.6947570661676,optimal
2021-02-11 19:30:00,6,120,0.0,0.0,0.0,2.0456,34.9965,6.0,3,20.083694377071136,,0.0,0.0,0.0,0.0,41.41143949566557,optimal
2021-02-11 20:00:00,6,120,0.0,0.0,0.0,2.0326,30.4815,6.0,3,20.041727371987307,,0.0,0.0,0.0,0.0,41.12840524273404,optimal
2021-02-11 20:30:00,6,120,0.0,0.0,0.0,0.8640666666666668,21.4305,6.0,3,20.0,,0.0,0.0,0.0,0.0,40.84565402405545,optimal
2021-02-11 21:00:00,6,120,0.0,0.0,0.0,0.3832,14.3325,6.0,3,19.95494926215333,,0.0,0.0,0.0,0.0,40.8048083700314,optimal
2021-02-11 21:30:00,6,120,0.0,0.0,0.0,1.7411333333333334,13.692,6.0,3,19.91085287676529,,0.0,0.0,0.0,0.0,40.76400356166136,optimal
2021-02-11 22:00:00,6,120,0.0,0.0,0.0,0.7480666666666668,14.007,6.0,3,19.86870366248177,,0.0,0.0,0.0,0.0,40.7232395580997,optimal
2021-02-11 22:30:00,6,120,0.0,0.0774074074074074,0.0,0.4064666666666666,12.873,6.0,3,19.827491091284813,,0.0,0.0,0.0,69.66666666666666,40.6825163185416,optimal
2021-02-11 23:00:00,6,120,0.0,0.0,0.0,1.1722,12.684,6.0,3,19.78727620387228,,0.0,0.0,0.0,0.0,40.64183380222306,optimal
2021-02-11 23:30:00,6,120,0.0,1.7029629629629628,0.0,1.6086333333333334,12.306,6.0,3,19.74591211770874,,0.0,0.0,0.0,1532.6666666666663,40.60119196842084,optimal
2021-02-12 00:00:00,6,120,1.1428571428571428,0.0,0.0,0.128,12.1275,6.0,7,19.74591211770874,,4000.0,0.0,0.0,0.0,40.560590776452415,optimal
2021-02-12 00:30:00,6,120,1.1428571428571428,0.0,0.0,0.1408,13.671,6.0,7,19.745484880269977,,4000.0,0.0,0.0,0.0,40.52003018567597,optimal
2021-02-12 01:00:00,6,120,1.1428571428571428,0.0,0.0,0.178,10.668,6.0,7,19.745214423849628,,4000.0,0.0,0.0,0.0,40.47951015549029,optimal
2021-02-12 01:30:00,6,120,1.1428571428571428,0.0,0.0,0.064,11.7285,6.0,7,19.74539768679427,,4000.0,0.0,0.0,0.0,40.4390306453348,optimal
2021-02-12 02:00:00,6,120,1.1428571428571428,0.0,0.0,0.1664,11.025,6.0,7,19.744390055566576,,4000.0,0.0,0.0,0.0,40.39859161468946,optimal
2021-02-12 02:30:00,6,120,1.1428571428571428,0.0,0.0,0.205,10.689,6.0,7,19.74483015026397,,4000.0,0.0,0.0,0.0,40.35819302307477,optimal
2021-02-12 03:00:00,6,120,1.1428571428571428,0.0,5.0,0.1394,8.1585,6.0,7,19.746334379753023,,4000.0,0.0,0.0,0.0,42.692834830051694,optimal
2021-02-12 03:30:00,6,120,1.1428571428571428,0.0,0.0,0.2092,10.3635,6.0,7,19.747631234155115,,4000.0,0.0,0.0,0.0,42.650141995221645,optimal
2021-02-12 04:00:00,6,120,1.1428571428571428,0.0,0.0,0.1095999999999999,10.8045,6.0,7,19.751163639022195,,4000.0,0.0,0.0,0.0,42.60749185322642,optimal
2021-02-12 04:30:00,6,120,1.1428571428571428,0.0,0.0,0.2504,11.025,6.0,7,19.754863473291863,,4000.0,0.0,0.0,0.0,42.5648843613732,optimal
2021-02-12 05:00:00,6,120,1.1428571428571428,0.0,0.0,0.1394,10.3635,6.0,7,19.761659040337182,,4000.0,0.0,0.0,0.0,42.52231947701182,optimal
2021-02-12 05:30:00,6,120,1.1428571428571428,0.0,0.0,0.067,10.8045,6.0,7,19.76839141224552,,4000.0,0.0,0.0,0.0,42.47979715753481,optimal
2021-02-12 06:00:00,6,120,1.1428571428571428,0.0,2.1876281913550675,0.2048,10.059,6.0,7,19.775863214815534,,4000.0,0.0,0.0,0.0,43.47644075127093,optimal
2021-02-12 06:30:00,6,120,1.1428571428571428,0.0,0.0,0.0995,10.584,6.0,7,19.78662152828306,,4000.0,0.0,0.0,0.0,43.43296431051965,optimal
2021-02-12 07:00:00,6,120,1.1428571428571428,0.0,5.0,0.1915,9.4185,6.0,7,19.79618869185932,,4000.0,0.0,0.0,0.0,45.764531346209125,optimal
2021-02-12 07:30:00,6,120,1.1428571428571428,16.752658109136043,0.0,0.1821333333333333,10.3635,6.0,7,19.807019372765943,,4000.0,15077.392298222438,0.0,0.0,45.71876681486292,optimal
2021-02-12 08:00:00,6,120,1.1428571428571428,4.334814814814815,5.0,0.0683333333333333,9.8385,6.0,7,20.0,,4000.0,0.0,0.0,3901.3333333333335,48.048048048048045,optimal
2021-02-12 08:30:00,6,120,1.1428571428571428,0.3096296296296296,0.0,0.3236333333333333,11.067,6.0,7,20.00944135713983,,4000.0,0.0,0.0,278.66666666666663,48.0,optimal
2021-02-12 09:00:00,6,120,1.1428571428571428,2.5544444444444445,0.0,0.6235666666666667,10.8465,6.0,7,20.02198980512912,,4000.0,0.0,0.0,2299.0,47.55240173482295,optimal
2021-02-12 09:30:00,6,120,1.1428571428571428,0.0,0.0,0.2752666666666666,13.671,6.0,7,20.03896822700743,,4000.0,0.0,0.0,0.0,47.10525106791108,optimal
2021-02-12 10:00:00,6,120,1.1428571428571428,0.387037037037037,0.0,0.5908333333333333,12.348,6.0,7,20.055654269683224,,4000.0,0.0,0.0,348.3333333333333,46.65854755166612,optimal
2021-02-12 10:30:00,6,120,0.0549658691409353,0.2322222222222222,0.0,2.9509000000000003,14.3325,6.0,7,20.080235422026245,,192.3805419932736,0.0,0.0,209.0,46.212290738937405,optimal
2021-02-12 11:00:00,6,120,0.0,0.0,0.0,2.7046666666666663,15.393,6.0,7,20.065446121710146,,0.0,0.0,0.0,0.0,45.76648018302142,optimal
2021-02-12 11:30:00,6,120,1.1428571428571428,0.0,0.0,0.4842666666666667,13.587,6.0,7,20.050286879199927,,4000.0,0.0,0.0,0.0,45.32111543766136,optimal
2021-02-12 12:00:00,6,120,0.0,0.0,0.0,0.1716,16.1385,6.0,7,20.078449804197906,,0.0,0.0,0.0,0.0,44.87619605704665,optimal
2021-02-12 12:30:00,6,120,0.0,0.0,0.0,0.2312,14.595,6.0,7,20.05232537988743,,0.0,0.0,0.0,0.0,44.43172159581256,optimal
2021-02-12 13:00:00,6,120,0.0,0.0,0.0,0.074,14.637,6.0,7,20.02707794468992,,0.0,0.0,0.0,0.0,43.98769160903969,optimal
2021-02-12 13:30:00,6,120,0.5674822682659567,0.0,0.0,0.3223999999999999,13.9125,6.0,7,20.0,,1986.1879389308483,0.0,0.0,0.0,43.544105652253606,optimal
2021-02-12 14:00:00,6,120,0.846474241573505,0.0,0.0,0.0804,13.3665,6.0,7,20.0,,2962.659845507268,0.0,0.0,0.0,43.10096328142431,optimal
2021-02-12 14:30:00,6,120,1.1428571428571428,0.0,0.0,0.1636,13.0095,6.0,7,20.00794148373264,,4000.0,0.0,0.0,0.0,42.65826405296583,optimal
2021-02-12 15:00:00,6,120,0.0,0.0,0.0,0.1252,13.8915,6.0,7,20.02931977145289,,0.0,0.0,0.0,0.0,42.21600752373582,optimal
2021-02-12 15:30:00,6,120,0.6753093600855891,0.0,0.0,0.188,13.188,6.0,7,20.0,,2363.582760299562,0.0,0.0,0.0,41.77419325103504,optimal
2021-02-12 16:00:00,6,120,0.7488974802655154,0.0,0.0,0.2148,12.5685,6.0,7,20.0,,2621.141180929304,0.0,0.0,0.0,41.33282079260695,optimal
2021-02-12 16:30:00,6,120,0.7721323959769373,0.0,0.0,0.1823,12.285,6.0,7,20.0,,2702.4633859192804,0.0,0.0,0.0,40.8918897066373,optimal
2021-02-12 17:00:00,6,120,1.1428571428571428,0.0,0.0,0.2559666666666667,11.487,6.0,7,20.0,,4000.0,0.0,0.0,0.0,40.45139955175362,optimal
2021-02-12 17:30:00,6,120,1.1428571428571428,0.2322222222222222,0.0,0.337,11.802,6.0,7,20.0144846511428,,4000.0,0.0,0.0,209.0,40.011349887024814,optimal
2021-02-12 18:00:00,6,120,1.1428571428571428,0.1548148148148148,0.0,0.4240333333333334,11.2245,6.0,7,20.033165332016576,,4000.0,0.0,0.0,139.33333333333331,39.57174027196074,optimal
2021-02-12 18:30:00,6,120,1.1428571428571428,0.0,0.0,0.3766666666666667,11.025,6.0,7,20.050711246444983,,4000.0,0.0,0.0,0.0,39.132570266511735,optimal
2021-02-12 19:00:00,6,120,0.3960986869038079,0.0,0.0,0.5338333333333334,11.907,6.0,7,20.0674008338985,,1386.345404163328,0.0,0.0,0.0,38.69383943106818,optimal
2021-02-12 19:30:00,6,120,0.0,0.4644444444444444,0.0,0.4381,25.83,6.0,7,20.055605978627565,,0.0,0.0,0.0,418.0,38.25554732646006,optimal
2021-02-12 20:00:00,6,120,0.0,0.2322222222222222,0.0,0.3138666666666667,28.035,6.0,7,20.026810663749146,,0.0,0.0,0.0,209.0,37.81769351395656,optimal
2021-02-12 20:30:00,6,120,0.0,6.889259259259259,0.0,0.4766,28.119,6.0,7,20.0,,0.0,0.0,0.0,6200.333333333333,37.38027755526555,optimal
2021-02-12 21:00:00,6,120,0.0,0.0,0.0,0.3846,30.156,6.0,7,19.9765661041338,,0.0,0.0,0.0,0.0,36.94329901253324,optimal
2021-02-12 21:30:00,6,120,0.0,0.0,0.0,0.4603333333333333,29.1585,6.0,7,19.95108438738369,,0.0,0.0,0.0,0.0,36.506757448343656,optimal
2021-02-12 22:00:00,6,120,0.0,0.3096296296296296,0.0,0.4274,26.712,6.0,7,19.92590134854743,,0.0,0.0,0.0,278.66666666666663,36.47025069089531,optimal
2021-02-12 22:30:00,6,120,0.0,0.0,0.0,0.2381,15.435,6.0,7,19.90053803546646,,0.0,0.0,0.0,0.0,36.433780440204416,optimal
2021-02-12 23:00:00,6,120,0.0,0.0,0.0,0.1709,13.566,6.0,7,19.86960041887899,,0.0,0.0,0.0,0.0,36.39734665976421,optimal
2021-02-12 23:30:00,6,120,0.0,0.0,0.0,0.184,12.789,6.0,7,19.83368430266714,,0.0,0.0,0.0,0.0,36.36094931310445,optimal
2021-02-13 00:00:00,6,120,1.1428571428571428,0.0,0.0,0.062,13.0095,6.0,-17,19.83368430266714,,4000.0,0.0,0.0,0.0,36.32458836379134,optimal
2021-02-13 00:30:00,6,120,1.1428571428571428,0.0,5.0,0.062,11.025,6.0,-17,19.84536514982034,,4000.0,0.0,0.0,0.0,38.66326377542755,optimal
2021-02-13 01:00:00,6,120,1.1428571428571428,0.0,0.0,0.3042333333333333,12.789,6.0,-17,19.85712196710285,,4000.0,0.0,0.0,0.0,38.624600511652126,optimal
2021-02-13 01:30:00,6,120,1.1428571428571428,0.0,0.6642816425975477,0.1470333333333333,12.1275,6.0,-17,19.871905573507405,,4000.0,0.0,0.0,0.0,38.9015096913743,optimal
2021-02-13 02:00:00,6,120,1.1428571428571428,0.0,0.0,0.062,12.1695,6.0,-17,19.88484393427034,,4000.0,0.0,0.0,0.0,38.86260818168292,optimal
2021-02-13 02:30:00,6,120,1.1428571428571428,0.0,0.0,0.3213666666666667,12.306,6.0,-17,19.89681986681019,,4000.0,0.0,0.0,0.0,38.82374557350124,optimal
2021-02-13 03:00:00,6,120,1.1428571428571428,0.0,0.0,0.1299,13.23,6.0,-17,19.911931750066582,,4000.0,0.0,0.0,0.0,38.78492182792773,optimal
2021-02-13 03:30:00,6,120,1.1428571428571428,0.0,0.0,0.1646666666666666,13.671,6.0,-17,19.924681160414124,,4000.0,0.0,0.0,0.0,38.7461369060998,optimal
2021-02-13 04:00:00,6,120,1.1428571428571428,0.0,0.0,0.2522666666666667,13.9335,6.0,-17,19.93772970557741,,4000.0,0.0,0.0,0.0,38.7073907691937,optimal
2021-02-13 04:30:00,6,120,1.1428571428571428,0.0,0.0,0.1579333333333333,13.293,6.0,-17,19.95172042630352,,4000.0,0.0,0.0,0.0,38.6686833784245,optimal
2021-02-13 05:00:00,6,120,1.1428571428571428,0.0,5.0,0.1931666666666666,12.1065,6.0,-17,19.964335952215507,,4000.0,0.0,0.0,0.0,41.00501469504607,optimal
2021-02-13 05:30:00,6,120,1.1428571428571428,0.0,5.0,0.2415666666666666,11.571,6.0,-17,19.977157435328,,4000.0,0.0,0.0,0.0,43.33900968035103,optimal
2021-02-13 06:00:00,6,120,1.1428571428571428,0.0,5.0,0.1569666666666666,11.025,6.0,-17,19.990296138797504,,4000.0,0.0,0.0,0.0,45.670670670670674,optimal
2021-02-13 06:30:00,6,120,1.1428571428571428,0.0,5.0,0.3065,10.8465,6.0,-17,20.002525077829613,,4000.0,0.0,0.0,0.0,48.0,optimal
2021-02-13 07:00:00,6,120,1.1428571428571428,4.280629629629629,0.0,0.1813666666666666,11.2455,6.0,-17,20.019828849934324,,4000.0,0.0,0.0,3852.566666666666,47.89456705119014,optimal
2021-02-13 07:30:00,6,120,0.0,7.175666666666667,0.0,1.4464333333333337,23.8665,6.0,-17,20.039151808128683,,0.0,0.0,0.0,6458.1,47.78923953532909,optimal
2021-02-13 08:00:00,6,120,0.0,1.8626079898231185,0.0,2.5016333333333334,27.4575,6.0,-17,20.012542114257325,,0.0,1188.6805241741397,0.0,487.6666666666667,47.6840173469839,optimal
2021-02-13 08:30:00,6,120,0.0,3.1921124601670314,0.0,0.5696333333333333,27.3735,6.0,-17,20.0,,0.0,2872.901214150328,0.0,0.0,47.57890038082706,optimal
2021-02-13 09:00:00,6,120,0.0,3.329601373310053,0.0,0.2785333333333333,30.4605,6.0,-17,20.0,,0.0,2996.641235979048,0.0,0.0,47.47388853163637,optimal
2021-02-13 09:30:00,6,120,0.0,3.0297771094304595,0.0,0.7246333333333334,30.0195,6.0,-17,20.0,,0.0,2587.46606515408,0.0,139.33333333333331,47.36898169429488,optimal
2021-02-13 10:00:00,6,120,0.0,4.055876353467549,0.0,1.5743666666666665,26.9325,6.0,-17,20.0,,0.0,1629.9553847874613,0.0,2020.3333333333333,47.26417976379072,optimal
2021-02-13 10:30:00,6,120,0.6186461954159664,0.4644444444444444,0.0,0.512,14.595,6.0,-17,20.0,,2165.2616839558823,0.0,0.0,418.0,47.15948263521706,optimal
2021-02-13 11:00:00,6,120,0.5122625033652031,0.1548148148148148,0.0,0.5910666666666667,12.4845,6.0,-17,20.0,,1792.9187617782106,0.0,0.0,139.33333333333331,47.05489020377198,optimal
2021-02-13 11:30:00,6,120,0.4908709697942705,1.0837037037037036,0.0,0.6577999999999999,12.1275,6.0,-17,20.0,,1718.0483942799467,0.0,0.0,975.3333333333334,46.95040236475835,optimal
2021-02-13 12:00:00,6,120,0.8882677541486077,0.1548148148148148,0.0,1.5566666666666666,12.1275,6.0,-17,20.0,,3108.937139520127,0.0,0.0,139.33333333333331,46.84601901358373,optimal
2021-02-13 12:30:00,6,120,0.0,0.6192592592592592,0.0,0.6185333333333333,12.789,6.0,-17,20.019728129104063,,0.0,0.0,0.0,557.3333333333333,46.74174004576028,optimal
2021-02-13 13:00:00,6,120,0.3563719170202457,1.0837037037037036,0.0,1.5209666666666668,11.907,6.0,-17,20.0,,1247.30170957086,0.0,0.0,975.3333333333334,46.63756535690466,optimal
2021-02-13 13:30:00,6,120,0.407807897497411,0.2322222222222222,0.0,0.4401333333333333,11.025,6.0,-17,20.0,,1427.3276412409384,0.0,0.0,209.0,46.533494842737895,optimal
2021-02-13 14:00:00,6,120,1.1428571428571428,0.3096296296296296,0.0,1.2685333333333333,8.2005,6.0,-17,20.0,,4000.0,0.0,0.0,278.66666666666663,46.42952839908529,optimal
2021-02-13 14:30:00,6,120,0.0,0.0,0.0,1.5115666666666665,9.5655,6.0,-17,20.03450151693649,,0.0,0.0,0.0,0.0,46.32566592187634,optimal
2021-02-13 15:00:00,6,120,1.1428571428571428,0.0,0.0,0.8211333333333333,7.056,6.0,-17,20.02240345049516,,4000.0,0.0,0.0,0.0,46.221907307144605,optimal
2021-02-13 15:30:00,6,120,0.0,0.387037037037037,0.0,1.4830666666666663,9.3975,6.0,-17,20.05535777624239,,0.0,0.0,0.0,348.3333333333333,46.1182524510276,optimal
2021-02-13 16:00:00,6,120,0.0,0.2322222222222222,0.0,0.4041333333333333,10.059,6.0,-17,20.042623802403195,,0.0,0.0,0.0,209.0,46.01470124976671,optimal
2021-02-13 16:30:00,6,120,0.6234777657556692,0.0,0.0,0.2958666666666666,9.261,6.0,-17,20.022375025917945,,2182.172180144842,0.0,0.0,0.0,45.91125359970708,optimal
2021-02-13 17:00:00,6,120,1.1428571428571428,0.5418518518518518,0.0,0.326,8.1585,6.0,-17,20.026103547283668,,4000.0,0.0,0.0,487.6666666666667,45.80790939729752,optimal
2021-02-13 17:30:00,6,120,0.0,0.3096296296296296,0.0,0.4303333333333333,9.4815,6.0,-17,20.04800791475554,,0.0,0.0,0.0,278.66666666666663,45.70466853909036,optimal
2021-02-13 18:00:00,6,120,1.1428571428571428,0.4644444444444444,0.0,0.2097333333333333,8.379,6.0,-17,20.021595011991145,,4000.0,0.0,0.0,418.0,45.60153092174141,optimal
2021-02-13 18:30:00,6,120,0.0,0.6966666666666667,0.0,1.1185,9.5235,6.0,-17,20.04192966329753,,0.0,0.0,0.0,627.0,45.4984964420098,optimal
2021-02-13 19:00:00,6,120,1.1428571428571428,0.387037037037037,0.0,0.5357333333333334,8.1375,6.0,-17,20.015729798212394,,4000.0,0.0,0.0,348.3333333333333,45.39556499675793,optimal
2021-02-13 19:30:00,6,120,0.0,0.1548148148148148,0.0,0.2558,10.0905,6.0,-17,20.03253080380098,,0.0,0.0,0.0,139.33333333333331,45.29273648295131,optimal
2021-02-13 20:00:00,6,120,0.6746811450388087,0.0,0.0,1.2125,7.539,6.0,-17,20.0,,2361.3840076358306,0.0,0.0,0.0,45.1900107976585,optimal
2021-02-13 20:30:00,6,120,0.0,0.0,0.0,0.072,7.938,6.0,-17,20.0,,0.0,0.0,0.0,0.0,45.08738783805098,optimal
2021-02-13 21:00:00,6,120,0.0,0.3096296296296296,0.0,0.9850666666666668,8.274,6.0,-17,19.95994830498885,,0.0,0.0,0.0,278.66666666666663,44.984867501403066,optimal
2021-02-13 21:30:00,6,120,0.0,0.0,0.0,0.8211333333333333,9.261,6.0,-17,19.928246201721155,,0.0,0.0,0.0,0.0,44.8824496850918,optimal
2021-02-13 22:00:00,6,120,0.0,0.0774074074074074,0.0,0.3198999999999999,9.9225,6.0,-17,19.90194618217185,,0.0,0.0,0.0,69.66666666666666,44.83756723540671,optimal
2021-02-13 22:30:00,6,120,0.0,0.0774074074074074,0.0,0.4447666666666666,9.702,6.0,-17,19.87174086538947,,0.0,0.0,0.0,69.66666666666666,44.792729668171305,optimal
2021-02-13 23:00:00,6,120,0.0,0.0774074074074074,0.0,0.3372333333333333,10.584,6.0,-17,19.84254163962198,,0.0,0.0,0.0,69.66666666666666,44.74793693850313,optimal
2021-02-13 23:30:00,6,120,0.0,0.0,0.0,0.3899333333333333,10.143,6.0,-17,19.81385434356423,,0.0,0.0,0.0,0.0,44.703189001564624,optimal
2021-02-07 00:00:00,7,120,1.1428571428571428,0.0,0.0,0.052,2.205,6.0,-8,21.0,,4000.0,0.0,0.0,0.0,47.952,optimal
2021-02-07 00:30:00,7,120,1.1428571428571428,0.0,1.422554816274352,0.1149333333333333,0.882,6.0,-8,21.015822079303945,,4000.0,0.0,0.0,0.0,48.57976153773031,optimal
2021-02-07 01:00:00,7,120,1.1428571428571428,0.0,0.0,0.0990666666666666,1.5435,6.0,-8,21.032181209522182,,4000.0,0.0,0.0,0.0,48.53118177619257,optimal
2021-02-07 01:30:00,7,120,1.1428571428571428,0.0,0.0,0.1914,1.5435,6.0,-8,21.048116357271027,,4000.0,0.0,0.0,0.0,48.48265059441637,optimal
2021-02-07 02:00:00,7,120,0.0,0.0,0.0,0.052,5.0715,6.0,-8,21.06504562080288,,0.0,0.0,0.0,0.0,48.434167943821954,optimal
2021-02-07 02:30:00,7,120,0.0,0.0,0.0,0.0617999999999999,5.376,6.0,-8,21.031414601298323,,0.0,0.0,0.0,0.0,48.38573377587813,optimal
2021-02-07 03:00:00,7,120,0.0,0.0,0.0,0.1932666666666666,5.0715,6.0,-8,20.997771388081546,,0.0,0.0,0.0,0.0,48.33734804210225,optimal
2021-02-07 03:30:00,7,120,0.0,0.0,0.0,0.0795333333333333,5.5125,6.0,-8,20.965598190420256,,0.0,0.0,0.0,0.0,48.28901069406015,optimal
2021-02-07 04:00:00,7,120,0.0,0.0,0.0,0.0960999999999999,9.261,6.0,-8,20.932004111499413,,0.0,0.0,0.0,0.0,48.24072168336608,optimal
2021-02-07 04:30:00,7,120,0.0,0.0,0.0,0.1196333333333333,11.7075,6.0,-8,20.89857932762824,,0.0,0.0,0.0,0.0,48.19248096168271,optimal
2021-02-07 05:00:00,7,120,0.0,0.0,0.0,0.1188666666666666,12.348,6.0,-8,20.865507501636216,,0.0,0.0,0.0,0.0,48.144288480721016,optimal
2021-02-07 05:30:00,7,120,0.0,0.0,0.0,0.0598666666666666,12.348,6.0,-8,20.832491902821687,,0.0,0.0,0.0,0.0,48.096144192240295,optimal
2021-02-07 06:00:00,7,120,0.0,0.1548148148148148,0.0,0.2535666666666666,12.1275,6.0,-8,20.79882300125667,,0.0,0.0,0.0,139.33333333333331,48.048048048048045,optimal
2021-02-07 06:30:00,7,120,0.0,0.8514814814814814,0.0,0.1366333333333333,12.5265,6.0,-8,20.768055681674987,,0.0,0.0,0.0,766.3333333333333,48.0,optimal
2021-02-07 07:00:00,7,120,0.0,0.4644444444444444,0.0,0.0993333333333333,11.7495,6.0,-8,20.737450022524342,,0.0,0.0,0.0,418.0,47.544292132369,optimal
2021-02-07 07:30:00,7,120,0.0,0.1548148148148148,0.0,0.0993333333333333,13.23,6.0,-8,20.707516955640305,,0.0,0.0,0.0,139.33333333333331,47.08903997260563,optimal
2021-02-07 08:00:00,7,120,0.0,0.0,0.0,0.3870666666666666,14.3325,6.0,-8,20.676407808085123,,0.0,0.0,0.0,0.0,46.63424306500203,optimal
2021-02-07 08:30:00,7,120,0.0,5.960370370370371,0.0,0.06,14.994,6.0,-8,20.65552839693169,,0.0,0.0,0.0,5364.333333333334,46.17990095430604,optimal
2021-02-07 09:00:00,7,120,0.0,0.387037037037037,0.0,0.7992999999999999,14.8155,6.0,-8,20.62442021401799,,0.0,0.0,0.0,348.3333333333333,45.72601318572073,optimal
2021-02-07 09:30:00,7,120,0.0,0.0,0.0,0.2063,14.112,6.0,-8,20.597916799685503,,0.0,0.0,0.0,0.0,45.27257930490401,optimal
2021-02-07 10:00:00,7,120,0.0,0.0,0.0,0.062,14.007,6.0,-8,20.5634146644824,,0.0,0.0,0.0,0.0,44.81959885796811,optimal
2021-02-07 10:30:00,7,120,0.0,0.0,0.0,0.1072,13.23,6.0,-8,20.528550078182377,,0.0,0.0,0.0,0.0,44.36707139147914,optimal
2021-02-07 11:00:00,7,120,0.0,0.0,0.0,0.1954,11.382,6.0,-8,20.49410699874417,,0.0,0.0,0.0,0.0,43.91499645245667,optimal
2021-02-07 11:30:00,7,120,0.0,0.0,0.0,0.062,11.7495,6.0,-8,20.462256442895512,,0.0,0.0,0.0,0.0,43.463373588373216,optimal
2021-02-07 12:00:00,7,120,0.0,0.0,0.0,0.1328,24.3285,6.0,-8,20.428843908189183,,0.0,0.0,0.0,0.0,43.012202347153845,optimal
2021-02-07 12:30:00,7,120,0.0,0.0,0.0,0.1698,28.917,6.0,-8,20.39749111420931,,0.0,0.0,0.0,0.0,42.56148227717569,optimal
2021-02-07 13:00:00,7,120,0.0,0.0,0.0,0.062,31.3635,6.0,-8,20.36665122581387,,0.0,0.0,0.0,0.0,42.11121292726752,optimal
2021-02-07 13:30:00,7,120,0.0,0.0,0.0,0.1455,33.306,6.0,-8,20.333525176321025,,0.0,0.0,0.0,0.0,41.66139384670925,optimal
2021-02-07 14:00:00,7,120,0.0,0.0,0.0,0.1571,31.3425,6.0,-8,20.301581155106376,,0.0,0.0,0.0,0.0,41.212024585231546,optimal
2021-02-07 14:30:00,7,120,0.0,0.0,0.0,0.062,28.2555,6.0,-8,20.27036098964293,,0.0,0.0,0.0,0.0,40.76310469301532,optimal
2021-02-07 15:00:00,7,120,0.0,0.0,0.0,0.1475,15.6975,6.0,-8,20.23814330742201,,0.0,0.0,0.0,0.0,40.314633720691305,optimal
2021-02-07 15:30:00,7,120,0.0,0.0,0.0,0.8645,12.5475,6.0,-8,20.2081319498316,,0.0,0.0,0.0,0.0,39.86661121933962,optimal
2021-02-07 16:00:00,7,120,0.0,0.1548148148148148,0.0,0.2058666666666666,12.0855,6.0,-8,20.18528591719552,,0.0,0.0,0.0,139.33333333333331,39.41903674048928,optimal
2021-02-07 16:30:00,7,120,0.0,0.0,0.0,0.2276333333333333,11.907,6.0,-8,20.15552816346446,,0.0,0.0,0.0,0.0,38.9719098361178,optimal
2021-02-07 17:00:00,7,120,0.0,0.5418518518518518,0.0,0.5444,12.5685,6.0,-8,20.12888600135187,,0.0,0.0,0.0,487.6666666666667,38.52523005865068,optimal
2021-02-07 17:30:00,7,120,0.0,0.4644444444444444,0.0,0.1903333333333333,13.146,6.0,-8,20.10648764088593,,0.0,0.0,0.0,418.0,38.07899696096103,optimal
2021-02-07 18:00:00,7,120,0.0,0.0,0.0,0.5280666666666667,10.584,6.0,-8,20.08461335499236,,0.0,0.0,0.0,0.0,37.63321009636907,optimal
2021-02-07 18:30:00,7,120,0.0,0.3096296296296296,0.0,0.4264666666666666,6.678,6.0,-8,20.06164031516713,,0.0,0.0,0.0,278.66666666666663,37.187869018641706,optimal
2021-02-07 19:00:00,7,120,0.0,5.728148148148147,0.0,0.2758666666666666,7.938,6.0,-8,20.03946451649953,,0.0,0.0,0.0,5155.333333333332,36.742973281992064,optimal
2021-02-07 19:30:00,7,120,0.7950526578586221,0.0774074074074074,0.0,0.4802666666666667,5.292,6.0,-8,20.014807328080128,,2782.684302505177,0.0,0.0,69.66666666666666,36.29852244107908,optimal
2021-02-07 20:00:00,7,120,0.0,0.0,0.0,0.1927333333333332,9.261,6.0,-8,20.025644578715028,,0.0,0.0,0.0,0.0,35.854516051007,optimal
2021-02-07 20:30:00,7,120,0.0,0.387037037037037,0.0,0.2958,10.3635,6.0,-8,20.0,,0.0,0.0,0.0,348.3333333333333,35.410953667325,optimal
2021-02-07 21:00:00,7,120,0.0,0.0,0.0,0.3197333333333333,8.274,6.0,-8,19.974285973984863,,0.0,0.0,0.0,0.0,35.37554271365767,optimal
2021-02-07 21:30:00,7,120,0.0,0.387037037037037,0.0,0.2583333333333333,7.7175,6.0,-8,19.95013344803357,,0.0,0.0,0.0,348.3333333333333,35.340167170944014,optimal
2021-02-07 22:00:00,7,120,0.0,0.1548148148148148,0.0,0.378,6.615,6.0,-8,19.926101087886405,,0.0,0.0,0.0,139.33333333333331,35.30482700377307,optimal
2021-02-07 22:30:00,7,120,0.0,0.0,0.0,0.2869,6.174,6.0,-8,19.904792428133348,,0.0,0.0,0.0,0.0,35.2695221767693,optimal
2021-02-07 23:00:00,7,120,0.0,0.1548148148148148,0.0,0.2161,3.906,6.0,-8,19.883132930529538,,0.0,0.0,0.0,139.33333333333331,35.23425265459253,optimal
2021-02-07 23:30:00,7,120,0.0,0.1548148148148148,0.0,0.2211666666666666,2.3415,6.0,-8,19.86025184701405,,0.0,0.0,0.0,139.33333333333331,35.19901840193794,optimal
2021-02-08 00:00:00,7,120,1.1428571428571428,0.0,5.0,0.059,5.0925,6.0,-6,19.86025184701405,,4000.0,0.0,0.0,0.0,37.538819383536,optimal
2021-02-08 00:30:00,7,120,1.1428571428571428,0.0,5.0,0.059,4.1895,6.0,-6,19.87542061610152,,4000.0,0.0,0.0,0.0,39.87628056415247,optimal
2021-02-08 01:00:00,7,120,1.1428571428571428,0.0,5.0,0.059,7.056,6.0,-6,19.890559312150742,,4000.0,0.0,0.0,0.0,42.21140428358832,optimal
2021-02-08 01:30:00,7,120,1.1428571428571428,0.0,5.0,0.1057999999999999,5.271,6.0,-6,19.90566799478341,,4000.0,0.0,0.0,0.0,44.54419287930472,optimal
2021-02-08 02:00:00,7,120,1.1428571428571428,0.0,3.0743620595778136,0.0824,7.938,6.0,-6,19.921217729023084,,4000.0,0.0,0.0,0.0,45.95997066472487,optimal
2021-02-08 02:30:00,7,120,1.1428571428571428,0.0,5.0,0.1785999999999999,7.938,6.0,-6,19.936352439962505,,4000.0,0.0,0.0,0.0,48.28901069406015,optimal
2021-02-08 03:00:00,7,120,1.1428571428571428,0.0,0.0,0.0975999999999999,11.907,6.0,-6,19.952728214947847,,4000.0,0.0,0.0,0.0,48.24072168336608,optimal
2021-02-08 03:30:00,7,120,1.1428571428571428,0.0,0.0,0.059,11.025,6.0,-6,19.96818388227136,,4000.0,0.0,0.0,0.0,48.19248096168271,optimal
2021-02-08 04:00:00,7,120,1.1428571428571428,0.0,0.0,0.1057999999999999,11.2875,6.0,-6,19.98303954117111,,4000.0,0.0,0.0,0.0,48.144288480721016,optimal
2021-02-08 04:30:00,7,120,1.1428571428571428,0.0,0.0,0.1257333333333333,12.936,6.0,-6,19.99833675331332,,4000.0,0.0,0.0,0.0,48.096144192240295,optimal
2021-02-08 05:00:00,7,120,1.1428571428571428,0.6192592592592592,0.0,0.101,13.0095,6.0,-6,20.013904045400903,,4000.0,0.0,0.0,557.3333333333333,48.048048048048045,optimal
2021-02-08 05:30:00,7,120,0.0,0.1548148148148148,0.0,1.0902,13.671,6.0,-6,20.030419032423183,,0.0,0.0,0.0,139.33333333333331,48.0,optimal
2021-02-08 06:00:00,7,120,1.1428571428571428,6.037777777777777,0.0,1.1005333333333334,13.188,6.0,-6,20.00083207712596,,4000.0,0.0,0.0,5433.999999999999,47.62570775691332,optimal
2021-02-08 06:30:00,7,120,0.0,0.387037037037037,0.0,0.334,13.8495,6.0,-6,20.01955231118122,,0.0,0.0,0.0,348.3333333333333,47.25178980606973,optimal
2021-02-08 07:00:00,7,120,1.1428571428571428,0.387037037037037,0.0,0.213,13.23,6.0,-6,19.99116321795021,,4000.0,0.0,0.0,348.3333333333333,46.878245773176985,optimal
2021-02-08 07:30:00,7,120,1.1428571428571428,0.0,0.0,0.4054,13.3665,6.0,-6,20.01189109545014,,4000.0,0.0,0.0,0.0,46.50507528431713,optimal
2021-02-08 08:00:00,7,120,1.1428571428571428,0.3096296296296296,0.0,0.3718999999999999,13.0515,6.0,-6,20.032512996302327,,4000.0,0.0,0.0,278.66666666666663,46.13227796594614,optimal
2021-02-08 08:30:00,7,120,0.8496415792369829,0.3096296296296296,0.0,2.393733333333333,13.5345,6.0,-6,20.051670627047013,,2973.7455273294404,0.0,0.0,278.66666666666663,45.75985344489352,optimal
2021-02-08 09:00:00,7,120,0.0,0.387037037037037,0.0,0.3157,14.154,6.0,-6,20.06295911866029,,0.0,0.0,0.0,348.3333333333333,45.38780134836195,optimal
2021-02-08 09:30:00,7,120,0.0,0.4644444444444444,0.0,0.9905666666666668,14.112,6.0,-6,20.036634253871924,,0.0,0.0,0.0,418.0,45.01612130392691,optimal
2021-02-08 10:00:00,7,120,0.0,0.0,0.0,2.8668666666666667,14.2485,6.0,-6,20.01571309355545,,0.0,0.0,0.0,0.0,44.64481293953631,optimal
2021-02-08 10:30:00,7,120,1.1428571428571428,0.0,0.0,0.9920666666666668,12.789,6.0,-6,20.00424419542388,,4000.0,0.0,0.0,0.0,44.273875883510094,optimal
2021-02-08 11:00:00,7,120,1.1428571428571428,0.0,0.0,1.6692,13.0095,6.0,-6,20.0269232015273,,4000.0,0.0,0.0,0.0,43.90330976453991,optimal
2021-02-08 11:30:00,7,120,1.1428571428571428,0.0,0.0,2.051766666666667,12.1275,6.0,-6,20.0518204028016,,4000.0,0.0,0.0,0.0,43.53311421168869,optimal
2021-02-08 12:00:00,7,120,1.1428571428571428,0.4644444444444444,0.0,2.4185,12.348,6.0,-6,20.07890704258638,,4000.0,0.0,0.0,418.0,43.16328885439032,optimal
2021-02-08 12:30:00,7,120,1.1428571428571428,0.0,0.0,0.1667333333333333,12.348,6.0,-6,20.11459875144556,,4000.0,0.0,0.0,0.0,42.79383332244926,optimal
2021-02-08 13:00:00,7,120,0.0,0.1548148148148148,0.0,0.1262,25.389,6.0,-6,20.13862208579395,,0.0,0.0,0.0,139.33333333333331,42.42474724604013,optimal
2021-02-08 13:30:00,7,120,0.0,0.0,0.0,0.9824,29.1375,6.0,-6,20.11316374683605,,0.0,0.0,0.0,0.0,42.05603025570742,optimal
2021-02-08 14:00:00,7,120,0.0,0.1548148148148148,0.0,1.4995,30.597,6.0,-6,20.09001912531464,,0.0,0.0,0.0,139.33333333333331,41.68768198236504,optimal
2021-02-08 14:30:00,7,120,0.0,0.2322222222222222,0.0,0.8505333333333333,33.684,6.0,-6,20.07238131707837,,0.0,0.0,0.0,209.0,41.31970205729599,optimal
2021-02-08 15:00:00,7,120,0.0,0.0,0.0,1.4116333333333335,32.445,6.0,-6,20.05387502090081,,0.0,0.0,0.0,0.0,40.95209011215202,optimal
2021-02-08 15:30:00,7,120,0.0,0.0,0.0,1.1094000000000002,28.917,6.0,-6,20.035676836096304,,0.0,0.0,0.0,0.0,40.5848457789532,optimal
2021-02-08 16:00:00,7,120,0.0,0.4644444444444444,0.0,2.5448000000000004,15.876,6.0,-6,20.01661600274627,,0.0,0.0,0.0,418.0,40.21796869008757,optimal
2021-02-08 16:30:00,7,120,0.218619554614688,0.6966666666666667,0.0,2.663333333333333,12.348,6.0,-6,20.0,,765.1684411514083,0.0,0.0,627.0,39.8514584783108,optimal
2021-02-08 17:00:00,7,120,0.9539150806139336,0.3096296296296296,0.0,0.3778,12.1275,6.0,-6,20.0,,3338.702782148768,0.0,0.0,278.66666666666663,39.48531477674582,optimal
2021-02-08 17:30:00,7,120,0.0,0.3096296296296296,0.0,1.4246,12.348,6.0,-6,20.01690894637053,,0.0,0.0,0.0,278.66666666666663,39.11953721888239,optimal
2021-02-08 18:00:00,7,120,0.5301228545723438,0.0,0.0,2.689633333333333,12.1275,6.0,-6,20.0,,1855.429991003203,0.0,0.0,0.0,38.75412543857684,optimal
2021-02-08 18:30:00,7,120,0.6382208448109247,0.5418518518518518,0.0,0.2332666666666666,12.1275,6.0,-6,20.0,,2233.772956838236,0.0,0.0,487.6666666666667,38.38907907005158,optimal
2021-02-08 19:00:00,7,120,0.6665626445732623,0.5418518518518518,0.0,0.1483333333333333,11.2665,6.0,-6,20.0,,2332.969256006418,0.0,0.0,487.6666666666667,38.02439774789485,optimal
2021-02-08 19:30:00,7,120,1.1428571428571428,0.4644444444444444,0.0,0.8223333333333334,10.143,6.0,-6,20.0,,4000.0,0.0,0.0,418.0,37.66008110706028,optimal
2021-02-08 20:00:00,7,120,0.2090848784967711,0.0,0.0,1.7229666666666668,11.2455,6.0,-6,20.020105125781416,,731.7970747386988,0.0,0.0,0.0,37.29612878286654,optimal
2021-02-08 20:30:00,7,120,0.0,0.387037037037037,0.0,2.147,11.025,6.0,-6,20.0,,0.0,0.0,0.0,348.3333333333333,36.932540410997,optimal
2021-02-08 21:00:00,7,120,0.0,0.3096296296296296,0.0,0.3349333333333333,5.9745,6.0,-6,19.970921166644764,,0.0,0.0,0.0,278.66666666666663,36.895607870586005,optimal
2021-02-08 21:30:00,7,120,0.0,0.0,0.0,0.6116333333333334,7.938,6.0,-6,19.945102631770023,,0.0,0.0,0.0,0.0,36.85871226271542,optimal
2021-02-08 22:00:00,7,120,0.0,0.1548148148148148,0.0,0.2633999999999999,8.6835,6.0,-6,19.9235468550725,,0.0,0.0,0.0,139.33333333333331,36.82185355045271,optimal
2021-02-08 22:30:00,7,120,0.0,0.0,0.0,0.1813,7.665,6.0,-6,19.895819736030344,,0.0,0.0,0.0,0.0,36.78503169690226,optimal
2021-02-08 23:00:00,7,120,0.0,0.0,0.0,0.0885,6.7725,6.0,-6,19.862069771622654,,0.0,0.0,0.0,0.0,36.74824666520536,optimal
2021-02-08 23:30:00,7,120,0.0,0.0,0.0,0.069,5.5755,6.0,-6,19.827157069046205,,0.0,0.0,0.0,0.0,36.71149841854015,optimal
2021-02-09 00:00:00,7,120,1.1428571428571428,0.0774074074074074,0.0,0.1933333333333332,14.994,6.0,-15,19.827157069046205,,4000.0,0.0,0.0,69.66666666666666,36.67478692012161,optimal
2021-02-09 00:30:00,7,120,1.1428571428571428,0.3096296296296296,5.0,0.5210333333333333,13.671,6.0,-15,19.84462772338,,4000.0,0.0,0.0,278.66666666666663,39.01311213320149,optimal
2021-02-09 01:00:00,7,120,1.1428571428571428,0.0,0.0,0.061,15.981,6.0,-15,19.86557839214986,,4000.0,0.0,0.0,0.0,38.97409902106829,optimal
2021-02-09 01:30:00,7,120,1.1428571428571428,0.0,0.0,0.1496666666666666,15.6345,6.0,-15,19.879156641909294,,4000.0,0.0,0.0,0.0,38.935124922047216,optimal
2021-02-09 02:00:00,7,120,1.1428571428571428,0.0,0.0,0.061,16.5375,6.0,-15,19.893589883415245,,4000.0,0.0,0.0,0.0,38.89618979712517,optimal
2021-02-09 02:30:00,7,120,1.1428571428571428,0.0,0.0,0.061,14.7735,6.0,-15,19.906716086060136,,4000.0,0.0,0.0,0.0,38.85729360732804,optimal
2021-02-09 03:00:00,7,120,1.1428571428571428,0.0,0.0,0.061,15.2145,6.0,-15,19.919915393326217,,4000.0,0.0,0.0,0.0,38.81843631372071,optimal
2021-02-09 03:30:00,7,120,1.1428571428571428,0.0,4.867982995172416,0.1496666666666666,14.553,6.0,-15,19.93318766027899,,4000.0,0.0,0.0,0.0,41.09190980011389,optimal
2021-02-09 04:00:00,7,120,1.1428571428571428,0.0,5.0,0.061,14.3325,6.0,-15,19.947712038180697,,4000.0,0.0,0.0,0.0,43.42581789031377,optimal
2021-02-09 04:30:00,7,120,1.1428571428571428,0.0,0.0,0.061,14.595,6.0,-15,19.96132570910998,,4000.0,0.0,0.0,0.0,43.38239207242345,optimal
2021-02-09 05:00:00,7,120,1.1428571428571428,0.0,0.0,0.1496666666666666,14.994,6.0,-15,19.97471413379473,,4000.0,0.0,0.0,0.0,43.33900968035103,optimal
2021-02-09 05:30:00,7,120,1.1428571428571428,0.0,5.0,0.061,14.3325,6.0,-15,19.988957926566144,,4000.0,0.0,0.0,0.0,45.670670670670674,optimal
2021-02-09 06:00:00,7,120,1.1428571428571428,0.2322222222222222,5.0,0.2559333333333333,13.8915,6.0,-15,20.00209331235666,,4000.0,0.0,0.0,209.0,48.0,optimal
2021-02-09 06:30:00,7,120,1.1428571428571428,0.3096296296296296,0.0,1.5440333333333334,13.8915,6.0,-15,20.018177990713887,,4000.0,0.0,0.0,278.66666666666663,47.50072994257327,optimal
2021-02-09 07:00:00,7,120,1.1428571428571428,4.567037037037037,0.0,0.309,13.4715,6.0,-15,20.039353329212748,,4000.0,0.0,0.0,4110.333333333333,47.00195915520396,optimal
2021-02-09 07:30:00,7,120,1.1428571428571428,0.0774074074074074,0.0,1.8846666666666667,13.23,6.0,-15,20.056383303124942,,4000.0,0.0,0.0,69.66666666666666,46.50368713862203,optimal
2021-02-09 08:00:00,7,120,1.1428571428571428,0.5418518518518518,0.0,2.782,13.8915,6.0,-15,20.075618944637416,,4000.0,0.0,0.0,487.6666666666667,46.00591339405667,optimal
2021-02-09 08:30:00,7,120,0.0,0.0,0.0,0.235,26.9325,6.0,-15,20.09622487277221,,0.0,0.0,0.0,0.0,45.50863742323588,optimal
2021-02-09 09:00:00,7,120,0.0,0.0774074074074074,0.0,0.2036666666666666,30.303,6.0,-15,20.06217826322817,,0.0,0.0,0.0,69.66666666666666,45.01185872838591,optimal
2021-02-09 09:30:00,7,120,0.0,0.7907451100358869,0.0,0.109,32.886,6.0,-15,20.02729979985056,,0.0,711.6705990322982,0.0,0.0,44.51557681223079,optimal
2021-02-09 10:00:00,7,120,0.0,3.0014030671293463,0.0,0.071,34.9965,6.0,-15,20.0,,0.0,2701.262760416412,0.0,0.0,44.01979117799183,optimal
2021-02-09 10:30:00,7,120,0.0,2.864715840286865,0.0,0.1533333333333333,33.327,6.0,-15,20.0,,0.0,2578.2442562581787,0.0,0.0,43.5245013293871,optimal
2021-02-09 11:00:00,7,120,0.0,2.659332913460887,0.0,0.0773333333333333,31.122,6.0,-15,20.0,,0.0,2393.3996221147986,0.0,0.0,43.02970677063098,optimal
2021-02-09 11:30:00,7,120,0.6833131203666698,0.0,0.0,0.071,17.9025,6.0,-15,20.0,,2391.595921283344,0.0,0.0,0.0,42.535407006433616,optimal
2021-02-09 12:00:00,7,120,0.6116988138554698,0.0,0.0,0.1596666666666666,15.6555,6.0,-15,20.0,,2140.945848494144,0.0,0.0,0.0,42.04160154200045,optimal
2021-02-09 12:30:00,7,120,0.6074046331406646,0.1548148148148148,0.0,0.1338333333333333,14.553,6.0,-15,20.0,,2125.916215992326,0.0,0.0,139.33333333333331,41.548289883031714,optimal
2021-02-09 13:00:00,7,120,0.551643214951033,0.3096296296296296,0.0,0.202,14.3325,6.0,-15,20.0,,1930.7512523286152,0.0,0.0,278.66666666666663,41.05547153572195,optimal
2021-02-09 13:30:00,7,120,0.5006347485219856,0.0,0.0,0.2906666666666667,13.335,6.0,-15,20.0,,1752.2216198269498,0.0,0.0,0.0,40.563146006759496,optimal
2021-02-09 14:00:00,7,120,0.9345018589092792,0.2322222222222222,0.0,0.2473666666666666,12.1275,6.0,-15,20.0,,3270.756506182477,0.0,0.0,209.0,40.071312803326,optimal
2021-02-09 14:30:00,7,120,0.0,0.0,0.0,0.4841999999999999,12.2955,6.0,-15,20.017920287193988,,0.0,0.0,0.0,0.0,39.57997143309594,optimal
2021-02-09 15:00:00,7,120,0.5288794407508525,0.0,0.0,0.3096666666666667,11.6865,6.0,-15,20.0,,1851.078042627984,0.0,0.0,0.0,39.08912140423611,optimal
2021-02-09 15:30:00,7,120,0.219569830044196,0.387037037037037,0.0,2.3207,11.466,6.0,-15,20.0,,768.4944051546863,0.0,0.0,348.3333333333333,38.59876222540514,optimal
2021-02-09 16:00:00,7,120,1.1428571428571428,0.3096296296296296,0.0,2.3248,10.8045,6.0,-15,20.00099379124772,,4000.0,0.0,0.0,278.66666666666663,38.108893405753,optimal
2021-02-09 16:30:00,7,120,1.1428571428571428,0.4644444444444444,0.0,0.3164666666666666,10.584,6.0,-15,20.026781717121573,,4000.0,0.0,0.0,418.0,37.61951445492051,optimal
2021-02-09 17:00:00,7,120,1.1428571428571428,0.5418518518518518,0.0,1.683266666666667,11.2455,6.0,-15,20.05001251863941,,4000.0,0.0,0.0,487.6666666666667,37.13062488303886,optimal
2021-02-09 17:30:00,7,120,0.0,0.1548148148148148,0.0,2.3058666666666667,12.1275,6.0,-15,20.07633991711432,,0.0,0.0,0.0,139.33333333333331,36.64222420072909,optimal
2021-02-09 18:00:00,7,120,0.0,0.4644444444444444,0.0,0.7420333333333333,11.823,6.0,-15,20.053827506394164,,0.0,0.0,0.0,418.0,36.60558197652836,optimal
2021-02-09 18:30:00,7,120,0.0,0.2322222222222222,0.0,0.3809666666666665,11.7705,6.0,-15,20.028024794461704,,0.0,0.0,0.0,209.0,36.56897639455183,optimal
2021-02-09 19:00:00,7,120,1.1428571428571428,0.387037037037037,0.0,0.5446666666666666,11.13,6.0,-15,20.00180450654497,,4000.0,0.0,0.0,348.3333333333333,36.53240741815728,optimal
2021-02-09 19:30:00,7,120,0.0,0.0774074074074074,0.0,0.5642666666666667,11.6865,6.0,-15,20.02573938223826,,0.0,0.0,0.0,69.66666666666666,36.49587501073912,optimal
2021-02-09 20:00:00,7,120,0.4833107960037706,0.6610592592592593,0.0,0.8533999999999999,10.7205,6.0,-15,20.0,,1691.587786013197,0.0,0.0,594.9533333333334,36.45937913572838,optimal
2021-02-09 20:30:00,7,120,0.0,0.1130148148148148,0.0,3.0730666666666666,11.424,6.0,-15,20.0,,0.0,0.0,0.0,101.71333333333334,36.422919756592655,optimal
2021-02-09 21:00:00,7,120,0.0,0.0,0.0,0.4948999999999999,10.689,6.0,-15,19.986374188938804,,0.0,0.0,0.0,0.0,36.38649683683606,optimal
2021-02-09 21:30:00,7,120,0.0,2.631851851851852,0.0,1.9848333333333328,11.361,6.0,-15,19.9589826963774,,0.0,0.0,0.0,2368.6666666666665,36.350110339999226,optimal
2021-02-09 22:00:00,7,120,0.0,0.6192592592592592,0.0,1.7242666666666668,11.571,6.0,-15,19.93830098962485,,0.0,0.0,0.0,557.3333333333333,36.31376022965922,optimal
2021-02-09 22:30:00,7,120,0.0,0.0,0.0,0.2176666666666666,14.3745,6.0,-15,19.911801291595253,,0.0,0.0,0.0,0.0,36.27744646942956,optimal
2021-02-09 23:00:00,7,120,0.0,0.0,0.0,0.1596666666666666,13.23,6.0,-15,19.88004628841471,,0.0,0.0,0.0,0.0,36.241169022960136,optimal
2021-02-09 23:30:00,7,120,0.0,0.0,0.0,0.071,13.9755,6.0,-15,19.84594664950868,,0.0,0.0,0.0,0.0,36.20492785393718,optimal
2021-02-10 00:00:00,7,120,1.1428571428571428,0.0,0.0,0.1466,12.789,6.0,3,19.84594664950868,,4000.0,0.0,0.0,0.0,36.16872292608324,optimal
2021-02-10 00:30:00,7,120,1.1428571428571428,0.0,0.0,0.1112,11.907,6.0,3,19.86003013366886,,4000.0,0.0,0.0,0.0,36.13255420315716,optimal
2021-02-10 01:00:00,7,120,1.1428571428571428,0.0,0.0,0.1052999999999999,11.7075,6.0,3,19.873456185199927,,4000.0,0.0,0.0,0.0,36.096421648954,optimal
2021-02-10 01:30:00,7,120,1.1428571428571428,0.0,5.0,0.1525,10.8045,6.0,3,19.886585486628665,,4000.0,0.0,0.0,0.0,38.43532522730504,optimal
2021-02-10 02:00:00,7,120,1.1428571428571428,0.0,0.0,0.064,11.508,6.0,3,19.90006550870629,,4000.0,0.0,0.0,0.0,38.39688990207774,optimal
2021-02-10 02:30:00,7,120,1.1428571428571428,0.0,0.0,0.064,11.508,6.0,3,19.91224241213083,,4000.0,0.0,0.0,0.0,38.358493012175664,optimal
2021-02-10 03:00:00,7,120,1.1428571428571428,0.0,0.0,0.0994,11.508,6.0,3,19.924395174078875,,4000.0,0.0,0.0,0.0,38.32013451916349,optimal
2021-02-10 03:30:00,7,120,1.1428571428571428,0.0,0.0,0.1584,11.844,6.0,3,19.93695509736274,,4000.0,0.0,0.0,0.0,38.28181438464433,optimal
2021-02-10 04:00:00,7,120,1.1428571428571428,0.0,0.0,0.064,11.508,6.0,3,19.9502088780597,,4000.0,0.0,0.0,0.0,38.24353257025968,optimal
2021-02-10 04:30:00,7,120,1.1428571428571428,0.0,0.975567033126496,0.1938,11.508,6.0,3,19.96228636910241,,4000.0,0.0,0.0,0.0,38.6686833784245,optimal
2021-02-10 05:00:00,7,120,1.1428571428571428,0.0,5.0,0.064,10.4475,6.0,3,19.975722927624982,,4000.0,0.0,0.0,0.0,41.00501469504607,optimal
2021-02-10 05:30:00,7,120,1.1428571428571428,0.0,5.0,0.1466,10.8675,6.0,3,19.98735332288832,,4000.0,0.0,0.0,0.0,43.33900968035103,optimal
2021-02-10 06:00:00,7,120,1.1428571428571428,0.0,5.0,0.1112,10.542,6.0,3,19.99976866542656,,4000.0,0.0,0.0,0.0,45.670670670670674,optimal
2021-02-10 06:30:00,7,120,1.1428571428571428,0.2322222222222222,5.0,0.1041333333333333,11.025,6.0,3,20.01152988253132,,4000.0,0.0,0.0,209.0,48.0,optimal
2021-02-10 07:00:00,7,120,1.1428571428571428,0.1548148148148148,0.0,0.4313,11.025,6.0,3,20.02455279375564,,4000.0,0.0,0.0,139.33333333333331,47.49227696329775,optimal
2021-02-10 07:30:00,7,120,1.1428571428571428,0.5418518518518518,0.0,0.3601,14.553,6.0,3,20.04295537226996,,4000.0,0.0,0.0,487.6666666666667,46.9850616496322,optimal
2021-02-10 08:00:00,7,120,1.1428571428571428,0.8514814814814814,0.0,0.3840333333333333,13.0935,6.0,3,20.0623000696702,,4000.0,0.0,0.0,766.3333333333333,46.47835355128032,optimal
2021-02-10 08:30:00,7,120,1.1428571428571428,0.0,0.0,0.4401,15.6345,6.0,3,20.0805944847508,,4000.0,0.0,0.0,0.0,45.97215216102679,optimal
2021-02-10 09:00:00,7,120,0.0,0.0,0.0,0.2327333333333333,18.102,6.0,3,20.098760630612247,,0.0,0.0,0.0,0.0,45.46645697216351,optimal
2021-02-10 09:30:00,7,120,0.6914156945031001,0.4644444444444444,0.0,0.4127,17.199,6.0,3,20.07092387049802,,2419.9549307608504,0.0,0.0,418.0,44.9612674784891,optimal
2021-02-10 10:00:00,7,120,0.0,0.387037037037037,0.0,0.4113,18.2805,6.0,3,20.073631492357524,,0.0,0.0,0.0,348.3333333333333,44.45658317430836,optimal
2021-02-10 10:30:00,7,120,0.0,0.0,0.0,0.3440666666666667,17.4615,6.0,3,20.049132974847147,,0.0,0.0,0.0,0.0,43.9524035544318,optimal
2021-02-10 11:00:00,7,120,0.0,0.3096296296296296,0.0,1.8935,18.3225,6.0,3,20.02289438837795,,0.0,0.0,0.0,278.66666666666663,43.44872811417511,optimal
2021-02-10 11:30:00,7,120,1.1428571428571428,0.1548148148148148,0.0,0.7842,17.094,6.0,3,20.0,,4000.0,0.0,0.0,139.33333333333331,42.94555634935868,optimal
2021-02-10 12:00:00,7,120,1.1428571428571428,0.0774074074074074,0.0,0.2780333333333333,17.094,6.0,3,20.02376317302049,,4000.0,0.0,0.0,69.66666666666666,42.44288775630707,optimal
2021-02-10 12:30:00,7,120,1.1428571428571428,0.0,0.0,0.182,17.094,6.0,3,20.048661360588028,,4000.0,0.0,0.0,0.0,41.94072183184851,optimal
2021-02-10 13:00:00,7,120,0.0762043645738256,0.0,0.0,0.064,17.3565,6.0,3,20.07108143277172,,266.7152760083897,0.0,0.0,0.0,41.43905807331441,optimal
2021-02-10 13:30:00,7,120,1.1428571428571428,0.0,0.0,0.1525,17.115,6.0,3,20.0460869880206,,4000.0,0.0,0.0,0.0,40.93789597853885,optimal
2021-02-10 14:00:00,7,120,1.1428571428571428,0.0,0.0,0.3008666666666666,17.241,6.0,3,20.068096902156576,,4000.0,0.0,0.0,0.0,40.43723504585806,optimal
2021-02-10 14:30:00,7,120,1.1428571428571428,0.0,0.0,0.062,17.094,6.0,3,20.093105562630704,,4000.0,0.0,0.0,0.0,39.93707477410995,optimal
2021-02-10 15:00:00,7,120,1.1428571428571428,0.0,0.0,0.1733,16.5165,6.0,3,20.11620642844277,,4000.0,0.0,0.0,0.0,39.43741466263359,optimal
2021-02-10 15:30:00,7,120,0.0,0.0,0.0,0.1407,17.8185,6.0,3,20.13769584390216,,0.0,0.0,0.0,0.0,38.93825421126871,optimal
2021-02-10 16:00:00,7,120,1.1428571428571428,0.3096296296296296,0.0,0.7147666666666667,17.094,6.0,3,20.108356722450218,,4000.0,0.0,0.0,278.66666666666663,38.43959292035519,optimal
2021-02-10 16:30:00,7,120,1.1428571428571428,0.0,0.0,1.8973,16.8945,6.0,3,20.12985471506255,,4000.0,0.0,0.0,0.0,37.94143029073258,optimal
2021-02-10 17:00:00,7,120,0.0,0.1548148148148148,0.0,0.217,18.123,6.0,3,20.154785934815408,,0.0,0.0,0.0,139.33333333333331,37.4437658237396,optimal
2021-02-10 17:30:00,7,120,0.0,0.1548148148148148,0.0,0.5973333333333334,31.647,6.0,3,20.123658739307384,,0.0,0.0,0.0,139.33333333333331,36.946599021213615,optimal
2021-02-10 18:00:00,7,120,0.0,0.4644444444444444,0.0,4.781766666666666,34.9965,6.0,3,20.09709272715434,,0.0,0.0,0.0,418.0,36.44992938549015,optimal
2021-02-10 18:30:00,7,120,0.0,0.5418518518518518,0.0,3.638433333333333,34.9965,6.0,3,20.08432241213044,,0.0,0.0,0.0,487.6666666666667,35.95375641940241,optimal
2021-02-10 19:00:00,7,120,0.0,0.2322222222222222,0.0,3.860633333333333,34.9965,6.0,3,20.067091515603323,,0.0,0.0,0.0,209.0,35.45807962628076,optimal
2021-02-10 19:30:00,7,120,0.0,0.0,0.0,3.6369666666666656,34.9965,6.0,3,20.049729552021613,,0.0,0.0,0.0,0.0,34.962898509952225,optimal
2021-02-10 20:00:00,7,120,0.0,0.0774074074074074,0.0,1.1337666666666668,34.9965,6.0,3,20.02634318004958,,0.0,0.0,0.0,69.66666666666666,34.92793561144227,optimal
2021-02-10 20:30:00,7,120,0.0,0.1548148148148148,0.0,2.6325333333333334,27.741,6.0,3,20.0,,0.0,0.0,0.0,139.33333333333331,34.89300767583083,optimal
2021-02-10 21:00:00,7,120,0.0,0.0,0.0,2.1541666666666663,19.026,6.0,3,19.976428669394213,,0.0,0.0,0.0,0.0,34.858114668155,optimal
2021-02-10 21:30:00,7,120,0.0,0.3096296296296296,0.0,1.840266666666667,18.7215,6.0,3,19.952619851888542,,0.0,0.0,0.0,278.66666666666663,34.82325655348684,optimal
2021-02-10 22:00:00,7,120,0.0,0.0774074074074074,0.0,1.6691333333333334,17.4195,6.0,3,19.923947729334184,,0.0,0.0,0.0,69.66666666666666,34.78843329693336,optimal
2021-02-10 22:30:00,7,120,0.0,0.0,0.0,0.3379333333333333,16.758,6.0,3,19.892612450675205,,0.0,0.0,0.0,0.0,34.753644863636424,optimal
2021-02-10 23:00:00,7,120,0.0,0.0,0.0,0.1802,14.217,6.0,3,19.85667489821529,,0.0,0.0,0.0,0.0,34.71889121877279,optimal
2021-02-10 23:30:00,7,120,0.0,0.0,0.0,0.074,13.3665,6.0,3,19.81377022302641,,0.0,0.0,0.0,0.0,34.684172327554016,optimal
2021-02-11 00:00:00,7,120,1.1428571428571428,0.1548148148148148,0.0,0.2052666666666666,12.873,6.0,6,19.81377022302641,,4000.0,0.0,0.0,139.33333333333331,34.649488155226464,optimal
2021-02-11 00:30:00,7,120,1.1428571428571428,0.0,0.0,0.1936999999999999,12.684,6.0,6,19.82527591863376,,4000.0,0.0,0.0,0.0,34.61483866707124,optimal
2021-02-11 01:00:00,7,120,1.1428571428571428,0.0,0.0,0.6739333333333333,12.306,6.0,6,19.835959731930043,,4000.0,0.0,0.0,0.0,34.580223828404165,optimal
2021-02-11 01:30:00,7,120,1.1428571428571428,0.0,5.0,0.2134666666666666,10.6365,6.0,6,19.844277556031848,,4000.0,0.0,0.0,0.0,36.92064360457576,optimal
2021-02-11 02:00:00,7,120,1.1428571428571428,0.0,0.0,0.1146,11.2455,6.0,6,19.85145181973672,,4000.0,0.0,0.0,0.0,36.883722960971184,optimal
2021-02-11 02:30:00,7,120,1.1428571428571428,0.0,0.0,0.065,11.2455,6.0,6,19.857407432345525,,4000.0,0.0,0.0,0.0,36.84683923801021,optimal
2021-02-11 03:00:00,7,120,1.1428571428571428,0.0,0.0,0.1272666666666666,11.025,6.0,6,19.86254873706764,,4000.0,0.0,0.0,0.0,36.8099923987722,optimal
2021-02-11 03:30:00,7,120,1.1428571428571428,0.0,0.0,0.2008,12.0855,6.0,6,19.8682401464489,,4000.0,0.0,0.0,0.0,36.77318240637343,optimal
2021-02-11 04:00:00,7,120,1.1428571428571428,0.0,0.0,0.1207999999999999,11.6865,6.0,6,19.875311721274112,,4000.0,0.0,0.0,0.0,36.73640922396706,optimal
2021-02-11 04:30:00,7,120,1.1428571428571428,0.0,0.0,0.2008,11.2245,6.0,6,19.88189032951468,,4000.0,0.0,0.0,0.0,36.69967281474309,optimal
2021-02-11 05:00:00,7,120,1.1428571428571428,0.0,0.0,0.0776666666666666,11.025,6.0,6,19.88943048270924,,4000.0,0.0,0.0,0.0,36.66297314192835,optimal
2021-02-11 05:30:00,7,120,1.1428571428571428,0.0,5.0,0.1159333333333333,10.7835,6.0,6,19.89545563454644,,4000.0,0.0,0.0,0.0,39.00131016878642,optimal
2021-02-11 06:00:00,7,120,1.1428571428571428,0.0,4.401891194505547,0.1073333333333333,11.025,6.0,6,19.90241441639998,,4000.0,0.0,0.0,0.0,41.05320717600776,optimal
2021-02-11 06:30:00,7,120,1.1428571428571428,0.774074074074074,5.0,1.9814333333333327,10.584,6.0,6,19.909644694286644,,4000.0,0.0,0.0,696.6666666666666,43.38715396883175,optimal
2021-02-11 07:00:00,7,120,1.1428571428571428,3.251111111111111,5.0,1.4748333333333332,11.025,6.0,6,19.923608459992664,,4000.0,0.0,0.0,2926.0,45.71876681486292,optimal
2021-02-11 07:30:00,7,120,1.1428571428571428,4.026220145736781,5.0,2.7001,10.4265,6.0,6,19.939871107342498,,4000.0,2787.598131163103,0.0,836.0,48.048048048048045,optimal
2021-02-11 08:00:00,7,120,1.1428571428571428,0.6966666666666667,0.0,3.1799666666666666,12.789,6.0,6,20.0,,4000.0,0.0,0.0,627.0,48.0,optimal
2021-02-11 08:30:00,7,120,1.1428571428571428,0.0,0.0,1.4417,12.684,6.0,6,20.02195204075151,,4000.0,0.0,0.0,0.0,47.395251563869984,optimal
2021-02-11 09:00:00,7,120,1.1428571428571428,0.0,0.0,0.2172666666666667,16.254,6.0,6,20.03292072133561,,4000.0,0.0,0.0,0.0,46.7911078761761,optimal
2021-02-11 09:30:00,7,120,1.1428571428571428,0.0,0.0,0.075,17.64,6.0,6,20.04101830298333,,4000.0,0.0,0.0,0.0,46.18756833216991,optimal
2021-02-11 10:00:00,7,120,1.1428571428571428,0.0,0.0,0.1202666666666666,19.1625,6.0,6,20.0506379180242,,4000.0,0.0,0.0,0.0,45.58463232770772,optimal
2021-02-11 10:30:00,7,120,0.0,0.0,0.0,0.2061,26.46,6.0,6,20.067615679259063,,0.0,0.0,0.0,0.0,44.98229925925,optimal
2021-02-11 11:00:00,7,120,0.5621163246558475,0.0,0.0,0.0967,20.79,6.0,6,20.03568652150743,,1967.4071362954664,0.0,0.0,0.0,44.38056852386073,optimal
2021-02-11 11:30:00,7,120,0.0,0.0,0.0,0.2606666666666667,29.106,6.0,6,20.028077322220245,,0.0,0.0,0.0,0.0,43.77943951920685,optimal
2021-02-11 12:00:00,7,120,1.1428571428571428,0.0,0.0,0.0874,19.1835,6.0,6,20.0,,4000.0,0.0,0.0,0.0,43.17891164355763,optimal
2021-02-11 12:30:00,7,120,0.0665130831771205,0.0,0.0,0.0998,19.6665,6.0,6,20.022248878786527,,232.79579111992177,0.0,0.0,0.0,42.57898429578406,optimal
2021-02-11 13:00:00,7,120,0.0,0.5418518518518518,0.0,1.7639,19.404,6.0,6,20.0,,0.0,0.0,0.0,487.6666666666667,41.97965687535826,optimal
2021-02-11 13:30:00,7,120,0.1231217197878846,0.0774074074074074,0.0,0.9644666666666668,19.047,6.0,6,20.001501133964265,,430.9260192575964,0.0,0.0,69.66666666666666,41.38092878235289,optimal
2021-02-11 14:00:00,7,120,1.0918833912378991,0.0,0.0,0.7396666666666666,18.858,6.0,6,20.0,,3821.591869332648,0.0,0.0,0.0,40.78279941744052,optimal
2021-02-11 14:30:00,7,120,0.0,0.1548148148148148,0.0,0.5389333333333333,19.2675,6.0,6,20.035736282148623,,0.0,0.0,0.0,139.33333333333331,40.185268181893065,optimal
2021-02-11 15:00:00,7,120,0.0,0.387037037037037,0.0,2.1769333333333334,18.963,6.0,6,20.020516662815027,,0.0,0.0,0.0,348.3333333333333,39.58833447758116,optimal
2021-02-11 15:30:00,7,120,1.1428571428571428,0.0,0.0,0.9204,18.438,6.0,6,20.0,,4000.0,0.0,0.0,0.0,38.99199770697357,optimal
2021-02-11 16:00:00,7,120,0.1994867094366412,0.0,0.0,0.2765333333333333,18.7425,6.0,6,20.028593616767942,,698.2034830282444,0.0,0.0,0.0,38.39625727313658,optimal
2021-02-11 16:30:00,7,120,1.1428571428571428,0.0774074074074074,0.0,0.5890666666666667,15.2145,6.0,6,20.008548451822502,,4000.0,0.0,0.0,69.66666666666666,37.80111257973343,optimal
2021-02-11 17:00:00,7,120,1.1428571428571428,0.1548148148148148,0.0,0.3436,17.7765,6.0,6,20.028897809978908,,4000.0,0.0,0.0,139.33333333333331,37.20656303102368,optimal
2021-02-11 17:30:00,7,120,1.1428571428571428,0.1548148148148148,0.0,0.3242333333333333,16.758,6.0,6,20.044967703787822,,4000.0,0.0,0.0,139.33333333333331,36.61260803186264,optimal
2021-02-11 18:00:00,7,120,1.1428571428571428,0.387037037037037,0.0,0.3666666666666667,16.422,6.0,6,20.05731992978509,,4000.0,0.0,0.0,348.3333333333333,36.01924698770077,optimal
2021-02-11 18:30:00,7,120,1.1428571428571428,0.0,0.0,0.4038,16.758,6.0,6,20.07155060887036,,4000.0,0.0,0.0,0.0,35.426479304583054,optimal
2021-02-11 19:00:00,7,120,0.0,0.0,0.0,0.7838999999999999,29.358,6.0,6,20.08631919333644,,0.0,0.0,0.0,0.0,34.83430438914846,optimal
2021-02-11 19:30:00,7,120,0.0,0.3096296296296296,0.0,0.5081333333333333,34.9965,6.0,6,20.05717408885441,,0.0,0.0,0.0,278.66666666666663,34.24272164862929,optimal
2021-02-11 20:00:00,7,120,0.0,0.0774074074074074,0.0,2.790333333333333,34.65,6.0,6,20.02256297667516,,0.0,0.0,0.0,69.66666666666666,33.651730490850646,optimal
2021-02-11 20:30:00,7,120,0.0,0.0,0.0,2.818233333333333,34.9965,6.0,6,20.0,,0.0,0.0,0.0,0.0,33.06133032422978,optimal
2021-02-11 21:00:00,7,120,0.0,0.0,0.0,0.4456,34.9965,6.0,6,19.97479986254426,,0.0,0.0,0.0,0.0,33.02826899390555,optimal
2021-02-11 21:30:00,7,120,0.0,0.0,0.0,0.3629333333333333,30.4815,6.0,6,19.938396417772115,,0.0,0.0,0.0,0.0,32.995240724911646,optimal
2021-02-11 22:00:00,7,120,0.0,5.960370370370371,0.0,2.765033333333333,21.4305,6.0,6,19.902516451057565,,0.0,0.0,0.0,5364.333333333334,32.96224548418673,optimal
2021-02-11 22:30:00,7,120,0.0,0.0,0.0,0.367,14.3325,6.0,6,19.868792333152665,,0.0,0.0,0.0,0.0,32.929283238702546,optimal
2021-02-11 23:00:00,7,120,0.0,0.3096296296296296,0.0,0.6399333333333332,13.692,6.0,6,19.832669234222298,,0.0,0.0,0.0,278.66666666666663,32.896353955463844,optimal
2021-02-11 23:30:00,7,120,0.0,0.0,0.0,0.4474666666666665,14.007,6.0,6,19.797283990841454,,0.0,0.0,0.0,0.0,32.86345760150838,optimal
2021-02-12 00:00:00,7,120,1.1428571428571428,0.0,0.0,0.065,10.8045,6.0,-1,19.797283990841454,,4000.0,0.0,0.0,0.0,32.83059414390687,optimal
2021-02-12 00:30:00,7,120,1.1428571428571428,0.0,0.0,0.065,11.025,6.0,-1,19.795978890171178,,4000.0,0.0,0.0,0.0,32.79776354976296,optimal
2021-02-12 01:00:00,7,120,1.1428571428571428,0.0,5.0,0.0713333333333333,10.3635,6.0,-1,19.79467637694502,,4000.0,0.0,0.0,0.0,35.1399657862132,optimal
2021-02-12 01:30:00,7,120,1.1428571428571428,0.0,0.0,0.1156666666666666,10.8045,6.0,-1,19.793453600873665,,4000.0,0.0,0.0,0.0,35.10482582042698,optimal
2021-02-12 02:00:00,7,120,1.1428571428571428,0.0,5.0,0.065,10.059,6.0,-1,19.792971589202047,,4000.0,0.0,0.0,0.0,37.44472099460656,optimal
2021-02-12 02:30:00,7,120,1.1428571428571428,0.0,5.0,0.065,10.584,6.0,-1,19.792071550711377,,4000.0,0.0,0.0,0.0,39.78227627361195,optimal
2021-02-12 03:00:00,7,120,1.1428571428571428,0.0,5.0,0.1093333333333333,9.4185,6.0,-1,19.791768065462,,4000.0,0.0,0.0,0.0,42.117493997338336,optimal
2021-02-12 03:30:00,7,120,1.1428571428571428,0.0,5.0,0.0776666666666666,10.3635,6.0,-1,19.792600034632784,,4000.0,0.0,0.0,0.0,44.450376503341,optimal
2021-02-12 04:00:00,7,120,1.1428571428571428,0.0,5.0,0.1093333333333333,9.8385,6.0,-1,19.79443237417307,,4000.0,0.0,0.0,0.0,46.780926126837656,optimal
2021-02-12 04:30:00,7,120,1.1428571428571428,0.0,0.0,0.0776666666666666,11.067,6.0,-1,19.798034649190253,,4000.0,0.0,0.0,0.0,46.73414520071082,optimal
2021-02-12 05:00:00,7,120,1.1428571428571428,0.0,2.965753972063546,0.065,10.8465,6.0,-1,19.80263180227145,,4000.0,0.0,0.0,0.0,48.096144192240295,optimal
2021-02-12 05:30:00,7,120,1.1428571428571428,0.0,0.0,0.122,13.671,6.0,-1,19.80845332552972,,4000.0,0.0,0.0,0.0,48.048048048048045,optimal
2021-02-12 06:00:00,7,120,1.1428571428571428,0.9288888888888888,0.0,2.1724666666666668,12.348,6.0,-1,19.81654375110536,,4000.0,0.0,0.0,836.0,48.0,optimal
2021-02-12 06:30:00,7,120,1.1428571428571428,1.006296296296296,0.0,2.477,14.3325,6.0,-1,19.8395793442557,,4000.0,0.0,0.0,905.6666666666664,47.73574544857264,optimal
2021-02-12 07:00:00,7,120,1.1428571428571428,0.3096296296296296,0.0,1.5826,15.393,6.0,-1,19.87496310555652,,4000.0,0.0,0.0,278.66666666666663,47.47175515169671,optimal
2021-02-12 07:30:00,7,120,1.1428571428571428,9.608506352491991,0.0,0.2133333333333333,13.587,6.0,-1,19.891005314094283,,4000.0,8090.322383909459,0.0,557.3333333333333,47.208028845117646,optimal
2021-02-12 08:00:00,7,120,0.966656178065762,0.0774074074074074,0.0,0.1246666666666666,16.1385,6.0,-1,20.0,,3383.296623230168,0.0,0.0,69.66666666666666,46.944566264845164,optimal
2021-02-12 08:30:00,7,120,1.1428571428571428,0.2322222222222222,0.0,0.074,14.595,6.0,-1,20.0,,4000.0,0.0,0.0,209.0,46.68136714715296,optimal
2021-02-12 09:00:00,7,120,0.7936662729148782,0.1548148148148148,0.0,1.042733333333333,14.637,6.0,-1,20.00477330895319,,2777.831955202074,0.0,0.0,139.33333333333331,46.41843122857844,optimal
2021-02-12 09:30:00,7,120,0.5422840610932431,0.0,0.0,2.277133333333333,13.9125,6.0,-1,20.0,,1897.9942138263511,0.0,0.0,0.0,46.1557582459225,optimal
2021-02-12 10:00:00,7,120,0.6709086327029175,0.0,0.0,1.4815,13.3665,6.0,-1,20.0,,2348.180214460211,0.0,0.0,0.0,45.893347936249214,optimal
2021-02-12 10:30:00,7,120,1.1428571428571428,0.0,0.0,0.22,13.0095,6.0,-1,20.01037732096476,,4000.0,0.0,0.0,0.0,45.6312000368856,optimal
2021-02-12 11:00:00,7,120,0.0,0.0,0.0,0.2761666666666666,13.8915,6.0,-1,20.03141574241653,,0.0,0.0,0.0,0.0,45.36931428542135,optimal
2021-02-12 11:30:00,7,120,1.1428571428571428,0.0774074074074074,0.0,0.4843,13.188,6.0,-1,20.0077200655432,,4000.0,0.0,0.0,69.66666666666666,45.10769041970857,optimal
2021-02-12 12:00:00,7,120,1.1428571428571428,0.387037037037037,0.0,2.819266666666667,12.5685,6.0,-1,20.03342646998987,,4000.0,0.0,0.0,348.3333333333333,44.8463281778615,optimal
2021-02-12 12:30:00,7,120,1.1428571428571428,0.0774074074074074,0.0,2.814766666666667,12.285,6.0,-1,20.06693088549144,,4000.0,0.0,0.0,69.66666666666666,44.58522729825628,optimal
2021-02-12 13:00:00,7,120,1.1428571428571428,0.0,0.0,0.392,11.487,6.0,-1,20.100864580406142,,4000.0,0.0,0.0,0.0,44.32438751953066,optimal
2021-02-12 13:30:00,7,120,1.1428571428571428,0.0,0.0,0.2069333333333333,11.802,6.0,-1,20.13142485771307,,4000.0,0.0,0.0,0.0,44.06380858058377,optimal
2021-02-12 14:00:00,7,120,1.1428571428571428,0.0,0.0,0.1193333333333333,11.2245,6.0,-1,20.1581783866365,,4000.0,0.0,0.0,0.0,43.803490220575824,optimal
2021-02-12 14:30:00,7,120,1.1428571428571428,0.0,0.0,0.0876666666666666,11.025,6.0,-1,20.178909277171567,,4000.0,0.0,0.0,0.0,43.54343217892789,optimal
2021-02-12 15:00:00,7,120,1.1428571428571428,0.0,0.0,0.075,11.907,6.0,-1,20.19901503692457,,4000.0,0.0,0.0,0.0,43.2836341953216,optimal
2021-02-12 15:30:00,7,120,0.0,0.0,0.0,0.1098333333333333,25.83,6.0,-1,20.217468125588223,,0.0,0.0,0.0,0.0,43.02409600969892,optimal
2021-02-12 16:00:00,7,120,0.0,0.0,0.0,0.0971666666666666,28.035,6.0,-1,20.18728222411891,,0.0,0.0,0.0,0.0,42.76481736226185,optimal
2021-02-12 16:30:00,7,120,0.0,0.0,0.0,0.075,28.119,6.0,-1,20.15353770653557,,0.0,0.0,0.0,0.0,42.50579799347223,optimal
2021-02-12 17:00:00,7,120,0.0,0.0,0.0,0.075,30.156,6.0,-1,20.118995278779565,,0.0,0.0,0.0,0.0,42.2470376440514,optimal
2021-02-12 17:30:00,7,120,0.0,0.387037037037037,0.0,0.5442,29.1585,6.0,-1,20.08101830887712,,0.0,0.0,0.0,348.3333333333333,41.98853605497998,optimal
2021-02-12 18:00:00,7,120,0.0,0.0,0.0,3.0501666666666667,26.712,6.0,-1,20.04953809729832,,0.0,0.0,0.0,0.0,41.73029296749764,optimal
2021-02-12 18:30:00,7,120,0.0,0.5418518518518518,0.0,3.3739,15.435,6.0,-1,20.02172653458783,,0.0,0.0,0.0,487.6666666666667,41.47230812310278,optimal
2021-02-12 19:00:00,7,120,0.7279816774216749,0.0774074074074074,0.0,0.317,13.566,6.0,-1,20.0,,2547.9358709758617,0.0,0.0,69.66666666666666,41.21458126355231,optimal
2021-02-12 19:30:00,7,120,0.5722028398016504,0.1548148148148148,0.0,0.5076666666666667,12.789,6.0,-1,20.0,,2002.7099393057763,0.0,0.0,139.33333333333331,40.9571121308614,optimal
2021-02-12 20:00:00,7,120,0.5258430498006568,0.4644444444444444,0.0,0.9026333333333332,12.1275,6.0,-1,20.0,,1840.450674302299,0.0,0.0,418.0,40.69990046730317,optimal
2021-02-12 20:30:00,7,120,0.0,0.0,0.0,1.7386666666666668,13.671,6.0,-1,20.0,,0.0,0.0,0.0,0.0,40.44294601540851,optimal
2021-02-12 21:00:00,7,120,0.0,0.2322222222222222,0.0,0.2504333333333333,10.668,6.0,-1,19.984535793074546,,0.0,0.0,0.0,209.0,40.4025030693931,optimal
2021-02-12 21:30:00,7,120,0.0,6.115185185185185,0.0,0.2598333333333333,11.7285,6.0,-1,19.95894853265333,,0.0,0.0,0.0,5503.666666666667,40.3621005663237,optimal
2021-02-12 22:00:00,7,120,0.0,0.0,0.0,0.3659,11.025,6.0,-1,19.930659242177395,,0.0,0.0,0.0,0.0,40.32173846575738,optimal
2021-02-12 22:30:00,7,120,0.0,0.2322222222222222,0.0,0.5277666666666666,10.689,6.0,-1,19.90364675287453,,0.0,0.0,0.0,209.0,40.28141672729162,optimal
2021-02-12 23:00:00,7,120,0.0,0.0,0.0,0.1713333333333333,8.1585,6.0,-1,19.876745074542928,,0.0,0.0,0.0,0.0,40.24113531056433,optimal
2021-02-12 23:30:00,7,120,0.0,0.0,0.0,0.129,10.3635,6.0,-1,19.84320740581237,,0.0,0.0,0.0,0.0,40.200894175253765,optimal
2021-02-13 00:00:00,7,120,0.0,0.0,0.0,0.0636,27.4575,6.0,15,19.84320740581237,,0.0,0.0,0.0,0.0,40.16069328107851,optimal
2021-02-13 00:30:00,7,120,0.0,0.0,0.0,0.1464,27.3735,6.0,15,19.806168019286385,,0.0,0.0,0.0,0.0,40.12053258779743,optimal
2021-02-13 01:00:00,7,120,0.0,0.0,0.0,0.059,30.4605,6.0,15,19.770309891834994,,0.0,0.0,0.0,0.0,40.08041205520963,optimal
2021-02-13 01:30:00,7,120,0.0,0.0,0.0,0.151,30.0195,6.0,15,19.73355724672018,,0.0,0.0,0.0,0.0,40.04033164315442,optimal
2021-02-13 02:00:00,7,120,0.0,0.0,0.0,0.059,26.9325,6.0,15,19.69809736975481,,0.0,0.0,0.0,0.0,40.00029131151126,optimal
2021-02-13 02:30:00,7,120,1.1428571428571428,0.0,0.0,0.151,14.595,6.0,15,19.66168614679053,,4000.0,0.0,0.0,0.0,39.96029102019975,optimal
2021-02-13 03:00:00,7,120,1.1428571428571428,0.0,0.0,0.059,12.4845,6.0,15,19.675197259859747,,4000.0,0.0,0.0,0.0,39.92033072917955,optimal
2021-02-13 03:30:00,7,120,1.1428571428571428,0.0,0.0,0.059,12.1275,6.0,15,19.687560810720864,,4000.0,0.0,0.0,0.0,39.880410398450366,optimal
2021-02-13 04:00:00,7,120,1.1428571428571428,0.0,0.0,0.059,12.1275,6.0,15,19.69980072192214,,4000.0,0.0,0.0,0.0,39.84052998805191,optimal
2021-02-13 04:30:00,7,120,1.1428571428571428,0.0,0.0,0.061,12.789,6.0,15,19.71191723858697,,4000.0,0.0,0.0,0.0,39.80068945806386,optimal
2021-02-13 05:00:00,7,120,1.1428571428571428,0.0,0.0,0.161,11.907,6.0,15,19.723811477209725,,4000.0,0.0,0.0,0.0,39.7608887686058,optimal
2021-02-13 05:30:00,7,120,1.1428571428571428,0.0,0.0,0.067,11.025,6.0,15,19.7366046540477,,4000.0,0.0,0.0,0.0,39.72112787983719,optimal
2021-02-13 06:00:00,7,120,1.1428571428571428,0.0,5.0,0.1234,8.2005,6.0,15,19.748053435745145,,4000.0,0.0,0.0,0.0,42.05640675195736,optimal
2021-02-13 06:30:00,7,120,1.1428571428571428,0.0,2.8901128918449697,0.0886,9.5655,6.0,15,19.76006580613103,,4000.0,0.0,0.0,0.0,43.38715396883175,optimal
2021-02-13 07:00:00,7,120,1.1428571428571428,0.0,5.0,0.0965999999999999,7.056,6.0,15,19.7715069228636,,4000.0,0.0,0.0,0.0,45.71876681486292,optimal
2021-02-13 07:30:00,7,120,1.1428571428571428,18.50227969891549,5.0,1.2304000000000002,9.3975,6.0,15,19.782826228719976,,4000.0,16443.051729023944,0.0,209.0,48.048048048048045,optimal
2021-02-13 08:00:00,7,120,1.1428571428571428,0.6966666666666667,0.0,2.676833333333333,10.059,6.0,15,20.0,,4000.0,0.0,0.0,627.0,48.0,optimal
2021-02-13 08:30:00,7,120,1.1428571428571428,0.387037037037037,0.0,1.7411,9.261,6.0,15,20.0203807973079,,4000.0,0.0,0.0,348.3333333333333,47.799632880961454,optimal
2021-02-13 09:00:00,7,120,1.1428571428571428,0.0,0.0,0.6381,8.1585,6.0,15,20.03602891973926,,4000.0,0.0,0.0,0.0,47.59946612904195,optimal
2021-02-13 09:30:00,7,120,1.1428571428571428,0.1548148148148148,0.0,0.9707333333333332,9.4815,6.0,15,20.052045924238723,,4000.0,0.0,0.0,139.33333333333331,47.39949954387436,optimal
2021-02-13 10:00:00,7,120,1.1428571428571428,0.0,0.0,0.6272666666666666,8.379,6.0,15,20.068650465519035,,4000.0,0.0,0.0,0.0,47.19973292529195,optimal
2021-02-13 10:30:00,7,120,1.1428571428571428,0.0,0.0,0.069,9.5235,6.0,15,20.08668060628018,,4000.0,0.0,0.0,0.0,47.00016607332811,optimal
2021-02-13 11:00:00,7,120,1.1428571428571428,0.0,0.0,0.138,8.1375,6.0,15,20.099874065987542,,4000.0,0.0,0.0,0.0,46.80079878821624,optimal
2021-02-13 11:30:00,7,120,1.1428571428571428,0.0,0.0,0.092,10.0905,6.0,15,20.117470985644523,,4000.0,0.0,0.0,0.0,46.60163087038947,optimal
2021-02-13 12:00:00,7,120,1.1428571428571428,0.0,0.0,0.1057999999999999,7.539,6.0,15,20.134571758656623,,4000.0,0.0,0.0,0.0,46.402662120480535,optimal
2021-02-13 12:30:00,7,120,1.1428571428571428,0.0,0.0,0.1242,7.938,6.0,15,20.15332768674852,,4000.0,0.0,0.0,0.0,46.20389233932151,optimal
2021-02-13 13:00:00,7,120,1.1428571428571428,0.0,0.0,0.069,8.274,6.0,15,20.17246884143552,,4000.0,0.0,0.0,0.0,46.00532132794365,optimal
2021-02-13 13:30:00,7,120,1.1428571428571428,0.0,0.0,0.1057999999999999,9.261,6.0,15,20.19174411759163,,4000.0,0.0,0.0,0.0,45.80694888757716,optimal
2021-02-13 14:00:00,7,120,1.1428571428571428,0.0,0.0,0.1242,9.9225,6.0,15,20.21162774581807,,4000.0,0.0,0.0,0.0,45.60877481965103,optimal
2021-02-13 14:30:00,7,120,1.1428571428571428,0.0,0.0,0.069,9.702,6.0,15,20.229276934663,,4000.0,0.0,0.0,0.0,45.41079892579284,optimal
2021-02-13 15:00:00,7,120,1.1428571428571428,0.0,0.0,0.1564,10.584,6.0,15,20.246416923821453,,4000.0,0.0,0.0,0.0,45.2130210078285,optimal
2021-02-13 15:30:00,7,120,1.1428571428571428,0.0,0.0,0.0736,10.143,6.0,15,20.262588576114727,,4000.0,0.0,0.0,0.0,45.01544086778213,optimal
2021-02-13 16:00:00,7,120,0.0,0.6966666666666667,0.0,0.6391,13.0095,6.0,15,20.27752121278522,,0.0,0.0,0.0,627.0,44.81805830787581,optimal
2021-02-13 16:30:00,7,120,1.1428571428571428,0.0,0.0,0.1242,11.025,6.0,15,20.24761251994356,,4000.0,0.0,0.0,0.0,44.62087313052939,optimal
2021-02-13 17:00:00,7,120,0.0,0.0,0.0,0.069,12.789,6.0,15,20.260537157395817,,0.0,0.0,0.0,0.0,44.42388513836032,optimal
2021-02-13 17:30:00,7,120,0.3696448028235257,0.0,0.0,0.069,12.1275,6.0,15,20.22183698383397,,1293.75680988234,0.0,0.0,0.0,44.22709413418342,optimal
2021-02-13 18:00:00,7,120,0.0,0.0,0.0,0.069,12.1695,6.0,15,20.198776269026315,,0.0,0.0,0.0,0.0,44.03049992101069,optimal
2021-02-13 18:30:00,7,120,0.0,0.0,0.0,0.069,12.306,6.0,15,20.15889723703545,,0.0,0.0,0.0,0.0,43.83410230205113,optimal
2021-02-13 19:00:00,7,120,0.0,0.0,0.0,0.161,13.23,6.0,15,20.11899813958929,,0.0,0.0,0.0,0.0,43.637901080710535,optimal
2021-02-13 19:30:00,7,120,0.0,0.0,0.0,0.069,13.671,6.0,15,20.08019979204597,,0.0,0.0,0.0,0.0,43.44189606059128,optimal
2021-02-13 20:00:00,7,120,0.0,0.0,0.0,0.069,13.9335,6.0,15,20.04015933280233,,0.0,0.0,0.0,0.0,43.24608704549215,optimal
2021-02-13 20:30:00,7,120,0.0,0.0,0.0,0.115,13.293,6.0,15,20.0,,0.0,0.0,0.0,0.0,43.05047383940811,optimal
2021-02-13 21:00:00,7,120,0.0,0.0,0.0,0.115,12.1065,6.0,15,19.960480673387977,,0.0,0.0,0.0,0.0,42.85505624653016,optimal
2021-02-13 21:30:00,7,120,0.0,0.0,0.0,0.069,11.571,6.0,15,19.9210396963252,,0.0,0.0,0.0,0.0,42.659834071245086,optimal
2021-02-13 22:00:00,7,120,0.0,0.2322222222222222,0.0,0.103,11.025,6.0,15,19.881017397547136,,0.0,0.0,0.0,209.0,42.61717423717384,optimal
2021-02-13 22:30:00,7,120,0.0,0.1548148148148148,0.0,0.2970666666666666,10.8465,6.0,15,19.84670507944813,,0.0,0.0,0.0,139.33333333333331,42.57455706293667,optimal
2021-02-13 23:00:00,7,120,0.0,0.0,0.0,0.7525,11.2455,6.0,15,19.815460125664583,,0.0,0.0,0.0,0.0,42.531982505873735,optimal
2021-02-13 23:30:00,7,120,0.0,0.0,0.0,0.1228666666666666,23.8665,6.0,15,19.78486008717434,,0.0,0.0,0.0,0.0,42.48945052336786,optimal
2021-02-07 00:00:00,8,120,0.0,0.0,0.0,0.055,12.0855,6.0,8,21.0,,0.0,0.0,0.0,0.0,47.952,optimal
2021-02-07 00:30:00,8,120,0.0,0.0,0.0,0.055,11.907,6.0,8,20.967110979900795,,0.0,0.0,0.0,0.0,47.904048,optimal
2021-02-07 01:00:00,8,120,0.0,0.0,0.0,0.1155333333333333,12.5685,6.0,8,20.93408890806525,,0.0,0.0,0.0,0.0,47.856143952,optimal
2021-02-07 01:30:00,8,120,0.0,0.0,0.0,0.1868,13.146,6.0,8,20.90167148612029,,0.0,0.0,0.0,0.0,47.80828780804799,optimal
2021-02-07 02:00:00,8,120,0.0,0.0,0.0,0.0968,10.584,6.0,8,20.87008740060322,,0.0,0.0,0.0,0.0,47.76047952023995,optimal
2021-02-07 02:30:00,8,120,0.0,0.0,0.0,0.183,6.678,6.0,8,20.83737039348739,,0.0,0.0,0.0,0.0,47.712719040719705,optimal
2021-02-07 03:00:00,8,120,0.0,0.0,0.0,0.0775333333333333,7.938,6.0,8,20.80557011159505,,0.0,0.0,0.0,0.0,47.66500632167899,optimal
2021-02-07 03:30:00,8,120,0.0,0.0,0.0,0.1000666666666666,5.292,6.0,8,20.772349788341828,,0.0,0.0,0.0,0.0,47.61734131535731,optimal
2021-02-07 04:00:00,8,120,0.0,0.0,0.0,0.1338666666666666,9.261,6.0,8,20.73937070712543,,0.0,0.0,0.0,0.0,47.56972397404195,optimal
2021-02-07 04:30:00,8,120,0.0,0.0,0.0,0.1006,10.3635,6.0,8,20.706769644068743,,0.0,0.0,0.0,0.0,47.52215425006791,optimal
2021-02-07 05:00:00,8,120,0.0,0.0,0.0,0.1623,8.274,6.0,8,20.673827948717484,,0.0,0.0,0.0,0.0,47.47463209581784,optimal
2021-02-07 05:30:00,8,120,0.0,0.0,0.0,0.0944333333333333,7.7175,6.0,8,20.641703212925275,,0.0,0.0,0.0,0.0,47.42715746372202,optimal
2021-02-07 06:00:00,8,120,0.0,0.0,0.0,0.1290333333333333,6.615,6.0,8,20.608815391414005,,0.0,0.0,0.0,0.0,47.379730306258296,optimal
2021-02-07 06:30:00,8,120,0.0,0.0,0.0,0.1733,6.174,6.0,8,20.576414281152,,0.0,0.0,0.0,0.0,47.332350575952034,optimal
2021-02-07 07:00:00,8,120,0.0,0.8514814814814814,0.0,0.3585,3.906,6.0,8,20.54451755171175,,0.0,0.0,0.0,766.3333333333333,47.285018225376085,optimal
2021-02-07 07:30:00,8,120,1.1003386910382924,0.6192592592592592,0.0,0.1439333333333333,2.3415,6.0,8,20.515305004995906,,3851.1854186340233,0.0,0.0,557.3333333333333,47.23773320715071,optimal
2021-02-07 08:00:00,8,120,1.1428571428571428,0.6966666666666667,1.7042200548556552,0.1824666666666666,2.205,6.0,8,20.53394569801792,,4000.0,0.0,0.0,627.0,48.0,optimal
2021-02-07 08:30:00,8,120,1.1428571428571428,0.0,0.0,0.2173333333333333,0.882,6.0,8,20.556560716622407,,4000.0,0.0,0.0,0.0,47.70219471424196,optimal
2021-02-07 09:00:00,8,120,1.1428571428571428,0.3096296296296296,0.0,1.3213333333333332,1.5435,6.0,8,20.5737909273305,,4000.0,0.0,0.0,278.66666666666663,47.404687233769685,optimal
2021-02-07 09:30:00,8,120,1.1428571428571428,0.0,0.0,0.1338666666666666,1.5435,6.0,8,20.59885146677392,,4000.0,0.0,0.0,0.0,47.10747726077788,optimal
2021-02-07 10:00:00,8,120,0.0,2.786666666666666,0.0,0.2508666666666667,5.0715,6.0,8,20.612297993642084,,0.0,0.0,0.0,2508.0,46.81056449775906,optimal
2021-02-07 10:30:00,8,120,0.0,0.1548148148148148,0.0,1.1837666666666669,5.376,6.0,8,20.579927596258425,,0.0,0.0,0.0,139.33333333333331,46.51394864750326,optimal
2021-02-07 11:00:00,8,120,0.0,0.0,0.0,0.5526,5.0715,6.0,8,20.55077180144322,,0.0,0.0,0.0,0.0,46.217629413097725,optimal
2021-02-07 11:30:00,8,120,0.0,0.0,0.0,0.2609333333333333,5.5125,6.0,8,20.518575246718044,,0.0,0.0,0.0,0.0,45.92160649792659,optimal
2021-02-07 12:00:00,8,120,0.0,0.0,0.0,0.229,9.261,6.0,8,20.48675455410445,,0.0,0.0,0.0,0.0,45.62587960567063,optimal
2021-02-07 12:30:00,8,120,0.0,0.0,0.0,0.2930666666666666,11.7075,6.0,8,20.45550891092235,,0.0,0.0,0.0,0.0,45.33044844030692,optimal
2021-02-07 13:00:00,8,120,0.0,0.0,0.0,0.1649666666666666,12.348,6.0,8,20.42441861215676,,0.0,0.0,0.0,0.0,45.03531270610858,optimal
2021-02-07 13:30:00,8,120,0.0,0.0,0.0,0.0954,12.348,6.0,8,20.39241413694884,,0.0,0.0,0.0,0.0,44.74047210764443,optimal
2021-02-07 14:00:00,8,120,0.0,0.0,0.0,0.1594666666666666,12.1275,6.0,8,20.35972475575727,,0.0,0.0,0.0,0.0,44.44592634977875,optimal
2021-02-07 14:30:00,8,120,0.0,0.0,0.0,0.1628666666666667,12.5265,6.0,8,20.32839987498136,,0.0,0.0,0.0,0.0,44.151675137670935,optimal
2021-02-07 15:00:00,8,120,0.0,0.0,0.0,0.065,11.7495,6.0,8,20.29727764586075,,0.0,0.0,0.0,0.0,43.85771817677523,optimal
2021-02-07 15:30:00,8,120,0.0,0.0,0.0,0.1626,13.23,6.0,8,20.26612573389584,,0.0,0.0,0.0,0.0,43.56405517284042,optimal
2021-02-07 16:00:00,8,120,0.0,0.0,0.0,0.2566666666666667,14.3325,6.0,8,20.238130168558644,,0.0,0.0,0.0,0.0,43.27068583190954,optimal
2021-02-07 16:30:00,8,120,0.0,0.0,0.0,0.1894333333333333,14.994,6.0,8,20.209014425417365,,0.0,0.0,0.0,0.0,42.9776098603196,optimal
2021-02-07 17:00:00,8,120,0.0,0.0,0.0,0.1745,14.8155,6.0,8,20.179090286548305,,0.0,0.0,0.0,0.0,42.68482696470124,optimal
2021-02-07 17:30:00,8,120,0.0,0.4644444444444444,0.0,0.3648333333333333,14.112,6.0,8,20.14836037753278,,0.0,0.0,0.0,418.0,42.3923368519785,optimal
2021-02-07 18:00:00,8,120,0.0,0.0774074074074074,0.0,0.2699,14.007,6.0,8,20.123368454608148,,0.0,0.0,0.0,69.66666666666666,42.10013922936849,optimal
2021-02-07 18:30:00,8,120,0.0,0.6966666666666667,0.0,0.5244666666666667,13.23,6.0,8,20.09707604667216,,0.0,0.0,0.0,627.0,41.80823380438108,optimal
2021-02-07 19:00:00,8,120,0.0,0.0,0.0,0.3933999999999999,11.382,6.0,8,20.07344323770169,,0.0,0.0,0.0,0.0,41.51662028481866,optimal
2021-02-07 19:30:00,8,120,0.0,0.4644444444444444,0.0,0.3148999999999999,11.7495,6.0,8,20.0490078119442,,0.0,0.0,0.0,418.0,41.22529837877581,optimal
2021-02-07 20:00:00,8,120,0.0,0.387037037037037,0.0,0.3711,24.3285,6.0,8,20.02501756926549,,0.0,0.0,0.0,348.3333333333333,40.934267794639,optimal
2021-02-07 20:30:00,8,120,0.0,0.0,0.0,0.4749333333333332,28.917,6.0,8,20.0,,0.0,0.0,0.0,0.0,40.64352824108632,optimal
2021-02-07 21:00:00,8,120,0.0,0.0774074074074074,0.0,0.6398333333333334,31.3635,6.0,8,19.975836786277977,,0.0,0.0,0.0,69.66666666666666,40.3530794270872,optimal
2021-02-07 21:30:00,8,120,0.0,0.0,0.0,1.937266666666667,33.306,6.0,8,19.953331893251427,,0.0,0.0,0.0,0.0,40.06292106190208,optimal
2021-02-07 22:00:00,8,120,0.0,0.2322222222222222,0.0,0.366,31.3425,6.0,8,19.933767523006885,,0.0,0.0,0.0,209.0,39.77305285508214,optimal
2021-02-07 22:30:00,8,120,0.0,0.0,0.0,0.5126333333333333,28.2555,6.0,8,19.90643776885214,,0.0,0.0,0.0,0.0,39.73327980222706,optimal
2021-02-07 23:00:00,8,120,0.0,0.2322222222222222,0.0,0.4793,15.6975,6.0,8,19.88333018334991,,0.0,0.0,0.0,209.0,39.69354652242483,optimal
2021-02-07 23:30:00,8,120,0.0,0.0,0.0,0.1778666666666666,12.5475,6.0,8,19.859854210418707,,0.0,0.0,0.0,0.0,39.65385297590241,optimal
2021-02-08 00:00:00,8,120,1.1428571428571428,0.0,5.0,0.059,7.938,6.0,-11,19.859854210418707,,4000.0,0.0,0.0,0.0,41.98919912292651,optimal
2021-02-08 00:30:00,8,120,1.1428571428571428,0.0,3.845973348420468,0.059,11.907,6.0,-11,19.87500549433088,,4000.0,0.0,0.0,0.0,43.7740472643033,optimal
2021-02-08 01:00:00,8,120,1.1428571428571428,0.0,5.0,0.1703333333333333,11.025,6.0,-11,19.890126739870265,,4000.0,0.0,0.0,0.0,46.10527321703899,optimal
2021-02-08 01:30:00,8,120,1.1428571428571428,0.0,5.0,0.059,11.2875,6.0,-11,19.906574307469377,,4000.0,0.0,0.0,0.0,48.434167943821954,optimal
2021-02-08 02:00:00,8,120,1.1428571428571428,0.0,0.0,0.059,12.936,6.0,-11,19.921533837709188,,4000.0,0.0,0.0,0.0,48.38573377587813,optimal
2021-02-08 02:30:00,8,120,1.1428571428571428,0.0,0.0,0.1258,13.0095,6.0,-11,19.93636458159685,,4000.0,0.0,0.0,0.0,48.33734804210225,optimal
2021-02-08 03:00:00,8,120,1.1428571428571428,0.0,0.0,0.1035333333333333,13.671,6.0,-11,19.952078831273283,,4000.0,0.0,0.0,0.0,48.28901069406015,optimal
2021-02-08 03:30:00,8,120,1.1428571428571428,0.0,0.0,0.059,13.188,6.0,-11,19.967589794429063,,4000.0,0.0,0.0,0.0,48.24072168336608,optimal
2021-02-08 04:00:00,8,120,1.1428571428571428,0.0,0.0,0.1647666666666666,13.8495,6.0,-11,19.98242835763046,,4000.0,0.0,0.0,0.0,48.19248096168271,optimal
2021-02-08 04:30:00,8,120,1.1428571428571428,0.0,0.0,0.0645666666666666,13.23,6.0,-11,19.998426860140047,,4000.0,0.0,0.0,0.0,48.144288480721016,optimal
2021-02-08 05:00:00,8,120,1.1428571428571428,0.0,0.0,0.059,13.3665,6.0,-11,20.012974717534984,,4000.0,0.0,0.0,0.0,48.096144192240295,optimal
2021-02-08 05:30:00,8,120,1.1428571428571428,0.0,0.0,0.059,13.0515,6.0,-11,20.02722766155803,,4000.0,0.0,0.0,0.0,48.048048048048045,optimal
2021-02-08 06:00:00,8,120,1.1428571428571428,0.387037037037037,0.0,1.403166666666667,13.5345,6.0,-11,20.04135322008052,,4000.0,0.0,0.0,348.3333333333333,48.0,optimal
2021-02-08 06:30:00,8,120,1.1428571428571428,0.2322222222222222,0.0,1.1182333333333332,14.154,6.0,-11,20.06151550524824,,4000.0,0.0,0.0,209.0,47.78290378826992,optimal
2021-02-08 07:00:00,8,120,1.1428571428571428,0.6966666666666667,0.0,0.9720333333333332,14.112,6.0,-11,20.078672589991324,,4000.0,0.0,0.0,627.0,47.56602467275157,optimal
2021-02-08 07:30:00,8,120,1.1428571428571428,0.5418518518518518,0.0,0.1201666666666666,14.2485,6.0,-11,20.096494150211367,,4000.0,0.0,0.0,487.6666666666667,47.34936243634874,optimal
2021-02-08 08:00:00,8,120,1.1428571428571428,0.4644444444444444,0.0,2.287833333333333,12.789,6.0,-11,20.11473235195578,,4000.0,0.0,0.0,418.0,47.13291686218231,optimal
2021-02-08 08:30:00,8,120,1.1428571428571428,0.0,0.0,0.0868333333333333,13.0095,6.0,-11,20.13685946418188,,4000.0,0.0,0.0,0.0,46.91668773359005,optimal
2021-02-08 09:00:00,8,120,1.1428571428571428,0.0,0.0,0.1202333333333333,12.1275,6.0,-11,20.14796998130064,,4000.0,0.0,0.0,0.0,46.70067483412638,optimal
2021-02-08 09:30:00,8,120,1.1428571428571428,0.0,0.0,0.1090999999999999,12.348,6.0,-11,20.160882802777643,,4000.0,0.0,0.0,0.0,46.484877947562175,optimal
2021-02-08 10:00:00,8,120,1.1428571428571428,0.0,0.0,0.059,12.348,6.0,-11,20.173931778115605,,4000.0,0.0,0.0,0.0,46.26929685788453,optimal
2021-02-08 10:30:00,8,120,0.0,0.0,0.0,0.1202333333333333,25.389,6.0,-11,20.18919473440613,,0.0,0.0,0.0,0.0,46.05393134929657,optimal
2021-02-08 11:00:00,8,120,0.0,0.0,0.0,0.1090999999999999,29.1375,6.0,-11,20.15614663906291,,0.0,0.0,0.0,0.0,45.83878120621719,optimal
2021-02-08 11:30:00,8,120,0.0,0.0,0.0,0.0736666666666666,30.597,6.0,-11,20.125736246812195,,0.0,0.0,0.0,0.0,45.6238462132809,optimal
2021-02-08 12:00:00,8,120,0.0,0.387037037037037,0.0,0.103,33.684,6.0,-11,20.0957496751517,,0.0,0.0,0.0,348.3333333333333,45.40912615533754,optimal
2021-02-08 12:30:00,8,120,0.0,0.0,0.0,0.1317333333333333,32.445,6.0,-11,20.06850913306578,,0.0,0.0,0.0,0.0,45.194620817452126,optimal
2021-02-08 13:00:00,8,120,0.0,0.3096296296296296,0.0,0.1174333333333333,28.917,6.0,-11,20.042442740827028,,0.0,0.0,0.0,278.66666666666663,44.98032998490459,optimal
2021-02-08 13:30:00,8,120,0.1630733393074345,0.0,0.0,2.177333333333333,15.876,6.0,-11,20.016083545513126,,570.756687576021,0.0,0.0,0.0,44.76625344318961,optimal
2021-02-08 14:00:00,8,120,0.5408364583858644,0.6192592592592592,0.0,0.2588,12.348,6.0,-11,20.0,,1892.9276043505247,0.0,0.0,557.3333333333333,44.55239097801634,optimal
2021-02-08 14:30:00,8,120,1.1428571428571428,0.0,0.0,0.1909333333333333,12.1275,6.0,-11,20.0,,4000.0,0.0,0.0,0.0,44.33874237530824,optimal
2021-02-08 15:00:00,8,120,0.0846880252171617,0.0,0.0,0.068,12.348,6.0,-11,20.02464400273509,,296.408088260066,0.0,0.0,0.0,44.125307421202855,optimal
2021-02-08 15:30:00,8,120,0.6450062186871414,0.0,0.0,0.1348,12.1275,6.0,-11,20.0,,2257.5217654049948,0.0,0.0,0.0,43.91208590205157,optimal
2021-02-08 16:00:00,8,120,0.5133763824732914,0.5418518518518518,0.0,1.8314,12.1275,6.0,-11,20.0,,1796.81733865652,0.0,0.0,487.6666666666667,43.69907760441944,optimal
2021-02-08 16:30:00,8,120,0.1649547927098917,0.0,0.0,6.4461,11.2665,6.0,-11,20.0,,577.341774484621,0.0,0.0,0.0,43.48628231508494,optimal
2021-02-08 17:00:00,8,120,1.1428571428571428,0.387037037037037,0.0,2.8315,10.143,6.0,-11,20.0,,4000.0,0.0,0.0,348.3333333333333,43.27369982103978,optimal
2021-02-08 17:30:00,8,120,0.0,0.1548148148148148,0.0,0.1796666666666666,11.2455,6.0,-11,20.034712432519896,,0.0,0.0,0.0,139.33333333333331,43.061329909488656,optimal
2021-02-08 18:00:00,8,120,0.5791404014158549,0.4644444444444444,0.0,0.2027,11.025,6.0,-11,20.00496462810034,,2026.991404955492,0.0,0.0,418.0,42.849172367849086,optimal
2021-02-08 18:30:00,8,120,1.1428571428571428,0.3096296296296296,0.0,1.5154333333333334,5.9745,6.0,-11,20.0,,4000.0,0.0,0.0,278.66666666666663,42.63722698375116,optimal
2021-02-08 19:00:00,8,120,0.6122745370632326,0.1548148148148148,0.0,0.3186666666666667,7.938,6.0,-11,20.02982246202803,,2142.960879721314,0.0,0.0,139.33333333333331,42.42549354503733,optimal
2021-02-08 19:30:00,8,120,0.0,2.786666666666666,0.0,0.3969333333333333,8.6835,6.0,-11,20.0280506412684,,0.0,0.0,0.0,2508.0,42.21397183976221,optimal
2021-02-08 20:00:00,8,120,0.6469156555227785,0.0,0.0,2.194033333333333,7.665,6.0,-11,20.0,,2264.204794329725,0.0,0.0,0.0,42.002661656192366,optimal
2021-02-08 20:30:00,8,120,0.0,0.1548148148148148,0.0,0.8518,6.7725,6.0,-11,20.0,,0.0,0.0,0.0,139.33333333333331,41.791562782806096,optimal
2021-02-08 21:00:00,8,120,0.0,0.0,0.0,0.9430666666666668,5.5755,6.0,-11,19.97428430553232,,0.0,0.0,0.0,0.0,41.74977122002329,optimal
2021-02-08 21:30:00,8,120,0.0,1.8577777777777773,0.0,1.1790999999999998,5.0925,6.0,-11,19.94951571825943,,0.0,0.0,0.0,1672.0,41.70802144880327,optimal
2021-02-08 22:00:00,8,120,0.0,0.1548148148148148,0.0,1.625733333333333,4.1895,6.0,-11,19.922179929058988,,0.0,0.0,0.0,139.33333333333331,41.66631342735446,optimal
2021-02-08 22:30:00,8,120,0.0,0.3096296296296296,0.0,1.9660333333333333,7.056,6.0,-11,19.89334944448396,,0.0,0.0,0.0,278.66666666666663,41.624647113927104,optimal
2021-02-08 23:00:00,8,120,0.0,0.0,0.0,2.763833333333333,5.271,6.0,-11,19.86630507243888,,0.0,0.0,0.0,0.0,41.583022466813176,optimal
2021-02-08 23:30:00,8,120,0.0,0.0,0.0,0.7110666666666667,7.938,6.0,-11,19.84113545157381,,0.0,0.0,0.0,0.0,41.541439444346366,optimal
2021-02-09 00:00:00,8,120,1.1428571428571428,0.0,0.0,0.064,13.9755,6.0,-14,19.84113545157381,,4000.0,0.0,0.0,0.0,41.49989800490202,optimal
2021-02-09 00:30:00,8,120,1.1428571428571428,0.0,0.0,0.2099333333333333,14.994,6.0,-14,19.854600451743003,,4000.0,0.0,0.0,0.0,41.45839810689712,optimal
2021-02-09 01:00:00,8,120,1.1428571428571428,0.0,5.0,0.0925333333333333,13.671,6.0,-14,19.869915694801293,,4000.0,0.0,0.0,0.0,43.791939708790224,optimal
2021-02-09 01:30:00,8,120,1.1428571428571428,0.0,0.0,0.2216,15.981,6.0,-14,19.88386949547541,,4000.0,0.0,0.0,0.0,43.74814776908144,optimal
2021-02-09 02:00:00,8,120,1.1428571428571428,0.0,0.0,0.1966666666666666,15.6345,6.0,-14,19.89916971000921,,4000.0,0.0,0.0,0.0,43.70439962131236,optimal
2021-02-09 02:30:00,8,120,1.1428571428571428,0.0,0.0,0.1774333333333333,16.5375,6.0,-14,19.913937588195264,,4000.0,0.0,0.0,0.0,43.66069522169104,optimal
2021-02-09 03:00:00,8,120,1.1428571428571428,0.0,0.0,0.1367,14.7735,6.0,-14,19.92854100920943,,4000.0,0.0,0.0,0.0,43.61703452646936,optimal
2021-02-09 03:30:00,8,120,1.1428571428571428,0.0,0.0,0.1966666666666666,15.2145,6.0,-14,19.942718378718965,,4000.0,0.0,0.0,0.0,43.57341749194288,optimal
2021-02-09 04:00:00,8,120,1.1428571428571428,0.0,0.0,0.1237666666666666,14.553,6.0,-14,19.95779643150404,,4000.0,0.0,0.0,0.0,43.52984407445094,optimal
2021-02-09 04:30:00,8,120,1.1428571428571428,0.0,0.0,0.1129,14.3325,6.0,-14,19.972154754566343,,4000.0,0.0,0.0,0.0,43.48631423037649,optimal
2021-02-09 05:00:00,8,120,1.1428571428571428,0.0,0.0,0.2455999999999999,14.595,6.0,-14,19.986153973601365,,4000.0,0.0,0.0,0.0,43.44282791614612,optimal
2021-02-09 05:30:00,8,120,1.1428571428571428,0.0,0.0,0.0925333333333333,14.994,6.0,-14,20.001543778965058,,4000.0,0.0,0.0,0.0,43.39938508822997,optimal
2021-02-09 06:00:00,8,120,1.1428571428571428,0.0,0.0,0.064,14.3325,6.0,-14,20.015038362401864,,4000.0,0.0,0.0,0.0,43.35598570314174,optimal
2021-02-09 06:30:00,8,120,1.1428571428571428,0.0,0.0555367640261669,0.2124666666666666,13.8915,6.0,-14,20.02815858911857,,4000.0,0.0,0.0,0.0,43.33900968035103,optimal
2021-02-09 07:00:00,8,120,1.1428571428571428,0.0,5.0,0.2406666666666666,13.8915,6.0,-14,20.04296234790946,,4000.0,0.0,0.0,0.0,45.670670670670674,optimal
2021-02-09 07:30:00,8,120,1.1428571428571428,0.2322222222222222,5.0,0.1358666666666666,13.4715,6.0,-14,20.05839131014269,,4000.0,0.0,0.0,209.0,48.0,optimal
2021-02-09 08:00:00,8,120,1.1428571428571428,0.0774074074074074,0.0,0.1754333333333333,13.23,6.0,-14,20.075313604456824,,4000.0,0.0,0.0,69.66666666666666,47.82947454966887,optimal
2021-02-09 08:30:00,8,120,1.1428571428571428,0.0,0.0,0.2068666666666666,13.8915,6.0,-14,20.09043321055716,,4000.0,0.0,0.0,0.0,47.65911962478807,optimal
2021-02-09 09:00:00,8,120,0.0,0.0,0.0,0.2435,26.9325,6.0,-14,20.10180939204791,,0.0,0.0,0.0,0.0,47.48893505483215,optimal
2021-02-09 09:30:00,8,120,0.0,0.0,0.0,0.0706666666666666,30.303,6.0,-14,20.06685763648155,,0.0,0.0,0.0,0.0,47.318920669446186,optimal
2021-02-09 10:00:00,8,120,0.0,0.0,0.0,0.3212666666666666,32.886,6.0,-14,20.030383213216428,,0.0,0.0,0.0,0.0,47.14907629844561,optimal
2021-02-09 10:30:00,8,120,0.0,2.87474606878811,0.0,0.0889666666666666,34.9965,6.0,-14,20.00055343810176,,0.0,2587.271461909299,0.0,0.0,46.97940177181603,optimal
2021-02-09 11:00:00,8,120,0.0,2.5349255060535456,0.0,0.1793,33.327,6.0,-14,20.0,,0.0,2281.432955448191,0.0,0.0,46.80989691971308,optimal
2021-02-09 11:30:00,8,120,0.0,2.6177732458701355,0.0,0.0965999999999999,31.122,6.0,-14,20.0,,0.0,2355.995921283122,0.0,0.0,46.64056157246224,optimal
2021-02-09 12:00:00,8,120,0.48799214718877,0.0774074074074074,0.0,1.4440666666666666,17.9025,6.0,-14,20.0,,1707.9725151606951,0.0,0.0,69.66666666666666,46.47139556055865,optimal
2021-02-09 12:30:00,8,120,0.5089493950454788,0.1548148148148148,0.0,0.5203333333333334,15.6555,6.0,-14,20.0,,1781.3228826591755,0.0,0.0,139.33333333333331,46.30239871466696,optimal
2021-02-09 13:00:00,8,120,0.5463194054271782,0.4644444444444444,0.0,0.2512333333333333,14.553,6.0,-14,20.0,,1912.1179189951235,0.0,0.0,418.0,46.13357086562116,optimal
2021-02-09 13:30:00,8,120,0.5163337961410488,0.0,0.0,0.3528666666666666,14.3325,6.0,-14,20.0,,1807.1682864936704,0.0,0.0,0.0,45.96491184442441,optimal
2021-02-09 14:00:00,8,120,0.5315823493668561,0.0,0.0,0.3460333333333333,13.335,6.0,-14,20.0,,1860.538222783996,0.0,0.0,0.0,45.79642148224885,optimal
2021-02-09 14:30:00,8,120,0.7493880020729168,0.0,0.0,0.9703333333333334,12.1275,6.0,-14,20.0,,2622.858007255209,0.0,0.0,0.0,45.62809961043547,optimal
2021-02-09 15:00:00,8,120,0.0,0.0,0.0,1.1870333333333334,12.2955,6.0,-14,20.016742633883585,,0.0,0.0,0.0,0.0,45.45994606049391,optimal
2021-02-09 15:30:00,8,120,0.371559440750857,0.0,0.0,1.8580666666666663,11.6865,6.0,-14,20.0,,1300.4580426279997,0.0,0.0,0.0,45.29196066410228,optimal
2021-02-09 16:00:00,8,120,0.6397838720485307,0.1548148148148148,0.0,0.1513333333333333,11.466,6.0,-14,20.0,,2239.2435521698576,0.0,0.0,139.33333333333331,45.12414325310704,optimal
2021-02-09 16:30:00,8,120,1.1428571428571428,0.1548148148148148,0.0,0.6417666666666666,10.8045,6.0,-14,20.0,,4000.0,0.0,0.0,139.33333333333331,44.956493659522806,optimal
2021-02-09 17:00:00,8,120,1.1428571428571428,0.1548148148148148,0.0,1.7245666666666666,10.584,6.0,-14,20.02858557251342,,4000.0,0.0,0.0,139.33333333333331,44.78901171553216,optimal
2021-02-09 17:30:00,8,120,0.8179639424434272,0.0774074074074074,0.0,0.8462333333333334,11.2455,6.0,-14,20.05922852996713,,2862.873798551995,0.0,0.0,69.66666666666666,44.62169725348549,optimal
2021-02-09 18:00:00,8,120,0.0,0.0774074074074074,0.0,0.2761,12.1275,6.0,-14,20.073466657221346,,0.0,0.0,0.0,69.66666666666666,44.45455010590088,optimal
2021-02-09 18:30:00,8,120,0.0,0.387037037037037,0.0,0.385,11.823,6.0,-14,20.04734708958095,,0.0,0.0,0.0,348.3333333333333,44.410095555794975,optimal
2021-02-09 19:00:00,8,120,0.0,2.4770370370370367,0.0,0.5464,11.7705,6.0,-14,20.02508673904744,,0.0,0.0,0.0,2229.333333333333,44.36568546023918,optimal
2021-02-09 19:30:00,8,120,1.015331171509267,0.0774074074074074,0.0,0.4075,11.13,6.0,-14,20.0,,3553.659100282435,0.0,0.0,69.66666666666666,44.321319774778935,optimal
2021-02-09 20:00:00,8,120,0.0,0.1548148148148148,0.0,0.8171333333333334,11.6865,6.0,-14,20.0181281955004,,0.0,0.0,0.0,139.33333333333331,44.27699845500416,optimal
2021-02-09 20:30:00,8,120,0.0,0.0,0.0,0.4152333333333333,10.7205,6.0,-14,20.0,,0.0,0.0,0.0,0.0,44.23272145654915,optimal
2021-02-09 21:00:00,8,120,0.0,0.0,0.0,0.5355666666666667,11.424,6.0,-14,19.977390035669533,,0.0,0.0,0.0,0.0,44.1884887350926,optimal
2021-02-09 21:30:00,8,120,0.0,0.0,0.0,0.5119,10.689,6.0,-14,19.954604306432586,,0.0,0.0,0.0,0.0,44.1443002463575,optimal
2021-02-09 22:00:00,8,120,0.0,0.387037037037037,0.0,0.5274333333333333,11.361,6.0,-14,19.92985307828601,,0.0,0.0,0.0,348.3333333333333,44.10015594611114,optimal
2021-02-09 22:30:00,8,120,0.0,6.347407407407407,0.0,0.6702666666666667,11.571,6.0,-14,19.905709098063955,,0.0,0.0,0.0,5712.666666666666,44.05605579016503,optimal
2021-02-09 23:00:00,8,120,0.0,0.2322222222222222,0.0,0.7504333333333333,14.3745,6.0,-14,19.883348607717306,,0.0,0.0,0.0,209.0,44.01199973437487,optimal
2021-02-09 23:30:00,8,120,0.0,0.4644444444444444,0.0,0.49,13.23,6.0,-14,19.86420761825689,,0.0,0.0,0.0,418.0,43.967987734640495,optimal
2021-02-10 00:00:00,8,120,1.1428571428571428,0.0,0.0,0.048,18.123,6.0,17,19.86420761825689,,4000.0,0.0,0.0,0.0,43.924019746905856,optimal
2021-02-10 00:30:00,8,120,0.0,0.0,0.0,0.129,31.647,6.0,17,19.87700255401463,,0.0,0.0,0.0,0.0,43.88009572715895,optimal
2021-02-10 01:00:00,8,120,0.0,0.0,0.0,0.043,34.9965,6.0,17,19.84189217532153,,0.0,0.0,0.0,0.0,43.83621563143179,optimal
2021-02-10 01:30:00,8,120,0.0,0.0,0.0,0.0989,34.9965,6.0,17,19.805605467357392,,0.0,0.0,0.0,0.0,43.79237941580036,optimal
2021-02-10 02:00:00,8,120,0.0,0.0,0.0,0.0731,34.9965,6.0,17,19.769873436773224,,0.0,0.0,0.0,0.0,43.74858703638456,optimal
2021-02-10 02:30:00,8,120,0.0,0.0,0.0,0.043,34.9965,6.0,17,19.7336996864444,,0.0,0.0,0.0,0.0,43.70483844934818,optimal
2021-02-10 03:00:00,8,120,0.0,0.0,0.0,0.129,34.9965,6.0,17,19.69723096431832,,0.0,0.0,0.0,0.0,43.66113361089883,optimal
2021-02-10 03:30:00,8,120,0.0,0.0,0.0,0.043,27.741,6.0,17,19.66188222524407,,0.0,0.0,0.0,0.0,43.61747247728793,optimal
2021-02-10 04:00:00,8,120,1.1428571428571428,0.0,0.0,0.129,19.026,6.0,17,19.625555885749367,,4000.0,0.0,0.0,0.0,43.573855004810646,optimal
2021-02-10 04:30:00,8,120,1.1428571428571428,0.0,0.0,0.043,18.7215,6.0,17,19.63907861994197,,4000.0,0.0,0.0,0.0,43.53028114980584,optimal
2021-02-10 05:00:00,8,120,1.1428571428571428,0.0,0.0,0.043,17.4195,6.0,17,19.651328606660098,,4000.0,0.0,0.0,0.0,43.48675086865603,optimal
2021-02-10 05:30:00,8,120,1.1428571428571428,0.0,0.0,0.134,16.758,6.0,17,19.663356050723376,,4000.0,0.0,0.0,0.0,43.44326411778737,optimal
2021-02-10 06:00:00,8,120,1.1428571428571428,0.0,0.0,0.053,14.217,6.0,17,19.67620907485433,,4000.0,0.0,0.0,0.0,43.39982085366958,optimal
2021-02-10 06:30:00,8,120,1.1428571428571428,0.0,0.0,0.053,13.3665,6.0,17,19.687790679253123,,4000.0,0.0,0.0,0.0,43.35642103281591,optimal
2021-02-10 07:00:00,8,120,1.1428571428571428,0.0,4.963381176605439,0.1313333333333333,12.789,6.0,17,19.69974583496543,,4000.0,0.0,0.0,0.0,45.670670670670674,optimal
2021-02-10 07:30:00,8,120,1.1428571428571428,24.94878615942882,5.0,0.042,11.907,6.0,17,19.713121482920027,,4000.0,22244.907543485937,0.0,209.0,48.0,optimal
2021-02-10 08:00:00,8,120,1.1428571428571428,3.3285185185185178,0.0,0.0640666666666666,11.7075,6.0,17,20.0,,4000.0,0.0,0.0,2995.666666666666,47.81355163231765,optimal
2021-02-10 08:30:00,8,120,1.1428571428571428,0.0,0.0,0.3054666666666666,10.8045,6.0,17,20.01709492641026,,4000.0,0.0,0.0,0.0,47.62728971300298,optimal
2021-02-10 09:00:00,8,120,1.1428571428571428,0.0,0.0,0.134,11.508,6.0,17,20.03171804843517,,4000.0,0.0,0.0,0.0,47.44121405560762,optimal
2021-02-10 09:30:00,8,120,1.1428571428571428,0.0,0.0,0.0426666666666666,11.508,6.0,17,20.04389919618788,,4000.0,0.0,0.0,0.0,47.25532447386966,optimal
2021-02-10 10:00:00,8,120,1.1428571428571428,0.0,0.0,0.3009,11.508,6.0,17,20.055997899141147,,4000.0,0.0,0.0,0.0,47.069620781713446,optimal
2021-02-10 10:30:00,8,120,1.1428571428571428,0.0,0.0,0.1068333333333333,11.844,6.0,17,20.07584639660077,,4000.0,0.0,0.0,0.0,46.88410279324938,optimal
2021-02-10 11:00:00,8,120,1.1428571428571428,0.0,0.0,0.043,11.508,6.0,17,20.09347909976388,,4000.0,0.0,0.0,0.0,46.69877032277378,optimal
2021-02-10 11:30:00,8,120,1.1428571428571428,0.0,0.0,0.134,11.508,6.0,17,20.111015833454807,,4000.0,0.0,0.0,0.0,46.513623184768655,optimal
2021-02-10 12:00:00,8,120,1.1428571428571428,0.0,0.0,0.053,10.4475,6.0,17,20.12976373727269,,4000.0,0.0,0.0,0.0,46.32866119390154,optimal
2021-02-10 12:30:00,8,120,1.1428571428571428,0.0,0.0,0.053,10.8675,6.0,17,20.150339419062075,,4000.0,0.0,0.0,0.0,46.14388416502528,optimal
2021-02-10 13:00:00,8,120,1.1428571428571428,0.0,0.0,0.053,10.542,6.0,17,20.1708743082689,,4000.0,0.0,0.0,0.0,45.95929191317791,optimal
2021-02-10 13:30:00,8,120,1.1428571428571428,0.0,0.0,0.0536,11.025,6.0,17,20.190916090416867,,4000.0,0.0,0.0,0.0,45.77488425358238,optimal
2021-02-10 14:00:00,8,120,1.1428571428571428,0.0,0.0,0.1204,11.025,6.0,17,20.21141941919592,,4000.0,0.0,0.0,0.0,45.590661001646446,optimal
2021-02-10 14:30:00,8,120,0.0,0.387037037037037,0.0,0.1391,14.553,6.0,17,20.232761303133845,,0.0,0.0,0.0,348.3333333333333,45.40662197296245,optimal
2021-02-10 15:00:00,8,120,0.3256237981975521,0.0,0.0,0.256,13.0935,6.0,17,20.20971511569937,,1139.6832936914325,0.0,0.0,0.0,45.22276698330713,optimal
2021-02-10 15:30:00,8,120,0.0,0.2322222222222222,0.0,0.3132333333333333,15.6345,6.0,17,20.202573575423443,,0.0,0.0,0.0,209.0,45.03909584864147,optimal
2021-02-10 16:00:00,8,120,0.0,0.0,0.0,0.309,18.102,6.0,17,20.1824984164204,,0.0,0.0,0.0,0.0,44.85560838511048,optimal
2021-02-10 16:30:00,8,120,0.0,0.3096296296296296,0.0,0.4066666666666667,17.199,6.0,17,20.159431579853766,,0.0,0.0,0.0,278.66666666666663,44.672304409043015,optimal
2021-02-10 17:00:00,8,120,0.0,0.387037037037037,0.0,0.4802666666666667,18.2805,6.0,17,20.138271756446898,,0.0,0.0,0.0,348.3333333333333,44.48918373695162,optimal
2021-02-10 17:30:00,8,120,0.0,0.3096296296296296,0.0,1.8513333333333333,17.4615,6.0,17,20.11631405875772,,0.0,0.0,0.0,278.66666666666663,44.30624618553232,optimal
2021-02-10 18:00:00,8,120,0.0,0.0,0.0,2.3046,18.3225,6.0,17,20.10880093024775,,0.0,0.0,0.0,0.0,44.12349157166444,optimal
2021-02-10 18:30:00,8,120,0.0,1.7803703703703702,0.0,0.436,17.094,6.0,17,20.10113446394679,,0.0,0.0,0.0,1602.3333333333333,43.94091971241042,optimal
2021-02-10 19:00:00,8,120,0.0,0.2322222222222222,0.0,0.4156666666666667,17.094,6.0,17,20.07517715998841,,0.0,0.0,0.0,209.0,43.75853042501566,optimal
2021-02-10 19:30:00,8,120,0.0,0.387037037037037,0.0,0.3355333333333333,17.094,6.0,17,20.05022118011033,,0.0,0.0,0.0,348.3333333333333,43.57632352690829,optimal
2021-02-10 20:00:00,8,120,0.0,0.1548148148148148,0.0,0.4233333333333333,17.3565,6.0,17,20.02512927999004,,0.0,0.0,0.0,139.33333333333331,43.39429883569903,optimal
2021-02-10 20:30:00,8,120,0.0,0.0,0.0,0.4246666666666667,17.115,6.0,17,20.0,,0.0,0.0,0.0,0.0,43.21245616918098,optimal
2021-02-10 21:00:00,8,120,0.0,0.0,0.0,0.292,17.241,6.0,17,19.97381433853716,,0.0,0.0,0.0,0.0,43.03079534532945,optimal
2021-02-10 21:30:00,8,120,0.0,0.2322222222222222,0.0,0.292,17.094,6.0,17,19.94544021378953,,0.0,0.0,0.0,209.0,42.98776454998412,optimal
2021-02-10 22:00:00,8,120,0.0,0.0,0.0,0.139,16.5165,6.0,17,19.914648831549243,,0.0,0.0,0.0,0.0,42.94477678543414,optimal
2021-02-10 22:30:00,8,120,0.0,0.0,0.0,0.053,17.8185,6.0,17,19.872128334157416,,0.0,0.0,0.0,0.0,42.901832008648704,optimal
2021-02-10 23:00:00,8,120,0.0,0.0,0.0,0.139,17.094,6.0,17,19.828148814091488,,0.0,0.0,0.0,0.0,42.85893017664006,optimal
2021-02-10 23:30:00,8,120,0.0,0.0,0.0,0.053,16.8945,6.0,17,19.7848085269911,,0.0,0.0,0.0,0.0,42.816071246463416,optimal
2021-02-11 00:00:00,8,120,1.1428571428571428,0.0,0.0,0.1482,11.2455,6.0,2,19.7848085269911,,4000.0,0.0,0.0,0.0,42.77325517521695,optimal
2021-02-11 00:30:00,8,120,1.1428571428571428,0.0,0.0,0.1104,11.2455,6.0,2,19.790894459465424,,4000.0,0.0,0.0,0.0,42.73048192004173,optimal
2021-02-11 01:00:00,8,120,1.1428571428571428,0.0,0.0,0.06,11.025,6.0,2,19.796706089908103,,4000.0,0.0,0.0,0.0,42.687751438121694,optimal
2021-02-11 01:30:00,8,120,1.1428571428571428,0.0,0.0,0.1734,12.0855,6.0,2,19.80209046461548,,4000.0,0.0,0.0,0.0,42.64506368668357,optimal
2021-02-11 02:00:00,8,120,1.1428571428571428,0.0,0.0,0.0852,11.6865,6.0,2,19.80884564218375,,4000.0,0.0,0.0,0.0,42.602418622996886,optimal
2021-02-11 02:30:00,8,120,1.1428571428571428,0.0,0.0,0.1041,11.2245,6.0,2,19.814512944515013,,4000.0,0.0,0.0,0.0,42.55981620437389,optimal
2021-02-11 03:00:00,8,120,1.1428571428571428,0.0,0.0,0.1545,11.025,6.0,2,19.820201001064053,,4000.0,0.0,0.0,0.0,42.51725638816952,optimal
2021-02-11 03:30:00,8,120,1.1428571428571428,0.0,2.414134130529772,0.0663,10.7835,6.0,2,19.82629351449605,,4000.0,0.0,0.0,0.0,43.621452843782976,optimal
2021-02-11 04:00:00,8,120,1.1428571428571428,0.0,0.0,0.1923,11.025,6.0,2,19.83179510717969,,4000.0,0.0,0.0,0.0,43.5778313909392,optimal
2021-02-11 04:30:00,8,120,1.1428571428571428,0.0,5.0,0.06,10.584,6.0,2,19.83931640857225,,4000.0,0.0,0.0,0.0,45.909253559548254,optimal
2021-02-11 05:00:00,8,120,1.1428571428571428,0.0,0.0,0.1986,11.025,6.0,2,19.84521107450273,,4000.0,0.0,0.0,0.0,45.8633443059887,optimal
2021-02-11 05:30:00,8,120,1.1428571428571428,0.0,5.0,0.06,10.4265,6.0,2,19.85278252665908,,4000.0,0.0,0.0,0.0,48.19248096168271,optimal
2021-02-11 06:00:00,8,120,1.1428571428571428,0.0774074074074074,0.0,0.1639666666666666,12.789,6.0,2,19.859146135879296,,4000.0,0.0,0.0,69.66666666666666,48.144288480721016,optimal
2021-02-11 06:30:00,8,120,1.1428571428571428,3.173703703703704,0.0,0.3052666666666666,12.684,6.0,2,19.86765582184162,,4000.0,0.0,0.0,2856.333333333333,48.096144192240295,optimal
2021-02-11 07:00:00,8,120,1.1428571428571428,0.6966666666666667,0.0,1.1503,16.254,6.0,2,19.88114467876777,,4000.0,0.0,0.0,627.0,48.048048048048045,optimal
2021-02-11 07:30:00,8,120,1.1428571428571428,9.066118142168872,0.0,1.1521,17.64,6.0,2,19.89677328288421,,4000.0,7253.839661285319,0.0,905.6666666666664,48.0,optimal
2021-02-11 08:00:00,8,120,1.1428571428571428,0.6966666666666667,0.0,0.1459666666666666,19.1625,6.0,2,20.0,,4000.0,0.0,0.0,627.0,47.73992629724184,optimal
2021-02-11 08:30:00,8,120,0.0,3.08258398967351,0.0,0.1393,26.46,6.0,2,20.009619895308106,,0.0,2774.325590706159,0.0,0.0,47.48011266818645,optimal
2021-02-11 09:00:00,8,120,1.1428571428571428,0.0,0.0,0.0917,20.79,6.0,2,20.0,,4000.0,0.0,0.0,0.0,47.22055885276011,optimal
2021-02-11 09:30:00,8,120,0.0,2.698319774943023,0.0,0.0777333333333333,29.106,6.0,2,20.010782458919657,,0.0,2080.154464115388,0.0,348.3333333333333,46.9612645911492,optimal
2021-02-11 10:00:00,8,120,1.1428571428571428,0.0,0.0,0.1834,19.1835,6.0,2,20.0,,4000.0,0.0,0.0,0.0,46.70222962379989,optimal
2021-02-11 10:30:00,8,120,0.3603213257849793,0.0,0.0,0.0952,19.6665,6.0,2,20.017832647214533,,1261.1246402474276,0.0,0.0,0.0,46.44345369141794,optimal
2021-02-11 11:00:00,8,120,0.7306880938743491,0.0,0.0,0.1267,19.404,6.0,2,20.0,,2557.408328560222,0.0,0.0,0.0,46.18493653496837,optimal
2021-02-11 11:30:00,8,120,1.1428571428571428,0.0,0.0,0.1519,19.047,6.0,2,20.0,,4000.0,0.0,0.0,0.0,45.92667789567525,optimal
2021-02-11 12:00:00,8,120,1.1428571428571428,0.0,0.0,0.07,18.858,6.0,2,20.019368064076893,,4000.0,0.0,0.0,0.0,45.668677515021415,optimal
2021-02-11 12:30:00,8,120,0.5220980756050752,0.0,0.0,0.196,19.2675,6.0,2,20.041351952874816,,1827.343264617763,0.0,0.0,0.0,45.41093513474824,optimal
2021-02-11 13:00:00,8,120,1.1428571428571428,0.0,0.0,0.1051,18.963,6.0,2,20.039647848267748,,4000.0,0.0,0.0,0.0,45.153450496855335,optimal
2021-02-11 13:30:00,8,120,1.1428571428571428,0.0,0.0,0.1015,18.438,6.0,2,20.06396546766792,,4000.0,0.0,0.0,0.0,44.896223343600326,optimal
2021-02-11 14:00:00,8,120,1.1428571428571428,0.0,0.0,0.1771,18.7425,6.0,2,20.087792340891248,,4000.0,0.0,0.0,0.0,44.63925341749857,optimal
2021-02-11 14:30:00,8,120,1.1428571428571428,0.0,0.0,0.07,15.2145,6.0,2,20.112949728903573,,4000.0,0.0,0.0,0.0,44.38254046132292,optimal
2021-02-11 15:00:00,8,120,1.1428571428571428,0.3096296296296296,0.0,1.0051333333333332,17.7765,6.0,2,20.136058614851382,,4000.0,0.0,0.0,278.66666666666663,44.12608421810344,optimal
2021-02-11 15:30:00,8,120,1.1428571428571428,0.0,0.0,1.5135999999999998,16.758,6.0,2,20.16515019928023,,4000.0,0.0,0.0,0.0,43.86988443112718,optimal
2021-02-11 16:00:00,8,120,1.1428571428571428,0.1548148148148148,0.0,0.7138,16.422,6.0,2,20.192750752162475,,4000.0,0.0,0.0,139.33333333333331,43.613940843937904,optimal
2021-02-11 16:30:00,8,120,1.1428571428571428,0.0774074074074074,0.0,0.4301,16.758,6.0,2,20.21139112337562,,4000.0,0.0,0.0,69.66666666666666,43.35825320033581,optimal
2021-02-11 17:00:00,8,120,0.0,0.774074074074074,0.0,0.2971,29.358,6.0,2,20.22985817848232,,0.0,0.0,0.0,696.6666666666666,43.10282124437732,optimal
2021-02-11 17:30:00,8,120,0.0,8.514814814814814,0.0,1.3765999999999998,34.9965,6.0,2,20.195112622194653,,0.0,0.0,0.0,7663.333333333333,42.84764472037479,optimal
2021-02-11 18:00:00,8,120,0.0,0.8514814814814814,0.0,0.7477666666666667,34.65,6.0,2,20.17447325949661,,0.0,0.0,0.0,766.3333333333333,42.59272337289626,optimal
2021-02-11 18:30:00,8,120,0.0,0.0,0.0,1.559,34.9965,6.0,2,20.144642446348325,,0.0,0.0,0.0,0.0,42.33805694676521,optimal
2021-02-11 19:00:00,8,120,0.0,0.0,0.0,0.8291000000000001,34.9965,6.0,2,20.1106787136404,,0.0,0.0,0.0,0.0,42.08364518706029,optimal
2021-02-11 19:30:00,8,120,0.0,0.0,0.0,1.6543,30.4815,6.0,2,20.073387630117825,,0.0,0.0,0.0,0.0,41.82948783911507,optimal
2021-02-11 20:00:00,8,120,0.0,0.6966666666666667,0.0,1.3943,21.4305,6.0,2,20.03790257365665,,0.0,0.0,0.0,627.0,41.5755846485178,optimal
2021-02-11 20:30:00,8,120,0.0,3.0188888888888883,0.0,0.3556,14.3325,6.0,2,20.0,,0.0,0.0,0.0,2716.9999999999995,41.32193536111112,optimal
2021-02-11 21:00:00,8,120,0.0,0.0,0.0,0.3043333333333333,13.692,6.0,2,19.958219815232344,,0.0,0.0,0.0,0.0,41.06853972299186,optimal
2021-02-11 21:30:00,8,120,0.0,0.0774074074074074,0.0,0.6183,14.007,6.0,2,19.91596947409433,,0.0,0.0,0.0,69.66666666666666,40.81539748051071,optimal
2021-02-11 22:00:00,8,120,0.0,0.5418518518518518,0.0,0.6577333333333334,12.873,6.0,2,19.8784402184184,,0.0,0.0,0.0,487.6666666666667,40.56250838027205,optimal
2021-02-11 22:30:00,8,120,0.0,0.2322222222222222,0.0,0.4260666666666666,12.684,6.0,2,19.84106730414424,,0.0,0.0,0.0,209.0,40.30987216913363,optimal
2021-02-11 23:00:00,8,120,0.0,0.0,0.0,0.3877666666666666,12.306,6.0,2,19.799732338770493,,0.0,0.0,0.0,0.0,40.05748859420634,optimal
2021-02-11 23:30:00,8,120,0.0,0.0,0.0,0.2423333333333333,10.6365,6.0,2,19.755426292411155,,0.0,0.0,0.0,0.0,40.01743110561213,optimal
2021-02-12 00:00:00,8,120,1.1428571428571428,0.0,5.0,0.062,11.067,6.0,-10,19.755426292411155,,4000.0,0.0,0.0,0.0,42.35241367450652,optimal
2021-02-12 00:30:00,8,120,1.1428571428571428,0.0,5.0,0.062,10.8465,6.0,-10,19.754190776681696,,4000.0,0.0,0.0,0.0,44.685061260832015,optimal
2021-02-12 01:00:00,8,120,1.1428571428571428,0.0,0.0,0.1406,13.671,6.0,-10,19.75295771043984,,4000.0,0.0,0.0,0.0,44.64037619957119,optimal
2021-02-12 01:30:00,8,120,1.1428571428571428,0.0,3.424340830156026,0.062,12.348,6.0,-10,19.752684621007155,,4000.0,0.0,0.0,0.0,46.22229771769573,optimal
2021-02-12 02:00:00,8,120,1.1428571428571428,0.0,0.0,0.062,14.3325,6.0,-10,19.751652797099737,,4000.0,0.0,0.0,0.0,46.17607541997803,optimal
2021-02-12 02:30:00,8,120,1.1428571428571428,0.0,0.0,0.062,15.393,6.0,-10,19.75082127513421,,4000.0,0.0,0.0,0.0,46.12989934455804,optimal
2021-02-12 03:00:00,8,120,1.1428571428571428,0.0,0.0,0.1362333333333333,13.587,6.0,-10,19.750586170571665,,4000.0,0.0,0.0,0.0,46.08376944521348,optimal
2021-02-12 03:30:00,8,120,1.1428571428571428,0.0,0.0,0.0663666666666666,16.1385,6.0,-10,19.75185063692283,,4000.0,0.0,0.0,0.0,46.037685675768266,optimal
2021-02-12 04:00:00,8,120,1.1428571428571428,0.0,0.0,0.062,14.595,6.0,-10,19.75364925067928,,4000.0,0.0,0.0,0.0,45.99164799009249,optimal
2021-02-12 04:30:00,8,120,1.1428571428571428,0.0,0.0,0.1406,14.637,6.0,-10,19.756778896341743,,4000.0,0.0,0.0,0.0,45.9456563421024,optimal
2021-02-12 05:00:00,8,120,1.1428571428571428,0.0,0.0,0.0613333333333333,13.9125,6.0,-10,19.76224766346573,,4000.0,0.0,0.0,0.0,45.89971068576028,optimal
2021-02-12 05:30:00,8,120,1.1428571428571428,0.0,0.0,0.1406,13.3665,6.0,-10,19.76842213530613,,4000.0,0.0,0.0,0.0,45.85381097507452,optimal
2021-02-12 06:00:00,8,120,1.1428571428571428,0.0,0.0,0.062,13.0095,6.0,-10,19.776841663269,,4000.0,0.0,0.0,0.0,45.80795716409944,optimal
2021-02-12 06:30:00,8,120,1.1428571428571428,0.0,0.0,0.1406,13.8915,6.0,-10,19.78587301709966,,4000.0,0.0,0.0,0.0,45.76214920693534,optimal
2021-02-12 07:00:00,8,120,1.1428571428571428,0.0,0.0,0.0794666666666666,13.188,6.0,-10,19.79604225416761,,4000.0,0.0,0.0,0.0,45.7163870577284,optimal
2021-02-12 07:30:00,8,120,1.1428571428571428,16.96662806750789,0.0,0.1231333333333333,12.5685,6.0,-10,19.80564483912052,,4000.0,15269.965260757104,0.0,0.0,45.670670670670674,optimal
2021-02-12 08:00:00,8,120,1.1428571428571428,0.2322222222222222,5.0,0.0624,12.285,6.0,-10,20.0,,4000.0,0.0,0.0,209.0,48.0,optimal
2021-02-12 08:30:00,8,120,1.1428571428571428,0.0,0.0,0.1406,11.487,6.0,-10,20.00965048736527,,4000.0,0.0,0.0,0.0,47.75187132983264,optimal
2021-02-12 09:00:00,8,120,1.1428571428571428,0.2322222222222222,0.0,0.0898666666666666,11.802,6.0,-10,20.0126361934618,,4000.0,0.0,0.0,209.0,47.50399078833545,optimal
2021-02-12 09:30:00,8,120,1.1428571428571428,1.548148148148148,0.0,0.3163,11.2245,6.0,-10,20.018862749814023,,4000.0,0.0,0.0,1393.3333333333333,47.25635812737976,optimal
2021-02-12 10:00:00,8,120,1.1428571428571428,0.0,0.0,0.1716,11.025,6.0,-10,20.03353958273101,,4000.0,0.0,0.0,0.0,47.00897309908502,optimal
2021-02-12 10:30:00,8,120,1.1428571428571428,0.0,0.0,0.06,11.907,6.0,-10,20.05460806554865,,4000.0,0.0,0.0,0.0,46.76183545581858,optimal
2021-02-12 11:00:00,8,120,0.0,0.0774074074074074,0.0,0.0606666666666666,25.83,6.0,-10,20.07714534393547,,0.0,0.0,0.0,69.66666666666666,46.5149449501954,optimal
2021-02-12 11:30:00,8,120,0.0,0.0,0.0,0.1100333333333333,28.035,6.0,-10,20.051432976787915,,0.0,0.0,0.0,0.0,46.26830133507784,optimal
2021-02-12 12:00:00,8,120,0.0,0.2942988061784882,0.0,0.0925666666666666,28.119,6.0,-10,20.023615356357723,,0.0,264.8689255606393,0.0,0.0,46.02190436357541,optimal
2021-02-12 12:30:00,8,120,0.0,2.769013915692704,0.0,0.0831666666666666,30.156,6.0,-10,20.0,,0.0,2143.7791907901,0.0,348.3333333333333,45.77575378904447,optimal
2021-02-12 13:00:00,8,120,0.0,2.1573487451119058,0.0,0.1343666666666666,29.1585,6.0,-10,20.0,,0.0,1941.613870600716,0.0,0.0,45.52984936508807,optimal
2021-02-12 13:30:00,8,120,0.0,2.204690302515665,0.0,0.1329666666666666,26.712,6.0,-10,20.0,,0.0,1984.2212722640988,0.0,0.0,45.28419084555562,optimal
2021-02-12 14:00:00,8,120,0.6510500281776216,0.0,0.0,0.1076333333333333,15.435,6.0,-10,20.0,,2278.675098621676,0.0,0.0,0.0,45.03877798454271,optimal
2021-02-12 14:30:00,8,120,0.6669283334147318,0.0,0.0,0.062,13.566,6.0,-10,20.0,,2334.249166951561,0.0,0.0,0.0,44.7936105363908,optimal
2021-02-12 15:00:00,8,120,0.8869934768005947,0.0,0.0,0.1489333333333333,12.789,6.0,-10,20.0,,3104.477168802081,0.0,0.0,0.0,44.548688255687054,optimal
2021-02-12 15:30:00,8,120,1.1428571428571428,0.1548148148148148,0.0,0.0873333333333333,12.1275,6.0,-10,20.00888221358549,,4000.0,0.0,0.0,139.33333333333331,44.30401089726401,optimal
2021-02-12 16:00:00,8,120,0.0,0.0774074074074074,0.0,0.2095999999999999,13.671,6.0,-10,20.028282657010266,,0.0,0.0,0.0,69.66666666666666,44.05957821619938,optimal
2021-02-12 16:30:00,8,120,1.1428571428571428,0.1548148148148148,0.0,0.0862,10.668,6.0,-10,20.0,,4000.0,0.0,0.0,139.33333333333331,43.81538996781583,optimal
2021-02-12 17:00:00,8,120,0.2689536525882451,0.3096296296296296,0.0,0.2156999999999999,11.7285,6.0,-10,20.018813232616505,,941.337784058858,0.0,0.0,278.66666666666663,43.57144590768065,optimal
2021-02-12 17:30:00,8,120,0.645748606134797,0.0,0.0,0.2646,11.025,6.0,-10,20.0,,2260.1201214717894,0.0,0.0,0.0,43.32774579160561,optimal
2021-02-12 18:00:00,8,120,0.8959252479205704,1.006296296296296,0.0,0.4453,10.689,6.0,-10,20.0,,3135.7383677219964,0.0,0.0,905.6666666666664,43.08428937564664,optimal
2021-02-12 18:30:00,8,120,1.1428571428571428,0.0774074074074074,0.0,0.5032,8.1585,6.0,-10,20.00890054054929,,4000.0,0.0,0.0,69.66666666666666,42.84107641610363,optimal
2021-02-12 19:00:00,8,120,1.1428571428571428,0.387037037037037,0.0,0.4895,10.3635,6.0,-10,20.029763039055773,,4000.0,0.0,0.0,348.3333333333333,42.79823533968753,optimal
2021-02-12 19:30:00,8,120,0.0,0.0,0.0,0.5133666666666666,10.8045,6.0,-10,20.0517877467738,,0.0,0.0,0.0,0.0,42.75543710434784,optimal
2021-02-12 20:00:00,8,120,0.0,0.3096296296296296,0.0,0.4122,11.025,6.0,-10,20.02679805032089,,0.0,0.0,0.0,278.66666666666663,42.71268166724349,optimal
2021-02-12 20:30:00,8,120,0.0,0.0774074074074074,0.0,0.5144333333333333,10.3635,6.0,-10,20.0,,0.0,0.0,0.0,69.66666666666666,42.66996898557625,optimal
2021-02-12 21:00:00,8,120,0.0,0.0,0.0,0.4254666666666666,10.8045,6.0,-10,19.974948288952927,,0.0,0.0,0.0,0.0,42.62729901659067,optimal
2021-02-12 21:30:00,8,120,0.0,0.0,0.0,0.4880333333333334,10.059,6.0,-10,19.94684123603229,,0.0,0.0,0.0,0.0,42.58467171757408,optimal
2021-02-12 22:00:00,8,120,0.0,0.0,0.0,0.2663999999999999,10.584,6.0,-10,19.92075171553378,,0.0,0.0,0.0,0.0,42.5420870458565,optimal
2021-02-12 22:30:00,8,120,0.0,0.5418518518518518,0.0,0.4661333333333333,9.4185,6.0,-10,19.892982853261564,,0.0,0.0,0.0,487.6666666666667,42.49954495881064,optimal
2021-02-12 23:00:00,8,120,0.0,0.1548148148148148,0.0,0.3658,10.3635,6.0,-10,19.86693558905819,,0.0,0.0,0.0,139.33333333333331,42.45704541385183,optimal
2021-02-12 23:30:00,8,120,0.0,0.0,0.0,0.1933333333333332,9.8385,6.0,-10,19.84088473857082,,0.0,0.0,0.0,0.0,42.414588368437975,optimal
2021-02-13 00:00:00,8,120,0.0127560944108321,0.0,0.0,0.046,14.595,6.0,10,19.84088473857082,,44.6463304379126,0.0,0.0,0.0,42.37217378006954,optimal
2021-02-13 00:30:00,8,120,1.1428571428571428,0.0,0.0,0.046,12.4845,6.0,10,19.80417578985617,,4000.0,0.0,0.0,0.0,42.32980160628947,optimal
2021-02-13 01:00:00,8,120,1.1428571428571428,0.0,0.0,0.046,12.1275,6.0,10,19.815824223079645,,4000.0,0.0,0.0,0.0,42.28747180468318,optimal
2021-02-13 01:30:00,8,120,1.1428571428571428,0.0,0.0,0.0753333333333333,12.1275,6.0,10,19.82754869069509,,4000.0,0.0,0.0,0.0,42.245184332878495,optimal
2021-02-13 02:00:00,8,120,1.1428571428571428,0.0,0.0,0.0826666666666666,12.789,6.0,10,19.839706390694268,,4000.0,0.0,0.0,0.0,42.20293914854562,optimal
2021-02-13 02:30:00,8,120,1.1428571428571428,0.0,0.0,0.046,11.907,6.0,10,19.8520284526157,,4000.0,0.0,0.0,0.0,42.16073620939707,optimal
2021-02-13 03:00:00,8,120,1.1428571428571428,0.0,0.0,0.1953333333333332,11.025,6.0,10,19.86387939935638,,4000.0,0.0,0.0,0.0,42.11857547318768,optimal
2021-02-13 03:30:00,8,120,1.1428571428571428,0.0,3.3445345332541807,0.046,8.2005,6.0,10,19.877526080772448,,4000.0,0.0,0.0,0.0,43.665110801010215,optimal
2021-02-13 04:00:00,8,120,1.1428571428571428,0.0,0.0,0.187,9.5655,6.0,10,19.889227348719423,,4000.0,0.0,0.0,0.0,43.6214456902092,optimal
2021-02-13 04:30:00,8,120,1.1428571428571428,0.0,5.0,0.0543333333333333,7.056,6.0,10,19.902524000419422,,4000.0,0.0,0.0,0.0,45.952824244518986,optimal
2021-02-13 05:00:00,8,120,1.1428571428571428,0.0,0.0,0.112,9.3975,6.0,10,19.913979843517,,4000.0,0.0,0.0,0.0,45.90687142027446,optimal
2021-02-13 05:30:00,8,120,1.1428571428571428,0.0,0.0,0.1293333333333333,10.059,6.0,10,19.92591723352561,,4000.0,0.0,0.0,0.0,45.86096454885418,optimal
2021-02-13 06:00:00,8,120,1.1428571428571428,0.0,0.0,0.112,9.261,6.0,10,19.93784386123796,,4000.0,0.0,0.0,0.0,45.81510358430533,optimal
2021-02-13 06:30:00,8,120,1.1428571428571428,0.0,5.0,0.1293333333333333,8.1585,6.0,10,19.94933742675904,,4000.0,0.0,0.0,0.0,48.144288480721016,optimal
2021-02-13 07:00:00,8,120,1.1428571428571428,4.721851851851852,0.0,2.6053,9.4815,6.0,10,19.960920238036884,,4000.0,0.0,0.0,4249.666666666667,48.096144192240295,optimal
2021-02-13 07:30:00,8,120,1.1428571428571428,2.39962962962963,0.0,3.282633333333333,8.379,6.0,10,19.977330602966525,,4000.0,0.0,0.0,2159.6666666666665,48.048048048048045,optimal
2021-02-13 08:00:00,8,120,1.1428571428571428,4.025185185185184,0.0,0.3334333333333333,9.5235,6.0,10,20.0,,4000.0,0.0,0.0,3622.666666666666,48.0,optimal
2021-02-13 08:30:00,8,120,1.1428571428571428,0.5418518518518518,0.0,2.0687333333333333,8.1375,6.0,10,20.01726061495215,,4000.0,0.0,0.0,487.6666666666667,47.87133094695496,optimal
2021-02-13 09:00:00,8,120,1.1428571428571428,0.5418518518518518,0.0,0.6324,10.0905,6.0,10,20.03666111570767,,4000.0,0.0,0.0,487.6666666666667,47.74279056296297,optimal
2021-02-13 09:30:00,8,120,1.1428571428571428,0.0,0.0,0.056,7.539,6.0,10,20.05311790827161,,4000.0,0.0,0.0,0.0,47.614378719354974,optimal
2021-02-13 10:00:00,8,120,1.1428571428571428,0.0,0.0,0.122,7.938,6.0,10,20.0626482303846,,4000.0,0.0,0.0,0.0,47.48609528759059,optimal
2021-02-13 10:30:00,8,120,1.1428571428571428,0.0,0.0,0.1268333333333333,8.274,6.0,10,20.07643221713301,,4000.0,0.0,0.0,0.0,47.35794013925796,optimal
2021-02-13 11:00:00,8,120,1.1428571428571428,0.0,0.0,0.1345,9.261,6.0,10,20.09034688572989,,4000.0,0.0,0.0,0.0,47.22991314607367,optimal
2021-02-13 11:30:00,8,120,1.1428571428571428,0.0,0.0,0.056,9.9225,6.0,10,20.107916400716345,,4000.0,0.0,0.0,0.0,47.10201417988256,optimal
2021-02-13 12:00:00,8,120,1.1428571428571428,0.3096296296296296,0.0,1.3533,9.702,6.0,10,20.124593897234448,,4000.0,0.0,0.0,278.66666666666663,46.97424311265764,optimal
2021-02-13 12:30:00,8,120,1.1428571428571428,0.0,0.0,1.7997333333333332,10.584,6.0,10,20.15307694483502,,4000.0,0.0,0.0,0.0,46.846599816499946,optimal
2021-02-13 13:00:00,8,120,1.1428571428571428,0.0,0.0,0.9035333333333332,10.143,6.0,10,20.18136099854144,,4000.0,0.0,0.0,0.0,46.71908416363841,optimal
2021-02-13 13:30:00,8,120,0.0,0.0,0.0,2.152233333333333,13.0095,6.0,10,20.207381795104403,,0.0,0.0,0.0,0.0,46.59169602642974,optimal
2021-02-13 14:00:00,8,120,1.1428571428571428,0.1548148148148148,0.0,0.264,11.025,6.0,10,20.1904649413763,,4000.0,0.0,0.0,139.33333333333331,46.46443527735827,optimal
2021-02-13 14:30:00,8,120,0.0,0.0,0.0,0.1446666666666666,12.789,6.0,10,20.214566029740613,,0.0,0.0,0.0,0.0,46.33730178903588,optimal
2021-02-13 15:00:00,8,120,0.4873621859001391,0.0,0.0,0.1166666666666666,12.1275,6.0,10,20.183923953876228,,1705.767650650487,0.0,0.0,0.0,46.21029543420181,optimal
2021-02-13 15:30:00,8,120,0.0,0.0,0.0,0.067,12.1695,6.0,10,20.17178267667553,,0.0,0.0,0.0,0.0,46.08341608572257,optimal
2021-02-13 16:00:00,8,120,0.0,0.0,0.0,0.3034666666666666,12.306,6.0,10,20.13808191066357,,0.0,0.0,0.0,0.0,45.95666361659181,optimal
2021-02-13 16:30:00,8,120,0.0,0.0,0.0,0.3869333333333333,13.23,6.0,10,20.10691408063963,,0.0,0.0,0.0,0.0,45.83003789993018,optimal
2021-02-13 17:00:00,8,120,0.0,0.3096296296296296,0.0,0.5308333333333334,13.671,6.0,10,20.08260741463246,,0.0,0.0,0.0,278.66666666666663,45.703538808985215,optimal
2021-02-13 17:30:00,8,120,0.0,0.5418518518518518,0.0,0.4709333333333332,13.9335,6.0,10,20.05890155021998,,0.0,0.0,0.0,487.6666666666667,45.57716621713119,optimal
2021-02-13 18:00:00,8,120,0.0,0.0,0.0,0.2504,13.293,6.0,10,20.031516015210368,,0.0,0.0,0.0,0.0,45.45091999786903,optimal
2021-02-13 18:30:00,8,120,0.6806282390888064,0.0,0.0,0.2267333333333333,12.1065,6.0,10,20.0,,2382.1988368108227,0.0,0.0,0.0,45.324800024826125,optimal
2021-02-13 19:00:00,8,120,0.6918959631359938,0.0,0.0,0.3711,11.571,6.0,10,20.0,,2421.635870975978,0.0,0.0,0.0,45.19880617175626,optimal
2021-02-13 19:30:00,8,120,0.6611266493255072,0.2322222222222222,0.0,1.5051333333333334,11.025,6.0,10,20.0,,2313.943272639276,0.0,0.0,209.0,45.07293831253947,optimal
2021-02-13 20:00:00,8,120,0.628119240276923,0.3096296296296296,0.0,1.3799333333333337,10.8465,6.0,10,20.0,,2198.4173409692307,0.0,0.0,278.66666666666663,44.9471963211819,optimal
2021-02-13 20:30:00,8,120,0.0,0.0,0.0,0.2862,11.2455,6.0,10,20.0,,0.0,0.0,0.0,0.0,44.90224912486072,optimal
2021-02-13 21:00:00,8,120,0.0,0.1548148148148148,0.0,0.3951333333333333,23.8665,6.0,10,19.97344146834984,,0.0,0.0,0.0,139.33333333333331,44.85734687573586,optimal
2021-02-13 21:30:00,8,120,0.0,0.0,0.0,0.332,27.4575,6.0,10,19.94694290006412,,0.0,0.0,0.0,0.0,44.81248952886012,optimal
2021-02-13 22:00:00,8,120,0.0,0.2322222222222222,0.0,2.8824,27.3735,6.0,10,19.920552454471707,,0.0,0.0,0.0,209.0,44.76767703933126,optimal
2021-02-13 22:30:00,8,120,0.0,0.0,0.0,0.4381666666666667,30.4605,6.0,10,19.89995988365696,,0.0,0.0,0.0,0.0,44.72290936229193,optimal
2021-02-13 23:00:00,8,120,0.0,0.5418518518518518,0.0,0.3920333333333333,30.0195,6.0,10,19.870466750140785,,0.0,0.0,0.0,487.6666666666667,44.67818645292964,optimal
2021-02-13 23:30:00,8,120,0.0,0.0,0.0,0.3560333333333333,26.9325,6.0,10,19.839641316181886,,0.0,0.0,0.0,0.0,44.63350826647671,optimal
2021-02-07 00:00:00,9,120,0.5442140062598009,2.150377777777778,1.629037447242273,0.188,5.5125,6.0,-15,21.0,,1904.7490219093029,0.0,0.0,1935.34,48.72579278744007,optimal
2021-02-07 00:30:00,9,120,0.0,2.958511111111111,0.0,0.3403333333333333,9.261,6.0,-15,20.9922238533577,,0.0,0.0,0.0,2662.66,48.67706699465263,optimal
2021-02-07 01:00:00,9,120,0.0,0.0,0.0,0.1819333333333333,11.7075,6.0,-15,20.96426045626613,,0.0,0.0,0.0,0.0,48.62838992765797,optimal
2021-02-07 01:30:00,9,120,0.0,0.0,0.0,0.1326999999999999,12.348,6.0,-15,20.93244593680193,,0.0,0.0,0.0,0.0,48.57976153773031,optimal
2021-02-07 02:00:00,9,120,0.0,0.0,0.0,0.2622333333333333,12.348,6.0,-15,20.8999955861144,,0.0,0.0,0.0,0.0,48.53118177619257,optimal
2021-02-07 02:30:00,9,120,0.0,0.0,0.0,0.067,12.1275,6.0,-15,20.86908846167023,,0.0,0.0,0.0,0.0,48.48265059441637,optimal
2021-02-07 03:00:00,9,120,0.0,0.0,0.0,0.2203,12.5265,6.0,-15,20.8356659567805,,0.0,0.0,0.0,0.0,48.434167943821954,optimal
2021-02-07 03:30:00,9,120,0.0,0.0,0.0,0.1746333333333333,11.7495,6.0,-15,20.80397901103864,,0.0,0.0,0.0,0.0,48.38573377587813,optimal
2021-02-07 04:00:00,9,120,0.0,0.0,0.0,0.067,13.23,6.0,-15,20.77169943150805,,0.0,0.0,0.0,0.0,48.33734804210225,optimal
2021-02-07 04:30:00,9,120,0.0,0.0,0.0,0.067,14.3325,6.0,-15,20.73807349392036,,0.0,0.0,0.0,0.0,48.28901069406015,optimal
2021-02-07 05:00:00,9,120,0.0,0.0,0.0,0.1673333333333333,14.994,6.0,-15,20.704514221867694,,0.0,0.0,0.0,0.0,48.24072168336608,optimal
2021-02-07 05:30:00,9,120,0.0,0.0,0.0,0.1619,14.8155,6.0,-15,20.672243778285484,,0.0,0.0,0.0,0.0,48.19248096168271,optimal
2021-02-07 06:00:00,9,120,0.0,0.0,0.0,0.1326999999999999,14.112,6.0,-15,20.63997112215469,,0.0,0.0,0.0,0.0,48.144288480721016,optimal
2021-02-07 06:30:00,9,120,0.0,0.0,0.0,0.1673333333333333,14.007,6.0,-15,20.607406724171085,,0.0,0.0,0.0,0.0,48.096144192240295,optimal
2021-02-07 07:00:00,9,120,0.0,5.882962962962964,0.0,0.1749,13.23,6.0,-15,20.5752296741643,,0.0,0.0,0.0,5294.666666666667,48.048048048048045,optimal
2021-02-07 07:30:00,9,120,0.0,0.774074074074074,0.0,2.764866666666667,11.382,6.0,-15,20.54541388081451,,0.0,0.0,0.0,696.6666666666666,48.0,optimal
2021-02-07 08:00:00,9,120,0.0,0.5418518518518518,0.0,0.4372666666666666,11.7495,6.0,-15,20.527053686593906,,0.0,0.0,0.0,487.6666666666667,47.55597188797634,optimal
2021-02-07 08:30:00,9,120,0.0,4.412222222222222,0.0,0.3155,24.3285,6.0,-15,20.50199255608188,,0.0,0.0,0.0,3971.0,47.11238780406471,optimal
2021-02-07 09:00:00,9,120,0.0,0.3096296296296296,0.0,0.6647333333333334,28.917,6.0,-15,20.474934350873475,,0.0,0.0,0.0,278.66666666666663,46.66924730423699,optimal
2021-02-07 09:30:00,9,120,0.0,0.2322222222222222,0.0,0.4131,31.3635,6.0,-15,20.45090493612165,,0.0,0.0,0.0,209.0,46.226549944909095,optimal
2021-02-07 10:00:00,9,120,0.0,0.2322222222222222,0.0,0.0725,33.306,6.0,-15,20.42255486164465,,0.0,0.0,0.0,209.0,45.784295282940526,optimal
2021-02-07 10:30:00,9,120,0.0,0.3096296296296296,0.0,0.3116,31.3425,6.0,-15,20.393743969449176,,0.0,0.0,0.0,278.66666666666663,45.34248287563393,optimal
2021-02-07 11:00:00,9,120,0.0,0.0,0.0,0.2256,28.2555,6.0,-15,20.36682696020112,,0.0,0.0,0.0,0.0,44.90111228073464,optimal
2021-02-07 11:30:00,9,120,0.0,0.4644444444444444,0.0,0.081,15.6975,6.0,-15,20.340183304021306,,0.0,0.0,0.0,418.0,44.460183056430246,optimal
2021-02-07 12:00:00,9,120,0.0,0.0,0.0,0.1712,12.5475,6.0,-15,20.310409630356965,,0.0,0.0,0.0,0.0,44.01969476135016,optimal
2021-02-07 12:30:00,9,120,0.0,0.0,0.0,0.081,12.0855,6.0,-15,20.28272584233423,,0.0,0.0,0.0,0.0,43.57964695456515,optimal
2021-02-07 13:00:00,9,120,0.0,0.6192592592592592,0.0,0.2927333333333333,11.907,6.0,-15,20.25355140588377,,0.0,0.0,0.0,557.3333333333333,43.14003919558693,optimal
2021-02-07 13:30:00,9,120,0.0,0.0,0.0,1.6709666666666667,12.5685,6.0,-15,20.22788240350014,,0.0,0.0,0.0,0.0,42.70087104436769,optimal
2021-02-07 14:00:00,9,120,0.0,0.1548148148148148,0.0,0.3527,13.146,6.0,-15,20.207246590130502,,0.0,0.0,0.0,139.33333333333331,42.26214206129966,optimal
2021-02-07 14:30:00,9,120,0.0,0.0,0.0,0.5142333333333333,10.584,6.0,-15,20.185754254011368,,0.0,0.0,0.0,0.0,41.82385180721471,optimal
2021-02-07 15:00:00,9,120,0.0,0.0,0.0,0.2056,6.678,6.0,-15,20.163357111443656,,0.0,0.0,0.0,0.0,41.38599984338384,optimal
2021-02-07 15:30:00,9,120,0.0,0.387037037037037,0.0,1.9877,7.938,6.0,-15,20.13322747251806,,0.0,0.0,0.0,348.3333333333333,40.94858573151679,optimal
2021-02-07 16:00:00,9,120,1.1428571428571428,0.0774074074074074,0.0,2.672333333333333,5.292,6.0,-15,20.11236541576343,,4000.0,0.0,0.0,69.66666666666666,40.511609033761616,optimal
2021-02-07 16:30:00,9,120,0.0,0.5418518518518518,0.0,2.251333333333333,9.261,6.0,-15,20.13940134576184,,0.0,0.0,0.0,487.6666666666667,40.075069312704194,optimal
2021-02-07 17:00:00,9,120,0.0,1.1611111111111108,0.0,0.2324333333333333,10.3635,6.0,-15,20.11918331278724,,0.0,0.0,0.0,1044.9999999999998,39.63896613136783,optimal
2021-02-07 17:30:00,9,120,0.0,0.0,0.0,0.7025,8.274,6.0,-15,20.09256310875501,,0.0,0.0,0.0,0.0,39.2032990532128,optimal
2021-02-07 18:00:00,9,120,0.0,0.2322222222222222,0.0,0.214,7.7175,6.0,-15,20.07138645799932,,0.0,0.0,0.0,209.0,38.76806764213593,optimal
2021-02-07 18:30:00,9,120,0.0,0.387037037037037,0.0,0.5652,6.615,6.0,-15,20.044489719575733,,0.0,0.0,0.0,348.3333333333333,38.33327146247014,optimal
2021-02-07 19:00:00,9,120,0.0,0.2322222222222222,0.0,0.3851666666666667,6.174,6.0,-15,20.02394868294237,,0.0,0.0,0.0,209.0,37.89891007898401,optimal
2021-02-07 19:30:00,9,120,0.5703965250601993,0.4644444444444444,0.0,0.3713999999999999,3.906,6.0,-15,20.0,,1996.3878377106976,0.0,0.0,418.0,37.464983056881366,optimal
2021-02-07 20:00:00,9,120,0.5023489060125738,0.2322222222222222,0.0,0.5109,2.3415,6.0,-15,20.0,,1758.221171044008,0.0,0.0,209.0,37.03148996180083,optimal
2021-02-07 20:30:00,9,120,0.0,0.0,0.0,0.3618,2.205,6.0,-15,20.0,,0.0,0.0,0.0,0.0,36.598430359815374,optimal
2021-02-07 21:00:00,9,120,0.0,0.0774074074074074,0.0,0.3263666666666667,0.882,6.0,-15,19.97650316045263,,0.0,0.0,0.0,69.66666666666666,36.1658038174319,optimal
2021-02-07 21:30:00,9,120,0.0,0.0,0.0,0.7576333333333334,1.5435,6.0,-15,19.95326763001605,,0.0,0.0,0.0,0.0,35.73360990159081,optimal
2021-02-07 22:00:00,9,120,0.0,0.2740222222222222,0.0,0.1856666666666666,1.5435,6.0,-15,19.933576528376584,,0.0,0.0,0.0,246.62,35.30184817966556,optimal
2021-02-07 22:30:00,9,120,0.0,0.1904222222222222,0.0,0.3118333333333333,5.0715,6.0,-15,19.907999379915207,,0.0,0.0,0.0,171.38000000000002,35.2665463314859,optimal
2021-02-07 23:00:00,9,120,0.0,0.3096296296296296,0.0,0.5806333333333333,5.376,6.0,-15,19.88616175328836,,0.0,0.0,0.0,278.66666666666663,35.23127978515441,optimal
2021-02-07 23:30:00,9,120,0.0,0.0,0.0,0.2015,5.0715,6.0,-15,19.86830231799217,,0.0,0.0,0.0,0.0,35.19604850536926,optimal
2021-02-08 00:00:00,9,120,0.0,0.0,0.0,0.059,33.684,6.0,13,19.86830231799217,,0.0,0.0,0.0,0.0,35.16085245686389,optimal
2021-02-08 00:30:00,9,120,0.0,0.0,0.0,0.059,32.445,6.0,13,19.832679119934312,,0.0,0.0,0.0,0.0,35.12569160440703,optimal
2021-02-08 01:00:00,9,120,0.0,0.0,0.0,0.059,28.917,6.0,13,19.797126547105925,,0.0,0.0,0.0,0.0,35.090565912802624,optimal
2021-02-08 01:30:00,9,120,1.1428571428571428,0.0,0.0,0.059,15.876,6.0,13,19.761644459488053,,4000.0,0.0,0.0,0.0,35.05547534688982,optimal
2021-02-08 02:00:00,9,120,1.1428571428571428,0.0,0.0,0.059,12.348,6.0,13,19.774862962114263,,4000.0,0.0,0.0,0.0,35.020419871542934,optimal
2021-02-08 02:30:00,9,120,1.1428571428571428,0.0,0.0,0.059,12.1275,6.0,13,19.78795613008501,,4000.0,0.0,0.0,0.0,34.98539945167139,optimal
2021-02-08 03:00:00,9,120,1.1428571428571428,0.0,0.0,0.059,12.348,6.0,13,19.80112246817028,,4000.0,0.0,0.0,0.0,34.95041405221972,optimal
2021-02-08 03:30:00,9,120,1.1428571428571428,0.0,0.0,0.059,12.1275,6.0,13,19.814361831305703,,4000.0,0.0,0.0,0.0,34.9154636381675,optimal
2021-02-08 04:00:00,9,120,1.1428571428571428,0.0,0.0,0.059,12.1275,6.0,13,19.8274758184284,,4000.0,0.0,0.0,0.0,34.88054817452934,optimal
2021-02-08 04:30:00,9,120,1.1428571428571428,0.0,0.0,0.059,11.2665,6.0,13,19.84046467810419,,4000.0,0.0,0.0,0.0,34.84566762635481,optimal
2021-02-08 05:00:00,9,120,1.1428571428571428,0.0,0.0,0.059,10.143,6.0,13,19.853229530263043,,4000.0,0.0,0.0,0.0,34.810821958728454,optimal
2021-02-08 05:30:00,9,120,1.1428571428571428,0.0,0.0,0.059,11.2455,6.0,13,19.865770819013942,,4000.0,0.0,0.0,0.0,34.776011136769725,optimal
2021-02-08 06:00:00,9,120,1.1428571428571428,0.0,0.0,0.059,11.025,6.0,13,19.87818811572846,,4000.0,0.0,0.0,0.0,34.741235125632954,optimal
2021-02-08 06:30:00,9,120,1.1428571428571428,0.0,5.0,0.0626666666666666,5.9745,6.0,13,19.89048166622861,,4000.0,0.0,0.0,0.0,37.081493890507325,optimal
2021-02-08 07:00:00,9,120,1.1428571428571428,0.0,0.0,0.069,7.938,6.0,13,19.90265171584903,,4000.0,0.0,0.0,0.0,37.04441239661682,optimal
2021-02-08 07:30:00,9,120,1.1428571428571428,6.665413927878361,0.0,0.0653333333333333,8.6835,6.0,13,19.914698509437983,,4000.0,5998.872535090524,0.0,0.0,37.0073679842202,optimal
2021-02-08 08:00:00,9,120,1.1428571428571428,0.0,0.0,0.059,7.665,6.0,13,20.0,,4000.0,0.0,0.0,0.0,36.97036061623598,optimal
2021-02-08 08:30:00,9,120,1.1428571428571428,0.0,4.770985342850204,0.059,6.7725,6.0,13,20.01228262102204,,4000.0,0.0,0.0,0.0,39.19960829347358,optimal
2021-02-08 09:00:00,9,120,1.1428571428571428,0.1548148148148148,5.0,0.0606666666666666,5.5755,6.0,13,20.02434263468966,,4000.0,0.0,0.0,139.33333333333331,41.5354086851801,optimal
2021-02-08 09:30:00,9,120,1.1428571428571428,0.3096296296296296,5.0,0.2712,5.0925,6.0,13,20.04045436730776,,4000.0,0.0,0.0,278.66666666666663,43.86887327649492,optimal
2021-02-08 10:00:00,9,120,1.1428571428571428,0.0774074074074074,5.0,0.2808,4.1895,6.0,13,20.060235288530656,,4000.0,0.0,0.0,69.66666666666666,46.200004403218415,optimal
2021-02-08 10:30:00,9,120,1.1428571428571428,0.1548148148148148,0.0,1.5252,7.056,6.0,13,20.08549210778528,,4000.0,0.0,0.0,139.33333333333331,46.15380439881519,optimal
2021-02-08 11:00:00,9,120,1.1428571428571428,0.0774074074074074,5.0,0.3601999999999999,5.271,6.0,13,20.10848031385156,,4000.0,0.0,0.0,69.66666666666666,48.48265059441637,optimal
2021-02-08 11:30:00,9,120,1.1428571428571428,0.0,0.0,0.372,7.938,6.0,13,20.13242457983113,,4000.0,0.0,0.0,0.0,48.434167943821954,optimal
2021-02-08 12:00:00,9,120,1.1428571428571428,0.2322222222222222,0.0,0.1682,7.938,6.0,13,20.15591489956645,,4000.0,0.0,0.0,209.0,48.38573377587813,optimal
2021-02-08 12:30:00,9,120,1.1428571428571428,0.0,0.0,0.2929,11.907,6.0,13,20.17810659479581,,4000.0,0.0,0.0,0.0,48.33734804210225,optimal
2021-02-08 13:00:00,9,120,1.1428571428571428,0.4644444444444444,0.0,0.1793333333333333,11.025,6.0,13,20.201518107788964,,4000.0,0.0,0.0,418.0,48.28901069406015,optimal
2021-02-08 13:30:00,9,120,1.1428571428571428,0.0,0.0,0.167,11.2875,6.0,13,20.22486098823583,,4000.0,0.0,0.0,0.0,48.24072168336608,optimal
2021-02-08 14:00:00,9,120,0.4351057018714258,0.0,0.0,0.217,12.936,6.0,13,20.24825676318272,,1522.8699565499903,0.0,0.0,0.0,48.19248096168271,optimal
2021-02-08 14:30:00,9,120,0.0,0.0774074074074074,0.0,0.204,13.0095,6.0,13,20.242444659126548,,0.0,0.0,0.0,69.66666666666666,48.144288480721016,optimal
2021-02-08 15:00:00,9,120,0.0,0.0,0.0,0.3085333333333334,13.671,6.0,13,20.219357969712696,,0.0,0.0,0.0,0.0,48.096144192240295,optimal
2021-02-08 15:30:00,9,120,0.0,0.0,0.0,0.1815,13.188,6.0,13,20.19508582115987,,0.0,0.0,0.0,0.0,48.048048048048045,optimal
2021-02-08 16:00:00,9,120,0.0,0.2322222222222222,0.0,0.0743333333333333,13.8495,6.0,13,20.170507494995395,,0.0,0.0,0.0,209.0,48.0,optimal
2021-02-08 16:30:00,9,120,0.0,0.0,0.0,0.0626666666666666,13.23,6.0,13,20.14418584693106,,0.0,0.0,0.0,0.0,45.88652453763147,optimal
2021-02-08 17:00:00,9,120,0.0,0.5418518518518518,0.0,0.1385666666666666,13.3665,6.0,13,20.114549860421803,,0.0,0.0,0.0,487.6666666666667,43.77516255072532,optimal
2021-02-08 17:30:00,9,120,1.1428571428571428,0.3096296296296296,0.0,0.4179333333333332,13.0515,6.0,13,20.08259082270967,,4000.0,0.0,0.0,278.66666666666663,41.66591192580607,optimal
2021-02-08 18:00:00,9,120,0.0,0.2322222222222222,0.0,0.2789666666666666,13.5345,6.0,13,20.102380993079382,,0.0,0.0,0.0,209.0,41.62424601388027,optimal
2021-02-08 18:30:00,9,120,0.0,0.5418518518518518,0.0,0.1299,14.154,6.0,13,20.075370242256344,,0.0,0.0,0.0,487.6666666666667,41.58262176786639,optimal
2021-02-08 19:00:00,9,120,0.0,0.4644444444444444,0.0,0.4211999999999999,14.112,6.0,13,20.047925387222264,,0.0,0.0,0.0,418.0,41.54103914609852,optimal
2021-02-08 19:30:00,9,120,0.0,0.0774074074074074,0.0,0.3226666666666667,14.2485,6.0,13,20.026555502447323,,0.0,0.0,0.0,69.66666666666666,41.49949810695242,optimal
2021-02-08 20:00:00,9,120,0.6075118459989429,0.0,0.0,0.3034666666666666,12.789,6.0,13,20.0,,2126.2914609963004,0.0,0.0,0.0,41.45799860884547,optimal
2021-02-08 20:30:00,9,120,0.0,0.0,0.0,0.2953333333333333,13.0095,6.0,13,20.0,,0.0,0.0,0.0,0.0,41.41654061023662,optimal
2021-02-08 21:00:00,9,120,0.0,0.0,0.0,0.1943333333333332,12.1275,6.0,13,19.976138052093745,,0.0,0.0,0.0,0.0,41.37512406962639,optimal
2021-02-08 21:30:00,9,120,0.0,0.0774074074074074,0.0,0.293,12.348,6.0,13,19.951782425790217,,0.0,0.0,0.0,69.66666666666666,41.33374894555676,optimal
2021-02-08 22:00:00,9,120,0.0,0.0,0.0,0.3412,12.348,6.0,13,19.927915816048063,,0.0,0.0,0.0,0.0,41.29241519661121,optimal
2021-02-08 22:30:00,9,120,0.0,0.0,0.0,0.0676666666666666,25.389,6.0,13,19.89934919945788,,0.0,0.0,0.0,0.0,41.2511227814146,optimal
2021-02-08 23:00:00,9,120,0.0,0.0,0.0,0.0653333333333333,29.1375,6.0,13,19.864224160522408,,0.0,0.0,0.0,0.0,41.20987165863318,optimal
2021-02-08 23:30:00,9,120,0.0,0.0,0.0,0.059,30.597,6.0,13,19.82906963104156,,0.0,0.0,0.0,0.0,41.16866178697455,optimal
2021-02-09 00:00:00,9,120,1.1428571428571428,0.0,0.0,0.057,11.6865,6.0,3,19.82906963104156,,4000.0,0.0,0.0,0.0,41.12749312518758,optimal
2021-02-09 00:30:00,9,120,1.1428571428571428,0.0,0.0,0.057,11.466,6.0,3,19.842483021930413,,4000.0,0.0,0.0,0.0,41.08636563206239,optimal
2021-02-09 01:00:00,9,120,1.1428571428571428,0.0,0.8689817870773416,0.057,10.8045,6.0,3,19.85596894807171,,4000.0,0.0,0.0,0.0,41.45804561529207,optimal
2021-02-09 01:30:00,9,120,1.1428571428571428,0.0,5.0,0.057,10.584,6.0,3,19.86952726565976,,4000.0,0.0,0.0,0.0,43.79158756967677,optimal
2021-02-09 02:00:00,9,120,1.1428571428571428,0.0,0.0,0.057,11.2455,6.0,3,19.88286044674476,,4000.0,0.0,0.0,0.0,43.747795982107085,optimal
2021-02-09 02:30:00,9,120,1.1428571428571428,0.0,0.0,0.057,12.1275,6.0,3,19.895968937673977,,4000.0,0.0,0.0,0.0,43.70404818612497,optimal
2021-02-09 03:00:00,9,120,1.1428571428571428,0.0,0.0,0.057,11.823,6.0,3,19.909150568338983,,4000.0,0.0,0.0,0.0,43.66034413793885,optimal
2021-02-09 03:30:00,9,120,1.1428571428571428,0.0,0.0,0.057,11.7705,6.0,3,19.92240519373565,,4000.0,0.0,0.0,0.0,43.6166837938009,optimal
2021-02-09 04:00:00,9,120,1.1428571428571428,0.0,0.0,0.057,11.13,6.0,3,19.9358317972904,,4000.0,0.0,0.0,0.0,43.5730671100071,optimal
2021-02-09 04:30:00,9,120,1.1428571428571428,0.0,0.0,0.057,11.6865,6.0,3,19.949430038045712,,4000.0,0.0,0.0,0.0,43.52949404289709,optimal
2021-02-09 05:00:00,9,120,1.1428571428571428,0.0,5.0,0.057,10.7205,6.0,3,19.9628030631478,,4000.0,0.0,0.0,0.0,45.86096454885418,optimal
2021-02-09 05:30:00,9,120,1.1428571428571428,0.0,0.0,0.057,11.424,6.0,3,19.97595131910084,,4000.0,0.0,0.0,0.0,45.81510358430533,optimal
2021-02-09 06:00:00,9,120,1.1428571428571428,0.0,5.0,0.057,10.689,6.0,3,19.989073507809927,,4000.0,0.0,0.0,0.0,48.144288480721016,optimal
2021-02-09 06:30:00,9,120,1.1428571428571428,0.0,0.0,0.057,11.361,6.0,3,20.002169680955024,,4000.0,0.0,0.0,0.0,48.096144192240295,optimal
2021-02-09 07:00:00,9,120,1.1428571428571428,0.0,0.0,0.057,11.571,6.0,3,20.01514076197056,,4000.0,0.0,0.0,0.0,48.048048048048045,optimal
2021-02-09 07:30:00,9,120,1.1428571428571428,0.4644444444444444,0.0,0.0563333333333333,14.3745,6.0,3,20.02798699885952,,4000.0,0.0,0.0,418.0,48.0,optimal
2021-02-09 08:00:00,9,120,1.1428571428571428,0.3096296296296296,0.0,1.3515,13.23,6.0,3,20.04267157562084,,4000.0,0.0,0.0,278.66666666666663,47.44666873065988,optimal
2021-02-09 08:30:00,9,120,1.1428571428571428,0.0,0.0,0.3412666666666666,13.9755,6.0,3,20.065966291600297,,4000.0,0.0,0.0,0.0,46.893890792589104,optimal
2021-02-09 09:00:00,9,120,0.715567183536594,0.4644444444444444,0.0,0.8205,14.994,6.0,3,20.08120912970308,,2504.485142378079,0.0,0.0,418.0,46.3416656324564,optimal
2021-02-09 09:30:00,9,120,1.1428571428571428,0.0,0.0,0.057,13.671,6.0,3,20.08289277831728,,4000.0,0.0,0.0,0.0,45.78999269748383,optimal
2021-02-09 10:00:00,9,120,0.0,0.0,0.0,0.057,15.981,6.0,3,20.09504040676544,,0.0,0.0,0.0,0.0,45.23887143544622,optimal
2021-02-09 10:30:00,9,120,0.0,0.0,0.0,0.0573333333333333,15.6345,6.0,3,20.06190528958588,,0.0,0.0,0.0,0.0,44.68830129467066,optimal
2021-02-09 11:00:00,9,120,0.0,0.0,0.0,0.067,16.5375,6.0,3,20.029331505574365,,0.0,0.0,0.0,0.0,44.13828172403587,optimal
2021-02-09 11:30:00,9,120,1.1428571428571428,0.0,0.0,0.059,14.7735,6.0,3,20.0,,4000.0,0.0,0.0,0.0,43.588812172971714,optimal
2021-02-09 12:00:00,9,120,0.0,0.0,0.0,0.8892666666666666,15.2145,6.0,3,20.01955514704032,,0.0,0.0,0.0,0.0,43.03989209145863,optimal
2021-02-09 12:30:00,9,120,1.1428571428571428,0.0,0.0,0.063,14.553,6.0,3,20.001406156862146,,4000.0,0.0,0.0,0.0,42.49152093002705,optimal
2021-02-09 13:00:00,9,120,1.1428571428571428,0.3096296296296296,0.0,0.056,14.3325,6.0,3,20.02469662393,,4000.0,0.0,0.0,278.66666666666663,41.9436981397569,optimal
2021-02-09 13:30:00,9,120,1.1428571428571428,0.0,0.0,1.4193333333333331,14.595,6.0,3,20.048818024148787,,4000.0,0.0,0.0,0.0,41.39642317227703,optimal
2021-02-09 14:00:00,9,120,0.2545717931646575,0.0,0.0,0.0690666666666666,14.994,6.0,3,20.0852895277952,,891.0012760763013,0.0,0.0,0.0,40.84969547976464,optimal
2021-02-09 14:30:00,9,120,1.1428571428571428,0.0,0.0,1.0788,14.3325,6.0,3,20.072053854224464,,4000.0,0.0,0.0,0.0,40.30351451494475,optimal
2021-02-09 15:00:00,9,120,1.1428571428571428,0.0,0.0,0.7736333333333333,13.8915,6.0,3,20.100387044362623,,4000.0,0.0,0.0,0.0,39.75787973108969,optimal
2021-02-09 15:30:00,9,120,1.1428571428571428,0.0,0.0,0.419,13.8915,6.0,3,20.12665004325148,,4000.0,0.0,0.0,0.0,39.21279058201848,optimal
2021-02-09 16:00:00,9,120,1.1428571428571428,0.0774074074074074,0.0,0.1036666666666666,13.4715,6.0,3,20.15126784846217,,4000.0,0.0,0.0,69.66666666666666,38.66824652209634,optimal
2021-02-09 16:30:00,9,120,1.1428571428571428,0.0,0.0,0.067,13.23,6.0,3,20.17190318279421,,4000.0,0.0,0.0,0.0,38.12424700623413,optimal
2021-02-09 17:00:00,9,120,1.1428571428571428,0.0,0.0,0.067,13.8915,6.0,3,20.187062972794493,,4000.0,0.0,0.0,0.0,37.58079148988777,optimal
2021-02-09 17:30:00,9,120,0.0,0.0,0.0,0.067,26.9325,6.0,3,20.19898925358881,,0.0,0.0,0.0,0.0,37.03787942905777,optimal
2021-02-09 18:00:00,9,120,0.0,0.0,0.0,0.067,30.303,6.0,3,20.16196426057761,,0.0,0.0,0.0,0.0,36.49551028028859,optimal
2021-02-09 18:30:00,9,120,0.0,0.0,0.0,0.067,32.886,6.0,3,20.12390962495605,,0.0,0.0,0.0,0.0,35.953683500668184,optimal
2021-02-09 19:00:00,9,120,0.0,0.6192592592592592,0.0,0.2366333333333333,34.9965,6.0,3,20.086029563184844,,0.0,0.0,0.0,557.3333333333333,35.91772981716752,optimal
2021-02-09 19:30:00,9,120,0.0,0.1548148148148148,0.0,0.2064,33.327,6.0,3,20.05675114934404,,0.0,0.0,0.0,139.33333333333331,35.881812087350355,optimal
2021-02-09 20:00:00,9,120,0.0,0.2322222222222222,0.0,0.9703,31.122,6.0,3,20.02669499183799,,0.0,0.0,0.0,209.0,35.845930275263,optimal
2021-02-09 20:30:00,9,120,0.0,0.2322222222222222,0.0,0.6019666666666666,17.9025,6.0,3,20.0,,0.0,0.0,0.0,209.0,35.810084344987736,optimal
2021-02-09 21:00:00,9,120,0.0,0.6966666666666667,0.0,0.2275,15.6555,6.0,3,19.973379608278385,,0.0,0.0,0.0,627.0,35.77427426064275,optimal
2021-02-09 21:30:00,9,120,0.0,0.3096296296296296,0.0,0.4141333333333333,14.553,6.0,3,19.945542908900737,,0.0,0.0,0.0,278.66666666666663,35.7384999863821,optimal
2021-02-09 22:00:00,9,120,0.0,0.6192592592592592,0.0,0.6113,14.3325,6.0,3,19.92039707018701,,0.0,0.0,0.0,557.3333333333333,35.70276148639572,optimal
2021-02-09 22:30:00,9,120,0.0,0.0,0.0,0.6253,13.335,6.0,3,19.89715546305767,,0.0,0.0,0.0,0.0,35.667058724909324,optimal
2021-02-09 23:00:00,9,120,0.0,0.387037037037037,0.0,0.3387,12.1275,6.0,3,19.873763843234265,,0.0,0.0,0.0,348.3333333333333,35.63139166618441,optimal
2021-02-09 23:30:00,9,120,0.0,0.0,0.0,0.1286666666666666,12.2955,6.0,3,19.84607117163189,,0.0,0.0,0.0,0.0,35.59576027451823,optimal
2021-02-10 00:00:00,9,120,1.1428571428571428,0.0,0.0,0.051,18.123,6.0,17,19.84607117163189,,4000.0,0.0,0.0,0.0,35.56016451424371,optimal
2021-02-10 00:30:00,9,120,0.0,0.0,0.0,0.138,31.647,6.0,17,19.858977594563168,,0.0,0.0,0.0,0.0,35.524604349729465,optimal
2021-02-10 01:00:00,9,120,0.0,0.0,0.0,0.066,34.9965,6.0,17,19.82388102326744,,0.0,0.0,0.0,0.0,35.48907974537973,optimal
2021-02-10 01:30:00,9,120,0.0,0.0,0.0,0.1514666666666666,34.9965,6.0,17,19.78777864813185,,0.0,0.0,0.0,0.0,35.45359066563435,optimal
2021-02-10 02:00:00,9,120,0.0,0.0,0.0,0.1122666666666666,34.9965,6.0,17,19.752590776206304,,0.0,0.0,0.0,0.0,35.41813707496872,optimal
2021-02-10 02:30:00,9,120,0.0,0.0,0.0,0.1122666666666666,34.9965,6.0,17,19.716796862308072,,0.0,0.0,0.0,0.0,35.38271893789375,optimal
2021-02-10 03:00:00,9,120,0.0,0.0,0.0,0.2354666666666666,34.9965,6.0,17,19.6810739120942,,0.0,0.0,0.0,0.0,35.34733621895585,optimal
2021-02-10 03:30:00,9,120,0.0,0.0,0.0,0.06,27.741,6.0,17,19.64692264956059,,0.0,0.0,0.0,0.0,35.3119888827369,optimal
2021-02-10 04:00:00,9,120,1.1428571428571428,0.0,0.0,0.2697333333333332,19.026,6.0,17,19.61070149889308,,4000.0,0.0,0.0,0.0,35.27667689385416,optimal
2021-02-10 04:30:00,9,120,1.1428571428571428,0.0,0.0,0.078,18.7215,6.0,17,19.625836575305005,,4000.0,0.0,0.0,0.0,35.24140021696031,optimal
2021-02-10 05:00:00,9,120,1.1428571428571428,0.0,0.0,0.158,17.4195,6.0,17,19.6384076279152,,4000.0,0.0,0.0,0.0,35.20615881674335,optimal
2021-02-10 05:30:00,9,120,1.1428571428571428,0.0,2.440127860820457,0.1657333333333333,16.758,6.0,17,19.651730088795578,,4000.0,0.0,0.0,0.0,36.33001339181632,optimal
2021-02-10 06:00:00,9,120,1.1428571428571428,0.0,5.0,0.084,14.217,6.0,17,19.664922090894635,,4000.0,0.0,0.0,0.0,38.6686833784245,optimal
2021-02-10 06:30:00,9,120,1.1428571428571428,0.0,5.0,0.1841333333333333,13.3665,6.0,17,19.67689397921417,,4000.0,0.0,0.0,0.0,41.00501469504607,optimal
2021-02-10 07:00:00,9,120,1.1428571428571428,0.0,5.0,0.1622666666666666,12.789,6.0,17,19.6904585037202,,4000.0,0.0,0.0,0.0,43.33900968035103,optimal
2021-02-10 07:30:00,9,120,1.1428571428571428,31.250223791094708,5.0,0.2146666666666666,11.907,6.0,17,19.70516582099294,,4000.0,22755.294745318573,0.0,5369.906666666666,45.670670670670674,optimal
2021-02-10 08:00:00,9,120,1.1428571428571428,2.935288888888889,5.0,1.1093666666666666,11.7075,6.0,17,20.0,,4000.0,0.0,0.0,2641.7600000000007,48.0,optimal
2021-02-10 08:30:00,9,120,1.1428571428571428,0.0,0.0,0.967,10.8045,6.0,17,20.02043735531433,,4000.0,0.0,0.0,0.0,47.7671082344704,optimal
2021-02-10 09:00:00,9,120,1.1428571428571428,0.4644444444444444,0.0,0.067,11.508,6.0,17,20.03883159539929,,4000.0,0.0,0.0,418.0,47.53444936070633,optimal
2021-02-10 09:30:00,9,120,1.1428571428571428,0.2322222222222222,0.0,0.2173333333333333,11.508,6.0,17,20.0545826854761,,4000.0,0.0,0.0,209.0,47.30202314581603,optimal
2021-02-10 10:00:00,9,120,1.1428571428571428,0.0,0.0,0.13,11.508,6.0,17,20.073846165933247,,4000.0,0.0,0.0,0.0,47.06982935714061,optimal
2021-02-10 10:30:00,9,120,1.1428571428571428,0.0,0.0,0.1429333333333333,11.844,6.0,17,20.094572547746097,,4000.0,0.0,0.0,0.0,46.83786776225387,optimal
2021-02-10 11:00:00,9,120,1.1428571428571428,0.2322222222222222,0.0,0.2883,11.508,6.0,17,20.115737145625545,,4000.0,0.0,0.0,209.0,46.606138128962016,optimal
2021-02-10 11:30:00,9,120,1.1428571428571428,0.0,0.0,0.0775999999999999,11.508,6.0,17,20.13950162771404,,4000.0,0.0,0.0,0.0,46.37464022530345,optimal
2021-02-10 12:00:00,9,120,1.1428571428571428,0.0,0.0,0.7998666666666667,10.4475,6.0,17,20.16017634213191,,4000.0,0.0,0.0,0.0,46.14337381954855,optimal
2021-02-10 12:30:00,9,120,1.1428571428571428,0.0774074074074074,0.0,1.7257333333333331,10.8675,6.0,17,20.187993338258423,,4000.0,0.0,0.0,69.66666666666666,45.912338680199404,optimal
2021-02-10 13:00:00,9,120,1.1428571428571428,0.2322222222222222,0.0,0.058,10.542,6.0,17,20.21311665232924,,4000.0,0.0,0.0,209.0,45.68153457598961,optimal
2021-02-10 13:30:00,9,120,1.1428571428571428,0.0,0.0,2.2009666666666665,11.025,6.0,17,20.23499787229252,,4000.0,0.0,0.0,0.0,45.45096127588402,optimal
2021-02-10 14:00:00,9,120,1.1428571428571428,0.0,0.0,0.2366,11.025,6.0,17,20.26248110833788,,4000.0,0.0,0.0,0.0,45.22061854907854,optimal
2021-02-10 14:30:00,9,120,0.7563415510026734,0.0,0.0,0.2016,14.553,6.0,17,20.28570309557012,,2647.195428509357,0.0,0.0,0.0,44.99050616499986,optimal
2021-02-10 15:00:00,9,120,1.1428571428571428,0.0,0.0,0.1641333333333333,13.0935,6.0,17,20.29291475819977,,4000.0,0.0,0.0,0.0,44.76062389330526,optimal
2021-02-10 15:30:00,9,120,0.0,0.0,0.0,0.06,15.6345,6.0,17,20.31255744046062,,0.0,0.0,0.0,0.0,44.53097150388236,optimal
2021-02-10 16:00:00,9,120,0.0,0.0,0.0,0.2626666666666666,18.102,6.0,17,20.281766706370544,,0.0,0.0,0.0,0.0,44.30154876684888,optimal
2021-02-10 16:30:00,9,120,0.0,0.0,0.0,0.0850666666666666,17.199,6.0,17,20.250201203346148,,0.0,0.0,0.0,0.0,44.07235545255243,optimal
2021-02-10 17:00:00,9,120,0.0,0.0,0.0,0.1318666666666667,18.2805,6.0,17,20.216138184185912,,0.0,0.0,0.0,0.0,43.84339133157028,optimal
2021-02-10 17:30:00,9,120,0.0,0.1548148148148148,0.0,0.1684666666666666,17.4615,6.0,17,20.17924649260292,,0.0,0.0,0.0,139.33333333333331,43.61465617470911,optimal
2021-02-10 18:00:00,9,120,0.0,0.4644444444444444,0.0,2.1006666666666667,18.3225,6.0,17,20.14558808603609,,0.0,0.0,0.0,418.0,43.3861497530048,optimal
2021-02-10 18:30:00,9,120,0.0,0.4288370370370369,0.0,0.2059,17.094,6.0,17,20.11586150653196,,0.0,0.0,0.0,385.95333333333326,43.1578718377222,optimal
2021-02-10 19:00:00,9,120,0.0,0.8870888888888889,0.0,1.7523333333333333,17.094,6.0,17,20.08588366356581,,0.0,0.0,0.0,798.3800000000001,42.92982220035488,optimal
2021-02-10 19:30:00,9,120,0.0,0.2322222222222222,0.0,0.8612000000000001,17.094,6.0,17,20.057423119363943,,0.0,0.0,0.0,209.0,42.70200061262492,optimal
2021-02-10 20:00:00,9,120,0.0,0.0,0.0,0.2710666666666667,17.3565,6.0,17,20.029674996777985,,0.0,0.0,0.0,0.0,42.47440684648269,optimal
2021-02-10 20:30:00,9,120,0.0,0.0,0.0,0.1853,17.115,6.0,17,20.0,,0.0,0.0,0.0,0.0,42.24704067410661,optimal
2021-02-10 21:00:00,9,120,0.0,0.1548148148148148,0.0,0.2537333333333333,17.241,6.0,17,19.96993832299964,,0.0,0.0,0.0,139.33333333333331,42.01990186790291,optimal
2021-02-10 21:30:00,9,120,0.0,0.0,0.0,0.6696,17.094,6.0,17,19.94033253231192,,0.0,0.0,0.0,0.0,41.79299020050541,optimal
2021-02-10 22:00:00,9,120,0.0,1.2385185185185184,0.0,1.2494333333333334,16.5165,6.0,17,19.91287258921371,,0.0,0.0,0.0,1114.6666666666663,41.5663054447753,optimal
2021-02-10 22:30:00,9,120,0.0,0.2322222222222222,0.0,1.8975,17.8185,6.0,17,19.87721873943136,,0.0,0.0,0.0,209.0,41.52473913933053,optimal
2021-02-10 23:00:00,9,120,0.0,0.2322222222222222,0.0,2.8736666666666664,17.094,6.0,17,19.842927653193232,,0.0,0.0,0.0,209.0,41.4832144001912,optimal
2021-02-10 23:30:00,9,120,0.0,0.1548148148148148,0.0,1.1221666666666668,16.8945,6.0,17,19.80967184746444,,0.0,0.0,0.0,139.33333333333331,41.44173118579101,optimal
2021-02-11 00:00:00,9,120,1.1428571428571428,0.0,5.0,0.2346,17.64,6.0,-13,19.80967184746444,,4000.0,0.0,0.0,0.0,43.775289454605215,optimal
2021-02-11 00:30:00,9,120,1.1428571428571428,0.0,0.0,0.1321999999999999,19.1625,6.0,-13,19.816752513657747,,4000.0,0.0,0.0,0.0,43.73151416515061,optimal
2021-02-11 01:00:00,9,120,0.0,0.0,0.0,0.2515,26.46,6.0,-13,19.822769926324664,,0.0,0.0,0.0,0.0,43.687782650985454,optimal
2021-02-11 01:30:00,9,120,1.1428571428571428,0.0,0.0,0.1153,20.79,6.0,-13,19.781697646008126,,4000.0,0.0,0.0,0.0,43.64409486833447,optimal
2021-02-11 02:00:00,9,120,0.0,0.0,0.0,0.2689666666666666,29.106,6.0,-13,19.78777693183932,,0.0,0.0,0.0,0.0,43.600450773466136,optimal
2021-02-11 02:30:00,9,120,1.1428571428571428,0.0,0.0,0.0690333333333333,19.1835,6.0,-13,19.74698681226246,,4000.0,0.0,0.0,0.0,43.55685032269267,optimal
2021-02-11 03:00:00,9,120,1.1428571428571428,0.0,0.0,0.1456333333333333,19.6665,6.0,-13,19.75236083946073,,4000.0,0.0,0.0,0.0,43.51329347236997,optimal
2021-02-11 03:30:00,9,120,1.1428571428571428,0.0,0.0,0.2886666666666667,19.404,6.0,-13,19.758349482428446,,4000.0,0.0,0.0,0.0,43.4697801788976,optimal
2021-02-11 04:00:00,9,120,1.1428571428571428,0.0,0.0,0.0787,19.047,6.0,-13,19.766637468469664,,4000.0,0.0,0.0,0.0,43.42631039871871,optimal
2021-02-11 04:30:00,9,120,1.1428571428571428,0.0,0.0,0.2004,18.858,6.0,-13,19.77289550714573,,4000.0,0.0,0.0,0.0,43.38288408831998,optimal
2021-02-11 05:00:00,9,120,1.1428571428571428,0.0,0.0,0.1043333333333333,19.2675,6.0,-13,19.780623730037764,,4000.0,0.0,0.0,0.0,43.33950120423167,optimal
2021-02-11 05:30:00,9,120,1.1428571428571428,0.0,0.0,0.1919666666666666,18.963,6.0,-13,19.78716631413586,,4000.0,0.0,0.0,0.0,43.29616170302744,optimal
2021-02-11 06:00:00,9,120,1.1428571428571428,0.0,5.0,0.2551333333333333,18.438,6.0,-13,19.795259147210057,,4000.0,0.0,0.0,0.0,45.62786554132441,optimal
2021-02-11 06:30:00,9,120,1.1428571428571428,0.0,0.1861747260791371,0.0841666666666666,18.7425,6.0,-13,19.80460109446329,,4000.0,0.0,0.0,0.0,45.670670670670674,optimal
2021-02-11 07:00:00,9,120,1.1428571428571428,2.5544444444444445,5.0,1.3367666666666669,15.2145,6.0,-13,19.81233738682005,,4000.0,0.0,0.0,2299.0,48.0,optimal
2021-02-11 07:30:00,9,120,1.1428571428571428,14.7298438224822,0.0,0.2092,17.7765,6.0,-13,19.83189200783432,,4000.0,13256.85944023398,0.0,0.0,47.7948920544945,optimal
2021-02-11 08:00:00,9,120,1.1428571428571428,0.0,0.0,0.1776,16.758,6.0,-13,20.0,,4000.0,0.0,0.0,0.0,47.58998921693451,optimal
2021-02-11 08:30:00,9,120,1.1428571428571428,0.0,0.0,0.2284,16.422,6.0,-13,20.00608620361533,,4000.0,0.0,0.0,0.0,47.38529128221208,optimal
2021-02-11 09:00:00,9,120,1.1428571428571428,0.0,0.0,0.1143333333333333,16.758,6.0,-13,20.012481819556264,,4000.0,0.0,0.0,0.0,47.180798045424375,optimal
2021-02-11 09:30:00,9,120,0.0,1.668570272257743,0.0,0.1756,29.358,6.0,-13,20.01944838727101,,0.0,1501.7132450319689,0.0,0.0,46.976509301873456,optimal
2021-02-11 10:00:00,9,120,0.0,2.7667656294861445,0.0,0.2282,34.9965,6.0,-13,20.0,,0.0,2490.08906653753,0.0,0.0,46.77242484706609,optimal
2021-02-11 10:30:00,9,120,0.0,3.005259418352167,0.0,0.1092,34.65,6.0,-13,20.0,,0.0,2704.7334765169503,0.0,0.0,46.568544476713534,optimal
2021-02-11 11:00:00,9,120,0.0,2.811342587289161,0.0,0.1446,34.9965,6.0,-13,20.0,,0.0,2530.2083285602453,0.0,0.0,46.364867986731326,optimal
2021-02-11 11:30:00,9,120,0.0,2.7032809067622217,0.0,0.1198,34.9965,6.0,-13,20.0,,0.0,2432.9528160859995,0.0,0.0,46.1613951732391,optimal
2021-02-11 12:00:00,9,120,0.0,1.9190869097378769,0.0,0.3788,30.4815,6.0,-13,20.0,,0.0,1727.178218764089,0.0,0.0,45.95812583256037,optimal
2021-02-11 12:30:00,9,120,0.4836562213198666,0.1548148148148148,0.0,0.3113999999999999,21.4305,6.0,-13,20.0,,1692.796774619533,0.0,0.0,139.33333333333331,45.75505976122231,optimal
2021-02-11 13:00:00,9,120,0.4842984464791379,0.4644444444444444,0.0,0.3046666666666667,14.3325,6.0,-13,20.0,,1695.0445626769829,0.0,0.0,418.0,45.5521967559556,optimal
2021-02-11 13:30:00,9,120,0.7991993529251984,0.0,0.0,0.417,13.692,6.0,-13,20.0,,2797.197735238194,0.0,0.0,0.0,45.34953661369415,optimal
2021-02-11 14:00:00,9,120,0.0,0.0,0.0,0.4368333333333333,14.007,6.0,-13,20.015265620080665,,0.0,0.0,0.0,0.0,45.14707913157496,optimal
2021-02-11 14:30:00,9,120,0.3385910883627779,0.0,0.0,0.5272,12.873,6.0,-13,20.0,,1185.0688092697226,0.0,0.0,0.0,44.94482410693789,optimal
2021-02-11 15:00:00,9,120,0.3928434801658729,0.0774074074074074,0.0,0.5268999999999999,12.684,6.0,-13,20.0,,1374.9521805805553,0.0,0.0,69.66666666666666,44.742771337325465,optimal
2021-02-11 15:30:00,9,120,0.4074773237261296,0.1548148148148148,0.0,0.3873666666666667,12.306,6.0,-13,20.0,,1426.1706330414536,0.0,0.0,139.33333333333331,44.540920620482645,optimal
2021-02-11 16:00:00,9,120,1.1428571428571428,0.0,0.0,0.4306999999999999,10.6365,6.0,-13,20.0,,4000.0,0.0,0.0,0.0,44.339271754356666,optimal
2021-02-11 16:30:00,9,120,0.0,1.0837037037037036,0.0,0.5446333333333333,11.2455,6.0,-13,20.025496696181765,,0.0,0.0,0.0,975.3333333333334,44.13782453709681,optimal
2021-02-11 17:00:00,9,120,1.1314708858284388,0.2322222222222222,0.0,0.3208999999999999,11.2455,6.0,-13,20.004555080072343,,3960.148100399536,0.0,0.0,209.0,43.93657876705422,optimal
2021-02-11 17:30:00,9,120,1.1428571428571428,0.6192592592592592,0.0,0.4594,11.025,6.0,-13,20.02527468580877,,4000.0,0.0,0.0,557.3333333333333,43.73553424278168,optimal
2021-02-11 18:00:00,9,120,0.0,0.3096296296296296,0.0,1.8753,12.0855,6.0,-13,20.04396162700187,,0.0,0.0,0.0,278.66666666666663,43.5346907630334,optimal
2021-02-11 18:30:00,9,120,0.0,0.387037037037037,0.0,0.3448333333333333,11.6865,6.0,-13,20.03064283762784,,0.0,0.0,0.0,348.3333333333333,43.33404812676487,optimal
2021-02-11 19:00:00,9,120,0.8186450907083632,0.2322222222222222,0.0,0.2691666666666666,11.2245,6.0,-13,20.0,,2865.257817479271,0.0,0.0,209.0,43.13360613313261,optimal
2021-02-11 19:30:00,9,120,0.8332048659386708,0.387037037037037,0.0,0.4257333333333333,11.025,6.0,-13,20.0,,2916.217030785348,0.0,0.0,348.3333333333333,42.93336458149398,optimal
2021-02-11 20:00:00,9,120,0.9026313078356166,0.0774074074074074,0.0,0.3701,10.7835,6.0,-13,20.0,,3159.209577424658,0.0,0.0,69.66666666666666,42.733323271407,optimal
2021-02-11 20:30:00,9,120,0.0,0.0,0.0,1.3538333333333332,11.025,6.0,-13,20.0,,0.0,0.0,0.0,0.0,42.69058994813559,optimal
2021-02-11 21:00:00,9,120,0.0,0.2322222222222222,0.0,0.5739333333333333,10.584,6.0,-13,19.966336098369943,,0.0,0.0,0.0,209.0,42.64789935818745,optimal
2021-02-11 21:30:00,9,120,0.0,0.0,0.0,0.5344,11.025,6.0,-13,19.931179281699144,,0.0,0.0,0.0,0.0,42.60525145882927,optimal
2021-02-11 22:00:00,9,120,0.0,0.1548148148148148,0.0,1.6614666666666666,10.4265,6.0,-13,19.89661469766745,,0.0,0.0,0.0,139.33333333333331,42.56264620737044,optimal
2021-02-11 22:30:00,9,120,0.0,0.0,0.0,0.3312,12.789,6.0,-13,19.875606840035573,,0.0,0.0,0.0,0.0,42.52008356116306,optimal
2021-02-11 23:00:00,9,120,0.0,0.6966666666666667,0.0,0.5194,12.684,6.0,-13,19.837195381357887,,0.0,0.0,0.0,627.0,42.4775634776019,optimal
2021-02-11 23:30:00,9,120,0.0,0.0774074074074074,0.0,0.2717333333333332,16.254,6.0,-13,19.797149133804588,,0.0,0.0,0.0,69.66666666666666,42.43508591412429,optimal
2021-02-12 00:00:00,9,120,1.1428571428571428,0.0,5.0,0.0632,9.8385,6.0,-9,19.797149133804588,,4000.0,0.0,0.0,0.0,44.76765082821017,optimal
2021-02-12 00:30:00,9,120,1.1428571428571428,0.0,3.422173121433137,0.121,11.067,6.0,-9,19.796599605777093,,4000.0,0.0,0.0,0.0,46.3484154100627,optimal
2021-02-12 01:00:00,9,120,1.1428571428571428,0.0,5.0,0.058,10.8465,6.0,-9,19.795987819038665,,4000.0,0.0,0.0,0.0,48.67706699465263,optimal
2021-02-12 01:30:00,9,120,1.1428571428571428,0.0,0.0,0.121,13.671,6.0,-9,19.79460975758244,,4000.0,0.0,0.0,0.0,48.62838992765797,optimal
2021-02-12 02:00:00,9,120,1.1428571428571428,0.0,0.0,0.058,12.348,6.0,-9,19.79420017212928,,4000.0,0.0,0.0,0.0,48.57976153773031,optimal
2021-02-12 02:30:00,9,120,1.1428571428571428,0.0,0.0,0.058,14.3325,6.0,-9,19.793222167367706,,4000.0,0.0,0.0,0.0,48.53118177619257,optimal
2021-02-12 03:00:00,9,120,1.1428571428571428,0.0,0.0,0.0825,15.393,6.0,-9,19.79284087042045,,4000.0,0.0,0.0,0.0,48.48265059441637,optimal
2021-02-12 03:30:00,9,120,1.1428571428571428,0.0,0.0,0.0965,13.587,6.0,-9,19.79335356568589,,4000.0,0.0,0.0,0.0,48.434167943821954,optimal
2021-02-12 04:00:00,9,120,1.1428571428571428,0.0,0.0,0.058,16.1385,6.0,-9,19.795423591308907,,4000.0,0.0,0.0,0.0,48.38573377587813,optimal
2021-02-12 04:30:00,9,120,1.1428571428571428,0.0,0.0,0.121,14.595,6.0,-9,19.79840828676461,,4000.0,0.0,0.0,0.0,48.33734804210225,optimal
2021-02-12 05:00:00,9,120,1.1428571428571428,0.0,0.0,0.06,14.637,6.0,-9,19.80354234650036,,4000.0,0.0,0.0,0.0,48.28901069406015,optimal
2021-02-12 05:30:00,9,120,1.1428571428571428,0.0,0.0,0.0656666666666666,13.9125,6.0,-9,19.80928653401943,,4000.0,0.0,0.0,0.0,48.24072168336608,optimal
2021-02-12 06:00:00,9,120,1.1428571428571428,0.0,0.0,0.1035,13.3665,6.0,-9,19.81660538361475,,4000.0,0.0,0.0,0.0,48.19248096168271,optimal
2021-02-12 06:30:00,9,120,1.1428571428571428,0.0,0.0,0.0795,13.0095,6.0,-9,19.826050070036697,,4000.0,0.0,0.0,0.0,48.144288480721016,optimal
2021-02-12 07:00:00,9,120,1.1428571428571428,0.6966666666666667,0.0,0.075,13.8915,6.0,-9,19.83580017227361,,4000.0,0.0,0.0,627.0,48.096144192240295,optimal
2021-02-12 07:30:00,9,120,1.1428571428571428,13.71620619513563,0.0,0.1378666666666666,13.188,6.0,-9,19.84938999474654,,4000.0,11299.585575622068,0.0,1044.9999999999998,48.048048048048045,optimal
2021-02-12 08:00:00,9,120,1.1428571428571428,0.5418518518518518,0.0,0.0748666666666666,12.5685,6.0,-9,20.0,,4000.0,0.0,0.0,487.6666666666667,48.0,optimal
2021-02-12 08:30:00,9,120,1.1428571428571428,0.0,0.0,1.7888333333333333,12.285,6.0,-9,20.009411307359866,,4000.0,0.0,0.0,0.0,47.87467900538653,optimal
2021-02-12 09:00:00,9,120,1.1428571428571428,0.0,0.0,2.869,11.487,6.0,-9,20.01882992730221,,4000.0,0.0,0.0,0.0,47.74948333176768,optimal
2021-02-12 09:30:00,9,120,1.1428571428571428,0.0,0.0,1.3447666666666669,11.802,6.0,-9,20.029500099263,,4000.0,0.0,0.0,0.0,47.62441285382244,optimal
2021-02-12 10:00:00,9,120,1.1428571428571428,0.0,0.0,0.068,11.2245,6.0,-9,20.04141099860517,,4000.0,0.0,0.0,0.0,47.49946744635516,optimal
2021-02-12 10:30:00,9,120,1.1428571428571428,0.0,0.0,0.2526666666666666,11.025,6.0,-9,20.05723115335085,,4000.0,0.0,0.0,0.0,47.37464698429533,optimal
2021-02-12 11:00:00,9,120,1.1428571428571428,0.1548148148148148,0.0,0.3075333333333334,11.907,6.0,-9,20.077256511142696,,4000.0,0.0,0.0,139.33333333333331,47.24995134269757,optimal
2021-02-12 11:30:00,9,120,0.0,0.0,0.0,0.068,25.83,6.0,-9,20.10207953193999,,0.0,0.0,0.0,0.0,47.125380396741406,optimal
2021-02-12 12:00:00,9,120,0.0,0.0,0.0,0.068,28.035,6.0,-9,20.073514213026904,,0.0,0.0,0.0,0.0,47.0009340217312,optimal
2021-02-12 12:30:00,9,120,0.0,0.0,0.0,0.11,28.119,6.0,-9,20.04613870131193,,0.0,0.0,0.0,0.0,46.876612093096,optimal
2021-02-12 13:00:00,9,120,0.0,0.6795422720824412,0.0,0.089,30.156,6.0,-9,20.019428249828508,,0.0,611.5880448741971,0.0,0.0,46.75241448638944,optimal
2021-02-12 13:30:00,9,120,0.0,2.419431043256276,0.0,0.131,29.1585,6.0,-9,20.0,,0.0,2177.487938930648,0.0,0.0,46.62834107728958,optimal
2021-02-12 14:00:00,9,120,0.0,2.581194554024046,0.0,0.068,26.712,6.0,-9,20.0,,0.0,2323.0750986216417,0.0,0.0,46.50439174159883,optimal
2021-02-12 14:30:00,9,120,0.5659188096052297,0.0,0.0,0.2266333333333333,15.435,6.0,-9,20.0,,1980.715833618304,0.0,0.0,0.0,46.380566355243765,optimal
2021-02-12 15:00:00,9,120,0.5984109498489562,0.1548148148148148,0.0,0.1523,13.566,6.0,-9,20.0,,2094.4383244713467,0.0,0.0,139.33333333333331,46.25686479427505,optimal
2021-02-12 15:30:00,9,120,0.5668426934189104,0.0,0.0,0.0818666666666666,12.789,6.0,-9,20.0,,1983.9494269661864,0.0,0.0,0.0,46.133286934867314,optimal
2021-02-12 16:00:00,9,120,1.0970222879508071,0.0,0.0,0.2155999999999999,12.1275,6.0,-9,20.0,,3839.578007827825,0.0,0.0,0.0,46.00983265331898,optimal
2021-02-12 16:30:00,9,120,0.0,2.5544444444444445,0.0,1.3773666666666666,13.671,6.0,-9,20.02105665432265,,0.0,0.0,0.0,2299.0,45.8865018260522,optimal
2021-02-12 17:00:00,9,120,1.1428571428571428,0.5418518518518518,0.0,0.2685,10.668,6.0,-9,20.0,,4000.0,0.0,0.0,487.6666666666667,45.76329432961268,optimal
2021-02-12 17:30:00,9,120,0.1384596013366977,0.1548148148148148,0.0,0.3478666666666666,11.7285,6.0,-9,20.020128730761027,,484.608604678442,0.0,0.0,139.33333333333331,45.6402100406696,optimal
2021-02-12 18:00:00,9,120,0.5281795626607471,0.4644444444444444,0.0,1.4757333333333331,11.025,6.0,-9,20.0,,1848.6284693126147,0.0,0.0,418.0,45.51724883601547,optimal
2021-02-12 18:30:00,9,120,0.6389044295650254,0.2322222222222222,0.0,0.4326333333333333,10.689,6.0,-9,20.0,,2236.165503477589,0.0,0.0,209.0,45.39441059256599,optimal
2021-02-12 19:00:00,9,120,1.1428571428571428,0.0,0.0,0.3018666666666666,8.1585,6.0,-9,20.0,,4000.0,0.0,0.0,0.0,45.27169518735996,optimal
2021-02-12 19:30:00,9,120,1.0295625806657938,0.2322222222222222,0.0,0.8794,10.3635,6.0,-9,20.01687332661464,,3603.469032330278,0.0,0.0,209.0,45.149102497559134,optimal
2021-02-12 20:00:00,9,120,0.0,0.0,0.0,0.8269666666666667,10.8045,6.0,-9,20.030682172452806,,0.0,0.0,0.0,0.0,45.02663240044811,optimal
2021-02-12 20:30:00,9,120,0.0,0.0,0.0,0.299,11.025,6.0,-9,20.0,,0.0,0.0,0.0,0.0,44.90428477343419,optimal
2021-02-12 21:00:00,9,120,0.0,0.0,0.0,0.3460666666666667,10.3635,6.0,-9,19.96683850306505,,0.0,0.0,0.0,0.0,44.859380488660754,optimal
2021-02-12 21:30:00,9,120,0.0,0.0,0.0,0.3731666666666667,10.8045,6.0,-9,19.936581101600414,,0.0,0.0,0.0,0.0,44.814521108172094,optimal
2021-02-12 22:00:00,9,120,0.0,0.3096296296296296,0.0,0.3775666666666666,10.059,6.0,-9,19.908079920676663,,0.0,0.0,0.0,278.66666666666663,44.76970658706392,optimal
2021-02-12 22:30:00,9,120,0.0,0.0,0.0,0.4712333333333333,10.584,6.0,-9,19.88019405369664,,0.0,0.0,0.0,0.0,44.72493688047686,optimal
2021-02-12 23:00:00,9,120,0.0,0.0,0.0,0.1135,9.4185,6.0,-9,19.851059961475293,,0.0,0.0,0.0,0.0,44.68021194359638,optimal
2021-02-12 23:30:00,9,120,0.0,0.0,0.0,0.0835,10.3635,6.0,-9,19.814482554618674,,0.0,0.0,0.0,0.0,44.63553173165279,optimal
2021-02-13 00:00:00,9,120,1.1428571428571428,0.0,0.0,0.06,8.1375,6.0,-7,19.814482554618674,,4000.0,0.0,0.0,0.0,44.59089619992114,optimal
2021-02-13 00:30:00,9,120,1.1428571428571428,0.0,0.0,0.2382,10.0905,6.0,-7,19.826180760460936,,4000.0,0.0,0.0,0.0,44.54630530372122,optimal
2021-02-13 01:00:00,9,120,1.1428571428571428,0.0,5.0,0.06,7.539,6.0,-7,19.840125795581315,,4000.0,0.0,0.0,0.0,46.8767589984175,optimal
2021-02-13 01:30:00,9,120,1.1428571428571428,0.0,3.1736122161750826,0.1112,7.938,6.0,-7,19.85197141837253,,4000.0,0.0,0.0,0.0,48.33734804210225,optimal
2021-02-13 02:00:00,9,120,1.1428571428571428,0.0,0.0,0.2095333333333333,8.274,6.0,-7,19.86451642058835,,4000.0,0.0,0.0,0.0,48.28901069406015,optimal
2021-02-13 02:30:00,9,120,1.1428571428571428,0.0,0.0,0.1605,9.261,6.0,-7,19.87833361010932,,4000.0,0.0,0.0,0.0,48.24072168336608,optimal
2021-02-13 03:00:00,9,120,1.1428571428571428,0.0,0.0,0.2326333333333333,9.9225,6.0,-7,19.89152606528714,,4000.0,0.0,0.0,0.0,48.19248096168271,optimal
2021-02-13 03:30:00,9,120,1.1428571428571428,0.0,0.0,0.0955999999999999,9.702,6.0,-7,19.90557111861824,,4000.0,0.0,0.0,0.0,48.144288480721016,optimal
2021-02-13 04:00:00,9,120,1.1428571428571428,0.0,0.0,0.2975333333333333,10.584,6.0,-7,19.91781981150459,,4000.0,0.0,0.0,0.0,48.096144192240295,optimal
2021-02-13 04:30:00,9,120,1.1428571428571428,0.0,0.0,0.1311999999999999,10.143,6.0,-7,19.9324051136204,,4000.0,0.0,0.0,0.0,48.048048048048045,optimal
2021-02-13 05:00:00,9,120,1.1428571428571428,0.6192592592592592,0.0,0.1243,13.0095,6.0,-7,19.94473691341461,,4000.0,0.0,0.0,557.3333333333333,48.0,optimal
2021-02-13 05:30:00,9,120,1.1428571428571428,2.012592592592592,0.0,2.0339,11.025,6.0,-7,19.95865833494884,,4000.0,0.0,0.0,1811.333333333333,47.88519441175483,optimal
2021-02-13 06:00:00,9,120,1.1428571428571428,6.424814814814814,0.0,0.8182333333333334,12.789,6.0,-7,19.97544131195608,,4000.0,0.0,0.0,5782.333333333333,47.77050362909791,optimal
2021-02-13 06:30:00,9,120,1.1428571428571428,0.387037037037037,0.0,2.0609,12.1275,6.0,-7,19.99135927752234,,4000.0,0.0,0.0,348.3333333333333,47.65592753722365,optimal
2021-02-13 07:00:00,9,120,1.1428571428571428,0.0,0.0,1.0892,12.1695,6.0,-7,20.01156143776453,,4000.0,0.0,0.0,0.0,47.54146602144126,optimal
2021-02-13 07:30:00,9,120,1.1428571428571428,0.0,0.0,0.187,12.306,6.0,-7,20.024142428677607,,4000.0,0.0,0.0,0.0,47.42711896717465,optimal
2021-02-13 08:00:00,9,120,1.1428571428571428,0.0,0.0,0.2383333333333332,13.23,6.0,-7,20.03288820101645,,4000.0,0.0,0.0,0.0,47.31288625996231,optimal
2021-02-13 08:30:00,9,120,1.1428571428571428,0.0,0.0,0.2104,13.671,6.0,-7,20.042239808315323,,4000.0,0.0,0.0,0.0,47.19876778545718,optimal
2021-02-13 09:00:00,9,120,1.1428571428571428,0.0,0.0,0.1077999999999999,13.9335,6.0,-7,20.051331710153725,,4000.0,0.0,0.0,0.0,47.08476342942655,optimal
2021-02-13 09:30:00,9,120,1.1428571428571428,0.0,0.0,0.07,13.293,6.0,-7,20.060999759946395,,4000.0,0.0,0.0,0.0,46.97087307775196,optimal
2021-02-13 10:00:00,9,120,1.1428571428571428,0.0,0.0,0.2707333333333332,12.1065,6.0,-7,20.070683790363866,,4000.0,0.0,0.0,0.0,46.85709661642904,optimal
2021-02-13 10:30:00,9,120,1.1428571428571428,0.0,0.0,0.1294,11.571,6.0,-7,20.086262548391502,,4000.0,0.0,0.0,0.0,46.743433931567445,optimal
2021-02-13 11:00:00,9,120,1.1428571428571428,0.0,0.0,0.172,11.025,6.0,-7,20.10018777751868,,4000.0,0.0,0.0,0.0,46.62988490939071,optimal
2021-02-13 11:30:00,9,120,1.1428571428571428,0.0,0.0,0.2173333333333333,10.8465,6.0,-7,20.11819340195533,,4000.0,0.0,0.0,0.0,46.51644943623615,optimal
2021-02-13 12:00:00,9,120,1.1428571428571428,0.0,0.0,0.07,11.2455,6.0,-7,20.13681472347916,,4000.0,0.0,0.0,0.0,46.40312739855475,optimal
2021-02-13 12:30:00,9,120,0.0,0.0,0.0,0.3493333333333333,23.8665,6.0,-7,20.1551252039274,,0.0,0.0,0.0,0.0,46.28991868291103,optimal
2021-02-13 13:00:00,9,120,0.0,0.2322222222222222,0.0,0.2458333333333333,27.4575,6.0,-7,20.128271200607365,,0.0,0.0,0.0,209.0,46.17682317598295,optimal
2021-02-13 13:30:00,9,120,0.0,0.0,0.0,2.888233333333333,27.3735,6.0,-7,20.102585014336377,,0.0,0.0,0.0,0.0,46.0638407645618,optimal
2021-02-13 14:00:00,9,120,0.0,0.0,0.0,1.4955333333333334,30.4605,6.0,-7,20.08515668126955,,0.0,0.0,0.0,0.0,45.95097133555208,optimal
2021-02-13 14:30:00,9,120,0.0,0.0,0.0,0.6857000000000001,30.0195,6.0,-7,20.063630158615865,,0.0,0.0,0.0,0.0,45.83821477597136,optimal
2021-02-13 15:00:00,9,120,0.0,0.0,0.0,2.911466666666666,26.9325,6.0,-7,20.040560181512028,,0.0,0.0,0.0,0.0,45.72557097295022,optimal
2021-02-13 15:30:00,9,120,0.0917800037665947,0.0,0.0,2.7619333333333334,14.595,6.0,-7,20.020293242405423,,321.2300131830816,0.0,0.0,0.0,45.61303981373211,optimal
2021-02-13 16:00:00,9,120,0.6185423033790038,0.0774074074074074,0.0,0.5044333333333333,12.4845,6.0,-7,20.0,,2164.8980618265136,0.0,0.0,69.66666666666666,45.50062118567321,optimal
2021-02-13 16:30:00,9,120,0.8690280366843331,0.1548148148148148,0.0,0.5930333333333333,12.1275,6.0,-7,20.0,,3041.598128395166,0.0,0.0,139.33333333333331,45.38831497624237,optimal
2021-02-13 17:00:00,9,120,1.1428571428571428,0.3096296296296296,0.0,0.2318333333333332,12.1275,6.0,-7,20.012896148138086,,4000.0,0.0,0.0,278.66666666666663,45.27612107302096,optimal
2021-02-13 17:30:00,9,120,0.0,0.0774074074074074,0.0,0.1769666666666666,12.789,6.0,-7,20.031141135203967,,0.0,0.0,0.0,69.66666666666666,45.16403936370277,optimal
2021-02-13 18:00:00,9,120,0.6543643245655018,0.0774074074074074,0.0,0.5301666666666667,11.907,6.0,-7,20.0,,2290.275135979256,0.0,0.0,69.66666666666666,45.0520697360939,optimal
2021-02-13 18:30:00,9,120,0.5993615724221459,1.2385185185185184,0.0,2.2731,11.025,6.0,-7,20.0,,2097.7655034775107,0.0,0.0,1114.6666666666663,44.94021207811264,optimal
2021-02-13 19:00:00,9,120,0.708723185017946,0.2322222222222222,0.0,1.0379,8.2005,6.0,-7,20.0,,2480.531147562811,0.0,0.0,209.0,44.89527186603453,optimal
2021-02-13 19:30:00,9,120,0.0,5.636807407407406,0.0,3.2372,9.5655,6.0,-7,20.005644996663445,,0.0,0.0,0.0,5073.126666666665,44.850376594168495,optimal
2021-02-13 20:00:00,9,120,0.6562716212292932,0.7880074074074074,0.0,0.3076333333333333,7.056,6.0,-7,20.0,,2296.950674302526,0.0,0.0,709.2066666666667,44.805526217574325,optimal
2021-02-13 20:30:00,9,120,0.0,0.1548148148148148,0.0,0.729,9.3975,6.0,-7,20.0,,0.0,0.0,0.0,139.33333333333331,44.76072069135675,optimal
2021-02-13 21:00:00,9,120,0.0,1.935185185185185,0.0,0.4275333333333334,10.059,6.0,-7,19.976853742688423,,0.0,0.0,0.0,1741.6666666666667,44.7159599706654,optimal
2021-02-13 21:30:00,9,120,0.0,2.70925925925926,0.0,1.7037666666666669,9.261,6.0,-7,19.950219032869228,,0.0,0.0,0.0,2438.333333333333,44.67124401069473,optimal
2021-02-13 22:00:00,9,120,0.0,0.387037037037037,0.0,1.856,8.1585,6.0,-7,19.925660245299675,,0.0,0.0,0.0,348.3333333333333,44.62657276668404,optimal
2021-02-13 22:30:00,9,120,0.0,0.0,0.0,1.4643333333333333,9.4815,6.0,-7,19.90306979563158,,0.0,0.0,0.0,0.0,44.58194619391736,optimal
2021-02-13 23:00:00,9,120,0.0,0.0,0.0,0.097,8.379,6.0,-7,19.8739408397536,,0.0,0.0,0.0,0.0,44.53736424772344,optimal
2021-02-13 23:30:00,9,120,0.0,0.0,0.0,0.2208666666666666,9.5235,6.0,-7,19.837517228729425,,0.0,0.0,0.0,0.0,44.49282688347572,optimal
2021-02-07 00:00:00,10,120,0.0,0.0,0.0,0.0726,13.146,6.0,5,21.0,,0.0,0.0,0.0,0.0,47.952,optimal
2021-02-07 00:30:00,10,120,0.0,0.0774074074074074,0.0,0.2351333333333333,10.584,6.0,5,20.967729436858743,,0.0,0.0,0.0,69.66666666666666,47.904048,optimal
2021-02-07 01:00:00,10,120,0.0,0.0,0.0,0.061,6.678,6.0,5,20.93788085753901,,0.0,0.0,0.0,0.0,47.856143952,optimal
2021-02-07 01:30:00,10,120,0.0,0.0,0.0,0.061,7.938,6.0,5,20.90375363838858,,0.0,0.0,0.0,0.0,47.80828780804799,optimal
2021-02-07 02:00:00,10,120,0.0,0.0,0.0,0.1224666666666666,5.292,6.0,5,20.86959495045233,,0.0,0.0,0.0,0.0,47.76047952023995,optimal
2021-02-07 02:30:00,10,120,0.0,0.0,0.0,0.1436,9.261,6.0,5,20.83608463087132,,0.0,0.0,0.0,0.0,47.712719040719705,optimal
2021-02-07 03:00:00,10,120,0.0,0.0,0.0,0.061,10.3635,6.0,5,20.80274461343133,,0.0,0.0,0.0,0.0,47.66500632167899,optimal
2021-02-07 03:30:00,10,120,0.0,0.0,0.0,0.1974,8.274,6.0,5,20.768290541521285,,0.0,0.0,0.0,0.0,47.61734131535731,optimal
2021-02-07 04:00:00,10,120,0.0,0.0,0.0,0.1146666666666666,7.7175,6.0,5,20.735467320448063,,0.0,0.0,0.0,0.0,47.56972397404195,optimal
2021-02-07 04:30:00,10,120,0.0,0.387037037037037,0.0,0.2668333333333333,6.615,6.0,5,20.7018843837525,,0.0,0.0,0.0,348.3333333333333,47.52215425006791,optimal
2021-02-07 05:00:00,10,120,0.0,0.1548148148148148,0.0,0.4087333333333333,6.174,6.0,5,20.672286681078823,,0.0,0.0,0.0,139.33333333333331,47.47463209581784,optimal
2021-02-07 05:30:00,10,120,0.0,0.6192592592592592,0.0,0.061,3.906,6.0,5,20.644591658398088,,0.0,0.0,0.0,557.3333333333333,47.42715746372202,optimal
2021-02-07 06:00:00,10,120,0.6178401424859957,0.0,0.0,0.1303333333333333,2.3415,6.0,5,20.61263574471266,,2162.440498700985,0.0,0.0,0.0,47.379730306258296,optimal
2021-02-07 06:30:00,10,120,1.1428571428571428,0.4644444444444444,0.0,0.1498666666666666,2.205,6.0,5,20.60805405605587,,4000.0,0.0,0.0,418.0,47.332350575952034,optimal
2021-02-07 07:00:00,10,120,1.1428571428571428,0.1548148148148148,1.7076336144509696,0.2715,0.882,6.0,5,20.62637722045272,,4000.0,0.0,0.0,139.33333333333331,48.096144192240295,optimal
2021-02-07 07:30:00,10,120,1.1428571428571428,0.2322222222222222,0.0,0.2930666666666666,1.5435,6.0,5,20.64485893043119,,4000.0,0.0,0.0,209.0,48.048048048048045,optimal
2021-02-07 08:00:00,10,120,1.1428571428571428,2.631851851851852,0.0,0.3022333333333333,1.5435,6.0,5,20.663729839938377,,4000.0,0.0,0.0,2368.6666666666665,48.0,optimal
2021-02-07 08:30:00,10,120,0.0,0.0,0.0,2.335366666666667,5.0715,6.0,5,20.68387158508965,,0.0,0.0,0.0,0.0,47.65015471816832,optimal
2021-02-07 09:00:00,10,120,0.0,6.889259259259259,0.0,4.5187333333333335,5.376,6.0,5,20.65725057432337,,0.0,0.0,0.0,6200.333333333333,47.30065928161847,optimal
2021-02-07 09:30:00,10,120,0.0,0.0,0.0,2.2787,5.0715,6.0,5,20.64568584565928,,0.0,0.0,0.0,0.0,46.951513340505166,optimal
2021-02-07 10:00:00,10,120,0.0,0.0,0.0,2.527066666666667,5.5125,6.0,5,20.61992599588276,,0.0,0.0,0.0,0.0,46.60271654533298,optimal
2021-02-07 10:30:00,10,120,0.0,0.0,0.0,1.4403,9.261,6.0,5,20.59516345495757,,0.0,0.0,0.0,0.0,46.25426854695597,optimal
2021-02-07 11:00:00,10,120,0.0,0.0,0.0,2.615,11.7075,6.0,5,20.56666437582165,,0.0,0.0,0.0,0.0,45.906168996577335,optimal
2021-02-07 11:30:00,10,120,0.0,0.0774074074074074,0.0,2.0232,12.348,6.0,5,20.543615465045303,,0.0,0.0,0.0,69.66666666666666,45.55841754574907,optimal
2021-02-07 12:00:00,10,120,0.0,0.0,0.0,0.071,12.348,6.0,5,20.520442509534465,,0.0,0.0,0.0,0.0,45.21101384637164,optimal
2021-02-07 12:30:00,10,120,0.0,0.0,0.0,0.1173333333333333,12.1275,6.0,5,20.488122354431106,,0.0,0.0,0.0,0.0,44.86395755069359,optimal
2021-02-07 13:00:00,10,120,0.0,0.0,0.0,0.1177666666666666,12.5265,6.0,5,20.45702765945481,,0.0,0.0,0.0,0.0,44.517248311311214,optimal
2021-02-07 13:30:00,10,120,0.0,0.0,0.0,0.071,11.7495,6.0,5,20.425225734155607,,0.0,0.0,0.0,0.0,44.170885781168224,optimal
2021-02-07 14:00:00,10,120,0.0,0.0,0.0,0.1702,13.23,6.0,5,20.392159433923315,,0.0,0.0,0.0,0.0,43.82486961355537,optimal
2021-02-07 14:30:00,10,120,0.0,0.0,0.0,0.1082,14.3325,6.0,5,20.36088638769784,,0.0,0.0,0.0,0.0,43.47919946211013,optimal
2021-02-07 15:00:00,10,120,0.0,0.0,0.0,0.071,14.994,6.0,5,20.32901916511521,,0.0,0.0,0.0,0.0,43.13387498081634,optimal
2021-02-07 15:30:00,10,120,0.0,0.0,0.0,0.1082,14.8155,6.0,5,20.297862798840555,,0.0,0.0,0.0,0.0,42.78889582400384,optimal
2021-02-07 16:00:00,10,120,0.0,0.0774074074074074,0.0,0.3488666666666666,14.112,6.0,5,20.26692400075951,,0.0,0.0,0.0,69.66666666666666,42.44426164634815,optimal
2021-02-07 16:30:00,10,120,0.0,0.5418518518518518,0.0,0.2384666666666666,14.007,6.0,5,20.23927680748632,,0.0,0.0,0.0,487.6666666666667,42.099972102870126,optimal
2021-02-07 17:00:00,10,120,0.0,0.1548148148148148,0.0,0.2195333333333333,13.23,6.0,5,20.21295265352672,,0.0,0.0,0.0,139.33333333333331,41.756026848935576,optimal
2021-02-07 17:30:00,10,120,0.0,0.0,0.0,0.3343,11.382,6.0,5,20.184199807433927,,0.0,0.0,0.0,0.0,41.41242554025496,optimal
2021-02-07 18:00:00,10,120,0.0,0.4644444444444444,0.0,0.4234,11.7495,6.0,5,20.15658219321137,,0.0,0.0,0.0,418.0,41.06916783288302,optimal
2021-02-07 18:30:00,10,120,0.0,0.774074074074074,0.0,0.3778,24.3285,6.0,5,20.13190388208209,,0.0,0.0,0.0,696.6666666666666,40.726253383218456,optimal
2021-02-07 19:00:00,10,120,0.0,0.0,0.0,0.1888,28.917,6.0,5,20.106094885438004,,0.0,0.0,0.0,0.0,40.38368184800356,optimal
2021-02-07 19:30:00,10,120,0.0,0.0,0.0,0.071,31.3635,6.0,5,20.071617386631388,,0.0,0.0,0.0,0.0,40.04145288432387,optimal
2021-02-07 20:00:00,10,120,0.0,0.0,0.0,0.071,33.306,6.0,5,20.035773161601025,,0.0,0.0,0.0,0.0,39.69956614960786,optimal
2021-02-07 20:30:00,10,120,0.0,0.0,0.0,0.1268,31.3425,6.0,5,20.0,,0.0,0.0,0.0,0.0,39.35802130162657,optimal
2021-02-07 21:00:00,10,120,0.0,0.0,0.0,0.2715333333333333,28.2555,6.0,5,19.96477927940667,,0.0,0.0,0.0,0.0,39.01681799849327,optimal
2021-02-07 21:30:00,10,120,0.0,0.0,0.0,0.3467666666666666,15.6975,6.0,5,19.93183086359223,,0.0,0.0,0.0,0.0,38.97780118049477,optimal
2021-02-07 22:00:00,10,120,0.0,0.0,0.0,0.3114666666666666,12.5475,6.0,5,19.90397461097792,,0.0,0.0,0.0,0.0,38.93882337931428,optimal
2021-02-07 22:30:00,10,120,0.0,0.0,0.0,0.071,12.0855,6.0,5,19.87536427146696,,0.0,0.0,0.0,0.0,38.89988455593497,optimal
2021-02-07 23:00:00,10,120,0.0,0.0,0.0,0.2074,11.907,6.0,5,19.841559251664425,,0.0,0.0,0.0,0.0,38.86098467137903,optimal
2021-02-07 23:30:00,10,120,0.0,0.0,0.0,0.071,12.5685,6.0,5,19.80948292405519,,0.0,0.0,0.0,0.0,38.82212368670765,optimal
2021-02-08 00:00:00,10,120,1.1428571428571428,0.0,0.0,0.1154,11.2455,6.0,2,19.80948292405519,,4000.0,0.0,0.0,0.0,38.78330156302094,optimal
2021-02-08 00:30:00,10,120,1.1428571428571428,0.0,0.0,0.06,11.025,6.0,2,19.82662964481549,,4000.0,0.0,0.0,0.0,38.74451826145792,optimal
2021-02-08 01:00:00,10,120,1.1428571428571428,0.0,5.0,0.06,5.9745,6.0,2,19.841867508501004,,4000.0,0.0,0.0,0.0,41.08077374319646,optimal
2021-02-08 01:30:00,10,120,1.1428571428571428,0.0,0.0,0.06,7.938,6.0,2,19.857075162163884,,4000.0,0.0,0.0,0.0,41.03969296945326,optimal
2021-02-08 02:00:00,10,120,1.1428571428571428,0.0,0.0,0.06,8.6835,6.0,2,19.87215353755434,,4000.0,0.0,0.0,0.0,40.99865327648381,optimal
2021-02-08 02:30:00,10,120,1.1428571428571428,0.0,0.0,0.06,7.665,6.0,2,19.887102890974667,,4000.0,0.0,0.0,0.0,40.957654623207326,optimal
2021-02-08 03:00:00,10,120,1.1428571428571428,0.0,0.2873899103655737,0.06,6.7725,6.0,2,19.90212173450517,,4000.0,0.0,0.0,0.0,41.05320717600776,optimal
2021-02-08 03:30:00,10,120,1.1428571428571428,0.0,5.0,0.06,5.5755,6.0,2,19.91720993037733,,4000.0,0.0,0.0,0.0,43.38715396883175,optimal
2021-02-08 04:00:00,10,120,1.1428571428571428,0.0,5.0,0.06,5.0925,6.0,2,19.93216908480965,,4000.0,0.0,0.0,0.0,45.71876681486292,optimal
2021-02-08 04:30:00,10,120,1.1428571428571428,0.0,5.0,0.06,4.1895,6.0,2,19.946999453634888,,4000.0,0.0,0.0,0.0,48.048048048048045,optimal
2021-02-08 05:00:00,10,120,1.1428571428571428,0.0,0.0,0.1406666666666666,7.056,6.0,2,19.961602164035536,,4000.0,0.0,0.0,0.0,48.0,optimal
2021-02-08 05:30:00,10,120,1.1428571428571428,0.0,0.0,2.023733333333333,5.271,6.0,2,19.977281178084286,,4000.0,0.0,0.0,0.0,47.87814873334175,optimal
2021-02-08 06:00:00,10,120,1.1428571428571428,0.8514814814814814,0.0,0.1830666666666666,7.938,6.0,2,19.99809924888388,,4000.0,0.0,0.0,766.3333333333333,47.75641931795016,optimal
2021-02-08 06:30:00,10,120,1.1428571428571428,3.173703703703704,0.0,0.2724666666666666,7.938,6.0,2,20.014079000778995,,4000.0,0.0,0.0,2856.333333333333,47.63481163197395,optimal
2021-02-08 07:00:00,10,120,1.1428571428571428,0.6192592592592592,0.0,0.5307333333333334,11.907,6.0,2,20.03336823739641,,4000.0,0.0,0.0,557.3333333333333,47.51332555368373,optimal
2021-02-08 07:30:00,10,120,1.1428571428571428,0.4644444444444444,0.0,0.2056666666666666,11.025,6.0,2,20.05596892511489,,4000.0,0.0,0.0,418.0,47.3919609614718,optimal
2021-02-08 08:00:00,10,120,1.1428571428571428,1.6255555555555554,0.0,0.0841666666666666,11.2875,6.0,2,20.07431963205165,,4000.0,0.0,0.0,1463.0,47.27071773385208,optimal
2021-02-08 08:30:00,10,120,1.1428571428571428,0.0,0.0,0.07,12.936,6.0,2,20.0884288554126,,4000.0,0.0,0.0,0.0,47.14959574945997,optimal
2021-02-08 09:00:00,10,120,1.1428571428571428,0.0,0.0,0.07,13.0095,6.0,2,20.099317024021254,,4000.0,0.0,0.0,0.0,47.02859488705226,optimal
2021-02-08 09:30:00,10,120,0.1932288595591533,0.0,0.0,0.07,13.671,6.0,2,20.1116010475442,,676.3010084570367,0.0,0.0,0.0,46.90771502550695,optimal
2021-02-08 10:00:00,10,120,1.1428571428571428,0.0,0.0,0.07,13.188,6.0,2,20.08366765974101,,4000.0,0.0,0.0,0.0,46.7869560438232,optimal
2021-02-08 10:30:00,10,120,0.0,0.0,0.0,0.07,13.8495,6.0,2,20.099130280303825,,0.0,0.0,0.0,0.0,46.66631782112112,optimal
2021-02-08 11:00:00,10,120,1.1428571428571428,0.0,0.0,0.07,13.23,6.0,2,20.06553548790217,,4000.0,0.0,0.0,0.0,46.54580023664175,optimal
2021-02-08 11:30:00,10,120,1.1428571428571428,0.0,0.0,0.07,13.3665,6.0,2,20.083444485460262,,4000.0,0.0,0.0,0.0,46.42540316974685,optimal
2021-02-08 12:00:00,10,120,1.1428571428571428,0.0,0.0,0.07,13.0515,6.0,2,20.101516233591045,,4000.0,0.0,0.0,0.0,46.30512649991885,optimal
2021-02-08 12:30:00,10,120,1.1428571428571428,0.0,0.0,0.07,13.5345,6.0,2,20.120687514285176,,4000.0,0.0,0.0,0.0,46.18497010676068,optimal
2021-02-08 13:00:00,10,120,0.0,0.0,0.0,0.07,14.154,6.0,2,20.14021729928247,,0.0,0.0,0.0,0.0,46.06493386999567,optimal
2021-02-08 13:30:00,10,120,0.0,0.0,0.0,0.0686666666666666,14.112,6.0,2,20.111052365371787,,0.0,0.0,0.0,0.0,45.94501766946743,optimal
2021-02-08 14:00:00,10,120,0.0,0.0,0.0,0.07,14.2485,6.0,2,20.0887382175303,,0.0,0.0,0.0,0.0,45.825221385139706,optimal
2021-02-08 14:30:00,10,120,1.1428571428571428,0.0,0.0,0.07,12.789,6.0,2,20.06013648461467,,4000.0,0.0,0.0,0.0,45.70554489709632,optimal
2021-02-08 15:00:00,10,120,1.1428571428571428,0.0,0.0,0.07,13.0095,6.0,2,20.08002344492128,,4000.0,0.0,0.0,0.0,45.58598808554097,optimal
2021-02-08 15:30:00,10,120,1.1428571428571428,0.0,0.0,0.6266666666666666,12.1275,6.0,2,20.097537814574046,,4000.0,0.0,0.0,0.0,45.466550830797175,optimal
2021-02-08 16:00:00,10,120,1.1428571428571428,0.6966666666666667,0.0,1.6569,12.348,6.0,2,20.123424337996425,,4000.0,0.0,0.0,627.0,45.34723301330813,optimal
2021-02-08 16:30:00,10,120,1.1428571428571428,0.3096296296296296,0.0,0.2390666666666666,12.348,6.0,2,20.151693950726774,,4000.0,0.0,0.0,278.66666666666663,45.228034513636565,optimal
2021-02-08 17:00:00,10,120,0.0,0.9288888888888888,0.0,0.766,25.389,6.0,2,20.17608720212069,,0.0,0.0,0.0,836.0,45.10895521246468,optimal
2021-02-08 17:30:00,10,120,0.0,0.387037037037037,0.0,2.468833333333333,29.1375,6.0,2,20.15179222318078,,0.0,0.0,0.0,348.3333333333333,44.98999499059397,optimal
2021-02-08 18:00:00,10,120,0.0,0.4644444444444444,0.0,1.3238,30.597,6.0,2,20.130989990811823,,0.0,0.0,0.0,418.0,44.87115372894512,optimal
2021-02-08 18:30:00,10,120,0.0,0.0774074074074074,0.0,1.9885,33.684,6.0,2,20.104201252865472,,0.0,0.0,0.0,69.66666666666666,44.75243130855792,optimal
2021-02-08 19:00:00,10,120,0.0,0.4644444444444444,0.0,0.2994,32.445,6.0,2,20.076885831430964,,0.0,0.0,0.0,418.0,44.63382761059111,optimal
2021-02-08 19:30:00,10,120,0.0,0.0,0.0,0.4908,28.917,6.0,2,20.04622135021674,,0.0,0.0,0.0,0.0,44.58919378298052,optimal
2021-02-08 20:00:00,10,120,0.0,0.3096296296296296,0.0,0.222,15.876,6.0,2,20.022320781156143,,0.0,0.0,0.0,278.66666666666663,44.54460458919753,optimal
2021-02-08 20:30:00,10,120,0.0,0.0,0.0,0.5517666666666666,12.348,6.0,2,20.0,,0.0,0.0,0.0,0.0,44.500059984608335,optimal
2021-02-08 21:00:00,10,120,0.0,0.0,0.0,0.2268333333333332,12.1275,6.0,2,19.981676551403982,,0.0,0.0,0.0,0.0,44.45555992462373,optimal
2021-02-08 21:30:00,10,120,0.0,0.0,0.0,0.2176999999999999,12.348,6.0,2,19.95841650752076,,0.0,0.0,0.0,0.0,44.41110436469911,optimal
2021-02-08 22:00:00,10,120,0.0,0.0,0.0,0.8346666666666667,12.1275,6.0,2,19.93332785076808,,0.0,0.0,0.0,0.0,44.36669326033441,optimal
2021-02-08 22:30:00,10,120,0.0,0.0,0.0,1.9157333333333328,12.1275,6.0,2,19.90707578893888,,0.0,0.0,0.0,0.0,44.32232656707407,optimal
2021-02-08 23:00:00,10,120,0.0,0.0,0.0,0.9007333333333332,11.2665,6.0,2,19.88530993889199,,0.0,0.0,0.0,0.0,44.278004240507,optimal
2021-02-08 23:30:00,10,120,0.0,0.0,0.0,0.07,10.143,6.0,2,19.85625927282684,,0.0,0.0,0.0,0.0,44.23372623626648,optimal
2021-02-09 00:00:00,10,120,1.1428571428571428,0.0,0.0,0.055,10.8045,6.0,1,19.85625927282684,,4000.0,0.0,0.0,0.0,44.18949251003022,optimal
2021-02-09 00:30:00,10,120,1.1428571428571428,0.0,5.0,0.0936666666666666,10.584,6.0,1,19.86960292149548,,4000.0,0.0,0.0,0.0,46.52030301752019,optimal
2021-02-09 01:00:00,10,120,1.1428571428571428,0.0,0.0,0.2425999999999999,11.2455,6.0,1,19.88349029428977,,4000.0,0.0,0.0,0.0,46.47378271450267,optimal
2021-02-09 01:30:00,10,120,1.1428571428571428,0.0,0.0,0.2000666666666666,12.1275,6.0,1,19.89926361962257,,4000.0,0.0,0.0,0.0,46.42730893178817,optimal
2021-02-09 02:00:00,10,120,1.1428571428571428,0.0,0.0,0.0798,11.823,6.0,1,19.91428926139486,,4000.0,0.0,0.0,0.0,46.38088162285638,optimal
2021-02-09 02:30:00,10,120,1.1428571428571428,0.0,0.0,0.2575333333333333,11.7705,6.0,1,19.92762172778928,,4000.0,0.0,0.0,0.0,46.33450074123352,optimal
2021-02-09 03:00:00,10,120,1.1428571428571428,0.0,0.0,0.199,11.13,6.0,1,19.943192098344017,,4000.0,0.0,0.0,0.0,46.28816624049229,optimal
2021-02-09 03:30:00,10,120,1.1428571428571428,0.0,0.0,0.0922,11.6865,6.0,1,19.9581176546464,,4000.0,0.0,0.0,0.0,46.241878074251794,optimal
2021-02-09 04:00:00,10,120,1.1428571428571428,0.0,0.0,0.3333,10.7205,6.0,1,19.971910802124395,,4000.0,0.0,0.0,0.0,46.19563619617754,optimal
2021-02-09 04:30:00,10,120,1.1428571428571428,0.0,0.0,0.1108333333333333,11.424,6.0,1,19.988812023059225,,4000.0,0.0,0.0,0.0,46.14944055998136,optimal
2021-02-09 05:00:00,10,120,1.1428571428571428,0.0,3.993071327533941,0.2690666666666667,10.689,6.0,1,20.002771314684527,,4000.0,0.0,0.0,0.0,48.0,optimal
2021-02-09 05:30:00,10,120,1.1428571428571428,2.4770370370370367,0.0,0.3562666666666667,11.361,6.0,1,20.01979471967873,,4000.0,0.0,0.0,2229.333333333333,47.75330082703998,optimal
2021-02-09 06:00:00,10,120,1.1428571428571428,0.2322222222222222,0.0,0.1856666666666666,11.571,6.0,1,20.03810859541146,,4000.0,0.0,0.0,209.0,47.50684835325292,optimal
2021-02-09 06:30:00,10,120,1.1428571428571428,2.4770370370370367,0.0,0.5604333333333332,14.3745,6.0,1,20.054521045985886,,4000.0,0.0,0.0,2229.333333333333,47.26064233193965,optimal
2021-02-09 07:00:00,10,120,1.1428571428571428,0.387037037037037,0.0,0.178,13.23,6.0,1,20.073827923760472,,4000.0,0.0,0.0,348.3333333333333,47.01468251664769,optimal
2021-02-09 07:30:00,10,120,1.1428571428571428,0.0,0.0,0.3640666666666666,13.9755,6.0,1,20.08964847013936,,4000.0,0.0,0.0,0.0,46.76896866117102,optimal
2021-02-09 08:00:00,10,120,0.0,0.387037037037037,0.0,0.2276,14.994,6.0,1,20.10878405080609,,0.0,0.0,0.0,348.3333333333333,46.52350051954984,optimal
2021-02-09 08:30:00,10,120,1.1428571428571428,2.1674074074074072,0.0,0.4712333333333333,13.671,6.0,1,20.07890678742161,,4000.0,0.0,0.0,1950.6666666666667,46.27827784607027,optimal
2021-02-09 09:00:00,10,120,0.0,0.0,0.0,0.324,15.981,6.0,1,20.101529007510024,,0.0,0.0,0.0,0.0,46.03330039526418,optimal
2021-02-09 09:30:00,10,120,0.0,0.0774074074074074,0.0,2.493033333333333,15.6345,6.0,1,20.07657869945884,,0.0,0.0,0.0,69.66666666666666,45.78856792190889,optimal
2021-02-09 10:00:00,10,120,0.0,0.0,0.0,0.5512666666666667,16.5375,6.0,1,20.05275431567148,,0.0,0.0,0.0,0.0,45.54408018102696,optimal
2021-02-09 10:30:00,10,120,1.1428571428571428,0.0,0.0,0.3468333333333333,14.7735,6.0,1,20.03098022845321,,4000.0,0.0,0.0,0.0,45.29983692788592,optimal
2021-02-09 11:00:00,10,120,0.0,0.0,0.0,0.2109,15.2145,6.0,1,20.05178296830708,,0.0,0.0,0.0,0.0,45.05583791799801,optimal
2021-02-09 11:30:00,10,120,1.1428571428571428,0.0,0.0,0.4410333333333333,14.553,6.0,1,20.023121811197218,,4000.0,0.0,0.0,0.0,44.81208290711999,optimal
2021-02-09 12:00:00,10,120,1.1428571428571428,0.0,0.0,0.1978,14.3325,6.0,1,20.04585619012433,,4000.0,0.0,0.0,0.0,44.56857165125285,optimal
2021-02-09 12:30:00,10,120,1.1428571428571428,0.0,0.0,0.065,14.595,6.0,1,20.068895739970685,,4000.0,0.0,0.0,0.0,44.32530390664158,optimal
2021-02-09 13:00:00,10,120,0.4907895048795965,0.0,0.0,0.2036333333333333,14.994,6.0,1,20.09017266913723,,1717.763267078588,0.0,0.0,0.0,44.08227942977492,optimal
2021-02-09 13:30:00,10,120,1.1428571428571428,0.0,0.0,0.2880333333333333,14.3325,6.0,1,20.0856465702996,,4000.0,0.0,0.0,0.0,43.83949797738513,optimal
2021-02-09 14:00:00,10,120,1.1428571428571428,0.0,0.0,0.1217999999999999,13.8915,6.0,1,20.10986149757435,,4000.0,0.0,0.0,0.0,43.59695930644772,optimal
2021-02-09 14:30:00,10,120,1.1428571428571428,0.0,0.0,0.2925333333333333,13.8915,6.0,1,20.13135484035677,,4000.0,0.0,0.0,0.0,43.354663174181255,optimal
2021-02-09 15:00:00,10,120,1.1428571428571428,0.0,0.0,0.2109666666666666,13.4715,6.0,1,20.15478637516033,,4000.0,0.0,0.0,0.0,43.11260933804705,optimal
2021-02-09 15:30:00,10,120,1.1428571428571428,0.0,0.0,0.1728666666666666,13.23,6.0,1,20.174913619310693,,4000.0,0.0,0.0,0.0,42.870797555748986,optimal
2021-02-09 16:00:00,10,120,1.1428571428571428,0.1548148148148148,0.0,0.2744333333333333,13.8915,6.0,1,20.194536812657248,,4000.0,0.0,0.0,139.33333333333331,42.62922758523322,optimal
2021-02-09 16:30:00,10,120,0.0,0.0,0.0,0.2777666666666666,26.9325,6.0,1,20.213195663878608,,0.0,0.0,0.0,0.0,42.38789918468797,optimal
2021-02-09 17:00:00,10,120,0.0,0.2322222222222222,0.0,1.7828333333333333,30.303,6.0,1,20.183086841432583,,0.0,0.0,0.0,209.0,42.14681211254326,optimal
2021-02-09 17:30:00,10,120,0.0,0.774074074074074,0.0,0.2872,32.886,6.0,1,20.15516086540408,,0.0,0.0,0.0,696.6666666666666,41.9059661274707,optimal
2021-02-09 18:00:00,10,120,0.0,0.6192592592592592,0.0,0.2606,34.9965,6.0,1,20.12404308244452,,0.0,0.0,0.0,557.3333333333333,41.864060161343225,optimal
2021-02-09 18:30:00,10,120,0.0,0.0,0.0,0.3773,33.327,6.0,1,20.09429312565639,,0.0,0.0,0.0,0.0,41.82219610118188,optimal
2021-02-09 19:00:00,10,120,0.0,0.1548148148148148,0.0,0.7706333333333333,31.122,6.0,1,20.06971358146913,,0.0,0.0,0.0,139.33333333333331,41.7803739050807,optimal
2021-02-09 19:30:00,10,120,0.0,0.0774074074074074,0.0,0.3428333333333333,17.9025,6.0,1,20.04856495620113,,0.0,0.0,0.0,69.66666666666666,41.73859353117562,optimal
2021-02-09 20:00:00,10,120,0.0,0.0,0.0,1.0014333333333332,15.6555,6.0,1,20.02333745999133,,0.0,0.0,0.0,0.0,41.69685493764444,optimal
2021-02-09 20:30:00,10,120,0.0,0.774074074074074,0.0,1.2266666666666668,14.553,6.0,1,20.0,,0.0,0.0,0.0,696.6666666666666,41.65515808270679,optimal
2021-02-09 21:00:00,10,120,0.0,0.2322222222222222,0.0,0.3917333333333333,14.3325,6.0,1,19.976640090620325,,0.0,0.0,0.0,209.0,41.613502924624086,optimal
2021-02-09 21:30:00,10,120,0.0,0.4644444444444444,0.0,0.4341,13.335,6.0,1,19.949761768715256,,0.0,0.0,0.0,418.0,41.57188942169946,optimal
2021-02-09 22:00:00,10,120,0.0,0.0,0.0,0.5184333333333333,12.1275,6.0,1,19.922523004488937,,0.0,0.0,0.0,0.0,41.53031753227776,optimal
2021-02-09 22:30:00,10,120,0.0,0.0,0.0,0.3107333333333333,12.2955,6.0,1,19.896907960449933,,0.0,0.0,0.0,0.0,41.488787214745486,optimal
2021-02-09 23:00:00,10,120,0.0,0.1548148148148148,0.0,0.6345666666666667,11.6865,6.0,1,19.869710417566143,,0.0,0.0,0.0,139.33333333333331,41.44729842753074,optimal
2021-02-09 23:30:00,10,120,0.0,0.0,0.0,0.1227333333333333,11.466,6.0,1,19.845349531446075,,0.0,0.0,0.0,0.0,41.40585112910321,optimal
2021-02-10 00:00:00,10,120,1.1428571428571428,0.0,0.0,0.054,13.3665,6.0,4,19.845349531446075,,4000.0,0.0,0.0,0.0,41.364445277974106,optimal
2021-02-10 00:30:00,10,120,1.1428571428571428,0.0,0.0,0.054,12.789,6.0,4,19.8583061144473,,4000.0,0.0,0.0,0.0,41.323080832696135,optimal
2021-02-10 01:00:00,10,120,1.1428571428571428,0.0,0.0,0.0576,11.907,6.0,4,19.87103875392212,,4000.0,0.0,0.0,0.0,41.28175775186344,optimal
2021-02-10 01:30:00,10,120,1.1428571428571428,0.0,0.0,0.111,11.7075,6.0,4,19.885536864423923,,4000.0,0.0,0.0,0.0,41.24047599411158,optimal
2021-02-10 02:00:00,10,120,1.1428571428571428,0.0,0.3151294826019586,0.1433333333333333,10.8045,6.0,4,19.898513398216963,,4000.0,0.0,0.0,0.0,41.34892202235339,optimal
2021-02-10 02:30:00,10,120,1.1428571428571428,0.0,0.0,0.057,11.508,6.0,4,19.91157456829172,,4000.0,0.0,0.0,0.0,41.30757310033104,optimal
2021-02-10 03:00:00,10,120,1.1428571428571428,0.0,0.0,0.1933333333333332,11.508,6.0,4,19.923606830849856,,4000.0,0.0,0.0,0.0,41.26626552723071,optimal
2021-02-10 03:30:00,10,120,1.1428571428571428,0.0,0.0,0.054,11.508,6.0,4,19.937312645181088,,4000.0,0.0,0.0,0.0,41.224999261703466,optimal
2021-02-10 04:00:00,10,120,1.1428571428571428,0.0,0.0,0.054,11.844,6.0,4,19.949293880383863,,4000.0,0.0,0.0,0.0,41.183774262441766,optimal
2021-02-10 04:30:00,10,120,1.1428571428571428,0.0,0.0,0.1933333333333332,11.508,6.0,4,19.96125136203469,,4000.0,0.0,0.0,0.0,41.14259048817932,optimal
2021-02-10 05:00:00,10,120,1.1428571428571428,0.0,0.0,0.054,11.508,6.0,4,19.97468428743033,,4000.0,0.0,0.0,0.0,41.10144789769113,optimal
2021-02-10 05:30:00,10,120,1.1428571428571428,0.0,5.0,0.054,10.4475,6.0,4,19.986194918430847,,4000.0,0.0,0.0,0.0,43.43534644979344,optimal
2021-02-10 06:00:00,10,120,1.1428571428571428,0.0,5.0,0.1933333333333332,10.8675,6.0,4,19.99748447259569,,4000.0,0.0,0.0,0.0,45.76691110334364,optimal
2021-02-10 06:30:00,10,120,1.1428571428571428,0.0,5.0,0.061,10.542,6.0,4,20.01025079471357,,4000.0,0.0,0.0,0.0,48.096144192240295,optimal
2021-02-10 07:00:00,10,120,1.1428571428571428,0.0,0.0,0.102,11.025,6.0,4,20.02169091287764,,4000.0,0.0,0.0,0.0,48.048048048048045,optimal
2021-02-10 07:30:00,10,120,1.1428571428571428,0.9288888888888888,0.0,0.2976666666666667,11.025,6.0,4,20.033967791903294,,4000.0,0.0,0.0,836.0,48.0,optimal
2021-02-10 08:00:00,10,120,1.1428571428571428,0.0,0.0,0.1663333333333333,14.553,6.0,4,20.0491058771927,,4000.0,0.0,0.0,0.0,47.65525092914744,optimal
2021-02-10 08:30:00,10,120,1.1428571428571428,5.960370370370371,0.0,0.4900666666666666,13.0935,6.0,4,20.06344850944675,,4000.0,0.0,0.0,5364.333333333334,47.31084660736574,optimal
2021-02-10 09:00:00,10,120,1.1428571428571428,0.0,0.0,0.156,15.6345,6.0,4,20.083516201499148,,4000.0,0.0,0.0,0.0,46.96678668990582,optimal
2021-02-10 09:30:00,10,120,0.0,0.2322222222222222,0.0,0.156,18.102,6.0,4,20.102824470785905,,0.0,0.0,0.0,209.0,46.62307083236336,optimal
2021-02-10 10:00:00,10,120,0.7298105123134471,0.2322222222222222,0.0,0.4939333333333333,17.199,6.0,4,20.07171374797245,,2554.3367930970644,0.0,0.0,209.0,46.27969869067844,optimal
2021-02-10 10:30:00,10,120,0.0,5.186296296296297,0.0,0.1008666666666666,18.2805,6.0,4,20.07874657285873,,0.0,0.0,0.0,4667.666666666668,45.936669921135206,optimal
2021-02-10 11:00:00,10,120,0.0,0.0,0.0,0.3391333333333333,17.4615,6.0,4,20.04920836619277,,0.0,0.0,0.0,0.0,45.59398418036152,optimal
2021-02-10 11:30:00,10,120,0.0,0.1548148148148148,0.0,0.1456666666666666,18.3225,6.0,4,20.026123539104013,,0.0,0.0,0.0,139.33333333333331,45.2516411253286,optimal
2021-02-10 12:00:00,10,120,0.9106713055177332,0.0,0.0,0.0962,17.094,6.0,4,20.0,,3187.3495693120667,0.0,0.0,0.0,44.90964041335072,optimal
2021-02-10 12:30:00,10,120,1.1428571428571428,0.2322222222222222,0.0,0.2752,17.094,6.0,4,20.015469664702085,,4000.0,0.0,0.0,209.0,44.56798170208481,optimal
2021-02-10 13:00:00,10,120,1.1428571428571428,0.0,0.0,0.383,17.094,6.0,4,20.04389077913076,,4000.0,0.0,0.0,0.0,44.22666464953016,optimal
2021-02-10 13:30:00,10,120,0.0,0.0774074074074074,0.0,0.4292666666666666,17.3565,6.0,4,20.073778315478933,,0.0,0.0,0.0,69.66666666666666,43.88568891402808,optimal
2021-02-10 14:00:00,10,120,1.1428571428571428,0.0,0.0,0.0956666666666666,17.115,6.0,4,20.05520023742432,,4000.0,0.0,0.0,0.0,43.54505415426149,optimal
2021-02-10 14:30:00,10,120,1.1428571428571428,0.0,0.0,0.083,17.241,6.0,4,20.076418956447505,,4000.0,0.0,0.0,0.0,43.20476002925467,optimal
2021-02-10 15:00:00,10,120,1.1428571428571428,0.0,0.0,0.1843333333333333,17.094,6.0,4,20.097441298345483,,4000.0,0.0,0.0,0.0,42.86480619837286,optimal
2021-02-10 15:30:00,10,120,1.1428571428571428,0.0,0.0,0.064,16.5165,6.0,4,20.117717602361445,,4000.0,0.0,0.0,0.0,42.52519232132193,optimal
2021-02-10 16:00:00,10,120,0.0,0.0,0.0,0.2033333333333332,17.8185,6.0,4,20.13609125278921,,0.0,0.0,0.0,0.0,42.18591805814805,optimal
2021-02-10 16:30:00,10,120,1.1428571428571428,0.0,0.0,0.072,17.094,6.0,4,20.10409174147728,,4000.0,0.0,0.0,0.0,41.84698306923735,optimal
2021-02-10 17:00:00,10,120,1.1428571428571428,0.9288888888888888,0.0,0.0643333333333333,16.8945,6.0,4,20.12106110168557,,4000.0,0.0,0.0,836.0,41.50838701531556,optimal
2021-02-10 17:30:00,10,120,0.0,0.4644444444444444,0.0,0.9342,18.123,6.0,4,20.137718194052947,,0.0,0.0,0.0,418.0,41.170129557447694,optimal
2021-02-10 18:00:00,10,120,0.0,0.0,0.0,1.1664666666666668,31.647,6.0,4,20.11768669279793,,0.0,0.0,0.0,0.0,40.83221035703769,optimal
2021-02-10 18:30:00,10,120,0.0,0.2322222222222222,0.0,0.2381333333333333,34.9965,6.0,4,20.09990214792695,,0.0,0.0,0.0,209.0,40.494629075828094,optimal
2021-02-10 19:00:00,10,120,0.0,2.0899999999999994,0.0,1.231933333333333,34.9965,6.0,4,20.073993580016825,,0.0,0.0,0.0,1881.0,40.15738537589971,optimal
2021-02-10 19:30:00,10,120,0.0,0.0,0.0,1.121,34.9965,6.0,4,20.051968094679083,,0.0,0.0,0.0,0.0,39.82047891967125,optimal
2021-02-10 20:00:00,10,120,0.0,0.0,0.0,0.4016,34.9965,6.0,4,20.02545470643893,,0.0,0.0,0.0,0.0,39.483909369899024,optimal
2021-02-10 20:30:00,10,120,0.0,0.0,0.0,0.4050666666666667,34.9965,6.0,4,20.0,,0.0,0.0,0.0,0.0,39.14767638967657,optimal
2021-02-10 21:00:00,10,120,0.0,0.0,0.0,0.0822666666666666,27.741,6.0,4,19.97655861438866,,0.0,0.0,0.0,0.0,38.81177964243434,optimal
2021-02-10 21:30:00,10,120,0.0,0.0,0.0,0.1563333333333333,19.026,6.0,4,19.94673219264409,,0.0,0.0,0.0,0.0,38.47621879193935,optimal
2021-02-10 22:00:00,10,120,0.0,0.1548148148148148,0.0,0.2610666666666666,18.7215,6.0,4,19.905035457862216,,0.0,0.0,0.0,139.33333333333331,38.14099350229485,optimal
2021-02-10 22:30:00,10,120,0.0,0.0,0.0,0.3846,17.4195,6.0,4,19.866459982732792,,0.0,0.0,0.0,0.0,37.80610343794,optimal
2021-02-10 23:00:00,10,120,0.0,0.0,0.0,0.272,16.758,6.0,4,19.83010525897021,,0.0,0.0,0.0,0.0,37.76829733450206,optimal
2021-02-10 23:30:00,10,120,0.0,0.0,0.0,0.0766666666666666,14.217,6.0,4,19.790954255634464,,0.0,0.0,0.0,0.0,37.73052903716756,optimal
2021-02-11 00:00:00,10,120,1.1428571428571428,0.0,0.0,0.182,19.1625,6.0,-14,19.790954255634464,,4000.0,0.0,0.0,0.0,37.69279850813039,optimal
2021-02-11 00:30:00,10,120,0.0,0.0,0.0,0.1268,26.46,6.0,-14,19.79745560406278,,0.0,0.0,0.0,0.0,37.655105709622255,optimal
2021-02-11 01:00:00,10,120,1.1428571428571428,0.0,0.0,0.1513333333333333,20.79,6.0,-14,19.754740481181024,,4000.0,0.0,0.0,0.0,37.61745060391263,optimal
2021-02-11 01:30:00,10,120,0.0,0.0,0.0,0.056,29.106,6.0,-14,19.76133654640688,,0.0,0.0,0.0,0.0,37.57983315330872,optimal
2021-02-11 02:00:00,10,120,1.1428571428571428,0.0,0.0,0.2528,19.1835,6.0,-14,19.7180287782129,,4000.0,0.0,0.0,0.0,37.54225332015541,optimal
2021-02-11 02:30:00,10,120,1.1428571428571428,0.0,0.0,0.1549333333333333,19.6665,6.0,-14,19.72593372845732,,4000.0,0.0,0.0,0.0,37.504711066835256,optimal
2021-02-11 03:00:00,10,120,1.1428571428571428,0.0,0.0,0.2012,19.404,6.0,-14,19.73243250503076,,4000.0,0.0,0.0,0.0,37.46720635576842,optimal
2021-02-11 03:30:00,10,120,1.1428571428571428,0.0,0.0,0.1278333333333333,19.047,6.0,-14,19.73928377749841,,4000.0,0.0,0.0,0.0,37.42973914941265,optimal
2021-02-11 04:00:00,10,120,1.1428571428571428,0.0,5.0,0.1275,18.858,6.0,-14,19.745723329688115,,4000.0,0.0,0.0,0.0,39.76730941026324,optimal
2021-02-11 04:30:00,10,120,1.1428571428571428,0.0,0.0,0.0955999999999999,19.2675,6.0,-14,19.752641694995067,,4000.0,0.0,0.0,0.0,39.72754210085297,optimal
2021-02-11 05:00:00,10,120,1.1428571428571428,0.0,2.773052918513605,0.1265333333333333,18.963,6.0,-14,19.75915772745888,,4000.0,0.0,0.0,0.0,41.00501469504607,optimal
2021-02-11 05:30:00,10,120,1.1428571428571428,0.0,5.0,0.2303,18.438,6.0,-14,19.765923980092484,,4000.0,0.0,0.0,0.0,43.33900968035103,optimal
2021-02-11 06:00:00,10,120,1.1428571428571428,0.0,5.0,0.1578333333333333,18.7425,6.0,-14,19.77442845850721,,4000.0,0.0,0.0,0.0,45.670670670670674,optimal
2021-02-11 06:30:00,10,120,1.1428571428571428,0.6966666666666667,5.0,0.1266666666666666,15.2145,6.0,-14,19.78252890316817,,4000.0,0.0,0.0,627.0,48.0,optimal
2021-02-11 07:00:00,10,120,1.1428571428571428,0.4644444444444444,0.0,0.1788,17.7765,6.0,-14,19.793837773787143,,4000.0,0.0,0.0,418.0,47.9334794479719,optimal
2021-02-11 07:30:00,10,120,1.1428571428571428,18.470836561350744,0.0,0.1194666666666666,16.758,6.0,-14,19.80742325745063,,4000.0,14742.752905215671,0.0,1881.0,47.86702541649583,optimal
2021-02-11 08:00:00,10,120,1.1428571428571428,0.0,0.0,1.2996666666666667,16.422,6.0,-14,20.0,,4000.0,0.0,0.0,0.0,47.800637839051234,optimal
2021-02-11 08:30:00,10,120,1.1428571428571428,0.0774074074074074,0.0,2.856133333333333,16.758,6.0,-14,20.01603743189797,,4000.0,0.0,0.0,69.66666666666666,47.73431664918408,optimal
2021-02-11 09:00:00,10,120,0.0,0.1548148148148148,0.0,3.0435,29.358,6.0,-14,20.032882824674715,,0.0,0.0,0.0,139.33333333333331,47.6680617805068,optimal
2021-02-11 09:30:00,10,120,0.0,2.8045824044117937,0.0,0.2165666666666666,34.9965,6.0,-14,20.00425883818016,,0.0,2524.1241639706145,0.0,0.0,47.60187316669819,optimal
2021-02-11 10:00:00,10,120,0.0,2.910987851708297,0.0,0.0984,34.65,6.0,-14,20.0,,0.0,2619.8890665374674,0.0,0.0,47.53575074150339,optimal
2021-02-11 10:30:00,10,120,0.0,2.872814973907752,0.0,0.2304,34.9965,6.0,-14,20.0,,0.0,2585.533476516976,0.0,0.0,47.46969443873379,optimal
2021-02-11 11:00:00,10,120,0.0,2.891675920622508,0.0,0.0803,34.9965,6.0,-14,20.0,,0.0,2602.508328560257,0.0,0.0,47.40370419226696,optimal
2021-02-11 11:30:00,10,120,0.0,2.576577203058388,0.0,0.2418333333333333,30.4815,6.0,-14,20.0,,0.0,2318.9194827525494,0.0,0.0,47.33777993604659,optimal
2021-02-11 12:00:00,10,120,0.5979937767897348,0.0,0.0,0.168,21.4305,6.0,-14,20.0,,2092.978218764072,0.0,0.0,0.0,47.27192160408244,optimal
2021-02-11 12:30:00,10,120,0.557999078462681,0.0,0.0,0.2022,14.3325,6.0,-14,20.0,,1952.996774619384,0.0,0.0,0.0,47.20612913045026,optimal
2021-02-11 13:00:00,10,120,1.1428571428571428,0.0,0.0,0.0899333333333333,13.692,6.0,-14,20.0,,4000.0,0.0,0.0,0.0,47.140402449291706,optimal
2021-02-11 13:30:00,10,120,0.0131601937225004,0.0,0.0,0.152,14.007,6.0,-14,20.02363036044065,,46.06067802875143,0.0,0.0,0.0,47.07474149481431,optimal
2021-02-11 14:00:00,10,120,0.5212313057470787,0.0,0.0,0.2721333333333333,12.873,6.0,-14,20.0,,1824.309570114776,0.0,0.0,0.0,47.009146201291394,optimal
2021-02-11 14:30:00,10,120,0.5855053740770314,0.0,0.0,0.1041333333333333,12.684,6.0,-14,20.0,,2049.26880926961,0.0,0.0,0.0,46.943616503062,optimal
2021-02-11 15:00:00,10,120,0.6301101468325987,0.0,0.0,0.188,12.306,6.0,-14,20.0,,2205.385513914096,0.0,0.0,0.0,46.87815233453084,optimal
2021-02-11 15:30:00,10,120,1.1428571428571428,0.0,0.0,0.3077666666666666,10.6365,6.0,-14,20.0,,4000.0,0.0,0.0,0.0,46.81275363016821,optimal
2021-02-11 16:00:00,10,120,1.0204757130712758,0.1548148148148148,0.0,0.3090333333333334,11.2455,6.0,-14,20.02113477408664,,3571.6649957494656,0.0,0.0,139.33333333333331,46.74742032450994,optimal
2021-02-11 16:30:00,10,120,1.1428571428571428,0.1548148148148148,0.0,0.1166,11.2455,6.0,-14,20.034856328052086,,4000.0,0.0,0.0,139.33333333333331,46.68215235215733,optimal
2021-02-11 17:00:00,10,120,1.1428571428571428,0.0,0.0,0.2675,11.025,6.0,-14,20.05158369654577,,4000.0,0.0,0.0,0.0,46.61694964777708,optimal
2021-02-11 17:30:00,10,120,0.0,0.0774074074074074,0.0,1.2675999999999998,12.0855,6.0,-14,20.064336030688946,,0.0,0.0,0.0,69.66666666666666,46.5518121461012,optimal
2021-02-11 18:00:00,10,120,0.0,0.5418518518518518,0.0,0.5285333333333333,11.6865,6.0,-14,20.033279903707378,,0.0,0.0,0.0,487.6666666666667,46.486739781927,optimal
2021-02-11 18:30:00,10,120,0.5714556866689783,0.5418518518518518,0.0,1.3333666666666666,11.2245,6.0,-14,20.0,,2000.094903341424,0.0,0.0,487.6666666666667,46.42173249011697,optimal
2021-02-11 19:00:00,10,120,0.9094927097559892,0.387037037037037,0.0,0.1536666666666666,11.025,6.0,-14,20.0,,3183.2244841459624,0.0,0.0,348.3333333333333,46.375310757626856,optimal
2021-02-11 19:30:00,10,120,1.1428571428571428,0.2322222222222222,0.0,0.0964,10.7835,6.0,-14,20.0,,4000.0,0.0,0.0,209.0,46.32893544686923,optimal
2021-02-11 20:00:00,10,120,0.7275190177182461,0.0,0.0,0.3608,11.025,6.0,-14,20.00792643718645,,2546.3165620138616,0.0,0.0,0.0,46.28260651142236,optimal
2021-02-11 20:30:00,10,120,0.0,0.1548148148148148,0.0,0.2477333333333333,10.584,6.0,-14,20.0,,0.0,0.0,0.0,139.33333333333331,46.23632390491093,optimal
2021-02-11 21:00:00,10,120,0.0,0.5418518518518518,0.0,0.2970333333333333,11.025,6.0,-14,19.95847929914313,,0.0,0.0,0.0,487.6666666666667,46.19008758100602,optimal
2021-02-11 21:30:00,10,120,0.0,0.0774074074074074,0.0,0.342,10.4265,6.0,-14,19.91683837287965,,0.0,0.0,0.0,69.66666666666666,46.143897493425015,optimal
2021-02-11 22:00:00,10,120,0.0,0.0,0.0,0.072,12.789,6.0,-14,19.87775211540496,,0.0,0.0,0.0,0.0,46.09775359593159,optimal
2021-02-11 22:30:00,10,120,0.0,0.0,0.0,0.2153333333333333,12.684,6.0,-14,19.83051977065021,,0.0,0.0,0.0,0.0,46.05165584233566,optimal
2021-02-11 23:00:00,10,120,0.0,0.0,0.0,0.2088,16.254,6.0,-14,19.7839376651341,,0.0,0.0,0.0,0.0,46.00560418649333,optimal
2021-02-11 23:30:00,10,120,0.0,0.0,0.0,0.1375,17.64,6.0,-14,19.736178782544485,,0.0,0.0,0.0,0.0,45.95959858230684,optimal
2021-02-12 00:00:00,10,120,1.1428571428571428,0.0,0.0,0.0645999999999999,10.8045,6.0,-4,19.736178782544485,,4000.0,0.0,0.0,0.0,45.91363898372453,optimal
2021-02-12 00:30:00,10,120,1.1428571428571428,0.0,0.0,0.1108,10.059,6.0,-4,19.7350045726654,,4000.0,0.0,0.0,0.0,45.867725344740805,optimal
2021-02-12 01:00:00,10,120,1.1428571428571428,2.786666666666666,0.0,0.056,10.584,6.0,-4,19.73439551498841,,4000.0,0.0,0.0,2508.0,45.82185761939606,optimal
2021-02-12 01:30:00,10,120,1.1428571428571428,0.0,5.0,0.1174,9.4185,6.0,-4,19.736933145828413,,4000.0,0.0,0.0,0.0,48.15103576177667,optimal
2021-02-12 02:00:00,10,120,1.1428571428571428,0.0,0.0,0.058,10.3635,6.0,-4,19.736598924385348,,4000.0,0.0,0.0,0.0,48.10288472601489,optimal
2021-02-12 02:30:00,10,120,1.1428571428571428,0.0,0.6967409149247392,0.058,9.8385,6.0,-4,19.73573999065561,,4000.0,0.0,0.0,0.0,48.38573377587813,optimal
2021-02-12 03:00:00,10,120,1.1428571428571428,0.0,0.0,0.1174,11.067,6.0,-4,19.735477528674387,,4000.0,0.0,0.0,0.0,48.33734804210225,optimal
2021-02-12 03:30:00,10,120,1.1428571428571428,0.0,0.0,0.058,10.8465,6.0,-4,19.73653398708678,,4000.0,0.0,0.0,0.0,48.28901069406015,optimal
2021-02-12 04:00:00,10,120,1.1428571428571428,0.0,0.0,0.058,13.671,6.0,-4,19.73825251381908,,4000.0,0.0,0.0,0.0,48.24072168336608,optimal
2021-02-12 04:30:00,10,120,1.1428571428571428,0.0,0.0,0.058,12.348,6.0,-4,19.741355427467045,,4000.0,0.0,0.0,0.0,48.19248096168271,optimal
2021-02-12 05:00:00,10,120,1.1428571428571428,0.0,0.0,0.1009,14.3325,6.0,-4,19.745839983396603,,4000.0,0.0,0.0,0.0,48.144288480721016,optimal
2021-02-12 05:30:00,10,120,1.1428571428571428,0.0,0.0,0.0745,15.393,6.0,-4,19.75222606493962,,4000.0,0.0,0.0,0.0,48.096144192240295,optimal
2021-02-12 06:00:00,10,120,1.1428571428571428,0.0,0.0,0.058,13.587,6.0,-4,19.759863922102365,,4000.0,0.0,0.0,0.0,48.048048048048045,optimal
2021-02-12 06:30:00,10,120,1.1428571428571428,0.387037037037037,0.0,0.1028666666666666,16.1385,6.0,-4,19.76887167835896,,4000.0,0.0,0.0,348.3333333333333,48.0,optimal
2021-02-12 07:00:00,10,120,1.1428571428571428,0.2322222222222222,0.0,0.0692,14.595,6.0,-4,19.77923989543949,,4000.0,0.0,0.0,209.0,47.58233864539385,optimal
2021-02-12 07:30:00,10,120,1.1428571428571428,18.96928416784824,0.0,0.056,14.637,6.0,-4,19.78896959616767,,4000.0,16515.022417730077,0.0,557.3333333333333,47.165094952142304,optimal
2021-02-12 08:00:00,10,120,1.1428571428571428,0.0,0.0,0.0785666666666666,13.9125,6.0,-4,20.0,,4000.0,0.0,0.0,0.0,46.74826850258401,optimal
2021-02-12 08:30:00,10,120,1.1428571428571428,0.4644444444444444,0.0,0.1172333333333333,13.3665,6.0,-4,20.009352019956147,,4000.0,0.0,0.0,418.0,46.33185887947528,optimal
2021-02-12 09:00:00,10,120,1.1428571428571428,0.0,0.0,0.068,13.0095,6.0,-4,20.015496793304376,,4000.0,0.0,0.0,0.0,45.91586566598965,optimal
2021-02-12 09:30:00,10,120,1.1428571428571428,0.0,0.0,0.0944,13.8915,6.0,-4,20.01935389767296,,4000.0,0.0,0.0,0.0,45.50028844571751,optimal
2021-02-12 10:00:00,10,120,1.1428571428571428,0.0,0.0,0.101,13.188,6.0,-4,20.027886607245915,,4000.0,0.0,0.0,0.0,45.08512680266564,optimal
2021-02-12 10:30:00,10,120,1.1428571428571428,0.0,0.0,0.0845,12.5685,6.0,-4,20.04414046521149,,4000.0,0.0,0.0,0.0,44.67038032125682,optimal
2021-02-12 11:00:00,10,120,1.1428571428571428,0.0,0.0,0.1109,12.285,6.0,-4,20.06095411536317,,4000.0,0.0,0.0,0.0,44.25604858632941,optimal
2021-02-12 11:30:00,10,120,1.1428571428571428,0.0,0.0,0.068,11.487,6.0,-4,20.081628070410417,,4000.0,0.0,0.0,0.0,43.842131183136935,optimal
2021-02-12 12:00:00,10,120,1.1428571428571428,0.0,0.0,0.068,11.802,6.0,-4,20.101837543660707,,4000.0,0.0,0.0,0.0,43.42862769734764,optimal
2021-02-12 12:30:00,10,120,1.1428571428571428,0.0,0.0,0.0845,11.2245,6.0,-4,20.1231401250176,,4000.0,0.0,0.0,0.0,43.01553771504415,optimal
2021-02-12 13:00:00,10,120,1.1428571428571428,0.0,0.0,0.1109,11.025,6.0,-4,20.1447006094742,,4000.0,0.0,0.0,0.0,42.60286082272295,optimal
2021-02-12 13:30:00,10,120,1.1428571428571428,0.0,0.0,0.068,11.907,6.0,-4,20.1665744630122,,4000.0,0.0,0.0,0.0,42.19059660729408,optimal
2021-02-12 14:00:00,10,120,0.0,0.0,0.0,0.1274,25.83,6.0,-4,20.187684071449866,,0.0,0.0,0.0,0.0,41.77874465608063,optimal
2021-02-12 14:30:00,10,120,0.0,0.0,0.0,0.068,28.035,6.0,-4,20.15973998190595,,0.0,0.0,0.0,0.0,41.3673045568184,optimal
2021-02-12 15:00:00,10,120,0.0,0.0,0.0,0.068,28.119,6.0,-4,20.130929405802195,,0.0,0.0,0.0,0.0,40.95627589765543,optimal
2021-02-12 15:30:00,10,120,0.0,0.0,0.0,0.0977,30.156,6.0,-4,20.100717448000776,,0.0,0.0,0.0,0.0,40.54565826715162,optimal
2021-02-12 16:00:00,10,120,0.0,0.0,0.0,0.0977,29.1585,6.0,-4,20.070629818469573,,0.0,0.0,0.0,0.0,40.13545125427832,optimal
2021-02-12 16:30:00,10,120,0.0,0.6192592592592592,0.0,1.336266666666667,26.712,6.0,-4,20.03713768767496,,0.0,0.0,0.0,557.3333333333333,39.72565444841789,optimal
2021-02-12 17:00:00,10,120,0.4121993695982101,0.2322222222222222,0.0,0.0930999999999999,15.435,6.0,-4,20.012715331644625,,1442.6977935937357,0.0,0.0,209.0,39.31626743936332,optimal
2021-02-12 17:30:00,10,120,0.9018996120609044,0.4644444444444444,0.0,0.0932,13.566,6.0,-4,20.0,,3156.648642213165,0.0,0.0,418.0,38.90728981731781,optimal
2021-02-12 18:00:00,10,120,1.1428571428571428,0.4644444444444444,0.0,0.371,12.789,6.0,-4,20.00707910102201,,4000.0,0.0,0.0,418.0,38.49872117289434,optimal
2021-02-12 18:30:00,10,120,1.1428571428571428,0.0,0.0,0.1175,12.1275,6.0,-4,20.024898857768072,,4000.0,0.0,0.0,0.0,38.0905610971153,optimal
2021-02-12 19:00:00,10,120,0.0,0.6192592592592592,0.0,0.2063333333333332,13.671,6.0,-4,20.034581982393785,,0.0,0.0,0.0,557.3333333333333,38.05247053601818,optimal
2021-02-12 19:30:00,10,120,1.1428571428571428,0.1548148148148148,0.0,0.4274333333333333,10.668,6.0,-4,20.0,,4000.0,0.0,0.0,139.33333333333331,38.01441806548217,optimal
2021-02-12 20:00:00,10,120,0.3534450078577323,0.0774074074074074,0.0,0.2415999999999999,11.7285,6.0,-4,20.017186322666035,,1237.0575275020633,0.0,0.0,69.66666666666666,37.97640364741669,optimal
2021-02-12 20:30:00,10,120,0.0,0.0,0.0,0.177,11.025,6.0,-4,20.0,,0.0,0.0,0.0,0.0,37.93842724376927,optimal
2021-02-12 21:00:00,10,120,0.0,0.2322222222222222,0.0,0.2329,10.689,6.0,-4,19.9689062527892,,0.0,0.0,0.0,209.0,37.9004888165255,optimal
2021-02-12 21:30:00,10,120,0.0,0.0,0.0,0.1805999999999999,8.1585,6.0,-4,19.9397724307857,,0.0,0.0,0.0,0.0,37.86258832770898,optimal
2021-02-12 22:00:00,10,120,0.0,0.6610592592592593,0.0,0.241,10.3635,6.0,-4,19.910048718918816,,0.0,0.0,0.0,594.9533333333334,37.82472573938127,optimal
2021-02-12 22:30:00,10,120,0.0,0.2678296296296296,0.0,1.5378333333333332,10.8045,6.0,-4,19.88157216580696,,0.0,0.0,0.0,241.0466666666667,37.78690101364188,optimal
2021-02-12 23:00:00,10,120,0.0,0.2740222222222222,0.0,0.3125,11.025,6.0,-4,19.85553274276564,,0.0,0.0,0.0,246.62,37.74911411262824,optimal
2021-02-12 23:30:00,10,120,0.0,0.0356074074074074,0.0,0.0835666666666666,10.3635,6.0,-4,19.8264126204262,,0.0,0.0,0.0,32.046666666666674,37.71136499851561,optimal
2021-02-13 00:00:00,10,120,1.1428571428571428,0.0,0.0,0.0567999999999999,9.261,6.0,-2,19.8264126204262,,4000.0,0.0,0.0,0.0,37.6736536335171,optimal
2021-02-13 00:30:00,10,120,1.1428571428571428,0.0,5.0,0.1432,8.1585,6.0,-2,19.83806768241389,,4000.0,0.0,0.0,0.0,40.01097997988358,optimal
2021-02-13 01:00:00,10,120,1.1428571428571428,0.0,0.0,0.1964666666666666,9.4815,6.0,-2,19.850851320106628,,4000.0,0.0,0.0,0.0,39.9709689999037,optimal
2021-02-13 01:30:00,10,120,1.1428571428571428,0.0,0.0,0.124,8.379,6.0,-2,19.86435765439314,,4000.0,0.0,0.0,0.0,39.930998030903794,optimal
2021-02-13 02:00:00,10,120,1.1428571428571428,0.0,0.0,0.1679333333333333,9.5235,6.0,-2,19.87705352585994,,4000.0,0.0,0.0,0.0,39.89106703287289,optimal
2021-02-13 02:30:00,10,120,1.1428571428571428,0.0,5.0,0.1045333333333333,8.1375,6.0,-2,19.890358566052427,,4000.0,0.0,0.0,0.0,42.226175965840014,optimal
2021-02-13 03:00:00,10,120,1.1428571428571428,0.0,0.0,0.1598666666666666,10.0905,6.0,-2,19.90286486760561,,4000.0,0.0,0.0,0.0,42.18394978987418,optimal
2021-02-13 03:30:00,10,120,1.1428571428571428,0.0,5.0,0.1846,7.539,6.0,-2,19.9160204642885,,4000.0,0.0,0.0,0.0,44.516765840084304,optimal
2021-02-13 04:00:00,10,120,1.1428571428571428,0.0,5.0,0.052,7.938,6.0,-2,19.9293521609868,,4000.0,0.0,0.0,0.0,46.84724907424422,optimal
2021-02-13 04:30:00,10,120,1.1428571428571428,0.0,2.626623627111752,0.1789,8.274,6.0,-2,19.940942919903044,,4000.0,0.0,0.0,0.0,48.048048048048045,optimal
2021-02-13 05:00:00,10,120,1.1428571428571428,0.774074074074074,0.0,0.1789,9.261,6.0,-2,19.95455886721651,,4000.0,0.0,0.0,696.6666666666666,48.0,optimal
2021-02-13 05:30:00,10,120,1.1428571428571428,0.0774074074074074,0.0,0.0865666666666666,9.9225,6.0,-2,19.970115990476685,,4000.0,0.0,0.0,69.66666666666666,47.61223408852872,optimal
2021-02-13 06:00:00,10,120,1.1428571428571428,0.6966666666666667,0.0,0.3664,9.702,6.0,-2,19.98505417949257,,4000.0,0.0,0.0,627.0,47.22485594296891,optimal
2021-02-13 06:30:00,10,120,1.1428571428571428,7.585925925925924,0.0,0.1666666666666666,10.584,6.0,-2,20.002533949017742,,4000.0,0.0,0.0,6827.333333333332,46.837865175554654,optimal
2021-02-13 07:00:00,10,120,1.1428571428571428,1.006296296296296,0.0,0.2044666666666666,10.143,6.0,-2,20.018634494101804,,4000.0,0.0,0.0,905.6666666666664,46.45126139890782,optimal
2021-02-13 07:30:00,10,120,1.1428571428571428,0.0,0.0,0.1573333333333333,13.0095,6.0,-2,20.03331428663016,,4000.0,0.0,0.0,0.0,46.06504422603763,optimal
2021-02-13 08:00:00,10,120,1.1428571428571428,0.0,0.0,0.1670666666666666,11.025,6.0,-2,20.04393338700949,,4000.0,0.0,0.0,0.0,45.67921327034031,optimal
2021-02-13 08:30:00,10,120,1.1428571428571428,0.0,0.0,0.1734,12.789,6.0,-2,20.052414393287822,,4000.0,0.0,0.0,0.0,45.29376814559868,optimal
2021-02-13 09:00:00,10,120,1.1428571428571428,0.0,0.0,0.086,12.1275,6.0,-2,20.06105486842161,,4000.0,0.0,0.0,0.0,44.9087084659818,optimal
2021-02-13 09:30:00,10,120,1.1428571428571428,0.0,0.0,0.2682,12.1695,6.0,-2,20.070457558108565,,4000.0,0.0,0.0,0.0,44.52403384604454,optimal
2021-02-13 10:00:00,10,120,1.1428571428571428,0.0774074074074074,0.0,0.3468,12.306,6.0,-2,20.083153804842148,,4000.0,0.0,0.0,69.66666666666666,44.13974390072721,optimal
2021-02-13 10:30:00,10,120,1.1428571428571428,0.0774074074074074,0.0,0.2546666666666666,13.23,6.0,-2,20.10159708601813,,4000.0,0.0,0.0,69.66666666666666,43.7558382453552,optimal
2021-02-13 11:00:00,10,120,0.0780117796111217,0.2322222222222222,0.0,0.3698999999999999,13.671,6.0,-2,20.118864798222656,,273.041228638926,0.0,0.0,209.0,43.372316495638565,optimal
2021-02-13 11:30:00,10,120,0.0,0.0774074074074074,0.0,0.385,13.9335,6.0,-2,20.09636618273528,,0.0,0.0,0.0,69.66666666666666,42.98917826767164,optimal
2021-02-13 12:00:00,10,120,1.1428571428571428,0.1548148148148148,0.0,0.3257,13.293,6.0,-2,20.07194507871542,,4000.0,0.0,0.0,139.33333333333331,42.60642317793268,optimal
2021-02-13 12:30:00,10,120,1.1428571428571428,0.0,0.0,0.1900666666666666,12.1065,6.0,-2,20.097559161396266,,4000.0,0.0,0.0,0.0,42.22405084328347,optimal
2021-02-13 13:00:00,10,120,1.1428571428571428,0.0,0.0,0.0955999999999999,11.571,6.0,-2,20.117627909843044,,4000.0,0.0,0.0,0.0,41.84206088096891,optimal
2021-02-13 13:30:00,10,120,1.1428571428571428,0.0,0.0,0.1534333333333333,11.025,6.0,-2,20.13735058073519,,4000.0,0.0,0.0,0.0,41.46045290861666,optimal
2021-02-13 14:00:00,10,120,1.1428571428571428,0.0,0.0,0.2110333333333333,10.8465,6.0,-2,20.15793695199541,,4000.0,0.0,0.0,0.0,41.07922654423676,optimal
2021-02-13 14:30:00,10,120,1.1428571428571428,0.0,0.0,0.062,11.2455,6.0,-2,20.17676503849647,,4000.0,0.0,0.0,0.0,40.698381406221245,optimal
2021-02-13 15:00:00,10,120,0.0,0.0,0.0,0.2832666666666666,23.8665,6.0,-2,20.19393847819932,,0.0,0.0,0.0,0.0,40.31791711334374,optimal
2021-02-13 15:30:00,10,120,0.0,0.0,0.0,0.2892,27.4575,6.0,-2,20.1630449514815,,0.0,0.0,0.0,0.0,39.93783328475912,optimal
2021-02-13 16:00:00,10,120,0.0,0.0774074074074074,0.0,0.4353999999999999,27.3735,6.0,-2,20.13695151446909,,0.0,0.0,0.0,69.66666666666666,39.55812954000307,optimal
2021-02-13 16:30:00,10,120,0.0,0.0,0.0,0.3137666666666666,30.4605,6.0,-2,20.11137274813171,,0.0,0.0,0.0,0.0,39.178805498991785,optimal
2021-02-13 17:00:00,10,120,0.0,1.006296296296296,0.0,0.2303666666666666,30.0195,6.0,-2,20.084196422267564,,0.0,0.0,0.0,905.6666666666664,38.79986078202151,optimal
2021-02-13 17:30:00,10,120,0.0,0.6966666666666667,0.0,0.3303,26.9325,6.0,-2,20.05468089668627,,0.0,0.0,0.0,627.0,38.42129500976821,optimal
2021-02-13 18:00:00,10,120,0.0,0.0,0.0,0.3165333333333333,14.595,6.0,-2,20.02924397058596,,0.0,0.0,0.0,0.0,38.04310780328716,optimal
2021-02-13 18:30:00,10,120,0.6359520486126427,0.0,0.0,0.3844333333333333,12.4845,6.0,-2,20.0,,2225.832170144249,0.0,0.0,0.0,37.665298784012585,optimal
2021-02-13 19:00:00,10,120,0.7941640468510224,0.3096296296296296,0.0,0.1268,12.1275,6.0,-2,20.0,,2779.5741639785783,0.0,0.0,278.66666666666663,37.62763348522857,optimal
2021-02-13 19:30:00,10,120,1.1428571428571428,0.1548148148148148,0.0,0.3231333333333333,12.1275,6.0,-2,20.005599471446786,,4000.0,0.0,0.0,139.33333333333331,37.59000585174334,optimal
2021-02-13 20:00:00,10,120,0.0,5.65074074074074,0.0,0.2300666666666666,12.789,6.0,-2,20.027444997124764,,0.0,0.0,0.0,5085.666666666666,37.5524158458916,optimal
2021-02-13 20:30:00,10,120,0.0,7.121481481481481,0.0,0.2866,11.907,6.0,-2,20.0,,0.0,0.0,0.0,6409.333333333333,37.51486343004571,optimal
2021-02-13 21:00:00,10,120,0.0,0.774074074074074,0.0,0.4686666666666667,11.025,6.0,-2,19.97483715880584,,0.0,0.0,0.0,696.6666666666666,37.47734856661566,optimal
2021-02-13 21:30:00,10,120,0.0,5.341111111111111,0.0,0.6962999999999999,8.2005,6.0,-2,19.95177936582892,,0.0,0.0,0.0,4807.0,37.43987121804904,optimal
2021-02-13 22:00:00,10,120,0.0,0.0774074074074074,0.0,1.1850333333333334,9.5655,6.0,-2,19.931102596488323,,0.0,0.0,0.0,69.66666666666666,37.402431346830994,optimal
2021-02-13 22:30:00,10,120,0.0,0.387037037037037,0.0,0.6754,7.056,6.0,-2,19.91665459326228,,0.0,0.0,0.0,348.3333333333333,37.36502891548416,optimal
2021-02-13 23:00:00,10,120,0.0,2.1674074074074072,0.0,0.4675,9.3975,6.0,-2,19.897725781810205,,0.0,0.0,0.0,1950.6666666666667,37.32766388656868,optimal
2021-02-13 23:30:00,10,120,0.0,0.387037037037037,0.0,0.2791,10.059,6.0,-2,19.874055815830697,,0.0,0.0,0.0,348.3333333333333,37.29033622268211,optimal
2021-02-07 00:00:00,11,120,0.0,0.0,0.0,0.058,33.306,6.0,13,21.0,,0.0,0.0,0.0,0.0,47.952,optimal
2021-02-07 00:30:00,11,120,0.0,0.0,0.0,0.1973333333333332,31.3425,6.0,13,20.96714752693048,,0.0,0.0,0.0,0.0,47.904048,optimal
2021-02-07 01:00:00,11,120,0.0,0.0,0.0,0.058,28.2555,6.0,13,20.93585933615782,,0.0,0.0,0.0,0.0,47.856143952,optimal
2021-02-07 01:30:00,11,120,0.0,0.0,0.0,0.191,15.6975,6.0,13,20.902737513414067,,0.0,0.0,0.0,0.0,47.80828780804799,optimal
2021-02-07 02:00:00,11,120,0.0,0.0,0.0,0.0643333333333333,12.5475,6.0,13,20.871202480272444,,0.0,0.0,0.0,0.0,47.76047952023995,optimal
2021-02-07 02:30:00,11,120,0.0,0.0,0.0,0.1023333333333333,12.0855,6.0,13,20.83808774236422,,0.0,0.0,0.0,0.0,47.712719040719705,optimal
2021-02-07 03:00:00,11,120,0.0,0.0,0.0,0.153,11.907,6.0,13,20.80530332926212,,0.0,0.0,0.0,0.0,47.66500632167899,optimal
2021-02-07 03:30:00,11,120,0.0,0.0,0.0,0.058,12.5685,6.0,13,20.773002895757365,,0.0,0.0,0.0,0.0,47.61734131535731,optimal
2021-02-07 04:00:00,11,120,0.0,0.0,0.0,0.1973333333333332,13.146,6.0,13,20.73951004914261,,0.0,0.0,0.0,0.0,47.56972397404195,optimal
2021-02-07 04:30:00,11,120,0.0,0.0,0.0,0.058,10.584,6.0,13,20.70768188254858,,0.0,0.0,0.0,0.0,47.52215425006791,optimal
2021-02-07 05:00:00,11,120,0.0,0.0,0.0,0.058,6.678,6.0,13,20.67421941080561,,0.0,0.0,0.0,0.0,47.47463209581784,optimal
2021-02-07 05:30:00,11,120,0.0,0.0,0.0,0.1656666666666666,7.938,6.0,13,20.640823280516365,,0.0,0.0,0.0,0.0,47.42715746372202,optimal
2021-02-07 06:00:00,11,120,0.0,0.0,1.6095961567636377,0.0896666666666666,5.292,6.0,13,20.60880499244245,,0.0,0.0,0.0,0.0,48.144288480721016,optimal
2021-02-07 06:30:00,11,120,0.0,0.0,0.0,0.1276666666666666,9.261,6.0,13,20.575924324551924,,0.0,0.0,0.0,0.0,48.096144192240295,optimal
2021-02-07 07:00:00,11,120,0.0,0.0774074074074074,0.0,0.1256666666666666,10.3635,6.0,13,20.54347264555206,,0.0,0.0,0.0,69.66666666666666,48.048048048048045,optimal
2021-02-07 07:30:00,11,120,0.0,0.774074074074074,0.0,0.1117,8.274,6.0,13,20.51329676033524,,0.0,0.0,0.0,696.6666666666666,48.0,optimal
2021-02-07 08:00:00,11,120,0.0,0.0774074074074074,0.0,0.4363333333333333,7.7175,6.0,13,20.48401261949592,,0.0,0.0,0.0,69.66666666666666,47.598464526291295,optimal
2021-02-07 08:30:00,11,120,0.0,0.5418518518518518,0.0,0.3113999999999999,6.615,6.0,13,20.45736783958258,,0.0,0.0,0.0,487.6666666666667,47.1973305880563,optimal
2021-02-07 09:00:00,11,120,0.0,0.2322222222222222,0.0,0.3513333333333333,6.174,6.0,13,20.429150714948733,,0.0,0.0,0.0,209.0,46.796597783759545,optimal
2021-02-07 09:30:00,11,120,0.0,2.4770370370370367,0.0,0.5782999999999999,3.906,6.0,13,20.401716711213734,,0.0,0.0,0.0,2229.333333333333,46.39626571226708,optimal
2021-02-07 10:00:00,11,120,0.6403952308034941,0.0,0.0,0.068,2.3415,6.0,13,20.37826919651685,,2241.3833078122293,0.0,0.0,0.0,45.99633397284611,optimal
2021-02-07 10:30:00,11,120,1.1428571428571428,0.0,0.0,0.087,2.205,6.0,13,20.371131794054747,,4000.0,0.0,0.0,0.0,45.59680216516456,optimal
2021-02-07 11:00:00,11,120,1.1428571428571428,0.0,0.0,0.1883333333333333,0.882,6.0,13,20.385465822330264,,4000.0,0.0,0.0,0.0,45.19766988929069,optimal
2021-02-07 11:30:00,11,120,1.1428571428571428,0.0,0.0,0.068,1.5435,6.0,13,20.40245566528751,,4000.0,0.0,0.0,0.0,44.7989367456927,optimal
2021-02-07 12:00:00,11,120,1.1428571428571428,0.0,0.0,0.2073333333333333,1.5435,6.0,13,20.41794588284447,,4000.0,0.0,0.0,0.0,44.400602335238304,optimal
2021-02-07 12:30:00,11,120,0.0,0.0,0.0,0.068,5.0715,6.0,13,20.436233784936764,,0.0,0.0,0.0,0.0,44.00266625919436,optimal
2021-02-07 13:00:00,11,120,0.0,0.0,0.0,0.068,5.376,6.0,13,20.404058650705583,,0.0,0.0,0.0,0.0,43.605128119226464,optimal
2021-02-07 13:30:00,11,120,0.0,0.0,0.0,0.2073333333333333,5.0715,6.0,13,20.370913259185947,,0.0,0.0,0.0,0.0,43.207987517398536,optimal
2021-02-07 14:00:00,11,120,0.0,0.0,0.0,0.068,5.5125,6.0,13,20.339630115121604,,0.0,0.0,0.0,0.0,42.811244056172434,optimal
2021-02-07 14:30:00,11,120,0.0,0.0,0.0,0.0743333333333333,9.261,6.0,13,20.30723079490653,,0.0,0.0,0.0,0.0,42.41489733840756,optimal
2021-02-07 15:00:00,11,120,0.0,0.0,0.0,0.3838999999999999,11.7075,6.0,13,20.27507199136398,,0.0,0.0,0.0,0.0,42.01894696736044,optimal
2021-02-07 15:30:00,11,120,0.0,0.0774074074074074,0.0,0.8303333333333334,12.348,6.0,13,20.249213475202573,,0.0,0.0,0.0,69.66666666666666,41.62339254668438,optimal
2021-02-07 16:00:00,11,120,0.0,0.387037037037037,0.0,0.7427999999999999,12.348,6.0,13,20.231286035599503,,0.0,0.0,0.0,348.3333333333333,41.22823368042899,optimal
2021-02-07 16:30:00,11,120,0.0,0.2322222222222222,0.0,1.4488,12.1275,6.0,13,20.210516178072915,,0.0,0.0,0.0,209.0,40.83346997303986,optimal
2021-02-07 17:00:00,11,120,0.0,0.4644444444444444,0.0,0.3,12.5265,6.0,13,20.19884673968286,,0.0,0.0,0.0,418.0,40.43910102935812,optimal
2021-02-07 17:30:00,11,120,0.0,0.0,0.0,0.4196333333333333,11.7495,6.0,13,20.17121664602921,,0.0,0.0,0.0,0.0,40.04512645462006,optimal
2021-02-07 18:00:00,11,120,0.0,0.0,0.0,0.2348333333333332,13.23,6.0,13,20.14404018964441,,0.0,0.0,0.0,0.0,39.651545854456735,optimal
2021-02-07 18:30:00,11,120,0.0,0.0,0.0,0.5563333333333333,14.3325,6.0,13,20.11582178411854,,0.0,0.0,0.0,0.0,39.25835883489358,optimal
2021-02-07 19:00:00,11,120,0.0,0.0,0.0,0.1313333333333333,14.994,6.0,13,20.09202836280048,,0.0,0.0,0.0,0.0,38.86556500234998,optimal
2021-02-07 19:30:00,11,120,0.0,0.0,0.0,0.4217333333333333,14.8155,6.0,13,20.056893291913525,,0.0,0.0,0.0,0.0,38.47316396363893,optimal
2021-02-07 20:00:00,11,120,0.0,0.0,0.0,0.5211666666666667,14.112,6.0,13,20.027911740722047,,0.0,0.0,0.0,0.0,38.08115532596659,optimal
2021-02-07 20:30:00,11,120,0.0,0.1548148148148148,0.0,1.7165333333333332,14.007,6.0,13,20.0,,0.0,0.0,0.0,139.33333333333331,37.68953869693192,optimal
2021-02-07 21:00:00,11,120,0.0,2.012592592592592,0.0,0.8598333333333333,13.23,6.0,13,19.97603543968824,,0.0,0.0,0.0,1811.333333333333,37.298313684526285,optimal
2021-02-07 21:30:00,11,120,0.0,0.0,0.0,0.6065,11.382,6.0,13,19.95150357941478,,0.0,0.0,0.0,0.0,36.90747989713306,optimal
2021-02-07 22:00:00,11,120,0.0,0.0774074074074074,0.0,0.3113,11.7495,6.0,13,19.92750586208192,,0.0,0.0,0.0,69.66666666666666,36.51703694352722,optimal
2021-02-07 22:30:00,11,120,0.0,0.0,0.0,1.991266666666667,24.3285,6.0,13,19.89950614841148,,0.0,0.0,0.0,0.0,36.480519906583694,optimal
2021-02-07 23:00:00,11,120,0.0,2.4770370370370367,0.0,0.5650333333333333,28.917,6.0,13,19.87813586320261,,0.0,0.0,0.0,2229.333333333333,36.44403938667711,optimal
2021-02-07 23:30:00,11,120,0.0,0.0,0.0,0.2582,31.3635,6.0,13,19.857253657258493,,0.0,0.0,0.0,0.0,36.40759534729043,optimal
2021-02-08 00:00:00,11,120,1.1428571428571428,0.0,5.0,0.0633333333333333,11.025,6.0,-13,19.857253657258493,,4000.0,0.0,0.0,0.0,38.74618775194314,optimal
2021-02-08 00:30:00,11,120,1.1428571428571428,0.0,5.0,0.0919333333333333,11.2875,6.0,-13,19.872430806914267,,4000.0,0.0,0.0,0.0,41.0824415641912,optimal
2021-02-08 01:00:00,11,120,1.1428571428571428,0.0,5.0,0.1224,12.936,6.0,-13,19.887914099589928,,4000.0,0.0,0.0,0.0,43.41635912262701,optimal
2021-02-08 01:30:00,11,120,1.1428571428571428,0.0,0.7740138373764401,0.1387333333333333,13.0095,6.0,-13,19.903815005895407,,4000.0,0.0,0.0,0.0,43.74059933625819,optimal
2021-02-08 02:00:00,11,120,1.1428571428571428,0.0,0.0,0.058,13.671,6.0,-13,19.91978423778426,,4000.0,0.0,0.0,0.0,43.696858736921925,optimal
2021-02-08 02:30:00,11,120,1.1428571428571428,0.0,0.0,0.2307333333333333,13.188,6.0,-13,19.934639160347253,,4000.0,0.0,0.0,0.0,43.653161878185,optimal
2021-02-08 03:00:00,11,120,1.1428571428571428,0.0,0.0,0.058,13.8495,6.0,-13,19.951668056989373,,4000.0,0.0,0.0,0.0,43.60950871630681,optimal
2021-02-08 03:30:00,11,120,1.1428571428571428,0.0,0.0,0.1075,13.23,6.0,-13,19.966658024162665,,4000.0,0.0,0.0,0.0,43.565899207590505,optimal
2021-02-08 04:00:00,11,120,1.1428571428571428,0.0,0.0,0.1812333333333333,13.3665,6.0,-13,19.98212217063054,,4000.0,0.0,0.0,0.0,43.522333308382905,optimal
2021-02-08 04:30:00,11,120,1.1428571428571428,0.0,5.0,0.0764,13.0515,6.0,-13,19.998354775087,,4000.0,0.0,0.0,0.0,45.85381097507452,optimal
2021-02-08 05:00:00,11,120,1.1428571428571428,0.0,0.0,0.1316,13.5345,6.0,-13,20.013079825450024,,4000.0,0.0,0.0,0.0,45.80795716409944,optimal
2021-02-08 05:30:00,11,120,1.1428571428571428,0.0,0.0,0.1387333333333333,14.154,6.0,-13,20.0282498915352,,4000.0,0.0,0.0,0.0,45.76214920693534,optimal
2021-02-08 06:00:00,11,120,1.1428571428571428,0.0,0.0,0.1553333333333333,14.112,6.0,-13,20.043377654582724,,4000.0,0.0,0.0,0.0,45.7163870577284,optimal
2021-02-08 06:30:00,11,120,1.1428571428571428,0.0,0.0,0.1141333333333333,14.2485,6.0,-13,20.05851355214637,,4000.0,0.0,0.0,0.0,45.670670670670674,optimal
2021-02-08 07:00:00,11,120,1.1428571428571428,0.1548148148148148,5.0,0.1879333333333333,12.789,6.0,-13,20.07296155022244,,4000.0,0.0,0.0,139.33333333333331,48.0,optimal
2021-02-08 07:30:00,11,120,1.1428571428571428,0.5418518518518518,0.0,0.056,13.0095,6.0,-13,20.08948962276233,,4000.0,0.0,0.0,487.6666666666667,47.48880101207845,optimal
2021-02-08 08:00:00,11,120,1.1428571428571428,0.0,0.0,0.2215333333333333,12.1275,6.0,-13,20.106794331197573,,4000.0,0.0,0.0,0.0,46.97811322314483,optimal
2021-02-08 08:30:00,11,120,1.1428571428571428,0.387037037037037,0.0,0.2180666666666666,12.348,6.0,-13,20.126829229592005,,4000.0,0.0,0.0,348.3333333333333,46.46793612200014,optimal
2021-02-08 09:00:00,11,120,1.1428571428571428,0.0774074074074074,0.0,1.5006,12.348,6.0,-13,20.147944118361004,,4000.0,0.0,0.0,69.66666666666666,45.9582691979566,optimal
2021-02-08 09:30:00,11,120,0.0,0.0,0.0,0.3812666666666666,25.389,6.0,-13,20.18141404558773,,0.0,0.0,0.0,0.0,45.4491119408371,optimal
2021-02-08 10:00:00,11,120,0.0,0.0,0.0,0.1109333333333333,29.1375,6.0,-13,20.15296255381135,,0.0,0.0,0.0,0.0,44.94046384097472,optimal
2021-02-08 10:30:00,11,120,0.0,0.0,0.0,0.0602666666666666,30.597,6.0,-13,20.12020327200765,,0.0,0.0,0.0,0.0,44.4323243892122,optimal
2021-02-08 11:00:00,11,120,0.0,0.0,0.0,0.2718,33.684,6.0,-13,20.087191249204835,,0.0,0.0,0.0,0.0,43.92469307690144,optimal
2021-02-08 11:30:00,11,120,0.0,0.0,0.0,0.1491333333333333,32.445,6.0,-13,20.06072332937404,,0.0,0.0,0.0,0.0,43.417569395902994,optimal
2021-02-08 12:00:00,11,120,0.0,0.0,0.0,0.3644,28.917,6.0,-13,20.031752930574385,,0.0,0.0,0.0,0.0,42.91095283858554,optimal
2021-02-08 12:30:00,11,120,0.5257291278605807,0.0,0.0,0.058,15.876,6.0,-13,20.00655717295994,,1840.0519475120325,0.0,0.0,0.0,42.40484289782542,optimal
2021-02-08 13:00:00,11,120,0.6512040347579434,0.0,0.0,0.15,12.348,6.0,-13,20.0,,2279.214121652802,0.0,0.0,0.0,41.89923906700605,optimal
2021-02-08 13:30:00,11,120,1.1428571428571428,0.0,0.0,0.1420666666666666,12.1275,6.0,-13,20.0,,4000.0,0.0,0.0,0.0,41.3941408400175,optimal
2021-02-08 14:00:00,11,120,0.1614254718104648,0.0,0.0,0.114,12.348,6.0,-13,20.02102420608025,,564.9891513366268,0.0,0.0,0.0,40.889547711255936,optimal
2021-02-08 14:30:00,11,120,0.4049253448129594,0.0,0.0,0.7307,12.1275,6.0,-13,20.0,,1417.238706845358,0.0,0.0,0.0,40.38545917562313,optimal
2021-02-08 15:00:00,11,120,0.3932834665438176,0.0,0.0,0.7994666666666667,12.1275,6.0,-13,20.0,,1376.4921329033614,0.0,0.0,0.0,39.881874728525965,optimal
2021-02-08 15:30:00,11,120,0.5257966948776759,0.0,0.0,0.2102,11.2665,6.0,-13,20.0,,1840.2884320718656,0.0,0.0,0.0,39.37879386587589,optimal
2021-02-08 16:00:00,11,120,1.1428571428571428,0.0,0.0,0.1277,10.143,6.0,-13,20.0,,4000.0,0.0,0.0,0.0,38.87621608408847,optimal
2021-02-08 16:30:00,11,120,0.056382354177647,0.0774074074074074,0.0,0.3093,11.2455,6.0,-13,20.02260729404611,,197.33823962176456,0.0,0.0,69.66666666666666,38.374140880082834,optimal
2021-02-08 17:00:00,11,120,0.8347566007622674,0.0,0.0,0.1393333333333333,11.025,6.0,-13,20.0,,2921.648102667936,0.0,0.0,0.0,37.87256775128121,optimal
2021-02-08 17:30:00,11,120,1.1428571428571428,0.0,0.0,0.068,5.9745,6.0,-13,20.0,,4000.0,0.0,0.0,0.0,37.37149619560839,optimal
2021-02-08 18:00:00,11,120,1.1428571428571428,0.0,0.0,0.1830666666666666,7.938,6.0,-13,20.01187133321284,,4000.0,0.0,0.0,0.0,36.87092571149123,optimal
2021-02-08 18:30:00,11,120,0.3155899256479993,0.0,0.0,0.1256666666666666,8.6835,6.0,-13,20.02388423702352,,1104.564739767998,0.0,0.0,0.0,36.3708557978582,optimal
2021-02-08 19:00:00,11,120,0.8769626445732805,0.0,0.0,0.1094,7.665,6.0,-13,20.0,,3069.369256006482,0.0,0.0,0.0,35.8712859541388,optimal
2021-02-08 19:30:00,11,120,0.863184864333709,0.0,0.0,0.1820333333333333,6.7725,6.0,-13,20.0,,3021.1470251679816,0.0,0.0,0.0,35.37221568026312,optimal
2021-02-08 20:00:00,11,120,0.6113880364751628,0.0,0.0,0.6460666666666667,5.5755,6.0,-13,20.0,,2139.85812766307,0.0,0.0,0.0,34.87364447666131,optimal
2021-02-08 20:30:00,11,120,0.0,0.0,0.0,0.4973333333333333,5.0925,6.0,-13,20.0,,0.0,0.0,0.0,0.0,34.375571844263106,optimal
2021-02-08 21:00:00,11,120,0.0,0.0,0.0,0.6493666666666666,4.1895,6.0,-13,19.97512042035597,,0.0,0.0,0.0,0.0,33.8779972844973,optimal
2021-02-08 21:30:00,11,120,0.0,0.0,0.0,0.3708666666666667,7.056,6.0,-13,19.952962881977506,,0.0,0.0,0.0,0.0,33.8441192872128,optimal
2021-02-08 22:00:00,11,120,0.0,0.0,0.0,1.1748333333333332,5.271,6.0,-13,19.92898632120823,,0.0,0.0,0.0,0.0,33.81027516792559,optimal
2021-02-08 22:30:00,11,120,0.0,0.1548148148148148,0.0,0.8755,7.938,6.0,-13,19.9131582829018,,0.0,0.0,0.0,139.33333333333331,33.776464892757666,optimal
2021-02-08 23:00:00,11,120,0.0,0.0,0.0,0.4066,7.938,6.0,-13,19.89324922659529,,0.0,0.0,0.0,0.0,33.742688427864906,optimal
2021-02-08 23:30:00,11,120,0.0,0.0,0.0,0.2162333333333333,11.907,6.0,-13,19.86730751021595,,0.0,0.0,0.0,0.0,33.70894573943704,optimal
2021-02-09 00:00:00,11,120,0.0,0.0,0.0,0.06,17.9025,6.0,10,19.86730751021595,,0.0,0.0,0.0,0.0,33.67523679369761,optimal
2021-02-09 00:30:00,11,120,0.0,0.0,0.0,0.074,15.6555,6.0,10,19.828882315723515,,0.0,0.0,0.0,0.0,33.64156155690391,optimal
2021-02-09 01:00:00,11,120,0.6125057548885098,0.0,0.0,0.109,14.553,6.0,10,19.7908029825429,,2143.770142109784,0.0,0.0,0.0,33.607919995347004,optimal
2021-02-09 01:30:00,11,120,1.1428571428571428,0.0,0.0,0.06,14.3325,6.0,10,19.779440797866467,,4000.0,0.0,0.0,0.0,33.574312075351656,optimal
2021-02-09 02:00:00,11,120,1.1428571428571428,0.0,0.0,0.06,13.335,6.0,10,19.789919177572685,,4000.0,0.0,0.0,0.0,33.540737763276304,optimal
2021-02-09 02:30:00,11,120,1.1428571428571428,0.0,0.0,0.058,12.1275,6.0,10,19.800178526946308,,4000.0,0.0,0.0,0.0,33.50719702551303,optimal
2021-02-09 03:00:00,11,120,1.1428571428571428,0.0,0.0,0.1656666666666666,12.2955,6.0,10,19.814002439134025,,4000.0,0.0,0.0,0.0,33.473689828487515,optimal
2021-02-09 03:30:00,11,120,1.1428571428571428,0.2322222222222222,0.0,0.1570666666666666,11.6865,6.0,10,19.831076039960365,,4000.0,0.0,0.0,209.0,33.440216138659025,optimal
2021-02-09 04:00:00,11,120,1.1428571428571428,0.0,0.0,0.4998333333333333,11.466,6.0,10,19.84696668042476,,4000.0,0.0,0.0,0.0,33.40677592252037,optimal
2021-02-09 04:30:00,11,120,1.1428571428571428,0.4644444444444444,5.0,1.3215666666666666,10.8045,6.0,10,19.865184814592457,,4000.0,0.0,0.0,418.0,35.748369146597845,optimal
2021-02-09 05:00:00,11,120,1.1428571428571428,0.5418518518518518,5.0,0.198,10.584,6.0,10,19.886419635207663,,4000.0,0.0,0.0,487.6666666666667,38.08762077745125,optimal
2021-02-09 05:30:00,11,120,1.1428571428571428,0.0,5.0,0.7006666666666667,11.2455,6.0,10,19.903540521101142,,4000.0,0.0,0.0,0.0,40.4245331566738,optimal
2021-02-09 06:00:00,11,120,1.1428571428571428,0.6192592592592592,0.0,0.2867666666666666,12.1275,6.0,10,19.920739135241707,,4000.0,0.0,0.0,557.3333333333333,40.38410862351712,optimal
2021-02-09 06:30:00,11,120,1.1428571428571428,0.387037037037037,0.0,0.4614,11.823,6.0,10,19.93785849616303,,4000.0,0.0,0.0,348.3333333333333,40.3437245148936,optimal
2021-02-09 07:00:00,11,120,1.1428571428571428,0.1548148148148148,0.0,0.5719,11.7705,6.0,10,19.95733559062882,,4000.0,0.0,0.0,139.33333333333331,40.30338079037871,optimal
2021-02-09 07:30:00,11,120,1.1428571428571428,0.0,5.0,0.6781333333333334,11.13,6.0,10,19.979959870631426,,4000.0,0.0,0.0,0.0,42.638077409588334,optimal
2021-02-09 08:00:00,11,120,1.1428571428571428,0.3096296296296296,0.0,3.2434666666666665,11.6865,6.0,10,20.0,,4000.0,0.0,0.0,278.66666666666663,42.59543933217874,optimal
2021-02-09 08:30:00,11,120,1.1428571428571428,0.0774074074074074,5.0,0.271,10.7205,6.0,10,20.03118677579726,,4000.0,0.0,0.0,69.66666666666666,44.92784389284656,optimal
2021-02-09 09:00:00,11,120,1.1428571428571428,0.1548148148148148,0.0,0.604,11.424,6.0,10,20.04871798637377,,4000.0,0.0,0.0,139.33333333333331,44.88291604895372,optimal
2021-02-09 09:30:00,11,120,1.1428571428571428,0.4644444444444444,5.0,1.3166333333333335,10.689,6.0,10,20.06374356456948,,4000.0,0.0,0.0,418.0,47.21303313290476,optimal
2021-02-09 10:00:00,11,120,1.1428571428571428,0.5418518518518518,2.3646117774490296,0.5881666666666666,11.361,6.0,10,20.083810727529027,,4000.0,0.0,0.0,487.6666666666667,48.28901069406015,optimal
2021-02-09 10:30:00,11,120,1.1428571428571428,0.0,0.0,0.0796666666666666,11.571,6.0,10,20.10527477156261,,4000.0,0.0,0.0,0.0,48.24072168336608,optimal
2021-02-09 11:00:00,11,120,0.0,0.0,0.0,0.6266666666666666,14.3745,6.0,10,20.12548231366177,,0.0,0.0,0.0,0.0,48.19248096168271,optimal
2021-02-09 11:30:00,11,120,1.1428571428571428,0.0,0.0,0.5618,13.23,6.0,10,20.101846285236583,,4000.0,0.0,0.0,0.0,48.144288480721016,optimal
2021-02-09 12:00:00,11,120,1.1428571428571428,0.0,0.0,0.0945999999999999,13.9755,6.0,10,20.126295389787128,,4000.0,0.0,0.0,0.0,48.096144192240295,optimal
2021-02-09 12:30:00,11,120,0.0,0.387037037037037,0.0,0.1873666666666666,14.994,6.0,10,20.152258814935024,,0.0,0.0,0.0,348.3333333333333,48.048048048048045,optimal
2021-02-09 13:00:00,11,120,1.1428571428571428,0.387037037037037,0.0,0.5701333333333334,13.671,6.0,10,20.130472380273,,4000.0,0.0,0.0,348.3333333333333,48.0,optimal
2021-02-09 13:30:00,11,120,0.0,0.0,0.0,0.6419666666666667,15.981,6.0,10,20.159597710229747,,0.0,0.0,0.0,0.0,47.53048909626487,optimal
2021-02-09 14:00:00,11,120,0.0,0.2322222222222222,0.0,0.5602,15.6345,6.0,10,20.138567802241525,,0.0,0.0,0.0,209.0,47.06144770343348,optimal
2021-02-09 14:30:00,11,120,0.0,0.0,0.0,0.126,16.5375,6.0,10,20.114904386178605,,0.0,0.0,0.0,0.0,46.59287535199492,optimal
2021-02-09 15:00:00,11,120,0.0,0.0,0.0,0.077,14.7735,6.0,10,20.087601868257604,,0.0,0.0,0.0,0.0,46.1247715729078,optimal
2021-02-09 15:30:00,11,120,0.0,0.0,0.0,0.07,15.2145,6.0,10,20.057492381443296,,0.0,0.0,0.0,0.0,45.657135897599765,optimal
2021-02-09 16:00:00,11,120,0.1334694235774429,0.0,0.0,0.07,14.553,6.0,10,20.02735731217672,,467.1429825210505,0.0,0.0,0.0,45.18996785796704,optimal
2021-02-09 16:30:00,11,120,1.1428571428571428,0.1548148148148148,0.0,1.3731333333333335,14.3325,6.0,10,20.0,,4000.0,0.0,0.0,139.33333333333331,44.72326698637395,optimal
2021-02-09 17:00:00,11,120,0.3916609779012556,0.0,0.0,1.2798666666666665,14.595,6.0,10,20.02979779688038,,1370.8134226543948,0.0,0.0,0.0,44.25703281565245,optimal
2021-02-09 17:30:00,11,120,0.0,0.0,0.0,0.5744333333333332,14.994,6.0,10,20.02838652585879,,0.0,0.0,0.0,0.0,43.79126487910168,optimal
2021-02-09 18:00:00,11,120,0.7347605298123717,0.0,0.0,0.9963333333333334,14.3325,6.0,10,20.0,,2571.661854343301,0.0,0.0,0.0,43.325962710487445,optimal
2021-02-09 18:30:00,11,120,0.6901309010033518,0.0,0.0,1.4412,13.8915,6.0,10,20.0,,2415.458153511732,0.0,0.0,0.0,42.86112584404183,optimal
2021-02-09 19:00:00,11,120,0.6214917483847634,0.0,0.0,1.2885666666666666,13.8915,6.0,10,20.0,,2175.221119346672,0.0,0.0,0.0,42.39675381446266,optimal
2021-02-09 19:30:00,11,120,0.5967869864799756,2.5544444444444445,0.0,0.2790333333333333,13.4715,6.0,10,20.0,,2088.7544526799147,0.0,0.0,2299.0,42.3543570606482,optimal
2021-02-09 20:00:00,11,120,0.5166536531467046,0.387037037037037,0.0,0.5111666666666667,13.23,6.0,10,20.0,,1808.2877860134663,0.0,0.0,348.3333333333333,42.31200270358755,optimal
2021-02-09 20:30:00,11,120,0.0,0.1548148148148148,0.0,0.2352,13.8915,6.0,10,20.0,,0.0,0.0,0.0,139.33333333333331,42.26969070088396,optimal
2021-02-09 21:00:00,11,120,0.0,0.3096296296296296,0.0,0.2758666666666666,26.9325,6.0,10,19.972916273157555,,0.0,0.0,0.0,278.66666666666663,42.22742101018308,optimal
2021-02-09 21:30:00,11,120,0.0,0.0,0.0,0.7755,30.303,6.0,10,19.945498752821795,,0.0,0.0,0.0,0.0,42.1851935891729,optimal
2021-02-09 22:00:00,11,120,0.0,6.192592592592591,0.0,0.8497,32.886,6.0,10,19.91851468605694,,0.0,0.0,0.0,5573.333333333332,42.14300839558373,optimal
2021-02-09 22:30:00,11,120,0.0,0.0,0.0,0.2526666666666666,34.9965,6.0,10,19.89176748386616,,0.0,0.0,0.0,0.0,42.10086538718814,optimal
2021-02-09 23:00:00,11,120,0.0,0.0,0.0,0.126,33.327,6.0,10,19.86098658469449,,0.0,0.0,0.0,0.0,42.05876452180095,optimal
2021-02-09 23:30:00,11,120,0.0,0.0,0.0,0.077,31.122,6.0,10,19.82652433983506,,0.0,0.0,0.0,0.0,42.01670575727916,optimal
2021-02-10 00:00:00,11,120,1.1428571428571428,0.0,0.0,0.2003,17.4615,6.0,-18,19.82652433983506,,4000.0,0.0,0.0,0.0,41.97468905152188,optimal
2021-02-10 00:30:00,11,120,1.1428571428571428,0.0,0.0,0.1137,18.3225,6.0,-18,19.84121686968633,,4000.0,0.0,0.0,0.0,41.93271436247036,optimal
2021-02-10 01:00:00,11,120,1.1428571428571428,0.0,0.0,0.1101333333333333,17.094,6.0,-18,19.85459859799624,,4000.0,0.0,0.0,0.0,41.89078164810789,optimal
2021-02-10 01:30:00,11,120,1.1428571428571428,0.0,0.0,0.3433333333333333,17.094,6.0,-18,19.86771208954492,,4000.0,0.0,0.0,0.0,41.84889086645978,optimal
2021-02-10 02:00:00,11,120,1.1428571428571428,0.0,0.0,0.07,17.094,6.0,-18,19.8867781805816,,4000.0,0.0,0.0,0.0,41.80704197559332,optimal
2021-02-10 02:30:00,11,120,1.1428571428571428,0.0,0.0,0.4208666666666666,17.3565,6.0,-18,19.898942443471064,,4000.0,0.0,0.0,0.0,41.76523493361773,optimal
2021-02-10 03:00:00,11,120,1.1428571428571428,0.0,0.0,0.07,17.115,6.0,-18,19.91535696810582,,4000.0,0.0,0.0,0.0,41.723469698684106,optimal
2021-02-10 03:30:00,11,120,1.1428571428571428,0.0,0.0,0.2500666666666666,17.241,6.0,-18,19.92746457175252,,4000.0,0.0,0.0,0.0,41.68174622898543,optimal
2021-02-10 04:00:00,11,120,1.1428571428571428,0.0,0.0,0.2561333333333333,17.094,6.0,-18,19.94174180525141,,4000.0,0.0,0.0,0.0,41.64006448275644,optimal
2021-02-10 04:30:00,11,120,1.1428571428571428,0.0,5.0,0.1316,16.5165,6.0,-18,19.956064639453007,,4000.0,0.0,0.0,0.0,43.97342441827368,optimal
2021-02-10 05:00:00,11,120,1.1428571428571428,0.0,0.0,0.2419666666666666,17.8185,6.0,-18,19.968643713639125,,4000.0,0.0,0.0,0.0,43.92945099385541,optimal
2021-02-10 05:30:00,11,120,1.1428571428571428,0.0,4.06227798198692,0.1719666666666666,17.094,6.0,-18,19.982344117348227,,4000.0,0.0,0.0,0.0,45.81510358430533,optimal
2021-02-10 06:00:00,11,120,1.1428571428571428,0.0,5.0,0.2161,16.8945,6.0,-18,19.994966338833542,,4000.0,0.0,0.0,0.0,48.144288480721016,optimal
2021-02-10 06:30:00,11,120,1.1428571428571428,0.3096296296296296,0.0,0.3574333333333333,18.123,6.0,-18,20.00790292709972,,4000.0,0.0,0.0,278.66666666666663,48.096144192240295,optimal
2021-02-10 07:00:00,11,120,0.0,0.0774074074074074,0.0,0.2115,31.647,6.0,-18,20.023902678192425,,0.0,0.0,0.0,69.66666666666666,48.048048048048045,optimal
2021-02-10 07:30:00,11,120,0.0,8.19156010882048,0.0,0.4970666666666666,34.9965,6.0,-18,19.99221356239824,,0.0,2844.070764605099,0.0,4528.333333333334,48.0,optimal
2021-02-10 08:00:00,11,120,0.0,2.6893432892519864,0.0,1.0896,34.9965,6.0,-18,20.0,,0.0,2420.408960326788,0.0,0.0,47.88489235057748,optimal
2021-02-10 08:30:00,11,120,0.0,2.931923137407916,0.0,0.4452666666666666,34.9965,6.0,-18,20.0,,0.0,2429.730823667124,0.0,209.0,47.76989980880438,optimal
2021-02-10 09:00:00,11,120,0.0,2.5413736833885863,0.0,1.3943333333333332,34.9965,6.0,-18,20.0,,0.0,2217.569648383061,0.0,69.66666666666666,47.65502225957306,optimal
2021-02-10 09:30:00,11,120,0.0,2.094949827840655,0.0,1.6314333333333333,34.9965,6.0,-18,20.0,,0.0,1885.4548450565896,0.0,0.0,47.540259587890965,optimal
2021-02-10 10:00:00,11,120,0.0,1.471336464680908,0.0,1.2077666666666669,27.741,6.0,-18,20.0,,0.0,1324.2028182128172,0.0,0.0,47.42561167888056,optimal
2021-02-10 10:30:00,11,120,0.3978547759193511,0.0,0.0,1.132266666666667,19.026,6.0,-18,20.0,,1392.4917157177288,0.0,0.0,0.0,47.31107841777916,optimal
2021-02-10 11:00:00,11,120,0.5841904501954868,0.1548148148148148,0.0,0.3046,18.7215,6.0,-18,20.0,,2044.6665756842035,0.0,0.0,139.33333333333331,47.19665968993886,optimal
2021-02-10 11:30:00,11,120,0.6762835735298556,0.0,0.0,0.068,17.4195,6.0,-18,20.0,,2366.9925073544946,0.0,0.0,0.0,47.08235538082641,optimal
2021-02-10 12:00:00,11,120,0.5067732720147585,0.387037037037037,0.0,0.4188666666666666,16.758,6.0,-18,20.0,,1773.7064520516549,0.0,0.0,348.3333333333333,46.968165376023066,optimal
2021-02-10 12:30:00,11,120,0.5543161291575942,0.0,0.0,0.1978,14.217,6.0,-18,20.0,,1940.10645205158,0.0,0.0,0.0,46.85408956122453,optimal
2021-02-10 13:00:00,11,120,0.461964319013411,0.3096296296296296,0.0,0.3978333333333333,13.3665,6.0,-18,20.0,,1616.875116546939,0.0,0.0,278.66666666666663,46.74012782224079,optimal
2021-02-10 13:30:00,11,120,0.4872343752058586,0.2322222222222222,0.0,0.3561,12.789,6.0,-18,20.0,,1705.320313220505,0.0,0.0,209.0,46.62628004499603,optimal
2021-02-10 14:00:00,11,120,0.4424637914550767,0.0,0.0,0.4861,11.907,6.0,-18,20.0,,1548.6232700927687,0.0,0.0,0.0,46.51254611552852,optimal
2021-02-10 14:30:00,11,120,0.404378077169365,0.8514814814814814,0.0,0.4818,11.7075,6.0,-18,20.0,,1415.3232700927776,0.0,0.0,766.3333333333333,46.39892591999047,optimal
2021-02-10 15:00:00,11,120,1.1428571428571428,0.0774074074074074,0.0,0.3296666666666666,10.8045,6.0,-18,20.0,,4000.0,0.0,0.0,69.66666666666666,46.28541934464796,optimal
2021-02-10 15:30:00,11,120,0.0,0.6192592592592592,0.0,1.534733333333333,11.508,6.0,-18,20.02829420657153,,0.0,0.0,0.0,557.3333333333333,46.1720262758808,optimal
2021-02-10 16:00:00,11,120,0.1139079559798343,0.4644444444444444,0.0,0.3919333333333333,11.508,6.0,-18,20.018706368111232,,398.6778459294201,0.0,0.0,418.0,46.0587466001824,optimal
2021-02-10 16:30:00,11,120,0.9993856856733836,0.6966666666666667,0.0,0.6019333333333333,11.508,6.0,-18,20.0,,3497.8498998568425,0.0,0.0,627.0,45.9455802041597,optimal
2021-02-10 17:00:00,11,120,0.0,0.0774074074074074,0.0,1.4025,11.844,6.0,-18,20.02285574493989,,0.0,0.0,0.0,69.66666666666666,45.83252697453302,optimal
2021-02-10 17:30:00,11,120,0.4210801174966446,1.0837037037037036,0.0,1.7569333333333337,11.508,6.0,-18,20.0,,1473.7804112382562,0.0,0.0,975.3333333333334,45.71958679813597,optimal
2021-02-10 18:00:00,11,120,0.5312980926675605,0.6966666666666667,0.0,0.6067333333333333,11.508,6.0,-18,20.0,,1859.5433243364616,0.0,0.0,627.0,45.60675956191531,optimal
2021-02-10 18:30:00,11,120,1.1428571428571428,0.0774074074074074,0.0,0.4031,10.4475,6.0,-18,20.0,,4000.0,0.0,0.0,69.66666666666666,45.49404515293088,optimal
2021-02-10 19:00:00,11,120,0.3051573097042505,0.2322222222222222,0.0,0.5303,10.8675,6.0,-18,20.02209341528878,,1068.0505839648763,0.0,0.0,209.0,45.38144345835544,optimal
2021-02-10 19:30:00,11,120,1.1428571428571428,0.0,0.0,0.3325,10.542,6.0,-18,20.00728682333921,,4000.0,0.0,0.0,0.0,45.26895436547456,optimal
2021-02-10 20:00:00,11,120,0.0,0.1548148148148148,0.0,0.4038,11.025,6.0,-18,20.02662620910415,,0.0,0.0,0.0,139.33333333333331,45.22368541110909,optimal
2021-02-10 20:30:00,11,120,0.0,0.0,0.0,0.5990666666666667,11.025,6.0,-18,20.0,,0.0,0.0,0.0,0.0,45.17846172569798,optimal
2021-02-10 21:00:00,11,120,0.0,0.2322222222222222,0.0,0.3166666666666667,14.553,6.0,-18,19.976761653442484,,0.0,0.0,0.0,209.0,45.13328326397228,optimal
2021-02-10 21:30:00,11,120,0.0,0.0,0.0,0.3513,13.0935,6.0,-18,19.949923970110635,,0.0,0.0,0.0,0.0,45.08814998070831,optimal
2021-02-10 22:00:00,11,120,0.0,0.0,0.0,0.1949666666666666,15.6345,6.0,-18,19.917695927915087,,0.0,0.0,0.0,0.0,45.0430618307276,optimal
2021-02-10 22:30:00,11,120,0.0,0.0,0.0,0.4261333333333333,18.102,6.0,-18,19.87885292397766,,0.0,0.0,0.0,0.0,44.99801876889688,optimal
2021-02-10 23:00:00,11,120,0.0,0.0,0.0,0.4924,17.199,6.0,-18,19.84116321637664,,0.0,0.0,0.0,0.0,44.95302075012798,optimal
2021-02-10 23:30:00,11,120,0.0,0.387037037037037,0.0,0.3284666666666666,18.2805,6.0,-18,19.80539444272164,,0.0,0.0,0.0,348.3333333333333,44.908067729377855,optimal
2021-02-11 00:00:00,11,120,1.1428571428571428,0.0,5.0,0.059,10.4265,6.0,-9,19.80539444272164,,4000.0,0.0,0.0,0.0,47.23815966164848,optimal
2021-02-11 00:30:00,11,120,1.1428571428571428,0.0,0.0,0.2049666666666666,12.789,6.0,-9,19.80934541752282,,4000.0,0.0,0.0,0.0,47.19092150198683,optimal
2021-02-11 01:00:00,11,120,1.1428571428571428,0.0,3.1255986256276533,0.1199,12.684,6.0,-9,19.81526503158763,,4000.0,0.0,0.0,0.0,48.62838992765797,optimal
2021-02-11 01:30:00,11,120,1.1428571428571428,0.0,0.0,0.059,16.254,6.0,-9,19.820334854600848,,4000.0,0.0,0.0,0.0,48.57976153773031,optimal
2021-02-11 02:00:00,11,120,1.1428571428571428,0.0,0.0,0.1148,17.64,6.0,-9,19.82465272166857,,4000.0,0.0,0.0,0.0,48.53118177619257,optimal
2021-02-11 02:30:00,11,120,1.1428571428571428,0.0,0.0,0.1663333333333333,19.1625,6.0,-9,19.82964180304561,,4000.0,0.0,0.0,0.0,48.48265059441637,optimal
2021-02-11 03:00:00,11,120,0.0,0.0,0.0,0.1117333333333333,26.46,6.0,-9,19.834997743569502,,0.0,0.0,0.0,0.0,48.434167943821954,optimal
2021-02-11 03:30:00,11,120,1.1428571428571428,0.0,0.0,0.1148,20.79,6.0,-9,19.79074621967908,,4000.0,0.0,0.0,0.0,48.38573377587813,optimal
2021-02-11 04:00:00,11,120,0.0,0.0,0.0,0.2100666666666666,29.106,6.0,-9,19.795901650970794,,0.0,0.0,0.0,0.0,48.33734804210225,optimal
2021-02-11 04:30:00,11,120,1.1428571428571428,0.0,0.0,0.1148,19.1835,6.0,-9,19.753973700324902,,4000.0,0.0,0.0,0.0,48.28901069406015,optimal
2021-02-11 05:00:00,11,120,1.1428571428571428,0.0,0.0,0.1345333333333333,19.6665,6.0,-9,19.759697676163142,,4000.0,0.0,0.0,0.0,48.24072168336608,optimal
2021-02-11 05:30:00,11,120,1.1428571428571428,0.0,0.0,0.1946666666666666,19.404,6.0,-9,19.7656507020992,,4000.0,0.0,0.0,0.0,48.19248096168271,optimal
2021-02-11 06:00:00,11,120,1.1428571428571428,0.0,0.0,0.0852666666666666,19.047,6.0,-9,19.772767341254667,,4000.0,0.0,0.0,0.0,48.144288480721016,optimal
2021-02-11 06:30:00,11,120,1.1428571428571428,0.0,0.0,0.1987666666666666,18.858,6.0,-9,19.779016520467373,,4000.0,0.0,0.0,0.0,48.096144192240295,optimal
2021-02-11 07:00:00,11,120,1.1428571428571428,0.2322222222222222,0.0,0.1653,19.2675,6.0,-9,19.787200680239643,,4000.0,0.0,0.0,209.0,48.048048048048045,optimal
2021-02-11 07:30:00,11,120,1.1428571428571428,17.472625417409176,0.0,0.4416666666666667,18.963,6.0,-9,19.79610181080901,,4000.0,15725.36287566826,0.0,0.0,48.0,optimal
2021-02-11 08:00:00,11,120,1.1428571428571428,0.3096296296296296,0.0,0.2155,18.438,6.0,-9,20.0,,4000.0,0.0,0.0,278.66666666666663,47.20568388313841,optimal
2021-02-11 08:30:00,11,120,1.0831214926416797,0.2322222222222222,0.0,1.5221,18.7425,6.0,-9,20.01035286629241,,3790.9252242458783,0.0,0.0,209.0,46.41216208239369,optimal
2021-02-11 09:00:00,11,120,1.1428571428571428,0.0774074074074074,0.0,0.3401666666666667,15.2145,6.0,-9,20.023742741485115,,4000.0,0.0,0.0,69.66666666666666,45.61943380344972,optimal
2021-02-11 09:30:00,11,120,1.1428571428571428,0.4644444444444444,0.0,0.2361666666666666,17.7765,6.0,-9,20.039842014651224,,4000.0,0.0,0.0,418.0,44.82749825278468,optimal
2021-02-11 10:00:00,11,120,1.1428571428571428,0.0,0.0,0.4910333333333334,16.758,6.0,-9,20.058644575615403,,4000.0,0.0,0.0,0.0,44.03635463767031,optimal
2021-02-11 10:30:00,11,120,1.1428571428571428,0.0,0.0,1.2110666666666663,16.422,6.0,-9,20.08587983319373,,4000.0,0.0,0.0,0.0,43.24600216617105,optimal
2021-02-11 11:00:00,11,120,1.1428571428571428,5.418518518518519,0.0,0.4063666666666666,16.758,6.0,-9,20.109336899112712,,4000.0,0.0,0.0,4876.666666666667,42.456440047143296,optimal
2021-02-11 11:30:00,11,120,0.0,0.0,0.0,0.3267333333333332,29.358,6.0,-9,20.133719023902888,,0.0,0.0,0.0,0.0,41.66766749023456,optimal
2021-02-11 12:00:00,11,120,0.0,3.0188888888888883,0.0,0.2124666666666666,34.9965,6.0,-9,20.10866261171463,,0.0,0.0,0.0,2716.9999999999995,40.87968370588274,optimal
2021-02-11 12:30:00,11,120,0.0,0.387037037037037,0.0,0.5027333333333334,34.65,6.0,-9,20.085886559097904,,0.0,0.0,0.0,348.3333333333333,40.09248790531528,optimal
2021-02-11 13:00:00,11,120,0.0,0.0,0.0,0.2205333333333333,34.9965,6.0,-9,20.06786350496352,,0.0,0.0,0.0,0.0,39.306079300548376,optimal
2021-02-11 13:30:00,11,120,0.0,0.2322222222222222,0.0,0.1135,34.9965,6.0,-9,20.0465477904042,,0.0,0.0,0.0,209.0,38.52045710438624,optimal
2021-02-11 14:00:00,11,120,0.0,0.4644444444444444,0.0,0.2273666666666666,30.4815,6.0,-9,20.02598384421259,,0.0,0.0,0.0,418.0,37.73562053042027,optimal
2021-02-11 14:30:00,11,120,0.0,0.3096296296296296,0.0,1.4572,21.4305,6.0,-9,20.01030186058008,,0.0,0.0,0.0,278.66666666666663,36.951568793028265,optimal
2021-02-11 15:00:00,11,120,0.3736625277849598,0.0,0.0,0.6765666666666668,14.3325,6.0,-9,20.0,,1307.8188472473591,0.0,0.0,0.0,36.16830110737365,optimal
2021-02-11 15:30:00,11,120,1.0023298546535238,0.2322222222222222,0.0,0.3992,13.692,6.0,-9,20.0,,3508.1544912873333,0.0,0.0,209.0,35.38581668940469,optimal
2021-02-11 16:00:00,11,120,0.0,0.9288888888888888,0.0,0.3326,14.007,6.0,-9,20.02473889382986,,0.0,0.0,0.0,836.0,34.6041147558537,optimal
2021-02-11 16:30:00,11,120,0.6354965091607275,0.387037037037037,0.0,0.4241999999999999,12.873,6.0,-9,20.0,,2224.2377820625466,0.0,0.0,348.3333333333333,33.823194524236264,optimal
2021-02-11 17:00:00,11,120,0.7675381766793707,0.3096296296296296,0.0,0.4563666666666667,12.684,6.0,-9,20.0,,2686.3836183777976,0.0,0.0,278.66666666666663,33.04305521285044,optimal
2021-02-11 17:30:00,11,120,0.7181191216749891,0.2322222222222222,0.0,0.5381,12.306,6.0,-9,20.0,,2513.416925862462,0.0,0.0,209.0,33.01001215763759,optimal
2021-02-11 18:00:00,11,120,1.1428571428571428,0.774074074074074,0.0,0.4080666666666667,10.6365,6.0,-9,20.0,,4000.0,0.0,0.0,696.6666666666666,32.97700214547995,optimal
2021-02-11 18:30:00,11,120,0.8678681979990719,0.6966666666666667,0.0,0.4593333333333333,11.2455,6.0,-9,20.015539001241983,,3037.538692996752,0.0,0.0,627.0,32.94402514333447,optimal
2021-02-11 19:00:00,11,120,1.1428571428571428,0.387037037037037,0.0,0.3014,11.2455,6.0,-9,20.0195358042494,,4000.0,0.0,0.0,348.3333333333333,32.911081118191134,optimal
2021-02-11 19:30:00,11,120,1.1428571428571428,0.0,0.0,1.9276,11.025,6.0,-9,20.03178713502129,,4000.0,0.0,0.0,0.0,32.87817003707294,optimal
2021-02-11 20:00:00,11,120,0.0,0.4644444444444444,0.0,0.2427,12.0855,6.0,-9,20.044853874654564,,0.0,0.0,0.0,418.0,32.84529186703587,optimal
2021-02-11 20:30:00,11,120,0.0,0.0,0.0,0.3157,11.6865,6.0,-9,20.0,,0.0,0.0,0.0,0.0,32.812446575168835,optimal
2021-02-11 21:00:00,11,120,0.0,0.0,0.0,0.2196666666666666,11.2245,6.0,-9,19.95672861520543,,0.0,0.0,0.0,0.0,32.77963412859366,optimal
2021-02-11 21:30:00,11,120,0.0,0.0,0.0,0.2397,11.025,6.0,-9,19.912563161131537,,0.0,0.0,0.0,0.0,32.74685449446507,optimal
2021-02-11 22:00:00,11,120,0.0,0.0,0.0,0.4656666666666667,10.7835,6.0,-9,19.869518402499253,,0.0,0.0,0.0,0.0,32.71410763997061,optimal
2021-02-11 22:30:00,11,120,0.0,0.0,0.0,0.3098666666666667,11.025,6.0,-9,19.830594090478023,,0.0,0.0,0.0,0.0,32.68139353233064,optimal
2021-02-11 23:00:00,11,120,0.0,0.0774074074074074,0.0,0.2537,10.584,6.0,-9,19.789017156373088,,0.0,0.0,0.0,69.66666666666666,32.64871213879831,optimal
2021-02-11 23:30:00,11,120,0.0,0.0774074074074074,0.0,0.4046666666666667,11.025,6.0,-9,19.74488585106112,,0.0,0.0,0.0,69.66666666666666,32.61606342665951,optimal
2021-02-12 00:00:00,11,120,0.0,0.0,0.0,0.068,29.1585,6.0,12,19.74488585106112,,0.0,0.0,0.0,0.0,32.58344736323285,optimal
2021-02-12 00:30:00,11,120,0.0,0.0,0.0,0.068,26.712,6.0,12,19.69499058887414,,0.0,0.0,0.0,0.0,32.55086391586962,optimal
2021-02-12 01:00:00,11,120,1.1428571428571428,0.0,0.0,0.2139333333333333,15.435,6.0,12,19.64519424718093,,4000.0,0.0,0.0,0.0,32.51831305195375,optimal
2021-02-12 01:30:00,11,120,1.1428571428571428,0.0,0.0,0.068,13.566,6.0,12,19.64600381273869,,4000.0,0.0,0.0,0.0,32.485794738901795,optimal
2021-02-12 02:00:00,11,120,1.1428571428571428,0.0,0.0,0.068,12.789,6.0,12,19.645232219612684,,4000.0,0.0,0.0,0.0,32.45330894416289,optimal
2021-02-12 02:30:00,11,120,1.1428571428571428,0.0,0.0,0.2139333333333333,12.1275,6.0,12,19.644660412504688,,4000.0,0.0,0.0,0.0,32.42085563521873,optimal
2021-02-12 03:00:00,11,120,1.1428571428571428,0.0,0.0,0.068,13.671,6.0,12,19.646462317853924,,4000.0,0.0,0.0,0.0,32.38843477958351,optimal
2021-02-12 03:30:00,11,120,1.1428571428571428,0.0,5.0,0.2139333333333333,10.668,6.0,12,19.64707760971565,,4000.0,0.0,0.0,0.0,34.73104634480393,optimal
2021-02-12 04:00:00,11,120,1.1428571428571428,0.0,0.0,0.068,11.7285,6.0,12,19.650857285680825,,4000.0,0.0,0.0,0.0,34.696315298459126,optimal
2021-02-12 04:30:00,11,120,1.1428571428571428,0.0,0.0,0.068,11.025,6.0,12,19.65423945224845,,4000.0,0.0,0.0,0.0,34.661618983160665,optimal
2021-02-12 05:00:00,11,120,1.1428571428571428,0.0,5.0,0.068,10.689,6.0,12,19.65900270746121,,4000.0,0.0,0.0,0.0,37.00195736417751,optimal
2021-02-12 05:30:00,11,120,1.1428571428571428,0.0,5.0,0.0879,8.1585,6.0,12,19.66514431322404,,4000.0,0.0,0.0,0.0,39.33995540681333,optimal
2021-02-12 06:00:00,11,120,1.1428571428571428,0.0,5.0,0.1977,10.3635,6.0,12,19.67310222178671,,4000.0,0.0,0.0,0.0,41.675615451406514,optimal
2021-02-12 06:30:00,11,120,1.1428571428571428,0.6966666666666667,5.0,0.072,10.8045,6.0,12,19.68392335627926,,4000.0,0.0,0.0,627.0,44.00893983595511,optimal
2021-02-12 07:00:00,11,120,1.1428571428571428,0.4644444444444444,3.591031104318984,0.4084,11.025,6.0,12,19.694100609623018,,4000.0,0.0,0.0,418.0,45.670670670670674,optimal
2021-02-12 07:30:00,11,120,1.1428571428571428,25.55032824043897,5.0,0.076,10.3635,6.0,12,19.709808863823444,,4000.0,22995.29541639507,0.0,0.0,48.0,optimal
2021-02-12 08:00:00,11,120,1.1428571428571428,0.6966666666666667,0.0,0.076,10.8045,6.0,12,20.0,,4000.0,0.0,0.0,627.0,47.308094676257774,optimal
2021-02-12 08:30:00,11,120,1.1428571428571428,0.2740222222222222,0.0,0.076,10.059,6.0,12,20.00791369129885,,4000.0,0.0,0.0,246.62,46.61688125783929,optimal
2021-02-12 09:00:00,11,120,1.1428571428571428,6.073385185185183,0.0,0.1761,10.584,6.0,12,20.014623328325047,,4000.0,0.0,0.0,5466.046666666665,45.92635905283922,optimal
2021-02-12 09:30:00,11,120,1.1428571428571428,0.3096296296296296,0.0,0.3456666666666667,9.4185,6.0,12,20.02511049612841,,4000.0,0.0,0.0,278.66666666666663,45.23652737004416,optimal
2021-02-12 10:00:00,11,120,1.1428571428571428,0.1548148148148148,0.0,0.2185,10.3635,6.0,12,20.041891015514548,,4000.0,0.0,0.0,139.33333333333331,44.54738551893189,optimal
2021-02-12 10:30:00,11,120,1.1428571428571428,0.0,0.0,0.2840333333333333,9.8385,6.0,12,20.06215190093801,,4000.0,0.0,0.0,0.0,43.85893280967073,optimal
2021-02-12 11:00:00,11,120,1.1428571428571428,0.1548148148148148,0.0,0.3800333333333333,11.067,6.0,12,20.08411018070544,,4000.0,0.0,0.0,139.33333333333331,43.17116855311884,optimal
2021-02-12 11:30:00,11,120,1.1428571428571428,0.1548148148148148,0.0,0.2841666666666667,10.8465,6.0,12,20.109791869447218,,4000.0,0.0,0.0,139.33333333333331,42.4840920608235,optimal
2021-02-12 12:00:00,11,120,0.0,0.0774074074074074,0.0,0.3499,13.671,6.0,12,20.13435389013216,,0.0,0.0,0.0,69.66666666666666,41.79770264502045,optimal
2021-02-12 12:30:00,11,120,1.1428571428571428,0.1548148148148148,0.0,0.219,12.348,6.0,12,20.11207180283509,,4000.0,0.0,0.0,139.33333333333331,41.111999618633206,optimal
2021-02-12 13:00:00,11,120,0.0,0.0,0.0,0.4669333333333332,14.3325,6.0,12,20.137067723509087,,0.0,0.0,0.0,0.0,40.426982295272346,optimal
2021-02-12 13:30:00,11,120,0.0,0.0,0.0,0.347,15.393,6.0,12,20.11633962448168,,0.0,0.0,0.0,0.0,39.74264998923485,optimal
2021-02-12 14:00:00,11,120,0.0,0.0,0.0,0.4200666666666666,13.587,6.0,12,20.09399329489613,,0.0,0.0,0.0,0.0,39.05900201550339,optimal
2021-02-12 14:30:00,11,120,0.0,0.387037037037037,0.0,2.001033333333333,16.1385,6.0,12,20.07424321956723,,0.0,0.0,0.0,348.3333333333333,38.37603768974566,optimal
2021-02-12 15:00:00,11,120,0.0,0.2322222222222222,0.0,3.582966666666666,14.595,6.0,12,20.070587482407984,,0.0,0.0,0.0,209.0,37.69375632831369,optimal
2021-02-12 15:30:00,11,120,0.0,0.2322222222222222,0.0,1.0399333333333334,14.637,6.0,12,20.069609657131423,,0.0,0.0,0.0,209.0,37.01215724824315,optimal
2021-02-12 16:00:00,11,120,0.0,0.1548148148148148,0.0,0.4271999999999999,13.9125,6.0,12,20.05674163781801,,0.0,0.0,0.0,139.33333333333331,36.33123976725268,optimal
2021-02-12 16:30:00,11,120,0.0,0.1548148148148148,0.0,0.4725333333333333,13.3665,6.0,12,20.03532375435611,,0.0,0.0,0.0,139.33333333333331,35.65100320374321,optimal
2021-02-12 17:00:00,11,120,1.1428571428571428,0.1548148148148148,0.0,0.4808666666666666,13.0095,6.0,12,20.015225584412388,,4000.0,0.0,0.0,139.33333333333331,34.97144687679724,optimal
2021-02-12 17:30:00,11,120,0.0,0.2322222222222222,0.0,0.5358666666666667,13.8915,6.0,12,20.03859062179315,,0.0,0.0,0.0,209.0,34.29257010617822,optimal
2021-02-12 18:00:00,11,120,0.4435740578428627,0.3096296296296296,0.0,0.4120333333333333,13.188,6.0,12,20.010634575852205,,1552.5092024500198,0.0,0.0,278.66666666666663,33.61437221232981,optimal
2021-02-12 18:30:00,11,120,0.3945234771840497,0.6966666666666667,0.0,1.147733333333333,12.5685,6.0,12,20.0,,1380.832170144174,0.0,0.0,627.0,32.93685251637526,optimal
2021-02-12 19:00:00,11,120,0.2893626298026491,2.5544444444444445,0.0,1.4246,12.285,6.0,12,20.0,,1012.769204309272,0.0,0.0,2299.0,32.26001034011666,optimal
2021-02-12 19:30:00,11,120,0.9654493012945188,0.0,0.0,1.4770333333333332,11.487,6.0,12,20.0,,3379.072554530816,0.0,0.0,0.0,31.58384500603432,optimal
2021-02-12 20:00:00,11,120,0.0,0.4644444444444444,0.0,1.2361333333333335,11.802,6.0,12,20.02170287632292,,0.0,0.0,0.0,418.0,30.90835583728605,optimal
2021-02-12 20:30:00,11,120,0.0,0.4644444444444444,0.0,0.6684,11.2245,6.0,12,20.0,,0.0,0.0,0.0,418.0,30.233542157706538,optimal
2021-02-12 21:00:00,11,120,0.0,0.3096296296296296,0.0,1.713,11.025,6.0,12,19.97432536513579,,0.0,0.0,0.0,278.66666666666663,30.20330861554883,optimal
2021-02-12 21:30:00,11,120,0.0,1.006296296296296,0.0,0.6939,11.907,6.0,12,19.949389880202823,,0.0,0.0,0.0,905.6666666666664,30.173105306933284,optimal
2021-02-12 22:00:00,11,120,0.0,0.0,0.0,3.242733333333333,25.83,6.0,12,19.92174749954191,,0.0,0.0,0.0,0.0,30.14293220162635,optimal
2021-02-12 22:30:00,11,120,0.0,0.0774074074074074,0.0,2.910366666666667,28.035,6.0,12,19.90287870734121,,0.0,0.0,0.0,69.66666666666666,30.112789269424724,optimal
2021-02-12 23:00:00,11,120,0.0,0.2322222222222222,0.0,0.7283999999999999,28.119,6.0,12,19.88254783968685,,0.0,0.0,0.0,209.0,30.0826764801553,optimal
2021-02-12 23:30:00,11,120,0.0,2.1674074074074072,0.0,0.249,30.156,6.0,12,19.860526818007703,,0.0,0.0,0.0,1950.6666666666667,30.052593803675144,optimal
2021-02-13 00:00:00,11,120,0.0,0.0,0.0,0.053,27.4575,6.0,15,19.860526818007703,,0.0,0.0,0.0,0.0,30.02254120987147,optimal
2021-02-13 00:30:00,11,120,0.0,0.0,0.0,0.063,27.3735,6.0,15,19.822239733272657,,0.0,0.0,0.0,0.0,29.9925186686616,optimal
2021-02-13 01:00:00,11,120,0.0,0.0,0.0,0.1423333333333333,30.4605,6.0,15,19.784334783067845,,0.0,0.0,0.0,0.0,29.96252614999294,optimal
2021-02-13 01:30:00,11,120,0.0,0.0,0.0,0.046,30.0195,6.0,15,19.74757057584884,,0.0,0.0,0.0,0.0,29.932563623842945,optimal
2021-02-13 02:00:00,11,120,0.0,0.0,0.0,0.046,26.9325,6.0,15,19.70980481839366,,0.0,0.0,0.0,0.0,29.902631060219104,optimal
2021-02-13 02:30:00,11,120,1.1428571428571428,0.0,0.0,0.0856666666666666,14.595,6.0,15,19.67221306206971,,4000.0,0.0,0.0,0.0,29.872728429158883,optimal
2021-02-13 03:00:00,11,120,1.1428571428571428,0.0,0.0,0.1196666666666666,12.4845,6.0,15,19.68390843963184,,4000.0,0.0,0.0,0.0,29.842855700729725,optimal
2021-02-13 03:30:00,11,120,1.1428571428571428,0.0,3.929878483633548,0.046,12.1275,6.0,15,19.69599483004256,,4000.0,0.0,0.0,0.0,31.67970512475493,optimal
2021-02-13 04:00:00,11,120,1.1428571428571428,0.0,5.0,0.1026666666666666,12.1275,6.0,15,19.70706069766356,,4000.0,0.0,0.0,0.0,34.023025419630166,optimal
2021-02-13 04:30:00,11,120,1.1428571428571428,0.0,0.0,0.1026666666666666,12.789,6.0,15,19.71869583114632,,4000.0,0.0,0.0,0.0,33.98900239421053,optimal
2021-02-13 05:00:00,11,120,1.1428571428571428,0.0,5.0,0.046,11.907,6.0,15,19.73010964095941,,4000.0,0.0,0.0,0.0,36.33001339181632,optimal
2021-02-13 05:30:00,11,120,1.1428571428571428,0.0,5.0,0.046,11.025,6.0,15,19.74061223310792,,4000.0,0.0,0.0,0.0,38.6686833784245,optimal
2021-02-13 06:00:00,11,120,1.1428571428571428,2.4770370370370367,5.0,0.3716333333333333,8.2005,6.0,15,19.750895746921152,,4000.0,0.0,0.0,2229.333333333333,41.00501469504607,optimal
2021-02-13 06:30:00,11,120,1.1428571428571428,2.4600074074074074,5.0,0.0503333333333333,9.5655,6.0,15,19.76617831434088,,4000.0,0.0,0.0,2214.0066666666667,43.33900968035103,optimal
2021-02-13 07:00:00,11,120,1.1428571428571428,0.0170296296296296,5.0,0.1346,7.056,6.0,15,19.77844667609019,,4000.0,0.0,0.0,15.32666666666668,45.670670670670674,optimal
2021-02-13 07:30:00,11,120,1.1428571428571428,19.70705220555612,5.0,0.1133333333333333,9.3975,6.0,15,19.79402538337636,,4000.0,15646.346985000508,0.0,2089.9999999999995,48.0,optimal
2021-02-13 08:00:00,11,120,0.8111509280900993,0.0,0.0,1.1502333333333332,10.059,6.0,15,20.0,,2839.028248315348,0.0,0.0,0.0,47.80483338566273,optimal
2021-02-13 08:30:00,11,120,1.1428571428571428,0.5418518518518518,0.0,1.2681666666666669,9.261,6.0,15,20.0,,4000.0,0.0,0.0,487.6666666666667,47.609861937939804,optimal
2021-02-13 09:00:00,11,120,1.1428571428571428,0.1548148148148148,0.0,0.1742666666666666,8.1585,6.0,15,20.015336052845743,,4000.0,0.0,0.0,139.33333333333331,47.4150854616646,optimal
2021-02-13 09:30:00,11,120,1.1428571428571428,0.0774074074074074,0.0,0.145,9.4815,6.0,15,20.03200153449584,,4000.0,0.0,0.0,69.66666666666666,47.22050376186567,optimal
2021-02-13 10:00:00,11,120,1.1428571428571428,0.0,0.0,0.068,8.379,6.0,15,20.047763975820263,,4000.0,0.0,0.0,0.0,47.026116643766535,optimal
2021-02-13 10:30:00,11,120,1.1428571428571428,0.0,0.0,0.0826666666666666,9.5235,6.0,15,20.064663259079023,,4000.0,0.0,0.0,0.0,46.83192391278551,optimal
2021-02-13 11:00:00,11,120,1.1428571428571428,0.0,0.0,0.1466666666666666,8.1375,6.0,15,20.07885059233316,,4000.0,0.0,0.0,0.0,46.637925374535456,optimal
2021-02-13 11:30:00,11,120,0.8612474654843097,0.0,0.0,0.056,10.0905,6.0,15,20.096619137342664,,3014.366129195084,0.0,0.0,0.0,46.44412083482366,optimal
2021-02-13 12:00:00,11,120,1.1428571428571428,0.1548148148148148,0.0,0.0688,7.539,6.0,15,20.10133972067223,,4000.0,0.0,0.0,139.33333333333331,46.25051009965157,optimal
2021-02-13 12:30:00,11,120,1.1428571428571428,0.0,0.0,0.3233999999999999,7.938,6.0,15,20.12122139722941,,4000.0,0.0,0.0,0.0,46.05709297521465,optimal
2021-02-13 13:00:00,11,120,1.1428571428571428,0.2322222222222222,0.0,1.22,8.274,6.0,15,20.14761622362768,,4000.0,0.0,0.0,209.0,45.86386926790217,optimal
2021-02-13 13:30:00,11,120,1.1428571428571428,0.1548148148148148,0.0,0.3101666666666667,9.261,6.0,15,20.18743756414449,,4000.0,0.0,0.0,139.33333333333331,45.670838784297,optimal
2021-02-13 14:00:00,11,120,1.1428571428571428,0.0,0.0,0.483,9.9225,6.0,15,20.21515915994621,,4000.0,0.0,0.0,0.0,45.47800133117544,optimal
2021-02-13 14:30:00,11,120,1.1428571428571428,0.1548148148148148,0.0,0.07,9.702,6.0,15,20.24100274464961,,4000.0,0.0,0.0,139.33333333333331,45.28535671550699,optimal
2021-02-13 15:00:00,11,120,0.0,0.0,0.0,0.1716,10.584,6.0,15,20.263646209697782,,0.0,0.0,0.0,0.0,45.092904744454216,optimal
2021-02-13 15:30:00,11,120,1.1428571428571428,0.2322222222222222,0.0,0.054,10.143,6.0,15,20.23962907625189,,4000.0,0.0,0.0,209.0,44.90064522537249,optimal
2021-02-13 16:00:00,11,120,0.0,0.0,0.0,0.1673333333333333,13.0095,6.0,15,20.26376104427678,,0.0,0.0,0.0,0.0,44.70857796580985,optimal
2021-02-13 16:30:00,11,120,0.0,0.0,0.0,0.0678666666666666,11.025,6.0,15,20.23607671743561,,0.0,0.0,0.0,0.0,44.51670277350678,optimal
2021-02-13 17:00:00,11,120,0.0,0.0,0.0,0.07,12.789,6.0,15,20.20752507313021,,0.0,0.0,0.0,0.0,44.32501945639601,optimal
2021-02-13 17:30:00,11,120,0.0,0.2322222222222222,0.0,0.2495,12.1275,6.0,15,20.179217988215147,,0.0,0.0,0.0,209.0,44.133527822602346,optimal
2021-02-13 18:00:00,11,120,0.0,0.0,0.0,0.3098666666666667,12.1695,6.0,15,20.153973942092897,,0.0,0.0,0.0,0.0,43.94222768044248,optimal
2021-02-13 18:30:00,11,120,0.0,0.1548148148148148,0.0,0.3073333333333333,12.306,6.0,15,20.12930039716689,,0.0,0.0,0.0,139.33333333333331,43.75111883842477,optimal
2021-02-13 19:00:00,11,120,0.0,0.0774074074074074,0.0,0.1823333333333333,13.23,6.0,15,20.102995372800457,,0.0,0.0,0.0,69.66666666666666,43.560201105249085,optimal
2021-02-13 19:30:00,11,120,0.0,0.1548148148148148,0.0,0.2172666666666667,13.671,6.0,15,20.072429093054136,,0.0,0.0,0.0,139.33333333333331,43.36947428980657,optimal
2021-02-13 20:00:00,11,120,0.0,0.0,0.0,0.0843333333333333,13.9335,6.0,15,20.03994775271553,,0.0,0.0,0.0,0.0,43.1789382011795,optimal
2021-02-13 20:30:00,11,120,0.0,0.0,0.0,0.1353333333333333,13.293,6.0,15,20.0,,0.0,0.0,0.0,0.0,42.98859264864105,optimal
2021-02-13 21:00:00,11,120,0.0,0.0,0.0,0.09,12.1065,6.0,15,19.9607527457201,,0.0,0.0,0.0,0.0,42.798437441655146,optimal
2021-02-13 21:30:00,11,120,0.0,0.0,0.0,0.056,11.571,6.0,15,19.921031035362542,,0.0,0.0,0.0,0.0,42.60847238987623,optimal
2021-02-13 22:00:00,11,120,0.0,0.3096296296296296,0.0,0.1196666666666666,11.025,6.0,15,19.880874747979856,,0.0,0.0,0.0,278.66666666666663,42.56586391748635,optimal
2021-02-13 22:30:00,11,120,0.0,2.5544444444444445,0.0,0.1256666666666666,10.8465,6.0,15,19.84961804437454,,0.0,0.0,0.0,2299.0,42.52329805356886,optimal
2021-02-13 23:00:00,11,120,0.0,0.3096296296296296,0.0,0.0917333333333333,11.2455,6.0,15,19.81902434983309,,0.0,0.0,0.0,278.66666666666663,42.48077475551529,optimal
2021-02-13 23:30:00,11,120,0.0,0.0,0.0,0.5026333333333334,23.8665,6.0,15,19.78825339252794,,0.0,0.0,0.0,0.0,42.438293980759774,optimal
2021-02-07 00:00:00,12,120,0.0,0.0,0.0,0.0663333333333333,31.3425,6.0,12,21.0,,0.0,0.0,0.0,0.0,47.952,optimal
2021-02-07 00:30:00,12,120,0.0,0.0,0.0,0.1936666666666666,28.2555,6.0,12,20.96687992145754,,0.0,0.0,0.0,0.0,47.904048,optimal
2021-02-07 01:00:00,12,120,0.0,0.0,0.0,0.087,15.6975,6.0,12,20.93450843876023,,0.0,0.0,0.0,0.0,47.856143952,optimal
2021-02-07 01:30:00,12,120,0.0,0.0,0.0,0.0736666666666666,12.5475,6.0,12,20.900703428331667,,0.0,0.0,0.0,0.0,47.80828780804799,optimal
2021-02-07 02:00:00,12,120,0.0,0.0,0.0,0.207,12.0855,6.0,12,20.86670387907518,,0.0,0.0,0.0,0.0,47.76047952023995,optimal
2021-02-07 02:30:00,12,120,0.0,0.0,0.0,0.067,11.907,6.0,12,20.834296920349885,,0.0,0.0,0.0,0.0,47.712719040719705,optimal
2021-02-07 03:00:00,12,120,0.0,0.0,0.0,0.1736666666666666,12.5685,6.0,12,20.800050426119142,,0.0,0.0,0.0,0.0,47.66500632167899,optimal
2021-02-07 03:30:00,12,120,0.0,0.0,0.0,0.107,13.146,6.0,12,20.766973021374337,,0.0,0.0,0.0,0.0,47.61734131535731,optimal
2021-02-07 04:00:00,12,120,0.0,0.0,0.0,0.067,10.584,6.0,12,20.73304991030536,,0.0,0.0,0.0,0.0,47.56972397404195,optimal
2021-02-07 04:30:00,12,120,0.0,0.0,0.0,0.1203333333333333,6.678,6.0,12,20.698607632064284,,0.0,0.0,0.0,0.0,47.52215425006791,optimal
2021-02-07 05:00:00,12,120,0.0,0.0,0.0,0.1676666666666666,7.938,6.0,12,20.66488336277715,,0.0,0.0,0.0,0.0,47.47463209581784,optimal
2021-02-07 05:30:00,12,120,0.0,0.0,1.71276677819803,0.0683333333333333,5.292,6.0,12,20.63171324770301,,0.0,0.0,0.0,0.0,48.24072168336608,optimal
2021-02-07 06:00:00,12,120,0.0,0.0,0.0,0.067,9.261,6.0,12,20.597471875765702,,0.0,0.0,0.0,0.0,48.19248096168271,optimal
2021-02-07 06:30:00,12,120,0.0,0.0,0.0,0.2136666666666666,10.3635,6.0,12,20.56329838950072,,0.0,0.0,0.0,0.0,48.144288480721016,optimal
2021-02-07 07:00:00,12,120,0.0,0.0,0.0,0.067,8.274,6.0,12,20.53088026985104,,0.0,0.0,0.0,0.0,48.096144192240295,optimal
2021-02-07 07:30:00,12,120,0.0,0.4644444444444444,0.0,1.8450666666666664,7.7175,6.0,12,20.496640549344686,,0.0,0.0,0.0,418.0,48.048048048048045,optimal
2021-02-07 08:00:00,12,120,0.0,2.4770370370370367,0.0,0.4104666666666666,6.615,6.0,12,20.46570306932524,,0.0,0.0,0.0,2229.333333333333,48.0,optimal
2021-02-07 08:30:00,12,120,0.0,0.387037037037037,0.0,0.079,6.174,6.0,12,20.436588193950048,,0.0,0.0,0.0,348.3333333333333,47.88526244403448,optimal
2021-02-07 09:00:00,12,120,0.0,0.0,0.0,0.0771333333333333,3.906,6.0,12,20.405244450952125,,0.0,0.0,0.0,0.0,47.77063962562492,optimal
2021-02-07 09:30:00,12,120,0.9173300148936122,0.0,0.0,1.9840666666666664,2.3415,6.0,12,20.37252887988159,,3210.655052127642,0.0,0.0,0.0,47.65613143003377,optimal
2021-02-07 10:00:00,12,120,1.1428571428571428,2.322222222222221,0.0,2.5052,2.205,6.0,12,20.38423203560344,,4000.0,0.0,0.0,2089.9999999999995,47.54173774263821,optimal
2021-02-07 10:30:00,12,120,1.1428571428571428,0.2322222222222222,0.0,0.5186666666666666,0.882,6.0,12,20.40795745817508,,4000.0,0.0,0.0,209.0,47.42745844893005,optimal
2021-02-07 11:00:00,12,120,1.1428571428571428,0.0774074074074074,0.0,3.54,1.5435,6.0,12,20.42985834955827,,4000.0,0.0,0.0,69.66666666666666,47.31329343451559,optimal
2021-02-07 11:30:00,12,120,1.1428571428571428,0.0774074074074074,0.0,0.4796333333333333,1.5435,6.0,12,20.46810860103071,,4000.0,0.0,0.0,69.66666666666666,47.19924258511556,optimal
2021-02-07 12:00:00,12,120,0.0,0.387037037037037,0.0,0.495,5.0715,6.0,12,20.492780028523946,,0.0,0.0,0.0,348.3333333333333,47.08530578656492,optimal
2021-02-07 12:30:00,12,120,0.0,0.2322222222222222,0.0,2.142866666666667,5.376,6.0,12,20.47041571244881,,0.0,0.0,0.0,209.0,46.971482924812825,optimal
2021-02-07 13:00:00,12,120,0.0,0.0,0.0,0.9051666666666668,5.0715,6.0,12,20.45521777653498,,0.0,0.0,0.0,0.0,46.85777388592249,optimal
2021-02-07 13:30:00,12,120,0.0,0.3096296296296296,0.0,0.8764,5.5125,6.0,12,20.437084373842968,,0.0,0.0,0.0,278.66666666666663,46.74417855607104,optimal
2021-02-07 14:00:00,12,120,0.0,0.0,0.0,2.205,9.261,6.0,12,20.41318622229432,,0.0,0.0,0.0,0.0,46.63069682154945,optimal
2021-02-07 14:30:00,12,120,0.0,0.0,0.0,0.4468999999999999,11.7075,6.0,12,20.38963740808544,,0.0,0.0,0.0,0.0,46.51732856876237,optimal
2021-02-07 15:00:00,12,120,0.0,0.0,0.0,0.077,12.348,6.0,12,20.36134271092374,,0.0,0.0,0.0,0.0,46.40407368422809,optimal
2021-02-07 15:30:00,12,120,0.0,0.0,0.0,0.077,12.348,6.0,12,20.33019413701268,,0.0,0.0,0.0,0.0,46.290932054578334,optimal
2021-02-07 16:00:00,12,120,0.0,0.0,0.0,0.2236666666666666,12.1275,6.0,12,20.29880993267823,,0.0,0.0,0.0,0.0,46.17790356655823,optimal
2021-02-07 16:30:00,12,120,0.0,0.0,0.0,0.077,12.5265,6.0,12,20.26668301804181,,0.0,0.0,0.0,0.0,46.06498810702615,optimal
2021-02-07 17:00:00,12,120,0.0,0.0,0.0,0.157,11.7495,6.0,12,20.23293218150261,,0.0,0.0,0.0,0.0,45.9521855629536,optimal
2021-02-07 17:30:00,12,120,0.0,0.0,0.0,0.1436666666666666,13.23,6.0,12,20.19776917138686,,0.0,0.0,0.0,0.0,45.83949582142512,optimal
2021-02-07 18:00:00,12,120,0.0,1.0837037037037036,0.0,0.3736,14.3325,6.0,12,20.162711699192137,,0.0,0.0,0.0,975.3333333333334,45.72691876963817,optimal
2021-02-07 18:30:00,12,120,0.0,0.0,0.0,0.4729333333333332,14.994,6.0,12,20.13408430867827,,0.0,0.0,0.0,0.0,45.614454294903005,optimal
2021-02-07 19:00:00,12,120,0.0,0.0,0.0,0.077,14.8155,6.0,12,20.105519403943955,,0.0,0.0,0.0,0.0,45.502102284642575,optimal
2021-02-07 19:30:00,12,120,0.0,0.0,0.0,0.097,14.112,6.0,12,20.0696798418582,,0.0,0.0,0.0,0.0,45.38986262639241,optimal
2021-02-07 20:00:00,12,120,0.0,0.0,0.0,0.2036666666666666,14.007,6.0,12,20.034154980821786,,0.0,0.0,0.0,0.0,45.27773520780049,optimal
2021-02-07 20:30:00,12,120,0.0,0.0,0.0,0.077,13.23,6.0,12,20.0,,0.0,0.0,0.0,0.0,45.16571991662717,optimal
2021-02-07 21:00:00,12,120,0.0,0.0,0.0,0.1862666666666667,11.382,6.0,12,19.96417138047952,,0.0,0.0,0.0,0.0,45.05381664074502,optimal
2021-02-07 21:30:00,12,120,0.0,0.0,0.0,1.8131333333333328,11.7495,6.0,12,19.93020856851568,,0.0,0.0,0.0,0.0,44.94202526813875,optimal
2021-02-07 22:00:00,12,120,0.0,0.0,0.0,0.9747,24.3285,6.0,12,19.905313486355087,,0.0,0.0,0.0,0.0,44.83034568690508,optimal
2021-02-07 22:30:00,12,120,0.0,0.1548148148148148,0.0,0.4431,28.917,6.0,12,19.87731115269781,,0.0,0.0,0.0,139.33333333333331,44.78551534121818,optimal
2021-02-07 23:00:00,12,120,0.0,0.1548148148148148,0.0,0.4684,31.3635,6.0,12,19.85228005745582,,0.0,0.0,0.0,139.33333333333331,44.74072982587696,optimal
2021-02-07 23:30:00,12,120,0.0,0.0,0.0,0.3879333333333333,33.306,6.0,12,19.83027635869703,,0.0,0.0,0.0,0.0,44.695989096051086,optimal
2021-02-08 00:00:00,12,120,1.1428571428571428,0.0,0.0,0.0757999999999999,11.2665,6.0,4,19.83027635869703,,4000.0,0.0,0.0,0.0,44.65129310695504,optimal
2021-02-08 00:30:00,12,120,1.1428571428571428,0.0,0.0,0.1449666666666666,10.143,6.0,4,19.845824951701324,,4000.0,0.0,0.0,0.0,44.606641813848086,optimal
2021-02-08 01:00:00,12,120,1.1428571428571428,0.6192592592592592,0.0,0.2271333333333333,11.2455,6.0,4,19.86311321919193,,4000.0,0.0,0.0,557.3333333333333,44.56203517203424,optimal
2021-02-08 01:30:00,12,120,1.1428571428571428,0.0,0.0,0.1370666666666666,11.025,6.0,4,19.88173569482826,,4000.0,0.0,0.0,0.0,44.5174731368622,optimal
2021-02-08 02:00:00,12,120,1.1428571428571428,0.2322222222222222,0.0,0.312,5.9745,6.0,4,19.89856451125751,,4000.0,0.0,0.0,209.0,44.47295566372534,optimal
2021-02-08 02:30:00,12,120,1.1428571428571428,0.0,0.0,0.2528666666666667,7.938,6.0,4,19.91787516621429,,4000.0,0.0,0.0,0.0,44.42848270806161,optimal
2021-02-08 03:00:00,12,120,1.1428571428571428,0.0,0.0,0.079,8.6835,6.0,4,19.936168933429087,,4000.0,0.0,0.0,0.0,44.384054225353545,optimal
2021-02-08 03:30:00,12,120,1.1428571428571428,2.70925925925926,0.0,0.2092,7.665,6.0,4,19.953885581145823,,4000.0,0.0,0.0,2438.333333333333,44.33967017112819,optimal
2021-02-08 04:00:00,12,120,1.1428571428571428,0.0,0.0,0.075,6.7725,6.0,4,19.97338101031684,,4000.0,0.0,0.0,0.0,44.29533050095706,optimal
2021-02-08 04:30:00,12,120,1.1428571428571428,0.0,2.988706316241196,0.075,5.5755,6.0,4,19.992336237026265,,4000.0,0.0,0.0,0.0,45.670670670670674,optimal
2021-02-08 05:00:00,12,120,1.1428571428571428,0.0,5.0,0.2424,5.0925,6.0,4,20.009504409149827,,4000.0,0.0,0.0,0.0,48.0,optimal
2021-02-08 05:30:00,12,120,1.1428571428571428,0.1548148148148148,0.0,0.2427333333333333,4.1895,6.0,4,20.028918176619687,,4000.0,0.0,0.0,139.33333333333331,47.35983406832399,optimal
2021-02-08 06:00:00,12,120,1.1428571428571428,0.2322222222222222,0.0,1.5085333333333333,7.056,6.0,4,20.047439021651865,,4000.0,0.0,0.0,209.0,46.72030830257966,optimal
2021-02-08 06:30:00,12,120,1.1428571428571428,2.5544444444444445,0.0,0.3139333333333333,5.271,6.0,4,20.072172807367696,,4000.0,0.0,0.0,2299.0,46.08142206260107,optimal
2021-02-08 07:00:00,12,120,1.1428571428571428,2.1674074074074072,0.0,1.478233333333333,7.938,6.0,4,20.091310322332003,,4000.0,0.0,0.0,1950.6666666666667,45.44317470886247,optimal
2021-02-08 07:30:00,12,120,1.1428571428571428,0.2322222222222222,0.0,0.6964,7.938,6.0,4,20.11368048517972,,4000.0,0.0,0.0,209.0,44.80556560247759,optimal
2021-02-08 08:00:00,12,120,1.1428571428571428,0.1548148148148148,0.0,0.8122999999999999,11.907,6.0,4,20.133764105848147,,4000.0,0.0,0.0,139.33333333333331,44.16859410519911,optimal
2021-02-08 08:30:00,12,120,1.1428571428571428,0.4644444444444444,0.0,1.0837333333333332,11.025,6.0,4,20.15650231802619,,4000.0,0.0,0.0,418.0,43.5322595794179,optimal
2021-02-08 09:00:00,12,120,1.1428571428571428,0.0,0.0,0.3561,11.2875,6.0,4,20.177984353967,,4000.0,0.0,0.0,0.0,42.89656138816248,optimal
2021-02-08 09:30:00,12,120,1.1428571428571428,0.0,0.0,0.077,12.936,6.0,4,20.19201724575056,,4000.0,0.0,0.0,0.0,42.26149889509831,optimal
2021-02-08 10:00:00,12,120,1.1428571428571428,0.0,0.0,0.077,13.0095,6.0,4,20.204491618448216,,4000.0,0.0,0.0,0.0,41.6270714645272,optimal
2021-02-08 10:30:00,12,120,0.0,0.0,0.0,0.2134,13.671,6.0,4,20.21979144668008,,0.0,0.0,0.0,0.0,40.993278461386666,optimal
2021-02-08 11:00:00,12,120,1.1428571428571428,0.0,0.0,0.077,13.188,6.0,4,20.18769585631001,,4000.0,0.0,0.0,0.0,40.36011925124927,optimal
2021-02-08 11:30:00,12,120,0.0,0.0,0.0,0.1576,13.8495,6.0,4,20.205439412020908,,0.0,0.0,0.0,0.0,39.72759320032202,optimal
2021-02-08 12:00:00,12,120,1.1428571428571428,0.0,0.0,0.1328,13.23,6.0,4,20.175598570249665,,4000.0,0.0,0.0,0.0,39.09569967544569,optimal
2021-02-08 12:30:00,12,120,0.1404267374077963,0.0,0.0,0.077,13.3665,6.0,4,20.195379501569004,,491.4935809272872,0.0,0.0,0.0,38.46443804409424,optimal
2021-02-08 13:00:00,12,120,1.1428571428571428,0.0,0.0,0.2134,13.0515,6.0,4,20.172096124348567,,4000.0,0.0,0.0,0.0,37.833807674374135,optimal
2021-02-08 13:30:00,12,120,0.0,0.0,0.0,0.077,13.5345,6.0,4,20.193335781960087,,0.0,0.0,0.0,0.0,37.20380793502376,optimal
2021-02-08 14:00:00,12,120,0.0,0.0,0.0,0.2134,14.154,6.0,4,20.16434054236688,,0.0,0.0,0.0,0.0,36.574438195412725,optimal
2021-02-08 14:30:00,12,120,0.0,0.0,0.0,0.077,14.112,6.0,4,20.13732734346864,,0.0,0.0,0.0,0.0,35.9456978255413,optimal
2021-02-08 15:00:00,12,120,0.0,0.0,0.0,0.1576,14.2485,6.0,4,20.108408643889604,,0.0,0.0,0.0,0.0,35.317586196039755,optimal
2021-02-08 15:30:00,12,120,1.1428571428571428,0.0,0.0,0.1328,12.789,6.0,4,20.07819601080973,,4000.0,0.0,0.0,0.0,34.69010267816771,optimal
2021-02-08 16:00:00,12,120,1.1428571428571428,0.0,0.0,0.108,13.0095,6.0,4,20.096569655123115,,4000.0,0.0,0.0,0.0,34.063246643813535,optimal
2021-02-08 16:30:00,12,120,1.1428571428571428,0.0,0.0,0.1824,12.1275,6.0,4,20.11228033204393,,4000.0,0.0,0.0,0.0,33.43701746549372,optimal
2021-02-08 17:00:00,12,120,1.1428571428571428,0.0,0.0,0.077,12.348,6.0,4,20.128568843467228,,4000.0,0.0,0.0,0.0,32.811414516352215,optimal
2021-02-08 17:30:00,12,120,1.1428571428571428,0.0,0.0,0.2134,12.348,6.0,4,20.14065854220049,,4000.0,0.0,0.0,0.0,32.186437170159856,optimal
2021-02-08 18:00:00,12,120,0.0,0.0,0.0,0.077,25.389,6.0,4,20.153989431390283,,0.0,0.0,0.0,0.0,31.562084801313684,optimal
2021-02-08 18:30:00,12,120,0.0,0.0,0.0,1.5398333333333332,29.1375,6.0,4,20.11566617135433,,0.0,0.0,0.0,0.0,30.93835678483636,optimal
2021-02-08 19:00:00,12,120,0.0,0.0,0.0,0.0955999999999999,30.597,6.0,4,20.087579252575523,,0.0,0.0,0.0,0.0,30.31525249637551,optimal
2021-02-08 19:30:00,12,120,0.0,0.0,0.0,2.4449,33.684,6.0,4,20.04981250276392,,0.0,0.0,0.0,0.0,29.692771312203124,optimal
2021-02-08 20:00:00,12,120,0.0,0.0774074074074074,0.0,1.7082,32.445,6.0,4,20.026083244738142,,0.0,0.0,0.0,69.66666666666666,29.07091260921491,optimal
2021-02-08 20:30:00,12,120,0.0,0.0,0.0,1.0595333333333332,28.917,6.0,4,20.0,,0.0,0.0,0.0,0.0,28.449675764929687,optimal
2021-02-08 21:00:00,12,120,0.0,0.3096296296296296,0.0,0.258,15.876,6.0,4,19.97489650888741,,0.0,0.0,0.0,278.66666666666663,27.829060157488748,optimal
2021-02-08 21:30:00,12,120,0.0,0.3096296296296296,0.0,0.3062666666666666,12.348,6.0,4,19.945174585360096,,0.0,0.0,0.0,278.66666666666663,27.801231097331257,optimal
2021-02-08 22:00:00,12,120,0.0,0.0,0.0,1.4081333333333337,12.1275,6.0,4,19.919032419862265,,0.0,0.0,0.0,0.0,27.77342986623393,optimal
2021-02-08 22:30:00,12,120,0.0,6.037777777777777,0.0,1.488,12.348,6.0,4,19.899722179406208,,0.0,0.0,0.0,5433.999999999999,27.745656436367693,optimal
2021-02-08 23:00:00,12,120,0.0,0.0,0.0,0.5688,12.1275,6.0,4,19.87908648612981,,0.0,0.0,0.0,0.0,27.717910779931326,optimal
2021-02-08 23:30:00,12,120,0.0,0.0,0.0,0.3004666666666666,12.1275,6.0,4,19.8537879753912,,0.0,0.0,0.0,0.0,27.6901928691514,optimal
2021-02-09 00:00:00,12,120,0.0,0.0,0.0,0.058,34.9965,6.0,13,19.8537879753912,,0.0,0.0,0.0,0.0,27.662502676282244,optimal
2021-02-09 00:30:00,12,120,0.0,0.0,0.0,0.2244666666666666,33.327,6.0,13,19.818430297096487,,0.0,0.0,0.0,0.0,27.63484017360596,optimal
2021-02-09 01:00:00,12,120,0.0,0.0,0.0,0.058,31.122,6.0,13,19.785269799834303,,0.0,0.0,0.0,0.0,27.60720533343236,optimal
2021-02-09 01:30:00,12,120,1.1428571428571428,0.0,0.0,0.058,17.9025,6.0,13,19.75024621941592,,4000.0,0.0,0.0,0.0,27.57959812809893,optimal
2021-02-09 02:00:00,12,120,1.1428571428571428,0.0,0.0,0.2093333333333333,15.6555,6.0,13,19.7638231920792,,4000.0,0.0,0.0,0.0,27.552018529970827,optimal
2021-02-09 02:30:00,12,120,1.1428571428571428,0.0,0.0,0.0731333333333333,14.553,6.0,13,19.77901858586331,,4000.0,0.0,0.0,0.0,27.524466511440856,optimal
2021-02-09 03:00:00,12,120,1.1428571428571428,0.0,0.0,0.1261,14.3325,6.0,13,19.792623746819245,,4000.0,0.0,0.0,0.0,27.496942044929416,optimal
2021-02-09 03:30:00,12,120,1.1428571428571428,0.0,3.8536902891759066,0.1563666666666666,13.335,6.0,13,19.80694632094447,,4000.0,0.0,0.0,0.0,29.29994799024304,optimal
2021-02-09 04:00:00,12,120,1.1428571428571428,0.0,5.0,0.058,12.1275,6.0,13,19.821807474874035,,4000.0,0.0,0.0,0.0,31.64564804225279,optimal
2021-02-09 04:30:00,12,120,1.1428571428571428,0.0,5.0,0.058,12.2955,6.0,13,19.835639085422205,,4000.0,0.0,0.0,0.0,33.98900239421053,optimal
2021-02-09 05:00:00,12,120,1.1428571428571428,0.0,5.0,0.2244666666666666,11.6865,6.0,13,19.84924501764685,,4000.0,0.0,0.0,0.0,36.33001339181632,optimal
2021-02-09 05:30:00,12,120,1.1428571428571428,0.0,5.0,0.0606666666666666,11.466,6.0,13,19.86465367303905,,4000.0,0.0,0.0,0.0,38.6686833784245,optimal
2021-02-09 06:00:00,12,120,1.1428571428571428,0.0,5.0,0.068,10.8045,6.0,13,19.87800382573372,,4000.0,0.0,0.0,0.0,41.00501469504607,optimal
2021-02-09 06:30:00,12,120,1.1428571428571428,0.0774074074074074,5.0,0.2338,10.584,6.0,13,19.891327510911463,,4000.0,0.0,0.0,69.66666666666666,43.33900968035103,optimal
2021-02-09 07:00:00,12,120,1.1428571428571428,0.8514814814814814,5.0,1.308266666666667,11.2455,6.0,13,19.907755598170976,,4000.0,0.0,0.0,766.3333333333333,45.670670670670674,optimal
2021-02-09 07:30:00,12,120,1.1428571428571428,4.761632881230481,5.0,0.8357666666666667,12.1275,6.0,13,19.931340439879083,,4000.0,3658.469593107433,0.0,627.0,48.0,optimal
2021-02-09 08:00:00,12,120,1.1428571428571428,0.0,0.0,0.8973666666666666,11.823,6.0,13,20.0,,4000.0,0.0,0.0,0.0,47.60904874688878,optimal
2021-02-09 08:30:00,12,120,1.1428571428571428,0.0,0.0,0.0606666666666666,11.7705,6.0,13,20.01619096100672,,4000.0,0.0,0.0,0.0,47.21848844503067,optimal
2021-02-09 09:00:00,12,120,1.1428571428571428,0.0,0.0,0.2344666666666666,11.13,6.0,13,20.025905660532697,,4000.0,0.0,0.0,0.0,46.82831870347442,optimal
2021-02-09 09:30:00,12,120,1.1428571428571428,0.0,0.0,0.068,11.6865,6.0,13,20.039606764141293,,4000.0,0.0,0.0,0.0,46.43853913165973,optimal
2021-02-09 10:00:00,12,120,1.1428571428571428,0.0,0.0,0.068,10.7205,6.0,13,20.05184751923952,,4000.0,0.0,0.0,0.0,46.04914933941686,optimal
2021-02-09 10:30:00,12,120,1.1428571428571428,0.0,0.0,0.1781666666666666,11.424,6.0,13,20.06753471699856,,4000.0,0.0,0.0,0.0,45.66014893696622,optimal
2021-02-09 11:00:00,12,120,1.1428571428571428,0.0,0.0,0.1109666666666666,10.689,6.0,13,20.08506915057382,,4000.0,0.0,0.0,0.0,45.27153753491804,optimal
2021-02-09 11:30:00,12,120,1.1428571428571428,0.0,0.0,0.0583333333333333,11.361,6.0,13,20.105009082051488,,4000.0,0.0,0.0,0.0,44.88331474427191,optimal
2021-02-09 12:00:00,12,120,1.1428571428571428,0.0,0.0,0.068,11.571,6.0,13,20.12436335139156,,4000.0,0.0,0.0,0.0,44.49548017641642,optimal
2021-02-09 12:30:00,12,120,0.0,0.0,0.0,0.1877333333333332,14.3745,6.0,13,20.1456525871269,,0.0,0.0,0.0,0.0,44.10803344312879,optimal
2021-02-09 13:00:00,12,120,1.1428571428571428,0.0,0.0,0.1034,13.23,6.0,13,20.119545990240045,,4000.0,0.0,0.0,0.0,43.72097415657444,optimal
2021-02-09 13:30:00,12,120,1.1428571428571428,0.0,0.0,0.1034,13.9755,6.0,13,20.14165199414333,,4000.0,0.0,0.0,0.0,43.334301929306655,optimal
2021-02-09 14:00:00,12,120,0.0,0.0,0.0,0.1790666666666666,14.994,6.0,13,20.163615043361208,,0.0,0.0,0.0,0.0,42.94801637426613,optimal
2021-02-09 14:30:00,12,120,1.1428571428571428,0.0,0.0,0.0766666666666666,13.671,6.0,13,20.13707850848577,,4000.0,0.0,0.0,0.0,42.56211710478065,optimal
2021-02-09 15:00:00,12,120,0.0,0.0,0.0,0.0890333333333333,15.981,6.0,13,20.16014581388193,,0.0,0.0,0.0,0.0,42.17660373456465,optimal
2021-02-09 15:30:00,12,120,0.0,0.0,0.0,1.6767,15.6345,6.0,13,20.13480255696605,,0.0,0.0,0.0,0.0,41.79147587771887,optimal
2021-02-09 16:00:00,12,120,0.0,0.0,0.0,0.3416666666666667,16.5375,6.0,13,20.115334816319983,,0.0,0.0,0.0,0.0,41.406733148729934,optimal
2021-02-09 16:30:00,12,120,0.0,0.6192592592592592,0.0,1.6375,14.7735,6.0,13,20.0938965737446,,0.0,0.0,0.0,557.3333333333333,41.022375162469984,optimal
2021-02-09 17:00:00,12,120,0.0,0.6192592592592592,0.0,1.6850666666666667,15.2145,6.0,13,20.077654443358576,,0.0,0.0,0.0,557.3333333333333,40.6384015341963,optimal
2021-02-09 17:30:00,12,120,0.0,0.0774074074074074,0.0,0.3871666666666666,14.553,6.0,13,20.05802884362866,,0.0,0.0,0.0,69.66666666666666,40.254811879550886,optimal
2021-02-09 18:00:00,12,120,1.0539998464184297,0.2322222222222222,0.0,0.3309333333333333,14.3325,6.0,13,20.03251161681456,,3688.999462464504,0.0,0.0,209.0,39.87160581456012,optimal
2021-02-09 18:30:00,12,120,0.0,0.5418518518518518,0.0,0.2599666666666666,14.595,6.0,13,20.0529882675648,,0.0,0.0,0.0,487.6666666666667,39.48878295563434,optimal
2021-02-09 19:00:00,12,120,0.0,0.2322222222222222,0.0,1.0706666666666669,14.994,6.0,13,20.02619545939075,,0.0,0.0,0.0,209.0,39.10634291956749,optimal
2021-02-09 19:30:00,12,120,0.6102727007656759,0.8514814814814814,0.0,0.3314,14.3325,6.0,13,20.0,,2135.9544526798654,0.0,0.0,766.3333333333333,38.72428532353671,optimal
2021-02-09 20:00:00,12,120,0.6371222245752078,0.2322222222222222,0.0,0.2981999999999999,13.8915,6.0,13,20.0,,2229.9277860132274,0.0,0.0,209.0,38.34260978510195,optimal
2021-02-09 20:30:00,12,120,0.0,0.0,0.0,0.3864666666666665,13.8915,6.0,13,20.0,,0.0,0.0,0.0,0.0,37.96131592220563,optimal
2021-02-09 21:00:00,12,120,0.0,0.0774074074074074,0.0,0.2815666666666667,13.4715,6.0,13,19.97370244037396,,0.0,0.0,0.0,69.66666666666666,37.58040335317221,optimal
2021-02-09 21:30:00,12,120,0.0,2.70925925925926,0.0,0.3454666666666666,13.23,6.0,13,19.94624478399205,,0.0,0.0,0.0,2438.333333333333,37.19987169670782,optimal
2021-02-09 22:00:00,12,120,0.0,0.0,0.0,0.6582666666666667,13.8915,6.0,13,19.92066508058219,,0.0,0.0,0.0,0.0,36.81972057189989,optimal
2021-02-09 22:30:00,12,120,0.0,0.0774074074074074,0.0,0.2257333333333332,26.9325,6.0,13,19.897644660752167,,0.0,0.0,0.0,69.66666666666666,36.782900851328,optimal
2021-02-09 23:00:00,12,120,0.0,0.0,0.0,0.068,30.303,6.0,13,19.870531177363187,,0.0,0.0,0.0,0.0,36.746117950476666,optimal
2021-02-09 23:30:00,12,120,0.0,0.0,0.0,0.0982666666666666,32.886,6.0,13,19.835338560904205,,0.0,0.0,0.0,0.0,36.70937183252619,optimal
2021-02-10 00:00:00,12,120,1.1428571428571428,0.0,5.0,0.054,10.4475,6.0,-7,19.835338560904205,,4000.0,0.0,0.0,0.0,39.04766246069366,optimal
2021-02-10 00:30:00,12,120,1.1428571428571428,0.0,5.0,0.054,10.8675,6.0,-7,19.848321082455445,,4000.0,0.0,0.0,0.0,41.38361479823296,optimal
2021-02-10 01:00:00,12,120,1.1428571428571428,0.0,5.0,0.054,10.542,6.0,-7,19.86107960905548,,4000.0,0.0,0.0,0.0,43.71723118343473,optimal
2021-02-10 01:30:00,12,120,1.1428571428571428,0.0,5.0,0.054,11.025,6.0,-7,19.87361458478837,,4000.0,0.0,0.0,0.0,46.04851395225129,optimal
2021-02-10 02:00:00,12,120,1.1428571428571428,0.0774074074074074,5.0,0.0628,11.025,6.0,-7,19.88592645285777,,4000.0,0.0,0.0,69.66666666666666,48.37746543829904,optimal
2021-02-10 02:30:00,12,120,1.1428571428571428,0.0,0.0,0.064,14.553,6.0,-7,19.901584676076787,,4000.0,0.0,0.0,0.0,48.32908797286074,optimal
2021-02-10 03:00:00,12,120,1.1428571428571428,0.0,0.3229664398612074,0.0538666666666666,13.0935,6.0,-7,19.91725286977284,,4000.0,0.0,0.0,0.0,48.434167943821954,optimal
2021-02-10 03:30:00,12,120,1.1428571428571428,0.0,0.0,0.2782666666666666,15.6345,6.0,-7,19.93108944996065,,4000.0,0.0,0.0,0.0,48.38573377587813,optimal
2021-02-10 04:00:00,12,120,1.1428571428571428,0.0,0.0,0.054,18.102,6.0,-7,19.947254663439043,,4000.0,0.0,0.0,0.0,48.33734804210225,optimal
2021-02-10 04:30:00,12,120,1.1428571428571428,0.0,0.0,0.054,17.199,6.0,-7,19.95922227913727,,4000.0,0.0,0.0,0.0,48.28901069406015,optimal
2021-02-10 05:00:00,12,120,1.1428571428571428,0.0,0.0,0.056,18.2805,6.0,-7,19.970967911998937,,4000.0,0.0,0.0,0.0,48.24072168336608,optimal
2021-02-10 05:30:00,12,120,1.1428571428571428,0.0,0.0,0.06,17.4615,6.0,-7,19.98249200211897,,4000.0,0.0,0.0,0.0,48.19248096168271,optimal
2021-02-10 06:00:00,12,120,1.1428571428571428,0.0,0.0,0.054,18.3225,6.0,-7,19.993794988719795,,4000.0,0.0,0.0,0.0,48.144288480721016,optimal
2021-02-10 06:30:00,12,120,1.1428571428571428,0.387037037037037,0.0,0.0566666666666666,17.094,6.0,-7,20.00487731015302,,4000.0,0.0,0.0,348.3333333333333,48.096144192240295,optimal
2021-02-10 07:00:00,12,120,1.1428571428571428,2.0899999999999994,0.0,0.9078333333333334,17.094,6.0,-7,20.016927046796795,,4000.0,0.0,0.0,1881.0,48.048048048048045,optimal
2021-02-10 07:30:00,12,120,1.1428571428571428,1.006296296296296,0.0,0.0773333333333333,17.094,6.0,-7,20.03279843105981,,4000.0,0.0,0.0,905.6666666666664,48.0,optimal
2021-02-10 08:00:00,12,120,1.1428571428571428,0.0,0.0,0.2986,17.3565,6.0,-7,20.0483266392734,,4000.0,0.0,0.0,0.0,47.79849992046324,optimal
2021-02-10 08:30:00,12,120,1.1428571428571428,0.0,0.0,0.2956,17.115,6.0,-7,20.065354180550955,,4000.0,0.0,0.0,0.0,47.59720134100603,optimal
2021-02-10 09:00:00,12,120,1.1428571428571428,0.0,0.0,0.064,17.241,6.0,-7,20.079940506896502,,4000.0,0.0,0.0,0.0,47.396104060128266,optimal
2021-02-10 09:30:00,12,120,1.1428571428571428,0.0,0.0,0.064,17.094,6.0,-7,20.0911087201488,,4000.0,0.0,0.0,0.0,47.19520787653138,optimal
2021-02-10 10:00:00,12,120,1.1428571428571428,0.0,0.0,0.064,16.5165,6.0,-7,20.102651304288543,,4000.0,0.0,0.0,0.0,46.99451258911809,optimal
2021-02-10 10:30:00,12,120,1.1428571428571428,0.0,0.0,0.064,17.8185,6.0,-7,20.1176050287387,,4000.0,0.0,0.0,0.0,46.79401799699221,optimal
2021-02-10 11:00:00,12,120,1.1428571428571428,0.0,0.0,0.064,17.094,6.0,-7,20.132826490919328,,4000.0,0.0,0.0,0.0,46.59372389945845,optimal
2021-02-10 11:30:00,12,120,1.1428571428571428,0.0,0.0,0.064,16.8945,6.0,-7,20.15041556700642,,4000.0,0.0,0.0,0.0,46.39363009602224,optimal
2021-02-10 12:00:00,12,120,1.1428571428571428,0.0,0.0,0.064,18.123,6.0,-7,20.16816802793063,,4000.0,0.0,0.0,0.0,46.19373638638946,optimal
2021-02-10 12:30:00,12,120,0.0,0.0,0.0,0.064,31.647,6.0,-7,20.1887979218722,,0.0,0.0,0.0,0.0,45.99404257046631,optimal
2021-02-10 13:00:00,12,120,0.0,0.0,0.0,0.064,34.9965,6.0,-7,20.16065754283421,,0.0,0.0,0.0,0.0,45.79454844835908,optimal
2021-02-10 13:30:00,12,120,0.0,0.0,0.0,0.064,34.9965,6.0,-7,20.13212055851646,,0.0,0.0,0.0,0.0,45.59525382037397,optimal
2021-02-10 14:00:00,12,120,0.0,0.0,0.0,0.064,34.9965,6.0,-7,20.10403666313625,,0.0,0.0,0.0,0.0,45.396158487016834,optimal
2021-02-10 14:30:00,12,120,0.0,0.0,0.0,0.064,34.9965,6.0,-7,20.07604950492689,,0.0,0.0,0.0,0.0,45.197262248993056,optimal
2021-02-10 15:00:00,12,120,0.0,0.0,0.0,0.064,34.9965,6.0,-7,20.048117833017987,,0.0,0.0,0.0,0.0,44.99856490720731,optimal
2021-02-10 15:30:00,12,120,0.0,1.0807841236527738,0.0,0.064,27.741,6.0,-7,20.0183027001895,,0.0,972.7057112874965,0.0,0.0,44.80006626276334,optimal
2021-02-10 16:00:00,12,120,0.7838280261652307,0.0,0.0,0.064,19.026,6.0,-7,20.0,,2743.398091578308,0.0,0.0,0.0,44.601766116963816,optimal
2021-02-10 16:30:00,12,120,0.7931274937823772,0.0,0.0,0.064,18.7215,6.0,-7,20.0,,2775.94622823832,0.0,0.0,0.0,44.40366427131009,optimal
2021-02-10 17:00:00,12,120,0.8134049844008859,0.8514814814814814,0.0,0.0715666666666666,17.4195,6.0,-7,20.0,,2846.917445403101,0.0,0.0,766.3333333333333,44.20576052750202,optimal
2021-02-10 17:30:00,12,120,0.7559086889252069,0.6192592592592592,0.0,0.088,16.758,6.0,-7,20.0,,2645.680411238224,0.0,0.0,557.3333333333333,44.00805468743776,optimal
2021-02-10 18:00:00,12,120,0.6250409498103733,0.4644444444444444,0.0,0.3426,14.217,6.0,-7,20.0,,2187.6433243363063,0.0,0.0,418.0,43.81054655321357,optimal
2021-02-10 18:30:00,12,120,0.7006970279017387,0.2322222222222222,0.0,0.1800666666666666,13.3665,6.0,-7,20.0,,2452.4395976560854,0.0,0.0,209.0,43.6132359271236,optimal
2021-02-10 19:00:00,12,120,0.7466483440883229,0.1548148148148148,0.0,0.159,12.789,6.0,-7,20.0,,2613.26920430913,0.0,0.0,139.33333333333331,43.41612261165972,optimal
2021-02-10 19:30:00,12,120,0.7346536309906527,0.0,0.0,0.176,11.907,6.0,-7,20.0,,2571.2877084672846,0.0,0.0,0.0,43.2192064095113,optimal
2021-02-10 20:00:00,12,120,0.7423065369406641,0.1548148148148148,0.0,0.1785666666666666,11.7075,6.0,-7,20.0,,2598.072879292324,0.0,0.0,139.33333333333331,43.02248712356503,optimal
2021-02-10 20:30:00,12,120,0.0,0.2322222222222222,0.0,0.187,10.8045,6.0,-7,20.0,,0.0,0.0,0.0,209.0,42.82596455690471,optimal
2021-02-10 21:00:00,12,120,0.0,0.6966666666666667,0.0,0.187,11.508,6.0,-7,19.966509399458648,,0.0,0.0,0.0,627.0,42.78313859234781,optimal
2021-02-10 21:30:00,12,120,0.0,0.1548148148148148,0.0,1.614266666666667,11.508,6.0,-7,19.93418805919371,,0.0,0.0,0.0,139.33333333333331,42.740355453755456,optimal
2021-02-10 22:00:00,12,120,0.0,0.0774074074074074,0.0,0.4442,11.508,6.0,-7,19.904845943527512,,0.0,0.0,0.0,69.66666666666666,42.6976150983017,optimal
2021-02-10 22:30:00,12,120,0.0,0.0,0.0,0.6684,11.844,6.0,-7,19.870276398576028,,0.0,0.0,0.0,0.0,42.6549174832034,optimal
2021-02-10 23:00:00,12,120,0.0,2.786666666666666,0.0,0.1861666666666666,11.508,6.0,-7,19.840695206848785,,0.0,0.0,0.0,2508.0,42.612262565720194,optimal
2021-02-10 23:30:00,12,120,0.0,0.0,0.0,0.064,11.508,6.0,-7,19.8045769156452,,0.0,0.0,0.0,0.0,42.56965030315448,optimal
2021-02-11 00:00:00,12,120,1.1428571428571428,0.0774074074074074,0.0,0.1156,12.0855,6.0,-1,19.8045769156452,,4000.0,0.0,0.0,69.66666666666666,42.52708065285132,optimal
2021-02-11 00:30:00,12,120,1.1428571428571428,0.0,0.0,0.1024666666666666,11.6865,6.0,-1,19.81385197700216,,4000.0,0.0,0.0,0.0,42.48455357219847,optimal
2021-02-11 01:00:00,12,120,1.1428571428571428,0.0,0.0,0.1042,11.2245,6.0,-1,19.821291134526707,,4000.0,0.0,0.0,0.0,42.44206901862626,optimal
2021-02-11 01:30:00,12,120,1.1428571428571428,0.0,0.0,0.0836,11.025,6.0,-1,19.827184719157582,,4000.0,0.0,0.0,0.0,42.39962694960764,optimal
2021-02-11 02:00:00,12,120,1.1428571428571428,0.0,3.995084770223708,0.1296,10.7835,6.0,-1,19.83281566311593,,4000.0,0.0,0.0,0.0,44.25489258851428,optimal
2021-02-11 02:30:00,12,120,1.1428571428571428,0.0,0.0,0.1321999999999999,11.025,6.0,-1,19.838995831162464,,4000.0,0.0,0.0,0.0,44.21063769592576,optimal
2021-02-11 03:00:00,12,120,1.1428571428571428,0.0,5.0,0.0704,10.584,6.0,-1,19.84499716444361,,4000.0,0.0,0.0,0.0,46.54142705822983,optimal
2021-02-11 03:30:00,12,120,1.1428571428571428,0.0,0.0,0.1914,11.025,6.0,-1,19.85003547460656,,4000.0,0.0,0.0,0.0,46.49488563117159,optimal
2021-02-11 04:00:00,12,120,1.1428571428571428,0.0,5.0,0.063,10.4265,6.0,-1,19.857033500249,,4000.0,0.0,0.0,0.0,48.823390745540415,optimal
2021-02-11 04:30:00,12,120,1.1428571428571428,0.0,0.0,0.0889,12.789,6.0,-1,19.86294907971037,,4000.0,0.0,0.0,0.0,48.77456735479488,optimal
2021-02-11 05:00:00,12,120,1.1428571428571428,0.0,0.0,0.1110999999999999,12.684,6.0,-1,19.869168453853245,,4000.0,0.0,0.0,0.0,48.72579278744007,optimal
2021-02-11 05:30:00,12,120,1.1428571428571428,0.0,0.0,0.1321999999999999,16.254,6.0,-1,19.87564594571561,,4000.0,0.0,0.0,0.0,48.67706699465263,optimal
2021-02-11 06:00:00,12,120,1.1428571428571428,0.0,0.0,0.1296,17.64,6.0,-1,19.88286328370067,,4000.0,0.0,0.0,0.0,48.62838992765797,optimal
2021-02-11 06:30:00,12,120,1.1428571428571428,0.0,0.0,0.1278,19.1625,6.0,-1,19.890530279482416,,4000.0,0.0,0.0,0.0,48.57976153773031,optimal
2021-02-11 07:00:00,12,120,0.0,0.0,0.0,0.07,26.46,6.0,-1,19.898619240430904,,0.0,0.0,0.0,0.0,48.53118177619257,optimal
2021-02-11 07:30:00,12,120,1.1428571428571428,12.130920509173556,0.0,0.1692,20.79,6.0,-1,19.85770556349159,,4000.0,10917.8284582562,0.0,0.0,48.48265059441637,optimal
2021-02-11 08:00:00,12,120,0.0,3.690119781412292,0.0,0.0925999999999999,29.106,6.0,-1,20.0,,0.0,3321.1078032710625,0.0,0.0,48.434167943821954,optimal
2021-02-11 08:30:00,12,120,1.1428571428571428,0.0,0.0,0.0973333333333333,19.1835,6.0,-1,20.0,,4000.0,0.0,0.0,0.0,48.38573377587813,optimal
2021-02-11 09:00:00,12,120,0.6762962180631623,0.0,0.0,0.1291333333333333,19.6665,6.0,-1,20.008030776418465,,2367.036763221068,0.0,0.0,0.0,48.33734804210225,optimal
2021-02-11 09:30:00,12,120,0.740539655991268,0.4644444444444444,0.0,0.1471333333333333,19.404,6.0,-1,20.0,,2591.888795969438,0.0,0.0,418.0,48.28901069406015,optimal
2021-02-11 10:00:00,12,120,0.6485016343484915,0.387037037037037,0.0,0.0778666666666666,19.047,6.0,-1,20.0,,2269.7557202197204,0.0,0.0,348.3333333333333,48.24072168336608,optimal
2021-02-11 10:30:00,12,120,1.1428571428571428,0.5418518518518518,0.0,0.1328,18.858,6.0,-1,20.001163819698345,,4000.0,0.0,0.0,487.6666666666667,48.19248096168271,optimal
2021-02-11 11:00:00,12,120,0.0,0.0774074074074074,0.0,0.2133333333333333,19.2675,6.0,-1,20.02438714797536,,0.0,0.0,0.0,69.66666666666666,48.144288480721016,optimal
2021-02-11 11:30:00,12,120,1.082324315968115,0.6966666666666667,0.0,0.4131333333333333,18.963,6.0,-1,20.0,,3788.135105888403,0.0,0.0,627.0,48.096144192240295,optimal
2021-02-11 12:00:00,12,120,1.1428571428571428,0.0,0.0,0.6971333333333333,18.438,6.0,-1,20.02584868619076,,4000.0,0.0,0.0,0.0,48.048048048048045,optimal
2021-02-11 12:30:00,12,120,1.1428571428571428,0.0,0.0,0.3753666666666667,18.7425,6.0,-1,20.062069819701613,,4000.0,0.0,0.0,0.0,48.0,optimal
2021-02-11 13:00:00,12,120,1.1428571428571428,0.4644444444444444,0.0,0.3303,15.2145,6.0,-1,20.094544315688445,,4000.0,0.0,0.0,418.0,47.67558292950455,optimal
2021-02-11 13:30:00,12,120,1.1428571428571428,0.0,0.0,0.3335333333333333,17.7765,6.0,-1,20.12298727581956,,4000.0,0.0,0.0,0.0,47.3514902760796,optimal
2021-02-11 14:00:00,12,120,1.1428571428571428,0.0,0.0,0.1039,16.758,6.0,-1,20.15193919688969,,4000.0,0.0,0.0,0.0,47.02772171530807,optimal
2021-02-11 14:30:00,12,120,1.1428571428571428,0.0,0.0,0.1004666666666666,16.422,6.0,-1,20.17609715395241,,4000.0,0.0,0.0,0.0,46.70427692309731,optimal
2021-02-11 15:00:00,12,120,1.1428571428571428,0.0,0.0,0.1813333333333333,16.758,6.0,-1,20.199471493300084,,4000.0,0.0,0.0,0.0,46.38115557567877,optimal
2021-02-11 15:30:00,12,120,0.0,0.0,0.0,0.073,29.358,6.0,-1,20.22086107724113,,0.0,0.0,0.0,0.0,46.05835734960764,optimal
2021-02-11 16:00:00,12,120,0.0,0.0,0.0,0.147,34.9965,6.0,-1,20.18987918092903,,0.0,0.0,0.0,0.0,45.73588192176258,optimal
2021-02-11 16:30:00,12,120,0.0,0.3096296296296296,0.0,0.6408333333333334,34.65,6.0,-1,20.15473662636707,,0.0,0.0,0.0,278.66666666666663,45.41372896934537,optimal
2021-02-11 17:00:00,12,120,0.0,0.0,0.0,1.5673666666666666,34.9965,6.0,-1,20.128689236779064,,0.0,0.0,0.0,0.0,45.09189816988058,optimal
2021-02-11 17:30:00,12,120,0.0,0.0774074074074074,0.0,1.8618666666666663,34.9965,6.0,-1,20.09870983105005,,0.0,0.0,0.0,69.66666666666666,44.77038920121525,optimal
2021-02-11 18:00:00,12,120,0.0,0.0,0.0,0.4182,30.4815,6.0,-1,20.07700250716489,,0.0,0.0,0.0,0.0,44.449201741518586,optimal
2021-02-11 18:30:00,12,120,0.0,0.2740222222222222,0.0,0.3251,21.4305,6.0,-1,20.0401696379208,,0.0,0.0,0.0,246.62,44.128335469281616,optimal
2021-02-11 19:00:00,12,120,0.7292641383274373,0.3452370370370369,0.0,1.8477,14.3325,6.0,-1,20.0,,2552.4244841460304,0.0,0.0,310.71333333333325,43.80779006331689,optimal
2021-02-11 19:30:00,12,120,1.1428571428571428,0.0,0.0,0.3421333333333333,13.692,6.0,-1,20.0,,4000.0,0.0,0.0,0.0,43.48756520275812,optimal
2021-02-11 20:00:00,12,120,0.8903657706796656,0.1548148148148148,0.0,0.3579333333333333,14.007,6.0,-1,20.00536798267702,,3116.2801973788296,0.0,0.0,139.33333333333331,43.16766056705991,optimal
2021-02-11 20:30:00,12,120,0.0,0.0,0.0,0.1908,12.873,6.0,-1,20.0,,0.0,0.0,0.0,0.0,42.848075835997406,optimal
2021-02-11 21:00:00,12,120,0.0,0.2322222222222222,0.0,0.238,12.684,6.0,-1,19.955881617488497,,0.0,0.0,0.0,209.0,42.80522776016141,optimal
2021-02-11 21:30:00,12,120,0.0,0.0774074074074074,0.0,0.2604666666666666,12.306,6.0,-1,19.913829611231844,,0.0,0.0,0.0,69.66666666666666,42.762422532401246,optimal
2021-02-11 22:00:00,12,120,0.0,0.0,0.0,0.1910666666666666,10.6365,6.0,-1,19.871717539664537,,0.0,0.0,0.0,0.0,42.71966010986885,optimal
2021-02-11 22:30:00,12,120,0.0,6.347407407407409,0.0,0.282,11.2455,6.0,-1,19.830244382293102,,0.0,0.0,0.0,5712.666666666668,42.67694044975898,optimal
2021-02-11 23:00:00,12,120,0.0,0.0,0.0,0.2513333333333333,11.2455,6.0,-1,19.78777273927925,,0.0,0.0,0.0,0.0,42.63426350930922,optimal
2021-02-11 23:30:00,12,120,0.0,0.0,0.0,0.2017666666666666,11.025,6.0,-1,19.74476264628897,,0.0,0.0,0.0,0.0,42.59162924579992,optimal
2021-02-12 00:00:00,12,120,1.1428571428571428,0.1548148148148148,0.0,0.5091666666666667,13.671,6.0,6,19.74476264628897,,4000.0,0.0,0.0,139.33333333333331,42.54903761655412,optimal
2021-02-12 00:30:00,12,120,1.1428571428571428,0.0,0.0,0.06,10.668,6.0,6,19.748899975289,,4000.0,0.0,0.0,0.0,42.50648857893757,optimal
2021-02-12 01:00:00,12,120,1.1428571428571428,0.0,0.0,0.06,11.7285,6.0,6,19.746621189235487,,4000.0,0.0,0.0,0.0,42.46398209035863,optimal
2021-02-12 01:30:00,12,120,1.1428571428571428,0.0,0.0,0.06,11.025,6.0,6,19.74434692101858,,4000.0,0.0,0.0,0.0,42.421518108268266,optimal
2021-02-12 02:00:00,12,120,1.1428571428571428,0.0,0.0,0.06,10.689,6.0,6,19.74227541796751,,4000.0,0.0,0.0,0.0,42.37909659016,optimal
2021-02-12 02:30:00,12,120,1.1428571428571428,0.0,5.0,0.1446666666666666,8.1585,6.0,6,19.74040627808759,,4000.0,0.0,0.0,0.0,44.71171749356984,optimal
2021-02-12 03:00:00,12,120,1.1428571428571428,0.0,0.0,0.4111,10.3635,6.0,6,19.74104417985934,,4000.0,0.0,0.0,0.0,44.667005776076266,optimal
2021-02-12 03:30:00,12,120,1.1428571428571428,0.0,0.0,0.4081666666666667,10.8045,6.0,6,19.748542832891363,,4000.0,0.0,0.0,0.0,44.62233877030019,optimal
2021-02-12 04:00:00,12,120,1.1428571428571428,0.2322222222222222,0.0,0.3876,11.025,6.0,6,19.75919360399618,,4000.0,0.0,0.0,209.0,44.577716431529886,optimal
2021-02-12 04:30:00,12,120,1.1428571428571428,0.387037037037037,2.592405539180588,0.3624,10.3635,6.0,6,19.77077370715877,,4000.0,0.0,0.0,348.3333333333333,45.764531346209125,optimal
2021-02-12 05:00:00,12,120,1.1428571428571428,6.502222222222222,0.0,0.1793333333333333,10.8045,6.0,6,19.78446420544749,,4000.0,0.0,0.0,5852.0,45.71876681486292,optimal
2021-02-12 05:30:00,12,120,1.1428571428571428,3.251111111111111,5.0,0.1893333333333333,10.059,6.0,6,19.797901601065902,,4000.0,0.0,0.0,2926.0,48.048048048048045,optimal
2021-02-12 06:00:00,12,120,1.1428571428571428,0.0,0.0,0.156,10.584,6.0,6,19.81522320365819,,4000.0,0.0,0.0,0.0,48.0,optimal
2021-02-12 06:30:00,12,120,1.1428571428571428,5.108888888888889,0.0,0.1130999999999999,9.4185,6.0,6,19.832287437403977,,4000.0,0.0,0.0,4598.0,47.64888894125096,optimal
2021-02-12 07:00:00,12,120,1.1428571428571428,3.638148148148148,0.0,0.9346333333333332,10.3635,6.0,6,19.843450507825853,,4000.0,0.0,0.0,3274.333333333333,47.29812899356067,optimal
2021-02-12 07:30:00,12,120,1.1428571428571428,14.730074230186744,0.0,1.0186333333333333,9.8385,6.0,6,19.85935532042496,,4000.0,10679.400140501402,0.0,2577.666666666666,46.94771980581807,optimal
2021-02-12 08:00:00,12,120,1.1428571428571428,0.3096296296296296,0.0,0.1503666666666666,11.067,6.0,6,20.0,,4000.0,0.0,0.0,278.66666666666663,46.59766102726321,optimal
2021-02-12 08:30:00,12,120,1.1428571428571428,0.0,0.0,2.009033333333333,10.8465,6.0,6,20.00822718359796,,4000.0,0.0,0.0,0.0,46.247952307486905,optimal
2021-02-12 09:00:00,12,120,1.1428571428571428,0.2322222222222222,0.0,2.4376666666666664,13.671,6.0,6,20.01692078403367,,4000.0,0.0,0.0,209.0,45.89859329643038,optimal
2021-02-12 09:30:00,12,120,1.1428571428571428,0.0,0.0,1.3227,12.348,6.0,6,20.029898422095687,,4000.0,0.0,0.0,0.0,45.54958364438491,optimal
2021-02-12 10:00:00,12,120,0.5759180290763399,0.1548148148148148,0.0,0.4483999999999999,14.3325,6.0,6,20.054632153514905,,2015.71310176719,0.0,0.0,139.33333333333331,45.20092300199149,optimal
2021-02-12 10:30:00,12,120,0.0,0.0,0.0,0.3659,15.393,6.0,6,20.056670360203466,,0.0,0.0,0.0,0.0,44.85261102024045,optimal
2021-02-12 11:00:00,12,120,1.1428571428571428,0.2322222222222222,0.0,0.184,13.587,6.0,6,20.033859244148868,,4000.0,0.0,0.0,209.0,44.50464735047117,optimal
2021-02-12 11:30:00,12,120,0.0,2.4770370370370367,0.0,0.1785,16.1385,6.0,6,20.06026104587971,,0.0,0.0,0.0,2229.333333333333,44.15703164437166,optimal
2021-02-12 12:00:00,12,120,0.0,2.0899999999999994,0.0,0.1825333333333333,14.595,6.0,6,20.03841679356976,,0.0,0.0,0.0,1881.0,43.80976355397825,optimal
2021-02-12 12:30:00,12,120,0.0,0.3096296296296296,0.0,0.4572,14.637,6.0,6,20.017619484604552,,0.0,0.0,0.0,278.66666666666663,43.46284273167523,optimal
2021-02-12 13:00:00,12,120,0.4480896773144978,0.3096296296296296,0.0,0.2918333333333333,13.9125,6.0,6,20.0,,1568.3138706007426,0.0,0.0,278.66666666666663,43.116268830194514,optimal
2021-02-12 13:30:00,12,120,0.3975489349325717,0.0,0.0,0.301,13.3665,6.0,6,20.0,,1391.4212722640011,0.0,0.0,0.0,42.77004150261528,optimal
2021-02-12 14:00:00,12,120,1.1428571428571428,0.2322222222222222,0.0,0.3006333333333333,13.0095,6.0,6,20.0,,4000.0,0.0,0.0,209.0,42.424160402363626,optimal
2021-02-12 14:30:00,12,120,0.0,0.2322222222222222,0.0,0.1258333333333333,13.8915,6.0,6,20.029813745864583,,0.0,0.0,0.0,209.0,42.07862518321223,optimal
2021-02-12 15:00:00,12,120,0.6113269356294013,0.0,0.0,0.07,13.188,6.0,6,20.003869808532773,,2139.644274702905,0.0,0.0,0.0,41.73343549927997,optimal
2021-02-12 15:30:00,12,120,0.7088807886569745,0.0,0.0,0.07,12.5685,6.0,6,20.0,,2481.0827602994104,0.0,0.0,0.0,41.38859100503165,optimal
2021-02-12 16:00:00,12,120,0.7901260516940968,0.0,0.0,0.07,12.285,6.0,6,20.0,,2765.4411809293388,0.0,0.0,0.0,41.04409135527758,optimal
2021-02-12 16:30:00,12,120,1.1428571428571428,0.0,0.0,0.1466666666666666,11.487,6.0,6,20.0,,4000.0,0.0,0.0,0.0,40.69993620517327,optimal
2021-02-12 17:00:00,12,120,1.1428571428571428,0.1548148148148148,0.0,0.0914,11.802,6.0,6,20.01773834386556,,4000.0,0.0,0.0,139.33333333333331,40.356125210219055,optimal
2021-02-12 17:30:00,12,120,1.1428571428571428,0.387037037037037,0.0,0.3178666666666667,11.2245,6.0,6,20.03386817883604,,4000.0,0.0,0.0,348.3333333333333,40.31576908500884,optimal
2021-02-12 18:00:00,12,120,1.1428571428571428,0.0,0.0,0.2653333333333333,11.025,6.0,6,20.057387428720563,,4000.0,0.0,0.0,0.0,40.27545331592383,optimal
2021-02-12 18:30:00,12,120,0.6932959834122009,1.006296296296296,0.0,0.2052,11.907,6.0,6,20.07978099898545,,2426.535941942703,0.0,0.0,905.6666666666664,40.23517786260791,optimal
2021-02-12 19:00:00,12,120,0.0,0.8514814814814814,0.0,1.1491333333333331,25.83,6.0,6,20.0818878153424,,0.0,0.0,0.0,766.3333333333333,40.1949426847453,optimal
2021-02-12 19:30:00,12,120,0.0,0.387037037037037,0.0,0.354,28.035,6.0,6,20.054569897217025,,0.0,0.0,0.0,348.3333333333333,40.15474774206056,optimal
2021-02-12 20:00:00,12,120,0.0,0.0,0.0,0.1933333333333332,28.119,6.0,6,20.02775789152236,,0.0,0.0,0.0,0.0,40.1145929943185,optimal
2021-02-12 20:30:00,12,120,0.0,0.6966666666666667,0.0,0.3798,30.156,6.0,6,20.0,,0.0,0.0,0.0,627.0,40.07447840132418,optimal
2021-02-12 21:00:00,12,120,0.0,0.6192592592592592,0.0,0.3762,29.1585,6.0,6,19.974943822093746,,0.0,0.0,0.0,557.3333333333333,40.034403922922856,optimal
2021-02-12 21:30:00,12,120,0.0,0.0,0.0,0.2740333333333333,26.712,6.0,6,19.94918837635033,,0.0,0.0,0.0,0.0,39.99436951899993,optimal
2021-02-12 22:00:00,12,120,0.0,0.3096296296296296,0.0,0.1860666666666666,15.435,6.0,6,19.9208969138581,,0.0,0.0,0.0,278.66666666666663,39.95437514948093,optimal
2021-02-12 22:30:00,12,120,0.0,0.2322222222222222,0.0,0.2170666666666666,13.566,6.0,6,19.895096024308863,,0.0,0.0,0.0,209.0,39.914420774331454,optimal
2021-02-12 23:00:00,12,120,0.0,0.0,0.0,0.3272333333333332,12.789,6.0,6,19.869399076799027,,0.0,0.0,0.0,0.0,39.87450635355712,optimal
2021-02-12 23:30:00,12,120,0.0,0.0,0.0,2.0821666666666667,12.1275,6.0,6,19.845249472929662,,0.0,0.0,0.0,0.0,39.83463184720357,optimal
2021-02-13 00:00:00,12,120,1.1428571428571428,0.0,5.0,0.152,7.938,6.0,-10,19.845249472929662,,4000.0,0.0,0.0,0.0,42.16979721535636,optimal
2021-02-13 00:30:00,12,120,1.1428571428571428,0.2740222222222222,5.0,0.1013333333333333,8.274,6.0,-10,19.8590194036437,,4000.0,0.0,0.0,246.62,44.502627418141,optimal
2021-02-13 01:00:00,12,120,1.1428571428571428,0.3452370370370369,5.0,0.109,9.261,6.0,-10,19.87338703389697,,4000.0,0.0,0.0,310.71333333333325,46.83312479072286,optimal
2021-02-13 01:30:00,12,120,1.1428571428571428,0.0,0.0,0.1516666666666666,9.9225,6.0,-10,19.888168443564137,,4000.0,0.0,0.0,0.0,46.78629166593214,optimal
2021-02-13 02:00:00,12,120,1.1428571428571428,0.0,3.5677106727489387,0.063,9.702,6.0,-10,19.901121261147257,,4000.0,0.0,0.0,0.0,48.434167943821954,optimal
2021-02-13 02:30:00,12,120,1.1428571428571428,0.0,0.0,0.063,10.584,6.0,-10,19.913067359332004,,4000.0,0.0,0.0,0.0,48.38573377587813,optimal
2021-02-13 03:00:00,12,120,1.1428571428571428,0.0,0.0,0.064,10.143,6.0,-10,19.92498977362615,,4000.0,0.0,0.0,0.0,48.33734804210225,optimal
2021-02-13 03:30:00,12,120,1.1428571428571428,0.0,0.0,0.0696666666666666,13.0095,6.0,-10,19.936888550984506,,4000.0,0.0,0.0,0.0,48.28901069406015,optimal
2021-02-13 04:00:00,12,120,1.1428571428571428,0.0,0.0,0.1516666666666666,11.025,6.0,-10,19.9486646101257,,4000.0,0.0,0.0,0.0,48.24072168336608,optimal
2021-02-13 04:30:00,12,120,1.1428571428571428,0.0,0.0,0.063,12.789,6.0,-10,19.96139836211267,,4000.0,0.0,0.0,0.0,48.19248096168271,optimal
2021-02-13 05:00:00,12,120,1.1428571428571428,0.0,0.0,0.063,12.1275,6.0,-10,19.972828444583385,,4000.0,0.0,0.0,0.0,48.144288480721016,optimal
2021-02-13 05:30:00,12,120,1.1428571428571428,0.0,0.0,0.1516666666666666,12.1695,6.0,-10,19.98403760991096,,4000.0,0.0,0.0,0.0,48.096144192240295,optimal
2021-02-13 06:00:00,12,120,1.1428571428571428,0.3096296296296296,0.0,0.0774,12.306,6.0,-10,19.99610646384385,,4000.0,0.0,0.0,278.66666666666663,48.048048048048045,optimal
2021-02-13 06:30:00,12,120,1.1428571428571428,0.3096296296296296,0.0,0.664,13.23,6.0,-10,20.00753162515329,,4000.0,0.0,0.0,278.66666666666663,48.0,optimal
2021-02-13 07:00:00,12,120,1.1428571428571428,0.5418518518518518,0.0,0.5802666666666666,13.671,6.0,-10,20.02798516521884,,4000.0,0.0,0.0,487.6666666666667,47.78761935039402,optimal
2021-02-13 07:30:00,12,120,0.3257551840019415,0.3096296296296296,0.0,0.6890666666666667,13.9335,6.0,-10,20.04923747321918,,1140.1431440067952,0.0,0.0,278.66666666666663,47.575451081437656,optimal
2021-02-13 08:00:00,12,120,1.1428571428571428,0.0,0.0,1.5996666666666668,13.293,6.0,-10,20.031326644017884,,4000.0,0.0,0.0,0.0,47.36349498075025,optimal
2021-02-13 08:30:00,12,120,1.1428571428571428,2.0899999999999994,0.0,0.2032,12.1065,6.0,-10,20.05796768616622,,4000.0,0.0,0.0,1881.0,47.15175083616352,optimal
2021-02-13 09:00:00,12,120,1.1428571428571428,0.0,0.0,0.2896666666666667,11.571,6.0,-10,20.077825617302413,,4000.0,0.0,0.0,0.0,46.94021843572138,optimal
2021-02-13 09:30:00,12,120,1.1428571428571428,0.2322222222222222,0.0,0.201,11.025,6.0,-10,20.10049370987291,,4000.0,0.0,0.0,209.0,46.72889756767969,optimal
2021-02-13 10:00:00,12,120,1.1428571428571428,3.173703703703704,0.0,0.3184666666666666,10.8465,6.0,-10,20.12394954706963,,4000.0,0.0,0.0,2856.333333333333,46.51778802050603,optimal
2021-02-13 10:30:00,12,120,1.1428571428571428,0.0,0.0,0.13,11.2455,6.0,-10,20.14809206390646,,4000.0,0.0,0.0,0.0,46.30688958287955,optimal
2021-02-13 11:00:00,12,120,0.0,0.0,0.0,0.1046666666666666,23.8665,6.0,-10,20.16188862096083,,0.0,0.0,0.0,0.0,46.096202043690695,optimal
2021-02-13 11:30:00,12,120,0.0,0.0,0.0,0.073,27.4575,6.0,-10,20.13020886832376,,0.0,0.0,0.0,0.0,45.88572519204103,optimal
2021-02-13 12:00:00,12,120,0.0,0.0,0.0,0.4238,27.3735,6.0,-10,20.098305276728528,,0.0,0.0,0.0,0.0,45.67545881724301,optimal
2021-02-13 12:30:00,12,120,0.0,0.2322222222222222,0.0,0.269,30.4605,6.0,-10,20.07550360211677,,0.0,0.0,0.0,209.0,45.4654027088198,optimal
2021-02-13 13:00:00,12,120,0.0,0.6192592592592592,0.0,0.3054666666666666,30.0195,6.0,-10,20.054352856265524,,0.0,0.0,0.0,557.3333333333333,45.255556656505,optimal
2021-02-13 13:30:00,12,120,0.0,0.2322222222222222,0.0,0.215,26.9325,6.0,-10,20.03691496330015,,0.0,0.0,0.0,209.0,45.04592045024252,optimal
2021-02-13 14:00:00,12,120,0.0,0.3096296296296296,0.0,0.6563,14.595,6.0,-10,20.017834142345023,,0.0,0.0,0.0,278.66666666666663,44.8364938801863,optimal
2021-02-13 14:30:00,12,120,0.352681120168813,0.0,0.0,2.4084666666666665,12.4845,6.0,-10,20.0,,1234.3839205908455,0.0,0.0,0.0,44.62727673670015,optimal
2021-02-13 15:00:00,12,120,0.5822661316465241,0.0,0.0,0.2248666666666667,12.1275,6.0,-10,20.0,,2037.9314607628344,0.0,0.0,0.0,44.41826881035748,optimal
2021-02-13 15:30:00,12,120,0.926364227374785,0.3096296296296296,0.0,2.4997,12.1275,6.0,-10,20.0,,3242.2747958117475,0.0,0.0,278.66666666666663,44.20946989194114,optimal
2021-02-13 16:00:00,12,120,0.0,0.2322222222222222,0.0,3.1176,12.789,6.0,-10,20.02022361480753,,0.0,0.0,0.0,209.0,44.00087977244323,optimal
2021-02-13 16:30:00,12,120,0.6092242081409238,0.0,0.0,0.9070666666666668,11.907,6.0,-10,20.0,,2132.284728493233,0.0,0.0,0.0,43.79249824306481,optimal
2021-02-13 17:00:00,12,120,0.4855932391414813,0.5418518518518518,0.0,0.8132666666666667,11.025,6.0,-10,20.0,,1699.5763369951844,0.0,0.0,487.6666666666667,43.584325095215775,optimal
2021-02-13 17:30:00,12,120,1.1428571428571428,0.4644444444444444,0.0,0.706,8.2005,6.0,-10,20.0,,4000.0,0.0,0.0,418.0,43.37636012051458,optimal
2021-02-13 18:00:00,12,120,0.0239659212365702,0.1548148148148148,0.0,0.2581333333333333,9.5655,6.0,-10,20.0260241197081,,83.88072432799594,0.0,0.0,139.33333333333331,43.1686031107881,optimal
2021-02-13 18:30:00,12,120,1.1428571428571428,0.6966666666666667,0.0,0.214,7.056,6.0,-10,20.0,,4000.0,0.0,0.0,627.0,42.96105385807134,optimal
2021-02-13 19:00:00,12,120,0.7271977967139471,0.2322222222222222,0.0,0.4529666666666666,9.3975,6.0,-10,20.021869756735963,,2545.192288498815,0.0,0.0,209.0,42.75371215460729,optimal
2021-02-13 19:30:00,12,120,0.0,0.0,0.0,1.5184666666666666,10.059,6.0,-10,20.026474893455017,,0.0,0.0,0.0,0.0,42.54657779284671,optimal
2021-02-13 20:00:00,12,120,0.6538963831340412,0.0,0.0,1.2025666666666666,9.261,6.0,-10,20.0,,2288.637340969144,0.0,0.0,0.0,42.33965056544789,optimal
2021-02-13 20:30:00,12,120,0.0,0.4644444444444444,0.0,0.4299333333333333,8.1585,6.0,-10,20.0,,0.0,0.0,0.0,418.0,42.13293026527647,optimal
2021-02-13 21:00:00,12,120,0.0,0.4644444444444444,0.0,0.3668,9.4815,6.0,-10,19.97185613941757,,0.0,0.0,0.0,418.0,42.0907973350112,optimal
2021-02-13 21:30:00,12,120,0.0,0.5418518518518518,0.0,0.3370666666666667,8.379,6.0,-10,19.94506996222104,,0.0,0.0,0.0,487.6666666666667,42.04870653767618,optimal
2021-02-13 22:00:00,12,120,0.0,2.5544444444444445,0.0,0.3719333333333333,9.5235,6.0,-10,19.920852093018595,,0.0,0.0,0.0,2299.0,42.0066578311385,optimal
2021-02-13 22:30:00,12,120,0.0,0.1548148148148148,0.0,0.4007333333333333,8.1375,6.0,-10,19.895164272213016,,0.0,0.0,0.0,139.33333333333331,41.96465117330737,optimal
2021-02-13 23:00:00,12,120,0.0,0.1548148148148148,0.0,0.2968666666666666,10.0905,6.0,-10,19.867995697589706,,0.0,0.0,0.0,139.33333333333331,41.92268652213406,optimal
2021-02-13 23:30:00,12,120,0.0,0.1548148148148148,0.0,0.2856666666666667,7.539,6.0,-10,19.839463818862534,,0.0,0.0,0.0,139.33333333333331,41.88076383561192,optimal
2021-02-07 00:00:00,13,120,0.0,0.0,0.0,0.056,31.3635,6.0,14,21.0,,0.0,0.0,0.0,0.0,47.952,optimal
2021-02-07 00:30:00,13,120,0.0,0.0,0.0,0.056,33.306,6.0,14,20.96714143575887,,0.0,0.0,0.0,0.0,47.904048,optimal
2021-02-07 01:00:00,13,120,0.0,0.0,0.0,0.1993333333333332,31.3425,6.0,14,20.934149759400743,,0.0,0.0,0.0,0.0,47.856143952,optimal
2021-02-07 01:30:00,13,120,0.0,0.0,0.0,0.2006666666666666,28.2555,6.0,14,20.902771370691664,,0.0,0.0,0.0,0.0,47.80828780804799,optimal
2021-02-07 02:00:00,13,120,0.0,0.0,0.0,0.1438333333333333,15.6975,6.0,14,20.87137230659192,,0.0,0.0,0.0,0.0,47.76047952023995,optimal
2021-02-07 02:30:00,13,120,0.0,0.0,0.0,0.1111666666666666,12.5475,6.0,14,20.839244001793933,,0.0,0.0,0.0,0.0,47.712719040719705,optimal
2021-02-07 03:00:00,13,120,0.0,0.0,0.0,0.201,12.0855,6.0,14,20.8065831805482,,0.0,0.0,0.0,0.0,47.66500632167899,optimal
2021-02-07 03:30:00,13,120,0.0,0.0,0.0,0.1335,11.907,6.0,14,20.774883235647675,,0.0,0.0,0.0,0.0,47.61734131535731,optimal
2021-02-07 04:00:00,13,120,0.0,0.0,0.0,0.1475,12.5685,6.0,14,20.74232470156956,,0.0,0.0,0.0,0.0,47.56972397404195,optimal
2021-02-07 04:30:00,13,120,0.0,0.0,0.0,0.237,13.146,6.0,14,20.70990214149407,,0.0,0.0,0.0,0.0,47.52215425006791,optimal
2021-02-07 05:00:00,13,120,0.0,0.0,0.0,0.1573333333333333,10.584,6.0,14,20.6786341809011,,0.0,0.0,0.0,0.0,47.47463209581784,optimal
2021-02-07 05:30:00,13,120,0.0,0.0,0.0,0.1806666666666666,6.678,6.0,14,20.646457684328265,,0.0,0.0,0.0,0.0,47.42715746372202,optimal
2021-02-07 06:00:00,13,120,0.0,0.0,0.0,0.0993333333333333,7.938,6.0,14,20.6146292343579,,0.0,0.0,0.0,0.0,47.379730306258296,optimal
2021-02-07 06:30:00,13,120,0.0,0.0,0.0,0.176,5.292,6.0,14,20.58187305570772,,0.0,0.0,0.0,0.0,47.332350575952034,optimal
2021-02-07 07:00:00,13,120,0.0,0.0,0.0,0.0893333333333333,9.261,6.0,14,20.550016669745325,,0.0,0.0,0.0,0.0,47.285018225376085,optimal
2021-02-07 07:30:00,13,120,0.0,0.0,0.0,0.124,10.3635,6.0,14,20.51706850984769,,0.0,0.0,0.0,0.0,47.23773320715071,optimal
2021-02-07 08:00:00,13,120,0.0,0.0,0.0,0.169,8.274,6.0,14,20.484310608550967,,0.0,0.0,0.0,0.0,47.19049547394357,optimal
2021-02-07 08:30:00,13,120,0.0,0.0,0.0,0.2051666666666666,7.7175,6.0,14,20.45186847286889,,0.0,0.0,0.0,0.0,47.14330497846962,optimal
2021-02-07 09:00:00,13,120,0.0,2.2448148148148146,0.0,0.1488333333333333,6.615,6.0,14,20.419832122363903,,0.0,0.0,0.0,2020.3333333333333,47.09616167349115,optimal
2021-02-07 09:30:00,13,120,0.0,0.4644444444444444,0.0,0.192,6.174,6.0,14,20.389722265080227,,0.0,0.0,0.0,418.0,47.04906551181766,optimal
2021-02-07 10:00:00,13,120,0.0,0.0,0.0,0.2761666666666666,3.906,6.0,14,20.36272747924812,,0.0,0.0,0.0,0.0,47.00201644630584,optimal
2021-02-07 10:30:00,13,120,0.0,0.0,0.0,0.1257,2.3415,6.0,14,20.34292424837554,,0.0,0.0,0.0,0.0,46.95501442985953,optimal
2021-02-07 11:00:00,13,120,0.0,0.387037037037037,0.0,0.4394333333333333,2.205,6.0,14,20.323163843186386,,0.0,0.0,0.0,348.3333333333333,46.90805941542967,optimal
2021-02-07 11:30:00,13,120,0.0,2.0899999999999994,2.599984918370644,1.215733333333333,0.882,6.0,14,20.315529991697264,,0.0,0.0,0.0,1881.0,48.096144192240295,optimal
2021-02-07 12:00:00,13,120,0.0,0.2322222222222222,0.0,0.1925333333333333,1.5435,6.0,14,20.299708293985017,,0.0,0.0,0.0,209.0,48.048048048048045,optimal
2021-02-07 12:30:00,13,120,0.0,0.5418518518518518,0.0,0.4592333333333333,1.5435,6.0,14,20.28423821721653,,0.0,0.0,0.0,487.6666666666667,48.0,optimal
2021-02-07 13:00:00,13,120,0.0,0.1548148148148148,0.0,0.4663333333333333,5.0715,6.0,14,20.27062242641354,,0.0,0.0,0.0,139.33333333333331,47.565850527907656,optimal
2021-02-07 13:30:00,13,120,0.0,0.0774074074074074,0.0,0.3783333333333333,5.376,6.0,14,20.25426165017195,,0.0,0.0,0.0,69.66666666666666,47.132135205287405,optimal
2021-02-07 14:00:00,13,120,0.0,0.0774074074074074,0.0,0.4213666666666666,5.0715,6.0,14,20.23699815740061,,0.0,0.0,0.0,69.66666666666666,46.698853597989775,optimal
2021-02-07 14:30:00,13,120,0.0,0.0,0.0,0.3975,5.5125,6.0,14,20.22201027738308,,0.0,0.0,0.0,0.0,46.266005272299445,optimal
2021-02-07 15:00:00,13,120,0.0,0.3096296296296296,0.0,0.2450999999999999,9.261,6.0,14,20.20711185034647,,0.0,0.0,0.0,278.66666666666663,45.8335897949348,optimal
2021-02-07 15:30:00,13,120,0.0,0.0,0.0,0.2746333333333333,11.7075,6.0,14,20.18947146024757,,0.0,0.0,0.0,0.0,45.40160673304752,optimal
2021-02-07 16:00:00,13,120,0.0,0.1548148148148148,0.0,0.3801666666666667,12.348,6.0,14,20.17111628788983,,0.0,0.0,0.0,139.33333333333331,44.970055654222136,optimal
2021-02-07 16:30:00,13,120,0.0,0.0,0.0,0.6047333333333333,12.348,6.0,14,20.14926819633097,,0.0,0.0,0.0,0.0,44.53893612647557,optimal
2021-02-07 17:00:00,13,120,0.0,0.1548148148148148,0.0,0.3147,12.1275,6.0,14,20.13292805816648,,0.0,0.0,0.0,139.33333333333331,44.10824771825675,optimal
2021-02-07 17:30:00,13,120,0.0,0.387037037037037,0.0,0.6557999999999999,12.5265,6.0,14,20.112541516576265,,0.0,0.0,0.0,348.3333333333333,43.67798999844615,optimal
2021-02-07 18:00:00,13,120,0.0,0.0,0.0,1.0012666666666667,11.7495,6.0,14,20.10111173976556,,0.0,0.0,0.0,0.0,43.248162536355366,optimal
2021-02-07 18:30:00,13,120,0.0,6.966666666666665,0.0,1.5783666666666665,13.23,6.0,14,20.0879853839208,,0.0,0.0,0.0,6269.999999999999,42.81876490172667,optimal
2021-02-07 19:00:00,13,120,0.0,0.2322222222222222,0.0,1.5170666666666666,14.3325,6.0,14,20.06655286151121,,0.0,0.0,0.0,209.0,42.3897966647326,optimal
2021-02-07 19:30:00,13,120,0.0,0.3096296296296296,0.0,0.5331666666666667,14.994,6.0,14,20.05334819192527,,0.0,0.0,0.0,278.66666666666663,41.96125739597552,optimal
2021-02-07 20:00:00,13,120,0.0,0.0,0.0,0.7076,14.8155,6.0,14,20.03330738748567,,0.0,0.0,0.0,0.0,41.533146666487205,optimal
2021-02-07 20:30:00,13,120,0.0,0.4644444444444444,0.0,0.6288666666666667,14.112,6.0,14,20.018354272156863,,0.0,0.0,0.0,418.0,41.105464047728375,optimal
2021-02-07 21:00:00,13,120,0.0,0.0,0.0,0.4550666666666667,14.007,6.0,14,19.99950840370777,,0.0,0.0,0.0,0.0,40.6782091115883,optimal
2021-02-07 21:30:00,13,120,0.0,0.0,0.0,0.5277666666666666,13.23,6.0,14,19.978991031530963,,0.0,0.0,0.0,0.0,40.25138143038437,optimal
2021-02-07 22:00:00,13,120,0.0,0.387037037037037,0.0,0.3782,11.382,6.0,14,19.95899220905133,,0.0,0.0,0.0,348.3333333333333,39.82498057686164,optimal
2021-02-07 22:30:00,13,120,0.0,0.4644444444444444,0.0,0.6039333333333333,11.7495,6.0,14,19.936857350209248,,0.0,0.0,0.0,418.0,39.39900612419244,optimal
2021-02-07 23:00:00,13,120,0.0,0.0774074074074074,0.0,0.7699,24.3285,6.0,14,19.915286967250253,,0.0,0.0,0.0,69.66666666666666,39.35960711806825,optimal
2021-02-07 23:30:00,13,120,0.0,0.0774074074074074,0.0,0.6041333333333333,28.917,6.0,14,19.89712533036573,,0.0,0.0,0.0,69.66666666666666,39.32024751095018,optimal
2021-02-08 00:00:00,13,120,0.0,0.0,0.0,0.109,29.1375,6.0,15,19.89712533036573,,0.0,0.0,0.0,0.0,39.28092726343923,optimal
2021-02-08 00:30:00,13,120,0.0,0.0,0.0,0.122,30.597,6.0,15,19.86409221205776,,0.0,0.0,0.0,0.0,39.24164633617579,optimal
2021-02-08 01:00:00,13,120,0.0,0.0,0.0,0.057,33.684,6.0,15,19.83128295444532,,0.0,0.0,0.0,0.0,39.20240468983962,optimal
2021-02-08 01:30:00,13,120,0.0,0.0,0.0,0.174,32.445,6.0,15,19.79774689093861,,0.0,0.0,0.0,0.0,39.16320228514978,optimal
2021-02-08 02:00:00,13,120,0.0,0.0,0.0,0.044,28.917,6.0,15,19.76560352080072,,0.0,0.0,0.0,0.0,39.12403908286463,optimal
2021-02-08 02:30:00,13,120,1.1428571428571428,0.0,0.0,0.148,15.876,6.0,15,19.7318410441518,,4000.0,0.0,0.0,0.0,39.08491504378176,optimal
2021-02-08 03:00:00,13,120,1.1428571428571428,0.0,0.0,0.083,12.348,6.0,15,19.74824096849211,,4000.0,0.0,0.0,0.0,39.04583012873798,optimal
2021-02-08 03:30:00,13,120,1.1428571428571428,0.0,0.0,0.044,12.1275,6.0,15,19.76391565478465,,4000.0,0.0,0.0,0.0,39.00678429860925,optimal
2021-02-08 04:00:00,13,120,1.1428571428571428,0.0,0.0,0.044,12.348,6.0,15,19.778985025497267,,4000.0,0.0,0.0,0.0,38.96777751431064,optimal
2021-02-08 04:30:00,13,120,1.1428571428571428,0.0,0.0,0.044,12.1275,6.0,15,19.79392539209209,,4000.0,0.0,0.0,0.0,38.92880973679633,optimal
2021-02-08 05:00:00,13,120,1.1428571428571428,0.0,0.0,0.187,12.1275,6.0,15,19.808637882184847,,4000.0,0.0,0.0,0.0,38.88988092705954,optimal
2021-02-08 05:30:00,13,120,1.1428571428571428,0.0,4.534786629291791,0.044,11.2665,6.0,15,19.82486502263682,,4000.0,0.0,0.0,0.0,41.00501469504607,optimal
2021-02-08 06:00:00,13,120,1.1428571428571428,0.0,5.0,0.07,10.143,6.0,15,19.839218788537902,,4000.0,0.0,0.0,0.0,43.33900968035103,optimal
2021-02-08 06:30:00,13,120,1.1428571428571428,0.0,5.0,0.1603333333333333,11.2455,6.0,15,19.85376170997669,,4000.0,0.0,0.0,0.0,45.670670670670674,optimal
2021-02-08 07:00:00,13,120,1.1428571428571428,0.4644444444444444,5.0,0.042,11.025,6.0,15,19.86970352470124,,4000.0,0.0,0.0,418.0,48.0,optimal
2021-02-08 07:30:00,13,120,1.1428571428571428,8.880015643888376,0.0,0.1005,5.9745,6.0,15,19.886952122133973,,4000.0,7852.680746166205,0.0,139.33333333333331,47.860434703040745,optimal
2021-02-08 08:00:00,13,120,1.1428571428571428,0.0,0.0,0.1265,7.938,6.0,15,20.0,,4000.0,0.0,0.0,0.0,47.72100897137845,optimal
2021-02-08 08:30:00,13,120,1.1428571428571428,3.0188888888888883,0.0,0.1541333333333333,8.6835,6.0,15,20.017808937989045,,4000.0,0.0,0.0,2716.9999999999995,47.58172266544782,optimal
2021-02-08 09:00:00,13,120,1.1428571428571428,0.0,0.0,0.2580333333333333,7.665,6.0,15,20.035107773161588,,4000.0,0.0,0.0,0.0,47.44257564582312,optimal
2021-02-08 09:30:00,13,120,1.1428571428571428,0.0,0.0,0.054,6.7725,6.0,15,20.051082024877164,,4000.0,0.0,0.0,0.0,47.30356777321804,optimal
2021-02-08 10:00:00,13,120,1.1428571428571428,0.0,0.0,0.0865,5.5755,6.0,15,20.06356536248989,,4000.0,0.0,0.0,0.0,47.16469890848557,optimal
2021-02-08 10:30:00,13,120,1.1428571428571428,0.0,0.0,0.1645,5.0925,6.0,15,20.079270064018267,,4000.0,0.0,0.0,0.0,47.02596891261783,optimal
2021-02-08 11:00:00,13,120,1.1428571428571428,0.0,0.0,0.054,4.1895,6.0,15,20.09559646833135,,4000.0,0.0,0.0,0.0,46.88737764674595,optimal
2021-02-08 11:30:00,13,120,1.1428571428571428,0.0,0.0,0.054,7.056,6.0,15,20.11325216884872,,4000.0,0.0,0.0,0.0,46.74892497213995,optimal
2021-02-08 12:00:00,13,120,1.1428571428571428,0.0,0.0,0.054,5.271,6.0,15,20.13107112211608,,4000.0,0.0,0.0,0.0,46.61061075020856,optimal
2021-02-08 12:30:00,13,120,1.1428571428571428,0.0,0.0,0.3342666666666666,7.938,6.0,15,20.14999010912849,,4000.0,0.0,0.0,0.0,46.4724348424991,optimal
2021-02-08 13:00:00,13,120,1.1428571428571428,0.0,0.0,0.278,7.938,6.0,15,20.17387627499777,,4000.0,0.0,0.0,0.0,46.33439711069735,optimal
2021-02-08 13:30:00,13,120,1.1428571428571428,0.0,0.0,0.2208333333333333,11.907,6.0,15,20.197699933050675,,4000.0,0.0,0.0,0.0,46.1964974166274,optimal
2021-02-08 14:00:00,13,120,1.1428571428571428,0.2322222222222222,0.0,0.7053333333333334,11.025,6.0,15,20.220978191535416,,4000.0,0.0,0.0,209.0,46.05873562225151,optimal
2021-02-08 14:30:00,13,120,1.1428571428571428,0.3096296296296296,0.0,1.8643666666666665,11.2875,6.0,15,20.248624520097213,,4000.0,0.0,0.0,278.66666666666663,45.921111589670005,optimal
2021-02-08 15:00:00,13,120,0.0,0.0774074074074074,0.0,0.3154333333333333,12.936,6.0,15,20.284996610957684,,0.0,0.0,0.0,69.66666666666666,45.78362518112108,optimal
2021-02-08 15:30:00,13,120,0.0,0.0,0.0,0.476,13.0095,6.0,15,20.260361403269904,,0.0,0.0,0.0,0.0,45.64627625898071,optimal
2021-02-08 16:00:00,13,120,0.0,0.3096296296296296,0.0,0.4089,13.671,6.0,15,20.23821073800445,,0.0,0.0,0.0,278.66666666666663,45.50906468576248,optimal
2021-02-08 16:30:00,13,120,0.0,0.2322222222222222,0.0,0.234,13.188,6.0,15,20.21201800261869,,0.0,0.0,0.0,209.0,45.37199032411746,optimal
2021-02-08 17:00:00,13,120,0.0,0.2322222222222222,0.0,0.3232333333333333,13.8495,6.0,15,20.18396483891402,,0.0,0.0,0.0,209.0,45.23505303683409,optimal
2021-02-08 17:30:00,13,120,0.0,0.0774074074074074,0.0,0.2044666666666666,13.23,6.0,15,20.15570886838566,,0.0,0.0,0.0,69.66666666666666,45.098252686838,optimal
2021-02-08 18:00:00,13,120,0.0,0.0,0.0,0.5591333333333334,13.3665,6.0,15,20.126601558263385,,0.0,0.0,0.0,0.0,44.96158913719191,optimal
2021-02-08 18:30:00,13,120,0.200184149227238,0.0,0.0,0.3749666666666665,13.0515,6.0,15,20.10042016100672,,700.6445222953332,0.0,0.0,0.0,44.82506225109546,optimal
2021-02-08 19:00:00,13,120,0.0,0.0,0.0,0.324,13.5345,6.0,15,20.08060106155451,,0.0,0.0,0.0,0.0,44.68867189188512,optimal
2021-02-08 19:30:00,13,120,0.0,0.0774074074074074,0.0,0.5098,14.154,6.0,15,20.05092747647506,,0.0,0.0,0.0,69.66666666666666,44.55241792303398,optimal
2021-02-08 20:00:00,13,120,0.0,0.1548148148148148,0.0,0.5817333333333333,14.112,6.0,15,20.026056390342514,,0.0,0.0,0.0,139.33333333333331,44.41630020815169,optimal
2021-02-08 20:30:00,13,120,0.0,0.0,0.0,0.3409333333333333,14.2485,6.0,15,20.0,,0.0,0.0,0.0,0.0,44.28031861098428,optimal
2021-02-08 21:00:00,13,120,0.0,0.0,0.0,0.3411666666666667,12.789,6.0,15,19.97178773732649,,0.0,0.0,0.0,0.0,44.236038292373294,optimal
2021-02-08 21:30:00,13,120,0.0,6.347407407407407,0.0,0.4333666666666667,13.0095,6.0,15,19.945519174190053,,0.0,0.0,0.0,5712.666666666666,44.19180225408092,optimal
2021-02-08 22:00:00,13,120,0.0,0.4644444444444444,0.0,0.4135,12.1275,6.0,15,19.92028269185948,,0.0,0.0,0.0,418.0,44.14761045182684,optimal
2021-02-08 22:30:00,13,120,0.0,0.0,0.0,0.4322666666666666,12.348,6.0,15,19.896946063476268,,0.0,0.0,0.0,0.0,44.103462841375006,optimal
2021-02-08 23:00:00,13,120,0.0,0.0,0.0,0.1879333333333333,12.348,6.0,15,19.873493631176046,,0.0,0.0,0.0,0.0,44.05935937853363,optimal
2021-02-08 23:30:00,13,120,0.0,0.0,0.0,0.054,25.389,6.0,15,19.843968052630025,,0.0,0.0,0.0,0.0,44.01530001915509,optimal
2021-02-09 00:00:00,13,120,0.0,0.2322222222222222,0.0,0.0658,33.327,6.0,12,19.843968052630025,,0.0,0.0,0.0,209.0,43.97128471913594,optimal
2021-02-09 00:30:00,13,120,0.0,0.0,0.0,0.3351,31.122,6.0,12,19.81183907823424,,0.0,0.0,0.0,0.0,43.9273134344168,optimal
2021-02-09 01:00:00,13,120,1.1428571428571428,0.0,0.0,0.3292,17.9025,6.0,12,19.783100844570644,,4000.0,0.0,0.0,0.0,43.88338612098239,optimal
2021-02-09 01:30:00,13,120,1.1428571428571428,0.0,0.0,0.3006,15.6555,6.0,12,19.804561750001124,,4000.0,0.0,0.0,0.0,43.839502734861405,optimal
2021-02-09 02:00:00,13,120,1.1428571428571428,0.1548148148148148,0.0,0.1682,14.553,6.0,12,19.825152430484533,,4000.0,0.0,0.0,139.33333333333331,43.79566323212654,optimal
2021-02-09 02:30:00,13,120,1.1428571428571428,0.0,0.0,0.2319333333333333,14.3325,6.0,12,19.843137409152003,,4000.0,0.0,0.0,0.0,43.75186756889442,optimal
2021-02-09 03:00:00,13,120,1.1428571428571428,0.0,0.0,0.061,13.335,6.0,12,19.85965413298972,,4000.0,0.0,0.0,0.0,43.708115701325525,optimal
2021-02-09 03:30:00,13,120,1.1428571428571428,0.0,0.0,0.061,12.1275,6.0,12,19.87205544717465,,4000.0,0.0,0.0,0.0,43.6644075856242,optimal
2021-02-09 04:00:00,13,120,1.1428571428571428,0.0,0.0,0.061,12.2955,6.0,12,19.88463043126078,,4000.0,0.0,0.0,0.0,43.62074317803857,optimal
2021-02-09 04:30:00,13,120,1.1428571428571428,0.0,0.0,0.2252666666666666,11.6865,6.0,12,19.89737874093662,,4000.0,0.0,0.0,0.0,43.57712243486053,optimal
2021-02-09 05:00:00,13,120,1.1428571428571428,0.0,0.0,0.061,11.466,6.0,12,19.91190467291551,,4000.0,0.0,0.0,0.0,43.53354531242567,optimal
2021-02-09 05:30:00,13,120,1.1428571428571428,0.0,0.0,0.063,10.8045,6.0,12,19.9242023971205,,4000.0,0.0,0.0,0.0,43.490011767113245,optimal
2021-02-09 06:00:00,13,120,1.1428571428571428,0.0,5.0,0.0768,10.584,6.0,12,19.9364757403142,,4000.0,0.0,0.0,0.0,45.82152175534613,optimal
2021-02-09 06:30:00,13,120,1.1428571428571428,0.0,0.0,0.2178,11.2455,6.0,12,19.94881571232961,,4000.0,0.0,0.0,0.0,45.77570023359079,optimal
2021-02-09 07:00:00,13,120,1.1428571428571428,0.0,0.0,0.061,12.1275,6.0,12,19.962851321354005,,4000.0,0.0,0.0,0.0,45.7299245333572,optimal
2021-02-09 07:30:00,13,120,1.1428571428571428,1.211483330277053,0.0,0.0684666666666666,11.823,6.0,12,19.97484978433976,,4000.0,1090.3349972493477,0.0,0.0,45.68419460882384,optimal
2021-02-09 08:00:00,13,120,1.1428571428571428,0.0,0.0,0.2178,11.7705,6.0,12,20.0,,4000.0,0.0,0.0,0.0,45.63851041421502,optimal
2021-02-09 08:30:00,13,120,1.1428571428571428,0.0,0.0,0.7576666666666666,11.13,6.0,12,20.01347080619481,,4000.0,0.0,0.0,0.0,45.592871903800805,optimal
2021-02-09 09:00:00,13,120,1.1428571428571428,0.0774074074074074,0.0,3.6300666666666666,11.6865,6.0,12,20.02859669158336,,4000.0,0.0,0.0,69.66666666666666,45.547279031897006,optimal
2021-02-09 09:30:00,13,120,1.1428571428571428,0.387037037037037,1.1635348556735818,2.0229333333333326,10.7205,6.0,12,20.05591662421225,,4000.0,0.0,0.0,348.3333333333333,46.05441080931006,optimal
2021-02-09 10:00:00,13,120,1.1428571428571428,0.6966666666666667,0.0,2.4902,11.424,6.0,12,20.0810635858692,,4000.0,0.0,0.0,627.0,46.00835639850075,optimal
2021-02-09 10:30:00,13,120,1.1428571428571428,0.0774074074074074,5.0,2.437733333333333,10.689,6.0,12,20.111193504085666,,4000.0,0.0,0.0,69.66666666666666,48.33734804210225,optimal
2021-02-09 11:00:00,13,120,1.1428571428571428,2.5544444444444445,0.0,0.2217333333333332,11.361,6.0,12,20.14245437184965,,4000.0,0.0,0.0,2299.0,48.28901069406015,optimal
2021-02-09 11:30:00,13,120,1.1428571428571428,0.4644444444444444,0.0,0.3048666666666667,11.571,6.0,12,20.169517657553364,,4000.0,0.0,0.0,418.0,48.24072168336608,optimal
2021-02-09 12:00:00,13,120,0.0,0.3096296296296296,0.0,0.3756666666666667,14.3745,6.0,12,20.197614810849025,,0.0,0.0,0.0,278.66666666666663,48.19248096168271,optimal
2021-02-09 12:30:00,13,120,1.1428571428571428,0.0,0.0,1.0605666666666669,13.23,6.0,12,20.179982016383704,,4000.0,0.0,0.0,0.0,48.144288480721016,optimal
2021-02-09 13:00:00,13,120,0.3115262887756731,0.2322222222222222,0.0,0.6329666666666667,13.9755,6.0,12,20.2187928509688,,1090.342010714856,0.0,0.0,209.0,48.096144192240295,optimal
2021-02-09 13:30:00,13,120,0.0,0.2322222222222222,0.0,0.4664666666666666,14.994,6.0,12,20.217269866318905,,0.0,0.0,0.0,209.0,48.048048048048045,optimal
2021-02-09 14:00:00,13,120,1.1428571428571428,0.0,0.0,0.1897333333333332,13.671,6.0,12,20.200315127492512,,4000.0,0.0,0.0,0.0,48.0,optimal
2021-02-09 14:30:00,13,120,0.0,0.0,0.0,0.2468,15.981,6.0,12,20.22727118949527,,0.0,0.0,0.0,0.0,47.79123949404747,optimal
2021-02-09 15:00:00,13,120,0.0,0.0,0.0,0.3211333333333333,15.6345,6.0,12,20.206219188437213,,0.0,0.0,0.0,0.0,47.58268774860089,optimal
2021-02-09 15:30:00,13,120,0.0,0.0774074074074074,0.0,0.4219666666666666,16.5375,6.0,12,20.18144146010698,,0.0,0.0,0.0,69.66666666666666,47.37434455489976,optimal
2021-02-09 16:00:00,13,120,0.0,0.0,0.0,0.3960333333333333,14.7735,6.0,12,20.157657798937223,,0.0,0.0,0.0,0.0,47.16620970439232,optimal
2021-02-09 16:30:00,13,120,0.0,0.0,0.0,0.7766333333333333,15.2145,6.0,12,20.131131953945854,,0.0,0.0,0.0,0.0,46.9582829887354,optimal
2021-02-09 17:00:00,13,120,0.0,0.1548148148148148,0.0,0.4397,14.553,6.0,12,20.110749779554776,,0.0,0.0,0.0,139.33333333333331,46.75056419979413,optimal
2021-02-09 17:30:00,13,120,0.0,0.1548148148148148,0.0,1.2127333333333332,14.3325,6.0,12,20.083417475704408,,0.0,0.0,0.0,139.33333333333331,46.543053129641805,optimal
2021-02-09 18:00:00,13,120,0.0,0.1548148148148148,0.0,0.8317,14.595,6.0,12,20.07097858198282,,0.0,0.0,0.0,139.33333333333331,46.33574957055964,optimal
2021-02-09 18:30:00,13,120,0.0,0.2322222222222222,0.0,0.0977,14.994,6.0,12,20.053155655988093,,0.0,0.0,0.0,209.0,46.128653315036544,optimal
2021-02-09 19:00:00,13,120,0.0,0.387037037037037,0.0,0.2393333333333333,14.3325,6.0,12,20.02625490525745,,0.0,0.0,0.0,348.3333333333333,45.921764155768976,optimal
2021-02-09 19:30:00,13,120,0.5287298436228174,0.0,0.0,0.4766666666666667,13.8915,6.0,12,20.0,,1850.5544526798608,0.0,0.0,0.0,45.71508188566067,optimal
2021-02-09 20:00:00,13,120,0.571320319813323,0.4644444444444444,0.0,0.3582666666666667,13.8915,6.0,12,20.0,,1999.6211193466304,0.0,0.0,418.0,45.66936680377501,optimal
2021-02-09 20:30:00,13,120,0.0,0.0,0.0,0.3448666666666666,13.4715,6.0,12,20.0,,0.0,0.0,0.0,0.0,45.62369743697124,optimal
2021-02-09 21:00:00,13,120,0.0,0.387037037037037,0.0,0.8674,13.23,6.0,12,19.97562765668233,,0.0,0.0,0.0,348.3333333333333,45.57807373953427,optimal
2021-02-09 21:30:00,13,120,0.0,0.0,0.0,0.4780666666666666,13.8915,6.0,12,19.955347268693743,,0.0,0.0,0.0,0.0,45.532495665794734,optimal
2021-02-09 22:00:00,13,120,0.0,0.0,0.0,0.4733666666666666,26.9325,6.0,12,19.929131874234034,,0.0,0.0,0.0,0.0,45.48696317012894,optimal
2021-02-09 22:30:00,13,120,0.0,0.0,0.0,0.1395333333333333,30.303,6.0,12,19.903281359323564,,0.0,0.0,0.0,0.0,45.44147620695881,optimal
2021-02-09 23:00:00,13,120,0.0,0.0,0.0,0.2981333333333333,32.886,6.0,12,19.873354355804445,,0.0,0.0,0.0,0.0,45.39603473075185,optimal
2021-02-09 23:30:00,13,120,0.0,0.0,0.0,0.2339333333333333,34.9965,6.0,12,19.843850575520307,,0.0,0.0,0.0,0.0,45.3506386960211,optimal
2021-02-10 00:00:00,13,120,1.1428571428571428,2.322222222222221,5.0,0.5994333333333333,13.0935,6.0,-13,19.843850575520307,,4000.0,0.0,0.0,2089.9999999999995,47.68028805732508,optimal
2021-02-10 00:30:00,13,120,1.1428571428571428,0.0,2.5069115289950843,0.3200666666666666,15.6345,6.0,-13,19.864499219264232,,4000.0,0.0,0.0,0.0,48.823390745540415,optimal
2021-02-10 01:00:00,13,120,1.1428571428571428,0.0,0.0,0.1123333333333333,18.102,6.0,-13,19.882059625484523,,4000.0,0.0,0.0,0.0,48.77456735479488,optimal
2021-02-10 01:30:00,13,120,1.1428571428571428,0.0,0.0,0.1123333333333333,17.199,6.0,-13,19.89409901169166,,4000.0,0.0,0.0,0.0,48.72579278744007,optimal
2021-02-10 02:00:00,13,120,0.8290427611163403,0.0,0.0,0.2038,18.2805,6.0,-13,19.905916272772696,,2901.649663907191,0.0,0.0,0.0,48.67706699465263,optimal
2021-02-10 02:30:00,13,120,1.1428571428571428,0.0,0.0,0.0966333333333333,17.4615,6.0,-13,19.90524564665153,,4000.0,0.0,0.0,0.0,48.62838992765797,optimal
2021-02-10 03:00:00,13,120,1.1428571428571428,0.0,0.0,0.1345,18.3225,6.0,-13,19.91665128975322,,4000.0,0.0,0.0,0.0,48.57976153773031,optimal
2021-02-10 03:30:00,13,120,1.1428571428571428,0.0,0.0,0.1844,17.094,6.0,-13,19.92849562518078,,4000.0,0.0,0.0,0.0,48.53118177619257,optimal
2021-02-10 04:00:00,13,120,1.1428571428571428,0.0,0.0,0.1825333333333333,17.094,6.0,-13,19.94092437739596,,4000.0,0.0,0.0,0.0,48.48265059441637,optimal
2021-02-10 04:30:00,13,120,1.1428571428571428,0.0,0.0,0.068,17.094,6.0,-13,19.95330574845456,,4000.0,0.0,0.0,0.0,48.434167943821954,optimal
2021-02-10 05:00:00,13,120,1.1428571428571428,0.0,0.0,0.2102666666666666,17.3565,6.0,-13,19.96406903200269,,4000.0,0.0,0.0,0.0,48.38573377587813,optimal
2021-02-10 05:30:00,13,120,1.1428571428571428,0.0,0.0,0.1478,17.115,6.0,-13,19.976345861741923,,4000.0,0.0,0.0,0.0,48.33734804210225,optimal
2021-02-10 06:00:00,13,120,1.1428571428571428,0.0,0.0,0.2191333333333333,17.241,6.0,-13,19.98763910523458,,4000.0,0.0,0.0,0.0,48.28901069406015,optimal
2021-02-10 06:30:00,13,120,1.1428571428571428,0.0,0.0,0.068,17.094,6.0,-13,19.999580710026343,,4000.0,0.0,0.0,0.0,48.24072168336608,optimal
2021-02-10 07:00:00,13,120,1.1428571428571428,0.0,0.0,0.1566666666666666,16.5165,6.0,-13,20.010053994268123,,4000.0,0.0,0.0,0.0,48.19248096168271,optimal
2021-02-10 07:30:00,13,120,1.1428571428571428,0.0,0.0,0.4884,17.8185,6.0,-13,20.02198319490416,,4000.0,0.0,0.0,0.0,48.144288480721016,optimal
2021-02-10 08:00:00,13,120,1.1428571428571428,2.941481481481482,0.0,2.087,17.094,6.0,-13,20.04301652376899,,4000.0,0.0,0.0,2647.333333333333,48.096144192240295,optimal
2021-02-10 08:30:00,13,120,1.1428571428571428,0.0774074074074074,0.0,2.5394666666666668,16.8945,6.0,-13,20.072019684126243,,4000.0,0.0,0.0,69.66666666666666,48.048048048048045,optimal
2021-02-10 09:00:00,13,120,1.1428571428571428,0.0,0.0,4.130466666666666,18.123,6.0,-13,20.100491631082487,,4000.0,0.0,0.0,0.0,48.0,optimal
2021-02-10 09:30:00,13,120,0.0,3.096296296296296,0.0,3.398966666666667,31.647,6.0,-13,20.13788593797007,,0.0,0.0,0.0,2786.6666666666665,47.33924928124508,optimal
2021-02-10 10:00:00,13,120,0.0,0.0774074074074074,0.0,2.1032,34.9965,6.0,-13,20.117144591076027,,0.0,0.0,0.0,69.66666666666666,46.67915931320892,optimal
2021-02-10 10:30:00,13,120,0.0,0.1548148148148148,0.0,0.5205666666666667,34.9965,6.0,-13,20.094805011969346,,0.0,0.0,0.0,139.33333333333331,46.0197294351408,optimal
2021-02-10 11:00:00,13,120,0.0,0.0,0.0,0.7714666666666667,34.9965,6.0,-13,20.069339849597384,,0.0,0.0,0.0,0.0,45.36095898695074,optimal
2021-02-10 11:30:00,13,120,0.0,0.0,0.0,2.801233333333333,34.9965,6.0,-13,20.04931048156066,,0.0,0.0,0.0,0.0,44.70284730920888,optimal
2021-02-10 12:00:00,13,120,0.0,0.0,0.0,5.427233333333334,34.9965,6.0,-13,20.031432681765768,,0.0,0.0,0.0,0.0,44.04539374314475,optimal
2021-02-10 12:30:00,13,120,0.0,0.2322222222222222,0.0,1.229766666666667,27.741,6.0,-13,20.01852814695835,,0.0,0.0,0.0,209.0,43.388597630646686,optimal
2021-02-10 13:00:00,13,120,0.5846595571086729,0.0,0.0,0.4552666666666666,19.026,6.0,-13,20.0,,2046.308449880355,0.0,0.0,0.0,42.73245831426112,optimal
2021-02-10 13:30:00,13,120,0.6210305656820361,0.0,0.0,0.2522666666666667,18.7215,6.0,-13,20.0,,2173.6069798871263,0.0,0.0,0.0,42.07697513719194,optimal
2021-02-10 14:00:00,13,120,0.600039029550315,0.0,0.0,0.3883666666666667,17.4195,6.0,-13,20.0,,2100.1366034261023,0.0,0.0,0.0,41.42214744329984,optimal
2021-02-10 14:30:00,13,120,0.6508637914550643,0.0,0.0,0.068,16.758,6.0,-13,20.0,,2278.023270092725,0.0,0.0,0.0,40.76797457710162,optimal
2021-02-10 15:00:00,13,120,0.6649261017217069,0.0,0.0,0.1779333333333333,14.217,6.0,-13,20.0,,2327.241356025974,0.0,0.0,0.0,40.1144558837696,optimal
2021-02-10 15:30:00,13,120,0.4869779502911284,0.1548148148148148,0.0,2.238633333333333,13.3665,6.0,-13,20.0,,1704.4228260189493,0.0,0.0,139.33333333333331,39.46159070913092,optimal
2021-02-10 16:00:00,13,120,0.4428470737843031,0.0,0.0,2.597,12.789,6.0,-13,20.0,,1549.9647582450611,0.0,0.0,0.0,38.80937839966687,optimal
2021-02-10 16:30:00,13,120,0.5246246366394974,0.0,0.0,0.2970333333333333,11.907,6.0,-13,20.0,,1836.1862282382413,0.0,0.0,0.0,38.15781830251228,optimal
2021-02-10 17:00:00,13,120,0.5939421272580303,0.0774074074074074,0.0,2.477533333333333,11.7075,6.0,-13,20.0,,2078.797445403106,0.0,0.0,69.66666666666666,37.50690976545485,optimal
2021-02-10 17:30:00,13,120,1.1428571428571428,0.2322222222222222,0.0,3.927133333333333,10.8045,6.0,-13,20.0,,4000.0,0.0,0.0,209.0,36.85665213693448,optimal
2021-02-10 18:00:00,13,120,0.2862115389901559,0.0,0.0,0.8905333333333333,11.508,6.0,-13,20.032670440631783,,1001.7403864655458,0.0,0.0,0.0,36.20704476604263,optimal
2021-02-10 18:30:00,13,120,1.1428571428571428,0.0,0.0,0.068,11.508,6.0,-13,20.0187304319947,,4000.0,0.0,0.0,0.0,35.55808700252167,optimal
2021-02-10 19:00:00,13,120,1.1428571428571428,0.0,0.0,0.2989333333333333,11.508,6.0,-13,20.0285069110493,,4000.0,0.0,0.0,0.0,34.90977819676423,optimal
2021-02-10 19:30:00,13,120,0.0,0.0,0.0,0.068,11.844,6.0,-13,20.040284291604863,,0.0,0.0,0.0,0.0,34.26211769981255,optimal
2021-02-10 20:00:00,13,120,0.9358589178930272,0.0,0.0,0.1334,11.508,6.0,-13,20.0,,3275.506212625596,0.0,0.0,0.0,33.61510486335782,optimal
2021-02-10 20:30:00,13,120,0.0,0.0,0.0,0.2335333333333333,11.508,6.0,-13,20.0,,0.0,0.0,0.0,0.0,32.968739039739546,optimal
2021-02-10 21:00:00,13,120,0.0,0.0,0.0,1.1554666666666666,10.4475,6.0,-13,19.96121738955976,,0.0,0.0,0.0,0.0,32.32301958194489,optimal
2021-02-10 21:30:00,13,120,0.0,0.0,0.0,0.5395333333333333,10.8675,6.0,-13,19.932052346921445,,0.0,0.0,0.0,0.0,32.290696562362946,optimal
2021-02-10 22:00:00,13,120,0.0,0.0,0.0,0.1034666666666666,10.542,6.0,-13,19.897861832052666,,0.0,0.0,0.0,0.0,32.25840586580058,optimal
2021-02-10 22:30:00,13,120,0.0,0.0,0.0,0.0857333333333333,11.025,6.0,-13,19.853895273396425,,0.0,0.0,0.0,0.0,32.22614745993478,optimal
2021-02-10 23:00:00,13,120,0.0,0.0,0.0,0.2812,11.025,6.0,-13,19.80930420693791,,0.0,0.0,0.0,0.0,32.19392131247484,optimal
2021-02-10 23:30:00,13,120,0.0,0.0,0.0,0.0857333333333333,14.553,6.0,-13,19.76668714637962,,0.0,0.0,0.0,0.0,32.161727391162366,optimal
2021-02-11 00:00:00,13,120,1.1428571428571428,0.0,0.0,0.078,20.79,6.0,-16,19.76668714637962,,4000.0,0.0,0.0,0.0,32.1295656637712,optimal
2021-02-11 00:30:00,13,120,0.0,0.0,0.0,0.1662,29.106,6.0,-16,19.771969642181627,,0.0,0.0,0.0,0.0,32.09743609810743,optimal
2021-02-11 01:00:00,13,120,1.1428571428571428,0.0,0.0,0.1045,19.1835,6.0,-16,19.729785031144623,,4000.0,0.0,0.0,0.0,32.065338662009324,optimal
2021-02-11 01:30:00,13,120,1.1428571428571428,0.0,0.0,0.2960333333333333,19.6665,6.0,-16,19.73586003237765,,4000.0,0.0,0.0,0.0,32.03327332334732,optimal
2021-02-11 02:00:00,13,120,1.1428571428571428,0.0,0.0,0.0954,19.404,6.0,-16,19.744256314345417,,4000.0,0.0,0.0,0.0,32.001240050023966,optimal
2021-02-11 02:30:00,13,120,1.1428571428571428,0.0,0.0,0.12,19.047,6.0,-16,19.75019176602643,,4000.0,0.0,0.0,0.0,31.96923880997394,optimal
2021-02-11 03:00:00,13,120,1.1428571428571428,0.0,0.0,0.2373333333333332,18.858,6.0,-16,19.756216879658684,,4000.0,0.0,0.0,0.0,31.937269571163966,optimal
2021-02-11 03:30:00,13,120,1.1428571428571428,0.0,0.0,0.1778,19.2675,6.0,-16,19.76346118677721,,4000.0,0.0,0.0,0.0,31.905332301592804,optimal
2021-02-11 04:00:00,13,120,1.1428571428571428,0.0,0.0,0.1492666666666667,18.963,6.0,-16,19.770400605100413,,4000.0,0.0,0.0,0.0,31.87342696929121,optimal
2021-02-11 04:30:00,13,120,1.1428571428571428,0.0,5.0,0.1788666666666666,18.438,6.0,-16,19.77747430344576,,4000.0,0.0,0.0,0.0,34.21655354232192,optimal
2021-02-11 05:00:00,13,120,1.1428571428571428,0.0,4.521424006393108,0.137,18.7425,6.0,-16,19.78495548681521,,4000.0,0.0,0.0,0.0,36.33001339181632,optimal
2021-02-11 05:30:00,13,120,1.1428571428571428,0.0,5.0,0.1935666666666666,15.2145,6.0,-16,19.79191180416516,,4000.0,0.0,0.0,0.0,38.6686833784245,optimal
2021-02-11 06:00:00,13,120,1.1428571428571428,2.941481481481482,5.0,0.3321,17.7765,6.0,-16,19.80160411046957,,4000.0,0.0,0.0,2647.333333333333,41.00501469504607,optimal
2021-02-11 06:30:00,13,120,1.1428571428571428,0.6966666666666667,5.0,0.1021,16.758,6.0,-16,19.81718870560453,,4000.0,0.0,0.0,627.0,43.33900968035103,optimal
2021-02-11 07:00:00,13,120,1.1428571428571428,0.387037037037037,5.0,0.2138666666666666,16.422,6.0,-16,19.829630446106943,,4000.0,0.0,0.0,348.3333333333333,45.670670670670674,optimal
2021-02-11 07:30:00,13,120,1.1428571428571428,12.864327555383896,5.0,0.5921333333333333,16.758,6.0,-16,19.845283781940573,,4000.0,10950.894799845504,0.0,627.0,48.0,optimal
2021-02-11 08:00:00,13,120,0.0,2.8980086703011407,0.0,0.3848,29.358,6.0,-16,20.0,,0.0,2608.2078032710265,0.0,0.0,47.72318908294319,optimal
2021-02-11 08:30:00,13,120,0.0,3.19131730270302,0.0,0.3357666666666666,34.9965,6.0,-16,20.0,,0.0,2872.1855724327183,0.0,0.0,47.44665497680344,optimal
2021-02-11 09:00:00,13,120,0.0,2.7227899149039567,0.0,0.5709333333333333,34.65,6.0,-16,20.0,,0.0,2450.510923413561,0.0,0.0,47.17039740476984,optimal
2021-02-11 09:30:00,13,120,0.0,3.611839402929293,0.0,0.5541,34.9965,6.0,-16,20.0,,0.0,2553.988795969697,0.0,696.6666666666666,46.89441609030826,optimal
2021-02-11 10:00:00,13,120,0.0,2.7742471109674294,0.0,0.4028,34.9965,6.0,-16,20.0,,0.0,2148.4890665373528,0.0,348.3333333333333,46.618710757161146,optimal
2021-02-11 10:30:00,13,120,0.0,2.828000159092892,0.0,0.2623999999999999,30.4815,6.0,-16,20.0,,0.0,2405.866809850269,0.0,139.33333333333331,46.34328112934718,optimal
2021-02-11 11:00:00,13,120,0.6184880938743573,0.1548148148148148,0.0,0.3711,21.4305,6.0,-16,20.0,,2164.7083285602507,0.0,0.0,139.33333333333331,46.06812693116103,optimal
2021-02-11 11:30:00,13,120,0.5450246141197389,0.0774074074074074,0.0,0.4996666666666667,14.3325,6.0,-16,20.0,,1907.586149419086,0.0,0.0,69.66666666666666,45.79324788717307,optimal
2021-02-11 12:00:00,13,120,0.9885136173147524,0.0,0.0,1.6236333333333337,13.692,6.0,-16,20.0,,3459.7976606016337,0.0,0.0,0.0,45.518643722229086,optimal
2021-02-11 12:30:00,13,120,0.0,0.387037037037037,0.0,0.2488666666666666,14.007,6.0,-16,20.02217843634331,,0.0,0.0,0.0,348.3333333333333,45.24431416145005,optimal
2021-02-11 13:00:00,13,120,0.4924793988600486,0.3096296296296296,0.0,0.3371333333333333,12.873,6.0,-16,20.0,,1723.67789601017,0.0,0.0,278.66666666666663,44.97025893023179,optimal
2021-02-11 13:30:00,13,120,0.5155591888610442,0.0,0.0,0.2683999999999999,12.684,6.0,-16,20.0,,1804.457161013655,0.0,0.0,0.0,44.696477754244754,optimal
2021-02-11 14:00:00,13,120,0.4554979724137291,0.0,0.0,0.3748666666666667,12.306,6.0,-16,20.0,,1594.242903448052,0.0,0.0,0.0,44.422970359433705,optimal
2021-02-11 14:30:00,13,120,1.1428571428571428,0.0774074074074074,0.0,1.2056333333333331,10.6365,6.0,-16,20.0,,4000.0,0.0,0.0,69.66666666666666,44.149736472017466,optimal
2021-02-11 15:00:00,13,120,0.0,0.1548148148148148,0.0,0.2777666666666666,11.2455,6.0,-16,20.04360261070699,,0.0,0.0,0.0,139.33333333333331,43.876775818488646,optimal
2021-02-11 15:30:00,13,120,0.43361990099286,0.387037037037037,0.0,0.5548,11.2455,6.0,-16,20.024312908554048,,1517.66965347501,0.0,0.0,348.3333333333333,43.60408812561335,optimal
2021-02-11 16:00:00,13,120,1.1428571428571428,0.0774074074074074,0.0,0.6537666666666666,11.025,6.0,-16,20.02496233694003,,4000.0,0.0,0.0,69.66666666666666,43.331673120430935,optimal
2021-02-11 16:30:00,13,120,0.0,0.1548148148148148,0.0,0.3305,12.0855,6.0,-16,20.052949968361105,,0.0,0.0,0.0,139.33333333333331,43.059530530253696,optimal
2021-02-11 17:00:00,13,120,0.0,0.1548148148148148,0.0,0.4926999999999999,11.6865,6.0,-16,20.02769237832092,,0.0,0.0,0.0,139.33333333333331,42.78766008266664,optimal
2021-02-11 17:30:00,13,120,0.6329572169131265,0.1548148148148148,0.0,0.5797333333333333,11.2245,6.0,-16,20.0,,2215.3502591959427,0.0,0.0,139.33333333333331,42.51606150552717,optimal
2021-02-11 18:00:00,13,120,0.6397329492962881,6.115185185185185,0.0,0.7722,11.025,6.0,-16,20.0,,2239.0653225370083,0.0,0.0,5503.666666666667,42.244734526964834,optimal
2021-02-11 18:30:00,13,120,1.1428571428571428,0.8514814814814814,0.0,0.5205333333333333,10.7835,6.0,-16,20.0,,4000.0,0.0,0.0,766.3333333333333,41.97367887538106,optimal
2021-02-11 19:00:00,13,120,0.2706243340418536,0.0,0.0,2.841333333333333,11.025,6.0,-16,20.015110634553007,,947.185169146488,0.0,0.0,0.0,41.70289427944888,optimal
2021-02-11 19:30:00,13,120,1.1428571428571428,0.6966666666666667,0.0,1.4376333333333335,10.584,6.0,-16,20.0,,4000.0,0.0,0.0,627.0,41.43238046811263,optimal
2021-02-11 20:00:00,13,120,0.4080211630214593,0.0774074074074074,0.0,1.2991333333333337,11.025,6.0,-16,20.016513770928928,,1428.0740705751075,0.0,0.0,69.66666666666666,41.39094808764451,optimal
2021-02-11 20:30:00,13,120,0.0,0.6192592592592592,0.0,1.1440666666666666,10.4265,6.0,-16,20.0,,0.0,0.0,0.0,557.3333333333333,41.34955713955687,optimal
2021-02-11 21:00:00,13,120,0.0,0.2322222222222222,0.0,0.3713333333333333,12.789,6.0,-16,19.96737054174137,,0.0,0.0,0.0,209.0,41.30820758241731,optimal
2021-02-11 21:30:00,13,120,0.0,0.0,0.0,0.47,12.684,6.0,-16,19.928774223040307,,0.0,0.0,0.0,0.0,41.26689937483489,optimal
2021-02-11 22:00:00,13,120,0.0,0.0,0.0,0.2787,16.254,6.0,-16,19.88653571381979,,0.0,0.0,0.0,0.0,41.22563247546006,optimal
2021-02-11 22:30:00,13,120,0.0,0.0,0.0,0.1818333333333333,17.64,6.0,-16,19.84011508530924,,0.0,0.0,0.0,0.0,41.1844068429846,optimal
2021-02-11 23:00:00,13,120,0.0,0.0,0.0,0.2051,19.1625,6.0,-16,19.793105847980456,,0.0,0.0,0.0,0.0,41.14322243614161,optimal
2021-02-11 23:30:00,13,120,0.0,0.0,0.0,0.1626999999999999,26.46,6.0,-16,19.74528371422208,,0.0,0.0,0.0,0.0,41.10207921370547,optimal
2021-02-12 00:00:00,13,120,1.1428571428571428,0.0,0.0,0.059,13.671,6.0,-12,19.74528371422208,,4000.0,0.0,0.0,0.0,41.060977134491765,optimal
2021-02-12 00:30:00,13,120,1.1428571428571428,0.0,5.0,0.059,12.348,6.0,-12,19.74400861330963,,4000.0,0.0,0.0,0.0,43.39491615735727,optimal
2021-02-12 01:00:00,13,120,1.1428571428571428,0.0,0.0,0.1703333333333333,14.3325,6.0,-12,19.7427360403649,,4000.0,0.0,0.0,0.0,43.35152124119991,optimal
2021-02-12 01:30:00,13,120,1.1428571428571428,0.0,0.0,0.059,15.393,6.0,-12,19.74282229125557,,4000.0,0.0,0.0,0.0,43.30816971995871,optimal
2021-02-12 02:00:00,13,120,1.1428571428571428,0.0,0.0,0.059,13.587,6.0,-12,19.741750326555024,,4000.0,0.0,0.0,0.0,43.26486155023876,optimal
2021-02-12 02:30:00,13,120,1.1428571428571428,0.0,0.0,0.1258,16.1385,6.0,-12,19.74087874337801,,4000.0,0.0,0.0,0.0,43.221596688688514,optimal
2021-02-12 03:00:00,13,120,1.1428571428571428,0.0,0.0,0.1035333333333333,14.595,6.0,-12,19.741417437555576,,4000.0,0.0,0.0,0.0,43.17837509199983,optimal
2021-02-12 03:30:00,13,120,1.1428571428571428,0.0,0.0,0.059,14.637,6.0,-12,19.742278572420563,,4000.0,0.0,0.0,0.0,43.13519671690783,optimal
2021-02-12 04:00:00,13,120,1.1428571428571428,0.0,0.0,0.1647666666666666,13.9125,6.0,-12,19.74398327368268,,4000.0,0.0,0.0,0.0,43.09206152019092,optimal
2021-02-12 04:30:00,13,120,1.1428571428571428,0.0,0.7069523597626184,0.0645666666666666,13.3665,6.0,-12,19.748360875105902,,4000.0,0.0,0.0,0.0,43.38477182955796,optimal
2021-02-12 05:00:00,13,120,1.1428571428571428,0.0,5.0,0.059,13.0095,6.0,-12,19.75289692087048,,4000.0,0.0,0.0,0.0,45.7163870577284,optimal
2021-02-12 05:30:00,13,120,1.1428571428571428,0.0,0.0,0.059,13.8915,6.0,-12,19.75874395259816,,4000.0,0.0,0.0,0.0,45.670670670670674,optimal
2021-02-12 06:00:00,13,120,1.1428571428571428,0.387037037037037,5.0,1.403166666666667,13.188,6.0,-12,19.766165442506964,,4000.0,0.0,0.0,348.3333333333333,48.0,optimal
2021-02-12 06:30:00,13,120,1.1428571428571428,0.2322222222222222,0.0,1.1182333333333332,12.5685,6.0,-12,19.781322128730604,,4000.0,0.0,0.0,209.0,47.62078896120038,optimal
2021-02-12 07:00:00,13,120,1.1428571428571428,0.6966666666666667,0.0,0.9720333333333332,12.285,6.0,-12,19.79378092287338,,4000.0,0.0,0.0,627.0,47.24195713343957,optimal
2021-02-12 07:30:00,13,120,1.1428571428571428,17.042632351990466,0.0,0.1201666666666666,11.487,6.0,-12,19.807210891578773,,4000.0,14850.702450124752,0.0,487.6666666666667,46.86350413750652,optimal
2021-02-12 08:00:00,13,120,1.1428571428571428,0.4644444444444444,0.0,2.287833333333333,11.802,6.0,-12,20.0,,4000.0,0.0,0.0,418.0,46.4854295945694,optimal
2021-02-12 08:30:00,13,120,1.1428571428571428,0.0,0.0,0.0868333333333333,11.2245,6.0,-12,20.013497671357147,,4000.0,0.0,0.0,0.0,46.10773312617521,optimal
2021-02-12 09:00:00,13,120,1.1428571428571428,0.0,0.0,0.1202333333333333,11.025,6.0,-12,20.0157975997298,,4000.0,0.0,0.0,0.0,45.73041435424942,optimal
2021-02-12 09:30:00,13,120,1.1428571428571428,0.0,0.0,0.1090999999999999,11.907,6.0,-12,20.02039763674584,,4000.0,0.0,0.0,0.0,45.35347290109555,optimal
2021-02-12 10:00:00,13,120,0.0,0.3345497045428402,0.0,0.059,25.83,6.0,-12,20.02921456210636,,0.0,301.0947340885562,0.0,0.0,44.97690838939484,optimal
2021-02-12 10:30:00,13,120,0.0,2.85346410129102,0.0,0.1202333333333333,28.035,6.0,-12,20.0,,0.0,2568.117691161918,0.0,0.0,44.60072044220583,optimal
2021-02-12 11:00:00,13,120,0.0,2.5400419076596914,0.0,0.1090999999999999,28.119,6.0,-12,20.0,,0.0,2286.037716893722,0.0,0.0,44.224908682964006,optimal
2021-02-12 11:30:00,13,120,0.0,2.5159266845134387,0.0,0.0736666666666666,30.156,6.0,-12,20.0,,0.0,2264.334016062095,0.0,0.0,43.84947273548143,optimal
2021-02-12 12:00:00,13,120,0.0,2.658129138839195,0.0,0.103,29.1585,6.0,-12,20.0,,0.0,2043.982891621942,0.0,348.3333333333333,43.47441222394633,optimal
2021-02-12 12:30:00,13,120,0.0,2.1960509527298298,0.0,0.1317333333333333,26.712,6.0,-12,20.0,,0.0,1976.4458574568464,0.0,0.0,43.09972677292277,optimal
2021-02-12 13:00:00,13,120,0.5736896773144791,0.3096296296296296,0.0,0.1174333333333333,15.435,6.0,-12,20.0,,2007.9138706006763,0.0,0.0,278.66666666666663,42.72541600735023,optimal
2021-02-12 13:30:00,13,120,0.5062917920754485,0.0,0.0,2.177333333333333,13.566,6.0,-12,20.0,,1772.0212722640697,0.0,0.0,0.0,42.35147955254327,optimal
2021-02-12 14:00:00,13,120,0.5901367357583047,0.6192592592592592,0.0,0.2588,12.789,6.0,-12,20.0,,2065.478575154066,0.0,0.0,557.3333333333333,41.97791703419111,optimal
2021-02-12 14:30:00,13,120,1.1428571428571428,0.0,0.0,0.1909333333333333,12.1275,6.0,-12,20.00225052722491,,4000.0,0.0,0.0,0.0,41.6047280783573,optimal
2021-02-12 15:00:00,13,120,0.0,0.0,0.0,0.068,13.671,6.0,-12,20.02713764836537,,0.0,0.0,0.0,0.0,41.23191231147933,optimal
2021-02-12 15:30:00,13,120,1.1428571428571428,0.0,0.0,0.1348,10.668,6.0,-12,20.0,,4000.0,0.0,0.0,0.0,40.85946936036824,optimal
2021-02-12 16:00:00,13,120,0.0092352246960174,0.5418518518518518,0.0,1.8314,11.7285,6.0,-12,20.02195319859761,,32.323286436061096,0.0,0.0,487.6666666666667,40.48739885220825,optimal
2021-02-12 16:30:00,13,120,0.1816390626435561,0.0,0.0,6.4461,11.025,6.0,-12,20.0,,635.7367192524466,0.0,0.0,0.0,40.11570041455643,optimal
2021-02-12 17:00:00,13,120,0.7056447294394784,0.387037037037037,0.0,2.8315,10.689,6.0,-12,20.0,,2469.7565530381744,0.0,0.0,348.3333333333333,39.74437367534226,optimal
2021-02-12 17:30:00,13,120,1.1428571428571428,0.1548148148148148,0.0,0.1796666666666666,8.1585,6.0,-12,20.014738570399253,,4000.0,0.0,0.0,139.33333333333331,39.3734182628673,optimal
2021-02-12 18:00:00,13,120,1.1428571428571428,0.4644444444444444,0.0,0.2027,10.3635,6.0,-12,20.032626083396007,,4000.0,0.0,0.0,418.0,39.00283380580482,optimal
2021-02-12 18:30:00,13,120,0.0,0.3096296296296296,0.0,1.5154333333333334,10.8045,6.0,-12,20.05025468861833,,0.0,0.0,0.0,278.66666666666663,38.6326199331994,optimal
2021-02-12 19:00:00,13,120,0.0,0.1548148148148148,0.0,0.3186666666666667,11.025,6.0,-12,20.029662094360024,,0.0,0.0,0.0,139.33333333333331,38.26277627446659,optimal
2021-02-12 19:30:00,13,120,1.1428571428571428,2.786666666666666,0.0,0.3969333333333333,10.3635,6.0,-12,20.0,,4000.0,0.0,0.0,2508.0,37.89330245939251,optimal
2021-02-12 20:00:00,13,120,0.2382363869899355,0.0,0.0,2.194033333333333,10.8045,6.0,-12,20.01904916537707,,833.8273544647744,0.0,0.0,0.0,37.5241981181335,optimal
2021-02-12 20:30:00,13,120,0.0,0.1548148148148148,0.0,0.8518,10.059,6.0,-12,20.0,,0.0,0.0,0.0,139.33333333333331,37.15546288121575,optimal
2021-02-12 21:00:00,13,120,0.0,0.0,0.0,0.9430666666666668,10.584,6.0,-12,19.97259912710017,,0.0,0.0,0.0,0.0,37.11830741833453,optimal
2021-02-12 21:30:00,13,120,0.0,1.8577777777777773,0.0,1.1790999999999998,9.4185,6.0,-12,19.94604957422424,,0.0,0.0,0.0,1672.0,37.0811891109162,optimal
2021-02-12 22:00:00,13,120,0.0,0.1548148148148148,0.0,1.625733333333333,10.3635,6.0,-12,19.916738094010874,,0.0,0.0,0.0,139.33333333333331,37.044107921805285,optimal
2021-02-12 22:30:00,13,120,0.0,0.3096296296296296,0.0,1.9660333333333333,9.8385,6.0,-12,19.885737579068422,,0.0,0.0,0.0,278.66666666666663,37.00706381388348,optimal
2021-02-12 23:00:00,13,120,0.0,0.0,0.0,2.763833333333333,11.067,6.0,-12,19.8566266070206,,0.0,0.0,0.0,0.0,36.9700567500696,optimal
2021-02-12 23:30:00,13,120,0.0,0.0,0.0,0.7110666666666667,10.8465,6.0,-12,19.82949361146026,,0.0,0.0,0.0,0.0,36.93308669331952,optimal
2021-02-13 00:00:00,13,120,0.0,0.0,0.0,0.055,26.9325,6.0,11,19.82949361146026,,0.0,0.0,0.0,0.0,36.89615360662621,optimal
2021-02-13 00:30:00,13,120,1.0340846551895662,0.0,0.0,0.055,14.595,6.0,11,19.792366899367284,,3619.296293163481,0.0,0.0,0.0,36.85925745301958,optimal
2021-02-13 01:00:00,13,120,1.1428571428571428,0.0,0.0,0.1998,12.4845,6.0,11,19.799504431150503,,4000.0,0.0,0.0,0.0,36.82239819556656,optimal
2021-02-13 01:30:00,13,120,1.1428571428571428,0.0,0.0,0.2004666666666666,12.1275,6.0,11,19.813128806996417,,4000.0,0.0,0.0,0.0,36.785575797371,optimal
2021-02-13 02:00:00,13,120,1.1428571428571428,0.0,0.0,0.0784,12.1275,6.0,11,19.826833421365983,,4000.0,0.0,0.0,0.0,36.74879022157362,optimal
2021-02-13 02:30:00,13,120,1.1428571428571428,0.0,0.0,0.2269333333333333,12.789,6.0,11,19.83912293558893,,4000.0,0.0,0.0,0.0,36.71204143135205,optimal
2021-02-13 03:00:00,13,120,1.1428571428571428,0.0,0.0,0.1499333333333333,11.907,6.0,11,19.853197569125083,,4000.0,0.0,0.0,0.0,36.6753293899207,optimal
2021-02-13 03:30:00,13,120,1.1428571428571428,0.0,0.0,0.1095999999999999,11.025,6.0,11,19.866306258386825,,4000.0,0.0,0.0,0.0,36.638654060530776,optimal
2021-02-13 04:00:00,13,120,1.1428571428571428,0.0,5.0,0.2906666666666667,8.2005,6.0,11,19.87879847619476,,4000.0,0.0,0.0,0.0,38.97701540647024,optimal
2021-02-13 04:30:00,13,120,1.1428571428571428,0.0,4.447966865571402,0.055,9.5655,6.0,11,19.893372615533288,,4000.0,0.0,0.0,0.0,41.05082265221018,optimal
2021-02-13 05:00:00,13,120,1.1428571428571428,0.0,5.0,0.2197333333333332,7.056,6.0,11,19.90484863221721,,4000.0,0.0,0.0,0.0,43.38477182955796,optimal
2021-02-13 05:30:00,13,120,1.1428571428571428,0.0,5.0,0.1948666666666667,9.3975,6.0,11,19.918057688544536,,4000.0,0.0,0.0,0.0,45.7163870577284,optimal
2021-02-13 06:00:00,13,120,1.1428571428571428,0.3096296296296296,0.0,0.064,10.059,6.0,11,19.930670333254607,,4000.0,0.0,0.0,278.66666666666663,45.670670670670674,optimal
2021-02-13 06:30:00,13,120,1.1428571428571428,3.4059259259259256,5.0,0.1894666666666666,9.261,6.0,11,19.944577230205848,,4000.0,0.0,0.0,3065.333333333333,48.0,optimal
2021-02-13 07:00:00,13,120,1.1428571428571428,1.2385185185185184,0.0,0.4744,8.1585,6.0,11,19.962377600982347,,4000.0,0.0,0.0,1114.6666666666663,47.68382794916185,optimal
2021-02-13 07:30:00,13,120,1.1428571428571428,0.774074074074074,0.0,0.0648666666666666,9.4815,6.0,11,19.983139086676367,,4000.0,0.0,0.0,696.6666666666666,47.36797207037454,optimal
2021-02-13 08:00:00,13,120,1.1428571428571428,0.3096296296296296,0.0,0.3073999999999999,8.379,6.0,11,20.0,,4000.0,0.0,0.0,278.66666666666663,47.05243204746602,optimal
2021-02-13 08:30:00,13,120,1.1428571428571428,0.0,0.0,0.1274,9.5235,6.0,11,20.01622958263683,,4000.0,0.0,0.0,0.0,46.73720756458041,optimal
2021-02-13 09:00:00,13,120,1.1428571428571428,0.0,0.0,0.065,8.1375,6.0,11,20.024357043957338,,4000.0,0.0,0.0,0.0,46.42229830617768,optimal
2021-02-13 09:30:00,13,120,1.1428571428571428,0.0,0.0,0.1898,10.0905,6.0,11,20.03355229549389,,4000.0,0.0,0.0,0.0,46.10770395703336,optimal
2021-02-13 10:00:00,13,120,1.1428571428571428,0.0,0.0,0.2304666666666666,7.539,6.0,11,20.044745314016627,,4000.0,0.0,0.0,0.0,45.79342420223818,optimal
2021-02-13 10:30:00,13,120,1.1428571428571428,0.0,0.0,0.065,7.938,6.0,11,20.059880081412818,,4000.0,0.0,0.0,0.0,45.4794587271978,optimal
2021-02-13 11:00:00,13,120,1.1428571428571428,0.0,0.0,0.183,8.274,6.0,11,20.073068199597948,,4000.0,0.0,0.0,0.0,45.16580721763245,optimal
2021-02-13 11:30:00,13,120,1.1428571428571428,0.0,0.0,0.2372666666666666,9.261,6.0,11,20.09125672314084,,4000.0,0.0,0.0,0.0,44.852469359576666,optimal
2021-02-13 12:00:00,13,120,1.1428571428571428,0.0,0.0,0.065,9.9225,6.0,11,20.11016941009477,,4000.0,0.0,0.0,0.0,44.53944483937895,optimal
2021-02-13 12:30:00,13,120,1.1428571428571428,0.0,0.0,0.1836666666666666,9.702,6.0,11,20.12846693189831,,4000.0,0.0,0.0,0.0,44.22673334370142,optimal
2021-02-13 13:00:00,13,120,1.1428571428571428,0.0774074074074074,0.0,0.2099333333333333,10.584,6.0,11,20.14837207206404,,4000.0,0.0,0.0,69.66666666666666,43.91433455951957,optimal
2021-02-13 13:30:00,13,120,1.1428571428571428,0.0,0.0,0.1436,10.143,6.0,11,20.169999208762988,,4000.0,0.0,0.0,0.0,43.60224817412191,optimal
2021-02-13 14:00:00,13,120,0.0,0.0,0.0,0.1568,13.0095,6.0,11,20.19216749879233,,0.0,0.0,0.0,0.0,43.29047387510964,optimal
2021-02-13 14:30:00,13,120,1.1428571428571428,0.0,0.0,0.246,11.025,6.0,11,20.16442000149154,,4000.0,0.0,0.0,0.0,42.979011350396384,optimal
2021-02-13 15:00:00,13,120,0.0,0.0,0.0,0.1085,12.789,6.0,11,20.187910096284305,,0.0,0.0,0.0,0.0,42.66786028820784,optimal
2021-02-13 15:30:00,13,120,0.1548634465777068,0.0,0.0,0.3508666666666666,12.1275,6.0,11,20.159415042251247,,542.022063021974,0.0,0.0,0.0,42.35702037708149,optimal
2021-02-13 16:00:00,13,120,0.0,0.5062444444444444,0.0,0.4067,12.1695,6.0,11,20.14058487416886,,0.0,0.0,0.0,455.62,42.04649130586626,optimal
2021-02-13 16:30:00,13,120,0.0,0.3452370370370369,0.0,0.4427,12.306,6.0,11,20.11791819998338,,0.0,0.0,0.0,310.71333333333325,41.73627276372225,optimal
2021-02-13 17:00:00,13,120,0.0,0.1548148148148148,0.0,0.6075333333333333,13.23,6.0,11,20.09393407185316,,0.0,0.0,0.0,139.33333333333331,41.42636444012038,optimal
2021-02-13 17:30:00,13,120,0.0,0.4644444444444444,0.0,0.4165333333333333,13.671,6.0,11,20.07147027885795,,0.0,0.0,0.0,418.0,41.116766024842114,optimal
2021-02-13 18:00:00,13,120,0.0,0.774074074074074,0.0,0.4846666666666667,13.9335,6.0,11,20.04814862601966,,0.0,0.0,0.0,696.6666666666666,40.807477207979126,optimal
2021-02-13 18:30:00,13,120,0.0,0.0774074074074074,0.0,0.4968,13.293,6.0,11,20.02354925634713,,0.0,0.0,0.0,69.66666666666666,40.498497679933,optimal
2021-02-13 19:00:00,13,120,0.6803340583740628,0.1548148148148148,0.0,0.468,12.1065,6.0,11,20.0,,2381.16920430922,0.0,0.0,139.33333333333331,40.18982713141492,optimal
2021-02-13 19:30:00,13,120,0.6809076017063963,0.3096296296296296,0.0,0.5038666666666667,11.571,6.0,11,20.0,,2383.176605972388,0.0,0.0,278.66666666666663,39.88146525344536,optimal
2021-02-13 20:00:00,13,120,0.6373382878958965,0.4644444444444444,0.0,0.6345,11.025,6.0,11,20.0,,2230.684007635638,0.0,0.0,418.0,39.84158378819192,optimal
2021-02-13 20:30:00,13,120,0.0,0.0,0.0,0.3671,10.8465,6.0,11,20.0,,0.0,0.0,0.0,0.0,39.80174220440373,optimal
2021-02-13 21:00:00,13,120,0.0,0.1548148148148148,0.0,0.9724333333333331,11.2455,6.0,11,19.969851737878216,,0.0,0.0,0.0,139.33333333333331,39.76194046219933,optimal
2021-02-13 21:30:00,13,120,0.0,0.0,0.0,0.9406,23.8665,6.0,11,19.94886629952044,,0.0,0.0,0.0,0.0,39.72217852173713,optimal
2021-02-13 22:00:00,13,120,0.0,0.0,0.0,0.5303,27.4575,6.0,11,19.925758430792904,,0.0,0.0,0.0,0.0,39.68245634321539,optimal
2021-02-13 22:30:00,13,120,0.0,0.1548148148148148,0.0,0.2606,27.3735,6.0,11,19.898620117738325,,0.0,0.0,0.0,139.33333333333331,39.64277388687218,optimal
2021-02-13 23:00:00,13,120,0.0,4.721851851851852,0.0,0.3393333333333333,30.4605,6.0,11,19.868381644518013,,0.0,0.0,0.0,4249.666666666667,39.6031311129853,optimal
2021-02-13 23:30:00,13,120,0.0,0.0,0.0,0.2132,30.0195,6.0,11,19.83870710898809,,0.0,0.0,0.0,0.0,39.56352798187232,optimal
2021-02-07 00:00:00,14,120,0.0,0.0,0.0,0.0781333333333333,13.146,6.0,5,21.0,,0.0,0.0,0.0,0.0,47.952,optimal
2021-02-07 00:30:00,14,120,0.0,0.0,0.0,0.2266,10.584,6.0,5,20.96740132574776,,0.0,0.0,0.0,0.0,47.904048,optimal
2021-02-07 01:00:00,14,120,0.0,0.0,0.0,0.058,6.678,6.0,5,20.936477696021765,,0.0,0.0,0.0,0.0,47.856143952,optimal
2021-02-07 01:30:00,14,120,0.0,0.0,0.0,0.2417,7.938,6.0,5,20.90336317498097,,0.0,0.0,0.0,0.0,47.80828780804799,optimal
2021-02-07 02:00:00,14,120,0.0,0.0,0.0,0.0630333333333333,5.292,6.0,5,20.87245307386796,,0.0,0.0,0.0,0.0,47.76047952023995,optimal
2021-02-07 02:30:00,14,120,0.0,0.0,0.0,0.1033,9.261,6.0,5,20.83932854717338,,0.0,0.0,0.0,0.0,47.712719040719705,optimal
2021-02-07 03:00:00,14,120,0.0,0.0,0.0,0.2014333333333333,10.3635,6.0,5,20.80656197800313,,0.0,0.0,0.0,0.0,47.66500632167899,optimal
2021-02-07 03:30:00,14,120,0.0,0.0,0.0,0.058,8.274,6.0,5,20.7748576082788,,0.0,0.0,0.0,0.0,47.61734131535731,optimal
2021-02-07 04:00:00,14,120,0.0,0.0,0.0,0.1435666666666666,7.7175,6.0,5,20.741369612220144,,0.0,0.0,0.0,0.0,47.56972397404195,optimal
2021-02-07 04:30:00,14,120,0.0,0.0,0.0,0.1611666666666666,6.615,6.0,5,20.708891282578044,,0.0,0.0,0.0,0.0,47.52215425006791,optimal
2021-02-07 05:00:00,14,120,0.0,0.0,0.0,0.058,6.174,6.0,5,20.67669175250693,,0.0,0.0,0.0,0.0,47.47463209581784,optimal
2021-02-07 05:30:00,14,120,0.0,0.0,0.0,0.2467333333333333,3.906,6.0,5,20.64329924828511,,0.0,0.0,0.0,0.0,47.42715746372202,optimal
2021-02-07 06:00:00,14,120,0.0,0.0,0.0,0.058,2.3415,6.0,5,20.61227216104752,,0.0,0.0,0.0,0.0,47.379730306258296,optimal
2021-02-07 06:30:00,14,120,0.0,0.0,0.0,0.0926666666666666,2.205,6.0,5,20.57900737271527,,0.0,0.0,0.0,0.0,47.332350575952034,optimal
2021-02-07 07:00:00,14,120,1.1428571428571428,0.0,1.6063785740462473,0.2120666666666666,0.882,6.0,5,20.54613172700585,,4000.0,0.0,0.0,0.0,48.048048048048045,optimal
2021-02-07 07:30:00,14,120,0.4773709347329906,5.017548148148148,0.0,0.1046666666666666,1.5435,6.0,5,20.563406075887187,,1670.798271565467,0.0,0.0,4515.793333333333,48.0,optimal
2021-02-07 08:00:00,14,120,1.1428571428571428,1.6394888888888892,0.0,0.1268333333333333,1.5435,6.0,5,20.552988853219368,,4000.0,0.0,0.0,1475.5400000000004,47.84987268884437,optimal
2021-02-07 08:30:00,14,120,0.0,0.0,0.0,0.1824333333333333,5.0715,6.0,5,20.577064951866927,,0.0,0.0,0.0,0.0,47.6998955049999,optimal
2021-02-07 09:00:00,14,120,0.0,0.1548148148148148,0.0,0.3517,5.376,6.0,5,20.549320344715827,,0.0,0.0,0.0,139.33333333333331,47.55006829833928,optimal
2021-02-07 09:30:00,14,120,0.0,0.0,0.0,0.1736,5.0715,6.0,5,20.52312013027602,,0.0,0.0,0.0,0.0,47.40039091888531,optimal
2021-02-07 10:00:00,14,120,0.0,0.2322222222222222,0.0,0.1771333333333333,5.5125,6.0,5,20.491834204275133,,0.0,0.0,0.0,209.0,47.25086321681079,optimal
2021-02-07 10:30:00,14,120,0.0,0.774074074074074,0.0,2.498133333333333,9.261,6.0,5,20.46268576492083,,0.0,0.0,0.0,696.6666666666666,47.10148504243836,optimal
2021-02-07 11:00:00,14,120,0.0,0.1548148148148148,0.0,0.6747000000000001,11.7075,6.0,5,20.44426212738887,,0.0,0.0,0.0,139.33333333333331,46.95225624624029,optimal
2021-02-07 11:30:00,14,120,0.0,0.0,0.0,0.3016,12.348,6.0,5,20.41970650227666,,0.0,0.0,0.0,0.0,46.80317667883842,optimal
2021-02-07 12:00:00,14,120,0.0,0.0,0.0,0.3768666666666667,12.348,6.0,5,20.39273458490577,,0.0,0.0,0.0,0.0,46.65424619100396,optimal
2021-02-07 12:30:00,14,120,0.0,0.0,0.0,0.4973666666666667,12.1275,6.0,5,20.36895510445868,,0.0,0.0,0.0,0.0,46.505464633657326,optimal
2021-02-07 13:00:00,14,120,0.0,0.0,0.0,1.4028333333333332,12.5265,6.0,5,20.34677942814424,,0.0,0.0,0.0,0.0,46.356831857868045,optimal
2021-02-07 13:30:00,14,120,0.0,0.0,0.0,1.4150666666666667,11.7495,6.0,5,20.32430400277044,,0.0,0.0,0.0,0.0,46.20834771485455,optimal
2021-02-07 14:00:00,14,120,0.0,0.0,0.0,0.5721666666666666,13.23,6.0,5,20.30047424234423,,0.0,0.0,0.0,0.0,46.06001205598407,optimal
2021-02-07 14:30:00,14,120,0.0,0.1548148148148148,0.0,0.282,14.3325,6.0,5,20.277774977947207,,0.0,0.0,0.0,139.33333333333331,45.91182473277246,optimal
2021-02-07 15:00:00,14,120,0.0,0.0,0.0,0.3522333333333333,14.994,6.0,5,20.2532012301387,,0.0,0.0,0.0,0.0,45.76378559688406,optimal
2021-02-07 15:30:00,14,120,0.0,0.0,0.0,0.4402333333333333,14.8155,6.0,5,20.23395032674641,,0.0,0.0,0.0,0.0,45.61589450013155,optimal
2021-02-07 16:00:00,14,120,0.0,0.387037037037037,0.0,1.7658333333333334,14.112,6.0,5,20.21460791530949,,0.0,0.0,0.0,348.3333333333333,45.4681512944758,optimal
2021-02-07 16:30:00,14,120,0.0,0.0,0.0,0.6151,14.007,6.0,5,20.198944906728627,,0.0,0.0,0.0,0.0,45.32055583202569,optimal
2021-02-07 17:00:00,14,120,0.0,0.1548148148148148,0.0,1.482,13.23,6.0,5,20.18549867093829,,0.0,0.0,0.0,139.33333333333331,45.17310796503804,optimal
2021-02-07 17:30:00,14,120,0.0,0.0,0.0,1.5673333333333332,11.382,6.0,5,20.164309450458447,,0.0,0.0,0.0,0.0,45.02580754591737,optimal
2021-02-07 18:00:00,14,120,0.0,0.0,0.0,1.5804333333333334,11.7495,6.0,5,20.138944558236872,,0.0,0.0,0.0,0.0,44.87865442721582,optimal
2021-02-07 18:30:00,14,120,0.0,0.2322222222222222,0.0,0.1586999999999999,24.3285,6.0,5,20.114797401667385,,0.0,0.0,0.0,209.0,44.73164846163298,optimal
2021-02-07 19:00:00,14,120,0.0,0.3096296296296296,0.0,0.1776333333333333,28.917,6.0,5,20.08482631460972,,0.0,0.0,0.0,278.66666666666663,44.58478950201572,optimal
2021-02-07 19:30:00,14,120,0.0,5.960370370370371,0.0,0.1155666666666666,31.3635,6.0,5,20.05433481266323,,0.0,0.0,0.0,5364.333333333334,44.43807740135807,optimal
2021-02-07 20:00:00,14,120,0.0,0.2322222222222222,0.0,0.4206,33.306,6.0,5,20.02525518997836,,0.0,0.0,0.0,209.0,44.291512012801086,optimal
2021-02-07 20:30:00,14,120,0.0,0.0,0.0,0.2497333333333332,31.3425,6.0,5,20.0,,0.0,0.0,0.0,0.0,44.24722050078829,optimal
2021-02-07 21:00:00,14,120,0.0,0.2322222222222222,0.0,0.4694666666666666,28.2555,6.0,5,19.972669377038308,,0.0,0.0,0.0,209.0,44.2029732802875,optimal
2021-02-07 21:30:00,14,120,0.0,0.0774074074074074,0.0,0.5035333333333334,15.6975,6.0,5,19.947471156340026,,0.0,0.0,0.0,69.66666666666666,44.15877030700722,optimal
2021-02-07 22:00:00,14,120,0.0,0.6192592592592592,0.0,0.4705333333333333,12.5475,6.0,5,19.92295271984324,,0.0,0.0,0.0,557.3333333333333,44.11461153670021,optimal
2021-02-07 22:30:00,14,120,0.0,0.2322222222222222,0.0,0.3318333333333333,12.0855,6.0,5,19.90382972313149,,0.0,0.0,0.0,209.0,44.07049692516351,optimal
2021-02-07 23:00:00,14,120,0.0,1.006296296296296,0.0,0.6852333333333334,11.907,6.0,5,19.88073177510304,,0.0,0.0,0.0,905.6666666666664,44.026426428238345,optimal
2021-02-07 23:30:00,14,120,0.0,2.39962962962963,0.0,0.1687333333333333,12.5685,6.0,5,19.859976397985378,,0.0,0.0,0.0,2159.6666666666665,43.982400001810106,optimal
2021-02-08 00:00:00,14,120,0.0,0.0,0.0,0.0633333333333333,29.1375,6.0,15,19.859976397985378,,0.0,0.0,0.0,0.0,43.9384176018083,optimal
2021-02-08 00:30:00,14,120,0.0,0.0,0.0,0.1166666666666666,30.597,6.0,15,19.826483749215736,,0.0,0.0,0.0,0.0,43.89447918420649,optimal
2021-02-08 01:00:00,14,120,0.0,0.0,0.0,0.1606999999999999,33.684,6.0,15,19.79370722669991,,0.0,0.0,0.0,0.0,43.850584705022285,optimal
2021-02-08 01:30:00,14,120,0.0,0.0,0.0,0.0719666666666666,32.445,6.0,15,19.76153211488056,,0.0,0.0,0.0,0.0,43.80673412031727,optimal
2021-02-08 02:00:00,14,120,0.0,0.0,0.0,0.1716333333333333,28.917,6.0,15,19.72824068417733,,0.0,0.0,0.0,0.0,43.76292738619695,optimal
2021-02-08 02:30:00,14,120,1.1428571428571428,0.0,0.0,0.1077,15.876,6.0,15,19.69613030122701,,4000.0,0.0,0.0,0.0,43.71916445881075,optimal
2021-02-08 03:00:00,14,120,1.1428571428571428,0.0,0.0,0.12,12.348,6.0,15,19.71213322238,,4000.0,0.0,0.0,0.0,43.67544529435194,optimal
2021-02-08 03:30:00,14,120,1.1428571428571428,0.0,0.0,0.1382,12.1275,6.0,15,19.72835338770061,,4000.0,0.0,0.0,0.0,43.631769849057584,optimal
2021-02-08 04:00:00,14,120,1.1428571428571428,0.0,0.0,0.1184666666666666,12.348,6.0,15,19.74461525665465,,4000.0,0.0,0.0,0.0,43.58813807920853,optimal
2021-02-08 04:30:00,14,120,1.1428571428571428,0.0,0.0,0.1043333333333333,12.1275,6.0,15,19.76043226498907,,4000.0,0.0,0.0,0.0,43.54454994112932,optimal
2021-02-08 05:00:00,14,120,1.1428571428571428,0.0,0.0,0.166,12.1275,6.0,15,19.77595712279548,,4000.0,0.0,0.0,0.0,43.50100539118819,optimal
2021-02-08 05:30:00,14,120,1.1428571428571428,0.0,0.0,0.1203333333333333,11.2665,6.0,15,19.79201637215162,,4000.0,0.0,0.0,0.0,43.457504385797,optimal
2021-02-08 06:00:00,14,120,1.1428571428571428,0.0,4.943373316892923,0.1661,10.143,6.0,15,19.80738426710478,,4000.0,0.0,0.0,0.0,45.76214920693534,optimal
2021-02-08 06:30:00,14,120,1.1428571428571428,0.0,0.0,0.1259,11.2455,6.0,15,19.82311107806058,,4000.0,0.0,0.0,0.0,45.7163870577284,optimal
2021-02-08 07:00:00,14,120,1.1428571428571428,0.0,0.0,0.1297333333333333,11.025,6.0,15,19.838290945343537,,4000.0,0.0,0.0,0.0,45.670670670670674,optimal
2021-02-08 07:30:00,14,120,1.1428571428571428,11.729961422599809,5.0,0.1734333333333333,5.9745,6.0,15,19.85333955905177,,4000.0,10487.298613673162,0.0,69.66666666666666,48.0,optimal
2021-02-08 08:00:00,14,120,1.1428571428571428,0.0774074074074074,0.0,0.074,7.938,6.0,15,20.0,,4000.0,0.0,0.0,69.66666666666666,47.787152946087865,optimal
2021-02-08 08:30:00,14,120,1.1428571428571428,0.3096296296296296,0.0,0.3487,8.6835,6.0,15,20.018650737906203,,4000.0,0.0,0.0,278.66666666666663,47.574518739229646,optimal
2021-02-08 09:00:00,14,120,1.1428571428571428,0.0,0.0,0.2185333333333333,7.665,6.0,15,20.038934608639256,,4000.0,0.0,0.0,0.0,47.36209716657828,optimal
2021-02-08 09:30:00,14,120,1.1428571428571428,0.0,0.0,0.3482,6.7725,6.0,15,20.058497907212395,,4000.0,0.0,0.0,0.0,47.14988801549957,optimal
2021-02-08 10:00:00,14,120,1.1428571428571428,0.0,0.0,0.1848,5.5755,6.0,15,20.075866686897225,,4000.0,0.0,0.0,0.0,46.93789107357194,optimal
2021-02-08 10:30:00,14,120,1.1428571428571428,0.0,0.0,0.0706,5.0925,6.0,15,20.092889494500582,,4000.0,0.0,0.0,0.0,46.72610612858624,optimal
2021-02-08 11:00:00,14,120,1.1428571428571428,0.0,0.0,0.1620666666666666,4.1895,6.0,15,20.108189945291777,,4000.0,0.0,0.0,0.0,46.51453296854552,optimal
2021-02-08 11:30:00,14,120,1.1428571428571428,0.0,0.0,0.1133333333333333,7.056,6.0,15,20.127282153558856,,4000.0,0.0,0.0,0.0,46.30317138166484,optimal
2021-02-08 12:00:00,14,120,1.1428571428571428,0.0,0.0,0.166,5.271,6.0,15,20.145941080415632,,4000.0,0.0,0.0,0.0,46.09202115637104,optimal
2021-02-08 12:30:00,14,120,1.1428571428571428,0.0,0.0,0.06,7.938,6.0,15,20.16633997912712,,4000.0,0.0,0.0,0.0,45.88108208130254,optimal
2021-02-08 13:00:00,14,120,1.1428571428571428,0.0774074074074074,0.0,0.497,7.938,6.0,15,20.18580361992954,,4000.0,0.0,0.0,69.66666666666666,45.6703539453091,optimal
2021-02-08 13:30:00,14,120,1.1428571428571428,0.0,0.0,0.166,11.907,6.0,15,20.20792855907729,,4000.0,0.0,0.0,0.0,45.45983653745166,optimal
2021-02-08 14:00:00,14,120,1.1428571428571428,0.0,0.0,0.0906666666666666,11.025,6.0,15,20.22887270561056,,4000.0,0.0,0.0,0.0,45.24952964700207,optimal
2021-02-08 14:30:00,14,120,1.1428571428571428,0.0,0.0,0.0993333333333333,11.2875,6.0,15,20.249071747353835,,4000.0,0.0,0.0,0.0,45.039433063442935,optimal
2021-02-08 15:00:00,14,120,0.0,0.0,0.0,0.1276,12.936,6.0,15,20.269014574419447,,0.0,0.0,0.0,0.0,44.82954657646736,optimal
2021-02-08 15:30:00,14,120,0.0,0.5418518518518518,0.0,1.8895666666666664,13.0095,6.0,15,20.238224046075604,,0.0,0.0,0.0,487.6666666666667,44.61986997597876,optimal
2021-02-08 16:00:00,14,120,0.0,0.0,0.0,1.4646666666666668,13.671,6.0,15,20.22234772591805,,0.0,0.0,0.0,0.0,44.41040305209064,optimal
2021-02-08 16:30:00,14,120,0.0,0.5418518518518518,0.0,0.3898666666666667,13.188,6.0,15,20.20542552905617,,0.0,0.0,0.0,487.6666666666667,44.20114559512642,optimal
2021-02-08 17:00:00,14,120,0.0,0.3096296296296296,0.0,0.3473333333333333,13.8495,6.0,15,20.179839852643006,,0.0,0.0,0.0,278.66666666666663,43.99209739561916,optimal
2021-02-08 17:30:00,14,120,0.0,0.0,0.0,0.3891333333333333,13.23,6.0,15,20.151679366952376,,0.0,0.0,0.0,0.0,43.78325824431141,optimal
2021-02-08 18:00:00,14,120,0.0,0.387037037037037,0.0,0.4369666666666665,13.3665,6.0,15,20.12459297474961,,0.0,0.0,0.0,348.3333333333333,43.57462793215497,optimal
2021-02-08 18:30:00,14,120,0.0369803349249809,0.4644444444444444,0.0,0.6343666666666666,13.0515,6.0,15,20.10023779453629,,129.43117223743323,0.0,0.0,418.0,43.36620625031068,optimal
2021-02-08 19:00:00,14,120,0.0,0.0,0.0,0.5776,13.5345,6.0,15,20.079291215097147,,0.0,0.0,0.0,0.0,43.15799299014824,optimal
2021-02-08 19:30:00,14,120,0.0,0.4644444444444444,0.0,0.4338999999999999,14.154,6.0,15,20.053337871946173,,0.0,0.0,0.0,418.0,42.94998794324596,optimal
2021-02-08 20:00:00,14,120,0.0,0.5418518518518518,0.0,0.5656666666666667,14.112,6.0,15,20.02585660991441,,0.0,0.0,0.0,487.6666666666667,42.74219090139058,optimal
2021-02-08 20:30:00,14,120,0.0,0.0,0.0,0.4881999999999999,14.2485,6.0,15,20.0,,0.0,0.0,0.0,0.0,42.53460165657705,optimal
2021-02-08 21:00:00,14,120,0.0,0.0,0.0,0.3987333333333333,12.789,6.0,15,19.973783286363105,,0.0,0.0,0.0,0.0,42.32722000100834,optimal
2021-02-08 21:30:00,14,120,0.0,0.0,0.0,0.2701333333333333,13.0095,6.0,15,19.947138799378653,,0.0,0.0,0.0,0.0,42.1200457270952,optimal
2021-02-08 22:00:00,14,120,0.0,0.1548148148148148,0.0,0.2432333333333333,12.1275,6.0,15,19.918100245342263,,0.0,0.0,0.0,139.33333333333331,42.07792568136811,optimal
2021-02-08 22:30:00,14,120,0.0,0.3096296296296296,0.0,0.4571,12.348,6.0,15,19.89043712077838,,0.0,0.0,0.0,278.66666666666663,42.03584775568674,optimal
2021-02-08 23:00:00,14,120,0.0,0.0,0.0,0.2067,12.348,6.0,15,19.8665614649786,,0.0,0.0,0.0,0.0,41.993811907931054,optimal
2021-02-08 23:30:00,14,120,0.0,0.0,0.0,0.1746666666666666,25.389,6.0,15,19.83492096844753,,0.0,0.0,0.0,0.0,41.951818096023125,optimal
2021-02-09 00:00:00,14,120,0.0,0.0,0.0,0.062,14.553,6.0,8,19.83492096844753,,0.0,0.0,0.0,0.0,41.9098662779271,optimal
2021-02-09 00:30:00,14,120,0.1705024078301173,0.0,0.0,0.1192,14.3325,6.0,8,19.79964455161572,,596.7584274054108,0.0,0.0,0.0,41.867956411649175,optimal
2021-02-09 01:00:00,14,120,1.1428571428571428,0.0,0.0,0.1088,13.335,6.0,8,19.772503946661345,,4000.0,0.0,0.0,0.0,41.82608845523752,optimal
2021-02-09 01:30:00,14,120,1.1428571428571428,0.0,0.0,0.062,12.1275,6.0,8,19.78684903836612,,4000.0,0.0,0.0,0.0,41.784262366782286,optimal
2021-02-09 02:00:00,14,120,1.1428571428571428,0.0,0.0,0.166,12.2955,6.0,8,19.80039730007556,,4000.0,0.0,0.0,0.0,41.742478104415504,optimal
2021-02-09 02:30:00,14,120,1.1428571428571428,0.0,0.0,0.062,11.6865,6.0,8,19.814987408914224,,4000.0,0.0,0.0,0.0,41.700735626311086,optimal
2021-02-09 03:00:00,14,120,1.1428571428571428,0.0,3.536789030876324,0.166,11.466,6.0,8,19.828380756392168,,4000.0,0.0,0.0,0.0,43.33900968035103,optimal
2021-02-09 03:30:00,14,120,1.1428571428571428,0.0,5.0,0.062,10.8045,6.0,8,19.843113642555743,,4000.0,0.0,0.0,0.0,45.670670670670674,optimal
2021-02-09 04:00:00,14,120,1.1428571428571428,0.0774074074074074,5.0,0.0613333333333333,10.584,6.0,8,19.856748612436643,,4000.0,0.0,0.0,69.66666666666666,48.0,optimal
2021-02-09 04:30:00,14,120,1.1428571428571428,0.5418518518518518,0.0,0.29,11.2455,6.0,8,19.87089997281028,,4000.0,0.0,0.0,487.6666666666667,47.686955632287,optimal
2021-02-09 05:00:00,14,120,1.1428571428571428,0.6966666666666667,0.0,0.1897333333333332,12.1275,6.0,8,19.888958896072143,,4000.0,0.0,0.0,627.0,47.374224308941706,optimal
2021-02-09 05:30:00,14,120,1.1428571428571428,1.7029629629629628,0.0,0.2727,11.823,6.0,8,19.90494300803532,,4000.0,0.0,0.0,1532.6666666666663,47.06180571691976,optimal
2021-02-09 06:00:00,14,120,1.1428571428571428,0.3096296296296296,0.0,0.2916,11.7705,6.0,8,19.921388409314424,,4000.0,0.0,0.0,278.66666666666663,46.74969954348984,optimal
2021-02-09 06:30:00,14,120,1.1428571428571428,4.721851851851852,0.0,0.3123999999999999,11.13,6.0,8,19.938705542497456,,4000.0,0.0,0.0,4249.666666666667,46.43790547623335,optimal
2021-02-09 07:00:00,14,120,1.1428571428571428,0.0774074074074074,0.0,0.6557666666666666,11.6865,6.0,8,19.957040040589387,,4000.0,0.0,0.0,69.66666666666666,46.12642320304411,optimal
2021-02-09 07:30:00,14,120,1.1428571428571428,0.8514814814814814,0.0,0.2874,10.7205,6.0,8,19.98094860065244,,4000.0,0.0,0.0,766.3333333333333,45.81525241212807,optimal
2021-02-09 08:00:00,14,120,1.1428571428571428,1.433585185185185,0.0,0.225,11.424,6.0,8,20.0,,4000.0,0.0,0.0,1290.2266666666667,45.50439279200294,optimal
2021-02-09 08:30:00,14,120,1.1428571428571428,0.6564148148148147,0.0,0.329,10.689,6.0,8,20.018215828882703,,4000.0,0.0,0.0,590.7733333333332,45.19384403149793,optimal
2021-02-09 09:00:00,14,120,1.1428571428571428,0.2322222222222222,0.0,0.225,11.361,6.0,8,20.037511581633805,,4000.0,0.0,0.0,209.0,44.88360581975344,optimal
2021-02-09 09:30:00,14,120,1.1428571428571428,0.0,0.0,0.225,11.571,6.0,8,20.05764794199832,,4000.0,0.0,0.0,0.0,44.57367784622068,optimal
2021-02-09 10:00:00,14,120,1.1428571428571428,0.2322222222222222,0.0,0.2616666666666666,14.3745,6.0,8,20.076877268433485,,4000.0,0.0,0.0,209.0,44.26405980066145,optimal
2021-02-09 10:30:00,14,120,1.1428571428571428,0.0,0.0,0.0973333333333333,13.23,6.0,8,20.09930771772612,,4000.0,0.0,0.0,0.0,43.954751373147786,optimal
2021-02-09 11:00:00,14,120,1.1428571428571428,0.0,0.0,0.1344,13.9755,6.0,8,20.11678443834554,,4000.0,0.0,0.0,0.0,43.645752254061634,optimal
2021-02-09 11:30:00,14,120,0.0,0.0,0.0,0.1135999999999999,14.994,6.0,8,20.13682026881163,,0.0,0.0,0.0,0.0,43.337062134094566,optimal
2021-02-09 12:00:00,14,120,1.1428571428571428,0.0,0.0,0.072,13.671,6.0,8,20.10793273947024,,4000.0,0.0,0.0,0.0,43.02868070424747,optimal
2021-02-09 12:30:00,14,120,0.0,0.0,0.0,0.1604,15.981,6.0,8,20.12929840636219,,0.0,0.0,0.0,0.0,42.72060765583022,optimal
2021-02-09 13:00:00,14,120,0.0,0.0,0.0,0.0876,15.6345,6.0,8,20.10287013255688,,0.0,0.0,0.0,0.0,42.41284268046139,optimal
2021-02-09 13:30:00,14,120,0.0,0.0,0.0,0.072,16.5375,6.0,8,20.075960647085683,,0.0,0.0,0.0,0.0,42.10538547006792,optimal
2021-02-09 14:00:00,14,120,0.1279385446412492,0.0,0.0,0.176,14.7735,6.0,8,20.048815338663555,,447.78490624437217,0.0,0.0,0.0,41.79823571688485,optimal
2021-02-09 14:30:00,14,120,0.0,0.0,0.0,0.072,15.2145,6.0,8,20.02779741528452,,0.0,0.0,0.0,0.0,41.49139311345497,optimal
2021-02-09 15:00:00,14,120,0.6649003931318155,0.2322222222222222,0.0,0.2311333333333333,14.553,6.0,8,20.0,,2327.151375961354,0.0,0.0,209.0,41.18485735262851,optimal
2021-02-09 15:30:00,14,120,1.1428571428571428,0.1548148148148148,0.0,2.4911666666666665,14.3325,6.0,8,20.0,,4000.0,0.0,0.0,139.33333333333331,40.87862812756288,optimal
2021-02-09 16:00:00,14,120,0.4967263131892258,0.0,0.0,2.467966666666667,14.595,6.0,8,20.029265910632468,,1738.5420961622904,0.0,0.0,0.0,40.57270513172232,optimal
2021-02-09 16:30:00,14,120,0.0,0.1548148148148148,0.0,0.1033333333333333,14.994,6.0,8,20.029577483680946,,0.0,0.0,0.0,139.33333333333331,40.26708805887759,optimal
2021-02-09 17:00:00,14,120,0.7481932539121157,0.3096296296296296,0.0,0.1477,14.3325,6.0,8,20.0,,2618.676388692405,0.0,0.0,278.66666666666663,39.96177660310571,optimal
2021-02-09 17:30:00,14,120,0.66027155914923,0.8514814814814814,0.0,0.4173666666666666,13.8915,6.0,8,20.0,,2310.950457022305,0.0,0.0,766.3333333333333,39.6567704587896,optimal
2021-02-09 18:00:00,14,120,0.7020938631456751,0.387037037037037,0.0,0.2141333333333333,13.8915,6.0,8,20.0,,2457.328521009863,0.0,0.0,348.3333333333333,39.35206932061781,optimal
2021-02-09 18:30:00,14,120,0.9201665651584724,0.0,0.0,0.3681999999999999,13.4715,6.0,8,20.0,,3220.5829780546537,0.0,0.0,0.0,39.04767288358418,optimal
2021-02-09 19:00:00,14,120,1.1428571428571428,0.4644444444444444,0.0,0.7640666666666667,13.23,6.0,8,20.01267440623897,,4000.0,0.0,0.0,418.0,38.7435808429876,optimal
2021-02-09 19:30:00,14,120,0.0,0.0,0.0,2.0879000000000003,13.8915,6.0,8,20.03716679905432,,0.0,0.0,0.0,0.0,38.439792894431605,optimal
2021-02-09 20:00:00,14,120,0.0,0.0,0.0,1.070733333333333,26.9325,6.0,8,20.01853833536097,,0.0,0.0,0.0,0.0,38.13630873382417,optimal
2021-02-09 20:30:00,14,120,0.0,0.1548148148148148,0.0,1.1264666666666667,30.303,6.0,8,20.0,,0.0,0.0,0.0,139.33333333333331,37.833128057377344,optimal
2021-02-09 21:00:00,14,120,0.0,0.1548148148148148,0.0,0.8929333333333332,32.886,6.0,8,19.98167253539281,,0.0,0.0,0.0,139.33333333333331,37.53025056160696,optimal
2021-02-09 21:30:00,14,120,0.0,1.7803703703703702,0.0,1.5315666666666663,34.9965,6.0,8,19.95788228744852,,0.0,0.0,0.0,1602.3333333333333,37.22767594333235,optimal
2021-02-09 22:00:00,14,120,0.0,0.0,0.0,2.340266666666667,33.327,6.0,8,19.92952800791469,,0.0,0.0,0.0,0.0,37.190448267389016,optimal
2021-02-09 22:30:00,14,120,0.0,0.5418518518518518,0.0,0.6607999999999999,31.122,6.0,8,19.913506721611803,,0.0,0.0,0.0,487.6666666666667,37.15325781912163,optimal
2021-02-09 23:00:00,14,120,0.0,0.0,0.0,0.4707333333333333,17.9025,6.0,8,19.8876018720152,,0.0,0.0,0.0,0.0,37.11610456130251,optimal
2021-02-09 23:30:00,14,120,0.0,0.0,0.0,0.5061,15.6555,6.0,8,19.859438734435447,,0.0,0.0,0.0,0.0,37.07898845674121,optimal
2021-02-10 00:00:00,14,120,1.1428571428571428,0.0,0.0,0.06,11.508,6.0,-1,19.859438734435447,,4000.0,0.0,0.0,0.0,37.04190946828447,optimal
2021-02-10 00:30:00,14,120,1.1428571428571428,0.0,0.0,0.1344333333333333,11.508,6.0,-1,19.871397670185008,,4000.0,0.0,0.0,0.0,37.00486755881618,optimal
2021-02-10 01:00:00,14,120,1.1428571428571428,0.0,0.0,0.2644333333333333,11.508,6.0,-1,19.88404141272094,,4000.0,0.0,0.0,0.0,36.967862691257366,optimal
2021-02-10 01:30:00,14,120,1.1428571428571428,0.0,0.0,0.1590666666666666,11.844,6.0,-1,19.898045536576188,,4000.0,0.0,0.0,0.0,36.93089482856611,optimal
2021-02-10 02:00:00,14,120,1.1428571428571428,0.0,0.0,0.2499333333333333,11.508,6.0,-1,19.91054002719116,,4000.0,0.0,0.0,0.0,36.893963933737545,optimal
2021-02-10 02:30:00,14,120,1.1428571428571428,0.0,0.0,0.1064,11.508,6.0,-1,19.923918459328387,,4000.0,0.0,0.0,0.0,36.85706996980381,optimal
2021-02-10 03:00:00,14,120,1.1428571428571428,0.0,5.0,0.2378666666666666,10.4475,6.0,-1,19.935521795551374,,4000.0,0.0,0.0,0.0,39.195212899834,optimal
2021-02-10 03:30:00,14,120,1.1428571428571428,0.0,5.0,0.1474,10.8675,6.0,-1,19.94870369948747,,4000.0,0.0,0.0,0.0,41.53101768693417,optimal
2021-02-10 04:00:00,14,120,1.1428571428571428,0.0,5.0,0.3442333333333333,10.542,6.0,-1,19.960757373486217,,4000.0,0.0,0.0,0.0,43.86448666924724,optimal
2021-02-10 04:30:00,14,120,1.1428571428571428,0.0,4.50389154136188,0.1479666666666666,11.025,6.0,-1,19.975185041544226,,4000.0,0.0,0.0,0.0,45.95997066472487,optimal
2021-02-10 05:00:00,14,120,1.1428571428571428,0.0,5.0,0.1781333333333333,11.025,6.0,-1,19.986994861659387,,4000.0,0.0,0.0,0.0,48.28901069406015,optimal
2021-02-10 05:30:00,14,120,1.1428571428571428,0.0,0.0,0.3260666666666666,14.553,6.0,-1,19.998950512465075,,4000.0,0.0,0.0,0.0,48.24072168336608,optimal
2021-02-10 06:00:00,14,120,1.1428571428571428,0.0,0.0,0.1182666666666666,13.0935,6.0,-1,20.01248637879711,,4000.0,0.0,0.0,0.0,48.19248096168271,optimal
2021-02-10 06:30:00,14,120,1.1428571428571428,0.0,0.0,0.1186666666666666,15.6345,6.0,-1,20.02326566221404,,4000.0,0.0,0.0,0.0,48.144288480721016,optimal
2021-02-10 07:00:00,14,120,0.6850559593278888,0.0,0.0,0.1885666666666666,18.102,6.0,-1,20.034424960533546,,2397.695857647611,0.0,0.0,0.0,48.096144192240295,optimal
2021-02-10 07:30:00,14,120,1.1428571428571428,0.4644444444444444,0.0,0.2809333333333333,17.199,6.0,-1,20.027290374186475,,4000.0,0.0,0.0,418.0,48.048048048048045,optimal
2021-02-10 08:00:00,14,120,0.0,0.2322222222222222,0.0,0.2460666666666666,18.2805,6.0,-1,20.04303051113235,,0.0,0.0,0.0,209.0,48.0,optimal
2021-02-10 08:30:00,14,120,1.1428571428571428,0.1548148148148148,0.0,1.7332,17.4615,6.0,-1,20.01164503742956,,4000.0,0.0,0.0,139.33333333333331,47.173286612573584,optimal
2021-02-10 09:00:00,14,120,0.0,0.0,0.0,0.2754666666666666,18.3225,6.0,-1,20.033299080095773,,0.0,0.0,0.0,0.0,46.34739993853459,optimal
2021-02-10 09:30:00,14,120,1.1428571428571428,0.0,0.0,0.2129333333333333,17.094,6.0,-1,20.0,,4000.0,0.0,0.0,0.0,45.522339151169646,optimal
2021-02-10 10:00:00,14,120,1.1428571428571428,0.0,0.0,0.6257999999999999,17.094,6.0,-1,20.014665411225828,,4000.0,0.0,0.0,0.0,44.69810342459206,optimal
2021-02-10 10:30:00,14,120,1.1428571428571428,0.2322222222222222,0.0,0.6257333333333334,17.094,6.0,-1,20.03753545236224,,4000.0,0.0,0.0,209.0,43.874691933741055,optimal
2021-02-10 11:00:00,14,120,1.1428571428571428,0.3096296296296296,0.0,0.5114333333333333,17.3565,6.0,-1,20.06062781171618,,4000.0,0.0,0.0,278.66666666666663,43.0521038543809,optimal
2021-02-10 11:30:00,14,120,1.1428571428571428,0.2322222222222222,0.0,0.5859666666666667,17.115,6.0,-1,20.08775667363432,,4000.0,0.0,0.0,209.0,42.23033836310011,optimal
2021-02-10 12:00:00,14,120,1.1428571428571428,0.0,0.0,0.4342666666666666,17.241,6.0,-1,20.11696131464447,,4000.0,0.0,0.0,0.0,41.4093946373106,optimal
2021-02-10 12:30:00,14,120,1.1428571428571428,0.0,0.0,0.6116,17.094,6.0,-1,20.14425698172421,,4000.0,0.0,0.0,0.0,40.58927185524687,optimal
2021-02-10 13:00:00,14,120,1.1428571428571428,0.1548148148148148,0.0,0.5902999999999999,16.5165,6.0,-1,20.17637147071993,,4000.0,0.0,0.0,139.33333333333331,39.76996919596521,optimal
2021-02-10 13:30:00,14,120,1.1428571428571428,0.3096296296296296,0.0,0.5440333333333333,17.8185,6.0,-1,20.214841143031844,,4000.0,0.0,0.0,278.66666666666663,38.95148583934283,optimal
2021-02-10 14:00:00,14,120,1.1428571428571428,0.0,0.0,0.4131333333333333,17.094,6.0,-1,20.2539648555769,,4000.0,0.0,0.0,0.0,38.133820966077074,optimal
2021-02-10 14:30:00,14,120,1.1428571428571428,0.0,0.0,0.3692333333333333,16.8945,6.0,-1,20.2888199159474,,4000.0,0.0,0.0,0.0,37.316973757684586,optimal
2021-02-10 15:00:00,14,120,0.2707758346147862,0.0,0.0,0.2972666666666667,18.123,6.0,-1,20.32167619080212,,947.7154211517516,0.0,0.0,0.0,36.50094339650049,optimal
2021-02-10 15:30:00,14,120,0.0,0.0,0.0,0.1396,31.647,6.0,-1,20.305680257553995,,0.0,0.0,0.0,0.0,35.68572906567758,optimal
2021-02-10 16:00:00,14,120,0.0,0.0,0.0,0.1286666666666666,34.9965,6.0,-1,20.275853380683245,,0.0,0.0,0.0,0.0,34.87132994918549,optimal
2021-02-10 16:30:00,14,120,0.0,0.0,0.0,0.2879,34.9965,6.0,-1,20.242647675456823,,0.0,0.0,0.0,0.0,34.05774523180989,optimal
2021-02-10 17:00:00,14,120,0.0,0.0,0.0,0.2124333333333333,34.9965,6.0,-1,20.211051125176336,,0.0,0.0,0.0,0.0,33.24497409915166,optimal
2021-02-10 17:30:00,14,120,0.0,0.0,0.0,0.1677333333333333,34.9965,6.0,-1,20.17513151804464,,0.0,0.0,0.0,0.0,32.43301573762609,optimal
2021-02-10 18:00:00,14,120,0.0,0.0,0.0,0.3912666666666666,34.9965,6.0,-1,20.13883770119273,,0.0,0.0,0.0,0.0,31.62186933446205,optimal
2021-02-10 18:30:00,14,120,0.0,0.0,0.0,0.1579333333333333,27.741,6.0,-1,20.10437176657896,,0.0,0.0,0.0,0.0,30.81153407770118,optimal
2021-02-10 19:00:00,14,120,0.0,0.6192592592592592,0.0,0.3748333333333333,19.026,6.0,-1,20.06697410318752,,0.0,0.0,0.0,557.3333333333333,30.00200915619706,optimal
2021-02-10 19:30:00,14,120,0.0,0.0,0.0,0.3066666666666667,18.7215,6.0,-1,20.033678517164088,,0.0,0.0,0.0,0.0,29.19329375961445,optimal
2021-02-10 20:00:00,14,120,0.7888493940834844,0.0,0.0,0.3426,17.4195,6.0,-1,20.0,,2760.972879292196,0.0,0.0,0.0,28.385387078428423,optimal
2021-02-10 20:30:00,14,120,0.0,0.0,0.0,0.3912666666666666,16.758,6.0,-1,20.0,,0.0,0.0,0.0,0.0,27.57828830392358,optimal
2021-02-10 21:00:00,14,120,0.0,0.0,0.0,0.4010666666666667,14.217,6.0,-1,19.966897204051453,,0.0,0.0,0.0,0.0,26.77199662819324,optimal
2021-02-10 21:30:00,14,120,0.0,0.2322222222222222,0.0,0.7737,13.3665,6.0,-1,19.93537060195241,,0.0,0.0,0.0,209.0,25.96651124413864,optimal
2021-02-10 22:00:00,14,120,0.0,0.0,0.0,1.3375666666666666,12.789,6.0,-1,19.9062880622003,,0.0,0.0,0.0,0.0,25.94054473289449,optimal
2021-02-10 22:30:00,14,120,0.0,0.0,0.0,0.4225333333333333,11.907,6.0,-1,19.872512667659777,,0.0,0.0,0.0,0.0,25.9146041881616,optimal
2021-02-10 23:00:00,14,120,0.0,0.0774074074074074,0.0,0.2868666666666666,11.7075,6.0,-1,19.838909305591407,,0.0,0.0,0.0,69.66666666666666,25.88868958397344,optimal
2021-02-10 23:30:00,14,120,0.0,0.0,0.0,0.281,10.8045,6.0,-1,19.80127135606753,,0.0,0.0,0.0,0.0,25.862800894389466,optimal
2021-02-11 00:00:00,14,120,1.1428571428571428,0.0,5.0,0.1502666666666667,16.254,6.0,-12,19.80127135606753,,4000.0,0.0,0.0,0.0,28.211938093495075,optimal
2021-02-11 00:30:00,14,120,1.1428571428571428,0.0,5.0,0.056,17.64,6.0,-12,19.80730475212106,,4000.0,0.0,0.0,0.0,30.55872615540158,optimal
2021-02-11 01:00:00,14,120,1.1428571428571428,0.0,0.0,0.1705666666666666,19.1625,6.0,-12,19.812290777582746,,4000.0,0.0,0.0,0.0,30.52816742924617,optimal
2021-02-11 01:30:00,14,120,0.0,0.0,0.0,0.1659,26.46,6.0,-12,19.81886086467765,,0.0,0.0,0.0,0.0,30.49763926181693,optimal
2021-02-11 02:00:00,14,120,1.1428571428571428,0.0,0.0,0.084,20.79,6.0,-12,19.77663170230881,,4000.0,0.0,0.0,0.0,30.467141622555115,optimal
2021-02-11 02:30:00,14,120,0.0,0.0,0.0,0.2524666666666667,29.106,6.0,-12,19.782217900916457,,0.0,0.0,0.0,0.0,30.43667448093256,optimal
2021-02-11 03:00:00,14,120,1.1428571428571428,0.0,2.742729674885926,0.056,19.1835,6.0,-12,19.740917714086137,,4000.0,0.0,0.0,0.0,31.709034402022443,optimal
2021-02-11 03:30:00,14,120,1.1428571428571428,0.0,0.0,0.112,19.6665,6.0,-12,19.745837099737766,,4000.0,0.0,0.0,0.0,31.677325367620416,optimal
2021-02-11 04:00:00,14,120,1.1428571428571428,0.0,0.0,0.2244666666666666,19.404,6.0,-12,19.751924584334294,,4000.0,0.0,0.0,0.0,31.64564804225279,optimal
2021-02-11 04:30:00,14,120,1.1428571428571428,0.0,5.0,0.056,19.047,6.0,-12,19.75986574836049,,4000.0,0.0,0.0,0.0,33.98900239421053,optimal
2021-02-11 05:00:00,14,120,1.1428571428571428,0.0,5.0,0.1985666666666666,18.858,6.0,-12,19.765738849773747,,4000.0,0.0,0.0,0.0,36.33001339181632,optimal
2021-02-11 05:30:00,14,120,1.1428571428571428,0.0,5.0,0.1379,19.2675,6.0,-12,19.773337103460683,,4000.0,0.0,0.0,0.0,38.6686833784245,optimal
2021-02-11 06:00:00,14,120,1.1428571428571428,0.0,5.0,0.056,18.963,6.0,-12,19.780676871691465,,4000.0,0.0,0.0,0.0,41.00501469504607,optimal
2021-02-11 06:30:00,14,120,1.1428571428571428,0.0,5.0,0.1603,18.438,6.0,-12,19.78749999517518,,4000.0,0.0,0.0,0.0,43.33900968035103,optimal
2021-02-11 07:00:00,14,120,1.1428571428571428,0.387037037037037,5.0,0.1751666666666666,18.7425,6.0,-12,19.796075850501857,,4000.0,0.0,0.0,348.3333333333333,45.670670670670674,optimal
2021-02-11 07:30:00,14,120,1.1428571428571428,16.41906031166728,5.0,0.0742,15.2145,6.0,-12,19.808602718270112,,4000.0,14777.15428050055,0.0,0.0,48.0,optimal
2021-02-11 08:00:00,14,120,1.1428571428571428,0.0,0.0,1.7578333333333334,17.7765,6.0,-12,20.0,,4000.0,0.0,0.0,0.0,47.88140753788378,optimal
2021-02-11 08:30:00,14,120,1.1428571428571428,0.7167925925925925,0.0,0.1423333333333333,16.758,6.0,-12,20.014973060570007,,4000.0,0.0,0.0,645.1133333333333,47.76293366822968,optimal
2021-02-11 09:00:00,14,120,1.1428571428571428,0.0,0.0,0.2181999999999999,16.422,6.0,-12,20.020701332786143,,4000.0,0.0,0.0,0.0,47.64457827244523,optimal
2021-02-11 09:30:00,14,120,1.1428571428571428,0.0,0.0,0.2976666666666667,16.758,6.0,-12,20.027994659584564,,4000.0,0.0,0.0,0.0,47.526341232056566,optimal
2021-02-11 10:00:00,14,120,0.0,0.0,0.0,0.1743,29.358,6.0,-12,20.039397844513925,,0.0,0.0,0.0,0.0,47.40822242870829,optimal
2021-02-11 10:30:00,14,120,0.0,2.271176877422384,0.0,0.1880666666666666,34.9965,6.0,-12,20.00715068618022,,0.0,2044.0591896801448,0.0,0.0,47.29022174416337,optimal
2021-02-11 11:00:00,14,120,0.0,2.818231476178313,0.0,0.1484,34.65,6.0,-12,20.0,,0.0,2536.408328560482,0.0,0.0,47.17233906030299,optimal
2021-02-11 11:30:00,14,120,0.0,2.7043920178730727,0.0,0.1288,34.9965,6.0,-12,20.0,,0.0,2433.9528160857653,0.0,0.0,47.05457425912647,optimal
2021-02-11 12:00:00,14,120,0.0,2.396198020848721,0.0,0.1064,34.9965,6.0,-12,20.0,,0.0,2156.578218763849,0.0,0.0,46.93692722275112,optimal
2021-02-11 12:30:00,14,120,0.0,2.197255675503148,0.0,0.1796666666666666,30.4815,6.0,-12,20.0,,0.0,1977.530107952833,0.0,0.0,46.81939783341216,optimal
2021-02-11 13:00:00,14,120,0.5701174940981726,0.0,0.0,0.1568,21.4305,6.0,-12,20.0,,1995.411229343604,0.0,0.0,0.0,46.70198597346253,optimal
2021-02-11 13:30:00,14,120,0.575667760289606,0.0,0.0,0.1211,14.3325,6.0,-12,20.0,,2014.8371610136207,0.0,0.0,0.0,46.58469152537285,optimal
2021-02-11 14:00:00,14,120,0.9609605046277796,0.753948148148148,0.0,0.3216333333333333,13.692,6.0,-12,20.0,,3363.361766197229,0.0,0.0,678.5533333333332,46.467514371731255,optimal
2021-02-11 14:30:00,14,120,0.0,0.0,0.0,0.2169333333333333,14.007,6.0,-12,20.0209948740361,,0.0,0.0,0.0,0.0,46.3504543952433,optimal
2021-02-11 15:00:00,14,120,0.5508625277849509,0.0774074074074074,0.0,0.1905333333333333,12.873,6.0,-12,20.0,,1928.018847247328,0.0,0.0,69.66666666666666,46.23351147873184,optimal
2021-02-11 15:30:00,14,120,0.56962970467856,0.3096296296296296,0.0,0.1931333333333333,12.684,6.0,-12,20.0,,1993.70396637496,0.0,0.0,278.66666666666663,46.11668550513689,optimal
2021-02-11 16:00:00,14,120,0.6099079525027534,0.0,0.0,1.1292666666666669,12.306,6.0,-12,20.0,,2134.677833759637,0.0,0.0,0.0,45.999976357515536,optimal
2021-02-11 16:30:00,14,120,1.1428571428571428,0.6192592592592592,0.0,0.9039333333333333,10.6365,6.0,-12,20.0,,4000.0,0.0,0.0,557.3333333333333,45.883383919041805,optimal
2021-02-11 17:00:00,14,120,0.867556554594443,0.4644444444444444,0.0,0.3475333333333333,11.2455,6.0,-12,20.02149682745121,,3036.4479410805507,0.0,0.0,418.0,45.76690807300655,optimal
2021-02-11 17:30:00,14,120,1.1428571428571428,0.2322222222222222,0.0,1.6441666666666668,11.2455,6.0,-12,20.02817505702078,,4000.0,0.0,0.0,209.0,45.650548702817325,optimal
2021-02-11 18:00:00,14,120,1.1428571428571428,0.0,0.0,0.3848,11.025,6.0,-12,20.05469294640612,,4000.0,0.0,0.0,0.0,45.53430569199829,optimal
2021-02-11 18:30:00,14,120,0.0,0.1548148148148148,0.0,0.3295333333333333,12.0855,6.0,-12,20.07213360207664,,0.0,0.0,0.0,139.33333333333331,45.41817892419007,optimal
2021-02-11 19:00:00,14,120,0.0,0.3096296296296296,0.0,0.1379666666666666,11.6865,6.0,-12,20.03872067540559,,0.0,0.0,0.0,278.66666666666663,45.30216828314967,optimal
2021-02-11 19:30:00,14,120,0.9515934373672688,0.1548148148148148,0.0,0.2931333333333333,11.2245,6.0,-12,20.0,,3330.5770307854405,0.0,0.0,139.33333333333331,45.1862736527503,optimal
2021-02-11 20:00:00,14,120,0.9023074983118384,0.0774074074074074,0.0,0.5155333333333333,11.025,6.0,-12,20.0,,3158.076244091435,0.0,0.0,69.66666666666666,45.07049491698133,optimal
2021-02-11 20:30:00,14,120,0.0,0.0,0.0,0.1814,10.7835,6.0,-12,20.0,,0.0,0.0,0.0,0.0,44.95483195994813,optimal
2021-02-11 21:00:00,14,120,0.0,0.0,0.0,0.1455333333333333,11.025,6.0,-12,19.956182521366262,,0.0,0.0,0.0,0.0,44.839284665871965,optimal
2021-02-11 21:30:00,14,120,0.0,0.387037037037037,0.0,0.3447666666666666,10.584,6.0,-12,19.912777678450286,,0.0,0.0,0.0,348.3333333333333,44.72385291908988,optimal
2021-02-11 22:00:00,14,120,0.0,0.0,0.0,0.228,11.025,6.0,-12,19.87342374452247,,0.0,0.0,0.0,0.0,44.60853660405457,optimal
2021-02-11 22:30:00,14,120,0.0,0.1548148148148148,0.0,0.2762666666666666,10.4265,6.0,-12,19.83477147773136,,0.0,0.0,0.0,139.33333333333331,44.56392806745052,optimal
2021-02-11 23:00:00,14,120,0.0,6.966666666666665,0.0,0.1739333333333333,12.789,6.0,-12,19.79528649766636,,0.0,0.0,0.0,6269.999999999999,44.51936413938307,optimal
2021-02-11 23:30:00,14,120,0.0,0.0,0.0,0.1454,12.684,6.0,-12,19.752869001026795,,0.0,0.0,0.0,0.0,44.47484477524369,optimal
2021-02-12 00:00:00,14,120,1.1428571428571428,0.0,3.772479552057432,0.053,11.025,6.0,18,19.752869001026795,,4000.0,0.0,0.0,0.0,46.22229771769573,optimal
2021-02-12 00:30:00,14,120,1.1428571428571428,0.0,0.0,0.0641333333333333,11.907,6.0,18,19.751525259496223,,4000.0,0.0,0.0,0.0,46.17607541997803,optimal
2021-02-12 01:00:00,14,120,0.0,0.0,0.0,0.1795333333333333,25.83,6.0,18,19.750319812105666,,0.0,0.0,0.0,0.0,46.12989934455804,optimal
2021-02-12 01:30:00,14,120,0.0,0.0,0.0,0.0604666666666666,28.035,6.0,18,19.701793224081023,,0.0,0.0,0.0,0.0,46.08376944521348,optimal
2021-02-12 02:00:00,14,120,0.0,0.0,0.0,0.1202,28.119,6.0,18,19.6521105883532,,0.0,0.0,0.0,0.0,46.037685675768266,optimal
2021-02-12 02:30:00,14,120,0.0,0.0,0.0,0.1309333333333333,30.156,6.0,18,19.60345239982886,,0.0,0.0,0.0,0.0,45.99164799009249,optimal
2021-02-12 03:00:00,14,120,0.0,0.0,0.0,0.0604666666666666,29.1585,6.0,18,19.555616205231065,,0.0,0.0,0.0,0.0,45.9456563421024,optimal
2021-02-12 03:30:00,14,120,0.0,0.0,0.0,0.1906666666666666,26.712,6.0,18,19.50761116863494,,0.0,0.0,0.0,0.0,45.89971068576028,optimal
2021-02-12 04:00:00,14,120,1.1428571428571428,0.0,0.0,0.053,15.435,6.0,18,19.46267524013296,,4000.0,0.0,0.0,0.0,45.85381097507452,optimal
2021-02-12 04:30:00,14,120,1.1428571428571428,0.0,0.0,0.1202,13.566,6.0,18,19.46626846427032,,4000.0,0.0,0.0,0.0,45.80795716409944,optimal
2021-02-12 05:00:00,14,120,1.1428571428571428,0.0,0.0,0.0641333333333333,12.789,6.0,18,19.47206101208292,,4000.0,0.0,0.0,0.0,45.76214920693534,optimal
2021-02-12 05:30:00,14,120,1.1428571428571428,0.0,0.0,0.1608666666666666,12.1275,6.0,18,19.47854684643124,,4000.0,0.0,0.0,0.0,45.7163870577284,optimal
2021-02-12 06:00:00,14,120,1.1428571428571428,0.0,0.0,0.0791333333333333,13.671,6.0,18,19.48778431116273,,4000.0,0.0,0.0,0.0,45.670670670670674,optimal
2021-02-12 06:30:00,14,120,1.1428571428571428,0.0,5.0,0.0523333333333333,10.668,6.0,18,19.49759380880885,,4000.0,0.0,0.0,0.0,48.0,optimal
2021-02-12 07:00:00,14,120,1.1428571428571428,9.692547272608108,0.0,1.205833333333333,11.7285,6.0,18,19.50787083632992,,4000.0,8305.292545347298,0.0,418.0,47.7269764627265,optimal
2021-02-12 07:30:00,14,120,1.1428571428571428,33.333333333333336,0.0,1.0607,11.025,6.0,18,19.624915919319427,,4000.0,29791.0,0.0,209.0,47.45422594899027,optimal
2021-02-12 08:00:00,14,120,1.1428571428571428,0.2322222222222222,0.0,0.0621333333333333,10.689,6.0,18,20.0,,4000.0,0.0,0.0,209.0,47.18174818576778,optimal
2021-02-12 08:30:00,14,120,1.1428571428571428,0.0,0.0,0.1191333333333333,8.1585,6.0,18,20.008744121029,,4000.0,0.0,0.0,0.0,46.90954290030851,optimal
2021-02-12 09:00:00,14,120,1.1428571428571428,0.0,0.0,0.109,10.3635,6.0,18,20.01331208004873,,4000.0,0.0,0.0,0.0,46.6376098201347,optimal
2021-02-12 09:30:00,14,120,1.1428571428571428,0.0,0.0,0.1421333333333333,10.8045,6.0,18,20.01779968819068,,4000.0,0.0,0.0,0.0,46.36594867304106,optimal
2021-02-12 10:00:00,14,120,1.1428571428571428,0.0,0.0,0.06,11.025,6.0,18,20.027043679301368,,4000.0,0.0,0.0,0.0,46.09455918709452,optimal
2021-02-12 10:30:00,14,120,1.1428571428571428,0.0,0.0,0.053,10.3635,6.0,18,20.04284115231916,,4000.0,0.0,0.0,0.0,45.82344109063392,optimal
2021-02-12 11:00:00,14,120,1.1428571428571428,0.0,0.0,0.1533333333333333,10.8045,6.0,18,20.059400330998177,,4000.0,0.0,0.0,0.0,45.55259411226979,optimal
2021-02-12 11:30:00,14,120,1.1428571428571428,0.0,0.0,0.0978,10.059,6.0,18,20.080721000321223,,4000.0,0.0,0.0,0.0,45.282017980884014,optimal
2021-02-12 12:00:00,14,120,1.1428571428571428,0.0,0.0,0.053,10.584,6.0,18,20.10142200209281,,4000.0,0.0,0.0,0.0,45.01171242562963,optimal
2021-02-12 12:30:00,14,120,1.1428571428571428,0.0,0.0,0.1031,9.4185,6.0,18,20.12266936850813,,4000.0,0.0,0.0,0.0,44.741677175930505,optimal
2021-02-12 13:00:00,14,120,1.1428571428571428,0.0,0.0,0.1480333333333333,10.3635,6.0,18,20.14458407422276,,4000.0,0.0,0.0,0.0,44.47191196148108,optimal
2021-02-12 13:30:00,14,120,1.1428571428571428,0.0,0.0,0.053,9.8385,6.0,18,20.167037226180728,,4000.0,0.0,0.0,0.0,44.202416512246096,optimal
2021-02-12 14:00:00,14,120,1.1428571428571428,0.0,0.0,0.053,11.067,6.0,18,20.188089878382463,,4000.0,0.0,0.0,0.0,43.933190558460346,optimal
2021-02-12 14:30:00,14,120,1.1428571428571428,1.7803703703703702,0.0,0.1289333333333333,10.8465,6.0,18,20.208094687252107,,4000.0,0.0,0.0,1602.3333333333333,43.66423383062838,optimal
2021-02-12 15:00:00,14,120,0.0,0.774074074074074,0.0,0.1726,13.671,6.0,18,20.23319257244173,,0.0,0.0,0.0,696.6666666666666,43.39554605952426,optimal
2021-02-12 15:30:00,14,120,0.3015912426539743,0.5418518518518518,0.0,0.5330666666666667,12.348,6.0,18,20.210972527696423,,1055.56934928891,0.0,0.0,487.6666666666667,43.12712697619124,optimal
2021-02-12 16:00:00,14,120,0.0,0.0,0.0,0.5039333333333332,14.3325,6.0,18,20.208074585095403,,0.0,0.0,0.0,0.0,42.85897631194155,optimal
2021-02-12 16:30:00,14,120,0.0,0.774074074074074,0.0,0.2292333333333333,15.393,6.0,18,20.187107106895464,,0.0,0.0,0.0,696.6666666666666,42.591093798356106,optimal
2021-02-12 17:00:00,14,120,0.0,0.0,0.0,1.1824666666666668,13.587,6.0,18,20.16367339521556,,0.0,0.0,0.0,0.0,42.32347916728425,optimal
2021-02-12 17:30:00,14,120,0.0,0.5418518518518518,0.0,0.8319666666666667,16.1385,6.0,18,20.144068971068737,,0.0,0.0,0.0,487.6666666666667,42.05613215084346,optimal
2021-02-12 18:00:00,14,120,0.0,0.5418518518518518,0.0,0.3374666666666666,14.595,6.0,18,20.12286171239756,,0.0,0.0,0.0,487.6666666666667,41.78905248141912,optimal
2021-02-12 18:30:00,14,120,0.0,0.1548148148148148,0.0,0.1974666666666666,14.637,6.0,18,20.09802691254158,,0.0,0.0,0.0,139.33333333333331,41.5222398916642,optimal
2021-02-12 19:00:00,14,120,0.0,0.0,0.0,0.3772666666666666,13.9125,6.0,18,20.06962355429161,,0.0,0.0,0.0,0.0,41.25569411449904,optimal
2021-02-12 19:30:00,14,120,0.0,0.2322222222222222,0.0,1.3626666666666667,13.3665,6.0,18,20.04218404697064,,0.0,0.0,0.0,209.0,40.98941488311104,optimal
2021-02-12 20:00:00,14,120,0.0,2.322222222222221,0.0,1.7628,13.0095,6.0,18,20.01473473029502,,0.0,0.0,0.0,2089.9999999999995,40.94842546822792,optimal
2021-02-12 20:30:00,14,120,0.0,0.387037037037037,0.0,0.4726,13.8915,6.0,18,20.0,,0.0,0.0,0.0,348.3333333333333,40.907477042759695,optimal
2021-02-12 21:00:00,14,120,0.0,0.0,0.0,0.1749,13.188,6.0,18,19.97406344475636,,0.0,0.0,0.0,0.0,40.86656956571694,optimal
2021-02-12 21:30:00,14,120,0.0,2.0899999999999994,0.0,0.1475666666666666,12.5685,6.0,18,19.944778083114134,,0.0,0.0,0.0,1881.0,40.82570299615122,optimal
2021-02-12 22:00:00,14,120,0.0,0.0,0.0,0.1676666666666666,12.285,6.0,18,19.91460831933923,,0.0,0.0,0.0,0.0,40.78487729315507,optimal
2021-02-12 22:30:00,14,120,0.0,0.1548148148148148,0.0,0.2190666666666666,11.487,6.0,18,19.883867774801143,,0.0,0.0,0.0,139.33333333333331,40.74409241586192,optimal
2021-02-12 23:00:00,14,120,0.0,0.0,0.0,0.0891333333333333,11.802,6.0,18,19.855195013333,,0.0,0.0,0.0,0.0,40.70334832344605,optimal
2021-02-12 23:30:00,14,120,0.0,0.0,0.0,0.1389333333333333,11.2245,6.0,18,19.81832231125403,,0.0,0.0,0.0,0.0,40.6626449751226,optimal
2021-02-13 00:00:00,14,120,1.1428571428571428,0.0,0.0,0.063,9.3975,6.0,0,19.81832231125403,,4000.0,0.0,0.0,0.0,40.62198233014748,optimal
2021-02-13 00:30:00,14,120,1.1428571428571428,0.0,0.0,0.063,10.059,6.0,0,19.830044578629785,,4000.0,0.0,0.0,0.0,40.58136034781734,optimal
2021-02-13 01:00:00,14,120,1.1428571428571428,0.0,0.0,0.063,9.261,6.0,0,19.84184273401666,,4000.0,0.0,0.0,0.0,40.54077898746952,optimal
2021-02-13 01:30:00,14,120,1.1428571428571428,0.0,1.9242269965585324,0.063,8.1585,6.0,0,19.85371662696189,,4000.0,0.0,0.0,0.0,41.41424603184736,optimal
2021-02-13 02:00:00,14,120,1.1428571428571428,0.0,0.0,0.063,9.4815,6.0,0,19.86566610731103,,4000.0,0.0,0.0,0.0,41.3728317858155,optimal
2021-02-13 02:30:00,14,120,1.1428571428571428,0.0,0.0,0.063,8.379,6.0,0,19.87769102520728,,4000.0,0.0,0.0,0.0,41.33145895402968,optimal
2021-02-13 03:00:00,14,120,1.1428571428571428,0.0,0.0,0.063,9.5235,6.0,0,19.88969210294789,,4000.0,0.0,0.0,0.0,41.290127495075645,optimal
2021-02-13 03:30:00,14,120,1.1428571428571428,0.0,5.0,0.063,8.1375,6.0,0,19.901669387797487,,4000.0,0.0,0.0,0.0,43.62383736758057,optimal
2021-02-13 04:00:00,14,120,1.1428571428571428,0.0,0.0,0.063,10.0905,6.0,0,19.913523798783885,,4000.0,0.0,0.0,0.0,43.58021353021298,optimal
2021-02-13 04:30:00,14,120,1.1428571428571428,0.0,5.0,0.063,7.539,6.0,0,19.925255579512253,,4000.0,0.0,0.0,0.0,45.91163331668277,optimal
2021-02-13 05:00:00,14,120,1.1428571428571428,0.0,5.0,0.063,7.938,6.0,0,19.93676584496172,,4000.0,0.0,0.0,0.0,48.24072168336608,optimal
2021-02-13 05:30:00,14,120,1.1428571428571428,0.0,0.0,0.063,8.274,6.0,0,19.94805503430024,,4000.0,0.0,0.0,0.0,48.19248096168271,optimal
2021-02-13 06:00:00,14,120,1.1428571428571428,0.0,0.0,0.063,9.261,6.0,0,19.95912358582511,,4000.0,0.0,0.0,0.0,48.144288480721016,optimal
2021-02-13 06:30:00,14,120,1.1428571428571428,0.0,0.0,0.2793333333333333,9.9225,6.0,0,19.969971936964665,,4000.0,0.0,0.0,0.0,48.096144192240295,optimal
2021-02-13 07:00:00,14,120,1.1428571428571428,0.4644444444444444,0.0,1.0192,9.702,6.0,0,19.98373711666829,,4000.0,0.0,0.0,418.0,48.048048048048045,optimal
2021-02-13 07:30:00,14,120,1.1428571428571428,0.387037037037037,0.0,1.5324,10.584,6.0,0,19.99815660366456,,4000.0,0.0,0.0,348.3333333333333,48.0,optimal
2021-02-13 08:00:00,14,120,1.1428571428571428,2.1674074074074072,0.0,0.4461333333333333,10.143,6.0,0,20.02082008124568,,4000.0,0.0,0.0,1950.6666666666667,47.91789704299023,optimal
2021-02-13 08:30:00,14,120,1.1428571428571428,0.0,0.0,0.4083333333333333,13.0095,6.0,0,20.038114949606,,4000.0,0.0,0.0,0.0,47.83587618893746,optimal
2021-02-13 09:00:00,14,120,1.1428571428571428,1.470740740740741,0.0,0.3868666666666667,11.025,6.0,0,20.054337882891137,,4000.0,0.0,0.0,1323.6666666666667,47.75393735573875,optimal
2021-02-13 09:30:00,14,120,1.1428571428571428,0.0,0.0,0.3197,12.789,6.0,0,20.0725523837826,,4000.0,0.0,0.0,0.0,47.67208046137324,optimal
2021-02-13 10:00:00,14,120,1.1428571428571428,0.0,0.0,0.073,12.1275,6.0,0,20.089368200575787,,4000.0,0.0,0.0,0.0,47.590305423902095,optimal
2021-02-13 10:30:00,14,120,1.1428571428571428,0.0,0.0,0.073,12.1695,6.0,0,20.102496187313783,,4000.0,0.0,0.0,0.0,47.50861216146842,optimal
2021-02-13 11:00:00,14,120,1.1428571428571428,0.0,0.0,0.073,12.306,6.0,0,20.11569727513589,,4000.0,0.0,0.0,0.0,47.42700059229718,optimal
2021-02-13 11:30:00,14,120,0.0,0.0,0.0,0.073,13.23,6.0,0,20.13246122610156,,0.0,0.0,0.0,0.0,47.34547063469511,optimal
2021-02-13 12:00:00,14,120,0.0,0.0,0.0,0.073,13.671,6.0,0,20.100561696705707,,0.0,0.0,0.0,0.0,47.26402220705064,optimal
2021-02-13 12:30:00,14,120,0.0,0.0,0.0,0.073,13.9335,6.0,0,20.07024635223284,,0.0,0.0,0.0,0.0,47.18265522783382,optimal
2021-02-13 13:00:00,14,120,1.109498718943407,0.0,0.0,0.2512,13.293,6.0,0,20.04018936612219,,3883.245516301924,0.0,0.0,0.0,47.10136961559621,optimal
2021-02-13 13:30:00,14,120,1.1428571428571428,0.2322222222222222,0.0,0.24,12.1065,6.0,0,20.062418934846093,,4000.0,0.0,0.0,209.0,47.02016528897085,optimal
2021-02-13 14:00:00,14,120,1.1428571428571428,0.0,0.0,0.5601,11.571,6.0,0,20.086474363490847,,4000.0,0.0,0.0,0.0,46.9390421666721,optimal
2021-02-13 14:30:00,14,120,1.1428571428571428,0.1548148148148148,0.0,0.2671,11.025,6.0,0,20.11374192911757,,4000.0,0.0,0.0,139.33333333333331,46.85800016749566,optimal
2021-02-13 15:00:00,14,120,1.1428571428571428,0.0774074074074074,0.0,0.4466333333333333,10.8465,6.0,0,20.140152708832144,,4000.0,0.0,0.0,69.66666666666666,46.77703921031839,optimal
2021-02-13 15:30:00,14,120,1.1428571428571428,0.0,0.0,0.224,11.2455,6.0,0,20.16637146661316,,4000.0,0.0,0.0,0.0,46.6961592140983,optimal
2021-02-13 16:00:00,14,120,0.0,0.2322222222222222,0.0,0.3107,23.8665,6.0,0,20.19147260493464,,0.0,0.0,0.0,209.0,46.61536009787443,optimal
2021-02-13 16:30:00,14,120,0.0,0.6966666666666667,0.0,0.3925,27.4575,6.0,0,20.16462355156406,,0.0,0.0,0.0,627.0,46.53464178076678,optimal
2021-02-13 17:00:00,14,120,0.0,0.8514814814814814,0.0,0.371,27.3735,6.0,0,20.14129807163752,,0.0,0.0,0.0,766.3333333333333,46.454004181976245,optimal
2021-02-13 17:30:00,14,120,0.0,0.2322222222222222,0.0,0.2209666666666666,30.4605,6.0,0,20.11351536952424,,0.0,0.0,0.0,209.0,46.3734472207845,optimal
2021-02-13 18:00:00,14,120,0.0,0.2322222222222222,0.0,0.1001,30.0195,6.0,0,20.08533772365148,,0.0,0.0,0.0,209.0,46.29297081655394,optimal
2021-02-13 18:30:00,14,120,0.0,0.3096296296296296,0.0,0.3002666666666666,26.9325,6.0,0,20.05563088003272,,0.0,0.0,0.0,278.66666666666663,46.212574888727616,optimal
2021-02-13 19:00:00,14,120,0.0,0.6192592592592592,0.0,0.1704,14.595,6.0,0,20.02885426531323,,0.0,0.0,0.0,557.3333333333333,46.13225935682912,optimal
2021-02-13 19:30:00,14,120,0.6534980778969091,0.0,0.0,0.2570666666666666,12.4845,6.0,0,20.0,,2287.2432726391817,0.0,0.0,0.0,46.052024140462514,optimal
2021-02-13 20:00:00,14,120,0.6715001926578082,0.0,0.0,0.3352666666666666,12.1275,6.0,0,20.0,,2350.250674302329,0.0,0.0,0.0,45.97186915931228,optimal
2021-02-13 20:30:00,14,120,0.0,0.0,0.0,0.2439666666666666,12.1275,6.0,0,20.0,,0.0,0.0,0.0,0.0,45.8917943331432,optimal
2021-02-13 21:00:00,14,120,0.0,0.1548148148148148,0.0,0.3676333333333333,12.789,6.0,0,19.96999711384075,,0.0,0.0,0.0,139.33333333333331,45.81179958180028,optimal
2021-02-13 21:30:00,14,120,0.0,0.1548148148148148,0.0,0.3912333333333333,11.907,6.0,0,19.94091865665863,,0.0,0.0,0.0,139.33333333333331,45.76598778221848,optimal
2021-02-13 22:00:00,14,120,0.0,0.0,0.0,0.4388666666666667,11.025,6.0,0,19.91459822367685,,0.0,0.0,0.0,0.0,45.72022179443626,optimal
2021-02-13 22:30:00,14,120,0.0,0.0,0.0,0.2192333333333332,8.2005,6.0,0,19.89083461729119,,0.0,0.0,0.0,0.0,45.67450157264183,optimal
2021-02-13 23:00:00,14,120,0.0,0.0,0.0,0.073,9.5655,6.0,0,19.85819906927737,,0.0,0.0,0.0,0.0,45.62882707106919,optimal
2021-02-13 23:30:00,14,120,0.0,0.0,0.0,0.073,7.056,6.0,0,19.82150941812792,,0.0,0.0,0.0,0.0,45.58319824399812,optimal
2021-02-07 00:00:00,15,120,1.1428571428571428,0.0,1.629037447242273,0.1281333333333333,5.0715,6.0,-14,21.0,,4000.0,0.0,0.0,0.0,48.72579278744007,optimal
2021-02-07 00:30:00,15,120,1.1428571428571428,0.0,0.0,0.0985333333333333,5.5125,6.0,-14,21.015683606669235,,4000.0,0.0,0.0,0.0,48.67706699465263,optimal
2021-02-07 01:00:00,15,120,0.0,0.0,0.0,0.1232,9.261,6.0,-14,21.03077726595663,,0.0,0.0,0.0,0.0,48.62838992765797,optimal
2021-02-07 01:30:00,15,120,0.0,0.0,0.0,0.1034666666666666,11.7075,6.0,-14,20.99721386971121,,0.0,0.0,0.0,0.0,48.57976153773031,optimal
2021-02-07 02:00:00,15,120,0.0,0.0,0.0,0.0716666666666666,12.348,6.0,-14,20.96337748862589,,0.0,0.0,0.0,0.0,48.53118177619257,optimal
2021-02-07 02:30:00,15,120,0.0,0.0,0.0,0.1404,12.348,6.0,-14,20.929028265670546,,0.0,0.0,0.0,0.0,48.48265059441637,optimal
2021-02-07 03:00:00,15,120,0.0,0.0,0.0,0.0935999999999999,12.1275,6.0,-14,20.895390279761862,,0.0,0.0,0.0,0.0,48.434167943821954,optimal
2021-02-07 03:30:00,15,120,0.0,0.0,0.0,0.064,12.5265,6.0,-14,20.861139930509182,,0.0,0.0,0.0,0.0,48.38573377587813,optimal
2021-02-07 04:00:00,15,120,0.0,0.0,0.0,0.064,11.7495,6.0,-14,20.826497759224264,,0.0,0.0,0.0,0.0,48.33734804210225,optimal
2021-02-07 04:30:00,15,120,0.0,0.0,0.0,0.1626666666666666,13.23,6.0,-14,20.791825140078497,,0.0,0.0,0.0,0.0,48.28901069406015,optimal
2021-02-07 05:00:00,15,120,0.0,0.0,0.0,0.064,14.3325,6.0,-14,20.7584232527784,,0.0,0.0,0.0,0.0,48.24072168336608,optimal
2021-02-07 05:30:00,15,120,0.0,0.0,0.0,0.064,14.994,6.0,-14,20.72388559562092,,0.0,0.0,0.0,0.0,48.19248096168271,optimal
2021-02-07 06:00:00,15,120,0.0,0.0,0.0,0.1330666666666666,14.8155,6.0,-14,20.689416411539835,,0.0,0.0,0.0,0.0,48.144288480721016,optimal
2021-02-07 06:30:00,15,120,0.0,0.0,0.0,0.0935999999999999,14.112,6.0,-14,20.65585695862202,,0.0,0.0,0.0,0.0,48.096144192240295,optimal
2021-02-07 07:00:00,15,120,0.0,0.0,0.0,0.1012666666666666,14.007,6.0,-14,20.621784114806687,,0.0,0.0,0.0,0.0,48.048048048048045,optimal
2021-02-07 07:30:00,15,120,0.0,0.6192592592592592,0.0,0.1420666666666666,13.23,6.0,-14,20.58767969440301,,0.0,0.0,0.0,557.3333333333333,48.0,optimal
2021-02-07 08:00:00,15,120,0.0,0.3096296296296296,0.0,0.0886666666666666,11.382,6.0,-14,20.556283072758177,,0.0,0.0,0.0,278.66666666666663,47.82723250193956,optimal
2021-02-07 08:30:00,15,120,0.0,0.0,0.0,0.2632666666666666,11.7495,6.0,-14,20.52415914579371,,0.0,0.0,0.0,0.0,47.65463777137719,optimal
2021-02-07 09:00:00,15,120,0.0,0.1548148148148148,0.0,0.099,24.3285,6.0,-14,20.49378774029872,,0.0,0.0,0.0,139.33333333333331,47.48221563554537,optimal
2021-02-07 09:30:00,15,120,0.0,0.0,0.0,0.2463333333333333,28.917,6.0,-14,20.462570886628946,,0.0,0.0,0.0,0.0,47.30996592184939,optimal
2021-02-07 10:00:00,15,120,0.0,0.0,0.0,0.1054666666666666,31.3635,6.0,-14,20.43214447154383,,0.0,0.0,0.0,0.0,47.13788845786711,optimal
2021-02-07 10:30:00,15,120,0.0,0.0,0.0,0.1371,33.306,6.0,-14,20.401909131013337,,0.0,0.0,0.0,0.0,46.9659830713488,optimal
2021-02-07 11:00:00,15,120,0.0,0.0,0.0,0.3786666666666667,31.3425,6.0,-14,20.371762475322125,,0.0,0.0,0.0,0.0,46.79424959021702,optimal
2021-02-07 11:30:00,15,120,0.0,0.0,0.0,0.064,28.2555,6.0,-14,20.34440327042224,,0.0,0.0,0.0,0.0,46.62268784256637,optimal
2021-02-07 12:00:00,15,120,0.0,0.0,0.0,0.064,15.6975,6.0,-14,20.3113279369562,,0.0,0.0,0.0,0.0,46.45129765666337,optimal
2021-02-07 12:30:00,15,120,0.0,0.0,0.0,0.064,12.5475,6.0,-14,20.279449165793302,,0.0,0.0,0.0,0.0,46.28007886094627,optimal
2021-02-07 13:00:00,15,120,0.0,0.0,0.0,0.1084,12.0855,6.0,-14,20.247633596298183,,0.0,0.0,0.0,0.0,46.10903128402489,optimal
2021-02-07 13:30:00,15,120,0.0,0.0,0.0,0.1182666666666666,11.907,6.0,-14,20.215387952694307,,0.0,0.0,0.0,0.0,45.938154754680426,optimal
2021-02-07 14:00:00,15,120,0.0,0.0,0.0,0.136,12.5685,6.0,-14,20.183425565368807,,0.0,0.0,0.0,0.0,45.76744910186531,optimal
2021-02-07 14:30:00,15,120,0.0,0.0,0.0,0.1716666666666666,13.146,6.0,-14,20.15305364088821,,0.0,0.0,0.0,0.0,45.59691415470301,optimal
2021-02-07 15:00:00,15,120,0.0,0.0,0.0,0.074,10.584,6.0,-14,20.12411208327713,,0.0,0.0,0.0,0.0,45.42654974248787,optimal
2021-02-07 15:30:00,15,120,0.9081272331056136,0.0,0.0,0.074,6.678,6.0,-14,20.09338875932806,,3178.4453158696483,0.0,0.0,0.0,45.25635569468495,optimal
2021-02-07 16:00:00,15,120,0.0,0.4644444444444444,0.0,0.1593333333333333,7.938,6.0,-14,20.10114987364495,,0.0,0.0,0.0,418.0,45.08633184092983,optimal
2021-02-07 16:30:00,15,120,1.1428571428571428,0.1548148148148148,0.0,0.1966666666666666,5.292,6.0,-14,20.070582713138347,,4000.0,0.0,0.0,139.33333333333331,44.91647801102847,optimal
2021-02-07 17:00:00,15,120,0.0,0.1548148148148148,0.0,0.3068,9.261,6.0,-14,20.0937828713172,,0.0,0.0,0.0,139.33333333333331,44.746794034957006,optimal
2021-02-07 17:30:00,15,120,0.0,0.5418518518518518,0.0,0.3324,10.3635,6.0,-14,20.06837887550396,,0.0,0.0,0.0,487.6666666666667,44.57727974286161,optimal
2021-02-07 18:00:00,15,120,0.0,0.0,0.0,0.3916666666666666,8.274,6.0,-14,20.04329578289865,,0.0,0.0,0.0,0.0,44.40793496505832,optimal
2021-02-07 18:30:00,15,120,0.0,0.2322222222222222,0.0,0.4499333333333333,7.7175,6.0,-14,20.019737877504618,,0.0,0.0,0.0,209.0,44.23875953203282,optimal
2021-02-07 19:00:00,15,120,0.4837393822030384,0.0,0.0,0.4010333333333333,6.615,6.0,-14,20.0,,1693.0878377106344,0.0,0.0,0.0,44.06975327444035,optimal
2021-02-07 19:30:00,15,120,0.2808422393458869,0.0,0.0,1.7535333333333334,6.174,6.0,-14,20.0,,982.9478377106044,0.0,0.0,0.0,43.900916023105474,optimal
2021-02-07 20:00:00,15,120,0.3861393822030711,0.0,0.0,1.4107,3.906,6.0,-14,20.0,,1351.4878377107489,0.0,0.0,0.0,43.73224760902193,optimal
2021-02-07 20:30:00,15,120,0.0,5.418518518518519,0.0,0.2568666666666667,2.3415,6.0,-14,20.0,,0.0,0.0,0.0,4876.666666666667,43.68851536141291,optimal
2021-02-07 21:00:00,15,120,0.0,0.0,0.0,0.2088,2.205,6.0,-14,19.976051195518817,,0.0,0.0,0.0,0.0,43.6448268460515,optimal
2021-02-07 21:30:00,15,120,0.0,0.4644444444444444,0.0,0.4590333333333333,0.882,6.0,-14,19.951321381538765,,0.0,0.0,0.0,418.0,43.60118201920545,optimal
2021-02-07 22:00:00,15,120,0.0,0.1548148148148148,0.0,0.2539333333333333,1.5435,6.0,-14,19.93061894319012,,0.0,0.0,0.0,139.33333333333331,43.55758083718625,optimal
2021-02-07 22:30:00,15,120,0.0,0.0,0.0,0.5611666666666666,1.5435,6.0,-14,19.90331289265141,,0.0,0.0,0.0,0.0,43.51402325634906,optimal
2021-02-07 23:00:00,15,120,0.0,0.0,0.0,0.074,5.0715,6.0,-14,19.87875205769379,,0.0,0.0,0.0,0.0,43.47050923309271,optimal
2021-02-07 23:30:00,15,120,0.0,0.0,0.0,0.1184,5.376,6.0,-14,19.84599043937849,,0.0,0.0,0.0,0.0,43.42703872385962,optimal
2021-02-08 00:00:00,15,120,1.1428571428571428,0.0,0.0,0.046,5.9745,6.0,0,19.84599043937849,,4000.0,0.0,0.0,0.0,43.38361168513576,optimal
2021-02-08 00:30:00,15,120,1.1428571428571428,0.0,0.0,1.1654,7.938,6.0,0,19.86202562781728,,4000.0,0.0,0.0,0.0,43.34022807345062,optimal
2021-02-08 01:00:00,15,120,1.1428571428571428,1.935185185185185,0.0,0.0516666666666666,8.6835,6.0,0,19.88084339041987,,4000.0,0.0,0.0,1741.6666666666667,43.29688784537717,optimal
2021-02-08 01:30:00,15,120,1.1428571428571428,0.0,0.0,0.1488,7.665,6.0,0,19.89625112329429,,4000.0,0.0,0.0,0.0,43.253590957531785,optimal
2021-02-08 02:00:00,15,120,1.1428571428571428,0.0,0.0,0.0704,6.7725,6.0,0,19.91233484019226,,4000.0,0.0,0.0,0.0,43.21033736657425,optimal
2021-02-08 02:30:00,15,120,1.1428571428571428,0.0,0.0,0.1095999999999999,5.5755,6.0,0,19.927332446258163,,4000.0,0.0,0.0,0.0,43.16712702920768,optimal
2021-02-08 03:00:00,15,120,1.1428571428571428,0.0,5.0,0.1095999999999999,5.0925,6.0,0,19.94287699462493,,4000.0,0.0,0.0,0.0,45.49895990217847,optimal
2021-02-08 03:30:00,15,120,1.1428571428571428,0.0,5.0,0.048,4.1895,6.0,0,19.958489853090487,,4000.0,0.0,0.0,0.0,47.82846094227629,optimal
2021-02-08 04:00:00,15,120,1.1428571428571428,0.0,0.0,0.1544,7.056,6.0,0,19.973222197596684,,4000.0,0.0,0.0,0.0,47.78063248133402,optimal
2021-02-08 04:30:00,15,120,1.1428571428571428,0.0,0.7648259860791852,0.0648,5.271,6.0,0,19.98912240748035,,4000.0,0.0,0.0,0.0,48.096144192240295,optimal
2021-02-08 05:00:00,15,120,1.1428571428571428,0.0,0.0,0.048,7.938,6.0,0,20.00370129995892,,4000.0,0.0,0.0,0.0,48.048048048048045,optimal
2021-02-08 05:30:00,15,120,1.1428571428571428,2.39962962962963,0.0,0.4097666666666666,7.938,6.0,0,20.017848369214303,,4000.0,0.0,0.0,2159.6666666666665,48.0,optimal
2021-02-08 06:00:00,15,120,1.1428571428571428,2.70925925925926,0.0,0.0672333333333333,11.907,6.0,0,20.037111949476603,,4000.0,0.0,0.0,2438.333333333333,47.87531709104338,optimal
2021-02-08 06:30:00,15,120,1.1428571428571428,0.6966666666666667,0.0,0.056,11.025,6.0,0,20.052605435586,,4000.0,0.0,0.0,627.0,47.75075886499572,optimal
2021-02-08 07:00:00,15,120,1.1428571428571428,0.0774074074074074,0.0,1.2826666666666668,11.2875,6.0,0,20.0687722992391,,4000.0,0.0,0.0,69.66666666666666,47.6263251971741,optimal
2021-02-08 07:30:00,15,120,1.1428571428571428,6.270000000000002,0.0,0.1958666666666666,12.936,6.0,0,20.096346692354548,,4000.0,0.0,0.0,5643.000000000002,47.50201596302031,optimal
2021-02-08 08:00:00,15,120,1.1428571428571428,0.6192592592592592,0.0,1.1679000000000002,13.0095,6.0,0,20.115379069143888,,4000.0,0.0,0.0,557.3333333333333,47.37783103810067,optimal
2021-02-08 08:30:00,15,120,0.0,0.2322222222222222,0.0,0.9574666666666668,13.671,6.0,0,20.13590210892161,,0.0,0.0,0.0,209.0,47.25377029810596,optimal
2021-02-08 09:00:00,15,120,1.1428571428571428,0.1548148148148148,0.0,0.5637666666666666,13.188,6.0,0,20.116003557210444,,4000.0,0.0,0.0,139.33333333333331,47.12983361885123,optimal
2021-02-08 09:30:00,15,120,0.0,0.0,0.0,0.1256666666666666,13.8495,6.0,0,20.14068495558568,,0.0,0.0,0.0,0.0,47.00602087627576,optimal
2021-02-08 10:00:00,15,120,1.1428571428571428,0.0,0.0,0.1196,13.23,6.0,0,20.10917279154973,,4000.0,0.0,0.0,0.0,46.88233194644286,optimal
2021-02-08 10:30:00,15,120,1.1428571428571428,0.0,0.0,0.1196,13.3665,6.0,0,20.12519030904396,,4000.0,0.0,0.0,0.0,46.7587667055398,optimal
2021-02-08 11:00:00,15,120,1.1428571428571428,0.0,0.0,0.0747999999999999,13.0515,6.0,0,20.14087868637366,,4000.0,0.0,0.0,0.0,46.63532502987764,optimal
2021-02-08 11:30:00,15,120,1.1184278294371046,0.0,0.0,0.1644,13.5345,6.0,0,20.158698004786427,,3914.4974030298654,0.0,0.0,0.0,46.512006795891146,optimal
2021-02-08 12:00:00,15,120,0.0,0.0,0.0,0.058,14.154,6.0,0,20.176730167536487,,0.0,0.0,0.0,0.0,46.38881188013863,optimal
2021-02-08 12:30:00,15,120,0.0,0.0,0.0,0.1531999999999999,14.112,6.0,0,20.1468779890761,,0.0,0.0,0.0,0.0,46.26574015930187,optimal
2021-02-08 13:00:00,15,120,0.0,0.0,0.0,0.086,14.2485,6.0,0,20.11864126608377,,0.0,0.0,0.0,0.0,46.14279151018595,optimal
2021-02-08 13:30:00,15,120,1.1428571428571428,0.0,0.0,0.058,12.789,6.0,0,20.0897152437412,,4000.0,0.0,0.0,0.0,46.019965809719146,optimal
2021-02-08 14:00:00,15,120,1.1428571428571428,0.0,0.0,0.1812,13.0095,6.0,0,20.10943309264995,,4000.0,0.0,0.0,0.0,45.897262934952806,optimal
2021-02-08 14:30:00,15,120,1.1428571428571428,0.0,0.0,0.058,12.1275,6.0,0,20.13087559856293,,4000.0,0.0,0.0,0.0,45.77468276306124,optimal
2021-02-08 15:00:00,15,120,1.1428571428571428,0.0,0.0,0.058,12.348,6.0,0,20.15047734424495,,4000.0,0.0,0.0,0.0,45.65222517134156,optimal
2021-02-08 15:30:00,15,120,1.1428571428571428,0.0,0.0,0.1084,12.348,6.0,0,20.167707064729047,,4000.0,0.0,0.0,0.0,45.5298900372136,optimal
2021-02-08 16:00:00,15,120,0.0,0.3096296296296296,0.0,0.2013666666666666,25.389,6.0,0,20.18561574445104,,0.0,0.0,0.0,278.66666666666663,45.40767723821976,optimal
2021-02-08 16:30:00,15,120,0.0,0.0,0.0,0.106,29.1375,6.0,0,20.156718845753684,,0.0,0.0,0.0,0.0,45.285586652024925,optimal
2021-02-08 17:00:00,15,120,0.0,0.0774074074074074,0.0,0.218,30.597,6.0,0,20.128572277049848,,0.0,0.0,0.0,69.66666666666666,45.16361815641628,optimal
2021-02-08 17:30:00,15,120,0.0,0.3096296296296296,0.0,0.1975,33.684,6.0,0,20.10063444382666,,0.0,0.0,0.0,278.66666666666663,45.04177162930324,optimal
2021-02-08 18:00:00,15,120,0.0,2.614822222222223,0.0,1.1944,32.445,6.0,0,20.07292805667356,,0.0,0.0,0.0,2353.3400000000006,44.92004694871732,optimal
2021-02-08 18:30:00,15,120,0.0,4.042214814814814,0.0,0.5347000000000001,28.917,6.0,0,20.05540483180803,,0.0,0.0,0.0,3637.993333333333,44.79844399281198,optimal
2021-02-08 19:00:00,15,120,0.0,0.3096296296296296,0.0,0.2098666666666666,15.876,6.0,0,20.028898616385547,,0.0,0.0,0.0,278.66666666666663,44.67696263986255,optimal
2021-02-08 19:30:00,15,120,0.6594801024290025,0.0774074074074074,0.0,0.1897333333333332,12.348,6.0,0,20.0,,2308.1803585015086,0.0,0.0,69.66666666666666,44.55560276826607,optimal
2021-02-08 20:00:00,15,120,0.612064226951317,0.2322222222222222,0.0,0.3236,12.1275,6.0,0,20.0,,2142.2247943296093,0.0,0.0,209.0,44.51104716549781,optimal
2021-02-08 20:30:00,15,120,0.0,0.0,0.0,0.2062333333333333,12.348,6.0,0,20.0,,0.0,0.0,0.0,0.0,44.46653611833231,optimal
2021-02-08 21:00:00,15,120,0.0,0.3096296296296296,0.0,0.156,12.1275,6.0,0,19.970784318322487,,0.0,0.0,0.0,278.66666666666663,44.42206958221397,optimal
2021-02-08 21:30:00,15,120,0.0,0.4644444444444444,0.0,0.277,12.1275,6.0,0,19.9404833585278,,0.0,0.0,0.0,418.0,44.37764751263176,optimal
2021-02-08 22:00:00,15,120,0.0,0.0,0.0,0.1028,11.2665,6.0,0,19.910759138898,,0.0,0.0,0.0,0.0,44.33326986511913,optimal
2021-02-08 22:30:00,15,120,0.0,0.0,0.0,0.058,10.143,6.0,0,19.876113842744303,,0.0,0.0,0.0,0.0,44.28893659525401,optimal
2021-02-08 23:00:00,15,120,0.0,0.0,0.0,0.114,11.2455,6.0,0,19.840892335948336,,0.0,0.0,0.0,0.0,44.24464765865876,optimal
2021-02-08 23:30:00,15,120,0.0,0.0,0.0,0.1215333333333333,11.025,6.0,0,19.80632374108145,,0.0,0.0,0.0,0.0,44.2004030110001,optimal
2021-02-09 00:00:00,15,120,1.1428571428571428,0.0774074074074074,0.0,0.0784333333333333,14.3745,6.0,-12,19.80632374108145,,4000.0,0.0,0.0,69.66666666666666,44.1562026079891,optimal
2021-02-09 00:30:00,15,120,1.1428571428571428,0.0,5.0,0.2986999999999999,13.23,6.0,-12,19.82223696928773,,4000.0,0.0,0.0,0.0,46.48704640538112,optimal
2021-02-09 01:00:00,15,120,1.1428571428571428,0.0774074074074074,0.0,0.3288666666666667,13.9755,6.0,-12,19.84285721904173,,4000.0,0.0,0.0,69.66666666666666,46.44055935897573,optimal
2021-02-09 01:30:00,15,120,1.1428571428571428,0.2322222222222222,0.0,0.2812,14.994,6.0,-12,19.8646110108265,,4000.0,0.0,0.0,209.0,46.39411879961676,optimal
2021-02-09 02:00:00,15,120,1.1428571428571428,0.0,4.494580870735242,0.062,13.671,6.0,-12,19.886650507449183,,4000.0,0.0,0.0,0.0,48.48265059441637,optimal
2021-02-09 02:30:00,15,120,1.1428571428571428,0.0,0.0,0.0918666666666666,15.981,6.0,-12,19.899802650186373,,4000.0,0.0,0.0,0.0,48.434167943821954,optimal
2021-02-09 03:00:00,15,120,1.1428571428571428,0.0,0.0,0.0993333333333333,15.6345,6.0,-12,19.91339169210135,,4000.0,0.0,0.0,0.0,48.38573377587813,optimal
2021-02-09 03:30:00,15,120,1.1428571428571428,0.0,0.0,0.0673333333333333,16.5375,6.0,-12,19.927143882525684,,4000.0,0.0,0.0,0.0,48.33734804210225,optimal
2021-02-09 04:00:00,15,120,1.1428571428571428,0.0,0.0,0.1056,14.7735,6.0,-12,19.940612257173587,,4000.0,0.0,0.0,0.0,48.28901069406015,optimal
2021-02-09 04:30:00,15,120,1.1428571428571428,0.0,0.0,0.0965999999999999,15.2145,6.0,-12,19.95466151294076,,4000.0,0.0,0.0,0.0,48.24072168336608,optimal
2021-02-09 05:00:00,15,120,1.1428571428571428,0.0,0.0,0.062,14.553,6.0,-12,19.96848465888908,,4000.0,0.0,0.0,0.0,48.19248096168271,optimal
2021-02-09 05:30:00,15,120,1.1428571428571428,0.0,0.0,0.1217333333333333,14.3325,6.0,-12,19.98167281656297,,4000.0,0.0,0.0,0.0,48.144288480721016,optimal
2021-02-09 06:00:00,15,120,1.1428571428571428,0.2322222222222222,0.0,0.1207999999999999,14.595,6.0,-12,19.99556251985416,,4000.0,0.0,0.0,209.0,48.096144192240295,optimal
2021-02-09 06:30:00,15,120,1.1428571428571428,1.548148148148148,0.0,0.1943333333333332,14.994,6.0,-12,20.01005897993959,,4000.0,0.0,0.0,1393.3333333333333,48.048048048048045,optimal
2021-02-09 07:00:00,15,120,1.1428571428571428,0.387037037037037,0.0,1.1631333333333334,14.3325,6.0,-12,20.02888062426706,,4000.0,0.0,0.0,348.3333333333333,48.0,optimal
2021-02-09 07:30:00,15,120,1.1428571428571428,0.774074074074074,0.0,1.159266666666667,13.8915,6.0,-12,20.050978424559496,,4000.0,0.0,0.0,696.6666666666666,47.765353587844935,optimal
2021-02-09 08:00:00,15,120,1.1428571428571428,0.5418518518518518,0.0,0.3334,13.8915,6.0,-12,20.072942175064256,,4000.0,0.0,0.0,487.6666666666667,47.53094182210203,optimal
2021-02-09 08:30:00,15,120,1.1428571428571428,0.1548148148148148,0.0,0.2901333333333333,13.4715,6.0,-12,20.093848628847265,,4000.0,0.0,0.0,139.33333333333331,47.29676446812486,optimal
2021-02-09 09:00:00,15,120,1.1428571428571428,0.0,0.0,0.072,13.23,6.0,-12,20.111001403465707,,4000.0,0.0,0.0,0.0,47.06282129150168,optimal
2021-02-09 09:30:00,15,120,1.1428571428571428,0.0,0.0,0.1018666666666666,13.8915,6.0,-12,20.12254970178073,,4000.0,0.0,0.0,0.0,46.82911205805511,optimal
2021-02-09 10:00:00,15,120,0.0,0.0,0.0,0.1093333333333333,26.9325,6.0,-12,20.135033719711267,,0.0,0.0,0.0,0.0,46.59563653384199,optimal
2021-02-09 10:30:00,15,120,0.0,0.0,0.0,0.072,30.303,6.0,-12,20.10232528659688,,0.0,0.0,0.0,0.0,46.36239448515308,optimal
2021-02-09 11:00:00,15,120,0.0,0.0,0.0,0.072,32.886,6.0,-12,20.069722533242008,,0.0,0.0,0.0,0.0,46.12938567851287,optimal
2021-02-09 11:30:00,15,120,0.0,0.0,0.0,0.1168,34.9965,6.0,-12,20.040362115757823,,0.0,0.0,0.0,0.0,45.89660988067929,optimal
2021-02-09 12:00:00,15,120,0.0,1.3859073701266067,0.0,0.0944,33.327,6.0,-12,20.011704804266685,,0.0,1247.3166331139462,0.0,0.0,45.66406685864355,optimal
2021-02-09 12:30:00,15,120,0.0,2.485277277028567,0.0,0.072,31.122,6.0,-12,20.0,,0.0,2236.74954932571,0.0,0.0,45.431756379629846,optimal
2021-02-09 13:00:00,15,120,0.6307860720939045,0.0,0.0,0.072,17.9025,6.0,-12,20.0,,2207.751252328666,0.0,0.0,0.0,45.199678211095154,optimal
2021-02-09 13:30:00,15,120,0.613910938998171,0.0,0.0,0.1392,15.6555,6.0,-12,20.0,,2148.6882864935983,0.0,0.0,0.0,44.96783212072899,optimal
2021-02-09 14:00:00,15,120,0.6483194922240194,0.0,0.0,0.072,14.553,6.0,-12,20.0,,2269.118222784068,0.0,0.0,0.0,44.7362178764532,optimal
2021-02-09 14:30:00,15,120,0.6314443591282859,0.0,0.0,0.1392,14.3325,6.0,-12,20.0,,2210.0552569490005,0.0,0.0,0.0,44.504835246421685,optimal
2021-02-09 15:00:00,15,120,0.7037461074175022,0.0,0.0,0.072,13.335,6.0,-12,20.0,,2463.1113759612576,0.0,0.0,0.0,44.2736839990202,optimal
2021-02-09 15:30:00,15,120,1.1428571428571428,0.0,0.0,0.1392,12.1275,6.0,-12,20.0,,4000.0,0.0,0.0,0.0,44.04276390286611,optimal
2021-02-09 16:00:00,15,120,0.3160671813323682,0.0,0.0,0.072,12.2955,6.0,-12,20.01954155818857,,1106.2351346632886,0.0,0.0,0.0,43.81207472680818,optimal
2021-02-09 16:30:00,15,120,0.3962717010951519,0.0,0.0,1.688,11.6865,6.0,-12,20.0,,1386.9509538330317,0.0,0.0,0.0,43.58161623992631,optimal
2021-02-09 17:00:00,15,120,0.908022281498588,0.4644444444444444,0.0,0.9002,11.466,6.0,-12,20.0,,3178.0779852450573,0.0,0.0,418.0,43.35138821153132,optimal
2021-02-09 17:30:00,15,120,1.1428571428571428,0.0,0.0,0.1455333333333333,10.8045,6.0,-12,20.014431629317524,,4000.0,0.0,0.0,0.0,43.121390411164725,optimal
2021-02-09 18:00:00,15,120,1.1428571428571428,7.663333333333333,0.0,0.1,10.584,6.0,-12,20.03248424899788,,4000.0,0.0,0.0,6897.0,42.891622608598496,optimal
2021-02-09 18:30:00,15,120,1.1428571428571428,2.012592592592592,0.0,1.3377666666666668,11.2455,6.0,-12,20.0510402111058,,4000.0,0.0,0.0,1811.333333333333,42.66208457383483,optimal
2021-02-09 19:00:00,15,120,0.0,0.0,0.0,0.5089333333333332,12.1275,6.0,-12,20.07316061181144,,0.0,0.0,0.0,0.0,42.432776077105935,optimal
2021-02-09 19:30:00,15,120,0.0,0.0,0.0,0.251,11.823,6.0,-12,20.04660959277275,,0.0,0.0,0.0,0.0,42.203696888873765,optimal
2021-02-09 20:00:00,15,120,0.0,0.2322222222222222,0.0,1.7854333333333334,11.7705,6.0,-12,20.02049178920083,,0.0,0.0,0.0,209.0,41.97484677982983,optimal
2021-02-09 20:30:00,15,120,0.0,0.3096296296296296,0.0,1.4438666666666666,11.13,6.0,-12,20.0,,0.0,0.0,0.0,278.66666666666663,41.93287193305,optimal
2021-02-09 21:00:00,15,120,0.0,0.2322222222222222,0.0,3.5739666666666667,11.6865,6.0,-12,19.98220441649821,,0.0,0.0,0.0,209.0,41.89093906111695,optimal
2021-02-09 21:30:00,15,120,0.0,0.0,0.0,2.1596666666666664,10.7205,6.0,-12,19.97418510655169,,0.0,0.0,0.0,0.0,41.84904812205583,optimal
2021-02-09 22:00:00,15,120,0.0,2.1674074074074072,0.0,0.299,11.424,6.0,-12,19.952331246603183,,0.0,0.0,0.0,1950.6666666666667,41.80719907393377,optimal
2021-02-09 22:30:00,15,120,0.0,5.495925925925925,0.0,0.2775333333333333,10.689,6.0,-12,19.923404582639364,,0.0,0.0,0.0,4946.333333333333,41.76539187485984,optimal
2021-02-09 23:00:00,15,120,0.0,0.2322222222222222,0.0,0.2699666666666666,11.361,6.0,-12,19.89302470212957,,0.0,0.0,0.0,209.0,41.723626482984976,optimal
2021-02-09 23:30:00,15,120,0.0,0.3096296296296296,0.0,0.3950666666666667,11.571,6.0,-12,19.861974562211746,,0.0,0.0,0.0,278.66666666666663,41.68190285650199,optimal
2021-02-10 00:00:00,15,120,0.0,0.0,0.0,0.068,16.758,6.0,6,19.861974562211746,,0.0,0.0,0.0,0.0,41.64022095364549,optimal
2021-02-10 00:30:00,15,120,1.1428571428571428,0.0,0.0,0.068,14.217,6.0,6,19.82631987318245,,4000.0,0.0,0.0,0.0,41.59858073269184,optimal
2021-02-10 01:00:00,15,120,1.1428571428571428,0.0,0.0,0.2139333333333333,13.3665,6.0,6,19.83926698844732,,4000.0,0.0,0.0,0.0,41.556982151959154,optimal
2021-02-10 01:30:00,15,120,1.1428571428571428,0.0,0.0,0.068,12.789,6.0,6,19.85376798891146,,4000.0,0.0,0.0,0.0,41.5154251698072,optimal
2021-02-10 02:00:00,15,120,1.1428571428571428,0.0,0.0,0.068,11.907,6.0,6,19.866264173989205,,4000.0,0.0,0.0,0.0,41.47390974463739,optimal
2021-02-10 02:30:00,15,120,1.1428571428571428,0.0,0.0,0.2139333333333333,11.7075,6.0,6,19.87853732830837,,4000.0,0.0,0.0,0.0,41.43243583489275,optimal
2021-02-10 03:00:00,15,120,1.1428571428571428,0.0,0.0,0.068,10.8045,6.0,6,19.89256396028288,,4000.0,0.0,0.0,0.0,41.39100339905786,optimal
2021-02-10 03:30:00,15,120,1.1428571428571428,0.0,0.0,0.2139333333333333,11.508,6.0,6,19.90478497362248,,4000.0,0.0,0.0,0.0,41.3496123956588,optimal
2021-02-10 04:00:00,15,120,1.1428571428571428,0.0,0.0,0.068,11.508,6.0,6,19.918759567990183,,4000.0,0.0,0.0,0.0,41.308262783263146,optimal
2021-02-10 04:30:00,15,120,1.1428571428571428,0.0,0.0,0.068,11.508,6.0,6,19.93092864689081,,4000.0,0.0,0.0,0.0,41.266954520479885,optimal
2021-02-10 05:00:00,15,120,1.1428571428571428,0.0,0.0,0.068,11.844,6.0,6,19.942875343541413,,4000.0,0.0,0.0,0.0,41.22568756595941,optimal
2021-02-10 05:30:00,15,120,1.1428571428571428,0.0,0.0,0.0879,11.508,6.0,6,19.954600098828788,,4000.0,0.0,0.0,0.0,41.18446187839344,optimal
2021-02-10 06:00:00,15,120,1.1428571428571428,0.0,0.0,0.1977,11.508,6.0,6,19.9663457813959,,4000.0,0.0,0.0,0.0,41.14327741651505,optimal
2021-02-10 06:30:00,15,120,1.1428571428571428,0.6966666666666667,5.0,0.072,10.4475,6.0,6,19.9791628738176,,4000.0,0.0,0.0,627.0,43.47713413909853,optimal
2021-02-10 07:00:00,15,120,1.1428571428571428,0.4644444444444444,4.7095024541289225,0.4084,10.8675,6.0,6,19.99153038426458,,4000.0,0.0,0.0,418.0,45.670670670670674,optimal
2021-02-10 07:30:00,15,120,1.1428571428571428,0.0,5.0,0.076,10.542,6.0,6,20.009622809531976,,4000.0,0.0,0.0,0.0,48.0,optimal
2021-02-10 08:00:00,15,120,1.1428571428571428,0.6966666666666667,0.0,0.076,11.025,6.0,6,20.02374198701239,,4000.0,0.0,0.0,627.0,47.5617764297627,optimal
2021-02-10 08:30:00,15,120,1.1428571428571428,0.2740222222222222,0.0,0.076,11.025,6.0,6,20.03792049553229,,4000.0,0.0,0.0,246.62,47.123991083095646,optimal
2021-02-10 09:00:00,15,120,1.1428571428571428,6.073385185185183,0.0,0.1761,14.553,6.0,6,20.05167555453012,,4000.0,0.0,0.0,5466.046666666665,46.68664352177525,optimal
2021-02-10 09:30:00,15,120,1.1428571428571428,0.3096296296296296,0.0,0.3456666666666667,13.0935,6.0,6,20.069567120061137,,4000.0,0.0,0.0,278.66666666666663,46.249733308016175,optimal
2021-02-10 10:00:00,15,120,1.1428571428571428,0.1548148148148148,0.0,0.2185,15.6345,6.0,6,20.08977223176828,,4000.0,0.0,0.0,139.33333333333331,45.81326000447086,optimal
2021-02-10 10:30:00,15,120,0.0,0.0,0.0,0.2840333333333333,18.102,6.0,6,20.10922728269181,,0.0,0.0,0.0,0.0,45.37722317422909,optimal
2021-02-10 11:00:00,15,120,0.4084082219188231,0.1548148148148148,0.0,0.3800333333333333,17.199,6.0,6,20.08115631194353,,1429.4287767158808,0.0,0.0,139.33333333333331,44.94162238081756,optimal
2021-02-10 11:30:00,15,120,0.0,0.1548148148148148,0.0,0.2841666666666667,18.2805,6.0,6,20.073147494543168,,0.0,0.0,0.0,139.33333333333331,44.50645718819945,optimal
2021-02-10 12:00:00,15,120,0.0,0.0774074074074074,0.0,0.3499,17.4615,6.0,6,20.0467711387952,,0.0,0.0,0.0,69.66666666666666,44.071727160773946,optimal
2021-02-10 12:30:00,15,120,0.0,0.1548148148148148,0.0,0.219,18.3225,6.0,6,20.02416049024593,,0.0,0.0,0.0,139.33333333333331,43.637431863375866,optimal
2021-02-10 13:00:00,15,120,0.5052881285372669,0.0,0.0,0.4669333333333332,17.094,6.0,6,20.0,,1768.508449880434,0.0,0.0,0.0,43.2035708612752,optimal
2021-02-10 13:30:00,15,120,0.5302553275868084,0.0,0.0,0.347,17.094,6.0,6,20.0,,1855.893646553829,0.0,0.0,0.0,42.77014372017662,optimal
2021-02-10 14:00:00,15,120,0.5106236301720306,0.0,0.0,0.4200666666666666,17.094,6.0,6,20.0,,1787.1827056021073,0.0,0.0,0.0,42.33715000621915,optimal
2021-02-10 14:30:00,15,120,0.0,0.387037037037037,0.0,2.001033333333333,17.3565,6.0,6,20.0027620551958,,0.0,0.0,0.0,348.3333333333333,41.90458928597563,optimal
2021-02-10 15:00:00,15,120,0.3083786266318188,0.2322222222222222,0.0,3.582966666666666,17.115,6.0,6,20.0,,1079.3251932113658,0.0,0.0,209.0,41.47246112645236,optimal
2021-02-10 15:30:00,15,120,0.0,0.2322222222222222,0.0,1.0399333333333334,17.241,6.0,6,20.012582458127067,,0.0,0.0,0.0,209.0,41.0407650950886,optimal
2021-02-10 16:00:00,15,120,1.0641322734757082,0.1548148148148148,0.0,0.4271999999999999,17.094,6.0,6,20.0,,3724.4629571649775,0.0,0.0,139.33333333333331,40.609500759756216,optimal
2021-02-10 16:30:00,15,120,1.1428571428571428,0.1548148148148148,0.0,0.4725333333333333,16.5165,6.0,6,20.02439918115677,,4000.0,0.0,0.0,139.33333333333331,40.17866768875916,optimal
2021-02-10 17:00:00,15,120,0.0,0.1548148148148148,0.0,0.4808666666666666,17.8185,6.0,6,20.053582183735383,,0.0,0.0,0.0,139.33333333333331,39.7482654508331,optimal
2021-02-10 17:30:00,15,120,1.1428571428571428,0.2322222222222222,0.0,0.5358666666666667,17.094,6.0,6,20.02870863129832,,4000.0,0.0,0.0,209.0,39.31829361514497,optimal
2021-02-10 18:00:00,15,120,1.1428571428571428,0.3096296296296296,0.0,0.4120333333333333,16.8945,6.0,6,20.050365761841384,,4000.0,0.0,0.0,278.66666666666663,38.88875175129252,optimal
2021-02-10 18:30:00,15,120,0.0,0.6966666666666667,0.0,1.147733333333333,18.123,6.0,6,20.070856383365143,,0.0,0.0,0.0,627.0,38.45963942930392,optimal
2021-02-10 19:00:00,15,120,0.0,2.5544444444444445,0.0,1.4246,31.647,6.0,6,20.054588031693434,,0.0,0.0,0.0,2299.0,38.03095621963732,optimal
2021-02-10 19:30:00,15,120,0.0,0.0,0.0,1.4770333333333332,34.9965,6.0,6,20.04214190542996,,0.0,0.0,0.0,0.0,37.60270169318038,optimal
2021-02-10 20:00:00,15,120,0.0,0.4644444444444444,0.0,1.2361333333333335,34.9965,6.0,6,20.022298826690392,,0.0,0.0,0.0,418.0,37.17487542124989,optimal
2021-02-10 20:30:00,15,120,0.0,0.4644444444444444,0.0,0.6684,34.9965,6.0,6,20.0,,0.0,0.0,0.0,418.0,36.74747697559134,optimal
2021-02-10 21:00:00,15,120,0.0,0.3096296296296296,0.0,1.713,34.9965,6.0,6,19.97392885256352,,0.0,0.0,0.0,278.66666666666663,36.71072949861575,optimal
2021-02-10 21:30:00,15,120,0.0,1.006296296296296,0.0,0.6939,34.9965,6.0,6,19.94879589745552,,0.0,0.0,0.0,905.6666666666664,36.67401876911713,optimal
2021-02-10 22:00:00,15,120,0.0,0.0,0.0,3.242733333333333,27.741,6.0,6,19.91798259382457,,0.0,0.0,0.0,0.0,36.637344750348014,optimal
2021-02-10 22:30:00,15,120,0.0,0.0774074074074074,0.0,2.910366666666667,19.026,6.0,6,19.89297532091592,,0.0,0.0,0.0,69.66666666666666,36.60070740559767,optimal
2021-02-10 23:00:00,15,120,0.0,0.2322222222222222,0.0,0.7283999999999999,18.7215,6.0,6,19.86602250176216,,0.0,0.0,0.0,209.0,36.56410669819207,optimal
2021-02-10 23:30:00,15,120,0.0,2.1674074074074072,0.0,0.249,17.4195,6.0,6,19.83689701630337,,0.0,0.0,0.0,1950.6666666666667,36.52754259149388,optimal
2021-02-11 00:00:00,15,120,1.1428571428571428,0.1548148148148148,0.0,0.0625333333333333,12.306,6.0,4,19.83689701630337,,4000.0,0.0,0.0,139.33333333333331,36.49101504890238,optimal
2021-02-11 00:30:00,15,120,1.1428571428571428,0.0,5.0,0.1678,10.6365,6.0,4,19.841551804661265,,4000.0,0.0,0.0,0.0,38.82952403385348,optimal
2021-02-11 01:00:00,15,120,1.1428571428571428,0.0,0.0,0.1810666666666666,11.2455,6.0,4,19.8469389534028,,4000.0,0.0,0.0,0.0,38.79069450981963,optimal
2021-02-11 01:30:00,15,120,1.1428571428571428,0.0,0.0,0.1007,11.2455,6.0,4,19.8526752971563,,4000.0,0.0,0.0,0.0,38.75190381530981,optimal
2021-02-11 02:00:00,15,120,1.1428571428571428,0.0,0.0,0.1692333333333333,11.025,6.0,4,19.857421213930166,,4000.0,0.0,0.0,0.0,38.7131519114945,optimal
2021-02-11 02:30:00,15,120,1.1428571428571428,0.0,0.0,0.1369333333333333,12.0855,6.0,4,19.862992618215024,,4000.0,0.0,0.0,0.0,38.674438759583005,optimal
2021-02-11 03:00:00,15,120,1.1428571428571428,0.0,0.0,0.207,11.6865,6.0,4,19.86796123086821,,4000.0,0.0,0.0,0.0,38.63576432082342,optimal
2021-02-11 03:30:00,15,120,1.1428571428571428,0.0,0.0,0.1418666666666666,11.2245,6.0,4,19.87357531283062,,4000.0,0.0,0.0,0.0,38.5971285565026,optimal
2021-02-11 04:00:00,15,120,1.1428571428571428,0.0,0.0,0.1251,11.025,6.0,4,19.878880428615624,,4000.0,0.0,0.0,0.0,38.55853142794609,optimal
2021-02-11 04:30:00,15,120,1.1428571428571428,0.0,5.0,0.1991,10.7835,6.0,4,19.884466410102288,,4000.0,0.0,0.0,0.0,40.89497289651815,optimal
2021-02-11 05:00:00,15,120,1.1428571428571428,0.0,1.1322738250442097,0.0826666666666666,11.025,6.0,4,19.89094281042849,,4000.0,0.0,0.0,0.0,41.39190799051762,optimal
2021-02-11 05:30:00,15,120,1.1428571428571428,0.0,5.0,0.0666666666666666,10.584,6.0,4,19.89598794005392,,4000.0,0.0,0.0,0.0,43.7255160825271,optimal
2021-02-11 06:00:00,15,120,1.1428571428571428,0.0,5.0,0.1583333333333333,11.025,6.0,4,19.9012182103084,,4000.0,0.0,0.0,0.0,46.056790566444576,optimal
2021-02-11 06:30:00,15,120,1.1428571428571428,0.0,5.0,0.18,10.4265,6.0,4,19.90813574313729,,4000.0,0.0,0.0,0.0,48.38573377587813,optimal
2021-02-11 07:00:00,15,120,1.1428571428571428,0.0,0.0,0.0702,12.789,6.0,4,19.9158194569132,,4000.0,0.0,0.0,0.0,48.33734804210225,optimal
2021-02-11 07:30:00,15,120,1.1428571428571428,6.308369105746789,0.0,0.1749666666666666,12.684,6.0,4,19.922645956672284,,4000.0,5677.53219517211,0.0,0.0,48.28901069406015,optimal
2021-02-11 08:00:00,15,120,1.1428571428571428,0.0,0.0,0.1835666666666666,16.254,6.0,4,20.0,,4000.0,0.0,0.0,0.0,48.24072168336608,optimal
2021-02-11 08:30:00,15,120,1.1428571428571428,0.0,0.0,0.1024,17.64,6.0,4,20.00821811368049,,4000.0,0.0,0.0,0.0,48.19248096168271,optimal
2021-02-11 09:00:00,15,120,1.1428571428571428,0.0,0.0,0.1122666666666666,19.1625,6.0,4,20.0152515124639,,4000.0,0.0,0.0,0.0,48.144288480721016,optimal
2021-02-11 09:30:00,15,120,0.0,1.0165116160927432,0.0,0.21,26.46,6.0,4,20.0242588166728,,0.0,845.1937878168023,0.0,69.66666666666666,48.096144192240295,optimal
2021-02-11 10:00:00,15,120,1.1428571428571428,0.4644444444444444,0.0,0.2964,20.79,6.0,4,20.0,,4000.0,0.0,0.0,418.0,48.048048048048045,optimal
2021-02-11 10:30:00,15,120,0.0,0.2814920638568313,0.0,0.3635333333333334,29.106,6.0,4,20.023270033075967,,0.0,253.3428574711482,0.0,0.0,48.0,optimal
2021-02-11 11:00:00,15,120,1.1428571428571428,0.0,0.0,0.2276666666666666,19.1835,6.0,4,20.0,,4000.0,0.0,0.0,0.0,47.52602249642339,optimal
2021-02-11 11:30:00,15,120,0.1638727655471299,0.5418518518518518,0.0,0.301,19.6665,6.0,4,20.018804157469567,,573.5546794149546,0.0,0.0,487.6666666666667,47.05251897035036,optimal
2021-02-11 12:00:00,15,120,0.4357080625040134,0.0,0.0,0.5902999999999999,19.404,6.0,4,20.0,,1524.978218764047,0.0,0.0,0.0,46.57948894780339,optimal
2021-02-11 12:30:00,15,120,0.5092943165579409,0.0,0.0,0.2269666666666666,19.047,6.0,4,20.0,,1782.5301079527933,0.0,0.0,0.0,46.106931955278974,optimal
2021-02-11 13:00:00,15,120,1.1428571428571428,0.0,0.0,1.6279666666666668,18.858,6.0,4,20.0,,4000.0,0.0,0.0,0.0,45.63484751974708,optimal
2021-02-11 13:30:00,15,120,0.0,0.0,0.0,2.8170333333333333,19.2675,6.0,4,20.03062854811665,,0.0,0.0,0.0,0.0,45.16323516865072,optimal
2021-02-11 14:00:00,15,120,0.8947775334718296,0.0,0.0,1.3943666666666663,18.963,6.0,4,20.0135051885373,,3131.721367151404,0.0,0.0,0.0,44.69209442990546,optimal
2021-02-11 14:30:00,15,120,1.1428571428571428,0.3096296296296296,0.0,0.1919333333333333,18.438,6.0,4,20.033907778454136,,4000.0,0.0,0.0,278.66666666666663,44.22142483189894,optimal
2021-02-11 15:00:00,15,120,1.1428571428571428,0.2322222222222222,0.0,0.176,18.7425,6.0,4,20.06290231998012,,4000.0,0.0,0.0,209.0,43.75122590349044,optimal
2021-02-11 15:30:00,15,120,1.1428571428571428,0.0,0.0,0.3870666666666666,15.2145,6.0,4,20.089316617298465,,4000.0,0.0,0.0,0.0,43.28149717401033,optimal
2021-02-11 16:00:00,15,120,1.1428571428571428,0.0774074074074074,0.0,0.5802,17.7765,6.0,4,20.114845049540826,,4000.0,0.0,0.0,69.66666666666666,42.81223817325972,optimal
2021-02-11 16:30:00,15,120,1.1428571428571428,0.5418518518518518,0.0,2.7055,16.758,6.0,4,20.13698319598258,,4000.0,0.0,0.0,487.6666666666667,42.34344843150984,optimal
2021-02-11 17:00:00,15,120,1.1428571428571428,0.4644444444444444,0.0,3.0306,16.422,6.0,4,20.16092973746741,,4000.0,0.0,0.0,418.0,41.87512747950172,optimal
2021-02-11 17:30:00,15,120,1.1428571428571428,5.8117481481481486,0.0,0.1906999999999999,16.758,6.0,4,20.182474535107144,,4000.0,0.0,0.0,5230.573333333334,41.40727484844561,optimal
2021-02-11 18:00:00,15,120,0.0,0.7678814814814812,0.0,0.1449333333333333,29.358,6.0,4,20.192474700393795,,0.0,0.0,0.0,691.093333333333,40.93989007002055,optimal
2021-02-11 18:30:00,15,120,0.0,0.1548148148148148,0.0,0.1846666666666666,34.9965,6.0,4,20.154090709949376,,0.0,0.0,0.0,139.33333333333331,40.47297267637392,optimal
2021-02-11 19:00:00,15,120,0.0,0.0,0.0,0.1980333333333333,34.65,6.0,4,20.114798936638643,,0.0,0.0,0.0,0.0,40.432499703697545,optimal
2021-02-11 19:30:00,15,120,0.0,0.2322222222222222,0.0,0.2981666666666667,34.9965,6.0,4,20.076103263118394,,0.0,0.0,0.0,209.0,40.39206720399385,optimal
2021-02-11 20:00:00,15,120,0.0,0.4644444444444444,0.0,0.4538999999999999,34.9965,6.0,4,20.03790387568796,,0.0,0.0,0.0,418.0,40.35167513678985,optimal
2021-02-11 20:30:00,15,120,0.0,0.0,0.0,0.3174333333333333,30.4815,6.0,4,20.0,,0.0,0.0,0.0,0.0,40.31132346165306,optimal
2021-02-11 21:00:00,15,120,0.0,0.387037037037037,0.0,0.3712666666666666,21.4305,6.0,4,19.960052039654062,,0.0,0.0,0.0,348.3333333333333,40.27101213819141,optimal
2021-02-11 21:30:00,15,120,0.0,0.1548148148148148,0.0,0.1383333333333333,14.3325,6.0,4,19.91981830460152,,0.0,0.0,0.0,139.33333333333331,40.23074112605322,optimal
2021-02-11 22:00:00,15,120,0.0,0.0,0.0,0.3420666666666667,13.692,6.0,4,19.874221174018423,,0.0,0.0,0.0,0.0,40.190510384927165,optimal
2021-02-11 22:30:00,15,120,0.0,0.0,0.0,0.1638,14.007,6.0,4,19.83201211244073,,0.0,0.0,0.0,0.0,40.15031987454224,optimal
2021-02-11 23:00:00,15,120,0.0,0.0,0.0,0.1107,12.873,6.0,4,19.784783414462588,,0.0,0.0,0.0,0.0,40.1101695546677,optimal
2021-02-11 23:30:00,15,120,0.0,0.0,0.0,0.2558333333333333,12.684,6.0,4,19.73581193020476,,0.0,0.0,0.0,0.0,40.07005938511304,optimal
2021-02-12 00:00:00,15,120,1.1428571428571428,0.0,5.0,0.05,10.8465,6.0,-11,19.73581193020476,,4000.0,0.0,0.0,0.0,42.40498932572792,optimal
2021-02-12 00:30:00,15,120,1.1428571428571428,0.0,0.0,0.0781666666666666,13.671,6.0,-11,19.73445571248505,,4000.0,0.0,0.0,0.0,42.36258433640219,optimal
2021-02-12 01:00:00,15,120,1.1428571428571428,0.0,5.0,0.1457666666666666,12.348,6.0,-11,19.733445319553194,,4000.0,0.0,0.0,0.0,44.69522175206579,optimal
2021-02-12 01:30:00,15,120,1.1428571428571428,0.0,0.0,0.1330666666666666,14.3325,6.0,-11,19.73326045619116,,4000.0,0.0,0.0,0.0,44.650526530313726,optimal
2021-02-12 02:00:00,15,120,1.1428571428571428,0.0,0.0,0.1232333333333333,15.393,6.0,-11,19.73311949985947,,4000.0,0.0,0.0,0.0,44.605876003783415,optimal
2021-02-12 02:30:00,15,120,1.1428571428571428,0.0,0.0,0.1778333333333333,13.587,6.0,-11,19.733057286226952,,4000.0,0.0,0.0,0.0,44.56127012777963,optimal
2021-02-12 03:00:00,15,120,1.1428571428571428,0.0,0.0,0.0559333333333333,16.1385,6.0,-11,19.734255120735607,,4000.0,0.0,0.0,0.0,44.51670885765185,optimal
2021-02-12 03:30:00,15,120,1.1428571428571428,0.0,0.0,0.1063333333333333,14.595,6.0,-11,19.734560321680785,,4000.0,0.0,0.0,0.0,44.4721921487942,optimal
2021-02-12 04:00:00,15,120,1.1428571428571428,0.0,0.0,0.2006666666666666,14.637,6.0,-11,19.736866701647617,,4000.0,0.0,0.0,0.0,44.42771995664541,optimal
2021-02-12 04:30:00,15,120,1.1428571428571428,0.0,0.0,0.05,13.9125,6.0,-11,19.741705504118784,,4000.0,0.0,0.0,0.0,44.38329223668876,optimal
2021-02-12 05:00:00,15,120,1.1428571428571428,0.0,0.0,0.05,13.3665,6.0,-11,19.746087034316247,,4000.0,0.0,0.0,0.0,44.33890894445207,optimal
2021-02-12 05:30:00,15,120,1.1428571428571428,0.0,5.0,0.1891333333333333,13.0095,6.0,-11,19.75184767185761,,4000.0,0.0,0.0,0.0,46.66957003550762,optimal
2021-02-12 06:00:00,15,120,1.1428571428571428,0.2322222222222222,0.0,0.1268666666666666,13.8915,6.0,-11,19.760873848102268,,4000.0,0.0,0.0,209.0,46.622900465472114,optimal
2021-02-12 06:30:00,15,120,1.1428571428571428,0.4644444444444444,2.997310389459702,0.058,13.188,6.0,-11,19.772677074200683,,4000.0,0.0,0.0,418.0,48.0,optimal
2021-02-12 07:00:00,15,120,1.1428571428571428,0.3096296296296296,0.0,2.5357,12.5685,6.0,-11,19.78600698996789,,4000.0,0.0,0.0,278.66666666666663,47.71599746962089,optimal
2021-02-12 07:30:00,15,120,1.1428571428571428,16.68132981259422,0.0,1.9187,12.285,6.0,-11,19.805398288459592,,4000.0,14873.863498001465,0.0,139.33333333333331,47.43227894177216,optimal
2021-02-12 08:00:00,15,120,1.1428571428571428,0.2322222222222222,0.0,0.8496,11.487,6.0,-11,20.0,,4000.0,0.0,0.0,209.0,47.14884413245127,optimal
2021-02-12 08:30:00,15,120,1.1428571428571428,0.2322222222222222,0.0,1.3948,11.802,6.0,-11,20.014810927957285,,4000.0,0.0,0.0,209.0,46.86569275793971,optimal
2021-02-12 09:00:00,15,120,1.1428571428571428,0.0,0.0,1.0803666666666665,11.2245,6.0,-11,20.02560665535307,,4000.0,0.0,0.0,0.0,46.58282453480266,optimal
2021-02-12 09:30:00,15,120,1.1428571428571428,0.1548148148148148,0.0,2.1568,11.025,6.0,-11,20.035116221370387,,4000.0,0.0,0.0,139.33333333333331,46.30023917988875,optimal
2021-02-12 10:00:00,15,120,1.1428571428571428,0.0,0.0,0.6853333333333333,11.907,6.0,-11,20.05046009725967,,4000.0,0.0,0.0,0.0,46.01793641032975,optimal
2021-02-12 10:30:00,15,120,0.0,0.0,0.0,3.3166666666666664,25.83,6.0,-11,20.071809419764552,,0.0,0.0,0.0,0.0,45.73591594354031,optimal
2021-02-12 11:00:00,15,120,0.0,0.0774074074074074,0.0,0.4876,28.035,6.0,-11,20.04882494400072,,0.0,0.0,0.0,69.66666666666666,45.454177497217664,optimal
2021-02-12 11:30:00,15,120,0.0,2.012592592592592,0.0,1.8555,28.119,6.0,-11,20.02659480482053,,0.0,0.0,0.0,1811.333333333333,45.17272078934133,optimal
2021-02-12 12:00:00,15,120,0.0,1.104324063114383,0.0,1.9218333333333333,30.156,6.0,-11,20.007055519263528,,0.0,715.224990136278,0.0,278.66666666666663,44.891545538172885,optimal
2021-02-12 12:30:00,15,120,0.0,1.437917619396601,0.0,2.6164666666666667,29.1585,6.0,-11,20.0,,0.0,1085.1258574569408,0.0,209.0,44.6106514622556,optimal
2021-02-12 13:00:00,15,120,0.0,0.9858302265936127,0.0,3.353833333333333,26.712,6.0,-11,20.0,,0.0,887.2472039342516,0.0,0.0,44.33003828041424,optimal
2021-02-12 13:30:00,15,120,0.444617506361163,0.0,0.0,1.2932,15.435,6.0,-11,20.0,,1556.1612722640707,0.0,0.0,0.0,44.04970571175471,optimal
2021-02-12 14:00:00,15,120,0.4353547900823465,0.3096296296296296,0.0,0.4591,13.566,6.0,-11,20.0,,1523.741765288213,0.0,0.0,278.66666666666663,43.76965347566384,optimal
2021-02-12 14:30:00,15,120,0.3544502381766606,0.0,0.0,2.6864,12.789,6.0,-11,20.0,,1240.575833618312,0.0,0.0,0.0,43.48988129180907,optimal
2021-02-12 15:00:00,15,120,0.8009124199637232,0.0,0.0,1.6962000000000002,12.1275,6.0,-11,20.0,,2803.193469873031,0.0,0.0,0.0,43.21038888013815,optimal
2021-02-12 15:30:00,15,120,0.0,0.0774074074074074,0.0,1.6809666666666667,13.671,6.0,-11,20.01699463452725,,0.0,0.0,0.0,69.66666666666666,42.931175960878896,optimal
2021-02-12 16:00:00,15,120,1.0926554658294592,0.0,0.0,0.764,10.668,6.0,-11,20.0,,3824.2941304031074,0.0,0.0,0.0,42.652242254538905,optimal
2021-02-12 16:30:00,15,120,0.0,0.2322222222222222,0.0,1.7951666666666668,11.7285,6.0,-11,20.02438522933494,,0.0,0.0,0.0,209.0,42.37358748190525,optimal
2021-02-12 17:00:00,15,120,0.0,0.0,0.0,2.162733333333333,11.025,6.0,-11,20.008244454724025,,0.0,0.0,0.0,0.0,42.09521136404424,optimal
2021-02-12 17:30:00,15,120,0.492148606134802,0.0,0.0,2.344866666666667,10.689,6.0,-11,20.0,,1722.5201214718072,0.0,0.0,0.0,41.817113622301086,optimal
2021-02-12 18:00:00,15,120,1.1428571428571428,0.0,0.0,1.9253666666666664,8.1585,6.0,-11,20.0,,4000.0,0.0,0.0,0.0,41.53929397829968,optimal
2021-02-12 18:30:00,15,120,0.8733226568760277,0.0,0.0,1.1084666666666667,10.3635,6.0,-11,20.02693643836992,,3056.629299066097,0.0,0.0,0.0,41.26175215394226,optimal
2021-02-12 19:00:00,15,120,0.0,0.8514814814814814,0.0,1.3589,10.8045,6.0,-11,20.04077208972708,,0.0,0.0,0.0,766.3333333333333,41.22049040178832,optimal
2021-02-12 19:30:00,15,120,0.0,0.3096296296296296,0.0,0.5131333333333333,11.025,6.0,-11,20.02064993091149,,0.0,0.0,0.0,278.66666666666663,41.17926991138653,optimal
2021-02-12 20:00:00,15,120,0.5267668593244942,0.4644444444444444,0.0,0.9736666666666668,10.3635,6.0,-11,20.0,,1843.684007635729,0.0,0.0,418.0,41.13809064147514,optimal
2021-02-12 20:30:00,15,120,0.0,0.3096296296296296,0.0,2.2714666666666665,10.8045,6.0,-11,20.0,,0.0,0.0,0.0,278.66666666666663,41.09695255083366,optimal
2021-02-12 21:00:00,15,120,0.0,0.3096296296296296,0.0,1.1391666666666669,10.059,6.0,-11,19.97884582663015,,0.0,0.0,0.0,278.66666666666663,41.05585559828283,optimal
2021-02-12 21:30:00,15,120,0.0,0.0,0.0,1.5746666666666669,10.584,6.0,-11,19.95544764381642,,0.0,0.0,0.0,0.0,41.01479974268455,optimal
2021-02-12 22:00:00,15,120,0.0,0.387037037037037,0.0,1.804233333333333,9.4185,6.0,-11,19.930370874654464,,0.0,0.0,0.0,348.3333333333333,40.97378494294187,optimal
2021-02-12 22:30:00,15,120,0.0,0.3096296296296296,0.0,0.9182666666666668,10.3635,6.0,-11,19.902968715996888,,0.0,0.0,0.0,278.66666666666663,40.93281115799893,optimal
2021-02-12 23:00:00,15,120,0.0,0.0,0.0,0.2479333333333333,9.8385,6.0,-11,19.874076162719884,,0.0,0.0,0.0,0.0,40.891878346840926,optimal
2021-02-12 23:30:00,15,120,0.0,0.0,0.0,0.6005666666666667,11.067,6.0,-11,19.844633803975043,,0.0,0.0,0.0,0.0,40.850986468494085,optimal
2021-02-13 00:00:00,15,120,1.1428571428571428,0.0,1.3741872415777243,0.0583333333333333,8.1585,6.0,-3,19.844633803975043,,4000.0,0.0,0.0,0.0,41.462874421775005,optimal
2021-02-13 00:30:00,15,120,1.1428571428571428,0.0,0.0,0.1954,9.4815,6.0,-3,19.85651263130984,,4000.0,0.0,0.0,0.0,41.42141154735323,optimal
2021-02-13 01:00:00,15,120,1.1428571428571428,0.0,0.0,0.059,8.379,6.0,-3,19.869881000236624,,4000.0,0.0,0.0,0.0,41.37999013580588,optimal
2021-02-13 01:30:00,15,120,1.1428571428571428,0.0,0.0,0.1396,9.5235,6.0,-3,19.881660322058224,,4000.0,0.0,0.0,0.0,41.33861014567007,optimal
2021-02-13 02:00:00,15,120,1.1428571428571428,0.0,5.0,0.1148,8.1375,6.0,-3,19.89449731564121,,4000.0,0.0,0.0,0.0,43.6722715355244,optimal
2021-02-13 02:30:00,15,120,1.1428571428571428,0.0,0.0,0.059,10.0905,6.0,-3,19.90710586510845,,4000.0,0.0,0.0,0.0,43.62859926398887,optimal
2021-02-13 03:00:00,15,120,1.1428571428571428,0.0,5.0,0.1458,7.539,6.0,-3,19.91900964258157,,4000.0,0.0,0.0,0.0,45.95997066472487,optimal
2021-02-13 03:30:00,15,120,1.1428571428571428,0.0,5.0,0.1085999999999999,7.938,6.0,-3,19.931947247459888,,4000.0,0.0,0.0,0.0,48.28901069406015,optimal
2021-02-13 04:00:00,15,120,1.1428571428571428,0.0,0.0,0.059,8.274,6.0,-3,19.94430689141205,,4000.0,0.0,0.0,0.0,48.24072168336608,optimal
2021-02-13 04:30:00,15,120,1.1428571428571428,0.0,0.0,0.1706,9.261,6.0,-3,19.955938659225883,,4000.0,0.0,0.0,0.0,48.19248096168271,optimal
2021-02-13 05:00:00,15,120,1.1428571428571428,0.0,0.0,0.0838,9.9225,6.0,-3,19.96870865954711,,4000.0,0.0,0.0,0.0,48.144288480721016,optimal
2021-02-13 05:30:00,15,120,1.1428571428571428,0.0,0.0,0.059,9.702,6.0,-3,19.98019765886151,,4000.0,0.0,0.0,0.0,48.096144192240295,optimal
2021-02-13 06:00:00,15,120,1.1428571428571428,0.0,0.0,0.1891999999999999,10.584,6.0,-3,19.991163502114325,,4000.0,0.0,0.0,0.0,48.048048048048045,optimal
2021-02-13 06:30:00,15,120,1.1428571428571428,0.0,0.0,0.4713666666666666,10.143,6.0,-3,20.003495489695908,,4000.0,0.0,0.0,0.0,48.0,optimal
2021-02-13 07:00:00,15,120,1.1428571428571428,0.3096296296296296,0.0,1.7955,13.0095,6.0,-3,20.017758655418547,,4000.0,0.0,0.0,278.66666666666663,47.64907701265134,optimal
2021-02-13 07:30:00,15,120,1.1428571428571428,3.251111111111111,0.0,1.8389,11.025,6.0,-3,20.03217115760584,,4000.0,0.0,0.0,2926.0,47.29850494829003,optimal
2021-02-13 08:00:00,15,120,1.1428571428571428,4.102592592592593,0.0,0.182,12.789,6.0,-3,20.04889932993221,,4000.0,0.0,0.0,3692.3333333333335,46.948283455993085,optimal
2021-02-13 08:30:00,15,120,1.1428571428571428,0.387037037037037,0.0,2.0414333333333325,12.1275,6.0,-3,20.06257925480336,,4000.0,0.0,0.0,348.3333333333333,46.59841218518844,optimal
2021-02-13 09:00:00,15,120,1.1428571428571428,2.786666666666666,0.0,1.6150666666666669,12.1695,6.0,-3,20.0805414043267,,4000.0,0.0,0.0,2508.0,46.24889078565459,optimal
2021-02-13 09:30:00,15,120,1.1428571428571428,0.6966666666666667,0.0,0.5144333333333333,12.306,6.0,-3,20.098894405722213,,4000.0,0.0,0.0,627.0,45.899718907520274,optimal
2021-02-13 10:00:00,15,120,0.3421672838784685,0.0,0.0,0.5212,13.23,6.0,-3,20.114860460397587,,1197.5854935746397,0.0,0.0,0.0,45.550896201264095,optimal
2021-02-13 10:30:00,15,120,0.0,0.387037037037037,0.0,0.1519333333333333,13.671,6.0,-3,20.102081925135465,,0.0,0.0,0.0,348.3333333333333,45.20242231771417,optimal
2021-02-13 11:00:00,15,120,0.0,0.4644444444444444,0.0,0.2776666666666667,13.9335,6.0,-3,20.069316604628625,,0.0,0.0,0.0,418.0,44.8542969080478,optimal
2021-02-13 11:30:00,15,120,1.1428571428571428,0.2322222222222222,0.0,1.8231,13.293,6.0,-3,20.039818286122777,,4000.0,0.0,0.0,209.0,44.50651962379109,optimal
2021-02-13 12:00:00,15,120,1.1428571428571428,0.387037037037037,0.0,0.7102333333333334,12.1065,6.0,-3,20.06268419778454,,4000.0,0.0,0.0,348.3333333333333,44.159090116818646,optimal
2021-02-13 12:30:00,15,120,1.1428571428571428,0.1548148148148148,0.0,0.2529333333333333,11.571,6.0,-3,20.090736866265573,,4000.0,0.0,0.0,139.33333333333331,43.81200803935317,optimal
2021-02-13 13:00:00,15,120,1.1428571428571428,0.0,0.0,0.2145,11.025,6.0,-3,20.1133611892952,,4000.0,0.0,0.0,0.0,43.46527304396516,optimal
2021-02-13 13:30:00,15,120,1.1428571428571428,0.0,0.0,1.0082,10.8465,6.0,-3,20.13631698548189,,4000.0,0.0,0.0,0.0,43.11888478357253,optimal
2021-02-13 14:00:00,15,120,1.1428571428571428,0.0774074074074074,0.0,1.4025333333333334,11.2455,6.0,-3,20.161419776232417,,4000.0,0.0,0.0,69.66666666666666,42.7728429114403,optimal
2021-02-13 14:30:00,15,120,0.0,0.0,0.0,0.319,23.8665,6.0,-3,20.185020091064427,,0.0,0.0,0.0,0.0,42.4271470811802,optimal
2021-02-13 15:00:00,15,120,0.0,0.0,0.0,0.2806666666666667,27.4575,6.0,-3,20.15861269913984,,0.0,0.0,0.0,0.0,42.081796946750366,optimal
2021-02-13 15:30:00,15,120,0.0,0.1548148148148148,0.0,1.7474,27.3735,6.0,-3,20.129984466249585,,0.0,0.0,0.0,139.33333333333331,41.73679216245496,optimal
2021-02-13 16:00:00,15,120,0.0,0.0,0.0,1.6796333333333335,30.4605,6.0,-3,20.10394642177468,,0.0,0.0,0.0,0.0,41.39213238294384,optimal
2021-02-13 16:30:00,15,120,0.0,0.0,0.0,1.4440333333333333,30.0195,6.0,-3,20.07781227789734,,0.0,0.0,0.0,0.0,41.04781726321224,optimal
2021-02-13 17:00:00,15,120,0.0,0.1548148148148148,0.0,1.4293666666666665,26.9325,6.0,-3,20.055046711370736,,0.0,0.0,0.0,139.33333333333331,40.70384645860037,optimal
2021-02-13 17:30:00,15,120,0.0,0.0774074074074074,0.0,0.4005,14.595,6.0,-3,20.03117466251004,,0.0,0.0,0.0,69.66666666666666,40.36021962479311,optimal
2021-02-13 18:00:00,15,120,0.6919681340893263,0.2322222222222222,0.0,2.1279,12.4845,6.0,-3,20.0,,2421.888469312642,0.0,0.0,209.0,40.01693641781966,optimal
2021-02-13 18:30:00,15,120,1.055641011244004,0.0,0.0,1.927,12.1275,6.0,-3,20.0,,3694.743539354014,0.0,0.0,0.0,39.67399649405318,optimal
2021-02-13 19:00:00,15,120,1.1428571428571428,0.1548148148148148,0.0,0.1779,12.1275,6.0,-3,20.01530237983419,,4000.0,0.0,0.0,139.33333333333331,39.33139951021047,optimal
2021-02-13 19:30:00,15,120,0.0,0.4644444444444444,0.0,0.3223999999999999,12.789,6.0,-3,20.031390875394862,,0.0,0.0,0.0,418.0,38.9891451233516,optimal
2021-02-13 20:00:00,15,120,0.693424002181635,0.0774074074074074,0.0,0.2096666666666666,11.907,6.0,-3,20.0,,2426.9840076357227,0.0,0.0,69.66666666666666,38.950155978228246,optimal
2021-02-13 20:30:00,15,120,0.0,0.0,0.0,0.393,11.025,6.0,-3,20.0,,0.0,0.0,0.0,0.0,38.91120582225002,optimal
2021-02-13 21:00:00,15,120,0.0,0.2322222222222222,0.0,2.2397,8.2005,6.0,-3,19.972159479763988,,0.0,0.0,0.0,209.0,38.872294616427766,optimal
2021-02-13 21:30:00,15,120,0.0,0.0,0.0,2.341833333333333,9.5655,6.0,-3,19.946823212176675,,0.0,0.0,0.0,0.0,38.83342232181134,optimal
2021-02-13 22:00:00,15,120,0.0,0.2322222222222222,0.0,1.643,7.056,6.0,-3,19.91697991868462,,0.0,0.0,0.0,209.0,38.79458889948953,optimal
2021-02-13 22:30:00,15,120,0.0,0.1548148148148148,0.0,1.8479666666666668,9.3975,6.0,-3,19.888125056062464,,0.0,0.0,0.0,139.33333333333331,38.75579431059004,optimal
2021-02-13 23:00:00,15,120,0.0,0.0,0.0,0.162,10.059,6.0,-3,19.85891750925444,,0.0,0.0,0.0,0.0,38.71703851627945,optimal
2021-02-13 23:30:00,15,120,0.0,0.0,0.0,0.1104,9.261,6.0,-3,19.82332040817457,,0.0,0.0,0.0,0.0,38.67832147776317,optimal
2021-02-07 00:00:00,16,120,1.1428571428571428,0.0,1.629037447242273,0.1754,5.0715,6.0,-14,21.0,,4000.0,0.0,0.0,0.0,48.72579278744007,optimal
2021-02-07 00:30:00,16,120,0.4592459942025047,0.0,0.0,1.7026666666666668,5.5125,6.0,-14,21.017980790524213,,1607.3609797087663,0.0,0.0,0.0,48.67706699465263,optimal
2021-02-07 01:00:00,16,120,0.0,0.774074074074074,0.0,0.7032666666666667,9.261,6.0,-14,21.012022310606508,,0.0,0.0,0.0,696.6666666666666,48.62838992765797,optimal
2021-02-07 01:30:00,16,120,0.0,0.0,0.0,0.5447333333333334,11.7075,6.0,-14,20.986446375646224,,0.0,0.0,0.0,0.0,48.57976153773031,optimal
2021-02-07 02:00:00,16,120,0.0,0.387037037037037,0.0,1.9899333333333329,12.348,6.0,-14,20.95972690700096,,0.0,0.0,0.0,348.3333333333333,48.53118177619257,optimal
2021-02-07 02:30:00,16,120,0.0,0.0,0.0,0.3874333333333333,12.348,6.0,-14,20.931971102381144,,0.0,0.0,0.0,0.0,48.48265059441637,optimal
2021-02-07 03:00:00,16,120,0.0,0.387037037037037,0.0,0.4372666666666666,12.1275,6.0,-14,20.902786831891905,,0.0,0.0,0.0,348.3333333333333,48.434167943821954,optimal
2021-02-07 03:30:00,16,120,0.0,0.3096296296296296,0.0,0.2097666666666666,12.5265,6.0,-14,20.87489277794059,,0.0,0.0,0.0,278.66666666666663,48.38573377587813,optimal
2021-02-07 04:00:00,16,120,0.0,2.322222222222221,0.0,1.9201,11.7495,6.0,-14,20.84408595573108,,0.0,0.0,0.0,2089.9999999999995,48.33734804210225,optimal
2021-02-07 04:30:00,16,120,0.0,0.0,0.0,0.4102666666666666,13.23,6.0,-14,20.816195990406023,,0.0,0.0,0.0,0.0,48.28901069406015,optimal
2021-02-07 05:00:00,16,120,0.0,0.0,0.0,0.1785333333333333,14.3325,6.0,-14,20.78588407980252,,0.0,0.0,0.0,0.0,48.24072168336608,optimal
2021-02-07 05:30:00,16,120,0.0,0.0,0.0,0.1712,14.994,6.0,-14,20.75258371428968,,0.0,0.0,0.0,0.0,48.19248096168271,optimal
2021-02-07 06:00:00,16,120,0.0,0.0,0.0,0.099,14.8155,6.0,-14,20.71926003166108,,0.0,0.0,0.0,0.0,48.144288480721016,optimal
2021-02-07 06:30:00,16,120,0.0,0.0,0.0,0.3447333333333333,14.112,6.0,-14,20.685122850146897,,0.0,0.0,0.0,0.0,48.096144192240295,optimal
2021-02-07 07:00:00,16,120,0.0,2.4770370370370367,0.0,0.287,14.007,6.0,-14,20.654203656615326,,0.0,0.0,0.0,2229.333333333333,48.048048048048045,optimal
2021-02-07 07:30:00,16,120,0.0,1.315925925925926,0.0,0.2527,13.23,6.0,-14,20.62374529810168,,0.0,0.0,0.0,1184.3333333333333,48.0,optimal
2021-02-07 08:00:00,16,120,0.0,0.4644444444444444,0.0,0.3682666666666666,11.382,6.0,-14,20.593744740411427,,0.0,0.0,0.0,418.0,47.77536818083357,optimal
2021-02-07 08:30:00,16,120,0.0,0.0,0.0,1.5053,11.7495,6.0,-14,20.56339541696008,,0.0,0.0,0.0,0.0,47.55096099348632,optimal
2021-02-07 09:00:00,16,120,0.0,0.1548148148148148,0.0,2.632233333333333,24.3285,6.0,-14,20.53511870035917,,0.0,0.0,0.0,139.33333333333331,47.326778213326406,optimal
2021-02-07 09:30:00,16,120,0.0,0.0,0.0,2.140733333333333,28.917,6.0,-14,20.508110161278086,,0.0,0.0,0.0,0.0,47.10281961594666,optimal
2021-02-07 10:00:00,16,120,0.0,0.0,0.0,2.382733333333333,31.3635,6.0,-14,20.49044786421598,,0.0,0.0,0.0,0.0,46.87908497716429,optimal
2021-02-07 10:30:00,16,120,0.0,0.0,0.0,0.5149333333333332,33.306,6.0,-14,20.479877404246224,,0.0,0.0,0.0,0.0,46.6555740730207,optimal
2021-02-07 11:00:00,16,120,0.0,0.0,0.0,0.2644666666666666,31.3425,6.0,-14,20.452394353619223,,0.0,0.0,0.0,0.0,46.43228667978126,optimal
2021-02-07 11:30:00,16,120,0.0,0.0,0.0,0.0852666666666666,28.2555,6.0,-14,20.42144352486424,,0.0,0.0,0.0,0.0,46.20922257393505,optimal
2021-02-07 12:00:00,16,120,0.0,0.0,0.0,0.068,15.6975,6.0,-14,20.38837098216614,,0.0,0.0,0.0,0.0,45.98638153219469,optimal
2021-02-07 12:30:00,16,120,0.0,0.0,0.0,0.2647333333333332,12.5475,6.0,-14,20.35628464777856,,0.0,0.0,0.0,0.0,45.76376333149607,optimal
2021-02-07 13:00:00,16,120,0.0,0.0,0.0,0.085,12.0855,6.0,-14,20.32665859955724,,0.0,0.0,0.0,0.0,45.54136774899816,optimal
2021-02-07 13:30:00,16,120,0.0,0.0,0.0,0.2644666666666666,11.907,6.0,-14,20.29386766716776,,0.0,0.0,0.0,0.0,45.319194562082735,optimal
2021-02-07 14:00:00,16,120,0.0,0.0,0.0,0.0852666666666666,12.5685,6.0,-14,20.26342719753768,,0.0,0.0,0.0,0.0,45.09724354835423,optimal
2021-02-07 14:30:00,16,120,0.0,0.0,0.0,0.15,13.146,6.0,-14,20.23138321168509,,0.0,0.0,0.0,0.0,44.87551448563945,optimal
2021-02-07 15:00:00,16,120,0.0,0.0,0.0,0.1997333333333333,10.584,6.0,-14,20.200290486876906,,0.0,0.0,0.0,0.0,44.654007151987386,optimal
2021-02-07 15:30:00,16,120,0.0,0.0,0.0,0.0952,6.678,6.0,-14,20.17096613459092,,0.0,0.0,0.0,0.0,44.43272132566897,optimal
2021-02-07 16:00:00,16,120,0.0,0.0,0.0,0.102,7.938,6.0,-14,20.14012907430192,,0.0,0.0,0.0,0.0,44.21165678517688,optimal
2021-02-07 16:30:00,16,120,1.1428571428571428,0.0774074074074074,0.0,0.3371666666666666,5.292,6.0,-14,20.10684431522379,,4000.0,0.0,0.0,69.66666666666666,43.99081330922528,optimal
2021-02-07 17:00:00,16,120,0.0,0.387037037037037,0.0,0.6828666666666666,9.261,6.0,-14,20.128149291793708,,0.0,0.0,0.0,348.3333333333333,43.77019067674962,optimal
2021-02-07 17:30:00,16,120,0.0,0.5418518518518518,0.0,0.6239333333333332,10.3635,6.0,-14,20.10355713365083,,0.0,0.0,0.0,487.6666666666667,43.72642048607287,optimal
2021-02-07 18:00:00,16,120,0.0,0.0,0.0,0.6007333333333333,8.274,6.0,-14,20.08060158657788,,0.0,0.0,0.0,0.0,43.6826940655868,optimal
2021-02-07 18:30:00,16,120,0.0,0.5418518518518518,0.0,1.4408666666666663,7.7175,6.0,-14,20.0573380329266,,0.0,0.0,0.0,487.6666666666667,43.63901137152121,optimal
2021-02-07 19:00:00,16,120,0.0,0.0774074074074074,0.0,3.099466666666667,6.615,6.0,-14,20.03955640736661,,0.0,0.0,0.0,69.66666666666666,43.59537236014969,optimal
2021-02-07 19:30:00,16,120,0.0,0.0,0.0,0.5965333333333332,6.174,6.0,-14,20.02303075087348,,0.0,0.0,0.0,0.0,43.55177698778954,optimal
2021-02-07 20:00:00,16,120,0.5746231917268222,0.5418518518518518,0.0,0.7696000000000001,3.906,6.0,-14,20.0,,2011.1811710438767,0.0,0.0,487.6666666666667,43.50822521080175,optimal
2021-02-07 20:30:00,16,120,0.0,0.2322222222222222,0.0,2.0780666666666665,2.3415,6.0,-14,20.0,,0.0,0.0,0.0,209.0,43.46471698559095,optimal
2021-02-07 21:00:00,16,120,0.0,0.0,0.0,1.7534333333333334,2.205,6.0,-14,19.97943212062749,,0.0,0.0,0.0,0.0,43.42125226860536,optimal
2021-02-07 21:30:00,16,120,0.0,0.0,0.0,0.7049666666666667,0.882,6.0,-14,19.964654628733182,,0.0,0.0,0.0,0.0,43.37783101633675,optimal
2021-02-07 22:00:00,16,120,0.0,0.0,0.0,2.3057,1.5435,6.0,-14,19.942916286816025,,0.0,0.0,0.0,0.0,43.33445318532041,optimal
2021-02-07 22:30:00,16,120,0.0,0.6966666666666667,0.0,0.539,1.5435,6.0,-14,19.924112684124985,,0.0,0.0,0.0,627.0,43.29111873213509,optimal
2021-02-07 23:00:00,16,120,0.0,0.0,0.0,0.434,5.0715,6.0,-14,19.90229630809174,,0.0,0.0,0.0,0.0,43.24782761340296,optimal
2021-02-07 23:30:00,16,120,0.0,0.0,0.0,0.2362,5.376,6.0,-14,19.87799331778473,,0.0,0.0,0.0,0.0,43.20457978578955,optimal
2021-02-08 00:00:00,16,120,1.1428571428571428,0.0,5.0,0.053,7.938,6.0,-10,19.87799331778473,,4000.0,0.0,0.0,0.0,45.53637520600376,optimal
2021-02-08 00:30:00,16,120,1.1428571428571428,0.0,5.0,0.2721333333333333,7.938,6.0,-10,19.894933960870183,,4000.0,0.0,0.0,0.0,47.86583883079776,optimal
2021-02-08 01:00:00,16,120,1.1428571428571428,0.2322222222222222,0.0,0.2944,11.907,6.0,-10,19.9159968214195,,4000.0,0.0,0.0,209.0,47.81797299196696,optimal
2021-02-08 01:30:00,16,120,1.1428571428571428,0.0,1.7044347763269825,0.287,11.025,6.0,-10,19.939636315161867,,4000.0,0.0,0.0,0.0,48.57976153773031,optimal
2021-02-08 02:00:00,16,120,1.1428571428571428,0.0,0.0,0.2178,11.2875,6.0,-10,19.96249551997466,,4000.0,0.0,0.0,0.0,48.53118177619257,optimal
2021-02-08 02:30:00,16,120,1.1428571428571428,0.0,0.0,0.055,12.936,6.0,-10,19.979197884372017,,4000.0,0.0,0.0,0.0,48.48265059441637,optimal
2021-02-08 03:00:00,16,120,1.1428571428571428,0.0,0.0,0.0698,13.0095,6.0,-10,19.99398297794733,,4000.0,0.0,0.0,0.0,48.434167943821954,optimal
2021-02-08 03:30:00,16,120,1.1428571428571428,0.0,0.0,0.203,13.671,6.0,-10,20.00901818596808,,4000.0,0.0,0.0,0.0,48.38573377587813,optimal
2021-02-08 04:00:00,16,120,1.1428571428571428,0.0,0.0,0.055,13.188,6.0,-10,20.0255471457189,,4000.0,0.0,0.0,0.0,48.33734804210225,optimal
2021-02-08 04:30:00,16,120,1.1428571428571428,0.0,0.0,0.2178,13.8495,6.0,-10,20.040141220826943,,4000.0,0.0,0.0,0.0,48.28901069406015,optimal
2021-02-08 05:00:00,16,120,1.1428571428571428,0.0,0.0,0.055,13.23,6.0,-10,20.05649139145532,,4000.0,0.0,0.0,0.0,48.24072168336608,optimal
2021-02-08 05:30:00,16,120,1.1428571428571428,0.0,0.0,0.055,13.3665,6.0,-10,20.07062760507872,,4000.0,0.0,0.0,0.0,48.19248096168271,optimal
2021-02-08 06:00:00,16,120,1.1428571428571428,0.0,0.0,0.2951333333333333,13.0515,6.0,-10,20.084636664626927,,4000.0,0.0,0.0,0.0,48.144288480721016,optimal
2021-02-08 06:30:00,16,120,1.1428571428571428,0.2322222222222222,0.0,0.287,13.5345,6.0,-10,20.101943684950804,,4000.0,0.0,0.0,209.0,48.096144192240295,optimal
2021-02-08 07:00:00,16,120,0.0486982879384371,0.5418518518518518,0.0,0.2903333333333333,14.154,6.0,-10,20.12177545216856,,170.44400778452996,0.0,0.0,487.6666666666667,48.048048048048045,optimal
2021-02-08 07:30:00,16,120,1.1428571428571428,2.5544444444444445,0.0,0.4598,14.112,6.0,-10,20.09482189917594,,4000.0,0.0,0.0,2299.0,48.0,optimal
2021-02-08 08:00:00,16,120,0.0,5.65074074074074,0.0,0.3332666666666666,14.2485,6.0,-10,20.11808619637668,,0.0,0.0,0.0,5085.666666666666,47.44660377283981,optimal
2021-02-08 08:30:00,16,120,1.1428571428571428,0.3096296296296296,0.0,0.4568,12.789,6.0,-10,20.09077274096061,,4000.0,0.0,0.0,278.66666666666663,46.89376094190678,optimal
2021-02-08 09:00:00,16,120,1.1428571428571428,0.3096296296296296,0.0,0.294,13.0095,6.0,-10,20.11307233650919,,4000.0,0.0,0.0,278.66666666666663,46.34147095380468,optimal
2021-02-08 09:30:00,16,120,1.1428571428571428,0.387037037037037,0.0,0.2882,12.1275,6.0,-10,20.135458301577675,,4000.0,0.0,0.0,348.3333333333333,45.789733255690685,optimal
2021-02-08 10:00:00,16,120,1.1428571428571428,0.0774074074074074,0.0,0.5565333333333333,12.348,6.0,-10,20.15717790865668,,4000.0,0.0,0.0,69.66666666666666,45.238547295274806,optimal
2021-02-08 10:30:00,16,120,1.1428571428571428,0.387037037037037,0.0,1.203,12.348,6.0,-10,20.179426218965165,,4000.0,0.0,0.0,348.3333333333333,44.68791252081934,optimal
2021-02-08 11:00:00,16,120,0.0,0.0,0.0,0.2998,25.389,6.0,-10,20.200607943101684,,0.0,0.0,0.0,0.0,44.13782838113833,optimal
2021-02-08 11:30:00,16,120,0.0,0.0,0.0,0.1488,29.1375,6.0,-10,20.171627323487208,,0.0,0.0,0.0,0.0,43.588294325597,optimal
2021-02-08 12:00:00,16,120,0.0,0.0,0.0,0.1724,30.597,6.0,-10,20.14094788091128,,0.0,0.0,0.0,0.0,43.03930980411121,optimal
2021-02-08 12:30:00,16,120,0.0,0.0,0.0,0.3148999999999999,33.684,6.0,-10,20.11152212385888,,0.0,0.0,0.0,0.0,42.490874267146914,optimal
2021-02-08 13:00:00,16,120,0.0,0.0,0.0,0.0724,32.445,6.0,-10,20.08441292348418,,0.0,0.0,0.0,0.0,41.94298716571958,optimal
2021-02-08 13:30:00,16,120,0.0,0.0,0.0,0.1316,28.917,6.0,-10,20.055397608754788,,0.0,0.0,0.0,0.0,41.39564795139367,optimal
2021-02-08 14:00:00,16,120,0.0,0.0,0.0,0.1611999999999999,15.876,6.0,-10,20.02735926971611,,0.0,0.0,0.0,0.0,40.84885607628208,optimal
2021-02-08 14:30:00,16,120,0.674849154336766,0.0,0.0,0.065,12.348,6.0,-10,20.0,,2361.972040178681,0.0,0.0,0.0,40.30261099304561,optimal
2021-02-08 15:00:00,16,120,1.1428571428571428,0.0,0.0,0.1094,12.1275,6.0,-10,20.0,,4000.0,0.0,0.0,0.0,39.756912154892376,optimal
2021-02-08 15:30:00,16,120,0.2682865857739505,0.0,0.0,0.1834,12.348,6.0,-10,20.01816275136053,,939.003050208827,0.0,0.0,0.0,39.21175901557729,optimal
2021-02-08 16:00:00,16,120,0.6263782872351686,0.0,0.0,0.3045,12.1275,6.0,-10,20.0,,2192.32400532309,0.0,0.0,0.0,38.66715102940152,optimal
2021-02-08 16:30:00,16,120,0.6217719355670739,0.387037037037037,0.0,0.1470333333333333,12.1275,6.0,-10,20.0,,2176.2017744847585,0.0,0.0,348.3333333333333,38.12308765121193,optimal
2021-02-08 17:00:00,16,120,0.5768327912384787,0.0774074074074074,0.0,0.4182666666666667,11.2665,6.0,-10,20.0,,2018.914769334676,0.0,0.0,69.66666666666666,37.57956833640053,optimal
2021-02-08 17:30:00,16,120,1.1428571428571428,0.0774074074074074,0.0,0.2855,10.143,6.0,-10,20.0,,4000.0,0.0,0.0,69.66666666666666,37.03659254090394,optimal
2021-02-08 18:00:00,16,120,0.1555066882913126,1.0837037037037036,0.0,0.4196666666666667,11.2455,6.0,-10,20.02028080474416,,544.2734090195944,0.0,0.0,975.3333333333334,36.49415972120284,optimal
2021-02-08 18:30:00,16,120,0.5659332257632804,0.0,0.0,0.4889333333333333,11.025,6.0,-10,20.0,,1980.7662901714816,0.0,0.0,0.0,35.95226933432145,optimal
2021-02-08 19:00:00,16,120,1.1428571428571428,5.263703703703704,0.0,0.2208,5.9745,6.0,-10,20.0,,4000.0,0.0,0.0,4737.333333333333,35.916317064987126,optimal
2021-02-08 19:30:00,16,120,0.5927839890000939,0.4644444444444444,0.0,0.4036,7.938,6.0,-10,20.02138607199516,,2074.7439615003286,0.0,0.0,418.0,35.88040074792214,optimal
2021-02-08 20:00:00,16,120,0.0,0.0,0.0,0.3017666666666666,8.6835,6.0,-10,20.024307599548155,,0.0,0.0,0.0,0.0,35.84452034717422,optimal
2021-02-08 20:30:00,16,120,0.0,1.1611111111111108,0.0,0.2833,7.665,6.0,-10,20.0,,0.0,0.0,0.0,1044.9999999999998,35.80867582682704,optimal
2021-02-08 21:00:00,16,120,0.0,0.3096296296296296,0.0,0.369,6.7725,6.0,-10,19.97428186906368,,0.0,0.0,0.0,278.66666666666663,35.77286715100021,optimal
2021-02-08 21:30:00,16,120,0.0,0.0774074074074074,0.0,0.3590666666666666,5.5755,6.0,-10,19.951015775619545,,0.0,0.0,0.0,69.66666666666666,35.73709428384921,optimal
2021-02-08 22:00:00,16,120,0.0,0.0,0.0,0.4932333333333333,5.0925,6.0,-10,19.92723108927486,,0.0,0.0,0.0,0.0,35.701357189565364,optimal
2021-02-08 22:30:00,16,120,0.0,6.657037037037036,0.0,0.5423666666666667,4.1895,6.0,-10,19.90717357263192,,0.0,0.0,0.0,5991.333333333332,35.6656558323758,optimal
2021-02-08 23:00:00,16,120,0.0,0.0,0.0,0.065,7.056,6.0,-10,19.886173067171256,,0.0,0.0,0.0,0.0,35.62999017654342,optimal
2021-02-08 23:30:00,16,120,0.0,0.0,0.0,0.1316,5.271,6.0,-10,19.850926293230323,,0.0,0.0,0.0,0.0,35.59436018636688,optimal
2021-02-09 00:00:00,16,120,1.1428571428571428,0.0,5.0,0.054,11.361,6.0,-10,19.850926293230323,,4000.0,0.0,0.0,0.0,37.93376582618051,optimal
2021-02-09 00:30:00,16,120,1.1428571428571428,0.0,5.0,0.054,11.571,6.0,-10,19.86427320546031,,4000.0,0.0,0.0,0.0,40.27083206035433,optimal
2021-02-09 01:00:00,16,120,1.1428571428571428,0.0,0.0,0.1226,14.3745,6.0,-10,19.877692784740866,,4000.0,0.0,0.0,0.0,40.23056122829398,optimal
2021-02-09 01:30:00,16,120,1.1428571428571428,0.0,5.0,0.1797333333333333,13.23,6.0,-10,19.89202059575053,,4000.0,0.0,0.0,0.0,42.56533066706569,optimal
2021-02-09 02:00:00,16,120,1.1428571428571428,0.0,5.0,0.1076,13.9755,6.0,-10,19.906817762564582,,4000.0,0.0,0.0,0.0,44.89776533639862,optimal
2021-02-09 02:30:00,16,120,1.1428571428571428,0.0,0.0,0.1947333333333332,14.994,6.0,-10,19.920508583754167,,4000.0,0.0,0.0,0.0,44.85286757106222,optimal
2021-02-09 03:00:00,16,120,1.1428571428571428,0.0,5.0,0.054,13.671,6.0,-10,19.935332878346586,,4000.0,0.0,0.0,0.0,47.18301470349116,optimal
2021-02-09 03:30:00,16,120,1.1428571428571428,0.0,0.0,0.1733333333333333,15.981,6.0,-10,19.948512449215663,,4000.0,0.0,0.0,0.0,47.13583168878767,optimal
2021-02-09 04:00:00,16,120,1.1428571428571428,0.0,0.0,0.129,15.6345,6.0,-10,19.963317906668536,,4000.0,0.0,0.0,0.0,47.08869585709888,optimal
2021-02-09 04:30:00,16,120,0.2502865576419769,0.0,0.0,0.1299333333333333,16.5375,6.0,-10,19.97775218377428,,876.0029517469193,0.0,0.0,0.0,47.041607161241785,optimal
2021-02-09 05:00:00,16,120,1.1428571428571428,0.0,0.0,0.0749,14.7735,6.0,-10,19.953913353629414,,4000.0,0.0,0.0,0.0,46.99456555408055,optimal
2021-02-09 05:30:00,16,120,1.1428571428571428,0.0,0.0,0.1515,15.2145,6.0,-10,19.96731069851175,,4000.0,0.0,0.0,0.0,46.94757098852647,optimal
2021-02-09 06:00:00,16,120,1.1428571428571428,0.6192592592592592,0.0,0.1426666666666666,14.553,6.0,-10,19.98161464980706,,4000.0,0.0,0.0,557.3333333333333,46.900623417537936,optimal
2021-02-09 06:30:00,16,120,1.1428571428571428,2.537414814814815,2.6156239960418834,0.2362,14.3325,6.0,-10,19.997163297487244,,4000.0,0.0,0.0,2283.673333333333,48.096144192240295,optimal
2021-02-09 07:00:00,16,120,1.1428571428571428,5.899992592592592,0.0,0.1375333333333333,14.595,6.0,-10,20.015693686176228,,4000.0,0.0,0.0,5309.993333333333,48.048048048048045,optimal
2021-02-09 07:30:00,16,120,1.1428571428571428,0.2322222222222222,0.0,0.1428666666666666,14.994,6.0,-10,20.034440766074784,,4000.0,0.0,0.0,209.0,48.0,optimal
2021-02-09 08:00:00,16,120,1.1428571428571428,1.0837037037037036,0.0,0.1858666666666666,14.3325,6.0,-10,20.05466201125605,,4000.0,0.0,0.0,975.3333333333334,47.7885985685733,optimal
2021-02-09 08:30:00,16,120,1.1428571428571428,0.0,0.0,0.3067666666666666,13.8915,6.0,-10,20.076790860765367,,4000.0,0.0,0.0,0.0,47.57740853857803,optimal
2021-02-09 09:00:00,16,120,1.1428571428571428,2.2448148148148146,0.0,0.1605,13.8915,6.0,-10,20.09492036684727,,4000.0,0.0,0.0,2020.3333333333333,47.36642969861275,optimal
2021-02-09 09:30:00,16,120,1.1428571428571428,0.0,0.0,0.1512333333333333,13.4715,6.0,-10,20.11432648411889,,4000.0,0.0,0.0,0.0,47.15566183748744,optimal
2021-02-09 10:00:00,16,120,1.1428571428571428,0.0,0.0,0.0729333333333333,13.23,6.0,-10,20.13093550338857,,4000.0,0.0,0.0,0.0,46.94510474422325,optimal
2021-02-09 10:30:00,16,120,1.1428571428571428,0.0,0.0,0.2494,13.8915,6.0,-10,20.14654427732224,,4000.0,0.0,0.0,0.0,46.73475820805233,optimal
2021-02-09 11:00:00,16,120,0.0,0.0,0.0,0.0729333333333333,26.9325,6.0,-10,20.16476752409764,,0.0,0.0,0.0,0.0,46.52462201841757,optimal
2021-02-09 11:30:00,16,120,0.0,0.0,0.0,0.1985,30.303,6.0,-10,20.135253190583573,,0.0,0.0,0.0,0.0,46.31469596497246,optimal
2021-02-09 12:00:00,16,120,0.0,0.0,0.0,0.1238333333333333,32.886,6.0,-10,20.1074261954656,,0.0,0.0,0.0,0.0,46.10497983758079,optimal
2021-02-09 12:30:00,16,120,0.0,0.0,0.0,0.2945333333333333,34.9965,6.0,-10,20.08071809160441,,0.0,0.0,0.0,0.0,45.89547342631651,optimal
2021-02-09 13:00:00,16,120,0.0,0.387037037037037,0.0,1.2751333333333337,33.327,6.0,-10,20.05775698569854,,0.0,0.0,0.0,348.3333333333333,45.68617652146349,optimal
2021-02-09 13:30:00,16,120,0.0,0.2322222222222222,0.0,0.2419,31.122,6.0,-10,20.04910203186637,,0.0,0.0,0.0,209.0,45.47708891351533,optimal
2021-02-09 14:00:00,16,120,0.0,0.0,0.0,0.1447333333333333,17.9025,6.0,-10,20.026787075195685,,0.0,0.0,0.0,0.0,45.26821039317512,optimal
2021-02-09 14:30:00,16,120,0.6485586448425229,0.0,0.0,0.0774,15.6555,6.0,-10,20.0,,2269.95525694883,0.0,0.0,0.0,45.05954075135524,optimal
2021-02-09 15:00:00,16,120,0.653793726465147,0.0,0.0,0.2449333333333333,14.553,6.0,-10,20.0,,2288.278042628014,0.0,0.0,0.0,44.85107977917719,optimal
2021-02-09 15:30:00,16,120,0.7054889645604006,0.0,0.0,0.064,14.3325,6.0,-10,20.0,,2469.2113759614017,0.0,0.0,0.0,44.64282726797131,optimal
2021-02-09 16:00:00,16,120,0.7752124434770773,0.0,0.0,0.064,13.335,6.0,-10,20.0,,2713.2435521697703,0.0,0.0,0.0,44.43478300927664,optimal
2021-02-09 16:30:00,16,120,1.1428571428571428,0.0,0.0,0.3087,12.1275,6.0,-10,20.0,,4000.0,0.0,0.0,0.0,44.39034822626736,optimal
2021-02-09 17:00:00,16,120,0.2149599762656733,0.0774074074074074,0.0,0.2155,12.2955,6.0,-10,20.02109229440858,,752.3599169298567,0.0,0.0,69.66666666666666,44.3459578780411,optimal
2021-02-09 17:30:00,16,120,0.4966334639111172,0.1548148148148148,0.0,1.0111333333333332,11.6865,6.0,-10,20.0,,1738.21712368891,0.0,0.0,139.33333333333331,44.301611920163054,optimal
2021-02-09 18:00:00,16,120,0.5202652917171319,0.0,0.0,1.0677333333333332,11.466,6.0,-10,20.0,,1820.9285210099613,0.0,0.0,0.0,44.25731030824289,optimal
2021-02-09 18:30:00,16,120,1.1428571428571428,0.0,0.0,0.1844,10.8045,6.0,-10,20.0,,4000.0,0.0,0.0,0.0,44.21305299793465,optimal
2021-02-09 19:00:00,16,120,1.1428571428571428,0.0,0.0,1.2670666666666666,10.584,6.0,-10,20.01617297650355,,4000.0,0.0,0.0,0.0,44.16883994493672,optimal
2021-02-09 19:30:00,16,120,0.2986328438054839,0.0,0.0,1.2613666666666663,11.2455,6.0,-10,20.03988290521344,,1045.214953319194,0.0,0.0,0.0,44.12467110499178,optimal
2021-02-09 20:00:00,16,120,0.0,0.387037037037037,0.0,0.5288666666666667,12.1275,6.0,-10,20.02710366691334,,0.0,0.0,0.0,348.3333333333333,44.0805464338868,optimal
2021-02-09 20:30:00,16,120,0.0,0.0,0.0,0.5070666666666667,11.823,6.0,-10,20.0,,0.0,0.0,0.0,0.0,44.036465887452906,optimal
2021-02-09 21:00:00,16,120,0.0,0.2322222222222222,0.0,0.5081333333333333,11.7705,6.0,-10,19.97375060123753,,0.0,0.0,0.0,209.0,43.992429421565454,optimal
2021-02-09 21:30:00,16,120,0.0,0.387037037037037,0.0,0.3517666666666666,11.13,6.0,-10,19.946839105644088,,0.0,0.0,0.0,348.3333333333333,43.94843699214389,optimal
2021-02-09 22:00:00,16,120,0.0,0.3096296296296296,0.0,0.0726,11.6865,6.0,-10,19.921990788860395,,0.0,0.0,0.0,278.66666666666663,43.904488555151744,optimal
2021-02-09 22:30:00,16,120,0.0,0.0,0.0,0.3477666666666666,10.7205,6.0,-10,19.89354050682164,,0.0,0.0,0.0,0.0,43.860584066596594,optimal
2021-02-09 23:00:00,16,120,0.0,0.0,0.0,0.3158666666666667,11.424,6.0,-10,19.86828362772184,,0.0,0.0,0.0,0.0,43.81672348253,optimal
2021-02-09 23:30:00,16,120,0.0,0.0,0.0,1.8207333333333329,10.689,6.0,-10,19.842125913344844,,0.0,0.0,0.0,0.0,43.772906759047466,optimal
2021-02-10 00:00:00,16,120,1.1428571428571428,0.0,0.0,0.3,11.907,6.0,2,19.842125913344844,,4000.0,0.0,0.0,0.0,43.72913385228842,optimal
2021-02-10 00:30:00,16,120,1.1428571428571428,0.0,0.0,0.2386666666666666,11.7075,6.0,2,19.861389189211785,,4000.0,0.0,0.0,0.0,43.68540471843613,optimal
2021-02-10 01:00:00,16,120,1.1428571428571428,0.0,0.0,0.2180333333333333,10.8045,6.0,2,19.879125095833047,,4000.0,0.0,0.0,0.0,43.641719313717694,optimal
2021-02-10 01:30:00,16,120,1.1428571428571428,0.0,0.0,0.059,11.508,6.0,2,19.89359824093533,,4000.0,0.0,0.0,0.0,43.598077594403975,optimal
2021-02-10 02:00:00,16,120,1.1428571428571428,0.0,0.0,0.1886666666666666,11.508,6.0,2,19.905907037179905,,4000.0,0.0,0.0,0.0,43.55447951680957,optimal
2021-02-10 02:30:00,16,120,1.1428571428571428,0.0,0.0,0.1708666666666666,11.508,6.0,2,19.919572818014803,,4000.0,0.0,0.0,0.0,43.510925037292765,optimal
2021-02-10 03:00:00,16,120,1.1428571428571428,0.0,0.0,0.059,11.844,6.0,2,19.932994659870666,,4000.0,0.0,0.0,0.0,43.46741411225547,optimal
2021-02-10 03:30:00,16,120,1.1428571428571428,0.0,0.0,0.2855333333333333,11.508,6.0,2,19.945027093952056,,4000.0,0.0,0.0,0.0,43.42394669814321,optimal
2021-02-10 04:00:00,16,120,1.1428571428571428,0.0,0.0,0.074,11.508,6.0,2,19.9597953797961,,4000.0,0.0,0.0,0.0,43.38052275144507,optimal
2021-02-10 04:30:00,16,120,1.1428571428571428,0.0,5.0,0.1252333333333333,10.4475,6.0,2,19.971957414913952,,4000.0,0.0,0.0,0.0,45.71214222869362,optimal
2021-02-10 05:00:00,16,120,1.1428571428571428,0.0,0.3129968375587492,0.2343,10.8675,6.0,2,19.984521223797984,,4000.0,0.0,0.0,0.0,45.81510358430533,optimal
2021-02-10 05:30:00,16,120,1.1428571428571428,0.0,5.0,0.059,10.542,6.0,2,19.99819055542322,,4000.0,0.0,0.0,0.0,48.144288480721016,optimal
2021-02-10 06:00:00,16,120,1.1428571428571428,0.0,0.0,0.1505333333333333,11.025,6.0,2,20.00949896568497,,4000.0,0.0,0.0,0.0,48.096144192240295,optimal
2021-02-10 06:30:00,16,120,1.1428571428571428,0.0,0.0,0.209,11.025,6.0,2,20.021701790509983,,4000.0,0.0,0.0,0.0,48.048048048048045,optimal
2021-02-10 07:00:00,16,120,1.1428571428571428,0.0,0.0,0.2161333333333333,14.553,6.0,2,20.034989196040787,,4000.0,0.0,0.0,0.0,48.0,optimal
2021-02-10 07:30:00,16,120,1.1428571428571428,1.7803703703703702,0.0,1.1269333333333331,13.0935,6.0,2,20.054887785463603,,4000.0,0.0,0.0,1602.3333333333333,47.84264217110286,optimal
2021-02-10 08:00:00,16,120,1.1428571428571428,0.0,0.0,0.4773666666666666,15.6345,6.0,2,20.07622760280897,,4000.0,0.0,0.0,0.0,47.685441700034616,optimal
2021-02-10 08:30:00,16,120,0.0,0.0,0.0,0.1375333333333333,18.102,6.0,2,20.09000675529635,,0.0,0.0,0.0,0.0,47.528398429437445,optimal
2021-02-10 09:00:00,16,120,1.1428571428571428,0.1548148148148148,0.0,0.0762,17.199,6.0,2,20.051745118649908,,4000.0,0.0,0.0,139.33333333333331,47.37151220211087,optimal
2021-02-10 09:30:00,16,120,0.0,0.0,0.0,3.0013,18.2805,6.0,2,20.067583902647137,,0.0,0.0,0.0,0.0,47.21478286101162,optimal
2021-02-10 10:00:00,16,120,0.1076966606863435,2.4770370370370367,0.0,0.129,17.4615,6.0,2,20.05342476921338,,376.9383124022024,0.0,0.0,2229.333333333333,47.05821024925347,optimal
2021-02-10 10:30:00,16,120,0.0,0.0,0.0,0.1408,18.3225,6.0,2,20.02848557697912,,0.0,0.0,0.0,0.0,46.90179421010708,optimal
2021-02-10 11:00:00,16,120,0.6045180692431852,0.387037037037037,0.0,0.3237333333333333,17.094,6.0,2,20.0,,2115.8132423511483,0.0,0.0,348.3333333333333,46.74553458699983,optimal
2021-02-10 11:30:00,16,120,1.1428571428571428,0.0,0.0,0.2555666666666666,17.094,6.0,2,20.0,,4000.0,0.0,0.0,0.0,46.589431223515696,optimal
2021-02-10 12:00:00,16,120,1.1428571428571428,0.4644444444444444,0.0,1.3123,17.094,6.0,2,20.01925875161139,,4000.0,0.0,0.0,418.0,46.43348396339504,optimal
2021-02-10 12:30:00,16,120,0.0,0.6192592592592592,0.0,0.6489666666666667,17.3565,6.0,2,20.04751528292504,,0.0,0.0,0.0,557.3333333333333,46.277692650534505,optimal
2021-02-10 13:00:00,16,120,1.1428571428571428,0.5418518518518518,0.0,2.0425,17.115,6.0,2,20.02815056569012,,4000.0,0.0,0.0,487.6666666666667,46.12205712898683,optimal
2021-02-10 13:30:00,16,120,0.7538183637615626,0.0,0.0,1.922,17.241,6.0,2,20.067149214487948,,2638.364273165469,0.0,0.0,0.0,45.9665772429607,optimal
2021-02-10 14:00:00,16,120,1.1428571428571428,0.0774074074074074,0.0,0.2662333333333332,17.094,6.0,2,20.090277507431058,,4000.0,0.0,0.0,69.66666666666666,45.81125283682061,optimal
2021-02-10 14:30:00,16,120,1.1428571428571428,0.2322222222222222,0.0,0.3855666666666666,16.5165,6.0,2,20.119991683008003,,4000.0,0.0,0.0,209.0,45.65608375508665,optimal
2021-02-10 15:00:00,16,120,0.0,0.0,0.0,0.4143333333333333,17.8185,6.0,2,20.150284490993,,0.0,0.0,0.0,0.0,45.501069842434426,optimal
2021-02-10 15:30:00,16,120,1.1428571428571428,0.0,0.0,0.1435333333333333,17.094,6.0,2,20.132579094566697,,4000.0,0.0,0.0,0.0,45.34621094369485,optimal
2021-02-10 16:00:00,16,120,1.1428571428571428,0.0774074074074074,0.0,0.2166666666666666,16.8945,6.0,2,20.159720557276085,,4000.0,0.0,0.0,69.66666666666666,45.19150690385401,optimal
2021-02-10 16:30:00,16,120,0.0,0.5418518518518518,0.0,0.4258666666666666,18.123,6.0,2,20.18468147452508,,0.0,0.0,0.0,487.6666666666667,45.03695756805302,optimal
2021-02-10 17:00:00,16,120,0.0,0.0,0.0,0.3220666666666666,31.647,6.0,2,20.163510981191223,,0.0,0.0,0.0,0.0,44.88256278158783,optimal
2021-02-10 17:30:00,16,120,0.0,0.387037037037037,0.0,0.328,34.9965,6.0,2,20.138242437947984,,0.0,0.0,0.0,348.3333333333333,44.7283223899091,optimal
2021-02-10 18:00:00,16,120,0.0,0.1548148148148148,0.0,2.3221666666666665,34.9965,6.0,2,20.114075372485647,,0.0,0.0,0.0,139.33333333333331,44.574236238622056,optimal
2021-02-10 18:30:00,16,120,0.0,0.0774074074074074,0.0,0.8006333333333333,34.9965,6.0,2,20.09270009464261,,0.0,0.0,0.0,69.66666666666666,44.52966200238343,optimal
2021-02-10 19:00:00,16,120,0.0,0.5418518518518518,0.0,1.384766666666667,34.9965,6.0,2,20.070002249080208,,0.0,0.0,0.0,487.6666666666667,44.48513234038105,optimal
2021-02-10 19:30:00,16,120,0.0,0.387037037037037,0.0,0.3202333333333333,34.9965,6.0,2,20.049739868211645,,0.0,0.0,0.0,348.3333333333333,44.440647208040666,optimal
2021-02-10 20:00:00,16,120,0.0,0.3096296296296296,0.0,0.6309666666666667,27.741,6.0,2,20.02330236731748,,0.0,0.0,0.0,278.66666666666663,44.396206560832624,optimal
2021-02-10 20:30:00,16,120,0.0,0.3096296296296296,0.0,0.3118666666666667,19.026,6.0,2,20.0,,0.0,0.0,0.0,278.66666666666663,44.35181035427179,optimal
2021-02-10 21:00:00,16,120,0.0,0.1548148148148148,0.0,0.3978,18.7215,6.0,2,19.97310573223931,,0.0,0.0,0.0,139.33333333333331,44.30745854391752,optimal
2021-02-10 21:30:00,16,120,0.0,6.502222222222222,0.0,1.4700333333333333,17.4195,6.0,2,19.9456133896856,,0.0,0.0,0.0,5852.0,44.2631510853736,optimal
2021-02-10 22:00:00,16,120,0.0,0.5418518518518518,0.0,0.4647,16.758,6.0,2,19.918156458748854,,0.0,0.0,0.0,487.6666666666667,44.21888793428823,optimal
2021-02-10 22:30:00,16,120,0.0,1.7029629629629628,0.0,0.4187333333333333,14.217,6.0,2,19.887507604070585,,0.0,0.0,0.0,1532.6666666666663,44.17466904635394,optimal
2021-02-10 23:00:00,16,120,0.0,0.5418518518518518,0.0,0.6181333333333333,13.3665,6.0,2,19.85392121258056,,0.0,0.0,0.0,487.6666666666667,44.13049437730759,optimal
2021-02-10 23:30:00,16,120,0.0,0.2322222222222222,0.0,0.5114333333333333,12.789,6.0,2,19.82506417770908,,0.0,0.0,0.0,209.0,44.08636388293028,optimal
2021-02-11 00:00:00,16,120,1.1428571428571428,0.0,0.0,0.053,20.79,6.0,-16,19.82506417770908,,4000.0,0.0,0.0,0.0,44.04227751904735,optimal
2021-02-11 00:30:00,16,120,0.0,0.0,0.0,0.2209333333333333,29.106,6.0,-16,19.82992516056176,,0.0,0.0,0.0,0.0,43.9982352415283,optimal
2021-02-11 01:00:00,16,120,1.1428571428571428,0.0,0.0,0.171,19.1835,6.0,-16,19.788291211084843,,4000.0,0.0,0.0,0.0,43.95423700628677,optimal
2021-02-11 01:30:00,16,120,1.1428571428571428,0.0,0.0,0.0715333333333333,19.6665,6.0,-16,19.795059127728805,,4000.0,0.0,0.0,0.0,43.91028276928048,optimal
2021-02-11 02:00:00,16,120,1.1428571428571428,0.0,0.0,0.3430666666666667,19.404,6.0,-16,19.80058564635505,,4000.0,0.0,0.0,0.0,43.8663724865112,optimal
2021-02-11 02:30:00,16,120,1.1428571428571428,0.0,0.0,0.0730666666666666,19.047,6.0,-16,19.80934008729732,,4000.0,0.0,0.0,0.0,43.82250611402469,optimal
2021-02-11 03:00:00,16,120,1.1428571428571428,0.0,0.0,0.0902666666666666,18.858,6.0,-16,19.81467495945462,,4000.0,0.0,0.0,0.0,43.77868360791066,optimal
2021-02-11 03:30:00,16,120,1.1428571428571428,0.0,0.0,0.0673333333333333,19.2675,6.0,-16,19.82001053490992,,4000.0,0.0,0.0,0.0,43.73490492430275,optimal
2021-02-11 04:00:00,16,120,1.1428571428571428,0.0,0.0,0.2275333333333333,18.963,6.0,-16,19.82555179122875,,4000.0,0.0,0.0,0.0,43.69117001937845,optimal
2021-02-11 04:30:00,16,120,1.1428571428571428,0.0,0.0,0.13,18.438,6.0,-16,19.833529313759307,,4000.0,0.0,0.0,0.0,43.64747884935907,optimal
2021-02-11 05:00:00,16,120,1.1428571428571428,0.0,0.0,0.1046,18.7425,6.0,-16,19.840302835806984,,4000.0,0.0,0.0,0.0,43.60383137050971,optimal
2021-02-11 05:30:00,16,120,1.1428571428571428,0.0,5.0,0.2836333333333333,15.2145,6.0,-16,19.84675349740338,,4000.0,0.0,0.0,0.0,45.9352275391392,optimal
2021-02-11 06:00:00,16,120,1.1428571428571428,0.0,0.0,0.0739,17.7765,6.0,-16,19.85586805638919,,4000.0,0.0,0.0,0.0,45.88929231160006,optimal
2021-02-11 06:30:00,16,120,1.1428571428571428,0.0,0.0,0.1943333333333332,16.758,6.0,-16,19.862905142450863,,4000.0,0.0,0.0,0.0,45.84340301928846,optimal
2021-02-11 07:00:00,16,120,1.1428571428571428,0.6192592592592592,4.8391254230971095,0.0876,16.422,6.0,-16,19.87187483484103,,4000.0,0.0,0.0,557.3333333333333,48.096144192240295,optimal
2021-02-11 07:30:00,16,120,1.1428571428571428,11.747935491220728,0.0,0.1922666666666666,16.758,6.0,-16,19.88345754365755,,4000.0,8274.141942098655,0.0,2299.0,48.048048048048045,optimal
2021-02-11 08:00:00,16,120,0.0,4.676786448078892,0.0,0.159,29.358,6.0,-16,20.0,,0.0,2328.1078032710034,0.0,1881.0,48.0,optimal
2021-02-11 08:30:00,16,120,0.0,4.338791376776885,0.0,1.0540333333333334,34.9965,6.0,-16,20.0,,0.0,2232.912239099197,0.0,1672.0,47.82419989316456,optimal
2021-02-11 09:00:00,16,120,0.0,2.774226951940713,0.0,0.8321000000000001,34.65,6.0,-16,20.0,,0.0,2496.804256746642,0.0,0.0,47.648575586435946,optimal
2021-02-11 09:30:00,16,120,0.0,3.398283847373433,0.0,0.3775,34.9965,6.0,-16,20.0,,0.0,2501.1221293027565,0.0,557.3333333333333,47.47312690401407,optimal
2021-02-11 10:00:00,16,120,0.0,2.672617481337908,0.0,0.3559,34.9965,6.0,-16,20.0,,0.0,2126.689066537451,0.0,278.66666666666663,47.297853670274606,optimal
2021-02-11 10:30:00,16,120,0.0,2.760244603537509,0.0,0.2333666666666666,30.4815,6.0,-16,20.0,,0.0,2344.886809850425,0.0,139.33333333333331,47.12275570976889,optimal
2021-02-11 11:00:00,16,120,0.4331547605410356,0.1548148148148148,0.0,2.130266666666667,21.4305,6.0,-16,20.0,,1516.0416618936245,0.0,0.0,139.33333333333331,46.94783284722367,optimal
2021-02-11 11:30:00,16,120,0.4381293760245366,0.1548148148148148,0.0,2.696,14.3325,6.0,-16,20.0,,1533.452816085878,0.0,0.0,139.33333333333331,46.773084907541005,optimal
2021-02-11 12:00:00,16,120,1.0587047149149824,0.0,0.0,1.1168,13.692,6.0,-16,20.0,,3705.466502202438,0.0,0.0,0.0,46.59851171579802,optimal
2021-02-11 12:30:00,16,120,0.0,0.0,0.0,0.199,14.007,6.0,-16,20.02268338035816,,0.0,0.0,0.0,0.0,46.42411309724677,optimal
2021-02-11 13:00:00,16,120,0.4784508274314853,0.0,0.0,0.2227333333333332,12.873,6.0,-16,20.0,,1674.5778960101986,0.0,0.0,0.0,46.249888877314085,optimal
2021-02-11 13:30:00,16,120,0.3483058555277071,0.0,0.0,0.2883,12.684,6.0,-16,20.0,,1219.070494346975,0.0,0.0,0.0,46.07583888160133,optimal
2021-02-11 14:00:00,16,120,0.4042179724138007,0.0,0.0,0.1935,12.306,6.0,-16,20.0,,1414.7629034483025,0.0,0.0,0.0,45.901962935884285,optimal
2021-02-11 14:30:00,16,120,1.1428571428571428,0.0,0.0,0.2374,10.6365,6.0,-16,20.0,,4000.0,0.0,0.0,0.0,45.72826086611296,optimal
2021-02-11 15:00:00,16,120,1.1085882732705965,0.0,0.0,0.0884666666666666,11.2455,6.0,-16,20.025386758954028,,3880.058956447088,0.0,0.0,0.0,45.5547324984114,optimal
2021-02-11 15:30:00,16,120,1.1428571428571428,0.0,0.0,0.2006666666666666,11.2455,6.0,-16,20.044524107319056,,4000.0,0.0,0.0,0.0,45.38137765907754,optimal
2021-02-11 16:00:00,16,120,1.1428571428571428,0.0,0.0,0.1934666666666666,11.025,6.0,-16,20.064171589267605,,4000.0,0.0,0.0,0.0,45.20819617458302,optimal
2021-02-11 16:30:00,16,120,0.0,0.0,0.0,0.2356666666666666,12.0855,6.0,-16,20.07856883077104,,0.0,0.0,0.0,0.0,45.035187871572994,optimal
2021-02-11 17:00:00,16,120,0.0,0.0,0.0,0.063,11.6865,6.0,-16,20.042937944229223,,0.0,0.0,0.0,0.0,44.86235257686597,optimal
2021-02-11 17:30:00,16,120,0.9819572169131592,0.0,0.0,0.217,11.2245,6.0,-16,20.0,,3436.850259196057,0.0,0.0,0.0,44.68969011745367,optimal
2021-02-11 18:00:00,16,120,1.0388662826296304,0.0,0.0,0.1008333333333333,11.025,6.0,-16,20.0,,3636.0319892037055,0.0,0.0,0.0,44.51720032050077,optimal
2021-02-11 18:30:00,16,120,1.1428571428571428,0.0,0.0,0.5762666666666667,10.7835,6.0,-16,20.0,,4000.0,0.0,0.0,0.0,44.34488301334483,optimal
2021-02-11 19:00:00,16,120,0.4289858930302454,0.0774074074074074,0.0,0.928,11.025,6.0,-16,20.01227661543972,,1501.4506256058592,0.0,0.0,69.66666666666666,44.17273802349604,optimal
2021-02-11 19:30:00,16,120,1.1428571428571428,0.0,0.0,0.9326333333333332,10.584,6.0,-16,20.0,,4000.0,0.0,0.0,0.0,44.000765178637096,optimal
2021-02-11 20:00:00,16,120,0.2322484266029699,1.7803703703703702,0.0,0.5779,11.025,6.0,-16,20.02115564977748,,812.8694931103947,0.0,0.0,1602.3333333333333,43.82896430662301,optimal
2021-02-11 20:30:00,16,120,0.0,0.0,0.0,0.298,10.4265,6.0,-16,20.0,,0.0,0.0,0.0,0.0,43.65733523548095,optimal
2021-02-11 21:00:00,16,120,0.0,0.387037037037037,0.0,0.5514666666666667,12.789,6.0,-16,19.967463371196786,,0.0,0.0,0.0,348.3333333333333,43.485877793410026,optimal
2021-02-11 21:30:00,16,120,0.0,0.0,0.0,0.3595666666666666,12.684,6.0,-16,19.9385656379786,,0.0,0.0,0.0,0.0,43.31459180878117,optimal
2021-02-11 22:00:00,16,120,0.0,0.0,0.0,0.0956333333333333,16.254,6.0,-16,19.90595548277525,,0.0,0.0,0.0,0.0,43.27127721697239,optimal
2021-02-11 22:30:00,16,120,0.0,0.0,0.0,0.3469333333333333,17.64,6.0,-16,19.871684462890617,,0.0,0.0,0.0,0.0,43.22800593975542,optimal
2021-02-11 23:00:00,16,120,0.0,0.0,0.0,0.1146,19.1625,6.0,-16,19.839410123529056,,0.0,0.0,0.0,0.0,43.18477793381567,optimal
2021-02-11 23:30:00,16,120,0.0,0.0,0.0,0.0586666666666666,26.46,6.0,-16,19.790392468337057,,0.0,0.0,0.0,0.0,43.14159315588185,optimal
2021-02-12 00:00:00,16,120,1.1428571428571428,0.0,0.0,0.064,12.1275,6.0,7,19.790392468337057,,4000.0,0.0,0.0,0.0,43.09845156272597,optimal
2021-02-12 00:30:00,16,120,1.1428571428571428,0.0,0.0,0.164,13.671,6.0,7,19.789107121714974,,4000.0,0.0,0.0,0.0,43.05535311116324,optimal
2021-02-12 01:00:00,16,120,1.1428571428571428,0.0,0.0,0.2690666666666667,10.668,6.0,7,19.789042557696312,,4000.0,0.0,0.0,0.0,43.01229775805208,optimal
2021-02-12 01:30:00,16,120,1.1428571428571428,0.0,0.0,0.0731333333333333,11.7285,6.0,7,19.79025807987519,,4000.0,0.0,0.0,0.0,42.96928546029402,optimal
2021-02-12 02:00:00,16,120,1.1428571428571428,0.0,0.0,0.2868666666666666,11.025,6.0,7,19.789282521374307,,4000.0,0.0,0.0,0.0,42.92631617483373,optimal
2021-02-12 02:30:00,16,120,1.1428571428571428,0.0,0.0,0.1553333333333333,10.689,6.0,7,19.791110926091868,,4000.0,0.0,0.0,0.0,42.883389858658894,optimal
2021-02-12 03:00:00,16,120,1.1428571428571428,0.0,5.0,0.064,8.1585,6.0,7,19.79192809052776,,4000.0,0.0,0.0,0.0,45.21550646880024,optimal
2021-02-12 03:30:00,16,120,1.1428571428571428,0.0,0.0,0.2026666666666666,10.3635,6.0,7,19.79222574972724,,4000.0,0.0,0.0,0.0,45.17029096233144,optimal
2021-02-12 04:00:00,16,120,1.1428571428571428,0.0,0.0,0.1028666666666666,10.8045,6.0,7,19.79550649976465,,4000.0,0.0,0.0,0.0,45.1251206713691,optimal
2021-02-12 04:30:00,16,120,1.1428571428571428,0.0,0.0,0.2106666666666666,11.025,6.0,7,19.799017714154747,,4000.0,0.0,0.0,0.0,45.07999555069773,optimal
2021-02-12 05:00:00,16,120,1.1428571428571428,0.0,0.0,0.1105666666666666,10.3635,6.0,7,19.805251443412224,,4000.0,0.0,0.0,0.0,45.03491555514703,optimal
2021-02-12 05:30:00,16,120,1.1428571428571428,0.0,0.0,0.2479666666666666,10.8045,6.0,7,19.811641155355264,,4000.0,0.0,0.0,0.0,44.98988063959188,optimal
2021-02-12 06:00:00,16,120,1.1428571428571428,0.0,0.0,0.203,10.059,6.0,7,19.82118470557677,,4000.0,0.0,0.0,0.0,44.94489075895229,optimal
2021-02-12 06:30:00,16,120,1.1428571428571428,0.0,0.0,0.1978666666666666,10.584,6.0,7,19.83177601149944,,4000.0,0.0,0.0,0.0,44.899945868193335,optimal
2021-02-12 07:00:00,16,120,1.1428571428571428,2.0899999999999994,5.0,1.1293,9.4185,6.0,7,19.84254701224712,,4000.0,0.0,0.0,1881.0,47.23004592232514,optimal
2021-02-12 07:30:00,16,120,1.1428571428571428,12.299562894253564,0.0,0.1231666666666666,10.3635,6.0,7,19.857629561779145,,4000.0,10721.273271494876,0.0,348.3333333333333,47.18281587640281,optimal
2021-02-12 08:00:00,16,120,1.1428571428571428,0.0,1.9208736579403016,1.5351333333333337,9.8385,6.0,7,20.0,,4000.0,0.0,0.0,0.0,48.048048048048045,optimal
2021-02-12 08:30:00,16,120,1.1428571428571428,0.5418518518518518,0.0,0.1869666666666666,11.067,6.0,7,20.016967568179204,,4000.0,0.0,0.0,487.6666666666667,48.0,optimal
2021-02-12 09:00:00,16,120,1.1428571428571428,0.387037037037037,0.0,1.1615,10.8465,6.0,7,20.028234943442342,,4000.0,0.0,0.0,348.3333333333333,47.876118967867285,optimal
2021-02-12 09:30:00,16,120,1.1428571428571428,0.0,0.0,0.2356666666666666,13.671,6.0,7,20.04206195956143,,4000.0,0.0,0.0,0.0,47.7523618167667,optimal
2021-02-12 10:00:00,16,120,1.1428571428571428,0.0,0.0,0.1502,12.348,6.0,7,20.055031126970253,,4000.0,0.0,0.0,0.0,47.62872842281722,optimal
2021-02-12 10:30:00,16,120,0.6328466173737407,0.0,0.0,0.2600333333333333,14.3325,6.0,7,20.071834195209,,2214.9631608080927,0.0,0.0,0.0,47.50521866226169,optimal
2021-02-12 11:00:00,16,120,0.0,0.0,0.0,0.2021666666666666,15.393,6.0,7,20.06898907136561,,0.0,0.0,0.0,0.0,47.38183241146672,optimal
2021-02-12 11:30:00,16,120,1.1428571428571428,0.0,0.0,0.074,13.587,6.0,7,20.042033220251213,,4000.0,0.0,0.0,0.0,47.25856954692254,optimal
2021-02-12 12:00:00,16,120,0.0,0.0,0.0,0.091,16.1385,6.0,7,20.062397941543274,,0.0,0.0,0.0,0.0,47.135429945242905,optimal
2021-02-12 12:30:00,16,120,0.0,0.0,0.0,1.795,14.595,6.0,7,20.035930124888093,,0.0,0.0,0.0,0.0,47.01241348316495,optimal
2021-02-12 13:00:00,16,120,0.0,0.0,0.0,0.1502,14.637,6.0,7,20.02613804084279,,0.0,0.0,0.0,0.0,46.88952003754907,optimal
2021-02-12 13:30:00,16,120,0.5845775063611284,0.0,0.0,0.2617666666666666,13.9125,6.0,7,20.0,,2046.0212722639487,0.0,0.0,0.0,46.76674948537881,optimal
2021-02-12 14:00:00,16,120,0.8097094434957433,0.0,0.0,0.1242333333333333,13.3665,6.0,7,20.0,,2833.983052235101,0.0,0.0,0.0,46.64410170376072,optimal
2021-02-12 14:30:00,16,120,1.1428571428571428,0.0,0.0,0.1406666666666666,13.0095,6.0,7,20.006917637457462,,4000.0,0.0,0.0,0.0,46.52157656992424,optimal
2021-02-12 15:00:00,16,120,0.0,0.0,0.0,0.2302,13.8915,6.0,7,20.028028319153844,,0.0,0.0,0.0,0.0,46.39917396122161,optimal
2021-02-12 15:30:00,16,120,0.6815569791331979,0.0,0.0,0.1653333333333333,13.188,6.0,7,20.0,,2385.4494269661927,0.0,0.0,0.0,46.27689375512768,optimal
2021-02-12 16:00:00,16,120,0.7671260516941598,0.0,0.0,0.1502,12.5685,6.0,7,20.0,,2684.94118092956,0.0,0.0,0.0,46.15473582923983,optimal
2021-02-12 16:30:00,16,120,0.7761800150245789,0.0,0.0,0.1673333333333333,12.285,6.0,7,20.0,,2716.630052586026,0.0,0.0,0.0,46.03270006127788,optimal
2021-02-12 17:00:00,16,120,1.1428571428571428,0.0,0.0,0.261,11.487,6.0,7,20.0,,4000.0,0.0,0.0,0.0,45.91078632908389,optimal
2021-02-12 17:30:00,16,120,1.124665220731761,0.0,0.0,0.1078666666666666,11.802,6.0,7,20.013272507991463,,3936.3282725611625,0.0,0.0,0.0,45.788994510622096,optimal
2021-02-12 18:00:00,16,120,1.1428571428571428,0.3096296296296296,0.0,0.1693,11.2245,6.0,7,20.02367925245116,,4000.0,0.0,0.0,278.66666666666663,45.66732448397876,optimal
2021-02-12 18:30:00,16,120,1.1428571428571428,0.0,0.0,0.4103333333333333,11.025,6.0,7,20.03889359354153,,4000.0,0.0,0.0,0.0,45.54577612736207,optimal
2021-02-12 19:00:00,16,120,0.0,0.0,0.0,2.174233333333333,11.907,6.0,7,20.06145372890685,,0.0,0.0,0.0,0.0,45.50023035123471,optimal
2021-02-12 19:30:00,16,120,0.0,0.0,0.0,0.5961666666666666,25.83,6.0,7,20.04870388876697,,0.0,0.0,0.0,0.0,45.45473012088347,optimal
2021-02-12 20:00:00,16,120,0.0,0.0,0.0,1.5531,28.035,6.0,7,20.02325615897938,,0.0,0.0,0.0,0.0,45.40927539076259,optimal
2021-02-12 20:30:00,16,120,0.0,0.0,0.0,0.5516666666666666,28.119,6.0,7,20.0,,0.0,0.0,0.0,0.0,45.36386611537183,optimal
2021-02-12 21:00:00,16,120,0.0,2.70925925925926,0.0,1.3149333333333333,30.156,6.0,7,19.975750293215533,,0.0,0.0,0.0,2438.333333333333,45.31850224925645,optimal
2021-02-12 21:30:00,16,120,0.0,0.3096296296296296,0.0,0.385,29.1585,6.0,7,19.94950632033355,,0.0,0.0,0.0,278.66666666666663,45.2731837470072,optimal
2021-02-12 22:00:00,16,120,0.0,0.1548148148148148,0.0,0.3767333333333333,26.712,6.0,7,19.919700368312064,,0.0,0.0,0.0,139.33333333333331,45.22791056326019,optimal
2021-02-12 22:30:00,16,120,0.0,0.0,0.0,0.4831999999999999,15.435,6.0,7,19.8914609154845,,0.0,0.0,0.0,0.0,45.182682652696926,optimal
2021-02-12 23:00:00,16,120,0.0,0.0,0.0,0.5657666666666666,13.566,6.0,7,19.86297004801985,,0.0,0.0,0.0,0.0,45.13749997004423,optimal
2021-02-12 23:30:00,16,120,0.0,0.3096296296296296,0.0,0.8605,12.789,6.0,7,19.83583877013837,,0.0,0.0,0.0,278.66666666666663,45.092362470074185,optimal
2021-02-13 00:00:00,16,120,1.1202806627179025,0.0,0.0,0.109,12.1275,6.0,7,19.83583877013837,,3920.982319512658,0.0,0.0,0.0,45.04727010760411,optimal
2021-02-13 00:30:00,16,120,0.0,0.0,0.0,0.274,12.789,6.0,7,19.84818231686548,,0.0,0.0,0.0,0.0,45.00222283749651,optimal
2021-02-13 01:00:00,16,120,1.1428571428571428,0.0,0.0,0.1614,11.907,6.0,7,19.81380023336144,,4000.0,0.0,0.0,0.0,44.957220614659015,optimal
2021-02-13 01:30:00,16,120,1.1428571428571428,0.0,0.0,0.0711333333333333,11.025,6.0,7,19.82694308371268,,4000.0,0.0,0.0,0.0,44.91226339404436,optimal
2021-02-13 02:00:00,16,120,1.1428571428571428,0.0,0.0,0.3514666666666666,8.2005,6.0,7,19.839059346164465,,4000.0,0.0,0.0,0.0,44.86735113065031,optimal
2021-02-13 02:30:00,16,120,1.1428571428571428,0.0,0.0,0.0708,9.5655,6.0,7,19.8546658323927,,4000.0,0.0,0.0,0.0,44.82248377951967,optimal
2021-02-13 03:00:00,16,120,1.1428571428571428,0.0,5.0,0.2080333333333333,7.056,6.0,7,19.86682220011453,,4000.0,0.0,0.0,0.0,47.15266129574015,optimal
2021-02-13 03:30:00,16,120,1.1428571428571428,0.0,0.0,0.2273666666666666,9.3975,6.0,7,19.88062629064239,,4000.0,0.0,0.0,0.0,47.105508634444405,optimal
2021-02-13 04:00:00,16,120,1.1428571428571428,0.0,0.0,0.0842666666666666,10.059,6.0,7,19.8945394108524,,4000.0,0.0,0.0,0.0,47.05840312580996,optimal
2021-02-13 04:30:00,16,120,1.1428571428571428,0.0,0.0,0.3319333333333333,9.261,6.0,7,19.90658252596777,,4000.0,0.0,0.0,0.0,47.01134472268415,optimal
2021-02-13 05:00:00,16,120,1.1428571428571428,0.0,0.0,0.0772,8.1585,6.0,7,19.9214206689041,,4000.0,0.0,0.0,0.0,46.96433337796147,optimal
2021-02-13 05:30:00,16,120,1.1428571428571428,0.0,0.0,0.1696,9.4815,6.0,7,19.932927889104512,,4000.0,0.0,0.0,0.0,46.9173690445835,optimal
2021-02-13 06:00:00,16,120,1.1428571428571428,0.0,0.0,0.1762,8.379,6.0,7,19.94533968774579,,4000.0,0.0,0.0,0.0,46.87045167553892,optimal
2021-02-13 06:30:00,16,120,1.1428571428571428,0.0,0.0,0.1505999999999999,9.5235,6.0,7,19.95760902639521,,4000.0,0.0,0.0,0.0,46.82358122386338,optimal
2021-02-13 07:00:00,16,120,1.1428571428571428,0.0,0.0,0.2105333333333333,8.1375,6.0,7,19.96940649715007,,4000.0,0.0,0.0,0.0,46.77675764263952,optimal
2021-02-13 07:30:00,16,120,1.1428571428571428,0.0,0.0,0.5079333333333332,10.0905,6.0,7,19.982587188157645,,4000.0,0.0,0.0,0.0,46.72998088499688,optimal
2021-02-13 08:00:00,16,120,1.1428571428571428,2.631851851851852,3.1773264369912257,1.0324666666666666,7.539,6.0,7,20.0,,4000.0,0.0,0.0,2368.6666666666665,48.19248096168271,optimal
2021-02-13 08:30:00,16,120,1.1428571428571428,0.0,0.0,1.9929,7.938,6.0,7,20.01721610879155,,4000.0,0.0,0.0,0.0,48.144288480721016,optimal
2021-02-13 09:00:00,16,120,1.1428571428571428,2.8640740740740736,0.0,0.5415,8.274,6.0,7,20.034774849310462,,4000.0,0.0,0.0,2577.666666666666,48.096144192240295,optimal
2021-02-13 09:30:00,16,120,1.1428571428571428,0.387037037037037,0.0,0.1409666666666666,9.261,6.0,7,20.055928994715565,,4000.0,0.0,0.0,348.3333333333333,48.048048048048045,optimal
2021-02-13 10:00:00,16,120,1.1428571428571428,0.0,0.0,0.6585666666666667,9.9225,6.0,7,20.07721376567052,,4000.0,0.0,0.0,0.0,48.0,optimal
2021-02-13 10:30:00,16,120,1.1428571428571428,0.3096296296296296,0.0,1.6111333333333335,9.702,6.0,7,20.104645261132777,,4000.0,0.0,0.0,278.66666666666663,47.76716700502735,optimal
2021-02-13 11:00:00,16,120,1.1428571428571428,0.0,0.0,1.1314000000000002,10.584,6.0,7,20.132512878154124,,4000.0,0.0,0.0,0.0,47.53456684304968,optimal
2021-02-13 11:30:00,16,120,1.1428571428571428,0.6192592592592592,0.0,1.4183666666666666,10.143,6.0,7,20.1598684436008,,4000.0,0.0,0.0,557.3333333333333,47.30219928123399,optimal
2021-02-13 12:00:00,16,120,0.0,0.6192592592592592,0.0,0.4776,13.0095,6.0,7,20.18797275824642,,0.0,0.0,0.0,557.3333333333333,47.07006408698011,optimal
2021-02-13 12:30:00,16,120,1.1428571428571428,0.0,0.0,0.7156333333333333,11.025,6.0,7,20.16649661337045,,4000.0,0.0,0.0,0.0,46.838161027920485,optimal
2021-02-13 13:00:00,16,120,0.0,0.0,0.0,0.3691666666666667,12.789,6.0,7,20.19509967481784,,0.0,0.0,0.0,0.0,46.60648987191992,optimal
2021-02-13 13:30:00,16,120,1.1428571428571428,0.0,0.0,0.2236,12.1275,6.0,7,20.17147544298954,,4000.0,0.0,0.0,0.0,46.37505038707536,optimal
2021-02-13 14:00:00,16,120,0.0140128954285969,0.0,0.0,0.2232666666666666,12.1695,6.0,7,20.192839208107223,,49.045134000089455,0.0,0.0,0.0,46.14384234171563,optimal
2021-02-13 14:30:00,16,120,0.0,0.0,0.0,0.1861666666666666,12.306,6.0,7,20.1636054952206,,0.0,0.0,0.0,0.0,45.91286550440128,optimal
2021-02-13 15:00:00,16,120,0.0,0.0,0.0,0.1796333333333333,13.23,6.0,7,20.13357854670363,,0.0,0.0,0.0,0.0,45.68211964392423,optimal
2021-02-13 15:30:00,16,120,0.0,0.0,0.0,0.1576,13.671,6.0,7,20.101532444633044,,0.0,0.0,0.0,0.0,45.45160452930767,optimal
2021-02-13 16:00:00,16,120,0.0,0.0,0.0,0.2781,13.9335,6.0,7,20.069083202058984,,0.0,0.0,0.0,0.0,45.22131992980572,optimal
2021-02-13 16:30:00,16,120,0.0,0.0,0.0,0.1133,13.293,6.0,7,20.035512147748857,,0.0,0.0,0.0,0.0,44.99126561490326,optimal
2021-02-13 17:00:00,16,120,0.8774122867605539,0.0,0.0,0.132,12.1065,6.0,7,20.0,,3070.9430036619387,0.0,0.0,0.0,44.761441354315714,optimal
2021-02-13 17:30:00,16,120,0.7394239253310041,0.3096296296296296,0.0,0.4049,11.571,6.0,7,20.0,,2587.983738658514,0.0,0.0,278.66666666666663,44.53184691798875,optimal
2021-02-13 18:00:00,16,120,1.1428571428571428,0.2322222222222222,0.0,0.3006999999999999,11.025,6.0,7,20.0,,4000.0,0.0,0.0,209.0,44.30248207609812,optimal
2021-02-13 18:30:00,16,120,1.1428571428571428,0.0,0.0,0.5161333333333333,10.8465,6.0,7,20.017992568048925,,4000.0,0.0,0.0,0.0,44.07334659904937,optimal
2021-02-13 19:00:00,16,120,0.994915672941076,0.0,0.0,1.8598333333333328,11.2455,6.0,7,20.039031958531023,,3482.2048552937654,0.0,0.0,0.0,44.02927325245032,optimal
2021-02-13 19:30:00,16,120,0.0,0.3096296296296296,0.0,0.434,23.8665,6.0,7,20.05675609310597,,0.0,0.0,0.0,278.66666666666663,43.98524397919788,optimal
2021-02-13 20:00:00,16,120,0.0,0.4644444444444444,0.0,0.3845666666666666,27.4575,6.0,7,20.028743040957284,,0.0,0.0,0.0,418.0,43.94125873521868,optimal
2021-02-13 20:30:00,16,120,0.0,0.774074074074074,0.0,0.3406666666666667,27.3735,6.0,7,20.0,,0.0,0.0,0.0,696.6666666666666,43.89731747648346,optimal
2021-02-13 21:00:00,16,120,0.0,0.1548148148148148,0.0,0.5017333333333334,30.4605,6.0,7,19.9734518639494,,0.0,0.0,0.0,139.33333333333331,43.85342015900697,optimal
2021-02-13 21:30:00,16,120,0.0,0.0774074074074074,0.0,0.7216666666666667,30.0195,6.0,7,19.948734739712005,,0.0,0.0,0.0,69.66666666666666,43.80956673884796,optimal
2021-02-13 22:00:00,16,120,0.0,0.0,0.0,0.5614333333333332,26.9325,6.0,7,19.92655014734876,,0.0,0.0,0.0,0.0,43.76575717210911,optimal
2021-02-13 22:30:00,16,120,0.0,0.0,0.0,0.7028333333333334,14.595,6.0,7,19.90138721532562,,0.0,0.0,0.0,0.0,43.721991414937,optimal
2021-02-13 23:00:00,16,120,0.0,0.0,0.0,0.5659333333333333,12.4845,6.0,7,19.87606614105944,,0.0,0.0,0.0,0.0,43.67826942352207,optimal
2021-02-13 23:30:00,16,120,0.0,0.0,0.0,0.2929333333333333,12.1275,6.0,7,19.848771825289084,,0.0,0.0,0.0,0.0,43.634591154098544,optimal
2021-02-07 00:00:00,17,120,0.0,0.0,0.0,0.0873333333333333,5.0715,6.0,-12,21.0,,0.0,0.0,0.0,0.0,47.952,optimal
2021-02-07 00:30:00,17,120,0.0,0.0,0.0,0.3045,5.376,6.0,-12,20.969416285317923,,0.0,0.0,0.0,0.0,47.904048,optimal
2021-02-07 01:00:00,17,120,0.5714327123471273,0.1548148148148148,1.830839653558066,0.1001333333333333,5.0715,6.0,-12,20.94265624042673,,2000.0144932149456,0.0,0.0,139.33333333333331,48.72579278744007,optimal
2021-02-07 01:30:00,17,120,0.0,0.0,0.0,0.1191333333333333,5.5125,6.0,-12,20.93679779152328,,0.0,0.0,0.0,0.0,48.67706699465263,optimal
2021-02-07 02:00:00,17,120,0.0,0.0,0.0,0.0706,9.261,6.0,-12,20.905232184847023,,0.0,0.0,0.0,0.0,48.62838992765797,optimal
2021-02-07 02:30:00,17,120,0.0,0.0,0.0,0.064,11.7075,6.0,-12,20.872100740673783,,0.0,0.0,0.0,0.0,48.57976153773031,optimal
2021-02-07 03:00:00,17,120,0.0,0.0,0.0,0.1234,12.348,6.0,-12,20.838756321919856,,0.0,0.0,0.0,0.0,48.53118177619257,optimal
2021-02-07 03:30:00,17,120,0.0,0.0,0.0,0.064,12.348,6.0,-12,20.80600338547388,,0.0,0.0,0.0,0.0,48.48265059441637,optimal
2021-02-07 04:00:00,17,120,0.0,0.0,0.0,0.1234,12.1275,6.0,-12,20.7724926244524,,0.0,0.0,0.0,0.0,48.434167943821954,optimal
2021-02-07 04:30:00,17,120,0.0,0.0,0.0,0.064,12.5265,6.0,-12,20.739672803665947,,0.0,0.0,0.0,0.0,48.38573377587813,optimal
2021-02-07 05:00:00,17,120,0.0,0.0,0.0,0.1234,11.7495,6.0,-12,20.706194419049464,,0.0,0.0,0.0,0.0,48.33734804210225,optimal
2021-02-07 05:30:00,17,120,0.0,0.0,0.0,0.064,13.23,6.0,-12,20.67350603862281,,0.0,0.0,0.0,0.0,48.28901069406015,optimal
2021-02-07 06:00:00,17,120,0.0,0.0,0.0,0.1234,14.3325,6.0,-12,20.64015883377736,,0.0,0.0,0.0,0.0,48.24072168336608,optimal
2021-02-07 06:30:00,17,120,0.0,0.0,0.0,0.0703333333333333,14.994,6.0,-12,20.6076013730496,,0.0,0.0,0.0,0.0,48.19248096168271,optimal
2021-02-07 07:00:00,17,120,0.0,0.5418518518518518,0.0,0.1278666666666666,14.8155,6.0,-12,20.57428570020344,,0.0,0.0,0.0,487.6666666666667,48.144288480721016,optimal
2021-02-07 07:30:00,17,120,0.0,2.5544444444444445,0.0,0.0686,14.112,6.0,-12,20.54382660144393,,0.0,0.0,0.0,2299.0,48.096144192240295,optimal
2021-02-07 08:00:00,17,120,0.0,0.6192592592592592,0.0,0.1250666666666666,14.007,6.0,-12,20.51349678778631,,0.0,0.0,0.0,557.3333333333333,48.048048048048045,optimal
2021-02-07 08:30:00,17,120,0.0,0.0,0.0,0.107,13.23,6.0,-12,20.485355631076736,,0.0,0.0,0.0,0.0,48.0,optimal
2021-02-07 09:00:00,17,120,0.0,0.1548148148148148,0.0,0.3198999999999999,11.382,6.0,-12,20.455684079806048,,0.0,0.0,0.0,139.33333333333331,47.41987097858091,optimal
2021-02-07 09:30:00,17,120,0.0,0.3514296296296295,0.0,3.4429000000000003,11.7495,6.0,-12,20.43083454323837,,0.0,0.0,0.0,316.2866666666666,46.84032208618324,optimal
2021-02-07 10:00:00,17,120,0.0,0.0356074074074074,0.0,3.3221,24.3285,6.0,-12,20.412767904704875,,0.0,0.0,0.0,32.046666666666674,46.26135274267797,optimal
2021-02-07 10:30:00,17,120,0.0,0.0,0.0,0.186,28.917,6.0,-12,20.393877818265583,,0.0,0.0,0.0,0.0,45.68296236851621,optimal
2021-02-07 11:00:00,17,120,0.0,0.0,0.0,1.6033666666666666,31.3635,6.0,-12,20.363748709469185,,0.0,0.0,0.0,0.0,45.1051503847286,optimal
2021-02-07 11:30:00,17,120,0.0,0.0,0.0,0.2054,33.306,6.0,-12,20.33714575396973,,0.0,0.0,0.0,0.0,44.52791621292479,optimal
2021-02-07 12:00:00,17,120,0.0,0.0,0.0,0.146,31.3425,6.0,-12,20.304982647682284,,0.0,0.0,0.0,0.0,43.95125927529277,optimal
2021-02-07 12:30:00,17,120,0.0,0.0,0.0,0.1820999999999999,28.2555,6.0,-12,20.273290663962435,,0.0,0.0,0.0,0.0,43.37517899459839,optimal
2021-02-07 13:00:00,17,120,0.0,0.0,0.0,1.1889,15.6975,6.0,-12,20.241813790882883,,0.0,0.0,0.0,0.0,42.799674794184696,optimal
2021-02-07 13:30:00,17,120,0.0,0.0,0.0,2.5973,12.5475,6.0,-12,20.212268572206693,,0.0,0.0,0.0,0.0,42.22474609797143,optimal
2021-02-07 14:00:00,17,120,0.0,0.0,0.0,1.7863,12.0855,6.0,-12,20.187923085142675,,0.0,0.0,0.0,0.0,41.650392330454366,optimal
2021-02-07 14:30:00,17,120,0.0,0.387037037037037,0.0,0.3236,11.907,6.0,-12,20.165814542392965,,0.0,0.0,0.0,348.3333333333333,41.076612916704825,optimal
2021-02-07 15:00:00,17,120,0.0,0.3096296296296296,0.0,0.7216,12.5685,6.0,-12,20.14208812347171,,0.0,0.0,0.0,278.66666666666663,40.50340728236903,optimal
2021-02-07 15:30:00,17,120,0.0,0.5418518518518518,0.0,4.331466666666667,13.146,6.0,-12,20.125154090067905,,0.0,0.0,0.0,487.6666666666667,39.93077485366757,optimal
2021-02-07 16:00:00,17,120,0.0,0.5418518518518518,0.0,4.065433333333333,10.584,6.0,-12,20.11519645524877,,0.0,0.0,0.0,487.6666666666667,39.35871505739482,optimal
2021-02-07 16:30:00,17,120,0.0,0.5418518518518518,0.0,0.7393333333333334,6.678,6.0,-12,20.10613909840031,,0.0,0.0,0.0,487.6666666666667,38.78722732091833,optimal
2021-02-07 17:00:00,17,120,0.0,0.1548148148148148,0.0,0.5840333333333333,7.938,6.0,-12,20.0899387184188,,0.0,0.0,0.0,139.33333333333331,38.21631107217833,optimal
2021-02-07 17:30:00,17,120,1.1428571428571428,0.387037037037037,0.0,0.9541,5.292,6.0,-12,20.07052777275584,,4000.0,0.0,0.0,348.3333333333333,37.64596573968706,optimal
2021-02-07 18:00:00,17,120,0.0,0.0774074074074074,0.0,3.1958,9.261,6.0,-12,20.09775432541648,,0.0,0.0,0.0,69.66666666666666,37.07619075252829,optimal
2021-02-07 18:30:00,17,120,0.0,0.6966666666666667,0.0,2.5924666666666667,10.3635,6.0,-12,20.08524439274317,,0.0,0.0,0.0,627.0,36.50698554035667,optimal
2021-02-07 19:00:00,17,120,0.0,0.0774074074074074,0.0,0.1631,8.274,6.0,-12,20.06926029426021,,0.0,0.0,0.0,69.66666666666666,35.93834953339723,optimal
2021-02-07 19:30:00,17,120,0.0,0.0774074074074074,0.0,0.3088999999999999,7.7175,6.0,-12,20.04767245957973,,0.0,0.0,0.0,69.66666666666666,35.370282162444745,optimal
2021-02-07 20:00:00,17,120,0.0,0.2322222222222222,0.0,0.1809,6.615,6.0,-12,20.02565393706502,,0.0,0.0,0.0,209.0,34.80278285886321,optimal
2021-02-07 20:30:00,17,120,0.0,0.2322222222222222,0.0,0.2397333333333333,6.174,6.0,-12,20.0,,0.0,0.0,0.0,209.0,34.23585105458526,optimal
2021-02-07 21:00:00,17,120,0.0,0.6192592592592592,0.0,0.224,3.906,6.0,-12,19.97526056144322,,0.0,0.0,0.0,557.3333333333333,34.20161520353068,optimal
2021-02-07 21:30:00,17,120,0.0,0.0,0.0,0.3086,2.3415,6.0,-12,19.949096016678165,,0.0,0.0,0.0,0.0,34.16741358832715,optimal
2021-02-07 22:00:00,17,120,0.0,0.0,0.0,0.3835,2.205,6.0,-12,19.924647452852994,,0.0,0.0,0.0,0.0,34.13324617473882,optimal
2021-02-07 22:30:00,17,120,0.0,0.1548148148148148,0.0,0.4238,0.882,6.0,-12,19.9022602890221,,0.0,0.0,0.0,139.33333333333331,34.09911292856408,optimal
2021-02-07 23:00:00,17,120,0.0,0.0,0.0,0.4590666666666667,1.5435,6.0,-12,19.87977903651608,,0.0,0.0,0.0,0.0,34.06501381563552,optimal
2021-02-07 23:30:00,17,120,0.0,0.1548148148148148,0.0,0.4498666666666667,1.5435,6.0,-12,19.854892891361004,,0.0,0.0,0.0,139.33333333333331,34.03094880181988,optimal
2021-02-08 00:00:00,17,120,0.0,0.0,0.0,0.059,33.684,6.0,13,19.854892891361004,,0.0,0.0,0.0,0.0,33.99691785301806,optimal
2021-02-08 00:30:00,17,120,0.0,0.0,0.0,0.0583333333333333,32.445,6.0,13,19.82134291199693,,0.0,0.0,0.0,0.0,33.962920935165045,optimal
2021-02-08 01:00:00,17,120,0.0,0.0,0.0,0.059,28.917,6.0,13,19.788107155221606,,0.0,0.0,0.0,0.0,33.92895801422988,optimal
2021-02-08 01:30:00,17,120,1.1428571428571428,0.0,0.0,0.0665333333333333,15.876,6.0,13,19.754689582777672,,4000.0,0.0,0.0,0.0,33.89502905621565,optimal
2021-02-08 02:00:00,17,120,1.1428571428571428,0.0,0.0,0.1192666666666666,12.348,6.0,13,19.77006028119904,,4000.0,0.0,0.0,0.0,33.86113402715943,optimal
2021-02-08 02:30:00,17,120,1.1428571428571428,0.0,0.0,0.059,12.1275,6.0,13,19.7859437936678,,4000.0,0.0,0.0,0.0,33.82727289313227,optimal
2021-02-08 03:00:00,17,120,1.1428571428571428,0.0,0.0,0.0740666666666666,12.348,6.0,13,19.80116075499906,,4000.0,0.0,0.0,0.0,33.79344562023913,optimal
2021-02-08 03:30:00,17,120,1.1428571428571428,0.0,0.0,0.1117333333333333,12.1275,6.0,13,19.81663022319565,,4000.0,0.0,0.0,0.0,33.75965217461889,optimal
2021-02-08 04:00:00,17,120,1.1428571428571428,0.0,0.0,0.0740666666666666,12.1275,6.0,13,19.83242876231769,,4000.0,0.0,0.0,0.0,33.72589252244428,optimal
2021-02-08 04:30:00,17,120,1.1428571428571428,0.0,0.0,0.1117333333333333,11.2665,6.0,13,19.847637983438087,,4000.0,0.0,0.0,0.0,33.69216662992183,optimal
2021-02-08 05:00:00,17,120,1.1428571428571428,0.0,5.0,0.0740666666666666,10.143,6.0,13,19.86307766329705,,4000.0,0.0,0.0,0.0,36.03347446329191,optimal
2021-02-08 05:30:00,17,120,1.1428571428571428,0.0,0.7001524273425431,0.1167333333333333,11.2455,6.0,13,19.87782960847236,,4000.0,0.0,0.0,0.0,36.33001339181632,optimal
2021-02-08 06:00:00,17,120,1.1428571428571428,0.0,5.0,0.0643333333333333,11.025,6.0,13,19.8929120471076,,4000.0,0.0,0.0,0.0,38.6686833784245,optimal
2021-02-08 06:30:00,17,120,1.1428571428571428,0.0,5.0,0.1268,5.9745,6.0,13,19.90722304015078,,4000.0,0.0,0.0,0.0,41.00501469504607,optimal
2021-02-08 07:00:00,17,120,1.1428571428571428,0.0,5.0,0.0576666666666666,7.938,6.0,13,19.92223249547853,,4000.0,0.0,0.0,0.0,43.33900968035103,optimal
2021-02-08 07:30:00,17,120,1.1428571428571428,4.34689498128815,5.0,0.1248,8.6835,6.0,13,19.93756421825212,,4000.0,3633.538816492669,0.0,278.66666666666663,45.670670670670674,optimal
2021-02-08 08:00:00,17,120,1.1428571428571428,0.5418518518518518,5.0,0.2604666666666666,7.665,6.0,13,20.0,,4000.0,0.0,0.0,487.6666666666667,48.0,optimal
2021-02-08 08:30:00,17,120,1.1428571428571428,0.0774074074074074,0.0,0.1515999999999999,6.7725,6.0,13,20.01911407302704,,4000.0,0.0,0.0,69.66666666666666,47.83726474461359,optimal
2021-02-08 09:00:00,17,120,1.1428571428571428,0.3096296296296296,0.0,2.7182,5.5755,6.0,13,20.035827517387222,,4000.0,0.0,0.0,278.66666666666663,47.67469222448257,optimal
2021-02-08 09:30:00,17,120,1.1428571428571428,0.0,0.0,0.1988,5.0925,6.0,13,20.06174060633836,,4000.0,0.0,0.0,0.0,47.51228227687168,optimal
2021-02-08 10:00:00,17,120,1.1428571428571428,0.0774074074074074,0.0,0.1464,4.1895,6.0,13,20.08201453720018,,4000.0,0.0,0.0,69.66666666666666,47.3500347392084,optimal
2021-02-08 10:30:00,17,120,1.1428571428571428,1.7803703703703702,0.0,0.1666,7.056,6.0,13,20.10381720283661,,4000.0,0.0,0.0,1602.3333333333333,47.18794944908279,optimal
2021-02-08 11:00:00,17,120,1.1428571428571428,0.2322222222222222,0.0,0.6223,5.271,6.0,13,20.12404835492875,,4000.0,0.0,0.0,209.0,47.0260262442473,optimal
2021-02-08 11:30:00,17,120,1.1428571428571428,0.3096296296296296,0.0,0.097,7.938,6.0,13,20.152142005544025,,4000.0,0.0,0.0,278.66666666666663,46.864264962616645,optimal
2021-02-08 12:00:00,17,120,1.1428571428571428,0.387037037037037,0.0,1.2689333333333337,7.938,6.0,13,20.1732932890573,,4000.0,0.0,0.0,348.3333333333333,46.70266544226762,optimal
2021-02-08 12:30:00,17,120,1.1428571428571428,0.6192592592592592,0.0,0.4322,11.907,6.0,13,20.205111940874264,,4000.0,0.0,0.0,557.3333333333333,46.54122752143895,optimal
2021-02-08 13:00:00,17,120,1.1428571428571428,0.1548148148148148,0.0,0.073,11.025,6.0,13,20.23024975441705,,4000.0,0.0,0.0,139.33333333333331,46.379951038531104,optimal
2021-02-08 13:30:00,17,120,1.1428571428571428,0.0,0.0,0.1251,11.2875,6.0,13,20.25171644264609,,4000.0,0.0,0.0,0.0,46.218835832106166,optimal
2021-02-08 14:00:00,17,120,1.1428571428571428,0.0,0.0,0.0803,12.936,6.0,13,20.27436864218343,,4000.0,0.0,0.0,0.0,46.05788174088765,optimal
2021-02-08 14:30:00,17,120,0.2298148721436907,0.0,0.0,0.1255,13.0095,6.0,13,20.294263482209782,,804.3520525029174,0.0,0.0,0.0,45.89708860376036,optimal
2021-02-08 15:00:00,17,120,0.0,0.0,0.0,0.0803,13.671,6.0,13,20.27544165681289,,0.0,0.0,0.0,0.0,45.73645625977019,optimal
2021-02-08 15:30:00,17,120,0.0,0.0,0.0,0.069,13.188,6.0,13,20.243974448668183,,0.0,0.0,0.0,0.0,45.57598454812402,optimal
2021-02-08 16:00:00,17,120,0.0,0.0,0.0,0.1401333333333333,13.8495,6.0,13,20.212531093906264,,0.0,0.0,0.0,0.0,45.41567330818949,optimal
2021-02-08 16:30:00,17,120,0.0,0.0,0.0,0.1013333333333333,13.23,6.0,13,20.180317590163604,,0.0,0.0,0.0,0.0,45.25552237949489,optimal
2021-02-08 17:00:00,17,120,0.0,0.2322222222222222,0.0,0.0856666666666666,13.3665,6.0,13,20.15022500815605,,0.0,0.0,0.0,209.0,45.09553160172899,optimal
2021-02-08 17:30:00,17,120,1.1428571428571428,0.0,0.0,0.1772,13.0515,6.0,13,20.11459617195284,,4000.0,0.0,0.0,0.0,44.935700814740855,optimal
2021-02-08 18:00:00,17,120,0.0,0.0,0.0,0.1148666666666666,13.5345,6.0,13,20.129588425048688,,0.0,0.0,0.0,0.0,44.77602985853971,optimal
2021-02-08 18:30:00,17,120,0.0,0.0,0.0,2.058333333333333,14.154,6.0,13,20.094124008124734,,0.0,0.0,0.0,0.0,44.61651857329476,optimal
2021-02-08 19:00:00,17,120,0.0,0.0,0.0,0.0916,14.112,6.0,13,20.07604649789724,,0.0,0.0,0.0,0.0,44.45716679933506,optimal
2021-02-08 19:30:00,17,120,0.0,0.0,0.0,0.069,14.2485,6.0,13,20.03827215663867,,0.0,0.0,0.0,0.0,44.29797437714932,optimal
2021-02-08 20:00:00,17,120,0.8834261317132257,0.0,0.0,0.1368,12.789,6.0,13,20.0,,3091.99146099629,0.0,0.0,0.0,44.138941147385765,optimal
2021-02-08 20:30:00,17,120,0.0,1.6255555555555554,0.0,0.3867666666666666,13.0095,6.0,13,20.0,,0.0,0.0,0.0,1463.0,43.98006695085197,optimal
2021-02-08 21:00:00,17,120,0.0,0.387037037037037,0.0,0.2326,12.1275,6.0,13,19.965698514886657,,0.0,0.0,0.0,348.3333333333333,43.82135162851471,optimal
2021-02-08 21:30:00,17,120,0.0,0.1548148148148148,0.0,0.2531333333333333,12.348,6.0,13,19.93166156747392,,0.0,0.0,0.0,139.33333333333331,43.7775302768862,optimal
2021-02-08 22:00:00,17,120,0.0,0.0,0.0,0.4502,12.348,6.0,13,19.8998566320172,,0.0,0.0,0.0,0.0,43.73375274660931,optimal
2021-02-08 22:30:00,17,120,0.0,0.0774074074074074,0.0,0.2962666666666667,25.389,6.0,13,19.87327654592507,,0.0,0.0,0.0,69.66666666666666,43.6900189938627,optimal
2021-02-08 23:00:00,17,120,0.0,0.0,0.0,0.3103666666666667,29.1375,6.0,13,19.845480117353272,,0.0,0.0,0.0,0.0,43.64632897486884,optimal
2021-02-08 23:30:00,17,120,0.0,0.0,0.0,0.3294333333333333,30.597,6.0,13,19.81618022408648,,0.0,0.0,0.0,0.0,43.60268264589397,optimal
2021-02-09 00:00:00,17,120,1.1428571428571428,0.0,5.0,0.15,11.361,6.0,-10,19.81618022408648,,4000.0,0.0,0.0,0.0,45.93407996324808,optimal
2021-02-09 00:30:00,17,120,1.1428571428571428,0.0,5.0,0.117,11.571,6.0,-10,19.829674395657506,,4000.0,0.0,0.0,0.0,48.26314588328483,optimal
2021-02-09 01:00:00,17,120,1.1428571428571428,0.0,0.0,0.1607333333333333,14.3745,6.0,-10,19.8427901956287,,4000.0,0.0,0.0,0.0,48.214882737401545,optimal
2021-02-09 01:30:00,17,120,1.1428571428571428,0.0,0.8696709117182578,0.1443333333333333,13.23,6.0,-10,19.856629657973507,,4000.0,0.0,0.0,0.0,48.57976153773031,optimal
2021-02-09 02:00:00,17,120,1.1428571428571428,0.0,0.0,0.058,13.9755,6.0,-10,19.870043635999146,,4000.0,0.0,0.0,0.0,48.53118177619257,optimal
2021-02-09 02:30:00,17,120,1.1428571428571428,0.0,0.0,0.1936666666666666,14.994,6.0,-10,19.88218102138518,,4000.0,0.0,0.0,0.0,48.48265059441637,optimal
2021-02-09 03:00:00,17,120,1.1428571428571428,0.0,0.0,0.058,13.671,6.0,-10,19.896046209682915,,4000.0,0.0,0.0,0.0,48.434167943821954,optimal
2021-02-09 03:30:00,17,120,1.1428571428571428,0.0,0.0,0.1813333333333333,15.981,6.0,-10,19.9083302996182,,4000.0,0.0,0.0,0.0,48.38573377587813,optimal
2021-02-09 04:00:00,17,120,1.1428571428571428,0.0,0.0,0.1237333333333333,15.6345,6.0,-10,19.92229078085743,,4000.0,0.0,0.0,0.0,48.33734804210225,optimal
2021-02-09 04:30:00,17,120,1.1428571428571428,0.0,0.0,0.0826666666666666,16.5375,6.0,-10,19.935720137881148,,4000.0,0.0,0.0,0.0,48.28901069406015,optimal
2021-02-09 05:00:00,17,120,1.1428571428571428,0.0,0.0,0.1838333333333333,14.7735,6.0,-10,19.94842432584561,,4000.0,0.0,0.0,0.0,48.24072168336608,optimal
2021-02-09 05:30:00,17,120,1.1428571428571428,0.0,0.0,0.0965666666666666,15.2145,6.0,-10,19.962137517729428,,4000.0,0.0,0.0,0.0,48.19248096168271,optimal
2021-02-09 06:00:00,17,120,1.1428571428571428,0.0,0.0,0.0728333333333333,14.553,6.0,-10,19.97476040986247,,4000.0,0.0,0.0,0.0,48.144288480721016,optimal
2021-02-09 06:30:00,17,120,1.1428571428571428,0.0,0.0,0.2199,14.3325,6.0,-10,19.98706914870572,,4000.0,0.0,0.0,0.0,48.096144192240295,optimal
2021-02-09 07:00:00,17,120,1.1428571428571428,1.006296296296296,0.0,0.167,14.595,6.0,-10,20.00104597316836,,4000.0,0.0,0.0,905.6666666666664,48.048048048048045,optimal
2021-02-09 07:30:00,17,120,1.1428571428571428,0.3096296296296296,0.0,0.2815,14.994,6.0,-10,20.01607480430133,,4000.0,0.0,0.0,278.66666666666663,48.0,optimal
2021-02-09 08:00:00,17,120,1.1428571428571428,0.1548148148148148,0.0,0.2907333333333333,14.3325,6.0,-10,20.03140145469512,,4000.0,0.0,0.0,139.33333333333331,47.64757886860894,optimal
2021-02-09 08:30:00,17,120,1.1428571428571428,0.6192592592592592,0.0,0.2585,13.8915,6.0,-10,20.04539353977276,,4000.0,0.0,0.0,557.3333333333333,47.29551015834927,optimal
2021-02-09 09:00:00,17,120,1.1428571428571428,0.387037037037037,0.0,0.3435,13.8915,6.0,-10,20.059340558557945,,4000.0,0.0,0.0,348.3333333333333,46.943793516799865,optimal
2021-02-09 09:30:00,17,120,1.1428571428571428,0.2322222222222222,0.0,0.2201666666666666,13.4715,6.0,-10,20.076252019630072,,4000.0,0.0,0.0,209.0,46.592428591892,optimal
2021-02-09 10:00:00,17,120,1.1428571428571428,0.0,0.0,0.2386666666666666,13.23,6.0,-10,20.0923521775221,,4000.0,0.0,0.0,0.0,46.24141503190905,optimal
2021-02-09 10:30:00,17,120,1.1428571428571428,0.2322222222222222,0.0,0.3965,13.8915,6.0,-10,20.112693130828905,,4000.0,0.0,0.0,209.0,45.89075248548608,optimal
2021-02-09 11:00:00,17,120,0.0,0.0,0.0,0.43,26.9325,6.0,-10,20.13540405591003,,0.0,0.0,0.0,0.0,45.54044060160954,optimal
2021-02-09 11:30:00,17,120,0.0,0.0,0.0,0.4088666666666666,30.303,6.0,-10,20.112089868695683,,0.0,0.0,0.0,0.0,45.19047902961687,optimal
2021-02-09 12:00:00,17,120,0.0,0.0,0.0,0.1381,32.886,6.0,-10,20.088066643127625,,0.0,0.0,0.0,0.0,44.840867419196194,optimal
2021-02-09 12:30:00,17,120,0.0,0.0,0.0,0.1006333333333333,34.9965,6.0,-10,20.06157194046032,,0.0,0.0,0.0,0.0,44.49160542038594,optimal
2021-02-09 13:00:00,17,120,0.0,0.2322222222222222,0.0,0.3938666666666667,33.327,6.0,-10,20.03457420527048,,0.0,0.0,0.0,209.0,44.142692683574495,optimal
2021-02-09 13:30:00,17,120,0.0,1.0785327263137177,0.0,0.2048333333333332,31.122,6.0,-10,20.013346335562588,,0.0,831.3461203490126,0.0,139.33333333333331,43.79412885949986,optimal
2021-02-09 14:00:00,17,120,0.5822052065096958,0.0774074074074074,0.0,0.2034,17.9025,6.0,-10,20.0,,2037.7182227839355,0.0,0.0,69.66666666666666,43.4459135992493,optimal
2021-02-09 14:30:00,17,120,0.6512157876997255,0.0,0.0,0.068,15.6555,6.0,-10,20.0,,2279.2552569490394,0.0,0.0,0.0,43.09804655425899,optimal
2021-02-09 15:00:00,17,120,0.6502984883699011,0.0,0.0,0.2570666666666666,14.553,6.0,-10,20.0,,2276.044709294654,0.0,0.0,0.0,42.75052737631368,optimal
2021-02-09 15:30:00,17,120,0.7043175359889634,0.0,0.0,0.068,14.3325,6.0,-10,20.0,,2465.111375961372,0.0,0.0,0.0,42.40335571754631,optimal
2021-02-09 16:00:00,17,120,0.77404101490564,0.0,0.0,0.068,13.335,6.0,-10,20.0,,2709.1435521697404,0.0,0.0,0.0,42.0565312304377,optimal
2021-02-09 16:30:00,17,120,1.1428571428571428,0.0,0.0,0.2570666666666666,12.1275,6.0,-10,20.0,,4000.0,0.0,0.0,0.0,41.7100535678162,optimal
2021-02-09 17:00:00,17,120,0.4364654625046941,0.0,0.0,0.068,12.2955,6.0,-10,20.017830675047936,,1527.6291187664292,0.0,0.0,0.0,41.363922382857325,optimal
2021-02-09 17:30:00,17,120,0.8432144162920976,0.0,0.0,0.1214,11.6865,6.0,-10,20.0,,2951.2504570223414,0.0,0.0,0.0,41.01813732908341,optimal
2021-02-09 18:00:00,17,120,0.7568176726694894,0.0,0.0,0.191,11.466,6.0,-10,20.0,,2648.861854343213,0.0,0.0,0.0,40.67269806036327,optimal
2021-02-09 18:30:00,17,120,1.084930652590835,0.0,0.0,0.2704,10.8045,6.0,-10,20.0,,3797.257284067924,0.0,0.0,0.0,40.327604230911845,optimal
2021-02-09 19:00:00,17,120,1.1428571428571428,0.0,0.0,0.6110666666666668,10.584,6.0,-10,20.018593493801216,,4000.0,0.0,0.0,0.0,39.98285549528988,optimal
2021-02-09 19:30:00,17,120,0.0,0.0774074074074074,0.0,0.5297000000000001,11.2455,6.0,-10,20.044237159353703,,0.0,0.0,0.0,69.66666666666666,39.63845150840353,optimal
2021-02-09 20:00:00,17,120,0.0,0.3096296296296296,0.0,0.6354666666666667,12.1275,6.0,-10,20.021654096269973,,0.0,0.0,0.0,278.66666666666663,39.29439192550407,optimal
2021-02-09 20:30:00,17,120,0.0,2.0899999999999994,0.0,0.4770333333333333,11.823,6.0,-10,20.0,,0.0,0.0,0.0,1881.0,39.25509753357856,optimal
2021-02-09 21:00:00,17,120,0.0,0.4644444444444444,0.0,1.9390333333333327,11.7705,6.0,-10,19.977854589024684,,0.0,0.0,0.0,418.0,39.21584243604499,optimal
2021-02-09 21:30:00,17,120,0.0,0.1548148148148148,0.0,0.3365666666666667,11.13,6.0,-10,19.96704440041043,,0.0,0.0,0.0,139.33333333333331,39.176626593608944,optimal
2021-02-09 22:00:00,17,120,0.0,0.1548148148148148,0.0,0.4982333333333333,11.6865,6.0,-10,19.94185918226304,,0.0,0.0,0.0,139.33333333333331,39.137449967015336,optimal
2021-02-09 22:30:00,17,120,0.0,0.6192592592592592,0.0,0.7963333333333333,10.7205,6.0,-10,19.917727540136703,,0.0,0.0,0.0,557.3333333333333,39.09831251704832,optimal
2021-02-09 23:00:00,17,120,0.0,0.1548148148148148,0.0,0.3016666666666667,11.424,6.0,-10,19.898101304980308,,0.0,0.0,0.0,139.33333333333331,39.05921420453127,optimal
2021-02-09 23:30:00,17,120,0.0,0.1548148148148148,0.0,0.3553,10.689,6.0,-10,19.87292395392373,,0.0,0.0,0.0,139.33333333333331,39.020154990326745,optimal
2021-02-10 00:00:00,17,120,1.1428571428571428,0.0,0.0785540710939053,0.067,18.123,6.0,17,19.87292395392373,,4000.0,0.0,0.0,0.0,39.018448019106025,optimal
2021-02-10 00:30:00,17,120,0.0,0.0,0.0,0.181,31.647,6.0,17,19.88597571172076,,0.0,0.0,0.0,0.0,38.97942957108691,optimal
2021-02-10 01:00:00,17,120,0.0,0.0,0.0,0.1341999999999999,34.9965,6.0,17,19.851462751511523,,0.0,0.0,0.0,0.0,38.94045014151583,optimal
2021-02-10 01:30:00,17,120,0.0,0.0,0.0,0.067,34.9965,6.0,17,19.81624982546616,,0.0,0.0,0.0,0.0,38.9015096913743,optimal
2021-02-10 02:00:00,17,120,0.0,0.0,0.0,0.1959333333333333,34.9965,6.0,17,19.78008980150906,,0.0,0.0,0.0,0.0,38.86260818168292,optimal
2021-02-10 02:30:00,17,120,0.0,0.0,0.0,0.1192666666666666,34.9965,6.0,17,19.745373920906776,,0.0,0.0,0.0,0.0,38.82374557350124,optimal
2021-02-10 03:00:00,17,120,0.0,0.0,0.0,0.067,34.9965,6.0,17,19.70979288707248,,0.0,0.0,0.0,0.0,38.78492182792773,optimal
2021-02-10 03:30:00,17,120,0.0,0.0,0.0,0.1916,27.741,6.0,17,19.67364566440164,,0.0,0.0,0.0,0.0,38.7461369060998,optimal
2021-02-10 04:00:00,17,120,1.1428571428571428,0.0,0.0,0.1235999999999999,19.026,6.0,17,19.6390880258384,,4000.0,0.0,0.0,0.0,38.7073907691937,optimal
2021-02-10 04:30:00,17,120,1.1428571428571428,0.0,0.0,0.1874666666666666,18.7215,6.0,17,19.652499873544336,,4000.0,0.0,0.0,0.0,38.6686833784245,optimal
2021-02-10 05:00:00,17,120,1.1428571428571428,0.0,5.0,0.1277333333333333,17.4195,6.0,17,19.666464920787234,,4000.0,0.0,0.0,0.0,41.00501469504607,optimal
2021-02-10 05:30:00,17,120,1.1428571428571428,0.0,5.0,0.067,16.758,6.0,17,19.679476333191065,,4000.0,0.0,0.0,0.0,43.33900968035103,optimal
2021-02-10 06:00:00,17,120,1.1428571428571428,0.0,5.0,0.2444666666666666,14.217,6.0,17,19.69152381905361,,4000.0,0.0,0.0,0.0,45.670670670670674,optimal
2021-02-10 06:30:00,17,120,1.1428571428571428,1.8577777777777773,5.0,0.0734333333333333,13.3665,6.0,17,19.70551112357712,,4000.0,0.0,0.0,1672.0,48.0,optimal
2021-02-10 07:00:00,17,120,1.1428571428571428,0.0774074074074074,0.0,0.3334666666666666,12.789,6.0,17,19.7193250956887,,4000.0,0.0,0.0,69.66666666666666,47.63051556440085,optimal
2021-02-10 07:30:00,17,120,1.1428571428571428,22.68051876187253,0.0,0.8725333333333333,11.907,6.0,17,19.73919450504589,,4000.0,19715.800219018616,0.0,696.6666666666666,47.261400613237306,optimal
2021-02-10 08:00:00,17,120,1.1428571428571428,3.331614814814815,0.0,1.3916,11.7075,6.0,17,20.0,,4000.0,0.0,0.0,2998.4533333333334,46.89265477702492,optimal
2021-02-10 08:30:00,17,120,1.1428571428571428,0.0,0.0,0.2018,10.8045,6.0,17,20.021364025555982,,4000.0,0.0,0.0,0.0,46.52427768664875,optimal
2021-02-10 09:00:00,17,120,1.1428571428571428,3.944681481481482,0.0,1.3197,11.508,6.0,17,20.03204175656981,,4000.0,0.0,0.0,3550.213333333334,46.15626897336296,optimal
2021-02-10 09:30:00,17,120,1.1428571428571428,0.0,0.0,1.1656,11.508,6.0,17,20.05028971920406,,4000.0,0.0,0.0,0.0,45.78862826879045,optimal
2021-02-10 10:00:00,17,120,1.1428571428571428,0.0,0.0,0.2128666666666666,11.508,6.0,17,20.06559814475917,,4000.0,0.0,0.0,0.0,45.42135520492251,optimal
2021-02-10 10:30:00,17,120,1.1428571428571428,0.0,0.0,0.1869333333333333,11.844,6.0,17,20.08172255247418,,4000.0,0.0,0.0,0.0,45.05444941411845,optimal
2021-02-10 11:00:00,17,120,1.1428571428571428,0.0,0.0,0.3143,11.508,6.0,17,20.097681446878653,,4000.0,0.0,0.0,0.0,44.68791052910518,optimal
2021-02-10 11:30:00,17,120,1.1428571428571428,0.0,0.0,0.1508,11.508,6.0,17,20.11700650113175,,4000.0,0.0,0.0,0.0,44.32173818297693,optimal
2021-02-10 12:00:00,17,120,1.1428571428571428,0.0,0.0,0.224,10.4475,6.0,17,20.13531541512076,,4000.0,0.0,0.0,0.0,43.9559320091948,optimal
2021-02-10 12:30:00,17,120,1.1428571428571428,0.0,0.0,0.1186666666666666,10.8675,6.0,17,20.157944997537225,,4000.0,0.0,0.0,0.0,43.59049164158646,optimal
2021-02-10 13:00:00,17,120,1.1428571428571428,0.0,0.0,0.1367333333333333,10.542,6.0,17,20.179246508563853,,4000.0,0.0,0.0,0.0,43.22541671434573,optimal
2021-02-10 13:30:00,17,120,1.1428571428571428,0.0,0.0,0.1055,11.025,6.0,17,20.20027348699002,,4000.0,0.0,0.0,0.0,42.86070686203224,optimal
2021-02-10 14:00:00,17,120,1.1428571428571428,0.0,0.0,0.2297,11.025,6.0,17,20.22127479549508,,4000.0,0.0,0.0,0.0,42.49636171957106,optimal
2021-02-10 14:30:00,17,120,1.1428571428571428,0.0,0.0,0.077,14.553,6.0,17,20.243788573697813,,4000.0,0.0,0.0,0.0,42.132380922252345,optimal
2021-02-10 15:00:00,17,120,1.1428571428571428,0.0,0.0,0.1283,13.0935,6.0,17,20.264397473108872,,4000.0,0.0,0.0,0.0,41.76876410573095,optimal
2021-02-10 15:30:00,17,120,0.1397412770100388,0.0,0.0,0.4020333333333333,15.6345,6.0,17,20.28365163107405,,489.09446953513606,0.0,0.0,0.0,41.40551090602607,optimal
2021-02-10 16:00:00,17,120,0.0,0.387037037037037,0.0,0.1103333333333333,18.102,6.0,17,20.26482150476367,,0.0,0.0,0.0,348.3333333333333,41.042620959520896,optimal
2021-02-10 16:30:00,17,120,0.0,0.2322222222222222,0.0,0.1518,17.199,6.0,17,20.236344522270507,,0.0,0.0,0.0,209.0,40.68009390296223,optimal
2021-02-10 17:00:00,17,120,0.0,0.387037037037037,0.0,0.262,18.2805,6.0,17,20.208477707384866,,0.0,0.0,0.0,348.3333333333333,40.31792937346012,optimal
2021-02-10 17:30:00,17,120,0.0,0.387037037037037,0.0,0.1174,17.4615,6.0,17,20.17991159165173,,0.0,0.0,0.0,348.3333333333333,39.95612700848751,optimal
2021-02-10 18:00:00,17,120,0.0,0.2322222222222222,0.0,0.3036,18.3225,6.0,17,20.147934248084223,,0.0,0.0,0.0,209.0,39.59468644587988,optimal
2021-02-10 18:30:00,17,120,0.0,0.2322222222222222,0.0,0.2100666666666666,17.094,6.0,17,20.11837722467454,,0.0,0.0,0.0,209.0,39.23360732383485,optimal
2021-02-10 19:00:00,17,120,0.0,0.2322222222222222,0.0,0.236,17.094,6.0,17,20.08899782620699,,0.0,0.0,0.0,209.0,39.194373716511016,optimal
2021-02-10 19:30:00,17,120,0.0,0.0,0.0,0.1414666666666666,17.094,6.0,17,20.06050714937357,,0.0,0.0,0.0,0.0,39.1551793427945,optimal
2021-02-10 20:00:00,17,120,0.0,0.0,0.0,0.1498666666666666,17.3565,6.0,17,20.030005794106003,,0.0,0.0,0.0,0.0,39.11602416345171,optimal
2021-02-10 20:30:00,17,120,0.0,0.1548148148148148,0.0,0.2886666666666667,17.115,6.0,17,20.0,,0.0,0.0,0.0,139.33333333333331,39.07690813928826,optimal
2021-02-10 21:00:00,17,120,0.0,0.3096296296296296,0.0,1.8459666666666668,17.241,6.0,17,19.9725794550118,,0.0,0.0,0.0,278.66666666666663,39.03783123114897,optimal
2021-02-10 21:30:00,17,120,0.0,0.3096296296296296,0.0,0.5374,17.094,6.0,17,19.948716138865134,,0.0,0.0,0.0,278.66666666666663,38.99879339991782,optimal
2021-02-10 22:00:00,17,120,0.0,0.0,0.0,0.4724333333333332,16.5165,6.0,17,19.9183608870348,,0.0,0.0,0.0,0.0,38.9597946065179,optimal
2021-02-10 22:30:00,17,120,0.0,0.0,0.0,0.5748,17.8185,6.0,17,19.88497872140012,,0.0,0.0,0.0,0.0,38.92083481191138,optimal
2021-02-10 23:00:00,17,120,0.0,0.0,0.0,0.7786666666666666,17.094,6.0,17,19.85401573521708,,0.0,0.0,0.0,0.0,38.88191397709947,optimal
2021-02-10 23:30:00,17,120,0.0,0.0,0.0,0.1971333333333333,16.8945,6.0,17,19.82321737837835,,0.0,0.0,0.0,0.0,38.84303206312237,optimal
2021-02-11 00:00:00,17,120,1.1428571428571428,0.2322222222222222,0.0,0.0657333333333333,19.1625,6.0,-14,19.82321737837835,,4000.0,0.0,0.0,209.0,38.80418903105925,optimal
2021-02-11 00:30:00,17,120,0.0,0.0,0.0,0.1453,26.46,6.0,-14,19.82945456663065,,0.0,0.0,0.0,0.0,38.76538484202819,optimal
2021-02-11 01:00:00,17,120,1.1428571428571428,2.322222222222221,0.0,0.1936,20.79,6.0,-14,19.788685278270755,,4000.0,0.0,0.0,2089.9999999999995,38.72661945718616,optimal
2021-02-11 01:30:00,17,120,0.0,0.2322222222222222,0.0,0.1321,29.106,6.0,-14,19.797131952704987,,0.0,0.0,0.0,209.0,38.687892837728974,optimal
2021-02-11 02:00:00,17,120,1.1428571428571428,0.0,0.0,0.07,19.1835,6.0,-14,19.75581812504528,,4000.0,0.0,0.0,0.0,38.649204944891245,optimal
2021-02-11 02:30:00,17,120,1.1428571428571428,0.0,0.0,0.1231,19.6665,6.0,-14,19.76129330858785,,4000.0,0.0,0.0,0.0,38.61055573994636,optimal
2021-02-11 03:00:00,17,120,1.1428571428571428,0.0,0.0,0.1467,19.404,6.0,-14,19.767206263374224,,4000.0,0.0,0.0,0.0,38.57194518420641,optimal
2021-02-11 03:30:00,17,120,1.1428571428571428,0.0,5.0,0.07,19.047,6.0,-14,19.773196742370114,,4000.0,0.0,0.0,0.0,40.90837323902221,optimal
2021-02-11 04:00:00,17,120,1.1428571428571428,0.0,5.0,0.1998,18.858,6.0,-14,19.77873659985446,,4000.0,0.0,0.0,0.0,43.242464865783184,optimal
2021-02-11 04:30:00,17,120,1.1428571428571428,0.0,0.2942890093339507,0.07,19.2675,6.0,-14,19.786342383089632,,4000.0,0.0,0.0,0.0,43.33900968035103,optimal
2021-02-11 05:00:00,17,120,1.1428571428571428,0.0,5.0,0.1467,18.963,6.0,-14,19.79235181923024,,4000.0,0.0,0.0,0.0,45.670670670670674,optimal
2021-02-11 05:30:00,17,120,1.1428571428571428,2.4770370370370367,5.0,0.2715,18.438,6.0,-14,19.79928372701164,,4000.0,0.0,0.0,2229.333333333333,48.0,optimal
2021-02-11 06:00:00,17,120,1.1428571428571428,0.6966666666666667,0.0,0.3927,18.7425,6.0,-14,19.808303165403103,,4000.0,0.0,0.0,627.0,47.4481214571338,optimal
2021-02-11 06:30:00,17,120,1.1428571428571428,0.774074074074074,0.0,0.3087,15.2145,6.0,-14,19.819742390848344,,4000.0,0.0,0.0,696.6666666666666,46.89679479281047,optimal
2021-02-11 07:00:00,17,120,1.1428571428571428,0.0,0.0,0.3398,17.7765,6.0,-14,19.83418444463605,,4000.0,0.0,0.0,0.0,46.34601945515146,optimal
2021-02-11 07:30:00,17,120,1.1428571428571428,12.59617369155641,0.0,0.3752,16.758,6.0,-14,19.84987179616074,,4000.0,11127.55632240077,0.0,209.0,45.79579489283012,optimal
2021-02-11 08:00:00,17,120,1.1428571428571428,0.4644444444444444,0.0,1.5316,16.422,6.0,-14,20.0,,4000.0,0.0,0.0,418.0,45.24612055507109,optimal
2021-02-11 08:30:00,17,120,1.1428571428571428,0.3096296296296296,0.0,1.249766666666667,16.758,6.0,-14,20.0196203808652,,4000.0,0.0,0.0,278.66666666666663,44.69699589164982,optimal
2021-02-11 09:00:00,17,120,0.0,0.4644444444444444,0.0,0.1873,29.358,6.0,-14,20.03610651928544,,0.0,0.0,0.0,418.0,44.148420352891975,optimal
2021-02-11 09:30:00,17,120,0.0,2.3265719377748693,0.0,0.2150666666666666,34.9965,6.0,-14,20.0044607680175,,0.0,1884.9147439973824,0.0,209.0,43.60039338967289,optimal
2021-02-11 10:00:00,17,120,0.0,2.0087285924490663,0.0,0.2256,34.65,6.0,-14,20.0,,0.0,1807.85573320416,0.0,0.0,43.05291445341702,optimal
2021-02-11 10:30:00,17,120,0.0,3.7022594183520727,0.0,0.1428,34.9965,6.0,-14,20.0,,0.0,2008.366809850199,0.0,1323.6666666666667,42.5059829960974,optimal
2021-02-11 11:00:00,17,120,0.0,2.6647870317336886,0.0,0.068,34.9965,6.0,-14,20.0,,0.0,2258.9749952269863,0.0,139.33333333333331,41.95959847023511,optimal
2021-02-11 11:30:00,17,120,0.0,2.4347253512065867,0.0,0.352,30.4815,6.0,-14,20.0,,0.0,1982.2528160859283,0.0,209.0,41.41376032889868,optimal
2021-02-11 12:00:00,17,120,0.5771461577421015,0.2322222222222222,0.0,0.0760666666666666,21.4305,6.0,-14,20.0,,2020.0115520973552,0.0,0.0,209.0,40.86846802570358,optimal
2021-02-11 12:30:00,17,120,0.4964733641769722,0.0,0.0,0.7796000000000001,14.3325,6.0,-14,20.0,,1737.6567746194028,0.0,0.0,0.0,40.32372101481168,optimal
2021-02-11 13:00:00,17,120,0.6910617607457127,0.4644444444444444,0.0,2.466,13.692,6.0,-14,20.0,,2418.7161626099946,0.0,0.0,418.0,39.77951875093066,optimal
2021-02-11 13:30:00,17,120,0.0,0.2322222222222222,0.0,0.1503333333333333,14.007,6.0,-14,20.02257849017781,,0.0,0.0,0.0,209.0,39.23586068931353,optimal
2021-02-11 14:00:00,17,120,0.4567208295566093,0.3096296296296296,0.0,0.3898999999999999,12.873,6.0,-14,20.0,,1598.5229034481329,0.0,0.0,278.66666666666663,38.69274628575802,optimal
2021-02-11 14:30:00,17,120,0.4630520407436997,0.0,0.0,0.4355,12.684,6.0,-14,20.0,,1620.6821426029492,0.0,0.0,0.0,38.15017499660606,optimal
2021-02-11 15:00:00,17,120,0.5145634801659377,0.0,0.0,0.2295333333333333,12.306,6.0,-14,20.0,,1800.972180580782,0.0,0.0,0.0,37.608146278743256,optimal
2021-02-11 15:30:00,17,120,1.1428571428571428,0.0,0.0,0.2415999999999999,10.6365,6.0,-14,20.0,,4000.0,0.0,0.0,0.0,37.06665958959832,optimal
2021-02-11 16:00:00,17,120,1.1428571428571428,0.0,0.0,0.1034,11.2455,6.0,-14,20.02635320263241,,4000.0,0.0,0.0,0.0,36.52571438714252,optimal
2021-02-11 16:30:00,17,120,1.1428571428571428,0.0,0.0,0.2354333333333333,11.2455,6.0,-14,20.04577226497205,,4000.0,0.0,0.0,0.0,35.98531012988918,optimal
2021-02-11 17:00:00,17,120,1.1428571428571428,0.0,0.0,0.1054,11.025,6.0,-14,20.062907622572496,,4000.0,0.0,0.0,0.0,35.445446276893094,optimal
2021-02-11 17:30:00,17,120,0.0,2.0899999999999994,0.0,0.2013,12.0855,6.0,-14,20.06917111853427,,0.0,0.0,0.0,1881.0,34.90612228775,optimal
2021-02-11 18:00:00,17,120,0.2890291362709376,0.5418518518518518,0.0,0.132,11.6865,6.0,-14,20.029356696504657,,1011.6019769482816,0.0,0.0,487.6666666666667,34.367337622596054,optimal
2021-02-11 18:30:00,17,120,0.9861794961928276,0.0,0.0,0.2759666666666666,11.2245,6.0,-14,20.0,,3451.628236674897,0.0,0.0,0.0,33.82909174210726,optimal
2021-02-11 19:00:00,17,120,1.058492709755947,0.387037037037037,0.0,0.1478666666666666,11.025,6.0,-14,20.0,,3704.724484145814,0.0,0.0,348.3333333333333,33.29138410749896,optimal
2021-02-11 19:30:00,17,120,1.1428571428571428,0.2322222222222222,0.0,0.1354333333333333,10.7835,6.0,-14,20.0,,4000.0,0.0,0.0,209.0,33.25809272339146,optimal
2021-02-11 20:00:00,17,120,0.8730955743396224,0.0,0.0,0.0897999999999999,11.025,6.0,-14,20.0072174248105,,3055.834510188678,0.0,0.0,0.0,33.22483463066806,optimal
2021-02-11 20:30:00,17,120,0.0,0.0774074074074074,0.0,0.3063333333333333,10.584,6.0,-14,20.0,,0.0,0.0,0.0,69.66666666666666,33.1916097960374,optimal
2021-02-11 21:00:00,17,120,0.0,0.1548148148148148,0.0,0.6073666666666667,11.025,6.0,-14,19.959623221172382,,0.0,0.0,0.0,139.33333333333331,33.15841818624136,optimal
2021-02-11 21:30:00,17,120,0.0,0.0774074074074074,0.0,0.3942,10.4265,6.0,-14,19.922733171261605,,0.0,0.0,0.0,69.66666666666666,33.12525976805512,optimal
2021-02-11 22:00:00,17,120,0.0,0.0,0.0,0.07,12.789,6.0,-14,19.886872075574644,,0.0,0.0,0.0,0.0,33.09213450828707,optimal
2021-02-11 22:30:00,17,120,0.0,0.0,0.0,0.07,12.684,6.0,-14,19.83959119406749,,0.0,0.0,0.0,0.0,33.05904237377878,optimal
2021-02-11 23:00:00,17,120,0.0,0.0,0.0,0.1939,16.254,6.0,-14,19.79121451216325,,0.0,0.0,0.0,0.0,33.025983331405,optimal
2021-02-11 23:30:00,17,120,0.0,0.0,0.0,0.0759,17.64,6.0,-14,19.74325359468123,,0.0,0.0,0.0,0.0,32.992957348073595,optimal
2021-02-12 00:00:00,17,120,1.1428571428571428,2.2448148148148146,5.0,0.4139333333333332,12.348,6.0,-13,19.74325359468123,,4000.0,0.0,0.0,2020.3333333333333,35.334964390725524,optimal
2021-02-12 00:30:00,17,120,1.1428571428571428,0.0,2.490992885971037,1.084666666666667,14.3325,6.0,-13,19.74771999619138,,4000.0,0.0,0.0,0.0,36.48285104717103,optimal
2021-02-12 01:00:00,17,120,1.1428571428571428,0.0774074074074074,0.0,0.634,15.393,6.0,-13,19.75494541176932,,4000.0,0.0,0.0,69.66666666666666,36.44636819612386,optimal
2021-02-12 01:30:00,17,120,1.1428571428571428,0.0,5.0,0.4477,13.587,6.0,-13,19.768366614399152,,4000.0,0.0,0.0,0.0,38.78492182792773,optimal
2021-02-12 02:00:00,17,120,1.1428571428571428,0.0,0.0,0.364,16.1385,6.0,-13,19.78114202970654,,4000.0,0.0,0.0,0.0,38.7461369060998,optimal
2021-02-12 02:30:00,17,120,1.1428571428571428,0.0,0.0,0.1634,14.595,6.0,-13,19.79110691737923,,4000.0,0.0,0.0,0.0,38.7073907691937,optimal
2021-02-12 03:00:00,17,120,1.1428571428571428,0.1548148148148148,0.0,0.1013333333333333,14.637,6.0,-13,19.79933623346158,,4000.0,0.0,0.0,139.33333333333331,38.6686833784245,optimal
2021-02-12 03:30:00,17,120,1.1428571428571428,0.2322222222222222,5.0,0.1617333333333333,13.9125,6.0,-13,19.807107691935176,,4000.0,0.0,0.0,209.0,41.00501469504607,optimal
2021-02-12 04:00:00,17,120,1.1428571428571428,0.0,5.0,0.072,13.3665,6.0,-13,19.818020413243698,,4000.0,0.0,0.0,0.0,43.33900968035103,optimal
2021-02-12 04:30:00,17,120,1.1428571428571428,0.0,5.0,0.2119333333333333,13.0095,6.0,-13,19.82113573482195,,4000.0,0.0,0.0,0.0,45.670670670670674,optimal
2021-02-12 05:00:00,17,120,1.1428571428571428,0.1548148148148148,5.0,0.0763333333333333,13.8915,6.0,-13,19.827337389978204,,4000.0,0.0,0.0,139.33333333333331,48.0,optimal
2021-02-12 05:30:00,17,120,1.1428571428571428,0.4644444444444444,0.0,0.6818333333333334,13.188,6.0,-13,19.834452427079714,,4000.0,0.0,0.0,418.0,47.91163022808465,optimal
2021-02-12 06:00:00,17,120,1.1428571428571428,0.3096296296296296,0.0,0.9836,12.5685,6.0,-13,19.851975668084457,,4000.0,0.0,0.0,278.66666666666663,47.82334882594121,optimal
2021-02-12 06:30:00,17,120,1.1428571428571428,0.0,0.0,0.048,12.285,6.0,-13,19.86404175699933,,4000.0,0.0,0.0,0.0,47.73515570519992,optimal
2021-02-12 07:00:00,17,120,1.1428571428571428,0.387037037037037,0.0,0.1518666666666666,11.487,6.0,-13,19.86984945650949,,4000.0,0.0,0.0,348.3333333333333,47.647050777579366,optimal
2021-02-12 07:30:00,17,120,1.1428571428571428,11.146574199537698,0.0,0.1362333333333333,11.802,6.0,-13,19.87781987424825,,4000.0,9404.916779583928,0.0,627.0,47.55903395488644,optimal
2021-02-12 08:00:00,17,120,1.1428571428571428,0.0,0.0,0.0731333333333333,11.2245,6.0,-13,20.0,,4000.0,0.0,0.0,0.0,47.4711051490162,optimal
2021-02-12 08:30:00,17,120,1.1428571428571428,0.0,0.0,0.2528,11.025,6.0,-13,20.008852543883737,,4000.0,0.0,0.0,0.0,47.38326427195184,optimal
2021-02-12 09:00:00,17,120,1.1428571428571428,0.0,0.0,0.058,11.907,6.0,-13,20.01574021217736,,4000.0,0.0,0.0,0.0,47.295511235764536,optimal
2021-02-12 09:30:00,17,120,0.0,1.7289010360845205,0.0,0.2393666666666666,25.83,6.0,-13,20.01947501052043,,0.0,1556.0109324760683,0.0,0.0,47.20784595261342,optimal
2021-02-12 10:00:00,17,120,0.0,2.997422923498134,0.0,0.0645666666666666,28.035,6.0,-13,20.0,,0.0,2697.680631148321,0.0,0.0,47.120268334745454,optimal
2021-02-12 10:30:00,17,120,0.0,2.9250937309206524,0.0,0.0645666666666666,28.119,6.0,-13,20.0,,0.0,2632.584357828587,0.0,0.0,47.03277829449536,optimal
2021-02-12 11:00:00,17,120,0.0,2.4050789446966783,0.0,0.2393666666666666,30.156,6.0,-13,20.0,,0.0,2164.5710502270103,0.0,0.0,46.94537574428551,optimal
2021-02-12 11:30:00,17,120,0.0,2.5975563141433176,0.0,0.058,29.1585,6.0,-13,20.0,,0.0,2337.800682728986,0.0,0.0,46.85806059662588,optimal
2021-02-12 12:00:00,17,120,0.0,2.380240249950277,0.0,0.1605666666666666,26.712,6.0,-13,20.0,,0.0,2142.21622495525,0.0,0.0,46.7708327641139,optimal
2021-02-12 12:30:00,17,120,0.6146511973685972,0.0,0.0,0.1433666666666666,15.435,6.0,-13,20.0,,2151.27919079009,0.0,0.0,0.0,46.68369215943444,optimal
2021-02-12 13:00:00,17,120,0.6382325344573262,0.0,0.0,0.058,13.566,6.0,-13,20.0,,2233.8138706006416,0.0,0.0,0.0,46.59663869535965,optimal
2021-02-12 13:30:00,17,120,0.8062098414675253,0.0,0.0,0.058,12.789,6.0,-13,20.0,,2821.7344451363383,0.0,0.0,0.0,46.50967228474894,optimal
2021-02-12 14:00:00,17,120,1.1428571428571428,0.0,0.0,0.1348,12.1275,6.0,-13,20.00696399394454,,4000.0,0.0,0.0,0.0,46.42279284054884,optimal
2021-02-12 14:30:00,17,120,0.0,0.0,0.0,0.0969,13.671,6.0,-13,20.02819771557249,,0.0,0.0,0.0,0.0,46.33600027579293,optimal
2021-02-12 15:00:00,17,120,1.1428571428571428,0.0,0.0,0.1302333333333333,10.668,6.0,-13,20.0,,4000.0,0.0,0.0,0.0,46.24929450360179,optimal
2021-02-12 15:30:00,17,120,0.2550572133127173,0.0,0.0,0.058,11.7285,6.0,-13,20.01953513872096,,892.7002465945108,0.0,0.0,0.0,46.162675437182834,optimal
2021-02-12 16:00:00,17,120,0.7426022421703264,0.0,0.0,0.2363333333333332,11.025,6.0,-13,20.0,,2599.1078475961426,0.0,0.0,0.0,46.0761429898303,optimal
2021-02-12 16:30:00,17,120,1.1428571428571428,0.0,0.0,0.0676,10.689,6.0,-13,20.0,,4000.0,0.0,0.0,0.0,45.98969707492512,optimal
2021-02-12 17:00:00,17,120,1.1428571428571428,0.0,0.0,0.058,8.1585,6.0,-13,20.01441581278877,,4000.0,0.0,0.0,0.0,45.90333760593485,optimal
2021-02-12 17:30:00,17,120,1.1428571428571428,0.0,0.0,0.1802666666666667,10.3635,6.0,-13,20.02518307014662,,4000.0,0.0,0.0,0.0,45.81706449641356,optimal
2021-02-12 18:00:00,17,120,0.8711802190057344,0.0,0.0,0.1236666666666666,10.8045,6.0,-13,20.037220218952648,,3049.1307665200707,0.0,0.0,0.0,45.7308776600018,optimal
2021-02-12 18:30:00,17,120,0.0,0.3096296296296296,0.0,0.1341333333333333,11.025,6.0,-13,20.035469352929635,,0.0,0.0,0.0,278.66666666666663,45.644777010426445,optimal
2021-02-12 19:00:00,17,120,1.1428571428571428,0.0,0.0,0.3263999999999999,10.3635,6.0,-13,20.0,,4000.0,0.0,0.0,0.0,45.59913223341602,optimal
2021-02-12 19:30:00,17,120,0.0877103958380507,0.3096296296296296,0.0,0.2648666666666667,10.8045,6.0,-13,20.022370405957897,,306.9863854331776,0.0,0.0,278.66666666666663,45.55353310118261,optimal
2021-02-12 20:00:00,17,120,0.5788906688483019,0.0774074074074074,0.0,0.5750333333333333,10.059,6.0,-13,20.0,,2026.1173409690564,0.0,0.0,69.66666666666666,45.507979568081424,optimal
2021-02-12 20:30:00,17,120,0.0,0.0,0.0,0.5823666666666667,10.584,6.0,-13,20.0,,0.0,0.0,0.0,0.0,45.46247158851335,optimal
2021-02-12 21:00:00,17,120,0.0,0.0,0.0,0.4062333333333333,9.4185,6.0,-13,19.97600165556417,,0.0,0.0,0.0,0.0,45.41700911692483,optimal
2021-02-12 21:30:00,17,120,0.0,0.4644444444444444,0.0,0.3787333333333333,10.3635,6.0,-13,19.95094540949132,,0.0,0.0,0.0,418.0,45.37159210780791,optimal
2021-02-12 22:00:00,17,120,0.0,0.0,0.0,0.2572666666666666,9.8385,6.0,-13,19.92694595779316,,0.0,0.0,0.0,0.0,45.3262205157001,optimal
2021-02-12 22:30:00,17,120,0.0,0.0,0.0,0.0964,11.067,6.0,-13,19.897525477725704,,0.0,0.0,0.0,0.0,45.2808942951844,optimal
2021-02-12 23:00:00,17,120,0.0,0.0,0.0,0.1418666666666666,10.8465,6.0,-13,19.8606525049303,,0.0,0.0,0.0,0.0,45.23561340088922,optimal
2021-02-12 23:30:00,17,120,0.0,0.0,0.0,0.1508,13.671,6.0,-13,19.824406525660184,,0.0,0.0,0.0,0.0,45.19037778748833,optimal
2021-02-13 00:00:00,17,120,1.1428571428571428,0.0,5.0,0.057,8.274,6.0,-11,19.824406525660184,,4000.0,0.0,0.0,0.0,47.52018740970084,optimal
2021-02-13 00:30:00,17,120,1.1428571428571428,0.0,2.433100432351245,0.057,9.261,6.0,-11,19.83603510899878,,4000.0,0.0,0.0,0.0,48.62838992765797,optimal
2021-02-13 01:00:00,17,120,1.1428571428571428,0.0,0.0,0.057,9.9225,6.0,-11,19.847739766082984,,4000.0,0.0,0.0,0.0,48.57976153773031,optimal
2021-02-13 01:30:00,17,120,1.1428571428571428,0.0,0.0,0.057,9.702,6.0,-11,19.85952034609182,,4000.0,0.0,0.0,0.0,48.53118177619257,optimal
2021-02-13 02:00:00,17,120,1.1428571428571428,0.0,0.0,0.057,10.584,6.0,-11,19.871376698503312,,4000.0,0.0,0.0,0.0,48.48265059441637,optimal
2021-02-13 02:30:00,17,120,1.1428571428571428,0.0,0.0,0.057,10.143,6.0,-11,19.883308673093907,,4000.0,0.0,0.0,0.0,48.434167943821954,optimal
2021-02-13 03:00:00,17,120,1.1428571428571428,0.0,0.0,0.057,13.0095,6.0,-11,19.89521699179482,,4000.0,0.0,0.0,0.0,48.38573377587813,optimal
2021-02-13 03:30:00,17,120,1.1428571428571428,0.0,0.0,0.057,11.025,6.0,-11,19.90710170150533,,4000.0,0.0,0.0,0.0,48.33734804210225,optimal
2021-02-13 04:00:00,17,120,1.1428571428571428,0.0,0.0,0.057,12.789,6.0,-11,19.918863720888684,,4000.0,0.0,0.0,0.0,48.28901069406015,optimal
2021-02-13 04:30:00,17,120,1.1428571428571428,0.0,0.0,0.057,12.1275,6.0,-11,19.93050329318617,,4000.0,0.0,0.0,0.0,48.24072168336608,optimal
2021-02-13 05:00:00,17,120,1.1428571428571428,0.0,0.0,0.057,12.1695,6.0,-11,19.94192153301376,,4000.0,0.0,0.0,0.0,48.19248096168271,optimal
2021-02-13 05:30:00,17,120,1.1428571428571428,0.0,0.0,0.057,12.306,6.0,-11,19.95311887917699,,4000.0,0.0,0.0,0.0,48.144288480721016,optimal
2021-02-13 06:00:00,17,120,1.1428571428571428,1.548148148148148,0.0,0.0563333333333333,13.23,6.0,-11,19.96409576961144,,4000.0,0.0,0.0,1393.3333333333333,48.096144192240295,optimal
2021-02-13 06:30:00,17,120,1.1428571428571428,0.0,0.0,0.055,13.671,6.0,-11,19.975187655823245,,4000.0,0.0,0.0,0.0,48.048048048048045,optimal
2021-02-13 07:00:00,17,120,1.1428571428571428,0.8932814814814815,0.0,0.055,13.9335,6.0,-11,19.98663962608789,,4000.0,0.0,0.0,803.9533333333334,48.0,optimal
2021-02-13 07:30:00,17,120,1.1428571428571428,0.8096814814814816,0.0,0.055,13.293,6.0,-11,19.99939997105368,,4000.0,0.0,0.0,728.7133333333335,47.62621016548456,optimal
2021-02-13 08:00:00,17,120,1.1428571428571428,0.1548148148148148,0.0,0.0936666666666666,12.1065,6.0,-11,20.012014773628763,,4000.0,0.0,0.0,139.33333333333331,47.25279412080364,optimal
2021-02-13 08:30:00,17,120,1.1428571428571428,0.2322222222222222,0.0,0.0602,11.571,6.0,-11,20.025300022471388,,4000.0,0.0,0.0,209.0,46.879751492167394,optimal
2021-02-13 09:00:00,17,120,1.1428571428571428,0.0774074074074074,0.0,0.2474666666666666,11.025,6.0,-11,20.033798117823768,,4000.0,0.0,0.0,69.66666666666666,46.50708190615978,optimal
2021-02-13 09:30:00,17,120,1.1428571428571428,0.3096296296296296,0.0,2.9016666666666664,10.8465,6.0,-11,20.045693669631103,,4000.0,0.0,0.0,278.66666666666663,46.134784989738186,optimal
2021-02-13 10:00:00,17,120,1.1428571428571428,0.4644444444444444,0.0,2.715533333333333,11.2455,6.0,-11,20.066063128801414,,4000.0,0.0,0.0,418.0,45.76286037023301,optimal
2021-02-13 10:30:00,17,120,0.0,0.0,0.0,0.065,23.8665,6.0,-11,20.08882693503697,,0.0,0.0,0.0,0.0,45.391307675347335,optimal
2021-02-13 11:00:00,17,120,0.0,0.0,0.0,0.065,27.4575,6.0,-11,20.05594820251219,,0.0,0.0,0.0,0.0,45.02012653315655,optimal
2021-02-13 11:30:00,17,120,0.0,0.4837238327484621,0.0,0.065,27.3735,6.0,-11,20.02628431275897,,0.0,296.01811614028264,0.0,139.33333333333331,44.64931657210795,optimal
2021-02-13 12:00:00,17,120,0.0,2.7542225770218955,0.0,0.067,30.4605,6.0,-11,20.0,,0.0,2478.800319319706,0.0,0.0,44.2788774210204,optimal
2021-02-13 12:30:00,17,120,0.0,2.736140278877444,0.0,0.067,30.0195,6.0,-11,20.0,,0.0,2462.5262509897,0.0,0.0,43.90880870908394,optimal
2021-02-13 13:00:00,17,120,0.0,2.6591130106345497,0.0,0.067,26.9325,6.0,-11,20.0,,0.0,2393.201709571095,0.0,0.0,43.53911006585942,optimal
2021-02-13 13:30:00,17,120,0.6791221832117397,0.0,0.0,0.067,14.595,6.0,-11,20.0,,2376.9276412410886,0.0,0.0,0.0,43.16978112127812,optimal
2021-02-13 14:00:00,17,120,0.6314403777868918,0.0,0.0,0.1384666666666666,12.4845,6.0,-11,20.0,,2210.041322254121,0.0,0.0,0.0,42.8008215056414,optimal
2021-02-13 14:30:00,17,120,0.9636837427695132,0.0,0.0,0.065,12.1275,6.0,-11,20.0,,3372.893099693296,0.0,0.0,0.0,42.43223084962032,optimal
2021-02-13 15:00:00,17,120,1.1428571428571428,0.0,0.0,0.0695333333333333,12.1275,6.0,-11,20.014829069119084,,4000.0,0.0,0.0,0.0,42.06400878425526,optimal
2021-02-13 15:30:00,17,120,0.0,0.0,0.0,0.067,12.789,6.0,-11,20.033441113979457,,0.0,0.0,0.0,0.0,41.69615494095556,optimal
2021-02-13 16:00:00,17,120,0.8449918271885715,0.0,0.0,0.067,11.907,6.0,-11,20.0,,2957.47139516,0.0,0.0,0.0,41.32866895149916,optimal
2021-02-13 16:30:00,17,120,0.8449918271885715,0.0,0.0,0.067,11.025,6.0,-11,20.0,,2957.47139516,0.0,0.0,0.0,40.96155044803222,optimal
2021-02-13 17:00:00,17,120,1.1428571428571428,0.0,0.0,0.0779333333333333,8.2005,6.0,-11,20.0,,4000.0,0.0,0.0,0.0,40.59479906306875,optimal
2021-02-13 17:30:00,17,120,0.5720251936274443,0.0,0.0,0.065,9.5655,6.0,-11,20.01123322088466,,2002.088177696056,0.0,0.0,0.0,40.22841442949024,optimal
2021-02-13 18:00:00,17,120,1.1428571428571428,0.0774074074074074,0.0,0.1813,7.056,6.0,-11,20.0,,4000.0,0.0,0.0,69.66666666666666,39.8623961805453,optimal
2021-02-13 18:30:00,17,120,0.9346002674210596,0.5418518518518518,0.0,0.6736666666666666,9.3975,6.0,-11,20.01615644527737,,3271.100935973708,0.0,0.0,487.6666666666667,39.49674394984932,optimal
2021-02-13 19:00:00,17,120,0.0,0.3096296296296296,0.0,1.1940333333333333,10.059,6.0,-11,20.02626948904513,,0.0,0.0,0.0,278.66666666666663,39.13145737138403,optimal
2021-02-13 19:30:00,17,120,0.7814028398016336,0.5418518518518518,0.0,0.0874,9.261,6.0,-11,20.0,,2734.9099393057177,0.0,0.0,487.6666666666667,38.76653607949721,optimal
2021-02-13 20:00:00,17,120,0.7159287640863723,0.0,0.0,0.1980666666666666,8.1585,6.0,-11,20.0,,2505.750674302303,0.0,0.0,0.0,38.72776954341771,optimal
2021-02-13 20:30:00,17,120,0.0,0.387037037037037,0.0,0.2274,9.4815,6.0,-11,20.0,,0.0,0.0,0.0,348.3333333333333,38.68904177387429,optimal
2021-02-13 21:00:00,17,120,0.0,0.2322222222222222,0.0,0.1339333333333333,8.379,6.0,-11,19.969350231415262,,0.0,0.0,0.0,209.0,38.650352732100416,optimal
2021-02-13 21:30:00,17,120,0.0,0.0,0.0,0.1829666666666666,9.5235,6.0,-11,19.93878275006314,,0.0,0.0,0.0,0.0,38.61170237936832,optimal
2021-02-13 22:00:00,17,120,0.0,0.0,0.0,0.2254,8.1375,6.0,-11,19.90976004106297,,0.0,0.0,0.0,0.0,38.57309067698895,optimal
2021-02-13 22:30:00,17,120,0.0,0.0,0.0,0.067,10.0905,6.0,-11,19.879912012516968,,0.0,0.0,0.0,0.0,38.53451758631196,optimal
2021-02-13 23:00:00,17,120,0.0,0.0,0.0,0.067,7.539,6.0,-11,19.84299856424993,,0.0,0.0,0.0,0.0,38.49598306872564,optimal
2021-02-13 23:30:00,17,120,0.0,0.0,0.0,0.0656666666666666,7.938,6.0,-11,19.806257427357576,,0.0,0.0,0.0,0.0,38.45748708565692,optimal
2021-02-07 00:00:00,18,120,1.1428571428571428,0.0,1.2193300551422674,0.048,5.0715,6.0,-14,21.0,,4000.0,0.0,0.0,0.0,48.53118177619257,optimal
2021-02-07 00:30:00,18,120,0.6732990233134377,0.0,0.0,0.1393333333333333,5.5125,6.0,-14,21.01576360405644,,2356.546581597032,0.0,0.0,0.0,48.48265059441637,optimal
2021-02-07 01:00:00,18,120,0.0,0.0,0.0,0.048,9.261,6.0,-14,21.01238923988107,,0.0,0.0,0.0,0.0,48.434167943821954,optimal
2021-02-07 01:30:00,18,120,0.0,0.0,0.0,0.1393333333333333,11.7075,6.0,-14,20.97900239600038,,0.0,0.0,0.0,0.0,48.38573377587813,optimal
2021-02-07 02:00:00,18,120,0.0,0.0,0.0,0.048,12.348,6.0,-14,20.94669526950832,,0.0,0.0,0.0,0.0,48.33734804210225,optimal
2021-02-07 02:30:00,18,120,0.0,0.0,0.0,0.1761333333333333,12.348,6.0,-14,20.91324041176737,,0.0,0.0,0.0,0.0,48.28901069406015,optimal
2021-02-07 03:00:00,18,120,0.0,0.0,0.0,0.0664,12.1275,6.0,-14,20.88121458834458,,0.0,0.0,0.0,0.0,48.24072168336608,optimal
2021-02-07 03:30:00,18,120,0.0,0.0,0.0,0.0525666666666666,12.5265,6.0,-14,20.8477171927134,,0.0,0.0,0.0,0.0,48.19248096168271,optimal
2021-02-07 04:00:00,18,120,0.0,0.0,0.0,0.1559,11.7495,6.0,-14,20.814018557217,,0.0,0.0,0.0,0.0,48.144288480721016,optimal
2021-02-07 04:30:00,18,120,0.0,0.0,0.0,0.0807333333333333,13.23,6.0,-14,20.782119015506243,,0.0,0.0,0.0,0.0,48.096144192240295,optimal
2021-02-07 05:00:00,18,120,0.0,0.4644444444444444,0.0,0.047,14.3325,6.0,-14,20.75068107926579,,0.0,0.0,0.0,418.0,48.048048048048045,optimal
2021-02-07 05:30:00,18,120,0.0,2.4770370370370367,0.0,0.1533333333333333,14.994,6.0,-14,20.721998580720093,,0.0,0.0,0.0,2229.333333333333,48.0,optimal
2021-02-07 06:00:00,18,120,0.0,1.1611111111111108,0.0,0.3413,14.8155,6.0,-14,20.700565402473483,,0.0,0.0,0.0,1044.9999999999998,47.83944362363581,optimal
2021-02-07 06:30:00,18,120,0.0,2.5544444444444445,0.0,0.1666333333333333,14.112,6.0,-14,20.679908499990592,,0.0,0.0,0.0,2299.0,47.67904780364798,optimal
2021-02-07 07:00:00,18,120,0.0,0.1548148148148148,0.0,0.1015,14.007,6.0,-14,20.655413647946315,,0.0,0.0,0.0,139.33333333333331,47.51881237948015,optimal
2021-02-07 07:30:00,18,120,0.0,0.6192592592592592,0.0,0.089,13.23,6.0,-14,20.62874200537128,,0.0,0.0,0.0,557.3333333333333,47.35873719073648,optimal
2021-02-07 08:00:00,18,120,0.0,2.2448148148148146,0.0,0.1606,11.382,6.0,-14,20.602209600386782,,0.0,0.0,0.0,2020.3333333333333,47.19882207718155,optimal
2021-02-07 08:30:00,18,120,0.0,0.387037037037037,0.0,1.577233333333333,11.7495,6.0,-14,20.575924579800304,,0.0,0.0,0.0,348.3333333333333,47.03906687874018,optimal
2021-02-07 09:00:00,18,120,0.0,1.006296296296296,0.0,0.133,24.3285,6.0,-14,20.551529616565496,,0.0,0.0,0.0,905.6666666666664,46.87947143549725,optimal
2021-02-07 09:30:00,18,120,0.0,0.2322222222222222,0.0,0.2736333333333333,28.917,6.0,-14,20.51978936534188,,0.0,0.0,0.0,209.0,46.720035587697566,optimal
2021-02-07 10:00:00,18,120,0.0,0.1548148148148148,0.0,0.4522333333333334,31.3635,6.0,-14,20.4903386125106,,0.0,0.0,0.0,139.33333333333331,46.56075917574568,optimal
2021-02-07 10:30:00,18,120,0.0,0.1548148148148148,0.0,0.4790666666666666,33.306,6.0,-14,20.4634549933206,,0.0,0.0,0.0,139.33333333333331,46.40164204020574,optimal
2021-02-07 11:00:00,18,120,0.0,0.0,0.0,0.1361,31.3425,6.0,-14,20.4356393557212,,0.0,0.0,0.0,0.0,46.24268402180135,optimal
2021-02-07 11:30:00,18,120,0.0,0.387037037037037,0.0,0.2620333333333333,28.2555,6.0,-14,20.40632778371853,,0.0,0.0,0.0,348.3333333333333,46.08388496141536,optimal
2021-02-07 12:00:00,18,120,0.0,0.0,0.0,0.2342333333333333,15.6975,6.0,-14,20.377975004992702,,0.0,0.0,0.0,0.0,45.92524470008976,optimal
2021-02-07 12:30:00,18,120,0.0,0.0,0.0,0.4682,12.5475,6.0,-14,20.35047075666661,,0.0,0.0,0.0,0.0,45.76676307902548,optimal
2021-02-07 13:00:00,18,120,0.0,0.0,0.0,0.1645666666666666,12.0855,6.0,-14,20.32599312291166,,0.0,0.0,0.0,0.0,45.60843993958227,optimal
2021-02-07 13:30:00,18,120,0.0,0.0,0.0,1.2571333333333334,11.907,6.0,-14,20.2980995936154,,0.0,0.0,0.0,0.0,45.450275123278495,optimal
2021-02-07 14:00:00,18,120,0.0,0.2322222222222222,0.0,1.2439666666666669,12.5685,6.0,-14,20.27517048832257,,0.0,0.0,0.0,209.0,45.29226847179103,optimal
2021-02-07 14:30:00,18,120,0.0,0.1548148148148148,0.0,0.4274,13.146,6.0,-14,20.24897307970388,,0.0,0.0,0.0,139.33333333333331,45.134419826955046,optimal
2021-02-07 15:00:00,18,120,0.0,0.3096296296296296,0.0,0.1562333333333333,10.584,6.0,-14,20.221667895103927,,0.0,0.0,0.0,278.66666666666663,44.9767290307639,optimal
2021-02-07 15:30:00,18,120,0.0,1.8577777777777773,0.0,0.1797,6.678,6.0,-14,20.199981153581064,,0.0,0.0,0.0,1672.0,44.81919592536895,optimal
2021-02-07 16:00:00,18,120,0.0,0.1548148148148148,0.0,0.1484333333333333,7.938,6.0,-14,20.17980906162549,,0.0,0.0,0.0,139.33333333333331,44.661820353079385,optimal
2021-02-07 16:30:00,18,120,1.1428571428571428,0.0,0.0,0.0672,5.292,6.0,-14,20.1539532065324,,4000.0,0.0,0.0,0.0,44.50460215636212,optimal
2021-02-07 17:00:00,18,120,0.0,2.012592592592592,0.0,0.1743333333333333,9.261,6.0,-14,20.169060214571665,,0.0,0.0,0.0,1811.333333333333,44.34754117784156,optimal
2021-02-07 17:30:00,18,120,0.0,0.3096296296296296,0.0,0.2941333333333333,10.3635,6.0,-14,20.137590824743032,,0.0,0.0,0.0,278.66666666666663,44.19063726029953,optimal
2021-02-07 18:00:00,18,120,0.0,0.2322222222222222,0.0,0.2573333333333333,8.274,6.0,-14,20.109797198129417,,0.0,0.0,0.0,209.0,44.03389024667504,optimal
2021-02-07 18:30:00,18,120,0.0,0.6966666666666667,0.0,0.9672666666666668,7.7175,6.0,-14,20.08163693561221,,0.0,0.0,0.0,627.0,43.87729998006418,optimal
2021-02-07 19:00:00,18,120,0.0,0.0,0.0,1.5739,6.615,6.0,-14,20.05503950352792,,0.0,0.0,0.0,0.0,43.72086630371992,optimal
2021-02-07 19:30:00,18,120,0.0,0.0,0.0,0.4991,6.174,6.0,-14,20.03015408275735,,0.0,0.0,0.0,0.0,43.56458906105201,optimal
2021-02-07 20:00:00,18,120,0.6469108107744662,0.0,0.0,0.3077666666666666,3.906,6.0,-14,20.0,,2264.187837710632,0.0,0.0,0.0,43.40846809562677,optimal
2021-02-07 20:30:00,18,120,0.0,0.0,0.0,0.2807666666666666,2.3415,6.0,-14,20.0,,0.0,0.0,0.0,0.0,43.25250325116696,optimal
2021-02-07 21:00:00,18,120,0.0,0.2322222222222222,0.0,0.2305,2.205,6.0,-14,19.976244488698057,,0.0,0.0,0.0,209.0,43.20925074791579,optimal
2021-02-07 21:30:00,18,120,0.0,0.0,0.0,0.4183333333333333,0.882,6.0,-14,19.95356985888305,,0.0,0.0,0.0,0.0,43.16604149716788,optimal
2021-02-07 22:00:00,18,120,0.0,0.0,0.0,0.4273666666666667,1.5435,6.0,-14,19.93461397158692,,0.0,0.0,0.0,0.0,43.12287545567071,optimal
2021-02-07 22:30:00,18,120,0.0,0.0,0.0,0.3698666666666667,1.5435,6.0,-14,19.91580896132098,,0.0,0.0,0.0,0.0,43.07975258021504,optimal
2021-02-07 23:00:00,18,120,0.0,0.0,0.0,0.2341,5.0715,6.0,-14,19.89669809716904,,0.0,0.0,0.0,0.0,43.03667282763482,optimal
2021-02-07 23:30:00,18,120,0.0,0.0,0.0,0.3230666666666666,5.376,6.0,-14,19.87419416757508,,0.0,0.0,0.0,0.0,42.99363615480719,optimal
2021-02-08 00:00:00,18,120,1.1428571428571428,0.0,0.0,0.0563333333333333,12.348,6.0,9,19.87419416757508,,4000.0,0.0,0.0,0.0,42.95064251865239,optimal
2021-02-08 00:30:00,18,120,1.1428571428571428,0.0,0.0,0.066,12.1275,6.0,9,19.888275431274632,,4000.0,0.0,0.0,0.0,42.90769187613373,optimal
2021-02-08 01:00:00,18,120,1.1428571428571428,0.0,0.0,0.066,12.348,6.0,9,19.902328777983737,,4000.0,0.0,0.0,0.0,42.8647841842576,optimal
2021-02-08 01:30:00,18,120,1.1428571428571428,0.0,0.0,0.066,12.1275,6.0,9,19.91635426304958,,4000.0,0.0,0.0,0.0,42.82191940007334,optimal
2021-02-08 02:00:00,18,120,1.1428571428571428,0.0,0.0,0.066,12.1275,6.0,9,19.93025281356656,,4000.0,0.0,0.0,0.0,42.77909748067327,optimal
2021-02-08 02:30:00,18,120,1.1428571428571428,0.0,0.0,0.066,11.2665,6.0,9,19.94402468119037,,4000.0,0.0,0.0,0.0,42.73631838319259,optimal
2021-02-08 03:00:00,18,120,1.1428571428571428,0.0,0.0,0.066,10.143,6.0,9,19.957868373363983,,4000.0,0.0,0.0,0.0,42.6935820648094,optimal
2021-02-08 03:30:00,18,120,1.1428571428571428,0.0,0.0,0.066,11.2455,6.0,9,19.97178374769069,,4000.0,0.0,0.0,0.0,42.65088848274459,optimal
2021-02-08 04:00:00,18,120,1.1428571428571428,0.0,0.0,0.066,11.025,6.0,9,19.98557240576999,,4000.0,0.0,0.0,0.0,42.60823759426184,optimal
2021-02-08 04:30:00,18,120,1.1428571428571428,0.0,5.0,0.066,5.9745,6.0,9,19.999234598824803,,4000.0,0.0,0.0,0.0,44.94062935666759,optimal
2021-02-08 05:00:00,18,120,1.1428571428571428,0.0,0.0,0.066,7.938,6.0,9,20.01267144943692,,4000.0,0.0,0.0,0.0,44.89568872731092,optimal
2021-02-08 05:30:00,18,120,1.1428571428571428,0.0,0.0,0.066,8.6835,6.0,9,20.02588340436192,,4000.0,0.0,0.0,0.0,44.85079303858361,optimal
2021-02-08 06:00:00,18,120,1.1428571428571428,0.0,0.0,0.066,7.665,6.0,9,20.038970037612675,,4000.0,0.0,0.0,0.0,44.80594224554503,optimal
2021-02-08 06:30:00,18,120,1.1428571428571428,0.774074074074074,1.914809194465671,0.0656666666666666,6.7725,6.0,9,20.051931597647307,,4000.0,0.0,0.0,696.6666666666666,45.670670670670674,optimal
2021-02-08 07:00:00,18,120,1.1428571428571428,0.5418518518518518,5.0,0.1616999999999999,5.5755,6.0,9,20.06527593006588,,4000.0,0.0,0.0,487.6666666666667,48.0,optimal
2021-02-08 07:30:00,18,120,1.1428571428571428,0.0,0.0,0.066,5.0925,6.0,9,20.07972127789549,,4000.0,0.0,0.0,0.0,47.76904741278957,optimal
2021-02-08 08:00:00,18,120,1.1428571428571428,0.0,0.0,0.066,4.1895,6.0,9,20.09055541237203,,4000.0,0.0,0.0,0.0,47.538325778166346,optimal
2021-02-08 08:30:00,18,120,1.1428571428571428,0.0,0.0,0.066,7.056,6.0,9,20.10159863773564,,4000.0,0.0,0.0,0.0,47.30783486517775,optimal
2021-02-08 09:00:00,18,120,1.1428571428571428,0.0,0.0,0.066,5.271,6.0,9,20.11242171292464,,4000.0,0.0,0.0,0.0,47.077574443102144,optimal
2021-02-08 09:30:00,18,120,1.1428571428571428,0.0,0.0,0.066,7.938,6.0,9,20.124640772079715,,4000.0,0.0,0.0,0.0,46.84754428144861,optimal
2021-02-08 10:00:00,18,120,1.1428571428571428,0.0,0.0,0.066,7.938,6.0,9,20.13713299061112,,4000.0,0.0,0.0,0.0,46.617744149956735,optimal
2021-02-08 10:30:00,18,120,1.1428571428571428,0.0,0.0,0.066,11.907,6.0,9,20.152450629296244,,4000.0,0.0,0.0,0.0,46.38817381859635,optimal
2021-02-08 11:00:00,18,120,1.1428571428571428,0.0,0.0,0.066,11.025,6.0,9,20.167440515370583,,4000.0,0.0,0.0,0.0,46.15883305756732,optimal
2021-02-08 11:30:00,18,120,1.1428571428571428,0.0,0.0,0.066,11.2875,6.0,9,20.18510849630749,,4000.0,0.0,0.0,0.0,45.92972163729932,optimal
2021-02-08 12:00:00,18,120,1.1428571428571428,0.0,0.0,0.066,12.936,6.0,9,20.20293970564769,,4000.0,0.0,0.0,0.0,45.70083932845159,optimal
2021-02-08 12:30:00,18,120,1.1428571428571428,0.0,0.0,0.066,13.0095,6.0,9,20.221870924434523,,4000.0,0.0,0.0,0.0,45.47218590191271,optimal
2021-02-08 13:00:00,18,120,0.0,0.0,0.0,0.066,13.671,6.0,9,20.241161123462334,,0.0,0.0,0.0,0.0,45.243761128800365,optimal
2021-02-08 13:30:00,18,120,0.0,0.0,0.0,0.066,13.188,6.0,9,20.21175707857641,,0.0,0.0,0.0,0.0,45.01556478046113,optimal
2021-02-08 14:00:00,18,120,0.0,0.0,0.0,0.066,13.8495,6.0,9,20.18260958534399,,0.0,0.0,0.0,0.0,44.78759662847024,optimal
2021-02-08 14:30:00,18,120,0.1917838901221694,0.0,0.0,0.066,13.23,6.0,9,20.15378276304245,,671.2436154275931,0.0,0.0,0.0,44.55985644463134,optimal
2021-02-08 15:00:00,18,120,0.0,0.0,0.0,0.066,13.3665,6.0,9,20.132893027412763,,0.0,0.0,0.0,0.0,44.332344000976285,optimal
2021-02-08 15:30:00,18,120,1.1428571428571428,0.0,0.0,0.066,13.0515,6.0,9,20.10153422337846,,4000.0,0.0,0.0,0.0,44.10505906976488,optimal
2021-02-08 16:00:00,18,120,0.0,0.0,0.0,0.2774,13.5345,6.0,9,20.11906609120547,,0.0,0.0,0.0,0.0,43.87800142348468,optimal
2021-02-08 16:30:00,18,120,0.0,0.0,0.0,0.1965,14.154,6.0,9,20.090261335724524,,0.0,0.0,0.0,0.0,43.65117083485077,optimal
2021-02-08 17:00:00,18,120,0.0,0.8514814814814814,0.0,0.1565333333333333,14.112,6.0,9,20.06143680346528,,0.0,0.0,0.0,766.3333333333333,43.42456707680549,optimal
2021-02-08 17:30:00,18,120,0.0,0.3096296296296296,0.0,0.0867,14.2485,6.0,9,20.02924723913229,,0.0,0.0,0.0,278.66666666666663,43.38114250972868,optimal
2021-02-08 18:00:00,18,120,1.1428571428571428,0.0,0.0,0.0888,12.789,6.0,9,20.0,,4000.0,0.0,0.0,0.0,43.33776136721895,optimal
2021-02-08 18:30:00,18,120,0.2078737450185442,0.4644444444444444,0.0,0.2986333333333333,13.0095,6.0,9,20.01869124750319,,727.5581075649048,0.0,0.0,418.0,43.29442360585173,optimal
2021-02-08 19:00:00,18,120,1.1428571428571428,0.0,0.0,0.2654333333333333,12.1275,6.0,9,20.0,,4000.0,0.0,0.0,0.0,43.25112918224588,optimal
2021-02-08 19:30:00,18,120,0.0857986734190451,0.5418518518518518,0.0,0.4281666666666667,12.348,6.0,9,20.021787683243623,,300.29535696665783,0.0,0.0,487.6666666666667,43.20787805306364,optimal
2021-02-08 20:00:00,18,120,0.6909308936179905,2.150377777777778,0.0,0.2133333333333333,12.348,6.0,9,20.0,,2418.258127662967,0.0,0.0,1935.34,43.16467017501058,optimal
2021-02-08 20:30:00,18,120,0.0,0.1718444444444444,0.0,0.2566666666666667,25.389,6.0,9,20.0,,0.0,0.0,0.0,154.66000000000005,43.12150550483557,optimal
2021-02-08 21:00:00,18,120,0.0,0.0,0.0,0.1336666666666666,29.1375,6.0,9,19.96984384142517,,0.0,0.0,0.0,0.0,43.07838399933073,optimal
2021-02-08 21:30:00,18,120,0.0,0.0,0.0,0.0977,30.597,6.0,9,19.939074101658285,,0.0,0.0,0.0,0.0,43.0353056153314,optimal
2021-02-08 22:00:00,18,120,0.0,0.0,0.0,0.201,33.684,6.0,9,19.90754644054599,,0.0,0.0,0.0,0.0,42.99227030971607,optimal
2021-02-08 22:30:00,18,120,0.0,0.0,0.0,0.3202,32.445,6.0,9,19.877278944597585,,0.0,0.0,0.0,0.0,42.94927803940635,optimal
2021-02-08 23:00:00,18,120,0.0,0.0,0.0,0.066,28.917,6.0,9,19.847585505662035,,0.0,0.0,0.0,0.0,42.90632876136694,optimal
2021-02-08 23:30:00,18,120,0.0,0.0,0.0,0.0656666666666666,15.876,6.0,9,19.81242741633069,,0.0,0.0,0.0,0.0,42.86342243260557,optimal
2021-02-09 00:00:00,18,120,1.1428571428571428,0.1548148148148148,5.0,0.0727333333333333,11.571,6.0,-11,19.81242741633069,,4000.0,0.0,0.0,139.33333333333331,45.19555901017297,optimal
2021-02-09 00:30:00,18,120,1.1428571428571428,0.0,0.0,0.1056666666666666,14.3745,6.0,-11,19.825818168755607,,4000.0,0.0,0.0,0.0,45.1503634511628,optimal
2021-02-09 01:00:00,18,120,1.1428571428571428,0.0,5.0,0.1435333333333333,13.23,6.0,-11,19.840474558795428,,4000.0,0.0,0.0,0.0,47.48021308771163,optimal
2021-02-09 01:30:00,18,120,1.1428571428571428,0.0,0.0,0.0698,13.9755,6.0,-11,19.85512630139193,,4000.0,0.0,0.0,0.0,47.43273287462392,optimal
2021-02-09 02:00:00,18,120,1.1428571428571428,0.0,0.0,0.054,14.994,6.0,-11,19.868652494927456,,4000.0,0.0,0.0,0.0,47.3853001417493,optimal
2021-02-09 02:30:00,18,120,1.1428571428571428,0.0,2.4099700059133213,0.0750666666666666,13.671,6.0,-11,19.88176113462486,,4000.0,0.0,0.0,0.0,48.48265059441637,optimal
2021-02-09 03:00:00,18,120,1.1428571428571428,0.0,0.0,0.1382666666666666,15.981,6.0,-11,19.89519955512714,,4000.0,0.0,0.0,0.0,48.434167943821954,optimal
2021-02-09 03:30:00,18,120,1.1428571428571428,0.0,0.0,0.054,15.6345,6.0,-11,19.909480385351184,,4000.0,0.0,0.0,0.0,48.38573377587813,optimal
2021-02-09 04:00:00,18,120,1.1428571428571428,0.0,0.0,0.133,16.5375,6.0,-11,19.9229045937616,,4000.0,0.0,0.0,0.0,48.33734804210225,optimal
2021-02-09 04:30:00,18,120,1.1428571428571428,0.0,0.0,0.0803333333333333,14.7735,6.0,-11,19.93746284923624,,4000.0,0.0,0.0,0.0,48.28901069406015,optimal
2021-02-09 05:00:00,18,120,1.1428571428571428,0.0,0.0,0.133,15.2145,6.0,-11,19.951152382358025,,4000.0,0.0,0.0,0.0,48.24072168336608,optimal
2021-02-09 05:30:00,18,120,1.1428571428571428,0.0,0.0,0.0803333333333333,14.553,6.0,-11,19.965258122243807,,4000.0,0.0,0.0,0.0,48.19248096168271,optimal
2021-02-09 06:00:00,18,120,1.1428571428571428,0.0,0.0,0.054,14.3325,6.0,-11,19.97869429320347,,4000.0,0.0,0.0,0.0,48.144288480721016,optimal
2021-02-09 06:30:00,18,120,1.1428571428571428,0.0,0.0,0.1593333333333333,14.595,6.0,-11,19.991783024404548,,4000.0,0.0,0.0,0.0,48.096144192240295,optimal
2021-02-09 07:00:00,18,120,1.1428571428571428,0.0774074074074074,0.0,0.229,14.994,6.0,-11,20.00602988505035,,4000.0,0.0,0.0,69.66666666666666,48.048048048048045,optimal
2021-02-09 07:30:00,18,120,1.1428571428571428,0.9288888888888888,0.0,0.7714,14.3325,6.0,-11,20.02186302187056,,4000.0,0.0,0.0,836.0,48.0,optimal
2021-02-09 08:00:00,18,120,1.1428571428571428,3.251111111111111,0.0,1.213833333333333,13.8915,6.0,-11,20.0394559700806,,4000.0,0.0,0.0,2926.0,47.72762380783667,optimal
2021-02-09 08:30:00,18,120,1.1428571428571428,0.0,0.0,0.1948,13.8915,6.0,-11,20.05823997015412,,4000.0,0.0,0.0,0.0,47.45551999186551,optimal
2021-02-09 09:00:00,18,120,1.1428571428571428,0.0,0.0,0.1536999999999999,13.4715,6.0,-11,20.070154682075515,,4000.0,0.0,0.0,0.0,47.18368827971032,optimal
2021-02-09 09:30:00,18,120,1.1428571428571428,0.0,0.0,0.215,13.23,6.0,-11,20.08192332758992,,4000.0,0.0,0.0,0.0,46.91212839926728,optimal
2021-02-09 10:00:00,18,120,1.1428571428571428,0.0,0.0,0.1018,13.8915,6.0,-11,20.0944127654112,,4000.0,0.0,0.0,0.0,46.64084007870469,optimal
2021-02-09 10:30:00,18,120,0.0,0.0,0.0,0.0798,26.9325,6.0,-11,20.11007234461345,,0.0,0.0,0.0,0.0,46.369823046462656,optimal
2021-02-09 11:00:00,18,120,0.0,0.0,0.0,0.1535333333333333,30.303,6.0,-11,20.077567528021103,,0.0,0.0,0.0,0.0,46.09907703125287,optimal
2021-02-09 11:30:00,18,120,0.0,0.0,0.0,0.064,32.886,6.0,-11,20.04920309790777,,0.0,0.0,0.0,0.0,45.82860176205829,optimal
2021-02-09 12:00:00,18,120,0.0,0.5695207370141839,0.0,0.107,34.9965,6.0,-11,20.019903304406096,,0.0,512.5686633127656,0.0,0.0,45.5583969681329,optimal
2021-02-09 12:30:00,18,120,0.0,2.375462462213808,0.0,0.1693333333333333,33.327,6.0,-11,20.0,,0.0,2137.916215992427,0.0,0.0,45.28846237900144,optimal
2021-02-09 13:00:00,18,120,0.0,2.460279169253999,0.0,0.064,31.122,6.0,-11,20.0,,0.0,2214.251252328599,0.0,0.0,45.01879772445912,optimal
2021-02-09 13:30:00,18,120,0.6349680818552733,0.0,0.0,0.064,17.9025,6.0,-11,20.0,,2222.3882864934567,0.0,0.0,0.0,44.74940273457133,optimal
2021-02-09 14:00:00,18,120,0.6200813969859384,0.0,0.0,0.1693333333333333,15.6555,6.0,-11,20.0,,2170.2848894507847,0.0,0.0,0.0,44.48027713967343,optimal
2021-02-09 14:30:00,18,120,0.6525015019853883,0.0,0.0,0.064,14.553,6.0,-11,20.0,,2283.755256948859,0.0,0.0,0.0,44.21142067037043,optimal
2021-02-09 15:00:00,18,120,0.6755080121794211,0.0,0.0,0.1693333333333333,14.3325,6.0,-11,20.0,,2364.278042627974,0.0,0.0,0.0,43.94283305753673,optimal
2021-02-09 15:30:00,18,120,0.705603250274626,0.0,0.0,0.064,13.335,6.0,-11,20.0,,2469.6113759611912,0.0,0.0,0.0,43.67451403231587,optimal
2021-02-09 16:00:00,18,120,1.1428571428571428,0.2322222222222222,0.0,0.0846666666666666,12.1275,6.0,-11,20.0,,4000.0,0.0,0.0,209.0,43.40646332612023,optimal
2021-02-09 16:30:00,18,120,0.2122833989302249,0.3096296296296296,0.0,0.1843333333333333,12.2955,6.0,-11,20.018623023605564,,742.9918962557873,0.0,0.0,278.66666666666663,43.13868067063078,optimal
2021-02-09 17:00:00,18,120,0.5590884920073503,0.387037037037037,0.0,1.0794,11.6865,6.0,-11,20.0,,1956.809722025726,0.0,0.0,348.3333333333333,42.87116579779682,optimal
2021-02-09 17:30:00,18,120,0.7686646684532298,0.0,0.0,1.0897333333333332,11.466,6.0,-11,20.0,,2690.326339586304,0.0,0.0,0.0,42.603918439835695,optimal
2021-02-09 18:00:00,18,120,1.1428571428571428,0.0774074074074074,0.0,0.098,10.8045,6.0,-11,20.00815521647592,,4000.0,0.0,0.0,69.66666666666666,42.33693832923253,optimal
2021-02-09 18:30:00,18,120,1.1428571428571428,0.2322222222222222,0.0,0.0653333333333333,10.584,6.0,-11,20.02279812048004,,4000.0,0.0,0.0,209.0,42.07022519873997,optimal
2021-02-09 19:00:00,18,120,1.1428571428571428,0.3096296296296296,0.0,0.4724,11.2455,6.0,-11,20.038323278364864,,4000.0,0.0,0.0,278.66666666666663,41.8037787813779,optimal
2021-02-09 19:30:00,18,120,0.0,0.0,0.0,0.1402,12.1275,6.0,-11,20.06019150371073,,0.0,0.0,0.0,0.0,41.5375988104332,optimal
2021-02-09 20:00:00,18,120,0.0,0.0,0.0,0.4738666666666666,11.823,6.0,-11,20.02832391437548,,0.0,0.0,0.0,0.0,41.49606121162276,optimal
2021-02-09 20:30:00,18,120,0.0,0.3096296296296296,0.0,0.2352666666666666,11.7705,6.0,-11,20.0,,0.0,0.0,0.0,278.66666666666663,41.454565150411135,optimal
2021-02-09 21:00:00,18,120,0.0,0.0,0.0,0.2343333333333332,11.13,6.0,-11,19.969157614193147,,0.0,0.0,0.0,0.0,41.413110585260725,optimal
2021-02-09 21:30:00,18,120,0.0,0.0,0.0,0.239,11.6865,6.0,-11,19.938854239118047,,0.0,0.0,0.0,0.0,41.37169747467546,optimal
2021-02-09 22:00:00,18,120,0.0,0.0,0.0,0.2481333333333333,10.7205,6.0,-11,19.907972813342624,,0.0,0.0,0.0,0.0,41.33032577720079,optimal
2021-02-09 22:30:00,18,120,0.0,0.0,0.0,0.3358,11.424,6.0,-11,19.876315504615977,,0.0,0.0,0.0,0.0,41.28899545142359,optimal
2021-02-09 23:00:00,18,120,0.0,0.387037037037037,0.0,0.1194,10.689,6.0,-11,19.84530534997561,,0.0,0.0,0.0,348.3333333333333,41.24770645597216,optimal
2021-02-09 23:30:00,18,120,0.0,0.0,0.0,0.1643333333333333,11.361,6.0,-11,19.81051481502449,,0.0,0.0,0.0,0.0,41.206458749516194,optimal
2021-02-10 00:00:00,18,120,1.1428571428571428,0.0,0.0,0.1036666666666666,11.508,6.0,-2,19.81051481502449,,4000.0,0.0,0.0,0.0,41.16525229076668,optimal
2021-02-10 00:30:00,18,120,1.1428571428571428,0.0,0.0,0.0961333333333333,11.508,6.0,-2,19.824145516421176,,4000.0,0.0,0.0,0.0,41.12408703847591,optimal
2021-02-10 01:00:00,18,120,1.1428571428571428,0.0,0.0,0.1877333333333332,11.844,6.0,-2,19.837459164157032,,4000.0,0.0,0.0,0.0,41.08296295143744,optimal
2021-02-10 01:30:00,18,120,1.1428571428571428,0.0,0.0,0.066,11.508,6.0,-2,19.851664063103023,,4000.0,0.0,0.0,0.0,41.041879988486,optimal
2021-02-10 02:00:00,18,120,1.1428571428571428,0.0,0.0,0.2223333333333333,11.508,6.0,-2,19.864159546408647,,4000.0,0.0,0.0,0.0,41.00083810849752,optimal
2021-02-10 02:30:00,18,120,1.1428571428571428,0.0,5.0,0.0992,10.4475,6.0,-2,19.878336506671875,,4000.0,0.0,0.0,0.0,43.33483727038902,optimal
2021-02-10 03:00:00,18,120,1.1428571428571428,0.0,5.0,0.0770666666666666,10.8675,6.0,-2,19.89098530769054,,4000.0,0.0,0.0,0.0,45.66650243311864,optimal
2021-02-10 03:30:00,18,120,1.1428571428571428,0.0,5.0,0.1766666666666666,10.542,6.0,-2,19.903339395802583,,4000.0,0.0,0.0,0.0,47.99583593068552,optimal
2021-02-10 04:00:00,18,120,1.1428571428571428,0.0,0.0,0.066,11.025,6.0,-2,19.916882352544008,,4000.0,0.0,0.0,0.0,47.94784009475483,optimal
2021-02-10 04:30:00,18,120,1.1428571428571428,0.0,0.920959552509843,0.1324,11.025,6.0,-2,19.929050280204965,,4000.0,0.0,0.0,0.0,48.33734804210225,optimal
2021-02-10 05:00:00,18,120,1.1428571428571428,0.0,0.0,0.1891333333333333,14.553,6.0,-2,19.94180473548875,,4000.0,0.0,0.0,0.0,48.28901069406015,optimal
2021-02-10 05:30:00,18,120,1.1428571428571428,0.0,0.0,0.0825999999999999,13.0935,6.0,-2,19.95502679291625,,4000.0,0.0,0.0,0.0,48.24072168336608,optimal
2021-02-10 06:00:00,18,120,1.1428571428571428,0.0,0.0,0.2163333333333333,15.6345,6.0,-2,19.966726554865563,,4000.0,0.0,0.0,0.0,48.19248096168271,optimal
2021-02-10 06:30:00,18,120,1.1428571428571428,0.1548148148148148,0.0,0.0890333333333333,18.102,6.0,-2,19.979834050383104,,4000.0,0.0,0.0,139.33333333333331,48.144288480721016,optimal
2021-02-10 07:00:00,18,120,1.1428571428571428,0.2322222222222222,0.0,0.1359666666666666,17.199,6.0,-2,19.99315126510847,,4000.0,0.0,0.0,209.0,48.096144192240295,optimal
2021-02-10 07:30:00,18,120,0.4556713261538424,5.229644444444446,0.0,0.0994,18.2805,6.0,-2,20.01017127322026,,1594.8496415384484,0.0,0.0,4706.680000000001,48.048048048048045,optimal
2021-02-10 08:00:00,18,120,1.1428571428571428,3.981837037037036,0.0,0.3406,17.4615,6.0,-2,20.0,,4000.0,0.0,0.0,3583.6533333333327,48.0,optimal
2021-02-10 08:30:00,18,120,0.2578678282917447,0.4644444444444444,0.0,0.1697333333333333,18.3225,6.0,-2,20.02065217063328,,902.5373990211068,0.0,0.0,418.0,47.711275443212784,optimal
2021-02-10 09:00:00,18,120,1.1428571428571428,0.0774074074074074,0.0,0.0884333333333333,17.094,6.0,-2,20.0,,4000.0,0.0,0.0,69.66666666666666,47.42283961098236,optimal
2021-02-10 09:30:00,18,120,1.1428571428571428,0.0774074074074074,0.0,0.2120666666666666,17.094,6.0,-2,20.017306200467534,,4000.0,0.0,0.0,69.66666666666666,47.13469221458416,optimal
2021-02-10 10:00:00,18,120,1.1428571428571428,0.0,0.0,0.2156333333333333,17.094,6.0,-2,20.03476831519833,,4000.0,0.0,0.0,0.0,46.846832965582365,optimal
2021-02-10 10:30:00,18,120,1.1428571428571428,0.0,0.0,0.1914666666666666,17.3565,6.0,-2,20.0549748304104,,4000.0,0.0,0.0,0.0,46.55926157582957,optimal
2021-02-10 11:00:00,18,120,1.1428571428571428,0.0,0.0,0.1977333333333333,17.115,6.0,-2,20.07454326713768,,4000.0,0.0,0.0,0.0,46.27197775746652,optimal
2021-02-10 11:30:00,18,120,1.1428571428571428,0.0,0.0,0.1287333333333333,17.241,6.0,-2,20.09387098757596,,4000.0,0.0,0.0,0.0,45.984981222921846,optimal
2021-02-10 12:00:00,18,120,1.1428571428571428,0.0,0.0,0.2366666666666666,17.094,6.0,-2,20.1125180641968,,4000.0,0.0,0.0,0.0,45.69827168491171,optimal
2021-02-10 12:30:00,18,120,1.1428571428571428,0.0,0.0,0.5858333333333333,16.5165,6.0,-2,20.13714648557045,,4000.0,0.0,0.0,0.0,45.41184885643958,optimal
2021-02-10 13:00:00,18,120,0.4031904785773676,0.0,0.0,0.4889333333333333,17.8185,6.0,-2,20.166148270142862,,1411.166675020787,0.0,0.0,0.0,45.12571245079593,optimal
2021-02-10 13:30:00,18,120,1.1428571428571428,2.0899999999999994,0.0,0.5759666666666667,17.094,6.0,-2,20.16288932044684,,4000.0,0.0,0.0,1881.0,44.83986218155792,optimal
2021-02-10 14:00:00,18,120,1.1428571428571428,0.0774074074074074,0.0,0.3853999999999999,16.8945,6.0,-2,20.19393193256436,,4000.0,0.0,0.0,69.66666666666666,44.55429776258914,optimal
2021-02-10 14:30:00,18,120,0.0,0.0,0.0,0.367,18.123,6.0,-2,20.22267311910416,,0.0,0.0,0.0,0.0,44.26901890803934,optimal
2021-02-10 15:00:00,18,120,0.0,0.0,0.0,0.3400666666666667,31.647,6.0,-2,20.20361390916232,,0.0,0.0,0.0,0.0,43.98402533234409,optimal
2021-02-10 15:30:00,18,120,0.0,0.0,0.0,0.1438,34.9965,6.0,-2,20.18261385243276,,0.0,0.0,0.0,0.0,43.69931675022453,optimal
2021-02-10 16:00:00,18,120,0.0,0.2322222222222222,0.0,1.5926333333333331,34.9965,6.0,-2,20.15310162003701,,0.0,0.0,0.0,209.0,43.41489287668709,optimal
2021-02-10 16:30:00,18,120,0.0,0.3096296296296296,0.0,0.7271333333333333,34.9965,6.0,-2,20.12984868666194,,0.0,0.0,0.0,278.66666666666663,43.13075342702319,optimal
2021-02-10 17:00:00,18,120,0.0,0.0,0.0,1.397,34.9965,6.0,-2,20.10658425390537,,0.0,0.0,0.0,0.0,42.84689811680895,optimal
2021-02-10 17:30:00,18,120,0.0,0.0,0.0,1.0245666666666666,34.9965,6.0,-2,20.08965490178224,,0.0,0.0,0.0,0.0,42.56332666190493,optimal
2021-02-10 18:00:00,18,120,0.0,0.0,0.0,0.7007333333333333,27.741,6.0,-2,20.07138360926685,,0.0,0.0,0.0,0.0,42.28003877845581,optimal
2021-02-10 18:30:00,18,120,0.0,0.0,0.0,0.6060666666666668,19.026,6.0,-2,20.04733509105994,,0.0,0.0,0.0,0.0,42.23775873967735,optimal
2021-02-10 19:00:00,18,120,0.0,0.387037037037037,0.0,0.3884666666666665,18.7215,6.0,-2,20.022961759895843,,0.0,0.0,0.0,348.3333333333333,42.19552098093767,optimal
2021-02-10 19:30:00,18,120,0.547548869085918,0.1548148148148148,0.0,0.5553333333333333,17.4195,6.0,-2,20.0,,1916.421041800713,0.0,0.0,139.33333333333331,42.15332545995673,optimal
2021-02-10 20:00:00,18,120,0.6316017750358873,0.0774074074074074,0.0,0.5247999999999999,16.758,6.0,-2,20.0,,2210.6062126256056,0.0,0.0,69.66666666666666,42.111172134496776,optimal
2021-02-10 20:30:00,18,120,0.0,0.1548148148148148,0.0,0.8525666666666667,14.217,6.0,-2,20.0,,0.0,0.0,0.0,139.33333333333331,42.06906096236228,optimal
2021-02-10 21:00:00,18,120,0.0,0.2322222222222222,0.0,0.7328666666666667,13.3665,6.0,-2,19.97750396422327,,0.0,0.0,0.0,209.0,42.02699190139992,optimal
2021-02-10 21:30:00,18,120,0.0,0.1548148148148148,0.0,0.3740666666666666,12.789,6.0,-2,19.952902705664897,,0.0,0.0,0.0,139.33333333333331,41.98496490949852,optimal
2021-02-10 22:00:00,18,120,0.0,0.0,0.0,0.5436333333333333,11.907,6.0,-2,19.91881338706501,,0.0,0.0,0.0,0.0,41.94297994458902,optimal
2021-02-10 22:30:00,18,120,0.0,0.0,0.0,0.6499666666666667,11.7075,6.0,-2,19.884703444507885,,0.0,0.0,0.0,0.0,41.90103696464443,optimal
2021-02-10 23:00:00,18,120,0.0,0.0,0.0,0.3542,10.8045,6.0,-2,19.85168300022902,,0.0,0.0,0.0,0.0,41.85913592767979,optimal
2021-02-10 23:30:00,18,120,0.0,0.2322222222222222,0.0,0.4301666666666667,11.508,6.0,-2,19.81916554783269,,0.0,0.0,0.0,209.0,41.81727679175211,optimal
2021-02-11 00:00:00,18,120,1.1428571428571428,0.0,0.0,0.057,21.4305,6.0,10,19.81916554783269,,4000.0,0.0,0.0,0.0,41.77545951496035,optimal
2021-02-11 00:30:00,18,120,1.1428571428571428,0.0,0.0,0.2778,14.3325,6.0,10,19.82408208152552,,4000.0,0.0,0.0,0.0,41.733684055445394,optimal
2021-02-11 01:00:00,18,120,1.1428571428571428,0.0,0.0,0.057,13.692,6.0,10,19.83187698555245,,4000.0,0.0,0.0,0.0,41.69195037138995,optimal
2021-02-11 01:30:00,18,120,1.1428571428571428,0.0,0.0,0.057,14.007,6.0,10,19.837164830593217,,4000.0,0.0,0.0,0.0,41.65025842101856,optimal
2021-02-11 02:00:00,18,120,1.1428571428571428,0.0,0.0,0.0631333333333333,12.873,6.0,10,19.842442192148784,,4000.0,0.0,0.0,0.0,41.60860816259754,optimal
2021-02-11 02:30:00,18,120,1.1428571428571428,0.0,0.0,0.1367333333333333,12.684,6.0,10,19.847783809375137,,4000.0,0.0,0.0,0.0,41.56699955443494,optimal
2021-02-11 03:00:00,18,120,1.1428571428571428,0.0,0.0,0.057,12.306,6.0,10,19.85381320068511,,4000.0,0.0,0.0,0.0,41.52543255488051,optimal
2021-02-11 03:30:00,18,120,1.1428571428571428,0.0,5.0,0.2716666666666666,10.6365,6.0,10,19.858661043228164,,4000.0,0.0,0.0,0.0,43.85890712232563,optimal
2021-02-11 04:00:00,18,120,1.1428571428571428,0.0,0.0,0.0631333333333333,11.2455,6.0,10,19.86661005834724,,4000.0,0.0,0.0,0.0,43.815048215203305,optimal
2021-02-11 04:30:00,18,120,1.1428571428571428,0.0,0.0,0.1244666666666666,11.2455,6.0,10,19.87249853011804,,4000.0,0.0,0.0,0.0,43.7712331669881,optimal
2021-02-11 05:00:00,18,120,1.1428571428571428,0.0,0.0,0.2103333333333333,11.025,6.0,10,19.87912251134146,,4000.0,0.0,0.0,0.0,43.72746193382112,optimal
2021-02-11 05:30:00,18,120,1.1428571428571428,0.0,0.0,0.0593333333333333,12.0855,6.0,10,19.88677941731103,,4000.0,0.0,0.0,0.0,43.6837344718873,optimal
2021-02-11 06:00:00,18,120,1.1428571428571428,0.0,0.0,0.062,11.6865,6.0,10,19.893048824403333,,4000.0,0.0,0.0,0.0,43.640050737415415,optimal
2021-02-11 06:30:00,18,120,1.1428571428571428,0.4644444444444444,0.0,0.2191666666666666,11.2245,6.0,10,19.90012224442236,,4000.0,0.0,0.0,418.0,43.596410686678,optimal
2021-02-11 07:00:00,18,120,1.1428571428571428,3.0188888888888883,4.458645041430211,0.2088,11.025,6.0,10,19.91206089482897,,4000.0,0.0,0.0,2716.9999999999995,45.670670670670674,optimal
2021-02-11 07:30:00,18,120,1.1428571428571428,5.449069989739419,5.0,1.4457,10.7835,6.0,10,19.92545463192464,,4000.0,4695.162990765477,0.0,209.0,48.0,optimal
2021-02-11 08:00:00,18,120,1.1428571428571428,0.0,0.0,0.5963999999999999,11.025,6.0,10,20.0,,4000.0,0.0,0.0,0.0,47.898124068648585,optimal
2021-02-11 08:30:00,18,120,1.1428571428571428,0.8514814814814814,0.0,0.2994333333333333,10.584,6.0,10,20.01450071051519,,4000.0,0.0,0.0,766.3333333333333,47.796350013228526,optimal
2021-02-11 09:00:00,18,120,1.1428571428571428,0.2322222222222222,0.0,0.4733,11.025,6.0,10,20.027540949445136,,4000.0,0.0,0.0,209.0,47.69467773186389,optimal
2021-02-11 09:30:00,18,120,1.1428571428571428,2.86717037037037,0.0,1.0204666666666669,10.4265,6.0,10,20.04366298585204,,4000.0,0.0,0.0,2580.4533333333334,47.59310712278061,optimal
2021-02-11 10:00:00,18,120,1.1428571428571428,3.480237037037037,0.0,2.8500666666666667,12.789,6.0,10,20.062571023645784,,4000.0,0.0,0.0,3132.213333333333,47.491638084306416,optimal
2021-02-11 10:30:00,18,120,1.1428571428571428,0.6192592592592592,0.0,2.539266666666667,12.684,6.0,10,20.094913862716133,,4000.0,0.0,0.0,557.3333333333333,47.39027051487069,optimal
2021-02-11 11:00:00,18,120,1.1428571428571428,0.1548148148148148,0.0,0.7619666666666667,16.254,6.0,10,20.12465924868426,,4000.0,0.0,0.0,139.33333333333331,47.28900431300441,optimal
2021-02-11 11:30:00,18,120,1.1428571428571428,0.0,0.0,0.3464,17.64,6.0,10,20.15215590846573,,4000.0,0.0,0.0,0.0,47.18783937733999,optimal
2021-02-11 12:00:00,18,120,0.0,0.0774074074074074,0.0,0.1156666666666666,19.1625,6.0,10,20.1772805931774,,0.0,0.0,0.0,69.66666666666666,47.08677560661124,optimal
2021-02-11 12:30:00,18,120,0.0,0.4644444444444444,0.0,0.2345666666666666,26.46,6.0,10,20.15436971933332,,0.0,0.0,0.0,418.0,46.98581289965322,optimal
2021-02-11 13:00:00,18,120,0.0,0.4644444444444444,0.0,0.4589,20.79,6.0,10,20.13424141420672,,0.0,0.0,0.0,418.0,46.88495115540215,optimal
2021-02-11 13:30:00,18,120,0.0,0.1548148148148148,0.0,0.3591999999999999,29.106,6.0,10,20.11722441342418,,0.0,0.0,0.0,139.33333333333331,46.78419027289533,optimal
2021-02-11 14:00:00,18,120,0.0,0.0,0.0,0.3659333333333333,19.1835,6.0,10,20.099081074931448,,0.0,0.0,0.0,0.0,46.68353015127102,optimal
2021-02-11 14:30:00,18,120,0.0,0.0774074074074074,0.0,0.4298666666666667,19.6665,6.0,10,20.08140692213235,,0.0,0.0,0.0,69.66666666666666,46.58297068976834,optimal
2021-02-11 15:00:00,18,120,0.0,0.2322222222222222,0.0,0.5543666666666667,19.404,6.0,10,20.06422636212023,,0.0,0.0,0.0,209.0,46.48251178772716,optimal
2021-02-11 15:30:00,18,120,0.0,0.0,0.0,0.3484333333333333,19.047,6.0,10,20.04750847862829,,0.0,0.0,0.0,0.0,46.38215334458801,optimal
2021-02-11 16:00:00,18,120,1.1428571428571428,1.470740740740741,0.0,0.5227666666666666,18.858,6.0,10,20.027212668063854,,4000.0,0.0,0.0,1323.6666666666667,46.28189525989201,optimal
2021-02-11 16:30:00,18,120,0.0,0.4644444444444444,0.0,0.3644,19.2675,6.0,10,20.053405439685385,,0.0,0.0,0.0,418.0,46.1817374332807,optimal
2021-02-11 17:00:00,18,120,0.0786012926420035,0.2322222222222222,0.0,0.4451,18.963,6.0,10,20.026575424368065,,275.1045242470124,0.0,0.0,209.0,46.08167976449601,optimal
2021-02-11 17:30:00,18,120,1.076509430585119,0.774074074074074,0.0,2.1059666666666668,18.438,6.0,10,20.0,,3767.7830070479167,0.0,0.0,696.6666666666666,45.9817221533801,optimal
2021-02-11 18:00:00,18,120,0.0,0.0,0.0,2.5717,18.7425,6.0,10,20.02220767363425,,0.0,0.0,0.0,0.0,45.881864499875306,optimal
2021-02-11 18:30:00,18,120,1.1428571428571428,0.0,0.0,0.7183999999999999,15.2145,6.0,10,20.0,,4000.0,0.0,0.0,0.0,45.78210670402402,optimal
2021-02-11 19:00:00,18,120,0.5096020062659369,0.0,0.0,0.6175333333333333,17.7765,6.0,10,20.014794299707148,,1783.607021930779,0.0,0.0,0.0,45.68244866596858,optimal
2021-02-11 19:30:00,18,120,0.9101267707005368,0.0,0.0,0.9510333333333332,16.758,6.0,10,20.0,,3185.4436974518785,0.0,0.0,0.0,45.5828902859512,optimal
2021-02-11 20:00:00,18,120,0.7717170221213967,0.0,0.0,3.016233333333333,16.422,6.0,10,20.0,,2701.0095774248884,0.0,0.0,0.0,45.537307395665245,optimal
2021-02-11 20:30:00,18,120,0.0,0.0,0.0,2.8825,16.758,6.0,10,20.0,,0.0,0.0,0.0,0.0,45.49177008826958,optimal
2021-02-11 21:00:00,18,120,0.0,0.0,0.0,0.6808333333333334,29.358,6.0,10,19.969398252164112,,0.0,0.0,0.0,0.0,45.446278318181314,optimal
2021-02-11 21:30:00,18,120,0.0,0.0,0.0,0.8410333333333333,34.9965,6.0,10,19.9328274917817,,0.0,0.0,0.0,0.0,45.40083203986313,optimal
2021-02-11 22:00:00,18,120,0.0,0.0,0.0,0.6065666666666667,34.65,6.0,10,19.899161945625107,,0.0,0.0,0.0,0.0,45.35543120782327,optimal
2021-02-11 22:30:00,18,120,0.0,0.0,0.0,0.7060333333333333,34.9965,6.0,10,19.86329713720484,,0.0,0.0,0.0,0.0,45.31007577661545,optimal
2021-02-11 23:00:00,18,120,0.0,0.3096296296296296,0.0,0.4446666666666667,34.9965,6.0,10,19.82783222134947,,0.0,0.0,0.0,278.66666666666663,45.26476570083884,optimal
2021-02-11 23:30:00,18,120,0.0,0.1548148148148148,0.0,0.3540666666666666,30.4815,6.0,10,19.78668294911614,,0.0,0.0,0.0,139.33333333333331,45.219500935138,optimal
2021-02-12 00:00:00,18,120,1.1428571428571428,0.0,0.0,0.1623333333333333,13.671,6.0,6,19.78668294911614,,4000.0,0.0,0.0,0.0,45.17428143420286,optimal
2021-02-12 00:30:00,18,120,1.1428571428571428,0.0,0.0,0.158,10.668,6.0,6,19.787438596012205,,4000.0,0.0,0.0,0.0,45.12910715276866,optimal
2021-02-12 01:00:00,18,120,1.1428571428571428,0.0,0.0,0.2326333333333333,11.7285,6.0,6,19.78909058348681,,4000.0,0.0,0.0,0.0,45.08397804561589,optimal
2021-02-12 01:30:00,18,120,1.1428571428571428,0.0,0.0,0.1609333333333333,11.025,6.0,6,19.790945989549204,,4000.0,0.0,0.0,0.0,45.03889406757028,optimal
2021-02-12 02:00:00,18,120,1.1428571428571428,0.0,0.0,0.055,10.689,6.0,6,19.79103014931944,,4000.0,0.0,0.0,0.0,44.9938551735027,optimal
2021-02-12 02:30:00,18,120,1.1428571428571428,0.0,5.0,0.3009333333333333,8.1585,6.0,6,19.790021882297665,,4000.0,0.0,0.0,0.0,47.3238613183292,optimal
2021-02-12 03:00:00,18,120,1.1428571428571428,0.0,0.0,0.055,10.3635,6.0,6,19.792606427365293,,4000.0,0.0,0.0,0.0,47.27653745701087,optimal
2021-02-12 03:30:00,18,120,1.1428571428571428,0.0,0.0,0.0603666666666666,10.8045,6.0,6,19.79278457299002,,4000.0,0.0,0.0,0.0,47.22926091955386,optimal
2021-02-12 04:00:00,18,120,1.1428571428571428,0.0,0.0,0.2640666666666666,11.025,6.0,6,19.794415538008128,,4000.0,0.0,0.0,0.0,47.18203165863431,optimal
2021-02-12 04:30:00,18,120,1.1428571428571428,0.0,0.0,0.0865,10.3635,6.0,6,19.79991260685436,,4000.0,0.0,0.0,0.0,47.13484962697567,optimal
2021-02-12 05:00:00,18,120,1.1428571428571428,0.0,0.0,0.0802,10.8045,6.0,6,19.80462339333955,,4000.0,0.0,0.0,0.0,47.08771477734869,optimal
2021-02-12 05:30:00,18,120,1.1428571428571428,0.0,0.0,0.1684,10.059,6.0,6,19.81063588563501,,4000.0,0.0,0.0,0.0,47.04062706257135,optimal
2021-02-12 06:00:00,18,120,1.1428571428571428,0.0,0.0,0.055,10.584,6.0,6,19.819296990748462,,4000.0,0.0,0.0,0.0,46.99358643550877,optimal
2021-02-12 06:30:00,18,120,1.1428571428571428,0.0,2.3188530504732423,0.3496333333333333,9.4185,6.0,6,19.82814549724344,,4000.0,0.0,0.0,0.0,48.048048048048045,optimal
2021-02-12 07:00:00,18,120,1.1428571428571428,0.8514814814814814,0.0,0.2426333333333333,10.3635,6.0,6,19.84133864222004,,4000.0,0.0,0.0,766.3333333333333,48.0,optimal
2021-02-12 07:30:00,18,120,1.1428571428571428,12.642051072895182,0.0,0.2471999999999999,9.8385,6.0,6,19.85526833581316,,4000.0,11168.845965605664,0.0,209.0,47.76030144065209,optimal
2021-02-12 08:00:00,18,120,1.1428571428571428,0.1548148148148148,0.0,0.2744333333333333,11.067,6.0,6,20.0,,4000.0,0.0,0.0,139.33333333333331,47.52084257986353,optimal
2021-02-12 08:30:00,18,120,1.1428571428571428,0.1548148148148148,0.0,0.1745,10.8465,6.0,6,20.0084842310401,,4000.0,0.0,0.0,139.33333333333331,47.28162317793576,optimal
2021-02-12 09:00:00,18,120,1.1428571428571428,0.1548148148148148,0.0,0.2779333333333333,13.671,6.0,6,20.01276926278894,,4000.0,0.0,0.0,139.33333333333331,47.04264299540992,optimal
2021-02-12 09:30:00,18,120,1.1428571428571428,0.0,0.0,0.3995,12.348,6.0,6,20.020422919871248,,4000.0,0.0,0.0,0.0,46.80390179306661,optimal
2021-02-12 10:00:00,18,120,1.1428571428571428,0.0,0.0,0.3517333333333333,14.3325,6.0,6,20.034537490098785,,4000.0,0.0,0.0,0.0,46.56539933192563,optimal
2021-02-12 10:30:00,18,120,0.0,0.0,0.0,0.4014,15.393,6.0,6,20.05574043674651,,0.0,0.0,0.0,0.0,46.3271353732458,optimal
2021-02-12 11:00:00,18,120,1.1428571428571428,0.0,0.0,0.7951666666666666,13.587,6.0,6,20.029570055826603,,4000.0,0.0,0.0,0.0,46.08910967852465,optimal
2021-02-12 11:30:00,18,120,0.0,0.0,0.0,0.2933666666666666,16.1385,6.0,6,20.060207390596688,,0.0,0.0,0.0,0.0,45.85132200949822,optimal
2021-02-12 12:00:00,18,120,0.049660625445518,0.8514814814814814,0.0,0.6078,14.595,6.0,6,20.0375770774453,,173.81218905931306,0.0,0.0,766.3333333333333,45.613772128140816,optimal
2021-02-12 12:30:00,18,120,0.0,0.0,0.0,0.2918666666666666,14.637,6.0,6,20.02265753197909,,0.0,0.0,0.0,0.0,45.37645979666477,optimal
2021-02-12 13:00:00,18,120,0.5205563439812065,0.0774074074074074,0.0,0.2939333333333333,13.9125,6.0,6,20.0,,1821.947203934223,0.0,0.0,69.66666666666666,45.1393847775202,optimal
2021-02-12 13:30:00,18,120,0.4524499072325936,0.0,0.0,0.5996666666666667,13.3665,6.0,6,20.0,,1583.5746753140777,0.0,0.0,0.0,44.90254683339477,optimal
2021-02-12 14:00:00,18,120,1.1428571428571428,0.0,0.0,0.11,13.0095,6.0,6,20.00068204963892,,4000.0,0.0,0.0,0.0,44.66594572721348,optimal
2021-02-12 14:30:00,18,120,0.0,0.0,0.0,0.1979666666666666,13.8915,6.0,6,20.024075972727708,,0.0,0.0,0.0,0.0,44.42958122213836,optimal
2021-02-12 15:00:00,18,120,0.6908490450870409,0.0,0.0,0.1090999999999999,13.188,6.0,6,20.0,,2417.971657804643,0.0,0.0,0.0,44.19345308156832,optimal
2021-02-12 15:30:00,18,120,0.6871569791331674,0.0,0.0,0.1464333333333333,12.5685,6.0,6,20.0,,2405.049426966086,0.0,0.0,0.0,43.95756106913884,optimal
2021-02-12 16:00:00,18,120,0.706145099313204,0.0,0.0,0.2318333333333332,12.285,6.0,6,20.0,,2471.507847596214,0.0,0.0,0.0,43.72190494872179,optimal
2021-02-12 16:30:00,18,120,1.1428571428571428,0.0774074074074074,0.0,0.1037,11.487,6.0,6,20.0,,4000.0,0.0,0.0,69.66666666666666,43.48648448442517,optimal
2021-02-12 17:00:00,18,120,1.1428571428571428,0.0,0.0,0.4328999999999999,11.802,6.0,6,20.02095610679057,,4000.0,0.0,0.0,0.0,43.25129944059284,optimal
2021-02-12 17:30:00,18,120,1.1428571428571428,0.0,0.0,2.2019,11.2245,6.0,6,20.041104608546814,,4000.0,0.0,0.0,0.0,43.01634958180434,optimal
2021-02-12 18:00:00,18,120,1.1428571428571428,0.0,0.0,0.6616000000000001,11.025,6.0,6,20.07516112651934,,4000.0,0.0,0.0,0.0,42.78163467287463,optimal
2021-02-12 18:30:00,18,120,0.7111339791604105,0.1548148148148148,0.0,1.199266666666667,11.907,6.0,6,20.09275551338336,,2488.9689270614367,0.0,0.0,139.33333333333331,42.54715447885385,optimal
2021-02-12 19:00:00,18,120,0.0,0.2322222222222222,0.0,0.3187333333333333,25.83,6.0,6,20.093599201498208,,0.0,0.0,0.0,209.0,42.504607324374994,optimal
2021-02-12 19:30:00,18,120,0.0,2.322222222222221,0.0,0.182,28.035,6.0,6,20.064642158199817,,0.0,0.0,0.0,2089.9999999999995,42.46210271705062,optimal
2021-02-12 20:00:00,18,120,0.0,0.1548148148148148,0.0,0.3069333333333333,28.119,6.0,6,20.031563078006503,,0.0,0.0,0.0,139.33333333333331,42.41964061433357,optimal
2021-02-12 20:30:00,18,120,0.0,0.0,0.0,0.1044,30.156,6.0,6,20.0,,0.0,0.0,0.0,0.0,42.37722097371923,optimal
2021-02-12 21:00:00,18,120,0.0,0.0,0.0,0.341,29.1585,6.0,6,19.965653567146926,,0.0,0.0,0.0,0.0,42.33484375274551,optimal
2021-02-12 21:30:00,18,120,0.0,0.0774074074074074,0.0,0.2462,26.712,6.0,6,19.93352568265976,,0.0,0.0,0.0,69.66666666666666,42.292508908992765,optimal
2021-02-12 22:00:00,18,120,0.0,0.0,0.0,0.3158333333333333,15.435,6.0,6,19.90335995396125,,0.0,0.0,0.0,0.0,42.25021640008377,optimal
2021-02-12 22:30:00,18,120,0.0,0.1548148148148148,0.0,0.6785,13.566,6.0,6,19.87356594378762,,0.0,0.0,0.0,139.33333333333331,42.20796618368369,optimal
2021-02-12 23:00:00,18,120,0.0,0.0,0.0,0.6354333333333333,12.789,6.0,6,19.849715073891904,,0.0,0.0,0.0,0.0,42.165758217500006,optimal
2021-02-12 23:30:00,18,120,0.0,0.0,0.0,0.1943333333333332,12.1275,6.0,6,19.825252425076336,,0.0,0.0,0.0,0.0,42.123592459282506,optimal
2021-02-13 00:00:00,18,120,1.1428571428571428,0.0,0.0,0.052,12.4845,6.0,9,19.825252425076336,,4000.0,0.0,0.0,0.0,42.08146886682322,optimal
2021-02-13 00:30:00,18,120,1.1428571428571428,0.0,0.0,0.052,12.1275,6.0,9,19.836836693164862,,4000.0,0.0,0.0,0.0,42.0393873979564,optimal
2021-02-13 01:00:00,18,120,1.1428571428571428,0.0,0.0,0.052,12.1275,6.0,9,19.848497122856767,,4000.0,0.0,0.0,0.0,41.99734801055844,optimal
2021-02-13 01:30:00,18,120,0.8964280427127407,0.0,0.0,0.052,12.789,6.0,9,19.86023356315689,,3137.4981494945923,0.0,0.0,0.0,41.95535066254788,optimal
2021-02-13 02:00:00,18,120,1.1428571428571428,0.0,0.0,0.052,11.907,6.0,9,19.861538569790472,,4000.0,0.0,0.0,0.0,41.91339531188533,optimal
2021-02-13 02:30:00,18,120,1.1428571428571428,0.0,0.0,0.052,11.025,6.0,9,19.87344741088837,,4000.0,0.0,0.0,0.0,41.87148191657344,optimal
2021-02-13 03:00:00,18,120,1.1428571428571428,0.0,0.0,0.052,8.2005,6.0,9,19.8853326419602,,4000.0,0.0,0.0,0.0,41.82961043465687,optimal
2021-02-13 03:30:00,18,120,1.1428571428571428,0.0,0.0,0.052,9.5655,6.0,9,19.897194309814296,,4000.0,0.0,0.0,0.0,41.78778082422222,optimal
2021-02-13 04:00:00,18,120,1.1428571428571428,0.0,5.0,0.052,7.056,6.0,9,19.908933333023167,,4000.0,0.0,0.0,0.0,44.120993043398,optimal
2021-02-13 04:30:00,18,120,1.1428571428571428,0.0,0.0,0.052,9.3975,6.0,9,19.92054995473753,,4000.0,0.0,0.0,0.0,44.0768720503546,optimal
2021-02-13 05:00:00,18,120,1.1428571428571428,0.0,0.0,0.052,10.059,6.0,9,19.93194528948297,,4000.0,0.0,0.0,0.0,44.03279517830424,optimal
2021-02-13 05:30:00,18,120,1.1428571428571428,0.0,0.0,0.052,9.261,6.0,9,19.94311977597481,,4000.0,0.0,0.0,0.0,43.98876238312594,optimal
2021-02-13 06:00:00,18,120,1.1428571428571428,0.0,0.0,0.052,8.1585,6.0,9,19.954073852058613,,4000.0,0.0,0.0,0.0,43.944773620742815,optimal
2021-02-13 06:30:00,18,120,1.1428571428571428,0.0,0.0,0.052,9.4815,6.0,9,19.96480795471185,,4000.0,0.0,0.0,0.0,43.90082884712207,optimal
2021-02-13 07:00:00,18,120,1.1428571428571428,5.341111111111111,0.0,0.0506666666666666,8.379,6.0,9,19.97542164818876,,4000.0,0.0,0.0,4807.0,43.85692801827495,optimal
2021-02-13 07:30:00,18,120,1.1428571428571428,4.954074074074073,0.0,0.06,9.5235,6.0,9,19.98689381944751,,4000.0,0.0,0.0,4458.666666666666,43.81307109025668,optimal
2021-02-13 08:00:00,18,120,1.1428571428571428,0.0774074074074074,0.0,0.06,8.1375,6.0,9,20.0,,4000.0,0.0,0.0,69.66666666666666,43.76925801916642,optimal
2021-02-13 08:30:00,18,120,1.1428571428571428,0.6192592592592592,0.0,0.2726,10.0905,6.0,9,20.01331191143336,,4000.0,0.0,0.0,557.3333333333333,43.72548876114725,optimal
2021-02-13 09:00:00,18,120,1.1428571428571428,0.387037037037037,5.0,0.2726,7.539,6.0,9,20.031290520940413,,4000.0,0.0,0.0,348.3333333333333,46.05676327238611,optimal
2021-02-13 09:30:00,18,120,1.1428571428571428,0.0,4.8981927010284885,0.06,7.938,6.0,9,20.050214652381737,,4000.0,0.0,0.0,0.0,48.33734804210225,optimal
2021-02-13 10:00:00,18,120,1.1428571428571428,0.1548148148148148,0.0,0.06,8.274,6.0,9,20.06656025416921,,4000.0,0.0,0.0,139.33333333333331,48.28901069406015,optimal
2021-02-13 10:30:00,18,120,1.1428571428571428,0.1548148148148148,0.0,0.2782333333333333,9.261,6.0,9,20.08733361695748,,4000.0,0.0,0.0,139.33333333333331,48.24072168336608,optimal
2021-02-13 11:00:00,18,120,1.1428571428571428,6.734444444444445,0.0,0.073,9.9225,6.0,9,20.109763652901048,,4000.0,0.0,0.0,6061.0,48.19248096168271,optimal
2021-02-13 11:30:00,18,120,1.1428571428571428,0.6192592592592592,0.0,0.0673666666666666,9.702,6.0,9,20.13382562713136,,4000.0,0.0,0.0,557.3333333333333,48.144288480721016,optimal
2021-02-13 12:00:00,18,120,1.1428571428571428,2.70925925925926,0.0,0.2766,10.584,6.0,9,20.16377193106653,,4000.0,0.0,0.0,2438.333333333333,48.096144192240295,optimal
2021-02-13 12:30:00,18,120,1.1428571428571428,0.2322222222222222,0.0,0.0767666666666666,10.143,6.0,9,20.19193118181121,,4000.0,0.0,0.0,209.0,48.048048048048045,optimal
2021-02-13 13:00:00,18,120,0.0,0.387037037037037,0.0,0.124,13.0095,6.0,9,20.216570036826287,,0.0,0.0,0.0,348.3333333333333,48.0,optimal
2021-02-13 13:30:00,18,120,1.1428571428571428,0.1548148148148148,0.0,0.1123333333333333,11.025,6.0,9,20.195601627680983,,4000.0,0.0,0.0,139.33333333333331,47.75548431144162,optimal
2021-02-13 14:00:00,18,120,0.0,0.0,0.0,0.188,12.789,6.0,9,20.2205320623571,,0.0,0.0,0.0,0.0,47.5112131385718,optimal
2021-02-13 14:30:00,18,120,0.0,0.0,0.0,0.2696,12.1275,6.0,9,20.19805404490784,,0.0,0.0,0.0,0.0,47.26718623687485,optimal
2021-02-13 15:00:00,18,120,0.0,0.1548148148148148,0.0,0.3073999999999999,12.1695,6.0,9,20.176701905280204,,0.0,0.0,0.0,139.33333333333331,47.0234033620796,optimal
2021-02-13 15:30:00,18,120,0.0,0.0,0.0,0.2175,12.306,6.0,9,20.15154924801414,,0.0,0.0,0.0,0.0,46.77986427015914,optimal
2021-02-13 16:00:00,18,120,0.0,0.2322222222222222,0.0,0.2024,13.23,6.0,9,20.12600934604318,,0.0,0.0,0.0,209.0,46.5365687173306,optimal
2021-02-13 16:30:00,18,120,0.0,0.0,0.0,0.4226,13.671,6.0,9,20.10119539617955,,0.0,0.0,0.0,0.0,46.293516460054896,optimal
2021-02-13 17:00:00,18,120,0.0,0.387037037037037,0.0,0.21,13.9335,6.0,9,20.07543168938654,,0.0,0.0,0.0,348.3333333333333,46.050707255036464,optimal
2021-02-13 17:30:00,18,120,0.0,0.0,0.0,0.062,13.293,6.0,9,20.04354295861941,,0.0,0.0,0.0,0.0,45.80814085922305,optimal
2021-02-13 18:00:00,18,120,0.3696407098571413,0.0,0.0,2.1748000000000003,12.1065,6.0,9,20.004989457008453,,1293.7424844999946,0.0,0.0,0.0,45.56581702980545,optimal
2021-02-13 18:30:00,18,120,0.8110568105174427,0.1548148148148148,0.0,0.2808,11.571,6.0,9,20.0,,2838.6988368110497,0.0,0.0,139.33333333333331,45.32373552421727,optimal
2021-02-13 19:00:00,18,120,1.1428571428571428,0.0,0.0,0.1606666666666666,11.025,6.0,9,20.0,,4000.0,0.0,0.0,0.0,45.08189610013468,optimal
2021-02-13 19:30:00,18,120,1.1428571428571428,0.0774074074074074,0.0,0.141,10.8465,6.0,9,20.0122635279366,,4000.0,0.0,0.0,69.66666666666666,44.84029851547616,optimal
2021-02-13 20:00:00,18,120,0.1125963584505408,0.0,0.0,0.2798,11.2455,6.0,9,20.02700612402221,,394.0872545768929,0.0,0.0,0.0,44.59894252840231,optimal
2021-02-13 20:30:00,18,120,0.0,0.0,0.0,0.1703,23.8665,6.0,9,20.0,,0.0,0.0,0.0,0.0,44.35782789731553,optimal
2021-02-13 21:00:00,18,120,0.0,0.387037037037037,0.0,0.2593999999999999,27.4575,6.0,9,19.96728288776922,,0.0,0.0,0.0,348.3333333333333,44.11695438085984,optimal
2021-02-13 21:30:00,18,120,0.0,0.0,0.0,0.2425999999999999,27.3735,6.0,9,19.939484490890816,,0.0,0.0,0.0,0.0,43.8763217379206,optimal
2021-02-13 22:00:00,18,120,0.0,0.1548148148148148,0.0,0.205,30.4605,6.0,9,19.90602114477252,,0.0,0.0,0.0,139.33333333333331,43.6359297276243,optimal
2021-02-13 22:30:00,18,120,0.0,0.0,0.0,0.2476999999999999,30.0195,6.0,9,19.87820929504926,,0.0,0.0,0.0,0.0,43.3957781093383,optimal
2021-02-13 23:00:00,18,120,0.0,0.0,0.0,0.249,26.9325,6.0,9,19.85382916861628,,0.0,0.0,0.0,0.0,43.35238233122897,optimal
2021-02-13 23:30:00,18,120,0.0,0.0,0.0,0.4297333333333333,14.595,6.0,9,19.82966472658168,,0.0,0.0,0.0,0.0,43.30902994889774,optimal
2021-02-07 00:00:00,19,120,0.0,0.0,1.2193300551422674,0.06,1.5435,6.0,-11,21.0,,0.0,0.0,0.0,0.0,48.53118177619257,optimal
2021-02-07 00:30:00,19,120,0.0,0.0,0.0,0.06,5.0715,6.0,-11,20.967156054570744,,0.0,0.0,0.0,0.0,48.48265059441637,optimal
2021-02-07 01:00:00,19,120,0.0,0.0,0.0,0.06,5.376,6.0,-11,20.93417896804178,,0.0,0.0,0.0,0.0,48.434167943821954,optimal
2021-02-07 01:30:00,19,120,0.0,0.0,0.0,0.06,5.0715,6.0,-11,20.90106900437371,,0.0,0.0,0.0,0.0,48.38573377587813,optimal
2021-02-07 02:00:00,19,120,0.0,0.0,0.0,0.06,5.5125,6.0,-11,20.867925555146883,,0.0,0.0,0.0,0.0,48.33734804210225,optimal
2021-02-07 02:30:00,19,120,0.0,0.0,0.0,0.06,9.261,6.0,-11,20.83474868674852,,0.0,0.0,0.0,0.0,48.28901069406015,optimal
2021-02-07 03:00:00,19,120,0.0,0.0,0.0,0.0825333333333333,11.7075,6.0,-11,20.801439337291164,,0.0,0.0,0.0,0.0,48.24072168336608,optimal
2021-02-07 03:30:00,19,120,0.0,0.0,0.0,0.1501333333333333,12.348,6.0,-11,20.768272278227613,,0.0,0.0,0.0,0.0,48.19248096168271,optimal
2021-02-07 04:00:00,19,120,0.0,0.0,0.0,0.06,12.348,6.0,-11,20.73589537320283,,0.0,0.0,0.0,0.0,48.144288480721016,optimal
2021-02-07 04:30:00,19,120,0.0,0.0,0.0,0.1726666666666666,12.1275,6.0,-11,20.70238549408136,,0.0,0.0,0.0,0.0,48.096144192240295,optimal
2021-02-07 05:00:00,19,120,0.0,0.0,0.0,0.06,12.5265,6.0,-11,20.670314594405585,,0.0,0.0,0.0,0.0,48.048048048048045,optimal
2021-02-07 05:30:00,19,120,0.0,0.1548148148148148,0.0,0.1605,11.7495,6.0,-11,20.63693473330057,,0.0,0.0,0.0,139.33333333333331,48.0,optimal
2021-02-07 06:00:00,19,120,0.0,0.2322222222222222,0.0,0.1141666666666666,13.23,6.0,-11,20.60636004670461,,0.0,0.0,0.0,209.0,47.91034185829352,optimal
2021-02-07 06:30:00,19,120,0.0,0.774074074074074,0.0,0.3731666666666667,14.3325,6.0,-11,20.5781078314064,,0.0,0.0,0.0,696.6666666666666,47.82077337472875,optimal
2021-02-07 07:00:00,19,120,0.0,0.3096296296296296,0.0,0.4749666666666666,14.994,6.0,-11,20.55421560467917,,0.0,0.0,0.0,278.66666666666663,47.73129445964754,optimal
2021-02-07 07:30:00,19,120,0.0,0.774074074074074,0.0,1.6325999999999998,14.8155,6.0,-11,20.53227975510821,,0.0,0.0,0.0,696.6666666666666,47.64190502348142,optimal
2021-02-07 08:00:00,19,120,0.0,6.347407407407409,0.0,0.2357666666666666,14.112,6.0,-11,20.511048029780305,,0.0,0.0,0.0,5712.666666666668,47.55260497675146,optimal
2021-02-07 08:30:00,19,120,0.0,0.3096296296296296,0.0,0.1518,14.007,6.0,-11,20.48560402574113,,0.0,0.0,0.0,278.66666666666663,47.46339423006823,optimal
2021-02-07 09:00:00,19,120,0.0,3.0188888888888883,0.0,0.1636,13.23,6.0,-11,20.45970599072928,,0.0,0.0,0.0,2716.9999999999995,47.37427269413168,optimal
2021-02-07 09:30:00,19,120,0.0,0.1548148148148148,0.0,1.1204666666666667,11.382,6.0,-11,20.43372388775905,,0.0,0.0,0.0,139.33333333333331,47.28524027973108,optimal
2021-02-07 10:00:00,19,120,0.0,0.0774074074074074,0.0,0.1489,11.7495,6.0,-11,20.41052636851395,,0.0,0.0,0.0,69.66666666666666,47.19629689774487,optimal
2021-02-07 10:30:00,19,120,0.0,0.0,0.0,1.525766666666667,24.3285,6.0,-11,20.386834791657023,,0.0,0.0,0.0,0.0,47.10744245914064,optimal
2021-02-07 11:00:00,19,120,0.0,0.0,0.0,0.9712,28.917,6.0,-11,20.367193699949848,,0.0,0.0,0.0,0.0,47.01867687497502,optimal
2021-02-07 11:30:00,19,120,0.0,0.1548148148148148,0.0,0.4966,31.3635,6.0,-11,20.35256939110312,,0.0,0.0,0.0,139.33333333333331,46.93000005639357,optimal
2021-02-07 12:00:00,19,120,0.0,0.3096296296296296,0.0,0.282,33.306,6.0,-11,20.335152888822886,,0.0,0.0,0.0,278.66666666666663,46.8414119146307,optimal
2021-02-07 12:30:00,19,120,0.0,0.0774074074074074,0.0,1.3476,31.3425,6.0,-11,20.31043338894047,,0.0,0.0,0.0,69.66666666666666,46.75291236100959,optimal
2021-02-07 13:00:00,19,120,0.0,0.0,0.0,3.9424,28.2555,6.0,-11,20.292279151198315,,0.0,0.0,0.0,0.0,46.66450130694211,optimal
2021-02-07 13:30:00,19,120,0.0,0.2322222222222222,0.0,3.007766666666667,15.6975,6.0,-11,20.282096474532047,,0.0,0.0,0.0,209.0,46.57617866392869,optimal
2021-02-07 14:00:00,19,120,0.0,0.0,0.0,1.3311,12.5475,6.0,-11,20.271189039850874,,0.0,0.0,0.0,0.0,46.48794434355828,optimal
2021-02-07 14:30:00,19,120,0.0,0.1548148148148148,0.0,0.6149,12.0855,6.0,-11,20.25346308583932,,0.0,0.0,0.0,139.33333333333331,46.399798257508245,optimal
2021-02-07 15:00:00,19,120,0.0,0.2322222222222222,0.0,0.3329666666666666,11.907,6.0,-11,20.236939063349567,,0.0,0.0,0.0,209.0,46.311740317544256,optimal
2021-02-07 15:30:00,19,120,0.0,0.0774074074074074,0.0,0.2943666666666666,12.5685,6.0,-11,20.22089390113648,,0.0,0.0,0.0,69.66666666666666,46.22377043552024,optimal
2021-02-07 16:00:00,19,120,0.0,0.0,0.0,0.8969,13.146,6.0,-11,20.20325553327175,,0.0,0.0,0.0,0.0,46.13588852337824,optimal
2021-02-07 16:30:00,19,120,0.0,0.9288888888888888,0.0,2.567,10.584,6.0,-11,20.184449165359048,,0.0,0.0,0.0,836.0,46.04809449314838,optimal
2021-02-07 17:00:00,19,120,0.0,1.2385185185185184,0.0,2.1085666666666665,6.678,6.0,-11,20.1712278040132,,0.0,0.0,0.0,1114.6666666666663,45.960388256948754,optimal
2021-02-07 17:30:00,19,120,0.0,0.0774074074074074,0.0,0.3566,7.938,6.0,-11,20.159187553153178,,0.0,0.0,0.0,69.66666666666666,45.872769726985325,optimal
2021-02-07 18:00:00,19,120,0.0,0.2322222222222222,0.0,0.6376000000000001,5.292,6.0,-11,20.145151268078266,,0.0,0.0,0.0,209.0,45.78523881555186,optimal
2021-02-07 18:30:00,19,120,0.0,0.6192592592592592,0.0,0.1264,9.261,6.0,-11,20.13228203655116,,0.0,0.0,0.0,557.3333333333333,45.69779543502983,optimal
2021-02-07 19:00:00,19,120,0.0,0.2322222222222222,0.0,0.1934,10.3635,6.0,-11,20.113871033313448,,0.0,0.0,0.0,209.0,45.6520976395948,optimal
2021-02-07 19:30:00,19,120,0.0,0.0,0.0,0.3464666666666666,8.274,6.0,-11,20.094833044503897,,0.0,0.0,0.0,0.0,45.6064455419552,optimal
2021-02-07 20:00:00,19,120,0.0,0.1548148148148148,0.0,0.0853333333333333,7.7175,6.0,-11,20.077775883449025,,0.0,0.0,0.0,139.33333333333331,45.56083909641325,optimal
2021-02-07 20:30:00,19,120,0.0,0.1548148148148148,0.0,0.2038666666666666,6.615,6.0,-11,20.05766269096707,,0.0,0.0,0.0,139.33333333333331,45.51527825731684,optimal
2021-02-07 21:00:00,19,120,0.0,0.1548148148148148,0.0,0.3522,6.174,6.0,-11,20.03861300689333,,0.0,0.0,0.0,139.33333333333331,45.46976297905952,optimal
2021-02-07 21:30:00,19,120,0.0,0.0,0.0,0.2752,3.906,6.0,-11,20.02231238337094,,0.0,0.0,0.0,0.0,45.42429321608046,optimal
2021-02-07 22:00:00,19,120,0.0,0.2322222222222222,0.0,0.2654666666666666,2.3415,6.0,-11,20.00396698733873,,0.0,0.0,0.0,209.0,45.37886892286438,optimal
2021-02-07 22:30:00,19,120,0.0,0.0,0.0,0.2261666666666666,2.205,6.0,-11,19.984296382312422,,0.0,0.0,0.0,0.0,45.33349005394151,optimal
2021-02-07 23:00:00,19,120,0.0,0.0,0.0,0.2987666666666666,0.882,6.0,-11,19.96469888605814,,0.0,0.0,0.0,0.0,45.28815656388757,optimal
2021-02-07 23:30:00,19,120,0.0,0.2322222222222222,0.0,0.4326,1.5435,6.0,-11,19.946608621509373,,0.0,0.0,0.0,209.0,45.24286840732368,optimal
2021-02-08 00:00:00,19,120,1.1428571428571428,0.0,2.4227155182028146,0.045,7.056,6.0,-8,19.946608621509373,,4000.0,0.0,0.0,0.0,46.3484154100627,optimal
2021-02-08 00:30:00,19,120,1.1428571428571428,0.0,5.0,0.045,5.271,6.0,-8,19.961427102417428,,4000.0,0.0,0.0,0.0,48.67706699465263,optimal
2021-02-08 01:00:00,19,120,1.1428571428571428,0.0,0.0,0.1411333333333333,7.938,6.0,-8,19.976216204755573,,4000.0,0.0,0.0,0.0,48.62838992765797,optimal
2021-02-08 01:30:00,19,120,1.1428571428571428,0.0,0.0,0.045,7.938,6.0,-8,19.99214711603113,,4000.0,0.0,0.0,0.0,48.57976153773031,optimal
2021-02-08 02:00:00,19,120,1.1428571428571428,0.0,0.0,0.1411333333333333,11.907,6.0,-8,20.006776185868123,,4000.0,0.0,0.0,0.0,48.53118177619257,optimal
2021-02-08 02:30:00,19,120,1.1428571428571428,0.0,0.0,0.045,11.025,6.0,-8,20.02244825377395,,4000.0,0.0,0.0,0.0,48.48265059441637,optimal
2021-02-08 03:00:00,19,120,1.1428571428571428,0.0,0.0,0.045,11.2875,6.0,-8,20.03701724970059,,4000.0,0.0,0.0,0.0,48.434167943821954,optimal
2021-02-08 03:30:00,19,120,1.1428571428571428,0.0,0.0,0.1411333333333333,12.936,6.0,-8,20.051656489820047,,4000.0,0.0,0.0,0.0,48.38573377587813,optimal
2021-02-08 04:00:00,19,120,1.1428571428571428,0.0,0.0,0.045,13.0095,6.0,-8,20.06733870784512,,4000.0,0.0,0.0,0.0,48.33734804210225,optimal
2021-02-08 04:30:00,19,120,1.1428571428571428,0.0,0.0,0.0930666666666666,13.671,6.0,-8,20.081719577481618,,4000.0,0.0,0.0,0.0,48.28901069406015,optimal
2021-02-08 05:00:00,19,120,1.1428571428571428,0.0,0.0,0.0930666666666666,13.188,6.0,-8,20.09645924448516,,4000.0,0.0,0.0,0.0,48.24072168336608,optimal
2021-02-08 05:30:00,19,120,1.1428571428571428,0.0,0.0,0.045,13.8495,6.0,-8,20.110971432886178,,4000.0,0.0,0.0,0.0,48.19248096168271,optimal
2021-02-08 06:00:00,19,120,1.1428571428571428,0.0,0.0,0.1411333333333333,13.23,6.0,-8,20.12477015718713,,4000.0,0.0,0.0,0.0,48.144288480721016,optimal
2021-02-08 06:30:00,19,120,1.1428571428571428,0.0,0.0,0.0483333333333333,13.3665,6.0,-8,20.13961352576916,,4000.0,0.0,0.0,0.0,48.096144192240295,optimal
2021-02-08 07:00:00,19,120,1.1428571428571428,0.3096296296296296,0.0,0.2176999999999999,13.0515,6.0,-8,20.15352674011232,,4000.0,0.0,0.0,278.66666666666663,48.048048048048045,optimal
2021-02-08 07:30:00,19,120,1.1428571428571428,2.322222222222221,0.0,0.1528,13.5345,6.0,-8,20.17141909823681,,4000.0,0.0,0.0,2089.9999999999995,48.0,optimal
2021-02-08 08:00:00,19,120,0.0,0.1548148148148148,0.0,0.229,14.154,6.0,-8,20.190552783376656,,0.0,0.0,0.0,139.33333333333331,47.89468331544291,optimal
2021-02-08 08:30:00,19,120,0.4157746167392178,0.1548148148148148,0.0,0.1676666666666666,14.112,6.0,-8,20.15877214478437,,1455.2111585872622,0.0,0.0,139.33333333333331,47.789471947570384,optimal
2021-02-08 09:00:00,19,120,0.0,0.3096296296296296,0.0,0.2791666666666667,14.2485,6.0,-8,20.143406512312847,,0.0,0.0,0.0,278.66666666666663,47.68436579106573,optimal
2021-02-08 09:30:00,19,120,1.1428571428571428,0.3096296296296296,0.0,0.1636,12.789,6.0,-8,20.11363414107189,,4000.0,0.0,0.0,278.66666666666663,47.57936474071758,optimal
2021-02-08 10:00:00,19,120,1.1428571428571428,0.1548148148148148,0.0,0.2195666666666666,13.0095,6.0,-8,20.132587361494167,,4000.0,0.0,0.0,139.33333333333331,47.47446869141977,optimal
2021-02-08 10:30:00,19,120,1.1428571428571428,0.0,0.0,0.055,12.1275,6.0,-8,20.15203895359227,,4000.0,0.0,0.0,0.0,47.36967753817127,optimal
2021-02-08 11:00:00,19,120,1.1428571428571428,0.0,0.0,0.1168,12.348,6.0,-8,20.16688712242379,,4000.0,0.0,0.0,0.0,47.26499117607601,optimal
2021-02-08 11:30:00,19,120,1.1428571428571428,0.0,0.0,0.0893333333333333,12.348,6.0,-8,20.1851665358928,,4000.0,0.0,0.0,0.0,47.16040950034285,optimal
2021-02-08 12:00:00,19,120,0.0,0.0,0.0,0.055,25.389,6.0,-8,20.20327335720097,,0.0,0.0,0.0,0.0,47.055932406285415,optimal
2021-02-08 12:30:00,19,120,0.0,0.0,0.0,0.1511333333333333,29.1375,6.0,-8,20.17333200816884,,0.0,0.0,0.0,0.0,46.95155978932204,optimal
2021-02-08 13:00:00,19,120,0.0,0.0,0.0,0.055,30.597,6.0,-8,20.14501766157806,,0.0,0.0,0.0,0.0,46.84729154497563,optimal
2021-02-08 13:30:00,19,120,0.0,0.0,0.0,0.055,33.684,6.0,-8,20.115661693733248,,0.0,0.0,0.0,0.0,46.74312756887357,optimal
2021-02-08 14:00:00,19,120,0.0,0.0,0.0,0.1511333333333333,32.445,6.0,-8,20.08656218222617,,0.0,0.0,0.0,0.0,46.63906775674761,optimal
2021-02-08 14:30:00,19,120,0.0,0.0,0.0,0.055,28.917,6.0,-8,20.05895437578567,,0.0,0.0,0.0,0.0,46.53511200443377,optimal
2021-02-08 15:00:00,19,120,0.0,0.0774074074074074,0.0,0.1058666666666666,15.876,6.0,-8,20.02993278986523,,0.0,0.0,0.0,69.66666666666666,46.43126020787225,optimal
2021-02-08 15:30:00,19,120,0.6133871710681233,0.0,0.0,0.1813333333333333,12.348,6.0,-8,20.0,,2146.855098738432,0.0,0.0,0.0,46.32751226310729,optimal
2021-02-08 16:00:00,19,120,1.1428571428571428,0.0,0.0,0.055,12.1275,6.0,-8,20.0,,4000.0,0.0,0.0,0.0,46.223868066287096,optimal
2021-02-08 16:30:00,19,120,0.3884029182594669,0.0,0.0,0.1608,12.348,6.0,-8,20.015266214016016,,1359.4102139081342,0.0,0.0,0.0,46.120327513663725,optimal
2021-02-08 17:00:00,19,120,0.787423267428984,0.0,0.0,0.0602333333333333,12.1275,6.0,-8,20.0,,2755.9814360014443,0.0,0.0,0.0,46.016890501592975,optimal
2021-02-08 17:30:00,19,120,0.6320655921889371,0.0,0.0,0.2182666666666667,12.1275,6.0,-8,20.0,,2212.22957266128,0.0,0.0,0.0,45.9135569265343,optimal
2021-02-08 18:00:00,19,120,0.6507742831437745,0.0774074074074074,0.0,0.2123,11.2665,6.0,-8,20.0,,2277.7099910032107,0.0,0.0,69.66666666666666,45.81032668505068,optimal
2021-02-08 18:30:00,19,120,1.1428571428571428,0.5418518518518518,0.0,0.2148666666666666,10.143,6.0,-8,20.0,,4000.0,0.0,0.0,487.6666666666667,45.70719967380854,optimal
2021-02-08 19:00:00,19,120,0.0499318765480823,0.1548148148148148,0.0,0.2677333333333332,11.2455,6.0,-8,20.02326413815824,,174.76156791828816,0.0,0.0,139.33333333333331,45.604175789577646,optimal
2021-02-08 19:30:00,19,120,0.602956292905177,0.0,0.0,0.3721666666666667,11.025,6.0,-8,20.0,,2110.34702516812,0.0,0.0,0.0,45.50125492923098,optimal
2021-02-08 20:00:00,19,120,0.7100451793322583,0.1548148148148148,0.0,0.201,5.9745,6.0,-8,20.0,,2485.158127662904,0.0,0.0,139.33333333333331,45.39843698974467,optimal
2021-02-08 20:30:00,19,120,0.0,0.0774074074074074,0.0,0.2802,7.938,6.0,-8,20.0,,0.0,0.0,0.0,69.66666666666666,45.35303855275493,optimal
2021-02-08 21:00:00,19,120,0.0,0.0,0.0,0.2545666666666666,8.6835,6.0,-8,19.971601753553188,,0.0,0.0,0.0,0.0,45.30768551420217,optimal
2021-02-08 21:30:00,19,120,0.0,1.6658074074074074,0.0,0.3136,7.665,6.0,-8,19.94529579387726,,0.0,0.0,0.0,1499.2266666666667,45.26237782868797,optimal
2021-02-08 22:00:00,19,120,0.0,0.3467851851851852,0.0,0.2603666666666667,6.7725,6.0,-8,19.920040262663026,,0.0,0.0,0.0,312.10666666666674,45.21711545085928,optimal
2021-02-08 22:30:00,19,120,0.0,0.0,0.0,0.2529333333333333,5.5755,6.0,-8,19.8940796321012,,0.0,0.0,0.0,0.0,45.17189833540842,optimal
2021-02-08 23:00:00,19,120,0.0,0.0,0.0,0.2195666666666666,5.0925,6.0,-8,19.8687929427756,,0.0,0.0,0.0,0.0,45.12672643707301,optimal
2021-02-08 23:30:00,19,120,0.0,0.0,0.0,0.1291999999999999,4.1895,6.0,-8,19.840105489057542,,0.0,0.0,0.0,0.0,45.081599710635935,optimal
2021-02-09 00:00:00,19,120,1.1428571428571428,0.0,0.0,0.065,11.7705,6.0,-4,19.840105489057542,,4000.0,0.0,0.0,0.0,45.0365181109253,optimal
2021-02-09 00:30:00,19,120,1.1428571428571428,0.0,0.0,0.0726666666666666,11.13,6.0,-4,19.85356644002056,,4000.0,0.0,0.0,0.0,44.99148159281437,optimal
2021-02-09 01:00:00,19,120,1.1428571428571428,0.0,0.0,0.1866666666666666,11.6865,6.0,-4,19.86725414162609,,4000.0,0.0,0.0,0.0,44.94649011122156,optimal
2021-02-09 01:30:00,19,120,1.1428571428571428,0.0,3.1437191561529465,0.06,10.7205,6.0,-4,19.882402621773995,,4000.0,0.0,0.0,0.0,46.39481022028298,optimal
2021-02-09 02:00:00,19,120,1.1428571428571428,0.0,0.0,0.1676666666666666,11.424,6.0,-4,19.895779716012544,,4000.0,0.0,0.0,0.0,46.3484154100627,optimal
2021-02-09 02:30:00,19,120,1.1428571428571428,0.0,5.0,0.0916666666666666,10.689,6.0,-4,19.91024366532244,,4000.0,0.0,0.0,0.0,48.67706699465263,optimal
2021-02-09 03:00:00,19,120,1.1428571428571428,0.0,0.0,0.1233333333333333,11.361,6.0,-4,19.923852209001225,,4000.0,0.0,0.0,0.0,48.62838992765797,optimal
2021-02-09 03:30:00,19,120,1.1428571428571428,0.0,0.0,0.136,11.571,6.0,-4,19.93791867523205,,4000.0,0.0,0.0,0.0,48.57976153773031,optimal
2021-02-09 04:00:00,19,120,1.1428571428571428,0.0,0.0,0.06,14.3745,6.0,-4,19.952309819776385,,4000.0,0.0,0.0,0.0,48.53118177619257,optimal
2021-02-09 04:30:00,19,120,1.1428571428571428,0.0,0.0,0.1993333333333332,13.23,6.0,-4,19.965944831172703,,4000.0,0.0,0.0,0.0,48.48265059441637,optimal
2021-02-09 05:00:00,19,120,1.1428571428571428,0.0,0.0,0.0686666666666666,13.9755,6.0,-4,19.981051960505653,,4000.0,0.0,0.0,0.0,48.434167943821954,optimal
2021-02-09 05:30:00,19,120,1.1428571428571428,0.0,0.0,0.1693333333333333,14.994,6.0,-4,19.99423347622893,,4000.0,0.0,0.0,0.0,48.38573377587813,optimal
2021-02-09 06:00:00,19,120,1.1428571428571428,0.0,0.0,0.0916666666666666,13.671,6.0,-4,20.0087004910564,,4000.0,0.0,0.0,0.0,48.33734804210225,optimal
2021-02-09 06:30:00,19,120,0.5804165350588331,0.0,0.0,0.1226666666666666,15.981,6.0,-4,20.022212966032104,,2031.457872705916,0.0,0.0,0.0,48.28901069406015,optimal
2021-02-09 07:00:00,19,120,1.1428571428571428,0.6192592592592592,0.0,0.134,15.6345,6.0,-4,20.012251549525203,,4000.0,0.0,0.0,557.3333333333333,48.24072168336608,optimal
2021-02-09 07:30:00,19,120,0.0,6.270000000000001,0.0,0.0626666666666666,16.5375,6.0,-4,20.0286782200411,,0.0,0.0,0.0,5643.000000000001,48.19248096168271,optimal
2021-02-09 08:00:00,19,120,1.1428571428571428,3.87037037037037,0.0,0.2235333333333333,14.7735,6.0,-4,20.0,,4000.0,0.0,0.0,3483.333333333333,48.144288480721016,optimal
2021-02-09 08:30:00,19,120,0.1829144366561443,0.0,0.0,0.223,15.2145,6.0,-4,20.020530880174416,,640.200528296505,0.0,0.0,0.0,48.096144192240295,optimal
2021-02-09 09:00:00,19,120,1.009737210409878,6.502222222222222,0.0,0.4518,14.553,6.0,-4,20.0,,3534.0802364345723,0.0,0.0,5852.0,48.048048048048045,optimal
2021-02-09 09:30:00,19,120,1.1428571428571428,0.6966666666666667,0.0,0.5182333333333333,14.3325,6.0,-4,20.020326627005385,,4000.0,0.0,0.0,627.0,48.0,optimal
2021-02-09 10:00:00,19,120,1.1428571428571428,1.006296296296296,0.0,0.3469333333333333,14.595,6.0,-4,20.04751476390983,,4000.0,0.0,0.0,905.6666666666664,47.364568168835135,optimal
2021-02-09 10:30:00,19,120,0.0,0.0,0.0,0.5428666666666667,14.994,6.0,-4,20.07657498822955,,0.0,0.0,0.0,0.0,46.72977176950143,optimal
2021-02-09 11:00:00,19,120,1.1428571428571428,0.2322222222222222,0.0,0.3369,14.3325,6.0,-4,20.05833957014509,,4000.0,0.0,0.0,209.0,46.09561016656707,optimal
2021-02-09 11:30:00,19,120,1.1428571428571428,0.0,0.0,0.1593333333333333,13.8915,6.0,-4,20.08661689417039,,4000.0,0.0,0.0,0.0,45.46208272523564,optimal
2021-02-09 12:00:00,19,120,1.1428571428571428,0.0,0.0,0.3047333333333333,13.8915,6.0,-4,20.10885139216697,,4000.0,0.0,0.0,0.0,44.82918881134554,optimal
2021-02-09 12:30:00,19,120,1.1428571428571428,0.0,0.0,0.3207333333333333,13.4715,6.0,-4,20.13488391777585,,4000.0,0.0,0.0,0.0,44.196927791369326,optimal
2021-02-09 13:00:00,19,120,1.1428571428571428,0.387037037037037,0.0,0.3944666666666666,13.23,6.0,-4,20.16215449125137,,4000.0,0.0,0.0,348.3333333333333,43.56529903241309,optimal
2021-02-09 13:30:00,19,120,1.1428571428571428,0.0774074074074074,0.0,0.3977333333333333,13.8915,6.0,-4,20.191402181048616,,4000.0,0.0,0.0,69.66666666666666,42.934301902215815,optimal
2021-02-09 14:00:00,19,120,0.0,0.0,0.0,0.07,26.9325,6.0,-4,20.220928479128723,,0.0,0.0,0.0,0.0,42.30393576914874,optimal
2021-02-09 14:30:00,19,120,0.0,0.0,0.0,0.07,30.303,6.0,-4,20.19286557102757,,0.0,0.0,0.0,0.0,41.674200002214725,optimal
2021-02-09 15:00:00,19,120,0.0,0.0,0.0,0.1396666666666666,32.886,6.0,-4,20.164759171262727,,0.0,0.0,0.0,0.0,41.04509397104765,optimal
2021-02-09 15:30:00,19,120,0.0,0.0,0.0,0.1396666666666666,34.9965,6.0,-4,20.1352930344141,,0.0,0.0,0.0,0.0,40.416617045911735,optimal
2021-02-09 16:00:00,19,120,0.0,0.0,0.0,0.07,33.327,6.0,-4,20.10588531603406,,0.0,0.0,0.0,0.0,39.78876859770096,optimal
2021-02-09 16:30:00,19,120,0.0,0.4644444444444444,0.0,0.084,31.122,6.0,-4,20.072714313329715,,0.0,0.0,0.0,418.0,39.16154799793839,optimal
2021-02-09 17:00:00,19,120,0.0,2.2448148148148146,0.0,0.2661333333333333,17.9025,6.0,-4,20.04549955308337,,0.0,0.0,0.0,2020.3333333333333,38.53495461877559,optimal
2021-02-09 17:30:00,19,120,0.0,0.0,0.0,0.5762333333333334,15.6555,6.0,-4,20.019000507700504,,0.0,0.0,0.0,0.0,37.908987832991954,optimal
2021-02-09 18:00:00,19,120,0.5572367202885192,0.0,0.0,0.3815,14.553,6.0,-4,20.0,,1950.3285210098168,0.0,0.0,0.0,37.2836470139941,optimal
2021-02-09 18:30:00,19,120,0.6383880438604348,0.774074074074074,0.0,0.2059333333333333,14.3325,6.0,-4,20.0,,2234.358153511522,0.0,0.0,696.6666666666666,36.65893153581524,optimal
2021-02-09 19:00:00,19,120,0.651653653146697,0.387037037037037,0.0,0.2191333333333333,13.335,6.0,-4,20.0,,2280.7877860134395,0.0,0.0,348.3333333333333,36.03484077311456,optimal
2021-02-09 19:30:00,19,120,1.1428571428571428,0.3096296296296296,0.0,0.1409,12.1275,6.0,-4,20.0,,4000.0,0.0,0.0,278.66666666666663,35.99880593234145,optimal
2021-02-09 20:00:00,19,120,0.1113299755563379,0.4644444444444444,0.0,0.2563333333333333,12.2955,6.0,-4,20.02097002227402,,389.6549144471829,0.0,0.0,418.0,35.9628071264091,optimal
2021-02-09 20:30:00,19,120,0.0,0.3096296296296296,0.0,0.1478666666666666,11.6865,6.0,-4,20.0,,0.0,0.0,0.0,278.66666666666663,35.926844319282694,optimal
2021-02-09 21:00:00,19,120,0.0,0.0,0.0,0.1049,11.466,6.0,-4,19.974092275357307,,0.0,0.0,0.0,0.0,35.89091747496341,optimal
2021-02-09 21:30:00,19,120,0.0,0.387037037037037,0.0,0.1881999999999999,10.8045,6.0,-4,19.9494613679666,,0.0,0.0,0.0,348.3333333333333,35.85502655748844,optimal
2021-02-09 22:00:00,19,120,0.0,0.0774074074074074,0.0,0.2406666666666666,10.584,6.0,-4,19.92320647683351,,0.0,0.0,0.0,69.66666666666666,35.81917153093095,optimal
2021-02-09 22:30:00,19,120,0.0,0.0,0.0,0.07,11.2455,6.0,-4,19.89451013775233,,0.0,0.0,0.0,0.0,35.78335235940002,optimal
2021-02-09 23:00:00,19,120,0.0,0.0,0.0,0.1903333333333333,12.1275,6.0,-4,19.85923298330443,,0.0,0.0,0.0,0.0,35.74756900704062,optimal
2021-02-09 23:30:00,19,120,0.0,0.0,0.0,0.0846666666666666,11.823,6.0,-4,19.825590838144475,,0.0,0.0,0.0,0.0,35.711821438033574,optimal
2021-02-10 00:00:00,19,120,0.2845840336920126,0.0,0.0,0.051,19.026,6.0,9,19.825590838144475,,996.044117922044,0.0,0.0,0.0,35.67610961659554,optimal
2021-02-10 00:30:00,19,120,1.1428571428571428,0.0,0.0,0.051,18.7215,6.0,9,19.801960916537407,,4000.0,0.0,0.0,0.0,35.640433506978944,optimal
2021-02-10 01:00:00,19,120,1.1428571428571428,0.0,0.0,0.1116333333333333,17.4195,6.0,9,19.81477480805095,,4000.0,0.0,0.0,0.0,35.60479307347197,optimal
2021-02-10 01:30:00,19,120,1.1428571428571428,0.0,0.0,0.3076333333333333,16.758,6.0,9,19.828103695010743,,4000.0,0.0,0.0,0.0,35.56918828039849,optimal
2021-02-10 02:00:00,19,120,1.1428571428571428,0.0,0.0,0.051,14.217,6.0,9,19.84359563960112,,4000.0,0.0,0.0,0.0,35.533619092118094,optimal
2021-02-10 02:30:00,19,120,1.1428571428571428,0.0,0.0,0.2647333333333332,13.3665,6.0,9,19.85573221880056,,4000.0,0.0,0.0,0.0,35.498085473025974,optimal
2021-02-10 03:00:00,19,120,1.1428571428571428,0.0,0.0,0.1545333333333333,12.789,6.0,9,19.87044850929508,,4000.0,0.0,0.0,0.0,35.46258738755295,optimal
2021-02-10 03:30:00,19,120,1.1428571428571428,0.0,0.0,0.0849,11.907,6.0,9,19.8837931295947,,4000.0,0.0,0.0,0.0,35.427124800165394,optimal
2021-02-10 04:00:00,19,120,1.1428571428571428,0.0,0.0,0.2256999999999999,11.7075,6.0,9,19.89626299617884,,4000.0,0.0,0.0,0.0,35.39169767536523,optimal
2021-02-10 04:30:00,19,120,1.1428571428571428,0.0,5.0,0.0618666666666666,10.8045,6.0,9,19.91042341439532,,4000.0,0.0,0.0,0.0,37.73130597768986,optimal
2021-02-10 05:00:00,19,120,1.1428571428571428,0.0,0.0,0.2259333333333333,11.508,6.0,9,19.922361628507307,,4000.0,0.0,0.0,0.0,37.69357467171218,optimal
2021-02-10 05:30:00,19,120,1.1428571428571428,0.0,0.0,0.0958,11.508,6.0,9,19.93596293264894,,4000.0,0.0,0.0,0.0,37.655881097040464,optimal
2021-02-10 06:00:00,19,120,1.1428571428571428,0.0,0.0,0.2637,11.508,6.0,9,19.947867388001857,,4000.0,0.0,0.0,0.0,37.61822521594343,optimal
2021-02-10 06:30:00,19,120,1.1428571428571428,0.0,0.0,0.1107666666666666,11.844,6.0,9,19.96159540116581,,4000.0,0.0,0.0,0.0,37.58060699072748,optimal
2021-02-10 07:00:00,19,120,1.1428571428571428,0.0,2.369804199342636,0.2558333333333333,11.508,6.0,9,19.973829623895067,,4000.0,0.0,0.0,0.0,38.6686833784245,optimal
2021-02-10 07:30:00,19,120,1.1428571428571428,0.0,5.0,0.0601,11.508,6.0,9,19.98820335600547,,4000.0,0.0,0.0,0.0,41.00501469504607,optimal
2021-02-10 08:00:00,19,120,1.1428571428571428,0.0,5.0,0.2608,10.4475,6.0,9,20.0,,4000.0,0.0,0.0,0.0,43.33900968035103,optimal
2021-02-10 08:30:00,19,120,1.1428571428571428,0.3096296296296296,5.0,0.1604666666666666,10.8675,6.0,9,20.014199995580825,,4000.0,0.0,0.0,278.66666666666663,45.670670670670674,optimal
2021-02-10 09:00:00,19,120,1.1428571428571428,0.0,5.0,0.4470666666666666,10.542,6.0,9,20.029020119776792,,4000.0,0.0,0.0,0.0,48.0,optimal
2021-02-10 09:30:00,19,120,1.1428571428571428,0.2322222222222222,0.0,1.2998666666666665,11.025,6.0,9,20.048733436499194,,4000.0,0.0,0.0,209.0,47.69719583760505,optimal
2021-02-10 10:00:00,19,120,1.1428571428571428,0.0,0.0,0.1173666666666666,11.025,6.0,9,20.06935035795905,,4000.0,0.0,0.0,0.0,47.3946944793725,optimal
2021-02-10 10:30:00,19,120,1.1428571428571428,0.0,0.0,0.1714333333333333,14.553,6.0,9,20.08511363264376,,4000.0,0.0,0.0,0.0,47.09249562249818,optimal
2021-02-10 11:00:00,19,120,1.1428571428571428,0.0,0.0,0.0660666666666666,13.0935,6.0,9,20.101732665487003,,4000.0,0.0,0.0,0.0,46.79059896448073,optimal
2021-02-10 11:30:00,19,120,1.1428571428571428,0.0,0.0,0.2124,15.6345,6.0,9,20.119530387312583,,4000.0,0.0,0.0,0.0,46.4890042031213,optimal
2021-02-10 12:00:00,19,120,0.0,0.3096296296296296,0.0,0.0615333333333333,18.102,6.0,9,20.13927376321457,,0.0,0.0,0.0,278.66666666666663,46.18771103652323,optimal
2021-02-10 12:30:00,19,120,0.0,0.0,0.0,0.5457666666666666,17.199,6.0,9,20.112517212223104,,0.0,0.0,0.0,0.0,45.88671916309176,optimal
2021-02-10 13:00:00,19,120,0.0,0.3096296296296296,0.0,1.5223,18.2805,6.0,9,20.0901044914926,,0.0,0.0,0.0,278.66666666666663,45.58602828153372,optimal
2021-02-10 13:30:00,19,120,0.0,0.0,0.0,0.1694,17.4615,6.0,9,20.07189442087393,,0.0,0.0,0.0,0.0,45.28563809085724,optimal
2021-02-10 14:00:00,19,120,0.0,0.0,0.0,0.4564,18.3225,6.0,9,20.04815232776085,,0.0,0.0,0.0,0.0,44.98554829037143,optimal
2021-02-10 14:30:00,19,120,0.0,0.1548148148148148,0.0,0.2171333333333333,17.094,6.0,9,20.028585133998067,,0.0,0.0,0.0,139.33333333333331,44.68575857968612,optimal
2021-02-10 15:00:00,19,120,0.3959773168291564,0.1548148148148148,0.0,0.2458,17.094,6.0,9,20.006003838213623,,1385.9206089020474,0.0,0.0,139.33333333333331,44.38626865871148,optimal
2021-02-10 15:30:00,19,120,1.080987643279424,0.0,0.0,1.7278666666666669,17.094,6.0,9,20.0,,3783.456751477984,0.0,0.0,0.0,44.08707822765782,optimal
2021-02-10 16:00:00,19,120,0.0,0.0,0.0,0.4499666666666665,17.3565,6.0,9,20.028753910722447,,0.0,0.0,0.0,0.0,43.78818698703522,optimal
2021-02-10 16:30:00,19,120,1.1428571428571428,0.0774074074074074,0.0,0.3650666666666666,17.115,6.0,9,20.004481271742485,,4000.0,0.0,0.0,69.66666666666666,43.489594637653234,optimal
2021-02-10 17:00:00,19,120,0.0,0.387037037037037,0.0,0.4088333333333333,17.241,6.0,9,20.028205059172898,,0.0,0.0,0.0,348.3333333333333,43.19130088062063,optimal
2021-02-10 17:30:00,19,120,0.6204177991441356,0.387037037037037,0.0,0.5526,17.094,6.0,9,20.0,,2171.4622970044747,0.0,0.0,348.3333333333333,42.89330541734506,optimal
2021-02-10 18:00:00,19,120,1.1428571428571428,0.2322222222222222,0.0,0.3742,16.5165,6.0,9,20.00216417563996,,4000.0,0.0,0.0,209.0,42.59560794953277,optimal
2021-02-10 18:30:00,19,120,0.0,0.1548148148148148,0.0,0.6824333333333332,17.8185,6.0,9,20.0247844050796,,0.0,0.0,0.0,139.33333333333331,42.29820817918829,optimal
2021-02-10 19:00:00,19,120,0.8862639776484306,0.0,0.0,1.6136333333333337,17.094,6.0,9,20.0,,3101.923921769507,0.0,0.0,0.0,42.00110580861416,optimal
2021-02-10 19:30:00,19,120,1.1428571428571428,0.387037037037037,0.0,0.262,16.8945,6.0,9,20.01399582370455,,4000.0,0.0,0.0,348.3333333333333,41.70430054041059,optimal
2021-02-10 20:00:00,19,120,0.0,0.3096296296296296,0.0,0.1718,18.123,6.0,9,20.03168500760259,,0.0,0.0,0.0,278.66666666666663,41.66259623987018,optimal
2021-02-10 20:30:00,19,120,0.0,0.4644444444444444,0.0,0.4919,31.647,6.0,9,20.0,,0.0,0.0,0.0,418.0,41.62093364363032,optimal
2021-02-10 21:00:00,19,120,0.0,0.1548148148148148,0.0,0.3347666666666666,34.9965,6.0,9,19.9723191589448,,0.0,0.0,0.0,139.33333333333331,41.57931270998669,optimal
2021-02-10 21:30:00,19,120,0.0,0.0,0.0,0.2641333333333333,34.9965,6.0,9,19.94180674862306,,0.0,0.0,0.0,0.0,41.5377333972767,optimal
2021-02-10 22:00:00,19,120,0.0,0.0,0.0,0.3427,34.9965,6.0,9,19.90605623469931,,0.0,0.0,0.0,0.0,41.49619566387943,optimal
2021-02-10 22:30:00,19,120,0.0,0.0,0.0,0.1191666666666666,34.9965,6.0,9,19.86603066128376,,0.0,0.0,0.0,0.0,41.45469946821554,optimal
2021-02-10 23:00:00,19,120,0.0,0.0,0.0,0.3905666666666667,34.9965,6.0,9,19.822865640578325,,0.0,0.0,0.0,0.0,41.413244768747326,optimal
2021-02-10 23:30:00,19,120,0.0,0.0,0.0,0.2814,27.741,6.0,9,19.782998861803573,,0.0,0.0,0.0,0.0,41.37183152397858,optimal
2021-02-11 00:00:00,19,120,1.1428571428571428,0.0,0.0,0.0832333333333333,13.692,6.0,8,19.782998861803573,,4000.0,0.0,0.0,0.0,41.3304596924546,optimal
2021-02-11 00:30:00,19,120,1.1428571428571428,0.0,0.0,0.2087,14.007,6.0,8,19.78830018444594,,4000.0,0.0,0.0,0.0,41.28912923276214,optimal
2021-02-11 01:00:00,19,120,1.1428571428571428,0.0,0.0,0.07,12.873,6.0,8,19.795212150858266,,4000.0,0.0,0.0,0.0,41.24784010352938,optimal
2021-02-11 01:30:00,19,120,1.1428571428571428,0.0,0.0,0.2306,12.684,6.0,8,19.80061897914288,,4000.0,0.0,0.0,0.0,41.20659226342585,optimal
2021-02-11 02:00:00,19,120,1.1428571428571428,0.0,0.0,0.07,12.306,6.0,8,19.8079715723732,,4000.0,0.0,0.0,0.0,41.16538567116242,optimal
2021-02-11 02:30:00,19,120,1.1428571428571428,0.0,5.0,0.0919,10.6365,6.0,8,19.81335310430259,,4000.0,0.0,0.0,0.0,43.499220285491255,optimal
2021-02-11 03:00:00,19,120,1.1428571428571428,0.0,0.0,0.2087,11.2455,6.0,8,19.818792504037223,,4000.0,0.0,0.0,0.0,43.455721065205765,optimal
2021-02-11 03:30:00,19,120,1.1428571428571428,0.0,0.0,0.07,11.2455,6.0,8,19.82544576122304,,4000.0,0.0,0.0,0.0,43.41226534414056,optimal
2021-02-11 04:00:00,19,120,1.1428571428571428,0.0,0.0,0.1065,11.025,6.0,8,19.830891777617648,,4000.0,0.0,0.0,0.0,43.36885307879642,optimal
2021-02-11 04:30:00,19,120,1.1428571428571428,0.0,0.0,0.1941,12.0855,6.0,8,19.83726729318563,,4000.0,0.0,0.0,0.0,43.32548422571762,optimal
2021-02-11 05:00:00,19,120,1.1428571428571428,0.0,0.0,0.07,11.6865,6.0,8,19.844697342160128,,4000.0,0.0,0.0,0.0,43.28215874149191,optimal
2021-02-11 05:30:00,19,120,1.1428571428571428,0.0,0.0,0.2306,11.2245,6.0,8,19.85060083180069,,4000.0,0.0,0.0,0.0,43.238876582750414,optimal
2021-02-11 06:00:00,19,120,1.1428571428571428,0.0,0.0,0.07,11.025,6.0,8,19.85894474243993,,4000.0,0.0,0.0,0.0,43.19563770616767,optimal
2021-02-11 06:30:00,19,120,1.1428571428571428,0.0,5.0,0.2087,10.7835,6.0,8,19.865811267144508,,4000.0,0.0,0.0,0.0,45.5274420684615,optimal
2021-02-11 07:00:00,19,120,1.1428571428571428,0.3096296296296296,0.0,0.1262333333333333,11.025,6.0,8,19.874849510253487,,4000.0,0.0,0.0,278.66666666666663,45.48191462639304,optimal
2021-02-11 07:30:00,19,120,1.1428571428571428,9.413451137441092,5.0,0.3310333333333333,10.584,6.0,8,19.88361666716218,,4000.0,8472.106023696984,0.0,0.0,47.81143271176664,optimal
2021-02-11 08:00:00,19,120,1.1428571428571428,2.70925925925926,0.4976394125160548,0.5342,11.025,6.0,8,20.0,,4000.0,0.0,0.0,2438.333333333333,48.0,optimal
2021-02-11 08:30:00,19,120,1.1428571428571428,0.0,0.0,0.2,10.4265,6.0,8,20.01753395154809,,4000.0,0.0,0.0,0.0,47.79361414382107,optimal
2021-02-11 09:00:00,19,120,1.1428571428571428,0.0,0.0,0.07,12.789,6.0,8,20.026015229144043,,4000.0,0.0,0.0,0.0,47.58743467349832,optimal
2021-02-11 09:30:00,19,120,1.1428571428571428,0.0,0.0,0.2922,12.684,6.0,8,20.032337321221814,,4000.0,0.0,0.0,0.0,47.38146138264589,optimal
2021-02-11 10:00:00,19,120,1.1428571428571428,3.5839629629629624,0.0,0.2231999999999999,16.254,6.0,8,20.0452219595597,,4000.0,0.0,0.0,3225.566666666666,47.17569406508431,optimal
2021-02-11 10:30:00,19,120,1.1428571428571428,2.221592592592593,0.0,0.4266999999999999,17.64,6.0,8,20.065503751725725,,4000.0,0.0,0.0,1999.4333333333327,46.97013251484029,optimal
2021-02-11 11:00:00,19,120,0.7009938938987501,0.0,0.0,0.3066,19.1625,6.0,8,20.089122144567547,,2453.4786286456256,0.0,0.0,0.0,46.76477652614652,optimal
2021-02-11 11:30:00,19,120,0.0,0.0,0.0,0.5638,26.46,6.0,8,20.092224579296428,,0.0,0.0,0.0,0.0,46.55962589344144,optimal
2021-02-11 12:00:00,19,120,0.0,0.0,0.0,0.1725666666666666,20.79,6.0,8,20.069671064052702,,0.0,0.0,0.0,0.0,46.35468041136907,optimal
2021-02-11 12:30:00,19,120,0.0,0.0,0.0,0.07,29.106,6.0,8,20.04528871479596,,0.0,0.0,0.0,0.0,46.14993987477877,optimal
2021-02-11 13:00:00,19,120,1.1428571428571428,0.0,0.0,0.1868,19.1835,6.0,8,20.01979999896548,,4000.0,0.0,0.0,0.0,45.945404078725055,optimal
2021-02-11 13:30:00,19,120,0.0,0.0,0.0,0.1138,19.6665,6.0,8,20.044574822347325,,0.0,0.0,0.0,0.0,45.7410728184674,optimal
2021-02-11 14:00:00,19,120,0.0,0.0,0.0,0.2545,19.404,6.0,8,20.019880100396826,,0.0,0.0,0.0,0.0,45.536945889470005,optimal
2021-02-11 14:30:00,19,120,0.4396196597913455,0.2322222222222222,0.0,0.3421,19.047,6.0,8,20.0,,1538.6688092697093,0.0,0.0,209.0,45.33302308740161,optimal
2021-02-11 15:00:00,19,120,1.1428571428571428,0.0,0.0,0.083,18.858,6.0,8,20.0,,4000.0,0.0,0.0,0.0,45.12930420813528,optimal
2021-02-11 15:30:00,19,120,0.0,0.387037037037037,0.0,0.1459666666666666,19.2675,6.0,8,20.0274823245659,,0.0,0.0,0.0,348.3333333333333,44.92578904774821,optimal
2021-02-11 16:00:00,19,120,0.4275536335911621,0.0,0.0,0.3876,18.963,6.0,8,20.004493311446275,,1496.4377175690677,0.0,0.0,0.0,44.722477402521534,optimal
2021-02-11 16:30:00,19,120,1.1428571428571428,0.4644444444444444,0.0,0.1367,18.438,6.0,8,20.0,,4000.0,0.0,0.0,418.0,44.51936906894008,optimal
2021-02-11 17:00:00,19,120,0.1390212308041941,1.1611111111111108,0.0,0.5447000000000001,18.7425,6.0,8,20.021381095190527,,486.57430781467934,0.0,0.0,1044.9999999999998,44.316463843692205,optimal
2021-02-11 17:30:00,19,120,1.1428571428571428,0.0,0.0,0.3879333333333333,15.2145,6.0,8,20.0,,4000.0,0.0,0.0,0.0,44.11376152366958,optimal
2021-02-11 18:00:00,19,120,0.3705678895245227,0.2322222222222222,0.0,0.3724666666666665,17.7765,6.0,8,20.017634953862355,,1296.987613335829,0.0,0.0,209.0,43.91126190596698,optimal
2021-02-11 18:30:00,19,120,1.1428571428571428,0.0,0.0,0.4081666666666667,16.758,6.0,8,20.000533612303613,,4000.0,0.0,0.0,0.0,43.70896478788208,optimal
2021-02-11 19:00:00,19,120,1.1428571428571428,0.0,0.0,0.5576,16.422,6.0,8,20.0150015855266,,4000.0,0.0,0.0,0.0,43.50686996691527,optimal
2021-02-11 19:30:00,19,120,1.1428571428571428,0.387037037037037,0.0,0.726,16.758,6.0,8,20.02759610795473,,4000.0,0.0,0.0,348.3333333333333,43.30497724076942,optimal
2021-02-11 20:00:00,19,120,0.0,0.4644444444444444,0.0,0.3280666666666667,29.358,6.0,8,20.040986841683505,,0.0,0.0,0.0,418.0,43.103286407349714,optimal
2021-02-11 20:30:00,19,120,0.0,7.121481481481481,0.0,0.468,34.9965,6.0,8,20.0,,0.0,0.0,0.0,6409.333333333333,42.90179726476343,optimal
2021-02-11 21:00:00,19,120,0.0,6.966666666666665,0.0,0.72,34.65,6.0,8,19.961306008850485,,0.0,0.0,0.0,6269.999999999999,42.70050961131974,optimal
2021-02-11 21:30:00,19,120,0.0,0.0,0.0,1.5606,34.9965,6.0,8,19.923913146634945,,0.0,0.0,0.0,0.0,42.657809101708416,optimal
2021-02-11 22:00:00,19,120,0.0,0.0774074074074074,0.0,0.2086666666666666,34.9965,6.0,8,19.89622154619536,,0.0,0.0,0.0,69.66666666666666,42.61515129260671,optimal
2021-02-11 22:30:00,19,120,0.0,0.774074074074074,0.0,0.4565,30.4815,6.0,8,19.85466366713904,,0.0,0.0,0.0,696.6666666666666,42.5725361413141,optimal
2021-02-11 23:00:00,19,120,0.0,7.044074074074074,0.0,0.5569333333333333,21.4305,6.0,8,19.81478636768254,,0.0,0.0,0.0,6339.666666666667,42.52996360517279,optimal
2021-02-11 23:30:00,19,120,0.0,0.1548148148148148,0.0,1.0876333333333337,14.3325,6.0,8,19.773070085637016,,0.0,0.0,0.0,139.33333333333331,42.48743364156761,optimal
2021-02-12 00:00:00,19,120,1.1428571428571428,0.0,0.0,0.0763333333333333,10.584,6.0,-6,19.773070085637016,,4000.0,0.0,0.0,0.0,42.44494620792605,optimal
2021-02-12 00:30:00,19,120,1.1428571428571428,0.0,5.0,0.1072666666666666,9.4185,6.0,-6,19.772160593416075,,4000.0,0.0,0.0,0.0,44.77750126171812,optimal
2021-02-12 01:00:00,19,120,1.1428571428571428,0.0,3.094021894519032,1.316,10.3635,6.0,-6,19.7712987911468,,4000.0,0.0,0.0,0.0,46.20238416035293,optimal
2021-02-12 01:30:00,19,120,1.1428571428571428,0.0,5.0,0.0744666666666666,9.8385,6.0,-6,19.78636589299294,,4000.0,0.0,0.0,0.0,48.53118177619257,optimal
2021-02-12 02:00:00,19,120,1.1428571428571428,0.0,0.0,0.1131333333333333,11.067,6.0,-6,19.783357914584386,,4000.0,0.0,0.0,0.0,48.48265059441637,optimal
2021-02-12 02:30:00,19,120,1.1428571428571428,0.0,0.0,0.059,10.8465,6.0,-6,19.781025206573126,,4000.0,0.0,0.0,0.0,48.434167943821954,optimal
2021-02-12 03:00:00,19,120,1.1428571428571428,0.0,0.0,0.059,13.671,6.0,-6,19.77863242131372,,4000.0,0.0,0.0,0.0,48.38573377587813,optimal
2021-02-12 03:30:00,19,120,1.1428571428571428,0.0,0.0,0.0676666666666666,12.348,6.0,-6,19.776839148759905,,4000.0,0.0,0.0,0.0,48.33734804210225,optimal
2021-02-12 04:00:00,19,120,1.1428571428571428,0.0,0.0,0.1105999999999999,14.3325,6.0,-6,19.776437225484607,,4000.0,0.0,0.0,0.0,48.28901069406015,optimal
2021-02-12 04:30:00,19,120,1.1428571428571428,0.0,0.0,0.0783333333333333,15.393,6.0,-6,19.77803625883676,,4000.0,0.0,0.0,0.0,48.24072168336608,optimal
2021-02-12 05:00:00,19,120,1.1428571428571428,0.0,0.0,0.059,13.587,6.0,-6,19.780643075523813,,4000.0,0.0,0.0,0.0,48.19248096168271,optimal
2021-02-12 05:30:00,19,120,1.1428571428571428,0.0,0.0,0.0715333333333333,16.1385,6.0,-6,19.78439699273343,,4000.0,0.0,0.0,0.0,48.144288480721016,optimal
2021-02-12 06:00:00,19,120,1.1428571428571428,0.2740222222222222,0.0,0.3019333333333333,14.595,6.0,-6,19.78977662291577,,4000.0,0.0,0.0,246.62,48.096144192240295,optimal
2021-02-12 06:30:00,19,120,1.1428571428571428,2.357829629629629,0.0,0.5009,14.637,6.0,-6,19.8001922355656,,4000.0,0.0,0.0,2122.0466666666666,48.048048048048045,optimal
2021-02-12 07:00:00,19,120,1.1428571428571428,1.935185185185185,0.0,0.9082,13.9125,6.0,-6,19.816139188665986,,4000.0,0.0,0.0,1741.6666666666667,48.0,optimal
2021-02-12 07:30:00,19,120,1.1428571428571428,12.403174163967954,0.0,0.9035,13.3665,6.0,-6,19.84024886623328,,4000.0,11162.85674757116,0.0,0.0,47.80730375286349,optimal
2021-02-12 08:00:00,19,120,1.1428571428571428,0.1548148148148148,0.0,0.317,13.0095,6.0,-6,20.0,,4000.0,0.0,0.0,139.33333333333331,47.61480020197412,optimal
2021-02-12 08:30:00,19,120,0.7391566757889938,0.0,0.0,0.1516666666666666,13.8915,6.0,-6,20.013151692809423,,2587.048365261478,0.0,0.0,0.0,47.42248915463564,optimal
2021-02-12 09:00:00,19,120,1.0460086810717977,0.0,0.0,0.0883333333333333,13.188,6.0,-6,20.0,,3661.030383751291,0.0,0.0,0.0,47.23037041834449,optimal
2021-02-12 09:30:00,19,120,0.9411282437357388,0.0,0.0,0.1192666666666666,12.5685,6.0,-6,20.0,,3293.9488530750864,0.0,0.0,0.0,47.03844380078964,optimal
2021-02-12 10:00:00,19,120,1.1428571428571428,0.0,0.0,0.1115333333333333,12.285,6.0,-6,20.00026656557897,,4000.0,0.0,0.0,0.0,46.84670910985234,optimal
2021-02-12 10:30:00,19,120,1.1428571428571428,0.0,0.0,0.0960666666666666,11.487,6.0,-6,20.0166974115238,,4000.0,0.0,0.0,0.0,46.65516615360598,optimal
2021-02-12 11:00:00,19,120,1.1428571428571428,0.0,0.0,0.0999333333333333,11.802,6.0,-6,20.033700287186257,,4000.0,0.0,0.0,0.0,46.46381474031587,optimal
2021-02-12 11:30:00,19,120,1.1428571428571428,0.0,0.0,0.1076666666666666,11.2245,6.0,-6,20.05428858379204,,4000.0,0.0,0.0,0.0,46.27265467843905,optimal
2021-02-12 12:00:00,19,120,1.1428571428571428,0.0,0.0,0.2884666666666666,11.025,6.0,-6,20.07502940106964,,4000.0,0.0,0.0,0.0,46.0816857766241,optimal
2021-02-12 12:30:00,19,120,1.1428571428571428,0.774074074074074,0.0,0.5163666666666666,11.907,6.0,-6,20.100273329135163,,4000.0,0.0,0.0,696.6666666666666,45.89090784371096,optimal
2021-02-12 13:00:00,19,120,0.0,0.5418518518518518,0.0,2.180833333333333,25.83,6.0,-6,20.130895300676187,,0.0,0.0,0.0,487.6666666666667,45.70032068873074,optimal
2021-02-12 13:30:00,19,120,0.0,0.3096296296296296,0.0,0.6207666666666667,28.035,6.0,-6,20.126657682395383,,0.0,0.0,0.0,278.66666666666663,45.5099241209055,optimal
2021-02-12 14:00:00,19,120,0.0,0.6966666666666667,0.0,0.36,28.119,6.0,-6,20.11325994377508,,0.0,0.0,0.0,627.0,45.31971794964809,optimal
2021-02-12 14:30:00,19,120,0.0,0.2322222222222222,0.0,0.3369333333333333,30.156,6.0,-6,20.09970984299337,,0.0,0.0,0.0,209.0,45.12970198456193,optimal
2021-02-12 15:00:00,19,120,0.0,0.0,0.0,0.203,29.1585,6.0,-6,20.08168107936426,,0.0,0.0,0.0,0.0,44.93987603544086,optimal
2021-02-12 15:30:00,19,120,0.0,0.0,0.0,0.3102666666666666,26.712,6.0,-6,20.061726833719224,,0.0,0.0,0.0,0.0,44.75023991226891,optimal
2021-02-12 16:00:00,19,120,0.0,0.0,0.0,0.497,15.435,6.0,-6,20.04137791586905,,0.0,0.0,0.0,0.0,44.56079342522013,optimal
2021-02-12 16:30:00,19,120,0.0,0.6192592592592592,0.0,1.5579333333333334,13.566,6.0,-6,20.018494175340624,,0.0,0.0,0.0,557.3333333333333,44.371536384658405,optimal
2021-02-12 17:00:00,19,120,0.521051253278632,0.2322222222222222,0.0,0.5165666666666667,12.789,6.0,-6,20.0,,1823.679386475212,0.0,0.0,209.0,44.18246860113724,optimal
2021-02-12 17:30:00,19,120,0.642981218996234,0.0,0.0,1.2794666666666668,12.1275,6.0,-6,20.0,,2250.4342664868186,0.0,0.0,0.0,43.9935898853996,optimal
2021-02-12 18:00:00,19,120,0.0,0.0,0.0,1.1818333333333333,13.671,6.0,-6,20.015560598110845,,0.0,0.0,0.0,0.0,43.80490004837768,optimal
2021-02-12 18:30:00,19,120,1.1428571428571428,0.387037037037037,0.0,0.5679,10.668,6.0,-6,20.0,,4000.0,0.0,0.0,348.3333333333333,43.6163989011928,optimal
2021-02-12 19:00:00,19,120,0.0,0.0,0.0,0.4076,11.7285,6.0,-6,20.028679280523143,,0.0,0.0,0.0,0.0,43.42808625515509,optimal
2021-02-12 19:30:00,19,120,0.4276668247615322,0.0774074074074074,0.0,0.383,11.025,6.0,-6,20.005665171394377,,1496.8338866653628,0.0,0.0,69.66666666666666,43.23996192176343,optimal
2021-02-12 20:00:00,19,120,0.4649954307530752,0.0,0.0,0.5278999999999999,10.689,6.0,-6,20.0,,1627.4840076357634,0.0,0.0,0.0,43.05202571270516,optimal
2021-02-12 20:30:00,19,120,0.0,0.0,0.0,0.3017333333333333,8.1585,6.0,-6,20.0,,0.0,0.0,0.0,0.0,42.86427743985595,optimal
2021-02-12 21:00:00,19,120,0.0,0.0,0.0,0.1076666666666666,10.3635,6.0,-6,19.975300764750365,,0.0,0.0,0.0,0.0,42.676716915279584,optimal
2021-02-12 21:30:00,19,120,0.0,0.0,0.0,1.6967333333333332,10.8045,6.0,-6,19.93513655400817,,0.0,0.0,0.0,0.0,42.4893439512278,optimal
2021-02-12 22:00:00,19,120,0.0,0.0,0.0,1.5118,11.025,6.0,-6,19.91073231647216,,0.0,0.0,0.0,0.0,42.30215836014006,optimal
2021-02-12 22:30:00,19,120,0.0,0.0,0.0,0.5796,10.3635,6.0,-6,19.88162458094022,,0.0,0.0,0.0,0.0,42.11515995464342,optimal
2021-02-12 23:00:00,19,120,0.0,1.935185185185185,0.0,0.3939,10.8045,6.0,-6,19.848439053875417,,0.0,0.0,0.0,1741.6666666666667,41.92834854755227,optimal
2021-02-12 23:30:00,19,120,0.0,0.2322222222222222,0.0,0.2841666666666667,10.059,6.0,-6,19.821045832678188,,0.0,0.0,0.0,209.0,41.88642019900472,optimal
2021-02-13 00:00:00,19,120,1.1428571428571428,0.0,0.0,0.0533333333333333,11.2455,6.0,17,19.821045832678188,,4000.0,0.0,0.0,0.0,41.84453377880571,optimal
2021-02-13 00:30:00,19,120,0.0,0.0,0.0,0.054,23.8665,6.0,17,19.833163905671874,,0.0,0.0,0.0,0.0,41.802689245026905,optimal
2021-02-13 01:00:00,19,120,0.0,0.0,0.0,0.054,27.4575,6.0,17,19.79613635453891,,0.0,0.0,0.0,0.0,41.76088655578188,optimal
2021-02-13 01:30:00,19,120,0.0,0.0,0.0,0.1082666666666666,27.3735,6.0,17,19.759281340996733,,0.0,0.0,0.0,0.0,41.719125669226095,optimal
2021-02-13 02:00:00,19,120,0.0,0.0,0.0,0.1152666666666666,30.4605,6.0,17,19.723259618137984,,0.0,0.0,0.0,0.0,41.67740654355687,optimal
2021-02-13 02:30:00,19,120,0.0,0.0,0.0,0.057,30.0195,6.0,17,19.687408438752243,,0.0,0.0,0.0,0.0,41.635729137013314,optimal
2021-02-13 03:00:00,19,120,0.0,0.0,0.0,0.1625333333333333,26.9325,6.0,17,19.65096724142404,,0.0,0.0,0.0,0.0,41.5940934078763,optimal
2021-02-13 03:30:00,19,120,1.1428571428571428,0.0,0.0,0.054,14.595,6.0,17,19.61592048137878,,4000.0,0.0,0.0,0.0,41.55249931446843,optimal
2021-02-13 04:00:00,19,120,1.1428571428571428,0.0,0.0,0.128,12.4845,6.0,17,19.628251258194823,,4000.0,0.0,0.0,0.0,41.51094681515396,optimal
2021-02-13 04:30:00,19,120,1.1428571428571428,0.0,0.0,0.0885333333333333,12.1275,6.0,17,19.64135995372661,,4000.0,0.0,0.0,0.0,41.469435868338806,optimal
2021-02-13 05:00:00,19,120,1.1428571428571428,0.0,0.0,0.054,12.1275,6.0,17,19.653763607679885,,4000.0,0.0,0.0,0.0,41.42796643247047,optimal
2021-02-13 05:30:00,19,120,1.1428571428571428,0.0,0.0,0.0934666666666666,12.789,6.0,17,19.665523717403826,,4000.0,0.0,0.0,0.0,41.386538466038,optimal
2021-02-13 06:00:00,19,120,1.1428571428571428,0.0,0.0,0.1300666666666666,11.907,6.0,17,19.677543052164303,,4000.0,0.0,0.0,0.0,41.34515192757196,optimal
2021-02-13 06:30:00,19,120,1.1428571428571428,0.0,0.0,0.0623333333333333,11.025,6.0,17,19.689700898911525,,4000.0,0.0,0.0,0.0,41.30380677564439,optimal
2021-02-13 07:00:00,19,120,1.1428571428571428,0.0,5.0,0.1625333333333333,8.2005,6.0,17,19.7008941199812,,4000.0,0.0,0.0,0.0,43.637502968868745,optimal
2021-02-13 07:30:00,19,120,1.1428571428571428,25.15148188839052,0.0,0.054,9.5655,6.0,17,19.71328821196191,,4000.0,22636.333699551466,0.0,0.0,43.593865465899874,optimal
2021-02-13 08:00:00,19,120,1.1428571428571428,0.0,5.0,0.0583333333333333,7.056,6.0,17,20.0,,4000.0,0.0,0.0,0.0,45.92527160043397,optimal
2021-02-13 08:30:00,19,120,1.1428571428571428,0.0,0.0,0.1556666666666666,9.3975,6.0,17,20.010377591027485,,4000.0,0.0,0.0,0.0,45.87934632883354,optimal
2021-02-13 09:00:00,19,120,0.3042463801893338,0.0,0.0,0.0678666666666666,10.059,6.0,17,20.02203572717012,,1064.8623306626685,0.0,0.0,0.0,45.83346698250471,optimal
2021-02-13 09:30:00,19,120,1.1428571428571428,0.4644444444444444,4.6576136515322055,0.0878666666666666,9.261,6.0,17,20.0,,4000.0,0.0,0.0,418.0,48.0,optimal
2021-02-13 10:00:00,19,120,1.1428571428571428,0.0,0.0,0.2147333333333333,8.1585,6.0,17,20.01606750285228,,4000.0,0.0,0.0,0.0,47.32521755057115,optimal
2021-02-13 10:30:00,19,120,1.1428571428571428,0.3096296296296296,0.0,1.8276666666666668,9.4815,6.0,17,20.03792530402701,,4000.0,0.0,0.0,278.66666666666663,46.65110988359174,optimal
2021-02-13 11:00:00,19,120,1.1428571428571428,0.2322222222222222,0.0,0.1872666666666667,8.379,6.0,17,20.07276923798376,,4000.0,0.0,0.0,209.0,45.9776763242793,optimal
2021-02-13 11:30:00,19,120,1.1428571428571428,0.0,0.0,0.2861666666666667,9.5235,6.0,17,20.09433123899898,,4000.0,0.0,0.0,0.0,45.30491619852618,optimal
2021-02-13 12:00:00,19,120,1.1428571428571428,0.0,0.0,0.073,8.1375,6.0,17,20.11625296048126,,4000.0,0.0,0.0,0.0,44.63282883289881,optimal
2021-02-13 12:30:00,19,120,0.0,0.3096296296296296,0.0,0.1028333333333333,10.0905,6.0,17,20.13705529337496,,0.0,0.0,0.0,278.66666666666663,43.96141355463707,optimal
2021-02-13 13:00:00,19,120,1.1428571428571428,0.387037037037037,0.0,0.1777666666666666,7.539,6.0,17,20.109673072296967,,4000.0,0.0,0.0,348.3333333333333,43.29066969165359,optimal
2021-02-13 13:30:00,19,120,1.1428571428571428,0.0,0.0,0.3446666666666667,7.938,6.0,17,20.133164081947395,,4000.0,0.0,0.0,0.0,42.620596572533096,optimal
2021-02-13 14:00:00,19,120,1.1428571428571428,0.0,0.0,0.2642,8.274,6.0,17,20.158457482988247,,4000.0,0.0,0.0,0.0,41.95119352653172,optimal
2021-02-13 14:30:00,19,120,1.1428571428571428,5.805555555555555,0.0,1.129733333333333,9.261,6.0,17,20.180172971083607,,4000.0,0.0,0.0,5225.0,41.28245988357634,optimal
2021-02-13 15:00:00,19,120,0.5800787001147548,0.1548148148148148,0.0,0.7288,9.9225,6.0,17,20.21246866275572,,2030.275450401642,0.0,0.0,139.33333333333331,40.61439497426392,optimal
2021-02-13 15:30:00,19,120,1.1428571428571428,0.0,0.0,0.2389333333333333,9.702,6.0,17,20.21560829658925,,4000.0,0.0,0.0,0.0,39.946998129860816,optimal
2021-02-13 16:00:00,19,120,0.0,0.0,0.0,0.112,10.584,6.0,17,20.2393420135576,,0.0,0.0,0.0,0.0,39.28026868230211,optimal
2021-02-13 16:30:00,19,120,0.0,0.1548148148148148,0.0,0.3735333333333334,10.143,6.0,17,20.204961953767995,,0.0,0.0,0.0,139.33333333333331,38.61420596419096,optimal
2021-02-13 17:00:00,19,120,0.0,0.0,0.0,0.4522333333333334,13.0095,6.0,17,20.17760454827972,,0.0,0.0,0.0,0.0,37.94880930879792,optimal
2021-02-13 17:30:00,19,120,0.0,0.0,0.0,0.241,11.025,6.0,17,20.15078049253143,,0.0,0.0,0.0,0.0,37.28407805006027,optimal
2021-02-13 18:00:00,19,120,0.0,0.0,0.0,0.4205,12.789,6.0,17,20.12379430559321,,0.0,0.0,0.0,0.0,36.620011522581365,optimal
2021-02-13 18:30:00,19,120,0.0,0.1548148148148148,0.0,0.2076,12.1275,6.0,17,20.099360486295385,,0.0,0.0,0.0,139.33333333333331,35.95660906162994,optimal
2021-02-13 19:00:00,19,120,0.0,0.6192592592592592,0.0,0.282,12.1695,6.0,17,20.0749876519168,,0.0,0.0,0.0,557.3333333333333,35.29387000313947,optimal
2021-02-13 19:30:00,19,120,0.0,0.2322222222222222,0.0,0.1760666666666666,12.306,6.0,17,20.049432676463496,,0.0,0.0,0.0,209.0,34.631793683707485,optimal
2021-02-13 20:00:00,19,120,0.0,0.387037037037037,0.0,0.3158,13.23,6.0,17,20.0253536093437,,0.0,0.0,0.0,348.3333333333333,33.97037944059493,optimal
2021-02-13 20:30:00,19,120,0.0,0.0,0.0,0.2103,13.671,6.0,17,20.0,,0.0,0.0,0.0,0.0,33.30962661172549,optimal
2021-02-13 21:00:00,19,120,0.0,0.2322222222222222,0.0,1.8613,13.9335,6.0,17,19.972855903718607,,0.0,0.0,0.0,209.0,33.276316985113766,optimal
2021-02-13 21:30:00,19,120,0.0,2.39962962962963,0.0,0.5233666666666666,13.293,6.0,17,19.957858790791462,,0.0,0.0,0.0,2159.6666666666665,33.24304066812865,optimal
2021-02-13 22:00:00,19,120,0.0,2.70925925925926,0.0,0.1633666666666667,12.1065,6.0,17,19.9338450822789,,0.0,0.0,0.0,2438.333333333333,33.209797627460524,optimal
2021-02-13 22:30:00,19,120,0.0,0.0,0.0,0.9923333333333334,11.571,6.0,17,19.906674493805102,,0.0,0.0,0.0,0.0,33.17658782983306,optimal
2021-02-13 23:00:00,19,120,0.0,0.0,0.0,0.1478666666666666,11.025,6.0,17,19.87433748070285,,0.0,0.0,0.0,0.0,33.143411242003225,optimal
2021-02-13 23:30:00,19,120,0.0,0.0,0.0,0.0886666666666666,10.8465,6.0,17,19.83854737731721,,0.0,0.0,0.0,0.0,33.110267830761224,optimal
2021-02-07 00:00:00,20,120,0.0,0.0,0.0,0.2297333333333333,6.174,6.0,-5,21.0,,0.0,0.0,0.0,0.0,47.952,optimal
2021-02-07 00:30:00,20,120,0.0,0.2322222222222222,0.0,0.3001,3.906,6.0,-5,20.972338017302462,,0.0,0.0,0.0,209.0,47.904048,optimal
2021-02-07 01:00:00,20,120,0.0,0.0,0.0,0.1249666666666666,2.3415,6.0,-5,20.946753867187205,,0.0,0.0,0.0,0.0,47.856143952,optimal
2021-02-07 01:30:00,20,120,0.0,0.0,0.0,0.1737666666666666,2.205,6.0,-5,20.914401891582653,,0.0,0.0,0.0,0.0,47.80828780804799,optimal
2021-02-07 02:00:00,20,120,1.1428571428571428,0.0,1.7248042473481389,0.1686666666666666,0.882,6.0,-5,20.88260942600996,,4000.0,0.0,0.0,0.0,48.57976153773031,optimal
2021-02-07 02:30:00,20,120,0.0,0.0,0.0,0.1904666666666666,1.5435,6.0,-5,20.89944810582324,,0.0,0.0,0.0,0.0,48.53118177619257,optimal
2021-02-07 03:00:00,20,120,0.4750854815984481,0.0,0.0,0.068,1.5435,6.0,-5,20.86759134777355,,1662.7991855945684,0.0,0.0,0.0,48.48265059441637,optimal
2021-02-07 03:30:00,20,120,0.0,0.0,0.0,0.2521666666666666,5.0715,6.0,-5,20.854364350896265,,0.0,0.0,0.0,0.0,48.434167943821954,optimal
2021-02-07 04:00:00,20,120,0.0,0.0,0.0,0.1069666666666666,5.376,6.0,-5,20.82305124037281,,0.0,0.0,0.0,0.0,48.38573377587813,optimal
2021-02-07 04:30:00,20,120,0.0,0.0,0.0,0.068,5.0715,6.0,-5,20.78993220567936,,0.0,0.0,0.0,0.0,48.33734804210225,optimal
2021-02-07 05:00:00,20,120,0.0,0.0,0.0,0.068,5.5125,6.0,-5,20.75640412624625,,0.0,0.0,0.0,0.0,48.28901069406015,optimal
2021-02-07 05:30:00,20,120,0.0,0.0,0.0,0.4375333333333334,9.261,6.0,-5,20.722942518338247,,0.0,0.0,0.0,0.0,48.24072168336608,optimal
2021-02-07 06:00:00,20,120,0.0,0.0,0.0,0.1900333333333333,11.7075,6.0,-5,20.69624591463516,,0.0,0.0,0.0,0.0,48.19248096168271,optimal
2021-02-07 06:30:00,20,120,0.0,0.0,0.0,0.223,12.348,6.0,-5,20.667013490690817,,0.0,0.0,0.0,0.0,48.144288480721016,optimal
2021-02-07 07:00:00,20,120,0.0,0.4644444444444444,0.0,0.3012666666666666,12.348,6.0,-5,20.63572209160456,,0.0,0.0,0.0,418.0,48.096144192240295,optimal
2021-02-07 07:30:00,20,120,0.0,0.4644444444444444,0.0,1.6113333333333333,12.1275,6.0,-5,20.60717198795348,,0.0,0.0,0.0,418.0,48.048048048048045,optimal
2021-02-07 08:00:00,20,120,0.0,0.4644444444444444,0.0,1.5204666666666666,12.5265,6.0,-5,20.59283788895883,,0.0,0.0,0.0,418.0,48.0,optimal
2021-02-07 08:30:00,20,120,0.0,1.935185185185185,0.0,0.7854333333333333,11.7495,6.0,-5,20.580595274611447,,0.0,0.0,0.0,1741.6666666666667,47.77212822117789,optimal
2021-02-07 09:00:00,20,120,0.0,1.935185185185185,0.0,0.1853666666666666,13.23,6.0,-5,20.55284553633288,,0.0,0.0,0.0,1741.6666666666667,47.5444843141346,optimal
2021-02-07 09:30:00,20,120,0.0,0.0,0.0,0.302,14.3325,6.0,-5,20.522803331330447,,0.0,0.0,0.0,0.0,47.31706805099835,optimal
2021-02-07 10:00:00,20,120,0.0,0.5418518518518518,0.0,0.5345666666666667,14.994,6.0,-5,20.498186242009105,,0.0,0.0,0.0,487.6666666666667,47.08987920412524,optimal
2021-02-07 10:30:00,20,120,0.0,0.0,0.0,1.385066666666667,14.8155,6.0,-5,20.471735780709263,,0.0,0.0,0.0,0.0,46.862917546099006,optimal
2021-02-07 11:00:00,20,120,0.0,0.2740222222222222,0.0,0.5486666666666666,14.112,6.0,-5,20.44318472403092,,0.0,0.0,0.0,246.62,46.6361828497308,optimal
2021-02-07 11:30:00,20,120,0.0,0.1904222222222222,0.0,1.6933666666666665,14.007,6.0,-5,20.414208394621305,,0.0,0.0,0.0,171.38000000000002,46.40967488805895,optimal
2021-02-07 12:00:00,20,120,0.0,0.0,0.0,0.3956333333333333,13.23,6.0,-5,20.3971838652418,,0.0,0.0,0.0,0.0,46.18339343434878,optimal
2021-02-07 12:30:00,20,120,0.0,0.0,0.0,2.307833333333333,11.382,6.0,-5,20.37117748397713,,0.0,0.0,0.0,0.0,45.95733826209232,optimal
2021-02-07 13:00:00,20,120,0.0,0.3096296296296296,0.0,2.7428000000000003,11.7495,6.0,-5,20.352236849151563,,0.0,0.0,0.0,278.66666666666663,45.73150914500812,optimal
2021-02-07 13:30:00,20,120,0.0,0.1548148148148148,0.0,2.8135666666666665,24.3285,6.0,-5,20.33098183291996,,0.0,0.0,0.0,139.33333333333331,45.505905857041,optimal
2021-02-07 14:00:00,20,120,0.0,0.0774074074074074,0.0,2.6171666666666664,28.917,6.0,-5,20.31701006417113,,0.0,0.0,0.0,69.66666666666666,45.28052817236185,optimal
2021-02-07 14:30:00,20,120,0.0,0.0,0.0,0.4614666666666666,31.3635,6.0,-5,20.30908675107421,,0.0,0.0,0.0,0.0,45.055375865367374,optimal
2021-02-07 15:00:00,20,120,0.0,0.3096296296296296,0.0,0.4589333333333333,33.306,6.0,-5,20.287682495287857,,0.0,0.0,0.0,278.66666666666663,44.830448710679896,optimal
2021-02-07 15:30:00,20,120,0.0,0.1548148148148148,0.0,1.544533333333333,31.3425,6.0,-5,20.265512562304167,,0.0,0.0,0.0,139.33333333333331,44.60574648314711,optimal
2021-02-07 16:00:00,20,120,0.0,0.5418518518518518,0.0,2.5045666666666664,28.2555,6.0,-5,20.252748578123715,,0.0,0.0,0.0,487.6666666666667,44.38126895784185,optimal
2021-02-07 16:30:00,20,120,0.0,0.387037037037037,0.0,0.3314333333333333,15.6975,6.0,-5,20.243714871347905,,0.0,0.0,0.0,348.3333333333333,44.15701591006189,optimal
2021-02-07 17:00:00,20,120,0.0,0.0,0.0,0.2844333333333333,12.5475,6.0,-5,20.22791680299448,,0.0,0.0,0.0,0.0,43.93298711532972,optimal
2021-02-07 17:30:00,20,120,0.0,0.0,0.0,0.078,12.0855,6.0,-5,20.194307645147184,,0.0,0.0,0.0,0.0,43.709182349392286,optimal
2021-02-07 18:00:00,20,120,0.0,0.0,0.0,0.2677333333333332,11.907,6.0,-5,20.15844853413349,,0.0,0.0,0.0,0.0,43.48560138822078,optimal
2021-02-07 18:30:00,20,120,0.0,0.1548148148148148,0.0,0.1787,12.5685,6.0,-5,20.124620831725515,,0.0,0.0,0.0,139.33333333333331,43.26224400801045,optimal
2021-02-07 19:00:00,20,120,0.0,0.0,0.0,0.1643333333333333,13.146,6.0,-5,20.0904716231998,,0.0,0.0,0.0,0.0,43.039109985180325,optimal
2021-02-07 19:30:00,20,120,0.0,0.0,0.0,0.3044666666666666,10.584,6.0,-5,20.05764697445462,,0.0,0.0,0.0,0.0,42.81619909637303,optimal
2021-02-07 20:00:00,20,120,0.0,0.1548148148148148,0.0,0.2372666666666666,6.678,6.0,-5,20.02941192491442,,0.0,0.0,0.0,139.33333333333331,42.59351111845455,optimal
2021-02-07 20:30:00,20,120,0.0,0.0,0.0,0.2838666666666666,7.938,6.0,-5,20.0,,0.0,0.0,0.0,0.0,42.37104582851399,optimal
2021-02-07 21:00:00,20,120,0.0,2.2448148148148146,0.0,0.2208666666666666,5.292,6.0,-5,19.970257273078868,,0.0,0.0,0.0,2020.3333333333333,42.14880300386336,optimal
2021-02-07 21:30:00,20,120,0.0,2.4770370370370367,0.0,0.5942000000000001,9.261,6.0,-5,19.946074562938257,,0.0,0.0,0.0,2229.333333333333,41.92678242203738,optimal
2021-02-07 22:00:00,20,120,0.0,0.0,0.0,0.3331666666666666,10.3635,6.0,-5,19.927228151736585,,0.0,0.0,0.0,0.0,41.704983860793234,optimal
2021-02-07 22:30:00,20,120,0.0,0.3096296296296296,0.0,0.3652333333333333,8.274,6.0,-5,19.90465476067191,,0.0,0.0,0.0,278.66666666666663,41.48340709811033,optimal
2021-02-07 23:00:00,20,120,0.0,0.0,0.0,0.2134666666666666,7.7175,6.0,-5,19.88311451688804,,0.0,0.0,0.0,0.0,41.2620519121901,optimal
2021-02-07 23:30:00,20,120,0.0,0.0,0.0,0.2555,6.615,6.0,-5,19.86080157315136,,0.0,0.0,0.0,0.0,41.22078986027791,optimal
2021-02-08 00:00:00,20,120,1.1428571428571428,0.3096296296296296,0.0,0.1069666666666666,12.936,6.0,-15,19.86080157315136,,4000.0,0.0,0.0,278.66666666666663,41.17956907041764,optimal
2021-02-08 00:30:00,20,120,1.1428571428571428,0.0,0.0,0.2298,13.0095,6.0,-15,19.87705672954449,,4000.0,0.0,0.0,0.0,41.13838950134722,optimal
2021-02-08 01:00:00,20,120,1.1428571428571428,0.0,0.0,0.1576666666666666,13.671,6.0,-15,19.89368427529472,,4000.0,0.0,0.0,0.0,41.09725111184587,optimal
2021-02-08 01:30:00,20,120,1.1428571428571428,0.0,0.0,0.1136666666666666,13.188,6.0,-15,19.908965436858875,,4000.0,0.0,0.0,0.0,41.05615386073403,optimal
2021-02-08 02:00:00,20,120,1.1428571428571428,0.0,0.0,0.055,13.8495,6.0,-15,19.923581151314472,,4000.0,0.0,0.0,0.0,41.01509770687329,optimal
2021-02-08 02:30:00,20,120,1.1428571428571428,0.0,0.0,0.121,13.23,6.0,-15,19.937354063584863,,4000.0,0.0,0.0,0.0,40.974082609166416,optimal
2021-02-08 03:00:00,20,120,1.1428571428571428,0.0,0.0,0.1503333333333333,13.3665,6.0,-15,19.95200283298712,,4000.0,0.0,0.0,0.0,40.93310852655725,optimal
2021-02-08 03:30:00,20,120,1.1428571428571428,0.0,0.0,0.055,13.0515,6.0,-15,19.96707903716099,,4000.0,0.0,0.0,0.0,40.89217541803069,optimal
2021-02-08 04:00:00,20,120,1.1428571428571428,0.0,0.0,0.077,13.5345,6.0,-15,19.980864840281427,,4000.0,0.0,0.0,0.0,40.85128324261266,optimal
2021-02-08 04:30:00,20,120,1.1428571428571428,0.0,0.0,0.1943333333333332,14.154,6.0,-15,19.99479219558857,,4000.0,0.0,0.0,0.0,40.81043195937005,optimal
2021-02-08 05:00:00,20,120,1.1428571428571428,0.0,0.0,0.055,14.112,6.0,-15,20.009923077691106,,4000.0,0.0,0.0,0.0,40.76962152741068,optimal
2021-02-08 05:30:00,20,120,1.1428571428571428,0.0,0.0,0.055,14.2485,6.0,-15,20.02312829909262,,4000.0,0.0,0.0,0.0,40.72885190588327,optimal
2021-02-08 06:00:00,20,120,1.1428571428571428,0.0,5.0,0.1943333333333332,12.789,6.0,-15,20.03620821216954,,4000.0,0.0,0.0,0.0,43.063123053977385,optimal
2021-02-08 06:30:00,20,120,1.1428571428571428,0.0,0.6714731566897195,0.084,13.0095,6.0,-15,20.05086047184347,,4000.0,0.0,0.0,0.0,43.33900968035103,optimal
2021-02-08 07:00:00,20,120,1.1428571428571428,0.1548148148148148,5.0,1.7730666666666666,12.1275,6.0,-15,20.063955159409545,,4000.0,0.0,0.0,139.33333333333331,45.670670670670674,optimal
2021-02-08 07:30:00,20,120,1.1428571428571428,0.2322222222222222,5.0,1.5560999999999998,12.348,6.0,-15,20.08163916218988,,4000.0,0.0,0.0,209.0,48.0,optimal
2021-02-08 08:00:00,20,120,1.1428571428571428,0.0,0.0,2.5885333333333334,12.348,6.0,-15,20.105274720779057,,4000.0,0.0,0.0,0.0,47.84972833524447,optimal
2021-02-08 08:30:00,20,120,0.0,0.8514814814814814,0.0,2.568966666666667,25.389,6.0,-15,20.12669540906884,,0.0,0.0,0.0,766.3333333333333,47.6996069421537,optimal
2021-02-08 09:00:00,20,120,0.0,0.0774074074074074,0.0,0.1886666666666666,29.1375,6.0,-15,20.09719641929859,,0.0,0.0,0.0,69.66666666666666,47.54963567045602,optimal
2021-02-08 09:30:00,20,120,0.0,0.0,0.0,0.2901333333333333,30.597,6.0,-15,20.066587936427126,,0.0,0.0,0.0,0.0,47.39981437003004,optimal
2021-02-08 10:00:00,20,120,0.0,0.0774074074074074,0.0,1.5437,33.684,6.0,-15,20.038122072078128,,0.0,0.0,0.0,69.66666666666666,47.25014289090448,optimal
2021-02-08 10:30:00,20,120,0.0,1.238610074105307,0.0,1.0158,32.445,6.0,-15,20.01375369451534,,0.0,1114.7490666947765,0.0,0.0,47.10062108325805,optimal
2021-02-08 11:00:00,20,120,0.0,2.016196090074012,0.0,1.5638,28.917,6.0,-15,20.0,,0.0,1814.576481066611,0.0,0.0,46.95124879741926,optimal
2021-02-08 11:30:00,20,120,0.5747797369723816,0.0,0.0,0.4045333333333333,15.876,6.0,-15,20.0,,2011.729079403336,0.0,0.0,0.0,46.80202588386632,optimal
2021-02-08 12:00:00,20,120,0.5367690928842286,0.0774074074074074,0.0,1.5786,12.348,6.0,-15,20.0,,1878.6918250948,0.0,0.0,69.66666666666666,46.65295219322692,optimal
2021-02-08 12:30:00,20,120,1.1132983504520897,0.0774074074074074,0.0,0.2154666666666666,12.1275,6.0,-15,20.0,,3896.5442265823135,0.0,0.0,69.66666666666666,46.50402757627817,optimal
2021-02-08 13:00:00,20,120,0.0,0.387037037037037,0.0,0.1329333333333333,12.348,6.0,-15,20.02400393322406,,0.0,0.0,0.0,348.3333333333333,46.355251883946366,optimal
2021-02-08 13:30:00,20,120,0.4610400152350941,0.2322222222222222,0.0,0.5171666666666667,12.1275,6.0,-15,20.0,,1613.640053322829,0.0,0.0,209.0,46.206624967306894,optimal
2021-02-08 14:00:00,20,120,0.546522172671628,0.3096296296296296,0.0,0.2304,12.1275,6.0,-15,20.0,,1912.8276043506976,0.0,0.0,278.66666666666663,46.05814667758406,optimal
2021-02-08 14:30:00,20,120,0.5623234400511062,0.0,0.0,0.3775333333333334,11.2665,6.0,-15,20.0,,1968.132040178872,0.0,0.0,0.0,45.90981686615096,optimal
2021-02-08 15:00:00,20,120,1.1428571428571428,0.2322222222222222,0.0,2.877133333333333,10.143,6.0,-15,20.0,,4000.0,0.0,0.0,209.0,45.76163538452928,optimal
2021-02-08 15:30:00,20,120,0.0,0.2322222222222222,0.0,0.173,11.2455,6.0,-15,20.03450041064999,,0.0,0.0,0.0,209.0,45.61360208438922,optimal
2021-02-08 16:00:00,20,120,0.3905482483522483,0.6192592592592592,0.0,0.1271333333333333,11.025,6.0,-15,20.0095838268564,,1366.918869232869,0.0,0.0,557.3333333333333,45.46571681754931,optimal
2021-02-08 16:30:00,20,120,1.1428571428571428,0.3096296296296296,0.0,0.3493333333333333,5.9745,6.0,-15,20.0,,4000.0,0.0,0.0,278.66666666666663,45.31797943597624,optimal
2021-02-08 17:00:00,20,120,0.7229054093152679,0.0,0.0,0.3488333333333333,7.938,6.0,-15,20.02467856321883,,2530.168932603437,0.0,0.0,0.0,45.17038979178473,optimal
2021-02-08 17:30:00,20,120,0.0,0.1548148148148148,0.0,0.0793,8.6835,6.0,-15,20.02892091753688,,0.0,0.0,0.0,139.33333333333331,45.12521940199294,optimal
2021-02-08 18:00:00,20,120,0.6041076164771124,0.0,0.0,0.4141666666666667,7.665,6.0,-15,20.0,,2114.3766576698936,0.0,0.0,0.0,45.08009418259095,optimal
2021-02-08 18:30:00,20,120,0.6605541781442401,0.2322222222222222,0.0,0.3128666666666667,6.7725,6.0,-15,20.0,,2311.9396235048407,0.0,0.0,209.0,45.03501408840836,optimal
2021-02-08 19:00:00,20,120,0.7356388350495013,0.5418518518518518,0.0,0.1085666666666666,5.5755,6.0,-15,20.0,,2574.7359226732547,0.0,0.0,487.6666666666667,44.98997907431996,optimal
2021-02-08 19:30:00,20,120,0.5676210548099383,0.0774074074074074,0.0,0.686,5.0925,6.0,-15,20.0,,1986.673691834784,0.0,0.0,69.66666666666666,44.94498909524563,optimal
2021-02-08 20:00:00,20,120,0.4904889888560489,0.0,0.0,1.298733333333333,4.1895,6.0,-15,20.0,,1716.7114609961714,0.0,0.0,0.0,44.90004410615039,optimal
2021-02-08 20:30:00,20,120,0.0,1.8577777777777773,0.0,1.2349,7.056,6.0,-15,20.0,,0.0,0.0,0.0,1672.0,44.85514406204424,optimal
2021-02-08 21:00:00,20,120,0.0,0.1548148148148148,0.0,2.0500666666666665,5.271,6.0,-15,19.97272890455659,,0.0,0.0,0.0,139.33333333333331,44.81028891798219,optimal
2021-02-08 21:30:00,20,120,0.0,1.548148148148148,0.0,0.378,7.938,6.0,-15,19.948479120160624,,0.0,0.0,0.0,1393.3333333333333,44.76547862906421,optimal
2021-02-08 22:00:00,20,120,0.0,0.2322222222222222,0.0,0.3067333333333333,7.938,6.0,-15,19.92331960948505,,0.0,0.0,0.0,209.0,44.720713150435145,optimal
2021-02-08 22:30:00,20,120,0.0,0.0,0.0,0.3300333333333333,11.907,6.0,-15,19.896650774441984,,0.0,0.0,0.0,0.0,44.67599243728471,optimal
2021-02-08 23:00:00,20,120,0.0,0.0,0.0,0.1896666666666666,11.025,6.0,-15,19.86656564168237,,0.0,0.0,0.0,0.0,44.63131644484743,optimal
2021-02-08 23:30:00,20,120,0.0,0.0,0.0,0.099,11.2875,6.0,-15,19.832876472817635,,0.0,0.0,0.0,0.0,44.58668512840258,optimal
2021-02-09 00:00:00,20,120,1.1428571428571428,0.0,5.0,0.0546666666666666,11.571,6.0,-11,19.832876472817635,,4000.0,0.0,0.0,0.0,46.91709844327418,optimal
2021-02-09 00:30:00,20,120,1.1428571428571428,0.0,0.0,2.756133333333333,14.3745,6.0,-11,19.846907676689145,,4000.0,0.0,0.0,0.0,46.8701813448309,optimal
2021-02-09 01:00:00,20,120,1.1428571428571428,0.0,3.902643855087493,1.8156666666666668,13.23,6.0,-11,19.86582485604337,,4000.0,0.0,0.0,0.0,48.67706699465263,optimal
2021-02-09 01:30:00,20,120,1.1428571428571428,0.0,0.0,0.5066333333333334,13.9755,6.0,-11,19.88461889350446,,4000.0,0.0,0.0,0.0,48.62838992765797,optimal
2021-02-09 02:00:00,20,120,1.1428571428571428,0.0,0.0,1.1372,14.994,6.0,-11,19.90597021650409,,4000.0,0.0,0.0,0.0,48.57976153773031,optimal
2021-02-09 02:30:00,20,120,1.1428571428571428,0.0,0.0,1.6840666666666666,13.671,6.0,-11,19.926111969297093,,4000.0,0.0,0.0,0.0,48.53118177619257,optimal
2021-02-09 03:00:00,20,120,1.1428571428571428,0.0,0.0,0.7570333333333333,15.981,6.0,-11,19.94769943103288,,4000.0,0.0,0.0,0.0,48.48265059441637,optimal
2021-02-09 03:30:00,20,120,1.1428571428571428,0.2322222222222222,0.0,3.2320333333333333,15.6345,6.0,-11,19.96709765108432,,4000.0,0.0,0.0,209.0,48.434167943821954,optimal
2021-02-09 04:00:00,20,120,0.1030642177474579,0.1548148148148148,0.0,1.6494000000000002,16.5375,6.0,-11,19.99332192866205,,360.72476211610285,0.0,0.0,139.33333333333331,48.38573377587813,optimal
2021-02-09 04:30:00,20,120,1.1428571428571428,0.387037037037037,0.0,1.7391,14.7735,6.0,-11,19.97044146779797,,4000.0,0.0,0.0,348.3333333333333,48.33734804210225,optimal
2021-02-09 05:00:00,20,120,1.1428571428571428,0.0,0.0,0.064,15.2145,6.0,-11,19.99911925904845,,4000.0,0.0,0.0,0.0,48.28901069406015,optimal
2021-02-09 05:30:00,20,120,1.1428571428571428,0.0,0.0,0.136,14.553,6.0,-11,20.01113565199926,,4000.0,0.0,0.0,0.0,48.24072168336608,optimal
2021-02-09 06:00:00,20,120,1.1428571428571428,0.3096296296296296,0.0,0.2876666666666667,14.3325,6.0,-11,20.024005350408206,,4000.0,0.0,0.0,278.66666666666663,48.19248096168271,optimal
2021-02-09 06:30:00,20,120,1.1428571428571428,2.012592592592592,0.0,1.3886666666666667,14.595,6.0,-11,20.039346914193096,,4000.0,0.0,0.0,1811.333333333333,48.144288480721016,optimal
2021-02-09 07:00:00,20,120,1.1428571428571428,0.1548148148148148,0.0,0.2058333333333332,14.994,6.0,-11,20.065670043401845,,4000.0,0.0,0.0,139.33333333333331,48.096144192240295,optimal
2021-02-09 07:30:00,20,120,1.1428571428571428,0.2322222222222222,0.0,3.4934333333333334,14.3325,6.0,-11,20.08468797918669,,4000.0,0.0,0.0,209.0,48.048048048048045,optimal
2021-02-09 08:00:00,20,120,1.1428571428571428,0.2322222222222222,0.0,1.5598,13.8915,6.0,-11,20.110108356904828,,4000.0,0.0,0.0,209.0,48.0,optimal
2021-02-09 08:30:00,20,120,1.1428571428571428,0.0,0.0,0.2423333333333333,13.8915,6.0,-11,20.12736983187048,,4000.0,0.0,0.0,0.0,47.49576970131496,optimal
2021-02-09 09:00:00,20,120,1.1428571428571428,0.0,0.0,0.108,13.4715,6.0,-11,20.13899277373642,,4000.0,0.0,0.0,0.0,46.9920436329286,optimal
2021-02-09 09:30:00,20,120,1.1428571428571428,0.2322222222222222,0.0,2.4975666666666667,13.23,6.0,-11,20.15093388763115,,4000.0,0.0,0.0,209.0,46.48882129061063,optimal
2021-02-09 10:00:00,20,120,1.1428571428571428,0.0,0.0,2.056766666666667,13.8915,6.0,-11,20.17068090576468,,4000.0,0.0,0.0,0.0,45.98610217063498,optimal
2021-02-09 10:30:00,20,120,0.0,0.0,0.0,0.188,26.9325,6.0,-11,20.194221381730248,,0.0,0.0,0.0,0.0,45.4838857697793,optimal
2021-02-09 11:00:00,20,120,0.0,0.0,0.0,0.2361333333333333,30.303,6.0,-11,20.16215763330925,,0.0,0.0,0.0,0.0,44.98217158532448,optimal
2021-02-09 11:30:00,20,120,0.0,0.0,0.0,0.2415999999999999,32.886,6.0,-11,20.13380652761513,,0.0,0.0,0.0,0.0,44.48095911505411,optimal
2021-02-09 12:00:00,20,120,0.0,0.0,0.0,0.2399,34.9965,6.0,-11,20.10556235340288,,0.0,0.0,0.0,0.0,43.980247857254014,optimal
2021-02-09 12:30:00,20,120,0.0,0.0,0.0,0.2126666666666666,33.327,6.0,-11,20.0791289612548,,0.0,0.0,0.0,0.0,43.48003731071172,optimal
2021-02-09 13:00:00,20,120,0.0,0.0,0.0,0.0776666666666666,31.122,6.0,-11,20.05344662787551,,0.0,0.0,0.0,0.0,42.98032697471596,optimal
2021-02-09 13:30:00,20,120,0.0,0.0,0.0,0.1141666666666666,17.9025,6.0,-11,20.02652386220768,,0.0,0.0,0.0,0.0,42.4811163490562,optimal
2021-02-09 14:00:00,20,120,0.6011861588906726,0.0,0.0,0.2361666666666666,15.6555,6.0,-11,20.0,,2104.151556117354,0.0,0.0,0.0,41.9824049340221,optimal
2021-02-09 14:30:00,20,120,0.652701501985408,0.0,0.0,0.064,14.553,6.0,-11,20.0,,2284.455256948928,0.0,0.0,0.0,41.48419223040303,optimal
2021-02-09 15:00:00,20,120,0.7058032502746457,0.0,0.0,0.064,14.3325,6.0,-11,20.0,,2470.31137596126,0.0,0.0,0.0,40.98647773948758,optimal
2021-02-09 15:30:00,20,120,0.6852318217032105,0.0,0.0,0.136,13.335,6.0,-11,20.0,,2398.3113759612365,0.0,0.0,0.0,40.48926096306305,optimal
2021-02-09 16:00:00,20,120,1.1428571428571428,0.1548148148148148,0.0,0.8894,12.1275,6.0,-11,20.0,,4000.0,0.0,0.0,139.33333333333331,39.99254140341495,optimal
2021-02-09 16:30:00,20,120,0.0797362471591129,0.5418518518518518,0.0,0.3173999999999999,12.2955,6.0,-11,20.02102952368712,,279.0768650568953,0.0,0.0,487.6666666666667,39.49631856332649,optimal
2021-02-09 17:00:00,20,120,0.6081742062930645,0.1548148148148148,0.0,0.2446333333333333,11.6865,6.0,-11,20.0,,2128.6097220257257,0.0,0.0,139.33333333333331,39.00059194607813,optimal
2021-02-09 17:30:00,20,120,0.5241287020063986,6.270000000000001,0.0,2.385,11.466,6.0,-11,20.0,,1834.4504570223955,0.0,0.0,5643.000000000001,38.50536105544701,optimal
2021-02-09 18:00:00,20,120,1.1428571428571428,0.4644444444444444,0.0,1.7140666666666666,10.8045,6.0,-11,20.0,,4000.0,0.0,0.0,418.0,38.01062539570651,optimal
2021-02-09 18:30:00,20,120,1.1428571428571428,0.3096296296296296,0.0,0.9276,10.584,6.0,-11,20.024152488057503,,4000.0,0.0,0.0,278.66666666666663,37.972614770310805,optimal
2021-02-09 19:00:00,20,120,0.4279811139523178,0.1548148148148148,0.0,0.1916333333333333,11.2455,6.0,-11,20.05156967892932,,1497.9338988331124,0.0,0.0,139.33333333333331,37.934642155540494,optimal
2021-02-09 19:30:00,20,120,0.0,0.5418518518518518,0.0,0.3429,12.1275,6.0,-11,20.046851704633536,,0.0,0.0,0.0,487.6666666666667,37.89670751338495,optimal
2021-02-09 20:00:00,20,120,0.0,0.4644444444444444,0.0,1.7345666666666666,11.823,6.0,-11,20.02324420199923,,0.0,0.0,0.0,418.0,37.85881080587157,optimal
2021-02-09 20:30:00,20,120,0.0,0.2322222222222222,0.0,0.9882,11.7705,6.0,-11,20.0,,0.0,0.0,0.0,209.0,37.8209519950657,optimal
2021-02-09 21:00:00,20,120,0.0,0.0,0.0,0.3820333333333333,11.13,6.0,-11,19.977485707671697,,0.0,0.0,0.0,0.0,37.78313104307063,optimal
2021-02-09 21:30:00,20,120,0.0,0.1548148148148148,0.0,0.321,11.6865,6.0,-11,19.955525345551848,,0.0,0.0,0.0,139.33333333333331,37.74534791202756,optimal
2021-02-09 22:00:00,20,120,0.0,0.0,0.0,0.4221,10.7205,6.0,-11,19.931546682338613,,0.0,0.0,0.0,0.0,37.70760256411553,optimal
2021-02-09 22:30:00,20,120,0.0,0.0,0.0,0.2065,11.424,6.0,-11,19.904775673786528,,0.0,0.0,0.0,0.0,37.66989496155141,optimal
2021-02-09 23:00:00,20,120,0.0,0.0,0.0,0.064,10.689,6.0,-11,19.87222487958828,,0.0,0.0,0.0,0.0,37.63222506658986,optimal
2021-02-09 23:30:00,20,120,0.0,0.0,0.0,0.2863333333333333,11.361,6.0,-11,19.83698504882254,,0.0,0.0,0.0,0.0,37.59459284152327,optimal
2021-02-10 00:00:00,20,120,1.1428571428571428,0.0,0.0,0.1795999999999999,14.217,6.0,5,19.83698504882254,,4000.0,0.0,0.0,0.0,37.55699824868175,optimal
2021-02-10 00:30:00,20,120,1.1428571428571428,0.0,0.0,0.072,13.3665,6.0,5,19.851481007840054,,4000.0,0.0,0.0,0.0,37.51944125043307,optimal
2021-02-10 01:00:00,20,120,1.1428571428571428,0.0,0.0,0.1090999999999999,12.789,6.0,5,19.86432951020089,,4000.0,0.0,0.0,0.0,37.48192180918264,optimal
2021-02-10 01:30:00,20,120,1.1428571428571428,0.0,0.0,0.1515,11.907,6.0,5,19.877406248245794,,4000.0,0.0,0.0,0.0,37.444439887373456,optimal
2021-02-10 02:00:00,20,120,1.1428571428571428,0.0,0.0,0.072,11.7075,6.0,5,19.8907753359023,,4000.0,0.0,0.0,0.0,37.40699544748608,optimal
2021-02-10 02:30:00,20,120,1.1428571428571428,0.0,5.0,0.072,10.8045,6.0,5,19.90295116592925,,4000.0,0.0,0.0,0.0,39.7445884520386,optimal
2021-02-10 03:00:00,20,120,1.1428571428571428,0.0,0.0,0.1621,11.508,6.0,5,19.915102856607778,,4000.0,0.0,0.0,0.0,39.70484386358656,optimal
2021-02-10 03:30:00,20,120,1.1428571428571428,0.0,0.0,0.0985,11.508,6.0,5,19.928328084920643,,4000.0,0.0,0.0,0.0,39.66513901972297,optimal
2021-02-10 04:00:00,20,120,1.1428571428571428,0.0,2.9907092107339697,0.072,11.508,6.0,5,19.940752296357623,,4000.0,0.0,0.0,0.0,41.04606075580188,optimal
2021-02-10 04:30:00,20,120,1.1428571428571428,0.0,0.0,0.072,11.844,6.0,5,19.95282904391885,,4000.0,0.0,0.0,0.0,41.00501469504607,optimal
2021-02-10 05:00:00,20,120,1.1428571428571428,0.0,5.0,0.072,11.508,6.0,5,19.96468359228274,,4000.0,0.0,0.0,0.0,43.33900968035103,optimal
2021-02-10 05:30:00,20,120,1.1428571428571428,0.0,5.0,0.1886,11.508,6.0,5,19.976316381973167,,4000.0,0.0,0.0,0.0,45.670670670670674,optimal
2021-02-10 06:00:00,20,120,1.1428571428571428,2.2448148148148146,5.0,0.07,10.4475,6.0,5,19.989148313861204,,4000.0,0.0,0.0,2020.3333333333333,48.0,optimal
2021-02-10 06:30:00,20,120,1.1428571428571428,0.0,0.0,0.3701666666666667,10.8675,6.0,5,20.003731713267115,,4000.0,0.0,0.0,0.0,47.822007414222256,optimal
2021-02-10 07:00:00,20,120,1.1428571428571428,0.8514814814814814,0.0,0.241,10.542,6.0,5,20.02225335753981,,4000.0,0.0,0.0,766.3333333333333,47.64419282103029,optimal
2021-02-10 07:30:00,20,120,1.1428571428571428,0.0774074074074074,0.0,0.3136,11.025,6.0,5,20.0416647259912,,4000.0,0.0,0.0,69.66666666666666,47.46655604243151,optimal
2021-02-10 08:00:00,20,120,1.1428571428571428,0.6966666666666667,0.0,0.8534333333333333,11.025,6.0,5,20.06333353072025,,4000.0,0.0,0.0,627.0,47.28909690061134,optimal
2021-02-10 08:30:00,20,120,1.1428571428571428,0.0,0.0,0.5771666666666666,14.553,6.0,5,20.089960243980755,,4000.0,0.0,0.0,0.0,47.111815217932985,optimal
2021-02-10 09:00:00,20,120,1.1428571428571428,0.0,0.0,0.2905,13.0935,6.0,5,20.115227995175324,,4000.0,0.0,0.0,0.0,46.93471081693731,optimal
2021-02-10 09:30:00,20,120,1.1428571428571428,0.4644444444444444,0.0,2.5574,15.6345,6.0,5,20.13693057246706,,4000.0,0.0,0.0,418.0,46.75778352034264,optimal
2021-02-10 10:00:00,20,120,0.0,0.387037037037037,0.0,3.0986,18.102,6.0,5,20.16920510389262,,0.0,0.0,0.0,348.3333333333333,46.58103315104455,optimal
2021-02-10 10:30:00,20,120,0.0,0.1548148148148148,0.0,2.9125,17.199,6.0,5,20.154752304392805,,0.0,0.0,0.0,139.33333333333331,46.404459532115766,optimal
2021-02-10 11:00:00,20,120,0.0,0.8514814814814814,0.0,1.0024,18.2805,6.0,5,20.141320992272885,,0.0,0.0,0.0,766.3333333333333,46.22806248680591,optimal
2021-02-10 11:30:00,20,120,0.0,0.4644444444444444,0.0,2.2866,17.4615,6.0,5,20.12693512405188,,0.0,0.0,0.0,418.0,46.05184183854136,optimal
2021-02-10 12:00:00,20,120,0.0,0.0774074074074074,0.0,0.8665666666666667,18.3225,6.0,5,20.125533545266247,,0.0,0.0,0.0,69.66666666666666,45.87579741092508,optimal
2021-02-10 12:30:00,20,120,0.0,0.9288888888888888,0.0,1.0669333333333333,17.094,6.0,5,20.11483538665439,,0.0,0.0,0.0,836.0,45.69992902773642,optimal
2021-02-10 13:00:00,20,120,0.0,0.3096296296296296,0.0,0.3915666666666667,17.094,6.0,5,20.10556387414506,,0.0,0.0,0.0,278.66666666666663,45.52423651293094,optimal
2021-02-10 13:30:00,20,120,0.0,0.0,0.0,0.2813666666666666,17.094,6.0,5,20.08594151417502,,0.0,0.0,0.0,0.0,45.348719690640266,optimal
2021-02-10 14:00:00,20,120,0.0,0.0,0.0,0.2854666666666666,17.3565,6.0,5,20.06481757676589,,0.0,0.0,0.0,0.0,45.17337838517188,optimal
2021-02-10 14:30:00,20,120,0.8852897537892079,0.0,0.0,0.2707666666666666,17.115,6.0,5,20.04237032948662,,3098.514138262228,0.0,0.0,0.0,44.998212421008965,optimal
2021-02-10 15:00:00,20,120,0.0,0.0,0.0,0.239,17.241,6.0,5,20.057694038036427,,0.0,0.0,0.0,0.0,44.823221622810216,optimal
2021-02-10 15:30:00,20,120,1.1428571428571428,0.387037037037037,0.0,1.4872999999999998,17.094,6.0,5,20.03522089763689,,4000.0,0.0,0.0,348.3333333333333,44.64840581540966,optimal
2021-02-10 16:00:00,20,120,1.1428571428571428,0.5418518518518518,0.0,0.6517333333333334,16.5165,6.0,5,20.06863038879782,,4000.0,0.0,0.0,487.6666666666667,44.47376482381651,optimal
2021-02-10 16:30:00,20,120,0.0,0.0,0.0,0.4543333333333333,17.8185,6.0,5,20.0999191896411,,0.0,0.0,0.0,0.0,44.29929847321496,optimal
2021-02-10 17:00:00,20,120,1.1428571428571428,0.1548148148148148,0.0,0.305,17.094,6.0,5,20.07977478590676,,4000.0,0.0,0.0,139.33333333333331,44.125006588964,optimal
2021-02-10 17:30:00,20,120,1.1428571428571428,0.2322222222222222,0.0,0.4817333333333333,16.8945,6.0,5,20.10281102785268,,4000.0,0.0,0.0,209.0,43.95088899659729,optimal
2021-02-10 18:00:00,20,120,0.0,0.0774074074074074,0.0,0.5922999999999999,18.123,6.0,5,20.1272409473304,,0.0,0.0,0.0,69.66666666666666,43.77694552182295,optimal
2021-02-10 18:30:00,20,120,0.0,6.347407407407408,0.0,0.4469333333333333,31.647,6.0,5,20.1059594015572,,0.0,0.0,0.0,5712.666666666667,43.60317599052339,optimal
2021-02-10 19:00:00,20,120,0.0,0.6192592592592592,0.0,0.3088,34.9965,6.0,5,20.08297233301064,,0.0,0.0,0.0,557.3333333333333,43.42958022875512,optimal
2021-02-10 19:30:00,20,120,0.0,0.4644444444444444,0.0,0.3641,34.9965,6.0,5,20.05568706565464,,0.0,0.0,0.0,418.0,43.25615806274863,optimal
2021-02-10 20:00:00,20,120,0.0,0.2322222222222222,0.0,0.4488,34.9965,6.0,5,20.02871312115261,,0.0,0.0,0.0,209.0,43.082909318908136,optimal
2021-02-10 20:30:00,20,120,0.0,0.0774074074074074,0.0,0.3767333333333333,34.9965,6.0,5,20.0,,0.0,0.0,0.0,69.66666666666666,42.90983382381149,optimal
2021-02-10 21:00:00,20,120,0.0,0.4644444444444444,0.0,0.2665,34.9965,6.0,5,19.96878303078337,,0.0,0.0,0.0,418.0,42.86692398998768,optimal
2021-02-10 21:30:00,20,120,0.0,0.0,0.0,0.4127666666666666,27.741,6.0,5,19.936238712879497,,0.0,0.0,0.0,0.0,42.824057065997685,optimal
2021-02-10 22:00:00,20,120,0.0,0.0,0.0,0.0773,19.026,6.0,5,19.903486348496497,,0.0,0.0,0.0,0.0,42.781233008931686,optimal
2021-02-10 22:30:00,20,120,0.0,0.0,0.0,0.072,18.7215,6.0,5,19.86023145791445,,0.0,0.0,0.0,0.0,42.73845177592276,optimal
2021-02-10 23:00:00,20,120,0.0,0.0,0.0,0.1886,17.4195,6.0,5,19.8165021157376,,0.0,0.0,0.0,0.0,42.69571332414683,optimal
2021-02-10 23:30:00,20,120,0.0,0.0,0.0,0.071,16.758,6.0,5,19.77378429023572,,0.0,0.0,0.0,0.0,42.65301761082268,optimal
2021-02-11 00:00:00,20,120,1.1428571428571428,0.0,0.0,0.1714,19.1835,6.0,-18,19.77378429023572,,4000.0,0.0,0.0,0.0,42.610364593211855,optimal
2021-02-11 00:30:00,20,120,1.1428571428571428,0.0,0.0,0.0818,19.6665,6.0,-18,19.779152610718377,,4000.0,0.0,0.0,0.0,42.56775422861865,optimal
2021-02-11 01:00:00,20,120,1.1428571428571428,0.0,0.0,0.1247333333333333,19.404,6.0,-18,19.783617006501,,4000.0,0.0,0.0,0.0,42.525186474390026,optimal
2021-02-11 01:30:00,20,120,1.1428571428571428,0.0,0.0,0.1836666666666666,19.047,6.0,-18,19.78879383622712,,4000.0,0.0,0.0,0.0,42.48266128791563,optimal
2021-02-11 02:00:00,20,120,1.1428571428571428,0.0,0.0,0.1018,18.858,6.0,-18,19.79467834865721,,4000.0,0.0,0.0,0.0,42.44017862662772,optimal
2021-02-11 02:30:00,20,120,1.1428571428571428,0.0,0.0,0.1561999999999999,19.2675,6.0,-18,19.79955386683913,,4000.0,0.0,0.0,0.0,42.39773844800109,optimal
2021-02-11 03:00:00,20,120,1.1428571428571428,0.0,0.0,0.1460666666666666,18.963,6.0,-18,19.804884182185305,,4000.0,0.0,0.0,0.0,42.35534070955309,optimal
2021-02-11 03:30:00,20,120,1.1428571428571428,0.0,0.0,0.1119333333333333,18.438,6.0,-18,19.80988222581538,,4000.0,0.0,0.0,0.0,42.312985368843535,optimal
2021-02-11 04:00:00,20,120,1.1428571428571428,0.0,0.0,0.1658,18.7425,6.0,-18,19.81495017724288,,4000.0,0.0,0.0,0.0,42.27067238347469,optimal
2021-02-11 04:30:00,20,120,1.1428571428571428,0.0,5.0,0.1202,15.2145,6.0,-18,19.8211599440754,,4000.0,0.0,0.0,0.0,44.603401711091216,optimal
2021-02-11 05:00:00,20,120,1.1428571428571428,0.0,0.0,0.149,17.7765,6.0,-18,19.826801884803547,,4000.0,0.0,0.0,0.0,44.55879830938012,optimal
2021-02-11 05:30:00,20,120,1.1428571428571428,0.0,0.0,0.1134,16.758,6.0,-18,19.832783491514554,,4000.0,0.0,0.0,0.0,44.51423951107074,optimal
2021-02-11 06:00:00,20,120,1.1428571428571428,0.0,5.0,0.1446,16.422,6.0,-18,19.838815188610614,,4000.0,0.0,0.0,0.0,46.84472527155967,optimal
2021-02-11 06:30:00,20,120,1.1428571428571428,0.0,3.240984201713987,0.1619333333333333,16.758,6.0,-18,19.84571065731212,,4000.0,0.0,0.0,0.0,48.33734804210225,optimal
2021-02-11 07:00:00,20,120,0.0,0.0,0.0,0.1301999999999999,29.358,6.0,-18,19.853209919461097,,0.0,0.0,0.0,0.0,48.28901069406015,optimal
2021-02-11 07:30:00,20,120,0.0,20.805863648180512,0.0,0.1908666666666666,34.9965,6.0,-18,19.812041509041705,,0.0,18725.277283362462,0.0,0.0,48.24072168336608,optimal
2021-02-11 08:00:00,20,120,0.0,3.7646753369679846,0.0,0.111,34.65,6.0,-18,20.0,,0.0,3388.207803271186,0.0,0.0,48.19248096168271,optimal
2021-02-11 08:30:00,20,120,0.0,3.7766876730732393,0.0,0.1245999999999999,34.9965,6.0,-18,20.0,,0.0,3399.0189057659154,0.0,0.0,48.144288480721016,optimal
2021-02-11 09:00:00,20,120,0.0,4.987197322311153,0.0,0.1625,34.9965,6.0,-18,20.0,,0.0,3025.4775900800378,0.0,1463.0,48.096144192240295,optimal
2021-02-11 09:30:00,20,120,0.0,3.155876439966295,0.0,0.1066666666666666,30.4815,6.0,-18,20.0,,0.0,2840.288795969665,0.0,0.0,48.048048048048045,optimal
2021-02-11 10:00:00,20,120,0.5568406856773167,0.0,0.0,1.4899,21.4305,6.0,-18,20.0,,1948.9423998706088,0.0,0.0,0.0,48.0,optimal
2021-02-11 10:30:00,20,120,0.6738743266238887,0.2322222222222222,0.0,0.5011333333333333,14.3325,6.0,-18,20.0,,2358.5601431836103,0.0,0.0,209.0,47.94222232912543,optimal
2021-02-11 11:00:00,20,120,1.140241727500647,0.0,0.0,1.3360999999999998,13.692,6.0,-18,20.0,,3990.846046252263,0.0,0.0,0.0,47.88450243592173,optimal
2021-02-11 11:30:00,20,120,0.0,0.0774074074074074,0.0,0.2891,14.007,6.0,-18,20.024117519518825,,0.0,0.0,0.0,69.66666666666666,47.82684026261124,optimal
2021-02-11 12:00:00,20,120,0.2256337767897463,0.2322222222222222,0.0,1.6101666666666667,12.873,6.0,-18,20.0,,789.7182187641121,0.0,0.0,209.0,47.76923575147406,optimal
2021-02-11 12:30:00,20,120,0.4504371737007741,0.0,0.0,0.3327333333333332,12.684,6.0,-18,20.0,,1576.5301079527094,0.0,0.0,0.0,47.71168884484802,optimal
2021-02-11 13:00:00,20,120,0.4408413036219912,0.0,0.0,0.4271333333333333,12.306,6.0,-18,20.0,,1542.944562676969,0.0,0.0,0.0,47.6541994851286,optimal
2021-02-11 13:30:00,20,120,1.1428571428571428,0.0,0.0,1.9408333333333327,10.6365,6.0,-18,20.0,,4000.0,0.0,0.0,0.0,47.5967676147689,optimal
2021-02-11 14:00:00,20,120,0.0,0.0,0.0,0.2569333333333333,11.2455,6.0,-18,20.035787048487727,,0.0,0.0,0.0,0.0,47.53939317627956,optimal
2021-02-11 14:30:00,20,120,0.5396340067661651,0.0,0.0,0.3067666666666666,11.2455,6.0,-18,20.01391811508751,,1888.719023681578,0.0,0.0,0.0,47.48207611222871,optimal
2021-02-11 15:00:00,20,120,1.1428571428571428,0.0,0.0,0.4893,11.025,6.0,-18,20.013629375330453,,4000.0,0.0,0.0,0.0,47.42481636524191,optimal
2021-02-11 15:30:00,20,120,0.0,2.70925925925926,0.0,0.6636333333333333,12.0855,6.0,-18,20.03881795080609,,0.0,0.0,0.0,2438.333333333333,47.367613878002096,optimal
2021-02-11 16:00:00,20,120,0.0,0.0,0.0,0.5254,11.6865,6.0,-18,20.02051404638124,,0.0,0.0,0.0,0.0,47.31046859324952,optimal
2021-02-11 16:30:00,20,120,0.5427460329702041,0.387037037037037,0.0,0.347,11.2245,6.0,-18,20.0,,1899.6111153957145,0.0,0.0,348.3333333333333,47.2533804537817,optimal
2021-02-11 17:00:00,20,120,0.6680905576318125,0.0774074074074074,0.0,0.4038,11.025,6.0,-18,20.0,,2338.316951711344,0.0,0.0,69.66666666666666,47.19634940245335,optimal
2021-02-11 17:30:00,20,120,1.1428571428571428,2.5544444444444445,0.0,0.4849,10.7835,6.0,-18,20.0,,4000.0,0.0,0.0,2299.0,47.139375382176326,optimal
2021-02-11 18:00:00,20,120,0.2451363969843784,0.2322222222222222,0.0,1.0789666666666666,11.025,6.0,-18,20.02087586323951,,857.9773894453245,0.0,0.0,209.0,47.08245833591958,optimal
2021-02-11 18:30:00,20,120,1.1428571428571428,0.774074074074074,0.0,0.5560333333333333,10.584,6.0,-18,20.00309266393024,,4000.0,0.0,0.0,696.6666666666666,47.02559820670909,optimal
2021-02-11 19:00:00,20,120,1.1428571428571428,0.4644444444444444,0.0,0.3308,11.025,6.0,-18,20.01518284928951,,4000.0,0.0,0.0,418.0,46.96879493762781,optimal
2021-02-11 19:30:00,20,120,1.1428571428571428,0.0,0.0,0.1258,10.4265,6.0,-18,20.023970842247834,,4000.0,0.0,0.0,0.0,46.912048471815616,optimal
2021-02-11 20:00:00,20,120,0.0,0.2322222222222222,0.0,2.786633333333333,12.789,6.0,-18,20.028490677626216,,0.0,0.0,0.0,209.0,46.85535875246923,optimal
2021-02-11 20:30:00,20,120,0.0,0.387037037037037,0.0,1.1061333333333334,12.684,6.0,-18,20.0,,0.0,0.0,0.0,348.3333333333333,46.79872572284219,optimal
2021-02-11 21:00:00,20,120,0.0,0.387037037037037,0.0,0.1804666666666666,16.254,6.0,-18,19.95993005379052,,0.0,0.0,0.0,348.3333333333333,46.74214932624478,optimal
2021-02-11 21:30:00,20,120,0.0,0.0,0.0,0.2976,17.64,6.0,-18,19.91516594713557,,0.0,0.0,0.0,0.0,46.685629506043966,optimal
2021-02-11 22:00:00,20,120,0.0,0.0,0.0,0.2627333333333333,19.1625,6.0,-18,19.87265245749662,,0.0,0.0,0.0,0.0,46.63894387653792,optimal
2021-02-11 22:30:00,20,120,0.0,0.0,0.0,0.3092666666666666,26.46,6.0,-18,19.83135977566215,,0.0,0.0,0.0,0.0,46.592304932661385,optimal
2021-02-11 23:00:00,20,120,0.0,0.0,0.0,1.1919666666666666,20.79,6.0,-18,19.79115224322963,,0.0,0.0,0.0,0.0,46.545712627728726,optimal
2021-02-11 23:30:00,20,120,0.0,0.0,0.0,0.0849333333333333,29.106,6.0,-18,19.747427290548394,,0.0,0.0,0.0,0.0,46.499166915101,optimal
2021-02-12 00:00:00,20,120,1.1428571428571428,0.0,0.0,0.059,14.595,6.0,-18,19.747427290548394,,4000.0,0.0,0.0,0.0,46.4526677481859,optimal
2021-02-12 00:30:00,20,120,1.1428571428571428,0.0,0.0,0.059,14.637,6.0,-18,19.74616621337598,,4000.0,0.0,0.0,0.0,46.40621508043772,optimal
2021-02-12 01:00:00,20,120,1.1428571428571428,0.0,0.0,0.1238,13.9125,6.0,-18,19.74490763636833,,4000.0,0.0,0.0,0.0,46.35980886535728,optimal
2021-02-12 01:30:00,20,120,1.1428571428571428,0.0,0.0,0.059,13.3665,6.0,-18,19.744440970409983,,4000.0,0.0,0.0,0.0,46.313449056491926,optimal
2021-02-12 02:00:00,20,120,1.1428571428571428,0.0,0.0,0.113,13.0095,6.0,-18,19.743384070091096,,4000.0,0.0,0.0,0.0,46.26713560743544,optimal
2021-02-12 02:30:00,20,120,1.1428571428571428,0.0,0.0,0.0698,13.8915,6.0,-18,19.743185367964063,,4000.0,0.0,0.0,0.0,46.220868471828,optimal
2021-02-12 03:00:00,20,120,1.1428571428571428,0.0,0.0,0.1022,13.188,6.0,-18,19.743055551407377,,4000.0,0.0,0.0,0.0,46.17464760335617,optimal
2021-02-12 03:30:00,20,120,1.1428571428571428,0.0,0.0,0.0805999999999999,12.5685,6.0,-18,19.74391546899922,,4000.0,0.0,0.0,0.0,46.12847295575281,optimal
2021-02-12 04:00:00,20,120,1.1428571428571428,0.0,0.0,0.0698,12.285,6.0,-18,19.74589833713957,,4000.0,0.0,0.0,0.0,46.08234448279706,optimal
2021-02-12 04:30:00,20,120,1.1428571428571428,0.0,0.0,0.113,11.487,6.0,-18,19.74913349881526,,4000.0,0.0,0.0,0.0,46.03626213831426,optimal
2021-02-12 05:00:00,20,120,1.1428571428571428,0.0,0.0,0.059,11.802,6.0,-18,19.754276317810024,,4000.0,0.0,0.0,0.0,45.99022587617595,optimal
2021-02-12 05:30:00,20,120,1.1428571428571428,0.0,0.0,0.1238,11.2245,6.0,-18,19.7601388883114,,4000.0,0.0,0.0,0.0,45.944235650299774,optimal
2021-02-12 06:00:00,20,120,1.1428571428571428,0.0,4.728414875940112,0.0593333333333333,11.025,6.0,-18,19.76836530202858,,4000.0,0.0,0.0,0.0,48.144288480721016,optimal
2021-02-12 06:30:00,20,120,1.1428571428571428,0.0,0.0,0.069,11.907,6.0,-18,19.77737204081125,,4000.0,0.0,0.0,0.0,48.096144192240295,optimal
2021-02-12 07:00:00,20,120,0.0,0.0,0.0,0.1358,25.83,6.0,-18,19.78655917945425,,0.0,0.0,0.0,0.0,48.048048048048045,optimal
2021-02-12 07:30:00,20,120,0.0,29.62808131035884,0.0,0.069,28.035,6.0,-18,19.74884728881501,,0.0,23878.60651265629,0.0,2786.6666666666665,48.0,optimal
2021-02-12 08:00:00,20,120,0.0,4.548277729514959,0.0,0.2376,28.119,6.0,-18,20.0,,0.0,3327.1166232301302,0.0,766.3333333333333,47.850542657542974,optimal
2021-02-12 08:30:00,20,120,0.0,4.006308992470369,0.0,0.067,30.156,6.0,-18,20.0,,0.0,3466.3447598899984,0.0,139.33333333333331,47.70123477242841,optimal
2021-02-12 09:00:00,20,120,0.0,3.5402559819461192,0.0,0.149,29.1585,6.0,-18,20.0,,0.0,3186.230383751508,0.0,0.0,47.55207619519896,optimal
2021-02-12 09:30:00,20,120,0.0,2.3167417190662296,0.0,1.5726,26.712,6.0,-18,20.0,,0.0,1876.0675471596064,0.0,209.0,47.40306677654674,optimal
2021-02-12 10:00:00,20,120,0.519552561280448,0.4644444444444444,0.0,0.6970333333333333,15.435,6.0,-18,20.0,,1818.433964481568,0.0,0.0,418.0,47.25420636731317,optimal
2021-02-12 10:30:00,20,120,0.6038812450939237,0.0,0.0,0.1414,13.566,6.0,-18,20.0,,2113.5843578287327,0.0,0.0,0.0,47.10549481848883,optimal
2021-02-12 11:00:00,20,120,0.4539536333982102,0.3096296296296296,0.0,0.3712666666666666,12.789,6.0,-18,20.0,,1588.837716893736,0.0,0.0,278.66666666666663,46.95693198121332,optimal
2021-02-12 11:30:00,20,120,0.7140354404264787,0.0,0.0,1.4301333333333337,12.1275,6.0,-18,20.0,,2499.124041492675,0.0,0.0,0.0,46.80851770677508,optimal
2021-02-12 12:00:00,20,120,0.0,0.0,0.0,0.7283666666666667,13.671,6.0,-18,20.0179455258665,,0.0,0.0,0.0,0.0,46.66025184661128,optimal
2021-02-12 12:30:00,20,120,1.0383763248615647,1.820622222222222,0.0,1.0137333333333332,10.668,6.0,-18,20.0,,3634.317137015476,0.0,0.0,1638.56,46.512134252307646,optimal
2021-02-12 13:00:00,20,120,0.0,3.4430814814814816,0.0,0.8406,11.7285,6.0,-18,20.03298862342699,,0.0,0.0,0.0,3098.773333333333,46.36416477559831,optimal
2021-02-12 13:30:00,20,120,0.0,0.0774074074074074,0.0,0.2959333333333333,11.025,6.0,-18,20.0202830591741,,0.0,0.0,0.0,69.66666666666666,46.21634326836569,optimal
2021-02-12 14:00:00,20,120,0.9641415266195758,0.0,0.0,0.487,10.689,6.0,-18,20.0,,3374.495343168516,0.0,0.0,0.0,46.068669582640304,optimal
2021-02-12 14:30:00,20,120,1.1428571428571428,0.0,0.0,1.3715,8.1585,6.0,-18,20.01863850082656,,4000.0,0.0,0.0,0.0,45.92114357060064,optimal
2021-02-12 15:00:00,20,120,1.1428571428571428,0.0,0.0,0.141,10.3635,6.0,-18,20.044001216707475,,4000.0,0.0,0.0,0.0,45.77376508457301,optimal
2021-02-12 15:30:00,20,120,0.0,0.0,0.0,0.2176,10.8045,6.0,-18,20.06288223521205,,0.0,0.0,0.0,0.0,45.62653397703141,optimal
2021-02-12 16:00:00,20,120,0.0,0.0,0.0,0.1705,11.025,6.0,-18,20.033517229734663,,0.0,0.0,0.0,0.0,45.47945010059736,optimal
2021-02-12 16:30:00,20,120,1.1428571428571428,0.0,0.0,0.1718,10.3635,6.0,-18,20.0,,4000.0,0.0,0.0,0.0,45.332513308039736,optimal
2021-02-12 17:00:00,20,120,0.5395732219430337,0.0,0.0,0.0798,10.8045,6.0,-18,20.014686991749056,,1888.5062768006176,0.0,0.0,0.0,45.18572345227467,optimal
2021-02-12 17:30:00,20,120,1.1428571428571428,0.0,0.0,0.123,10.059,6.0,-18,20.0,,4000.0,0.0,0.0,0.0,45.03908038636537,optimal
2021-02-12 18:00:00,20,120,0.8782090574835457,0.0,0.0,0.069,10.584,6.0,-18,20.01139308833966,,3073.73170119241,0.0,0.0,0.0,44.89258396352198,optimal
2021-02-12 18:30:00,20,120,1.1428571428571428,0.0,0.0,0.1338,9.4185,6.0,-18,20.009330809862984,,4000.0,0.0,0.0,0.0,44.74623403710143,optimal
2021-02-12 19:00:00,20,120,1.1428571428571428,0.0,0.0,0.111,10.3635,6.0,-18,20.019247026019908,,4000.0,0.0,0.0,0.0,44.60003046060731,optimal
2021-02-12 19:30:00,20,120,1.1428571428571428,0.0,0.0,0.1338,9.8385,6.0,-18,20.0293636319045,,4000.0,0.0,0.0,0.0,44.45397308768968,optimal
2021-02-12 20:00:00,20,120,0.0,0.0,0.0,0.117,11.067,6.0,-18,20.03894274730323,,0.0,0.0,0.0,0.0,44.30806177214496,optimal
2021-02-12 20:30:00,20,120,0.0,0.0,0.0,0.2374,10.8465,6.0,-18,20.0,,0.0,0.0,0.0,0.0,44.16229636791579,optimal
2021-02-12 21:00:00,20,120,0.0,0.0,0.0,0.2681333333333333,13.671,6.0,-18,19.96430173312656,,0.0,0.0,0.0,0.0,44.11813407154788,optimal
2021-02-12 21:30:00,20,120,0.0,0.2322222222222222,0.0,0.3873999999999999,12.348,6.0,-18,19.92876019361565,,0.0,0.0,0.0,209.0,44.07401593747633,optimal
2021-02-12 22:00:00,20,120,0.0,0.0,0.0,0.3509333333333333,14.3325,6.0,-18,19.89630957149052,,0.0,0.0,0.0,0.0,44.02994192153886,optimal
2021-02-12 22:30:00,20,120,0.0,0.6192592592592592,0.0,0.2476666666666666,15.393,6.0,-18,19.86482157462256,,0.0,0.0,0.0,557.3333333333333,43.98591197961732,optimal
2021-02-12 23:00:00,20,120,0.0,0.0,0.0,0.2726,13.587,6.0,-18,19.830797916955028,,0.0,0.0,0.0,0.0,43.9419260676377,optimal
2021-02-12 23:30:00,20,120,0.0,7.431111111111111,0.0,0.2918,16.1385,6.0,-18,19.79745976420744,,0.0,0.0,0.0,6688.0,43.89798414157006,optimal
2021-02-13 00:00:00,20,120,1.1428571428571428,0.0,0.0,0.064,9.5655,6.0,2,19.79745976420744,,4000.0,0.0,0.0,0.0,43.85408615742849,optimal
2021-02-13 00:30:00,20,120,1.1428571428571428,0.0,5.0,0.1577333333333333,7.056,6.0,2,19.80616684297788,,4000.0,0.0,0.0,0.0,46.18523207127106,optimal
2021-02-13 01:00:00,20,120,1.1428571428571428,0.0,0.0,0.3002666666666666,9.3975,6.0,2,19.819689440061264,,4000.0,0.0,0.0,0.0,46.139046839199786,optimal
2021-02-13 01:30:00,20,120,1.1428571428571428,0.0,0.0,0.1332666666666666,10.059,6.0,2,19.838446014715288,,4000.0,0.0,0.0,0.0,46.092907792360585,optimal
2021-02-13 02:00:00,20,120,1.1428571428571428,0.0,0.0,0.248,9.261,6.0,2,19.85570113070961,,4000.0,0.0,0.0,0.0,46.04681488456822,optimal
2021-02-13 02:30:00,20,120,1.1428571428571428,0.0,0.0,0.332,8.1585,6.0,2,19.87546047668752,,4000.0,0.0,0.0,0.0,46.00076806968365,optimal
2021-02-13 03:00:00,20,120,1.1428571428571428,0.0,0.0,0.3964,9.4815,6.0,2,19.894731932210973,,4000.0,0.0,0.0,0.0,45.95476730161397,optimal
2021-02-13 03:30:00,20,120,1.1428571428571428,0.0,0.0,0.5761333333333333,8.379,6.0,2,19.914713176736715,,4000.0,0.0,0.0,0.0,45.908812534312354,optimal
2021-02-13 04:00:00,20,120,1.1428571428571428,0.2322222222222222,0.0,0.3889333333333333,9.5235,6.0,2,19.93836550385204,,4000.0,0.0,0.0,209.0,45.86290372177804,optimal
2021-02-13 04:30:00,20,120,1.1428571428571428,0.3096296296296296,0.0,0.4278333333333333,8.1375,6.0,2,19.959059313625385,,4000.0,0.0,0.0,278.66666666666663,45.81704081805626,optimal
2021-02-13 05:00:00,20,120,1.1428571428571428,0.3096296296296296,0.0,0.9438666666666669,10.0905,6.0,2,19.98025777542709,,4000.0,0.0,0.0,278.66666666666663,45.771223777238205,optimal
2021-02-13 05:30:00,20,120,1.1428571428571428,0.0774074074074074,5.0,2.788333333333333,7.539,6.0,2,20.00493790316306,,4000.0,0.0,0.0,69.66666666666666,48.10045255346097,optimal
2021-02-13 06:00:00,20,120,1.1428571428571428,0.6192592592592592,0.1935502732916168,0.8074,7.938,6.0,2,20.041277298471392,,4000.0,0.0,0.0,557.3333333333333,48.144288480721016,optimal
2021-02-13 06:30:00,20,120,1.1428571428571428,2.39962962962963,0.0,0.7293999999999999,8.274,6.0,2,20.061221924075102,,4000.0,0.0,0.0,2159.6666666666665,48.096144192240295,optimal
2021-02-13 07:00:00,20,120,1.1428571428571428,0.5418518518518518,0.0,0.5517333333333333,9.261,6.0,2,20.083300130720904,,4000.0,0.0,0.0,487.6666666666667,48.048048048048045,optimal
2021-02-13 07:30:00,20,120,1.1428571428571428,0.6966666666666667,0.0,0.2333,9.9225,6.0,2,20.102556784161795,,4000.0,0.0,0.0,627.0,48.0,optimal
2021-02-13 08:00:00,20,120,1.1428571428571428,0.387037037037037,0.0,1.363033333333333,9.702,6.0,2,20.117180928497607,,4000.0,0.0,0.0,348.3333333333333,47.34603601484263,optimal
2021-02-13 08:30:00,20,120,1.1428571428571428,0.1548148148148148,0.0,0.4084,10.584,6.0,2,20.132995944722825,,4000.0,0.0,0.0,139.33333333333331,46.69272599367042,optimal
2021-02-13 09:00:00,20,120,1.1428571428571428,0.0,0.0,0.4387666666666666,10.143,6.0,2,20.14580115006503,,4000.0,0.0,0.0,0.0,46.04006928251938,optimal
2021-02-13 09:30:00,20,120,0.0,0.0,0.0,0.1818333333333333,13.0095,6.0,2,20.16412710159543,,0.0,0.0,0.0,0.0,45.3880652280795,optimal
2021-02-13 10:00:00,20,120,1.1428571428571428,0.0,0.0,0.2473,11.025,6.0,2,20.128764119872542,,4000.0,0.0,0.0,0.0,44.73671317769405,optimal
2021-02-13 10:30:00,20,120,0.0,0.0,0.0,0.1844666666666666,12.789,6.0,2,20.14680502652956,,0.0,0.0,0.0,0.0,44.08601247935899,optimal
2021-02-13 11:00:00,20,120,1.1428571428571428,0.2322222222222222,0.0,0.072,12.1275,6.0,2,20.117969182538047,,4000.0,0.0,0.0,209.0,43.43596248172226,optimal
2021-02-13 11:30:00,20,120,1.1428571428571428,0.387037037037037,0.0,0.1632333333333333,12.1695,6.0,2,20.138457644567023,,4000.0,0.0,0.0,348.3333333333333,42.78656253408317,optimal
2021-02-13 12:00:00,20,120,1.067598915409793,0.1548148148148148,0.0,0.0881,12.306,6.0,2,20.15926328682973,,3736.596203934275,0.0,0.0,139.33333333333331,42.137811986391725,optimal
2021-02-13 12:30:00,20,120,0.0,0.0,0.0,0.1424333333333333,13.23,6.0,2,20.17705897689635,,0.0,0.0,0.0,0.0,41.489710189247965,optimal
2021-02-13 13:00:00,20,120,0.0,0.0,0.0,0.1115666666666666,13.671,6.0,2,20.14969206220018,,0.0,0.0,0.0,0.0,40.84225649390135,optimal
2021-02-13 13:30:00,20,120,0.0,0.0,0.0,0.1854666666666666,13.9335,6.0,2,20.1218164727694,,0.0,0.0,0.0,0.0,40.19545025225008,optimal
2021-02-13 14:00:00,20,120,0.0,0.1548148148148148,0.0,0.2284,13.293,6.0,2,20.09616266532087,,0.0,0.0,0.0,139.33333333333331,39.54929081684047,optimal
2021-02-13 14:30:00,20,120,1.1428571428571428,0.0,0.0,0.0934666666666666,12.1065,6.0,2,20.06926253801561,,4000.0,0.0,0.0,0.0,38.90377754086626,optimal
2021-02-13 15:00:00,20,120,1.1428571428571428,0.1548148148148148,0.0,0.1793333333333333,11.571,6.0,2,20.092263950177887,,4000.0,0.0,0.0,139.33333333333331,38.258909778168025,optimal
2021-02-13 15:30:00,20,120,1.1428571428571428,0.3096296296296296,0.0,0.0885666666666666,11.025,6.0,2,20.117479209152087,,4000.0,0.0,0.0,278.66666666666663,37.614686883232494,optimal
2021-02-13 16:00:00,20,120,1.1428571428571428,0.0,0.0,0.7163666666666667,10.8465,6.0,2,20.141232453540404,,4000.0,0.0,0.0,0.0,36.9711082111919,optimal
2021-02-13 16:30:00,20,120,1.1428571428571428,0.3096296296296296,0.0,1.245,11.2455,6.0,2,20.16619359977343,,4000.0,0.0,0.0,278.66666666666663,36.32817311782334,optimal
2021-02-13 17:00:00,20,120,0.0,0.5418518518518518,0.0,0.2710666666666667,23.8665,6.0,2,20.19235800992706,,0.0,0.0,0.0,487.6666666666667,35.68588095954815,optimal
2021-02-13 17:30:00,20,120,0.0,0.1548148148148148,0.0,0.7687,27.4575,6.0,2,20.16353685000397,,0.0,0.0,0.0,139.33333333333331,35.04423109343124,optimal
2021-02-13 18:00:00,20,120,0.0,0.0,0.0,0.2714333333333333,27.3735,6.0,2,20.14132968287678,,0.0,0.0,0.0,0.0,34.40322287718044,optimal
2021-02-13 18:30:00,20,120,0.0,0.387037037037037,0.0,0.4775,30.4605,6.0,2,20.11071023349462,,0.0,0.0,0.0,348.3333333333333,33.76285566914589,optimal
2021-02-13 19:00:00,20,120,0.0,0.0,0.0,0.5468666666666667,30.0195,6.0,2,20.08379721326132,,0.0,0.0,0.0,0.0,33.12312882831938,optimal
2021-02-13 19:30:00,20,120,0.0,0.0,0.0,0.4774,26.9325,6.0,2,20.05676167287701,,0.0,0.0,0.0,0.0,32.48404171433369,optimal
2021-02-13 20:00:00,20,120,0.0,2.2448148148148146,0.0,0.4886333333333333,14.595,6.0,2,20.02893012658019,,0.0,0.0,0.0,2020.3333333333333,32.45155767261936,optimal
2021-02-13 20:30:00,20,120,0.0,0.2322222222222222,0.0,0.5742666666666667,12.4845,6.0,2,20.0,,0.0,0.0,0.0,209.0,32.419106114946736,optimal
2021-02-13 21:00:00,20,120,0.0,0.4644444444444444,0.0,0.4532,12.1275,6.0,2,19.97331152335539,,0.0,0.0,0.0,418.0,32.38668700883179,optimal
2021-02-13 21:30:00,20,120,0.0,0.0,0.0,0.3980333333333333,12.1275,6.0,2,19.947073102682687,,0.0,0.0,0.0,0.0,32.35430032182296,optimal
2021-02-13 22:00:00,20,120,0.0,1.7029629629629628,0.0,0.2280333333333333,12.789,6.0,2,19.92073275264075,,0.0,0.0,0.0,1532.6666666666663,32.32194602150114,optimal
2021-02-13 22:30:00,20,120,0.0,0.2322222222222222,0.0,0.3142666666666666,11.907,6.0,2,19.891991054987336,,0.0,0.0,0.0,209.0,32.28962407547964,optimal
2021-02-13 23:00:00,20,120,0.0,0.0,0.0,0.1964,11.025,6.0,2,19.8632706497676,,0.0,0.0,0.0,0.0,32.257334451404155,optimal
2021-02-13 23:30:00,20,120,0.0,0.0,0.0,0.1169333333333333,8.2005,6.0,2,19.829127205578665,,0.0,0.0,0.0,0.0,32.225077116952754,optimal
2021-02-07 00:00:00,21,120,0.0,0.0,0.0,0.051,3.906,6.0,-6,21.0,,0.0,0.0,0.0,0.0,47.952,optimal
2021-02-07 00:30:00,21,120,1.0764295423188035,0.0,0.0,0.138,2.3415,6.0,-6,20.96704397701303,,3767.503398115813,0.0,0.0,0.0,47.904048,optimal
2021-02-07 01:00:00,21,120,1.1428571428571428,0.0,0.0,0.066,2.205,6.0,-6,20.98080227741321,,4000.0,0.0,0.0,0.0,47.856143952,optimal
2021-02-07 01:30:00,21,120,1.1428571428571428,0.0,1.726530778126283,0.1514666666666666,0.882,6.0,-6,20.99629026952317,,4000.0,0.0,0.0,0.0,48.62838992765797,optimal
2021-02-07 02:00:00,21,120,1.1428571428571428,0.0,0.0,0.1122666666666666,1.5435,6.0,-6,21.01268961184012,,4000.0,0.0,0.0,0.0,48.57976153773031,optimal
2021-02-07 02:30:00,21,120,1.1428571428571428,0.0,0.0,0.1122666666666666,1.5435,6.0,-6,21.02847976543238,,4000.0,0.0,0.0,0.0,48.53118177619257,optimal
2021-02-07 03:00:00,21,120,0.0,0.0,0.0,0.2354666666666666,5.0715,6.0,-6,21.04404035776642,,0.0,0.0,0.0,0.0,48.48265059441637,optimal
2021-02-07 03:30:00,21,120,0.0,0.0,0.0,0.06,5.376,6.0,-6,21.012143335729736,,0.0,0.0,0.0,0.0,48.434167943821954,optimal
2021-02-07 04:00:00,21,120,0.0,0.0,0.0,0.2697333333333332,5.0715,6.0,-6,20.978072828242595,,0.0,0.0,0.0,0.0,48.38573377587813,optimal
2021-02-07 04:30:00,21,120,0.0,0.0,0.0,0.078,5.5125,6.0,-6,20.946525782988527,,0.0,0.0,0.0,0.0,48.33734804210225,optimal
2021-02-07 05:00:00,21,120,0.0,0.0,0.0,0.158,9.261,6.0,-6,20.912705520459568,,0.0,0.0,0.0,0.0,48.28901069406015,optimal
2021-02-07 05:30:00,21,120,0.0,0.0,0.0,0.1657333333333333,11.7075,6.0,-6,20.879926896185413,,0.0,0.0,0.0,0.0,48.24072168336608,optimal
2021-02-07 06:00:00,21,120,0.0,0.0,0.0,0.084,12.348,6.0,-6,20.84730746771537,,0.0,0.0,0.0,0.0,48.19248096168271,optimal
2021-02-07 06:30:00,21,120,0.0,0.0,0.0,0.1841333333333333,12.348,6.0,-6,20.81375700579281,,0.0,0.0,0.0,0.0,48.144288480721016,optimal
2021-02-07 07:00:00,21,120,0.0,0.0,0.0,0.1622666666666666,12.1275,6.0,-6,20.78139379026236,,0.0,0.0,0.0,0.0,48.096144192240295,optimal
2021-02-07 07:30:00,21,120,0.0,5.966562962962962,0.0,0.2146666666666666,12.5265,6.0,-6,20.749768781414986,,0.0,0.0,0.0,5369.906666666666,48.048048048048045,optimal
2021-02-07 08:00:00,21,120,0.0,2.935288888888889,0.0,1.1093666666666666,11.7495,6.0,-6,20.72095142388895,,0.0,0.0,0.0,2641.7600000000007,48.0,optimal
2021-02-07 08:30:00,21,120,0.0,0.0,0.0,0.967,13.23,6.0,-6,20.69532882886912,,0.0,0.0,0.0,0.0,47.930215125501874,optimal
2021-02-07 09:00:00,21,120,0.0,0.4644444444444444,0.0,0.067,14.3325,6.0,-6,20.66725879465152,,0.0,0.0,0.0,418.0,47.860500035878246,optimal
2021-02-07 09:30:00,21,120,0.0,0.2322222222222222,0.0,0.2173333333333333,14.994,6.0,-6,20.63526961130829,,0.0,0.0,0.0,209.0,47.79085466134424,optimal
2021-02-07 10:00:00,21,120,0.0,0.0,0.0,0.13,14.8155,6.0,-6,20.60659008200928,,0.0,0.0,0.0,0.0,47.72127893218477,optimal
2021-02-07 10:30:00,21,120,0.0,0.0,0.0,0.1429333333333333,14.112,6.0,-6,20.57736153826673,,0.0,0.0,0.0,0.0,47.65177277875446,optimal
2021-02-07 11:00:00,21,120,0.0,0.2322222222222222,0.0,0.2883,14.007,6.0,-6,20.5481746086556,,0.0,0.0,0.0,209.0,47.58233613147758,optimal
2021-02-07 11:30:00,21,120,0.0,0.0,0.0,0.0775999999999999,13.23,6.0,-6,20.520739352256427,,0.0,0.0,0.0,0.0,47.51296892084798,optimal
2021-02-07 12:00:00,21,120,0.0,0.0,0.0,0.7998666666666667,11.382,6.0,-6,20.490117578600536,,0.0,0.0,0.0,0.0,47.44367107742901,optimal
2021-02-07 12:30:00,21,120,0.0,0.0774074074074074,0.0,1.7257333333333331,11.7495,6.0,-6,20.46495814515377,,0.0,0.0,0.0,69.66666666666666,47.374442531853454,optimal
2021-02-07 13:00:00,21,120,0.0,0.2322222222222222,0.0,0.058,24.3285,6.0,-6,20.437210058753102,,0.0,0.0,0.0,209.0,47.30528321482348,optimal
2021-02-07 13:30:00,21,120,0.0,0.0,0.0,2.2009666666666665,28.917,6.0,-6,20.40574304795542,,0.0,0.0,0.0,0.0,47.236193057110526,optimal
2021-02-07 14:00:00,21,120,0.0,0.0,0.0,0.2366,31.3635,6.0,-6,20.37968643503163,,0.0,0.0,0.0,0.0,47.16717198955529,optimal
2021-02-07 14:30:00,21,120,0.0,0.0,0.0,0.2016,33.306,6.0,-6,20.34995286986768,,0.0,0.0,0.0,0.0,47.09821994306761,optimal
2021-02-07 15:00:00,21,120,0.0,0.0,0.0,0.1641333333333333,31.3425,6.0,-6,20.32089342556803,,0.0,0.0,0.0,0.0,47.02933684862642,optimal
2021-02-07 15:30:00,21,120,0.0,0.0,0.0,0.06,28.2555,6.0,-6,20.29089627895586,,0.0,0.0,0.0,0.0,46.96052263727968,optimal
2021-02-07 16:00:00,21,120,0.0,0.0,0.0,0.2626666666666666,15.6975,6.0,-6,20.25939263113501,,0.0,0.0,0.0,0.0,46.89177724014427,optimal
2021-02-07 16:30:00,21,120,0.0,0.0,0.0,0.0850666666666666,12.5475,6.0,-6,20.227828721037262,,0.0,0.0,0.0,0.0,46.82310058840601,optimal
2021-02-07 17:00:00,21,120,0.0,0.0,0.0,0.1318666666666667,12.0855,6.0,-6,20.194262932360942,,0.0,0.0,0.0,0.0,46.75449261331948,optimal
2021-02-07 17:30:00,21,120,0.0,0.1548148148148148,0.0,0.1684666666666666,11.907,6.0,-6,20.158880149443835,,0.0,0.0,0.0,139.33333333333331,46.68595324620804,optimal
2021-02-07 18:00:00,21,120,0.0,0.4644444444444444,0.0,2.1006666666666667,12.5685,6.0,-6,20.12682678817967,,0.0,0.0,0.0,418.0,46.6174824184637,optimal
2021-02-07 18:30:00,21,120,0.0,0.4288370370370369,0.0,0.2059,13.146,6.0,-6,20.0993182232754,,0.0,0.0,0.0,385.95333333333326,46.54908006154712,optimal
2021-02-07 19:00:00,21,120,0.0,0.8870888888888889,0.0,1.7523333333333333,10.584,6.0,-6,20.07244615084333,,0.0,0.0,0.0,798.3800000000001,46.480746106987446,optimal
2021-02-07 19:30:00,21,120,0.0,0.2322222222222222,0.0,0.8612000000000001,6.678,6.0,-6,20.047977373077845,,0.0,0.0,0.0,209.0,46.412480486382336,optimal
2021-02-07 20:00:00,21,120,0.0,0.0,0.0,0.2710666666666667,7.938,6.0,-6,20.02470874371572,,0.0,0.0,0.0,0.0,46.34428313139783,optimal
2021-02-07 20:30:00,21,120,0.0,0.0,0.0,0.1853,5.292,6.0,-6,20.0,,0.0,0.0,0.0,0.0,46.27615397376831,optimal
2021-02-07 21:00:00,21,120,0.0,0.1548148148148148,0.0,0.2537333333333333,9.261,6.0,-6,19.97479560200996,,0.0,0.0,0.0,139.33333333333331,46.208092945296414,optimal
2021-02-07 21:30:00,21,120,0.0,0.0,0.0,0.6696,10.3635,6.0,-6,19.94993833232852,,0.0,0.0,0.0,0.0,46.14009997785299,optimal
2021-02-07 22:00:00,21,120,0.0,1.2385185185185184,0.0,1.2494333333333334,8.274,6.0,-6,19.93009221214416,,0.0,0.0,0.0,1114.6666666666663,46.07217500337701,optimal
2021-02-07 22:30:00,21,120,0.0,0.2322222222222222,0.0,1.8975,7.7175,6.0,-6,19.90491180654209,,0.0,0.0,0.0,209.0,46.02610282837364,optimal
2021-02-07 23:00:00,21,120,0.0,0.2322222222222222,0.0,2.8736666666666664,6.615,6.0,-6,19.88156904093812,,0.0,0.0,0.0,209.0,45.98007672554527,optimal
2021-02-07 23:30:00,21,120,0.0,0.1548148148148148,0.0,1.1221666666666668,6.174,6.0,-6,19.859735490824928,,0.0,0.0,0.0,139.33333333333331,45.93409664881972,optimal
2021-02-08 00:00:00,21,120,0.0,0.0,0.0,0.055,28.917,6.0,11,19.859735490824928,,0.0,0.0,0.0,0.0,45.8881625521709,optimal
2021-02-08 00:30:00,21,120,0.0,0.0,0.0,0.055,15.876,6.0,11,19.826127181330087,,0.0,0.0,0.0,0.0,45.84227438961872,optimal
2021-02-08 01:00:00,21,120,0.1508880562180137,0.0,0.0,0.2470666666666666,12.348,6.0,11,19.792585502421485,,528.1081967630481,0.0,0.0,0.0,45.7964321152291,optimal
2021-02-08 01:30:00,21,120,1.1428571428571428,0.0,0.0,0.0670666666666666,12.1275,6.0,11,19.76788373937135,,4000.0,0.0,0.0,0.0,45.75063568311387,optimal
2021-02-08 02:00:00,21,120,1.1428571428571428,0.0,0.0,0.1264,12.348,6.0,11,19.78323477679759,,4000.0,0.0,0.0,0.0,45.70488504743076,optimal
2021-02-08 02:30:00,21,120,1.1428571428571428,0.0,0.0,0.1032666666666666,12.1275,6.0,11,19.79917907071569,,4000.0,0.0,0.0,0.0,45.65918016238333,optimal
2021-02-08 03:00:00,21,120,1.1428571428571428,0.0,0.0,0.1910333333333333,12.1275,6.0,11,19.814909064005185,,4000.0,0.0,0.0,0.0,45.61352098222095,optimal
2021-02-08 03:30:00,21,120,1.1428571428571428,0.0,0.0,0.0748333333333333,11.2665,6.0,11,19.83177620339468,,4000.0,0.0,0.0,0.0,45.567907461238725,optimal
2021-02-08 04:00:00,21,120,1.1428571428571428,0.0,0.0,0.2148333333333333,10.143,6.0,11,19.847095186193712,,4000.0,0.0,0.0,0.0,45.522339553777485,optimal
2021-02-08 04:30:00,21,120,1.1428571428571428,0.1548148148148148,0.0,0.0983,11.2455,6.0,11,19.86575054665209,,4000.0,0.0,0.0,139.33333333333331,45.47681721422371,optimal
2021-02-08 05:00:00,21,120,1.1428571428571428,0.1548148148148148,0.0,0.1601999999999999,11.025,6.0,11,19.881957133634728,,4000.0,0.0,0.0,139.33333333333331,45.431340397009485,optimal
2021-02-08 05:30:00,21,120,1.1428571428571428,2.631851851851852,5.0,2.1425666666666667,5.9745,6.0,11,19.898305707378483,,4000.0,0.0,0.0,2368.6666666666665,47.76090905661248,optimal
2021-02-08 06:00:00,21,120,1.1428571428571428,0.0,0.0,0.6097,7.938,6.0,11,19.918780794725222,,4000.0,0.0,0.0,0.0,47.71314814755586,optimal
2021-02-08 06:30:00,21,120,1.1428571428571428,1.006296296296296,0.0,1.2730333333333332,8.6835,6.0,11,19.936307074863663,,4000.0,0.0,0.0,905.6666666666664,47.66543499940831,optimal
2021-02-08 07:00:00,21,120,1.1428571428571428,0.0,0.8046956538760093,0.222,7.665,6.0,11,19.95741769349182,,4000.0,0.0,0.0,0.0,48.0,optimal
2021-02-08 07:30:00,21,120,1.1428571428571428,8.127777777777778,0.0,1.688233333333333,6.7725,6.0,11,19.977266149193216,,4000.0,0.0,0.0,7315.0,47.90050054018497,optimal
2021-02-08 08:00:00,21,120,1.1428571428571428,0.2322222222222222,0.0,2.775866666666667,5.5755,6.0,11,20.0,,4000.0,0.0,0.0,209.0,47.80110057982976,optimal
2021-02-08 08:30:00,21,120,1.1428571428571428,0.0,0.0,2.258266666666667,5.0925,6.0,11,20.02514230253509,,4000.0,0.0,0.0,0.0,47.7018000194349,optimal
2021-02-08 09:00:00,21,120,1.1428571428571428,0.0,0.0,0.1062333333333333,4.1895,6.0,11,20.04695428853612,,4000.0,0.0,0.0,0.0,47.60259875960044,optimal
2021-02-08 09:30:00,21,120,1.1428571428571428,0.0,0.0,0.1941666666666666,7.056,6.0,11,20.06572364193547,,4000.0,0.0,0.0,0.0,47.50349670102581,optimal
2021-02-08 10:00:00,21,120,1.1428571428571428,0.0,0.0,0.1689333333333333,5.271,6.0,11,20.08410506768124,,4000.0,0.0,0.0,0.0,47.40449374450976,optimal
2021-02-08 10:30:00,21,120,1.1428571428571428,0.0,0.0,0.2093666666666666,7.938,6.0,11,20.10470776989817,,4000.0,0.0,0.0,0.0,47.30558979095022,optimal
2021-02-08 11:00:00,21,120,1.1428571428571428,0.0,0.0,0.1444333333333333,7.938,6.0,11,20.12570074565875,,4000.0,0.0,0.0,0.0,47.20678474134424,optimal
2021-02-08 11:30:00,21,120,1.1428571428571428,0.0,0.0,2.2493000000000003,11.907,6.0,11,20.149125607711124,,4000.0,0.0,0.0,0.0,47.10807849678788,optimal
2021-02-08 12:00:00,21,120,1.1428571428571428,0.3096296296296296,0.0,0.2507333333333333,11.025,6.0,11,20.186240360387792,,4000.0,0.0,0.0,278.66666666666663,47.00947095847606,optimal
2021-02-08 12:30:00,21,120,1.1428571428571428,0.387037037037037,0.0,0.1124,11.2875,6.0,11,20.20970752438083,,4000.0,0.0,0.0,348.3333333333333,46.91096202770255,optimal
2021-02-08 13:00:00,21,120,0.0,0.2322222222222222,0.0,0.2477333333333333,12.936,6.0,11,20.23421679534502,,0.0,0.0,0.0,209.0,46.812551605859824,optimal
2021-02-08 13:30:00,21,120,0.0,0.0,0.0,0.1743,13.0095,6.0,11,20.21152233994316,,0.0,0.0,0.0,0.0,46.714239594438936,optimal
2021-02-08 14:00:00,21,120,0.0,0.0,0.0,0.1089666666666666,13.671,6.0,11,20.189148288852326,,0.0,0.0,0.0,0.0,46.61602589502947,optimal
2021-02-08 14:30:00,21,120,0.0,0.3096296296296296,0.0,1.8894333333333329,13.188,6.0,11,20.16604191996197,,0.0,0.0,0.0,278.66666666666663,46.51791040931942,optimal
2021-02-08 15:00:00,21,120,0.0,0.387037037037037,0.0,0.3295,13.8495,6.0,11,20.16032522770186,,0.0,0.0,0.0,348.3333333333333,46.41989303909507,optimal
2021-02-08 15:30:00,21,120,0.0,0.0,0.0,0.448,13.23,6.0,11,20.14006050597348,,0.0,0.0,0.0,0.0,46.32197368624095,optimal
2021-02-08 16:00:00,21,120,0.0,0.0,0.0,0.3883,13.3665,6.0,11,20.12170964980329,,0.0,0.0,0.0,0.0,46.224152252739685,optimal
2021-02-08 16:30:00,21,120,0.6994991988303157,0.0774074074074074,0.0,0.4488333333333333,13.0515,6.0,11,20.09963608302905,,2448.2471959061054,0.0,0.0,69.66666666666666,46.12642864067192,optimal
2021-02-08 17:00:00,21,120,0.0,0.387037037037037,0.0,0.3387333333333333,13.5345,6.0,11,20.107762078464926,,0.0,0.0,0.0,348.3333333333333,46.02880275221622,optimal
2021-02-08 17:30:00,21,120,0.0,0.4644444444444444,0.0,0.3228666666666667,14.154,6.0,11,20.081659799495053,,0.0,0.0,0.0,418.0,45.93127448964898,optimal
2021-02-08 18:00:00,21,120,0.0,0.1548148148148148,0.0,0.3721333333333333,14.112,6.0,11,20.05516825120119,,0.0,0.0,0.0,139.33333333333331,45.833843755344304,optimal
2021-02-08 18:30:00,21,120,0.0,0.2322222222222222,0.0,1.2983333333333331,14.2485,6.0,11,20.026632069191585,,0.0,0.0,0.0,209.0,45.73651045177393,optimal
2021-02-08 19:00:00,21,120,1.1428571428571428,0.1548148148148148,0.0,0.3140666666666666,12.789,6.0,11,20.0,,4000.0,0.0,0.0,139.33333333333331,45.63927448150713,optimal
2021-02-08 19:30:00,21,120,0.140909579335682,0.0,0.0,0.2413666666666666,13.0095,6.0,11,20.02171499526236,,493.1835276748871,0.0,0.0,0.0,45.542135747210594,optimal
2021-02-08 20:00:00,21,120,0.5879975602846358,0.0,0.0,0.4556,12.1275,6.0,11,20.0,,2057.991460996225,0.0,0.0,0.0,45.44509415164836,optimal
2021-02-08 20:30:00,21,120,0.0,0.0,0.0,0.3241,12.348,6.0,11,20.0,,0.0,0.0,0.0,0.0,45.39964905749671,optimal
2021-02-08 21:00:00,21,120,0.0,0.0,0.0,0.3355333333333333,12.348,6.0,11,19.973451033255422,,0.0,0.0,0.0,0.0,45.354249408439216,optimal
2021-02-08 21:30:00,21,120,0.0,0.0774074074074074,0.0,0.5852666666666666,25.389,6.0,11,19.946274430506406,,0.0,0.0,0.0,69.66666666666666,45.308895159030776,optimal
2021-02-08 22:00:00,21,120,0.0,0.0,0.0,0.5477333333333333,29.1375,6.0,11,19.920173534853948,,0.0,0.0,0.0,0.0,45.263586263871744,optimal
2021-02-08 22:30:00,21,120,0.0,0.0,0.0,0.4591,30.597,6.0,11,19.89382970841611,,0.0,0.0,0.0,0.0,45.21832267760787,optimal
2021-02-08 23:00:00,21,120,0.0,0.0,0.0,0.4889666666666666,33.684,6.0,11,19.868164237627383,,0.0,0.0,0.0,0.0,45.17310435493027,optimal
2021-02-08 23:30:00,21,120,0.0,0.0,0.0,0.064,32.445,6.0,11,19.84089930373358,,0.0,0.0,0.0,0.0,45.12793125057534,optimal
2021-02-09 00:00:00,21,120,1.1428571428571428,0.0,0.0,0.057,11.2455,6.0,-1,19.84089930373358,,4000.0,0.0,0.0,0.0,45.08280331932476,optimal
2021-02-09 00:30:00,21,120,1.1428571428571428,0.0,0.0,0.1194,12.1275,6.0,-1,19.853279325298963,,4000.0,0.0,0.0,0.0,45.03772051600544,optimal
2021-02-09 01:00:00,21,120,1.1428571428571428,0.0,0.0,0.057,11.823,6.0,-1,19.86649410905396,,4000.0,0.0,0.0,0.0,44.99268279548943,optimal
2021-02-09 01:30:00,21,120,1.1428571428571428,0.0,0.0,0.057,11.7705,6.0,-1,19.87902164359501,,4000.0,0.0,0.0,0.0,44.94769011269394,optimal
2021-02-09 02:00:00,21,120,1.1428571428571428,0.0,0.0,0.1194,11.13,6.0,-1,19.8913260852252,,4000.0,0.0,0.0,0.0,44.90274242258125,optimal
2021-02-09 02:30:00,21,120,1.1428571428571428,0.0,0.0,0.057,11.6865,6.0,-1,19.904168054457767,,4000.0,0.0,0.0,0.0,44.85783968015867,optimal
2021-02-09 03:00:00,21,120,1.1428571428571428,0.0,2.613534671224329,0.0778,10.7205,6.0,-1,19.916323513604613,,4000.0,0.0,0.0,0.0,46.05441080931006,optimal
2021-02-09 03:30:00,21,120,1.1428571428571428,0.0,0.0,0.0986,11.424,6.0,-1,19.928807394671832,,4000.0,0.0,0.0,0.0,46.00835639850075,optimal
2021-02-09 04:00:00,21,120,1.1428571428571428,0.0,5.0,0.057,10.689,6.0,-1,19.941718174685395,,4000.0,0.0,0.0,0.0,48.33734804210225,optimal
2021-02-09 04:30:00,21,120,1.1428571428571428,0.0,0.0,0.057,11.361,6.0,-1,19.954294829073778,,4000.0,0.0,0.0,0.0,48.28901069406015,optimal
2021-02-09 05:00:00,21,120,1.1428571428571428,0.0,0.0,0.057,11.571,6.0,-1,19.96664829316812,,4000.0,0.0,0.0,0.0,48.24072168336608,optimal
2021-02-09 05:30:00,21,120,1.1428571428571428,0.0,0.0,0.057,14.3745,6.0,-1,19.978779009457195,,4000.0,0.0,0.0,0.0,48.19248096168271,optimal
2021-02-09 06:00:00,21,120,1.1428571428571428,0.0,0.0,0.0639333333333333,13.23,6.0,-1,19.99088567583868,,4000.0,0.0,0.0,0.0,48.144288480721016,optimal
2021-02-09 06:30:00,21,120,1.1428571428571428,0.0,0.0,0.1124666666666666,13.9755,6.0,-1,20.003052804239413,,4000.0,0.0,0.0,0.0,48.096144192240295,optimal
2021-02-09 07:00:00,21,120,1.1428571428571428,2.5544444444444445,0.0,0.0556666666666666,14.994,6.0,-1,20.01568793212492,,4000.0,0.0,0.0,2299.0,48.048048048048045,optimal
2021-02-09 07:30:00,21,120,1.1428571428571428,0.4644444444444444,0.0,0.1227333333333333,13.671,6.0,-1,20.028846576513764,,4000.0,0.0,0.0,418.0,48.0,optimal
2021-02-09 08:00:00,21,120,0.4486821218633384,0.0,0.0,0.067,15.981,6.0,-1,20.046110887638672,,1570.3874265216846,0.0,0.0,0.0,47.833016853550376,optimal
2021-02-09 08:30:00,21,120,1.1428571428571428,0.0,0.0,0.067,15.6345,6.0,-1,20.02587660148689,,4000.0,0.0,0.0,0.0,47.6662006902472,optimal
2021-02-09 09:00:00,21,120,0.0,0.0,0.0,0.1287333333333333,16.5375,6.0,-1,20.03557818979338,,0.0,0.0,0.0,0.0,47.499551343107335,optimal
2021-02-09 09:30:00,21,120,1.1428571428571428,0.387037037037037,0.0,0.184,14.7735,6.0,-1,20.0,,4000.0,0.0,0.0,348.3333333333333,47.33306864531461,optimal
2021-02-09 10:00:00,21,120,0.2935525982379198,0.6192592592592592,0.0,0.2673999999999999,15.2145,6.0,-1,20.01563896652792,,1027.434093832719,0.0,0.0,557.3333333333333,47.16675243021967,optimal
2021-02-09 10:30:00,21,120,1.1428571428571428,0.0,0.0,0.1050666666666666,14.553,6.0,-1,20.0,,4000.0,0.0,0.0,0.0,47.00060253133982,optimal
2021-02-09 11:00:00,21,120,1.1428571428571428,0.0,0.0,0.0934666666666666,14.3325,6.0,-1,20.021043646627817,,4000.0,0.0,0.0,0.0,46.83461878235886,optimal
2021-02-09 11:30:00,21,120,1.1428571428571428,0.0774074074074074,0.0,0.1229333333333333,14.595,6.0,-1,20.04601268760734,,4000.0,0.0,0.0,69.66666666666666,46.66880101712688,optimal
2021-02-09 12:00:00,21,120,1.0494253730242633,0.4644444444444444,0.0,0.0905333333333333,14.994,6.0,-1,20.071953963497183,,3672.988805584922,0.0,0.0,418.0,46.50314906966013,optimal
2021-02-09 12:30:00,21,120,1.1428571428571428,0.4644444444444444,0.0,0.3394,14.3325,6.0,-1,20.094077502280005,,4000.0,0.0,0.0,418.0,46.33766277414085,optimal
2021-02-09 13:00:00,21,120,1.1428571428571428,0.0,0.0,0.0663333333333333,13.8915,6.0,-1,20.123171864277424,,4000.0,0.0,0.0,0.0,46.17234196491709,optimal
2021-02-09 13:30:00,21,120,1.1428571428571428,0.0,0.0,0.067,13.8915,6.0,-1,20.14664038111461,,4000.0,0.0,0.0,0.0,46.00718647650255,optimal
2021-02-09 14:00:00,21,120,1.1428571428571428,0.0,0.0,0.1294,13.4715,6.0,-1,20.168046553330733,,4000.0,0.0,0.0,0.0,45.84219614357642,optimal
2021-02-09 14:30:00,21,120,1.1428571428571428,0.0,0.0,0.067,13.23,6.0,-1,20.189521999328363,,4000.0,0.0,0.0,0.0,45.677370800983226,optimal
2021-02-09 15:00:00,21,120,1.1428571428571428,0.0,0.0,0.0656666666666666,13.8915,6.0,-1,20.21009556254374,,4000.0,0.0,0.0,0.0,45.51271028373262,optimal
2021-02-09 15:30:00,21,120,0.0,0.0774074074074074,0.0,0.3750666666666666,26.9325,6.0,-1,20.23002097302286,,0.0,0.0,0.0,69.66666666666666,45.34821442699927,optimal
2021-02-09 16:00:00,21,120,0.0,0.1548148148148148,0.0,0.3474666666666666,30.303,6.0,-1,20.20548680808355,,0.0,0.0,0.0,139.33333333333331,45.18388306612265,optimal
2021-02-09 16:30:00,21,120,0.0,0.2322222222222222,0.0,0.1157333333333333,32.886,6.0,-1,20.17894897900891,,0.0,0.0,0.0,209.0,45.0197160366069,optimal
2021-02-09 17:00:00,21,120,0.0,0.0774074074074074,0.0,0.1642333333333333,34.9965,6.0,-1,20.14675218409492,,0.0,0.0,0.0,69.66666666666666,44.85571317412067,optimal
2021-02-09 17:30:00,21,120,0.0,0.5418518518518518,0.0,1.2415999999999998,33.327,6.0,-1,20.11605317937081,,0.0,0.0,0.0,487.6666666666667,44.69187431449693,optimal
2021-02-09 18:00:00,21,120,0.0,0.3096296296296296,0.0,1.5324666666666666,31.122,6.0,-1,20.089083862886365,,0.0,0.0,0.0,278.66666666666663,44.52819929373281,optimal
2021-02-09 18:30:00,21,120,0.0,0.0774074074074074,0.0,0.3423333333333333,17.9025,6.0,-1,20.06269740177348,,0.0,0.0,0.0,69.66666666666666,44.36468794798946,optimal
2021-02-09 19:00:00,21,120,0.0,0.3096296296296296,0.0,0.1559333333333333,15.6555,6.0,-1,20.029886758824325,,0.0,0.0,0.0,278.66666666666663,44.20134011359185,optimal
2021-02-09 19:30:00,21,120,0.6432536531467011,0.0,0.0,0.2288,14.553,6.0,-1,20.0,,2251.387786013454,0.0,0.0,0.0,44.03815562702863,optimal
2021-02-09 20:00:00,21,120,0.621967938860981,0.3096296296296296,0.0,0.2446333333333333,14.3325,6.0,-1,20.0,,2176.887786013433,0.0,0.0,278.66666666666663,43.87513432495198,optimal
2021-02-09 20:30:00,21,120,0.0,0.0,0.0,0.4750333333333333,13.335,6.0,-1,20.0,,0.0,0.0,0.0,0.0,43.83125919062703,optimal
2021-02-09 21:00:00,21,120,0.0,0.3096296296296296,0.0,0.4146666666666667,12.1275,6.0,-1,19.976761020680783,,0.0,0.0,0.0,278.66666666666663,43.787427931436405,optimal
2021-02-09 21:30:00,21,120,0.0,5.728148148148147,0.0,0.4023333333333333,12.2955,6.0,-1,19.95155834337454,,0.0,0.0,0.0,5155.333333333332,43.74364050350497,optimal
2021-02-09 22:00:00,21,120,0.0,0.3096296296296296,0.0,0.2453333333333333,11.6865,6.0,-1,19.92799078055339,,0.0,0.0,0.0,278.66666666666663,43.69989686300146,optimal
2021-02-09 22:30:00,21,120,0.0,0.0,0.0,0.067,11.466,6.0,-1,19.89905024314312,,0.0,0.0,0.0,0.0,43.65619696613846,optimal
2021-02-09 23:00:00,21,120,0.0,0.0,0.0,0.1155333333333333,10.8045,6.0,-1,19.863708048872027,,0.0,0.0,0.0,0.0,43.61254076917232,optimal
2021-02-09 23:30:00,21,120,0.0,0.0,0.0,0.0808666666666666,10.584,6.0,-1,19.82912630059054,,0.0,0.0,0.0,0.0,43.568928228403145,optimal
2021-02-10 00:00:00,21,120,1.1428571428571428,0.0,0.0,0.0498333333333333,18.123,6.0,17,19.82912630059054,,4000.0,0.0,0.0,0.0,43.52535930017474,optimal
2021-02-10 00:30:00,21,120,0.0,0.0,0.0,0.046,31.647,6.0,17,19.84259178286513,,0.0,0.0,0.0,0.0,43.481833940874566,optimal
2021-02-10 01:00:00,21,120,0.0,0.0,0.0,0.046,34.9965,6.0,17,19.80653849120089,,0.0,0.0,0.0,0.0,43.43835210693369,optimal
2021-02-10 01:30:00,21,120,0.0,0.0,0.0,0.046,34.9965,6.0,17,19.7703584211676,,0.0,0.0,0.0,0.0,43.39491375482676,optimal
2021-02-10 02:00:00,21,120,0.0,0.0,0.0,0.046,34.9965,6.0,17,19.734051824111337,,0.0,0.0,0.0,0.0,43.351518841071936,optimal
2021-02-10 02:30:00,21,120,0.0,0.0,0.0,0.046,34.9965,6.0,17,19.697618950879885,,0.0,0.0,0.0,0.0,43.30816732223087,optimal
2021-02-10 03:00:00,21,120,0.0,0.0,0.0,0.048,34.9965,6.0,17,19.66125830810984,,0.0,0.0,0.0,0.0,43.26485915490864,optimal
2021-02-10 03:30:00,21,120,0.0,0.0,0.0,0.056,27.741,6.0,17,19.62496975259976,,0.0,0.0,0.0,0.0,43.221594295753725,optimal
2021-02-10 04:00:00,21,120,1.1428571428571428,0.0,0.0,0.0506666666666666,19.026,6.0,17,19.588753141432125,,4000.0,0.0,0.0,0.0,43.17837270145797,optimal
2021-02-10 04:30:00,21,120,1.1428571428571428,0.0,0.0,0.046,18.7215,6.0,17,19.60133770489076,,4000.0,0.0,0.0,0.0,43.13519432875652,optimal
2021-02-10 05:00:00,21,120,1.1428571428571428,0.0,0.0,0.046,17.4195,6.0,17,19.61369906237511,,4000.0,0.0,0.0,0.0,43.09205913442776,optimal
2021-02-10 05:30:00,21,120,1.1428571428571428,0.0,0.0,0.046,16.758,6.0,17,19.625837656405064,,4000.0,0.0,0.0,0.0,43.04896707529333,optimal
2021-02-10 06:00:00,21,120,1.1428571428571428,0.0,0.0,0.048,14.217,6.0,17,19.637753928623173,,4000.0,0.0,0.0,0.0,43.00591810821804,optimal
2021-02-10 06:30:00,21,120,1.1428571428571428,0.0,0.0,0.056,13.3665,6.0,17,19.6494483197964,,4000.0,0.0,0.0,0.0,42.96291219010982,optimal
2021-02-10 07:00:00,21,120,1.1428571428571428,2.941481481481482,0.0,0.076,12.789,6.0,17,19.661516038676268,,4000.0,0.0,0.0,2647.333333333333,42.919949277919706,optimal
2021-02-10 07:30:00,21,120,1.1428571428571428,28.00885762752668,0.9725902141247084,0.0756666666666666,11.907,6.0,17,19.67720090919726,,4000.0,25207.97186477401,0.0,0.0,43.33900968035103,optimal
2021-02-10 08:00:00,21,120,1.1428571428571428,0.0,5.0,0.0705333333333333,11.7075,6.0,17,20.0,,4000.0,0.0,0.0,0.0,45.670670670670674,optimal
2021-02-10 08:30:00,21,120,1.1428571428571428,0.6192592592592592,5.0,0.0673333333333333,10.8045,6.0,17,20.01470190812188,,4000.0,0.0,0.0,557.3333333333333,48.0,optimal
2021-02-10 09:00:00,21,120,1.1428571428571428,0.0,0.0,0.063,11.508,6.0,17,20.031504728800552,,4000.0,0.0,0.0,0.0,47.82564921275194,optimal
2021-02-10 09:30:00,21,120,1.1428571428571428,0.1548148148148148,0.0,0.0546666666666666,11.508,6.0,17,20.04850644661065,,4000.0,0.0,0.0,139.33333333333331,47.65147277629113,optimal
2021-02-10 10:00:00,21,120,1.1428571428571428,0.1548148148148148,0.0,0.064,11.508,6.0,17,20.063044666389462,,4000.0,0.0,0.0,139.33333333333331,47.47747051626678,optimal
2021-02-10 10:30:00,21,120,1.1428571428571428,0.0,0.0,0.0724,11.844,6.0,17,20.08111600204664,,4000.0,0.0,0.0,0.0,47.30364225850245,optimal
2021-02-10 11:00:00,21,120,1.1428571428571428,0.0774074074074074,0.0,0.0723333333333333,11.508,6.0,17,20.10018673849568,,4000.0,0.0,0.0,69.66666666666666,47.12998782899589,optimal
2021-02-10 11:30:00,21,120,1.1428571428571428,0.0,0.0,0.06,11.508,6.0,17,20.12167349620184,,4000.0,0.0,0.0,0.0,46.956507053918834,optimal
2021-02-10 12:00:00,21,120,1.1428571428571428,0.4644444444444444,0.0,0.0556,10.4475,6.0,17,20.14042057443875,,4000.0,0.0,0.0,418.0,46.783199759616856,optimal
2021-02-10 12:30:00,21,120,1.1428571428571428,0.0,0.0,0.056,10.8675,6.0,17,20.16240980233288,,4000.0,0.0,0.0,0.0,46.61006577260918,optimal
2021-02-10 13:00:00,21,120,1.1428571428571428,0.0,0.0,0.056,10.542,6.0,17,20.182957308275803,,4000.0,0.0,0.0,0.0,46.43710491958851,optimal
2021-02-10 13:30:00,21,120,1.1428571428571428,0.3096296296296296,0.0,0.0553333333333333,11.025,6.0,17,20.20301168214639,,4000.0,0.0,0.0,278.66666666666663,46.26431702742087,optimal
2021-02-10 14:00:00,21,120,1.1428571428571428,0.0,0.0,0.056,11.025,6.0,17,20.22401162278849,,4000.0,0.0,0.0,0.0,46.091701923145386,optimal
2021-02-10 14:30:00,21,120,1.1428571428571428,0.0,0.0,0.056,14.553,6.0,17,20.244422175554966,,4000.0,0.0,0.0,0.0,45.91925943397418,optimal
2021-02-10 15:00:00,21,120,1.1428571428571428,0.0,0.0,0.056,13.0935,6.0,17,20.264792263117545,,4000.0,0.0,0.0,0.0,45.74698938729215,optimal
2021-02-10 15:30:00,21,120,1.1428571428571428,0.0,0.0,0.056,15.6345,6.0,17,20.28318312848607,,4000.0,0.0,0.0,0.0,45.574891610656806,optimal
2021-02-10 16:00:00,21,120,0.0,0.0,0.0,0.056,18.102,6.0,17,20.30114102023565,,0.0,0.0,0.0,0.0,45.40296593179809,optimal
2021-02-10 16:30:00,21,120,0.0,0.0,0.0,0.056,17.199,6.0,17,20.267029168023274,,0.0,0.0,0.0,0.0,45.23121217861824,optimal
2021-02-10 17:00:00,21,120,0.0,0.0,0.0,0.0726666666666666,18.2805,6.0,17,20.232588432129955,,0.0,0.0,0.0,0.0,45.05963017919156,optimal
2021-02-10 17:30:00,21,120,0.0,0.0,0.0,0.081,17.4615,6.0,17,20.19639831611496,,0.0,0.0,0.0,0.0,44.88821976176431,optimal
2021-02-10 18:00:00,21,120,0.0,0.0,0.0,0.0803,18.3225,6.0,17,20.161664314633704,,0.0,0.0,0.0,0.0,44.71698075475449,optimal
2021-02-10 18:30:00,21,120,0.0,0.0,0.0,0.2728,17.094,6.0,17,20.126118843883688,,0.0,0.0,0.0,0.0,44.54591298675168,optimal
2021-02-10 19:00:00,21,120,0.0,0.0,0.0,0.056,17.094,6.0,17,20.091708626461823,,0.0,0.0,0.0,0.0,44.37501628651687,optimal
2021-02-10 19:30:00,21,120,0.6951319672810218,0.0,0.0,0.056,17.094,6.0,17,20.051694981929224,,2432.961885483576,0.0,0.0,0.0,44.20429048298229,optimal
2021-02-10 20:00:00,21,120,0.0,0.0,0.0,0.056,17.3565,6.0,17,20.04090420300013,,0.0,0.0,0.0,0.0,44.03373540525126,optimal
2021-02-10 20:30:00,21,120,0.0,0.0,0.0,0.056,17.115,6.0,17,20.0,,0.0,0.0,0.0,0.0,43.86335088259795,optimal
2021-02-10 21:00:00,21,120,0.0,0.0,0.0,0.06,17.241,6.0,17,19.959077764010544,,0.0,0.0,0.0,0.0,43.693136744467296,optimal
2021-02-10 21:30:00,21,120,0.0,0.0,0.0,0.0829333333333333,17.094,6.0,17,19.919197394644264,,0.0,0.0,0.0,0.0,43.52309282047477,optimal
2021-02-10 22:00:00,21,120,0.0,2.012592592592592,0.0,0.193,16.5165,6.0,17,19.880559009092583,,0.0,0.0,0.0,1811.333333333333,43.4795697276543,optimal
2021-02-10 22:30:00,21,120,0.0,0.5418518518518518,0.0,0.1989666666666666,17.8185,6.0,17,19.8453830166058,,0.0,0.0,0.0,487.6666666666667,43.43609015792665,optimal
2021-02-10 23:00:00,21,120,0.0,0.4644444444444444,0.0,0.1825666666666666,17.094,6.0,17,19.80865587958369,,0.0,0.0,0.0,418.0,43.39265406776872,optimal
2021-02-10 23:30:00,21,120,0.0,0.0,0.0,0.163,16.8945,6.0,17,19.7736979253292,,0.0,0.0,0.0,0.0,43.34926141370096,optimal
2021-02-11 00:00:00,21,120,1.1428571428571428,0.0,0.0,0.3525,11.6865,6.0,-2,19.7736979253292,,4000.0,0.0,0.0,0.0,43.305912152287256,optimal
2021-02-11 00:30:00,21,120,1.1428571428571428,0.0,0.0,0.1643333333333333,11.2245,6.0,-2,19.784018539558502,,4000.0,0.0,0.0,0.0,43.26260624013497,optimal
2021-02-11 01:00:00,21,120,1.1428571428571428,0.0,0.0,0.1946,11.025,6.0,-2,19.790938994600968,,4000.0,0.0,0.0,0.0,43.21934363389484,optimal
2021-02-11 01:30:00,21,120,1.1428571428571428,0.0,1.5508668890453536,0.23,10.7835,6.0,-2,19.797966018695742,,4000.0,0.0,0.0,0.0,43.91278606255748,optimal
2021-02-11 02:00:00,21,120,1.1428571428571428,0.0,0.0,0.0876,11.025,6.0,-2,19.80541036622385,,4000.0,0.0,0.0,0.0,43.86887327649492,optimal
2021-02-11 02:30:00,21,120,1.1428571428571428,0.0,5.0,0.1003333333333333,10.584,6.0,-2,19.81110518918913,,4000.0,0.0,0.0,0.0,46.200004403218415,optimal
2021-02-11 03:00:00,21,120,1.1428571428571428,0.0,0.0,0.2334,11.025,6.0,-2,19.8167455873609,,4000.0,0.0,0.0,0.0,46.15380439881519,optimal
2021-02-11 03:30:00,21,120,1.1428571428571428,0.0,5.0,0.1666666666666666,10.4265,6.0,-2,19.823797610608327,,4000.0,0.0,0.0,0.0,48.48265059441637,optimal
2021-02-11 04:00:00,21,120,1.1428571428571428,0.0,0.0,0.1348,12.789,6.0,-2,19.830518325120188,,4000.0,0.0,0.0,0.0,48.434167943821954,optimal
2021-02-11 04:30:00,21,120,1.1428571428571428,0.0,0.0,0.2240666666666666,12.684,6.0,-2,19.837333145437483,,4000.0,0.0,0.0,0.0,48.38573377587813,optimal
2021-02-11 05:00:00,21,120,1.1428571428571428,0.0,0.0,0.1548666666666666,16.254,6.0,-2,19.84518132430664,,4000.0,0.0,0.0,0.0,48.33734804210225,optimal
2021-02-11 05:30:00,21,120,1.1428571428571428,0.0,0.0,0.1609333333333333,17.64,6.0,-2,19.852089709894816,,4000.0,0.0,0.0,0.0,48.28901069406015,optimal
2021-02-11 06:00:00,21,120,1.1428571428571428,0.0,0.0,0.2225333333333333,19.1625,6.0,-2,19.859594553916,,4000.0,0.0,0.0,0.0,48.24072168336608,optimal
2021-02-11 06:30:00,21,120,0.0,0.0,0.0,0.1369333333333333,26.46,6.0,-2,19.86837119998118,,0.0,0.0,0.0,0.0,48.19248096168271,optimal
2021-02-11 07:00:00,21,120,1.1428571428571428,0.0,0.0,0.1253333333333333,20.79,6.0,-2,19.8277726893892,,4000.0,0.0,0.0,0.0,48.144288480721016,optimal
2021-02-11 07:30:00,21,120,0.0,18.432813920686623,0.0,0.2522666666666667,29.106,6.0,-2,19.836338366348407,,0.0,16589.53252861796,0.0,0.0,48.096144192240295,optimal
2021-02-11 08:00:00,21,120,1.1428571428571428,5.728148148148147,0.0,0.223,19.1835,6.0,-2,20.0,,4000.0,0.0,0.0,5155.333333333332,48.048048048048045,optimal
2021-02-11 08:30:00,21,120,0.6342487680086745,0.0774074074074074,0.0,0.2031333333333333,19.6665,6.0,-2,20.01071630619876,,2219.8706880303607,0.0,0.0,69.66666666666666,48.0,optimal
2021-02-11 09:00:00,21,120,0.641355501927639,0.4644444444444444,0.0,0.8660666666666668,19.404,6.0,-2,20.0,,2244.7442567467365,0.0,0.0,418.0,47.77874505108322,optimal
2021-02-11 09:30:00,21,120,0.5012245853441369,0.774074074074074,0.0,1.2105,19.047,6.0,-2,20.0,,1754.2860487044795,0.0,0.0,696.6666666666666,47.55771135711536,optimal
2021-02-11 10:00:00,21,120,1.1428571428571428,0.774074074074074,0.0,0.2516666666666666,18.858,6.0,-2,20.00233329133843,,4000.0,0.0,0.0,696.6666666666666,47.336898696841466,optimal
2021-02-11 10:30:00,21,120,0.0,1.470740740740741,0.0,0.2250666666666666,19.2675,6.0,-2,20.02659643242814,,0.0,0.0,0.0,1323.6666666666667,47.11630684922785,optimal
2021-02-11 11:00:00,21,120,0.5845547605410634,0.0,0.0,0.3358666666666666,18.963,6.0,-2,20.0,,2045.9416618937216,0.0,0.0,0.0,46.89593559346184,optimal
2021-02-11 11:30:00,21,120,1.1428571428571428,0.0774074074074074,0.0,0.3985333333333333,18.438,6.0,-2,20.0,,4000.0,0.0,0.0,69.66666666666666,46.6757847089516,optimal
2021-02-11 12:00:00,21,120,0.1054164599677921,0.0,0.0,0.3518,18.7425,6.0,-2,20.026281137781528,,368.95760988727255,0.0,0.0,0.0,46.45585397532587,optimal
2021-02-11 12:30:00,21,120,1.1428571428571428,0.2322222222222222,0.0,0.2273333333333332,15.2145,6.0,-2,20.01187960669748,,4000.0,0.0,0.0,209.0,46.23614317243377,optimal
2021-02-11 13:00:00,21,120,1.1428571428571428,0.0,0.0,0.2508,17.7765,6.0,-2,20.04514434679773,,4000.0,0.0,0.0,0.0,46.01665208034456,optimal
2021-02-11 13:30:00,21,120,1.1428571428571428,0.2322222222222222,0.0,0.2204,16.758,6.0,-2,20.08006798116856,,4000.0,0.0,0.0,209.0,45.79738047934743,optimal
2021-02-11 14:00:00,21,120,1.1428571428571428,0.3096296296296296,0.0,0.206,16.422,6.0,-2,20.11454156614352,,4000.0,0.0,0.0,278.66666666666663,45.5783281499513,optimal
2021-02-11 14:30:00,21,120,1.1428571428571428,0.2322222222222222,0.0,0.4411333333333333,16.758,6.0,-2,20.14971503489258,,4000.0,0.0,0.0,209.0,45.359494872884575,optimal
2021-02-11 15:00:00,21,120,0.0,0.2322222222222222,0.0,0.303,29.358,6.0,-2,20.185470615876067,,0.0,0.0,0.0,209.0,45.14088042909491,optimal
2021-02-11 15:30:00,21,120,0.0,0.0,0.0,0.3364,34.9965,6.0,-2,20.16682469741409,,0.0,0.0,0.0,0.0,44.92248459974904,optimal
2021-02-11 16:00:00,21,120,0.0,0.0,0.0,0.4090666666666667,34.65,6.0,-2,20.146592426667084,,0.0,0.0,0.0,0.0,44.70430716623251,optimal
2021-02-11 16:30:00,21,120,0.0,3.9477777777777776,0.0,0.3137666666666666,34.9965,6.0,-2,20.12236295140079,,0.0,0.0,0.0,3553.0,44.65960285906628,optimal
2021-02-11 17:00:00,21,120,0.0,1.0837037037037036,0.0,0.5812,34.9965,6.0,-2,20.096128950819168,,0.0,0.0,0.0,975.3333333333334,44.61494325620721,optimal
2021-02-11 17:30:00,21,120,0.0,0.1548148148148148,0.0,0.2752666666666666,30.4815,6.0,-2,20.06773920545276,,0.0,0.0,0.0,139.33333333333331,44.570328312951006,optimal
2021-02-11 18:00:00,21,120,0.0,0.5418518518518518,0.0,0.3972333333333333,21.4305,6.0,-2,20.034831762267103,,0.0,0.0,0.0,487.6666666666667,44.525757984638055,optimal
2021-02-11 18:30:00,21,120,0.807815686668959,2.322222222222221,0.0,0.4579,14.3325,6.0,-2,20.0,,2827.3549033413565,0.0,0.0,2089.9999999999995,44.48123222665342,optimal
2021-02-11 19:00:00,21,120,1.1428571428571428,0.0,0.0,0.6123,13.692,6.0,-2,20.0,,4000.0,0.0,0.0,0.0,44.43675099442677,optimal
2021-02-11 19:30:00,21,120,0.5259837463243384,0.0774074074074074,0.0,0.4413999999999999,14.007,6.0,-2,20.015822291543447,,1840.9431121351845,0.0,0.0,69.66666666666666,44.39231424343234,optimal
2021-02-11 20:00:00,21,120,0.9495741649784764,0.0,0.0,0.3742,12.873,6.0,-2,20.0,,3323.5095774246674,0.0,0.0,0.0,44.34792192918891,optimal
2021-02-11 20:30:00,21,120,0.0,0.2322222222222222,0.0,0.6286,12.684,6.0,-2,20.0,,0.0,0.0,0.0,209.0,44.30357400725972,optimal
2021-02-11 21:00:00,21,120,0.0,0.4644444444444444,0.0,0.6050333333333333,12.306,6.0,-2,19.964205000461,,0.0,0.0,0.0,418.0,44.25927043325246,optimal
2021-02-11 21:30:00,21,120,0.0,0.0,0.0,0.5790666666666667,10.6365,6.0,-2,19.929435746559392,,0.0,0.0,0.0,0.0,44.21501116281921,optimal
2021-02-11 22:00:00,21,120,0.0,0.0,0.0,0.5372666666666667,11.2455,6.0,-2,19.896071331378955,,0.0,0.0,0.0,0.0,44.17079615165639,optimal
2021-02-11 22:30:00,21,120,0.0,0.0,0.0,0.3566666666666667,11.2455,6.0,-2,19.86101018769914,,0.0,0.0,0.0,0.0,44.126625355504736,optimal
2021-02-11 23:00:00,21,120,0.0,0.0,0.0,0.0818666666666666,11.025,6.0,-2,19.82163927368825,,0.0,0.0,0.0,0.0,44.08249873014923,optimal
2021-02-11 23:30:00,21,120,0.0,0.0,0.0,0.31,12.0855,6.0,-2,19.772234935169315,,0.0,0.0,0.0,0.0,44.038416231419085,optimal
2021-02-12 00:00:00,21,120,1.1428571428571428,0.0,0.0,0.062,13.671,6.0,6,19.772234935169315,,4000.0,0.0,0.0,0.0,43.99437781518767,optimal
2021-02-12 00:30:00,21,120,1.1428571428571428,0.0,0.0,0.062,10.668,6.0,6,19.7709514764371,,4000.0,0.0,0.0,0.0,43.95038343737248,optimal
2021-02-12 01:00:00,21,120,1.1428571428571428,0.0,0.0,0.062,11.7285,6.0,6,19.769670562242503,,4000.0,0.0,0.0,0.0,43.90643305393511,optimal
2021-02-12 01:30:00,21,120,1.1428571428571428,0.0,0.0,0.062,11.025,6.0,6,19.76839218754081,,4000.0,0.0,0.0,0.0,43.86252662088118,optimal
2021-02-12 02:00:00,21,120,1.1428571428571428,0.0,0.0,0.2218666666666666,10.689,6.0,6,19.76731460358347,,4000.0,0.0,0.0,0.0,43.81866409426029,optimal
2021-02-12 02:30:00,21,120,1.1428571428571428,0.0,5.0,0.062,8.1585,6.0,6,19.76838496289448,,4000.0,0.0,0.0,0.0,46.14984543016603,optimal
2021-02-12 03:00:00,21,120,1.1428571428571428,0.0,0.0,0.1274,10.3635,6.0,6,19.76810041840499,,4000.0,0.0,0.0,0.0,46.10369558473587,optimal
2021-02-12 03:30:00,21,120,1.1428571428571428,0.0,0.0,0.1564666666666666,10.8045,6.0,6,19.769207932148458,,4000.0,0.0,0.0,0.0,46.057591889151134,optimal
2021-02-12 04:00:00,21,120,1.1428571428571428,0.0,0.0,0.062,11.025,6.0,6,19.772055144289126,,4000.0,0.0,0.0,0.0,46.01153429726198,optimal
2021-02-12 04:30:00,21,120,1.1428571428571428,0.0,0.0,0.062,10.3635,6.0,6,19.77513368029861,,4000.0,0.0,0.0,0.0,45.96552276296472,optimal
2021-02-12 05:00:00,21,120,1.1428571428571428,0.0,0.0,0.2218666666666666,10.8045,6.0,6,19.77959390691989,,4000.0,0.0,0.0,0.0,45.91955724020176,optimal
2021-02-12 05:30:00,21,120,1.1428571428571428,0.0,0.0,0.062,10.059,6.0,6,19.78738063546875,,4000.0,0.0,0.0,0.0,45.87363768296155,optimal
2021-02-12 06:00:00,21,120,1.1428571428571428,0.3096296296296296,0.0,0.2533333333333333,10.584,6.0,6,19.79479042602357,,4000.0,0.0,0.0,278.66666666666663,45.82776404527859,optimal
2021-02-12 06:30:00,21,120,1.1428571428571428,0.6192592592592592,5.0,0.4118666666666666,9.4185,6.0,6,19.80678873683176,,4000.0,0.0,0.0,557.3333333333333,48.156936281233314,optimal
2021-02-12 07:00:00,21,120,1.1428571428571428,2.70925925925926,0.0,1.2151333333333334,10.3635,6.0,6,19.822808700512542,,4000.0,0.0,0.0,2438.333333333333,48.10877934495208,optimal
2021-02-12 07:30:00,21,120,1.1428571428571428,14.314676245004248,0.2774955706854299,0.1728,9.8385,6.0,6,19.838180851465165,,4000.0,12325.87528717049,0.0,557.3333333333333,48.19248096168271,optimal
2021-02-12 08:00:00,21,120,1.1428571428571428,0.3096296296296296,0.0,0.2955333333333333,11.067,6.0,6,20.0,,4000.0,0.0,0.0,278.66666666666663,48.144288480721016,optimal
2021-02-12 08:30:00,21,120,1.1428571428571428,0.387037037037037,0.0,1.4755333333333334,10.8465,6.0,6,20.015438318633606,,4000.0,0.0,0.0,348.3333333333333,48.096144192240295,optimal
2021-02-12 09:00:00,21,120,0.8691542185444888,1.935185185185185,0.0,2.831833333333333,13.671,6.0,6,20.04247763202199,,3042.039764905711,0.0,0.0,1741.6666666666667,48.048048048048045,optimal
2021-02-12 09:30:00,21,120,1.1428571428571428,0.4644444444444444,0.0,3.6186666666666665,12.348,6.0,6,20.05589644096632,,4000.0,0.0,0.0,418.0,48.0,optimal
2021-02-12 10:00:00,21,120,0.0,0.0774074074074074,0.0,2.851633333333333,14.3325,6.0,6,20.08968501245853,,0.0,0.0,0.0,69.66666666666666,47.875094064156166,optimal
2021-02-12 10:30:00,21,120,0.0,0.0,0.0,0.5624333333333332,15.393,6.0,6,20.07558302393029,,0.0,0.0,0.0,0.0,47.75031303424818,optimal
2021-02-12 11:00:00,21,120,1.1428571428571428,3.173703703703704,0.0,0.4993666666666667,13.587,6.0,6,20.053540477374668,,4000.0,0.0,0.0,2856.333333333333,47.6256567853701,optimal
2021-02-12 11:30:00,21,120,0.0,0.2322222222222222,0.0,0.4378333333333333,16.1385,6.0,6,20.081551449646778,,0.0,0.0,0.0,209.0,47.50112519274089,optimal
2021-02-12 12:00:00,21,120,0.0,0.0,0.0,0.2702333333333332,14.595,6.0,6,20.061218236534778,,0.0,0.0,0.0,0.0,47.37671813170432,optimal
2021-02-12 12:30:00,21,120,0.0,0.0,0.0,0.248,14.637,6.0,6,20.03933859878862,,0.0,0.0,0.0,0.0,47.25243547772879,optimal
2021-02-12 13:00:00,21,120,0.0,0.0774074074074074,0.0,0.6255333333333333,13.9125,6.0,6,20.017330612844948,,0.0,0.0,0.0,69.66666666666666,47.128277106407225,optimal
2021-02-12 13:30:00,21,120,0.5165870301706987,0.0,0.0,0.4158666666666666,13.3665,6.0,6,20.0,,1808.0546055974453,0.0,0.0,0.0,47.00424289345698,optimal
2021-02-12 14:00:00,21,120,1.1428571428571428,0.0,0.0,0.4829,13.0095,6.0,6,20.0,,4000.0,0.0,0.0,0.0,46.88033271471969,optimal
2021-02-12 14:30:00,21,120,0.0,1.6255555555555554,0.0,0.312,13.8915,6.0,6,20.028958139291763,,0.0,0.0,0.0,1463.0,46.75654644616114,optimal
2021-02-12 15:00:00,21,120,0.6003271994521812,0.0,0.0,0.072,13.188,6.0,6,20.00432143936986,,2101.145198082634,0.0,0.0,0.0,46.63288396387114,optimal
2021-02-12 15:30:00,21,120,0.5010807886569628,0.3096296296296296,0.0,0.3186333333333333,12.5685,6.0,6,20.0,,1753.7827602993698,0.0,0.0,278.66666666666663,46.50934514406344,optimal
2021-02-12 16:00:00,21,120,0.4030193850274804,0.2322222222222222,0.0,0.9965333333333332,12.285,6.0,6,20.0,,1410.5678475961818,0.0,0.0,209.0,46.38592986307554,optimal
2021-02-12 16:30:00,21,120,1.1428571428571428,0.0,0.0,0.1228666666666666,11.487,6.0,6,20.0,,4000.0,0.0,0.0,0.0,46.26263799736863,optimal
2021-02-12 17:00:00,21,120,1.1428571428571428,0.4644444444444444,0.0,1.703733333333333,11.802,6.0,6,20.015082999119635,,4000.0,0.0,0.0,418.0,46.13946942352743,optimal
2021-02-12 17:30:00,21,120,1.1428571428571428,0.0,0.0,0.2547666666666667,11.2245,6.0,6,20.043699071547863,,4000.0,0.0,0.0,0.0,46.01642401826007,optimal
2021-02-12 18:00:00,21,120,1.1428571428571428,0.0,0.0,0.3525,11.025,6.0,6,20.064167864074104,,4000.0,0.0,0.0,0.0,45.89350165839797,optimal
2021-02-12 18:30:00,21,120,0.7497240261135278,0.0774074074074074,0.0,0.3470333333333333,11.907,6.0,6,20.08448917569389,,2624.034091397348,0.0,0.0,69.66666666666666,45.77070222089574,optimal
2021-02-12 19:00:00,21,120,0.0,0.0,0.0,0.4228,25.83,6.0,6,20.088512013990176,,0.0,0.0,0.0,0.0,45.64802558283101,optimal
2021-02-12 19:30:00,21,120,0.0,0.0,0.0,0.3808666666666667,28.035,6.0,6,20.06063141747149,,0.0,0.0,0.0,0.0,45.52547162140435,optimal
2021-02-12 20:00:00,21,120,0.0,0.0774074074074074,0.0,0.2216666666666666,28.119,6.0,6,20.03193375004319,,0.0,0.0,0.0,69.66666666666666,45.40304021393912,optimal
2021-02-12 20:30:00,21,120,0.0,0.774074074074074,0.0,0.3375666666666667,30.156,6.0,6,20.0,,0.0,0.0,0.0,696.6666666666666,45.28073123788134,optimal
2021-02-12 21:00:00,21,120,0.0,0.0,0.0,0.3852333333333333,29.1585,6.0,6,19.96968064374049,,0.0,0.0,0.0,0.0,45.15854457079963,optimal
2021-02-12 21:30:00,21,120,0.0,0.0,0.0,0.1856666666666666,26.712,6.0,6,19.94020621123836,,0.0,0.0,0.0,0.0,45.036480090385,optimal
2021-02-12 22:00:00,21,120,0.0,0.6966666666666667,0.0,0.298,15.435,6.0,6,19.9109189854964,,0.0,0.0,0.0,627.0,44.91453767445078,optimal
2021-02-12 22:30:00,21,120,0.0,0.2322222222222222,0.0,0.0883333333333333,13.566,6.0,6,19.881565608704367,,0.0,0.0,0.0,209.0,44.79271720093249,optimal
2021-02-12 23:00:00,21,120,0.0,0.3096296296296296,0.0,0.1826666666666666,12.789,6.0,6,19.84935884679517,,0.0,0.0,0.0,278.66666666666663,44.74792448373156,optimal
2021-02-12 23:30:00,21,120,0.0,0.1548148148148148,0.0,0.2040333333333333,12.1275,6.0,6,19.81896897600674,,0.0,0.0,0.0,139.33333333333331,44.70317655924783,optimal
2021-02-13 00:00:00,21,120,1.1428571428571428,0.0,5.0,0.058,9.702,6.0,-14,19.81896897600674,,4000.0,0.0,0.0,0.0,47.03347338268858,optimal
2021-02-13 00:30:00,21,120,1.1428571428571428,0.0,0.0,0.058,10.584,6.0,-14,19.82963131570233,,4000.0,0.0,0.0,0.0,46.98643990930589,optimal
2021-02-13 01:00:00,21,120,1.1428571428571428,0.0,3.555655701602922,0.0766666666666666,10.143,6.0,-14,19.84037164478229,,4000.0,0.0,0.0,0.0,48.62838992765797,optimal
2021-02-13 01:30:00,21,120,1.1428571428571428,0.0,0.0,0.1065333333333333,13.0095,6.0,-14,19.85141721236805,,4000.0,0.0,0.0,0.0,48.57976153773031,optimal
2021-02-13 02:00:00,21,120,1.1428571428571428,0.0,0.0,0.1254666666666666,11.025,6.0,-14,19.862903855549256,,4000.0,0.0,0.0,0.0,48.53118177619257,optimal
2021-02-13 02:30:00,21,120,1.1428571428571428,0.0,0.0,0.1169333333333333,12.789,6.0,-14,19.874697506246505,,4000.0,0.0,0.0,0.0,48.48265059441637,optimal
2021-02-13 03:00:00,21,120,1.1428571428571428,0.0,0.0,0.1214666666666666,12.1275,6.0,-14,19.88636381929432,,4000.0,0.0,0.0,0.0,48.434167943821954,optimal
2021-02-13 03:30:00,21,120,1.1428571428571428,0.0,0.0,0.058,12.1695,6.0,-14,19.898062229765795,,4000.0,0.0,0.0,0.0,48.38573377587813,optimal
2021-02-13 04:00:00,21,120,1.1428571428571428,0.0,0.0,0.114,12.306,6.0,-14,19.9088651465431,,4000.0,0.0,0.0,0.0,48.33734804210225,optimal
2021-02-13 04:30:00,21,120,1.1428571428571428,0.0,0.0,0.0998666666666666,13.23,6.0,-14,19.9202297289366,,4000.0,0.0,0.0,0.0,48.28901069406015,optimal
2021-02-13 05:00:00,21,120,1.1428571428571428,0.0,0.0,0.1904,13.671,6.0,-14,19.93120134692732,,4000.0,0.0,0.0,0.0,48.24072168336608,optimal
2021-02-13 05:30:00,21,120,1.1428571428571428,0.6192592592592592,0.0,0.1498,13.9335,6.0,-14,19.9436434598717,,4000.0,0.0,0.0,557.3333333333333,48.19248096168271,optimal
2021-02-13 06:00:00,21,120,1.1428571428571428,0.387037037037037,0.0,0.2161333333333333,13.293,6.0,-14,19.95694078663472,,4000.0,0.0,0.0,348.3333333333333,48.144288480721016,optimal
2021-02-13 06:30:00,21,120,1.1428571428571428,0.3096296296296296,0.0,0.1824666666666666,12.1065,6.0,-14,19.97203373291096,,4000.0,0.0,0.0,278.66666666666663,48.096144192240295,optimal
2021-02-13 07:00:00,21,120,1.1428571428571428,0.4644444444444444,0.0,0.1165333333333333,11.571,6.0,-14,19.987017120078548,,4000.0,0.0,0.0,418.0,48.048048048048045,optimal
2021-02-13 07:30:00,21,120,1.1428571428571428,0.3096296296296296,0.0,0.5534666666666667,11.025,6.0,-14,20.000464206875016,,4000.0,0.0,0.0,278.66666666666663,48.0,optimal
2021-02-13 08:00:00,21,120,1.1428571428571428,0.2322222222222222,0.0,0.1496666666666666,10.8465,6.0,-14,20.018500478741466,,4000.0,0.0,0.0,209.0,47.81446773838106,optimal
2021-02-13 08:30:00,21,120,1.1428571428571428,0.0,0.0,0.1881,11.2455,6.0,-14,20.029993841076383,,4000.0,0.0,0.0,0.0,47.62912100902374,optimal
2021-02-13 09:00:00,21,120,0.0,0.2322222222222222,0.0,0.2095333333333333,23.8665,6.0,-14,20.040093542491363,,0.0,0.0,0.0,209.0,47.44395962639578,optimal
2021-02-13 09:30:00,21,120,0.0,1.930107075596389,0.0,1.3760666666666663,27.4575,6.0,-14,20.00352288612504,,0.0,1737.0963680367502,0.0,0.0,47.258983405150445,optimal
2021-02-13 10:00:00,21,120,0.0,3.0353689460602475,0.0,0.0599,27.3735,6.0,-14,20.0,,0.0,2731.832051454223,0.0,0.0,47.07419216012636,optimal
2021-02-13 10:30:00,21,120,0.0,3.0225129821733785,0.0,0.0933333333333333,30.4605,6.0,-14,20.0,,0.0,2720.2616839560405,0.0,0.0,46.8895857063473,optimal
2021-02-13 11:00:00,21,120,0.0,2.4719171427164235,0.0,1.1979333333333333,30.0195,6.0,-14,20.0,,0.0,2224.725428444781,0.0,0.0,46.705163859022015,optimal
2021-02-13 11:30:00,21,120,0.0,2.6612389566073853,0.0,0.2892333333333333,26.9325,6.0,-14,20.0,,0.0,2116.44839427998,0.0,278.66666666666663,46.520926433544055,optimal
2021-02-13 12:00:00,21,120,0.5334743769484591,0.0774074074074074,0.0,0.3364,14.595,6.0,-14,20.0,,1867.160319319607,0.0,0.0,69.66666666666666,46.33687324549157,optimal
2021-02-13 12:30:00,21,120,0.5234265479018261,0.0774074074074074,0.0,0.3640666666666666,12.4845,6.0,-14,20.0,,1831.9929176563912,0.0,0.0,69.66666666666666,46.15300411062714,optimal
2021-02-13 13:00:00,21,120,0.8938245399783884,0.0,0.0,0.1028,12.1275,6.0,-14,20.0,,3128.38588992436,0.0,0.0,0.0,45.96931884489758,optimal
2021-02-13 13:30:00,21,120,1.1428571428571428,0.0,0.0,0.1039333333333333,12.1275,6.0,-14,20.00954832790292,,4000.0,0.0,0.0,0.0,45.78581726443375,optimal
2021-02-13 14:00:00,21,120,0.0,0.0,0.0,0.1895333333333333,12.789,6.0,-14,20.029871543810263,,0.0,0.0,0.0,0.0,45.60249918555038,optimal
2021-02-13 14:30:00,21,120,0.7202192154068859,0.0,0.0,0.0926666666666666,11.907,6.0,-14,20.0,,2520.7672539241007,0.0,0.0,0.0,45.41936442474589,optimal
2021-02-13 15:00:00,21,120,0.7133899411702965,0.2322222222222222,0.0,0.2286666666666666,11.025,6.0,-14,20.0,,2496.8647940960377,0.0,0.0,209.0,45.23641279870221,optimal
2021-02-13 15:30:00,21,120,1.1428571428571428,0.0,0.0,0.3097333333333333,8.2005,6.0,-14,20.0,,4000.0,0.0,0.0,0.0,45.053644124284574,optimal
2021-02-13 16:00:00,21,120,0.0,2.2448148148148146,0.0,1.7314666666666667,9.5655,6.0,-14,20.0210258449006,,0.0,0.0,0.0,2020.3333333333333,44.87105821854135,optimal
2021-02-13 16:30:00,21,120,1.1428571428571428,0.1548148148148148,0.0,0.3936666666666666,7.056,6.0,-14,20.00190541572114,,4000.0,0.0,0.0,139.33333333333331,44.688654898703874,optimal
2021-02-13 17:00:00,21,120,0.6623333156010838,0.5062444444444444,0.0,0.4206,9.3975,6.0,-14,20.0256733929324,,2318.166604603793,0.0,0.0,455.62,44.50643398218623,optimal
2021-02-13 17:30:00,21,120,0.0,0.3452370370370369,0.0,0.4509333333333333,10.059,6.0,-14,20.02716953284386,,0.0,0.0,0.0,310.71333333333325,44.32439528658511,optimal
2021-02-13 18:00:00,21,120,0.904951566040754,0.5062444444444444,0.0,0.7055,9.261,6.0,-14,20.0,,3167.330481142639,0.0,0.0,455.62,44.14253862967959,optimal
2021-02-13 18:30:00,21,120,1.1428571428571428,0.7322740740740741,0.0,1.753,8.1585,6.0,-14,20.012227929701982,,4000.0,0.0,0.0,659.0466666666666,43.96086382943097,optimal
2021-02-13 19:00:00,21,120,0.0,2.1674074074074072,0.0,0.5605666666666668,9.4815,6.0,-14,20.038658552927743,,0.0,0.0,0.0,1950.6666666666667,43.7793707039826,optimal
2021-02-13 19:30:00,21,120,1.1428571428571428,0.0774074074074074,0.0,0.293,8.379,6.0,-14,20.00992949501996,,4000.0,0.0,0.0,69.66666666666666,43.59805907165968,optimal
2021-02-13 20:00:00,21,120,0.0,0.0,0.0,0.4946666666666667,9.5235,6.0,-14,20.02885648043459,,0.0,0.0,0.0,0.0,43.416928750969085,optimal
2021-02-13 20:30:00,21,120,0.0,0.0,0.0,0.3815333333333333,8.1375,6.0,-14,20.0,,0.0,0.0,0.0,0.0,43.235979560599176,optimal
2021-02-13 21:00:00,21,120,0.0,0.0,0.0,0.4164666666666666,10.0905,6.0,-14,19.968733398769743,,0.0,0.0,0.0,0.0,43.19274358103858,optimal
2021-02-13 21:30:00,21,120,0.0,1.7803703703703702,0.0,0.4768,7.539,6.0,-14,19.938962241261898,,0.0,0.0,0.0,1602.3333333333333,43.14955083745754,optimal
2021-02-13 22:00:00,21,120,0.0,0.387037037037037,0.0,0.3753999999999999,7.938,6.0,-14,19.910227085787465,,0.0,0.0,0.0,348.3333333333333,43.10640128662008,optimal
2021-02-13 22:30:00,21,120,0.0,0.0,0.0,0.2672666666666666,8.274,6.0,-14,19.87941694441513,,0.0,0.0,0.0,0.0,43.06329488533346,optimal
2021-02-13 23:00:00,21,120,0.0,0.0,0.0,0.1397333333333333,9.261,6.0,-14,19.845603665769307,,0.0,0.0,0.0,0.0,43.02023159044813,optimal
2021-02-13 23:30:00,21,120,0.0,0.0,0.0,0.156,9.9225,6.0,-14,19.809777537091364,,0.0,0.0,0.0,0.0,42.97721135885768,optimal
2021-02-07 00:00:00,22,120,1.1428571428571428,0.0,1.42397879506943,0.065,0.882,6.0,-9,21.0,,4000.0,0.0,0.0,0.0,48.62838992765797,optimal
2021-02-07 00:30:00,22,120,0.0,0.0,0.0,0.1194,1.5435,6.0,-9,21.015937811564623,,0.0,0.0,0.0,0.0,48.57976153773031,optimal
2021-02-07 01:00:00,22,120,1.0402014455673676,0.0,0.0,0.0682,1.5435,6.0,-9,20.983579115683504,,3640.705059485786,0.0,0.0,0.0,48.53118177619257,optimal
2021-02-07 01:30:00,22,120,0.0,0.0,0.0,0.1034,5.0715,6.0,-9,20.994814899323625,,0.0,0.0,0.0,0.0,48.48265059441637,optimal
2021-02-07 02:00:00,22,120,0.0,0.0,0.0,0.0842,5.376,6.0,-9,20.962005779022963,,0.0,0.0,0.0,0.0,48.434167943821954,optimal
2021-02-07 02:30:00,22,120,0.0,0.0,0.0,0.1034,5.0715,6.0,-9,20.92892867573265,,0.0,0.0,0.0,0.0,48.38573377587813,optimal
2021-02-07 03:00:00,22,120,0.0,0.0,0.0,0.0842,5.5125,6.0,-9,20.89595279458275,,0.0,0.0,0.0,0.0,48.33734804210225,optimal
2021-02-07 03:30:00,22,120,0.0,0.0,0.0,0.065,9.261,6.0,-9,20.862610132914,,0.0,0.0,0.0,0.0,48.28901069406015,optimal
2021-02-07 04:00:00,22,120,0.0,0.0,0.0,0.065,11.7075,6.0,-9,20.82900054603489,,0.0,0.0,0.0,0.0,48.24072168336608,optimal
2021-02-07 04:30:00,22,120,0.0,0.0,0.0,0.065,12.348,6.0,-9,20.795358464131464,,0.0,0.0,0.0,0.0,48.19248096168271,optimal
2021-02-07 05:00:00,22,120,0.0,0.0,0.0,0.0646666666666666,12.348,6.0,-9,20.761783079770183,,0.0,0.0,0.0,0.0,48.144288480721016,optimal
2021-02-07 05:30:00,22,120,0.0,0.387037037037037,0.0,0.148,12.1275,6.0,-9,20.72870470351311,,0.0,0.0,0.0,348.3333333333333,48.096144192240295,optimal
2021-02-07 06:00:00,22,120,0.0,0.4644444444444444,0.0,0.1056666666666666,12.5265,6.0,-9,20.698709067556152,,0.0,0.0,0.0,418.0,48.048048048048045,optimal
2021-02-07 06:30:00,22,120,0.0,0.0774074074074074,0.0,0.128,11.7495,6.0,-9,20.669139588364253,,0.0,0.0,0.0,69.66666666666666,48.0,optimal
2021-02-07 07:00:00,22,120,0.0,0.3096296296296296,0.0,0.7486333333333334,13.23,6.0,-9,20.639325753170525,,0.0,0.0,0.0,278.66666666666663,47.869467626051645,optimal
2021-02-07 07:30:00,22,120,0.0,0.0,0.0,0.8906333333333333,14.3325,6.0,-9,20.61752686297948,,0.0,0.0,0.0,0.0,47.73906578447724,optimal
2021-02-07 08:00:00,22,120,0.0,0.0,0.0,0.1682,14.994,6.0,-9,20.597716981496,,0.0,0.0,0.0,0.0,47.60879434474441,optimal
2021-02-07 08:30:00,22,120,0.0,0.0,0.0,0.1322666666666666,14.8155,6.0,-9,20.566240225484208,,0.0,0.0,0.0,0.0,47.47865317645131,optimal
2021-02-07 09:00:00,22,120,0.0,0.0,0.0,0.0693333333333333,14.112,6.0,-9,20.529858681622304,,0.0,0.0,0.0,0.0,47.34864214932651,optimal
2021-02-07 09:30:00,22,120,0.0,0.0,0.0,0.1226,14.007,6.0,-9,20.49375016790608,,0.0,0.0,0.0,0.0,47.21876113322883,optimal
2021-02-07 10:00:00,22,120,0.0,0.0,0.0,0.2468666666666666,13.23,6.0,-9,20.458514072701213,,0.0,0.0,0.0,0.0,47.08900999814725,optimal
2021-02-07 10:30:00,22,120,0.0,0.3096296296296296,0.0,0.2508,11.382,6.0,-9,20.43067104298685,,0.0,0.0,0.0,278.66666666666663,46.95938861420075,optimal
2021-02-07 11:00:00,22,120,0.0,0.4644444444444444,0.0,0.2296666666666666,11.7495,6.0,-9,20.406591835016712,,0.0,0.0,0.0,418.0,46.8298968516382,optimal
2021-02-07 11:30:00,22,120,0.0,0.2322222222222222,0.0,0.292,24.3285,6.0,-9,20.38672881386733,,0.0,0.0,0.0,209.0,46.7005345808382,optimal
2021-02-07 12:00:00,22,120,0.0,0.3096296296296296,0.0,0.4853,28.917,6.0,-9,20.366550260139903,,0.0,0.0,0.0,278.66666666666663,46.57130167230901,optimal
2021-02-07 12:30:00,22,120,0.0,0.0,0.0,0.3765333333333334,31.3635,6.0,-9,20.34909513664464,,0.0,0.0,0.0,0.0,46.44219799668835,optimal
2021-02-07 13:00:00,22,120,0.0,0.0,0.0,0.3842666666666666,33.306,6.0,-9,20.327490146560866,,0.0,0.0,0.0,0.0,46.313223424743306,optimal
2021-02-07 13:30:00,22,120,0.0,0.0,0.0,0.2988666666666666,31.3425,6.0,-9,20.304428496486413,,0.0,0.0,0.0,0.0,46.184377827370206,optimal
2021-02-07 14:00:00,22,120,0.0,0.0,0.0,1.5571666666666668,28.2555,6.0,-9,20.282986490197352,,0.0,0.0,0.0,0.0,46.05566107559448,optimal
2021-02-07 14:30:00,22,120,0.0,0.0,0.0,0.4639,15.6975,6.0,-9,20.26850481692333,,0.0,0.0,0.0,0.0,45.92707304057053,optimal
2021-02-07 15:00:00,22,120,0.0,0.1548148148148148,0.0,0.8398,12.5475,6.0,-9,20.24736744783169,,0.0,0.0,0.0,139.33333333333331,45.79861359358161,optimal
2021-02-07 15:30:00,22,120,0.0,0.0,0.0,1.1463,12.0855,6.0,-9,20.22877669823308,,0.0,0.0,0.0,0.0,45.67028260603967,optimal
2021-02-07 16:00:00,22,120,0.0,0.0774074074074074,0.0,0.4918,11.907,6.0,-9,20.210630616776733,,0.0,0.0,0.0,69.66666666666666,45.54207994948528,optimal
2021-02-07 16:30:00,22,120,0.0,0.1548148148148148,0.0,0.5258999999999999,12.5685,6.0,-9,20.19136399718204,,0.0,0.0,0.0,139.33333333333331,45.41400549558744,optimal
2021-02-07 17:00:00,22,120,0.0,0.0,0.0,1.8766666666666667,13.146,6.0,-9,20.173777474961465,,0.0,0.0,0.0,0.0,45.2860591161435,optimal
2021-02-07 17:30:00,22,120,0.0,0.387037037037037,0.0,0.3273999999999999,10.584,6.0,-9,20.16093942353676,,0.0,0.0,0.0,348.3333333333333,45.158240683079,optimal
2021-02-07 18:00:00,22,120,0.0,0.1548148148148148,0.0,0.4031333333333333,6.678,6.0,-9,20.141079672614225,,0.0,0.0,0.0,139.33333333333331,45.03055006844757,optimal
2021-02-07 18:30:00,22,120,0.0,0.6966666666666667,0.0,0.4274,7.938,6.0,-9,20.12138503088554,,0.0,0.0,0.0,627.0,44.90298714443077,optimal
2021-02-07 19:00:00,22,120,0.0,0.0,0.0,0.177,5.292,6.0,-9,20.101877698616207,,0.0,0.0,0.0,0.0,44.77555178333798,optimal
2021-02-07 19:30:00,22,120,0.0,0.0,0.0,0.075,9.261,6.0,-9,20.07153918715857,,0.0,0.0,0.0,0.0,44.64824385760629,optimal
2021-02-07 20:00:00,22,120,0.0,0.0,0.0,0.075,10.3635,6.0,-9,20.035734100661923,,0.0,0.0,0.0,0.0,44.52106323980033,optimal
2021-02-07 20:30:00,22,120,0.0,0.0,0.0,0.1326,8.274,6.0,-9,20.0,,0.0,0.0,0.0,0.0,44.394009802612175,optimal
2021-02-07 21:00:00,22,120,0.0,0.0,0.0,0.075,7.7175,6.0,-9,19.964840191122818,,0.0,0.0,0.0,0.0,44.26708341886121,optimal
2021-02-07 21:30:00,22,120,0.0,0.0774074074074074,0.0,0.6145,6.615,6.0,-9,19.92885012952077,,0.0,0.0,0.0,69.66666666666666,44.22281633544235,optimal
2021-02-07 22:00:00,22,120,0.0,0.1548148148148148,0.0,1.8405,6.174,6.0,-9,19.90422404657388,,0.0,0.0,0.0,139.33333333333331,44.17859351910691,optimal
2021-02-07 22:30:00,22,120,0.0,0.2322222222222222,0.0,2.5498000000000003,3.906,6.0,-9,19.882777729810048,,0.0,0.0,0.0,209.0,44.134414925587805,optimal
2021-02-07 23:00:00,22,120,0.0,0.0,0.0,1.082566666666667,2.3415,6.0,-9,19.864009297420377,,0.0,0.0,0.0,0.0,44.09028051066222,optimal
2021-02-07 23:30:00,22,120,0.0,0.3096296296296296,0.0,0.4329666666666666,2.205,6.0,-9,19.8420025673958,,0.0,0.0,0.0,278.66666666666663,44.04619023015156,optimal
2021-02-08 00:00:00,22,120,1.1428571428571428,0.0,0.0,0.1849333333333333,12.1275,6.0,6,19.8420025673958,,4000.0,0.0,0.0,0.0,44.00214403992141,optimal
2021-02-08 00:30:00,22,120,1.1428571428571428,0.0,0.0,0.2101333333333333,12.1275,6.0,6,19.85959038316298,,4000.0,0.0,0.0,0.0,43.95814189588148,optimal
2021-02-08 01:00:00,22,120,1.1428571428571428,0.0,0.0,0.3621666666666667,11.2665,6.0,6,19.878318520023345,,4000.0,0.0,0.0,0.0,43.9141837539856,optimal
2021-02-08 01:30:00,22,120,1.1428571428571428,0.0,0.0,1.1708,10.143,6.0,6,19.897963445257787,,4000.0,0.0,0.0,0.0,43.87026957023162,optimal
2021-02-08 02:00:00,22,120,1.1428571428571428,0.0,0.0,0.059,11.2455,6.0,6,19.915638030020453,,4000.0,0.0,0.0,0.0,43.826399300661386,optimal
2021-02-08 02:30:00,22,120,1.1428571428571428,0.0,0.0,0.059,11.025,6.0,6,19.930498736232327,,4000.0,0.0,0.0,0.0,43.78257290136072,optimal
2021-02-08 03:00:00,22,120,1.1428571428571428,0.0,0.0,0.059,5.9745,6.0,6,19.94542910830304,,4000.0,0.0,0.0,0.0,43.73879032845936,optimal
2021-02-08 03:30:00,22,120,1.1428571428571428,0.0,0.0,0.059,7.938,6.0,6,19.960429008115643,,4000.0,0.0,0.0,0.0,43.6950515381309,optimal
2021-02-08 04:00:00,22,120,1.1428571428571428,0.0,0.0,0.059,8.6835,6.0,6,19.97530004154089,,4000.0,0.0,0.0,0.0,43.65135648659277,optimal
2021-02-08 04:30:00,22,120,1.1428571428571428,0.0,0.0,0.059,7.665,6.0,6,19.990042464064487,,4000.0,0.0,0.0,0.0,43.607705130106176,optimal
2021-02-08 05:00:00,22,120,1.1428571428571428,0.0,0.0,0.059,6.7725,6.0,6,20.00455740252257,,4000.0,0.0,0.0,0.0,43.56409742497607,optimal
2021-02-08 05:30:00,22,120,1.1428571428571428,0.0,0.0,0.059,5.5755,6.0,6,20.018845307916592,,4000.0,0.0,0.0,0.0,43.52053332755109,optimal
2021-02-08 06:00:00,22,120,1.1428571428571428,0.0,5.0,0.062,5.0925,6.0,6,20.033005758496948,,4000.0,0.0,0.0,0.0,45.85201279422354,optimal
2021-02-08 06:30:00,22,120,1.1428571428571428,0.0,5.0,0.0686666666666666,4.1895,6.0,6,20.04703900695081,,4000.0,0.0,0.0,0.0,48.18116078142932,optimal
2021-02-08 07:00:00,22,120,1.1428571428571428,0.0,0.0,0.059,7.056,6.0,6,20.060945305464408,,4000.0,0.0,0.0,0.0,48.13297962064789,optimal
2021-02-08 07:30:00,22,120,1.1428571428571428,0.0,2.070305518620136,0.059,5.271,6.0,6,20.07472490572396,,4000.0,0.0,0.0,0.0,49.0682417623718,optimal
2021-02-08 08:00:00,22,120,1.1428571428571428,0.0,0.0,0.059,7.938,6.0,6,20.088675443345924,,4000.0,0.0,0.0,0.0,49.01917352060943,optimal
2021-02-08 08:30:00,22,120,1.1428571428571428,0.0,0.0,0.059,7.938,6.0,6,20.102828893389827,,4000.0,0.0,0.0,0.0,48.97015434708881,optimal
2021-02-08 09:00:00,22,120,1.1428571428571428,0.3096296296296296,0.0,1.8562,11.907,6.0,6,20.116756027043174,,4000.0,0.0,0.0,278.66666666666663,48.92118419274172,optimal
2021-02-08 09:30:00,22,120,1.1428571428571428,0.0,0.0,3.294233333333333,11.025,6.0,6,20.136123051286035,,4000.0,0.0,0.0,0.0,48.87226300854897,optimal
2021-02-08 10:00:00,22,120,1.1428571428571428,0.0,0.0,2.2035666666666667,11.2875,6.0,6,20.17000902426677,,4000.0,0.0,0.0,0.0,48.823390745540415,optimal
2021-02-08 10:30:00,22,120,0.0,0.0,0.0,1.8453333333333333,12.936,6.0,6,20.19637844085481,,0.0,0.0,0.0,0.0,48.77456735479488,optimal
2021-02-08 11:00:00,22,120,0.0,0.0,0.0,2.0496,13.0095,6.0,6,20.17166279521786,,0.0,0.0,0.0,0.0,48.72579278744007,optimal
2021-02-08 11:30:00,22,120,0.0,0.3096296296296296,0.0,0.7423,13.671,6.0,6,20.151006255647268,,0.0,0.0,0.0,278.66666666666663,48.67706699465263,optimal
2021-02-08 12:00:00,22,120,0.0,0.4644444444444444,0.0,0.3118,13.188,6.0,6,20.12897841947607,,0.0,0.0,0.0,418.0,48.62838992765797,optimal
2021-02-08 12:30:00,22,120,0.0,0.1548148148148148,0.0,2.3220666666666667,13.8495,6.0,6,20.10719945330144,,0.0,0.0,0.0,139.33333333333331,48.57976153773031,optimal
2021-02-08 13:00:00,22,120,0.0,0.1548148148148148,0.0,1.5964,13.23,6.0,6,20.08860412885757,,0.0,0.0,0.0,139.33333333333331,48.53118177619257,optimal
2021-02-08 13:30:00,22,120,0.0,0.0774074074074074,0.0,1.1333333333333333,13.3665,6.0,6,20.07067179736993,,0.0,0.0,0.0,69.66666666666666,48.48265059441637,optimal
2021-02-08 14:00:00,22,120,0.9518022800334696,0.0,0.0,1.8351666666666668,13.0515,6.0,6,20.05286509493497,,3331.307980117144,0.0,0.0,0.0,48.434167943821954,optimal
2021-02-08 14:30:00,22,120,0.0,0.0,0.0,0.7735,13.5345,6.0,6,20.07504216237585,,0.0,0.0,0.0,0.0,48.38573377587813,optimal
2021-02-08 15:00:00,22,120,0.0,0.0,0.0,0.2677333333333332,14.154,6.0,6,20.055554460350056,,0.0,0.0,0.0,0.0,48.33734804210225,optimal
2021-02-08 15:30:00,22,120,0.0,5.966562962962962,0.0,0.3522,14.112,6.0,6,20.03476448226968,,0.0,0.0,0.0,5369.906666666666,48.28901069406015,optimal
2021-02-08 16:00:00,22,120,0.0,1.9289925925925933,0.0,2.509,14.2485,6.0,6,20.0158191595886,,0.0,0.0,0.0,1736.093333333334,48.24072168336608,optimal
2021-02-08 16:30:00,22,120,0.9988481836655126,0.0,0.0,1.1204,12.789,6.0,6,20.0,,3495.9686428292944,0.0,0.0,0.0,48.19248096168271,optimal
2021-02-08 17:00:00,22,120,0.0,0.3096296296296296,0.0,1.8458,13.0095,6.0,6,20.02603188319468,,0.0,0.0,0.0,278.66666666666663,48.144288480721016,optimal
2021-02-08 17:30:00,22,120,1.1428571428571428,0.6966666666666667,0.0,0.8962,12.1275,6.0,6,20.004496287492653,,4000.0,0.0,0.0,627.0,48.096144192240295,optimal
2021-02-08 18:00:00,22,120,1.1428571428571428,0.387037037037037,0.0,4.554,12.348,6.0,6,20.03026493254499,,4000.0,0.0,0.0,348.3333333333333,48.048048048048045,optimal
2021-02-08 18:30:00,22,120,1.1428571428571428,0.5418518518518518,0.0,2.4002,12.348,6.0,6,20.05893800222537,,4000.0,0.0,0.0,487.6666666666667,48.0,optimal
2021-02-08 19:00:00,22,120,0.0,0.0,0.0,0.2467666666666667,25.389,6.0,6,20.08628210933184,,0.0,0.0,0.0,0.0,47.30031956427346,optimal
2021-02-08 19:30:00,22,120,0.0,0.0,0.0,1.7050666666666665,29.1375,6.0,6,20.05568520978828,,0.0,0.0,0.0,0.0,46.601338808982646,optimal
2021-02-08 20:00:00,22,120,0.0,0.0774074074074074,0.0,2.5139666666666667,30.597,6.0,6,20.02639898732922,,0.0,0.0,0.0,69.66666666666666,46.55473747017366,optimal
2021-02-08 20:30:00,22,120,0.0,0.0,0.0,0.2382,33.684,6.0,6,20.0,,0.0,0.0,0.0,0.0,46.50818273270349,optimal
2021-02-08 21:00:00,22,120,0.0,0.2322222222222222,0.0,0.1978,32.445,6.0,6,19.971109992964823,,0.0,0.0,0.0,209.0,46.46167454997079,optimal
2021-02-08 21:30:00,22,120,0.0,0.1548148148148148,0.0,0.3248999999999999,28.917,6.0,6,19.93956067190612,,0.0,0.0,0.0,139.33333333333331,46.41521287542081,optimal
2021-02-08 22:00:00,22,120,0.0,0.1548148148148148,0.0,0.5185333333333333,15.876,6.0,6,19.909869955652947,,0.0,0.0,0.0,139.33333333333331,46.36879766254539,optimal
2021-02-08 22:30:00,22,120,0.0,0.3096296296296296,0.0,0.6578666666666667,12.348,6.0,6,19.885665878352395,,0.0,0.0,0.0,278.66666666666663,46.322428864882845,optimal
2021-02-08 23:00:00,22,120,0.0,0.3096296296296296,0.0,0.3840666666666666,12.1275,6.0,6,19.863778094381125,,0.0,0.0,0.0,278.66666666666663,46.27610643601796,optimal
2021-02-08 23:30:00,22,120,0.0,0.2322222222222222,0.0,2.5696666666666665,12.348,6.0,6,19.83730315057114,,0.0,0.0,0.0,209.0,46.22983032958194,optimal
2021-02-09 00:00:00,22,120,0.0,0.0,0.0,0.046,30.303,6.0,15,19.83730315057114,,0.0,0.0,0.0,0.0,46.18360049925237,optimal
2021-02-09 00:30:00,22,120,0.0,0.0,0.0,0.046,32.886,6.0,15,19.801841712233728,,0.0,0.0,0.0,0.0,46.13741689875311,optimal
2021-02-09 01:00:00,22,120,0.0,0.0,0.0,0.046,34.9965,6.0,15,19.76654970657004,,0.0,0.0,0.0,0.0,46.09127948185436,optimal
2021-02-09 01:30:00,22,120,0.0,0.0,0.0,0.0753333333333333,33.327,6.0,15,19.731426797669148,,0.0,0.0,0.0,0.0,46.0451882023725,optimal
2021-02-09 02:00:00,22,120,0.0,0.0,0.0,0.0826666666666666,31.122,6.0,15,19.69653261459162,,0.0,0.0,0.0,0.0,45.99914301417013,optimal
2021-02-09 02:30:00,22,120,1.1428571428571428,0.0,0.0,0.046,17.9025,6.0,15,19.661598692323093,,4000.0,0.0,0.0,0.0,45.95314387115596,optimal
2021-02-09 03:00:00,22,120,1.1428571428571428,0.0,0.0,0.1953333333333332,15.6555,6.0,15,19.6751158438941,,4000.0,0.0,0.0,0.0,45.9071907272848,optimal
2021-02-09 03:30:00,22,120,1.1428571428571428,0.0,0.0,0.046,14.553,6.0,15,19.69052455492776,,4000.0,0.0,0.0,0.0,45.86128353655752,optimal
2021-02-09 04:00:00,22,120,1.1428571428571428,0.0,0.0,0.187,14.3325,6.0,15,19.704281743587043,,4000.0,0.0,0.0,0.0,45.81542225302096,optimal
2021-02-09 04:30:00,22,120,1.1428571428571428,0.0,0.0,0.0543333333333333,13.335,6.0,15,19.719927624436508,,4000.0,0.0,0.0,0.0,45.769606830767934,optimal
2021-02-09 05:00:00,22,120,1.1428571428571428,0.0,0.0,0.112,12.1275,6.0,15,19.733728039189085,,4000.0,0.0,0.0,0.0,45.72383722393717,optimal
2021-02-09 05:30:00,22,120,1.1428571428571428,0.0,0.0,0.1293333333333333,12.2955,6.0,15,19.748005352592,,4000.0,0.0,0.0,0.0,45.67811338671323,optimal
2021-02-09 06:00:00,22,120,1.1428571428571428,0.0,0.0,0.112,11.6865,6.0,15,19.76246552093958,,4000.0,0.0,0.0,0.0,45.632435273326514,optimal
2021-02-09 06:30:00,22,120,1.1428571428571428,0.0,0.0,0.1293333333333333,11.466,6.0,15,19.776685860478448,,4000.0,0.0,0.0,0.0,45.58680283805319,optimal
2021-02-09 07:00:00,22,120,1.1428571428571428,4.721851851851852,0.3737911150479602,2.6053,10.8045,6.0,15,19.79099003977318,,4000.0,0.0,0.0,4249.666666666667,45.71876681486292,optimal
2021-02-09 07:30:00,22,120,1.1428571428571428,17.412501804555912,5.0,3.282633333333333,10.584,6.0,15,19.81011637743655,,4000.0,13511.584957433652,0.0,2159.6666666666665,48.048048048048045,optimal
2021-02-09 08:00:00,22,120,1.1428571428571428,4.025185185185184,0.0,0.3334333333333333,11.2455,6.0,15,20.0,,4000.0,0.0,0.0,3622.666666666666,48.0,optimal
2021-02-09 08:30:00,22,120,1.1428571428571428,0.5418518518518518,0.0,2.0687333333333333,12.1275,6.0,15,20.01937680619248,,4000.0,0.0,0.0,487.6666666666667,47.75881254331183,optimal
2021-02-09 09:00:00,22,120,1.1428571428571428,0.5418518518518518,0.0,0.6324,11.823,6.0,15,20.04108755899229,,4000.0,0.0,0.0,487.6666666666667,47.51786627408034,optimal
2021-02-09 09:30:00,22,120,1.1428571428571428,0.0,0.0,0.056,11.7705,6.0,15,20.0599836517596,,4000.0,0.0,0.0,0.0,47.27716095111809,optimal
2021-02-09 10:00:00,22,120,1.1428571428571428,0.0,0.0,0.122,11.13,6.0,15,20.07204756615303,,4000.0,0.0,0.0,0.0,47.0366963334788,optimal
2021-02-09 10:30:00,22,120,1.1428571428571428,0.0,0.0,0.1268333333333333,11.6865,6.0,15,20.088362308458244,,4000.0,0.0,0.0,0.0,46.79647218045715,optimal
2021-02-09 11:00:00,22,120,1.1428571428571428,0.0,0.0,0.1345,10.7205,6.0,15,20.10519922780222,,4000.0,0.0,0.0,0.0,46.55648825158852,optimal
2021-02-09 11:30:00,22,120,1.1428571428571428,0.0,0.0,0.056,11.424,6.0,15,20.125273863722672,,4000.0,0.0,0.0,0.0,46.31674430664876,optimal
2021-02-09 12:00:00,22,120,1.1428571428571428,0.3096296296296296,0.0,1.3533,10.689,6.0,15,20.14445151461504,,4000.0,0.0,0.0,278.66666666666663,46.077240105653935,optimal
2021-02-09 12:30:00,22,120,1.1428571428571428,0.0,0.0,1.7997333333333332,11.361,6.0,15,20.17588215522684,,4000.0,0.0,0.0,0.0,45.83797540886011,optimal
2021-02-09 13:00:00,22,120,1.1428571428571428,0.0,0.0,0.9035333333333332,11.571,6.0,15,20.20681057372683,,4000.0,0.0,0.0,0.0,45.59894997676308,optimal
2021-02-09 13:30:00,22,120,0.0,0.0,0.0,2.152233333333333,14.3745,6.0,15,20.234979224313243,,0.0,0.0,0.0,0.0,45.36016357009815,optimal
2021-02-09 14:00:00,22,120,1.1428571428571428,0.1548148148148148,0.0,0.264,13.23,6.0,15,20.219908581923768,,4000.0,0.0,0.0,139.33333333333331,45.12161594983988,optimal
2021-02-09 14:30:00,22,120,0.5678112146474223,0.0,0.0,0.1446666666666666,13.9755,6.0,15,20.24762292999676,,1987.3392512659784,0.0,0.0,0.0,44.88330687720187,optimal
2021-02-09 15:00:00,22,120,0.0,0.0,0.0,0.1166666666666666,14.994,6.0,15,20.244500014769727,,0.0,0.0,0.0,0.0,44.64523611363649,optimal
2021-02-09 15:30:00,22,120,1.1428571428571428,0.0,0.0,0.067,13.671,6.0,15,20.21456757340253,,4000.0,0.0,0.0,0.0,44.40740342083468,optimal
2021-02-09 16:00:00,22,120,0.0,0.0,0.0,0.3034666666666666,15.981,6.0,15,20.232818791519527,,0.0,0.0,0.0,0.0,44.16980856072568,optimal
2021-02-09 16:30:00,22,120,0.0,0.0,0.0,0.3869333333333333,15.6345,6.0,15,20.204451807661066,,0.0,0.0,0.0,0.0,43.93245129547678,optimal
2021-02-09 17:00:00,22,120,0.0,0.3096296296296296,0.0,0.5308333333333334,16.5375,6.0,15,20.182742178679643,,0.0,0.0,0.0,278.66666666666663,43.695331387493134,optimal
2021-02-09 17:30:00,22,120,0.0,0.5418518518518518,0.0,0.4709333333333332,14.7735,6.0,15,20.16062209737805,,0.0,0.0,0.0,487.6666666666667,43.458448599417466,optimal
2021-02-09 18:00:00,22,120,0.0,0.0,0.0,0.2504,15.2145,6.0,15,20.13481920156463,,0.0,0.0,0.0,0.0,43.22180269412988,optimal
2021-02-09 18:30:00,22,120,0.0,0.0,0.0,0.2267333333333333,14.553,6.0,15,20.10488268786876,,0.0,0.0,0.0,0.0,42.98539343474758,optimal
2021-02-09 19:00:00,22,120,0.0,0.0,0.0,0.3711,14.3325,6.0,15,20.0776365503374,,0.0,0.0,0.0,0.0,42.74922058462466,optimal
2021-02-09 19:30:00,22,120,0.0,0.2322222222222222,0.0,1.5051333333333334,14.595,6.0,15,20.05016225078641,,0.0,0.0,0.0,209.0,42.51328390735186,optimal
2021-02-09 20:00:00,22,120,0.0,0.3096296296296296,0.0,1.3799333333333337,14.994,6.0,15,20.024252625243705,,0.0,0.0,0.0,278.66666666666663,42.27758316675634,optimal
2021-02-09 20:30:00,22,120,0.0,0.0,0.0,0.2862,14.3325,6.0,15,20.0,,0.0,0.0,0.0,0.0,42.23530558358958,optimal
2021-02-09 21:00:00,22,120,0.0,0.1548148148148148,0.0,0.3951333333333333,13.8915,6.0,15,19.975820543783467,,0.0,0.0,0.0,139.33333333333331,42.19307027800599,optimal
2021-02-09 21:30:00,22,120,0.0,0.0,0.0,0.332,13.8915,6.0,15,19.95149807797864,,0.0,0.0,0.0,0.0,42.15087720772799,optimal
2021-02-09 22:00:00,22,120,0.0,0.2322222222222222,0.0,2.8824,13.4715,6.0,15,19.92698203617796,,0.0,0.0,0.0,209.0,42.10872633052026,optimal
2021-02-09 22:30:00,22,120,0.0,0.0,0.0,0.4381666666666667,13.23,6.0,15,19.907962768602385,,0.0,0.0,0.0,0.0,42.066617604189744,optimal
2021-02-09 23:00:00,22,120,0.0,0.5418518518518518,0.0,0.3920333333333333,13.8915,6.0,15,19.880039819152817,,0.0,0.0,0.0,487.6666666666667,42.02455098658555,optimal
2021-02-09 23:30:00,22,120,0.0,0.0,0.0,0.3560333333333333,26.9325,6.0,15,19.850781456271907,,0.0,0.0,0.0,0.0,41.98252643559897,optimal
2021-02-10 00:00:00,22,120,0.0,0.0,0.0,0.048,34.9965,6.0,14,19.850781456271907,,0.0,0.0,0.0,0.0,41.940543909163374,optimal
2021-02-10 00:30:00,22,120,0.0,0.0,0.0,0.1480666666666666,34.9965,6.0,14,19.814929676100625,,0.0,0.0,0.0,0.0,41.89860336525421,optimal
2021-02-10 01:00:00,22,120,0.0,0.0,0.0,0.0532666666666666,34.9965,6.0,14,19.780169764530253,,0.0,0.0,0.0,0.0,41.85670476188896,optimal
2021-02-10 01:30:00,22,120,0.0,0.0,0.0,0.1445,34.9965,6.0,14,19.74412562424533,,0.0,0.0,0.0,0.0,41.814848057127065,optimal
2021-02-10 02:00:00,22,120,0.0,0.0,0.0,0.0930333333333333,27.741,6.0,14,19.709066123228816,,0.0,0.0,0.0,0.0,41.773033209069936,optimal
2021-02-10 02:30:00,22,120,1.1428571428571428,0.0,0.0,0.1533333333333333,19.026,6.0,14,19.6732508889926,,4000.0,0.0,0.0,0.0,41.73126017586087,optimal
2021-02-10 03:00:00,22,120,1.1428571428571428,0.0,0.0,0.1895333333333333,18.7215,6.0,14,19.68697062892439,,4000.0,0.0,0.0,0.0,41.68952891568501,optimal
2021-02-10 03:30:00,22,120,1.1428571428571428,0.0,0.0,0.048,17.4195,6.0,14,19.701104169434227,,4000.0,0.0,0.0,0.0,41.64783938676933,optimal
2021-02-10 04:00:00,22,120,1.1428571428571428,0.0,0.0,0.1533333333333333,16.758,6.0,14,19.71348548166648,,4000.0,0.0,0.0,0.0,41.60619154738256,optimal
2021-02-10 04:30:00,22,120,1.1428571428571428,0.0,0.0,0.1830999999999999,14.217,6.0,14,19.727125453989085,,4000.0,0.0,0.0,0.0,41.56458535583518,optimal
2021-02-10 05:00:00,22,120,1.1428571428571428,0.0,3.823134547098284,0.1308333333333333,13.3665,6.0,14,19.740902755673137,,4000.0,0.0,0.0,0.0,43.33900968035103,optimal
2021-02-10 05:30:00,22,120,1.1428571428571428,0.0,5.0,0.1387333333333333,12.789,6.0,14,19.753785269982995,,4000.0,0.0,0.0,0.0,45.670670670670674,optimal
2021-02-10 06:00:00,22,120,1.1428571428571428,0.387037037037037,5.0,0.1564,11.907,6.0,14,19.76647931640765,,4000.0,0.0,0.0,348.3333333333333,48.0,optimal
2021-02-10 06:30:00,22,120,1.1428571428571428,0.774074074074074,0.0,0.0876333333333333,11.7075,6.0,14,19.78205643732469,,4000.0,0.0,0.0,696.6666666666666,47.8879000131449,optimal
2021-02-10 07:00:00,22,120,1.1428571428571428,0.774074074074074,0.0,0.8994333333333333,10.8045,6.0,14,19.79871672820881,,4000.0,0.0,0.0,696.6666666666666,47.77591212627666,optimal
2021-02-10 07:30:00,22,120,1.1428571428571428,15.075450561020684,0.0,0.3858666666666667,11.508,6.0,14,19.81754645275938,,4000.0,13358.905504918615,0.0,209.0,47.66403622729528,optimal
2021-02-10 08:00:00,22,120,1.1428571428571428,0.0,0.0,0.5812333333333334,11.508,6.0,14,20.0,,4000.0,0.0,0.0,0.0,47.55227220421289,optimal
2021-02-10 08:30:00,22,120,1.1428571428571428,0.0,0.0,0.1313333333333333,11.508,6.0,14,20.020672880616765,,4000.0,0.0,0.0,0.0,47.44061994515358,optimal
2021-02-10 09:00:00,22,120,1.1428571428571428,0.0,0.0,0.1088,11.844,6.0,14,20.0332317174292,,4000.0,0.0,0.0,0.0,47.32907933835333,optimal
2021-02-10 09:30:00,22,120,1.1428571428571428,0.0,0.0,0.2118,11.508,6.0,14,20.045045206097303,,4000.0,0.0,0.0,0.0,47.21765027215987,optimal
2021-02-10 10:00:00,22,120,1.1428571428571428,0.0,0.0,0.0795999999999999,11.508,6.0,14,20.05860026957656,,4000.0,0.0,0.0,0.0,47.106332635032615,optimal
2021-02-10 10:30:00,22,120,1.1428571428571428,0.0,0.0,0.048,10.4475,6.0,14,20.07395197772449,,4000.0,0.0,0.0,0.0,46.995126315542485,optimal
2021-02-10 11:00:00,22,120,1.1428571428571428,0.2322222222222222,0.0,0.3189333333333333,10.8675,6.0,14,20.089185672529148,,4000.0,0.0,0.0,209.0,46.88403120237184,optimal
2021-02-10 11:30:00,22,120,1.1428571428571428,0.0,0.0,0.2536666666666666,10.542,6.0,14,20.11128142948379,,4000.0,0.0,0.0,0.0,46.77304718431437,optimal
2021-02-10 12:00:00,22,120,1.1428571428571428,0.0,0.0,0.1006666666666666,11.025,6.0,14,20.13310200585954,,4000.0,0.0,0.0,0.0,46.66217415027496,optimal
2021-02-10 12:30:00,22,120,1.1428571428571428,0.0,0.0,0.1006666666666666,11.025,6.0,14,20.15436871151056,,4000.0,0.0,0.0,0.0,46.55141198926958,optimal
2021-02-10 13:00:00,22,120,1.1428571428571428,0.0,0.0,0.0848666666666666,14.553,6.0,14,20.17559325458076,,4000.0,0.0,0.0,0.0,46.440760590425214,optimal
2021-02-10 13:30:00,22,120,1.1428571428571428,0.0,0.0,0.258,13.0935,6.0,14,20.196130842286937,,4000.0,0.0,0.0,0.0,46.33021984297969,optimal
2021-02-10 14:00:00,22,120,1.1428571428571428,0.0,0.0,0.0506666666666666,15.6345,6.0,14,20.219133395197872,,4000.0,0.0,0.0,0.0,46.21978963628161,optimal
2021-02-10 14:30:00,22,120,0.0,0.0,0.0,0.058,18.102,6.0,14,20.23957311110636,,0.0,0.0,0.0,0.0,46.10946985979023,optimal
2021-02-10 15:00:00,22,120,0.0,0.0,0.0,0.2673666666666667,17.199,6.0,14,20.21124293107519,,0.0,0.0,0.0,0.0,45.99926040307534,optimal
2021-02-10 15:30:00,22,120,0.0,0.0,0.0,0.0801666666666666,18.2805,6.0,14,20.18364562928322,,0.0,0.0,0.0,0.0,45.88916115581716,optimal
2021-02-10 16:00:00,22,120,0.0,0.0,0.0,0.1536666666666666,17.4615,6.0,14,20.15348284458709,,0.0,0.0,0.0,0.0,45.779172007806245,optimal
2021-02-10 16:30:00,22,120,0.0,0.0,0.0,0.058,18.3225,6.0,14,20.12096643255927,,0.0,0.0,0.0,0.0,45.66929284894334,optimal
2021-02-10 17:00:00,22,120,0.0,0.0,0.0,0.2407666666666666,17.094,6.0,14,20.08683476696988,,0.0,0.0,0.0,0.0,45.5595235692393,optimal
2021-02-10 17:30:00,22,120,0.0,0.0,0.0,0.1104333333333333,17.094,6.0,14,20.05159186937084,,0.0,0.0,0.0,0.0,45.44986405881497,optimal
2021-02-10 18:00:00,22,120,1.0410585551341278,0.5418518518518518,0.0,0.1364333333333333,17.094,6.0,14,20.01574236198916,,3643.704942969447,0.0,0.0,487.6666666666667,45.34031420790105,optimal
2021-02-10 18:30:00,22,120,0.0,0.0,0.0,0.4425,17.3565,6.0,14,20.02901380299856,,0.0,0.0,0.0,0.0,45.294973893693154,optimal
2021-02-10 19:00:00,22,120,1.1428571428571428,0.2322222222222222,0.0,0.5837,17.115,6.0,14,20.0033740963704,,4000.0,0.0,0.0,209.0,45.24967891979946,optimal
2021-02-10 19:30:00,22,120,0.0,0.2322222222222222,0.0,0.5177999999999999,17.241,6.0,14,20.02658692229324,,0.0,0.0,0.0,209.0,45.204429240879655,optimal
2021-02-10 20:00:00,22,120,0.5377541559882151,0.2322222222222222,0.0,0.7829666666666667,17.094,6.0,14,20.0,,1882.1395459587527,0.0,0.0,209.0,45.15922481163877,optimal
2021-02-10 20:30:00,22,120,0.0,0.3096296296296296,0.0,2.0626,16.5165,6.0,14,20.0,,0.0,0.0,0.0,278.66666666666663,45.11406558682713,optimal
2021-02-10 21:00:00,22,120,0.0,0.0774074074074074,0.0,0.9062,17.8185,6.0,14,19.98065642978857,,0.0,0.0,0.0,69.66666666666666,45.0689515212403,optimal
2021-02-10 21:30:00,22,120,0.0,0.0,0.0,0.6484333333333333,17.094,6.0,14,19.957802447753508,,0.0,0.0,0.0,0.0,45.02388256971906,optimal
2021-02-10 22:00:00,22,120,0.0,0.7167925925925925,0.0,0.5529666666666667,16.8945,6.0,14,19.927747953059125,,0.0,0.0,0.0,645.1133333333333,44.97885868714935,optimal
2021-02-10 22:30:00,22,120,0.0,1.6054296296296298,0.0,0.3847,18.123,6.0,14,19.89320755937466,,0.0,0.0,0.0,1444.8866666666668,44.9338798284622,optimal
2021-02-10 23:00:00,22,120,0.0,0.0,0.0,0.5749666666666667,31.647,6.0,14,19.85578704805952,,0.0,0.0,0.0,0.0,44.88894594863373,optimal
2021-02-10 23:30:00,22,120,0.0,0.4644444444444444,0.0,1.6853,34.9965,6.0,14,19.82075514504996,,0.0,0.0,0.0,418.0,44.8440570026851,optimal
2021-02-11 00:00:00,22,120,1.1428571428571428,0.0,0.0,0.1052,10.6365,6.0,3,19.82075514504996,,4000.0,0.0,0.0,0.0,44.79921294568241,optimal
2021-02-11 00:30:00,22,120,1.1428571428571428,0.0,0.0,0.11,11.2455,6.0,3,19.826239879163847,,4000.0,0.0,0.0,0.0,44.75441373273673,optimal
2021-02-11 01:00:00,22,120,1.1428571428571428,0.0,0.0,0.06,11.2455,6.0,3,19.832116659099967,,4000.0,0.0,0.0,0.0,44.70965931900399,optimal
2021-02-11 01:30:00,22,120,1.1428571428571428,0.0,0.0,0.06,11.025,6.0,3,19.83641360446829,,4000.0,0.0,0.0,0.0,44.664949659684986,optimal
2021-02-11 02:00:00,22,120,1.1428571428571428,0.0,0.0,0.06,12.0855,6.0,3,19.840702030872325,,4000.0,0.0,0.0,0.0,44.6202847100253,optimal
2021-02-11 02:30:00,22,120,1.1428571428571428,0.0,0.0,0.06,11.6865,6.0,3,19.84498195520143,,4000.0,0.0,0.0,0.0,44.57566442531528,optimal
2021-02-11 03:00:00,22,120,1.1428571428571428,0.0,0.0,0.1054333333333333,11.2245,6.0,3,19.84905513802537,,4000.0,0.0,0.0,0.0,44.53108876088996,optimal
2021-02-11 03:30:00,22,120,1.1428571428571428,2.2448148148148146,0.0,0.1562666666666667,11.025,6.0,3,19.853731302890733,,4000.0,0.0,0.0,2020.3333333333333,44.48655767212907,optimal
2021-02-11 04:00:00,22,120,1.1428571428571428,0.0,0.0,0.06,10.7835,6.0,3,19.859768936002624,,4000.0,0.0,0.0,0.0,44.44207111445694,optimal
2021-02-11 04:30:00,22,120,1.1428571428571428,0.0,0.0,0.06,11.025,6.0,3,19.86460582785214,,4000.0,0.0,0.0,0.0,44.39762904334248,optimal
2021-02-11 05:00:00,22,120,1.1428571428571428,0.0,3.785669952382217,0.06,10.584,6.0,3,19.869433130259512,,4000.0,0.0,0.0,0.0,46.15142464168068,optimal
2021-02-11 05:30:00,22,120,1.1428571428571428,0.0,0.0,0.066,11.025,6.0,3,19.87425086223641,,4000.0,0.0,0.0,0.0,46.10527321703899,optimal
2021-02-11 06:00:00,22,120,1.1428571428571428,0.0,5.0,0.07,10.4265,6.0,3,19.87955468347216,,4000.0,0.0,0.0,0.0,48.434167943821954,optimal
2021-02-11 06:30:00,22,120,1.1428571428571428,0.0,0.0,0.07,12.789,6.0,3,19.88534363026424,,4000.0,0.0,0.0,0.0,48.38573377587813,optimal
2021-02-11 07:00:00,22,120,1.1428571428571428,0.0,0.0,0.07,12.684,6.0,3,19.89161674082074,,4000.0,0.0,0.0,0.0,48.33734804210225,optimal
2021-02-11 07:30:00,22,120,1.1428571428571428,8.645016005450646,0.0,0.07,16.254,6.0,3,19.898373055256567,,4000.0,7780.514404905582,0.0,0.0,48.28901069406015,optimal
2021-02-11 08:00:00,22,120,1.1428571428571428,0.0,0.0,0.07,17.64,6.0,3,20.0,,4000.0,0.0,0.0,0.0,48.24072168336608,optimal
2021-02-11 08:30:00,22,120,1.1428571428571428,2.012592592592592,0.0,0.2528666666666667,19.1625,6.0,3,20.00683663595827,,4000.0,0.0,0.0,1811.333333333333,48.19248096168271,optimal
2021-02-11 09:00:00,22,120,0.0,2.278305714265222,0.0,0.197,26.46,6.0,3,20.01563783271081,,0.0,1771.8084761720331,0.0,278.66666666666663,48.144288480721016,optimal
2021-02-11 09:30:00,22,120,1.1428571428571428,1.8577777777777773,0.0,0.197,20.79,6.0,3,20.0,,4000.0,0.0,0.0,1672.0,48.096144192240295,optimal
2021-02-11 10:00:00,22,120,0.0,1.1924665552871134,0.0,0.227,29.106,6.0,3,20.01480087135897,,0.0,864.2198997584021,0.0,209.0,48.048048048048045,optimal
2021-02-11 10:30:00,22,120,1.1428571428571428,0.0,0.0,0.4351,19.1835,6.0,3,20.0,,4000.0,0.0,0.0,0.0,48.0,optimal
2021-02-11 11:00:00,22,120,0.0576493462271366,0.0,0.0,0.2198,19.6665,6.0,3,20.02456406906554,,201.7727117949784,0.0,0.0,0.0,47.70605368598604,optimal
2021-02-11 11:30:00,22,120,0.5704912807864749,0.0,0.0,0.209,19.404,6.0,3,20.0,,1996.719482752662,0.0,0.0,0.0,47.4124013182861,optimal
2021-02-11 12:00:00,22,120,0.5293874927059695,0.1548148148148148,0.0,0.221,19.047,6.0,3,20.0,,1852.8562244708933,0.0,0.0,139.33333333333331,47.11904260295386,optimal
2021-02-11 12:30:00,22,120,1.1428571428571428,0.0,0.0,0.216,18.858,6.0,3,20.00162120194182,,4000.0,0.0,0.0,0.0,46.82597724633696,optimal
2021-02-11 13:00:00,22,120,0.0,0.0,0.0,0.1359,19.2675,6.0,3,20.0297064498059,,0.0,0.0,0.0,0.0,46.53320495507666,optimal
2021-02-11 13:30:00,22,120,1.1428571428571428,0.0,0.0,0.2927,18.963,6.0,3,20.008026601416447,,4000.0,0.0,0.0,0.0,46.24072543610763,optimal
2021-02-11 14:00:00,22,120,1.1428571428571428,0.0,0.0,1.5636666666666668,18.438,6.0,3,20.03724785921715,,4000.0,0.0,0.0,0.0,45.94853839665757,optimal
2021-02-11 14:30:00,22,120,1.1428571428571428,0.0,0.0,1.5012,18.7425,6.0,3,20.07120137387015,,4000.0,0.0,0.0,0.0,45.65664354424696,optimal
2021-02-11 15:00:00,22,120,1.1428571428571428,0.387037037037037,0.0,0.321,15.2145,6.0,3,20.106156217962955,,4000.0,0.0,0.0,348.3333333333333,45.36504058668875,optimal
2021-02-11 15:30:00,22,120,1.1428571428571428,0.387037037037037,0.0,0.3316,17.7765,6.0,3,20.137378815062945,,4000.0,0.0,0.0,348.3333333333333,45.073729232088105,optimal
2021-02-11 16:00:00,22,120,1.1428571428571428,0.4644444444444444,0.0,0.3221,16.758,6.0,3,20.166578254209814,,4000.0,0.0,0.0,418.0,44.78270918884206,optimal
2021-02-11 16:30:00,22,120,1.1428571428571428,0.0774074074074074,0.0,0.3833666666666667,16.422,6.0,3,20.18802445455585,,4000.0,0.0,0.0,69.66666666666666,44.49198016563926,optimal
2021-02-11 17:00:00,22,120,1.1428571428571428,0.1548148148148148,0.0,1.4098666666666666,16.758,6.0,3,20.20733561660264,,4000.0,0.0,0.0,139.33333333333331,44.20154187145967,optimal
2021-02-11 17:30:00,22,120,0.0,0.4644444444444444,0.0,0.5955,29.358,6.0,3,20.234479596348564,,0.0,0.0,0.0,418.0,43.91139401557425,optimal
2021-02-11 18:00:00,22,120,0.0,0.3096296296296296,0.0,0.234,34.9965,6.0,3,20.20261412386029,,0.0,0.0,0.0,278.66666666666663,43.62153630754472,optimal
2021-02-11 18:30:00,22,120,0.0,1.006296296296296,0.0,0.212,34.65,6.0,3,20.166460516244065,,0.0,0.0,0.0,905.6666666666664,43.33196845722322,optimal
2021-02-11 19:00:00,22,120,0.0,0.3096296296296296,0.0,0.2114,34.9965,6.0,3,20.1277614577384,,0.0,0.0,0.0,278.66666666666663,43.04269017475204,optimal
2021-02-11 19:30:00,22,120,0.0,0.0,0.0,0.4116,34.9965,6.0,3,20.085944145712503,,0.0,0.0,0.0,0.0,42.75370117056333,optimal
2021-02-11 20:00:00,22,120,0.0,0.0,0.0,0.2444,30.4815,6.0,3,20.04485143334587,,0.0,0.0,0.0,0.0,42.465001155378815,optimal
2021-02-11 20:30:00,22,120,0.0,0.2322222222222222,0.0,0.2571,21.4305,6.0,3,20.0,,0.0,0.0,0.0,209.0,42.42253615422344,optimal
2021-02-11 21:00:00,22,120,0.0,0.0,0.0,0.3926,14.3325,6.0,3,19.958150781954043,,0.0,0.0,0.0,0.0,42.38011361806921,optimal
2021-02-11 21:30:00,22,120,0.0,0.3096296296296296,0.0,1.3523,13.692,6.0,3,19.91728912116014,,0.0,0.0,0.0,278.66666666666663,42.33773350445114,optimal
2021-02-11 22:00:00,22,120,0.0,2.5544444444444445,0.0,0.372,14.007,6.0,3,19.88056363910712,,0.0,0.0,0.0,2299.0,42.29539577094669,optimal
2021-02-11 22:30:00,22,120,0.0,0.2322222222222222,0.0,0.3698999999999999,12.873,6.0,3,19.8403330041555,,0.0,0.0,0.0,209.0,42.25310037517574,optimal
2021-02-11 23:00:00,22,120,0.0,0.0,0.0,0.258,12.684,6.0,3,19.800274579835666,,0.0,0.0,0.0,0.0,42.21084727480056,optimal
2021-02-11 23:30:00,22,120,0.0,0.0,0.0,0.4014333333333332,12.306,6.0,3,19.757876837711496,,0.0,0.0,0.0,0.0,42.16863642752576,optimal
2021-02-12 00:00:00,22,120,1.1428571428571428,0.0,0.0,0.2434,11.7285,6.0,4,19.757876837711496,,4000.0,0.0,0.0,0.0,42.12646779109824,optimal
2021-02-12 00:30:00,22,120,1.1428571428571428,0.0,0.0,0.3501333333333333,11.025,6.0,4,19.75912003732832,,4000.0,0.0,0.0,0.0,42.084341323307136,optimal
2021-02-12 01:00:00,22,120,1.1428571428571428,0.0,0.0,0.1971666666666666,10.689,6.0,4,19.762806174588025,,4000.0,0.0,0.0,0.0,42.04225698198383,optimal
2021-02-12 01:30:00,22,120,1.1428571428571428,0.1548148148148148,5.0,0.1624666666666666,8.1585,6.0,4,19.765183929591984,,4000.0,0.0,0.0,139.33333333333331,44.37521472500184,optimal
2021-02-12 02:00:00,22,120,1.1428571428571428,0.0,0.0,0.054,10.3635,6.0,4,19.768000498010338,,4000.0,0.0,0.0,0.0,44.33083951027684,optimal
2021-02-12 02:30:00,22,120,1.1428571428571428,0.0,0.0,0.1933333333333332,10.8045,6.0,4,19.76602553599759,,4000.0,0.0,0.0,0.0,44.28650867076656,optimal
2021-02-12 03:00:00,22,120,1.1428571428571428,0.0,0.0,0.054,11.025,6.0,4,19.76634666481956,,4000.0,0.0,0.0,0.0,44.24222216209579,optimal
2021-02-12 03:30:00,22,120,1.1428571428571428,0.0,0.0,0.168,10.3635,6.0,4,19.765564519351887,,4000.0,0.0,0.0,0.0,44.197979939933695,optimal
2021-02-12 04:00:00,22,120,1.1428571428571428,0.0,0.0,0.0793333333333333,10.8045,6.0,4,19.76756050566788,,4000.0,0.0,0.0,0.0,44.153781959993765,optimal
2021-02-12 04:30:00,22,120,1.1428571428571428,0.0,0.0,0.054,10.059,6.0,4,19.769860161052133,,4000.0,0.0,0.0,0.0,44.10962817803377,optimal
2021-02-12 05:00:00,22,120,1.1428571428571428,0.0,0.0,0.196,10.584,6.0,4,19.77323443186616,,4000.0,0.0,0.0,0.0,44.06551854985574,optimal
2021-02-12 05:30:00,22,120,1.1428571428571428,0.0,5.0,0.064,9.4185,6.0,4,19.77968721346912,,4000.0,0.0,0.0,0.0,46.39645303130588,optimal
2021-02-12 06:00:00,22,120,1.1428571428571428,0.0,0.0,0.1843333333333333,10.3635,6.0,4,19.78601584582602,,4000.0,0.0,0.0,0.0,46.350056578274575,optimal
2021-02-12 06:30:00,22,120,1.1428571428571428,0.0,3.874909387420473,0.2133333333333333,9.8385,6.0,4,19.79538392352915,,4000.0,0.0,0.0,0.0,48.144288480721016,optimal
2021-02-12 07:00:00,22,120,1.1428571428571428,0.1548148148148148,0.0,0.2964666666666666,11.067,6.0,4,19.805293906387504,,4000.0,0.0,0.0,139.33333333333331,48.096144192240295,optimal
2021-02-12 07:30:00,22,120,1.1428571428571428,20.78544884448592,0.0,0.198,10.8465,6.0,4,19.8185344766396,,4000.0,13739.670626703988,0.0,4967.233333333334,48.048048048048045,optimal
2021-02-12 08:00:00,22,120,1.1428571428571428,1.6797407407407414,0.0,0.208,13.671,6.0,4,20.0,,4000.0,0.0,0.0,1511.766666666667,48.0,optimal
2021-02-12 08:30:00,22,120,1.1428571428571428,0.0,0.0,0.1626666666666666,12.348,6.0,4,20.013178087886423,,4000.0,0.0,0.0,0.0,47.9432665731222,optimal
2021-02-12 09:00:00,22,120,1.1428571428571428,0.0,0.0,0.1526666666666666,14.3325,6.0,4,20.01885965617769,,4000.0,0.0,0.0,0.0,47.88658987967128,optimal
2021-02-12 09:30:00,22,120,0.7358479957209035,0.0,0.0,0.064,15.393,6.0,4,20.023759805367508,,2575.4679850231623,0.0,0.0,0.0,47.82996986291381,optimal
2021-02-12 10:00:00,22,120,1.1428571428571428,0.0,0.0,0.178,13.587,6.0,4,20.014577572284303,,4000.0,0.0,0.0,0.0,47.7734064661731,optimal
2021-02-12 10:30:00,22,120,0.0,0.0,0.0,0.0893333333333333,16.1385,6.0,4,20.03181413019184,,0.0,0.0,0.0,0.0,47.71689963282913,optimal
2021-02-12 11:00:00,22,120,1.1428571428571428,0.0,0.0,0.064,14.595,6.0,4,20.0,,4000.0,0.0,0.0,0.0,47.660449306318505,optimal
2021-02-12 11:30:00,22,120,0.1920093003705292,0.0,0.0,0.064,14.637,6.0,4,20.02024172202999,,672.0325512968525,0.0,0.0,0.0,47.60405543013439,optimal
2021-02-12 12:00:00,22,120,0.5994141595109856,0.0,0.0,0.2033333333333332,13.9125,6.0,4,20.0,,2097.9495582884497,0.0,0.0,0.0,47.547717947826456,optimal
2021-02-12 12:30:00,22,120,0.7651453747622728,0.0,0.0,0.064,13.3665,6.0,4,20.0,,2678.008811667955,0.0,0.0,0.0,47.49143680300083,optimal
2021-02-12 13:00:00,22,120,1.1428571428571428,0.0,0.0,0.064,13.0095,6.0,4,20.005468202571205,,4000.0,0.0,0.0,0.0,47.435211939320034,optimal
2021-02-12 13:30:00,22,120,0.0,0.0,0.0,0.0893333333333333,13.8915,6.0,4,20.02706501472561,,0.0,0.0,0.0,0.0,47.379043300502914,optimal
2021-02-12 14:00:00,22,120,0.6317643138918491,0.0,0.0,0.178,13.188,6.0,4,20.0,,2211.1750986214715,0.0,0.0,0.0,47.322930830324616,optimal
2021-02-12 14:30:00,22,120,0.9832888149580196,0.0,0.0,0.064,12.5685,6.0,4,20.0,,3441.510852353069,0.0,0.0,0.0,47.26687447261649,optimal
2021-02-12 15:00:00,22,120,1.1428571428571428,0.0,0.0,0.064,12.285,6.0,4,20.013401329025186,,4000.0,0.0,0.0,0.0,47.21087417126608,optimal
2021-02-12 15:30:00,22,120,1.1428571428571428,0.0,0.0,0.2033333333333332,11.487,6.0,4,20.032121295083872,,4000.0,0.0,0.0,0.0,47.15492987021702,optimal
2021-02-12 16:00:00,22,120,1.1428571428571428,0.0,0.0,0.064,11.802,6.0,4,20.052204169693866,,4000.0,0.0,0.0,0.0,47.09904151346901,optimal
2021-02-12 16:30:00,22,120,1.1428571428571428,0.0,0.0,0.2500666666666666,11.2245,6.0,4,20.067085670372208,,4000.0,0.0,0.0,0.0,47.04320904507774,optimal
2021-02-12 17:00:00,22,120,1.1428571428571428,0.5418518518518518,0.0,0.6046,11.025,6.0,4,20.085189270517244,,4000.0,0.0,0.0,487.6666666666667,46.98743240915486,optimal
2021-02-12 17:30:00,22,120,1.1428571428571428,0.3096296296296296,0.0,0.5331666666666667,11.907,6.0,4,20.10826453943625,,4000.0,0.0,0.0,278.66666666666663,46.93171154986791,optimal
2021-02-12 18:00:00,22,120,0.0,0.2322222222222222,0.0,0.6656666666666666,25.83,6.0,4,20.1310933674293,,0.0,0.0,0.0,209.0,46.87604641144025,optimal
2021-02-12 18:30:00,22,120,0.0,0.1548148148148148,0.0,0.3643333333333333,28.035,6.0,4,20.107880366886025,,0.0,0.0,0.0,139.33333333333331,46.82043693815101,optimal
2021-02-12 19:00:00,22,120,0.0,0.0,0.0,0.3375666666666667,28.119,6.0,4,20.081065136771603,,0.0,0.0,0.0,0.0,46.76488307433507,optimal
2021-02-12 19:30:00,22,120,0.0,0.0,0.0,0.4877333333333333,30.156,6.0,4,20.055496081932,,0.0,0.0,0.0,0.0,46.70938476438293,optimal
2021-02-12 20:00:00,22,120,0.0,0.0774074074074074,0.0,0.3345666666666667,29.1585,6.0,4,20.0292495311343,,0.0,0.0,0.0,69.66666666666666,46.65394195274075,optimal
2021-02-12 20:30:00,22,120,0.0,0.1548148148148148,0.0,0.4142,26.712,6.0,4,20.0,,0.0,0.0,0.0,139.33333333333331,46.59855458391021,optimal
2021-02-12 21:00:00,22,120,0.0,0.0,0.0,0.5815333333333333,15.435,6.0,4,19.9731846917314,,0.0,0.0,0.0,0.0,46.54322260244851,optimal
2021-02-12 21:30:00,22,120,0.0,0.0,0.0,0.4328,13.566,6.0,4,19.94857584344756,,0.0,0.0,0.0,0.0,46.48794595296826,optimal
2021-02-12 22:00:00,22,120,0.0,0.2322222222222222,0.0,0.5324,12.789,6.0,4,19.922806528232595,,0.0,0.0,0.0,209.0,46.432724580137496,optimal
2021-02-12 22:30:00,22,120,0.0,0.1548148148148148,0.0,0.4049333333333332,12.1275,6.0,4,19.895388504431125,,0.0,0.0,0.0,139.33333333333331,46.37755842867956,optimal
2021-02-12 23:00:00,22,120,0.0,0.0,0.0,0.4755,13.671,6.0,4,19.865378833635926,,0.0,0.0,0.0,0.0,46.33118087025088,optimal
2021-02-12 23:30:00,22,120,0.0,0.0,0.0,0.1950666666666666,10.668,6.0,4,19.83639390656141,,0.0,0.0,0.0,0.0,46.28484968938063,optimal
2021-02-13 00:00:00,22,120,1.1428571428571428,0.0,0.0,0.0543333333333333,12.4845,6.0,9,19.83639390656141,,4000.0,0.0,0.0,0.0,46.23856483969125,optimal
2021-02-13 00:30:00,22,120,1.1428571428571428,0.0,0.0,0.0616666666666666,12.1275,6.0,9,19.84795974066549,,4000.0,0.0,0.0,0.0,46.19232627485156,optimal
2021-02-13 01:00:00,22,120,1.1428571428571428,0.0,0.0,0.063,12.1275,6.0,9,19.859601772919486,,4000.0,0.0,0.0,0.0,46.14613394857671,optimal
2021-02-13 01:30:00,22,120,0.3951006991104754,0.0,0.0,0.063,12.789,6.0,9,19.871319852255773,,1382.852446886664,0.0,0.0,0.0,46.099987814628136,optimal
2021-02-13 02:00:00,22,120,1.1428571428571428,0.0,0.0,0.063,11.907,6.0,9,19.85123083813196,,4000.0,0.0,0.0,0.0,46.05388782681351,optimal
2021-02-13 02:30:00,22,120,1.1428571428571428,0.0,0.0,0.063,11.025,6.0,9,19.8631637696588,,4000.0,0.0,0.0,0.0,46.00783393898669,optimal
2021-02-13 03:00:00,22,120,1.1428571428571428,0.0,0.0,0.063,8.2005,6.0,9,19.87507304339877,,4000.0,0.0,0.0,0.0,45.961826105047706,optimal
2021-02-13 03:30:00,22,120,1.1428571428571428,0.0,0.0,0.063,9.5655,6.0,9,19.886958706254923,,4000.0,0.0,0.0,0.0,45.91586427894266,optimal
2021-02-13 04:00:00,22,120,1.1428571428571428,0.0,5.0,0.063,7.056,6.0,9,19.898721676894244,,4000.0,0.0,0.0,0.0,48.24494841466371,optimal
2021-02-13 04:30:00,22,120,1.1428571428571428,0.0,0.0,0.063,9.3975,6.0,9,19.91036219856177,,4000.0,0.0,0.0,0.0,48.19670346624905,optimal
2021-02-13 05:00:00,22,120,1.1428571428571428,0.0,0.0,0.063,10.059,6.0,9,19.92178138587721,,4000.0,0.0,0.0,0.0,48.1485067627828,optimal
2021-02-13 05:30:00,22,120,1.1428571428571428,0.0,0.0,0.063,9.261,6.0,9,19.932979677649843,,4000.0,0.0,0.0,0.0,48.100358256020016,optimal
2021-02-13 06:00:00,22,120,1.1428571428571428,0.0,0.1937485956990096,0.063,8.1585,6.0,9,19.94395751181896,,4000.0,0.0,0.0,0.0,48.144288480721016,optimal
2021-02-13 06:30:00,22,120,1.1428571428571428,0.2322222222222222,0.0,0.0632,9.4815,6.0,9,19.954715325455624,,4000.0,0.0,0.0,209.0,48.096144192240295,optimal
2021-02-13 07:00:00,22,120,1.1428571428571428,2.786666666666666,0.0,0.074,8.379,6.0,9,19.965830230762023,,4000.0,0.0,0.0,2508.0,48.048048048048045,optimal
2021-02-13 07:30:00,22,120,1.1428571428571428,0.4644444444444444,0.0,0.0731333333333333,9.5235,6.0,9,19.98181223540126,,4000.0,0.0,0.0,418.0,48.0,optimal
2021-02-13 08:00:00,22,120,1.1428571428571428,0.4644444444444444,0.0,0.9387,8.1375,6.0,9,20.0,,4000.0,0.0,0.0,418.0,47.631333312954304,optimal
2021-02-13 08:30:00,22,120,1.1428571428571428,0.1548148148148148,0.0,1.163,10.0905,6.0,9,20.02271489366286,,4000.0,0.0,0.0,139.33333333333331,47.26303529259565,optimal
2021-02-13 09:00:00,22,120,1.1428571428571428,0.1548148148148148,0.0,0.3305,7.539,6.0,9,20.047957059871045,,4000.0,0.0,0.0,139.33333333333331,46.89510557025736,optimal
2021-02-13 09:30:00,22,120,1.1428571428571428,0.387037037037037,0.0,1.2037,7.938,6.0,9,20.070164994834546,,4000.0,0.0,0.0,348.3333333333333,46.52754377764141,optimal
2021-02-13 10:00:00,22,120,1.1428571428571428,0.0,0.0,0.074,8.274,6.0,9,20.09468478569744,,4000.0,0.0,0.0,0.0,46.16034954681808,optimal
2021-02-13 10:30:00,22,120,1.1428571428571428,0.0,0.0,0.2323666666666666,9.261,6.0,9,20.11565294002642,,4000.0,0.0,0.0,0.0,45.79352251022557,optimal
2021-02-13 11:00:00,22,120,1.1428571428571428,0.5418518518518518,0.0,0.3168,9.9225,6.0,9,20.138494227033725,,4000.0,0.0,0.0,487.6666666666667,45.42706230066965,optimal
2021-02-13 11:30:00,22,120,1.1428571428571428,0.0,0.0,1.8021,9.702,6.0,9,20.165426658172823,,4000.0,0.0,0.0,0.0,45.060968551323285,optimal
2021-02-13 12:00:00,22,120,1.1428571428571428,0.0774074074074074,0.0,0.1045,10.584,6.0,9,20.198024131070905,,4000.0,0.0,0.0,69.66666666666666,44.695240895726265,optimal
2021-02-13 12:30:00,22,120,1.1428571428571428,0.1548148148148148,0.0,0.072,10.143,6.0,9,20.22225407795029,,4000.0,0.0,0.0,139.33333333333331,44.32987896778484,optimal
2021-02-13 13:00:00,22,120,0.0,0.3096296296296296,0.0,1.211666666666667,13.0095,6.0,9,20.246378414515167,,0.0,0.0,0.0,278.66666666666663,43.96488240177136,optimal
2021-02-13 13:30:00,22,120,1.1428571428571428,0.0,0.0,0.3557333333333333,11.025,6.0,9,20.227121002858546,,4000.0,0.0,0.0,0.0,43.60025083232389,optimal
2021-02-13 14:00:00,22,120,0.0,2.39962962962963,0.0,0.061,12.789,6.0,9,20.25146795017991,,0.0,0.0,0.0,2159.6666666666665,43.23598389444587,optimal
2021-02-13 14:30:00,22,120,0.0,0.0,0.0,0.0616666666666666,12.1275,6.0,9,20.223229700225613,,0.0,0.0,0.0,0.0,42.87208122350573,optimal
2021-02-13 15:00:00,22,120,0.0,0.0,0.0,0.063,12.1695,6.0,9,20.194482263820696,,0.0,0.0,0.0,0.0,42.50854245523653,optimal
2021-02-13 15:30:00,22,120,0.0,0.0,0.0,1.0698333333333332,12.306,6.0,9,20.160881148426213,,0.0,0.0,0.0,0.0,42.1453672257356,optimal
2021-02-13 16:00:00,22,120,0.0,0.0,0.0,0.587,13.23,6.0,9,20.13594599405569,,0.0,0.0,0.0,0.0,41.78255517146417,optimal
2021-02-13 16:30:00,22,120,0.0,0.387037037037037,0.0,0.061,13.671,6.0,9,20.113465566796577,,0.0,0.0,0.0,348.3333333333333,41.42010592924701,optimal
2021-02-13 17:00:00,22,120,0.0,0.1548148148148148,0.0,0.1244666666666666,13.9335,6.0,9,20.089636454410307,,0.0,0.0,0.0,139.33333333333331,41.05801913627207,optimal
2021-02-13 17:30:00,22,120,0.0,0.2322222222222222,0.0,0.1948,13.293,6.0,9,20.064840547499337,,0.0,0.0,0.0,209.0,40.6962944300901,optimal
2021-02-13 18:00:00,22,120,0.0,0.2322222222222222,0.0,0.217,12.1065,6.0,9,20.0398537177013,,0.0,0.0,0.0,209.0,40.33493144861431,optimal
2021-02-13 18:30:00,22,120,0.3075824328217104,0.0,0.0,1.6196666666666668,11.571,6.0,9,20.01141833019867,,1076.5385148759865,0.0,0.0,0.0,39.97392983012001,optimal
2021-02-13 19:00:00,22,120,0.8787551761189862,0.1548148148148148,0.0,0.0691333333333333,11.025,6.0,9,20.0,,3075.643116416452,0.0,0.0,139.33333333333331,39.93395590028989,optimal
2021-02-13 19:30:00,22,120,1.1428571428571428,0.4644444444444444,0.0,0.0759,10.8465,6.0,9,20.00735781749896,,4000.0,0.0,0.0,418.0,39.8940219443896,optimal
2021-02-13 20:00:00,22,120,0.0,0.2322222222222222,0.0,0.085,11.2455,6.0,9,20.028773069054218,,0.0,0.0,0.0,209.0,39.85412792244521,optimal
2021-02-13 20:30:00,22,120,0.0,0.0,0.0,0.0759,23.8665,6.0,9,20.0,,0.0,0.0,0.0,0.0,39.81427379452276,optimal
2021-02-13 21:00:00,22,120,0.0,0.0774074074074074,0.0,0.3287666666666666,27.4575,6.0,9,19.971207632679658,,0.0,0.0,0.0,69.66666666666666,39.77445952072824,optimal
2021-02-13 21:30:00,22,120,0.0,0.0,0.0,0.1129666666666666,27.3735,6.0,9,19.943906128619947,,0.0,0.0,0.0,0.0,39.73468506120752,optimal
2021-02-13 22:00:00,22,120,0.0,0.2322222222222222,0.0,0.1799666666666666,30.4605,6.0,9,19.913796749136345,,0.0,0.0,0.0,209.0,39.69495037614631,optimal
2021-02-13 22:30:00,22,120,0.0,0.0774074074074074,0.0,0.1174,30.0195,6.0,9,19.88189367782217,,0.0,0.0,0.0,69.66666666666666,39.65525542577016,optimal
2021-02-13 23:00:00,22,120,0.0,0.0,0.0,0.063,26.9325,6.0,9,19.849086217306617,,0.0,0.0,0.0,0.0,39.61560017034439,optimal
2021-02-13 23:30:00,22,120,0.0,0.0,0.0,0.063,14.595,6.0,9,19.811270710929787,,0.0,0.0,0.0,0.0,39.57598457017405,optimal
2021-02-07 00:00:00,23,120,0.0,0.0,0.0,0.06,7.938,6.0,2,21.0,,0.0,0.0,0.0,0.0,47.952,optimal
2021-02-07 00:30:00,23,120,0.0,0.0,0.0,0.0739333333333333,5.292,6.0,2,20.96716580044533,,0.0,0.0,0.0,0.0,47.904048,optimal
2021-02-07 01:00:00,23,120,0.0,0.0,0.0,0.1993333333333332,9.261,6.0,2,20.93436818111813,,0.0,0.0,0.0,0.0,47.856143952,optimal
2021-02-07 01:30:00,23,120,0.0,0.0,0.0,0.06,10.3635,6.0,2,20.902964994687807,,0.0,0.0,0.0,0.0,47.80828780804799,optimal
2021-02-07 02:00:00,23,120,0.0,0.0,0.0,0.2132666666666667,8.274,6.0,2,20.869827532415577,,0.0,0.0,0.0,0.0,47.76047952023995,optimal
2021-02-07 02:30:00,23,120,0.0,0.0,0.0,0.06,7.7175,6.0,2,20.838523786241275,,0.0,0.0,0.0,0.0,47.712719040719705,optimal
2021-02-07 03:00:00,23,120,0.0,0.0,0.0,0.1854,6.615,6.0,2,20.80521669828645,,0.0,0.0,0.0,0.0,47.66500632167899,optimal
2021-02-07 03:30:00,23,120,0.0,0.0,0.0,0.0878666666666666,6.174,6.0,2,20.77330505328207,,0.0,0.0,0.0,0.0,47.61734131535731,optimal
2021-02-07 04:00:00,23,120,0.0,0.0,0.0,0.1227,3.906,6.0,2,20.740169362433868,,0.0,0.0,0.0,0.0,47.56972397404195,optimal
2021-02-07 04:30:00,23,120,0.0,0.0,0.0,0.1505666666666666,2.3415,6.0,2,20.70742458865515,,0.0,0.0,0.0,0.0,47.52215425006791,optimal
2021-02-07 05:00:00,23,120,0.0,0.0,0.0,0.06,2.205,6.0,2,20.67508421474683,,0.0,0.0,0.0,0.0,47.47463209581784,optimal
2021-02-07 05:30:00,23,120,1.1428571428571428,0.0,2.1200220633682862,0.2132666666666667,0.882,6.0,2,20.641704643444257,,4000.0,0.0,0.0,0.0,48.434167943821954,optimal
2021-02-07 06:00:00,23,120,0.0,0.0,0.0,0.06,1.5435,6.0,2,20.658987769297045,,0.0,0.0,0.0,0.0,48.38573377587813,optimal
2021-02-07 06:30:00,23,120,0.6926101632488473,0.0,0.0,0.06,1.5435,6.0,2,20.62564011020942,,2424.1355713709654,0.0,0.0,0.0,48.33734804210225,optimal
2021-02-07 07:00:00,23,120,0.0,0.0,0.0,0.1714666666666666,5.0715,6.0,2,20.62179108837443,,0.0,0.0,0.0,0.0,48.28901069406015,optimal
2021-02-07 07:30:00,23,120,0.0,0.0,0.0,0.1018,5.376,6.0,2,20.589676842950816,,0.0,0.0,0.0,0.0,48.24072168336608,optimal
2021-02-07 08:00:00,23,120,0.0,0.0,0.0,0.06,5.0715,6.0,2,20.556480178363305,,0.0,0.0,0.0,0.0,48.19248096168271,optimal
2021-02-07 08:30:00,23,120,0.0,0.0,0.0,0.2132666666666667,5.5125,6.0,2,20.52254272187393,,0.0,0.0,0.0,0.0,48.144288480721016,optimal
2021-02-07 09:00:00,23,120,0.0,0.0,0.0,0.06,9.261,6.0,2,20.49044056752131,,0.0,0.0,0.0,0.0,48.096144192240295,optimal
2021-02-07 09:30:00,23,120,0.0,0.0,0.0,0.06,11.7075,6.0,2,20.457437514986697,,0.0,0.0,0.0,0.0,48.048048048048045,optimal
2021-02-07 10:00:00,23,120,0.0,0.3096296296296296,0.0,0.2094333333333333,12.348,6.0,2,20.42459902122141,,0.0,0.0,0.0,278.66666666666663,48.0,optimal
2021-02-07 10:30:00,23,120,0.0,0.0,0.0,0.0970666666666666,12.348,6.0,2,20.395825902396176,,0.0,0.0,0.0,0.0,47.7318918782983,optimal
2021-02-07 11:00:00,23,120,0.0,0.0774074074074074,0.0,0.7727666666666666,12.1275,6.0,2,20.365347765009023,,0.0,0.0,0.0,69.66666666666666,47.4640518647183,optimal
2021-02-07 11:30:00,23,120,0.0,0.3096296296296296,0.0,0.4150333333333333,12.5265,6.0,2,20.345184636968654,,0.0,0.0,0.0,278.66666666666663,47.196479691151886,optimal
2021-02-07 12:00:00,23,120,0.0,0.0,0.0,0.6599666666666667,11.7495,6.0,2,20.321872308570867,,0.0,0.0,0.0,0.0,46.92917508975904,optimal
2021-02-07 12:30:00,23,120,0.0,0.0,0.0,1.0902333333333332,13.23,6.0,2,20.3016286985304,,0.0,0.0,0.0,0.0,46.66213779296758,optimal
2021-02-07 13:00:00,23,120,0.0,0.1548148148148148,0.0,1.037,14.3325,6.0,2,20.285359307426297,,0.0,0.0,0.0,139.33333333333331,46.395367533472914,optimal
2021-02-07 13:30:00,23,120,0.0,0.5418518518518518,0.0,0.7165,14.994,6.0,2,20.267210184029384,,0.0,0.0,0.0,487.6666666666667,46.128864044237744,optimal
2021-02-07 14:00:00,23,120,0.0,0.6966666666666667,0.0,0.3602333333333333,14.8155,6.0,2,20.2494800191508,,0.0,0.0,0.0,627.0,45.86262705849181,optimal
2021-02-07 14:30:00,23,120,0.0,0.3096296296296296,0.0,0.3041666666666667,14.112,6.0,2,20.22907386363192,,0.0,0.0,0.0,278.66666666666663,45.59665630973162,optimal
2021-02-07 15:00:00,23,120,0.0,0.387037037037037,0.0,0.4065666666666667,14.007,6.0,2,20.20785910036081,,0.0,0.0,0.0,348.3333333333333,45.33095153172019,optimal
2021-02-07 15:30:00,23,120,0.0,0.2322222222222222,0.0,0.4584,13.23,6.0,2,20.19144155428636,,0.0,0.0,0.0,209.0,45.06551245848677,optimal
2021-02-07 16:00:00,23,120,0.0,0.2322222222222222,0.0,0.5585,11.382,6.0,2,20.174401417786985,,0.0,0.0,0.0,209.0,44.80033882432659,optimal
2021-02-07 16:30:00,23,120,0.0,0.1548148148148148,0.0,1.9715333333333327,11.7495,6.0,2,20.15718544347528,,0.0,0.0,0.0,139.33333333333331,44.535430363800565,optimal
2021-02-07 17:00:00,23,120,0.0,1.393333333333333,0.0,0.7354333333333333,24.3285,6.0,2,20.14693499321915,,0.0,0.0,0.0,1254.0,44.27078681173506,optimal
2021-02-07 17:30:00,23,120,0.0,0.387037037037037,0.0,1.2289666666666668,28.917,6.0,2,20.125925777572,,0.0,0.0,0.0,348.3333333333333,44.00640790322163,optimal
2021-02-07 18:00:00,23,120,0.0,0.0,0.0,0.3263999999999999,31.3635,6.0,2,20.10295199407868,,0.0,0.0,0.0,0.0,43.96240149531841,optimal
2021-02-07 18:30:00,23,120,0.0,0.6192592592592592,0.0,0.2288666666666666,33.306,6.0,2,20.07987315739226,,0.0,0.0,0.0,557.3333333333333,43.91843909382309,optimal
2021-02-07 19:00:00,23,120,0.0,0.0,0.0,2.0189,31.3425,6.0,2,20.05502292150341,,0.0,0.0,0.0,0.0,43.87452065472927,optimal
2021-02-07 19:30:00,23,120,0.0,0.0,0.0,0.6602666666666667,28.2555,6.0,2,20.04342359713384,,0.0,0.0,0.0,0.0,43.83064613407453,optimal
2021-02-07 20:00:00,23,120,0.0,0.0,0.0,0.3631,15.6975,6.0,2,20.02208555752417,,0.0,0.0,0.0,0.0,43.78681548794046,optimal
2021-02-07 20:30:00,23,120,0.0,0.0,0.0,0.6832,12.5475,6.0,2,20.0,,0.0,0.0,0.0,0.0,43.74302867245252,optimal
2021-02-07 21:00:00,23,120,0.0,0.0774074074074074,0.0,0.5113333333333333,12.0855,6.0,2,19.980763731958096,,0.0,0.0,0.0,69.66666666666666,43.69928564378007,optimal
2021-02-07 21:30:00,23,120,0.0,2.150377777777778,0.0,0.4849,11.907,6.0,2,19.959325584015403,,0.0,0.0,0.0,1935.34,43.65558635813628,optimal
2021-02-07 22:00:00,23,120,0.0,3.268140740740741,0.0,0.5055666666666666,12.5685,6.0,2,19.9359905095065,,0.0,0.0,0.0,2941.326666666668,43.61193077177815,optimal
2021-02-07 22:30:00,23,120,0.0,0.0774074074074074,0.0,0.3707333333333333,13.146,6.0,2,19.91340258906349,,0.0,0.0,0.0,69.66666666666666,43.568318841006366,optimal
2021-02-07 23:00:00,23,120,0.0,0.0,0.0,0.1675333333333333,10.584,6.0,2,19.8889342342843,,0.0,0.0,0.0,0.0,43.52475052216536,optimal
2021-02-07 23:30:00,23,120,0.0,0.0,0.0,0.1230666666666666,6.678,6.0,2,19.856286841017475,,0.0,0.0,0.0,0.0,43.4812257716432,optimal
2021-02-08 00:00:00,23,120,1.1428571428571428,0.0,0.0,0.064,12.348,6.0,17,19.856286841017475,,4000.0,0.0,0.0,0.0,43.43774454587155,optimal
2021-02-08 00:30:00,23,120,0.0,0.0,0.0,0.1554666666666666,25.389,6.0,17,19.871524382694727,,0.0,0.0,0.0,0.0,43.39430680132568,optimal
2021-02-08 01:00:00,23,120,0.0,0.0,0.0,0.064,29.1375,6.0,17,19.839116620397142,,0.0,0.0,0.0,0.0,43.35091249452436,optimal
2021-02-08 01:30:00,23,120,0.0,0.0,0.0,0.064,30.597,6.0,17,19.805658830198123,,0.0,0.0,0.0,0.0,43.30756158202984,optimal
2021-02-08 02:00:00,23,120,0.0,0.0,0.0,0.0770666666666666,33.684,6.0,17,19.772168244028304,,0.0,0.0,0.0,0.0,43.2642540204478,optimal
2021-02-08 02:30:00,23,120,0.0,0.0,0.0,0.1424,32.445,6.0,17,19.73880410952596,,0.0,0.0,0.0,0.0,43.22098976642735,optimal
2021-02-08 03:00:00,23,120,0.0,0.0,0.0,0.0696666666666666,28.917,6.0,17,19.706401162751646,,0.0,0.0,0.0,0.0,43.177768776660926,optimal
2021-02-08 03:30:00,23,120,1.1428571428571428,0.0,0.0,0.1072,15.876,6.0,17,19.67320648929008,,4000.0,0.0,0.0,0.0,43.13459100788427,optimal
2021-02-08 04:00:00,23,120,1.1428571428571428,0.0,0.0,0.1162666666666666,12.348,6.0,17,19.68918541898484,,4000.0,0.0,0.0,0.0,43.09145641687638,optimal
2021-02-08 04:30:00,23,120,1.1428571428571428,0.0,0.0,0.064,12.1275,6.0,17,19.70519272392215,,4000.0,0.0,0.0,0.0,43.04836496045951,optimal
2021-02-08 05:00:00,23,120,1.1428571428571428,0.0,0.0,0.1554666666666666,12.348,6.0,17,19.72033330661225,,4000.0,0.0,0.0,0.0,43.005316595499046,optimal
2021-02-08 05:30:00,23,120,1.1428571428571428,0.0,0.0,0.064,12.1275,6.0,17,19.736359894186663,,4000.0,0.0,0.0,0.0,42.96231127890355,optimal
2021-02-08 06:00:00,23,120,1.1428571428571428,0.0,0.0,0.1162666666666666,12.1275,6.0,17,19.751141301573305,,4000.0,0.0,0.0,0.0,42.91934896762464,optimal
2021-02-08 06:30:00,23,120,1.1428571428571428,0.0,0.0,0.1032,11.2665,6.0,17,19.766431006220344,,4000.0,0.0,0.0,0.0,42.87642961865702,optimal
2021-02-08 07:00:00,23,120,1.1428571428571428,0.0,0.0,0.064,10.143,6.0,17,19.781432087305525,,4000.0,0.0,0.0,0.0,42.83355318903836,optimal
2021-02-08 07:30:00,23,120,1.1428571428571428,17.250040061664855,0.0,0.1032,11.2455,6.0,17,19.795826751806803,,4000.0,15525.03605549837,0.0,0.0,42.79071963584932,optimal
2021-02-08 08:00:00,23,120,0.7904291225787404,0.0,0.0,0.1162666666666666,11.025,6.0,17,20.0,,2766.501929025592,0.0,0.0,0.0,42.74792891621348,optimal
2021-02-08 08:30:00,23,120,1.1428571428571428,0.0,5.0,0.064,5.9745,6.0,17,20.0,,4000.0,0.0,0.0,0.0,45.08018098729726,optimal
2021-02-08 09:00:00,23,120,1.1428571428571428,0.0,0.0,0.1554666666666666,7.938,6.0,17,20.014191910114604,,4000.0,0.0,0.0,0.0,45.03510080630996,optimal
2021-02-08 09:30:00,23,120,0.0468234949819587,0.0,0.0,0.0696666666666666,8.6835,6.0,17,20.03088740359568,,163.88223243685556,0.0,0.0,0.0,44.99006570550365,optimal
2021-02-08 10:00:00,23,120,1.1428571428571428,1.8577777777777773,1.5275684860474237,0.1568333333333333,7.665,6.0,17,20.0,,4000.0,0.0,0.0,1672.0,45.670670670670674,optimal
2021-02-08 10:30:00,23,120,1.1428571428571428,0.0,5.0,0.2859,6.7725,6.0,17,20.021138570800417,,4000.0,0.0,0.0,0.0,48.0,optimal
2021-02-08 11:00:00,23,120,1.1428571428571428,0.3096296296296296,0.0,0.2975,5.5755,6.0,17,20.043112226513543,,4000.0,0.0,0.0,278.66666666666663,47.849928425469,optimal
2021-02-08 11:30:00,23,120,1.1428571428571428,0.387037037037037,0.0,0.3854666666666665,5.0925,6.0,17,20.06933018124378,,4000.0,0.0,0.0,348.3333333333333,47.70000692251252,optimal
2021-02-08 12:00:00,23,120,1.1428571428571428,0.4644444444444444,0.0,0.3016666666666667,4.1895,6.0,17,20.10295549615969,,4000.0,0.0,0.0,418.0,47.55023534105901,optimal
2021-02-08 12:30:00,23,120,1.1428571428571428,0.774074074074074,0.0,0.3282,7.056,6.0,17,20.13375643689705,,4000.0,0.0,0.0,696.6666666666666,47.40061353118695,optimal
2021-02-08 13:00:00,23,120,1.1428571428571428,0.1548148148148148,0.0,1.7425,5.271,6.0,17,20.16185698547268,,4000.0,0.0,0.0,139.33333333333331,47.25114134312476,optimal
2021-02-08 13:30:00,23,120,0.0,0.0774074074074074,0.0,0.5471333333333334,7.938,6.0,17,20.20106527031631,,0.0,0.0,0.0,69.66666666666666,47.10181862725063,optimal
2021-02-08 14:00:00,23,120,0.8807782709216871,0.0,0.0,0.5631333333333334,7.938,6.0,17,20.187664186553366,,3082.723948225905,0.0,0.0,0.0,46.95264523409238,optimal
2021-02-08 14:30:00,23,120,0.0,0.1548148148148148,0.0,0.8066333333333333,11.907,6.0,17,20.21448104566424,,0.0,0.0,0.0,139.33333333333331,46.80362101432728,optimal
2021-02-08 15:00:00,23,120,0.0,0.3096296296296296,0.0,0.7140666666666667,11.025,6.0,17,20.207216428126383,,0.0,0.0,0.0,278.66666666666663,46.654745818781954,optimal
2021-02-08 15:30:00,23,120,0.0,0.0,0.0,0.3601666666666667,11.2875,6.0,17,20.19631573226333,,0.0,0.0,0.0,0.0,46.50601949843217,optimal
2021-02-08 16:00:00,23,120,0.0,0.0,0.0,0.3312666666666666,12.936,6.0,17,20.18029874893501,,0.0,0.0,0.0,0.0,46.357441904402734,optimal
2021-02-08 16:30:00,23,120,0.0,0.0,0.0,0.4131,13.0095,6.0,17,20.15733828934043,,0.0,0.0,0.0,0.0,46.209012887967326,optimal
2021-02-08 17:00:00,23,120,0.0,0.3096296296296296,0.0,0.3972,13.671,6.0,17,20.133552177505017,,0.0,0.0,0.0,278.66666666666663,46.06073230054835,optimal
2021-02-08 17:30:00,23,120,0.0,0.1548148148148148,0.0,0.5128333333333334,13.188,6.0,17,20.112604039657693,,0.0,0.0,0.0,139.33333333333331,45.9125999937168,optimal
2021-02-08 18:00:00,23,120,0.0,0.6192592592592592,0.0,0.2978,13.8495,6.0,17,20.09451056160108,,0.0,0.0,0.0,557.3333333333333,45.76461581919208,optimal
2021-02-08 18:30:00,23,120,0.0,0.387037037037037,0.0,0.3116333333333333,13.23,6.0,17,20.07618640023584,,0.0,0.0,0.0,348.3333333333333,45.61677962884188,optimal
2021-02-08 19:00:00,23,120,0.0,0.387037037037037,0.0,0.3588666666666666,13.3665,6.0,17,20.0565609914706,,0.0,0.0,0.0,348.3333333333333,45.46909127468204,optimal
2021-02-08 19:30:00,23,120,0.0,0.1548148148148148,0.0,0.6548333333333334,13.0515,6.0,17,20.037475636781547,,0.0,0.0,0.0,139.33333333333331,45.32155060887635,optimal
2021-02-08 20:00:00,23,120,0.0,0.387037037037037,0.0,0.3470666666666667,13.5345,6.0,17,20.020820596963773,,0.0,0.0,0.0,348.3333333333333,45.17415748373647,optimal
2021-02-08 20:30:00,23,120,0.0,0.4644444444444444,0.0,0.6055666666666667,14.154,6.0,17,20.0,,0.0,0.0,0.0,418.0,45.02691175172173,optimal
2021-02-08 21:00:00,23,120,0.0,0.2322222222222222,0.0,0.5177333333333334,14.112,6.0,17,19.98148740022144,,0.0,0.0,0.0,209.0,44.981884839970014,optimal
2021-02-08 21:30:00,23,120,0.0,0.0,0.0,0.7157,14.2485,6.0,17,19.962782303397727,,0.0,0.0,0.0,0.0,44.93690295513005,optimal
2021-02-08 22:00:00,23,120,0.0,0.0,0.0,0.6305666666666667,12.789,6.0,17,19.94057586122864,,0.0,0.0,0.0,0.0,44.89196605217492,optimal
2021-02-08 22:30:00,23,120,0.0,0.0,0.0,0.3686666666666667,13.0095,6.0,17,19.9173955421656,,0.0,0.0,0.0,0.0,44.84707408612274,optimal
2021-02-08 23:00:00,23,120,0.0,0.0,0.0,0.2796666666666667,12.1275,6.0,17,19.8889126797016,,0.0,0.0,0.0,0.0,44.80222701203662,optimal
2021-02-08 23:30:00,23,120,0.0,0.0,0.0,0.1651333333333333,12.348,6.0,17,19.858957357142792,,0.0,0.0,0.0,0.0,44.75742478502458,optimal
2021-02-09 00:00:00,23,120,1.1428571428571428,0.0,0.0,0.072,15.981,6.0,-17,19.858957357142792,,4000.0,0.0,0.0,0.0,44.71266736023956,optimal
2021-02-09 00:30:00,23,120,1.1428571428571428,0.0,0.0,0.0706666666666666,15.6345,6.0,-17,19.87237240545201,,4000.0,0.0,0.0,0.0,44.66795469287932,optimal
2021-02-09 01:00:00,23,120,1.1428571428571428,0.0,0.0,0.1502,16.5375,6.0,-17,19.885859985727738,,4000.0,0.0,0.0,0.0,44.62328673818645,optimal
2021-02-09 01:30:00,23,120,1.1428571428571428,0.0,0.0,0.1124,14.7735,6.0,-17,19.90049443684363,,4000.0,0.0,0.0,0.0,44.57866345144826,optimal
2021-02-09 02:00:00,23,120,1.1428571428571428,0.0,0.0,0.062,15.2145,6.0,-17,19.91444112538004,,4000.0,0.0,0.0,0.0,44.53408478799681,optimal
2021-02-09 02:30:00,23,120,1.1428571428571428,0.0,0.0,0.0683,14.553,6.0,-17,19.927547917344803,,4000.0,0.0,0.0,0.0,44.48955070320881,optimal
2021-02-09 03:00:00,23,120,1.1428571428571428,0.0,0.0,0.1956333333333333,14.3325,6.0,-17,19.940804601176005,,4000.0,0.0,0.0,0.0,44.4450611525056,optimal
2021-02-09 03:30:00,23,120,1.1428571428571428,0.0,0.0,0.072,14.595,6.0,-17,19.955669106188164,,4000.0,0.0,0.0,0.0,44.40061609135309,optimal
2021-02-09 04:00:00,23,120,1.1428571428571428,0.0,0.0,0.0846,14.994,6.0,-17,19.969090673661608,,4000.0,0.0,0.0,0.0,44.35621547526174,optimal
2021-02-09 04:30:00,23,120,1.1428571428571428,0.0,0.0,0.195,14.3325,6.0,-17,19.98283738584466,,4000.0,0.0,0.0,0.0,44.31185925978648,optimal
2021-02-09 05:00:00,23,120,1.1428571428571428,0.0,0.0,0.062,13.8915,6.0,-17,19.997740065742764,,4000.0,0.0,0.0,0.0,44.267547400526695,optimal
2021-02-09 05:30:00,23,120,1.1428571428571428,0.0,0.0,0.1691,13.8915,6.0,-17,20.01087996860812,,4000.0,0.0,0.0,0.0,44.223279853126165,optimal
2021-02-09 06:00:00,23,120,1.1428571428571428,0.0,3.342851642253912,0.0935,13.4715,6.0,-17,20.025298549749927,,4000.0,0.0,0.0,0.0,45.76691110334364,optimal
2021-02-09 06:30:00,23,120,1.1428571428571428,5.341111111111111,5.0,0.0727666666666666,13.23,6.0,-17,20.0387675600001,,4000.0,0.0,0.0,4807.0,48.096144192240295,optimal
2021-02-09 07:00:00,23,120,1.1428571428571428,0.8514814814814814,0.0,1.286,13.8915,6.0,-17,20.052796198793416,,4000.0,0.0,0.0,766.3333333333333,48.048048048048045,optimal
2021-02-09 07:30:00,23,120,0.0,0.0,0.0,0.4048666666666666,26.9325,6.0,-17,20.07182650085377,,0.0,0.0,0.0,0.0,48.0,optimal
2021-02-09 08:00:00,23,120,0.0,0.5836518518518518,0.0,1.113733333333333,30.303,6.0,-17,20.04419122769476,,0.0,0.0,0.0,525.2866666666666,47.46041471593498,optimal
2021-02-09 08:30:00,23,120,0.0,0.6888205828561653,0.0,0.2154,32.886,6.0,-17,20.01726207366888,,0.0,587.8918579038822,0.0,32.046666666666674,46.92136901715403,optimal
2021-02-09 09:00:00,23,120,0.0,2.404424195156713,0.0,0.1792,34.9965,6.0,-17,20.0,,0.0,2094.315108974376,0.0,69.66666666666666,46.382862364071855,optimal
2021-02-09 09:30:00,23,120,0.0,8.680532856278951,0.0,0.2735333333333333,33.327,6.0,-17,20.0,,0.0,2448.146237317721,0.0,5364.333333333334,45.84489421764277,optimal
2021-02-09 10:00:00,23,120,0.0,2.0516623263884948,0.0,2.9737666666666667,31.122,6.0,-17,20.0,,0.0,1637.4960937496453,0.0,209.0,45.307464039360106,optimal
2021-02-09 10:30:00,23,120,0.5239497875023161,0.1548148148148148,0.0,2.8381,17.9025,6.0,-17,20.0,,1833.8242562581063,0.0,0.0,139.33333333333331,44.77057129125573,optimal
2021-02-09 11:00:00,23,120,0.6374951301280198,0.0,0.0,0.0917,15.6555,6.0,-17,20.0,,2231.2329554480693,0.0,0.0,0.0,44.23421543589946,optimal
2021-02-09 11:30:00,23,120,0.5593416917951948,0.0,0.0,0.3571,14.553,6.0,-17,20.0,,1957.6959212831807,0.0,0.0,0.0,43.69839593639854,optimal
2021-02-09 12:00:00,23,120,0.2862321471887879,0.4644444444444444,0.0,1.7656666666666667,14.3325,6.0,-17,20.0,,1001.8125151607576,0.0,0.0,418.0,43.16311225639713,optimal
2021-02-09 12:30:00,23,120,0.4004236807597139,0.8514814814814814,0.0,0.9711,13.335,6.0,-17,20.0,,1401.4828826589987,0.0,0.0,766.3333333333333,42.62836386007572,optimal
2021-02-09 13:00:00,23,120,0.5644133044492594,0.0,0.0,2.8833,12.1275,6.0,-17,20.0,,1975.446565572408,0.0,0.0,0.0,42.09415021215062,optimal
2021-02-09 13:30:00,23,120,0.0,0.0,0.0,0.5016666666666667,12.2955,6.0,-17,20.019788291521355,,0.0,0.0,0.0,0.0,41.560470777873455,optimal
2021-02-09 14:00:00,23,120,0.5005480636525285,0.0,0.0,0.4619,11.6865,6.0,-17,20.0,,1751.9182227838496,0.0,0.0,0.0,41.02732502303056,optimal
2021-02-09 14:30:00,23,120,1.1428571428571428,0.0,0.0,0.1475999999999999,11.466,6.0,-17,20.0,,4000.0,0.0,0.0,0.0,40.49471241394252,optimal
2021-02-09 15:00:00,23,120,1.1428571428571428,0.0,0.0,0.072,10.8045,6.0,-17,20.0219177987794,,4000.0,0.0,0.0,0.0,39.96263241746355,optimal
2021-02-09 15:30:00,23,120,1.1428571428571428,0.0,0.0,0.1475999999999999,10.584,6.0,-17,20.04060699596367,,4000.0,0.0,0.0,0.0,39.43108450098107,optimal
2021-02-09 16:00:00,23,120,1.1428571428571428,0.0,0.0,0.135,11.2455,6.0,-17,20.060180125787845,,4000.0,0.0,0.0,0.0,38.90006813241507,optimal
2021-02-09 16:30:00,23,120,0.0,0.0,0.0,0.072,12.1275,6.0,-17,20.076588069397445,,0.0,0.0,0.0,0.0,38.36958278021764,optimal
2021-02-09 17:00:00,23,120,0.0,0.0,0.0,0.0909,11.823,6.0,-17,20.043268366399825,,0.0,0.0,0.0,0.0,37.8396279133724,optimal
2021-02-09 17:30:00,23,120,0.6265294958897005,0.0,0.0,0.2539666666666667,11.7705,6.0,-17,20.00704151412563,,2192.853235613952,0.0,0.0,0.0,37.310203001394015,optimal
2021-02-09 18:00:00,23,120,1.1428571428571428,0.0,0.0,0.2598999999999999,11.13,6.0,-17,20.0,,4000.0,0.0,0.0,0.0,36.7813075143276,optimal
2021-02-09 18:30:00,23,120,0.2490823362205425,0.0774074074074074,0.0,0.4405666666666666,11.6865,6.0,-17,20.01619039277738,,871.788176771899,0.0,0.0,69.66666666666666,36.25294092274826,optimal
2021-02-09 19:00:00,23,120,1.012253046124389,0.3096296296296296,0.0,0.5020666666666667,10.7205,6.0,-17,20.0,,3542.8856614353617,0.0,0.0,278.66666666666663,35.72510269776049,optimal
2021-02-09 19:30:00,23,120,0.0,0.2322222222222222,0.0,0.4169333333333332,11.424,6.0,-17,20.02214211387787,,0.0,0.0,0.0,209.0,35.19779231099771,optimal
2021-02-09 20:00:00,23,120,0.6823774626704757,0.0,0.0,0.2438666666666666,10.689,6.0,-17,20.0,,2388.321119346665,0.0,0.0,0.0,35.16259451868672,optimal
2021-02-09 20:30:00,23,120,0.0,0.0,0.0,0.1173,11.361,6.0,-17,20.0,,0.0,0.0,0.0,0.0,35.12743192416803,optimal
2021-02-09 21:00:00,23,120,0.0,0.3096296296296296,0.0,1.7604000000000002,11.571,6.0,-17,19.97143124551788,,0.0,0.0,0.0,278.66666666666663,35.09230449224386,optimal
2021-02-09 21:30:00,23,120,0.0,0.0,0.0,0.1489333333333333,14.3745,6.0,-17,19.94980100833937,,0.0,0.0,0.0,0.0,35.05721218775162,optimal
2021-02-09 22:00:00,23,120,0.0,0.1548148148148148,0.0,0.3634,13.23,6.0,-17,19.919421720664708,,0.0,0.0,0.0,139.33333333333331,35.022154975563865,optimal
2021-02-09 22:30:00,23,120,0.0,0.0,0.0,0.2161666666666666,13.9755,6.0,-17,19.89574429502706,,0.0,0.0,0.0,0.0,34.9871328205883,optimal
2021-02-09 23:00:00,23,120,0.0,0.0,0.0,0.3866666666666666,14.994,6.0,-17,19.8661026822314,,0.0,0.0,0.0,0.0,34.95214568776771,optimal
2021-02-09 23:30:00,23,120,0.0,0.0,0.0,0.4003,13.671,6.0,-17,19.83851737909273,,0.0,0.0,0.0,0.0,34.91719354207994,optimal
2021-02-10 00:00:00,23,120,0.0,0.0,0.0,0.057,34.9965,6.0,13,19.83851737909273,,0.0,0.0,0.0,0.0,34.882276348537864,optimal
2021-02-10 00:30:00,23,120,0.0,0.0,0.0,0.2033333333333332,34.9965,6.0,13,19.80172872634459,,0.0,0.0,0.0,0.0,34.847394072189324,optimal
2021-02-10 01:00:00,23,120,0.0,0.0,0.0,0.1427333333333333,34.9965,6.0,13,19.766573071333088,,0.0,0.0,0.0,0.0,34.81254667811714,optimal
2021-02-10 01:30:00,23,120,0.0,0.0,0.0,0.1248,27.741,6.0,13,19.730501878958822,,0.0,0.0,0.0,0.0,34.77773413143902,optimal
2021-02-10 02:00:00,23,120,1.1428571428571428,0.0,0.0,0.2807,19.026,6.0,13,19.69408547368287,,4000.0,0.0,0.0,0.0,34.74295639730758,optimal
2021-02-10 02:30:00,23,120,1.1428571428571428,0.0,0.0,0.0693666666666666,18.7215,6.0,13,19.7081716101609,,4000.0,0.0,0.0,0.0,34.70821344091027,optimal
2021-02-10 03:00:00,23,120,1.1428571428571428,0.0,0.0,0.0757333333333333,17.4195,6.0,13,19.719655284785382,,4000.0,0.0,0.0,0.0,34.67350522746936,optimal
2021-02-10 03:30:00,23,120,1.1428571428571428,0.0,0.0,0.2068666666666666,16.758,6.0,13,19.73119375322161,,4000.0,0.0,0.0,0.0,34.638831722241896,optimal
2021-02-10 04:00:00,23,120,1.1428571428571428,0.0,0.0,0.1922666666666666,14.217,6.0,13,19.74430685719434,,4000.0,0.0,0.0,0.0,34.604192890519656,optimal
2021-02-10 04:30:00,23,120,1.1428571428571428,0.0,0.0,0.1521333333333333,13.3665,6.0,13,19.75721610140297,,4000.0,0.0,0.0,0.0,34.569588697629136,optimal
2021-02-10 05:00:00,23,120,1.1428571428571428,0.3514296296296295,3.778935332389085,1.8577666666666668,12.789,6.0,13,19.769412577895736,,4000.0,0.0,0.0,316.2866666666666,36.33001339181632,optimal
2021-02-10 05:30:00,23,120,1.1428571428571428,0.1904222222222222,5.0,0.9488666666666667,11.907,6.0,13,19.79060150467106,,4000.0,0.0,0.0,171.38000000000002,38.6686833784245,optimal
2021-02-10 06:00:00,23,120,1.1428571428571428,1.0837037037037036,5.0,0.2116666666666666,11.7075,6.0,13,19.807139833669385,,4000.0,0.0,0.0,975.3333333333334,41.00501469504607,optimal
2021-02-10 06:30:00,23,120,1.1428571428571428,1.006296296296296,5.0,1.3373,10.8045,6.0,13,19.821783984607023,,4000.0,0.0,0.0,905.6666666666664,43.33900968035103,optimal
2021-02-10 07:00:00,23,120,1.1428571428571428,1.2385185185185184,5.0,0.1869333333333333,11.508,6.0,13,19.840774530897143,,4000.0,0.0,0.0,1114.6666666666663,45.670670670670674,optimal
2021-02-10 07:30:00,23,120,1.1428571428571428,11.419737917749645,5.0,0.4125,11.508,6.0,13,19.85888929992925,,4000.0,9929.430792641344,0.0,348.3333333333333,48.0,optimal
2021-02-10 08:00:00,23,120,1.1428571428571428,0.2322222222222222,0.0,0.0973333333333333,11.508,6.0,13,20.0,,4000.0,0.0,0.0,209.0,47.73192241143512,optimal
2021-02-10 08:30:00,23,120,1.1428571428571428,0.0,0.0,0.1120666666666666,11.844,6.0,13,20.011518255757903,,4000.0,0.0,0.0,0.0,47.4641129004588,optimal
2021-02-10 09:00:00,23,120,1.1428571428571428,0.1548148148148148,0.0,0.2734,11.508,6.0,13,20.02113696317536,,4000.0,0.0,0.0,139.33333333333331,47.19657119899345,optimal
2021-02-10 09:30:00,23,120,1.1428571428571428,0.4644444444444444,0.0,0.0940999999999999,11.508,6.0,13,20.035764593131727,,4000.0,0.0,0.0,418.0,46.92929703922957,optimal
2021-02-10 10:00:00,23,120,1.1428571428571428,0.0,0.0,0.2089333333333333,10.4475,6.0,13,20.050280969375542,,4000.0,0.0,0.0,0.0,46.66229015362546,optimal
2021-02-10 10:30:00,23,120,1.1428571428571428,0.0,0.0,0.2193,10.8675,6.0,13,20.07064108923643,,4000.0,0.0,0.0,0.0,46.39555027490695,optimal
2021-02-10 11:00:00,23,120,1.1428571428571428,0.0774074074074074,0.0,0.061,10.542,6.0,13,20.091023109084706,,4000.0,0.0,0.0,69.66666666666666,46.12907713606716,optimal
2021-02-10 11:30:00,23,120,1.1428571428571428,0.1548148148148148,0.0,0.6100666666666668,11.025,6.0,13,20.11105843759062,,4000.0,0.0,0.0,139.33333333333331,45.86287047036621,optimal
2021-02-10 12:00:00,23,120,1.1428571428571428,0.2322222222222222,0.0,0.8137333333333333,11.025,6.0,13,20.13381855229357,,4000.0,0.0,0.0,209.0,45.59693001133096,optimal
2021-02-10 12:30:00,23,120,1.1428571428571428,0.4644444444444444,0.0,1.0579,14.553,6.0,13,20.15955110260849,,4000.0,0.0,0.0,418.0,45.33125549275475,optimal
2021-02-10 13:00:00,23,120,1.1428571428571428,0.0,0.0,0.2542333333333333,13.0935,6.0,13,20.183433060782967,,4000.0,0.0,0.0,0.0,45.06584664869711,optimal
2021-02-10 13:30:00,23,120,1.1428571428571428,0.0,0.0,0.155,15.6345,6.0,13,20.207835263114745,,4000.0,0.0,0.0,0.0,44.80070321348353,optimal
2021-02-10 14:00:00,23,120,0.0,0.0,0.0,0.2259666666666666,18.102,6.0,13,20.229439224725024,,0.0,0.0,0.0,0.0,44.53582492170517,optimal
2021-02-10 14:30:00,23,120,0.0,0.0,0.0,0.1306999999999999,17.199,6.0,13,20.20317658157941,,0.0,0.0,0.0,0.0,44.27121150821858,optimal
2021-02-10 15:00:00,23,120,0.0,0.0,0.0,0.2474666666666666,18.2805,6.0,13,20.175805434543072,,0.0,0.0,0.0,0.0,44.00686270814548,optimal
2021-02-10 15:30:00,23,120,0.0,0.0,0.0,0.1624333333333333,17.4615,6.0,13,20.14969056704279,,0.0,0.0,0.0,0.0,43.74277825687245,optimal
2021-02-10 16:00:00,23,120,0.0,0.0,0.0,0.2644666666666666,18.3225,6.0,13,20.12462031697418,,0.0,0.0,0.0,0.0,43.47895789005069,optimal
2021-02-10 16:30:00,23,120,0.0,2.786666666666666,0.0,0.3389666666666666,17.094,6.0,13,20.096655193139053,,0.0,0.0,0.0,2508.0,43.21540134359576,optimal
2021-02-10 17:00:00,23,120,0.0,0.4644444444444444,0.0,0.4141666666666667,17.094,6.0,13,20.07187578771252,,0.0,0.0,0.0,418.0,42.95210835368728,optimal
2021-02-10 17:30:00,23,120,0.3041566467153998,0.0,0.0,0.1673666666666666,17.094,6.0,13,20.048097625526,,1064.5482635038993,0.0,0.0,0.0,42.68907865676871,optimal
2021-02-10 18:00:00,23,120,0.0,0.0,0.0,0.2802666666666666,17.3565,6.0,13,20.033276672985576,,0.0,0.0,0.0,0.0,42.42631198954705,optimal
2021-02-10 18:30:00,23,120,1.1428571428571428,0.387037037037037,0.0,0.3611333333333333,17.115,6.0,13,20.00745872890101,,4000.0,0.0,0.0,348.3333333333333,42.163808088992624,optimal
2021-02-10 19:00:00,23,120,0.0,0.4288370370370369,0.0,0.3729333333333333,17.241,6.0,13,20.030732038583587,,0.0,0.0,0.0,385.95333333333326,41.90156669233875,optimal
2021-02-10 19:30:00,23,120,0.6774726786097387,0.0356074074074074,0.0,0.3094666666666666,17.094,6.0,13,20.0,,2371.154375134085,0.0,0.0,32.046666666666674,41.639587537081525,optimal
2021-02-10 20:00:00,23,120,0.6606589178930293,0.0,0.0,0.3596,16.5165,6.0,13,20.0,,2312.3062126256027,0.0,0.0,0.0,41.37787036097956,optimal
2021-02-10 20:30:00,23,120,0.0,0.0,0.0,0.0936666666666666,17.8185,6.0,13,20.0,,0.0,0.0,0.0,0.0,41.11641490205369,optimal
2021-02-10 21:00:00,23,120,0.0,0.0,0.0,0.3182,17.094,6.0,13,19.95953297756922,,0.0,0.0,0.0,0.0,40.85522089858675,optimal
2021-02-10 21:30:00,23,120,0.0,0.0,0.0,0.063,16.8945,6.0,13,19.921782397544284,,0.0,0.0,0.0,0.0,40.59428808912328,optimal
2021-02-10 22:00:00,23,120,0.0,0.0,0.0,0.2597333333333333,18.123,6.0,13,19.87812301027617,,0.0,0.0,0.0,0.0,40.33361621246927,optimal
2021-02-10 22:30:00,23,120,0.0,0.0,0.0,0.0884666666666666,31.647,6.0,13,19.83407213733018,,0.0,0.0,0.0,0.0,40.07320500769192,optimal
2021-02-10 23:00:00,23,120,0.0,0.0,0.0,0.1884666666666666,34.9965,6.0,13,19.787526527976464,,0.0,0.0,0.0,0.0,39.81305421411934,optimal
2021-02-10 23:30:00,23,120,0.0,0.0,0.0,0.2239333333333333,34.9965,6.0,13,19.74179579182682,,0.0,0.0,0.0,0.0,39.77324115990522,optimal
2021-02-11 00:00:00,23,120,0.0,0.0,0.0,0.1037333333333333,30.4815,6.0,11,19.74179579182682,,0.0,0.0,0.0,0.0,39.73346791874531,optimal
2021-02-11 00:30:00,23,120,1.1428571428571428,0.0,0.0,0.1037333333333333,21.4305,6.0,11,19.698687390998582,,4000.0,0.0,0.0,0.0,39.69373445082657,optimal
2021-02-11 01:00:00,23,120,1.1428571428571428,0.0,0.0,0.058,14.3325,6.0,11,19.704592084488976,,4000.0,0.0,0.0,0.0,39.65404071637574,optimal
2021-02-11 01:30:00,23,120,1.1428571428571428,0.0,0.0,0.1196,13.692,6.0,11,19.710126188675783,,4000.0,0.0,0.0,0.0,39.61438667565936,optimal
2021-02-11 02:00:00,23,120,1.1428571428571428,0.0,0.0,0.2198666666666666,14.007,6.0,11,19.7163997534961,,4000.0,0.0,0.0,0.0,39.5747722889837,optimal
2021-02-11 02:30:00,23,120,1.1428571428571428,0.0,0.0,0.058,12.873,6.0,11,19.723882363527604,,4000.0,0.0,0.0,0.0,39.53519751669472,optimal
2021-02-11 03:00:00,23,120,1.1428571428571428,0.0,0.0,0.1974666666666666,12.684,6.0,11,19.72917996723747,,4000.0,0.0,0.0,0.0,39.49566231917802,optimal
2021-02-11 03:30:00,23,120,1.1428571428571428,0.0,0.0,0.142,12.306,6.0,11,19.73596784263124,,4000.0,0.0,0.0,0.0,39.45616665685885,optimal
2021-02-11 04:00:00,23,120,1.1428571428571428,0.0,5.0,0.058,10.6365,6.0,11,19.742562187379555,,4000.0,0.0,0.0,0.0,41.79171049020199,optimal
2021-02-11 04:30:00,23,120,1.1428571428571428,0.0,0.0,0.2694666666666666,11.2455,6.0,11,19.74861578230894,,4000.0,0.0,0.0,0.0,41.74991877971178,optimal
2021-02-11 05:00:00,23,120,1.1428571428571428,0.0,0.0,0.07,11.2455,6.0,11,19.757233535120765,,4000.0,0.0,0.0,0.0,41.70816886093207,optimal
2021-02-11 05:30:00,23,120,1.1428571428571428,0.0,5.0,0.07,11.025,6.0,11,19.763404231299745,,4000.0,0.0,0.0,0.0,44.04146069207114,optimal
2021-02-11 06:00:00,23,120,1.1428571428571428,0.0,0.0,0.178,12.0855,6.0,11,19.77005833440099,,4000.0,0.0,0.0,0.0,43.99741923137907,optimal
2021-02-11 06:30:00,23,120,1.1428571428571428,0.0,0.0,0.1558,11.6865,6.0,11,19.77851057910868,,4000.0,0.0,0.0,0.0,43.95342181214769,optimal
2021-02-11 07:00:00,23,120,1.1428571428571428,0.1548148148148148,3.707794274389755,0.1926666666666666,11.2245,6.0,11,19.787094104565096,,4000.0,0.0,0.0,139.33333333333331,45.670670670670674,optimal
2021-02-11 07:30:00,23,120,1.1428571428571428,23.21643520151185,5.0,1.3114666666666668,11.025,6.0,11,19.79789061295584,,4000.0,15182.125014693996,0.0,5712.666666666667,48.0,optimal
2021-02-11 08:00:00,23,120,1.1428571428571428,0.2322222222222222,0.0,0.1574666666666666,10.7835,6.0,11,20.0,,4000.0,0.0,0.0,209.0,47.621881535754056,optimal
2021-02-11 08:30:00,23,120,1.1428571428571428,0.0,0.0,0.1993333333333332,11.025,6.0,11,20.01304557022424,,4000.0,0.0,0.0,0.0,47.24414118997236,optimal
2021-02-11 09:00:00,23,120,1.1428571428571428,0.0,0.0,0.1392,10.584,6.0,11,20.019836309437792,,4000.0,0.0,0.0,0.0,46.86677858453645,optimal
2021-02-11 09:30:00,23,120,1.1428571428571428,0.0,0.0,0.1656,11.025,6.0,11,20.02776491426293,,4000.0,0.0,0.0,0.0,46.48979334170597,optimal
2021-02-11 10:00:00,23,120,1.1428571428571428,0.0,0.0,0.122,10.4265,6.0,11,20.03849137882452,,4000.0,0.0,0.0,0.0,46.11318508411832,optimal
2021-02-11 10:30:00,23,120,1.1428571428571428,0.0,0.0,0.068,12.789,6.0,11,20.05549119094636,,4000.0,0.0,0.0,0.0,45.73695343478826,optimal
2021-02-11 11:00:00,23,120,1.1428571428571428,0.0,0.0,0.2653333333333333,12.684,6.0,11,20.07060991562083,,4000.0,0.0,0.0,0.0,45.36109801710753,optimal
2021-02-11 11:30:00,23,120,1.1428571428571428,0.0,0.0,0.0941333333333333,16.254,6.0,11,20.089724425115428,,4000.0,0.0,0.0,0.0,44.98561845484448,optimal
2021-02-11 12:00:00,23,120,1.1428571428571428,0.0,0.0,0.098,17.64,6.0,11,20.10820234387852,,4000.0,0.0,0.0,0.0,44.61051437214369,optimal
2021-02-11 12:30:00,23,120,0.0,0.0,0.0,0.2353333333333332,19.1625,6.0,11,20.13034269110265,,0.0,0.0,0.0,0.0,44.2357853935256,optimal
2021-02-11 13:00:00,23,120,0.0,0.0,0.0,0.1217333333333333,26.46,6.0,11,20.106671478442045,,0.0,0.0,0.0,0.0,43.861431143886136,optimal
2021-02-11 13:30:00,23,120,0.0,0.2322222222222222,0.0,0.172,20.79,6.0,11,20.08236968107257,,0.0,0.0,0.0,209.0,43.48745124849631,optimal
2021-02-11 14:00:00,23,120,0.0,0.0,0.0,0.2064666666666666,29.106,6.0,11,20.062327995846186,,0.0,0.0,0.0,0.0,43.11384533300187,optimal
2021-02-11 14:30:00,23,120,0.806613382687738,0.1548148148148148,0.0,0.088,19.1835,6.0,11,20.04330584103805,,2823.146839407083,0.0,0.0,139.33333333333331,42.74061302342293,optimal
2021-02-11 15:00:00,23,120,0.0,0.0,0.0,0.1686666666666666,19.6665,6.0,11,20.056243859988182,,0.0,0.0,0.0,0.0,42.36775394615356,optimal
2021-02-11 15:30:00,23,120,0.0,0.0,0.0,0.0865333333333333,19.404,6.0,11,20.03046758091497,,0.0,0.0,0.0,0.0,41.99526772796146,optimal
2021-02-11 16:00:00,23,120,1.1428571428571428,0.0,0.0,0.2125333333333333,19.047,6.0,11,20.0,,4000.0,0.0,0.0,0.0,41.62315399598756,optimal
2021-02-11 16:30:00,23,120,1.1428571428571428,0.0,0.0,0.2003333333333332,18.858,6.0,11,20.01546697300092,,4000.0,0.0,0.0,0.0,41.25141237774563,optimal
2021-02-11 17:00:00,23,120,0.0519180341871076,0.0,0.0,0.1903333333333333,19.2675,6.0,11,20.032096745943765,,181.71311965487672,0.0,0.0,0.0,40.88004250112194,optimal
2021-02-11 17:30:00,23,120,0.8054429311988548,0.387037037037037,0.0,0.1601999999999999,18.963,6.0,11,20.0,,2819.050259195992,0.0,0.0,348.3333333333333,40.50904399437488,optimal
2021-02-11 18:00:00,23,120,1.1428571428571428,2.8640740740740736,0.0,0.1832,18.438,6.0,11,20.0,,4000.0,0.0,0.0,2577.666666666666,40.13841648613456,optimal
2021-02-11 18:30:00,23,120,0.5120552740125958,0.1548148148148148,0.0,1.477666666666667,18.7425,6.0,11,20.01069124079285,,1792.193459044085,0.0,0.0,139.33333333333331,39.76815960540248,optimal
2021-02-11 19:00:00,23,120,1.1428571428571428,0.1548148148148148,0.0,0.2690666666666667,15.2145,6.0,11,20.0,,4000.0,0.0,0.0,139.33333333333331,39.39827298155114,optimal
2021-02-11 19:30:00,23,120,0.7257658506813398,0.1548148148148148,0.0,0.2298666666666666,17.7765,6.0,11,20.009866181507302,,2540.1804773846893,0.0,0.0,139.33333333333331,39.028756244323645,optimal
2021-02-11 20:00:00,23,120,1.0394503554546852,0.0,0.0,0.2806,16.758,6.0,11,20.0,,3638.076244091399,0.0,0.0,0.0,38.65960902383338,optimal
2021-02-11 20:30:00,23,120,0.0,6.115185185185184,0.0,0.3264666666666666,16.422,6.0,11,20.0,,0.0,0.0,0.0,5503.666666666666,38.62094941480955,optimal
2021-02-11 21:00:00,23,120,0.0,0.1548148148148148,0.0,0.3305333333333333,16.758,6.0,11,19.957318321833363,,0.0,0.0,0.0,139.33333333333331,38.582328465394745,optimal
2021-02-11 21:30:00,23,120,0.0,0.0,0.0,0.6899333333333333,29.358,6.0,11,19.918769545601485,,0.0,0.0,0.0,0.0,38.54374613692935,optimal
2021-02-11 22:00:00,23,120,0.0,0.387037037037037,0.0,0.4781333333333333,34.9965,6.0,11,19.886588066300927,,0.0,0.0,0.0,348.3333333333333,38.50520239079242,optimal
2021-02-11 22:30:00,23,120,0.0,0.0,0.0,0.5832666666666666,34.65,6.0,11,19.850805037321905,,0.0,0.0,0.0,0.0,38.466697188401625,optimal
2021-02-11 23:00:00,23,120,0.0,0.0,0.0,0.8536666666666666,34.9965,6.0,11,19.81440548770269,,0.0,0.0,0.0,0.0,38.42823049121322,optimal
2021-02-11 23:30:00,23,120,0.0,0.0,0.0,0.1758666666666666,34.9965,6.0,11,19.77855169825959,,0.0,0.0,0.0,0.0,38.38980226072201,optimal
2021-02-12 00:00:00,23,120,1.1428571428571428,0.0,0.0,0.057,10.668,6.0,5,19.77855169825959,,4000.0,0.0,0.0,0.0,38.35141245846128,optimal
2021-02-12 00:30:00,23,120,1.1428571428571428,0.0,0.0,0.2190666666666666,11.7285,6.0,5,19.77721064147752,,4000.0,0.0,0.0,0.0,38.31306104600282,optimal
2021-02-12 01:00:00,23,120,1.1428571428571428,0.0,0.0,0.057,11.025,6.0,5,19.77784659518421,,4000.0,0.0,0.0,0.0,38.27474798495682,optimal
2021-02-12 01:30:00,23,120,1.1428571428571428,0.0,0.0,0.1454,10.689,6.0,5,19.776506936313314,,4000.0,0.0,0.0,0.0,38.23647323697186,optimal
2021-02-12 02:00:00,23,120,1.1428571428571428,0.0,5.0,0.1306666666666666,8.1585,6.0,5,19.77644510882796,,4000.0,0.0,0.0,0.0,40.57323676373489,optimal
2021-02-12 02:30:00,23,120,1.1428571428571428,0.0,5.0,0.057,10.3635,6.0,5,19.77640217368204,,4000.0,0.0,0.0,0.0,42.90766352697116,optimal
2021-02-12 03:00:00,23,120,1.1428571428571428,0.0,0.0,0.2190666666666666,10.8045,6.0,5,19.77605665989824,,4000.0,0.0,0.0,0.0,42.86475586344419,optimal
2021-02-12 03:30:00,23,120,1.1428571428571428,0.0,0.0,0.057,11.025,6.0,5,19.77828095173504,,4000.0,0.0,0.0,0.0,42.82189110758075,optimal
2021-02-12 04:00:00,23,120,1.1428571428571428,0.0,5.0,0.1601333333333333,10.3635,6.0,5,19.77991427601701,,4000.0,0.0,0.0,0.0,45.15406921647317,optimal
2021-02-12 04:30:00,23,120,1.1428571428571428,0.0,0.0,0.1159333333333333,10.8045,6.0,5,19.78418856179893,,4000.0,0.0,0.0,0.0,45.108915147256695,optimal
2021-02-12 05:00:00,23,120,1.1428571428571428,0.0,5.0,0.1012,10.059,6.0,5,19.78930370797281,,4000.0,0.0,0.0,0.0,47.43880623210944,optimal
2021-02-12 05:30:00,23,120,1.1428571428571428,0.1548148148148148,1.2813317349951012,0.1771333333333333,10.584,6.0,5,19.795617020527217,,4000.0,0.0,0.0,139.33333333333331,48.0,optimal
2021-02-12 06:00:00,23,120,1.1428571428571428,2.5544444444444445,0.0,0.0742666666666666,9.4185,6.0,5,19.80538522670445,,4000.0,0.0,0.0,2299.0,47.78720267102474,optimal
2021-02-12 06:30:00,23,120,1.1428571428571428,0.6192592592592592,0.0,1.2488666666666666,10.3635,6.0,5,19.81581009604873,,4000.0,0.0,0.0,557.3333333333333,47.57461813937847,optimal
2021-02-12 07:00:00,23,120,1.1428571428571428,0.2322222222222222,0.0,0.209,9.8385,6.0,5,19.8339292219242,,4000.0,0.0,0.0,209.0,47.36224619226383,optimal
2021-02-12 07:30:00,23,120,1.1428571428571428,17.766476472159926,0.0,0.5137,11.067,6.0,5,19.84960837083469,,4000.0,10904.162158277268,0.0,5085.666666666666,47.15008661709631,optimal
2021-02-12 08:00:00,23,120,1.1428571428571428,0.3096296296296296,0.0,0.3065666666666666,10.8465,6.0,5,20.0,,4000.0,0.0,0.0,278.66666666666663,46.938139201503965,optimal
2021-02-12 08:30:00,23,120,1.1428571428571428,0.4644444444444444,0.0,1.2694,13.671,6.0,5,20.013005910768783,,4000.0,0.0,0.0,418.0,46.72640373332721,optimal
2021-02-12 09:00:00,23,120,1.1428571428571428,0.2322222222222222,0.0,2.0419,12.348,6.0,5,20.028755877366216,,4000.0,0.0,0.0,209.0,46.51488000061863,optimal
2021-02-12 09:30:00,23,120,0.5915517173005683,0.0,0.0,0.0964666666666666,14.3325,6.0,5,20.059018724872207,,2070.431010551989,0.0,0.0,0.0,46.30356779164276,optimal
2021-02-12 10:00:00,23,120,0.0,0.0,0.0,0.1406666666666666,15.393,6.0,5,20.04400104743465,,0.0,0.0,0.0,0.0,46.09246689487586,optimal
2021-02-12 10:30:00,23,120,1.1428571428571428,1.935185185185185,0.0,2.4514333333333336,13.587,6.0,5,20.01198656341428,,4000.0,0.0,0.0,1741.6666666666667,45.88157709900573,optimal
2021-02-12 11:00:00,23,120,0.0,0.387037037037037,0.0,2.0604,16.1385,6.0,5,20.042327561572268,,0.0,0.0,0.0,348.3333333333333,45.67089819293148,optimal
2021-02-12 11:30:00,23,120,0.0,0.1548148148148148,0.0,1.385066666666667,14.595,6.0,5,20.03225679039377,,0.0,0.0,0.0,139.33333333333331,45.46042996576329,optimal
2021-02-12 12:00:00,23,120,0.0,0.387037037037037,0.0,0.9734,14.637,6.0,5,20.01926350705336,,0.0,0.0,0.0,348.3333333333333,45.25017220682227,optimal
2021-02-12 12:30:00,23,120,0.4271559592733557,0.0774074074074074,0.0,1.0234,13.9125,6.0,5,20.0,,1495.0458574567451,0.0,0.0,69.66666666666666,45.0401247056402,optimal
2021-02-12 13:00:00,23,120,0.5033944392193062,0.3096296296296296,0.0,0.1284666666666666,13.3665,6.0,5,20.0,,1761.8805372675715,0.0,0.0,278.66666666666663,44.8302872519593,optimal
2021-02-12 13:30:00,23,120,1.1428571428571428,0.0,0.0,0.094,13.0095,6.0,5,20.0,,4000.0,0.0,0.0,0.0,44.62065963573208,optimal
2021-02-12 14:00:00,23,120,0.0,0.0,0.0,0.0993333333333333,13.8915,6.0,5,20.02638344766421,,0.0,0.0,0.0,0.0,44.411241647121095,optimal
2021-02-12 14:30:00,23,120,0.3439675170648128,0.387037037037037,0.0,1.2551666666666668,13.188,6.0,5,20.00463590912044,,1203.8863097268447,0.0,0.0,348.3333333333333,44.20203307649872,optimal
2021-02-12 15:00:00,23,120,1.1428571428571428,0.0,0.0,1.2432999999999998,12.5685,6.0,5,20.00506053718171,,4000.0,0.0,0.0,0.0,43.993033714446966,optimal
2021-02-12 15:30:00,23,120,1.1428571428571428,1.1611111111111108,0.0,0.3667333333333333,12.285,6.0,5,20.04039848701273,,4000.0,0.0,0.0,1044.9999999999998,43.78424335175726,optimal
2021-02-12 16:00:00,23,120,1.1428571428571428,0.0,0.0,0.2141666666666666,11.487,6.0,5,20.070102403298264,,4000.0,0.0,0.0,0.0,43.57566177943025,optimal
2021-02-12 16:30:00,23,120,1.1428571428571428,0.0,0.0,0.3508,11.802,6.0,5,20.08583756822789,,4000.0,0.0,0.0,0.0,43.367288788675566,optimal
2021-02-12 17:00:00,23,120,1.1428571428571428,0.0,0.0,0.067,11.2245,6.0,5,20.10185402805362,,4000.0,0.0,0.0,0.0,43.15912417091164,optimal
2021-02-12 17:30:00,23,120,1.1428571428571428,0.5418518518518518,0.0,0.3903,11.025,6.0,5,20.11256732061688,,4000.0,0.0,0.0,487.6666666666667,42.95116771776547,optimal
2021-02-12 18:00:00,23,120,1.1428571428571428,0.0,0.0,0.5244,11.907,6.0,5,20.12994779574568,,4000.0,0.0,0.0,0.0,42.74341922107245,optimal
2021-02-12 18:30:00,23,120,0.0,0.0,0.0,0.3407,25.83,6.0,5,20.14859397339441,,0.0,0.0,0.0,0.0,42.53587847287612,optimal
2021-02-12 19:00:00,23,120,0.0,0.0,0.0,0.2216999999999999,28.035,6.0,5,20.11639196579435,,0.0,0.0,0.0,0.0,42.32854526542799,optimal
2021-02-12 19:30:00,23,120,0.0,0.0,0.0,0.067,28.119,6.0,5,20.07834434456005,,0.0,0.0,0.0,0.0,42.12141939118731,optimal
2021-02-12 20:00:00,23,120,0.0,0.0,0.0,0.2216999999999999,30.156,6.0,5,20.03828929034285,,0.0,0.0,0.0,0.0,41.91450064282087,optimal
2021-02-12 20:30:00,23,120,0.0,0.0,0.0,0.0743666666666666,29.1585,6.0,5,20.0,,0.0,0.0,0.0,0.0,41.7077888132028,optimal
2021-02-12 21:00:00,23,120,0.0,0.0,0.0,0.067,26.712,6.0,5,19.959694370917163,,0.0,0.0,0.0,0.0,41.50128369541434,optimal
2021-02-12 21:30:00,23,120,0.0,0.0,0.0,0.3229333333333333,15.435,6.0,5,19.91908152258665,,0.0,0.0,0.0,0.0,41.45978241171892,optimal
2021-02-12 22:00:00,23,120,0.0,0.387037037037037,0.0,0.5551666666666666,13.566,6.0,5,19.88347041623673,,0.0,0.0,0.0,348.3333333333333,41.4183226293072,optimal
2021-02-12 22:30:00,23,120,0.0,0.0,0.0,0.067,12.789,6.0,5,19.852552830621608,,0.0,0.0,0.0,0.0,41.37690430667789,optimal
2021-02-12 23:00:00,23,120,0.0,0.0,0.0,0.1333,12.1275,6.0,5,19.812350653415933,,0.0,0.0,0.0,0.0,41.33552740237121,optimal
2021-02-12 23:30:00,23,120,0.0,0.0,0.0,0.1627666666666666,13.671,6.0,5,19.773035868909847,,0.0,0.0,0.0,0.0,41.29419187496884,optimal
2021-02-13 00:00:00,23,120,1.1428571428571428,0.0,5.0,0.2817333333333333,10.584,6.0,-15,19.773035868909847,,4000.0,0.0,0.0,0.0,43.62789768309387,optimal
2021-02-13 00:30:00,23,120,1.1428571428571428,0.0,5.0,0.064,10.143,6.0,-15,19.78436030091265,,4000.0,0.0,0.0,0.0,45.959269785410775,optimal
2021-02-13 01:00:00,23,120,1.1428571428571428,0.0,0.0,0.1594666666666666,13.0095,6.0,-15,19.795247639638404,,4000.0,0.0,0.0,0.0,45.91331051562536,optimal
2021-02-13 01:30:00,23,120,1.1428571428571428,0.0,5.0,0.1690666666666666,11.025,6.0,-15,19.807375529374124,,4000.0,0.0,0.0,0.0,48.24239720510974,optimal
2021-02-13 02:00:00,23,120,1.1428571428571428,0.0,0.0,0.128,12.789,6.0,-15,19.819662967195526,,4000.0,0.0,0.0,0.0,48.19415480790463,optimal
2021-02-13 02:30:00,23,120,1.1428571428571428,0.0,0.0,0.2022,12.1275,6.0,-15,19.831504580408104,,4000.0,0.0,0.0,0.0,48.14596065309673,optimal
2021-02-13 03:00:00,23,120,1.1428571428571428,0.0,0.0,0.064,12.1695,6.0,-15,19.84427943689973,,4000.0,0.0,0.0,0.0,48.097814692443634,optimal
2021-02-13 03:30:00,23,120,1.1428571428571428,0.0,0.0,0.1859666666666666,12.306,6.0,-15,19.855345366601,,4000.0,0.0,0.0,0.0,48.04971687775119,optimal
2021-02-13 04:00:00,23,120,1.1428571428571428,0.0,0.0,0.1399,13.23,6.0,-15,19.86777606905384,,4000.0,0.0,0.0,0.0,48.00166716087344,optimal
2021-02-13 04:30:00,23,120,1.1428571428571428,0.0,0.0,0.1120999999999999,13.671,6.0,-15,19.87952179876981,,4000.0,0.0,0.0,0.0,47.95366549371256,optimal
2021-02-13 05:00:00,23,120,1.1428571428571428,0.0,0.0,0.0825,13.9335,6.0,-15,19.89070731641036,,4000.0,0.0,0.0,0.0,47.90571182821885,optimal
2021-02-13 05:30:00,23,120,1.1428571428571428,0.0,0.0,0.2396666666666666,13.293,6.0,-15,19.90131180441332,,4000.0,0.0,0.0,0.0,47.85780611639063,optimal
2021-02-13 06:00:00,23,120,1.1428571428571428,0.4644444444444444,0.0,2.050466666666667,12.1065,6.0,-15,19.91361167034363,,4000.0,0.0,0.0,418.0,47.80994831027424,optimal
2021-02-13 06:30:00,23,120,1.1428571428571428,0.0774074074074074,0.5007613432337621,0.3114666666666666,11.571,6.0,-15,19.926831111231618,,4000.0,0.0,0.0,69.66666666666666,48.0,optimal
2021-02-13 07:00:00,23,120,1.1428571428571428,0.2322222222222222,0.0,1.6000333333333332,11.025,6.0,-15,19.943655936394585,,4000.0,0.0,0.0,209.0,47.9219039939822,optimal
2021-02-13 07:30:00,23,120,1.1428571428571428,3.305805130862061,0.0,0.9713,10.8465,6.0,-15,19.95940747538116,,4000.0,2330.1112844425224,0.0,645.1133333333333,47.84388608397042,optimal
2021-02-13 08:00:00,23,120,1.1428571428571428,5.4758,0.0,2.920133333333333,11.2455,6.0,-15,20.0,,4000.0,0.0,0.0,4928.22,47.76594619186865,optimal
2021-02-13 08:30:00,23,120,0.0,1.8605346106334577,0.0,1.8403333333333327,23.8665,6.0,-15,20.01696986302707,,0.0,1326.147816236779,0.0,348.3333333333333,47.68808423965898,optimal
2021-02-13 09:00:00,23,120,0.0,2.7439791510876828,0.0,1.673366666666667,27.4575,6.0,-15,20.0,,0.0,2469.5812359789143,0.0,0.0,47.610300149401525,optimal
2021-02-13 09:30:00,23,120,0.0,2.3713067390603086,0.0,3.2342,27.3735,6.0,-15,20.0,,0.0,2134.1760651542777,0.0,0.0,47.53259384323432,optimal
2021-02-13 10:00:00,23,120,0.0,2.6555096868009382,0.0,1.6702,30.4605,6.0,-15,20.0,,0.0,2180.9587181208444,0.0,209.0,47.45496524337329,optimal
2021-02-13 10:30:00,23,120,0.0,3.057698167358626,0.0,0.5079,30.0195,6.0,-15,20.0,,0.0,2751.9283506227634,0.0,0.0,47.37741427211211,optimal
2021-02-13 11:00:00,23,120,0.0,2.697613439012818,0.0,0.3702333333333333,26.9325,6.0,-15,20.0,,0.0,2427.8520951115365,0.0,0.0,47.2999408518222,optimal
2021-02-13 11:30:00,23,120,0.7276823983657339,0.0,0.0,0.1525,14.595,6.0,-15,20.0,,2546.8883942800685,0.0,0.0,0.0,47.22254490495258,optimal
2021-02-13 12:00:00,23,120,0.6596667579008566,0.0,0.0,0.2354666666666666,12.4845,6.0,-15,20.0,,2308.8336526529984,0.0,0.0,0.0,47.14522635402982,optimal
2021-02-13 12:30:00,23,120,0.6907503574256717,0.0,0.0,0.1104,12.1275,6.0,-15,20.0,,2417.626250989851,0.0,0.0,0.0,47.06798512165799,optimal
2021-02-13 13:00:00,23,120,1.1417799513003426,0.5418518518518518,0.0,1.9703,12.1275,6.0,-15,20.0,,3996.2298295512,0.0,0.0,487.6666666666667,46.99082113051853,optimal
2021-02-13 13:30:00,23,120,0.0,0.0,0.0,0.2628,12.789,6.0,-15,20.02421323702961,,0.0,0.0,0.0,0.0,46.91373430337021,optimal
2021-02-13 14:00:00,23,120,0.6122708539773177,0.0774074074074074,0.0,0.9854666666666668,11.907,6.0,-15,20.0,,2142.9479889206123,0.0,0.0,69.66666666666666,46.83672456304904,optimal
2021-02-13 14:30:00,23,120,0.499341120168773,0.0,0.0,1.666766666666667,11.025,6.0,-15,20.0,,1747.6939205907056,0.0,0.0,0.0,46.75979183246819,optimal
2021-02-13 15:00:00,23,120,1.1428571428571428,0.0,0.0,0.2420333333333333,8.2005,6.0,-15,20.0,,4000.0,0.0,0.0,0.0,46.68293603461792,optimal
2021-02-13 15:30:00,23,120,0.364881348738461,0.0,0.0,0.0777,9.5655,6.0,-15,20.017703403993405,,1277.0847205846137,0.0,0.0,0.0,46.606157092565496,optimal
2021-02-13 16:00:00,23,120,1.1428571428571428,0.0,0.0,0.4223,7.056,6.0,-15,20.0,,4000.0,0.0,0.0,0.0,46.52945492945513,optimal
2021-02-13 16:30:00,23,120,0.7695162122812618,0.3096296296296296,0.0,0.536,9.3975,6.0,-15,20.019031198989,,2693.3067429844164,0.0,0.0,278.66666666666663,46.45282946850787,optimal
2021-02-13 17:00:00,23,120,0.0,0.3096296296296296,0.0,0.3715333333333334,10.059,6.0,-15,20.027387939623235,,0.0,0.0,0.0,278.66666666666663,46.376280633021565,optimal
2021-02-13 17:30:00,23,120,0.941994105331082,0.5418518518518518,0.0,0.5081333333333333,9.261,6.0,-15,20.0,,3296.979368658787,0.0,0.0,487.6666666666667,46.299808346370746,optimal
2021-02-13 18:00:00,23,120,1.1428571428571428,0.4644444444444444,0.0,0.2833,8.1585,6.0,-15,20.01432435201052,,4000.0,0.0,0.0,418.0,46.22341253200658,optimal
2021-02-13 18:30:00,23,120,0.0,1.470740740740741,0.0,0.4528999999999999,9.4815,6.0,-15,20.034078919507763,,0.0,0.0,0.0,1323.6666666666667,46.14709311345677,optimal
2021-02-13 19:00:00,23,120,1.1428571428571428,0.1548148148148148,0.0,0.5497333333333333,8.379,6.0,-15,20.00745353697517,,4000.0,0.0,0.0,139.33333333333331,46.07085001432552,optimal
2021-02-13 19:30:00,23,120,0.0,0.0,0.0,0.3565333333333333,9.5235,6.0,-15,20.03075857644316,,0.0,0.0,0.0,0.0,45.99468315829339,optimal
2021-02-13 20:00:00,23,120,0.744593525991201,0.0,0.0,0.4603333333333333,8.1375,6.0,-15,20.0,,2606.077340969204,0.0,0.0,0.0,45.9185924691173,optimal
2021-02-13 20:30:00,23,120,0.0,0.3096296296296296,0.0,0.9527333333333332,10.0905,6.0,-15,20.0,,0.0,0.0,0.0,278.66666666666663,45.84257787063039,optimal
2021-02-13 21:00:00,23,120,0.0,0.0,0.0,1.665733333333333,7.539,6.0,-15,19.97000531661853,,0.0,0.0,0.0,0.0,45.79673529275976,optimal
2021-02-13 21:30:00,23,120,0.0,0.0,0.0,0.4397,7.938,6.0,-15,19.94278984831616,,0.0,0.0,0.0,0.0,45.750938557467,optimal
2021-02-13 22:00:00,23,120,0.0,0.6192592592592592,0.0,0.3019333333333333,8.274,6.0,-15,19.915089100794365,,0.0,0.0,0.0,557.3333333333333,45.70518761890953,optimal
2021-02-13 22:30:00,23,120,0.0,0.0,0.0,2.4355333333333333,9.261,6.0,-15,19.885699527266787,,0.0,0.0,0.0,0.0,45.65948243129062,optimal
2021-02-13 23:00:00,23,120,0.0,0.1548148148148148,0.0,0.738,9.9225,6.0,-15,19.85832271943312,,0.0,0.0,0.0,139.33333333333331,45.61382294885933,optimal
2021-02-13 23:30:00,23,120,0.0,0.0,0.0,0.1694666666666666,9.702,6.0,-15,19.83333233949896,,0.0,0.0,0.0,0.0,45.56820912591047,optimal
2021-02-07 00:00:00,24,120,0.0,0.2322222222222222,0.0,0.058,11.382,6.0,18,21.0,,0.0,0.0,0.0,209.0,47.952,optimal
2021-02-07 00:30:00,24,120,0.0,0.0,0.0,0.2905333333333333,11.7495,6.0,18,20.970718983887263,,0.0,0.0,0.0,0.0,47.904048,optimal
2021-02-07 01:00:00,24,120,0.0,0.0,0.0,0.0955999999999999,24.3285,6.0,18,20.944871656368907,,0.0,0.0,0.0,0.0,47.856143952,optimal
2021-02-07 01:30:00,24,120,0.0,0.0,0.0,0.1361333333333333,28.917,6.0,18,20.91217418519304,,0.0,0.0,0.0,0.0,47.80828780804799,optimal
2021-02-07 02:00:00,24,120,0.0,0.0,0.0,0.1846,31.3635,6.0,18,20.879936201645023,,0.0,0.0,0.0,0.0,47.76047952023995,optimal
2021-02-07 02:30:00,24,120,0.0,0.0,0.0,0.1263,33.306,6.0,18,20.848253441351368,,0.0,0.0,0.0,0.0,47.712719040719705,optimal
2021-02-07 03:00:00,24,120,0.0,0.0,0.0,0.0639,31.3425,6.0,18,20.8157250072252,,0.0,0.0,0.0,0.0,47.66500632167899,optimal
2021-02-07 03:30:00,24,120,0.0,0.0,0.0,0.1905333333333333,28.2555,6.0,18,20.78230262826081,,0.0,0.0,0.0,0.0,47.61734131535731,optimal
2021-02-07 04:00:00,24,120,0.0,0.0,0.0,0.06,15.6975,6.0,18,20.750390073851595,,0.0,0.0,0.0,0.0,47.56972397404195,optimal
2021-02-07 04:30:00,24,120,0.0,0.0,0.0,0.1301999999999999,12.5475,6.0,18,20.71685145807493,,0.0,0.0,0.0,0.0,47.52215425006791,optimal
2021-02-07 05:00:00,24,120,0.0,0.0,0.0,0.06,12.0855,6.0,18,20.68423453520704,,0.0,0.0,0.0,0.0,47.47463209581784,optimal
2021-02-07 05:30:00,24,120,0.0,0.0,0.0,0.1185,11.907,6.0,18,20.650827076944367,,0.0,0.0,0.0,0.0,47.42715746372202,optimal
2021-02-07 06:00:00,24,120,0.0,0.0,0.0,0.2022333333333333,12.5685,6.0,18,20.618198518146663,,0.0,0.0,0.0,0.0,47.379730306258296,optimal
2021-02-07 06:30:00,24,120,0.0,0.0,0.0,0.1301999999999999,13.146,6.0,18,20.58665471572427,,0.0,0.0,0.0,0.0,47.332350575952034,optimal
2021-02-07 07:00:00,24,120,0.0,4.79925925925926,0.0,0.1914,10.584,6.0,18,20.554196787939365,,0.0,0.0,0.0,4319.333333333333,47.285018225376085,optimal
2021-02-07 07:30:00,24,120,0.0,2.4770370370370367,1.604772195472187,0.8485666666666667,6.678,6.0,18,20.52656321252972,,0.0,0.0,0.0,2229.333333333333,48.0,optimal
2021-02-07 08:00:00,24,120,0.0,0.4644444444444444,0.0,1.3732,7.938,6.0,18,20.50430756507918,,0.0,0.0,0.0,418.0,47.366304034099095,optimal
2021-02-07 08:30:00,24,120,0.0,1.006296296296296,0.0,1.063233333333333,5.292,6.0,18,20.48221001354258,,0.0,0.0,0.0,905.6666666666664,46.73324176416409,optimal
2021-02-07 09:00:00,24,120,0.0,0.387037037037037,0.0,1.5402333333333331,9.261,6.0,18,20.45680234639948,,0.0,0.0,0.0,348.3333333333333,46.10081255649902,optimal
2021-02-07 09:30:00,24,120,0.0,0.0,0.0,1.9557333333333329,10.3635,6.0,18,20.4326198095194,,0.0,0.0,0.0,0.0,45.46901577804162,optimal
2021-02-07 10:00:00,24,120,0.0,0.0774074074074074,0.0,0.3301666666666666,8.274,6.0,18,20.41569404090625,,0.0,0.0,0.0,69.66666666666666,44.83785079636268,optimal
2021-02-07 10:30:00,24,120,0.0,0.0,0.0,0.5293666666666667,7.7175,6.0,18,20.388070722528383,,0.0,0.0,0.0,0.0,44.20731697966541,optimal
2021-02-07 11:00:00,24,120,0.0,0.2322222222222222,0.0,0.6351,6.615,6.0,18,20.36153676596433,,0.0,0.0,0.0,209.0,43.577413696784845,optimal
2021-02-07 11:30:00,24,120,0.0,0.0,0.0,0.2916666666666667,6.174,6.0,18,20.337793249741186,,0.0,0.0,0.0,0.0,42.94814031718715,optimal
2021-02-07 12:00:00,24,120,0.0,0.0,0.0,0.1937666666666666,3.906,6.0,18,20.30933229209444,,0.0,0.0,0.0,0.0,42.31949621096906,optimal
2021-02-07 12:30:00,24,120,0.0,0.0,0.0,0.2745,2.3415,6.0,18,20.278925043703985,,0.0,0.0,0.0,0.0,41.69148074885719,optimal
2021-02-07 13:00:00,24,120,0.0,0.0774074074074074,0.0,0.4410333333333333,2.205,6.0,18,20.25191604163978,,0.0,0.0,0.0,69.66666666666666,41.06409330220743,optimal
2021-02-07 13:30:00,24,120,1.1428571428571428,0.1548148148148148,0.0,0.256,0.882,6.0,18,20.22780377387719,,4000.0,0.0,0.0,139.33333333333331,40.43733324300431,optimal
2021-02-07 14:00:00,24,120,0.8832660698521562,0.0,0.0,0.3320333333333333,1.5435,6.0,18,20.25168865215917,,3091.431244482547,0.0,0.0,0.0,39.8111999438604,optimal
2021-02-07 14:30:00,24,120,1.1428571428571428,0.1548148148148148,0.0,0.1425666666666666,1.5435,6.0,18,20.269127008541044,,4000.0,0.0,0.0,139.33333333333331,39.18569277801564,optimal
2021-02-07 15:00:00,24,120,0.0,1.393333333333333,0.0,0.2683999999999999,5.0715,6.0,18,20.293804533881307,,0.0,0.0,0.0,1254.0,38.56081111933672,optimal
2021-02-07 15:30:00,24,120,0.0,0.387037037037037,0.0,0.3285333333333333,5.376,6.0,18,20.27064706395669,,0.0,0.0,0.0,348.3333333333333,37.93655434231648,optimal
2021-02-07 16:00:00,24,120,0.0,0.387037037037037,0.0,0.2551333333333333,5.0715,6.0,18,20.245406708477205,,0.0,0.0,0.0,348.3333333333333,37.31292182207326,optimal
2021-02-07 16:30:00,24,120,0.0,0.2322222222222222,0.0,0.4316,5.5125,6.0,18,20.21626638718543,,0.0,0.0,0.0,209.0,36.68991293435028,optimal
2021-02-07 17:00:00,24,120,0.0,0.0,0.0,1.7814333333333334,9.261,6.0,18,20.189874150960403,,0.0,0.0,0.0,0.0,36.06752705551503,optimal
2021-02-07 17:30:00,24,120,0.0,0.1548148148148148,0.0,0.4181,11.7075,6.0,18,20.16499743180792,,0.0,0.0,0.0,139.33333333333331,35.44576356255861,optimal
2021-02-07 18:00:00,24,120,0.0,0.1548148148148148,0.0,0.4094,12.348,6.0,18,20.13756813640197,,0.0,0.0,0.0,139.33333333333331,34.82462183309515,optimal
2021-02-07 18:30:00,24,120,0.0,0.0774074074074074,0.0,0.4139333333333332,12.348,6.0,18,20.11065259106088,,0.0,0.0,0.0,69.66666666666666,34.20410124536115,optimal
2021-02-07 19:00:00,24,120,0.0,0.2322222222222222,0.0,0.5646666666666667,12.1275,6.0,18,20.08165561873764,,0.0,0.0,0.0,209.0,33.58420117821489,optimal
2021-02-07 19:30:00,24,120,0.0,0.0,0.0,0.6477333333333334,12.5265,6.0,18,20.05435405525902,,0.0,0.0,0.0,0.0,32.96492101113577,optimal
2021-02-07 20:00:00,24,120,0.0,0.1548148148148148,0.0,0.3849333333333333,11.7495,6.0,18,20.02879712200835,,0.0,0.0,0.0,139.33333333333331,32.34626012422373,optimal
2021-02-07 20:30:00,24,120,0.0,0.4644444444444444,0.0,0.5127999999999999,13.23,6.0,18,20.0,,0.0,0.0,0.0,418.0,31.728217898198608,optimal
2021-02-07 21:00:00,24,120,0.0,0.2322222222222222,0.0,0.2732666666666666,14.3325,6.0,18,19.972122389827305,,0.0,0.0,0.0,209.0,31.110793714399502,optimal
2021-02-07 21:30:00,24,120,0.0,0.0,0.0,0.3153333333333333,14.994,6.0,18,19.942102263881,,0.0,0.0,0.0,0.0,30.4939869547842,optimal
2021-02-07 22:00:00,24,120,0.0,0.0,0.0,0.2411333333333333,14.8155,6.0,18,19.9147385242199,,0.0,0.0,0.0,0.0,29.87779700192852,optimal
2021-02-07 22:30:00,24,120,0.0,0.0,0.0,0.4288666666666667,14.112,6.0,18,19.888441387615178,,0.0,0.0,0.0,0.0,29.847919204926583,optimal
2021-02-07 23:00:00,24,120,0.0,0.0774074074074074,0.0,0.2964666666666666,14.007,6.0,18,19.86657472089353,,0.0,0.0,0.0,69.66666666666666,29.818071285721658,optimal
2021-02-07 23:30:00,24,120,0.0,0.1548148148148148,0.0,0.1275666666666666,13.23,6.0,18,19.843252165839782,,0.0,0.0,0.0,139.33333333333331,29.788253214435937,optimal
2021-02-08 00:00:00,24,120,1.1428571428571428,0.2322222222222222,5.0,0.058,5.271,6.0,-9,19.843252165839782,,4000.0,0.0,0.0,209.0,32.133464961221506,optimal
2021-02-08 00:30:00,24,120,1.1428571428571428,0.0,5.0,0.2134666666666666,7.938,6.0,-9,19.85843067925545,,4000.0,0.0,0.0,0.0,34.476331496260286,optimal
2021-02-08 01:00:00,24,120,1.1428571428571428,0.0,5.0,0.1446666666666666,7.938,6.0,-9,19.876417586286607,,4000.0,0.0,0.0,0.0,36.81685516476403,optimal
2021-02-08 01:30:00,24,120,1.1428571428571428,0.0,5.0,0.093,11.907,6.0,-9,19.891570954982186,,4000.0,0.0,0.0,0.0,39.15503830959926,optimal
2021-02-08 02:00:00,24,120,1.1428571428571428,0.0,5.0,0.1722,11.025,6.0,-9,19.90596573196183,,4000.0,0.0,0.0,0.0,41.49088327128966,optimal
2021-02-08 02:30:00,24,120,1.1428571428571428,0.0,5.0,0.0684666666666666,11.2875,6.0,-9,19.921197683831952,,4000.0,0.0,0.0,0.0,43.82439238801837,optimal
2021-02-08 03:00:00,24,120,1.1428571428571428,0.0,5.0,0.1626,12.936,6.0,-9,19.93523485047205,,4000.0,0.0,0.0,0.0,46.15556799563036,optimal
2021-02-08 03:30:00,24,120,1.1428571428571428,0.0,0.0,0.1788,13.0095,6.0,-9,19.95049008026596,,4000.0,0.0,0.0,0.0,46.10941242763472,optimal
2021-02-08 04:00:00,24,120,1.1428571428571428,0.0,0.0,0.06,13.671,6.0,-9,19.96581329142509,,4000.0,0.0,0.0,0.0,46.06330301520709,optimal
2021-02-08 04:30:00,24,120,1.1428571428571428,0.0,0.0,0.2898666666666666,13.188,6.0,-9,19.97955973283612,,4000.0,0.0,0.0,0.0,46.01723971219188,optimal
2021-02-08 05:00:00,24,120,1.1428571428571428,0.0,0.0,0.068,13.8495,6.0,-9,19.99588097940716,,4000.0,0.0,0.0,0.0,45.97122247247969,optimal
2021-02-08 05:30:00,24,120,1.1428571428571428,0.0,0.0,0.0616666666666666,13.23,6.0,-9,20.009171297164404,,4000.0,0.0,0.0,0.0,45.92525125000721,optimal
2021-02-08 06:00:00,24,120,1.1428571428571428,0.0,0.0,0.1776666666666666,13.3665,6.0,-9,20.022336137888185,,4000.0,0.0,0.0,0.0,45.8793259987572,optimal
2021-02-08 06:30:00,24,120,1.1428571428571428,0.0774074074074074,4.864930122026474,1.2926333333333335,13.0515,6.0,-9,20.0368092060646,,4000.0,0.0,0.0,69.66666666666666,48.144288480721016,optimal
2021-02-08 07:00:00,24,120,1.1428571428571428,0.5418518518518518,0.0,0.6796666666666666,13.5345,6.0,-9,20.05722527943205,,4000.0,0.0,0.0,487.6666666666667,48.096144192240295,optimal
2021-02-08 07:30:00,24,120,0.9822673273338224,2.0899999999999994,0.0,0.6123,14.154,6.0,-9,20.07965639894679,,3437.9356456683786,0.0,0.0,1881.0,48.048048048048045,optimal
2021-02-08 08:00:00,24,120,1.1428571428571428,0.6192592592592592,0.0,2.530766666666667,14.112,6.0,-9,20.09697924987048,,4000.0,0.0,0.0,557.3333333333333,48.0,optimal
2021-02-08 08:30:00,24,120,0.0,0.2322222222222222,0.0,0.4832333333333333,14.2485,6.0,-9,20.12913449124173,,0.0,0.0,0.0,209.0,47.78675134830231,optimal
2021-02-08 09:00:00,24,120,1.1428571428571428,0.0774074074074074,0.0,0.3534,12.789,6.0,-9,20.10352227477461,,4000.0,0.0,0.0,69.66666666666666,47.57371594525632,optimal
2021-02-08 09:30:00,24,120,1.1428571428571428,3.715555555555556,0.0,0.3057666666666666,13.0095,6.0,-9,20.12676491257689,,4000.0,0.0,0.0,3344.0,47.360893577613375,optimal
2021-02-08 10:00:00,24,120,1.1428571428571428,0.0,0.0,0.2152,12.1275,6.0,-9,20.14882580517597,,4000.0,0.0,0.0,0.0,47.14828403233808,optimal
2021-02-08 10:30:00,24,120,1.1428571428571428,0.0,0.0,0.07,12.348,6.0,-9,20.16593421302808,,4000.0,0.0,0.0,0.0,46.93588709660805,optimal
2021-02-08 11:00:00,24,120,1.1428571428571428,0.0,0.0,0.0765999999999999,12.348,6.0,-9,20.180942441720024,,4000.0,0.0,0.0,0.0,46.72370255781375,optimal
2021-02-08 11:30:00,24,120,0.0,0.0,0.0,0.2086,25.389,6.0,-9,20.19870913237446,,0.0,0.0,0.0,0.0,46.51173020355825,optimal
2021-02-08 12:00:00,24,120,0.0,0.0,0.0,0.1546666666666666,29.1375,6.0,-9,20.169517552122272,,0.0,0.0,0.0,0.0,46.29996982165701,optimal
2021-02-08 12:30:00,24,120,0.0,0.0,0.0,0.07,30.597,6.0,-9,20.14086217257481,,0.0,0.0,0.0,0.0,46.08842120013767,optimal
2021-02-08 13:00:00,24,120,0.0,0.0,0.0,0.1419666666666666,33.684,6.0,-9,20.111628678297457,,0.0,0.0,0.0,0.0,45.87708412723984,optimal
2021-02-08 13:30:00,24,120,0.0,0.0,0.0,0.2213,32.445,6.0,-9,20.083403236931023,,0.0,0.0,0.0,0.0,45.66595839141491,optimal
2021-02-08 14:00:00,24,120,0.0,0.0,0.0,0.0765999999999999,28.917,6.0,-9,20.05639847645873,,0.0,0.0,0.0,0.0,45.455043781325806,optimal
2021-02-08 14:30:00,24,120,0.0,0.0,0.0,0.1377333333333333,15.876,6.0,-9,20.02794735374963,,0.0,0.0,0.0,0.0,45.2443400858468,optimal
2021-02-08 15:00:00,24,120,0.6819025141628702,0.0,0.0,0.2321333333333333,12.348,6.0,-9,20.0,,2386.6587995700456,0.0,0.0,0.0,45.03384709406326,optimal
2021-02-08 15:30:00,24,120,1.1428571428571428,0.0,0.0,0.1207999999999999,12.1275,6.0,-9,20.0,,4000.0,0.0,0.0,0.0,44.82356459527151,optimal
2021-02-08 16:00:00,24,120,0.3306970651213784,0.0,0.0,0.1368666666666666,12.348,6.0,-9,20.018397103513447,,1157.4397279248246,0.0,0.0,0.0,44.61349237897856,optimal
2021-02-08 16:30:00,24,120,0.7553338403289639,0.0,0.0,0.1822,12.1275,6.0,-9,20.0,,2643.668441151374,0.0,0.0,0.0,44.40363023490189,optimal
2021-02-08 17:00:00,24,120,0.8308042198098693,0.0,0.0,0.1546666666666666,12.1275,6.0,-9,20.0,,2907.8147693345427,0.0,0.0,0.0,44.1939779529693,optimal
2021-02-08 17:30:00,24,120,0.8228084493317411,0.0,0.0,0.2152,11.2665,6.0,-9,20.0,,2879.829572661094,0.0,0.0,0.0,43.98453532331864,optimal
2021-02-08 18:00:00,24,120,1.1428571428571428,0.0,0.0,0.313,10.143,6.0,-9,20.0,,4000.0,0.0,0.0,0.0,43.77530213629763,optimal
2021-02-08 18:30:00,24,120,0.3643348370892374,0.2322222222222222,0.0,0.4042666666666666,11.2455,6.0,-9,20.015089334688337,,1275.171929812331,0.0,0.0,209.0,43.56627818246365,optimal
2021-02-08 19:00:00,24,120,0.5495131207637435,1.6255555555555554,0.0,1.9102,11.025,6.0,-9,20.0,,1923.295922673102,0.0,0.0,1463.0,43.3574632525835,optimal
2021-02-08 19:30:00,24,120,1.1428571428571428,0.6966666666666667,0.0,1.0276333333333334,5.9745,6.0,-9,20.0,,4000.0,0.0,0.0,627.0,43.14885713763323,optimal
2021-02-08 20:00:00,24,120,0.097855387895319,0.0,0.0,1.5623,7.938,6.0,-9,20.02172395615756,,342.4938576336167,0.0,0.0,0.0,42.94045962879791,optimal
2021-02-08 20:30:00,24,120,0.0,0.0,0.0,1.1057666666666668,8.6835,6.0,-9,20.0,,0.0,0.0,0.0,0.0,42.73227051747143,optimal
2021-02-08 21:00:00,24,120,0.0,0.0,0.0,0.9133666666666668,7.665,6.0,-9,19.970962505396123,,0.0,0.0,0.0,0.0,42.52428959525627,optimal
2021-02-08 21:30:00,24,120,0.0,5.960370370370371,0.0,1.0643,6.7725,6.0,-9,19.93923589878432,,0.0,0.0,0.0,5364.333333333334,42.48176530566101,optimal
2021-02-08 22:00:00,24,120,0.0,6.579629629629632,0.0,0.3165,5.5755,6.0,-9,19.91406657216331,,0.0,0.0,0.0,5921.666666666669,42.43928354035536,optimal
2021-02-08 22:30:00,24,120,0.0,2.941481481481482,0.0,0.2459333333333333,5.0925,6.0,-9,19.88545350635412,,0.0,0.0,0.0,2647.333333333333,42.396844256815,optimal
2021-02-08 23:00:00,24,120,0.0,0.0,0.0,0.2509333333333333,4.1895,6.0,-9,19.856954379674928,,0.0,0.0,0.0,0.0,42.35444741255819,optimal
2021-02-08 23:30:00,24,120,0.0,0.0,0.0,0.1189333333333333,7.056,6.0,-9,19.824026982600184,,0.0,0.0,0.0,0.0,42.31209296514563,optimal
2021-02-09 00:00:00,24,120,1.1428571428571428,0.0,0.0,0.059,15.981,6.0,-17,19.824026982600184,,4000.0,0.0,0.0,0.0,42.26978087218048,optimal
2021-02-09 00:30:00,24,120,1.1428571428571428,0.0,0.0,0.0697,15.6345,6.0,-17,19.83746498966844,,4000.0,0.0,0.0,0.0,42.2275110913083,optimal
2021-02-09 01:00:00,24,120,1.1428571428571428,0.0,0.0,0.1125,16.5375,6.0,-17,19.85110583425856,,4000.0,0.0,0.0,0.0,42.185283580217,optimal
2021-02-09 01:30:00,24,120,1.1428571428571428,0.0,0.0,0.0661333333333333,14.7735,6.0,-17,19.8653401674501,,4000.0,0.0,0.0,0.0,42.14309829663678,optimal
2021-02-09 02:00:00,24,120,1.1428571428571428,0.0,0.0,0.1160666666666666,15.2145,6.0,-17,19.878783169247416,,4000.0,0.0,0.0,0.0,42.10095519834015,optimal
2021-02-09 02:30:00,24,120,1.1428571428571428,0.0,0.0,0.059,14.553,6.0,-17,19.89260956816775,,4000.0,0.0,0.0,0.0,42.0588542431418,optimal
2021-02-09 03:00:00,24,120,1.1428571428571428,0.0,0.0,0.059,14.3325,6.0,-17,19.90581247780585,,4000.0,0.0,0.0,0.0,42.01679538889866,optimal
2021-02-09 03:30:00,24,120,1.1428571428571428,0.0,0.0,0.0804,14.595,6.0,-17,19.919088339988708,,4000.0,0.0,0.0,0.0,41.97477859350976,optimal
2021-02-09 04:00:00,24,120,1.1428571428571428,0.0,0.0,0.1018,14.994,6.0,-17,19.93279684037149,,4000.0,0.0,0.0,0.0,41.93280381491625,optimal
2021-02-09 04:30:00,24,120,1.1428571428571428,0.0,0.0,0.0839666666666666,14.3325,6.0,-17,19.946937121221787,,4000.0,0.0,0.0,0.0,41.89087101110133,optimal
2021-02-09 05:00:00,24,120,1.1428571428571428,0.0,0.0,0.0982333333333333,13.8915,6.0,-17,19.960633860002687,,4000.0,0.0,0.0,0.0,41.84898014009024,optimal
2021-02-09 05:30:00,24,120,1.1428571428571428,0.0,0.0,0.1053666666666666,13.8915,6.0,-17,19.9742789892819,,4000.0,0.0,0.0,0.0,41.80713115995015,optimal
2021-02-09 06:00:00,24,120,1.1428571428571428,0.0,5.0,0.0788333333333333,13.4715,6.0,-17,19.9879839669496,,4000.0,0.0,0.0,0.0,44.1403240287902,optimal
2021-02-09 06:30:00,24,120,1.1428571428571428,0.0,5.0,0.1331999999999999,13.23,6.0,-17,20.00131417077741,,4000.0,0.0,0.0,0.0,46.47118370476141,optimal
2021-02-09 07:00:00,24,120,1.1428571428571428,0.387037037037037,3.518803518281364,0.0656666666666666,13.8915,6.0,-17,20.01508367314285,,4000.0,0.0,0.0,348.3333333333333,48.096144192240295,optimal
2021-02-09 07:30:00,24,120,0.0,0.4615156161939189,0.0,0.2739333333333333,26.9325,6.0,-17,20.0286837041818,,0.0,415.3640545745271,0.0,0.0,48.048048048048045,optimal
2021-02-09 08:00:00,24,120,0.0,8.030639122957341,0.0,1.2176,30.303,6.0,-17,20.0,,0.0,2363.44854399494,0.0,4864.126666666667,48.0,optimal
2021-02-09 08:30:00,24,120,0.0,4.132071231296475,0.0,0.067,32.886,6.0,-17,20.0,,0.0,2661.3241081668275,0.0,1057.5400000000002,47.82243788342757,optimal
2021-02-09 09:00:00,24,120,0.0,3.016498269230815,0.0,0.1268,34.9965,6.0,-17,20.0,,0.0,2505.8484423077334,0.0,209.0,47.64505332897171,optimal
2021-02-09 09:30:00,24,120,0.0,2.9153254488716285,0.0,0.2155,33.327,6.0,-17,20.0,,0.0,2554.126237317799,0.0,69.66666666666666,47.46784615907031,optimal
2021-02-09 10:00:00,24,120,0.0,2.6805512152773647,0.0,0.2816333333333333,31.122,6.0,-17,20.0,,0.0,2342.829427082962,0.0,69.66666666666666,47.29081619633881,optimal
2021-02-09 10:30:00,24,120,0.7311174065499741,0.0,0.0,0.1236666666666666,17.9025,6.0,-17,20.0,,2558.9109229249093,0.0,0.0,0.0,47.11396326357004,optimal
2021-02-09 11:00:00,24,120,0.5674741777470717,0.0,0.0,1.0047333333333333,15.6555,6.0,-17,20.0,,1986.1596221147504,0.0,0.0,0.0,46.93728718373404,optimal
2021-02-09 11:30:00,24,120,0.5290940727475502,0.0,0.0,1.0493666666666666,14.553,6.0,-17,20.0,,1851.8292546164253,0.0,0.0,0.0,46.76078777997788,optimal
2021-02-09 12:00:00,24,120,0.5150607186173871,0.2322222222222222,0.0,0.3965,14.3325,6.0,-17,20.0,,1802.712515160855,0.0,0.0,209.0,46.58446487562547,optimal
2021-02-09 12:30:00,24,120,0.6344655855216389,0.0,0.0,0.1646,13.335,6.0,-17,20.0,,2220.629549325736,0.0,0.0,0.0,46.40831829417741,optimal
2021-02-09 13:00:00,24,120,1.1428571428571428,0.0,0.0,0.3088999999999999,12.1275,6.0,-17,20.0,,4000.0,0.0,0.0,0.0,46.232347859310806,optimal
2021-02-09 13:30:00,24,120,0.0954410813524538,0.0,0.0,0.069,12.2955,6.0,-17,20.0230074363435,,334.0437847335885,0.0,0.0,0.0,46.05655339487907,optimal
2021-02-09 14:00:00,24,120,0.6491766350811279,0.0,0.0,0.069,11.6865,6.0,-17,20.0,,2272.118222783948,0.0,0.0,0.0,45.88093472491176,optimal
2021-02-09 14:30:00,24,120,1.1428571428571428,0.0,0.0,0.1260666666666666,11.466,6.0,-17,20.0,,4000.0,0.0,0.0,0.0,45.70549167361442,optimal
2021-02-09 15:00:00,24,120,1.1428571428571428,0.0,0.0,0.0761333333333333,10.8045,6.0,-17,20.02164572644727,,4000.0,0.0,0.0,0.0,45.53022406536837,optimal
2021-02-09 15:30:00,24,120,1.1428571428571428,0.0,0.0,0.069,10.584,6.0,-17,20.040376070842807,,4000.0,0.0,0.0,0.0,45.355131724730576,optimal
2021-02-09 16:00:00,24,120,1.1428571428571428,0.0,0.0,0.1296333333333333,11.2455,6.0,-17,20.058982380438128,,4000.0,0.0,0.0,0.0,45.18021447643341,optimal
2021-02-09 16:30:00,24,120,0.0,0.0,0.0,0.1590666666666666,12.1275,6.0,-17,20.07531757420326,,0.0,0.0,0.0,0.0,45.00547214538455,optimal
2021-02-09 17:00:00,24,120,0.0,0.387037037037037,0.0,0.2354666666666666,11.823,6.0,-17,20.043680741251688,,0.0,0.0,0.0,348.3333333333333,44.83090455666674,optimal
2021-02-09 17:30:00,24,120,0.2897809826184588,0.3096296296296296,0.0,1.208233333333333,11.7705,6.0,-17,20.012489658187608,,1014.2334391646058,0.0,0.0,278.66666666666663,44.65651153553764,optimal
2021-02-09 18:00:00,24,120,1.130758532070948,0.3096296296296296,0.0,1.0169,11.13,6.0,-17,20.0,,3957.6548622483183,0.0,0.0,278.66666666666663,44.48229290742968,optimal
2021-02-09 18:30:00,24,120,0.0,0.0,0.0,1.786166666666667,11.6865,6.0,-17,20.02537269018114,,0.0,0.0,0.0,0.0,44.30824849794981,optimal
2021-02-09 19:00:00,24,120,1.1428571428571428,0.2322222222222222,0.0,0.9274,10.7205,6.0,-17,20.003610225462623,,4000.0,0.0,0.0,209.0,44.13437813287944,optimal
2021-02-09 19:30:00,24,120,0.0,0.1548148148148148,0.0,1.2289,11.424,6.0,-17,20.025270773034475,,0.0,0.0,0.0,139.33333333333331,43.96068163817412,optimal
2021-02-09 20:00:00,24,120,0.7601679388609558,0.0,0.0,0.2432,10.689,6.0,-17,20.0,,2660.587786013345,0.0,0.0,0.0,43.78715883996352,optimal
2021-02-09 20:30:00,24,120,0.0,0.0,0.0,0.3277333333333332,11.361,6.0,-17,20.0,,0.0,0.0,0.0,0.0,43.74337168112356,optimal
2021-02-09 21:00:00,24,120,0.0,0.0,0.0,0.3536666666666667,11.571,6.0,-17,19.968918840265847,,0.0,0.0,0.0,0.0,43.69962830944243,optimal
2021-02-09 21:30:00,24,120,0.0,0.0,0.0,0.2845,14.3745,6.0,-17,19.94009057061519,,0.0,0.0,0.0,0.0,43.65592868113299,optimal
2021-02-09 22:00:00,24,120,0.0,0.0,0.0,0.3199333333333333,13.23,6.0,-17,19.91093049530183,,0.0,0.0,0.0,0.0,43.61227275245186,optimal
2021-02-09 22:30:00,24,120,0.0,0.0,0.0,0.3794333333333333,13.9755,6.0,-17,19.88235879541832,,0.0,0.0,0.0,0.0,43.5686604796994,optimal
2021-02-09 23:00:00,24,120,0.0,5.882962962962964,0.0,0.2922333333333333,14.994,6.0,-17,19.85440214320869,,0.0,0.0,0.0,5294.666666666667,43.5250918192197,optimal
2021-02-09 23:30:00,24,120,0.0,0.0,0.0,0.1428666666666666,13.671,6.0,-17,19.82438854358828,,0.0,0.0,0.0,0.0,43.48156672740048,optimal
2021-02-10 00:00:00,24,120,1.1428571428571428,0.0,0.0,0.1176,10.8045,6.0,0,19.82438854358828,,4000.0,0.0,0.0,0.0,43.43808516067308,optimal
2021-02-10 00:30:00,24,120,1.1428571428571428,2.150377777777778,0.0,0.1488,11.508,6.0,0,19.83801610413243,,4000.0,0.0,0.0,1935.34,43.39464707551241,optimal
2021-02-10 01:00:00,24,120,1.1428571428571428,0.0170296296296296,0.0,0.3977,11.508,6.0,0,19.85182284469024,,4000.0,0.0,0.0,15.32666666666668,43.351252428436894,optimal
2021-02-10 01:30:00,24,120,1.1428571428571428,0.5418518518518518,0.0,0.1995,11.508,6.0,0,19.86881623056942,,4000.0,0.0,0.0,487.6666666666667,43.30790117600846,optimal
2021-02-10 02:00:00,24,120,1.1428571428571428,0.1548148148148148,0.0,0.2834,11.844,6.0,0,19.8833889087065,,4000.0,0.0,0.0,139.33333333333331,43.26459327483245,optimal
2021-02-10 02:30:00,24,120,1.1428571428571428,0.0774074074074074,0.0,0.0822,11.508,6.0,0,19.899874470934297,,4000.0,0.0,0.0,69.66666666666666,43.221328681557615,optimal
2021-02-10 03:00:00,24,120,1.1428571428571428,0.2322222222222222,0.0,0.1805999999999999,11.508,6.0,0,19.91410244754686,,4000.0,0.0,0.0,209.0,43.17810735287605,optimal
2021-02-10 03:30:00,24,120,1.1428571428571428,0.0,5.0,0.56,10.4475,6.0,0,19.9309246687206,,4000.0,0.0,0.0,0.0,45.509929245523175,optimal
2021-02-10 04:00:00,24,120,1.1428571428571428,0.4644444444444444,1.0432659967310087,0.1455,10.8675,6.0,0,19.95351842533225,,4000.0,0.0,0.0,418.0,45.95997066472487,optimal
2021-02-10 04:30:00,24,120,1.1428571428571428,0.0,5.0,0.0931333333333333,10.542,6.0,0,19.970398538018355,,4000.0,0.0,0.0,0.0,48.28901069406015,optimal
2021-02-10 05:00:00,24,120,1.1428571428571428,0.0,0.0,0.167,11.025,6.0,0,19.983512424684832,,4000.0,0.0,0.0,0.0,48.24072168336608,optimal
2021-02-10 05:30:00,24,120,1.1428571428571428,6.502222222222222,0.0,0.067,11.025,6.0,0,19.996260334700928,,4000.0,0.0,0.0,5852.0,48.19248096168271,optimal
2021-02-10 06:00:00,24,120,1.1428571428571428,0.0774074074074074,0.0,2.0375,14.553,6.0,0,20.008398940695667,,4000.0,0.0,0.0,69.66666666666666,48.144288480721016,optimal
2021-02-10 06:30:00,24,120,1.1428571428571428,6.192592592592592,0.0,0.123,13.0935,6.0,0,20.028910517728217,,4000.0,0.0,0.0,5573.333333333333,48.096144192240295,optimal
2021-02-10 07:00:00,24,120,1.1428571428571428,6.367533333333333,0.0,0.067,15.6345,6.0,0,20.04565844187132,,4000.0,0.0,0.0,5730.78,48.048048048048045,optimal
2021-02-10 07:30:00,24,120,0.0,1.2958000000000005,0.0,0.2647,18.102,6.0,0,20.062937791110848,,0.0,0.0,0.0,1166.2200000000005,48.0,optimal
2021-02-10 08:00:00,24,120,1.1428571428571428,0.0774074074074074,0.0,0.1,17.199,6.0,0,20.032610381480204,,4000.0,0.0,0.0,69.66666666666666,47.87274120811764,optimal
2021-02-10 08:30:00,24,120,0.0,1.0837037037037036,0.0,0.1678,18.2805,6.0,0,20.049058339752875,,0.0,0.0,0.0,975.3333333333334,47.74560967502716,optimal
2021-02-10 09:00:00,24,120,1.1428571428571428,0.0,0.0,1.073,17.4615,6.0,0,20.01755665255084,,4000.0,0.0,0.0,0.0,47.618605273469775,optimal
2021-02-10 09:30:00,24,120,0.0,0.0,0.0,0.125,18.3225,6.0,0,20.0354630707958,,0.0,0.0,0.0,0.0,47.491727876313945,optimal
2021-02-10 10:00:00,24,120,1.1428571428571428,0.387037037037037,0.0,0.074,17.094,6.0,0,20.00278645931174,,4000.0,0.0,0.0,348.3333333333333,47.36497735655527,optimal
2021-02-10 10:30:00,24,120,1.1428571428571428,0.2322222222222222,0.0,1.6853666666666665,17.094,6.0,0,20.022431426355848,,4000.0,0.0,0.0,209.0,47.238353587316354,optimal
2021-02-10 11:00:00,24,120,1.1428571428571428,0.0,0.0,1.697266666666667,17.094,6.0,0,20.055958507311875,,4000.0,0.0,0.0,0.0,47.11185644184668,optimal
2021-02-10 11:30:00,24,120,1.1428571428571428,0.3096296296296296,0.0,0.6452333333333333,17.3565,6.0,0,20.09218372048907,,4000.0,0.0,0.0,278.66666666666663,46.98548579352247,optimal
2021-02-10 12:00:00,24,120,1.1428571428571428,0.0774074074074074,0.0,0.2628,17.115,6.0,0,20.119541715693128,,4000.0,0.0,0.0,69.66666666666666,46.85924151584659,optimal
2021-02-10 12:30:00,24,120,1.1428571428571428,2.631851851851852,0.0,0.2791,17.241,6.0,0,20.146525271916204,,4000.0,0.0,0.0,2368.6666666666665,46.733123482448384,optimal
2021-02-10 13:00:00,24,120,1.1428571428571428,0.1548148148148148,0.0,0.3334,17.094,6.0,0,20.17339401374859,,4000.0,0.0,0.0,139.33333333333331,46.60713156708358,optimal
2021-02-10 13:30:00,24,120,1.1428571428571428,0.0,0.0,0.067,16.5165,6.0,0,20.20041859249849,,4000.0,0.0,0.0,0.0,46.48126564363413,optimal
2021-02-10 14:00:00,24,120,1.1428571428571428,0.0,0.0,0.2267333333333333,17.8185,6.0,0,20.223346860021664,,4000.0,0.0,0.0,0.0,46.355525586108136,optimal
2021-02-10 14:30:00,24,120,1.1428571428571428,0.0,0.0,0.083,17.094,6.0,0,20.24649082423037,,4000.0,0.0,0.0,0.0,46.22991126863967,optimal
2021-02-10 15:00:00,24,120,1.1428571428571428,0.0,0.0,0.1434,16.8945,6.0,0,20.26717598795953,,4000.0,0.0,0.0,0.0,46.10442256548867,optimal
2021-02-10 15:30:00,24,120,0.4346755216147681,0.0,0.0,0.167,18.123,6.0,0,20.28661711836738,,1521.3643256516884,0.0,0.0,0.0,45.97905935104082,optimal
2021-02-10 16:00:00,24,120,0.0,0.0,0.0,0.0772666666666666,31.647,6.0,0,20.275715105714266,,0.0,0.0,0.0,0.0,45.85382149980742,optimal
2021-02-10 16:30:00,24,120,0.0,0.0,0.0,0.1351333333333333,34.9965,6.0,0,20.241902993933827,,0.0,0.0,0.0,0.0,45.72870888642525,optimal
2021-02-10 17:00:00,24,120,0.0,0.0,0.0,0.167,34.9965,6.0,0,20.20846635581308,,0.0,0.0,0.0,0.0,45.60372138565647,optimal
2021-02-10 17:30:00,24,120,0.0,0.0,0.0,0.1420666666666666,34.9965,6.0,0,20.172017880437565,,0.0,0.0,0.0,0.0,45.47885887238846,optimal
2021-02-10 18:00:00,24,120,0.0,0.387037037037037,0.0,0.1198333333333333,34.9965,6.0,0,20.137443074026017,,0.0,0.0,0.0,348.3333333333333,45.35412122163371,optimal
2021-02-10 18:30:00,24,120,0.0,2.1674074074074072,0.0,0.2999,34.9965,6.0,0,20.103706784160963,,0.0,0.0,0.0,1950.6666666666667,45.22950830852972,optimal
2021-02-10 19:00:00,24,120,0.0,0.2322222222222222,0.0,1.1760666666666666,27.741,6.0,0,20.0766102042614,,0.0,0.0,0.0,209.0,45.105020008338826,optimal
2021-02-10 19:30:00,24,120,0.0,0.4644444444444444,0.0,0.5306000000000001,19.026,6.0,0,20.05868855445729,,0.0,0.0,0.0,418.0,44.98065619644813,optimal
2021-02-10 20:00:00,24,120,0.0,2.0899999999999994,0.0,0.3445,18.7215,6.0,0,20.03103863043741,,0.0,0.0,0.0,1881.0,44.85641674836932,optimal
2021-02-10 20:30:00,24,120,0.0,0.2322222222222222,0.0,0.3698666666666667,17.4195,6.0,0,20.0,,0.0,0.0,0.0,209.0,44.73230153973859,optimal
2021-02-10 21:00:00,24,120,0.0,0.0774074074074074,0.0,0.2961333333333333,16.758,6.0,0,19.97129827858216,,0.0,0.0,0.0,69.66666666666666,44.608310446316494,optimal
2021-02-10 21:30:00,24,120,0.0,0.0,0.0,0.4509666666666665,14.217,6.0,0,19.942235154595583,,0.0,0.0,0.0,0.0,44.56370213587018,optimal
2021-02-10 22:00:00,24,120,0.0,0.1548148148148148,0.0,0.2764333333333333,13.3665,6.0,0,19.914079888411763,,0.0,0.0,0.0,139.33333333333331,44.51913843373431,optimal
2021-02-10 22:30:00,24,120,0.0,0.1548148148148148,0.0,0.3102,12.789,6.0,0,19.88066438408088,,0.0,0.0,0.0,139.33333333333331,44.47461929530058,optimal
2021-02-10 23:00:00,24,120,0.0,0.0,0.0,0.16,11.907,6.0,0,19.846398384374893,,0.0,0.0,0.0,0.0,44.43014467600528,optimal
2021-02-10 23:30:00,24,120,0.0,0.0,0.0,0.069,11.7075,6.0,0,19.80326799968746,,0.0,0.0,0.0,0.0,44.38571453132927,optimal
2021-02-11 00:00:00,24,120,1.1428571428571428,0.0,0.0,0.0787,12.684,6.0,5,19.80326799968746,,4000.0,0.0,0.0,0.0,44.34132881679794,optimal
2021-02-11 00:30:00,24,120,1.1428571428571428,0.0,0.0,0.1116666666666666,12.306,6.0,5,19.809668186581785,,4000.0,0.0,0.0,0.0,44.29698748798114,optimal
2021-02-11 01:00:00,24,120,1.1428571428571428,0.0,3.957073950519026,0.063,10.6365,6.0,5,19.815973341017017,,4000.0,0.0,0.0,0.0,46.13230062698969,optimal
2021-02-11 01:30:00,24,120,1.1428571428571428,0.0,0.0,0.063,11.2455,6.0,5,19.82137190126379,,4000.0,0.0,0.0,0.0,46.086168326362696,optimal
2021-02-11 02:00:00,24,120,1.1428571428571428,0.0,0.0,0.063,11.2455,6.0,5,19.826759758525515,,4000.0,0.0,0.0,0.0,46.04008215803633,optimal
2021-02-11 02:30:00,24,120,1.1428571428571428,0.0,0.0,0.063,11.025,6.0,5,19.83213693402153,,4000.0,0.0,0.0,0.0,45.99404207587828,optimal
2021-02-11 03:00:00,24,120,1.1428571428571428,0.0,0.0,0.063,12.0855,6.0,5,19.83730519264297,,4000.0,0.0,0.0,0.0,45.9480480338024,optimal
2021-02-11 03:30:00,24,120,1.1428571428571428,0.0,0.0,0.063,11.6865,6.0,5,19.84226494858067,,4000.0,0.0,0.0,0.0,45.902099985768594,optimal
2021-02-11 04:00:00,24,120,1.1428571428571428,0.0,0.0,0.063,11.2245,6.0,5,19.84771051220579,,4000.0,0.0,0.0,0.0,45.85619788578282,optimal
2021-02-11 04:30:00,24,120,1.1428571428571428,0.0,0.0,0.063,11.025,6.0,5,19.853640920374044,,4000.0,0.0,0.0,0.0,45.81034168789703,optimal
2021-02-11 05:00:00,24,120,1.1428571428571428,0.0,0.0,0.063,10.7835,6.0,5,19.85955957113532,,4000.0,0.0,0.0,0.0,45.764531346209125,optimal
2021-02-11 05:30:00,24,120,1.1428571428571428,0.0,0.0,0.063,11.025,6.0,5,19.865466487799395,,4000.0,0.0,0.0,0.0,45.71876681486292,optimal
2021-02-11 06:00:00,24,120,1.1428571428571428,0.4644444444444444,5.0,0.1146666666666666,10.584,6.0,5,19.87185733434521,,4000.0,0.0,0.0,418.0,48.048048048048045,optimal
2021-02-11 06:30:00,24,120,1.1428571428571428,0.2322222222222222,0.0,0.202,11.025,6.0,5,19.879827562242006,,4000.0,0.0,0.0,209.0,48.0,optimal
2021-02-11 07:00:00,24,120,1.1428571428571428,0.3096296296296296,0.0,0.2445999999999999,10.4265,6.0,5,19.89243586919865,,4000.0,0.0,0.0,278.66666666666663,47.615085353778326,optimal
2021-02-11 07:30:00,24,120,1.1428571428571428,13.09630758331473,0.0,0.2037333333333333,12.789,6.0,5,19.906370020604225,,4000.0,6561.676824983257,0.0,5225.0,47.23055562220288,optimal
2021-02-11 08:00:00,24,120,1.1428571428571428,2.39962962962963,0.0,0.071,12.684,6.0,5,20.0,,4000.0,0.0,0.0,2159.6666666666665,46.84641042035901,optimal
2021-02-11 08:30:00,24,120,1.1428571428571428,0.0,0.0,0.071,16.254,6.0,5,20.010671637606915,,4000.0,0.0,0.0,0.0,46.46264936371698,optimal
2021-02-11 09:00:00,24,120,1.1428571428571428,0.387037037037037,0.0,0.7754333333333333,17.64,6.0,5,20.021414568575583,,4000.0,0.0,0.0,348.3333333333333,46.07927206813159,optimal
2021-02-11 09:30:00,24,120,1.1428571428571428,0.1548148148148148,0.0,0.5564,19.1625,6.0,5,20.04327055388569,,4000.0,0.0,0.0,139.33333333333331,45.69627814984178,optimal
2021-02-11 10:00:00,24,120,0.0,0.0,0.0,1.2314333333333334,26.46,6.0,5,20.063392365615847,,0.0,0.0,0.0,0.0,45.31366722547027,optimal
2021-02-11 10:30:00,24,120,0.1801808562857615,0.0,0.0,0.2613999999999999,20.79,6.0,5,20.044055061149304,,630.6329970001655,0.0,0.0,0.0,44.931438912023125,optimal
2021-02-11 11:00:00,24,120,0.0,2.2448148148148146,0.0,0.4079,29.106,6.0,5,20.024534033381773,,0.0,0.0,0.0,2020.3333333333333,44.54959282688943,optimal
2021-02-11 11:30:00,24,120,1.1428571428571428,0.387037037037037,0.0,0.3710333333333334,19.1835,6.0,5,20.0,,4000.0,0.0,0.0,348.3333333333333,44.16812858784087,optimal
2021-02-11 12:00:00,24,120,0.0,1.8577777777777773,0.0,0.3615333333333334,19.6665,6.0,5,20.02408790992211,,0.0,0.0,0.0,1672.0,43.78704581303136,optimal
2021-02-11 12:30:00,24,120,0.2935772329689705,0.6192592592592592,0.0,0.5622999999999999,19.404,6.0,5,20.003312568546097,,1027.5203153913967,0.0,0.0,557.3333333333333,43.40634412099665,optimal
2021-02-11 13:00:00,24,120,0.4582032083839113,0.387037037037037,0.0,0.394,19.047,6.0,5,20.0,,1603.7112293436896,0.0,0.0,348.3333333333333,43.02602313065398,optimal
2021-02-11 13:30:00,24,120,0.946799503564266,0.0,0.0,0.3874333333333333,18.858,6.0,5,20.0,,3313.7982624749307,0.0,0.0,0.0,42.64608246130166,optimal
2021-02-11 14:00:00,24,120,0.0,0.3096296296296296,0.0,2.0625666666666667,19.2675,6.0,5,20.02088412320109,,0.0,0.0,0.0,278.66666666666663,42.266521732618685,optimal
2021-02-11 14:30:00,24,120,0.0,0.0,0.0,1.4186666666666667,18.963,6.0,5,20.014690194334232,,0.0,0.0,0.0,0.0,41.88734056466439,optimal
2021-02-11 15:00:00,24,120,1.1428571428571428,0.0,0.0,0.6344,18.438,6.0,5,20.0,,4000.0,0.0,0.0,0.0,41.508538577878056,optimal
2021-02-11 15:30:00,24,120,0.3567910265814102,0.6192592592592592,0.0,0.8737,18.7425,6.0,5,20.03005482937786,,1248.7685930349355,0.0,0.0,557.3333333333333,41.130115393078505,optimal
2021-02-11 16:00:00,24,120,1.1428571428571428,0.387037037037037,0.0,0.6219,15.2145,6.0,5,20.02989069443236,,4000.0,0.0,0.0,348.3333333333333,40.75207063146375,optimal
2021-02-11 16:30:00,24,120,1.1428571428571428,0.2322222222222222,0.0,0.4175666666666666,17.7765,6.0,5,20.054808025593168,,4000.0,0.0,0.0,209.0,40.37440391461062,optimal
2021-02-11 17:00:00,24,120,1.1428571428571428,1.0837037037037036,0.0,0.2815666666666667,16.758,6.0,5,20.078381705063705,,4000.0,0.0,0.0,975.3333333333334,39.997114864474334,optimal
2021-02-11 17:30:00,24,120,1.1428571428571428,1.006296296296296,0.0,0.3592333333333333,16.422,6.0,5,20.094847690997,,4000.0,0.0,0.0,905.6666666666664,39.620203103388185,optimal
2021-02-11 18:00:00,24,120,1.1428571428571428,0.0,0.0,1.3819666666666668,16.758,6.0,5,20.113834451533904,,4000.0,0.0,0.0,0.0,39.24366825406312,optimal
2021-02-11 18:30:00,24,120,0.0,0.0,0.0,0.6872333333333334,29.358,6.0,5,20.136660538673944,,0.0,0.0,0.0,0.0,38.867509939587386,optimal
2021-02-11 19:00:00,24,120,0.0,2.2448148148148146,0.0,0.2587,34.9965,6.0,5,20.105404684806583,,0.0,0.0,0.0,2020.3333333333333,38.49172778342613,optimal
2021-02-11 19:30:00,24,120,0.0,0.2322222222222222,0.0,0.3858666666666667,34.65,6.0,5,20.069344809384926,,0.0,0.0,0.0,209.0,38.11632140942103,optimal
2021-02-11 20:00:00,24,120,0.0,0.0,0.0,0.3831333333333333,34.9965,6.0,5,20.035601721589657,,0.0,0.0,0.0,0.0,37.74129044178994,optimal
2021-02-11 20:30:00,24,120,0.0,0.5418518518518518,0.0,0.3635333333333334,34.9965,6.0,5,20.0,,0.0,0.0,0.0,487.6666666666667,37.36663450512648,optimal
2021-02-11 21:00:00,24,120,0.0,0.4644444444444444,0.0,0.3802,30.4815,6.0,5,19.965966567291986,,0.0,0.0,0.0,418.0,36.992353224399686,optimal
2021-02-11 21:30:00,24,120,0.0,0.0,0.0,0.3400666666666667,21.4305,6.0,5,19.93315314784281,,0.0,0.0,0.0,0.0,36.95536087117529,optimal
2021-02-11 22:00:00,24,120,0.0,0.6192592592592592,0.0,0.441,14.3325,6.0,5,19.902694973103035,,0.0,0.0,0.0,557.3333333333333,36.91840551030411,optimal
2021-02-11 22:30:00,24,120,0.0,1.0837037037037036,0.0,0.4342,13.692,6.0,5,19.87555262131385,,0.0,0.0,0.0,975.3333333333334,36.881487104793806,optimal
2021-02-11 23:00:00,24,120,0.0,0.387037037037037,0.0,1.4701666666666668,14.007,6.0,5,19.84052674331167,,0.0,0.0,0.0,348.3333333333333,36.84460561768901,optimal
2021-02-11 23:30:00,24,120,0.0,0.3096296296296296,0.0,0.4492333333333334,12.873,6.0,5,19.80624945883337,,0.0,0.0,0.0,278.66666666666663,36.807761012071325,optimal
2021-02-12 00:00:00,24,120,1.1428571428571428,0.0,5.0,0.062,10.059,6.0,-5,19.80624945883337,,4000.0,0.0,0.0,0.0,39.14595325105925,optimal
2021-02-12 00:30:00,24,120,1.1428571428571428,0.0,5.0,0.1442,10.584,6.0,-5,19.80490831004437,,4000.0,0.0,0.0,0.0,41.4818072978082,optimal
2021-02-12 01:00:00,24,120,1.1428571428571428,0.0,5.0,0.182,9.4185,6.0,-5,19.804571208780622,,4000.0,0.0,0.0,0.0,43.81532549051039,optimal
2021-02-12 01:30:00,24,120,1.1428571428571428,0.0,5.0,0.1321999999999999,10.3635,6.0,-5,19.8046952684154,,4000.0,0.0,0.0,0.0,46.14651016501988,optimal
2021-02-12 02:00:00,24,120,1.1428571428571428,0.0,5.0,0.1898,9.8385,6.0,-5,19.80441065768745,,4000.0,0.0,0.0,0.0,48.47536365485485,optimal
2021-02-12 02:30:00,24,120,1.1428571428571428,0.0,0.0,0.1364,11.067,6.0,-5,19.805026570474315,,4000.0,0.0,0.0,0.0,48.4268882912,optimal
2021-02-12 03:00:00,24,120,1.1428571428571428,0.0,0.0153102588828047,0.062,10.8465,6.0,-5,19.80558549390532,,4000.0,0.0,0.0,0.0,48.38573377587813,optimal
2021-02-12 03:30:00,24,120,1.1428571428571428,0.0,0.0,0.1207999999999999,13.671,6.0,-5,19.80583171175761,,4000.0,0.0,0.0,0.0,48.33734804210225,optimal
2021-02-12 04:00:00,24,120,1.1428571428571428,0.0,0.0,0.2054,12.348,6.0,-5,19.808181557252382,,4000.0,0.0,0.0,0.0,48.28901069406015,optimal
2021-02-12 04:30:00,24,120,1.1428571428571428,0.0,0.0,0.0659,14.3325,6.0,-5,19.812945164270907,,4000.0,0.0,0.0,0.0,48.24072168336608,optimal
2021-02-12 05:00:00,24,120,1.1428571428571428,0.0,0.0,0.2423,15.393,6.0,-5,19.817387684261504,,4000.0,0.0,0.0,0.0,48.19248096168271,optimal
2021-02-12 05:30:00,24,120,1.1428571428571428,0.0,0.0,0.08,13.587,6.0,-5,19.8253581560256,,4000.0,0.0,0.0,0.0,48.144288480721016,optimal
2021-02-12 06:00:00,24,120,1.1428571428571428,0.0,0.0,0.0737,16.1385,6.0,-5,19.83292168181131,,4000.0,0.0,0.0,0.0,48.096144192240295,optimal
2021-02-12 06:30:00,24,120,1.1428571428571428,4.954074074074073,0.0,0.1247666666666666,14.595,6.0,-5,19.84197951395844,,4000.0,0.0,0.0,4458.666666666666,48.048048048048045,optimal
2021-02-12 07:00:00,24,120,1.1428571428571428,0.0,0.0,0.4926,14.637,6.0,-5,19.852375779433107,,4000.0,0.0,0.0,0.0,48.0,optimal
2021-02-12 07:30:00,24,120,1.1428571428571428,10.821144821419054,0.0,0.4049,13.9125,6.0,-5,19.86827134354484,,4000.0,9669.36367261048,0.0,69.66666666666666,47.498550259402975,optimal
2021-02-12 08:00:00,24,120,1.1428571428571428,0.0,0.0,0.12,13.3665,6.0,-5,20.0,,4000.0,0.0,0.0,0.0,46.99760196854655,optimal
2021-02-12 08:30:00,24,120,1.1428571428571428,0.0,0.0,0.1677,13.0095,6.0,-5,20.00302369872653,,4000.0,0.0,0.0,0.0,46.497154625980976,optimal
2021-02-12 09:00:00,24,120,1.1428571428571428,0.0,0.0,0.1305,13.8915,6.0,-5,20.006225987980034,,4000.0,0.0,0.0,0.0,45.99720773075797,optimal
2021-02-12 09:30:00,24,120,1.1428571428571428,0.0,0.0,0.102,13.188,6.0,-5,20.01086652345776,,4000.0,0.0,0.0,0.0,45.49776078243019,optimal
2021-02-12 10:00:00,24,120,1.1428571428571428,0.0,0.0,0.174,12.5685,6.0,-5,20.019512300295133,,4000.0,0.0,0.0,0.0,44.99881328105074,optimal
2021-02-12 10:30:00,24,120,1.1428571428571428,0.0,0.0,0.1422,12.285,6.0,-5,20.03667572660939,,4000.0,0.0,0.0,0.0,44.500364727172666,optimal
2021-02-12 11:00:00,24,120,1.1428571428571428,0.0,0.0,0.198,11.487,6.0,-5,20.054210751981906,,4000.0,0.0,0.0,0.0,44.00241462184847,optimal
2021-02-12 11:30:00,24,120,1.1428571428571428,0.0,0.0,0.078,11.802,6.0,-5,20.0759628129692,,4000.0,0.0,0.0,0.0,43.5049624666296,optimal
2021-02-12 12:00:00,24,120,1.1428571428571428,0.0,0.0,0.2283,11.2245,6.0,-5,20.09630899608376,,4000.0,0.0,0.0,0.0,43.00800776356595,optimal
2021-02-12 12:30:00,24,120,1.1428571428571428,0.0,0.0,0.1179,11.025,6.0,-5,20.119579022456413,,4000.0,0.0,0.0,0.0,42.51155001520536,optimal
2021-02-12 13:00:00,24,120,1.1428571428571428,0.0,0.0,0.1665,11.907,6.0,-5,20.14155711198953,,4000.0,0.0,0.0,0.0,42.01558872459313,optimal
2021-02-12 13:30:00,24,120,0.0,0.0,0.0,0.1797,25.83,6.0,-5,20.16411819069544,,0.0,0.0,0.0,0.0,41.52012339527151,optimal
2021-02-12 14:00:00,24,120,0.0,0.0,0.0,0.2081,28.035,6.0,-5,20.13786771837108,,0.0,0.0,0.0,0.0,41.025153531279216,optimal
2021-02-12 14:30:00,24,120,0.0,0.0,0.0,0.3688666666666667,28.119,6.0,-5,20.11361212335029,,0.0,0.0,0.0,0.0,40.53067863715091,optimal
2021-02-12 15:00:00,24,120,0.0,0.0,0.0,0.1740333333333333,30.156,6.0,-5,20.090710067517865,,0.0,0.0,0.0,0.0,40.03669821791674,optimal
2021-02-12 15:30:00,24,120,0.0,0.0,0.0,0.3552,29.1585,6.0,-5,20.06316456462857,,0.0,0.0,0.0,0.0,39.5432117791018,optimal
2021-02-12 16:00:00,24,120,0.0,0.0,0.0,0.147,26.712,6.0,-5,20.03778311294513,,0.0,0.0,0.0,0.0,39.05021882672567,optimal
2021-02-12 16:30:00,24,120,0.4694658174366867,0.0,0.0,0.2682333333333332,15.435,6.0,-5,20.007632340981523,,1643.1303610284033,0.0,0.0,0.0,38.55771886730192,optimal
2021-02-12 17:00:00,24,120,0.624546491373832,0.2322222222222222,0.0,0.5532,13.566,6.0,-5,20.0,,2185.912719808412,0.0,0.0,209.0,38.0657114078376,optimal
2021-02-12 17:30:00,24,120,0.4840628918490515,0.387037037037037,0.0,1.4513,12.789,6.0,-5,20.0,,1694.2201214716804,0.0,0.0,348.3333333333333,38.02764569642976,optimal
2021-02-12 18:00:00,24,120,1.088940020444801,0.0,0.0,1.1482333333333332,12.1275,6.0,-5,20.0,,3811.290071556803,0.0,0.0,0.0,37.98961805073333,optimal
2021-02-12 18:30:00,24,120,0.0,0.2322222222222222,0.0,0.5213,13.671,6.0,-5,20.02402246334896,,0.0,0.0,0.0,209.0,37.9516284326826,optimal
2021-02-12 19:00:00,24,120,1.1428571428571428,0.0,0.0,0.3559,10.668,6.0,-5,20.0,,4000.0,0.0,0.0,0.0,37.91367680424992,optimal
2021-02-12 19:30:00,24,120,0.1289927981203465,0.0774074074074074,0.0,0.3394666666666666,11.7285,6.0,-5,20.02147987666782,,451.47479342121295,0.0,0.0,69.66666666666666,37.87576312744567,optimal
2021-02-12 20:00:00,24,120,0.585509716467352,0.2322222222222222,0.0,0.4652333333333333,11.025,6.0,-5,20.0,,2049.284007635732,0.0,0.0,209.0,37.83788736431822,optimal
2021-02-12 20:30:00,24,120,0.0,0.387037037037037,0.0,0.3872,10.689,6.0,-5,20.0,,0.0,0.0,0.0,348.3333333333333,37.8000494769539,optimal
2021-02-12 21:00:00,24,120,0.0,0.387037037037037,0.0,0.6304,8.1585,6.0,-5,19.97320458955868,,0.0,0.0,0.0,348.3333333333333,37.76224942747695,optimal
2021-02-12 21:30:00,24,120,0.0,0.387037037037037,0.0,0.3814333333333333,10.3635,6.0,-5,19.94922106211192,,0.0,0.0,0.0,348.3333333333333,37.724487178049465,optimal
2021-02-12 22:00:00,24,120,0.0,0.0774074074074074,0.0,2.538833333333333,10.8045,6.0,-5,19.92064568622086,,0.0,0.0,0.0,69.66666666666666,37.68676269087142,optimal
2021-02-12 22:30:00,24,120,0.0,0.0774074074074074,0.0,0.2181666666666666,11.025,6.0,-5,19.909251484124432,,0.0,0.0,0.0,69.66666666666666,37.649075928180544,optimal
2021-02-12 23:00:00,24,120,0.0,0.0,0.0,0.3586999999999999,10.3635,6.0,-5,19.87708282511349,,0.0,0.0,0.0,0.0,37.611426852252364,optimal
2021-02-12 23:30:00,24,120,0.0,0.0,0.0,0.1146,10.8045,6.0,-5,19.8462514034368,,0.0,0.0,0.0,0.0,37.57381542540011,optimal
2021-02-13 00:00:00,24,120,1.1428571428571428,0.0,5.0,0.056,9.9225,6.0,-13,19.8462514034368,,4000.0,0.0,0.0,0.0,39.91124160997472,optimal
2021-02-13 00:30:00,24,120,1.1428571428571428,0.0,5.0,0.056,9.702,6.0,-13,19.85681945227234,,4000.0,0.0,0.0,0.0,42.24633036836474,optimal
2021-02-13 01:00:00,24,120,1.1428571428571428,0.0,5.0,0.2658666666666667,10.584,6.0,-13,19.867465677429813,,4000.0,0.0,0.0,0.0,44.57908403799637,optimal
2021-02-13 01:30:00,24,120,1.1428571428571428,0.0,5.0,0.0682,10.143,6.0,-13,19.880746591685508,,4000.0,0.0,0.0,0.0,46.909504953958375,optimal
2021-02-13 02:00:00,24,120,1.1428571428571428,0.0,0.0,0.1169,13.0095,6.0,-13,19.891692260658537,,4000.0,0.0,0.0,0.0,46.86259544900442,optimal
2021-02-13 02:30:00,24,120,1.1428571428571428,0.0,0.0,0.2171666666666666,11.025,6.0,-13,19.903308637413108,,4000.0,0.0,0.0,0.0,46.81573285355541,optimal
2021-02-13 03:00:00,24,120,1.1428571428571428,0.0,0.0,0.0627666666666666,12.789,6.0,-13,19.91612346691836,,4000.0,0.0,0.0,0.0,46.76891712070186,optimal
2021-02-13 03:30:00,24,120,1.1428571428571428,0.0,0.0,0.2428333333333333,12.1275,6.0,-13,19.92703193642392,,4000.0,0.0,0.0,0.0,46.72214820358116,optimal
2021-02-13 04:00:00,24,120,1.1428571428571428,0.0,0.0,0.0844666666666666,12.1695,6.0,-13,19.94001328499742,,4000.0,0.0,0.0,0.0,46.67542605537758,optimal
2021-02-13 04:30:00,24,120,1.1428571428571428,0.0,0.0,0.2292666666666666,12.306,6.0,-13,19.95094049199884,,4000.0,0.0,0.0,0.0,46.6287506293222,optimal
2021-02-13 05:00:00,24,120,1.1428571428571428,0.0,0.0,0.1047999999999999,13.23,6.0,-13,19.96341178213897,,4000.0,0.0,0.0,0.0,46.58212187869288,optimal
2021-02-13 05:30:00,24,120,1.1428571428571428,0.0,0.0,0.1230333333333333,13.671,6.0,-13,19.97414379522234,,4000.0,0.0,0.0,0.0,46.53553975681418,optimal
2021-02-13 06:00:00,24,120,1.1428571428571428,0.0,0.0,0.2230333333333333,13.9335,6.0,-13,19.98485403516743,,4000.0,0.0,0.0,0.0,46.48900421705736,optimal
2021-02-13 06:30:00,24,120,1.1428571428571428,0.3096296296296296,0.0,0.1297333333333333,13.293,6.0,-13,19.99646556067955,,4000.0,0.0,0.0,278.66666666666663,46.44251521284031,optimal
2021-02-13 07:00:00,24,120,1.1428571428571428,0.2322222222222222,0.0,0.0664666666666666,12.1065,6.0,-13,20.00745180669398,,4000.0,0.0,0.0,209.0,46.39607269762747,optimal
2021-02-13 07:30:00,24,120,1.1428571428571428,0.8514814814814814,0.0,1.6817666666666669,11.571,6.0,-13,20.019891508465367,,4000.0,0.0,0.0,766.3333333333333,46.34967662492984,optimal
2021-02-13 08:00:00,24,120,1.1428571428571428,0.0774074074074074,0.0,0.6301,11.025,6.0,-13,20.04466557108316,,4000.0,0.0,0.0,69.66666666666666,46.303326948304914,optimal
2021-02-13 08:30:00,24,120,1.1428571428571428,0.0,3.770577740403039,0.1937666666666666,10.8465,6.0,-13,20.06208964580651,,4000.0,0.0,0.0,0.0,48.048048048048045,optimal
2021-02-13 09:00:00,24,120,1.1428571428571428,0.5062444444444444,0.0,0.2602,11.2455,6.0,-13,20.07678708586874,,4000.0,0.0,0.0,455.62,48.0,optimal
2021-02-13 09:30:00,24,120,0.0,0.0356074074074074,0.0,0.213,23.8665,6.0,-13,20.09395528511254,,0.0,0.0,0.0,32.046666666666674,47.85633234973,optimal
2021-02-13 10:00:00,24,120,0.0,0.0774074074074074,0.0,0.232,27.4575,6.0,-13,20.060700658602165,,0.0,0.0,0.0,69.66666666666666,47.71280836711028,optimal
2021-02-13 10:30:00,24,120,0.0,0.0,0.0,0.2944333333333333,27.3735,6.0,-13,20.03141458342131,,0.0,0.0,0.0,0.0,47.56942790847317,optimal
2021-02-13 11:00:00,24,120,0.0,2.044816129077917,0.0,0.3941,30.4605,6.0,-13,20.003725244760147,,0.0,1701.0011828367924,0.0,139.33333333333331,47.42619083029471,optimal
2021-02-13 11:30:00,24,120,0.0,2.171675993644328,0.0,1.5762,30.0195,6.0,-13,20.0,,0.0,1954.508394279896,0.0,0.0,47.28309698919442,optimal
2021-02-13 12:00:00,24,120,0.0,2.164607762207035,0.0,0.4739666666666666,26.9325,6.0,-13,20.0,,0.0,1948.146985986332,0.0,0.0,47.14014624193523,optimal
2021-02-13 12:30:00,24,120,0.529340833616124,0.0,0.0,0.5159333333333332,14.595,6.0,-13,20.0,,1852.6929176564345,0.0,0.0,0.0,46.997338445423296,optimal
2021-02-13 13:00:00,24,120,0.5342233455917393,0.1548148148148148,0.0,0.4997333333333333,12.4845,6.0,-13,20.0,,1869.7817095710875,0.0,0.0,139.33333333333331,46.85467345670788,optimal
2021-02-13 13:30:00,24,120,0.4904280133237176,0.1548148148148148,0.0,0.6982666666666667,12.1275,6.0,-13,20.0,,1716.498046633012,0.0,0.0,139.33333333333331,46.71215113298118,optimal
2021-02-13 14:00:00,24,120,1.1428571428571428,0.0,0.0,0.2161,12.1275,6.0,-13,20.00006566776863,,4000.0,0.0,0.0,0.0,46.5697713315782,optimal
2021-02-13 14:30:00,24,120,0.0,0.0,0.0,1.3707,12.789,6.0,-13,20.021984724349107,,0.0,0.0,0.0,0.0,46.42753390997663,optimal
2021-02-13 15:00:00,24,120,0.3383804173607481,0.0,0.0,1.8440666666666663,11.907,6.0,-13,20.0,,1184.3314607626185,0.0,0.0,0.0,46.28543872579666,optimal
2021-02-13 15:30:00,24,120,0.500753960693136,0.387037037037037,0.0,0.4590666666666667,11.025,6.0,-13,20.0,,1752.6388624259762,0.0,0.0,348.3333333333333,46.14348563680087,optimal
2021-02-13 16:00:00,24,120,1.1428571428571428,0.6192592592592592,0.0,0.6431,8.2005,6.0,-13,20.0,,4000.0,0.0,0.0,557.3333333333333,46.00167450089407,optimal
2021-02-13 16:30:00,24,120,0.0,0.0,0.0,0.6546666666666666,9.5655,6.0,-13,20.027001537654705,,0.0,0.0,0.0,0.0,45.86000517612318,optimal
2021-02-13 17:00:00,24,120,1.1428571428571428,0.387037037037037,0.0,0.509,7.056,6.0,-13,20.00582408950736,,4000.0,0.0,0.0,348.3333333333333,45.71847752067706,optimal
2021-02-13 17:30:00,24,120,0.5585288507761229,0.0,0.0,0.6800333333333333,9.3975,6.0,-13,20.02914607922021,,1954.8509777164304,0.0,0.0,0.0,45.57709139288639,optimal
2021-02-13 18:00:00,24,120,0.0,0.6192592592592592,0.0,0.5778666666666666,10.059,6.0,-13,20.027247793843955,,0.0,0.0,0.0,557.3333333333333,45.43584665122351,optimal
2021-02-13 18:30:00,24,120,0.9407615723347732,0.2322222222222222,0.0,0.301,9.261,6.0,-13,20.0,,3292.6655031717064,0.0,0.0,209.0,45.29474315430229,optimal
2021-02-13 19:00:00,24,120,1.1428571428571428,0.387037037037037,0.0,0.6688,8.1585,6.0,-13,20.011881439348,,4000.0,0.0,0.0,348.3333333333333,45.15378076087799,optimal
2021-02-13 19:30:00,24,120,0.0,0.0,0.0,0.3219333333333333,9.4815,6.0,-13,20.03281659967208,,0.0,0.0,0.0,0.0,45.01295932984712,optimal
2021-02-13 20:00:00,24,120,0.6842335259911762,0.0,0.0,0.3233,8.379,6.0,-13,20.0,,2394.8173409691167,0.0,0.0,0.0,44.96794637051728,optimal
2021-02-13 20:30:00,24,120,0.0,0.0,0.0,0.5785666666666667,9.5235,6.0,-13,20.0,,0.0,0.0,0.0,0.0,44.92297842414676,optimal
2021-02-13 21:00:00,24,120,0.0,0.1548148148148148,0.0,1.4758,8.1375,6.0,-13,19.97392348306362,,0.0,0.0,0.0,139.33333333333331,44.87805544572261,optimal
2021-02-13 21:30:00,24,120,0.0,0.0774074074074074,0.0,0.8697666666666667,10.0905,6.0,-13,19.949057692596124,,0.0,0.0,0.0,69.66666666666666,44.83317739027689,optimal
2021-02-13 22:00:00,24,120,0.0,0.6966666666666667,0.0,0.3138666666666667,7.539,6.0,-13,19.921432881275265,,0.0,0.0,0.0,627.0,44.78834421288661,optimal
2021-02-13 22:30:00,24,120,0.0,0.0,0.0,0.5852666666666666,7.938,6.0,-13,19.8914252683456,,0.0,0.0,0.0,0.0,44.74355586867373,optimal
2021-02-13 23:00:00,24,120,0.0,0.0,0.0,0.7062333333333334,8.274,6.0,-13,19.8609468544711,,0.0,0.0,0.0,0.0,44.69881231280505,optimal
2021-02-13 23:30:00,24,120,0.0,0.0,0.0,0.1263,9.261,6.0,-13,19.827435651675607,,0.0,0.0,0.0,0.0,44.65411350049225,optimal
2021-02-07 00:00:00,25,120,1.1428571428571428,0.0,1.5264568308476545,0.061,5.0715,6.0,-14,21.0,,4000.0,0.0,0.0,0.0,48.67706699465263,optimal
2021-02-07 00:30:00,25,120,1.1428571428571428,0.0,0.0,0.2011,5.5125,6.0,-14,21.01693838802188,,4000.0,0.0,0.0,0.0,48.62838992765797,optimal
2021-02-07 01:00:00,25,120,0.0,0.0,0.0,2.4400666666666666,9.261,6.0,-14,21.03645215629677,,0.0,0.0,0.0,0.0,48.57976153773031,optimal
2021-02-07 01:30:00,25,120,0.0,2.322222222222221,0.0,0.2188666666666666,11.7075,6.0,-14,21.01341036318075,,0.0,0.0,0.0,2089.9999999999995,48.53118177619257,optimal
2021-02-07 02:00:00,25,120,0.0,0.0,0.0,0.2576,12.348,6.0,-14,20.986551591823247,,0.0,0.0,0.0,0.0,48.48265059441637,optimal
2021-02-07 02:30:00,25,120,0.0,0.0,0.0,0.1906,12.348,6.0,-14,20.95954704631079,,0.0,0.0,0.0,0.0,48.434167943821954,optimal
2021-02-07 03:00:00,25,120,0.0,0.0,0.0,0.0770666666666666,12.1275,6.0,-14,20.930768191275217,,0.0,0.0,0.0,0.0,48.38573377587813,optimal
2021-02-07 03:30:00,25,120,0.0,0.0,0.0,0.1215333333333333,12.5265,6.0,-14,20.901519212575497,,0.0,0.0,0.0,0.0,48.33734804210225,optimal
2021-02-07 04:00:00,25,120,0.0,0.0,0.0,0.073,11.7495,6.0,-14,20.86738580008167,,0.0,0.0,0.0,0.0,48.28901069406015,optimal
2021-02-07 04:30:00,25,120,0.0,0.0,0.0,0.0820999999999999,13.23,6.0,-14,20.832629681355986,,0.0,0.0,0.0,0.0,48.24072168336608,optimal
2021-02-07 05:00:00,25,120,0.0,0.0,0.0,0.1185,14.3325,6.0,-14,20.798053328143872,,0.0,0.0,0.0,0.0,48.19248096168271,optimal
2021-02-07 05:30:00,25,120,0.0,0.0,0.0,0.073,14.994,6.0,-14,20.76398896201908,,0.0,0.0,0.0,0.0,48.144288480721016,optimal
2021-02-07 06:00:00,25,120,0.0,0.0,0.0,0.1215333333333333,14.8155,6.0,-14,20.72943783402451,,0.0,0.0,0.0,0.0,48.096144192240295,optimal
2021-02-07 06:30:00,25,120,0.0,0.0,0.0,0.0790666666666666,14.112,6.0,-14,20.695546455537865,,0.0,0.0,0.0,0.0,48.048048048048045,optimal
2021-02-07 07:00:00,25,120,0.0,0.1548148148148148,0.0,2.1731666666666665,14.007,6.0,-14,20.661105797187314,,0.0,0.0,0.0,139.33333333333331,48.0,optimal
2021-02-07 07:30:00,25,120,0.0,0.774074074074074,0.0,0.2872666666666666,13.23,6.0,-14,20.631573906780936,,0.0,0.0,0.0,696.6666666666666,47.629382542159576,optimal
2021-02-07 08:00:00,25,120,0.0,2.631851851851852,0.0,1.5603666666666665,11.382,6.0,-14,20.59958705010981,,0.0,0.0,0.0,2368.6666666666665,47.25913570177699,optimal
2021-02-07 08:30:00,25,120,0.0,0.0,0.0,0.1692666666666666,11.7495,6.0,-14,20.5680027117895,,0.0,0.0,0.0,0.0,46.88925910823479,optimal
2021-02-07 09:00:00,25,120,0.0,0.0,0.0,0.145,24.3285,6.0,-14,20.531372402510687,,0.0,0.0,0.0,0.0,46.51975239128613,optimal
2021-02-07 09:30:00,25,120,0.0,0.0,0.0,0.1745,28.917,6.0,-14,20.49542169467828,,0.0,0.0,0.0,0.0,46.15061518105443,optimal
2021-02-07 10:00:00,25,120,0.0,0.0,0.0,0.2188,31.3635,6.0,-14,20.45971326535218,,0.0,0.0,0.0,0.0,45.78184710803295,optimal
2021-02-07 10:30:00,25,120,0.0,0.0,0.0,0.073,33.306,6.0,-14,20.42551062417212,,0.0,0.0,0.0,0.0,45.413447803084495,optimal
2021-02-07 11:00:00,25,120,0.0,0.0,0.0,0.1276,31.3425,6.0,-14,20.39082229846352,,0.0,0.0,0.0,0.0,45.04541689744099,optimal
2021-02-07 11:30:00,25,120,0.0,0.0,0.0,0.073,28.2555,6.0,-14,20.358317655828102,,0.0,0.0,0.0,0.0,44.67775402270312,optimal
2021-02-07 12:00:00,25,120,0.0,0.0,0.0,0.073,15.6975,6.0,-14,20.32521229974968,,0.0,0.0,0.0,0.0,44.31045881084,optimal
2021-02-07 12:30:00,25,120,0.0,0.0,0.0,0.1276,12.5475,6.0,-14,20.29330356549611,,0.0,0.0,0.0,0.0,43.94353089418873,optimal
2021-02-07 13:00:00,25,120,0.0,0.0,0.0,0.073,12.0855,6.0,-14,20.26212324825436,,0.0,0.0,0.0,0.0,43.57696990545412,optimal
2021-02-07 13:30:00,25,120,0.0,0.0,0.0,0.073,11.907,6.0,-14,20.2293055454966,,0.0,0.0,0.0,0.0,43.210775477708246,optimal
2021-02-07 14:00:00,25,120,0.0,0.0,0.0,0.073,12.5685,6.0,-14,20.1966520340406,,0.0,0.0,0.0,0.0,42.84494724439011,optimal
2021-02-07 14:30:00,25,120,0.0,0.0,0.0,0.073,13.146,6.0,-14,20.16458246976333,,0.0,0.0,0.0,0.0,42.4794848393053,optimal
2021-02-07 15:00:00,25,120,0.0,0.0,0.0,0.073,10.584,6.0,-14,20.13267561355626,,0.0,0.0,0.0,0.0,42.11438789662557,optimal
2021-02-07 15:30:00,25,120,0.0,0.5418518518518518,0.0,0.1122,6.678,6.0,-14,20.101932875401456,,0.0,0.0,0.0,487.6666666666667,41.749656050888525,optimal
2021-02-07 16:00:00,25,120,0.0,0.0774074074074074,0.0,0.8267333333333333,7.938,6.0,-14,20.074109741281028,,0.0,0.0,0.0,69.66666666666666,41.38528893699721,optimal
2021-02-07 16:30:00,25,120,1.1428571428571428,0.0,0.0,1.684,5.292,6.0,-14,20.0529912126352,,4000.0,0.0,0.0,0.0,41.02128619021979,optimal
2021-02-07 17:00:00,25,120,0.0,0.0774074074074074,0.0,0.1520999999999999,9.261,6.0,-14,20.09061603089232,,0.0,0.0,0.0,69.66666666666666,40.98026490402957,optimal
2021-02-07 17:30:00,25,120,0.0,0.0,0.0,1.2554,10.3635,6.0,-14,20.06610884282936,,0.0,0.0,0.0,0.0,40.93928463912554,optimal
2021-02-07 18:00:00,25,120,0.0,0.387037037037037,0.0,2.8821666666666665,8.274,6.0,-14,20.04678689517619,,0.0,0.0,0.0,348.3333333333333,40.898345354486416,optimal
2021-02-07 18:30:00,25,120,0.0,0.2322222222222222,0.0,2.346833333333333,7.7175,6.0,-14,20.034876591337788,,0.0,0.0,0.0,209.0,40.85744700913193,optimal
2021-02-07 19:00:00,25,120,0.0,0.2322222222222222,0.0,0.9960666666666668,6.615,6.0,-14,20.01806438049569,,0.0,0.0,0.0,209.0,40.8165895621228,optimal
2021-02-07 19:30:00,25,120,0.2775191503834521,0.1548148148148148,0.0,2.3552,6.174,6.0,-14,20.00008932111372,,971.3170263420824,0.0,0.0,139.33333333333331,40.77577297256068,optimal
2021-02-07 20:00:00,25,120,0.2077108107744468,0.0,0.0,1.7755666666666663,3.906,6.0,-14,20.0,,726.9878377105639,0.0,0.0,0.0,40.73499719958812,optimal
2021-02-07 20:30:00,25,120,0.0,0.0,0.0,0.2663999999999999,2.3415,6.0,-14,20.0,,0.0,0.0,0.0,0.0,40.694262202388536,optimal
2021-02-07 21:00:00,25,120,0.0,0.3096296296296296,0.0,2.457266666666667,2.205,6.0,-14,19.979521539026795,,0.0,0.0,0.0,278.66666666666663,40.65356794018615,optimal
2021-02-07 21:30:00,25,120,0.0,0.1548148148148148,0.0,2.4206333333333334,0.882,6.0,-14,19.96193791073884,,0.0,0.0,0.0,139.33333333333331,40.61291437224597,optimal
2021-02-07 22:00:00,25,120,0.0,0.0,0.0,0.2830666666666667,1.5435,6.0,-14,19.944746491834028,,0.0,0.0,0.0,0.0,40.57230145787372,optimal
2021-02-07 22:30:00,25,120,0.0,0.0,0.0,1.5835,1.5435,6.0,-14,19.92141132731496,,0.0,0.0,0.0,0.0,40.53172915641585,optimal
2021-02-07 23:00:00,25,120,0.0,0.0774074074074074,0.0,0.2956333333333333,5.0715,6.0,-14,19.90016946596708,,0.0,0.0,0.0,69.66666666666666,40.49119742725944,optimal
2021-02-07 23:30:00,25,120,0.0,0.0,0.0,0.2114,5.376,6.0,-14,19.874165164206143,,0.0,0.0,0.0,0.0,40.45070622983218,optimal
2021-02-08 00:00:00,25,120,1.1428571428571428,0.0,5.0,0.1226,4.1895,6.0,-7,19.874165164206143,,4000.0,0.0,0.0,0.0,42.785255523602345,optimal
2021-02-08 00:30:00,25,120,1.1428571428571428,0.0,5.0,0.059,7.056,6.0,-7,19.890095765108946,,4000.0,0.0,0.0,0.0,45.11747026807874,optimal
2021-02-08 01:00:00,25,120,1.1428571428571428,0.0,5.0,0.1226,5.271,6.0,-7,19.905219985564635,,4000.0,0.0,0.0,0.0,47.44735279781066,optimal
2021-02-08 01:30:00,25,120,1.1428571428571428,0.0,0.0,0.059,7.938,6.0,-7,19.92108901833194,,4000.0,0.0,0.0,0.0,47.39990544501285,optimal
2021-02-08 02:00:00,25,120,1.1428571428571428,0.0,2.583696838236793,0.1226,7.938,6.0,-7,19.93605266457177,,4000.0,0.0,0.0,0.0,48.57976153773031,optimal
2021-02-08 02:30:00,25,120,1.1428571428571428,0.0,0.0,0.059,11.907,6.0,-7,19.95166231332863,,4000.0,0.0,0.0,0.0,48.53118177619257,optimal
2021-02-08 03:00:00,25,120,1.1428571428571428,0.0,0.0,0.0943333333333333,11.025,6.0,-7,19.96656534608925,,4000.0,0.0,0.0,0.0,48.48265059441637,optimal
2021-02-08 03:30:00,25,120,1.1428571428571428,0.0,0.0,0.0872666666666666,11.2875,6.0,-7,19.98196840358778,,4000.0,0.0,0.0,0.0,48.434167943821954,optimal
2021-02-08 04:00:00,25,120,1.1428571428571428,0.0,0.0,0.059,12.936,6.0,-7,19.997155706854667,,4000.0,0.0,0.0,0.0,48.38573377587813,optimal
2021-02-08 04:30:00,25,120,1.1428571428571428,0.0,0.0,0.1084666666666666,13.0095,6.0,-7,20.01186941795978,,4000.0,0.0,0.0,0.0,48.33734804210225,optimal
2021-02-08 05:00:00,25,120,1.1428571428571428,0.0,0.0,0.0731333333333333,13.671,6.0,-7,20.026958321833323,,4000.0,0.0,0.0,0.0,48.28901069406015,optimal
2021-02-08 05:30:00,25,120,1.1428571428571428,0.0,0.0,0.1226,13.188,6.0,-7,20.04138861192618,,4000.0,0.0,0.0,0.0,48.24072168336608,optimal
2021-02-08 06:00:00,25,120,1.1428571428571428,0.0,0.0,0.059,13.8495,6.0,-7,20.056293784830505,,4000.0,0.0,0.0,0.0,48.19248096168271,optimal
2021-02-08 06:30:00,25,120,1.1428571428571428,0.0,0.0,0.0686666666666666,13.23,6.0,-7,20.070295482120123,,4000.0,0.0,0.0,0.0,48.144288480721016,optimal
2021-02-08 07:00:00,25,120,1.1428571428571428,0.0,0.0,0.1052666666666666,13.3665,6.0,-7,20.084170292021632,,4000.0,0.0,0.0,0.0,48.096144192240295,optimal
2021-02-08 07:30:00,25,120,1.1428571428571428,0.0,0.0,0.0766666666666666,13.0515,6.0,-7,20.0984780417296,,4000.0,0.0,0.0,0.0,48.048048048048045,optimal
2021-02-08 08:00:00,25,120,1.1428571428571428,0.2322222222222222,0.0,0.2577666666666666,13.5345,6.0,-7,20.112611327475207,,4000.0,0.0,0.0,209.0,48.0,optimal
2021-02-08 08:30:00,25,120,0.5063921137651723,0.2322222222222222,0.0,0.2017666666666666,14.154,6.0,-7,20.129993967374805,,1772.3723981781034,0.0,0.0,209.0,47.738042135923344,optimal
2021-02-08 09:00:00,25,120,1.1428571428571428,0.0,0.0,0.2000666666666666,14.112,6.0,-7,20.1191209145044,,4000.0,0.0,0.0,0.0,47.47634622971077,optimal
2021-02-08 09:30:00,25,120,0.0,0.0,0.0,0.1226,14.2485,6.0,-7,20.137961196194013,,0.0,0.0,0.0,0.0,47.2149120194044,optimal
2021-02-08 10:00:00,25,120,1.1428571428571428,0.2322222222222222,0.0,0.059,12.789,6.0,-7,20.10822493273164,,4000.0,0.0,0.0,209.0,46.95373924330834,optimal
2021-02-08 10:30:00,25,120,1.1428571428571428,0.2322222222222222,0.0,0.1379666666666666,13.0095,6.0,-7,20.12829252207072,,4000.0,0.0,0.0,209.0,46.69282763998838,optimal
2021-02-08 11:00:00,25,120,1.1428571428571428,0.0,0.0,0.1190666666666666,12.1275,6.0,-7,20.1495169030813,,4000.0,0.0,0.0,0.0,46.43217694827174,optimal
2021-02-08 11:30:00,25,120,1.1428571428571428,0.0,0.0,0.059,12.348,6.0,-7,20.168003337297822,,4000.0,0.0,0.0,0.0,46.17178690724681,optimal
2021-02-08 12:00:00,25,120,1.1428571428571428,0.0,0.0,0.1226,12.348,6.0,-7,20.18591962453258,,4000.0,0.0,0.0,0.0,45.91165725626291,optimal
2021-02-08 12:30:00,25,120,0.0,0.0,0.0,0.059,25.389,6.0,-7,20.205710549571084,,0.0,0.0,0.0,0.0,45.65178773493,optimal
2021-02-08 13:00:00,25,120,0.0,0.0,0.0,0.059,29.1375,6.0,-7,20.17635458048149,,0.0,0.0,0.0,0.0,45.39217808311841,optimal
2021-02-08 13:30:00,25,120,0.0,0.0,0.0,0.1322666666666666,30.597,6.0,-7,20.14713018448242,,0.0,0.0,0.0,0.0,45.13282804095864,optimal
2021-02-08 14:00:00,25,120,0.0,0.0,0.0,0.0593333333333333,33.684,6.0,-7,20.11893678100104,,0.0,0.0,0.0,0.0,44.87373734884103,optimal
2021-02-08 14:30:00,25,120,0.0,0.0,0.0,0.0686666666666666,32.445,6.0,-7,20.090287359878232,,0.0,0.0,0.0,0.0,44.61490574741553,optimal
2021-02-08 15:00:00,25,120,0.0,0.0,0.0,0.1123333333333333,28.917,6.0,-7,20.061397353604544,,0.0,0.0,0.0,0.0,44.35633297759146,optimal
2021-02-08 15:30:00,25,120,0.0,0.0,0.0,0.0696,15.876,6.0,-7,20.030877124270607,,0.0,0.0,0.0,0.0,44.09801878053721,optimal
2021-02-08 16:00:00,25,120,0.6537782872351233,0.6966666666666667,0.0,0.2940666666666666,12.348,6.0,-7,20.0,,2288.224005322932,0.0,0.0,627.0,43.83996289768002,optimal
2021-02-08 16:30:00,25,120,1.1428571428571428,0.2322222222222222,0.0,0.3484333333333333,12.1275,6.0,-7,20.0,,4000.0,0.0,0.0,209.0,43.582165070705685,optimal
2021-02-08 17:00:00,25,120,0.1757313347252265,0.0,0.0,0.2862,12.348,6.0,-7,20.0225909156674,,615.059671538293,0.0,0.0,0.0,43.32462504155833,optimal
2021-02-08 17:30:00,25,120,0.6639513064746201,0.4644444444444444,0.0,0.3477,12.1275,6.0,-7,20.0,,2323.8295726611705,0.0,0.0,418.0,43.06734255244012,optimal
2021-02-08 18:00:00,25,120,0.5822314260008659,0.6966666666666667,0.0,0.4035,12.1275,6.0,-7,20.0,,2037.8099910030303,0.0,0.0,627.0,43.02427520988768,optimal
2021-02-08 18:30:00,25,120,0.5704589400490296,0.2322222222222222,0.0,0.2973666666666666,11.2665,6.0,-7,20.0,,1996.606290171604,0.0,0.0,209.0,42.98125093467779,optimal
2021-02-08 19:00:00,25,120,1.1428571428571428,0.0,0.0,0.45,10.143,6.0,-7,20.0,,4000.0,0.0,0.0,0.0,42.93826968374311,optimal
2021-02-08 19:30:00,25,120,0.0,0.0,0.0,0.4544333333333333,11.2455,6.0,-7,20.026022671828304,,0.0,0.0,0.0,0.0,42.89533141405936,optimal
2021-02-08 20:00:00,25,120,0.6621457547501113,0.0,0.0,0.3226,11.025,6.0,-7,20.00184824954012,,2317.5101416253897,0.0,0.0,0.0,42.852436082645305,optimal
2021-02-08 20:30:00,25,120,0.0,0.0774074074074074,0.0,0.3703666666666667,5.9745,6.0,-7,20.0,,0.0,0.0,0.0,69.66666666666666,42.80958364656266,optimal
2021-02-08 21:00:00,25,120,0.0,0.0,0.0,0.1513333333333333,7.938,6.0,-7,19.971043396155167,,0.0,0.0,0.0,0.0,42.76677406291609,optimal
2021-02-08 21:30:00,25,120,0.0,0.0,0.0,0.1326,8.6835,6.0,-7,19.93494759420433,,0.0,0.0,0.0,0.0,42.72400728885317,optimal
2021-02-08 22:00:00,25,120,0.0,0.0,0.0,0.069,7.665,6.0,-7,19.89727318827481,,0.0,0.0,0.0,0.0,42.68128328156432,optimal
2021-02-08 22:30:00,25,120,0.0,0.0,0.0,0.069,6.7725,6.0,-7,19.85919606162312,,0.0,0.0,0.0,0.0,42.63860199828275,optimal
2021-02-08 23:00:00,25,120,0.0,0.0,0.0,0.069,5.5755,6.0,-7,19.82109529712552,,0.0,0.0,0.0,0.0,42.59596339628447,optimal
2021-02-08 23:30:00,25,120,0.0,0.0,0.0,0.0795999999999999,5.0925,6.0,-7,19.782970941645537,,0.0,0.0,0.0,0.0,42.55336743288818,optimal
2021-02-09 00:00:00,25,120,1.1428571428571428,0.0,0.0,0.078,12.2955,6.0,4,19.782970941645537,,4000.0,0.0,0.0,0.0,42.51081406545529,optimal
2021-02-09 00:30:00,25,120,1.1428571428571428,0.0,0.0,0.1662,11.6865,6.0,4,19.79674617410364,,4000.0,0.0,0.0,0.0,42.46830325138984,optimal
2021-02-09 01:00:00,25,120,1.1428571428571428,0.0,0.0,0.1045,11.466,6.0,4,19.81166770711337,,4000.0,0.0,0.0,0.0,42.42583494813845,optimal
2021-02-09 01:30:00,25,120,1.1428571428571428,0.0,0.0,0.2960333333333333,10.8045,6.0,4,19.82590713481173,,4000.0,0.0,0.0,0.0,42.383409113190304,optimal
2021-02-09 02:00:00,25,120,1.1428571428571428,0.0,5.0,0.0954,10.584,6.0,4,19.84225340046999,,4000.0,0.0,0.0,0.0,44.71602570407711,optimal
2021-02-09 02:30:00,25,120,1.1428571428571428,0.0,0.0,0.12,11.2455,6.0,4,19.85592481821295,,4000.0,0.0,0.0,0.0,44.67130967837304,optimal
2021-02-09 03:00:00,25,120,1.1428571428571428,0.0,0.0,0.2373333333333332,12.1275,6.0,4,19.869967945297347,,4000.0,0.0,0.0,0.0,44.62663836869466,optimal
2021-02-09 03:30:00,25,120,1.1428571428571428,0.0,0.0,0.1778,11.823,6.0,4,19.885511754081527,,4000.0,0.0,0.0,0.0,44.582011730325966,optimal
2021-02-09 04:00:00,25,120,1.1428571428571428,0.0,0.0,0.1492666666666667,11.7705,6.0,4,19.90043683535741,,4000.0,0.0,0.0,0.0,44.53742971859564,optimal
2021-02-09 04:30:00,25,120,1.1428571428571428,0.0,0.0,0.1788666666666666,11.13,6.0,4,19.91518298014744,,4000.0,0.0,0.0,0.0,44.49289228887704,optimal
2021-02-09 05:00:00,25,120,1.1428571428571428,0.0,0.0,0.137,11.6865,6.0,4,19.930123142568068,,4000.0,0.0,0.0,0.0,44.448399396588165,optimal
2021-02-09 05:30:00,25,120,1.1428571428571428,0.0,2.965837536798404,0.1935666666666666,10.7205,6.0,4,19.94432539478819,,4000.0,0.0,0.0,0.0,45.812723827170814,optimal
2021-02-09 06:00:00,25,120,1.1428571428571428,2.941481481481482,0.0,0.3321,11.424,6.0,4,19.96075362972608,,4000.0,0.0,0.0,2647.333333333333,45.76691110334364,optimal
2021-02-09 06:30:00,25,120,1.1428571428571428,0.6966666666666667,5.0,0.1021,10.689,6.0,4,19.98256515837724,,4000.0,0.0,0.0,627.0,48.096144192240295,optimal
2021-02-09 07:00:00,25,120,1.1428571428571428,0.387037037037037,0.0,0.2138666666666666,11.361,6.0,4,20.000626718250302,,4000.0,0.0,0.0,348.3333333333333,48.048048048048045,optimal
2021-02-09 07:30:00,25,120,1.1428571428571428,0.6966666666666667,0.0,0.5921333333333333,11.571,6.0,4,20.02129396295101,,4000.0,0.0,0.0,627.0,48.0,optimal
2021-02-09 08:00:00,25,120,1.1428571428571428,0.0,0.0,0.3848,14.3745,6.0,4,20.047309205936948,,4000.0,0.0,0.0,0.0,47.69699521404644,optimal
2021-02-09 08:30:00,25,120,1.1428571428571428,0.0,0.0,0.3357666666666666,13.23,6.0,4,20.068864225667035,,4000.0,0.0,0.0,0.0,47.39429343287883,optimal
2021-02-09 09:00:00,25,120,1.1428571428571428,0.0,0.0,0.5709333333333333,13.9755,6.0,4,20.08775541228505,,4000.0,0.0,0.0,0.0,47.09189435349239,optimal
2021-02-09 09:30:00,25,120,0.0,0.774074074074074,0.0,0.5541,14.994,6.0,4,20.111856190798267,,0.0,0.0,0.0,696.6666666666666,46.78979767318534,optimal
2021-02-09 10:00:00,25,120,1.1428571428571428,0.387037037037037,0.0,0.4028,13.671,6.0,4,20.08324275226211,,4000.0,0.0,0.0,348.3333333333333,46.4880030895586,optimal
2021-02-09 10:30:00,25,120,0.0,0.1548148148148148,0.0,0.2623999999999999,15.981,6.0,4,20.10500029857987,,0.0,0.0,0.0,139.33333333333331,46.18651030051548,optimal
2021-02-09 11:00:00,25,120,0.0,0.1548148148148148,0.0,0.3711,15.6345,6.0,4,20.07653505069983,,0.0,0.0,0.0,139.33333333333331,45.885319004261405,optimal
2021-02-09 11:30:00,25,120,0.0,0.0774074074074074,0.0,0.4996666666666667,16.5375,6.0,4,20.05262003497268,,0.0,0.0,0.0,69.66666666666666,45.58442889930358,optimal
2021-02-09 12:00:00,25,120,0.3288207504198652,0.0,0.0,1.6236333333333337,14.7735,6.0,4,20.030496988902804,,1150.8726264695283,0.0,0.0,0.0,45.28383968445072,optimal
2021-02-09 12:30:00,25,120,0.0,0.387037037037037,0.0,0.2488666666666666,15.2145,6.0,4,20.024028371875644,,0.0,0.0,0.0,348.3333333333333,44.98355105881271,optimal
2021-02-09 13:00:00,25,120,0.5289194054272106,0.3096296296296296,0.0,0.3371333333333333,14.553,6.0,4,20.0,,1851.217918995237,0.0,0.0,278.66666666666663,44.683562721800335,optimal
2021-02-09 13:30:00,25,120,1.1428571428571428,0.0,0.0,0.2683999999999999,14.3325,6.0,4,20.0,,4000.0,0.0,0.0,0.0,44.383874373124975,optimal
2021-02-09 14:00:00,25,120,0.1180822080663071,0.0,0.0,0.3748666666666667,14.595,6.0,4,20.024895735674896,,413.287728232075,0.0,0.0,0.0,44.08448571279829,optimal
2021-02-09 14:30:00,25,120,0.0,0.0774074074074074,0.0,1.2056333333333331,14.994,6.0,4,20.00750322299733,,0.0,0.0,0.0,69.66666666666666,43.78539644113193,optimal
2021-02-09 15:00:00,25,120,0.4902984883699411,0.1548148148148148,0.0,0.2777666666666666,14.3325,6.0,4,20.0,,1716.0447092947938,0.0,0.0,139.33333333333331,43.48660625873724,optimal
2021-02-09 15:30:00,25,120,0.4037080121794256,0.387037037037037,0.0,0.5548,13.8915,6.0,4,20.0,,1412.9780426279897,0.0,0.0,348.3333333333333,43.18811486652494,optimal
2021-02-09 16:00:00,25,120,0.7104785011867633,0.0774074074074074,0.0,0.6537666666666666,13.8915,6.0,4,20.0,,2486.6747541536715,0.0,0.0,69.66666666666666,42.88992196570486,optimal
2021-02-09 16:30:00,25,120,1.1428571428571428,0.1548148148148148,0.0,0.3305,13.4715,6.0,4,20.01232972361775,,4000.0,0.0,0.0,139.33333333333331,42.5920272577856,optimal
2021-02-09 17:00:00,25,120,1.1428571428571428,0.1548148148148148,0.0,0.4926999999999999,13.23,6.0,4,20.040196539330577,,4000.0,0.0,0.0,139.33333333333331,42.29443044457425,optimal
2021-02-09 17:30:00,25,120,1.1428571428571428,0.1548148148148148,0.0,0.5797333333333333,13.8915,6.0,4,20.067594003881627,,4000.0,0.0,0.0,139.33333333333331,41.99713122817612,optimal
2021-02-09 18:00:00,25,120,0.0,6.115185185185185,0.0,0.7722,26.9325,6.0,4,20.096280367447463,,0.0,0.0,0.0,5503.666666666667,41.70012931099438,optimal
2021-02-09 18:30:00,25,120,0.0,0.8514814814814814,0.0,0.5205333333333333,30.303,6.0,4,20.076940931025824,,0.0,0.0,0.0,766.3333333333333,41.40342439572982,optimal
2021-02-09 19:00:00,25,120,0.0,0.0,0.0,2.841333333333333,32.886,6.0,4,20.05308246673524,,0.0,0.0,0.0,0.0,41.10701618538053,optimal
2021-02-09 19:30:00,25,120,0.0,0.6966666666666667,0.0,1.4376333333333335,34.9965,6.0,4,20.03805473668754,,0.0,0.0,0.0,627.0,40.81090438324159,optimal
2021-02-09 20:00:00,25,120,0.0,0.0774074074074074,0.0,1.2991333333333337,33.327,6.0,4,20.0190468599619,,0.0,0.0,0.0,69.66666666666666,40.77009347885835,optimal
2021-02-09 20:30:00,25,120,0.0,0.6192592592592592,0.0,1.1440666666666666,31.122,6.0,4,20.0,,0.0,0.0,0.0,557.3333333333333,40.72932338537949,optimal
2021-02-09 21:00:00,25,120,0.0,0.2322222222222222,0.0,0.3713333333333333,17.9025,6.0,4,19.981843250629264,,0.0,0.0,0.0,209.0,40.68859406199412,optimal
2021-02-09 21:30:00,25,120,0.0,0.0,0.0,0.47,15.6555,6.0,4,19.957294435188675,,0.0,0.0,0.0,0.0,40.64790546793212,optimal
2021-02-09 22:00:00,25,120,0.0,0.0,0.0,0.2787,14.553,6.0,4,19.927985169596635,,0.0,0.0,0.0,0.0,40.60725756246418,optimal
2021-02-09 22:30:00,25,120,0.0,0.0,0.0,0.1818333333333333,14.3325,6.0,4,19.893377742102565,,0.0,0.0,0.0,0.0,40.56665030490172,optimal
2021-02-09 23:00:00,25,120,0.0,0.0,0.0,0.2051,13.335,6.0,4,19.859446951236546,,0.0,0.0,0.0,0.0,40.52608365459682,optimal
2021-02-09 23:30:00,25,120,0.0,0.0,0.0,0.1626999999999999,12.1275,6.0,4,19.82596600095856,,0.0,0.0,0.0,0.0,40.48555757094222,optimal
2021-02-10 00:00:00,25,120,1.1428571428571428,0.0,0.0,0.056,11.844,6.0,-4,19.82596600095856,,4000.0,0.0,0.0,0.0,40.44507201337128,optimal
2021-02-10 00:30:00,25,120,1.1428571428571428,0.0,0.0,0.056,11.508,6.0,-4,19.838976850073653,,4000.0,0.0,0.0,0.0,40.40462694135791,optimal
2021-02-10 01:00:00,25,120,1.1428571428571428,0.0,0.0,0.1850666666666666,11.508,6.0,-4,19.85176364807636,,4000.0,0.0,0.0,0.0,40.36422231441655,optimal
2021-02-10 01:30:00,25,120,1.1428571428571428,0.0,5.0,0.056,10.4475,6.0,-4,19.86589917359491,,4000.0,0.0,0.0,0.0,42.698858092102135,optimal
2021-02-10 02:00:00,25,120,1.1428571428571428,0.0,5.0,0.1322666666666666,10.8675,6.0,-4,19.878236083826582,,4000.0,0.0,0.0,0.0,45.03115923401003,optimal
2021-02-10 02:30:00,25,120,1.1428571428571428,0.0,5.0,0.1088,10.542,6.0,-4,19.891279385782383,,4000.0,0.0,0.0,0.0,47.361128074776026,optimal
2021-02-10 03:00:00,25,120,1.1428571428571428,0.0,0.0,0.056,11.025,6.0,-4,19.904010949584347,,4000.0,0.0,0.0,0.0,47.31376694670125,optimal
2021-02-10 03:30:00,25,120,1.1428571428571428,0.0,1.9495321724803425,0.1792,11.025,6.0,-4,19.916074044538234,,4000.0,0.0,0.0,0.0,48.19248096168271,optimal
2021-02-10 04:00:00,25,120,1.1428571428571428,0.0,0.0,0.0618666666666666,14.553,6.0,-4,19.929614088333945,,4000.0,0.0,0.0,0.0,48.144288480721016,optimal
2021-02-10 04:30:00,25,120,1.1428571428571428,0.0,0.0,0.056,13.0935,6.0,-4,19.94169789320276,,4000.0,0.0,0.0,0.0,48.096144192240295,optimal
2021-02-10 05:00:00,25,120,1.1428571428571428,0.0,0.0,0.056,15.6345,6.0,-4,19.953488015135733,,4000.0,0.0,0.0,0.0,48.048048048048045,optimal
2021-02-10 05:30:00,25,120,1.1428571428571428,0.8514814814814814,0.0,0.1763333333333333,18.102,6.0,-4,19.965056506124697,,4000.0,0.0,0.0,766.3333333333333,48.0,optimal
2021-02-10 06:00:00,25,120,1.1428571428571428,1.0837037037037036,0.0,0.0846,17.199,6.0,-4,19.97880778796421,,4000.0,0.0,0.0,975.3333333333334,47.88305160780263,optimal
2021-02-10 06:30:00,25,120,0.1777310286145666,0.774074074074074,0.0,0.1366666666666666,18.2805,6.0,-4,19.99183529289884,,622.0586001509831,0.0,0.0,696.6666666666666,47.76622016399745,optimal
2021-02-10 07:00:00,25,120,1.1428571428571428,0.774074074074074,0.0,0.1556333333333333,17.4615,6.0,-4,19.96553478240725,,4000.0,0.0,0.0,696.6666666666666,47.64950555163608,optimal
2021-02-10 07:30:00,25,120,1.1428571428571428,0.2322222222222222,0.0,0.081,18.3225,6.0,-4,19.982628627603063,,4000.0,0.0,0.0,209.0,47.53290765388707,optimal
2021-02-10 08:00:00,25,120,1.1428571428571428,0.0774074074074074,0.0,0.201,17.094,6.0,-4,20.0,,4000.0,0.0,0.0,69.66666666666666,47.41642635403581,optimal
2021-02-10 08:30:00,25,120,1.1428571428571428,0.0,0.0,0.2723,17.094,6.0,-4,20.01614267324782,,4000.0,0.0,0.0,0.0,47.30006153548441,optimal
2021-02-10 09:00:00,25,120,1.1428571428571428,0.0,0.0,0.064,17.094,6.0,-4,20.03259219211216,,4000.0,0.0,0.0,0.0,47.18381308175155,optimal
2021-02-10 09:30:00,25,120,1.1428571428571428,0.0,0.0,0.1050666666666666,17.3565,6.0,-4,20.04804419028964,,4000.0,0.0,0.0,0.0,47.06768087647243,optimal
2021-02-10 10:00:00,25,120,1.1428571428571428,0.1548148148148148,0.0,0.152,17.115,6.0,-4,20.06328868419365,,4000.0,0.0,0.0,139.33333333333331,46.951664803398586,optimal
2021-02-10 10:30:00,25,120,1.1428571428571428,0.0774074074074074,0.0,0.1608666666666666,17.241,6.0,-4,20.083065064122312,,4000.0,0.0,0.0,69.66666666666666,46.83576474639781,optimal
2021-02-10 11:00:00,25,120,1.1428571428571428,0.0,0.0,0.1810666666666666,17.094,6.0,-4,20.10284330406225,,4000.0,0.0,0.0,0.0,46.719980589454046,optimal
2021-02-10 11:30:00,25,120,1.1428571428571428,0.0774074074074074,0.0,0.2062,16.5165,6.0,-4,20.125180401533,,4000.0,0.0,0.0,69.66666666666666,46.604312216667225,optimal
2021-02-10 12:00:00,25,120,1.1428571428571428,0.0,0.0,0.177,17.8185,6.0,-4,20.147985775045328,,4000.0,0.0,0.0,0.0,46.48875951225319,optimal
2021-02-10 12:30:00,25,120,1.1428571428571428,0.0,0.0,0.5317000000000001,17.094,6.0,-4,20.17232013041536,,4000.0,0.0,0.0,0.0,46.37332236054357,optimal
2021-02-10 13:00:00,25,120,1.1428571428571428,0.0,0.0,0.1422666666666666,16.8945,6.0,-4,20.20002290137833,,4000.0,0.0,0.0,0.0,46.25800064598565,optimal
2021-02-10 13:30:00,25,120,1.1428571428571428,0.0,0.0,0.0718666666666666,18.123,6.0,-4,20.221076098265577,,4000.0,0.0,0.0,0.0,46.1427942531423,optimal
2021-02-10 14:00:00,25,120,0.0,0.0,0.0,0.1891999999999999,31.647,6.0,-4,20.24162643147548,,0.0,0.0,0.0,0.0,46.027703066691785,optimal
2021-02-10 14:30:00,25,120,0.0,0.0,0.0,0.066,34.9965,6.0,-4,20.214877103461767,,0.0,0.0,0.0,0.0,45.91272697142772,optimal
2021-02-10 15:00:00,25,120,0.0,0.0,0.0,0.066,34.9965,6.0,-4,20.186679942986466,,0.0,0.0,0.0,0.0,45.79786585225892,optimal
2021-02-10 15:30:00,25,120,0.0,0.0,0.0,0.066,34.9965,6.0,-4,20.15659984793936,,0.0,0.0,0.0,0.0,45.683119594209295,optimal
2021-02-10 16:00:00,25,120,0.0,0.0,0.0,0.1724333333333333,34.9965,6.0,-4,20.12618287599928,,0.0,0.0,0.0,0.0,45.56848808241772,optimal
2021-02-10 16:30:00,25,120,0.0,5.960370370370371,0.0,0.3745333333333334,34.9965,6.0,-4,20.09489212321586,,0.0,0.0,0.0,5364.333333333334,45.45397120213793,optimal
2021-02-10 17:00:00,25,120,0.0,0.774074074074074,0.0,0.7582000000000001,27.741,6.0,-4,20.068933307658696,,0.0,0.0,0.0,696.6666666666666,45.33956883873842,optimal
2021-02-10 17:30:00,25,120,0.0,0.3096296296296296,0.0,1.223266666666667,19.026,6.0,-4,20.044990588749883,,0.0,0.0,0.0,278.66666666666663,45.22528087770231,optimal
2021-02-10 18:00:00,25,120,0.1933919449580141,0.387037037037037,0.0,0.3226,18.7215,6.0,-4,20.020099760566843,,676.8718073530493,0.0,0.0,348.3333333333333,45.11110720462724,optimal
2021-02-10 18:30:00,25,120,0.7039370279017418,0.9288888888888888,0.0,0.1810999999999999,17.4195,6.0,-4,20.0,,2463.7795976560965,0.0,0.0,836.0,45.06599609742261,optimal
2021-02-10 19:00:00,25,120,0.6670445345645193,0.0774074074074074,0.0,0.4589666666666666,16.758,6.0,-4,20.0,,2334.6558709758174,0.0,0.0,69.66666666666666,45.02093010132519,optimal
2021-02-10 19:30:00,25,120,0.6699698214668719,0.0774074074074074,0.0,0.3078999999999999,14.217,6.0,-4,20.0,,2344.894375134052,0.0,0.0,69.66666666666666,44.97590917122387,optimal
2021-02-10 20:00:00,25,120,0.606557965512036,0.0,0.0,1.6441,13.3665,6.0,-4,20.0,,2122.952879292126,0.0,0.0,0.0,44.93093326205265,optimal
2021-02-10 20:30:00,25,120,0.0,0.0,0.0,0.2064,12.789,6.0,-4,20.0,,0.0,0.0,0.0,0.0,44.8860023287906,optimal
2021-02-10 21:00:00,25,120,0.0,0.2322222222222222,0.0,0.3737,11.907,6.0,-4,19.969029114116616,,0.0,0.0,0.0,209.0,44.84111632646181,optimal
2021-02-10 21:30:00,25,120,0.0,0.774074074074074,0.0,0.2923333333333333,11.7075,6.0,-4,19.93848659827026,,0.0,0.0,0.0,696.6666666666666,44.79627521013535,optimal
2021-02-10 22:00:00,25,120,0.0,0.0,0.0,0.2643999999999999,10.8045,6.0,-4,19.90639842552522,,0.0,0.0,0.0,0.0,44.75147893492522,optimal
2021-02-10 22:30:00,25,120,0.0,0.3096296296296296,0.0,0.157,11.508,6.0,-4,19.8689310342824,,0.0,0.0,0.0,278.66666666666663,44.70672745599029,optimal
2021-02-10 23:00:00,25,120,0.0,0.0,0.0,0.297,11.508,6.0,-4,19.831738139227884,,0.0,0.0,0.0,0.0,44.6620207285343,optimal
2021-02-10 23:30:00,25,120,0.0,0.0,0.0,0.065,11.508,6.0,-4,19.791025776905325,,0.0,0.0,0.0,0.0,44.61735870780576,optimal
2021-02-11 00:00:00,25,120,1.1428571428571428,0.1548148148148148,0.0,0.1080999999999999,21.4305,6.0,10,19.791025776905325,,4000.0,0.0,0.0,139.33333333333331,44.57274134909796,optimal
2021-02-11 00:30:00,25,120,1.1428571428571428,0.0,0.0,0.6985666666666667,14.3325,6.0,10,19.79654305628339,,4000.0,0.0,0.0,0.0,44.52816860774886,optimal
2021-02-11 01:00:00,25,120,1.1428571428571428,0.0,0.0,0.2238,13.692,6.0,10,19.802813807692083,,4000.0,0.0,0.0,0.0,44.48364043914111,optimal
2021-02-11 01:30:00,25,120,1.1428571428571428,0.0,0.0,0.1283666666666666,14.007,6.0,10,19.80913995093988,,4000.0,0.0,0.0,0.0,44.43915679870197,optimal
2021-02-11 02:00:00,25,120,1.1428571428571428,0.0,0.0,0.1385,12.873,6.0,10,19.814290950588816,,4000.0,0.0,0.0,0.0,44.39471764190327,optimal
2021-02-11 02:30:00,25,120,1.1428571428571428,0.0,0.0,0.2593999999999999,12.684,6.0,10,19.81955518580188,,4000.0,0.0,0.0,0.0,44.35032292426137,optimal
2021-02-11 03:00:00,25,120,1.1428571428571428,0.0,0.0,0.0927666666666666,12.306,6.0,10,19.826083573348026,,4000.0,0.0,0.0,0.0,44.30597260133711,optimal
2021-02-11 03:30:00,25,120,1.1428571428571428,0.0,0.0,0.1549,10.6365,6.0,10,19.8303707772092,,4000.0,0.0,0.0,0.0,44.261666628735775,optimal
2021-02-11 04:00:00,25,120,1.1428571428571428,0.0,0.0,0.1302666666666666,11.2455,6.0,10,19.83590205172721,,4000.0,0.0,0.0,0.0,44.21740496210704,optimal
2021-02-11 04:30:00,25,120,1.1428571428571428,0.0,0.0,0.283,11.2455,6.0,10,19.84161790913957,,4000.0,0.0,0.0,0.0,44.173187557144935,optimal
2021-02-11 05:00:00,25,120,1.1428571428571428,0.0,0.0,0.1184,11.025,6.0,10,19.849183084394568,,4000.0,0.0,0.0,0.0,44.12901436958779,optimal
2021-02-11 05:30:00,25,120,1.1428571428571428,0.0,0.0,0.1545333333333333,12.0855,6.0,10,19.854728047518485,,4000.0,0.0,0.0,0.0,44.084885355218205,optimal
2021-02-11 06:00:00,25,120,1.1428571428571428,0.0,0.0,0.2915333333333333,11.6865,6.0,10,19.861197846788475,,4000.0,0.0,0.0,0.0,44.04080046986299,optimal
2021-02-11 06:30:00,25,120,1.1428571428571428,0.0,0.0,0.0965999999999999,11.2245,6.0,10,19.869819441012496,,4000.0,0.0,0.0,0.0,43.99675966939312,optimal
2021-02-11 07:00:00,25,120,1.1428571428571428,6.657037037037035,0.0,1.576566666666667,11.025,6.0,10,19.8765448383258,,4000.0,0.0,0.0,5991.333333333331,43.95276290972373,optimal
2021-02-11 07:30:00,25,120,1.1428571428571428,9.60903033786126,0.0,0.1901666666666666,10.7835,6.0,10,19.88817262181765,,4000.0,8401.507304075132,0.0,246.62,43.908810146814005,optimal
2021-02-11 08:00:00,25,120,1.1428571428571428,0.3452370370370369,0.0,0.2658333333333333,11.025,6.0,10,20.0,,4000.0,0.0,0.0,310.71333333333325,43.86490133666719,optimal
2021-02-11 08:30:00,25,120,1.1428571428571428,0.5418518518518518,3.990211836627126,2.049833333333333,10.584,6.0,10,20.011642570362305,,4000.0,0.0,0.0,487.6666666666667,45.7163870577284,optimal
2021-02-11 09:00:00,25,120,1.1428571428571428,0.0774074074074074,0.0,2.3124,11.025,6.0,10,20.02563114545387,,4000.0,0.0,0.0,69.66666666666666,45.670670670670674,optimal
2021-02-11 09:30:00,25,120,1.1428571428571428,0.0,5.0,1.0939333333333334,10.4265,6.0,10,20.044031574079423,,4000.0,0.0,0.0,0.0,48.0,optimal
2021-02-11 10:00:00,25,120,1.1428571428571428,0.3096296296296296,0.0,3.047733333333333,12.789,6.0,10,20.062106583434407,,4000.0,0.0,0.0,278.66666666666663,47.72069125643482,optimal
2021-02-11 10:30:00,25,120,1.1428571428571428,5.960370370370371,0.0,2.8530333333333333,12.684,6.0,10,20.09650067226,,4000.0,0.0,0.0,5364.333333333334,47.4416618216132,optimal
2021-02-11 11:00:00,25,120,1.1428571428571428,0.0,0.0,2.703933333333333,16.254,6.0,10,20.12171514137816,,4000.0,0.0,0.0,0.0,47.16291141622641,optimal
2021-02-11 11:30:00,25,120,1.1428571428571428,0.2322222222222222,0.0,0.6541,17.64,6.0,10,20.14509046319033,,4000.0,0.0,0.0,209.0,46.884439761245,optimal
2021-02-11 12:00:00,25,120,0.0,0.2322222222222222,0.0,2.5924333333333336,19.1625,6.0,10,20.16629523331573,,0.0,0.0,0.0,209.0,46.606246577918576,optimal
2021-02-11 12:30:00,25,120,0.0,0.0,0.0,2.9913000000000003,26.46,6.0,10,20.14803283016545,,0.0,0.0,0.0,0.0,46.32833158777548,optimal
2021-02-11 13:00:00,25,120,0.0,0.0,0.0,2.174533333333333,20.79,6.0,10,20.135326795550263,,0.0,0.0,0.0,0.0,46.05069451262253,optimal
2021-02-11 13:30:00,25,120,0.0,0.0,0.0,2.120133333333333,29.106,6.0,10,20.12669949067244,,0.0,0.0,0.0,0.0,45.773335074544725,optimal
2021-02-11 14:00:00,25,120,0.0,0.1548148148148148,0.0,1.9622,19.1835,6.0,10,20.106893644279296,,0.0,0.0,0.0,139.33333333333331,45.496252995905,optimal
2021-02-11 14:30:00,25,120,0.0,0.774074074074074,0.0,0.2889666666666666,19.6665,6.0,10,20.092735501441343,,0.0,0.0,0.0,696.6666666666666,45.21944799934392,optimal
2021-02-11 15:00:00,25,120,0.0,0.2322222222222222,0.0,0.3316,19.404,6.0,10,20.071380739236,,0.0,0.0,0.0,209.0,44.9429198077794,optimal
2021-02-11 15:30:00,25,120,0.0,0.0,0.0,0.966,19.047,6.0,10,20.051610314124645,,0.0,0.0,0.0,0.0,44.66666814440644,optimal
2021-02-11 16:00:00,25,120,0.9403730658028252,0.387037037037037,0.0,1.060733333333333,18.858,6.0,10,20.03374316492188,,3291.3057303098885,0.0,0.0,348.3333333333333,44.39069273269685,optimal
2021-02-11 16:30:00,25,120,0.0,0.1548148148148148,0.0,0.7853,19.2675,6.0,10,20.051219587150207,,0.0,0.0,0.0,139.33333333333331,44.11499329639897,optimal
2021-02-11 17:00:00,25,120,0.0,0.774074074074074,0.0,0.3295,18.963,6.0,10,20.030610149094848,,0.0,0.0,0.0,696.6666666666666,43.8395695595374,optimal
2021-02-11 17:30:00,25,120,1.1428571428571428,0.2322222222222222,0.0,1.4110666666666667,18.438,6.0,10,20.0,,4000.0,0.0,0.0,209.0,43.56442124641268,optimal
2021-02-11 18:00:00,25,120,0.1807497516387648,0.0,0.0,0.9700333333333332,18.7425,6.0,10,20.02340256244093,,632.624130735677,0.0,0.0,0.0,43.28954808160108,optimal
2021-02-11 18:30:00,25,120,1.1428571428571428,0.6966666666666667,0.0,2.074533333333333,15.2145,6.0,10,20.0,,4000.0,0.0,0.0,627.0,43.0149497899543,optimal
2021-02-11 19:00:00,25,120,0.5941873788909985,0.0,0.0,2.272366666666666,17.7765,6.0,10,20.01681222364749,,2079.6558261184946,0.0,0.0,0.0,42.740626096599165,optimal
2021-02-11 19:30:00,25,120,1.1428571428571428,0.0,0.0,0.4269666666666666,16.758,6.0,10,20.00119493038398,,4000.0,0.0,0.0,0.0,42.46657672693738,optimal
2021-02-11 20:00:00,25,120,1.1428571428571428,0.0,0.0,0.3376,16.422,6.0,10,20.001101960897746,,4000.0,0.0,0.0,0.0,42.19280140664527,optimal
2021-02-11 20:30:00,25,120,0.0,0.0,0.0,0.1725,16.758,6.0,10,20.0,,0.0,0.0,0.0,0.0,41.91929986167344,optimal
2021-02-11 21:00:00,25,120,0.0,0.0,0.0,1.3249333333333333,29.358,6.0,10,19.948070299009743,,0.0,0.0,0.0,0.0,41.64607181824659,optimal
2021-02-11 21:30:00,25,120,0.0,0.0,0.0,2.685833333333333,34.9965,6.0,10,19.90111925949298,,0.0,0.0,0.0,0.0,41.37311700286316,optimal
2021-02-11 22:00:00,25,120,0.0,0.0,0.0,1.6865,34.65,6.0,10,19.85753030407679,,0.0,0.0,0.0,0.0,41.10043514229512,optimal
2021-02-11 22:30:00,25,120,0.0,0.0,0.0,0.3407,34.9965,6.0,10,19.811477586719853,,0.0,0.0,0.0,0.0,40.82802596358764,optimal
2021-02-11 23:00:00,25,120,0.0,0.0,0.0,0.0761666666666666,34.9965,6.0,10,19.763356432238403,,0.0,0.0,0.0,0.0,40.55588919405888,optimal
2021-02-11 23:30:00,25,120,0.0,0.1548148148148148,0.0,0.9246666666666666,30.4815,6.0,10,19.71091850739155,,0.0,0.0,0.0,139.33333333333331,40.51533330486482,optimal
2021-02-12 00:00:00,25,120,1.1428571428571428,0.0,0.0,0.0543333333333333,13.671,6.0,-12,19.71091850739155,,4000.0,0.0,0.0,0.0,40.47481797155995,optimal
2021-02-12 00:30:00,25,120,1.1428571428571428,0.0,5.0,0.0616666666666666,12.348,6.0,-12,19.709648189477093,,4000.0,0.0,0.0,0.0,42.8093431535884,optimal
2021-02-12 01:00:00,25,120,1.1428571428571428,0.0,0.0,0.063,14.3325,6.0,-12,19.70838039004776,,4000.0,0.0,0.0,0.0,42.76653381043481,optimal
2021-02-12 01:30:00,25,120,1.1428571428571428,0.0,0.0,0.063,15.393,6.0,-12,19.70711510411049,,4000.0,0.0,0.0,0.0,42.72376727662437,optimal
2021-02-12 02:00:00,25,120,1.1428571428571428,0.0,0.0,0.063,13.587,6.0,-12,19.706050582968256,,4000.0,0.0,0.0,0.0,42.68104350934775,optimal
2021-02-12 02:30:00,25,120,1.1428571428571428,0.0,0.0,0.063,16.1385,6.0,-12,19.70518642859225,,4000.0,0.0,0.0,0.0,42.6383624658384,optimal
2021-02-12 03:00:00,25,120,1.1428571428571428,0.0,0.0,0.063,14.595,6.0,-12,19.704918756315013,,4000.0,0.0,0.0,0.0,42.59572410337256,optimal
2021-02-12 03:30:00,25,120,1.1428571428571428,0.0,0.0,0.063,14.637,6.0,-12,19.705246383573304,,4000.0,0.0,0.0,0.0,42.55312837926919,optimal
2021-02-12 04:00:00,25,120,1.1428571428571428,0.0,0.0,0.063,13.9125,6.0,-12,19.70696115529291,,4000.0,0.0,0.0,0.0,42.51057525088992,optimal
2021-02-12 04:30:00,25,120,1.1428571428571428,0.0,0.0,0.063,13.3665,6.0,-12,19.710060321372733,,4000.0,0.0,0.0,0.0,42.46806467563904,optimal
2021-02-12 05:00:00,25,120,1.1428571428571428,0.0,0.0,0.063,13.0095,6.0,-12,19.714541137163938,,4000.0,0.0,0.0,0.0,42.4255966109634,optimal
2021-02-12 05:30:00,25,120,1.1428571428571428,0.0,0.0,0.063,13.8915,6.0,-12,19.720400863459115,,4000.0,0.0,0.0,0.0,42.38317101435244,optimal
2021-02-12 06:00:00,25,120,1.1428571428571428,0.0,0.0,0.063,13.188,6.0,-12,19.72783502276765,,4000.0,0.0,0.0,0.0,42.34078784333808,optimal
2021-02-12 06:30:00,25,120,1.1428571428571428,0.2322222222222222,2.1906581575921646,0.0632,12.5685,6.0,-12,19.73684049367711,,4000.0,0.0,0.0,209.0,43.33900968035103,optimal
2021-02-12 07:00:00,25,120,1.1428571428571428,2.786666666666666,5.0,0.074,12.285,6.0,-12,19.746503914815133,,4000.0,0.0,0.0,2508.0,45.670670670670674,optimal
2021-02-12 07:30:00,25,120,1.1428571428571428,20.83195976861752,5.0,0.0731333333333333,11.487,6.0,-12,19.7613346973738,,4000.0,18330.76379175576,0.0,418.0,48.0,optimal
2021-02-12 08:00:00,25,120,1.1428571428571428,0.4644444444444444,0.0,0.9387,11.802,6.0,-12,20.0,,4000.0,0.0,0.0,418.0,47.39397905942948,optimal
2021-02-12 08:30:00,25,120,1.1428571428571428,0.1548148148148148,0.0,1.163,11.2245,6.0,-12,20.017758486509475,,4000.0,0.0,0.0,139.33333333333331,46.788564139799526,optimal
2021-02-12 09:00:00,25,120,1.1428571428571428,0.1548148148148148,0.0,0.3305,11.025,6.0,-12,20.03755843123768,,4000.0,0.0,0.0,139.33333333333331,46.1837546350892,optimal
2021-02-12 09:30:00,25,120,1.1428571428571428,0.387037037037037,0.0,1.2037,11.907,6.0,-12,20.05438863076296,,4000.0,0.0,0.0,348.3333333333333,45.57954993988359,optimal
2021-02-12 10:00:00,25,120,0.0,0.0,0.0,0.074,25.83,6.0,-12,20.07740734546583,,0.0,0.0,0.0,0.0,44.97594944937319,optimal
2021-02-12 10:30:00,25,120,0.0,0.0,0.0,0.2323666666666666,28.035,6.0,-12,20.052337163810108,,0.0,0.0,0.0,0.0,44.372952559353294,optimal
2021-02-12 11:00:00,25,120,0.0,0.5418518518518518,0.0,0.3168,28.119,6.0,-12,20.02992528572932,,0.0,0.0,0.0,487.6666666666667,43.770558666223415,optimal
2021-02-12 11:30:00,25,120,0.0,0.0744385872760808,0.0,1.8021,30.156,6.0,-12,20.011677259047424,,0.0,66.99472854847275,0.0,0.0,43.16876716698667,optimal
2021-02-12 12:00:00,25,120,0.0,2.007425435135513,0.0,0.1045,29.1585,6.0,-12,20.0,,0.0,1737.0162249552948,0.0,69.66666666666666,42.56757745924916,optimal
2021-02-12 12:30:00,25,120,0.0,2.0991250268039003,0.0,0.072,26.712,6.0,-12,20.0,,0.0,1749.879190790177,0.0,139.33333333333331,41.96698894121938,optimal
2021-02-12 13:00:00,25,120,0.3924230106478643,0.3096296296296296,0.0,1.211666666666667,15.435,6.0,-12,20.0,,1373.4805372675248,0.0,0.0,278.66666666666663,41.36700101170764,optimal
2021-02-12 13:30:00,25,120,0.5228156015992422,0.0,0.0,0.3557333333333333,13.566,6.0,-12,20.0,,1829.854605597348,0.0,0.0,0.0,40.76761307012541,optimal
2021-02-12 14:00:00,25,120,0.7433900048375892,2.39962962962963,0.0,0.061,12.789,6.0,-12,20.0,,2601.8650169315624,0.0,0.0,2159.6666666666665,40.16882451648477,optimal
2021-02-12 14:30:00,25,120,1.1428571428571428,0.0,0.0,0.0616666666666666,12.1275,6.0,-12,20.00701040963186,,4000.0,0.0,0.0,0.0,39.57063475139776,optimal
2021-02-12 15:00:00,25,120,0.0,0.0,0.0,0.063,13.671,6.0,-12,20.03007779780233,,0.0,0.0,0.0,0.0,38.97304317607584,optimal
2021-02-12 15:30:00,25,120,1.1428571428571428,0.0,0.0,1.0698333333333332,10.668,6.0,-12,20.0,,4000.0,0.0,0.0,0.0,38.37604919232924,optimal
2021-02-12 16:00:00,25,120,0.0,0.0,0.0,0.587,11.7285,6.0,-12,20.02721142279795,,0.0,0.0,0.0,0.0,37.77965220256639,optimal
2021-02-12 16:30:00,25,120,0.3445332740548743,0.387037037037037,0.0,0.061,11.025,6.0,-12,20.007234780800182,,1205.86645919206,0.0,0.0,348.3333333333333,37.1838516097933,optimal
2021-02-12 17:00:00,25,120,0.8085910803777268,0.1548148148148148,0.0,0.1244666666666666,10.689,6.0,-12,20.0,,2830.0687813220434,0.0,0.0,139.33333333333331,36.58864681761298,optimal
2021-02-12 17:30:00,25,120,1.1428571428571428,0.2322222222222222,0.0,0.1948,8.1585,6.0,-12,20.010246439694715,,4000.0,0.0,0.0,209.0,35.99403723022485,optimal
2021-02-12 18:00:00,25,120,1.1428571428571428,0.2322222222222222,0.0,0.217,10.3635,6.0,-12,20.034484986508247,,4000.0,0.0,0.0,209.0,35.4000222524241,optimal
2021-02-12 18:30:00,25,120,0.0,0.0,0.0,1.6196666666666668,10.8045,6.0,-12,20.054789615770687,,0.0,0.0,0.0,0.0,34.806601289601154,optimal
2021-02-12 19:00:00,25,120,0.0,0.1548148148148148,0.0,0.0691333333333333,11.025,6.0,-12,20.030170537584,,0.0,0.0,0.0,139.33333333333331,34.77179468831155,optimal
2021-02-12 19:30:00,25,120,1.1428571428571428,0.4644444444444444,0.0,0.0759,10.3635,6.0,-12,20.0,,4000.0,0.0,0.0,418.0,34.73702289362324,optimal
2021-02-12 20:00:00,25,120,0.1718804153044184,0.2322222222222222,0.0,0.085,10.8045,6.0,-12,20.021429838890977,,601.5814535654644,0.0,0.0,209.0,34.70228587072962,optimal
2021-02-12 20:30:00,25,120,0.0,0.0,0.0,0.0759,10.059,6.0,-12,20.0,,0.0,0.0,0.0,0.0,34.66758358485889,optimal
2021-02-12 21:00:00,25,120,0.0,0.0774074074074074,0.0,0.3287666666666666,10.584,6.0,-12,19.97091024825045,,0.0,0.0,0.0,69.66666666666666,34.63291600127403,optimal
2021-02-12 21:30:00,25,120,0.0,0.0,0.0,0.1129666666666666,9.4185,6.0,-12,19.94301456491566,,0.0,0.0,0.0,0.0,34.59828308527276,optimal
2021-02-12 22:00:00,25,120,0.0,0.2322222222222222,0.0,0.1799666666666666,10.3635,6.0,-12,19.91251044044088,,0.0,0.0,0.0,209.0,34.56368480218749,optimal
2021-02-12 22:30:00,25,120,0.0,0.0774074074074074,0.0,0.1174,9.8385,6.0,-12,19.88041166302841,,0.0,0.0,0.0,69.66666666666666,34.5291211173853,optimal
2021-02-12 23:00:00,25,120,0.0,0.0,0.0,0.063,11.067,6.0,-12,19.847309756271148,,0.0,0.0,0.0,0.0,34.494591996267914,optimal
2021-02-12 23:30:00,25,120,0.0,0.0,0.0,0.063,10.8465,6.0,-12,19.809101259267724,,0.0,0.0,0.0,0.0,34.46009740427164,optimal
2021-02-13 00:00:00,25,120,1.1428571428571428,0.0,5.0,0.1226,7.056,6.0,1,19.809101259267724,,4000.0,0.0,0.0,0.0,36.80063730686737,optimal
2021-02-13 00:30:00,25,120,1.1428571428571428,0.0,0.0,0.059,9.3975,6.0,1,19.82159224030163,,4000.0,0.0,0.0,0.0,36.7638366695605,optimal
2021-02-13 01:00:00,25,120,1.1428571428571428,0.0,0.0,0.1226,10.059,6.0,1,19.833382788294102,,4000.0,0.0,0.0,0.0,36.72707283289095,optimal
2021-02-13 01:30:00,25,120,1.1428571428571428,0.0,0.0,0.059,9.261,6.0,1,19.84602388595648,,4000.0,0.0,0.0,0.0,36.69034576005806,optimal
2021-02-13 02:00:00,25,120,1.1428571428571428,0.0,5.0,0.1226,8.1585,6.0,1,19.85796425296177,,4000.0,0.0,0.0,0.0,39.028655414298,optimal
2021-02-13 02:30:00,25,120,1.1428571428571428,0.0,0.0,0.059,9.4815,6.0,1,19.87075487261136,,4000.0,0.0,0.0,0.0,38.9896267588837,optimal
2021-02-13 03:00:00,25,120,1.1428571428571428,0.0,0.0,0.0943333333333333,8.379,6.0,1,19.88274533702405,,4000.0,0.0,0.0,0.0,38.95063713212482,optimal
2021-02-13 03:30:00,25,120,1.1428571428571428,0.0,0.0,0.0872666666666666,9.5235,6.0,1,19.89514247238142,,4000.0,0.0,0.0,0.0,38.91168649499269,optimal
2021-02-13 04:00:00,25,120,1.1428571428571428,0.0,5.0,0.059,8.1375,6.0,1,19.907329812936755,,4000.0,0.0,0.0,0.0,41.2477748084977,optimal
2021-02-13 04:30:00,25,120,1.1428571428571428,0.0,0.0,0.1084666666666666,10.0905,6.0,1,19.919049508944973,,4000.0,0.0,0.0,0.0,41.206527033689206,optimal
2021-02-13 05:00:00,25,120,1.1428571428571428,0.0,5.0,0.0731333333333333,7.539,6.0,1,19.93115033354476,,4000.0,0.0,0.0,0.0,43.54032050665552,optimal
2021-02-13 05:30:00,25,120,1.1428571428571428,0.0,5.0,0.1226,7.938,6.0,1,19.942598468418844,,4000.0,0.0,0.0,0.0,45.87178018614886,optimal
2021-02-13 06:00:00,25,120,1.1428571428571428,0.0,4.9822580120421005,0.059,8.274,6.0,1,19.95442827027152,,4000.0,0.0,0.0,0.0,48.19248096168271,optimal
2021-02-13 06:30:00,25,120,1.1428571428571428,0.0,0.0,0.0686666666666666,9.261,6.0,1,19.96526156548285,,4000.0,0.0,0.0,0.0,48.144288480721016,optimal
2021-02-13 07:00:00,25,120,1.1428571428571428,0.0,0.0,0.1052666666666666,9.9225,6.0,1,19.975974254862365,,4000.0,0.0,0.0,0.0,48.096144192240295,optimal
2021-02-13 07:30:00,25,120,1.1428571428571428,0.1995182916058709,0.0,0.0766666666666666,9.702,6.0,1,19.98712615315104,,4000.0,179.5664624452838,0.0,0.0,48.048048048048045,optimal
2021-02-13 08:00:00,25,120,1.1428571428571428,0.2322222222222222,0.0,0.2577666666666666,10.584,6.0,1,20.0,,4000.0,0.0,0.0,209.0,48.0,optimal
2021-02-13 08:30:00,25,120,1.1428571428571428,0.2322222222222222,0.0,0.2017666666666666,10.143,6.0,1,20.01370540111968,,4000.0,0.0,0.0,209.0,47.82512713779997,optimal
2021-02-13 09:00:00,25,120,1.1428571428571428,0.0,0.0,0.2000666666666666,13.0095,6.0,1,20.02659750828848,,4000.0,0.0,0.0,0.0,47.65042914846214,optimal
2021-02-13 09:30:00,25,120,1.1428571428571428,0.0,0.0,0.1226,11.025,6.0,1,20.04244475030426,,4000.0,0.0,0.0,0.0,47.475905857113645,optimal
2021-02-13 10:00:00,25,120,1.1428571428571428,0.2322222222222222,0.0,0.059,12.789,6.0,1,20.05864901026148,,4000.0,0.0,0.0,209.0,47.3015570890565,optimal
2021-02-13 10:30:00,25,120,1.1428571428571428,0.2322222222222222,0.0,0.1379666666666666,12.1275,6.0,1,20.0764550078093,,4000.0,0.0,0.0,209.0,47.12738266976741,optimal
2021-02-13 11:00:00,25,120,1.1428571428571428,0.0,0.0,0.1190666666666666,12.1695,6.0,1,20.095818793348787,,4000.0,0.0,0.0,0.0,46.95338242489762,optimal
2021-02-13 11:30:00,25,120,1.1428571428571428,0.0,0.0,0.059,12.306,6.0,1,20.11332954271771,,4000.0,0.0,0.0,0.0,46.77955618027269,optimal
2021-02-13 12:00:00,25,120,1.1428571428571428,0.0,0.0,0.1226,13.23,6.0,1,20.130172951318347,,4000.0,0.0,0.0,0.0,46.60590376189239,optimal
2021-02-13 12:30:00,25,120,0.0085627012225715,0.0,0.0,0.059,13.671,6.0,1,20.149278705932737,,29.96945427900044,0.0,0.0,0.0,46.43242499593046,optimal
2021-02-13 13:00:00,25,120,0.0,0.0,0.0,0.059,13.9335,6.0,1,20.11940576670476,,0.0,0.0,0.0,0.0,46.2591197087345,optimal
2021-02-13 13:30:00,25,120,1.1428571428571428,0.0,0.0,0.1322666666666666,13.293,6.0,1,20.09007148963602,,4000.0,0.0,0.0,0.0,46.085987726825735,optimal
2021-02-13 14:00:00,25,120,1.1428571428571428,0.0,0.0,0.0593333333333333,12.1065,6.0,1,20.11049779584909,,4000.0,0.0,0.0,0.0,45.91302887689888,optimal
2021-02-13 14:30:00,25,120,1.1428571428571428,0.0,0.0,0.0686666666666666,11.571,6.0,1,20.12768963464261,,4000.0,0.0,0.0,0.0,45.74024298582195,optimal
2021-02-13 15:00:00,25,120,1.1428571428571428,0.0,0.0,0.1123333333333333,11.025,6.0,1,20.14504564582115,,4000.0,0.0,0.0,0.0,45.5676298806361,optimal
2021-02-13 15:30:00,25,120,1.1428571428571428,0.0,0.0,0.0696,10.8465,6.0,1,20.161013819250176,,4000.0,0.0,0.0,0.0,45.39518938855543,optimal
2021-02-13 16:00:00,25,120,1.1428571428571428,0.6966666666666667,0.0,0.2940666666666666,11.2455,6.0,1,20.17623554713253,,4000.0,0.0,0.0,627.0,45.22292133696684,optimal
2021-02-13 16:30:00,25,120,0.0,0.2322222222222222,0.0,0.3484333333333333,23.8665,6.0,1,20.194037376811657,,0.0,0.0,0.0,209.0,45.050825553429846,optimal
2021-02-13 17:00:00,25,120,0.0,0.0,0.0,0.2862,27.4575,6.0,1,20.165109397723832,,0.0,0.0,0.0,0.0,44.87890186567638,optimal
2021-02-13 17:30:00,25,120,0.0,0.4644444444444444,0.0,0.3477,27.3735,6.0,1,20.133023383513496,,0.0,0.0,0.0,418.0,44.70715010161067,optimal
2021-02-13 18:00:00,25,120,0.0,0.6966666666666667,0.0,0.4035,30.4605,6.0,1,20.10292854445072,,0.0,0.0,0.0,627.0,44.66244295150906,optimal
2021-02-13 18:30:00,25,120,0.0,0.2322222222222222,0.0,0.2973666666666666,30.0195,6.0,1,20.076511387391264,,0.0,0.0,0.0,209.0,44.61778050855755,optimal
2021-02-13 19:00:00,25,120,0.0,0.0,0.0,0.45,26.9325,6.0,1,20.05045030534602,,0.0,0.0,0.0,0.0,44.57316272804899,optimal
2021-02-13 19:30:00,25,120,0.0,0.0,0.0,0.4544333333333333,14.595,6.0,1,20.025859276779386,,0.0,0.0,0.0,0.0,44.52858956532094,optimal
2021-02-13 20:00:00,25,120,0.7426049545625928,0.0,0.0,0.3226,12.4845,6.0,1,20.0,,2599.1173409690746,0.0,0.0,0.0,44.48406097575562,optimal
2021-02-13 20:30:00,25,120,0.0,0.0774074074074074,0.0,0.3703666666666667,12.1275,6.0,1,20.0,,0.0,0.0,0.0,69.66666666666666,44.43957691477986,optimal
2021-02-13 21:00:00,25,120,0.0,0.0,0.0,0.1513333333333333,12.1275,6.0,1,19.96965560215222,,0.0,0.0,0.0,0.0,44.39513733786508,optimal
2021-02-13 21:30:00,25,120,0.0,0.0,0.0,0.1326,12.789,6.0,1,19.932373013873423,,0.0,0.0,0.0,0.0,44.350742200527215,optimal
2021-02-13 22:00:00,25,120,0.0,0.0,0.0,0.069,11.907,6.0,1,19.893117661922165,,0.0,0.0,0.0,0.0,44.30639145832669,optimal
2021-02-13 22:30:00,25,120,0.0,0.0,0.0,0.069,11.025,6.0,1,19.85306621100133,,0.0,0.0,0.0,0.0,44.26208506686836,optimal
2021-02-13 23:00:00,25,120,0.0,0.0,0.0,0.069,8.2005,6.0,1,19.813193292742703,,0.0,0.0,0.0,0.0,44.21782298180149,optimal
2021-02-13 23:30:00,25,120,0.0,0.0,0.0,0.0795999999999999,9.5655,6.0,1,19.77349855319406,,0.0,0.0,0.0,0.0,44.17360515881969,optimal
2021-02-07 00:00:00,26,120,1.1428571428571428,0.5418518518518518,1.629037447242273,0.188,1.5435,6.0,-11,21.0,,4000.0,0.0,0.0,487.6666666666667,48.72579278744007,optimal
2021-02-07 00:30:00,26,120,1.1428571428571428,0.0,0.0,0.2906,5.0715,6.0,-11,21.01892045526532,,4000.0,0.0,0.0,0.0,48.67706699465263,optimal
2021-02-07 01:00:00,26,120,0.0686997058261788,0.0,0.0,0.3116666666666667,5.376,6.0,-11,21.03929361602417,,240.44897039162603,0.0,0.0,0.0,48.62838992765797,optimal
2021-02-07 01:30:00,26,120,1.1428571428571428,0.0,0.0,0.061,5.0715,6.0,-11,21.01198012343266,,4000.0,0.0,0.0,0.0,48.57976153773031,optimal
2021-02-07 02:00:00,26,120,0.0,0.0,0.0,0.2848333333333333,5.5125,6.0,-11,21.027368087076084,,0.0,0.0,0.0,0.0,48.53118177619257,optimal
2021-02-07 02:30:00,26,120,0.0,0.0,0.0,0.1454,9.261,6.0,-11,20.996623856546083,,0.0,0.0,0.0,0.0,48.48265059441637,optimal
2021-02-07 03:00:00,26,120,0.0,0.0,0.0,0.2165333333333333,11.7075,6.0,-11,20.96404369737529,,0.0,0.0,0.0,0.0,48.434167943821954,optimal
2021-02-07 03:30:00,26,120,0.0,0.0,0.0,0.0846666666666666,12.348,6.0,-11,20.93219644481368,,0.0,0.0,0.0,0.0,48.38573377587813,optimal
2021-02-07 04:00:00,26,120,0.0,0.0,0.0,0.2101666666666666,12.348,6.0,-11,20.898706758295308,,0.0,0.0,0.0,0.0,48.33734804210225,optimal
2021-02-07 04:30:00,26,120,0.0,0.0,0.0,0.1604,12.1275,6.0,-11,20.8667132231179,,0.0,0.0,0.0,0.0,48.28901069406015,optimal
2021-02-07 05:00:00,26,120,0.0,0.0,0.0,0.1641333333333333,12.5265,6.0,-11,20.83417684252041,,0.0,0.0,0.0,0.0,48.24072168336608,optimal
2021-02-07 05:30:00,26,120,0.0,0.0,0.0,0.1479333333333333,11.7495,6.0,-11,20.8017504480908,,0.0,0.0,0.0,0.0,48.19248096168271,optimal
2021-02-07 06:00:00,26,120,0.0,0.0,0.0,0.2422666666666666,13.23,6.0,-11,20.76919098706619,,0.0,0.0,0.0,0.0,48.144288480721016,optimal
2021-02-07 06:30:00,26,120,0.0,0.0,0.0,0.0849,14.3325,6.0,-11,20.73780467045368,,0.0,0.0,0.0,0.0,48.096144192240295,optimal
2021-02-07 07:00:00,26,120,0.0,0.0,0.0,0.2616666666666666,14.994,6.0,-11,20.704435930830023,,0.0,0.0,0.0,0.0,48.048048048048045,optimal
2021-02-07 07:30:00,26,120,0.0,2.4770370370370367,0.0,0.4540666666666667,14.8155,6.0,-11,20.673256684170376,,0.0,0.0,0.0,2229.333333333333,48.0,optimal
2021-02-07 08:00:00,26,120,0.0,0.4644444444444444,0.0,0.4088,14.112,6.0,-11,20.64613086487099,,0.0,0.0,0.0,418.0,47.77926374682149,optimal
2021-02-07 08:30:00,26,120,0.0,0.0774074074074074,0.0,0.4474333333333333,14.007,6.0,-11,20.6189774733376,,0.0,0.0,0.0,69.66666666666666,47.55874822989617,optimal
2021-02-07 09:00:00,26,120,0.0,0.0,0.0,0.2506666666666666,13.23,6.0,-11,20.589951029404222,,0.0,0.0,0.0,0.0,47.338453228487765,optimal
2021-02-07 09:30:00,26,120,0.0,0.0,0.0,0.1520333333333333,11.382,6.0,-11,20.5558816839732,,0.0,0.0,0.0,0.0,47.11837852208077,optimal
2021-02-07 10:00:00,26,120,0.0,0.0,0.0,0.228,11.7495,6.0,-11,20.520777426183667,,0.0,0.0,0.0,0.0,46.89852389038018,optimal
2021-02-07 10:30:00,26,120,0.0,0.0,0.0,0.1085999999999999,24.3285,6.0,-11,20.487995275178445,,0.0,0.0,0.0,0.0,46.6788891133113,optimal
2021-02-07 11:00:00,26,120,0.0,0.0,0.0,0.2665,28.917,6.0,-11,20.453625288780582,,0.0,0.0,0.0,0.0,46.45947397101949,optimal
2021-02-07 11:30:00,26,120,0.0,0.0,0.0,0.1704,31.3635,6.0,-11,20.422696790383828,,0.0,0.0,0.0,0.0,46.24027824386996,optimal
2021-02-07 12:00:00,26,120,0.0,0.0,0.0,0.2364666666666666,33.306,6.0,-11,20.390658886495,,0.0,0.0,0.0,0.0,46.02130171244758,optimal
2021-02-07 12:30:00,26,120,0.0,0.0,0.0,0.071,31.3425,6.0,-11,20.360620334949328,,0.0,0.0,0.0,0.0,45.80254415755663,optimal
2021-02-07 13:00:00,26,120,0.0,0.0,0.0,0.1946666666666666,28.2555,6.0,-11,20.328625564993985,,0.0,0.0,0.0,0.0,45.58400536022056,optimal
2021-02-07 13:30:00,26,120,0.0,0.0,0.0,0.2122,15.6975,6.0,-11,20.29716672994605,,0.0,0.0,0.0,0.0,45.36568510168184,optimal
2021-02-07 14:00:00,26,120,0.0,0.0,0.0,0.1253333333333333,12.5475,6.0,-11,20.26608298924383,,0.0,0.0,0.0,0.0,45.14758316340165,optimal
2021-02-07 14:30:00,26,120,0.0,0.0,0.0,0.3846666666666667,12.0855,6.0,-11,20.234521844002625,,0.0,0.0,0.0,0.0,44.929699327059744,optimal
2021-02-07 15:00:00,26,120,0.0,0.0,0.0,0.071,11.907,6.0,-11,20.206281686536425,,0.0,0.0,0.0,0.0,44.71203337455418,optimal
2021-02-07 15:30:00,26,120,0.0,0.387037037037037,0.0,0.2842,12.5685,6.0,-11,20.175377182668765,,0.0,0.0,0.0,348.3333333333333,44.49458508800112,optimal
2021-02-07 16:00:00,26,120,0.0,1.7803703703703702,0.0,0.7016,13.146,6.0,-11,20.15240929248808,,0.0,0.0,0.0,1602.3333333333333,44.27735424973461,optimal
2021-02-07 16:30:00,26,120,0.0,0.4644444444444444,0.0,0.3487666666666666,10.584,6.0,-11,20.133969955251366,,0.0,0.0,0.0,418.0,44.06034064230637,optimal
2021-02-07 17:00:00,26,120,0.0,0.2322222222222222,0.0,0.5400333333333333,6.678,6.0,-11,20.11099031389333,,0.0,0.0,0.0,209.0,43.84354404848556,optimal
2021-02-07 17:30:00,26,120,0.0,0.3096296296296296,0.0,0.7301666666666666,7.938,6.0,-11,20.088164097631903,,0.0,0.0,0.0,278.66666666666663,43.62696425125857,optimal
2021-02-07 18:00:00,26,120,1.1428571428571428,0.0,0.0,0.3457666666666666,5.292,6.0,-11,20.06743067176747,,4000.0,0.0,0.0,0.0,43.4106010338288,optimal
2021-02-07 18:30:00,26,120,0.0,0.387037037037037,0.0,0.3600666666666666,9.261,6.0,-11,20.08915866522093,,0.0,0.0,0.0,348.3333333333333,43.19445417961647,optimal
2021-02-07 19:00:00,26,120,0.0,0.0,0.0,0.6433666666666666,10.3635,6.0,-11,20.06225353851925,,0.0,0.0,0.0,0.0,42.978523472258345,optimal
2021-02-07 19:30:00,26,120,0.0,0.0774074074074074,0.0,0.4720333333333333,8.274,6.0,-11,20.04164443675625,,0.0,0.0,0.0,69.66666666666666,42.93554494878609,optimal
2021-02-07 20:00:00,26,120,0.0,0.0,0.0,0.5557000000000001,7.7175,6.0,-11,20.021340144602988,,0.0,0.0,0.0,0.0,42.892609403837305,optimal
2021-02-07 20:30:00,26,120,0.0,0.0,0.0,0.5772333333333334,6.615,6.0,-11,20.0,,0.0,0.0,0.0,0.0,42.84971679443347,optimal
2021-02-07 21:00:00,26,120,0.0,0.0,0.0,0.2493,6.174,6.0,-11,19.97782007175574,,0.0,0.0,0.0,0.0,42.80686707763903,optimal
2021-02-07 21:30:00,26,120,0.0,0.0774074074074074,0.0,0.5177999999999999,3.906,6.0,-11,19.952376114178968,,0.0,0.0,0.0,69.66666666666666,42.7640602105614,optimal
2021-02-07 22:00:00,26,120,0.0,0.0,0.0,0.4309333333333333,2.3415,6.0,-11,19.9299855484536,,0.0,0.0,0.0,0.0,42.72129615035084,optimal
2021-02-07 22:30:00,26,120,0.0,0.0774074074074074,0.0,0.4934333333333333,2.205,6.0,-11,19.90422994164046,,0.0,0.0,0.0,69.66666666666666,42.67857485420048,optimal
2021-02-07 23:00:00,26,120,0.0,6.115185185185184,0.0,0.4876999999999999,0.882,6.0,-11,19.87810510609544,,0.0,0.0,0.0,5503.666666666666,42.63589627934629,optimal
2021-02-07 23:30:00,26,120,0.0,0.0,0.0,0.2480666666666666,1.5435,6.0,-11,19.85222210923351,,0.0,0.0,0.0,0.0,42.59326038306694,optimal
2021-02-08 00:00:00,26,120,1.1428571428571428,0.3096296296296296,0.0,0.7293,11.2665,6.0,4,19.85222210923351,,4000.0,0.0,0.0,278.66666666666663,42.55066712268388,optimal
2021-02-08 00:30:00,26,120,1.1428571428571428,0.0774074074074074,0.0,1.5315333333333334,10.143,6.0,4,19.86908796114656,,4000.0,0.0,0.0,69.66666666666666,42.50811645556119,optimal
2021-02-08 01:00:00,26,120,1.1428571428571428,0.0,0.0,0.053,11.2455,6.0,4,19.88931234588118,,4000.0,0.0,0.0,0.0,42.46560833910564,optimal
2021-02-08 01:30:00,26,120,1.1428571428571428,0.0,0.0,0.27,11.025,6.0,4,19.90333318098382,,4000.0,0.0,0.0,0.0,42.42314273076653,optimal
2021-02-08 02:00:00,26,120,1.1428571428571428,0.0,2.383327135648376,1.550266666666667,5.9745,6.0,4,19.91896802881956,,4000.0,0.0,0.0,0.0,43.51279997746874,optimal
2021-02-08 02:30:00,26,120,1.1428571428571428,0.3514296296296295,0.0,0.8838666666666667,7.938,6.0,4,19.940456556006644,,4000.0,0.0,0.0,316.2866666666666,43.46928717749127,optimal
2021-02-08 03:00:00,26,120,1.1428571428571428,0.0356074074074074,0.0,1.5964666666666667,8.6835,6.0,4,19.960011501390884,,4000.0,0.0,0.0,32.046666666666674,43.42581789031377,optimal
2021-02-08 03:30:00,26,120,1.1428571428571428,0.0,0.0,1.9402666666666668,7.665,6.0,4,19.98117798377313,,4000.0,0.0,0.0,0.0,43.38239207242345,optimal
2021-02-08 04:00:00,26,120,1.1428571428571428,0.387037037037037,0.0,1.1167333333333331,6.7725,6.0,4,20.002610670472404,,4000.0,0.0,0.0,348.3333333333333,43.33900968035103,optimal
2021-02-08 04:30:00,26,120,1.1428571428571428,0.0,5.0,0.2950666666666666,5.5755,6.0,4,20.02515574718417,,4000.0,0.0,0.0,0.0,45.670670670670674,optimal
2021-02-08 05:00:00,26,120,1.1428571428571428,0.0,5.0,0.4206,5.0925,6.0,4,20.04380276153105,,4000.0,0.0,0.0,0.0,48.0,optimal
2021-02-08 05:30:00,26,120,1.1428571428571428,0.0,0.0,0.4105333333333333,4.1895,6.0,4,20.06124824724872,,4000.0,0.0,0.0,0.0,47.719483135808495,optimal
2021-02-08 06:00:00,26,120,1.1428571428571428,0.0,0.0,0.1384,7.056,6.0,4,20.0776443931341,,4000.0,0.0,0.0,0.0,47.43924678848119,optimal
2021-02-08 06:30:00,26,120,1.1428571428571428,0.0,0.0,0.1406,5.271,6.0,4,20.08949256141896,,4000.0,0.0,0.0,0.0,47.1592906775012,optimal
2021-02-08 07:00:00,26,120,1.1428571428571428,0.0,0.0,0.1758,7.938,6.0,4,20.101244912977435,,4000.0,0.0,0.0,0.0,46.8796145226322,optimal
2021-02-08 07:30:00,26,120,1.1428571428571428,0.0,0.0,0.0801333333333333,7.938,6.0,4,20.1133036550988,,4000.0,0.0,0.0,0.0,46.60021804391807,optimal
2021-02-08 08:00:00,26,120,1.1428571428571428,0.0,0.0,0.247,11.907,6.0,4,20.124277904158287,,4000.0,0.0,0.0,0.0,46.321100961682646,optimal
2021-02-08 08:30:00,26,120,1.1428571428571428,0.0,0.0,0.1356666666666666,11.025,6.0,4,20.13758313050946,,4000.0,0.0,0.0,0.0,46.04226299652946,optimal
2021-02-08 09:00:00,26,120,1.1428571428571428,0.0,0.0,0.053,11.2875,6.0,4,20.149311482028395,,4000.0,0.0,0.0,0.0,45.76370386934143,optimal
2021-02-08 09:30:00,26,120,1.1428571428571428,0.0,0.0,0.3488,12.936,6.0,4,20.16142694903921,,4000.0,0.0,0.0,0.0,45.48542330128058,optimal
2021-02-08 10:00:00,26,120,1.1428571428571428,0.0,0.0,0.053,13.0095,6.0,4,20.17741931793158,,4000.0,0.0,0.0,0.0,45.2074210137878,optimal
2021-02-08 10:30:00,26,120,0.0,0.0,0.0,0.1563333333333333,13.671,6.0,4,20.192626630582268,,0.0,0.0,0.0,0.0,44.92969672858251,optimal
2021-02-08 11:00:00,26,120,0.7824767541746218,0.0,0.0,0.2308666666666666,13.188,6.0,4,20.160035878566188,,2738.6686396111763,0.0,0.0,0.0,44.65225016766243,optimal
2021-02-08 11:30:00,26,120,0.0,0.0,0.0,0.1451,13.8495,6.0,4,20.16448894502699,,0.0,0.0,0.0,0.0,44.37508105330326,optimal
2021-02-08 12:00:00,26,120,1.1428571428571428,0.0,0.0,0.1276333333333333,13.23,6.0,4,20.134723198959144,,4000.0,0.0,0.0,0.0,44.098189108058456,optimal
2021-02-08 12:30:00,26,120,0.0,0.0,0.0,0.1966666666666666,13.3665,6.0,4,20.15466841428362,,0.0,0.0,0.0,0.0,43.8215740547589,optimal
2021-02-08 13:00:00,26,120,1.1428571428571428,0.0,0.0,0.1563333333333333,13.0515,6.0,4,20.12708221438015,,4000.0,0.0,0.0,0.0,43.54523561651264,optimal
2021-02-08 13:30:00,26,120,0.0,0.0,0.0,0.761,13.5345,6.0,4,20.147862097296272,,0.0,0.0,0.0,0.0,43.26917351670462,optimal
2021-02-08 14:00:00,26,120,0.0,0.0,0.0,0.1224666666666666,14.154,6.0,4,20.121651746463808,,0.0,0.0,0.0,0.0,42.99338747899641,optimal
2021-02-08 14:30:00,26,120,0.0,0.0,0.0,0.0684,14.112,6.0,4,20.093716919236176,,0.0,0.0,0.0,0.0,42.71787722732592,optimal
2021-02-08 15:00:00,26,120,0.0,0.0,0.0,0.2357333333333333,14.2485,6.0,4,20.06485706675327,,0.0,0.0,0.0,0.0,42.442642485907086,optimal
2021-02-08 15:30:00,26,120,1.1428571428571428,0.0,0.0,0.0685,12.789,6.0,4,20.035828812615865,,4000.0,0.0,0.0,0.0,42.16768297922968,optimal
2021-02-08 16:00:00,26,120,1.1428571428571428,5.573333333333333,0.0,0.2269,13.0095,6.0,4,20.053649316012027,,4000.0,0.0,0.0,5016.0,41.89299843205894,optimal
2021-02-08 16:30:00,26,120,1.1428571428571428,0.3096296296296296,0.0,0.7566666666666666,12.1275,6.0,4,20.0716448103123,,4000.0,0.0,0.0,278.66666666666663,41.618588569435374,optimal
2021-02-08 17:00:00,26,120,1.1428571428571428,0.1548148148148148,0.0,2.2474000000000003,12.348,6.0,4,20.09067125934829,,4000.0,0.0,0.0,139.33333333333331,41.34445311667444,optimal
2021-02-08 17:30:00,26,120,1.1428571428571428,0.0,0.0,0.8245333333333333,12.348,6.0,4,20.1120086659356,,4000.0,0.0,0.0,0.0,41.303108663557765,optimal
2021-02-08 18:00:00,26,120,0.0,0.0,0.0,0.5139666666666667,25.389,6.0,4,20.1304893869322,,0.0,0.0,0.0,0.0,41.26180555489421,optimal
2021-02-08 18:30:00,26,120,0.0,0.4644444444444444,0.0,0.3767333333333333,29.1375,6.0,4,20.10472032900536,,0.0,0.0,0.0,418.0,41.22054374933931,optimal
2021-02-08 19:00:00,26,120,0.0,0.3096296296296296,0.0,1.0225333333333333,30.597,6.0,4,20.07744509539769,,0.0,0.0,0.0,278.66666666666663,41.17932320558997,optimal
2021-02-08 19:30:00,26,120,0.0,1.006296296296296,0.0,1.1139666666666668,33.684,6.0,4,20.051517259297263,,0.0,0.0,0.0,905.6666666666664,41.138143882384384,optimal
2021-02-08 20:00:00,26,120,0.0,0.4644444444444444,0.0,0.3101,32.445,6.0,4,20.027799077865144,,0.0,0.0,0.0,418.0,41.097005738502,optimal
2021-02-08 20:30:00,26,120,0.0,0.387037037037037,0.0,0.3481333333333333,28.917,6.0,4,20.0,,0.0,0.0,0.0,348.3333333333333,41.0559087327635,optimal
2021-02-08 21:00:00,26,120,0.0,0.5418518518518518,0.0,0.3837666666666666,15.876,6.0,4,19.97288496037336,,0.0,0.0,0.0,487.6666666666667,41.01485282403073,optimal
2021-02-08 21:30:00,26,120,0.0,0.0,0.0,0.8038,12.348,6.0,4,19.944544847886675,,0.0,0.0,0.0,0.0,40.9738379712067,optimal
2021-02-08 22:00:00,26,120,0.0,0.0774074074074074,0.0,0.2745,12.1275,6.0,4,19.91563122956393,,0.0,0.0,0.0,69.66666666666666,40.93286413323549,optimal
2021-02-08 22:30:00,26,120,0.0,0.0,0.0,0.2046333333333333,12.348,6.0,4,19.88427647096509,,0.0,0.0,0.0,0.0,40.89193126910226,optimal
2021-02-08 23:00:00,26,120,0.0,0.0,0.0,0.1311333333333333,12.1275,6.0,4,19.850839737653,,0.0,0.0,0.0,0.0,40.85103933783316,optimal
2021-02-08 23:30:00,26,120,0.0,0.0,0.0,0.1456,12.1275,6.0,4,19.816474764396126,,0.0,0.0,0.0,0.0,40.810188298495326,optimal
2021-02-09 00:00:00,26,120,0.0,0.0,0.0,0.0626666666666666,32.886,6.0,14,19.816474764396126,,0.0,0.0,0.0,0.0,40.76937811019683,optimal
2021-02-09 00:30:00,26,120,0.0,0.0,0.0,0.0927,34.9965,6.0,14,19.781228827151786,,0.0,0.0,0.0,0.0,40.72860873208664,optimal
2021-02-09 01:00:00,26,120,0.0,0.0,0.0,0.1726,33.327,6.0,14,19.746550257960312,,0.0,0.0,0.0,0.0,40.68788012335455,optimal
2021-02-09 01:30:00,26,120,0.0,0.0,0.0,0.0741,31.122,6.0,14,19.713012938579308,,0.0,0.0,0.0,0.0,40.64719224323119,optimal
2021-02-09 02:00:00,26,120,1.1428571428571428,0.0,0.0,0.1254,17.9025,6.0,14,19.678143891947936,,4000.0,0.0,0.0,0.0,40.606545050987954,optimal
2021-02-09 02:30:00,26,120,1.1428571428571428,0.0,0.0,0.06,15.6555,6.0,14,19.69250004623296,,4000.0,0.0,0.0,0.0,40.56593850593696,optimal
2021-02-09 03:00:00,26,120,1.1428571428571428,0.0,0.0,0.2194,14.553,6.0,14,19.706130141435523,,4000.0,0.0,0.0,0.0,40.52537256743103,optimal
2021-02-09 03:30:00,26,120,1.1428571428571428,0.0,0.0,0.06,14.3325,6.0,14,19.7217742077714,,4000.0,0.0,0.0,0.0,40.4848471948636,optimal
2021-02-09 04:00:00,26,120,1.1428571428571428,0.0,0.0,0.1254,13.335,6.0,14,19.7356436495377,,4000.0,0.0,0.0,0.0,40.444362347668736,optimal
2021-02-09 04:30:00,26,120,1.1428571428571428,0.0,0.0,0.0975999999999999,12.1275,6.0,14,19.7504805757972,,4000.0,0.0,0.0,0.0,40.403917985321065,optimal
2021-02-09 05:00:00,26,120,1.1428571428571428,0.0,0.0,0.1237333333333333,12.2955,6.0,14,19.7647511614898,,4000.0,0.0,0.0,0.0,40.36351406733574,optimal
2021-02-09 05:30:00,26,120,1.1428571428571428,0.0,0.0,0.1495,11.6865,6.0,14,19.77902422661578,,4000.0,0.0,0.0,0.0,40.323150553268405,optimal
2021-02-09 06:00:00,26,120,1.1428571428571428,0.0,0.0,0.1415666666666666,11.466,6.0,14,19.79355040662152,,4000.0,0.0,0.0,0.0,40.282827402715135,optimal
2021-02-09 06:30:00,26,120,1.1428571428571428,0.0,5.0,0.1059,10.8045,6.0,14,19.80805266049956,,4000.0,0.0,0.0,0.0,42.61754457531242,optimal
2021-02-09 07:00:00,26,120,1.1428571428571428,0.4644444444444444,5.0,0.3286333333333333,10.584,6.0,14,19.823405682844022,,4000.0,0.0,0.0,418.0,44.94992703073711,optimal
2021-02-09 07:30:00,26,120,1.1428571428571428,11.89084598926837,1.9010106534590936,1.4335,11.2455,6.0,14,19.844887614508607,,4000.0,9935.4280570082,0.0,766.3333333333333,45.80795716409944,optimal
2021-02-09 08:00:00,26,120,1.1428571428571428,0.387037037037037,0.0,0.6641333333333334,12.1275,6.0,14,20.0,,4000.0,0.0,0.0,348.3333333333333,45.76214920693534,optimal
2021-02-09 08:30:00,26,120,1.1428571428571428,2.8640740740740736,0.0,0.4698,11.823,6.0,14,20.029979505583217,,4000.0,0.0,0.0,2577.666666666666,45.7163870577284,optimal
2021-02-09 09:00:00,26,120,1.1428571428571428,0.774074074074074,0.0,0.4436,11.7705,6.0,14,20.056115874359385,,4000.0,0.0,0.0,696.6666666666666,45.670670670670674,optimal
2021-02-09 09:30:00,26,120,1.1428571428571428,6.192592592592592,5.0,0.4864,11.13,6.0,14,20.08257169116313,,4000.0,0.0,0.0,5573.333333333333,48.0,optimal
2021-02-09 10:00:00,26,120,1.1428571428571428,0.0,0.0,0.5448333333333334,11.6865,6.0,14,20.10890954350237,,4000.0,0.0,0.0,0.0,47.91325466264535,optimal
2021-02-09 10:30:00,26,120,1.1428571428571428,0.0,0.0,0.0747,10.7205,6.0,14,20.13619409267973,,4000.0,0.0,0.0,0.0,47.82659607062806,optimal
2021-02-09 11:00:00,26,120,1.1428571428571428,0.0,0.0,0.4120333333333333,11.424,6.0,14,20.152304731047323,,4000.0,0.0,0.0,0.0,47.74002413720278,optimal
2021-02-09 11:30:00,26,120,1.1428571428571428,0.0774074074074074,0.0,0.2729333333333333,10.689,6.0,14,20.176864508010222,,4000.0,0.0,0.0,69.66666666666666,47.65353877571093,optimal
2021-02-09 12:00:00,26,120,1.1428571428571428,0.0,0.0,0.1433,11.361,6.0,14,20.199780157871285,,4000.0,0.0,0.0,0.0,47.56713989958057,optimal
2021-02-09 12:30:00,26,120,1.1428571428571428,0.0,0.0,0.1561,11.571,6.0,14,20.221850606069708,,4000.0,0.0,0.0,0.0,47.48082742232634,optimal
2021-02-09 13:00:00,26,120,0.0,0.0,0.0,0.1245,14.3745,6.0,14,20.24393410406747,,0.0,0.0,0.0,0.0,47.39460125754937,optimal
2021-02-09 13:30:00,26,120,1.1428571428571428,0.0,0.0,0.164,13.23,6.0,14,20.2172127523853,,4000.0,0.0,0.0,0.0,47.30846131893717,optimal
2021-02-09 14:00:00,26,120,1.0544427428019276,0.0,0.0,0.1354,13.9755,6.0,14,20.239655824795072,,3690.5495998067454,0.0,0.0,0.0,47.22240752026359,optimal
2021-02-09 14:30:00,26,120,0.0,0.0,0.0,0.1405,14.994,6.0,14,20.25728769104499,,0.0,0.0,0.0,0.0,47.13643977538867,optimal
2021-02-09 15:00:00,26,120,1.1428571428571428,0.0,0.0,0.1589,13.671,6.0,14,20.22988806088877,,4000.0,0.0,0.0,0.0,47.05055799825864,optimal
2021-02-09 15:30:00,26,120,0.0,0.0,0.0,0.0888,15.981,6.0,14,20.249232117222025,,0.0,0.0,0.0,0.0,46.96476210290573,optimal
2021-02-09 16:00:00,26,120,0.0,0.774074074074074,0.0,0.5945666666666667,15.6345,6.0,14,20.218954467569223,,0.0,0.0,0.0,696.6666666666666,46.87905200344818,optimal
2021-02-09 16:30:00,26,120,0.0,0.1548148148148148,0.0,2.6917,16.5375,6.0,14,20.199287580749605,,0.0,0.0,0.0,139.33333333333331,46.793427614090085,optimal
2021-02-09 17:00:00,26,120,0.0,0.3096296296296296,0.0,0.5962000000000001,14.7735,6.0,14,20.19354226808164,,0.0,0.0,0.0,278.66666666666663,46.70788884912135,optimal
2021-02-09 17:30:00,26,120,0.0,0.0,0.0,0.5369333333333333,15.2145,6.0,14,20.17261494846577,,0.0,0.0,0.0,0.0,46.62243562291758,optimal
2021-02-09 18:00:00,26,120,0.0,0.5418518518518518,0.0,0.3179666666666666,14.553,6.0,14,20.15337932983645,,0.0,0.0,0.0,487.6666666666667,46.537067849940016,optimal
2021-02-09 18:30:00,26,120,0.0,0.0,0.0,0.3052666666666666,14.3325,6.0,14,20.13031787498988,,0.0,0.0,0.0,0.0,46.45178544473543,optimal
2021-02-09 19:00:00,26,120,0.0,0.0,0.0,0.1618666666666667,14.595,6.0,14,20.106887174185992,,0.0,0.0,0.0,0.0,46.36658832193604,optimal
2021-02-09 19:30:00,26,120,0.0,0.0,0.0,0.07,14.994,6.0,14,20.07417413893709,,0.0,0.0,0.0,0.0,46.28147639625946,optimal
2021-02-09 20:00:00,26,120,0.0,0.0,0.0,0.1541999999999999,14.3325,6.0,14,20.03653688370637,,0.0,0.0,0.0,0.0,46.19644958250855,optimal
2021-02-09 20:30:00,26,120,0.0,0.0,0.0,0.1452,13.8915,6.0,14,20.0,,0.0,0.0,0.0,0.0,46.11150779557139,optimal
2021-02-09 21:00:00,26,120,0.0,0.0,0.0,0.1099666666666666,13.8915,6.0,14,19.963227655587133,,0.0,0.0,0.0,0.0,46.02665095042117,optimal
2021-02-09 21:30:00,26,120,0.0,0.0,0.0,0.3844333333333333,13.4715,6.0,14,19.925900733812703,,0.0,0.0,0.0,0.0,45.9418789621161,optimal
2021-02-09 22:00:00,26,120,0.0,0.0774074074074074,0.0,0.4921666666666667,13.23,6.0,14,19.89436034148633,,0.0,0.0,0.0,69.66666666666666,45.85719174579933,optimal
2021-02-09 22:30:00,26,120,0.0,0.0,0.0,0.5650333333333333,13.8915,6.0,14,19.867148556230173,,0.0,0.0,0.0,0.0,45.77258921669889,optimal
2021-02-09 23:00:00,26,120,0.0,0.0,0.0,0.3092333333333333,26.9325,6.0,14,19.843353091865005,,0.0,0.0,0.0,0.0,45.688071290127546,optimal
2021-02-09 23:30:00,26,120,0.0,0.0774074074074074,0.0,0.4631,30.303,6.0,14,19.818061751779485,,0.0,0.0,0.0,69.66666666666666,45.642383218837416,optimal
2021-02-10 00:00:00,26,120,1.1428571428571428,0.0,0.0,0.058,12.789,6.0,3,19.818061751779485,,4000.0,0.0,0.0,0.0,45.596740835618576,optimal
2021-02-10 00:30:00,26,120,1.1428571428571428,0.0,0.0,0.1973333333333332,11.907,6.0,3,19.831127255063777,,4000.0,0.0,0.0,0.0,45.55114409478296,optimal
2021-02-10 01:00:00,26,120,1.1428571428571428,0.0,0.0,0.058,11.7075,6.0,3,19.845666005370333,,4000.0,0.0,0.0,0.0,45.505592950688175,optimal
2021-02-10 01:30:00,26,120,1.1428571428571428,0.0,0.0,0.191,10.8045,6.0,3,19.85828026891437,,4000.0,0.0,0.0,0.0,45.460087357737486,optimal
2021-02-10 02:00:00,26,120,1.1428571428571428,0.0,0.0,0.0643333333333333,11.508,6.0,3,19.87229151925137,,4000.0,0.0,0.0,0.0,45.41462727037975,optimal
2021-02-10 02:30:00,26,120,1.1428571428571428,0.0,0.0,0.1023333333333333,11.508,6.0,3,19.884533638308604,,4000.0,0.0,0.0,0.0,45.36921264310936,optimal
2021-02-10 03:00:00,26,120,1.1428571428571428,0.0,0.0,0.153,11.508,6.0,3,19.89721441563797,,4000.0,0.0,0.0,0.0,45.323843430466255,optimal
2021-02-10 03:30:00,26,120,1.1428571428571428,0.0,0.0,0.058,11.844,6.0,3,19.91048729125278,,4000.0,0.0,0.0,0.0,45.27851958703579,optimal
2021-02-10 04:00:00,26,120,1.1428571428571428,0.0,0.0,0.1973333333333332,11.508,6.0,3,19.92257652995053,,4000.0,0.0,0.0,0.0,45.23324106744875,optimal
2021-02-10 04:30:00,26,120,1.1428571428571428,0.0,0.0,0.058,11.508,6.0,3,19.93633920746259,,4000.0,0.0,0.0,0.0,45.1880078263813,optimal
2021-02-10 05:00:00,26,120,1.1428571428571428,0.0,5.0,0.058,10.4475,6.0,3,19.94817893682524,,4000.0,0.0,0.0,0.0,47.51781981855492,optimal
2021-02-10 05:30:00,26,120,1.1428571428571428,0.0,0.0,0.1656666666666666,10.8675,6.0,3,19.959796936894016,,4000.0,0.0,0.0,0.0,47.47030199873637,optimal
2021-02-10 06:00:00,26,120,1.1428571428571428,0.0,1.5188563873334566,0.0896666666666666,10.542,6.0,3,19.972505279548912,,4000.0,0.0,0.0,0.0,48.144288480721016,optimal
2021-02-10 06:30:00,26,120,1.1428571428571428,0.0,0.0,0.1276666666666666,11.025,6.0,3,19.984064312744053,,4000.0,0.0,0.0,0.0,48.096144192240295,optimal
2021-02-10 07:00:00,26,120,1.1428571428571428,0.0774074074074074,0.0,0.1256666666666666,11.025,6.0,3,19.996459871044262,,4000.0,0.0,0.0,69.66666666666666,48.048048048048045,optimal
2021-02-10 07:30:00,26,120,1.1428571428571428,0.774074074074074,0.0,0.1117,14.553,6.0,3,20.01153795137574,,4000.0,0.0,0.0,696.6666666666666,48.0,optimal
2021-02-10 08:00:00,26,120,1.1428571428571428,0.0774074074074074,0.0,0.4363333333333333,13.0935,6.0,3,20.02761631353944,,4000.0,0.0,0.0,69.66666666666666,47.77315822352967,optimal
2021-02-10 08:30:00,26,120,1.1428571428571428,0.5418518518518518,0.0,0.3113999999999999,15.6345,6.0,3,20.046506986808662,,4000.0,0.0,0.0,487.6666666666667,47.54654328883581,optimal
2021-02-10 09:00:00,26,120,0.0,0.2322222222222222,0.0,0.3513333333333333,18.102,6.0,3,20.06423067917437,,0.0,0.0,0.0,209.0,47.32015496907665,optimal
2021-02-10 09:30:00,26,120,1.1428571428571428,2.4770370370370367,0.0,0.5782999999999999,17.199,6.0,3,20.03528515642539,,4000.0,0.0,0.0,2229.333333333333,47.09399303763724,optimal
2021-02-10 10:00:00,26,120,0.0,0.0,0.0,0.068,18.2805,6.0,3,20.0593558767432,,0.0,0.0,0.0,0.0,46.86805726812928,optimal
2021-02-10 10:30:00,26,120,0.926453847973894,0.0,0.0,0.087,17.4615,6.0,3,20.02571479355499,,3242.5884679086294,0.0,0.0,0.0,46.64234743439082,optimal
2021-02-10 11:00:00,26,120,0.0,0.0,0.0,0.1883333333333333,18.3225,6.0,3,20.032171580547573,,0.0,0.0,0.0,0.0,46.4168633104861,optimal
2021-02-10 11:30:00,26,120,1.1428571428571428,0.0,0.0,0.068,17.094,6.0,3,20.00274550974532,,4000.0,0.0,0.0,0.0,46.19160467070529,optimal
2021-02-10 12:00:00,26,120,1.1428571428571428,0.0,0.0,0.2073333333333333,17.094,6.0,3,20.02083946521371,,4000.0,0.0,0.0,0.0,45.96657128956426,optimal
2021-02-10 12:30:00,26,120,1.1428571428571428,0.0,0.0,0.068,17.094,6.0,3,20.04350758315504,,4000.0,0.0,0.0,0.0,45.74176294180437,optimal
2021-02-10 13:00:00,26,120,1.1428571428571428,0.0,0.0,0.068,17.3565,6.0,3,20.06443335363761,,4000.0,0.0,0.0,0.0,45.51717940239224,optimal
2021-02-10 13:30:00,26,120,1.1428571428571428,0.0,0.0,0.2073333333333333,17.115,6.0,3,20.08486524211464,,4000.0,0.0,0.0,0.0,45.29282044651952,optimal
2021-02-10 14:00:00,26,120,1.1428571428571428,0.0,0.0,0.068,17.241,6.0,3,20.107350542150627,,4000.0,0.0,0.0,0.0,45.068685849602666,optimal
2021-02-10 14:30:00,26,120,1.1428571428571428,0.0,0.0,0.0743333333333333,17.094,6.0,3,20.12813491625872,,4000.0,0.0,0.0,0.0,44.84477538728274,optimal
2021-02-10 15:00:00,26,120,1.1428571428571428,0.0,0.0,0.3838999999999999,16.5165,6.0,3,20.14895523887905,,4000.0,0.0,0.0,0.0,44.62108883542513,optimal
2021-02-10 15:30:00,26,120,0.0,0.0774074074074074,0.0,0.8303333333333334,17.8185,6.0,3,20.172931116513496,,0.0,0.0,0.0,69.66666666666666,44.39762597011937,optimal
2021-02-10 16:00:00,26,120,1.1428571428571428,0.387037037037037,0.0,0.7427999999999999,17.094,6.0,3,20.15591076982685,,4000.0,0.0,0.0,348.3333333333333,44.17438656767892,optimal
2021-02-10 16:30:00,26,120,1.1428571428571428,0.2322222222222222,0.0,1.4488,16.8945,6.0,3,20.18406248650481,,4000.0,0.0,0.0,209.0,43.95137040464092,optimal
2021-02-10 17:00:00,26,120,0.0,0.4644444444444444,0.0,0.3,18.123,6.0,3,20.22072199150784,,0.0,0.0,0.0,418.0,43.72857725776595,optimal
2021-02-10 17:30:00,26,120,0.0,0.0,0.0,0.4196333333333333,31.647,6.0,3,20.191582989188305,,0.0,0.0,0.0,0.0,43.506006904037854,optimal
2021-02-10 18:00:00,26,120,0.0,0.0,0.0,0.2348333333333332,34.9965,6.0,3,20.16280148750084,,0.0,0.0,0.0,0.0,43.283659120663486,optimal
2021-02-10 18:30:00,26,120,0.0,0.0,0.0,0.5563333333333333,34.9965,6.0,3,20.13236506737512,,0.0,0.0,0.0,0.0,43.0615336850725,optimal
2021-02-10 19:00:00,26,120,0.0,0.0,0.0,0.1313333333333333,34.9965,6.0,3,20.10546587552297,,0.0,0.0,0.0,0.0,42.8396303749171,optimal
2021-02-10 19:30:00,26,120,0.0,0.0,0.0,0.4217333333333333,34.9965,6.0,3,20.066339038199622,,0.0,0.0,0.0,0.0,42.61794896807186,optimal
2021-02-10 20:00:00,26,120,0.0,0.0,0.0,0.5211666666666667,34.9965,6.0,3,20.03287799378432,,0.0,0.0,0.0,0.0,42.39648924263346,optimal
2021-02-10 20:30:00,26,120,0.0,0.1548148148148148,0.0,1.7165333333333332,27.741,6.0,3,20.0,,0.0,0.0,0.0,139.33333333333331,42.175250976920495,optimal
2021-02-10 21:00:00,26,120,0.0,2.012592592592592,0.0,0.8598333333333333,19.026,6.0,3,19.97117816067792,,0.0,0.0,0.0,1811.333333333333,41.95423394947325,optimal
2021-02-10 21:30:00,26,120,0.0,0.0,0.0,0.6065,18.7215,6.0,3,19.94189777939818,,0.0,0.0,0.0,0.0,41.733437939053445,optimal
2021-02-10 22:00:00,26,120,0.0,0.0774074074074074,0.0,0.3113,17.4195,6.0,3,19.91028623915147,,0.0,0.0,0.0,69.66666666666666,41.51286272464407,optimal
2021-02-10 22:30:00,26,120,0.0,0.0,0.0,1.991266666666667,16.758,6.0,3,19.87181308130076,,0.0,0.0,0.0,0.0,41.47134986191942,optimal
2021-02-10 23:00:00,26,120,0.0,2.4770370370370367,0.0,0.5650333333333333,14.217,6.0,3,19.83949447545773,,0.0,0.0,0.0,2229.333333333333,41.4298785120575,optimal
2021-02-10 23:30:00,26,120,0.0,0.0,0.0,0.2582,13.3665,6.0,3,19.80719001389801,,0.0,0.0,0.0,0.0,41.38844863354544,optimal
2021-02-11 00:00:00,26,120,1.1428571428571428,2.322222222222221,0.0,0.5994333333333333,17.64,6.0,-13,19.80719001389801,,4000.0,0.0,0.0,2089.9999999999995,41.347060184911896,optimal
2021-02-11 00:30:00,26,120,1.1428571428571428,0.0,0.0,0.3200666666666666,19.1625,6.0,-13,19.819782831778323,,4000.0,0.0,0.0,0.0,41.305713124726985,optimal
2021-02-11 01:00:00,26,120,0.0,0.0,0.0,0.1123333333333333,26.46,6.0,-13,19.829699895888456,,0.0,0.0,0.0,0.0,41.26440741160226,optimal
2021-02-11 01:30:00,26,120,1.1428571428571428,0.0,0.0,0.1123333333333333,20.79,6.0,-13,19.78577823304592,,4000.0,0.0,0.0,0.0,41.22314300419065,optimal
2021-02-11 02:00:00,26,120,0.0,0.0,0.0,0.2038,29.106,6.0,-13,19.790673020578925,,0.0,0.0,0.0,0.0,41.18191986118647,optimal
2021-02-11 02:30:00,26,120,1.1428571428571428,0.0,0.0,0.0966333333333333,19.1835,6.0,-13,19.747943009297355,,4000.0,0.0,0.0,0.0,41.14073794132528,optimal
2021-02-11 03:00:00,26,120,1.1428571428571428,0.0,0.0,0.1345,19.6665,6.0,-13,19.75252328846498,,4000.0,0.0,0.0,0.0,41.09959720338395,optimal
2021-02-11 03:30:00,26,120,1.1428571428571428,0.0,0.0,0.1844,19.404,6.0,-13,19.757357535385392,,4000.0,0.0,0.0,0.0,41.058497606180566,optimal
2021-02-11 04:00:00,26,120,1.1428571428571428,0.0,0.0,0.1825333333333333,19.047,6.0,-13,19.76328573774989,,4000.0,0.0,0.0,0.0,41.01743910857439,optimal
2021-02-11 04:30:00,26,120,1.1428571428571428,0.0,0.0,0.068,18.858,6.0,-13,19.769675087421845,,4000.0,0.0,0.0,0.0,40.976421669465815,optimal
2021-02-11 05:00:00,26,120,1.1428571428571428,0.0,0.0,0.2102666666666666,19.2675,6.0,-13,19.774656485428554,,4000.0,0.0,0.0,0.0,40.93544524779635,optimal
2021-02-11 05:30:00,26,120,1.1428571428571428,0.0,0.0,0.1478,18.963,6.0,-13,19.78136114886403,,4000.0,0.0,0.0,0.0,40.89450980254856,optimal
2021-02-11 06:00:00,26,120,1.1428571428571428,0.0,0.0,0.2191333333333333,18.438,6.0,-13,19.78778717022438,,4000.0,0.0,0.0,0.0,40.85361529274601,optimal
2021-02-11 06:30:00,26,120,1.1428571428571428,0.0,0.0,0.068,18.7425,6.0,-13,19.795565099459147,,4000.0,0.0,0.0,0.0,40.81276167745326,optimal
2021-02-11 07:00:00,26,120,1.1428571428571428,0.0,5.0,0.1566666666666666,15.2145,6.0,-13,19.801982091035526,,4000.0,0.0,0.0,0.0,43.14694891577581,optimal
2021-02-11 07:30:00,26,120,1.1428571428571428,15.75572995491146,0.0,0.4884,17.7765,6.0,-13,19.80996216900441,,4000.0,14180.156959420314,0.0,0.0,43.10380196686003,optimal
2021-02-11 08:00:00,26,120,1.1428571428571428,2.941481481481482,0.5859189799112654,2.087,16.758,6.0,-13,20.0,,4000.0,0.0,0.0,2647.333333333333,43.33900968035103,optimal
2021-02-11 08:30:00,26,120,1.1428571428571428,0.0774074074074074,5.0,2.5394666666666668,16.422,6.0,-13,20.02515563155057,,4000.0,0.0,0.0,69.66666666666666,45.670670670670674,optimal
2021-02-11 09:00:00,26,120,1.1428571428571428,0.0,5.0,4.130466666666666,16.758,6.0,-13,20.049093780666382,,4000.0,0.0,0.0,0.0,48.0,optimal
2021-02-11 09:30:00,26,120,0.0,3.096296296296296,0.0,3.398966666666667,29.358,6.0,-13,20.08156020683352,,0.0,0.0,0.0,2786.6666666666665,47.60067661800095,optimal
2021-02-11 10:00:00,26,120,0.0,0.0774074074074074,0.0,2.1032,34.9965,6.0,-13,20.058775465201304,,0.0,0.0,0.0,69.66666666666666,47.20175255938389,optimal
2021-02-11 10:30:00,26,120,0.0,0.1548148148148148,0.0,0.5205666666666667,34.65,6.0,-13,20.03778828192125,,0.0,0.0,0.0,139.33333333333331,46.80322742482546,optimal
2021-02-11 11:00:00,26,120,0.0,0.7986428048974672,0.0,0.7714666666666667,34.9965,6.0,-13,20.012185912020165,,0.0,718.7785244077205,0.0,0.0,46.40510081540158,optimal
2021-02-11 11:30:00,26,120,0.0,1.5977253512064735,0.0,2.801233333333333,34.9965,6.0,-13,20.0,,0.0,1437.9528160858265,0.0,0.0,46.00737233258713,optimal
2021-02-11 12:00:00,26,120,0.0,1.0799313541822486,0.0,5.427233333333334,30.4815,6.0,-13,20.0,,0.0,971.9382187640238,0.0,0.0,45.61004157825549,optimal
2021-02-11 12:30:00,26,120,0.3799647927484266,0.2322222222222222,0.0,1.229766666666667,21.4305,6.0,-13,20.0,,1329.876774619493,0.0,0.0,209.0,45.21310815467818,optimal
2021-02-11 13:00:00,26,120,0.5189079702886692,0.0,0.0,0.4552666666666666,14.3325,6.0,-13,20.0,,1816.1778960103425,0.0,0.0,0.0,44.81657166452445,optimal
2021-02-11 13:30:00,26,120,1.0901674405033426,0.0,0.0,0.2522666666666667,13.692,6.0,-13,20.0,,3815.586041761698,0.0,0.0,0.0,44.42043171086088,optimal
2021-02-11 14:00:00,26,120,0.0,0.0,0.0,0.3883666666666667,14.007,6.0,-13,20.02260842561612,,0.0,0.0,0.0,0.0,44.02468789715096,optimal
2021-02-11 14:30:00,26,120,0.5962863264579488,0.0,0.0,0.068,12.873,6.0,-13,20.0,,2087.0021426028206,0.0,0.0,0.0,43.62933982725476,optimal
2021-02-11 15:00:00,26,120,0.633443480165872,0.0,0.0,0.1779333333333333,12.684,6.0,-13,20.0,,2217.0521805805524,0.0,0.0,0.0,43.23438710542845,optimal
2021-02-11 15:30:00,26,120,0.4996677999166145,0.1548148148148148,0.0,2.238633333333333,12.306,6.0,-13,20.0,,1748.8372997081506,0.0,0.0,139.33333333333331,42.83982933632397,optimal
2021-02-11 16:00:00,26,120,1.1428571428571428,0.0,0.0,2.597,10.6365,6.0,-13,20.0,,4000.0,0.0,0.0,0.0,42.4456661249886,optimal
2021-02-11 16:30:00,26,120,0.9189054052944796,0.0,0.0,0.2970333333333333,11.2455,6.0,-13,20.027487291065466,,3216.168918530678,0.0,0.0,0.0,42.05189707686456,optimal
2021-02-11 17:00:00,26,120,1.1428571428571428,0.0774074074074074,0.0,2.477533333333333,11.2455,6.0,-13,20.04049654539004,,4000.0,0.0,0.0,69.66666666666666,41.65852179778864,optimal
2021-02-11 17:30:00,26,120,1.1428571428571428,0.2322222222222222,0.0,3.927133333333333,11.025,6.0,-13,20.05826545880019,,4000.0,0.0,0.0,209.0,41.2655398939918,optimal
2021-02-11 18:00:00,26,120,0.0,0.0,0.0,0.8905333333333333,12.0855,6.0,-13,20.084273554490142,,0.0,0.0,0.0,0.0,40.87295097209876,optimal
2021-02-11 18:30:00,26,120,0.0,0.0,0.0,0.068,11.6865,6.0,-13,20.050295699061937,,0.0,0.0,0.0,0.0,40.4807546391276,optimal
2021-02-11 19:00:00,26,120,1.1428571428571428,0.0,0.0,0.2989333333333333,11.2245,6.0,-13,20.00265607662545,,4000.0,0.0,0.0,0.0,40.08895050248943,optimal
2021-02-11 19:30:00,26,120,1.1428571428571428,0.0,0.0,0.068,11.025,6.0,-13,20.00496840635077,,4000.0,0.0,0.0,0.0,39.69753816998789,optimal
2021-02-11 20:00:00,26,120,1.1428571428571428,0.0,0.0,0.1334,10.7835,6.0,-13,20.002876792318173,,4000.0,0.0,0.0,0.0,39.306517249818846,optimal
2021-02-11 20:30:00,26,120,0.0,0.0,0.0,0.2335333333333333,11.025,6.0,-13,20.0,,0.0,0.0,0.0,0.0,38.915887350569975,optimal
2021-02-11 21:00:00,26,120,0.0,0.0,0.0,1.1554666666666666,10.584,6.0,-13,19.94981765310696,,0.0,0.0,0.0,0.0,38.52564808122035,optimal
2021-02-11 21:30:00,26,120,0.0,0.0,0.0,0.5395333333333333,11.025,6.0,-13,19.90957285913918,,0.0,0.0,0.0,0.0,38.487122433139135,optimal
2021-02-11 22:00:00,26,120,0.0,0.0,0.0,0.1034666666666666,10.4265,6.0,-13,19.86789317239487,,0.0,0.0,0.0,0.0,38.448635310706,optimal
2021-02-11 22:30:00,26,120,0.0,0.0,0.0,0.0857333333333333,12.789,6.0,-13,19.82002090276756,,0.0,0.0,0.0,0.0,38.41018667539529,optimal
2021-02-11 23:00:00,26,120,0.0,0.0,0.0,0.2812,12.684,6.0,-13,19.77083797165401,,0.0,0.0,0.0,0.0,38.371776488719895,optimal
2021-02-11 23:30:00,26,120,0.0,0.0,0.0,0.0857333333333333,16.254,6.0,-13,19.722944253099563,,0.0,0.0,0.0,0.0,38.33340471223118,optimal
2021-02-12 00:00:00,26,120,0.0,0.0,0.0,0.06,26.712,6.0,11,19.722944253099563,,0.0,0.0,0.0,0.0,38.29507130751895,optimal
2021-02-12 00:30:00,26,120,1.1428571428571428,0.0,0.0,0.092,15.435,6.0,11,19.67300599687289,,4000.0,0.0,0.0,0.0,38.25677623621143,optimal
2021-02-12 01:00:00,26,120,1.1428571428571428,0.0,0.0,0.1688,13.566,6.0,11,19.67228595427973,,4000.0,0.0,0.0,0.0,38.21851945997522,optimal
2021-02-12 01:30:00,26,120,1.1428571428571428,0.0,0.0,0.06,12.789,6.0,11,19.672502943176283,,4000.0,0.0,0.0,0.0,38.180300940515245,optimal
2021-02-12 02:00:00,26,120,1.1428571428571428,0.0,0.0,0.2008,12.1275,6.0,11,19.67159231922148,,4000.0,0.0,0.0,0.0,38.14212063957473,optimal
2021-02-12 02:30:00,26,120,1.1428571428571428,0.0,0.0,0.06,13.671,6.0,11,19.67259703084876,,4000.0,0.0,0.0,0.0,38.10397851893515,optimal
2021-02-12 03:00:00,26,120,1.1428571428571428,0.0,5.0,0.06,10.668,6.0,11,19.672479245503773,,4000.0,0.0,0.0,0.0,40.44087454041622,optimal
2021-02-12 03:30:00,26,120,1.1428571428571428,0.0,0.0,0.06,11.7285,6.0,11,19.67295646253405,,4000.0,0.0,0.0,0.0,40.4004336658758,optimal
2021-02-12 04:00:00,26,120,1.1428571428571428,0.0,0.0,0.2008,11.025,6.0,11,19.674820527454507,,4000.0,0.0,0.0,0.0,40.36003323220993,optimal
2021-02-12 04:30:00,26,120,1.1428571428571428,0.0,5.0,0.06,10.689,6.0,11,19.679783964678744,,4000.0,0.0,0.0,0.0,42.69467319897772,optimal
2021-02-12 05:00:00,26,120,1.1428571428571428,0.0,5.0,0.0728,8.1585,6.0,11,19.68441008165292,,4000.0,0.0,0.0,0.0,45.02697852577874,optimal
2021-02-12 05:30:00,26,120,1.1428571428571428,0.0,5.0,0.188,10.3635,6.0,11,19.690570755055667,,4000.0,0.0,0.0,0.0,47.35695154725296,optimal
2021-02-12 06:00:00,26,120,1.1428571428571428,0.1548148148148148,1.5546388470365078,1.0583333333333331,10.8045,6.0,11,19.69970867076525,,4000.0,0.0,0.0,139.33333333333331,48.048048048048045,optimal
2021-02-12 06:30:00,26,120,1.1428571428571428,0.3096296296296296,0.0,0.0663333333333333,11.025,6.0,11,19.710611062075703,,4000.0,0.0,0.0,278.66666666666663,48.0,optimal
2021-02-12 07:00:00,26,120,1.1428571428571428,5.263703703703704,0.0,0.0784333333333333,10.3635,6.0,11,19.72126980415477,,4000.0,0.0,0.0,4737.333333333333,47.71260939610797,optimal
2021-02-12 07:30:00,26,120,1.1428571428571428,24.10122529669491,0.0,0.2258,10.8045,6.0,11,19.734777258764,,4000.0,20715.769433692087,0.0,975.3333333333334,47.42550618281984,optimal
2021-02-12 08:00:00,26,120,1.1428571428571428,0.2322222222222222,0.0,1.0722333333333331,10.059,6.0,11,20.0,,4000.0,0.0,0.0,209.0,47.13869007274499,optimal
2021-02-12 08:30:00,26,120,1.1428571428571428,0.2322222222222222,0.0,0.6733333333333333,10.584,6.0,11,20.00888949699153,,4000.0,0.0,0.0,209.0,46.852160778780224,optimal
2021-02-12 09:00:00,26,120,1.1428571428571428,0.0774074074074074,0.0,1.0711,9.4185,6.0,11,20.01957489691728,,4000.0,0.0,0.0,69.66666666666666,46.56591801410941,optimal
2021-02-12 09:30:00,26,120,1.1428571428571428,0.0,0.0,0.0776333333333333,10.3635,6.0,11,20.03636343265812,,4000.0,0.0,0.0,0.0,46.27996149220328,optimal
2021-02-12 10:00:00,26,120,1.1428571428571428,0.5418518518518518,0.0,0.3913,9.8385,6.0,11,20.04909172324989,,4000.0,0.0,0.0,487.6666666666667,45.99429092681905,optimal
2021-02-12 10:30:00,26,120,1.1428571428571428,0.0,0.0,0.2664666666666666,11.067,6.0,11,20.0721081915899,,4000.0,0.0,0.0,0.0,45.7089060320002,optimal
2021-02-12 11:00:00,26,120,1.1428571428571428,0.3096296296296296,0.0,0.2975,10.8465,6.0,11,20.094490169678792,,4000.0,0.0,0.0,278.66666666666663,45.42380652207618,optimal
2021-02-12 11:30:00,26,120,0.0307448012568639,0.3096296296296296,0.0,0.1576,13.671,6.0,11,20.120886686892888,,107.6068043990237,0.0,0.0,278.66666666666663,45.13899211166208,optimal
2021-02-12 12:00:00,26,120,1.1428571428571428,0.0,0.0,0.068,12.348,6.0,11,20.097646831996016,,4000.0,0.0,0.0,0.0,44.85446251565839,optimal
2021-02-12 12:30:00,26,120,0.0,0.815874074074074,0.0,0.4015333333333333,14.3325,6.0,11,20.12207152863168,,0.0,0.0,0.0,734.2866666666666,44.57021744925071,optimal
2021-02-12 13:00:00,26,120,0.0,0.1130148148148148,0.0,0.1333,15.393,6.0,11,20.10190107844649,,0.0,0.0,0.0,101.71333333333337,44.28625662790943,optimal
2021-02-12 13:30:00,26,120,1.1428571428571428,0.6966666666666667,0.0,0.2506666666666666,13.587,6.0,11,20.08141609485552,,4000.0,0.0,0.0,627.0,44.0025797673895,optimal
2021-02-12 14:00:00,26,120,0.0,0.0,0.0,0.1311333333333333,16.1385,6.0,11,20.11245137380372,,0.0,0.0,0.0,0.0,43.719186583730085,optimal
2021-02-12 14:30:00,26,120,0.0,0.0,0.0,0.07,14.595,6.0,11,20.08727158082539,,0.0,0.0,0.0,0.0,43.43607679325433,optimal
2021-02-12 15:00:00,26,120,0.0,0.0,0.0,0.2108,14.637,6.0,11,20.058624169631408,,0.0,0.0,0.0,0.0,43.15325011256905,optimal
2021-02-12 15:30:00,26,120,0.0,0.0,0.0,0.07,13.9125,6.0,11,20.03029032718178,,0.0,0.0,0.0,0.0,42.87070625856445,optimal
2021-02-12 16:00:00,26,120,0.6305070040751108,0.3096296296296296,0.0,0.1895666666666666,13.3665,6.0,11,20.0,,2206.7745142628883,0.0,0.0,278.66666666666663,42.588444948413866,optimal
2021-02-12 16:30:00,26,120,1.1428571428571428,0.6192592592592592,0.0,0.1637333333333333,13.0095,6.0,11,20.0,,4000.0,0.0,0.0,557.3333333333333,42.30646589957343,optimal
2021-02-12 17:00:00,26,120,0.0,0.5418518518518518,0.0,0.9306,13.8915,6.0,11,20.025128965424788,,0.0,0.0,0.0,487.6666666666667,42.02476882978183,optimal
2021-02-12 17:30:00,26,120,0.1418513807693441,0.4644444444444444,0.0,2.1528666666666667,13.188,6.0,11,20.008361567178387,,496.4798326927042,0.0,0.0,418.0,41.74335345706002,optimal
2021-02-12 18:00:00,26,120,0.6430557531369235,0.0,0.0,0.2900666666666666,12.5685,6.0,11,20.0,,2250.6951359792324,0.0,0.0,0.0,41.46221949971093,optimal
2021-02-12 18:30:00,26,120,0.5708377628983343,0.1548148148148148,0.0,0.5365666666666667,12.285,6.0,11,20.0,,1997.9321701441704,0.0,0.0,139.33333333333331,41.18136667631919,optimal
2021-02-12 19:00:00,26,120,1.1428571428571428,0.0774074074074074,0.0,0.2474,11.487,6.0,11,20.0,,4000.0,0.0,0.0,69.66666666666666,40.90079470575085,optimal
2021-02-12 19:30:00,26,120,0.0910117058365765,0.2322222222222222,0.0,0.3521333333333333,11.802,6.0,11,20.02065756849983,,318.5409704280179,0.0,0.0,209.0,40.62050330715307,optimal
2021-02-12 20:00:00,26,120,0.6071097164673174,0.0,0.0,0.3437,11.2245,6.0,11,20.0,,2124.884007635611,0.0,0.0,0.0,40.34049219995389,optimal
2021-02-12 20:30:00,26,120,0.0,0.0,0.0,0.364,11.025,6.0,11,20.0,,0.0,0.0,0.0,0.0,40.06076110386192,optimal
2021-02-12 21:00:00,26,120,0.0,0.0,0.0,1.602833333333333,11.907,6.0,11,19.97108201928999,,0.0,0.0,0.0,0.0,39.78130973886603,optimal
2021-02-12 21:30:00,26,120,0.0,0.0,0.0,0.6858666666666666,25.83,6.0,11,19.950161930004008,,0.0,0.0,0.0,0.0,39.50213782523514,optimal
2021-02-12 22:00:00,26,120,0.0,0.0,0.0,0.332,28.035,6.0,11,19.92273169700608,,0.0,0.0,0.0,0.0,39.223245083517874,optimal
2021-02-12 22:30:00,26,120,0.0,0.387037037037037,0.0,0.3445333333333333,28.119,6.0,11,19.893616008994133,,0.0,0.0,0.0,348.3333333333333,38.94463123454233,optimal
2021-02-12 23:00:00,26,120,0.0,0.0,0.0,0.6133,30.156,6.0,11,19.864515812540727,,0.0,0.0,0.0,0.0,38.905686603307785,optimal
2021-02-12 23:30:00,26,120,0.0,0.3096296296296296,0.0,0.4445333333333333,29.1585,6.0,11,19.83869229021541,,0.0,0.0,0.0,278.66666666666663,38.86678091670448,optimal
2021-02-13 00:00:00,26,120,1.1428571428571428,0.6966666666666667,0.7523936904542133,0.2495333333333333,8.379,6.0,-5,19.83869229021541,,4000.0,0.0,0.0,627.0,39.18530113875352,optimal
2021-02-13 00:30:00,26,120,1.1428571428571428,0.0,0.0,0.8184666666666667,9.5235,6.0,-5,19.85870608344015,,4000.0,0.0,0.0,0.0,39.146115837614765,optimal
2021-02-13 01:00:00,26,120,1.1428571428571428,0.0,5.0,1.290166666666667,8.1375,6.0,-5,19.88319225821625,,4000.0,0.0,0.0,0.0,41.48196972177715,optimal
2021-02-13 01:30:00,26,120,1.1428571428571428,0.0,0.0,0.2093666666666666,10.0905,6.0,-5,19.90545993250477,,4000.0,0.0,0.0,0.0,41.44048775205536,optimal
2021-02-13 02:00:00,26,120,1.1428571428571428,0.0,5.0,0.1948,7.539,6.0,-5,19.91838821449868,,4000.0,0.0,0.0,0.0,43.7740472643033,optimal
2021-02-13 02:30:00,26,120,1.1428571428571428,0.0,5.0,0.2450999999999999,7.938,6.0,-5,19.93109753605079,,4000.0,0.0,0.0,0.0,46.10527321703899,optimal
2021-02-13 03:00:00,26,120,1.1428571428571428,0.0,5.0,2.495733333333333,8.274,6.0,-5,19.943842815937007,,4000.0,0.0,0.0,0.0,48.434167943821954,optimal
2021-02-13 03:30:00,26,120,1.1428571428571428,0.0,0.0,2.613833333333333,9.261,6.0,-5,19.96287709843176,,4000.0,0.0,0.0,0.0,48.38573377587813,optimal
2021-02-13 04:00:00,26,120,1.1428571428571428,0.0,0.0,0.3455666666666667,9.9225,6.0,-5,19.981330347887727,,4000.0,0.0,0.0,0.0,48.33734804210225,optimal
2021-02-13 04:30:00,26,120,1.1428571428571428,0.0,0.0,0.2258,9.702,6.0,-5,19.9939345279302,,4000.0,0.0,0.0,0.0,48.28901069406015,optimal
2021-02-13 05:00:00,26,120,1.1428571428571428,0.0,0.0,0.065,10.584,6.0,-5,20.007291918524928,,4000.0,0.0,0.0,0.0,48.24072168336608,optimal
2021-02-13 05:30:00,26,120,1.1428571428571428,0.0,0.0,0.065,10.143,6.0,-5,20.018465650175703,,4000.0,0.0,0.0,0.0,48.19248096168271,optimal
2021-02-13 06:00:00,26,120,1.1428571428571428,0.0,0.0,0.2334666666666666,13.0095,6.0,-5,20.02941897291496,,4000.0,0.0,0.0,0.0,48.144288480721016,optimal
2021-02-13 06:30:00,26,120,1.1428571428571428,0.0,0.0,0.2048333333333332,11.025,6.0,-5,20.042204642473266,,4000.0,0.0,0.0,0.0,48.096144192240295,optimal
2021-02-13 07:00:00,26,120,1.1428571428571428,1.1255037037037037,0.0,0.4059666666666666,12.789,6.0,-5,20.0548459376676,,4000.0,0.0,0.0,1012.9533333333331,48.048048048048045,optimal
2021-02-13 07:30:00,26,120,1.1428571428571428,0.3452370370370369,0.0,2.0887333333333333,12.1275,6.0,-5,20.076438400968748,,4000.0,0.0,0.0,310.71333333333325,48.0,optimal
2021-02-13 08:00:00,26,120,1.1428571428571428,6.424814814814814,0.0,1.1811333333333334,12.1695,6.0,-5,20.106394558538213,,4000.0,0.0,0.0,5782.333333333333,47.79826962744251,optimal
2021-02-13 08:30:00,26,120,1.1428571428571428,0.0,0.0,0.1623333333333333,12.306,6.0,-5,20.135711047065843,,4000.0,0.0,0.0,0.0,47.596740985257576,optimal
2021-02-13 09:00:00,26,120,0.299657194325297,0.0,0.0,0.3585333333333333,13.23,6.0,-5,20.14332549575916,,1048.8001801385396,0.0,0.0,0.0,47.39541387171483,optimal
2021-02-13 09:30:00,26,120,0.0,0.0774074074074074,0.0,1.7389,13.671,6.0,-5,20.1188615726028,,0.0,0.0,0.0,69.66666666666666,47.19428808528563,optimal
2021-02-13 10:00:00,26,120,0.0,0.3096296296296296,0.0,2.692,13.9335,6.0,-5,20.09043878909703,,0.0,0.0,0.0,278.66666666666663,46.99336342464285,optimal
2021-02-13 10:30:00,26,120,1.1428571428571428,0.0,0.0,2.3619666666666665,13.293,6.0,-5,20.063388909667523,,4000.0,0.0,0.0,0.0,46.79263968866072,optimal
2021-02-13 11:00:00,26,120,1.1428571428571428,0.0,0.0,1.0434,12.1065,6.0,-5,20.08522643840084,,4000.0,0.0,0.0,0.0,46.59211667641457,optimal
2021-02-13 11:30:00,26,120,1.1428571428571428,0.0,0.0,0.147,11.571,6.0,-5,20.108592718030017,,4000.0,0.0,0.0,0.0,46.391794187180665,optimal
2021-02-13 12:00:00,26,120,1.1428571428571428,0.0,0.0,0.3286666666666666,11.025,6.0,-5,20.125669672798782,,4000.0,0.0,0.0,0.0,46.191672020436,optimal
2021-02-13 12:30:00,26,120,1.1428571428571428,0.0,0.0,0.2841,10.8465,6.0,-5,20.14621683657847,,4000.0,0.0,0.0,0.0,45.99174997585807,optimal
2021-02-13 13:00:00,26,120,1.1428571428571428,0.0,0.0,0.144,11.2455,6.0,-5,20.1655979496164,,4000.0,0.0,0.0,0.0,45.792027853324726,optimal
2021-02-13 13:30:00,26,120,0.0,0.0,0.0,0.075,23.8665,6.0,-5,20.18579077761508,,0.0,0.0,0.0,0.0,45.59250545291391,optimal
2021-02-13 14:00:00,26,120,0.0,0.0,0.0,0.2664666666666666,27.4575,6.0,-5,20.156571873748216,,0.0,0.0,0.0,0.0,45.39318257490351,optimal
2021-02-13 14:30:00,26,120,0.0,0.0,0.0,0.075,27.3735,6.0,-5,20.12732423689128,,0.0,0.0,0.0,0.0,45.19405901977111,optimal
2021-02-13 15:00:00,26,120,0.0,0.0,0.0,0.2219333333333333,30.4605,6.0,-5,20.096000328948747,,0.0,0.0,0.0,0.0,44.99513458819385,optimal
2021-02-13 15:30:00,26,120,0.0,0.0,0.0,0.4037,30.0195,6.0,-5,20.064529422363808,,0.0,0.0,0.0,0.0,44.79640908104817,optimal
2021-02-13 16:00:00,26,120,0.0,0.0774074074074074,0.0,0.6546000000000001,26.9325,6.0,-5,20.0397995852964,,0.0,0.0,0.0,69.66666666666666,44.597882299409626,optimal
2021-02-13 16:30:00,26,120,0.0,0.387037037037037,0.0,0.8347,14.595,6.0,-5,20.01804214273567,,0.0,0.0,0.0,348.3333333333333,44.39955404455273,optimal
2021-02-13 17:00:00,26,120,0.6240789534271868,0.0,0.0,0.214,12.4845,6.0,-5,20.0,,2184.276336995153,0.0,0.0,0.0,44.20142411795069,optimal
2021-02-13 17:30:00,26,120,0.5724715443785998,1.393333333333333,0.0,0.2961,12.1275,6.0,-5,20.0,,2003.6504053250992,0.0,0.0,1254.0,44.003492321275246,optimal
2021-02-13 18:00:00,26,120,1.012482501227245,0.0,0.0,0.2049,12.1275,6.0,-5,20.0,,3543.6887542953573,0.0,0.0,0.0,43.80575845639648,optimal
2021-02-13 18:30:00,26,120,0.0,0.0,0.0,0.6023,12.789,6.0,-5,20.019426292848006,,0.0,0.0,0.0,0.0,43.6082223253826,optimal
2021-02-13 19:00:00,26,120,0.6025378678979131,0.0,0.0,0.3200333333333333,11.907,6.0,-5,20.0,,2108.882537642696,0.0,0.0,0.0,43.41088373049973,optimal
2021-02-13 19:30:00,26,120,0.2993876017064371,0.0,0.0,2.1664666666666665,11.025,6.0,-5,20.0,,1047.85660597253,0.0,0.0,0.0,43.213742474211735,optimal
2021-02-13 20:00:00,26,120,0.5419573355149617,0.0,0.0,0.6459333333333332,8.2005,6.0,-5,20.0,,1896.850674302366,0.0,0.0,0.0,43.01679835918003,optimal
2021-02-13 20:30:00,26,120,0.0,0.4644444444444444,0.0,0.3918,9.5655,6.0,-5,20.0,,0.0,0.0,0.0,418.0,42.82005118826336,optimal
2021-02-13 21:00:00,26,120,0.0,0.3096296296296296,0.0,0.4936999999999999,7.056,6.0,-5,19.973775670632435,,0.0,0.0,0.0,278.66666666666663,42.6235007645176,optimal
2021-02-13 21:30:00,26,120,0.0,0.0,0.0,0.4068666666666666,9.3975,6.0,-5,19.94795946314675,,0.0,0.0,0.0,0.0,42.42714689119559,optimal
2021-02-13 22:00:00,26,120,0.0,0.0,0.0,0.2861333333333333,10.059,6.0,-5,19.91994106541109,,0.0,0.0,0.0,0.0,42.23098937174691,optimal
2021-02-13 22:30:00,26,120,0.0,0.3096296296296296,0.0,0.5165,9.261,6.0,-5,19.89000544337846,,0.0,0.0,0.0,278.66666666666663,42.03502800981767,optimal
2021-02-13 23:00:00,26,120,0.0,0.0,0.0,0.2324,8.1585,6.0,-5,19.86221929970317,,0.0,0.0,0.0,0.0,41.99299298180785,optimal
2021-02-13 23:30:00,26,120,0.0,0.0,0.0,0.7486,9.4815,6.0,-5,19.8337610029984,,0.0,0.0,0.0,0.0,41.95099998882604,optimal
2021-02-07 00:00:00,27,120,1.1428571428571428,0.0,0.0,0.061,1.5435,6.0,-10,21.0,,4000.0,0.0,0.0,0.0,47.952,optimal
2021-02-07 00:30:00,27,120,1.1428571428571428,0.0,1.422554816274352,0.0848,1.5435,6.0,-10,21.01591710158113,,4000.0,0.0,0.0,0.0,48.57976153773031,optimal
2021-02-07 01:00:00,27,120,0.232072089806046,0.0,0.0,0.3086333333333333,5.0715,6.0,-10,21.031894329990543,,812.2523143211612,0.0,0.0,0.0,48.53118177619257,optimal
2021-02-07 01:30:00,27,120,0.0,0.0,0.0,0.0660999999999999,5.376,6.0,-10,21.01153420431104,,0.0,0.0,0.0,0.0,48.48265059441637,optimal
2021-02-07 02:00:00,27,120,1.1428571428571428,0.0,0.0,0.1085999999999999,5.0715,6.0,-10,20.978265554924203,,4000.0,0.0,0.0,0.0,48.434167943821954,optimal
2021-02-07 02:30:00,27,120,0.0,0.0,0.0,0.2899333333333333,5.5125,6.0,-10,20.99421085708828,,0.0,0.0,0.0,0.0,48.38573377587813,optimal
2021-02-07 03:00:00,27,120,0.0,0.0,0.0,0.061,9.261,6.0,-10,20.96340598238996,,0.0,0.0,0.0,0.0,48.33734804210225,optimal
2021-02-07 03:30:00,27,120,0.0,0.0,0.0,0.1715,11.7075,6.0,-10,20.92967497956268,,0.0,0.0,0.0,0.0,48.28901069406015,optimal
2021-02-07 04:00:00,27,120,0.0,0.0,0.0,0.2270333333333333,12.348,6.0,-10,20.89725787135268,,0.0,0.0,0.0,0.0,48.24072168336608,optimal
2021-02-07 04:30:00,27,120,0.0,0.0,0.0,0.061,12.348,6.0,-10,20.86548243008176,,0.0,0.0,0.0,0.0,48.19248096168271,optimal
2021-02-07 05:00:00,27,120,0.0,0.0,0.0,0.163,12.1275,6.0,-10,20.83174731056641,,0.0,0.0,0.0,0.0,48.144288480721016,optimal
2021-02-07 05:30:00,27,120,0.0,0.1548148148148148,0.0,0.2348666666666666,12.5265,6.0,-10,20.79932167205554,,0.0,0.0,0.0,139.33333333333331,48.096144192240295,optimal
2021-02-07 06:00:00,27,120,0.0,6.115185185185185,0.0,0.1273,11.7495,6.0,-10,20.768522095813363,,0.0,0.0,0.0,5503.666666666667,48.048048048048045,optimal
2021-02-07 06:30:00,27,120,0.0,0.4644444444444444,0.0,0.3445666666666667,13.23,6.0,-10,20.73805890262417,,0.0,0.0,0.0,418.0,48.0,optimal
2021-02-07 07:00:00,27,120,0.0,0.3096296296296296,0.0,0.2206666666666666,14.3325,6.0,-10,20.709850911717485,,0.0,0.0,0.0,278.66666666666663,47.58256945596649,optimal
2021-02-07 07:30:00,27,120,0.0,0.1548148148148148,0.0,0.1756,14.994,6.0,-10,20.67972688455041,,0.0,0.0,0.0,139.33333333333331,47.16555634247702,optimal
2021-02-07 08:00:00,27,120,0.0,0.1548148148148148,0.0,0.3207,14.8155,6.0,-10,20.650253207337443,,0.0,0.0,0.0,139.33333333333331,46.74896024210104,optimal
2021-02-07 08:30:00,27,120,0.0,0.0,0.0,0.0965,14.112,6.0,-10,20.618243476473744,,0.0,0.0,0.0,0.0,46.33278073782543,optimal
2021-02-07 09:00:00,27,120,0.0,0.0,0.0,0.2217333333333332,14.007,6.0,-10,20.581347069696605,,0.0,0.0,0.0,0.0,45.9170174130541,optimal
2021-02-07 09:30:00,27,120,0.0,0.0,0.0,0.1509,13.23,6.0,-10,20.546952052233696,,0.0,0.0,0.0,0.0,45.50166985160754,optimal
2021-02-07 10:00:00,27,120,0.0,0.0,0.0,0.1169,11.382,6.0,-10,20.511861437219338,,0.0,0.0,0.0,0.0,45.08673763772242,optimal
2021-02-07 10:30:00,27,120,0.0,0.0,0.0,0.0863,11.7495,6.0,-10,20.477753250264502,,0.0,0.0,0.0,0.0,44.67222035605119,optimal
2021-02-07 11:00:00,27,120,0.0,0.0,0.0,0.2211666666666666,24.3285,6.0,-10,20.443141648945428,,0.0,0.0,0.0,0.0,44.25811759166164,optimal
2021-02-07 11:30:00,27,120,0.0,0.0,0.0,0.1820666666666666,28.917,6.0,-10,20.41169141467184,,0.0,0.0,0.0,0.0,43.84442893003647,optimal
2021-02-07 12:00:00,27,120,0.0,0.0,0.0,0.173,31.3635,6.0,-10,20.379827202844428,,0.0,0.0,0.0,0.0,43.43115395707293,optimal
2021-02-07 12:30:00,27,120,0.0,0.0,0.0,0.1106666666666666,33.306,6.0,-10,20.349046698950104,,0.0,0.0,0.0,0.0,43.01829225908235,optimal
2021-02-07 13:00:00,27,120,0.0,0.0,0.0,0.2586666666666667,31.3425,6.0,-10,20.31756785327835,,0.0,0.0,0.0,0.0,42.60584342278976,optimal
2021-02-07 13:30:00,27,120,0.0,0.3096296296296296,0.0,0.1085,28.2555,6.0,-10,20.28751729149852,,0.0,0.0,0.0,278.66666666666663,42.19380703533346,optimal
2021-02-07 14:00:00,27,120,0.0,0.0,0.0,0.8357,15.6975,6.0,-10,20.25698992275101,,0.0,0.0,0.0,0.0,41.78218268426463,optimal
2021-02-07 14:30:00,27,120,0.0,0.0,0.0,1.5037333333333331,12.5475,6.0,-10,20.234209970648827,,0.0,0.0,0.0,0.0,41.370969957546855,optimal
2021-02-07 15:00:00,27,120,0.0,0.0774074074074074,0.0,0.0945,12.0855,6.0,-10,20.21604360502952,,0.0,0.0,0.0,69.66666666666666,40.9601684435558,optimal
2021-02-07 15:30:00,27,120,0.0,0.1548148148148148,0.0,0.1455,11.907,6.0,-10,20.18792940197163,,0.0,0.0,0.0,139.33333333333331,40.54977773107874,optimal
2021-02-07 16:00:00,27,120,0.0,0.0,0.0,0.1686,12.5685,6.0,-10,20.161346489677392,,0.0,0.0,0.0,0.0,40.13979740931416,optimal
2021-02-07 16:30:00,27,120,0.0,0.1548148148148148,0.0,0.2614666666666666,13.146,6.0,-10,20.13352072464824,,0.0,0.0,0.0,139.33333333333331,39.73022706787133,optimal
2021-02-07 17:00:00,27,120,0.0,0.1548148148148148,0.0,0.6081333333333333,10.584,6.0,-10,20.10743994325377,,0.0,0.0,0.0,139.33333333333331,39.32106629676996,optimal
2021-02-07 17:30:00,27,120,0.0,0.0,0.0,0.5519333333333333,6.678,6.0,-10,20.083895347893808,,0.0,0.0,0.0,0.0,38.91231468643968,optimal
2021-02-07 18:00:00,27,120,0.0,0.0,0.0,0.3227666666666666,7.938,6.0,-10,20.059982753164643,,0.0,0.0,0.0,0.0,38.50397182771973,optimal
2021-02-07 18:30:00,27,120,1.1428571428571428,0.3096296296296296,0.0,0.5025,5.292,6.0,-10,20.03445761477636,,4000.0,0.0,0.0,278.66666666666663,38.46546785589201,optimal
2021-02-07 19:00:00,27,120,0.0,0.3096296296296296,0.0,0.3856333333333333,9.261,6.0,-10,20.06057169553824,,0.0,0.0,0.0,278.66666666666663,38.42700238803612,optimal
2021-02-07 19:30:00,27,120,0.0,1.433585185185185,0.0,0.2422,10.3635,6.0,-10,20.03813045508809,,0.0,0.0,0.0,1290.2266666666667,38.38857538564808,optimal
2021-02-07 20:00:00,27,120,0.0,0.6564148148148148,0.0,0.9384333333333332,8.274,6.0,-10,20.01574710638538,,0.0,0.0,0.0,590.7733333333333,38.35018681026244,optimal
2021-02-07 20:30:00,27,120,0.0,0.1548148148148148,0.0,1.4044666666666668,7.7175,6.0,-10,20.0,,0.0,0.0,0.0,139.33333333333331,38.31183662345217,optimal
2021-02-07 21:00:00,27,120,0.0,0.0,0.0,0.4983999999999999,6.615,6.0,-10,19.987590717103902,,0.0,0.0,0.0,0.0,38.27352478682872,optimal
2021-02-07 21:30:00,27,120,0.0,0.0,0.0,0.3401333333333333,6.174,6.0,-10,19.964278384344755,,0.0,0.0,0.0,0.0,38.23525126204189,optimal
2021-02-07 22:00:00,27,120,0.0,0.2322222222222222,0.0,0.1840666666666666,3.906,6.0,-10,19.93828626741409,,0.0,0.0,0.0,209.0,38.19701601077985,optimal
2021-02-07 22:30:00,27,120,0.0,0.0,0.0,0.3407333333333333,2.3415,6.0,-10,19.910785529399547,,0.0,0.0,0.0,0.0,38.15881899476907,optimal
2021-02-07 23:00:00,27,120,0.0,0.0,0.0,0.2648,2.205,6.0,-10,19.884166494432137,,0.0,0.0,0.0,0.0,38.120660175774304,optimal
2021-02-07 23:30:00,27,120,0.0,0.0,0.0,0.1216666666666666,0.882,6.0,-10,19.85374655213326,,0.0,0.0,0.0,0.0,38.08253951559853,optimal
2021-02-08 00:00:00,27,120,1.1428571428571428,0.2322222222222222,0.0,0.1671666666666666,7.938,6.0,-1,19.85374655213326,,4000.0,0.0,0.0,209.0,38.04445697608293,optimal
2021-02-08 00:30:00,27,120,1.1428571428571428,0.0,0.0,0.2732333333333333,8.6835,6.0,-1,19.873006054733786,,4000.0,0.0,0.0,0.0,38.00641251910685,optimal
2021-02-08 01:00:00,27,120,1.1428571428571428,0.0,0.0,0.058,7.665,6.0,-1,19.89425086137014,,4000.0,0.0,0.0,0.0,37.96840610658774,optimal
2021-02-08 01:30:00,27,120,1.1428571428571428,0.0,3.2895817392879456,0.1878,6.7725,6.0,-1,19.909340042931195,,4000.0,0.0,0.0,0.0,39.49298902664293,optimal
2021-02-08 02:00:00,27,120,1.1428571428571428,0.0,5.0,0.0653333333333333,5.5755,6.0,-1,19.9258814492494,,4000.0,0.0,0.0,0.0,41.82849603761628,optimal
2021-02-08 02:30:00,27,120,1.1428571428571428,0.0,5.0,0.1105333333333333,5.0925,6.0,-1,19.940709664895504,,4000.0,0.0,0.0,0.0,44.161667541578666,optimal
2021-02-08 03:00:00,27,120,1.1428571428571428,0.0,5.0,0.1406,4.1895,6.0,-1,19.95618261741547,,4000.0,0.0,0.0,0.0,46.49250587403708,optimal
2021-02-08 03:30:00,27,120,1.1428571428571428,0.0,0.0,0.058,7.056,6.0,-1,19.972155276927808,,4000.0,0.0,0.0,0.0,46.44601336816304,optimal
2021-02-08 04:00:00,27,120,1.1428571428571428,0.0,5.0,0.0643333333333333,5.271,6.0,-1,19.986990879944774,,4000.0,0.0,0.0,0.0,48.77456735479488,optimal
2021-02-08 04:30:00,27,120,1.1428571428571428,0.0,0.0,0.1816666666666666,7.938,6.0,-1,20.001697942303103,,4000.0,0.0,0.0,0.0,48.72579278744007,optimal
2021-02-08 05:00:00,27,120,1.1428571428571428,0.0,0.0,0.0698,7.938,6.0,-1,20.01761510720075,,4000.0,0.0,0.0,0.0,48.67706699465263,optimal
2021-02-08 05:30:00,27,120,1.1428571428571428,0.0,0.0,0.0993,11.907,6.0,-1,20.032008694181304,,4000.0,0.0,0.0,0.0,48.62838992765797,optimal
2021-02-08 06:00:00,27,120,1.1428571428571428,0.0,0.0,0.1465,11.025,6.0,-1,20.04663399595308,,4000.0,0.0,0.0,0.0,48.57976153773031,optimal
2021-02-08 06:30:00,27,120,1.1428571428571428,0.0,0.0,0.058,11.2875,6.0,-1,20.06170618060208,,4000.0,0.0,0.0,0.0,48.53118177619257,optimal
2021-02-08 07:00:00,27,120,1.1428571428571428,0.0,0.0,0.1951333333333333,12.936,6.0,-1,20.07557121817868,,4000.0,0.0,0.0,0.0,48.48265059441637,optimal
2021-02-08 07:30:00,27,120,1.1428571428571428,0.0,0.0,0.068,13.0095,6.0,-1,20.090890907454824,,4000.0,0.0,0.0,0.0,48.434167943821954,optimal
2021-02-08 08:00:00,27,120,0.0,0.0,0.0,0.1308,13.671,6.0,-1,20.104797212618912,,0.0,0.0,0.0,0.0,48.38573377587813,optimal
2021-02-08 08:30:00,27,120,1.1428571428571428,0.0,0.0,0.117,13.188,6.0,-1,20.07103965488121,,4000.0,0.0,0.0,0.0,48.33734804210225,optimal
2021-02-08 09:00:00,27,120,0.0,0.0,0.0,0.3271,13.8495,6.0,-1,20.08573638860553,,0.0,0.0,0.0,0.0,48.28901069406015,optimal
2021-02-08 09:30:00,27,120,1.1428571428571428,0.4644444444444444,0.0,0.2511,13.23,6.0,-1,20.05677964890196,,4000.0,0.0,0.0,418.0,48.24072168336608,optimal
2021-02-08 10:00:00,27,120,0.4338914342400339,0.0774074074074074,0.0,0.1614333333333333,13.3665,6.0,-1,20.07801972911728,,1518.6200198401189,0.0,0.0,69.66666666666666,48.19248096168271,optimal
2021-02-08 10:30:00,27,120,1.1428571428571428,0.387037037037037,0.0,0.086,13.0515,6.0,-1,20.070576772940925,,4000.0,0.0,0.0,348.3333333333333,48.144288480721016,optimal
2021-02-08 11:00:00,27,120,0.0,0.1548148148148148,0.0,0.3656999999999999,13.5345,6.0,-1,20.092417085515187,,0.0,0.0,0.0,139.33333333333331,48.096144192240295,optimal
2021-02-08 11:30:00,27,120,0.0,0.4644444444444444,0.0,0.4626666666666666,14.154,6.0,-1,20.072720715611265,,0.0,0.0,0.0,418.0,48.048048048048045,optimal
2021-02-08 12:00:00,27,120,0.0,0.0774074074074074,0.0,1.8346,14.112,6.0,-1,20.054083309727968,,0.0,0.0,0.0,69.66666666666666,48.0,optimal
2021-02-08 12:30:00,27,120,0.0,0.0,0.0,0.6470666666666667,14.2485,6.0,-1,20.038297834882304,,0.0,0.0,0.0,0.0,47.65281154872189,optimal
2021-02-08 13:00:00,27,120,1.1428571428571428,0.0,0.0,0.4501333333333333,12.789,6.0,-1,20.01891325414277,,4000.0,0.0,0.0,0.0,47.30597028589506,optimal
2021-02-08 13:30:00,27,120,1.1428571428571428,0.0,0.0,0.4431333333333333,13.0095,6.0,-1,20.047886536343807,,4000.0,0.0,0.0,0.0,46.95947586433106,optimal
2021-02-08 14:00:00,27,120,1.1428571428571428,0.3096296296296296,0.0,0.4722333333333333,12.1275,6.0,-1,20.076400368818987,,4000.0,0.0,0.0,278.66666666666663,46.61332793718862,optimal
2021-02-08 14:30:00,27,120,1.1428571428571428,0.0,0.0,0.7055333333333333,12.348,6.0,-1,20.10542348929048,,4000.0,0.0,0.0,0.0,46.26752615797333,optimal
2021-02-08 15:00:00,27,120,1.1428571428571428,0.0,0.0,1.8922,12.348,6.0,-1,20.133599924583628,,4000.0,0.0,0.0,0.0,45.92207018053725,optimal
2021-02-08 15:30:00,27,120,0.0,5.495925925925925,0.0,0.3005666666666666,25.389,6.0,-1,20.169688724252552,,0.0,0.0,0.0,4946.333333333333,45.57695965907861,optimal
2021-02-08 16:00:00,27,120,0.0,0.0774074074074074,0.0,0.2638333333333333,29.1375,6.0,-1,20.14627746422523,,0.0,0.0,0.0,69.66666666666666,45.23219424814142,optimal
2021-02-08 16:30:00,27,120,0.0,0.3096296296296296,0.0,0.2317333333333333,30.597,6.0,-1,20.121553853856927,,0.0,0.0,0.0,278.66666666666663,44.88777360261517,optimal
2021-02-08 17:00:00,27,120,0.0,0.5418518518518518,0.0,0.3158999999999999,33.684,6.0,-1,20.09679181755279,,0.0,0.0,0.0,487.6666666666667,44.84288582901255,optimal
2021-02-08 17:30:00,27,120,0.0,0.4644444444444444,0.0,0.38,32.445,6.0,-1,20.06941768539505,,0.0,0.0,0.0,418.0,44.79804294318354,optimal
2021-02-08 18:00:00,27,120,0.0,0.2322222222222222,0.0,0.4319666666666666,28.917,6.0,-1,20.04212891185017,,0.0,0.0,0.0,209.0,44.753244900240354,optimal
2021-02-08 18:30:00,27,120,0.0,0.774074074074074,0.0,2.200333333333333,15.876,6.0,-1,20.01455540334485,,0.0,0.0,0.0,696.6666666666666,44.70849165534011,optimal
2021-02-08 19:00:00,27,120,0.5906407398114117,0.1548148148148148,0.0,0.6901,12.348,6.0,-1,20.0,,2067.2425893399413,0.0,0.0,139.33333333333331,44.66378316368477,optimal
2021-02-08 19:30:00,27,120,1.1235933068212582,0.0774074074074074,0.0,0.3793333333333333,12.1275,6.0,-1,20.0,,3932.576573874404,0.0,0.0,69.66666666666666,44.61911938052109,optimal
2021-02-08 20:00:00,27,120,0.0,0.2322222222222222,0.0,0.6874333333333332,12.348,6.0,-1,20.02215029643236,,0.0,0.0,0.0,209.0,44.57450026114056,optimal
2021-02-08 20:30:00,27,120,0.0,0.0,0.0,0.4530333333333333,12.1275,6.0,-1,20.0,,0.0,0.0,0.0,0.0,44.52992576087942,optimal
2021-02-08 21:00:00,27,120,0.0,0.0,0.0,0.4587,12.1275,6.0,-1,19.974220551269426,,0.0,0.0,0.0,0.0,44.48539583511855,optimal
2021-02-08 21:30:00,27,120,0.0,0.0,0.0,0.5101666666666667,11.2665,6.0,-1,19.94817578690102,,0.0,0.0,0.0,0.0,44.44091043928343,optimal
2021-02-08 22:00:00,27,120,0.0,0.0,0.0,0.3671333333333333,10.143,6.0,-1,19.92110343755946,,0.0,0.0,0.0,0.0,44.39646952884414,optimal
2021-02-08 22:30:00,27,120,0.0,0.4644444444444444,0.0,0.1965,11.2455,6.0,-1,19.893804296134288,,0.0,0.0,0.0,418.0,44.3520730593153,optimal
2021-02-08 23:00:00,27,120,0.0,1.6255555555555554,0.0,0.5524,11.025,6.0,-1,19.86527480683376,,0.0,0.0,0.0,1463.0,44.30772098625599,optimal
2021-02-08 23:30:00,27,120,0.0,0.2322222222222222,0.0,0.5555666666666668,5.9745,6.0,-1,19.840957231229943,,0.0,0.0,0.0,209.0,44.26341326526973,optimal
2021-02-09 00:00:00,27,120,0.0,0.0,0.0,0.0583333333333333,17.9025,6.0,10,19.840957231229943,,0.0,0.0,0.0,0.0,44.21914985200446,optimal
2021-02-09 00:30:00,27,120,0.4779283905590199,0.0,0.0,0.1954,15.6555,6.0,10,19.805898281258543,,1672.7493669565697,0.0,0.0,0.0,44.17493070215246,optimal
2021-02-09 01:00:00,27,120,1.1428571428571428,0.0,0.0,0.059,14.553,6.0,10,19.79279993689841,,4000.0,0.0,0.0,0.0,44.1307557714503,optimal
2021-02-09 01:30:00,27,120,1.1428571428571428,0.0,0.0,0.1396,14.3325,6.0,10,19.80651638334872,,4000.0,0.0,0.0,0.0,44.086625015678855,optimal
2021-02-09 02:00:00,27,120,1.1428571428571428,0.0,0.0,0.1148,13.335,6.0,10,19.82098927665987,,4000.0,0.0,0.0,0.0,44.042538390663175,optimal
2021-02-09 02:30:00,27,120,1.1428571428571428,0.0,0.0,0.059,12.1275,6.0,10,19.834933098152018,,4000.0,0.0,0.0,0.0,43.99849585227251,optimal
2021-02-09 03:00:00,27,120,1.1428571428571428,0.0,0.0,0.1458,12.2955,6.0,10,19.848268628532388,,4000.0,0.0,0.0,0.0,43.95449735642024,optimal
2021-02-09 03:30:00,27,120,1.1428571428571428,0.0,0.0,0.1085999999999999,11.6865,6.0,10,19.86273427592088,,4000.0,0.0,0.0,0.0,43.910542859063824,optimal
2021-02-09 04:00:00,27,120,1.1428571428571428,0.0,0.0,0.059,11.466,6.0,10,19.876916317372093,,4000.0,0.0,0.0,0.0,43.86663231620476,optimal
2021-02-09 04:30:00,27,120,1.1428571428571428,0.0,4.194395579824797,0.1706,10.8045,6.0,10,19.890664254096578,,4000.0,0.0,0.0,0.0,45.81510358430533,optimal
2021-02-09 05:00:00,27,120,1.1428571428571428,0.0,5.0,0.0838,10.584,6.0,10,19.905546227890568,,4000.0,0.0,0.0,0.0,48.144288480721016,optimal
2021-02-09 05:30:00,27,120,1.1428571428571428,0.0,0.0,0.059,11.2455,6.0,10,19.919143013557555,,4000.0,0.0,0.0,0.0,48.096144192240295,optimal
2021-02-09 06:00:00,27,120,1.1428571428571428,0.0,0.0,0.1891999999999999,12.1275,6.0,10,19.932410720630152,,4000.0,0.0,0.0,0.0,48.048048048048045,optimal
2021-02-09 06:30:00,27,120,1.1428571428571428,0.0,0.0,0.4713666666666666,11.823,6.0,10,19.94723826472793,,4000.0,0.0,0.0,0.0,48.0,optimal
2021-02-09 07:00:00,27,120,1.1428571428571428,0.3096296296296296,0.0,1.7955,11.7705,6.0,10,19.963992039369103,,4000.0,0.0,0.0,278.66666666666663,47.82623127521649,optimal
2021-02-09 07:30:00,27,120,1.1428571428571428,3.251111111111111,0.0,1.8389,11.13,6.0,10,19.980890212686177,,4000.0,0.0,0.0,2926.0,47.65263631915777,optimal
2021-02-09 08:00:00,27,120,1.1428571428571428,4.102592592592593,0.0,0.182,11.6865,6.0,10,20.0,,4000.0,0.0,0.0,3692.3333333333335,47.47921495805511,optimal
2021-02-09 08:30:00,27,120,1.1428571428571428,0.387037037037037,0.0,2.0414333333333325,10.7205,6.0,10,20.015893062106947,,4000.0,0.0,0.0,348.3333333333333,47.30596701831355,optimal
2021-02-09 09:00:00,27,120,1.1428571428571428,2.786666666666666,0.0,1.6150666666666669,11.424,6.0,10,20.03626221746853,,4000.0,0.0,0.0,2508.0,47.13289232651174,optimal
2021-02-09 09:30:00,27,120,1.1428571428571428,0.6966666666666667,0.0,0.5144333333333333,10.689,6.0,10,20.057151081040864,,4000.0,0.0,0.0,627.0,46.95999070940172,optimal
2021-02-09 10:00:00,27,120,1.1428571428571428,0.0,0.0,0.5212,11.361,6.0,10,20.07574709852996,,4000.0,0.0,0.0,0.0,46.787261993908814,optimal
2021-02-09 10:30:00,27,120,1.1428571428571428,0.387037037037037,0.0,0.1519333333333333,11.571,6.0,10,20.099735473685875,,4000.0,0.0,0.0,348.3333333333333,46.6147060071314,optimal
2021-02-09 11:00:00,27,120,0.0,0.4644444444444444,0.0,0.2776666666666667,14.3745,6.0,10,20.11865008098762,,0.0,0.0,0.0,418.0,46.44232257634077,optimal
2021-02-09 11:30:00,27,120,1.1428571428571428,0.2322222222222222,0.0,1.8231,13.23,6.0,10,20.091588522399512,,4000.0,0.0,0.0,209.0,46.27011152898092,optimal
2021-02-09 12:00:00,27,120,1.1428571428571428,0.387037037037037,0.0,0.7102333333333334,13.9755,6.0,10,20.11688636294929,,4000.0,0.0,0.0,348.3333333333333,46.09807269266843,optimal
2021-02-09 12:30:00,27,120,0.0,0.1548148148148148,0.0,0.2529333333333333,14.994,6.0,10,20.147818534216626,,0.0,0.0,0.0,139.33333333333331,45.92620589519226,optimal
2021-02-09 13:00:00,27,120,1.1428571428571428,0.0,0.0,0.2145,13.671,6.0,10,20.12428989389005,,4000.0,0.0,0.0,0.0,45.75451096451357,optimal
2021-02-09 13:30:00,27,120,0.0,0.0,0.0,1.0082,15.981,6.0,10,20.14942233263894,,0.0,0.0,0.0,0.0,45.582987728765545,optimal
2021-02-09 14:00:00,27,120,0.0,0.0774074074074074,0.0,1.4025333333333334,15.6345,6.0,10,20.12767069327376,,0.0,0.0,0.0,69.66666666666666,45.41163601625328,optimal
2021-02-09 14:30:00,27,120,0.0,0.0,0.0,0.319,16.5375,6.0,10,20.106280178443185,,0.0,0.0,0.0,0.0,45.24045565545352,optimal
2021-02-09 15:00:00,27,120,0.0,0.0,0.0,0.2806666666666667,14.7735,6.0,10,20.083403142492795,,0.0,0.0,0.0,0.0,45.06944647501456,optimal
2021-02-09 15:30:00,27,120,0.0,0.1548148148148148,0.0,1.7474,15.2145,6.0,10,20.05803319594848,,0.0,0.0,0.0,139.33333333333331,44.89860830375604,optimal
2021-02-09 16:00:00,27,120,0.0,0.0,0.0,1.6796333333333335,14.553,6.0,10,20.03544523434815,,0.0,0.0,0.0,0.0,44.72794097066878,optimal
2021-02-09 16:30:00,27,120,1.1428571428571428,0.0,0.0,1.4440333333333333,14.3325,6.0,10,20.01243556636802,,4000.0,0.0,0.0,0.0,44.55744430491461,optimal
2021-02-09 17:00:00,27,120,0.2375320773638802,0.1548148148148148,0.0,1.4293666666666665,14.595,6.0,10,20.041319397900605,,831.3622707735807,0.0,0.0,139.33333333333331,44.38711813582619,optimal
2021-02-09 17:30:00,27,120,0.0,0.0774074074074074,0.0,0.4005,14.994,6.0,10,20.02938681140761,,0.0,0.0,0.0,69.66666666666666,44.216962292906864,optimal
2021-02-09 18:00:00,27,120,0.6501205298123337,0.2322222222222222,0.0,2.1279,14.3325,6.0,10,20.0,,2275.421854343168,0.0,0.0,209.0,44.04697660583045,optimal
2021-02-09 18:30:00,27,120,0.6502547105271617,0.0,0.0,1.927,13.8915,6.0,10,20.0,,2275.891486845066,0.0,0.0,0.0,43.87716090444112,optimal
2021-02-09 19:00:00,27,120,0.7136727007657157,0.1548148148148148,0.0,0.1779,13.8915,6.0,10,20.0,,2497.8544526800047,0.0,0.0,139.33333333333331,43.70751501875317,optimal
2021-02-09 19:30:00,27,120,0.6789584150514081,0.4644444444444444,0.0,0.3223999999999999,13.4715,6.0,10,20.0,,2376.3544526799283,0.0,0.0,418.0,43.53803877895091,optimal
2021-02-09 20:00:00,27,120,0.6329774626704329,0.0774074074074074,0.0,0.2096666666666666,13.23,6.0,10,20.0,,2215.421119346515,0.0,0.0,69.66666666666666,43.494500740171965,optimal
2021-02-09 20:30:00,27,120,0.0,0.0,0.0,0.393,13.8915,6.0,10,20.0,,0.0,0.0,0.0,0.0,43.45100623943179,optimal
2021-02-09 21:00:00,27,120,0.0,0.2322222222222222,0.0,2.2397,26.9325,6.0,10,19.97453855519761,,0.0,0.0,0.0,209.0,43.40755523319236,optimal
2021-02-09 21:30:00,27,120,0.0,0.0,0.0,2.341833333333333,30.303,6.0,10,19.9513783900912,,0.0,0.0,0.0,0.0,43.36414767795917,optimal
2021-02-09 22:00:00,27,120,0.0,0.2322222222222222,0.0,1.643,32.886,6.0,10,19.923409500390868,,0.0,0.0,0.0,209.0,43.3207835302812,optimal
2021-02-09 22:30:00,27,120,0.0,0.1548148148148148,0.0,1.8479666666666668,34.9965,6.0,10,19.89612794100789,,0.0,0.0,0.0,139.33333333333331,43.27746274675092,optimal
2021-02-09 23:00:00,27,120,0.0,0.0,0.0,0.162,33.327,6.0,10,19.86849057826647,,0.0,0.0,0.0,0.0,43.23418528400417,optimal
2021-02-09 23:30:00,27,120,0.0,0.0,0.0,0.1104,31.122,6.0,10,19.8344605482646,,0.0,0.0,0.0,0.0,43.19095109872016,optimal
2021-02-10 00:00:00,27,120,1.1428571428571428,0.0,0.0,0.13,13.3665,6.0,4,19.8344605482646,,4000.0,0.0,0.0,0.0,43.14776014762144,optimal
2021-02-10 00:30:00,27,120,1.1428571428571428,0.3096296296296296,0.0,0.1772,12.789,6.0,4,19.84530437282567,,4000.0,0.0,0.0,278.66666666666663,43.10461238747382,optimal
2021-02-10 01:00:00,27,120,1.1428571428571428,0.0,0.0,0.3040666666666666,11.907,6.0,4,19.859370766655303,,4000.0,0.0,0.0,0.0,43.06150777508635,optimal
2021-02-10 01:30:00,27,120,1.1428571428571428,0.0,0.0,0.2556,11.7075,6.0,4,19.875034713470257,,4000.0,0.0,0.0,0.0,43.01844626731126,optimal
2021-02-10 02:00:00,27,120,1.1428571428571428,0.0,0.0,0.2806,10.8045,6.0,4,19.89038244852482,,4000.0,0.0,0.0,0.0,42.97542782104395,optimal
2021-02-10 02:30:00,27,120,1.1428571428571428,0.0,0.0,0.1474,11.508,6.0,4,19.90571956338753,,4000.0,0.0,0.0,0.0,42.93245239322291,optimal
2021-02-10 03:00:00,27,120,1.1428571428571428,0.0,0.0,0.2205,11.508,6.0,4,19.91989371961368,,4000.0,0.0,0.0,0.0,42.889519940829686,optimal
2021-02-10 03:30:00,27,120,1.1428571428571428,0.1548148148148148,0.0,0.0951666666666666,11.508,6.0,4,19.93527547036568,,4000.0,0.0,0.0,139.33333333333331,42.84663042088886,optimal
2021-02-10 04:00:00,27,120,1.1428571428571428,0.4644444444444444,0.0,0.1657333333333333,11.844,6.0,4,19.947895850555952,,4000.0,0.0,0.0,418.0,42.80378379046797,optimal
2021-02-10 04:30:00,27,120,1.1428571428571428,0.0774074074074074,0.0,0.6105333333333333,11.508,6.0,4,19.96084937094011,,4000.0,0.0,0.0,69.66666666666666,42.7609800066775,optimal
2021-02-10 05:00:00,27,120,1.1428571428571428,0.6192592592592592,0.0,0.217,11.508,6.0,4,19.97981793791563,,4000.0,0.0,0.0,557.3333333333333,42.71821902667082,optimal
2021-02-10 05:30:00,27,120,1.1428571428571428,0.3096296296296296,5.0,0.2843333333333333,10.4475,6.0,4,19.994355449298464,,4000.0,0.0,0.0,278.66666666666663,45.05050080764416,optimal
2021-02-10 06:00:00,27,120,1.1428571428571428,0.0,1.6030753610676574,0.3374666666666666,10.8675,6.0,4,20.008513603574627,,4000.0,0.0,0.0,0.0,45.76691110334364,optimal
2021-02-10 06:30:00,27,120,1.1428571428571428,0.8514814814814814,5.0,0.179,10.542,6.0,4,20.02322632033481,,4000.0,0.0,0.0,766.3333333333333,48.096144192240295,optimal
2021-02-10 07:00:00,27,120,1.1428571428571428,0.387037037037037,0.0,0.5928666666666667,11.025,6.0,4,20.036782369643426,,4000.0,0.0,0.0,348.3333333333333,48.048048048048045,optimal
2021-02-10 07:30:00,27,120,1.1428571428571428,0.0,0.0,0.6876,11.025,6.0,4,20.050941956794407,,4000.0,0.0,0.0,0.0,48.0,optimal
2021-02-10 08:00:00,27,120,1.1428571428571428,0.0,0.0,0.051,14.553,6.0,4,20.064183303377,,4000.0,0.0,0.0,0.0,47.42929084753696,optimal
2021-02-10 08:30:00,27,120,1.1428571428571428,0.0,0.0,0.2516,13.0935,6.0,4,20.07268262949673,,4000.0,0.0,0.0,0.0,46.85915240422639,optimal
2021-02-10 09:00:00,27,120,1.1428571428571428,0.0,0.0,0.1142,15.6345,6.0,4,20.08400539579226,,4000.0,0.0,0.0,0.0,46.289584099359125,optimal
2021-02-10 09:30:00,27,120,0.0,0.0,0.0,0.051,18.102,6.0,4,20.09590258191218,,0.0,0.0,0.0,0.0,45.720585362796726,optimal
2021-02-10 10:00:00,27,120,1.1428571428571428,0.0,0.0,0.2094666666666666,17.199,6.0,4,20.05867339667492,,4000.0,0.0,0.0,0.0,45.152155624970895,optimal
2021-02-10 10:30:00,27,120,0.0,0.0,0.0,0.164,18.2805,6.0,4,20.07561191308848,,0.0,0.0,0.0,0.0,44.58429431688289,optimal
2021-02-10 11:00:00,27,120,0.3664605803035078,0.0,0.0,0.051,17.4615,6.0,4,20.04343757083608,,1282.6120310622773,0.0,0.0,0.0,44.01700087010297,optimal
2021-02-10 11:30:00,27,120,0.0,0.0,0.0,0.2726666666666666,18.3225,6.0,4,20.02806682082432,,0.0,0.0,0.0,0.0,43.45027471676983,optimal
2021-02-10 12:00:00,27,120,0.6399351767766092,0.0,0.0,0.0931333333333333,17.094,6.0,4,20.0,,2239.773118718132,0.0,0.0,0.0,42.88411528959002,optimal
2021-02-10 12:30:00,27,120,1.1428571428571428,0.0,0.0,0.5554,17.094,6.0,4,20.0,,4000.0,0.0,0.0,0.0,42.3185220218374,optimal
2021-02-10 13:00:00,27,120,1.1428571428571428,0.0,0.0,2.0245,17.094,6.0,4,20.02410674825953,,4000.0,0.0,0.0,0.0,41.75349434735252,optimal
2021-02-10 13:30:00,27,120,0.0,0.0,0.0,0.051,17.3565,6.0,4,20.06031269347116,,0.0,0.0,0.0,0.0,41.18903170054213,optimal
2021-02-10 14:00:00,27,120,1.1428571428571428,0.0,0.0,0.1779333333333333,17.115,6.0,4,20.032338269370623,,4000.0,0.0,0.0,0.0,40.62513351637856,optimal
2021-02-10 14:30:00,27,120,0.6568605548853671,0.0,0.0,0.1878666666666666,17.241,6.0,4,20.05473608375917,,2299.011942098785,0.0,0.0,0.0,40.06179923039914,optimal
2021-02-10 15:00:00,27,120,1.1428571428571428,0.0,0.0,0.0783,17.094,6.0,4,20.056488483998184,,4000.0,0.0,0.0,0.0,39.4990282787057,optimal
2021-02-10 15:30:00,27,120,1.1428571428571428,0.0,0.0,0.3814333333333333,16.5165,6.0,4,20.075588355643543,,4000.0,0.0,0.0,0.0,38.93682009796396,optimal
2021-02-10 16:00:00,27,120,0.0,0.0,0.0,0.5179333333333332,17.8185,6.0,4,20.10017203036135,,0.0,0.0,0.0,0.0,38.37517412540296,optimal
2021-02-10 16:30:00,27,120,1.1428571428571428,0.2322222222222222,0.0,0.3198666666666667,17.094,6.0,4,20.08286416735364,,4000.0,0.0,0.0,209.0,37.814089798814514,optimal
2021-02-10 17:00:00,27,120,1.1428571428571428,0.0,0.0,0.574,16.8945,6.0,4,20.11138061750796,,4000.0,0.0,0.0,0.0,37.25356655655266,optimal
2021-02-10 17:30:00,27,120,0.0,0.5418518518518518,0.0,0.334,18.123,6.0,4,20.13400757063325,,0.0,0.0,0.0,487.6666666666667,37.21631298999611,optimal
2021-02-10 18:00:00,27,120,0.0,0.1548148148148148,0.0,0.4152,31.647,6.0,4,20.107906629472684,,0.0,0.0,0.0,139.33333333333331,37.17909667700612,optimal
2021-02-10 18:30:00,27,120,0.0,0.1548148148148148,0.0,0.3848,34.9965,6.0,4,20.0875015604142,,0.0,0.0,0.0,139.33333333333331,37.14191758032911,optimal
2021-02-10 19:00:00,27,120,0.0,0.387037037037037,0.0,0.4703333333333333,34.9965,6.0,4,20.067303077033536,,0.0,0.0,0.0,348.3333333333333,37.10477566274878,optimal
2021-02-10 19:30:00,27,120,0.0,0.0774074074074074,0.0,0.4891333333333333,34.9965,6.0,4,20.04624968766632,,0.0,0.0,0.0,69.66666666666666,37.06767088708603,optimal
2021-02-10 20:00:00,27,120,0.0,0.0774074074074074,0.0,0.2900333333333333,34.9965,6.0,4,20.024160487323364,,0.0,0.0,0.0,69.66666666666666,37.03060321619895,optimal
2021-02-10 20:30:00,27,120,0.0,0.0,0.0,0.5906333333333333,34.9965,6.0,4,20.0,,0.0,0.0,0.0,0.0,36.993572612982746,optimal
2021-02-10 21:00:00,27,120,0.0,0.0,0.0,0.3173666666666667,27.741,6.0,4,19.98055848374901,,0.0,0.0,0.0,0.0,36.95657904036976,optimal
2021-02-10 21:30:00,27,120,0.0,0.2322222222222222,0.0,0.4518,19.026,6.0,4,19.95725143151436,,0.0,0.0,0.0,209.0,36.91962246132939,optimal
2021-02-10 22:00:00,27,120,0.0,0.0,0.0,0.3172,18.7215,6.0,4,19.930938008615765,,0.0,0.0,0.0,0.0,36.88270283886806,optimal
2021-02-10 22:30:00,27,120,0.0,0.5062444444444444,0.0,0.2935333333333333,17.4195,6.0,4,19.894560040611367,,0.0,0.0,0.0,455.62,36.8458201360292,optimal
2021-02-10 23:00:00,27,120,0.0,0.0,0.0,0.1718666666666666,16.758,6.0,4,19.85695451884682,,0.0,0.0,0.0,0.0,36.80897431589317,optimal
2021-02-10 23:30:00,27,120,0.0,0.0,0.0,0.2025333333333333,14.217,6.0,4,19.813957515640134,,0.0,0.0,0.0,0.0,36.77216534157727,optimal
2021-02-11 00:00:00,27,120,0.0,0.0,0.0,0.0729333333333333,30.4815,6.0,11,19.813957515640134,,0.0,0.0,0.0,0.0,36.735393176235696,optimal
2021-02-11 00:30:00,27,120,1.1428571428571428,0.0,0.0,0.2556333333333333,21.4305,6.0,11,19.76918325675457,,4000.0,0.0,0.0,0.0,36.69865778305946,optimal
2021-02-11 01:00:00,27,120,1.1428571428571428,0.0,0.0,0.3450666666666667,14.3325,6.0,11,19.776284590811905,,4000.0,0.0,0.0,0.0,36.6619591252764,optimal
2021-02-11 01:30:00,27,120,1.1428571428571428,0.1548148148148148,0.0,0.2697333333333332,13.692,6.0,11,19.784464692385367,,4000.0,0.0,0.0,139.33333333333331,36.62529716615112,optimal
2021-02-11 02:00:00,27,120,1.1428571428571428,0.0,0.0,0.3603,14.007,6.0,11,19.79157277331335,,4000.0,0.0,0.0,0.0,36.58867186898497,optimal
2021-02-11 02:30:00,27,120,1.1428571428571428,0.5418518518518518,0.0,0.6575,12.873,6.0,11,19.79937211969706,,4000.0,0.0,0.0,487.6666666666667,36.552083197115984,optimal
2021-02-11 03:00:00,27,120,1.1428571428571428,0.1548148148148148,0.0,0.4664666666666666,12.684,6.0,11,19.811199639012667,,4000.0,0.0,0.0,139.33333333333331,36.51553111391887,optimal
2021-02-11 03:30:00,27,120,1.1428571428571428,0.0,0.0,0.318,12.306,6.0,11,19.82088023693323,,4000.0,0.0,0.0,0.0,36.47901558280495,optimal
2021-02-11 04:00:00,27,120,1.1428571428571428,0.5418518518518518,5.0,0.4368333333333333,10.6365,6.0,11,19.8292367328459,,4000.0,0.0,0.0,487.6666666666667,38.81753656722214,optimal
2021-02-11 04:30:00,27,120,1.1428571428571428,0.0,5.0,0.1895,11.2455,6.0,11,19.839410329560167,,4000.0,0.0,0.0,0.0,41.15371903065492,optimal
2021-02-11 05:00:00,27,120,1.1428571428571428,0.1548148148148148,5.0,0.1749,11.2455,6.0,11,19.845580130243377,,4000.0,0.0,0.0,139.33333333333331,43.487565311624266,optimal
2021-02-11 05:30:00,27,120,1.1428571428571428,0.387037037037037,5.0,0.2795333333333333,11.025,6.0,11,19.85135273686284,,4000.0,0.0,0.0,348.3333333333333,45.81907774631264,optimal
2021-02-11 06:00:00,27,120,1.1428571428571428,0.0774074074074074,4.687876487228784,0.2081333333333333,12.0855,6.0,11,19.859538004575366,,4000.0,0.0,0.0,69.66666666666666,48.0,optimal
2021-02-11 06:30:00,27,120,1.1428571428571428,0.0,0.0,0.0603333333333333,11.6865,6.0,11,19.86580195142304,,4000.0,0.0,0.0,0.0,47.82163110803727,optimal
2021-02-11 07:00:00,27,120,1.1428571428571428,0.0,0.0,0.068,11.2245,6.0,11,19.870062297986408,,4000.0,0.0,0.0,0.0,47.64344058496651,optimal
2021-02-11 07:30:00,27,120,1.1428571428571428,10.816470623679232,0.0,0.2104666666666666,11.025,6.0,11,19.874809838860248,,4000.0,9734.823561311308,0.0,0.0,47.465428252418825,optimal
2021-02-11 08:00:00,27,120,1.1428571428571428,0.0,0.0,0.058,10.7835,6.0,11,20.0,,4000.0,0.0,0.0,0.0,47.28759393220368,optimal
2021-02-11 08:30:00,27,120,1.1428571428571428,0.0,0.0,0.0797,11.025,6.0,11,20.00478512935842,,4000.0,0.0,0.0,0.0,47.10993744630876,optimal
2021-02-11 09:00:00,27,120,1.1428571428571428,0.0,0.0,0.1904333333333333,10.584,6.0,11,20.009503379629507,,4000.0,0.0,0.0,0.0,46.93245861689972,optimal
2021-02-11 09:30:00,27,120,1.1428571428571428,0.0,0.0,0.058,11.025,6.0,11,20.01735988432899,,4000.0,0.0,0.0,0.0,46.7551572663201,optimal
2021-02-11 10:00:00,27,120,1.1428571428571428,0.0,0.0,0.058,10.4265,6.0,11,20.026952091378337,,4000.0,0.0,0.0,0.0,46.578033217091054,optimal
2021-02-11 10:30:00,27,120,1.1428571428571428,0.0,0.0,0.2024666666666666,12.789,6.0,11,20.04335104488957,,4000.0,0.0,0.0,0.0,46.40108629191124,optimal
2021-02-11 11:00:00,27,120,1.1428571428571428,0.0,0.0,0.058,12.684,6.0,11,20.060287891246343,,4000.0,0.0,0.0,0.0,46.22431631365661,optimal
2021-02-11 11:30:00,27,120,1.1428571428571428,0.0,0.0,0.1433666666666666,16.254,6.0,11,20.07705299296688,,4000.0,0.0,0.0,0.0,46.04772310538023,optimal
2021-02-11 12:00:00,27,120,1.1428571428571428,0.0,0.0,0.1171,17.64,6.0,11,20.09631174499908,,4000.0,0.0,0.0,0.0,45.87130649031212,optimal
2021-02-11 12:30:00,27,120,0.3170964024591576,0.0,0.0,0.0711333333333333,19.1625,6.0,11,20.11886428283197,,1109.8374086070517,0.0,0.0,0.0,45.695066291859085,optimal
2021-02-11 13:00:00,27,120,0.0,0.0,0.0,0.1893333333333333,26.46,6.0,11,20.106891840312954,,0.0,0.0,0.0,0.0,45.5190023336045,optimal
2021-02-11 13:30:00,27,120,0.0,0.0,0.0,0.058,20.79,6.0,11,20.08292340226671,,0.0,0.0,0.0,0.0,45.343114439308174,optimal
2021-02-11 14:00:00,27,120,0.0,0.0,0.0,0.2024666666666666,29.106,6.0,11,20.057600791697585,,0.0,0.0,0.0,0.0,45.167402432906144,optimal
2021-02-11 14:30:00,27,120,1.1428571428571428,0.0,0.0,0.058,19.1835,6.0,11,20.03454509522907,,4000.0,0.0,0.0,0.0,44.99186613851051,optimal
2021-02-11 15:00:00,27,120,0.0,0.0,0.0,0.058,19.6665,6.0,11,20.05781064152609,,0.0,0.0,0.0,0.0,44.81650538040928,optimal
2021-02-11 15:30:00,27,120,0.0,0.0,0.0,0.1654,19.404,6.0,11,20.029377129698386,,0.0,0.0,0.0,0.0,44.64131998306614,optimal
2021-02-11 16:00:00,27,120,1.1428571428571428,0.0,0.0,0.1074,19.047,6.0,11,20.0,,4000.0,0.0,0.0,0.0,44.46630977112035,optimal
2021-02-11 16:30:00,27,120,1.1428571428571428,0.0,0.0,0.068,18.858,6.0,11,20.013486936148016,,4000.0,0.0,0.0,0.0,44.29147456938651,optimal
2021-02-11 17:00:00,27,120,0.3843288600260381,0.0,0.0,0.2124666666666666,19.2675,6.0,11,20.02468284269885,,1345.1510100911337,0.0,0.0,0.0,44.1168142028544,optimal
2021-02-11 17:30:00,27,120,0.8500429311988404,0.0,0.0,0.4323,18.963,6.0,11,20.0,,2975.150259195941,0.0,0.0,0.0,43.94232849668882,optimal
2021-02-11 18:00:00,27,120,1.1428571428571428,0.2322222222222222,0.0,0.2976999999999999,18.438,6.0,11,20.0,,4000.0,0.0,0.0,209.0,43.76801727622941,optimal
2021-02-11 18:30:00,27,120,0.4883148953618034,0.3096296296296296,0.0,1.134,18.7425,6.0,11,20.009474630782336,,1709.102133766312,0.0,0.0,278.66666666666663,43.59388036699045,optimal
2021-02-11 19:00:00,27,120,1.1428571428571428,0.0,0.0,1.9082666666666668,15.2145,6.0,11,20.0,,4000.0,0.0,0.0,0.0,43.41991759466074,optimal
2021-02-11 19:30:00,27,120,0.6739451961135593,0.0,0.0,0.2903666666666666,17.7765,6.0,11,20.014419697759624,,2358.8081863974576,0.0,0.0,0.0,43.24612878510335,optimal
2021-02-11 20:00:00,27,120,1.10079321259755,0.0,0.0,0.1235666666666666,16.758,6.0,11,20.0,,3852.776244091425,0.0,0.0,0.0,43.07251376435552,optimal
2021-02-11 20:30:00,27,120,0.0,0.0774074074074074,0.0,0.1759333333333333,16.422,6.0,11,20.0,,0.0,0.0,0.0,69.66666666666666,42.89907235862844,optimal
2021-02-11 21:00:00,27,120,0.0,0.1548148148148148,0.0,0.162,16.758,6.0,11,19.95315723946427,,0.0,0.0,0.0,139.33333333333331,42.72580439430708,optimal
2021-02-11 21:30:00,27,120,0.0,0.0,0.0,0.1114,29.358,6.0,11,19.906419620158736,,0.0,0.0,0.0,0.0,42.683078589912775,optimal
2021-02-11 22:00:00,27,120,0.0,0.1548148148148148,0.0,0.2958,34.9965,6.0,11,19.8612888359004,,0.0,0.0,0.0,139.33333333333331,42.64039551132287,optimal
2021-02-11 22:30:00,27,120,0.0,0.0774074074074074,0.0,0.4554333333333333,34.65,6.0,11,19.81906683607573,,0.0,0.0,0.0,69.66666666666666,42.597755115811545,optimal
2021-02-11 23:00:00,27,120,0.0,0.0774074074074074,0.0,0.1474666666666666,34.9965,6.0,11,19.776735521979223,,0.0,0.0,0.0,69.66666666666666,42.55515736069573,optimal
2021-02-11 23:30:00,27,120,0.0,0.2322222222222222,0.0,0.2307666666666666,34.9965,6.0,11,19.72987170150665,,0.0,0.0,0.0,209.0,42.51260220333504,optimal
2021-02-12 00:00:00,27,120,0.0,0.0,0.0,0.0638666666666666,25.83,6.0,16,19.72987170150665,,0.0,0.0,0.0,0.0,42.4700896011317,optimal
2021-02-12 00:30:00,27,120,0.0,0.0,0.0,0.2044666666666666,28.035,6.0,16,19.679788547949272,,0.0,0.0,0.0,0.0,42.427619511530565,optimal
2021-02-12 01:00:00,27,120,0.0,0.0,0.0,0.1303333333333333,28.119,6.0,16,19.632169686291075,,0.0,0.0,0.0,0.0,42.38519189201904,optimal
2021-02-12 01:30:00,27,120,0.0,0.0,0.0,0.2009,30.156,6.0,16,19.58400606507806,,0.0,0.0,0.0,0.0,42.34280670012702,optimal
2021-02-12 02:00:00,27,120,0.0,2.012592592592592,0.0,0.1945666666666666,29.1585,6.0,16,19.536537392728224,,0.0,0.0,0.0,1811.333333333333,42.300463893426894,optimal
2021-02-12 02:30:00,27,120,0.0,1.935185185185185,0.0,0.3458333333333333,26.712,6.0,16,19.48991700722077,,0.0,0.0,0.0,1741.6666666666667,42.25816342953347,optimal
2021-02-12 03:00:00,27,120,1.1428571428571428,0.1548148148148148,0.0,0.253,15.435,6.0,16,19.446216435852484,,4000.0,0.0,0.0,139.33333333333331,42.21590526610393,optimal
2021-02-12 03:30:00,27,120,1.1428571428571428,0.0,0.0,0.1835333333333333,13.566,6.0,16,19.45024913672771,,4000.0,0.0,0.0,0.0,42.17368936083783,optimal
2021-02-12 04:00:00,27,120,1.1428571428571428,0.0,0.0,0.072,12.789,6.0,16,19.45514226262321,,4000.0,0.0,0.0,0.0,42.13151567147699,optimal
2021-02-12 04:30:00,27,120,1.1428571428571428,0.0,0.0,0.1573333333333333,12.1275,6.0,16,19.45884909834217,,4000.0,0.0,0.0,0.0,42.08938415580551,optimal
2021-02-12 05:00:00,27,120,1.1428571428571428,0.0,0.0,0.0933333333333333,13.671,6.0,16,19.46497593898484,,4000.0,0.0,0.0,0.0,42.0472947716497,optimal
2021-02-12 05:30:00,27,120,1.1428571428571428,0.0,0.0,0.072,10.668,6.0,16,19.471698756817048,,4000.0,0.0,0.0,0.0,42.00524747687805,optimal
2021-02-12 06:00:00,27,120,1.1428571428571428,0.0,0.0,0.12,11.7285,6.0,16,19.47973440654049,,4000.0,0.0,0.0,0.0,41.963242229401175,optimal
2021-02-12 06:30:00,27,120,1.1428571428571428,0.0,0.0,0.1306666666666666,11.025,6.0,16,19.489924927847326,,4000.0,0.0,0.0,0.0,41.921278987171775,optimal
2021-02-12 07:00:00,27,120,1.1428571428571428,10.48116897569084,3.072951520350372,0.0933333333333333,10.689,6.0,16,19.500423447085662,,4000.0,9433.052078121756,0.0,0.0,43.33900968035103,optimal
2021-02-12 07:30:00,27,120,1.1428571428571428,33.333333333333336,5.0,0.1573333333333333,8.1585,6.0,16,19.625561279272645,,4000.0,30000.0,0.0,0.0,45.670670670670674,optimal
2021-02-12 08:00:00,27,120,1.1428571428571428,0.2322222222222222,5.0,0.3054333333333333,10.3635,6.0,16,20.0,,4000.0,0.0,0.0,209.0,48.0,optimal
2021-02-12 08:30:00,27,120,1.1428571428571428,0.0,0.0,0.072,10.8045,6.0,16,20.010012302959183,,4000.0,0.0,0.0,0.0,47.43634063551029,optimal
2021-02-12 09:00:00,27,120,1.1428571428571428,0.0,0.0,0.1786666666666666,11.025,6.0,16,20.012025140743845,,4000.0,0.0,0.0,0.0,46.873244930385056,optimal
2021-02-12 09:30:00,27,120,1.1428571428571428,0.0,0.0,0.072,10.3635,6.0,16,20.01723121602765,,4000.0,0.0,0.0,0.0,46.31071232096495,optimal
2021-02-12 10:00:00,27,120,1.1428571428571428,0.0,0.0,0.072,10.8045,6.0,16,20.02548915829044,,4000.0,0.0,0.0,0.0,45.74874224415427,optimal
2021-02-12 10:30:00,27,120,1.1428571428571428,0.0,0.0,0.152,10.059,6.0,16,20.04138839022401,,4000.0,0.0,0.0,0.0,45.1873341374204,optimal
2021-02-12 11:00:00,27,120,1.1428571428571428,0.0,0.0,0.0986666666666666,10.584,6.0,16,20.05902371353373,,4000.0,0.0,0.0,0.0,44.62648743879326,optimal
2021-02-12 11:30:00,27,120,1.1428571428571428,0.0,0.0,0.072,9.4185,6.0,16,20.079546373886824,,4000.0,0.0,0.0,0.0,44.06620158686476,optimal
2021-02-12 12:00:00,27,120,1.1428571428571428,0.0,0.0,0.072,10.3635,6.0,16,20.09980261243264,,4000.0,0.0,0.0,0.0,43.50647602078818,optimal
2021-02-12 12:30:00,27,120,1.1428571428571428,0.0,0.0,0.1786666666666666,9.8385,6.0,16,20.121151866369907,,4000.0,0.0,0.0,0.0,42.94731018027768,optimal
2021-02-12 13:00:00,27,120,1.1428571428571428,0.0,0.0,0.072,11.067,6.0,16,20.14385737215676,,4000.0,0.0,0.0,0.0,42.38870350560769,optimal
2021-02-12 13:30:00,27,120,1.1428571428571428,0.387037037037037,0.0,0.2,10.8465,6.0,16,20.165252913142503,,4000.0,0.0,0.0,348.3333333333333,41.83065543761237,optimal
2021-02-12 14:00:00,27,120,0.0793684763624331,0.0,0.0,0.1573333333333333,13.671,6.0,16,20.18975792422528,,277.7896672685161,0.0,0.0,0.0,41.27316541768504,optimal
2021-02-12 14:30:00,27,120,1.1428571428571428,0.0,0.0,0.1306666666666666,12.348,6.0,16,20.16696557099382,,4000.0,0.0,0.0,0.0,40.71623288777764,optimal
2021-02-12 15:00:00,27,120,0.0,0.0,0.0,0.12,14.3325,6.0,16,20.18762737829425,,0.0,0.0,0.0,0.0,40.15985729040015,optimal
2021-02-12 15:30:00,27,120,0.0,0.0,0.0,0.072,15.393,6.0,16,20.15793040387458,,0.0,0.0,0.0,0.0,39.60403806862004,optimal
2021-02-12 16:00:00,27,120,1.1428571428571428,0.0,0.0,0.1573333333333333,13.587,6.0,16,20.12741016866926,,4000.0,0.0,0.0,0.0,39.0487746660617,optimal
2021-02-12 16:30:00,27,120,0.0,0.0,0.0,0.0933333333333333,16.1385,6.0,16,20.14325522274205,,0.0,0.0,0.0,0.0,38.494066526905925,optimal
2021-02-12 17:00:00,27,120,0.0,0.0,0.0,0.072,14.595,6.0,16,20.108965051256007,,0.0,0.0,0.0,0.0,37.9399130958893,optimal
2021-02-12 17:30:00,27,120,0.0,0.0,0.0,0.1786666666666666,14.637,6.0,16,20.070979947520712,,0.0,0.0,0.0,0.0,37.3863138183037,optimal
2021-02-12 18:00:00,27,120,0.0,0.2322222222222222,0.0,0.2365333333333333,13.9125,6.0,16,20.03417134529971,,0.0,0.0,0.0,209.0,36.83326813999568,optimal
2021-02-12 18:30:00,27,120,0.8537848808367656,0.0,0.0,0.5103,13.3665,6.0,16,20.0,,2988.24708292868,0.0,0.0,0.0,36.28077550736597,optimal
2021-02-12 19:00:00,27,120,1.1428571428571428,0.387037037037037,0.0,0.4723,13.0095,6.0,16,20.0065473790023,,4000.0,0.0,0.0,348.3333333333333,35.728835367368895,optimal
2021-02-12 19:30:00,27,120,0.0,0.0,0.0,0.3949333333333333,13.8915,6.0,16,20.028492635090483,,0.0,0.0,0.0,0.0,35.17744716751181,optimal
2021-02-12 20:00:00,27,120,0.7193573355149726,0.0,0.0,0.3176,13.188,6.0,16,20.0,,2517.750674302404,0.0,0.0,0.0,34.62661035585458,optimal
2021-02-12 20:30:00,27,120,0.0,0.0,0.0,0.3082,12.5685,6.0,16,20.0,,0.0,0.0,0.0,0.0,34.07632438100901,optimal
2021-02-12 21:00:00,27,120,0.0,0.8514814814814814,0.0,1.0759333333333334,12.285,6.0,16,19.96924695232152,,0.0,0.0,0.0,766.3333333333333,33.52658869213828,optimal
2021-02-12 21:30:00,27,120,0.0,0.0,0.0,0.2639666666666666,11.487,6.0,16,19.939250594684104,,0.0,0.0,0.0,0.0,32.97740273895643,optimal
2021-02-12 22:00:00,27,120,0.0,0.0774074074074074,0.0,0.2858,11.802,6.0,16,19.90717185220951,,0.0,0.0,0.0,69.66666666666666,32.94442533621747,optimal
2021-02-12 22:30:00,27,120,0.0,1.6255555555555554,0.0,1.9186666666666667,11.2245,6.0,16,19.876069210451075,,0.0,0.0,0.0,1463.0,32.91148091088125,optimal
2021-02-12 23:00:00,27,120,0.0,0.0,0.0,0.6178666666666667,11.025,6.0,16,19.85961212079322,,0.0,0.0,0.0,0.0,32.87856942997037,optimal
2021-02-12 23:30:00,27,120,0.0,0.0,0.0,0.1786666666666666,11.907,6.0,16,19.833086465422333,,0.0,0.0,0.0,0.0,32.8456908605404,optimal
2021-02-13 00:00:00,27,120,1.1428571428571428,0.2322222222222222,5.0,0.2445999999999999,9.261,6.0,-12,19.833086465422333,,4000.0,0.0,0.0,209.0,35.18784516967986,optimal
2021-02-13 00:30:00,27,120,1.1428571428571428,0.0,5.0,0.064,9.9225,6.0,-12,19.84747500841293,,4000.0,0.0,0.0,0.0,37.52765732451018,optimal
2021-02-13 01:00:00,27,120,1.1428571428571428,0.0,5.0,0.2009,9.702,6.0,-12,19.85978031507267,,4000.0,0.0,0.0,0.0,39.86512966718567,optimal
2021-02-13 01:30:00,27,120,1.1428571428571428,0.0,5.0,0.0762333333333333,10.584,6.0,-12,19.87215345050366,,4000.0,0.0,0.0,0.0,42.200264537518485,optimal
2021-02-13 02:00:00,27,120,1.1428571428571428,0.0,5.0,0.07,10.143,6.0,-12,19.883082451436323,,4000.0,0.0,0.0,0.0,44.533064272980965,optimal
2021-02-13 02:30:00,27,120,1.1428571428571428,0.0,0.0,0.2071333333333333,13.0095,6.0,-12,19.894012976474563,,4000.0,0.0,0.0,0.0,44.48853120870798,optimal
2021-02-13 03:00:00,27,120,1.1428571428571428,0.0,0.0,0.07,11.025,6.0,-12,19.90659243639468,,4000.0,0.0,0.0,0.0,44.44404267749928,optimal
2021-02-13 03:30:00,27,120,1.1428571428571428,0.0,0.0,0.1198666666666666,12.789,6.0,-12,19.917476351409867,,4000.0,0.0,0.0,0.0,44.39959863482178,optimal
2021-02-13 04:00:00,27,120,1.1428571428571428,0.0,0.0,0.1572666666666667,12.1275,6.0,-12,19.92884705308533,,4000.0,0.0,0.0,0.0,44.35519903618696,optimal
2021-02-13 04:30:00,27,120,1.1428571428571428,0.0,0.0,0.07,12.1695,6.0,-12,19.94055170312368,,4000.0,0.0,0.0,0.0,44.31084383715077,optimal
2021-02-13 05:00:00,27,120,1.1428571428571428,0.0,0.0,0.07,12.306,6.0,-12,19.950971779185576,,4000.0,0.0,0.0,0.0,44.26653299331362,optimal
2021-02-13 05:30:00,27,120,1.1428571428571428,0.0,0.0,0.2071333333333333,13.23,6.0,-12,19.96117294050553,,4000.0,0.0,0.0,0.0,44.22226646032031,optimal
2021-02-13 06:00:00,27,120,1.1428571428571428,0.0,0.0,0.07,13.671,6.0,-12,19.972826226430648,,4000.0,0.0,0.0,0.0,44.17804419385998,optimal
2021-02-13 06:30:00,27,120,1.1428571428571428,0.0,0.0,0.1697333333333333,13.9335,6.0,-12,19.98258754736287,,4000.0,0.0,0.0,0.0,44.13386614966612,optimal
2021-02-13 07:00:00,27,120,1.1428571428571428,0.9288888888888888,0.0,0.288,13.293,6.0,-12,19.99344537341775,,4000.0,0.0,0.0,836.0,44.08973228351645,optimal
2021-02-13 07:30:00,27,120,1.1428571428571428,2.5544444444444445,0.0,0.068,12.1065,6.0,-12,20.007278890577705,,4000.0,0.0,0.0,2299.0,44.04564255123294,optimal
2021-02-13 08:00:00,27,120,1.1428571428571428,0.3096296296296296,0.0,0.2163333333333333,11.571,6.0,-12,20.020625662495743,,4000.0,0.0,0.0,278.66666666666663,44.001596908681705,optimal
2021-02-13 08:30:00,27,120,1.1428571428571428,0.0,4.012103145717217,0.1779,11.025,6.0,-12,20.03810202713948,,4000.0,0.0,0.0,0.0,45.8633443059887,optimal
2021-02-13 09:00:00,27,120,1.1428571428571428,0.3514296296296295,5.0,0.1436,10.8465,6.0,-12,20.05260630106139,,4000.0,0.0,0.0,316.2866666666666,48.19248096168271,optimal
2021-02-13 09:30:00,27,120,1.1428571428571428,0.5000518518518519,0.0,0.1303333333333333,11.2455,6.0,-12,20.07134645136912,,4000.0,0.0,0.0,450.04666666666674,48.144288480721016,optimal
2021-02-13 10:00:00,27,120,0.0,0.1548148148148148,0.0,0.2506,23.8665,6.0,-12,20.08956116161133,,0.0,0.0,0.0,139.33333333333331,48.096144192240295,optimal
2021-02-13 10:30:00,27,120,0.0,1.6255555555555554,0.0,0.4894333333333333,27.4575,6.0,-12,20.063490452138595,,0.0,0.0,0.0,1463.0,48.048048048048045,optimal
2021-02-13 11:00:00,27,120,0.0,0.0,0.0,2.846,27.3735,6.0,-12,20.039308571930043,,0.0,0.0,0.0,0.0,48.0,optimal
2021-02-13 11:30:00,27,120,0.0,0.5770670267955339,0.0,2.7499333333333333,30.4605,6.0,-12,20.019335833002792,,0.0,171.02699078264726,0.0,348.3333333333333,47.8816010349323,optimal
2021-02-13 12:00:00,27,120,0.0,2.18559294739214,0.0,0.3877333333333334,30.0195,6.0,-12,20.0,,0.0,1967.0336526529263,0.0,0.0,47.76332046882968,optimal
2021-02-13 12:30:00,27,120,0.0,2.5564736122108664,0.0,0.081,26.9325,6.0,-12,20.0,,0.0,2300.82625098978,0.0,0.0,47.64515818329315,optimal
2021-02-13 13:00:00,27,120,0.6827147741631014,0.0,0.0,0.07,14.595,6.0,-12,20.0,,2389.501709570855,0.0,0.0,0.0,47.52711406004216,optimal
2021-02-13 13:30:00,27,120,0.6780650403546115,0.0,0.0,0.07,12.4845,6.0,-12,20.0,,2373.22764124114,0.0,0.0,0.0,47.40918798091442,optimal
2021-02-13 14:00:00,27,120,0.9479141657757238,0.0,0.0,0.1635,12.1275,6.0,-12,20.0,,3317.6995802150336,0.0,0.0,0.0,47.2913798278658,optimal
2021-02-13 14:30:00,27,120,1.1428571428571428,0.0,0.0,0.1173,12.1275,6.0,-12,20.010225756469104,,4000.0,0.0,0.0,0.0,47.17368948297024,optimal
2021-02-13 15:00:00,27,120,0.0,0.0,0.0,0.1059333333333333,12.789,6.0,-12,20.02905684010136,,0.0,0.0,0.0,0.0,47.056116828419576,optimal
2021-02-13 15:30:00,27,120,0.5832015797407665,0.0,0.0,0.2055,11.907,6.0,-12,20.0,,2041.2055290926824,0.0,0.0,0.0,46.93866174652346,optimal
2021-02-13 16:00:00,27,120,0.6573727795694885,0.3096296296296296,0.0,0.0793,11.025,6.0,-12,20.0,,2300.804728493209,0.0,0.0,278.66666666666663,46.82132411970924,optimal
2021-02-13 16:30:00,27,120,1.1428571428571428,0.0774074074074074,0.0,0.3019,8.2005,6.0,-12,20.0,,4000.0,0.0,0.0,69.66666666666666,46.70410383052183,optimal
2021-02-13 17:00:00,27,120,0.1052407189555897,0.0,0.0,0.4513999999999999,9.5655,6.0,-12,20.02409215044464,,368.342516344564,0.0,0.0,0.0,46.587000761623614,optimal
2021-02-13 17:30:00,27,120,1.1428571428571428,0.2322222222222222,0.0,0.2993,7.056,6.0,-12,20.00204753529196,,4000.0,0.0,0.0,209.0,46.47001479579429,optimal
2021-02-13 18:00:00,27,120,1.1428571428571428,0.3096296296296296,0.0,0.2471,9.3975,6.0,-12,20.02147256230191,,4000.0,0.0,0.0,278.66666666666663,46.3531458159308,optimal
2021-02-13 18:30:00,27,120,0.0,0.0,0.0,0.0762333333333333,10.059,6.0,-12,20.03958417873312,,0.0,0.0,0.0,0.0,46.23639370504718,optimal
2021-02-13 19:00:00,27,120,1.1428571428571428,3.5839629629629624,0.0,0.1357,9.261,6.0,-12,20.0,,4000.0,0.0,0.0,3225.566666666666,46.11975834627444,optimal
2021-02-13 19:30:00,27,120,1.1428571428571428,1.2927037037037037,0.0,0.2121666666666666,8.1585,6.0,-12,20.01200526226013,,4000.0,0.0,0.0,1163.4333333333332,46.00323962286047,optimal
2021-02-13 20:00:00,27,120,0.1610820813043962,0.0,0.0,0.3018666666666666,9.4815,6.0,-12,20.02665009947164,,563.7872845653868,0.0,0.0,0.0,45.88683741816991,optimal
2021-02-13 20:30:00,27,120,0.0,0.0,0.0,0.3081666666666667,8.379,6.0,-12,20.0,,0.0,0.0,0.0,0.0,45.77055161568404,optimal
2021-02-13 21:00:00,27,120,0.0,0.0,0.0,0.3519333333333333,9.5235,6.0,-12,19.96779251579432,,0.0,0.0,0.0,0.0,45.65438209900066,optimal
2021-02-13 21:30:00,27,120,0.0,0.3096296296296296,0.0,0.086,8.1375,6.0,-12,19.94023472502037,,0.0,0.0,0.0,278.66666666666663,45.60872771690166,optimal
2021-02-13 22:00:00,27,120,0.0,0.0,0.0,0.0838333333333333,10.0905,6.0,-12,19.90922463367649,,0.0,0.0,0.0,0.0,45.56311898918476,optimal
2021-02-13 22:30:00,27,120,0.0,0.0,0.0,0.2682666666666666,7.539,6.0,-12,19.8778069564889,,0.0,0.0,0.0,0.0,45.51755587019557,optimal
2021-02-13 23:00:00,27,120,0.0,0.0,0.0,0.0776666666666666,7.938,6.0,-12,19.84970714009512,,0.0,0.0,0.0,0.0,45.472038314325374,optimal
2021-02-13 23:30:00,27,120,0.0,0.0,0.0,0.1697333333333333,8.274,6.0,-12,19.813517557677184,,0.0,0.0,0.0,0.0,45.42656627601105,optimal
2021-02-07 00:00:00,28,120,0.0,0.0,0.0,0.071,10.3635,6.0,-1,21.0,,0.0,0.0,0.0,0.0,47.952,optimal
2021-02-07 00:30:00,28,120,0.0,0.0,0.0,0.0980666666666666,8.274,6.0,-1,20.9662192323764,,0.0,0.0,0.0,0.0,47.904048,optimal
2021-02-07 01:00:00,28,120,0.0,0.0,0.0,0.1612666666666666,7.7175,6.0,-1,20.932563822326006,,0.0,0.0,0.0,0.0,47.856143952,optimal
2021-02-07 01:30:00,28,120,0.0,0.0,0.0,0.1371333333333333,6.615,6.0,-1,20.89954680404764,,0.0,0.0,0.0,0.0,47.80828780804799,optimal
2021-02-07 02:00:00,28,120,0.0,0.0,0.0,0.1371333333333333,6.174,6.0,-1,20.866202115390493,,0.0,0.0,0.0,0.0,47.76047952023995,optimal
2021-02-07 02:30:00,28,120,0.0,0.0,0.0,0.077,3.906,6.0,-1,20.83282440653164,,0.0,0.0,0.0,0.0,47.712719040719705,optimal
2021-02-07 03:00:00,28,120,0.759826699261647,0.0,0.0,0.2394,2.3415,6.0,-1,20.798582049886427,,2659.3934474157645,0.0,0.0,0.0,47.66500632167899,optimal
2021-02-07 03:30:00,28,120,1.1428571428571428,0.0,0.0,0.1402,2.205,6.0,-1,20.798585380878823,,4000.0,0.0,0.0,0.0,47.61734131535731,optimal
2021-02-07 04:00:00,28,120,1.1428571428571428,0.0,1.514287831617256,0.2124666666666666,0.882,6.0,-1,20.81361281783518,,4000.0,0.0,0.0,0.0,48.28901069406015,optimal
2021-02-07 04:30:00,28,120,1.1428571428571428,0.0,0.0,0.1671333333333333,1.5435,6.0,-1,20.82939171114744,,4000.0,0.0,0.0,0.0,48.24072168336608,optimal
2021-02-07 05:00:00,28,120,1.1428571428571428,0.0,0.0,0.1043333333333333,1.5435,6.0,-1,20.844587055585425,,4000.0,0.0,0.0,0.0,48.19248096168271,optimal
2021-02-07 05:30:00,28,120,0.0,0.0,0.0,0.2015333333333333,5.0715,6.0,-1,20.85898722314305,,0.0,0.0,0.0,0.0,48.144288480721016,optimal
2021-02-07 06:00:00,28,120,0.0,0.0,0.0,0.1507333333333333,5.376,6.0,-1,20.82581359230718,,0.0,0.0,0.0,0.0,48.096144192240295,optimal
2021-02-07 06:30:00,28,120,0.0,0.0,0.0,0.0875333333333333,5.0715,6.0,-1,20.79208686724373,,0.0,0.0,0.0,0.0,48.048048048048045,optimal
2021-02-07 07:00:00,28,120,0.0,0.2322222222222222,0.0,0.1704666666666666,5.5125,6.0,-1,20.757557955297656,,0.0,0.0,0.0,209.0,48.0,optimal
2021-02-07 07:30:00,28,120,0.0,0.3096296296296296,0.0,0.075,9.261,6.0,-1,20.72507667870193,,0.0,0.0,0.0,278.66666666666663,47.85158425717397,optimal
2021-02-07 08:00:00,28,120,0.0,0.0,0.0,1.6873666666666665,11.7075,6.0,-1,20.69101261021984,,0.0,0.0,0.0,0.0,47.703316930090764,optimal
2021-02-07 08:30:00,28,120,0.0,0.0,0.0,0.7117,12.348,6.0,-1,20.670299973775982,,0.0,0.0,0.0,0.0,47.555197870334645,optimal
2021-02-07 09:00:00,28,120,0.0,0.0,0.0,0.1426,12.348,6.0,-1,20.63992731279058,,0.0,0.0,0.0,0.0,47.40722692963828,optimal
2021-02-07 09:30:00,28,120,0.0,0.0,0.0,0.237,12.1275,6.0,-1,20.6044338533709,,0.0,0.0,0.0,0.0,47.25940395988261,optimal
2021-02-07 10:00:00,28,120,0.0,0.0,0.0,0.077,12.5265,6.0,-1,20.57025990330962,,0.0,0.0,0.0,0.0,47.1117288130967,optimal
2021-02-07 10:30:00,28,120,0.0,0.0,0.0,0.077,11.7495,6.0,-1,20.535531588715045,,0.0,0.0,0.0,0.0,46.96420134145757,optimal
2021-02-07 11:00:00,28,120,0.0,0.0,0.0,0.2754666666666666,13.23,6.0,-1,20.50067386890109,,0.0,0.0,0.0,0.0,46.81682139729008,optimal
2021-02-07 11:30:00,28,120,0.0,0.0,0.0,0.1041333333333333,14.3325,6.0,-1,20.4697528011074,,0.0,0.0,0.0,0.0,46.669588833066754,optimal
2021-02-07 12:00:00,28,120,0.0,0.0,0.0,0.1262,14.994,6.0,-1,20.43680579480103,,0.0,0.0,0.0,0.0,46.522503501407655,optimal
2021-02-07 12:30:00,28,120,0.0,0.0,0.0,0.2521333333333333,14.8155,6.0,-1,20.40532392008842,,0.0,0.0,0.0,0.0,46.37556525508022,optimal
2021-02-07 13:00:00,28,120,0.0,0.0,0.0,0.0862666666666666,14.112,6.0,-1,20.376035558080368,,0.0,0.0,0.0,0.0,46.22877394699911,optimal
2021-02-07 13:30:00,28,120,0.0,0.0,0.0,0.1972666666666666,14.007,6.0,-1,20.343750570912785,,0.0,0.0,0.0,0.0,46.08212943022608,optimal
2021-02-07 14:00:00,28,120,0.0,0.0,0.0,0.077,13.23,6.0,-1,20.31238402418504,,0.0,0.0,0.0,0.0,45.93563155796982,optimal
2021-02-07 14:30:00,28,120,0.0,0.0,0.0,0.2534,11.382,6.0,-1,20.280133743335167,,0.0,0.0,0.0,0.0,45.789280183585824,optimal
2021-02-07 15:00:00,28,120,0.0,0.0,0.0,4.372366666666667,11.7495,6.0,-1,20.25019549418313,,0.0,0.0,0.0,0.0,45.64307516057621,optimal
2021-02-07 15:30:00,28,120,0.0,0.0,0.0,2.412866666666667,24.3285,6.0,-1,20.240334608841,,0.0,0.0,0.0,0.0,45.4970163425896,optimal
2021-02-07 16:00:00,28,120,0.0,0.2322222222222222,0.0,2.1451,28.917,6.0,-1,20.22289436087232,,0.0,0.0,0.0,209.0,45.351103583420986,optimal
2021-02-07 16:30:00,28,120,0.0,0.0,0.0,0.1085999999999999,31.3635,6.0,-1,20.202554324842925,,0.0,0.0,0.0,0.0,45.205336737011535,optimal
2021-02-07 17:00:00,28,120,0.0,0.0,0.0,0.1507333333333333,33.306,6.0,-1,20.169316807749585,,0.0,0.0,0.0,0.0,45.05971565744849,optimal
2021-02-07 17:30:00,28,120,0.0,0.0,0.0,2.9960666666666667,31.3425,6.0,-1,20.134204794661333,,0.0,0.0,0.0,0.0,44.91424019896501,optimal
2021-02-07 18:00:00,28,120,0.0,0.0774074074074074,0.0,0.4175333333333333,28.2555,6.0,-1,20.10759392387277,,0.0,0.0,0.0,69.66666666666666,44.86932595876605,optimal
2021-02-07 18:30:00,28,120,0.0,0.1548148148148148,0.0,2.2497,15.6975,6.0,-1,20.081755111167524,,0.0,0.0,0.0,139.33333333333331,44.82445663280728,optimal
2021-02-07 19:00:00,28,120,0.0,0.4644444444444444,0.0,1.5248666666666666,12.5475,6.0,-1,20.06399614088388,,0.0,0.0,0.0,418.0,44.77963217617448,optimal
2021-02-07 19:30:00,28,120,0.0,0.1548148148148148,0.0,0.8232333333333334,12.0855,6.0,-1,20.04333404277301,,0.0,0.0,0.0,139.33333333333331,44.7348525439983,optimal
2021-02-07 20:00:00,28,120,0.0,0.0,0.0,0.4123333333333333,11.907,6.0,-1,20.021410128785543,,0.0,0.0,0.0,0.0,44.690117691454304,optimal
2021-02-07 20:30:00,28,120,0.0,0.0,0.0,0.3845666666666666,12.5685,6.0,-1,20.0,,0.0,0.0,0.0,0.0,44.64542757376285,optimal
2021-02-07 21:00:00,28,120,0.0,0.0,0.0,0.5061333333333333,13.146,6.0,-1,19.97735348801005,,0.0,0.0,0.0,0.0,44.60078214618909,optimal
2021-02-07 21:30:00,28,120,0.0,0.0,0.0,0.4978333333333333,10.584,6.0,-1,19.95383689000757,,0.0,0.0,0.0,0.0,44.5561813640429,optimal
2021-02-07 22:00:00,28,120,0.0,0.0,0.0,0.2491,6.678,6.0,-1,19.92833035221344,,0.0,0.0,0.0,0.0,44.511625182678856,optimal
2021-02-07 22:30:00,28,120,0.0,0.0,0.0,0.2438666666666666,7.938,6.0,-1,19.90105888873017,,0.0,0.0,0.0,0.0,44.46711355749618,optimal
2021-02-07 23:00:00,28,120,0.0,0.0,0.0,0.077,5.292,6.0,-1,19.870332165631268,,0.0,0.0,0.0,0.0,44.42264644393868,optimal
2021-02-07 23:30:00,28,120,0.0,0.0,0.0,0.073,9.261,6.0,-1,19.83763353318554,,0.0,0.0,0.0,0.0,44.37822379749474,optimal
2021-02-08 00:00:00,28,120,1.1428571428571428,0.0,4.343882955200528,0.056,7.056,6.0,-8,19.83763353318554,,4000.0,0.0,0.0,0.0,46.3971899774175,optimal
2021-02-08 00:30:00,28,120,1.1428571428571428,0.0,5.0,0.056,5.271,6.0,-8,19.852815470409592,,4000.0,0.0,0.0,0.0,48.72579278744007,optimal
2021-02-08 01:00:00,28,120,1.1428571428571428,0.0,0.0,0.1532666666666667,7.938,6.0,-8,19.867967308488744,,4000.0,0.0,0.0,0.0,48.67706699465263,optimal
2021-02-08 01:30:00,28,120,1.1428571428571428,0.0,0.0,0.1886,7.938,6.0,-8,19.88427404301456,,4000.0,0.0,0.0,0.0,48.62838992765797,optimal
2021-02-08 02:00:00,28,120,1.1428571428571428,0.0,0.0,0.0635333333333333,11.907,6.0,-8,19.90087976306516,,4000.0,0.0,0.0,0.0,48.57976153773031,optimal
2021-02-08 02:30:00,28,120,1.1428571428571428,0.0,0.0,0.1162666666666666,11.025,6.0,-8,19.91582982802892,,4000.0,0.0,0.0,0.0,48.53118177619257,optimal
2021-02-08 03:00:00,28,120,1.1428571428571428,0.0,0.0,0.1591333333333333,11.2875,6.0,-8,19.931491797258488,,4000.0,0.0,0.0,0.0,48.48265059441637,optimal
2021-02-08 03:30:00,28,120,1.1428571428571428,0.0,0.0,0.1827333333333333,12.936,6.0,-8,19.94774406023903,,4000.0,0.0,0.0,0.0,48.434167943821954,optimal
2021-02-08 04:00:00,28,120,1.1428571428571428,0.0,0.0,0.0854666666666666,13.0095,6.0,-8,19.96415247724373,,4000.0,0.0,0.0,0.0,48.38573377587813,optimal
2021-02-08 04:30:00,28,120,1.1428571428571428,0.0,0.0,0.1886,13.671,6.0,-8,19.97924429946906,,4000.0,0.0,0.0,0.0,48.33734804210225,optimal
2021-02-08 05:00:00,28,120,1.1428571428571428,0.0,0.0,0.056,13.188,6.0,-8,19.995364350587074,,4000.0,0.0,0.0,0.0,48.28901069406015,optimal
2021-02-08 05:30:00,28,120,1.1428571428571428,0.0,0.0,0.2180666666666666,13.8495,6.0,-8,20.009638807692053,,4000.0,0.0,0.0,0.0,48.24072168336608,optimal
2021-02-08 06:00:00,28,120,1.1428571428571428,0.0,0.0,0.056,13.23,6.0,-8,20.025760188404835,,4000.0,0.0,0.0,0.0,48.19248096168271,optimal
2021-02-08 06:30:00,28,120,1.1428571428571428,0.0,0.0,0.2416666666666666,13.3665,6.0,-8,20.03977612756448,,4000.0,0.0,0.0,0.0,48.144288480721016,optimal
2021-02-08 07:00:00,28,120,1.1428571428571428,2.2448148148148146,0.0,0.1088666666666666,13.0515,6.0,-8,20.055927006160225,,4000.0,0.0,0.0,2020.3333333333333,48.096144192240295,optimal
2021-02-08 07:30:00,28,120,1.1428571428571428,0.6192592592592592,0.0,0.1644333333333333,13.5345,6.0,-8,20.073500391320685,,4000.0,0.0,0.0,557.3333333333333,48.048048048048045,optimal
2021-02-08 08:00:00,28,120,0.0,0.0,0.0,0.2671333333333333,14.154,6.0,-8,20.09370898986778,,0.0,0.0,0.0,0.0,48.0,optimal
2021-02-08 08:30:00,28,120,1.090232755588203,0.774074074074074,0.0,0.5982999999999999,14.112,6.0,-8,20.06695064927435,,3815.8146445587104,0.0,0.0,696.6666666666666,47.68136544092982,optimal
2021-02-08 09:00:00,28,120,0.0,0.1548148148148148,0.0,0.1331999999999999,14.2485,6.0,-8,20.09064826780828,,0.0,0.0,0.0,139.33333333333331,47.36304951641871,optimal
2021-02-08 09:30:00,28,120,1.1428571428571428,0.0,0.0,0.2402,12.789,6.0,-8,20.05706346367711,,4000.0,0.0,0.0,0.0,47.0450519078321,optimal
2021-02-08 10:00:00,28,120,1.1428571428571428,0.0,0.0,0.066,13.0095,6.0,-8,20.071816695598294,,4000.0,0.0,0.0,0.0,46.72737229685409,optimal
2021-02-08 10:30:00,28,120,1.1428571428571428,0.0,0.0,0.2511666666666666,12.1275,6.0,-8,20.087268700881445,,4000.0,0.0,0.0,0.0,46.410010365487054,optimal
2021-02-08 11:00:00,28,120,1.1428571428571428,0.0,0.0,0.1107,12.348,6.0,-8,20.104648451051585,,4000.0,0.0,0.0,0.0,46.09296579605139,optimal
2021-02-08 11:30:00,28,120,1.1428571428571428,0.0,0.0,0.066,12.348,6.0,-8,20.122990344882847,,4000.0,0.0,0.0,0.0,45.77623827118516,optimal
2021-02-08 12:00:00,28,120,0.0,0.0,0.0,0.2885,25.389,6.0,-8,20.14094958030037,,0.0,0.0,0.0,0.0,45.45982747384379,optimal
2021-02-08 12:30:00,28,120,0.0,0.0,0.0,0.4097666666666666,29.1375,6.0,-8,20.113989769795342,,0.0,0.0,0.0,0.0,45.143733087299765,optimal
2021-02-08 13:00:00,28,120,0.0,0.0774074074074074,0.0,1.3728,30.597,6.0,-8,20.08697004970968,,0.0,0.0,0.0,69.66666666666666,44.82795479514228,optimal
2021-02-08 13:30:00,28,120,0.0,0.1548148148148148,0.0,2.3702666666666667,33.684,6.0,-8,20.06544911580888,,0.0,0.0,0.0,139.33333333333331,44.51249228127696,optimal
2021-02-08 14:00:00,28,120,0.0,4.721851851851852,0.0,0.0894,32.445,6.0,-8,20.06316446408692,,0.0,0.0,0.0,4249.666666666667,44.197345229925496,optimal
2021-02-08 14:30:00,28,120,0.0,0.0774074074074074,0.0,1.496,28.917,6.0,-8,20.04513004357701,,0.0,0.0,0.0,69.66666666666666,43.88251332562539,optimal
2021-02-08 15:00:00,28,120,0.0,0.0,0.0,0.3735,15.876,6.0,-8,20.02939277238216,,0.0,0.0,0.0,0.0,43.56799625322958,optimal
2021-02-08 15:30:00,28,120,0.6377776472585825,0.5418518518518518,0.0,0.2263333333333332,12.348,6.0,-8,20.0,,2232.2217654050387,0.0,0.0,487.6666666666667,43.25379369790617,optimal
2021-02-08 16:00:00,28,120,1.1428571428571428,0.0,0.0,0.1643333333333333,12.1275,6.0,-8,20.0,,4000.0,0.0,0.0,0.0,42.93990534513808,optimal
2021-02-08 16:30:00,28,120,0.0067598238929366,0.0774074074074074,0.0,0.4711666666666667,12.348,6.0,-8,20.02183598928844,,23.659383625278224,0.0,0.0,69.66666666666666,42.62633088072276,optimal
2021-02-08 17:00:00,28,120,0.7044137436194253,0.0774074074074074,0.0,0.096,12.1275,6.0,-8,20.0,,2465.4481026679887,0.0,0.0,69.66666666666666,42.31306999077186,optimal
2021-02-08 17:30:00,28,120,0.7322846398079764,0.4644444444444444,0.0,0.193,12.1275,6.0,-8,20.0,,2562.996239327917,0.0,0.0,418.0,42.00012236171091,optimal
2021-02-08 18:00:00,28,120,0.7156314260008669,0.4644444444444444,0.0,0.2064666666666666,11.2665,6.0,-8,20.0,,2504.7099910030342,0.0,0.0,418.0,41.68748768027901,optimal
2021-02-08 18:30:00,28,120,1.1428571428571428,0.3096296296296296,0.0,0.1556666666666666,10.143,6.0,-8,20.0,,4000.0,0.0,0.0,278.66666666666663,41.37516563352855,optimal
2021-02-08 19:00:00,28,120,0.2225062345050954,0.3096296296296296,0.0,0.1876999999999999,11.2455,6.0,-8,20.01861616813808,,778.771820767834,0.0,0.0,278.66666666666663,41.06315590882485,optimal
2021-02-08 19:30:00,28,120,0.5480134357622775,0.0,0.0,0.3469333333333333,11.025,6.0,-8,20.0,,1918.0470251679712,0.0,0.0,0.0,40.75145819384584,optimal
2021-02-08 20:00:00,28,120,0.5209308936179601,0.2322222222222222,0.0,0.2586333333333333,5.9745,6.0,-8,20.0,,1823.2581276628605,0.0,0.0,209.0,40.440072176581815,optimal
2021-02-08 20:30:00,28,120,0.0,0.0,0.0,0.2587666666666666,7.938,6.0,-8,20.0,,0.0,0.0,0.0,0.0,40.128997545335054,optimal
2021-02-08 21:00:00,28,120,0.0,0.0,0.0,0.7035,8.6835,6.0,-8,19.97299297715,,0.0,0.0,0.0,0.0,39.818233988719534,optimal
2021-02-08 21:30:00,28,120,0.0,0.0,0.0,0.4155666666666666,7.665,6.0,-8,19.94653644685465,,0.0,0.0,0.0,0.0,39.778415754730815,optimal
2021-02-08 22:00:00,28,120,0.0,0.0,0.0,0.6469333333333332,6.7725,6.0,-8,19.91979302225012,,0.0,0.0,0.0,0.0,39.73863733897608,optimal
2021-02-08 22:30:00,28,120,0.0,0.0,0.0,0.3591666666666667,5.5755,6.0,-8,19.89721754288521,,0.0,0.0,0.0,0.0,39.69889870163711,optimal
2021-02-08 23:00:00,28,120,0.0,0.0,0.0,0.2549333333333333,5.0925,6.0,-8,19.871220086937463,,0.0,0.0,0.0,0.0,39.65919980293547,optimal
2021-02-08 23:30:00,28,120,0.0,0.0,0.0,0.1026,4.1895,6.0,-8,19.83832166421449,,0.0,0.0,0.0,0.0,39.619540603132535,optimal
2021-02-09 00:00:00,28,120,0.0,0.0,0.0,0.3525,34.9965,6.0,13,19.83832166421449,,0.0,0.0,0.0,0.0,39.5799210625294,optimal
2021-02-09 00:30:00,28,120,0.0,0.0,0.0,0.1643333333333333,33.327,6.0,13,19.80830980520496,,0.0,0.0,0.0,0.0,39.54034114146687,optimal
2021-02-09 01:00:00,28,120,0.0,0.0,0.0,0.1946,31.122,6.0,13,19.77487862052905,,0.0,0.0,0.0,0.0,39.5008008003254,optimal
2021-02-09 01:30:00,28,120,1.1428571428571428,0.0,0.0,0.23,17.9025,6.0,13,19.7415348764247,,4000.0,0.0,0.0,0.0,39.46129999952508,optimal
2021-02-09 02:00:00,28,120,1.1428571428571428,0.0,0.0,0.0876,15.6555,6.0,13,19.75721960997125,,4000.0,0.0,0.0,0.0,39.42183869952555,optimal
2021-02-09 02:30:00,28,120,1.1428571428571428,0.0,0.0,0.1003333333333333,14.553,6.0,13,19.770940225585573,,4000.0,0.0,0.0,0.0,39.38241686082603,optimal
2021-02-09 03:00:00,28,120,1.1428571428571428,0.0,0.0,0.2334,14.3325,6.0,13,19.78488788919713,,4000.0,0.0,0.0,0.0,39.3430344439652,optimal
2021-02-09 03:30:00,28,120,1.1428571428571428,0.0,0.0,0.1666666666666666,13.335,6.0,13,19.800528092637613,,4000.0,0.0,0.0,0.0,39.30369140952124,optimal
2021-02-09 04:00:00,28,120,1.1428571428571428,0.0,0.0,0.1348,12.1275,6.0,13,19.81552257630624,,4000.0,0.0,0.0,0.0,39.26438771811171,optimal
2021-02-09 04:30:00,28,120,1.1428571428571428,0.0,0.0,0.2240666666666666,12.2955,6.0,13,19.830297378083625,,4000.0,0.0,0.0,0.0,39.2251233303936,optimal
2021-02-09 05:00:00,28,120,1.1428571428571428,0.0,0.0,0.1548666666666666,11.6865,6.0,13,19.84589150096312,,4000.0,0.0,0.0,0.0,39.1858982070632,optimal
2021-02-09 05:30:00,28,120,1.1428571428571428,0.0,4.216893893745396,0.1609333333333333,11.466,6.0,13,19.860332217454587,,4000.0,0.0,0.0,0.0,41.1497369083852,optimal
2021-02-09 06:00:00,28,120,1.1428571428571428,0.0,5.0,0.2225333333333333,10.8045,6.0,13,19.874858818344208,,4000.0,0.0,0.0,0.0,43.48358717147681,optimal
2021-02-09 06:30:00,28,120,1.1428571428571428,0.0,5.0,0.1369333333333333,10.584,6.0,13,19.890147659488104,,4000.0,0.0,0.0,0.0,45.81510358430533,optimal
2021-02-09 07:00:00,28,120,1.1428571428571428,0.0,5.0,0.1253333333333333,11.2455,6.0,13,19.90418303719831,,4000.0,0.0,0.0,0.0,48.144288480721016,optimal
2021-02-09 07:30:00,28,120,1.1428571428571428,6.098488523012314,0.0,0.2522666666666667,12.1275,6.0,13,19.9179501455654,,4000.0,5488.6396707110825,0.0,0.0,48.096144192240295,optimal
2021-02-09 08:00:00,28,120,1.1428571428571428,5.728148148148147,0.0,0.223,11.823,6.0,13,20.0,,4000.0,0.0,0.0,5155.333333333332,48.048048048048045,optimal
2021-02-09 08:30:00,28,120,1.1428571428571428,0.0774074074074074,0.0,0.2031333333333333,11.7705,6.0,13,20.015409829158845,,4000.0,0.0,0.0,69.66666666666666,48.0,optimal
2021-02-09 09:00:00,28,120,1.1428571428571428,0.4644444444444444,0.0,0.8660666666666668,11.13,6.0,13,20.031658655845582,,4000.0,0.0,0.0,418.0,47.21190544939048,optimal
2021-02-09 09:30:00,28,120,1.1428571428571428,0.774074074074074,0.0,1.2105,11.6865,6.0,13,20.058377369863283,,4000.0,0.0,0.0,696.6666666666666,46.42459899333157,optimal
2021-02-09 10:00:00,28,120,1.1428571428571428,0.774074074074074,0.0,0.2516666666666666,10.7205,6.0,13,20.090674874056567,,4000.0,0.0,0.0,696.6666666666666,45.63807984372872,optimal
2021-02-09 10:30:00,28,120,1.1428571428571428,1.470740740740741,0.0,0.2250666666666666,11.424,6.0,13,20.11412971102753,,4000.0,0.0,0.0,1323.6666666666667,44.85234721327547,optimal
2021-02-09 11:00:00,28,120,1.1428571428571428,0.0,0.0,0.3358666666666666,10.689,6.0,13,20.13714112834452,,4000.0,0.0,0.0,0.0,44.06740031545268,optimal
2021-02-09 11:30:00,28,120,1.1428571428571428,0.0774074074074074,0.0,0.3985333333333333,11.361,6.0,13,20.16328218647421,,4000.0,0.0,0.0,69.66666666666666,43.283238364527705,optimal
2021-02-09 12:00:00,28,120,1.1428571428571428,0.0,0.0,0.3518,11.571,6.0,13,20.1904597527262,,4000.0,0.0,0.0,0.0,42.49986057555365,optimal
2021-02-09 12:30:00,28,120,0.0,0.2322222222222222,0.0,0.2273333333333332,14.3745,6.0,13,20.21950885797884,,0.0,0.0,0.0,209.0,41.71726616436858,optimal
2021-02-09 13:00:00,28,120,1.1428571428571428,0.0,0.0,0.2508,13.23,6.0,13,20.201786319199723,,4000.0,0.0,0.0,0.0,40.93545434759469,optimal
2021-02-09 13:30:00,28,120,0.0,0.2322222222222222,0.0,0.2204,13.9755,6.0,13,20.23484566467803,,0.0,0.0,0.0,209.0,40.154424342637576,optimal
2021-02-09 14:00:00,28,120,0.0,0.3096296296296296,0.0,0.206,14.994,6.0,13,20.2184318994832,,0.0,0.0,0.0,278.66666666666663,39.37417536768542,optimal
2021-02-09 14:30:00,28,120,1.0160484368444,0.2322222222222222,0.0,0.4411333333333333,13.671,6.0,13,20.201713672164253,,3556.1695289554004,0.0,0.0,209.0,38.59470664170821,optimal
2021-02-09 15:00:00,28,120,0.0,0.2322222222222222,0.0,0.303,15.981,6.0,13,20.229597682271603,,0.0,0.0,0.0,209.0,37.81601738445698,optimal
2021-02-09 15:30:00,28,120,0.0,0.0,0.0,0.3364,15.6345,6.0,13,20.20916209071711,,0.0,0.0,0.0,0.0,37.03810681646301,optimal
2021-02-09 16:00:00,28,120,0.0,0.0,0.0,0.4090666666666667,16.5375,6.0,13,20.18942364230756,,0.0,0.0,0.0,0.0,36.26097415903703,optimal
2021-02-09 16:30:00,28,120,0.0,3.9477777777777776,0.0,0.3137666666666666,14.7735,6.0,13,20.16783770182111,,0.0,0.0,0.0,3553.0,36.22471318487799,optimal
2021-02-09 17:00:00,28,120,0.0,1.0837037037037036,0.0,0.5812,15.2145,6.0,13,20.14582804533455,,0.0,0.0,0.0,975.3333333333334,36.18848847169311,optimal
2021-02-09 17:30:00,28,120,0.0,0.1548148148148148,0.0,0.2752666666666666,14.553,6.0,13,20.12372502862831,,0.0,0.0,0.0,139.33333333333331,36.15229998322142,optimal
2021-02-09 18:00:00,28,120,0.0,0.5418518518518518,0.0,0.3972333333333333,14.3325,6.0,13,20.097785747269544,,0.0,0.0,0.0,487.6666666666667,36.1161476832382,optimal
2021-02-09 18:30:00,28,120,0.0,2.322222222222221,0.0,0.4579,14.595,6.0,13,20.07095768250136,,0.0,0.0,0.0,2089.9999999999995,36.08003153555496,optimal
2021-02-09 19:00:00,28,120,0.0,0.0,0.0,0.6123,14.994,6.0,13,20.04628601087797,,0.0,0.0,0.0,0.0,36.04395150401941,optimal
2021-02-09 19:30:00,28,120,0.0,0.0774074074074074,0.0,0.4413999999999999,14.3325,6.0,13,20.02498428545925,,0.0,0.0,0.0,69.66666666666666,36.007907552515384,optimal
2021-02-09 20:00:00,28,120,0.6008441293371498,0.0,0.0,0.3742,13.8915,6.0,13,20.0,,2102.9544526800246,0.0,0.0,0.0,35.97189964496287,optimal
2021-02-09 20:30:00,28,120,0.0,0.2322222222222222,0.0,0.6286,13.8915,6.0,13,20.0,,0.0,0.0,0.0,209.0,35.935927745317905,optimal
2021-02-09 21:00:00,28,120,0.0,0.4644444444444444,0.0,0.6050333333333333,13.4715,6.0,13,19.97867770934889,,0.0,0.0,0.0,418.0,35.899991817572584,optimal
2021-02-09 21:30:00,28,120,0.0,0.0,0.0,0.5790666666666667,13.23,6.0,13,19.95795595870776,,0.0,0.0,0.0,0.0,35.86409182575501,optimal
2021-02-09 22:00:00,28,120,0.0,0.0,0.0,0.5372666666666667,13.8915,6.0,13,19.9375207871558,,0.0,0.0,0.0,0.0,35.82822773392925,optimal
2021-02-09 22:30:00,28,120,0.0,0.0,0.0,0.3566666666666667,26.9325,6.0,13,19.914272844492466,,0.0,0.0,0.0,0.0,35.79239950619532,optimal
2021-02-09 23:00:00,28,120,0.0,0.0,0.0,0.0818666666666666,30.303,6.0,13,19.887980376944338,,0.0,0.0,0.0,0.0,35.75660710668913,optimal
2021-02-09 23:30:00,28,120,0.0,0.0,0.0,0.31,32.886,6.0,13,19.852917221905795,,0.0,0.0,0.0,0.0,35.72085049958244,optimal
2021-02-10 00:00:00,28,120,1.1428571428571428,0.0,0.0,0.0593333333333333,11.508,6.0,-3,19.852917221905795,,4000.0,0.0,0.0,0.0,35.68512964908286,optimal
2021-02-10 00:30:00,28,120,1.1428571428571428,0.0,0.0,0.057,11.844,6.0,-3,19.86586732912523,,4000.0,0.0,0.0,0.0,35.64944451943378,optimal
2021-02-10 01:00:00,28,120,1.1428571428571428,0.0,0.0,0.057,11.508,6.0,-3,19.878593505656905,,4000.0,0.0,0.0,0.0,35.61379507491434,optimal
2021-02-10 01:30:00,28,120,1.1428571428571428,0.0,2.7066900703277805,0.1115,11.508,6.0,-3,19.89109619545749,,4000.0,0.0,0.0,0.0,36.86385906324512,optimal
2021-02-10 02:00:00,28,120,1.1428571428571428,0.0,5.0,0.0679,10.4475,6.0,-3,19.90403977930947,,4000.0,0.0,0.0,0.0,39.20199520418187,optimal
2021-02-10 02:30:00,28,120,1.1428571428571428,0.0,5.0,0.057,10.8675,6.0,-3,19.91622829524188,,4000.0,0.0,0.0,0.0,41.53779320897769,optimal
2021-02-10 03:00:00,28,120,1.1428571428571428,0.0,5.0,0.1224,10.542,6.0,-3,19.928259859134062,,4000.0,0.0,0.0,0.0,43.8712554157687,optimal
2021-02-10 03:30:00,28,120,1.1428571428571428,0.0,5.0,0.0646666666666666,11.025,6.0,-3,19.94106429494172,,4000.0,0.0,0.0,0.0,46.20238416035293,optimal
2021-02-10 04:00:00,28,120,1.1428571428571428,0.0,5.0,0.1247333333333333,11.025,6.0,-3,19.953046619903272,,4000.0,0.0,0.0,0.0,48.53118177619257,optimal
2021-02-10 04:30:00,28,120,1.1428571428571428,0.0,0.0,0.057,14.553,6.0,-3,19.965801914399574,,4000.0,0.0,0.0,0.0,48.48265059441637,optimal
2021-02-10 05:00:00,28,120,1.1428571428571428,0.0,0.0,0.1224,13.0935,6.0,-3,19.977536939189378,,4000.0,0.0,0.0,0.0,48.434167943821954,optimal
2021-02-10 05:30:00,28,120,1.1428571428571428,0.0,0.0,0.057,15.6345,6.0,-3,19.98984716751593,,4000.0,0.0,0.0,0.0,48.38573377587813,optimal
2021-02-10 06:00:00,28,120,1.1428571428571428,0.0,0.0,0.0930666666666666,18.102,6.0,-3,20.001138008507635,,4000.0,0.0,0.0,0.0,48.33734804210225,optimal
2021-02-10 06:30:00,28,120,1.1428571428571428,0.0,0.0,0.096,17.199,6.0,-3,20.01256230852106,,4000.0,0.0,0.0,0.0,48.28901069406015,optimal
2021-02-10 07:00:00,28,120,0.0157989702735501,0.0,0.0,0.057,18.2805,6.0,-3,20.02444899674129,,55.29639595742543,0.0,0.0,0.0,48.24072168336608,optimal
2021-02-10 07:30:00,28,120,1.1428571428571428,0.0,0.0,0.057,17.4615,6.0,-3,19.988210273046768,,4000.0,0.0,0.0,0.0,48.19248096168271,optimal
2021-02-10 08:00:00,28,120,0.8500606553314892,0.0,0.0,0.1187666666666666,18.3225,6.0,-3,20.0,,2975.2122936602123,0.0,0.0,0.0,48.144288480721016,optimal
2021-02-10 08:30:00,28,120,1.1428571428571428,0.0,0.0,0.0693,17.094,6.0,-3,20.0,,4000.0,0.0,0.0,0.0,48.096144192240295,optimal
2021-02-10 09:00:00,28,120,1.1428571428571428,0.3096296296296296,0.0,0.0999333333333333,17.094,6.0,-3,20.01217262792853,,4000.0,0.0,0.0,278.66666666666663,48.048048048048045,optimal
2021-02-10 09:30:00,28,120,1.1428571428571428,0.2322222222222222,0.0,0.9889666666666668,17.094,6.0,-3,20.0287801996592,,4000.0,0.0,0.0,209.0,48.0,optimal
2021-02-10 10:00:00,28,120,1.1428571428571428,0.8514814814814814,0.0,2.775,17.3565,6.0,-3,20.04812650925886,,4000.0,0.0,0.0,766.3333333333333,47.89362759018393,optimal
2021-02-10 10:30:00,28,120,1.1428571428571428,0.0,0.0,2.0701666666666667,17.115,6.0,-3,20.0734824125716,,4000.0,0.0,0.0,0.0,47.78736155277768,optimal
2021-02-10 11:00:00,28,120,1.1428571428571428,0.774074074074074,0.0,0.204,17.241,6.0,-3,20.09815429354046,,4000.0,0.0,0.0,696.6666666666666,47.68120178140884,optimal
2021-02-10 11:30:00,28,120,1.1428571428571428,0.0,0.0,0.204,17.094,6.0,-3,20.121308782703547,,4000.0,0.0,0.0,0.0,47.57514816981136,optimal
2021-02-10 12:00:00,28,120,1.1428571428571428,0.6966666666666667,0.0,0.4718666666666666,16.5165,6.0,-3,20.144262334968825,,4000.0,0.0,0.0,627.0,47.469200611825485,optimal
2021-02-10 12:30:00,28,120,0.732527437738056,0.0,0.0,0.9288666666666668,17.8185,6.0,-3,20.17246100215933,,2563.846032083196,0.0,0.0,0.0,47.36335900139759,optimal
2021-02-10 13:00:00,28,120,1.1428571428571428,0.0,0.0,0.067,17.094,6.0,-3,20.185318894801245,,4000.0,0.0,0.0,0.0,47.25762323258013,optimal
2021-02-10 13:30:00,28,120,1.1428571428571428,0.0,0.0,0.8546666666666666,16.8945,6.0,-3,20.20546482718961,,4000.0,0.0,0.0,0.0,47.15199319953148,optimal
2021-02-10 14:00:00,28,120,0.0,0.0,0.0,0.9286666666666666,18.123,6.0,-3,20.232501940481185,,0.0,0.0,0.0,0.0,47.04646879651588,optimal
2021-02-10 14:30:00,28,120,0.0,0.0,0.0,0.4034,31.647,6.0,-3,20.21301432362871,,0.0,0.0,0.0,0.0,46.9410499179033,optimal
2021-02-10 15:00:00,28,120,0.0,0.3096296296296296,0.0,0.4681,34.9965,6.0,-3,20.19135221651496,,0.0,0.0,0.0,278.66666666666663,46.83573645816933,optimal
2021-02-10 15:30:00,28,120,0.0,0.0,0.0,1.4824666666666666,34.9965,6.0,-3,20.166473733884857,,0.0,0.0,0.0,0.0,46.73052831189509,optimal
2021-02-10 16:00:00,28,120,0.0,0.3096296296296296,0.0,0.3478666666666666,34.9965,6.0,-3,20.14473042525816,,0.0,0.0,0.0,278.66666666666663,46.62542537376713,optimal
2021-02-10 16:30:00,28,120,0.0,0.6966666666666667,0.0,0.5264333333333333,34.9965,6.0,-3,20.11974056181851,,0.0,0.0,0.0,627.0,46.520427538577295,optimal
2021-02-10 17:00:00,28,120,0.0,0.6966666666666667,0.0,0.3205333333333333,34.9965,6.0,-3,20.09661230739365,,0.0,0.0,0.0,627.0,46.415534701222654,optimal
2021-02-10 17:30:00,28,120,0.0,1.006296296296296,0.0,0.4170333333333333,27.741,6.0,-3,20.067444283014456,,0.0,0.0,0.0,905.6666666666664,46.31074675670536,optimal
2021-02-10 18:00:00,28,120,0.0,2.0899999999999994,0.0,1.3887,19.026,6.0,-3,20.042570337980944,,0.0,0.0,0.0,1881.0,46.2060636001326,optimal
2021-02-10 18:30:00,28,120,0.0,0.0,0.0,0.1664,18.7215,6.0,-3,20.02919894221373,,0.0,0.0,0.0,0.0,46.1014851267164,optimal
2021-02-10 19:00:00,28,120,0.7270769155169029,0.1548148148148148,0.0,0.1052999999999999,17.4195,6.0,-3,20.0,,2544.76920430916,0.0,0.0,139.33333333333331,45.99701123177361,optimal
2021-02-10 19:30:00,28,120,0.6678441071811929,0.0774074074074074,0.0,0.1498,16.758,6.0,-3,20.0,,2337.454375134176,0.0,0.0,69.66666666666666,45.95101422054184,optimal
2021-02-10 20:00:00,28,120,0.5553217750359078,2.2448148148148146,0.0,1.4942,14.217,6.0,-3,20.0,,1943.6262126256777,0.0,0.0,2020.3333333333333,45.905063206321294,optimal
2021-02-10 20:30:00,28,120,0.0,0.0,0.0,0.2104333333333333,13.3665,6.0,-3,20.0,,0.0,0.0,0.0,0.0,45.859158143114975,optimal
2021-02-10 21:00:00,28,120,0.0,0.0,0.0,0.1233666666666666,12.789,6.0,-3,19.968939370854823,,0.0,0.0,0.0,0.0,45.81329898497186,optimal
2021-02-10 21:30:00,28,120,0.0,0.1548148148148148,0.0,0.097,11.907,6.0,-3,19.93422425551153,,0.0,0.0,0.0,139.33333333333331,45.76748568598688,optimal
2021-02-10 22:00:00,28,120,0.0,0.0,0.0,0.067,11.7075,6.0,-3,19.894771941437707,,0.0,0.0,0.0,0.0,45.7217182003009,optimal
2021-02-10 22:30:00,28,120,0.0,0.0,0.0,0.067,10.8045,6.0,-3,19.85137595725348,,0.0,0.0,0.0,0.0,45.6759964821006,optimal
2021-02-10 23:00:00,28,120,0.0,0.0,0.0,0.1324,11.508,6.0,-3,19.807570367620485,,0.0,0.0,0.0,0.0,45.6303204856185,optimal
2021-02-10 23:30:00,28,120,0.0,0.0,0.0,0.067,11.508,6.0,-3,19.76415270985449,,0.0,0.0,0.0,0.0,45.58469016513288,optimal
2021-02-11 00:00:00,28,120,1.1428571428571428,0.2322222222222222,0.0,0.1392,11.025,6.0,-4,19.76415270985449,,4000.0,0.0,0.0,209.0,45.53910547496774,optimal
2021-02-11 00:30:00,28,120,1.1428571428571428,0.0774074074074074,0.0,0.2583666666666667,10.7835,6.0,-4,19.77328051100028,,4000.0,0.0,0.0,69.66666666666666,45.493566369492775,optimal
2021-02-11 01:00:00,28,120,1.1428571428571428,0.1548148148148148,0.0,0.3685,11.025,6.0,-4,19.78719583420203,,4000.0,0.0,0.0,139.33333333333331,45.44807280312328,optimal
2021-02-11 01:30:00,28,120,1.1428571428571428,0.4644444444444444,1.6786940482068764,0.4191,10.584,6.0,-4,19.80392458201153,,4000.0,0.0,0.0,418.0,46.200004403218415,optimal
2021-02-11 02:00:00,28,120,1.1428571428571428,0.0,0.0,0.3183333333333333,11.025,6.0,-4,19.821567544252044,,4000.0,0.0,0.0,0.0,46.15380439881519,optimal
2021-02-11 02:30:00,28,120,1.1428571428571428,0.0,5.0,0.2356666666666666,10.4265,6.0,-4,19.837460660362257,,4000.0,0.0,0.0,0.0,48.48265059441637,optimal
2021-02-11 03:00:00,28,120,1.1428571428571428,0.0,0.0,0.3012666666666666,12.789,6.0,-4,19.853343293262714,,4000.0,0.0,0.0,0.0,48.434167943821954,optimal
2021-02-11 03:30:00,28,120,1.1428571428571428,0.0,0.0,0.205,12.684,6.0,-4,19.86970600609108,,4000.0,0.0,0.0,0.0,48.38573377587813,optimal
2021-02-11 04:00:00,28,120,1.1428571428571428,0.0,0.0,0.1256,16.254,6.0,-4,19.882317640926825,,4000.0,0.0,0.0,0.0,48.33734804210225,optimal
2021-02-11 04:30:00,28,120,1.1428571428571428,0.0,0.0,0.1412,17.64,6.0,-4,19.88790289909563,,4000.0,0.0,0.0,0.0,48.28901069406015,optimal
2021-02-11 05:00:00,28,120,1.1428571428571428,0.0,0.0,0.115,19.1625,6.0,-4,19.893667128693394,,4000.0,0.0,0.0,0.0,48.24072168336608,optimal
2021-02-11 05:30:00,28,120,0.0,0.0,0.0,0.2048,26.46,6.0,-4,19.899100752951025,,0.0,0.0,0.0,0.0,48.19248096168271,optimal
2021-02-11 06:00:00,28,120,1.1428571428571428,0.387037037037037,0.0,0.1546666666666666,20.79,6.0,-4,19.85738384692635,,4000.0,0.0,0.0,348.3333333333333,48.144288480721016,optimal
2021-02-11 06:30:00,28,120,0.0,0.4644444444444444,0.0,0.8969666666666667,29.106,6.0,-4,19.865695855642773,,0.0,0.0,0.0,418.0,48.096144192240295,optimal
2021-02-11 07:00:00,28,120,1.1428571428571428,0.774074074074074,0.0,1.2284000000000002,19.1835,6.0,-4,19.830508035995667,,4000.0,0.0,0.0,696.6666666666666,48.048048048048045,optimal
2021-02-11 07:30:00,28,120,1.1428571428571428,12.902504432106603,0.0,0.4899666666666666,19.6665,6.0,-4,19.84619049388836,,4000.0,11194.253988895944,0.0,418.0,48.0,optimal
2021-02-11 08:00:00,28,120,0.7813450866488847,0.2322222222222222,0.0,0.2418666666666666,19.404,6.0,-4,20.0,,2734.7078032710965,0.0,0.0,209.0,47.7165652683678,optimal
2021-02-11 08:30:00,28,120,0.8110625445045907,0.3096296296296296,0.0,0.0985,19.047,6.0,-4,20.0,,2838.718905766068,0.0,0.0,278.66666666666663,47.433413971467225,optimal
2021-02-11 09:00:00,28,120,1.1428571428571428,0.0,0.0,1.7304666666666666,18.858,6.0,-4,20.0,,4000.0,0.0,0.0,0.0,47.15054582586355,optimal
2021-02-11 09:30:00,28,120,0.0,1.548148148148148,0.0,1.5078,19.2675,6.0,-4,20.027526602394875,,0.0,0.0,0.0,1393.3333333333333,46.867960548405485,optimal
2021-02-11 10:00:00,28,120,0.3035373933224006,0.2322222222222222,0.0,0.3098666666666667,18.963,6.0,-4,20.009293267021445,,1062.3808766284023,0.0,0.0,209.0,46.58565785622488,optimal
2021-02-11 10:30:00,28,120,1.035977345323979,0.1548148148148148,0.0,0.3267333333333332,18.438,6.0,-4,20.0,,3625.9207086339256,0.0,0.0,139.33333333333331,46.30363746673645,optimal
2021-02-11 11:00:00,28,120,0.0,0.0,0.0,2.2661,18.7425,6.0,-4,20.01998416636905,,0.0,0.0,0.0,0.0,46.02189909763751,optimal
2021-02-11 11:30:00,28,120,1.1428571428571428,0.3096296296296296,0.0,2.5986,15.2145,6.0,-4,20.0,,4000.0,0.0,0.0,278.66666666666663,45.74044246690767,optimal
2021-02-11 12:00:00,28,120,0.8213252371952915,0.0,0.0,0.4703,17.7765,6.0,-4,20.03178552653072,,2874.6383301835203,0.0,0.0,0.0,45.45926729280856,optimal
2021-02-11 12:30:00,28,120,1.1428571428571428,0.1548148148148148,0.0,0.2612,16.758,6.0,-4,20.049465119409952,,4000.0,0.0,0.0,139.33333333333331,45.178373293883546,optimal
2021-02-11 13:00:00,28,120,1.1428571428571428,0.0,0.0,0.3010666666666666,16.422,6.0,-4,20.08353084826867,,4000.0,0.0,0.0,0.0,44.897760188957456,optimal
2021-02-11 13:30:00,28,120,1.1428571428571428,0.387037037037037,0.0,0.299,16.758,6.0,-4,20.112609633390026,,4000.0,0.0,0.0,348.3333333333333,44.61742769713629,optimal
2021-02-11 14:00:00,28,120,0.0,0.0,0.0,0.1223333333333333,29.358,6.0,-4,20.140536883739536,,0.0,0.0,0.0,0.0,44.33737553780696,optimal
2021-02-11 14:30:00,28,120,0.0,0.0,0.0,0.2248666666666667,34.9965,6.0,-4,20.11890574489031,,0.0,0.0,0.0,0.0,44.05760343063695,optimal
2021-02-11 15:00:00,28,120,0.0,0.0,0.0,0.5044333333333333,34.65,6.0,-4,20.10070630342645,,0.0,0.0,0.0,0.0,43.7781110955741,optimal
2021-02-11 15:30:00,28,120,0.0,0.2322222222222222,0.0,0.2741,34.9965,6.0,-4,20.08507260660828,,0.0,0.0,0.0,209.0,43.49889825284632,optimal
2021-02-11 16:00:00,28,120,0.0,4.954074074074073,0.0,0.7669666666666667,34.9965,6.0,-4,20.06985789045352,,0.0,0.0,0.0,4458.666666666666,43.21996462296127,optimal
2021-02-11 16:30:00,28,120,0.0,0.6192592592592592,0.0,1.2174666666666667,30.4815,6.0,-4,20.046124413170457,,0.0,0.0,0.0,557.3333333333333,42.9413099267061,optimal
2021-02-11 17:00:00,28,120,0.0,0.387037037037037,0.0,0.8488,21.4305,6.0,-4,20.025653397299813,,0.0,0.0,0.0,348.3333333333333,42.6629338851472,optimal
2021-02-11 17:30:00,28,120,0.7338715026273852,0.4644444444444444,0.0,0.2356666666666666,14.3325,6.0,-4,20.0,,2568.5502591958484,0.0,0.0,418.0,42.38483621962985,optimal
2021-02-11 18:00:00,28,120,1.1428571428571428,0.0,0.0,1.0871,13.692,6.0,-4,20.0,,4000.0,0.0,0.0,0.0,42.10701665177801,optimal
2021-02-11 18:30:00,28,120,0.2201780457014271,0.0,0.0,1.2651,14.007,6.0,-4,20.02054147745012,,770.623159954995,0.0,0.0,0.0,41.82947490349403,optimal
2021-02-11 19:00:00,28,120,0.7058355668988628,0.0,0.0,0.7828333333333334,12.873,6.0,-4,20.0,,2470.42448414602,0.0,0.0,0.0,41.55221069695833,optimal
2021-02-11 19:30:00,28,120,0.8515286754624757,0.0,0.0,0.2570666666666666,12.684,6.0,-4,20.0,,2980.350364118665,0.0,0.0,0.0,41.27522375462917,optimal
2021-02-11 20:00:00,28,120,0.8010408316452039,0.0,0.0,0.4234666666666666,12.306,6.0,-4,20.0,,2803.642910758213,0.0,0.0,0.0,41.23394853087454,optimal
2021-02-11 20:30:00,28,120,0.0,0.1548148148148148,0.0,0.4086,10.6365,6.0,-4,20.0,,0.0,0.0,0.0,139.33333333333331,41.19271458234367,optimal
2021-02-11 21:00:00,28,120,0.0,0.2322222222222222,0.0,0.2068,11.2455,6.0,-4,19.962325264900684,,0.0,0.0,0.0,209.0,41.151521867761325,optimal
2021-02-11 21:30:00,28,120,0.0,5.441740740740741,0.0,0.2931666666666667,11.2455,6.0,-4,19.923896913161983,,0.0,0.0,0.0,4897.566666666667,41.11037034589357,optimal
2021-02-11 22:00:00,28,120,0.0,2.0667777777777783,0.0,0.3325,11.025,6.0,-4,19.88655944675278,,0.0,0.0,0.0,1860.1000000000004,41.06925997554767,optimal
2021-02-11 22:30:00,28,120,0.0,7.121481481481481,0.0,0.2270333333333333,12.0855,6.0,-4,19.85288605028305,,0.0,0.0,0.0,6409.333333333333,41.02819071557212,optimal
2021-02-11 23:00:00,28,120,0.0,0.0774074074074074,0.0,0.2357,11.6865,6.0,-4,19.81644282291714,,0.0,0.0,0.0,69.66666666666666,40.98716252485655,optimal
2021-02-11 23:30:00,28,120,0.0,0.0,0.0,0.0686666666666666,11.2245,6.0,-4,19.77578393286217,,0.0,0.0,0.0,0.0,40.946175362331694,optimal
2021-02-12 00:00:00,28,120,1.1428571428571428,0.0,0.0,0.0696666666666666,14.3325,6.0,-14,19.77578393286217,,4000.0,0.0,0.0,0.0,40.905229186969365,optimal
2021-02-12 00:30:00,28,120,1.1428571428571428,0.0,0.0,0.2123,15.393,6.0,-14,19.77451780270539,,4000.0,0.0,0.0,0.0,40.8643239577824,optimal
2021-02-12 01:00:00,28,120,1.1428571428571428,0.0,0.0,0.1669666666666666,13.587,6.0,-14,19.775008034078176,,4000.0,0.0,0.0,0.0,40.82345963382461,optimal
2021-02-12 01:30:00,28,120,1.1428571428571428,0.0,0.0,0.0845,16.1385,6.0,-14,19.77499781746404,,4000.0,0.0,0.0,0.0,40.78263617419079,optimal
2021-02-12 02:00:00,28,120,1.1428571428571428,0.0,0.0,0.2421333333333333,14.595,6.0,-14,19.7741812401528,,4000.0,0.0,0.0,0.0,40.74185353801659,optimal
2021-02-12 02:30:00,28,120,1.1428571428571428,0.0,0.0,0.1123,14.637,6.0,-14,19.775484881414616,,4000.0,0.0,0.0,0.0,40.701111684478576,optimal
2021-02-12 03:00:00,28,120,1.1428571428571428,0.0,0.0,0.2143333333333333,13.9125,6.0,-14,19.7757990327548,,4000.0,0.0,0.0,0.0,40.6604105727941,optimal
2021-02-12 03:30:00,28,120,1.1428571428571428,0.0,0.0,0.0847,13.3665,6.0,-14,19.77795033521612,,4000.0,0.0,0.0,0.0,40.61975016222131,optimal
2021-02-12 04:00:00,28,120,1.1428571428571428,0.0,0.0,0.1399,13.0095,6.0,-14,19.77990592882737,,4000.0,0.0,0.0,0.0,40.57913041205909,optimal
2021-02-12 04:30:00,28,120,1.1428571428571428,0.0,0.0,0.2143333333333333,13.8915,6.0,-14,19.783917904700584,,4000.0,0.0,0.0,0.0,40.538551281647024,optimal
2021-02-12 05:00:00,28,120,1.1428571428571428,0.0,0.0,0.1606,13.188,6.0,-14,19.790216492996755,,4000.0,0.0,0.0,0.0,40.498012730365375,optimal
2021-02-12 05:30:00,28,120,1.1428571428571428,0.0,0.0,0.1255,12.5685,6.0,-14,19.797235790039107,,4000.0,0.0,0.0,0.0,40.45751471763501,optimal
2021-02-12 06:00:00,28,120,1.1428571428571428,0.0,1.2378052465867553,0.1861,12.285,6.0,-14,19.80539962092556,,4000.0,0.0,0.0,0.0,41.00501469504607,optimal
2021-02-12 06:30:00,28,120,1.1428571428571428,0.0774074074074074,5.0,0.1507333333333333,11.487,6.0,-14,19.815802533514585,,4000.0,0.0,0.0,69.66666666666666,43.33900968035103,optimal
2021-02-12 07:00:00,28,120,1.1428571428571428,0.2322222222222222,5.0,0.338,11.802,6.0,-14,19.82645982672394,,4000.0,0.0,0.0,209.0,45.670670670670674,optimal
2021-02-12 07:30:00,28,120,1.1428571428571428,14.291820649857744,5.0,0.184,11.2245,6.0,-14,19.84321242980661,,4000.0,11817.63858487197,0.0,1044.9999999999998,48.0,optimal
2021-02-12 08:00:00,28,120,1.1428571428571428,0.3096296296296296,0.0,0.5418666666666667,11.025,6.0,-14,20.0,,4000.0,0.0,0.0,278.66666666666663,47.59914842482841,optimal
2021-02-12 08:30:00,28,120,1.1428571428571428,2.2448148148148146,0.0,0.2055,11.907,6.0,-14,20.01368406120856,,4000.0,0.0,0.0,2020.3333333333333,47.19869770123199,optimal
2021-02-12 09:00:00,28,120,0.0,1.6405002811999634,0.0,0.3207333333333333,25.83,6.0,-14,20.02100396369649,,0.0,1406.7835864133003,0.0,69.66666666666666,46.79864742835916,optimal
2021-02-12 09:30:00,28,120,0.0,3.1241491264736334,0.0,0.3179333333333333,28.035,6.0,-14,20.0,,0.0,2811.73421382627,0.0,0.0,46.39899720575921,optimal
2021-02-12 10:00:00,28,120,0.0,2.4071266272019347,0.0,0.194,28.119,6.0,-14,20.0,,0.0,2166.413964481741,0.0,0.0,45.99974663338186,optimal
2021-02-12 10:30:00,28,120,0.0,1.8716715086983464,0.0,0.5217333333333334,30.156,6.0,-14,20.0,,0.0,1684.504357828512,0.0,0.0,45.600895311576885,optimal
2021-02-12 11:00:00,28,120,0.0,1.6157826484003726,0.0,0.9620333333333332,29.1585,6.0,-14,20.0,,0.0,1454.2043835603354,0.0,0.0,45.20244284109371,optimal
2021-02-12 11:30:00,28,120,0.0,2.0759414993283176,0.0,0.5378333333333334,26.712,6.0,-14,20.0,,0.0,1868.3473493954857,0.0,0.0,44.80438882308103,optimal
2021-02-12 12:00:00,28,120,0.5080084452252941,0.0,0.0,0.4331333333333333,15.435,6.0,-14,20.0,,1778.0295582885292,0.0,0.0,0.0,44.406732859086354,optimal
2021-02-12 12:30:00,28,120,0.4137559592733664,0.0774074074074074,0.0,2.3464,13.566,6.0,-14,20.0,,1448.1458574567823,0.0,0.0,69.66666666666666,44.00947455105568,optimal
2021-02-12 13:00:00,28,120,0.5297696707497951,0.2322222222222222,0.0,2.1924,12.789,6.0,-14,20.0,,1854.1938476242829,0.0,0.0,209.0,43.61261350133303,optimal
2021-02-12 13:30:00,28,120,1.1428571428571428,0.0,0.0,0.1765,12.1275,6.0,-14,20.003773602358866,,4000.0,0.0,0.0,0.0,43.21614931266011,optimal
2021-02-12 14:00:00,28,120,0.0,0.0,0.0,0.2184333333333333,13.671,6.0,-14,20.02652166680544,,0.0,0.0,0.0,0.0,42.82008158817585,optimal
2021-02-12 14:30:00,28,120,1.1428571428571428,0.0,0.0,0.074,10.668,6.0,-14,20.0,,4000.0,0.0,0.0,0.0,42.424409931416086,optimal
2021-02-12 15:00:00,28,120,0.1669499618697712,0.0,0.0,0.2796,11.7285,6.0,-14,20.020302494257603,,584.3248665441993,0.0,0.0,0.0,42.02913394631308,optimal
2021-02-12 15:30:00,28,120,0.6960712648475117,0.0,0.0,0.1153333333333333,11.025,6.0,-14,20.0,,2436.2494269662907,0.0,0.0,0.0,41.634253237195175,optimal
2021-02-12 16:00:00,28,120,1.1428571428571428,0.0,0.0,0.1705333333333333,10.689,6.0,-14,20.0,,4000.0,0.0,0.0,0.0,41.23976740878639,optimal
2021-02-12 16:30:00,28,120,1.1428571428571428,0.4644444444444444,0.0,0.4286,8.1585,6.0,-14,20.018315245287223,,4000.0,0.0,0.0,418.0,40.845676066206,optimal
2021-02-12 17:00:00,28,120,1.1428571428571428,0.0,0.0,0.074,10.3635,6.0,-14,20.038848860672324,,4000.0,0.0,0.0,0.0,40.45197881496821,optimal
2021-02-12 17:30:00,28,120,0.2328332086096688,0.0,0.0,0.4123666666666666,10.8045,6.0,-14,20.04975650429692,,814.9162301338409,0.0,0.0,0.0,40.05867526098165,optimal
2021-02-12 18:00:00,28,120,0.0,0.0,0.0,0.2983666666666666,11.025,6.0,-14,20.029392483531502,,0.0,0.0,0.0,0.0,39.66576501054907,optimal
2021-02-12 18:30:00,28,120,0.8534191729643958,1.393333333333333,0.0,0.9365333333333332,10.3635,6.0,-14,20.0,,2986.967105375385,0.0,0.0,1254.0,39.626099245538526,optimal
2021-02-12 19:00:00,28,120,0.0,0.1548148148148148,0.0,1.0395333333333332,10.8045,6.0,-14,20.01658506158751,,0.0,0.0,0.0,139.33333333333331,39.58647314629299,optimal
2021-02-12 19:30:00,28,120,1.1295008225413128,0.0774074074074074,0.0,0.4039,10.059,6.0,-14,20.0,,3953.252878894594,0.0,0.0,69.66666666666666,39.546886673146695,optimal
2021-02-12 20:00:00,28,120,0.0,1.935185185185185,0.0,0.6315,10.584,6.0,-14,20.023302503156085,,0.0,0.0,0.0,1741.6666666666667,39.50733978647355,optimal
2021-02-12 20:30:00,28,120,0.0,0.3096296296296296,0.0,0.5183666666666666,9.4185,6.0,-14,20.0,,0.0,0.0,0.0,278.66666666666663,39.46783244668708,optimal
2021-02-12 21:00:00,28,120,0.0,0.1548148148148148,0.0,0.6411,10.3635,6.0,-14,19.974260798716674,,0.0,0.0,0.0,139.33333333333331,39.42836461424039,optimal
2021-02-12 21:30:00,28,120,0.0,0.0,0.0,0.4296333333333333,9.8385,6.0,-14,19.95106581134446,,0.0,0.0,0.0,0.0,39.38893624962615,optimal
2021-02-12 22:00:00,28,120,0.0,0.0,0.0,0.6269333333333332,11.067,6.0,-14,19.925510435711647,,0.0,0.0,0.0,0.0,39.34954731337652,optimal
2021-02-12 22:30:00,28,120,0.0,0.0,0.0,0.5433666666666667,10.8465,6.0,-14,19.9025758386456,,0.0,0.0,0.0,0.0,39.31019776606314,optimal
2021-02-12 23:00:00,28,120,0.0,0.2322222222222222,0.0,0.33,13.671,6.0,-14,19.880638151866144,,0.0,0.0,0.0,209.0,39.27088756829708,optimal
2021-02-12 23:30:00,28,120,0.0,0.0,0.0,0.2916,12.348,6.0,-14,19.85171433980824,,0.0,0.0,0.0,0.0,39.23161668072878,optimal
2021-02-13 00:00:00,28,120,1.1428571428571428,0.0,5.0,0.0636666666666666,7.539,6.0,-9,19.85171433980824,,4000.0,0.0,0.0,0.0,41.56738506404805,optimal
2021-02-13 00:30:00,28,120,1.1428571428571428,0.0,5.0,0.0683333333333333,7.938,6.0,-9,19.86337040538832,,4000.0,0.0,0.0,0.0,43.900817678984,optimal
2021-02-13 01:00:00,28,120,1.1428571428571428,0.0,5.0,0.071,8.274,6.0,-9,19.87510249022873,,4000.0,0.0,0.0,0.0,46.23191686130502,optimal
2021-02-13 01:30:00,28,120,1.1428571428571428,0.0,5.0,0.161,9.261,6.0,-9,19.88691044361653,,4000.0,0.0,0.0,0.0,48.56068494444372,optimal
2021-02-13 02:00:00,28,120,1.1428571428571428,0.0,0.0,0.1894333333333333,9.9225,6.0,-9,19.89989052602819,,4000.0,0.0,0.0,0.0,48.51212425949928,optimal
2021-02-13 02:30:00,28,120,1.1428571428571428,0.0,0.0400809666875919,0.0897,9.702,6.0,-9,19.91329038737942,,4000.0,0.0,0.0,0.0,48.48265059441637,optimal
2021-02-13 03:00:00,28,120,1.1428571428571428,0.0,0.0,0.1295,10.584,6.0,-9,19.9254486969651,,4000.0,0.0,0.0,0.0,48.434167943821954,optimal
2021-02-13 03:30:00,28,120,1.1428571428571428,0.0,0.0,0.1399,10.143,6.0,-9,19.93806775919827,,4000.0,0.0,0.0,0.0,48.38573377587813,optimal
2021-02-13 04:00:00,28,120,1.1428571428571428,0.0,0.0,0.1707333333333333,13.0095,6.0,-9,19.95068937157383,,4000.0,0.0,0.0,0.0,48.33734804210225,optimal
2021-02-13 04:30:00,28,120,1.1428571428571428,0.0,0.0,0.071,11.025,6.0,-9,19.96356245491595,,4000.0,0.0,0.0,0.0,48.28901069406015,optimal
2021-02-13 05:00:00,28,120,1.1428571428571428,0.0,0.0,0.2981333333333333,12.789,6.0,-9,19.974996774576905,,4000.0,0.0,0.0,0.0,48.24072168336608,optimal
2021-02-13 05:30:00,28,120,1.1428571428571428,0.0,0.0,0.071,12.1275,6.0,-9,19.988977184919747,,4000.0,0.0,0.0,0.0,48.19248096168271,optimal
2021-02-13 06:00:00,28,120,1.1428571428571428,0.0,0.0,1.1269333333333331,12.1695,6.0,-9,19.999964605708595,,4000.0,0.0,0.0,0.0,48.144288480721016,optimal
2021-02-13 06:30:00,28,120,1.1428571428571428,1.0837037037037036,0.0,1.0767,12.306,6.0,-9,20.01488271433625,,4000.0,0.0,0.0,975.3333333333334,48.096144192240295,optimal
2021-02-13 07:00:00,28,120,1.1428571428571428,6.734444444444445,0.0,1.0677,13.23,6.0,-9,20.0309240575386,,4000.0,0.0,0.0,6061.0,48.048048048048045,optimal
2021-02-13 07:30:00,28,120,1.1428571428571428,2.70925925925926,0.0,0.1874333333333333,13.671,6.0,-9,20.05017649245256,,4000.0,0.0,0.0,2438.333333333333,48.0,optimal
2021-02-13 08:00:00,28,120,1.1428571428571428,0.3096296296296296,0.0,0.2298666666666666,13.9335,6.0,-9,20.069002705487403,,4000.0,0.0,0.0,278.66666666666663,47.85417660864069,optimal
2021-02-13 08:30:00,28,120,1.1428571428571428,0.2322222222222222,0.0,0.2441333333333333,13.293,6.0,-9,20.08105379051756,,4000.0,0.0,0.0,209.0,47.70849904067275,optimal
2021-02-13 09:00:00,28,120,1.1428571428571428,0.0,0.0,0.1295,12.1065,6.0,-9,20.09173366143771,,4000.0,0.0,0.0,0.0,47.56296715027277,optimal
2021-02-13 09:30:00,28,120,1.1428571428571428,0.0,0.0,0.2334,11.571,6.0,-9,20.101605460419485,,4000.0,0.0,0.0,0.0,47.41758079176319,optimal
2021-02-13 10:00:00,28,120,1.1428571428571428,0.0,0.0,0.0772333333333333,11.025,6.0,-9,20.113219074116103,,4000.0,0.0,0.0,0.0,47.27233981961212,optimal
2021-02-13 10:30:00,28,120,1.1428571428571428,0.0,0.0,0.071,10.8465,6.0,-9,20.126375711604137,,4000.0,0.0,0.0,0.0,47.1272440884332,optimal
2021-02-13 11:00:00,28,120,1.1428571428571428,0.0,0.0,0.2981333333333333,11.2455,6.0,-9,20.13952945676824,,4000.0,0.0,0.0,0.0,46.98229345298546,optimal
2021-02-13 11:30:00,28,120,0.0,0.0,0.0,0.071,23.8665,6.0,-9,20.159013175161228,,0.0,0.0,0.0,0.0,46.83748776817317,optimal
2021-02-13 12:00:00,28,120,0.0,0.0,0.0,0.2981333333333333,27.4575,6.0,-9,20.127061004857275,,0.0,0.0,0.0,0.0,46.69282688904569,optimal
2021-02-13 12:30:00,28,120,0.0,0.0,0.0,0.071,27.3735,6.0,-9,20.099460140065737,,0.0,0.0,0.0,0.0,46.54831067079734,optimal
2021-02-13 13:00:00,28,120,0.0,0.0,0.0,0.1707333333333333,30.4605,6.0,-9,20.06934523578429,,0.0,0.0,0.0,0.0,46.40393896876724,optimal
2021-02-13 13:30:00,28,120,0.0,0.0,0.0,0.1984,30.0195,6.0,-9,20.04134955724952,,0.0,0.0,0.0,0.0,46.25971163843917,optimal
2021-02-13 14:00:00,28,120,0.0,1.4557932297447498,0.0,0.1382,26.9325,6.0,-9,20.013944683022785,,0.0,1310.213906770275,0.0,0.0,46.11562853544142,optimal
2021-02-13 14:30:00,28,120,0.5600287392164388,0.5418518518518518,0.0,0.4371,14.595,6.0,-9,20.0,,1960.100587257536,0.0,0.0,487.6666666666667,45.97168951554667,optimal
2021-02-13 15:00:00,28,120,0.6254185125988749,0.0,0.0,0.2956666666666667,12.4845,6.0,-9,20.0,,2188.964794096062,0.0,0.0,0.0,45.82789443467182,optimal
2021-02-13 15:30:00,28,120,0.7419561044195704,0.0,0.0,0.3584666666666666,12.1275,6.0,-9,20.0,,2596.846365468496,0.0,0.0,0.0,45.68424314887784,optimal
2021-02-13 16:00:00,28,120,1.1428571428571428,0.1548148148148148,0.0,0.4271333333333333,12.1275,6.0,-9,20.005994616429767,,4000.0,0.0,0.0,139.33333333333331,45.54073551436966,optimal
2021-02-13 16:30:00,28,120,0.0,0.0774074074074074,0.0,0.2845,12.789,6.0,-9,20.027789474580647,,0.0,0.0,0.0,69.66666666666666,45.39737138749598,optimal
2021-02-13 17:00:00,28,120,0.698345620093823,0.0,0.0,0.2796,11.907,6.0,-9,20.0,,2444.2096703283805,0.0,0.0,0.0,45.25415062474918,optimal
2021-02-13 17:30:00,28,120,0.6508810681881212,0.6192592592592592,0.0,0.467,11.025,6.0,-9,20.0,,2278.083738658424,0.0,0.0,557.3333333333333,45.11107308276512,optimal
2021-02-13 18:00:00,28,120,1.1428571428571428,0.0,0.0,0.6407333333333334,8.2005,6.0,-9,20.0,,4000.0,0.0,0.0,0.0,44.96813861832305,optimal
2021-02-13 18:30:00,28,120,0.4705982049934664,0.0,0.0,0.1956666666666666,9.5655,6.0,-9,20.020439188647515,,1647.0937174771325,0.0,0.0,0.0,44.825347088345424,optimal
2021-02-13 19:00:00,28,120,1.1428571428571428,0.0,0.0,0.1329666666666666,7.056,6.0,-9,20.002437769604345,,4000.0,0.0,0.0,0.0,44.68269834989777,optimal
2021-02-13 19:30:00,28,120,1.1428571428571428,0.0,0.0,0.5175666666666667,9.3975,6.0,-9,20.012272990363005,,4000.0,0.0,0.0,0.0,44.54019226018857,optimal
2021-02-13 20:00:00,28,120,0.0,0.1548148148148148,0.0,0.5272333333333333,10.059,6.0,-9,20.0293899063842,,0.0,0.0,0.0,139.33333333333331,44.39782867656908,optimal
2021-02-13 20:30:00,28,120,0.0,0.387037037037037,0.0,0.5086666666666667,9.261,6.0,-9,20.0,,0.0,0.0,0.0,348.3333333333333,44.255607456533205,optimal
2021-02-13 21:00:00,28,120,0.0,0.0,0.0,0.4906666666666667,8.1585,6.0,-9,19.974204489114115,,0.0,0.0,0.0,0.0,44.21135184907667,optimal
2021-02-13 21:30:00,28,120,0.0,0.0,0.0,0.3597666666666667,9.4815,6.0,-9,19.94878904271729,,0.0,0.0,0.0,0.0,44.16714049722759,optimal
2021-02-13 22:00:00,28,120,0.0,0.0,0.0,0.335,8.379,6.0,-9,19.92252203947872,,0.0,0.0,0.0,0.0,44.12297335673036,optimal
2021-02-13 22:30:00,28,120,0.0,0.0,0.0,0.5477000000000001,9.5235,6.0,-9,19.896986435814537,,0.0,0.0,0.0,0.0,44.078850383373634,optimal
2021-02-13 23:00:00,28,120,0.0,0.0,0.0,0.4016666666666666,8.1375,6.0,-9,19.873935941429984,,0.0,0.0,0.0,0.0,44.03477153299026,optimal
2021-02-13 23:30:00,28,120,0.0,0.0,0.0,0.5540666666666667,10.0905,6.0,-9,19.847911188297743,,0.0,0.0,0.0,0.0,43.99073676145727,optimal
2021-02-07 00:00:00,29,120,1.1428571428571428,0.0,1.629037447242273,0.058,1.5435,6.0,-11,21.0,,4000.0,0.0,0.0,0.0,48.72579278744007,optimal
2021-02-07 00:30:00,29,120,1.1428571428571428,0.0,0.0,0.1758,5.0715,6.0,-11,21.015885427488737,,4000.0,0.0,0.0,0.0,48.67706699465263,optimal
2021-02-07 01:00:00,29,120,1.1428571428571428,0.0,0.0,0.1496666666666666,5.376,6.0,-11,21.0329761848652,,4000.0,0.0,0.0,0.0,48.62838992765797,optimal
2021-02-07 01:30:00,29,120,1.1428571428571428,0.0,0.0,0.067,5.0715,6.0,-11,21.04951643721828,,4000.0,0.0,0.0,0.0,48.57976153773031,optimal
2021-02-07 02:00:00,29,120,0.5762470259822916,0.0,0.0,0.2584666666666666,5.5125,6.0,-11,21.06491769563129,,2016.8645909380205,0.0,0.0,0.0,48.53118177619257,optimal
2021-02-07 02:30:00,29,120,0.0,0.0,0.0,0.058,9.261,6.0,-11,21.058362568364863,,0.0,0.0,0.0,0.0,48.48265059441637,optimal
2021-02-07 03:00:00,29,120,0.0,0.0,0.0,0.1,11.7075,6.0,-11,21.02460989033053,,0.0,0.0,0.0,0.0,48.434167943821954,optimal
2021-02-07 03:30:00,29,120,0.0,0.0,0.0,0.1477333333333333,12.348,6.0,-11,20.99123753123165,,0.0,0.0,0.0,0.0,48.38573377587813,optimal
2021-02-07 04:00:00,29,120,0.0,0.0,0.0,0.1357333333333333,12.348,6.0,-11,20.9584137106396,,0.0,0.0,0.0,0.0,48.33734804210225,optimal
2021-02-07 04:30:00,29,120,0.0,0.0,0.0,0.112,12.1275,6.0,-11,20.9254096490734,,0.0,0.0,0.0,0.0,48.28901069406015,optimal
2021-02-07 05:00:00,29,120,0.0,0.0,0.0,0.058,12.5265,6.0,-11,20.89218189252129,,0.0,0.0,0.0,0.0,48.24072168336608,optimal
2021-02-07 05:30:00,29,120,0.0,0.0,0.0,0.2392,11.7495,6.0,-11,20.858362165550886,,0.0,0.0,0.0,0.0,48.19248096168271,optimal
2021-02-07 06:00:00,29,120,0.0,0.0,0.0,0.0862666666666666,13.23,6.0,-11,20.826816928908343,,0.0,0.0,0.0,0.0,48.144288480721016,optimal
2021-02-07 06:30:00,29,120,0.0,0.0,0.0,0.1428,14.3325,6.0,-11,20.793471146322524,,0.0,0.0,0.0,0.0,48.096144192240295,optimal
2021-02-07 07:00:00,29,120,0.0,0.4644444444444444,0.0,0.3698666666666667,14.994,6.0,-11,20.76078105417435,,0.0,0.0,0.0,418.0,48.048048048048045,optimal
2021-02-07 07:30:00,29,120,0.0,0.0774074074074074,0.0,0.8782666666666666,14.8155,6.0,-11,20.73263801725624,,0.0,0.0,0.0,69.66666666666666,48.0,optimal
2021-02-07 08:00:00,29,120,0.0,0.4644444444444444,0.0,0.2318666666666666,14.112,6.0,-11,20.70285282785544,,0.0,0.0,0.0,418.0,47.72700621460401,optimal
2021-02-07 08:30:00,29,120,0.0,0.0,0.0,0.058,14.007,6.0,-11,20.672148718127342,,0.0,0.0,0.0,0.0,47.454285422993415,optimal
2021-02-07 09:00:00,29,120,0.0,0.0,0.0,0.058,13.23,6.0,-11,20.63480311697532,,0.0,0.0,0.0,0.0,47.18183735217443,optimal
2021-02-07 09:30:00,29,120,0.0,0.0,0.0,0.2128,11.382,6.0,-11,20.598434160243173,,0.0,0.0,0.0,0.0,46.90966172942627,optimal
2021-02-07 10:00:00,29,120,0.0,0.0,0.0,0.058,11.7495,6.0,-11,20.56471919694719,,0.0,0.0,0.0,0.0,46.63775828230085,optimal
2021-02-07 10:30:00,29,120,0.0,0.0,0.0,0.0586666666666666,24.3285,6.0,-11,20.52991537251435,,0.0,0.0,0.0,0.0,46.36612673862256,optimal
2021-02-07 11:00:00,29,120,0.0,0.0,0.0,0.1990666666666666,28.917,6.0,-11,20.49498229256513,,0.0,0.0,0.0,0.0,46.09476682648795,optimal
2021-02-07 11:30:00,29,120,0.0,0.0,0.0,0.1430666666666666,31.3635,6.0,-11,20.463772823035864,,0.0,0.0,0.0,0.0,45.82367827426548,optimal
2021-02-07 12:00:00,29,120,0.0,0.0,0.0,0.1132666666666666,33.306,6.0,-11,20.4322000644631,,0.0,0.0,0.0,0.0,45.55286081059522,optimal
2021-02-07 12:30:00,29,120,0.0,0.0,0.0,0.0616666666666666,31.3425,6.0,-11,20.40238736820448,,0.0,0.0,0.0,0.0,45.28231416438864,optimal
2021-02-07 13:00:00,29,120,0.0,0.0,0.0,0.1081333333333333,28.2555,6.0,-11,20.371209661566727,,0.0,0.0,0.0,0.0,45.01203806482826,optimal
2021-02-07 13:30:00,29,120,0.0,0.0,0.0,0.2303333333333332,15.6975,6.0,-11,20.338675570287773,,0.0,0.0,0.0,0.0,44.74203224136745,optimal
2021-02-07 14:00:00,29,120,0.0,0.0,0.0,0.064,12.5475,6.0,-11,20.3077816080324,,0.0,0.0,0.0,0.0,44.47229642373009,optimal
2021-02-07 14:30:00,29,120,0.0,0.0,0.0,0.2473333333333333,12.0855,6.0,-11,20.275527051184312,,0.0,0.0,0.0,0.0,44.20283034191038,optimal
2021-02-07 15:00:00,29,120,0.0,0.0,0.0,0.0948,11.907,6.0,-11,20.24566899875788,,0.0,0.0,0.0,0.0,43.93363372617248,optimal
2021-02-07 15:30:00,29,120,0.0,0.0,0.0,0.1931333333333333,12.5685,6.0,-11,20.21501939111608,,0.0,0.0,0.0,0.0,43.66470630705032,optimal
2021-02-07 16:00:00,29,120,0.0,0.0,0.0,0.1457333333333333,13.146,6.0,-11,20.18595239374116,,0.0,0.0,0.0,0.0,43.39604781534729,optimal
2021-02-07 16:30:00,29,120,0.0,0.0774074074074074,0.0,0.1355666666666666,10.584,6.0,-11,20.156896645960902,,0.0,0.0,0.0,69.66666666666666,43.12765798213595,optimal
2021-02-07 17:00:00,29,120,0.0,0.4644444444444444,0.0,0.2087666666666666,6.678,6.0,-11,20.12978681131248,,0.0,0.0,0.0,418.0,43.08453032415382,optimal
2021-02-07 17:30:00,29,120,0.0,0.2322222222222222,0.0,0.1659666666666666,7.938,6.0,-11,20.10410027480896,,0.0,0.0,0.0,209.0,43.04144579382967,optimal
2021-02-07 18:00:00,29,120,1.1428571428571428,0.3096296296296296,0.0,0.3903,5.292,6.0,-11,20.077814622598005,,4000.0,0.0,0.0,278.66666666666663,42.99840434803584,optimal
2021-02-07 18:30:00,29,120,0.0,0.0774074074074074,0.0,0.2348333333333332,9.261,6.0,-11,20.101855922532103,,0.0,0.0,0.0,69.66666666666666,42.9554059436878,optimal
2021-02-07 19:00:00,29,120,0.0,0.4644444444444444,0.0,0.1280333333333333,10.3635,6.0,-11,20.07591970192717,,0.0,0.0,0.0,418.0,42.912450537744114,optimal
2021-02-07 19:30:00,29,120,0.0,0.0,0.0,0.3888666666666667,8.274,6.0,-11,20.048105831936564,,0.0,0.0,0.0,0.0,42.86953808720637,optimal
2021-02-07 20:00:00,29,120,0.0,0.1548148148148148,0.0,0.4018,7.7175,6.0,-11,20.02280655735843,,0.0,0.0,0.0,139.33333333333331,42.82666854911916,optimal
2021-02-07 20:30:00,29,120,0.0,0.5418518518518518,0.0,0.3292666666666666,6.615,6.0,-11,20.0,,0.0,0.0,0.0,487.6666666666667,42.78384188057005,optimal
2021-02-07 21:00:00,29,120,0.0,0.0,0.0,0.5703333333333334,6.174,6.0,-11,19.974713980310327,,0.0,0.0,0.0,0.0,42.741058038689474,optimal
2021-02-07 21:30:00,29,120,0.0,0.0,0.0,1.480233333333333,3.906,6.0,-11,19.95162209398299,,0.0,0.0,0.0,0.0,42.69831698065079,optimal
2021-02-07 22:00:00,29,120,0.0,0.0774074074074074,0.0,1.1225666666666667,2.3415,6.0,-11,19.931420241053488,,0.0,0.0,0.0,69.66666666666666,42.65561866367014,optimal
2021-02-07 22:30:00,29,120,0.0,0.0,0.0,0.5986,2.205,6.0,-11,19.91086356921545,,0.0,0.0,0.0,0.0,42.61296304500647,optimal
2021-02-07 23:00:00,29,120,0.0,0.5418518518518518,0.0,0.5563666666666667,0.882,6.0,-11,19.889106352712098,,0.0,0.0,0.0,487.6666666666667,42.57035008196146,optimal
2021-02-07 23:30:00,29,120,0.0,0.0,0.0,0.3349,1.5435,6.0,-11,19.86689466314503,,0.0,0.0,0.0,0.0,42.5277797318795,optimal
2021-02-08 00:00:00,29,120,1.1428571428571428,0.0,3.1229606808488155,0.0476666666666666,11.907,6.0,-12,19.86689466314503,,4000.0,0.0,0.0,0.0,43.96865827555081,optimal
2021-02-08 00:30:00,29,120,1.1428571428571428,0.0,5.0,0.1197666666666666,11.025,6.0,-12,19.882766990291945,,4000.0,0.0,0.0,0.0,46.299689617275256,optimal
2021-02-08 01:00:00,29,120,1.1428571428571428,0.0,5.0,0.1197666666666666,11.2875,6.0,-12,19.89863140208278,,4000.0,0.0,0.0,0.0,48.62838992765797,optimal
2021-02-08 01:30:00,29,120,1.1428571428571428,0.0,0.0,0.049,12.936,6.0,-12,19.914464361679983,,4000.0,0.0,0.0,0.0,48.57976153773031,optimal
2021-02-08 02:00:00,29,120,1.1428571428571428,0.0,0.0,0.1657,13.0095,6.0,-12,19.92930469947389,,4000.0,0.0,0.0,0.0,48.53118177619257,optimal
2021-02-08 02:30:00,29,120,1.1428571428571428,0.0,0.0,0.1374333333333333,13.671,6.0,-12,19.945438166677054,,4000.0,0.0,0.0,0.0,48.48265059441637,optimal
2021-02-08 03:00:00,29,120,1.1428571428571428,0.0,0.0,0.0984666666666666,13.188,6.0,-12,19.961294422175097,,4000.0,0.0,0.0,0.0,48.434167943821954,optimal
2021-02-08 03:30:00,29,120,1.1428571428571428,0.0,0.0,0.1470999999999999,13.8495,6.0,-12,19.97674366448509,,4000.0,0.0,0.0,0.0,48.38573377587813,optimal
2021-02-08 04:00:00,29,120,1.1428571428571428,0.0,0.0,0.1169,13.23,6.0,-12,19.992651556735968,,4000.0,0.0,0.0,0.0,48.33734804210225,optimal
2021-02-08 04:30:00,29,120,1.1428571428571428,0.0,0.0,0.0797333333333333,13.3665,6.0,-12,20.007943113030645,,4000.0,0.0,0.0,0.0,48.28901069406015,optimal
2021-02-08 05:00:00,29,120,1.1428571428571428,0.0,0.0,0.2284,13.0515,6.0,-12,20.022614231193703,,4000.0,0.0,0.0,0.0,48.24072168336608,optimal
2021-02-08 05:30:00,29,120,1.1428571428571428,0.0,0.0,0.049,13.5345,6.0,-12,20.038930026732885,,4000.0,0.0,0.0,0.0,48.19248096168271,optimal
2021-02-08 06:00:00,29,120,1.1428571428571428,0.0,0.0,0.1824333333333333,14.154,6.0,-12,20.052928834663337,,4000.0,0.0,0.0,0.0,48.144288480721016,optimal
2021-02-08 06:30:00,29,120,1.1428571428571428,0.0,0.0,0.1310333333333333,14.112,6.0,-12,20.068422230817863,,4000.0,0.0,0.0,0.0,48.096144192240295,optimal
2021-02-08 07:00:00,29,120,0.6739500010048917,0.0,0.0,0.053,14.2485,6.0,-12,20.083041847104298,,2358.825003517121,0.0,0.0,0.0,48.048048048048045,optimal
2021-02-08 07:30:00,29,120,1.1428571428571428,0.0,0.0,2.1711666666666667,12.789,6.0,-12,20.076662459041906,,4000.0,0.0,0.0,0.0,48.0,optimal
2021-02-08 08:00:00,29,120,1.1428571428571428,2.5544444444444445,0.0,0.1398333333333333,13.0095,6.0,-12,20.104255207111144,,4000.0,0.0,0.0,2299.0,47.88825564366706,optimal
2021-02-08 08:30:00,29,120,1.1428571428571428,0.3096296296296296,0.0,0.9301333333333331,12.1275,6.0,-12,20.123927638791272,,4000.0,0.0,0.0,278.66666666666663,47.77662303169045,optimal
2021-02-08 09:00:00,29,120,1.1428571428571428,0.2322222222222222,0.0,0.2741,12.348,6.0,-12,20.142343353263563,,4000.0,0.0,0.0,209.0,47.66510205232582,optimal
2021-02-08 09:30:00,29,120,1.1428571428571428,0.0,0.0,0.2533333333333333,12.348,6.0,-12,20.165277561316035,,4000.0,0.0,0.0,0.0,47.55369259394055,optimal
2021-02-08 10:00:00,29,120,0.0,0.0,0.0,0.2586,25.389,6.0,-12,20.18770756785213,,0.0,0.0,0.0,0.0,47.44239454501367,optimal
2021-02-08 10:30:00,29,120,0.0,0.0,0.0,0.2515,29.1375,6.0,-12,20.16291081468708,,0.0,0.0,0.0,0.0,47.33120779413572,optimal
2021-02-08 11:00:00,29,120,0.0,0.3096296296296296,0.0,1.2586,30.597,6.0,-12,20.13545170386476,,0.0,0.0,0.0,278.66666666666663,47.22013223000864,optimal
2021-02-08 11:30:00,29,120,0.0,0.1548148148148148,0.0,0.1423333333333333,33.684,6.0,-12,20.11353018653648,,0.0,0.0,0.0,139.33333333333331,47.10916774144569,optimal
2021-02-08 12:00:00,29,120,0.0,0.0,0.0,0.1619333333333333,32.445,6.0,-12,20.08470686324973,,0.0,0.0,0.0,0.0,46.9983142173713,optimal
2021-02-08 12:30:00,29,120,0.0,0.0,0.0,0.1011333333333333,28.917,6.0,-12,20.056311805954707,,0.0,0.0,0.0,0.0,46.88757154682099,optimal
2021-02-08 13:00:00,29,120,0.0,0.0,0.0,0.1769666666666666,15.876,6.0,-12,20.02762886974964,,0.0,0.0,0.0,0.0,46.77693961894124,optimal
2021-02-08 13:30:00,29,120,0.6518590628540764,0.0,0.0,0.1426333333333333,12.348,6.0,-12,20.0,,2281.506719989268,0.0,0.0,0.0,46.66641832298935,optimal
2021-02-08 14:00:00,29,120,1.1428571428571428,0.0,0.0,0.1226,12.1275,6.0,-12,20.0,,4000.0,0.0,0.0,0.0,46.55600754833342,optimal
2021-02-08 14:30:00,29,120,0.1860980181222598,0.0,0.0,0.059,12.348,6.0,-12,20.02095410622528,,651.3430634279096,0.0,0.0,0.0,46.44570718445215,optimal
2021-02-08 15:00:00,29,120,0.6397120379724041,0.0774074074074074,0.0,0.2707,12.1275,6.0,-12,20.0,,2238.992132903414,0.0,0.0,69.66666666666666,46.33551712093475,optimal
2021-02-08 15:30:00,29,120,0.6983585996395822,0.0,0.0,0.1661,12.1275,6.0,-12,20.0,,2444.255098738538,0.0,0.0,0.0,46.22543724748088,optimal
2021-02-08 16:00:00,29,120,0.6186735253303923,0.0,0.0,0.3535,11.2665,6.0,-12,20.0,,2165.357338656373,0.0,0.0,0.0,46.11546745390046,optimal
2021-02-08 16:30:00,29,120,1.1428571428571428,0.0,0.0,0.4387,10.143,6.0,-12,20.0,,4000.0,0.0,0.0,0.0,46.005607630113616,optimal
2021-02-08 17:00:00,29,120,0.1457794032880742,0.3096296296296296,0.0,0.4851,11.2455,6.0,-12,20.02321505771886,,510.2279115082598,0.0,0.0,278.66666666666663,45.89585766615056,optimal
2021-02-08 17:30:00,29,120,0.8544846398079552,0.0,0.0,0.1040333333333333,11.025,6.0,-12,20.0,,2990.696239327843,0.0,0.0,0.0,45.78621745215147,optimal
2021-02-08 18:00:00,29,120,1.1428571428571428,0.0,0.0,0.2191,5.9745,6.0,-12,20.0,,4000.0,0.0,0.0,0.0,45.676686878366375,optimal
2021-02-08 18:30:00,29,120,1.1428571428571428,0.0,0.0,0.059,7.938,6.0,-12,20.01246079109752,,4000.0,0.0,0.0,0.0,45.56726583515507,optimal
2021-02-08 19:00:00,29,120,0.3118468210363757,0.0,0.0,0.2005333333333333,8.6835,6.0,-12,20.023045612885404,,1091.4638736273148,0.0,0.0,0.0,45.45795421298698,optimal
2021-02-08 19:30:00,29,120,0.7854991500480052,0.0,0.0,0.2538666666666667,7.665,6.0,-12,20.0,,2749.247025168018,0.0,0.0,0.0,45.34875190244105,optimal
2021-02-08 20:00:00,29,120,0.6515785126655983,0.0,0.0,0.5321,6.7725,6.0,-12,20.0,,2280.524794329594,0.0,0.0,0.0,45.23965879420568,optimal
2021-02-08 20:30:00,29,120,0.0,0.0,0.0,0.4127,5.5755,6.0,-12,20.0,,0.0,0.0,0.0,0.0,45.194419135411465,optimal
2021-02-08 21:00:00,29,120,0.0,0.1548148148148148,0.0,0.4375,5.0925,6.0,-12,19.970138248053217,,0.0,0.0,0.0,139.33333333333331,45.14922471627605,optimal
2021-02-08 21:30:00,29,120,0.0,0.0,0.0,0.4038333333333333,4.1895,6.0,-12,19.94463353942858,,0.0,0.0,0.0,0.0,45.104075491559776,optimal
2021-02-08 22:00:00,29,120,0.0,0.0,0.0,0.3404333333333333,7.056,6.0,-12,19.918524526758816,,0.0,0.0,0.0,0.0,45.05897141606822,optimal
2021-02-08 22:30:00,29,120,0.0,0.0,0.0,0.4133333333333333,5.271,6.0,-12,19.89108715261442,,0.0,0.0,0.0,0.0,45.01391244465215,optimal
2021-02-08 23:00:00,29,120,0.0,0.3096296296296296,0.0,0.2067333333333333,7.938,6.0,-12,19.864569888229727,,0.0,0.0,0.0,278.66666666666663,44.9688985322075,optimal
2021-02-08 23:30:00,29,120,0.0,0.0,0.0,0.1933666666666667,7.938,6.0,-12,19.83467419697225,,0.0,0.0,0.0,0.0,44.92392963367529,optimal
2021-02-09 00:00:00,29,120,1.1428571428571428,0.0,0.0,0.066,13.23,6.0,18,19.83467419697225,,4000.0,0.0,0.0,0.0,44.87900570404162,optimal
2021-02-09 00:30:00,29,120,1.1428571428571428,0.0,0.0,0.1026,13.8915,6.0,18,19.84820926399804,,4000.0,0.0,0.0,0.0,44.83412669833758,optimal
2021-02-09 01:00:00,29,120,0.0,0.0,0.0,0.1969333333333333,26.9325,6.0,18,19.86226249880788,,0.0,0.0,0.0,0.0,44.78929257163924,optimal
2021-02-09 01:30:00,29,120,0.0,0.0,0.0,0.2085333333333333,30.303,6.0,18,19.828806828466025,,0.0,0.0,0.0,0.0,44.7445032790676,optimal
2021-02-09 02:00:00,29,120,0.0,0.0,0.0,0.0904,32.886,6.0,18,19.79536054498902,,0.0,0.0,0.0,0.0,44.69975877578853,optimal
2021-02-09 02:30:00,29,120,0.0,0.0,0.0,0.1712666666666666,34.9965,6.0,18,19.76034317377184,,0.0,0.0,0.0,0.0,44.65505901701274,optimal
2021-02-09 03:00:00,29,120,0.0,0.0,0.0,0.2464,33.327,6.0,18,19.726479500326565,,0.0,0.0,0.0,0.0,44.61040395799573,optimal
2021-02-09 03:30:00,29,120,0.0,0.0,0.0,0.066,31.122,6.0,18,19.69369739194032,,0.0,0.0,0.0,0.0,44.56579355403773,optimal
2021-02-09 04:00:00,29,120,1.1428571428571428,0.0,0.0,0.2357666666666666,17.9025,6.0,18,19.65898083771221,,4000.0,0.0,0.0,0.0,44.5212277604837,optimal
2021-02-09 04:30:00,29,120,1.1428571428571428,0.0,0.0,0.1331,15.6555,6.0,18,19.675328896241588,,4000.0,0.0,0.0,0.0,44.47670653272321,optimal
2021-02-09 05:00:00,29,120,1.1428571428571428,0.0,0.0,0.1122,14.553,6.0,18,19.69019556685957,,4000.0,0.0,0.0,0.0,44.43222982619049,optimal
2021-02-09 05:30:00,29,120,1.1428571428571428,0.0,0.0,0.1468666666666666,14.3325,6.0,18,19.704579896108875,,4000.0,0.0,0.0,0.0,44.3877975963643,optimal
2021-02-09 06:00:00,29,120,1.1428571428571428,0.0,0.0,0.2523333333333333,13.335,6.0,18,19.719358028753184,,4000.0,0.0,0.0,0.0,44.34340979876794,optimal
2021-02-09 06:30:00,29,120,1.1428571428571428,0.0,0.0,0.0757999999999999,12.1275,6.0,18,19.73535108614239,,4000.0,0.0,0.0,0.0,44.299066388969166,optimal
2021-02-09 07:00:00,29,120,1.1428571428571428,0.0,0.0,0.1940333333333333,12.2955,6.0,18,19.74904647536449,,4000.0,0.0,0.0,0.0,44.2547673225802,optimal
2021-02-09 07:30:00,29,120,1.1428571428571428,20.18248044949422,0.0,0.1748333333333333,11.6865,6.0,18,19.764112794456384,,4000.0,18164.2324045448,0.0,0.0,44.21051255525762,optimal
2021-02-09 08:00:00,29,120,1.1428571428571428,0.0,0.0,0.1635333333333333,11.466,6.0,18,20.0,,4000.0,0.0,0.0,0.0,44.16630204270236,optimal
2021-02-09 08:30:00,29,120,1.1428571428571428,0.0774074074074074,3.361328577270019,0.0646666666666666,10.8045,6.0,18,20.01383302786684,,4000.0,0.0,0.0,69.66666666666666,45.71876681486292,optimal
2021-02-09 09:00:00,29,120,1.1428571428571428,0.2322222222222222,5.0,2.5004666666666666,10.584,6.0,18,20.028494778791696,,4000.0,0.0,0.0,209.0,48.048048048048045,optimal
2021-02-09 09:30:00,29,120,1.1428571428571428,0.0,0.0,1.8912333333333329,11.2455,6.0,18,20.052953199828885,,4000.0,0.0,0.0,0.0,48.0,optimal
2021-02-09 10:00:00,29,120,0.0,0.0,0.0,0.6204666666666667,12.1275,6.0,18,20.080514648348665,,0.0,0.0,0.0,0.0,47.68116603208399,optimal
2021-02-09 10:30:00,29,120,0.0,0.0,0.0,0.436,11.823,6.0,18,20.06092951214869,,0.0,0.0,0.0,0.0,47.362650898135904,optimal
2021-02-09 11:00:00,29,120,0.0,0.0,0.0,0.2113666666666666,11.7705,6.0,18,20.0392465659183,,0.0,0.0,0.0,0.0,47.04445427932176,optimal
2021-02-09 11:30:00,29,120,1.1428571428571428,0.5418518518518518,0.0,0.7111333333333333,11.13,6.0,18,20.01911849274134,,4000.0,0.0,0.0,487.6666666666667,46.726575857126434,optimal
2021-02-09 12:00:00,29,120,0.7821619748963886,0.2322222222222222,0.0,0.4006666666666666,11.6865,6.0,18,20.053002373538536,,2737.5669121373603,0.0,0.0,209.0,46.4090153133533,optimal
2021-02-09 12:30:00,29,120,1.1428571428571428,0.1548148148148148,0.0,2.0283666666666664,10.7205,6.0,18,20.07037190273412,,4000.0,0.0,0.0,139.33333333333331,46.091772330123945,optimal
2021-02-09 13:00:00,29,120,1.1428571428571428,0.0,0.0,0.7667666666666666,11.424,6.0,18,20.10448605447128,,4000.0,0.0,0.0,0.0,45.77484658987782,optimal
2021-02-09 13:30:00,29,120,1.1428571428571428,0.0,0.0,0.2393666666666666,10.689,6.0,18,20.140090754926263,,4000.0,0.0,0.0,0.0,45.458237775371934,optimal
2021-02-09 14:00:00,29,120,1.1428571428571428,0.3096296296296296,0.0,0.464,11.361,6.0,18,20.1720135285205,,4000.0,0.0,0.0,278.66666666666663,45.14194556968056,optimal
2021-02-09 14:30:00,29,120,1.1428571428571428,0.0,0.0,0.1757333333333333,11.571,6.0,18,20.20578649463656,,4000.0,0.0,0.0,0.0,44.82596965619487,optimal
2021-02-09 15:00:00,29,120,0.0,0.0,0.0,0.2022333333333333,14.3745,6.0,18,20.236382306412988,,0.0,0.0,0.0,0.0,44.51030971862267,optimal
2021-02-09 15:30:00,29,120,0.0,0.774074074074074,0.0,0.2736666666666666,13.23,6.0,18,20.2180806049479,,0.0,0.0,0.0,696.6666666666666,44.19496544098804,optimal
2021-02-09 16:00:00,29,120,0.0,0.0774074074074074,0.0,0.4573,13.9755,6.0,18,20.20303335675956,,0.0,0.0,0.0,69.66666666666666,43.87993650763105,optimal
2021-02-09 16:30:00,29,120,0.0,0.0,0.0,0.2674333333333333,14.994,6.0,18,20.183116216336234,,0.0,0.0,0.0,0.0,43.56522260320742,optimal
2021-02-09 17:00:00,29,120,0.0,0.5418518518518518,0.0,0.3352666666666666,13.671,6.0,18,20.158661972453,,0.0,0.0,0.0,487.6666666666667,43.250823412688206,optimal
2021-02-09 17:30:00,29,120,0.0,0.2740222222222222,0.0,2.948233333333333,15.981,6.0,18,20.13033521665994,,0.0,0.0,0.0,246.62,42.93673862135951,optimal
2021-02-09 18:00:00,29,120,0.0,0.2678296296296296,0.0,2.5075333333333334,15.6345,6.0,18,20.11113688370555,,0.0,0.0,0.0,241.04666666666665,42.62296791482215,optimal
2021-02-09 18:30:00,29,120,0.0,0.0,0.0,0.5044333333333333,16.5375,6.0,18,20.08711352603665,,0.0,0.0,0.0,0.0,42.58034494690733,optimal
2021-02-09 19:00:00,29,120,0.0,0.2322222222222222,0.0,2.7196666666666665,14.7735,6.0,18,20.06389720733057,,0.0,0.0,0.0,209.0,42.53776460196042,optimal
2021-02-09 19:30:00,29,120,0.0,0.1548148148148148,0.0,0.5151666666666667,15.2145,6.0,18,20.04473373420872,,0.0,0.0,0.0,139.33333333333331,42.49522683735846,optimal
2021-02-09 20:00:00,29,120,0.0,2.8640740740740736,0.0,1.6902,14.553,6.0,18,20.02090262076553,,0.0,0.0,0.0,2577.666666666666,42.4527316105211,optimal
2021-02-09 20:30:00,29,120,0.0,0.0,0.0,0.7391333333333333,14.3325,6.0,18,20.0,,0.0,0.0,0.0,0.0,42.410278878910574,optimal
2021-02-09 21:00:00,29,120,0.0,0.0,0.0,2.5645666666666664,14.595,6.0,18,19.97670538798004,,0.0,0.0,0.0,0.0,42.36786860003166,optimal
2021-02-09 21:30:00,29,120,0.0,0.0,0.0,1.0961333333333334,14.994,6.0,18,19.95951482324867,,0.0,0.0,0.0,0.0,42.32550073143163,optimal
2021-02-09 22:00:00,29,120,0.0,0.0,0.0,2.6294,14.3325,6.0,18,19.93813194225575,,0.0,0.0,0.0,0.0,42.2831752307002,optimal
2021-02-09 22:30:00,29,120,0.0,0.4644444444444444,0.0,1.4499000000000002,13.8915,6.0,18,19.916516034087984,,0.0,0.0,0.0,418.0,42.2408920554695,optimal
2021-02-09 23:00:00,29,120,0.0,0.2322222222222222,0.0,2.4917,13.8915,6.0,18,19.891217381087507,,0.0,0.0,0.0,209.0,42.198651163414034,optimal
2021-02-09 23:30:00,29,120,0.0,0.0,0.0,2.996333333333333,13.4715,6.0,18,19.86809584464616,,0.0,0.0,0.0,0.0,42.15645251225062,optimal
2021-02-10 00:00:00,29,120,1.1428571428571428,0.0,0.0,0.06,11.508,6.0,-5,19.86809584464616,,4000.0,0.0,0.0,0.0,42.114296059738365,optimal
2021-02-10 00:30:00,29,120,1.1428571428571428,0.0,0.0,0.06,11.508,6.0,-5,19.88107067983639,,4000.0,0.0,0.0,0.0,42.07218176367863,optimal
2021-02-10 01:00:00,29,120,1.1428571428571428,0.0,5.0,0.06,10.4475,6.0,-5,19.893821535314107,,4000.0,0.0,0.0,0.0,44.40510958191495,optimal
2021-02-10 01:30:00,29,120,1.1428571428571428,0.0,3.672776304644138,0.06,10.8675,6.0,-5,19.90634885513317,,4000.0,0.0,0.0,0.0,46.10527321703899,optimal
2021-02-10 02:00:00,29,120,1.1428571428571428,0.0,5.0,0.06,10.542,6.0,-5,19.91865308246708,,4000.0,0.0,0.0,0.0,48.434167943821954,optimal
2021-02-10 02:30:00,29,120,1.1428571428571428,0.0,0.0,0.06,11.025,6.0,-5,19.93073465961069,,4000.0,0.0,0.0,0.0,48.38573377587813,optimal
2021-02-10 03:00:00,29,120,1.1428571428571428,0.0,0.0,0.06,11.025,6.0,-5,19.94279228426815,,4000.0,0.0,0.0,0.0,48.33734804210225,optimal
2021-02-10 03:30:00,29,120,1.1428571428571428,0.0,0.0,0.06,14.553,6.0,-5,19.95482600392677,,4000.0,0.0,0.0,0.0,48.28901069406015,optimal
2021-02-10 04:00:00,29,120,1.1428571428571428,0.0,0.0,0.06,13.0935,6.0,-5,19.966835865979714,,4000.0,0.0,0.0,0.0,48.24072168336608,optimal
2021-02-10 04:30:00,29,120,1.1428571428571428,0.0,0.0,0.06,15.6345,6.0,-5,19.97882191772618,,4000.0,0.0,0.0,0.0,48.19248096168271,optimal
2021-02-10 05:00:00,29,120,1.1428571428571428,0.0,0.0,0.06,18.102,6.0,-5,19.990585950085464,,4000.0,0.0,0.0,0.0,48.144288480721016,optimal
2021-02-10 05:30:00,29,120,1.1428571428571428,0.0,0.0,0.06,17.199,6.0,-5,20.00212840322496,,4000.0,0.0,0.0,0.0,48.096144192240295,optimal
2021-02-10 06:00:00,29,120,0.0,2.39962962962963,0.0,0.0633333333333333,18.2805,6.0,-5,20.0134497164394,,0.0,0.0,0.0,2159.6666666666665,48.048048048048045,optimal
2021-02-10 06:30:00,29,120,1.1428571428571428,0.774074074074074,0.0,0.069,17.4615,6.0,-5,19.976702144728176,,4000.0,0.0,0.0,696.6666666666666,48.0,optimal
2021-02-10 07:00:00,29,120,0.5723649793917389,2.39962962962963,0.0,0.0734,18.3225,6.0,-5,19.99247097101765,,2003.277427871086,0.0,0.0,2159.6666666666665,47.61332242225014,optimal
2021-02-10 07:30:00,29,120,1.1428571428571428,1.6255555555555554,0.0,0.1280666666666666,17.094,6.0,-5,19.984337950573543,,4000.0,0.0,0.0,1463.0,47.22703152207804,optimal
2021-02-10 08:00:00,29,120,1.1428571428571428,0.3096296296296296,0.0,0.1453333333333333,17.094,6.0,-5,20.0,,4000.0,0.0,0.0,278.66666666666663,46.8411269128061,optimal
2021-02-10 08:30:00,29,120,1.1428571428571428,0.0,0.0,0.07,17.094,6.0,-5,20.012801868656183,,4000.0,0.0,0.0,0.0,46.455608208143445,optimal
2021-02-10 09:00:00,29,120,1.1428571428571428,0.0774074074074074,0.0,0.1420333333333333,17.3565,6.0,-5,20.021889723612325,,4000.0,0.0,0.0,69.66666666666666,46.07047502218545,optimal
2021-02-10 09:30:00,29,120,1.1428571428571428,0.0774074074074074,0.0,0.0896,17.115,6.0,-5,20.035683401053127,,4000.0,0.0,0.0,69.66666666666666,45.68572696941341,optimal
2021-02-10 10:00:00,29,120,1.1428571428571428,0.0,0.0,0.109,17.241,6.0,-5,20.049422704767306,,4000.0,0.0,0.0,0.0,45.301363664694136,optimal
2021-02-10 10:30:00,29,120,1.1428571428571428,0.0,0.0,0.07,17.094,6.0,-5,20.066805131115903,,4000.0,0.0,0.0,0.0,44.91738472327959,optimal
2021-02-10 11:00:00,29,120,1.1428571428571428,0.0,0.0,0.07,16.5165,6.0,-5,20.082184564300093,,4000.0,0.0,0.0,0.0,44.53378976080646,optimal
2021-02-10 11:30:00,29,120,1.1428571428571428,0.0,0.0,0.1468,17.8185,6.0,-5,20.099931298203305,,4000.0,0.0,0.0,0.0,44.1505783932958,optimal
2021-02-10 12:00:00,29,120,1.1428571428571428,0.0,0.0,1.1488666666666665,17.094,6.0,-5,20.119373643155377,,4000.0,0.0,0.0,0.0,43.76775023715265,optimal
2021-02-10 12:30:00,29,120,1.1428571428571428,0.0,0.0,0.2975333333333333,16.8945,6.0,-5,20.15509146053216,,4000.0,0.0,0.0,0.0,43.38530490916564,optimal
2021-02-10 13:00:00,29,120,0.2756453273884691,1.8577777777777773,0.0,0.242,18.123,6.0,-5,20.180367230221343,,964.7586458596415,0.0,0.0,1672.0,43.00324202650662,optimal
2021-02-10 13:30:00,29,120,0.0,0.3096296296296296,0.0,0.5490666666666667,31.647,6.0,-5,20.16888452436056,,0.0,0.0,0.0,278.66666666666663,42.96023878448011,optimal
2021-02-10 14:00:00,29,120,0.0,0.3096296296296296,0.0,1.2059000000000002,34.9965,6.0,-5,20.152176302196008,,0.0,0.0,0.0,278.66666666666663,42.91727854569563,optimal
2021-02-10 14:30:00,29,120,0.0,0.0,0.0,0.5373,34.9965,6.0,-5,20.14332881192925,,0.0,0.0,0.0,0.0,42.874361267149936,optimal
2021-02-10 15:00:00,29,120,0.0,0.2322222222222222,0.0,3.1821666666666664,34.9965,6.0,-5,20.126095806870893,,0.0,0.0,0.0,209.0,42.831486905882784,optimal
2021-02-10 15:30:00,29,120,0.0,0.387037037037037,0.0,3.249,34.9965,6.0,-5,20.110676506129515,,0.0,0.0,0.0,348.3333333333333,42.7886554189769,optimal
2021-02-10 16:00:00,29,120,0.0,0.0,0.0,1.743,34.9965,6.0,-5,20.097254393488523,,0.0,0.0,0.0,0.0,42.74586676355793,optimal
2021-02-10 16:30:00,29,120,0.0,0.387037037037037,0.0,0.1825999999999999,27.741,6.0,-5,20.077117077531707,,0.0,0.0,0.0,348.3333333333333,42.70312089679437,optimal
2021-02-10 17:00:00,29,120,0.0,0.0774074074074074,0.0,0.4420333333333333,19.026,6.0,-5,20.0517073533574,,0.0,0.0,0.0,69.66666666666666,42.66041777589757,optimal
2021-02-10 17:30:00,29,120,0.0,0.387037037037037,0.0,0.47,18.7215,6.0,-5,20.0254666794136,,0.0,0.0,0.0,348.3333333333333,42.61775735812167,optimal
2021-02-10 18:00:00,29,120,0.5351114260009147,0.3096296296296296,0.0,0.9514333333333332,17.4195,6.0,-5,20.0,,1872.8899910032007,0.0,0.0,278.66666666666663,42.57513960076355,optimal
2021-02-10 18:30:00,29,120,0.4536894088541315,0.4644444444444444,0.0,1.5632666666666668,16.758,6.0,-5,20.0,,1587.9129309894604,0.0,0.0,418.0,42.53256446116279,optimal
2021-02-10 19:00:00,29,120,0.687115010755002,0.0,0.0,0.333,14.217,6.0,-5,20.0,,2404.902537642507,0.0,0.0,0.0,42.49003189670162,optimal
2021-02-10 19:30:00,29,120,0.6557012500382682,0.0774074074074074,0.0,0.3646333333333333,13.3665,6.0,-5,20.0,,2294.954375133939,0.0,0.0,69.66666666666666,42.44754186480492,optimal
2021-02-10 20:00:00,29,120,0.7214112988453674,0.2322222222222222,0.0,0.202,12.789,6.0,-5,20.0,,2524.939545958786,0.0,0.0,209.0,42.40509432294012,optimal
2021-02-10 20:30:00,29,120,0.0,0.387037037037037,0.0,0.4174,11.907,6.0,-5,20.0,,0.0,0.0,0.0,348.3333333333333,42.36268922861718,optimal
2021-02-10 21:00:00,29,120,0.0,0.0,0.0,0.2126333333333333,11.7075,6.0,-5,19.972069826986697,,0.0,0.0,0.0,0.0,42.32032653938856,optimal
2021-02-10 21:30:00,29,120,0.0,0.1548148148148148,0.0,0.4799,10.8045,6.0,-5,19.941487659468617,,0.0,0.0,0.0,139.33333333333331,42.27800621284917,optimal
2021-02-10 22:00:00,29,120,0.0,0.3096296296296296,0.0,0.4291333333333333,11.508,6.0,-5,19.91000728338301,,0.0,0.0,0.0,278.66666666666663,42.23572820663632,optimal
2021-02-10 22:30:00,29,120,0.0,0.0,0.0,0.3083666666666667,11.508,6.0,-5,19.87649305470529,,0.0,0.0,0.0,0.0,42.19349247842969,optimal
2021-02-10 23:00:00,29,120,0.0,0.0,0.0,0.2986,11.508,6.0,-5,19.8408388223098,,0.0,0.0,0.0,0.0,42.15129898595126,optimal
2021-02-10 23:30:00,29,120,0.0,0.2322222222222222,0.0,0.189,11.844,6.0,-5,19.804969578337627,,0.0,0.0,0.0,209.0,42.10914768696531,optimal
2021-02-11 00:00:00,29,120,1.1428571428571428,0.0,0.0,0.0476666666666666,14.007,6.0,7,19.804969578337627,,4000.0,0.0,0.0,0.0,42.06703853927834,optimal
2021-02-11 00:30:00,29,120,1.1428571428571428,0.0,0.0,0.1197666666666666,12.873,6.0,7,19.81065534897882,,4000.0,0.0,0.0,0.0,42.02497150073906,optimal
2021-02-11 01:00:00,29,120,1.1428571428571428,0.0,0.0,0.1197666666666666,12.684,6.0,7,19.81655165603868,,4000.0,0.0,0.0,0.0,41.982946529238326,optimal
2021-02-11 01:30:00,29,120,1.1428571428571428,0.0,0.0,0.049,12.306,6.0,7,19.82263452958528,,4000.0,0.0,0.0,0.0,41.94096358270909,optimal
2021-02-11 02:00:00,29,120,1.1428571428571428,0.0,5.0,0.1657,10.6365,6.0,7,19.827843239630155,,4000.0,0.0,0.0,0.0,44.27402261912638,optimal
2021-02-11 02:30:00,29,120,1.1428571428571428,0.0,0.0,0.1374333333333333,11.2455,6.0,7,19.83446330253482,,4000.0,0.0,0.0,0.0,44.22974859650725,optimal
2021-02-11 03:00:00,29,120,1.1428571428571428,0.0,0.0,0.0984666666666666,11.2455,6.0,7,19.84052763022721,,4000.0,0.0,0.0,0.0,44.18551884791074,optimal
2021-02-11 03:30:00,29,120,1.1428571428571428,0.0,0.0,0.1470999999999999,11.025,6.0,7,19.845906973414763,,4000.0,0.0,0.0,0.0,44.14133332906283,optimal
2021-02-11 04:00:00,29,120,1.1428571428571428,0.0,0.0,0.1169,12.0855,6.0,7,19.85235969960961,,4000.0,0.0,0.0,0.0,44.097191995733766,optimal
2021-02-11 04:30:00,29,120,1.1428571428571428,0.0,0.0,0.0797333333333333,11.6865,6.0,7,19.858809604167742,,4000.0,0.0,0.0,0.0,44.053094803738034,optimal
2021-02-11 05:00:00,29,120,1.1428571428571428,0.0,0.0,0.2284,11.2245,6.0,7,19.86485485601076,,4000.0,0.0,0.0,0.0,44.0090417089343,optimal
2021-02-11 05:30:00,29,120,1.1428571428571428,0.0,0.0,0.049,11.025,6.0,7,19.872760142838253,,4000.0,0.0,0.0,0.0,43.965032667225366,optimal
2021-02-11 06:00:00,29,120,1.1428571428571428,0.0,3.880976235054717,0.1824333333333333,10.7835,6.0,7,19.878959885277634,,4000.0,0.0,0.0,0.0,45.764531346209125,optimal
2021-02-11 06:30:00,29,120,1.1428571428571428,0.0,0.0,0.1310333333333333,11.025,6.0,7,19.88726444693709,,4000.0,0.0,0.0,0.0,45.71876681486292,optimal
2021-02-11 07:00:00,29,120,1.1428571428571428,0.0,5.0,0.053,10.584,6.0,7,19.895304249903145,,4000.0,0.0,0.0,0.0,48.048048048048045,optimal
2021-02-11 07:30:00,29,120,1.1428571428571428,6.891573143781152,0.0,2.1711666666666667,11.025,6.0,7,19.90294621937913,,4000.0,6202.415829403037,0.0,0.0,48.0,optimal
2021-02-11 08:00:00,29,120,1.1428571428571428,2.5544444444444445,0.0,0.1398333333333333,10.4265,6.0,7,20.0,,4000.0,0.0,0.0,2299.0,47.90807411611893,optimal
2021-02-11 08:30:00,29,120,1.1428571428571428,0.3096296296296296,0.0,0.9301333333333331,12.789,6.0,7,20.01340129464654,,4000.0,0.0,0.0,278.66666666666663,47.81624015812175,optimal
2021-02-11 09:00:00,29,120,1.1428571428571428,0.2322222222222222,0.0,0.2741,12.684,6.0,7,20.02545917686556,,4000.0,0.0,0.0,209.0,47.724498034082565,optimal
2021-02-11 09:30:00,29,120,1.1428571428571428,0.0,0.0,0.2533333333333333,16.254,6.0,7,20.04249836653469,,4000.0,0.0,0.0,0.0,47.63284765216741,optimal
2021-02-11 10:00:00,29,120,1.1428571428571428,0.0,0.0,0.2586,17.64,6.0,7,20.062018886224006,,4000.0,0.0,0.0,0.0,47.54128892063418,optimal
2021-02-11 10:30:00,29,120,0.9960135846277316,0.0,0.0,0.2515,19.1625,6.0,7,20.087023364223835,,3486.0475461970605,0.0,0.0,0.0,47.44982174783248,optimal
2021-02-11 11:00:00,29,120,0.0,0.3096296296296296,0.0,1.2586,26.46,6.0,7,20.10211345201155,,0.0,0.0,0.0,278.66666666666663,47.35844604220358,optimal
2021-02-11 11:30:00,29,120,0.0,0.1548148148148148,0.0,0.1423333333333333,20.79,6.0,7,20.079102512101137,,0.0,0.0,0.0,139.33333333333331,47.26716171228031,optimal
2021-02-11 12:00:00,29,120,0.0,0.0,0.0,0.1619333333333333,29.106,6.0,7,20.05048059194089,,0.0,0.0,0.0,0.0,47.17596866668697,optimal
2021-02-11 12:30:00,29,120,1.1428571428571428,0.0,0.0,0.1011333333333333,19.1835,6.0,7,20.02480313457403,,4000.0,0.0,0.0,0.0,47.08486681413922,optimal
2021-02-11 13:00:00,29,120,0.0,0.0,0.0,0.1769666666666666,19.6665,6.0,7,20.04845393669005,,0.0,0.0,0.0,0.0,46.993856063444014,optimal
2021-02-11 13:30:00,29,120,0.0,0.0,0.0,0.1426333333333333,19.404,6.0,7,20.02431304000479,,0.0,0.0,0.0,0.0,46.9029363234995,optimal
2021-02-11 14:00:00,29,120,0.7134175006117061,0.0,0.0,0.1226,19.047,6.0,7,20.0,,2496.961252140972,0.0,0.0,0.0,46.81210750329494,optimal
2021-02-11 14:30:00,29,120,1.1428571428571428,0.0,0.0,0.059,18.858,6.0,7,20.00636671610181,,4000.0,0.0,0.0,0.0,46.72136951191058,optimal
2021-02-11 15:00:00,29,120,0.0,0.0774074074074074,0.0,0.2707,19.2675,6.0,7,20.029562649671508,,0.0,0.0,0.0,69.66666666666666,46.63072225851761,optimal
2021-02-11 15:30:00,29,120,1.1428571428571428,0.0,0.0,0.1661,18.963,6.0,7,20.004964104133155,,4000.0,0.0,0.0,0.0,46.54016565237802,optimal
2021-02-11 16:00:00,29,120,1.1428571428571428,0.0,0.0,0.3535,18.438,6.0,7,20.02426404033989,,4000.0,0.0,0.0,0.0,46.449699602844575,optimal
2021-02-11 16:30:00,29,120,1.1428571428571428,0.0,0.0,0.4387,18.7425,6.0,7,20.044124184618934,,4000.0,0.0,0.0,0.0,46.35932401936066,optimal
2021-02-11 17:00:00,29,120,1.1428571428571428,0.3096296296296296,0.0,0.4851,15.2145,6.0,7,20.06332284388238,,4000.0,0.0,0.0,278.66666666666663,46.26903881146024,optimal
2021-02-11 17:30:00,29,120,1.1428571428571428,0.0,0.0,0.1040333333333333,17.7765,6.0,7,20.076221238998915,,4000.0,0.0,0.0,0.0,46.17884388876771,optimal
2021-02-11 18:00:00,29,120,1.1428571428571428,0.0,0.0,0.2191,16.758,6.0,7,20.08154953738919,,4000.0,0.0,0.0,0.0,46.08873916099788,optimal
2021-02-11 18:30:00,29,120,1.1428571428571428,0.0,0.0,0.059,16.422,6.0,7,20.08611665624323,,4000.0,0.0,0.0,0.0,45.99872453795581,optimal
2021-02-11 19:00:00,29,120,1.1428571428571428,0.0,0.0,0.2005333333333333,16.758,6.0,7,20.08703914891386,,4000.0,0.0,0.0,0.0,45.908799929536784,optimal
2021-02-11 19:30:00,29,120,0.0,0.0,0.0,0.2538666666666667,29.358,6.0,7,20.087998841897708,,0.0,0.0,0.0,0.0,45.81896524572618,optimal
2021-02-11 20:00:00,29,120,0.0,0.0,0.0,0.5321,34.9965,6.0,7,20.041742833609035,,0.0,0.0,0.0,0.0,45.72922039659939,optimal
2021-02-11 20:30:00,29,120,0.0,0.0,0.0,0.4127,34.65,6.0,7,20.0,,0.0,0.0,0.0,0.0,45.68349117620279,optimal
2021-02-11 21:00:00,29,120,0.0,0.1548148148148148,0.0,0.4375,34.9965,6.0,7,19.956656820596,,0.0,0.0,0.0,139.33333333333331,45.63780768502658,optimal
2021-02-11 21:30:00,29,120,0.0,0.0,0.0,0.4038333333333333,34.9965,6.0,7,19.91809392486381,,0.0,0.0,0.0,0.0,45.592169877341554,optimal
2021-02-11 22:00:00,29,120,0.0,0.0,0.0,0.3404333333333333,30.4815,6.0,7,19.87934912633557,,0.0,0.0,0.0,0.0,45.546577707464216,optimal
2021-02-11 22:30:00,29,120,0.0,0.0,0.0,0.4133333333333333,21.4305,6.0,7,19.83969753014473,,0.0,0.0,0.0,0.0,45.501031129756754,optimal
2021-02-11 23:00:00,29,120,0.0,0.3096296296296296,0.0,0.2067333333333333,14.3325,6.0,7,19.79989984960285,,0.0,0.0,0.0,278.66666666666663,45.455530098626994,optimal
2021-02-11 23:30:00,29,120,0.0,0.0,0.0,0.1933666666666667,13.692,6.0,7,19.755659661874308,,0.0,0.0,0.0,0.0,45.410074568528366,optimal
2021-02-12 00:00:00,29,120,1.1428571428571428,0.0,0.0,0.064,10.584,6.0,-6,19.755659661874308,,4000.0,0.0,0.0,0.0,45.36466449395984,optimal
2021-02-12 00:30:00,29,120,1.1428571428571428,0.0,5.0,0.1198,9.4185,6.0,-6,19.754433429349803,,4000.0,0.0,0.0,0.0,47.69429982946588,optimal
2021-02-12 01:00:00,29,120,1.1428571428571428,0.0,0.0,0.064,10.3635,6.0,-6,19.753889402660565,,4000.0,0.0,0.0,0.0,47.64660552963641,optimal
2021-02-12 01:30:00,29,120,1.1428571428571428,0.0,1.452740568322886,0.0847,9.8385,6.0,-6,19.75266667978623,,4000.0,0.0,0.0,0.0,48.28901069406015,optimal
2021-02-12 02:00:00,29,120,1.1428571428571428,0.0,0.0,0.2281666666666666,11.067,6.0,-6,19.751896811827844,,4000.0,0.0,0.0,0.0,48.24072168336608,optimal
2021-02-12 02:30:00,29,120,1.1428571428571428,0.0,0.0,0.064,10.8465,6.0,-6,19.75307448664254,,4000.0,0.0,0.0,0.0,48.19248096168271,optimal
2021-02-12 03:00:00,29,120,1.1428571428571428,0.0,0.0,0.2457666666666667,13.671,6.0,-6,19.752844660821115,,4000.0,0.0,0.0,0.0,48.144288480721016,optimal
2021-02-12 03:30:00,29,120,1.1428571428571428,0.0,0.0,0.0670999999999999,12.348,6.0,-6,19.75542440342325,,4000.0,0.0,0.0,0.0,48.096144192240295,optimal
2021-02-12 04:00:00,29,120,1.1428571428571428,0.0,0.0,0.2312666666666666,14.3325,6.0,-6,19.75721024686946,,4000.0,0.0,0.0,0.0,48.048048048048045,optimal
2021-02-12 04:30:00,29,120,1.1428571428571428,0.0774074074074074,0.0,1.788733333333333,15.393,6.0,-6,19.762380278451896,,4000.0,0.0,0.0,69.66666666666666,48.0,optimal
2021-02-12 05:00:00,29,120,1.1428571428571428,0.0774074074074074,0.0,0.3980666666666667,13.587,6.0,-6,19.78093818266777,,4000.0,0.0,0.0,69.66666666666666,47.76338611346445,optimal
2021-02-12 05:30:00,29,120,1.1428571428571428,0.387037037037037,0.0,0.3981333333333333,16.1385,6.0,-6,19.790334863486564,,4000.0,0.0,0.0,348.3333333333333,47.52700884081544,optimal
2021-02-12 06:00:00,29,120,1.1428571428571428,0.8514814814814814,0.0,1.7402666666666669,14.595,6.0,-6,19.805783366842427,,4000.0,0.0,0.0,766.3333333333333,47.29086794543907,optimal
2021-02-12 06:30:00,29,120,1.1428571428571428,0.0,0.0,0.2253333333333332,14.637,6.0,-6,19.82660207181724,,4000.0,0.0,0.0,0.0,47.05496319095808,optimal
2021-02-12 07:00:00,29,120,1.1428571428571428,0.0,0.0,0.2433333333333333,13.9125,6.0,-6,19.834959856079124,,4000.0,0.0,0.0,0.0,46.81929434123157,optimal
2021-02-12 07:30:00,29,120,1.1428571428571428,13.695635572430351,0.0,0.203,13.3665,6.0,-6,19.843603607652504,,4000.0,12326.072015187316,0.0,0.0,46.58386116035479,optimal
2021-02-12 08:00:00,29,120,1.1428571428571428,0.0,0.0,0.2640333333333333,13.0095,6.0,-6,20.0,,4000.0,0.0,0.0,0.0,46.34866341265888,optimal
2021-02-12 08:30:00,29,120,0.9303205378445965,0.0,0.0,0.1688333333333333,13.8915,6.0,-6,20.00471403945744,,3256.1218824560874,0.0,0.0,0.0,46.11370086271067,optimal
2021-02-12 09:00:00,29,120,0.9433896334527712,0.0774074074074074,0.0,0.2545,13.188,6.0,-6,20.0,,3301.863717084699,0.0,0.0,69.66666666666666,45.87897327531241,optimal
2021-02-12 09:30:00,29,120,0.7341716801408595,0.0,0.0,0.6087333333333333,12.5685,6.0,-6,20.0,,2569.6008804930084,0.0,0.0,0.0,45.64448041550155,optimal
2021-02-12 10:00:00,29,120,1.1428571428571428,0.0,0.0,0.3658,12.285,6.0,-6,20.0,,4000.0,0.0,0.0,0.0,45.410222048550494,optimal
2021-02-12 10:30:00,29,120,1.1428571428571428,0.0,0.0,0.2695333333333333,11.487,6.0,-6,20.0221725067138,,4000.0,0.0,0.0,0.0,45.17619793996639,optimal
2021-02-12 11:00:00,29,120,1.1428571428571428,0.0,0.0,0.4028666666666666,11.802,6.0,-6,20.043917265827808,,4000.0,0.0,0.0,0.0,44.94240785549088,optimal
2021-02-12 11:30:00,29,120,1.1428571428571428,0.0,0.0,0.2922333333333333,11.2245,6.0,-6,20.07079494826785,,4000.0,0.0,0.0,0.0,44.70885156109984,optimal
2021-02-12 12:00:00,29,120,1.1428571428571428,0.1548148148148148,0.0,1.1801333333333337,11.025,6.0,-6,20.09722346294273,,4000.0,0.0,0.0,139.33333333333331,44.47552882300319,optimal
2021-02-12 12:30:00,29,120,1.1428571428571428,0.0,0.0,1.965533333333333,11.907,6.0,-6,20.12808704246845,,4000.0,0.0,0.0,0.0,44.24243940764464,optimal
2021-02-12 13:00:00,29,120,0.0,0.0,0.0,2.034466666666667,25.83,6.0,-6,20.162954644812505,,0.0,0.0,0.0,0.0,44.00958308170144,optimal
2021-02-12 13:30:00,29,120,0.0,0.0,0.0,0.2781666666666667,28.035,6.0,-6,20.157500123825308,,0.0,0.0,0.0,0.0,43.77695961208419,optimal
2021-02-12 14:00:00,29,120,0.0,0.2322222222222222,0.0,0.2858333333333333,28.119,6.0,-6,20.136874771682265,,0.0,0.0,0.0,209.0,43.54456876593656,optimal
2021-02-12 14:30:00,29,120,0.0,0.0774074074074074,0.0,0.2621333333333333,30.156,6.0,-6,20.11656660013464,,0.0,0.0,0.0,69.66666666666666,43.31241031063507,optimal
2021-02-12 15:00:00,29,120,0.0,0.0,0.0,0.4787,29.1585,6.0,-6,20.096218603256894,,0.0,0.0,0.0,0.0,43.08048401378889,optimal
2021-02-12 15:30:00,29,120,0.0,0.2322222222222222,0.0,0.5581,26.712,6.0,-6,20.07519678825752,,0.0,0.0,0.0,209.0,42.84878964323955,optimal
2021-02-12 16:00:00,29,120,0.0,0.3096296296296296,0.0,0.3522,15.435,6.0,-6,20.055891181189388,,0.0,0.0,0.0,278.66666666666663,42.61732696706076,optimal
2021-02-12 16:30:00,29,120,0.0,0.0,0.0,0.4995,13.566,6.0,-6,20.03054983282267,,0.0,0.0,0.0,0.0,42.38609575355815,optimal
2021-02-12 17:00:00,29,120,0.4481274659032592,0.0,0.0,0.5419666666666667,12.789,6.0,-6,20.008513170796085,,1568.446130661407,0.0,0.0,0.0,42.155095771269046,optimal
2021-02-12 17:30:00,29,120,1.1428571428571428,0.2322222222222222,0.0,0.4149,12.1275,6.0,-6,20.001594184248475,,4000.0,0.0,0.0,209.0,41.92432678896223,optimal
2021-02-12 18:00:00,29,120,0.0,0.3096296296296296,0.0,0.4955333333333334,13.671,6.0,-6,20.02530939474104,,0.0,0.0,0.0,278.66666666666663,41.69378857563771,optimal
2021-02-12 18:30:00,29,120,1.1428571428571428,0.387037037037037,0.0,0.5029333333333332,10.668,6.0,-6,20.0,,4000.0,0.0,0.0,348.3333333333333,41.46348090052653,optimal
2021-02-12 19:00:00,29,120,0.0316439352820409,0.387037037037037,0.0,0.6541666666666667,11.7285,6.0,-6,20.02305753520084,,110.75377348714338,0.0,0.0,348.3333333333333,41.23340353309045,optimal
2021-02-12 19:30:00,29,120,0.6438599826588307,0.0,0.0,0.4248333333333333,11.025,6.0,-6,20.0,,2253.509939305908,0.0,0.0,0.0,41.00355624302181,optimal
2021-02-12 20:00:00,29,120,0.5762335259911824,0.0,0.0,0.5305,10.689,6.0,-6,20.0,,2016.8173409691385,0.0,0.0,0.0,40.96255268677879,optimal
2021-02-12 20:30:00,29,120,0.0,0.0,0.0,0.335,8.1585,6.0,-6,20.0,,0.0,0.0,0.0,0.0,40.921590134092014,optimal
2021-02-12 21:00:00,29,120,0.0,0.0,0.0,0.5021666666666667,10.3635,6.0,-6,19.974678653089445,,0.0,0.0,0.0,0.0,40.88066854395792,optimal
2021-02-12 21:30:00,29,120,0.0,0.0,0.0,0.3854333333333333,10.8045,6.0,-6,19.951227820243066,,0.0,0.0,0.0,0.0,40.83978787541397,optimal
2021-02-12 22:00:00,29,120,0.0,0.0774074074074074,0.0,0.4546,11.025,6.0,-6,19.924933061261505,,0.0,0.0,0.0,69.66666666666666,40.79894808753856,optimal
2021-02-12 22:30:00,29,120,0.0,0.0,0.0,0.3558,10.3635,6.0,-6,19.89735245101264,,0.0,0.0,0.0,0.0,40.75814913945101,optimal
2021-02-12 23:00:00,29,120,0.0,0.0,0.0,0.2030666666666666,10.8045,6.0,-6,19.867093615392864,,0.0,0.0,0.0,0.0,40.71739099031157,optimal
2021-02-12 23:30:00,29,120,0.0,0.0,0.0,0.1298,10.059,6.0,-6,19.830551017619108,,0.0,0.0,0.0,0.0,40.676673599321255,optimal
2021-02-13 00:00:00,29,120,1.1428571428571428,0.0,0.0,0.0638666666666666,11.025,6.0,4,19.830551017619108,,4000.0,0.0,0.0,0.0,40.63599692572193,optimal
2021-02-13 00:30:00,29,120,1.1428571428571428,0.0,0.0,0.2044666666666666,8.2005,6.0,4,19.842082548791645,,4000.0,0.0,0.0,0.0,40.59536092879621,optimal
2021-02-13 01:00:00,29,120,1.1428571428571428,0.0,0.0,0.1303333333333333,9.5655,6.0,4,19.856055345020767,,4000.0,0.0,0.0,0.0,40.55476556786741,optimal
2021-02-13 01:30:00,29,120,1.1428571428571428,0.0,5.0,0.2009,7.056,6.0,4,19.869460400504643,,4000.0,0.0,0.0,0.0,42.88921080229954,optimal
2021-02-13 02:00:00,29,120,1.1428571428571428,2.012592592592592,0.0,0.1945666666666666,9.3975,6.0,4,19.883339212936782,,4000.0,0.0,0.0,1811.333333333333,42.84632159149725,optimal
2021-02-13 02:30:00,29,120,1.1428571428571428,1.935185185185185,0.0,0.3458333333333333,10.059,6.0,4,19.897845558823285,,4000.0,0.0,0.0,1741.6666666666667,42.80347526990575,optimal
2021-02-13 03:00:00,29,120,1.1428571428571428,0.1548148148148148,0.0,0.253,9.261,6.0,4,19.91455576240304,,4000.0,0.0,0.0,139.33333333333331,42.76067179463584,optimal
2021-02-13 03:30:00,29,120,1.1428571428571428,0.0,0.0,0.1835333333333333,8.1585,6.0,4,19.92955532829105,,4000.0,0.0,0.0,0.0,42.7179111228412,optimal
2021-02-13 04:00:00,29,120,1.1428571428571428,0.0,0.0,0.072,9.4815,6.0,4,19.94390665455406,,4000.0,0.0,0.0,0.0,42.67519321171836,optimal
2021-02-13 04:30:00,29,120,1.1428571428571428,0.0,0.0,0.1573333333333333,8.379,6.0,4,19.955566017017727,,4000.0,0.0,0.0,0.0,42.63251801850664,optimal
2021-02-13 05:00:00,29,120,1.1428571428571428,0.0,0.0,0.0933333333333333,9.5235,6.0,4,19.96804356773184,,4000.0,0.0,0.0,0.0,42.58988550048813,optimal
2021-02-13 05:30:00,29,120,1.1428571428571428,0.0,1.961115073854477,0.072,8.1375,6.0,4,19.97951845466448,,4000.0,0.0,0.0,0.0,43.47882527506851,optimal
2021-02-13 06:00:00,29,120,1.1428571428571428,0.0,0.0,0.12,10.0905,6.0,4,19.99051244563741,,4000.0,0.0,0.0,0.0,43.43534644979344,optimal
2021-02-13 06:30:00,29,120,1.1428571428571428,0.0,5.0,0.1306666666666666,7.539,6.0,4,20.001871136521025,,4000.0,0.0,0.0,0.0,45.76691110334364,optimal
2021-02-13 07:00:00,29,120,1.1428571428571428,0.0,5.0,0.0933333333333333,7.938,6.0,4,20.013238124937324,,4000.0,0.0,0.0,0.0,48.096144192240295,optimal
2021-02-13 07:30:00,29,120,1.1428571428571428,0.0,0.0,0.1573333333333333,8.274,6.0,4,20.024028641960903,,4000.0,0.0,0.0,0.0,48.048048048048045,optimal
2021-02-13 08:00:00,29,120,1.1428571428571428,0.2322222222222222,0.0,0.3054333333333333,9.261,6.0,4,20.0354783079298,,4000.0,0.0,0.0,209.0,48.0,optimal
2021-02-13 08:30:00,29,120,1.1428571428571428,0.0,0.0,0.072,9.9225,6.0,4,20.050376680066687,,4000.0,0.0,0.0,0.0,47.785470999629744,optimal
2021-02-13 09:00:00,29,120,1.1428571428571428,0.0,0.0,0.1786666666666666,9.702,6.0,4,20.057761540805096,,4000.0,0.0,0.0,0.0,47.57115652825986,optimal
2021-02-13 09:30:00,29,120,1.1428571428571428,0.0,0.0,0.072,10.584,6.0,4,20.068275292173883,,4000.0,0.0,0.0,0.0,47.35705637136135,optimal
2021-02-13 10:00:00,29,120,1.1428571428571428,0.0,0.0,0.072,10.143,6.0,4,20.07796439014053,,4000.0,0.0,0.0,0.0,47.14317031461974,optimal
2021-02-13 10:30:00,29,120,1.1428571428571428,0.0,0.0,0.152,13.0095,6.0,4,20.09110280330633,,4000.0,0.0,0.0,0.0,46.92949814393487,optimal
2021-02-13 11:00:00,29,120,1.1428571428571428,0.0,0.0,0.0986666666666666,11.025,6.0,4,20.105288884343576,,4000.0,0.0,0.0,0.0,46.71603964542068,optimal
2021-02-13 11:30:00,29,120,1.1428571428571428,0.0,0.0,0.072,12.789,6.0,4,20.122386150741168,,4000.0,0.0,0.0,0.0,46.50279460540501,optimal
2021-02-13 12:00:00,29,120,1.1428571428571428,0.0,0.0,0.072,12.1275,6.0,4,20.13922378639032,,4000.0,0.0,0.0,0.0,46.28976281042935,optimal
2021-02-13 12:30:00,29,120,1.1428571428571428,0.0,0.0,0.1786666666666666,12.1695,6.0,4,20.157548982469063,,4000.0,0.0,0.0,0.0,46.076944047248666,optimal
2021-02-13 13:00:00,29,120,1.1428571428571428,0.0,0.0,0.072,12.306,6.0,4,20.177335553925253,,4000.0,0.0,0.0,0.0,45.86433810283116,optimal
2021-02-13 13:30:00,29,120,0.0,0.387037037037037,0.0,0.2,13.23,6.0,4,20.19662798267303,,0.0,0.0,0.0,348.3333333333333,45.65194476435808,optimal
2021-02-13 14:00:00,29,120,0.0,0.0,0.0,0.1573333333333333,13.671,6.0,4,20.17070119072432,,0.0,0.0,0.0,0.0,45.439763819223465,optimal
2021-02-13 14:30:00,29,120,0.0,0.0,0.0,0.1306666666666666,13.9335,6.0,4,20.141509193698464,,0.0,0.0,0.0,0.0,45.22779505503399,optimal
2021-02-13 15:00:00,29,120,0.2170483731192915,0.0,0.0,0.12,13.293,6.0,4,20.11083531362716,,759.6693059175203,0.0,0.0,0.0,45.0160382596087,optimal
2021-02-13 15:30:00,29,120,1.1428571428571428,0.0,0.0,0.072,12.1065,6.0,4,20.08734776112496,,4000.0,0.0,0.0,0.0,44.804493220978834,optimal
2021-02-13 16:00:00,29,120,1.1428571428571428,0.0,0.0,0.1573333333333333,11.571,6.0,4,20.102598586103287,,4000.0,0.0,0.0,0.0,44.5931597273876,optimal
2021-02-13 16:30:00,29,120,1.1428571428571428,0.0,0.0,0.0933333333333333,11.025,6.0,4,20.11620461855957,,4000.0,0.0,0.0,0.0,44.38203756728996,optimal
2021-02-13 17:00:00,29,120,1.1428571428571428,0.0,0.0,0.072,10.8465,6.0,4,20.12900400623454,,4000.0,0.0,0.0,0.0,44.17112652935242,optimal
2021-02-13 17:30:00,29,120,1.1428571428571428,0.0,0.0,0.1786666666666666,11.2455,6.0,4,20.13932077948633,,4000.0,0.0,0.0,0.0,43.96042640245282,optimal
2021-02-13 18:00:00,29,120,0.0,0.2322222222222222,0.0,0.2365333333333333,23.8665,6.0,4,20.15071829274496,,0.0,0.0,0.0,209.0,43.749936975680114,optimal
2021-02-13 18:30:00,29,120,0.0,0.0,0.0,0.5103,27.4575,6.0,4,20.11631588579564,,0.0,0.0,0.0,0.0,43.53965803833418,optimal
2021-02-13 19:00:00,29,120,0.0,0.387037037037037,0.0,0.4723,27.3735,6.0,4,20.086228809623787,,0.0,0.0,0.0,348.3333333333333,43.3295893799256,optimal
2021-02-13 19:30:00,29,120,0.0,0.0,0.0,0.3949333333333333,30.4605,6.0,4,20.059286719348883,,0.0,0.0,0.0,0.0,43.11973079017542,optimal
2021-02-13 20:00:00,29,120,0.0,0.0,0.0,0.3176,30.0195,6.0,4,20.0307330330506,,0.0,0.0,0.0,0.0,42.91008205901499,optimal
2021-02-13 20:30:00,29,120,0.0,0.0,0.0,0.3082,26.9325,6.0,4,20.0,,0.0,0.0,0.0,0.0,42.70064297658572,optimal
2021-02-13 21:00:00,29,120,0.0,0.8514814814814814,0.0,1.0759333333333334,14.595,6.0,4,19.96954433675072,,0.0,0.0,0.0,766.3333333333333,42.49141333323888,optimal
2021-02-13 21:30:00,29,120,0.0,0.0,0.0,0.2639666666666666,12.4845,6.0,4,19.94014215838839,,0.0,0.0,0.0,0.0,42.28239291953539,optimal
2021-02-13 22:00:00,29,120,0.0,0.0774074074074074,0.0,0.2858,12.1275,6.0,4,19.908458160904978,,0.0,0.0,0.0,69.66666666666666,42.24011052661585,optimal
2021-02-13 22:30:00,29,120,0.0,1.6255555555555554,0.0,1.9186666666666667,12.1275,6.0,4,19.87755122524483,,0.0,0.0,0.0,1463.0,42.19787041608924,optimal
2021-02-13 23:00:00,29,120,0.0,0.0,0.0,0.6178666666666667,12.789,6.0,4,19.861388581828688,,0.0,0.0,0.0,0.0,42.15567254567315,optimal
2021-02-13 23:30:00,29,120,0.0,0.0,0.0,0.1786666666666666,11.907,6.0,4,19.8352559170844,,0.0,0.0,0.0,0.0,42.11351687312747,optimal
2021-02-07 00:00:00,30,120,0.0,0.0,0.0,0.1849333333333333,11.7075,6.0,-17,21.0,,0.0,0.0,0.0,0.0,47.952,optimal
2021-02-07 00:30:00,30,120,0.0,0.0,0.0,0.2101333333333333,12.348,6.0,-17,20.969536484437786,,0.0,0.0,0.0,0.0,47.904048,optimal
2021-02-07 01:00:00,30,120,0.0,0.0,0.0,0.3621666666666667,12.348,6.0,-17,20.940110298467555,,0.0,0.0,0.0,0.0,47.856143952,optimal
2021-02-07 01:30:00,30,120,0.0,0.0,0.0,1.1708,12.1275,6.0,-17,20.91149811355733,,0.0,0.0,0.0,0.0,47.80828780804799,optimal
2021-02-07 02:00:00,30,120,0.0,0.0,0.0,0.059,12.5265,6.0,-17,20.881011260929693,,0.0,0.0,0.0,0.0,47.76047952023995,optimal
2021-02-07 02:30:00,30,120,0.0,0.0,0.0,0.059,11.7495,6.0,-17,20.847806012828386,,0.0,0.0,0.0,0.0,47.712719040719705,optimal
2021-02-07 03:00:00,30,120,0.0,0.0,0.0,0.059,13.23,6.0,-17,20.814468339932628,,0.0,0.0,0.0,0.0,47.66500632167899,optimal
2021-02-07 03:30:00,30,120,0.0,0.0,0.0,0.059,14.3325,6.0,-17,20.780998504782904,,0.0,0.0,0.0,0.0,47.61734131535731,optimal
2021-02-07 04:00:00,30,120,0.0,0.0,0.0,0.059,14.994,6.0,-17,20.74749589754225,,0.0,0.0,0.0,0.0,47.56972397404195,optimal
2021-02-07 04:30:00,30,120,0.0,0.0,0.0,0.059,14.8155,6.0,-17,20.71396058318341,,0.0,0.0,0.0,0.0,47.52215425006791,optimal
2021-02-07 05:00:00,30,120,0.0,0.0,0.0,0.059,14.112,6.0,-17,20.68049175469336,,0.0,0.0,0.0,0.0,47.47463209581784,optimal
2021-02-07 05:30:00,30,120,0.0,0.0,0.0,0.059,14.007,6.0,-17,20.64708928025969,,0.0,0.0,0.0,0.0,47.42715746372202,optimal
2021-02-07 06:00:00,30,120,0.0,0.0,0.0,0.062,13.23,6.0,-17,20.613753028331303,,0.0,0.0,0.0,0.0,47.379730306258296,optimal
2021-02-07 06:30:00,30,120,0.0,0.0,0.0,0.0686666666666666,11.382,6.0,-17,20.58048286761793,,0.0,0.0,0.0,0.0,47.332350575952034,optimal
2021-02-07 07:00:00,30,120,0.0,0.0,0.0,0.059,11.7495,6.0,-17,20.547179538946512,,0.0,0.0,0.0,0.0,47.285018225376085,optimal
2021-02-07 07:30:00,30,120,0.0,0.0,0.0,0.059,24.3285,6.0,-17,20.513843108074607,,0.0,0.0,0.0,0.0,47.23773320715071,optimal
2021-02-07 08:00:00,30,120,0.0,0.0,0.0,0.059,28.917,6.0,-17,20.48027538434328,,0.0,0.0,0.0,0.0,47.19049547394357,optimal
2021-02-07 08:30:00,30,120,0.0,0.0,0.0,0.059,31.3635,6.0,-17,20.44647682630515,,0.0,0.0,0.0,0.0,47.14330497846962,optimal
2021-02-07 09:00:00,30,120,0.0,0.3096296296296296,0.0,1.8562,33.306,6.0,-17,20.41264614788989,,0.0,0.0,0.0,278.66666666666663,47.09616167349115,optimal
2021-02-07 09:30:00,30,120,0.0,0.0,0.0,3.294233333333333,31.3425,6.0,-17,20.38383520595369,,0.0,0.0,0.0,0.0,47.04906551181766,optimal
2021-02-07 10:00:00,30,120,0.0,0.0,0.0,2.2035666666666667,28.2555,6.0,-17,20.36944047231571,,0.0,0.0,0.0,0.0,47.00201644630584,optimal
2021-02-07 10:30:00,30,120,0.0,0.0,0.0,1.8453333333333333,15.6975,6.0,-17,20.34610177343787,,0.0,0.0,0.0,0.0,46.95501442985953,optimal
2021-02-07 11:00:00,30,120,0.0,0.0,0.0,2.0496,12.5475,6.0,-17,20.32060506285973,,0.0,0.0,0.0,0.0,46.90805941542967,optimal
2021-02-07 11:30:00,30,120,0.0,0.3096296296296296,0.0,0.7423,12.0855,6.0,-17,20.29791094895089,,0.0,0.0,0.0,278.66666666666663,46.86115135601424,optimal
2021-02-07 12:00:00,30,120,0.0,0.4644444444444444,0.0,0.3118,11.907,6.0,-17,20.27365132177451,,0.0,0.0,0.0,418.0,46.81429020465823,optimal
2021-02-07 12:30:00,30,120,0.0,0.1548148148148148,0.0,2.3220666666666667,12.5685,6.0,-17,20.249640616696013,,0.0,0.0,0.0,139.33333333333331,46.76747591445357,optimal
2021-02-07 13:00:00,30,120,0.0,0.1548148148148148,0.0,1.5964,13.146,6.0,-17,20.2284214653387,,0.0,0.0,0.0,139.33333333333331,46.72070843853912,optimal
2021-02-07 13:30:00,30,120,0.0,0.0774074074074074,0.0,1.1333333333333333,10.584,6.0,-17,20.20676308928829,,0.0,0.0,0.0,69.66666666666666,46.67398773010058,optimal
2021-02-07 14:00:00,30,120,0.0,0.0,0.0,1.8351666666666668,6.678,6.0,-17,20.18513860126508,,0.0,0.0,0.0,0.0,46.62731374237048,optimal
2021-02-07 14:30:00,30,120,0.0,0.0,0.0,0.7735,7.938,6.0,-17,20.16317864024702,,0.0,0.0,0.0,0.0,46.580686428628105,optimal
2021-02-07 15:00:00,30,120,0.0,0.0,0.0,0.2677333333333332,5.292,6.0,-17,20.14062106398493,,0.0,0.0,0.0,0.0,46.53410574219948,optimal
2021-02-07 15:30:00,30,120,0.0,5.966562962962962,0.0,0.3522,9.261,6.0,-17,20.12020132209596,,0.0,0.0,0.0,5369.906666666666,46.48757163645728,optimal
2021-02-07 16:00:00,30,120,0.0,1.9289925925925933,0.0,2.509,10.3635,6.0,-17,20.101228989017503,,0.0,0.0,0.0,1736.093333333334,46.44108406482083,optimal
2021-02-07 16:30:00,30,120,0.0,0.0,0.0,1.1204,8.274,6.0,-17,20.08511561582339,,0.0,0.0,0.0,0.0,46.394642980756,optimal
2021-02-07 17:00:00,30,120,0.0,0.3096296296296296,0.0,1.8458,7.7175,6.0,-17,20.06866129135528,,0.0,0.0,0.0,278.66666666666663,46.348248337775246,optimal
2021-02-07 17:30:00,30,120,0.0,0.6966666666666667,0.0,0.8962,6.615,6.0,-17,20.04774163602027,,0.0,0.0,0.0,627.0,46.301900089437474,optimal
2021-02-07 18:00:00,30,120,0.0,0.387037037037037,0.0,4.554,6.174,6.0,-17,20.02599039623953,,0.0,0.0,0.0,348.3333333333333,46.25559818934804,optimal
2021-02-07 18:30:00,30,120,0.257522983439896,0.5418518518518518,3.769805071244868,2.4002,3.906,6.0,-17,20.008123386686336,,901.3304420396362,0.0,0.0,487.6666666666667,48.0,optimal
2021-02-07 19:00:00,30,120,0.6624346202982445,0.0,0.0,0.2467666666666667,2.3415,6.0,-17,20.0,,2318.521171043856,0.0,0.0,0.0,44.84726214276863,optimal
2021-02-07 19:30:00,30,120,0.6261431917268743,0.0,0.0,1.7050666666666665,2.205,6.0,-17,20.0,,2191.50117104406,0.0,0.0,0.0,41.69767702339449,optimal
2021-02-07 20:00:00,30,120,0.5528155726791941,0.0774074074074074,0.0,2.5139666666666667,0.882,6.0,-17,20.0,,1934.85450437718,0.0,0.0,69.66666666666666,41.6559793463711,optimal
2021-02-07 20:30:00,30,120,0.0,0.0,0.0,0.2382,1.5435,6.0,-17,20.0,,0.0,0.0,0.0,0.0,41.61432336702472,optimal
2021-02-07 21:00:00,30,120,0.0,0.2322222222222222,0.0,0.1978,1.5435,6.0,-17,19.97388558097072,,0.0,0.0,0.0,209.0,41.572709043657696,optimal
2021-02-07 21:30:00,30,120,0.0,0.1548148148148148,0.0,0.3248999999999999,5.0715,6.0,-17,19.94510634514021,,0.0,0.0,0.0,139.33333333333331,41.53113633461404,optimal
2021-02-07 22:00:00,30,120,0.0,0.1548148148148148,0.0,0.5185333333333333,5.376,6.0,-17,19.91788283781794,,0.0,0.0,0.0,139.33333333333331,41.48960519827943,optimal
2021-02-07 22:30:00,30,120,0.0,0.3096296296296296,0.0,0.6578666666666667,5.0715,6.0,-17,19.89584369362229,,0.0,0.0,0.0,278.66666666666663,41.44811559308115,optimal
2021-02-07 23:00:00,30,120,0.0,0.3096296296296296,0.0,0.3840666666666666,5.5125,6.0,-17,19.87621567878301,,0.0,0.0,0.0,278.66666666666663,41.406667477488064,optimal
2021-02-07 23:30:00,30,120,0.0,0.2322222222222222,0.0,2.5696666666666665,9.261,6.0,-17,19.85209515211373,,0.0,0.0,0.0,209.0,41.365260810010575,optimal
2021-02-08 00:00:00,30,120,1.1428571428571428,0.0,0.0,0.064,11.2665,6.0,4,19.85209515211373,,4000.0,0.0,0.0,0.0,41.32389554920056,optimal
2021-02-08 00:30:00,30,120,1.1428571428571428,0.0,0.0,0.064,10.143,6.0,4,19.867341004077726,,4000.0,0.0,0.0,0.0,41.28257165365137,optimal
2021-02-08 01:00:00,30,120,1.1428571428571428,0.0,0.0,0.064,11.2455,6.0,4,19.88255663018183,,4000.0,0.0,0.0,0.0,41.241289081997714,optimal
2021-02-08 01:30:00,30,120,1.1428571428571428,0.0,0.0,0.13,11.025,6.0,4,19.897742090350707,,4000.0,0.0,0.0,0.0,41.20004779291572,optimal
2021-02-08 02:00:00,30,120,1.1428571428571428,0.0,0.1241760298190953,0.064,5.9745,6.0,4,19.9136023509003,,4000.0,0.0,0.0,0.0,41.21783135928688,optimal
2021-02-08 02:30:00,30,120,1.1428571428571428,0.0,0.0,0.1263333333333333,7.938,6.0,4,19.928528004690143,,4000.0,0.0,0.0,0.0,41.17661352792759,optimal
2021-02-08 03:00:00,30,120,1.1428571428571428,0.0,0.0,0.0676666666666666,8.6835,6.0,4,19.944282561637472,,4000.0,0.0,0.0,0.0,41.135436914399655,optimal
2021-02-08 03:30:00,30,120,1.1428571428571428,0.0,0.0,0.108,7.665,6.0,4,19.959390314858904,,4000.0,0.0,0.0,0.0,41.09430147748525,optimal
2021-02-08 04:00:00,30,120,1.1428571428571428,0.0,0.0,0.086,6.7725,6.0,4,19.97486034237707,,4000.0,0.0,0.0,0.0,41.05320717600776,optimal
2021-02-08 04:30:00,30,120,1.1428571428571428,0.0,5.0,0.064,5.5755,6.0,4,19.9899325598991,,4000.0,0.0,0.0,0.0,43.38715396883175,optimal
2021-02-08 05:00:00,30,120,1.1428571428571428,0.0,5.0,0.2209,5.0925,6.0,4,20.004508627965244,,4000.0,0.0,0.0,0.0,45.71876681486292,optimal
2021-02-08 05:30:00,30,120,1.1428571428571428,0.0,5.0,0.3137666666666666,4.1895,6.0,4,20.023244078708498,,4000.0,0.0,0.0,0.0,48.048048048048045,optimal
2021-02-08 06:00:00,30,120,1.1428571428571428,0.6966666666666667,0.0,0.1243333333333333,7.056,6.0,4,20.04436735740138,,4000.0,0.0,0.0,627.0,48.0,optimal
2021-02-08 06:30:00,30,120,1.1428571428571428,0.0774074074074074,0.0,0.2709,5.271,6.0,4,20.068154411212888,,4000.0,0.0,0.0,69.66666666666666,47.77549616512088,optimal
2021-02-08 07:00:00,30,120,1.1428571428571428,0.387037037037037,0.0,0.3369,7.938,6.0,4,20.08909963107328,,4000.0,0.0,0.0,348.3333333333333,47.55121683407664,optimal
2021-02-08 07:30:00,30,120,1.1428571428571428,0.387037037037037,0.0,0.0643333333333333,7.938,6.0,4,20.10917731776289,,4000.0,0.0,0.0,348.3333333333333,47.32716178236343,optimal
2021-02-08 08:00:00,30,120,1.1428571428571428,0.0,0.0,0.153,11.907,6.0,4,20.12472041077256,,4000.0,0.0,0.0,0.0,47.10333078570195,optimal
2021-02-08 08:30:00,30,120,1.1428571428571428,0.1548148148148148,0.0,0.0773333333333333,11.025,6.0,4,20.13953415215268,,4000.0,0.0,0.0,139.33333333333331,46.879723620037126,optimal
2021-02-08 09:00:00,30,120,1.1428571428571428,0.1548148148148148,0.0,0.2209,11.2875,6.0,4,20.153165172363984,,4000.0,0.0,0.0,139.33333333333331,46.65634006153797,optimal
2021-02-08 09:30:00,30,120,1.1428571428571428,0.3096296296296296,0.0,0.2709,12.936,6.0,4,20.169503196054475,,4000.0,0.0,0.0,278.66666666666663,46.43317988659731,optimal
2021-02-08 10:00:00,30,120,0.6658590847888912,0.0,0.0,0.073,13.0095,6.0,4,20.186320134962283,,2330.5067967611194,0.0,0.0,0.0,46.21024287183159,optimal
2021-02-08 10:30:00,30,120,0.0,0.3096296296296296,0.0,0.2204,13.671,6.0,4,20.18449602342985,,0.0,0.0,0.0,278.66666666666663,45.98752879408064,optimal
2021-02-08 11:00:00,30,120,0.0,0.1548148148148148,0.0,0.2595,13.188,6.0,4,20.156423578833067,,0.0,0.0,0.0,139.33333333333331,45.76503743040744,optimal
2021-02-08 11:30:00,30,120,0.0,0.9288888888888888,0.0,0.4,13.8495,6.0,4,20.130230570836005,,0.0,0.0,0.0,836.0,45.54276855809791,optimal
2021-02-08 12:00:00,30,120,0.0,0.2322222222222222,0.0,0.2679333333333333,13.23,6.0,4,20.1059668813851,,0.0,0.0,0.0,209.0,45.32072195466069,optimal
2021-02-08 12:30:00,30,120,0.0,0.3096296296296296,0.0,0.4005666666666667,13.3665,6.0,4,20.08108935545935,,0.0,0.0,0.0,278.66666666666663,45.09889739782691,optimal
2021-02-08 13:00:00,30,120,1.1428571428571428,0.4644444444444444,0.0,0.355,13.0515,6.0,4,20.05786899435998,,4000.0,0.0,0.0,418.0,44.87729466554996,optimal
2021-02-08 13:30:00,30,120,0.0,0.0,0.0,0.6889,13.5345,6.0,4,20.082966670953887,,0.0,0.0,0.0,0.0,44.65591353600529,optimal
2021-02-08 14:00:00,30,120,0.0,0.0,0.0,0.5519,14.154,6.0,4,20.065173439638805,,0.0,0.0,0.0,0.0,44.43475378759017,optimal
2021-02-08 14:30:00,30,120,0.0,0.0774074074074074,0.0,0.4486666666666666,14.112,6.0,4,20.04744324949229,,0.0,0.0,0.0,69.66666666666666,44.213815198923456,optimal
2021-02-08 15:00:00,30,120,0.0,0.0,0.0,0.5248999999999999,14.2485,6.0,4,20.03606462027237,,0.0,0.0,0.0,0.0,43.99309754884541,optimal
2021-02-08 15:30:00,30,120,1.1428571428571428,0.1548148148148148,0.0,0.5832,12.789,6.0,4,20.02162129934933,,4000.0,0.0,0.0,139.33333333333331,43.77260061641745,optimal
2021-02-08 16:00:00,30,120,1.1428571428571428,0.0,0.0,0.303,13.0095,6.0,4,20.056399853635305,,4000.0,0.0,0.0,0.0,43.55232418092192,optimal
2021-02-08 16:30:00,30,120,1.1428571428571428,0.387037037037037,0.0,0.1958,12.1275,6.0,4,20.08529999534008,,4000.0,0.0,0.0,348.3333333333333,43.33226802186187,optimal
2021-02-08 17:00:00,30,120,1.1428571428571428,2.70925925925926,0.0,0.4003666666666666,12.348,6.0,4,20.11796105788904,,4000.0,0.0,0.0,2438.333333333333,43.11243191896089,optimal
2021-02-08 17:30:00,30,120,1.1428571428571428,0.0,0.0,0.074,12.348,6.0,4,20.14879734821772,,4000.0,0.0,0.0,0.0,42.8928156521628,optimal
2021-02-08 18:00:00,30,120,0.0,0.0,0.0,0.14,25.389,6.0,4,20.160432156581614,,0.0,0.0,0.0,0.0,42.67341900163152,optimal
2021-02-08 18:30:00,30,120,0.0,0.2322222222222222,0.0,0.1336666666666666,29.1375,6.0,4,20.12288188457628,,0.0,0.0,0.0,209.0,42.45424174775077,optimal
2021-02-08 19:00:00,30,120,0.0,1.7029629629629628,0.0,0.5278999999999999,30.597,6.0,4,20.088258396058585,,0.0,0.0,0.0,1532.6666666666663,42.2352836711239,optimal
2021-02-08 19:30:00,30,120,0.0,0.0,0.0,0.2083,33.684,6.0,4,20.06054316943531,,0.0,0.0,0.0,0.0,42.016544552573656,optimal
2021-02-08 20:00:00,30,120,0.0,0.0,0.0,0.1854,32.445,6.0,4,20.032707328994125,,0.0,0.0,0.0,0.0,41.79802417314196,optimal
2021-02-08 20:30:00,30,120,0.0,0.1548148148148148,0.0,0.22,28.917,6.0,4,20.0,,0.0,0.0,0.0,139.33333333333331,41.5797223140897,optimal
2021-02-08 21:00:00,30,120,0.0,0.2322222222222222,0.0,0.2635,15.876,6.0,4,19.970831829461083,,0.0,0.0,0.0,209.0,41.36163875689649,optimal
2021-02-08 21:30:00,30,120,0.0,0.0,0.0,0.2491333333333333,12.348,6.0,4,19.941995093128764,,0.0,0.0,0.0,0.0,41.14377328326047,optimal
2021-02-08 22:00:00,30,120,0.0,0.0,0.0,0.2786666666666667,12.1275,6.0,4,19.915335390415272,,0.0,0.0,0.0,0.0,41.10262950997721,optimal
2021-02-08 22:30:00,30,120,0.0,0.1548148148148148,0.0,0.1823,12.348,6.0,4,19.886852190557228,,0.0,0.0,0.0,139.33333333333331,41.061526880467234,optimal
2021-02-08 23:00:00,30,120,0.0,0.1548148148148148,0.0,0.1797333333333333,12.1275,6.0,4,19.855554849205618,,0.0,0.0,0.0,139.33333333333331,41.020465353586765,optimal
2021-02-08 23:30:00,30,120,0.0,0.0,0.0,0.7724,12.1275,6.0,4,19.83048499562428,,0.0,0.0,0.0,0.0,40.979444888233175,optimal
2021-02-09 00:00:00,30,120,1.1428571428571428,0.0,0.0,0.065,11.7705,6.0,-4,19.83048499562428,,4000.0,0.0,0.0,0.0,40.93846544334494,optimal
2021-02-09 00:30:00,30,120,1.1428571428571428,0.0,5.0,0.0854,11.13,6.0,-4,19.843993039209707,,4000.0,0.0,0.0,0.0,43.27252697790159,optimal
2021-02-09 01:00:00,30,120,1.1428571428571428,0.0,0.0,0.1941999999999999,11.6865,6.0,-4,19.85782195019455,,4000.0,0.0,0.0,0.0,43.22925445092369,optimal
2021-02-09 01:30:00,30,120,1.1428571428571428,0.0,5.0,0.065,10.7205,6.0,-4,19.87304801158049,,4000.0,0.0,0.0,0.0,45.56102519647277,optimal
2021-02-09 02:00:00,30,120,1.1428571428571428,0.0,0.0,0.1874,11.424,6.0,-4,19.886471671311217,,4000.0,0.0,0.0,0.0,45.5154641712763,optimal
2021-02-09 02:30:00,30,120,1.1428571428571428,0.0,5.0,0.0922,10.689,6.0,-4,19.90116158031785,,4000.0,0.0,0.0,0.0,47.84494870710503,optimal
2021-02-09 03:00:00,30,120,1.1428571428571428,0.0,3.0903213400547043,0.065,11.361,6.0,-4,19.91476173472408,,4000.0,0.0,0.0,0.0,49.26500639492391,optimal
2021-02-09 03:30:00,30,120,1.1428571428571428,0.0,0.0,0.2145999999999999,11.571,6.0,-4,19.92810269437649,,4000.0,0.0,0.0,0.0,49.215741388528976,optimal
2021-02-09 04:00:00,30,120,1.1428571428571428,0.0,0.0,0.065,14.3745,6.0,-4,19.94343793957104,,4000.0,0.0,0.0,0.0,49.16652564714044,optimal
2021-02-09 04:30:00,30,120,1.1428571428571428,0.0,0.0,0.167,13.23,6.0,-4,19.957118559416987,,4000.0,0.0,0.0,0.0,49.1173591214933,optimal
2021-02-09 05:00:00,30,120,1.1428571428571428,0.0,0.0,0.1189333333333333,13.9755,6.0,-4,19.971816399297385,,4000.0,0.0,0.0,0.0,49.0682417623718,optimal
2021-02-09 05:30:00,30,120,1.1428571428571428,0.0,0.0,0.075,14.994,6.0,-4,19.985624124028472,,4000.0,0.0,0.0,0.0,49.01917352060943,optimal
2021-02-09 06:00:00,30,120,1.1428571428571428,0.0,0.0,0.075,13.671,6.0,-4,19.998824594539585,,4000.0,0.0,0.0,0.0,48.97015434708881,optimal
2021-02-09 06:30:00,30,120,1.0543064783402096,0.0,0.0,0.1094666666666666,15.981,6.0,-4,20.01199889428811,,3690.072674190734,0.0,0.0,0.0,48.92118419274172,optimal
2021-02-09 07:00:00,30,120,1.1428571428571428,0.0,0.0,0.1738,15.6345,6.0,-4,20.02176934556072,,4000.0,0.0,0.0,0.0,48.87226300854897,optimal
2021-02-09 07:30:00,30,120,0.0,0.0,0.0,0.065,16.5375,6.0,-4,20.03602533855524,,0.0,0.0,0.0,0.0,48.823390745540415,optimal
2021-02-09 08:00:00,30,120,1.1428571428571428,0.0,0.0,0.2145999999999999,14.7735,6.0,-4,20.0,,4000.0,0.0,0.0,0.0,48.77456735479488,optimal
2021-02-09 08:30:00,30,120,0.502345140355077,0.0,0.0,0.065,15.2145,6.0,-4,20.014431993075625,,1758.2079912427696,0.0,0.0,0.0,48.72579278744007,optimal
2021-02-09 09:00:00,30,120,0.7626805073259845,0.0,0.0,0.1801333333333333,14.553,6.0,-4,20.0,,2669.3817756409453,0.0,0.0,0.0,48.67706699465263,optimal
2021-02-09 09:30:00,30,120,1.1428571428571428,0.0,0.0,0.1158,14.3325,6.0,-4,20.0,,4000.0,0.0,0.0,0.0,48.62838992765797,optimal
2021-02-09 10:00:00,30,120,1.0337041690106143,0.0,0.0,0.0818,14.595,6.0,-4,20.01597641743537,,3617.96459153715,0.0,0.0,0.0,48.57976153773031,optimal
2021-02-09 10:30:00,30,120,0.0,0.0,0.0,0.2084666666666666,14.994,6.0,-4,20.030323585204624,,0.0,0.0,0.0,0.0,48.53118177619257,optimal
2021-02-09 11:00:00,30,120,1.1428571428571428,0.0,0.0,0.065,14.3325,6.0,-4,20.00271946176017,,4000.0,0.0,0.0,0.0,48.48265059441637,optimal
2021-02-09 11:30:00,30,120,1.1428571428571428,0.0,0.0,0.4690333333333333,13.8915,6.0,-4,20.025337498393203,,4000.0,0.0,0.0,0.0,48.434167943821954,optimal
2021-02-09 12:00:00,30,120,1.1428571428571428,0.5418518518518518,0.0,0.1267666666666666,13.8915,6.0,-4,20.05395521106398,,4000.0,0.0,0.0,487.6666666666667,48.38573377587813,optimal
2021-02-09 12:30:00,30,120,1.1428571428571428,0.0,0.0,1.727933333333333,13.4715,6.0,-4,20.080799086928987,,4000.0,0.0,0.0,0.0,48.33734804210225,optimal
2021-02-09 13:00:00,30,120,1.1428571428571428,0.0,0.0,1.3656333333333337,13.23,6.0,-4,20.11608850675285,,4000.0,0.0,0.0,0.0,48.28901069406015,optimal
2021-02-09 13:30:00,30,120,1.1428571428571428,0.0,0.0,0.4452333333333333,13.8915,6.0,-4,20.154980756389463,,4000.0,0.0,0.0,0.0,48.24072168336608,optimal
2021-02-09 14:00:00,30,120,0.0,0.2322222222222222,0.0,0.9167,26.9325,6.0,-4,20.18573617876216,,0.0,0.0,0.0,209.0,48.19248096168271,optimal
2021-02-09 14:30:00,30,120,0.0,0.3096296296296296,0.0,0.2637666666666666,30.303,6.0,-4,20.172938484396973,,0.0,0.0,0.0,278.66666666666663,48.144288480721016,optimal
2021-02-09 15:00:00,30,120,0.0,0.0,0.0,0.4328999999999999,32.886,6.0,-4,20.153428469218422,,0.0,0.0,0.0,0.0,48.096144192240295,optimal
2021-02-09 15:30:00,30,120,0.0,0.387037037037037,0.0,0.2308,34.9965,6.0,-4,20.133070387779423,,0.0,0.0,0.0,348.3333333333333,48.048048048048045,optimal
2021-02-09 16:00:00,30,120,0.0,0.3096296296296296,0.0,0.2537333333333333,33.327,6.0,-4,20.1115786957074,,0.0,0.0,0.0,278.66666666666663,48.0,optimal
2021-02-09 16:30:00,30,120,0.0,0.0774074074074074,0.0,0.2152,31.122,6.0,-4,20.08562094113316,,0.0,0.0,0.0,69.66666666666666,47.040241990885775,optimal
2021-02-09 17:00:00,30,120,0.0,0.0,0.0,0.1910666666666666,17.9025,6.0,-4,20.057905887378023,,0.0,0.0,0.0,0.0,46.08144373978067,optimal
2021-02-09 17:30:00,30,120,0.0,0.387037037037037,0.0,0.4292333333333333,15.6555,6.0,-4,20.027936104404773,,0.0,0.0,0.0,348.3333333333333,45.12360428692666,optimal
2021-02-09 18:00:00,30,120,0.7130176726694993,0.387037037037037,0.0,0.2683333333333333,14.553,6.0,-4,20.0,,2495.561854343248,0.0,0.0,348.3333333333333,44.16672267352551,optimal
2021-02-09 18:30:00,30,120,0.614016615289041,0.0774074074074074,0.0,0.4736666666666667,14.3325,6.0,-4,20.0,,2149.0581535116435,0.0,0.0,69.66666666666666,43.210797941737766,optimal
2021-02-09 19:00:00,30,120,0.5794631769561863,0.1548148148148148,0.0,0.635,13.335,6.0,-4,20.0,,2028.121119346652,0.0,0.0,139.33333333333331,42.25582913468181,optimal
2021-02-09 19:30:00,30,120,1.1428571428571428,2.0899999999999994,0.0,1.9094333333333329,12.1275,6.0,-4,20.0,,4000.0,0.0,0.0,1881.0,41.3018152964329,optimal
2021-02-09 20:00:00,30,120,0.0972573356524645,0.0,0.0,0.2830333333333333,12.2955,6.0,-4,20.028338147106087,,340.400674783626,0.0,0.0,0.0,40.34875547202224,optimal
2021-02-09 20:30:00,30,120,0.0,0.2322222222222222,0.0,0.49,11.6865,6.0,-4,20.0,,0.0,0.0,0.0,209.0,39.39664870743599,optimal
2021-02-09 21:00:00,30,120,0.0,0.0,0.0,1.1572,11.466,6.0,-4,19.9708590814642,,0.0,0.0,0.0,0.0,38.44549404961433,optimal
2021-02-09 21:30:00,30,120,0.0,0.387037037037037,0.0,0.6047,10.8045,6.0,-4,19.937583252431388,,0.0,0.0,0.0,348.3333333333333,37.4952905464505,optimal
2021-02-09 22:00:00,30,120,0.0,0.5418518518518518,0.0,1.7102,10.584,6.0,-4,19.908446827626893,,0.0,0.0,0.0,487.6666666666667,37.457795255904045,optimal
2021-02-09 22:30:00,30,120,0.0,4.954074074074073,0.0,0.4604,11.2455,6.0,-4,19.883016436642915,,0.0,0.0,0.0,4458.666666666666,37.42033746064814,optimal
2021-02-09 23:00:00,30,120,0.0,0.1548148148148148,0.0,0.5552666666666667,12.1275,6.0,-4,19.852960275036,,0.0,0.0,0.0,139.33333333333331,37.3829171231875,optimal
2021-02-09 23:30:00,30,120,0.0,0.0,0.0,0.3196666666666667,11.823,6.0,-4,19.82407721291482,,0.0,0.0,0.0,0.0,37.34553420606431,optimal
2021-02-10 00:00:00,30,120,1.1428571428571428,0.0,5.0,0.049,10.542,6.0,-9,19.82407721291482,,4000.0,0.0,0.0,0.0,39.68318867185825,optimal
2021-02-10 00:30:00,30,120,1.1428571428571428,0.0,5.0,0.049,11.025,6.0,-9,19.837029676720466,,4000.0,0.0,0.0,0.0,42.01850548318639,optimal
2021-02-10 01:00:00,30,120,1.1428571428571428,0.0,5.0,0.049,11.025,6.0,-9,19.84975820516627,,4000.0,0.0,0.0,0.0,44.3514869777032,optimal
2021-02-10 01:30:00,30,120,1.1428571428571428,0.0,5.0,0.159,14.553,6.0,-9,19.86226324221817,,4000.0,0.0,0.0,0.0,46.6821354907255,optimal
2021-02-10 02:00:00,30,120,1.1428571428571428,0.0,5.0,0.06,13.0935,6.0,-9,19.87588528871713,,4000.0,0.0,0.0,0.0,49.01045335523477,optimal
2021-02-10 02:30:00,30,120,1.1428571428571428,0.0,0.5353652350514662,0.104,15.6345,6.0,-9,19.88807602038676,,4000.0,0.0,0.0,0.0,49.215741388528976,optimal
2021-02-10 03:00:00,30,120,1.1428571428571428,0.0,0.0,0.115,18.102,6.0,-9,19.90077860626662,,4000.0,0.0,0.0,0.0,49.16652564714044,optimal
2021-02-10 03:30:00,30,120,1.1428571428571428,0.0,0.0,0.049,17.199,6.0,-9,19.913590014247,,4000.0,0.0,0.0,0.0,49.1173591214933,optimal
2021-02-10 04:00:00,30,120,0.6281337999240008,0.0,0.0,0.049,18.2805,6.0,-9,19.92557198815257,,2198.468299734003,0.0,0.0,0.0,49.0682417623718,optimal
2021-02-10 04:30:00,30,120,1.1428571428571428,0.0,0.0,0.1425,17.4615,6.0,-9,19.9155833295302,,4000.0,0.0,0.0,0.0,49.01917352060943,optimal
2021-02-10 05:00:00,30,120,1.1428571428571428,0.0,0.0,0.0765,18.3225,6.0,-9,19.92850214436874,,4000.0,0.0,0.0,0.0,48.97015434708881,optimal
2021-02-10 05:30:00,30,120,1.1428571428571428,0.0,0.0,0.049,17.094,6.0,-9,19.940393055905485,,4000.0,0.0,0.0,0.0,48.92118419274172,optimal
2021-02-10 06:00:00,30,120,1.1428571428571428,0.0,0.0,0.049,17.094,6.0,-9,19.951727122237685,,4000.0,0.0,0.0,0.0,48.87226300854897,optimal
2021-02-10 06:30:00,30,120,1.1428571428571428,0.0,0.0,0.17,17.094,6.0,-9,19.96284046178477,,4000.0,0.0,0.0,0.0,48.823390745540415,optimal
2021-02-10 07:00:00,30,120,1.1428571428571428,0.0,0.0,0.0493333333333333,17.3565,6.0,-9,19.975802344540643,,4000.0,0.0,0.0,0.0,48.77456735479488,optimal
2021-02-10 07:30:00,30,120,1.1428571428571428,0.0,0.0,0.1055,17.115,6.0,-9,19.98766097859065,,4000.0,0.0,0.0,0.0,48.72579278744007,optimal
2021-02-10 08:00:00,30,120,1.1428571428571428,1.006296296296296,0.0,0.1483666666666666,17.241,6.0,-9,20.0,,4000.0,0.0,0.0,905.6666666666664,48.67706699465263,optimal
2021-02-10 08:30:00,30,120,1.1428571428571428,0.2322222222222222,0.0,0.1787,17.094,6.0,-9,20.01485134486549,,4000.0,0.0,0.0,209.0,48.62838992765797,optimal
2021-02-10 09:00:00,30,120,1.1428571428571428,2.4600074074074074,0.0,0.1669666666666666,16.5165,6.0,-9,20.032109082835102,,4000.0,0.0,0.0,2214.0066666666667,48.57976153773031,optimal
2021-02-10 09:30:00,30,120,1.1428571428571428,3.887399999999999,0.0,0.1473333333333333,17.8185,6.0,-9,20.053951677830955,,4000.0,0.0,0.0,3498.6599999999994,48.53118177619257,optimal
2021-02-10 10:00:00,30,120,1.1428571428571428,0.4644444444444444,0.0,0.2494,17.094,6.0,-9,20.07478711942081,,4000.0,0.0,0.0,418.0,48.48265059441637,optimal
2021-02-10 10:30:00,30,120,1.1428571428571428,0.774074074074074,0.0,0.1344,16.8945,6.0,-9,20.100540507019364,,4000.0,0.0,0.0,696.6666666666666,48.434167943821954,optimal
2021-02-10 11:00:00,30,120,1.1428571428571428,0.2322222222222222,0.0,0.073,18.123,6.0,-9,20.12438557089812,,4000.0,0.0,0.0,209.0,48.38573377587813,optimal
2021-02-10 11:30:00,30,120,0.0,0.0,0.0,0.2334666666666666,31.647,6.0,-9,20.148706289227857,,0.0,0.0,0.0,0.0,48.33734804210225,optimal
2021-02-10 12:00:00,30,120,0.0,0.0774074074074074,0.0,0.0591333333333333,34.9965,6.0,-9,20.12560459010151,,0.0,0.0,0.0,69.66666666666666,48.28901069406015,optimal
2021-02-10 12:30:00,30,120,0.0,0.774074074074074,0.0,0.1602333333333333,34.9965,6.0,-9,20.103337531429965,,0.0,0.0,0.0,696.6666666666666,48.24072168336608,optimal
2021-02-10 13:00:00,30,120,0.0,0.0,0.0,0.5713333333333334,34.9965,6.0,-9,20.082403104437542,,0.0,0.0,0.0,0.0,48.19248096168271,optimal
2021-02-10 13:30:00,30,120,0.0,0.4644444444444444,0.0,0.4730666666666666,34.9965,6.0,-9,20.06571265926044,,0.0,0.0,0.0,418.0,48.144288480721016,optimal
2021-02-10 14:00:00,30,120,0.0,0.0,0.0,0.5861333333333333,34.9965,6.0,-9,20.048283123718534,,0.0,0.0,0.0,0.0,48.096144192240295,optimal
2021-02-10 14:30:00,30,120,0.0,0.2322222222222222,0.0,0.4085666666666667,27.741,6.0,-9,20.03234316638018,,0.0,0.0,0.0,209.0,48.048048048048045,optimal
2021-02-10 15:00:00,30,120,0.0702457321799201,0.0,0.0,0.422,19.026,6.0,-9,20.01548580647168,,245.8600626297205,0.0,0.0,0.0,48.0,optimal
2021-02-10 15:30:00,30,120,0.5654541407673785,0.4644444444444444,0.0,0.199,18.7215,6.0,-9,20.0,,1979.089492685825,0.0,0.0,418.0,47.36624660585598,optimal
2021-02-10 16:00:00,30,120,0.5277518356891165,0.6192592592592592,0.0,0.2619333333333333,17.4195,6.0,-9,20.0,,1847.131424911908,0.0,0.0,557.3333333333333,46.7331269651061,optimal
2021-02-10 16:30:00,30,120,0.3973560652109064,0.0774074074074074,0.0,0.6689666666666667,16.758,6.0,-9,20.0,,1390.7462282381723,0.0,0.0,69.66666666666666,46.10064044399697,optimal
2021-02-10 17:00:00,30,120,0.4459878415437782,0.6192592592592592,0.0,2.1582,14.217,6.0,-9,20.0,,1560.9574454032238,0.0,0.0,557.3333333333333,45.46878640940896,optimal
2021-02-10 17:30:00,30,120,0.447727736544267,0.0,0.0,2.744266666666667,13.3665,6.0,-9,20.0,,1567.047077904935,0.0,0.0,0.0,44.83756422885553,optimal
2021-02-10 18:00:00,30,120,0.5739438069532891,0.0,0.0,0.9244666666666668,12.789,6.0,-9,20.0,,2008.803324336512,0.0,0.0,0.0,44.20697327048265,optimal
2021-02-10 18:30:00,30,120,0.6146113136160389,0.5418518518518518,0.0,0.4818,11.907,6.0,-9,20.0,,2151.139597656136,0.0,0.0,487.6666666666667,43.57701290306815,optimal
2021-02-10 19:00:00,30,120,0.6642959631359361,0.0,0.0,0.4938666666666667,11.7075,6.0,-9,20.0,,2325.035870975776,0.0,0.0,0.0,42.94768249602105,optimal
2021-02-10 19:30:00,30,120,1.1428571428571428,0.1548148148148148,0.0,0.295,10.8045,6.0,-9,20.0,,4000.0,0.0,0.0,139.33333333333331,42.31898141938101,optimal
2021-02-10 20:00:00,30,120,0.2806432231837777,0.1548148148148148,0.0,0.3583,11.508,6.0,-9,20.01755774888013,,982.251281143222,0.0,0.0,139.33333333333331,42.27666243796163,optimal
2021-02-10 20:30:00,30,120,0.0,0.4644444444444444,0.0,0.3644333333333333,11.508,6.0,-9,20.0,,0.0,0.0,0.0,418.0,42.23438577552367,optimal
2021-02-10 21:00:00,30,120,0.0,0.0,0.0,0.375,11.508,6.0,-9,19.971845265793167,,0.0,0.0,0.0,0.0,42.19215138974815,optimal
2021-02-10 21:30:00,30,120,0.0,0.0,0.0,0.3773999999999999,11.844,6.0,-9,19.94390548765014,,0.0,0.0,0.0,0.0,42.1499592383584,optimal
2021-02-10 22:00:00,30,120,0.0,2.39962962962963,0.0,0.5464333333333333,11.508,6.0,-9,19.912964462732425,,0.0,0.0,0.0,2159.6666666666665,42.10780927912004,optimal
2021-02-10 22:30:00,30,120,0.0,0.0,0.0,0.4546,11.508,6.0,-9,19.87920843988021,,0.0,0.0,0.0,0.0,42.06570146984092,optimal
2021-02-10 23:00:00,30,120,0.0,1.935185185185185,0.0,0.3753333333333333,10.4475,6.0,-9,19.84352811407943,,0.0,0.0,0.0,1741.6666666666667,42.02363576837108,optimal
2021-02-10 23:30:00,30,120,0.0,0.7167925925925925,0.0,0.2981999999999999,10.8675,6.0,-9,19.80547046251054,,0.0,0.0,0.0,645.1133333333333,41.98161213260271,optimal
2021-02-11 00:00:00,30,120,1.1428571428571428,0.0,5.0,0.053,10.584,6.0,-7,19.80547046251054,,4000.0,0.0,0.0,0.0,44.3146305204701,optimal
2021-02-11 00:30:00,30,120,1.1428571428571428,0.0,4.169887705959923,0.053,11.025,6.0,-7,19.81034714468315,,4000.0,0.0,0.0,0.0,46.25101255028059,optimal
2021-02-11 01:00:00,30,120,1.1428571428571428,0.0,5.0,0.053,10.4265,6.0,-7,19.815412414812933,,4000.0,0.0,0.0,0.0,48.57976153773031,optimal
2021-02-11 01:30:00,30,120,1.1428571428571428,0.0,0.0,0.053,12.789,6.0,-7,19.82066589901241,,4000.0,0.0,0.0,0.0,48.53118177619257,optimal
2021-02-11 02:00:00,30,120,1.1428571428571428,0.0,0.0,0.053,12.684,6.0,-7,19.825908967849223,,4000.0,0.0,0.0,0.0,48.48265059441637,optimal
2021-02-11 02:30:00,30,120,1.1428571428571428,0.0,0.0,0.053,16.254,6.0,-7,19.83114164197248,,4000.0,0.0,0.0,0.0,48.434167943821954,optimal
2021-02-11 03:00:00,30,120,1.1428571428571428,0.0,0.0,0.053,17.64,6.0,-7,19.836165685704216,,4000.0,0.0,0.0,0.0,48.38573377587813,optimal
2021-02-11 03:30:00,30,120,1.1428571428571428,0.0,0.0,0.053,19.1625,6.0,-7,19.8409815126673,,4000.0,0.0,0.0,0.0,48.33734804210225,optimal
2021-02-11 04:00:00,30,120,0.0,0.0,0.0,0.053,26.46,6.0,-7,19.84628343266604,,0.0,0.0,0.0,0.0,48.28901069406015,optimal
2021-02-11 04:30:00,30,120,1.1428571428571428,0.0,0.0,0.053,20.79,6.0,-7,19.80334110907244,,4000.0,0.0,0.0,0.0,48.24072168336608,optimal
2021-02-11 05:00:00,30,120,0.0,0.0,0.0,0.053,29.106,6.0,-7,19.80921329425277,,0.0,0.0,0.0,0.0,48.19248096168271,optimal
2021-02-11 05:30:00,30,120,1.1428571428571428,0.0,0.0,0.053,19.1835,6.0,-7,19.766344464538857,,4000.0,0.0,0.0,0.0,48.144288480721016,optimal
2021-02-11 06:00:00,30,120,1.1428571428571428,0.387037037037037,0.0,0.5875333333333334,19.6665,6.0,-7,19.77278563860797,,4000.0,0.0,0.0,348.3333333333333,48.096144192240295,optimal
2021-02-11 06:30:00,30,120,1.1428571428571428,2.2448148148148146,0.0,1.6586,19.404,6.0,-7,19.78652156240015,,4000.0,0.0,0.0,2020.3333333333333,48.048048048048045,optimal
2021-02-11 07:00:00,30,120,1.1428571428571428,0.6192592592592592,0.0,0.1648333333333333,19.047,6.0,-7,19.81021309740431,,4000.0,0.0,0.0,557.3333333333333,48.0,optimal
2021-02-11 07:30:00,30,120,1.1428571428571428,15.06493936400122,0.0,0.2696,18.858,6.0,-7,19.82540261073318,,4000.0,13210.112094267764,0.0,348.3333333333333,47.87498005861115,optimal
2021-02-11 08:00:00,30,120,1.1428571428571428,0.6192592592592592,0.0,2.2913666666666668,19.2675,6.0,-7,20.0,,4000.0,0.0,0.0,557.3333333333333,47.750085137163694,optimal
2021-02-11 08:30:00,30,120,1.1428571428571428,3.5839629629629624,0.0,0.1132,18.963,6.0,-7,20.02087443127724,,4000.0,0.0,0.0,3225.566666666666,47.62531511063768,optimal
2021-02-11 09:00:00,30,120,1.1428571428571428,0.0,0.0,0.063,18.438,6.0,-7,20.028606775381363,,4000.0,0.0,0.0,0.0,47.5006698541382,optimal
2021-02-11 09:30:00,30,120,1.1428571428571428,0.0,0.0,0.063,18.7425,6.0,-7,20.034810433763777,,4000.0,0.0,0.0,0.0,47.37614924289521,optimal
2021-02-11 10:00:00,30,120,1.1428571428571428,0.0,0.0,0.063,15.2145,6.0,-7,20.04427302172472,,4000.0,0.0,0.0,0.0,47.25175315226347,optimal
2021-02-11 10:30:00,30,120,1.1428571428571428,0.0,0.0,0.063,17.7765,6.0,-7,20.060542613125524,,4000.0,0.0,0.0,0.0,47.127481457722354,optimal
2021-02-11 11:00:00,30,120,1.1428571428571428,0.0,0.0,0.063,16.758,6.0,-7,20.07559041132184,,4000.0,0.0,0.0,0.0,47.003334034875785,optimal
2021-02-11 11:30:00,30,120,1.1428571428571428,0.0,0.0,0.063,16.422,6.0,-7,20.092230152557192,,4000.0,0.0,0.0,0.0,46.87931075945206,optimal
2021-02-11 12:00:00,30,120,1.1428571428571428,0.0,0.0,0.063,16.758,6.0,-7,20.11032382660557,,4000.0,0.0,0.0,0.0,46.75541150730376,optimal
2021-02-11 12:30:00,30,120,0.0,0.0,0.0,0.063,29.358,6.0,-7,20.13203358584381,,0.0,0.0,0.0,0.0,46.63163615440761,optimal
2021-02-11 13:00:00,30,120,0.0,0.0,0.0,0.063,34.9965,6.0,-7,20.10625959706154,,0.0,0.0,0.0,0.0,46.50798457686435,optimal
2021-02-11 13:30:00,30,120,0.0,0.0,0.0,0.063,34.65,6.0,-7,20.08059744245596,,0.0,0.0,0.0,0.0,46.38445665089864,optimal
2021-02-11 14:00:00,30,120,0.0,0.0,0.0,0.063,34.9965,6.0,-7,20.055184420971173,,0.0,0.0,0.0,0.0,46.261052252858896,optimal
2021-02-11 14:30:00,30,120,0.0,0.0,0.0,0.063,34.9965,6.0,-7,20.03027855031377,,0.0,0.0,0.0,0.0,46.13777125921719,optimal
2021-02-11 15:00:00,30,120,0.0,2.1611546220045144,0.0,0.063,30.4815,6.0,-7,20.0047281601091,,0.0,1945.039159804063,0.0,0.0,46.01461354656912,optimal
2021-02-11 15:30:00,30,120,0.7198677999166001,0.0,0.0,0.063,21.4305,6.0,-7,20.0,,2519.5372997081004,0.0,0.0,0.0,45.89157899163371,optimal
2021-02-11 16:00:00,30,120,0.6466317620266244,2.376407407407407,0.0,0.3094666666666666,14.3325,6.0,-7,20.0,,2263.2111670931854,0.0,0.0,2138.7666666666664,45.76866747125322,optimal
2021-02-11 16:30:00,30,120,1.1428571428571428,0.387037037037037,0.0,0.9190666666666668,13.692,6.0,-7,20.0,,4000.0,0.0,0.0,348.3333333333333,45.645878862393126,optimal
2021-02-11 17:00:00,30,120,0.0248682090894774,1.357725925925926,0.0,2.031033333333333,14.007,6.0,-7,20.02689758506733,,87.03873181317124,0.0,0.0,1221.9533333333334,45.52321304214188,optimal
2021-02-11 17:30:00,30,120,0.7760905502464495,0.2678296296296296,0.0,0.6382000000000001,12.873,6.0,-7,20.0,,2716.316925862573,0.0,0.0,241.04666666666665,45.40066988771089,optimal
2021-02-11 18:00:00,30,120,0.7441139016772779,0.0774074074074074,0.0,0.3145,12.684,6.0,-7,20.0,,2604.398655870473,0.0,0.0,69.66666666666666,45.27824927643433,optimal
2021-02-11 18:30:00,30,120,0.4114556866690181,6.037777777777777,0.0,2.042466666666667,12.306,6.0,-7,20.0,,1440.0949033415636,0.0,0.0,5433.999999999999,45.15595108576905,optimal
2021-02-11 19:00:00,30,120,1.1428571428571428,0.6966666666666667,0.0,0.7858999999999999,10.6365,6.0,-7,20.0,,4000.0,0.0,0.0,627.0,45.03377519329443,optimal
2021-02-11 19:30:00,30,120,0.4167310506384125,0.0,0.0,0.3356666666666666,11.2455,6.0,-7,20.01677819940885,,1458.5586772344436,0.0,0.0,0.0,44.91172147671229,optimal
2021-02-11 20:00:00,30,120,0.8540408316451854,0.1548148148148148,0.0,0.3568666666666666,11.2455,6.0,-7,20.0,,2989.142910758149,0.0,0.0,139.33333333333331,44.78978981384672,optimal
2021-02-11 20:30:00,30,120,0.0,0.0,0.0,0.5607333333333333,11.025,6.0,-7,20.0,,0.0,0.0,0.0,0.0,44.66798008264403,optimal
2021-02-11 21:00:00,30,120,0.0,3.096296296296296,0.0,2.0635,12.0855,6.0,-7,19.963500130081737,,0.0,0.0,0.0,2786.6666666666665,44.54629216117254,optimal
2021-02-11 21:30:00,30,120,0.0,0.2322222222222222,0.0,1.1928333333333332,11.6865,6.0,-7,19.94115659880381,,0.0,0.0,0.0,209.0,44.42472592762252,optimal
2021-02-11 22:00:00,30,120,0.0,0.0,0.0,0.6571,11.2245,6.0,-7,19.90867104881316,,0.0,0.0,0.0,0.0,44.30328126030605,optimal
2021-02-11 22:30:00,30,120,0.0,0.0,0.0,0.2818,11.025,6.0,-7,19.874362158899537,,0.0,0.0,0.0,0.0,44.1819580376569,optimal
2021-02-11 23:00:00,30,120,0.0,0.0,0.0,0.1590666666666666,10.7835,6.0,-7,19.83402348471289,,0.0,0.0,0.0,0.0,44.13777607961924,optimal
2021-02-11 23:30:00,30,120,0.0,0.0,0.0,0.063,11.025,6.0,-7,19.78845964514572,,0.0,0.0,0.0,0.0,44.09363830353963,optimal
2021-02-12 00:00:00,30,120,1.1428571428571428,0.0,0.0,0.043,12.348,6.0,-13,19.78845964514572,,4000.0,0.0,0.0,0.0,44.04954466523609,optimal
2021-02-12 00:30:00,30,120,1.1428571428571428,0.0,0.0,0.1830666666666666,14.3325,6.0,-13,19.786927174196585,,4000.0,0.0,0.0,0.0,44.005495120570856,optimal
2021-02-12 01:00:00,30,120,1.1428571428571428,0.0,0.0,0.043,15.393,6.0,-13,19.787104081675785,,4000.0,0.0,0.0,0.0,43.96148962545029,optimal
2021-02-12 01:30:00,30,120,1.1428571428571428,0.0,0.0,0.1321333333333333,13.587,6.0,-13,19.78557429821644,,4000.0,0.0,0.0,0.0,43.91752813582483,optimal
2021-02-12 02:00:00,30,120,1.1428571428571428,0.0,0.0,0.1933666666666667,16.1385,6.0,-13,19.78533165679496,,4000.0,0.0,0.0,0.0,43.87361060768901,optimal
2021-02-12 02:30:00,30,120,1.1428571428571428,0.0,0.0,0.0482333333333333,14.595,6.0,-13,19.786033718195235,,4000.0,0.0,0.0,0.0,43.82973699708132,optimal
2021-02-12 03:00:00,30,120,1.1428571428571428,0.0,0.0,0.2196999999999999,14.637,6.0,-13,19.785561092492355,,4000.0,0.0,0.0,0.0,43.78590726008424,optimal
2021-02-12 03:30:00,30,120,1.1428571428571428,0.0,0.0,0.1110333333333333,13.9125,6.0,-13,19.7877730384438,,4000.0,0.0,0.0,0.0,43.74212135282415,optimal
2021-02-12 04:00:00,30,120,1.1428571428571428,0.0,0.0,0.043,13.3665,6.0,-13,19.79004457844536,,4000.0,0.0,0.0,0.0,43.69837923147133,optimal
2021-02-12 04:30:00,30,120,1.1428571428571428,0.0,0.0,0.043,13.0095,6.0,-13,19.7928706035613,,4000.0,0.0,0.0,0.0,43.654680852239856,optimal
2021-02-12 05:00:00,30,120,1.1428571428571428,0.0,0.0,0.2144666666666666,13.8915,6.0,-13,19.79707881990776,,4000.0,0.0,0.0,0.0,43.611026171387614,optimal
2021-02-12 05:30:00,30,120,1.1428571428571428,0.0,0.0,0.1162666666666666,13.188,6.0,-13,19.80475535298947,,4000.0,0.0,0.0,0.0,43.56741514521622,optimal
2021-02-12 06:00:00,30,120,1.1428571428571428,0.0,0.0,0.0698333333333333,12.5685,6.0,-13,19.81280641104574,,4000.0,0.0,0.0,0.0,43.523847730071004,optimal
2021-02-12 06:30:00,30,120,1.1428571428571428,0.2322222222222222,0.0,0.2668999999999999,12.285,6.0,-13,19.82185376929629,,4000.0,0.0,0.0,209.0,43.48032388234093,optimal
2021-02-12 07:00:00,30,120,1.1428571428571428,1.0837037037037036,0.0883825612840526,0.041,11.487,6.0,-13,19.834334944675007,,4000.0,0.0,0.0,975.3333333333334,43.47882527506851,optimal
2021-02-12 07:30:00,30,120,1.1428571428571428,13.35607956076781,0.0,0.4986,11.802,6.0,-13,19.845435570707107,,4000.0,11532.804938024365,0.0,487.6666666666667,43.43534644979344,optimal
2021-02-12 08:00:00,30,120,1.1428571428571428,0.3096296296296296,5.0,0.0838333333333333,11.2245,6.0,-13,20.0,,4000.0,0.0,0.0,278.66666666666663,45.76691110334364,optimal
2021-02-12 08:30:00,30,120,1.1428571428571428,0.0,5.0,0.1156666666666666,11.025,6.0,-13,20.00895040870768,,4000.0,0.0,0.0,0.0,48.096144192240295,optimal
2021-02-12 09:00:00,30,120,1.1428571428571428,1.006296296296296,0.0,1.4814666666666667,11.907,6.0,-13,20.018284909654835,,4000.0,0.0,0.0,905.6666666666664,48.048048048048045,optimal
2021-02-12 09:30:00,30,120,0.0,0.0774074074074074,0.0,0.1422,25.83,6.0,-13,20.04138255831956,,0.0,0.0,0.0,69.66666666666666,48.0,optimal
2021-02-12 10:00:00,30,120,0.0,1.1285619401512414,0.0,0.7303666666666667,28.035,6.0,-13,20.007899361481325,,0.0,946.0390794694508,0.0,69.66666666666666,47.55323669110019,optimal
2021-02-12 10:30:00,30,120,0.0,1.9192789161059631,0.0,0.7714333333333333,28.119,6.0,-13,20.0,,0.0,1518.3510244953668,0.0,209.0,47.10692014550928,optimal
2021-02-12 11:00:00,30,120,0.0,2.50203450025233,0.0,0.5135666666666667,30.156,6.0,-13,20.0,,0.0,1833.8310502270967,0.0,418.0,46.66104991646396,optimal
2021-02-12 11:30:00,30,120,0.0,3.826185943772765,0.0,1.2828333333333333,29.1585,6.0,-13,20.0,,0.0,1423.2340160621548,0.0,2020.3333333333333,46.21562555764768,optimal
2021-02-12 12:00:00,30,120,0.0,1.9573809906909536,0.0,0.2838,26.712,6.0,-13,20.0,,0.0,1622.309558288525,0.0,139.33333333333331,45.770646623190224,optimal
2021-02-12 12:30:00,30,120,0.4847559592733746,0.3096296296296296,0.0,0.5741666666666666,15.435,6.0,-13,20.0,,1696.6458574568114,0.0,0.0,278.66666666666663,45.326112667667225,optimal
2021-02-12 13:00:00,30,120,0.352464915409743,0.0,0.0,1.4955,13.566,6.0,-13,20.0,,1233.6272039341006,0.0,0.0,0.0,44.88202324609975,optimal
2021-02-12 13:30:00,30,120,0.2672403635039972,0.2322222222222222,0.0,2.464433333333333,12.789,6.0,-13,20.0,,935.3412722639904,0.0,0.0,209.0,44.43837791395384,optimal
2021-02-12 14:00:00,30,120,0.3799374108611228,0.0,0.0,3.4174333333333333,12.1275,6.0,-13,20.0,,1329.7809380139302,0.0,0.0,0.0,43.99517622714007,optimal
2021-02-12 14:30:00,30,120,0.0,0.0,0.0,1.0228666666666668,13.671,6.0,-13,20.0131293072984,,0.0,0.0,0.0,0.0,43.55241774201312,optimal
2021-02-12 15:00:00,30,120,1.1428571428571428,0.2322222222222222,0.0,0.1879333333333333,10.668,6.0,-13,20.0,,4000.0,0.0,0.0,209.0,43.1101020153713,optimal
2021-02-12 15:30:00,30,120,0.0,0.0,0.0,1.5111,11.7285,6.0,-13,20.02886462081297,,0.0,0.0,0.0,0.0,42.66822860445612,optimal
2021-02-12 16:00:00,30,120,0.2120040879315597,0.0774074074074074,0.0,0.3486333333333333,11.025,6.0,-13,20.01307557050798,,742.0143077604589,0.0,0.0,69.66666666666666,42.22679706695185,optimal
2021-02-12 16:30:00,30,120,1.0189857767285284,0.0,0.0,0.1539,10.689,6.0,-13,20.0,,3566.450218549849,0.0,0.0,0.0,41.78580696098509,optimal
2021-02-12 17:00:00,30,120,1.1428571428571428,1.2385185185185184,0.0,0.1623,8.1585,6.0,-13,20.01654256832441,,4000.0,0.0,0.0,1114.6666666666663,41.34525784512429,optimal
2021-02-12 17:30:00,30,120,1.1428571428571428,3.173703703703704,0.0,1.689466666666667,10.3635,6.0,-13,20.033941169181592,,4000.0,0.0,0.0,2856.333333333333,40.90514927837936,optimal
2021-02-12 18:00:00,30,120,0.0,0.1548148148148148,0.0,0.4061333333333333,10.8045,6.0,-13,20.0576203503482,,0.0,0.0,0.0,139.33333333333331,40.46548082020117,optimal
2021-02-12 18:30:00,30,120,0.0,0.5418518518518518,0.0,0.3576666666666667,11.025,6.0,-13,20.0275310308268,,0.0,0.0,0.0,487.6666666666667,40.02625203048116,optimal
2021-02-12 19:00:00,30,120,1.1428571428571428,0.4644444444444444,0.0,0.3776,10.3635,6.0,-13,20.0,,4000.0,0.0,0.0,418.0,39.58746246955087,optimal
2021-02-12 19:30:00,30,120,0.0653472871615765,0.2322222222222222,0.0,1.0093,10.8045,6.0,-13,20.02222161893925,,228.715505065518,0.0,0.0,209.0,39.14911169818152,optimal
2021-02-12 20:00:00,30,120,0.5205192402768852,0.0,0.0,2.7674666666666665,10.059,6.0,-13,20.0,,1821.8173409690985,0.0,0.0,0.0,38.711199277583525,optimal
2021-02-12 20:30:00,30,120,0.0,0.1548148148148148,0.0,2.148033333333333,10.584,6.0,-13,20.0,,0.0,0.0,0.0,139.33333333333331,38.27372476940613,optimal
2021-02-12 21:00:00,30,120,0.0,1.548148148148148,0.0,0.051,9.4185,6.0,-13,19.973890699129363,,0.0,0.0,0.0,1393.3333333333333,37.83668773573692,optimal
2021-02-12 21:30:00,30,120,0.0,0.0,0.0,0.2700666666666667,10.3635,6.0,-13,19.940214757388183,,0.0,0.0,0.0,0.0,37.79885104800118,optimal
2021-02-12 22:00:00,30,120,0.0,0.0,0.0,0.4044666666666666,9.8385,6.0,-13,19.90955009776179,,0.0,0.0,0.0,0.0,37.76105219695318,optimal
2021-02-12 22:30:00,30,120,0.0,0.0,0.0,0.1964666666666666,11.067,6.0,-13,19.883624703713767,,0.0,0.0,0.0,0.0,37.723291144756224,optimal
2021-02-12 23:00:00,30,120,0.0,0.0,0.0,0.3187333333333333,10.8465,6.0,-13,19.85617512533147,,0.0,0.0,0.0,0.0,37.68556785361147,optimal
2021-02-12 23:30:00,30,120,0.0,0.0,0.0,0.1467333333333333,13.671,6.0,-13,19.82843804969719,,0.0,0.0,0.0,0.0,37.64788228575785,optimal
2021-02-13 00:00:00,30,120,0.0,0.0,0.0,0.0653333333333333,23.8665,6.0,16,19.82843804969719,,0.0,0.0,0.0,0.0,37.61023440347209,optimal
2021-02-13 00:30:00,30,120,0.0,0.0,0.0,0.1285,27.4575,6.0,16,19.791396270255724,,0.0,0.0,0.0,0.0,37.57262416906862,optimal
2021-02-13 01:00:00,30,120,0.0,0.0,0.0,0.1725,27.3735,6.0,16,19.755276270722177,,0.0,0.0,0.0,0.0,37.53505154489955,optimal
2021-02-13 01:30:00,30,120,0.0,0.0,0.0,0.2322333333333333,30.4605,6.0,16,19.719838667916967,,0.0,0.0,0.0,0.0,37.49751649335465,optimal
2021-02-13 02:00:00,30,120,0.0,0.0,0.0,0.1305,30.0195,6.0,16,19.685298142498947,,0.0,0.0,0.0,0.0,37.4600189768613,optimal
2021-02-13 02:30:00,30,120,0.0,0.0,0.0,0.269,26.9325,6.0,16,19.64968587360235,,0.0,0.0,0.0,0.0,37.42255895788444,optimal
2021-02-13 03:00:00,30,120,1.1428571428571428,0.0,0.0,0.1849333333333333,14.595,6.0,16,19.615831462804767,,4000.0,0.0,0.0,0.0,37.38513639892656,optimal
2021-02-13 03:30:00,30,120,1.1428571428571428,0.0,0.0,0.1540666666666666,12.4845,6.0,16,19.629749414435224,,4000.0,0.0,0.0,0.0,37.34775126252763,optimal
2021-02-13 04:00:00,30,120,1.1428571428571428,0.0,0.0,0.2260666666666666,12.1275,6.0,16,19.64316461638092,,4000.0,0.0,0.0,0.0,37.3104035112651,optimal
2021-02-13 04:30:00,30,120,1.1428571428571428,0.0,0.0,0.1681333333333333,12.1275,6.0,16,19.65733122241492,,4000.0,0.0,0.0,0.0,37.27309310775384,optimal
2021-02-13 05:00:00,30,120,1.1428571428571428,0.3096296296296296,0.0,0.2531333333333333,12.789,6.0,16,19.67056572222469,,4000.0,0.0,0.0,278.66666666666663,37.23582001464608,optimal
2021-02-13 05:30:00,30,120,1.1428571428571428,0.0,3.094945650090668,0.101,11.907,6.0,16,19.685305620259104,,4000.0,0.0,0.0,0.0,38.6686833784245,optimal
2021-02-13 06:00:00,30,120,1.1428571428571428,0.0,5.0,0.2151333333333333,11.025,6.0,16,19.69727030518556,,4000.0,0.0,0.0,0.0,41.00501469504607,optimal
2021-02-13 06:30:00,30,120,1.1428571428571428,0.0,5.0,0.1814,8.2005,6.0,16,19.710403424526497,,4000.0,0.0,0.0,0.0,43.33900968035103,optimal
2021-02-13 07:00:00,30,120,1.1428571428571428,0.3096296296296296,5.0,0.1649333333333333,9.5655,6.0,16,19.723000427444763,,4000.0,0.0,0.0,278.66666666666663,45.670670670670674,optimal
2021-02-13 07:30:00,30,120,1.1428571428571428,27.891906390642305,5.0,0.1886,7.056,6.0,16,19.73665745163172,,4000.0,20086.715751578075,0.0,5016.0,48.0,optimal
2021-02-13 08:00:00,30,120,1.1428571428571428,0.3096296296296296,0.0,0.2619333333333333,9.3975,6.0,16,20.0,,4000.0,0.0,0.0,278.66666666666663,47.8217422990368,optimal
2021-02-13 08:30:00,30,120,0.2713973565262436,0.3096296296296296,0.0,0.2046,10.059,6.0,16,20.020510864125782,,949.8907478418528,0.0,0.0,278.66666666666663,47.643662855774565,optimal
2021-02-13 09:00:00,30,120,1.1428571428571428,0.0774074074074074,0.0,0.4978999999999999,9.261,6.0,16,20.0,,4000.0,0.0,0.0,69.66666666666666,47.46576149195559,optimal
2021-02-13 09:30:00,30,120,1.1428571428571428,0.0,0.0,0.3377,8.1585,6.0,16,20.02020805589197,,4000.0,0.0,0.0,0.0,47.288038029500434,optimal
2021-02-13 10:00:00,30,120,1.1428571428571428,0.0,0.0,0.2292,9.4815,6.0,16,20.03796985460091,,4000.0,0.0,0.0,0.0,47.110492290507736,optimal
2021-02-13 10:30:00,30,120,1.1428571428571428,0.0,0.0,0.2697333333333332,8.379,6.0,16,20.054525521492423,,4000.0,0.0,0.0,0.0,46.93312409725403,optimal
2021-02-13 11:00:00,30,120,1.1428571428571428,0.0,0.0,0.069,9.5235,6.0,16,20.07025249772742,,4000.0,0.0,0.0,0.0,46.75593327219358,optimal
2021-02-13 11:30:00,30,120,1.1428571428571428,0.0,0.0,0.2098,8.1375,6.0,16,20.087091927009148,,4000.0,0.0,0.0,0.0,46.57891963795819,optimal
2021-02-13 12:00:00,30,120,0.4525958686592818,0.0,0.0,0.1428,10.0905,6.0,16,20.10571237313356,,1584.0855403074863,0.0,0.0,0.0,46.40208301735703,optimal
2021-02-13 12:30:00,30,120,1.1428571428571428,0.0,0.0,0.1775333333333333,7.539,6.0,16,20.09556912899626,,4000.0,0.0,0.0,0.0,46.22542323337648,optimal
2021-02-13 13:00:00,30,120,1.1428571428571428,0.0774074074074074,0.0,0.3492333333333333,7.938,6.0,16,20.11549888331348,,4000.0,0.0,0.0,69.66666666666666,46.0489401091799,optimal
2021-02-13 13:30:00,30,120,1.1428571428571428,0.0774074074074074,0.0,0.2469,8.274,6.0,16,20.140116173784985,,4000.0,0.0,0.0,69.66666666666666,45.87263346810752,optimal
2021-02-13 14:00:00,30,120,1.1428571428571428,0.0,0.0,0.2091666666666666,9.261,6.0,16,20.1636362554263,,4000.0,0.0,0.0,0.0,45.69650313367622,optimal
2021-02-13 14:30:00,30,120,1.1428571428571428,0.0,0.0,0.1788333333333333,9.9225,6.0,16,20.18363391783709,,4000.0,0.0,0.0,0.0,45.52054892957934,optimal
2021-02-13 15:00:00,30,120,1.1428571428571428,0.0,0.0,0.1458,9.702,6.0,16,20.20222678919676,,4000.0,0.0,0.0,0.0,45.34477067968656,optimal
2021-02-13 15:30:00,30,120,0.0,0.1548148148148148,0.0,0.2263,10.584,6.0,16,20.218381283058,,0.0,0.0,0.0,139.33333333333331,45.16916820804368,optimal
2021-02-13 16:00:00,30,120,1.1428571428571428,0.3096296296296296,0.0,0.3922666666666666,10.143,6.0,16,20.192688578471028,,4000.0,0.0,0.0,278.66666666666663,44.99374133887244,optimal
2021-02-13 16:30:00,30,120,0.0,0.1548148148148148,0.0,0.3218,13.0095,6.0,16,20.21449217498077,,0.0,0.0,0.0,139.33333333333331,44.81848989657037,optimal
2021-02-13 17:00:00,30,120,0.0,0.0774074074074074,0.0,0.1099333333333333,11.025,6.0,16,20.18746672671486,,0.0,0.0,0.0,69.66666666666666,44.6434137057106,optimal
2021-02-13 17:30:00,30,120,0.0,0.0,0.0,0.3815,12.789,6.0,16,20.156583453562984,,0.0,0.0,0.0,0.0,44.46851259104169,optimal
2021-02-13 18:00:00,30,120,0.0,0.0,0.0,0.3307,12.1275,6.0,16,20.12704208862342,,0.0,0.0,0.0,0.0,44.29378637748745,optimal
2021-02-13 18:30:00,30,120,0.0,0.0774074074074074,0.0,0.357,12.1695,6.0,16,20.098011929540807,,0.0,0.0,0.0,69.66666666666666,44.11923489014677,optimal
2021-02-13 19:00:00,30,120,0.0,2.39962962962963,0.0,0.4062,12.306,6.0,16,20.069319473382933,,0.0,0.0,0.0,2159.6666666666665,43.94485795429342,optimal
2021-02-13 19:30:00,30,120,0.0,0.2322222222222222,0.0,0.6858333333333334,13.23,6.0,16,20.041933359075472,,0.0,0.0,0.0,209.0,43.770655395375925,optimal
2021-02-13 20:00:00,30,120,0.0,2.8640740740740736,0.0,0.6349666666666667,13.671,6.0,16,20.02104022376645,,0.0,0.0,0.0,2577.666666666666,43.59662703901735,optimal
2021-02-13 20:30:00,30,120,0.0,0.5418518518518518,0.0,0.7618666666666667,13.9335,6.0,16,20.0,,0.0,0.0,0.0,487.6666666666667,43.422772711015135,optimal
2021-02-13 21:00:00,30,120,0.0,0.0,0.0,0.5898666666666667,13.293,6.0,16,19.980072317769658,,0.0,0.0,0.0,0.0,43.24909223734092,optimal
2021-02-13 21:30:00,30,120,0.0,2.4770370370370367,0.0,0.6635333333333333,12.1065,6.0,16,19.95636294842903,,0.0,0.0,0.0,2229.333333333333,43.07558544414038,optimal
2021-02-13 22:00:00,30,120,0.0,0.0,0.0,0.6403666666666666,11.571,6.0,16,19.932211621277112,,0.0,0.0,0.0,0.0,43.03250985869624,optimal
2021-02-13 22:30:00,30,120,0.0,0.0,0.0,0.5197999999999999,11.025,6.0,16,19.910183595772853,,0.0,0.0,0.0,0.0,42.98947734883754,optimal
2021-02-13 23:00:00,30,120,0.0,0.0,0.0,0.4559333333333333,10.8465,6.0,16,19.888916827314887,,0.0,0.0,0.0,0.0,42.9464878714887,optimal
2021-02-13 23:30:00,30,120,0.0,0.387037037037037,0.0,0.5301666666666667,11.2455,6.0,16,19.866123992995306,,0.0,0.0,0.0,348.3333333333333,42.90354138361721,optimal
2021-02-07 00:00:00,31,120,0.0,0.0,0.0,0.0557999999999999,12.348,6.0,-18,21.0,,0.0,0.0,0.0,0.0,47.952,optimal
2021-02-07 00:30:00,31,120,0.0,0.0,0.0,0.06,12.348,6.0,-18,20.967618171457246,,0.0,0.0,0.0,0.0,47.904048,optimal
2021-02-07 01:00:00,31,120,0.0,0.0,0.0,0.1025333333333333,12.1275,6.0,-18,20.93454271000667,,0.0,0.0,0.0,0.0,47.856143952,optimal
2021-02-07 01:30:00,31,120,0.0,0.0,0.0,0.0870666666666666,12.5265,6.0,-18,20.90185272211681,,0.0,0.0,0.0,0.0,47.80828780804799,optimal
2021-02-07 02:00:00,31,120,0.0,0.0,0.0,0.0948,11.7495,6.0,-18,20.86893999579787,,0.0,0.0,0.0,0.0,47.76047952023995,optimal
2021-02-07 02:30:00,31,120,0.0,0.0,0.0,0.0948,13.23,6.0,-18,20.836087603005694,,0.0,0.0,0.0,0.0,47.712719040719705,optimal
2021-02-07 03:00:00,31,120,0.0,0.0,0.0,0.06,14.3325,6.0,-18,20.803102085861248,,0.0,0.0,0.0,0.0,47.66500632167899,optimal
2021-02-07 03:30:00,31,120,0.0,0.0,0.0,0.0754666666666666,14.994,6.0,-18,20.76955976274753,,0.0,0.0,0.0,0.0,47.61734131535731,optimal
2021-02-07 04:00:00,31,120,0.0,0.0,0.0,0.1141333333333333,14.8155,6.0,-18,20.73617323149678,,0.0,0.0,0.0,0.0,47.56972397404195,optimal
2021-02-07 04:30:00,31,120,0.0,0.0,0.0,0.06,14.112,6.0,-18,20.703224813604766,,0.0,0.0,0.0,0.0,47.52215425006791,optimal
2021-02-07 05:00:00,31,120,0.0,0.0,0.0,0.1296,14.007,6.0,-18,20.66968224717558,,0.0,0.0,0.0,0.0,47.47463209581784,optimal
2021-02-07 05:30:00,31,120,0.0,0.0,0.0,0.06,13.23,6.0,-18,20.637054072081643,,0.0,0.0,0.0,0.0,47.42715746372202,optimal
2021-02-07 06:00:00,31,120,0.0,0.0,1.711054011419824,0.0754666666666666,11.382,6.0,-18,20.60364269330711,,0.0,0.0,0.0,0.0,48.19248096168271,optimal
2021-02-07 06:30:00,31,120,0.0,0.0,0.0,0.1141333333333333,11.7495,6.0,-18,20.570485974933227,,0.0,0.0,0.0,0.0,48.144288480721016,optimal
2021-02-07 07:00:00,31,120,0.0,0.0,0.0,0.0593333333333333,24.3285,6.0,-18,20.53776691429961,,0.0,0.0,0.0,0.0,48.096144192240295,optimal
2021-02-07 07:30:00,31,120,0.0,0.8514814814814814,0.0,0.2637,28.917,6.0,-18,20.50511754911295,,0.0,0.0,0.0,766.3333333333333,48.048048048048045,optimal
2021-02-07 08:00:00,31,120,0.0,0.774074074074074,0.0,0.3333,31.3635,6.0,-18,20.477238817280305,,0.0,0.0,0.0,696.6666666666666,48.0,optimal
2021-02-07 08:30:00,31,120,0.0,0.1548148148148148,0.0,0.0640666666666666,33.306,6.0,-18,20.450221692653408,,0.0,0.0,0.0,139.33333333333331,47.025549851094624,optimal
2021-02-07 09:00:00,31,120,0.0,0.3096296296296296,0.0,0.1342666666666666,31.3425,6.0,-18,20.420380210540696,,0.0,0.0,0.0,278.66666666666663,46.05207415233816,optimal
2021-02-07 09:30:00,31,120,0.0,0.6966666666666667,0.0,0.1033333333333333,28.2555,6.0,-18,20.3918537834138,,0.0,0.0,0.0,627.0,45.07957192928045,optimal
2021-02-07 10:00:00,31,120,0.0,0.0,0.0,0.0632,15.6975,6.0,-18,20.3630867076319,,0.0,0.0,0.0,0.0,44.1080422084458,optimal
2021-02-07 10:30:00,31,120,0.0,0.387037037037037,0.0,0.0850666666666666,12.5475,6.0,-18,20.332940767320835,,0.0,0.0,0.0,348.3333333333333,43.13748401733198,optimal
2021-02-07 11:00:00,31,120,0.0,0.387037037037037,0.0,0.1005333333333333,12.0855,6.0,-18,20.30377548821,,0.0,0.0,0.0,348.3333333333333,42.16789638440928,optimal
2021-02-07 11:30:00,31,120,0.0,0.1548148148148148,0.0,0.0818666666666666,11.907,6.0,-18,20.274803717688595,,0.0,0.0,0.0,139.33333333333331,41.199278339119495,optimal
2021-02-07 12:00:00,31,120,0.0,0.0,0.0,0.1057333333333333,12.5685,6.0,-18,20.24376559702045,,0.0,0.0,0.0,0.0,40.231628911875,optimal
2021-02-07 12:30:00,31,120,0.0,0.4644444444444444,0.0,0.058,13.146,6.0,-18,20.213037185946988,,0.0,0.0,0.0,418.0,39.26494713405775,optimal
2021-02-07 13:00:00,31,120,0.0,0.0,0.0,0.3439333333333333,10.584,6.0,-18,20.182982061666447,,0.0,0.0,0.0,0.0,38.29923203801832,optimal
2021-02-07 13:30:00,31,120,0.0,0.0,0.0,0.069,6.678,6.0,-18,20.15561448941924,,0.0,0.0,0.0,0.0,37.33448265707492,optimal
2021-02-07 14:00:00,31,120,0.0,0.0,0.0,0.06,7.938,6.0,-18,20.12652503454631,,0.0,0.0,0.0,0.0,36.37069802551248,optimal
2021-02-07 14:30:00,31,120,1.1428571428571428,0.0,0.0,0.1334,5.292,6.0,-18,20.094459277443978,,4000.0,0.0,0.0,0.0,35.407877178581586,optimal
2021-02-07 15:00:00,31,120,0.0,0.0,0.0,0.058,9.261,6.0,-18,20.11442945049129,,0.0,0.0,0.0,0.0,34.44601915249763,optimal
2021-02-07 15:30:00,31,120,0.0,0.0,0.0,0.2046,10.3635,6.0,-18,20.088175532952125,,0.0,0.0,0.0,0.0,33.485122984439755,optimal
2021-02-07 16:00:00,31,120,0.0,0.1548148148148148,0.0,0.2638,8.274,6.0,-18,20.062805178164897,,0.0,0.0,0.0,139.33333333333331,32.52518771254994,optimal
2021-02-07 16:30:00,31,120,0.0,0.6192592592592592,0.0,1.4846666666666668,7.7175,6.0,-18,20.037972330779475,,0.0,0.0,0.0,557.3333333333333,31.56621237593202,optimal
2021-02-07 17:00:00,31,120,0.0,0.3096296296296296,0.0,0.2782666666666666,6.615,6.0,-18,20.029049765966523,,0.0,0.0,0.0,278.66666666666663,30.60819601465072,optimal
2021-02-07 17:30:00,31,120,0.5330449322495412,0.0,0.0,0.1545333333333333,6.174,6.0,-18,20.0033733085116,,1865.657262873394,0.0,0.0,0.0,29.651137669730694,optimal
2021-02-07 18:00:00,31,120,0.6554176874401939,0.0774074074074074,0.0,0.2697333333333332,3.906,6.0,-18,20.0,,2293.961906040679,0.0,0.0,69.66666666666666,28.6950363831556,optimal
2021-02-07 18:30:00,31,120,0.6241213919644346,0.2322222222222222,0.0,0.2446666666666666,2.3415,6.0,-18,20.0,,2184.424871875521,0.0,0.0,209.0,27.73989119786707,optimal
2021-02-07 19:00:00,31,120,0.839929858393499,0.0,0.0,0.06,2.205,6.0,-18,20.0,,2939.7545043772466,0.0,0.0,0.0,26.78570115776383,optimal
2021-02-07 19:30:00,31,120,1.1428571428571428,0.0,0.0,0.1306666666666666,0.882,6.0,-18,20.0,,4000.0,0.0,0.0,0.0,25.832465307700694,optimal
2021-02-07 20:00:00,31,120,0.2757194609936202,0.2322222222222222,0.0,0.4398333333333333,1.5435,6.0,-18,20.014475614468584,,965.0181134776708,0.0,0.0,209.0,25.806632842393,optimal
2021-02-07 20:30:00,31,120,0.0,0.0,0.0,0.3370333333333333,1.5435,6.0,-18,20.0,,0.0,0.0,0.0,0.0,25.780826209550604,optimal
2021-02-07 21:00:00,31,120,0.0,0.0,0.0,0.2619666666666666,5.0715,6.0,-18,19.973535947720038,,0.0,0.0,0.0,0.0,25.75504538334105,optimal
2021-02-07 21:30:00,31,120,0.0,0.0,0.0,0.267,5.376,6.0,-18,19.949371508165413,,0.0,0.0,0.0,0.0,25.72929033795771,optimal
2021-02-07 22:00:00,31,120,0.0,0.3096296296296296,0.0,0.2308,5.0715,6.0,-18,19.925062901186298,,0.0,0.0,0.0,278.66666666666663,25.703561047619758,optimal
2021-02-07 22:30:00,31,120,0.0,2.2448148148148146,0.0,0.6067,5.5125,6.0,-18,19.898407844947776,,0.0,0.0,0.0,2020.3333333333333,25.677857486572133,optimal
2021-02-07 23:00:00,31,120,0.0,0.1548148148148148,0.0,0.3745333333333334,9.261,6.0,-18,19.877023737717124,,0.0,0.0,0.0,139.33333333333331,25.652179629085563,optimal
2021-02-07 23:30:00,31,120,0.0,0.0,0.0,0.3213999999999999,11.7075,6.0,-18,19.851729667601536,,0.0,0.0,0.0,0.0,25.62652744945648,optimal
2021-02-08 00:00:00,31,120,1.1428571428571428,0.0,5.0,0.0606666666666666,11.2875,6.0,-14,19.851729667601536,,4000.0,0.0,0.0,0.0,27.97590092200702,optimal
2021-02-08 00:30:00,31,120,1.1428571428571428,0.0,5.0,0.069,12.936,6.0,-14,19.86589201561413,,4000.0,0.0,0.0,0.0,30.322925021085013,optimal
2021-02-08 01:00:00,31,120,1.1428571428571428,0.0,5.0,0.069,13.0095,6.0,-14,19.88002628588152,,4000.0,0.0,0.0,0.0,32.66760209606393,optimal
2021-02-08 01:30:00,31,120,1.1428571428571428,0.0,0.0,0.069,13.671,6.0,-14,19.894132534069605,,4000.0,0.0,0.0,0.0,32.63493449396787,optimal
2021-02-08 02:00:00,31,120,1.1428571428571428,0.0,5.0,0.069,13.188,6.0,-14,19.908111687590857,,4000.0,0.0,0.0,0.0,34.9772995594739,optimal
2021-02-08 02:30:00,31,120,1.1428571428571428,0.0,0.0,0.069,13.8495,6.0,-14,19.92196399841844,,4000.0,0.0,0.0,0.0,34.94232225991443,optimal
2021-02-08 03:00:00,31,120,1.1428571428571428,0.0,5.0,0.069,13.23,6.0,-14,19.93588797431209,,4000.0,0.0,0.0,0.0,37.28237993765451,optimal
2021-02-08 03:30:00,31,120,1.1428571428571428,0.0,3.3435396772601305,0.069,13.3665,6.0,-14,19.949883473191324,,4000.0,0.0,0.0,0.0,38.83327890441541,optimal
2021-02-08 04:00:00,31,120,1.1428571428571428,0.0,5.0,0.069,13.0515,6.0,-14,19.963752096971184,,4000.0,0.0,0.0,0.0,41.169445625511,optimal
2021-02-08 04:30:00,31,120,1.1428571428571428,0.0,0.0,0.069,13.5345,6.0,-14,19.97749409718953,,4000.0,0.0,0.0,0.0,41.12827617988548,optimal
2021-02-08 05:00:00,31,120,1.1428571428571428,0.0,0.0,0.069,14.154,6.0,-14,19.99101059674248,,4000.0,0.0,0.0,0.0,41.08714790370559,optimal
2021-02-08 05:30:00,31,120,1.1428571428571428,0.0,0.0,0.069,14.112,6.0,-14,20.00430204269925,,4000.0,0.0,0.0,0.0,41.04606075580188,optimal
2021-02-08 06:00:00,31,120,1.1428571428571428,0.0,0.0,0.069,14.2485,6.0,-14,20.017468009385837,,4000.0,0.0,0.0,0.0,41.00501469504607,optimal
2021-02-08 06:30:00,31,120,1.1428571428571428,0.0,5.0,0.069,12.789,6.0,-14,20.03050874557276,,4000.0,0.0,0.0,0.0,43.33900968035103,optimal
2021-02-08 07:00:00,31,120,1.1428571428571428,5.882962962962964,5.0,0.067,13.0095,6.0,-14,20.04342449953737,,4000.0,0.0,0.0,5294.666666666667,45.670670670670674,optimal
2021-02-08 07:30:00,31,120,1.1428571428571428,0.0774074074074074,5.0,1.0079,12.1275,6.0,-14,20.058197180230103,,4000.0,0.0,0.0,69.66666666666666,48.0,optimal
2021-02-08 08:00:00,31,120,1.1428571428571428,0.0,0.0,1.5291,12.348,6.0,-14,20.075169179371308,,4000.0,0.0,0.0,0.0,47.891076378884,optimal
2021-02-08 08:30:00,31,120,1.1428571428571428,0.0,0.0,0.141,12.348,6.0,-14,20.089836943808606,,4000.0,0.0,0.0,0.0,47.78226168138912,optimal
2021-02-08 09:00:00,31,120,0.0,0.0,0.0,0.141,25.389,6.0,-14,20.10089531006736,,0.0,0.0,0.0,0.0,47.673555798591735,optimal
2021-02-08 09:30:00,31,120,0.0,0.0,0.0,0.1757333333333333,29.1375,6.0,-14,20.064619820894876,,0.0,0.0,0.0,0.0,47.56495862167715,optimal
2021-02-08 10:00:00,31,120,0.0,0.2599043273977444,0.0,0.2038666666666666,30.597,6.0,-14,20.029388698835355,,0.0,233.91389465797,0.0,0.0,47.45647004193948,optimal
2021-02-08 10:30:00,31,120,0.0,3.0463667538161605,0.0,0.069,33.684,6.0,-14,20.0,,0.0,2741.7300784345443,0.0,0.0,47.34808995078154,optimal
2021-02-08 11:00:00,31,120,0.0,2.7993960900740427,0.0,0.069,32.445,6.0,-14,20.0,,0.0,2519.4564810666384,0.0,0.0,47.239818239714765,optimal
2021-02-08 11:30:00,31,120,0.0,2.4273878660036994,0.0,0.2895333333333333,28.917,6.0,-14,20.0,,0.0,2184.6490794033293,0.0,0.0,47.13165480035905,optimal
2021-02-08 12:00:00,31,120,0.6381862357413298,0.2322222222222222,0.0,0.095,15.876,6.0,-14,20.0,,2233.651825094654,0.0,0.0,209.0,47.023599524442695,optimal
2021-02-08 12:30:00,31,120,0.647029625267117,2.322222222222221,0.0,0.0818333333333333,12.348,6.0,-14,20.0,,2264.6036884349096,0.0,0.0,2089.9999999999995,46.915652303802254,optimal
2021-02-08 13:00:00,31,120,1.1428571428571428,0.0,0.0,0.1452333333333333,12.1275,6.0,-14,20.0,,4000.0,0.0,0.0,0.0,46.807813030382455,optimal
2021-02-08 13:30:00,31,120,0.0055650885930182,0.0,0.0,0.3056333333333333,12.348,6.0,-14,20.023290437829445,,19.477810075564037,0.0,0.0,0.0,46.70008159623608,optimal
2021-02-08 14:00:00,31,120,0.440131696481158,0.0,0.0,0.9532333333333332,12.1275,6.0,-14,20.0,,1540.460937684053,0.0,0.0,0.0,46.59245789352384,optimal
2021-02-08 14:30:00,31,120,0.3377462971939481,0.0,0.0,1.618266666666667,12.1275,6.0,-14,20.0,,1182.1120401788185,0.0,0.0,0.0,46.48494181451432,optimal
2021-02-08 15:00:00,31,120,0.2963539427343347,0.2322222222222222,0.0,1.4997333333333331,11.2665,6.0,-14,20.0,,1037.2387995701715,0.0,0.0,209.0,46.37753325158381,optimal
2021-02-08 15:30:00,31,120,1.1428571428571428,0.1548148148148148,0.0,1.2477,10.143,6.0,-14,20.0,,4000.0,0.0,0.0,139.33333333333331,46.27023209721623,optimal
2021-02-08 16:00:00,31,120,0.0,0.0,0.0,0.1405333333333333,11.2455,6.0,-14,20.030716092026168,,0.0,0.0,0.0,0.0,46.16303824400302,optimal
2021-02-08 16:30:00,31,120,0.3450902438804991,0.5418518518518518,0.0,0.2708666666666667,11.025,6.0,-14,20.00646970306637,,1207.815853581747,0.0,0.0,487.6666666666667,46.05595158464302,optimal
2021-02-08 17:00:00,31,120,1.1428571428571428,1.006296296296296,0.0,1.4317666666666669,5.9745,6.0,-14,20.0,,4000.0,0.0,0.0,905.6666666666664,45.94897201194238,optimal
2021-02-08 17:30:00,31,120,0.6833657382679351,0.0,0.0,0.7649333333333332,7.938,6.0,-14,20.03220782396753,,2391.7800839377733,0.0,0.0,0.0,45.84209941881444,optimal
2021-02-08 18:00:00,31,120,0.0,0.6966666666666667,0.0,0.2293666666666666,8.6835,6.0,-14,20.033330495783176,,0.0,0.0,0.0,627.0,45.73533369827963,optimal
2021-02-08 18:30:00,31,120,0.7580494162394313,0.0,0.0,0.2196,7.665,6.0,-14,20.0,,2653.1729568380097,0.0,0.0,0.0,45.62867474346535,optimal
2021-02-08 19:00:00,31,120,0.7260559779066459,0.2322222222222222,0.0,0.2811333333333333,6.7725,6.0,-14,20.0,,2541.1959226732606,0.0,0.0,209.0,45.52212244760589,optimal
2021-02-08 19:30:00,31,120,0.6724458167146847,0.3096296296296296,0.0,1.6925666666666666,5.5755,6.0,-14,20.0,,2353.5603585013964,0.0,0.0,278.66666666666663,45.41567670404228,optimal
2021-02-08 20:00:00,31,120,0.372511845998913,0.0,0.0,1.4939666666666669,5.0925,6.0,-14,20.0,,1303.7914609961958,0.0,0.0,0.0,45.370261027338245,optimal
2021-02-08 20:30:00,31,120,0.0,0.1548148148148148,0.0,1.2896,4.1895,6.0,-14,20.0,,0.0,0.0,0.0,139.33333333333331,45.32489076631091,optimal
2021-02-08 21:00:00,31,120,0.0,0.1548148148148148,0.0,0.3489666666666666,7.056,6.0,-14,19.9756350431418,,0.0,0.0,0.0,139.33333333333331,45.2795658755446,optimal
2021-02-08 21:30:00,31,120,0.0,0.0,0.0,0.3681,5.271,6.0,-14,19.94945655487244,,0.0,0.0,0.0,0.0,45.23428630966905,optimal
2021-02-08 22:00:00,31,120,0.0,0.3096296296296296,0.0,0.3111,7.938,6.0,-14,19.924228022267727,,0.0,0.0,0.0,278.66666666666663,45.18905202335938,optimal
2021-02-08 22:30:00,31,120,0.0,0.1548148148148148,0.0,0.2361666666666666,7.938,6.0,-14,19.89773890315333,,0.0,0.0,0.0,139.33333333333331,45.14386297133602,optimal
2021-02-08 23:00:00,31,120,0.0,0.0,0.0,0.069,11.907,6.0,-14,19.867691002686595,,0.0,0.0,0.0,0.0,45.09871910836468,optimal
2021-02-08 23:30:00,31,120,0.0,0.0,0.0,0.0673333333333333,11.025,6.0,-14,19.832529599973228,,0.0,0.0,0.0,0.0,45.05362038925632,optimal
2021-02-09 00:00:00,31,120,0.0,0.0,0.0,0.064,30.303,6.0,15,19.832529599973228,,0.0,0.0,0.0,0.0,45.00856676886706,optimal
2021-02-09 00:30:00,31,120,0.0,0.0,0.0,0.205,32.886,6.0,15,19.797292034740785,,0.0,0.0,0.0,0.0,44.9635582020982,optimal
2021-02-09 01:00:00,31,120,0.0,0.0,0.0,0.1134666666666666,34.9965,6.0,15,19.763941168734924,,0.0,0.0,0.0,0.0,44.9185946438961,optimal
2021-02-09 01:30:00,31,120,0.0,0.0,0.0,0.0986,33.327,6.0,15,19.72964046057686,,0.0,0.0,0.0,0.0,44.87367604925221,optimal
2021-02-09 02:00:00,31,120,0.0,0.0,0.0,0.2198666666666666,31.122,6.0,15,19.69502838860676,,0.0,0.0,0.0,0.0,44.82880237320296,optimal
2021-02-09 02:30:00,31,120,1.1428571428571428,0.0,0.0,0.064,17.9025,6.0,15,19.6617639931146,,4000.0,0.0,0.0,0.0,44.78397357082975,optimal
2021-02-09 03:00:00,31,120,1.1428571428571428,0.0,0.0,0.1276,15.6555,6.0,15,19.67549522620724,,4000.0,0.0,0.0,0.0,44.73918959725892,optimal
2021-02-09 03:30:00,31,120,1.1428571428571428,0.0,0.0,0.1043666666666666,14.553,6.0,15,19.69007316143957,,4000.0,0.0,0.0,0.0,44.69445040766166,optimal
2021-02-09 04:00:00,31,120,1.1428571428571428,0.0,0.0,0.1505,14.3325,6.0,15,19.70453741484402,,4000.0,0.0,0.0,0.0,44.649755957254,optimal
2021-02-09 04:30:00,31,120,1.1428571428571428,0.0,0.0,0.064,13.335,6.0,15,19.719733260343972,,4000.0,0.0,0.0,0.0,44.60510620129675,optimal
2021-02-09 05:00:00,31,120,1.1428571428571428,0.0,0.0,0.1735666666666666,12.1275,6.0,15,19.73364695014951,,4000.0,0.0,0.0,0.0,44.560501095095454,optimal
2021-02-09 05:30:00,31,120,1.1428571428571428,0.0,0.0,0.0873,12.2955,6.0,15,19.74866957764408,,4000.0,0.0,0.0,0.0,44.51594059400036,optimal
2021-02-09 06:00:00,31,120,1.1428571428571428,0.0,0.0,0.1352666666666666,11.6865,6.0,15,19.762538397633325,,4000.0,0.0,0.0,0.0,44.47142465340635,optimal
2021-02-09 06:30:00,31,120,1.1428571428571428,0.0,0.0,0.1908666666666666,11.466,6.0,15,19.77694376430665,,4000.0,0.0,0.0,0.0,44.42695322875294,optimal
2021-02-09 07:00:00,31,120,1.1428571428571428,1.5682740740740742,2.711882937150488,0.2128333333333333,10.8045,6.0,15,19.791992179540262,,4000.0,0.0,0.0,1411.4466666666667,45.670670670670674,optimal
2021-02-09 07:30:00,31,120,1.1428571428571428,16.837754957757177,5.0,0.5951666666666666,10.584,6.0,15,19.80937741968692,,4000.0,13987.75946198146,0.0,1166.2200000000005,48.0,optimal
2021-02-09 08:00:00,31,120,1.1428571428571428,0.6966666666666667,0.0,0.7458666666666667,11.2455,6.0,15,20.0,,4000.0,0.0,0.0,627.0,47.86757843213767,optimal
2021-02-09 08:30:00,31,120,0.9794133411465376,0.4644444444444444,0.0,0.1692666666666666,12.1275,6.0,15,20.017888529927937,,3427.946694012882,0.0,0.0,418.0,47.7352892858432,optimal
2021-02-09 09:00:00,31,120,1.1428571428571428,2.786666666666666,0.0,0.3091,11.823,6.0,15,20.026803301433997,,4000.0,0.0,0.0,2508.0,47.60313242869503,optimal
2021-02-09 09:30:00,31,120,1.1428571428571428,0.387037037037037,0.0,0.2522666666666667,11.7705,6.0,15,20.04838906834175,,4000.0,0.0,0.0,348.3333333333333,47.471107728404,optimal
2021-02-09 10:00:00,31,120,1.1428571428571428,0.0,0.0,1.5965333333333334,11.13,6.0,15,20.0674264026162,,4000.0,0.0,0.0,0.0,47.33921505281327,optimal
2021-02-09 10:30:00,31,120,1.1428571428571428,0.1548148148148148,0.0,0.1981333333333333,11.6865,6.0,15,20.10046610589192,,4000.0,0.0,0.0,139.33333333333331,47.20745426989812,optimal
2021-02-09 11:00:00,31,120,1.1428571428571428,0.0,0.0,1.2682,10.7205,6.0,15,20.122495914145603,,4000.0,0.0,0.0,0.0,47.0758252477659,optimal
2021-02-09 11:30:00,31,120,1.1428571428571428,0.0,0.0,0.2822666666666666,11.424,6.0,15,20.162015419043943,,4000.0,0.0,0.0,0.0,46.9443278546558,optimal
2021-02-09 12:00:00,31,120,1.1428571428571428,0.1548148148148148,0.0,0.7856000000000001,10.689,6.0,15,20.190669560272763,,4000.0,0.0,0.0,139.33333333333331,46.81296195893882,optimal
2021-02-09 12:30:00,31,120,1.1428571428571428,0.6192592592592592,0.0,2.7508666666666666,11.361,6.0,15,20.222691553472966,,4000.0,0.0,0.0,557.3333333333333,46.68172742911755,optimal
2021-02-09 13:00:00,31,120,1.1428571428571428,0.387037037037037,0.0,2.3185333333333333,11.571,6.0,15,20.25937838945938,,4000.0,0.0,0.0,348.3333333333333,46.550624133826105,optimal
2021-02-09 13:30:00,31,120,0.0,0.0,0.0,0.3334,14.3745,6.0,15,20.2938954833928,,0.0,0.0,0.0,0.0,46.41965194182995,optimal
2021-02-09 14:00:00,31,120,0.0,0.2322222222222222,0.0,0.4104,13.23,6.0,15,20.276561831801597,,0.0,0.0,0.0,209.0,46.28881072202579,optimal
2021-02-09 14:30:00,31,120,0.0,0.0,0.0,1.7838333333333332,13.9755,6.0,15,20.260185602186912,,0.0,0.0,0.0,0.0,46.15810034344143,optimal
2021-02-09 15:00:00,31,120,0.0,0.0,0.0,0.4988333333333333,14.994,6.0,15,20.252929416363173,,0.0,0.0,0.0,0.0,46.027520675235664,optimal
2021-02-09 15:30:00,31,120,0.0,0.1548148148148148,0.0,0.4808666666666666,13.671,6.0,15,20.23159131188139,,0.0,0.0,0.0,139.33333333333331,45.8970715866981,optimal
2021-02-09 16:00:00,31,120,0.0,0.4644444444444444,0.0,1.7289666666666668,15.981,6.0,15,20.20963141139584,,0.0,0.0,0.0,418.0,45.76675294724907,optimal
2021-02-09 16:30:00,31,120,0.0,0.1548148148148148,0.0,0.3807,15.6345,6.0,15,20.19690460946603,,0.0,0.0,0.0,139.33333333333331,45.63656462643949,optimal
2021-02-09 17:00:00,31,120,0.0,2.3826,0.0,0.3068666666666667,16.5375,6.0,15,20.17408348260884,,0.0,0.0,0.0,2144.34,45.50650649395072,optimal
2021-02-09 17:30:00,31,120,0.0,2.2618444444444443,0.0,0.3972,14.7735,6.0,15,20.149511206743888,,0.0,0.0,0.0,2035.66,45.37657841959444,optimal
2021-02-09 18:00:00,31,120,0.0,0.4644444444444444,0.0,0.2372,15.2145,6.0,15,20.125187347219843,,0.0,0.0,0.0,418.0,45.24678027331252,optimal
2021-02-09 18:30:00,31,120,0.0,0.0774074074074074,0.0,0.2459666666666666,14.553,6.0,15,20.094529648890436,,0.0,0.0,0.0,69.66666666666666,45.11711192517688,optimal
2021-02-09 19:00:00,31,120,0.0,0.1548148148148148,0.0,0.6039,14.3325,6.0,15,20.067647172910625,,0.0,0.0,0.0,139.33333333333331,44.98757324538937,optimal
2021-02-09 19:30:00,31,120,0.0,0.0774074074074074,0.0,0.9256,14.595,6.0,15,20.045647119070285,,0.0,0.0,0.0,69.66666666666666,44.858164104281656,optimal
2021-02-09 20:00:00,31,120,0.0,0.2322222222222222,0.0,0.5405333333333333,14.994,6.0,15,20.02531133944727,,0.0,0.0,0.0,209.0,44.72888437231504,optimal
2021-02-09 20:30:00,31,120,0.0,0.2322222222222222,0.0,0.4991,14.3325,6.0,15,20.0,,0.0,0.0,0.0,209.0,44.5997339200804,optimal
2021-02-09 21:00:00,31,120,0.0,0.1548148148148148,0.0,0.5242,13.8915,6.0,15,19.97440130079723,,0.0,0.0,0.0,139.33333333333331,44.55513418616032,optimal
2021-02-09 21:30:00,31,120,0.0,0.1548148148148148,0.0,0.3505,13.8915,6.0,15,19.947771064298305,,0.0,0.0,0.0,139.33333333333331,44.51057905197416,optimal
2021-02-09 22:00:00,31,120,0.0,0.0,0.0,0.6436333333333333,13.4715,6.0,15,19.922514415662235,,0.0,0.0,0.0,0.0,44.46606847292218,optimal
2021-02-09 22:30:00,31,120,0.0,0.0,0.0,0.5191666666666667,13.23,6.0,15,19.89948748686241,,0.0,0.0,0.0,0.0,44.42160240444926,optimal
2021-02-09 23:00:00,31,120,0.0,0.0774074074074074,0.0,0.5825,13.8915,6.0,15,19.87665650438107,,0.0,0.0,0.0,69.66666666666666,44.37718080204481,optimal
2021-02-09 23:30:00,31,120,0.0,0.0,0.0,0.3089333333333333,26.9325,6.0,15,19.855553618520588,,0.0,0.0,0.0,0.0,44.33280362124277,optimal
2021-02-10 00:00:00,31,120,1.1428571428571428,0.0,0.0,0.1014666666666666,18.102,6.0,-15,19.855553618520588,,4000.0,0.0,0.0,0.0,44.28847081762152,optimal
2021-02-10 00:30:00,31,120,1.1428571428571428,0.0,0.0,0.158,17.199,6.0,-15,19.869059698862777,,4000.0,0.0,0.0,0.0,44.2441823468039,optimal
2021-02-10 01:00:00,31,120,1.1428571428571428,0.0,0.0,0.052,18.2805,6.0,-15,19.88302945473612,,4000.0,0.0,0.0,0.0,44.1999381644571,optimal
2021-02-10 01:30:00,31,120,1.1428571428571428,0.0,0.0,0.1156,17.4615,6.0,-15,19.895481930021816,,4000.0,0.0,0.0,0.0,44.15573822629264,optimal
2021-02-10 02:00:00,31,120,1.1428571428571428,0.0,0.0,0.1438666666666666,18.3225,6.0,-15,19.908486258235744,,4000.0,0.0,0.0,0.0,44.11158248806635,optimal
2021-02-10 02:30:00,31,120,1.1428571428571428,0.0,0.0,0.052,17.094,6.0,-15,19.92161090250067,,4000.0,0.0,0.0,0.0,44.06747090557828,optimal
2021-02-10 03:00:00,31,120,1.1428571428571428,0.0,0.0,0.052,17.094,6.0,-15,19.933590375068626,,4000.0,0.0,0.0,0.0,44.0234034346727,optimal
2021-02-10 03:30:00,31,120,1.1428571428571428,0.0,0.0,0.1792,17.094,6.0,-15,19.94554609757916,,4000.0,0.0,0.0,0.0,43.97938003123803,optimal
2021-02-10 04:00:00,31,120,1.1428571428571428,0.0,0.0,0.0802666666666666,17.3565,6.0,-15,19.959027711177065,,4000.0,0.0,0.0,0.0,43.93540065120679,optimal
2021-02-10 04:30:00,31,120,1.1428571428571428,0.0,3.841940646679623,0.052,17.115,6.0,-15,19.971277356805032,,4000.0,0.0,0.0,0.0,45.7163870577284,optimal
2021-02-10 05:00:00,31,120,1.1428571428571428,0.0,0.0,0.1085333333333333,17.241,6.0,-15,19.98296010621909,,4000.0,0.0,0.0,0.0,45.670670670670674,optimal
2021-02-10 05:30:00,31,120,1.1428571428571428,0.0774074074074074,5.0,0.1657666666666666,17.094,6.0,-15,19.99511014603248,,4000.0,0.0,0.0,69.66666666666666,48.0,optimal
2021-02-10 06:00:00,31,120,1.1428571428571428,0.2322222222222222,0.0,1.4082666666666668,16.5165,6.0,-15,20.00837668086296,,4000.0,0.0,0.0,209.0,47.66216931615256,optimal
2021-02-10 06:30:00,31,120,1.1428571428571428,0.6966666666666667,0.0,0.2702,17.8185,6.0,-15,20.02483921600003,,4000.0,0.0,0.0,627.0,47.324676462988975,optimal
2021-02-10 07:00:00,31,120,1.1428571428571428,0.4644444444444444,0.0,0.3733,17.094,6.0,-15,20.03973699833413,,4000.0,0.0,0.0,418.0,46.98752110267855,optimal
2021-02-10 07:30:00,31,120,1.1428571428571428,0.2322222222222222,0.0,0.2556666666666666,16.8945,6.0,-15,20.05804815541412,,4000.0,0.0,0.0,209.0,46.65070289772844,optimal
2021-02-10 08:00:00,31,120,1.1428571428571428,0.4644444444444444,0.0,0.6799,18.123,6.0,-15,20.076799294009607,,4000.0,0.0,0.0,418.0,46.31422151098327,optimal
2021-02-10 08:30:00,31,120,0.0,0.0,0.0,2.0569,31.647,6.0,-15,20.099167326941235,,0.0,0.0,0.0,0.0,45.97807660562486,optimal
2021-02-10 09:00:00,31,120,0.0,6.734444444444445,0.0,0.3172,34.9965,6.0,-15,20.08024291702431,,0.0,0.0,0.0,6061.0,45.642267845171794,optimal
2021-02-10 09:30:00,31,120,0.0,0.0,0.0,0.2408333333333333,34.9965,6.0,-15,20.05307919383601,,0.0,0.0,0.0,0.0,45.30679489347919,optimal
2021-02-10 10:00:00,31,120,0.0,2.012592592592592,0.0,0.4127333333333333,34.9965,6.0,-15,20.02449909594788,,0.0,0.0,0.0,1811.333333333333,44.971657414738274,optimal
2021-02-10 10:30:00,31,120,0.0,2.094966253704275,0.0,0.3571999999999999,34.9965,6.0,-15,20.001154601738023,,0.0,1885.469628333848,0.0,0.0,44.6368550734761,optimal
2021-02-10 11:00:00,31,120,0.0,2.213481380389937,0.0,0.4526333333333333,34.9965,6.0,-15,20.0,,0.0,1783.1332423509434,0.0,209.0,44.30238753455519,optimal
2021-02-10 11:30:00,31,120,0.0,2.108325008171557,0.0,0.461,27.741,6.0,-15,20.0,,0.0,1897.4925073544007,0.0,0.0,43.9682544631732,optimal
2021-02-10 12:00:00,31,120,0.5677351767766491,0.0,0.0,0.1103333333333333,19.026,6.0,-15,20.0,,1987.073118718272,0.0,0.0,0.0,43.63445552486259,optimal
2021-02-10 12:30:00,31,120,0.5566494624909357,0.3096296296296296,0.0,0.1811333333333333,18.7215,6.0,-15,20.0,,1948.273118718275,0.0,0.0,278.66666666666663,43.30099038549029,optimal
2021-02-10 13:00:00,31,120,0.602726223775345,0.0,0.0,0.065,17.4195,6.0,-15,20.0,,2109.541783213708,0.0,0.0,0.0,42.96785871125737,optimal
2021-02-10 13:30:00,31,120,0.5706648513963288,0.0,0.0,0.1446666666666666,16.758,6.0,-15,20.0,,1997.3269798871509,0.0,0.0,0.0,42.63506016869868,optimal
2021-02-10 14:00:00,31,120,0.3588533152646388,0.0774074074074074,0.0,1.9449,14.217,6.0,-15,20.0,,1255.986603426236,0.0,0.0,69.66666666666666,42.30259442468255,optimal
2021-02-10 14:30:00,31,120,0.3421371247884681,0.0,0.0,1.2604000000000002,13.3665,6.0,-15,20.0,,1197.4799367596386,0.0,0.0,0.0,41.97046114641043,optimal
2021-02-10 15:00:00,31,120,0.6535165779121322,0.0,0.0,0.2174666666666666,12.789,6.0,-15,20.0,,2287.3080226924626,0.0,0.0,0.0,41.63866000141658,optimal
2021-02-10 15:30:00,31,120,0.6008636645769055,0.0,0.0,0.2496333333333333,11.907,6.0,-15,20.0,,2103.0228260191693,0.0,0.0,0.0,41.30719065756773,optimal
2021-02-10 16:00:00,31,120,0.6698451690224035,0.0,0.0,0.8440333333333333,11.7075,6.0,-15,20.0,,2344.458091578412,0.0,0.0,0.0,40.97605278306273,optimal
2021-02-10 16:30:00,31,120,1.1428571428571428,0.0774074074074074,0.0,1.0133,10.8045,6.0,-15,20.0,,4000.0,0.0,0.0,69.66666666666666,40.64524604643223,optimal
2021-02-10 17:00:00,31,120,0.0,0.1548148148148148,0.0,2.3271333333333333,11.508,6.0,-15,20.02320030343421,,0.0,0.0,0.0,139.33333333333331,40.31477011653836,optimal
2021-02-10 17:30:00,31,120,0.4576533688546385,0.5418518518518518,0.0,1.6581333333333337,11.508,6.0,-15,20.00337329928413,,1601.7867909912347,0.0,0.0,487.6666666666667,39.98462466257439,optimal
2021-02-10 18:00:00,31,120,1.1428571428571428,0.1548148148148148,0.0,0.2598999999999999,11.508,6.0,-15,20.00530425030944,,4000.0,0.0,0.0,139.33333333333331,39.65480935406438,optimal
2021-02-10 18:30:00,31,120,0.0,0.3096296296296296,0.0,0.4397,11.844,6.0,-15,20.02416089483919,,0.0,0.0,0.0,278.66666666666663,39.61515454471032,optimal
2021-02-10 19:00:00,31,120,0.6020864393264304,0.0,0.0,0.2899666666666666,11.508,6.0,-15,20.0,,2107.302537642506,0.0,0.0,0.0,39.57553939016561,optimal
2021-02-10 19:30:00,31,120,0.5374974405144879,0.1548148148148148,0.0,1.609233333333333,11.508,6.0,-15,20.0,,1881.2410418007075,0.0,0.0,139.33333333333331,39.535963850775445,optimal
2021-02-10 20:00:00,31,120,0.6224874893216067,0.2322222222222222,0.0,0.5265333333333333,10.4475,6.0,-15,20.0,,2178.706212625624,0.0,0.0,209.0,39.49642788692467,optimal
2021-02-10 20:30:00,31,120,0.0,0.0,0.0,0.3344,10.8675,6.0,-15,20.0,,0.0,0.0,0.0,0.0,39.45693145903775,optimal
2021-02-10 21:00:00,31,120,0.0,0.5418518518518518,0.0,0.4791333333333333,10.542,6.0,-15,19.972403623191187,,0.0,0.0,0.0,487.6666666666667,39.41747452757871,optimal
2021-02-10 21:30:00,31,120,0.0,0.5418518518518518,0.0,0.6117666666666667,11.025,6.0,-15,19.94852027052116,,0.0,0.0,0.0,487.6666666666667,39.37805705305113,optimal
2021-02-10 22:00:00,31,120,0.0,0.3096296296296296,0.0,0.6035666666666667,11.025,6.0,-15,19.92526974350546,,0.0,0.0,0.0,278.66666666666663,39.33867899599808,optimal
2021-02-10 22:30:00,31,120,0.0,0.0,0.0,0.3177666666666666,14.553,6.0,-15,19.89764831131931,,0.0,0.0,0.0,0.0,39.29934031700208,optimal
2021-02-10 23:00:00,31,120,0.0,0.0,0.0,0.2033333333333332,13.0935,6.0,-15,19.8619237118302,,0.0,0.0,0.0,0.0,39.26004097668508,optimal
2021-02-10 23:30:00,31,120,0.0,0.0,0.0,0.0731333333333333,15.6345,6.0,-15,19.81928192110483,,0.0,0.0,0.0,0.0,39.2207809357084,optimal
2021-02-11 00:00:00,31,120,0.0,0.0,0.0,0.059,29.106,6.0,-17,19.81928192110483,,0.0,0.0,0.0,0.0,39.18156015477269,optimal
2021-02-11 00:30:00,31,120,1.1428571428571428,0.0,0.0,0.1439333333333333,19.1835,6.0,-17,19.77548346997421,,4000.0,0.0,0.0,0.0,39.14237859461792,optimal
2021-02-11 01:00:00,31,120,1.1428571428571428,0.0,0.0,0.059,19.6665,6.0,-17,19.78173416824861,,4000.0,0.0,0.0,0.0,39.1032362160233,optimal
2021-02-11 01:30:00,31,120,1.1428571428571428,0.0,0.0,0.0772,19.404,6.0,-17,19.7871360433886,,4000.0,0.0,0.0,0.0,39.06413297980728,optimal
2021-02-11 02:00:00,31,120,1.1428571428571428,0.0,0.0,0.1257333333333333,19.047,6.0,-17,19.79274892761833,,4000.0,0.0,0.0,0.0,39.025068846827466,optimal
2021-02-11 02:30:00,31,120,1.1428571428571428,0.0,0.0,0.059,18.858,6.0,-17,19.798941933676986,,4000.0,0.0,0.0,0.0,38.98604377798064,optimal
2021-02-11 03:00:00,31,120,1.1428571428571428,0.0,0.0,0.059,19.2675,6.0,-17,19.80411143705417,,4000.0,0.0,0.0,0.0,38.94705773420266,optimal
2021-02-11 03:30:00,31,120,1.1428571428571428,0.0,0.0,0.1439333333333333,18.963,6.0,-17,19.809072435279816,,4000.0,0.0,0.0,0.0,38.90811067646845,optimal
2021-02-11 04:00:00,31,120,1.1428571428571428,0.0,0.0,0.059,18.438,6.0,-17,19.81555392574825,,4000.0,0.0,0.0,0.0,38.86920256579199,optimal
2021-02-11 04:30:00,31,120,1.1428571428571428,0.0,0.0,0.0772,18.7425,6.0,-17,19.821483519951453,,4000.0,0.0,0.0,0.0,38.8303333632262,optimal
2021-02-11 05:00:00,31,120,1.1428571428571428,0.0,5.0,0.1257333333333333,15.2145,6.0,-17,19.82762307700818,,4000.0,0.0,0.0,0.0,41.166503029862966,optimal
2021-02-11 05:30:00,31,120,1.1428571428571428,0.0,0.0,0.0626666666666666,17.7765,6.0,-17,19.834341711731835,,4000.0,0.0,0.0,0.0,41.1253365268331,optimal
2021-02-11 06:00:00,31,120,1.1428571428571428,0.0,4.84830058636944,0.1296666666666666,16.758,6.0,-17,19.840729698683635,,4000.0,0.0,0.0,0.0,43.38715396883175,optimal
2021-02-11 06:30:00,31,120,1.1428571428571428,0.0,5.0,0.0919333333333333,16.422,6.0,-17,19.848339723921008,,4000.0,0.0,0.0,0.0,45.71876681486292,optimal
2021-02-11 07:00:00,31,120,1.1428571428571428,0.0774074074074074,5.0,0.058,16.758,6.0,-17,19.856701968774324,,4000.0,0.0,0.0,69.66666666666666,48.048048048048045,optimal
2021-02-11 07:30:00,31,120,0.0,18.07629207023806,0.0,0.113,29.358,6.0,-17,19.866723744725835,,0.0,13899.99619654759,0.0,2368.6666666666665,48.0,optimal
2021-02-11 08:00:00,31,120,0.0,3.95193459622698,0.0,0.1093333333333333,34.9965,6.0,-17,20.0,,0.0,3069.0744699376155,0.0,487.6666666666667,47.64903317327656,optimal
2021-02-11 08:30:00,31,120,0.0,3.909021006406725,0.0,0.0785999999999999,34.65,6.0,-17,20.0,,0.0,3169.7855724327187,0.0,348.3333333333333,47.29841731337984,optimal
2021-02-11 09:00:00,31,120,0.0,4.129789914903853,0.0,0.1519333333333333,34.9965,6.0,-17,20.0,,0.0,2950.477590080134,0.0,766.3333333333333,46.94815206934302,optimal
2021-02-11 09:30:00,31,120,0.0,3.0198764399662505,0.0,0.1242,34.9965,6.0,-17,20.0,,0.0,2717.8887959696253,0.0,0.0,46.59823709055024,optimal
2021-02-11 10:00:00,31,120,0.0,2.446876740597254,0.0,0.1110666666666666,30.4815,6.0,-17,20.0,,0.0,2202.189066537529,0.0,0.0,46.24867202673624,optimal
2021-02-11 10:30:00,31,120,0.2680743266239161,0.0,0.0,2.02,21.4305,6.0,-17,20.0,,938.2601431837064,0.0,0.0,0.0,45.89945652798607,optimal
2021-02-11 11:00:00,31,120,0.3581623795886918,0.0,0.0,1.6419,14.3325,6.0,-17,20.0,,1253.5683285604216,0.0,0.0,0.0,45.55059024473464,optimal
2021-02-11 11:30:00,31,120,1.0666031235547655,0.0,0.0,0.3697,13.692,6.0,-17,20.0,,3733.1109324416793,0.0,0.0,0.0,45.20207282776647,optimal
2021-02-11 12:00:00,31,120,0.0,0.1548148148148148,0.0,0.2115999999999999,14.007,6.0,-17,20.023021681994177,,0.0,0.0,0.0,139.33333333333331,44.85390392821526,optimal
2021-02-11 12:30:00,31,120,0.5912276498913062,0.0,0.0,0.0872,12.873,6.0,-17,20.0,,2069.296774619572,0.0,0.0,0.0,44.506083197563605,optimal
2021-02-11 13:00:00,31,120,0.5950032083839145,0.0,0.0,0.069,12.684,6.0,-17,20.0,,2082.511229343701,0.0,0.0,0.0,44.1586102876426,optimal
2021-02-11 13:30:00,31,120,0.5886201412419758,0.0,0.0,0.0750666666666666,12.306,6.0,-17,20.0,,2060.170494346916,0.0,0.0,0.0,43.81148485063152,optimal
2021-02-11 14:00:00,31,120,1.1428571428571428,0.0,0.0,0.2305333333333333,10.6365,6.0,-17,20.0,,4000.0,0.0,0.0,0.0,43.464706539057445,optimal
2021-02-11 14:30:00,31,120,0.0,0.1548148148148148,0.0,0.193,11.2455,6.0,-17,20.028137847648857,,0.0,0.0,0.0,139.33333333333331,43.11827500579495,optimal
2021-02-11 15:00:00,31,120,1.13591757742667,0.0774074074074074,0.0,0.5680666666666667,11.2455,6.0,-17,20.01000181483018,,3975.7115209933454,0.0,0.0,69.66666666666666,42.77218990406571,optimal
2021-02-11 15:30:00,31,120,1.1428571428571428,0.0774074074074074,0.0,0.2919333333333333,11.025,6.0,-17,20.040292378463818,,4000.0,0.0,0.0,69.66666666666666,42.42645088743821,optimal
2021-02-11 16:00:00,31,120,0.0,0.0,0.0,0.2062,12.0855,6.0,-17,20.0653872602547,,0.0,0.0,0.0,0.0,42.081057609827326,optimal
2021-02-11 16:30:00,31,120,0.0,0.0,0.0,0.1539333333333333,11.6865,6.0,-17,20.036557919601396,,0.0,0.0,0.0,0.0,41.73600972549406,optimal
2021-02-11 17:00:00,31,120,1.0036619862031742,0.0,0.0,0.069,11.2245,6.0,-17,20.0,,3512.81695171111,0.0,0.0,0.0,41.39130688904512,optimal
2021-02-11 17:30:00,31,120,0.9342429311988184,0.0,0.0,0.181,11.025,6.0,-17,20.0,,3269.8502591958645,0.0,0.0,0.0,41.04694875543263,optimal
2021-02-11 18:00:00,31,120,1.1428571428571428,0.0,0.0,0.3115333333333334,10.7835,6.0,-17,20.0,,4000.0,0.0,0.0,0.0,40.70293497995376,optimal
2021-02-11 18:30:00,31,120,0.6644873699262898,0.387037037037037,0.0,0.3701,11.025,6.0,-17,20.009292301712,,2325.705794742014,0.0,0.0,348.3333333333333,40.35926521825037,optimal
2021-02-11 19:00:00,31,120,1.1428571428571428,0.2322222222222222,0.0,0.0714,10.584,6.0,-17,20.0,,4000.0,0.0,0.0,209.0,40.31890595303212,optimal
2021-02-11 19:30:00,31,120,0.7487720167682895,1.975437037037037,0.0,0.2814,11.025,6.0,-17,20.00713124545228,,2620.702058689013,0.0,0.0,1777.8933333333334,40.278587047079085,optimal
2021-02-11 20:00:00,31,120,0.841707498311857,0.2693777777777779,0.0,0.4411,10.4265,6.0,-17,20.0,,2945.976244091499,0.0,0.0,242.44000000000017,40.23830846003201,optimal
2021-02-11 20:30:00,31,120,0.0,2.4770370370370367,0.0,0.3412333333333333,12.789,6.0,-17,20.0,,0.0,0.0,0.0,2229.333333333333,40.198070151571976,optimal
2021-02-11 21:00:00,31,120,0.0,0.0,0.0,0.4256666666666667,12.684,6.0,-17,19.96462772777106,,0.0,0.0,0.0,0.0,40.1578720814204,optimal
2021-02-11 21:30:00,31,120,0.0,0.0,0.0,0.2744,16.254,6.0,-17,19.92819190338841,,0.0,0.0,0.0,0.0,40.11771420933898,optimal
2021-02-11 22:00:00,31,120,0.0,0.1548148148148148,0.0,0.1683666666666666,17.64,6.0,-17,19.891661326731253,,0.0,0.0,0.0,139.33333333333331,40.07759649512964,optimal
2021-02-11 22:30:00,31,120,0.0,0.0,0.0,0.1684666666666666,19.1625,6.0,-17,19.854929387109628,,0.0,0.0,0.0,0.0,40.03751889863451,optimal
2021-02-11 23:00:00,31,120,0.0,0.0,0.0,0.069,26.46,6.0,-17,19.80958859206437,,0.0,0.0,0.0,0.0,39.99748137973587,optimal
2021-02-11 23:30:00,31,120,0.0,0.0,0.0,0.1175333333333333,20.79,6.0,-17,19.76005992626998,,0.0,0.0,0.0,0.0,39.95748389835614,optimal
2021-02-12 00:00:00,31,120,1.1428571428571428,0.0,5.0,0.1089,9.4185,6.0,-7,19.76005992626998,,4000.0,0.0,0.0,0.0,42.29252641445778,optimal
2021-02-12 00:30:00,31,120,1.1428571428571428,0.0,5.0,0.0825,10.3635,6.0,-7,19.759381703030293,,4000.0,0.0,0.0,0.0,44.625233888043326,optimal
2021-02-12 01:00:00,31,120,1.1428571428571428,0.0,5.0,0.1056,9.8385,6.0,-7,19.758383210549557,,4000.0,0.0,0.0,0.0,46.95560865415528,optimal
2021-02-12 01:30:00,31,120,1.1428571428571428,2.150377777777778,0.0,0.223,11.067,6.0,-7,19.75766810977153,,4000.0,0.0,0.0,1935.34,46.908653045501126,optimal
2021-02-12 02:00:00,31,120,1.1428571428571428,0.0,3.5146050183935755,0.066,10.8465,6.0,-7,19.759642753967984,,4000.0,0.0,0.0,0.0,48.53118177619257,optimal
2021-02-12 02:30:00,31,120,1.1428571428571428,0.0,0.0,0.2319333333333333,13.671,6.0,-7,19.758839247846332,,4000.0,0.0,0.0,0.0,48.48265059441637,optimal
2021-02-12 03:00:00,31,120,1.1428571428571428,0.0,0.0,0.0973333333333333,12.348,6.0,-7,19.76065356040437,,4000.0,0.0,0.0,0.0,48.434167943821954,optimal
2021-02-12 03:30:00,31,120,1.1428571428571428,0.0,0.0,0.1844333333333333,14.3325,6.0,-7,19.761419301433424,,4000.0,0.0,0.0,0.0,48.38573377587813,optimal
2021-02-12 04:00:00,31,120,1.1428571428571428,0.0,0.0,0.1448333333333333,15.393,6.0,-7,19.76463240043099,,4000.0,0.0,0.0,0.0,48.33734804210225,optimal
2021-02-12 04:30:00,31,120,1.1428571428571428,0.0,0.0,0.066,13.587,6.0,-7,19.768744502468877,,4000.0,0.0,0.0,0.0,48.28901069406015,optimal
2021-02-12 05:00:00,31,120,1.1428571428571428,0.0,0.0,0.1560666666666666,16.1385,6.0,-7,19.773275871284334,,4000.0,0.0,0.0,0.0,48.24072168336608,optimal
2021-02-12 05:30:00,31,120,1.1428571428571428,0.0,0.0,0.1848666666666666,14.595,6.0,-7,19.780262969520702,,4000.0,0.0,0.0,0.0,48.19248096168271,optimal
2021-02-12 06:00:00,31,120,1.1428571428571428,0.0,0.0,0.076,14.637,6.0,-7,19.789071597642785,,4000.0,0.0,0.0,0.0,48.144288480721016,optimal
2021-02-12 06:30:00,31,120,1.1428571428571428,0.0,0.0,0.2055333333333333,13.9125,6.0,-7,19.79812256129539,,4000.0,0.0,0.0,0.0,48.096144192240295,optimal
2021-02-12 07:00:00,31,120,1.1428571428571428,0.0,0.0,0.066,13.3665,6.0,-7,19.80903337618297,,4000.0,0.0,0.0,0.0,48.048048048048045,optimal
2021-02-12 07:30:00,31,120,1.1428571428571428,16.587480576574468,0.0,0.3136333333333333,13.0095,6.0,-7,19.818441276927068,,4000.0,13868.405852250356,0.0,1060.3266666666666,48.0,optimal
2021-02-12 08:00:00,31,120,1.1428571428571428,0.4644444444444444,0.0,0.3038333333333333,13.8915,6.0,-7,20.0,,4000.0,0.0,0.0,418.0,47.774504297136495,optimal
2021-02-12 08:30:00,31,120,1.1428571428571428,0.0,0.0,0.2357,13.188,6.0,-7,20.008381899356973,,4000.0,0.0,0.0,0.0,47.549234089975855,optimal
2021-02-12 09:00:00,31,120,1.1428571428571428,0.7167925925925925,0.0,0.2951,12.5685,6.0,-7,20.01640589512194,,4000.0,0.0,0.0,645.1133333333333,47.32418915302237,optimal
2021-02-12 09:30:00,31,120,1.1428571428571428,1.140985185185185,0.0,0.2556666666666666,12.285,6.0,-7,20.02799779724597,,4000.0,0.0,0.0,1026.8866666666668,47.09936926100585,optimal
2021-02-12 10:00:00,31,120,1.1428571428571428,0.0,0.0,0.1479333333333333,11.487,6.0,-7,20.04008969963872,,4000.0,0.0,0.0,0.0,46.87477418888134,optimal
2021-02-12 10:30:00,31,120,1.1428571428571428,0.0,0.0,0.0948,11.802,6.0,-7,20.05689477688507,,4000.0,0.0,0.0,0.0,46.65040371182896,optimal
2021-02-12 11:00:00,31,120,1.1428571428571428,0.0,0.0,0.2544666666666667,11.2245,6.0,-7,20.073812273650336,,4000.0,0.0,0.0,0.0,46.426257605253625,optimal
2021-02-12 11:30:00,31,120,1.1428571428571428,0.0,0.0,0.076,11.025,6.0,-7,20.09621336970311,,4000.0,0.0,0.0,0.0,46.20233564478487,optimal
2021-02-12 12:00:00,31,120,1.1428571428571428,0.0,0.0,0.3730333333333334,11.907,6.0,-7,20.116495040129507,,4000.0,0.0,0.0,0.0,45.97863760627658,optimal
2021-02-12 12:30:00,31,120,0.0,0.5418518518518518,0.0,0.3171,25.83,6.0,-7,20.14208517236258,,0.0,0.0,0.0,487.6666666666667,45.7551632658068,optimal
2021-02-12 13:00:00,31,120,0.0,0.3096296296296296,0.0,0.2163333333333333,28.035,6.0,-7,20.1195067963468,,0.0,0.0,0.0,278.66666666666663,45.53191239967749,optimal
2021-02-12 13:30:00,31,120,0.0,0.0,0.0,0.4005333333333333,28.119,6.0,-7,20.09595066230246,,0.0,0.0,0.0,0.0,45.30888478441431,optimal
2021-02-12 14:00:00,31,120,0.0,0.0,0.0,0.1354,30.156,6.0,-7,20.07371947348792,,0.0,0.0,0.0,0.0,45.0860801967664,optimal
2021-02-12 14:30:00,31,120,0.0,0.0,0.0,0.1073333333333333,29.1585,6.0,-7,20.04610243937224,,0.0,0.0,0.0,0.0,44.863498413706125,optimal
2021-02-12 15:00:00,31,120,0.0,0.5637267422683906,0.0,0.3594,26.712,6.0,-7,20.01799998370996,,0.0,507.3540680415516,0.0,0.0,44.64113921242892,optimal
2021-02-12 15:30:00,31,120,0.5479760267522426,0.2322222222222222,0.0,0.2759333333333333,15.435,6.0,-7,20.0,,1917.9160936328487,0.0,0.0,209.0,44.419002370352985,optimal
2021-02-12 16:00:00,31,120,0.4920498612179201,0.0774074074074074,0.0,0.5599666666666667,13.566,6.0,-7,20.0,,1722.1745142627203,0.0,0.0,69.66666666666666,44.19708766511913,optimal
2021-02-12 16:30:00,31,120,0.7485543022564323,0.0,0.0,0.3816666666666667,12.789,6.0,-7,20.0,,2619.940057897513,0.0,0.0,0.0,43.975394874590506,optimal
2021-02-12 17:00:00,31,120,1.1428571428571428,0.3096296296296296,0.0,0.477,12.1275,6.0,-7,20.00621758379437,,4000.0,0.0,0.0,278.66666666666663,43.75392377685241,optimal
2021-02-12 17:30:00,31,120,0.0,2.322222222222221,0.0,0.3633,13.671,6.0,-7,20.026823718002507,,0.0,0.0,0.0,2089.9999999999995,43.53267415021205,optimal
2021-02-12 18:00:00,31,120,1.1428571428571428,0.1548148148148148,0.0,0.3177,10.668,6.0,-7,20.0,,4000.0,0.0,0.0,139.33333333333331,43.311645773198336,optimal
2021-02-12 18:30:00,31,120,0.3770778670501203,0.0,0.0,0.2138666666666666,11.7285,6.0,-7,20.02178452541816,,1319.772534675421,0.0,0.0,0.0,43.09083842456163,optimal
2021-02-12 19:00:00,31,120,0.9286959631359512,0.0,0.0,0.076,11.025,6.0,-7,20.0,,3250.4358709758294,0.0,0.0,0.0,42.87025188327357,optimal
2021-02-12 19:30:00,31,120,0.9163742683731112,0.0,0.0,0.1354,10.689,6.0,-7,20.0,,3207.309939305889,0.0,0.0,0.0,42.64988592852679,optimal
2021-02-12 20:00:00,31,120,0.8986049545625747,0.0,0.0,0.2138666666666666,8.1585,6.0,-7,20.0,,3145.117340969012,0.0,0.0,0.0,42.42974033973477,optimal
2021-02-12 20:30:00,31,120,0.0,0.0,0.0,0.2203333333333333,10.3635,6.0,-7,20.0,,0.0,0.0,0.0,0.0,42.209814896531526,optimal
2021-02-12 21:00:00,31,120,0.0,0.3096296296296296,0.0,0.6292000000000001,10.8045,6.0,-7,19.963115172896003,,0.0,0.0,0.0,278.66666666666663,41.99010937877149,optimal
2021-02-12 21:30:00,31,120,0.0,0.2322222222222222,0.0,1.5797333333333332,11.025,6.0,-7,19.933468179157344,,0.0,0.0,0.0,209.0,41.77062356652922,optimal
2021-02-12 22:00:00,31,120,0.0,1.006296296296296,0.0,0.2628999999999999,10.3635,6.0,-7,19.919280113686742,,0.0,0.0,0.0,905.6666666666664,41.55135724009919,optimal
2021-02-12 22:30:00,31,120,0.0,0.2322222222222222,0.0,0.4266666666666667,10.8045,6.0,-7,19.89059034126279,,0.0,0.0,0.0,209.0,41.50980588285909,optimal
2021-02-12 23:00:00,31,120,0.0,0.0,0.0,0.3634,10.059,6.0,-7,19.86479309154187,,0.0,0.0,0.0,0.0,41.46829607697622,optimal
2021-02-12 23:30:00,31,120,0.0,0.0,0.0,0.1109666666666666,10.584,6.0,-7,19.8384382754068,,0.0,0.0,0.0,0.0,41.426827780899245,optimal
2021-02-13 00:00:00,31,120,1.1428571428571428,0.0,0.3681606914500285,0.056,8.1585,6.0,-3,19.8384382754068,,4000.0,0.0,0.0,0.0,41.56027728155711,optimal
2021-02-13 00:30:00,31,120,1.1428571428571428,0.0,0.0,0.056,9.4815,6.0,-3,19.85003660345082,,4000.0,0.0,0.0,0.0,41.51871700427554,optimal
2021-02-13 01:00:00,31,120,1.1428571428571428,0.0,0.0,0.1,8.379,6.0,-3,19.86171106522348,,4000.0,0.0,0.0,0.0,41.477198287271264,optimal
2021-02-13 01:30:00,31,120,1.1428571428571428,0.0,0.0,0.1733333333333333,9.5235,6.0,-3,19.873997532886964,,4000.0,0.0,0.0,0.0,41.435721088984,optimal
2021-02-13 02:00:00,31,120,1.1428571428571428,0.0,5.0,0.056,8.1375,6.0,-3,19.887252141835862,,4000.0,0.0,0.0,0.0,43.769285367895,optimal
2021-02-13 02:30:00,31,120,1.1428571428571428,0.0,0.0,0.056,10.0905,6.0,-3,19.899150205893456,,4000.0,0.0,0.0,0.0,43.7255160825271,optimal
2021-02-13 03:00:00,31,120,1.1428571428571428,0.0,5.0,0.1733333333333333,7.539,6.0,-3,19.911024681291124,,4000.0,0.0,0.0,0.0,46.056790566444576,optimal
2021-02-13 03:30:00,31,120,1.1428571428571428,0.0,5.0,0.1,7.938,6.0,-3,19.9243050097338,,4000.0,0.0,0.0,0.0,48.38573377587813,optimal
2021-02-13 04:00:00,31,120,1.1428571428571428,0.0,0.0,0.056,8.274,6.0,-3,19.936566509110623,,4000.0,0.0,0.0,0.0,48.33734804210225,optimal
2021-02-13 04:30:00,31,120,1.1428571428571428,0.0,0.0,0.2173333333333333,9.261,6.0,-3,19.94816854804899,,4000.0,0.0,0.0,0.0,48.28901069406015,optimal
2021-02-13 05:00:00,31,120,1.1428571428571428,0.0,0.0,0.0586666666666666,9.9225,6.0,-3,19.96151474697073,,4000.0,0.0,0.0,0.0,48.24072168336608,optimal
2021-02-13 05:30:00,31,120,1.1428571428571428,0.0,0.0,0.088,9.702,6.0,-3,19.972670811886992,,4000.0,0.0,0.0,0.0,48.19248096168271,optimal
2021-02-13 06:00:00,31,120,1.1428571428571428,0.0,0.0,0.2053333333333332,10.584,6.0,-3,19.983874514468184,,4000.0,0.0,0.0,0.0,48.144288480721016,optimal
2021-02-13 06:30:00,31,120,1.1428571428571428,0.0,0.0,0.0646666666666666,10.143,6.0,-3,19.99628714365752,,4000.0,0.0,0.0,0.0,48.096144192240295,optimal
2021-02-13 07:00:00,31,120,1.1428571428571428,5.263703703703704,0.0,0.1813333333333333,13.0095,6.0,-3,20.008616643696907,,4000.0,0.0,0.0,4737.333333333333,48.048048048048045,optimal
2021-02-13 07:30:00,31,120,1.1428571428571428,0.4644444444444444,0.0,0.108,11.025,6.0,-3,20.022710834784924,,4000.0,0.0,0.0,418.0,48.0,optimal
2021-02-13 08:00:00,31,120,1.1428571428571428,0.387037037037037,0.0,0.1153333333333333,12.789,6.0,-3,20.03479781347164,,4000.0,0.0,0.0,348.3333333333333,47.64345461713679,optimal
2021-02-13 08:30:00,31,120,1.1428571428571428,0.0,0.0,0.176,12.1275,6.0,-3,20.048080937785013,,4000.0,0.0,0.0,0.0,47.28726577965645,optimal
2021-02-13 09:00:00,31,120,1.1428571428571428,0.0,0.0,0.066,12.1695,6.0,-3,20.056738531907,,4000.0,0.0,0.0,0.0,46.93143313101358,optimal
2021-02-13 09:30:00,31,120,1.1428571428571428,0.0,0.0,0.066,12.306,6.0,-3,20.065882985685697,,4000.0,0.0,0.0,0.0,46.57595631501936,optimal
2021-02-13 10:00:00,31,120,1.1428571428571428,0.1548148148148148,0.0,0.4853333333333333,13.23,6.0,-3,20.07550495072529,,4000.0,0.0,0.0,139.33333333333331,46.22083497584113,optimal
2021-02-13 10:30:00,31,120,0.8373752461356936,0.0,0.0,1.1987333333333332,13.671,6.0,-3,20.093935782924053,,2930.813361474928,0.0,0.0,0.0,45.86606875800208,optimal
2021-02-13 11:00:00,31,120,0.0,0.387037037037037,0.0,1.1673333333333331,13.9335,6.0,-3,20.10617007780522,,0.0,0.0,0.0,348.3333333333333,45.51165730638087,optimal
2021-02-13 11:30:00,31,120,1.1428571428571428,0.1548148148148148,0.0,0.8549333333333333,13.293,6.0,-3,20.08549749062318,,4000.0,0.0,0.0,139.33333333333331,45.15760026621128,optimal
2021-02-13 12:00:00,31,120,1.1428571428571428,0.1548148148148148,0.0,0.2194,12.1065,6.0,-3,20.111628263794078,,4000.0,0.0,0.0,139.33333333333331,44.80389728308187,optimal
2021-02-13 12:30:00,31,120,1.1428571428571428,0.2322222222222222,0.0,0.1105333333333333,11.571,6.0,-3,20.135138966621216,,4000.0,0.0,0.0,209.0,44.45054800293558,optimal
2021-02-13 13:00:00,31,120,1.1428571428571428,0.0,0.0,0.1742,11.025,6.0,-3,20.15834407033901,,4000.0,0.0,0.0,0.0,44.09755207206943,optimal
2021-02-13 13:30:00,31,120,1.1428571428571428,0.0774074074074074,0.0,1.4418,10.8465,6.0,-3,20.182977124904635,,4000.0,0.0,0.0,69.66666666666666,43.74490913713416,optimal
2021-02-13 14:00:00,31,120,1.1428571428571428,0.0,0.0,0.2224333333333333,11.2455,6.0,-3,20.211784970242757,,4000.0,0.0,0.0,0.0,43.39261884513382,optimal
2021-02-13 14:30:00,31,120,0.0,0.0,0.0,0.0961333333333333,23.8665,6.0,-3,20.2335660169882,,0.0,0.0,0.0,0.0,43.04068084342548,optimal
2021-02-13 15:00:00,31,120,0.0,0.0,0.0,0.088,27.4575,6.0,-3,20.20519442041861,,0.0,0.0,0.0,0.0,42.68909477971884,optimal
2021-02-13 15:30:00,31,120,0.0,0.0,0.0,0.2053333333333332,27.3735,6.0,-3,20.17187662608103,,0.0,0.0,0.0,0.0,42.33786030207592,optimal
2021-02-13 16:00:00,31,120,0.0,0.0,0.0,0.066,30.4605,6.0,-3,20.13985602501792,,0.0,0.0,0.0,0.0,41.98697705891063,optimal
2021-02-13 16:30:00,31,120,0.0,0.0,0.0,0.2273333333333332,30.0195,6.0,-3,20.10354738356087,,0.0,0.0,0.0,0.0,41.63644469898851,optimal
2021-02-13 17:00:00,31,120,0.0,0.0,0.0,0.0773333333333333,26.9325,6.0,-3,20.069276144308947,,0.0,0.0,0.0,0.0,41.28626287142632,optimal
2021-02-13 17:30:00,31,120,0.0,0.0774074074074074,0.0,0.3503666666666666,14.595,6.0,-3,20.03175878630352,,0.0,0.0,0.0,69.66666666666666,40.936431225691685,optimal
2021-02-13 18:00:00,31,120,0.7548081340892958,0.387037037037037,0.0,0.3493666666666666,12.4845,6.0,-3,20.0,,2641.828469312535,0.0,0.0,348.3333333333333,40.58694941160279,optimal
2021-02-13 18:30:00,31,120,1.104342832558735,0.1548148148148148,0.0,0.1912666666666666,12.1275,6.0,-3,20.0,,3865.199913955572,0.0,0.0,139.33333333333331,40.237817079327975,optimal
2021-02-13 19:00:00,31,120,1.1428571428571428,0.3096296296296296,0.0,0.2150666666666666,12.1275,6.0,-3,20.012163676758696,,4000.0,0.0,0.0,278.66666666666663,39.88903387938544,optimal
2021-02-13 19:30:00,31,120,0.0,0.0,0.0,0.2154666666666666,12.789,6.0,-3,20.03057466452156,,0.0,0.0,0.0,0.0,39.540599462642845,optimal
2021-02-13 20:00:00,31,120,0.7711478117054696,0.0,0.0,0.1102666666666666,11.907,6.0,-3,20.0,,2699.017340969144,0.0,0.0,0.0,39.192513480317,optimal
2021-02-13 20:30:00,31,120,0.0,0.0774074074074074,0.0,0.3012666666666666,11.025,6.0,-3,20.0,,0.0,0.0,0.0,69.66666666666666,38.84477558397347,optimal
2021-02-13 21:00:00,31,120,0.0,0.3096296296296296,0.0,0.1485999999999999,8.2005,6.0,-3,19.968913697449544,,0.0,0.0,0.0,278.66666666666663,38.8059308083895,optimal
2021-02-13 21:30:00,31,120,0.0,2.227785185185185,0.0,0.243,9.5655,6.0,-3,19.938207796762526,,0.0,0.0,0.0,2005.0066666666664,38.76712487758111,optimal
2021-02-13 22:00:00,31,120,0.0,3.809992592592593,0.0,1.2319666666666669,7.056,6.0,-3,19.908724922913127,,0.0,0.0,0.0,3428.993333333334,38.72835775270353,optimal
2021-02-13 22:30:00,31,120,0.0,0.0774074074074074,0.0,0.3026,9.3975,6.0,-3,19.880755474097185,,0.0,0.0,0.0,69.66666666666666,38.68962939495083,optimal
2021-02-13 23:00:00,31,120,0.0,0.6966666666666667,0.0,0.3522666666666667,10.059,6.0,-3,19.85268351656484,,0.0,0.0,0.0,627.0,38.65093976555588,optimal
2021-02-13 23:30:00,31,120,0.0,0.0,0.0,0.0733333333333333,9.261,6.0,-3,19.824319655677588,,0.0,0.0,0.0,0.0,38.61228882579032,optimal
2021-02-07 00:00:00,32,120,0.0,0.0,0.0,0.059,28.2555,6.0,11,21.0,,0.0,0.0,0.0,0.0,47.952,optimal
2021-02-07 00:30:00,32,120,0.0,0.0,0.0,0.059,15.6975,6.0,11,20.967143872227517,,0.0,0.0,0.0,0.0,47.904048,optimal
2021-02-07 01:00:00,32,120,0.0,0.0,0.0,0.059,12.5475,6.0,11,20.93415462750758,,0.0,0.0,0.0,0.0,47.856143952,optimal
2021-02-07 01:30:00,32,120,0.0,0.0,0.0,0.059,12.0855,6.0,11,20.90103252975292,,0.0,0.0,0.0,0.0,47.80828780804799,optimal
2021-02-07 02:00:00,32,120,0.0,0.0,0.0,0.059,11.907,6.0,11,20.867876970496088,,0.0,0.0,0.0,0.0,47.76047952023995,optimal
2021-02-07 02:30:00,32,120,0.0,0.0,0.0,0.059,12.5685,6.0,11,20.834688016076623,,0.0,0.0,0.0,0.0,47.712719040719705,optimal
2021-02-07 03:00:00,32,120,0.0,0.0,0.0,0.059,13.146,6.0,11,20.80136660455946,,0.0,0.0,0.0,0.0,47.66500632167899,optimal
2021-02-07 03:30:00,32,120,0.0,0.0,0.0,0.059,10.584,6.0,11,20.76791299854912,,0.0,0.0,0.0,0.0,47.61734131535731,optimal
2021-02-07 04:00:00,32,120,0.0,0.0,0.0,0.059,6.678,6.0,11,20.734426588272573,,0.0,0.0,0.0,0.0,47.56972397404195,optimal
2021-02-07 04:30:00,32,120,0.0,0.0,0.0,0.059,7.938,6.0,11,20.700907438766325,,0.0,0.0,0.0,0.0,47.52215425006791,optimal
2021-02-07 05:00:00,32,120,0.0,0.0,1.6128201843120924,0.059,5.292,6.0,11,20.667454743081034,,0.0,0.0,0.0,0.0,48.24072168336608,optimal
2021-02-07 05:30:00,32,120,0.0,0.0,0.0,0.059,9.261,6.0,11,20.634068369467823,,0.0,0.0,0.0,0.0,48.19248096168271,optimal
2021-02-07 06:00:00,32,120,0.0,0.0,0.0,0.059,10.3635,6.0,11,20.60074818643901,,0.0,0.0,0.0,0.0,48.144288480721016,optimal
2021-02-07 06:30:00,32,120,0.0,0.0,0.0,0.059,8.274,6.0,11,20.567494062767604,,0.0,0.0,0.0,0.0,48.096144192240295,optimal
2021-02-07 07:00:00,32,120,0.0,0.0,0.0,0.059,7.7175,6.0,11,20.53420673934371,,0.0,0.0,0.0,0.0,48.048048048048045,optimal
2021-02-07 07:30:00,32,120,0.0,0.4644444444444444,0.0,0.0912,6.615,6.0,11,20.500886281987924,,0.0,0.0,0.0,418.0,48.0,optimal
2021-02-07 08:00:00,32,120,0.0,4.876666666666668,0.0,0.2673333333333333,6.174,6.0,11,20.46953787991632,,0.0,0.0,0.0,4389.000000000001,47.73673110693495,optimal
2021-02-07 08:30:00,32,120,0.0,0.2322222222222222,0.0,0.067,3.906,6.0,11,20.441731582150585,,0.0,0.0,0.0,209.0,47.47372548276296,optimal
2021-02-07 09:00:00,32,120,0.0,0.0,0.0,0.067,2.3415,6.0,11,20.40813812129855,,0.0,0.0,0.0,0.0,47.21098286421515,optimal
2021-02-07 09:30:00,32,120,0.0,0.0,0.0,0.08,2.205,6.0,11,20.3746176516288,,0.0,0.0,0.0,0.0,46.94850298828588,optimal
2021-02-07 10:00:00,32,120,1.1428571428571428,0.5418518518518518,0.0,0.08,0.882,6.0,11,20.34322899673761,,4000.0,0.0,0.0,487.6666666666667,46.686285592232544,optimal
2021-02-07 10:30:00,32,120,0.0,0.0,0.0,0.067,1.5435,6.0,11,20.3603509338188,,0.0,0.0,0.0,0.0,46.42433041357526,optimal
2021-02-07 11:00:00,32,120,1.123362307894287,0.0,0.0,0.067,1.5435,6.0,11,20.327508283453387,,3931.768077630004,0.0,0.0,0.0,46.16263719009664,optimal
2021-02-07 11:30:00,32,120,0.0,4.300755555555556,0.0,0.0897999999999999,5.0715,6.0,11,20.34407864927392,,0.0,0.0,0.0,3870.68,45.90120565984149,optimal
2021-02-07 12:00:00,32,120,0.0,1.427392592592593,0.0,0.3011333333333333,5.376,6.0,11,20.31364549747997,,0.0,0.0,0.0,1284.6533333333336,45.640035561116605,optimal
2021-02-07 12:30:00,32,120,0.0,0.2322222222222222,0.0,1.413266666666667,5.0715,6.0,11,20.28711034271665,,0.0,0.0,0.0,209.0,45.37912663249044,optimal
2021-02-07 13:00:00,32,120,0.0,0.0,0.0,0.067,5.5125,6.0,11,20.272915069378204,,0.0,0.0,0.0,0.0,45.1184786127929,optimal
2021-02-07 13:30:00,32,120,0.0,0.2322222222222222,0.0,0.9375,9.261,6.0,11,20.248704724866133,,0.0,0.0,0.0,209.0,44.858091241115055,optimal
2021-02-07 14:00:00,32,120,0.0,0.0,0.0,0.8771,11.7075,6.0,11,20.225353037087245,,0.0,0.0,0.0,0.0,44.597964256808886,optimal
2021-02-07 14:30:00,32,120,0.0,0.1548148148148148,0.0,0.7162000000000001,12.348,6.0,11,20.20317727164836,,0.0,0.0,0.0,139.33333333333331,44.33809739948703,optimal
2021-02-07 15:00:00,32,120,0.0,0.0774074074074074,0.0,1.5568333333333333,12.348,6.0,11,20.19101477429388,,0.0,0.0,0.0,69.66666666666666,44.078490409022486,optimal
2021-02-07 15:30:00,32,120,0.0,0.0,0.0,0.8142999999999999,12.1275,6.0,11,20.185931817498417,,0.0,0.0,0.0,0.0,43.819143025548414,optimal
2021-02-07 16:00:00,32,120,0.0,0.0,0.0,2.9459,12.5265,6.0,11,20.173826463885074,,0.0,0.0,0.0,0.0,43.56005498945781,optimal
2021-02-07 16:30:00,32,120,0.0,0.0,0.0,2.7760333333333334,11.7495,6.0,11,20.164014027279972,,0.0,0.0,0.0,0.0,43.3012260414033,optimal
2021-02-07 17:00:00,32,120,0.0,0.4644444444444444,0.0,0.3785,13.23,6.0,11,20.14898934162436,,0.0,0.0,0.0,418.0,43.04265592229685,optimal
2021-02-07 17:30:00,32,120,0.0,0.1548148148148148,0.0,0.5184666666666667,14.3325,6.0,11,20.122855408164888,,0.0,0.0,0.0,139.33333333333331,42.7843443733095,optimal
2021-02-07 18:00:00,32,120,0.0,6.037777777777777,0.0,0.4617333333333333,14.994,6.0,11,20.098351802645357,,0.0,0.0,0.0,5433.999999999999,42.74156002893619,optimal
2021-02-07 18:30:00,32,120,0.0,2.70925925925926,0.0,0.443,14.8155,6.0,11,20.077415620505228,,0.0,0.0,0.0,2438.333333333333,42.698818468907255,optimal
2021-02-07 19:00:00,32,120,0.0,0.4644444444444444,0.0,0.3545,14.112,6.0,11,20.053221606122413,,0.0,0.0,0.0,418.0,42.65611965043835,optimal
2021-02-07 19:30:00,32,120,0.0,0.6192592592592592,0.0,0.373,14.007,6.0,11,20.03396640770732,,0.0,0.0,0.0,557.3333333333333,42.61346353078791,optimal
2021-02-07 20:00:00,32,120,0.0,0.387037037037037,0.0,0.3436666666666667,13.23,6.0,11,20.01616253574812,,0.0,0.0,0.0,348.3333333333333,42.570850067257126,optimal
2021-02-07 20:30:00,32,120,0.0,0.0,0.0,0.3328,11.382,6.0,11,20.0,,0.0,0.0,0.0,0.0,42.52827921718987,optimal
2021-02-07 21:00:00,32,120,0.0,0.0,0.0,0.4017666666666666,11.7495,6.0,11,19.9835084138877,,0.0,0.0,0.0,0.0,42.48575093797268,optimal
2021-02-07 21:30:00,32,120,0.0,0.0,0.0,0.4662666666666666,24.3285,6.0,11,19.967358458651876,,0.0,0.0,0.0,0.0,42.44326518703471,optimal
2021-02-07 22:00:00,32,120,0.0,1.548148148148148,0.0,0.4572333333333333,28.917,6.0,11,19.95219886605156,,0.0,0.0,0.0,1393.3333333333333,42.40082192184768,optimal
2021-02-07 22:30:00,32,120,0.0,0.3096296296296296,0.0,0.4268333333333333,31.3635,6.0,11,19.93456342029422,,0.0,0.0,0.0,278.66666666666663,42.35842109992584,optimal
2021-02-07 23:00:00,32,120,0.0,0.0,0.0,0.2475,33.306,6.0,11,19.91757205507816,,0.0,0.0,0.0,0.0,42.31606267882591,optimal
2021-02-07 23:30:00,32,120,0.0,0.0,0.0,0.0676666666666666,31.3425,6.0,11,19.89406758506021,,0.0,0.0,0.0,0.0,42.27374661614708,optimal
2021-02-08 00:00:00,32,120,0.0,0.0,0.0,0.062,29.1375,6.0,15,19.89406758506021,,0.0,0.0,0.0,0.0,42.23147286953093,optimal
2021-02-08 00:30:00,32,120,0.0,0.0,0.0,0.1769333333333333,30.597,6.0,15,19.860476486432997,,0.0,0.0,0.0,0.0,42.1892413966614,optimal
2021-02-08 01:00:00,32,120,0.0,0.0,0.0,0.1539333333333333,33.684,6.0,15,19.82835214158556,,0.0,0.0,0.0,0.0,42.14705215526474,optimal
2021-02-08 01:30:00,32,120,0.0,0.0,0.0,0.0828,32.445,6.0,15,19.79601129137689,,0.0,0.0,0.0,0.0,42.10490510310947,optimal
2021-02-08 02:00:00,32,120,0.0,0.0,0.0,0.2480666666666666,28.917,6.0,15,19.76276886011196,,0.0,0.0,0.0,0.0,42.06280019800637,optimal
2021-02-08 02:30:00,32,120,1.1428571428571428,0.0,0.0,0.0654666666666666,15.876,6.0,15,19.73150654117133,,4000.0,0.0,0.0,0.0,42.02073739780836,optimal
2021-02-08 03:00:00,32,120,1.1428571428571428,0.0,0.0,0.1209333333333333,12.348,6.0,15,19.74691020693056,,4000.0,0.0,0.0,0.0,41.97871666041056,optimal
2021-02-08 03:30:00,32,120,1.1428571428571428,0.0,0.0,0.1747333333333333,12.1275,6.0,15,19.76305817606832,,4000.0,0.0,0.0,0.0,41.93673794375015,optimal
2021-02-08 04:00:00,32,120,1.1428571428571428,0.0,0.0,0.1561333333333333,12.348,6.0,15,19.779730412764856,,4000.0,0.0,0.0,0.0,41.8948012058064,optimal
2021-02-08 04:30:00,32,120,1.1428571428571428,0.0,0.0,0.062,12.1275,6.0,15,19.796043875976967,,4000.0,0.0,0.0,0.0,41.85290640460059,optimal
2021-02-08 05:00:00,32,120,1.1428571428571428,0.0,0.0,0.255,12.1275,6.0,15,19.81097997586064,,4000.0,0.0,0.0,0.0,41.81105349819599,optimal
2021-02-08 05:30:00,32,120,1.1428571428571428,0.0,0.0,0.0758666666666666,11.2665,6.0,15,19.828039399944537,,4000.0,0.0,0.0,0.0,41.7692424446978,optimal
2021-02-08 06:00:00,32,120,1.1428571428571428,0.0,5.0,0.1244,10.143,6.0,15,19.842783610754235,,4000.0,0.0,0.0,0.0,44.10247320225309,optimal
2021-02-08 06:30:00,32,120,1.1428571428571428,0.0,3.394315666568066,0.2058,11.2455,6.0,15,19.857990711820836,,4000.0,0.0,0.0,0.0,45.670670670670674,optimal
2021-02-08 07:00:00,32,120,1.1428571428571428,0.774074074074074,5.0,0.4231666666666667,11.025,6.0,15,19.87431600765726,,4000.0,0.0,0.0,696.6666666666666,48.0,optimal
2021-02-08 07:30:00,32,120,1.1428571428571428,7.187473412352237,0.0,1.1585,5.9745,6.0,15,19.89667123255277,,4000.0,5911.39273778368,0.0,557.3333333333333,47.93495888742242,optimal
2021-02-08 08:00:00,32,120,1.1428571428571428,1.8004962962962965,0.0,0.1197333333333333,7.938,6.0,15,20.0,,4000.0,0.0,0.0,1620.446666666667,47.86998281595741,optimal
2021-02-08 08:30:00,32,120,1.1428571428571428,1.373207407407408,0.0,1.0214333333333332,8.6835,6.0,15,20.01999851114549,,4000.0,0.0,0.0,1235.886666666667,47.80507172056387,optimal
2021-02-08 09:00:00,32,120,1.1428571428571428,0.0,0.0,0.1816333333333333,7.665,6.0,15,20.041379531780137,,4000.0,0.0,0.0,0.0,47.74022553626573,optimal
2021-02-08 09:30:00,32,120,1.1428571428571428,0.0,0.0,0.0925999999999999,6.7725,6.0,15,20.06199865915664,,4000.0,0.0,0.0,0.0,47.67544419815189,optimal
2021-02-08 10:00:00,32,120,1.1428571428571428,0.0774074074074074,0.0,0.291,5.5755,6.0,15,20.08204142604738,,4000.0,0.0,0.0,69.66666666666666,47.61072764137616,optimal
2021-02-08 10:30:00,32,120,1.1428571428571428,0.0,0.0,0.072,5.0925,6.0,15,20.106422309496068,,4000.0,0.0,0.0,0.0,47.5460758011572,optimal
2021-02-08 11:00:00,32,120,1.1428571428571428,0.0,0.0,0.1170666666666666,4.1895,6.0,15,20.1215765436672,,4000.0,0.0,0.0,0.0,47.48148861277846,optimal
2021-02-08 11:30:00,32,120,1.1428571428571428,0.0,0.0,0.155,7.056,6.0,15,20.139957564471995,,4000.0,0.0,0.0,0.0,47.4169660115881,optimal
2021-02-08 12:00:00,32,120,1.1428571428571428,0.0,0.0,0.1958666666666666,5.271,6.0,15,20.15896251692024,,4000.0,0.0,0.0,0.0,47.35250793299893,optimal
2021-02-08 12:30:00,32,120,1.1428571428571428,0.0,0.0,0.0893333333333333,7.938,6.0,15,20.179563003555582,,4000.0,0.0,0.0,0.0,47.288114312488354,optimal
2021-02-08 13:00:00,32,120,1.1428571428571428,0.0,0.0,0.2385666666666666,7.938,6.0,15,20.19922133537143,,4000.0,0.0,0.0,0.0,47.22378508559829,optimal
2021-02-08 13:30:00,32,120,1.1428571428571428,0.0,0.0,0.1193333333333333,11.907,6.0,15,20.226172712519386,,4000.0,0.0,0.0,0.0,47.15952018793511,optimal
2021-02-08 14:00:00,32,120,1.1428571428571428,0.0,0.0,0.455,11.025,6.0,15,20.25055428100444,,4000.0,0.0,0.0,0.0,47.0953195551696,optimal
2021-02-08 14:30:00,32,120,1.1428571428571428,0.0,0.0,0.2481999999999999,11.2875,6.0,15,20.277842693544333,,4000.0,0.0,0.0,0.0,47.03118312303685,optimal
2021-02-08 15:00:00,32,120,0.0,0.0,0.0,0.1245333333333333,12.936,6.0,15,20.300205556857208,,0.0,0.0,0.0,0.0,46.96711082733623,optimal
2021-02-08 15:30:00,32,120,0.0,0.0,0.0,0.0893333333333333,13.0095,6.0,15,20.26922811837282,,0.0,0.0,0.0,0.0,46.90310260393131,optimal
2021-02-08 16:00:00,32,120,0.0,0.0,0.0,0.8251000000000001,13.671,6.0,15,20.237982404268894,,0.0,0.0,0.0,0.0,46.839158388749794,optimal
2021-02-08 16:30:00,32,120,0.0,0.0,0.0,0.1360333333333333,13.188,6.0,15,20.21570918138605,,0.0,0.0,0.0,0.0,46.775278117783465,optimal
2021-02-08 17:00:00,32,120,0.0,0.0,0.0,0.1557333333333333,13.8495,6.0,15,20.182516684562955,,0.0,0.0,0.0,0.0,46.7114617270881,optimal
2021-02-08 17:30:00,32,120,0.0,0.1548148148148148,0.0,0.2492666666666667,13.23,6.0,15,20.146747485397132,,0.0,0.0,0.0,139.33333333333331,46.64770915278344,optimal
2021-02-08 18:00:00,32,120,0.0,0.4644444444444444,0.0,0.1930666666666666,13.3665,6.0,15,20.11575546584562,,0.0,0.0,0.0,418.0,46.58402033105307,optimal
2021-02-08 18:30:00,32,120,0.5117203126714677,0.2322222222222222,0.0,0.2459666666666666,13.0515,6.0,15,20.08764046799188,,1791.0210943501368,0.0,0.0,209.0,46.52039519814444,optimal
2021-02-08 19:00:00,32,120,0.0,0.0774074074074074,0.0,0.4122,13.5345,6.0,15,20.079482993929968,,0.0,0.0,0.0,69.66666666666666,46.45683369036871,optimal
2021-02-08 19:30:00,32,120,0.0,0.0,0.0,0.3322,14.154,6.0,15,20.052873860499652,,0.0,0.0,0.0,0.0,46.39333574410076,optimal
2021-02-08 20:00:00,32,120,0.0,0.0,0.0,0.6475333333333333,14.112,6.0,15,20.02495536012159,,0.0,0.0,0.0,0.0,46.32990129577908,optimal
2021-02-08 20:30:00,32,120,0.0,0.0,0.0,0.38,14.2485,6.0,15,20.0,,0.0,0.0,0.0,0.0,46.26653028190572,optimal
2021-02-08 21:00:00,32,120,0.0,0.0,0.0,0.4631333333333333,12.789,6.0,15,19.972574716699118,,0.0,0.0,0.0,0.0,46.20322263904624,optimal
2021-02-08 21:30:00,32,120,0.0,0.387037037037037,0.0,0.6780333333333333,13.0095,6.0,15,19.94936845264882,,0.0,0.0,0.0,348.3333333333333,46.1570194164072,optimal
2021-02-08 22:00:00,32,120,0.0,0.3096296296296296,0.0,0.3651666666666667,12.1275,6.0,15,19.92947766657488,,0.0,0.0,0.0,278.66666666666663,46.11086239699079,optimal
2021-02-08 22:30:00,32,120,0.0,0.0,0.0,0.3553333333333333,12.348,6.0,15,19.90268007837963,,0.0,0.0,0.0,0.0,46.0647515345938,optimal
2021-02-08 23:00:00,32,120,0.0,0.0,0.0,0.1738,12.348,6.0,15,19.875529900973167,,0.0,0.0,0.0,0.0,46.0186867830592,optimal
2021-02-08 23:30:00,32,120,0.0,0.0,0.0,0.072,25.389,6.0,15,19.841629666721637,,0.0,0.0,0.0,0.0,45.97266809627615,optimal
2021-02-09 00:00:00,32,120,1.1428571428571428,0.0,0.0,1.0797,14.3745,6.0,-12,19.841629666721637,,4000.0,0.0,0.0,0.0,45.92669542817987,optimal
2021-02-09 00:30:00,32,120,1.1428571428571428,0.3096296296296296,5.0,0.1072,13.23,6.0,-12,19.858431527299683,,4000.0,0.0,0.0,278.66666666666663,48.25576873275169,optimal
2021-02-09 01:00:00,32,120,1.1428571428571428,0.0,0.0,1.0387,13.9755,6.0,-12,19.873872368629165,,4000.0,0.0,0.0,0.0,48.20751296401894,optimal
2021-02-09 01:30:00,32,120,1.1428571428571428,0.0,0.0,0.0836333333333333,14.994,6.0,-12,19.893064326197997,,4000.0,0.0,0.0,0.0,48.15930545105492,optimal
2021-02-09 02:00:00,32,120,1.1428571428571428,0.0,0.7821146290789808,0.1394333333333333,13.671,6.0,-12,19.90657784124308,,4000.0,0.0,0.0,0.0,48.48265059441637,optimal
2021-02-09 02:30:00,32,120,1.1428571428571428,0.0,0.0,0.1318,15.981,6.0,-12,19.920521718674724,,4000.0,0.0,0.0,0.0,48.434167943821954,optimal
2021-02-09 03:00:00,32,120,1.1428571428571428,0.0,0.0,0.0987333333333333,15.6345,6.0,-12,19.93444408774924,,4000.0,0.0,0.0,0.0,48.38573377587813,optimal
2021-02-09 03:30:00,32,120,1.1428571428571428,0.0,0.0,0.043,16.5375,6.0,-12,19.94812855147693,,4000.0,0.0,0.0,0.0,48.33734804210225,optimal
2021-02-09 04:00:00,32,120,1.1428571428571428,0.0,0.0,0.0964,14.7735,6.0,-12,19.961333604052736,,4000.0,0.0,0.0,0.0,48.28901069406015,optimal
2021-02-09 04:30:00,32,120,1.1428571428571428,0.0,0.0,0.043,15.2145,6.0,-12,19.975361270196316,,4000.0,0.0,0.0,0.0,48.24072168336608,optimal
2021-02-09 05:00:00,32,120,1.1428571428571428,0.0,0.0,0.1349333333333333,14.553,6.0,-12,19.98851233219537,,4000.0,0.0,0.0,0.0,48.19248096168271,optimal
2021-02-09 05:30:00,32,120,1.1428571428571428,0.0,0.0,0.0955333333333333,14.3325,6.0,-12,20.00255902852209,,4000.0,0.0,0.0,0.0,48.144288480721016,optimal
2021-02-09 06:00:00,32,120,1.1428571428571428,0.0,0.0,0.043,14.595,6.0,-12,20.016097892067098,,4000.0,0.0,0.0,0.0,48.096144192240295,optimal
2021-02-09 06:30:00,32,120,1.1428571428571428,0.0,0.0,0.0964,14.994,6.0,-12,20.028969934866403,,4000.0,0.0,0.0,0.0,48.048048048048045,optimal
2021-02-09 07:00:00,32,120,1.1428571428571428,0.2322222222222222,0.0,0.0502,14.3325,6.0,-12,20.04236786701709,,4000.0,0.0,0.0,209.0,48.0,optimal
2021-02-09 07:30:00,32,120,1.1428571428571428,0.2322222222222222,0.0,0.9276,13.8915,6.0,-12,20.056963517334847,,4000.0,0.0,0.0,209.0,47.60100710899155,optimal
2021-02-09 08:00:00,32,120,1.1428571428571428,0.774074074074074,0.0,0.2166333333333333,13.8915,6.0,-12,20.077130648126012,,4000.0,0.0,0.0,696.6666666666666,47.20241321087411,optimal
2021-02-09 08:30:00,32,120,1.1428571428571428,1.006296296296296,0.0,0.1260666666666666,13.4715,6.0,-12,20.095275994506125,,4000.0,0.0,0.0,905.6666666666664,46.80421790665479,optimal
2021-02-09 09:00:00,32,120,1.1428571428571428,0.0,0.0,0.4365666666666666,13.23,6.0,-12,20.10852677729277,,4000.0,0.0,0.0,0.0,46.40642079773969,optimal
2021-02-09 09:30:00,32,120,1.1428571428571428,0.0,0.0,1.3568333333333331,13.8915,6.0,-12,20.12872570948409,,4000.0,0.0,0.0,0.0,46.00902148593351,optimal
2021-02-09 10:00:00,32,120,0.0,0.0,0.0,0.2374333333333333,26.9325,6.0,-12,20.156754010532705,,0.0,0.0,0.0,0.0,45.61201957343913,optimal
2021-02-09 10:30:00,32,120,0.0,0.0,0.0,0.3263333333333333,30.303,6.0,-12,20.12905290900124,,0.0,0.0,0.0,0.0,45.21541466285724,optimal
2021-02-09 11:00:00,32,120,0.0,0.0,0.0,0.4473666666666667,32.886,6.0,-12,20.1042897005551,,0.0,0.0,0.0,0.0,44.81920635718594,optimal
2021-02-09 11:30:00,32,120,0.0,0.0,0.0,0.1584,34.9965,6.0,-12,20.082678161139143,,0.0,0.0,0.0,0.0,44.42339425982031,optimal
2021-02-09 12:00:00,32,120,0.0,0.0,0.0,0.1600333333333333,33.327,6.0,-12,20.05512351565855,,0.0,0.0,0.0,0.0,44.02797797455204,optimal
2021-02-09 12:30:00,32,120,0.0,0.0,0.0,0.0667333333333333,31.122,6.0,-12,20.029044164141094,,0.0,0.0,0.0,0.0,43.63295710556904,optimal
2021-02-09 13:00:00,32,120,0.4060214000524201,0.0,0.0,0.8015,17.9025,6.0,-12,20.00180514049749,,1421.0749001834706,0.0,0.0,0.0,43.23833125745502,optimal
2021-02-09 13:30:00,32,120,0.3440061770934298,0.0,0.0,1.5241333333333331,15.6555,6.0,-12,20.0,,1204.0216198270043,0.0,0.0,0.0,42.84410003518912,optimal
2021-02-09 14:00:00,32,120,0.6425004446049649,0.0,0.0,0.0815666666666666,14.553,6.0,-12,20.0,,2248.7515561173773,0.0,0.0,0.0,42.45026304414549,optimal
2021-02-09 14:30:00,32,120,0.5556824543663512,0.0,0.0,0.2602333333333333,14.3325,6.0,-12,20.0,,1944.8885902822287,0.0,0.0,0.0,42.056819890092896,optimal
2021-02-09 15:00:00,32,120,0.5061270597985154,0.0774074074074074,0.0,0.4238666666666666,13.335,6.0,-12,20.0,,1771.444709294804,0.0,0.0,69.66666666666666,41.66377017919436,optimal
2021-02-09 15:30:00,32,120,0.960116675714131,0.0774074074074074,0.0,0.3748,12.1275,6.0,-12,20.0,,3360.408364999458,0.0,0.0,69.66666666666666,41.27111351800672,optimal
2021-02-09 16:00:00,32,120,0.0,0.0,0.0,1.4636333333333331,12.2955,6.0,-12,20.01872162596328,,0.0,0.0,0.0,0.0,40.87884951348027,optimal
2021-02-09 16:30:00,32,120,0.49297646299988,0.0,0.0,0.1901,11.6865,6.0,-12,20.0,,1725.4176204995802,0.0,0.0,0.0,40.48697777295834,optimal
2021-02-09 17:00:00,32,120,0.2430713491502329,0.1548148148148148,0.0,2.0857666666666668,11.466,6.0,-12,20.0,,850.7497220258151,0.0,0.0,139.33333333333331,40.09549790417694,optimal
2021-02-09 17:30:00,32,120,1.1428571428571428,3.2712370370370367,0.0,0.3569,10.8045,6.0,-12,20.0,,4000.0,0.0,0.0,2944.113333333333,40.05540240627276,optimal
2021-02-09 18:00:00,32,120,1.1428571428571428,6.9465407407407405,0.0,0.1631666666666666,10.584,6.0,-12,20.02983638035293,,4000.0,0.0,0.0,6251.886666666666,40.01534700386649,optimal
2021-02-09 18:30:00,32,120,0.7043410154831005,3.5607407407407403,0.0,1.0822,11.2455,6.0,-12,20.056177642491345,,2465.1935541908515,0.0,0.0,3204.6666666666665,39.97533165686262,optimal
2021-02-09 19:00:00,32,120,0.0,0.0,0.0,1.487,12.1275,6.0,-12,20.067199776054064,,0.0,0.0,0.0,0.0,39.93535632520576,optimal
2021-02-09 19:30:00,32,120,0.0,0.1548148148148148,0.0,0.9010333333333332,11.823,6.0,-12,20.04643906621883,,0.0,0.0,0.0,139.33333333333331,39.89542096888055,optimal
2021-02-09 20:00:00,32,120,0.0,0.8514814814814814,0.0,0.2890666666666666,11.7705,6.0,-12,20.022867182559946,,0.0,0.0,0.0,766.3333333333333,39.85552554791167,optimal
2021-02-09 20:30:00,32,120,0.0,0.0774074074074074,0.0,0.2320666666666666,11.13,6.0,-12,20.0,,0.0,0.0,0.0,69.66666666666666,39.81567002236376,optimal
2021-02-09 21:00:00,32,120,0.0,0.0,0.0,0.2481999999999999,11.6865,6.0,-12,19.974996205224937,,0.0,0.0,0.0,0.0,39.77585435234139,optimal
2021-02-09 21:30:00,32,120,0.0,0.0,0.0,0.2508666666666667,10.7205,6.0,-12,19.948289258762568,,0.0,0.0,0.0,0.0,39.73607849798905,optimal
2021-02-09 22:00:00,32,120,0.0,0.0,0.0,0.0619,11.424,6.0,-12,19.915373355741227,,0.0,0.0,0.0,0.0,39.69634241949106,optimal
2021-02-09 22:30:00,32,120,0.0,0.0,0.0,0.0975,10.689,6.0,-12,19.879824141202224,,0.0,0.0,0.0,0.0,39.65664607707157,optimal
2021-02-09 23:00:00,32,120,0.0,0.0,0.0,0.1055333333333333,11.361,6.0,-12,19.844878224777755,,0.0,0.0,0.0,0.0,39.6169894309945,optimal
2021-02-09 23:30:00,32,120,0.0,0.0,0.0,0.1686666666666666,11.571,6.0,-12,19.81019858379636,,0.0,0.0,0.0,0.0,39.577372441563504,optimal
2021-02-10 00:00:00,32,120,1.1428571428571428,0.0,0.0,0.057,13.3665,6.0,4,19.81019858379636,,4000.0,0.0,0.0,0.0,39.53779506912194,optimal
2021-02-10 00:30:00,32,120,1.1428571428571428,0.0,0.0,0.057,12.789,6.0,4,19.823252875150363,,4000.0,0.0,0.0,0.0,39.49825727405282,optimal
2021-02-10 01:00:00,32,120,1.1428571428571428,0.0,0.0,0.057,11.907,6.0,4,19.83608302926501,,4000.0,0.0,0.0,0.0,39.45875901677877,optimal
2021-02-10 01:30:00,32,120,1.1428571428571428,0.0,0.0,0.1868,11.7075,6.0,4,19.848689490506477,,4000.0,0.0,0.0,0.0,39.41930025776198,optimal
2021-02-10 02:00:00,32,120,1.1428571428571428,0.0,4.247622792393495,0.057,10.8045,6.0,4,19.862653970511115,,4000.0,0.0,0.0,0.0,41.39750178389112,optimal
2021-02-10 02:30:00,32,120,1.1428571428571428,0.0,0.0,0.057,11.508,6.0,4,19.874811240619,,4000.0,0.0,0.0,0.0,41.35610428210723,optimal
2021-02-10 03:00:00,32,120,1.1428571428571428,0.0,0.0,0.057,11.508,6.0,4,19.886944408174667,,4000.0,0.0,0.0,0.0,41.31474817782512,optimal
2021-02-10 03:30:00,32,120,1.1428571428571428,0.0,0.0,0.1868,11.508,6.0,4,19.89905352096295,,4000.0,0.0,0.0,0.0,41.27343342964729,optimal
2021-02-10 04:00:00,32,120,1.1428571428571428,0.0,0.0,0.057,11.844,6.0,4,19.912719894825127,,4000.0,0.0,0.0,0.0,41.232159996217646,optimal
2021-02-10 04:30:00,32,120,1.1428571428571428,0.0,0.0,0.1631999999999999,11.508,6.0,4,19.92477790609085,,4000.0,0.0,0.0,0.0,41.19092783622142,optimal
2021-02-10 05:00:00,32,120,1.1428571428571428,0.0,0.0,0.0805999999999999,11.508,6.0,4,19.937907520156084,,4000.0,0.0,0.0,0.0,41.1497369083852,optimal
2021-02-10 05:30:00,32,120,1.1428571428571428,0.0,5.0,0.0629,10.4475,6.0,4,19.949806586099204,,4000.0,0.0,0.0,0.0,43.48358717147681,optimal
2021-02-10 06:00:00,32,120,1.1428571428571428,0.0,5.0,1.6525,10.8675,6.0,4,19.9612681776348,,4000.0,0.0,0.0,0.0,45.81510358430533,optimal
2021-02-10 06:30:00,32,120,1.1428571428571428,0.2322222222222222,5.0,1.5334,10.542,6.0,4,19.981159227838948,,4000.0,0.0,0.0,209.0,48.144288480721016,optimal
2021-02-10 07:00:00,32,120,1.1428571428571428,5.186296296296297,0.0,0.1861,11.025,6.0,4,20.00071580434064,,4000.0,0.0,0.0,4667.666666666668,48.096144192240295,optimal
2021-02-10 07:30:00,32,120,1.1428571428571428,0.3096296296296296,0.0,0.1452333333333333,11.025,6.0,4,20.01773746448029,,4000.0,0.0,0.0,278.66666666666663,48.048048048048045,optimal
2021-02-10 08:00:00,32,120,1.1428571428571428,0.774074074074074,0.0,0.144,14.553,6.0,4,20.035080651368112,,4000.0,0.0,0.0,696.6666666666666,48.0,optimal
2021-02-10 08:30:00,32,120,1.1428571428571428,0.3096296296296296,0.0,0.2807,13.0935,6.0,4,20.05184248348995,,4000.0,0.0,0.0,278.66666666666663,47.7802722611527,optimal
2021-02-10 09:00:00,32,120,1.1428571428571428,0.774074074074074,0.0,0.1949666666666666,15.6345,6.0,4,20.06923601442736,,4000.0,0.0,0.0,696.6666666666666,47.56076425004426,optimal
2021-02-10 09:30:00,32,120,0.0,0.6192592592592592,0.0,0.1594333333333333,18.102,6.0,4,20.088856849758013,,0.0,0.0,0.0,557.3333333333333,47.34147574694692,optimal
2021-02-10 10:00:00,32,120,0.685558931473275,0.3096296296296296,0.0,2.2753666666666668,17.199,6.0,4,20.059352366059137,,2399.456260156462,0.0,0.0,278.66666666666663,47.12240653235268,optimal
2021-02-10 10:30:00,32,120,0.0,0.3096296296296296,0.0,2.529533333333333,18.2805,6.0,4,20.07329121310532,,0.0,0.0,0.0,278.66666666666663,46.90355638697303,optimal
2021-02-10 11:00:00,32,120,0.0,0.0,0.0,0.1083,17.4615,6.0,4,20.06010846586592,,0.0,0.0,0.0,0.0,46.68492509173876,optimal
2021-02-10 11:30:00,32,120,0.0,0.0,0.0,0.1555,18.3225,6.0,4,20.029637396084027,,0.0,0.0,0.0,0.0,46.46651242779973,optimal
2021-02-10 12:00:00,32,120,0.6357351767766112,0.0,0.0,0.0703333333333333,17.094,6.0,4,20.0,,2225.073118718139,0.0,0.0,0.0,46.24831817652464,optimal
2021-02-10 12:30:00,32,120,1.1428571428571428,0.2322222222222222,0.0,1.5314,17.094,6.0,4,20.0,,4000.0,0.0,0.0,209.0,46.030342119500816,optimal
2021-02-10 13:00:00,32,120,1.1428571428571428,0.0,0.0,1.734,17.094,6.0,4,20.027610877466067,,4000.0,0.0,0.0,0.0,45.81258403853402,optimal
2021-02-10 13:30:00,32,120,0.0,0.2322222222222222,0.0,0.5826,17.3565,6.0,4,20.054371402065154,,0.0,0.0,0.0,209.0,45.59504371564819,optimal
2021-02-10 14:00:00,32,120,1.1428571428571428,0.0,0.0,2.0484,17.115,6.0,4,20.03106306178696,,4000.0,0.0,0.0,0.0,45.37772093308524,optimal
2021-02-10 14:30:00,32,120,0.8411742907453966,0.0,0.0,0.2252666666666666,17.241,6.0,4,20.057295563456588,,2944.1100176088885,0.0,0.0,0.0,45.16061547330487,optimal
2021-02-10 15:00:00,32,120,1.1428571428571428,0.0,0.0,0.3736,17.094,6.0,4,20.071641682858115,,4000.0,0.0,0.0,0.0,44.94372711898426,optimal
2021-02-10 15:30:00,32,120,1.1428571428571428,0.0,0.0,2.2136666666666667,16.5165,6.0,4,20.09918132707231,,4000.0,0.0,0.0,0.0,44.72705565301799,optimal
2021-02-10 16:00:00,32,120,0.0,0.0774074074074074,0.0,1.4681666666666668,17.8185,6.0,4,20.1304136430801,,0.0,0.0,0.0,69.66666666666666,44.51060085851767,optimal
2021-02-10 16:30:00,32,120,1.1428571428571428,0.4644444444444444,0.0,1.1333333333333333,17.094,6.0,4,20.110298259089976,,4000.0,0.0,0.0,418.0,44.29436251881186,optimal
2021-02-10 17:00:00,32,120,1.1428571428571428,0.387037037037037,0.0,0.4617,16.8945,6.0,4,20.13886732101425,,4000.0,0.0,0.0,348.3333333333333,44.07834041744575,optimal
2021-02-10 17:30:00,32,120,0.0,0.5418518518518518,0.0,2.124733333333333,18.123,6.0,4,20.16311119751307,,0.0,0.0,0.0,487.6666666666667,43.86253433818101,optimal
2021-02-10 18:00:00,32,120,0.0,0.0,0.0,1.9824,31.647,6.0,4,20.13650099772702,,0.0,0.0,0.0,0.0,43.64694406499554,optimal
2021-02-10 18:30:00,32,120,0.0,0.5418518518518518,0.0,0.4298333333333333,34.9965,6.0,4,20.108748309152187,,0.0,0.0,0.0,487.6666666666667,43.60329712093054,optimal
2021-02-10 19:00:00,32,120,0.0,0.0,0.0,2.2193666666666667,34.9965,6.0,4,20.079461460144625,,0.0,0.0,0.0,0.0,43.55969382380961,optimal
2021-02-10 19:30:00,32,120,0.0,0.0,0.0,1.4175,34.9965,6.0,4,20.054812265414952,,0.0,0.0,0.0,0.0,43.5161341299858,optimal
2021-02-10 20:00:00,32,120,0.0,0.1548148148148148,0.0,0.9822333333333332,34.9965,6.0,4,20.02756713016324,,0.0,0.0,0.0,139.33333333333331,43.47261799585581,optimal
2021-02-10 20:30:00,32,120,0.0,0.0,0.0,0.2547333333333333,34.9965,6.0,4,20.0,,0.0,0.0,0.0,0.0,43.42914537785996,optimal
2021-02-10 21:00:00,32,120,0.0,0.3096296296296296,0.0,0.791,27.741,6.0,4,19.970816263868382,,0.0,0.0,0.0,278.66666666666663,43.3857162324821,optimal
2021-02-10 21:30:00,32,120,0.0,2.0899999999999994,0.0,1.9533,19.026,6.0,4,19.942476427244163,,0.0,0.0,0.0,1881.0,43.34233051624962,optimal
2021-02-10 22:00:00,32,120,0.0,0.774074074074074,0.0,0.1594,18.7215,6.0,4,19.91768187243479,,0.0,0.0,0.0,696.6666666666666,43.29898818573337,optimal
2021-02-10 22:30:00,32,120,0.0,0.4644444444444444,0.0,2.1972,17.4195,6.0,4,19.880699140174386,,0.0,0.0,0.0,418.0,43.25568919754764,optimal
2021-02-10 23:00:00,32,120,0.0,0.0,0.0,0.126,16.758,6.0,4,19.84560264183212,,0.0,0.0,0.0,0.0,43.21243350835009,optimal
2021-02-10 23:30:00,32,120,0.0,0.0,0.0,0.0623333333333333,14.217,6.0,4,19.802051107444232,,0.0,0.0,0.0,0.0,43.16922107484174,optimal
2021-02-11 00:00:00,32,120,0.0,0.0,0.0,0.1849333333333333,34.9965,6.0,12,19.802051107444232,,0.0,0.0,0.0,0.0,43.126051853766896,optimal
2021-02-11 00:30:00,32,120,0.0,0.0,0.0,0.2101333333333333,30.4815,6.0,12,19.760679429695124,,0.0,0.0,0.0,0.0,43.08292580191313,optimal
2021-02-11 01:00:00,32,120,1.1428571428571428,0.0,0.0,0.3621666666666667,21.4305,6.0,12,19.720763220227504,,4000.0,0.0,0.0,0.0,43.039842876111216,optimal
2021-02-11 01:30:00,32,120,1.1428571428571428,0.0,0.0,1.1708,14.3325,6.0,12,19.730807694441157,,4000.0,0.0,0.0,0.0,42.9968030332351,optimal
2021-02-11 02:00:00,32,120,1.1428571428571428,0.0,0.0,0.059,13.692,6.0,12,19.73899998982374,,4000.0,0.0,0.0,0.0,42.95380623020187,optimal
2021-02-11 02:30:00,32,120,1.1428571428571428,0.0,0.0,0.059,14.007,6.0,12,19.744496334033368,,4000.0,0.0,0.0,0.0,42.91085242397167,optimal
2021-02-11 03:00:00,32,120,1.1428571428571428,0.0,0.0,0.059,12.873,6.0,12,19.74978352510896,,4000.0,0.0,0.0,0.0,42.867941571547696,optimal
2021-02-11 03:30:00,32,120,1.1428571428571428,0.0,0.0,0.059,12.684,6.0,12,19.75486197770974,,4000.0,0.0,0.0,0.0,42.82507362997615,optimal
2021-02-11 04:00:00,32,120,1.1428571428571428,0.0,0.0,0.059,12.306,6.0,12,19.760426002674347,,4000.0,0.0,0.0,0.0,42.78224855634617,optimal
2021-02-11 04:30:00,32,120,1.1428571428571428,0.0,3.835054369041272,0.059,10.6365,6.0,12,19.76647463732504,,4000.0,0.0,0.0,0.0,44.56111713308442,optimal
2021-02-11 05:00:00,32,120,1.1428571428571428,0.0,0.0,0.059,11.2455,6.0,12,19.772511280177305,,4000.0,0.0,0.0,0.0,44.51655601595133,optimal
2021-02-11 05:30:00,32,120,1.1428571428571428,0.0,0.0,0.059,11.2455,6.0,12,19.778535955005648,,4000.0,0.0,0.0,0.0,44.472039459935374,optimal
2021-02-11 06:00:00,32,120,1.1428571428571428,0.0,0.0,0.062,11.025,6.0,12,19.785044326252763,,4000.0,0.0,0.0,0.0,44.42756742047544,optimal
2021-02-11 06:30:00,32,120,1.1428571428571428,0.0,0.0,0.0686666666666666,12.0855,6.0,12,19.79203543496009,,4000.0,0.0,0.0,0.0,44.38313985305496,optimal
2021-02-11 07:00:00,32,120,1.1428571428571428,0.0,0.0,0.059,11.6865,6.0,12,19.799508324070285,,4000.0,0.0,0.0,0.0,44.338756713201896,optimal
2021-02-11 07:30:00,32,120,1.1428571428571428,16.8277138973787,0.0,0.059,11.2245,6.0,12,19.8074620384234,,4000.0,15144.942507640832,0.0,0.0,44.29441795648869,optimal
2021-02-11 08:00:00,32,120,1.1428571428571428,0.0,0.0,0.059,11.025,6.0,12,20.0,,4000.0,0.0,0.0,0.0,44.25012353853219,optimal
2021-02-11 08:30:00,32,120,1.1428571428571428,0.0,0.0,0.059,10.7835,6.0,12,20.007851425149287,,4000.0,0.0,0.0,0.0,44.20587341499366,optimal
2021-02-11 09:00:00,32,120,1.1428571428571428,0.3096296296296296,0.0,1.8562,11.025,6.0,12,20.01538989992546,,4000.0,0.0,0.0,278.66666666666663,44.161667541578666,optimal
2021-02-11 09:30:00,32,120,1.1428571428571428,0.0,5.0,3.294233333333333,10.584,6.0,12,20.028831140276807,,4000.0,0.0,0.0,0.0,46.49250587403708,optimal
2021-02-11 10:00:00,32,120,1.1428571428571428,0.0,0.0,2.2035666666666667,11.025,6.0,12,20.05977692189713,,4000.0,0.0,0.0,0.0,46.44601336816304,optimal
2021-02-11 10:30:00,32,120,1.1428571428571428,0.0,5.0,1.8453333333333333,10.4265,6.0,12,20.08718755309205,,4000.0,0.0,0.0,0.0,48.77456735479488,optimal
2021-02-11 11:00:00,32,120,1.1428571428571428,0.0,0.0,2.0496,12.789,6.0,12,20.111348277418955,,4000.0,0.0,0.0,0.0,48.72579278744007,optimal
2021-02-11 11:30:00,32,120,1.1428571428571428,0.3096296296296296,0.0,0.7423,12.684,6.0,12,20.13838517032723,,4000.0,0.0,0.0,278.66666666666663,48.67706699465263,optimal
2021-02-11 12:00:00,32,120,1.1428571428571428,0.4644444444444444,0.0,0.3118,16.254,6.0,12,20.16524487726681,,4000.0,0.0,0.0,418.0,48.62838992765797,optimal
2021-02-11 12:30:00,32,120,1.1428571428571428,0.1548148148148148,0.0,2.3220666666666667,17.64,6.0,12,20.194773127671624,,4000.0,0.0,0.0,139.33333333333331,48.57976153773031,optimal
2021-02-11 13:00:00,32,120,0.0,0.1548148148148148,0.0,1.5964,19.1625,6.0,12,20.22827545331272,,0.0,0.0,0.0,139.33333333333331,48.53118177619257,optimal
2021-02-11 13:30:00,32,120,0.0,0.0774074074074074,0.0,1.1333333333333333,26.46,6.0,12,20.213595474713102,,0.0,0.0,0.0,69.66666666666666,48.48265059441637,optimal
2021-02-11 14:00:00,32,120,0.0,0.0,0.0,1.8351666666666668,20.79,6.0,12,20.19903467717212,,0.0,0.0,0.0,0.0,48.434167943821954,optimal
2021-02-11 14:30:00,32,120,0.0,0.0,0.0,0.7735,29.106,6.0,12,20.184061960801035,,0.0,0.0,0.0,0.0,48.38573377587813,optimal
2021-02-11 15:00:00,32,120,0.0,0.0,0.0,0.2677333333333332,19.1835,6.0,12,20.16768475138964,,0.0,0.0,0.0,0.0,48.33734804210225,optimal
2021-02-11 15:30:00,32,120,0.0,5.966562962962962,0.0,0.3522,19.6665,6.0,12,20.14940870288276,,0.0,0.0,0.0,5369.906666666666,48.28901069406015,optimal
2021-02-11 16:00:00,32,120,0.0,1.9289925925925933,0.0,2.509,19.404,6.0,12,20.13059325031814,,0.0,0.0,0.0,1736.093333333334,48.24072168336608,optimal
2021-02-11 16:30:00,32,120,0.0,0.0,0.0,1.1204,19.047,6.0,12,20.11210454654013,,0.0,0.0,0.0,0.0,48.19248096168271,optimal
2021-02-11 17:00:00,32,120,0.0,0.3096296296296296,0.0,1.8458,18.858,6.0,12,20.09139616601204,,0.0,0.0,0.0,278.66666666666663,48.144288480721016,optimal
2021-02-11 17:30:00,32,120,0.0,0.6966666666666667,0.0,0.8962,19.2675,6.0,12,20.063410349178408,,0.0,0.0,0.0,627.0,48.096144192240295,optimal
2021-02-11 18:00:00,32,120,0.0,0.387037037037037,0.0,4.554,18.963,6.0,12,20.033516547434665,,0.0,0.0,0.0,348.3333333333333,48.048048048048045,optimal
2021-02-11 18:30:00,32,120,1.1428571428571428,0.5418518518518518,0.0,2.4002,18.438,6.0,12,20.005721802506844,,4000.0,0.0,0.0,487.6666666666667,48.0,optimal
2021-02-11 19:00:00,32,120,0.4249295936781207,0.0,0.0,0.2467666666666667,18.7425,6.0,12,20.023655112339988,,1487.2535778734225,0.0,0.0,0.0,46.96927065343314,optimal
2021-02-11 19:30:00,32,120,1.1428571428571428,0.0,0.0,1.7050666666666665,15.2145,6.0,12,20.0,,4000.0,0.0,0.0,0.0,45.93957203621285,optimal
2021-02-11 20:00:00,32,120,0.7803828511998091,0.0774074074074074,0.0,2.5139666666666667,17.7765,6.0,12,20.00696427571819,,2731.339979199332,0.0,0.0,69.66666666666666,45.89363246417664,optimal
2021-02-11 20:30:00,32,120,0.0,0.0,0.0,0.2382,16.758,6.0,12,20.0,,0.0,0.0,0.0,0.0,45.84773883171246,optimal
2021-02-11 21:00:00,32,120,0.0,0.2322222222222222,0.0,0.1978,16.422,6.0,12,19.957628565507605,,0.0,0.0,0.0,209.0,45.80189109288075,optimal
2021-02-11 21:30:00,32,120,0.0,0.1548148148148148,0.0,0.3248999999999999,16.758,6.0,12,19.91302105734135,,0.0,0.0,0.0,139.33333333333331,45.75608920178787,optimal
2021-02-11 22:00:00,32,120,0.0,0.1548148148148148,0.0,0.5185333333333333,29.358,6.0,12,19.87069455522969,,0.0,0.0,0.0,139.33333333333331,45.710333112586085,optimal
2021-02-11 22:30:00,32,120,0.0,0.3096296296296296,0.0,0.6578666666666667,34.9965,6.0,12,19.83427625588269,,0.0,0.0,0.0,278.66666666666663,45.6646227794735,optimal
2021-02-11 23:00:00,32,120,0.0,0.3096296296296296,0.0,0.3840666666666666,34.65,6.0,12,19.79910805575424,,0.0,0.0,0.0,278.66666666666663,45.61895815669402,optimal
2021-02-11 23:30:00,32,120,0.0,0.2322222222222222,0.0,2.5696666666666665,34.9965,6.0,12,19.758288615473187,,0.0,0.0,0.0,209.0,45.573339198537326,optimal
2021-02-12 00:00:00,32,120,1.1428571428571428,0.0,0.0,0.062,11.025,6.0,3,19.758288615473187,,4000.0,0.0,0.0,0.0,45.52776585933879,optimal
2021-02-12 00:30:00,32,120,1.1428571428571428,0.0,0.0,0.163,10.689,6.0,3,19.75704255207104,,4000.0,0.0,0.0,0.0,45.482238093479445,optimal
2021-02-12 01:00:00,32,120,1.1428571428571428,0.0,5.0,0.1091333333333333,8.1585,6.0,3,19.75702937573409,,4000.0,0.0,0.0,0.0,47.81175585538597,optimal
2021-02-12 01:30:00,32,120,1.1428571428571428,0.0,0.0,0.062,10.3635,6.0,3,19.7563600032981,,4000.0,0.0,0.0,0.0,47.76394409953058,optimal
2021-02-12 02:00:00,32,120,1.1428571428571428,0.0,0.0,0.1899333333333333,10.8045,6.0,3,19.75531601977696,,4000.0,0.0,0.0,0.0,47.716180155431054,optimal
2021-02-12 02:30:00,32,120,1.1428571428571428,0.0,0.0,0.0822,11.025,6.0,3,19.756030890082062,,4000.0,0.0,0.0,0.0,47.66846397527562,optimal
2021-02-12 03:00:00,32,120,1.1428571428571428,0.0,0.0,0.0956666666666666,10.3635,6.0,3,19.75602666752634,,4000.0,0.0,0.0,0.0,47.62079551130034,optimal
2021-02-12 03:30:00,32,120,1.1428571428571428,0.0,0.0,0.1764666666666666,10.8045,6.0,3,19.75678127775599,,4000.0,0.0,0.0,0.0,47.57317471578904,optimal
2021-02-12 04:00:00,32,120,1.1428571428571428,0.0,0.0,0.062,10.059,6.0,3,19.75990651925932,,4000.0,0.0,0.0,0.0,47.52560154107326,optimal
2021-02-12 04:30:00,32,120,1.1428571428571428,0.0,0.0,0.2101333333333333,10.584,6.0,3,19.763018886556196,,4000.0,0.0,0.0,0.0,47.47807593953218,optimal
2021-02-12 05:00:00,32,120,1.1428571428571428,0.0,1.401150165573986,0.0643333333333333,9.4185,6.0,3,19.769317488502598,,4000.0,0.0,0.0,0.0,48.096144192240295,optimal
2021-02-12 05:30:00,32,120,1.1428571428571428,0.0,0.0,0.0972666666666666,10.3635,6.0,3,19.775186785967254,,4000.0,0.0,0.0,0.0,48.048048048048045,optimal
2021-02-12 06:00:00,32,120,1.1428571428571428,6.657037037037036,0.0,0.4116333333333333,9.8385,6.0,3,19.7829586085808,,4000.0,0.0,0.0,5991.333333333332,48.0,optimal
2021-02-12 06:30:00,32,120,1.1428571428571428,0.0,0.0,0.07,11.067,6.0,3,19.798513256247382,,4000.0,0.0,0.0,0.0,47.774887100485394,optimal
2021-02-12 07:00:00,32,120,1.1428571428571428,0.6192592592592592,0.0,0.4113333333333333,10.8465,6.0,3,19.81061676011605,,4000.0,0.0,0.0,557.3333333333333,47.5499993138703,optimal
2021-02-12 07:30:00,32,120,1.1428571428571428,14.600764600253038,0.0,0.09,13.671,6.0,3,19.830515392159857,,4000.0,13140.688140227734,0.0,0.0,47.32533641504183,optimal
2021-02-12 08:00:00,32,120,1.1428571428571428,0.387037037037037,0.0,0.3011666666666667,12.348,6.0,3,20.0,,4000.0,0.0,0.0,348.3333333333333,47.10089817911218,optimal
2021-02-12 08:30:00,32,120,1.1428571428571428,0.1548148148148148,0.0,0.1966666666666666,14.3325,6.0,3,20.01357969913489,,4000.0,0.0,0.0,139.33333333333331,46.876684381418464,optimal
2021-02-12 09:00:00,32,120,0.11175587439153,0.0,0.0,0.105,15.393,6.0,3,20.02804353459697,,391.1455603703552,0.0,0.0,0.0,46.65269479752244,optimal
2021-02-12 09:30:00,32,120,1.1428571428571428,0.0,0.0,0.0945,13.587,6.0,3,20.0,,4000.0,0.0,0.0,0.0,46.42892920321032,optimal
2021-02-12 10:00:00,32,120,0.0,0.0,0.0,0.5656,16.1385,6.0,3,20.01988928890812,,0.0,0.0,0.0,0.0,46.2053873744925,optimal
2021-02-12 10:30:00,32,120,0.9248629495361012,0.0,0.0,0.0767333333333333,14.595,6.0,3,20.003397432491045,,3237.020323376354,0.0,0.0,0.0,45.982069087603406,optimal
2021-02-12 11:00:00,32,120,0.0,0.0,0.0,0.1069333333333333,14.637,6.0,3,20.01962451344363,,0.0,0.0,0.0,0.0,45.7589741190012,optimal
2021-02-12 11:30:00,32,120,0.4287811474463013,0.1548148148148148,0.0,0.1996333333333333,13.9125,6.0,3,20.0,,1500.7340160620547,0.0,0.0,139.33333333333331,45.5361022453676,optimal
2021-02-12 12:00:00,32,120,0.5144427309396102,0.0,0.0,0.1117666666666666,13.3665,6.0,3,20.0,,1800.5495582886356,0.0,0.0,0.0,45.313453243607626,optimal
2021-02-12 12:30:00,32,120,1.1428571428571428,0.2322222222222222,0.0,0.2911333333333333,13.0095,6.0,3,20.0,,4000.0,0.0,0.0,209.0,45.09102689084941,optimal
2021-02-12 13:00:00,32,120,0.0,0.1548148148148148,0.0,0.213,13.8915,6.0,3,20.02656710154172,,0.0,0.0,0.0,139.33333333333331,44.86882296444396,optimal
2021-02-12 13:30:00,32,120,0.4058089683659496,0.0,0.0,0.2008,13.188,6.0,3,20.004466250761595,,1420.3313892808235,0.0,0.0,0.0,44.64684124196491,optimal
2021-02-12 14:00:00,32,120,0.5142785996062164,0.2322222222222222,0.0,0.3787333333333333,12.5685,6.0,3,20.0,,1799.9750986217573,0.0,0.0,209.0,44.42508150120834,optimal
2021-02-12 14:30:00,32,120,0.4389283334147263,0.0,0.0,0.3027333333333333,12.285,6.0,3,20.0,,1536.249166951542,0.0,0.0,0.0,44.203543520192525,optimal
2021-02-12 15:00:00,32,120,1.1428571428571428,0.0,0.0,1.0514666666666668,11.487,6.0,3,20.0,,4000.0,0.0,0.0,0.0,43.98222707715773,optimal
2021-02-12 15:30:00,32,120,1.1428571428571428,0.0,0.0,1.1807333333333332,11.802,6.0,3,20.032337075927117,,4000.0,0.0,0.0,0.0,43.76113195056597,optimal
2021-02-12 16:00:00,32,120,1.1428571428571428,0.0,0.0,0.0723333333333333,11.2245,6.0,3,20.066046285796425,,4000.0,0.0,0.0,0.0,43.5402579191008,optimal
2021-02-12 16:30:00,32,120,1.1428571428571428,0.0,0.0,0.2531333333333333,11.025,6.0,3,20.09349038925904,,4000.0,0.0,0.0,0.0,43.31960476166709,optimal
2021-02-12 17:00:00,32,120,0.7446975303301475,0.0,0.0,0.2941999999999999,11.907,6.0,3,20.121168128009,,2606.441356155516,0.0,0.0,0.0,43.09917225739082,optimal
2021-02-12 17:30:00,32,120,0.0,0.0,0.0,0.3177333333333333,25.83,6.0,3,20.127345505771427,,0.0,0.0,0.0,0.0,42.87896018561882,optimal
2021-02-12 18:00:00,32,120,0.0,0.4644444444444444,0.0,0.3616999999999999,28.035,6.0,3,20.107076794170272,,0.0,0.0,0.0,418.0,42.6589683259186,optimal
2021-02-12 18:30:00,32,120,0.0,0.2322222222222222,0.0,0.3629666666666666,28.119,6.0,3,20.08284342257009,,0.0,0.0,0.0,209.0,42.61630935759269,optimal
2021-02-12 19:00:00,32,120,0.0,0.0,0.0,0.2635333333333333,30.156,6.0,3,20.05799776706459,,0.0,0.0,0.0,0.0,42.57369304823509,optimal
2021-02-12 19:30:00,32,120,0.0,0.0,0.0,1.2164666666666668,29.1585,6.0,3,20.0336541016382,,0.0,0.0,0.0,0.0,42.53111935518686,optimal
2021-02-12 20:00:00,32,120,0.0,0.0,0.0,0.4809,26.712,6.0,3,20.02146704590309,,0.0,0.0,0.0,0.0,42.48858823583167,optimal
2021-02-12 20:30:00,32,120,0.0,0.0,0.0,0.6567333333333334,15.435,6.0,3,20.0,,0.0,0.0,0.0,0.0,42.44609964759584,optimal
2021-02-12 21:00:00,32,120,0.0,1.935185185185185,0.0,0.3147666666666666,13.566,6.0,3,19.979785491371253,,0.0,0.0,0.0,1741.6666666666667,42.40365354794824,optimal
2021-02-12 21:30:00,32,120,0.0,0.0774074074074074,0.0,0.4104333333333332,12.789,6.0,3,19.957278411371824,,0.0,0.0,0.0,69.66666666666666,42.36124989440029,optimal
2021-02-12 22:00:00,32,120,0.0,0.0,0.0,0.4471666666666667,12.1275,6.0,3,19.932004719418863,,0.0,0.0,0.0,0.0,42.31888864450589,optimal
2021-02-12 22:30:00,32,120,0.0,0.1548148148148148,0.0,0.7567333333333334,13.671,6.0,3,19.90873685140018,,0.0,0.0,0.0,139.33333333333331,42.27656975586138,optimal
2021-02-12 23:00:00,32,120,0.0,0.5418518518518518,0.0,0.4196666666666667,10.668,6.0,3,19.89005344232359,,0.0,0.0,0.0,487.6666666666667,42.23429318610552,optimal
2021-02-12 23:30:00,32,120,0.0,0.0,0.0,0.2659333333333333,11.7285,6.0,3,19.867869727884223,,0.0,0.0,0.0,0.0,42.19205889291941,optimal
2021-02-13 00:00:00,32,120,1.1428571428571428,0.0,0.0,0.064,9.3975,6.0,0,19.867869727884223,,4000.0,0.0,0.0,0.0,42.14986683402649,optimal
2021-02-13 00:30:00,32,120,1.1428571428571428,0.0774074074074074,0.0,0.0633333333333333,10.059,6.0,0,19.879515692609704,,4000.0,0.0,0.0,69.66666666666666,42.10771696719247,optimal
2021-02-13 01:00:00,32,120,1.1428571428571428,0.0,0.0,0.0633333333333333,9.261,6.0,0,19.89174123347459,,4000.0,0.0,0.0,0.0,42.06560925022527,optimal
2021-02-13 01:30:00,32,120,1.1428571428571428,0.0,0.0,0.064,8.1585,6.0,0,19.90389953724159,,4000.0,0.0,0.0,0.0,42.02354364097505,optimal
2021-02-13 02:00:00,32,120,1.1428571428571428,0.0,0.0,0.064,9.4815,6.0,0,19.915771455034346,,4000.0,0.0,0.0,0.0,41.98152009733408,optimal
2021-02-13 02:30:00,32,120,1.1428571428571428,0.0,0.0,0.064,8.379,6.0,0,19.92771896414685,,4000.0,0.0,0.0,0.0,41.93953857723674,optimal
2021-02-13 03:00:00,32,120,1.1428571428571428,0.0,0.0,0.064,9.5235,6.0,0,19.93964278657151,,4000.0,0.0,0.0,0.0,41.8975990386595,optimal
2021-02-13 03:30:00,32,120,1.1428571428571428,0.0,3.9264268347325753,0.064,8.1375,6.0,0,19.951542969268665,,4000.0,0.0,0.0,0.0,43.7207541861188,optimal
2021-02-13 04:00:00,32,120,1.1428571428571428,0.0,0.0,0.064,10.0905,6.0,0,19.963320430962494,,4000.0,0.0,0.0,0.0,43.677033431932685,optimal
2021-02-13 04:30:00,32,120,1.1428571428571428,0.0,5.0,0.064,7.539,6.0,0,19.974975414955097,,4000.0,0.0,0.0,0.0,46.00835639850075,optimal
2021-02-13 05:00:00,32,120,1.1428571428571428,0.0,5.0,0.0663333333333333,7.938,6.0,0,19.986409035923156,,4000.0,0.0,0.0,0.0,48.33734804210225,optimal
2021-02-13 05:30:00,32,120,1.1428571428571428,0.0,0.0,0.0716666666666666,8.274,6.0,0,19.99762173273277,,4000.0,0.0,0.0,0.0,48.28901069406015,optimal
2021-02-13 06:00:00,32,120,1.1428571428571428,0.0,0.0,0.064,9.261,6.0,0,20.00861394337998,,4000.0,0.0,0.0,0.0,48.24072168336608,optimal
2021-02-13 06:30:00,32,120,1.1428571428571428,0.0,0.0,0.064,9.9225,6.0,0,20.019386104992464,,4000.0,0.0,0.0,0.0,48.19248096168271,optimal
2021-02-13 07:00:00,32,120,1.1428571428571428,0.2322222222222222,0.0,1.151,9.702,6.0,0,20.03003778197433,,4000.0,0.0,0.0,209.0,48.144288480721016,optimal
2021-02-13 07:30:00,32,120,1.1428571428571428,2.1674074074074072,0.0,0.2353333333333332,10.584,6.0,0,20.04598207193766,,4000.0,0.0,0.0,1950.6666666666667,48.096144192240295,optimal
2021-02-13 08:00:00,32,120,1.1428571428571428,0.3096296296296296,0.0,0.2519,10.143,6.0,0,20.06270296412453,,4000.0,0.0,0.0,278.66666666666663,48.048048048048045,optimal
2021-02-13 08:30:00,32,120,0.0731308318357611,0.387037037037037,0.0,1.2426333333333337,13.0095,6.0,0,20.08046584502881,,255.95791142516384,0.0,0.0,348.3333333333333,48.0,optimal
2021-02-13 09:00:00,32,120,1.1428571428571428,0.2322222222222222,0.0,0.2104333333333333,11.025,6.0,0,20.05128111251304,,4000.0,0.0,0.0,209.0,47.68748644360193,optimal
2021-02-13 09:30:00,32,120,1.1428571428571428,0.2322222222222222,0.0,0.2280666666666666,12.789,6.0,0,20.06913863981569,,4000.0,0.0,0.0,209.0,47.375285400760255,optimal
2021-02-13 10:00:00,32,120,1.1428571428571428,0.4644444444444444,0.0,0.235,12.1275,6.0,0,20.08708809131962,,4000.0,0.0,0.0,418.0,47.06339655896142,optimal
2021-02-13 10:30:00,32,120,1.1428571428571428,0.0,0.0,0.2557333333333333,12.1695,6.0,0,20.108538702474647,,4000.0,0.0,0.0,0.0,46.75181960600439,optimal
2021-02-13 11:00:00,32,120,1.1428571428571428,0.3096296296296296,0.0,0.3297,12.306,6.0,0,20.128722912112988,,4000.0,0.0,0.0,278.66666666666663,46.44055423000032,optimal
2021-02-13 11:30:00,32,120,0.0,0.387037037037037,0.0,0.355,13.23,6.0,0,20.15282932619785,,0.0,0.0,0.0,348.3333333333333,46.12960011937224,optimal
2021-02-13 12:00:00,32,120,0.0,0.3096296296296296,0.0,0.4988,13.671,6.0,0,20.127952738367654,,0.0,0.0,0.0,278.66666666666663,45.8189569628548,optimal
2021-02-13 12:30:00,32,120,0.0,0.0774074074074074,0.0,1.6483,13.9335,6.0,0,20.105204363357227,,0.0,0.0,0.0,69.66666666666666,45.50862444949387,optimal
2021-02-13 13:00:00,32,120,0.0,0.387037037037037,0.0,0.256,13.293,6.0,0,20.08221213220283,,0.0,0.0,0.0,348.3333333333333,45.198602268646304,optimal
2021-02-13 13:30:00,32,120,1.1428571428571428,0.4644444444444444,0.0,0.4503999999999999,12.1065,6.0,0,20.05630417470929,,4000.0,0.0,0.0,418.0,44.88889010997959,optimal
2021-02-13 14:00:00,32,120,1.1428571428571428,0.0,0.0,0.2855,11.571,6.0,0,20.08218689539159,,4000.0,0.0,0.0,0.0,44.57948766347153,optimal
2021-02-13 14:30:00,32,120,1.1428571428571428,0.0,0.0,0.7186,11.025,6.0,0,20.103945984022808,,4000.0,0.0,0.0,0.0,44.27039461940999,optimal
2021-02-13 15:00:00,32,120,1.1428571428571428,0.0,0.0,0.184,10.8465,6.0,0,20.13169707568288,,4000.0,0.0,0.0,0.0,43.96161066839251,optimal
2021-02-13 15:30:00,32,120,1.1428571428571428,0.0,0.0,0.0970666666666666,11.2455,6.0,0,20.155103451112144,,4000.0,0.0,0.0,0.0,43.65313550132605,optimal
2021-02-13 16:00:00,32,120,0.0,4.876666666666668,0.0,0.115,23.8665,6.0,0,20.17775838016628,,0.0,0.0,0.0,4389.000000000001,43.34496880942665,optimal
2021-02-13 16:30:00,32,120,0.0,0.3096296296296296,0.0,0.2850333333333333,27.4575,6.0,0,20.14983766874909,,0.0,0.0,0.0,278.66666666666663,43.03711028421915,optimal
2021-02-13 17:00:00,32,120,0.0,0.4644444444444444,0.0,0.4151333333333333,27.3735,6.0,0,20.12490622622519,,0.0,0.0,0.0,418.0,42.729559617536864,optimal
2021-02-13 17:30:00,32,120,0.0,0.387037037037037,0.0,0.6287333333333334,30.4605,6.0,0,20.0996797974149,,0.0,0.0,0.0,348.3333333333333,42.42231650152126,optimal
2021-02-13 18:00:00,32,120,0.0,0.3096296296296296,0.0,0.6859666666666667,30.0195,6.0,0,20.0785754426794,,0.0,0.0,0.0,278.66666666666663,42.11538062862167,optimal
2021-02-13 18:30:00,32,120,0.0,0.774074074074074,0.0,0.5413666666666667,26.9325,6.0,0,20.05539671678878,,0.0,0.0,0.0,696.6666666666666,41.80875169159497,optimal
2021-02-13 19:00:00,32,120,0.0,0.0774074074074074,0.0,0.4563666666666667,14.595,6.0,0,20.028751323463307,,0.0,0.0,0.0,69.66666666666666,41.5024293835053,optimal
2021-02-13 19:30:00,32,120,0.6928123636111707,0.0,0.0,0.4782,12.4845,6.0,0,20.0,,2424.843272639097,0.0,0.0,0.0,41.19641339772373,optimal
2021-02-13 20:00:00,32,120,0.7103763831340664,0.1548148148148148,0.0,0.4516666666666666,12.1275,6.0,0,20.0,,2486.317340969232,0.0,0.0,139.33333333333331,40.89070342792793,optimal
2021-02-13 20:30:00,32,120,0.0,0.0,0.0,0.4311,12.1275,6.0,0,20.0,,0.0,0.0,0.0,0.0,40.58529916810193,optimal
2021-02-13 21:00:00,32,120,0.0,0.1548148148148148,0.0,0.5305,12.789,6.0,0,19.968422342939284,,0.0,0.0,0.0,139.33333333333331,40.28020031253576,optimal
2021-02-13 21:30:00,32,120,0.0,0.0,0.0,0.2888,11.907,6.0,0,19.938363486662738,,0.0,0.0,0.0,0.0,39.97540655582515,optimal
2021-02-13 22:00:00,32,120,0.0,0.0,0.0,0.2381,11.025,6.0,0,19.905561021696396,,0.0,0.0,0.0,0.0,39.670917592871255,optimal
2021-02-13 22:30:00,32,120,0.0,0.0,0.0,0.1581333333333333,8.2005,6.0,0,19.87132714676736,,0.0,0.0,0.0,0.0,39.36673311888031,optimal
2021-02-13 23:00:00,32,120,0.0,0.0,0.0,0.152,9.5655,6.0,0,19.83590762461385,,0.0,0.0,0.0,0.0,39.06285282936336,optimal
2021-02-13 23:30:00,32,120,0.0,0.0,0.0,0.2873666666666666,7.056,6.0,0,19.800475935118477,,0.0,0.0,0.0,0.0,39.023789976534,optimal
2021-02-07 00:00:00,33,120,0.0,0.0,0.0,0.066,10.3635,6.0,-1,21.0,,0.0,0.0,0.0,0.0,47.952,optimal
2021-02-07 00:30:00,33,120,0.0,0.0,0.0,0.1196666666666666,8.274,6.0,-1,20.967238894504703,,0.0,0.0,0.0,0.0,47.904048,optimal
2021-02-07 01:00:00,33,120,0.0,0.0,0.0,0.181,7.7175,6.0,-1,20.93499826942764,,0.0,0.0,0.0,0.0,47.856143952,optimal
2021-02-07 01:30:00,33,120,0.0,0.0,0.0,0.066,6.615,6.0,-1,20.903370490848424,,0.0,0.0,0.0,0.0,47.80828780804799,optimal
2021-02-07 02:00:00,33,120,0.0,0.0,0.0,0.1273333333333333,6.174,6.0,-1,20.870305318713942,,0.0,0.0,0.0,0.0,47.76047952023995,optimal
2021-02-07 02:30:00,33,120,0.553447526235061,0.0,0.0,0.182,3.906,6.0,-1,20.83795375593676,,1937.0663418227132,0.0,0.0,0.0,47.712719040719705,optimal
2021-02-07 03:00:00,33,120,1.1428571428571428,0.0,0.0,0.092,2.3415,6.0,-1,20.83048167119796,,4000.0,0.0,0.0,0.0,47.66500632167899,optimal
2021-02-07 03:30:00,33,120,1.1428571428571428,0.0774074074074074,0.0,0.2606666666666667,2.205,6.0,-1,20.849875822914864,,4000.0,0.0,0.0,69.66666666666666,47.61734131535731,optimal
2021-02-07 04:00:00,33,120,1.1428571428571428,0.0,0.905844265174844,0.0681333333333333,0.882,6.0,-1,20.87114248299665,,4000.0,0.0,0.0,0.0,48.0,optimal
2021-02-07 04:30:00,33,120,1.1428571428571428,0.3096296296296296,0.0,0.072,1.5435,6.0,-1,20.886463371974155,,4000.0,0.0,0.0,278.66666666666663,47.82883860241692,optimal
2021-02-07 05:00:00,33,120,1.1428571428571428,2.39962962962963,0.0,0.1603333333333333,1.5435,6.0,-1,20.90243366107838,,4000.0,0.0,0.0,2159.6666666666665,47.65784836623141,optimal
2021-02-07 05:30:00,33,120,0.0,0.1548148148148148,0.0,0.7024666666666667,5.0715,6.0,-1,20.92197014011432,,0.0,0.0,0.0,139.33333333333331,47.4870291202821,optimal
2021-02-07 06:00:00,33,120,0.0,0.6192592592592592,0.0,1.01,5.376,6.0,-1,20.897711346440765,,0.0,0.0,0.0,557.3333333333333,47.316380693578736,optimal
2021-02-07 06:30:00,33,120,0.0,0.3096296296296296,0.0,0.1406666666666666,5.0715,6.0,-1,20.876288779637733,,0.0,0.0,0.0,278.66666666666663,47.14590291530208,optimal
2021-02-07 07:00:00,33,120,0.0,1.7803703703703702,0.0,0.1679,5.5125,6.0,-1,20.849334811229635,,0.0,0.0,0.0,1602.3333333333333,46.97559561480369,optimal
2021-02-07 07:30:00,33,120,0.0,0.0,0.0,0.076,9.261,6.0,-1,20.82405651771353,,0.0,0.0,0.0,0.0,46.8054586216058,optimal
2021-02-07 08:00:00,33,120,0.0,0.0,0.0,0.2446666666666666,11.7075,6.0,-1,20.786889102305928,,0.0,0.0,0.0,0.0,46.63549176540111,optimal
2021-02-07 08:30:00,33,120,0.0,0.0,0.0,0.076,12.348,6.0,-1,20.751552744431272,,0.0,0.0,0.0,0.0,46.46569487605263,optimal
2021-02-07 09:00:00,33,120,0.0,0.0,0.0,0.076,12.348,6.0,-1,20.71413255973961,,0.0,0.0,0.0,0.0,46.29606778359349,optimal
2021-02-07 09:30:00,33,120,0.0,0.0,0.0,0.076,12.1275,6.0,-1,20.67768916733439,,0.0,0.0,0.0,0.0,46.12661031822682,optimal
2021-02-07 10:00:00,33,120,0.0,0.0,0.0,0.1756666666666666,12.5265,6.0,-1,20.64141715438856,,0.0,0.0,0.0,0.0,45.95732231032551,optimal
2021-02-07 10:30:00,33,120,0.0,0.0,0.0,0.145,11.7495,6.0,-1,20.607758284909583,,0.0,0.0,0.0,0.0,45.7882035904321,optimal
2021-02-07 11:00:00,33,120,0.0,0.0,0.0,0.076,13.23,6.0,-1,20.573594298110024,,0.0,0.0,0.0,0.0,45.61925398925859,optimal
2021-02-07 11:30:00,33,120,0.0,0.0,0.0,0.2446666666666666,14.3325,6.0,-1,20.54010721722564,,0.0,0.0,0.0,0.0,45.45047333768625,optimal
2021-02-07 12:00:00,33,120,0.0,0.0,0.0,0.076,14.994,6.0,-1,20.508741281808856,,0.0,0.0,0.0,0.0,45.28186146676548,optimal
2021-02-07 12:30:00,33,120,0.0,0.0,0.0,0.1526666666666666,14.8155,6.0,-1,20.476513764481428,,0.0,0.0,0.0,0.0,45.11341820771563,optimal
2021-02-07 13:00:00,33,120,0.0,0.0,0.0,0.168,14.112,6.0,-1,20.445284119880565,,0.0,0.0,0.0,0.0,44.94514339192484,optimal
2021-02-07 13:30:00,33,120,0.0,0.0,0.0,0.076,14.007,6.0,-1,20.41326913942813,,0.0,0.0,0.0,0.0,44.77703685094983,optimal
2021-02-07 14:00:00,33,120,0.0,0.0,0.0,0.099,13.23,6.0,-1,20.380295983252903,,0.0,0.0,0.0,0.0,44.60909841651579,optimal
2021-02-07 14:30:00,33,120,0.0,0.0,0.0,0.2216666666666666,11.382,6.0,-1,20.348187601866453,,0.0,0.0,0.0,0.0,44.441327920516194,optimal
2021-02-07 15:00:00,33,120,0.0,0.0,0.0,0.076,11.7495,6.0,-1,20.317736372943692,,0.0,0.0,0.0,0.0,44.2737251950126,optimal
2021-02-07 15:30:00,33,120,0.0,0.0,0.0,0.076,24.3285,6.0,-1,20.286671814870186,,0.0,0.0,0.0,0.0,44.1062900722345,optimal
2021-02-07 16:00:00,33,120,0.0,0.0,0.0,0.237,28.917,6.0,-1,20.25537145980661,,0.0,0.0,0.0,0.0,43.93902238457918,optimal
2021-02-07 16:30:00,33,120,0.0,0.0,0.0,0.0836666666666666,31.3635,6.0,-1,20.223502841790918,,0.0,0.0,0.0,0.0,43.77192196461152,optimal
2021-02-07 17:00:00,33,120,0.0,0.387037037037037,0.0,0.1528,33.306,6.0,-1,20.189928574161605,,0.0,0.0,0.0,348.3333333333333,43.60498864506383,optimal
2021-02-07 17:30:00,33,120,0.0,0.4644444444444444,0.0,0.5787333333333333,31.3425,6.0,-1,20.155471308749167,,0.0,0.0,0.0,418.0,43.43822225883568,optimal
2021-02-07 18:00:00,33,120,0.0,0.4644444444444444,0.0,0.2945333333333333,28.2555,6.0,-1,20.12861763256659,,0.0,0.0,0.0,418.0,43.27162263899376,optimal
2021-02-07 18:30:00,33,120,0.0,0.387037037037037,0.0,0.6207333333333334,15.6975,6.0,-1,20.10125089316328,,0.0,0.0,0.0,348.3333333333333,43.10518961877168,optimal
2021-02-07 19:00:00,33,120,0.0,0.3096296296296296,0.0,0.4823333333333333,12.5475,6.0,-1,20.076623768436217,,0.0,0.0,0.0,278.66666666666663,42.93892303156983,optimal
2021-02-07 19:30:00,33,120,0.0,0.1548148148148148,0.0,0.4332666666666666,12.0855,6.0,-1,20.05102950619148,,0.0,0.0,0.0,139.33333333333331,42.772822710955175,optimal
2021-02-07 20:00:00,33,120,0.0,0.0,0.0,0.4169666666666666,11.907,6.0,-1,20.02434458183555,,0.0,0.0,0.0,0.0,42.606888490661134,optimal
2021-02-07 20:30:00,33,120,0.0,0.0,0.0,0.6227,12.5685,6.0,-1,20.0,,0.0,0.0,0.0,0.0,42.44112020458739,optimal
2021-02-07 21:00:00,33,120,0.0,0.0,0.0,0.5197999999999999,13.146,6.0,-1,19.97712973897273,,0.0,0.0,0.0,0.0,42.27551768679972,optimal
2021-02-07 21:30:00,33,120,0.0,0.0,0.0,0.7077,10.584,6.0,-1,19.953894184539177,,0.0,0.0,0.0,0.0,42.11008077152984,optimal
2021-02-07 22:00:00,33,120,0.0,0.1548148148148148,0.0,0.8123333333333334,6.678,6.0,-1,19.9332049189617,,0.0,0.0,0.0,139.33333333333331,42.06797069075832,optimal
2021-02-07 22:30:00,33,120,0.0,0.0774074074074074,0.0,0.7292333333333334,7.938,6.0,-1,19.912410076956927,,0.0,0.0,0.0,69.66666666666666,42.02590272006756,optimal
2021-02-07 23:00:00,33,120,0.0,0.0,0.0,0.1296666666666666,5.292,6.0,-1,19.89149281255624,,0.0,0.0,0.0,0.0,41.983876817347486,optimal
2021-02-07 23:30:00,33,120,0.0,0.0,0.0,0.076,9.261,6.0,-1,19.859402358848136,,0.0,0.0,0.0,0.0,41.94189294053014,optimal
2021-02-08 00:00:00,33,120,1.1387003625627925,0.387037037037037,0.0,0.1490666666666666,12.1275,6.0,8,19.859402358848136,,3985.4512689697726,0.0,0.0,348.3333333333333,41.89995104758961,optimal
2021-02-08 00:30:00,33,120,0.0,0.0,0.0,0.4396333333333333,12.348,6.0,8,19.87793292086007,,0.0,0.0,0.0,0.0,41.85805109654202,optimal
2021-02-08 01:00:00,33,120,1.1428571428571428,0.0,0.0,0.132,12.1275,6.0,8,19.850955524187665,,4000.0,0.0,0.0,0.0,41.81619304544548,optimal
2021-02-08 01:30:00,33,120,1.1428571428571428,0.0,0.0,0.0907999999999999,12.1275,6.0,8,19.86702350723501,,4000.0,0.0,0.0,0.0,41.77437685240003,optimal
2021-02-08 02:00:00,33,120,1.1428571428571428,0.0,0.0,0.1265333333333333,11.2665,6.0,8,19.88245859381179,,4000.0,0.0,0.0,0.0,41.73260247554763,optimal
2021-02-08 02:30:00,33,120,1.1428571428571428,0.0,0.0,0.0852333333333333,10.143,6.0,8,19.89819926694749,,4000.0,0.0,0.0,0.0,41.69086987307208,optimal
2021-02-08 03:00:00,33,120,1.1428571428571428,0.0,0.0,0.1866999999999999,11.2455,6.0,8,19.913504730576907,,4000.0,0.0,0.0,0.0,41.64917900319901,optimal
2021-02-08 03:30:00,33,120,1.1428571428571428,0.0,0.0,0.064,11.025,6.0,8,19.93011508006531,,4000.0,0.0,0.0,0.0,41.60752982419581,optimal
2021-02-08 04:00:00,33,120,1.1428571428571428,0.0,4.098689859151849,0.1533333333333333,5.9745,6.0,8,19.945098596834377,,4000.0,0.0,0.0,0.0,43.51279997746874,optimal
2021-02-08 04:30:00,33,120,1.1428571428571428,0.0,0.0,0.0943333333333333,7.938,6.0,8,19.961041569025,,4000.0,0.0,0.0,0.0,43.46928717749127,optimal
2021-02-08 05:00:00,33,120,1.1428571428571428,0.0,0.0,0.1776,8.6835,6.0,8,19.976035918734382,,4000.0,0.0,0.0,0.0,43.42581789031377,optimal
2021-02-08 05:30:00,33,120,1.1428571428571428,0.0,0.0,0.064,7.665,6.0,8,19.991816668029674,,4000.0,0.0,0.0,0.0,43.38239207242345,optimal
2021-02-08 06:00:00,33,120,1.1428571428571428,0.0,0.0,0.1186,6.7725,6.0,8,20.00608308866355,,4000.0,0.0,0.0,0.0,43.33900968035103,optimal
2021-02-08 06:30:00,33,120,1.1428571428571428,0.0,5.0,0.1533333333333333,5.5755,6.0,8,20.02088725301898,,4000.0,0.0,0.0,0.0,45.670670670670674,optimal
2021-02-08 07:00:00,33,120,1.1428571428571428,0.2322222222222222,5.0,0.3883666666666667,5.0925,6.0,8,20.03598607243306,,4000.0,0.0,0.0,209.0,48.0,optimal
2021-02-08 07:30:00,33,120,1.1428571428571428,2.1674074074074072,0.0,1.7205333333333332,4.1895,6.0,8,20.05460801463004,,4000.0,0.0,0.0,1950.6666666666667,47.5804096897005,optimal
2021-02-08 08:00:00,33,120,1.1428571428571428,2.012592592592592,0.0,1.385066666666667,7.056,6.0,8,20.07952656563939,,4000.0,0.0,0.0,1811.333333333333,47.161238969711306,optimal
2021-02-08 08:30:00,33,120,1.1428571428571428,0.1548148148148148,0.0,0.4288333333333333,5.271,6.0,8,20.105613581997797,,4000.0,0.0,0.0,139.33333333333331,46.742487420442096,optimal
2021-02-08 09:00:00,33,120,1.1428571428571428,0.3096296296296296,0.0,0.3962666666666666,7.938,6.0,8,20.12832841017398,,4000.0,0.0,0.0,278.66666666666663,46.32415462272216,optimal
2021-02-08 09:30:00,33,120,1.1428571428571428,0.3096296296296296,0.0,0.3771333333333333,7.938,6.0,8,20.1496697460045,,4000.0,0.0,0.0,278.66666666666663,45.906240157799935,optimal
2021-02-08 10:00:00,33,120,1.1428571428571428,0.1548148148148148,0.0,0.2934,11.907,6.0,8,20.17069399167071,,4000.0,0.0,0.0,139.33333333333331,45.48874360734264,optimal
2021-02-08 10:30:00,33,120,1.1428571428571428,0.0,0.0,0.3368,11.025,6.0,8,20.19298283324523,,4000.0,0.0,0.0,0.0,45.0716645534358,optimal
2021-02-08 11:00:00,33,120,1.1428571428571428,0.1548148148148148,0.0,0.2727,11.2875,6.0,8,20.21541008568426,,4000.0,0.0,0.0,139.33333333333331,44.65500257858288,optimal
2021-02-08 11:30:00,33,120,0.0,0.387037037037037,0.0,0.2070666666666666,12.936,6.0,8,20.23882642790167,,0.0,0.0,0.0,348.3333333333333,44.2387572657048,optimal
2021-02-08 12:00:00,33,120,0.0,1.315925925925926,0.0,0.318,13.0095,6.0,8,20.21254079883672,,0.0,0.0,0.0,1184.3333333333333,43.8229281981396,optimal
2021-02-08 12:30:00,33,120,0.0,0.0,0.0,0.4073333333333333,13.671,6.0,8,20.18820931909101,,0.0,0.0,0.0,0.0,43.407514959641965,optimal
2021-02-08 13:00:00,33,120,0.0,0.0,0.0,0.3604666666666666,13.188,6.0,8,20.16566264836092,,0.0,0.0,0.0,0.0,42.99251713438283,optimal
2021-02-08 13:30:00,33,120,0.0,0.0774074074074074,0.0,0.4205333333333333,13.8495,6.0,8,20.145067087437244,,0.0,0.0,0.0,69.66666666666666,42.57793430694896,optimal
2021-02-08 14:00:00,33,120,0.0,0.1548148148148148,0.0,0.5265333333333333,13.23,6.0,8,20.126416955002245,,0.0,0.0,0.0,139.33333333333331,42.16376606234251,optimal
2021-02-08 14:30:00,33,120,0.0,0.2322222222222222,0.0,1.4306333333333334,13.3665,6.0,8,20.109418921918948,,0.0,0.0,0.0,209.0,41.75001198598067,optimal
2021-02-08 15:00:00,33,120,0.0,0.5418518518518518,0.0,0.8654,13.0515,6.0,8,20.095383454033023,,0.0,0.0,0.0,487.6666666666667,41.33667166369519,optimal
2021-02-08 15:30:00,33,120,0.0,0.1548148148148148,0.0,0.5351666666666667,13.5345,6.0,8,20.077201328268224,,0.0,0.0,0.0,139.33333333333331,40.923744681732,optimal
2021-02-08 16:00:00,33,120,0.0,0.774074074074074,0.0,1.0748333333333333,14.154,6.0,8,20.058573077042677,,0.0,0.0,0.0,696.6666666666666,40.51123062675077,optimal
2021-02-08 16:30:00,33,120,0.0,0.2322222222222222,0.0,2.2395666666666667,14.112,6.0,8,20.03847875391669,,0.0,0.0,0.0,209.0,40.09912908582453,optimal
2021-02-08 17:00:00,33,120,0.0,0.6966666666666667,0.0,1.0420666666666667,14.2485,6.0,8,20.02320014024257,,0.0,0.0,0.0,627.0,39.68743964643921,optimal
2021-02-08 17:30:00,33,120,1.1347723569729904,0.3096296296296296,0.0,0.3055,12.789,6.0,8,20.0,,3971.703249405466,0.0,0.0,278.66666666666663,39.27616189649327,optimal
2021-02-08 18:00:00,33,120,0.0,0.0,0.0,0.2828,13.0095,6.0,8,20.0243558381398,,0.0,0.0,0.0,0.0,38.86529542429728,optimal
2021-02-08 18:30:00,33,120,1.1428571428571428,0.3096296296296296,0.0,0.5748,12.1275,6.0,8,20.0,,4000.0,0.0,0.0,278.66666666666663,38.45483981857349,optimal
2021-02-08 19:00:00,33,120,0.05207221180773,0.0,0.0,0.5166333333333333,12.348,6.0,8,20.024416506612127,,182.25274132705505,0.0,0.0,0.0,38.044794668455424,optimal
2021-02-08 19:30:00,33,120,1.1428571428571428,0.1548148148148148,0.0,0.4148666666666666,12.348,6.0,8,20.00221625617749,,4000.0,0.0,0.0,139.33333333333331,37.63515956348747,optimal
2021-02-08 20:00:00,33,120,0.0,0.0,0.0,0.5407000000000001,25.389,6.0,8,20.02391007311584,,0.0,0.0,0.0,0.0,37.22593409362449,optimal
2021-02-08 20:30:00,33,120,0.0,2.39962962962963,0.0,0.5102666666666666,29.1375,6.0,8,20.0,,0.0,0.0,0.0,2159.6666666666665,37.18870815953086,optimal
2021-02-08 21:00:00,33,120,0.0,0.0,0.0,0.3558666666666666,30.597,6.0,8,19.97685965289104,,0.0,0.0,0.0,0.0,37.15151945137133,optimal
2021-02-08 21:30:00,33,120,0.0,0.0,0.0,0.4615666666666667,33.684,6.0,8,19.94926168659141,,0.0,0.0,0.0,0.0,37.11436793191996,optimal
2021-02-08 22:00:00,33,120,0.0,0.0,0.0,1.2614666666666667,32.445,6.0,8,19.92444254219534,,0.0,0.0,0.0,0.0,37.07725356398804,optimal
2021-02-08 22:30:00,33,120,0.0,0.0,0.0,0.8836,28.917,6.0,8,19.910182770934178,,0.0,0.0,0.0,0.0,37.04017631042405,optimal
2021-02-08 23:00:00,33,120,0.0,0.2322222222222222,0.0,1.2149,15.876,6.0,8,19.888837630406936,,0.0,0.0,0.0,209.0,37.003136134113625,optimal
2021-02-08 23:30:00,33,120,0.0,0.0774074074074074,0.0,0.2521666666666666,12.348,6.0,8,19.86204568327324,,0.0,0.0,0.0,69.66666666666666,36.96613299797952,optimal
2021-02-09 00:00:00,33,120,1.1428571428571428,0.0,5.0,0.064,11.424,6.0,-8,19.86204568327324,,4000.0,0.0,0.0,0.0,39.30416686498153,optimal
2021-02-09 00:30:00,33,120,1.1428571428571428,0.0,5.0,0.166,10.689,6.0,-8,19.875474100530937,,4000.0,0.0,0.0,0.0,41.63986269811655,optimal
2021-02-09 01:00:00,33,120,1.1428571428571428,0.0,5.0,0.1062,11.361,6.0,-8,19.89021762225977,,4000.0,0.0,0.0,0.0,43.97322283541843,optimal
2021-02-09 01:30:00,33,120,1.1428571428571428,0.0,5.0,0.1765333333333333,11.571,6.0,-8,19.90430253804792,,4000.0,0.0,0.0,0.0,46.30424961258301,optimal
2021-02-09 02:00:00,33,120,1.1428571428571428,0.0,0.0,0.064,14.3745,6.0,-8,19.91901809812613,,4000.0,0.0,0.0,0.0,46.25794536297043,optimal
2021-02-09 02:30:00,33,120,1.1428571428571428,0.0,5.0,0.2850333333333333,13.23,6.0,-8,19.932135307703884,,4000.0,0.0,0.0,0.0,48.586687417607465,optimal
2021-02-09 03:00:00,33,120,1.1428571428571428,0.0,0.0,0.0997,13.9755,6.0,-8,19.94801834366398,,4000.0,0.0,0.0,0.0,48.53810073018986,optimal
2021-02-09 03:30:00,33,120,1.1428571428571428,0.0,0.0,0.0691,14.994,6.0,-8,19.96171122437139,,4000.0,0.0,0.0,0.0,48.48956262945967,optimal
2021-02-09 04:00:00,33,120,1.1428571428571428,0.0,0.0,0.2945333333333333,13.671,6.0,-8,19.975202434665352,,4000.0,0.0,0.0,0.0,48.44107306683021,optimal
2021-02-09 04:30:00,33,120,0.0,0.0,0.0,0.0851,15.981,6.0,-8,19.991611460315006,,0.0,0.0,0.0,0.0,48.39263199376337,optimal
2021-02-09 05:00:00,33,120,0.9892378985817764,0.0,0.0,0.064,15.6345,6.0,-8,19.95650893608532,,3462.3326450362174,0.0,0.0,0.0,48.34423936176961,optimal
2021-02-09 05:30:00,33,120,0.0,0.0,0.0,0.3003333333333333,16.5375,6.0,-8,19.963200025744765,,0.0,0.0,0.0,0.0,48.29589512240784,optimal
2021-02-09 06:00:00,33,120,1.1428571428571428,0.0,0.0,0.0844,14.7735,6.0,-8,19.93057761902506,,4000.0,0.0,0.0,0.0,48.24759922728544,optimal
2021-02-09 06:30:00,33,120,1.1428571428571428,0.0,0.0,0.1906,15.2145,6.0,-8,19.944118687214,,4000.0,0.0,0.0,0.0,48.19935162805815,optimal
2021-02-09 07:00:00,33,120,1.1428571428571428,2.631851851851852,0.0,1.3834333333333333,14.553,6.0,-8,19.958827546091957,,4000.0,0.0,0.0,2368.6666666666665,48.15115227643009,optimal
2021-02-09 07:30:00,33,120,1.1428571428571428,0.6966666666666667,0.0,1.1990999999999998,14.3325,6.0,-8,19.981061063606266,,4000.0,0.0,0.0,627.0,48.10300112415366,optimal
2021-02-09 08:00:00,33,120,1.1428571428571428,1.8577777777777775,0.0,1.2945666666666666,14.595,6.0,-8,20.0,,4000.0,0.0,0.0,1672.0,48.0548981230295,optimal
2021-02-09 08:30:00,33,120,0.2116716798600715,0.0,0.0,0.259,14.994,6.0,-8,20.020061941175705,,740.8508795102503,0.0,0.0,0.0,48.00684322490648,optimal
2021-02-09 09:00:00,33,120,0.5074519358974459,1.8577777777777775,0.0,0.6518333333333334,14.3325,6.0,-8,20.0,,1776.0817756410606,0.0,0.0,1672.0,47.95883638168157,optimal
2021-02-09 09:30:00,33,120,1.1428571428571428,1.1611111111111108,0.0,0.377,13.8915,6.0,-8,20.0,,4000.0,0.0,0.0,1044.9999999999998,47.91087754529989,optimal
2021-02-09 10:00:00,33,120,1.1428571428571428,0.2322222222222222,0.0,0.6301333333333333,13.8915,6.0,-8,20.02494424636471,,4000.0,0.0,0.0,209.0,47.86296666775459,optimal
2021-02-09 10:30:00,33,120,1.1428571428571428,6.811851851851851,0.3892553661329819,0.4546333333333333,13.4715,6.0,-8,20.055573229292285,,4000.0,0.0,0.0,6130.666666666666,48.0,optimal
2021-02-09 11:00:00,33,120,1.1428571428571428,0.0,0.0,0.3873,13.23,6.0,-8,20.08499129448086,,4000.0,0.0,0.0,0.0,47.741672118407045,optimal
2021-02-09 11:30:00,33,120,1.1428571428571428,0.1548148148148148,0.0,0.4819333333333332,13.8915,6.0,-8,20.11454730990228,,4000.0,0.0,0.0,139.33333333333331,47.48360256469569,optimal
2021-02-09 12:00:00,33,120,0.0,0.1548148148148148,0.0,0.4072,26.9325,6.0,-8,20.14658804093821,,0.0,0.0,0.0,139.33333333333331,47.22579108053804,optimal
2021-02-09 12:30:00,33,120,0.0,0.0,0.0,0.5656,30.303,6.0,-8,20.13079726709934,,0.0,0.0,0.0,0.0,46.96823740786455,optimal
2021-02-09 13:00:00,33,120,0.0,0.5418518518518518,0.0,0.4030666666666667,32.886,6.0,-8,20.117725179293863,,0.0,0.0,0.0,487.6666666666667,46.71094128886373,optimal
2021-02-09 13:30:00,33,120,0.0,0.0774074074074074,0.0,0.2919333333333333,34.9965,6.0,-8,20.10158182925058,,0.0,0.0,0.0,69.66666666666666,46.45390246598191,optimal
2021-02-09 14:00:00,33,120,0.0,0.1548148148148148,0.0,0.2942666666666667,33.327,6.0,-8,20.08276717736612,,0.0,0.0,0.0,139.33333333333331,46.197120681922975,optimal
2021-02-09 14:30:00,33,120,0.0,0.2322222222222222,0.0,1.6707333333333332,31.122,6.0,-8,20.063515974944057,,0.0,0.0,0.0,209.0,45.9405956796481,optimal
2021-02-09 15:00:00,33,120,0.0,0.0,0.0,0.3201666666666667,17.9025,6.0,-8,20.049592548802018,,0.0,0.0,0.0,0.0,45.6843272023755,optimal
2021-02-09 15:30:00,33,120,0.0,0.2322222222222222,0.0,0.4909333333333333,15.6555,6.0,-8,20.026089047195697,,0.0,0.0,0.0,209.0,45.42831499358017,optimal
2021-02-09 16:00:00,33,120,0.280964027166468,0.1548148148148148,0.0,0.5094666666666666,14.553,6.0,-8,20.007820115446485,,983.3740950826382,0.0,0.0,139.33333333333331,45.17255879699364,optimal
2021-02-09 16:30:00,33,120,0.4069345582379806,0.5062444444444444,0.0,1.384766666666667,14.3325,6.0,-8,20.0,,1424.270953832932,0.0,0.0,455.62,44.9170583566037,optimal
2021-02-09 17:00:00,33,120,0.2022675396264258,0.1130148148148148,0.0,4.035566666666667,13.335,6.0,-8,20.0,,707.9363886924905,0.0,0.0,101.71333333333337,44.66181341665414,optimal
2021-02-09 17:30:00,33,120,0.7513569518873571,0.2322222222222222,0.0,3.5133,12.1275,6.0,-8,20.0,,2629.74933160575,0.0,0.0,209.0,44.406823721644535,optimal
2021-02-09 18:00:00,33,120,0.0,0.3096296296296296,0.0,2.5365,12.2955,6.0,-8,20.01587609720209,,0.0,0.0,0.0,278.66666666666663,44.15208901632994,optimal
2021-02-09 18:30:00,33,120,0.5926642343366755,0.6192592592592592,0.0,0.267,11.6865,6.0,-8,20.0,,2074.324820178364,0.0,0.0,557.3333333333333,43.89760904572066,optimal
2021-02-09 19:00:00,33,120,0.5687184150514265,0.1548148148148148,0.0,0.5687666666666666,11.466,6.0,-8,20.0,,1990.5144526799927,0.0,0.0,139.33333333333331,43.64338355508198,optimal
2021-02-09 19:30:00,33,120,0.6118727007657504,0.0,0.0,0.5354333333333333,10.8045,6.0,-8,20.0,,2141.5544526801264,0.0,0.0,0.0,43.38941228993395,optimal
2021-02-09 20:00:00,33,120,0.6581031769562153,0.0,0.0,0.4774666666666666,10.584,6.0,-8,20.0,,2303.3611193467536,0.0,0.0,0.0,43.135694996051065,optimal
2021-02-09 20:30:00,33,120,0.0,0.0,0.0,0.1441333333333333,11.2455,6.0,-8,20.0,,0.0,0.0,0.0,0.0,42.88223141946206,optimal
2021-02-09 21:00:00,33,120,0.0,0.5418518518518518,0.0,0.4550666666666667,12.1275,6.0,-8,19.96757066094845,,0.0,0.0,0.0,487.6666666666667,42.62902130644965,optimal
2021-02-09 21:30:00,33,120,0.0,0.0,0.0,0.181,11.823,6.0,-8,19.94104086733745,,0.0,0.0,0.0,0.0,42.376064403550245,optimal
2021-02-09 22:00:00,33,120,0.0,0.3096296296296296,0.0,0.2798333333333333,11.7705,6.0,-8,19.91219443069074,,0.0,0.0,0.0,278.66666666666663,42.3336883391467,optimal
2021-02-09 22:30:00,33,120,0.0,0.3096296296296296,0.0,0.5210333333333333,11.13,6.0,-8,19.88453593110861,,0.0,0.0,0.0,278.66666666666663,42.29135465080755,optimal
2021-02-09 23:00:00,33,120,0.0,0.0,0.0,0.3303999999999999,11.6865,6.0,-8,19.86143165675812,,0.0,0.0,0.0,0.0,42.24906329615674,optimal
2021-02-09 23:30:00,33,120,0.0,0.0,0.0,0.3073999999999999,10.7205,6.0,-8,19.83554692953945,,0.0,0.0,0.0,0.0,42.20681423286059,optimal
2021-02-10 00:00:00,33,120,1.1428571428571428,0.0,0.0,0.066,18.102,6.0,-15,19.83554692953945,,4000.0,0.0,0.0,0.0,42.164607418627725,optimal
2021-02-10 00:30:00,33,120,1.1428571428571428,0.0,0.0,0.1196666666666666,17.199,6.0,-15,19.848669134933917,,4000.0,0.0,0.0,0.0,42.1224428112091,optimal
2021-02-10 01:00:00,33,120,1.1428571428571428,0.0,0.0,0.181,18.2805,6.0,-15,19.862220854198483,,4000.0,0.0,0.0,0.0,42.080320368397885,optimal
2021-02-10 01:30:00,33,120,1.1428571428571428,0.0,0.0,0.066,17.4615,6.0,-15,19.87629463375967,,4000.0,0.0,0.0,0.0,42.038240048029486,optimal
2021-02-10 02:00:00,33,120,1.1428571428571428,0.0,0.0,0.1273333333333333,18.3225,6.0,-15,19.888741285410653,,4000.0,0.0,0.0,0.0,41.99620180798146,optimal
2021-02-10 02:30:00,33,120,1.1428571428571428,0.0,3.016733395070063,0.182,17.094,6.0,-15,19.901712188224263,,4000.0,0.0,0.0,0.0,43.38715396883175,optimal
2021-02-10 03:00:00,33,120,1.1428571428571428,0.0,5.0,0.092,17.094,6.0,-15,19.916072963690947,,4000.0,0.0,0.0,0.0,45.71876681486292,optimal
2021-02-10 03:30:00,33,120,1.1428571428571428,0.0774074074074074,5.0,0.2606666666666667,17.094,6.0,-15,19.93232358099807,,4000.0,0.0,0.0,69.66666666666666,48.048048048048045,optimal
2021-02-10 04:00:00,33,120,1.1428571428571428,0.0,0.0,0.0681333333333333,17.3565,6.0,-15,19.95055206706771,,4000.0,0.0,0.0,0.0,48.0,optimal
2021-02-10 04:30:00,33,120,1.1428571428571428,0.3096296296296296,0.0,0.072,17.115,6.0,-15,19.962939933547105,,4000.0,0.0,0.0,278.66666666666663,47.7972311909379,optimal
2021-02-10 05:00:00,33,120,1.1428571428571428,2.39962962962963,0.0,0.1603333333333333,17.241,6.0,-15,19.975784758768555,,4000.0,0.0,0.0,2159.6666666666665,47.59466515068486,optimal
2021-02-10 05:30:00,33,120,1.1428571428571428,0.1548148148148148,0.0,0.7024666666666667,17.094,6.0,-15,19.992003714064204,,4000.0,0.0,0.0,139.33333333333331,47.39230167647208,optimal
2021-02-10 06:00:00,33,120,1.1428571428571428,0.6192592592592592,0.0,1.01,16.5165,6.0,-15,20.01296509048158,,4000.0,0.0,0.0,557.3333333333333,47.19014056573351,optimal
2021-02-10 06:30:00,33,120,1.1428571428571428,0.3096296296296296,0.0,0.1406666666666666,17.8185,6.0,-15,20.03647478565353,,4000.0,0.0,0.0,278.66666666666663,46.98818161610568,optimal
2021-02-10 07:00:00,33,120,1.1428571428571428,1.7803703703703702,0.0,0.1679,17.094,6.0,-15,20.054859638901892,,4000.0,0.0,0.0,1602.3333333333333,46.78642462542747,optimal
2021-02-10 07:30:00,33,120,1.1428571428571428,0.0,0.0,0.076,16.8945,6.0,-15,20.075325920693597,,4000.0,0.0,0.0,0.0,46.58486939173994,optimal
2021-02-10 08:00:00,33,120,1.1428571428571428,0.0,0.0,0.2446666666666666,18.123,6.0,-15,20.084010645383817,,4000.0,0.0,0.0,0.0,46.38351571328611,optimal
2021-02-10 08:30:00,33,120,0.0,0.0,0.0,0.076,31.647,6.0,-15,20.094698407050213,,0.0,0.0,0.0,0.0,46.18236338851072,optimal
2021-02-10 09:00:00,33,120,0.0,0.0,0.0,0.076,34.9965,6.0,-15,20.054977363986826,,0.0,0.0,0.0,0.0,45.981412216060114,optimal
2021-02-10 09:30:00,33,120,0.0,1.7598489354902276,0.0,0.076,34.9965,6.0,-15,20.017605792268306,,0.0,1583.864041941205,0.0,0.0,45.78066199478196,optimal
2021-02-10 10:00:00,33,120,0.0,2.938484612828907,0.0,0.1756666666666666,34.9965,6.0,-15,20.0,,0.0,2644.636151546016,0.0,0.0,45.58011252372508,optimal
2021-02-10 10:30:00,33,120,0.0,2.9454352396864647,0.0,0.145,34.9965,6.0,-15,20.0,,0.0,2650.8917157178184,0.0,0.0,45.379763602139256,optimal
2021-02-10 11:00:00,33,120,0.0,2.803407306316028,0.0,0.076,34.9965,6.0,-15,20.0,,0.0,2523.066575684425,0.0,0.0,45.179615029475016,optimal
2021-02-10 11:30:00,33,120,0.0,2.5979176007641738,0.0,0.2446666666666666,27.741,6.0,-15,20.0,,0.0,2338.1258406877564,0.0,0.0,44.97966660538344,optimal
2021-02-10 12:00:00,33,120,0.6479161291575835,0.0,0.0,0.076,19.026,6.0,-15,20.0,,2267.706452051542,0.0,0.0,0.0,44.77991812971596,optimal
2021-02-10 12:30:00,33,120,0.6260113672528221,0.0,0.0,0.1526666666666666,18.7215,6.0,-15,20.0,,2191.039785384877,0.0,0.0,0.0,44.58036940252415,optimal
2021-02-10 13:00:00,33,120,0.6322405094896394,0.0,0.0,0.168,17.4195,6.0,-15,20.0,,2212.841783213738,0.0,0.0,0.0,44.381020224059526,optimal
2021-02-10 13:30:00,33,120,0.64922675615829,0.0,0.0,0.076,16.758,6.0,-15,20.0,,2272.2936465540147,0.0,0.0,0.0,44.18187039477337,optimal
2021-02-10 14:00:00,33,120,0.6416923628836709,0.0,0.0,0.099,14.217,6.0,-15,20.0,,2245.9232700928483,0.0,0.0,0.0,43.9829197153165,optimal
2021-02-10 14:30:00,33,120,0.6066447438360527,0.0,0.0,0.2216666666666666,13.3665,6.0,-15,20.0,,2123.2566034261845,0.0,0.0,0.0,43.78416798653908,optimal
2021-02-10 15:00:00,33,120,0.6937356255311657,0.0,0.0,0.076,12.789,6.0,-15,20.0,,2428.07468935908,0.0,0.0,0.0,43.585615009490446,optimal
2021-02-10 15:30:00,33,120,0.703035093148312,0.0,0.0,0.076,11.907,6.0,-15,20.0,,2460.6228260190924,0.0,0.0,0.0,43.38726058541886,optimal
2021-02-10 16:00:00,33,120,0.7345423118795801,0.0,0.0,0.237,11.7075,6.0,-15,20.0,,2570.8980915785305,0.0,0.0,0.0,43.18910451577134,optimal
2021-02-10 16:30:00,33,120,1.1428571428571428,0.0,0.0,0.0836666666666666,10.8045,6.0,-15,20.0,,4000.0,0.0,0.0,0.0,42.991146602193474,optimal
2021-02-10 17:00:00,33,120,0.4791700294222077,0.387037037037037,0.0,0.1528,11.508,6.0,-15,20.015145338090864,,1677.095102977727,0.0,0.0,348.3333333333333,42.79338664652919,optimal
2021-02-10 17:30:00,33,120,0.8500222213212364,0.4644444444444444,0.0,0.5787333333333333,11.508,6.0,-15,20.0,,2975.0777746243275,0.0,0.0,418.0,42.59582445082056,optimal
2021-02-10 18:00:00,33,120,1.1428571428571428,0.4644444444444444,0.0,0.2945333333333333,11.508,6.0,-15,20.008133306297985,,4000.0,0.0,0.0,418.0,42.39845981730764,optimal
2021-02-10 18:30:00,33,120,0.0,0.387037037037037,0.0,0.6207333333333334,11.844,6.0,-15,20.027553988415814,,0.0,0.0,0.0,348.3333333333333,42.20129254842824,optimal
2021-02-10 19:00:00,33,120,0.6896978678979164,0.3096296296296296,0.0,0.4823333333333333,11.508,6.0,-15,20.0,,2413.9425376427075,0.0,0.0,278.66666666666663,42.00432244681771,optimal
2021-02-10 19:30:00,33,120,0.7280917262287986,0.1548148148148148,0.0,0.4332666666666666,11.508,6.0,-15,20.0,,2548.3210418007952,0.0,0.0,139.33333333333331,41.8075493153088,optimal
2021-02-10 20:00:00,33,120,0.6860684417025693,0.0,0.0,0.4169666666666666,10.4475,6.0,-15,20.0,,2401.2395459589925,0.0,0.0,0.0,41.61097295693139,optimal
2021-02-10 20:30:00,33,120,0.0,0.0,0.0,0.6227,10.8675,6.0,-15,20.0,,0.0,0.0,0.0,0.0,41.41459317491236,optimal
2021-02-10 21:00:00,33,120,0.0,0.0,0.0,0.5197999999999999,10.542,6.0,-15,19.97227245996241,,0.0,0.0,0.0,0.0,41.21840977267535,optimal
2021-02-10 21:30:00,33,120,0.0,0.0,0.0,0.7077,11.025,6.0,-15,19.944288384522576,,0.0,0.0,0.0,0.0,41.02242255384058,optimal
2021-02-10 22:00:00,33,120,0.0,0.1548148148148148,0.0,0.8123333333333334,11.025,6.0,-15,19.91598529603125,,0.0,0.0,0.0,139.33333333333331,40.98140013128674,optimal
2021-02-10 22:30:00,33,120,0.0,0.0774074074074074,0.0,0.7292333333333334,14.553,6.0,-15,19.8847170098462,,0.0,0.0,0.0,69.66666666666666,40.940418731155454,optimal
2021-02-10 23:00:00,33,120,0.0,0.0,0.0,0.1296666666666666,13.0935,6.0,-15,19.852851424811355,,0.0,0.0,0.0,0.0,40.8994783124243,optimal
2021-02-10 23:30:00,33,120,0.0,0.0,0.0,0.076,15.6345,6.0,-15,19.809338715487648,,0.0,0.0,0.0,0.0,40.858578834111874,optimal
2021-02-11 00:00:00,33,120,0.0,0.0,0.0,0.0926666666666666,34.9965,6.0,13,19.809338715487648,,0.0,0.0,0.0,0.0,40.81772025527776,optimal
2021-02-11 00:30:00,33,120,0.0,0.0,0.0,0.0849333333333333,34.9965,6.0,13,19.76597986215052,,0.0,0.0,0.0,0.0,40.77690253502249,optimal
2021-02-11 01:00:00,33,120,0.0,0.0,0.0,0.054,30.4815,6.0,13,19.72281101663089,,0.0,0.0,0.0,0.0,40.736125632487465,optimal
2021-02-11 01:30:00,33,120,1.1428571428571428,0.0,0.0,0.1158666666666666,21.4305,6.0,13,19.679549171863396,,4000.0,0.0,0.0,0.0,40.69538950685498,optimal
2021-02-11 02:00:00,33,120,1.1428571428571428,0.0,0.0,0.0617333333333333,14.3325,6.0,13,19.685856150308435,,4000.0,0.0,0.0,0.0,40.65469411734812,optimal
2021-02-11 02:30:00,33,120,1.1428571428571428,0.0,0.0,0.054,13.692,6.0,13,19.691491153925423,,4000.0,0.0,0.0,0.0,40.61403942323077,optimal
2021-02-11 03:00:00,33,120,1.1428571428571428,0.0,0.0,0.0810666666666666,14.007,6.0,13,19.696822519386405,,4000.0,0.0,0.0,0.0,40.57342538380754,optimal
2021-02-11 03:30:00,33,120,1.1428571428571428,0.0,0.0,0.0965333333333333,12.873,6.0,13,19.7022747942175,,4000.0,0.0,0.0,0.0,40.53285195842373,optimal
2021-02-11 04:00:00,33,120,1.1428571428571428,0.0,0.0,0.054,12.684,6.0,13,19.70840032052829,,4000.0,0.0,0.0,0.0,40.49231910646531,optimal
2021-02-11 04:30:00,33,120,1.1428571428571428,0.0,0.0,0.054,12.306,6.0,13,19.714491187648097,,4000.0,0.0,0.0,0.0,40.45182678735885,optimal
2021-02-11 05:00:00,33,120,1.1428571428571428,0.0,5.0,0.054,10.6365,6.0,13,19.720569979240956,,4000.0,0.0,0.0,0.0,42.786374960571486,optimal
2021-02-11 05:30:00,33,120,1.1428571428571428,0.0,1.3548744909912396,0.1235999999999999,11.2455,6.0,13,19.72663671924736,,4000.0,0.0,0.0,0.0,43.38715396883175,optimal
2021-02-11 06:00:00,33,120,1.1428571428571428,0.0,5.0,0.054,11.2455,6.0,13,19.734034963364447,,4000.0,0.0,0.0,0.0,45.71876681486292,optimal
2021-02-11 06:30:00,33,120,1.1428571428571428,0.0,5.0,0.054,11.025,6.0,13,19.74106628962408,,4000.0,0.0,0.0,0.0,48.048048048048045,optimal
2021-02-11 07:00:00,33,120,1.1428571428571428,0.2322222222222222,0.0,0.0558666666666666,12.0855,6.0,13,19.748579316552732,,4000.0,0.0,0.0,209.0,48.0,optimal
2021-02-11 07:30:00,33,120,1.1428571428571428,21.495341846061475,0.0,0.1177333333333333,11.6865,6.0,13,19.7582680591699,,4000.0,18927.80766145533,0.0,418.0,47.76593163715895,optimal
2021-02-11 08:00:00,33,120,1.1428571428571428,2.8640740740740736,0.0,2.384,11.2245,6.0,13,20.0,,4000.0,0.0,0.0,2577.666666666666,47.53209734268074,optimal
2021-02-11 08:30:00,33,120,1.1428571428571428,0.9288888888888888,0.0,0.0827333333333333,11.025,6.0,13,20.012894103090083,,4000.0,0.0,0.0,836.0,47.29849688249701,optimal
2021-02-11 09:00:00,33,120,1.1428571428571428,0.2322222222222222,0.0,2.628033333333333,10.7835,6.0,13,20.02454874009208,,4000.0,0.0,0.0,209.0,47.06513002277347,optimal
2021-02-11 09:30:00,33,120,1.1428571428571428,3.5607407407407403,0.0,0.4427333333333333,11.025,6.0,13,20.042293062041804,,4000.0,0.0,0.0,3204.6666666666665,46.831996529909645,optimal
2021-02-11 10:00:00,33,120,1.1428571428571428,0.0,0.0,2.082866666666667,10.584,6.0,13,20.057300999103,,4000.0,0.0,0.0,0.0,46.59909617053869,optimal
2021-02-11 10:30:00,33,120,1.1428571428571428,0.2322222222222222,0.0,0.6033,11.025,6.0,13,20.08160200110045,,4000.0,0.0,0.0,209.0,46.3664287115271,optimal
2021-02-11 11:00:00,33,120,1.1428571428571428,0.1548148148148148,0.0,2.179466666666667,10.4265,6.0,13,20.104933217452466,,4000.0,0.0,0.0,139.33333333333331,46.13399391997452,optimal
2021-02-11 11:30:00,33,120,1.1428571428571428,5.960370370370371,0.0,1.3736,12.789,6.0,13,20.130627015034552,,4000.0,0.0,0.0,5364.333333333334,45.9017915632135,optimal
2021-02-11 12:00:00,33,120,1.1428571428571428,0.387037037037037,0.0,1.1290333333333331,12.684,6.0,13,20.154541956031164,,4000.0,0.0,0.0,348.3333333333333,45.66982140880924,optimal
2021-02-11 12:30:00,33,120,1.1428571428571428,0.0,0.0,0.0673333333333333,16.254,6.0,13,20.180438509424956,,4000.0,0.0,0.0,0.0,45.438083224559385,optimal
2021-02-11 13:00:00,33,120,1.1428571428571428,0.3096296296296296,0.0,2.436933333333333,17.64,6.0,13,20.204290788730084,,4000.0,0.0,0.0,278.66666666666663,45.206576778493776,optimal
2021-02-11 13:30:00,33,120,0.0,0.3096296296296296,0.0,0.1885333333333333,19.1625,6.0,13,20.232324500712764,,0.0,0.0,0.0,278.66666666666663,44.97530183887423,optimal
2021-02-11 14:00:00,33,120,0.0,0.0,0.0,0.4053333333333333,26.46,6.0,13,20.20996365773208,,0.0,0.0,0.0,0.0,44.74425817419431,optimal
2021-02-11 14:30:00,33,120,0.0,0.0,0.0,0.2300666666666666,20.79,6.0,13,20.192013634463493,,0.0,0.0,0.0,0.0,44.51344555317907,optimal
2021-02-11 15:00:00,33,120,0.0,0.3096296296296296,0.0,0.9124666666666668,29.106,6.0,13,20.170851069945805,,0.0,0.0,0.0,278.66666666666663,44.28286374478484,optimal
2021-02-11 15:30:00,33,120,0.0,0.0,0.0,1.6565333333333334,19.1835,6.0,13,20.14607051970349,,0.0,0.0,0.0,0.0,44.05251251819901,optimal
2021-02-11 16:00:00,33,120,0.0,0.0774074074074074,0.0,0.0624333333333333,19.6665,6.0,13,20.121349756558832,,0.0,0.0,0.0,69.66666666666666,43.82239164283976,optimal
2021-02-11 16:30:00,33,120,0.0,0.0,0.0,0.0904666666666666,19.404,6.0,13,20.09050902119492,,0.0,0.0,0.0,0.0,43.59250088835587,optimal
2021-02-11 17:00:00,33,120,0.140438202292084,0.3096296296296296,0.0,0.1359,19.047,6.0,13,20.05827851307872,,491.5337080222941,0.0,0.0,278.66666666666663,43.36284002462647,optimal
2021-02-11 17:30:00,33,120,1.1428571428571428,0.1548148148148148,0.0,0.1181333333333333,18.858,6.0,13,20.02751727376608,,4000.0,0.0,0.0,139.33333333333331,43.13340882176079,optimal
2021-02-11 18:00:00,33,120,0.0,0.5418518518518518,0.0,0.1542666666666667,19.2675,6.0,13,20.03885259768587,,0.0,0.0,0.0,487.6666666666667,42.90420705009798,optimal
2021-02-11 18:30:00,33,120,0.8534842580975789,1.315925925925926,0.0,2.6162,18.963,6.0,13,20.0,,2987.194903341526,0.0,0.0,1184.3333333333333,42.67523448020683,optimal
2021-02-11 19:00:00,33,120,1.1428571428571428,0.387037037037037,0.0,0.1060333333333333,18.438,6.0,13,20.0,,4000.0,0.0,0.0,348.3333333333333,42.44649088288558,optimal
2021-02-11 19:30:00,33,120,0.7750831151422191,0.1548148148148148,0.0,0.2911333333333333,18.7425,6.0,13,20.00644822207521,,2712.790902997767,0.0,0.0,139.33333333333331,42.21797602916164,optimal
2021-02-11 20:00:00,33,120,0.9899360697404168,0.0,0.0,0.2018666666666666,15.2145,6.0,13,20.0,,3464.776244091459,0.0,0.0,0.0,41.98968969029143,optimal
2021-02-11 20:30:00,33,120,0.0,0.1548148148148148,0.0,0.814,17.7765,6.0,13,20.0,,0.0,0.0,0.0,139.33333333333331,41.76163163776009,optimal
2021-02-11 21:00:00,33,120,0.0,0.0,0.0,1.3779666666666668,16.758,6.0,13,19.961991955989927,,0.0,0.0,0.0,0.0,41.53380164328128,optimal
2021-02-11 21:30:00,33,120,0.0,0.0,0.0,0.1712666666666666,16.422,6.0,13,19.927643482079684,,0.0,0.0,0.0,0.0,41.30619947879695,optimal
2021-02-11 22:00:00,33,120,0.0,0.0,0.0,0.1283666666666666,16.758,6.0,13,19.88500901443184,,0.0,0.0,0.0,0.0,41.26489327931815,optimal
2021-02-11 22:30:00,33,120,0.0,0.0,0.0,0.2271333333333333,29.358,6.0,13,19.84225025766434,,0.0,0.0,0.0,0.0,41.22362838603883,optimal
2021-02-11 23:00:00,33,120,0.0,0.0,0.0,0.1026666666666666,34.9965,6.0,13,19.7987639816652,,0.0,0.0,0.0,0.0,41.18240475765279,optimal
2021-02-11 23:30:00,33,120,0.0,0.0,0.0,0.1104,34.65,6.0,13,19.749676661104683,,0.0,0.0,0.0,0.0,41.141222352895134,optimal
2021-02-12 00:00:00,33,120,1.1428571428571428,0.0,0.0,0.064,16.1385,6.0,-17,19.749676661104683,,4000.0,0.0,0.0,0.0,41.10008113054224,optimal
2021-02-12 00:30:00,33,120,1.1428571428571428,0.0,0.0,0.143,14.595,6.0,-17,19.74835508563488,,4000.0,0.0,0.0,0.0,41.05898104941169,optimal
2021-02-12 01:00:00,33,120,1.1428571428571428,0.0,0.0,0.1706,14.637,6.0,-17,19.74809599413249,,4000.0,0.0,0.0,0.0,41.01792206836228,optimal
2021-02-12 01:30:00,33,120,1.1428571428571428,0.0,0.0,0.054,13.9125,6.0,-17,19.74819801365489,,4000.0,0.0,0.0,0.0,40.97690414629392,optimal
2021-02-12 02:00:00,33,120,1.1428571428571428,0.0,0.0,0.1137333333333333,13.3665,6.0,-17,19.74707762598274,,4000.0,0.0,0.0,0.0,40.93592724214763,optimal
2021-02-12 02:30:00,33,120,1.1428571428571428,0.0,0.0,0.0614666666666666,13.0095,6.0,-17,19.74688540780463,,4000.0,0.0,0.0,0.0,40.89499131490548,optimal
2021-02-12 03:00:00,33,120,1.1428571428571428,0.0,0.0,0.1656,13.8915,6.0,-17,19.746651609096748,,4000.0,0.0,0.0,0.0,40.854096323590575,optimal
2021-02-12 03:30:00,33,120,1.1428571428571428,0.0,0.0,0.1348,13.188,6.0,-17,19.74828163077621,,4000.0,0.0,0.0,0.0,40.81324222726698,optimal
2021-02-12 04:00:00,33,120,1.1428571428571428,0.0,0.0,0.09,12.5685,6.0,-17,19.750920998666704,,4000.0,0.0,0.0,0.0,40.77242898503972,optimal
2021-02-12 04:30:00,33,120,1.1428571428571428,0.0,0.0,0.1805333333333333,12.285,6.0,-17,19.754397158870717,,4000.0,0.0,0.0,0.0,40.73165655605468,optimal
2021-02-12 05:00:00,33,120,1.1428571428571428,0.0,5.0,0.1062666666666666,11.487,6.0,-17,19.760357129511927,,4000.0,0.0,0.0,0.0,43.06592489949863,optimal
2021-02-12 05:30:00,33,120,1.1428571428571428,0.0,0.8683946846196172,0.1904,11.802,6.0,-17,19.766788336115795,,4000.0,0.0,0.0,0.0,43.43534644979344,optimal
2021-02-12 06:00:00,33,120,1.1428571428571428,0.0,5.0,0.054,11.2245,6.0,-17,19.775817783881088,,4000.0,0.0,0.0,0.0,45.76691110334364,optimal
2021-02-12 06:30:00,33,120,1.1428571428571428,0.0,5.0,0.1092666666666666,11.025,6.0,-17,19.784753708871165,,4000.0,0.0,0.0,0.0,48.096144192240295,optimal
2021-02-12 07:00:00,33,120,1.1428571428571428,0.0,0.0,0.2203333333333333,11.907,6.0,-17,19.794445992871008,,4000.0,0.0,0.0,0.0,48.048048048048045,optimal
2021-02-12 07:30:00,33,120,0.0,21.487781186755495,0.0,0.064,25.83,6.0,-17,19.80564600516292,,0.0,19339.00306807995,0.0,0.0,48.0,optimal
2021-02-12 08:00:00,33,120,0.0,3.6354777295150393,0.0,0.2768,28.035,6.0,-17,20.0,,0.0,3271.929956563536,0.0,0.0,47.65090761771098,optimal
2021-02-12 08:30:00,33,120,0.0,3.54460528876691,0.0,0.2377666666666666,28.119,6.0,-17,20.0,,0.0,3120.4780932235526,0.0,69.66666666666666,47.30216432780425,optimal
2021-02-12 09:00:00,33,120,0.0,3.4855893152793804,0.0,0.1498666666666666,30.156,6.0,-17,20.0,,0.0,3137.0303837514425,0.0,0.0,46.95376978118743,optimal
2021-02-12 09:30:00,33,120,0.0,3.4434824598070986,0.0,0.1013333333333333,29.1585,6.0,-17,20.0,,0.0,3099.134213826389,0.0,0.0,46.605723629117215,optimal
2021-02-12 10:00:00,33,120,0.0,3.128311812387003,0.0,0.0677333333333333,26.712,6.0,-17,20.0,,0.0,2536.8139644816365,0.0,278.66666666666663,46.25802552319907,optimal
2021-02-12 10:30:00,33,120,0.60310029271291,0.0,0.0,0.4286,15.435,6.0,-17,20.0,,2110.851024495185,0.0,0.0,0.0,45.91067511538685,optimal
2021-02-12 11:00:00,33,120,0.5717422048268322,0.2322222222222222,0.0,0.8070333333333333,13.566,6.0,-17,20.0,,2001.0977168939128,0.0,0.0,209.0,45.56367205798245,optimal
2021-02-12 11:30:00,33,120,0.6186637544874408,0.0,0.0,0.9964,12.789,6.0,-17,20.0,,2165.3231407060425,0.0,0.0,0.0,45.21701600363544,optimal
2021-02-12 12:00:00,33,120,1.1428571428571428,0.0,0.0,0.2724,12.1275,6.0,-17,20.000907127220792,,4000.0,0.0,0.0,0.0,44.87070660534279,optimal
2021-02-12 12:30:00,33,120,0.0,0.0,0.0,0.2893333333333333,13.671,6.0,-17,20.024206705099253,,0.0,0.0,0.0,0.0,44.52474351644842,optimal
2021-02-12 13:00:00,33,120,1.1428571428571428,0.0,0.0,0.6442,10.668,6.0,-17,20.0,,4000.0,0.0,0.0,0.0,44.17912639064296,optimal
2021-02-12 13:30:00,33,120,0.0,0.0,0.0,0.3569666666666666,11.7285,6.0,-17,20.029576367563024,,0.0,0.0,0.0,0.0,43.83385488196329,optimal
2021-02-12 14:00:00,33,120,0.2390846111722464,0.0,0.0,0.3213999999999999,11.025,6.0,-17,20.011097118721125,,836.7961391028624,0.0,0.0,0.0,43.48892864479231,optimal
2021-02-12 14:30:00,33,120,0.4155378572242825,0.0,0.0,0.4802,10.689,6.0,-17,20.0,,1454.382500284989,0.0,0.0,0.0,43.1443473338585,optimal
2021-02-12 15:00:00,33,120,1.1428571428571428,0.1548148148148148,0.0,0.2290333333333333,8.1585,6.0,-17,20.0,,4000.0,0.0,0.0,139.33333333333331,42.80011060423562,optimal
2021-02-12 15:30:00,33,120,1.11113116089496,0.3096296296296296,0.0,0.2652,10.3635,6.0,-17,20.03039894633492,,3888.95906313236,0.0,0.0,278.66666666666663,42.456218111342366,optimal
2021-02-12 16:00:00,33,120,0.0,0.2322222222222222,0.0,0.1895666666666666,10.8045,6.0,-17,20.06091769564434,,0.0,0.0,0.0,209.0,42.112669510942006,optimal
2021-02-12 16:30:00,33,120,0.0,0.0,0.0,0.538,11.025,6.0,-17,20.039085860855742,,0.0,0.0,0.0,0.0,41.76946445914204,optimal
2021-02-12 17:00:00,33,120,1.1428571428571428,0.2740222222222222,0.0,0.2804666666666666,10.3635,6.0,-17,20.017183905182392,,4000.0,0.0,0.0,246.62,41.42660261239388,optimal
2021-02-12 17:30:00,33,120,0.0,0.0356074074074074,0.0,0.5799333333333333,10.8045,6.0,-17,20.03700730759528,,0.0,0.0,0.0,32.046666666666674,41.08408362749246,optimal
2021-02-12 18:00:00,33,120,1.1428571428571428,0.0,0.0,0.2397333333333333,10.059,6.0,-17,20.011308946327933,,4000.0,0.0,0.0,0.0,40.741907161575945,optimal
2021-02-12 18:30:00,33,120,0.0,0.6966666666666667,0.0,0.376,10.584,6.0,-17,20.029117474593026,,0.0,0.0,0.0,627.0,40.40007287212535,optimal
2021-02-12 19:00:00,33,120,1.1428571428571428,0.387037037037037,0.0,0.4619,9.4185,6.0,-17,20.0,,4000.0,0.0,0.0,348.3333333333333,40.359672799253225,optimal
2021-02-12 19:30:00,33,120,0.0574645707619456,0.2322222222222222,0.0,0.3826666666666667,10.3635,6.0,-17,20.023433112365616,,201.1259976668097,0.0,0.0,209.0,40.31931312645397,optimal
2021-02-12 20:00:00,33,120,0.5859668593245043,0.2322222222222222,0.0,0.4886999999999999,9.8385,6.0,-17,20.0,,2050.884007635765,0.0,0.0,209.0,40.27899381332752,optimal
2021-02-12 20:30:00,33,120,0.0,0.0,0.0,0.3063999999999999,11.067,6.0,-17,20.0,,0.0,0.0,0.0,0.0,40.238714819514186,optimal
2021-02-12 21:00:00,33,120,0.0,0.0,0.0,0.3115666666666666,10.8465,6.0,-17,19.972870793354183,,0.0,0.0,0.0,0.0,40.19847610469467,optimal
2021-02-12 21:30:00,33,120,0.0,0.0,0.0,0.6665,13.671,6.0,-17,19.94383306739536,,0.0,0.0,0.0,0.0,40.15827762858998,optimal
2021-02-12 22:00:00,33,120,0.0,0.0,0.0,0.3842333333333333,12.348,6.0,-17,19.920745961136618,,0.0,0.0,0.0,0.0,40.118119350961386,optimal
2021-02-12 22:30:00,33,120,0.0,0.0,0.0,0.3686999999999999,14.3325,6.0,-17,19.89170324324916,,0.0,0.0,0.0,0.0,40.07800123161042,optimal
2021-02-12 23:00:00,33,120,0.0,0.0,0.0,0.1436,15.393,6.0,-17,19.85988327310607,,0.0,0.0,0.0,0.0,40.03792323037881,optimal
2021-02-12 23:30:00,33,120,0.0,0.0,0.0,0.064,13.587,6.0,-17,19.82366846258826,,0.0,0.0,0.0,0.0,39.99788530714843,optimal
2021-02-13 00:00:00,33,120,1.1428571428571428,0.0,0.0,0.2248,13.0095,6.0,-17,19.82366846258826,,4000.0,0.0,0.0,0.0,39.95788742184128,optimal
2021-02-13 00:30:00,33,120,1.1428571428571428,2.1674074074074072,5.0,0.2145333333333333,11.025,6.0,-17,19.837996898208623,,4000.0,0.0,0.0,1950.6666666666667,42.29292953441944,optimal
2021-02-13 01:00:00,33,120,1.1428571428571428,0.0,0.0,0.0912666666666666,12.789,6.0,-17,19.853066895981573,,4000.0,0.0,0.0,0.0,42.25063660488502,optimal
2021-02-13 01:30:00,33,120,1.1428571428571428,0.0,0.0,0.176,12.1275,6.0,-17,19.86423957372416,,4000.0,0.0,0.0,0.0,42.20838596828013,optimal
2021-02-13 02:00:00,33,120,1.1428571428571428,0.0,0.0,0.1288666666666666,12.1695,6.0,-17,19.876521479623506,,4000.0,0.0,0.0,0.0,42.16617758231185,optimal
2021-02-13 02:30:00,33,120,1.1428571428571428,0.0,0.0,0.1102666666666666,12.306,6.0,-17,19.8883039695712,,4000.0,0.0,0.0,0.0,42.12401140472954,optimal
2021-02-13 03:00:00,33,120,1.1428571428571428,0.0,0.0,0.2278,13.23,6.0,-17,19.89983650840784,,4000.0,0.0,0.0,0.0,42.08188739332481,optimal
2021-02-13 03:30:00,33,120,1.1428571428571428,0.0,0.0,0.062,13.671,6.0,-17,19.912778014668863,,4000.0,0.0,0.0,0.0,42.03980550593149,optimal
2021-02-13 04:00:00,33,120,1.1428571428571428,0.0,0.0,0.062,13.9335,6.0,-17,19.92357490292968,,4000.0,0.0,0.0,0.0,41.99776570042556,optimal
2021-02-13 04:30:00,33,120,1.1428571428571428,0.0,0.0,0.2328,13.293,6.0,-17,19.934251257537746,,4000.0,0.0,0.0,0.0,41.95576793472514,optimal
2021-02-13 05:00:00,33,120,1.1428571428571428,0.0,0.0,0.1013333333333333,12.1065,6.0,-17,19.94678893353913,,4000.0,0.0,0.0,0.0,41.913812166790414,optimal
2021-02-13 05:30:00,33,120,1.1428571428571428,0.0,0.0,0.0683333333333333,11.571,6.0,-17,19.957501924467007,,4000.0,0.0,0.0,0.0,41.871898354623625,optimal
2021-02-13 06:00:00,33,120,1.1428571428571428,0.0,5.0,0.2033333333333332,11.025,6.0,-17,19.967593402604223,,4000.0,0.0,0.0,0.0,44.205026456269,optimal
2021-02-13 06:30:00,33,120,1.1428571428571428,0.0774074074074074,5.0,0.3598,10.8465,6.0,-17,19.979009714274603,,4000.0,0.0,0.0,69.66666666666666,46.535821429812735,optimal
2021-02-13 07:00:00,33,120,1.1428571428571428,1.2586444444444445,3.1804513507727967,0.0698666666666666,11.2455,6.0,-17,19.99288042376132,,4000.0,0.0,0.0,1132.78,48.0,optimal
2021-02-13 07:30:00,33,120,0.0,4.179306661587907,0.0,1.0785,23.8665,6.0,-17,20.00411575500241,,0.0,2037.822662095784,0.0,1723.553333333333,47.7695574895446,optimal
2021-02-13 08:00:00,33,120,0.0,2.5342721277577644,0.0,1.999933333333333,27.4575,6.0,-17,20.0,,0.0,1793.1782483153213,0.0,487.6666666666667,47.53934542159966,optimal
2021-02-13 08:30:00,33,120,0.0,3.193638386093018,0.0,0.302,27.3735,6.0,-17,20.0,,0.0,2874.274547483717,0.0,0.0,47.30936356572267,optimal
2021-02-13 09:00:00,33,120,0.0,2.9250754473840552,0.0,0.3223333333333333,30.4605,6.0,-17,20.0,,0.0,2632.5679026456496,0.0,0.0,47.07961169170155,optimal
2021-02-13 09:30:00,33,120,0.0,3.2231289612822565,0.0,0.3360666666666667,30.0195,6.0,-17,20.0,,0.0,2622.1493984873646,0.0,278.66666666666663,46.850089569554456,optimal
2021-02-13 10:00:00,33,120,0.0,2.5329615386528626,0.0,0.302,26.9325,6.0,-17,20.0,,0.0,2279.6653847875764,0.0,0.0,46.62079696952951,optimal
2021-02-13 10:30:00,33,120,0.6748652430349958,0.0,0.0,0.2843333333333333,14.595,6.0,-17,20.0,,2362.028350622485,0.0,0.0,0.0,46.391733662104585,optimal
2021-02-13 11:00:00,33,120,0.6259291700318952,0.0,0.0,0.2603333333333333,12.4845,6.0,-17,20.0,,2190.752095111633,0.0,0.0,0.0,46.16289941798709,optimal
2021-02-13 11:30:00,33,120,0.5874138269371095,0.0,0.0,0.4343333333333333,12.1275,6.0,-17,20.0,,2055.948394279884,0.0,0.0,0.0,45.9342940081137,optimal
2021-02-13 12:00:00,33,120,1.1395507866998773,0.387037037037037,0.0,0.3615666666666666,12.1275,6.0,-17,20.0,,3988.4277534495695,0.0,0.0,348.3333333333333,45.7059172036502,optimal
2021-02-13 12:30:00,33,120,0.0,0.1548148148148148,0.0,0.3972,12.789,6.0,-17,20.02417660042904,,0.0,0.0,0.0,139.33333333333331,45.47776877599115,optimal
2021-02-13 13:00:00,33,120,0.5954671551154972,0.0774074074074074,0.0,0.2283666666666666,11.907,6.0,-17,20.0,,2084.1350429042404,0.0,0.0,69.66666666666666,45.24984849675977,optimal
2021-02-13 13:30:00,33,120,0.6104650403546055,0.5418518518518518,0.0,0.1596,11.025,6.0,-17,20.0,,2136.627641241119,0.0,0.0,487.6666666666667,45.02215613780761,optimal
2021-02-13 14:00:00,33,120,1.1428571428571428,0.2322222222222222,0.0,0.367,8.2005,6.0,-17,20.0,,4000.0,0.0,0.0,209.0,44.79469147121441,optimal
2021-02-13 14:30:00,33,120,0.1050674785804032,0.0,0.0,0.1776666666666666,9.5655,6.0,-17,20.02290514441633,,367.7361750314115,0.0,0.0,0.0,44.5674542692878,optimal
2021-02-13 15:00:00,33,120,1.1428571428571428,0.387037037037037,0.0,0.1416,7.056,6.0,-17,20.0,,4000.0,0.0,0.0,348.3333333333333,44.34044430456312,optimal
2021-02-13 15:30:00,33,120,0.7201843680546317,0.1548148148148148,0.0,0.1883333333333333,9.3975,6.0,-17,20.019235536693568,,2520.645288191211,0.0,0.0,139.33333333333331,44.11366134980315,optimal
2021-02-13 16:00:00,33,120,0.0,0.5418518518518518,0.0,1.3524333333333334,10.059,6.0,-17,20.020952548895043,,0.0,0.0,0.0,487.6666666666667,43.88710517799795,optimal
2021-02-13 16:30:00,33,120,0.6567554290073011,0.774074074074074,0.0,0.9826,9.261,6.0,-17,20.0,,2298.644001525554,0.0,0.0,696.6666666666666,43.66077556236456,optimal
2021-02-13 17:00:00,33,120,1.1428571428571428,1.393333333333333,0.0,0.3151333333333333,8.1585,6.0,-17,20.00643555760168,,4000.0,0.0,0.0,1254.0,43.4346722763468,optimal
2021-02-13 17:30:00,33,120,0.0,0.0,0.0,1.2493333333333332,9.4815,6.0,-17,20.02478959370593,,0.0,0.0,0.0,0.0,43.20879509361505,optimal
2021-02-13 18:00:00,33,120,1.1428571428571428,0.0774074074074074,0.0,0.7222000000000001,8.379,6.0,-17,20.007517654099587,,4000.0,0.0,0.0,69.66666666666666,42.983143788066045,optimal
2021-02-13 18:30:00,33,120,0.0,0.387037037037037,0.0,0.6770333333333333,9.5235,6.0,-17,20.03035769718769,,0.0,0.0,0.0,348.3333333333333,42.757718133822586,optimal
2021-02-13 19:00:00,33,120,1.1428571428571428,0.5418518518518518,0.0,1.4554333333333334,8.1375,6.0,-17,20.003215364159665,,4000.0,0.0,0.0,487.6666666666667,42.53251790523337,optimal
2021-02-13 19:30:00,33,120,0.0,0.0,0.0,0.3266,10.0905,6.0,-17,20.03298098112413,,0.0,0.0,0.0,0.0,42.30754287687274,optimal
2021-02-13 20:00:00,33,120,0.7634620974197587,0.0,0.0,0.3963333333333333,7.539,6.0,-17,20.0,,2672.1173409691555,0.0,0.0,0.0,42.08279282354047,optimal
2021-02-13 20:30:00,33,120,0.0,0.0,0.0,0.4288666666666667,7.938,6.0,-17,20.0,,0.0,0.0,0.0,0.0,41.858267520261535,optimal
2021-02-13 21:00:00,33,120,0.0,0.0,0.0,0.2084666666666666,8.274,6.0,-17,19.96798580897356,,0.0,0.0,0.0,0.0,41.63396674228588,optimal
2021-02-13 21:30:00,33,120,0.0,0.0,0.0,0.2278,9.261,6.0,-17,19.934830254347894,,0.0,0.0,0.0,0.0,41.409890265088194,optimal
2021-02-13 22:00:00,33,120,0.0,0.0,0.0,0.1170333333333333,9.9225,6.0,-17,19.902812839890974,,0.0,0.0,0.0,0.0,41.18603786436771,optimal
2021-02-13 22:30:00,33,120,0.0,0.3096296296296296,0.0,0.2372666666666666,9.702,6.0,-17,19.868923082546907,,0.0,0.0,0.0,278.66666666666663,40.962409316047946,optimal
2021-02-13 23:00:00,33,120,0.0,0.4644444444444444,0.0,0.4151333333333333,10.584,6.0,-17,19.836794310648937,,0.0,0.0,0.0,418.0,40.9214469067319,optimal
2021-02-13 23:30:00,33,120,0.0,0.0774074074074074,0.0,0.2552666666666667,10.143,6.0,-17,19.808489564422555,,0.0,0.0,0.0,69.66666666666666,40.88052545982517,optimal
2021-02-07 00:00:00,34,120,0.0,0.0,0.0,0.065,33.306,6.0,13,21.0,,0.0,0.0,0.0,0.0,47.952,optimal
2021-02-07 00:30:00,34,120,0.0,0.0,0.0,0.065,31.3425,6.0,13,20.96721696628689,,0.0,0.0,0.0,0.0,47.904048,optimal
2021-02-07 01:00:00,34,120,0.0,0.0,0.0,0.065,28.2555,6.0,13,20.93430067071277,,0.0,0.0,0.0,0.0,47.856143952,optimal
2021-02-07 01:30:00,34,120,0.0,0.0,0.0,0.065,15.6975,6.0,13,20.90125137747765,,0.0,0.0,0.0,0.0,47.80828780804799,optimal
2021-02-07 02:00:00,34,120,0.0,0.0,0.0,0.065,12.5475,6.0,13,20.868168478400825,,0.0,0.0,0.0,0.0,47.76047952023995,optimal
2021-02-07 02:30:00,34,120,0.0,0.0,0.0,0.065,12.0855,6.0,13,20.835052040107986,,0.0,0.0,0.0,0.0,47.712719040719705,optimal
2021-02-07 03:00:00,34,120,0.0,0.0,0.0,0.065,11.907,6.0,13,20.801803000949675,,0.0,0.0,0.0,0.0,47.66500632167899,optimal
2021-02-07 03:30:00,34,120,0.0,0.0,0.0,0.0736666666666666,12.5685,6.0,13,20.76842162381544,,0.0,0.0,0.0,0.0,47.61734131535731,optimal
2021-02-07 04:00:00,34,120,0.0,0.0,0.0,0.0663333333333333,13.146,6.0,13,20.7350072992167,,0.0,0.0,0.0,0.0,47.56972397404195,optimal
2021-02-07 04:30:00,34,120,0.0,0.0,0.0,0.065,10.584,6.0,13,20.70156009247388,,0.0,0.0,0.0,0.0,47.52215425006791,optimal
2021-02-07 05:00:00,34,120,0.0,0.0,0.0,0.065,6.678,6.0,13,20.668179196920963,,0.0,0.0,0.0,0.0,47.47463209581784,optimal
2021-02-07 05:30:00,34,120,0.0,0.0,0.0,0.065,7.938,6.0,13,20.63486448109185,,0.0,0.0,0.0,0.0,47.42715746372202,optimal
2021-02-07 06:00:00,34,120,0.0,0.0,1.5082397599621051,0.0716666666666666,5.292,6.0,13,20.60161581378108,,0.0,0.0,0.0,0.0,48.096144192240295,optimal
2021-02-07 06:30:00,34,120,0.0,0.0,0.0,0.0683333333333333,9.261,6.0,13,20.568433064043305,,0.0,0.0,0.0,0.0,48.048048048048045,optimal
2021-02-07 07:00:00,34,120,0.0,1.7029629629629628,0.0,0.063,10.3635,6.0,13,20.53521697304973,,0.0,0.0,0.0,1532.6666666666663,48.0,optimal
2021-02-07 07:30:00,34,120,0.0,0.6192592592592592,0.0,0.2996,8.274,6.0,13,20.503926933770902,,0.0,0.0,0.0,557.3333333333333,47.50141350168767,optimal
2021-02-07 08:00:00,34,120,0.0,0.2322222222222222,0.0,0.1286333333333333,7.7175,6.0,13,20.476669425444083,,0.0,0.0,0.0,209.0,47.00332558987366,optimal
2021-02-07 08:30:00,34,120,0.0,0.6192592592592592,0.0,0.4381,6.615,6.0,13,20.44582614350769,,0.0,0.0,0.0,557.3333333333333,46.50573576597146,optimal
2021-02-07 09:00:00,34,120,0.0,0.0,0.0,1.4885666666666666,6.174,6.0,13,20.4162752752698,,0.0,0.0,0.0,0.0,46.00864353189316,optimal
2021-02-07 09:30:00,34,120,0.0,0.774074074074074,0.0,0.294,3.906,6.0,13,20.39247675106472,,0.0,0.0,0.0,696.6666666666666,45.51204839004895,optimal
2021-02-07 10:00:00,34,120,0.0,0.0774074074074074,0.0,0.271,2.3415,6.0,13,20.368419758415246,,0.0,0.0,0.0,69.66666666666666,45.01594984334657,optimal
2021-02-07 10:30:00,34,120,0.0,0.0774074074074074,0.0,0.5225333333333333,2.205,6.0,13,20.343973840208022,,0.0,0.0,0.0,69.66666666666666,44.520347395190896,optimal
2021-02-07 11:00:00,34,120,1.1428571428571428,0.0,0.0,0.5497000000000001,0.882,6.0,13,20.32030512638835,,4000.0,0.0,0.0,0.0,44.02524054948338,optimal
2021-02-07 11:30:00,34,120,1.0647756765648924,0.0,0.0,0.4876,1.5435,6.0,13,20.3456596621914,,3726.714867977124,0.0,0.0,0.0,43.53062881062157,optimal
2021-02-07 12:00:00,34,120,1.1428571428571428,0.2322222222222222,0.0,0.2371333333333333,1.5435,6.0,13,20.36740256350924,,4000.0,0.0,0.0,209.0,43.036511683498624,optimal
2021-02-07 12:30:00,34,120,0.0,0.0,0.0,0.3275,5.0715,6.0,13,20.389845360814224,,0.0,0.0,0.0,0.0,42.5428886735028,optimal
2021-02-07 13:00:00,34,120,0.0,2.150377777777778,0.0,0.4982333333333333,5.376,6.0,13,20.363295414844742,,0.0,0.0,0.0,1935.34,42.049759286516974,optimal
2021-02-07 13:30:00,34,120,0.0,0.5588814814814816,0.0,0.2965,5.0715,6.0,13,20.337998301045754,,0.0,0.0,0.0,502.9933333333335,41.55712302891813,optimal
2021-02-07 14:00:00,34,120,0.0,0.0,0.0,0.201,5.5125,6.0,13,20.310796931517768,,0.0,0.0,0.0,0.0,41.064979407576885,optimal
2021-02-07 14:30:00,34,120,0.0,0.1548148148148148,0.0,0.2166,9.261,6.0,13,20.285112831554716,,0.0,0.0,0.0,139.33333333333331,40.57332792985698,optimal
2021-02-07 15:00:00,34,120,0.0,0.0,0.0,0.262,11.7075,6.0,13,20.260587072018733,,0.0,0.0,0.0,0.0,40.0821681036148,optimal
2021-02-07 15:30:00,34,120,0.0,0.0,0.0,0.362,12.348,6.0,13,20.240716063272124,,0.0,0.0,0.0,0.0,39.591499437198856,optimal
2021-02-07 16:00:00,34,120,0.0,0.387037037037037,0.0,0.254,12.348,6.0,13,20.221324097385654,,0.0,0.0,0.0,348.3333333333333,39.10132143944933,optimal
2021-02-07 16:30:00,34,120,0.0,0.4644444444444444,0.0,0.338,12.1275,6.0,13,20.197683526057556,,0.0,0.0,0.0,418.0,38.61163361969756,optimal
2021-02-07 17:00:00,34,120,0.0,0.0,0.0,0.3362,12.5265,6.0,13,20.174132100856173,,0.0,0.0,0.0,0.0,38.122435487765536,optimal
2021-02-07 17:30:00,34,120,0.0,0.1548148148148148,0.0,0.357,11.7495,6.0,13,20.146488875577127,,0.0,0.0,0.0,139.33333333333331,37.633726553965445,optimal
2021-02-07 18:00:00,34,120,0.0,0.0,0.0,1.8001666666666667,13.23,6.0,13,20.11912266962437,,0.0,0.0,0.0,0.0,37.14550632909916,optimal
2021-02-07 18:30:00,34,120,0.0,0.1548148148148148,0.0,0.7279666666666667,14.3325,6.0,13,20.097166091185983,,0.0,0.0,0.0,139.33333333333331,36.65777432445773,optimal
2021-02-07 19:00:00,34,120,0.0,0.0,0.0,0.4821666666666667,14.994,6.0,13,20.076140125147727,,0.0,0.0,0.0,0.0,36.17053005182095,optimal
2021-02-07 19:30:00,34,120,0.0,0.1548148148148148,0.0,0.4485666666666666,14.8155,6.0,13,20.051886148570865,,0.0,0.0,0.0,139.33333333333331,35.6837730234568,optimal
2021-02-07 20:00:00,34,120,0.0,0.6192592592592592,0.0,0.4765,14.112,6.0,13,20.02716470026173,,0.0,0.0,0.0,557.3333333333333,35.19750275212102,optimal
2021-02-07 20:30:00,34,120,0.0,0.0,0.0,0.7127666666666667,14.007,6.0,13,20.0,,0.0,0.0,0.0,0.0,34.71171875105657,optimal
2021-02-07 21:00:00,34,120,0.0,0.774074074074074,0.0,0.3643666666666666,13.23,6.0,13,19.979553619197297,,0.0,0.0,0.0,696.6666666666666,34.22642053399319,optimal
2021-02-07 21:30:00,34,120,0.0,0.0,0.0,0.2875333333333333,11.382,6.0,13,19.95527329323513,,0.0,0.0,0.0,0.0,34.1921941134592,optimal
2021-02-07 22:00:00,34,120,0.0,0.0,0.0,0.7426333333333334,11.7495,6.0,13,19.931966962630927,,0.0,0.0,0.0,0.0,34.15800191934574,optimal
2021-02-07 22:30:00,34,120,0.0,0.1548148148148148,0.0,1.6289333333333331,24.3285,6.0,13,19.90931311290693,,0.0,0.0,0.0,139.33333333333331,34.1238439174264,optimal
2021-02-07 23:00:00,34,120,0.0,0.0,0.0,0.594,28.917,6.0,13,19.88933068906434,,0.0,0.0,0.0,0.0,34.08972007350897,optimal
2021-02-07 23:30:00,34,120,0.0,0.0,0.0,0.0726666666666666,31.3635,6.0,13,19.86142225347348,,0.0,0.0,0.0,0.0,34.05563035343546,optimal
2021-02-08 00:00:00,34,120,1.1428571428571428,0.0,0.6595159793034692,0.057,13.188,6.0,-18,19.86142225347348,,4000.0,0.0,0.0,0.0,34.33484481325117,optimal
2021-02-08 00:30:00,34,120,1.1428571428571428,0.0,0.0,0.2033333333333332,13.8495,6.0,-18,19.87549838243753,,4000.0,0.0,0.0,0.0,34.30050996843792,optimal
2021-02-08 01:00:00,34,120,1.1428571428571428,0.0,0.0,0.1427333333333333,13.23,6.0,-18,19.89130492279719,,4000.0,0.0,0.0,0.0,34.26620945846948,optimal
2021-02-08 01:30:00,34,120,1.1428571428571428,0.0,0.0,0.1248,13.3665,6.0,-18,19.906293146324337,,4000.0,0.0,0.0,0.0,34.23194324901101,optimal
2021-02-08 02:00:00,34,120,1.1428571428571428,0.0,5.0,0.2807,13.0515,6.0,-18,19.92093405659118,,4000.0,0.0,0.0,0.0,36.57271130576199,optimal
2021-02-08 02:30:00,34,120,1.1428571428571428,0.0,0.0,0.0693666666666666,13.5345,6.0,-18,19.937346039499484,,4000.0,0.0,0.0,0.0,36.53613859445623,optimal
2021-02-08 03:00:00,34,120,1.1428571428571428,0.0,0.0,0.0757333333333333,14.154,6.0,-18,19.95125007756056,,4000.0,0.0,0.0,0.0,36.499602455861776,optimal
2021-02-08 03:30:00,34,120,1.1428571428571428,0.0,0.0,0.2068666666666666,14.112,6.0,-18,19.965303239053775,,4000.0,0.0,0.0,0.0,36.46310285340591,optimal
2021-02-08 04:00:00,34,120,1.1428571428571428,0.0,0.0,0.1922666666666666,14.2485,6.0,-18,19.980826922403367,,4000.0,0.0,0.0,0.0,36.426639750552496,optimal
2021-02-08 04:30:00,34,120,1.1428571428571428,0.0,5.0,0.1521333333333333,12.789,6.0,-18,19.99604283872065,,4000.0,0.0,0.0,0.0,38.76521311080194,optimal
2021-02-08 05:00:00,34,120,1.1428571428571428,0.3514296296296295,5.0,1.8577666666666668,13.0095,6.0,-18,20.010541414199604,,4000.0,0.0,0.0,316.2866666666666,41.10144789769113,optimal
2021-02-08 05:30:00,34,120,1.1428571428571428,0.1904222222222222,5.0,0.9488666666666667,12.1275,6.0,-18,20.034027875905167,,4000.0,0.0,0.0,171.38000000000002,43.43534644979344,optimal
2021-02-08 06:00:00,34,120,1.1428571428571428,1.0837037037037036,5.0,0.2116666666666666,12.348,6.0,-18,20.052958312969377,,4000.0,0.0,0.0,975.3333333333334,45.76691110334364,optimal
2021-02-08 06:30:00,34,120,1.1428571428571428,1.006296296296296,5.0,1.3373,12.348,6.0,-18,20.070088957611357,,4000.0,0.0,0.0,905.6666666666664,48.096144192240295,optimal
2021-02-08 07:00:00,34,120,0.0,1.2385185185185184,0.0,0.1869333333333333,25.389,6.0,-18,20.0910654272604,,0.0,0.0,0.0,1114.6666666666663,48.048048048048045,optimal
2021-02-08 07:30:00,34,120,0.0,0.387037037037037,0.0,0.4125,29.1375,6.0,-18,20.0619371688002,,0.0,0.0,0.0,348.3333333333333,48.0,optimal
2021-02-08 08:00:00,34,120,0.0,0.2322222222222222,0.0,0.0973333333333333,30.597,6.0,-18,20.0352321540901,,0.0,0.0,0.0,209.0,47.80197717939306,optimal
2021-02-08 08:30:00,34,120,0.0,3.3420280900266546,0.0,0.1120666666666666,33.684,6.0,-18,20.00049620473596,,0.0,3007.825281023989,0.0,0.0,47.60415238160674,optimal
2021-02-08 09:00:00,34,120,0.0,3.1612487588482967,0.0,0.2734,32.445,6.0,-18,20.0,,0.0,2705.7905496301337,0.0,139.33333333333331,47.406525408618194,optimal
2021-02-08 09:30:00,34,120,0.0,3.487421607927943,0.0,0.0940999999999999,28.917,6.0,-18,20.0,,0.0,2720.679447135149,0.0,418.0,47.20909606260264,optimal
2021-02-08 10:00:00,34,120,0.6533006597922442,0.0,0.0,0.2089333333333333,15.876,6.0,-18,20.0,,2286.5523092728545,0.0,0.0,0.0,47.0118641459331,optimal
2021-02-08 10:30:00,34,120,0.6657895462194043,0.0,0.0,0.2193,12.348,6.0,-18,20.0,,2330.263411767915,0.0,0.0,0.0,46.81482946118023,optimal
2021-02-08 11:00:00,34,120,1.1428571428571428,0.0774074074074074,0.0,0.061,12.1275,6.0,-18,20.0,,4000.0,0.0,0.0,69.66666666666666,46.61799181111211,optimal
2021-02-08 11:30:00,34,120,0.1246561504935453,0.1548148148148148,0.0,0.6100666666666668,12.348,6.0,-18,20.02034504335585,,436.2965267274088,0.0,0.0,139.33333333333331,46.42135099869407,optimal
2021-02-08 12:00:00,34,120,0.5717767119318262,0.2322222222222222,0.0,0.8137333333333333,12.1275,6.0,-18,20.0,,2001.2184917613915,0.0,0.0,209.0,46.22490682708844,optimal
2021-02-08 12:30:00,34,120,0.6046829586004314,0.4644444444444444,0.0,1.0579,12.1275,6.0,-18,20.0,,2116.39035510151,0.0,0.0,418.0,46.02865909965442,optimal
2021-02-08 13:00:00,34,120,0.5790402252340575,0.0,0.0,0.2542333333333333,11.2665,6.0,-18,20.0,,2026.6407883192012,0.0,0.0,0.0,45.83260761994783,optimal
2021-02-08 13:30:00,34,120,1.1428571428571428,0.0,0.0,0.155,10.143,6.0,-18,20.0,,4000.0,0.0,0.0,0.0,45.636752191720944,optimal
2021-02-08 14:00:00,34,120,0.1280476726485439,0.0,0.0,0.2259666666666666,11.2455,6.0,-18,20.02109202112423,,448.1668542699039,0.0,0.0,0.0,45.44109261892229,optimal
2021-02-08 14:30:00,34,120,0.6559348686225179,0.0,0.0,0.1306999999999999,11.025,6.0,-18,20.0,,2295.772040178813,0.0,0.0,0.0,45.24562870569643,optimal
2021-02-08 15:00:00,34,120,1.1428571428571428,0.0,0.0,0.2474666666666666,5.9745,6.0,-18,20.0,,4000.0,0.0,0.0,0.0,45.05036025638381,optimal
2021-02-08 15:30:00,34,120,0.7466574796593577,0.0,0.0,0.1624333333333333,7.938,6.0,-18,20.021569178174364,,2613.301178807752,0.0,0.0,0.0,44.855287075520486,optimal
2021-02-08 16:00:00,34,120,0.0,0.0,0.0,0.2644666666666666,8.6835,6.0,-18,20.027690836882005,,0.0,0.0,0.0,0.0,44.66040896783803,optimal
2021-02-08 16:30:00,34,120,0.5724100308051618,2.786666666666666,0.0,0.3389666666666666,7.665,6.0,-18,20.0,,2003.4351078180664,0.0,0.0,2508.0,44.46572573826326,optimal
2021-02-08 17:00:00,34,120,0.5363870769527174,0.4644444444444444,0.0,0.4141666666666667,6.7725,6.0,-18,20.0,,1877.354769334511,0.0,0.0,418.0,44.27123719191806,optimal
2021-02-08 17:30:00,34,120,0.6431989255222306,0.0,0.0,0.1673666666666666,5.5755,6.0,-18,20.0,,2251.196239327807,0.0,0.0,0.0,44.076943134119205,optimal
2021-02-08 18:00:00,34,120,1.1428571428571428,0.0,0.0,0.2802666666666666,5.0925,6.0,-18,20.0,,4000.0,0.0,0.0,0.0,43.88284337037815,optimal
2021-02-08 18:30:00,34,120,1.1428571428571428,0.387037037037037,0.0,0.3611333333333333,4.1895,6.0,-18,20.022977401929435,,4000.0,0.0,0.0,348.3333333333333,43.68893770640084,optimal
2021-02-08 19:00:00,34,120,0.0,0.4288370370370369,0.0,0.3729333333333333,7.056,6.0,-18,20.047112098154813,,0.0,0.0,0.0,385.95333333333326,43.4952259480875,optimal
2021-02-08 19:30:00,34,120,0.8172911482910222,0.0356074074074074,0.0,0.3094666666666666,5.271,6.0,-18,20.018131891648675,,2860.5190190185776,0.0,0.0,32.046666666666674,43.30170790153248,optimal
2021-02-08 20:00:00,34,120,0.0,0.0,0.0,0.3596,7.938,6.0,-18,20.026040114951225,,0.0,0.0,0.0,0.0,43.10838337302401,optimal
2021-02-08 20:30:00,34,120,0.0,0.0,0.0,0.0936666666666666,7.938,6.0,-18,20.0,,0.0,0.0,0.0,0.0,42.91525216904405,optimal
2021-02-08 21:00:00,34,120,0.0,0.0,0.0,0.3182,11.907,6.0,-18,19.96161466857364,,0.0,0.0,0.0,0.0,42.72231409626807,optimal
2021-02-08 21:30:00,34,120,0.0,0.0,0.0,0.063,11.025,6.0,-18,19.925842524326782,,0.0,0.0,0.0,0.0,42.52956896156487,optimal
2021-02-08 22:00:00,34,120,0.0,0.0,0.0,0.2597333333333333,11.2875,6.0,-18,19.88732975104162,,0.0,0.0,0.0,0.0,42.33701657199637,optimal
2021-02-08 22:30:00,34,120,0.0,0.0,0.0,0.0884666666666666,12.936,6.0,-18,19.85158738917101,,0.0,0.0,0.0,0.0,42.14465673481744,optimal
2021-02-08 23:00:00,34,120,0.0,0.0,0.0,0.1884666666666666,13.0095,6.0,-18,19.813730331319448,,0.0,0.0,0.0,0.0,41.95248925747568,optimal
2021-02-08 23:30:00,34,120,0.0,0.0,0.0,0.2239333333333333,13.671,6.0,-18,19.777067433644707,,0.0,0.0,0.0,0.0,41.91053676821821,optimal
2021-02-09 00:00:00,34,120,1.1428571428571428,0.0,4.300155021799832,0.054,13.671,6.0,-16,19.777067433644707,,4000.0,0.0,0.0,0.0,43.91119986680491,optimal
2021-02-09 00:30:00,34,120,1.1428571428571428,0.0,0.0,0.054,15.981,6.0,-16,19.79056199394101,,4000.0,0.0,0.0,0.0,43.867288666938094,optimal
2021-02-09 01:00:00,34,120,1.1428571428571428,0.0,0.0,0.054,15.6345,6.0,-16,19.804128928566318,,4000.0,0.0,0.0,0.0,43.82342137827115,optimal
2021-02-09 01:30:00,34,120,1.1428571428571428,0.0,0.0,0.054,16.5375,6.0,-16,19.81776809403395,,4000.0,0.0,0.0,0.0,43.77959795689287,optimal
2021-02-09 02:00:00,34,120,1.1428571428571428,0.0,0.0,0.054,14.7735,6.0,-16,19.831181962712535,,4000.0,0.0,0.0,0.0,43.73581835893597,optimal
2021-02-09 02:30:00,34,120,1.1428571428571428,0.0,0.0,0.054,15.2145,6.0,-16,19.84437098126712,,4000.0,0.0,0.0,0.0,43.69208254057703,optimal
2021-02-09 03:00:00,34,120,1.1428571428571428,0.0,0.0,0.054,14.553,6.0,-16,19.8576329799064,,4000.0,0.0,0.0,0.0,43.64839045803646,optimal
2021-02-09 03:30:00,34,120,1.1428571428571428,0.0,0.0,0.054,14.3325,6.0,-16,19.870967813942787,,4000.0,0.0,0.0,0.0,43.60474206757842,optimal
2021-02-09 04:00:00,34,120,1.1428571428571428,0.0,0.0,0.054,14.595,6.0,-16,19.884474467118583,,4000.0,0.0,0.0,0.0,43.56113732551084,optimal
2021-02-09 04:30:00,34,120,1.1428571428571428,0.0,0.0,0.055,14.994,6.0,-16,19.898152598791548,,4000.0,0.0,0.0,0.0,43.51757618818533,optimal
2021-02-09 05:00:00,34,120,1.1428571428571428,0.0,0.0,0.064,14.3325,6.0,-16,19.911605356422506,,4000.0,0.0,0.0,0.0,43.47405861199714,optimal
2021-02-09 05:30:00,34,120,1.1428571428571428,4.721851851851852,0.0,0.0636666666666666,13.8915,6.0,-16,19.92483318682967,,4000.0,0.0,0.0,4249.666666666667,43.43058455338514,optimal
2021-02-09 06:00:00,34,120,1.1428571428571428,0.0774074074074074,0.0,0.3356,13.8915,6.0,-16,19.938477417368876,,4000.0,0.0,0.0,69.66666666666666,43.38715396883175,optimal
2021-02-09 06:30:00,34,120,1.1428571428571428,0.4644444444444444,5.0,2.2814,13.4715,6.0,-16,19.956606287570565,,4000.0,0.0,0.0,418.0,45.71876681486292,optimal
2021-02-09 07:00:00,34,120,1.1428571428571428,3.9477777777777776,5.0,0.7835,13.23,6.0,-16,19.9809185009282,,4000.0,0.0,0.0,3553.0,48.048048048048045,optimal
2021-02-09 07:30:00,34,120,1.1428571428571428,2.322222222222221,0.0,2.061,13.8915,6.0,-16,20.00226723397494,,4000.0,0.0,0.0,2089.9999999999995,48.0,optimal
2021-02-09 08:00:00,34,120,0.0,4.608155714817166,0.0,0.078,26.9325,6.0,-16,20.025585668670207,,0.0,455.0068100021158,0.0,3692.3333333333335,47.79724447881717,optimal
2021-02-09 08:30:00,34,120,0.0,2.823449009074068,0.0,1.3642,30.303,6.0,-16,20.0,,0.0,2541.104108166661,0.0,0.0,47.59469171315553,optimal
2021-02-09 09:00:00,34,120,0.0,6.584764935897383,0.0,2.4486,32.886,6.0,-16,20.0,,0.0,2094.6217756409783,0.0,3831.6666666666665,47.39234150025954,optimal
2021-02-09 09:30:00,34,120,0.0,2.369451374797565,0.0,1.9425,34.9965,6.0,-16,20.0,,0.0,1993.172903984476,0.0,139.33333333333331,47.19019363757645,optimal
2021-02-09 10:00:00,34,120,0.0,2.1053067708328603,0.0,1.9898,33.327,6.0,-16,20.0,,0.0,1894.7760937495743,0.0,0.0,46.988247922756045,optimal
2021-02-09 10:30:00,34,120,0.0,7.739604729175799,0.0,0.135,31.122,6.0,-16,20.0,,0.0,2158.644256258219,0.0,4807.0,46.78650415365046,optimal
2021-02-09 11:00:00,34,120,0.5199465586995214,0.2322222222222222,0.0,2.1516,17.9025,6.0,-16,20.0,,1819.8129554483253,0.0,0.0,209.0,46.58496212831398,optimal
2021-02-09 11:30:00,34,120,0.5519188346523691,0.0,0.0,0.8174,15.6555,6.0,-16,20.0,,1931.715921283292,0.0,0.0,0.0,46.38362164500284,optimal
2021-02-09 12:00:00,34,120,0.3469369090935459,0.3096296296296296,0.0,4.621733333333333,14.553,6.0,-16,20.0,,1214.2791818274106,0.0,0.0,278.66666666666663,46.182482502175006,optimal
2021-02-09 12:30:00,34,120,0.4274770140930454,0.0,0.0,2.0959,14.3325,6.0,-16,20.0,,1496.169549325659,0.0,0.0,0.0,45.98154449849,optimal
2021-02-09 13:00:00,34,120,0.4494146435224302,0.0774074074074074,0.0,2.0666,13.335,6.0,-16,20.0,,1572.9512523285057,0.0,0.0,69.66666666666666,45.780807432808686,optimal
2021-02-09 13:30:00,34,120,1.0275192042564434,0.0,0.0,0.063,12.1275,6.0,-16,20.0,,3596.317214897552,0.0,0.0,0.0,45.58027110419305,optimal
2021-02-09 14:00:00,34,120,0.0,0.2322222222222222,0.0,0.9576,12.2955,6.0,-16,20.02153142583957,,0.0,0.0,0.0,209.0,45.37993531190603,optimal
2021-02-09 14:30:00,34,120,0.4374786448425707,0.2322222222222222,0.0,1.3917666666666668,11.6865,6.0,-16,20.0,,1531.1752569489977,0.0,0.0,209.0,45.1797998554113,optimal
2021-02-09 15:00:00,34,120,0.4130470597984609,0.0,0.0,1.2984666666666669,11.466,6.0,-16,20.0,,1445.6647092946134,0.0,0.0,0.0,44.97986453437306,optimal
2021-02-09 15:30:00,34,120,1.1428571428571428,0.387037037037037,0.0,0.4139666666666666,10.8045,6.0,-16,20.0,,4000.0,0.0,0.0,348.3333333333333,44.78012914865585,optimal
2021-02-09 16:00:00,34,120,1.1428571428571428,0.3096296296296296,0.0,2.9796666666666667,10.584,6.0,-16,20.03032536841533,,4000.0,0.0,0.0,278.66666666666663,44.58059349832437,optimal
2021-02-09 16:30:00,34,120,1.0400862820992878,0.0,0.0,1.0439666666666667,11.2455,6.0,-16,20.066345161841475,,3640.301987347507,0.0,0.0,0.0,44.38125738364322,optimal
2021-02-09 17:00:00,34,120,0.0,0.774074074074074,0.0,0.813,12.1275,6.0,-16,20.095794928631506,,0.0,0.0,0.0,696.6666666666666,44.18212060507675,optimal
2021-02-09 17:30:00,34,120,0.0,2.631851851851852,0.0,1.6800666666666666,11.823,6.0,-16,20.07239590256201,,0.0,0.0,0.0,2368.6666666666665,43.98318296328884,optimal
2021-02-09 18:00:00,34,120,0.0,0.0,0.0,0.0902999999999999,11.7705,6.0,-16,20.05005431085105,,0.0,0.0,0.0,0.0,43.78444425914272,optimal
2021-02-09 18:30:00,34,120,1.1428571428571428,0.1548148148148148,0.0,2.186733333333333,11.13,6.0,-16,20.019436739556355,,4000.0,0.0,0.0,139.33333333333331,43.58590429370075,optimal
2021-02-09 19:00:00,34,120,0.0,0.387037037037037,0.0,0.3298666666666667,11.6865,6.0,-16,20.041047144783576,,0.0,0.0,0.0,348.3333333333333,43.38756286822422,optimal
2021-02-09 19:30:00,34,120,1.1428571428571428,0.0,0.0,0.186,10.7205,6.0,-16,20.014275619252235,,4000.0,0.0,0.0,0.0,43.18941978417317,optimal
2021-02-09 20:00:00,34,120,0.0,0.0774074074074074,0.0,0.2311666666666666,11.424,6.0,-16,20.03070256281285,,0.0,0.0,0.0,69.66666666666666,42.99147484320617,optimal
2021-02-09 20:30:00,34,120,0.0,0.5418518518518518,0.0,0.189,10.689,6.0,-16,20.0,,0.0,0.0,0.0,487.6666666666667,42.948483368362965,optimal
2021-02-09 21:00:00,34,120,0.0,0.387037037037037,0.0,0.3529333333333333,11.361,6.0,-16,19.971241200963497,,0.0,0.0,0.0,348.3333333333333,42.9055348849946,optimal
2021-02-09 21:30:00,34,120,0.0,0.1548148148148148,0.0,2.2146,11.571,6.0,-16,19.945682778515614,,0.0,0.0,0.0,139.33333333333331,42.86262935010961,optimal
2021-02-09 22:00:00,34,120,0.0,0.3096296296296296,0.0,3.1224000000000003,14.3745,6.0,-16,19.92241794115871,,0.0,0.0,0.0,278.66666666666663,42.819766720759496,optimal
2021-02-09 22:30:00,34,120,0.0,0.0,0.0,0.2185,13.23,6.0,-16,19.89905334664009,,0.0,0.0,0.0,0.0,42.776946954038735,optimal
2021-02-09 23:00:00,34,120,0.0,1.548148148148148,0.0,0.1310666666666666,13.9755,6.0,-16,19.870405018958245,,0.0,0.0,0.0,1393.3333333333333,42.73417000708469,optimal
2021-02-09 23:30:00,34,120,0.0,0.0,0.0,0.0798333333333333,14.994,6.0,-16,19.84158523635958,,0.0,0.0,0.0,0.0,42.691435837077606,optimal
2021-02-10 00:00:00,34,120,0.0,1.1611111111111108,0.0,0.112,17.4195,6.0,7,19.84158523635958,,0.0,0.0,0.0,1044.9999999999998,42.64874440124053,optimal
2021-02-10 00:30:00,34,120,0.7120635587611236,0.0,0.0,0.093,16.758,6.0,7,19.808727834723328,,2492.2224556639326,0.0,0.0,0.0,42.60609565683929,optimal
2021-02-10 01:00:00,34,120,1.1428571428571428,0.4644444444444444,0.0,0.1025666666666666,14.217,6.0,7,19.80640298660505,,4000.0,0.0,0.0,418.0,42.56348956118245,optimal
2021-02-10 01:30:00,34,120,1.1428571428571428,0.0774074074074074,0.0,0.3848333333333333,13.3665,6.0,7,19.82229620527452,,4000.0,0.0,0.0,69.66666666666666,42.52092607162127,optimal
2021-02-10 02:00:00,34,120,1.1428571428571428,0.0,0.0,0.066,12.789,6.0,7,19.842226727107963,,4000.0,0.0,0.0,0.0,42.47840514554965,optimal
2021-02-10 02:30:00,34,120,1.1428571428571428,0.0,0.0,0.066,11.907,6.0,7,19.85453900953633,,4000.0,0.0,0.0,0.0,42.43592674040409,optimal
2021-02-10 03:00:00,34,120,1.1428571428571428,0.0,0.0,0.066,11.7075,6.0,7,19.86682688209082,,4000.0,0.0,0.0,0.0,42.39349081366369,optimal
2021-02-10 03:30:00,34,120,1.1428571428571428,0.0,0.0,0.066,10.8045,6.0,7,19.87909039316554,,4000.0,0.0,0.0,0.0,42.35109732285002,optimal
2021-02-10 04:00:00,34,120,1.1428571428571428,0.0,0.0,0.066,11.508,6.0,7,19.891329591058653,,4000.0,0.0,0.0,0.0,42.30874622552717,optimal
2021-02-10 04:30:00,34,120,1.1428571428571428,0.0,0.0,0.066,11.508,6.0,7,19.903544523972567,,4000.0,0.0,0.0,0.0,42.26643747930164,optimal
2021-02-10 05:00:00,34,120,1.1428571428571428,0.0,0.0,0.066,11.508,6.0,7,19.915536983728,,4000.0,0.0,0.0,0.0,42.224171041822345,optimal
2021-02-10 05:30:00,34,120,1.1428571428571428,0.0,0.0,0.066,11.844,6.0,7,19.92730741139197,,4000.0,0.0,0.0,0.0,42.18194687078052,optimal
2021-02-10 06:00:00,34,120,1.1428571428571428,0.0,0.0,0.066,11.508,6.0,7,19.93885624715705,,4000.0,0.0,0.0,0.0,42.13976492390974,optimal
2021-02-10 06:30:00,34,120,1.1428571428571428,0.2322222222222222,0.0,0.8674666666666667,11.508,6.0,7,19.95018393034312,,4000.0,0.0,0.0,209.0,42.09762515898583,optimal
2021-02-10 07:00:00,34,120,1.1428571428571428,0.6192592592592592,5.0,0.101,10.4475,6.0,7,19.963628717926746,,4000.0,0.0,0.0,557.3333333333333,44.43052753382684,optimal
2021-02-10 07:30:00,34,120,1.1428571428571428,6.037777777777777,2.7043656092161275,0.3404,10.8675,6.0,7,19.97965226542048,,4000.0,0.0,0.0,5433.999999999999,45.670670670670674,optimal
2021-02-10 08:00:00,34,120,1.1428571428571428,1.6255555555555554,5.0,0.1289666666666666,10.542,6.0,7,20.0,,4000.0,0.0,0.0,1463.0,48.0,optimal
2021-02-10 08:30:00,34,120,1.1428571428571428,0.0,0.0,0.0898666666666666,11.025,6.0,7,20.019250389005663,,4000.0,0.0,0.0,0.0,47.67329648427443,optimal
2021-02-10 09:00:00,34,120,1.1428571428571428,0.0,0.0,0.076,11.025,6.0,7,20.03321098507799,,4000.0,0.0,0.0,0.0,47.34691967206459,optimal
2021-02-10 09:30:00,34,120,1.1428571428571428,0.0,0.0,0.076,14.553,6.0,7,20.044608284788943,,4000.0,0.0,0.0,0.0,47.02086923666696,optimal
2021-02-10 10:00:00,34,120,1.1428571428571428,0.0,0.0,0.076,13.0935,6.0,7,20.05637950120904,,4000.0,0.0,0.0,0.0,46.69514485170472,optimal
2021-02-10 10:30:00,34,120,1.1428571428571428,0.0,0.0,0.076,15.6345,6.0,7,20.07156140466168,,4000.0,0.0,0.0,0.0,46.36974619112745,optimal
2021-02-10 11:00:00,34,120,0.0,0.0,0.0,0.076,18.102,6.0,7,20.08701059346557,,0.0,0.0,0.0,0.0,46.04467292921076,optimal
2021-02-10 11:30:00,34,120,1.1428571428571428,0.0,0.0,0.076,17.199,6.0,7,20.056097571775588,,4000.0,0.0,0.0,0.0,45.719924740555975,optimal
2021-02-10 12:00:00,34,120,0.0,0.0,0.0,0.0906666666666666,18.2805,6.0,7,20.074173466298472,,0.0,0.0,0.0,0.0,45.395501300089855,optimal
2021-02-10 12:30:00,34,120,0.0358821570676033,0.0,0.0,1.182233333333333,17.4615,6.0,7,20.047172388878888,,125.58754973661172,0.0,0.0,0.0,45.0714022830642,optimal
2021-02-10 13:00:00,34,120,0.0,0.0,0.0,0.076,18.3225,6.0,7,20.028137813379576,,0.0,0.0,0.0,0.0,44.74762736505557,optimal
2021-02-10 13:30:00,34,120,0.6493124704440008,0.0,0.0,0.076,17.094,6.0,7,20.0,,2272.5936465540026,0.0,0.0,0.0,44.42417622196494,optimal
2021-02-10 14:00:00,34,120,1.1428571428571428,0.0,0.0,0.076,17.094,6.0,7,20.0,,4000.0,0.0,0.0,0.0,44.10104853001741,optimal
2021-02-10 14:30:00,34,120,1.1428571428571428,0.0,0.0,0.076,17.094,6.0,7,20.02108491617736,,4000.0,0.0,0.0,0.0,43.778243965761824,optimal
2021-02-10 15:00:00,34,120,0.0,0.0,0.0,0.076,17.3565,6.0,7,20.04212803018297,,0.0,0.0,0.0,0.0,43.455762206070496,optimal
2021-02-10 15:30:00,34,120,1.1428571428571428,0.0,0.0,0.3976,17.115,6.0,7,20.012461214759306,,4000.0,0.0,0.0,0.0,43.133602928138856,optimal
2021-02-10 16:00:00,34,120,0.0207413344483643,0.4644444444444444,0.0,0.9963666666666668,17.241,6.0,7,20.035409572582072,,72.59467056927524,0.0,0.0,418.0,42.81176580948515,optimal
2021-02-10 16:30:00,34,120,1.1428571428571428,1.3995259259259258,0.0,0.3666666666666667,17.094,6.0,7,20.010697047749243,,4000.0,0.0,0.0,1259.5733333333333,42.4902505279501,optimal
2021-02-10 17:00:00,34,120,1.1428571428571428,0.0712148148148148,0.0,0.2882666666666666,16.5165,6.0,7,20.0364689523312,,4000.0,0.0,0.0,64.09333333333335,42.16905676169659,optimal
2021-02-10 17:30:00,34,120,0.0,0.0,0.0,0.1758,17.8185,6.0,7,20.055404141877705,,0.0,0.0,0.0,0.0,41.84818418920933,optimal
2021-02-10 18:00:00,34,120,1.1428571428571428,0.0,0.0,0.2619666666666666,17.094,6.0,7,20.02282412675487,,4000.0,0.0,0.0,0.0,41.52763248929456,optimal
2021-02-10 18:30:00,34,120,1.1428571428571428,0.0,0.0,0.9737333333333332,16.8945,6.0,7,20.040822023332204,,4000.0,0.0,0.0,0.0,41.207401341079695,optimal
2021-02-10 19:00:00,34,120,0.0,2.631851851851852,0.0,1.1675,18.123,6.0,7,20.06727090971968,,0.0,0.0,0.0,2368.6666666666665,40.887490424013045,optimal
2021-02-10 19:30:00,34,120,0.0,0.0,0.0,0.4426,31.647,6.0,7,20.047897529257533,,0.0,0.0,0.0,0.0,40.567899417863465,optimal
2021-02-10 20:00:00,34,120,0.0,0.0,0.0,1.1479666666666668,34.9965,6.0,7,20.02356594727945,,0.0,0.0,0.0,0.0,40.24862800272003,optimal
2021-02-10 20:30:00,34,120,0.0,0.0,0.0,0.9956,34.9965,6.0,7,20.0,,0.0,0.0,0.0,0.0,39.92967585899174,optimal
2021-02-10 21:00:00,34,120,0.0,0.0,0.0,0.076,34.9965,6.0,7,19.97337260677166,,0.0,0.0,0.0,0.0,39.88974618313275,optimal
2021-02-10 21:30:00,34,120,0.0,0.0,0.0,0.076,34.9965,6.0,7,19.93570422990092,,0.0,0.0,0.0,0.0,39.849856436949615,optimal
2021-02-10 22:00:00,34,120,0.0,0.0,0.0,0.076,34.9965,6.0,7,19.89523581680624,,0.0,0.0,0.0,0.0,39.81000658051266,optimal
2021-02-10 22:30:00,34,120,0.0,0.0,0.0,0.076,27.741,6.0,7,19.851972918735456,,0.0,0.0,0.0,0.0,39.77019657393216,optimal
2021-02-10 23:00:00,34,120,0.0,0.0,0.0,0.076,19.026,6.0,7,19.808300151364325,,0.0,0.0,0.0,0.0,39.73042637735822,optimal
2021-02-10 23:30:00,34,120,0.0,0.0,0.0,0.3484666666666666,18.7215,6.0,7,19.764218327284496,,0.0,0.0,0.0,0.0,39.69069595098086,optimal
2021-02-11 00:00:00,34,120,1.1428571428571428,0.0,5.0,0.1748333333333333,10.584,6.0,-7,19.764218327284496,,4000.0,0.0,0.0,0.0,42.02600525502988,optimal
2021-02-11 00:30:00,34,120,1.1428571428571428,0.387037037037037,5.0,0.2743333333333333,11.025,6.0,-7,19.7704478188853,,4000.0,0.0,0.0,348.3333333333333,44.35897924977485,optimal
2021-02-11 01:00:00,34,120,1.1428571428571428,0.2322222222222222,5.0,0.2861333333333333,10.4265,6.0,-7,19.779072281319166,,4000.0,0.0,0.0,209.0,46.68962027052508,optimal
2021-02-11 01:30:00,34,120,1.1428571428571428,0.2322222222222222,0.0,0.3078,12.789,6.0,-7,19.787938407138284,,4000.0,0.0,0.0,209.0,46.64293065025455,optimal
2021-02-11 02:00:00,34,120,1.1428571428571428,0.0,3.767254855313345,0.2168,12.684,6.0,-7,19.797302674502347,,4000.0,0.0,0.0,0.0,48.38573377587813,optimal
2021-02-11 02:30:00,34,120,1.1428571428571428,0.0,0.0,0.056,16.254,6.0,-7,19.802559170073675,,4000.0,0.0,0.0,0.0,48.33734804210225,optimal
2021-02-11 03:00:00,34,120,1.1428571428571428,0.0,0.0,0.1843,17.64,6.0,-7,19.805648067234664,,4000.0,0.0,0.0,0.0,48.28901069406015,optimal
2021-02-11 03:30:00,34,120,1.1428571428571428,0.0,0.0,0.1091666666666666,19.1625,6.0,-7,19.810095578813065,,4000.0,0.0,0.0,0.0,48.24072168336608,optimal
2021-02-11 04:00:00,34,120,0.0,0.0,0.0,0.056,26.46,6.0,-7,19.814114613580884,,0.0,0.0,0.0,0.0,48.19248096168271,optimal
2021-02-11 04:30:00,34,120,1.1428571428571428,0.0,0.0,0.178,20.79,6.0,-7,19.769244253575277,,4000.0,0.0,0.0,0.0,48.144288480721016,optimal
2021-02-11 05:00:00,34,120,0.0,0.1548148148148148,0.0,0.3759666666666665,29.106,6.0,-7,19.774576951144063,,0.0,0.0,0.0,139.33333333333331,48.096144192240295,optimal
2021-02-11 05:30:00,34,120,1.1428571428571428,0.0774074074074074,0.0,0.4426,19.1835,6.0,-7,19.73594680624511,,4000.0,0.0,0.0,69.66666666666666,48.048048048048045,optimal
2021-02-11 06:00:00,34,120,1.1428571428571428,0.3096296296296296,0.0,0.2749333333333333,19.6665,6.0,-7,19.747992429986382,,4000.0,0.0,0.0,278.66666666666663,48.0,optimal
2021-02-11 06:30:00,34,120,1.1428571428571428,0.0,0.0,0.1406666666666666,19.404,6.0,-7,19.75760635476702,,4000.0,0.0,0.0,0.0,47.89892054933559,optimal
2021-02-11 07:00:00,34,120,1.1428571428571428,0.0,0.0,0.1648,19.047,6.0,-7,19.7630480778764,,4000.0,0.0,0.0,0.0,47.79794217812184,optimal
2021-02-11 07:30:00,34,120,1.1428571428571428,20.596504170061195,0.0,0.066,18.858,6.0,-7,19.76917119494708,,4000.0,18536.853753055075,0.0,0.0,47.6970647852793,optimal
2021-02-11 08:00:00,34,120,1.1428571428571428,0.0,0.0,0.2098,19.2675,6.0,-7,20.0,,4000.0,0.0,0.0,0.0,47.59628826982961,optimal
2021-02-11 08:30:00,34,120,1.1428571428571428,0.0,0.0,0.1036666666666666,18.963,6.0,-7,20.006496748582165,,4000.0,0.0,0.0,0.0,47.495612530895365,optimal
2021-02-11 09:00:00,34,120,1.1428571428571428,0.0,0.0,0.1901,18.438,6.0,-7,20.01139027982791,,4000.0,0.0,0.0,0.0,47.39503746770006,optimal
2021-02-11 09:30:00,34,120,1.1428571428571428,0.0,0.0,0.1233666666666666,18.7425,6.0,-7,20.01919472033433,,4000.0,0.0,0.0,0.0,47.29456297956794,optimal
2021-02-11 10:00:00,34,120,1.1428571428571428,0.0,0.0,0.066,15.2145,6.0,-7,20.02944194839656,,4000.0,0.0,0.0,0.0,47.19418896592396,optimal
2021-02-11 10:30:00,34,120,1.1428571428571428,0.0,0.0,0.2060333333333333,17.7765,6.0,-7,20.04579576387708,,4000.0,0.0,0.0,0.0,47.093915326293626,optimal
2021-02-11 11:00:00,34,120,1.1428571428571428,0.0,0.0,0.1074333333333333,16.758,6.0,-7,20.062633553303804,,4000.0,0.0,0.0,0.0,46.99374196030292,optimal
2021-02-11 11:30:00,34,120,1.1428571428571428,0.0,0.0,0.1538333333333333,16.422,6.0,-7,20.079858557957003,,4000.0,0.0,0.0,0.0,46.89366876767821,optimal
2021-02-11 12:00:00,34,120,1.1428571428571428,0.0,0.0,0.0918333333333333,16.758,6.0,-7,20.09910159582756,,4000.0,0.0,0.0,0.0,46.793695648246114,optimal
2021-02-11 12:30:00,34,120,0.0,0.2322222222222222,0.0,0.4353,29.358,6.0,-7,20.12120313492172,,0.0,0.0,0.0,209.0,46.693822501933454,optimal
2021-02-11 13:00:00,34,120,0.0,0.0,0.0,0.3884666666666665,34.9965,6.0,-7,20.101795182543142,,0.0,0.0,0.0,0.0,46.59404922876711,optimal
2021-02-11 13:30:00,34,120,0.0,0.0,0.0,0.6066666666666666,34.65,6.0,-7,20.081915903532657,,0.0,0.0,0.0,0.0,46.494375728873926,optimal
2021-02-11 14:00:00,34,120,0.0,0.0,0.0,0.6288333333333334,34.9965,6.0,-7,20.06493248002126,,0.0,0.0,0.0,0.0,46.39480190248064,optimal
2021-02-11 14:30:00,34,120,0.0,0.0,0.0,0.1641666666666666,34.9965,6.0,-7,20.047489475396524,,0.0,0.0,0.0,0.0,46.295327649913744,optimal
2021-02-11 15:00:00,34,120,0.0,0.4615511966539127,0.0,0.0815,30.4815,6.0,-7,20.023155684022534,,0.0,415.3960769885215,0.0,0.0,46.19595287159942,optimal
2021-02-11 15:30:00,34,120,0.6927820856308908,0.0,0.0,0.1563,21.4305,6.0,-7,20.0,,2424.737299708118,0.0,0.0,0.0,46.096677468063405,optimal
2021-02-11 16:00:00,34,120,0.8126984286932389,0.0,0.0,0.1571666666666666,14.3325,6.0,-7,20.0,,2844.444500426336,0.0,0.0,0.0,45.99750133993093,optimal
2021-02-11 16:30:00,34,120,1.1428571428571428,0.0,0.0,0.0961333333333333,13.692,6.0,-7,20.0,,4000.0,0.0,0.0,0.0,45.89842438792658,optimal
2021-02-11 17:00:00,34,120,0.7217164705238137,0.0,0.0,0.1088333333333333,14.007,6.0,-7,20.01154953812621,,2526.007646833348,0.0,0.0,0.0,45.79944651287424,optimal
2021-02-11 17:30:00,34,120,0.592504835960709,0.5418518518518518,0.0,1.669,12.873,6.0,-7,20.0,,2073.766925862481,0.0,0.0,487.6666666666667,45.70056761569696,optimal
2021-02-11 18:00:00,34,120,0.8838091397724678,0.0,0.0,0.4486,12.684,6.0,-7,20.0,,3093.331989203637,0.0,0.0,0.0,45.601787597416845,optimal
2021-02-11 18:30:00,34,120,0.8371033057166086,0.0,0.0,0.6070333333333333,12.306,6.0,-7,20.0,,2929.86157000813,0.0,0.0,0.0,45.50310635915501,optimal
2021-02-11 19:00:00,34,120,1.1428571428571428,0.0,0.0,0.2153333333333333,10.6365,6.0,-7,20.0,,4000.0,0.0,0.0,0.0,45.40452380213144,optimal
2021-02-11 19:30:00,34,120,1.0261032908918082,0.0,0.0,0.321,11.2455,6.0,-7,20.00196633800108,,3591.361518121329,0.0,0.0,0.0,45.3060398276649,optimal
2021-02-11 20:00:00,34,120,1.0481360697404118,0.0,0.0,0.3518333333333333,11.2455,6.0,-7,20.0,,3668.476244091441,0.0,0.0,0.0,45.20765433717282,optimal
2021-02-11 20:30:00,34,120,0.0,0.0,0.0,0.0785,11.025,6.0,-7,20.0,,0.0,0.0,0.0,0.0,45.16244668283564,optimal
2021-02-11 21:00:00,34,120,0.0,0.2322222222222222,0.0,0.2188333333333333,12.0855,6.0,-7,19.955288743451327,,0.0,0.0,0.0,209.0,45.117284236152805,optimal
2021-02-11 21:30:00,34,120,0.0,0.0,0.0,0.1478333333333333,11.6865,6.0,-7,19.911718368325896,,0.0,0.0,0.0,0.0,45.07216695191665,optimal
2021-02-11 22:00:00,34,120,0.0,0.0,0.0,0.2495,11.2245,6.0,-7,19.867580497970227,,0.0,0.0,0.0,0.0,45.02709478496473,optimal
2021-02-11 22:30:00,34,120,0.0,1.393333333333333,0.0,0.4989333333333333,11.025,6.0,-7,19.826463551482263,,0.0,0.0,0.0,1254.0,44.98206769017977,optimal
2021-02-11 23:00:00,34,120,0.0,0.0,0.0,0.1884333333333333,10.7835,6.0,-7,19.78871884397028,,0.0,0.0,0.0,0.0,44.93708562248959,optimal
2021-02-11 23:30:00,34,120,0.0,0.0,0.0,0.066,11.025,6.0,-7,19.742612966165787,,0.0,0.0,0.0,0.0,44.8921485368671,optimal
2021-02-12 00:00:00,34,120,0.0,0.0,0.0,0.062,28.035,6.0,15,19.742612966165787,,0.0,0.0,0.0,0.0,44.84725638833023,optimal
2021-02-12 00:30:00,34,120,0.0,0.0,0.0,0.062,28.119,6.0,15,19.692660080165524,,0.0,0.0,0.0,0.0,44.8024091319419,optimal
2021-02-12 01:00:00,34,120,0.0,0.0,0.0,0.062,30.156,6.0,15,19.642806228901865,,0.0,0.0,0.0,0.0,44.75760672280996,optimal
2021-02-12 01:30:00,34,120,0.0,0.0,0.0,0.062,29.1585,6.0,15,19.59305121603221,,0.0,0.0,0.0,0.0,44.71284911608715,optimal
2021-02-12 02:00:00,34,120,0.0,0.0,0.0,0.062,26.712,6.0,15,19.543593101889385,,0.0,0.0,0.0,0.0,44.66813626697106,optimal
2021-02-12 02:30:00,34,120,1.1428571428571428,0.0,0.0,0.062,15.435,6.0,15,19.494431297852977,,4000.0,0.0,0.0,0.0,44.62346813070409,optimal
2021-02-12 03:00:00,34,120,1.1428571428571428,0.0,0.0,0.062,13.566,6.0,15,19.49469110195985,,4000.0,0.0,0.0,0.0,44.57884466257339,optimal
2021-02-12 03:30:00,34,120,1.1428571428571428,0.0,0.0,0.062,12.789,6.0,15,19.495545159847165,,4000.0,0.0,0.0,0.0,44.534265817910814,optimal
2021-02-12 04:00:00,34,120,1.1428571428571428,0.0,2.5824326434431555,0.062,12.1275,6.0,15,19.497785318513973,,4000.0,0.0,0.0,0.0,45.7163870577284,optimal
2021-02-12 04:30:00,34,120,1.1428571428571428,0.0,0.0,0.062,13.671,6.0,15,19.501408829928355,,4000.0,0.0,0.0,0.0,45.670670670670674,optimal
2021-02-12 05:00:00,34,120,1.1428571428571428,0.0774074074074074,5.0,0.2165,10.668,6.0,15,19.50641295150653,,4000.0,0.0,0.0,69.66666666666666,48.0,optimal
2021-02-12 05:30:00,34,120,1.1428571428571428,0.1548148148148148,0.0,0.06,11.7285,6.0,15,19.515143701876703,,4000.0,0.0,0.0,139.33333333333331,47.91702637402057,optimal
2021-02-12 06:00:00,34,120,1.1428571428571428,0.1548148148148148,0.0,0.2654333333333333,11.025,6.0,15,19.52476423067854,,4000.0,0.0,0.0,139.33333333333331,47.83413572166712,optimal
2021-02-12 06:30:00,34,120,1.1428571428571428,0.1548148148148148,0.0,0.2208333333333333,10.689,6.0,15,19.539855365315187,,4000.0,0.0,0.0,139.33333333333331,47.751327959966034,optimal
2021-02-12 07:00:00,34,120,1.1428571428571428,5.303147516385453,0.0,0.073,8.1585,6.0,15,19.55551401189472,,4000.0,4563.832764746908,0.0,209.0,47.66860300602664,optimal
2021-02-12 07:30:00,34,120,1.1428571428571428,33.333333333333336,0.0,1.1177666666666668,10.3635,6.0,15,19.62304254040472,,4000.0,29860.666666666668,0.0,139.33333333333331,47.5859607770412,optimal
2021-02-12 08:00:00,34,120,1.1428571428571428,1.8577777777777775,0.0,2.195266666666667,10.8045,6.0,15,20.0,,4000.0,0.0,0.0,1672.0,47.50340119028473,optimal
2021-02-12 08:30:00,34,120,1.1428571428571428,6.27,0.0,0.205,11.025,6.0,15,20.011557673805655,,4000.0,0.0,0.0,5643.0,47.42092416311502,optimal
2021-02-12 09:00:00,34,120,1.1428571428571428,4.412222222222222,0.0,0.5833333333333334,10.3635,6.0,15,20.02473987477124,,4000.0,0.0,0.0,3971.0,47.33852961297248,optimal
2021-02-12 09:30:00,34,120,1.1428571428571428,0.1548148148148148,0.0,0.9576666666666668,10.8045,6.0,15,20.04379927378072,,4000.0,0.0,0.0,139.33333333333331,47.25621745738008,optimal
2021-02-12 10:00:00,34,120,1.1428571428571428,0.0,0.0,0.072,10.059,6.0,15,20.06868338931442,,4000.0,0.0,0.0,0.0,47.17398761394328,optimal
2021-02-12 10:30:00,34,120,1.1428571428571428,0.0,0.0,0.072,10.584,6.0,15,20.08449820420406,,4000.0,0.0,0.0,0.0,47.091840000349904,optimal
2021-02-12 11:00:00,34,120,1.1428571428571428,0.0,0.0,0.1633333333333333,9.4185,6.0,15,20.101074690373583,,4000.0,0.0,0.0,0.0,47.00977453437013,optimal
2021-02-12 11:30:00,34,120,1.1428571428571428,0.4644444444444444,0.0,0.2471999999999999,10.3635,6.0,15,20.124690731057857,,4000.0,0.0,0.0,418.0,46.92779113385633,optimal
2021-02-12 12:00:00,34,120,1.1428571428571428,0.0,0.0,0.9046,9.8385,6.0,15,20.150574641755345,,4000.0,0.0,0.0,0.0,46.84588971674305,optimal
2021-02-12 12:30:00,34,120,1.1428571428571428,0.0774074074074074,0.0,0.8933333333333334,11.067,6.0,15,20.180560982026435,,4000.0,0.0,0.0,69.66666666666666,46.76407020104688,optimal
2021-02-12 13:00:00,34,120,1.1428571428571428,0.0,0.0,0.072,10.8465,6.0,15,20.2087279750592,,4000.0,0.0,0.0,0.0,46.68233250486641,optimal
2021-02-12 13:30:00,34,120,0.0,0.0,0.0,0.072,13.671,6.0,15,20.229996124231167,,0.0,0.0,0.0,0.0,46.60067654638212,optimal
2021-02-12 14:00:00,34,120,1.1428571428571428,0.0,0.0,0.072,12.348,6.0,15,20.20229447875632,,4000.0,0.0,0.0,0.0,46.51910224385631,optimal
2021-02-12 14:30:00,34,120,0.0,0.0,0.0,1.4112333333333331,14.3325,6.0,15,20.222371021327284,,0.0,0.0,0.0,0.0,46.43760951563303,optimal
2021-02-12 15:00:00,34,120,0.0,0.1548148148148148,0.0,0.7302666666666666,15.393,6.0,15,20.206640229783527,,0.0,0.0,0.0,139.33333333333331,46.35619828013797,optimal
2021-02-12 15:30:00,34,120,0.0,0.774074074074074,0.0,1.7354,13.587,6.0,15,20.18453292628659,,0.0,0.0,0.0,696.6666666666666,46.274868455878405,optimal
2021-02-12 16:00:00,34,120,0.0,0.0,0.0,0.2522666666666667,16.1385,6.0,15,20.16596711104218,,0.0,0.0,0.0,0.0,46.1936199614431,optimal
2021-02-12 16:30:00,34,120,0.0,0.387037037037037,0.0,0.2717333333333332,14.595,6.0,15,20.138688601595323,,0.0,0.0,0.0,348.3333333333333,46.11245271550223,optimal
2021-02-12 17:00:00,34,120,0.0,0.8514814814814814,0.0,0.3761,14.637,6.0,15,20.11175904056804,,0.0,0.0,0.0,766.3333333333333,46.0313666368073,optimal
2021-02-12 17:30:00,34,120,0.0,0.1548148148148148,0.0,0.3176,13.9125,6.0,15,20.08248064094169,,0.0,0.0,0.0,139.33333333333331,45.95036164419106,optimal
2021-02-12 18:00:00,34,120,0.0,5.186296296296297,0.0,1.4170333333333334,13.3665,6.0,15,20.053154211027373,,0.0,0.0,0.0,4667.666666666668,45.86943765656745,optimal
2021-02-12 18:30:00,34,120,1.1428571428571428,0.0774074074074074,0.0,0.5747333333333333,13.0095,6.0,15,20.02836388784752,,4000.0,0.0,0.0,69.66666666666666,45.82356821891088,optimal
2021-02-12 19:00:00,34,120,0.0,0.0,0.0,0.2923333333333333,13.8915,6.0,15,20.05235179722806,,0.0,0.0,0.0,0.0,45.777744650691965,optimal
2021-02-12 19:30:00,34,120,0.1292622709003857,0.0,0.0,0.2227333333333332,13.188,6.0,15,20.024391017399928,,452.41794815135,0.0,0.0,0.0,45.73196690604127,optimal
2021-02-12 20:00:00,34,120,0.7109763831340422,0.0,0.0,0.2730333333333333,12.5685,6.0,15,20.0,,2488.4173409691475,0.0,0.0,0.0,45.68623493913523,optimal
2021-02-12 20:30:00,34,120,0.0,0.0,0.0,0.4174,12.285,6.0,15,20.0,,0.0,0.0,0.0,0.0,45.6405487041961,optimal
2021-02-12 21:00:00,34,120,0.0,0.0774074074074074,0.0,0.3875666666666666,11.487,6.0,15,19.972503292666765,,0.0,0.0,0.0,69.66666666666666,45.5949081554919,optimal
2021-02-12 21:30:00,34,120,0.0,0.0,0.0,0.3357,11.802,6.0,15,19.9440790671656,,0.0,0.0,0.0,0.0,45.54931324733641,optimal
2021-02-12 22:00:00,34,120,0.0,2.012592592592592,0.0,0.3920333333333333,11.2245,6.0,15,19.913586638903844,,0.0,0.0,0.0,1811.333333333333,45.50376393408907,optimal
2021-02-12 22:30:00,34,120,0.0,0.3096296296296296,0.0,0.4464333333333333,11.025,6.0,15,19.885939186466874,,0.0,0.0,0.0,278.66666666666663,45.458260170154986,optimal
2021-02-12 23:00:00,34,120,0.0,0.0,0.0,0.3120666666666666,11.907,6.0,15,19.858619431330656,,0.0,0.0,0.0,0.0,45.41280190998483,optimal
2021-02-12 23:30:00,34,120,0.0,2.1674074074074072,0.0,0.214,25.83,6.0,15,19.82901401727008,,0.0,0.0,0.0,1950.6666666666667,45.367389108074846,optimal
2021-02-13 00:00:00,34,120,1.1428571428571428,0.0,0.0,0.063,8.379,6.0,-5,19.82901401727008,,4000.0,0.0,0.0,0.0,45.32202171896677,optimal
2021-02-13 00:30:00,34,120,1.1428571428571428,0.0,0.0,0.063,9.5235,6.0,-5,19.840721178838177,,4000.0,0.0,0.0,0.0,45.27669969724781,optimal
2021-02-13 01:00:00,34,120,1.1428571428571428,0.0,0.0,0.063,8.1375,6.0,-5,19.85250425836561,,4000.0,0.0,0.0,0.0,45.23142299755056,optimal
2021-02-13 01:30:00,34,120,1.1428571428571428,0.0,0.0,0.2082,10.0905,6.0,-5,19.86436310534024,,4000.0,0.0,0.0,0.0,45.18619157455301,optimal
2021-02-13 02:00:00,34,120,1.1428571428571428,0.0,5.0,0.063,7.539,6.0,-5,19.87806644578528,,4000.0,0.0,0.0,0.0,47.516005382978456,optimal
2021-02-13 02:30:00,34,120,1.1428571428571428,0.0,2.1350762459387416,0.1488,7.938,6.0,-5,19.89007287040261,,4000.0,0.0,0.0,0.0,48.48265059441637,optimal
2021-02-13 03:00:00,34,120,1.1428571428571428,0.0,0.0,0.1224,8.274,6.0,-5,19.903100736577496,,4000.0,0.0,0.0,0.0,48.434167943821954,optimal
2021-02-13 03:30:00,34,120,1.1428571428571428,0.0,0.0,0.096,9.261,6.0,-5,19.91578116032748,,4000.0,0.0,0.0,0.0,48.38573377587813,optimal
2021-02-13 04:00:00,34,120,1.1428571428571428,0.0,0.0,0.1752,9.9225,6.0,-5,19.928015702335937,,4000.0,0.0,0.0,0.0,48.33734804210225,optimal
2021-02-13 04:30:00,34,120,1.1428571428571428,0.0,0.0,0.063,9.702,6.0,-5,19.9410917020365,,4000.0,0.0,0.0,0.0,48.28901069406015,optimal
2021-02-13 05:00:00,34,120,1.1428571428571428,0.0,0.0,0.2082,10.584,6.0,-5,19.952576662549195,,4000.0,0.0,0.0,0.0,48.24072168336608,optimal
2021-02-13 05:30:00,34,120,1.1428571428571428,0.0,0.0,0.063,10.143,6.0,-5,19.9656094733565,,4000.0,0.0,0.0,0.0,48.19248096168271,optimal
2021-02-13 06:00:00,34,120,1.1428571428571428,0.0,0.0,0.063,13.0095,6.0,-5,19.97664931327406,,4000.0,0.0,0.0,0.0,48.144288480721016,optimal
2021-02-13 06:30:00,34,120,1.1428571428571428,0.0,0.0,0.063,11.025,6.0,-5,19.98746900972887,,4000.0,0.0,0.0,0.0,48.096144192240295,optimal
2021-02-13 07:00:00,34,120,1.1428571428571428,0.0,0.0,0.2085333333333333,12.789,6.0,-5,19.998168127312248,,4000.0,0.0,0.0,0.0,48.048048048048045,optimal
2021-02-13 07:30:00,34,120,1.1428571428571428,0.0,0.0,0.073,12.1275,6.0,-5,20.01051578131631,,4000.0,0.0,0.0,0.0,48.0,optimal
2021-02-13 08:00:00,34,120,1.1428571428571428,0.0,0.0,0.8055333333333333,12.1695,6.0,-5,20.02097095094013,,4000.0,0.0,0.0,0.0,47.837464008745286,optimal
2021-02-13 08:30:00,34,120,1.1428571428571428,0.4644444444444444,0.0,0.604,12.306,6.0,-5,20.041688352561184,,4000.0,0.0,0.0,418.0,47.67509055348183,optimal
2021-02-13 09:00:00,34,120,0.7785578857300631,0.0774074074074074,0.0,0.263,13.23,6.0,-5,20.06228594656312,,2724.952600055221,0.0,0.0,69.66666666666666,47.51287947167364,optimal
2021-02-13 09:30:00,34,120,0.0,3.5839629629629624,0.0,0.091,13.671,6.0,-5,20.06758260491818,,0.0,0.0,0.0,3225.566666666666,47.35083060094725,optimal
2021-02-13 10:00:00,34,120,0.0,1.2927037037037037,0.0,0.0887,13.9335,6.0,-5,20.037282504139487,,0.0,0.0,0.0,1163.4333333333332,47.18894377909159,optimal
2021-02-13 10:30:00,34,120,1.1428571428571428,0.2322222222222222,0.0,1.3903,13.293,6.0,-5,20.010918296002217,,4000.0,0.0,0.0,209.0,47.027218844057785,optimal
2021-02-13 11:00:00,34,120,1.1428571428571428,2.150377777777778,0.0,0.1011,12.1065,6.0,-5,20.03653201535298,,4000.0,0.0,0.0,1935.34,46.865655633959015,optimal
2021-02-13 11:30:00,34,120,1.1428571428571428,2.803696296296297,0.0,1.8162,11.571,6.0,-5,20.05914938011672,,4000.0,0.0,0.0,2523.326666666667,46.704253987070345,optimal
2021-02-13 12:00:00,34,120,1.1428571428571428,0.2322222222222222,0.0,0.0853333333333333,11.025,6.0,-5,20.095763724502287,,4000.0,0.0,0.0,209.0,46.54301374182856,optimal
2021-02-13 12:30:00,34,120,1.1428571428571428,0.0,0.0,1.8746666666666667,10.8465,6.0,-5,20.114940540118603,,4000.0,0.0,0.0,0.0,46.38193473683202,optimal
2021-02-13 13:00:00,34,120,1.1428571428571428,0.0,0.0,2.5506,11.2455,6.0,-5,20.141113024349064,,4000.0,0.0,0.0,0.0,46.22101681084048,optimal
2021-02-13 13:30:00,34,120,0.0,0.0,0.0,0.7042,23.8665,6.0,-5,20.16756129912668,,0.0,0.0,0.0,0.0,46.06025980277493,optimal
2021-02-13 14:00:00,34,120,0.0,0.0,0.0,0.17,27.4575,6.0,-5,20.1417937344478,,0.0,0.0,0.0,0.0,45.899663551717445,optimal
2021-02-13 14:30:00,34,120,0.0,0.2322222222222222,0.0,0.2078666666666666,27.3735,6.0,-5,20.115021610701486,,0.0,0.0,0.0,209.0,45.73922789691102,optimal
2021-02-13 15:00:00,34,120,0.0,0.2322222222222222,0.0,0.2765,30.4605,6.0,-5,20.09055882450913,,0.0,0.0,0.0,209.0,45.5789526777594,optimal
2021-02-13 15:30:00,34,120,0.0,0.0,0.0,0.4304,30.0195,6.0,-5,20.06468146787278,,0.0,0.0,0.0,0.0,45.418837733826926,optimal
2021-02-13 16:00:00,34,120,0.0,0.0,0.0,0.7913666666666667,26.9325,6.0,-5,20.04140427683476,,0.0,0.0,0.0,0.0,45.25888290483839,optimal
2021-02-13 16:30:00,34,120,0.0,0.0,0.0,0.6328333333333334,14.595,6.0,-5,20.021492932574425,,0.0,0.0,0.0,0.0,45.09908803067884,optimal
2021-02-13 17:00:00,34,120,0.86241228676049,0.0,0.0,0.1851999999999999,12.4845,6.0,-5,20.0,,3018.443003661715,0.0,0.0,0.0,44.93945295139344,optimal
2021-02-13 17:30:00,34,120,0.9271740710494352,0.387037037037037,0.0,0.5838333333333334,12.1275,6.0,-5,20.0,,3245.109248673024,0.0,0.0,348.3333333333333,44.77997750718733,optimal
2021-02-13 18:00:00,34,120,1.1428571428571428,0.2322222222222222,0.0,0.2068,12.1275,6.0,-5,20.01199179729066,,4000.0,0.0,0.0,209.0,44.62066153842543,optimal
2021-02-13 18:30:00,34,120,0.0,0.0,0.0,0.2911333333333333,12.789,6.0,-5,20.030395906579034,,0.0,0.0,0.0,0.0,44.46150488563229,optimal
2021-02-13 19:00:00,34,120,0.7566102488502625,0.0,0.0,0.3908666666666667,11.907,6.0,-5,20.0,,2648.135870975919,0.0,0.0,0.0,44.30250738949195,optimal
2021-02-13 19:30:00,34,120,0.9342885540873438,0.0,0.0,0.073,11.025,6.0,-5,20.0,,3270.009939305703,0.0,0.0,0.0,44.14366889084775,optimal
2021-02-13 20:00:00,34,120,0.8649954307530587,0.0,0.0,0.2179333333333333,8.2005,6.0,-5,20.0,,3027.484007635705,0.0,0.0,0.0,43.98498923070219,optimal
2021-02-13 20:30:00,34,120,0.0,0.1548148148148148,0.0,0.4343,9.5655,6.0,-5,20.0,,0.0,0.0,0.0,139.33333333333331,43.82646825021678,optimal
2021-02-13 21:00:00,34,120,0.0,0.0,0.0,0.3431666666666667,7.056,6.0,-5,19.971700611502342,,0.0,0.0,0.0,0.0,43.66810579071185,optimal
2021-02-13 21:30:00,34,120,0.0,0.0,0.0,0.4034666666666666,9.3975,6.0,-5,19.940844621776705,,0.0,0.0,0.0,0.0,43.50990169366642,optimal
2021-02-13 22:00:00,34,120,0.0,0.5418518518518518,0.0,0.3562666666666667,10.059,6.0,-5,19.91317453194391,,0.0,0.0,0.0,487.6666666666667,43.466391791972754,optimal
2021-02-13 22:30:00,34,120,0.0,0.0,0.0,0.073,9.261,6.0,-5,19.882493365006027,,0.0,0.0,0.0,0.0,43.42292540018078,optimal
2021-02-13 23:00:00,34,120,0.0,0.0,0.0,0.3112,8.1585,6.0,-5,19.84566251191666,,0.0,0.0,0.0,0.0,43.3795024747806,optimal
2021-02-13 23:30:00,34,120,0.0,0.2322222222222222,0.0,0.332,9.4815,6.0,-5,19.812638611593425,,0.0,0.0,0.0,209.0,43.33612297230582,optimal
2021-02-07 00:00:00,35,120,0.0,0.0,0.0,0.057,5.292,6.0,1,21.0,,0.0,0.0,0.0,0.0,47.952,optimal
2021-02-07 00:30:00,35,120,0.0,0.0,0.0,0.057,9.261,6.0,1,20.967134126352928,,0.0,0.0,0.0,0.0,47.904048,optimal
2021-02-07 01:00:00,35,120,0.0,0.0,0.0,0.1741666666666666,10.3635,6.0,1,20.934135155080224,,0.0,0.0,0.0,0.0,47.856143952,optimal
2021-02-07 01:30:00,35,120,0.0,0.0,0.0,0.0755,8.274,6.0,1,20.90243071460468,,0.0,0.0,0.0,0.0,47.80828780804799,optimal
2021-02-07 02:00:00,35,120,0.0,0.0,0.0,0.057,7.7175,6.0,1,20.86948801083365,,0.0,0.0,0.0,0.0,47.76047952023995,optimal
2021-02-07 02:30:00,35,120,0.0,0.0,0.0,0.057,6.615,6.0,1,20.836286116550852,,0.0,0.0,0.0,0.0,47.712719040719705,optimal
2021-02-07 03:00:00,35,120,0.0,0.0,0.0,0.1926666666666666,6.174,6.0,1,20.80295179082446,,0.0,0.0,0.0,0.0,47.66500632167899,optimal
2021-02-07 03:30:00,35,120,0.0,0.0,0.0,0.057,3.906,6.0,1,20.77113803410625,,0.0,0.0,0.0,0.0,47.61734131535731,optimal
2021-02-07 04:00:00,35,120,0.2574479261738774,0.0,0.0,0.1865,2.3415,6.0,1,20.7376354841194,,901.0677416085708,0.0,0.0,0.0,47.56972397404195,optimal
2021-02-07 04:30:00,35,120,1.1428571428571428,0.0,0.0,0.0631666666666666,2.205,6.0,1,20.716654956850363,,4000.0,0.0,0.0,0.0,47.52215425006791,optimal
2021-02-07 05:00:00,35,120,1.1428571428571428,0.0,1.409802915585652,0.1001666666666666,0.882,6.0,1,20.731965792213888,,4000.0,0.0,0.0,0.0,48.144288480721016,optimal
2021-02-07 05:30:00,35,120,1.1428571428571428,0.0,0.0,0.1495,1.5435,6.0,1,20.747697019583335,,4000.0,0.0,0.0,0.0,48.096144192240295,optimal
2021-02-07 06:00:00,35,120,1.1428571428571428,0.0774074074074074,0.0,0.0633333333333333,1.5435,6.0,1,20.763998054404965,,4000.0,0.0,0.0,69.66666666666666,48.048048048048045,optimal
2021-02-07 06:30:00,35,120,0.0,0.1548148148148148,0.0,1.2419333333333331,5.0715,6.0,1,20.77984648055893,,0.0,0.0,0.0,139.33333333333331,48.0,optimal
2021-02-07 07:00:00,35,120,0.0,0.4644444444444444,0.0,0.134,5.376,6.0,1,20.75299575855314,,0.0,0.0,0.0,418.0,47.76117967380302,optimal
2021-02-07 07:30:00,35,120,0.0,0.6966666666666667,0.0,2.1591,5.0715,6.0,1,20.72235128436178,,0.0,0.0,0.0,627.0,47.52259816793224,optimal
2021-02-07 08:00:00,35,120,0.0,1.6255555555555554,0.0,0.1001666666666666,5.5125,6.0,1,20.693130146426103,,0.0,0.0,0.0,1463.0,47.28425524356733,optimal
2021-02-07 08:30:00,35,120,0.0,0.7384666666666667,0.0,1.6492,9.261,6.0,1,20.66040152140932,,0.0,0.0,0.0,664.62,47.046150662126784,optimal
2021-02-07 09:00:00,35,120,0.0,6.924866666666667,0.0,3.141266666666667,11.7075,6.0,1,20.631342736872668,,0.0,0.0,0.0,6232.380000000001,46.80828418526768,optimal
2021-02-07 09:30:00,35,120,0.0,0.1548148148148148,0.0,1.8923333333333328,12.348,6.0,1,20.608143175127346,,0.0,0.0,0.0,139.33333333333331,46.57065557488544,optimal
2021-02-07 10:00:00,35,120,0.0,0.2322222222222222,0.0,0.5209333333333332,12.348,6.0,1,20.58145035748568,,0.0,0.0,0.0,209.0,46.333264593113576,optimal
2021-02-07 10:30:00,35,120,0.0,0.0,0.0,1.0684333333333331,12.1275,6.0,1,20.55649892792796,,0.0,0.0,0.0,0.0,46.09611100232348,optimal
2021-02-07 11:00:00,35,120,0.0,6.915577777777778,0.0,0.2643333333333333,12.5265,6.0,1,20.53568080350685,,0.0,0.0,0.0,6224.02,45.85919456512418,optimal
2021-02-07 11:30:00,35,120,0.0,0.2059037037037044,0.0,0.4891666666666667,11.7495,6.0,1,20.509999803522245,,0.0,0.0,0.0,185.313333333334,45.62251504436208,optimal
2021-02-07 12:00:00,35,120,0.0,0.5418518518518518,0.0,0.099,13.23,6.0,1,20.485749977222355,,0.0,0.0,0.0,487.6666666666667,45.38607220312074,optimal
2021-02-07 12:30:00,35,120,0.0,0.0,0.0,0.1741333333333333,14.3325,6.0,1,20.45744689968581,,0.0,0.0,0.0,0.0,45.14986580472064,optimal
2021-02-07 13:00:00,35,120,0.0,0.1548148148148148,0.0,0.3236,14.994,6.0,1,20.429449266737745,,0.0,0.0,0.0,139.33333333333331,44.91389561271895,optimal
2021-02-07 13:30:00,35,120,0.0,0.0,0.0,1.233766666666667,14.8155,6.0,1,20.40171731766416,,0.0,0.0,0.0,0.0,44.67816139090925,optimal
2021-02-07 14:00:00,35,120,0.0,0.4644444444444444,0.0,0.2557,14.112,6.0,1,20.38481324012553,,0.0,0.0,0.0,418.0,44.44266290332136,optimal
2021-02-07 14:30:00,35,120,0.0,0.0,0.0,0.178,14.007,6.0,1,20.356465526066685,,0.0,0.0,0.0,0.0,44.20739991422106,optimal
2021-02-07 15:00:00,35,120,0.0,0.0,0.0,0.067,13.23,6.0,1,20.325470796255107,,0.0,0.0,0.0,0.0,43.972372188109865,optimal
2021-02-07 15:30:00,35,120,0.0,0.0,0.0,0.1533333333333333,11.382,6.0,1,20.29428613604941,,0.0,0.0,0.0,0.0,43.73757948972478,optimal
2021-02-07 16:00:00,35,120,0.0,0.0,0.0,0.1163333333333333,11.7495,6.0,1,20.263917659262493,,0.0,0.0,0.0,0.0,43.50302158403808,optimal
2021-02-07 16:30:00,35,120,0.0,0.0,0.0,0.067,24.3285,6.0,1,20.23056696805674,,0.0,0.0,0.0,0.0,43.268698236257066,optimal
2021-02-07 17:00:00,35,120,0.0,1.006296296296296,0.0,0.0664666666666666,28.917,6.0,1,20.19678052923652,,0.0,0.0,0.0,905.6666666666664,43.03460921182384,optimal
2021-02-07 17:30:00,35,120,0.0,0.2322222222222222,0.0,0.108,31.3635,6.0,1,20.163013006674863,,0.0,0.0,0.0,209.0,42.80075427641504,optimal
2021-02-07 18:00:00,35,120,0.0,0.0774074074074074,0.0,0.2591666666666667,33.306,6.0,1,20.133716031518325,,0.0,0.0,0.0,69.66666666666666,42.56713319594164,optimal
2021-02-07 18:30:00,35,120,0.0,0.6192592592592592,0.0,0.1256666666666666,31.3425,6.0,1,20.105079936006774,,0.0,0.0,0.0,557.3333333333333,42.5245660627457,optimal
2021-02-07 19:00:00,35,120,0.0,0.0,0.0,0.0779,28.2555,6.0,1,20.07574332276872,,0.0,0.0,0.0,0.0,42.48204149668295,optimal
2021-02-07 19:30:00,35,120,0.0,5.960370370370371,0.0,1.3894666666666666,15.6975,6.0,1,20.04716377671861,,0.0,0.0,0.0,5364.333333333334,42.43955945518627,optimal
2021-02-07 20:00:00,35,120,0.0,0.1548148148148148,0.0,2.0314333333333328,12.5475,6.0,1,20.02217417702976,,0.0,0.0,0.0,139.33333333333331,42.39711989573108,optimal
2021-02-07 20:30:00,35,120,0.0,0.0,0.0,1.4674666666666667,12.0855,6.0,1,20.0,,0.0,0.0,0.0,0.0,42.35472277583535,optimal
2021-02-07 21:00:00,35,120,0.0,0.1548148148148148,0.0,0.1813333333333333,11.907,6.0,1,19.97825433168406,,0.0,0.0,0.0,139.33333333333331,42.31236805305952,optimal
2021-02-07 21:30:00,35,120,0.0,0.0,0.0,0.1508,12.5685,6.0,1,19.947276698942947,,0.0,0.0,0.0,0.0,42.27005568500645,optimal
2021-02-07 22:00:00,35,120,0.0,0.0,0.0,0.3430666666666667,13.146,6.0,1,19.914521272340878,,0.0,0.0,0.0,0.0,42.227785629321446,optimal
2021-02-07 22:30:00,35,120,0.0,0.0,0.0,0.1237,10.584,6.0,1,19.88362142745458,,0.0,0.0,0.0,0.0,42.18555784369212,optimal
2021-02-07 23:00:00,35,120,0.0,0.0,0.0,0.2026666666666666,6.678,6.0,1,19.850926173129384,,0.0,0.0,0.0,0.0,42.14337228584843,optimal
2021-02-07 23:30:00,35,120,0.0,0.0,0.0,0.067,7.938,6.0,1,19.81981032932707,,0.0,0.0,0.0,0.0,42.10122891356258,optimal
2021-02-08 00:00:00,35,120,0.0,0.0,0.0,0.063,15.876,6.0,10,19.81981032932707,,0.0,0.0,0.0,0.0,42.05912768464901,optimal
2021-02-08 00:30:00,35,120,0.2313245176631948,0.0,0.0,0.063,12.348,6.0,10,19.78637863272048,,809.6358118211818,0.0,0.0,0.0,42.01706855696436,optimal
2021-02-08 01:00:00,35,120,1.1428571428571428,0.0,0.0,0.2081333333333333,12.1275,6.0,10,19.76287647790448,,4000.0,0.0,0.0,0.0,41.9750514884074,optimal
2021-02-08 01:30:00,35,120,1.1428571428571428,0.0,0.0,0.0896,12.348,6.0,10,19.780055093235983,,4000.0,0.0,0.0,0.0,41.93307643691899,optimal
2021-02-08 02:00:00,35,120,1.1428571428571428,0.0,0.0,0.063,12.1275,6.0,10,19.79565650898885,,4000.0,0.0,0.0,0.0,41.89114336048207,optimal
2021-02-08 02:30:00,35,120,1.1428571428571428,0.0,0.0,0.1469,12.1275,6.0,10,19.81080381548129,,4000.0,0.0,0.0,0.0,41.84925221712159,optimal
2021-02-08 03:00:00,35,120,1.1428571428571428,0.0,0.0,0.1508333333333333,11.2665,6.0,10,19.82704231822645,,4000.0,0.0,0.0,0.0,41.80740296490447,optimal
2021-02-08 03:30:00,35,120,1.1428571428571428,0.0,0.0,0.063,10.143,6.0,10,19.843395672478916,,4000.0,0.0,0.0,0.0,41.76559556193956,optimal
2021-02-08 04:00:00,35,120,1.1428571428571428,0.0,0.0,0.1047999999999999,11.2455,6.0,10,19.85854746122185,,4000.0,0.0,0.0,0.0,41.72382996637762,optimal
2021-02-08 04:30:00,35,120,1.1428571428571428,0.0,0.0,0.1206,11.025,6.0,10,19.87407930439507,,4000.0,0.0,0.0,0.0,41.68210613641124,optimal
2021-02-08 05:00:00,35,120,1.1428571428571428,0.0,0.0,0.1619333333333333,5.9745,6.0,10,19.889574579449736,,4000.0,0.0,0.0,0.0,41.64042403027483,optimal
2021-02-08 05:30:00,35,120,1.1428571428571428,0.0,0.0,0.1047999999999999,7.938,6.0,10,19.905344414714904,,4000.0,0.0,0.0,0.0,41.59878360624455,optimal
2021-02-08 06:00:00,35,120,1.1428571428571428,0.0,0.0,0.2005333333333333,8.6835,6.0,10,19.920287839270763,,4000.0,0.0,0.0,0.0,41.55718482263831,optimal
2021-02-08 06:30:00,35,120,1.1428571428571428,1.1611111111111108,0.0,0.6156,7.665,6.0,10,19.93626876573018,,4000.0,0.0,0.0,1044.9999999999998,41.51562763781567,optimal
2021-02-08 07:00:00,35,120,1.1428571428571428,6.347407407407408,0.0,1.6165999999999998,6.7725,6.0,10,19.95362754224078,,4000.0,0.0,0.0,5712.666666666667,41.474112010177855,optimal
2021-02-08 07:30:00,35,120,1.1428571428571428,0.2322222222222222,4.013414278280735,2.0148,5.5755,6.0,10,19.978341586988343,,4000.0,0.0,0.0,209.0,43.33900968035103,optimal
2021-02-08 08:00:00,35,120,1.1428571428571428,0.2322222222222222,5.0,1.3611333333333335,5.0925,6.0,10,20.00617129145116,,4000.0,0.0,0.0,209.0,45.670670670670674,optimal
2021-02-08 08:30:00,35,120,1.1428571428571428,0.8514814814814814,5.0,0.9484,4.1895,6.0,10,20.04560830290174,,4000.0,0.0,0.0,766.3333333333333,48.0,optimal
2021-02-08 09:00:00,35,120,1.1428571428571428,0.0,0.0,0.213,7.056,6.0,10,20.07948863807815,,4000.0,0.0,0.0,0.0,47.38469299865861,optimal
2021-02-08 09:30:00,35,120,1.1428571428571428,0.2322222222222222,0.0,1.6334000000000002,5.271,6.0,10,20.10085817462679,,4000.0,0.0,0.0,209.0,46.77000130431856,optimal
2021-02-08 10:00:00,35,120,1.1428571428571428,0.2322222222222222,0.0,1.1023333333333332,7.938,6.0,10,20.126219459901694,,4000.0,0.0,0.0,209.0,46.15592430167285,optimal
2021-02-08 10:30:00,35,120,1.1428571428571428,0.0,0.0,1.5705333333333331,7.938,6.0,10,20.15082624992028,,4000.0,0.0,0.0,0.0,45.542461376029785,optimal
2021-02-08 11:00:00,35,120,1.1428571428571428,0.1548148148148148,0.0,1.5743,11.907,6.0,10,20.17428567889525,,4000.0,0.0,0.0,139.33333333333331,44.92961191331237,optimal
2021-02-08 11:30:00,35,120,1.1428571428571428,0.0,0.0,0.1763333333333333,11.025,6.0,10,20.20056275140301,,4000.0,0.0,0.0,0.0,44.31737530005766,optimal
2021-02-08 12:00:00,35,120,1.1428571428571428,0.0,0.0,0.1414,11.2875,6.0,10,20.219707440247337,,4000.0,0.0,0.0,0.0,43.70575092341621,optimal
2021-02-08 12:30:00,35,120,1.1428571428571428,0.0,0.0,0.0988333333333333,12.936,6.0,10,20.239523964625786,,4000.0,0.0,0.0,0.0,43.094738171151405,optimal
2021-02-08 13:00:00,35,120,0.0,0.0,0.0,0.7061666666666666,13.0095,6.0,10,20.259179152327757,,0.0,0.0,0.0,0.0,42.48433643163887,optimal
2021-02-08 13:30:00,35,120,0.0,0.387037037037037,0.0,0.2877333333333333,13.671,6.0,10,20.234115283255008,,0.0,0.0,0.0,348.3333333333333,41.87454509386584,optimal
2021-02-08 14:00:00,35,120,0.0,0.0,0.0,0.3601999999999999,13.188,6.0,10,20.20965914636776,,0.0,0.0,0.0,0.0,41.265363547430574,optimal
2021-02-08 14:30:00,35,120,0.0,0.0,0.0,0.1735666666666666,13.8495,6.0,10,20.186776551476733,,0.0,0.0,0.0,0.0,40.65679118254175,optimal
2021-02-08 15:00:00,35,120,0.0,0.0,0.0,0.2698333333333333,13.23,6.0,10,20.16446091666681,,0.0,0.0,0.0,0.0,40.04882739001782,optimal
2021-02-08 15:30:00,35,120,0.0,0.0774074074074074,0.0,0.2955333333333333,13.3665,6.0,10,20.139068975050044,,0.0,0.0,0.0,69.66666666666666,39.44147156128641,optimal
2021-02-08 16:00:00,35,120,1.1428571428571428,0.1548148148148148,0.0,0.1766333333333333,13.0515,6.0,10,20.11507478679969,,4000.0,0.0,0.0,139.33333333333331,38.83472308838373,optimal
2021-02-08 16:30:00,35,120,0.0,0.0,0.0,0.1615666666666666,13.5345,6.0,10,20.1376338304489,,0.0,0.0,0.0,0.0,38.22858136395396,optimal
2021-02-08 17:00:00,35,120,0.0,0.0,0.0,0.073,14.154,6.0,10,20.108955046540103,,0.0,0.0,0.0,0.0,37.62304578124861,optimal
2021-02-08 17:30:00,35,120,0.0,0.0,0.0,0.2447333333333333,14.112,6.0,10,20.07232380208266,,0.0,0.0,0.0,0.0,37.01811573412598,optimal
2021-02-08 18:00:00,35,120,0.0,0.0,0.0,0.0723333333333333,14.2485,6.0,10,20.037460783208385,,0.0,0.0,0.0,0.0,36.41379061705046,optimal
2021-02-08 18:30:00,35,120,1.1428571428571428,0.0,0.0,0.3874333333333333,12.789,6.0,10,20.0,,4000.0,0.0,0.0,0.0,35.81006982509202,optimal
2021-02-08 19:00:00,35,120,0.2021500362969878,0.2322222222222222,0.0,1.437533333333333,13.0095,6.0,10,20.01779670251684,,707.5251270394574,0.0,0.0,209.0,35.20695275392554,optimal
2021-02-08 19:30:00,35,120,1.1428571428571428,0.0,0.0,0.9435333333333332,12.1275,6.0,10,20.0,,4000.0,0.0,0.0,0.0,34.60443879983023,optimal
2021-02-08 20:00:00,35,120,0.4300061879518163,0.0,0.0,0.1951,12.348,6.0,10,20.01763442475104,,1505.0216578313573,0.0,0.0,0.0,34.002527359689005,optimal
2021-02-08 20:30:00,35,120,0.0,0.0,0.0,0.1027,12.348,6.0,10,20.0,,0.0,0.0,0.0,0.0,33.401217830987925,optimal
2021-02-08 21:00:00,35,120,0.0,0.0,0.0,0.4323999999999999,25.389,6.0,10,19.968306835787715,,0.0,0.0,0.0,0.0,32.80050961181555,optimal
2021-02-08 21:30:00,35,120,0.0,0.0,0.0,0.5326333333333333,29.1375,6.0,10,19.94204923453847,,0.0,0.0,0.0,0.0,32.20040210086234,optimal
2021-02-08 22:00:00,35,120,0.0,0.0,0.0,0.3377,30.597,6.0,10,19.9165715178576,,0.0,0.0,0.0,0.0,31.600894697420088,optimal
2021-02-08 22:30:00,35,120,0.0,0.0,0.0,1.8038666666666665,33.684,6.0,10,19.888053787128698,,0.0,0.0,0.0,0.0,31.56929380272267,optimal
2021-02-08 23:00:00,35,120,0.0,0.1548148148148148,0.0,2.6128,32.445,6.0,10,19.868237708773822,,0.0,0.0,0.0,139.33333333333331,31.537724508919947,optimal
2021-02-08 23:30:00,35,120,0.0,1.6255555555555554,0.0,0.7951333333333334,28.917,6.0,10,19.847553693462668,,0.0,0.0,0.0,1463.0,31.506186784411028,optimal
2021-02-09 00:00:00,35,120,1.1428571428571428,0.0,0.0,0.055,11.466,6.0,2,19.847553693462668,,4000.0,0.0,0.0,0.0,31.474680597626616,optimal
2021-02-09 00:30:00,35,120,1.1428571428571428,0.0,5.0,0.1485,10.8045,6.0,2,19.86091460148964,,4000.0,0.0,0.0,0.0,33.81820591702899,optimal
2021-02-09 01:00:00,35,120,1.1428571428571428,0.0,5.0,0.1626999999999999,10.584,6.0,2,19.87548719791159,,4000.0,0.0,0.0,0.0,36.15938771111196,optimal
2021-02-09 01:30:00,35,120,1.1428571428571428,0.0,5.0,0.2316,11.2455,6.0,2,19.890303020662007,,4000.0,0.0,0.0,0.0,38.49822832340085,optimal
2021-02-09 02:00:00,35,120,1.1428571428571428,0.0,0.0,0.1273333333333333,12.1275,6.0,2,19.905730577274856,,4000.0,0.0,0.0,0.0,38.459730095077454,optimal
2021-02-09 02:30:00,35,120,1.1428571428571428,0.0,0.0,0.2068666666666666,11.823,6.0,2,19.91965907918005,,4000.0,0.0,0.0,0.0,38.42127036498238,optimal
2021-02-09 03:00:00,35,120,1.1428571428571428,0.0,0.0,0.2047333333333333,11.7705,6.0,2,19.93462799746258,,4000.0,0.0,0.0,0.0,38.38284909461739,optimal
2021-02-09 03:30:00,35,120,1.1428571428571428,0.0,5.0,0.1853333333333333,11.13,6.0,2,19.949640378067823,,4000.0,0.0,0.0,0.0,40.71946624552277,optimal
2021-02-09 04:00:00,35,120,1.1428571428571428,0.0,0.0,0.2353,11.6865,6.0,2,19.964584914512304,,4000.0,0.0,0.0,0.0,40.678746779277255,optimal
2021-02-09 04:30:00,35,120,1.1428571428571428,0.0,5.0,0.1772,10.7205,6.0,2,19.98030678984335,,4000.0,0.0,0.0,0.0,43.013068032497976,optimal
2021-02-09 05:00:00,35,120,1.1428571428571428,0.0,0.8781031670869018,0.0761666666666666,11.424,6.0,2,19.995091445140485,,4000.0,0.0,0.0,0.0,43.38715396883175,optimal
2021-02-09 05:30:00,35,120,1.1428571428571428,0.0,5.0,0.3253999999999999,10.689,6.0,2,20.008417709898687,,4000.0,0.0,0.0,0.0,45.71876681486292,optimal
2021-02-09 06:00:00,35,120,1.1428571428571428,0.387037037037037,5.0,0.3651,11.361,6.0,2,20.0247538005102,,4000.0,0.0,0.0,348.3333333333333,48.048048048048045,optimal
2021-02-09 06:30:00,35,120,1.1428571428571428,0.6192592592592592,0.0,0.9045333333333332,11.571,6.0,2,20.044000351841305,,4000.0,0.0,0.0,557.3333333333333,48.0,optimal
2021-02-09 07:00:00,35,120,1.1428571428571428,0.4644444444444444,0.0,0.4014333333333332,14.3745,6.0,2,20.062877706324187,,4000.0,0.0,0.0,418.0,47.85973346800101,optimal
2021-02-09 07:30:00,35,120,1.1428571428571428,0.387037037037037,0.0,0.0858,13.23,6.0,2,20.08296875743783,,4000.0,0.0,0.0,348.3333333333333,47.71960720253401,optimal
2021-02-09 08:00:00,35,120,1.1428571428571428,0.387037037037037,0.0,0.4245333333333334,13.9755,6.0,2,20.10019886199624,,4000.0,0.0,0.0,348.3333333333333,47.57962106333248,optimal
2021-02-09 08:30:00,35,120,0.0,5.418518518518519,0.0,0.3029333333333333,14.994,6.0,2,20.123036593552317,,0.0,0.0,0.0,4876.666666666667,47.43977491027015,optimal
2021-02-09 09:00:00,35,120,1.1428571428571428,0.0,0.0,1.1820333333333333,13.671,6.0,2,20.09574107285818,,4000.0,0.0,0.0,0.0,47.30006860336088,optimal
2021-02-09 09:30:00,35,120,0.0,0.2322222222222222,0.0,0.1718,15.981,6.0,2,20.11772127585756,,0.0,0.0,0.0,209.0,47.16050200275853,optimal
2021-02-09 10:00:00,35,120,0.0,0.0,0.0,0.2635333333333333,15.6345,6.0,2,20.08595763172756,,0.0,0.0,0.0,0.0,47.02107496875677,optimal
2021-02-09 10:30:00,35,120,0.0,1.7029629629629628,0.0,0.1656,16.5375,6.0,2,20.058885806509043,,0.0,0.0,0.0,1532.6666666666663,46.88178736178902,optimal
2021-02-09 11:00:00,35,120,1.1428571428571428,0.0,0.0,0.3343666666666667,14.7735,6.0,2,20.03101755075238,,4000.0,0.0,0.0,0.0,46.74263904242824,optimal
2021-02-09 11:30:00,35,120,0.0,0.0,0.0,0.1544333333333333,15.2145,6.0,2,20.05468076847308,,0.0,0.0,0.0,0.0,46.603629871386815,optimal
2021-02-09 12:00:00,35,120,1.1428571428571428,0.0,0.0,0.2651333333333333,14.553,6.0,2,20.026471805051223,,4000.0,0.0,0.0,0.0,46.46475970951644,optimal
2021-02-09 12:30:00,35,120,1.1428571428571428,0.0,0.0,0.2426666666666666,14.3325,6.0,2,20.05037006343697,,4000.0,0.0,0.0,0.0,46.326028417807926,optimal
2021-02-09 13:00:00,35,120,1.1428571428571428,0.0,0.0,0.2200666666666666,14.595,6.0,2,20.07384811723557,,4000.0,0.0,0.0,0.0,46.18743585739112,optimal
2021-02-09 13:30:00,35,120,0.5590347813585751,0.0,0.0,0.2205666666666666,14.994,6.0,2,20.09735757056676,,1956.6217347550123,0.0,0.0,0.0,46.04898188953474,optimal
2021-02-09 14:00:00,35,120,1.1428571428571428,0.0,0.0,0.1547333333333333,14.3325,6.0,2,20.095834242582512,,4000.0,0.0,0.0,0.0,45.91066637564621,optimal
2021-02-09 14:30:00,35,120,1.1428571428571428,0.0,0.0,0.2531,13.8915,6.0,2,20.11775660045009,,4000.0,0.0,0.0,0.0,45.77248917727157,optimal
2021-02-09 15:00:00,35,120,1.1428571428571428,0.0,0.0,0.2359333333333333,13.8915,6.0,2,20.140734704217724,,4000.0,0.0,0.0,0.0,45.6344501560953,optimal
2021-02-09 15:30:00,35,120,1.1428571428571428,0.0,0.0,0.1374,13.4715,6.0,2,20.161193959191657,,4000.0,0.0,0.0,0.0,45.49654917394021,optimal
2021-02-09 16:00:00,35,120,1.1428571428571428,0.0,0.0,0.1876,13.23,6.0,2,20.18041228552029,,4000.0,0.0,0.0,0.0,45.35878609276728,optimal
2021-02-09 16:30:00,35,120,1.1428571428571428,0.0,0.0,0.6620666666666667,13.8915,6.0,2,20.197231180209403,,4000.0,0.0,0.0,0.0,45.22116077467551,optimal
2021-02-09 17:00:00,35,120,0.0,0.2322222222222222,0.0,0.1594,26.9325,6.0,2,20.221438123708342,,0.0,0.0,0.0,209.0,45.08367308190184,optimal
2021-02-09 17:30:00,35,120,0.0,0.3096296296296296,0.0,0.2823666666666666,30.303,6.0,2,20.19114737642157,,0.0,0.0,0.0,278.66666666666663,44.94632287682094,optimal
2021-02-09 18:00:00,35,120,0.0,0.1548148148148148,0.0,0.2769333333333333,32.886,6.0,2,20.16206010822696,,0.0,0.0,0.0,139.33333333333331,44.80911002194513,optimal
2021-02-09 18:30:00,35,120,0.0,0.0774074074074074,0.0,0.1067999999999999,34.9965,6.0,2,20.12870929138042,,0.0,0.0,0.0,69.66666666666666,44.67203437992419,optimal
2021-02-09 19:00:00,35,120,0.0,0.3096296296296296,0.0,0.6547666666666666,33.327,6.0,2,20.09192627681216,,0.0,0.0,0.0,278.66666666666663,44.53509581354528,optimal
2021-02-09 19:30:00,35,120,0.0,0.0,0.0,0.4622,31.122,6.0,2,20.06361717585837,,0.0,0.0,0.0,0.0,44.39829418573274,optimal
2021-02-09 20:00:00,35,120,0.0,0.0,0.0,0.2697,17.9025,6.0,2,20.03349948880644,,0.0,0.0,0.0,0.0,44.26162935954801,optimal
2021-02-09 20:30:00,35,120,0.0,0.0,0.0,0.1754333333333333,15.6555,6.0,2,20.0,,0.0,0.0,0.0,0.0,44.12510119818947,optimal
2021-02-09 21:00:00,35,120,0.0,0.2322222222222222,0.0,0.3899666666666666,14.553,6.0,2,19.96359596843077,,0.0,0.0,0.0,209.0,43.98870956499229,optimal
2021-02-09 21:30:00,35,120,0.0,0.2322222222222222,0.0,0.4579666666666666,14.3325,6.0,2,19.93378888300665,,0.0,0.0,0.0,209.0,43.94472085542729,optimal
2021-02-09 22:00:00,35,120,0.0,0.0774074074074074,0.0,0.9507333333333332,13.335,6.0,2,19.909530562816837,,0.0,0.0,0.0,69.66666666666666,43.90077613457186,optimal
2021-02-09 22:30:00,35,120,0.0,0.0,0.0,0.5411333333333334,12.1275,6.0,2,19.892082087365463,,0.0,0.0,0.0,0.0,43.85687535843729,optimal
2021-02-09 23:00:00,35,120,0.0,0.0,0.0,0.4048333333333333,12.2955,6.0,2,19.8709672538252,,0.0,0.0,0.0,0.0,43.81301848307886,optimal
2021-02-09 23:30:00,35,120,0.0,0.0,0.0,0.3453333333333333,11.6865,6.0,2,19.84550462251083,,0.0,0.0,0.0,0.0,43.76920546459578,optimal
2021-02-10 00:00:00,35,120,1.1428571428571428,0.0,0.0,0.2137666666666667,18.123,6.0,17,19.84550462251083,,4000.0,0.0,0.0,0.0,43.72543625913118,optimal
2021-02-10 00:30:00,35,120,0.0,0.0,0.0,0.2074666666666666,31.647,6.0,17,19.862068902020734,,0.0,0.0,0.0,0.0,43.68171082287205,optimal
2021-02-10 01:00:00,35,120,0.0,0.0,0.0,0.2375666666666666,34.9965,6.0,17,19.829486322749723,,0.0,0.0,0.0,0.0,43.638029112049175,optimal
2021-02-10 01:30:00,35,120,0.0,0.0,0.0,0.1345666666666666,34.9965,6.0,17,19.79639771057945,,0.0,0.0,0.0,0.0,43.59439108293713,optimal
2021-02-10 02:00:00,35,120,0.0,0.0,0.0,0.0589,34.9965,6.0,17,19.7611135655898,,0.0,0.0,0.0,0.0,43.5507966918542,optimal
2021-02-10 02:30:00,35,120,0.0,0.0,0.0,0.2795666666666667,34.9965,6.0,17,19.724714347547877,,0.0,0.0,0.0,0.0,43.50724589516234,optimal
2021-02-10 03:00:00,35,120,0.0,0.0,0.0,0.047,34.9965,6.0,17,19.691083651878618,,0.0,0.0,0.0,0.0,43.46373864926718,optimal
2021-02-10 03:30:00,35,120,0.0,0.0,0.0,0.047,27.741,6.0,17,19.654743275155592,,0.0,0.0,0.0,0.0,43.42027491061791,optimal
2021-02-10 04:00:00,35,120,1.1428571428571428,0.0,0.0,0.1829666666666666,19.026,6.0,17,19.618474945513828,,4000.0,0.0,0.0,0.0,43.376854635707296,optimal
2021-02-10 04:30:00,35,120,1.1428571428571428,0.0,0.0,0.1455,18.7215,6.0,17,19.632664285634554,,4000.0,0.0,0.0,0.0,43.33347778107159,optimal
2021-02-10 05:00:00,35,120,1.1428571428571428,0.0,0.0,0.0985666666666666,17.4195,6.0,17,19.646170806417395,,4000.0,0.0,0.0,0.0,43.29014430329052,optimal
2021-02-10 05:30:00,35,120,1.1428571428571428,0.0,0.0,0.2299,16.758,6.0,17,19.65888053541204,,4000.0,0.0,0.0,0.0,43.246854158987226,optimal
2021-02-10 06:00:00,35,120,1.1428571428571428,0.0,0.0,0.0676666666666666,14.217,6.0,17,19.672966758028007,,4000.0,0.0,0.0,0.0,43.20360730482824,optimal
2021-02-10 06:30:00,35,120,1.1428571428571428,0.0,0.0,0.3171333333333333,13.3665,6.0,17,19.68481792913748,,4000.0,0.0,0.0,0.0,43.16040369752341,optimal
2021-02-10 07:00:00,35,120,1.1428571428571428,0.774074074074074,0.4668766032108052,2.3756,12.789,6.0,17,19.700353278017293,,4000.0,0.0,0.0,696.6666666666666,43.33900968035103,optimal
2021-02-10 07:30:00,35,120,1.1428571428571428,30.82280699210151,5.0,0.8552666666666666,11.907,6.0,17,19.723951428370725,,4000.0,20875.572959558023,0.0,6864.953333333333,45.670670670670674,optimal
2021-02-10 08:00:00,35,120,1.1428571428571428,0.3452370370370369,5.0,2.863933333333333,11.7075,6.0,17,20.0,,4000.0,0.0,0.0,310.71333333333325,48.0,optimal
2021-02-10 08:30:00,35,120,1.1428571428571428,2.322222222222221,0.0,0.4839666666666666,10.8045,6.0,17,20.025435364663284,,4000.0,0.0,0.0,2089.9999999999995,47.34377017877093,optimal
2021-02-10 09:00:00,35,120,1.1428571428571428,0.3096296296296296,0.0,2.7995666666666668,11.508,6.0,17,20.0463231674142,,4000.0,0.0,0.0,278.66666666666663,46.688196587363095,optimal
2021-02-10 09:30:00,35,120,1.1428571428571428,0.0,0.0,0.4534333333333333,11.508,6.0,17,20.069489416114227,,4000.0,0.0,0.0,0.0,46.03327856954667,optimal
2021-02-10 10:00:00,35,120,1.1428571428571428,0.0,0.0,0.102,11.508,6.0,17,20.088152397221474,,4000.0,0.0,0.0,0.0,45.379015469748055,optimal
2021-02-10 10:30:00,35,120,1.1428571428571428,0.0,0.0,0.2005,11.844,6.0,17,20.10359657747471,,4000.0,0.0,0.0,0.0,44.72540663304924,optimal
2021-02-10 11:00:00,35,120,1.1428571428571428,0.0,0.0,0.1434666666666666,11.508,6.0,17,20.120507483907065,,4000.0,0.0,0.0,0.0,44.07245140518712,optimal
2021-02-10 11:30:00,35,120,1.1428571428571428,0.0,0.0,0.1065,11.508,6.0,17,20.13908785517426,,4000.0,0.0,0.0,0.0,43.42014913255287,optimal
2021-02-10 12:00:00,35,120,1.1428571428571428,0.0,0.0,0.2014666666666666,10.4475,6.0,17,20.157379305352187,,4000.0,0.0,0.0,0.0,42.76849916219125,optimal
2021-02-10 12:30:00,35,120,1.1428571428571428,0.0,0.0,0.147,10.8675,6.0,17,20.179704036496087,,4000.0,0.0,0.0,0.0,42.1175008418,optimal
2021-02-10 13:00:00,35,120,1.1428571428571428,0.0,0.0,0.057,10.542,6.0,17,20.201320975829237,,4000.0,0.0,0.0,0.0,41.46715351972913,optimal
2021-02-10 13:30:00,35,120,1.1428571428571428,0.0,0.0,0.2914666666666666,11.025,6.0,17,20.221346251980467,,4000.0,0.0,0.0,0.0,40.81745654498034,optimal
2021-02-10 14:00:00,35,120,1.1428571428571428,0.0,0.0,0.057,11.025,6.0,17,20.2445846927444,,4000.0,0.0,0.0,0.0,40.16840926720629,optimal
2021-02-10 14:30:00,35,120,1.0514737701659895,0.0,0.0,0.1746,14.553,6.0,17,20.264961767512364,,3680.1581955809634,0.0,0.0,0.0,39.52001103671002,optimal
2021-02-10 15:00:00,35,120,1.1428571428571428,0.0,0.0,0.1738666666666666,13.0935,6.0,17,20.282834664371887,,4000.0,0.0,0.0,0.0,38.87226120444424,optimal
2021-02-10 15:30:00,35,120,0.0,0.0,0.0,0.1832666666666667,15.6345,6.0,17,20.302620778797117,,0.0,0.0,0.0,0.0,38.22515912201073,optimal
2021-02-10 16:00:00,35,120,0.0,0.0,0.0,0.3479,18.102,6.0,17,20.274700007001016,,0.0,0.0,0.0,0.0,37.57870414165965,optimal
2021-02-10 16:30:00,35,120,0.0,0.1548148148148148,0.0,1.6538666666666666,17.199,6.0,17,20.246356125124667,,0.0,0.0,0.0,139.33333333333331,37.54112543751799,optimal
2021-02-10 17:00:00,35,120,0.0,0.0774074074074074,0.0,1.4276,18.2805,6.0,17,20.222257398802995,,0.0,0.0,0.0,69.66666666666666,37.50358431208047,optimal
2021-02-10 17:30:00,35,120,0.0,0.2322222222222222,0.0,2.8039666666666667,17.4615,6.0,17,20.19807514984101,,0.0,0.0,0.0,209.0,37.46608072776839,optimal
2021-02-10 18:00:00,35,120,0.0,0.387037037037037,0.0,0.2418666666666666,18.3225,6.0,17,20.177692278958805,,0.0,0.0,0.0,348.3333333333333,37.42861464704063,optimal
2021-02-10 18:30:00,35,120,0.0,0.387037037037037,0.0,1.8204,17.094,6.0,17,20.149556007006552,,0.0,0.0,0.0,348.3333333333333,37.391186032393584,optimal
2021-02-10 19:00:00,35,120,0.0,0.0,0.0,0.2219,17.094,6.0,17,20.118248622091578,,0.0,0.0,0.0,0.0,37.35379484636119,optimal
2021-02-10 19:30:00,35,120,0.0,0.0,0.0,0.1085666666666666,17.094,6.0,17,20.080198538153784,,0.0,0.0,0.0,0.0,37.31644105151483,optimal
2021-02-10 20:00:00,35,120,0.0,0.0,0.0,0.102,17.3565,6.0,17,20.04034758461793,,0.0,0.0,0.0,0.0,37.27912461046331,optimal
2021-02-10 20:30:00,35,120,0.0,0.0,0.0,0.2174,17.115,6.0,17,20.0,,0.0,0.0,0.0,0.0,37.24184548585285,optimal
2021-02-10 21:00:00,35,120,0.0,0.0,0.0,0.1310666666666666,17.241,6.0,17,19.961039121270492,,0.0,0.0,0.0,0.0,37.204603640367,optimal
2021-02-10 21:30:00,35,120,0.0,0.0,0.0,0.0767,17.094,6.0,17,19.92100461449032,,0.0,0.0,0.0,0.0,37.16739903672663,optimal
2021-02-10 22:00:00,35,120,0.0,0.0,0.0,0.1997666666666666,16.5165,6.0,17,19.87751244909392,,0.0,0.0,0.0,0.0,37.1302316376899,optimal
2021-02-10 22:30:00,35,120,0.0,0.0,0.0,0.129,17.8185,6.0,17,19.832731033873877,,0.0,0.0,0.0,0.0,37.09310140605221,optimal
2021-02-10 23:00:00,35,120,0.0,0.0,0.0,0.1489333333333333,17.094,6.0,17,19.78668065608664,,0.0,0.0,0.0,0.0,37.05600830464616,optimal
2021-02-10 23:30:00,35,120,0.0,0.0,0.0,0.1082,16.8945,6.0,17,19.740468770061195,,0.0,0.0,0.0,0.0,37.01895229634152,optimal
2021-02-11 00:00:00,35,120,1.1428571428571428,0.0,0.0,0.06,12.873,6.0,6,19.740468770061195,,4000.0,0.0,0.0,0.0,36.98193334404517,optimal
2021-02-11 00:30:00,35,120,1.1428571428571428,0.0,0.0,0.1597333333333333,12.684,6.0,6,19.74453628174651,,4000.0,0.0,0.0,0.0,36.94495141070113,optimal
2021-02-11 01:00:00,35,120,1.1428571428571428,0.0,0.0,0.0974,12.306,6.0,6,19.75000897131844,,4000.0,0.0,0.0,0.0,36.90800645929043,optimal
2021-02-11 01:30:00,35,120,1.1428571428571428,0.0,5.0,0.06,10.6365,6.0,6,19.754909701164102,,4000.0,0.0,0.0,0.0,39.246098452831134,optimal
2021-02-11 02:00:00,35,120,1.1428571428571428,0.0,0.0,0.1971333333333333,11.2455,6.0,6,19.759345095368005,,4000.0,0.0,0.0,0.0,39.20685235437831,optimal
2021-02-11 02:30:00,35,120,1.1428571428571428,0.0,0.0,0.06,11.2455,6.0,6,19.76544230145895,,4000.0,0.0,0.0,0.0,39.16764550202393,optimal
2021-02-11 03:00:00,35,120,1.1428571428571428,0.0,0.0,0.06,11.025,6.0,6,19.76965855783453,,4000.0,0.0,0.0,0.0,39.128477856521904,optimal
2021-02-11 03:30:00,35,120,1.1428571428571428,0.0,0.0,0.1784333333333333,12.0855,6.0,6,19.773668198930675,,4000.0,0.0,0.0,0.0,39.08934937866538,optimal
2021-02-11 04:00:00,35,120,1.1428571428571428,0.0,0.0,0.0787,11.6865,6.0,6,19.779608326893115,,4000.0,0.0,0.0,0.0,39.05026002928672,optimal
2021-02-11 04:30:00,35,120,1.1428571428571428,0.0,0.0,0.0724666666666666,11.2245,6.0,6,19.78481733319571,,4000.0,0.0,0.0,0.0,39.01120976925744,optimal
2021-02-11 05:00:00,35,120,1.1428571428571428,0.0,0.0,0.1846666666666666,11.025,6.0,6,19.789940075709737,,4000.0,0.0,0.0,0.0,38.97219855948818,optimal
2021-02-11 05:30:00,35,120,1.1428571428571428,0.0,5.0,0.06,10.7835,6.0,6,19.79641952097506,,4000.0,0.0,0.0,0.0,41.308226360928685,optimal
2021-02-11 06:00:00,35,120,1.1428571428571428,0.0,0.2631365388418323,0.1909,11.025,6.0,6,19.801863028925563,,4000.0,0.0,0.0,0.0,41.39190799051762,optimal
2021-02-11 06:30:00,35,120,1.1428571428571428,0.0,5.0,0.0662333333333333,10.584,6.0,6,19.80938605422345,,4000.0,0.0,0.0,0.0,43.7255160825271,optimal
2021-02-11 07:00:00,35,120,1.1428571428571428,0.0,5.0,0.0849333333333333,11.025,6.0,6,19.815871073243507,,4000.0,0.0,0.0,0.0,46.056790566444576,optimal
2021-02-11 07:30:00,35,120,1.1428571428571428,15.376509675980452,5.0,0.1748666666666666,10.4265,6.0,6,19.82306668583943,,4000.0,13838.858708382408,0.0,0.0,48.38573377587813,optimal
2021-02-11 08:00:00,35,120,1.1428571428571428,0.0,0.0,0.07,12.789,6.0,6,20.0,,4000.0,0.0,0.0,0.0,48.33734804210225,optimal
2021-02-11 08:30:00,35,120,1.1428571428571428,0.0,0.0,0.1421333333333333,12.684,6.0,6,20.006822017146398,,4000.0,0.0,0.0,0.0,48.28901069406015,optimal
2021-02-11 09:00:00,35,120,1.1428571428571428,0.0,0.0,0.1223333333333333,16.254,6.0,6,20.01424436405932,,4000.0,0.0,0.0,0.0,48.24072168336608,optimal
2021-02-11 09:30:00,35,120,1.1428571428571428,0.0,0.0,0.0593333333333333,17.64,6.0,6,20.023367772951488,,4000.0,0.0,0.0,0.0,48.19248096168271,optimal
2021-02-11 10:00:00,35,120,0.8014875229114174,0.4644444444444444,0.0,0.2113,19.1625,6.0,6,20.036796065132062,,2805.206330189961,0.0,0.0,418.0,48.144288480721016,optimal
2021-02-11 10:30:00,35,120,0.0,5.573333333333333,0.0,0.2373666666666666,26.46,6.0,6,20.049909655674483,,0.0,0.0,0.0,5016.0,48.096144192240295,optimal
2021-02-11 11:00:00,35,120,0.0,0.0,0.0,2.3779666666666666,20.79,6.0,6,20.02642312358404,,0.0,0.0,0.0,0.0,48.048048048048045,optimal
2021-02-11 11:30:00,35,120,0.0,0.5418518518518518,0.0,1.9117333333333328,29.106,6.0,6,20.013360543775025,,0.0,0.0,0.0,487.6666666666667,48.0,optimal
2021-02-11 12:00:00,35,120,1.0316946838408585,0.0,0.0,1.4192333333333331,19.1835,6.0,6,20.0,,3610.931393443004,0.0,0.0,0.0,47.27829163310548,optimal
2021-02-11 12:30:00,35,120,0.0,0.0,0.0,0.8304666666666667,19.6665,6.0,6,20.03292810026815,,0.0,0.0,0.0,0.0,46.557304974577846,optimal
2021-02-11 13:00:00,35,120,0.0,0.3096296296296296,0.0,0.8771,19.404,6.0,6,20.01695803689764,,0.0,0.0,0.0,278.66666666666663,45.837039302708746,optimal
2021-02-11 13:30:00,35,120,0.2298868079086214,0.0,0.0,2.936866666666667,19.047,6.0,6,20.0,,804.6038276801748,0.0,0.0,0.0,45.11749389651151,optimal
2021-02-11 14:00:00,35,120,1.1428571428571428,0.3096296296296296,0.0,2.4206333333333334,18.858,6.0,6,20.0,,4000.0,0.0,0.0,278.66666666666663,44.39866803572048,optimal
2021-02-11 14:30:00,35,120,0.0,0.0,0.0,0.201,19.2675,6.0,6,20.037425666127028,,0.0,0.0,0.0,0.0,43.68056100079024,optimal
2021-02-11 15:00:00,35,120,0.4157544223777822,0.0,0.0,0.1884333333333333,18.963,6.0,6,20.0217409866751,,1455.1404783222376,0.0,0.0,0.0,42.96317207289492,optimal
2021-02-11 15:30:00,35,120,1.1428571428571428,0.0,0.0,0.0887,18.438,6.0,6,20.01253905560148,,4000.0,0.0,0.0,0.0,42.2465005339275,optimal
2021-02-11 16:00:00,35,120,1.1428571428571428,0.0,0.0,0.07,18.7425,6.0,6,20.03086278710995,,4000.0,0.0,0.0,0.0,41.53054566649905,optimal
2021-02-11 16:30:00,35,120,1.1428571428571428,0.0,0.0,0.2071333333333333,15.2145,6.0,6,20.04379880564462,,4000.0,0.0,0.0,0.0,40.81530675393803,optimal
2021-02-11 17:00:00,35,120,1.1428571428571428,0.0774074074074074,0.0,0.187,17.7765,6.0,6,20.05659547646902,,4000.0,0.0,0.0,69.66666666666666,40.10078308028957,optimal
2021-02-11 17:30:00,35,120,1.1428571428571428,0.0774074074074074,0.0,0.2601,16.758,6.0,6,20.06747194553881,,4000.0,0.0,0.0,69.66666666666666,39.38697393031476,optimal
2021-02-11 18:00:00,35,120,1.1428571428571428,0.0,0.0,0.199,16.422,6.0,6,20.08114097292586,,4000.0,0.0,0.0,0.0,38.67387858948992,optimal
2021-02-11 18:30:00,35,120,1.1428571428571428,0.0,0.0,0.2538,16.758,6.0,6,20.093341139817912,,4000.0,0.0,0.0,0.0,38.63520471090043,optimal
2021-02-11 19:00:00,35,120,0.0,0.387037037037037,0.0,0.4551333333333333,29.358,6.0,6,20.107046454980196,,0.0,0.0,0.0,348.3333333333333,38.59656950618953,optimal
2021-02-11 19:30:00,35,120,0.0,0.8716074074074074,0.0,0.5430333333333333,34.9965,6.0,6,20.07363582684513,,0.0,0.0,0.0,784.4466666666667,38.55797293668334,optimal
2021-02-11 20:00:00,35,120,0.0,0.9861703703703704,0.0,0.3451666666666667,34.65,6.0,6,20.039703527080107,,0.0,0.0,0.0,887.5533333333335,38.519414963746655,optimal
2021-02-11 20:30:00,35,120,0.0,0.0,0.0,0.2686,34.9965,6.0,6,20.0,,0.0,0.0,0.0,0.0,38.48089554878291,optimal
2021-02-11 21:00:00,35,120,0.0,0.0,0.0,0.3086,34.9965,6.0,6,19.959548096722468,,0.0,0.0,0.0,0.0,38.44241465323413,optimal
2021-02-11 21:30:00,35,120,0.0,0.0,0.0,0.2009,30.4815,6.0,6,19.91637291880043,,0.0,0.0,0.0,0.0,38.4039722385809,optimal
2021-02-11 22:00:00,35,120,0.0,0.0,0.0,0.07,21.4305,6.0,6,19.86991604822954,,0.0,0.0,0.0,0.0,38.36556826634232,optimal
2021-02-11 22:30:00,35,120,0.0,0.0,0.0,0.07,14.3325,6.0,6,19.822650509597636,,0.0,0.0,0.0,0.0,38.32720269807597,optimal
2021-02-11 23:00:00,35,120,0.0,0.0,0.0,0.1946666666666666,13.692,6.0,6,19.774289140150422,,0.0,0.0,0.0,0.0,38.28887549537789,optimal
2021-02-11 23:30:00,35,120,0.0,0.0,0.0,0.0824666666666666,14.007,6.0,6,19.726352844564005,,0.0,0.0,0.0,0.0,38.25058661988252,optimal
2021-02-12 00:00:00,35,120,0.0,0.0,0.0,0.1802333333333333,28.035,6.0,15,19.726352844564005,,0.0,0.0,0.0,0.0,38.21233603326264,optimal
2021-02-12 00:30:00,35,120,0.0,0.0,0.0,0.2787,28.119,6.0,15,19.678393714968145,,0.0,0.0,0.0,0.0,38.174123697229376,optimal
2021-02-12 01:00:00,35,120,0.0,0.0,0.0,0.3603,30.156,6.0,15,19.63466419222233,,0.0,0.0,0.0,0.0,38.13594957353215,optimal
2021-02-12 01:30:00,35,120,0.0,0.0,0.0,0.0960666666666666,29.1585,6.0,15,19.59626951946753,,0.0,0.0,0.0,0.0,38.097813623958615,optimal
2021-02-12 02:00:00,35,120,0.0,0.0,0.0,0.052,26.712,6.0,15,19.5499354809677,,0.0,0.0,0.0,0.0,38.05971581033466,optimal
2021-02-12 02:30:00,35,120,1.1428571428571428,0.0,0.0,0.052,15.435,6.0,15,19.50066242578592,,4000.0,0.0,0.0,0.0,38.02165609452432,optimal
2021-02-12 03:00:00,35,120,1.1428571428571428,0.0,0.0,0.052,13.566,6.0,15,19.500811199309812,,4000.0,0.0,0.0,0.0,37.9836344384298,optimal
2021-02-12 03:30:00,35,120,1.1428571428571428,0.0,0.0,0.052,12.789,6.0,15,19.50155444673925,,4000.0,0.0,0.0,0.0,37.94565080399137,optimal
2021-02-12 04:00:00,35,120,1.1428571428571428,0.0,1.6835486652764668,0.052,12.1275,6.0,15,19.503684014636885,,4000.0,0.0,0.0,0.0,38.7073907691937,optimal
2021-02-12 04:30:00,35,120,1.1428571428571428,0.0,0.0,0.052,13.671,6.0,15,19.50719715453525,,4000.0,0.0,0.0,0.0,38.6686833784245,optimal
2021-02-12 05:00:00,35,120,1.1428571428571428,0.0,5.0,0.052,10.668,6.0,15,19.512091123415868,,4000.0,0.0,0.0,0.0,41.00501469504607,optimal
2021-02-12 05:30:00,35,120,1.1428571428571428,0.0,5.0,0.052,11.7285,6.0,15,19.51836318369849,,4000.0,0.0,0.0,0.0,43.33900968035103,optimal
2021-02-12 06:00:00,35,120,1.1428571428571428,0.0,5.0,0.052,11.025,6.0,15,19.526208859516416,,4000.0,0.0,0.0,0.0,45.670670670670674,optimal
2021-02-12 06:30:00,35,120,1.1428571428571428,0.1548148148148148,5.0,0.1353333333333333,10.689,6.0,15,19.535625031077927,,4000.0,0.0,0.0,139.33333333333331,48.0,optimal
2021-02-12 07:00:00,35,120,1.1428571428571428,6.9470270607836735,0.0,0.177,8.1585,6.0,15,19.54794395056344,,4000.0,5276.991021371973,0.0,975.3333333333334,47.79793946960032,optimal
2021-02-12 07:30:00,35,120,1.1428571428571428,33.333333333333336,0.0,0.177,10.3635,6.0,15,19.626631386250114,,4000.0,29582.0,0.0,418.0,47.59608099973104,optimal
2021-02-12 08:00:00,35,120,1.1428571428571428,0.1548148148148148,0.0,0.177,10.8045,6.0,15,20.0,,4000.0,0.0,0.0,139.33333333333331,47.39442438833164,optimal
2021-02-12 08:30:00,35,120,1.1428571428571428,0.0774074074074074,0.0,1.1624,11.025,6.0,15,20.01514350592745,,4000.0,0.0,0.0,69.66666666666666,47.19296943354363,optimal
2021-02-12 09:00:00,35,120,1.1428571428571428,0.0,0.0,0.192,10.3635,6.0,15,20.026909384898463,,4000.0,0.0,0.0,0.0,46.99171593371041,optimal
2021-02-12 09:30:00,35,120,1.1428571428571428,0.387037037037037,0.0,0.191,10.8045,6.0,15,20.03862380876575,,4000.0,0.0,0.0,348.3333333333333,46.79066368737703,optimal
2021-02-12 10:00:00,35,120,1.1428571428571428,0.0,0.0,0.192,10.059,6.0,15,20.05369799810688,,4000.0,0.0,0.0,0.0,46.589812493289976,optimal
2021-02-12 10:30:00,35,120,1.1428571428571428,0.2322222222222222,0.0,0.1926999999999999,10.584,6.0,15,20.07499493322801,,4000.0,0.0,0.0,209.0,46.38916215039701,optimal
2021-02-12 11:00:00,35,120,1.1428571428571428,0.2322222222222222,0.0,0.189,9.4185,6.0,15,20.094996443396603,,4000.0,0.0,0.0,209.0,46.18871245784694,optimal
2021-02-12 11:30:00,35,120,1.1428571428571428,0.3096296296296296,0.0,0.2508,10.3635,6.0,15,20.118550222293894,,4000.0,0.0,0.0,278.66666666666663,45.988463214989416,optimal
2021-02-12 12:00:00,35,120,1.1428571428571428,0.0,0.0,0.3788,9.8385,6.0,15,20.144635133256067,,4000.0,0.0,0.0,0.0,45.78841422137475,optimal
2021-02-12 12:30:00,35,120,1.1428571428571428,0.0774074074074074,0.0,0.2181999999999999,11.067,6.0,15,20.17283554119356,,4000.0,0.0,0.0,69.66666666666666,45.5885652767537,optimal
2021-02-12 13:00:00,35,120,1.1428571428571428,0.1548148148148148,0.0,0.3196,10.8465,6.0,15,20.200013456806943,,4000.0,0.0,0.0,139.33333333333331,45.38891618107727,optimal
2021-02-12 13:30:00,35,120,0.0,0.0774074074074074,0.0,1.6212,13.671,6.0,15,20.227485970322927,,0.0,0.0,0.0,69.66666666666666,45.18946673449652,optimal
2021-02-12 14:00:00,35,120,1.1428571428571428,0.5418518518518518,0.0,0.2945333333333333,12.348,6.0,15,20.21480485157257,,4000.0,0.0,0.0,487.6666666666667,44.990216737362346,optimal
2021-02-12 14:30:00,35,120,0.0,0.0,0.0,0.3763999999999999,14.3325,6.0,15,20.250516993764528,,0.0,0.0,0.0,0.0,44.79116599022531,optimal
2021-02-12 15:00:00,35,120,0.0,0.0,0.0,0.2389333333333333,15.393,6.0,15,20.23769071046589,,0.0,0.0,0.0,0.0,44.59231429383541,optimal
2021-02-12 15:30:00,35,120,0.0,0.0,0.0,0.2638,13.587,6.0,15,20.214039905993065,,0.0,0.0,0.0,0.0,44.393661449141895,optimal
2021-02-12 16:00:00,35,120,0.0,0.0774074074074074,0.0,0.2704,16.1385,6.0,15,20.186800156959016,,0.0,0.0,0.0,69.66666666666666,44.19520725729308,optimal
2021-02-12 16:30:00,35,120,0.0,0.8514814814814814,0.0,0.0558333333333333,14.595,6.0,15,20.159301264243563,,0.0,0.0,0.0,766.3333333333333,43.996951519636106,optimal
2021-02-12 17:00:00,35,120,0.0,0.2322222222222222,0.0,0.0845,14.637,6.0,15,20.12813004050882,,0.0,0.0,0.0,209.0,43.79889403771679,optimal
2021-02-12 17:30:00,35,120,0.0,0.4644444444444444,0.0,0.072,13.9125,6.0,15,20.097361526370765,,0.0,0.0,0.0,418.0,43.6010346132794,optimal
2021-02-12 18:00:00,35,120,0.0,0.0774074074074074,0.0,0.1841333333333333,13.3665,6.0,15,20.06430882150485,,0.0,0.0,0.0,69.66666666666666,43.403373048266445,optimal
2021-02-12 18:30:00,35,120,0.7279400545951515,0.0,0.0,0.6779,13.0095,6.0,15,20.03609499216324,,2547.7901910830305,0.0,0.0,0.0,43.205909144818506,optimal
2021-02-12 19:00:00,35,120,0.0,0.0774074074074074,0.0,0.2571,13.8915,6.0,15,20.049837291313107,,0.0,0.0,0.0,69.66666666666666,43.00864270527401,optimal
2021-02-12 19:30:00,35,120,0.0,0.0774074074074074,0.0,0.1469333333333333,13.188,6.0,15,20.026145316781346,,0.0,0.0,0.0,69.66666666666666,42.81157353216906,optimal
2021-02-12 20:00:00,35,120,0.5261859069435835,0.0,0.0,0.3088,12.5685,6.0,15,20.0,,1841.6506743025425,0.0,0.0,0.0,42.61470142823722,optimal
2021-02-12 20:30:00,35,120,0.0,0.2322222222222222,0.0,0.3286,12.285,6.0,15,20.0,,0.0,0.0,0.0,209.0,42.41802619640931,optimal
2021-02-12 21:00:00,35,120,0.0,0.0,0.0,0.4537,11.487,6.0,15,19.9777762168946,,0.0,0.0,0.0,0.0,42.22154763981322,optimal
2021-02-12 21:30:00,35,120,0.0,0.0774074074074074,0.0,0.3388333333333333,11.802,6.0,15,19.95334156928128,,0.0,0.0,0.0,69.66666666666666,42.025265561773736,optimal
2021-02-12 22:00:00,35,120,0.0,0.7167925925925925,0.0,0.3148999999999999,11.2245,6.0,15,19.920931956295465,,0.0,0.0,0.0,645.1133333333333,41.829179765812285,optimal
2021-02-12 22:30:00,35,120,0.0,1.373207407407408,0.0,0.2773333333333333,11.025,6.0,15,19.8895474232922,,0.0,0.0,0.0,1235.886666666667,41.6332900556468,optimal
2021-02-12 23:00:00,35,120,0.0,0.0,0.0,0.214,11.907,6.0,15,19.86064411938576,,0.0,0.0,0.0,0.0,41.43759623519147,optimal
2021-02-12 23:30:00,35,120,0.0,0.0,0.0,0.3133999999999999,25.83,6.0,15,19.834086774310936,,0.0,0.0,0.0,0.0,41.39615863895628,optimal
2021-02-13 00:00:00,35,120,1.1428571428571428,0.0,0.0,1.9414,9.4815,6.0,-4,19.834086774310936,,4000.0,0.0,0.0,0.0,41.354762480317326,optimal
2021-02-13 00:30:00,35,120,1.1428571428571428,0.0,0.0,0.067,8.379,6.0,-4,19.85019794784948,,4000.0,0.0,0.0,0.0,41.31340771783701,optimal
2021-02-13 01:00:00,35,120,1.1428571428571428,0.0,0.0,0.067,9.5235,6.0,-4,19.862006095522247,,4000.0,0.0,0.0,0.0,41.27209431011917,optimal
2021-02-13 01:30:00,35,120,1.1428571428571428,0.0,5.0,0.067,8.1375,6.0,-4,19.87388996094305,,4000.0,0.0,0.0,0.0,43.605822215809056,optimal
2021-02-13 02:00:00,35,120,1.1428571428571428,0.0,0.0,0.067,10.0905,6.0,-4,19.88584939399668,,4000.0,0.0,0.0,0.0,43.562216393593246,optimal
2021-02-13 02:30:00,35,120,1.1428571428571428,0.0,5.0,0.067,7.539,6.0,-4,19.89788424486557,,4000.0,0.0,0.0,0.0,45.89365417719965,optimal
2021-02-13 03:00:00,35,120,1.1428571428571428,0.0,5.0,0.067,7.938,6.0,-4,19.90989523588608,,4000.0,0.0,0.0,0.0,48.22276052302245,optimal
2021-02-13 03:30:00,35,120,1.1428571428571428,0.0,0.3427584833743642,0.067,8.274,6.0,-4,19.921882414361868,,4000.0,0.0,0.0,0.0,48.33734804210225,optimal
2021-02-13 04:00:00,35,120,1.1428571428571428,0.0,0.0,0.067,9.261,6.0,-4,19.933746699359727,,4000.0,0.0,0.0,0.0,48.28901069406015,optimal
2021-02-13 04:30:00,35,120,1.1428571428571428,0.0,0.0,0.067,9.9225,6.0,-4,19.945488334523706,,4000.0,0.0,0.0,0.0,48.24072168336608,optimal
2021-02-13 05:00:00,35,120,1.1428571428571428,0.0,0.0,0.067,9.702,6.0,-4,19.957008434871742,,4000.0,0.0,0.0,0.0,48.19248096168271,optimal
2021-02-13 05:30:00,35,120,1.1428571428571428,0.0,0.0,0.0713333333333333,10.584,6.0,-4,19.96830743961053,,4000.0,0.0,0.0,0.0,48.144288480721016,optimal
2021-02-13 06:00:00,35,120,1.1428571428571428,0.0,0.0,0.077,10.143,6.0,-4,19.979385787076023,,4000.0,0.0,0.0,0.0,48.096144192240295,optimal
2021-02-13 06:30:00,35,120,1.1428571428571428,0.5418518518518518,0.0,0.1739,13.0095,6.0,-4,19.99024391473513,,4000.0,0.0,0.0,487.6666666666667,48.048048048048045,optimal
2021-02-13 07:00:00,35,120,1.1428571428571428,0.6192592592592592,0.0,3.2698,11.025,6.0,-4,20.00422270278579,,4000.0,0.0,0.0,557.3333333333333,48.0,optimal
2021-02-13 07:30:00,35,120,1.1428571428571428,5.186296296296297,0.0,2.6391666666666667,12.789,6.0,-4,20.028440767152567,,4000.0,0.0,0.0,4667.666666666668,47.53593668722537,optimal
2021-02-13 08:00:00,35,120,1.1428571428571428,0.387037037037037,0.0,0.1024666666666666,12.1275,6.0,-4,20.05404041118535,,4000.0,0.0,0.0,348.3333333333333,47.07233743776352,optimal
2021-02-13 08:30:00,35,120,1.1428571428571428,0.0,0.0,1.5116666666666667,12.1695,6.0,-4,20.066606423243154,,4000.0,0.0,0.0,0.0,46.609201787551136,optimal
2021-02-13 09:00:00,35,120,1.1428571428571428,0.0,0.0,0.8985666666666667,12.306,6.0,-4,20.08411041046177,,4000.0,0.0,0.0,0.0,46.14652927298896,optimal
2021-02-13 09:30:00,35,120,1.1428571428571428,0.3096296296296296,0.0,0.416,13.23,6.0,-4,20.103288065258354,,4000.0,0.0,0.0,278.66666666666663,45.68431943094134,optimal
2021-02-13 10:00:00,35,120,1.054669606959292,0.0,0.0,0.2100666666666666,13.671,6.0,-4,20.12328223169565,,3691.343624357522,0.0,0.0,0.0,45.22257179873578,optimal
2021-02-13 10:30:00,35,120,0.0,0.0,0.0,0.077,13.9335,6.0,-4,20.13790853820885,,0.0,0.0,0.0,0.0,44.761285914162414,optimal
2021-02-13 11:00:00,35,120,1.1428571428571428,0.0,0.0,0.077,13.293,6.0,-4,20.10235999350849,,4000.0,0.0,0.0,0.0,44.300461315473626,optimal
2021-02-13 11:30:00,35,120,1.1428571428571428,0.0,0.0,0.077,12.1065,6.0,-4,20.119200334080627,,4000.0,0.0,0.0,0.0,43.84009754138353,optimal
2021-02-13 12:00:00,35,120,1.1428571428571428,0.0,0.0,0.077,11.571,6.0,-4,20.13610641576204,,4000.0,0.0,0.0,0.0,43.38019413106752,optimal
2021-02-13 12:30:00,35,120,1.1428571428571428,0.0,0.0,0.077,11.025,6.0,-4,20.154499922174487,,4000.0,0.0,0.0,0.0,42.92075062416183,optimal
2021-02-13 13:00:00,35,120,1.1428571428571428,0.0,0.0,0.077,10.8465,6.0,-4,20.173055218590367,,4000.0,0.0,0.0,0.0,42.46176656076304,optimal
2021-02-13 13:30:00,35,120,1.1428571428571428,0.0,0.0,0.077,11.2455,6.0,-4,20.192418263322484,,4000.0,0.0,0.0,0.0,42.00324148142765,optimal
2021-02-13 14:00:00,35,120,0.0,0.0,0.0,0.077,23.8665,6.0,-4,20.211941175887368,,0.0,0.0,0.0,0.0,41.5451749271716,optimal
2021-02-13 14:30:00,35,120,0.0,0.0,0.0,0.077,27.4575,6.0,-4,20.18027683617879,,0.0,0.0,0.0,0.0,41.0875664394698,optimal
2021-02-13 15:00:00,35,120,0.0,0.0,0.0,0.077,27.3735,6.0,-4,20.14887352930029,,0.0,0.0,0.0,0.0,40.630415560255706,optimal
2021-02-13 15:30:00,35,120,0.0,0.0,0.0,0.077,30.4605,6.0,-4,20.115533388894235,,0.0,0.0,0.0,0.0,40.17372183192082,optimal
2021-02-13 16:00:00,35,120,0.0,0.4644444444444444,0.0,0.5236000000000001,30.0195,6.0,-4,20.082061091126203,,0.0,0.0,0.0,418.0,39.71748479731428,optimal
2021-02-13 16:30:00,35,120,0.0,0.4644444444444444,0.0,0.4706666666666667,26.9325,6.0,-4,20.05549213871305,,0.0,0.0,0.0,418.0,39.26170399974234,optimal
2021-02-13 17:00:00,35,120,0.0,0.0,0.0,0.3883999999999999,14.595,6.0,-4,20.028777451154816,,0.0,0.0,0.0,0.0,38.80637898296797,optimal
2021-02-13 17:30:00,35,120,0.6015953539023873,0.0774074074074074,0.0,2.311833333333333,12.4845,6.0,-4,20.0,,2105.5837386583557,0.0,0.0,69.66666666666666,38.35150929121038,optimal
2021-02-13 18:00:00,35,120,0.5469062293273844,0.387037037037037,0.0,2.265066666666667,12.1275,6.0,-4,20.0,,1914.1718026458452,0.0,0.0,348.3333333333333,37.89709446914454,optimal
2021-02-13 18:30:00,35,120,1.0832605875433048,0.0,0.0,0.7939666666666667,12.1275,6.0,-4,20.0,,3791.412056401567,0.0,0.0,0.0,37.44313406190077,optimal
2021-02-13 19:00:00,35,120,0.0,0.1548148148148148,0.0,0.6283,12.789,6.0,-4,20.022657816963463,,0.0,0.0,0.0,139.33333333333331,36.98962761506424,optimal
2021-02-13 19:30:00,35,120,0.6441933159921415,0.0,0.0,0.3743333333333333,11.907,6.0,-4,20.0,,2254.676605972495,0.0,0.0,0.0,36.53657467467456,optimal
2021-02-13 20:00:00,35,120,0.5381954307530507,0.0,0.0,0.9757666666666668,11.025,6.0,-4,20.0,,1883.6840076356773,0.0,0.0,0.0,36.08397478722525,optimal
2021-02-13 20:30:00,35,120,0.0,0.2322222222222222,0.0,2.2536,8.2005,6.0,-4,20.0,,0.0,0.0,0.0,209.0,35.6318274996634,optimal
2021-02-13 21:00:00,35,120,0.0,0.0,0.0,0.4446,9.5655,6.0,-4,19.98064894868252,,0.0,0.0,0.0,0.0,35.59619567216374,optimal
2021-02-13 21:30:00,35,120,0.0,0.0,0.0,0.5016,7.056,6.0,-4,19.953848181735644,,0.0,0.0,0.0,0.0,35.560599476491575,optimal
2021-02-13 22:00:00,35,120,0.0,0.0,0.0,2.2664,9.3975,6.0,-4,19.92902978099861,,0.0,0.0,0.0,0.0,35.525038877015085,optimal
2021-02-13 22:30:00,35,120,0.0,0.0,0.0,0.1738,10.059,6.0,-4,19.90563917439184,,0.0,0.0,0.0,0.0,35.48951383813807,optimal
2021-02-13 23:00:00,35,120,0.0,0.0,0.0,0.077,9.261,6.0,-4,19.872139378823604,,0.0,0.0,0.0,0.0,35.45402432429994,optimal
2021-02-13 23:30:00,35,120,0.0,0.0,0.0,0.0733333333333333,8.1585,6.0,-4,19.835472037741404,,0.0,0.0,0.0,0.0,35.418570299975634,optimal
2021-02-07 00:00:00,36,120,0.0,0.0,0.0,0.0623333333333333,33.306,6.0,13,21.0,,0.0,0.0,0.0,0.0,47.952,optimal
2021-02-07 00:30:00,36,120,0.0,0.0,0.0,0.063,31.3425,6.0,13,20.96712356832213,,0.0,0.0,0.0,0.0,47.904048,optimal
2021-02-07 01:00:00,36,120,0.0,0.0,0.0,0.063,28.2555,6.0,13,20.934207457915345,,0.0,0.0,0.0,0.0,47.856143952,optimal
2021-02-07 01:30:00,36,120,0.0,0.0,0.0,0.0733,15.6975,6.0,13,20.901158349480458,,0.0,0.0,0.0,0.0,47.80828780804799,optimal
2021-02-07 02:00:00,36,120,0.0,0.0,0.0,0.1145,12.5475,6.0,13,20.86820111297275,,0.0,0.0,0.0,0.0,47.76047952023995,optimal
2021-02-07 02:30:00,36,120,0.0,0.0774074074074074,0.0,0.0623333333333333,12.0855,6.0,13,20.83571200065614,,0.0,0.0,0.0,69.66666666666666,47.712719040719705,optimal
2021-02-07 03:00:00,36,120,0.0,0.7167925925925925,0.0,0.1248666666666666,11.907,6.0,13,20.80328193086201,,0.0,0.0,0.0,645.1133333333333,47.66500632167899,optimal
2021-02-07 03:30:00,36,120,0.0,0.0,0.0,0.063,12.5685,6.0,13,20.771808625230857,,0.0,0.0,0.0,0.0,47.61734131535731,optimal
2021-02-07 04:00:00,36,120,0.0,0.0,0.0,0.1042,13.146,6.0,13,20.738387585688905,,0.0,0.0,0.0,0.0,47.56972397404195,optimal
2021-02-07 04:30:00,36,120,0.0,0.0,0.0,0.0836,10.584,6.0,13,20.705435589856723,,0.0,0.0,0.0,0.0,47.52215425006791,optimal
2021-02-07 05:00:00,36,120,0.0,0.0,0.0,0.063,6.678,6.0,13,20.67229796715716,,0.0,0.0,0.0,0.0,47.47463209581784,optimal
2021-02-07 05:30:00,36,120,0.0,5.398392592592592,0.0,0.1895333333333333,7.938,6.0,13,20.63897508560714,,0.0,0.0,0.0,4858.553333333333,47.42715746372202,optimal
2021-02-07 06:00:00,36,120,0.0,0.387037037037037,1.305830934193062,0.082,5.292,6.0,13,20.608116566068297,,0.0,0.0,0.0,348.3333333333333,48.0,optimal
2021-02-07 06:30:00,36,120,0.0,0.2322222222222222,0.0,0.3374666666666666,9.261,6.0,13,20.57602830318003,,0.0,0.0,0.0,209.0,47.815099578671166,optimal
2021-02-07 07:00:00,36,120,0.0,6.115185185185185,0.0,0.2597,10.3635,6.0,13,20.546831134068817,,0.0,0.0,0.0,5503.666666666667,47.63038405776366,optimal
2021-02-07 07:30:00,36,120,0.0,0.3096296296296296,0.0,0.6562666666666667,8.274,6.0,13,20.518314322834968,,0.0,0.0,0.0,278.66666666666663,47.44585325237707,optimal
2021-02-07 08:00:00,36,120,0.0,0.2322222222222222,0.0,0.2695666666666667,7.7175,6.0,13,20.49527749192336,,0.0,0.0,0.0,209.0,47.26150697779586,optimal
2021-02-07 08:30:00,36,120,0.0,0.0,0.0,0.1403666666666666,6.615,6.0,13,20.468677787658184,,0.0,0.0,0.0,0.0,47.07734504948923,optimal
2021-02-07 09:00:00,36,120,0.0,0.0,0.0,0.073,6.174,6.0,13,20.43527658151498,,0.0,0.0,0.0,0.0,46.89336728311091,optimal
2021-02-07 09:30:00,36,120,0.0,0.0,0.0,0.073,3.906,6.0,13,20.39936411039804,,0.0,0.0,0.0,0.0,46.70957349449897,optimal
2021-02-07 10:00:00,36,120,0.1932261152206111,0.0,0.0,0.1004666666666666,2.3415,6.0,13,20.36362196615566,,676.2914032721391,0.0,0.0,0.0,46.52596349967564,optimal
2021-02-07 10:30:00,36,120,1.1428571428571428,0.0,0.0,0.1073333333333333,2.205,6.0,13,20.337851163698776,,4000.0,0.0,0.0,0.0,46.34253711484713,optimal
2021-02-07 11:00:00,36,120,1.1428571428571428,0.0,0.0,0.1039,0.882,6.0,13,20.35250740820197,,4000.0,0.0,0.0,0.0,46.159294156403455,optimal
2021-02-07 11:30:00,36,120,1.1428571428571428,0.0,0.0,0.1039,1.5435,6.0,13,20.36854252508062,,4000.0,0.0,0.0,0.0,45.97623444091822,optimal
2021-02-07 12:00:00,36,120,1.1428571428571428,0.0,0.0,0.073,1.5435,6.0,13,20.384545851332074,,4000.0,0.0,0.0,0.0,45.79335778514847,optimal
2021-02-07 12:30:00,36,120,0.0,0.0,0.0,0.1004666666666666,5.0715,6.0,13,20.40127200395284,,0.0,0.0,0.0,0.0,45.61066400603448,optimal
2021-02-07 13:00:00,36,120,0.0,0.0,0.0,0.1073333333333333,5.376,6.0,13,20.36957023136732,,0.0,0.0,0.0,0.0,45.42815292069962,optimal
2021-02-07 13:30:00,36,120,0.0,0.0,0.0,0.2484666666666666,5.0715,6.0,13,20.33698091511429,,0.0,0.0,0.0,0.0,45.245824346450085,optimal
2021-02-07 14:00:00,36,120,0.0,0.2322222222222222,0.0,0.28,5.5125,6.0,13,20.30806547653494,,0.0,0.0,0.0,209.0,45.0636781007748,optimal
2021-02-07 14:30:00,36,120,0.0,0.0774074074074074,0.0,0.4187666666666667,9.261,6.0,13,20.280273155302773,,0.0,0.0,0.0,69.66666666666666,44.8817140013452,optimal
2021-02-07 15:00:00,36,120,0.0,0.0,0.0,0.6516333333333333,11.7075,6.0,13,20.25584917045963,,0.0,0.0,0.0,0.0,44.69993186601502,optimal
2021-02-07 15:30:00,36,120,0.0,0.387037037037037,0.0,0.5831666666666666,12.348,6.0,13,20.234680389472167,,0.0,0.0,0.0,348.3333333333333,44.518331512820176,optimal
2021-02-07 16:00:00,36,120,0.0,0.0,0.0,0.618,12.348,6.0,13,20.21303447384773,,0.0,0.0,0.0,0.0,44.33691275997853,optimal
2021-02-07 16:30:00,36,120,0.0,0.0,0.0,0.4483333333333333,12.1275,6.0,13,20.19012097390777,,0.0,0.0,0.0,0.0,44.15567542588971,optimal
2021-02-07 17:00:00,36,120,0.0,0.0,0.0,0.1279333333333333,12.5265,6.0,13,20.164074979236148,,0.0,0.0,0.0,0.0,43.97461932913499,optimal
2021-02-07 17:30:00,36,120,0.0,0.5418518518518518,0.0,0.6364,11.7495,6.0,13,20.12871874742894,,0.0,0.0,0.0,487.6666666666667,43.79374428847702,optimal
2021-02-07 18:00:00,36,120,0.0,0.4644444444444444,0.0,1.1655,13.23,6.0,13,20.10316233320272,,0.0,0.0,0.0,418.0,43.61305012285971,optimal
2021-02-07 18:30:00,36,120,0.0,0.0,0.0,1.4543333333333333,14.3325,6.0,13,20.08532595395364,,0.0,0.0,0.0,0.0,43.43253665140802,optimal
2021-02-07 19:00:00,36,120,0.0,0.3096296296296296,0.0,0.4695,14.994,6.0,13,20.070433719017544,,0.0,0.0,0.0,278.66666666666663,43.38910411475661,optimal
2021-02-07 19:30:00,36,120,0.0,0.0,0.0,0.3981,14.8155,6.0,13,20.04598314375843,,0.0,0.0,0.0,0.0,43.345715010641854,optimal
2021-02-07 20:00:00,36,120,0.0,0.0,0.0,0.7299333333333333,14.112,6.0,13,20.02138775012252,,0.0,0.0,0.0,0.0,43.30236929563121,optimal
2021-02-07 20:30:00,36,120,0.0,0.0,0.0,0.4423,14.007,6.0,13,20.0,,0.0,0.0,0.0,0.0,43.25906692633558,optimal
2021-02-07 21:00:00,36,120,0.0,0.0,0.0,0.652,13.23,6.0,13,19.97577668671805,,0.0,0.0,0.0,0.0,43.21580785940924,optimal
2021-02-07 21:30:00,36,120,0.0,0.0774074074074074,0.0,0.3053,11.382,6.0,13,19.953980113062396,,0.0,0.0,0.0,69.66666666666666,43.17259205154983,optimal
2021-02-07 22:00:00,36,120,0.0,0.0,0.0,0.4286999999999999,11.7495,6.0,13,19.92785491557721,,0.0,0.0,0.0,0.0,43.12941945949828,optimal
2021-02-07 22:30:00,36,120,0.0,0.0,0.0,0.4821333333333333,24.3285,6.0,13,19.90335384737114,,0.0,0.0,0.0,0.0,43.08629004003878,optimal
2021-02-07 23:00:00,36,120,0.0,0.2322222222222222,0.0,0.7060666666666667,28.917,6.0,13,19.88036404741671,,0.0,0.0,0.0,209.0,43.043203749998746,optimal
2021-02-07 23:30:00,36,120,0.0,0.387037037037037,0.0,0.4251999999999999,31.3635,6.0,13,19.85794123047608,,0.0,0.0,0.0,348.3333333333333,43.00016054624875,optimal
2021-02-08 00:00:00,36,120,1.1428571428571428,0.0,5.0,0.0832333333333333,7.056,6.0,-8,19.85794123047608,,4000.0,0.0,0.0,0.0,45.3321603857025,optimal
2021-02-08 00:30:00,36,120,1.1428571428571428,0.0,5.0,0.2087,5.271,6.0,-8,19.87340330204062,,4000.0,0.0,0.0,0.0,47.6618282253168,optimal
2021-02-08 01:00:00,36,120,1.1428571428571428,0.0,0.0,0.07,7.938,6.0,-8,19.890257616765528,,4000.0,0.0,0.0,0.0,47.61416639709148,optimal
2021-02-08 01:30:00,36,120,1.1428571428571428,0.0,2.235447783081234,0.2306,7.938,6.0,-8,19.905388825746076,,4000.0,0.0,0.0,0.0,48.62838992765797,optimal
2021-02-08 02:00:00,36,120,1.1428571428571428,0.0,0.0,0.07,11.907,6.0,-8,19.92234739233324,,4000.0,0.0,0.0,0.0,48.57976153773031,optimal
2021-02-08 02:30:00,36,120,1.1428571428571428,0.0,0.0,0.0919,11.025,6.0,-8,19.93721672503038,,4000.0,0.0,0.0,0.0,48.53118177619257,optimal
2021-02-08 03:00:00,36,120,1.1428571428571428,0.0,0.0,0.2087,11.2875,6.0,-8,19.952422499800537,,4000.0,0.0,0.0,0.0,48.48265059441637,optimal
2021-02-08 03:30:00,36,120,1.1428571428571428,0.0,0.0,0.07,12.936,6.0,-8,19.96912015399863,,4000.0,0.0,0.0,0.0,48.434167943821954,optimal
2021-02-08 04:00:00,36,120,1.1428571428571428,0.0,0.0,0.1065,13.0095,6.0,-8,19.98399588489864,,4000.0,0.0,0.0,0.0,48.38573377587813,optimal
2021-02-08 04:30:00,36,120,1.1428571428571428,0.0,0.0,0.1941,13.671,6.0,-8,19.99918765111184,,4000.0,0.0,0.0,0.0,48.33734804210225,optimal
2021-02-08 05:00:00,36,120,1.1428571428571428,0.0,0.0,0.07,13.188,6.0,-8,20.015218215674317,,4000.0,0.0,0.0,0.0,48.28901069406015,optimal
2021-02-08 05:30:00,36,120,1.1428571428571428,0.0,0.0,0.2306,13.8495,6.0,-8,20.029506913553924,,4000.0,0.0,0.0,0.0,48.24072168336608,optimal
2021-02-08 06:00:00,36,120,1.1428571428571428,0.0,0.0,0.07,13.23,6.0,-8,20.04562463937137,,4000.0,0.0,0.0,0.0,48.19248096168271,optimal
2021-02-08 06:30:00,36,120,1.1428571428571428,0.0,0.0,0.2087,13.3665,6.0,-8,20.059654798318476,,4000.0,0.0,0.0,0.0,48.144288480721016,optimal
2021-02-08 07:00:00,36,120,1.1428571428571428,0.3096296296296296,0.0,0.1262333333333333,13.0515,6.0,-8,20.075247704456377,,4000.0,0.0,0.0,278.66666666666663,48.096144192240295,optimal
2021-02-08 07:30:00,36,120,1.1428571428571428,0.0,0.0,0.3310333333333333,13.5345,6.0,-8,20.089961760504096,,4000.0,0.0,0.0,0.0,48.048048048048045,optimal
2021-02-08 08:00:00,36,120,0.2788059197634366,2.70925925925926,0.0,0.5342,14.154,6.0,-8,20.10916922706525,,975.820719172028,0.0,0.0,2438.333333333333,48.0,optimal
2021-02-08 08:30:00,36,120,1.1428571428571428,0.0,0.0,0.2,14.112,6.0,-8,20.096122983306884,,4000.0,0.0,0.0,0.0,47.823825246753664,optimal
2021-02-08 09:00:00,36,120,0.0,0.0,0.0,0.07,14.2485,6.0,-8,20.111025410885546,,0.0,0.0,0.0,0.0,47.64782666826058,optimal
2021-02-08 09:30:00,36,120,1.1428571428571428,0.0,0.0,0.2922,12.789,6.0,-8,20.07457634062669,,4000.0,0.0,0.0,0.0,47.47200408834598,optimal
2021-02-08 10:00:00,36,120,1.1428571428571428,3.5839629629629624,0.0,0.2231999999999999,13.0095,6.0,-8,20.090530141771914,,4000.0,0.0,0.0,3225.566666666666,47.2963573310113,optimal
2021-02-08 10:30:00,36,120,1.1428571428571428,2.221592592592593,0.0,0.4266999999999999,12.1275,6.0,-8,20.10989943508397,,4000.0,0.0,0.0,1999.4333333333332,47.12088622043395,optimal
2021-02-08 11:00:00,36,120,1.1428571428571428,0.0,0.0,0.3066,12.348,6.0,-8,20.133499291445776,,4000.0,0.0,0.0,0.0,46.94559058096719,optimal
2021-02-08 11:30:00,36,120,1.1428571428571428,0.0,0.0,0.5638,12.348,6.0,-8,20.15650951761108,,4000.0,0.0,0.0,0.0,46.77047023713988,optimal
2021-02-08 12:00:00,36,120,0.0,0.0,0.0,0.1725666666666666,25.389,6.0,-8,20.182424778256348,,0.0,0.0,0.0,0.0,46.595525013656406,optimal
2021-02-08 12:30:00,36,120,0.0,0.0,0.0,0.07,29.1375,6.0,-8,20.15516914347956,,0.0,0.0,0.0,0.0,46.420754735396415,optimal
2021-02-08 13:00:00,36,120,0.0,0.0,0.0,0.1868,30.597,6.0,-8,20.125920685310582,,0.0,0.0,0.0,0.0,46.24615922741469,optimal
2021-02-08 13:30:00,36,120,0.0,0.0,0.0,0.1138,33.684,6.0,-8,20.098226484774177,,0.0,0.0,0.0,0.0,46.07173831494094,optimal
2021-02-08 14:00:00,36,120,0.0,0.0,0.0,0.2545,32.445,6.0,-8,20.06989613496161,,0.0,0.0,0.0,0.0,45.89749182337966,optimal
2021-02-08 14:30:00,36,120,0.0,0.2322222222222222,0.0,0.3421,28.917,6.0,-8,20.04619373084201,,0.0,0.0,0.0,209.0,45.72341957830994,optimal
2021-02-08 15:00:00,36,120,0.0,0.0,0.0,0.083,15.876,6.0,-8,20.02403092609785,,0.0,0.0,0.0,0.0,45.5495214054853,optimal
2021-02-08 15:30:00,36,120,0.546263361544335,0.387037037037037,0.0,0.1459666666666666,12.348,6.0,-8,20.0,,1911.921765405173,0.0,0.0,348.3333333333333,45.37579713083348,optimal
2021-02-08 16:00:00,36,120,1.025803228558354,0.0,0.0,0.3876,12.1275,6.0,-8,20.0,,3590.311299954239,0.0,0.0,0.0,45.20224658045632,optimal
2021-02-08 16:30:00,36,120,0.0,0.4644444444444444,0.0,0.1367,12.348,6.0,-8,20.023465880825604,,0.0,0.0,0.0,418.0,45.028869580629525,optimal
2021-02-08 17:00:00,36,120,0.4912423150479787,1.1611111111111108,0.0,0.5447000000000001,12.1275,6.0,-8,20.0,,1719.3481026679256,0.0,0.0,1044.9999999999998,44.85566595780256,optimal
2021-02-08 17:30:00,36,120,0.5693989255222791,0.0,0.0,0.3879333333333333,12.1275,6.0,-8,20.0,,1992.896239327977,0.0,0.0,0.0,44.682635538598426,optimal
2021-02-08 18:00:00,36,120,0.5894885688580226,0.2322222222222222,0.0,0.3724666666666665,11.2665,6.0,-8,20.0,,2063.2099910030797,0.0,0.0,209.0,44.50977814981349,optimal
2021-02-08 18:30:00,36,120,1.1428571428571428,0.0,0.0,0.4081666666666667,10.143,6.0,-8,20.0,,4000.0,0.0,0.0,0.0,44.33709361841734,optimal
2021-02-08 19:00:00,36,120,0.0203273149447423,0.0,0.0,0.5576,11.2455,6.0,-8,20.023985332877423,,71.14560230659835,0.0,0.0,0.0,44.16458177155259,optimal
2021-02-08 19:30:00,36,120,0.5322610548099647,0.387037037037037,0.0,0.726,11.025,6.0,-8,20.0,,1862.9136918348763,0.0,0.0,348.3333333333333,43.9922424365347,optimal
2021-02-08 20:00:00,36,120,0.6338832745703674,0.4644444444444444,0.0,0.3280666666666667,5.9745,6.0,-8,20.0,,2218.591460996286,0.0,0.0,418.0,43.82007544085183,optimal
2021-02-08 20:30:00,36,120,0.0,7.121481481481481,0.0,0.468,7.938,6.0,-8,20.0,,0.0,0.0,0.0,6409.333333333333,43.64808061216465,optimal
2021-02-08 21:00:00,36,120,0.0,6.966666666666665,0.0,0.72,8.6835,6.0,-8,19.9747874363077,,0.0,0.0,0.0,6269.999999999999,43.47625777830615,optimal
2021-02-08 21:30:00,36,120,0.0,0.0,0.0,1.5606,7.665,6.0,-8,19.950452761199717,,0.0,0.0,0.0,0.0,43.43278152052784,optimal
2021-02-08 22:00:00,36,120,0.0,0.0774074074074074,0.0,0.2086666666666666,6.7725,6.0,-8,19.93539694661861,,0.0,0.0,0.0,69.66666666666666,43.38934873900731,optimal
2021-02-08 22:30:00,36,120,0.0,0.774074074074074,0.0,0.4565,5.5755,6.0,-8,19.90605328960874,,0.0,0.0,0.0,696.6666666666666,43.34595939026831,optimal
2021-02-08 23:00:00,36,120,0.0,7.044074074074074,0.0,0.5569333333333333,5.0925,6.0,-8,19.87945640630942,,0.0,0.0,0.0,6339.666666666667,43.30261343087804,optimal
2021-02-08 23:30:00,36,120,0.0,0.1548148148148148,0.0,1.0876333333333337,4.1895,6.0,-8,19.852084620734967,,0.0,0.0,0.0,139.33333333333331,43.259310817447165,optimal
2021-02-09 00:00:00,36,120,1.1428571428571428,0.0,0.0,0.047,14.994,6.0,-15,19.852084620734967,,4000.0,0.0,0.0,0.0,43.21605150662972,optimal
2021-02-09 00:30:00,36,120,1.1428571428571428,0.0,1.5544513930143615,0.1088,13.671,6.0,-15,19.8653195954188,,4000.0,0.0,0.0,0.0,43.91119986680491,optimal
2021-02-09 01:00:00,36,120,1.1428571428571428,0.0,0.0,0.0654,15.981,6.0,-15,19.879380327888,,4000.0,0.0,0.0,0.0,43.867288666938094,optimal
2021-02-09 01:30:00,36,120,1.1428571428571428,0.0,0.0,0.2253333333333332,15.6345,6.0,-15,19.892983598518114,,4000.0,0.0,0.0,0.0,43.82342137827115,optimal
2021-02-09 02:00:00,36,120,1.1428571428571428,0.0,0.0,0.047,16.5375,6.0,-15,19.90831000628345,,4000.0,0.0,0.0,0.0,43.77959795689287,optimal
2021-02-09 02:30:00,36,120,1.1428571428571428,0.0,0.0,0.1946666666666666,14.7735,6.0,-15,19.92123525431989,,4000.0,0.0,0.0,0.0,43.73581835893597,optimal
2021-02-09 03:00:00,36,120,1.1428571428571428,0.0,0.0,0.0960666666666666,15.2145,6.0,-15,19.936032931399552,,4000.0,0.0,0.0,0.0,43.69208254057703,optimal
2021-02-09 03:30:00,36,120,1.1428571428571428,0.0,0.0,0.1088,14.553,6.0,-15,19.94969922025485,,4000.0,0.0,0.0,0.0,43.64839045803646,optimal
2021-02-09 04:00:00,36,120,1.1428571428571428,0.0,0.0,0.0654,14.3325,6.0,-15,19.96369179295666,,4000.0,0.0,0.0,0.0,43.60474206757842,optimal
2021-02-09 04:30:00,36,120,1.1428571428571428,0.0,0.0,0.1635333333333333,14.595,6.0,-15,19.977326167093477,,4000.0,0.0,0.0,0.0,43.56113732551084,optimal
2021-02-09 05:00:00,36,120,1.1428571428571428,0.0,0.0,0.1088,14.994,6.0,-15,19.991930747889278,,4000.0,0.0,0.0,0.0,43.51757618818533,optimal
2021-02-09 05:30:00,36,120,1.1428571428571428,0.0,0.0,0.1819333333333333,14.3325,6.0,-15,20.005641337646686,,4000.0,0.0,0.0,0.0,43.47405861199714,optimal
2021-02-09 06:00:00,36,120,1.1428571428571428,0.0,0.0,0.1088,13.8915,6.0,-15,20.020215680666222,,4000.0,0.0,0.0,0.0,43.43058455338514,optimal
2021-02-09 06:30:00,36,120,1.1428571428571428,0.0,0.0,0.1123333333333333,13.8915,6.0,-15,20.033870193766376,,4000.0,0.0,0.0,0.0,43.38715396883175,optimal
2021-02-09 07:00:00,36,120,1.1428571428571428,0.6192592592592592,5.0,1.1095333333333333,13.4715,6.0,-15,20.04739282269939,,4000.0,0.0,0.0,557.3333333333333,45.71876681486292,optimal
2021-02-09 07:30:00,36,120,1.1428571428571428,0.387037037037037,5.0,1.2976,13.23,6.0,-15,20.06532191421815,,4000.0,0.0,0.0,348.3333333333333,48.048048048048045,optimal
2021-02-09 08:00:00,36,120,1.1428571428571428,0.0,0.0,0.1666333333333333,13.8915,6.0,-15,20.085800463249623,,4000.0,0.0,0.0,0.0,48.0,optimal
2021-02-09 08:30:00,36,120,0.0,0.0,0.0,0.0907333333333333,26.9325,6.0,-15,20.104461801731603,,0.0,0.0,0.0,0.0,47.79072195314091,optimal
2021-02-09 09:00:00,36,120,0.0,0.0774074074074074,0.0,1.6481666666666668,30.303,6.0,-15,20.07324514463024,,0.0,0.0,0.0,69.66666666666666,47.58165318432868,optimal
2021-02-09 09:30:00,36,120,0.0,0.1548148148148148,0.0,0.5246333333333333,32.886,6.0,-15,20.04798406015273,,0.0,0.0,0.0,139.33333333333331,47.37279348428526,optimal
2021-02-09 10:00:00,36,120,0.0,0.3887224753874067,0.0,0.2962333333333333,34.9965,6.0,-15,20.022197996409027,,0.0,210.5168945153327,0.0,139.33333333333331,47.16414264394189,optimal
2021-02-09 10:30:00,36,120,0.0,2.109597321768174,0.0,0.636,33.327,6.0,-15,20.0,,0.0,1898.6375895913568,0.0,0.0,46.955700454438855,optimal
2021-02-09 11:00:00,36,120,0.0,1.5821477282758236,0.0,3.657533333333333,31.122,6.0,-15,20.0,,0.0,1354.2662887815743,0.0,69.66666666666666,46.74746670712533,optimal
2021-02-09 11:30:00,36,120,0.2984369298904253,0.0774074074074074,0.0,3.063633333333333,17.9025,6.0,-15,20.0,,1044.5292546164883,0.0,0.0,69.66666666666666,46.53944119355912,optimal
2021-02-09 12:00:00,36,120,0.4074626233792393,0.387037037037037,0.0,1.631233333333333,15.6555,6.0,-15,20.0,,1426.1191818273376,0.0,0.0,348.3333333333333,46.33162370550647,optimal
2021-02-09 12:30:00,36,120,0.1490884426644875,0.1548148148148148,0.0,2.0116,14.553,6.0,-15,20.0,,521.8095493257065,0.0,0.0,139.33333333333331,46.12401403494187,optimal
2021-02-09 13:00:00,36,120,0.2860584530462682,0.0,0.0,1.1182333333333332,14.3325,6.0,-15,20.0,,1001.204585661939,0.0,0.0,0.0,45.91661197404784,optimal
2021-02-09 13:30:00,36,120,0.4148157009029511,0.0,0.0,0.3551333333333333,13.335,6.0,-15,20.0,,1451.854953160329,0.0,0.0,0.0,45.7094173152147,optimal
2021-02-09 14:00:00,36,120,0.8980051145873558,0.1548148148148148,0.0,0.2263333333333332,12.1275,6.0,-15,20.0,,3143.0179010557454,0.0,0.0,139.33333333333331,45.5024298510404,optimal
2021-02-09 14:30:00,36,120,0.0,0.0,0.0,0.3526,12.2955,6.0,-15,20.01665894436883,,0.0,0.0,0.0,0.0,45.29564937433027,optimal
2021-02-09 15:00:00,36,120,0.3983213455127883,0.2322222222222222,0.0,0.3964333333333333,11.6865,6.0,-15,20.0,,1394.1247092947592,0.0,0.0,209.0,45.08907567809685,optimal
2021-02-09 15:30:00,36,120,0.413125155036529,0.3096296296296296,0.0,0.3353,11.466,6.0,-15,20.0,,1445.9380426278517,0.0,0.0,278.66666666666663,44.88270855555966,optimal
2021-02-09 16:00:00,36,120,1.1428571428571428,0.387037037037037,0.0,0.3031,10.8045,6.0,-15,20.0,,4000.0,0.0,0.0,348.3333333333333,44.67654780014501,optimal
2021-02-09 16:30:00,36,120,1.1428571428571428,0.0774074074074074,0.0,0.069,10.584,6.0,-15,20.027773993761453,,4000.0,0.0,0.0,69.66666666666666,44.47059320548578,optimal
2021-02-09 17:00:00,36,120,0.8067763235549598,0.0,0.0,0.8089666666666667,11.2455,6.0,-15,20.0533556445842,,2823.717132442359,0.0,0.0,0.0,44.2648445654212,optimal
2021-02-09 17:30:00,36,120,0.0,0.4644444444444444,0.0,1.4948666666666666,12.1275,6.0,-15,20.068649735233077,,0.0,0.0,0.0,418.0,44.05930167399669,optimal
2021-02-09 18:00:00,36,120,0.0,0.387037037037037,0.0,0.7834,11.823,6.0,-15,20.05200683642866,,0.0,0.0,0.0,348.3333333333333,43.85396432546361,optimal
2021-02-09 18:30:00,36,120,0.0,0.6966666666666667,0.0,1.3490666666666666,11.7705,6.0,-15,20.024308750426243,,0.0,0.0,0.0,627.0,43.648832314279055,optimal
2021-02-09 19:00:00,36,120,1.1428571428571428,0.2322222222222222,0.0,0.607,11.13,6.0,-15,20.002665020667685,,4000.0,0.0,0.0,209.0,43.44390543510568,optimal
2021-02-09 19:30:00,36,120,0.0,0.1548148148148148,0.0,0.2083,11.6865,6.0,-15,20.02694457496345,,0.0,0.0,0.0,139.33333333333331,43.23918348281149,optimal
2021-02-09 20:00:00,36,120,0.6238250817181049,0.3096296296296296,0.0,0.3415,10.7205,6.0,-15,20.0,,2183.387786013367,0.0,0.0,278.66666666666663,43.03466625246959,optimal
2021-02-09 20:30:00,36,120,0.0,0.1548148148148148,0.0,1.2559,11.424,6.0,-15,20.0,,0.0,0.0,0.0,139.33333333333331,42.83035353935804,optimal
2021-02-09 21:00:00,36,120,0.0,0.1548148148148148,0.0,2.4376333333333333,10.689,6.0,-15,19.97412589862462,,0.0,0.0,0.0,139.33333333333331,42.62624513895959,optimal
2021-02-09 21:30:00,36,120,0.0,0.0,0.0,1.4568666666666663,11.361,6.0,-15,19.947607473529317,,0.0,0.0,0.0,0.0,42.58361889382063,optimal
2021-02-09 22:00:00,36,120,0.0,0.0,0.0,0.2184,11.571,6.0,-15,19.918488209399776,,0.0,0.0,0.0,0.0,42.541035274926806,optimal
2021-02-09 22:30:00,36,120,0.0,0.7167925925925925,0.0,0.562,14.3745,6.0,-15,19.88736638024692,,0.0,0.0,0.0,645.1133333333333,42.49849423965188,optimal
2021-02-09 23:00:00,36,120,0.0,0.0,0.0,0.1016333333333333,13.23,6.0,-15,19.86214651250573,,0.0,0.0,0.0,0.0,42.455995745412224,optimal
2021-02-09 23:30:00,36,120,0.0,0.0,0.0,0.1024,13.9755,6.0,-15,19.82737416081091,,0.0,0.0,0.0,0.0,42.41353974966681,optimal
2021-02-10 00:00:00,36,120,0.0,0.0,0.0,0.1052999999999999,34.9965,6.0,15,19.82737416081091,,0.0,0.0,0.0,0.0,42.37112620991714,optimal
2021-02-10 00:30:00,36,120,0.0,0.0,0.0,0.1254333333333333,34.9965,6.0,15,19.792266835341344,,0.0,0.0,0.0,0.0,42.32875508370723,optimal
2021-02-10 01:00:00,36,120,0.0,0.0,0.0,0.06,34.9965,6.0,15,19.757276127242303,,0.0,0.0,0.0,0.0,42.28642632862352,optimal
2021-02-10 01:30:00,36,120,0.0,0.0,0.0,0.1002666666666666,34.9965,6.0,15,19.721359402810176,,0.0,0.0,0.0,0.0,42.2441399022949,optimal
2021-02-10 02:00:00,36,120,0.0,0.0,0.0,0.1304666666666666,34.9965,6.0,15,19.68580617160992,,0.0,0.0,0.0,0.0,42.2018957623926,optimal
2021-02-10 02:30:00,36,120,0.0,0.0,0.0,0.06,27.741,6.0,15,19.650493077404832,,0.0,0.0,0.0,0.0,42.15969386663021,optimal
2021-02-10 03:00:00,36,120,1.1428571428571428,0.0,0.0,0.1657,19.026,6.0,15,19.614391544509267,,4000.0,0.0,0.0,0.0,42.11753417276358,optimal
2021-02-10 03:30:00,36,120,1.1428571428571428,0.0,0.0,0.0650333333333333,18.7215,6.0,15,19.62837863176941,,4000.0,0.0,0.0,0.0,42.075416638590816,optimal
2021-02-10 04:00:00,36,120,1.1428571428571428,0.0,0.0,0.0700666666666666,17.4195,6.0,15,19.64111163286471,,4000.0,0.0,0.0,0.0,42.03334122195223,optimal
2021-02-10 04:30:00,36,120,1.1428571428571428,0.0,0.0,0.1606666666666666,16.758,6.0,15,19.65388070777918,,4000.0,0.0,0.0,0.0,41.99130788073028,optimal
2021-02-10 05:00:00,36,120,1.1428571428571428,0.0,0.0,0.06,14.217,6.0,15,19.667529931210407,,4000.0,0.0,0.0,0.0,41.94931657284955,optimal
2021-02-10 05:30:00,36,120,1.1428571428571428,0.0,0.0,0.1556333333333333,13.3665,6.0,15,19.679727482026934,,4000.0,0.0,0.0,0.0,41.9073672562767,optimal
2021-02-10 06:00:00,36,120,1.1428571428571428,0.0,0.0,0.0751,12.789,6.0,15,19.69286763223693,,4000.0,0.0,0.0,0.0,41.86545988902042,optimal
2021-02-10 06:30:00,36,120,1.1428571428571428,0.0,0.0,0.1247333333333333,11.907,6.0,15,19.7048023902789,,4000.0,0.0,0.0,0.0,41.82359442913141,optimal
2021-02-10 07:00:00,36,120,1.1428571428571428,0.8514814814814814,3.2783975697868515,1.5546,11.7075,6.0,15,19.718227526437342,,4000.0,0.0,0.0,766.3333333333333,43.33900968035103,optimal
2021-02-10 07:30:00,36,120,1.1428571428571428,26.950061872767904,5.0,0.8579666666666667,10.8045,6.0,15,19.739925732338406,,4000.0,19587.389018824444,0.0,4667.666666666668,45.670670670670674,optimal
2021-02-10 08:00:00,36,120,1.1428571428571428,0.5418518518518518,5.0,1.5323666666666669,11.508,6.0,15,20.0,,4000.0,0.0,0.0,487.6666666666667,48.0,optimal
2021-02-10 08:30:00,36,120,1.1428571428571428,2.012592592592592,0.0,0.9641,11.508,6.0,15,20.024060790268887,,4000.0,0.0,0.0,1811.333333333333,47.67622420691622,optimal
2021-02-10 09:00:00,36,120,1.1428571428571428,0.3096296296296296,0.0,1.178766666666667,11.508,6.0,15,20.04321671495531,,4000.0,0.0,0.0,278.66666666666663,47.35277218962552,optimal
2021-02-10 09:30:00,36,120,1.1428571428571428,0.0,0.0,2.9048000000000003,11.844,6.0,15,20.06289993686044,,4000.0,0.0,0.0,0.0,47.02964362435211,optimal
2021-02-10 10:00:00,36,120,1.1428571428571428,1.433585185185185,0.0,3.4591333333333334,11.508,6.0,15,20.087441699073917,,4000.0,0.0,0.0,1290.2266666666667,46.70683818764398,optimal
2021-02-10 10:30:00,36,120,1.1428571428571428,4.836414814814814,0.0,0.4259333333333333,11.508,6.0,15,20.11590314748416,,4000.0,0.0,0.0,4352.773333333333,46.38435555637256,optimal
2021-02-10 11:00:00,36,120,1.1428571428571428,2.322222222222221,0.0,0.6985,10.4475,6.0,15,20.137228089084477,,4000.0,0.0,0.0,2089.9999999999995,46.0621954077324,optimal
2021-02-10 11:30:00,36,120,1.1428571428571428,0.6966666666666667,0.0,0.5373666666666667,10.8675,6.0,15,20.163511017435937,,4000.0,0.0,0.0,627.0,45.74035741924089,optimal
2021-02-10 12:00:00,36,120,1.1428571428571428,0.3096296296296296,0.0,0.3356,10.542,6.0,15,20.18786211162343,,4000.0,0.0,0.0,278.66666666666663,45.41884126873786,optimal
2021-02-10 12:30:00,36,120,1.1428571428571428,0.3096296296296296,0.0,0.4026,11.025,6.0,15,20.21237494438539,,4000.0,0.0,0.0,278.66666666666663,45.09764663438535,optimal
2021-02-10 13:00:00,36,120,1.1428571428571428,0.1548148148148148,0.0,0.2290666666666666,11.025,6.0,15,20.2400255926106,,4000.0,0.0,0.0,139.33333333333331,44.77677319466718,optimal
2021-02-10 13:30:00,36,120,1.1428571428571428,0.0,0.0,0.3257666666666666,14.553,6.0,15,20.26505498370896,,4000.0,0.0,0.0,0.0,44.45622062838873,optimal
2021-02-10 14:00:00,36,120,1.1428571428571428,0.0,0.0,0.2699,13.0935,6.0,15,20.290415427992155,,4000.0,0.0,0.0,0.0,44.13598861467656,optimal
2021-02-10 14:30:00,36,120,1.1428571428571428,0.0,0.0,0.2681333333333333,15.6345,6.0,15,20.315435292947388,,4000.0,0.0,0.0,0.0,43.8160768329781,optimal
2021-02-10 15:00:00,36,120,0.0,0.0,0.0,0.2160666666666666,18.102,6.0,15,20.340902512835704,,0.0,0.0,0.0,0.0,43.49648496306134,optimal
2021-02-10 15:30:00,36,120,0.0,0.0,0.0,0.07,17.199,6.0,15,20.313491590065865,,0.0,0.0,0.0,0.0,43.177212685014496,optimal
2021-02-10 16:00:00,36,120,0.0,0.3096296296296296,0.0,0.1254666666666666,18.2805,6.0,15,20.282825700335064,,0.0,0.0,0.0,278.66666666666663,42.8582596792457,optimal
2021-02-10 16:30:00,36,120,0.0,0.0,0.0,0.1606,17.4615,6.0,15,20.25018848805301,,0.0,0.0,0.0,0.0,42.53962562648268,optimal
2021-02-10 17:00:00,36,120,0.0,0.0,0.0,0.07,18.3225,6.0,15,20.217050540030872,,0.0,0.0,0.0,0.0,42.22131020777241,optimal
2021-02-10 17:30:00,36,120,0.0,0.0,0.0,0.1203333333333333,17.094,6.0,15,20.17940823161456,,0.0,0.0,0.0,0.0,41.90331310448086,optimal
2021-02-10 18:00:00,36,120,0.0,0.0,0.0,0.1304,17.094,6.0,15,20.14255285752655,,0.0,0.0,0.0,0.0,41.58563399829259,optimal
2021-02-10 18:30:00,36,120,0.0,0.1548148148148148,0.0,0.2297,17.094,6.0,15,20.1049259547978,,0.0,0.0,0.0,139.33333333333331,41.5440483642943,optimal
2021-02-10 19:00:00,36,120,0.0,0.5418518518518518,0.0,0.4818333333333333,17.3565,6.0,15,20.07254550594771,,0.0,0.0,0.0,487.6666666666667,41.50250431593,optimal
2021-02-10 19:30:00,36,120,0.3202515191837349,0.0,0.0,0.4631,17.115,6.0,15,20.043698911340023,,1120.8803171430725,0.0,0.0,0.0,41.46100181161408,optimal
2021-02-10 20:00:00,36,120,0.0,2.70925925925926,0.0,0.4322,17.241,6.0,15,20.02907036599148,,0.0,0.0,0.0,2438.333333333333,41.41954080980246,optimal
2021-02-10 20:30:00,36,120,0.0,0.0,0.0,0.448,17.094,6.0,15,20.0,,0.0,0.0,0.0,0.0,41.37812126899266,optimal
2021-02-10 21:00:00,36,120,0.0,0.0,0.0,0.2149,16.5165,6.0,15,19.97014664106887,,0.0,0.0,0.0,0.0,41.33674314772367,optimal
2021-02-10 21:30:00,36,120,0.0,0.0,0.0,0.4168666666666666,17.8185,6.0,15,19.93887145635504,,0.0,0.0,0.0,0.0,41.29540640457594,optimal
2021-02-10 22:00:00,36,120,0.0,0.0,0.0,0.5797,17.094,6.0,15,19.90710998199067,,0.0,0.0,0.0,0.0,41.25411099817136,optimal
2021-02-10 22:30:00,36,120,0.0,1.935185185185185,0.0,0.4196,16.8945,6.0,15,19.873195419287438,,0.0,0.0,0.0,1741.6666666666667,41.21285688717319,optimal
2021-02-10 23:00:00,36,120,0.0,0.0,0.0,0.5436333333333333,18.123,6.0,15,19.837114439320597,,0.0,0.0,0.0,0.0,41.17164403028602,optimal
2021-02-10 23:30:00,36,120,0.0,0.387037037037037,0.0,0.6399,31.647,6.0,15,19.802134986899738,,0.0,0.0,0.0,348.3333333333333,41.13047238625573,optimal
2021-02-11 00:00:00,36,120,0.0,0.0,0.0,0.0761,34.9965,6.0,13,19.802134986899738,,0.0,0.0,0.0,0.0,41.08934191386948,optimal
2021-02-11 00:30:00,36,120,0.0,0.0,0.0,0.0673333333333333,34.9965,6.0,13,19.75974591719467,,0.0,0.0,0.0,0.0,41.04825257195561,optimal
2021-02-11 01:00:00,36,120,0.0,0.0,0.0,0.1640333333333333,30.4815,6.0,13,19.71687449769436,,0.0,0.0,0.0,0.0,41.00720431938365,optimal
2021-02-11 01:30:00,36,120,1.1428571428571428,0.0,0.0,0.1465,21.4305,6.0,13,19.674964886282183,,4000.0,0.0,0.0,0.0,40.96619711506427,optimal
2021-02-11 02:00:00,36,120,1.1428571428571428,0.0,0.0,0.0862333333333333,14.3325,6.0,13,19.68165413914249,,4000.0,0.0,0.0,0.0,40.92523091794921,optimal
2021-02-11 02:30:00,36,120,1.1428571428571428,0.0,0.0,0.2243,13.692,6.0,13,19.687595940919888,,4000.0,0.0,0.0,0.0,40.88430568703126,optimal
2021-02-11 03:00:00,36,120,1.1428571428571428,0.0,0.0,0.059,14.007,6.0,13,19.695009681937496,,4000.0,0.0,0.0,0.0,40.84342138134423,optimal
2021-02-11 03:30:00,36,120,1.1428571428571428,0.0,0.0,0.1348666666666666,12.873,6.0,13,19.70019672712553,,4000.0,0.0,0.0,0.0,40.80257795996288,optimal
2021-02-11 04:00:00,36,120,1.1428571428571428,0.0,0.0,0.1756666666666666,12.684,6.0,13,19.70679336315876,,4000.0,0.0,0.0,0.0,40.76177538200292,optimal
2021-02-11 04:30:00,36,120,1.1428571428571428,0.0,0.0,0.059,12.306,6.0,13,19.714369601265485,,4000.0,0.0,0.0,0.0,40.72101360662092,optimal
2021-02-11 05:00:00,36,120,1.1428571428571428,0.0,5.0,0.2123,10.6365,6.0,13,19.72050954562713,,4000.0,0.0,0.0,0.0,43.05529259301429,optimal
2021-02-11 05:30:00,36,120,1.1428571428571428,0.0,0.6879418524836841,0.0982333333333333,11.2455,6.0,13,19.72850487038021,,4000.0,0.0,0.0,0.0,43.33900968035103,optimal
2021-02-11 06:00:00,36,120,1.1428571428571428,0.2322222222222222,5.0,0.0834333333333333,11.2455,6.0,13,19.73559038533032,,4000.0,0.0,0.0,209.0,45.670670670670674,optimal
2021-02-11 06:30:00,36,120,1.1428571428571428,0.387037037037037,5.0,0.2504666666666666,11.025,6.0,13,19.74386650589293,,4000.0,0.0,0.0,348.3333333333333,48.0,optimal
2021-02-11 07:00:00,36,120,1.1428571428571428,1.006296296296296,0.0,0.0712666666666666,12.0855,6.0,13,19.75565972956495,,4000.0,0.0,0.0,905.6666666666664,47.692873127411616,optimal
2021-02-11 07:30:00,36,120,1.1428571428571428,20.226369643077607,0.0,0.2661,11.6865,6.0,13,19.767540251098985,,4000.0,17785.732678769848,0.0,418.0,47.386053381695824,optimal
2021-02-11 08:00:00,36,120,1.1428571428571428,0.0,0.0,0.1727666666666666,11.2245,6.0,13,20.0,,4000.0,0.0,0.0,0.0,47.07954045572575,optimal
2021-02-11 08:30:00,36,120,1.1428571428571428,0.0,0.0,0.059,11.025,6.0,13,20.00616741923686,,4000.0,0.0,0.0,0.0,46.77333404268164,optimal
2021-02-11 09:00:00,36,120,1.1428571428571428,0.0,0.0,0.332,10.7835,6.0,13,20.01063928216678,,4000.0,0.0,0.0,0.0,46.467433836050574,optimal
2021-02-11 09:30:00,36,120,1.1428571428571428,0.0,0.0,0.2862333333333333,11.025,6.0,13,20.022175851148244,,4000.0,0.0,0.0,0.0,46.16183952962614,optimal
2021-02-11 10:00:00,36,120,1.1428571428571428,0.0,0.0,0.0730333333333333,10.584,6.0,13,20.037629587521035,,4000.0,0.0,0.0,0.0,45.856550817508136,optimal
2021-02-11 10:30:00,36,120,1.1428571428571428,0.0,0.0,0.0916333333333333,11.025,6.0,13,20.054134068594543,,4000.0,0.0,0.0,0.0,45.55156739410224,optimal
2021-02-11 11:00:00,36,120,1.1428571428571428,0.0,0.0,0.1099,10.4265,6.0,13,20.069590092210092,,4000.0,0.0,0.0,0.0,45.24688895411976,optimal
2021-02-11 11:30:00,36,120,1.1428571428571428,0.0,0.0,0.1899333333333333,12.789,6.0,13,20.08695317829988,,4000.0,0.0,0.0,0.0,44.94251519257726,optimal
2021-02-11 12:00:00,36,120,1.1428571428571428,0.0,0.0,0.1092666666666666,12.684,6.0,13,20.106743756662503,,4000.0,0.0,0.0,0.0,44.63844580479631,optimal
2021-02-11 12:30:00,36,120,1.1428571428571428,0.0,0.0,0.2174,16.254,6.0,13,20.129160286193933,,4000.0,0.0,0.0,0.0,44.33468048640313,optimal
2021-02-11 13:00:00,36,120,1.1428571428571428,0.815874074074074,0.0,0.1531333333333333,17.64,6.0,13,20.15403683726062,,4000.0,0.0,0.0,734.2866666666666,44.03121893332835,optimal
2021-02-11 13:30:00,36,120,0.0,0.0,0.0,0.1465,19.1625,6.0,13,20.17944133597771,,0.0,0.0,0.0,0.0,43.72806084180664,optimal
2021-02-11 14:00:00,36,120,0.0,0.0,0.0,0.1249,26.46,6.0,13,20.15498967286736,,0.0,0.0,0.0,0.0,43.42520590837645,optimal
2021-02-11 14:30:00,36,120,0.0,0.0,0.0,0.1468,20.79,6.0,13,20.13073544742539,,0.0,0.0,0.0,0.0,43.12265382987969,optimal
2021-02-11 15:00:00,36,120,0.0,0.1904222222222222,0.0,0.3455666666666667,29.106,6.0,13,20.106025048984808,,0.0,0.0,0.0,171.38000000000002,42.82040430346142,optimal
2021-02-11 15:30:00,36,120,0.0,0.5418518518518518,0.0,0.1276333333333333,19.1835,6.0,13,20.08415238140409,,0.0,0.0,0.0,487.6666666666667,42.51845702656958,optimal
2021-02-11 16:00:00,36,120,0.0,0.0774074074074074,0.0,0.4515666666666666,19.6665,6.0,13,20.060741178738294,,0.0,0.0,0.0,69.66666666666666,42.21681169695463,optimal
2021-02-11 16:30:00,36,120,0.0,0.0,0.0,0.1495,19.404,6.0,13,20.036783022416543,,0.0,0.0,0.0,0.0,41.915468012669294,optimal
2021-02-11 17:00:00,36,120,1.1428571428571428,0.8514814814814814,0.0,0.1265,19.047,6.0,13,20.00718118059682,,4000.0,0.0,0.0,766.3333333333333,41.61442567206824,optimal
2021-02-11 17:30:00,36,120,1.1428571428571428,0.4644444444444444,0.0,0.2739333333333333,18.858,6.0,13,20.019278016503964,,4000.0,0.0,0.0,418.0,41.3136843738078,optimal
2021-02-11 18:00:00,36,120,0.1896580602915187,0.3096296296296296,0.0,0.3183999999999999,19.2675,6.0,13,20.03039098255753,,663.8032110203155,0.0,0.0,278.66666666666663,41.01324381684561,optimal
2021-02-11 18:30:00,36,120,0.9082271152404584,0.0,0.0,0.3218,18.963,6.0,13,20.0,,3178.794903341605,0.0,0.0,0.0,40.71310370044038,optimal
2021-02-11 19:00:00,36,120,1.1428571428571428,0.0,0.0,0.2551333333333333,18.438,6.0,13,20.0,,4000.0,0.0,0.0,0.0,40.41326372415156,optimal
2021-02-11 19:30:00,36,120,0.7874743620586666,0.1548148148148148,0.0,0.2587,18.7425,6.0,13,20.008103396441992,,2756.160267205333,0.0,0.0,139.33333333333331,40.11372358783902,optimal
2021-02-11 20:00:00,36,120,0.971507498311836,0.0,0.0,0.3015666666666666,15.2145,6.0,13,20.0,,3400.2762440914257,0.0,0.0,0.0,39.8144829916628,optimal
2021-02-11 20:30:00,36,120,0.0,2.631851851851852,0.0,0.3046,17.7765,6.0,13,20.0,,0.0,0.0,0.0,2368.6666666666665,39.774668508671134,optimal
2021-02-11 21:00:00,36,120,0.0,0.0774074074074074,0.0,0.6043666666666667,16.758,6.0,13,19.961530163965907,,0.0,0.0,0.0,69.66666666666666,39.734893840162464,optimal
2021-02-11 21:30:00,36,120,0.0,0.0,0.0,0.3287333333333332,16.422,6.0,13,19.92496119590729,,0.0,0.0,0.0,0.0,39.6951589463223,optimal
2021-02-11 22:00:00,36,120,0.0,0.0,0.0,0.2046333333333333,16.758,6.0,13,19.885216012780926,,0.0,0.0,0.0,0.0,39.65546378737598,optimal
2021-02-11 22:30:00,36,120,0.0,0.0,0.0,0.2320333333333333,29.358,6.0,13,19.84329011790308,,0.0,0.0,0.0,0.0,39.6158083235886,optimal
2021-02-11 23:00:00,36,120,0.0,0.0,0.0,0.0985,34.9965,6.0,13,19.796880048331108,,0.0,0.0,0.0,0.0,39.57619251526501,optimal
2021-02-11 23:30:00,36,120,0.0,0.0,0.0,0.0806666666666666,34.65,6.0,13,19.7477457030234,,0.0,0.0,0.0,0.0,39.53661632274975,optimal
2021-02-12 00:00:00,36,120,1.1428571428571428,0.1548148148148148,0.0,0.3051666666666667,10.3635,6.0,0,19.7477457030234,,4000.0,0.0,0.0,139.33333333333331,39.497079706427,optimal
2021-02-12 00:30:00,36,120,1.1428571428571428,0.0,0.0,0.1565,10.8045,6.0,0,19.750971563745875,,4000.0,0.0,0.0,0.0,39.45758262672057,optimal
2021-02-12 01:00:00,36,120,1.1428571428571428,0.0,0.0,0.061,11.025,6.0,0,19.7509058571058,,4000.0,0.0,0.0,0.0,39.418125044093856,optimal
2021-02-12 01:30:00,36,120,1.1428571428571428,0.0,0.0,0.1946999999999999,10.3635,6.0,0,19.749676866954847,,4000.0,0.0,0.0,0.0,39.37870691904976,optimal
2021-02-12 02:00:00,36,120,1.1428571428571428,0.0,0.0,0.0673666666666666,10.8045,6.0,0,19.750277348930044,,4000.0,0.0,0.0,0.0,39.33932821213071,optimal
2021-02-12 02:30:00,36,120,1.1428571428571428,0.0,5.0,0.0800999999999999,10.059,6.0,0,19.74952367832689,,4000.0,0.0,0.0,0.0,41.67498888391858,optimal
2021-02-12 03:00:00,36,120,1.1428571428571428,0.0,0.0,0.1819666666666666,10.584,6.0,0,19.749521392618615,,4000.0,0.0,0.0,0.0,41.63331389503466,optimal
2021-02-12 03:30:00,36,120,1.1428571428571428,0.0,5.0,0.061,9.4185,6.0,0,19.751354854997288,,4000.0,0.0,0.0,0.0,43.96668058113963,optimal
2021-02-12 04:00:00,36,120,1.1428571428571428,0.0,4.187198770787964,0.2010666666666666,10.3635,6.0,0,19.75309881897183,,4000.0,0.0,0.0,0.0,45.91163331668277,optimal
2021-02-12 04:30:00,36,120,1.1428571428571428,0.0,5.0,0.061,9.8385,6.0,0,19.757933459639453,,4000.0,0.0,0.0,0.0,48.24072168336608,optimal
2021-02-12 05:00:00,36,120,1.1428571428571428,0.0,0.0,0.1692333333333333,11.067,6.0,0,19.76243996912265,,4000.0,0.0,0.0,0.0,48.19248096168271,optimal
2021-02-12 05:30:00,36,120,1.1428571428571428,0.0,0.0,0.0928333333333333,10.8465,6.0,0,19.769643873785988,,4000.0,0.0,0.0,0.0,48.144288480721016,optimal
2021-02-12 06:00:00,36,120,1.1428571428571428,0.0,0.0,0.061,13.671,6.0,0,19.77748881552184,,4000.0,0.0,0.0,0.0,48.096144192240295,optimal
2021-02-12 06:30:00,36,120,1.1428571428571428,0.0,0.0,0.2010666666666666,12.348,6.0,0,19.78651644986384,,4000.0,0.0,0.0,0.0,48.048048048048045,optimal
2021-02-12 07:00:00,36,120,1.1428571428571428,2.322222222222221,0.0,0.093,14.3325,6.0,0,19.79743078284774,,4000.0,0.0,0.0,2089.9999999999995,48.0,optimal
2021-02-12 07:30:00,36,120,1.1428571428571428,16.240007531948745,0.0,0.3045,15.393,6.0,0,19.810935462038422,,4000.0,14337.340112087204,0.0,278.66666666666663,47.82820130813536,optimal
2021-02-12 08:00:00,36,120,1.1428571428571428,2.322222222222221,0.0,0.6660333333333333,13.587,6.0,0,20.0,,4000.0,0.0,0.0,2089.9999999999995,47.65657441496259,optimal
2021-02-12 08:30:00,36,120,0.3972248695642899,0.0,0.0,0.23,16.1385,6.0,0,20.019943755237986,,1390.2870434750146,0.0,0.0,0.0,47.48511914868299,optimal
2021-02-12 09:00:00,36,120,1.1428571428571428,0.0,0.0,0.2835333333333333,14.595,6.0,0,20.0,,4000.0,0.0,0.0,0.0,47.31383533766967,optimal
2021-02-12 09:30:00,36,120,0.3085255424128992,0.1548148148148148,0.0,1.7020333333333333,14.637,6.0,0,20.013650351521477,,1079.8393984451477,0.0,0.0,139.33333333333331,47.14272281046737,optimal
2021-02-12 10:00:00,36,120,0.76849922794711,0.0,0.0,0.071,13.9125,6.0,0,20.0,,2689.7472978148853,0.0,0.0,0.0,46.97178139579226,optimal
2021-02-12 10:30:00,36,120,1.1428571428571428,0.0,0.0,0.071,13.3665,6.0,0,20.0,,4000.0,0.0,0.0,0.0,46.80101092253184,optimal
2021-02-12 11:00:00,36,120,1.1428571428571428,0.0,0.0,0.1219333333333333,13.0095,6.0,0,20.016754973279937,,4000.0,0.0,0.0,0.0,46.63041121974467,optimal
2021-02-12 11:30:00,36,120,0.2136896746068019,0.0,0.0,0.1601333333333333,13.8915,6.0,0,20.037669241273257,,747.9138611238069,0.0,0.0,0.0,46.45998211666029,optimal
2021-02-12 12:00:00,36,120,1.1428571428571428,0.0,0.0,0.071,13.188,6.0,0,20.019488509514325,,4000.0,0.0,0.0,0.0,46.289723442679,optimal
2021-02-12 12:30:00,36,120,1.1428571428571428,0.0,0.0,0.2110666666666666,12.5685,6.0,0,20.04100917355252,,4000.0,0.0,0.0,0.0,46.119635027371686,optimal
2021-02-12 13:00:00,36,120,1.1428571428571428,0.0,0.0,0.071,12.285,6.0,0,20.06429263987285,,4000.0,0.0,0.0,0.0,45.94971670047968,optimal
2021-02-12 13:30:00,36,120,1.1428571428571428,0.0,0.0,0.1283,11.487,6.0,0,20.085858105285133,,4000.0,0.0,0.0,0.0,45.77996829191456,optimal
2021-02-12 14:00:00,36,120,1.1428571428571428,0.0,0.0,0.1537666666666667,11.802,6.0,0,20.10788060778751,,4000.0,0.0,0.0,0.0,45.61038963175801,optimal
2021-02-12 14:30:00,36,120,1.1428571428571428,0.0,0.0,0.071,11.2245,6.0,0,20.12916358784286,,4000.0,0.0,0.0,0.0,45.440980550261614,optimal
2021-02-12 15:00:00,36,120,1.1428571428571428,0.0,0.0,0.1028333333333333,11.025,6.0,0,20.14919782482493,,4000.0,0.0,0.0,0.0,45.27174087784672,optimal
2021-02-12 15:30:00,36,120,1.1428571428571428,0.0,0.0,0.1792333333333333,11.907,6.0,0,20.16812164678976,,4000.0,0.0,0.0,0.0,45.10267044510424,optimal
2021-02-12 16:00:00,36,120,0.0,0.0,0.0,0.3867,25.83,6.0,0,20.18764129768149,,0.0,0.0,0.0,0.0,44.9337690827945,optimal
2021-02-12 16:30:00,36,120,0.0,0.3096296296296296,0.0,0.6632666666666667,28.035,6.0,0,20.15834546603776,,0.0,0.0,0.0,278.66666666666663,44.76503662184707,optimal
2021-02-12 17:00:00,36,120,0.0,0.1548148148148148,0.0,0.2424666666666666,28.119,6.0,0,20.134202912807822,,0.0,0.0,0.0,139.33333333333331,44.59647289336058,optimal
2021-02-12 17:30:00,36,120,0.0,0.4644444444444444,0.0,0.4649666666666666,30.156,6.0,0,20.104066804775524,,0.0,0.0,0.0,418.0,44.42807772860259,optimal
2021-02-12 18:00:00,36,120,0.0,0.4644444444444444,0.0,0.4380666666666666,29.1585,6.0,0,20.077019289907152,,0.0,0.0,0.0,418.0,44.25985095900935,optimal
2021-02-12 18:30:00,36,120,0.0,0.387037037037037,0.0,1.2855,26.712,6.0,0,20.047150263738825,,0.0,0.0,0.0,348.3333333333333,44.0917924161857,optimal
2021-02-12 19:00:00,36,120,0.0,0.0774074074074074,0.0,0.689,15.435,6.0,0,20.0258237874546,,0.0,0.0,0.0,69.66666666666666,44.04770062376952,optimal
2021-02-12 19:30:00,36,120,0.6859837921826513,0.0,0.0,0.4202333333333333,13.566,6.0,0,20.0,,2400.94327263928,0.0,0.0,0.0,44.00365292314575,optimal
2021-02-12 20:00:00,36,120,0.6841573355149981,0.0,0.0,0.4592333333333333,12.789,6.0,0,20.0,,2394.550674302493,0.0,0.0,0.0,43.959649270222606,optimal
2021-02-12 20:30:00,36,120,0.0,0.0,0.0,0.8986333333333333,12.1275,6.0,0,20.0,,0.0,0.0,0.0,0.0,43.91568962095239,optimal
2021-02-12 21:00:00,36,120,0.0,0.0,0.0,0.3559666666666666,13.671,6.0,0,19.97585830999217,,0.0,0.0,0.0,0.0,43.87177393133143,optimal
2021-02-12 21:30:00,36,120,0.0,0.0,0.0,0.462,10.668,6.0,0,19.94477249429044,,0.0,0.0,0.0,0.0,43.8279021574001,optimal
2021-02-12 22:00:00,36,120,0.0,0.0,0.0,0.4650333333333333,11.7285,6.0,0,19.91472659541856,,0.0,0.0,0.0,0.0,43.7840742552427,optimal
2021-02-12 22:30:00,36,120,0.0,0.2322222222222222,0.0,1.567233333333333,11.025,6.0,0,19.886084834129157,,0.0,0.0,0.0,209.0,43.74029018098746,optimal
2021-02-12 23:00:00,36,120,0.0,0.387037037037037,0.0,0.3215,10.689,6.0,0,19.859283108333894,,0.0,0.0,0.0,348.3333333333333,43.69654989080647,optimal
2021-02-12 23:30:00,36,120,0.0,0.0,0.0,0.2376333333333333,8.1585,6.0,0,19.82872453140761,,0.0,0.0,0.0,0.0,43.65285334091567,optimal
2021-02-13 00:00:00,36,120,1.1428571428571428,0.0,5.0,0.1356,10.143,6.0,-16,19.82872453140761,,4000.0,0.0,0.0,0.0,45.98420048757475,optimal
2021-02-13 00:30:00,36,120,1.1428571428571428,0.0,0.0,0.057,13.0095,6.0,-16,19.841310613846478,,4000.0,0.0,0.0,0.0,45.93821628708718,optimal
2021-02-13 01:00:00,36,120,1.1428571428571428,0.0,0.0,0.057,11.025,6.0,-16,19.853013339550955,,4000.0,0.0,0.0,0.0,45.892278070800096,optimal
2021-02-13 01:30:00,36,120,1.1428571428571428,0.0,0.0,0.2037,12.789,6.0,-16,19.864791992009145,,4000.0,0.0,0.0,0.0,45.84638579272929,optimal
2021-02-13 02:00:00,36,120,1.1428571428571428,0.0,0.0,0.1245666666666666,12.1275,6.0,-16,19.878433570443253,,4000.0,0.0,0.0,0.0,45.800539406936565,optimal
2021-02-13 02:30:00,36,120,1.1428571428571428,0.0,0.0,0.1823666666666666,12.1695,6.0,-16,19.89118320230609,,4000.0,0.0,0.0,0.0,45.75473886752963,optimal
2021-02-13 03:00:00,36,120,1.1428571428571428,0.0,0.0,0.1462333333333333,12.306,6.0,-16,19.904611696660968,,4000.0,0.0,0.0,0.0,45.7089841286621,optimal
2021-02-13 03:30:00,36,120,1.1428571428571428,0.0,0.0,0.1281333333333333,13.23,6.0,-16,19.91756931873188,,4000.0,0.0,0.0,0.0,45.66327514453344,optimal
2021-02-13 04:00:00,36,120,1.1428571428571428,0.0,0.0,0.2136333333333333,13.671,6.0,-16,19.930063860295768,,4000.0,0.0,0.0,0.0,45.61761186938891,optimal
2021-02-13 04:30:00,36,120,1.1428571428571428,0.0,0.0,0.0631666666666666,13.9335,6.0,-16,19.94348015362971,,4000.0,0.0,0.0,0.0,45.57199425751952,optimal
2021-02-13 05:00:00,36,120,1.1428571428571428,0.0,0.0,0.057,13.293,6.0,-16,19.954956318105904,,4000.0,0.0,0.0,0.0,45.526422263262,optimal
2021-02-13 05:30:00,36,120,1.1428571428571428,0.0,0.0,0.1564333333333333,12.1065,6.0,-16,19.966136349628563,,4000.0,0.0,0.0,0.0,45.480895840998734,optimal
2021-02-13 06:00:00,36,120,1.1428571428571428,0.0,0.0,0.1698333333333333,11.571,6.0,-16,19.97830729074492,,4000.0,0.0,0.0,0.0,45.43541494515774,optimal
2021-02-13 06:30:00,36,120,1.1428571428571428,2.5544444444444445,0.6921837571586085,0.1119333333333333,11.025,6.0,-16,19.992159540087965,,4000.0,0.0,0.0,2299.0,45.71876681486292,optimal
2021-02-13 07:00:00,36,120,1.1428571428571428,3.5839629629629624,5.0,0.4115666666666666,10.8465,6.0,-16,20.008117409690595,,4000.0,0.0,0.0,3225.566666666666,48.048048048048045,optimal
2021-02-13 07:30:00,36,120,1.1428571428571428,3.227888888888889,0.0,0.5727000000000001,11.2455,6.0,-16,20.029830209762817,,4000.0,0.0,0.0,2905.1,48.0,optimal
2021-02-13 08:00:00,36,120,0.0,0.2322222222222222,0.0,0.3716666666666667,23.8665,6.0,-16,20.052620287258208,,0.0,0.0,0.0,209.0,47.76391447709112,optimal
2021-02-13 08:30:00,36,120,0.0,1.5493274807710096,0.0,0.2549333333333333,27.4575,6.0,-16,20.02028662196946,,0.0,1394.3947326939085,0.0,0.0,47.52806503970516,optimal
2021-02-13 09:00:00,36,120,0.0,3.1206310029395445,0.0,0.305,27.3735,6.0,-16,20.0,,0.0,2738.9012359789235,0.0,69.66666666666666,47.29245145175657,optimal
2021-02-13 09:30:00,36,120,0.0,2.07898081313408,0.0,1.5005,30.4605,6.0,-16,20.0,,0.0,1871.0827318206725,0.0,0.0,47.05707347739593,optimal
2021-02-13 10:00:00,36,120,0.0,2.6925615386528827,0.0,1.2117,30.0195,6.0,-16,20.0,,0.0,2005.305384787595,0.0,418.0,46.821930881009656,optimal
2021-02-13 10:30:00,36,120,0.0,2.0897722414324518,0.0,2.580833333333333,26.9325,6.0,-16,20.0,,0.0,1880.795017289206,0.0,0.0,46.58702342721977,optimal
2021-02-13 11:00:00,36,120,0.6368567890794992,0.0,0.0,1.8551666666666669,14.595,6.0,-16,20.0,,2228.998761778247,0.0,0.0,0.0,46.35235088088367,optimal
2021-02-13 11:30:00,36,120,0.703547160270434,0.0,0.0,0.2075333333333333,12.4845,6.0,-16,20.0,,2462.415060946519,0.0,0.0,0.0,46.11791300709391,optimal
2021-02-13 12:00:00,36,120,0.8802590447363503,0.0,0.0,0.1538333333333333,12.1275,6.0,-16,20.0,,3080.9066565772264,0.0,0.0,0.0,45.88370957117794,optimal
2021-02-13 12:30:00,36,120,1.1428571428571428,0.0,0.0,0.1327666666666666,12.1275,6.0,-16,20.00840142717182,,4000.0,0.0,0.0,0.0,45.64974033869788,optimal
2021-02-13 13:00:00,36,120,0.0,0.0,0.0,0.1718333333333333,12.789,6.0,-16,20.02792452347777,,0.0,0.0,0.0,0.0,45.41600507545031,optimal
2021-02-13 13:30:00,36,120,0.6789221832117199,0.0,0.0,0.067,11.907,6.0,-16,20.0,,2376.22764124102,0.0,0.0,0.0,45.18250354746598,optimal
2021-02-13 14:00:00,36,120,0.6769356158821166,0.0,0.0,0.2725333333333333,11.025,6.0,-16,20.0,,2369.274655587408,0.0,0.0,0.0,44.94923552100963,optimal
2021-02-13 14:30:00,36,120,1.1428571428571428,0.0,0.0,0.0757333333333333,8.2005,6.0,-16,20.0,,4000.0,0.0,0.0,0.0,44.71620076257975,optimal
2021-02-13 15:00:00,36,120,0.3643734741478917,0.0,0.0,0.067,9.5655,6.0,-16,20.01766682699725,,1275.3071595176211,0.0,0.0,0.0,44.48339903890829,optimal
2021-02-13 15:30:00,36,120,1.1428571428571428,0.0,0.0,0.2026666666666666,7.056,6.0,-16,20.0,,4000.0,0.0,0.0,0.0,44.2508301169605,optimal
2021-02-13 16:00:00,36,120,1.1308655987853005,0.0,0.0,0.1456,9.3975,6.0,-16,20.017015823587556,,3958.029595748552,0.0,0.0,0.0,44.01849376393466,optimal
2021-02-13 16:30:00,36,120,0.0,0.1548148148148148,0.0,2.220766666666667,10.059,6.0,-16,20.03013729188641,,0.0,0.0,0.0,139.33333333333331,43.78638974726185,optimal
2021-02-13 17:00:00,36,120,1.1428571428571428,0.0,0.0,2.6112333333333333,9.261,6.0,-16,20.00633913362089,,4000.0,0.0,0.0,0.0,43.55451783460571,optimal
2021-02-13 17:30:00,36,120,1.1428571428571428,0.0774074074074074,0.0,0.6365666666666667,8.1585,6.0,-16,20.031962159018686,,4000.0,0.0,0.0,69.66666666666666,43.32287779386223,optimal
2021-02-13 18:00:00,36,120,0.0,0.2322222222222222,0.0,0.3096,9.4815,6.0,-16,20.05345938239368,,0.0,0.0,0.0,209.0,43.091469393159485,optimal
2021-02-13 18:30:00,36,120,1.1428571428571428,0.3096296296296296,0.0,0.2025,8.379,6.0,-16,20.02538238892969,,4000.0,0.0,0.0,278.66666666666663,42.860292400857446,optimal
2021-02-13 19:00:00,36,120,0.0,0.0,0.0,0.3365333333333333,9.5235,6.0,-16,20.045265236988644,,0.0,0.0,0.0,0.0,42.62934658554771,optimal
2021-02-13 19:30:00,36,120,1.1428571428571428,0.4644444444444444,0.0,0.2727666666666666,8.1375,6.0,-16,20.015708000936723,,4000.0,0.0,0.0,418.0,42.39863171605328,optimal
2021-02-13 20:00:00,36,120,0.0,0.1548148148148148,0.0,0.2521666666666666,10.0905,6.0,-16,20.03025412966182,,0.0,0.0,0.0,139.33333333333331,42.35623308433723,optimal
2021-02-13 20:30:00,36,120,0.0,0.2322222222222222,0.0,0.2978666666666666,7.539,6.0,-16,20.0,,0.0,0.0,0.0,209.0,42.31387685125289,optimal
2021-02-13 21:00:00,36,120,0.0,0.387037037037037,0.0,0.631,7.938,6.0,-16,19.97234668177161,,0.0,0.0,0.0,348.3333333333333,42.27156297440164,optimal
2021-02-13 21:30:00,36,120,0.0,0.0774074074074074,0.0,0.3008333333333333,8.274,6.0,-16,19.94871475894047,,0.0,0.0,0.0,69.66666666666666,42.22929141142724,optimal
2021-02-13 22:00:00,36,120,0.0,0.0,0.0,0.4624333333333333,9.261,6.0,-16,19.924034450140734,,0.0,0.0,0.0,0.0,42.18706212001582,optimal
2021-02-13 22:30:00,36,120,0.0,0.0,0.0,0.1232666666666666,9.9225,6.0,-16,19.902003956799334,,0.0,0.0,0.0,0.0,42.1448750578958,optimal
2021-02-13 23:00:00,36,120,0.0,0.0,0.0,0.1595,9.702,6.0,-16,19.86574069735,,0.0,0.0,0.0,0.0,42.10273018283791,optimal
2021-02-13 23:30:00,36,120,0.0,0.0,0.0,0.0844666666666666,10.584,6.0,-16,19.830089867138163,,0.0,0.0,0.0,0.0,42.06062745265507,optimal
2021-02-07 00:00:00,37,120,1.1428571428571428,0.0,0.0,0.047,5.376,6.0,-13,21.0,,4000.0,0.0,0.0,0.0,47.952,optimal
2021-02-07 00:30:00,37,120,1.1428571428571428,0.0,1.729989026189646,0.1376,5.0715,6.0,-13,21.01572827526108,,4000.0,0.0,0.0,0.0,48.72579278744007,optimal
2021-02-07 01:00:00,37,120,0.3323761347445148,0.0,0.0,0.0917999999999999,5.5125,6.0,-13,21.03233083223821,,1163.316471605802,0.0,0.0,0.0,48.67706699465263,optimal
2021-02-07 01:30:00,37,120,0.0,0.0,0.0,0.0818333333333333,9.261,6.0,-13,21.013586813620066,,0.0,0.0,0.0,0.0,48.62838992765797,optimal
2021-02-07 02:00:00,37,120,0.0,0.0,0.0,0.2678333333333333,11.7075,6.0,-13,20.980487490158215,,0.0,0.0,0.0,0.0,48.57976153773031,optimal
2021-02-07 02:30:00,37,120,0.0,0.0,0.0,0.0501666666666666,12.348,6.0,-13,20.94962057588342,,0.0,0.0,0.0,0.0,48.53118177619257,optimal
2021-02-07 03:00:00,37,120,0.0,0.0,0.0,0.2005666666666666,12.348,6.0,-13,20.915964910877417,,0.0,0.0,0.0,0.0,48.48265059441637,optimal
2021-02-07 03:30:00,37,120,0.0,0.0,0.0,0.1459333333333333,12.1275,6.0,-13,20.88400993847851,,0.0,0.0,0.0,0.0,48.434167943821954,optimal
2021-02-07 04:00:00,37,120,0.0,0.0,0.0,0.047,12.5265,6.0,-13,20.851353628659613,,0.0,0.0,0.0,0.0,48.38573377587813,optimal
2021-02-07 04:30:00,37,120,0.0,0.0,0.0,0.1570666666666666,11.7495,6.0,-13,20.817457694061176,,0.0,0.0,0.0,0.0,48.33734804210225,optimal
2021-02-07 05:00:00,37,120,0.0,0.0,0.0,0.0723333333333333,13.23,6.0,-13,20.784969830195287,,0.0,0.0,0.0,0.0,48.28901069406015,optimal
2021-02-07 05:30:00,37,120,0.0,0.0,0.0,0.1956,14.3325,6.0,-13,20.7515141250121,,0.0,0.0,0.0,0.0,48.24072168336608,optimal
2021-02-07 06:00:00,37,120,0.0,0.0,0.0,0.1102333333333333,14.994,6.0,-13,20.71962236392852,,0.0,0.0,0.0,0.0,48.19248096168271,optimal
2021-02-07 06:30:00,37,120,0.0,0.1548148148148148,0.0,0.0988333333333333,14.8155,6.0,-13,20.68664016236222,,0.0,0.0,0.0,139.33333333333331,48.144288480721016,optimal
2021-02-07 07:00:00,37,120,0.0,0.6966666666666667,0.0,0.3428666666666666,14.112,6.0,-13,20.65595714066921,,0.0,0.0,0.0,627.0,48.096144192240295,optimal
2021-02-07 07:30:00,37,120,0.0,2.70925925925926,0.0,0.127,14.007,6.0,-13,20.62858637231863,,0.0,0.0,0.0,2438.333333333333,48.048048048048045,optimal
2021-02-07 08:00:00,37,120,0.0,0.8514814814814814,0.0,1.5610666666666666,13.23,6.0,-13,20.59990612269697,,0.0,0.0,0.0,766.3333333333333,48.0,optimal
2021-02-07 08:30:00,37,120,0.0,0.0,0.0,0.1188333333333333,11.382,6.0,-13,20.575914000252045,,0.0,0.0,0.0,0.0,47.56829116717912,optimal
2021-02-07 09:00:00,37,120,0.0,0.0,0.0,0.1860666666666666,11.7495,6.0,-13,20.540642580740933,,0.0,0.0,0.0,0.0,47.13701404319106,optimal
2021-02-07 09:30:00,37,120,0.0,0.0,0.0,0.249,24.3285,6.0,-13,20.50587548539609,,0.0,0.0,0.0,0.0,46.706168196326985,optimal
2021-02-07 10:00:00,37,120,0.0,1.935185185185185,0.0,0.1198333333333333,28.917,6.0,-13,20.473318206871603,,0.0,0.0,0.0,1741.6666666666667,46.275753195309775,optimal
2021-02-07 10:30:00,37,120,0.0,1.935185185185185,0.0,0.1665666666666666,31.3635,6.0,-13,20.44183782304417,,0.0,0.0,0.0,1741.6666666666667,45.84576860929359,optimal
2021-02-07 11:00:00,37,120,0.0,1.820622222222222,0.0,0.2452666666666667,33.306,6.0,-13,20.411838597795107,,0.0,0.0,0.0,1638.56,45.41621400786341,optimal
2021-02-07 11:30:00,37,120,0.0,0.888637037037037,0.0,0.1397,31.3425,6.0,-13,20.38440481240047,,0.0,0.0,0.0,799.7733333333333,44.987088961034665,optimal
2021-02-07 12:00:00,37,120,0.0,0.0774074074074074,0.0,0.1158,28.2555,6.0,-13,20.355641908097137,,0.0,0.0,0.0,69.66666666666666,44.55839303925275,optimal
2021-02-07 12:30:00,37,120,0.0,0.2322222222222222,0.0,0.3975666666666667,15.6975,6.0,-13,20.32777585843188,,0.0,0.0,0.0,209.0,44.13012581339262,optimal
2021-02-07 13:00:00,37,120,0.0,0.0,0.0,1.8026,12.5475,6.0,-13,20.302110203173243,,0.0,0.0,0.0,0.0,43.70228685475834,optimal
2021-02-07 13:30:00,37,120,0.0,0.0,0.0,0.9249,12.0855,6.0,-13,20.277844657588687,,0.0,0.0,0.0,0.0,43.2748757350827,optimal
2021-02-07 14:00:00,37,120,0.0,0.1548148148148148,0.0,1.6252666666666669,11.907,6.0,-13,20.254650338242836,,0.0,0.0,0.0,139.33333333333331,42.84789202652674,optimal
2021-02-07 14:30:00,37,120,0.0,0.0,0.0,1.7572333333333332,12.5685,6.0,-13,20.238511477811706,,0.0,0.0,0.0,0.0,42.421335301679335,optimal
2021-02-07 15:00:00,37,120,0.0,0.0,0.0,0.6633,13.146,6.0,-13,20.224289592130773,,0.0,0.0,0.0,0.0,41.99520513355677,optimal
2021-02-07 15:30:00,37,120,0.0,0.0,0.0,0.1761333333333333,10.584,6.0,-13,20.20034789899675,,0.0,0.0,0.0,0.0,41.569501095602334,optimal
2021-02-07 16:00:00,37,120,0.0,0.6966666666666667,0.0,0.217,6.678,6.0,-13,20.17043001751796,,0.0,0.0,0.0,627.0,41.14422276168585,optimal
2021-02-07 16:30:00,37,120,0.0,0.3096296296296296,0.0,0.4397666666666666,7.938,6.0,-13,20.1397689551286,,0.0,0.0,0.0,278.66666666666663,40.719369706103286,optimal
2021-02-07 17:00:00,37,120,1.1428571428571428,0.3096296296296296,0.0,0.6269666666666667,5.292,6.0,-13,20.114374646647697,,4000.0,0.0,0.0,278.66666666666663,40.294941503576304,optimal
2021-02-07 17:30:00,37,120,0.0,0.3096296296296296,0.0,0.595,9.261,6.0,-13,20.13865693317393,,0.0,0.0,0.0,278.66666666666663,39.87093772925185,optimal
2021-02-07 18:00:00,37,120,0.0,0.1548148148148148,0.0,0.4096,10.3635,6.0,-13,20.11526429785458,,0.0,0.0,0.0,139.33333333333331,39.44735795870172,optimal
2021-02-07 18:30:00,37,120,0.0,0.0,0.0,0.3690666666666666,8.274,6.0,-13,20.09045795966848,,0.0,0.0,0.0,0.0,39.407910600743016,optimal
2021-02-07 19:00:00,37,120,0.0,0.387037037037037,0.0,0.2603999999999999,7.7175,6.0,-13,20.06808046440283,,0.0,0.0,0.0,348.3333333333333,39.36850269014227,optimal
2021-02-07 19:30:00,37,120,0.0,0.0,0.0,1.3684666666666667,6.615,6.0,-13,20.04350582785879,,0.0,0.0,0.0,0.0,39.32913418745213,optimal
2021-02-07 20:00:00,37,120,0.0,0.4644444444444444,0.0,0.3941,6.174,6.0,-13,20.022679202421564,,0.0,0.0,0.0,418.0,39.28980505326467,optimal
2021-02-07 20:30:00,37,120,0.0,0.0,0.0,0.3796333333333333,3.906,6.0,-13,20.0,,0.0,0.0,0.0,0.0,39.25051524821141,optimal
2021-02-07 21:00:00,37,120,0.0,0.2322222222222222,0.0,0.2278333333333332,2.3415,6.0,-13,19.97629199983665,,0.0,0.0,0.0,209.0,39.2112647329632,optimal
2021-02-07 21:30:00,37,120,0.0,0.0,0.0,0.2017333333333333,2.205,6.0,-13,19.94972420500979,,0.0,0.0,0.0,0.0,39.17205346823023,optimal
2021-02-07 22:00:00,37,120,0.0,0.0,0.0,0.2082666666666666,0.882,6.0,-13,19.9241881368238,,0.0,0.0,0.0,0.0,39.132881414762,optimal
2021-02-07 22:30:00,37,120,0.0,0.0,0.0,0.3660666666666666,1.5435,6.0,-13,19.89769318532261,,0.0,0.0,0.0,0.0,39.09374853334724,optimal
2021-02-07 23:00:00,37,120,0.0,0.3096296296296296,0.0,0.2355333333333333,1.5435,6.0,-13,19.87286776475293,,0.0,0.0,0.0,278.66666666666663,39.05465478481389,optimal
2021-02-07 23:30:00,37,120,0.0,0.0,0.0,0.1782666666666666,5.0715,6.0,-13,19.84448437030984,,0.0,0.0,0.0,0.0,39.01560013002908,optimal
2021-02-08 00:00:00,37,120,1.1428571428571428,0.0,0.4695237127885016,0.045,6.7725,6.0,-4,19.84448437030984,,4000.0,0.0,0.0,0.0,39.19960829347358,optimal
2021-02-08 00:30:00,37,120,1.1428571428571428,0.0,5.0,0.045,5.5755,6.0,-4,19.859505318965567,,4000.0,0.0,0.0,0.0,41.5354086851801,optimal
2021-02-08 01:00:00,37,120,1.1428571428571428,0.0,5.0,0.1411333333333333,5.0925,6.0,-4,19.874496487646347,,4000.0,0.0,0.0,0.0,43.86887327649492,optimal
2021-02-08 01:30:00,37,120,1.1428571428571428,0.0,5.0,0.045,4.1895,6.0,-4,19.890629064655315,,4000.0,0.0,0.0,0.0,46.200004403218415,optimal
2021-02-08 02:00:00,37,120,1.1428571428571428,0.0,0.0,0.1411333333333333,7.056,6.0,-4,19.90545940041072,,4000.0,0.0,0.0,0.0,46.15380439881519,optimal
2021-02-08 02:30:00,37,120,1.1428571428571428,0.0,5.0,0.045,5.271,6.0,-4,19.92133233521262,,4000.0,0.0,0.0,0.0,48.48265059441637,optimal
2021-02-08 03:00:00,37,120,1.1428571428571428,0.0,0.0,0.045,7.938,6.0,-4,19.936101799804096,,4000.0,0.0,0.0,0.0,48.434167943821954,optimal
2021-02-08 03:30:00,37,120,1.1428571428571428,0.0,0.0,0.1411333333333333,7.938,6.0,-4,19.95094111114665,,4000.0,0.0,0.0,0.0,48.38573377587813,optimal
2021-02-08 04:00:00,37,120,1.1428571428571428,0.0,0.0,0.045,11.907,6.0,-4,19.96682300374105,,4000.0,0.0,0.0,0.0,48.33734804210225,optimal
2021-02-08 04:30:00,37,120,1.1428571428571428,0.0,0.0,0.0930666666666666,11.025,6.0,-4,19.98140315207949,,4000.0,0.0,0.0,0.0,48.28901069406015,optimal
2021-02-08 05:00:00,37,120,1.1428571428571428,0.0,0.0,0.0930666666666666,11.2875,6.0,-4,19.996341702702424,,4000.0,0.0,0.0,0.0,48.24072168336608,optimal
2021-02-08 05:30:00,37,120,1.1428571428571428,0.0,0.0,0.045,12.936,6.0,-4,20.01105238042355,,4000.0,0.0,0.0,0.0,48.19248096168271,optimal
2021-02-08 06:00:00,37,120,1.1428571428571428,0.0,0.0,0.1411333333333333,13.0095,6.0,-4,20.02504920052706,,4000.0,0.0,0.0,0.0,48.144288480721016,optimal
2021-02-08 06:30:00,37,120,1.1428571428571428,0.0,0.0,0.0483333333333333,13.671,6.0,-4,20.04009027217425,,4000.0,0.0,0.0,0.0,48.096144192240295,optimal
2021-02-08 07:00:00,37,120,1.1428571428571428,0.3096296296296296,0.0,0.2176999999999999,13.188,6.0,-4,20.054200797623835,,4000.0,0.0,0.0,278.66666666666663,48.048048048048045,optimal
2021-02-08 07:30:00,37,120,1.1428571428571428,2.322222222222221,0.0,0.1528,13.8495,6.0,-4,20.072290075673084,,4000.0,0.0,0.0,2089.9999999999995,48.0,optimal
2021-02-08 08:00:00,37,120,1.1428571428571428,0.1548148148148148,0.0,0.229,13.23,6.0,-4,20.09162029033154,,4000.0,0.0,0.0,139.33333333333331,47.661769347285286,optimal
2021-02-08 08:30:00,37,120,1.1428571428571428,0.1548148148148148,0.0,0.1676666666666666,13.3665,6.0,-4,20.10876516454374,,4000.0,0.0,0.0,139.33333333333331,47.32387692522329,optimal
2021-02-08 09:00:00,37,120,1.1428571428571428,0.3096296296296296,0.0,0.2791666666666667,13.0515,6.0,-4,20.124500165166744,,4000.0,0.0,0.0,278.66666666666663,46.98632239558335,optimal
2021-02-08 09:30:00,37,120,1.1428571428571428,0.3096296296296296,0.0,0.1636,13.5345,6.0,-4,20.14349464986548,,4000.0,0.0,0.0,278.66666666666663,46.649105420473056,optimal
2021-02-08 10:00:00,37,120,0.0,0.1548148148148148,0.0,0.2195666666666666,14.154,6.0,-4,20.162388669952,,0.0,0.0,0.0,139.33333333333331,46.31222566233787,optimal
2021-02-08 10:30:00,37,120,1.1194898795277828,0.0,0.0,0.055,14.112,6.0,-4,20.13305180616474,,3918.21457834724,0.0,0.0,0.0,45.97568278396082,optimal
2021-02-08 11:00:00,37,120,0.0,0.0,0.0,0.1168,14.2485,6.0,-4,20.14694128013185,,0.0,0.0,0.0,0.0,45.63947644846215,optimal
2021-02-08 11:30:00,37,120,1.1428571428571428,0.0,0.0,0.0893333333333333,12.789,6.0,-4,20.116530864569032,,4000.0,0.0,0.0,0.0,45.30360631929897,optimal
2021-02-08 12:00:00,37,120,1.1428571428571428,0.0,0.0,0.055,13.0095,6.0,-4,20.13477376041013,,4000.0,0.0,0.0,0.0,44.96807206026496,optimal
2021-02-08 12:30:00,37,120,1.1428571428571428,0.0,0.0,0.1511333333333333,12.1275,6.0,-4,20.15369758905261,,4000.0,0.0,0.0,0.0,44.63287333548998,optimal
2021-02-08 13:00:00,37,120,1.1428571428571428,0.0,0.0,0.055,12.348,6.0,-4,20.17415154184996,,4000.0,0.0,0.0,0.0,44.29800980943978,optimal
2021-02-08 13:30:00,37,120,1.1428571428571428,0.0,0.0,0.055,12.348,6.0,-4,20.19346718717411,,4000.0,0.0,0.0,0.0,43.96348114691563,optimal
2021-02-08 14:00:00,37,120,0.0,0.0,0.0,0.1511333333333333,25.389,6.0,-4,20.212942794303338,,0.0,0.0,0.0,0.0,43.629287013054,optimal
2021-02-08 14:30:00,37,120,0.0,0.0,0.0,0.055,29.1375,6.0,-4,20.18508443035493,,0.0,0.0,0.0,0.0,43.29542707332624,optimal
2021-02-08 15:00:00,37,120,0.0,0.0774074074074074,0.0,0.1058666666666666,30.597,6.0,-4,20.155812783672605,,0.0,0.0,0.0,69.66666666666666,42.9619009935382,optimal
2021-02-08 15:30:00,37,120,0.0,0.0,0.0,0.1813333333333333,33.684,6.0,-4,20.125630428806662,,0.0,0.0,0.0,0.0,42.62870843982995,optimal
2021-02-08 16:00:00,37,120,0.0,0.0,0.0,0.055,32.445,6.0,-4,20.09922763290742,,0.0,0.0,0.0,0.0,42.29584907867541,optimal
2021-02-08 16:30:00,37,120,0.0,0.0,0.0,0.1608,28.917,6.0,-4,20.065567748985615,,0.0,0.0,0.0,0.0,41.96332257688202,optimal
2021-02-08 17:00:00,37,120,0.0,0.0,0.0,0.0602333333333333,15.876,6.0,-4,20.033641007198987,,0.0,0.0,0.0,0.0,41.631128601590426,optimal
2021-02-08 17:30:00,37,120,0.6320655921889371,0.0,0.0,0.2182666666666667,12.348,6.0,-4,20.0,,2212.22957266128,0.0,0.0,0.0,41.29926682027412,optimal
2021-02-08 18:00:00,37,120,1.1428571428571428,0.0774074074074074,0.0,0.2123,12.1275,6.0,-4,20.0,,4000.0,0.0,0.0,69.66666666666666,40.96773690073913,optimal
2021-02-08 18:30:00,37,120,0.1061326179189341,0.5418518518518518,0.0,0.2148666666666666,12.348,6.0,-4,20.020981528030337,,371.4641627162696,0.0,0.0,487.6666666666667,40.63653851112368,optimal
2021-02-08 19:00:00,37,120,0.5944674064780784,0.1548148148148148,0.0,0.2677333333333332,12.1275,6.0,-4,20.0,,2080.6359226732743,0.0,0.0,139.33333333333331,40.30567131989785,optimal
2021-02-08 19:30:00,37,120,0.602956292905177,0.0,0.0,0.3721666666666667,12.1275,6.0,-4,20.0,,2110.34702516812,0.0,0.0,0.0,39.97513499586324,optimal
2021-02-08 20:00:00,37,120,0.7100451793322583,0.1548148148148148,0.0,0.201,11.2665,6.0,-4,20.0,,2485.158127662904,0.0,0.0,139.33333333333331,39.64492920815266,optimal
2021-02-08 20:30:00,37,120,0.0,0.0774074074074074,0.0,0.2802,10.143,6.0,-4,20.0,,0.0,0.0,0.0,69.66666666666666,39.60528427894451,optimal
2021-02-08 21:00:00,37,120,0.0,0.0,0.0,0.2545666666666666,11.2455,6.0,-4,19.971601753553188,,0.0,0.0,0.0,0.0,39.56567899466557,optimal
2021-02-08 21:30:00,37,120,0.0,1.6658074074074074,0.0,0.3136,11.025,6.0,-4,19.94529579387726,,0.0,0.0,0.0,1499.2266666666667,39.526113315670905,optimal
2021-02-08 22:00:00,37,120,0.0,0.3467851851851852,0.0,0.2603666666666667,5.9745,6.0,-4,19.920040262663026,,0.0,0.0,0.0,312.10666666666674,39.48658720235523,optimal
2021-02-08 22:30:00,37,120,0.0,0.0,0.0,0.2529333333333333,7.938,6.0,-4,19.8940796321012,,0.0,0.0,0.0,0.0,39.44710061515288,optimal
2021-02-08 23:00:00,37,120,0.0,0.0,0.0,0.2195666666666666,8.6835,6.0,-4,19.8687929427756,,0.0,0.0,0.0,0.0,39.40765351453772,optimal
2021-02-08 23:30:00,37,120,0.0,0.0,0.0,0.1291999999999999,7.665,6.0,-4,19.840105489057542,,0.0,0.0,0.0,0.0,39.36824586102318,optimal
2021-02-09 00:00:00,37,120,1.1428571428571428,0.0,0.0,0.057,12.1275,6.0,5,19.840105489057542,,4000.0,0.0,0.0,0.0,39.32887761516216,optimal
2021-02-09 00:30:00,37,120,1.1428571428571428,0.0,0.0,0.057,12.2955,6.0,5,19.85349700066415,,4000.0,0.0,0.0,0.0,39.289548737547,optimal
2021-02-09 01:00:00,37,120,1.1428571428571428,0.0,0.0,0.057,11.6865,6.0,5,19.86696109090025,,4000.0,0.0,0.0,0.0,39.25025918880945,optimal
2021-02-09 01:30:00,37,120,1.1428571428571428,0.0,0.0,0.057,11.466,6.0,5,19.88049761587417,,4000.0,0.0,0.0,0.0,39.21100892962064,optimal
2021-02-09 02:00:00,37,120,1.1428571428571428,0.0,4.608504301338209,0.057,10.8045,6.0,5,19.893809047550256,,4000.0,0.0,0.0,0.0,41.36083746382667,optimal
2021-02-09 02:30:00,37,120,1.1428571428571428,0.0,5.0,0.057,10.584,6.0,5,19.90689583219013,,4000.0,0.0,0.0,0.0,43.69447662636284,optimal
2021-02-09 03:00:00,37,120,1.1428571428571428,0.0,0.0,0.057,11.2455,6.0,5,19.920055799599883,,4000.0,0.0,0.0,0.0,43.65078214973648,optimal
2021-02-09 03:30:00,37,120,1.1428571428571428,0.0,0.0,0.057,12.1275,6.0,5,19.93328880469005,,4000.0,0.0,0.0,0.0,43.60713136758673,optimal
2021-02-09 04:00:00,37,120,1.1428571428571428,0.0,0.0,0.057,11.823,6.0,5,19.946693830801927,,4000.0,0.0,0.0,0.0,43.563524236219145,optimal
2021-02-09 04:30:00,37,120,1.1428571428571428,0.0,0.0,0.057,11.7705,6.0,5,19.96027053689301,,4000.0,0.0,0.0,0.0,43.51996071198292,optimal
2021-02-09 05:00:00,37,120,1.1428571428571428,0.0,0.0,0.057,11.13,6.0,5,19.97362207002468,,4000.0,0.0,0.0,0.0,43.47644075127093,optimal
2021-02-09 05:30:00,37,120,1.1428571428571428,0.0,0.0,0.057,11.6865,6.0,5,19.986748876616485,,4000.0,0.0,0.0,0.0,43.43296431051965,optimal
2021-02-09 06:00:00,37,120,1.1428571428571428,0.0,5.0,0.057,10.7205,6.0,5,19.99984965848905,,4000.0,0.0,0.0,0.0,45.764531346209125,optimal
2021-02-09 06:30:00,37,120,1.1428571428571428,0.0,0.0,0.057,11.424,6.0,5,20.01292446723803,,4000.0,0.0,0.0,0.0,45.71876681486292,optimal
2021-02-09 07:00:00,37,120,1.1428571428571428,0.0,5.0,0.057,10.689,6.0,5,20.02587422621369,,4000.0,0.0,0.0,0.0,48.048048048048045,optimal
2021-02-09 07:30:00,37,120,1.1428571428571428,0.4644444444444444,0.0,0.0563333333333333,11.361,6.0,5,20.038699183335076,,4000.0,0.0,0.0,418.0,48.0,optimal
2021-02-09 08:00:00,37,120,1.1428571428571428,0.3096296296296296,0.0,1.3515,11.571,6.0,5,20.053362522517283,,4000.0,0.0,0.0,278.66666666666663,47.92145330344364,optimal
2021-02-09 08:30:00,37,120,1.1428571428571428,0.0,0.0,0.3412666666666666,14.3745,6.0,5,20.07663604302248,,4000.0,0.0,0.0,0.0,47.84298515358384,optimal
2021-02-09 09:00:00,37,120,1.1428571428571428,0.4644444444444444,0.0,0.8205,13.23,6.0,5,20.091857727672352,,4000.0,0.0,0.0,418.0,47.764595471873896,optimal
2021-02-09 09:30:00,37,120,1.1428571428571428,0.0,0.0,0.057,13.9755,6.0,5,20.111739140072054,,4000.0,0.0,0.0,0.0,47.686284179845664,optimal
2021-02-09 10:00:00,37,120,0.0,0.0,0.0,0.057,14.994,6.0,5,20.12382957879472,,0.0,0.0,0.0,0.0,47.60805119910946,optimal
2021-02-09 10:30:00,37,120,1.1428571428571428,0.0,0.0,0.0573333333333333,13.671,6.0,5,20.09063738527188,,4000.0,0.0,0.0,0.0,47.52989645135399,optimal
2021-02-09 11:00:00,37,120,0.0,0.0,0.0,0.067,15.981,6.0,5,20.10673601099253,,0.0,0.0,0.0,0.0,47.45181985834628,optimal
2021-02-09 11:30:00,37,120,0.0,0.0,0.0,0.059,15.6345,6.0,5,20.077251046120423,,0.0,0.0,0.0,0.0,47.37382134193158,optimal
2021-02-09 12:00:00,37,120,0.0,0.0,0.0,0.8892666666666666,16.5375,6.0,5,20.04792366518771,,0.0,0.0,0.0,0.0,47.295900824033296,optimal
2021-02-09 12:30:00,37,120,0.4780783440193551,0.0,0.0,0.063,14.7735,6.0,5,20.029718432639022,,1673.274204067743,0.0,0.0,0.0,47.21805822665291,optimal
2021-02-09 13:00:00,37,120,0.0,0.3096296296296296,0.0,0.056,15.2145,6.0,5,20.024607796593436,,0.0,0.0,0.0,278.66666666666663,47.140293471869896,optimal
2021-02-09 13:30:00,37,120,0.2852157009029084,0.0,0.0,1.4193333333333331,14.553,6.0,5,20.0,,998.2549531601796,0.0,0.0,0.0,47.06260648184167,optimal
2021-02-09 14:00:00,37,120,1.1428571428571428,0.0,0.0,0.0690666666666666,14.3325,6.0,5,20.0,,4000.0,0.0,0.0,0.0,46.98499717880347,optimal
2021-02-09 14:30:00,37,120,1.078453652716466,0.0,0.0,1.0788,14.595,6.0,5,20.02480830783445,,3774.587784507631,0.0,0.0,0.0,46.90746548506831,optimal
2021-02-09 15:00:00,37,120,0.0,0.0,0.0,0.7736333333333333,14.994,6.0,5,20.050489116261,,0.0,0.0,0.0,0.0,46.83001132302688,optimal
2021-02-09 15:30:00,37,120,1.1428571428571428,0.0,0.0,0.419,14.3325,6.0,5,20.02812166801097,,4000.0,0.0,0.0,0.0,46.7526346151475,optimal
2021-02-09 16:00:00,37,120,1.1428571428571428,0.0774074074074074,0.0,0.1036666666666666,13.8915,6.0,5,20.052934811919208,,4000.0,0.0,0.0,69.66666666666666,46.675335283976,optimal
2021-02-09 16:30:00,37,120,1.1428571428571428,0.0,0.0,0.067,13.8915,6.0,5,20.073765097677544,,4000.0,0.0,0.0,0.0,46.59811325213566,optimal
2021-02-09 17:00:00,37,120,1.1428571428571428,0.0,0.0,0.067,13.4715,6.0,5,20.089119452600663,,4000.0,0.0,0.0,0.0,46.52096844232717,optimal
2021-02-09 17:30:00,37,120,1.1428571428571428,0.0,0.0,0.067,13.23,6.0,5,20.10123991258062,,4000.0,0.0,0.0,0.0,46.44390077732848,optimal
2021-02-09 18:00:00,37,120,1.1428571428571428,0.0,0.0,0.067,13.8915,6.0,5,20.113138086700623,,4000.0,0.0,0.0,0.0,46.3669101799948,optimal
2021-02-09 18:30:00,37,120,0.0,0.0,0.0,0.067,26.9325,6.0,5,20.12390962495605,,0.0,0.0,0.0,0.0,46.28999657325844,optimal
2021-02-09 19:00:00,37,120,0.0,0.6192592592592592,0.0,0.2366333333333333,30.303,6.0,5,20.086029563184844,,0.0,0.0,0.0,557.3333333333333,46.243706576685184,optimal
2021-02-09 19:30:00,37,120,0.0,0.1548148148148148,0.0,0.2064,32.886,6.0,5,20.05675114934404,,0.0,0.0,0.0,139.33333333333331,46.1974628701085,optimal
2021-02-09 20:00:00,37,120,0.0,0.2322222222222222,0.0,0.9703,34.9965,6.0,5,20.02669499183799,,0.0,0.0,0.0,209.0,46.15126540723839,optimal
2021-02-09 20:30:00,37,120,0.0,0.2322222222222222,0.0,0.6019666666666666,33.327,6.0,5,20.0,,0.0,0.0,0.0,209.0,46.10511414183115,optimal
2021-02-09 21:00:00,37,120,0.0,0.6966666666666667,0.0,0.2275,31.122,6.0,5,19.973379608278385,,0.0,0.0,0.0,627.0,46.05900902768932,optimal
2021-02-09 21:30:00,37,120,0.0,0.3096296296296296,0.0,0.4141333333333333,17.9025,6.0,5,19.945542908900737,,0.0,0.0,0.0,278.66666666666663,46.012950018661634,optimal
2021-02-09 22:00:00,37,120,0.0,0.6192592592592592,0.0,0.6113,15.6555,6.0,5,19.92039707018701,,0.0,0.0,0.0,557.3333333333333,45.96693706864297,optimal
2021-02-09 22:30:00,37,120,0.0,0.0,0.0,0.6253,14.553,6.0,5,19.89715546305767,,0.0,0.0,0.0,0.0,45.92097013157433,optimal
2021-02-09 23:00:00,37,120,0.0,0.387037037037037,0.0,0.3387,14.3325,6.0,5,19.873763843234265,,0.0,0.0,0.0,348.3333333333333,45.87504916144275,optimal
2021-02-09 23:30:00,37,120,0.0,0.0,0.0,0.1286666666666666,13.335,6.0,5,19.84607117163189,,0.0,0.0,0.0,0.0,45.82917411228131,optimal
2021-02-10 00:00:00,37,120,1.1428571428571428,0.0,5.0,0.0742999999999999,15.6345,6.0,-14,19.84607117163189,,4000.0,0.0,0.0,0.0,48.15834493816903,optimal
2021-02-10 00:30:00,37,120,1.1428571428571428,0.1548148148148148,0.0,0.2477333333333333,18.102,6.0,-14,19.858305129216895,,4000.0,0.0,0.0,139.33333333333331,48.110186593230864,optimal
2021-02-10 01:00:00,37,120,1.1428571428571428,0.0774074074074074,0.0,0.2152666666666667,17.199,6.0,-14,19.874013917095965,,4000.0,0.0,0.0,69.66666666666666,48.06207640663764,optimal
2021-02-10 01:30:00,37,120,1.1428571428571428,0.0774074074074074,0.0,0.209,18.2805,6.0,-14,19.89207433748168,,4000.0,0.0,0.0,69.66666666666666,48.014014330231,optimal
2021-02-10 02:00:00,37,120,1.1428571428571428,0.0,0.0,0.2077,17.4615,6.0,-14,19.910003027345663,,4000.0,0.0,0.0,0.0,47.96600031590077,optimal
2021-02-10 02:30:00,37,120,1.1428571428571428,0.0,0.0,0.1286333333333333,18.3225,6.0,-14,19.928150693258864,,4000.0,0.0,0.0,0.0,47.91803431558487,optimal
2021-02-10 03:00:00,37,120,1.1428571428571428,0.0,0.0,0.0864666666666666,17.094,6.0,-14,19.94613933861699,,4000.0,0.0,0.0,0.0,47.87011628126928,optimal
2021-02-10 03:30:00,37,120,1.1428571428571428,0.1548148148148148,0.0,0.0863333333333333,17.094,6.0,-14,19.96302839571286,,4000.0,0.0,0.0,139.33333333333331,47.822246164988016,optimal
2021-02-10 04:00:00,37,120,1.1428571428571428,0.0,0.0,0.1246666666666666,17.094,6.0,-14,19.98023157205152,,4000.0,0.0,0.0,0.0,47.77442391882303,optimal
2021-02-10 04:30:00,37,120,1.1428571428571428,0.0,0.0,0.062,17.3565,6.0,-14,19.995179394762825,,4000.0,0.0,0.0,0.0,47.7266494949042,optimal
2021-02-10 05:00:00,37,120,1.1428571428571428,0.0,0.0,0.062,17.115,6.0,-14,20.005903517610548,,4000.0,0.0,0.0,0.0,47.678922845409296,optimal
2021-02-10 05:30:00,37,120,1.1428571428571428,0.0,0.0,0.062,17.241,6.0,-14,20.01640812292446,,4000.0,0.0,0.0,0.0,47.63124392256389,optimal
2021-02-10 06:00:00,37,120,1.1428571428571428,0.0,0.0,0.062,17.094,6.0,-14,20.026693645911863,,4000.0,0.0,0.0,0.0,47.58361267864132,optimal
2021-02-10 06:30:00,37,120,1.1428571428571428,0.0,1.1791897395318225,0.1246666666666666,16.5165,6.0,-14,20.03676052091725,,4000.0,0.0,0.0,0.0,48.096144192240295,optimal
2021-02-10 07:00:00,37,120,1.1428571428571428,0.774074074074074,0.0,0.1086666666666666,17.8185,6.0,-14,20.049623363647772,,4000.0,0.0,0.0,696.6666666666666,48.048048048048045,optimal
2021-02-10 07:30:00,37,120,1.1428571428571428,0.2322222222222222,0.0,0.0733333333333333,17.094,6.0,-14,20.065758239557333,,4000.0,0.0,0.0,209.0,48.0,optimal
2021-02-10 08:00:00,37,120,1.1428571428571428,2.1674074074074072,0.0,0.1174,16.8945,6.0,-14,20.081675910359248,,4000.0,0.0,0.0,1950.6666666666667,47.43189334180485,optimal
2021-02-10 08:30:00,37,120,1.1428571428571428,0.0,0.0,0.0716666666666666,18.123,6.0,-14,20.094048245915943,,4000.0,0.0,0.0,0.0,46.8643547902679,optimal
2021-02-10 09:00:00,37,120,0.0,0.5418518518518518,0.0,0.4834,31.647,6.0,-14,20.10376850144426,,0.0,0.0,0.0,487.6666666666667,46.29738377728249,optimal
2021-02-10 09:30:00,37,120,0.0,0.0,0.0,0.0736333333333333,34.9965,6.0,-14,20.07441607528814,,0.0,0.0,0.0,0.0,45.73097973531007,optimal
2021-02-10 10:00:00,37,120,0.0,0.0,0.0,0.072,34.9965,6.0,-14,20.04157046337171,,0.0,0.0,0.0,0.0,45.16514209737961,optimal
2021-02-10 10:30:00,37,120,0.0,2.2384143261175637,0.0,0.0793333333333333,34.9965,6.0,-14,20.00798900556999,,0.0,2014.5728935058069,0.0,0.0,44.59987029708708,optimal
2021-02-10 11:00:00,37,120,0.0,2.896444343353131,0.0,0.2160333333333333,34.9965,6.0,-14,20.0,,0.0,2119.1332423511512,0.0,487.6666666666667,44.03516376859485,optimal
2021-02-10 11:30:00,37,120,0.0,2.094102785949366,0.0,0.3039333333333333,34.9965,6.0,-14,20.0,,0.0,1884.6925073544292,0.0,0.0,43.47102194663111,optimal
2021-02-10 12:00:00,37,120,0.0,2.5257849467241216,0.0,0.072,27.741,6.0,-14,20.0,,0.0,2273.2064520517097,0.0,0.0,42.90744426648933,optimal
2021-02-10 12:30:00,37,120,0.6494875577290599,0.0,0.0,0.072,19.026,6.0,-14,20.0,,2273.2064520517097,0.0,0.0,0.0,42.34443016402769,optimal
2021-02-10 13:00:00,37,120,0.6600976523467462,0.0,0.0,0.072,18.7215,6.0,-14,20.0,,2310.341783213612,0.0,0.0,0.0,41.78197907566852,optimal
2021-02-10 13:30:00,37,120,0.5244172323486884,0.0,0.0,0.3646666666666667,17.4195,6.0,-14,20.0,,1835.4603132204093,0.0,0.0,0.0,41.220090438397705,optimal
2021-02-10 14:00:00,37,120,0.4796237914550614,0.387037037037037,0.0,1.6161,16.758,6.0,-14,20.0,,1678.683270092715,0.0,0.0,348.3333333333333,40.65876368976416,optimal
2021-02-10 14:30:00,37,120,0.5397723628836439,0.1548148148148148,0.0,0.3528,14.217,6.0,-14,20.0,,1889.2032700927537,0.0,0.0,139.33333333333331,40.09799826787925,optimal
2021-02-10 15:00:00,37,120,0.6911927683883552,0.0,0.0,0.144,13.3665,6.0,-14,20.0,,2419.174689359243,0.0,0.0,0.0,39.53779361141622,optimal
2021-02-10 15:30:00,37,120,0.5431722360054229,0.0,0.0,0.2986,12.789,6.0,-14,20.0,,1901.10282601898,0.0,0.0,0.0,38.97814915960966,optimal
2021-02-10 16:00:00,37,120,0.5977842166414873,0.0,0.0,0.3571,11.907,6.0,-14,20.0,,2092.244758245205,0.0,0.0,0.0,38.4190643522549,optimal
2021-02-10 16:30:00,37,120,0.5325655890204511,0.1548148148148148,0.0,0.4709666666666666,11.7075,6.0,-14,20.0,,1863.979561571579,0.0,0.0,139.33333333333331,37.8605386297075,optimal
2021-02-10 17:00:00,37,120,1.1428571428571428,0.2322222222222222,0.0,0.5099666666666666,10.8045,6.0,-14,20.0,,4000.0,0.0,0.0,209.0,37.30257143288264,optimal
2021-02-10 17:30:00,37,120,0.1122950513905059,0.0,0.0,0.226,11.508,6.0,-14,20.02315436117231,,393.0326798667708,0.0,0.0,0.0,36.745162203254615,optimal
2021-02-10 18:00:00,37,120,1.0754005148885692,2.39962962962963,0.0,0.2129333333333333,11.508,6.0,-14,20.0,,3763.901802109992,0.0,0.0,2159.6666666666665,36.188310382856216,optimal
2021-02-10 18:30:00,37,120,1.1428571428571428,0.2322222222222222,0.0,0.0974,11.508,6.0,-14,20.016301093715487,,4000.0,0.0,0.0,209.0,35.632015414278214,optimal
2021-02-10 19:00:00,37,120,0.0,0.1548148148148148,0.0,0.2812,11.844,6.0,-14,20.031933162460955,,0.0,0.0,0.0,139.33333333333331,35.07627674066879,optimal
2021-02-10 19:30:00,37,120,0.7645488690859211,0.3096296296296296,0.0,0.0840333333333333,11.508,6.0,-14,20.0,,2675.921041800724,0.0,0.0,278.66666666666663,34.521093805732974,optimal
2021-02-10 20:00:00,37,120,0.7165636797978135,0.0,0.0,0.09,11.508,6.0,-14,20.0,,2507.9728792923474,0.0,0.0,0.0,33.96646605373209,optimal
2021-02-10 20:30:00,37,120,0.0,0.0774074074074074,0.0,0.1222999999999999,10.4475,6.0,-14,20.0,,0.0,0.0,0.0,69.66666666666666,33.41239292948321,optimal
2021-02-10 21:00:00,37,120,0.0,0.0,0.0,0.2668333333333333,10.8675,6.0,-14,19.97091169222368,,0.0,0.0,0.0,0.0,33.378980536553726,optimal
2021-02-10 21:30:00,37,120,0.0,0.0,0.0,0.2642333333333332,10.542,6.0,-14,19.94178111354677,,0.0,0.0,0.0,0.0,33.34560155601717,optimal
2021-02-10 22:00:00,37,120,0.0,6.037777777777777,0.0,0.2564333333333333,11.025,6.0,-14,19.908190173822657,,0.0,0.0,0.0,5433.999999999999,33.31225595446116,optimal
2021-02-10 22:30:00,37,120,0.0,0.0,0.0,0.4118333333333333,11.025,6.0,-14,19.86995685928689,,0.0,0.0,0.0,0.0,33.278943698506694,optimal
2021-02-10 23:00:00,37,120,0.0,0.0,0.0,0.072,14.553,6.0,-14,19.834940133439265,,0.0,0.0,0.0,0.0,33.24566475480819,optimal
2021-02-10 23:30:00,37,120,0.0,0.0,0.0,0.072,13.0935,6.0,-14,19.790742145735557,,0.0,0.0,0.0,0.0,33.21241909005338,optimal
2021-02-11 00:00:00,37,120,0.0,0.2322222222222222,0.0,0.1468,29.106,6.0,-17,19.790742145735557,,0.0,0.0,0.0,209.0,33.179206670963325,optimal
2021-02-11 00:30:00,37,120,1.1428571428571428,0.0774074074074074,0.0,0.1975,19.1835,6.0,-17,19.74888975793855,,4000.0,0.0,0.0,69.66666666666666,33.14602746429236,optimal
2021-02-11 01:00:00,37,120,1.1428571428571428,0.1548148148148148,0.0,0.1563333333333333,19.6665,6.0,-17,19.75757442194204,,4000.0,0.0,0.0,139.33333333333331,33.11288143682807,optimal
2021-02-11 01:30:00,37,120,1.1428571428571428,0.1548148148148148,0.0,0.2479333333333333,19.404,6.0,-17,19.768260166417832,,4000.0,0.0,0.0,139.33333333333331,33.07976855539124,optimal
2021-02-11 02:00:00,37,120,1.1428571428571428,0.0,0.0,0.1809,19.047,6.0,-17,19.781363630848027,,4000.0,0.0,0.0,0.0,33.04668878683585,optimal
2021-02-11 02:30:00,37,120,1.1428571428571428,0.0,2.196716640175351,0.2033333333333332,18.858,6.0,-17,19.791784147777932,,4000.0,0.0,0.0,0.0,34.0570825021323,optimal
2021-02-11 03:00:00,37,120,1.1428571428571428,0.0,0.0,0.0546666666666666,19.2675,6.0,-17,19.798741997167937,,4000.0,0.0,0.0,0.0,34.023025419630166,optimal
2021-02-11 03:30:00,37,120,1.1428571428571428,0.0,0.0,0.0978333333333333,18.963,6.0,-17,19.80367668753789,,4000.0,0.0,0.0,0.0,33.98900239421053,optimal
2021-02-11 04:00:00,37,120,1.1428571428571428,0.0,5.0,0.0871666666666666,18.438,6.0,-17,19.80962310643873,,4000.0,0.0,0.0,0.0,36.33001339181632,optimal
2021-02-11 04:30:00,37,120,1.1428571428571428,0.0,5.0,0.236,18.7425,6.0,-17,19.815923431911195,,4000.0,0.0,0.0,0.0,38.6686833784245,optimal
2021-02-11 05:00:00,37,120,1.1428571428571428,0.0,5.0,0.0556666666666666,15.2145,6.0,-17,19.824024405343017,,4000.0,0.0,0.0,0.0,41.00501469504607,optimal
2021-02-11 05:30:00,37,120,1.1428571428571428,0.0,5.0,0.188,17.7765,6.0,-17,19.829912435523383,,4000.0,0.0,0.0,0.0,43.33900968035103,optimal
2021-02-11 06:00:00,37,120,1.1428571428571428,0.0,5.0,0.0546666666666666,16.758,6.0,-17,19.837896563116495,,4000.0,0.0,0.0,0.0,45.670670670670674,optimal
2021-02-11 06:30:00,37,120,1.1428571428571428,0.387037037037037,5.0,1.2626,16.422,6.0,-17,19.844736189959505,,4000.0,0.0,0.0,348.3333333333333,48.0,optimal
2021-02-11 07:00:00,37,120,1.1428571428571428,0.2322222222222222,0.0,0.6501333333333333,16.758,6.0,-17,19.85739506331215,,4000.0,0.0,0.0,209.0,47.83484906281549,optimal
2021-02-11 07:30:00,37,120,0.0,15.721106596089184,0.0,0.2324666666666666,29.358,6.0,-17,19.87057637715012,,0.0,13623.7092698136,0.0,525.2866666666666,47.66986327656817,optimal
2021-02-11 08:00:00,37,120,0.0,3.6084938554863286,0.0,1.1888333333333332,34.9965,6.0,-17,20.0,,0.0,2797.597803271029,0.0,450.0466666666667,47.5050424761071,optimal
2021-02-11 08:30:00,37,120,0.0,3.289124710110264,0.0,0.3116666666666667,34.65,6.0,-17,20.0,,0.0,2960.2122390992376,0.0,0.0,47.34038649644649,optimal
2021-02-11 09:00:00,37,120,0.0,3.677901026014797,0.0,0.047,34.9965,6.0,-17,20.0,,0.0,2892.110923413318,0.0,418.0,47.17589517276554,optimal
2021-02-11 09:30:00,37,120,0.0,2.388180143669964,0.0,1.6200333333333332,34.9965,6.0,-17,20.0,,0.0,2149.362129302968,0.0,0.0,47.011568340408274,optimal
2021-02-11 10:00:00,37,120,0.0,2.1944322961527982,0.0,0.2228333333333332,30.4815,6.0,-17,20.0,,0.0,1974.9890665375185,0.0,0.0,46.84740583488336,optimal
2021-02-11 10:30:00,37,120,0.6949143266238988,0.387037037037037,0.0,0.0925999999999999,21.4305,6.0,-17,20.0,,2432.200143183646,0.0,0.0,348.3333333333333,46.68340749186397,optimal
2021-02-11 11:00:00,37,120,0.6349261891125235,0.0,0.0,0.2135666666666666,14.3325,6.0,-17,20.0,,2222.2416618938323,0.0,0.0,0.0,46.51957314718761,optimal
2021-02-11 11:30:00,37,120,1.117664602525563,0.1548148148148148,0.0,0.2329,13.692,6.0,-17,20.0,,3911.826108839471,0.0,0.0,139.33333333333331,46.35590263685592,optimal
2021-02-11 12:00:00,37,120,0.0,0.0,0.0,0.0893333333333333,14.007,6.0,-17,20.02250046258804,,0.0,0.0,0.0,0.0,46.19239579703456,optimal
2021-02-11 12:30:00,37,120,0.4671990784627183,0.0,0.0,0.1683333333333333,12.873,6.0,-17,20.0,,1635.196774619514,0.0,0.0,0.0,46.02905246405302,optimal
2021-02-11 13:00:00,37,120,0.4239841607648034,0.1548148148148148,0.0,0.3489333333333333,12.684,6.0,-17,20.0,,1483.944562676812,0.0,0.0,139.33333333333331,45.86587247440446,optimal
2021-02-11 13:30:00,37,120,0.3766391888610316,0.5418518518518518,0.0,0.4317,12.306,6.0,-17,20.0,,1318.2371610136108,0.0,0.0,487.6666666666667,45.70285566474556,optimal
2021-02-11 14:00:00,37,120,1.1428571428571428,0.1548148148148148,0.0,1.9480666666666664,10.6365,6.0,-17,20.0,,4000.0,0.0,0.0,139.33333333333331,45.54000187189631,optimal
2021-02-11 14:30:00,37,120,0.0,0.0,0.0,0.3694666666666666,11.2455,6.0,-17,20.041070948083775,,0.0,0.0,0.0,0.0,45.377310932839904,optimal
2021-02-11 15:00:00,37,120,0.5203924805077279,0.0,0.0,0.2391666666666666,11.2455,6.0,-17,20.02612784966173,,1821.3736817770475,0.0,0.0,0.0,45.21478268472256,optimal
2021-02-11 15:30:00,37,120,1.1428571428571428,0.0,0.0,0.2475666666666666,11.025,6.0,-17,20.027068360309286,,4000.0,0.0,0.0,0.0,45.05241696485333,optimal
2021-02-11 16:00:00,37,120,0.0,0.3096296296296296,0.0,0.3518333333333333,12.0855,6.0,-17,20.0518954589975,,0.0,0.0,0.0,278.66666666666663,44.89021361070397,optimal
2021-02-11 16:30:00,37,120,0.0,0.1548148148148148,0.0,0.3262,11.6865,6.0,-17,20.02636260761109,,0.0,0.0,0.0,139.33333333333331,44.72817245990876,optimal
2021-02-11 17:00:00,37,120,0.6403857957270618,0.0774074074074074,0.0,0.3763333333333333,11.2245,6.0,-17,20.0,,2241.350285044716,0.0,0.0,69.66666666666666,44.68344428744885,optimal
2021-02-11 17:30:00,37,120,0.443264835960711,0.2322222222222222,0.0,3.167266666666667,11.025,6.0,-17,20.0,,1551.4269258624886,0.0,0.0,209.0,44.6387608431614,optimal
2021-02-11 18:00:00,37,120,1.1428571428571428,0.5418518518518518,0.0,0.6417999999999999,10.7835,6.0,-17,20.0,,4000.0,0.0,0.0,487.6666666666667,44.59412208231824,optimal
2021-02-11 18:30:00,37,120,0.3786508673556885,0.8514814814814814,0.0,0.5291333333333333,11.025,6.0,-17,20.017130380738053,,1325.2780357449096,0.0,0.0,766.3333333333333,44.54952796023592,optimal
2021-02-11 19:00:00,37,120,1.1428571428571428,0.387037037037037,0.0,1.4030333333333334,10.584,6.0,-17,20.0,,4000.0,0.0,0.0,348.3333333333333,44.504978432275685,optimal
2021-02-11 19:30:00,37,120,0.644184039251523,0.2322222222222222,0.0,0.6769333333333333,11.025,6.0,-17,20.01185498964733,,2254.6441373803304,0.0,0.0,209.0,44.460473453843406,optimal
2021-02-11 20:00:00,37,120,0.9754217840261032,0.0,0.0,0.2964666666666666,10.4265,6.0,-17,20.0,,3413.9762440913614,0.0,0.0,0.0,44.41601298038956,optimal
2021-02-11 20:30:00,37,120,0.0,0.0,0.0,0.3663333333333333,12.789,6.0,-17,20.0,,0.0,0.0,0.0,0.0,44.37159696740917,optimal
2021-02-11 21:00:00,37,120,0.0,0.0,0.0,0.1646666666666666,12.684,6.0,-17,19.96027903731624,,0.0,0.0,0.0,0.0,44.32722537044176,optimal
2021-02-11 21:30:00,37,120,0.0,0.0,0.0,0.1846666666666666,16.254,6.0,-17,19.91386677989677,,0.0,0.0,0.0,0.0,44.282898145071314,optimal
2021-02-11 22:00:00,37,120,0.0,0.0,0.0,0.104,17.64,6.0,-17,19.866218165720557,,0.0,0.0,0.0,0.0,44.23861524692624,optimal
2021-02-11 22:30:00,37,120,0.0,0.0,0.0,0.2276666666666666,19.1625,6.0,-17,19.81837520589816,,0.0,0.0,0.0,0.0,44.19437663167932,optimal
2021-02-11 23:00:00,37,120,0.0,0.0,0.0,0.1231666666666666,26.46,6.0,-17,19.770944109813648,,0.0,0.0,0.0,0.0,44.15018225504764,optimal
2021-02-11 23:30:00,37,120,0.0,0.0,0.0,0.1551666666666666,20.79,6.0,-17,19.721144456274416,,0.0,0.0,0.0,0.0,44.106032072792594,optimal
2021-02-12 00:00:00,37,120,1.1428571428571428,0.0,5.0,0.055,8.1585,6.0,1,19.721144456274416,,4000.0,0.0,0.0,0.0,46.43692604071981,optimal
2021-02-12 00:30:00,37,120,1.1428571428571428,0.0,0.0,0.055,10.3635,6.0,1,19.71886344026893,,4000.0,0.0,0.0,0.0,46.390489114679085,optimal
2021-02-12 01:00:00,37,120,1.1428571428571428,0.0,0.0,0.055,10.8045,6.0,1,19.71658694652105,,4000.0,0.0,0.0,0.0,46.344098625564406,optimal
2021-02-12 01:30:00,37,120,1.1428571428571428,0.0,0.0,0.1848333333333333,11.025,6.0,1,19.714314966065142,,4000.0,0.0,0.0,0.0,46.29775452693884,optimal
2021-02-12 02:00:00,37,120,1.1428571428571428,0.0,0.0,0.1721666666666666,10.3635,6.0,1,19.713827420468736,,4000.0,0.0,0.0,0.0,46.2514567724119,optimal
2021-02-12 02:30:00,37,120,1.1428571428571428,0.0,0.0,0.1607666666666666,10.8045,6.0,1,19.713384788067348,,4000.0,0.0,0.0,0.0,46.20520531563949,optimal
2021-02-12 03:00:00,37,120,1.1428571428571428,0.0,0.0,0.1530666666666666,10.059,6.0,1,19.713398923358117,,4000.0,0.0,0.0,0.0,46.15900011032385,optimal
2021-02-12 03:30:00,37,120,1.1428571428571428,0.0,0.0,0.1594,10.584,6.0,1,19.71391399544031,,4000.0,0.0,0.0,0.0,46.11284111021353,optimal
2021-02-12 04:00:00,37,120,1.1428571428571428,0.0,4.576828240553195,0.1051,9.4185,6.0,1,19.71589299520313,,4000.0,0.0,0.0,0.0,48.24072168336608,optimal
2021-02-12 04:30:00,37,120,1.1428571428571428,0.0,0.0,0.2256,10.3635,6.0,1,19.718594364240108,,4000.0,0.0,0.0,0.0,48.19248096168271,optimal
2021-02-12 05:00:00,37,120,1.1428571428571428,0.0,0.0,0.1390666666666666,9.8385,6.0,1,19.724105536194497,,4000.0,0.0,0.0,0.0,48.144288480721016,optimal
2021-02-12 05:30:00,37,120,1.1428571428571428,0.0,0.0,0.1420333333333333,11.067,6.0,1,19.729927214796305,,4000.0,0.0,0.0,0.0,48.096144192240295,optimal
2021-02-12 06:00:00,37,120,1.1428571428571428,0.4644444444444444,0.0,2.5047333333333333,10.8465,6.0,1,19.737949980363517,,4000.0,0.0,0.0,418.0,48.048048048048045,optimal
2021-02-12 06:30:00,37,120,1.1428571428571428,0.2322222222222222,0.0,0.4578,13.671,6.0,1,19.76515900557852,,4000.0,0.0,0.0,209.0,48.0,optimal
2021-02-12 07:00:00,37,120,1.1428571428571428,0.5418518518518518,0.0,1.1981666666666668,12.348,6.0,1,19.780985694567704,,4000.0,0.0,0.0,487.6666666666667,47.79969148609824,optimal
2021-02-12 07:30:00,37,120,1.1428571428571428,16.294375155142422,0.0,1.4765,14.3325,6.0,1,19.79695859306153,,4000.0,14316.604306294848,0.0,348.3333333333333,47.599583280710384,optimal
2021-02-12 08:00:00,37,120,1.1428571428571428,0.3096296296296296,0.0,0.3629666666666666,15.393,6.0,1,20.0,,4000.0,0.0,0.0,278.66666666666663,47.39967518352792,optimal
2021-02-12 08:30:00,37,120,1.1428571428571428,0.774074074074074,0.0,1.8493333333333333,13.587,6.0,1,20.011969193359956,,4000.0,0.0,0.0,696.6666666666666,47.19996699444263,optimal
2021-02-12 09:00:00,37,120,0.102772712514861,0.774074074074074,0.0,1.2138,16.1385,6.0,1,20.02774261563109,,359.70449380201376,0.0,0.0,696.6666666666666,47.000458513546434,optimal
2021-02-12 09:30:00,37,120,1.1428571428571428,0.0,0.0,0.292,14.595,6.0,1,20.0,,4000.0,0.0,0.0,0.0,46.80114954113113,optimal
2021-02-12 10:00:00,37,120,0.2209783904326734,0.2322222222222222,0.0,0.4596333333333333,14.637,6.0,1,20.01607580939918,,773.4243665143572,0.0,0.0,209.0,46.60203987768824,optimal
2021-02-12 10:30:00,37,120,0.5769288641415052,0.0,0.0,0.4520666666666666,13.9125,6.0,1,20.0,,2019.251024495268,0.0,0.0,0.0,46.40312932390879,optimal
2021-02-12 11:00:00,37,120,1.1428571428571428,0.2322222222222222,0.0,0.8916666666666666,13.3665,6.0,1,20.0,,4000.0,0.0,0.0,209.0,46.20441768068313,optimal
2021-02-12 11:30:00,37,120,1.1428571428571428,6.347407407407407,0.0,3.3322,13.0095,6.0,1,20.03117919221268,,4000.0,0.0,0.0,5712.666666666666,46.00590474910069,optimal
2021-02-12 12:00:00,37,120,0.0520316365075293,0.0,0.0,0.2894,13.8915,6.0,1,20.07265729164021,,182.1107277763528,0.0,0.0,0.0,45.80759033044983,optimal
2021-02-12 12:30:00,37,120,1.1428571428571428,0.3096296296296296,0.0,0.2936,13.188,6.0,1,20.05251504845624,,4000.0,0.0,0.0,278.66666666666663,45.60947422621762,optimal
2021-02-12 13:00:00,37,120,1.1428571428571428,0.0,0.0,0.3080666666666666,12.5685,6.0,1,20.07740472659295,,4000.0,0.0,0.0,0.0,45.411556238089645,optimal
2021-02-12 13:30:00,37,120,1.1428571428571428,0.0,0.0,0.2693,12.285,6.0,1,20.100770898228514,,4000.0,0.0,0.0,0.0,45.2138361679498,optimal
2021-02-12 14:00:00,37,120,1.1428571428571428,0.0,0.0,0.1095333333333333,11.487,6.0,1,20.123126869009685,,4000.0,0.0,0.0,0.0,45.01631381788009,optimal
2021-02-12 14:30:00,37,120,1.1428571428571428,0.0,0.0,0.2618999999999999,11.802,6.0,1,20.14382613793303,,4000.0,0.0,0.0,0.0,44.81898899016045,optimal
2021-02-12 15:00:00,37,120,1.1428571428571428,0.3096296296296296,0.0,0.1144333333333333,11.2245,6.0,1,20.16614229599848,,4000.0,0.0,0.0,278.66666666666663,44.62186148726853,optimal
2021-02-12 15:30:00,37,120,1.1428571428571428,0.0,0.0,0.065,11.025,6.0,1,20.18577239879619,,4000.0,0.0,0.0,0.0,44.4249311118795,optimal
2021-02-12 16:00:00,37,120,1.1428571428571428,0.0,0.0,0.3073,11.907,6.0,1,20.203850807475725,,4000.0,0.0,0.0,0.0,44.22819766686587,optimal
2021-02-12 16:30:00,37,120,0.0,0.0,0.0,0.3807666666666666,25.83,6.0,1,20.22350276257029,,0.0,0.0,0.0,0.0,44.03166095529724,optimal
2021-02-12 17:00:00,37,120,0.0,0.3096296296296296,0.0,0.091,28.035,6.0,1,20.197738125349137,,0.0,0.0,0.0,278.66666666666663,43.835320780440185,optimal
2021-02-12 17:30:00,37,120,0.0,0.1548148148148148,0.0,0.2351666666666666,28.119,6.0,1,20.166311422751328,,0.0,0.0,0.0,139.33333333333331,43.63917694575799,optimal
2021-02-12 18:00:00,37,120,0.0,0.0,0.0,0.205,30.156,6.0,1,20.13527829513318,,0.0,0.0,0.0,0.0,43.44322925491047,optimal
2021-02-12 18:30:00,37,120,0.0,0.1548148148148148,0.0,0.131,29.1585,6.0,1,20.101626475434564,,0.0,0.0,0.0,139.33333333333331,43.2474775117538,optimal
2021-02-12 19:00:00,37,120,0.0,0.5418518518518518,0.0,0.4584666666666666,26.712,6.0,1,20.06694491660845,,0.0,0.0,0.0,487.6666666666667,43.05192152034029,optimal
2021-02-12 19:30:00,37,120,0.0,0.0774074074074074,0.0,0.268,15.435,6.0,1,20.034825796727112,,0.0,0.0,0.0,69.66666666666666,42.85656108491819,optimal
2021-02-12 20:00:00,37,120,0.7018620974197617,0.0,0.0,0.4603666666666667,13.566,6.0,1,20.0,,2456.5173409691656,0.0,0.0,0.0,42.66139600993152,optimal
2021-02-12 20:30:00,37,120,0.0,0.0,0.0,0.2776666666666667,12.789,6.0,1,20.0,,0.0,0.0,0.0,0.0,42.61873461392158,optimal
2021-02-12 21:00:00,37,120,0.0,0.0,0.0,0.4103333333333333,12.1275,6.0,1,19.967496755677548,,0.0,0.0,0.0,0.0,42.57611587930766,optimal
2021-02-12 21:30:00,37,120,0.0,0.0774074074074074,0.0,0.2940666666666666,13.671,6.0,1,19.93887616827199,,0.0,0.0,0.0,69.66666666666666,42.53353976342835,optimal
2021-02-12 22:00:00,37,120,0.0,0.0774074074074074,0.0,0.2227333333333332,10.668,6.0,1,19.907874275106565,,0.0,0.0,0.0,69.66666666666666,42.491006223664925,optimal
2021-02-12 22:30:00,37,120,0.0,0.0,0.0,0.2802666666666666,11.7285,6.0,1,19.876839680106983,,0.0,0.0,0.0,0.0,42.44851521744126,optimal
2021-02-12 23:00:00,37,120,0.0,0.0,0.0,0.6658333333333334,11.025,6.0,1,19.84545769248847,,0.0,0.0,0.0,0.0,42.40606670222382,optimal
2021-02-12 23:30:00,37,120,0.0,0.0,0.0,0.2477666666666667,10.689,6.0,1,19.819628909804763,,0.0,0.0,0.0,0.0,42.3636606355216,optimal
2021-02-13 00:00:00,37,120,1.1428571428571428,0.0,5.0,0.055,10.8465,6.0,18,19.819628909804763,,4000.0,0.0,0.0,0.0,44.69629697488608,optimal
2021-02-13 00:30:00,37,120,1.1428571428571428,0.0,5.0,0.0936666666666666,11.2455,6.0,18,19.831260873895506,,4000.0,0.0,0.0,0.0,47.02660067791119,optimal
2021-02-13 01:00:00,37,120,0.0,0.0,0.0,0.2425999999999999,23.8665,6.0,18,19.84343995563417,,0.0,0.0,0.0,0.0,46.97957407723328,optimal
2021-02-13 01:30:00,37,120,0.0,0.0,0.0,0.2000666666666666,27.4575,6.0,18,19.80877900378776,,0.0,0.0,0.0,0.0,46.93259450315605,optimal
2021-02-13 02:00:00,37,120,0.0,0.0,0.0,0.0798,27.3735,6.0,18,19.77376774193492,,0.0,0.0,0.0,0.0,46.88566190865289,optimal
2021-02-13 02:30:00,37,120,0.0,0.0,0.0,0.2575333333333333,30.4605,6.0,18,19.737459890440224,,0.0,0.0,0.0,0.0,46.83877624674424,optimal
2021-02-13 03:00:00,37,120,0.0,0.0,0.0,0.199,30.0195,6.0,18,19.703389230013467,,0.0,0.0,0.0,0.0,46.79193747049749,optimal
2021-02-13 03:30:00,37,120,0.0,0.0,0.0,0.0922,26.9325,6.0,18,19.6686730436557,,0.0,0.0,0.0,0.0,46.745145533027,optimal
2021-02-13 04:00:00,37,120,1.1428571428571428,0.0,0.0,0.3333,14.595,6.0,18,19.63262548191972,,4000.0,0.0,0.0,0.0,46.69840038749397,optimal
2021-02-13 04:30:00,37,120,1.1428571428571428,0.0,0.0,0.1108333333333333,12.4845,6.0,18,19.64821679446844,,4000.0,0.0,0.0,0.0,46.65170198710648,optimal
2021-02-13 05:00:00,37,120,1.1428571428571428,0.0,2.936736241853961,0.2690666666666667,12.1275,6.0,18,19.660868774683347,,4000.0,0.0,0.0,0.0,48.0,optimal
2021-02-13 05:30:00,37,120,1.1428571428571428,2.4770370370370367,0.0,0.3562666666666667,12.1275,6.0,18,19.6765874600942,,4000.0,0.0,0.0,2229.333333333333,47.70895284889367,optimal
2021-02-13 06:00:00,37,120,1.1428571428571428,0.2322222222222222,0.0,0.1856666666666666,12.789,6.0,18,19.69340094664604,,4000.0,0.0,0.0,209.0,47.41819674493844,optimal
2021-02-13 06:30:00,37,120,1.1428571428571428,2.4770370370370367,0.0,0.5604333333333332,11.907,6.0,18,19.708117726369306,,4000.0,0.0,0.0,2229.333333333333,47.127731397087175,optimal
2021-02-13 07:00:00,37,120,1.1428571428571428,0.387037037037037,0.0,0.178,11.025,6.0,18,19.725732295066788,,4000.0,0.0,0.0,348.3333333333333,46.83755651458375,optimal
2021-02-13 07:30:00,37,120,1.1428571428571428,22.12555633027062,0.0,0.3640666666666666,8.2005,6.0,18,19.739863887477696,,4000.0,19913.000697243555,0.0,0.0,46.54767180696284,optimal
2021-02-13 08:00:00,37,120,1.1428571428571428,0.387037037037037,0.0,0.2276,9.5655,6.0,18,20.0,,4000.0,0.0,0.0,348.3333333333333,46.258076984049545,optimal
2021-02-13 08:30:00,37,120,1.1428571428571428,2.1674074074074072,0.0,0.4712333333333333,7.056,6.0,18,20.016951589512228,,4000.0,0.0,0.0,1950.6666666666667,45.96877175595916,optimal
2021-02-13 09:00:00,37,120,1.1428571428571428,0.0,0.0,0.324,9.3975,6.0,18,20.03738219214862,,4000.0,0.0,0.0,0.0,45.67975583309687,optimal
2021-02-13 09:30:00,37,120,0.0,0.0774074074074074,0.0,2.493033333333333,10.059,6.0,18,20.05884035620381,,0.0,0.0,0.0,69.66666666666666,45.39102892615744,optimal
2021-02-13 10:00:00,37,120,1.1428571428571428,0.0,0.0,0.5512666666666667,9.261,6.0,18,20.0325039357485,,4000.0,0.0,0.0,0.0,45.10259074612495,optimal
2021-02-13 10:30:00,37,120,1.1428571428571428,0.0,0.0,0.3468333333333333,8.1585,6.0,18,20.05694997876857,,4000.0,0.0,0.0,0.0,44.814441004272496,optimal
2021-02-13 11:00:00,37,120,1.1428571428571428,0.0,0.0,0.2109,9.4815,6.0,18,20.07475532905686,,4000.0,0.0,0.0,0.0,44.52657941216189,optimal
2021-02-13 11:30:00,37,120,1.1428571428571428,0.0,0.0,0.4410333333333333,8.379,6.0,18,20.09224343407995,,4000.0,0.0,0.0,0.0,44.2390056816434,optimal
2021-02-13 12:00:00,37,120,1.1428571428571428,0.0,0.0,0.1978,9.5235,6.0,18,20.11230620840882,,4000.0,0.0,0.0,0.0,43.95171952485542,optimal
2021-02-13 12:30:00,37,120,1.1428571428571428,0.0,0.0,0.065,8.1375,6.0,18,20.132227054930844,,4000.0,0.0,0.0,0.0,43.66472065422423,optimal
2021-02-13 13:00:00,37,120,0.0,0.0,0.0,0.2036333333333333,10.0905,6.0,18,20.150688848227645,,0.0,0.0,0.0,0.0,43.37800878246368,optimal
2021-02-13 13:30:00,37,120,1.1428571428571428,0.0,0.0,0.2880333333333333,7.539,6.0,18,20.12291808114821,,4000.0,0.0,0.0,0.0,43.09158362257488,optimal
2021-02-13 14:00:00,37,120,1.1428571428571428,0.0,0.0,0.1217999999999999,7.938,6.0,18,20.145158190332925,,4000.0,0.0,0.0,0.0,42.80544488784597,optimal
2021-02-13 14:30:00,37,120,1.1428571428571428,0.0,0.0,0.2925333333333333,8.274,6.0,18,20.162909921626216,,4000.0,0.0,0.0,0.0,42.519592291851794,optimal
2021-02-13 15:00:00,37,120,1.1428571428571428,0.0,0.0,0.2109666666666666,9.261,6.0,18,20.18290464734984,,4000.0,0.0,0.0,0.0,42.23402554845361,optimal
2021-02-13 15:30:00,37,120,1.115975707574346,0.0,0.0,0.1728666666666666,9.9225,6.0,18,20.199866966585912,,3905.914976510211,0.0,0.0,0.0,41.94874437179882,optimal
2021-02-13 16:00:00,37,120,1.1428571428571428,0.1548148148148148,0.0,0.2744333333333333,9.702,6.0,18,20.214987077345736,,4000.0,0.0,0.0,139.33333333333331,41.66374847632069,optimal
2021-02-13 16:30:00,37,120,0.0,0.0,0.0,0.2777666666666666,10.584,6.0,18,20.230616716644768,,0.0,0.0,0.0,0.0,41.37903757673804,optimal
2021-02-13 17:00:00,37,120,0.0,0.2322222222222222,0.0,1.7828333333333333,10.143,6.0,18,20.1976829441656,,0.0,0.0,0.0,209.0,41.094611388054965,optimal
2021-02-13 17:30:00,37,120,0.0,0.774074074074074,0.0,0.2872,13.0095,6.0,18,20.167943723870668,,0.0,0.0,0.0,696.6666666666666,40.81046962556058,optimal
2021-02-13 18:00:00,37,120,0.0,0.6192592592592592,0.0,0.2606,11.025,6.0,18,20.135016291515427,,0.0,0.0,0.0,557.3333333333333,40.76965915593502,optimal
2021-02-13 18:30:00,37,120,0.0,0.0,0.0,0.3773,12.789,6.0,18,20.10346027307531,,0.0,0.0,0.0,0.0,40.72888949677908,optimal
2021-02-13 19:00:00,37,120,0.0,0.1548148148148148,0.0,0.7706333333333333,12.1275,6.0,18,20.07687999158068,,0.0,0.0,0.0,139.33333333333331,40.68816060728231,optimal
2021-02-13 19:30:00,37,120,0.0,0.0774074074074074,0.0,0.3428333333333333,12.1695,6.0,18,20.05353633930665,,0.0,0.0,0.0,69.66666666666666,40.64747244667503,optimal
2021-02-13 20:00:00,37,120,0.0,0.0,0.0,1.0014333333333332,12.306,6.0,18,20.02591991158372,,0.0,0.0,0.0,0.0,40.60682497422835,optimal
2021-02-13 20:30:00,37,120,0.0,0.774074074074074,0.0,1.2266666666666668,13.23,6.0,18,20.0,,0.0,0.0,0.0,696.6666666666666,40.56621814925413,optimal
2021-02-13 21:00:00,37,120,0.0,0.2322222222222222,0.0,0.3917333333333333,13.671,6.0,18,19.9742610151867,,0.0,0.0,0.0,209.0,40.52565193110488,optimal
2021-02-13 21:30:00,37,120,0.0,0.4644444444444444,0.0,0.4341,13.9335,6.0,18,19.945206590800737,,0.0,0.0,0.0,418.0,40.48512627917377,optimal
2021-02-13 22:00:00,37,120,0.0,0.0,0.0,0.5184333333333333,13.293,6.0,18,19.91609342278269,,0.0,0.0,0.0,0.0,40.4446411528946,optimal
2021-02-13 22:30:00,37,120,0.0,0.0,0.0,0.3107333333333333,12.1065,6.0,18,19.888905075504507,,0.0,0.0,0.0,0.0,40.4041965117417,optimal
2021-02-13 23:00:00,37,120,0.0,0.1548148148148148,0.0,0.6345666666666667,11.571,6.0,18,19.860137348554108,,0.0,0.0,0.0,139.33333333333331,40.36379231522996,optimal
2021-02-13 23:30:00,37,120,0.0,0.0,0.0,0.1227333333333333,11.025,6.0,18,19.83420939135605,,0.0,0.0,0.0,0.0,40.323428522914725,optimal
2021-02-07 00:00:00,38,120,0.0,0.0,0.0,0.2878666666666666,10.584,6.0,4,21.0,,0.0,0.0,0.0,0.0,47.952,optimal
2021-02-07 00:30:00,38,120,0.0,0.0,0.0,0.1187333333333333,6.678,6.0,4,20.97085623828765,,0.0,0.0,0.0,0.0,47.904048,optimal
2021-02-07 01:00:00,38,120,0.0,0.0,0.0,0.1806666666666666,7.938,6.0,4,20.93915745920069,,0.0,0.0,0.0,0.0,47.856143952,optimal
2021-02-07 01:30:00,38,120,0.0,0.0,0.0,0.1210666666666666,5.292,6.0,4,20.90751737398522,,0.0,0.0,0.0,0.0,47.80828780804799,optimal
2021-02-07 02:00:00,38,120,0.0,0.0,0.0,0.1997333333333333,9.261,6.0,4,20.87511482142808,,0.0,0.0,0.0,0.0,47.76047952023995,optimal
2021-02-07 02:30:00,38,120,0.0,0.0,0.0,0.076,10.3635,6.0,4,20.84359511734847,,0.0,0.0,0.0,0.0,47.712719040719705,optimal
2021-02-07 03:00:00,38,120,0.0,0.0,0.0,0.1664,8.274,6.0,4,20.810351069220317,,0.0,0.0,0.0,0.0,47.66500632167899,optimal
2021-02-07 03:30:00,38,120,0.0,0.0,0.0,0.1085999999999999,7.7175,6.0,4,20.77809220017345,,0.0,0.0,0.0,0.0,47.61734131535731,optimal
2021-02-07 04:00:00,38,120,0.0,0.0,0.0,0.1286,6.615,6.0,4,20.74519959908857,,0.0,0.0,0.0,0.0,47.56972397404195,optimal
2021-02-07 04:30:00,38,120,0.0,0.0,0.0,0.1692,6.174,6.0,4,20.71251672837453,,0.0,0.0,0.0,0.0,47.52215425006791,optimal
2021-02-07 05:00:00,38,120,0.0,0.0,0.0,0.066,3.906,6.0,4,20.6803932566413,,0.0,0.0,0.0,0.0,47.47463209581784,optimal
2021-02-07 05:30:00,38,120,0.0,0.0,0.0,0.2514666666666666,2.3415,6.0,4,20.64707625388881,,0.0,0.0,0.0,0.0,47.42715746372202,optimal
2021-02-07 06:00:00,38,120,0.3973470143340895,0.4644444444444444,0.0,0.094,2.205,6.0,4,20.6160847227796,,1390.7145501693133,0.0,0.0,418.0,47.379730306258296,optimal
2021-02-07 06:30:00,38,120,1.1428571428571428,0.4644444444444444,1.4055777348378222,0.1721333333333333,0.882,6.0,4,20.601901066665512,,4000.0,0.0,0.0,418.0,48.0,optimal
2021-02-07 07:00:00,38,120,1.1428571428571428,0.8514814814814814,0.0,0.1066666666666666,1.5435,6.0,4,20.622646503319512,,4000.0,0.0,0.0,766.3333333333333,47.72926124138249,optimal
2021-02-07 07:30:00,38,120,1.1428571428571428,0.0,0.0,0.1713333333333333,1.5435,6.0,4,20.6364523108637,,4000.0,0.0,0.0,0.0,47.4587932215236,optimal
2021-02-07 08:00:00,38,120,0.0,0.0,0.0,0.1468,5.0715,6.0,4,20.65158122805822,,0.0,0.0,0.0,0.0,47.18859566968457,optimal
2021-02-07 08:30:00,38,120,0.0,0.0,0.0,0.076,5.376,6.0,4,20.61532088122584,,0.0,0.0,0.0,0.0,46.91866831539737,optimal
2021-02-07 09:00:00,38,120,0.0,0.0,0.0,0.2364,5.0715,6.0,4,20.578170784766705,,0.0,0.0,0.0,0.0,46.64901088846446,optimal
2021-02-07 09:30:00,38,120,0.0,0.0,0.0,0.1010666666666666,5.5125,6.0,4,20.54395099298112,,0.0,0.0,0.0,0.0,46.37962311895848,optimal
2021-02-07 10:00:00,38,120,0.0,0.0,0.0,0.1153333333333333,9.261,6.0,4,20.50824949510986,,0.0,0.0,0.0,0.0,46.110504737222016,optimal
2021-02-07 10:30:00,38,120,0.0,0.0,0.0,0.1304,11.7075,6.0,4,20.47411963751166,,0.0,0.0,0.0,0.0,45.84165547386728,optimal
2021-02-07 11:00:00,38,120,0.0,0.0,0.0,0.2188666666666666,12.348,6.0,4,20.44004273552012,,0.0,0.0,0.0,0.0,45.57307505977591,optimal
2021-02-07 11:30:00,38,120,0.0,0.0,0.0,0.0956666666666666,12.348,6.0,4,20.408560879773187,,0.0,0.0,0.0,0.0,45.30476322609862,optimal
2021-02-07 12:00:00,38,120,0.0,0.0,0.0,0.076,12.1275,6.0,4,20.375640574098387,,0.0,0.0,0.0,0.0,45.03671970425501,optimal
2021-02-07 12:30:00,38,120,0.0,0.0,0.0,0.1258,12.5265,6.0,4,20.343676937290887,,0.0,0.0,0.0,0.0,44.76894422593325,optimal
2021-02-07 13:00:00,38,120,0.0,0.0,0.0,0.2116666666666666,11.7495,6.0,4,20.312383351095463,,0.0,0.0,0.0,0.0,44.5014365230898,optimal
2021-02-07 13:30:00,38,120,0.0,0.0,0.0,0.1204,13.23,6.0,4,20.28116381709249,,0.0,0.0,0.0,0.0,44.2341963279492,optimal
2021-02-07 14:00:00,38,120,0.0,0.0,0.0,0.2170666666666666,14.3325,6.0,4,20.2489934640625,,0.0,0.0,0.0,0.0,43.96722337300374,optimal
2021-02-07 14:30:00,38,120,0.0,0.0,0.0,0.0877333333333333,14.994,6.0,4,20.218583726831493,,0.0,0.0,0.0,0.0,43.70051739101323,optimal
2021-02-07 15:00:00,38,120,0.0,0.1548148148148148,0.0,0.4811333333333333,14.8155,6.0,4,20.19090144491199,,0.0,0.0,0.0,139.33333333333331,43.4340781150047,optimal
2021-02-07 15:30:00,38,120,0.0,0.0,0.0,0.4256,14.112,6.0,4,20.170911950937622,,0.0,0.0,0.0,0.0,43.16790527827219,optimal
2021-02-07 16:00:00,38,120,0.0,0.2322222222222222,0.0,2.7091,14.007,6.0,4,20.150735522984395,,0.0,0.0,0.0,209.0,42.9019986143764,optimal
2021-02-07 16:30:00,38,120,0.0,0.0774074074074074,0.0,2.015033333333333,13.23,6.0,4,20.141916489493173,,0.0,0.0,0.0,69.66666666666666,42.63635785714452,optimal
2021-02-07 17:00:00,38,120,0.0,1.1611111111111108,0.0,0.5714333333333332,11.382,6.0,4,20.137499167056458,,0.0,0.0,0.0,1044.9999999999998,42.37098274066987,optimal
2021-02-07 17:30:00,38,120,0.0,2.1674074074074072,0.0,0.8316,11.7495,6.0,4,20.114141223160225,,0.0,0.0,0.0,1950.6666666666667,42.105872999311686,optimal
2021-02-07 18:00:00,38,120,0.0,0.2322222222222222,0.0,1.5455,24.3285,6.0,4,20.092651912925948,,0.0,0.0,0.0,209.0,41.84102836769486,optimal
2021-02-07 18:30:00,38,120,0.0,0.0,0.0,1.5524,28.917,6.0,4,20.079755439010597,,0.0,0.0,0.0,0.0,41.57644858070966,optimal
2021-02-07 19:00:00,38,120,0.0,0.1548148148148148,0.0,0.4793666666666666,31.3635,6.0,4,20.068859336087773,,0.0,0.0,0.0,139.33333333333331,41.31213337351144,optimal
2021-02-07 19:30:00,38,120,0.0,0.0,0.0,0.3111666666666667,33.306,6.0,4,20.045636613714453,,0.0,0.0,0.0,0.0,41.04808248152042,optimal
2021-02-07 20:00:00,38,120,0.0,0.6192592592592592,0.0,0.4792,31.3425,6.0,4,20.021456106765942,,0.0,0.0,0.0,557.3333333333333,41.00703439903889,optimal
2021-02-07 20:30:00,38,120,0.0,0.0,0.0,0.2769,28.2555,6.0,4,20.0,,0.0,0.0,0.0,0.0,40.96602736463986,optimal
2021-02-07 21:00:00,38,120,0.0,2.012592592592592,0.0,0.4799333333333332,15.6975,6.0,4,19.97438140234016,,0.0,0.0,0.0,1811.333333333333,40.92506133727522,optimal
2021-02-07 21:30:00,38,120,0.0,0.4644444444444444,0.0,0.7938,12.5475,6.0,4,19.95057141711901,,0.0,0.0,0.0,418.0,40.88413627593794,optimal
2021-02-07 22:00:00,38,120,0.0,0.0,0.0,0.5832666666666666,12.0855,6.0,4,19.930978246699645,,0.0,0.0,0.0,0.0,40.843252139662006,optimal
2021-02-07 22:30:00,38,120,0.0,0.0,0.0,0.1333333333333333,11.907,6.0,4,19.909047389455075,,0.0,0.0,0.0,0.0,40.80240888752235,optimal
2021-02-07 23:00:00,38,120,0.0,0.0,0.0,0.1333333333333333,12.5685,6.0,4,19.876966801286613,,0.0,0.0,0.0,0.0,40.761606478634825,optimal
2021-02-07 23:30:00,38,120,0.0,0.0,0.0,0.072,13.146,6.0,4,19.844949814900826,,0.0,0.0,0.0,0.0,40.72084487215619,optimal
2021-02-08 00:00:00,38,120,1.1428571428571428,0.0,5.0,0.063,5.271,6.0,-9,19.844949814900826,,4000.0,0.0,0.0,0.0,43.05512402728404,optimal
2021-02-08 00:30:00,38,120,1.1428571428571428,0.0,5.0,0.2802,7.938,6.0,-9,19.86017937708694,,4000.0,0.0,0.0,0.0,45.387068903256754,optimal
2021-02-08 01:00:00,38,120,1.1428571428571428,0.0,5.0,0.063,7.938,6.0,-9,19.87802475065812,,4000.0,0.0,0.0,0.0,47.71668183435349,optimal
2021-02-08 01:30:00,38,120,1.1428571428571428,0.0,0.0,0.1574333333333333,11.907,6.0,-9,19.89318873970496,,4000.0,0.0,0.0,0.0,47.66896515251914,optimal
2021-02-08 02:00:00,38,120,1.1428571428571428,0.0,1.915548608054633,0.1857666666666667,11.025,6.0,-9,19.90937395632619,,4000.0,0.0,0.0,0.0,48.53118177619257,optimal
2021-02-08 02:30:00,38,120,1.1428571428571428,0.0,0.0,0.063,11.2875,6.0,-9,19.92577312298648,,4000.0,0.0,0.0,0.0,48.48265059441637,optimal
2021-02-08 03:00:00,38,120,1.1428571428571428,0.0,0.0,0.063,12.936,6.0,-9,19.940743319740584,,4000.0,0.0,0.0,0.0,48.434167943821954,optimal
2021-02-08 03:30:00,38,120,1.1428571428571428,0.0,0.0,0.2148,13.0095,6.0,-9,19.95578296528164,,4000.0,0.0,0.0,0.0,48.38573377587813,optimal
2021-02-08 04:00:00,38,120,1.1428571428571428,0.0,0.0,0.0884333333333333,13.671,6.0,-9,19.97254294533917,,4000.0,0.0,0.0,0.0,48.33734804210225,optimal
2021-02-08 04:30:00,38,120,1.1428571428571428,0.0,0.0,0.1029666666666666,13.188,6.0,-9,19.98763112743352,,4000.0,0.0,0.0,0.0,48.28901069406015,optimal
2021-02-08 05:00:00,38,120,1.1428571428571428,0.0,0.0,0.2402333333333333,13.8495,6.0,-9,20.0026681900272,,4000.0,0.0,0.0,0.0,48.24072168336608,optimal
2021-02-08 05:30:00,38,120,1.1428571428571428,0.0,0.0,0.1029666666666666,13.23,6.0,-9,20.0191494140602,,4000.0,0.0,0.0,0.0,48.19248096168271,optimal
2021-02-08 06:00:00,38,120,1.1428571428571428,0.0,0.0,0.1614333333333333,13.3665,6.0,-9,20.033826605240154,,4000.0,0.0,0.0,0.0,48.144288480721016,optimal
2021-02-08 06:30:00,38,120,1.1428571428571428,0.0,0.0,0.1817666666666667,13.0515,6.0,-9,20.04908783082372,,4000.0,0.0,0.0,0.0,48.096144192240295,optimal
2021-02-08 07:00:00,38,120,1.1428571428571428,0.4644444444444444,0.0,0.0616666666666666,13.5345,6.0,-9,20.064467379570814,,4000.0,0.0,0.0,418.0,48.048048048048045,optimal
2021-02-08 07:30:00,38,120,0.5213578698989353,0.0,0.0,0.13,14.154,6.0,-9,20.079464322591612,,1824.7525446462732,0.0,0.0,0.0,48.0,optimal
2021-02-08 08:00:00,38,120,1.1428571428571428,0.3096296296296296,0.0,0.4603,14.112,6.0,-9,20.071571690368405,,4000.0,0.0,0.0,278.66666666666663,47.87484805155941,optimal
2021-02-08 08:30:00,38,120,0.0,0.5418518518518518,0.0,0.2588,14.2485,6.0,-9,20.095097221841264,,0.0,0.0,0.0,487.6666666666667,47.74982125506725,optimal
2021-02-08 09:00:00,38,120,1.1428571428571428,5.014451851851852,0.0,0.4579,12.789,6.0,-9,20.06723759753989,,4000.0,0.0,0.0,4513.006666666667,47.62491948537159,optimal
2021-02-08 09:30:00,38,120,1.1428571428571428,2.1844370370370365,0.0,3.499733333333333,13.0095,6.0,-9,20.091702266412177,,4000.0,0.0,0.0,1965.993333333333,47.500142617445626,optimal
2021-02-08 10:00:00,38,120,1.1428571428571428,0.0,0.0,2.1063666666666667,12.1275,6.0,-9,20.130147997904903,,4000.0,0.0,0.0,0.0,47.37549052638759,optimal
2021-02-08 10:30:00,38,120,1.1428571428571428,0.0,0.0,0.2788666666666666,12.348,6.0,-9,20.16226253053509,,4000.0,0.0,0.0,0.0,47.25096308742061,optimal
2021-02-08 11:00:00,38,120,1.1428571428571428,0.0,0.0,0.1686,12.348,6.0,-9,20.180319076300965,,4000.0,0.0,0.0,0.0,47.12656017589259,optimal
2021-02-08 11:30:00,38,120,0.0,0.0,0.0,0.3086,25.389,6.0,-9,20.19826145397157,,0.0,0.0,0.0,0.0,47.00228166727611,optimal
2021-02-08 12:00:00,38,120,0.0,0.0,0.0,0.1075,29.1375,6.0,-9,20.16912143981779,,0.0,0.0,0.0,0.0,46.87812743716824,optimal
2021-02-08 12:30:00,38,120,0.0,0.0,0.0,0.1144,30.597,6.0,-9,20.13987762625367,,0.0,0.0,0.0,0.0,46.75409736129048,optimal
2021-02-08 13:00:00,38,120,0.0,0.0,0.0,0.1834,33.684,6.0,-9,20.111172361128805,,0.0,0.0,0.0,0.0,46.6301913154886,optimal
2021-02-08 13:30:00,38,120,0.0,0.0,0.0,0.073,32.445,6.0,-9,20.08343796071578,,0.0,0.0,0.0,0.0,46.506409175732514,optimal
2021-02-08 14:00:00,38,120,0.0,0.0,0.0,0.2756666666666666,28.917,6.0,-9,20.0546118710886,,0.0,0.0,0.0,0.0,46.382750818116186,optimal
2021-02-08 14:30:00,38,120,0.0,0.0,0.0,0.0875333333333333,15.876,6.0,-9,20.028574770083956,,0.0,0.0,0.0,0.0,46.25921611885747,optimal
2021-02-08 15:00:00,38,120,0.6883787046390968,0.0,0.0,0.2106666666666666,12.348,6.0,-9,20.0,,2409.3254662368386,0.0,0.0,0.0,46.13580495429802,optimal
2021-02-08 15:30:00,38,120,1.1428571428571428,0.0,0.0,0.1525333333333333,12.1275,6.0,-9,20.0,,4000.0,0.0,0.0,0.0,46.01251720090313,optimal
2021-02-08 16:00:00,38,120,0.2104191225269288,0.0,0.0,0.3115666666666666,12.348,6.0,-9,20.018769071060053,,736.4669288442509,0.0,0.0,0.0,45.88935273526164,optimal
2021-02-08 16:30:00,38,120,0.5729052689003614,0.4644444444444444,0.0,0.3985666666666667,12.1275,6.0,-9,20.0,,2005.1684411512647,0.0,0.0,418.0,45.766311434085786,optimal
2021-02-08 17:00:00,38,120,0.6188042198098599,0.0,0.0,0.3982,12.1275,6.0,-9,20.0,,2165.814769334509,0.0,0.0,0.0,45.64339317421111,optimal
2021-02-08 17:30:00,38,120,0.6778560683793419,1.470740740740741,0.0,0.3848999999999999,11.2665,6.0,-9,20.0,,2372.4962393276965,0.0,0.0,1323.6666666666667,45.5205978325963,optimal
2021-02-08 18:00:00,38,120,1.1428571428571428,0.4644444444444444,0.0,0.3430666666666667,10.143,6.0,-9,20.0,,4000.0,0.0,0.0,418.0,45.39792528632311,optimal
2021-02-08 18:30:00,38,120,0.0675260810363069,0.0,0.0,1.3845333333333334,11.2455,6.0,-9,20.02043129219447,,236.34128362707412,0.0,0.0,0.0,45.27537541259619,optimal
2021-02-08 19:00:00,38,120,0.6290769302876097,2.1674074074074072,0.0,0.5650333333333333,11.025,6.0,-9,20.0,,2201.769256006634,0.0,0.0,1950.6666666666667,45.152948088743,optimal
2021-02-08 19:30:00,38,120,1.1428571428571428,0.3096296296296296,0.0,0.4966666666666667,5.9745,6.0,-9,20.0,,4000.0,0.0,0.0,278.66666666666663,45.03064319221367,optimal
2021-02-08 20:00:00,38,120,0.0905534579431227,0.387037037037037,0.0,0.2479666666666666,7.938,6.0,-9,20.02395600508407,,316.93710280092967,0.0,0.0,348.3333333333333,44.90846060058086,optimal
2021-02-08 20:30:00,38,120,0.0,0.2322222222222222,0.0,0.2442666666666667,8.6835,6.0,-9,20.0,,0.0,0.0,0.0,209.0,44.78640019153968,optimal
2021-02-08 21:00:00,38,120,0.0,0.0,0.0,0.3303999999999999,7.665,6.0,-9,19.97210204178181,,0.0,0.0,0.0,0.0,44.66446184290755,optimal
2021-02-08 21:30:00,38,120,0.0,0.0,0.0,0.4363,6.7725,6.0,-9,19.94530779652384,,0.0,0.0,0.0,0.0,44.54264543262405,optimal
2021-02-08 22:00:00,38,120,0.0,0.2322222222222222,0.0,2.297433333333333,5.5755,6.0,-9,19.91959865226736,,0.0,0.0,0.0,209.0,44.49810278719143,optimal
2021-02-08 22:30:00,38,120,0.0,0.0,0.0,0.2286,5.0925,6.0,-9,19.907678560504166,,0.0,0.0,0.0,0.0,44.45360468440423,optimal
2021-02-08 23:00:00,38,120,0.0,0.0,0.0,0.1812333333333333,4.1895,6.0,-9,19.876599007397644,,0.0,0.0,0.0,0.0,44.40915107971983,optimal
2021-02-08 23:30:00,38,120,0.0,0.0,0.0,0.073,7.056,6.0,-9,19.84276893547858,,0.0,0.0,0.0,0.0,44.36474192864011,optimal
2021-02-09 00:00:00,38,120,1.1428571428571428,0.0,0.0,0.1868333333333333,11.7705,6.0,-4,19.84276893547858,,4000.0,0.0,0.0,0.0,44.32037718671147,optimal
2021-02-09 00:30:00,38,120,1.1428571428571428,0.0,0.0,0.0775,11.13,6.0,-4,19.857727094989944,,4000.0,0.0,0.0,0.0,44.27605680952475,optimal
2021-02-09 01:00:00,38,120,1.1428571428571428,0.0,0.0,0.057,11.6865,6.0,-4,19.87142279095976,,4000.0,0.0,0.0,0.0,44.23178075271523,optimal
2021-02-09 01:30:00,38,120,1.1428571428571428,0.0,4.134475094143517,0.057,10.7205,6.0,-4,19.884940724458247,,4000.0,0.0,0.0,0.0,46.15142464168068,optimal
2021-02-09 02:00:00,38,120,1.1428571428571428,0.0,0.0,0.057,11.424,6.0,-4,19.89823360151768,,4000.0,0.0,0.0,0.0,46.10527321703899,optimal
2021-02-09 02:30:00,38,120,1.1428571428571428,0.0,5.0,0.2073333333333333,10.689,6.0,-4,19.911301868326603,,4000.0,0.0,0.0,0.0,48.434167943821954,optimal
2021-02-09 03:00:00,38,120,1.1428571428571428,0.0,0.0,0.057,11.361,6.0,-4,19.926274766883655,,4000.0,0.0,0.0,0.0,48.38573377587813,optimal
2021-02-09 03:30:00,38,120,1.1428571428571428,0.0,0.0,0.057,11.571,6.0,-4,19.939485696605672,,4000.0,0.0,0.0,0.0,48.33734804210225,optimal
2021-02-09 04:00:00,38,120,1.1428571428571428,0.0,0.0,0.1731666666666666,14.3745,6.0,-4,19.952868691115192,,4000.0,0.0,0.0,0.0,48.28901069406015,optimal
2021-02-09 04:30:00,38,120,1.1428571428571428,0.0,0.0,0.0911666666666666,13.23,6.0,-4,19.96783859148812,,4000.0,0.0,0.0,0.0,48.24072168336608,optimal
2021-02-09 05:00:00,38,120,1.1428571428571428,0.0,0.0,0.057,13.9755,6.0,-4,19.98158160466157,,4000.0,0.0,0.0,0.0,48.19248096168271,optimal
2021-02-09 05:30:00,38,120,1.1428571428571428,0.0,0.0,0.2076666666666666,14.994,6.0,-4,19.994682885101028,,4000.0,0.0,0.0,0.0,48.144288480721016,optimal
2021-02-09 06:00:00,38,120,1.1428571428571428,0.0,0.0,0.064,13.671,6.0,-4,20.00958960369395,,4000.0,0.0,0.0,0.0,48.096144192240295,optimal
2021-02-09 06:30:00,38,120,0.5853469928815667,0.0,0.0,0.1656666666666666,15.981,6.0,-4,20.0226353565147,,2048.714475085483,0.0,0.0,0.0,48.048048048048045,optimal
2021-02-09 07:00:00,38,120,1.1428571428571428,2.0899999999999994,0.0,0.096,15.6345,6.0,-4,20.01353914458913,,4000.0,0.0,0.0,1881.0,48.0,optimal
2021-02-09 07:30:00,38,120,0.0,0.0,0.0,0.4814333333333332,16.5375,6.0,-4,20.029399219875355,,0.0,0.0,0.0,0.0,47.82407975025069,optimal
2021-02-09 08:00:00,38,120,1.1428571428571428,0.0,0.0,0.4863333333333333,14.7735,6.0,-4,20.0,,4000.0,0.0,0.0,0.0,47.64833542075113,optimal
2021-02-09 08:30:00,38,120,0.5332508165304193,0.0,0.0,0.057,15.2145,6.0,-4,20.01629507943352,,1866.3778578564677,0.0,0.0,0.0,47.47276683558107,optimal
2021-02-09 09:00:00,38,120,1.1428571428571428,0.0,0.0,0.4219,14.553,6.0,-4,20.0,,4000.0,0.0,0.0,0.0,47.29737381899618,optimal
2021-02-09 09:30:00,38,120,1.1428571428571428,0.0774074074074074,0.0,0.1446,14.3325,6.0,-4,20.016867488372853,,4000.0,0.0,0.0,69.66666666666666,47.12215619542787,optimal
2021-02-09 10:00:00,38,120,1.1428571428571428,0.0,0.0,0.1436666666666666,14.595,6.0,-4,20.03485791077098,,4000.0,0.0,0.0,0.0,46.94711378948313,optimal
2021-02-09 10:30:00,38,120,0.9190759485065528,0.0,0.0,0.098,14.994,6.0,-4,20.056486415806894,,3216.7658197729347,0.0,0.0,0.0,46.77224642594434,optimal
2021-02-09 11:00:00,38,120,1.1428571428571428,0.0,0.0,0.1663333333333333,14.3325,6.0,-4,20.06360085055652,,4000.0,0.0,0.0,0.0,46.59755392976909,optimal
2021-02-09 11:30:00,38,120,1.1428571428571428,0.0,0.0,0.057,13.8915,6.0,-4,20.084252967088013,,4000.0,0.0,0.0,0.0,46.42303612609,optimal
2021-02-09 12:00:00,38,120,1.1428571428571428,0.0,0.0,0.0846666666666666,13.8915,6.0,-4,20.103631331450245,,4000.0,0.0,0.0,0.0,46.2486928402146,optimal
2021-02-09 12:30:00,38,120,1.1428571428571428,0.3096296296296296,0.0,0.276,13.4715,6.0,-4,20.125277598486115,,4000.0,0.0,0.0,278.66666666666663,46.07452389762508,optimal
2021-02-09 13:00:00,38,120,1.1428571428571428,0.0,0.0,0.3873999999999999,13.23,6.0,-4,20.15019693917914,,4000.0,0.0,0.0,0.0,45.90052912397815,optimal
2021-02-09 13:30:00,38,120,1.1428571428571428,0.0,0.0,0.5407666666666666,13.8915,6.0,-4,20.1775609867034,,4000.0,0.0,0.0,0.0,45.72670834510486,optimal
2021-02-09 14:00:00,38,120,0.0,0.0,0.0,0.21,26.9325,6.0,-4,20.207765669027932,,0.0,0.0,0.0,0.0,45.553061387010445,optimal
2021-02-09 14:30:00,38,120,0.0,0.0,0.0,0.1691666666666666,30.303,6.0,-4,20.183820906116026,,0.0,0.0,0.0,0.0,45.379588075874125,optimal
2021-02-09 15:00:00,38,120,0.0,0.0,0.0,0.2105,32.886,6.0,-4,20.15888766486437,,0.0,0.0,0.0,0.0,45.20628823804894,optimal
2021-02-09 15:30:00,38,120,0.0,0.0774074074074074,0.0,0.2677,34.9965,6.0,-4,20.130253446423723,,0.0,0.0,0.0,69.66666666666666,45.033161700061584,optimal
2021-02-09 16:00:00,38,120,0.0,0.0,0.0,0.4140333333333333,33.327,6.0,-4,20.1071105404358,,0.0,0.0,0.0,0.0,44.86020828861221,optimal
2021-02-09 16:30:00,38,120,0.0,0.3096296296296296,0.0,0.358,31.122,6.0,-4,20.08349618730114,,0.0,0.0,0.0,278.66666666666663,44.68742783057429,optimal
2021-02-09 17:00:00,38,120,0.0,0.0,0.0,0.2161666666666666,17.9025,6.0,-4,20.057626098066024,,0.0,0.0,0.0,0.0,44.51482015299441,optimal
2021-02-09 17:30:00,38,120,0.0,0.2322222222222222,0.0,0.4625666666666667,15.6555,6.0,-4,20.026781365392583,,0.0,0.0,0.0,209.0,44.3423850830921,optimal
2021-02-09 18:00:00,38,120,0.775093863145714,0.0,0.0,0.0767,14.553,6.0,-4,20.0,,2712.82852101,0.0,0.0,0.0,44.1701224482597,optimal
2021-02-09 18:30:00,38,120,0.7948070914795216,0.1548148148148148,0.0,0.085,14.3325,6.0,-4,20.0,,2781.8248201783254,0.0,0.0,139.33333333333331,43.99803207606214,optimal
2021-02-09 19:00:00,38,120,0.7867298436228676,0.0,0.0,0.1447,13.335,6.0,-4,20.0,,2753.5544526800363,0.0,0.0,0.0,43.82611379423677,optimal
2021-02-09 19:30:00,38,120,1.1428571428571428,0.1548148148148148,0.0,0.2333333333333332,12.1275,6.0,-4,20.0,,4000.0,0.0,0.0,139.33333333333331,43.65436743069322,optimal
2021-02-09 20:00:00,38,120,0.4120799010104648,0.0,0.0,0.1533,12.2955,6.0,-4,20.016820716170056,,1442.279653536627,0.0,0.0,0.0,43.48279281351322,optimal
2021-02-09 20:30:00,38,120,0.0,0.0,0.0,0.9488,11.6865,6.0,-4,20.0,,0.0,0.0,0.0,0.0,43.3113897709504,optimal
2021-02-09 21:00:00,38,120,0.0,0.0,0.0,0.149,11.466,6.0,-4,19.97000753567246,,0.0,0.0,0.0,0.0,43.14015813143014,optimal
2021-02-09 21:30:00,38,120,0.0,0.0,0.0,0.1353333333333333,10.8045,6.0,-4,19.93312441630878,,0.0,0.0,0.0,0.0,42.9690977235494,optimal
2021-02-09 22:00:00,38,120,0.0,0.0,0.0,0.0806666666666666,10.584,6.0,-4,19.895751415451358,,0.0,0.0,0.0,0.0,42.79820837607655,optimal
2021-02-09 22:30:00,38,120,0.0,0.1548148148148148,0.0,0.9814,11.2455,6.0,-4,19.857390028248627,,0.0,0.0,0.0,139.33333333333331,42.75541016770047,optimal
2021-02-09 23:00:00,38,120,0.0,0.2322222222222222,0.0,1.0245,12.1275,6.0,-4,19.824618468537956,,0.0,0.0,0.0,209.0,42.71265475753277,optimal
2021-02-09 23:30:00,38,120,0.0,2.0899999999999994,0.0,0.2557666666666667,11.823,6.0,-4,19.794781679576037,,0.0,0.0,0.0,1881.0,42.66994210277524,optimal
2021-02-10 00:00:00,38,120,0.4275900263688201,0.0,0.0,0.3256333333333333,18.7215,6.0,8,19.794781679576037,,1496.5650922908703,0.0,0.0,0.0,42.62727216067246,optimal
2021-02-10 00:30:00,38,120,1.1428571428571428,0.0,0.0,0.1995,17.4195,6.0,8,19.77862621286589,,4000.0,0.0,0.0,0.0,42.58464488851179,optimal
2021-02-10 01:00:00,38,120,1.1428571428571428,0.0,0.0,0.1256,16.758,6.0,8,19.793295444865887,,4000.0,0.0,0.0,0.0,42.54206024362328,optimal
2021-02-10 01:30:00,38,120,1.1428571428571428,0.0,0.0,0.1448333333333333,14.217,6.0,8,19.806837062740524,,4000.0,0.0,0.0,0.0,42.49951818337965,optimal
2021-02-10 02:00:00,38,120,1.1428571428571428,0.0,0.0,0.1716333333333333,13.3665,6.0,8,19.820387884288458,,4000.0,0.0,0.0,0.0,42.45701866519627,optimal
2021-02-10 02:30:00,38,120,1.1428571428571428,0.0,0.0,0.0851333333333333,12.789,6.0,8,19.834040070993264,,4000.0,0.0,0.0,0.0,42.41456164653108,optimal
2021-02-10 03:00:00,38,120,1.1428571428571428,0.0,0.0,0.1926666666666666,11.907,6.0,8,19.846611418690383,,4000.0,0.0,0.0,0.0,42.37214708488455,optimal
2021-02-10 03:30:00,38,120,1.1428571428571428,0.0,0.0,0.1256,11.7075,6.0,8,19.86046785087572,,4000.0,0.0,0.0,0.0,42.32977493779966,optimal
2021-02-10 04:00:00,38,120,1.1428571428571428,0.0,2.763181320485848,0.097,10.8045,6.0,8,19.873479782660624,,4000.0,0.0,0.0,0.0,43.59995629009264,optimal
2021-02-10 04:30:00,38,120,1.1428571428571428,0.0,0.0,0.1653333333333333,11.508,6.0,8,19.88611750245645,,4000.0,0.0,0.0,0.0,43.55635633380254,optimal
2021-02-10 05:00:00,38,120,1.1428571428571428,0.0,0.0,0.056,11.508,6.0,8,19.899364371012908,,4000.0,0.0,0.0,0.0,43.51279997746874,optimal
2021-02-10 05:30:00,38,120,1.1428571428571428,0.0,0.0,0.2759333333333333,11.508,6.0,8,19.911054784340504,,4000.0,0.0,0.0,0.0,43.46928717749127,optimal
2021-02-10 06:00:00,38,120,1.1428571428571428,0.0,0.0,0.056,11.844,6.0,8,19.925203067756943,,4000.0,0.0,0.0,0.0,43.42581789031377,optimal
2021-02-10 06:30:00,38,120,1.1428571428571428,0.0,0.0,0.1256,11.508,6.0,8,19.93644574167172,,4000.0,0.0,0.0,0.0,43.38239207242345,optimal
2021-02-10 07:00:00,38,120,1.1428571428571428,0.6966666666666667,0.0,3.157433333333333,11.508,6.0,8,19.948910529939774,,4000.0,0.0,0.0,627.0,43.33900968035103,optimal
2021-02-10 07:30:00,38,120,1.1428571428571428,0.8514814814814814,5.0,1.3823,10.4475,6.0,8,19.97857402074736,,4000.0,0.0,0.0,766.3333333333333,45.670670670670674,optimal
2021-02-10 08:00:00,38,120,1.1428571428571428,0.5418518518518518,5.0,2.8846333333333334,10.8675,6.0,8,20.0,,4000.0,0.0,0.0,487.6666666666667,48.0,optimal
2021-02-10 08:30:00,38,120,1.1428571428571428,0.0,0.0,0.3723333333333333,10.542,6.0,8,20.02764239917836,,4000.0,0.0,0.0,0.0,47.67279531762087,optimal
2021-02-10 09:00:00,38,120,1.1428571428571428,0.4644444444444444,0.0,2.6983333333333333,11.025,6.0,8,20.038969590237286,,4000.0,0.0,0.0,418.0,47.34591783992411,optimal
2021-02-10 09:30:00,38,120,1.1428571428571428,0.1548148148148148,0.0,2.5334,11.025,6.0,8,20.05997871214661,,4000.0,0.0,0.0,139.33333333333331,47.019367239705055,optimal
2021-02-10 10:00:00,38,120,1.1428571428571428,0.0,0.0,2.4467,14.553,6.0,8,20.079571260194356,,4000.0,0.0,0.0,0.0,46.69314319008622,optimal
2021-02-10 10:30:00,38,120,1.1428571428571428,0.0,0.0,2.474333333333333,13.0935,6.0,8,20.105806639266767,,4000.0,0.0,0.0,0.0,46.36724536451701,optimal
2021-02-10 11:00:00,38,120,1.1428571428571428,2.4770370370370367,0.0,0.5682,15.6345,6.0,8,20.130892389356973,,4000.0,0.0,0.0,2229.333333333333,46.04167343677336,optimal
2021-02-10 11:30:00,38,120,0.0,0.1548148148148148,0.0,1.750033333333333,18.102,6.0,8,20.15529409276858,,0.0,0.0,0.0,139.33333333333331,45.71642708095745,optimal
2021-02-10 12:00:00,38,120,0.0,0.0,0.0,0.4189,17.199,6.0,8,20.135049817834958,,0.0,0.0,0.0,0.0,45.39150597149737,optimal
2021-02-10 12:30:00,38,120,0.0,0.0,0.0,2.7888,18.2805,6.0,8,20.114219417343502,,0.0,0.0,0.0,0.0,45.06690978314674,optimal
2021-02-10 13:00:00,38,120,0.0,0.1548148148148148,0.0,0.6112666666666666,17.4615,6.0,8,20.098578491463616,,0.0,0.0,0.0,139.33333333333331,44.74263819098447,optimal
2021-02-10 13:30:00,38,120,0.0,0.0,0.0,2.2318,18.3225,6.0,8,20.082317932020185,,0.0,0.0,0.0,0.0,44.41869087041435,optimal
2021-02-10 14:00:00,38,120,0.0,0.0,0.0,4.7878,17.094,6.0,8,20.06788445269397,,0.0,0.0,0.0,0.0,44.095067497164806,optimal
2021-02-10 14:30:00,38,120,0.0,0.0,0.0,1.6336666666666668,17.094,6.0,8,20.056596202102416,,0.0,0.0,0.0,0.0,43.77176774728851,optimal
2021-02-10 15:00:00,38,120,0.4574255802871723,0.0,0.0,1.6743,17.094,6.0,8,20.042558482622244,,1600.9895310051031,0.0,0.0,0.0,43.44879129716209,optimal
2021-02-10 15:30:00,38,120,0.0,0.0774074074074074,0.0,1.3739,17.3565,6.0,8,20.04084973248372,,0.0,0.0,0.0,69.66666666666666,43.1261378234858,optimal
2021-02-10 16:00:00,38,120,1.1428571428571428,0.2322222222222222,0.0,0.4167,17.115,6.0,8,20.02101260487839,,4000.0,0.0,0.0,209.0,42.80380700328318,optimal
2021-02-10 16:30:00,38,120,0.0,0.2322222222222222,0.0,0.3214333333333333,17.241,6.0,8,20.045964670765137,,0.0,0.0,0.0,209.0,42.48179851390077,optimal
2021-02-10 17:00:00,38,120,1.1428571428571428,0.2322222222222222,0.0,2.974333333333333,17.094,6.0,8,20.02090161259585,,4000.0,0.0,0.0,209.0,42.160112033007735,optimal
2021-02-10 17:30:00,38,120,1.1428571428571428,0.5836518518518518,0.0,2.3627,16.5165,6.0,8,20.048067194521632,,4000.0,0.0,0.0,525.2866666666666,41.8387472385956,optimal
2021-02-10 18:00:00,38,120,0.0,0.0,0.0,0.2089666666666666,17.8185,6.0,8,20.068991795578988,,0.0,0.0,0.0,0.0,41.51770380897787,optimal
2021-02-10 18:30:00,38,120,1.1428571428571428,0.0,0.0,0.1429666666666666,17.094,6.0,8,20.032469076613744,,4000.0,0.0,0.0,0.0,41.19698142278976,optimal
2021-02-10 19:00:00,38,120,1.1428571428571428,0.5774592592592593,0.0,0.5678,16.8945,6.0,8,20.043151079355024,,4000.0,0.0,0.0,519.7133333333334,40.87657975898784,optimal
2021-02-10 19:30:00,38,120,0.0,0.2322222222222222,0.0,0.5419666666666667,18.123,6.0,8,20.059713645323804,,0.0,0.0,0.0,209.0,40.55649849684972,optimal
2021-02-10 20:00:00,38,120,0.0,0.0,0.0,0.3366,31.647,6.0,8,20.03017098932762,,0.0,0.0,0.0,0.0,40.51594199835287,optimal
2021-02-10 20:30:00,38,120,0.0,0.0,0.0,0.2196333333333333,34.9965,6.0,8,20.0,,0.0,0.0,0.0,0.0,40.47542605635452,optimal
2021-02-10 21:00:00,38,120,0.0,0.0,0.0,1.3675666666666666,34.9965,6.0,8,19.969030738429044,,0.0,0.0,0.0,0.0,40.43495063029817,optimal
2021-02-10 21:30:00,38,120,0.0,0.5418518518518518,0.0,2.570866666666667,34.9965,6.0,8,19.94300977726764,,0.0,0.0,0.0,487.6666666666667,40.39451567966787,optimal
2021-02-10 22:00:00,38,120,0.0,1.0837037037037036,0.0,0.3431333333333333,34.9965,6.0,8,19.915510821880066,,0.0,0.0,0.0,975.3333333333334,40.35412116398821,optimal
2021-02-10 22:30:00,38,120,0.0,0.0,0.0,2.793833333333333,34.9965,6.0,8,19.883378123922444,,0.0,0.0,0.0,0.0,40.31376704282422,optimal
2021-02-10 23:00:00,38,120,0.0,0.0,0.0,0.1616666666666666,27.741,6.0,8,19.855532117953985,,0.0,0.0,0.0,0.0,40.27345327578139,optimal
2021-02-10 23:30:00,38,120,0.0,0.0,0.0,0.066,19.026,6.0,8,19.81241002014257,,0.0,0.0,0.0,0.0,40.23317982250561,optimal
2021-02-11 00:00:00,38,120,1.1428571428571428,0.0,0.0,0.065,11.025,6.0,-4,19.81241002014257,,4000.0,0.0,0.0,0.0,40.192946642683104,optimal
2021-02-11 00:30:00,38,120,1.1428571428571428,0.0,5.0,0.1194,10.7835,6.0,-4,19.8174191323247,,4000.0,0.0,0.0,0.0,42.52775369604042,optimal
2021-02-11 01:00:00,38,120,1.1428571428571428,0.0,0.0,0.0682,11.025,6.0,-4,19.82327928938487,,4000.0,0.0,0.0,0.0,42.48522594234438,optimal
2021-02-11 01:30:00,38,120,1.1428571428571428,0.0,5.0,0.1034,10.584,6.0,-4,19.828702348628077,,4000.0,0.0,0.0,0.0,44.81774071640204,optimal
2021-02-11 02:00:00,38,120,1.1428571428571428,0.0,2.702879138439884,0.0842,11.025,6.0,-4,19.83454347479711,,4000.0,0.0,0.0,0.0,46.056790566444576,optimal
2021-02-11 02:30:00,38,120,1.1428571428571428,0.0,5.0,0.1034,10.4265,6.0,-4,19.84013911957632,,4000.0,0.0,0.0,0.0,48.38573377587813,optimal
2021-02-11 03:00:00,38,120,1.1428571428571428,0.0,0.0,0.0842,12.789,6.0,-4,19.845759315341883,,4000.0,0.0,0.0,0.0,48.33734804210225,optimal
2021-02-11 03:30:00,38,120,1.1428571428571428,0.0,0.0,0.065,12.684,6.0,-4,19.850936211439905,,4000.0,0.0,0.0,0.0,48.28901069406015,optimal
2021-02-11 04:00:00,38,120,1.1428571428571428,0.0,0.0,0.065,16.254,6.0,-4,19.85636458374132,,4000.0,0.0,0.0,0.0,48.24072168336608,optimal
2021-02-11 04:30:00,38,120,1.1428571428571428,0.0,0.0,0.065,17.64,6.0,-4,19.86227783466875,,4000.0,0.0,0.0,0.0,48.19248096168271,optimal
2021-02-11 05:00:00,38,120,1.1428571428571428,0.0,0.0,0.0646666666666666,19.1625,6.0,-4,19.8681793622045,,4000.0,0.0,0.0,0.0,48.144288480721016,optimal
2021-02-11 05:30:00,38,120,0.0,0.387037037037037,0.0,0.148,26.46,6.0,-4,19.87449963238504,,0.0,0.0,0.0,348.3333333333333,48.096144192240295,optimal
2021-02-11 06:00:00,38,120,1.1428571428571428,0.4644444444444444,0.0,0.1056666666666666,20.79,6.0,-4,19.835590800369832,,4000.0,0.0,0.0,418.0,48.048048048048045,optimal
2021-02-11 06:30:00,38,120,0.0,0.0774074074074074,0.0,0.128,29.106,6.0,-4,19.8463508097245,,0.0,0.0,0.0,69.66666666666666,48.0,optimal
2021-02-11 07:00:00,38,120,1.1428571428571428,0.3096296296296296,0.0,0.7486333333333334,19.1835,6.0,-4,19.80865190327153,,4000.0,0.0,0.0,278.66666666666663,47.827901451964536,optimal
2021-02-11 07:30:00,38,120,1.1428571428571428,13.656662600551,0.0,0.8906333333333333,19.6665,6.0,-4,19.82830771624709,,4000.0,12290.996340495902,0.0,0.0,47.65597500247711,optimal
2021-02-11 08:00:00,38,120,0.8988022295060026,0.0,0.0,0.1682,19.404,6.0,-4,20.0,,3145.807803271009,0.0,0.0,0.0,47.484220479439166,optimal
2021-02-11 08:30:00,38,120,1.1428571428571428,0.0,0.0,0.1322666666666666,19.047,6.0,-4,20.0,,4000.0,0.0,0.0,0.0,47.31263771092426,optimal
2021-02-11 09:00:00,38,120,1.1428571428571428,0.0,0.0,0.0693333333333333,18.858,6.0,-4,20.0052406137408,,4000.0,0.0,0.0,0.0,47.14122652517788,optimal
2021-02-11 09:30:00,38,120,0.62704721844944,0.0,0.0,0.1226,19.2675,6.0,-4,20.01163678512625,,2194.66526457304,0.0,0.0,0.0,46.96998675061724,optimal
2021-02-11 10:00:00,38,120,0.598711161867868,0.0,0.0,0.2468666666666666,18.963,6.0,-4,20.0,,2095.489066537538,0.0,0.0,0.0,46.79891821583116,optimal
2021-02-11 10:30:00,38,120,0.9690248444797982,0.3096296296296296,0.0,0.2508,18.438,6.0,-4,20.0,,3391.5869556792936,0.0,0.0,278.66666666666663,46.62802074957987,optimal
2021-02-11 11:00:00,38,120,0.0,0.4644444444444444,0.0,0.2296666666666666,18.7425,6.0,-4,20.01850684910144,,0.0,0.0,0.0,418.0,46.457294180794825,optimal
2021-02-11 11:30:00,38,120,1.1428571428571428,0.2322222222222222,0.0,0.292,15.2145,6.0,-4,20.0,,4000.0,0.0,0.0,209.0,46.286738338578566,optimal
2021-02-11 12:00:00,38,120,0.0,0.3096296296296296,0.0,0.4853,17.7765,6.0,-4,20.031391224688196,,0.0,0.0,0.0,278.66666666666663,46.11635305220452,optimal
2021-02-11 12:30:00,38,120,1.0712539641311611,0.0,0.0,0.3765333333333334,16.758,6.0,-4,20.01919523502376,,3749.388874459065,0.0,0.0,0.0,45.946138151116855,optimal
2021-02-11 13:00:00,38,120,1.1428571428571428,0.0,0.0,0.3842666666666666,16.422,6.0,-4,20.049803960236808,,4000.0,0.0,0.0,0.0,45.77609346493028,optimal
2021-02-11 13:30:00,38,120,1.1428571428571428,0.0,0.0,0.2988666666666666,16.758,6.0,-4,20.083000321373238,,4000.0,0.0,0.0,0.0,45.60621882342989,optimal
2021-02-11 14:00:00,38,120,0.0,0.0,0.0,1.5571666666666668,29.358,6.0,-4,20.11780391939444,,0.0,0.0,0.0,0.0,45.43651405657099,optimal
2021-02-11 14:30:00,38,120,0.0,0.0,0.0,0.4639,34.9965,6.0,-4,20.110664525441614,,0.0,0.0,0.0,0.0,45.26697899447896,optimal
2021-02-11 15:00:00,38,120,0.0,0.1548148148148148,0.0,0.8398,34.65,6.0,-4,20.09606185399633,,0.0,0.0,0.0,139.33333333333331,45.09761346744902,optimal
2021-02-11 15:30:00,38,120,0.0,0.0,0.0,1.1463,34.9965,6.0,-4,20.079968426092403,,0.0,0.0,0.0,0.0,44.92841730594611,optimal
2021-02-11 16:00:00,38,120,0.0,0.0774074074074074,0.0,0.4918,34.9965,6.0,-4,20.06233215237214,,0.0,0.0,0.0,69.66666666666666,44.7593903406047,optimal
2021-02-11 16:30:00,38,120,0.0,0.1548148148148148,0.0,0.5258999999999999,30.4815,6.0,-4,20.04104242971538,,0.0,0.0,0.0,139.33333333333331,44.59053240222864,optimal
2021-02-11 17:00:00,38,120,0.0,0.0,0.0,1.8766666666666667,21.4305,6.0,-4,20.019553380643448,,0.0,0.0,0.0,0.0,44.42184332179095,optimal
2021-02-11 17:30:00,38,120,0.6485305502464582,0.387037037037037,0.0,0.3273999999999999,14.3325,6.0,-4,20.0,,2269.856925862604,0.0,0.0,348.3333333333333,44.25332293043369,optimal
2021-02-11 18:00:00,38,120,1.1428571428571428,0.1548148148148148,0.0,0.4031333333333333,13.692,6.0,-4,20.0,,4000.0,0.0,0.0,139.33333333333331,44.0849710594678,optimal
2021-02-11 18:30:00,38,120,0.2837181995635378,0.6966666666666667,0.0,0.4274,14.007,6.0,-4,20.019401616201947,,993.0136984723822,0.0,0.0,627.0,43.91678754037287,optimal
2021-02-11 19:00:00,38,120,1.1428571428571428,0.0,0.0,0.177,12.873,6.0,-4,20.000496585287426,,4000.0,0.0,0.0,0.0,43.74877220479703,optimal
2021-02-11 19:30:00,38,120,1.1428571428571428,0.0,0.0,0.075,12.684,6.0,-4,20.005607013720702,,4000.0,0.0,0.0,0.0,43.580924884556765,optimal
2021-02-11 20:00:00,38,120,1.1428571428571428,0.0,0.0,0.075,12.306,6.0,-4,20.003594537074164,,4000.0,0.0,0.0,0.0,43.41324541163674,optimal
2021-02-11 20:30:00,38,120,0.0,0.0,0.0,0.1326,10.6365,6.0,-4,20.0,,0.0,0.0,0.0,0.0,43.24573361818965,optimal
2021-02-11 21:00:00,38,120,0.0,0.0,0.0,0.075,11.2455,6.0,-4,19.948583175659703,,0.0,0.0,0.0,0.0,43.07838933653599,optimal
2021-02-11 21:30:00,38,120,0.0,0.0774074074074074,0.0,0.6145,11.2455,6.0,-4,19.896764841721907,,0.0,0.0,0.0,69.66666666666666,43.035310947199456,optimal
2021-02-11 22:00:00,38,120,0.0,0.1548148148148148,0.0,1.8405,11.025,6.0,-4,19.857035763985625,,0.0,0.0,0.0,139.33333333333331,42.99227563625226,optimal
2021-02-11 22:30:00,38,120,0.0,0.2322222222222222,0.0,2.5498000000000003,12.0855,6.0,-4,19.821210292070457,,0.0,0.0,0.0,209.0,42.94928336061601,optimal
2021-02-11 23:00:00,38,120,0.0,0.0,0.0,1.082566666666667,11.6865,6.0,-4,19.78690167439161,,0.0,0.0,0.0,0.0,42.906334077255394,optimal
2021-02-11 23:30:00,38,120,0.0,0.3096296296296296,0.0,0.4329666666666666,11.2245,6.0,-4,19.748196030755263,,0.0,0.0,0.0,278.66666666666663,42.863427743178136,optimal
2021-02-12 00:00:00,38,120,1.1428571428571428,0.0,2.196936168690229,0.045,10.059,6.0,-5,19.748196030755263,,4000.0,0.0,0.0,0.0,43.864108995562816,optimal
2021-02-12 00:30:00,38,120,1.1428571428571428,0.0,0.0,0.045,10.584,6.0,-5,19.74676774963914,,4000.0,0.0,0.0,0.0,43.82024488656725,optimal
2021-02-12 01:00:00,38,120,1.1428571428571428,0.0,5.0,0.0735333333333333,9.4185,6.0,-5,19.745342300180116,,4000.0,0.0,0.0,0.0,46.15142464168068,optimal
2021-02-12 01:30:00,38,120,1.1428571428571428,0.0,0.0,0.0806666666666666,10.3635,6.0,-5,19.744267279624392,,4000.0,0.0,0.0,0.0,46.10527321703899,optimal
2021-02-12 02:00:00,38,120,1.1428571428571428,0.0,5.0,0.045,9.8385,6.0,-5,19.743479547365677,,4000.0,0.0,0.0,0.0,48.434167943821954,optimal
2021-02-12 02:30:00,38,120,1.1428571428571428,0.0,0.0,0.1092,11.067,6.0,-5,19.742457129546622,,4000.0,0.0,0.0,0.0,48.38573377587813,optimal
2021-02-12 03:00:00,38,120,1.1428571428571428,0.0,0.0,0.045,10.8465,6.0,-5,19.742813614028915,,4000.0,0.0,0.0,0.0,48.33734804210225,optimal
2021-02-12 03:30:00,38,120,1.1428571428571428,0.0,0.0,0.045,13.671,6.0,-5,19.742982054181383,,4000.0,0.0,0.0,0.0,48.28901069406015,optimal
2021-02-12 04:00:00,38,120,1.1428571428571428,0.0,0.0,0.0735333333333333,12.348,6.0,-5,19.744537954393607,,4000.0,0.0,0.0,0.0,48.24072168336608,optimal
2021-02-12 04:30:00,38,120,1.1428571428571428,0.0,0.0,0.0806666666666666,14.3325,6.0,-5,19.74782616679895,,4000.0,0.0,0.0,0.0,48.19248096168271,optimal
2021-02-12 05:00:00,38,120,1.1428571428571428,0.0,0.0,0.045,15.393,6.0,-5,19.75258255483449,,4000.0,0.0,0.0,0.0,48.144288480721016,optimal
2021-02-12 05:30:00,38,120,1.1428571428571428,0.0,0.0,0.1092,13.587,6.0,-5,19.758282803459515,,4000.0,0.0,0.0,0.0,48.096144192240295,optimal
2021-02-12 06:00:00,38,120,1.1428571428571428,0.0,0.0,0.0549333333333333,16.1385,6.0,-5,19.76633990770773,,4000.0,0.0,0.0,0.0,48.048048048048045,optimal
2021-02-12 06:30:00,38,120,1.1428571428571428,0.4644444444444444,0.0,0.0873,14.595,6.0,-5,19.77675406790201,,4000.0,0.0,0.0,418.0,48.0,optimal
2021-02-12 07:00:00,38,120,1.1428571428571428,0.3096296296296296,0.0,0.0883,14.637,6.0,-5,19.789486275360613,,4000.0,0.0,0.0,278.66666666666663,47.346405422971785,optimal
2021-02-12 07:30:00,38,120,1.1428571428571428,16.45772976133746,0.0,1.4557,13.9125,6.0,-5,19.79950590567074,,4000.0,14811.956785203714,0.0,0.0,46.6934644405206,optimal
2021-02-12 08:00:00,38,120,1.1428571428571428,3.447725925925926,0.0,0.1651666666666666,13.3665,6.0,-5,20.0,,4000.0,0.0,0.0,3102.9533333333334,46.04117639905186,optimal
2021-02-12 08:30:00,38,120,1.1428571428571428,0.2678296296296296,0.0,1.561766666666667,13.0095,6.0,-5,20.007176294063168,,4000.0,0.0,0.0,241.04666666666665,45.3895406456246,optimal
2021-02-12 09:00:00,38,120,1.1428571428571428,0.0,0.0,0.1769333333333333,13.8915,6.0,-5,20.014901207629297,,4000.0,0.0,0.0,0.0,44.73855652795076,optimal
2021-02-12 09:30:00,38,120,1.1428571428571428,0.0,0.0,0.1412666666666666,13.188,6.0,-5,20.01939338070996,,4000.0,0.0,0.0,0.0,44.0882233943946,optimal
2021-02-12 10:00:00,38,120,1.1428571428571428,0.0,0.0,0.2266,12.5685,6.0,-5,20.027803782494907,,4000.0,0.0,0.0,0.0,43.43854059397199,optimal
2021-02-12 10:30:00,38,120,1.1428571428571428,0.0,0.0,0.1925,12.285,6.0,-5,20.04454972768537,,4000.0,0.0,0.0,0.0,42.7895074763498,optimal
2021-02-12 11:00:00,38,120,1.1428571428571428,0.0,0.0,0.1192,11.487,6.0,-5,20.06134672940227,,4000.0,0.0,0.0,0.0,42.141123391845234,optimal
2021-02-12 11:30:00,38,120,1.1428571428571428,0.0,0.0,0.055,11.802,6.0,-5,20.08212954715657,,4000.0,0.0,0.0,0.0,41.49338769142518,optimal
2021-02-12 12:00:00,38,120,1.1428571428571428,0.0,0.0,0.0585666666666666,11.2245,6.0,-5,20.10218818337596,,4000.0,0.0,0.0,0.0,40.84629972670554,optimal
2021-02-12 12:30:00,38,120,1.1428571428571428,0.0,0.0,0.1156333333333333,11.025,6.0,-5,20.123383677103373,,4000.0,0.0,0.0,0.0,40.19985884995062,optimal
2021-02-12 13:00:00,38,120,1.1428571428571428,0.0,0.0,0.0955999999999999,11.907,6.0,-5,20.145331483295458,,4000.0,0.0,0.0,0.0,39.55406441407246,optimal
2021-02-12 13:30:00,38,120,0.0,0.0,0.0,0.0971333333333333,25.83,6.0,-5,20.170128660617745,,0.0,0.0,0.0,0.0,38.90891577263017,optimal
2021-02-12 14:00:00,38,120,0.0,0.0,0.0,0.0764,28.035,6.0,-5,20.14427438065713,,0.0,0.0,0.0,0.0,38.26441227982933,optimal
2021-02-12 14:30:00,38,120,0.0,0.0,0.0,0.0871,28.119,6.0,-5,20.11580358168957,,0.0,0.0,0.0,0.0,37.620553290521286,optimal
2021-02-12 15:00:00,38,120,0.0,0.0,0.0,0.0857666666666666,30.156,6.0,-5,20.08732132265709,,0.0,0.0,0.0,0.0,36.97733816020255,optimal
2021-02-12 15:30:00,38,120,0.0,0.0774074074074074,0.0,0.1477666666666666,29.1585,6.0,-5,20.058809575021566,,0.0,0.0,0.0,69.66666666666666,36.33476624501413,optimal
2021-02-12 16:00:00,38,120,0.0,0.1548148148148148,0.0,0.1099666666666666,26.712,6.0,-5,20.032637189584825,,0.0,0.0,0.0,139.33333333333331,35.692836901740904,optimal
2021-02-12 16:30:00,38,120,0.6181559364411449,0.0,0.0,0.0803,15.435,6.0,-5,20.002785341272297,,2163.545777544007,0.0,0.0,0.0,35.05154948781095,optimal
2021-02-12 17:00:00,38,120,0.6669941104215139,0.6192592592592592,0.0,0.2332333333333333,13.566,6.0,-5,20.0,,2334.4793864752987,0.0,0.0,557.3333333333333,34.41090336129493,optimal
2021-02-12 17:30:00,38,120,0.896509194686377,0.0,0.0,0.2229,12.789,6.0,-5,20.0,,3137.78218140232,0.0,0.0,0.0,33.770897880905416,optimal
2021-02-12 18:00:00,38,120,1.1428571428571428,0.387037037037037,0.0,0.2935666666666666,12.1275,6.0,-5,20.008685548523683,,4000.0,0.0,0.0,348.3333333333333,33.131532405996296,optimal
2021-02-12 18:30:00,38,120,0.0,0.387037037037037,0.0,0.3049,13.671,6.0,-5,20.02839647475877,,0.0,0.0,0.0,348.3333333333333,32.49280629656209,optimal
2021-02-12 19:00:00,38,120,1.1428571428571428,0.5418518518518518,0.0,0.3451,10.668,6.0,-5,20.0,,4000.0,0.0,0.0,487.6666666666667,31.85471891323732,optimal
2021-02-12 19:30:00,38,120,0.1295963778831493,0.1548148148148148,0.0,0.3544333333333333,11.7285,6.0,-5,20.020737565887035,,453.5873225910228,0.0,0.0,139.33333333333331,31.82286419432408,optimal
2021-02-12 20:00:00,38,120,0.6617859069435517,0.0,0.0,0.3063333333333333,11.025,6.0,-5,20.0,,2316.250674302431,0.0,0.0,0.0,31.791041330129755,optimal
2021-02-12 20:30:00,38,120,0.0,0.0,0.0,0.5675333333333333,10.689,6.0,-5,20.0,,0.0,0.0,0.0,0.0,31.759250288799624,optimal
2021-02-12 21:00:00,38,120,0.0,0.2322222222222222,0.0,0.6671,8.1585,6.0,-5,19.97269211898682,,0.0,0.0,0.0,209.0,31.727491038510824,optimal
2021-02-12 21:30:00,38,120,0.0,0.0,0.0,0.3517,10.3635,6.0,-5,19.948300686890786,,0.0,0.0,0.0,0.0,31.695763547472318,optimal
2021-02-12 22:00:00,38,120,0.0,0.0,0.0,0.3035,10.8045,6.0,-5,19.918695697308024,,0.0,0.0,0.0,0.0,31.664067783924843,optimal
2021-02-12 22:30:00,38,120,0.0,0.0,0.0,0.1844333333333333,11.025,6.0,-5,19.886648005419804,,0.0,0.0,0.0,0.0,31.63240371614092,optimal
2021-02-12 23:00:00,38,120,0.0,0.0,0.0,0.055,10.3635,6.0,-5,19.851295838270463,,0.0,0.0,0.0,0.0,31.600771312424776,optimal
2021-02-12 23:30:00,38,120,0.0,0.0,0.0,0.0506666666666666,10.8045,6.0,-5,19.81401869727189,,0.0,0.0,0.0,0.0,31.56917054111235,optimal
2021-02-13 00:00:00,38,120,1.1428571428571428,0.0,0.0,0.061,9.5655,6.0,2,19.81401869727189,,4000.0,0.0,0.0,0.0,31.53760137057124,optimal
2021-02-13 00:30:00,38,120,1.1428571428571428,0.0,5.0,0.061,7.056,6.0,2,19.82572513214644,,4000.0,0.0,0.0,0.0,33.881063769200665,optimal
2021-02-13 01:00:00,38,120,1.1428571428571428,0.0,0.6307487476618091,0.061,9.3975,6.0,2,19.837507486421035,,4000.0,0.0,0.0,0.0,34.146788360570824,optimal
2021-02-13 01:30:00,38,120,1.1428571428571428,0.0,0.0,0.061,10.059,6.0,2,19.84936560958069,,4000.0,0.0,0.0,0.0,34.112641572210244,optimal
2021-02-13 02:00:00,38,120,1.1428571428571428,0.0,5.0,0.061,9.261,6.0,2,19.86129935140884,,4000.0,0.0,0.0,0.0,36.45352893063803,optimal
2021-02-13 02:30:00,38,120,1.1428571428571428,0.0,5.0,0.061,8.1585,6.0,2,19.873308561986704,,4000.0,0.0,0.0,0.0,38.79207540170739,optimal
2021-02-13 03:00:00,38,120,1.1428571428571428,0.0,0.0,0.061,9.4815,6.0,2,19.88529396354968,,4000.0,0.0,0.0,0.0,38.75328332630568,optimal
2021-02-13 03:30:00,38,120,1.1428571428571428,0.0,5.0,0.061,8.379,6.0,2,19.897255603300643,,4000.0,0.0,0.0,0.0,41.089530042979376,optimal
2021-02-13 04:00:00,38,120,1.1428571428571428,0.0,0.0,0.061,9.5235,6.0,2,19.90909440020581,,4000.0,0.0,0.0,0.0,41.0484405129364,optimal
2021-02-13 04:30:00,38,120,1.1428571428571428,0.0,5.0,0.0703333333333333,8.1375,6.0,2,19.920810597808835,,4000.0,0.0,0.0,0.0,43.38239207242345,optimal
2021-02-13 05:00:00,38,120,1.1428571428571428,0.0,0.0,0.071,10.0905,6.0,2,19.932305311027484,,4000.0,0.0,0.0,0.0,43.33900968035103,optimal
2021-02-13 05:30:00,38,120,1.1428571428571428,0.0,5.0,0.071,7.539,6.0,2,19.943578978968468,,4000.0,0.0,0.0,0.0,45.670670670670674,optimal
2021-02-13 06:00:00,38,120,1.1428571428571428,1.935185185185185,5.0,2.583333333333333,7.938,6.0,2,19.954632039867946,,4000.0,0.0,0.0,1741.6666666666667,48.0,optimal
2021-02-13 06:30:00,38,120,1.1428571428571428,1.7432148148148148,0.0,0.0593333333333333,8.274,6.0,2,19.97171366101376,,4000.0,0.0,0.0,1568.8933333333334,47.73059301500815,optimal
2021-02-13 07:00:00,38,120,1.1428571428571428,4.139748148148148,0.0,0.069,9.261,6.0,2,19.98441917848198,,4000.0,0.0,0.0,3725.7733333333335,47.46145543700128,optimal
2021-02-13 07:30:00,38,120,1.1428571428571428,1.2385185185185184,0.0,2.591333333333333,9.9225,6.0,2,19.99767284366633,,4000.0,0.0,0.0,1114.6666666666663,47.19258699657243,optimal
2021-02-13 08:00:00,38,120,1.1428571428571428,0.0,0.0,0.071,9.702,6.0,2,20.01572074075742,,4000.0,0.0,0.0,0.0,46.923987424584006,optimal
2021-02-13 08:30:00,38,120,1.1428571428571428,0.0,0.0,0.071,10.584,6.0,2,20.02306299858773,,4000.0,0.0,0.0,0.0,46.65565645216757,optimal
2021-02-13 09:00:00,38,120,1.1428571428571428,0.0,0.0,0.1761,10.143,6.0,2,20.030489828073414,,4000.0,0.0,0.0,0.0,46.38759381072355,optimal
2021-02-13 09:30:00,38,120,1.1428571428571428,0.1548148148148148,0.0,2.5405,13.0095,6.0,2,20.04411257293088,,4000.0,0.0,0.0,139.33333333333331,46.11979923192098,optimal
2021-02-13 10:00:00,38,120,1.1428571428571428,3.638148148148148,0.0,2.202333333333333,11.025,6.0,2,20.061794655614744,,4000.0,0.0,0.0,3274.333333333333,45.8522724476972,optimal
2021-02-13 10:30:00,38,120,1.1428571428571428,0.3096296296296296,0.0,4.6376,12.789,6.0,2,20.083416423872112,,4000.0,0.0,0.0,278.66666666666663,45.585013190257655,optimal
2021-02-13 11:00:00,38,120,1.1428571428571428,0.0,0.0,0.5063333333333333,12.1275,6.0,2,20.107900291050424,,4000.0,0.0,0.0,0.0,45.31802119207555,optimal
2021-02-13 11:30:00,38,120,1.1428571428571428,0.0,0.0,2.4241666666666664,12.1695,6.0,2,20.13132598041508,,4000.0,0.0,0.0,0.0,45.05129618589162,optimal
2021-02-13 12:00:00,38,120,1.1428571428571428,0.0,0.0,0.2555,12.306,6.0,2,20.15316948455967,,4000.0,0.0,0.0,0.0,44.78483790471388,optimal
2021-02-13 12:30:00,38,120,0.0,0.0,0.0,1.5059,13.23,6.0,2,20.172915188162648,,0.0,0.0,0.0,0.0,44.51864608181732,optimal
2021-02-13 13:00:00,38,120,0.0,0.387037037037037,0.0,0.248,13.671,6.0,2,20.148959991839583,,0.0,0.0,0.0,348.3333333333333,44.252720450743645,optimal
2021-02-13 13:30:00,38,120,0.0,0.2322222222222222,0.0,0.2702,13.9335,6.0,2,20.12284498414665,,0.0,0.0,0.0,209.0,43.98706074530105,optimal
2021-02-13 14:00:00,38,120,0.3316879622756986,0.0,0.0,0.2066,13.293,6.0,2,20.09757604883063,,1160.907867964945,0.0,0.0,0.0,43.7216666995639,optimal
2021-02-13 14:30:00,38,120,1.1428571428571428,0.2322222222222222,0.0,2.811833333333333,12.1065,6.0,2,20.08321721164614,,4000.0,0.0,0.0,209.0,43.456538047872485,optimal
2021-02-13 15:00:00,38,120,1.1428571428571428,0.0774074074074074,0.0,0.214,11.571,6.0,2,20.110346761144427,,4000.0,0.0,0.0,69.66666666666666,43.19167452483276,optimal
2021-02-13 15:30:00,38,120,1.1428571428571428,0.3096296296296296,0.0,0.1251,11.025,6.0,2,20.131681016207835,,4000.0,0.0,0.0,278.66666666666663,42.92707586531608,optimal
2021-02-13 16:00:00,38,120,1.1428571428571428,0.1548148148148148,0.0,0.0814,10.8465,6.0,2,20.154157008361796,,4000.0,0.0,0.0,139.33333333333331,42.66274180445891,optimal
2021-02-13 16:30:00,38,120,1.1428571428571428,0.0774074074074074,0.0,0.2137333333333333,11.2455,6.0,2,20.175348693738947,,4000.0,0.0,0.0,69.66666666666666,42.3986720776626,optimal
2021-02-13 17:00:00,38,120,0.0,1.2385185185185184,0.0,0.2026666666666666,23.8665,6.0,2,20.19595219021292,,0.0,0.0,0.0,1114.6666666666663,42.13486642059309,optimal
2021-02-13 17:30:00,38,120,0.0,0.387037037037037,0.0,3.8870666666666662,27.4575,6.0,2,20.165310034910224,,0.0,0.0,0.0,348.3333333333333,41.87132456918064,optimal
2021-02-13 18:00:00,38,120,0.0,2.012592592592592,0.0,4.116766666666666,27.3735,6.0,2,20.145293270524697,,0.0,0.0,0.0,1811.333333333333,41.60804625961961,optimal
2021-02-13 18:30:00,38,120,0.0,0.4644444444444444,0.0,1.4817,30.4605,6.0,2,20.121740046755185,,0.0,0.0,0.0,418.0,41.34503122836814,optimal
2021-02-13 19:00:00,38,120,0.0,0.1548148148148148,0.0,0.0765999999999999,30.0195,6.0,2,20.09241693265703,,0.0,0.0,0.0,139.33333333333331,41.08227921214792,optimal
2021-02-13 19:30:00,38,120,0.0,0.387037037037037,0.0,0.3315666666666667,26.9325,6.0,2,20.058501177039776,,0.0,0.0,0.0,348.3333333333333,40.81978994794392,optimal
2021-02-13 20:00:00,38,120,0.0,0.2322222222222222,0.0,0.303,14.595,6.0,2,20.02982649375561,,0.0,0.0,0.0,209.0,40.55756317300413,optimal
2021-02-13 20:30:00,38,120,0.0,0.3096296296296296,0.0,1.4431666666666667,12.4845,6.0,2,20.0,,0.0,0.0,0.0,278.66666666666663,40.29559862483927,optimal
2021-02-13 21:00:00,38,120,0.0,0.0,0.0,1.1804,12.1275,6.0,2,19.979211838259545,,0.0,0.0,0.0,0.0,40.03389604122258,optimal
2021-02-13 21:30:00,38,120,0.0,0.1548148148148148,0.0,2.9946666666666664,12.1275,6.0,2,19.95439111478057,,0.0,0.0,0.0,139.33333333333331,39.77245516018951,optimal
2021-02-13 22:00:00,38,120,0.0,0.774074074074074,0.0,3.5599000000000003,12.789,6.0,2,19.929736911434464,,0.0,0.0,0.0,696.6666666666666,39.73268270502932,optimal
2021-02-13 22:30:00,38,120,0.0,0.0,0.0,1.7963333333333331,11.907,6.0,2,19.90594390076584,,0.0,0.0,0.0,0.0,39.69295002232429,optimal
2021-02-13 23:00:00,38,120,0.0,0.0,0.0,0.071,11.025,6.0,2,19.878380769070368,,0.0,0.0,0.0,0.0,39.65325707230197,optimal
2021-02-13 23:30:00,38,120,0.0,0.0,0.0,0.0663333333333333,8.2005,6.0,2,19.84162674174597,,0.0,0.0,0.0,0.0,39.61360381522967,optimal
2021-02-07 00:00:00,39,120,1.1428571428571428,0.0,1.629037447242273,0.061,5.0715,6.0,-14,21.0,,4000.0,0.0,0.0,0.0,48.72579278744007,optimal
2021-02-07 00:30:00,39,120,1.1428571428571428,0.0,0.0,0.1074,5.5125,6.0,-14,21.01591344687817,,4000.0,0.0,0.0,0.0,48.67706699465263,optimal
2021-02-07 01:00:00,39,120,0.0,0.0,0.0,0.1416,9.261,6.0,-14,21.032669946421837,,0.0,0.0,0.0,0.0,48.62838992765797,optimal
2021-02-07 01:30:00,39,120,0.0,0.0,0.0,0.061,11.7075,6.0,-14,21.00037463445157,,0.0,0.0,0.0,0.0,48.57976153773031,optimal
2021-02-07 02:00:00,39,120,0.0,0.0,0.0,0.185,12.348,6.0,-14,20.96706232496005,,0.0,0.0,0.0,0.0,48.53118177619257,optimal
2021-02-07 02:30:00,39,120,0.0,0.0,0.0,0.061,12.348,6.0,-14,20.93522754163355,,0.0,0.0,0.0,0.0,48.48265059441637,optimal
2021-02-07 03:00:00,39,120,0.0,0.0,0.0,0.185,12.1275,6.0,-14,20.90174700591957,,0.0,0.0,0.0,0.0,48.434167943821954,optimal
2021-02-07 03:30:00,39,120,0.0,0.0,0.0,0.061,12.5265,6.0,-14,20.869645201746607,,0.0,0.0,0.0,0.0,48.38573377587813,optimal
2021-02-07 04:00:00,39,120,0.0,0.0,0.0,0.185,11.7495,6.0,-14,20.835997302714848,,0.0,0.0,0.0,0.0,48.33734804210225,optimal
2021-02-07 04:30:00,39,120,0.0,0.0,0.0,0.061,13.23,6.0,-14,20.803827595175463,,0.0,0.0,0.0,0.0,48.28901069406015,optimal
2021-02-07 05:00:00,39,120,0.0,0.0,0.0,0.092,14.3325,6.0,-14,20.77021105554305,,0.0,0.0,0.0,0.0,48.24072168336608,optimal
2021-02-07 05:30:00,39,120,0.0,0.0,0.0,0.154,14.994,6.0,-14,20.73703881545376,,0.0,0.0,0.0,0.0,48.19248096168271,optimal
2021-02-07 06:00:00,39,120,0.0,0.0,0.0,0.061,14.8155,6.0,-14,20.70468764669592,,0.0,0.0,0.0,0.0,48.144288480721016,optimal
2021-02-07 06:30:00,39,120,0.0,0.0,0.0,0.185,14.112,6.0,-14,20.67126765824344,,0.0,0.0,0.0,0.0,48.096144192240295,optimal
2021-02-07 07:00:00,39,120,0.0,0.0,0.0,0.0683333333333333,14.007,6.0,-14,20.63932540943628,,0.0,0.0,0.0,0.0,48.048048048048045,optimal
2021-02-07 07:30:00,39,120,0.0,0.4644444444444444,0.0,1.0024666666666668,13.23,6.0,-14,20.605836749441792,,0.0,0.0,0.0,418.0,48.0,optimal
2021-02-07 08:00:00,39,120,0.0,0.4644444444444444,0.0,0.348,11.382,6.0,-14,20.575266396547747,,0.0,0.0,0.0,418.0,47.65600219105441,optimal
2021-02-07 08:30:00,39,120,0.0,0.0,0.0,0.1168,11.7495,6.0,-14,20.54583692745882,,0.0,0.0,0.0,0.0,47.31234837991777,optimal
2021-02-07 09:00:00,39,120,0.0,0.0,0.0,0.061,24.3285,6.0,-14,20.50944954151356,,0.0,0.0,0.0,0.0,46.96903822259227,optimal
2021-02-07 09:30:00,39,120,0.0,0.0,0.0,0.1664,28.917,6.0,-14,20.47335712551409,,0.0,0.0,0.0,0.0,46.62607137542409,optimal
2021-02-07 10:00:00,39,120,0.0,0.0,0.0,0.0795999999999999,31.3635,6.0,-14,20.438719412117614,,0.0,0.0,0.0,0.0,46.28344749510308,optimal
2021-02-07 10:30:00,39,120,0.0,0.0,0.0,0.061,33.306,6.0,-14,20.40442000115221,,0.0,0.0,0.0,0.0,45.94116623866239,optimal
2021-02-07 11:00:00,39,120,0.0,0.0,0.0,0.061,31.3425,6.0,-14,20.36976374305495,,0.0,0.0,0.0,0.0,45.59922726347814,optimal
2021-02-07 11:30:00,39,120,0.0,0.0,0.0,0.0982,28.2555,6.0,-14,20.33662594851449,,0.0,0.0,0.0,0.0,45.25763022726908,optimal
2021-02-07 12:00:00,39,120,0.0,0.0,0.0,0.1478,15.6975,6.0,-14,20.30400703490293,,0.0,0.0,0.0,0.0,44.91637478809622,optimal
2021-02-07 12:30:00,39,120,0.0,0.0,0.0,0.061,12.5475,6.0,-14,20.27318802293766,,0.0,0.0,0.0,0.0,44.57546060436254,optimal
2021-02-07 13:00:00,39,120,0.0,0.0,0.0,0.1928333333333332,12.0855,6.0,-14,20.24137268420861,,0.0,0.0,0.0,0.0,44.23488733481259,optimal
2021-02-07 13:30:00,39,120,0.0,0.0,0.0,0.3092,11.907,6.0,-14,20.21129694624246,,0.0,0.0,0.0,0.0,43.8946546385322,optimal
2021-02-07 14:00:00,39,120,0.0,0.0,0.0,0.185,12.5685,6.0,-14,20.183500097260534,,0.0,0.0,0.0,0.0,43.55476217494808,optimal
2021-02-07 14:30:00,39,120,0.0,0.0,0.0,0.061,13.146,6.0,-14,20.152957472210566,,0.0,0.0,0.0,0.0,43.21520960382754,optimal
2021-02-07 15:00:00,39,120,0.0,0.0,0.0,0.1143333333333333,10.584,6.0,-14,20.12106391741732,,0.0,0.0,0.0,0.0,42.87599658527812,optimal
2021-02-07 15:30:00,39,120,1.1428571428571428,0.0,0.0,0.2555,6.678,6.0,-14,20.09158923565809,,4000.0,0.0,0.0,0.0,42.53712277974726,optimal
2021-02-07 16:00:00,39,120,0.0,0.3096296296296296,0.0,0.5161,7.938,6.0,-14,20.11431450131045,,0.0,0.0,0.0,278.66666666666663,42.19858784802192,optimal
2021-02-07 16:30:00,39,120,1.1428571428571428,0.0,0.0,0.0672,5.292,6.0,-14,20.090055409856312,,4000.0,0.0,0.0,0.0,41.86039145122832,optimal
2021-02-07 17:00:00,39,120,0.0,0.0,0.0,0.1473333333333333,9.261,6.0,-14,20.10540239508623,,0.0,0.0,0.0,0.0,41.5225332508315,optimal
2021-02-07 17:30:00,39,120,0.0,0.0,0.0,0.2871333333333333,10.3635,6.0,-14,20.07151513154192,,0.0,0.0,0.0,0.0,41.18501290863508,optimal
2021-02-07 18:00:00,39,120,0.0,0.0774074074074074,0.0,0.3905333333333333,8.274,6.0,-14,20.041712066438254,,0.0,0.0,0.0,69.66666666666666,40.84783008678086,optimal
2021-02-07 18:30:00,39,120,0.2668099946511103,0.387037037037037,0.0,0.4843,7.7175,6.0,-14,20.01403398375659,,933.8349812788862,0.0,0.0,348.3333333333333,40.51098444774849,optimal
2021-02-07 19:00:00,39,120,0.527310810774494,0.5418518518518518,0.0,0.613,6.615,6.0,-14,20.0,,1845.5878377107288,0.0,0.0,487.6666666666667,40.47047346330074,optimal
2021-02-07 19:30:00,39,120,0.575120334583995,0.0774074074074074,0.0,0.4851999999999999,6.174,6.0,-14,20.0,,2012.9211710439824,0.0,0.0,69.66666666666666,40.43000298983744,optimal
2021-02-07 20:00:00,39,120,0.6113870012506304,0.0,0.0,0.4126,3.906,6.0,-14,20.0,,2139.8545043772065,0.0,0.0,0.0,40.3895729868476,optimal
2021-02-07 20:30:00,39,120,0.0,0.0774074074074074,0.0,0.6821333333333334,2.3415,6.0,-14,20.0,,0.0,0.0,0.0,69.66666666666666,40.34918341386076,optimal
2021-02-07 21:00:00,39,120,0.0,0.1548148148148148,0.0,0.4182666666666667,2.205,6.0,-14,19.97709400409926,,0.0,0.0,0.0,139.33333333333331,40.3088342304469,optimal
2021-02-07 21:30:00,39,120,0.0,0.0,0.0,0.3212666666666666,0.882,6.0,-14,19.951321750573843,,0.0,0.0,0.0,0.0,40.26852539621645,optimal
2021-02-07 22:00:00,39,120,0.0,0.3096296296296296,0.0,0.4139,1.5435,6.0,-14,19.924582960423347,,0.0,0.0,0.0,278.66666666666663,40.22825687082024,optimal
2021-02-07 22:30:00,39,120,0.0,0.5418518518518518,0.0,1.368,1.5435,6.0,-14,19.89817047217161,,0.0,0.0,0.0,487.6666666666667,40.18802861394942,optimal
2021-02-07 23:00:00,39,120,0.0,0.0,0.0,0.2989333333333333,5.0715,6.0,-14,19.87260317523554,,0.0,0.0,0.0,0.0,40.14784058533547,optimal
2021-02-07 23:30:00,39,120,0.0,0.0,0.0,0.2370666666666666,5.376,6.0,-14,19.84595222848693,,0.0,0.0,0.0,0.0,40.10769274475014,optimal
2021-02-08 00:00:00,39,120,1.1428571428571428,0.0,3.1927356336045496,0.049,5.5755,6.0,-5,19.84595222848693,,4000.0,0.0,0.0,0.0,41.584134477967545,optimal
2021-02-08 00:30:00,39,120,1.1428571428571428,0.0,5.0,0.1581999999999999,5.0925,6.0,-5,19.86102874226905,,4000.0,0.0,0.0,0.0,43.91755034348957,optimal
2021-02-08 01:00:00,39,120,1.1428571428571428,0.0,5.0,0.049,4.1895,6.0,-5,19.87740567779553,,4000.0,0.0,0.0,0.0,46.24863279314608,optimal
2021-02-08 01:30:00,39,120,1.1428571428571428,0.0,0.0,0.049,7.056,6.0,-5,19.89241983313719,,4000.0,0.0,0.0,0.0,46.20238416035293,optimal
2021-02-08 02:00:00,39,120,1.1428571428571428,0.0,5.0,0.1581999999999999,5.271,6.0,-5,19.90730509382901,,4000.0,0.0,0.0,0.0,48.53118177619257,optimal
2021-02-08 02:30:00,39,120,1.1428571428571428,0.0,0.0,0.049,7.938,6.0,-5,19.92339202729339,,4000.0,0.0,0.0,0.0,48.48265059441637,optimal
2021-02-08 03:00:00,39,120,1.1428571428571428,0.0,0.0,0.1426,7.938,6.0,-5,19.938215883663336,,4000.0,0.0,0.0,0.0,48.434167943821954,optimal
2021-02-08 03:30:00,39,120,1.1428571428571428,0.0,0.0,0.0645999999999999,11.907,6.0,-5,19.95424974627553,,4000.0,0.0,0.0,0.0,48.38573377587813,optimal
2021-02-08 04:00:00,39,120,1.1428571428571428,0.0,0.0,0.049,11.025,6.0,-5,19.96920246983221,,4000.0,0.0,0.0,0.0,48.33734804210225,optimal
2021-02-08 04:30:00,39,120,1.1428571428571428,0.0,0.0,0.1348,11.2875,6.0,-5,19.983836375977056,,4000.0,0.0,0.0,0.0,48.28901069406015,optimal
2021-02-08 05:00:00,39,120,1.1428571428571428,0.0,0.0,0.0724,12.936,6.0,-5,19.99928825824601,,4000.0,0.0,0.0,0.0,48.24072168336608,optimal
2021-02-08 05:30:00,39,120,1.1428571428571428,0.0,0.0,0.049,13.0095,6.0,-5,20.01375107168339,,4000.0,0.0,0.0,0.0,48.19248096168271,optimal
2021-02-08 06:00:00,39,120,1.1428571428571428,0.0,0.0,0.1581999999999999,13.671,6.0,-5,20.027801016709336,,4000.0,0.0,0.0,0.0,48.144288480721016,optimal
2021-02-08 06:30:00,39,120,1.1428571428571428,0.0,0.0,0.0476666666666666,13.188,6.0,-5,20.043054290573664,,4000.0,0.0,0.0,0.0,48.096144192240295,optimal
2021-02-08 07:00:00,39,120,1.0906524073745043,0.3096296296296296,0.0,0.125,13.8495,6.0,-5,20.0595929718477,,3817.2834258107646,0.0,0.0,278.66666666666663,48.048048048048045,optimal
2021-02-08 07:30:00,39,120,1.1428571428571428,0.8514814814814814,0.0,0.2072,13.23,6.0,-5,20.07898380210405,,4000.0,0.0,0.0,766.3333333333333,48.0,optimal
2021-02-08 08:00:00,39,120,1.1428571428571428,0.2322222222222222,0.0,1.3559666666666668,13.3665,6.0,-5,20.106147393303207,,4000.0,0.0,0.0,209.0,47.92195069693095,optimal
2021-02-08 08:30:00,39,120,1.1428571428571428,0.0,0.0,0.1581999999999999,13.0515,6.0,-5,20.12831251998766,,4000.0,0.0,0.0,0.0,47.84397944316497,optimal
2021-02-08 09:00:00,39,120,1.1428571428571428,0.0,0.0,0.0566666666666666,13.5345,6.0,-5,20.1403288869382,,4000.0,0.0,0.0,0.0,47.76608616065276,optimal
2021-02-08 09:30:00,39,120,0.0,0.0,0.0,0.059,14.154,6.0,-5,20.15240856019824,,0.0,0.0,0.0,0.0,47.688270771423056,optimal
2021-02-08 10:00:00,39,120,0.0,0.0,0.0,0.1641999999999999,14.112,6.0,-5,20.11603229625789,,0.0,0.0,0.0,0.0,47.61053319758258,optimal
2021-02-08 10:30:00,39,120,0.0,0.0,0.0,0.049,14.2485,6.0,-5,20.083908649190377,,0.0,0.0,0.0,0.0,47.53287336131595,optimal
2021-02-08 11:00:00,39,120,1.1428571428571428,5.495925925925925,0.0,0.6842,12.789,6.0,-5,20.050220992962643,,4000.0,0.0,0.0,4946.333333333333,47.45529118488559,optimal
2021-02-08 11:30:00,39,120,1.1428571428571428,0.1548148148148148,0.0,0.2596,13.0095,6.0,-5,20.07533441257406,,4000.0,0.0,0.0,139.33333333333331,47.37778659063165,optimal
2021-02-08 12:00:00,39,120,1.1428571428571428,0.0,0.0,0.205,12.1275,6.0,-5,20.09814289743558,,4000.0,0.0,0.0,0.0,47.30035950097197,optimal
2021-02-08 12:30:00,39,120,1.1428571428571428,0.0774074074074074,0.0,0.5071,12.348,6.0,-5,20.121035262431366,,4000.0,0.0,0.0,69.66666666666666,47.22300983840195,optimal
2021-02-08 13:00:00,39,120,1.1428571428571428,0.0774074074074074,0.0,0.4468,12.348,6.0,-5,20.14769102878536,,4000.0,0.0,0.0,69.66666666666666,47.145737525494496,optimal
2021-02-08 13:30:00,39,120,0.0,0.0774074074074074,0.0,0.8947999999999999,25.389,6.0,-5,20.17363272614664,,0.0,0.0,0.0,69.66666666666666,47.06854248489995,optimal
2021-02-08 14:00:00,39,120,0.0,0.0,0.0,0.6160666666666668,29.1375,6.0,-5,20.158301281768008,,0.0,0.0,0.0,0.0,46.991424639346,optimal
2021-02-08 14:30:00,39,120,0.0,0.0,0.0,0.059,30.597,6.0,-5,20.14383893589156,,0.0,0.0,0.0,0.0,46.91438391163761,optimal
2021-02-08 15:00:00,39,120,0.0,0.0,0.0,0.1682,33.684,6.0,-5,20.114707536242253,,0.0,0.0,0.0,0.0,46.83742022465693,optimal
2021-02-08 15:30:00,39,120,0.0,0.0,0.0,0.059,32.445,6.0,-5,20.08463103979973,,0.0,0.0,0.0,0.0,46.76053350136322,optimal
2021-02-08 16:00:00,39,120,0.0,0.0,0.0,0.3922666666666666,28.917,6.0,-5,20.05338298816447,,0.0,0.0,0.0,0.0,46.68372366479281,optimal
2021-02-08 16:30:00,39,120,0.0,0.0,0.0,0.4009,15.876,6.0,-5,20.026320177573496,,0.0,0.0,0.0,0.0,46.60699063805897,optimal
2021-02-08 17:00:00,39,120,0.6466261245717958,0.1548148148148148,0.0,0.5733666666666667,12.348,6.0,-5,20.0,,2263.191436001285,0.0,0.0,139.33333333333331,46.53033434435186,optimal
2021-02-08 17:30:00,39,120,0.987472441687499,0.2322222222222222,0.0,1.5554666666666668,12.1275,6.0,-5,20.0,,3456.1535459062466,0.0,0.0,209.0,46.45375470693845,optimal
2021-02-08 18:00:00,39,120,0.0,0.0,0.0,0.6400333333333333,12.348,6.0,-5,20.02071177802945,,0.0,0.0,0.0,0.0,46.37725164916247,optimal
2021-02-08 18:30:00,39,120,0.6081446543347019,1.7803703703703702,0.0,0.2841666666666667,12.1275,6.0,-5,20.0,,2128.5062901714564,0.0,0.0,1602.3333333333333,46.30082509444426,optimal
2021-02-08 19:00:00,39,120,0.5378483588590095,0.6966666666666667,0.0,0.5087333333333334,12.1275,6.0,-5,20.0,,1882.4692560065328,0.0,0.0,627.0,46.224474966280766,optimal
2021-02-08 19:30:00,39,120,0.5639753405242262,0.0,0.0,0.5793666666666667,11.2665,6.0,-5,20.0,,1973.9136918347915,0.0,0.0,0.0,46.14820118824544,optimal
2021-02-08 20:00:00,39,120,0.5691499412370333,0.0,0.0,0.4101333333333333,10.143,6.0,-5,20.0,,1992.0247943296165,0.0,0.0,0.0,46.07200368398814,optimal
2021-02-08 20:30:00,39,120,0.0,0.0,0.0,0.5261666666666667,11.2455,6.0,-5,20.0,,0.0,0.0,0.0,0.0,46.02593168030416,optimal
2021-02-08 21:00:00,39,120,0.0,0.0,0.0,0.7038,11.025,6.0,-5,19.979445152202445,,0.0,0.0,0.0,0.0,45.97990574862385,optimal
2021-02-08 21:30:00,39,120,0.0,0.0,0.0,0.625,5.9745,6.0,-5,19.957489794309105,,0.0,0.0,0.0,0.0,45.933925842875226,optimal
2021-02-08 22:00:00,39,120,0.0,0.1548148148148148,0.0,0.6263,7.938,6.0,-5,19.933270763739667,,0.0,0.0,0.0,139.33333333333331,45.88799191703235,optimal
2021-02-08 22:30:00,39,120,0.0,0.5418518518518518,0.0,0.5127333333333334,8.6835,6.0,-5,19.91200374872298,,0.0,0.0,0.0,487.6666666666667,45.84210392511532,optimal
2021-02-08 23:00:00,39,120,0.0,0.0,0.0,0.0746,7.665,6.0,-5,19.889177685837176,,0.0,0.0,0.0,0.0,45.7962618211902,optimal
2021-02-08 23:30:00,39,120,0.0,0.0,0.0,0.059,6.7725,6.0,-5,19.854043123780187,,0.0,0.0,0.0,0.0,45.75046555936901,optimal
2021-02-09 00:00:00,39,120,1.1428571428571428,0.0,0.0,0.049,13.335,6.0,6,19.854043123780187,,4000.0,0.0,0.0,0.0,45.70471509380964,optimal
2021-02-09 00:30:00,39,120,1.1428571428571428,0.0,0.0,0.1255333333333333,12.1275,6.0,6,19.86733269085612,,4000.0,0.0,0.0,0.0,45.65901037871583,optimal
2021-02-09 01:00:00,39,120,1.1428571428571428,0.0,0.0,0.049,12.2955,6.0,6,19.88162739400815,,4000.0,0.0,0.0,0.0,45.61335136833711,optimal
2021-02-09 01:30:00,39,120,1.1428571428571428,0.0,0.0,0.049,11.6865,6.0,6,19.8950605298205,,4000.0,0.0,0.0,0.0,45.567738016968775,optimal
2021-02-09 02:00:00,39,120,1.1428571428571428,0.0,0.0,0.1852666666666667,11.466,6.0,6,19.908268777310543,,4000.0,0.0,0.0,0.0,45.522170278951805,optimal
2021-02-09 02:30:00,39,120,1.1428571428571428,0.0,0.0,0.1271333333333333,10.8045,6.0,6,19.92291262963759,,4000.0,0.0,0.0,0.0,45.476648108672855,optimal
2021-02-09 03:00:00,39,120,1.1428571428571428,0.0,5.0,0.1242,10.584,6.0,6,19.93691837753019,,4000.0,0.0,0.0,0.0,47.80617146056418,optimal
2021-02-09 03:30:00,39,120,1.1428571428571428,0.0,0.0,0.139,11.2455,6.0,6,19.950959751416768,,4000.0,0.0,0.0,0.0,47.758365289103615,optimal
2021-02-09 04:00:00,39,120,1.1428571428571428,0.0,0.0,0.0982,12.1275,6.0,6,19.96535184236289,,4000.0,0.0,0.0,0.0,47.71060692381451,optimal
2021-02-09 04:30:00,39,120,1.1428571428571428,0.0,0.0,0.1179333333333333,11.823,6.0,6,19.979416616766372,,4000.0,0.0,0.0,0.0,47.662896316890695,optimal
2021-02-09 05:00:00,39,120,1.1428571428571428,0.0,0.0,0.1938,11.7705,6.0,6,19.99349564882407,,4000.0,0.0,0.0,0.0,47.6152334205738,optimal
2021-02-09 05:30:00,39,120,1.1428571428571428,0.0,0.0,0.049,11.13,6.0,6,20.00889404530726,,4000.0,0.0,0.0,0.0,47.56761818715323,optimal
2021-02-09 06:00:00,39,120,1.1428571428571428,0.0,0.0,0.1868666666666666,11.6865,6.0,6,20.021876610697124,,4000.0,0.0,0.0,0.0,47.52005056896608,optimal
2021-02-09 06:30:00,39,120,1.1428571428571428,0.387037037037037,0.0,0.2228666666666666,10.7205,6.0,6,20.03651297638824,,4000.0,0.0,0.0,348.3333333333333,47.47253051839712,optimal
2021-02-09 07:00:00,39,120,1.1428571428571428,2.5544444444444445,0.0,0.1825999999999999,11.424,6.0,6,20.055337563058703,,4000.0,0.0,0.0,2299.0,47.42505798787872,optimal
2021-02-09 07:30:00,39,120,1.1428571428571428,2.012592592592592,1.310246463387713,0.087,10.689,6.0,6,20.07645364166532,,4000.0,0.0,0.0,1811.333333333333,48.0,optimal
2021-02-09 08:00:00,39,120,1.1428571428571428,0.3096296296296296,0.0,0.4415333333333333,11.361,6.0,6,20.09726487118222,,4000.0,0.0,0.0,278.66666666666663,47.793312708516645,optimal
2021-02-09 08:30:00,39,120,1.1428571428571428,0.5418518518518518,0.0,0.9009666666666668,11.571,6.0,6,20.119434735978924,,4000.0,0.0,0.0,487.6666666666667,47.58683210432478,optimal
2021-02-09 09:00:00,39,120,0.0,0.387037037037037,0.0,0.1586,14.3745,6.0,6,20.138390246838345,,0.0,0.0,0.0,348.3333333333333,47.3805579807371,optimal
2021-02-09 09:30:00,39,120,1.1428571428571428,0.3096296296296296,0.0,0.3778,13.23,6.0,6,20.109569216600303,,4000.0,0.0,0.0,278.66666666666663,47.17449013127301,optimal
2021-02-09 10:00:00,39,120,1.1428571428571428,0.1548148148148148,0.0,0.2048666666666666,13.9755,6.0,6,20.13151987908343,,4000.0,0.0,0.0,139.33333333333331,46.96862834965838,optimal
2021-02-09 10:30:00,39,120,0.0,0.0774074074074074,0.0,0.5429333333333333,14.994,6.0,6,20.15520479409481,,0.0,0.0,0.0,69.66666666666666,46.76297242982537,optimal
2021-02-09 11:00:00,39,120,1.1428571428571428,0.0,0.0,0.3428666666666666,13.671,6.0,6,20.13447853835846,,4000.0,0.0,0.0,0.0,46.55752216591219,optimal
2021-02-09 11:30:00,39,120,0.0,0.2322222222222222,0.0,0.5196333333333333,15.981,6.0,6,20.161827272516927,,0.0,0.0,0.0,209.0,46.35227735226293,optimal
2021-02-09 12:00:00,39,120,0.0,0.0774074074074074,0.0,0.2511,15.6345,6.0,6,20.14281836887265,,0.0,0.0,0.0,69.66666666666666,46.14723778342731,optimal
2021-02-09 12:30:00,39,120,0.0,0.3096296296296296,0.0,0.3580666666666666,16.5375,6.0,6,20.12236354609521,,0.0,0.0,0.0,278.66666666666663,45.94240325416053,optimal
2021-02-09 13:00:00,39,120,0.0,0.387037037037037,0.0,0.3093333333333333,14.7735,6.0,6,20.10252464388349,,0.0,0.0,0.0,348.3333333333333,45.73777355942301,optimal
2021-02-09 13:30:00,39,120,0.0,0.2322222222222222,0.0,0.5342,15.2145,6.0,6,20.081334641355344,,0.0,0.0,0.0,209.0,45.53334849438024,optimal
2021-02-09 14:00:00,39,120,0.0,0.0,0.0,0.6083333333333334,14.553,6.0,6,20.062125789649716,,0.0,0.0,0.0,0.0,45.3291278544025,optimal
2021-02-09 14:30:00,39,120,0.7563588741615083,0.0,0.0,1.8140333333333332,14.3325,6.0,6,20.04473928807342,,2647.256059565279,0.0,0.0,0.0,45.125111435064746,optimal
2021-02-09 15:00:00,39,120,0.0,0.0,0.0,0.2187333333333332,14.595,6.0,6,20.057925130308025,,0.0,0.0,0.0,0.0,44.92129903214633,optimal
2021-02-09 15:30:00,39,120,0.0,0.0,0.0,0.2253,14.994,6.0,6,20.028922567088067,,0.0,0.0,0.0,0.0,44.71769044163083,optimal
2021-02-09 16:00:00,39,120,0.7596791101437662,0.0,0.0,0.1987666666666666,14.3325,6.0,6,20.0,,2658.8768855031817,0.0,0.0,0.0,44.514285459705846,optimal
2021-02-09 16:30:00,39,120,0.7212164629999259,0.1548148148148148,0.0,0.3023666666666667,13.8915,6.0,6,20.0,,2524.257620499741,0.0,0.0,139.33333333333331,44.31108388276279,optimal
2021-02-09 17:00:00,39,120,0.6845551586740404,0.1548148148148148,0.0,0.2671333333333333,13.8915,6.0,6,20.0,,2395.943055359141,0.0,0.0,139.33333333333331,44.10808550739667,optimal
2021-02-09 17:30:00,39,120,1.1428571428571428,0.387037037037037,0.0,0.7305666666666667,13.4715,6.0,6,20.0,,4000.0,0.0,0.0,348.3333333333333,43.90529013040592,optimal
2021-02-09 18:00:00,39,120,1.1428571428571428,0.2322222222222222,0.0,1.3855666666666666,13.23,6.0,6,20.027182253841325,,4000.0,0.0,0.0,209.0,43.702697548792166,optimal
2021-02-09 18:30:00,39,120,0.6246125821485423,2.0899999999999994,0.0,0.3955333333333333,13.8915,6.0,6,20.06190495107889,,2186.144037519898,0.0,0.0,1881.0,43.65899485124337,optimal
2021-02-09 19:00:00,39,120,0.0,0.0,0.0,0.536,26.9325,6.0,6,20.064890982648254,,0.0,0.0,0.0,0.0,43.61533585639213,optimal
2021-02-09 19:30:00,39,120,0.0,0.1548148148148148,0.0,0.4261333333333333,30.303,6.0,6,20.042647467248383,,0.0,0.0,0.0,139.33333333333331,43.571720520535735,optimal
2021-02-09 20:00:00,39,120,0.0,0.1548148148148148,0.0,0.5306666666666666,32.886,6.0,6,20.01973213531226,,0.0,0.0,0.0,139.33333333333331,43.5281488000152,optimal
2021-02-09 20:30:00,39,120,0.0,0.0,0.0,0.2776,34.9965,6.0,6,20.0,,0.0,0.0,0.0,0.0,43.48462065121518,optimal
2021-02-09 21:00:00,39,120,0.0,0.2322222222222222,0.0,0.3734666666666665,33.327,6.0,6,19.97787935978925,,0.0,0.0,0.0,209.0,43.44113603056397,optimal
2021-02-09 21:30:00,39,120,0.0,0.387037037037037,0.0,0.5121333333333333,31.122,6.0,6,19.95414446805512,,0.0,0.0,0.0,348.3333333333333,43.3976948945334,optimal
2021-02-09 22:00:00,39,120,0.0,0.0,0.0,0.4553999999999999,17.9025,6.0,6,19.930511678519288,,0.0,0.0,0.0,0.0,43.35429719963887,optimal
2021-02-09 22:30:00,39,120,0.0,0.0,0.0,0.1843333333333333,15.6555,6.0,6,19.90477659678941,,0.0,0.0,0.0,0.0,43.31094290243923,optimal
2021-02-09 23:00:00,39,120,0.0,0.0,0.0,0.2497333333333332,14.553,6.0,6,19.87086219047577,,0.0,0.0,0.0,0.0,43.26763195953679,optimal
2021-02-09 23:30:00,39,120,0.0,0.0,0.0,0.2694666666666666,14.3325,6.0,6,19.83843593398801,,0.0,0.0,0.0,0.0,43.224364327577256,optimal
2021-02-10 00:00:00,39,120,1.1428571428571428,0.0,5.0,0.0495,10.542,6.0,-9,19.83843593398801,,4000.0,0.0,0.0,0.0,45.55613996324968,optimal
2021-02-10 00:30:00,39,120,1.1428571428571428,0.3096296296296296,1.763855972160579,0.0799,11.025,6.0,-9,19.852856328553205,,4000.0,0.0,0.0,278.66666666666663,46.3484154100627,optimal
2021-02-10 01:00:00,39,120,1.1428571428571428,0.0,5.0,0.0613333333333333,11.025,6.0,-9,19.869613042509044,,4000.0,0.0,0.0,0.0,48.67706699465263,optimal
2021-02-10 01:30:00,39,120,1.1428571428571428,0.0,0.0,0.1351333333333333,14.553,6.0,-9,19.88269595482144,,4000.0,0.0,0.0,0.0,48.62838992765797,optimal
2021-02-10 02:00:00,39,120,1.1428571428571428,0.0,0.0,0.1463666666666666,13.0935,6.0,-9,19.894963423426884,,4000.0,0.0,0.0,0.0,48.57976153773031,optimal
2021-02-10 02:30:00,39,120,1.1428571428571428,0.0,0.0,0.1496666666666666,15.6345,6.0,-9,19.907145163040813,,4000.0,0.0,0.0,0.0,48.53118177619257,optimal
2021-02-10 03:00:00,39,120,1.1428571428571428,0.0,0.0,0.1425333333333333,18.102,6.0,-9,19.91934295332285,,4000.0,0.0,0.0,0.0,48.48265059441637,optimal
2021-02-10 03:30:00,39,120,1.1428571428571428,0.0,0.0,0.1789666666666666,17.199,6.0,-9,19.93142966000385,,4000.0,0.0,0.0,0.0,48.434167943821954,optimal
2021-02-10 04:00:00,39,120,1.1428571428571428,0.0,0.0,0.046,18.2805,6.0,-9,19.94393624740073,,4000.0,0.0,0.0,0.0,48.38573377587813,optimal
2021-02-10 04:30:00,39,120,1.1428571428571428,0.0,0.0,0.2181999999999999,17.4615,6.0,-9,19.9547981941305,,4000.0,0.0,0.0,0.0,48.33734804210225,optimal
2021-02-10 05:00:00,39,120,1.1428571428571428,0.0,0.0,0.1351333333333333,18.3225,6.0,-9,19.967538149586066,,4000.0,0.0,0.0,0.0,48.28901069406015,optimal
2021-02-10 05:30:00,39,120,1.1428571428571428,0.0,0.0,0.046,17.094,6.0,-9,19.97904264434869,,4000.0,0.0,0.0,0.0,48.24072168336608,optimal
2021-02-10 06:00:00,39,120,1.1428571428571428,0.0,0.0,0.046,17.094,6.0,-9,19.98924022158127,,4000.0,0.0,0.0,0.0,48.19248096168271,optimal
2021-02-10 06:30:00,39,120,1.1428571428571428,0.0,0.0,0.3073333333333333,17.094,6.0,-9,19.999219325189813,,4000.0,0.0,0.0,0.0,48.144288480721016,optimal
2021-02-10 07:00:00,39,120,1.1428571428571428,0.0,0.0,0.046,17.3565,6.0,-9,20.0127588095344,,4000.0,0.0,0.0,0.0,48.096144192240295,optimal
2021-02-10 07:30:00,39,120,1.1428571428571428,0.5418518518518518,0.0,1.298533333333333,17.115,6.0,-9,20.02348431120846,,4000.0,0.0,0.0,487.6666666666667,48.048048048048045,optimal
2021-02-10 08:00:00,39,120,1.1428571428571428,0.3096296296296296,0.0,0.1138,17.241,6.0,-9,20.042463604101933,,4000.0,0.0,0.0,278.66666666666663,48.0,optimal
2021-02-10 08:30:00,39,120,1.1428571428571428,0.6192592592592592,0.0,0.5812666666666666,17.094,6.0,-9,20.059860930106225,,4000.0,0.0,0.0,557.3333333333333,47.903706813668215,optimal
2021-02-10 09:00:00,39,120,1.1428571428571428,0.0,0.0,0.2053333333333332,16.5165,6.0,-9,20.080159889875603,,4000.0,0.0,0.0,0.0,47.80750992052276,optimal
2021-02-10 09:30:00,39,120,1.1428571428571428,0.0,0.0,0.0923666666666666,17.8185,6.0,-9,20.093179790436345,,4000.0,0.0,0.0,0.0,47.71140922427045,optimal
2021-02-10 10:00:00,39,120,1.1428571428571428,0.0,0.0,0.1662666666666666,17.094,6.0,-9,20.105194192091226,,4000.0,0.0,0.0,0.0,47.6154046287144,optimal
2021-02-10 10:30:00,39,120,1.1428571428571428,0.0,0.0,0.1835,16.8945,6.0,-9,20.121519073813285,,4000.0,0.0,0.0,0.0,47.5194960377539,optimal
2021-02-10 11:00:00,39,120,1.1428571428571428,0.0,0.0,0.0737666666666666,18.123,6.0,-9,20.13831891724199,,4000.0,0.0,0.0,0.0,47.42368335538437,optimal
2021-02-10 11:30:00,39,120,0.0,0.0,0.0,0.2633666666666667,31.647,6.0,-9,20.15614643620673,,0.0,0.0,0.0,0.0,47.3279664856972,optimal
2021-02-10 12:00:00,39,120,0.0,0.0,0.0,0.0836,34.9965,6.0,-9,20.127717266638918,,0.0,0.0,0.0,0.0,47.23234533287973,optimal
2021-02-10 12:30:00,39,120,0.0,0.0,0.0,0.1351333333333333,34.9965,6.0,-9,20.100067108839397,,0.0,0.0,0.0,0.0,47.13681980121506,optimal
2021-02-10 13:00:00,39,120,0.0,0.0,0.0,0.0838,34.9965,6.0,-9,20.073099565970264,,0.0,0.0,0.0,0.0,47.04138979508206,optimal
2021-02-10 13:30:00,39,120,0.0,0.0,0.0,0.1162,34.9965,6.0,-9,20.04510773231415,,0.0,0.0,0.0,0.0,46.9460552189552,optimal
2021-02-10 14:00:00,39,120,0.0,0.7184819299119807,0.0,0.2218666666666666,34.9965,6.0,-9,20.01796261472077,,0.0,646.6337369207827,0.0,0.0,46.85081597740446,optimal
2021-02-10 14:30:00,39,120,0.0,2.439914744547681,0.0,0.1378,27.741,6.0,-9,20.0,,0.0,2195.923270092913,0.0,0.0,46.75567197509527,optimal
2021-02-10 15:00:00,39,120,0.6991070541026008,0.0,0.0,0.046,19.026,6.0,-9,20.0,,2446.8746893591024,0.0,0.0,0.0,46.66062311678839,optimal
2021-02-10 15:30:00,39,120,0.6616160455292436,0.0,0.0,0.2097666666666666,18.7215,6.0,-9,20.0,,2315.6561593523525,0.0,0.0,0.0,46.56566930733982,optimal
2021-02-10 16:00:00,39,120,0.7580375499748001,0.0,0.0,0.1435666666666666,17.4195,6.0,-9,20.0,,2653.1314249118004,0.0,0.0,0.0,46.47081045170069,optimal
2021-02-10 16:30:00,39,120,0.698489398544242,0.387037037037037,0.0,0.1678666666666666,16.758,6.0,-9,20.0,,2444.712894904847,0.0,0.0,348.3333333333333,46.37604645491721,optimal
2021-02-10 17:00:00,39,120,0.8248145082104605,0.0,0.0,0.2269333333333333,14.217,6.0,-9,20.0,,2886.850778736612,0.0,0.0,0.0,46.28137722213051,optimal
2021-02-10 17:30:00,39,120,0.8695563079728337,0.0,0.0,0.0655333333333333,13.3665,6.0,-9,20.0,,3043.447077904918,0.0,0.0,0.0,46.1868026585766,optimal
2021-02-10 18:00:00,39,120,0.7061647593342102,0.0774074074074074,0.0,0.3468,12.789,6.0,-9,20.0,,2471.576657669736,0.0,0.0,69.66666666666666,46.09232266958624,optimal
2021-02-10 18:30:00,39,120,0.7991827421874959,0.0,0.0,0.3193333333333333,11.907,6.0,-9,20.0,,2797.1395976562358,0.0,0.0,0.0,45.99793716058487,optimal
2021-02-10 19:00:00,39,120,0.9340673917073864,0.0,0.0,0.056,11.7075,6.0,-9,20.0,,3269.235870975852,0.0,0.0,0.0,45.9036460370925,optimal
2021-02-10 19:30:00,39,120,1.1428571428571428,0.4644444444444444,0.0,0.7456,10.8045,6.0,-9,20.0,,4000.0,0.0,0.0,418.0,45.80944920472363,optimal
2021-02-10 20:00:00,39,120,0.4410005404012417,0.0,0.0,0.1810999999999999,11.508,6.0,-9,20.02053145886245,,1543.501891404346,0.0,0.0,0.0,45.71534656918712,optimal
2021-02-10 20:30:00,39,120,0.0,0.0,0.0,0.1166333333333333,11.508,6.0,-9,20.0,,0.0,0.0,0.0,0.0,45.62133803628615,optimal
2021-02-10 21:00:00,39,120,0.0,0.0,0.0,0.1428,11.508,6.0,-9,19.95982129302565,,0.0,0.0,0.0,0.0,45.52742351191808,optimal
2021-02-10 21:30:00,39,120,0.0,0.0,0.0,0.1663333333333333,11.844,6.0,-9,19.919941886035005,,0.0,0.0,0.0,0.0,45.43360290207438,optimal
2021-02-10 22:00:00,39,120,0.0,0.0,0.0,0.0702666666666666,11.508,6.0,-9,19.877553517470627,,0.0,0.0,0.0,0.0,45.33987611284052,optimal
2021-02-10 22:30:00,39,120,0.0,0.0,0.0,0.2652666666666666,11.508,6.0,-9,19.831204153256305,,0.0,0.0,0.0,0.0,45.2462430503959,optimal
2021-02-10 23:00:00,39,120,0.0,0.0,0.0,0.0973666666666666,10.4475,6.0,-9,19.78682659578453,,0.0,0.0,0.0,0.0,45.15270362101372,optimal
2021-02-10 23:30:00,39,120,0.0,0.0,0.0,0.2594666666666666,10.8675,6.0,-9,19.739995963466512,,0.0,0.0,0.0,0.0,45.10755091739271,optimal
2021-02-11 00:00:00,39,120,1.1428571428571428,0.0,0.0,0.056,11.025,6.0,-6,19.739995963466512,,4000.0,0.0,0.0,0.0,45.062443366475314,optimal
2021-02-11 00:30:00,39,120,1.1428571428571428,0.0,2.3874604601512543,0.056,10.584,6.0,-6,19.745071892305702,,4000.0,0.0,0.0,0.0,46.15142464168068,optimal
2021-02-11 01:00:00,39,120,1.1428571428571428,0.0,0.0,0.1321999999999999,11.025,6.0,-6,19.750336014083025,,4000.0,0.0,0.0,0.0,46.10527321703899,optimal
2021-02-11 01:30:00,39,120,1.1428571428571428,0.0,5.0,0.1248,10.4265,6.0,-6,19.756716250248235,,4000.0,0.0,0.0,0.0,48.434167943821954,optimal
2021-02-11 02:00:00,39,120,1.1428571428571428,0.0,0.0,0.1070666666666666,12.789,6.0,-6,19.76299368785428,,4000.0,0.0,0.0,0.0,48.38573377587813,optimal
2021-02-11 02:30:00,39,120,1.1428571428571428,0.0,0.0,0.0983333333333333,12.684,6.0,-6,19.76904264649239,,4000.0,0.0,0.0,0.0,48.33734804210225,optimal
2021-02-11 03:00:00,39,120,1.1428571428571428,0.0,0.0,0.056,16.254,6.0,-6,19.77477496393942,,4000.0,0.0,0.0,0.0,48.28901069406015,optimal
2021-02-11 03:30:00,39,120,1.1428571428571428,0.0,0.0,0.2181999999999999,17.64,6.0,-6,19.77978194122392,,4000.0,0.0,0.0,0.0,48.24072168336608,optimal
2021-02-11 04:00:00,39,120,1.1428571428571428,0.0,0.0,0.056,19.1625,6.0,-6,19.787250608648364,,4000.0,0.0,0.0,0.0,48.19248096168271,optimal
2021-02-11 04:30:00,39,120,0.0,0.0,0.0,0.1321999999999999,26.46,6.0,-6,19.793224133613663,,0.0,0.0,0.0,0.0,48.144288480721016,optimal
2021-02-11 05:00:00,39,120,1.1428571428571428,0.0,0.0,0.056,20.79,6.0,-6,19.751384737326315,,4000.0,0.0,0.0,0.0,48.096144192240295,optimal
2021-02-11 05:30:00,39,120,0.0,2.150377777777778,0.0,0.1413333333333333,29.106,6.0,-6,19.75742936863609,,0.0,0.0,0.0,1935.34,48.048048048048045,optimal
2021-02-11 06:00:00,39,120,1.1428571428571428,0.7136962962962963,0.0,0.9245,19.1835,6.0,-6,19.716523673045067,,4000.0,0.0,0.0,642.3266666666667,48.0,optimal
2021-02-11 06:30:00,39,120,1.1428571428571428,0.4644444444444444,0.0,0.3338666666666667,19.6665,6.0,-6,19.72753862309638,,4000.0,0.0,0.0,418.0,47.162971666903466,optimal
2021-02-11 07:00:00,39,120,1.1428571428571428,2.631851851851852,0.0,0.2563333333333333,19.404,6.0,-6,19.74311150659983,,4000.0,0.0,0.0,2368.6666666666665,46.32678036214004,optimal
2021-02-11 07:30:00,39,120,1.1428571428571428,22.506780981366862,0.0,1.0473333333333332,19.047,6.0,-6,19.755324712980297,,4000.0,18793.10288323017,0.0,1463.0,45.49142524868136,optimal
2021-02-11 08:00:00,39,120,1.1428571428571428,0.1548148148148148,0.0,3.6561666666666666,18.858,6.0,-6,20.0,,4000.0,0.0,0.0,139.33333333333331,44.65690549033614,optimal
2021-02-11 08:30:00,39,120,0.334518717796528,0.0,0.0,0.4256999999999999,19.2675,6.0,-6,20.022851097681848,,1170.815512287848,0.0,0.0,0.0,43.82322025174928,optimal
2021-02-11 09:00:00,39,120,0.8390697876419526,0.0774074074074074,0.0,0.3636666666666667,18.963,6.0,-6,20.0,,2936.7442567468343,0.0,0.0,69.66666666666666,42.99036869840099,optimal
2021-02-11 09:30:00,39,120,1.1428571428571428,0.2322222222222222,0.0,0.4107,18.438,6.0,-6,20.0,,4000.0,0.0,0.0,209.0,42.15834999660606,optimal
2021-02-11 10:00:00,39,120,0.5513283402606659,0.0,0.0,0.4069,18.7425,6.0,-6,20.016823708844417,,1929.6491909123304,0.0,0.0,0.0,41.327163313512926,optimal
2021-02-11 10:30:00,39,120,1.1428571428571428,0.0,0.0,1.4205333333333332,15.2145,6.0,-6,20.014700678357283,,4000.0,0.0,0.0,0.0,40.49680781710288,optimal
2021-02-11 11:00:00,39,120,1.1428571428571428,0.0,0.0,2.327233333333333,17.7765,6.0,-6,20.042487800752426,,4000.0,0.0,0.0,0.0,39.66728267618925,optimal
2021-02-11 11:30:00,39,120,1.1428571428571428,0.0,0.0,0.138,16.758,6.0,-6,20.067798289957693,,4000.0,0.0,0.0,0.0,38.83858706041653,optimal
2021-02-11 12:00:00,39,120,1.1428571428571428,0.0,0.0,0.2110999999999999,16.422,6.0,-6,20.086185266808403,,4000.0,0.0,0.0,0.0,38.01072014025958,optimal
2021-02-11 12:30:00,39,120,1.1428571428571428,0.0774074074074074,0.0,1.0813333333333333,16.758,6.0,-6,20.10907827664781,,4000.0,0.0,0.0,69.66666666666666,37.18368108702279,optimal
2021-02-11 13:00:00,39,120,0.0,0.0774074074074074,0.0,1.3521333333333334,29.358,6.0,-6,20.134992984588468,,0.0,0.0,0.0,69.66666666666666,36.35746907283924,optimal
2021-02-11 13:30:00,39,120,0.0,0.0,0.0,0.4601666666666666,34.9965,6.0,-6,20.11449233338949,,0.0,0.0,0.0,0.0,35.532083270669865,optimal
2021-02-11 14:00:00,39,120,0.0,0.0,0.0,0.8654333333333333,34.65,6.0,-6,20.096405171180624,,0.0,0.0,0.0,0.0,34.70752285430267,optimal
2021-02-11 14:30:00,39,120,0.0,0.3096296296296296,0.0,1.1838666666666666,34.9965,6.0,-6,20.07442060661644,,0.0,0.0,0.0,278.66666666666663,33.88378699835183,optimal
2021-02-11 15:00:00,39,120,0.0,0.1548148148148148,0.0,2.125933333333333,34.9965,6.0,-6,20.05621181977415,,0.0,0.0,0.0,139.33333333333331,33.060874878256946,optimal
2021-02-11 15:30:00,39,120,0.0,0.0,0.0,1.637066666666667,30.4815,6.0,-6,20.040674376413342,,0.0,0.0,0.0,0.0,32.238785670282155,optimal
2021-02-11 16:00:00,39,120,0.0,0.1548148148148148,0.0,1.5463,21.4305,6.0,-6,20.023839149510746,,0.0,0.0,0.0,139.33333333333331,31.417518551515343,optimal
2021-02-11 16:30:00,39,120,0.4538965091607188,0.0774074074074074,0.0,4.499899999999999,14.3325,6.0,-6,20.0,,1588.6377820625155,0.0,0.0,69.66666666666666,30.597072699867297,optimal
2021-02-11 17:00:00,39,120,1.1428571428571428,0.5418518518518518,0.0,1.829766666666667,13.692,6.0,-6,20.0,,4000.0,0.0,0.0,487.6666666666667,29.7774472940709,optimal
2021-02-11 17:30:00,39,120,0.1173627462890187,0.774074074074074,0.0,1.963666666666667,14.007,6.0,-6,20.022606933289712,,410.7696120115655,0.0,0.0,696.6666666666666,28.9586415136803,optimal
2021-02-11 18:00:00,39,120,0.7890796159629521,0.0,0.0,0.5133333333333334,12.873,6.0,-6,20.0,,2761.7786558703324,0.0,0.0,0.0,28.140654539070088,optimal
2021-02-11 18:30:00,39,120,0.8091890200023056,0.0774074074074074,0.0,0.8686,12.684,6.0,-6,20.0,,2832.1615700080697,0.0,0.0,69.66666666666666,27.323485551434487,optimal
2021-02-11 19:00:00,39,120,1.113984007345615,0.1548148148148148,0.0,0.4501666666666666,12.306,6.0,-6,20.0,,3898.9440257096526,0.0,0.0,139.33333333333331,26.50713373278652,optimal
2021-02-11 19:30:00,39,120,1.1428571428571428,0.0,0.0,0.1337333333333333,10.6365,6.0,-6,20.00398833115727,,4000.0,0.0,0.0,0.0,25.691598265957204,optimal
2021-02-11 20:00:00,39,120,1.1428571428571428,0.0,0.0,0.1433333333333333,11.2455,6.0,-6,20.002727465603066,,4000.0,0.0,0.0,0.0,24.876878334594718,optimal
2021-02-11 20:30:00,39,120,0.0,0.0,0.0,0.1508666666666666,11.2455,6.0,-6,20.0,,0.0,0.0,0.0,0.0,24.062973123163587,optimal
2021-02-11 21:00:00,39,120,0.0,0.0,0.0,1.0999,11.025,6.0,-6,19.94883859878941,,0.0,0.0,0.0,0.0,23.24988181694389,optimal
2021-02-11 21:30:00,39,120,0.0,0.0,0.0,1.7042,12.0855,6.0,-6,19.90115123773425,,0.0,0.0,0.0,0.0,22.43760360203041,optimal
2021-02-11 22:00:00,39,120,0.0,0.6192592592592592,0.0,2.6171333333333333,11.6865,6.0,-6,19.863479548496056,,0.0,0.0,0.0,557.3333333333333,21.626137665331854,optimal
2021-02-11 22:30:00,39,120,0.0,0.0,0.0,0.8523666666666667,11.2245,6.0,-6,19.82624954987468,,0.0,0.0,0.0,0.0,20.81548319456999,optimal
2021-02-11 23:00:00,39,120,0.0,0.0,0.0,0.083,11.025,6.0,-6,19.787993851865554,,0.0,0.0,0.0,0.0,20.794667711375418,optimal
2021-02-11 23:30:00,39,120,0.0,0.0,0.0,0.0782333333333333,10.7835,6.0,-6,19.738702916492755,,0.0,0.0,0.0,0.0,20.773873043664043,optimal
2021-02-12 00:00:00,39,120,0.0,0.0,0.0,0.0747,26.712,6.0,11,19.738702916492755,,0.0,0.0,0.0,0.0,20.75309917062038,optimal
2021-02-12 00:30:00,39,120,1.1428571428571428,0.0,0.0,0.1085666666666666,15.435,6.0,11,19.68891127993645,,4000.0,0.0,0.0,0.0,20.73234607144976,optimal
2021-02-12 01:00:00,39,120,1.1428571428571428,0.0,0.0,0.2062,13.566,6.0,11,19.68836030670496,,4000.0,0.0,0.0,0.0,20.71161372537831,optimal
2021-02-12 01:30:00,39,120,1.1428571428571428,0.0,3.331576438549013,0.1729333333333333,12.789,6.0,11,19.688999828589843,,4000.0,0.0,0.0,0.0,22.273400919963716,optimal
2021-02-12 02:00:00,39,120,1.1428571428571428,0.0,5.0,0.0874,12.1275,6.0,11,19.68943107291709,,4000.0,0.0,0.0,0.0,24.626127519043745,optimal
2021-02-12 02:30:00,39,120,1.1428571428571428,0.0,0.0,0.2559666666666667,13.671,6.0,11,19.68901772213725,,4000.0,0.0,0.0,0.0,24.601501391524703,optimal
2021-02-12 03:00:00,39,120,1.1428571428571428,0.0,5.0,0.1485666666666666,10.668,6.0,11,19.691253496700117,,4000.0,0.0,0.0,0.0,26.951899890133173,optimal
2021-02-12 03:30:00,39,120,1.1428571428571428,0.0,5.0,0.1993333333333332,11.7285,6.0,11,19.69277122389492,,4000.0,0.0,0.0,0.0,29.29994799024304,optimal
2021-02-12 04:00:00,39,120,1.1428571428571428,0.0,5.0,0.1303333333333333,11.025,6.0,11,19.696292193061048,,4000.0,0.0,0.0,0.0,31.64564804225279,optimal
2021-02-12 04:30:00,39,120,1.1428571428571428,0.0,5.0,0.0775999999999999,10.689,6.0,11,19.70035339400459,,4000.0,0.0,0.0,0.0,33.98900239421053,optimal
2021-02-12 05:00:00,39,120,1.1428571428571428,0.0,5.0,0.1554666666666666,8.1585,6.0,11,19.705151921798613,,4000.0,0.0,0.0,0.0,36.33001339181632,optimal
2021-02-12 05:30:00,39,120,1.1428571428571428,0.0,5.0,0.2490666666666666,10.3635,6.0,11,19.712277328672062,,4000.0,0.0,0.0,0.0,38.6686833784245,optimal
2021-02-12 06:00:00,39,120,1.1428571428571428,0.0,5.0,0.068,10.8045,6.0,11,19.72211492659384,,4000.0,0.0,0.0,0.0,41.00501469504607,optimal
2021-02-12 06:30:00,39,120,1.1428571428571428,0.0774074074074074,5.0,0.2217333333333332,11.025,6.0,11,19.731240160808284,,4000.0,0.0,0.0,69.66666666666666,43.33900968035103,optimal
2021-02-12 07:00:00,39,120,1.1428571428571428,0.387037037037037,5.0,0.1777333333333333,10.3635,6.0,11,19.743120907317124,,4000.0,0.0,0.0,348.3333333333333,45.670670670670674,optimal
2021-02-12 07:30:00,39,120,1.1428571428571428,20.36776312225822,5.0,3.5168666666666666,10.8045,6.0,11,19.756353170141274,,4000.0,17945.033476699064,0.0,385.95333333333326,48.0,optimal
2021-02-12 08:00:00,39,120,1.1428571428571428,0.9644962962962964,0.0,1.1940333333333333,10.059,6.0,11,20.0,,4000.0,0.0,0.0,868.0466666666669,47.73987639646417,optimal
2021-02-12 08:30:00,39,120,1.1428571428571428,0.0,0.0,0.2076,10.584,6.0,11,20.01719078931498,,4000.0,0.0,0.0,0.0,47.48001291653188,optimal
2021-02-12 09:00:00,39,120,1.1428571428571428,0.0,0.0,0.2095,9.4185,6.0,11,20.028538531571613,,4000.0,0.0,0.0,0.0,47.22040930007952,optimal
2021-02-12 09:30:00,39,120,1.1428571428571428,0.0,0.0,0.1724,10.3635,6.0,11,20.042439704787764,,4000.0,0.0,0.0,0.0,46.961065287243606,optimal
2021-02-12 10:00:00,39,120,1.1428571428571428,0.0,0.0,0.1212666666666666,9.8385,6.0,11,20.05606150296814,,4000.0,0.0,0.0,0.0,46.701980618420535,optimal
2021-02-12 10:30:00,39,120,1.1428571428571428,0.0,0.0,0.2676666666666666,11.067,6.0,11,20.072622130181973,,4000.0,0.0,0.0,0.0,46.44315503426628,optimal
2021-02-12 11:00:00,39,120,1.1428571428571428,0.0,0.0,0.11,10.8465,6.0,11,20.09172644510467,,4000.0,0.0,0.0,0.0,46.184588275696186,optimal
2021-02-12 11:30:00,39,120,0.630052301874489,0.0,0.0,0.1814,13.671,6.0,11,20.112358883822974,,2205.1830565607115,0.0,0.0,0.0,45.92628008388466,optimal
2021-02-12 12:00:00,39,120,1.1428571428571428,0.0,0.0,0.2177333333333332,12.348,6.0,11,20.11201774181541,,4000.0,0.0,0.0,0.0,45.66823020026495,optimal
2021-02-12 12:30:00,39,120,0.0,0.0,0.0,0.1312666666666666,14.3325,6.0,11,20.13511815197747,,0.0,0.0,0.0,0.0,45.41043836652886,optimal
2021-02-12 13:00:00,39,120,0.0,0.0,0.0,0.1745333333333333,15.393,6.0,11,20.108489152738088,,0.0,0.0,0.0,0.0,45.1529043246265,optimal
2021-02-12 13:30:00,39,120,1.1428571428571428,0.0774074074074074,0.0,0.3904666666666666,13.587,6.0,11,20.08485009371302,,4000.0,0.0,0.0,69.66666666666666,44.89562781676605,optimal
2021-02-12 14:00:00,39,120,0.0,0.2740222222222222,0.0,0.113,16.1385,6.0,11,20.112565779340414,,0.0,0.0,0.0,246.62,44.63860858541345,optimal
2021-02-12 14:30:00,39,120,0.0,0.0,0.0,0.1956,14.595,6.0,11,20.086270262984204,,0.0,0.0,0.0,0.0,44.381846373292205,optimal
2021-02-12 15:00:00,39,120,0.0,0.0,0.0,0.1587333333333333,14.637,6.0,11,20.05915372104109,,0.0,0.0,0.0,0.0,44.125340923383085,optimal
2021-02-12 15:30:00,39,120,0.0,0.0,0.0,0.0788666666666666,13.9125,6.0,11,20.030183316484035,,0.0,0.0,0.0,0.0,43.86909197892387,optimal
2021-02-12 16:00:00,39,120,0.2456479564560418,0.0356074074074074,0.0,2.7108000000000003,13.3665,6.0,11,20.0,,859.7678475961466,0.0,0.0,32.046666666666674,43.61309928340911,optimal
2021-02-12 16:30:00,39,120,1.1428571428571428,0.0,0.0,1.1168333333333331,13.0095,6.0,11,20.0,,4000.0,0.0,0.0,0.0,43.35736258058987,optimal
2021-02-12 17:00:00,39,120,0.0,0.0,0.0,1.8628666666666664,13.8915,6.0,11,20.027563809758256,,0.0,0.0,0.0,0.0,43.10188161447345,optimal
2021-02-12 17:30:00,39,120,0.4179395701033646,0.2322222222222222,0.0,0.3155666666666666,13.188,6.0,11,20.010322239203084,,1462.7884953617763,0.0,0.0,209.0,42.84665612932314,optimal
2021-02-12 18:00:00,39,120,0.6741414674226944,0.8932814814814815,0.0,0.3508666666666666,12.5685,6.0,11,20.0,,2359.4951359794304,0.0,0.0,803.9533333333334,42.591685869658,optimal
2021-02-12 18:30:00,39,120,0.6680377628983455,0.9644962962962964,0.0,0.3504,12.285,6.0,11,20.0,,2338.1321701442093,0.0,0.0,868.0466666666669,42.336970580252505,optimal
2021-02-12 19:00:00,39,120,1.1428571428571428,0.0,0.0,0.2873333333333333,11.487,6.0,11,20.0,,4000.0,0.0,0.0,0.0,42.29463360967225,optimal
2021-02-12 19:30:00,39,120,0.1099967821275961,0.0774074074074074,0.0,0.4195333333333333,11.802,6.0,11,20.02156555914853,,384.9887374465865,0.0,0.0,69.66666666666666,42.25233897606258,optimal
2021-02-12 20:00:00,39,120,0.5841573355149605,0.0,0.0,1.2577333333333331,11.2245,6.0,11,20.0,,2044.550674302362,0.0,0.0,0.0,42.21008663708652,optimal
2021-02-12 20:30:00,39,120,0.0,0.1548148148148148,0.0,1.1176,11.025,6.0,11,20.0,,0.0,0.0,0.0,139.33333333333331,42.16787655044944,optimal
2021-02-12 21:00:00,39,120,0.0,0.2322222222222222,0.0,0.4816666666666667,11.907,6.0,11,19.972948760350857,,0.0,0.0,0.0,209.0,42.12570867389898,optimal
2021-02-12 21:30:00,39,120,0.0,0.0774074074074074,0.0,0.2619333333333333,25.83,6.0,11,19.946691702698747,,0.0,0.0,0.0,69.66666666666666,42.08358296522509,optimal
2021-02-12 22:00:00,39,120,0.0,5.882962962962964,0.0,0.2187666666666667,28.035,6.0,11,19.91836133358335,,0.0,0.0,0.0,5294.666666666667,42.04149938225986,optimal
2021-02-12 22:30:00,39,120,0.0,0.2322222222222222,0.0,0.3384333333333333,28.119,6.0,11,19.8919129034624,,0.0,0.0,0.0,209.0,41.9994578828776,optimal
2021-02-12 23:00:00,39,120,0.0,0.0,0.0,0.1293333333333333,30.156,6.0,11,19.86837691712893,,0.0,0.0,0.0,0.0,41.95745842499472,optimal
2021-02-12 23:30:00,39,120,0.0,0.0,0.0,0.1464333333333333,29.1585,6.0,11,19.83502476728927,,0.0,0.0,0.0,0.0,41.91550096656973,optimal
2021-02-13 00:00:00,39,120,1.1428571428571428,0.0,5.0,0.0495,9.9225,6.0,-13,19.83502476728927,,4000.0,0.0,0.0,0.0,44.24858546560316,optimal
2021-02-13 00:30:00,39,120,1.1428571428571428,0.3096296296296296,5.0,0.0799,9.702,6.0,-13,19.84806413070393,,4000.0,0.0,0.0,278.66666666666663,46.579336880137554,optimal
2021-02-13 01:00:00,39,120,1.1428571428571428,0.0,0.0,0.0613333333333333,10.584,6.0,-13,19.863739935919508,,4000.0,0.0,0.0,0.0,46.53275754325742,optimal
2021-02-13 01:30:00,39,120,1.1428571428571428,0.0,4.50982135146066,0.1351333333333333,10.143,6.0,-13,19.876041466890364,,4000.0,0.0,0.0,0.0,48.62838992765797,optimal
2021-02-13 02:00:00,39,120,1.1428571428571428,0.0,0.0,0.1463666666666666,13.0095,6.0,-13,19.887826487721103,,4000.0,0.0,0.0,0.0,48.57976153773031,optimal
2021-02-13 02:30:00,39,120,1.1428571428571428,0.0,0.0,0.1496666666666666,11.025,6.0,-13,19.89982412047257,,4000.0,0.0,0.0,0.0,48.53118177619257,optimal
2021-02-13 03:00:00,39,120,1.1428571428571428,0.0,0.0,0.1425333333333333,12.789,6.0,-13,19.911838168895574,,4000.0,0.0,0.0,0.0,48.48265059441637,optimal
2021-02-13 03:30:00,39,120,1.1428571428571428,0.0,0.0,0.1789666666666666,12.1275,6.0,-13,19.92374149799733,,4000.0,0.0,0.0,0.0,48.434167943821954,optimal
2021-02-13 04:00:00,39,120,1.1428571428571428,0.0,0.0,0.046,12.1695,6.0,-13,19.935965943229476,,4000.0,0.0,0.0,0.0,48.38573377587813,optimal
2021-02-13 04:30:00,39,120,1.1428571428571428,0.0,0.0,0.2181999999999999,12.306,6.0,-13,19.94644717901601,,4000.0,0.0,0.0,0.0,48.33734804210225,optimal
2021-02-13 05:00:00,39,120,1.1428571428571428,0.0,0.0,0.1351333333333333,13.23,6.0,-13,19.958807178311723,,4000.0,0.0,0.0,0.0,48.28901069406015,optimal
2021-02-13 05:30:00,39,120,1.1428571428571428,0.0,0.0,0.046,13.671,6.0,-13,19.969932470201467,,4000.0,0.0,0.0,0.0,48.24072168336608,optimal
2021-02-13 06:00:00,39,120,1.1428571428571428,0.0,0.0,0.046,13.9335,6.0,-13,19.979751596354696,,4000.0,0.0,0.0,0.0,48.19248096168271,optimal
2021-02-13 06:30:00,39,120,1.1428571428571428,0.0,0.0,0.3073333333333333,13.293,6.0,-13,19.989352999186952,,4000.0,0.0,0.0,0.0,48.144288480721016,optimal
2021-02-13 07:00:00,39,120,1.1428571428571428,0.0,0.0,0.046,12.1065,6.0,-13,20.00201989085544,,4000.0,0.0,0.0,0.0,48.096144192240295,optimal
2021-02-13 07:30:00,39,120,1.1428571428571428,0.5418518518518518,0.0,1.298533333333333,11.571,6.0,-13,20.011378889107892,,4000.0,0.0,0.0,487.6666666666667,48.048048048048045,optimal
2021-02-13 08:00:00,39,120,1.1428571428571428,0.3096296296296296,0.0,0.1138,11.025,6.0,-13,20.028994387758694,,4000.0,0.0,0.0,278.66666666666663,48.0,optimal
2021-02-13 08:30:00,39,120,1.1428571428571428,0.6192592592592592,0.0,0.5812666666666666,10.8465,6.0,-13,20.045062937281717,,4000.0,0.0,0.0,557.3333333333333,47.66550191903852,optimal
2021-02-13 09:00:00,39,120,1.1428571428571428,0.0,0.0,0.2053333333333332,11.2455,6.0,-13,20.06373837052352,,4000.0,0.0,0.0,0.0,47.331338336158,optimal
2021-02-13 09:30:00,39,120,0.0,0.0,0.0,0.0923666666666666,23.8665,6.0,-13,20.074711323056555,,0.0,0.0,0.0,0.0,46.99750891686036,optimal
2021-02-13 10:00:00,39,120,0.0,0.0,0.0,0.1662666666666666,27.4575,6.0,-13,20.03605259011193,,0.0,0.0,0.0,0.0,46.66401332698202,optimal
2021-02-13 10:30:00,39,120,0.0,2.9183483647992547,0.0,0.1835,27.3735,6.0,-13,20.001839300145125,,0.0,2626.513528319329,0.0,0.0,46.33085123269356,optimal
2021-02-13 11:00:00,39,120,0.0,2.880354179753742,0.0,0.0737666666666666,30.4605,6.0,-13,20.0,,0.0,2592.3187617783683,0.0,0.0,45.998022300499386,optimal
2021-02-13 11:30:00,39,120,0.0,2.660646364014726,0.0,0.2633666666666667,30.0195,6.0,-13,20.0,,0.0,2394.581727613254,0.0,0.0,45.665526197237405,optimal
2021-02-13 12:00:00,39,120,0.0,2.721667021466136,0.0,0.0836,26.9325,6.0,-13,20.0,,0.0,2449.500319319522,0.0,0.0,45.333362590078686,optimal
2021-02-13 12:30:00,39,120,0.6804836907589361,0.0,0.0,0.1351333333333333,14.595,6.0,-13,20.0,,2381.692917656276,0.0,0.0,0.0,45.00153114652713,optimal
2021-02-13 13:00:00,39,120,0.675343345591719,0.0,0.0,0.0838,12.4845,6.0,-13,20.0,,2363.7017095710166,0.0,0.0,0.0,44.67003153441912,optimal
2021-02-13 13:30:00,39,120,0.9176377253488648,0.0,0.0,0.1162,12.1275,6.0,-13,20.0,,3211.732038721027,0.0,0.0,0.0,44.33886342192323,optimal
2021-02-13 14:00:00,39,120,1.1428571428571428,0.0,0.0,0.2218666666666666,12.1275,6.0,-13,20.0109239607455,,4000.0,0.0,0.0,0.0,44.00802647753983,optimal
2021-02-13 14:30:00,39,120,0.0,0.0,0.0,0.1378,12.789,6.0,-13,20.03022015371998,,0.0,0.0,0.0,0.0,43.67752037010081,optimal
2021-02-13 15:00:00,39,120,0.7804661316465048,0.0,0.0,0.046,11.907,6.0,-13,20.0,,2731.631460762767,0.0,0.0,0.0,43.347344768769226,optimal
2021-02-13 15:30:00,39,120,0.7383253892645745,0.0,0.0,0.2097666666666666,11.025,6.0,-13,20.0,,2584.1388624260107,0.0,0.0,0.0,43.01749934303898,optimal
2021-02-13 16:00:00,39,120,1.1428571428571428,0.0,0.0,0.1435666666666666,8.2005,6.0,-13,20.0,,4000.0,0.0,0.0,0.0,42.68798376273446,optimal
2021-02-13 16:30:00,39,120,0.6298846735304929,0.387037037037037,0.0,0.1678666666666666,9.5655,6.0,-13,20.01378791846302,,2204.596357356725,0.0,0.0,348.3333333333333,42.35879769801025,optimal
2021-02-13 17:00:00,39,120,1.1428571428571428,0.0,0.0,0.2269333333333333,7.056,6.0,-13,20.008611816740988,,4000.0,0.0,0.0,0.0,42.02994081935076,optimal
2021-02-13 17:30:00,39,120,1.1428571428571428,0.0,0.0,0.0655333333333333,9.3975,6.0,-13,20.02120091423957,,4000.0,0.0,0.0,0.0,41.70141279756993,optimal
2021-02-13 18:00:00,39,120,0.0,0.0774074074074074,0.0,0.3468,10.059,6.0,-13,20.031559958766856,,0.0,0.0,0.0,69.66666666666666,41.37321330381088,optimal
2021-02-13 18:30:00,39,120,1.1428571428571428,0.0,0.0,0.3193333333333333,9.261,6.0,-13,20.0,,4000.0,0.0,0.0,0.0,41.04534200954559,optimal
2021-02-13 19:00:00,39,120,1.1428571428571428,0.0,0.0,0.056,8.1585,6.0,-13,20.01395976127705,,4000.0,0.0,0.0,0.0,40.71779858657456,optimal
2021-02-13 19:30:00,39,120,0.1198759726853011,0.4644444444444444,0.0,0.7456,9.4815,6.0,-13,20.02283450461237,,419.5659043985541,0.0,0.0,418.0,40.3905827070265,optimal
2021-02-13 20:00:00,39,120,0.9076240021816118,0.0,0.0,0.1810999999999999,8.379,6.0,-13,20.0,,3176.684007635641,0.0,0.0,0.0,40.063694043358,optimal
2021-02-13 20:30:00,39,120,0.0,0.0,0.0,0.1166333333333333,9.5235,6.0,-13,20.0,,0.0,0.0,0.0,0.0,39.73713226835316,optimal
2021-02-13 21:00:00,39,120,0.0,0.0,0.0,0.1428,8.1375,6.0,-13,19.960515190027127,,0.0,0.0,0.0,0.0,39.41089705512333,optimal
2021-02-13 21:30:00,39,120,0.0,0.0,0.0,0.1663333333333333,10.0905,6.0,-13,19.9214274324866,,0.0,0.0,0.0,0.0,39.08498807710673,optimal
2021-02-13 22:00:00,39,120,0.0,0.0,0.0,0.0702666666666666,7.539,6.0,-13,19.88260473188344,,0.0,0.0,0.0,0.0,38.75940500806814,optimal
2021-02-13 22:30:00,39,120,0.0,0.0,0.0,0.2652666666666666,7.938,6.0,-13,19.842589554475357,,0.0,0.0,0.0,0.0,38.4341475220986,optimal
2021-02-13 23:00:00,39,120,0.0,0.0,0.0,0.0973666666666666,8.274,6.0,-13,19.805128394744703,,0.0,0.0,0.0,0.0,38.10921529361502,optimal
2021-02-13 23:30:00,39,120,0.0,0.0,0.0,0.2594666666666666,9.261,6.0,-13,19.76579521683292,,0.0,0.0,0.0,0.0,38.07110607832141,optimal
2021-02-07 00:00:00,40,120,0.0,0.0774074074074074,1.7317207469365838,0.0761666666666666,9.261,6.0,-16,21.0,,0.0,0.0,0.0,69.66666666666666,48.77456735479488,optimal
2021-02-07 00:30:00,40,120,0.0,0.0,0.0,0.067,11.7075,6.0,-16,20.96862727555476,,0.0,0.0,0.0,0.0,48.72579278744007,optimal
2021-02-07 01:00:00,40,120,0.0,0.0,0.0,0.1924,12.348,6.0,-16,20.93618329533981,,0.0,0.0,0.0,0.0,48.67706699465263,optimal
2021-02-07 01:30:00,40,120,0.0,0.0,0.0,0.056,12.348,6.0,-16,20.90470666489692,,0.0,0.0,0.0,0.0,48.62838992765797,optimal
2021-02-07 02:00:00,40,120,0.0,0.0,0.0,0.056,12.1275,6.0,-16,20.87153163909297,,0.0,0.0,0.0,0.0,48.57976153773031,optimal
2021-02-07 02:30:00,40,120,0.0,0.0,0.0,0.1861999999999999,12.5265,6.0,-16,20.83832325672005,,0.0,0.0,0.0,0.0,48.53118177619257,optimal
2021-02-07 03:00:00,40,120,0.0,0.0,0.0,0.0622,11.7495,6.0,-16,20.806568596855044,,0.0,0.0,0.0,0.0,48.48265059441637,optimal
2021-02-07 03:30:00,40,120,0.0,0.0,0.0,0.056,13.23,6.0,-16,20.77316802575277,,0.0,0.0,0.0,0.0,48.434167943821954,optimal
2021-02-07 04:00:00,40,120,0.0,0.0,0.0,0.067,14.3325,6.0,-16,20.739659014711226,,0.0,0.0,0.0,0.0,48.38573377587813,optimal
2021-02-07 04:30:00,40,120,0.0,0.1548148148148148,0.0,0.1735,14.994,6.0,-16,20.70670206172243,,0.0,0.0,0.0,139.33333333333331,48.33734804210225,optimal
2021-02-07 05:00:00,40,120,0.0,0.0,0.0,0.1201333333333333,14.8155,6.0,-16,20.68112878762073,,0.0,0.0,0.0,0.0,48.28901069406015,optimal
2021-02-07 05:30:00,40,120,0.0,0.0,0.0,0.056,14.112,6.0,-16,20.651633145937257,,0.0,0.0,0.0,0.0,48.24072168336608,optimal
2021-02-07 06:00:00,40,120,0.0,0.0,0.0,0.1366,14.007,6.0,-16,20.61826595729172,,0.0,0.0,0.0,0.0,48.19248096168271,optimal
2021-02-07 06:30:00,40,120,0.0,0.3096296296296296,0.0,0.1471333333333333,13.23,6.0,-16,20.58594681805948,,0.0,0.0,0.0,278.66666666666663,48.144288480721016,optimal
2021-02-07 07:00:00,40,120,0.0,0.2322222222222222,0.0,0.0751,11.382,6.0,-16,20.555243738995028,,0.0,0.0,0.0,209.0,48.096144192240295,optimal
2021-02-07 07:30:00,40,120,0.0,0.387037037037037,0.0,1.7182666666666668,11.7495,6.0,-16,20.531302586562497,,0.0,0.0,0.0,348.3333333333333,48.048048048048045,optimal
2021-02-07 08:00:00,40,120,0.0,1.548148148148148,0.0,0.2852,24.3285,6.0,-16,20.50963756401688,,0.0,0.0,0.0,1393.3333333333333,48.0,optimal
2021-02-07 08:30:00,40,120,0.0,0.0,0.0,0.2204,28.917,6.0,-16,20.484415638492877,,0.0,0.0,0.0,0.0,47.71349356803725,optimal
2021-02-07 09:00:00,40,120,0.0,0.0,0.0,0.2074,31.3635,6.0,-16,20.448603938222742,,0.0,0.0,0.0,0.0,47.427273642506464,optimal
2021-02-07 09:30:00,40,120,0.0,0.0,0.0,0.1815,33.306,6.0,-16,20.4134924695355,,0.0,0.0,0.0,0.0,47.14133993690121,optimal
2021-02-07 10:00:00,40,120,0.0,0.0,0.0,0.1924,31.3425,6.0,-16,20.377942815345456,,0.0,0.0,0.0,0.0,46.85569216500157,optimal
2021-02-07 10:30:00,40,120,0.0,0.0,0.0,0.056,28.2555,6.0,-16,20.3451465937602,,0.0,0.0,0.0,0.0,46.57033004087381,optimal
2021-02-07 11:00:00,40,120,0.0,0.0,0.0,0.1428,15.6975,6.0,-16,20.31055546484321,,0.0,0.0,0.0,0.0,46.285253278870194,optimal
2021-02-07 11:30:00,40,120,0.0,0.0,0.0,0.1056,12.5475,6.0,-16,20.27854009775265,,0.0,0.0,0.0,0.0,46.00046159362858,optimal
2021-02-07 12:00:00,40,120,0.0,0.0,0.0,0.056,12.0855,6.0,-16,20.246135019971742,,0.0,0.0,0.0,0.0,45.7159547000722,optimal
2021-02-07 12:30:00,40,120,0.0,0.1548148148148148,0.0,0.2330666666666666,11.907,6.0,-16,20.214320931445773,,0.0,0.0,0.0,139.33333333333331,45.43173231340938,optimal
2021-02-07 13:00:00,40,120,0.0,0.0,0.0,1.7453666666666665,12.5685,6.0,-16,20.185323938076262,,0.0,0.0,0.0,0.0,45.147794149133226,optimal
2021-02-07 13:30:00,40,120,0.0,0.0,0.0,0.305,13.146,6.0,-16,20.163805176402388,,0.0,0.0,0.0,0.0,44.86413992302135,optimal
2021-02-07 14:00:00,40,120,0.0,0.0,0.0,0.3391,10.584,6.0,-16,20.137729637816925,,0.0,0.0,0.0,0.0,44.58076935113558,optimal
2021-02-07 14:30:00,40,120,0.3180118990975125,0.3096296296296296,0.0,0.3801666666666667,6.678,6.0,-16,20.11112331525944,,1113.0416468412936,0.0,0.0,278.66666666666663,44.297682149821696,optimal
2021-02-07 15:00:00,40,120,0.0,0.0774074074074074,0.0,1.0514666666666668,7.938,6.0,-16,20.105489001487328,,0.0,0.0,0.0,69.66666666666666,44.01487803570912,optimal
2021-02-07 15:30:00,40,120,1.1428571428571428,0.0,0.0,0.097,5.292,6.0,-16,20.091202388208515,,4000.0,0.0,0.0,0.0,43.732356725710666,optimal
2021-02-07 16:00:00,40,120,0.0,0.0774074074074074,0.0,0.1102666666666666,9.261,6.0,-16,20.10928938450846,,0.0,0.0,0.0,69.66666666666666,43.450117937022206,optimal
2021-02-07 16:30:00,40,120,0.0,0.0,0.0,0.0974666666666666,10.3635,6.0,-16,20.08360907398168,,0.0,0.0,0.0,0.0,43.16816138712244,optimal
2021-02-07 17:00:00,40,120,0.0,0.2322222222222222,0.0,0.2124,8.274,6.0,-16,20.05661123814683,,0.0,0.0,0.0,209.0,42.88648679377257,optimal
2021-02-07 17:30:00,40,120,0.0,0.0,0.0,0.0866666666666666,7.7175,6.0,-16,20.03226648900027,,0.0,0.0,0.0,0.0,42.605093875016046,optimal
2021-02-07 18:00:00,40,120,0.6947948302973213,0.2322222222222222,0.0,0.2176999999999999,6.615,6.0,-16,20.0,,2431.781906040625,0.0,0.0,209.0,42.32398234917828,optimal
2021-02-07 18:30:00,40,120,0.5330832967263214,0.0,0.0,0.2425999999999999,6.174,6.0,-16,20.0,,1865.7915385421247,0.0,0.0,0.0,42.04315193486635,optimal
2021-02-07 19:00:00,40,120,0.5237393822030701,0.3096296296296296,0.0,0.0951666666666666,3.906,6.0,-16,20.0,,1833.0878377107451,0.0,0.0,278.66666666666663,41.762602350968734,optimal
2021-02-07 19:30:00,40,120,0.7253774774411005,0.0,0.0,0.1459333333333333,2.3415,6.0,-16,20.0,,2538.821171043852,0.0,0.0,0.0,41.482333316655016,optimal
2021-02-07 20:00:00,40,120,0.6058917631554371,0.0,0.0,0.1843,2.205,6.0,-16,20.0,,2120.6211710440302,0.0,0.0,0.0,41.20234455137561,optimal
2021-02-07 20:30:00,40,120,0.0,0.0,0.0,1.2055,0.882,6.0,-16,20.0,,0.0,0.0,0.0,0.0,40.92263577486149,optimal
2021-02-07 21:00:00,40,120,0.0,0.1548148148148148,0.0,0.2633666666666667,1.5435,6.0,-16,19.98745995995324,,0.0,0.0,0.0,139.33333333333331,40.88171313908663,optimal
2021-02-07 21:30:00,40,120,0.0,0.2322222222222222,0.0,0.4331,1.5435,6.0,-16,19.96220520876136,,0.0,0.0,0.0,209.0,40.84083142594754,optimal
2021-02-07 22:00:00,40,120,0.0,0.0,0.0,0.1708,5.0715,6.0,-16,19.940512290176223,,0.0,0.0,0.0,0.0,40.7999905945216,optimal
2021-02-07 22:30:00,40,120,0.0,0.0,0.0,0.1509666666666666,5.376,6.0,-16,19.914255423034543,,0.0,0.0,0.0,0.0,40.759190603927074,optimal
2021-02-07 23:00:00,40,120,0.0,0.0,0.0,0.1961999999999999,5.0715,6.0,-16,19.884761379110543,,0.0,0.0,0.0,0.0,40.718431413323145,optimal
2021-02-07 23:30:00,40,120,0.0,0.0,0.0,0.066,5.5125,6.0,-16,19.853509421607143,,0.0,0.0,0.0,0.0,40.67771298190982,optimal
2021-02-08 00:00:00,40,120,1.1428571428571428,0.0,0.0,0.0676666666666666,8.6835,6.0,-2,19.853509421607143,,4000.0,0.0,0.0,0.0,40.63703526892791,optimal
2021-02-08 00:30:00,40,120,1.1428571428571428,0.0,0.0,0.062,7.665,6.0,-2,19.868718359131925,,4000.0,0.0,0.0,0.0,40.59639823365898,optimal
2021-02-08 01:00:00,40,120,1.1428571428571428,0.0,0.0,0.062,6.7725,6.0,-2,19.88389714398201,,4000.0,0.0,0.0,0.0,40.55580183542532,optimal
2021-02-08 01:30:00,40,120,1.1428571428571428,0.0,2.147710845453078,0.1934666666666666,5.5755,6.0,-2,19.89904583593697,,4000.0,0.0,0.0,0.0,41.5354086851801,optimal
2021-02-08 02:00:00,40,120,1.1428571428571428,0.0,5.0,0.1006666666666666,5.0925,6.0,-2,19.915666938571363,,4000.0,0.0,0.0,0.0,43.86887327649492,optimal
2021-02-08 02:30:00,40,120,1.1428571428571428,0.0,5.0,0.062,4.1895,6.0,-2,19.9310254392302,,4000.0,0.0,0.0,0.0,46.200004403218415,optimal
2021-02-08 03:00:00,40,120,1.1428571428571428,0.0,0.0,0.062,7.056,6.0,-2,19.945981568234213,,4000.0,0.0,0.0,0.0,46.15380439881519,optimal
2021-02-08 03:30:00,40,120,1.1428571428571428,0.0,5.0,0.062,5.271,6.0,-2,19.961007173915384,,4000.0,0.0,0.0,0.0,48.48265059441637,optimal
2021-02-08 04:00:00,40,120,1.1428571428571428,0.0,0.0,0.062,7.938,6.0,-2,19.97590386224569,,4000.0,0.0,0.0,0.0,48.434167943821954,optimal
2021-02-08 04:30:00,40,120,1.1428571428571428,0.0,0.0,0.2321333333333333,7.938,6.0,-2,19.99067188881189,,4000.0,0.0,0.0,0.0,48.38573377587813,optimal
2021-02-08 05:00:00,40,120,1.1428571428571428,0.0,0.0,0.062,11.907,6.0,-2,20.007285003212395,,4000.0,0.0,0.0,0.0,48.33734804210225,optimal
2021-02-08 05:30:00,40,120,1.1428571428571428,0.0,0.0,0.178,11.025,6.0,-2,20.0215943021217,,4000.0,0.0,0.0,0.0,48.28901069406015,optimal
2021-02-08 06:00:00,40,120,1.1428571428571428,0.0,0.0,0.1161333333333333,11.2875,6.0,-2,20.037189255617964,,4000.0,0.0,0.0,0.0,48.24072168336608,optimal
2021-02-08 06:30:00,40,120,1.1428571428571428,0.0,0.0,0.07,12.936,6.0,-2,20.051900482027737,,4000.0,0.0,0.0,0.0,48.19248096168271,optimal
2021-02-08 07:00:00,40,120,1.1428571428571428,0.0,0.0,0.2374666666666666,13.0095,6.0,-2,20.06582394351649,,4000.0,0.0,0.0,0.0,48.144288480721016,optimal
2021-02-08 07:30:00,40,120,0.0,0.0774074074074074,0.0,0.0606666666666666,13.671,6.0,-2,20.081693295385985,,0.0,0.0,0.0,69.66666666666666,48.096144192240295,optimal
2021-02-08 08:00:00,40,120,1.1428571428571428,1.1611111111111108,0.0,0.3044333333333333,13.188,6.0,-2,20.0475690493846,,4000.0,0.0,0.0,1044.9999999999998,48.048048048048045,optimal
2021-02-08 08:30:00,40,120,0.0,0.387037037037037,0.0,0.2169333333333333,13.8495,6.0,-2,20.0676836003592,,0.0,0.0,0.0,348.3333333333333,48.0,optimal
2021-02-08 09:00:00,40,120,1.1428571428571428,0.0,0.0,0.1520333333333333,13.23,6.0,-2,20.03891592017053,,4000.0,0.0,0.0,0.0,47.93925757453162,optimal
2021-02-08 09:30:00,40,120,0.92812673730048,0.0,0.0,2.8077,13.3665,6.0,-2,20.058534969711104,,3248.44358055168,0.0,0.0,0.0,47.87857589148872,optimal
2021-02-08 10:00:00,40,120,1.1428571428571428,0.3096296296296296,0.0,2.578966666666666,13.0515,6.0,-2,20.07725685300702,,4000.0,0.0,0.0,278.66666666666663,47.81795489012885,optimal
2021-02-08 10:30:00,40,120,0.0,0.0774074074074074,0.0,0.0793333333333333,13.5345,6.0,-2,20.106806769392705,,0.0,0.0,0.0,69.66666666666666,47.75739450977035,optimal
2021-02-08 11:00:00,40,120,0.0,0.0,0.0,0.2401333333333333,14.154,6.0,-2,20.07858135357632,,0.0,0.0,0.0,0.0,47.6968946897922,optimal
2021-02-08 11:30:00,40,120,0.0,0.3096296296296296,0.0,0.07,14.112,6.0,-2,20.05391481060985,,0.0,0.0,0.0,278.66666666666663,47.63645536963404,optimal
2021-02-08 12:00:00,40,120,0.0,0.2322222222222222,0.0,0.0930999999999999,14.2485,6.0,-2,20.02671460402033,,0.0,0.0,0.0,209.0,47.576076488796026,optimal
2021-02-08 12:30:00,40,120,1.1428571428571428,0.3096296296296296,0.0,0.2731333333333333,12.789,6.0,-2,20.00029476383585,,4000.0,0.0,0.0,278.66666666666663,47.51575798683886,optimal
2021-02-08 13:00:00,40,120,1.1428571428571428,0.0,0.0,0.1668333333333333,13.0095,6.0,-2,20.025132714124865,,4000.0,0.0,0.0,0.0,47.455499803383645,optimal
2021-02-08 13:30:00,40,120,1.1428571428571428,0.0,0.0,0.4228,12.1275,6.0,-2,20.04813942377867,,4000.0,0.0,0.0,0.0,47.39530187811189,optimal
2021-02-08 14:00:00,40,120,1.1428571428571428,0.0,0.0,0.2253,12.348,6.0,-2,20.074173404394557,,4000.0,0.0,0.0,0.0,47.3351641507654,optimal
2021-02-08 14:30:00,40,120,1.1428571428571428,0.0,0.0,0.2201999999999999,12.348,6.0,-2,20.098976671840365,,4000.0,0.0,0.0,0.0,47.27508656114626,optimal
2021-02-08 15:00:00,40,120,0.0,0.1548148148148148,0.0,0.4307333333333333,25.389,6.0,-2,20.125607116930347,,0.0,0.0,0.0,139.33333333333331,47.21506904911674,optimal
2021-02-08 15:30:00,40,120,0.0,0.6966666666666667,0.0,0.3965666666666667,29.1375,6.0,-2,20.106306222188252,,0.0,0.0,0.0,627.0,47.15511155459925,optimal
2021-02-08 16:00:00,40,120,0.0,0.8514814814814814,0.0,0.6482666666666667,30.597,6.0,-2,20.08820461507785,,0.0,0.0,0.0,766.3333333333333,47.09521401757628,optimal
2021-02-08 16:30:00,40,120,0.0,0.2322222222222222,0.0,0.5124,33.684,6.0,-2,20.0711061463064,,0.0,0.0,0.0,209.0,47.03537637809033,optimal
2021-02-08 17:00:00,40,120,0.0,0.3096296296296296,0.0,2.4868,32.445,6.0,-2,20.052391545718333,,0.0,0.0,0.0,278.66666666666663,46.97559857624386,optimal
2021-02-08 17:30:00,40,120,0.0,1.0837037037037036,0.0,0.3480666666666666,28.917,6.0,-2,20.04637800399105,,0.0,0.0,0.0,975.3333333333334,46.91588055219924,optimal
2021-02-08 18:00:00,40,120,0.0,0.3096296296296296,0.0,1.1425999999999998,15.876,6.0,-2,20.023012141834705,,0.0,0.0,0.0,278.66666666666663,46.85622224617867,optimal
2021-02-08 18:30:00,40,120,0.5233256067156827,1.470740740740741,0.0,0.4367333333333333,12.348,6.0,-2,20.0,,1831.6396235048892,0.0,0.0,1323.6666666666667,46.79662359846412,optimal
2021-02-08 19:00:00,40,120,1.0610577775740826,0.1548148148148148,0.0,0.2281,12.1275,6.0,-2,20.0,,3713.702221509289,0.0,0.0,139.33333333333331,46.73708454939728,optimal
2021-02-08 19:30:00,40,120,0.0,0.387037037037037,0.0,0.2731333333333333,12.348,6.0,-2,20.02244433860688,,0.0,0.0,0.0,348.3333333333333,46.6776050393795,optimal
2021-02-08 20:00:00,40,120,0.4816261317132312,0.0,0.0,0.6891666666666666,12.1275,6.0,-2,20.0,,1685.6914609963094,0.0,0.0,0.0,46.61818500887175,optimal
2021-02-08 20:30:00,40,120,0.0,0.0,0.0,2.1063,12.1275,6.0,-2,20.0,,0.0,0.0,0.0,0.0,46.5588243983945,optimal
2021-02-08 21:00:00,40,120,0.0,0.0,0.0,0.1760666666666666,11.2665,6.0,-2,19.991321474970015,,0.0,0.0,0.0,0.0,46.49952314852773,optimal
2021-02-08 21:30:00,40,120,0.0,0.2322222222222222,0.0,0.2931666666666667,10.143,6.0,-2,19.960533519130976,,0.0,0.0,0.0,209.0,46.4530236253792,optimal
2021-02-08 22:00:00,40,120,0.0,0.0,0.0,0.3681999999999999,11.2455,6.0,-2,19.93174494841197,,0.0,0.0,0.0,0.0,46.40657060175382,optimal
2021-02-08 22:30:00,40,120,0.0,1.7803703703703702,0.0,0.3797,11.025,6.0,-2,19.90494367734418,,0.0,0.0,0.0,1602.3333333333333,46.36016403115207,optimal
2021-02-08 23:00:00,40,120,0.0,0.0,0.0,0.4303333333333333,5.9745,6.0,-2,19.87865070995491,,0.0,0.0,0.0,0.0,46.31380386712092,optimal
2021-02-08 23:30:00,40,120,0.0,0.0,0.0,0.4831666666666667,7.938,6.0,-2,19.85144945021691,,0.0,0.0,0.0,0.0,46.2674900632538,optimal
2021-02-09 00:00:00,40,120,1.1428571428571428,0.0,0.0022634621161674,0.0633333333333333,13.671,6.0,-16,19.85144945021691,,4000.0,0.0,0.0,0.0,46.22229771769573,optimal
2021-02-09 00:30:00,40,120,1.1428571428571428,0.0,0.0,0.063,15.981,6.0,-16,19.864914712218937,,4000.0,0.0,0.0,0.0,46.17607541997803,optimal
2021-02-09 01:00:00,40,120,1.1428571428571428,0.0,0.0,0.3045666666666666,15.6345,6.0,-16,19.878452406635663,,4000.0,0.0,0.0,0.0,46.12989934455804,optimal
2021-02-09 01:30:00,40,120,1.1428571428571428,0.0,0.0,0.0680333333333333,16.5375,6.0,-16,19.895005237911416,,4000.0,0.0,0.0,0.0,46.08376944521348,optimal
2021-02-09 02:00:00,40,120,1.1428571428571428,0.0,0.0,0.1977333333333333,14.7735,6.0,-16,19.908445465620616,,4000.0,0.0,0.0,0.0,46.037685675768266,optimal
2021-02-09 02:30:00,40,120,1.1428571428571428,0.0,0.0,0.1748666666666666,15.2145,6.0,-16,19.92324084086424,,4000.0,0.0,0.0,0.0,45.99164799009249,optimal
2021-02-09 03:00:00,40,120,1.1428571428571428,0.0,0.0,0.1094333333333333,14.553,6.0,-16,19.937827441907608,,4000.0,0.0,0.0,0.0,45.9456563421024,optimal
2021-02-09 03:30:00,40,120,1.1428571428571428,0.0,0.0,0.1625,14.3325,6.0,-16,19.951687120915224,,4000.0,0.0,0.0,0.0,45.89971068576028,optimal
2021-02-09 04:00:00,40,120,1.1428571428571428,0.0,0.0,0.1733333333333333,14.595,6.0,-16,19.96636405487148,,4000.0,0.0,0.0,0.0,45.85381097507452,optimal
2021-02-09 04:30:00,40,120,1.1428571428571428,0.0,0.0,0.1900333333333333,14.994,6.0,-16,19.98122435990346,,4000.0,0.0,0.0,0.0,45.80795716409944,optimal
2021-02-09 05:00:00,40,120,1.1428571428571428,0.0,0.0,0.1684666666666666,14.3325,6.0,-16,19.99616597260037,,4000.0,0.0,0.0,0.0,45.76214920693534,optimal
2021-02-09 05:30:00,40,120,1.1428571428571428,0.0,0.0,0.0780999999999999,13.8915,6.0,-16,20.010629156132293,,4000.0,0.0,0.0,0.0,45.7163870577284,optimal
2021-02-09 06:00:00,40,120,1.1428571428571428,0.0,0.0,0.2089333333333333,13.8915,6.0,-16,20.02396278774385,,4000.0,0.0,0.0,0.0,45.670670670670674,optimal
2021-02-09 06:30:00,40,120,1.1428571428571428,0.5418518518518518,5.0,0.2621,13.4715,6.0,-16,20.038863841165096,,4000.0,0.0,0.0,487.6666666666667,48.0,optimal
2021-02-09 07:00:00,40,120,1.1428571428571428,1.6255555555555554,0.0,0.1027,13.23,6.0,-16,20.05611005199997,,4000.0,0.0,0.0,1463.0,47.73954441067373,optimal
2021-02-09 07:30:00,40,120,1.1428571428571428,0.4644444444444444,0.0,1.0121,13.8915,6.0,-16,20.07099804104286,,4000.0,0.0,0.0,418.0,47.47934927693679,optimal
2021-02-09 08:00:00,40,120,0.0,0.0,0.0,1.2371333333333334,26.9325,6.0,-16,20.09874160676021,,0.0,0.0,0.0,0.0,47.21941433833359,optimal
2021-02-09 08:30:00,40,120,0.0,0.387037037037037,0.0,0.1843333333333333,30.303,6.0,-16,20.081920578642222,,0.0,0.0,0.0,348.3333333333333,46.95973933466898,optimal
2021-02-09 09:00:00,40,120,0.0,0.0,0.0,0.1592333333333333,32.886,6.0,-16,20.048348608100778,,0.0,0.0,0.0,0.0,46.700324006008046,optimal
2021-02-09 09:30:00,40,120,0.0,2.1188307663734283,0.0,0.1326999999999999,34.9965,6.0,-16,20.012387345337498,,0.0,1906.9476897360853,0.0,0.0,46.44116809267577,optimal
2021-02-09 10:00:00,40,120,0.0,2.9514401041661587,0.0,0.1132666666666666,33.327,6.0,-16,20.0,,0.0,2656.2960937495427,0.0,0.0,46.18227133525682,optimal
2021-02-09 10:30:00,40,120,0.0,2.83227139584232,0.0,0.1798333333333333,31.122,6.0,-16,20.0,,0.0,2549.044256258088,0.0,0.0,45.9236334745953,optimal
2021-02-09 11:00:00,40,120,0.6558665586994878,0.0,0.0,0.1725,17.9025,6.0,-16,20.0,,2295.532955448208,0.0,0.0,0.0,45.66525425179444,optimal
2021-02-09 11:30:00,40,120,0.6532083584618489,0.0,0.0,0.1736666666666666,15.6555,6.0,-16,20.0,,2286.2292546164717,0.0,0.0,0.0,45.40713340821637,optimal
2021-02-09 12:00:00,40,120,0.5939940519507063,0.0,0.0,0.2189333333333333,14.553,6.0,-16,20.0,,2078.979181827472,0.0,0.0,0.0,45.14927068548189,optimal
2021-02-09 12:30:00,40,120,0.6380141569502178,0.0,0.0,0.073,14.3325,6.0,-16,20.0,,2233.049549325762,0.0,0.0,0.0,44.891665825470135,optimal
2021-02-09 13:00:00,40,120,0.5918241673319357,0.0,0.0,0.2056666666666666,13.335,6.0,-16,20.0,,2071.384585661775,0.0,0.0,0.0,44.6343185703184,optimal
2021-02-09 13:30:00,40,120,1.1428571428571428,0.0,0.0,0.1869333333333333,12.1275,6.0,-16,20.0,,4000.0,0.0,0.0,0.0,44.37722866242181,optimal
2021-02-09 14:00:00,40,120,0.1049838585845217,0.0,0.0,0.073,12.2955,6.0,-16,20.023167710895603,,367.44350504582593,0.0,0.0,0.0,44.120395844433126,optimal
2021-02-09 14:30:00,40,120,0.6053395972235267,0.0,0.0,0.2278666666666666,11.6865,6.0,-16,20.0,,2118.6885902823437,0.0,0.0,0.0,43.86381985926243,optimal
2021-02-09 15:00:00,40,120,0.6764794407508387,0.0,0.0,0.1647333333333333,11.466,6.0,-16,20.0,,2367.678042627935,0.0,0.0,0.0,43.6075004500769,optimal
2021-02-09 15:30:00,40,120,1.1428571428571428,0.0,0.0,0.4351,10.8045,6.0,-16,20.0,,4000.0,0.0,0.0,0.0,43.35143736030055,optimal
2021-02-09 16:00:00,40,120,1.1428571428571428,0.0,0.0,1.3522,10.584,6.0,-16,20.026290576337715,,4000.0,0.0,0.0,0.0,43.09563033361398,optimal
2021-02-09 16:30:00,40,120,0.7584254828689315,0.0774074074074074,0.0,1.6604666666666668,11.2455,6.0,-16,20.05458672303876,,2654.4891900412604,0.0,0.0,69.66666666666666,42.8400791139541,optimal
2021-02-09 17:00:00,40,120,0.0,0.2322222222222222,0.0,0.6335,12.1275,6.0,-16,20.071135072977025,,0.0,0.0,0.0,209.0,42.58478344551388,optimal
2021-02-09 17:30:00,40,120,0.0,0.3096296296296296,0.0,0.2953,11.823,6.0,-16,20.04789693296361,,0.0,0.0,0.0,278.66666666666663,42.3297430727421,optimal
2021-02-09 18:00:00,40,120,0.0,0.0,0.0,0.4925666666666666,11.7705,6.0,-16,20.022087681665766,,0.0,0.0,0.0,0.0,42.07495774034309,optimal
2021-02-09 18:30:00,40,120,1.0068295087755357,0.774074074074074,0.0,0.8605666666666667,11.13,6.0,-16,20.0,,3523.9032807143744,0.0,0.0,696.6666666666666,41.82042719327648,optimal
2021-02-09 19:00:00,40,120,0.0,0.0,0.0,0.4938666666666667,11.6865,6.0,-16,20.023352477413592,,0.0,0.0,0.0,0.0,41.56615117675693,optimal
2021-02-09 19:30:00,40,120,1.1428571428571428,0.0,0.0,0.5327999999999999,10.7205,6.0,-16,20.00012008066353,,4000.0,0.0,0.0,0.0,41.31212943625391,optimal
2021-02-09 20:00:00,40,120,0.0,0.0,0.0,0.3131,11.424,6.0,-16,20.026597502244147,,0.0,0.0,0.0,0.0,41.05836171749138,optimal
2021-02-09 20:30:00,40,120,0.0,0.0,0.0,0.5135333333333333,10.689,6.0,-16,20.0,,0.0,0.0,0.0,0.0,40.80484776644762,optimal
2021-02-09 21:00:00,40,120,0.0,0.1548148148148148,0.0,0.4458,11.361,6.0,-16,19.971976202338343,,0.0,0.0,0.0,139.33333333333331,40.55158732935491,optimal
2021-02-09 21:30:00,40,120,0.0,0.0,0.0,0.5784333333333332,11.571,6.0,-16,19.94551523538316,,0.0,0.0,0.0,0.0,40.29858015269929,optimal
2021-02-09 22:00:00,40,120,0.0,0.3096296296296296,0.0,0.3739666666666665,14.3745,6.0,-16,19.92075522573619,,0.0,0.0,0.0,278.66666666666663,40.04582598322032,optimal
2021-02-09 22:30:00,40,120,0.0,0.1548148148148148,0.0,0.5219,13.23,6.0,-16,19.893539028179497,,0.0,0.0,0.0,139.33333333333331,39.79332456791083,optimal
2021-02-09 23:00:00,40,120,0.0,0.3096296296296296,0.0,0.3920666666666667,13.9755,6.0,-16,19.8653688664513,,0.0,0.0,0.0,278.66666666666663,39.75353124334292,optimal
2021-02-09 23:30:00,40,120,0.0,0.0,0.0,0.5131333333333333,14.994,6.0,-16,19.83960059336786,,0.0,0.0,0.0,0.0,39.71377771209958,optimal
2021-02-10 00:00:00,40,120,1.1428571428571428,0.0,0.0,0.1873333333333333,13.3665,6.0,4,19.83960059336786,,4000.0,0.0,0.0,0.0,39.67406393438748,optimal
2021-02-10 00:30:00,40,120,1.1428571428571428,0.0,0.0,0.1818666666666666,12.789,6.0,4,19.853159823724948,,4000.0,0.0,0.0,0.0,39.63438987045309,optimal
2021-02-10 01:00:00,40,120,1.1428571428571428,0.0,0.0,0.0934,11.907,6.0,4,19.866427318959712,,4000.0,0.0,0.0,0.0,39.59475548058264,optimal
2021-02-10 01:30:00,40,120,1.1428571428571428,0.0,0.0,0.3977333333333333,11.7075,6.0,4,19.87839252296732,,4000.0,0.0,0.0,0.0,39.555160725102056,optimal
2021-02-10 02:00:00,40,120,1.1428571428571428,0.0,5.0,0.0818,10.8045,6.0,4,19.893843242042543,,4000.0,0.0,0.0,0.0,41.89060556437696,optimal
2021-02-10 02:30:00,40,120,1.1428571428571428,0.0,0.0,0.0903333333333333,11.508,6.0,4,19.90521626450551,,4000.0,0.0,0.0,0.0,41.84871495881258,optimal
2021-02-10 03:00:00,40,120,1.1428571428571428,0.0,3.3219064962193707,0.2977333333333333,11.508,6.0,4,19.916589479610543,,4000.0,0.0,0.0,0.0,43.38477182955796,optimal
2021-02-10 03:30:00,40,120,1.1428571428571428,0.3096296296296296,5.0,0.1959333333333333,11.508,6.0,4,19.93068198598455,,4000.0,0.0,0.0,278.66666666666663,45.7163870577284,optimal
2021-02-10 04:00:00,40,120,1.1428571428571428,0.3096296296296296,0.0,0.2251333333333333,11.844,6.0,4,19.945533532451417,,4000.0,0.0,0.0,278.66666666666663,45.670670670670674,optimal
2021-02-10 04:30:00,40,120,1.1428571428571428,0.8514814814814814,5.0,0.1013333333333333,11.508,6.0,4,19.96157549342921,,4000.0,0.0,0.0,766.3333333333333,48.0,optimal
2021-02-10 05:00:00,40,120,1.1428571428571428,0.0,0.0,2.300733333333333,11.508,6.0,4,19.98015684661898,,4000.0,0.0,0.0,0.0,47.84681577004905,optimal
2021-02-10 05:30:00,40,120,1.1428571428571428,0.0,0.0,0.2280666666666666,10.4475,6.0,4,20.004766453554257,,4000.0,0.0,0.0,0.0,47.69378472432805,optimal
2021-02-10 06:00:00,40,120,1.1428571428571428,0.387037037037037,0.0,0.186,10.8675,6.0,4,20.027108369447,,4000.0,0.0,0.0,348.3333333333333,47.540906709652766,optimal
2021-02-10 06:30:00,40,120,1.1428571428571428,0.5418518518518518,0.0,1.1228666666666665,10.542,6.0,4,20.049720205372758,,4000.0,0.0,0.0,487.6666666666667,47.38818157299217,optimal
2021-02-10 07:00:00,40,120,1.1428571428571428,0.1548148148148148,0.0,1.6484666666666667,11.025,6.0,4,20.07185938592612,,4000.0,0.0,0.0,139.33333333333331,47.23560916146823,optimal
2021-02-10 07:30:00,40,120,1.1428571428571428,0.0774074074074074,0.0,1.6696666666666666,11.025,6.0,4,20.093210919408325,,4000.0,0.0,0.0,69.66666666666666,47.08318932235581,optimal
2021-02-10 08:00:00,40,120,1.1428571428571428,0.0,0.0,1.7106666666666668,14.553,6.0,4,20.12691358089389,,4000.0,0.0,0.0,0.0,46.9309219030825,optimal
2021-02-10 08:30:00,40,120,1.1428571428571428,0.0,0.0,0.2196666666666666,13.0935,6.0,4,20.146158439080715,,4000.0,0.0,0.0,0.0,46.77880675122847,optimal
2021-02-10 09:00:00,40,120,1.1428571428571428,0.0,0.0,0.2374666666666666,15.6345,6.0,4,20.156805196956363,,4000.0,0.0,0.0,0.0,46.62684371452629,optimal
2021-02-10 09:30:00,40,120,0.0,0.0,0.0,0.1924,18.102,6.0,4,20.169918414554807,,0.0,0.0,0.0,0.0,46.47503264086081,optimal
2021-02-10 10:00:00,40,120,0.0,0.0,0.0,0.1730666666666666,17.199,6.0,4,20.134123756427783,,0.0,0.0,0.0,0.0,46.323373378269,optimal
2021-02-10 10:30:00,40,120,0.0,0.0,0.0,0.0844,18.2805,6.0,4,20.101598562367208,,0.0,0.0,0.0,0.0,46.171865774939775,optimal
2021-02-10 11:00:00,40,120,0.0,0.0,0.0,0.3796,17.4615,6.0,4,20.06835506821129,,0.0,0.0,0.0,0.0,46.02050967921389,optimal
2021-02-10 11:30:00,40,120,0.0,0.0,0.0,0.1389333333333333,18.3225,6.0,4,20.041171500505698,,0.0,0.0,0.0,0.0,45.86930493958372,optimal
2021-02-10 12:00:00,40,120,0.3662862373396129,0.0,0.0,0.1361,17.094,6.0,4,20.01130819828078,,1282.0018306886452,0.0,0.0,0.0,45.718251404693184,optimal
2021-02-10 12:30:00,40,120,1.1428571428571428,0.0,0.0,0.2990333333333334,17.094,6.0,4,20.0,,4000.0,0.0,0.0,0.0,45.56734892333754,optimal
2021-02-10 13:00:00,40,120,1.1428571428571428,0.0,0.0,0.1678,17.094,6.0,4,20.02381071731905,,4000.0,0.0,0.0,0.0,45.416597344463256,optimal
2021-02-10 13:30:00,40,120,0.0,0.0,0.0,0.104,17.3565,6.0,4,20.04552310353428,,0.0,0.0,0.0,0.0,45.26599651716784,optimal
2021-02-10 14:00:00,40,120,1.1428571428571428,0.0,0.0,0.3011333333333333,17.115,6.0,4,20.018082349735188,,4000.0,0.0,0.0,0.0,45.115546290699726,optimal
2021-02-10 14:30:00,40,120,0.376078332886259,0.0,0.0,0.1712,17.241,6.0,4,20.04186797688497,,1316.2741651019066,0.0,0.0,0.0,44.96524651445807,optimal
2021-02-10 15:00:00,40,120,1.1428571428571428,0.0,0.0,0.1719333333333333,17.094,6.0,4,20.031329485815505,,4000.0,0.0,0.0,0.0,44.815097037992665,optimal
2021-02-10 15:30:00,40,120,1.1428571428571428,0.0,0.0,0.9690333333333332,16.5165,6.0,4,20.05157605372506,,4000.0,0.0,0.0,0.0,44.665097711003725,optimal
2021-02-10 16:00:00,40,120,0.0,6.115185185185185,0.0,2.0936666666666666,17.8185,6.0,4,20.07606569429691,,0.0,0.0,0.0,5503.666666666667,44.51524838334177,optimal
2021-02-10 16:30:00,40,120,1.1428571428571428,0.3096296296296296,0.0,0.5984666666666667,17.094,6.0,4,20.05918490056835,,4000.0,0.0,0.0,278.66666666666663,44.36554890500748,optimal
2021-02-10 17:00:00,40,120,1.1428571428571428,0.0,0.0,1.2651666666666668,16.8945,6.0,4,20.08886257468497,,4000.0,0.0,0.0,0.0,44.21599912615152,optimal
2021-02-10 17:30:00,40,120,0.0,0.3096296296296296,0.0,1.6441333333333334,18.123,6.0,4,20.12398005916704,,0.0,0.0,0.0,278.66666666666663,44.06659889707442,optimal
2021-02-10 18:00:00,40,120,0.0,0.1548148148148148,0.0,0.7630333333333333,31.647,6.0,4,20.11385250757792,,0.0,0.0,0.0,139.33333333333331,43.9173480682264,optimal
2021-02-10 18:30:00,40,120,0.0,0.3096296296296296,0.0,1.2048333333333332,34.9965,6.0,4,20.090771940487382,,0.0,0.0,0.0,278.66666666666663,43.76824649020722,optimal
2021-02-10 19:00:00,40,120,0.0,0.2322222222222222,0.0,2.7209,34.9965,6.0,4,20.066311518451336,,0.0,0.0,0.0,209.0,43.61929401376606,optimal
2021-02-10 19:30:00,40,120,0.0,0.0774074074074074,0.0,2.487333333333333,34.9965,6.0,4,20.044060946259453,,0.0,0.0,0.0,69.66666666666666,43.47049048980134,optimal
2021-02-10 20:00:00,40,120,0.0,0.2322222222222222,0.0,1.0660333333333334,34.9965,6.0,4,20.02246743974418,,0.0,0.0,0.0,209.0,43.32183576936059,optimal
2021-02-10 20:30:00,40,120,0.0,0.2322222222222222,0.0,0.4393333333333333,34.9965,6.0,4,20.0,,0.0,0.0,0.0,209.0,43.17332970364028,optimal
2021-02-10 21:00:00,40,120,0.0,0.1548148148148148,0.0,0.6371333333333333,27.741,6.0,4,19.972562805809385,,0.0,0.0,0.0,139.33333333333331,43.024972143985686,optimal
2021-02-10 21:30:00,40,120,0.0,0.0,0.0,2.7745333333333333,19.026,6.0,4,19.945853239998677,,0.0,0.0,0.0,0.0,42.876762941890746,optimal
2021-02-10 22:00:00,40,120,0.0,1.6255555555555554,0.0,0.9707333333333332,18.7215,6.0,4,19.92111282094627,,0.0,0.0,0.0,1463.0,42.83388617894885,optimal
2021-02-10 22:30:00,40,120,0.0,0.0,0.0,0.1920666666666666,17.4195,6.0,4,19.887237499622334,,0.0,0.0,0.0,0.0,42.79105229276991,optimal
2021-02-10 23:00:00,40,120,0.0,0.0,0.0,0.2746666666666666,16.758,6.0,4,19.844902690802037,,0.0,0.0,0.0,0.0,42.748261240477134,optimal
2021-02-10 23:30:00,40,120,0.0,0.0,0.0,0.1569333333333333,14.217,6.0,4,19.803162434236867,,0.0,0.0,0.0,0.0,42.70551297923666,optimal
2021-02-11 00:00:00,40,120,1.1428571428571428,0.0,0.0,0.0626666666666666,11.2245,6.0,-3,19.803162434236867,,4000.0,0.0,0.0,0.0,42.66280746625742,optimal
2021-02-11 00:30:00,40,120,1.1428571428571428,0.0,0.0,0.1244,11.025,6.0,-3,19.808141150966453,,4000.0,0.0,0.0,0.0,42.62014465879116,optimal
2021-02-11 01:00:00,40,120,1.1428571428571428,0.0,2.7085989082746216,0.071,10.7835,6.0,-3,19.813958790491743,,4000.0,0.0,0.0,0.0,43.864108995562816,optimal
2021-02-11 01:30:00,40,120,1.1428571428571428,0.0,0.0,0.1244,11.025,6.0,-3,19.81931261533865,,4000.0,0.0,0.0,0.0,43.82024488656725,optimal
2021-02-11 02:00:00,40,120,1.1428571428571428,0.0,5.0,0.071,10.584,6.0,-3,19.825306363019703,,4000.0,0.0,0.0,0.0,46.15142464168068,optimal
2021-02-11 02:30:00,40,120,1.1428571428571428,0.0,0.0,0.071,11.025,6.0,-3,19.830637690590752,,4000.0,0.0,0.0,0.0,46.10527321703899,optimal
2021-02-11 03:00:00,40,120,1.1428571428571428,0.0,5.0,0.0947333333333333,10.4265,6.0,-3,19.83576019218362,,4000.0,0.0,0.0,0.0,48.434167943821954,optimal
2021-02-11 03:30:00,40,120,1.1428571428571428,0.0,0.0,0.1006666666666666,12.789,6.0,-3,19.840963409421583,,4000.0,0.0,0.0,0.0,48.38573377587813,optimal
2021-02-11 04:00:00,40,120,1.1428571428571428,0.0,0.0,0.071,12.684,6.0,-3,19.846724233572797,,4000.0,0.0,0.0,0.0,48.33734804210225,optimal
2021-02-11 04:30:00,40,120,1.1428571428571428,0.0,0.0,0.071,16.254,6.0,-3,19.85260786772752,,4000.0,0.0,0.0,0.0,48.28901069406015,optimal
2021-02-11 05:00:00,40,120,1.1428571428571428,0.0,0.0,0.071,17.64,6.0,-3,19.85847983720768,,4000.0,0.0,0.0,0.0,48.24072168336608,optimal
2021-02-11 05:30:00,40,120,1.1428571428571428,0.0,0.0,0.0769333333333333,19.1625,6.0,-3,19.86434016513923,,4000.0,0.0,0.0,0.0,48.19248096168271,optimal
2021-02-11 06:00:00,40,120,0.0,0.0,0.0,0.1184666666666666,26.46,6.0,-3,19.87075679722076,,0.0,0.0,0.0,0.0,48.144288480721016,optimal
2021-02-11 06:30:00,40,120,1.1428571428571428,0.0,0.0,0.1096666666666666,20.79,6.0,-3,19.82943294904531,,4000.0,0.0,0.0,0.0,48.096144192240295,optimal
2021-02-11 07:00:00,40,120,0.0,6.657037037037036,0.0,1.8985333333333332,29.106,6.0,-3,19.8378367385494,,0.0,0.0,0.0,5991.333333333332,48.048048048048045,optimal
2021-02-11 07:30:00,40,120,1.1428571428571428,17.335627841633137,0.0,0.2817666666666666,19.1835,6.0,-3,19.805322037474728,,4000.0,14557.065057469825,0.0,1044.9999999999998,48.0,optimal
2021-02-11 08:00:00,40,120,0.7480898485536347,0.2322222222222222,0.0,1.2025,19.6665,6.0,-3,20.0,,2618.3144699377217,0.0,0.0,209.0,47.6647650945348,optimal
2021-02-11 08:30:00,40,120,0.9440911159331504,0.2322222222222222,0.0,0.1723333333333333,19.404,6.0,-3,20.0,,3304.318905766026,0.0,0.0,209.0,47.329865423975065,optimal
2021-02-11 09:00:00,40,120,1.1428571428571428,0.0,0.0,0.2059333333333333,19.047,6.0,-3,20.0,,4000.0,0.0,0.0,0.0,46.99530065308589,optimal
2021-02-11 09:30:00,40,120,1.1428571428571428,0.0,0.0,1.1294000000000002,18.858,6.0,-3,20.01114711706033,,4000.0,0.0,0.0,0.0,46.66107044696761,optimal
2021-02-11 10:00:00,40,120,0.826195042283928,2.2448148148148146,0.0,0.2507,19.2675,6.0,-3,20.02780326886629,,2891.682647993748,0.0,0.0,2020.3333333333333,46.32717447105544,optimal
2021-02-11 10:30:00,40,120,1.1428571428571428,0.0,0.0,1.5824333333333334,18.963,6.0,-3,20.03601979878232,,4000.0,0.0,0.0,0.0,45.99361239111919,optimal
2021-02-11 11:00:00,40,120,1.1428571428571428,0.0,0.0,0.1785999999999999,18.438,6.0,-3,20.05607467234088,,4000.0,0.0,0.0,0.0,45.66038387326287,optimal
2021-02-11 11:30:00,40,120,1.1428571428571428,0.0,0.0,0.1726,18.7425,6.0,-3,20.073459680662857,,4000.0,0.0,0.0,0.0,45.32748858392441,optimal
2021-02-11 12:00:00,40,120,1.1428571428571428,0.0,0.0,0.2140666666666666,15.2145,6.0,-3,20.092109048879543,,4000.0,0.0,0.0,0.0,44.994926189875294,optimal
2021-02-11 12:30:00,40,120,1.1428571428571428,0.0,0.0,0.1976333333333333,17.7765,6.0,-3,20.114763560433317,,4000.0,0.0,0.0,0.0,44.662696358220224,optimal
2021-02-11 13:00:00,40,120,1.1428571428571428,0.3096296296296296,0.0,0.1230666666666666,16.758,6.0,-3,20.13821700589459,,4000.0,0.0,0.0,278.66666666666663,44.3307987563968,optimal
2021-02-11 13:30:00,40,120,1.1428571428571428,0.0,0.0,0.071,16.422,6.0,-3,20.162622648262712,,4000.0,0.0,0.0,0.0,43.99923305217521,optimal
2021-02-11 14:00:00,40,120,1.1428571428571428,0.0,0.0,0.1244,16.758,6.0,-3,20.185873838315032,,4000.0,0.0,0.0,0.0,43.66799891365783,optimal
2021-02-11 14:30:00,40,120,0.0,0.0,0.0,0.071,29.358,6.0,-3,20.210186236464725,,0.0,0.0,0.0,0.0,43.33709600927898,optimal
2021-02-11 15:00:00,40,120,0.0,0.0,0.0,0.2218666666666666,34.9965,6.0,-3,20.18437662670885,,0.0,0.0,0.0,0.0,43.0065240078045,optimal
2021-02-11 15:30:00,40,120,0.0,0.0774074074074074,0.0,0.2199333333333333,34.65,6.0,-3,20.15956820539693,,0.0,0.0,0.0,69.66666666666666,42.676282578331495,optimal
2021-02-11 16:00:00,40,120,0.0,0.0,0.0,2.4269000000000003,34.9965,6.0,-3,20.13447169871619,,0.0,0.0,0.0,0.0,42.34637139028796,optimal
2021-02-11 16:30:00,40,120,0.0,0.0,0.0,2.473933333333333,34.9965,6.0,-3,20.11312512464845,,0.0,0.0,0.0,0.0,42.01679011343248,optimal
2021-02-11 17:00:00,40,120,0.0,0.0,0.0,1.2768666666666666,30.4815,6.0,-3,20.083140059212624,,0.0,0.0,0.0,0.0,41.68753841785385,optimal
2021-02-11 17:30:00,40,120,0.0,0.0,0.0,0.1125333333333333,21.4305,6.0,-3,20.043250431426515,,0.0,0.0,0.0,0.0,41.3586159739708,optimal
2021-02-11 18:00:00,40,120,1.0746948540581789,0.0,0.0,0.071,14.3325,6.0,-3,20.0,,3761.431989203626,0.0,0.0,0.0,41.03002245253163,optimal
2021-02-11 18:30:00,40,120,1.1428571428571428,0.0,0.0,0.071,13.692,6.0,-3,20.0,,4000.0,0.0,0.0,0.0,40.7017575246139,optimal
2021-02-11 19:00:00,40,120,1.1091575570884014,0.0,0.0,0.074,14.007,6.0,-3,20.001221138958947,,3882.051449809405,0.0,0.0,0.0,40.37382086162409,optimal
2021-02-11 19:30:00,40,120,1.0689286754625182,0.4644444444444444,0.0,0.1451666666666666,12.873,6.0,-3,20.0,,3741.2503641188136,0.0,0.0,418.0,40.04621213529727,optimal
2021-02-11 20:00:00,40,120,1.0091074983118806,0.0,0.0,0.2556666666666666,12.684,6.0,-3,20.0,,3531.8762440915825,0.0,0.0,0.0,39.718931017696775,optimal
2021-02-11 20:30:00,40,120,0.0,0.2322222222222222,0.0,0.5522,12.306,6.0,-3,20.0,,0.0,0.0,0.0,209.0,39.67921208667908,optimal
2021-02-11 21:00:00,40,120,0.0,0.0,0.0,1.7033333333333334,10.6365,6.0,-3,19.962045883162624,,0.0,0.0,0.0,0.0,39.6395328745924,optimal
2021-02-11 21:30:00,40,120,0.0,0.0,0.0,0.1184666666666666,11.2455,6.0,-3,19.938647848236123,,0.0,0.0,0.0,0.0,39.5998933417178,optimal
2021-02-11 22:00:00,40,120,0.0,0.0,0.0,0.071,11.2455,6.0,-3,19.89114258505717,,0.0,0.0,0.0,0.0,39.560293448376086,optimal
2021-02-11 22:30:00,40,120,0.0,0.0,0.0,0.071,11.025,6.0,-3,19.84384714582491,,0.0,0.0,0.0,0.0,39.52073315492771,optimal
2021-02-11 23:00:00,40,120,0.0,0.0,0.0,0.071,12.0855,6.0,-3,19.795455935057163,,0.0,0.0,0.0,0.0,39.48121242177278,optimal
2021-02-11 23:30:00,40,120,0.0,0.0,0.0,0.0693333333333333,11.6865,6.0,-3,19.74597112518989,,0.0,0.0,0.0,0.0,39.44173120935101,optimal
2021-02-12 00:00:00,40,120,1.1428571428571428,3.0188888888888883,0.0,0.1398666666666666,15.435,6.0,10,19.74597112518989,,4000.0,0.0,0.0,2716.9999999999995,39.40228947814166,optimal
2021-02-12 00:30:00,40,120,1.1428571428571428,0.0,0.0,0.1755,13.566,6.0,10,19.745590875825567,,4000.0,0.0,0.0,0.0,39.36288718866352,optimal
2021-02-12 01:00:00,40,120,1.1428571428571428,0.0,0.0,0.2178666666666666,12.789,6.0,10,19.747106952936026,,4000.0,0.0,0.0,0.0,39.323524301474855,optimal
2021-02-12 01:30:00,40,120,1.1428571428571428,0.0,0.0,0.0509666666666666,12.1275,6.0,10,19.749169041929854,,4000.0,0.0,0.0,0.0,39.28420077717338,optimal
2021-02-12 02:00:00,40,120,1.1428571428571428,0.0,0.0,0.046,13.671,6.0,10,19.747897698467604,,4000.0,0.0,0.0,0.0,39.24491657639621,optimal
2021-02-12 02:30:00,40,120,1.1428571428571428,0.0,3.961002618706902,0.163,10.668,6.0,10,19.746766626171784,,4000.0,0.0,0.0,0.0,41.08714790370559,optimal
2021-02-12 03:00:00,40,120,1.1428571428571428,0.0,0.0,0.072,11.7285,6.0,10,19.74765789931415,,4000.0,0.0,0.0,0.0,41.04606075580188,optimal
2021-02-12 03:30:00,40,120,1.1428571428571428,0.0,0.0,0.1453333333333333,11.025,6.0,10,19.748033581076005,,4000.0,0.0,0.0,0.0,41.00501469504607,optimal
2021-02-12 04:00:00,40,120,1.1428571428571428,0.0,5.0,0.046,10.689,6.0,10,19.75068968386493,,4000.0,0.0,0.0,0.0,43.33900968035103,optimal
2021-02-12 04:30:00,40,120,1.1428571428571428,0.1548148148148148,5.0,0.1938666666666667,8.1585,6.0,10,19.753518202005264,,4000.0,0.0,0.0,139.33333333333331,45.670670670670674,optimal
2021-02-12 05:00:00,40,120,1.1428571428571428,0.0774074074074074,5.0,0.148,10.3635,6.0,10,19.75978609812688,,4000.0,0.0,0.0,69.66666666666666,48.0,optimal
2021-02-12 05:30:00,40,120,1.1428571428571428,0.2740222222222222,0.0,0.2845333333333333,10.8045,6.0,10,19.769544622616127,,4000.0,0.0,0.0,246.62,47.819860602767214,optimal
2021-02-12 06:00:00,40,120,1.1428571428571428,0.3452370370370369,0.0,1.1371,11.025,6.0,10,19.78173601510984,,4000.0,0.0,0.0,310.71333333333325,47.63990134493167,optimal
2021-02-12 06:30:00,40,120,1.1428571428571428,0.2322222222222222,0.0,1.3070666666666666,10.3635,6.0,10,19.79590450255572,,4000.0,0.0,0.0,209.0,47.46012204635395,optimal
2021-02-12 07:00:00,40,120,1.1428571428571428,0.5418518518518518,0.0,0.1981333333333333,10.8045,6.0,10,19.812241223091608,,4000.0,0.0,0.0,487.6666666666667,47.280522527074815,optimal
2021-02-12 07:30:00,40,120,1.1428571428571428,15.16153357968278,0.0,0.2638999999999999,10.059,6.0,10,19.82564100912548,,4000.0,13436.380221714502,0.0,209.0,47.10110260731496,optimal
2021-02-12 08:00:00,40,120,1.1428571428571428,0.3096296296296296,0.0,0.2635333333333333,10.584,6.0,10,20.0,,4000.0,0.0,0.0,278.66666666666663,46.92186210747486,optimal
2021-02-12 08:30:00,40,120,1.1428571428571428,0.6966666666666667,0.0,0.1357666666666666,9.4185,6.0,10,20.008735999466843,,4000.0,0.0,0.0,627.0,46.7428008481346,optimal
2021-02-12 09:00:00,40,120,1.1428571428571428,0.0,0.0,0.6521666666666667,10.3635,6.0,10,20.015673440346227,,4000.0,0.0,0.0,0.0,46.56391865005368,optimal
2021-02-12 09:30:00,40,120,1.1428571428571428,0.1548148148148148,0.0,0.1109333333333333,9.8385,6.0,10,20.033373397190733,,4000.0,0.0,0.0,139.33333333333331,46.38521533417085,optimal
2021-02-12 10:00:00,40,120,1.1428571428571428,0.0,0.0,0.046,11.067,6.0,10,20.044071540084023,,4000.0,0.0,0.0,0.0,46.20669072160389,optimal
2021-02-12 10:30:00,40,120,1.1428571428571428,0.0,0.0,0.2386666666666666,10.8465,6.0,10,20.059641555040063,,4000.0,0.0,0.0,0.0,46.0283446336495,optimal
2021-02-12 11:00:00,40,120,1.1428571428571428,0.0,0.0,0.0956666666666666,13.671,6.0,10,20.078320858069464,,4000.0,0.0,0.0,0.0,45.85017689178307,optimal
2021-02-12 11:30:00,40,120,1.1428571428571428,0.0,0.0,0.111,12.348,6.0,10,20.098793078277243,,4000.0,0.0,0.0,0.0,45.672187317658505,optimal
2021-02-12 12:00:00,40,120,0.0,0.0,0.0,0.1829333333333333,14.3325,6.0,10,20.119510635094134,,0.0,0.0,0.0,0.0,45.49437573310807,optimal
2021-02-12 12:30:00,40,120,0.0,0.0,0.0,0.0837333333333333,15.393,6.0,10,20.094064171166576,,0.0,0.0,0.0,0.0,45.316741960142174,optimal
2021-02-12 13:00:00,40,120,1.1428571428571428,0.0,0.0,0.2491333333333333,13.587,6.0,10,20.068752665784547,,4000.0,0.0,0.0,0.0,45.13928582094925,optimal
2021-02-12 13:30:00,40,120,0.0,0.0,0.0,0.0956666666666666,16.1385,6.0,10,20.09427017477711,,0.0,0.0,0.0,0.0,44.96200713789551,optimal
2021-02-12 14:00:00,40,120,0.0,0.0,0.0,0.046,14.595,6.0,10,20.067149076437545,,0.0,0.0,0.0,0.0,44.78490573352483,optimal
2021-02-12 14:30:00,40,120,0.0,0.0,0.0,0.1453333333333333,14.637,6.0,10,20.0384705858742,,0.0,0.0,0.0,0.0,44.607981430558524,optimal
2021-02-12 15:00:00,40,120,0.3882815207056155,0.3096296296296296,0.0,0.2274333333333333,13.9125,6.0,10,20.010860808695828,,1358.9853224696542,0.0,0.0,278.66666666666663,44.43123405189518,optimal
2021-02-12 15:30:00,40,120,0.7772415780922378,0.0774074074074074,0.0,0.197,13.3665,6.0,10,20.0,,2720.3455233228324,0.0,0.0,69.66666666666666,44.254663420610505,optimal
2021-02-12 16:00:00,40,120,1.1428571428571428,0.1548148148148148,0.0,0.2489333333333333,13.0095,6.0,10,20.006902468118312,,4000.0,0.0,0.0,139.33333333333331,44.07826935995711,optimal
2021-02-12 16:30:00,40,120,0.0,0.2322222222222222,0.0,0.4095333333333333,13.8915,6.0,10,20.02704640520301,,0.0,0.0,0.0,209.0,43.90205169336437,optimal
2021-02-12 17:00:00,40,120,0.7784417294690902,0.4644444444444444,0.0,0.0879333333333333,13.188,6.0,10,20.0,,2724.546053141816,0.0,0.0,418.0,43.72601024443822,optimal
2021-02-12 17:30:00,40,120,0.7716343204205087,0.0,0.0,0.1402,12.5685,6.0,10,20.0,,2700.7201214717807,0.0,0.0,0.0,43.550144836961,optimal
2021-02-12 18:00:00,40,120,0.774322419803603,0.3096296296296296,0.0,0.044,12.285,6.0,10,20.0,,2710.1284693126104,0.0,0.0,278.66666666666663,43.37445529489125,optimal
2021-02-12 18:30:00,40,120,1.1428571428571428,0.0,0.0,0.2668666666666667,11.487,6.0,10,20.0,,4000.0,0.0,0.0,0.0,43.19894144236358,optimal
2021-02-12 19:00:00,40,120,0.119151445040605,0.0,0.0,1.0105333333333333,11.802,6.0,10,20.017176712045853,,417.0300576421176,0.0,0.0,0.0,43.02360310368843,optimal
2021-02-12 19:30:00,40,120,0.5928980778969274,0.0,0.0,0.7300333333333333,11.2245,6.0,10,20.0,,2075.143272639246,0.0,0.0,0.0,42.84844010335196,optimal
2021-02-12 20:00:00,40,120,0.7010525736102332,0.0,0.0,0.3862666666666666,11.025,6.0,10,20.0,,2453.684007635816,0.0,0.0,0.0,42.67345226601582,optimal
2021-02-12 20:30:00,40,120,0.0,0.0,0.0,1.2610666666666666,11.907,6.0,10,20.0,,0.0,0.0,0.0,0.0,42.49863941651702,optimal
2021-02-12 21:00:00,40,120,0.0,0.0,0.0,0.1652666666666666,25.83,6.0,10,19.971705958302397,,0.0,0.0,0.0,0.0,42.32400137986773,optimal
2021-02-12 21:30:00,40,120,0.0,1.6255555555555554,0.0,0.3122333333333333,28.035,6.0,10,19.93776511816187,,0.0,0.0,0.0,1463.0,42.14953798125507,optimal
2021-02-12 22:00:00,40,120,0.0,2.4770370370370367,0.0,0.2963333333333333,28.119,6.0,10,19.9068433947198,,0.0,0.0,0.0,2229.333333333333,42.10738844327382,optimal
2021-02-12 22:30:00,40,120,0.0,0.0,0.0,0.046,30.156,6.0,10,19.875284972355985,,0.0,0.0,0.0,0.0,42.06528105483054,optimal
2021-02-12 23:00:00,40,120,0.0,0.0,0.0,0.2088666666666666,29.1585,6.0,10,19.837860376176625,,0.0,0.0,0.0,0.0,42.02321577377571,optimal
2021-02-12 23:30:00,40,120,0.0,0.0,0.0,0.1234666666666666,26.712,6.0,10,19.802494074245725,,0.0,0.0,0.0,0.0,41.981192558001936,optimal
2021-02-13 00:00:00,40,120,1.1428571428571428,0.0,5.0,0.3648333333333333,10.143,6.0,-16,19.802494074245725,,4000.0,0.0,0.0,0.0,44.31421136544393,optimal
2021-02-13 00:30:00,40,120,1.1428571428571428,0.0,0.0,0.341,13.0095,6.0,-16,19.82302225784644,,4000.0,0.0,0.0,0.0,44.269897154078485,optimal
2021-02-13 01:00:00,40,120,1.1428571428571428,0.0,5.0,0.1945333333333333,11.025,6.0,-16,19.84376561732535,,4000.0,0.0,0.0,0.0,46.600627256924405,optimal
2021-02-13 01:30:00,40,120,1.1428571428571428,0.0,0.0,0.2292666666666666,12.789,6.0,-16,19.857126004688627,,4000.0,0.0,0.0,0.0,46.55402662966748,optimal
2021-02-13 02:00:00,40,120,1.1428571428571428,0.0,3.750606507415425,0.1326666666666666,12.1275,6.0,-16,19.87098216577535,,4000.0,0.0,0.0,0.0,48.28901069406015,optimal
2021-02-13 02:30:00,40,120,1.1428571428571428,0.0,0.0,0.2801333333333333,12.1695,6.0,-16,19.8837331699388,,4000.0,0.0,0.0,0.0,48.24072168336608,optimal
2021-02-13 03:00:00,40,120,1.1428571428571428,0.0,0.0,0.0696666666666666,12.306,6.0,-16,19.898255383983184,,4000.0,0.0,0.0,0.0,48.19248096168271,optimal
2021-02-13 03:30:00,40,120,1.1428571428571428,0.0,0.0,0.062,13.23,6.0,-16,19.910213255121175,,4000.0,0.0,0.0,0.0,48.144288480721016,optimal
2021-02-13 04:00:00,40,120,1.1428571428571428,0.0,0.0,0.3551333333333333,13.671,6.0,-16,19.922048290884884,,4000.0,0.0,0.0,0.0,48.096144192240295,optimal
2021-02-13 04:30:00,40,120,1.1428571428571428,0.0,0.0,0.0793333333333333,13.9335,6.0,-16,19.93730336021429,,4000.0,0.0,0.0,0.0,48.048048048048045,optimal
2021-02-13 05:00:00,40,120,1.1428571428571428,0.0,0.0,1.4049666666666667,13.293,6.0,-16,19.948876640896213,,4000.0,0.0,0.0,0.0,48.0,optimal
2021-02-13 05:30:00,40,120,1.1428571428571428,0.2322222222222222,0.0,0.4280333333333334,12.1065,6.0,-16,19.96784751738345,,4000.0,0.0,0.0,209.0,47.810016462586816,optimal
2021-02-13 06:00:00,40,120,1.1428571428571428,1.006296296296296,0.0,0.199,11.571,6.0,-16,19.98797500906832,,4000.0,0.0,0.0,905.6666666666664,47.62022290871105,optimal
2021-02-13 06:30:00,40,120,1.1428571428571428,0.1548148148148148,0.0,1.1615,11.025,6.0,-16,20.00576248016436,,4000.0,0.0,0.0,139.33333333333331,47.43061914838916,optimal
2021-02-13 07:00:00,40,120,1.1428571428571428,0.6192592592592592,0.0,0.9891,10.8465,6.0,-16,20.02443286521301,,4000.0,0.0,0.0,557.3333333333333,47.24120499182759,optimal
2021-02-13 07:30:00,40,120,1.1428571428571428,0.387037037037037,0.0,0.4289666666666666,11.2455,6.0,-16,20.043631937984447,,4000.0,0.0,0.0,348.3333333333333,47.05198024942258,optimal
2021-02-13 08:00:00,40,120,0.0,6.347407407407408,0.0,0.2886,23.8665,6.0,-16,20.0623559622586,,0.0,0.0,0.0,5712.666666666667,46.86294473175997,optimal
2021-02-13 08:30:00,40,120,0.0,0.3324666454046138,0.0,0.6594333333333333,27.4575,6.0,-16,20.029403055585927,,0.0,90.21998086415242,0.0,209.0,46.67409824961504,optimal
2021-02-13 09:00:00,40,120,0.0,2.7882606325690844,0.0,0.188,27.3735,6.0,-16,20.0,,0.0,2509.434569312176,0.0,0.0,46.48544061395224,optimal
2021-02-13 09:30:00,40,120,0.0,2.7772400723936483,0.0,0.2444,30.4605,6.0,-16,20.0,,0.0,2360.1827318209503,0.0,139.33333333333331,46.296971635925104,optimal
2021-02-13 10:00:00,40,120,0.0,2.2482207979121487,0.0,0.237,30.0195,6.0,-16,20.0,,0.0,2023.3987181209336,0.0,0.0,46.108691126876,optimal
2021-02-13 10:30:00,40,120,0.0,2.585883352543505,0.0,0.1341333333333333,26.9325,6.0,-16,20.0,,0.0,2327.295017289154,0.0,0.0,45.92059889833594,optimal
2021-02-13 11:00:00,40,120,0.4853386938413827,0.0,0.0,0.5439333333333333,14.595,6.0,-16,20.0,,1698.6854284448395,0.0,0.0,0.0,45.73269476202442,optimal
2021-02-13 11:30:00,40,120,0.6744233507466466,0.0,0.0,0.1786666666666666,12.4845,6.0,-16,20.0,,2360.481727613263,0.0,0.0,0.0,45.54497852984922,optimal
2021-02-13 12:00:00,40,120,0.8636593266661832,0.0,0.0,0.1124,12.1275,6.0,-16,20.0,,3022.807643331641,0.0,0.0,0.0,45.35745001390619,optimal
2021-02-13 12:30:00,40,120,1.1428571428571428,0.0,0.0,0.3297333333333332,12.1275,6.0,-16,20.007198635837938,,4000.0,0.0,0.0,0.0,45.1701090264791,optimal
2021-02-13 13:00:00,40,120,0.0,0.0,0.0,0.072,12.789,6.0,-16,20.029133378166,,0.0,0.0,0.0,0.0,44.98295538003944,optimal
2021-02-13 13:30:00,40,120,0.6233602784498624,0.0,0.0,0.2606666666666667,11.907,6.0,-16,20.0,,2181.7609745745185,0.0,0.0,0.0,44.79598888724622,optimal
2021-02-13 14:00:00,40,120,0.7027260920725473,0.0,0.0,0.1814666666666666,11.025,6.0,-16,20.0,,2459.5413222539155,0.0,0.0,0.0,44.60920936094579,optimal
2021-02-13 14:30:00,40,120,1.1428571428571428,0.0,0.0,0.1528,8.2005,6.0,-16,20.0,,4000.0,0.0,0.0,0.0,44.42261661417166,optimal
2021-02-13 15:00:00,40,120,0.1557032957368349,0.0,0.0,0.5609333333333333,9.5655,6.0,-16,20.01861542545672,,544.9615350789223,0.0,0.0,0.0,44.23621046014431,optimal
2021-02-13 15:30:00,40,120,1.1428571428571428,0.0,0.0,1.0860666666666663,7.056,6.0,-16,20.0,,4000.0,0.0,0.0,0.0,44.04999071227098,optimal
2021-02-13 16:00:00,40,120,0.4651156391490816,0.0,0.0,0.2563333333333333,9.3975,6.0,-16,20.032078478834613,,1627.9047370217856,0.0,0.0,0.0,43.86395718414553,optimal
2021-02-13 16:30:00,40,120,0.0,0.6192592592592592,0.0,0.3306,10.059,6.0,-16,20.024595022154745,,0.0,0.0,0.0,557.3333333333333,43.6781096895482,optimal
2021-02-13 17:00:00,40,120,0.6716122867604898,0.0,0.0,0.2122,9.261,6.0,-16,20.0,,2350.6430036617144,0.0,0.0,0.0,43.49244804244547,optimal
2021-02-13 17:30:00,40,120,1.1428571428571428,2.1674074074074072,0.0,0.5599666666666667,8.1585,6.0,-16,20.0,,4000.0,0.0,0.0,1950.6666666666667,43.30697205698984,optimal
2021-02-13 18:00:00,40,120,0.0,0.6966666666666667,0.0,1.407733333333333,9.4815,6.0,-16,20.02325629132636,,0.0,0.0,0.0,627.0,43.12168154751967,optimal
2021-02-13 18:30:00,40,120,0.8438489964382427,0.2322222222222222,0.0,2.4356,8.379,6.0,-16,20.0028619944102,,2953.471487533849,0.0,0.0,209.0,43.07855986597215,optimal
2021-02-13 19:00:00,40,120,0.0,2.631851851851852,0.0,0.4921333333333333,9.5235,6.0,-16,20.022432809678847,,0.0,0.0,0.0,2368.6666666666665,43.03548130610618,optimal
2021-02-13 19:30:00,40,120,1.072861494139819,0.0,0.0,0.7255666666666667,8.1375,6.0,-16,20.0,,3755.0152294893655,0.0,0.0,0.0,42.99244582480007,optimal
2021-02-13 20:00:00,40,120,0.0,0.0,0.0,0.3231,10.0905,6.0,-16,20.02491458066359,,0.0,0.0,0.0,0.0,42.94945337897527,optimal
2021-02-13 20:30:00,40,120,0.0,0.0,0.0,0.4617333333333333,7.539,6.0,-16,20.0,,0.0,0.0,0.0,0.0,42.9065039255963,optimal
2021-02-13 21:00:00,40,120,0.0,0.0774074074074074,0.0,0.1958666666666666,7.938,6.0,-16,19.98093563982652,,0.0,0.0,0.0,69.66666666666666,42.863597421670704,optimal
2021-02-13 21:30:00,40,120,0.0,0.3096296296296296,0.0,0.4887333333333333,8.274,6.0,-16,19.95630966491911,,0.0,0.0,0.0,278.66666666666663,42.82073382424903,optimal
2021-02-13 22:00:00,40,120,0.0,0.0774074074074074,0.0,0.6242666666666666,9.261,6.0,-16,19.93135278443952,,0.0,0.0,0.0,69.66666666666666,42.77791309042478,optimal
2021-02-13 22:30:00,40,120,0.0,0.3096296296296296,0.0,0.7490666666666668,9.9225,6.0,-16,19.90621062431328,,0.0,0.0,0.0,278.66666666666663,42.73513517733436,optimal
2021-02-13 23:00:00,40,120,0.0,0.0,0.0,0.7206333333333333,9.702,6.0,-16,19.88240887141088,,0.0,0.0,0.0,0.0,42.69240004215703,optimal
2021-02-13 23:30:00,40,120,0.0,0.387037037037037,0.0,0.7007000000000001,10.584,6.0,-16,19.85697765555813,,0.0,0.0,0.0,348.3333333333333,42.64970764211487,optimal
2021-02-07 00:00:00,41,120,1.1428571428571428,0.0,0.0,0.066,5.0715,6.0,-12,21.0,,4000.0,0.0,0.0,0.0,47.952,optimal
2021-02-07 00:30:00,41,120,1.1428571428571428,0.0,0.0,0.1196666666666666,5.376,6.0,-12,21.0159682674227,,4000.0,0.0,0.0,0.0,47.904048,optimal
2021-02-07 01:00:00,41,120,1.1428571428571428,0.0,0.911298404337156,0.181,5.0715,6.0,-12,21.03236040621863,,4000.0,0.0,0.0,0.0,48.28901069406015,optimal
2021-02-07 01:30:00,41,120,1.1428571428571428,0.0,0.0,0.066,5.5125,6.0,-12,21.049268974000903,,4000.0,0.0,0.0,0.0,48.24072168336608,optimal
2021-02-07 02:00:00,41,120,0.0,0.0,0.0,0.1273333333333333,9.261,6.0,-12,21.0646439218702,,0.0,0.0,0.0,0.0,48.19248096168271,optimal
2021-02-07 02:30:00,41,120,0.0,0.0,0.0,0.182,11.7075,6.0,-12,21.03190707059586,,0.0,0.0,0.0,0.0,48.144288480721016,optimal
2021-02-07 03:00:00,41,120,0.0,0.0,0.0,0.092,12.348,6.0,-12,21.000452454184188,,0.0,0.0,0.0,0.0,48.096144192240295,optimal
2021-02-07 03:30:00,41,120,0.0,0.0774074074074074,0.0,0.2606666666666667,12.348,6.0,-12,20.97078025522124,,0.0,0.0,0.0,69.66666666666666,48.048048048048045,optimal
2021-02-07 04:00:00,41,120,0.0,0.0,0.0,0.0681333333333333,12.1275,6.0,-12,20.94307784174776,,0.0,0.0,0.0,0.0,48.0,optimal
2021-02-07 04:30:00,41,120,0.0,0.3096296296296296,0.0,0.072,12.5265,6.0,-12,20.909526741436597,,0.0,0.0,0.0,278.66666666666663,47.79620473113341,optimal
2021-02-07 05:00:00,41,120,0.0,2.39962962962963,0.0,0.1603333333333333,11.7495,6.0,-12,20.876721933043065,,0.0,0.0,0.0,2159.6666666666665,47.59261325753568,optimal
2021-02-07 05:30:00,41,120,0.0,0.1548148148148148,0.0,0.7024666666666667,13.23,6.0,-12,20.84758001427811,,0.0,0.0,0.0,139.33333333333331,47.38922537541156,optimal
2021-02-07 06:00:00,41,120,0.0,0.6192592592592592,0.0,1.01,14.3325,6.0,-12,20.823468703705288,,0.0,0.0,0.0,557.3333333333333,47.18604088116955,optimal
2021-02-07 06:30:00,41,120,0.0,0.3096296296296296,0.0,0.1406666666666666,14.994,6.0,-12,20.80219332760847,,0.0,0.0,0.0,278.66666666666663,46.98305957142179,optimal
2021-02-07 07:00:00,41,120,0.0,1.7803703703703702,0.0,0.1679,14.8155,6.0,-12,20.77538625809176,,0.0,0.0,0.0,1602.3333333333333,46.780281242983776,optimal
2021-02-07 07:30:00,41,120,0.0,0.0,0.0,0.076,14.112,6.0,-12,20.750254572230755,,0.0,0.0,0.0,0.0,46.57770569287421,optimal
2021-02-07 08:00:00,41,120,0.0,0.0,0.0,0.2446666666666666,14.007,6.0,-12,20.71323347381936,,0.0,0.0,0.0,0.0,46.37533271831474,optimal
2021-02-07 08:30:00,41,120,0.0,0.0,0.0,0.076,13.23,6.0,-12,20.67804314285827,,0.0,0.0,0.0,0.0,46.17316211672984,optimal
2021-02-07 09:00:00,41,120,0.0,0.0,0.0,0.076,11.382,6.0,-12,20.64076869557265,,0.0,0.0,0.0,0.0,45.97119368574651,optimal
2021-02-07 09:30:00,41,120,0.0,0.0,0.0,0.076,11.7495,6.0,-12,20.604470751639884,,0.0,0.0,0.0,0.0,45.76942722319418,optimal
2021-02-07 10:00:00,41,120,0.0,0.0,0.0,0.1756666666666666,24.3285,6.0,-12,20.56834389880577,,0.0,0.0,0.0,0.0,45.5678625271044,optimal
2021-02-07 10:30:00,41,120,0.0,0.0,0.0,0.145,28.917,6.0,-12,20.53482990164948,,0.0,0.0,0.0,0.0,45.3664993957107,optimal
2021-02-07 11:00:00,41,120,0.0,0.0,0.0,0.076,31.3635,6.0,-12,20.500810499954103,,0.0,0.0,0.0,0.0,45.1653376274484,optimal
2021-02-07 11:30:00,41,120,0.0,0.0,0.0,0.2446666666666666,33.306,6.0,-12,20.467467717524848,,0.0,0.0,0.0,0.0,44.96437702095436,optimal
2021-02-07 12:00:00,41,120,0.0,0.0,0.0,0.076,31.3425,6.0,-12,20.43624579448244,,0.0,0.0,0.0,0.0,44.763617375066815,optimal
2021-02-07 12:30:00,41,120,0.0,0.0,0.0,0.1526666666666666,28.2555,6.0,-12,20.4041620040158,,0.0,0.0,0.0,0.0,44.56305848882516,optimal
2021-02-07 13:00:00,41,120,0.0,0.0,0.0,0.168,15.6975,6.0,-12,20.37307580132819,,0.0,0.0,0.0,0.0,44.36270016146974,optimal
2021-02-07 13:30:00,41,120,0.0,0.0,0.0,0.076,12.5475,6.0,-12,20.3412039784064,,0.0,0.0,0.0,0.0,44.16254219244168,optimal
2021-02-07 14:00:00,41,120,0.0,0.0,0.0,0.099,12.0855,6.0,-12,20.30837369594301,,0.0,0.0,0.0,0.0,43.96258438138265,optimal
2021-02-07 14:30:00,41,120,0.0,0.0,0.0,0.2216666666666666,11.907,6.0,-12,20.276407905012285,,0.0,0.0,0.0,0.0,43.762826528134674,optimal
2021-02-07 15:00:00,41,120,0.0,0.0,0.0,0.076,12.5685,6.0,-12,20.246098983850707,,0.0,0.0,0.0,0.0,43.563268432739946,optimal
2021-02-07 15:30:00,41,120,0.0,0.0,0.0,0.076,13.146,6.0,-12,20.215176451404297,,0.0,0.0,0.0,0.0,43.36390989544061,optimal
2021-02-07 16:00:00,41,120,0.0,0.0,0.0,0.237,10.584,6.0,-12,20.184017840393093,,0.0,0.0,0.0,0.0,43.16475071667858,optimal
2021-02-07 16:30:00,41,120,0.0,0.0,0.0,0.0836666666666666,6.678,6.0,-12,20.15229068541326,,0.0,0.0,0.0,0.0,42.96579069709532,optimal
2021-02-07 17:00:00,41,120,0.0,0.387037037037037,0.0,0.1528,7.938,6.0,-12,20.118857600360464,,0.0,0.0,0.0,348.3333333333333,42.76702963753163,optimal
2021-02-07 17:30:00,41,120,1.1428571428571428,0.4644444444444444,0.0,0.5787333333333333,5.292,6.0,-12,20.0845412376212,,4000.0,0.0,0.0,418.0,42.56846733902751,optimal
2021-02-07 18:00:00,41,120,0.0,0.4644444444444444,0.0,0.2945333333333333,9.261,6.0,-12,20.10655755768139,,0.0,0.0,0.0,418.0,42.370103602821885,optimal
2021-02-07 18:30:00,41,120,0.0,0.387037037037037,0.0,0.6207333333333334,10.3635,6.0,-12,20.079234553763268,,0.0,0.0,0.0,348.3333333333333,42.17193823035248,optimal
2021-02-07 19:00:00,41,120,0.0,0.3096296296296296,0.0,0.4823333333333333,8.274,6.0,-12,20.05465107781304,,0.0,0.0,0.0,278.66666666666663,41.97397102325553,optimal
2021-02-07 19:30:00,41,120,0.0,0.1548148148148148,0.0,0.4332666666666666,7.7175,6.0,-12,20.02910037780869,,0.0,0.0,0.0,139.33333333333331,41.776201783365686,optimal
2021-02-07 20:00:00,41,120,0.5122697993302325,0.0,0.0,0.4169666666666666,6.615,6.0,-12,20.00245892932828,,1792.944297655814,0.0,0.0,0.0,41.57863031271573,optimal
2021-02-07 20:30:00,41,120,0.0,0.0,0.0,0.6227,6.174,6.0,-12,20.0,,0.0,0.0,0.0,0.0,41.38125641353643,optimal
2021-02-07 21:00:00,41,120,0.0,0.0,0.0,0.5197999999999999,3.906,6.0,-12,19.97712973897273,,0.0,0.0,0.0,0.0,41.1840798882563,optimal
2021-02-07 21:30:00,41,120,0.0,0.0,0.0,0.7077,2.3415,6.0,-12,19.953894184539177,,0.0,0.0,0.0,0.0,40.987100539501455,optimal
2021-02-07 22:00:00,41,120,0.0,0.1548148148148148,0.0,0.8123333333333334,2.205,6.0,-12,19.9332049189617,,0.0,0.0,0.0,139.33333333333331,40.94611343896195,optimal
2021-02-07 22:30:00,41,120,0.0,0.0774074074074074,0.0,0.7292333333333334,0.882,6.0,-12,19.912410076956927,,0.0,0.0,0.0,69.66666666666666,40.90516732552299,optimal
2021-02-07 23:00:00,41,120,0.0,0.0,0.0,0.1296666666666666,1.5435,6.0,-12,19.89149281255624,,0.0,0.0,0.0,0.0,40.86426215819746,optimal
2021-02-07 23:30:00,41,120,0.0,0.0,0.0,0.076,1.5435,6.0,-12,19.859402358848136,,0.0,0.0,0.0,0.0,40.82339789603927,optimal
2021-02-08 00:00:00,41,120,1.1428571428571428,0.0,0.0,1.0109333333333332,12.348,6.0,17,19.859402358848136,,4000.0,0.0,0.0,0.0,40.78257449814323,optimal
2021-02-08 00:30:00,41,120,0.0,0.0,0.0,1.2614,25.389,6.0,17,19.878633187097687,,0.0,0.0,0.0,0.0,40.74179192364508,optimal
2021-02-08 01:00:00,41,120,0.0,0.1548148148148148,0.0,1.9146333333333327,29.1375,6.0,17,19.85159917548081,,0.0,0.0,0.0,139.33333333333331,40.70105013172144,optimal
2021-02-08 01:30:00,41,120,0.0,0.0,0.0,0.6399666666666667,30.597,6.0,17,19.8254088260576,,0.0,0.0,0.0,0.0,40.66034908158972,optimal
2021-02-08 02:00:00,41,120,0.0,0.387037037037037,0.0,0.1630666666666666,33.684,6.0,17,19.79558917630221,,0.0,0.0,0.0,348.3333333333333,40.61968873250812,optimal
2021-02-08 02:30:00,41,120,0.0,0.0,0.0,0.1988666666666666,32.445,6.0,17,19.76368312771821,,0.0,0.0,0.0,0.0,40.57906904377562,optimal
2021-02-08 03:00:00,41,120,0.0,0.3096296296296296,0.0,2.0760666666666667,28.917,6.0,17,19.73208321467436,,0.0,0.0,0.0,278.66666666666663,40.538489974731846,optimal
2021-02-08 03:30:00,41,120,1.1428571428571428,0.0,0.0,0.2201333333333333,15.876,6.0,17,19.705549689971797,,4000.0,0.0,0.0,0.0,40.49795148475712,optimal
2021-02-08 04:00:00,41,120,1.1428571428571428,1.315925925925926,0.0,0.2119,12.348,6.0,17,19.72711020116872,,4000.0,0.0,0.0,1184.3333333333333,40.45745353327236,optimal
2021-02-08 04:30:00,41,120,1.1428571428571428,0.0,0.0,1.6557,12.1275,6.0,17,19.747742265859287,,4000.0,0.0,0.0,0.0,40.416996079739086,optimal
2021-02-08 05:00:00,41,120,1.1428571428571428,5.108888888888889,0.0,1.8001333333333334,12.348,6.0,17,19.77500398108941,,4000.0,0.0,0.0,4598.0,40.376579083659344,optimal
2021-02-08 05:30:00,41,120,1.1428571428571428,0.2322222222222222,0.0,1.7009666666666667,12.1275,6.0,17,19.79605569822849,,4000.0,0.0,0.0,209.0,40.33620250457569,optimal
2021-02-08 06:00:00,41,120,1.1428571428571428,0.4644444444444444,0.0,1.51,12.1275,6.0,17,19.815409281936898,,4000.0,0.0,0.0,418.0,40.29586630207111,optimal
2021-02-08 06:30:00,41,120,1.1428571428571428,0.3096296296296296,1.5777773879516657,0.101,11.2665,6.0,17,19.83492493162596,,4000.0,0.0,0.0,278.66666666666663,41.00501469504607,optimal
2021-02-08 07:00:00,41,120,1.1428571428571428,2.322222222222221,5.0,0.3190333333333333,10.143,6.0,17,19.850849676981262,,4000.0,0.0,0.0,2089.9999999999995,43.33900968035103,optimal
2021-02-08 07:30:00,41,120,1.1428571428571428,10.06716384381704,5.0,1.161333333333333,11.2455,6.0,17,19.8701428974384,,4000.0,8781.78079276867,0.0,278.66666666666663,45.670670670670674,optimal
2021-02-08 08:00:00,41,120,0.6096538844834624,2.941481481481482,5.0,1.8375,11.025,6.0,17,20.0,,2133.788595692118,0.0,0.0,2647.333333333333,48.0,optimal
2021-02-08 08:30:00,41,120,1.1428571428571428,0.1548148148148148,0.0,0.077,5.9745,6.0,17,20.0,,4000.0,0.0,0.0,139.33333333333331,47.83085280795166,optimal
2021-02-08 09:00:00,41,120,1.1428571428571428,0.0,0.0,0.4076,7.938,6.0,17,20.01266708682038,,4000.0,0.0,0.0,0.0,47.66187476309536,optimal
2021-02-08 09:30:00,41,120,1.1428571428571428,0.0,0.0,2.8324333333333334,8.6835,6.0,17,20.03012176140374,,4000.0,0.0,0.0,0.0,47.49306569628393,optimal
2021-02-08 10:00:00,41,120,1.1428571428571428,0.2322222222222222,0.0,1.7741333333333331,7.665,6.0,17,20.05815250295014,,4000.0,0.0,0.0,209.0,47.3244254385393,optimal
2021-02-08 10:30:00,41,120,1.1428571428571428,0.0,0.0,0.7160666666666667,6.7725,6.0,17,20.082966846755312,,4000.0,0.0,0.0,0.0,47.15595382105242,optimal
2021-02-08 11:00:00,41,120,1.1428571428571428,0.0,0.0,0.1713,5.5755,6.0,17,20.100128412214172,,4000.0,0.0,0.0,0.0,46.98765067518303,optimal
2021-02-08 11:30:00,41,120,1.1428571428571428,0.0,0.0,0.071,5.0925,6.0,17,20.119194370854142,,4000.0,0.0,0.0,0.0,46.8195158324595,optimal
2021-02-08 12:00:00,41,120,1.1428571428571428,0.0,0.0,0.1949,4.1895,6.0,17,20.13719889729281,,4000.0,0.0,0.0,0.0,46.6515491245787,optimal
2021-02-08 12:30:00,41,120,1.1428571428571428,0.0,0.0,0.0769,7.056,6.0,17,20.1578124818922,,4000.0,0.0,0.0,0.0,46.48375038340578,optimal
2021-02-08 13:00:00,41,120,1.1428571428571428,0.0,0.0,0.071,5.271,6.0,17,20.177344194835506,,4000.0,0.0,0.0,0.0,46.31611944097404,optimal
2021-02-08 13:30:00,41,120,1.1428571428571428,0.0,0.0,0.2008,7.938,6.0,17,20.196838682141504,,4000.0,0.0,0.0,0.0,46.14865612948472,optimal
2021-02-08 14:00:00,41,120,1.1428571428571428,0.0,0.0,0.1050666666666666,7.938,6.0,17,20.218074044838293,,4000.0,0.0,0.0,0.0,45.9813602813069,optimal
2021-02-08 14:30:00,41,120,0.0,0.0,0.0,0.8538,11.907,6.0,17,20.239557804598277,,0.0,0.0,0.0,0.0,45.81423172897725,optimal
2021-02-08 15:00:00,41,120,1.1428571428571428,0.0,0.0,1.3818666666666666,11.025,6.0,17,20.21498275537352,,4000.0,0.0,0.0,0.0,45.64727030519993,optimal
2021-02-08 15:30:00,41,120,0.0276611686249403,0.5418518518518518,0.0,0.1618666666666667,11.2875,6.0,17,20.23896854772947,,96.8140901872912,0.0,0.0,487.6666666666667,45.48047584284639,optimal
2021-02-08 16:00:00,41,120,0.0,0.6966666666666667,0.0,3.893033333333333,12.936,6.0,17,20.21439191798001,,0.0,0.0,0.0,627.0,45.3138481749552,optimal
2021-02-08 16:30:00,41,120,0.0,1.935185185185185,0.0,4.844766666666667,13.0095,6.0,17,20.19823340866615,,0.0,0.0,0.0,1741.6666666666667,45.14738713473191,optimal
2021-02-08 17:00:00,41,120,0.0,2.2448148148148146,0.0,3.7280666666666655,13.671,6.0,17,20.182252256536508,,0.0,0.0,0.0,2020.3333333333333,44.981092555548834,optimal
2021-02-08 17:30:00,41,120,0.0,0.0774074074074074,0.0,0.7228333333333333,13.188,6.0,17,20.16986032064677,,0.0,0.0,0.0,69.66666666666666,44.81496427094495,optimal
2021-02-08 18:00:00,41,120,0.0,0.3096296296296296,0.0,2.3090333333333333,13.8495,6.0,17,20.14293901404715,,0.0,0.0,0.0,278.66666666666663,44.64900211462566,optimal
2021-02-08 18:30:00,41,120,0.0,0.1548148148148148,0.0,0.6009,13.23,6.0,17,20.11821204114075,,0.0,0.0,0.0,139.33333333333331,44.48320592046269,optimal
2021-02-08 19:00:00,41,120,0.0,0.0,0.0,1.1610333333333334,13.3665,6.0,17,20.09226432985469,,0.0,0.0,0.0,0.0,44.31757552249389,optimal
2021-02-08 19:30:00,41,120,0.0,0.0,0.0,1.7648666666666666,13.0515,6.0,17,20.062664674280395,,0.0,0.0,0.0,0.0,44.15211075492306,optimal
2021-02-08 20:00:00,41,120,0.0,0.0,0.0,0.3525666666666666,13.5345,6.0,17,20.031891850513425,,0.0,0.0,0.0,0.0,44.107958644168136,optimal
2021-02-08 20:30:00,41,120,0.0,2.5544444444444445,0.0,1.3409333333333333,14.154,6.0,17,20.0,,0.0,0.0,0.0,2299.0,44.06385068552397,optimal
2021-02-08 21:00:00,41,120,0.0,0.387037037037037,0.0,1.8393,14.112,6.0,17,19.974199475815634,,0.0,0.0,0.0,348.3333333333333,44.01978683483844,optimal
2021-02-08 21:30:00,41,120,0.0,0.0,0.0,0.3397,14.2485,6.0,17,19.950227497715524,,0.0,0.0,0.0,0.0,43.9757670480036,optimal
2021-02-08 22:00:00,41,120,0.0,0.0774074074074074,0.0,2.9784,12.789,6.0,17,19.92450129043624,,0.0,0.0,0.0,69.66666666666666,43.9317912809556,optimal
2021-02-08 22:30:00,41,120,0.0,1.0837037037037036,0.0,0.7062999999999999,13.0095,6.0,17,19.91052695682829,,0.0,0.0,0.0,975.3333333333334,43.887859489674646,optimal
2021-02-08 23:00:00,41,120,0.0,0.3096296296296296,0.0,0.219,12.1275,6.0,17,19.88769773060364,,0.0,0.0,0.0,278.66666666666663,43.843971630184974,optimal
2021-02-08 23:30:00,41,120,0.0,0.3096296296296296,0.0,0.3446666666666667,12.348,6.0,17,19.85778380025613,,0.0,0.0,0.0,278.66666666666663,43.80012765855479,optimal
2021-02-09 00:00:00,41,120,1.1428571428571428,0.0,0.0,0.0709,13.23,6.0,18,19.85778380025613,,4000.0,0.0,0.0,0.0,43.75632753089624,optimal
2021-02-09 00:30:00,41,120,1.1428571428571428,0.0,0.0,0.1717,13.8915,6.0,18,19.871332744522523,,4000.0,0.0,0.0,0.0,43.71257120336534,optimal
2021-02-09 01:00:00,41,120,0.0,0.0,0.0,0.15,26.9325,6.0,18,19.88618193549581,,0.0,0.0,0.0,0.0,43.66885863216198,optimal
2021-02-09 01:30:00,41,120,0.0,0.0,0.0,0.1906,30.303,6.0,18,19.852107085391545,,0.0,0.0,0.0,0.0,43.62518977352982,optimal
2021-02-09 02:00:00,41,120,0.0,0.0,0.0,0.1206,32.886,6.0,18,19.818396137668586,,0.0,0.0,0.0,0.0,43.58156458375629,optimal
2021-02-09 02:30:00,41,120,0.0,0.0,0.0,0.0830666666666666,34.9965,6.0,18,19.7837010037064,,0.0,0.0,0.0,0.0,43.537983019172536,optimal
2021-02-09 03:00:00,41,120,0.0,0.0,0.0,0.0669,33.327,6.0,18,19.748696235316743,,0.0,0.0,0.0,0.0,43.494445036153365,optimal
2021-02-09 03:30:00,41,120,0.0,0.0,0.0,0.2890333333333333,31.122,6.0,18,19.713561526814814,,0.0,0.0,0.0,0.0,43.45095059111721,optimal
2021-02-09 04:00:00,41,120,1.1428571428571428,0.0,0.0,0.052,17.9025,6.0,18,19.681457686811697,,4000.0,0.0,0.0,0.0,43.4074996405261,optimal
2021-02-09 04:30:00,41,120,1.1428571428571428,0.0,0.0,0.1451,15.6555,6.0,18,19.69552247496733,,4000.0,0.0,0.0,0.0,43.364092140885575,optimal
2021-02-09 05:00:00,41,120,1.1428571428571428,0.0,0.0,0.1451,14.553,6.0,18,19.71049529866485,,4000.0,0.0,0.0,0.0,43.32072804874469,optimal
2021-02-09 05:30:00,41,120,1.1428571428571428,0.0,0.0,0.1040666666666666,14.3325,6.0,18,19.72524018151203,,4000.0,0.0,0.0,0.0,43.27740732069594,optimal
2021-02-09 06:00:00,41,120,1.1428571428571428,0.0,0.0,0.16,13.335,6.0,18,19.739435645646196,,4000.0,0.0,0.0,0.0,43.23412991337525,optimal
2021-02-09 06:30:00,41,120,1.1428571428571428,3.251111111111111,0.4031500820243806,0.0606666666666666,12.1275,6.0,18,19.754182845918084,,4000.0,0.0,0.0,2926.0,43.38239207242345,optimal
2021-02-09 07:00:00,41,120,1.1428571428571428,5.108888888888889,0.0,0.2329,12.2955,6.0,18,19.768807365888847,,4000.0,0.0,0.0,4598.0,43.33900968035103,optimal
2021-02-09 07:30:00,41,120,1.1428571428571428,17.83915711853881,5.0,0.1237,11.6865,6.0,18,19.78696618213928,,4000.0,16055.241406684929,0.0,0.0,45.670670670670674,optimal
2021-02-09 08:00:00,41,120,1.1428571428571428,0.6966666666666667,5.0,0.2658,11.466,6.0,18,20.0,,4000.0,0.0,0.0,627.0,48.0,optimal
2021-02-09 08:30:00,41,120,1.1428571428571428,0.0774074074074074,0.0,0.2382666666666666,10.8045,6.0,18,20.019352847584123,,4000.0,0.0,0.0,69.66666666666666,47.88627430785895,optimal
2021-02-09 09:00:00,41,120,1.1428571428571428,0.2322222222222222,0.0,0.6352000000000001,10.584,6.0,18,20.03589394871052,,4000.0,0.0,0.0,209.0,47.77266234141004,optimal
2021-02-09 09:30:00,41,120,1.1428571428571428,0.0,0.0,0.4991,11.2455,6.0,18,20.051349080299765,,4000.0,0.0,0.0,0.0,47.65916398692758,optimal
2021-02-09 10:00:00,41,120,0.0,0.0,0.0,0.1565,12.1275,6.0,18,20.066323419790905,,0.0,0.0,0.0,0.0,47.5457791307996,optimal
2021-02-09 10:30:00,41,120,0.0,0.0,0.0,0.062,11.823,6.0,18,20.034358702014377,,0.0,0.0,0.0,0.0,47.43250765952775,optimal
2021-02-09 11:00:00,41,120,0.4985885012088284,0.3096296296296296,0.0,1.0307,11.7705,6.0,18,20.001801765580336,,1745.0597542308994,0.0,0.0,278.66666666666663,47.31934945972717,optimal
2021-02-09 11:30:00,41,120,1.1428571428571428,0.0,0.0,0.8012333333333334,11.13,6.0,18,20.0,,4000.0,0.0,0.0,0.0,47.20630441812639,optimal
2021-02-09 12:00:00,41,120,0.9865144463019409,0.387037037037037,0.0,0.1703,11.6865,6.0,18,20.0261477439024,,3452.8005620567933,0.0,0.0,348.3333333333333,47.09337242156722,optimal
2021-02-09 12:30:00,41,120,1.1428571428571428,0.3096296296296296,0.0,0.4164666666666666,10.7205,6.0,18,20.04804346830188,,4000.0,0.0,0.0,278.66666666666663,46.9805533570046,optimal
2021-02-09 13:00:00,41,120,1.1428571428571428,0.8514814814814814,0.0,1.1364666666666667,11.424,6.0,18,20.080397317061305,,4000.0,0.0,0.0,766.3333333333333,46.86784711150655,optimal
2021-02-09 13:30:00,41,120,1.1428571428571428,0.2322222222222222,0.0,0.46,10.689,6.0,18,20.11295830231892,,4000.0,0.0,0.0,209.0,46.75525357225399,optimal
2021-02-09 14:00:00,41,120,1.1428571428571428,0.1548148148148148,0.0,1.067,11.361,6.0,18,20.14602640565939,,4000.0,0.0,0.0,139.33333333333331,46.64277262654068,optimal
2021-02-09 14:30:00,41,120,1.1428571428571428,0.0,0.0,0.5151,11.571,6.0,18,20.175011700679057,,4000.0,0.0,0.0,0.0,46.53040416177309,optimal
2021-02-09 15:00:00,41,120,0.0,0.2322222222222222,0.0,0.2522,14.3745,6.0,18,20.207413443047624,,0.0,0.0,0.0,209.0,46.41814806547027,optimal
2021-02-09 15:30:00,41,120,0.0,0.6966666666666667,0.0,0.3608,13.23,6.0,18,20.186266933939805,,0.0,0.0,0.0,627.0,46.30600422526375,optimal
2021-02-09 16:00:00,41,120,0.0,0.0,0.0,0.5176000000000001,13.9755,6.0,18,20.169092779119534,,0.0,0.0,0.0,0.0,46.19397252889743,optimal
2021-02-09 16:30:00,41,120,0.0,0.0,0.0,0.2414333333333333,14.994,6.0,18,20.15240262178056,,0.0,0.0,0.0,0.0,46.082052864227485,optimal
2021-02-09 17:00:00,41,120,0.0,0.4644444444444444,0.0,0.8875333333333333,13.671,6.0,18,20.12952718949562,,0.0,0.0,0.0,418.0,45.970245119222206,optimal
2021-02-09 17:30:00,41,120,0.0,0.387037037037037,0.0,2.6844,15.981,6.0,18,20.10797391498554,,0.0,0.0,0.0,348.3333333333333,45.85854918196193,optimal
2021-02-09 18:00:00,41,120,0.0,0.3096296296296296,0.0,3.4415,15.6345,6.0,18,20.09423520992976,,0.0,0.0,0.0,278.66666666666663,45.74696494063892,optimal
2021-02-09 18:30:00,41,120,0.0,0.1548148148148148,0.0,0.3793999999999999,16.5375,6.0,18,20.09347181041483,,0.0,0.0,0.0,139.33333333333331,45.63549228355723,optimal
2021-02-09 19:00:00,41,120,0.0,1.548148148148148,0.0,0.3994,14.7735,6.0,18,20.07120894582838,,0.0,0.0,0.0,1393.3333333333333,45.52413109913262,optimal
2021-02-09 19:30:00,41,120,0.0,0.0,0.0,0.2852,15.2145,6.0,18,20.04796978957073,,0.0,0.0,0.0,0.0,45.41288127589243,optimal
2021-02-09 20:00:00,41,120,0.0,0.0774074074074074,0.0,0.2230666666666666,14.553,6.0,18,20.025398005905902,,0.0,0.0,0.0,69.66666666666666,45.30174270247549,optimal
2021-02-09 20:30:00,41,120,0.0,2.012592592592592,0.0,0.3768999999999999,14.3325,6.0,18,20.0,,0.0,0.0,0.0,1811.333333333333,45.19071526763196,optimal
2021-02-09 21:00:00,41,120,0.0,0.0,0.0,0.1764666666666666,14.595,6.0,18,19.97418648547828,,0.0,0.0,0.0,0.0,45.07979886022328,optimal
2021-02-09 21:30:00,41,120,0.0,0.0774074074074074,0.0,0.2488333333333333,14.994,6.0,18,19.94537278680129,,0.0,0.0,0.0,69.66666666666666,44.968993369222005,optimal
2021-02-09 22:00:00,41,120,0.0,0.0,0.0,0.3345333333333333,14.3325,6.0,18,19.917145558606368,,0.0,0.0,0.0,0.0,44.85829868371173,optimal
2021-02-09 22:30:00,41,120,0.0,0.1548148148148148,0.0,0.2334,13.8915,6.0,18,19.889735102700275,,0.0,0.0,0.0,139.33333333333331,44.747714692886966,optimal
2021-02-09 23:00:00,41,120,0.0,0.4644444444444444,0.0,0.2226,13.8915,6.0,18,19.86070477479303,,0.0,0.0,0.0,418.0,44.63724128605303,optimal
2021-02-09 23:30:00,41,120,0.0,6.502222222222222,0.0,0.4239333333333333,13.4715,6.0,18,19.830062659320003,,0.0,0.0,0.0,5852.0,44.59260404476697,optimal
2021-02-10 00:00:00,41,120,1.1428571428571428,0.0,0.0,0.0556,13.3665,6.0,4,19.830062659320003,,4000.0,0.0,0.0,0.0,44.548011440722206,optimal
2021-02-10 00:30:00,41,120,1.1428571428571428,0.0,0.0,0.0945999999999999,12.789,6.0,4,19.843059295380755,,4000.0,0.0,0.0,0.0,44.50346342928148,optimal
2021-02-10 01:00:00,41,120,1.1428571428571428,0.0,0.0,0.04,11.907,6.0,4,19.856307019893343,,4000.0,0.0,0.0,0.0,44.4589599658522,optimal
2021-02-10 01:30:00,41,120,1.1428571428571428,0.0,0.0,0.04,11.7075,6.0,4,19.86866506773285,,4000.0,0.0,0.0,0.0,44.41450100588635,optimal
2021-02-10 02:00:00,41,120,1.1428571428571428,0.0,0.0,0.04,10.8045,6.0,4,19.88080035867954,,4000.0,0.0,0.0,0.0,44.37008650488046,optimal
2021-02-10 02:30:00,41,120,1.1428571428571428,0.0,0.0,0.04,11.508,6.0,4,19.89271333436295,,4000.0,0.0,0.0,0.0,44.32571641837558,optimal
2021-02-10 03:00:00,41,120,1.1428571428571428,0.0,0.0,0.1102,11.508,6.0,4,19.9046026918232,,4000.0,0.0,0.0,0.0,44.2813907019572,optimal
2021-02-10 03:30:00,41,120,1.1428571428571428,0.0,0.0,0.04,11.508,6.0,4,19.917323678379613,,4000.0,0.0,0.0,0.0,44.237109311255246,optimal
2021-02-10 04:00:00,41,120,1.1428571428571428,0.0,0.0,0.1102,11.844,6.0,4,19.92916424428581,,4000.0,0.0,0.0,0.0,44.19287220194399,optimal
2021-02-10 04:30:00,41,120,1.1428571428571428,0.0,0.0,0.04,11.508,6.0,4,19.941836536020496,,4000.0,0.0,0.0,0.0,44.148679329742045,optimal
2021-02-10 05:00:00,41,120,1.1428571428571428,0.0,0.0,0.0945999999999999,11.508,6.0,4,19.95343024735937,,4000.0,0.0,0.0,0.0,44.1045306504123,optimal
2021-02-10 05:30:00,41,120,1.1428571428571428,0.0,5.0,0.0556,10.4475,6.0,4,19.96546787309092,,4000.0,0.0,0.0,0.0,46.435426119761885,optimal
2021-02-10 06:00:00,41,120,1.1428571428571428,0.0,0.0,0.04,10.8675,6.0,4,19.976808265800667,,4000.0,0.0,0.0,0.0,46.38899069364212,optimal
2021-02-10 06:30:00,41,120,1.1428571428571428,0.0,3.7930247953106218,0.0945999999999999,10.542,6.0,4,19.98773787462848,,4000.0,0.0,0.0,0.0,48.144288480721016,optimal
2021-02-10 07:00:00,41,120,1.1428571428571428,0.0774074074074074,0.0,0.1305666666666666,11.025,6.0,4,19.99970748333234,,4000.0,0.0,0.0,69.66666666666666,48.096144192240295,optimal
2021-02-10 07:30:00,41,120,1.1428571428571428,2.4770370370370367,0.0,0.2223333333333333,11.025,6.0,4,20.01336922187855,,4000.0,0.0,0.0,2229.333333333333,48.048048048048045,optimal
2021-02-10 08:00:00,41,120,1.1428571428571428,2.39962962962963,0.0,0.1439,14.553,6.0,4,20.0316652006822,,4000.0,0.0,0.0,2159.6666666666665,48.0,optimal
2021-02-10 08:30:00,41,120,1.1428571428571428,0.0,0.0,0.0602666666666666,13.0935,6.0,4,20.049897309649698,,4000.0,0.0,0.0,0.0,47.76195109864331,optimal
2021-02-10 09:00:00,41,120,1.1428571428571428,0.0,0.0,0.1134,15.6345,6.0,4,20.06447407848079,,4000.0,0.0,0.0,0.0,47.524140246187976,optimal
2021-02-10 09:30:00,41,120,0.0,0.0,0.0,0.1129333333333333,18.102,6.0,4,20.0802506734072,,0.0,0.0,0.0,0.0,47.2865672045851,optimal
2021-02-10 10:00:00,41,120,1.1428571428571428,0.387037037037037,0.0,0.1034,17.199,6.0,4,20.04728385294416,,4000.0,0.0,0.0,348.3333333333333,47.04923173602382,optimal
2021-02-10 10:30:00,41,120,0.0,0.0,0.0,0.0968333333333333,18.2805,6.0,4,20.066925065354614,,0.0,0.0,0.0,0.0,46.81213360293111,optimal
2021-02-10 11:00:00,41,120,0.8195756926155667,0.387037037037037,0.0,0.2876,17.4615,6.0,4,20.03699203511952,,2868.514924154484,0.0,0.0,348.3333333333333,46.57527256797148,optimal
2021-02-10 11:30:00,41,120,0.0,0.1548148148148148,0.0,0.2462,18.3225,6.0,4,20.045583367587,,0.0,0.0,0.0,139.33333333333331,46.33864839404682,optimal
2021-02-10 12:00:00,41,120,1.1428571428571428,0.1548148148148148,0.0,0.4019,17.094,6.0,4,20.019405817181656,,4000.0,0.0,0.0,139.33333333333331,46.10226084429608,optimal
2021-02-10 12:30:00,41,120,1.1428571428571428,4.257407407407407,0.0,0.2106666666666666,17.094,6.0,4,20.048012827197955,,4000.0,0.0,0.0,3831.6666666666665,45.8661096820951,optimal
2021-02-10 13:00:00,41,120,1.1428571428571428,0.0,0.0,0.9754666666666668,17.094,6.0,4,20.07423345191503,,4000.0,0.0,0.0,0.0,45.63019467105632,optimal
2021-02-10 13:30:00,41,120,1.1428571428571428,0.0,0.0,1.257966666666667,17.3565,6.0,4,20.10920551676848,,4000.0,0.0,0.0,0.0,45.39451557502857,optimal
2021-02-10 14:00:00,41,120,1.1428571428571428,0.0,0.0,0.2170666666666666,17.115,6.0,4,20.14762173421592,,4000.0,0.0,0.0,0.0,45.159072158096855,optimal
2021-02-10 14:30:00,41,120,1.1428571428571428,0.0,0.0,0.0929,17.241,6.0,4,20.17104008814767,,4000.0,0.0,0.0,0.0,44.92386418458207,optimal
2021-02-10 15:00:00,41,120,1.1428571428571428,0.0,0.0,0.0773,17.094,6.0,4,20.191985697027427,,4000.0,0.0,0.0,0.0,44.68889141904079,optimal
2021-02-10 15:30:00,41,120,1.1428571428571428,0.0,0.0,0.05,16.5165,6.0,4,20.21076089815157,,4000.0,0.0,0.0,0.0,44.45415362626506,optimal
2021-02-10 16:00:00,41,120,0.0,0.0,0.0,0.1202,17.8185,6.0,4,20.228769785716803,,0.0,0.0,0.0,0.0,44.21965057128211,optimal
2021-02-10 16:30:00,41,120,1.1428571428571428,0.0,0.0,0.05,17.094,6.0,4,20.19556402871238,,4000.0,0.0,0.0,0.0,43.98538201935414,optimal
2021-02-10 17:00:00,41,120,1.1428571428571428,0.0,0.0,0.1633333333333333,16.8945,6.0,4,20.20990176405959,,4000.0,0.0,0.0,0.0,43.751347735978094,optimal
2021-02-10 17:30:00,41,120,0.0,1.2385185185185184,0.0,0.2564333333333333,18.123,6.0,4,20.223368000357976,,0.0,0.0,0.0,1114.6666666666663,43.51754748688543,optimal
2021-02-10 18:00:00,41,120,0.0,0.4644444444444444,0.0,0.2206999999999999,31.647,6.0,4,20.19079040684419,,0.0,0.0,0.0,418.0,43.28398103804185,optimal
2021-02-10 18:30:00,41,120,0.0,0.387037037037037,0.0,0.1729666666666666,34.9965,6.0,4,20.15797451191637,,0.0,0.0,0.0,348.3333333333333,43.05064815564712,optimal
2021-02-10 19:00:00,41,120,0.0,0.0,0.0,0.0538999999999999,34.9965,6.0,4,20.12169693359786,,0.0,0.0,0.0,0.0,42.81754860613478,optimal
2021-02-10 19:30:00,41,120,0.0,0.0,0.0,0.05,34.9965,6.0,4,20.081578760691308,,0.0,0.0,0.0,0.0,42.58468215617195,optimal
2021-02-10 20:00:00,41,120,0.0,0.0,0.0,0.05,34.9965,6.0,4,20.040996972730493,,0.0,0.0,0.0,0.0,42.352048572659086,optimal
2021-02-10 20:30:00,41,120,0.0,0.0,0.0,0.1202,34.9965,6.0,4,20.0,,0.0,0.0,0.0,0.0,42.11964762272974,optimal
2021-02-10 21:00:00,41,120,0.0,0.0,0.0,0.05,27.741,6.0,4,19.95984037869671,,0.0,0.0,0.0,0.0,41.88747907375032,optimal
2021-02-10 21:30:00,41,120,0.0,0.0,0.0,0.22,19.026,6.0,4,19.918806047729365,,0.0,0.0,0.0,0.0,41.65554269331988,optimal
2021-02-10 22:00:00,41,120,0.0,0.387037037037037,0.0,0.2627666666666666,18.7215,6.0,4,19.87903507404909,,0.0,0.0,0.0,348.3333333333333,41.42383824926987,optimal
2021-02-10 22:30:00,41,120,0.0,0.1548148148148148,0.0,0.2940333333333333,17.4195,6.0,4,19.83783387335126,,0.0,0.0,0.0,139.33333333333331,41.19236550966391,optimal
2021-02-10 23:00:00,41,120,0.0,0.0,0.0,0.4779666666666666,16.758,6.0,4,19.798999538789623,,0.0,0.0,0.0,0.0,41.15117314415424,optimal
2021-02-10 23:30:00,41,120,0.0,0.0,0.0,0.1751,14.217,6.0,4,19.762632146055054,,0.0,0.0,0.0,0.0,41.11002197101009,optimal
2021-02-11 00:00:00,41,120,1.1428571428571428,0.0,0.0,0.113,14.3325,6.0,9,19.762632146055054,,4000.0,0.0,0.0,0.0,41.06891194903909,optimal
2021-02-11 00:30:00,41,120,1.1428571428571428,0.0,0.0,0.113,13.692,6.0,9,19.768333226116944,,4000.0,0.0,0.0,0.0,41.02784303709005,optimal
2021-02-11 01:00:00,41,120,1.1428571428571428,0.0,0.0,0.1239,14.007,6.0,9,19.774221259715368,,4000.0,0.0,0.0,0.0,40.98681519405295,optimal
2021-02-11 01:30:00,41,120,1.1428571428571428,0.0,0.0,0.2194333333333333,12.873,6.0,9,19.78042866374439,,4000.0,0.0,0.0,0.0,40.9458283788589,optimal
2021-02-11 02:00:00,41,120,1.1428571428571428,0.0,0.0,0.06,12.684,6.0,9,19.787787581061245,,4000.0,0.0,0.0,0.0,40.90488255048004,optimal
2021-02-11 02:30:00,41,120,1.1428571428571428,0.0,0.0,0.2248333333333332,12.306,6.0,9,19.79318963727304,,4000.0,0.0,0.0,0.0,40.86397766792956,optimal
2021-02-11 03:00:00,41,120,1.1428571428571428,0.0,5.0,0.1185,10.6365,6.0,9,19.800390783525003,,4000.0,0.0,0.0,0.0,43.19811369026163,optimal
2021-02-11 03:30:00,41,120,1.1428571428571428,0.0,0.0,0.06,11.2455,6.0,9,19.806084007602312,,4000.0,0.0,0.0,0.0,43.15491557657137,optimal
2021-02-11 04:00:00,41,120,1.1428571428571428,0.0,0.0,0.1448,11.2455,6.0,9,19.811548918141412,,4000.0,0.0,0.0,0.0,43.1117606609948,optimal
2021-02-11 04:30:00,41,120,1.1428571428571428,0.3096296296296296,0.0,0.1338666666666666,11.025,6.0,9,19.818531697573047,,4000.0,0.0,0.0,278.66666666666663,43.068648900333805,optimal
2021-02-11 05:00:00,41,120,1.1428571428571428,1.935185185185185,0.0,0.2028333333333332,12.0855,6.0,9,19.82562326879401,,4000.0,0.0,0.0,1741.6666666666667,43.02558025143348,optimal
2021-02-11 05:30:00,41,120,1.1428571428571428,0.0,0.0,0.0865,11.6865,6.0,9,19.83399576361455,,4000.0,0.0,0.0,0.0,42.98255467118205,optimal
2021-02-11 06:00:00,41,120,1.1428571428571428,0.0,0.0,0.2539,11.2245,6.0,9,19.84071945086905,,4000.0,0.0,0.0,0.0,42.93957211651086,optimal
2021-02-11 06:30:00,41,120,1.1428571428571428,1.433585185185185,0.0,0.0964333333333333,11.025,6.0,9,19.849871374998106,,4000.0,0.0,0.0,1290.2266666666667,42.89663254439435,optimal
2021-02-11 07:00:00,41,120,1.1428571428571428,1.043451851851852,5.0,0.058,10.7835,6.0,9,19.857936582706937,,4000.0,0.0,0.0,939.1066666666668,45.22873591184996,optimal
2021-02-11 07:30:00,41,120,1.1428571428571428,12.888573089365078,1.025607357331712,0.2938,11.025,6.0,9,19.868136209638514,,4000.0,9579.382447095237,0.0,2020.3333333333333,45.670670670670674,optimal
2021-02-11 08:00:00,41,120,1.1428571428571428,3.2511111111111117,5.0,0.2196,10.584,6.0,9,20.0,,4000.0,0.0,0.0,2926.0000000000005,48.0,optimal
2021-02-11 08:30:00,41,120,1.1428571428571428,0.2322222222222222,0.0,0.239,11.025,6.0,9,20.013481292033745,,4000.0,0.0,0.0,209.0,47.52671618166691,optimal
2021-02-11 09:00:00,41,120,1.1428571428571428,0.387037037037037,0.0,0.1953333333333332,10.4265,6.0,9,20.02510836981975,,4000.0,0.0,0.0,348.3333333333333,47.05390564715216,optimal
2021-02-11 09:30:00,41,120,1.1428571428571428,0.0,0.0,0.2433,12.789,6.0,9,20.03956437998694,,4000.0,0.0,0.0,0.0,46.58156792317192,optimal
2021-02-11 10:00:00,41,120,1.1428571428571428,0.1548148148148148,0.0,1.141133333333333,12.684,6.0,9,20.05738681274931,,4000.0,0.0,0.0,139.33333333333331,46.10970253691567,optimal
2021-02-11 10:30:00,41,120,1.1428571428571428,0.1548148148148148,0.0,1.8767,16.254,6.0,9,20.09338732340656,,4000.0,0.0,0.0,139.33333333333331,45.63830901604567,optimal
2021-02-11 11:00:00,41,120,1.1428571428571428,0.6966666666666667,0.0,1.4283333333333332,17.64,6.0,9,20.131894596969968,,4000.0,0.0,0.0,627.0,45.16738688869653,optimal
2021-02-11 11:30:00,41,120,0.0,0.0,0.0,0.1696,19.1625,6.0,9,20.15788538732924,,0.0,0.0,0.0,0.0,44.69693568347475,optimal
2021-02-11 12:00:00,41,120,0.0,0.3096296296296296,0.0,0.5650333333333333,26.46,6.0,9,20.130346625550995,,0.0,0.0,0.0,278.66666666666663,44.22695492945819,optimal
2021-02-11 12:30:00,41,120,0.0,0.0,0.0,1.542,20.79,6.0,9,20.11041025028434,,0.0,0.0,0.0,0.0,43.757444156195646,optimal
2021-02-11 13:00:00,41,120,0.0,0.0,0.0,1.1498666666666666,29.106,6.0,9,20.097175697593286,,0.0,0.0,0.0,0.0,43.28840289370636,optimal
2021-02-11 13:30:00,41,120,0.0,0.0,0.0,1.3341666666666667,19.1835,6.0,9,20.08196004427198,,0.0,0.0,0.0,0.0,42.81983067247957,optimal
2021-02-11 14:00:00,41,120,0.0,0.0,0.0,0.4043,19.6665,6.0,9,20.061204148844343,,0.0,0.0,0.0,0.0,42.351727023474005,optimal
2021-02-11 14:30:00,41,120,0.0,0.0,0.0,0.2854333333333333,19.404,6.0,9,20.03781839518257,,0.0,0.0,0.0,0.0,41.88409147811745,optimal
2021-02-11 15:00:00,41,120,0.2868904303777611,0.0,0.0,0.1833666666666666,19.047,6.0,9,20.014269640644063,,1004.116506322164,0.0,0.0,0.0,41.416923568306245,optimal
2021-02-11 15:30:00,41,120,0.942960861150278,0.0,0.0,0.2600333333333333,18.858,6.0,9,20.0,,3300.3630140259725,0.0,0.0,0.0,40.95022282640485,optimal
2021-02-11 16:00:00,41,120,0.0,0.0,0.0,4.8575333333333335,19.2675,6.0,9,20.013361257589786,,0.0,0.0,0.0,0.0,40.483988785245366,optimal
2021-02-11 16:30:00,41,120,0.0,0.0774074074074074,0.0,5.914133333333333,18.963,6.0,9,20.0103785458229,,0.0,0.0,0.0,69.66666666666666,40.01822097812703,optimal
2021-02-11 17:00:00,41,120,1.1428571428571428,0.6966666666666667,0.0,2.179766666666667,18.438,6.0,9,20.0,,4000.0,0.0,0.0,627.0,39.55291893881582,optimal
2021-02-11 17:30:00,41,120,0.2598573435488038,0.0,0.0,0.5064,18.7425,6.0,9,20.02261363357849,,909.5007024208134,0.0,0.0,0.0,39.08808220154392,optimal
2021-02-11 18:00:00,41,120,1.1428571428571428,0.0774074074074074,0.0,1.3383333333333332,15.2145,6.0,9,20.0,,4000.0,0.0,0.0,69.66666666666666,38.62371030100929,optimal
2021-02-11 18:30:00,41,120,0.6009093010888795,0.0774074074074074,0.0,0.6979,17.7765,6.0,9,20.01259054931796,,2103.1825538110784,0.0,0.0,69.66666666666666,38.1598027723752,optimal
2021-02-11 19:00:00,41,120,0.8988355668988303,0.0,0.0,0.4153333333333333,16.758,6.0,9,20.0,,3145.924484145906,0.0,0.0,0.0,37.69635915126973,optimal
2021-02-11 19:30:00,41,120,1.1428571428571428,0.0,0.0,0.5198666666666667,16.422,6.0,9,20.0,,4000.0,0.0,0.0,0.0,37.23337897378538,optimal
2021-02-11 20:00:00,41,120,0.6486061029840458,0.0,0.0,1.1796,16.758,6.0,9,20.008775221647063,,2270.12136044416,0.0,0.0,0.0,36.770861776478505,optimal
2021-02-11 20:30:00,41,120,0.0,0.0,0.0,1.7194,29.358,6.0,9,20.0,,0.0,0.0,0.0,0.0,36.30880709636894,optimal
2021-02-11 21:00:00,41,120,0.0,0.0774074074074074,0.0,0.5163666666666666,34.9965,6.0,9,19.968317191025925,,0.0,0.0,0.0,69.66666666666666,35.847214470939484,optimal
2021-02-11 21:30:00,41,120,0.0,0.0,0.0,0.3703333333333333,34.65,6.0,9,19.92865913167218,,0.0,0.0,0.0,0.0,35.38608343813546,optimal
2021-02-11 22:00:00,41,120,0.0,5.108888888888889,0.0,0.5998666666666667,34.9965,6.0,9,19.88738138778337,,0.0,0.0,0.0,4598.0,35.350697354697324,optimal
2021-02-11 22:30:00,41,120,0.0,0.0,0.0,0.5793666666666667,34.9965,6.0,9,19.85340667612044,,0.0,0.0,0.0,0.0,35.31534665734263,optimal
2021-02-11 23:00:00,41,120,0.0,0.0,0.0,0.4982333333333333,30.4815,6.0,9,19.816451164243546,,0.0,0.0,0.0,0.0,35.28003131068529,optimal
2021-02-11 23:30:00,41,120,0.0,0.0,0.0,0.4023,21.4305,6.0,9,19.776706339471687,,0.0,0.0,0.0,0.0,35.244751279374604,optimal
2021-02-12 00:00:00,41,120,1.1428571428571428,0.0,0.0,0.055,14.595,6.0,-18,19.776706339471687,,4000.0,0.0,0.0,0.0,35.20950652809523,optimal
2021-02-12 00:30:00,41,120,1.1428571428571428,0.0,0.0,0.0936666666666666,14.637,6.0,-18,19.775338485371343,,4000.0,0.0,0.0,0.0,35.174297021567135,optimal
2021-02-12 01:00:00,41,120,1.1428571428571428,0.0,0.0,0.2425999999999999,13.9125,6.0,-18,19.774444393732608,,4000.0,0.0,0.0,0.0,35.139122724545565,optimal
2021-02-12 01:30:00,41,120,1.1428571428571428,0.0,0.0,0.2000666666666666,13.3665,6.0,-18,19.77536643167173,,4000.0,0.0,0.0,0.0,35.10398360182102,optimal
2021-02-12 02:00:00,41,120,1.1428571428571428,0.0,5.0,0.0798,13.0095,6.0,-18,19.775966742233454,,4000.0,0.0,0.0,0.0,37.4438796182192,optimal
2021-02-12 02:30:00,41,120,1.1428571428571428,0.0,0.0,0.2575333333333333,13.8915,6.0,-18,19.775298989115488,,4000.0,0.0,0.0,0.0,37.40643573860098,optimal
2021-02-12 03:00:00,41,120,1.1428571428571428,0.0,2.736113843288682,0.199,13.188,6.0,-18,19.777392537188447,,4000.0,0.0,0.0,0.0,38.6686833784245,optimal
2021-02-12 03:30:00,41,120,1.1428571428571428,0.0,5.0,0.0922,12.5685,6.0,-18,19.779363630372124,,4000.0,0.0,0.0,0.0,41.00501469504607,optimal
2021-02-12 04:00:00,41,120,1.1428571428571428,0.0,5.0,0.3333,12.285,6.0,-18,19.781417535485694,,4000.0,0.0,0.0,0.0,43.33900968035103,optimal
2021-02-12 04:30:00,41,120,1.1428571428571428,0.0,5.0,0.1108333333333333,11.487,6.0,-18,19.78779232555885,,4000.0,0.0,0.0,0.0,45.670670670670674,optimal
2021-02-12 05:00:00,41,120,1.1428571428571428,0.0,5.0,0.2690666666666667,11.802,6.0,-18,19.79283210592245,,4000.0,0.0,0.0,0.0,48.0,optimal
2021-02-12 05:30:00,41,120,1.1428571428571428,2.4770370370370367,0.0,0.3562666666666667,11.2245,6.0,-18,19.8025397334358,,4000.0,0.0,0.0,2229.333333333333,47.819098915529686,optimal
2021-02-12 06:00:00,41,120,1.1428571428571428,0.2322222222222222,0.0,0.1856666666666666,11.025,6.0,-18,19.8151383859655,,4000.0,0.0,0.0,209.0,47.63837873214384,optimal
2021-02-12 06:30:00,41,120,1.1428571428571428,2.4770370370370367,0.0,0.5604333333333332,11.907,6.0,-18,19.82743299441524,,4000.0,0.0,0.0,2229.333333333333,47.457839268941385,optimal
2021-02-12 07:00:00,41,120,0.0,0.387037037037037,0.0,0.178,25.83,6.0,-18,19.84292757837521,,0.0,0.0,0.0,348.3333333333333,47.27748034520213,optimal
2021-02-12 07:30:00,41,120,0.0,20.801711530354,0.0,0.3640666666666666,28.035,6.0,-18,19.80651140056283,,0.0,18721.5403773186,0.0,0.0,47.097301780386616,optimal
2021-02-12 08:00:00,41,120,0.0,3.7374406924780414,0.0,0.2276,28.119,6.0,-18,20.0,,0.0,3015.363289896905,0.0,348.3333333333333,46.91730339413592,optimal
2021-02-12 08:30:00,41,120,0.0,5.242642325803853,0.0,0.4712333333333333,30.156,6.0,-18,20.0,,0.0,2767.711426556801,0.0,1950.6666666666667,46.73748500627146,optimal
2021-02-12 09:00:00,41,120,0.0,2.972922648612572,0.0,0.324,29.1585,6.0,-18,20.0,,0.0,2675.630383751315,0.0,0.0,46.55784643679488,optimal
2021-02-12 09:30:00,41,120,0.0,2.6085861635106085,0.0,2.493033333333333,26.712,6.0,-18,20.0,,0.0,2278.060880492881,0.0,69.66666666666666,46.37838750588777,optimal
2021-02-12 10:00:00,41,120,0.5056992279471694,0.0,0.0,0.5512666666666667,15.435,6.0,-18,20.0,,1769.947297815093,0.0,0.0,0.0,46.19910803391157,optimal
2021-02-12 10:30:00,41,120,0.6440336260463116,0.0,0.0,0.3468333333333333,13.566,6.0,-18,20.0,,2254.1176911620905,0.0,0.0,0.0,46.02000784140735,optimal
2021-02-12 11:00:00,41,120,0.700666638767573,0.0,0.0,0.2109,12.789,6.0,-18,20.0,,2452.3332356865053,0.0,0.0,0.0,45.84108674909563,optimal
2021-02-12 11:30:00,41,120,1.1428571428571428,0.0,0.0,0.4410333333333333,12.1275,6.0,-18,20.0021157747805,,4000.0,0.0,0.0,0.0,45.66234457787623,optimal
2021-02-12 12:00:00,41,120,0.0,0.0,0.0,0.1978,13.671,6.0,-18,20.025690903205565,,0.0,0.0,0.0,0.0,45.48378114882804,optimal
2021-02-12 12:30:00,41,120,1.1428571428571428,0.0,0.0,0.065,10.668,6.0,-18,20.0,,4000.0,0.0,0.0,0.0,45.3053962832089,optimal
2021-02-12 13:00:00,41,120,0.0916390936764856,0.0,0.0,0.2036333333333333,11.7285,6.0,-18,20.021570716505195,,320.7368278676999,0.0,0.0,0.0,45.127189802455376,optimal
2021-02-12 13:30:00,41,120,0.5770727444563717,0.0,0.0,0.2880333333333333,11.025,6.0,-18,20.0,,2019.7546055973007,0.0,0.0,0.0,44.94916152818261,optimal
2021-02-12 14:00:00,41,120,1.0268147133461918,0.0,0.0,0.1217999999999999,10.689,6.0,-18,20.0,,3593.851496711672,0.0,0.0,0.0,44.77131128218412,optimal
2021-02-12 14:30:00,41,120,1.1428571428571428,0.0,0.0,0.2925333333333333,8.1585,6.0,-18,20.016144971955487,,4000.0,0.0,0.0,0.0,44.59363888643162,optimal
2021-02-12 15:00:00,41,120,1.1428571428571428,0.0,0.0,0.2109666666666666,10.3635,6.0,-18,20.03908745173963,,4000.0,0.0,0.0,0.0,44.41614416307488,optimal
2021-02-12 15:30:00,41,120,0.0,0.0,0.0,0.1728666666666666,10.8045,6.0,-18,20.059532273010124,,0.0,0.0,0.0,0.0,44.23882693444149,optimal
2021-02-12 16:00:00,41,120,0.0,0.1548148148148148,0.0,0.2744333333333333,11.025,6.0,-18,20.030445656513017,,0.0,0.0,0.0,139.33333333333331,44.06168702303674,optimal
2021-02-12 16:30:00,41,120,1.1428571428571428,0.0,0.0,0.2777666666666666,10.3635,6.0,-18,20.0,,4000.0,0.0,0.0,0.0,43.88472425154339,optimal
2021-02-12 17:00:00,41,120,0.2591304833338688,0.2322222222222222,0.0,1.7828333333333333,10.8045,6.0,-18,20.017946255856675,,906.9566916685408,0.0,0.0,209.0,43.707938442821536,optimal
2021-02-12 17:30:00,41,120,1.1428571428571428,0.774074074074074,0.0,0.2872,10.059,6.0,-18,20.0,,4000.0,0.0,0.0,696.6666666666666,43.5313294199084,optimal
2021-02-12 18:00:00,41,120,0.3470697621622571,0.6192592592592592,0.0,0.2606,10.584,6.0,-18,20.01652266699549,,1214.7441675679,0.0,0.0,557.3333333333333,43.487798090488496,optimal
2021-02-12 18:30:00,41,120,1.1428571428571428,0.0,0.0,0.3773,9.4185,6.0,-18,20.0,,4000.0,0.0,0.0,0.0,43.44431029239801,optimal
2021-02-12 19:00:00,41,120,0.1311384819416889,0.1548148148148148,0.0,0.7706333333333333,10.3635,6.0,-18,20.02235420791839,,458.9846867959113,0.0,0.0,139.33333333333331,43.40086598210561,optimal
2021-02-12 19:30:00,41,120,1.1428571428571428,0.0774074074074074,0.0,0.3428333333333333,9.8385,6.0,-18,20.004710165429664,,4000.0,0.0,0.0,69.66666666666666,43.3574651161235,optimal
2021-02-12 20:00:00,41,120,0.0,0.0,0.0,1.0014333333333332,11.067,6.0,-18,20.02591991158372,,0.0,0.0,0.0,0.0,43.314107651007376,optimal
2021-02-12 20:30:00,41,120,0.0,0.774074074074074,0.0,1.2266666666666668,10.8465,6.0,-18,20.0,,0.0,0.0,0.0,696.6666666666666,43.27079354335637,optimal
2021-02-12 21:00:00,41,120,0.0,0.2322222222222222,0.0,0.3917333333333333,13.671,6.0,-18,19.973963630757492,,0.0,0.0,0.0,209.0,43.22752274981301,optimal
2021-02-12 21:30:00,41,120,0.0,0.4644444444444444,0.0,0.4341,12.348,6.0,-18,19.94431502709645,,0.0,0.0,0.0,418.0,43.1842952270632,optimal
2021-02-12 22:00:00,41,120,0.0,0.0,0.0,0.5184333333333333,14.3325,6.0,-18,19.914807114087225,,0.0,0.0,0.0,0.0,43.14111093183614,optimal
2021-02-12 22:30:00,41,120,0.0,0.0,0.0,0.3107333333333333,15.393,6.0,-18,19.887423060710752,,0.0,0.0,0.0,0.0,43.097969820904304,optimal
2021-02-12 23:00:00,41,120,0.0,0.1548148148148148,0.0,0.6345666666666667,13.587,6.0,-18,19.85836088751864,,0.0,0.0,0.0,139.33333333333331,43.0548718510834,optimal
2021-02-12 23:30:00,41,120,0.0,0.0,0.0,0.1227333333333333,16.1385,6.0,-18,19.832039939693985,,0.0,0.0,0.0,0.0,43.01181697923232,optimal
2021-02-13 00:00:00,41,120,1.1428571428571428,0.0,5.0,0.1176,7.539,6.0,-9,19.832039939693985,,4000.0,0.0,0.0,0.0,45.34380516225308,optimal
2021-02-13 00:30:00,41,120,1.1428571428571428,0.0,5.0,0.0799666666666666,7.938,6.0,-9,19.84472056257632,,4000.0,0.0,0.0,0.0,47.67346135709083,optimal
2021-02-13 01:00:00,41,120,1.1428571428571428,0.0,2.1107411198405064,0.2009333333333333,8.274,6.0,-9,19.85671215270545,,4000.0,0.0,0.0,0.0,48.62838992765797,optimal
2021-02-13 01:30:00,41,120,1.1428571428571428,0.0,0.0,0.0799666666666666,9.261,6.0,-9,19.870252754349085,,4000.0,0.0,0.0,0.0,48.57976153773031,optimal
2021-02-13 02:00:00,41,120,1.1428571428571428,0.0,0.0,0.0942333333333333,9.9225,6.0,-9,19.882391981589183,,4000.0,0.0,0.0,0.0,48.53118177619257,optimal
2021-02-13 02:30:00,41,120,1.1428571428571428,0.0,0.0,0.1412333333333333,9.702,6.0,-9,19.89478007162133,,4000.0,0.0,0.0,0.0,48.48265059441637,optimal
2021-02-13 03:00:00,41,120,1.1428571428571428,0.0,0.0,0.1147,10.584,6.0,-9,19.907716171618045,,4000.0,0.0,0.0,0.0,48.434167943821954,optimal
2021-02-13 03:30:00,41,120,1.1428571428571428,0.0,0.0,0.1228333333333333,10.143,6.0,-9,19.920303386809643,,4000.0,0.0,0.0,0.0,48.38573377587813,optimal
2021-02-13 04:00:00,41,120,1.1428571428571428,0.0,0.0,0.1973,13.0095,6.0,-9,19.932865601971077,,4000.0,0.0,0.0,0.0,48.33734804210225,optimal
2021-02-13 04:30:00,41,120,1.1428571428571428,0.0,0.0,0.0621333333333333,11.025,6.0,-9,19.946210962100693,,4000.0,0.0,0.0,0.0,48.28901069406015,optimal
2021-02-13 05:00:00,41,120,1.1428571428571428,0.0,0.0,0.1120666666666666,12.789,6.0,-9,19.95768496120229,,4000.0,0.0,0.0,0.0,48.24072168336608,optimal
2021-02-13 05:30:00,41,120,1.1428571428571428,0.0,0.0,0.1744,12.1275,6.0,-9,19.96954626109852,,4000.0,0.0,0.0,0.0,48.19248096168271,optimal
2021-02-13 06:00:00,41,120,1.1428571428571428,0.0,0.0,0.0815333333333333,12.1695,6.0,-9,19.981945154997263,,4000.0,0.0,0.0,0.0,48.144288480721016,optimal
2021-02-13 06:30:00,41,120,1.1428571428571428,0.0,0.0,0.1156333333333333,12.306,6.0,-9,19.99298987741539,,4000.0,0.0,0.0,0.0,48.096144192240295,optimal
2021-02-13 07:00:00,41,120,1.1428571428571428,0.0,0.0,0.4722333333333333,13.23,6.0,-9,20.00432899273809,,4000.0,0.0,0.0,0.0,48.048048048048045,optimal
2021-02-13 07:30:00,41,120,1.1428571428571428,0.0,0.0,0.1919333333333333,13.671,6.0,-9,20.02058511656853,,4000.0,0.0,0.0,0.0,48.0,optimal
2021-02-13 08:00:00,41,120,1.1428571428571428,0.6192592592592592,0.0,0.0744,13.9335,6.0,-9,20.034761114629912,,4000.0,0.0,0.0,557.3333333333333,47.64407972620656,optimal
2021-02-13 08:30:00,41,120,1.1428571428571428,0.5418518518518518,0.0,0.2458,13.293,6.0,-9,20.04581413073383,,4000.0,0.0,0.0,487.6666666666667,47.28851537268691,optimal
2021-02-13 09:00:00,41,120,1.1428571428571428,0.0,0.0,0.0703333333333333,12.1065,6.0,-9,20.05989330089934,,4000.0,0.0,0.0,0.0,46.93330658352078,optimal
2021-02-13 09:30:00,41,120,1.1428571428571428,0.0,0.0,0.1437333333333333,11.571,6.0,-9,20.07286731395506,,4000.0,0.0,0.0,0.0,46.57845300314382,optimal
2021-02-13 10:00:00,41,120,1.1428571428571428,0.1548148148148148,0.0,0.3908,11.025,6.0,-9,20.08663692057201,,4000.0,0.0,0.0,139.33333333333331,46.22395427634724,optimal
2021-02-13 10:30:00,41,120,1.1428571428571428,0.0774074074074074,0.0,0.3243,10.8465,6.0,-9,20.10661395659253,,4000.0,0.0,0.0,69.66666666666666,45.86981004827744,optimal
2021-02-13 11:00:00,41,120,1.1428571428571428,0.1548148148148148,0.0,0.4385333333333334,11.2455,6.0,-9,20.12557643843169,,4000.0,0.0,0.0,139.33333333333331,45.51601996443572,optimal
2021-02-13 11:30:00,41,120,0.0,0.3096296296296296,0.0,0.4005,23.8665,6.0,-9,20.14958545946534,,0.0,0.0,0.0,278.66666666666663,45.16258367067784,optimal
2021-02-13 12:00:00,41,120,0.0,0.3096296296296296,0.0,0.301,27.4575,6.0,-9,20.12524523473534,,0.0,0.0,0.0,278.66666666666663,44.80950081321372,optimal
2021-02-13 12:30:00,41,120,0.0,0.387037037037037,0.0,0.6383333333333334,27.3735,6.0,-9,20.104632513273792,,0.0,0.0,0.0,348.3333333333333,44.45677103860706,optimal
2021-02-13 13:00:00,41,120,0.0,0.1548148148148148,0.0,0.166,30.4605,6.0,-9,20.087643575141684,,0.0,0.0,0.0,139.33333333333331,44.10439399377501,optimal
2021-02-13 13:30:00,41,120,0.0,0.2322222222222222,0.0,0.3996,30.0195,6.0,-9,20.064587294051915,,0.0,0.0,0.0,209.0,43.75236932598779,optimal
2021-02-13 14:00:00,41,120,0.0,0.0774074074074074,0.0,0.3415666666666667,26.9325,6.0,-9,20.04327015936726,,0.0,0.0,0.0,69.66666666666666,43.400696682868364,optimal
2021-02-13 14:30:00,41,120,0.0971915454685081,0.5418518518518518,0.0,0.2823666666666666,14.595,6.0,-9,20.01922241925631,,340.1704091397785,0.0,0.0,487.6666666666667,43.049375712392056,optimal
2021-02-13 15:00:00,41,120,0.5328994649798456,0.0,0.0,1.2013333333333334,12.4845,6.0,-9,20.0,,1865.14812742946,0.0,0.0,0.0,42.69840606288622,optimal
2021-02-13 15:30:00,41,120,0.6258204057692536,0.0,0.0,0.5983666666666667,12.1275,6.0,-9,20.0,,2190.371420192388,0.0,0.0,0.0,42.34778738302989,optimal
2021-02-13 16:00:00,41,120,1.1428571428571428,0.3096296296296296,0.0,0.4125666666666666,12.1275,6.0,-9,20.005867007051105,,4000.0,0.0,0.0,278.66666666666663,41.99751932185342,optimal
2021-02-13 16:30:00,41,120,0.0,0.0774074074074074,0.0,0.3091333333333333,12.789,6.0,-9,20.028071038850005,,0.0,0.0,0.0,69.66666666666666,41.64760152873812,optimal
2021-02-13 17:00:00,41,120,0.6890884772367188,0.0,0.0,0.3815,11.907,6.0,-9,20.0,,2411.809670328516,0.0,0.0,0.0,41.29803365341594,optimal
2021-02-13 17:30:00,41,120,0.7236429729500097,0.0,0.0,0.4308666666666667,11.025,6.0,-9,20.0,,2532.750405325034,0.0,0.0,0.0,40.94881534596908,optimal
2021-02-13 18:00:00,41,120,1.1428571428571428,0.0,0.0,0.7814,8.2005,6.0,-9,20.0,,4000.0,0.0,0.0,0.0,40.59994625682967,optimal
2021-02-13 18:30:00,41,120,0.3846900887488372,0.6192592592592592,0.0,0.4754333333333332,9.5655,6.0,-9,20.02172767448309,,1346.4153106209303,0.0,0.0,557.3333333333333,40.25142603677939,optimal
2021-02-13 19:00:00,41,120,1.1428571428571428,0.2322222222222222,0.0,0.3896666666666666,7.056,6.0,-9,20.00865781299879,,4000.0,0.0,0.0,209.0,39.90325433694917,optimal
2021-02-13 19:30:00,41,120,1.1428571428571428,0.0,0.0,0.1622666666666666,9.3975,6.0,-9,20.026187658535516,,4000.0,0.0,0.0,0.0,39.55543080881878,optimal
2021-02-13 20:00:00,41,120,0.0,0.0,0.0,0.2618666666666667,10.059,6.0,-9,20.03779899418016,,0.0,0.0,0.0,0.0,39.20795510421652,optimal
2021-02-13 20:30:00,41,120,0.0,0.0,0.0,0.065,9.261,6.0,-9,20.0,,0.0,0.0,0.0,0.0,38.86082687531886,optimal
2021-02-13 21:00:00,41,120,0.0,0.0,0.0,0.1490999999999999,8.1585,6.0,-9,19.95987764739812,,0.0,0.0,0.0,0.0,38.51404577465009,optimal
2021-02-13 21:30:00,41,120,0.0,0.0,0.0,0.1910333333333333,9.4815,6.0,-9,19.92085937494801,,0.0,0.0,0.0,0.0,38.167611455082,optimal
2021-02-13 22:00:00,41,120,0.0,0.0,0.0,0.2664666666666666,8.379,6.0,-9,19.88233017679213,,0.0,0.0,0.0,0.0,38.12944384362692,optimal
2021-02-13 22:30:00,41,120,0.0,0.4644444444444444,0.0,0.3902333333333333,9.5235,6.0,-9,19.845976337847244,,0.0,0.0,0.0,418.0,38.09131439978329,optimal
2021-02-13 23:00:00,41,120,0.0,0.1548148148148148,0.0,0.3957,8.1375,6.0,-9,19.81319825967092,,0.0,0.0,0.0,139.33333333333331,38.05322308538351,optimal
2021-02-13 23:30:00,41,120,0.0,0.0,0.0,0.3681666666666667,10.0905,6.0,-9,19.78047993216445,,0.0,0.0,0.0,0.0,38.01516986229812,optimal
2021-02-07 00:00:00,42,120,0.0,0.0,0.0,0.0633333333333333,28.917,6.0,15,21.0,,0.0,0.0,0.0,0.0,47.952,optimal
2021-02-07 00:30:00,42,120,0.0,0.0,0.0,0.0864666666666666,31.3635,6.0,15,20.96719260160043,,0.0,0.0,0.0,0.0,47.904048,optimal
2021-02-07 01:00:00,42,120,0.0,0.0,0.0,0.2307666666666666,33.306,6.0,15,20.93441604519986,,0.0,0.0,0.0,0.0,47.856143952,optimal
2021-02-07 01:30:00,42,120,0.0,0.0,0.0,0.0960999999999999,31.3425,6.0,15,20.903264126224617,,0.0,0.0,0.0,0.0,47.80828780804799,optimal
2021-02-07 02:00:00,42,120,0.0,0.0,0.0,0.2236999999999999,28.2555,6.0,15,20.870434284189017,,0.0,0.0,0.0,0.0,47.76047952023995,optimal
2021-02-07 02:30:00,42,120,0.0,0.0,0.0,0.1166333333333333,15.6975,6.0,15,20.839124868232,,0.0,0.0,0.0,0.0,47.712719040719705,optimal
2021-02-07 03:00:00,42,120,0.0,0.0,0.0,0.073,12.5475,6.0,15,20.806374945992363,,0.0,0.0,0.0,0.0,47.66500632167899,optimal
2021-02-07 03:30:00,42,120,0.0,0.0,0.0,0.2211333333333333,12.0855,6.0,15,20.77296014000322,,0.0,0.0,0.0,0.0,47.61734131535731,optimal
2021-02-07 04:00:00,42,120,0.0,0.0,0.0,0.1192,11.907,6.0,15,20.741317063934783,,0.0,0.0,0.0,0.0,47.56972397404195,optimal
2021-02-07 04:30:00,42,120,0.0,0.0,0.0,0.0932,12.5685,6.0,15,20.708395807257517,,0.0,0.0,0.0,0.0,47.52215425006791,optimal
2021-02-07 05:00:00,42,120,0.0,0.0,0.0,0.2009333333333333,13.146,6.0,15,20.675223078117117,,0.0,0.0,0.0,0.0,47.47463209581784,optimal
2021-02-07 05:30:00,42,120,0.0,0.0,0.0,0.0723333333333333,10.584,6.0,15,20.643428560441446,,0.0,0.0,0.0,0.0,47.42715746372202,optimal
2021-02-07 06:00:00,42,120,0.0,0.3096296296296296,1.305830934193062,0.1316,6.678,6.0,15,20.61064208647204,,0.0,0.0,0.0,278.66666666666663,48.0,optimal
2021-02-07 06:30:00,42,120,0.0,1.8577777777777775,0.0,0.2074333333333333,7.938,6.0,15,20.5796679678455,,0.0,0.0,0.0,1672.0,47.932681905971485,optimal
2021-02-07 07:00:00,42,120,0.0,5.495925925925925,0.0,0.1277666666666666,5.292,6.0,15,20.548489637189007,,0.0,0.0,0.0,4946.333333333333,47.865431130037,optimal
2021-02-07 07:30:00,42,120,0.0,0.0,0.0,0.4476,9.261,6.0,15,20.51577150239158,,0.0,0.0,0.0,0.0,47.798247604878455,optimal
2021-02-07 08:00:00,42,120,0.0,0.0774074074074074,0.0,0.5096666666666667,10.3635,6.0,15,20.48834148079739,,0.0,0.0,0.0,69.66666666666666,47.73113126324506,optimal
2021-02-07 08:30:00,42,120,0.0,0.3096296296296296,0.0,0.1398333333333333,8.274,6.0,15,20.4591342934254,,0.0,0.0,0.0,278.66666666666663,47.6640820379533,optimal
2021-02-07 09:00:00,42,120,0.0,0.0,0.0,0.1726333333333333,7.7175,6.0,15,20.42514492108849,,0.0,0.0,0.0,0.0,47.59709986188683,optimal
2021-02-07 09:30:00,42,120,0.0,0.2322222222222222,0.0,0.1787333333333333,6.615,6.0,15,20.392963684451047,,0.0,0.0,0.0,209.0,47.53018466799643,optimal
2021-02-07 10:00:00,42,120,0.0,0.0,0.0,0.4012,6.174,6.0,15,20.362359747330206,,0.0,0.0,0.0,0.0,47.46333638929992,optimal
2021-02-07 10:30:00,42,120,0.0,0.0,0.0,0.5117666666666667,3.906,6.0,15,20.33632345926311,,0.0,0.0,0.0,0.0,47.396554958882106,optimal
2021-02-07 11:00:00,42,120,0.0,0.4644444444444444,0.0,0.2246333333333333,2.3415,6.0,15,20.31252835397625,,0.0,0.0,0.0,418.0,47.32984030989471,optimal
2021-02-07 11:30:00,42,120,0.4998964974990513,0.0,0.0,0.2242666666666666,2.205,6.0,15,20.286732222508704,,1749.6377412466798,0.0,0.0,0.0,47.26319237555631,optimal
2021-02-07 12:00:00,42,120,1.1428571428571428,0.2322222222222222,0.0,0.2046,0.882,6.0,15,20.282297454125334,,4000.0,0.0,0.0,209.0,47.19661108915224,optimal
2021-02-07 12:30:00,42,120,1.1428571428571428,0.1548148148148148,0.0,0.4610333333333333,1.5435,6.0,15,20.30664658588213,,4000.0,0.0,0.0,139.33333333333331,47.13009638403457,optimal
2021-02-07 13:00:00,42,120,1.1428571428571428,0.5418518518518518,0.0,0.3337666666666666,1.5435,6.0,15,20.33440641727556,,4000.0,0.0,0.0,487.6666666666667,47.06364819362202,optimal
2021-02-07 13:30:00,42,120,0.0,0.0,0.0,0.2574666666666666,5.0715,6.0,15,20.359047588161545,,0.0,0.0,0.0,0.0,46.99726645139989,optimal
2021-02-07 14:00:00,42,120,0.0,0.2322222222222222,0.0,0.3913,5.376,6.0,15,20.3339989331924,,0.0,0.0,0.0,209.0,46.930951090919976,optimal
2021-02-07 14:30:00,42,120,0.0,2.39962962962963,0.0,0.2481,5.0715,6.0,15,20.31132822626555,,0.0,0.0,0.0,2159.6666666666665,46.86470204580054,optimal
2021-02-07 15:00:00,42,120,0.0,0.0,0.0,0.3771666666666667,5.5125,6.0,15,20.28769868544299,,0.0,0.0,0.0,0.0,46.79851924972623,optimal
2021-02-07 15:30:00,42,120,0.0,2.631851851851852,0.0,0.3344666666666666,9.261,6.0,15,20.267268358974476,,0.0,0.0,0.0,2368.6666666666665,46.73240263644799,optimal
2021-02-07 16:00:00,42,120,0.0,0.774074074074074,0.0,0.3687333333333333,11.7075,6.0,15,20.245947264557213,,0.0,0.0,0.0,696.6666666666666,46.66635213978302,optimal
2021-02-07 16:30:00,42,120,0.0,0.3096296296296296,0.0,0.4714,12.348,6.0,15,20.221483079222946,,0.0,0.0,0.0,278.66666666666663,46.60036769361473,optimal
2021-02-07 17:00:00,42,120,0.0,0.1548148148148148,0.0,0.2664666666666666,12.348,6.0,15,20.199515685669777,,0.0,0.0,0.0,139.33333333333331,46.5344492318926,optimal
2021-02-07 17:30:00,42,120,0.0,0.1548148148148148,0.0,0.2315,12.1275,6.0,15,20.172103547966795,,0.0,0.0,0.0,139.33333333333331,46.4685966886322,optimal
2021-02-07 18:00:00,42,120,0.0,0.0774074074074074,0.0,0.4038666666666666,12.5265,6.0,15,20.143795217869563,,0.0,0.0,0.0,69.66666666666666,46.40280999791505,optimal
2021-02-07 18:30:00,42,120,0.0,0.1548148148148148,0.0,0.2446333333333333,11.7495,6.0,15,20.11706841682693,,0.0,0.0,0.0,139.33333333333331,46.33708909388862,optimal
2021-02-07 19:00:00,42,120,0.0,0.0,0.0,0.252,13.23,6.0,15,20.08652350583202,,0.0,0.0,0.0,0.0,46.27143391076622,optimal
2021-02-07 19:30:00,42,120,0.0,0.0774074074074074,0.0,0.2105666666666666,14.3325,6.0,15,20.05664628389899,,0.0,0.0,0.0,69.66666666666666,46.20584438282694,optimal
2021-02-07 20:00:00,42,120,0.0,0.0774074074074074,0.0,0.5232333333333333,14.994,6.0,15,20.026258567851528,,0.0,0.0,0.0,69.66666666666666,46.1403204444156,optimal
2021-02-07 20:30:00,42,120,0.0,0.0774074074074074,0.0,0.737,14.8155,6.0,15,20.0,,0.0,0.0,0.0,69.66666666666666,46.07486202994267,optimal
2021-02-07 21:00:00,42,120,0.0,0.0774074074074074,0.0,1.712,14.112,6.0,15,19.973941132455845,,0.0,0.0,0.0,69.66666666666666,46.02878716791273,optimal
2021-02-07 21:30:00,42,120,0.0,0.0,0.0,0.3738,14.007,6.0,15,19.95721524052916,,0.0,0.0,0.0,0.0,45.98275838074482,optimal
2021-02-07 22:00:00,42,120,0.0,6.037777777777777,0.0,0.2610333333333333,13.23,6.0,15,19.931294789816395,,0.0,0.0,0.0,5433.999999999999,45.93677562236408,optimal
2021-02-07 22:30:00,42,120,0.0,0.1548148148148148,0.0,0.5110666666666667,11.382,6.0,15,19.90575140266889,,0.0,0.0,0.0,139.33333333333331,45.89083884674171,optimal
2021-02-07 23:00:00,42,120,0.0,0.0,0.0,0.1038,11.7495,6.0,15,19.882045806643877,,0.0,0.0,0.0,0.0,45.84494800789496,optimal
2021-02-07 23:30:00,42,120,0.0,0.0,0.0,0.1890666666666666,24.3285,6.0,15,19.84964921973273,,0.0,0.0,0.0,0.0,45.79910305988707,optimal
2021-02-08 00:00:00,42,120,1.1428571428571428,0.0,0.0,0.055,12.1275,6.0,8,19.84964921973273,,4000.0,0.0,0.0,0.0,45.75330395682718,optimal
2021-02-08 00:30:00,42,120,0.0,0.0,0.0,0.055,12.348,6.0,8,19.86481464450882,,0.0,0.0,0.0,0.0,45.70755065287035,optimal
2021-02-08 01:00:00,42,120,1.1428571428571428,0.0,0.0,0.159,12.1275,6.0,8,19.831220629958977,,4000.0,0.0,0.0,0.0,45.66184310221748,optimal
2021-02-08 01:30:00,42,120,1.1428571428571428,0.0,0.0,0.055,12.1275,6.0,8,19.84768955426861,,4000.0,0.0,0.0,0.0,45.61618125911527,optimal
2021-02-08 02:00:00,42,120,1.1428571428571428,0.0,0.0,0.1278,11.2665,6.0,8,19.8627597360616,,4000.0,0.0,0.0,0.0,45.57056507785615,optimal
2021-02-08 02:30:00,42,120,1.1428571428571428,0.0,0.0,0.0862,10.143,6.0,8,19.878587786715897,,4000.0,0.0,0.0,0.0,45.52499451277829,optimal
2021-02-08 03:00:00,42,120,1.1428571428571428,0.0,0.0,0.055,11.2455,6.0,8,19.89397679992952,,4000.0,0.0,0.0,0.0,45.47946951826551,optimal
2021-02-08 03:30:00,42,120,1.1428571428571428,0.0,0.0,0.1538,11.025,6.0,8,19.909054342491377,,4000.0,0.0,0.0,0.0,45.43399004874725,optimal
2021-02-08 04:00:00,42,120,1.1428571428571428,0.0,0.0,0.0602,5.9745,6.0,8,19.92520648024532,,4000.0,0.0,0.0,0.0,45.3885560586985,optimal
2021-02-08 04:30:00,42,120,1.1428571428571428,0.0,0.0,0.055,7.938,6.0,8,19.94008719990147,,4000.0,0.0,0.0,0.0,45.3431675026398,optimal
2021-02-08 05:00:00,42,120,1.1428571428571428,0.0,0.0,0.055,8.6835,6.0,8,19.95467681312455,,4000.0,0.0,0.0,0.0,45.297824335137165,optimal
2021-02-08 05:30:00,42,120,1.1428571428571428,0.0,0.0,0.0606666666666666,7.665,6.0,8,19.96903924523616,,4000.0,0.0,0.0,0.0,45.25252651080203,optimal
2021-02-08 06:00:00,42,120,1.1428571428571428,0.0,0.0,0.1348,6.7725,6.0,8,19.983274074780194,,4000.0,0.0,0.0,0.0,45.20727398429123,optimal
2021-02-08 06:30:00,42,120,1.1428571428571428,0.0,0.0,0.0862,5.5755,6.0,8,19.99826842932388,,4000.0,0.0,0.0,0.0,45.16206671030694,optimal
2021-02-08 07:00:00,42,120,1.1428571428571428,0.2322222222222222,1.7748758339541988,0.0543333333333333,5.0925,6.0,8,20.0126271429957,,4000.0,0.0,0.0,209.0,45.95997066472487,optimal
2021-02-08 07:30:00,42,120,1.1428571428571428,0.0,5.0,0.3234333333333333,4.1895,6.0,8,20.02737154420006,,4000.0,0.0,0.0,0.0,48.28901069406015,optimal
2021-02-08 08:00:00,42,120,1.1428571428571428,0.4644444444444444,0.0,1.1597,7.056,6.0,8,20.047697179007077,,4000.0,0.0,0.0,418.0,48.24072168336608,optimal
2021-02-08 08:30:00,42,120,1.1428571428571428,5.882962962962964,0.0,1.2889666666666666,5.271,6.0,8,20.070900715160587,,4000.0,0.0,0.0,5294.666666666667,48.19248096168271,optimal
2021-02-08 09:00:00,42,120,1.1428571428571428,1.1611111111111108,0.0,1.2835,7.938,6.0,8,20.09551719731625,,4000.0,0.0,0.0,1044.9999999999998,48.144288480721016,optimal
2021-02-08 09:30:00,42,120,1.1428571428571428,0.1548148148148148,0.0,0.5774333333333332,7.938,6.0,8,20.12212158625579,,4000.0,0.0,0.0,139.33333333333331,48.096144192240295,optimal
2021-02-08 10:00:00,42,120,1.1428571428571428,2.0899999999999994,0.0,1.1545999999999998,11.907,6.0,8,20.15036529001179,,4000.0,0.0,0.0,1881.0,48.048048048048045,optimal
2021-02-08 10:30:00,42,120,1.1428571428571428,2.0899999999999994,0.0,0.5461,11.025,6.0,8,20.177484328834023,,4000.0,0.0,0.0,1881.0,48.0,optimal
2021-02-08 11:00:00,42,120,1.1428571428571428,0.387037037037037,0.0,0.3188333333333333,11.2875,6.0,8,20.2052822351479,,4000.0,0.0,0.0,348.3333333333333,47.53764843842524,optimal
2021-02-08 11:30:00,42,120,0.0,0.3096296296296296,0.0,0.4433999999999999,12.936,6.0,8,20.23071453036475,,0.0,0.0,0.0,278.66666666666663,47.075759228412046,optimal
2021-02-08 12:00:00,42,120,0.0,0.0,0.0,0.2759666666666666,13.0095,6.0,8,20.208090834112685,,0.0,0.0,0.0,0.0,46.61433190760887,optimal
2021-02-08 12:30:00,42,120,0.0,0.3096296296296296,0.0,0.1518333333333333,13.671,6.0,8,20.184446327141547,,0.0,0.0,0.0,278.66666666666663,46.1533660141265,optimal
2021-02-08 13:00:00,42,120,0.0,0.6966666666666667,0.0,0.2098333333333333,13.188,6.0,8,20.159732974591183,,0.0,0.0,0.0,627.0,45.69286108653761,optimal
2021-02-08 13:30:00,42,120,0.0,0.0,0.0,0.4654333333333332,13.8495,6.0,8,20.135954147067515,,0.0,0.0,0.0,0.0,45.23281666387632,optimal
2021-02-08 14:00:00,42,120,0.0,0.3096296296296296,0.0,0.2118666666666666,13.23,6.0,8,20.11655581222052,,0.0,0.0,0.0,278.66666666666663,44.77323228563768,optimal
2021-02-08 14:30:00,42,120,0.0,0.0,0.0,0.2140666666666666,13.3665,6.0,8,20.094511911157845,,0.0,0.0,0.0,0.0,44.31410749177728,optimal
2021-02-08 15:00:00,42,120,0.8890723923713904,0.4644444444444444,0.0,0.6831666666666666,13.0515,6.0,8,20.072702028892824,,3111.7533732998663,0.0,0.0,418.0,44.2697933842855,optimal
2021-02-08 15:30:00,42,120,0.0,0.5418518518518518,0.0,1.2173333333333332,13.5345,6.0,8,20.09046611463994,,0.0,0.0,0.0,487.6666666666667,44.22552359090121,optimal
2021-02-08 16:00:00,42,120,0.0,0.0,0.0,0.6618666666666667,14.154,6.0,8,20.073601151361977,,0.0,0.0,0.0,0.0,44.18129806731031,optimal
2021-02-08 16:30:00,42,120,0.0,0.0,0.0,0.2028666666666666,14.112,6.0,8,20.05116019609859,,0.0,0.0,0.0,0.0,44.137116769243,optimal
2021-02-08 17:00:00,42,120,0.0,0.0774074074074074,0.0,0.1030333333333333,14.2485,6.0,8,20.027820520388065,,0.0,0.0,0.0,69.66666666666666,44.09297965247376,optimal
2021-02-08 17:30:00,42,120,1.1361458217292928,0.1548148148148148,0.0,0.5307000000000001,12.789,6.0,8,20.0,,3976.510376052525,0.0,0.0,139.33333333333331,44.04888667282128,optimal
2021-02-08 18:00:00,42,120,0.0,0.0,0.0,0.2341,13.0095,6.0,8,20.02665270273593,,0.0,0.0,0.0,0.0,44.004837786148464,optimal
2021-02-08 18:30:00,42,120,1.1428571428571428,0.1548148148148148,0.0,0.2669666666666666,12.1275,6.0,8,20.0,,4000.0,0.0,0.0,139.33333333333331,43.96083294836232,optimal
2021-02-08 19:00:00,42,120,0.0,1.8577777777777775,0.0,0.5609333333333333,12.348,6.0,8,20.021967124682405,,0.0,0.0,0.0,1672.0,43.91687211541395,optimal
2021-02-08 19:30:00,42,120,1.1033985953153185,0.0,0.0,0.6070666666666668,12.348,6.0,8,20.000899660065247,,3861.895083603614,0.0,0.0,0.0,43.87295524329853,optimal
2021-02-08 20:00:00,42,120,0.0,0.0,0.0,0.9968666666666668,25.389,6.0,8,20.0234096048336,,0.0,0.0,0.0,0.0,43.82908228805523,optimal
2021-02-08 20:30:00,42,120,0.0,0.1548148148148148,0.0,0.4781,29.1375,6.0,8,20.0,,0.0,0.0,0.0,139.33333333333331,43.78525320576718,optimal
2021-02-08 21:00:00,42,120,0.0,0.0,0.0,0.5356666666666666,30.597,6.0,8,19.977515875113,,0.0,0.0,0.0,0.0,43.74146795256141,optimal
2021-02-08 21:30:00,42,120,0.0,0.387037037037037,0.0,0.3435333333333333,33.684,6.0,8,19.954000535340203,,0.0,0.0,0.0,348.3333333333333,43.69772648460884,optimal
2021-02-08 22:00:00,42,120,0.0,0.0,0.0,0.1118,32.445,6.0,8,19.927213887243507,,0.0,0.0,0.0,0.0,43.65402875812424,optimal
2021-02-08 22:30:00,42,120,0.0,0.0,0.0,0.1222,28.917,6.0,8,19.89267850193264,,0.0,0.0,0.0,0.0,43.61037472936611,optimal
2021-02-08 23:00:00,42,120,0.0,0.0,0.0,0.065,15.876,6.0,8,19.8582391534206,,0.0,0.0,0.0,0.0,43.56676435463674,optimal
2021-02-08 23:30:00,42,120,0.0,0.0,0.0,0.1683333333333333,12.348,6.0,8,19.8230721249061,,0.0,0.0,0.0,0.0,43.5231975902821,optimal
2021-02-09 00:00:00,42,120,1.1428571428571428,0.0,0.0,0.0787,13.335,6.0,6,19.8230721249061,,4000.0,0.0,0.0,0.0,43.47967439269182,optimal
2021-02-09 00:30:00,42,120,1.1428571428571428,0.0,0.0,0.1116666666666666,12.1275,6.0,6,19.83795806918109,,4000.0,0.0,0.0,0.0,43.43619471829913,optimal
2021-02-09 01:00:00,42,120,1.1428571428571428,0.0,0.0,0.063,12.2955,6.0,6,19.852633029306496,,4000.0,0.0,0.0,0.0,43.39275852358083,optimal
2021-02-09 01:30:00,42,120,1.1428571428571428,0.0,0.0,0.063,11.6865,6.0,6,19.86628567343445,,4000.0,0.0,0.0,0.0,43.34936576505725,optimal
2021-02-09 02:00:00,42,120,1.1428571428571428,0.0,0.0,0.063,11.466,6.0,6,19.87971299405106,,4000.0,0.0,0.0,0.0,43.30601639929219,optimal
2021-02-09 02:30:00,42,120,1.1428571428571428,0.0,0.7401267996257245,0.063,10.8045,6.0,6,19.892915437874358,,4000.0,0.0,0.0,0.0,43.61427061271511,optimal
2021-02-09 03:00:00,42,120,1.1428571428571428,0.0,5.0,0.063,10.584,6.0,6,19.906190835165912,,4000.0,0.0,0.0,0.0,45.9456563421024,optimal
2021-02-09 03:30:00,42,120,1.1428571428571428,0.0,0.0,0.063,11.2455,6.0,6,19.919539041290896,,4000.0,0.0,0.0,0.0,45.89971068576028,optimal
2021-02-09 04:00:00,42,120,1.1428571428571428,0.0,0.0,0.063,12.1275,6.0,6,19.933059040044288,,4000.0,0.0,0.0,0.0,45.85381097507452,optimal
2021-02-09 04:30:00,42,120,1.1428571428571428,0.0,0.0,0.063,11.823,6.0,6,19.9467504908364,,4000.0,0.0,0.0,0.0,45.80795716409944,optimal
2021-02-09 05:00:00,42,120,1.1428571428571428,0.0,0.0,0.063,11.7705,6.0,6,19.960216541180515,,4000.0,0.0,0.0,0.0,45.76214920693534,optimal
2021-02-09 05:30:00,42,120,1.1428571428571428,0.0,0.0,0.063,11.13,6.0,6,19.973457637947195,,4000.0,0.0,0.0,0.0,45.7163870577284,optimal
2021-02-09 06:00:00,42,120,1.1428571428571428,0.4644444444444444,0.0,0.1146666666666666,11.6865,6.0,6,19.986672483407183,,4000.0,0.0,0.0,418.0,45.670670670670674,optimal
2021-02-09 06:30:00,42,120,1.1428571428571428,0.2322222222222222,5.0,0.202,10.7205,6.0,6,20.000957540496,,4000.0,0.0,0.0,209.0,48.0,optimal
2021-02-09 07:00:00,42,120,1.1428571428571428,0.3096296296296296,0.0,0.2445999999999999,11.424,6.0,6,20.01927338824042,,4000.0,0.0,0.0,278.66666666666663,47.847874466823086,optimal
2021-02-09 07:30:00,42,120,1.1428571428571428,5.805555555555555,0.0,0.2037333333333333,10.689,6.0,6,20.038308996016976,,4000.0,0.0,0.0,5225.0,47.69590105917935,optimal
2021-02-09 08:00:00,42,120,1.1428571428571428,2.39962962962963,0.0,0.071,11.361,6.0,6,20.0567963341536,,4000.0,0.0,0.0,2159.6666666666665,47.54407962494326,optimal
2021-02-09 08:30:00,42,120,1.1428571428571428,0.0,0.0,0.071,11.571,6.0,6,20.072048892417843,,4000.0,0.0,0.0,0.0,47.39241001214141,optimal
2021-02-09 09:00:00,42,120,0.0,0.387037037037037,0.0,0.7754333333333333,14.3745,6.0,6,20.08795843093908,,0.0,0.0,0.0,348.3333333333333,47.24089206895235,optimal
2021-02-09 09:30:00,42,120,1.1428571428571428,0.1548148148148148,0.0,0.5564,13.23,6.0,6,20.066351467314192,,4000.0,0.0,0.0,139.33333333333331,47.08952564370649,optimal
2021-02-09 10:00:00,42,120,1.1428571428571428,0.0,0.0,1.2314333333333334,13.9755,6.0,6,20.089149411192903,,4000.0,0.0,0.0,0.0,46.93831058488587,optimal
2021-02-09 10:30:00,42,120,0.0,0.0,0.0,0.2613999999999999,14.994,6.0,6,20.11785725330464,,0.0,0.0,0.0,0.0,46.78724674112407,optimal
2021-02-09 11:00:00,42,120,1.1428571428571428,2.2448148148148146,0.0,0.4079,13.671,6.0,6,20.091559337484963,,4000.0,0.0,0.0,2020.3333333333333,46.636333961206034,optimal
2021-02-09 11:30:00,42,120,0.0,0.387037037037037,0.0,0.3710333333333334,15.981,6.0,6,20.118229734814737,,0.0,0.0,0.0,348.3333333333333,46.48557209406792,optimal
2021-02-09 12:00:00,42,120,0.0,1.8577777777777775,0.0,0.3615333333333334,15.6345,6.0,6,20.094574019606785,,0.0,0.0,0.0,1672.0,46.33496098879694,optimal
2021-02-09 12:30:00,42,120,0.0,0.6192592592592592,0.0,0.5622999999999999,16.5375,6.0,6,20.073200461171567,,0.0,0.0,0.0,557.3333333333333,46.18450049463123,optimal
2021-02-09 13:00:00,42,120,0.0,0.387037037037037,0.0,0.394,14.7735,6.0,6,20.055385462408854,,0.0,0.0,0.0,348.3333333333333,46.034190460959685,optimal
2021-02-09 13:30:00,42,120,0.0,0.0,0.0,0.3874333333333333,15.2145,6.0,6,20.034184960275656,,0.0,0.0,0.0,0.0,45.884030737321815,optimal
2021-02-09 14:00:00,42,120,0.0,0.3096296296296296,0.0,2.0625666666666667,14.553,6.0,6,20.01278036105259,,0.0,0.0,0.0,278.66666666666663,45.734021173407584,optimal
2021-02-09 14:30:00,42,120,1.139806222478481,0.0,0.0,1.4186666666666667,14.3325,6.0,6,20.00364614437013,,3989.321778674683,0.0,0.0,0.0,45.58416161905726,optimal
2021-02-09 15:00:00,42,120,0.0,0.0,0.0,0.6344,14.595,6.0,6,20.03521554754486,,0.0,0.0,0.0,0.0,45.434451924261296,optimal
2021-02-09 15:30:00,42,120,0.0,0.6192592592592592,0.0,0.8737,14.994,6.0,6,20.01476899855852,,0.0,0.0,0.0,557.3333333333333,45.284891939160126,optimal
2021-02-09 16:00:00,42,120,0.4930867291913433,0.387037037037037,0.0,0.6219,14.3325,6.0,6,20.0,,1725.8035521697016,0.0,0.0,348.3333333333333,45.13548151404405,optimal
2021-02-09 16:30:00,42,120,0.4862431296666042,0.2322222222222222,0.0,0.4175666666666666,13.8915,6.0,6,20.0,,1701.850953833115,0.0,0.0,209.0,44.986220499353095,optimal
2021-02-09 17:00:00,42,120,0.6032789681978472,1.0837037037037036,0.0,0.2815666666666667,13.8915,6.0,6,20.0,,2111.476388692465,0.0,0.0,975.3333333333334,44.83710874567683,optimal
2021-02-09 17:30:00,42,120,1.1428571428571428,1.006296296296296,0.0,0.3592333333333333,13.4715,6.0,6,20.0,,4000.0,0.0,0.0,905.6666666666664,44.68814610375424,optimal
2021-02-09 18:00:00,42,120,1.1428571428571428,0.0,0.0,1.3819666666666668,13.23,6.0,6,20.026253959287235,,4000.0,0.0,0.0,0.0,44.53933242447358,optimal
2021-02-09 18:30:00,42,120,0.6846910867851494,0.0,0.0,0.6872333333333334,13.8915,6.0,6,20.057382187990136,,2396.418803748023,0.0,0.0,0.0,44.3906675588722,optimal
2021-02-09 19:00:00,42,120,0.0,2.2448148148148146,0.0,0.2587,26.9325,6.0,6,20.06539031913221,,0.0,0.0,0.0,2020.3333333333333,44.24215135813641,optimal
2021-02-09 19:30:00,42,120,0.0,0.2322222222222222,0.0,0.3858666666666667,30.303,6.0,6,20.041106895587856,,0.0,0.0,0.0,209.0,44.093783673601365,optimal
2021-02-09 20:00:00,42,120,0.0,0.0,0.0,0.3831333333333333,32.886,6.0,6,20.020702962402847,,0.0,0.0,0.0,0.0,43.94556435675085,optimal
2021-02-09 20:30:00,42,120,0.0,0.5418518518518518,0.0,0.3635333333333334,34.9965,6.0,6,20.0,,0.0,0.0,0.0,487.6666666666667,43.797493259217184,optimal
2021-02-09 21:00:00,42,120,0.0,0.4644444444444444,0.0,0.3802,33.327,6.0,6,19.98043927617988,,0.0,0.0,0.0,418.0,43.64957023278105,optimal
2021-02-09 21:30:00,42,120,0.0,0.0,0.0,0.3400666666666667,31.122,6.0,6,19.96167335999118,,0.0,0.0,0.0,0.0,43.60592066254827,optimal
2021-02-09 22:00:00,42,120,0.0,0.6192592592592592,0.0,0.441,17.9025,6.0,6,19.94414442887988,,0.0,0.0,0.0,557.3333333333333,43.56231474188572,optimal
2021-02-09 22:30:00,42,120,0.0,1.0837037037037036,0.0,0.4342,15.6555,6.0,6,19.928815278107187,,0.0,0.0,0.0,975.3333333333334,43.51875242714384,optimal
2021-02-09 23:00:00,42,120,0.0,0.387037037037037,0.0,1.4701666666666668,14.553,6.0,6,19.90686784656776,,0.0,0.0,0.0,348.3333333333333,43.47523367471669,optimal
2021-02-09 23:30:00,42,120,0.0,0.3096296296296296,0.0,0.4492333333333334,14.3325,6.0,6,19.886931745569857,,0.0,0.0,0.0,278.66666666666663,43.43175844104197,optimal
2021-02-10 00:00:00,42,120,1.1428571428571428,0.0,0.0,0.05,11.508,6.0,-2,19.886931745569857,,4000.0,0.0,0.0,0.0,43.388326682600926,optimal
2021-02-10 00:30:00,42,120,1.1428571428571428,0.0,0.0,0.1356,11.508,6.0,-2,19.89974863220449,,4000.0,0.0,0.0,0.0,43.34493835591832,optimal
2021-02-10 01:00:00,42,120,1.1428571428571428,0.0,0.0,0.1213333333333333,11.844,6.0,-2,19.913384660849992,,4000.0,0.0,0.0,0.0,43.30159341756241,optimal
2021-02-10 01:30:00,42,120,1.1428571428571428,0.0,0.0,0.05,11.508,6.0,-2,19.926621597495316,,4000.0,0.0,0.0,0.0,43.25829182414485,optimal
2021-02-10 02:00:00,42,120,1.1428571428571428,0.0,0.0,0.1661333333333333,11.508,6.0,-2,19.93876502764514,,4000.0,0.0,0.0,0.0,43.2150335323207,optimal
2021-02-10 02:30:00,42,120,1.1428571428571428,0.0,5.0,0.1028,10.4475,6.0,-2,19.9520765378358,,4000.0,0.0,0.0,0.0,45.54681849878838,optimal
2021-02-10 03:00:00,42,120,1.1428571428571428,0.0,0.7622581593665395,0.058,10.8675,6.0,-2,19.96449264997035,,4000.0,0.0,0.0,0.0,45.8633443059887,optimal
2021-02-10 03:30:00,42,120,1.1428571428571428,0.0,5.0,0.05,10.542,6.0,-2,19.97636274209188,,4000.0,0.0,0.0,0.0,48.19248096168271,optimal
2021-02-10 04:00:00,42,120,1.1428571428571428,0.0,0.0,0.2069333333333333,11.025,6.0,-2,19.98820930100961,,4000.0,0.0,0.0,0.0,48.144288480721016,optimal
2021-02-10 04:30:00,42,120,1.1428571428571428,0.0,0.0,0.05,11.025,6.0,-2,20.00194418911041,,4000.0,0.0,0.0,0.0,48.096144192240295,optimal
2021-02-10 05:00:00,42,120,1.1428571428571428,0.0,0.0,0.1641333333333333,14.553,6.0,-2,20.013541774915208,,4000.0,0.0,0.0,0.0,48.048048048048045,optimal
2021-02-10 05:30:00,42,120,1.1428571428571428,2.1674074074074072,0.0,0.3175,13.0935,6.0,-2,20.026308522931565,,4000.0,0.0,0.0,1950.6666666666667,48.0,optimal
2021-02-10 06:00:00,42,120,1.1428571428571428,5.728148148148147,0.0,1.3140333333333334,15.6345,6.0,-2,20.04179617613988,,4000.0,0.0,0.0,5155.333333333332,47.62457348927565,optimal
2021-02-10 06:30:00,42,120,1.0707564825561091,0.3096296296296296,0.0,0.4562666666666666,18.102,6.0,-2,20.0616965842333,,3747.6476889463834,0.0,0.0,278.66666666666663,47.24952240506202,optimal
2021-02-10 07:00:00,42,120,1.1428571428571428,2.322222222222221,0.0,0.4984333333333333,17.199,6.0,-2,20.078391459088703,,4000.0,0.0,0.0,2089.9999999999995,46.87484637193261,optimal
2021-02-10 07:30:00,42,120,0.0,0.3096296296296296,0.0,0.3031333333333333,18.2805,6.0,-2,20.100507681901405,,0.0,0.0,0.0,278.66666666666663,46.50054501483633,optimal
2021-02-10 08:00:00,42,120,1.1428571428571428,0.387037037037037,0.0,0.249,17.4615,6.0,-2,20.071743906686837,,4000.0,0.0,0.0,348.3333333333333,46.12661795909714,optimal
2021-02-10 08:30:00,42,120,0.0,2.322222222222221,0.0,0.1673333333333333,18.3225,6.0,-2,20.089976148409374,,0.0,0.0,0.0,2089.9999999999995,45.75306483041369,optimal
2021-02-10 09:00:00,42,120,1.1428571428571428,0.0,0.0,0.1812666666666667,17.094,6.0,-2,20.053841609570885,,4000.0,0.0,0.0,0.0,45.37988525485893,optimal
2021-02-10 09:30:00,42,120,1.1428571428571428,0.0,0.0,0.06,17.094,6.0,-2,20.06647552949858,,4000.0,0.0,0.0,0.0,45.00707885887972,optimal
2021-02-10 10:00:00,42,120,1.1428571428571428,0.0,0.0,0.06,17.094,6.0,-2,20.078003602302477,,4000.0,0.0,0.0,0.0,44.634645269296485,optimal
2021-02-10 10:30:00,42,120,1.1428571428571428,0.0,0.0,0.2169333333333333,17.3565,6.0,-2,20.09294284418641,,4000.0,0.0,0.0,0.0,44.26258411330284,optimal
2021-02-10 11:00:00,42,120,1.1428571428571428,0.0,0.0,0.06,17.115,6.0,-2,20.110061668244235,,4000.0,0.0,0.0,0.0,43.89089501846518,optimal
2021-02-10 11:30:00,42,120,1.1428571428571428,0.0,0.0,0.1741333333333333,17.241,6.0,-2,20.127632528838515,,4000.0,0.0,0.0,0.0,43.519577612722365,optimal
2021-02-10 12:00:00,42,120,1.1428571428571428,0.0,0.0,0.1028,17.094,6.0,-2,20.14675722182387,,4000.0,0.0,0.0,0.0,43.148631524385294,optimal
2021-02-10 12:30:00,42,120,1.1428571428571428,0.0,0.0,0.06,16.5165,6.0,-2,20.167887620139886,,4000.0,0.0,0.0,0.0,42.77805638213656,optimal
2021-02-10 13:00:00,42,120,1.1428571428571428,0.0,0.0,0.06,17.8185,6.0,-2,20.188454721822737,,4000.0,0.0,0.0,0.0,42.407851815030064,optimal
2021-02-10 13:30:00,42,120,1.1428571428571428,0.0,0.0,0.1242,17.094,6.0,-2,20.208528652583468,,4000.0,0.0,0.0,0.0,42.038017452490685,optimal
2021-02-10 14:00:00,42,120,1.1428571428571428,0.0,0.0,0.1527333333333333,16.8945,6.0,-2,20.229741404522198,,4000.0,0.0,0.0,0.0,41.66855292431384,optimal
2021-02-10 14:30:00,42,120,1.1428571428571428,0.0,0.0,0.06,18.123,6.0,-2,20.25130076278975,,4000.0,0.0,0.0,0.0,41.29945786066518,optimal
2021-02-10 15:00:00,42,120,0.0,0.0,0.0,0.2169333333333333,31.647,6.0,-2,20.27168766897881,,0.0,0.0,0.0,0.0,40.93073189208016,optimal
2021-02-10 15:30:00,42,120,0.0,0.0,0.0,0.06,34.9965,6.0,-2,20.243277762442656,,0.0,0.0,0.0,0.0,40.56237464946373,optimal
2021-02-10 16:00:00,42,120,0.0,0.0,0.0,0.1812666666666667,34.9965,6.0,-2,20.212615852029003,,0.0,0.0,0.0,0.0,40.19438576408992,optimal
2021-02-10 16:30:00,42,120,0.0,0.0,0.0,0.0956666666666666,34.9965,6.0,-2,20.180187274541115,,0.0,0.0,0.0,0.0,39.82676486760148,optimal
2021-02-10 17:00:00,42,120,0.0,0.0,0.0,0.0956666666666666,34.9965,6.0,-2,20.146383667593884,,0.0,0.0,0.0,0.0,39.45951159200953,optimal
2021-02-10 17:30:00,42,120,0.0,0.0,0.0,0.1812666666666667,34.9965,6.0,-2,20.10918074025973,,0.0,0.0,0.0,0.0,39.09262556969317,optimal
2021-02-10 18:00:00,42,120,0.0,0.0,0.0,0.06,27.741,6.0,-2,20.073193506791164,,0.0,0.0,0.0,0.0,38.72610643339912,optimal
2021-02-10 18:30:00,42,120,0.0,0.0,0.0,0.3227333333333333,19.026,6.0,-2,20.034833075794356,,0.0,0.0,0.0,0.0,38.35995381624137,optimal
2021-02-10 19:00:00,42,120,0.3196102488502935,0.0,0.0,1.9615,18.7215,6.0,-2,20.0,,1118.6358709760275,0.0,0.0,0.0,37.99416735170078,optimal
2021-02-10 19:30:00,42,120,0.7829202976573894,0.3096296296296296,0.0,0.3939333333333333,17.4195,6.0,-2,20.0,,2740.2210418008626,0.0,0.0,278.66666666666663,37.62874667362473,optimal
2021-02-10 20:00:00,42,120,0.7263541559882482,0.2740222222222222,0.0,0.4969333333333333,16.758,6.0,-2,20.0,,2542.239545958869,0.0,0.0,246.62,37.26369141622676,optimal
2021-02-10 20:30:00,42,120,0.0,0.0356074074074074,0.0,0.4415333333333333,14.217,6.0,-2,20.0,,0.0,0.0,0.0,32.046666666666674,37.22642772481053,optimal
2021-02-10 21:00:00,42,120,0.0,0.1548148148148148,0.0,0.5579333333333333,13.3665,6.0,-2,19.97049505608523,,0.0,0.0,0.0,139.33333333333331,37.18920129708572,optimal
2021-02-10 21:30:00,42,120,0.0,0.387037037037037,0.0,0.5904666666666667,12.789,6.0,-2,19.94441819862897,,0.0,0.0,0.0,348.3333333333333,37.15201209578863,optimal
2021-02-10 22:00:00,42,120,0.0,0.0,0.0,0.4158,11.907,6.0,-2,19.91715116410374,,0.0,0.0,0.0,0.0,37.11486008369284,optimal
2021-02-10 22:30:00,42,120,0.0,0.1548148148148148,0.0,0.3116666666666667,11.7075,6.0,-2,19.88692540548293,,0.0,0.0,0.0,139.33333333333331,37.07774522360915,optimal
2021-02-10 23:00:00,42,120,0.0,0.1548148148148148,0.0,0.4464666666666665,10.8045,6.0,-2,19.854786212379544,,0.0,0.0,0.0,139.33333333333331,37.04066747838554,optimal
2021-02-10 23:30:00,42,120,0.0,0.0,0.0,0.1328,11.508,6.0,-2,19.82290096245528,,0.0,0.0,0.0,0.0,37.00362681090715,optimal
2021-02-11 00:00:00,42,120,1.1428571428571428,0.0,0.0,0.1052,19.1625,6.0,-14,19.82290096245528,,4000.0,0.0,0.0,0.0,36.96662318409624,optimal
2021-02-11 00:30:00,42,120,0.0,0.0,0.0,0.11,26.46,6.0,-14,19.82838144235127,,0.0,0.0,0.0,0.0,36.92965656091214,optimal
2021-02-11 01:00:00,42,120,1.1428571428571428,0.0,0.0,0.06,20.79,6.0,-14,19.78552460358575,,4000.0,0.0,0.0,0.0,36.89272690435123,optimal
2021-02-11 01:30:00,42,120,0.0,0.0,0.0,0.06,29.106,6.0,-14,19.789913920632976,,0.0,0.0,0.0,0.0,36.85583417744688,optimal
2021-02-11 02:00:00,42,120,1.1428571428571428,0.0,0.0,0.06,19.1835,6.0,-14,19.745565162665244,,4000.0,0.0,0.0,0.0,36.81897834326944,optimal
2021-02-11 02:30:00,42,120,1.1428571428571428,0.0,0.0,0.06,19.6665,6.0,-14,19.750033701816,,4000.0,0.0,0.0,0.0,36.782159364926166,optimal
2021-02-11 03:00:00,42,120,1.1428571428571428,0.0,0.0,0.1054333333333333,19.404,6.0,-14,19.75429512552085,,4000.0,0.0,0.0,0.0,36.74537720556124,optimal
2021-02-11 03:30:00,42,120,1.1428571428571428,2.2448148148148146,0.0,0.1562666666666667,19.047,6.0,-14,19.75915915806775,,4000.0,0.0,0.0,2020.3333333333333,36.70863182835568,optimal
2021-02-11 04:00:00,42,120,1.1428571428571428,0.0,0.0,0.06,18.858,6.0,-14,19.765384286401684,,4000.0,0.0,0.0,0.0,36.67192319652733,optimal
2021-02-11 04:30:00,42,120,1.1428571428571428,0.0,0.0,0.06,19.2675,6.0,-14,19.77040830175218,,4000.0,0.0,0.0,0.0,36.6352512733308,optimal
2021-02-11 05:00:00,42,120,1.1428571428571428,0.0,0.0,0.06,18.963,6.0,-14,19.77542235667643,,4000.0,0.0,0.0,0.0,36.59861602205746,optimal
2021-02-11 05:30:00,42,120,1.1428571428571428,0.0,0.0,0.066,18.438,6.0,-14,19.7804264709216,,4000.0,0.0,0.0,0.0,36.56201740603541,optimal
2021-02-11 06:00:00,42,120,1.1428571428571428,0.0,0.0,0.07,18.7425,6.0,-14,19.78591630491105,,4000.0,0.0,0.0,0.0,36.525455388629375,optimal
2021-02-11 06:30:00,42,120,1.1428571428571428,0.0,5.0,0.07,15.2145,6.0,-14,19.791890895674868,,4000.0,0.0,0.0,0.0,38.86392993324075,optimal
2021-02-11 07:00:00,42,120,1.1428571428571428,0.0,4.995806848673262,0.07,17.7765,6.0,-14,19.79834928215226,,4000.0,0.0,0.0,0.0,41.1980742564273,optimal
2021-02-11 07:30:00,42,120,1.1428571428571428,17.117935132189206,5.0,0.07,16.758,6.0,-14,19.805290505187816,,4000.0,15406.141618970289,0.0,0.0,43.53187618217088,optimal
2021-02-11 08:00:00,42,120,1.1428571428571428,0.0,5.0,0.07,16.422,6.0,-14,20.0,,4000.0,0.0,0.0,0.0,45.8633443059887,optimal
2021-02-11 08:30:00,42,120,1.1428571428571428,2.012592592592592,5.0,0.2528666666666667,16.758,6.0,-14,20.00683663595827,,4000.0,0.0,0.0,1811.333333333333,48.19248096168271,optimal
2021-02-11 09:00:00,42,120,0.0,2.278305714265222,0.0,0.197,29.358,6.0,-14,20.01563783271081,,0.0,1771.8084761720331,0.0,278.66666666666663,48.144288480721016,optimal
2021-02-11 09:30:00,42,120,0.0,4.95228384737354,0.0,0.197,34.9965,6.0,-14,20.0,,0.0,2785.055462636186,0.0,1672.0,48.096144192240295,optimal
2021-02-11 10:00:00,42,120,0.0,2.5397285924488364,0.0,0.227,34.65,6.0,-14,20.0,,0.0,2076.755733203953,0.0,209.0,48.048048048048045,optimal
2021-02-11 10:30:00,42,120,0.0,2.2040371961298386,0.0,0.4351,34.9965,6.0,-14,20.0,,0.0,1983.633476516855,0.0,0.0,48.0,optimal
2021-02-11 11:00:00,42,120,0.0,2.460157402103972,0.0,0.2198,34.9965,6.0,-14,20.0,,0.0,2214.1416618935746,0.0,0.0,47.88506155524375,optimal
2021-02-11 11:30:00,42,120,0.0,2.2185772030585134,0.0,0.209,30.4815,6.0,-14,20.0,,0.0,1996.719482752662,0.0,0.0,47.77023804893226,optimal
2021-02-11 12:00:00,42,120,0.4913652053611144,0.1548148148148148,0.0,0.221,21.4305,6.0,-14,20.0,,1719.7782187639002,0.0,0.0,139.33333333333331,47.65552936612709,optimal
2021-02-11 12:30:00,42,120,0.4840943165579534,0.0,0.0,0.216,14.3325,6.0,-14,20.0,,1694.3301079528371,0.0,0.0,0.0,47.54093539200471,optimal
2021-02-11 13:00:00,42,120,0.9651410093726516,0.0,0.0,0.1359,13.692,6.0,-14,20.0,,3377.9935328042807,0.0,0.0,0.0,47.42645601185646,optimal
2021-02-11 13:30:00,42,120,0.0,0.0,0.0,0.2927,14.007,6.0,-14,20.019530923158324,,0.0,0.0,0.0,0.0,47.31209111108836,optimal
2021-02-11 14:00:00,42,120,0.3448084486042381,0.0,0.0,1.5636666666666668,12.873,6.0,-14,20.0,,1206.8295701148334,0.0,0.0,0.0,47.19784057522102,optimal
2021-02-11 14:30:00,42,120,0.3197453740770652,0.0,0.0,1.5012,12.684,6.0,-14,20.0,,1119.1088092697285,0.0,0.0,0.0,47.08370428988955,optimal
2021-02-11 15:00:00,42,120,0.405653003975419,0.387037037037037,0.0,0.321,12.306,6.0,-14,20.0,,1419.7855139139667,0.0,0.0,348.3333333333333,46.96968214084342,optimal
2021-02-11 15:30:00,42,120,1.1428571428571428,0.387037037037037,0.0,0.3316,10.6365,6.0,-14,20.0,,4000.0,0.0,0.0,348.3333333333333,46.85577401394633,optimal
2021-02-11 16:00:00,42,120,0.4169229538133809,0.4644444444444444,0.0,0.3221,11.2455,6.0,-14,20.02947180128355,,1459.2303383468332,0.0,0.0,418.0,46.741979795176135,optimal
2021-02-11 16:30:00,42,120,1.1428571428571428,0.0774074074074074,0.0,0.3833666666666667,11.2455,6.0,-14,20.02023729570585,,4000.0,0.0,0.0,69.66666666666666,46.62829937062471,optimal
2021-02-11 17:00:00,42,120,1.1428571428571428,0.1548148148148148,0.0,1.4098666666666666,11.025,6.0,-14,20.039881106342385,,4000.0,0.0,0.0,139.33333333333331,46.51473262649784,optimal
2021-02-11 17:30:00,42,120,0.0,0.4644444444444444,0.0,0.5955,12.0855,6.0,-14,20.06735707518132,,0.0,0.0,0.0,418.0,46.40127944911509,optimal
2021-02-11 18:00:00,42,120,0.0,0.3096296296296296,0.0,0.234,11.6865,6.0,-14,20.035822933596805,,0.0,0.0,0.0,278.66666666666663,46.28793972490973,optimal
2021-02-11 18:30:00,42,120,0.8998747342880428,1.006296296296296,0.0,0.212,11.2245,6.0,-14,20.0,,3149.56157000815,0.0,0.0,905.6666666666664,46.174713340428575,optimal
2021-02-11 19:00:00,42,120,0.974806995470234,0.3096296296296296,0.0,0.2114,11.025,6.0,-14,20.0,,3411.824484145819,0.0,0.0,278.66666666666663,46.0616001823319,optimal
2021-02-11 19:30:00,42,120,1.1428571428571428,0.0,0.0,0.4116,10.7835,6.0,-14,20.0,,4000.0,0.0,0.0,0.0,45.94860013739332,optimal
2021-02-11 20:00:00,42,120,0.8670848951136907,0.0,0.0,0.2444,11.025,6.0,-14,20.007807050222805,,3034.797132897917,0.0,0.0,0.0,45.83571309249968,optimal
2021-02-11 20:30:00,42,120,0.0,0.2322222222222222,0.0,0.2571,10.584,6.0,-14,20.0,,0.0,0.0,0.0,209.0,45.78987737940718,optimal
2021-02-11 21:00:00,42,120,0.0,0.0,0.0,0.3926,11.025,6.0,-14,19.958150781954043,,0.0,0.0,0.0,0.0,45.744087502027774,optimal
2021-02-11 21:30:00,42,120,0.0,0.3096296296296296,0.0,1.3523,10.4265,6.0,-14,19.91728912116014,,0.0,0.0,0.0,278.66666666666663,45.69834341452575,optimal
2021-02-11 22:00:00,42,120,0.0,2.5544444444444445,0.0,0.372,12.789,6.0,-14,19.88056363910712,,0.0,0.0,0.0,2299.0,45.652645071111216,optimal
2021-02-11 22:30:00,42,120,0.0,0.2322222222222222,0.0,0.3698999999999999,12.684,6.0,-14,19.8403330041555,,0.0,0.0,0.0,209.0,45.60699242604011,optimal
2021-02-11 23:00:00,42,120,0.0,0.0,0.0,0.258,16.254,6.0,-14,19.800274579835666,,0.0,0.0,0.0,0.0,45.56138543361407,optimal
2021-02-11 23:30:00,42,120,0.0,0.0,0.0,0.4014333333333332,17.64,6.0,-14,19.757876837711496,,0.0,0.0,0.0,0.0,45.515824048180455,optimal
2021-02-12 00:00:00,42,120,0.0,0.0,0.0,0.065,30.156,6.0,13,19.757876837711496,,0.0,0.0,0.0,0.0,45.47030822413228,optimal
2021-02-12 00:30:00,42,120,0.0,0.0,0.0,0.065,29.1585,6.0,13,19.707930237156077,,0.0,0.0,0.0,0.0,45.42483791590814,optimal
2021-02-12 01:00:00,42,120,0.0,0.0,0.0,0.065,26.712,6.0,13,19.65808265887597,,0.0,0.0,0.0,0.0,45.37941307799223,optimal
2021-02-12 01:30:00,42,120,1.1428571428571428,0.0,0.0,0.065,15.435,6.0,13,19.608333906553284,,4000.0,0.0,0.0,0.0,45.33403366491424,optimal
2021-02-12 02:00:00,42,120,1.1428571428571428,0.0,0.0,0.065,13.566,6.0,13,19.607611413463488,,4000.0,0.0,0.0,0.0,45.28869963124932,optimal
2021-02-12 02:30:00,42,120,1.1428571428571428,0.0,0.0,0.065,12.789,6.0,13,19.607088609047796,,4000.0,0.0,0.0,0.0,45.24341093161807,optimal
2021-02-12 03:00:00,42,120,1.1428571428571428,0.0,0.0,0.065,12.1275,6.0,13,19.607161609983123,,4000.0,0.0,0.0,0.0,45.19816752068645,optimal
2021-02-12 03:30:00,42,120,1.1428571428571428,0.0,0.0,0.065,13.671,6.0,13,19.60782923504792,,4000.0,0.0,0.0,0.0,45.152969353165766,optimal
2021-02-12 04:00:00,42,120,1.1428571428571428,0.0,0.0,0.065,10.668,6.0,13,19.609883330507003,,4000.0,0.0,0.0,0.0,45.1078163838126,optimal
2021-02-12 04:30:00,42,120,1.1428571428571428,0.0,0.0,0.065,11.7285,6.0,13,19.613321147595663,,4000.0,0.0,0.0,0.0,45.06270856742879,optimal
2021-02-12 05:00:00,42,120,1.1428571428571428,0.0,0.0,0.065,11.025,6.0,13,19.61813994299879,,4000.0,0.0,0.0,0.0,45.01764585886136,optimal
2021-02-12 05:30:00,42,120,1.1428571428571428,0.0,0.0,0.0676666666666666,10.689,6.0,13,19.624336978840063,,4000.0,0.0,0.0,0.0,44.972628213002494,optimal
2021-02-12 06:00:00,42,120,1.1428571428571428,0.0,5.0,0.0723333333333333,8.1585,6.0,13,19.63210777895731,,4000.0,0.0,0.0,0.0,47.30265558478949,optimal
2021-02-12 06:30:00,42,120,1.1428571428571428,0.1548148148148148,1.6688318291438902,0.0643333333333333,10.3635,6.0,13,19.641449223263923,,4000.0,0.0,0.0,139.33333333333331,48.048048048048045,optimal
2021-02-12 07:00:00,42,120,1.1428571428571428,0.2322222222222222,0.0,0.1126666666666666,10.8045,6.0,13,19.651246536969325,,4000.0,0.0,0.0,209.0,48.0,optimal
2021-02-12 07:30:00,42,120,1.1428571428571428,29.26257326401552,0.0,0.815,11.025,6.0,13,19.664796170517885,,4000.0,25848.6492709473,0.0,487.6666666666667,47.6627483480524,optimal
2021-02-12 08:00:00,42,120,1.1428571428571428,0.3096296296296296,0.0,0.3980333333333333,10.3635,6.0,13,20.0,,4000.0,0.0,0.0,278.66666666666663,47.32583394775676,optimal
2021-02-12 08:30:00,42,120,1.1428571428571428,0.2322222222222222,0.0,1.5255,10.8045,6.0,13,20.013246715086616,,4000.0,0.0,0.0,209.0,46.9892564618614,optimal
2021-02-12 09:00:00,42,120,1.1428571428571428,0.2322222222222222,0.0,3.0879333333333334,10.059,6.0,13,20.02696321483621,,4000.0,0.0,0.0,209.0,46.65301555345194,optimal
2021-02-12 09:30:00,42,120,1.1428571428571428,0.0,0.0,1.4715,10.584,6.0,13,20.04675604985585,,4000.0,0.0,0.0,0.0,46.317110885950896,optimal
2021-02-12 10:00:00,42,120,1.1428571428571428,0.0,0.0,0.065,9.4185,6.0,13,20.05842011569408,,4000.0,0.0,0.0,0.0,45.98154212311735,optimal
2021-02-12 10:30:00,42,120,1.1428571428571428,0.0,0.0,0.065,10.3635,6.0,13,20.074291825198525,,4000.0,0.0,0.0,0.0,45.64630892904664,optimal
2021-02-12 11:00:00,42,120,1.1428571428571428,0.0,0.0,0.0676666666666666,9.8385,6.0,13,20.090925093185703,,4000.0,0.0,0.0,0.0,45.31141096817,optimal
2021-02-12 11:30:00,42,120,1.1428571428571428,0.0,0.0,0.075,11.067,6.0,13,20.111097409826165,,4000.0,0.0,0.0,0.0,44.97684790525424,optimal
2021-02-12 12:00:00,42,120,1.1428571428571428,0.0,0.0,0.0723333333333333,10.8465,6.0,13,20.13132886172389,,4000.0,0.0,0.0,0.0,44.64261940540139,optimal
2021-02-12 12:30:00,42,120,0.415984718464521,0.0,0.0,0.065,13.671,6.0,13,20.152653378154177,,1455.9465146258235,0.0,0.0,0.0,44.3087251340484,optimal
2021-02-12 13:00:00,42,120,1.1428571428571428,0.0,0.0,0.065,12.348,6.0,13,20.143042212780184,,4000.0,0.0,0.0,0.0,43.97516475696675,optimal
2021-02-12 13:30:00,42,120,0.0,0.0,0.0,0.0676666666666666,14.3325,6.0,13,20.164477135134653,,0.0,0.0,0.0,0.0,43.64193794026219,optimal
2021-02-12 14:00:00,42,120,0.0,0.0,0.0,0.075,15.393,6.0,13,20.136941932203992,,0.0,0.0,0.0,0.0,43.30904435037433,optimal
2021-02-12 14:30:00,42,120,1.1428571428571428,0.0,0.0,0.075,13.587,6.0,13,20.10845521441834,,4000.0,0.0,0.0,0.0,42.97648365407636,optimal
2021-02-12 15:00:00,42,120,0.0,0.0,0.0,0.075,16.1385,6.0,13,20.12855608997327,,0.0,0.0,0.0,0.0,42.64425551847469,optimal
2021-02-12 15:30:00,42,120,0.0,0.0,0.0,0.075,14.595,6.0,13,20.09842924088499,,0.0,0.0,0.0,0.0,42.31235961100862,optimal
2021-02-12 16:00:00,42,120,0.0,0.0,0.0,0.075,14.637,6.0,13,20.06806473573964,,0.0,0.0,0.0,0.0,41.98079559945001,optimal
2021-02-12 16:30:00,42,120,0.0,0.0,0.0,0.075,13.9125,6.0,13,20.03429627825417,,0.0,0.0,0.0,0.0,41.64956315190297,optimal
2021-02-12 17:00:00,42,120,1.1428571428571428,0.0,0.0,0.075,13.3665,6.0,13,20.0,,4000.0,0.0,0.0,0.0,41.31866193680347,optimal
2021-02-12 17:30:00,42,120,1.1428571428571428,0.0,0.0,0.0909,13.0095,6.0,13,20.01099806451052,,4000.0,0.0,0.0,0.0,40.98809162291907,optimal
2021-02-12 18:00:00,42,120,0.2168552346614936,0.0774074074074074,0.0,1.1689,13.8915,6.0,13,20.02420319723008,,758.9933213152276,0.0,0.0,69.66666666666666,40.65785187934856,optimal
2021-02-12 18:30:00,42,120,0.9268568105173732,0.0,0.0,0.0723333333333333,13.188,6.0,13,20.0,,3243.9988368108066,0.0,0.0,0.0,40.327942375521616,optimal
2021-02-12 19:00:00,42,120,0.9291816774217015,0.0,0.0,0.065,12.5685,6.0,13,20.0,,3252.135870975956,0.0,0.0,0.0,39.9983627811985,optimal
2021-02-12 19:30:00,42,120,0.8680314112301964,0.0,0.0,1.1966,12.285,6.0,13,20.0,,3038.1099393056875,0.0,0.0,0.0,39.66911276646971,optimal
2021-02-12 20:00:00,42,120,0.795413525991184,0.387037037037037,0.0,0.4088333333333333,11.487,6.0,13,20.0,,2783.947340969144,0.0,0.0,348.3333333333333,39.340192001755646,optimal
2021-02-12 20:30:00,42,120,0.0,0.0,0.0,0.8302,11.802,6.0,13,20.0,,0.0,0.0,0.0,0.0,39.0116001578063,optimal
2021-02-12 21:00:00,42,120,0.0,0.2322222222222222,0.0,2.1411,11.2245,6.0,13,19.97635128881485,,0.0,0.0,0.0,209.0,38.6833369057009,optimal
2021-02-12 21:30:00,42,120,0.0,0.0,0.0,0.8865,11.025,6.0,13,19.945830365594624,,0.0,0.0,0.0,0.0,38.355401916847605,optimal
2021-02-12 22:00:00,42,120,0.0,0.0,0.0,2.2876333333333334,11.907,6.0,13,19.914622813389997,,0.0,0.0,0.0,0.0,38.02779486298317,optimal
2021-02-12 22:30:00,42,120,0.0,0.2322222222222222,0.0,0.8858333333333334,25.83,6.0,13,19.881205332623097,,0.0,0.0,0.0,209.0,37.700515416172586,optimal
2021-02-12 23:00:00,42,120,0.0,0.0,0.0,2.0725,28.035,6.0,13,19.848797667203424,,0.0,0.0,0.0,0.0,37.37356324880882,optimal
2021-02-12 23:30:00,42,120,0.0,0.3096296296296296,0.0,0.4723333333333333,28.119,6.0,13,19.820456192376337,,0.0,0.0,0.0,278.66666666666663,37.336189685560015,optimal
2021-02-13 00:00:00,42,120,1.1428571428571428,0.0,0.0,0.1207999999999999,9.3975,6.0,0,19.820456192376337,,4000.0,0.0,0.0,0.0,37.29885349587445,optimal
2021-02-13 00:30:00,42,120,1.1428571428571428,0.0,0.0,0.056,10.059,6.0,0,19.832874713934327,,4000.0,0.0,0.0,0.0,37.26155464237858,optimal
2021-02-13 01:00:00,42,120,1.1428571428571428,0.0,0.0,0.1055333333333333,9.261,6.0,0,19.84457832729448,,4000.0,0.0,0.0,0.0,37.2242930877362,optimal
2021-02-13 01:30:00,42,120,1.1428571428571428,0.3096296296296296,5.0,0.0862666666666666,8.1585,6.0,0,19.857204944581063,,4000.0,0.0,0.0,278.66666666666663,39.56206879464846,optimal
2021-02-13 02:00:00,42,120,1.1428571428571428,0.0,0.0,0.0632,9.4815,6.0,0,19.869569424275085,,4000.0,0.0,0.0,0.0,39.52250672585381,optimal
2021-02-13 02:30:00,42,120,1.1428571428571428,0.0,0.0,0.1135999999999999,8.379,6.0,0,19.88158538536576,,4000.0,0.0,0.0,0.0,39.48298421912796,optimal
2021-02-13 03:00:00,42,120,1.1428571428571428,0.0,0.0,0.0613333333333333,9.5235,6.0,0,19.894191514157,,4000.0,0.0,0.0,0.0,39.44350123490883,optimal
2021-02-13 03:30:00,42,120,1.1428571428571428,0.0,5.0,0.059,8.1375,6.0,0,19.90607094753545,,4000.0,0.0,0.0,0.0,41.77905773367392,optimal
2021-02-13 04:00:00,42,120,1.1428571428571428,0.0,0.0,0.1278,10.0905,6.0,0,19.91782770104741,,4000.0,0.0,0.0,0.0,41.737278675940246,optimal
2021-02-13 04:30:00,42,120,1.1428571428571428,0.0,5.0,0.0636,7.539,6.0,0,19.930251433754687,,4000.0,0.0,0.0,0.0,44.07054139726431,optimal
2021-02-13 05:00:00,42,120,1.1428571428571428,0.0,5.0,0.1172,7.938,6.0,0,19.94170671993912,,4000.0,0.0,0.0,0.0,46.401470855867046,optimal
2021-02-13 05:30:00,42,120,1.1428571428571428,0.0,3.868234898255863,0.057,8.274,6.0,0,19.95364274198248,,4000.0,0.0,0.0,0.0,48.19248096168271,optimal
2021-02-13 06:00:00,42,120,1.1428571428571428,0.0,0.0,0.1308,9.261,6.0,0,19.96461128442004,,4000.0,0.0,0.0,0.0,48.144288480721016,optimal
2021-02-13 06:30:00,42,120,1.1428571428571428,0.0,0.0,0.0679333333333333,9.9225,6.0,0,19.97614924058786,,4000.0,0.0,0.0,0.0,48.096144192240295,optimal
2021-02-13 07:00:00,42,120,1.1428571428571428,0.0,0.0,0.1172,9.702,6.0,0,19.98681963448357,,4000.0,0.0,0.0,0.0,48.048048048048045,optimal
2021-02-13 07:30:00,42,120,1.1428571428571428,0.6192592592592592,0.0,0.1849,10.584,6.0,0,19.998071448479585,,4000.0,0.0,0.0,557.3333333333333,48.0,optimal
2021-02-13 08:00:00,42,120,1.1428571428571428,0.2322222222222222,0.0,0.1227999999999999,10.143,6.0,0,20.012496419806965,,4000.0,0.0,0.0,209.0,47.67836972131164,optimal
2021-02-13 08:30:00,42,120,1.1428571428571428,0.0,0.0,0.066,13.0095,6.0,0,20.024807750609835,,4000.0,0.0,0.0,0.0,47.35706107290197,optimal
2021-02-13 09:00:00,42,120,1.1428571428571428,0.0,0.0,0.1308,11.025,6.0,0,20.032166554595843,,4000.0,0.0,0.0,0.0,47.03607373314071,optimal
2021-02-13 09:30:00,42,120,1.1428571428571428,0.0,0.0,0.063,12.789,6.0,0,20.04214426676817,,4000.0,0.0,0.0,0.0,46.71540738071921,optimal
2021-02-13 10:00:00,42,120,1.1428571428571428,0.0,0.0,0.1172,12.1275,6.0,0,20.051808422372968,,4000.0,0.0,0.0,0.0,46.39506169465014,optimal
2021-02-13 10:30:00,42,120,1.1428571428571428,0.0,0.0,0.0596,12.1695,6.0,0,20.06566750203238,,4000.0,0.0,0.0,0.0,46.07503635426713,optimal
2021-02-13 11:00:00,42,120,1.1428571428571428,0.0,0.0,0.0812,12.306,6.0,0,20.07889653036821,,4000.0,0.0,0.0,0.0,45.7553310392245,optimal
2021-02-13 11:30:00,42,120,1.1428571428571428,0.0,0.0,0.0955999999999999,13.23,6.0,0,20.095951505067536,,4000.0,0.0,0.0,0.0,45.43594542949692,optimal
2021-02-13 12:00:00,42,120,1.1428571428571428,0.0,0.0,0.056,13.671,6.0,0,20.11324722109299,,4000.0,0.0,0.0,0.0,45.11687920537906,optimal
2021-02-13 12:30:00,42,120,0.8219369695831008,0.0,0.0,0.1207999999999999,13.9335,6.0,0,20.131547168583012,,2876.7793935408527,0.0,0.0,0.0,44.798132047485325,optimal
2021-02-13 13:00:00,42,120,1.1428571428571428,0.0,0.0,0.056,13.293,6.0,0,20.13711504845386,,4000.0,0.0,0.0,0.0,44.47970363674949,optimal
2021-02-13 13:30:00,42,120,1.1428571428571428,0.0,0.0,0.0665999999999999,12.1065,6.0,0,20.156410468119702,,4000.0,0.0,0.0,0.0,44.16159365442438,optimal
2021-02-13 14:00:00,42,120,1.1428571428571428,0.0,0.0,0.1272,11.571,6.0,0,20.175909746124884,,4000.0,0.0,0.0,0.0,43.8438017820816,optimal
2021-02-13 14:30:00,42,120,1.1428571428571428,0.0,0.0,0.066,11.025,6.0,0,20.19365289460162,,4000.0,0.0,0.0,0.0,43.52632770161116,optimal
2021-02-13 15:00:00,42,120,1.1428571428571428,0.0,0.0,0.066,10.8465,6.0,0,20.210813563051637,,4000.0,0.0,0.0,0.0,43.20917109522119,optimal
2021-02-13 15:30:00,42,120,1.1428571428571428,0.0,0.0,0.066,11.2455,6.0,0,20.22594111684021,,4000.0,0.0,0.0,0.0,42.89233164543761,optimal
2021-02-13 16:00:00,42,120,0.0,0.0,0.0,0.1092,23.8665,6.0,0,20.24084042301633,,0.0,0.0,0.0,0.0,42.57580903510381,optimal
2021-02-13 16:30:00,42,120,0.0,0.0,0.0,0.0876,27.4575,6.0,0,20.204852977932457,,0.0,0.0,0.0,0.0,42.25960294738034,optimal
2021-02-13 17:00:00,42,120,0.0,0.0,0.0,0.0790666666666666,27.3735,6.0,0,20.168673741606927,,0.0,0.0,0.0,0.0,41.9437130657446,optimal
2021-02-13 17:30:00,42,120,0.0,0.5418518518518518,0.0,0.1121333333333333,30.4605,6.0,0,20.13101779686409,,0.0,0.0,0.0,487.6666666666667,41.6281390739905,optimal
2021-02-13 18:00:00,42,120,0.0,0.387037037037037,0.0,0.2765666666666667,30.0195,6.0,0,20.09615064330073,,0.0,0.0,0.0,348.3333333333333,41.31288065622815,optimal
2021-02-13 18:30:00,42,120,0.0,2.0899999999999994,0.0,0.3665666666666666,26.9325,6.0,0,20.063217593963472,,0.0,0.0,0.0,1881.0,40.997937496883566,optimal
2021-02-13 19:00:00,42,120,0.0,0.4644444444444444,0.0,1.2568,14.595,6.0,0,20.030053151324307,,0.0,0.0,0.0,418.0,40.683309280698325,optimal
2021-02-13 19:30:00,42,120,0.7801171255159709,0.1548148148148148,0.0,0.064,12.4845,6.0,0,20.0,,2730.409939305898,0.0,0.0,139.33333333333331,40.36899569272927,optimal
2021-02-13 20:00:00,42,120,0.855528764086402,0.3096296296296296,0.0,0.0676,12.1275,6.0,0,20.0,,2994.3506743024072,0.0,0.0,278.66666666666663,40.05499641834818,optimal
2021-02-13 20:30:00,42,120,0.0,0.0,0.0,0.1378,12.1275,6.0,0,20.0,,0.0,0.0,0.0,0.0,40.01494142192984,optimal
2021-02-13 21:00:00,42,120,0.0,0.3096296296296296,0.0,0.121,12.789,6.0,0,19.96485697715412,,0.0,0.0,0.0,278.66666666666663,39.974926480507904,optimal
2021-02-13 21:30:00,42,120,0.0,0.4644444444444444,0.0,0.3537666666666667,11.907,6.0,0,19.93137545374216,,0.0,0.0,0.0,418.0,39.93495155402739,optimal
2021-02-13 22:00:00,42,120,0.0,0.0,0.0,1.1713,11.025,6.0,0,19.89995991489575,,0.0,0.0,0.0,0.0,39.89501660247336,optimal
2021-02-13 22:30:00,42,120,0.0,0.0,0.0,0.4332,8.2005,6.0,0,19.87636611715735,,0.0,0.0,0.0,0.0,39.85512158587089,optimal
2021-02-13 23:00:00,42,120,0.0,0.0,0.0,0.1889333333333333,9.5655,6.0,0,19.848027946922176,,0.0,0.0,0.0,0.0,39.81526646428502,optimal
2021-02-13 23:30:00,42,120,0.0,0.0,0.0,0.095,7.056,6.0,0,19.817099999026222,,0.0,0.0,0.0,0.0,39.77545119782073,optimal
2021-02-07 00:00:00,43,120,0.0,0.1548148148148148,0.0,0.0673333333333333,6.174,6.0,-5,21.0,,0.0,0.0,0.0,139.33333333333331,47.952,optimal
2021-02-07 00:30:00,43,120,0.0,0.0,0.0,0.068,3.906,6.0,-5,20.967574315021626,,0.0,0.0,0.0,0.0,47.904048,optimal
2021-02-07 01:00:00,43,120,0.6431103576241763,0.0,0.0,0.0809333333333333,2.3415,6.0,-5,20.934693858010856,,2250.886251684617,0.0,0.0,0.0,47.856143952,optimal
2021-02-07 01:30:00,43,120,1.1428571428571428,0.0,0.0,0.1973333333333332,2.205,6.0,-5,20.929258959481245,,4000.0,0.0,0.0,0.0,47.80828780804799,optimal
2021-02-07 02:00:00,43,120,1.1428571428571428,0.0,1.7248042473481389,0.068,0.882,6.0,-5,20.94646203661787,,4000.0,0.0,0.0,0.0,48.57976153773031,optimal
2021-02-07 02:30:00,43,120,1.1428571428571428,0.0,0.0,0.1585333333333333,1.5435,6.0,-5,20.96195629637192,,4000.0,0.0,0.0,0.0,48.53118177619257,optimal
2021-02-07 03:00:00,43,120,1.1428571428571428,0.0,0.0,0.1197333333333333,1.5435,6.0,-5,20.97832448963625,,4000.0,0.0,0.0,0.0,48.48265059441637,optimal
2021-02-07 03:30:00,43,120,0.0,0.0,0.0,0.0874,5.0715,6.0,-5,20.993989300725072,,0.0,0.0,0.0,0.0,48.434167943821954,optimal
2021-02-07 04:00:00,43,120,0.0,0.0,0.0,0.1908666666666666,5.376,6.0,-5,20.960400658515717,,0.0,0.0,0.0,0.0,48.38573377587813,optimal
2021-02-07 04:30:00,43,120,0.0,0.0,0.0,0.068,5.0715,6.0,-5,20.92803994620404,,0.0,0.0,0.0,0.0,48.33734804210225,optimal
2021-02-07 05:00:00,43,120,0.0,0.0,0.0,0.2102666666666666,5.5125,6.0,-5,20.894246587133964,,0.0,0.0,0.0,0.0,48.28901069406015,optimal
2021-02-07 05:30:00,43,120,0.0,0.0,0.0,0.068,9.261,6.0,-5,20.86225336688599,,0.0,0.0,0.0,0.0,48.24072168336608,optimal
2021-02-07 06:00:00,43,120,0.0,0.0,0.0,0.1585333333333333,11.7075,6.0,-5,20.828590433844848,,0.0,0.0,0.0,0.0,48.19248096168271,optimal
2021-02-07 06:30:00,43,120,0.0,0.0,0.0,0.1197333333333333,12.348,6.0,-5,20.79609714782493,,0.0,0.0,0.0,0.0,48.144288480721016,optimal
2021-02-07 07:00:00,43,120,0.0,0.0,0.0,0.068,12.348,6.0,-5,20.76309647872675,,0.0,0.0,0.0,0.0,48.096144192240295,optimal
2021-02-07 07:30:00,43,120,0.0,0.1548148148148148,0.0,0.2117333333333333,12.1275,6.0,-5,20.72943187416339,,0.0,0.0,0.0,139.33333333333331,48.048048048048045,optimal
2021-02-07 08:00:00,43,120,0.0,2.322222222222221,0.0,0.3883999999999999,12.5265,6.0,-5,20.700424995625458,,0.0,0.0,0.0,2089.9999999999995,48.0,optimal
2021-02-07 08:30:00,43,120,0.0,0.0,0.0,0.2621333333333333,11.7495,6.0,-5,20.67404596421466,,0.0,0.0,0.0,0.0,47.86063133679682,optimal
2021-02-07 09:00:00,43,120,0.0,0.0,0.0,0.0955333333333333,13.23,6.0,-5,20.64332460852607,,0.0,0.0,0.0,0.0,47.72140204225685,optimal
2021-02-07 09:30:00,43,120,0.0,0.1548148148148148,0.0,0.0904666666666666,14.3325,6.0,-5,20.611200953219143,,0.0,0.0,0.0,139.33333333333331,47.582311977011415,optimal
2021-02-07 10:00:00,43,120,0.0,0.1548148148148148,0.0,0.1714666666666666,14.994,6.0,-5,20.579832175102226,,0.0,0.0,0.0,139.33333333333331,47.44336100183123,optimal
2021-02-07 10:30:00,43,120,0.0,0.1548148148148148,0.0,0.298,14.8155,6.0,-5,20.548944655290317,,0.0,0.0,0.0,139.33333333333331,47.30454897762622,optimal
2021-02-07 11:00:00,43,120,0.0,0.3096296296296296,0.0,1.385066666666667,14.112,6.0,-5,20.519292659645775,,0.0,0.0,0.0,278.66666666666663,47.16587576544541,optimal
2021-02-07 11:30:00,43,120,0.0,0.0,0.0,0.212,14.007,6.0,-5,20.500099167785763,,0.0,0.0,0.0,0.0,47.02734122647679,optimal
2021-02-07 12:00:00,43,120,0.0,0.2322222222222222,0.0,0.2273333333333332,13.23,6.0,-5,20.470609852546414,,0.0,0.0,0.0,209.0,46.88894522204714,optimal
2021-02-07 12:30:00,43,120,0.0,0.0,0.0,0.078,11.382,6.0,-5,20.442082586363377,,0.0,0.0,0.0,0.0,46.75068761362192,optimal
2021-02-07 13:00:00,43,120,0.0,0.0,0.0,0.2138,11.7495,6.0,-5,20.410001842901806,,0.0,0.0,0.0,0.0,46.61256826280512,optimal
2021-02-07 13:30:00,43,120,0.0,0.0,0.0,0.0844666666666666,24.3285,6.0,-5,20.378605017226704,,0.0,0.0,0.0,0.0,46.47458703133914,optimal
2021-02-07 14:00:00,43,120,0.0,0.0,0.0,0.1491333333333333,28.917,6.0,-5,20.34579398281753,,0.0,0.0,0.0,0.0,46.33674378110462,optimal
2021-02-07 14:30:00,43,120,0.0,0.0,0.0,0.1491333333333333,31.3635,6.0,-5,20.31435499941511,,0.0,0.0,0.0,0.0,46.19903837412034,optimal
2021-02-07 15:00:00,43,120,0.0,0.0,0.0,0.078,33.306,6.0,-5,20.28307747391664,,0.0,0.0,0.0,0.0,46.061470672543045,optimal
2021-02-07 15:30:00,43,120,0.0,0.0,0.0,0.2202666666666666,31.3425,6.0,-5,20.252096248101036,,0.0,0.0,0.0,0.0,45.92404053866733,optimal
2021-02-07 16:00:00,43,120,0.0,0.0,0.0,0.078,28.2555,6.0,-5,20.22261220144737,,0.0,0.0,0.0,0.0,45.786747834925485,optimal
2021-02-07 16:30:00,43,120,0.0,0.387037037037037,0.0,0.2066666666666666,15.6975,6.0,-5,20.18886179227258,,0.0,0.0,0.0,348.3333333333333,45.64959242388738,optimal
2021-02-07 17:00:00,43,120,0.0,0.2322222222222222,0.0,0.1942666666666666,12.5475,6.0,-5,20.158267782733372,,0.0,0.0,0.0,209.0,45.51257416826032,optimal
2021-02-07 17:30:00,43,120,0.0,1.548148148148148,0.0,2.9574000000000003,12.0855,6.0,-5,20.12881298336288,,0.0,0.0,0.0,1393.3333333333333,45.37569293088888,optimal
2021-02-07 18:00:00,43,120,0.0,0.8514814814814814,0.0,0.4146,11.907,6.0,-5,20.120815849407755,,0.0,0.0,0.0,766.3333333333333,45.238948574754815,optimal
2021-02-07 18:30:00,43,120,0.0,0.0774074074074074,0.0,0.5876666666666667,12.5685,6.0,-5,20.09537395679216,,0.0,0.0,0.0,69.66666666666666,45.10234096297688,optimal
2021-02-07 19:00:00,43,120,0.0,0.387037037037037,0.0,0.4759333333333332,13.146,6.0,-5,20.07236817707961,,0.0,0.0,0.0,348.3333333333333,44.96586995881073,optimal
2021-02-07 19:30:00,43,120,0.0,0.4644444444444444,0.0,0.4555666666666667,10.584,6.0,-5,20.048145474804013,,0.0,0.0,0.0,418.0,44.82953542564874,optimal
2021-02-07 20:00:00,43,120,0.0,0.4644444444444444,0.0,0.4488,6.678,6.0,-5,20.023222393605945,,0.0,0.0,0.0,418.0,44.69333722701992,optimal
2021-02-07 20:30:00,43,120,0.0,0.5418518518518518,0.0,0.3808,7.938,6.0,-5,20.0,,0.0,0.0,0.0,487.6666666666667,44.6486438897929,optimal
2021-02-07 21:00:00,43,120,0.0,1.935185185185185,0.0,0.3854666666666665,5.292,6.0,-5,19.97663472975951,,0.0,0.0,0.0,1741.6666666666667,44.60399524590311,optimal
2021-02-07 21:30:00,43,120,0.0,0.3096296296296296,0.0,0.5174,9.261,6.0,-5,19.95299164213653,,0.0,0.0,0.0,278.66666666666663,44.55939125065721,optimal
2021-02-07 22:00:00,43,120,0.0,0.0774074074074074,0.0,0.4433,10.3635,6.0,-5,19.931798598662084,,0.0,0.0,0.0,69.66666666666666,44.51483185940655,optimal
2021-02-07 22:30:00,43,120,0.0,0.0,0.0,0.6618333333333334,8.274,6.0,-5,19.90912437274675,,0.0,0.0,0.0,0.0,44.47031702754714,optimal
2021-02-07 23:00:00,43,120,0.0,0.0,0.0,0.1616,7.7175,6.0,-5,19.888117788027795,,0.0,0.0,0.0,0.0,44.42584671051959,optimal
2021-02-07 23:30:00,43,120,0.0,0.0,0.0,0.1038666666666666,6.615,6.0,-5,19.857927973812064,,0.0,0.0,0.0,0.0,44.38142086380908,optimal
2021-02-08 00:00:00,43,120,1.1428571428571428,0.0,5.0,0.07,11.025,6.0,-13,19.857927973812064,,4000.0,0.0,0.0,0.0,46.71203944294527,optimal
2021-02-08 00:30:00,43,120,1.1428571428571428,0.0,4.235241244526968,0.07,11.2875,6.0,-13,19.87310500482721,,4000.0,0.0,0.0,0.0,48.67706699465263,optimal
2021-02-08 01:00:00,43,120,1.1428571428571428,0.0,0.0,0.1777333333333333,12.936,6.0,-13,19.88825194642431,,4000.0,0.0,0.0,0.0,48.62838992765797,optimal
2021-02-08 01:30:00,43,120,1.1428571428571428,0.0,0.0,0.1161333333333333,13.0095,6.0,-13,19.90468130270147,,4000.0,0.0,0.0,0.0,48.57976153773031,optimal
2021-02-08 02:00:00,43,120,1.1428571428571428,0.0,0.0,0.2395333333333333,13.671,6.0,-13,19.92022852626103,,4000.0,0.0,0.0,0.0,48.53118177619257,optimal
2021-02-08 02:30:00,43,120,1.1428571428571428,0.0,0.0,0.1632666666666666,13.188,6.0,-13,19.937149099484017,,4000.0,0.0,0.0,0.0,48.48265059441637,optimal
2021-02-08 03:00:00,43,120,1.1428571428571428,0.0,0.0,0.1789333333333333,13.8495,6.0,-13,19.95320614803971,,4000.0,0.0,0.0,0.0,48.434167943821954,optimal
2021-02-08 03:30:00,43,120,1.1428571428571428,0.0,0.0,0.07,13.23,6.0,-13,19.96952134734093,,4000.0,0.0,0.0,0.0,48.38573377587813,optimal
2021-02-08 04:00:00,43,120,1.1428571428571428,0.0,0.0,0.3270666666666666,13.3665,6.0,-13,19.984378009335074,,4000.0,0.0,0.0,0.0,48.33734804210225,optimal
2021-02-08 04:30:00,43,120,1.1428571428571428,0.0,0.0,0.0757333333333333,13.0515,6.0,-13,20.002237763286036,,4000.0,0.0,0.0,0.0,48.28901069406015,optimal
2021-02-08 05:00:00,43,120,1.1428571428571428,0.0,0.0,0.2485333333333333,13.5345,6.0,-13,20.01680202393428,,4000.0,0.0,0.0,0.0,48.24072168336608,optimal
2021-02-08 05:30:00,43,120,1.1428571428571428,0.0,0.0,0.1542666666666667,14.154,6.0,-13,20.033244262644185,,4000.0,0.0,0.0,0.0,48.19248096168271,optimal
2021-02-08 06:00:00,43,120,1.1428571428571428,0.0,0.0,0.1094,14.112,6.0,-13,20.04840638655076,,4000.0,0.0,0.0,0.0,48.144288480721016,optimal
2021-02-08 06:30:00,43,120,1.1428571428571428,0.0,0.0,0.2934,14.2485,6.0,-13,20.06289274131761,,4000.0,0.0,0.0,0.0,48.096144192240295,optimal
2021-02-08 07:00:00,43,120,1.1428571428571428,0.1548148148148148,0.0,0.0724,12.789,6.0,-13,20.07949279898668,,4000.0,0.0,0.0,139.33333333333331,48.048048048048045,optimal
2021-02-08 07:30:00,43,120,1.1428571428571428,2.944577777777777,0.0,1.8101333333333327,13.0095,6.0,-13,20.097226563316383,,4000.0,0.0,0.0,2650.12,48.0,optimal
2021-02-08 08:00:00,43,120,1.1428571428571428,3.248014814814816,0.0,0.5759333333333333,12.1275,6.0,-13,20.119976871172305,,4000.0,0.0,0.0,2923.213333333334,47.469874548343405,optimal
2021-02-08 08:30:00,43,120,1.1428571428571428,0.1548148148148148,0.0,0.1672666666666666,12.348,6.0,-13,20.139859344061087,,4000.0,0.0,0.0,139.33333333333331,46.94027922213847,optimal
2021-02-08 09:00:00,43,120,1.1428571428571428,0.0,0.0,0.0929333333333333,12.348,6.0,-13,20.154454155064656,,4000.0,0.0,0.0,0.0,46.41121349125974,optimal
2021-02-08 09:30:00,43,120,0.0,0.0,0.0,0.1617333333333333,25.389,6.0,-13,20.1669094657317,,0.0,0.0,0.0,0.0,45.88267682611188,optimal
2021-02-08 10:00:00,43,120,0.0,0.0,0.0,0.1266,29.1375,6.0,-13,20.131746239687786,,0.0,0.0,0.0,0.0,45.35466869762918,optimal
2021-02-08 10:30:00,43,120,0.0,0.0,0.0,0.1844666666666666,30.597,6.0,-13,20.099074907386687,,0.0,0.0,0.0,0.0,44.82718857727496,optimal
2021-02-08 11:00:00,43,120,0.0,0.0,0.0,0.1445333333333333,33.684,6.0,-13,20.06687591522132,,0.0,0.0,0.0,0.0,44.30023593704109,optimal
2021-02-08 11:30:00,43,120,0.0,0.0,0.0,0.2448,32.445,6.0,-13,20.03696209126301,,0.0,0.0,0.0,0.0,43.77381024944746,optimal
2021-02-08 12:00:00,43,120,0.0,1.828925700931932,0.0,0.1350666666666666,28.917,6.0,-13,20.00852731257508,,0.0,1646.0331308387388,0.0,0.0,43.24791098754142,optimal
2021-02-08 12:30:00,43,120,0.6611629586004565,0.0,0.0,0.1330666666666666,15.876,6.0,-13,20.0,,2314.0703551015977,0.0,0.0,0.0,42.722537624897285,optimal
2021-02-08 13:00:00,43,120,0.677461177615059,0.0,0.0,0.07,12.348,6.0,-13,20.0,,2371.1141216527067,0.0,0.0,0.0,42.1976896356158,optimal
2021-02-08 13:30:00,43,120,1.1428571428571428,0.0,0.0,0.2924,12.1275,6.0,-13,20.0,,4000.0,0.0,0.0,0.0,41.67336649432359,optimal
2021-02-08 14:00:00,43,120,0.1225724417137892,0.0,0.0,0.1104,12.348,6.0,-13,20.022751256272088,,429.0035459982624,0.0,0.0,0.0,41.14956767617267,optimal
2021-02-08 14:30:00,43,120,0.6404967733844504,0.0,0.0,0.1859333333333333,12.1275,6.0,-13,20.0,,2241.7387068455764,0.0,0.0,0.0,40.62629265683991,optimal
2021-02-08 15:00:00,43,120,0.6227406094009909,0.2322222222222222,0.0,0.2864666666666666,12.1275,6.0,-13,20.0,,2179.592132903468,0.0,0.0,209.0,40.10354091252648,optimal
2021-02-08 15:30:00,43,120,0.5214347901157056,0.0774074074074074,0.0,2.303033333333333,11.2665,6.0,-13,20.0,,1825.0217654049695,0.0,0.0,69.66666666666666,39.58131191995736,optimal
2021-02-08 16:00:00,43,120,1.1428571428571428,0.5418518518518518,0.0,0.3170666666666666,10.143,6.0,-13,20.0,,4000.0,0.0,0.0,487.6666666666667,39.059605156380805,optimal
2021-02-08 16:30:00,43,120,0.0212123439973048,0.1548148148148148,0.0,1.0157333333333332,11.2455,6.0,-13,20.022678763793056,,74.24320399056711,0.0,0.0,139.33333333333331,38.53842009956783,optimal
2021-02-08 17:00:00,43,120,0.6032670769527692,0.4288370370370369,0.0,1.332833333333333,11.025,6.0,-13,20.0,,2111.434769334692,0.0,0.0,385.95333333333326,38.01775622781167,optimal
2021-02-08 17:30:00,43,120,1.1428571428571428,0.1904222222222222,0.0,3.9145666666666665,5.9745,6.0,-13,20.0,,4000.0,0.0,0.0,171.38000000000002,37.49761301992727,optimal
2021-02-08 18:00:00,43,120,0.4562044631608823,0.387037037037037,0.0,1.7754333333333334,7.938,6.0,-13,20.036449413717406,,1596.7156210630883,0.0,0.0,348.3333333333333,36.97798995525074,optimal
2021-02-08 18:30:00,43,120,0.0,0.0,0.0,1.7578333333333334,8.6835,6.0,-13,20.027147266702944,,0.0,0.0,0.0,0.0,36.458886513638895,optimal
2021-02-08 19:00:00,43,120,0.5799512160018749,0.0,0.0,0.7031666666666666,7.665,6.0,-13,20.0,,2029.8292560065624,0.0,0.0,0.0,35.940302175468666,optimal
2021-02-08 19:30:00,43,120,0.5135658167147185,0.387037037037037,0.0,0.7086333333333333,6.7725,6.0,-13,20.0,,1797.4803585015147,0.0,0.0,348.3333333333333,35.422236421636605,optimal
2021-02-08 20:00:00,43,120,0.3523880364750974,0.0774074074074074,0.0,1.4060333333333332,5.5755,6.0,-13,20.0,,1233.3581276628408,0.0,0.0,69.66666666666666,34.90468873355837,optimal
2021-02-08 20:30:00,43,120,0.0,0.0,0.0,0.1981333333333333,5.0925,6.0,-13,20.0,,0.0,0.0,0.0,0.0,34.38765859316822,optimal
2021-02-08 21:00:00,43,120,0.0,0.0,0.0,0.4766666666666667,4.1895,6.0,-13,19.96617817434741,,0.0,0.0,0.0,0.0,33.87114548291846,optimal
2021-02-08 21:30:00,43,120,0.0,0.0,0.0,0.3939666666666666,7.056,6.0,-13,19.94005392614152,,0.0,0.0,0.0,0.0,33.355148885778945,optimal
2021-02-08 22:00:00,43,120,0.0,0.0,0.0,2.3885666666666667,5.271,6.0,-13,19.914516411022078,,0.0,0.0,0.0,0.0,32.83966828523657,optimal
2021-02-08 22:30:00,43,120,0.0,0.1548148148148148,0.0,2.3294,7.938,6.0,-13,19.890062317513834,,0.0,0.0,0.0,139.33333333333331,32.32470316529474,optimal
2021-02-08 23:00:00,43,120,0.0,0.0,0.0,0.2531666666666666,7.938,6.0,-13,19.862297176513803,,0.0,0.0,0.0,0.0,31.81025301047286,optimal
2021-02-08 23:30:00,43,120,0.0,0.0,0.0,0.4133,11.907,6.0,-13,19.833155205158786,,0.0,0.0,0.0,0.0,31.778442757462383,optimal
2021-02-09 00:00:00,43,120,0.0,0.0,0.0,0.0645999999999999,30.303,6.0,15,19.833155205158786,,0.0,0.0,0.0,0.0,31.746664314704923,optimal
2021-02-09 00:30:00,43,120,0.0,0.0,0.0,0.1108,32.886,6.0,15,19.79792858196796,,0.0,0.0,0.0,0.0,31.714917650390216,optimal
2021-02-09 01:00:00,43,120,0.0,2.786666666666666,0.0,0.056,34.9965,6.0,15,19.76343375017228,,0.0,0.0,0.0,2508.0,31.683202732739822,optimal
2021-02-09 01:30:00,43,120,0.0,0.0,0.0,0.1174,33.327,6.0,15,19.732251915713952,,0.0,0.0,0.0,0.0,31.65151953000709,optimal
2021-02-09 02:00:00,43,120,0.0,0.0,0.0,0.058,31.122,6.0,15,19.69786856735989,,0.0,0.0,0.0,0.0,31.61986801047708,optimal
2021-02-09 02:30:00,43,120,1.1428571428571428,0.0,0.0,0.058,17.9025,6.0,15,19.66263149868136,,4000.0,0.0,0.0,0.0,31.5882481424666,optimal
2021-02-09 03:00:00,43,120,1.1428571428571428,0.0,0.1873434693234948,0.1174,15.6555,6.0,15,19.676292790767597,,4000.0,0.0,0.0,0.0,31.64564804225279,optimal
2021-02-09 03:30:00,43,120,1.1428571428571428,0.0,5.0,0.058,14.553,6.0,15,19.6907497578144,,4000.0,0.0,0.0,0.0,33.98900239421053,optimal
2021-02-09 04:00:00,43,120,1.1428571428571428,0.0,5.0,0.058,14.3325,6.0,15,19.70465268811356,,4000.0,0.0,0.0,0.0,36.33001339181632,optimal
2021-02-09 04:30:00,43,120,1.1428571428571428,0.0,5.0,0.058,13.335,6.0,15,19.718726311265574,,4000.0,0.0,0.0,0.0,38.6686833784245,optimal
2021-02-09 05:00:00,43,120,1.1428571428571428,0.0,5.0,0.1009,12.1275,6.0,15,19.732573776288863,,4000.0,0.0,0.0,0.0,41.00501469504607,optimal
2021-02-09 05:30:00,43,120,1.1428571428571428,0.0,5.0,0.0745,12.2955,6.0,15,19.746718154080693,,4000.0,0.0,0.0,0.0,43.33900968035103,optimal
2021-02-09 06:00:00,43,120,1.1428571428571428,0.0,5.0,0.058,11.6865,6.0,15,19.760512875893152,,4000.0,0.0,0.0,0.0,45.670670670670674,optimal
2021-02-09 06:30:00,43,120,1.1428571428571428,0.387037037037037,5.0,0.1028666666666666,11.466,6.0,15,19.774079240139177,,4000.0,0.0,0.0,348.3333333333333,48.0,optimal
2021-02-09 07:00:00,43,120,1.1428571428571428,0.2322222222222222,0.0,0.0692,10.8045,6.0,15,19.78869964305305,,4000.0,0.0,0.0,209.0,47.85162682645648,optimal
2021-02-09 07:30:00,43,120,1.1428571428571428,17.242676333879526,0.0,0.056,10.584,6.0,15,19.80237571495964,,4000.0,14961.075367158235,0.0,557.3333333333333,47.70340202608651,optimal
2021-02-09 08:00:00,43,120,1.1428571428571428,0.0,0.0,0.0785666666666666,11.2455,6.0,15,20.0,,4000.0,0.0,0.0,0.0,47.5553254505169,optimal
2021-02-09 08:30:00,43,120,1.1428571428571428,0.4644444444444444,0.0,0.1172333333333333,12.1275,6.0,15,20.01642461834986,,4000.0,0.0,0.0,418.0,47.40739695152287,optimal
2021-02-09 09:00:00,43,120,1.1428571428571428,0.0,0.0,0.068,11.823,6.0,15,20.03032186522237,,4000.0,0.0,0.0,0.0,47.25961638102783,optimal
2021-02-09 09:30:00,43,120,1.1428571428571428,0.0,0.0,0.0944,11.7705,6.0,15,20.041996005232544,,4000.0,0.0,0.0,0.0,47.11198359110329,optimal
2021-02-09 10:00:00,43,120,1.1428571428571428,0.0,0.0,0.101,11.13,6.0,15,20.054563383245963,,4000.0,0.0,0.0,0.0,46.96449843396867,optimal
2021-02-09 10:30:00,43,120,1.1428571428571428,0.0,0.0,0.0845,11.6865,6.0,15,20.07065695983505,,4000.0,0.0,0.0,0.0,46.81716076199119,optimal
2021-02-09 11:00:00,43,120,1.1428571428571428,0.0,0.0,0.1109,10.7205,6.0,15,20.087013261948936,,4000.0,0.0,0.0,0.0,46.66997042768568,optimal
2021-02-09 11:30:00,43,120,1.1428571428571428,0.0,0.0,0.068,11.424,6.0,15,20.106836449389668,,4000.0,0.0,0.0,0.0,46.52292728371448,optimal
2021-02-09 12:00:00,43,120,1.1428571428571428,0.0,0.0,0.068,10.689,6.0,15,20.12619684173371,,4000.0,0.0,0.0,0.0,46.376031182887246,optimal
2021-02-09 12:30:00,43,120,1.1428571428571428,0.0,0.0,0.0845,11.361,6.0,15,20.14749218833377,,4000.0,0.0,0.0,0.0,46.22928197816084,optimal
2021-02-09 13:00:00,43,120,1.1428571428571428,0.0,0.0,0.1109,11.571,6.0,15,20.16884719609077,,4000.0,0.0,0.0,0.0,46.08267952263916,optimal
2021-02-09 13:30:00,43,120,0.0,0.0,0.0,0.068,14.3745,6.0,15,20.19083474727083,,0.0,0.0,0.0,0.0,45.936223669573,optimal
2021-02-09 14:00:00,43,120,1.1428571428571428,0.0,0.0,0.1274,13.23,6.0,15,20.163427583162903,,4000.0,0.0,0.0,0.0,45.78991427235992,optimal
2021-02-09 14:30:00,43,120,1.1428571428571428,0.0,0.0,0.068,13.9755,6.0,15,20.184879294232523,,4000.0,0.0,0.0,0.0,45.64375118454404,optimal
2021-02-09 15:00:00,43,120,0.0,0.0,0.0,0.068,14.994,6.0,15,20.205465716605566,,0.0,0.0,0.0,0.0,45.49773425981598,optimal
2021-02-09 15:30:00,43,120,1.1428571428571428,0.0,0.0,0.0977,13.671,6.0,15,20.175017789151056,,4000.0,0.0,0.0,0.0,45.35186335201264,optimal
2021-02-09 16:00:00,43,120,0.0,0.0,0.0,0.0977,15.981,6.0,15,20.19372141513864,,0.0,0.0,0.0,0.0,45.20613831511712,optimal
2021-02-09 16:30:00,43,120,0.0,0.6192592592592592,0.0,1.336266666666667,15.6345,6.0,15,20.16068570336435,,0.0,0.0,0.0,557.3333333333333,45.06055900325848,optimal
2021-02-09 17:00:00,43,120,0.0,0.2322222222222222,0.0,0.0930999999999999,16.5375,6.0,15,20.137115374047227,,0.0,0.0,0.0,209.0,44.915125270711705,optimal
2021-02-09 17:30:00,43,120,0.0,0.4644444444444444,0.0,0.0932,14.7735,6.0,15,20.107974510932813,,0.0,0.0,0.0,418.0,44.76983697189748,optimal
2021-02-09 18:00:00,43,120,0.0,0.4644444444444444,0.0,0.371,15.2145,6.0,15,20.07778070761733,,0.0,0.0,0.0,418.0,44.624693961382064,optimal
2021-02-09 18:30:00,43,120,0.0,0.0,0.0,0.1175,14.553,6.0,15,20.048515227641136,,0.0,0.0,0.0,0.0,44.479696093877166,optimal
2021-02-09 19:00:00,43,120,1.1428571428571428,0.6192592592592592,0.0,0.2063333333333332,14.3325,6.0,15,20.01140472127238,,4000.0,0.0,0.0,557.3333333333333,44.435216397783286,optimal
2021-02-09 19:30:00,43,120,0.7304303061738153,0.1548148148148148,0.0,0.4274333333333333,14.595,6.0,15,20.02777888132121,,2556.506071608353,0.0,0.0,139.33333333333331,44.3907811813855,optimal
2021-02-09 20:00:00,43,120,0.0,0.0774074074074074,0.0,0.2415999999999999,14.994,6.0,15,20.02970406755707,,0.0,0.0,0.0,69.66666666666666,44.34639040020412,optimal
2021-02-09 20:30:00,43,120,0.0,0.0,0.0,0.177,14.3325,6.0,15,20.0,,0.0,0.0,0.0,0.0,44.30204400980391,optimal
2021-02-09 21:00:00,43,120,0.0,0.2322222222222222,0.0,0.2329,13.8915,6.0,15,19.97158271265203,,0.0,0.0,0.0,209.0,44.2577419657941,optimal
2021-02-09 21:30:00,43,120,0.0,0.0,0.0,0.1805999999999999,13.8915,6.0,15,19.945219172404503,,0.0,0.0,0.0,0.0,44.21348422382831,optimal
2021-02-09 22:00:00,43,120,0.0,0.6610592592592593,0.0,0.241,13.4715,6.0,15,19.91776460932053,,0.0,0.0,0.0,594.9533333333334,44.16927073960448,optimal
2021-02-09 22:30:00,43,120,0.0,0.2678296296296296,0.0,1.5378333333333332,13.23,6.0,15,19.891057065546143,,0.0,0.0,0.0,241.0466666666667,44.12510146886488,optimal
2021-02-09 23:00:00,43,120,0.0,0.2740222222222222,0.0,0.3125,13.8915,6.0,15,19.866882272813143,,0.0,0.0,0.0,246.62,44.08097636739601,optimal
2021-02-09 23:30:00,43,120,0.0,0.0356074074074074,0.0,0.0835666666666666,26.9325,6.0,15,19.83972221217829,,0.0,0.0,0.0,32.046666666666674,44.036895391028615,optimal
2021-02-10 00:00:00,43,120,1.1428571428571428,0.0,0.0,0.1590333333333333,11.844,6.0,-4,19.83972221217829,,4000.0,0.0,0.0,0.0,43.992858495637584,optimal
2021-02-10 00:30:00,43,120,1.1428571428571428,0.0,0.0,0.1301,11.508,6.0,-4,19.85293644110505,,4000.0,0.0,0.0,0.0,43.94886563714195,optimal
2021-02-10 01:00:00,43,120,1.1428571428571428,0.0,0.0,0.065,11.508,6.0,-4,19.86557373990872,,4000.0,0.0,0.0,0.0,43.90491677150481,optimal
2021-02-10 01:30:00,43,120,1.1428571428571428,0.0,5.0,0.2241333333333333,10.4475,6.0,-4,19.87719465764274,,4000.0,0.0,0.0,0.0,46.236011854733306,optimal
2021-02-10 02:00:00,43,120,1.1428571428571428,0.0,0.0,0.065,10.8675,6.0,-4,19.89053289677663,,4000.0,0.0,0.0,0.0,46.189775842878575,optimal
2021-02-10 02:30:00,43,120,1.1428571428571428,0.0,4.720310965984066,0.065,10.542,6.0,-4,19.90170781884092,,4000.0,0.0,0.0,0.0,48.38573377587813,optimal
2021-02-10 03:00:00,43,120,1.1428571428571428,6.424814814814814,0.0,0.3066666666666667,11.025,6.0,-4,19.91286058591975,,4000.0,0.0,0.0,5782.333333333333,48.33734804210225,optimal
2021-02-10 03:30:00,43,120,1.1428571428571428,0.0,0.0,0.0894666666666666,11.025,6.0,-4,19.92914274881041,,4000.0,0.0,0.0,0.0,48.28901069406015,optimal
2021-02-10 04:00:00,43,120,1.1428571428571428,0.0,0.0,0.075,14.553,6.0,-4,19.941440679145973,,4000.0,0.0,0.0,0.0,48.24072168336608,optimal
2021-02-10 04:30:00,43,120,1.1428571428571428,0.0,0.0,0.1618,13.0935,6.0,-4,19.95353799016286,,4000.0,0.0,0.0,0.0,48.19248096168271,optimal
2021-02-10 05:00:00,43,120,1.1428571428571428,0.0,0.0,0.1473333333333333,15.6345,6.0,-4,19.96647048860639,,4000.0,0.0,0.0,0.0,48.144288480721016,optimal
2021-02-10 05:30:00,43,120,1.1428571428571428,0.0,0.0,0.075,18.102,6.0,-4,19.979002853373945,,4000.0,0.0,0.0,0.0,48.096144192240295,optimal
2021-02-10 06:00:00,43,120,1.1428571428571428,0.1548148148148148,0.0,0.4068333333333333,17.199,6.0,-4,19.99043092616081,,4000.0,0.0,0.0,139.33333333333331,48.048048048048045,optimal
2021-02-10 06:30:00,43,120,0.0,0.4644444444444444,0.0,0.5342,18.2805,6.0,-4,20.011000216560728,,0.0,0.0,0.0,418.0,48.0,optimal
2021-02-10 07:00:00,43,120,1.1428571428571428,0.6192592592592592,0.0,0.326,17.4615,6.0,-4,19.9856437055366,,4000.0,0.0,0.0,557.3333333333333,47.81999987057033,optimal
2021-02-10 07:30:00,43,120,0.4807203964986568,1.935185185185185,0.0,0.5817,18.3225,6.0,-4,20.00501720167913,,1682.5213877452989,0.0,0.0,1741.6666666666667,47.64017974127009,optimal
2021-02-10 08:00:00,43,120,1.1428571428571428,0.8514814814814814,0.0,0.6152333333333333,17.094,6.0,-4,20.0,,4000.0,0.0,0.0,766.3333333333333,47.46053943209915,optimal
2021-02-10 08:30:00,43,120,1.1428571428571428,0.0,0.0,0.1731333333333333,17.094,6.0,-4,20.02426545363514,,4000.0,0.0,0.0,0.0,47.281078763237375,optimal
2021-02-10 09:00:00,43,120,1.1428571428571428,0.0,0.0,0.2196666666666666,17.094,6.0,-4,20.037271163270084,,4000.0,0.0,0.0,0.0,47.10179755504447,optimal
2021-02-10 09:30:00,43,120,1.1428571428571428,0.0,0.0,0.075,17.3565,6.0,-4,20.0504045188949,,4000.0,0.0,0.0,0.0,46.92269562805976,optimal
2021-02-10 10:00:00,43,120,1.1428571428571428,0.0,0.0,0.075,17.115,6.0,-4,20.06214597040168,,4000.0,0.0,0.0,0.0,46.74377280300202,optimal
2021-02-10 10:30:00,43,120,1.1428571428571428,0.0,0.0,0.075,17.241,6.0,-4,20.077298167951813,,4000.0,0.0,0.0,0.0,46.56502890076935,optimal
2021-02-10 11:00:00,43,120,1.1428571428571428,0.0,0.0,0.2196666666666666,17.094,6.0,-4,20.092717709747017,,4000.0,0.0,0.0,0.0,46.386463742438906,optimal
2021-02-10 11:30:00,43,120,1.1428571428571428,0.0,0.0,0.0894666666666666,16.5165,6.0,-4,20.1122668517306,,4000.0,0.0,0.0,0.0,46.2080771492668,optimal
2021-02-10 12:00:00,43,120,1.1428571428571428,0.0,0.0,0.1618,17.8185,6.0,-4,20.13038935150897,,4000.0,0.0,0.0,0.0,46.02986894268786,optimal
2021-02-10 12:30:00,43,120,1.1428571428571428,0.0,0.0,0.1473333333333333,17.094,6.0,-4,20.15226974017302,,4000.0,0.0,0.0,0.0,45.8518389443155,optimal
2021-02-10 13:00:00,43,120,1.1428571428571428,0.0,0.0,0.075,16.8945,6.0,-4,20.173930511692383,,4000.0,0.0,0.0,0.0,45.67398697594152,optimal
2021-02-10 13:30:00,43,120,1.1428571428571428,0.0,0.0,0.2341333333333333,18.123,6.0,-4,20.194214754526826,,4000.0,0.0,0.0,0.0,45.49631285953591,optimal
2021-02-10 14:00:00,43,120,0.0,0.0,0.0,0.075,31.647,6.0,-4,20.216793912032944,,0.0,0.0,0.0,0.0,45.3188164172467,optimal
2021-02-10 14:30:00,43,120,0.0,0.0,0.0,0.075,34.9965,6.0,-4,20.188701374218898,,0.0,0.0,0.0,0.0,45.14149747139978,optimal
2021-02-10 15:00:00,43,120,0.0,0.0,0.0,0.2052,34.9965,6.0,-4,20.160664531627003,,0.0,0.0,0.0,0.0,44.96435584449871,optimal
2021-02-10 15:30:00,43,120,0.0,0.0,0.0,0.1039333333333333,34.9965,6.0,-4,20.132330577711496,,0.0,0.0,0.0,0.0,44.78739135922454,optimal
2021-02-10 16:00:00,43,120,0.0,0.0,0.0,0.1328666666666666,34.9965,6.0,-4,20.102422619777425,,0.0,0.0,0.0,0.0,44.61060383843565,optimal
2021-02-10 16:30:00,43,120,0.0,0.0,0.0,0.1762666666666666,34.9965,6.0,-4,20.069621663652736,,0.0,0.0,0.0,0.0,44.433993105167545,optimal
2021-02-10 17:00:00,43,120,0.0,0.0,0.0,0.3149333333333333,27.741,6.0,-4,20.037017938609367,,0.0,0.0,0.0,0.0,44.25755898263271,optimal
2021-02-10 17:30:00,43,120,0.51661290146266,0.0,0.0,0.5964333333333333,19.026,6.0,-4,20.004575849732408,,1808.14515511931,0.0,0.0,0.0,44.0813012942204,optimal
2021-02-10 18:00:00,43,120,0.6293933307628107,0.4644444444444444,0.0,0.352,18.7215,6.0,-4,20.0,,2202.8766576698376,0.0,0.0,418.0,43.90521986349651,optimal
2021-02-10 18:30:00,43,120,0.581468456473208,0.0,0.0,0.6223333333333334,17.4195,6.0,-4,20.0,,2035.139597656228,0.0,0.0,0.0,43.72931451420335,optimal
2021-02-10 19:00:00,43,120,0.5973531059931021,0.2322222222222222,0.0,0.3733999999999999,16.758,6.0,-4,20.0,,2090.7358709758573,0.0,0.0,209.0,43.68558519968914,optimal
2021-02-10 19:30:00,43,120,0.6762060119430581,0.2322222222222222,0.0,0.2128666666666666,14.217,6.0,-4,20.0,,2366.7210418007035,0.0,0.0,209.0,43.64189961448945,optimal
2021-02-10 20:00:00,43,120,0.4204493940834535,0.6192592592592592,0.0,1.0709666666666666,13.3665,6.0,-4,20.0,,1471.5728792920877,0.0,0.0,557.3333333333333,43.59825771487496,optimal
2021-02-10 20:30:00,43,120,0.0,0.0,0.0,0.3546333333333333,12.789,6.0,-4,20.0,,0.0,0.0,0.0,0.0,43.554659457160085,optimal
2021-02-10 21:00:00,43,120,0.0,0.387037037037037,0.0,0.3922666666666666,11.907,6.0,-4,19.973002588399968,,0.0,0.0,0.0,348.3333333333333,43.51110479770293,optimal
2021-02-10 21:30:00,43,120,0.0,0.0,0.0,0.3277333333333332,11.7075,6.0,-4,19.946473667606742,,0.0,0.0,0.0,0.0,43.467593692905226,optimal
2021-02-10 22:00:00,43,120,0.0,1.1038296296296295,0.0,0.2478,10.8045,6.0,-4,19.913865798278703,,0.0,0.0,0.0,993.4466666666668,43.42412609921232,optimal
2021-02-10 22:30:00,43,120,0.0,1.6255555555555554,0.0,0.4491333333333333,11.508,6.0,-4,19.87900142562876,,0.0,0.0,0.0,1463.0,43.38070197311311,optimal
2021-02-10 23:00:00,43,120,0.0,4.469503703703704,0.0,0.3995,11.508,6.0,-4,19.84628791082313,,0.0,0.0,0.0,4022.553333333333,43.33732127114,optimal
2021-02-10 23:30:00,43,120,0.0,5.031481481481482,0.0,0.5152,11.508,6.0,-4,19.81264738445413,,0.0,0.0,0.0,4528.333333333334,43.29398394986886,optimal
2021-02-11 00:00:00,43,120,1.1428571428571428,0.0,5.0,0.0683333333333333,10.584,6.0,-7,19.81264738445413,,4000.0,0.0,0.0,0.0,45.625689965918994,optimal
2021-02-11 00:30:00,43,120,1.1428571428571428,0.0,1.7202646346619364,0.069,11.025,6.0,-7,19.81712893666286,,4000.0,0.0,0.0,0.0,46.3971899774175,optimal
2021-02-11 01:00:00,43,120,1.1428571428571428,0.0,5.0,0.1805999999999999,10.4265,6.0,-7,19.821352362124127,,4000.0,0.0,0.0,0.0,48.72579278744007,optimal
2021-02-11 01:30:00,43,120,1.1428571428571428,0.0,0.0,0.0938,12.789,6.0,-7,19.827125220169474,,4000.0,0.0,0.0,0.0,48.67706699465263,optimal
2021-02-11 02:00:00,43,120,1.1428571428571428,0.0,0.0,0.069,12.684,6.0,-7,19.831829205768532,,4000.0,0.0,0.0,0.0,48.62838992765797,optimal
2021-02-11 02:30:00,43,120,1.1428571428571428,0.0,0.0,0.069,16.254,6.0,-7,19.836221743308357,,4000.0,0.0,0.0,0.0,48.57976153773031,optimal
2021-02-11 03:00:00,43,120,1.1428571428571428,0.0,0.0,0.2054,17.64,6.0,-7,19.84040731608024,,4000.0,0.0,0.0,0.0,48.53118177619257,optimal
2021-02-11 03:30:00,43,120,1.1428571428571428,0.0,0.0,0.069,19.1625,6.0,-7,19.84604800602137,,4000.0,0.0,0.0,0.0,48.48265059441637,optimal
2021-02-11 04:00:00,43,120,0.0,0.0,0.0,0.0876,26.46,6.0,-7,19.850511482038947,,0.0,0.0,0.0,0.0,48.434167943821954,optimal
2021-02-11 04:30:00,43,120,1.1428571428571428,0.0,0.0,0.1868,20.79,6.0,-7,19.806958968316145,,4000.0,0.0,0.0,0.0,48.38573377587813,optimal
2021-02-11 05:00:00,43,120,0.0,0.0,0.0,0.069,29.106,6.0,-7,19.81343066155593,,0.0,0.0,0.0,0.0,48.33734804210225,optimal
2021-02-11 05:30:00,43,120,1.1428571428571428,0.0,0.0,0.2054,19.1835,6.0,-7,19.769725071306624,,4000.0,0.0,0.0,0.0,48.28901069406015,optimal
2021-02-11 06:00:00,43,120,1.1428571428571428,0.0,0.0,0.069,19.6665,6.0,-7,19.776992815387214,,4000.0,0.0,0.0,0.0,48.24072168336608,optimal
2021-02-11 06:30:00,43,120,1.1428571428571428,0.0,0.0,0.1495999999999999,19.404,6.0,-7,19.78308011980714,,4000.0,0.0,0.0,0.0,48.19248096168271,optimal
2021-02-11 07:00:00,43,120,1.1428571428571428,0.0,0.0,0.1248,19.047,6.0,-7,19.79063289334303,,4000.0,0.0,0.0,0.0,48.144288480721016,optimal
2021-02-11 07:30:00,43,120,1.1428571428571428,19.35403658588702,0.0,0.3044666666666666,18.858,6.0,-7,19.798364211633857,,4000.0,15676.966260631652,0.0,1741.6666666666667,48.096144192240295,optimal
2021-02-11 08:00:00,43,120,0.9937202705195354,5.882962962962964,0.0,0.1236666666666666,19.2675,6.0,-7,20.0,,3478.020946818374,0.0,0.0,5294.666666666667,48.048048048048045,optimal
2021-02-11 08:30:00,43,120,1.1428571428571428,0.1548148148148148,0.0,0.1503666666666666,18.963,6.0,-7,20.00456285373676,,4000.0,0.0,0.0,139.33333333333331,48.0,optimal
2021-02-11 09:00:00,43,120,1.1428571428571428,0.3096296296296296,0.0,0.1762,18.438,6.0,-7,20.01611827570364,,4000.0,0.0,0.0,278.66666666666663,47.80835741923269,optimal
2021-02-11 09:30:00,43,120,1.1428571428571428,0.0,0.0,0.077,18.7425,6.0,-7,20.027628957346018,,4000.0,0.0,0.0,0.0,47.61690648104615,optimal
2021-02-11 10:00:00,43,120,1.1428571428571428,0.0,0.0,0.0955999999999999,15.2145,6.0,-7,20.039598290460145,,4000.0,0.0,0.0,0.0,47.4256469937978,optimal
2021-02-11 10:30:00,43,120,1.1428571428571428,0.2322222222222222,0.0,0.2397,17.7765,6.0,-7,20.06115210442792,,4000.0,0.0,0.0,209.0,47.23457876603669,optimal
2021-02-11 11:00:00,43,120,1.1428571428571428,0.2322222222222222,0.0,0.2572,16.758,6.0,-7,20.084397817340975,,4000.0,0.0,0.0,209.0,47.04370160650335,optimal
2021-02-11 11:30:00,43,120,1.1428571428571428,0.0,0.0,0.2348333333333332,16.422,6.0,-7,20.10952580938309,,4000.0,0.0,0.0,0.0,46.85301532412954,optimal
2021-02-11 12:00:00,43,120,1.1428571428571428,0.4644444444444444,0.0,0.3399,16.758,6.0,-7,20.13430781677673,,4000.0,0.0,0.0,418.0,46.6625197280381,optimal
2021-02-11 12:30:00,43,120,0.0,0.0,0.0,0.1038,29.358,6.0,-7,20.16257163804285,,0.0,0.0,0.0,0.0,46.47221462754276,optimal
2021-02-11 13:00:00,43,120,0.0,0.0,0.0,0.1906,34.9965,6.0,-7,20.1372341452562,,0.0,0.0,0.0,0.0,46.28209983214791,optimal
2021-02-11 13:30:00,43,120,0.0,0.0,0.0,0.079,34.65,6.0,-7,20.1130650486578,,0.0,0.0,0.0,0.0,46.09217515154845,optimal
2021-02-11 14:00:00,43,120,0.0,0.0,0.0,0.141,34.9965,6.0,-7,20.08778257559443,,0.0,0.0,0.0,0.0,45.9024403956296,optimal
2021-02-11 14:30:00,43,120,0.0,0.0,0.0,0.2440666666666666,34.9965,6.0,-7,20.06376229981823,,0.0,0.0,0.0,0.0,45.71289537446666,optimal
2021-02-11 15:00:00,43,120,0.0,0.0774074074074074,0.0,1.6042,30.4815,6.0,-7,20.0422420419253,,0.0,0.0,0.0,69.66666666666666,45.52353989832489,optimal
2021-02-11 15:30:00,43,120,0.0,0.0,0.0,0.4833,21.4305,6.0,-7,20.02341276842844,,0.0,0.0,0.0,0.0,45.33437377765926,optimal
2021-02-11 16:00:00,43,120,0.4525517620266004,0.387037037037037,0.0,2.0567,14.3325,6.0,-7,20.0,,1583.9311670931015,0.0,0.0,348.3333333333333,45.1453968231143,optimal
2021-02-11 16:30:00,43,120,0.5350389100671976,0.1548148148148148,0.0,3.9859,13.692,6.0,-7,20.0,,1872.636185235192,0.0,0.0,139.33333333333331,44.956608845523874,optimal
2021-02-11 17:00:00,43,120,0.0,0.0,0.0,2.085266666666667,14.007,6.0,-7,20.018238329027028,,0.0,0.0,0.0,0.0,44.76800965591104,optimal
2021-02-11 17:30:00,43,120,0.677595312151243,0.1548148148148148,0.0,0.3865,12.873,6.0,-7,20.0,,2371.5835925293504,0.0,0.0,139.33333333333331,44.57959906548783,optimal
2021-02-11 18:00:00,43,120,0.5844834254867861,0.0,0.0,2.0081,12.684,6.0,-7,20.0,,2045.6919892037515,0.0,0.0,0.0,44.39137688565504,optimal
2021-02-11 18:30:00,43,120,0.7682023533356543,1.470740740740741,0.0,0.6701,12.306,6.0,-7,20.0,,2688.7082366747904,0.0,0.0,1323.6666666666667,44.20334292800207,optimal
2021-02-11 19:00:00,43,120,1.1428571428571428,0.0,0.0,1.802533333333333,10.6365,6.0,-7,20.0,,4000.0,0.0,0.0,0.0,44.015497004306766,optimal
2021-02-11 19:30:00,43,120,0.6123063471150153,0.0,0.0,0.4418,11.2455,6.0,-7,20.014362521962067,,2143.0722149025537,0.0,0.0,0.0,43.82783892653515,optimal
2021-02-11 20:00:00,43,120,0.9559398792642572,0.1548148148148148,0.0,0.6579333333333333,11.2455,6.0,-7,20.0,,3345.7895774249,0.0,0.0,139.33333333333331,43.64036850684131,optimal
2021-02-11 20:30:00,43,120,0.0,0.0,0.0,0.3537333333333333,11.025,6.0,-7,20.0,,0.0,0.0,0.0,0.0,43.45308555756717,optimal
2021-02-11 21:00:00,43,120,0.0,0.0,0.0,0.8369333333333333,12.0855,6.0,-7,19.95596729996921,,0.0,0.0,0.0,0.0,43.4096324720096,optimal
2021-02-11 21:30:00,43,120,0.0,0.0,0.0,0.5251666666666667,11.6865,6.0,-7,19.918892829285227,,0.0,0.0,0.0,0.0,43.36622283953759,optimal
2021-02-11 22:00:00,43,120,0.0,0.0774074074074074,0.0,0.4506,11.2245,6.0,-7,19.881138901773845,,0.0,0.0,0.0,69.66666666666666,43.32285661669805,optimal
2021-02-11 22:30:00,43,120,0.0,0.0,0.0,0.5654,11.025,6.0,-7,19.842572858725408,,0.0,0.0,0.0,0.0,43.27953376008135,optimal
2021-02-11 23:00:00,43,120,0.0,0.0774074074074074,0.0,0.3899333333333333,10.7835,6.0,-7,19.80409735307589,,0.0,0.0,0.0,69.66666666666666,43.23625422632127,optimal
2021-02-11 23:30:00,43,120,0.0,0.0,0.0,0.27,11.025,6.0,-7,19.76244002793776,,0.0,0.0,0.0,0.0,43.19301797209495,optimal
2021-02-12 00:00:00,43,120,0.0,0.0,0.0,0.1630333333333333,29.1585,6.0,12,19.76244002793776,,0.0,0.0,0.0,0.0,43.149824954122856,optimal
2021-02-12 00:30:00,43,120,0.0,0.0,0.0,0.1856999999999999,26.712,6.0,12,19.71368840216005,,0.0,0.0,0.0,0.0,43.106675129168735,optimal
2021-02-12 01:00:00,43,120,1.1428571428571428,0.0,0.0,0.1325,15.435,6.0,12,19.66530956265824,,4000.0,0.0,0.0,0.0,43.06356845403957,optimal
2021-02-12 01:30:00,43,120,1.1428571428571428,0.0,0.0,0.1559,13.566,6.0,12,19.665107909505085,,4000.0,0.0,0.0,0.0,43.02050488558553,optimal
2021-02-12 02:00:00,43,120,1.1428571428571428,0.0,0.0,0.1487333333333333,12.789,6.0,12,19.66538997925969,,4000.0,0.0,0.0,0.0,42.97748438069995,optimal
2021-02-12 02:30:00,43,120,1.1428571428571428,0.0,0.0,0.1517333333333333,12.1275,6.0,12,19.665782439286264,,4000.0,0.0,0.0,0.0,42.93450689631925,optimal
2021-02-12 03:00:00,43,120,1.1428571428571428,0.0,0.0,0.1676,13.671,6.0,12,19.666805437124264,,4000.0,0.0,0.0,0.0,42.89157238942293,optimal
2021-02-12 03:30:00,43,120,1.1428571428571428,0.0,0.0,0.059,10.668,6.0,12,19.66861446884239,,4000.0,0.0,0.0,0.0,42.84868081703351,optimal
2021-02-12 04:00:00,43,120,1.1428571428571428,0.0,0.0,0.059,11.7285,6.0,12,19.67048470556964,,4000.0,0.0,0.0,0.0,42.80583213621648,optimal
2021-02-12 04:30:00,43,120,1.1428571428571428,0.0,0.0,0.157,11.025,6.0,12,19.673739028437964,,4000.0,0.0,0.0,0.0,42.76302630408026,optimal
2021-02-12 05:00:00,43,120,1.1428571428571428,0.0,0.0,0.1917333333333332,10.689,6.0,12,19.679568563046068,,4000.0,0.0,0.0,0.0,42.72026327777618,optimal
2021-02-12 05:30:00,43,120,1.1428571428571428,0.0,5.0,0.0636666666666666,8.1585,6.0,12,19.68719746762648,,4000.0,0.0,0.0,0.0,45.0525430144984,optimal
2021-02-12 06:00:00,43,120,1.1428571428571428,0.1548148148148148,1.5887552325293386,0.1568666666666666,10.3635,6.0,12,19.694780294688417,,4000.0,0.0,0.0,139.33333333333331,45.76214920693534,optimal
2021-02-12 06:30:00,43,120,1.1428571428571428,0.6192592592592592,0.0,0.3039333333333333,10.8045,6.0,12,19.705569009069524,,4000.0,0.0,0.0,557.3333333333333,45.7163870577284,optimal
2021-02-12 07:00:00,43,120,1.1428571428571428,4.102592592592593,0.0,2.3314,11.025,6.0,12,19.719764535700563,,4000.0,0.0,0.0,3692.3333333333335,45.670670670670674,optimal
2021-02-12 07:30:00,43,120,1.1428571428571428,21.722656143596364,5.0,0.1840666666666666,10.3635,6.0,12,19.75049496040089,,4000.0,19480.72386257006,0.0,69.66666666666666,48.0,optimal
2021-02-12 08:00:00,43,120,1.1428571428571428,0.3096296296296296,0.0,0.2116666666666666,10.8045,6.0,12,20.0,,4000.0,0.0,0.0,278.66666666666663,47.73856795617391,optimal
2021-02-12 08:30:00,43,120,1.1428571428571428,0.0774074074074074,0.0,0.1103,10.059,6.0,12,20.011416927133546,,4000.0,0.0,0.0,69.66666666666666,47.47739734439165,optimal
2021-02-12 09:00:00,43,120,1.1428571428571428,0.0,0.0,0.2298,10.584,6.0,12,20.020891914015408,,4000.0,0.0,0.0,0.0,47.21648790322117,optimal
2021-02-12 09:30:00,43,120,1.1428571428571428,4.644444444444443,0.0,0.2040333333333333,9.4185,6.0,12,20.03345519487685,,4000.0,0.0,0.0,4179.999999999999,46.955839371491855,optimal
2021-02-12 10:00:00,43,120,1.1428571428571428,0.0,0.0,0.166,10.3635,6.0,12,20.048660642596,,4000.0,0.0,0.0,0.0,46.69545148829428,optimal
2021-02-12 10:30:00,43,120,1.1428571428571428,0.1548148148148148,0.0,0.0800666666666666,9.8385,6.0,12,20.069332864508823,,4000.0,0.0,0.0,139.33333333333331,46.43532399297989,optimal
2021-02-12 11:00:00,43,120,1.1428571428571428,0.0,0.0,0.2229666666666666,11.067,6.0,12,20.08881282560734,,4000.0,0.0,0.0,0.0,46.17545662516082,optimal
2021-02-12 11:30:00,43,120,1.1428571428571428,0.0774074074074074,0.0,1.6890333333333334,10.8465,6.0,12,20.113209699723864,,4000.0,0.0,0.0,69.66666666666666,45.91584912470957,optimal
2021-02-12 12:00:00,43,120,0.0,0.0,0.0,0.068,13.671,6.0,12,20.143962752071243,,0.0,0.0,0.0,0.0,45.65650123175877,optimal
2021-02-12 12:30:00,43,120,1.1428571428571428,0.0774074074074074,0.0,0.2136666666666666,12.348,6.0,12,20.119332350575878,,4000.0,0.0,0.0,69.66666666666666,45.39741268670092,optimal
2021-02-12 13:00:00,43,120,0.0,0.0774074074074074,0.0,0.3250333333333333,14.3325,6.0,12,20.14621838308245,,0.0,0.0,0.0,69.66666666666666,45.138583230188125,optimal
2021-02-12 13:30:00,43,120,0.0,0.2322222222222222,0.0,0.3405,15.393,6.0,12,20.12596918190098,,0.0,0.0,0.0,209.0,44.880012603131846,optimal
2021-02-12 14:00:00,43,120,0.0,0.1548148148148148,0.0,1.7225333333333332,13.587,6.0,12,20.10540918437913,,0.0,0.0,0.0,139.33333333333331,44.62170054670263,optimal
2021-02-12 14:30:00,43,120,0.0,0.0,0.0,0.7211000000000001,16.1385,6.0,12,20.0894173071608,,0.0,0.0,0.0,0.0,44.36364680232984,optimal
2021-02-12 15:00:00,43,120,0.0,0.0,0.0,0.4428999999999999,14.595,6.0,12,20.073557914476662,,0.0,0.0,0.0,0.0,44.10585111170142,optimal
2021-02-12 15:30:00,43,120,0.0,2.2448148148148146,0.0,0.5426333333333333,14.637,6.0,12,20.05564813366436,,0.0,0.0,0.0,2020.3333333333333,43.84831321676363,optimal
2021-02-12 16:00:00,43,120,0.0,0.387037037037037,0.0,1.789766666666667,13.9125,6.0,12,20.03650627387435,,0.0,0.0,0.0,348.3333333333333,43.59103285972078,optimal
2021-02-12 16:30:00,43,120,0.3355319920930787,0.2322222222222222,0.0,0.2423,13.3665,6.0,12,20.018522833979716,,1174.3619723257757,0.0,0.0,209.0,43.334009783034965,optimal
2021-02-12 17:00:00,43,120,1.1428571428571428,0.5418518518518518,0.0,0.6156333333333334,13.0095,6.0,12,20.004802886160725,,4000.0,0.0,0.0,487.6666666666667,43.07724372942584,optimal
2021-02-12 17:30:00,43,120,0.0,0.0,0.0,0.4061,13.8915,6.0,12,20.02868765719026,,0.0,0.0,0.0,0.0,42.82073444187032,optimal
2021-02-12 18:00:00,43,120,0.6835890864702857,0.0774074074074074,0.0,0.3253333333333333,13.188,6.0,12,20.0,,2392.561802646,0.0,0.0,69.66666666666666,42.564481663602365,optimal
2021-02-12 18:30:00,43,120,0.7040949057555117,0.3096296296296296,0.0,0.3665333333333334,12.5685,6.0,12,20.0,,2464.332170144291,0.0,0.0,278.66666666666663,42.30848513811267,optimal
2021-02-12 19:00:00,43,120,0.6766673917073953,0.6192592592592592,0.0,0.3463333333333333,12.285,6.0,12,20.0,,2368.335870975884,0.0,0.0,557.3333333333333,42.05274460914847,optimal
2021-02-12 19:30:00,43,120,1.1428571428571428,0.0774074074074074,0.0,0.3444666666666666,11.487,6.0,12,20.0,,4000.0,0.0,0.0,69.66666666666666,41.79725982071323,optimal
2021-02-12 20:00:00,43,120,0.2649685989832064,0.0774074074074074,0.0,0.236,11.802,6.0,12,20.020049173324967,,927.3900964412225,0.0,0.0,69.66666666666666,41.54203051706643,optimal
2021-02-12 20:30:00,43,120,0.0,0.0,0.0,1.623233333333333,11.2245,6.0,12,20.0,,0.0,0.0,0.0,0.0,41.28705644272328,optimal
2021-02-12 21:00:00,43,120,0.0,0.1548148148148148,0.0,0.6055666666666667,11.025,6.0,12,19.97345310936056,,0.0,0.0,0.0,139.33333333333331,41.03233734245446,optimal
2021-02-12 21:30:00,43,120,0.0,0.0,0.0,0.4356666666666667,11.907,6.0,12,19.94484572752084,,0.0,0.0,0.0,0.0,40.77787296128592,optimal
2021-02-12 22:00:00,43,120,0.0,0.0774074074074074,0.0,0.4851666666666667,25.83,6.0,12,19.916510490527006,,0.0,0.0,0.0,69.66666666666666,40.73709508832463,optimal
2021-02-12 22:30:00,43,120,0.0,0.387037037037037,0.0,0.4329666666666666,28.035,6.0,12,19.8888361253088,,0.0,0.0,0.0,348.3333333333333,40.69635799323631,optimal
2021-02-12 23:00:00,43,120,0.0,0.1548148148148148,0.0,0.3332,28.119,6.0,12,19.860341121859197,,0.0,0.0,0.0,139.33333333333331,40.65566163524307,optimal
2021-02-12 23:30:00,43,120,0.0,0.0,0.0,0.1273333333333333,30.156,6.0,12,19.82944868154063,,0.0,0.0,0.0,0.0,40.61500597360783,optimal
2021-02-13 00:00:00,43,120,0.2976456900574362,0.0,0.0,0.053,12.789,6.0,6,19.82944868154063,,1041.7599152010266,0.0,0.0,0.0,40.57439096763422,optimal
2021-02-13 00:30:00,43,120,1.1428571428571428,0.0,0.0,0.053,11.907,6.0,6,19.80500460773349,,4000.0,0.0,0.0,0.0,40.53381657666659,optimal
2021-02-13 01:00:00,43,120,1.1428571428571428,0.0,0.0,0.053,11.025,6.0,6,19.816746420050617,,4000.0,0.0,0.0,0.0,40.49328276008992,optimal
2021-02-13 01:30:00,43,120,1.1428571428571428,0.0,0.0,0.1762,8.2005,6.0,6,19.828564081629786,,4000.0,0.0,0.0,0.0,40.45278947732983,optimal
2021-02-13 02:00:00,43,120,1.1428571428571428,0.0,0.0,0.053,9.5655,6.0,6,19.841958306780946,,4000.0,0.0,0.0,0.0,40.4123366878525,optimal
2021-02-13 02:30:00,43,120,1.1428571428571428,0.0,5.0,0.0978,7.056,6.0,6,19.85392424049595,,4000.0,0.0,0.0,0.0,42.74692435116465,optimal
2021-02-13 03:00:00,43,120,1.1428571428571428,0.0,0.0,0.1314,9.3975,6.0,6,19.866412219971856,,4000.0,0.0,0.0,0.0,42.70417742681349,optimal
2021-02-13 03:30:00,43,120,1.1428571428571428,0.0,0.0,0.053,10.059,6.0,6,19.879284767975957,,4000.0,0.0,0.0,0.0,42.661473249386674,optimal
2021-02-13 04:00:00,43,120,1.1428571428571428,0.0,0.0,0.1762,9.261,6.0,6,19.89107757149218,,4000.0,0.0,0.0,0.0,42.618811776137285,optimal
2021-02-13 04:30:00,43,120,1.1428571428571428,0.0,1.9768293132965875,0.053,8.1585,6.0,6,19.90424873157693,,4000.0,0.0,0.0,0.0,43.51518688817703,optimal
2021-02-13 05:00:00,43,120,1.1428571428571428,0.0,0.0,0.0922,9.4815,6.0,6,19.91569465803685,,4000.0,0.0,0.0,0.0,43.47167170128885,optimal
2021-02-13 05:30:00,43,120,1.1428571428571428,0.0,0.0,0.137,8.379,6.0,6,19.927397183796515,,4000.0,0.0,0.0,0.0,43.42820002958756,optimal
2021-02-13 06:00:00,43,120,1.1428571428571428,0.0,0.0,0.053,9.5235,6.0,6,19.93942402125377,,4000.0,0.0,0.0,0.0,43.38477182955796,optimal
2021-02-13 06:30:00,43,120,1.1428571428571428,0.0,5.0,0.1258,8.1375,6.0,6,19.95020544163233,,4000.0,0.0,0.0,0.0,45.7163870577284,optimal
2021-02-13 07:00:00,43,120,1.1428571428571428,0.6610592592592593,0.0,1.4150666666666667,10.0905,6.0,6,19.961753233611297,,4000.0,0.0,0.0,594.9533333333334,45.670670670670674,optimal
2021-02-13 07:30:00,43,120,1.1428571428571428,0.8096814814814816,5.0,2.2606666666666664,7.539,6.0,6,19.979123174563465,,4000.0,0.0,0.0,728.7133333333335,48.0,optimal
2021-02-13 08:00:00,43,120,1.1428571428571428,2.39962962962963,0.0,0.1618,7.938,6.0,6,20.0,,4000.0,0.0,0.0,2159.6666666666665,47.77798264581633,optimal
2021-02-13 08:30:00,43,120,1.1428571428571428,2.786666666666666,0.0,0.3461333333333333,8.274,6.0,6,20.01254604812233,,4000.0,0.0,0.0,2508.0,47.55618730898684,optimal
2021-02-13 09:00:00,43,120,1.1428571428571428,0.1548148148148148,0.0,1.0394333333333334,9.261,6.0,6,20.030857535737383,,4000.0,0.0,0.0,139.33333333333331,47.33461376749419,optimal
2021-02-13 09:30:00,43,120,1.1428571428571428,0.2322222222222222,0.0,0.3899333333333333,9.9225,6.0,6,20.053957780094137,,4000.0,0.0,0.0,209.0,47.11326179954303,optimal
2021-02-13 10:00:00,43,120,1.1428571428571428,0.0774074074074074,0.0,0.4554666666666666,9.702,6.0,6,20.076473627147305,,4000.0,0.0,0.0,69.66666666666666,46.89213118355981,optimal
2021-02-13 10:30:00,43,120,1.1428571428571428,2.2448148148148146,0.0,0.5146000000000001,10.584,6.0,6,20.10261883508573,,4000.0,0.0,0.0,2020.3333333333333,46.67122169819258,optimal
2021-02-13 11:00:00,43,120,1.1428571428571428,0.0,0.0,0.8646,10.143,6.0,6,20.128086081148712,,4000.0,0.0,0.0,0.0,46.45053312231072,optimal
2021-02-13 11:30:00,43,120,0.0,0.0,0.0,2.542,13.0095,6.0,6,20.15567206042988,,0.0,0.0,0.0,0.0,46.23006523500474,optimal
2021-02-13 12:00:00,43,120,1.1428571428571428,0.2322222222222222,0.0,2.1258666666666666,11.025,6.0,6,20.136543557407663,,4000.0,0.0,0.0,209.0,46.00981781558607,optimal
2021-02-13 12:30:00,43,120,0.0,0.0774074074074074,0.0,2.5400666666666667,12.789,6.0,6,20.166039347209928,,0.0,0.0,0.0,69.66666666666666,45.78979064358681,optimal
2021-02-13 13:00:00,43,120,1.0633004041133556,0.2322222222222222,0.0,2.5684,12.1275,6.0,6,20.147861168040038,,3721.551414396744,0.0,0.0,209.0,45.56998349875956,optimal
2021-02-13 13:30:00,43,120,0.0,0.0,0.0,0.6240666666666668,12.1695,6.0,6,20.17508651246579,,0.0,0.0,0.0,0.0,45.35039616107713,optimal
2021-02-13 14:00:00,43,120,0.0,0.0774074074074074,0.0,0.3804666666666665,12.306,6.0,6,20.15398026163488,,0.0,0.0,0.0,69.66666666666666,45.131028410732384,optimal
2021-02-13 14:30:00,43,120,0.0,0.6192592592592592,0.0,0.1968,13.23,6.0,6,20.12891590046149,,0.0,0.0,0.0,557.3333333333333,44.91188002813799,optimal
2021-02-13 15:00:00,43,120,0.0,0.0,0.0,0.1003,13.671,6.0,6,20.10221934560741,,0.0,0.0,0.0,0.0,44.69295079392618,optimal
2021-02-13 15:30:00,43,120,0.0,0.0,0.0,0.1504333333333333,13.9335,6.0,6,20.076433385281337,,0.0,0.0,0.0,0.0,44.47424048894859,optimal
2021-02-13 16:00:00,43,120,0.0,0.0,0.0,0.2598333333333333,13.293,6.0,6,20.052451090185567,,0.0,0.0,0.0,0.0,44.255748894275975,optimal
2021-02-13 16:30:00,43,120,1.1428571428571428,0.5418518518518518,0.0,0.4058,12.1065,6.0,6,20.028210168357397,,4000.0,0.0,0.0,487.6666666666667,44.037475791198034,optimal
2021-02-13 17:00:00,43,120,1.1428571428571428,0.1548148148148148,0.0,0.2352,11.571,6.0,6,20.05376146778957,,4000.0,0.0,0.0,139.33333333333331,43.819420961223166,optimal
2021-02-13 17:30:00,43,120,1.1428571428571428,0.1548148148148148,0.0,0.458,11.025,6.0,6,20.07446667358807,,4000.0,0.0,0.0,139.33333333333331,43.60158418607828,optimal
2021-02-13 18:00:00,43,120,1.1428571428571428,0.0774074074074074,0.0,0.1850666666666666,10.8465,6.0,6,20.097541219491923,,4000.0,0.0,0.0,69.66666666666666,43.38396524770853,optimal
2021-02-13 18:30:00,43,120,1.1428571428571428,0.0,0.0,0.0742,11.2455,6.0,6,20.109340195822995,,4000.0,0.0,0.0,0.0,43.16656392827716,optimal
2021-02-13 19:00:00,43,120,0.0,0.0,0.0,0.175,23.8665,6.0,6,20.118338160600665,,0.0,0.0,0.0,0.0,42.949380010165214,optimal
2021-02-13 19:30:00,43,120,0.0,0.0,0.0,0.063,27.4575,6.0,6,20.07971776548401,,0.0,0.0,0.0,0.0,42.73241327597138,optimal
2021-02-13 20:00:00,43,120,0.0,0.0,0.0,0.1134,27.3735,6.0,6,20.03961125900056,,0.0,0.0,0.0,0.0,42.51566350851174,optimal
2021-02-13 20:30:00,43,120,0.0,0.0,0.0,0.1358,30.4605,6.0,6,20.0,,0.0,0.0,0.0,0.0,42.29913049081957,optimal
2021-02-13 21:00:00,43,120,0.0,0.0,0.0,0.063,30.0195,6.0,6,19.960740157298765,,0.0,0.0,0.0,0.0,42.08281400614508,optimal
2021-02-13 21:30:00,43,120,0.0,0.0,0.0,0.5876666666666667,26.9325,6.0,6,19.920671275116504,,0.0,0.0,0.0,0.0,42.040731192138935,optimal
2021-02-13 22:00:00,43,120,0.0,0.0,0.0,0.5163666666666666,14.595,6.0,6,19.88880172476772,,0.0,0.0,0.0,0.0,41.9986904609468,optimal
2021-02-13 22:30:00,43,120,0.0,0.0,0.0,0.3965666666666667,12.4845,6.0,6,19.85804583678556,,0.0,0.0,0.0,0.0,41.95669177048585,optimal
2021-02-13 23:00:00,43,120,0.0,0.0,0.0,0.4320666666666666,12.1275,6.0,6,19.829608763648007,,0.0,0.0,0.0,0.0,41.91473507871536,optimal
2021-02-13 23:30:00,43,120,0.0,0.0,0.0,0.2692666666666666,12.1275,6.0,6,19.801824642620485,,0.0,0.0,0.0,0.0,41.87282034363665,optimal
2021-02-07 00:00:00,44,120,0.0,0.0,0.0,0.0625333333333333,10.3635,6.0,-1,21.0,,0.0,0.0,0.0,0.0,47.952,optimal
2021-02-07 00:30:00,44,120,0.0,0.0,0.0,0.057,8.274,6.0,-1,20.967501220962244,,0.0,0.0,0.0,0.0,47.904048,optimal
2021-02-07 01:00:00,44,120,0.0,0.0,0.0,0.2036666666666666,7.7175,6.0,-1,20.934496648964107,,0.0,0.0,0.0,0.0,47.856143952,optimal
2021-02-07 01:30:00,44,120,0.0,0.0,0.0,0.057,6.615,6.0,-1,20.903145997992198,,0.0,0.0,0.0,0.0,47.80828780804799,optimal
2021-02-07 02:00:00,44,120,0.0,0.0,0.0,0.097,6.174,6.0,-1,20.86997162983985,,0.0,0.0,0.0,0.0,47.76047952023995,optimal
2021-02-07 02:30:00,44,120,1.1428571428571428,0.0,0.0,0.1636666666666666,3.906,6.0,-1,20.837251197543864,,4000.0,0.0,0.0,0.0,47.712719040719705,optimal
2021-02-07 03:00:00,44,120,1.1428571428571428,0.0,0.0,0.057,2.3415,6.0,-1,20.85393890840892,,4000.0,0.0,0.0,0.0,47.66500632167899,optimal
2021-02-07 03:30:00,44,120,1.1428571428571428,0.0,0.0,0.057,2.205,6.0,-1,20.869095828607552,,4000.0,0.0,0.0,0.0,47.61734131535731,optimal
2021-02-07 04:00:00,44,120,1.1428571428571428,0.0,1.41262675647186,0.057,0.882,6.0,-1,20.88412357111604,,4000.0,0.0,0.0,0.0,48.24072168336608,optimal
2021-02-07 04:30:00,44,120,1.1428571428571428,0.0,0.0,0.057,1.5435,6.0,-1,20.89902239203727,,4000.0,0.0,0.0,0.0,48.19248096168271,optimal
2021-02-07 05:00:00,44,120,1.1428571428571428,0.0,0.0,0.057,1.5435,6.0,-1,20.91389167510947,,4000.0,0.0,0.0,0.0,48.144288480721016,optimal
2021-02-07 05:30:00,44,120,0.0,0.0,0.0,0.057,5.0715,6.0,-1,20.928731478893276,,0.0,0.0,0.0,0.0,48.096144192240295,optimal
2021-02-07 06:00:00,44,120,0.0,0.2322222222222222,0.0,0.0856666666666666,5.376,6.0,-1,20.89481248891523,,0.0,0.0,0.0,209.0,48.048048048048045,optimal
2021-02-07 06:30:00,44,120,0.1839669173797303,5.249770370370369,0.0,0.2467666666666667,5.0715,6.0,-1,20.86256069321115,,643.8842108290563,0.0,0.0,4724.793333333332,48.0,optimal
2021-02-07 07:00:00,44,120,0.0,3.1102296296296306,0.0,0.0955666666666666,5.5125,6.0,-1,20.84251433670428,,0.0,0.0,0.0,2799.2066666666674,47.47733102062338,optimal
2021-02-07 07:30:00,44,120,0.0,0.1548148148148148,0.0,0.4958666666666667,9.261,6.0,-1,20.812428605913645,,0.0,0.0,0.0,139.33333333333331,46.95518471022614,optimal
2021-02-07 08:00:00,44,120,0.0,0.2322222222222222,0.0,0.4985666666666666,11.7075,6.0,-1,20.784190348629117,,0.0,0.0,0.0,209.0,46.4335605461393,optimal
2021-02-07 08:30:00,44,120,0.0,0.0,0.0,0.067,12.348,6.0,-1,20.75093724288012,,0.0,0.0,0.0,0.0,45.91245800621654,optimal
2021-02-07 09:00:00,44,120,0.0,0.0,0.0,0.1403333333333333,12.348,6.0,-1,20.71340863736991,,0.0,0.0,0.0,0.0,45.39187656883371,optimal
2021-02-07 09:30:00,44,120,0.0,0.0,0.0,0.1403333333333333,12.1275,6.0,-1,20.677750410934056,,0.0,0.0,0.0,0.0,44.87181571288826,optimal
2021-02-07 10:00:00,44,120,0.0,0.1548148148148148,0.0,1.106,12.5265,6.0,-1,20.642262007316702,,0.0,0.0,0.0,139.33333333333331,44.35227491779875,optimal
2021-02-07 10:30:00,44,120,0.0,0.0,0.0,0.6914666666666667,11.7495,6.0,-1,20.61253229894574,,0.0,0.0,0.0,0.0,43.83325366350434,optimal
2021-02-07 11:00:00,44,120,0.0,0.0,0.0,0.1914666666666666,13.23,6.0,-1,20.58321472937453,,0.0,0.0,0.0,0.0,43.31475143046421,optimal
2021-02-07 11:30:00,44,120,0.0,0.0,0.0,0.174,14.3325,6.0,-1,20.55462455695162,,0.0,0.0,0.0,0.0,42.79676769965713,optimal
2021-02-07 12:00:00,44,120,0.0,0.3096296296296296,0.0,0.4664666666666666,14.994,6.0,-1,20.525458396651032,,0.0,0.0,0.0,278.66666666666663,42.27930195258086,optimal
2021-02-07 12:30:00,44,120,0.0,0.1548148148148148,0.0,0.4191333333333333,14.8155,6.0,-1,20.50207622833823,,0.0,0.0,0.0,139.33333333333331,41.76235367125166,optimal
2021-02-07 13:00:00,44,120,0.0,0.0,0.0,0.1653333333333333,14.112,6.0,-1,20.47870955470776,,0.0,0.0,0.0,0.0,41.24592233820379,optimal
2021-02-07 13:30:00,44,120,0.0,0.0,0.0,0.1603333333333333,14.007,6.0,-1,20.44858966348956,,0.0,0.0,0.0,0.0,40.73000743648897,optimal
2021-02-07 14:00:00,44,120,0.0,0.0,0.0,0.067,13.23,6.0,-1,20.41657385976744,,0.0,0.0,0.0,0.0,40.214608449675865,optimal
2021-02-07 14:30:00,44,120,0.0,0.0,0.0,0.067,11.382,6.0,-1,20.38400372022697,,0.0,0.0,0.0,0.0,39.699724861849575,optimal
2021-02-07 15:00:00,44,120,0.0,0.0,0.0,0.2136666666666666,11.7495,6.0,-1,20.35159728117862,,0.0,0.0,0.0,0.0,39.18535615761111,optimal
2021-02-07 15:30:00,44,120,0.0,0.0,0.0,0.067,24.3285,6.0,-1,20.322142694310585,,0.0,0.0,0.0,0.0,38.67150182207688,optimal
2021-02-07 16:00:00,44,120,0.0,0.0,0.0,0.087,28.917,6.0,-1,20.290662374909708,,0.0,0.0,0.0,0.0,38.15816134087819,optimal
2021-02-07 16:30:00,44,120,0.0,0.0,0.0,0.1936666666666666,31.3635,6.0,-1,20.25689643895195,,0.0,0.0,0.0,0.0,37.64533420016069,optimal
2021-02-07 17:00:00,44,120,0.0,0.0,0.0,0.067,33.306,6.0,-1,20.224596024172357,,0.0,0.0,0.0,0.0,37.13301988658391,optimal
2021-02-07 17:30:00,44,120,0.0,0.0,0.0,0.2003333333333332,31.3425,6.0,-1,20.18836287599646,,0.0,0.0,0.0,0.0,36.62121788732071,optimal
2021-02-07 18:00:00,44,120,0.0,0.0,0.0,0.1240333333333333,28.2555,6.0,-1,20.15402413103123,,0.0,0.0,0.0,0.0,36.10992769005677,optimal
2021-02-07 18:30:00,44,120,0.0,0.0,0.0,0.2023333333333332,15.6975,6.0,-1,20.11938979544036,,0.0,0.0,0.0,0.0,36.07381776236672,optimal
2021-02-07 19:00:00,44,120,0.0,0.1548148148148148,0.0,0.5575333333333333,12.5475,6.0,-1,20.0905640837334,,0.0,0.0,0.0,139.33333333333331,36.03774394460435,optimal
2021-02-07 19:30:00,44,120,0.0,0.0774074074074074,0.0,0.159,12.0855,6.0,-1,20.06603096055952,,0.0,0.0,0.0,69.66666666666666,36.00170620065975,optimal
2021-02-07 20:00:00,44,120,0.0,0.0,0.0,0.2003333333333332,11.907,6.0,-1,20.034185904065243,,0.0,0.0,0.0,0.0,35.96570449445909,optimal
2021-02-07 20:30:00,44,120,0.0,0.0,0.0,0.0803333333333333,12.5685,6.0,-1,20.0,,0.0,0.0,0.0,0.0,35.92973878996463,optimal
2021-02-07 21:00:00,44,120,0.0,0.0,0.0,0.1136666666666666,13.146,6.0,-1,19.964221734164862,,0.0,0.0,0.0,0.0,35.893809051174664,optimal
2021-02-07 21:30:00,44,120,0.0,0.0,0.0,0.167,10.584,6.0,-1,19.928722222812336,,0.0,0.0,0.0,0.0,35.85791524212349,optimal
2021-02-07 22:00:00,44,120,0.0,0.0,0.0,0.067,6.678,6.0,-1,19.89394281644485,,0.0,0.0,0.0,0.0,35.822057326881364,optimal
2021-02-07 22:30:00,44,120,0.0,0.0,0.0,0.1403333333333333,7.938,6.0,-1,19.858014128113812,,0.0,0.0,0.0,0.0,35.78623526955448,optimal
2021-02-07 23:00:00,44,120,0.0,0.0,0.0,0.1403333333333333,5.292,6.0,-1,19.82305004250276,,0.0,0.0,0.0,0.0,35.75044903428493,optimal
2021-02-07 23:30:00,44,120,0.0,0.0,0.0,0.067,9.261,6.0,-1,19.78815527538931,,0.0,0.0,0.0,0.0,35.714698585250645,optimal
2021-02-08 00:00:00,44,120,0.0,0.0,0.0,0.1274,33.684,6.0,13,19.78815527538931,,0.0,0.0,0.0,0.0,35.67898388666539,optimal
2021-02-08 00:30:00,44,120,0.0,0.0,0.0,0.1556666666666666,32.445,6.0,13,19.757651624044616,,0.0,0.0,0.0,0.0,35.64330490277872,optimal
2021-02-08 01:00:00,44,120,0.0,0.0,0.0,0.2028,28.917,6.0,13,19.72713251150008,,0.0,0.0,0.0,0.0,35.607661597875946,optimal
2021-02-08 01:30:00,44,120,1.1428571428571428,0.0,0.0,0.1856,15.876,6.0,13,19.695603483122877,,4000.0,0.0,0.0,0.0,35.57205393627807,optimal
2021-02-08 02:00:00,44,120,1.1428571428571428,0.0,0.0,0.1534,12.348,6.0,13,19.712557671497763,,4000.0,0.0,0.0,0.0,35.53648188234179,optimal
2021-02-08 02:30:00,44,120,1.1428571428571428,0.0,0.0,0.1426,12.1275,6.0,13,19.72898684753337,,4000.0,0.0,0.0,0.0,35.50094540045945,optimal
2021-02-08 03:00:00,44,120,1.1428571428571428,0.0,0.0,0.133,12.348,6.0,13,19.745351010530925,,4000.0,0.0,0.0,0.0,35.46544445505899,optimal
2021-02-08 03:30:00,44,120,1.1428571428571428,0.0,0.0,0.1771,12.1275,6.0,13,19.761664908194724,,4000.0,0.0,0.0,0.0,35.42997901060394,optimal
2021-02-08 04:00:00,44,120,1.1428571428571428,0.0,1.9693986531010252,0.1693666666666666,12.1275,6.0,13,19.77838457572425,,4000.0,0.0,0.0,0.0,36.33001339181632,optimal
2021-02-08 04:30:00,44,120,1.1428571428571428,0.0,5.0,0.2062666666666666,11.2665,6.0,13,19.794833088605984,,4000.0,0.0,0.0,0.0,38.6686833784245,optimal
2021-02-08 05:00:00,44,120,1.1428571428571428,0.0,5.0,0.061,10.143,6.0,13,19.81150026345599,,4000.0,0.0,0.0,0.0,41.00501469504607,optimal
2021-02-08 05:30:00,44,120,1.1428571428571428,0.0,5.0,0.073,11.2455,6.0,13,19.826211118496705,,4000.0,0.0,0.0,0.0,43.33900968035103,optimal
2021-02-08 06:00:00,44,120,1.1428571428571428,0.0,5.0,0.3354333333333333,11.025,6.0,13,19.84093986831824,,4000.0,0.0,0.0,0.0,45.670670670670674,optimal
2021-02-08 06:30:00,44,120,1.1428571428571428,2.0899999999999994,5.0,0.2769333333333333,5.9745,6.0,13,19.85900941459797,,4000.0,0.0,0.0,1881.0,48.0,optimal
2021-02-08 07:00:00,44,120,1.1428571428571428,1.0837037037037036,0.0,0.8485333333333333,7.938,6.0,13,19.87811960484491,,4000.0,0.0,0.0,975.3333333333334,47.761691554310936,optimal
2021-02-08 07:30:00,44,120,1.1428571428571428,8.022293742187939,0.0,0.7547333333333334,8.6835,6.0,13,19.89856440685744,,4000.0,6662.731034635812,0.0,557.3333333333333,47.52362141706756,optimal
2021-02-08 08:00:00,44,120,1.1428571428571428,1.0837037037037036,0.0,0.1864333333333333,7.665,6.0,13,20.0,,4000.0,0.0,0.0,975.3333333333334,47.28578934996143,optimal
2021-02-08 08:30:00,44,120,1.1428571428571428,0.2322222222222222,0.0,0.3042666666666666,6.7725,6.0,13,20.01837663518354,,4000.0,0.0,0.0,209.0,47.0481951149224,optimal
2021-02-08 09:00:00,44,120,1.1428571428571428,0.0,0.0,0.1294,5.5755,6.0,13,20.033209044669167,,4000.0,0.0,0.0,0.0,46.81083847411841,optimal
2021-02-08 09:30:00,44,120,1.1428571428571428,0.0,0.0,0.2186,5.0925,6.0,13,20.04637334552543,,4000.0,0.0,0.0,0.0,46.573719189955234,optimal
2021-02-08 10:00:00,44,120,1.1428571428571428,0.0,0.0,0.2054,4.1895,6.0,13,20.060895596772998,,4000.0,0.0,0.0,0.0,46.33683702507621,optimal
2021-02-08 10:30:00,44,120,1.1428571428571428,0.0,0.0,0.173,7.056,6.0,13,20.07807843657618,,4000.0,0.0,0.0,0.0,46.10019174236208,optimal
2021-02-08 11:00:00,44,120,1.1428571428571428,0.0,0.0,0.119,5.271,6.0,13,20.09453511796948,,4000.0,0.0,0.0,0.0,45.863783104930654,optimal
2021-02-08 11:30:00,44,120,1.1428571428571428,0.0,0.0,0.206,7.938,6.0,13,20.113009139677036,,4000.0,0.0,0.0,0.0,45.62761087613666,optimal
2021-02-08 12:00:00,44,120,1.1428571428571428,0.0,0.0,0.2024,7.938,6.0,13,20.132704655622348,,4000.0,0.0,0.0,0.0,45.39167481957146,optimal
2021-02-08 12:30:00,44,120,1.1428571428571428,0.0,0.0,0.1986,11.907,6.0,13,20.153452628473623,,4000.0,0.0,0.0,0.0,45.15597469906283,optimal
2021-02-08 13:00:00,44,120,1.1428571428571428,0.0774074074074074,0.0,0.1914,11.025,6.0,13,20.174509686832472,,4000.0,0.0,0.0,69.66666666666666,44.92051027867471,optimal
2021-02-08 13:30:00,44,120,1.1428571428571428,0.4644444444444444,0.0,0.2991333333333333,11.2875,6.0,13,20.1977643919121,,4000.0,0.0,0.0,418.0,44.68528132270697,optimal
2021-02-08 14:00:00,44,120,1.1428571428571428,0.0,0.0,0.1014,12.936,6.0,13,20.222995352222785,,4000.0,0.0,0.0,0.0,44.4502875956952,optimal
2021-02-08 14:30:00,44,120,0.0948379138048119,0.0,0.0,0.109,13.0095,6.0,13,20.243264927514225,,331.9326983168418,0.0,0.0,0.0,44.21552886241045,optimal
2021-02-08 15:00:00,44,120,0.0,0.0,0.0,0.2846,13.671,6.0,13,20.21860386361981,,0.0,0.0,0.0,0.0,43.98100488785897,optimal
2021-02-08 15:30:00,44,120,0.0,0.0,0.0,0.1050666666666666,13.188,6.0,13,20.189754029741,,0.0,0.0,0.0,0.0,43.74671543728205,optimal
2021-02-08 16:00:00,44,120,0.0,0.5418518518518518,0.0,0.2167333333333332,13.8495,6.0,13,20.160237806368347,,0.0,0.0,0.0,487.6666666666667,43.51266027615571,optimal
2021-02-08 16:30:00,44,120,0.0,0.5418518518518518,0.0,0.5019,13.23,6.0,13,20.13304030422369,,0.0,0.0,0.0,487.6666666666667,43.27883917019049,optimal
2021-02-08 17:00:00,44,120,0.0,0.0774074074074074,0.0,0.1295333333333333,13.3665,6.0,13,20.11038090812509,,0.0,0.0,0.0,69.66666666666666,43.04525188533123,optimal
2021-02-08 17:30:00,44,120,1.1428571428571428,0.387037037037037,0.0,0.5644666666666667,13.0515,6.0,13,20.08081056549,,4000.0,0.0,0.0,348.3333333333333,42.81189818775684,optimal
2021-02-08 18:00:00,44,120,0.0,0.4644444444444444,0.0,0.2325333333333333,13.5345,6.0,13,20.105427661094225,,0.0,0.0,0.0,418.0,42.57877784388002,optimal
2021-02-08 18:30:00,44,120,0.0,0.387037037037037,0.0,0.513,14.154,6.0,13,20.078396251248456,,0.0,0.0,0.0,348.3333333333333,42.34589062034708,optimal
2021-02-08 19:00:00,44,120,0.0,0.4644444444444444,0.0,0.4332,14.112,6.0,13,20.054603754633145,,0.0,0.0,0.0,418.0,42.11323628403767,optimal
2021-02-08 19:30:00,44,120,0.0,0.0,0.0,0.3696,14.2485,6.0,13,20.027049460573043,,0.0,0.0,0.0,0.0,42.07112304775363,optimal
2021-02-08 20:00:00,44,120,0.5204261317132278,0.6192592592592592,0.0,0.5971666666666666,12.789,6.0,13,20.0,,1821.4914609962973,0.0,0.0,557.3333333333333,42.02905192470588,optimal
2021-02-08 20:30:00,44,120,0.0,0.2322222222222222,0.0,0.3713999999999999,13.0095,6.0,13,20.0,,0.0,0.0,0.0,209.0,41.98702287278117,optimal
2021-02-08 21:00:00,44,120,0.0,0.1548148148148148,0.0,0.4943666666666667,12.1275,6.0,13,19.974190907567564,,0.0,0.0,0.0,139.33333333333331,41.94503584990839,optimal
2021-02-08 21:30:00,44,120,0.0,0.0774074074074074,0.0,0.2648,12.348,6.0,13,19.94925601343787,,0.0,0.0,0.0,69.66666666666666,41.90309081405848,optimal
2021-02-08 22:00:00,44,120,0.0,0.3096296296296296,0.0,0.3653,12.348,6.0,13,19.92247430479491,,0.0,0.0,0.0,278.66666666666663,41.86118772324442,optimal
2021-02-08 22:30:00,44,120,0.0,0.0,0.0,0.3353,25.389,6.0,13,19.897582113030065,,0.0,0.0,0.0,0.0,41.81932653552118,optimal
2021-02-08 23:00:00,44,120,0.0,0.0,0.0,0.4109,29.1375,6.0,13,19.871529519832663,,0.0,0.0,0.0,0.0,41.77750720898565,optimal
2021-02-08 23:30:00,44,120,0.0,0.0,0.0,0.4588,30.597,6.0,13,19.844315739577866,,0.0,0.0,0.0,0.0,41.73572970177667,optimal
2021-02-09 00:00:00,44,120,1.1428571428571428,0.0,5.0,0.06,10.7205,6.0,-7,19.844315739577866,,4000.0,0.0,0.0,0.0,44.06899397207489,optimal
2021-02-09 00:30:00,44,120,1.1428571428571428,0.0,0.0,0.1501333333333333,11.424,6.0,-7,19.85773423289352,,4000.0,0.0,0.0,0.0,44.02492497810282,optimal
2021-02-09 01:00:00,44,120,1.1428571428571428,0.0,5.0,0.0949333333333333,10.689,6.0,-7,19.872323286548824,,4000.0,0.0,0.0,0.0,46.35590005312472,optimal
2021-02-09 01:30:00,44,120,1.1428571428571428,0.0,4.779405020334151,0.1907333333333332,11.361,6.0,-7,19.886310079284968,,4000.0,0.0,0.0,0.0,48.57976153773031,optimal
2021-02-09 02:00:00,44,120,1.1428571428571428,0.0,0.0,0.1163333333333333,11.571,6.0,-7,19.901237954520536,,4000.0,0.0,0.0,0.0,48.53118177619257,optimal
2021-02-09 02:30:00,44,120,1.1428571428571428,0.0,0.0,0.0884666666666666,14.3745,6.0,-7,19.91503161168265,,4000.0,0.0,0.0,0.0,48.48265059441637,optimal
2021-02-09 03:00:00,44,120,1.1428571428571428,0.0,0.0,0.132,13.23,6.0,-7,19.928512900305584,,4000.0,0.0,0.0,0.0,48.434167943821954,optimal
2021-02-09 03:30:00,44,120,1.1428571428571428,0.0,0.0,0.07,13.9755,6.0,-7,19.942519772737576,,4000.0,0.0,0.0,0.0,48.38573377587813,optimal
2021-02-09 04:00:00,44,120,1.1428571428571428,0.0,0.0,0.1568,14.994,6.0,-7,19.955941826670387,,4000.0,0.0,0.0,0.0,48.33734804210225,optimal
2021-02-09 04:30:00,44,120,1.1428571428571428,0.0,0.0,0.1319666666666666,13.671,6.0,-7,19.970592954216,,4000.0,0.0,0.0,0.0,48.28901069406015,optimal
2021-02-09 05:00:00,44,120,0.3304469381831384,0.0,0.0,0.2013,15.981,6.0,-7,19.98471425050393,,1156.5642836409845,0.0,0.0,0.0,48.24072168336608,optimal
2021-02-09 05:30:00,44,120,1.1428571428571428,0.0,0.0,0.0818333333333333,15.6345,6.0,-7,19.964814226764364,,4000.0,0.0,0.0,0.0,48.19248096168271,optimal
2021-02-09 06:00:00,44,120,0.0,0.0,0.0,0.1956333333333333,16.5375,6.0,-7,19.978137981982687,,0.0,0.0,0.0,0.0,48.144288480721016,optimal
2021-02-09 06:30:00,44,120,1.1428571428571428,0.0,0.0,0.1382,14.7735,6.0,-7,19.94409229976026,,4000.0,0.0,0.0,0.0,48.096144192240295,optimal
2021-02-09 07:00:00,44,120,1.1428571428571428,1.2803185185185184,0.0,1.2128666666666663,15.2145,6.0,-7,19.958044687438445,,4000.0,0.0,0.0,1152.2866666666666,48.048048048048045,optimal
2021-02-09 07:30:00,44,120,1.1428571428571428,6.305607407407406,0.0,0.1558,14.553,6.0,-7,19.97953915176652,,4000.0,0.0,0.0,5675.046666666665,48.0,optimal
2021-02-09 08:00:00,44,120,1.1428571428571428,0.1548148148148148,0.0,0.1760333333333333,14.3325,6.0,-7,20.0,,4000.0,0.0,0.0,139.33333333333331,47.7526260313267,optimal
2021-02-09 08:30:00,44,120,0.9817984338126702,4.334814814814815,0.0,0.1304333333333333,14.595,6.0,-7,20.018872457182773,,3436.2945183443458,0.0,0.0,3901.3333333333335,47.50549943662208,optimal
2021-02-09 09:00:00,44,120,0.0,0.6192592592592592,0.0,0.2211,14.994,6.0,-7,20.0285655305703,,0.0,0.0,0.0,557.3333333333333,47.25861996851215,optimal
2021-02-09 09:30:00,44,120,0.722548439379094,0.0,0.0,0.2629666666666666,14.3325,6.0,-7,20.0,,2528.919537826829,0.0,0.0,0.0,47.01198737987034,optimal
2021-02-09 10:00:00,44,120,1.1428571428571428,0.0,0.0,0.2878,13.8915,6.0,-7,20.003071087112662,,4000.0,0.0,0.0,0.0,46.76560142381717,optimal
2021-02-09 10:30:00,44,120,1.1428571428571428,0.1548148148148148,0.0,3.0362,13.8915,6.0,-7,20.02719948624865,,4000.0,0.0,0.0,139.33333333333331,46.51946185372006,optimal
2021-02-09 11:00:00,44,120,1.1428571428571428,0.2322222222222222,0.0,3.118,13.4715,6.0,-7,20.05863849126686,,4000.0,0.0,0.0,209.0,46.27356842319304,optimal
2021-02-09 11:30:00,44,120,1.1428571428571428,0.0,0.0,0.5596666666666666,13.23,6.0,-7,20.092453721972475,,4000.0,0.0,0.0,0.0,46.02792088609655,optimal
2021-02-09 12:00:00,44,120,1.1428571428571428,0.0,0.0,1.2630666666666666,13.8915,6.0,-7,20.121468142010237,,4000.0,0.0,0.0,0.0,45.78251899653715,optimal
2021-02-09 12:30:00,44,120,0.0,0.0,0.0,1.0624,26.9325,6.0,-7,20.15635495802132,,0.0,0.0,0.0,0.0,45.53736250886731,optimal
2021-02-09 13:00:00,44,120,0.0,0.4644444444444444,0.0,0.3629333333333333,30.303,6.0,-7,20.138852729311623,,0.0,0.0,0.0,418.0,45.292451177685145,optimal
2021-02-09 13:30:00,44,120,0.0,0.4644444444444444,0.0,1.9092,32.886,6.0,-7,20.12086491185246,,0.0,0.0,0.0,418.0,45.04778475783416,optimal
2021-02-09 14:00:00,44,120,0.0,0.0,0.0,1.640266666666667,34.9965,6.0,-7,20.11464796252033,,0.0,0.0,0.0,0.0,44.80336300440303,optimal
2021-02-09 14:30:00,44,120,0.0,0.1548148148148148,0.0,0.6978666666666666,33.327,6.0,-7,20.09892539651541,,0.0,0.0,0.0,139.33333333333331,44.55918567272532,optimal
2021-02-09 15:00:00,44,120,0.0,0.0,0.0,0.0824,31.122,6.0,-7,20.08349701379928,,0.0,0.0,0.0,0.0,44.315252518379296,optimal
2021-02-09 15:30:00,44,120,0.0,0.0,0.0,0.1432333333333333,17.9025,6.0,-7,20.05346023153609,,0.0,0.0,0.0,0.0,44.071563297187616,optimal
2021-02-09 16:00:00,44,120,0.0,0.2322222222222222,0.0,0.7153666666666667,15.6555,6.0,-7,20.024224091628348,,0.0,0.0,0.0,209.0,43.82811776521713,optimal
2021-02-09 16:30:00,44,120,0.5026336058570238,0.387037037037037,0.0,1.1643,14.553,6.0,-7,20.0,,1759.217620499583,0.0,0.0,348.3333333333333,43.58491567877861,optimal
2021-02-09 17:00:00,44,120,0.5735246824835125,0.6192592592592592,0.0,0.8818666666666667,14.3325,6.0,-7,20.0,,2007.336388692294,0.0,0.0,557.3333333333333,43.34195679442654,optimal
2021-02-09 17:30:00,44,120,0.5709953686730803,0.0,0.0,0.3378,13.335,6.0,-7,20.0,,1998.483790355781,0.0,0.0,0.0,43.09924086895881,optimal
2021-02-09 18:00:00,44,120,1.1428571428571428,0.3096296296296296,0.0,0.2357,12.1275,6.0,-7,20.0,,4000.0,0.0,0.0,278.66666666666663,42.85676765941655,optimal
2021-02-09 18:30:00,44,120,0.2106521002460012,0.1548148148148148,0.0,0.2337,12.2955,6.0,-7,20.019841441043265,,737.2823508610045,0.0,0.0,139.33333333333331,42.61453692308383,optimal
2021-02-09 19:00:00,44,120,0.8257203198133511,0.0,0.0,0.2582,11.6865,6.0,-7,20.0,,2890.021119346729,0.0,0.0,0.0,42.37254841748745,optimal
2021-02-09 19:30:00,44,120,0.7750441293371784,0.5418518518518518,0.0,0.221,11.466,6.0,-7,20.0,,2712.654452680124,0.0,0.0,487.6666666666667,42.13080190039666,optimal
2021-02-09 20:00:00,44,120,0.6891488912418823,0.0,0.0,0.1670333333333333,10.8045,6.0,-7,20.0,,2412.021119346588,0.0,0.0,0.0,41.88929712982296,optimal
2021-02-09 20:30:00,44,120,0.0,0.1548148148148148,0.0,0.2424,10.584,6.0,-7,20.0,,0.0,0.0,0.0,139.33333333333331,41.64803386401984,optimal
2021-02-09 21:00:00,44,120,0.0,0.0,0.0,1.0958666666666663,11.2455,6.0,-7,19.970641910892223,,0.0,0.0,0.0,0.0,41.60638583015582,optimal
2021-02-09 21:30:00,44,120,0.0,0.0,0.0,1.2282,12.1275,6.0,-7,19.94524791997386,,0.0,0.0,0.0,0.0,41.56477944432567,optimal
2021-02-09 22:00:00,44,120,0.0,0.774074074074074,0.0,0.1676333333333333,11.823,6.0,-7,19.921286302562404,,0.0,0.0,0.0,696.6666666666666,41.52321466488134,optimal
2021-02-09 22:30:00,44,120,0.0,0.0,0.0,0.2080666666666666,11.7705,6.0,-7,19.89273792807564,,0.0,0.0,0.0,0.0,41.48169145021645,optimal
2021-02-09 23:00:00,44,120,0.0,0.0,0.0,0.2757,11.13,6.0,-7,19.86763573158524,,0.0,0.0,0.0,0.0,41.44020975876624,optimal
2021-02-09 23:30:00,44,120,0.0,0.3096296296296296,0.0,0.3645333333333334,11.6865,6.0,-7,19.844261667681064,,0.0,0.0,0.0,278.66666666666663,41.39876954900747,optimal
2021-02-10 00:00:00,44,120,1.1428571428571428,0.0,0.0,0.056,17.4615,6.0,-18,19.844261667681064,,4000.0,0.0,0.0,0.0,41.35737077945846,optimal
2021-02-10 00:30:00,44,120,1.1428571428571428,0.0,0.0,0.1036,18.3225,6.0,-18,19.85723137154949,,4000.0,0.0,0.0,0.0,41.316013408679005,optimal
2021-02-10 01:00:00,44,120,1.1428571428571428,0.0,0.0,0.158,17.094,6.0,-18,19.870556985416297,,4000.0,0.0,0.0,0.0,41.27469739527032,optimal
2021-02-10 01:30:00,44,120,1.1428571428571428,0.0,0.0,0.056,17.094,6.0,-18,19.88432064360149,,4000.0,0.0,0.0,0.0,41.23342269787505,optimal
2021-02-10 02:00:00,44,120,1.1428571428571428,0.0,0.0,0.1988,17.094,6.0,-18,19.896616159173597,,4000.0,0.0,0.0,0.0,41.19218927517717,optimal
2021-02-10 02:30:00,44,120,1.1428571428571428,0.0,0.0,0.0628,17.3565,6.0,-18,19.9104286804402,,4000.0,0.0,0.0,0.0,41.15099708590199,optimal
2021-02-10 03:00:00,44,120,1.1428571428571428,0.0,0.0,0.1104,17.115,6.0,-18,19.922557018835903,,4000.0,0.0,0.0,0.0,41.10984608881609,optimal
2021-02-10 03:30:00,44,120,1.1428571428571428,0.0,0.0,0.1512,17.241,6.0,-18,19.935241191576058,,4000.0,0.0,0.0,0.0,41.06873624272728,optimal
2021-02-10 04:00:00,44,120,1.1428571428571428,0.0,0.3487159723608245,0.056,17.094,6.0,-18,19.948397256750177,,4000.0,0.0,0.0,0.0,41.19330759335593,optimal
2021-02-10 04:30:00,44,120,1.1428571428571428,0.0,5.0,0.1172,16.5165,6.0,-18,19.96036748012263,,4000.0,0.0,0.0,0.0,43.52711428576258,optimal
2021-02-10 05:00:00,44,120,1.1428571428571428,0.0,0.0,0.1444,17.8185,6.0,-18,19.972861274894296,,4000.0,0.0,0.0,0.0,43.48358717147681,optimal
2021-02-10 05:30:00,44,120,1.1428571428571428,0.0,5.0,0.056,17.094,6.0,-18,19.985463403382155,,4000.0,0.0,0.0,0.0,45.81510358430533,optimal
2021-02-10 06:00:00,44,120,1.1428571428571428,0.0,5.0,0.1716,16.8945,6.0,-18,19.99676537193048,,4000.0,0.0,0.0,0.0,48.144288480721016,optimal
2021-02-10 06:30:00,44,120,1.1428571428571428,0.0,0.0,0.09,18.123,6.0,-18,20.009254956206888,,4000.0,0.0,0.0,0.0,48.096144192240295,optimal
2021-02-10 07:00:00,44,120,0.0,6.037777777777777,0.0,0.1704333333333333,31.647,6.0,-18,20.021122212462103,,0.0,0.0,0.0,5433.999999999999,48.048048048048045,optimal
2021-02-10 07:30:00,44,120,0.0,4.064084900590969,0.0,0.193,34.9965,6.0,-18,19.988654472290133,,0.0,3309.343077198539,0.0,348.3333333333333,48.0,optimal
2021-02-10 08:00:00,44,120,0.0,2.9462729188816428,0.0,0.0802,34.9965,6.0,-18,20.0,,0.0,2512.3122936601453,0.0,139.33333333333331,47.700011569336986,optimal
2021-02-10 08:30:00,44,120,0.0,6.948004618889261,0.0,0.6013999999999999,34.9965,6.0,-18,20.0,,0.0,2261.304157000335,0.0,3991.9,47.40032312710464,optimal
2021-02-10 09:00:00,44,120,0.0,3.4721884982033457,0.0,2.190733333333333,34.9965,6.0,-18,20.0,,0.0,1404.2029817163443,0.0,1720.766666666667,47.10093437331452,optimal
2021-02-10 09:30:00,44,120,0.0,2.5653794574700783,0.0,0.2033,34.9965,6.0,-18,20.0,,0.0,2308.8415117230707,0.0,0.0,46.80184500827819,optimal
2021-02-10 10:00:00,44,120,0.0,2.1357586869029643,0.0,1.6059666666666668,27.741,6.0,-18,20.0,,0.0,1922.182818212668,0.0,0.0,46.503054732606905,optimal
2021-02-10 10:30:00,44,120,0.6226909663955316,2.012592592592592,0.0,0.2812,19.026,6.0,-18,20.0,,2179.4183823843605,0.0,0.0,1811.333333333333,46.20456324721129,optimal
2021-02-10 11:00:00,44,120,0.4771466406717078,0.2322222222222222,0.0,1.7185,18.7215,6.0,-18,20.0,,1670.0132423509776,0.0,0.0,209.0,45.90637025330107,optimal
2021-02-10 11:30:00,44,120,0.270175002101224,0.0,0.0,1.3638,17.4195,6.0,-18,20.0,,945.6125073542842,0.0,0.0,0.0,45.60847545238476,optimal
2021-02-10 12:00:00,44,120,0.3189180339194981,0.0,0.0,1.8760333333333328,16.758,6.0,-18,20.0,,1116.2131187182435,0.0,0.0,0.0,45.310878546269365,optimal
2021-02-10 12:30:00,44,120,0.3637866053480389,0.0,0.0,2.7275666666666667,14.217,6.0,-18,20.0,,1273.2531187181364,0.0,0.0,0.0,45.013579237060085,optimal
2021-02-10 13:00:00,44,120,0.3676176523467593,0.0,0.0,1.7388,13.3665,6.0,-18,20.0,,1286.6617832136576,0.0,0.0,0.0,44.716577227160016,optimal
2021-02-10 13:30:00,44,120,0.4599696133010847,0.387037037037037,0.0,0.095,12.789,6.0,-18,20.0,,1609.8936465537968,0.0,0.0,348.3333333333333,44.41987221926984,optimal
2021-02-10 14:00:00,44,120,0.4057018866931584,0.2322222222222222,0.0,0.2227333333333332,11.907,6.0,-18,20.0,,1419.9566034260545,0.0,0.0,209.0,44.12346391638756,optimal
2021-02-10 14:30:00,44,120,0.4999590295503195,0.0,0.0,0.1496666666666666,11.7075,6.0,-18,20.0,,1749.8566034261182,0.0,0.0,0.0,43.82735202180816,optimal
2021-02-10 15:00:00,44,120,1.1428571428571428,0.0,0.0,0.066,10.8045,6.0,-18,20.0,,4000.0,0.0,0.0,0.0,43.53153623912334,optimal
2021-02-10 15:30:00,44,120,0.2183976999062747,0.0,0.0,0.2155999999999999,11.508,6.0,-18,20.01901450965552,,764.3919496719617,0.0,0.0,0.0,43.23601627222121,optimal
2021-02-10 16:00:00,44,120,1.0324454587270553,0.0,0.0,0.066,11.508,6.0,-18,20.0,,3613.559105544693,0.0,0.0,0.0,42.94079182528597,optimal
2021-02-10 16:30:00,44,120,1.1428571428571428,0.0,0.0,0.1151,11.508,6.0,-18,20.01060547307436,,4000.0,0.0,0.0,0.0,42.64586260279767,optimal
2021-02-10 17:00:00,44,120,0.0,0.1548148148148148,0.0,0.2593999999999999,11.844,6.0,-18,20.02890937673107,,0.0,0.0,0.0,139.33333333333331,42.35122830953186,optimal
2021-02-10 17:30:00,44,120,0.7084610698776148,0.387037037037037,0.0,0.091,11.508,6.0,-18,20.0,,2479.613744571652,0.0,0.0,348.3333333333333,42.05688865055932,optimal
2021-02-10 18:00:00,44,120,0.6146599974294953,0.0,0.0,0.4787,11.508,6.0,-18,20.0,,2151.309991003234,0.0,0.0,0.0,41.76284333124575,optimal
2021-02-10 18:30:00,44,120,1.1428571428571428,0.0,0.0,1.0696666666666668,10.4475,6.0,-18,20.0,,4000.0,0.0,0.0,0.0,41.46909205725149,optimal
2021-02-10 19:00:00,44,120,0.2460371736940156,0.6192592592592592,0.0,0.1929666666666666,10.8675,6.0,-18,20.028757157035315,,861.1301079290547,0.0,0.0,557.3333333333333,41.42762296519424,optimal
2021-02-10 19:30:00,44,120,1.1428571428571428,0.1548148148148148,0.0,0.2531,10.542,6.0,-18,20.01062837993162,,4000.0,0.0,0.0,139.33333333333331,41.38619534222904,optimal
2021-02-10 20:00:00,44,120,0.0,0.3096296296296296,0.0,0.1452,11.025,6.0,-18,20.031037653913938,,0.0,0.0,0.0,278.66666666666663,41.34480914688682,optimal
2021-02-10 20:30:00,44,120,0.0,0.1548148148148148,0.0,0.1579,11.025,6.0,-18,20.0,,0.0,0.0,0.0,139.33333333333331,41.30346433773993,optimal
2021-02-10 21:00:00,44,120,0.0,0.1548148148148148,0.0,0.2091666666666666,14.553,6.0,-18,19.968628721102476,,0.0,0.0,0.0,139.33333333333331,41.2621608734022,optimal
2021-02-10 21:30:00,44,120,0.0,0.1548148148148148,0.0,0.1600333333333333,13.0935,6.0,-18,19.9377760244456,,0.0,0.0,0.0,139.33333333333331,41.22089871252879,optimal
2021-02-10 22:00:00,44,120,0.0,0.0,0.0,0.3754333333333333,15.6345,6.0,-18,19.90405942536497,,0.0,0.0,0.0,0.0,41.17967781381626,optimal
2021-02-10 22:30:00,44,120,0.0,0.0,0.0,0.1759666666666666,18.102,6.0,-18,19.87267265563052,,0.0,0.0,0.0,0.0,41.13849813600245,optimal
2021-02-10 23:00:00,44,120,0.0,0.0,0.0,0.2626666666666666,17.199,6.0,-18,19.838513867602774,,0.0,0.0,0.0,0.0,41.09735963786645,optimal
2021-02-10 23:30:00,44,120,0.0,0.0,0.0,0.2155999999999999,18.2805,6.0,-18,19.799909424007147,,0.0,0.0,0.0,0.0,41.05626227822858,optimal
2021-02-11 00:00:00,44,120,1.1428571428571428,0.0,0.0,0.04,12.0855,6.0,-1,19.799909424007147,,4000.0,0.0,0.0,0.0,41.01520601595036,optimal
2021-02-11 00:30:00,44,120,1.1428571428571428,0.0,0.0,0.04,11.6865,6.0,-1,19.804657034341027,,4000.0,0.0,0.0,0.0,40.974190809934406,optimal
2021-02-11 01:00:00,44,120,1.1428571428571428,0.0,0.0,0.0463666666666666,11.2245,6.0,-1,19.809593488525117,,4000.0,0.0,0.0,0.0,40.93321661912447,optimal
2021-02-11 01:30:00,44,120,1.1428571428571428,0.0,0.0,0.1737,11.025,6.0,-1,19.814795973083164,,4000.0,0.0,0.0,0.0,40.89228340250535,optimal
2021-02-11 02:00:00,44,120,1.1428571428571428,0.0,5.0,0.04,10.7835,6.0,-1,19.821539361759765,,4000.0,0.0,0.0,0.0,43.22639111910284,optimal
2021-02-11 02:30:00,44,120,1.1428571428571428,0.0,0.0,0.1546,11.025,6.0,-1,19.826640601954637,,4000.0,0.0,0.0,0.0,43.18316472798374,optimal
2021-02-11 03:00:00,44,120,1.1428571428571428,0.0,5.0,0.0648,10.584,6.0,-1,19.83292956886811,,4000.0,0.0,0.0,0.0,45.51498156325575,optimal
2021-02-11 03:30:00,44,120,1.1428571428571428,0.0,1.1345048774910689,0.1100333333333333,11.025,6.0,-1,19.83858142921018,,4000.0,0.0,0.0,0.0,46.00835639850075,optimal
2021-02-11 04:00:00,44,120,1.1428571428571428,0.0,5.0,0.1100333333333333,10.4265,6.0,-1,19.84460118068228,,4000.0,0.0,0.0,0.0,48.33734804210225,optimal
2021-02-11 04:30:00,44,120,1.1428571428571428,0.0,0.0,0.04,12.789,6.0,-1,19.85110463833401,,4000.0,0.0,0.0,0.0,48.28901069406015,optimal
2021-02-11 05:00:00,44,120,1.1428571428571428,0.0,0.0,0.1800666666666666,12.684,6.0,-1,19.85674203236797,,4000.0,0.0,0.0,0.0,48.24072168336608,optimal
2021-02-11 05:30:00,44,120,1.1428571428571428,0.0,0.0,0.0463333333333333,16.254,6.0,-1,19.864074590122215,,4000.0,0.0,0.0,0.0,48.19248096168271,optimal
2021-02-11 06:00:00,44,120,1.1428571428571428,0.0,0.0,0.1462,17.64,6.0,-1,19.87018191112678,,4000.0,0.0,0.0,0.0,48.144288480721016,optimal
2021-02-11 06:30:00,44,120,1.1428571428571428,0.0,0.0,0.0782,19.1625,6.0,-1,19.87801373939585,,4000.0,0.0,0.0,0.0,48.096144192240295,optimal
2021-02-11 07:00:00,44,120,0.0,0.0,0.0,0.2334333333333333,26.46,6.0,-1,19.88555007210279,,0.0,0.0,0.0,0.0,48.048048048048045,optimal
2021-02-11 07:30:00,44,120,1.1428571428571428,15.393061610373252,0.0,0.3231333333333333,20.79,6.0,-1,19.84745165613268,,4000.0,11206.422116002594,0.0,2647.333333333333,48.0,optimal
2021-02-11 08:00:00,44,120,0.0,3.091416077708668,0.0,3.141,29.106,6.0,-1,20.0,,0.0,2573.274469937801,0.0,209.0,47.55771304701488,optimal
2021-02-11 08:30:00,44,120,1.1428571428571428,0.0,0.0,0.4112333333333333,19.1835,6.0,-1,20.0,,4000.0,0.0,0.0,0.0,47.11586838098275,optimal
2021-02-11 09:00:00,44,120,0.6836977097057414,0.2322222222222222,0.0,0.6806666666666666,19.6665,6.0,-1,20.008062856588968,,2392.941983970095,0.0,0.0,209.0,46.67446555961664,optimal
2021-02-11 09:30:00,44,120,0.832836798848419,5.889155555555555,0.0,0.5317999999999999,19.404,6.0,-1,20.0,,2914.9287959694666,0.0,0.0,5300.24,46.233504141071904,optimal
2021-02-11 10:00:00,44,120,0.8833782761430867,1.6193629629629636,0.0,2.4870666666666668,19.047,6.0,-1,20.0,,3091.823966500804,0.0,0.0,1457.4266666666672,45.792983683945714,optimal
2021-02-11 10:30:00,44,120,1.1428571428571428,0.0,0.0,0.05,18.858,6.0,-1,20.014190418557053,,4000.0,0.0,0.0,0.0,45.35290374727665,optimal
2021-02-11 11:00:00,44,120,0.0,0.0,0.0,1.1834666666666669,19.2675,6.0,-1,20.029190015945726,,0.0,0.0,0.0,0.0,44.91326389054425,optimal
2021-02-11 11:30:00,44,120,0.6456150903102197,0.0,0.0,0.5307999999999999,18.963,6.0,-1,20.0,,2259.652816085769,0.0,0.0,0.0,44.47406367366859,optimal
2021-02-11 12:00:00,44,120,1.1428571428571428,0.5418518518518518,0.0,0.1306666666666666,18.438,6.0,-1,20.0,,4000.0,0.0,0.0,487.6666666666667,44.0353026570098,optimal
2021-02-11 12:30:00,44,120,0.8963550520760419,0.1548148148148148,0.0,2.265133333333333,18.7425,6.0,-1,20.0245618996877,,3137.242682266147,0.0,0.0,139.33333333333331,43.59698040136768,optimal
2021-02-11 13:00:00,44,120,1.1428571428571428,0.0,0.0,0.1709666666666666,15.2145,6.0,-1,20.04294118188733,,4000.0,0.0,0.0,0.0,43.15909646798119,optimal
2021-02-11 13:30:00,44,120,1.1428571428571428,0.0,0.0,0.0691,17.7765,6.0,-1,20.067467493443637,,4000.0,0.0,0.0,0.0,42.721650418528085,optimal
2021-02-11 14:00:00,44,120,1.1428571428571428,0.0,0.0,0.05,16.758,6.0,-1,20.09090246163467,,4000.0,0.0,0.0,0.0,42.28464181512444,optimal
2021-02-11 14:30:00,44,120,1.1428571428571428,0.0,0.0,0.1900666666666666,16.422,6.0,-1,20.11451505368723,,4000.0,0.0,0.0,0.0,41.8480702203242,optimal
2021-02-11 15:00:00,44,120,1.1428571428571428,0.0,0.0,0.05,16.758,6.0,-1,20.1390932754986,,4000.0,0.0,0.0,0.0,41.41193519711875,optimal
2021-02-11 15:30:00,44,120,0.0,0.0,0.0,2.3776,29.358,6.0,-1,20.15899286943318,,0.0,0.0,0.0,0.0,40.976236308936514,optimal
2021-02-11 16:00:00,44,120,0.0,0.5418518518518518,0.0,0.1706666666666666,34.9965,6.0,-1,20.14127553653005,,0.0,0.0,0.0,487.6666666666667,40.54097311964246,optimal
2021-02-11 16:30:00,44,120,0.0,0.0,0.0,0.2132,34.65,6.0,-1,20.120680037287237,,0.0,0.0,0.0,0.0,40.1061451935377,optimal
2021-02-11 17:00:00,44,120,0.0,0.1548148148148148,0.0,2.213366666666667,34.9965,6.0,-1,20.100739360644887,,0.0,0.0,0.0,139.33333333333331,39.67175209535904,optimal
2021-02-11 17:30:00,44,120,0.0,0.2322222222222222,0.0,2.2706666666666666,34.9965,6.0,-1,20.077698350619137,,0.0,0.0,0.0,209.0,39.23779339027856,optimal
2021-02-11 18:00:00,44,120,0.0,0.387037037037037,0.0,0.7140666666666667,30.4815,6.0,-1,20.052948763734,,0.0,0.0,0.0,348.3333333333333,39.19855559688828,optimal
2021-02-11 18:30:00,44,120,0.0,0.5418518518518518,0.0,0.173,21.4305,6.0,-1,20.030165561778183,,0.0,0.0,0.0,487.6666666666667,39.15935704129139,optimal
2021-02-11 19:00:00,44,120,0.7941498526131278,0.0,0.0,0.173,14.3325,6.0,-1,20.0,,2779.524484145947,0.0,0.0,0.0,39.1201976842501,optimal
2021-02-11 19:30:00,44,120,1.1428571428571428,6.037777777777776,0.0,0.4430333333333333,13.692,6.0,-1,20.0,,4000.0,0.0,0.0,5433.999999999998,39.08107748656585,optimal
2021-02-11 20:00:00,44,120,0.4517521539216192,0.0774074074074074,0.0,2.768833333333333,14.007,6.0,-1,20.011342772306115,,1581.1325387256672,0.0,0.0,69.66666666666666,39.04199640907929,optimal
2021-02-11 20:30:00,44,120,0.0,0.387037037037037,0.0,3.4625,12.873,6.0,-1,20.0,,0.0,0.0,0.0,348.3333333333333,39.002954412670206,optimal
2021-02-11 21:00:00,44,120,0.0,0.0,0.0,1.604933333333333,12.684,6.0,-1,19.98637824580425,,0.0,0.0,0.0,0.0,38.96395145825753,optimal
2021-02-11 21:30:00,44,120,0.0,0.3096296296296296,0.0,1.5700333333333334,12.306,6.0,-1,19.949414036313687,,0.0,0.0,0.0,278.66666666666663,38.92498750679928,optimal
2021-02-11 22:00:00,44,120,0.0,2.39962962962963,0.0,0.2964666666666666,10.6365,6.0,-1,19.9133968190796,,0.0,0.0,0.0,2159.6666666666665,38.88606251929248,optimal
2021-02-11 22:30:00,44,120,0.0,0.0,0.0,1.5405,11.2455,6.0,-1,19.87889078951238,,0.0,0.0,0.0,0.0,38.84717645677319,optimal
2021-02-11 23:00:00,44,120,0.0,0.1548148148148148,0.0,1.4445,11.2455,6.0,-1,19.840944479920456,,0.0,0.0,0.0,139.33333333333331,38.80832928031642,optimal
2021-02-11 23:30:00,44,120,0.0,0.0,0.0,0.4468333333333333,11.025,6.0,-1,19.80157443203781,,0.0,0.0,0.0,0.0,38.76952095103611,optimal
2021-02-12 00:00:00,44,120,1.1428571428571428,0.4644444444444444,5.0,0.054,10.8465,6.0,-11,19.80157443203781,,4000.0,0.0,0.0,418.0,41.10575143008507,optimal
2021-02-12 00:30:00,44,120,1.1428571428571428,0.0,0.0,0.1800666666666666,13.671,6.0,-11,19.801101406981,,4000.0,0.0,0.0,0.0,41.06464567865498,optimal
2021-02-12 01:00:00,44,120,1.1428571428571428,0.0,5.0,0.145,12.348,6.0,-11,19.80151132137591,,4000.0,0.0,0.0,0.0,43.39858103297633,optimal
2021-02-12 01:30:00,44,120,1.1428571428571428,0.0,0.0,0.1762,14.3325,6.0,-11,19.801172427215477,,4000.0,0.0,0.0,0.0,43.35518245194336,optimal
2021-02-12 02:00:00,44,120,1.1428571428571428,0.0,0.0,0.1311999999999999,15.393,6.0,-11,19.80141255032891,,4000.0,0.0,0.0,0.0,43.31182726949141,optimal
2021-02-12 02:30:00,44,120,1.1428571428571428,0.0,0.0,0.1615,13.587,6.0,-11,19.801302248223983,,4000.0,0.0,0.0,0.0,43.26851544222192,optimal
2021-02-12 03:00:00,44,120,1.1428571428571428,0.0,0.0,0.1939,16.1385,6.0,-11,19.80215605865818,,4000.0,0.0,0.0,0.0,43.2252469267797,optimal
2021-02-12 03:30:00,44,120,1.1428571428571428,0.0,0.0,0.133,14.595,6.0,-11,19.80399765313856,,4000.0,0.0,0.0,0.0,43.18202167985292,optimal
2021-02-12 04:00:00,44,120,1.1428571428571428,0.0,0.0,0.1633,14.637,6.0,-11,19.806481485842387,,4000.0,0.0,0.0,0.0,43.13883965817306,optimal
2021-02-12 04:30:00,44,120,1.1428571428571428,0.0,0.0,0.1921,13.9125,6.0,-11,19.810717313194548,,4000.0,0.0,0.0,0.0,43.09570081851489,optimal
2021-02-12 05:00:00,44,120,1.1428571428571428,0.0,0.0,0.1062999999999999,13.3665,6.0,-11,19.816683388240676,,4000.0,0.0,0.0,0.0,43.05260511769638,optimal
2021-02-12 05:30:00,44,120,1.1428571428571428,0.0,5.0,0.2491,13.0095,6.0,-11,19.82298018412184,,4000.0,0.0,0.0,0.0,45.384552512578686,optimal
2021-02-12 06:00:00,44,120,1.1428571428571428,0.1548148148148148,0.0,0.0546666666666666,13.8915,6.0,-11,19.8325901851116,,4000.0,0.0,0.0,139.33333333333331,45.339167960066106,optimal
2021-02-12 06:30:00,44,120,1.1428571428571428,0.774074074074074,0.7933513232939647,0.054,13.188,6.0,-11,19.841863489790725,,4000.0,0.0,0.0,696.6666666666666,45.670670670670674,optimal
2021-02-12 07:00:00,44,120,1.1428571428571428,0.6966666666666667,5.0,3.5751,12.5685,6.0,-11,19.853600855202057,,4000.0,0.0,0.0,627.0,48.0,optimal
2021-02-12 07:30:00,44,120,1.1428571428571428,15.443329479001074,0.0,2.541,12.285,6.0,-11,19.88218965708944,,4000.0,8325.663197767633,0.0,5573.333333333333,47.67709645362284,optimal
2021-02-12 08:00:00,44,120,1.1428571428571428,2.5544444444444445,0.0,1.9428333333333327,11.487,6.0,-11,20.0,,4000.0,0.0,0.0,2299.0,47.35451581079205,optimal
2021-02-12 08:30:00,44,120,1.1428571428571428,5.805555555555555,0.0,2.6856,11.802,6.0,-11,20.014472664893614,,4000.0,0.0,0.0,5225.0,47.032257748604096,optimal
2021-02-12 09:00:00,44,120,1.1428571428571428,0.387037037037037,0.0,1.6035,11.2245,6.0,-11,20.02973226739837,,4000.0,0.0,0.0,348.3333333333333,46.71032194447833,optimal
2021-02-12 09:30:00,44,120,1.1428571428571428,0.0,0.0,0.653,11.025,6.0,-11,20.045001912434003,,4000.0,0.0,0.0,0.0,46.38870807615669,optimal
2021-02-12 10:00:00,44,120,1.1428571428571428,0.0,0.0,0.433,11.907,6.0,-11,20.06302336011033,,4000.0,0.0,0.0,0.0,46.06741582170337,optimal
2021-02-12 10:30:00,44,120,0.0,0.1548148148148148,0.0,0.3637333333333333,25.83,6.0,-11,20.085905409562194,,0.0,0.0,0.0,139.33333333333331,45.74644485950451,optimal
2021-02-12 11:00:00,44,120,0.0,0.0,0.0,0.5743666666666667,28.035,6.0,-11,20.05920173761395,,0.0,0.0,0.0,0.0,45.42579486826784,optimal
2021-02-12 11:30:00,44,120,0.0,0.0,0.0,0.3520666666666666,28.119,6.0,-11,20.03905938332305,,0.0,0.0,0.0,0.0,45.10546552702242,optimal
2021-02-12 12:00:00,44,120,0.0,0.557755575335544,0.0,0.4843333333333333,30.156,6.0,-11,20.01599060702412,,0.0,362.6466844686563,0.0,139.33333333333331,44.78545651511824,optimal
2021-02-12 12:30:00,44,120,0.0,2.1269028045817238,0.0,0.1934666666666666,29.1585,6.0,-11,20.0,,0.0,1914.2125241235508,0.0,0.0,44.46576751222595,optimal
2021-02-12 13:00:00,44,120,0.0,1.922459856223165,0.0,0.2708,26.712,6.0,-11,20.0,,0.0,1730.2138706008484,0.0,0.0,44.14639819833656,optimal
2021-02-12 13:30:00,44,120,0.3315203635040422,0.0,0.0,1.4310333333333334,15.435,6.0,-11,20.0,,1160.321272264148,0.0,0.0,0.0,43.827348253761066,optimal
2021-02-12 14:00:00,44,120,0.6401357424633299,0.0,0.0,0.1514,13.566,6.0,-11,20.0,,2240.475098621655,0.0,0.0,0.0,43.50861735913014,optimal
2021-02-12 14:30:00,44,120,0.8802376610210123,0.0,0.0,0.17,12.789,6.0,-11,20.0,,3080.831813573543,0.0,0.0,0.0,43.19020519539385,optimal
2021-02-12 15:00:00,44,120,1.1428571428571428,0.0,0.0,0.137,12.1275,6.0,-11,20.01026584923469,,4000.0,0.0,0.0,0.0,42.8721114438213,optimal
2021-02-12 15:30:00,44,120,0.0,0.0,0.0,0.107,13.671,6.0,-11,20.0298484503082,,0.0,0.0,0.0,0.0,42.55433578600032,optimal
2021-02-12 16:00:00,44,120,1.1428571428571428,0.0,0.0,0.2513,10.668,6.0,-11,20.0,,4000.0,0.0,0.0,0.0,42.236877903837154,optimal
2021-02-12 16:30:00,44,120,0.194255966728964,0.0,0.0,1.0904333333333334,11.7285,6.0,-11,20.01723385928656,,679.8958835513741,0.0,0.0,0.0,41.91973747955616,optimal
2021-02-12 17:00:00,44,120,0.7414988723262175,0.0,0.0,0.1971,11.025,6.0,-11,20.0,,2595.246053141761,0.0,0.0,0.0,41.60291419569944,optimal
2021-02-12 17:30:00,44,120,1.0944137725277658,0.774074074074074,0.0,0.4033,10.689,6.0,-11,20.0,,3830.44820384718,0.0,0.0,696.6666666666666,41.28640773512658,optimal
2021-02-12 18:00:00,44,120,1.1428571428571428,0.0,0.0,1.3782333333333332,8.1585,6.0,-11,20.01725923019361,,4000.0,0.0,0.0,0.0,40.97021778101429,optimal
2021-02-12 18:30:00,44,120,1.1428571428571428,0.5418518518518518,0.0,1.3601666666666667,10.3635,6.0,-11,20.03708911351628,,4000.0,0.0,0.0,487.6666666666667,40.65434401685612,optimal
2021-02-12 19:00:00,44,120,0.0,0.0,0.0,1.4581666666666668,10.8045,6.0,-11,20.057935197196944,,0.0,0.0,0.0,0.0,40.3387861264621,optimal
2021-02-12 19:30:00,44,120,0.0,0.1548148148148148,0.0,1.2004333333333337,11.025,6.0,-11,20.03098097966517,,0.0,0.0,0.0,139.33333333333331,40.02354379395848,optimal
2021-02-12 20:00:00,44,120,0.7821763831339869,0.0,0.0,0.1575333333333333,10.3635,6.0,-11,20.0,,2737.617340968954,0.0,0.0,0.0,39.70861670378736,optimal
2021-02-12 20:30:00,44,120,0.0,0.3096296296296296,0.0,0.3996666666666666,10.8045,6.0,-11,20.0,,0.0,0.0,0.0,278.66666666666663,39.39400454070641,optimal
2021-02-12 21:00:00,44,120,0.0,0.0,0.0,0.28,10.059,6.0,-11,19.967852074021742,,0.0,0.0,0.0,0.0,39.07970698978855,optimal
2021-02-12 21:30:00,44,120,0.0,0.0774074074074074,0.0,0.4168666666666666,10.584,6.0,-11,19.93285129510405,,0.0,0.0,0.0,69.66666666666666,38.7657237364216,optimal
2021-02-12 22:00:00,44,120,0.0,0.0774074074074074,0.0,0.603,9.4185,6.0,-11,19.90209037468113,,0.0,0.0,0.0,69.66666666666666,38.45205446630801,optimal
2021-02-12 22:30:00,44,120,0.0,1.548148148148148,0.0,0.3671,10.3635,6.0,-11,19.873976390190933,,0.0,0.0,0.0,1393.3333333333333,38.41360241184171,optimal
2021-02-12 23:00:00,44,120,0.0,0.2322222222222222,0.0,1.7130333333333334,9.8385,6.0,-11,19.844843254691323,,0.0,0.0,0.0,209.0,38.375188809429865,optimal
2021-02-12 23:30:00,44,120,0.0,0.1548148148148148,0.0,0.5556333333333333,11.067,6.0,-11,19.827615490509555,,0.0,0.0,0.0,139.33333333333331,38.33681362062043,optimal
2021-02-13 00:00:00,44,120,0.0,0.0,0.0,0.052,27.3735,6.0,14,19.827615490509555,,0.0,0.0,0.0,0.0,38.298476806999815,optimal
2021-02-13 00:30:00,44,120,0.0,0.0,0.0,0.052,30.4605,6.0,14,19.789432638048456,,0.0,0.0,0.0,0.0,38.260178330192815,optimal
2021-02-13 01:00:00,44,120,0.0,0.0,0.0,0.052,30.0195,6.0,14,19.751424613635656,,0.0,0.0,0.0,0.0,38.221918151862624,optimal
2021-02-13 01:30:00,44,120,0.0,0.0,0.0,0.052,26.9325,6.0,14,19.71359107066356,,0.0,0.0,0.0,0.0,38.18369623371076,optimal
2021-02-13 02:00:00,44,120,1.1428571428571428,0.0,0.0,0.052,14.595,6.0,14,19.67593166321173,,4000.0,0.0,0.0,0.0,38.14551253747705,optimal
2021-02-13 02:30:00,44,120,1.1428571428571428,0.0,0.0,0.052,12.4845,6.0,14,19.68717541896357,,4000.0,0.0,0.0,0.0,38.10736702493958,optimal
2021-02-13 03:00:00,44,120,1.1428571428571428,0.0,0.0,0.052,12.1275,6.0,14,19.69839688326283,,4000.0,0.0,0.0,0.0,38.06925965791464,optimal
2021-02-13 03:30:00,44,120,1.1428571428571428,0.0,0.0,0.052,12.1275,6.0,14,19.70959610030372,,4000.0,0.0,0.0,0.0,38.03119039825672,optimal
2021-02-13 04:00:00,44,120,1.1428571428571428,0.0,0.0,0.052,12.789,6.0,14,19.720673986049764,,4000.0,0.0,0.0,0.0,37.99315920785846,optimal
2021-02-13 04:30:00,44,120,1.1428571428571428,0.0,0.0,0.052,11.907,6.0,14,19.73163078104788,,4000.0,0.0,0.0,0.0,37.95516604865061,optimal
2021-02-13 05:00:00,44,120,1.1428571428571428,0.0,0.0,0.051,11.025,6.0,14,19.74236759722501,,4000.0,0.0,0.0,0.0,37.91721088260195,optimal
2021-02-13 05:30:00,44,120,1.1428571428571428,0.0774074074074074,5.0,1.0703,8.2005,6.0,14,19.754008894904977,,4000.0,0.0,0.0,69.66666666666666,40.25429367171935,optimal
2021-02-13 06:00:00,44,120,1.1428571428571428,0.2322222222222222,5.0,1.6862,9.5655,6.0,14,19.768813883191932,,4000.0,0.0,0.0,209.0,42.58903937804762,optimal
2021-02-13 06:30:00,44,120,1.1428571428571428,4.954074074074073,5.0,0.467,7.056,6.0,14,19.79362349770595,,4000.0,0.0,0.0,4458.666666666666,44.92145033866957,optimal
2021-02-13 07:00:00,44,120,1.1428571428571428,1.8004962962962965,5.0,0.0583333333333333,9.3975,6.0,14,19.81173410785519,,4000.0,0.0,0.0,1620.446666666667,47.2515288883309,optimal
2021-02-13 07:30:00,44,120,1.1428571428571428,19.494592616836357,1.6752055590682715,0.068,10.059,6.0,14,19.82566108570501,,4000.0,13104.580021819387,0.0,4440.553333333333,48.0,optimal
2021-02-13 08:00:00,44,120,1.1428571428571428,0.5418518518518518,0.0,0.075,9.261,6.0,14,20.0,,4000.0,0.0,0.0,487.6666666666667,47.50386386092389,optimal
2021-02-13 08:30:00,44,120,1.1428571428571428,0.0,0.0,0.062,8.1585,6.0,14,20.01277020323776,,4000.0,0.0,0.0,0.0,47.00822385798686,optimal
2021-02-13 09:00:00,44,120,1.1428571428571428,0.0,0.0,0.062,9.4815,6.0,14,20.020107797748175,,4000.0,0.0,0.0,0.0,46.51307949505277,optimal
2021-02-13 09:30:00,44,120,1.1428571428571428,0.0,0.0,0.062,8.379,6.0,14,20.029274926652764,,4000.0,0.0,0.0,0.0,46.01843027648162,optimal
2021-02-13 10:00:00,44,120,1.1428571428571428,0.0,0.0,0.062,9.5235,6.0,14,20.038919521863377,,4000.0,0.0,0.0,0.0,45.52427570712903,optimal
2021-02-13 10:30:00,44,120,1.1428571428571428,0.0,0.0,0.062,8.1375,6.0,14,20.052013520502666,,4000.0,0.0,0.0,0.0,45.03061529234579,optimal
2021-02-13 11:00:00,44,120,1.1428571428571428,0.0,0.0,0.062,10.0905,6.0,14,20.06518068760961,,4000.0,0.0,0.0,0.0,44.53744853797734,optimal
2021-02-13 11:30:00,44,120,1.1428571428571428,0.0,0.0,0.062,7.539,6.0,14,20.08191078511007,,4000.0,0.0,0.0,0.0,44.044774950363255,optimal
2021-02-13 12:00:00,44,120,1.1428571428571428,0.0,0.0,0.062,7.938,6.0,14,20.098706842283622,,4000.0,0.0,0.0,0.0,43.55259403633679,optimal
2021-02-13 12:30:00,44,120,1.1428571428571428,0.0,0.0,0.062,8.274,6.0,14,20.11699054231872,,4000.0,0.0,0.0,0.0,43.060905303224345,optimal
2021-02-13 13:00:00,44,120,1.1428571428571428,0.0,0.0,0.062,9.261,6.0,14,20.135436250055285,,4000.0,0.0,0.0,0.0,42.56970825884502,optimal
2021-02-13 13:30:00,44,120,1.1428571428571428,0.0,0.0,0.062,9.9225,6.0,14,20.154689923374537,,4000.0,0.0,0.0,0.0,42.07900241151007,optimal
2021-02-13 14:00:00,44,120,1.1428571428571428,0.0,0.0,0.062,9.702,6.0,14,20.174103681362254,,4000.0,0.0,0.0,0.0,41.58878727002245,optimal
2021-02-13 14:30:00,44,120,1.1428571428571428,0.0,0.0,0.1256333333333333,10.584,6.0,14,20.191059776400326,,4000.0,0.0,0.0,0.0,41.09906234367632,optimal
2021-02-13 15:00:00,44,120,1.1428571428571428,0.0,0.0,0.0959666666666666,10.143,6.0,14,20.212197029763,,4000.0,0.0,0.0,0.0,40.60982714225654,optimal
2021-02-13 15:30:00,44,120,0.0,0.3096296296296296,0.0,0.1179333333333333,13.0095,6.0,14,20.231365566537832,,0.0,0.0,0.0,278.66666666666663,40.12108117603818,optimal
2021-02-13 16:00:00,44,120,1.1428571428571428,0.2322222222222222,0.0,0.3653333333333333,11.025,6.0,14,20.202912183737634,,4000.0,0.0,0.0,209.0,39.63282395578604,optimal
2021-02-13 16:30:00,44,120,0.0,0.0,0.0,1.3595,12.789,6.0,14,20.2236579411344,,0.0,0.0,0.0,0.0,39.14505499275415,optimal
2021-02-13 17:00:00,44,120,0.1620161759998438,0.5418518518518518,0.0,0.4182,12.1275,6.0,14,20.20395747218937,,567.0566159994534,0.0,0.0,487.6666666666667,38.65777379868529,optimal
2021-02-13 17:30:00,44,120,0.0,0.8514814814814814,0.0,0.2944333333333333,12.1695,6.0,14,20.18216717597049,,0.0,0.0,0.0,766.3333333333333,38.1709798858105,optimal
2021-02-13 18:00:00,44,120,0.0,0.0,0.0,0.2028666666666666,12.306,6.0,14,20.151662226107028,,0.0,0.0,0.0,0.0,37.684672766848585,optimal
2021-02-13 18:30:00,44,120,0.0,0.1548148148148148,0.0,0.628,13.23,6.0,14,20.11911291254623,,0.0,0.0,0.0,139.33333333333331,37.19885195500563,optimal
2021-02-13 19:00:00,44,120,0.0,0.2322222222222222,0.0,0.6268666666666667,13.671,6.0,14,20.091465287379176,,0.0,0.0,0.0,209.0,36.71351696397452,optimal
2021-02-13 19:30:00,44,120,0.0,0.0,0.0,0.2736666666666666,13.9335,6.0,14,20.06355244073336,,0.0,0.0,0.0,0.0,36.22866730793444,optimal
2021-02-13 20:00:00,44,120,0.0,0.0,0.0,0.241,13.293,6.0,14,20.031522796413057,,0.0,0.0,0.0,0.0,35.7443025015504,optimal
2021-02-13 20:30:00,44,120,0.0,0.1548148148148148,0.0,0.3842,12.1065,6.0,14,20.0,,0.0,0.0,0.0,139.33333333333331,35.26042205997275,optimal
2021-02-13 21:00:00,44,120,0.0,0.1548148148148148,0.0,0.2520666666666666,11.571,6.0,14,19.97158252398864,,0.0,0.0,0.0,139.33333333333331,34.77702549883667,optimal
2021-02-13 21:30:00,44,120,0.0,0.0,0.0,0.2498,11.025,6.0,14,19.9412936534172,,0.0,0.0,0.0,0.0,34.29411233426173,optimal
2021-02-13 22:00:00,44,120,0.0,0.0,0.0,0.5412,10.8465,6.0,14,19.909653259848668,,0.0,0.0,0.0,0.0,33.81168208285137,optimal
2021-02-13 22:30:00,44,120,0.0,0.0,0.0,0.2741,11.2455,6.0,14,19.88351456043841,,0.0,0.0,0.0,0.0,33.77787040076852,optimal
2021-02-13 23:00:00,44,120,0.0,0.3096296296296296,0.0,0.2130666666666666,23.8665,6.0,14,19.85523449986823,,0.0,0.0,0.0,278.66666666666663,33.74409253036775,optimal
2021-02-13 23:30:00,44,120,0.0,0.0,0.0,0.2517666666666667,27.4575,6.0,14,19.827052377425744,,0.0,0.0,0.0,0.0,33.71034843783738,optimal
2021-02-07 00:00:00,45,120,0.0,0.0,0.0,0.1575666666666666,5.292,6.0,1,21.0,,0.0,0.0,0.0,0.0,47.952,optimal
2021-02-07 00:30:00,45,120,0.0,0.4644444444444444,0.0,1.0209333333333332,9.261,6.0,1,20.9672535945322,,0.0,0.0,0.0,418.0,47.904048,optimal
2021-02-07 01:00:00,45,120,0.0,0.0,0.0,0.061,10.3635,6.0,1,20.93726261302779,,0.0,0.0,0.0,0.0,47.856143952,optimal
2021-02-07 01:30:00,45,120,0.0,0.0,0.0,0.2003333333333332,8.274,6.0,1,20.90314514722623,,0.0,0.0,0.0,0.0,47.80828780804799,optimal
2021-02-07 02:00:00,45,120,0.0,0.0,0.0,0.061,7.7175,6.0,1,20.8706935997922,,0.0,0.0,0.0,0.0,47.76047952023995,optimal
2021-02-07 02:30:00,45,120,0.0,0.0,0.0,0.1116666666666666,6.615,6.0,1,20.836509854957857,,0.0,0.0,0.0,0.0,47.712719040719705,optimal
2021-02-07 03:00:00,45,120,0.0,0.0,0.0,0.1496666666666666,6.174,6.0,1,20.80281286398398,,0.0,0.0,0.0,0.0,47.66500632167899,optimal
2021-02-07 03:30:00,45,120,0.0,0.0,0.0,0.061,3.906,6.0,1,20.76944735216953,,0.0,0.0,0.0,0.0,47.61734131535731,optimal
2021-02-07 04:00:00,45,120,0.4206639045945482,0.0,0.0,0.1496666666666666,2.3415,6.0,1,20.73496869367024,,1472.3236660809189,0.0,0.0,0.0,47.56972397404195,optimal
2021-02-07 04:30:00,45,120,1.1428571428571428,0.0,0.0,0.1116666666666666,2.205,6.0,1,20.719475783147196,,4000.0,0.0,0.0,0.0,47.52215425006791,optimal
2021-02-07 05:00:00,45,120,1.1428571428571428,0.0,2.2243151165783925,0.061,0.882,6.0,1,20.734343679923327,,4000.0,0.0,0.0,0.0,48.53118177619257,optimal
2021-02-07 05:30:00,45,120,1.1428571428571428,0.0,0.0,0.061,1.5435,6.0,1,20.748564861435863,,4000.0,0.0,0.0,0.0,48.48265059441637,optimal
2021-02-07 06:00:00,45,120,1.1428571428571428,0.0,0.0,0.2003333333333332,1.5435,6.0,1,20.76275784856208,,4000.0,0.0,0.0,0.0,48.434167943821954,optimal
2021-02-07 06:30:00,45,120,0.0,0.0,0.0,0.061,5.0715,6.0,1,20.778620103689107,,0.0,0.0,0.0,0.0,48.38573377587813,optimal
2021-02-07 07:00:00,45,120,0.0,0.0,0.0,0.061,5.376,6.0,1,20.743925003347183,,0.0,0.0,0.0,0.0,48.33734804210225,optimal
2021-02-07 07:30:00,45,120,0.0,0.0,0.0,0.0736666666666666,5.0715,6.0,1,20.7091995600796,,0.0,0.0,0.0,0.0,48.28901069406015,optimal
2021-02-07 08:00:00,45,120,0.0,0.0,0.0,0.1876666666666666,5.5125,6.0,1,20.67439988743789,,0.0,0.0,0.0,0.0,48.24072168336608,optimal
2021-02-07 08:30:00,45,120,0.0,0.6966666666666667,0.0,1.0389333333333337,9.261,6.0,1,20.640760610033706,,0.0,0.0,0.0,627.0,48.19248096168271,optimal
2021-02-07 09:00:00,45,120,0.0,2.786666666666666,0.0,0.6558333333333334,11.7075,6.0,1,20.61224852490431,,0.0,0.0,0.0,2508.0,48.144288480721016,optimal
2021-02-07 09:30:00,45,120,0.0,2.4770370370370367,0.0,0.3268,12.348,6.0,1,20.58621097347612,,0.0,0.0,0.0,2229.333333333333,48.096144192240295,optimal
2021-02-07 10:00:00,45,120,0.0,0.1548148148148148,0.0,0.217,12.348,6.0,1,20.558423806945285,,0.0,0.0,0.0,139.33333333333331,48.048048048048045,optimal
2021-02-07 10:30:00,45,120,0.0,0.0,0.0,0.8126,12.1275,6.0,1,20.5302328570806,,0.0,0.0,0.0,0.0,48.0,optimal
2021-02-07 11:00:00,45,120,0.0,0.0,0.0,0.0836666666666666,12.5265,6.0,1,20.5079452321267,,0.0,0.0,0.0,0.0,47.89199051122743,optimal
2021-02-07 11:30:00,45,120,0.0,0.0,0.0,0.0836666666666666,11.7495,6.0,1,20.47468170260717,,0.0,0.0,0.0,0.0,47.78408903194363,optimal
2021-02-07 12:00:00,45,120,0.0,0.0,0.0,0.1976666666666666,13.23,6.0,1,20.44148412012591,,0.0,0.0,0.0,0.0,47.67629545413912,optimal
2021-02-07 12:30:00,45,120,0.0,0.0,0.0,0.071,14.3325,6.0,1,20.41087212944232,,0.0,0.0,0.0,0.0,47.568609669912405,optimal
2021-02-07 13:00:00,45,120,0.0,0.0,0.0,0.147,14.994,6.0,1,20.378777732145497,,0.0,0.0,0.0,0.0,47.46103157146992,optimal
2021-02-07 13:30:00,45,120,0.0,0.0,0.0,0.1343333333333333,14.8155,6.0,1,20.346638775579613,,0.0,0.0,0.0,0.0,47.35356105112588,optimal
2021-02-07 14:00:00,45,120,0.0,0.0,0.0,0.071,14.112,6.0,1,20.314508354977576,,0.0,0.0,0.0,0.0,47.24619800130218,optimal
2021-02-07 14:30:00,45,120,0.0,0.0,0.0,0.1976666666666666,14.007,6.0,1,20.282189296089253,,0.0,0.0,0.0,0.0,47.13894231452831,optimal
2021-02-07 15:00:00,45,120,0.0,0.0,0.0,1.0035333333333332,13.23,6.0,1,20.251576536718936,,0.0,0.0,0.0,0.0,47.03179388344121,optimal
2021-02-07 15:30:00,45,120,0.0,0.5418518518518518,0.0,0.6653333333333333,11.382,6.0,1,20.23443518152786,,0.0,0.0,0.0,487.6666666666667,46.9247526007852,optimal
2021-02-07 16:00:00,45,120,0.0,0.387037037037037,0.0,0.3323666666666667,11.7495,6.0,1,20.216041219451544,,0.0,0.0,0.0,348.3333333333333,46.81781835941184,optimal
2021-02-07 16:30:00,45,120,0.0,0.3096296296296296,0.0,0.253,24.3285,6.0,1,20.191151061392997,,0.0,0.0,0.0,278.66666666666663,46.71099105227985,optimal
2021-02-07 17:00:00,45,120,0.0,0.0,0.0,0.7136,28.917,6.0,1,20.165556207676318,,0.0,0.0,0.0,0.0,46.604270572455,optimal
2021-02-07 17:30:00,45,120,0.0,0.8514814814814814,0.0,1.1685666666666663,31.3635,6.0,1,20.142056631590147,,0.0,0.0,0.0,766.3333333333333,46.49765681310998,optimal
2021-02-07 18:00:00,45,120,0.0,0.4644444444444444,0.0,0.9661333333333332,33.306,6.0,1,20.118284476452157,,0.0,0.0,0.0,418.0,46.391149667524296,optimal
2021-02-07 18:30:00,45,120,0.0,0.0,0.0,0.1975666666666666,31.3425,6.0,1,20.097876798590192,,0.0,0.0,0.0,0.0,46.2847490290842,optimal
2021-02-07 19:00:00,45,120,0.0,0.1548148148148148,0.0,0.0743333333333333,28.2555,6.0,1,20.0748466463029,,0.0,0.0,0.0,139.33333333333331,46.17845479128255,optimal
2021-02-07 19:30:00,45,120,0.0,0.0,0.0,0.4686666666666667,15.6975,6.0,1,20.04691494823952,,0.0,0.0,0.0,0.0,46.07226684771869,optimal
2021-02-07 20:00:00,45,120,0.0,0.1548148148148148,0.0,0.2892,12.5475,6.0,1,20.023250468655927,,0.0,0.0,0.0,139.33333333333331,45.96618509209841,optimal
2021-02-07 20:30:00,45,120,0.0,0.3096296296296296,0.0,0.3835666666666666,12.0855,6.0,1,20.0,,0.0,0.0,0.0,278.66666666666663,45.86020941823374,optimal
2021-02-07 21:00:00,45,120,0.0,0.0,0.0,0.5530333333333333,11.907,6.0,1,19.978347973295687,,0.0,0.0,0.0,0.0,45.75433972004293,optimal
2021-02-07 21:30:00,45,120,0.0,0.0,0.0,0.5944333333333333,12.5685,6.0,1,19.95830218364024,,0.0,0.0,0.0,0.0,45.64857589155032,optimal
2021-02-07 22:00:00,45,120,0.0,0.0,0.0,0.3906666666666666,13.146,6.0,1,19.937164802414973,,0.0,0.0,0.0,0.0,45.60292731565877,optimal
2021-02-07 22:30:00,45,120,0.0,0.4644444444444444,0.0,0.4399333333333333,10.584,6.0,1,19.91592435749228,,0.0,0.0,0.0,418.0,45.55732438834311,optimal
2021-02-07 23:00:00,45,120,0.0,0.3096296296296296,0.0,0.3691666666666667,6.678,6.0,1,19.89711619882848,,0.0,0.0,0.0,278.66666666666663,45.51176706395477,optimal
2021-02-07 23:30:00,45,120,0.0,0.0774074074074074,0.0,0.7583333333333334,7.938,6.0,1,19.874739761003717,,0.0,0.0,0.0,69.66666666666666,45.466255296890814,optimal
2021-02-08 00:00:00,45,120,1.1428571428571428,0.0,0.0,0.0533333333333333,11.907,6.0,-12,19.874739761003717,,4000.0,0.0,0.0,0.0,45.42078904159392,optimal
2021-02-08 00:30:00,45,120,1.1428571428571428,0.0,5.0,0.054,11.025,6.0,-12,19.890319995559658,,4000.0,0.0,0.0,0.0,47.75036825255233,optimal
2021-02-08 01:00:00,45,120,1.1428571428571428,0.0,2.359521813138201,0.054,11.2875,6.0,-12,19.905377986810947,,4000.0,0.0,0.0,0.0,48.823390745540415,optimal
2021-02-08 01:30:00,45,120,1.1428571428571428,0.0,0.0,0.1082666666666666,12.936,6.0,-12,19.92040612464801,,4000.0,0.0,0.0,0.0,48.77456735479488,optimal
2021-02-08 02:00:00,45,120,1.1428571428571428,0.0,0.0,0.1152666666666666,13.0095,6.0,-12,19.93596643527332,,4000.0,0.0,0.0,0.0,48.72579278744007,optimal
2021-02-08 02:30:00,45,120,1.1428571428571428,0.0,0.0,0.057,13.671,6.0,-12,19.9513967684616,,4000.0,0.0,0.0,0.0,48.67706699465263,optimal
2021-02-08 03:00:00,45,120,1.1428571428571428,0.0,0.0,0.1625333333333333,13.188,6.0,-12,19.96623454302817,,4000.0,0.0,0.0,0.0,48.62838992765797,optimal
2021-02-08 03:30:00,45,120,1.1428571428571428,0.0,0.0,0.054,13.8495,6.0,-12,19.982464219235524,,4000.0,0.0,0.0,0.0,48.57976153773031,optimal
2021-02-08 04:00:00,45,120,1.1428571428571428,0.0,0.0,0.128,13.23,6.0,-12,19.997240400628,,4000.0,0.0,0.0,0.0,48.53118177619257,optimal
2021-02-08 04:30:00,45,120,1.1428571428571428,0.0,0.0,0.0885333333333333,13.3665,6.0,-12,20.012789652567925,,4000.0,0.0,0.0,0.0,48.48265059441637,optimal
2021-02-08 05:00:00,45,120,1.1428571428571428,0.0,0.0,0.054,13.0515,6.0,-12,20.027629024372843,,4000.0,0.0,0.0,0.0,48.434167943821954,optimal
2021-02-08 05:30:00,45,120,1.1428571428571428,0.0,0.0,0.0934666666666666,13.5345,6.0,-12,20.04182002298467,,4000.0,0.0,0.0,0.0,48.38573377587813,optimal
2021-02-08 06:00:00,45,120,1.1428571428571428,0.0,0.0,0.1300666666666666,14.154,6.0,-12,20.056364555386075,,4000.0,0.0,0.0,0.0,48.33734804210225,optimal
2021-02-08 06:30:00,45,120,1.1428571428571428,0.0,0.0,0.0623333333333333,14.112,6.0,-12,20.07114172155423,,4000.0,0.0,0.0,0.0,48.28901069406015,optimal
2021-02-08 07:00:00,45,120,0.8736367201316881,0.0,0.0,0.1625333333333333,14.2485,6.0,-12,20.08494906907943,,3057.7285204609084,0.0,0.0,0.0,48.24072168336608,optimal
2021-02-08 07:30:00,45,120,1.1428571428571428,0.0,0.0,0.054,12.789,6.0,-12,20.08847303026653,,4000.0,0.0,0.0,0.0,48.19248096168271,optimal
2021-02-08 08:00:00,45,120,1.1428571428571428,0.0,0.0,0.0583333333333333,13.0095,6.0,-12,20.10234514552581,,4000.0,0.0,0.0,0.0,48.144288480721016,optimal
2021-02-08 08:30:00,45,120,1.1428571428571428,0.0,0.0,0.1556666666666666,12.1275,6.0,-12,20.116420328684278,,4000.0,0.0,0.0,0.0,48.096144192240295,optimal
2021-02-08 09:00:00,45,120,1.1428571428571428,0.0,0.0,0.0678666666666666,12.348,6.0,-12,20.131471341819854,,4000.0,0.0,0.0,0.0,48.048048048048045,optimal
2021-02-08 09:30:00,45,120,1.1428571428571428,0.4644444444444444,0.0,0.0878666666666666,12.348,6.0,-12,20.14815197932093,,4000.0,0.0,0.0,418.0,48.0,optimal
2021-02-08 10:00:00,45,120,0.0,0.0,0.0,0.2147333333333333,25.389,6.0,-12,20.166903978417835,,0.0,0.0,0.0,0.0,47.53325439363163,optimal
2021-02-08 10:30:00,45,120,0.0,0.3096296296296296,0.0,1.8276666666666668,29.1375,6.0,-12,20.14209324305394,,0.0,0.0,0.0,278.66666666666663,47.06697553286963,optimal
2021-02-08 11:00:00,45,120,0.0,0.2322222222222222,0.0,0.1872666666666667,30.597,6.0,-12,20.129964651207125,,0.0,0.0,0.0,209.0,46.60116295096839,optimal
2021-02-08 11:30:00,45,120,0.0,0.0,0.0,0.2861666666666667,33.684,6.0,-12,20.103766030527936,,0.0,0.0,0.0,0.0,46.13581618164905,optimal
2021-02-08 12:00:00,45,120,0.0,0.0,0.0,0.073,32.445,6.0,-12,20.078120946893677,,0.0,0.0,0.0,0.0,45.67093475909903,optimal
2021-02-08 12:30:00,45,120,0.0,0.3096296296296296,0.0,0.1028333333333333,28.917,6.0,-12,20.05106519769141,,0.0,0.0,0.0,278.66666666666663,45.20651821797156,optimal
2021-02-08 13:00:00,45,120,0.0,0.387037037037037,0.0,0.1777666666666666,15.876,6.0,-12,20.024847405377784,,0.0,0.0,0.0,348.3333333333333,44.74256609338522,optimal
2021-02-08 13:30:00,45,120,0.5382304914255149,0.0,0.0,0.3446666666666667,12.348,6.0,-12,20.0,,1883.8067199893023,0.0,0.0,0.0,44.27907792092347,optimal
2021-02-08 14:00:00,45,120,0.879242366983327,0.0,0.0,0.2642,12.1275,6.0,-12,20.0,,3077.3482844416444,0.0,0.0,0.0,43.816053236634176,optimal
2021-02-08 14:30:00,45,120,0.0,5.805555555555555,0.0,1.129733333333333,12.348,6.0,-12,20.013694423956245,,0.0,0.0,0.0,5225.0,43.353491577029175,optimal
2021-02-08 15:00:00,45,120,0.447896799877186,0.1548148148148148,0.0,0.7288,12.1275,6.0,-12,20.0,,1567.6387995701514,0.0,0.0,139.33333333333331,42.89139247908378,optimal
2021-02-08 15:30:00,45,120,0.5205585996395319,0.0,0.0,0.2389333333333333,12.1275,6.0,-12,20.0,,1821.9550987383616,0.0,0.0,0.0,42.42975548023632,optimal
2021-02-08 16:00:00,45,120,0.7318163824732866,0.0,0.0,0.112,11.2665,6.0,-12,20.0,,2561.357338656503,0.0,0.0,0.0,41.96858011838772,optimal
2021-02-08 16:30:00,45,120,1.1428571428571428,0.1548148148148148,0.0,0.3735333333333334,10.143,6.0,-12,20.0,,4000.0,0.0,0.0,139.33333333333331,41.507865931900966,optimal
2021-02-08 17:00:00,45,120,0.0144720359535211,0.0,0.0,0.4522333333333334,11.2455,6.0,-12,20.0241831479275,,50.65212583732408,0.0,0.0,0.0,41.0476124596007,optimal
2021-02-08 17:30:00,45,120,0.5902179731413143,0.0,0.0,0.241,11.025,6.0,-12,20.0,,2065.7629059946,0.0,0.0,0.0,40.58781924077273,optimal
2021-02-08 18:00:00,45,120,1.1428571428571428,0.0,0.0,0.4205,5.9745,6.0,-12,20.0,,4000.0,0.0,0.0,0.0,40.12848581516359,optimal
2021-02-08 18:30:00,45,120,0.4780067908769983,0.1548148148148148,0.0,0.2076,7.938,6.0,-12,20.025928777615835,,1673.023768069494,0.0,0.0,139.33333333333331,39.66961172298006,optimal
2021-02-08 19:00:00,45,120,0.0,0.6192592592592592,0.0,0.282,8.6835,6.0,-12,20.02366892627854,,0.0,0.0,0.0,557.3333333333333,39.21119650488871,optimal
2021-02-08 19:30:00,45,120,0.5229086738575336,0.2322222222222222,0.0,0.1760666666666666,7.665,6.0,-12,20.0,,1830.1803585013677,0.0,0.0,209.0,38.753239702015456,optimal
2021-02-08 20:00:00,45,120,0.5562451793322436,0.387037037037037,0.0,0.3158,6.7725,6.0,-12,20.0,,1946.858127662853,0.0,0.0,348.3333333333333,38.29574085594507,optimal
2021-02-08 20:30:00,45,120,0.0,0.0,0.0,0.2103,5.5755,6.0,-12,20.0,,0.0,0.0,0.0,0.0,37.83869950872076,optimal
2021-02-08 21:00:00,45,120,0.0,0.2322222222222222,0.0,1.8613,5.0925,6.0,-12,19.97424369772156,,0.0,0.0,0.0,209.0,37.80086080921204,optimal
2021-02-08 21:30:00,45,120,0.0,2.39962962962963,0.0,0.5233666666666666,4.1895,6.0,-12,19.96043337112238,,0.0,0.0,0.0,2159.6666666666665,37.76305994840283,optimal
2021-02-08 22:00:00,45,120,0.0,2.70925925925926,0.0,0.1633666666666667,7.056,6.0,-12,19.938000608631555,,0.0,0.0,0.0,2438.333333333333,37.72529688845442,optimal
2021-02-08 22:30:00,45,120,0.0,0.0,0.0,0.9923333333333334,5.271,6.0,-12,19.912804344426903,,0.0,0.0,0.0,0.0,37.68757159156597,optimal
2021-02-08 23:00:00,45,120,0.0,0.0,0.0,0.1478666666666666,7.938,6.0,-12,19.88223948508568,,0.0,0.0,0.0,0.0,37.6498840199744,optimal
2021-02-08 23:30:00,45,120,0.0,0.0,0.0,0.0886666666666666,7.938,6.0,-12,19.8480197657687,,0.0,0.0,0.0,0.0,37.61223413595442,optimal
2021-02-09 00:00:00,45,120,1.1428571428571428,0.4644444444444444,5.0,0.1031333333333333,11.361,6.0,-10,19.8480197657687,,4000.0,0.0,0.0,418.0,39.94962190181847,optimal
2021-02-09 00:30:00,45,120,1.1428571428571428,0.0774074074074074,5.0,0.0762,11.571,6.0,-10,19.862712498127333,,4000.0,0.0,0.0,69.66666666666666,42.28467227991665,optimal
2021-02-09 01:00:00,45,120,1.1428571428571428,0.0,0.0,0.1886999999999999,14.3745,6.0,-10,19.877641721387665,,4000.0,0.0,0.0,0.0,42.24238760763673,optimal
2021-02-09 01:30:00,45,120,1.1428571428571428,0.0,5.0,0.1401,13.23,6.0,-10,19.8938465266472,,4000.0,0.0,0.0,0.0,44.57514522002909,optimal
2021-02-09 02:00:00,45,120,1.1428571428571428,0.0,0.0,0.0794,13.9755,6.0,-10,19.908166992443054,,4000.0,0.0,0.0,0.0,44.53057007480906,optimal
2021-02-09 02:30:00,45,120,1.1428571428571428,0.0,0.0,0.086,14.994,6.0,-10,19.9215213424951,,4000.0,0.0,0.0,0.0,44.48603950473425,optimal
2021-02-09 03:00:00,45,120,1.1428571428571428,0.0,5.0,0.1133,13.671,6.0,-10,19.93502874831708,,4000.0,0.0,0.0,0.0,46.81655346522952,optimal
2021-02-09 03:30:00,45,120,1.1428571428571428,0.0,0.0,0.1731,15.981,6.0,-10,19.94894108097116,,4000.0,0.0,0.0,0.0,46.76973691176429,optimal
2021-02-09 04:00:00,45,120,1.1428571428571428,0.0,0.0,0.0794,15.6345,6.0,-10,19.963752591962457,,4000.0,0.0,0.0,0.0,46.72296717485253,optimal
2021-02-09 04:30:00,45,120,1.1428571428571428,0.0,0.0,0.1596,16.5375,6.0,-10,19.97759150892768,,4000.0,0.0,0.0,0.0,46.67624420767768,optimal
2021-02-09 05:00:00,45,120,1.1428571428571428,0.0,0.0,0.1531999999999999,14.7735,6.0,-10,19.992181757010957,,4000.0,0.0,0.0,0.0,46.62956796347,optimal
2021-02-09 05:30:00,45,120,1.1428571428571428,0.0,0.0,0.1061,15.2145,6.0,-10,20.006466855727435,,4000.0,0.0,0.0,0.0,46.58293839550653,optimal
2021-02-09 06:00:00,45,120,1.1428571428571428,0.0,0.0,0.2067,14.553,6.0,-10,20.020149844971623,,4000.0,0.0,0.0,0.0,46.53635545711102,optimal
2021-02-09 06:30:00,45,120,1.1428571428571428,0.1548148148148148,0.0,0.1052999999999999,14.3325,6.0,-10,20.035031250558387,,4000.0,0.0,0.0,139.33333333333331,46.48981910165391,optimal
2021-02-09 07:00:00,45,120,1.1428571428571428,1.315925925925926,0.0,0.1870666666666666,14.595,6.0,-10,20.049334496214875,,4000.0,0.0,0.0,1184.3333333333333,46.443329282552256,optimal
2021-02-09 07:30:00,45,120,1.1428571428571428,7.006918518518517,0.0,0.1659333333333333,14.994,6.0,-10,20.06608804047202,,4000.0,0.0,0.0,6306.226666666666,46.3968859532697,optimal
2021-02-09 08:00:00,45,120,1.1428571428571428,0.4241925925925927,0.0,0.3290666666666667,14.3325,6.0,-10,20.08438914167801,,4000.0,0.0,0.0,381.7733333333335,46.35048906731643,optimal
2021-02-09 08:30:00,45,120,1.1428571428571428,0.2740222222222222,3.570234572107124,1.4973,13.8915,6.0,-10,20.10379087846845,,4000.0,0.0,0.0,246.62,48.0,optimal
2021-02-09 09:00:00,45,120,1.1428571428571428,0.5000518518518519,0.0,0.0943333333333333,13.8915,6.0,-10,20.126727610266567,,4000.0,0.0,0.0,450.04666666666674,47.74985602909972,optimal
2021-02-09 09:30:00,45,120,1.1428571428571428,0.0,0.0,0.2296,13.4715,6.0,-10,20.1424521056614,,4000.0,0.0,0.0,0.0,47.49996220217034,optimal
2021-02-09 10:00:00,45,120,1.1428571428571428,0.0,0.0,0.1032,13.23,6.0,-10,20.156485649460382,,4000.0,0.0,0.0,0.0,47.25031826906789,optimal
2021-02-09 10:30:00,45,120,1.1428571428571428,0.0,0.0,0.1291,13.8915,6.0,-10,20.17242223341968,,4000.0,0.0,0.0,0.0,47.00092397989855,optimal
2021-02-09 11:00:00,45,120,0.0,0.0,0.0,0.2037,26.9325,6.0,-10,20.18913838550446,,0.0,0.0,0.0,0.0,46.75177908501836,optimal
2021-02-09 11:30:00,45,120,0.0,0.0,0.0,0.063,30.303,6.0,-10,20.161178525516565,,0.0,0.0,0.0,0.0,46.50288333503306,optimal
2021-02-09 12:00:00,45,120,0.0,0.0,0.0,0.1827,32.886,6.0,-10,20.131659170159367,,0.0,0.0,0.0,0.0,46.25423648079775,optimal
2021-02-09 12:30:00,45,120,0.0,0.0,0.0,0.1500999999999999,34.9965,6.0,-10,20.105629902715236,,0.0,0.0,0.0,0.0,46.00583827341667,optimal
2021-02-09 13:00:00,45,120,0.0,0.0,0.0,0.063,33.327,6.0,-10,20.079155967397693,,0.0,0.0,0.0,0.0,45.757688464242975,optimal
2021-02-09 13:30:00,45,120,0.0,0.0,0.0,0.2104,31.122,6.0,-10,20.052026703432904,,0.0,0.0,0.0,0.0,45.50978680487845,optimal
2021-02-09 14:00:00,45,120,0.0263843793922319,0.0,0.0,0.063,17.9025,6.0,-10,20.02664777418827,,92.34532787281174,0.0,0.0,0.0,45.26213304717329,optimal
2021-02-09 14:30:00,45,120,0.6161300734139766,0.0,0.0,0.1901,15.6555,6.0,-10,20.0,,2156.4552569489183,0.0,0.0,0.0,45.01472694322584,optimal
2021-02-09 15:00:00,45,120,0.5742413455127864,0.0,0.0,0.3395666666666667,14.553,6.0,-10,20.0,,2009.8447092947529,0.0,0.0,0.0,44.76756824538233,optimal
2021-02-09 15:30:00,45,120,0.5551365836079681,0.1548148148148148,0.0,0.1300333333333333,14.3325,6.0,-10,20.0,,1942.9780426278885,0.0,0.0,139.33333333333331,44.52065670623666,optimal
2021-02-09 16:00:00,45,120,0.5279172053818496,6.347407407407409,0.0,0.3089333333333333,13.335,6.0,-10,20.0,,1847.7102188364736,0.0,0.0,5712.666666666668,44.273992078630144,optimal
2021-02-09 16:30:00,45,120,1.087274171974727,0.2322222222222222,0.0,0.2459666666666666,12.1275,6.0,-10,20.0,,3805.459601911544,0.0,0.0,209.0,44.027574115651234,optimal
2021-02-09 17:00:00,45,120,0.0,0.2322222222222222,0.0,0.2341666666666666,12.2955,6.0,-10,20.02498203053649,,0.0,0.0,0.0,209.0,43.7814025706353,optimal
2021-02-09 17:30:00,45,120,0.6914620353396936,0.387037037037037,0.0,0.106,11.6865,6.0,-10,20.0,,2420.117123688928,0.0,0.0,348.3333333333333,43.53547719716438,optimal
2021-02-09 18:00:00,45,120,0.6284367202885472,0.5418518518518518,0.0,0.1926333333333333,11.466,6.0,-10,20.0,,2199.5285210099155,0.0,0.0,487.6666666666667,43.289797749066935,optimal
2021-02-09 18:30:00,45,120,1.1428571428571428,0.0,0.0,0.2281333333333333,10.8045,6.0,-10,20.0,,4000.0,0.0,0.0,0.0,43.04436398041759,optimal
2021-02-09 19:00:00,45,120,1.1428571428571428,0.1548148148148148,0.0,0.3232,10.584,6.0,-10,20.023094983926555,,4000.0,0.0,0.0,139.33333333333331,42.79917564553688,optimal
2021-02-09 19:30:00,45,120,0.2494178035953429,0.0,0.0,0.1087333333333333,11.2455,6.0,-10,20.04640208527885,,872.9623125837002,0.0,0.0,0.0,42.55423249899107,optimal
2021-02-09 20:00:00,45,120,0.0,0.0,0.0,0.3747666666666666,12.1275,6.0,-10,20.027226139232813,,0.0,0.0,0.0,0.0,42.3095342955918,optimal
2021-02-09 20:30:00,45,120,0.0,0.0774074074074074,0.0,0.198,11.823,6.0,-10,20.0,,0.0,0.0,0.0,69.66666666666666,42.065080790395925,optimal
2021-02-09 21:00:00,45,120,0.0,0.0,0.0,0.3265,11.7705,6.0,-10,19.97054558916509,,0.0,0.0,0.0,0.0,41.82087173870525,optimal
2021-02-09 21:30:00,45,120,0.0,1.8577777777777775,0.0,0.2774666666666666,11.13,6.0,-10,19.941730175075545,,0.0,0.0,0.0,1672.0,41.57690689606626,optimal
2021-02-09 22:00:00,45,120,0.0,0.0,0.0,0.2131666666666666,11.6865,6.0,-10,19.91090720791731,,0.0,0.0,0.0,0.0,41.33318601826991,optimal
2021-02-09 22:30:00,45,120,0.0,0.0774074074074074,0.0,0.4079666666666666,10.7205,6.0,-10,19.87808757111837,,0.0,0.0,0.0,69.66666666666666,41.08970886135136,optimal
2021-02-09 23:00:00,45,120,0.0,0.0,0.0,0.1964,11.424,6.0,-10,19.849145713750005,,0.0,0.0,0.0,0.0,40.84647518158973,optimal
2021-02-09 23:30:00,45,120,0.0,0.387037037037037,0.0,0.3775,10.689,6.0,-10,19.819088120864997,,0.0,0.0,0.0,348.3333333333333,40.80562870640814,optimal
2021-02-10 00:00:00,45,120,0.0,0.0,0.0,0.043,34.9965,6.0,11,19.819088120864997,,0.0,0.0,0.0,0.0,40.764823077701735,optimal
2021-02-10 00:30:00,45,120,0.0,0.0,0.0,0.1830666666666666,27.741,6.0,11,19.78323826300729,,0.0,0.0,0.0,0.0,40.72405825462403,optimal
2021-02-10 01:00:00,45,120,1.1428571428571428,0.0,0.0,0.043,19.026,6.0,11,19.74896756366858,,4000.0,0.0,0.0,0.0,40.68333419636941,optimal
2021-02-10 01:30:00,45,120,1.1428571428571428,0.0,0.0,0.1321333333333333,18.7215,6.0,11,19.76158958456912,,4000.0,0.0,0.0,0.0,40.64265086217304,optimal
2021-02-10 02:00:00,45,120,1.1428571428571428,0.0,0.0,0.1933666666666667,17.4195,6.0,11,19.775074178093508,,4000.0,0.0,0.0,0.0,40.60200821131087,optimal
2021-02-10 02:30:00,45,120,1.1428571428571428,0.0,0.0,0.0482333333333333,16.758,6.0,11,19.789079746761196,,4000.0,0.0,0.0,0.0,40.56140620309956,optimal
2021-02-10 03:00:00,45,120,1.1428571428571428,0.0,0.0,0.2196999999999999,14.217,6.0,11,19.80128948442788,,4000.0,0.0,0.0,0.0,40.52084479689646,optimal
2021-02-10 03:30:00,45,120,1.1428571428571428,0.0,0.0,0.1110333333333333,13.3665,6.0,11,19.815563881307867,,4000.0,0.0,0.0,0.0,40.48032395209957,optimal
2021-02-10 04:00:00,45,120,1.1428571428571428,0.0,0.0,0.043,12.789,6.0,11,19.828486163667797,,4000.0,0.0,0.0,0.0,40.43984362814746,optimal
2021-02-10 04:30:00,45,120,1.1428571428571428,0.0,0.0,0.043,11.907,6.0,11,19.84055402137292,,4000.0,0.0,0.0,0.0,40.39940378451932,optimal
2021-02-10 05:00:00,45,120,1.1428571428571428,0.0,0.0,0.2144666666666666,11.7075,6.0,11,19.85239969750541,,4000.0,0.0,0.0,0.0,40.3590043807348,optimal
2021-02-10 05:30:00,45,120,1.1428571428571428,0.0,5.0,0.1162666666666666,10.8045,6.0,11,19.86611249833994,,4000.0,0.0,0.0,0.0,42.69364537635406,optimal
2021-02-10 06:00:00,45,120,1.1428571428571428,0.0,0.0,0.0698333333333333,11.508,6.0,11,19.87840355029354,,4000.0,0.0,0.0,0.0,42.65095173097771,optimal
2021-02-10 06:30:00,45,120,1.1428571428571428,0.2322222222222222,0.0,0.2668999999999999,11.508,6.0,11,19.889898189811767,,4000.0,0.0,0.0,209.0,42.60830077924673,optimal
2021-02-10 07:00:00,45,120,1.1428571428571428,1.0837037037037036,0.0,0.041,11.508,6.0,11,19.90502005085534,,4000.0,0.0,0.0,975.3333333333334,42.56569247846748,optimal
2021-02-10 07:30:00,45,120,1.1428571428571428,6.239032427489381,0.0,0.4986,11.844,6.0,11,19.91895438351311,,4000.0,5127.462518073776,0.0,487.6666666666667,42.52312678598901,optimal
2021-02-10 08:00:00,45,120,1.1428571428571428,0.3096296296296296,0.0,0.0838333333333333,11.508,6.0,11,20.0,,4000.0,0.0,0.0,278.66666666666663,42.48060365920303,optimal
2021-02-10 08:30:00,45,120,1.1428571428571428,0.0,1.896603420646736,0.1156666666666666,11.508,6.0,11,20.01526229591044,,4000.0,0.0,0.0,0.0,43.33900968035103,optimal
2021-02-10 09:00:00,45,120,1.1428571428571428,1.006296296296296,5.0,1.4814666666666667,10.4475,6.0,11,20.03168919549173,,4000.0,0.0,0.0,905.6666666666664,45.670670670670674,optimal
2021-02-10 09:30:00,45,120,1.1428571428571428,0.0774074074074074,5.0,0.1422,10.8675,6.0,11,20.062238125412435,,4000.0,0.0,0.0,69.66666666666666,48.0,optimal
2021-02-10 10:00:00,45,120,1.1428571428571428,0.0774074074074074,0.0,0.7303666666666667,10.542,6.0,11,20.08095568439198,,4000.0,0.0,0.0,69.66666666666666,47.78825784425241,optimal
2021-02-10 10:30:00,45,120,1.1428571428571428,0.2322222222222222,0.0,0.7714333333333333,11.025,6.0,11,20.109404977322622,,4000.0,0.0,0.0,209.0,47.576727430660576,optimal
2021-02-10 11:00:00,45,120,1.1428571428571428,0.4644444444444444,0.0,0.5135666666666667,11.025,6.0,11,20.138213826978312,,4000.0,0.0,0.0,418.0,47.36540854748233,optimal
2021-02-10 11:30:00,45,120,1.1428571428571428,2.2448148148148146,0.0,1.2828333333333333,14.553,6.0,11,20.161948041582495,,4000.0,0.0,0.0,2020.3333333333333,47.15430098318726,optimal
2021-02-10 12:00:00,45,120,1.1428571428571428,0.1548148148148148,0.0,0.2838,13.0935,6.0,11,20.19073636375655,,4000.0,0.0,0.0,139.33333333333331,46.94340452645649,optimal
2021-02-10 12:30:00,45,120,1.1428571428571428,0.3096296296296296,0.0,0.5741666666666666,15.6345,6.0,11,20.218821858417588,,4000.0,0.0,0.0,278.66666666666663,46.732718966182446,optimal
2021-02-10 13:00:00,45,120,0.0,0.0,0.0,1.4955,18.102,6.0,11,20.24584695336602,,0.0,0.0,0.0,0.0,46.52224409146868,optimal
2021-02-10 13:30:00,45,120,0.0,0.2322222222222222,0.0,2.464433333333333,17.199,6.0,11,20.2292428530197,,0.0,0.0,0.0,209.0,46.31197969162962,optimal
2021-02-10 14:00:00,45,120,0.0,0.0,0.0,3.4174333333333333,18.2805,6.0,11,20.21690026180461,,0.0,0.0,0.0,0.0,46.10192555619041,optimal
2021-02-10 14:30:00,45,120,0.0,0.0,0.0,1.0228666666666668,17.4615,6.0,11,20.213953412667955,,0.0,0.0,0.0,0.0,45.89208147488663,optimal
2021-02-10 15:00:00,45,120,0.0,0.2322222222222222,0.0,0.1879333333333333,18.3225,6.0,11,20.20117792501826,,0.0,0.0,0.0,209.0,45.68244723766416,optimal
2021-02-10 15:30:00,45,120,0.0,0.0,0.0,1.5111,17.094,6.0,11,20.181185954353158,,0.0,0.0,0.0,0.0,45.473022634678905,optimal
2021-02-10 16:00:00,45,120,0.0,0.0774074074074074,0.0,0.3486333333333333,17.094,6.0,11,20.165267418608803,,0.0,0.0,0.0,69.66666666666666,45.26380745629664,optimal
2021-02-10 16:30:00,45,120,0.0,0.0,0.0,0.1539,17.094,6.0,11,20.143182529881745,,0.0,0.0,0.0,0.0,45.05480149309276,optimal
2021-02-10 17:00:00,45,120,0.0,1.2385185185185184,0.0,0.1623,17.3565,6.0,11,20.11652365011796,,0.0,0.0,0.0,1114.6666666666663,44.84600453585208,optimal
2021-02-10 17:30:00,45,120,0.0,3.173703703703704,0.0,1.689466666666667,17.115,6.0,11,20.08556148674701,,0.0,0.0,0.0,2856.333333333333,44.63741637556865,optimal
2021-02-10 18:00:00,45,120,0.0,0.1548148148148148,0.0,0.4061333333333333,17.241,6.0,11,20.061273166369794,,0.0,0.0,0.0,139.33333333333331,44.42903680344549,optimal
2021-02-10 18:30:00,45,120,0.0,0.5418518518518518,0.0,0.3576666666666667,17.094,6.0,11,20.03256439891396,,0.0,0.0,0.0,487.6666666666667,44.220865610894464,optimal
2021-02-10 19:00:00,45,120,1.1428571428571428,0.4644444444444444,0.0,0.3776,16.5165,6.0,11,20.005717286119992,,4000.0,0.0,0.0,418.0,44.01290258953598,optimal
2021-02-10 19:30:00,45,120,0.0,0.2322222222222222,0.0,1.0093,17.8185,6.0,11,20.027927570180115,,0.0,0.0,0.0,209.0,43.80514753119886,optimal
2021-02-10 20:00:00,45,120,0.4733545311510851,0.0,0.0,2.7674666666666665,17.094,6.0,11,20.002610963620025,,1656.7408590287978,0.0,0.0,0.0,43.59760022792008,optimal
2021-02-10 20:30:00,45,120,0.0,0.1548148148148148,0.0,2.148033333333333,16.8945,6.0,11,20.0,,0.0,0.0,0.0,139.33333333333331,43.39026047194457,optimal
2021-02-10 21:00:00,45,120,0.0,1.548148148148148,0.0,0.051,18.123,6.0,11,19.97349418655709,,0.0,0.0,0.0,1393.3333333333333,43.18312805572504,optimal
2021-02-10 21:30:00,45,120,0.0,0.0,0.0,0.2700666666666667,31.647,6.0,11,19.93962077464088,,0.0,0.0,0.0,0.0,43.13994492766932,optimal
2021-02-10 22:00:00,45,120,0.0,0.0,0.0,0.4044666666666666,34.9965,6.0,11,19.90578519204445,,0.0,0.0,0.0,0.0,43.09680498274165,optimal
2021-02-10 22:30:00,45,120,0.0,0.0,0.0,0.1964666666666666,34.9965,6.0,11,19.87372131728848,,0.0,0.0,0.0,0.0,43.053708177758914,optimal
2021-02-10 23:00:00,45,120,0.0,0.0,0.0,0.3187333333333333,34.9965,6.0,11,19.839649787406767,,0.0,0.0,0.0,0.0,43.01065446958116,optimal
2021-02-10 23:30:00,45,120,0.0,0.0,0.0,0.1467333333333333,34.9965,6.0,11,19.80480824799285,,0.0,0.0,0.0,0.0,42.96764381511157,optimal
2021-02-11 00:00:00,45,120,1.1428571428571428,0.0,5.0,0.1080999999999999,12.684,6.0,-11,19.80480824799285,,4000.0,0.0,0.0,0.0,45.29967617129646,optimal
2021-02-11 00:30:00,45,120,1.1428571428571428,2.0899999999999994,5.0,0.2256,16.254,6.0,-11,19.81063321719441,,4000.0,0.0,0.0,1881.0,47.629376495125165,optimal
2021-02-11 01:00:00,45,120,1.1428571428571428,0.0774074074074074,2.2034585453219715,0.0640666666666666,17.64,6.0,-11,19.81946104599105,,4000.0,0.0,0.0,69.66666666666666,48.62838992765797,optimal
2021-02-11 01:30:00,45,120,1.1428571428571428,0.0,0.0,0.1618,19.1625,6.0,-11,19.827163682154104,,4000.0,0.0,0.0,0.0,48.57976153773031,optimal
2021-02-11 02:00:00,45,120,0.0,0.0,0.0,0.2379333333333333,26.46,6.0,-11,19.833747327060177,,0.0,0.0,0.0,0.0,48.53118177619257,optimal
2021-02-11 02:30:00,45,120,1.1428571428571428,0.0,0.0,0.1245999999999999,20.79,6.0,-11,19.792516028956243,,4000.0,0.0,0.0,0.0,48.48265059441637,optimal
2021-02-11 03:00:00,45,120,0.0,0.0,0.0,0.1881999999999999,29.106,6.0,-11,19.798516925558506,,0.0,0.0,0.0,0.0,48.434167943821954,optimal
2021-02-11 03:30:00,45,120,1.1428571428571428,0.0,0.0,0.2115333333333333,19.1835,6.0,-11,19.756353092831286,,4000.0,0.0,0.0,0.0,48.38573377587813,optimal
2021-02-11 04:00:00,45,120,1.1428571428571428,0.0,0.0,0.12,19.6665,6.0,-11,19.76378212086162,,4000.0,0.0,0.0,0.0,48.33734804210225,optimal
2021-02-11 04:30:00,45,120,1.1428571428571428,0.0,0.0,0.199,19.404,6.0,-11,19.77057697060862,,4000.0,0.0,0.0,0.0,48.28901069406015,optimal
2021-02-11 05:00:00,45,120,1.1428571428571428,0.0,0.0,0.0775333333333333,19.047,6.0,-11,19.77832075425399,,4000.0,0.0,0.0,0.0,48.24072168336608,optimal
2021-02-11 05:30:00,45,120,1.1428571428571428,0.0,0.0,0.3402,18.858,6.0,-11,19.784471977991387,,4000.0,0.0,0.0,0.0,48.19248096168271,optimal
2021-02-11 06:00:00,45,120,1.1428571428571428,0.0,0.0,0.068,19.2675,6.0,-11,19.79428217805821,,4000.0,0.0,0.0,0.0,48.144288480721016,optimal
2021-02-11 06:30:00,45,120,1.1428571428571428,0.0,0.0,0.2851333333333333,18.963,6.0,-11,19.801252535674987,,4000.0,0.0,0.0,0.0,48.096144192240295,optimal
2021-02-11 07:00:00,45,120,1.1428571428571428,0.0,0.0,0.0673333333333333,18.438,6.0,-11,19.811349907628195,,4000.0,0.0,0.0,0.0,48.048048048048045,optimal
2021-02-11 07:30:00,45,120,1.1428571428571428,15.476342069665426,0.0,2.1902,18.7425,6.0,-11,19.81991525145789,,4000.0,12605.041196032218,0.0,1323.6666666666667,48.0,optimal
2021-02-11 08:00:00,45,120,1.1428571428571428,0.0,0.0,0.2693333333333333,15.2145,6.0,-11,20.0,,4000.0,0.0,0.0,0.0,47.8873581606261,optimal
2021-02-11 08:30:00,45,120,1.1428571428571428,0.0774074074074074,0.0,0.0955666666666666,17.7765,6.0,-11,20.01326810102723,,4000.0,0.0,0.0,69.66666666666666,47.77482896309157,optimal
2021-02-11 09:00:00,45,120,1.1428571428571428,0.387037037037037,0.0,0.07,16.758,6.0,-11,20.02261953368443,,4000.0,0.0,0.0,348.3333333333333,47.66241229475458,optimal
2021-02-11 09:30:00,45,120,1.1428571428571428,0.3096296296296296,0.0,0.281,16.422,6.0,-11,20.03294010574011,,4000.0,0.0,0.0,278.66666666666663,47.55010804308593,optimal
2021-02-11 10:00:00,45,120,1.1428571428571428,0.0,0.0,0.2876666666666667,16.758,6.0,-11,20.049581395827992,,4000.0,0.0,0.0,0.0,47.43791609566895,optimal
2021-02-11 10:30:00,45,120,0.0,0.0,0.0,0.7561666666666667,29.358,6.0,-11,20.07457479706089,,0.0,0.0,0.0,0.0,47.32583634019938,optimal
2021-02-11 11:00:00,45,120,0.0,0.0,0.0,0.7561333333333333,34.9965,6.0,-11,20.0542432398309,,0.0,0.0,0.0,0.0,47.21386866448528,optimal
2021-02-11 11:30:00,45,120,0.0,0.0,0.0,0.3268,34.65,6.0,-11,20.03673880552692,,0.0,0.0,0.0,0.0,47.1020129564469,optimal
2021-02-11 12:00:00,45,120,0.0,4.650947058494131,0.0,0.2016,34.9965,6.0,-11,20.0148162113141,,0.0,333.28568597805184,0.0,3852.566666666666,46.99026910411656,optimal
2021-02-11 12:30:00,45,120,0.0,3.732700119947472,0.0,0.2719,34.9965,6.0,-11,20.0,,0.0,1359.996774619391,0.0,1999.4333333333336,46.878636995638544,optimal
2021-02-11 13:00:00,45,120,0.0,1.5069754400112831,0.0,0.3506333333333333,30.4815,6.0,-11,20.0,,0.0,1356.2778960101548,0.0,0.0,46.76711651926901,optimal
2021-02-11 13:30:00,45,120,0.4855915698134608,0.0,0.0,0.1054,21.4305,6.0,-11,20.0,,1699.5704943471128,0.0,0.0,0.0,46.65570756337584,optimal
2021-02-11 14:00:00,45,120,0.3785455914613753,0.2322222222222222,0.0,0.3763999999999999,14.3325,6.0,-11,20.0,,1324.9095701148135,0.0,0.0,209.0,46.54441001643857,optimal
2021-02-11 14:30:00,45,120,0.9495355055027028,0.0,0.0,0.3316,13.692,6.0,-11,20.0,,3323.37426925946,0.0,0.0,0.0,46.43322376704823,optimal
2021-02-11 15:00:00,45,120,0.0,0.0,0.0,0.0817,14.007,6.0,-11,20.02244847038447,,0.0,0.0,0.0,0.0,46.32214870390729,optimal
2021-02-11 15:30:00,45,120,0.5410582761070849,0.0,0.0,0.2692,12.873,6.0,-11,20.0,,1893.7039663747971,0.0,0.0,0.0,46.21118471582948,optimal
2021-02-11 16:00:00,45,120,0.6652222382170945,1.6255555555555554,0.0,0.2672,12.684,6.0,-11,20.0,,2328.27783375983,0.0,0.0,1463.0,46.10033169173976,optimal
2021-02-11 16:30:00,45,120,0.7058222234463885,0.0,0.0,0.3117333333333333,12.306,6.0,-11,20.0,,2470.3777820623595,0.0,0.0,0.0,45.98958952067412,optimal
2021-02-11 17:00:00,45,120,1.1428571428571428,0.387037037037037,0.0,0.9006000000000001,10.6365,6.0,-11,20.0,,4000.0,0.0,0.0,348.3333333333333,45.878958091779545,optimal
2021-02-11 17:30:00,45,120,1.1428571428571428,0.0,0.0,1.909,11.2455,6.0,-11,20.018524995543807,,4000.0,0.0,0.0,0.0,45.76843729431387,optimal
2021-02-11 18:00:00,45,120,1.1428571428571428,0.2322222222222222,0.0,0.3045333333333334,11.2455,6.0,-11,20.04335831608199,,4000.0,0.0,0.0,209.0,45.65802701764566,optimal
2021-02-11 18:30:00,45,120,1.1428571428571428,0.4644444444444444,0.0,0.3655,11.025,6.0,-11,20.052677952998827,,4000.0,0.0,0.0,418.0,45.54772715125412,optimal
2021-02-11 19:00:00,45,120,0.0,0.387037037037037,0.0,0.308,12.0855,6.0,-11,20.063706615134173,,0.0,0.0,0.0,348.3333333333333,45.437537584728965,optimal
2021-02-11 19:30:00,45,120,0.2484985291602631,0.0,0.0,0.6076666666666666,11.6865,6.0,-11,20.02472930369752,,869.7448520609211,0.0,0.0,0.0,45.327458207770334,optimal
2021-02-11 20:00:00,45,120,0.869555117359431,0.3096296296296296,0.0,0.3454,11.2245,6.0,-11,20.0,,3043.442910758009,0.0,0.0,278.66666666666663,45.21748891018866,optimal
2021-02-11 20:30:00,45,120,0.0,0.387037037037037,0.0,0.3809333333333333,11.025,6.0,-11,20.0,,0.0,0.0,0.0,348.3333333333333,45.107629581904575,optimal
2021-02-11 21:00:00,45,120,0.0,0.0,0.0,1.4241,10.7835,6.0,-11,19.96123413302543,,0.0,0.0,0.0,0.0,44.99788011294877,optimal
2021-02-11 21:30:00,45,120,0.0,0.0,0.0,0.3939,11.025,6.0,-11,19.92393696348697,,0.0,0.0,0.0,0.0,44.88824039346192,optimal
2021-02-11 22:00:00,45,120,0.0,0.6966666666666667,0.0,0.5331333333333333,10.584,6.0,-11,19.88495074055842,,0.0,0.0,0.0,627.0,44.84335215306846,optimal
2021-02-11 22:30:00,45,120,0.0,0.0,0.0,0.3904333333333333,11.025,6.0,-11,19.847678620634998,,0.0,0.0,0.0,0.0,44.79850880091539,optimal
2021-02-11 23:00:00,45,120,0.0,0.0,0.0,0.068,10.4265,6.0,-11,19.807359549835496,,0.0,0.0,0.0,0.0,44.75371029211448,optimal
2021-02-11 23:30:00,45,120,0.0,0.0,0.0,0.1571333333333333,12.789,6.0,-11,19.757842612663385,,0.0,0.0,0.0,0.0,44.70895658182236,optimal
2021-02-12 00:00:00,45,120,1.1428571428571428,0.0,0.0,0.0809,11.907,6.0,17,19.757842612663385,,4000.0,0.0,0.0,0.0,44.66424762524054,optimal
2021-02-12 00:30:00,45,120,0.0,0.0,0.0,0.095,25.83,6.0,17,19.75974575705845,,0.0,0.0,0.0,0.0,44.6195833776153,optimal
2021-02-12 01:00:00,45,120,0.0,0.0,0.0,0.044,28.035,6.0,17,19.711433976417307,,0.0,0.0,0.0,0.0,44.57496379423768,optimal
2021-02-12 01:30:00,45,120,0.0,0.0,0.0,0.0466666666666666,28.119,6.0,17,19.66132240431172,,0.0,0.0,0.0,0.0,44.53038883044344,optimal
2021-02-12 02:00:00,45,120,0.0,0.0,0.0,0.0486666666666666,30.156,6.0,17,19.61150843783405,,0.0,0.0,0.0,0.0,44.485858441613,optimal
2021-02-12 02:30:00,45,120,0.0,0.0,0.0,0.044,29.1585,6.0,17,19.56199148696243,,0.0,0.0,0.0,0.0,44.441372583171386,optimal
2021-02-12 03:00:00,45,120,0.0,0.0,0.0,0.044,26.712,6.0,17,19.513167475417024,,0.0,0.0,0.0,0.0,44.39693121058821,optimal
2021-02-12 03:30:00,45,120,1.1428571428571428,0.0,0.0,0.044,15.435,6.0,17,19.465035029402056,,4000.0,0.0,0.0,0.0,44.35253427937763,optimal
2021-02-12 04:00:00,45,120,1.1428571428571428,0.0,0.0,0.044,13.566,6.0,17,19.467115175907928,,4000.0,0.0,0.0,0.0,44.30818174509825,optimal
2021-02-12 04:30:00,45,120,1.1428571428571428,0.0,0.0,0.044,12.789,6.0,17,19.47057899239554,,4000.0,0.0,0.0,0.0,44.26387356335315,optimal
2021-02-12 05:00:00,45,120,1.1428571428571428,0.0,0.0,0.044,12.1275,6.0,17,19.47542373565217,,4000.0,0.0,0.0,0.0,44.2196096897898,optimal
2021-02-12 05:30:00,45,120,1.1428571428571428,0.0,0.0,0.044,13.671,6.0,17,19.481646667903703,,4000.0,0.0,0.0,0.0,44.17539008010001,optimal
2021-02-12 06:00:00,45,120,1.1428571428571428,0.0,0.0,0.044,10.668,6.0,17,19.489443313089943,,4000.0,0.0,0.0,0.0,44.13121469001991,optimal
2021-02-12 06:30:00,45,120,1.1428571428571428,0.0,0.0,0.044,11.7285,6.0,17,19.49881055122609,,4000.0,0.0,0.0,0.0,44.08708347532989,optimal
2021-02-12 07:00:00,45,120,1.1428571428571428,9.430288297022797,0.0,0.044,11.025,6.0,17,19.508357474509918,,4000.0,8487.259467320515,0.0,0.0,44.04299639185456,optimal
2021-02-12 07:30:00,45,120,1.1428571428571428,33.333333333333336,0.0,1.895,10.689,6.0,17,19.62147843461305,,4000.0,30000.0,0.0,0.0,43.99895339546271,optimal
2021-02-12 08:00:00,45,120,1.1428571428571428,0.2322222222222222,5.0,1.9253666666666664,8.1585,6.0,17,20.0,,4000.0,0.0,0.0,209.0,46.32995444206724,optimal
2021-02-12 08:30:00,45,120,1.1428571428571428,0.0,3.8158309570844633,2.6882,10.3635,6.0,17,20.013338894817053,,4000.0,0.0,0.0,0.0,48.096144192240295,optimal
2021-02-12 09:00:00,45,120,1.1428571428571428,2.2448148148148146,0.0,2.9086666666666665,10.8045,6.0,17,20.029316904442904,,4000.0,0.0,0.0,2020.3333333333333,48.048048048048045,optimal
2021-02-12 09:30:00,45,120,0.0,0.6966666666666667,0.0,1.8830666666666664,11.025,6.0,17,20.046848497080727,,0.0,0.0,0.0,627.0,48.0,optimal
2021-02-12 10:00:00,45,120,1.1428571428571428,0.1548148148148148,0.0,0.6958,10.3635,6.0,17,20.019280605147102,,4000.0,0.0,0.0,139.33333333333331,47.8077312126795,optimal
2021-02-12 10:30:00,45,120,1.1428571428571428,0.0,0.0,4.812666666666667,10.8045,6.0,17,20.04698822766106,,4000.0,0.0,0.0,0.0,47.61565469414632,optimal
2021-02-12 11:00:00,45,120,1.1428571428571428,0.2322222222222222,0.0,2.4281,10.059,6.0,17,20.080157931058103,,4000.0,0.0,0.0,209.0,47.42377025213168,optimal
2021-02-12 11:30:00,45,120,1.1428571428571428,0.3096296296296296,0.0,0.179,10.584,6.0,17,20.113566025622223,,4000.0,0.0,0.0,278.66666666666663,47.232077694559045,optimal
2021-02-12 12:00:00,45,120,1.1428571428571428,0.0,0.0,0.3087,9.4185,6.0,17,20.14343084721903,,4000.0,0.0,0.0,0.0,47.04057682954399,optimal
2021-02-12 12:30:00,45,120,1.1428571428571428,0.0,0.0,0.7007666666666666,10.3635,6.0,17,20.17606825931169,,4000.0,0.0,0.0,0.0,46.84926746539394,optimal
2021-02-12 13:00:00,45,120,1.1428571428571428,0.0,0.0,1.3824,9.8385,6.0,17,20.207894314343704,,4000.0,0.0,0.0,0.0,46.65814941060805,optimal
2021-02-12 13:30:00,45,120,0.3376442939655682,0.0774074074074074,0.0,1.3456,11.067,6.0,17,20.24484774618972,,1181.755028879489,0.0,0.0,69.66666666666666,46.46722247387694,optimal
2021-02-12 14:00:00,45,120,1.1428571428571428,0.6192592592592592,0.0,1.3456,10.8465,6.0,17,20.240073734403115,,4000.0,0.0,0.0,557.3333333333333,46.27648646408256,optimal
2021-02-12 14:30:00,45,120,0.0,0.6966666666666667,0.0,0.3676333333333333,13.671,6.0,17,20.268393724828872,,0.0,0.0,0.0,627.0,46.08594119029798,optimal
2021-02-12 15:00:00,45,120,0.0,0.2322222222222222,0.0,4.8466000000000005,12.348,6.0,17,20.24814048485608,,0.0,0.0,0.0,209.0,45.89558646178718,optimal
2021-02-12 15:30:00,45,120,0.0,0.0774074074074074,0.0,2.7075666666666667,14.3325,6.0,17,20.23682835633307,,0.0,0.0,0.0,69.66666666666666,45.705422088004894,optimal
2021-02-12 16:00:00,45,120,0.0,0.0,0.0,0.4893666666666666,15.393,6.0,17,20.2230758182699,,0.0,0.0,0.0,0.0,45.51544787859639,optimal
2021-02-12 16:30:00,45,120,0.0,0.6966666666666667,0.0,0.3153999999999999,13.587,6.0,17,20.203987897228743,,0.0,0.0,0.0,627.0,45.32566364339729,optimal
2021-02-12 17:00:00,45,120,0.0,0.4644444444444444,0.0,0.4198,16.1385,6.0,17,20.18682832956698,,0.0,0.0,0.0,418.0,45.1360691924334,optimal
2021-02-12 17:30:00,45,120,0.0,0.0,0.0,2.6260666666666665,14.595,6.0,17,20.16459656077692,,0.0,0.0,0.0,0.0,45.090933123240966,optimal
2021-02-12 18:00:00,45,120,0.0,0.0,0.0,1.3934666666666666,14.637,6.0,17,20.142962018510268,,0.0,0.0,0.0,0.0,45.045842190117725,optimal
2021-02-12 18:30:00,45,120,0.0,0.0,0.0,1.1342,13.9125,6.0,17,20.11841263709812,,0.0,0.0,0.0,0.0,45.0007963479276,optimal
2021-02-12 19:00:00,45,120,0.0,0.2322222222222222,0.0,0.0869333333333333,13.3665,6.0,17,20.09006469730115,,0.0,0.0,0.0,209.0,44.95579555157968,optimal
2021-02-12 19:30:00,45,120,0.0,0.387037037037037,0.0,0.1,13.0095,6.0,17,20.06158286943764,,0.0,0.0,0.0,348.3333333333333,44.910839756028096,optimal
2021-02-12 20:00:00,45,120,0.0,0.0,0.0,0.1729333333333333,13.8915,6.0,17,20.031397475900107,,0.0,0.0,0.0,0.0,44.86592891627207,optimal
2021-02-12 20:30:00,45,120,0.0,0.0,0.0,2.2075666666666667,13.188,6.0,17,20.0,,0.0,0.0,0.0,0.0,44.8210629873558,optimal
2021-02-12 21:00:00,45,120,0.0,0.6192592592592592,0.0,2.3828,12.5685,6.0,17,19.97121464439995,,0.0,0.0,0.0,557.3333333333333,44.77624192436844,optimal
2021-02-12 21:30:00,45,120,0.0,0.1548148148148148,0.0,1.2689,12.285,6.0,17,19.94323982207464,,0.0,0.0,0.0,139.33333333333331,44.73146568244408,optimal
2021-02-12 22:00:00,45,120,0.0,0.0,0.0,1.2878,11.487,6.0,17,19.913688966057,,0.0,0.0,0.0,0.0,44.68673421676163,optimal
2021-02-12 22:30:00,45,120,0.0,0.1548148148148148,0.0,1.1196,11.802,6.0,17,19.8819242472478,,0.0,0.0,0.0,139.33333333333331,44.64204748254487,optimal
2021-02-12 23:00:00,45,120,0.0,0.0,0.0,1.5450666666666666,11.2245,6.0,17,19.850831539936262,,0.0,0.0,0.0,0.0,44.59740543506232,optimal
2021-02-12 23:30:00,45,120,0.0,0.0,0.0,0.054,11.025,6.0,17,19.82241301998488,,0.0,0.0,0.0,0.0,44.55280802962726,optimal
2021-02-13 00:00:00,45,120,1.1428571428571428,0.0,0.0,0.065,8.1375,6.0,-7,19.82241301998488,,4000.0,0.0,0.0,0.0,44.50825522159763,optimal
2021-02-13 00:30:00,45,120,1.1428571428571428,0.0,0.0,0.1299,10.0905,6.0,-7,19.8341576331315,,4000.0,0.0,0.0,0.0,44.46374696637603,optimal
2021-02-13 01:00:00,45,120,1.1428571428571428,0.0,5.0,0.1299,7.539,6.0,-7,19.84676872406294,,4000.0,0.0,0.0,0.0,46.79428321940965,optimal
2021-02-13 01:30:00,45,120,1.1428571428571428,0.0,3.959791560984717,0.065,7.938,6.0,-7,19.859453940856927,,4000.0,0.0,0.0,0.0,48.62838992765797,optimal
2021-02-13 02:00:00,45,120,1.1428571428571428,0.0,0.0,0.1948,8.274,6.0,-7,19.871422502478683,,4000.0,0.0,0.0,0.0,48.57976153773031,optimal
2021-02-13 02:30:00,45,120,1.1428571428571428,0.0,0.0,0.065,9.261,6.0,-7,19.88504773196892,,4000.0,0.0,0.0,0.0,48.53118177619257,optimal
2021-02-13 03:00:00,45,120,1.1428571428571428,0.0,0.0,0.065,9.9225,6.0,-7,19.897064680434003,,4000.0,0.0,0.0,0.0,48.48265059441637,optimal
2021-02-13 03:30:00,45,120,1.1428571428571428,0.0,0.0,0.1948,9.702,6.0,-7,19.90905780454335,,4000.0,0.0,0.0,0.0,48.434167943821954,optimal
2021-02-13 04:00:00,45,120,1.1428571428571428,0.0,0.0,0.065,10.584,6.0,-7,19.92250929153837,,4000.0,0.0,0.0,0.0,48.38573377587813,optimal
2021-02-13 04:30:00,45,120,1.1428571428571428,0.0,0.0,0.065,10.143,6.0,-7,19.93425371382059,,4000.0,0.0,0.0,0.0,48.33734804210225,optimal
2021-02-13 05:00:00,45,120,1.1428571428571428,0.0,0.0,0.1712,13.0095,6.0,-7,19.945776595761224,,4000.0,0.0,0.0,0.0,48.28901069406015,optimal
2021-02-13 05:30:00,45,120,1.1428571428571428,0.0,0.0,0.0886,11.025,6.0,-7,19.958372141428907,,4000.0,0.0,0.0,0.0,48.24072168336608,optimal
2021-02-13 06:00:00,45,120,1.1428571428571428,0.0,0.0,0.065,12.789,6.0,-7,19.969738197798637,,4000.0,0.0,0.0,0.0,48.19248096168271,optimal
2021-02-13 06:30:00,45,120,1.1428571428571428,0.0,0.0,0.2031333333333333,12.1275,6.0,-7,19.98059596066077,,4000.0,0.0,0.0,0.0,48.144288480721016,optimal
2021-02-13 07:00:00,45,120,1.1428571428571428,0.0,0.0,0.0666666666666666,12.1695,6.0,-7,19.99291433733363,,4000.0,0.0,0.0,0.0,48.096144192240295,optimal
2021-02-13 07:30:00,45,120,1.1428571428571428,0.0774074074074074,0.0,0.1816666666666666,12.306,6.0,-7,20.00352789575612,,4000.0,0.0,0.0,69.66666666666666,48.048048048048045,optimal
2021-02-13 08:00:00,45,120,1.1428571428571428,0.0,0.0,0.2480666666666666,13.23,6.0,-7,20.017038444328637,,4000.0,0.0,0.0,0.0,48.0,optimal
2021-02-13 08:30:00,45,120,1.1428571428571428,0.1548148148148148,0.0,0.2778,13.671,6.0,-7,20.033706922095824,,4000.0,0.0,0.0,139.33333333333331,47.71511144209403,optimal
2021-02-13 09:00:00,45,120,0.3739736281189803,0.0774074074074074,0.0,1.2085,13.9335,6.0,-7,20.05129465180528,,1308.907698416431,0.0,0.0,69.66666666666666,47.43050777274596,optimal
2021-02-13 09:30:00,45,120,1.1428571428571428,0.0,0.0,2.303866666666667,13.293,6.0,-7,20.03995056021191,,4000.0,0.0,0.0,0.0,47.146188707067246,optimal
2021-02-13 10:00:00,45,120,1.1428571428571428,0.0,0.0,1.2359,12.1065,6.0,-7,20.073744246568964,,4000.0,0.0,0.0,0.0,46.86215396045421,optimal
2021-02-13 10:30:00,45,120,1.1428571428571428,0.4644444444444444,0.0,0.379,11.571,6.0,-7,20.102031080169063,,4000.0,0.0,0.0,418.0,46.57840324858778,optimal
2021-02-13 11:00:00,45,120,1.1428571428571428,0.0,0.0,0.2314,11.025,6.0,-7,20.12563153219792,,4000.0,0.0,0.0,0.0,46.29493628743322,optimal
2021-02-13 11:30:00,45,120,1.1428571428571428,0.0,0.0,0.3021,10.8465,6.0,-7,20.143501680035754,,4000.0,0.0,0.0,0.0,46.01175279323982,optimal
2021-02-13 12:00:00,45,120,1.1428571428571428,0.0,0.0,0.0733333333333333,11.2455,6.0,-7,20.161492784338407,,4000.0,0.0,0.0,0.0,45.72885248254061,optimal
2021-02-13 12:30:00,45,120,0.0,0.1548148148148148,0.0,0.3083333333333333,23.8665,6.0,-7,20.179816468930166,,0.0,0.0,0.0,139.33333333333331,45.4462350721521,optimal
2021-02-13 13:00:00,45,120,0.0,0.0,0.0,0.3706333333333333,27.4575,6.0,-7,20.154644624598056,,0.0,0.0,0.0,0.0,45.16390027917397,optimal
2021-02-13 13:30:00,45,120,0.0,0.0,0.0,0.3066666666666667,27.3735,6.0,-7,20.133483869863674,,0.0,0.0,0.0,0.0,44.88184782098883,optimal
2021-02-13 14:00:00,45,120,0.0,0.0,0.0,0.4869,30.4605,6.0,-7,20.110863887061367,,0.0,0.0,0.0,0.0,44.60007741526187,optimal
2021-02-13 14:30:00,45,120,0.0,0.4644444444444444,0.0,0.3024333333333333,30.0195,6.0,-7,20.08870968612773,,0.0,0.0,0.0,418.0,44.31858877994064,optimal
2021-02-13 15:00:00,45,120,0.0,0.0,0.0,0.0693333333333333,26.9325,6.0,-7,20.066525185165982,,0.0,0.0,0.0,0.0,44.03738163325473,optimal
2021-02-13 15:30:00,45,120,0.0,0.0,0.0,0.0666666666666666,14.595,6.0,-7,20.03332881377954,,0.0,0.0,0.0,0.0,43.75645569371551,optimal
2021-02-13 16:00:00,45,120,1.122505888782897,0.0,0.0,0.1358,12.4845,6.0,-7,20.0,,3928.770610740138,0.0,0.0,0.0,43.47581068011582,optimal
2021-02-13 16:30:00,45,120,1.1428571428571428,0.0,0.0,0.124,12.1275,6.0,-7,20.012807287881103,,4000.0,0.0,0.0,0.0,43.195446311529736,optimal
2021-02-13 17:00:00,45,120,1.1428571428571428,0.0,0.0,0.065,12.1275,6.0,-7,20.02631317372678,,4000.0,0.0,0.0,0.0,42.91536230731224,optimal
2021-02-13 17:30:00,45,120,0.0,0.0,0.0,0.1889,12.789,6.0,-7,20.036876176210605,,0.0,0.0,0.0,0.0,42.63555838709895,optimal
2021-02-13 18:00:00,45,120,0.9227319436131172,0.0,0.0,0.0709,11.907,6.0,-7,20.0,,3229.5618026459106,0.0,0.0,0.0,42.356034270805885,optimal
2021-02-13 18:30:00,45,120,0.9267425248031476,0.0,0.0,0.065,11.025,6.0,-7,20.0,,3243.598836811017,0.0,0.0,0.0,42.07678967862911,optimal
2021-02-13 19:00:00,45,120,1.1428571428571428,0.0,0.0,0.065,8.2005,6.0,-7,20.0,,4000.0,0.0,0.0,0.0,41.79782433104451,optimal
2021-02-13 19:30:00,45,120,0.6832655117013001,0.0,0.0,0.2048,9.5655,6.0,-7,20.00911561044609,,2391.4292909545507,0.0,0.0,0.0,41.5191379488075,optimal
2021-02-13 20:00:00,45,120,0.9383668593245392,0.0,0.0,0.075,7.056,6.0,-7,20.0,,3284.284007635887,0.0,0.0,0.0,41.24073025295272,optimal
2021-02-13 20:30:00,45,120,0.0,0.0,0.0,0.1458,9.3975,6.0,-7,20.0,,0.0,0.0,0.0,0.0,40.96260096479379,optimal
2021-02-13 21:00:00,45,120,0.0,0.0,0.0,0.2124,10.059,6.0,-7,19.960852234856475,,0.0,0.0,0.0,0.0,40.68474980592303,optimal
2021-02-13 21:30:00,45,120,0.0,0.1548148148148148,0.0,0.3047333333333333,9.261,6.0,-7,19.92468269854117,,0.0,0.0,0.0,139.33333333333331,40.40717649821113,optimal
2021-02-13 22:00:00,45,120,0.0,0.0,0.0,0.3871,8.1585,6.0,-7,19.891396916415957,,0.0,0.0,0.0,0.0,40.12988076380695,optimal
2021-02-13 22:30:00,45,120,0.0,0.0,0.0,0.1517,9.4815,6.0,-7,19.857695065647604,,0.0,0.0,0.0,0.0,39.85286232513717,optimal
2021-02-13 23:00:00,45,120,0.0,0.0,0.0,0.075,8.379,6.0,-7,19.8188021766639,,0.0,0.0,0.0,0.0,39.57612090490606,optimal
2021-02-13 23:30:00,45,120,0.0,0.6192592592592592,0.0,0.1999333333333333,9.5235,6.0,-7,19.779151137694832,,0.0,0.0,0.0,557.3333333333333,39.53654478400116,optimal
2021-02-07 00:00:00,46,120,0.0,0.0,0.0,0.0556,6.174,6.0,-5,21.0,,0.0,0.0,0.0,0.0,47.952,optimal
2021-02-07 00:30:00,46,120,1.0664807218890178,0.0,0.0,0.0945999999999999,3.906,6.0,-5,20.967102452260534,,3732.682526611562,0.0,0.0,0.0,47.904048,optimal
2021-02-07 01:00:00,46,120,1.1428571428571428,0.0,0.0,0.04,2.3415,6.0,-5,20.980019800783197,,4000.0,0.0,0.0,0.0,47.856143952,optimal
2021-02-07 01:30:00,46,120,1.1428571428571428,0.0,0.0,0.04,2.205,6.0,-5,20.995304680836004,,4000.0,0.0,0.0,0.0,47.80828780804799,optimal
2021-02-07 02:00:00,46,120,1.1428571428571428,0.0,1.7248042473481389,0.04,0.882,6.0,-5,21.01046012951021,,4000.0,0.0,0.0,0.0,48.57976153773031,optimal
2021-02-07 02:30:00,46,120,1.1428571428571428,0.0,0.0,0.04,1.5435,6.0,-5,21.025486403411666,,4000.0,0.0,0.0,0.0,48.53118177619257,optimal
2021-02-07 03:00:00,46,120,1.1428571428571428,0.0,0.0,0.1102,1.5435,6.0,-5,21.040284630494394,,4000.0,0.0,0.0,0.0,48.48265059441637,optimal
2021-02-07 03:30:00,46,120,0.0,0.0,0.0,0.04,5.0715,6.0,-5,21.055710463370275,,0.0,0.0,0.0,0.0,48.434167943821954,optimal
2021-02-07 04:00:00,46,120,0.0,0.0,0.0,0.1102,5.376,6.0,-5,21.02142201200702,,0.0,0.0,0.0,0.0,48.38573377587813,optimal
2021-02-07 04:30:00,46,120,0.0,0.0,0.0,0.04,5.0715,6.0,-5,20.98795761200565,,0.0,0.0,0.0,0.0,48.33734804210225,optimal
2021-02-07 05:00:00,46,120,0.0,0.0,0.0,0.0945999999999999,5.5125,6.0,-5,20.953704356786197,,0.0,0.0,0.0,0.0,48.28901069406015,optimal
2021-02-07 05:30:00,46,120,0.0,0.0,0.0,0.0556,9.261,6.0,-5,20.920184166738743,,0.0,0.0,0.0,0.0,48.24072168336608,optimal
2021-02-07 06:00:00,46,120,0.0,0.0,0.0,0.04,11.7075,6.0,-5,20.886255321189243,,0.0,0.0,0.0,0.0,48.19248096168271,optimal
2021-02-07 06:30:00,46,120,0.0,0.0,0.0,0.0945999999999999,12.348,6.0,-5,20.85220369715447,,0.0,0.0,0.0,0.0,48.144288480721016,optimal
2021-02-07 07:00:00,46,120,0.0,0.0774074074074074,0.0,0.1305666666666666,12.348,6.0,-5,20.818785610402134,,0.0,0.0,0.0,69.66666666666666,48.096144192240295,optimal
2021-02-07 07:30:00,46,120,0.0,2.4770370370370367,0.0,0.2223333333333333,12.1275,6.0,-5,20.786653996736188,,0.0,0.0,0.0,2229.333333333333,48.048048048048045,optimal
2021-02-07 08:00:00,46,120,0.0,2.39962962962963,0.0,0.1439,12.5265,6.0,-5,20.759049155240948,,0.0,0.0,0.0,2159.6666666666665,48.0,optimal
2021-02-07 08:30:00,46,120,0.0,0.0,0.0,0.0602666666666666,11.7495,6.0,-5,20.731208560977876,,0.0,0.0,0.0,0.0,47.79608257959061,optimal
2021-02-07 09:00:00,46,120,0.0,0.0,0.0,0.1134,13.23,6.0,-5,20.69930832789341,,0.0,0.0,0.0,0.0,47.59236907660164,optimal
2021-02-07 09:30:00,46,120,0.0,0.0,0.0,0.1129333333333333,14.3325,6.0,-5,20.667331947020088,,0.0,0.0,0.0,0.0,47.38885928711564,optimal
2021-02-07 10:00:00,46,120,0.0,0.387037037037037,0.0,0.1034,14.994,6.0,-5,20.63513881252245,,0.0,0.0,0.0,348.3333333333333,47.18555300741914,optimal
2021-02-07 10:30:00,46,120,0.0,0.0,0.0,0.0968333333333333,14.8155,6.0,-5,20.60471583826942,,0.0,0.0,0.0,0.0,46.98245003400233,optimal
2021-02-07 11:00:00,46,120,0.0,0.387037037037037,0.0,0.2876,14.112,6.0,-5,20.57305160897065,,0.0,0.0,0.0,348.3333333333333,46.77955016355895,optimal
2021-02-07 11:30:00,46,120,0.0,0.1548148148148148,0.0,0.2462,14.007,6.0,-5,20.544021905154956,,0.0,0.0,0.0,139.33333333333331,46.576853192986,optimal
2021-02-07 12:00:00,46,120,0.0,0.1548148148148148,0.0,0.4019,13.23,6.0,-5,20.515044881614617,,0.0,0.0,0.0,139.33333333333331,46.37435891938362,optimal
2021-02-07 12:30:00,46,120,0.0,4.257407407407407,0.0,0.2106666666666666,11.382,6.0,-5,20.490346955697703,,0.0,0.0,0.0,3831.6666666666665,46.17206714005485,optimal
2021-02-07 13:00:00,46,120,0.0,0.0,0.0,0.9754666666666668,11.7495,6.0,-5,20.46336832486788,,0.0,0.0,0.0,0.0,45.969977652505406,optimal
2021-02-07 13:30:00,46,120,0.0,0.0,0.0,1.257966666666667,24.3285,6.0,-5,20.44466495387823,,0.0,0.0,0.0,0.0,45.76809025444352,optimal
2021-02-07 14:00:00,46,120,0.0,0.0,0.0,0.2170666666666666,28.917,6.0,-5,20.42921476597905,,0.0,0.0,0.0,0.0,45.566404743779685,optimal
2021-02-07 14:30:00,46,120,0.0,0.0,0.0,0.0929,31.3635,6.0,-5,20.39935165855567,,0.0,0.0,0.0,0.0,45.36492091862652,optimal
2021-02-07 15:00:00,46,120,0.0,0.0,0.0,0.0773,33.306,6.0,-5,20.367220568069847,,0.0,0.0,0.0,0.0,45.1636385772985,optimal
2021-02-07 15:30:00,46,120,0.0,0.0,0.0,0.05,31.3425,6.0,-5,20.33606399564047,,0.0,0.0,0.0,0.0,44.96255751831181,optimal
2021-02-07 16:00:00,46,120,0.0,0.0,0.0,0.1202,28.2555,6.0,-5,20.304339230675108,,0.0,0.0,0.0,0.0,44.76167754038411,optimal
2021-02-07 16:30:00,46,120,0.0,0.0,0.0,0.05,15.6975,6.0,-5,20.270940887411687,,0.0,0.0,0.0,0.0,44.56099844243434,optimal
2021-02-07 17:00:00,46,120,0.0,0.0,0.0,0.1633333333333333,12.5475,6.0,-5,20.236852686111607,,0.0,0.0,0.0,0.0,44.36052002358252,optimal
2021-02-07 17:30:00,46,120,0.0,1.2385185185185184,0.0,0.2564333333333333,12.0855,6.0,-5,20.20300165719889,,0.0,0.0,0.0,1114.6666666666663,44.16024208314955,optimal
2021-02-07 18:00:00,46,120,0.0,0.4644444444444444,0.0,0.2206999999999999,11.907,6.0,-5,20.17202910898777,,0.0,0.0,0.0,418.0,43.96016442065701,optimal
2021-02-07 18:30:00,46,120,0.0,0.387037037037037,0.0,0.1729666666666666,12.5685,6.0,-5,20.1414312286598,,0.0,0.0,0.0,348.3333333333333,43.76028683582696,optimal
2021-02-07 19:00:00,46,120,0.0,0.0,0.0,0.0538999999999999,13.146,6.0,-5,20.10825942087537,,0.0,0.0,0.0,0.0,43.56060912858175,optimal
2021-02-07 19:30:00,46,120,0.0,0.0,0.0,0.05,10.584,6.0,-5,20.072133014405207,,0.0,0.0,0.0,0.0,43.361131099043774,optimal
2021-02-07 20:00:00,46,120,0.0,0.0,0.0,0.05,6.678,6.0,-5,20.036030719668226,,0.0,0.0,0.0,0.0,43.16185254753534,optimal
2021-02-07 20:30:00,46,120,0.0,0.0,0.0,0.1202,7.938,6.0,-5,20.0,,0.0,0.0,0.0,0.0,42.96277327457842,optimal
2021-02-07 21:00:00,46,120,0.0,0.0,0.0,0.05,5.292,6.0,-5,19.96469765770703,,0.0,0.0,0.0,0.0,42.76389308089445,optimal
2021-02-07 21:30:00,46,120,0.0,0.0,0.0,0.22,9.261,6.0,-5,19.928411847745966,,0.0,0.0,0.0,0.0,42.565211767404165,optimal
2021-02-07 22:00:00,46,120,0.0,0.387037037037037,0.0,0.2627666666666666,10.3635,6.0,-5,19.896254696979547,,0.0,0.0,0.0,348.3333333333333,42.366729135227374,optimal
2021-02-07 22:30:00,46,120,0.0,0.1548148148148148,0.0,0.2940333333333333,8.274,6.0,-5,19.86552694046199,,0.0,0.0,0.0,139.33333333333331,42.16844498568276,optimal
2021-02-07 23:00:00,46,120,0.0,0.0,0.0,0.4779666666666666,7.7175,6.0,-5,19.837640926534505,,0.0,0.0,0.0,0.0,42.12627654069708,optimal
2021-02-07 23:30:00,46,120,0.0,0.0,0.0,0.1751,6.615,6.0,-5,19.812695789415542,,0.0,0.0,0.0,0.0,42.08415026415638,optimal
2021-02-08 00:00:00,46,120,0.0,0.0,0.0,0.056,28.917,6.0,11,19.812695789415542,,0.0,0.0,0.0,0.0,42.04206611389222,optimal
2021-02-08 00:30:00,46,120,0.0812748732999423,0.0,0.0,0.056,15.876,6.0,11,19.77920754024083,,284.4620565497981,0.0,0.0,0.0,42.000024047778325,optimal
2021-02-08 01:00:00,46,120,1.1428571428571428,0.0,0.0,0.1309666666666666,12.348,6.0,11,19.749251098033884,,4000.0,0.0,0.0,0.0,41.95802402373055,optimal
2021-02-08 01:30:00,46,120,1.1428571428571428,0.0,0.0,0.1079,12.1275,6.0,11,19.76553127453016,,4000.0,0.0,0.0,0.0,41.91606599970682,optimal
2021-02-08 02:00:00,46,120,1.1428571428571428,0.0,0.0,0.056,12.348,6.0,11,19.781399040359567,,4000.0,0.0,0.0,0.0,41.87414993370711,optimal
2021-02-08 02:30:00,46,120,1.1428571428571428,0.0,0.0,0.1941666666666666,12.1275,6.0,11,19.79650395558908,,4000.0,0.0,0.0,0.0,41.832275783773404,optimal
2021-02-08 03:00:00,46,120,1.1428571428571428,0.0,0.0,0.1125,12.1275,6.0,11,19.813361246273903,,4000.0,0.0,0.0,0.0,41.79044350798963,optimal
2021-02-08 03:30:00,46,120,1.1428571428571428,0.0,0.0,0.1540333333333333,11.2665,6.0,11,19.8292893530996,,4000.0,0.0,0.0,0.0,41.74865306448164,optimal
2021-02-08 04:00:00,46,120,1.1428571428571428,0.0,0.0,0.1526333333333333,10.143,6.0,11,19.84559272663132,,4000.0,0.0,0.0,0.0,41.70690441141716,optimal
2021-02-08 04:30:00,46,120,1.1428571428571428,0.0,0.0,0.0866,11.2455,6.0,11,19.86174759427657,,4000.0,0.0,0.0,0.0,41.665197507005736,optimal
2021-02-08 05:00:00,46,120,1.1428571428571428,0.0,0.0,0.2200666666666666,11.025,6.0,11,19.8768677368638,,4000.0,0.0,0.0,0.0,41.62353230949873,optimal
2021-02-08 05:30:00,46,120,1.1428571428571428,0.0,5.0,0.0777333333333333,5.9745,6.0,11,19.893385583274775,,4000.0,0.0,0.0,0.0,43.95690877718923,optimal
2021-02-08 06:00:00,46,120,1.1428571428571428,0.9288888888888888,0.0,0.3631666666666667,7.938,6.0,11,19.908486316663133,,4000.0,0.0,0.0,836.0,43.91295186841204,optimal
2021-02-08 06:30:00,46,120,1.1428571428571428,1.8577777777777775,0.0,0.4503666666666667,8.6835,6.0,11,19.92984884101342,,4000.0,0.0,0.0,1672.0,43.86903891654362,optimal
2021-02-08 07:00:00,46,120,1.1428571428571428,7.302614814814815,3.885264827460192,0.2859666666666666,7.665,6.0,11,19.95269460318195,,4000.0,0.0,0.0,6572.3533333333335,45.670670670670674,optimal
2021-02-08 07:30:00,46,120,1.1428571428571428,1.0573851851851856,5.0,0.4459333333333333,6.7725,6.0,11,19.97576466296954,,4000.0,0.0,0.0,951.6466666666672,48.0,optimal
2021-02-08 08:00:00,46,120,1.1428571428571428,0.5418518518518518,0.0,0.6009333333333333,5.5755,6.0,11,20.0,,4000.0,0.0,0.0,487.6666666666667,47.77993821091426,optimal
2021-02-08 08:30:00,46,120,1.1428571428571428,1.8577777777777775,0.0,0.3505666666666666,5.0925,6.0,11,20.02607262747972,,4000.0,0.0,0.0,1672.0,47.560096483617606,optimal
2021-02-08 09:00:00,46,120,1.1428571428571428,2.631851851851852,0.0,0.2862666666666666,4.1895,6.0,11,20.04925661250686,,4000.0,0.0,0.0,2368.6666666666665,47.34047459804825,optimal
2021-02-08 09:30:00,46,120,1.1428571428571428,0.6192592592592592,0.0,0.3531,7.056,6.0,11,20.072201163366252,,4000.0,0.0,0.0,557.3333333333333,47.12107233436446,optimal
2021-02-08 10:00:00,46,120,1.1428571428571428,0.0,0.0,0.6124666666666667,5.271,6.0,11,20.09266267358543,,4000.0,0.0,0.0,0.0,46.90188947294436,optimal
2021-02-08 10:30:00,46,120,1.1428571428571428,0.0,0.0,0.1063666666666666,7.938,6.0,11,20.116463411404595,,4000.0,0.0,0.0,0.0,46.68292579438568,optimal
2021-02-08 11:00:00,46,120,1.1428571428571428,0.0,0.0,0.1063666666666666,7.938,6.0,11,20.132031023800856,,4000.0,0.0,0.0,0.0,46.46418107950556,optimal
2021-02-08 11:30:00,46,120,1.1428571428571428,0.0,0.0,0.209,11.907,6.0,11,20.15027558568093,,4000.0,0.0,0.0,0.0,46.24565510934031,optimal
2021-02-08 12:00:00,46,120,1.1428571428571428,0.0,0.0,0.1676333333333333,11.025,6.0,11,20.169932547349788,,4000.0,0.0,0.0,0.0,46.02734766514524,optimal
2021-02-08 12:30:00,46,120,1.1428571428571428,0.0,0.0,0.6834,11.2875,6.0,11,20.190778890683163,,4000.0,0.0,0.0,0.0,45.80925852839435,optimal
2021-02-08 13:00:00,46,120,1.1428571428571428,0.0,0.0,0.066,12.936,6.0,11,20.21896341775749,,4000.0,0.0,0.0,0.0,45.59138748078022,optimal
2021-02-08 13:30:00,46,120,0.2387484802127729,0.0,0.0,0.1997,13.0095,6.0,11,20.23834737294838,,835.6196807447052,0.0,0.0,0.0,45.3737343042137,optimal
2021-02-08 14:00:00,46,120,0.0,0.0,0.0,0.1269666666666666,13.671,6.0,11,20.22097036664768,,0.0,0.0,0.0,0.0,45.15629878082375,optimal
2021-02-08 14:30:00,46,120,0.0,0.0,0.0,0.1112,13.188,6.0,11,20.192824827356567,,0.0,0.0,0.0,0.0,44.939080692957184,optimal
2021-02-08 15:00:00,46,120,0.0,0.0,0.0,0.0886,13.8495,6.0,11,20.16424562899224,,0.0,0.0,0.0,0.0,44.72207982317849,optimal
2021-02-08 15:30:00,46,120,0.0,0.0774074074074074,0.0,0.123,13.23,6.0,11,20.1331146062233,,0.0,0.0,0.0,69.66666666666666,44.50529595426957,optimal
2021-02-08 16:00:00,46,120,0.0,0.3096296296296296,0.0,0.8704,13.3665,6.0,11,20.10401929343002,,0.0,0.0,0.0,278.66666666666663,44.4607906583153,optimal
2021-02-08 16:30:00,46,120,1.1428571428571428,0.0,0.0,1.3407666666666669,13.0515,6.0,11,20.079342996727657,,4000.0,0.0,0.0,0.0,44.41632986765699,optimal
2021-02-08 17:00:00,46,120,0.0,0.3096296296296296,0.0,0.53,13.5345,6.0,11,20.106955648885787,,0.0,0.0,0.0,278.66666666666663,44.37191353778933,optimal
2021-02-08 17:30:00,46,120,0.0,0.0,0.0,0.549,14.154,6.0,11,20.081145883069567,,0.0,0.0,0.0,0.0,44.327541624251545,optimal
2021-02-08 18:00:00,46,120,0.0,0.387037037037037,0.0,0.4775,14.112,6.0,11,20.053995557938016,,0.0,0.0,0.0,348.3333333333333,44.283214082627296,optimal
2021-02-08 18:30:00,46,120,0.0,0.0,0.0,0.4276,14.2485,6.0,11,20.025418250509,,0.0,0.0,0.0,0.0,44.23893086854467,optimal
2021-02-08 19:00:00,46,120,1.1428571428571428,0.2322222222222222,0.0,0.5613333333333334,12.789,6.0,11,20.0,,4000.0,0.0,0.0,209.0,44.194691937676126,optimal
2021-02-08 19:30:00,46,120,0.1175108184586106,0.0,0.0,0.218,13.0095,6.0,11,20.0239947177587,,411.2878646051371,0.0,0.0,0.0,44.15049724573845,optimal
2021-02-08 20:00:00,46,120,0.6448451793322393,0.387037037037037,0.0,0.2813,12.1275,6.0,11,20.0,,2256.9581276628373,0.0,0.0,348.3333333333333,44.10634674849271,optimal
2021-02-08 20:30:00,46,120,0.0,0.0,0.0,0.3447666666666666,12.348,6.0,11,20.0,,0.0,0.0,0.0,0.0,44.06224040174422,optimal
2021-02-08 21:00:00,46,120,0.0,0.774074074074074,0.0,0.4433333333333333,12.348,6.0,11,19.9744686649932,,0.0,0.0,0.0,696.6666666666666,44.01817816134248,optimal
2021-02-08 21:30:00,46,120,0.0,0.0,0.0,0.2858666666666666,25.389,6.0,11,19.95051958391543,,0.0,0.0,0.0,0.0,43.97415998318113,optimal
2021-02-08 22:00:00,46,120,0.0,0.1548148148148148,0.0,0.4448999999999999,29.1375,6.0,11,19.9228294099064,,0.0,0.0,0.0,139.33333333333331,43.93018582319795,optimal
2021-02-08 22:30:00,46,120,0.0,0.0,0.0,0.4117666666666666,30.597,6.0,11,19.896423467094248,,0.0,0.0,0.0,0.0,43.88625563737475,optimal
2021-02-08 23:00:00,46,120,0.0,0.0,0.0,0.1813333333333333,33.684,6.0,11,19.868743011029892,,0.0,0.0,0.0,0.0,43.84236938173738,optimal
2021-02-08 23:30:00,46,120,0.0,0.0,0.0,0.0775333333333333,32.445,6.0,11,19.833939307847235,,0.0,0.0,0.0,0.0,43.79852701235564,optimal
2021-02-09 00:00:00,46,120,1.1428571428571428,0.0,0.0,0.0809,14.994,6.0,-15,19.833939307847235,,4000.0,0.0,0.0,0.0,43.754728485343286,optimal
2021-02-09 00:30:00,46,120,1.1428571428571428,0.0,0.7298870127491933,0.095,13.671,6.0,-15,19.850560807220724,,4000.0,0.0,0.0,0.0,44.057670087913806,optimal
2021-02-09 01:00:00,46,120,1.1428571428571428,0.0,0.0,0.044,15.981,6.0,-15,19.865766702555103,,4000.0,0.0,0.0,0.0,44.01361241782589,optimal
2021-02-09 01:30:00,46,120,1.1428571428571428,0.0,0.0,0.0466666666666666,15.6345,6.0,-15,19.879146006782687,,4000.0,0.0,0.0,0.0,43.96959880540806,optimal
2021-02-09 02:00:00,46,120,1.1428571428571428,0.0,0.0,0.0486666666666666,16.5375,6.0,-15,19.892300529412456,,4000.0,0.0,0.0,0.0,43.92562920660265,optimal
2021-02-09 02:30:00,46,120,1.1428571428571428,0.0,0.0,0.044,14.7735,6.0,-15,19.905230716088067,,4000.0,0.0,0.0,0.0,43.881703577396046,optimal
2021-02-09 03:00:00,46,120,1.1428571428571428,0.0,0.0,0.044,15.2145,6.0,-15,19.918234395998848,,4000.0,0.0,0.0,0.0,43.83782187381864,optimal
2021-02-09 03:30:00,46,120,1.1428571428571428,0.0,0.0,0.044,14.553,6.0,-15,19.931311423439848,,4000.0,0.0,0.0,0.0,43.79398405194482,optimal
2021-02-09 04:00:00,46,120,1.1428571428571428,0.0,0.0,0.044,14.3325,6.0,-15,19.944560781138044,,4000.0,0.0,0.0,0.0,43.75019006789287,optimal
2021-02-09 04:30:00,46,120,1.1428571428571428,0.0,0.0,0.044,14.595,6.0,-15,19.957982127437862,,4000.0,0.0,0.0,0.0,43.70643987782497,optimal
2021-02-09 05:00:00,46,120,1.1428571428571428,0.0,0.0,0.044,14.994,6.0,-15,19.971178608788826,,4000.0,0.0,0.0,0.0,43.662733437947146,optimal
2021-02-09 05:30:00,46,120,1.1428571428571428,0.0,0.0,0.044,14.3325,6.0,-15,19.984150670999824,,4000.0,0.0,0.0,0.0,43.61907070450919,optimal
2021-02-09 06:00:00,46,120,1.1428571428571428,0.0,0.0,0.044,13.8915,6.0,-15,19.997097015282048,,4000.0,0.0,0.0,0.0,43.57545163380468,optimal
2021-02-09 06:30:00,46,120,1.1428571428571428,0.0,0.0,0.044,13.8915,6.0,-15,20.01001769262291,,4000.0,0.0,0.0,0.0,43.53187618217088,optimal
2021-02-09 07:00:00,46,120,1.1428571428571428,0.0,5.0,0.044,13.4715,6.0,-15,20.02281362576566,,4000.0,0.0,0.0,0.0,45.8633443059887,optimal
2021-02-09 07:30:00,46,120,1.1428571428571428,0.0,5.0,1.895,13.23,6.0,-15,20.03548506202352,,4000.0,0.0,0.0,0.0,48.19248096168271,optimal
2021-02-09 08:00:00,46,120,1.1428571428571428,0.2322222222222222,0.0,1.9253666666666664,13.8915,6.0,-15,20.05326671237344,,4000.0,0.0,0.0,209.0,48.144288480721016,optimal
2021-02-09 08:30:00,46,120,0.0,0.0,0.0,2.6882,26.9325,6.0,-15,20.073572600978505,,0.0,0.0,0.0,0.0,48.096144192240295,optimal
2021-02-09 09:00:00,46,120,0.0,2.2448148148148146,0.0,2.9086666666666665,30.303,6.0,-15,20.04846831597271,,0.0,0.0,0.0,2020.3333333333333,48.048048048048045,optimal
2021-02-09 09:30:00,46,120,0.0,0.6966666666666667,0.0,1.8830666666666664,32.886,6.0,-15,20.02507899409389,,0.0,0.0,0.0,627.0,48.0,optimal
2021-02-09 10:00:00,46,120,0.0,1.929727695432945,0.0,0.6958,34.9965,6.0,-15,20.00163381941041,,0.0,1597.4215925563174,0.0,139.33333333333331,47.62880989062252,optimal
2021-02-09 10:30:00,46,120,0.0,1.4475676921388014,0.0,4.812666666666667,33.327,6.0,-15,20.0,,0.0,1302.8109229249214,0.0,0.0,47.25799097135442,optimal
2021-02-09 11:00:00,46,120,0.0,1.6880143949424335,0.0,2.4281,31.122,6.0,-15,20.0,,0.0,1310.21295544819,0.0,209.0,46.88754287100559,optimal
2021-02-09 11:30:00,46,120,0.4558940727475747,0.3096296296296296,0.0,0.179,17.9025,6.0,-15,20.0,,1595.6292546165116,0.0,0.0,278.66666666666663,46.5174652187571,optimal
2021-02-09 12:00:00,46,120,0.3697750043316771,0.0,0.0,0.3087,15.6555,6.0,-15,20.0,,1294.21251516087,0.0,0.0,0.0,46.14775764416087,optimal
2021-02-09 12:30:00,46,120,0.3919360617121174,0.0,0.0,0.7007666666666666,14.553,6.0,-15,20.0,,1371.776215992411,0.0,0.0,0.0,45.77841977713923,optimal
2021-02-09 13:00:00,46,120,0.2627270244748271,0.0,0.0,1.3824,14.3325,6.0,-15,20.0,,919.5445856618952,0.0,0.0,0.0,45.40945124798461,optimal
2021-02-09 13:30:00,46,120,0.4321109389981424,0.0774074074074074,0.0,1.3456,13.335,6.0,-15,20.0,,1512.3882864934983,0.0,0.0,69.66666666666666,45.04085168735915,optimal
2021-02-09 14:00:00,46,120,0.899580655151951,0.6192592592592592,0.0,1.3456,12.1275,6.0,-15,20.0,,3148.5322930318284,0.0,0.0,557.3333333333333,44.67262072629431,optimal
2021-02-09 14:30:00,46,120,0.0,0.6966666666666667,0.0,0.3676333333333333,12.2955,6.0,-15,20.01904141752316,,0.0,0.0,0.0,627.0,44.30475799619054,optimal
2021-02-09 15:00:00,46,120,0.2558356312270214,0.2322222222222222,0.0,4.8466000000000005,11.6865,6.0,-15,20.0,,895.424709294575,0.0,0.0,209.0,43.93726312881687,optimal
2021-02-09 15:30:00,46,120,0.3066222978937233,0.0774074074074074,0.0,2.7075666666666667,11.466,6.0,-15,20.0,,1073.1780426280318,0.0,0.0,69.66666666666666,43.57013575631058,optimal
2021-02-09 16:00:00,46,120,1.1428571428571428,0.0,0.0,0.4893666666666666,10.8045,6.0,-15,20.0,,4000.0,0.0,0.0,0.0,43.20337551117679,optimal
2021-02-09 16:30:00,46,120,1.1428571428571428,0.6966666666666667,0.0,0.3153999999999999,10.584,6.0,-15,20.030784169557844,,4000.0,0.0,0.0,627.0,42.83698202628813,optimal
2021-02-09 17:00:00,46,120,0.7218671167622953,0.4644444444444444,0.0,0.4198,11.2455,6.0,-15,20.063794330512707,,2526.534908668033,0.0,0.0,418.0,42.47095493488437,optimal
2021-02-09 17:30:00,46,120,0.0,0.0,0.0,2.6260666666666665,12.1275,6.0,-15,20.073982138930788,,0.0,0.0,0.0,0.0,42.42848397994948,optimal
2021-02-09 18:00:00,46,120,0.0,0.0,0.0,1.3934666666666666,11.823,6.0,-15,20.05392378458382,,0.0,0.0,0.0,0.0,42.386055495969536,optimal
2021-02-09 18:30:00,46,120,0.0,0.0,0.0,1.1342,11.7705,6.0,-15,20.031335233642707,,0.0,0.0,0.0,0.0,42.34366944047357,optimal
2021-02-09 19:00:00,46,120,1.1428571428571428,0.2322222222222222,0.0,0.0869333333333333,11.13,6.0,-15,20.00514249313325,,4000.0,0.0,0.0,209.0,42.30132577103309,optimal
2021-02-09 19:30:00,46,120,0.0,0.387037037037037,0.0,0.1,11.6865,6.0,-15,20.027739220943303,,0.0,0.0,0.0,348.3333333333333,42.25902444526206,optimal
2021-02-09 20:00:00,46,120,0.6744631769561469,0.0,0.0,0.1729333333333333,10.7205,6.0,-15,20.0,,2360.621119346514,0.0,0.0,0.0,42.21676542081679,optimal
2021-02-09 20:30:00,46,120,0.0,0.0,0.0,2.2075666666666667,11.424,6.0,-15,20.0,,0.0,0.0,0.0,0.0,42.17454865539597,optimal
2021-02-09 21:00:00,46,120,0.0,0.6192592592592592,0.0,2.3828,10.689,6.0,-15,19.973891104262776,,0.0,0.0,0.0,557.3333333333333,42.13237410674058,optimal
2021-02-09 21:30:00,46,120,0.0,0.1548148148148148,0.0,1.2689,11.361,6.0,-15,19.948686563693435,,0.0,0.0,0.0,139.33333333333331,42.09024173263384,optimal
2021-02-09 22:00:00,46,120,0.0,0.0,0.0,1.2878,11.571,6.0,-15,19.92140485645871,,0.0,0.0,0.0,0.0,42.0481514909012,optimal
2021-02-09 22:30:00,46,120,0.0,0.1548148148148148,0.0,1.1196,14.3745,6.0,-15,19.891409146986977,,0.0,0.0,0.0,139.33333333333331,42.006103339410295,optimal
2021-02-09 23:00:00,46,120,0.0,0.0,0.0,1.5450666666666666,13.23,6.0,-15,19.86218106998376,,0.0,0.0,0.0,0.0,41.96409723607088,optimal
2021-02-09 23:30:00,46,120,0.0,0.0,0.0,0.054,13.9755,6.0,-15,19.83572261173696,,0.0,0.0,0.0,0.0,41.922133138834816,optimal
2021-02-10 00:00:00,46,120,1.1428571428571428,0.0,5.0,0.063,13.0935,6.0,-13,19.83572261173696,,4000.0,0.0,0.0,0.0,44.25521100569598,optimal
2021-02-10 00:30:00,46,120,1.1428571428571428,0.0774074074074074,5.0,0.0935,15.6345,6.0,-13,19.850199145397543,,4000.0,0.0,0.0,69.66666666666666,46.585955794690285,optimal
2021-02-10 01:00:00,46,120,1.1428571428571428,0.0,0.0,0.1654333333333333,18.102,6.0,-13,19.866198918777968,,4000.0,0.0,0.0,0.0,46.5393698388956,optimal
2021-02-10 01:30:00,46,120,1.1428571428571428,0.0,0.0,0.055,17.199,6.0,-13,19.88254209760376,,4000.0,0.0,0.0,0.0,46.4928304690567,optimal
2021-02-10 02:00:00,46,120,1.1428571428571428,0.0,0.0,0.0977,18.2805,6.0,-13,19.89483870278645,,4000.0,0.0,0.0,0.0,46.44633763858764,optimal
2021-02-10 02:30:00,46,120,1.1428571428571428,0.0,0.0,0.1465,17.4615,6.0,-13,19.90743285894616,,4000.0,0.0,0.0,0.0,46.39989130094906,optimal
2021-02-10 03:00:00,46,120,1.1428571428571428,0.0,0.0,0.055,18.3225,6.0,-13,19.920596544749188,,4000.0,0.0,0.0,0.0,46.35349140964811,optimal
2021-02-10 03:30:00,46,120,1.1428571428571428,0.0,0.0,0.055,17.094,6.0,-13,19.932619448312128,,4000.0,0.0,0.0,0.0,46.30713791823846,optimal
2021-02-10 04:00:00,46,120,1.1428571428571428,0.0,0.0,0.1365333333333333,17.094,6.0,-13,19.94461851571298,,4000.0,0.0,0.0,0.0,46.26083078032022,optimal
2021-02-10 04:30:00,46,120,1.1428571428571428,0.0,0.0,0.126,17.094,6.0,-13,19.95748554173283,,4000.0,0.0,0.0,0.0,46.2145699495399,optimal
2021-02-10 05:00:00,46,120,1.1428571428571428,0.0,0.0,0.065,17.3565,6.0,-13,19.96998017719122,,4000.0,0.0,0.0,0.0,46.16835537959036,optimal
2021-02-10 05:30:00,46,120,1.1428571428571428,0.3096296296296296,0.0,0.2329333333333333,17.115,6.0,-13,19.98150866202625,,4000.0,0.0,0.0,278.66666666666663,46.12218702421077,optimal
2021-02-10 06:00:00,46,120,1.1428571428571428,0.387037037037037,0.0,0.109,17.241,6.0,-13,19.99612069826932,,4000.0,0.0,0.0,348.3333333333333,46.07606483718656,optimal
2021-02-10 06:30:00,46,120,1.1428571428571428,1.2385185185185184,4.147392058211853,0.9875666666666668,17.094,6.0,-13,20.01046368290078,,4000.0,0.0,0.0,1114.6666666666663,48.0,optimal
2021-02-10 07:00:00,46,120,1.1428571428571428,5.495925925925925,0.0,0.063,16.5165,6.0,-13,20.02796722155874,,4000.0,0.0,0.0,4946.333333333333,47.66814574279088,optimal
2021-02-10 07:30:00,46,120,1.1428571428571428,2.631851851851852,0.0,0.2422666666666666,17.8185,6.0,-13,20.043332469837917,,4000.0,0.0,0.0,2368.6666666666665,47.336623339838965,optimal
2021-02-10 08:00:00,46,120,1.1428571428571428,0.5418518518518518,0.0,0.2395,17.094,6.0,-13,20.0573775063918,,4000.0,0.0,0.0,487.6666666666667,47.005432459290006,optimal
2021-02-10 08:30:00,46,120,1.1428571428571428,0.387037037037037,0.0,0.109,16.8945,6.0,-13,20.075054290087213,,4000.0,0.0,0.0,348.3333333333333,46.6745727696216,optimal
2021-02-10 09:00:00,46,120,1.1428571428571428,0.0,0.0,0.097,18.123,6.0,-13,20.09275305972204,,4000.0,0.0,0.0,0.0,46.34404393964285,optimal
2021-02-10 09:30:00,46,120,0.0,0.387037037037037,0.0,0.1972,31.647,6.0,-13,20.111155329613403,,0.0,0.0,0.0,348.3333333333333,46.01384563849409,optimal
2021-02-10 10:00:00,46,120,0.0,0.0,0.0,0.0643333333333333,34.9965,6.0,-13,20.08120855940757,,0.0,0.0,0.0,0.0,45.68397753564648,optimal
2021-02-10 10:30:00,46,120,0.0,0.0,0.0,0.065,34.9965,6.0,-13,20.049232116423077,,0.0,0.0,0.0,0.0,45.35443930090171,optimal
2021-02-10 11:00:00,46,120,0.0,1.3720928596886692,0.0,0.065,34.9965,6.0,-13,20.01586219575103,,0.0,1234.8835737198024,0.0,0.0,45.02523060439169,optimal
2021-02-10 11:30:00,46,120,0.0,2.6487694526161065,0.0,0.1992,34.9965,6.0,-13,20.0,,0.0,2383.892507354496,0.0,0.0,44.69635111657817,optimal
2021-02-10 12:00:00,46,120,0.0,2.5322293911684155,0.0,0.065,34.9965,6.0,-13,20.0,,0.0,2279.006452051574,0.0,0.0,44.36780050825247,optimal
2021-02-10 12:30:00,46,120,0.0,2.5051182800573133,0.0,0.0894,27.741,6.0,-13,20.0,,0.0,2254.606452051582,0.0,0.0,44.039578450535096,optimal
2021-02-10 13:00:00,46,120,0.6303833666325155,0.0,0.0,0.1748,19.026,6.0,-13,20.0,,2206.3417832138043,0.0,0.0,0.0,43.71168461487544,optimal
2021-02-10 13:30:00,46,120,0.6524553275867873,0.0,0.0,0.065,18.7215,6.0,-13,20.0,,2283.593646553755,0.0,0.0,0.0,43.38411867305144,optimal
2021-02-10 14:00:00,46,120,0.613149505740794,0.0,0.0,0.1992,17.4195,6.0,-13,20.0,,2146.023270092779,0.0,0.0,0.0,43.05688029716927,optimal
2021-02-10 14:30:00,46,120,0.6514923628836383,0.0,0.0,0.065,16.758,6.0,-13,20.0,,2280.223270092734,0.0,0.0,0.0,42.72996915966297,optimal
2021-02-10 15:00:00,46,120,0.6743070541026527,0.0,0.0,0.1443,14.217,6.0,-13,20.0,,2360.0746893592845,0.0,0.0,0.0,42.40338493329418,optimal
2021-02-10 15:30:00,46,120,0.6905779502911421,0.0,0.0,0.1199,13.3665,6.0,-13,20.0,,2417.0228260189974,0.0,0.0,0.0,42.07712729115177,optimal
2021-02-10 16:00:00,46,120,0.7679613594986089,0.2322222222222222,0.0,0.0643333333333333,12.789,6.0,-13,20.0,,2687.8647582451317,0.0,0.0,209.0,41.751195906651496,optimal
2021-02-10 16:30:00,46,120,0.6676798747347524,0.0,0.0,0.2401333333333333,11.907,6.0,-13,20.0,,2336.879561571633,0.0,0.0,0.0,41.425590453535726,optimal
2021-02-10 17:00:00,46,120,0.8010716510675574,0.0,0.0,0.1066,11.7075,6.0,-13,20.0,,2803.7507787364507,0.0,0.0,0.0,41.10031060587307,optimal
2021-02-10 17:30:00,46,120,1.1428571428571428,0.3096296296296296,0.0,0.1179,10.8045,6.0,-13,20.0,,4000.0,0.0,0.0,278.66666666666663,40.77535603805808,optimal
2021-02-10 18:00:00,46,120,0.3875364074441348,0.0,0.0,0.7322333333333334,11.508,6.0,-13,20.015241162173336,,1356.377426054472,0.0,0.0,0.0,40.450726424810895,optimal
2021-02-10 18:30:00,46,120,1.142499320759338,0.1548148148148148,0.0,0.4195666666666666,11.508,6.0,-13,20.0,,3998.747622657683,0.0,0.0,139.33333333333331,40.126421441176966,optimal
2021-02-10 19:00:00,46,120,1.1428571428571428,0.2322222222222222,0.0,0.2174666666666666,11.508,6.0,-13,20.015311232204454,,4000.0,0.0,0.0,209.0,39.802440762526665,optimal
2021-02-10 19:30:00,46,120,0.0,0.387037037037037,0.0,0.2057333333333333,11.844,6.0,-13,20.0310679444008,,0.0,0.0,0.0,348.3333333333333,39.762638321764136,optimal
2021-02-10 20:00:00,46,120,0.752392251226362,0.3096296296296296,0.0,0.2057333333333333,11.508,6.0,-13,20.0,,2633.372879292267,0.0,0.0,278.66666666666663,39.722875683442375,optimal
2021-02-10 20:30:00,46,120,0.0,0.2322222222222222,0.0,0.2919666666666666,11.508,6.0,-13,20.0,,0.0,0.0,0.0,209.0,39.68315280775893,optimal
2021-02-10 21:00:00,46,120,0.0,0.0774074074074074,0.0,1.8346,10.4475,6.0,-13,19.96873267709803,,0.0,0.0,0.0,69.66666666666666,39.64346965495117,optimal
2021-02-10 21:30:00,46,120,0.0,0.0,0.0,0.7527,10.8675,6.0,-13,19.93976344885981,,0.0,0.0,0.0,0.0,39.60382618529622,optimal
2021-02-10 22:00:00,46,120,0.0,0.0,0.0,0.2897333333333333,10.542,6.0,-13,19.90692905323187,,0.0,0.0,0.0,0.0,39.56422235911092,optimal
2021-02-10 22:30:00,46,120,0.0,0.0,0.0,0.2051,11.025,6.0,-13,19.869726834793635,,0.0,0.0,0.0,0.0,39.52465813675181,optimal
2021-02-10 23:00:00,46,120,0.0,0.2322222222222222,0.0,0.3156666666666667,11.025,6.0,-13,19.830596587675423,,0.0,0.0,0.0,209.0,39.48513347861506,optimal
2021-02-10 23:30:00,46,120,0.0,0.0,0.0,0.2788,14.553,6.0,-13,19.79214550106343,,0.0,0.0,0.0,0.0,39.44564834513645,optimal
2021-02-11 00:00:00,46,120,1.1428571428571428,0.0,0.0,0.075,12.306,6.0,4,19.79214550106343,,4000.0,0.0,0.0,0.0,39.40620269679131,optimal
2021-02-11 00:30:00,46,120,1.1428571428571428,0.0,5.0,0.053,10.6365,6.0,4,19.797912328944708,,4000.0,0.0,0.0,0.0,41.74179649409452,optimal
2021-02-11 01:00:00,46,120,1.1428571428571428,0.0,0.0,0.053,11.2455,6.0,4,19.803025398330497,,4000.0,0.0,0.0,0.0,41.70005469760043,optimal
2021-02-11 01:30:00,46,120,1.1428571428571428,0.0,0.0,0.053,11.2455,6.0,4,19.808326587020957,,4000.0,0.0,0.0,0.0,41.65835464290283,optimal
2021-02-11 02:00:00,46,120,1.1428571428571428,0.0,0.0,0.053,11.025,6.0,4,19.81361726577159,,4000.0,0.0,0.0,0.0,41.61669628825992,optimal
2021-02-11 02:30:00,46,120,1.1428571428571428,0.0,0.0,0.053,12.0855,6.0,4,19.818897455419023,,4000.0,0.0,0.0,0.0,41.57507959197167,optimal
2021-02-11 03:00:00,46,120,1.1428571428571428,0.0,0.0,0.053,11.6865,6.0,4,19.823968920472424,,4000.0,0.0,0.0,0.0,41.53350451237969,optimal
2021-02-11 03:30:00,46,120,1.1428571428571428,0.0,0.0,0.1423333333333333,11.2245,6.0,4,19.828832074741424,,4000.0,0.0,0.0,0.0,41.49197100786731,optimal
2021-02-11 04:00:00,46,120,1.1428571428571428,1.6255555555555554,0.0,0.187,11.025,6.0,4,19.83611416000913,,4000.0,0.0,0.0,1463.0,41.45047903685945,optimal
2021-02-11 04:30:00,46,120,1.1428571428571428,0.0774074074074074,4.250887308978885,0.0795333333333333,10.7835,6.0,4,19.84479518532366,,4000.0,0.0,0.0,69.66666666666666,43.42820002958756,optimal
2021-02-11 05:00:00,46,120,1.1428571428571428,0.0,0.0,0.053,11.025,6.0,4,19.851812759311397,,4000.0,0.0,0.0,0.0,43.38477182955796,optimal
2021-02-11 05:30:00,46,120,1.1428571428571428,0.2322222222222222,5.0,0.1598,10.584,6.0,4,19.85761199285027,,4000.0,0.0,0.0,209.0,45.7163870577284,optimal
2021-02-11 06:00:00,46,120,1.1428571428571428,0.5418518518518518,0.0,0.195,11.025,6.0,4,19.867831890935005,,4000.0,0.0,0.0,487.6666666666667,45.670670670670674,optimal
2021-02-11 06:30:00,46,120,1.1428571428571428,0.387037037037037,5.0,0.1692666666666666,10.4265,6.0,4,19.88071430483249,,4000.0,0.0,0.0,348.3333333333333,48.0,optimal
2021-02-11 07:00:00,46,120,1.1428571428571428,0.774074074074074,0.0,0.1019333333333333,12.789,6.0,4,19.893891393507456,,4000.0,0.0,0.0,696.6666666666666,47.78278796792782,optimal
2021-02-11 07:30:00,46,120,1.1428571428571428,7.8147224988587825,0.0,0.106,12.684,6.0,4,19.90707506944841,,4000.0,7033.250248972904,0.0,0.0,47.56579314788771,optimal
2021-02-11 08:00:00,46,120,1.1428571428571428,0.0,0.0,0.063,16.254,6.0,4,20.0,,4000.0,0.0,0.0,0.0,47.34901532266764,optimal
2021-02-11 08:30:00,46,120,1.1428571428571428,0.0,0.0,0.063,17.64,6.0,4,20.004713253533367,,4000.0,0.0,0.0,0.0,47.13245427527279,optimal
2021-02-11 09:00:00,46,120,1.1428571428571428,0.0,0.0,0.063,19.1625,6.0,4,20.00911977831612,,4000.0,0.0,0.0,0.0,46.91610978892534,optimal
2021-02-11 09:30:00,46,120,0.0,2.59446084399188,0.0,0.1881999999999999,26.46,6.0,4,20.01538521734733,,0.0,1708.014759592692,0.0,627.0,46.69998164706424,optimal
2021-02-11 10:00:00,46,120,1.1428571428571428,0.0,0.0,1.7829000000000002,20.79,6.0,4,20.0,,4000.0,0.0,0.0,0.0,46.48406963334499,optimal
2021-02-11 10:30:00,46,120,0.0,0.3103071129014665,0.0,0.3154666666666666,29.106,6.0,4,20.02585212133127,,0.0,279.2764016113199,0.0,0.0,46.26837353163946,optimal
2021-02-11 11:00:00,46,120,1.1428571428571428,0.0,0.0,0.2714,19.1835,6.0,4,20.0,,4000.0,0.0,0.0,0.0,46.05289312603564,optimal
2021-02-11 11:30:00,46,120,0.1760805873726643,0.0,0.0,0.2445999999999999,19.6665,6.0,4,20.02048808216637,,616.2820558043251,0.0,0.0,0.0,45.83762820083742,optimal
2021-02-11 12:00:00,46,120,0.7129805730232249,0.0,0.0,0.1885,19.404,6.0,4,20.0,,2495.4320055812877,0.0,0.0,0.0,45.622578540564405,optimal
2021-02-11 12:30:00,46,120,1.1428571428571428,0.2322222222222222,0.0,0.1884,19.047,6.0,4,20.00392824270666,,4000.0,0.0,0.0,209.0,45.40774392995166,optimal
2021-02-11 13:00:00,46,120,1.1428571428571428,0.0,0.0,0.1833,18.858,6.0,4,20.030479220485883,,4000.0,0.0,0.0,0.0,45.193124153949526,optimal
2021-02-11 13:30:00,46,120,1.1428571428571428,0.2322222222222222,0.0,0.191,19.2675,6.0,4,20.05697616495589,,4000.0,0.0,0.0,209.0,44.9787189977234,optimal
2021-02-11 14:00:00,46,120,1.1428571428571428,0.1548148148148148,0.0,1.3655,18.963,6.0,4,20.083761367269787,,4000.0,0.0,0.0,139.33333333333331,44.76452824665349,optimal
2021-02-11 14:30:00,46,120,1.1428571428571428,0.0,0.0,2.4914666666666667,18.438,6.0,4,20.11436413280214,,4000.0,0.0,0.0,0.0,44.55055168633466,optimal
2021-02-11 15:00:00,46,120,1.1428571428571428,0.0,0.0,1.510066666666667,18.7425,6.0,4,20.146352767132047,,4000.0,0.0,0.0,0.0,44.33678910257614,optimal
2021-02-11 15:30:00,46,120,1.1428571428571428,0.0,0.0,0.2873,15.2145,6.0,4,20.174436685661576,,4000.0,0.0,0.0,0.0,44.12324028140139,optimal
2021-02-11 16:00:00,46,120,1.1428571428571428,0.0,0.0,0.0616666666666666,17.7765,6.0,4,20.19964124018052,,4000.0,0.0,0.0,0.0,43.909905009047804,optimal
2021-02-11 16:30:00,46,120,1.1428571428571428,0.0,0.0,0.063,16.758,6.0,4,20.21587988643256,,4000.0,0.0,0.0,0.0,43.69678307196658,optimal
2021-02-11 17:00:00,46,120,1.1428571428571428,0.0,0.0,0.063,16.422,6.0,4,20.226602660411707,,4000.0,0.0,0.0,0.0,43.48387425682243,optimal
2021-02-11 17:30:00,46,120,1.1428571428571428,0.0,0.0,0.063,16.758,6.0,4,20.23202996225524,,4000.0,0.0,0.0,0.0,43.27117835049343,optimal
2021-02-11 18:00:00,46,120,0.0,0.0,0.0,0.063,29.358,6.0,4,20.23655435084408,,0.0,0.0,0.0,0.0,43.05869514007075,optimal
2021-02-11 18:30:00,46,120,0.0,0.0,0.0,0.0616666666666666,34.9965,6.0,4,20.19018799915281,,0.0,0.0,0.0,0.0,42.8464244128585,optimal
2021-02-11 19:00:00,46,120,0.0,0.0,0.0,0.1960666666666666,34.65,6.0,4,20.14382834098041,,0.0,0.0,0.0,0.0,42.634365956373465,optimal
2021-02-11 19:30:00,46,120,0.0,0.0,0.0,0.2230666666666666,34.9965,6.0,4,20.10093596068994,,0.0,0.0,0.0,0.0,42.42251955834491,optimal
2021-02-11 20:00:00,46,120,0.0,0.0,0.0,0.063,34.9965,6.0,4,20.05254399704019,,0.0,0.0,0.0,0.0,42.21088500671439,optimal
2021-02-11 20:30:00,46,120,0.0,0.0,0.0,0.063,30.4815,6.0,4,20.0,,0.0,0.0,0.0,0.0,41.999462089635486,optimal
2021-02-11 21:00:00,46,120,0.0,0.0,0.0,0.063,21.4305,6.0,4,19.947758431023065,,0.0,0.0,0.0,0.0,41.78825059547367,optimal
2021-02-11 21:30:00,46,120,0.0,0.0,0.0,0.063,14.3325,6.0,4,19.89581869052674,,0.0,0.0,0.0,0.0,41.577250312806015,optimal
2021-02-11 22:00:00,46,120,0.0,0.0,0.0,0.1116666666666666,13.692,6.0,4,19.844675820832425,,0.0,0.0,0.0,0.0,41.36646103042103,optimal
2021-02-11 22:30:00,46,120,0.0,0.0,0.0,0.3075666666666666,14.007,6.0,4,19.79566829984891,,0.0,0.0,0.0,0.0,41.155882537318426,optimal
2021-02-11 23:00:00,46,120,0.0,0.0,0.0,0.3273999999999999,12.873,6.0,4,19.749684815416856,,0.0,0.0,0.0,0.0,40.94551462270893,optimal
2021-02-11 23:30:00,46,120,0.0,0.0,0.0,0.3244333333333333,12.684,6.0,4,19.708251098815765,,0.0,0.0,0.0,0.0,40.90456910808622,optimal
2021-02-12 00:00:00,46,120,1.1428571428571428,0.0,0.0,0.138,13.587,6.0,-16,19.708251098815765,,4000.0,0.0,0.0,0.0,40.863664538978135,optimal
2021-02-12 00:30:00,46,120,1.1428571428571428,0.0,0.0,0.125,16.1385,6.0,-16,19.707011652127267,,4000.0,0.0,0.0,0.0,40.82280087443916,optimal
2021-02-12 01:00:00,46,120,1.1428571428571428,0.0,0.0,0.0795,14.595,6.0,-16,19.70561629225776,,4000.0,0.0,0.0,0.0,40.78197807356472,optimal
2021-02-12 01:30:00,46,120,1.1428571428571428,0.0,0.0,0.1835,14.637,6.0,-16,19.703669402159967,,4000.0,0.0,0.0,0.0,40.74119609549116,optimal
2021-02-12 02:00:00,46,120,1.1428571428571428,0.0,0.0,0.06,13.9125,6.0,-16,19.703191591876184,,4000.0,0.0,0.0,0.0,40.70045489939567,optimal
2021-02-12 02:30:00,46,120,1.1428571428571428,0.0,0.0,0.203,13.3665,6.0,-16,19.701408465778613,,4000.0,0.0,0.0,0.0,40.65975444449627,optimal
2021-02-12 03:00:00,46,120,1.1428571428571428,0.0,0.0,0.06,13.0095,6.0,-16,19.701965718780844,,4000.0,0.0,0.0,0.0,40.619094690051774,optimal
2021-02-12 03:30:00,46,120,1.1428571428571428,0.0,0.0,0.06,13.8915,6.0,-16,19.70137456077056,,4000.0,0.0,0.0,0.0,40.57847559536172,optimal
2021-02-12 04:00:00,46,120,1.1428571428571428,0.0,0.0,0.1315,13.188,6.0,-16,19.70217236877114,,4000.0,0.0,0.0,0.0,40.53789711976636,optimal
2021-02-12 04:30:00,46,120,1.1428571428571428,0.0,0.0,0.1351,12.5685,6.0,-16,19.705227426611064,,4000.0,0.0,0.0,0.0,40.497359222646594,optimal
2021-02-12 05:00:00,46,120,1.1428571428571428,0.0,0.0,0.0965,12.285,6.0,-16,19.70996390725317,,4000.0,0.0,0.0,0.0,40.456861863423946,optimal
2021-02-12 05:30:00,46,120,1.1428571428571428,2.0899999999999994,5.0,0.2265,11.487,6.0,-16,19.718820630910468,,4000.0,0.0,0.0,1881.0,42.79140500156052,optimal
2021-02-12 06:00:00,46,120,1.1428571428571428,2.2448148148148146,1.2429391237727685,0.0759333333333333,11.802,6.0,-16,19.73336550824756,,4000.0,0.0,0.0,2020.3333333333333,43.33900968035103,optimal
2021-02-12 06:30:00,46,120,1.1428571428571428,2.150377777777778,5.0,0.4483333333333333,11.2245,6.0,-16,19.747005954251527,,4000.0,0.0,0.0,1935.34,45.670670670670674,optimal
2021-02-12 07:00:00,46,120,1.1428571428571428,0.2492518518518518,5.0,2.931666666666666,11.025,6.0,-16,19.761233437482208,,4000.0,0.0,0.0,224.32666666666665,48.0,optimal
2021-02-12 07:30:00,46,120,1.1428571428571428,18.776577651561496,0.0,2.6897333333333333,11.907,6.0,-16,19.77882761698258,,4000.0,16898.919886405347,0.0,0.0,47.78342256448599,optimal
2021-02-12 08:00:00,46,120,0.0,4.202107359144551,0.0,0.0895,25.83,6.0,-16,20.0,,0.0,3781.896623230096,0.0,0.0,47.56706170640749,optimal
2021-02-12 08:30:00,46,120,0.0,4.18771639987777,0.0,0.135,28.035,6.0,-16,20.0,,0.0,3768.944759889992,0.0,0.0,47.350917209187074,optimal
2021-02-12 09:00:00,46,120,0.0,4.000181907871966,0.0,0.148,28.119,6.0,-16,20.0,,0.0,3600.163717084769,0.0,0.0,47.13498885646388,optimal
2021-02-12 09:30:00,46,120,0.0,3.6890380153624025,0.0,0.07,30.156,6.0,-16,20.0,,0.0,3320.134213826162,0.0,0.0,46.919276432093405,optimal
2021-02-12 10:00:00,46,120,0.0,2.905422923498104,0.0,0.269,29.1585,6.0,-16,20.0,,0.0,2336.213964481627,0.0,278.66666666666663,46.7037797201473,optimal
2021-02-12 10:30:00,46,120,0.0,2.630501138328221,0.0,0.308,26.712,6.0,-16,20.0,,0.0,2228.117691162065,0.0,139.33333333333331,46.488498504913146,optimal
2021-02-12 11:00:00,46,120,0.5275536333982253,0.0,0.0,0.217,15.435,6.0,-16,20.0,,1846.4377168937883,0.0,0.0,0.0,46.27343257089422,optimal
2021-02-12 11:30:00,46,120,0.4205049569701471,0.3096296296296296,0.0,0.36,13.566,6.0,-16,20.0,,1471.7673493955149,0.0,0.0,278.66666666666663,46.05858170280932,optimal
2021-02-12 12:00:00,46,120,0.7254642452372592,0.0,0.0,0.07,12.789,6.0,-16,20.0,,2539.1248583304077,0.0,0.0,0.0,45.8439456855925,optimal
2021-02-12 12:30:00,46,120,1.1428571428571428,0.0,0.0,0.1935,12.1275,6.0,-16,20.003740490624303,,4000.0,0.0,0.0,0.0,45.6295243043929,optimal
2021-02-12 13:00:00,46,120,0.0,0.0,0.0,0.0895,13.671,6.0,-16,20.026874095413984,,0.0,0.0,0.0,0.0,45.4153173445745,optimal
2021-02-12 13:30:00,46,120,1.1428571428571428,0.0,0.0,0.07,10.668,6.0,-16,20.0,,4000.0,0.0,0.0,0.0,45.20132459171591,optimal
2021-02-12 14:00:00,46,120,0.1286735790753353,0.0,0.0,0.1805,11.7285,6.0,-16,20.0214727451084,,450.3575267636736,0.0,0.0,0.0,44.98754583161018,optimal
2021-02-12 14:30:00,46,120,0.6582140477004074,0.0,0.0,0.1025,11.025,6.0,-16,20.0,,2303.7491669514257,0.0,0.0,0.0,44.77398085026456,optimal
2021-02-12 15:00:00,46,120,1.1428571428571428,0.0,0.0,0.096,10.689,6.0,-16,20.0,,4000.0,0.0,0.0,0.0,44.56062943390029,optimal
2021-02-12 15:30:00,46,120,1.1428571428571428,0.0,0.0,0.187,8.1585,6.0,-16,20.019126624144665,,4000.0,0.0,0.0,0.0,44.347491368952376,optimal
2021-02-12 16:00:00,46,120,1.1428571428571428,0.0,0.0,0.07,10.3635,6.0,-16,20.03902653735932,,4000.0,0.0,0.0,0.0,44.13456644206941,optimal
2021-02-12 16:30:00,46,120,0.3993675672136502,0.0,0.0,0.07,10.8045,6.0,-16,20.05399751170692,,1397.7864852477758,0.0,0.0,0.0,43.921854440113336,optimal
2021-02-12 17:00:00,46,120,0.0,0.2322222222222222,0.0,0.119,11.025,6.0,-16,20.036642978105228,,0.0,0.0,0.0,209.0,43.70935515015921,optimal
2021-02-12 17:30:00,46,120,1.1428571428571428,0.0,0.0,0.262,10.3635,6.0,-16,20.0,,4000.0,0.0,0.0,0.0,43.497068359495046,optimal
2021-02-12 18:00:00,46,120,0.6038816402601722,0.0,0.0,0.07,10.8045,6.0,-16,20.0137467170516,,2113.5857409106025,0.0,0.0,0.0,43.28499385562154,optimal
2021-02-12 18:30:00,46,120,1.1428571428571428,0.0,0.0,0.196,10.059,6.0,-16,20.0,,4000.0,0.0,0.0,0.0,43.07313142625191,optimal
2021-02-12 19:00:00,46,120,0.376265676631272,0.0774074074074074,0.0,0.5932000000000001,10.584,6.0,-16,20.01144045269719,,1316.9298682094518,0.0,0.0,69.66666666666666,42.86148085931165,optimal
2021-02-12 19:30:00,46,120,1.14259330533658,0.6192592592592592,0.0,1.1945333333333332,9.4185,6.0,-16,20.0,,3999.07656867803,0.0,0.0,557.3333333333333,42.65004194293833,optimal
2021-02-12 20:00:00,46,120,0.0,0.3096296296296296,0.0,2.5893,10.3635,6.0,-16,20.02357096573545,,0.0,0.0,0.0,278.66666666666663,42.43881446548138,optimal
2021-02-12 20:30:00,46,120,0.0,0.0,0.0,1.4459000000000002,9.8385,6.0,-16,20.0,,0.0,0.0,0.0,0.0,42.39637565101589,optimal
2021-02-12 21:00:00,46,120,0.0,0.3096296296296296,0.0,1.1728333333333332,11.067,6.0,-16,19.97570010196143,,0.0,0.0,0.0,278.66666666666663,42.35397927536488,optimal
2021-02-12 21:30:00,46,120,0.0,0.1548148148148148,0.0,1.6551333333333331,10.8465,6.0,-16,19.95239497524401,,0.0,0.0,0.0,139.33333333333331,42.31162529608952,optimal
2021-02-12 22:00:00,46,120,0.0,0.1548148148148148,0.0,0.353,13.671,6.0,-16,19.93065986498126,,0.0,0.0,0.0,139.33333333333331,42.26931367079343,optimal
2021-02-12 22:30:00,46,120,0.0,0.2322222222222222,0.0,0.3112,12.348,6.0,-16,19.907614757555383,,0.0,0.0,0.0,209.0,42.22704435712264,optimal
2021-02-12 23:00:00,46,120,0.0,0.0,0.0,0.5815333333333333,14.3325,6.0,-16,19.88390713828389,,0.0,0.0,0.0,0.0,42.18481731276552,optimal
2021-02-12 23:30:00,46,120,0.0,0.0,0.0,0.1133333333333333,15.393,6.0,-16,19.86265456403626,,0.0,0.0,0.0,0.0,42.14263249545275,optimal
2021-02-13 00:00:00,46,120,1.1428571428571428,0.0,5.0,0.061,11.2455,6.0,17,19.86265456403626,,4000.0,0.0,0.0,0.0,44.475489862957296,optimal
2021-02-13 00:30:00,46,120,0.0,0.0,0.0,0.061,23.8665,6.0,17,19.87426457524763,,0.0,0.0,0.0,0.0,44.43101437309434,optimal
2021-02-13 01:00:00,46,120,0.0,0.0,0.0,0.061,27.4575,6.0,17,19.837221324107023,,0.0,0.0,0.0,0.0,44.386583358721246,optimal
2021-02-13 01:30:00,46,120,0.0,0.0,0.0,0.061,27.3735,6.0,17,19.800350641683465,,0.0,0.0,0.0,0.0,44.34219677536253,optimal
2021-02-13 02:00:00,46,120,0.0,0.0,0.0,0.061,30.4605,6.0,17,19.763652185848613,,0.0,0.0,0.0,0.0,44.29785457858716,optimal
2021-02-13 02:30:00,46,120,0.0,0.0,0.0,0.061,30.0195,6.0,17,19.72712561515244,,0.0,0.0,0.0,0.0,44.253556724008575,optimal
2021-02-13 03:00:00,46,120,0.0,0.0,0.0,0.061,26.9325,6.0,17,19.690671460678782,,0.0,0.0,0.0,0.0,44.20930316728457,optimal
2021-02-13 03:30:00,46,120,1.1428571428571428,0.0,0.0,0.061,14.595,6.0,17,19.65428957885793,,4000.0,0.0,0.0,0.0,44.16509386411728,optimal
2021-02-13 04:00:00,46,120,1.1428571428571428,0.0,0.0,0.061,12.4845,6.0,17,19.66661007117973,,4000.0,0.0,0.0,0.0,44.120928770253165,optimal
2021-02-13 04:30:00,46,120,1.1428571428571428,0.0,0.0,0.0703333333333333,12.1275,6.0,17,19.678807009207944,,4000.0,0.0,0.0,0.0,44.07680784148291,optimal
2021-02-13 05:00:00,46,120,1.1428571428571428,0.0,3.54453899807785,0.071,12.1275,6.0,17,19.69078150975367,,4000.0,0.0,0.0,0.0,45.7163870577284,optimal
2021-02-13 05:30:00,46,120,1.1428571428571428,0.0,0.0,0.071,12.789,6.0,17,19.702534013813192,,4000.0,0.0,0.0,0.0,45.670670670670674,optimal
2021-02-13 06:00:00,46,120,1.1428571428571428,1.935185185185185,5.0,2.583333333333333,11.907,6.0,17,19.7140649615085,,4000.0,0.0,0.0,1741.6666666666667,48.0,optimal
2021-02-13 06:30:00,46,120,1.1428571428571428,1.7432148148148148,0.0,0.0593333333333333,11.025,6.0,17,19.73162352200953,,4000.0,0.0,0.0,1568.8933333333334,47.65399193195101,optimal
2021-02-13 07:00:00,46,120,1.1428571428571428,4.139748148148148,0.0,0.069,8.2005,6.0,17,19.744805033270723,,4000.0,0.0,0.0,3725.7733333333335,47.30832987197008,optimal
2021-02-13 07:30:00,46,120,1.1428571428571428,21.572523585420075,0.0,2.591333333333333,9.5655,6.0,17,19.758533748560424,,4000.0,18300.604560211403,0.0,1114.6666666666663,46.96301347404912,optimal
2021-02-13 08:00:00,46,120,1.1428571428571428,0.0,0.0,0.071,7.056,6.0,17,20.0,,4000.0,0.0,0.0,0.0,46.618042392526085,optimal
2021-02-13 08:30:00,46,120,1.1428571428571428,0.0,0.0,0.071,9.3975,6.0,17,20.00737342518709,,4000.0,0.0,0.0,0.0,46.273416282084575,optimal
2021-02-13 09:00:00,46,120,0.4747907582087105,0.0,0.0,0.1761,10.059,6.0,17,20.01483136023831,,1661.7676537304867,0.0,0.0,0.0,45.92913479775351,optimal
2021-02-13 09:30:00,46,120,1.1428571428571428,0.1548148148148148,0.0,2.5405,9.261,6.0,17,20.0,,4000.0,0.0,0.0,139.33333333333331,45.58519759490677,optimal
2021-02-13 10:00:00,46,120,1.1428571428571428,3.638148148148148,0.0,2.202333333333333,8.1585,6.0,17,20.01776953863268,,4000.0,0.0,0.0,3274.333333333333,45.24160432926287,optimal
2021-02-13 10:30:00,46,120,1.1428571428571428,0.3096296296296296,0.0,4.6376,9.4815,6.0,17,20.039478589451942,,4000.0,0.0,0.0,278.66666666666663,44.89835465688462,optimal
2021-02-13 11:00:00,46,120,1.1428571428571428,0.0,0.0,0.5063333333333333,8.379,6.0,17,20.064049566148984,,4000.0,0.0,0.0,0.0,44.55544823417875,optimal
2021-02-13 11:30:00,46,120,1.1428571428571428,0.0,0.0,2.4241666666666664,9.5235,6.0,17,20.087562192332275,,4000.0,0.0,0.0,0.0,44.212884717895584,optimal
2021-02-13 12:00:00,46,120,1.1428571428571428,0.0,0.0,0.2555,8.1375,6.0,17,20.109492460937787,,4000.0,0.0,0.0,0.0,43.870663765128704,optimal
2021-02-13 12:30:00,46,120,0.0,0.0,0.0,1.5059,10.0905,6.0,17,20.129324756985696,,0.0,0.0,0.0,0.0,43.52878503331459,optimal
2021-02-13 13:00:00,46,120,1.1428571428571428,0.387037037037037,0.0,0.248,7.539,6.0,17,20.105455981432595,,4000.0,0.0,0.0,348.3333333333333,43.18724818023229,optimal
2021-02-13 13:30:00,46,120,1.1428571428571428,0.2322222222222222,0.0,0.2702,7.938,6.0,17,20.128156596093007,,4000.0,0.0,0.0,209.0,42.84605286400307,optimal
2021-02-13 14:00:00,46,120,1.1428571428571428,0.0,0.0,0.2066,8.274,6.0,17,20.15160650309041,,4000.0,0.0,0.0,0.0,42.50519874309008,optimal
2021-02-13 14:30:00,46,120,1.1428571428571428,0.2322222222222222,0.0,2.811833333333333,9.261,6.0,17,20.17172734194654,,4000.0,0.0,0.0,209.0,42.164685476298,optimal
2021-02-13 15:00:00,46,120,1.1428571428571428,0.0774074074074074,0.0,0.214,9.9225,6.0,17,20.19868141454764,,4000.0,0.0,0.0,69.66666666666666,41.82451272277272,optimal
2021-02-13 15:30:00,46,120,1.1428571428571428,0.3096296296296296,0.0,0.1251,9.702,6.0,17,20.21984054060784,,4000.0,0.0,0.0,278.66666666666663,41.48468014200096,optimal
2021-02-13 16:00:00,46,120,0.0,0.1548148148148148,0.0,0.0814,10.584,6.0,17,20.24214175096284,,0.0,0.0,0.0,139.33333333333331,41.14518739380998,optimal
2021-02-13 16:30:00,46,120,0.2281034056278676,0.0774074074074074,0.0,0.2137333333333333,10.143,6.0,17,20.214429628138955,,798.3619196975366,0.0,0.0,69.66666666666666,40.80603413836718,optimal
2021-02-13 17:00:00,46,120,0.0,1.2385185185185184,0.0,0.2026666666666666,13.0095,6.0,17,20.19595219021292,,0.0,0.0,0.0,1114.6666666666663,40.46722003617983,optimal
2021-02-13 17:30:00,46,120,0.0,0.387037037037037,0.0,3.8870666666666662,11.025,6.0,17,20.165310034910224,,0.0,0.0,0.0,348.3333333333333,40.12874474809466,optimal
2021-02-13 18:00:00,46,120,0.0,2.012592592592592,0.0,4.116766666666666,12.789,6.0,17,20.145293270524697,,0.0,0.0,0.0,1811.333333333333,39.79060793529758,optimal
2021-02-13 18:30:00,46,120,0.0,0.4644444444444444,0.0,1.4817,12.1275,6.0,17,20.121740046755185,,0.0,0.0,0.0,418.0,39.4528092593133,optimal
2021-02-13 19:00:00,46,120,0.0,0.1548148148148148,0.0,0.0765999999999999,12.1695,6.0,17,20.09241693265703,,0.0,0.0,0.0,139.33333333333331,39.115348382005,optimal
2021-02-13 19:30:00,46,120,0.0,0.387037037037037,0.0,0.3315666666666667,12.306,6.0,17,20.058501177039776,,0.0,0.0,0.0,348.3333333333333,38.778224965574005,optimal
2021-02-13 20:00:00,46,120,0.0,0.2322222222222222,0.0,0.303,13.23,6.0,17,20.02982649375561,,0.0,0.0,0.0,209.0,38.44143867255944,optimal
2021-02-13 20:30:00,46,120,0.0,0.3096296296296296,0.0,1.4431666666666667,13.671,6.0,17,20.0,,0.0,0.0,0.0,278.66666666666663,38.1049891658379,optimal
2021-02-13 21:00:00,46,120,0.0,0.0,0.0,1.1804,13.9335,6.0,17,19.979211838259545,,0.0,0.0,0.0,0.0,37.76887610862308,optimal
2021-02-13 21:30:00,46,120,0.0,0.1548148148148148,0.0,2.9946666666666664,13.293,6.0,17,19.95439111478057,,0.0,0.0,0.0,139.33333333333331,37.43309916446547,optimal
2021-02-13 22:00:00,46,120,0.0,0.774074074074074,0.0,3.5599000000000003,12.1065,6.0,17,19.929736911434464,,0.0,0.0,0.0,696.6666666666666,37.395666065301,optimal
2021-02-13 22:30:00,46,120,0.0,0.0,0.0,1.7963333333333331,11.571,6.0,17,19.90594390076584,,0.0,0.0,0.0,0.0,37.3582703992357,optimal
2021-02-13 23:00:00,46,120,0.0,0.0,0.0,0.071,11.025,6.0,17,19.878380769070368,,0.0,0.0,0.0,0.0,37.32091212883646,optimal
2021-02-13 23:30:00,46,120,0.0,0.0,0.0,0.0663333333333333,10.8465,6.0,17,19.84162674174597,,0.0,0.0,0.0,0.0,37.28359121670763,optimal
2021-02-07 00:00:00,47,120,0.0,0.0,1.5264568308476545,0.0556666666666666,9.261,6.0,-16,21.0,,0.0,0.0,0.0,0.0,48.67706699465263,optimal
2021-02-07 00:30:00,47,120,0.0,0.0,0.0,0.0696666666666666,11.7075,6.0,-16,20.967655124565045,,0.0,0.0,0.0,0.0,48.62838992765797,optimal
2021-02-07 01:00:00,47,120,0.0,0.0,0.0,0.1318,12.348,6.0,-16,20.93588025803141,,0.0,0.0,0.0,0.0,48.57976153773031,optimal
2021-02-07 01:30:00,47,120,0.0,0.0,0.0,0.2258,12.348,6.0,-16,20.90364283192719,,0.0,0.0,0.0,0.0,48.53118177619257,optimal
2021-02-07 02:00:00,47,120,0.0,0.0,0.0,0.057,12.1275,6.0,-16,20.872515330667216,,0.0,0.0,0.0,0.0,48.48265059441637,optimal
2021-02-07 02:30:00,47,120,0.0,0.0,0.0,0.2066,12.5265,6.0,-16,20.839294033955,,0.0,0.0,0.0,0.0,48.434167943821954,optimal
2021-02-07 03:00:00,47,120,0.0,0.0,0.0,0.0711,11.7495,6.0,-16,20.807762822812848,,0.0,0.0,0.0,0.0,48.38573377587813,optimal
2021-02-07 03:30:00,47,120,0.0,0.0,0.0,0.1913,13.23,6.0,-16,20.774445160485147,,0.0,0.0,0.0,0.0,48.33734804210225,optimal
2021-02-07 04:00:00,47,120,0.0,0.0,0.0,0.1663,14.3325,6.0,-16,20.742558742030525,,0.0,0.0,0.0,0.0,48.28901069406015,optimal
2021-02-07 04:30:00,47,120,0.0,0.0,0.0,0.1369,14.994,6.0,-16,20.710331853681105,,0.0,0.0,0.0,0.0,48.24072168336608,optimal
2021-02-07 05:00:00,47,120,0.0,0.0,0.0,0.057,14.8155,6.0,-16,20.677810696272715,,0.0,0.0,0.0,0.0,48.19248096168271,optimal
2021-02-07 05:30:00,47,120,0.0,0.0,0.0,0.1861999999999999,14.112,6.0,-16,20.644380644879178,,0.0,0.0,0.0,0.0,48.144288480721016,optimal
2021-02-07 06:00:00,47,120,0.0,0.4644444444444444,0.0,0.1874,14.007,6.0,-16,20.612590829409235,,0.0,0.0,0.0,418.0,48.096144192240295,optimal
2021-02-07 06:30:00,47,120,0.0,0.1548148148148148,0.0,2.6124666666666667,13.23,6.0,-16,20.581142608828664,,0.0,0.0,0.0,139.33333333333331,48.048048048048045,optimal
2021-02-07 07:00:00,47,120,0.0,1.2385185185185184,0.0,0.1855666666666666,11.382,6.0,-16,20.55621089668045,,0.0,0.0,0.0,1114.6666666666663,48.0,optimal
2021-02-07 07:30:00,47,120,0.0,0.6966666666666667,0.0,0.2018333333333332,11.7495,6.0,-16,20.52649745688731,,0.0,0.0,0.0,627.0,47.61558571969767,optimal
2021-02-07 08:00:00,47,120,0.0,0.2322222222222222,0.0,0.0742666666666666,24.3285,6.0,-16,20.495924241922477,,0.0,0.0,0.0,209.0,47.23155585367565,optimal
2021-02-07 08:30:00,47,120,0.0,0.0,0.0,0.161,28.917,6.0,-16,20.46214338841341,,0.0,0.0,0.0,0.0,46.84791001751964,optimal
2021-02-07 09:00:00,47,120,0.0,0.0,0.0,0.169,31.3635,6.0,-16,20.426323947496968,,0.0,0.0,0.0,0.0,46.46464782719979,optimal
2021-02-07 09:30:00,47,120,0.0,0.0,0.0,0.1199333333333333,33.306,6.0,-16,20.39157558403764,,0.0,0.0,0.0,0.0,46.08176889907026,optimal
2021-02-07 10:00:00,47,120,0.0,0.0,0.0,0.1482666666666666,31.3425,6.0,-16,20.358176114673302,,0.0,0.0,0.0,0.0,45.69927284986886,optimal
2021-02-07 10:30:00,47,120,0.0,0.0,0.0,0.1276,28.2555,6.0,-16,20.32678309817829,,0.0,0.0,0.0,0.0,45.31715929671667,optimal
2021-02-07 11:00:00,47,120,0.0,0.0,0.0,0.1487333333333333,15.6975,6.0,-16,20.293077485368745,,0.0,0.0,0.0,0.0,44.93542785711762,optimal
2021-02-07 11:30:00,47,120,0.0,0.0,0.0,0.1071,12.5475,6.0,-16,20.261742839740453,,0.0,0.0,0.0,0.0,44.554078148958176,optimal
2021-02-07 12:00:00,47,120,0.0,0.3096296296296296,0.0,0.0973,12.0855,6.0,-16,20.232207925239493,,0.0,0.0,0.0,278.66666666666663,44.17310979050689,optimal
2021-02-07 12:30:00,47,120,0.0,0.0,0.0,0.4186333333333333,11.907,6.0,-16,20.20454395300317,,0.0,0.0,0.0,0.0,43.79252240041406,optimal
2021-02-07 13:00:00,47,120,0.0,0.0774074074074074,0.0,0.2627,12.5685,6.0,-16,20.180183451192,,0.0,0.0,0.0,69.66666666666666,43.41231559771131,optimal
2021-02-07 13:30:00,47,120,0.0,0.0,0.0,0.187,13.146,6.0,-16,20.152854563339563,,0.0,0.0,0.0,0.0,43.03248900181127,optimal
2021-02-07 14:00:00,47,120,0.0,0.0,0.0,0.2154666666666666,10.584,6.0,-16,20.12526210508298,,0.0,0.0,0.0,0.0,42.65304223250713,optimal
2021-02-07 14:30:00,47,120,1.1428571428571428,0.0,0.0,0.3367,6.678,6.0,-16,20.09859035085297,,4000.0,0.0,0.0,0.0,42.273974909972296,optimal
2021-02-07 15:00:00,47,120,0.0,0.0,0.0,0.1995333333333333,7.938,6.0,-16,20.121667765029454,,0.0,0.0,0.0,0.0,41.89528665475999,optimal
2021-02-07 15:30:00,47,120,1.1428571428571428,0.0,0.0,0.195,5.292,6.0,-16,20.096171451559343,,4000.0,0.0,0.0,0.0,41.51697708780291,optimal
2021-02-07 16:00:00,47,120,0.0,0.0,0.0,0.125,9.261,6.0,-16,20.12021672632697,,0.0,0.0,0.0,0.0,41.139045830412776,optimal
2021-02-07 16:30:00,47,120,0.0,0.0,0.0,0.1386,10.3635,6.0,-16,20.08736493441673,,0.0,0.0,0.0,0.0,40.76149250428004,optimal
2021-02-07 17:00:00,47,120,0.0,0.1548148148148148,0.0,0.1815333333333333,8.274,6.0,-16,20.05484308126004,,0.0,0.0,0.0,139.33333333333331,40.38431673147343,optimal
2021-02-07 17:30:00,47,120,0.243713030131209,0.6966666666666667,0.0,0.1843333333333333,7.7175,6.0,-16,20.021056866889836,,852.9956054592317,0.0,0.0,627.0,40.00751813443962,optimal
2021-02-07 18:00:00,47,120,0.6796653064877461,0.774074074074074,0.0,0.3947,6.615,6.0,-16,20.0,,2378.828572707112,0.0,0.0,696.6666666666666,39.631096336002855,optimal
2021-02-07 18:30:00,47,120,0.8135975824406414,0.0,0.0,0.1621999999999999,6.174,6.0,-16,20.0,,2847.591538542245,0.0,0.0,0.0,39.255050959364524,optimal
2021-02-07 19:00:00,47,120,0.7264155726792466,0.0,0.0,0.3081,3.906,6.0,-16,20.0,,2542.454504377363,0.0,0.0,0.0,38.879381628102834,optimal
2021-02-07 19:30:00,47,120,0.3422346202983048,0.0,0.0,1.5191,2.3415,6.0,-16,20.0,,1197.821171044067,0.0,0.0,0.0,38.504087966172406,optimal
2021-02-07 20:00:00,47,120,0.6234060488697136,0.387037037037037,0.0,0.3048,2.205,6.0,-16,20.0,,2181.9211710439977,0.0,0.0,348.3333333333333,38.1291695979039,optimal
2021-02-07 20:30:00,47,120,0.0,1.393333333333333,0.0,0.2521333333333333,0.882,6.0,-16,20.0,,0.0,0.0,0.0,1254.0,37.75462614800367,optimal
2021-02-07 21:00:00,47,120,0.0,0.5418518518518518,0.0,0.4556,1.5435,6.0,-16,19.973922534078515,,0.0,0.0,0.0,487.6666666666667,37.71687152185567,optimal
2021-02-07 21:30:00,47,120,0.0,0.0,0.0,0.3265333333333333,1.5435,6.0,-16,19.951340220555757,,0.0,0.0,0.0,0.0,37.67915465033381,optimal
2021-02-07 22:00:00,47,120,0.0,2.631851851851852,0.0,0.2646666666666666,5.0715,6.0,-16,19.929181954841653,,0.0,0.0,0.0,2368.6666666666665,37.64147549568348,optimal
2021-02-07 22:30:00,47,120,0.0,0.3096296296296296,0.0,0.4637,5.376,6.0,-16,19.903995638397856,,0.0,0.0,0.0,278.66666666666663,37.6038340201878,optimal
2021-02-07 23:00:00,47,120,0.0,0.1548148148148148,0.0,0.3838,5.0715,6.0,-16,19.88159134891792,,0.0,0.0,0.0,139.33333333333331,37.56623018616761,optimal
2021-02-07 23:30:00,47,120,0.0,0.0,0.0,0.1418,5.5125,6.0,-16,19.85624233639984,,0.0,0.0,0.0,0.0,37.52866395598144,optimal
2021-02-08 00:00:00,47,120,0.0,0.0,0.0,0.059,12.348,6.0,9,19.85624233639984,,0.0,0.0,0.0,0.0,37.49113529202546,optimal
2021-02-08 00:30:00,47,120,0.9764044921909752,0.0,0.0,0.059,12.1275,6.0,9,19.822689681676145,,3417.4157226684133,0.0,0.0,0.0,37.45364415673344,optimal
2021-02-08 01:00:00,47,120,0.0,0.0,0.0,0.059,12.348,6.0,9,19.83083567849104,,0.0,0.0,0.0,0.0,37.41619051257671,optimal
2021-02-08 01:30:00,47,120,1.1428571428571428,0.0,0.0,0.1057999999999999,12.1275,6.0,9,19.797333394063752,,4000.0,0.0,0.0,0.0,37.378774322064125,optimal
2021-02-08 02:00:00,47,120,1.1428571428571428,0.0,0.0,0.0824,12.1275,6.0,9,19.813097908459408,,4000.0,0.0,0.0,0.0,37.34139554774206,optimal
2021-02-08 02:30:00,47,120,1.1428571428571428,0.0,0.0,0.1785999999999999,11.2665,6.0,9,19.828446973739656,,4000.0,0.0,0.0,0.0,37.30405415219432,optimal
2021-02-08 03:00:00,47,120,1.1428571428571428,0.0,5.0,0.0975999999999999,10.143,6.0,9,19.845036678094868,,4000.0,0.0,0.0,0.0,39.64175009804213,optimal
2021-02-08 03:30:00,47,120,1.1428571428571428,0.0,0.0,0.059,11.2455,6.0,9,19.860705850659823,,4000.0,0.0,0.0,0.0,39.60210834794408,optimal
2021-02-08 04:00:00,47,120,1.1428571428571428,0.0,3.0368599062103985,0.1057999999999999,11.025,6.0,9,19.875774591513466,,4000.0,0.0,0.0,0.0,41.00501469504607,optimal
2021-02-08 04:30:00,47,120,1.1428571428571428,0.0,5.0,0.1257333333333333,5.9745,6.0,9,19.89128446316119,,4000.0,0.0,0.0,0.0,43.33900968035103,optimal
2021-02-08 05:00:00,47,120,1.1428571428571428,0.6192592592592592,5.0,0.101,7.938,6.0,9,19.907063993143456,,4000.0,0.0,0.0,557.3333333333333,45.670670670670674,optimal
2021-02-08 05:30:00,47,120,1.1428571428571428,0.1548148148148148,5.0,1.0902,8.6835,6.0,9,19.92379079728545,,4000.0,0.0,0.0,139.33333333333331,48.0,optimal
2021-02-08 06:00:00,47,120,1.1428571428571428,6.037777777777777,0.0,1.1005333333333334,7.665,6.0,9,19.94314461208517,,4000.0,0.0,0.0,5433.999999999999,47.86773470789705,optimal
2021-02-08 06:30:00,47,120,1.1428571428571428,0.387037037037037,0.0,0.334,6.7725,6.0,9,19.961979215166192,,4000.0,0.0,0.0,348.3333333333333,47.7356016810862,optimal
2021-02-08 07:00:00,47,120,1.1428571428571428,0.387037037037037,0.0,0.213,5.5755,6.0,9,19.98243363713515,,4000.0,0.0,0.0,348.3333333333333,47.60360078730217,optimal
2021-02-08 07:30:00,47,120,1.1428571428571428,0.0,0.0,0.4054,5.0925,6.0,9,20.0031788215778,,4000.0,0.0,0.0,0.0,47.47173189441192,optimal
2021-02-08 08:00:00,47,120,1.1428571428571428,0.3096296296296296,0.0,0.3718999999999999,4.1895,6.0,9,20.023817995060607,,4000.0,0.0,0.0,278.66666666666663,47.33999487041456,optimal
2021-02-08 08:30:00,47,120,1.1428571428571428,0.3096296296296296,0.0,2.393733333333333,7.056,6.0,9,20.042992864191834,,4000.0,0.0,0.0,278.66666666666663,47.2083895834412,optimal
2021-02-08 09:00:00,47,120,1.1428571428571428,0.387037037037037,0.0,0.3157,5.271,6.0,9,20.06680074424235,,4000.0,0.0,0.0,348.3333333333333,47.07691590175481,optimal
2021-02-08 09:30:00,47,120,1.1428571428571428,0.4644444444444444,0.0,0.9905666666666668,7.938,6.0,9,20.089197636107777,,4000.0,0.0,0.0,418.0,46.945573693750106,optimal
2021-02-08 10:00:00,47,120,1.1428571428571428,0.0,0.0,2.8668666666666667,7.938,6.0,9,20.11690163849981,,4000.0,0.0,0.0,0.0,46.81436282795341,optimal
2021-02-08 10:30:00,47,120,1.1428571428571428,0.0,0.0,0.9920666666666668,11.907,6.0,9,20.15396150063503,,4000.0,0.0,0.0,0.0,46.68328317302251,optimal
2021-02-08 11:00:00,47,120,1.1428571428571428,0.0,0.0,1.6692,11.025,6.0,9,20.17634368276944,,4000.0,0.0,0.0,0.0,46.55233459774654,optimal
2021-02-08 11:30:00,47,120,1.1428571428571428,0.0,0.0,2.051766666666667,11.2875,6.0,9,20.2009446485469,,4000.0,0.0,0.0,0.0,46.42151697104584,optimal
2021-02-08 12:00:00,47,120,0.0,0.4644444444444444,0.0,2.4185,12.936,6.0,9,20.22773564014034,,0.0,0.0,0.0,418.0,46.29083016197185,optimal
2021-02-08 12:30:00,47,120,0.0,0.0,0.0,0.1667333333333333,13.0095,6.0,9,20.214402914031297,,0.0,0.0,0.0,0.0,46.16027403970693,optimal
2021-02-08 13:00:00,47,120,0.0,0.1548148148148148,0.0,0.1262,13.671,6.0,9,20.189499007435547,,0.0,0.0,0.0,139.33333333333331,46.02984847356427,optimal
2021-02-08 13:30:00,47,120,0.0,0.0,0.0,0.9824,13.188,6.0,9,20.163939801782305,,0.0,0.0,0.0,0.0,45.89955333298776,optimal
2021-02-08 14:00:00,47,120,0.0,0.1548148148148148,0.0,1.4995,13.8495,6.0,9,20.140694513540108,,0.0,0.0,0.0,139.33333333333331,45.76938848755182,optimal
2021-02-08 14:30:00,47,120,0.0,0.2322222222222222,0.0,0.8505333333333333,13.23,6.0,9,20.12295623816117,,0.0,0.0,0.0,209.0,45.63935380696133,optimal
2021-02-08 15:00:00,47,120,0.0,0.0,0.0,1.4116333333333335,13.3665,6.0,9,20.10434967402335,,0.0,0.0,0.0,0.0,45.50944916105141,optimal
2021-02-08 15:30:00,47,120,0.0,0.0,0.0,1.1094000000000002,13.0515,6.0,9,20.086051420046125,,0.0,0.0,0.0,0.0,45.37967441978741,optimal
2021-02-08 16:00:00,47,120,0.0,0.4644444444444444,0.0,2.5448000000000004,13.5345,6.0,9,20.066890715916795,,0.0,0.0,0.0,418.0,45.25002945326468,optimal
2021-02-08 16:30:00,47,120,0.0,0.6966666666666667,0.0,2.663333333333333,14.154,6.0,9,20.050175040391327,,0.0,0.0,0.0,627.0,45.12051413170847,optimal
2021-02-08 17:00:00,47,120,0.0,0.3096296296296296,0.0,0.3778,14.112,6.0,9,20.040754020641195,,0.0,0.0,0.0,278.66666666666663,44.99112832547381,optimal
2021-02-08 17:30:00,47,120,0.0,0.3096296296296296,0.0,1.4246,14.2485,6.0,9,20.01690894637053,,0.0,0.0,0.0,278.66666666666663,44.86187190504539,optimal
2021-02-08 18:00:00,47,120,1.1428571428571428,0.0,0.0,2.689633333333333,12.789,6.0,9,20.0,,4000.0,0.0,0.0,0.0,44.73274474103739,optimal
2021-02-08 18:30:00,47,120,0.0267013407699334,0.5418518518518518,0.0,0.2332666666666666,13.0095,6.0,9,20.02612588792929,,93.45469269476705,0.0,0.0,487.6666666666667,44.603746704193405,optimal
2021-02-08 19:00:00,47,120,1.1428571428571428,0.5418518518518518,0.0,0.1483333333333333,12.1275,6.0,9,20.0,,4000.0,0.0,0.0,487.6666666666667,44.474877665386266,optimal
2021-02-08 19:30:00,47,120,0.1959784593570921,0.4644444444444444,0.0,0.8223333333333334,12.348,6.0,9,20.02030834069745,,685.9246077498225,0.0,0.0,418.0,44.34613749561793,optimal
2021-02-08 20:00:00,47,120,0.679678512665622,0.0,0.0,1.7229666666666668,12.348,6.0,9,20.0,,2378.8747943296767,0.0,0.0,0.0,44.21752606601937,optimal
2021-02-08 20:30:00,47,120,0.0,0.387037037037037,0.0,2.147,25.389,6.0,9,20.0,,0.0,0.0,0.0,348.3333333333333,44.0890432478504,optimal
2021-02-08 21:00:00,47,120,0.0,0.3096296296296296,0.0,0.3349333333333333,29.1375,6.0,9,19.970921166644764,,0.0,0.0,0.0,278.66666666666663,44.04495420460255,optimal
2021-02-08 21:30:00,47,120,0.0,0.0,0.0,0.6116333333333334,30.597,6.0,9,19.945102631770023,,0.0,0.0,0.0,0.0,44.000909250397946,optimal
2021-02-08 22:00:00,47,120,0.0,0.1548148148148148,0.0,0.2633999999999999,33.684,6.0,9,19.9235468550725,,0.0,0.0,0.0,139.33333333333331,43.956908341147546,optimal
2021-02-08 22:30:00,47,120,0.0,0.0,0.0,0.1813,32.445,6.0,9,19.895819736030344,,0.0,0.0,0.0,0.0,43.9129514328064,optimal
2021-02-08 23:00:00,47,120,0.0,0.0,0.0,0.0885,28.917,6.0,9,19.862069771622654,,0.0,0.0,0.0,0.0,43.86903848137359,optimal
2021-02-08 23:30:00,47,120,0.0,0.0,0.0,0.069,15.876,6.0,9,19.827157069046205,,0.0,0.0,0.0,0.0,43.82516944289222,optimal
2021-02-09 00:00:00,47,120,1.1428571428571428,0.0,0.0,0.1754,15.981,6.0,-17,19.827157069046205,,4000.0,0.0,0.0,0.0,43.78134427344933,optimal
2021-02-09 00:30:00,47,120,1.1428571428571428,0.0,0.0,1.7026666666666668,15.6345,6.0,-17,19.84270494354028,,4000.0,0.0,0.0,0.0,43.73756292917588,optimal
2021-02-09 01:00:00,47,120,1.1428571428571428,0.774074074074074,0.0,0.7032666666666667,16.5375,6.0,-17,19.863763705200085,,4000.0,0.0,0.0,696.6666666666666,43.69382536624671,optimal
2021-02-09 01:30:00,47,120,1.1428571428571428,0.0,0.0,0.5447333333333334,14.7735,6.0,-17,19.885030256015263,,4000.0,0.0,0.0,0.0,43.65013154088046,optimal
2021-02-09 02:00:00,47,120,1.1428571428571428,0.387037037037037,0.0,1.9899333333333329,15.2145,6.0,-17,19.90496127682976,,4000.0,0.0,0.0,348.3333333333333,43.60648140933958,optimal
2021-02-09 02:30:00,47,120,1.1428571428571428,0.0,0.0,0.3874333333333333,14.553,6.0,-17,19.92366434599877,,4000.0,0.0,0.0,0.0,43.56287492793024,optimal
2021-02-09 03:00:00,47,120,1.1428571428571428,0.387037037037037,0.0,0.4372666666666666,14.3325,6.0,-17,19.941144226089804,,4000.0,0.0,0.0,348.3333333333333,43.51931205300231,optimal
2021-02-09 03:30:00,47,120,1.1428571428571428,0.3096296296296296,0.0,0.2097666666666666,14.595,6.0,-17,19.96011919253607,,4000.0,0.0,0.0,278.66666666666663,43.47579274094931,optimal
2021-02-09 04:00:00,47,120,1.1428571428571428,2.322222222222221,0.0,1.9201,14.994,6.0,-17,19.97638585437415,,4000.0,0.0,0.0,2089.9999999999995,43.43231694820836,optimal
2021-02-09 04:30:00,47,120,1.1428571428571428,0.0,0.0,0.4102666666666666,14.3325,6.0,-17,19.995773431384663,,4000.0,0.0,0.0,0.0,43.38888463126016,optimal
2021-02-09 05:00:00,47,120,1.1428571428571428,0.0,0.0,0.1785333333333333,13.8915,6.0,-17,20.01244707613099,,4000.0,0.0,0.0,0.0,43.34549574662889,optimal
2021-02-09 05:30:00,47,120,1.1428571428571428,0.0,0.0,0.1712,13.8915,6.0,-17,20.02584085786478,,4000.0,0.0,0.0,0.0,43.30215025088226,optimal
2021-02-09 06:00:00,47,120,1.1428571428571428,0.0,5.0,0.099,13.4715,6.0,-17,20.039118748400643,,4000.0,0.0,0.0,0.0,45.63384810063138,optimal
2021-02-09 06:30:00,47,120,1.1428571428571428,0.0,5.0,0.3447333333333333,13.23,6.0,-17,20.051490749502687,,4000.0,0.0,0.0,0.0,47.963214252530754,optimal
2021-02-09 07:00:00,47,120,1.1428571428571428,2.4770370370370367,0.2795726521470131,0.287,13.8915,6.0,-17,20.06698853120917,,4000.0,0.0,0.0,2229.333333333333,48.048048048048045,optimal
2021-02-09 07:30:00,47,120,0.0,1.315925925925926,0.0,0.2527,26.9325,6.0,-17,20.082855123362336,,0.0,0.0,0.0,1184.3333333333333,48.0,optimal
2021-02-09 08:00:00,47,120,0.0,0.4644444444444444,0.0,0.3682666666666666,30.303,6.0,-17,20.05045742943722,,0.0,0.0,0.0,418.0,47.63215444926903,optimal
2021-02-09 08:30:00,47,120,0.0,1.1208844255753931,0.0,1.5053,32.886,6.0,-17,20.017847164320933,,0.0,1008.7959830178538,0.0,0.0,47.2646767440888,optimal
2021-02-09 09:00:00,47,120,0.0,2.6916427136752388,0.0,2.632233333333333,34.9965,6.0,-17,20.0,,0.0,2283.1451089743814,0.0,139.33333333333331,46.897566516613736,optimal
2021-02-09 09:30:00,47,120,0.0,1.64406618961252,0.0,2.140733333333333,33.327,6.0,-17,20.0,,0.0,1479.659570651268,0.0,0.0,46.53082339936616,optimal
2021-02-09 10:00:00,47,120,0.0,0.8049215856478283,0.0,2.382733333333333,31.122,6.0,-17,20.0,,0.0,724.4294270830455,0.0,0.0,46.16444702523582,optimal
2021-02-09 10:30:00,47,120,0.5878507398832769,0.0,0.0,0.5149333333333332,17.9025,6.0,-17,20.0,,2057.477589591469,0.0,0.0,0.0,45.79843702747962,optimal
2021-02-09 11:00:00,47,120,0.6299332253661504,0.0,0.0,0.2644666666666666,15.6555,6.0,-17,20.0,,2204.7662887815263,0.0,0.0,0.0,45.432793039721176,optimal
2021-02-09 11:30:00,47,120,0.6788083584618759,0.0,0.0,0.0852666666666666,14.553,6.0,-17,20.0,,2375.829254616566,0.0,0.0,0.0,45.067514695950486,optimal
2021-02-09 12:00:00,47,120,0.6374607186173856,0.0,0.0,0.068,14.3325,6.0,-17,20.0,,2231.11251516085,0.0,0.0,0.0,44.70260163052357,optimal
2021-02-09 12:30:00,47,120,0.5835760617121338,0.0,0.0,0.2647333333333332,13.335,6.0,-17,20.0,,2042.5162159924687,0.0,0.0,0.0,44.33805347816208,optimal
2021-02-09 13:00:00,47,120,1.1428571428571428,0.0,0.0,0.085,12.1275,6.0,-17,20.0,,4000.0,0.0,0.0,0.0,43.97386987395294,optimal
2021-02-09 13:30:00,47,120,0.062501390034953,0.0,0.0,0.2644666666666666,12.2955,6.0,-17,20.0220104333736,,218.75486512233573,0.0,0.0,0.0,43.61005045334802,optimal
2021-02-09 14:00:00,47,120,0.6441004446049562,0.0,0.0,0.0852666666666666,11.6865,6.0,-17,20.0,,2254.3515561173467,0.0,0.0,0.0,43.24659485216371,optimal
2021-02-09 14:30:00,47,120,1.1189884297083548,0.0,0.0,0.15,11.466,6.0,-17,20.0,,3916.4595039792416,0.0,0.0,0.0,42.88350270658058,optimal
2021-02-09 15:00:00,47,120,1.1428571428571428,0.0,0.0,0.1997333333333333,10.8045,6.0,-17,20.02093784504732,,4000.0,0.0,0.0,0.0,42.52077365314303,optimal
2021-02-09 15:30:00,47,120,1.1428571428571428,0.0,0.0,0.0952,10.584,6.0,-17,20.041193604000245,,4000.0,0.0,0.0,0.0,42.15840732875892,optimal
2021-02-09 16:00:00,47,120,1.1428571428571428,0.0,0.0,0.102,11.2455,6.0,-17,20.06013574369215,,4000.0,0.0,0.0,0.0,41.7964033706992,optimal
2021-02-09 16:30:00,47,120,0.0,0.0774074074074074,0.0,0.3371666666666666,12.1275,6.0,-17,20.07615028560574,,0.0,0.0,0.0,69.66666666666666,41.43476141659753,optimal
2021-02-09 17:00:00,47,120,0.0,0.387037037037037,0.0,0.6828666666666666,11.823,6.0,-17,20.048900693938943,,0.0,0.0,0.0,348.3333333333333,41.07348110444997,optimal
2021-02-09 17:30:00,47,120,0.0,0.5418518518518518,0.0,0.6239333333333332,11.7705,6.0,-17,20.02382982318172,,0.0,0.0,0.0,487.6666666666667,41.03240762334552,optimal
2021-02-09 18:00:00,47,120,1.040826277109287,0.0,0.0,0.6007333333333333,11.13,6.0,-17,20.0,,3642.891969882505,0.0,0.0,0.0,40.99137521572217,optimal
2021-02-09 18:30:00,47,120,0.0,0.5418518518518518,0.0,1.4408666666666663,11.6865,6.0,-17,20.01949089781072,,0.0,0.0,0.0,487.6666666666667,40.95038384050645,optimal
2021-02-09 19:00:00,47,120,1.0096613052202272,0.0774074074074074,0.0,3.099466666666667,10.7205,6.0,-17,20.0,,3533.814568270795,0.0,0.0,69.66666666666666,40.90943345666594,optimal
2021-02-09 19:30:00,47,120,0.0,0.0,0.0,0.5965333333333332,11.424,6.0,-17,20.0248186019759,,0.0,0.0,0.0,0.0,40.86852402320928,optimal
2021-02-09 20:00:00,47,120,0.6164707960038147,0.5418518518518518,0.0,0.7696000000000001,10.689,6.0,-17,20.0,,2157.6477860133514,0.0,0.0,487.6666666666667,40.82765549918607,optimal
2021-02-09 20:30:00,47,120,0.0,0.2322222222222222,0.0,2.0780666666666665,11.361,6.0,-17,20.0,,0.0,0.0,0.0,209.0,40.78682784368688,optimal
2021-02-09 21:00:00,47,120,0.0,0.0,0.0,1.7534333333333334,11.571,6.0,-17,19.97764781405227,,0.0,0.0,0.0,0.0,40.74604101584319,optimal
2021-02-09 21:30:00,47,120,0.0,0.0,0.0,0.7049666666666667,14.3745,6.0,-17,19.96108955308269,,0.0,0.0,0.0,0.0,40.70529497482735,optimal
2021-02-09 22:00:00,47,120,0.0,0.0,0.0,2.3057,13.23,6.0,-17,19.937177460004623,,0.0,0.0,0.0,0.0,40.66458967985252,optimal
2021-02-09 22:30:00,47,120,0.0,0.6966666666666667,0.0,0.539,13.9755,6.0,-17,19.915807903178727,,0.0,0.0,0.0,627.0,40.62392509017267,optimal
2021-02-09 23:00:00,47,120,0.0,0.0,0.0,0.434,14.994,6.0,-17,19.891529788319065,,0.0,0.0,0.0,0.0,40.583301165082496,optimal
2021-02-09 23:30:00,47,120,0.0,0.0,0.0,0.2362,13.671,6.0,-17,19.86486906788068,,0.0,0.0,0.0,0.0,40.54271786391741,optimal
2021-02-10 00:00:00,47,120,1.1428571428571428,0.0,5.0,0.053,10.8675,6.0,-8,19.86486906788068,,4000.0,0.0,0.0,0.0,42.877175146053496,optimal
2021-02-10 00:30:00,47,120,1.1428571428571428,0.0,5.0,0.053,10.542,6.0,-8,19.87778086100228,,4000.0,0.0,0.0,0.0,45.20929797090744,optimal
2021-02-10 01:00:00,47,120,1.1428571428571428,0.0,2.2882607944085533,0.053,11.025,6.0,-8,19.89046879939623,,4000.0,0.0,0.0,0.0,46.25101255028059,optimal
2021-02-10 01:30:00,47,120,1.1428571428571428,0.0,5.0,0.1762,11.025,6.0,-8,19.9029333268686,,4000.0,0.0,0.0,0.0,48.57976153773031,optimal
2021-02-10 02:00:00,47,120,1.1428571428571428,0.0,0.0,0.053,14.553,6.0,-8,19.916675751031452,,4000.0,0.0,0.0,0.0,48.53118177619257,optimal
2021-02-10 02:30:00,47,120,1.1428571428571428,0.0,0.0,0.0978,13.0935,6.0,-8,19.92869180900253,,4000.0,0.0,0.0,0.0,48.48265059441637,optimal
2021-02-10 03:00:00,47,120,1.1428571428571428,0.0,0.0,0.1314,15.6345,6.0,-8,19.94122981336001,,4000.0,0.0,0.0,0.0,48.434167943821954,optimal
2021-02-10 03:30:00,47,120,1.1428571428571428,0.0,0.0,0.053,18.102,6.0,-8,19.95415228706821,,4000.0,0.0,0.0,0.0,48.38573377587813,optimal
2021-02-10 04:00:00,47,120,1.1428571428571428,0.0,0.0,0.1762,17.199,6.0,-8,19.96609404545077,,4000.0,0.0,0.0,0.0,48.33734804210225,optimal
2021-02-10 04:30:00,47,120,0.0,0.0,0.0,0.053,18.2805,6.0,-8,19.979512993232536,,0.0,0.0,0.0,0.0,48.28901069406015,optimal
2021-02-10 05:00:00,47,120,1.1428571428571428,0.0,0.0,0.0922,17.4615,6.0,-8,19.942476843216784,,4000.0,0.0,0.0,0.0,48.24072168336608,optimal
2021-02-10 05:30:00,47,120,0.4027632670152529,0.0,0.0,0.137,18.3225,6.0,-8,19.95452278418304,,1409.671434553385,0.0,0.0,0.0,48.19248096168271,optimal
2021-02-10 06:00:00,47,120,1.1428571428571428,0.0,0.0,0.053,17.094,6.0,-8,19.9353360843432,,4000.0,0.0,0.0,0.0,48.144288480721016,optimal
2021-02-10 06:30:00,47,120,1.1428571428571428,0.0,0.0,0.1258,17.094,6.0,-8,19.946522121885927,,4000.0,0.0,0.0,0.0,48.096144192240295,optimal
2021-02-10 07:00:00,47,120,1.1428571428571428,0.6610592592592593,0.0,1.4150666666666667,17.094,6.0,-8,19.95896936956544,,4000.0,0.0,0.0,594.9533333333334,48.048048048048045,optimal
2021-02-10 07:30:00,47,120,1.1428571428571428,0.8096814814814816,0.0,2.2606666666666664,17.3565,6.0,-8,19.977732623706025,,4000.0,0.0,0.0,728.7133333333335,48.0,optimal
2021-02-10 08:00:00,47,120,1.1428571428571428,2.39962962962963,0.0,0.1618,17.115,6.0,-8,20.0,,4000.0,0.0,0.0,2159.6666666666665,47.71949032114328,optimal
2021-02-10 08:30:00,47,120,1.1428571428571428,2.786666666666666,0.0,0.3461333333333333,17.241,6.0,-8,20.0139015281717,,4000.0,0.0,0.0,2508.0,47.43926115196541,optimal
2021-02-10 09:00:00,47,120,1.1428571428571428,0.1548148148148148,0.0,1.0394333333333334,17.094,6.0,-8,20.03386319294092,,4000.0,0.0,0.0,139.33333333333331,47.15931221195672,optimal
2021-02-10 09:30:00,47,120,1.1428571428571428,0.2322222222222222,0.0,0.3899333333333333,16.5165,6.0,-8,20.059036983115423,,4000.0,0.0,0.0,209.0,46.87964322088804,optimal
2021-02-10 10:00:00,47,120,1.1428571428571428,0.0774074074074074,0.0,0.4554666666666666,17.8185,6.0,-8,20.08352313690836,,4000.0,0.0,0.0,69.66666666666666,46.60025389881043,optimal
2021-02-10 10:30:00,47,120,1.1428571428571428,2.2448148148148146,0.0,0.5146000000000001,17.094,6.0,-8,20.11160024509368,,4000.0,0.0,0.0,2020.3333333333333,46.3211439660549,optimal
2021-02-10 11:00:00,47,120,1.1428571428571428,0.0,0.0,0.8646,16.8945,6.0,-8,20.139193817576,,4000.0,0.0,0.0,0.0,46.04231314323212,optimal
2021-02-10 11:30:00,47,120,0.6856596192271788,0.0,0.0,2.542,18.123,6.0,-8,20.1677106639828,,2399.8086672951254,0.0,0.0,0.0,45.76376115123217,optimal
2021-02-10 12:00:00,47,120,0.0,0.2322222222222222,0.0,2.1258666666666666,31.647,6.0,-8,20.17884560359681,,0.0,0.0,0.0,209.0,45.48548771122421,optimal
2021-02-10 12:30:00,47,120,0.0,0.0774074074074074,0.0,2.5400666666666667,34.9965,6.0,-8,20.161971857356136,,0.0,0.0,0.0,69.66666666666666,45.20749254465626,optimal
2021-02-10 13:00:00,47,120,0.0,0.2322222222222222,0.0,2.5684,34.9965,6.0,-8,20.14604718929522,,0.0,0.0,0.0,209.0,44.92977537325488,optimal
2021-02-10 13:30:00,47,120,0.0,0.0,0.0,0.6240666666666668,34.9965,6.0,-8,20.12888742971817,,0.0,0.0,0.0,0.0,44.65233591902491,optimal
2021-02-10 14:00:00,47,120,0.0,0.0774074074074074,0.0,0.3804666666666665,34.9965,6.0,-8,20.109019544105784,,0.0,0.0,0.0,69.66666666666666,44.37517390424916,optimal
2021-02-10 14:30:00,47,120,0.0,0.6192592592592592,0.0,0.1968,34.9965,6.0,-8,20.087651326050945,,0.0,0.0,0.0,557.3333333333333,44.09828905148819,optimal
2021-02-10 15:00:00,47,120,0.0,0.0,0.0,0.1003,27.741,6.0,-8,20.06444533019322,,0.0,0.0,0.0,0.0,43.821681083579975,optimal
2021-02-10 15:30:00,47,120,0.0,0.0,0.0,0.1504333333333333,19.026,6.0,-8,20.042203263953397,,0.0,0.0,0.0,0.0,43.54534972363968,optimal
2021-02-10 16:00:00,47,120,0.0,0.0,0.0,0.2598333333333333,18.7215,6.0,-8,20.02155958066493,,0.0,0.0,0.0,0.0,43.26929469505932,optimal
2021-02-10 16:30:00,47,120,0.4901370175919178,0.5418518518518518,0.0,0.4058,17.4195,6.0,-8,20.0,,1715.4795615717126,0.0,0.0,487.6666666666667,42.993515721507535,optimal
2021-02-10 17:00:00,47,120,0.6323668891628056,0.1548148148148148,0.0,0.2352,16.758,6.0,-8,20.0,,2213.2841120698195,0.0,0.0,139.33333333333331,42.71801252692931,optimal
2021-02-10 17:30:00,47,120,0.568861069877585,0.1548148148148148,0.0,0.458,14.217,6.0,-8,20.0,,1991.013744571548,0.0,0.0,139.33333333333331,42.44278483554566,optimal
2021-02-10 18:00:00,47,120,0.8290504736199591,0.0774074074074074,0.0,0.1850666666666666,13.3665,6.0,-8,20.0,,2901.676657669857,0.0,0.0,69.66666666666666,42.16783237185339,optimal
2021-02-10 18:30:00,47,120,0.9104684564731832,0.0,0.0,0.0742,12.789,6.0,-8,20.0,,3186.6395976561407,0.0,0.0,0.0,41.89315486062482,optimal
2021-02-10 19:00:00,47,120,0.9002673917073832,0.0,0.0,0.175,11.907,6.0,-8,20.0,,3150.935870975841,0.0,0.0,0.0,41.61875202690747,optimal
2021-02-10 19:30:00,47,120,0.9438917262287666,0.0,0.0,0.063,11.7075,6.0,-8,20.0,,3303.621041800683,0.0,0.0,0.0,41.34462359602384,optimal
2021-02-10 20:00:00,47,120,0.9411160607501532,0.0,0.0,0.1134,10.8045,6.0,-8,20.0,,3293.9062126255367,0.0,0.0,0.0,41.0707692935711,optimal
2021-02-10 20:30:00,47,120,0.0,0.0,0.0,0.1358,11.508,6.0,-8,20.0,,0.0,0.0,0.0,0.0,40.797188845420806,optimal
2021-02-10 21:00:00,47,120,0.0,0.0,0.0,0.063,11.508,6.0,-8,19.96004626029729,,0.0,0.0,0.0,0.0,40.52388197771866,optimal
2021-02-10 21:30:00,47,120,0.0,0.0,0.0,0.5876666666666667,11.508,6.0,-8,19.91918572866491,,0.0,0.0,0.0,0.0,40.48335809574094,optimal
2021-02-10 22:00:00,47,120,0.0,0.0,0.0,0.5163666666666666,11.844,6.0,-8,19.88375051035491,,0.0,0.0,0.0,0.0,40.4428747376452,optimal
2021-02-10 22:30:00,47,120,0.0,0.0,0.0,0.3965666666666667,11.508,6.0,-8,19.84666043556651,,0.0,0.0,0.0,0.0,40.40243186290756,optimal
2021-02-10 23:00:00,47,120,0.0,0.0,0.0,0.4320666666666666,11.508,6.0,-8,19.811306964687837,,0.0,0.0,0.0,0.0,40.36202943104465,optimal
2021-02-10 23:30:00,47,120,0.0,0.0,0.0,0.2692666666666666,10.4475,6.0,-8,19.77602538925408,,0.0,0.0,0.0,0.0,40.3216674016136,optimal
2021-02-11 00:00:00,47,120,1.1428571428571428,0.0,0.0,0.058,12.0855,6.0,-1,19.77602538925408,,4000.0,0.0,0.0,0.0,40.28134573421199,optimal
2021-02-11 00:30:00,47,120,1.1428571428571428,0.0,0.0,0.058,11.6865,6.0,-1,19.781031105726107,,4000.0,0.0,0.0,0.0,40.241064388477774,optimal
2021-02-11 01:00:00,47,120,1.1428571428571428,0.0,0.0,0.169,11.2245,6.0,-1,19.7862251543367,,4000.0,0.0,0.0,0.0,40.2008233240893,optimal
2021-02-11 01:30:00,47,120,1.1428571428571428,0.0,0.0,0.0826666666666666,11.025,6.0,-1,19.79295940180403,,4000.0,0.0,0.0,0.0,40.16062250076521,optimal
2021-02-11 02:00:00,47,120,1.1428571428571428,0.0,5.0,0.132,10.7835,6.0,-1,19.79862855590362,,4000.0,0.0,0.0,0.0,42.49546187826444,optimal
2021-02-11 02:30:00,47,120,1.1428571428571428,0.0,0.0,0.1196666666666666,11.025,6.0,-1,19.80488746614816,,4000.0,0.0,0.0,0.0,42.452966416386175,optimal
2021-02-11 03:00:00,47,120,1.1428571428571428,0.0,5.0,0.058,10.584,6.0,-1,19.81078546252372,,4000.0,0.0,0.0,0.0,44.78551344996979,optimal
2021-02-11 03:30:00,47,120,1.1428571428571428,0.0,2.7706581682626488,0.058,11.025,6.0,-1,19.81572226496543,,4000.0,0.0,0.0,0.0,46.056790566444576,optimal
2021-02-11 04:00:00,47,120,1.1428571428571428,0.0,5.0,0.058,10.4265,6.0,-1,19.821144920601306,,4000.0,0.0,0.0,0.0,48.38573377587813,optimal
2021-02-11 04:30:00,47,120,1.1428571428571428,0.0,0.0,0.1258333333333333,12.789,6.0,-1,19.82705246619684,,4000.0,0.0,0.0,0.0,48.33734804210225,optimal
2021-02-11 05:00:00,47,120,1.1428571428571428,0.0,0.0,0.1258333333333333,12.684,6.0,-1,19.833774668660944,,4000.0,0.0,0.0,0.0,48.28901069406015,optimal
2021-02-11 05:30:00,47,120,1.1428571428571428,0.0,0.0,0.058,16.254,6.0,-1,19.8404835439361,,4000.0,0.0,0.0,0.0,48.24072168336608,optimal
2021-02-11 06:00:00,47,120,1.1428571428571428,0.774074074074074,0.0,0.8038,17.64,6.0,-1,19.84684839021056,,4000.0,0.0,0.0,696.6666666666666,48.19248096168271,optimal
2021-02-11 06:30:00,47,120,1.1428571428571428,0.0774074074074074,0.0,2.4000666666666666,19.1625,6.0,-1,19.858722368446525,,4000.0,0.0,0.0,69.66666666666666,48.144288480721016,optimal
2021-02-11 07:00:00,47,120,0.0,0.0,0.0,1.6618333333333333,26.46,6.0,-1,19.879225581084796,,0.0,0.0,0.0,0.0,48.096144192240295,optimal
2021-02-11 07:30:00,47,120,1.1428571428571428,18.76547929980909,0.0,0.1185,20.79,6.0,-1,19.854699870064447,,4000.0,10688.59803649485,0.0,6200.333333333333,48.048048048048045,optimal
2021-02-11 08:00:00,47,120,0.0,3.9109271888196577,0.0,0.6432666666666667,29.106,6.0,-1,20.0,,0.0,2474.834469937692,0.0,1044.9999999999998,48.0,optimal
2021-02-11 08:30:00,47,120,1.1428571428571428,1.5109925925925929,0.0,1.4669333333333334,19.1835,6.0,-1,20.0,,4000.0,0.0,0.0,1359.8933333333334,47.39798549203583,optimal
2021-02-11 09:00:00,47,120,0.6953809673730109,0.0,0.0,0.14,19.6665,6.0,-1,20.012598099326446,,2433.833385805538,0.0,0.0,0.0,46.79657299857963,optimal
2021-02-11 09:30:00,47,120,0.9111034655151168,0.0,0.0,0.1579666666666666,19.404,6.0,-1,20.0,,3188.8621293029087,0.0,0.0,0.0,46.19576191761688,optimal
2021-02-11 10:00:00,47,120,1.1428571428571428,0.0,0.0,0.299,19.047,6.0,-1,20.0,,4000.0,0.0,0.0,0.0,45.59555164773509,optimal
2021-02-11 10:30:00,47,120,1.1428571428571428,0.0,0.0,0.1708,18.858,6.0,-1,20.01825293805595,,4000.0,0.0,0.0,0.0,44.99594158812319,optimal
2021-02-11 11:00:00,47,120,1.1112525147825854,0.0,0.0,0.179,19.2675,6.0,-1,20.03370570475901,,3889.383801739049,0.0,0.0,0.0,44.39693113857089,optimal
2021-02-11 11:30:00,47,120,1.1428571428571428,0.0,0.0,0.0926666666666666,18.963,6.0,-1,20.050503818253304,,4000.0,0.0,0.0,0.0,43.79851969946815,optimal
2021-02-11 12:00:00,47,120,1.1428571428571428,0.0,0.0,0.068,18.438,6.0,-1,20.0690513727728,,4000.0,0.0,0.0,0.0,43.20070667180451,optimal
2021-02-11 12:30:00,47,120,1.1428571428571428,0.0,0.0,0.2036666666666666,18.7425,6.0,-1,20.090913614835937,,4000.0,0.0,0.0,0.0,42.60349145716854,optimal
2021-02-11 13:00:00,47,120,1.1428571428571428,0.0,0.0,0.068,15.2145,6.0,-1,20.115673917387912,,4000.0,0.0,0.0,0.0,42.0068734577472,optimal
2021-02-11 13:30:00,47,120,1.1428571428571428,0.0,0.0,0.1481666666666666,17.7765,6.0,-1,20.13879312880921,,4000.0,0.0,0.0,0.0,41.41085207632528,optimal
2021-02-11 14:00:00,47,120,1.1428571428571428,0.0,0.0,0.1235,16.758,6.0,-1,20.1630413790756,,4000.0,0.0,0.0,0.0,40.81542671628479,optimal
2021-02-11 14:30:00,47,120,1.1428571428571428,0.0,0.0,0.068,16.422,6.0,-1,20.18739782577669,,4000.0,0.0,0.0,0.0,40.220596781604335,optimal
2021-02-11 15:00:00,47,120,1.1428571428571428,0.0,0.0,0.2036666666666666,16.758,6.0,-1,20.210335967240404,,4000.0,0.0,0.0,0.0,39.626361676858565,optimal
2021-02-11 15:30:00,47,120,0.0,0.5016000000000002,0.0,0.0763333333333333,29.358,6.0,-1,20.2319578104962,,0.0,0.0,0.0,451.4400000000001,39.03272080721754,optimal
2021-02-11 16:00:00,47,120,0.0,0.0,0.0,0.0991666666666666,34.9965,6.0,-1,20.201573183327028,,0.0,0.0,0.0,0.0,38.43967357844615,optimal
2021-02-11 16:30:00,47,120,0.0,0.1548148148148148,0.0,0.2154666666666666,34.65,6.0,-1,20.1685352939543,,0.0,0.0,0.0,139.33333333333331,37.84721939690353,optimal
2021-02-11 17:00:00,47,120,0.0,0.0,0.0,0.1965333333333333,34.9965,6.0,-1,20.13781054722969,,0.0,0.0,0.0,0.0,37.25535766954246,optimal
2021-02-11 17:30:00,47,120,0.0,0.0774074074074074,0.0,0.2354,34.9965,6.0,-1,20.103018940398236,,0.0,0.0,0.0,69.66666666666666,36.66408780390875,optimal
2021-02-11 18:00:00,47,120,0.0,0.1548148148148148,0.0,0.189,30.4815,6.0,-1,20.06958479626484,,0.0,0.0,0.0,139.33333333333331,36.073409208140674,optimal
2021-02-11 18:30:00,47,120,0.0,0.5418518518518518,0.0,0.2478333333333333,21.4305,6.0,-1,20.033923549627584,,0.0,0.0,0.0,487.6666666666667,36.03733579893253,optimal
2021-02-11 19:00:00,47,120,0.817940328803611,3.251111111111111,0.0,0.2071666666666666,14.3325,6.0,-1,20.0,,2862.7911508126385,0.0,0.0,2926.0,36.0012984631336,optimal
2021-02-11 19:30:00,47,120,1.1428571428571428,0.0774074074074074,0.0,0.3657666666666666,13.692,6.0,-1,20.0,,4000.0,0.0,0.0,69.66666666666666,35.96529716467047,optimal
2021-02-11 20:00:00,47,120,0.5350953456883258,2.39962962962963,0.0,0.231,14.007,6.0,-1,20.01499585096253,,1872.833709909141,0.0,0.0,2159.6666666666665,35.929331867505795,optimal
2021-02-11 20:30:00,47,120,0.0,5.882962962962964,0.0,1.1976666666666669,12.873,6.0,-1,20.0,,0.0,0.0,0.0,5294.666666666667,35.89340253563829,optimal
2021-02-11 21:00:00,47,120,0.0,0.0,0.0,0.3377666666666666,12.684,6.0,-1,19.96395136407496,,0.0,0.0,0.0,0.0,35.85750913310265,optimal
2021-02-11 21:30:00,47,120,0.0,0.0774074074074074,0.0,0.2307,12.306,6.0,-1,19.92570496010952,,0.0,0.0,0.0,69.66666666666666,35.82165162396955,optimal
2021-02-11 22:00:00,47,120,0.0,0.387037037037037,0.0,0.3303333333333333,10.6365,6.0,-1,19.884633675636717,,0.0,0.0,0.0,348.3333333333333,35.78582997234558,optimal
2021-02-11 22:30:00,47,120,0.0,0.0,0.0,0.068,11.2455,6.0,-1,19.8459169523293,,0.0,0.0,0.0,0.0,35.750044142373234,optimal
2021-02-11 23:00:00,47,120,0.0,0.0,0.0,0.1296666666666666,11.2455,6.0,-1,19.79749483688494,,0.0,0.0,0.0,0.0,35.71429409823086,optimal
2021-02-11 23:30:00,47,120,0.0,0.0,0.0,0.14,11.025,6.0,-1,19.748730428110672,,0.0,0.0,0.0,0.0,35.678579804132625,optimal
2021-02-12 00:00:00,47,120,1.1428571428571428,0.0774074074074074,0.0,0.0484666666666666,10.668,6.0,5,19.748730428110672,,4000.0,0.0,0.0,69.66666666666666,35.64290122432849,optimal
2021-02-12 00:30:00,47,120,1.1428571428571428,0.0,0.0,0.062,11.7285,6.0,5,19.750168811114424,,4000.0,0.0,0.0,0.0,35.60725832310416,optimal
2021-02-12 01:00:00,47,120,1.1428571428571428,0.387037037037037,0.0,0.066,11.025,6.0,5,19.75201488740029,,4000.0,0.0,0.0,348.3333333333333,35.57165106478106,optimal
2021-02-12 01:30:00,47,120,1.1428571428571428,0.0,0.0,0.05,10.689,6.0,5,19.753136515082783,,4000.0,0.0,0.0,0.0,35.53607941371628,optimal
2021-02-12 02:00:00,47,120,1.1428571428571428,0.0,5.0,0.05,8.1585,6.0,5,19.751952734210903,,4000.0,0.0,0.0,0.0,37.87554333430256,optimal
2021-02-12 02:30:00,47,120,1.1428571428571428,0.0,0.0,0.0533333333333333,10.3635,6.0,5,19.75096955654516,,4000.0,0.0,0.0,0.0,37.83766779096826,optimal
2021-02-12 03:00:00,47,120,1.1428571428571428,0.0,0.0,0.0566666666666666,10.8045,6.0,5,19.75058309694934,,4000.0,0.0,0.0,0.0,37.799830123177294,optimal
2021-02-12 03:30:00,47,120,1.1428571428571428,0.0,0.0,0.05,11.025,6.0,5,19.750792172392373,,4000.0,0.0,0.0,0.0,37.76203029305412,optimal
2021-02-12 04:00:00,47,120,1.1428571428571428,0.0,2.461911647103878,0.05,10.3635,6.0,5,19.752388627333147,,4000.0,0.0,0.0,0.0,38.89367629513541,optimal
2021-02-12 04:30:00,47,120,1.1428571428571428,0.0,0.0,0.05,10.8045,6.0,5,19.755369711204597,,4000.0,0.0,0.0,0.0,38.85478261884027,optimal
2021-02-12 05:00:00,47,120,1.1428571428571428,0.0,5.0,0.05,10.059,6.0,5,19.759732678892817,,4000.0,0.0,0.0,0.0,41.19092783622142,optimal
2021-02-12 05:30:00,47,120,1.1428571428571428,0.0,0.0,0.05,10.584,6.0,5,19.765474790726287,,4000.0,0.0,0.0,0.0,41.1497369083852,optimal
2021-02-12 06:00:00,47,120,1.1428571428571428,0.0,5.0,0.05,9.4185,6.0,5,19.77279156875117,,4000.0,0.0,0.0,0.0,43.48358717147681,optimal
2021-02-12 06:30:00,47,120,1.1428571428571428,0.0,5.0,0.05,10.3635,6.0,5,19.781679891092768,,4000.0,0.0,0.0,0.0,45.81510358430533,optimal
2021-02-12 07:00:00,47,120,1.1428571428571428,2.941481481481482,5.0,0.1731666666666666,9.8385,6.0,5,19.790748848062726,,4000.0,0.0,0.0,2647.333333333333,48.144288480721016,optimal
2021-02-12 07:30:00,47,120,1.1428571428571428,16.771907296162546,0.0,0.1866666666666666,11.067,6.0,5,19.804814167898265,,4000.0,14816.049899879625,0.0,278.66666666666663,48.096144192240295,optimal
2021-02-12 08:00:00,47,120,1.1428571428571428,0.3096296296296296,0.0,0.187,10.8465,6.0,5,20.0,,4000.0,0.0,0.0,278.66666666666663,48.048048048048045,optimal
2021-02-12 08:30:00,47,120,1.1428571428571428,1.0837037037037036,0.0,0.2005333333333333,13.671,6.0,5,20.013654823584805,,4000.0,0.0,0.0,975.3333333333334,48.0,optimal
2021-02-12 09:00:00,47,120,1.1428571428571428,0.387037037037037,0.0,0.212,12.348,6.0,5,20.027601166598792,,4000.0,0.0,0.0,348.3333333333333,47.89891152994772,optimal
2021-02-12 09:30:00,47,120,1.1428571428571428,0.3096296296296296,0.0,0.2235333333333333,14.3325,6.0,5,20.040657931423585,,4000.0,0.0,0.0,278.66666666666663,47.79792414836549,optimal
2021-02-12 10:00:00,47,120,0.0,0.1548148148148148,0.0,0.217,15.393,6.0,5,20.057080328087157,,0.0,0.0,0.0,139.33333333333331,47.697037754164846,optimal
2021-02-12 10:30:00,47,120,1.1428571428571428,0.1548148148148148,0.0,0.5917333333333333,13.587,6.0,5,20.03183156992115,,4000.0,0.0,0.0,139.33333333333331,47.5962522463584,optimal
2021-02-12 11:00:00,47,120,0.0,0.9288888888888888,0.0,0.3985,16.1385,6.0,5,20.061059472374005,,0.0,0.0,0.0,836.0,47.495567524059766,optimal
2021-02-12 11:30:00,47,120,0.1466295140546785,0.0,0.0,0.1923333333333332,14.595,6.0,5,20.04049476847817,,513.2032991913748,0.0,0.0,0.0,47.39498348648343,optimal
2021-02-12 12:00:00,47,120,0.0,0.0,0.0,0.1041,14.637,6.0,5,20.02325000139649,,0.0,0.0,0.0,0.0,47.29450003294466,optimal
2021-02-12 12:30:00,47,120,0.6383845307019677,0.0,0.0,0.06,13.9125,6.0,5,20.0,,2234.3458574568867,0.0,0.0,0.0,47.19411706285943,optimal
2021-02-12 13:00:00,47,120,0.8044182625199441,0.0,0.0,0.06,13.3665,6.0,5,20.0,,2815.4639188198043,0.0,0.0,0.0,47.093834475744295,optimal
2021-02-12 13:30:00,47,120,1.1428571428571428,0.0,0.0,0.06,13.0095,6.0,5,20.00711387991629,,4000.0,0.0,0.0,0.0,46.99365217121627,optimal
2021-02-12 14:00:00,47,120,0.0,0.0,0.0,0.06,13.8915,6.0,5,20.028445824940977,,0.0,0.0,0.0,0.0,46.89357004899277,optimal
2021-02-12 14:30:00,47,120,0.6451854762718594,0.0,0.0,0.0646666666666666,13.188,6.0,5,20.0,,2258.149166951508,0.0,0.0,0.0,46.7935880088915,optimal
2021-02-12 15:00:00,47,120,0.8987551110733112,0.0,0.0,0.0676,12.5685,6.0,5,20.0,,3145.6428887565894,0.0,0.0,0.0,46.69370595083033,optimal
2021-02-12 15:30:00,47,120,1.1428571428571428,0.4644444444444444,0.0,0.2948333333333333,12.285,6.0,5,20.01220107842614,,4000.0,0.0,0.0,418.0,46.59392377482722,optimal
2021-02-12 16:00:00,47,120,1.1428571428571428,0.0,0.0,0.182,11.487,6.0,5,20.03789240128617,,4000.0,0.0,0.0,0.0,46.49424138100011,optimal
2021-02-12 16:30:00,47,120,1.1428571428571428,0.0,0.0,0.79,11.802,6.0,5,20.05967068105784,,4000.0,0.0,0.0,0.0,46.39465866956683,optimal
2021-02-12 17:00:00,47,120,1.1428571428571428,0.0,0.0,1.1213666666666666,11.2245,6.0,5,20.086059168625702,,4000.0,0.0,0.0,0.0,46.29517554084498,optimal
2021-02-12 17:30:00,47,120,1.1428571428571428,0.1548148148148148,0.0,0.3507666666666666,11.025,6.0,5,20.10920247713592,,4000.0,0.0,0.0,139.33333333333331,46.19579189525185,optimal
2021-02-12 18:00:00,47,120,1.1428571428571428,0.1548148148148148,0.0,0.2297333333333333,11.907,6.0,5,20.126522214312573,,4000.0,0.0,0.0,139.33333333333331,46.09650763330432,optimal
2021-02-12 18:30:00,47,120,0.0,0.8514814814814814,0.0,0.2921333333333333,25.83,6.0,5,20.13888706389487,,0.0,0.0,0.0,766.3333333333333,45.99732265561874,optimal
2021-02-12 19:00:00,47,120,0.0,0.0,0.0,0.3918,28.035,6.0,5,20.10456004601345,,0.0,0.0,0.0,0.0,45.89823686291084,optimal
2021-02-12 19:30:00,47,120,0.0,0.0,0.0,1.6142333333333332,28.119,6.0,5,20.07185355633919,,0.0,0.0,0.0,0.0,45.79925015599565,optimal
2021-02-12 20:00:00,47,120,0.0,0.0,0.0,0.2298666666666666,30.156,6.0,5,20.03812572266036,,0.0,0.0,0.0,0.0,45.700362435787376,optimal
2021-02-12 20:30:00,47,120,0.0,0.0,0.0,0.4350333333333334,29.1585,6.0,5,20.0,,0.0,0.0,0.0,0.0,45.60157360329931,optimal
2021-02-12 21:00:00,47,120,0.0,0.0,0.0,0.4645,26.712,6.0,5,19.96681511296605,,0.0,0.0,0.0,0.0,45.50288355964373,optimal
2021-02-12 21:30:00,47,120,0.0,0.1548148148148148,0.0,0.4570333333333333,15.435,6.0,5,19.934266665190396,,0.0,0.0,0.0,139.33333333333331,45.404292206031805,optimal
2021-02-12 22:00:00,47,120,0.0,0.3096296296296296,0.0,0.311,13.566,6.0,5,19.901185369731323,,0.0,0.0,0.0,278.66666666666663,45.305799443773495,optimal
2021-02-12 22:30:00,47,120,0.0,0.0,0.0,0.311,12.789,6.0,5,19.8676520367332,,0.0,0.0,0.0,0.0,45.20740517427744,optimal
2021-02-12 23:00:00,47,120,0.0,0.0,0.0,0.3517,12.1275,6.0,5,19.835125256494912,,0.0,0.0,0.0,0.0,45.162197769103166,optimal
2021-02-12 23:30:00,47,120,0.0,0.774074074074074,0.0,0.224,13.671,6.0,5,19.805960722955348,,0.0,0.0,0.0,696.6666666666666,45.117035571334064,optimal
2021-02-13 00:00:00,47,120,1.1428571428571428,0.0,5.0,0.1717333333333333,9.702,6.0,-14,19.805960722955348,,4000.0,0.0,0.0,0.0,47.44691853576273,optimal
2021-02-13 00:30:00,47,120,1.1428571428571428,0.0,0.0,0.05,10.584,6.0,-14,19.81903334297845,,4000.0,0.0,0.0,0.0,47.399471617226965,optimal
2021-02-13 01:00:00,47,120,1.1428571428571428,0.0,3.819902108485699,0.05,10.143,6.0,-14,19.830696176604523,,4000.0,0.0,0.0,0.0,49.16652564714044,optimal
2021-02-13 01:30:00,47,120,1.1428571428571428,0.0,0.0,0.1662,13.0095,6.0,-14,19.84243501607286,,4000.0,0.0,0.0,0.0,49.1173591214933,optimal
2021-02-13 02:00:00,47,120,1.1428571428571428,0.0,0.0,0.0555333333333333,11.025,6.0,-14,19.85566529898036,,4000.0,0.0,0.0,0.0,49.0682417623718,optimal
2021-02-13 02:30:00,47,120,1.1428571428571428,0.0,0.0,0.05,12.789,6.0,-14,19.867620300846,,4000.0,0.0,0.0,0.0,49.01917352060943,optimal
2021-02-13 03:00:00,47,120,1.1428571428571428,0.0,0.0,0.05,12.1275,6.0,-14,19.879484192203066,,4000.0,0.0,0.0,0.0,48.97015434708881,optimal
2021-02-13 03:30:00,47,120,1.1428571428571428,0.0,0.0,0.05,12.1695,6.0,-14,19.89132456264973,,4000.0,0.0,0.0,0.0,48.92118419274172,optimal
2021-02-13 04:00:00,47,120,1.1428571428571428,0.0,0.0,0.05,12.306,6.0,-14,19.903042330674616,,4000.0,0.0,0.0,0.0,48.87226300854897,optimal
2021-02-13 04:30:00,47,120,1.1428571428571428,0.0,0.0,0.05,13.23,6.0,-14,19.91463773934473,,4000.0,0.0,0.0,0.0,48.823390745540415,optimal
2021-02-13 05:00:00,47,120,1.1428571428571428,0.0,0.0,0.1717333333333333,13.671,6.0,-14,19.92601190310212,,4000.0,0.0,0.0,0.0,48.77456735479488,optimal
2021-02-13 05:30:00,47,120,1.1428571428571428,0.0,0.0,0.05,13.9335,6.0,-14,19.938648257827865,,4000.0,0.0,0.0,0.0,48.72579278744007,optimal
2021-02-13 06:00:00,47,120,1.1428571428571428,0.3096296296296296,0.0,0.2476999999999999,13.293,6.0,-14,19.949578306650757,,4000.0,0.0,0.0,278.66666666666663,48.67706699465263,optimal
2021-02-13 06:30:00,47,120,1.1428571428571428,6.115185185185185,0.0,0.6513333333333333,12.1065,6.0,-14,19.964136019748626,,4000.0,0.0,0.0,5503.666666666667,48.62838992765797,optimal
2021-02-13 07:00:00,47,120,1.1428571428571428,0.1548148148148148,0.0,2.333,11.571,6.0,-14,19.98077886880878,,4000.0,0.0,0.0,139.33333333333331,48.57976153773031,optimal
2021-02-13 07:30:00,47,120,1.1428571428571428,0.8514814814814814,0.0,2.0032333333333328,11.025,6.0,-14,19.998347427701844,,4000.0,0.0,0.0,766.3333333333333,48.53118177619257,optimal
2021-02-13 08:00:00,47,120,1.1428571428571428,0.6192592592592592,0.0,2.702933333333333,10.8465,6.0,-14,20.021264082132728,,4000.0,0.0,0.0,557.3333333333333,48.48265059441637,optimal
2021-02-13 08:30:00,47,120,1.1428571428571428,0.0774074074074074,0.0,0.2763333333333333,11.2455,6.0,-14,20.04712201387685,,4000.0,0.0,0.0,69.66666666666666,48.434167943821954,optimal
2021-02-13 09:00:00,47,120,0.0,0.387037037037037,0.0,3.5518666666666667,23.8665,6.0,-14,20.0675675201222,,0.0,0.0,0.0,348.3333333333333,48.38573377587813,optimal
2021-02-13 09:30:00,47,120,0.0,4.876666666666668,0.0,0.4688666666666666,27.4575,6.0,-14,20.05139849832541,,0.0,0.0,0.0,4389.000000000001,48.33734804210225,optimal
2021-02-13 10:00:00,47,120,0.0,0.4644444444444444,0.0,1.5454,27.3735,6.0,-14,20.02907296526292,,0.0,0.0,0.0,418.0,48.28901069406015,optimal
2021-02-13 10:30:00,47,120,0.0,0.1548148148148148,0.0,2.3,30.4605,6.0,-14,20.02384353111898,,0.0,0.0,0.0,139.33333333333331,48.24072168336608,optimal
2021-02-13 11:00:00,47,120,0.0,2.0792183595683498,0.0,2.162333333333333,30.0195,6.0,-14,20.006490083728966,,0.0,965.6298569448484,0.0,905.6666666666664,48.19248096168271,optimal
2021-02-13 11:30:00,47,120,0.0,2.1592685862368213,0.0,2.160366666666667,26.9325,6.0,-14,20.0,,0.0,1316.3417276131393,0.0,627.0,48.144288480721016,optimal
2021-02-13 12:00:00,47,120,0.3497505674246613,0.2322222222222222,0.0,2.211,14.595,6.0,-14,20.0,,1224.1269859863146,0.0,0.0,209.0,48.096144192240295,optimal
2021-02-13 12:30:00,47,120,0.32913130980658,0.387037037037037,0.0,0.6950333333333333,12.4845,6.0,-14,20.0,,1151.9595843230302,0.0,0.0,348.3333333333333,48.048048048048045,optimal
2021-02-13 13:00:00,47,120,0.3747738217822018,0.1548148148148148,0.0,2.0849333333333333,12.1275,6.0,-14,20.0,,1311.7083762377065,0.0,0.0,139.33333333333331,48.0,optimal
2021-02-13 13:30:00,47,120,1.047955035759497,0.4644444444444444,0.0,0.8184333333333332,12.1275,6.0,-14,20.0,,3667.84262515824,0.0,0.0,418.0,47.78953510187899,optimal
2021-02-13 14:00:00,47,120,0.0,0.1548148148148148,0.0,1.9994333333333327,12.789,6.0,-14,20.02404845293674,,0.0,0.0,0.0,139.33333333333331,47.5792806686561,optimal
2021-02-13 14:30:00,47,120,0.5267696915973258,0.1548148148148148,0.0,2.063433333333333,11.907,6.0,-14,20.0,,1843.69392059064,0.0,0.0,139.33333333333331,47.36923648986644,optimal
2021-02-13 15:00:00,47,120,0.3610375602179251,0.2322222222222222,0.0,1.2803666666666669,11.025,6.0,-14,20.0,,1263.6314607627378,0.0,0.0,209.0,47.159402355255565,optimal
2021-02-13 15:30:00,47,120,1.1428571428571428,0.5418518518518518,0.0,0.368,8.2005,6.0,-14,20.0,,4000.0,0.0,0.0,487.6666666666667,46.9497780547793,optimal
2021-02-13 16:00:00,47,120,0.0572055461484646,0.0,0.0,0.3717,9.5655,6.0,-14,20.024430403755133,,200.21941151962616,0.0,0.0,0.0,46.74036337860351,optimal
2021-02-13 16:30:00,47,120,1.1428571428571428,0.0,0.0,1.5126666666666668,7.056,6.0,-14,20.0,,4000.0,0.0,0.0,0.0,46.5311581171039,optimal
2021-02-13 17:00:00,47,120,0.8192300628754178,0.3096296296296296,0.0,0.2736666666666666,9.3975,6.0,-14,20.025375113617947,,2867.305220063962,0.0,0.0,278.66666666666663,46.322162060865786,optimal
2021-02-13 17:30:00,47,120,0.0,0.1548148148148148,0.0,0.3312333333333332,10.059,6.0,-14,20.02964339232029,,0.0,0.0,0.0,139.33333333333331,46.11337500068391,optimal
2021-02-13 18:00:00,47,120,1.036978790969508,0.387037037037037,0.0,1.7946666666666666,9.261,6.0,-14,20.0,,3629.425768393278,0.0,0.0,348.3333333333333,45.90479672756221,optimal
2021-02-13 18:30:00,47,120,1.1428571428571428,0.0774074074074074,0.0,0.5635333333333333,8.1585,6.0,-14,20.014402339340496,,4000.0,0.0,0.0,69.66666666666666,45.69642703271364,optimal
2021-02-13 19:00:00,47,120,0.0,0.2322222222222222,0.0,0.3466333333333333,9.4815,6.0,-14,20.0329327877217,,0.0,0.0,0.0,209.0,45.48826570755992,optimal
2021-02-13 19:30:00,47,120,1.1428571428571428,0.2322222222222222,0.0,0.6746333333333333,8.379,6.0,-14,20.00546896948416,,4000.0,0.0,0.0,209.0,45.28031254373135,optimal
2021-02-13 20:00:00,47,120,0.0,2.2448148148148146,0.0,2.2516,9.5235,6.0,-14,20.02426315812712,,0.0,0.0,0.0,2020.3333333333333,45.07256733306661,optimal
2021-02-13 20:30:00,47,120,0.0,0.0774074074074074,0.0,2.2545666666666664,8.1375,6.0,-14,20.0,,0.0,0.0,0.0,69.66666666666666,44.865029867612535,optimal
2021-02-13 21:00:00,47,120,0.0,0.0,0.0,0.8597,10.0905,6.0,-14,19.972812047282986,,0.0,0.0,0.0,0.0,44.65769993962391,optimal
2021-02-13 21:30:00,47,120,0.0,0.2322222222222222,0.0,1.9894666666666667,7.539,6.0,-14,19.948978193172167,,0.0,0.0,0.0,209.0,44.45057734156328,optimal
2021-02-13 22:00:00,47,120,0.0,0.4644444444444444,0.0,1.4259333333333335,7.938,6.0,-14,19.92090985852349,,0.0,0.0,0.0,418.0,44.2436618661007,optimal
2021-02-13 22:30:00,47,120,0.0,0.0,0.0,2.482333333333333,8.274,6.0,-14,19.89276474456478,,0.0,0.0,0.0,0.0,44.0369533061136,optimal
2021-02-13 23:00:00,47,120,0.0,0.3096296296296296,0.0,1.4784333333333337,9.261,6.0,-14,19.864472842172813,,0.0,0.0,0.0,278.66666666666663,43.83045145468648,optimal
2021-02-13 23:30:00,47,120,0.0,0.0774074074074074,0.0,2.224333333333333,9.9225,6.0,-14,19.835015998470904,,0.0,0.0,0.0,69.66666666666666,43.78662100323179,optimal
2021-02-07 00:00:00,48,120,0.0,0.0,0.0,0.05,2.3415,6.0,-7,,,,,,,,infeasible
2021-02-07 00:30:00,48,120,0.0,0.0,0.0,0.0781666666666666,2.205,6.0,-7,,,,,,,,infeasible
2021-02-07 01:00:00,48,120,0.0,0.0,0.0,0.1457666666666666,0.882,6.0,-7,,,,,,,,infeasible
2021-02-07 01:30:00,48,120,0.0,0.0,0.0,0.1330666666666666,1.5435,6.0,-7,,,,,,,,infeasible
2021-02-07 02:00:00,48,120,0.0,0.0,0.0,0.1232333333333333,1.5435,6.0,-7,,,,,,,,infeasible
2021-02-07 02:30:00,48,120,0.0,0.0,0.0,0.1778333333333333,5.0715,6.0,-7,,,,,,,,infeasible
2021-02-07 03:00:00,48,120,0.0,0.0,0.0,0.0559333333333333,5.376,6.0,-7,,,,,,,,infeasible
2021-02-07 03:30:00,48,120,0.0,0.0,0.0,0.1063333333333333,5.0715,6.0,-7,,,,,,,,infeasible
2021-02-07 04:00:00,48,120,0.0,0.0,0.0,0.2006666666666666,5.5125,6.0,-7,,,,,,,,infeasible
2021-02-07 04:30:00,48,120,0.0,0.0,0.0,0.05,9.261,6.0,-7,,,,,,,,infeasible
2021-02-07 05:00:00,48,120,0.0,0.0,0.0,0.05,11.7075,6.0,-7,,,,,,,,infeasible
2021-02-07 05:30:00,48,120,0.0,0.0,0.0,0.1891333333333333,12.348,6.0,-7,,,,,,,,infeasible
2021-02-07 06:00:00,48,120,0.0,0.0,0.0,0.1268666666666666,12.348,6.0,-7,,,,,,,,infeasible
2021-02-07 06:30:00,48,120,0.0,0.0,0.0,0.058,12.1275,6.0,-7,,,,,,,,infeasible
2021-02-07 07:00:00,48,120,0.0,0.0,0.0,2.5357,12.5265,6.0,-7,,,,,,,,infeasible
2021-02-07 07:30:00,48,120,0.0,0.0,0.0,1.9187,11.7495,6.0,-7,,,,,,,,infeasible
2021-02-07 08:00:00,48,120,0.0,0.0,0.0,0.8496,13.23,6.0,-7,,,,,,,,infeasible
2021-02-07 08:30:00,48,120,0.0,0.0,0.0,1.3948,14.3325,6.0,-7,,,,,,,,infeasible
2021-02-07 09:00:00,48,120,0.0,0.0,0.0,1.0803666666666665,14.994,6.0,-7,,,,,,,,infeasible
2021-02-07 09:30:00,48,120,0.0,0.0,0.0,2.1568,14.8155,6.0,-7,,,,,,,,infeasible
2021-02-07 10:00:00,48,120,0.0,0.0,0.0,0.6853333333333333,14.112,6.0,-7,,,,,,,,infeasible
2021-02-07 10:30:00,48,120,0.0,0.0,0.0,3.3166666666666664,14.007,6.0,-7,,,,,,,,infeasible
2021-02-07 11:00:00,48,120,0.0,0.0,0.0,0.4876,13.23,6.0,-7,,,,,,,,infeasible
2021-02-07 11:30:00,48,120,0.0,0.0,0.0,1.8555,11.382,6.0,-7,,,,,,,,infeasible
2021-02-07 12:00:00,48,120,0.0,0.0,0.0,1.9218333333333333,11.7495,6.0,-7,,,,,,,,infeasible
2021-02-07 12:30:00,48,120,0.0,0.0,0.0,2.6164666666666667,24.3285,6.0,-7,,,,,,,,infeasible
2021-02-07 13:00:00,48,120,0.0,0.0,0.0,3.353833333333333,28.917,6.0,-7,,,,,,,,infeasible
2021-02-07 13:30:00,48,120,0.0,0.0,0.0,1.2932,31.3635,6.0,-7,,,,,,,,infeasible
2021-02-07 14:00:00,48,120,0.0,0.0,0.0,0.4591,33.306,6.0,-7,,,,,,,,infeasible
2021-02-07 14:30:00,48,120,0.0,0.0,0.0,2.6864,31.3425,6.0,-7,,,,,,,,infeasible
2021-02-07 15:00:00,48,120,0.0,0.0,0.0,1.6962000000000002,28.2555,6.0,-7,,,,,,,,infeasible
2021-02-07 15:30:00,48,120,0.0,0.0,0.0,1.6809666666666667,15.6975,6.0,-7,,,,,,,,infeasible
2021-02-07 16:00:00,48,120,0.0,0.0,0.0,0.764,12.5475,6.0,-7,,,,,,,,infeasible
2021-02-07 16:30:00,48,120,0.0,0.0,0.0,1.7951666666666668,12.0855,6.0,-7,,,,,,,,infeasible
2021-02-07 17:00:00,48,120,0.0,0.0,0.0,2.162733333333333,11.907,6.0,-7,,,,,,,,infeasible
2021-02-07 17:30:00,48,120,0.0,0.0,0.0,2.344866666666667,12.5685,6.0,-7,,,,,,,,infeasible
2021-02-07 18:00:00,48,120,0.0,0.0,0.0,1.9253666666666664,13.146,6.0,-7,,,,,,,,infeasible
2021-02-07 18:30:00,48,120,0.0,0.0,0.0,1.1084666666666667,10.584,6.0,-7,,,,,,,,infeasible
2021-02-07 19:00:00,48,120,0.0,0.0,0.0,1.3589,6.678,6.0,-7,,,,,,,,infeasible
2021-02-07 19:30:00,48,120,0.0,0.0,0.0,0.5131333333333333,7.938,6.0,-7,,,,,,,,infeasible
2021-02-07 20:00:00,48,120,0.0,0.0,0.0,0.9736666666666668,5.292,6.0,-7,,,,,,,,infeasible
2021-02-07 20:30:00,48,120,0.0,0.0,0.0,2.2714666666666665,9.261,6.0,-7,,,,,,,,infeasible
2021-02-07 21:00:00,48,120,0.0,0.0,0.0,1.1391666666666669,10.3635,6.0,-7,,,,,,,,infeasible
2021-02-07 21:30:00,48,120,0.0,0.0,0.0,1.5746666666666669,8.274,6.0,-7,,,,,,,,infeasible
2021-02-07 22:00:00,48,120,0.0,0.0,0.0,1.804233333333333,7.7175,6.0,-7,,,,,,,,infeasible
2021-02-07 22:30:00,48,120,0.0,0.0,0.0,0.9182666666666668,6.615,6.0,-7,,,,,,,,infeasible
2021-02-07 23:00:00,48,120,0.0,0.0,0.0,0.2479333333333333,6.174,6.0,-7,,,,,,,,infeasible
2021-02-07 23:30:00,48,120,0.0,0.0,0.0,0.6005666666666667,3.906,6.0,-7,,,,,,,,infeasible
2021-02-08 00:00:00,48,120,0.0,0.0,0.0,0.1306,7.938,6.0,-1,,,,,,,,infeasible
2021-02-08 00:30:00,48,120,0.0,0.0,0.0,0.1386,8.6835,6.0,-1,,,,,,,,infeasible
2021-02-08 01:00:00,48,120,0.0,0.0,0.0,0.2466999999999999,7.665,6.0,-1,,,,,,,,infeasible
2021-02-08 01:30:00,48,120,0.0,0.0,0.0,0.2042333333333333,6.7725,6.0,-1,,,,,,,,infeasible
2021-02-08 02:00:00,48,120,0.0,0.0,0.0,0.1769333333333333,5.5755,6.0,-1,,,,,,,,infeasible
2021-02-08 02:30:00,48,120,0.0,0.0,0.0,0.2659333333333333,5.0925,6.0,-1,,,,,,,,infeasible
2021-02-08 03:00:00,48,120,0.0,0.0,0.0,0.0740666666666666,4.1895,6.0,-1,,,,,,,,infeasible
2021-02-08 03:30:00,48,120,0.0,0.0,0.0,0.1533,7.056,6.0,-1,,,,,,,,infeasible
2021-02-08 04:00:00,48,120,0.0,0.0,0.0,0.2976333333333333,5.271,6.0,-1,,,,,,,,infeasible
2021-02-08 04:30:00,48,120,0.0,0.0,0.0,0.1224666666666666,7.938,6.0,-1,,,,,,,,infeasible
2021-02-08 05:00:00,48,120,0.0,0.0,0.0,0.0890666666666666,7.938,6.0,-1,,,,,,,,infeasible
2021-02-08 05:30:00,48,120,0.0,0.0,0.0,0.3497666666666666,11.907,6.0,-1,,,,,,,,infeasible
2021-02-08 06:00:00,48,120,0.0,0.0,0.0,0.2302333333333333,11.025,6.0,-1,,,,,,,,infeasible
2021-02-08 06:30:00,48,120,0.0,0.0,0.0,0.2083,11.2875,6.0,-1,,,,,,,,infeasible
2021-02-08 07:00:00,48,120,0.0,0.0,0.0,2.0300666666666665,12.936,6.0,-1,,,,,,,,infeasible
2021-02-08 07:30:00,48,120,0.0,0.0,0.0,1.8415333333333328,13.0095,6.0,-1,,,,,,,,infeasible
2021-02-08 08:00:00,48,120,0.0,0.0,0.0,0.3797333333333333,13.671,6.0,-1,,,,,,,,infeasible
2021-02-08 08:30:00,48,120,0.0,0.0,0.0,0.31,13.188,6.0,-1,,,,,,,,infeasible
2021-02-08 09:00:00,48,120,0.0,0.0,0.0,2.26,13.8495,6.0,-1,,,,,,,,infeasible
2021-02-08 09:30:00,48,120,0.0,0.0,0.0,1.453,13.23,6.0,-1,,,,,,,,infeasible
2021-02-08 10:00:00,48,120,0.0,0.0,0.0,0.8061666666666666,13.3665,6.0,-1,,,,,,,,infeasible
2021-02-08 10:30:00,48,120,0.0,0.0,0.0,0.2579333333333333,13.0515,6.0,-1,,,,,,,,infeasible
2021-02-08 11:00:00,48,120,0.0,0.0,0.0,0.2006,13.5345,6.0,-1,,,,,,,,infeasible
2021-02-08 11:30:00,48,120,0.0,0.0,0.0,0.4065666666666667,14.154,6.0,-1,,,,,,,,infeasible
2021-02-08 12:00:00,48,120,0.0,0.0,0.0,0.5317000000000001,14.112,6.0,-1,,,,,,,,infeasible
2021-02-08 12:30:00,48,120,0.0,0.0,0.0,0.3597333333333333,14.2485,6.0,-1,,,,,,,,infeasible
2021-02-08 13:00:00,48,120,0.0,0.0,0.0,0.2781333333333333,12.789,6.0,-1,,,,,,,,infeasible
2021-02-08 13:30:00,48,120,0.0,0.0,0.0,0.5475333333333333,13.0095,6.0,-1,,,,,,,,infeasible
2021-02-08 14:00:00,48,120,0.0,0.0,0.0,0.4178,12.1275,6.0,-1,,,,,,,,infeasible
2021-02-08 14:30:00,48,120,0.0,0.0,0.0,0.2127333333333333,12.348,6.0,-1,,,,,,,,infeasible
2021-02-08 15:00:00,48,120,0.0,0.0,0.0,0.1859333333333333,12.348,6.0,-1,,,,,,,,infeasible
2021-02-08 15:30:00,48,120,0.0,0.0,0.0,0.3026999999999999,25.389,6.0,-1,,,,,,,,infeasible
2021-02-08 16:00:00,48,120,0.0,0.0,0.0,0.4228,29.1375,6.0,-1,,,,,,,,infeasible
2021-02-08 16:30:00,48,120,0.0,0.0,0.0,0.3205333333333333,30.597,6.0,-1,,,,,,,,infeasible
2021-02-08 17:00:00,48,120,0.0,0.0,0.0,0.7203999999999999,33.684,6.0,-1,,,,,,,,infeasible
2021-02-08 17:30:00,48,120,0.0,0.0,0.0,0.4111,32.445,6.0,-1,,,,,,,,infeasible
2021-02-08 18:00:00,48,120,0.0,0.0,0.0,0.3831,28.917,6.0,-1,,,,,,,,infeasible
2021-02-08 18:30:00,48,120,0.0,0.0,0.0,0.6091666666666666,15.876,6.0,-1,,,,,,,,infeasible
2021-02-08 19:00:00,48,120,0.0,0.0,0.0,0.6881,12.348,6.0,-1,,,,,,,,infeasible
2021-02-08 19:30:00,48,120,0.0,0.0,0.0,0.6811333333333334,12.1275,6.0,-1,,,,,,,,infeasible
2021-02-08 20:00:00,48,120,0.0,0.0,0.0,0.7838999999999999,12.348,6.0,-1,,,,,,,,infeasible
2021-02-08 20:30:00,48,120,0.0,0.0,0.0,0.5631,12.1275,6.0,-1,,,,,,,,infeasible
2021-02-08 21:00:00,48,120,0.0,0.0,0.0,1.0698,12.1275,6.0,-1,,,,,,,,infeasible
2021-02-08 21:30:00,48,120,0.0,0.0,0.0,0.5595,11.2665,6.0,-1,,,,,,,,infeasible
2021-02-08 22:00:00,48,120,0.0,0.0,0.0,0.6429333333333332,10.143,6.0,-1,,,,,,,,infeasible
2021-02-08 22:30:00,48,120,0.0,0.0,0.0,0.8594333333333333,11.2455,6.0,-1,,,,,,,,infeasible
2021-02-08 23:00:00,48,120,0.0,0.0,0.0,0.3485333333333333,11.025,6.0,-1,,,,,,,,infeasible
2021-02-08 23:30:00,48,120,0.0,0.0,0.0,0.2512,5.9745,6.0,-1,,,,,,,,infeasible
2021-02-09 00:00:00,48,120,0.0,0.0,0.0,0.1306,15.981,6.0,-17,,,,,,,,infeasible
2021-02-09 00:30:00,48,120,0.0,0.0,0.0,0.07,15.6345,6.0,-17,,,,,,,,infeasible
2021-02-09 01:00:00,48,120,0.0,0.0,0.0,0.1306,16.5375,6.0,-17,,,,,,,,infeasible
2021-02-09 01:30:00,48,120,0.0,0.0,0.0,0.07,14.7735,6.0,-17,,,,,,,,infeasible
2021-02-09 02:00:00,48,120,0.0,0.0,0.0,0.07,15.2145,6.0,-17,,,,,,,,infeasible
2021-02-09 02:30:00,48,120,0.0,0.0,0.0,0.1070333333333333,14.553,6.0,-17,,,,,,,,infeasible
2021-02-09 03:00:00,48,120,0.0,0.0,0.0,0.0935666666666666,14.3325,6.0,-17,,,,,,,,infeasible
2021-02-09 03:30:00,48,120,0.0,0.0,0.0,0.07,14.595,6.0,-17,,,,,,,,infeasible
2021-02-09 04:00:00,48,120,0.0,0.0,0.0,0.1376,14.994,6.0,-17,,,,,,,,infeasible
2021-02-09 04:30:00,48,120,0.0,0.0,0.0,0.0716666666666666,14.3325,6.0,-17,,,,,,,,infeasible
2021-02-09 05:00:00,48,120,0.0,0.0,0.0,0.07,13.8915,6.0,-17,,,,,,,,infeasible
2021-02-09 05:30:00,48,120,0.0,0.0,0.0,0.1306,13.8915,6.0,-17,,,,,,,,infeasible
2021-02-09 06:00:00,48,120,0.0,0.0,0.0,0.07,13.4715,6.0,-17,,,,,,,,infeasible
2021-02-09 06:30:00,48,120,0.0,0.0,0.0,0.0803666666666666,13.23,6.0,-17,,,,,,,,infeasible
2021-02-09 07:00:00,48,120,0.0,0.0,0.0,0.1332333333333333,13.8915,6.0,-17,,,,,,,,infeasible
2021-02-09 07:30:00,48,120,0.0,0.0,0.0,0.1046,26.9325,6.0,-17,,,,,,,,infeasible
2021-02-09 08:00:00,48,120,0.0,0.0,0.0,0.0968333333333333,30.303,6.0,-17,,,,,,,,infeasible
2021-02-09 08:30:00,48,120,0.0,0.0,0.0,0.3382333333333333,32.886,6.0,-17,,,,,,,,infeasible
2021-02-09 09:00:00,48,120,0.0,0.0,0.0,0.0969333333333333,34.9965,6.0,-17,,,,,,,,infeasible
2021-02-09 09:30:00,48,120,0.0,0.0,0.0,0.2547,33.327,6.0,-17,,,,,,,,infeasible
2021-02-09 10:00:00,48,120,0.0,0.0,0.0,0.4706333333333333,31.122,6.0,-17,,,,,,,,infeasible
2021-02-09 10:30:00,48,120,0.0,0.0,0.0,2.9378,17.9025,6.0,-17,,,,,,,,infeasible
2021-02-09 11:00:00,48,120,0.0,0.0,0.0,3.7585666666666655,15.6555,6.0,-17,,,,,,,,infeasible
2021-02-09 11:30:00,48,120,0.0,0.0,0.0,0.6442333333333333,14.553,6.0,-17,,,,,,,,infeasible
2021-02-09 12:00:00,48,120,0.0,0.0,0.0,0.5329333333333333,14.3325,6.0,-17,,,,,,,,infeasible
2021-02-09 12:30:00,48,120,0.0,0.0,0.0,1.9849666666666668,13.335,6.0,-17,,,,,,,,infeasible
2021-02-09 13:00:00,48,120,0.0,0.0,0.0,0.6713333333333333,12.1275,6.0,-17,,,,,,,,infeasible
2021-02-09 13:30:00,48,120,0.0,0.0,0.0,0.3128666666666667,12.2955,6.0,-17,,,,,,,,infeasible
2021-02-09 14:00:00,48,120,0.0,0.0,0.0,0.3601999999999999,11.6865,6.0,-17,,,,,,,,infeasible
2021-02-09 14:30:00,48,120,0.0,0.0,0.0,1.1264666666666667,11.466,6.0,-17,,,,,,,,infeasible
2021-02-09 15:00:00,48,120,0.0,0.0,0.0,2.6929333333333334,10.8045,6.0,-17,,,,,,,,infeasible
2021-02-09 15:30:00,48,120,0.0,0.0,0.0,2.0765333333333333,10.584,6.0,-17,,,,,,,,infeasible
2021-02-09 16:00:00,48,120,0.0,0.0,0.0,0.3290333333333333,11.2455,6.0,-17,,,,,,,,infeasible
2021-02-09 16:30:00,48,120,0.0,0.0,0.0,0.3196333333333333,12.1275,6.0,-17,,,,,,,,infeasible
2021-02-09 17:00:00,48,120,0.0,0.0,0.0,0.3806,11.823,6.0,-17,,,,,,,,infeasible
2021-02-09 17:30:00,48,120,0.0,0.0,0.0,0.2780333333333333,11.7705,6.0,-17,,,,,,,,infeasible
2021-02-09 18:00:00,48,120,0.0,0.0,0.0,0.5810666666666667,11.13,6.0,-17,,,,,,,,infeasible
2021-02-09 18:30:00,48,120,0.0,0.0,0.0,0.337,11.6865,6.0,-17,,,,,,,,infeasible
2021-02-09 19:00:00,48,120,0.0,0.0,0.0,0.3902,10.7205,6.0,-17,,,,,,,,infeasible
2021-02-09 19:30:00,48,120,0.0,0.0,0.0,0.4078,11.424,6.0,-17,,,,,,,,infeasible
2021-02-09 20:00:00,48,120,0.0,0.0,0.0,1.1301,10.689,6.0,-17,,,,,,,,infeasible
2021-02-09 20:30:00,48,120,0.0,0.0,0.0,0.5257999999999999,11.361,6.0,-17,,,,,,,,infeasible
2021-02-09 21:00:00,48,120,0.0,0.0,0.0,0.5171333333333333,11.571,6.0,-17,,,,,,,,infeasible
2021-02-09 21:30:00,48,120,0.0,0.0,0.0,0.5924666666666667,14.3745,6.0,-17,,,,,,,,infeasible
2021-02-09 22:00:00,48,120,0.0,0.0,0.0,0.5326000000000001,13.23,6.0,-17,,,,,,,,infeasible
2021-02-09 22:30:00,48,120,0.0,0.0,0.0,0.7447666666666667,13.9755,6.0,-17,,,,,,,,infeasible
2021-02-09 23:00:00,48,120,0.0,0.0,0.0,0.3268,14.994,6.0,-17,,,,,,,,infeasible
2021-02-09 23:30:00,48,120,0.0,0.0,0.0,0.1392666666666666,13.671,6.0,-17,,,,,,,,infeasible
2021-02-10 00:00:00,48,120,0.0,0.0,0.0,0.066,34.9965,6.0,15,,,,,,,,infeasible
2021-02-10 00:30:00,48,120,0.0,0.0,0.0,0.066,34.9965,6.0,15,,,,,,,,infeasible
2021-02-10 01:00:00,48,120,0.0,0.0,0.0,0.1693333333333333,34.9965,6.0,15,,,,,,,,infeasible
2021-02-10 01:30:00,48,120,0.0,0.0,0.0,0.0974666666666666,34.9965,6.0,15,,,,,,,,infeasible
2021-02-10 02:00:00,48,120,0.0,0.0,0.0,0.1518333333333333,34.9965,6.0,15,,,,,,,,infeasible
2021-02-10 02:30:00,48,120,0.0,0.0,0.0,0.1228333333333333,27.741,6.0,15,,,,,,,,infeasible
2021-02-10 03:00:00,48,120,0.0,0.0,0.0,0.1289333333333333,19.026,6.0,15,,,,,,,,infeasible
2021-02-10 03:30:00,48,120,0.0,0.0,0.0,0.0738666666666666,18.7215,6.0,15,,,,,,,,infeasible
2021-02-10 04:00:00,48,120,0.0,0.0,0.0,0.189,17.4195,6.0,15,,,,,,,,infeasible
2021-02-10 04:30:00,48,120,0.0,0.0,0.0,0.1171333333333333,16.758,6.0,15,,,,,,,,infeasible
2021-02-10 05:00:00,48,120,0.0,0.0,0.0,0.1772,14.217,6.0,15,,,,,,,,infeasible
2021-02-10 05:30:00,48,120,0.0,0.0,0.0,0.1289333333333333,13.3665,6.0,15,,,,,,,,infeasible
2021-02-10 06:00:00,48,120,0.0,0.0,0.0,0.066,12.789,6.0,15,,,,,,,,infeasible
2021-02-10 06:30:00,48,120,0.0,0.0,0.0,0.1693333333333333,11.907,6.0,15,,,,,,,,infeasible
2021-02-10 07:00:00,48,120,0.0,0.0,0.0,2.014533333333333,11.7075,6.0,15,,,,,,,,infeasible
2021-02-10 07:30:00,48,120,0.0,0.0,0.0,0.6069333333333333,10.8045,6.0,15,,,,,,,,infeasible
2021-02-10 08:00:00,48,120,0.0,0.0,0.0,2.428033333333333,11.508,6.0,15,,,,,,,,infeasible
2021-02-10 08:30:00,48,120,0.0,0.0,0.0,0.0956666666666666,11.508,6.0,15,,,,,,,,infeasible
2021-02-10 09:00:00,48,120,0.0,0.0,0.0,0.1271333333333333,11.508,6.0,15,,,,,,,,infeasible
2021-02-10 09:30:00,48,120,0.0,0.0,0.0,1.623733333333333,11.844,6.0,15,,,,,,,,infeasible
2021-02-10 10:00:00,48,120,0.0,0.0,0.0,0.2025,11.508,6.0,15,,,,,,,,infeasible
2021-02-10 10:30:00,48,120,0.0,0.0,0.0,0.071,11.508,6.0,15,,,,,,,,infeasible
2021-02-10 11:00:00,48,120,0.0,0.0,0.0,0.2462,10.4475,6.0,15,,,,,,,,infeasible
2021-02-10 11:30:00,48,120,0.0,0.0,0.0,0.0749333333333333,10.8675,6.0,15,,,,,,,,infeasible
2021-02-10 12:00:00,48,120,0.0,0.0,0.0,0.1693333333333333,10.542,6.0,15,,,,,,,,infeasible
2021-02-10 12:30:00,48,120,0.0,0.0,0.0,0.066,11.025,6.0,15,,,,,,,,infeasible
2021-02-10 13:00:00,48,120,0.0,0.0,0.0,0.0756666666666666,11.025,6.0,15,,,,,,,,infeasible
2021-02-10 13:30:00,48,120,0.0,0.0,0.0,1.1919333333333333,14.553,6.0,15,,,,,,,,infeasible
2021-02-10 14:00:00,48,120,0.0,0.0,0.0,2.436033333333333,13.0935,6.0,15,,,,,,,,infeasible
2021-02-10 14:30:00,48,120,0.0,0.0,0.0,0.6121666666666666,15.6345,6.0,15,,,,,,,,infeasible
2021-02-10 15:00:00,48,120,0.0,0.0,0.0,0.5411666666666666,18.102,6.0,15,,,,,,,,infeasible
2021-02-10 15:30:00,48,120,0.0,0.0,0.0,0.4240666666666666,17.199,6.0,15,,,,,,,,infeasible
2021-02-10 16:00:00,48,120,0.0,0.0,0.0,0.4655,18.2805,6.0,15,,,,,,,,infeasible
2021-02-10 16:30:00,48,120,0.0,0.0,0.0,0.605,17.4615,6.0,15,,,,,,,,infeasible
2021-02-10 17:00:00,48,120,0.0,0.0,0.0,2.485866666666667,18.3225,6.0,15,,,,,,,,infeasible
2021-02-10 17:30:00,48,120,0.0,0.0,0.0,0.4105,17.094,6.0,15,,,,,,,,infeasible
2021-02-10 18:00:00,48,120,0.0,0.0,0.0,0.3084666666666666,17.094,6.0,15,,,,,,,,infeasible
2021-02-10 18:30:00,48,120,0.0,0.0,0.0,0.8641,17.094,6.0,15,,,,,,,,infeasible
2021-02-10 19:00:00,48,120,0.0,0.0,0.0,0.1778,17.3565,6.0,15,,,,,,,,infeasible
2021-02-10 19:30:00,48,120,0.0,0.0,0.0,1.3169666666666666,17.115,6.0,15,,,,,,,,infeasible
2021-02-10 20:00:00,48,120,0.0,0.0,0.0,0.8911666666666667,17.241,6.0,15,,,,,,,,infeasible
2021-02-10 20:30:00,48,120,0.0,0.0,0.0,0.4819333333333332,17.094,6.0,15,,,,,,,,infeasible
2021-02-10 21:00:00,48,120,0.0,0.0,0.0,1.1359,16.5165,6.0,15,,,,,,,,infeasible
2021-02-10 21:30:00,48,120,0.0,0.0,0.0,3.3924000000000003,17.8185,6.0,15,,,,,,,,infeasible
2021-02-10 22:00:00,48,120,0.0,0.0,0.0,2.1602,17.094,6.0,15,,,,,,,,infeasible
2021-02-10 22:30:00,48,120,0.0,0.0,0.0,1.7346,16.8945,6.0,15,,,,,,,,infeasible
2021-02-10 23:00:00,48,120,0.0,0.0,0.0,0.7165333333333334,18.123,6.0,15,,,,,,,,infeasible
2021-02-10 23:30:00,48,120,0.0,0.0,0.0,0.6944333333333332,31.647,6.0,15,,,,,,,,infeasible
2021-02-11 00:00:00,48,120,0.0,0.0,0.0,0.0623333333333333,11.025,6.0,0,,,,,,,,infeasible
2021-02-11 00:30:00,48,120,0.0,0.0,0.0,0.068,12.0855,6.0,0,,,,,,,,infeasible
2021-02-11 01:00:00,48,120,0.0,0.0,0.0,0.068,11.6865,6.0,0,,,,,,,,infeasible
2021-02-11 01:30:00,48,120,0.0,0.0,0.0,0.2022,11.2245,6.0,0,,,,,,,,infeasible
2021-02-11 02:00:00,48,120,0.0,0.0,0.0,0.068,11.025,6.0,0,,,,,,,,infeasible
2021-02-11 02:30:00,48,120,0.0,0.0,0.0,0.19,10.7835,6.0,0,,,,,,,,infeasible
2021-02-11 03:00:00,48,120,0.0,0.0,0.0,0.0802,11.025,6.0,0,,,,,,,,infeasible
2021-02-11 03:30:00,48,120,0.0,0.0,0.0,0.1229,10.584,6.0,0,,,,,,,,infeasible
2021-02-11 04:00:00,48,120,0.0,0.0,0.0,0.1473,11.025,6.0,0,,,,,,,,infeasible
2021-02-11 04:30:00,48,120,0.0,0.0,0.0,0.0741,10.4265,6.0,0,,,,,,,,infeasible
2021-02-11 05:00:00,48,120,0.0,0.0,0.0,0.1961,12.789,6.0,0,,,,,,,,infeasible
2021-02-11 05:30:00,48,120,0.0,0.0,0.0,0.068,12.684,6.0,0,,,,,,,,infeasible
2021-02-11 06:00:00,48,120,0.0,0.0,0.0,0.1717,16.254,6.0,0,,,,,,,,infeasible
2021-02-11 06:30:00,48,120,0.0,0.0,0.0,1.2525,17.64,6.0,0,,,,,,,,infeasible
2021-02-11 07:00:00,48,120,0.0,0.0,0.0,1.8331333333333328,19.1625,6.0,0,,,,,,,,infeasible
2021-02-11 07:30:00,48,120,0.0,0.0,0.0,1.1869333333333334,26.46,6.0,0,,,,,,,,infeasible
2021-02-11 08:00:00,48,120,0.0,0.0,0.0,1.8732,20.79,6.0,0,,,,,,,,infeasible
2021-02-11 08:30:00,48,120,0.0,0.0,0.0,1.2509,29.106,6.0,0,,,,,,,,infeasible
2021-02-11 09:00:00,48,120,0.0,0.0,0.0,0.4244,19.1835,6.0,0,,,,,,,,infeasible
2021-02-11 09:30:00,48,120,0.0,0.0,0.0,0.2055,19.6665,6.0,0,,,,,,,,infeasible
2021-02-11 10:00:00,48,120,0.0,0.0,0.0,1.2262,19.404,6.0,0,,,,,,,,infeasible
2021-02-11 10:30:00,48,120,0.0,0.0,0.0,2.6066333333333334,19.047,6.0,0,,,,,,,,infeasible
2021-02-11 11:00:00,48,120,0.0,0.0,0.0,0.1441,18.858,6.0,0,,,,,,,,infeasible
2021-02-11 11:30:00,48,120,0.0,0.0,0.0,0.3347,19.2675,6.0,0,,,,,,,,infeasible
2021-02-11 12:00:00,48,120,0.0,0.0,0.0,0.6479,18.963,6.0,0,,,,,,,,infeasible
2021-02-11 12:30:00,48,120,0.0,0.0,0.0,1.0551,18.438,6.0,0,,,,,,,,infeasible
2021-02-11 13:00:00,48,120,0.0,0.0,0.0,0.068,18.7425,6.0,0,,,,,,,,infeasible
2021-02-11 13:30:00,48,120,0.0,0.0,0.0,0.2022,15.2145,6.0,0,,,,,,,,infeasible
2021-02-11 14:00:00,48,120,0.0,0.0,0.0,0.068,17.7765,6.0,0,,,,,,,,infeasible
2021-02-11 14:30:00,48,120,0.0,0.0,0.0,0.1229,16.758,6.0,0,,,,,,,,infeasible
2021-02-11 15:00:00,48,120,0.0,0.0,0.0,0.1473,16.422,6.0,0,,,,,,,,infeasible
2021-02-11 15:30:00,48,120,0.0,0.0,0.0,0.8110333333333333,16.758,6.0,0,,,,,,,,infeasible
2021-02-11 16:00:00,48,120,0.0,0.0,0.0,0.3462,29.358,6.0,0,,,,,,,,infeasible
2021-02-11 16:30:00,48,120,0.0,0.0,0.0,0.1472,34.9965,6.0,0,,,,,,,,infeasible
2021-02-11 17:00:00,48,120,0.0,0.0,0.0,2.187233333333333,34.65,6.0,0,,,,,,,,infeasible
2021-02-11 17:30:00,48,120,0.0,0.0,0.0,0.325,34.9965,6.0,0,,,,,,,,infeasible
2021-02-11 18:00:00,48,120,0.0,0.0,0.0,0.306,34.9965,6.0,0,,,,,,,,infeasible
2021-02-11 18:30:00,48,120,0.0,0.0,0.0,0.51,30.4815,6.0,0,,,,,,,,infeasible
2021-02-11 19:00:00,48,120,0.0,0.0,0.0,0.3333333333333333,21.4305,6.0,0,,,,,,,,infeasible
2021-02-11 19:30:00,48,120,0.0,0.0,0.0,0.3297666666666666,14.3325,6.0,0,,,,,,,,infeasible
2021-02-11 20:00:00,48,120,0.0,0.0,0.0,0.6350333333333333,13.692,6.0,0,,,,,,,,infeasible
2021-02-11 20:30:00,48,120,0.0,0.0,0.0,0.2313,14.007,6.0,0,,,,,,,,infeasible
2021-02-11 21:00:00,48,120,0.0,0.0,0.0,0.279,12.873,6.0,0,,,,,,,,infeasible
2021-02-11 21:30:00,48,120,0.0,0.0,0.0,2.113766666666667,12.684,6.0,0,,,,,,,,infeasible
2021-02-11 22:00:00,48,120,0.0,0.0,0.0,1.0068,12.306,6.0,0,,,,,,,,infeasible
2021-02-11 22:30:00,48,120,0.0,0.0,0.0,0.4933,10.6365,6.0,0,,,,,,,,infeasible
2021-02-11 23:00:00,48,120,0.0,0.0,0.0,2.2801666666666667,11.2455,6.0,0,,,,,,,,infeasible
2021-02-11 23:30:00,48,120,0.0,0.0,0.0,0.3748666666666667,11.2455,6.0,0,,,,,,,,infeasible
2021-02-12 00:00:00,48,120,0.0,0.0,0.0,0.06,13.671,6.0,-12,,,,,,,,infeasible
2021-02-12 00:30:00,48,120,0.0,0.0,0.0,0.188,12.348,6.0,-12,,,,,,,,infeasible
2021-02-12 01:00:00,48,120,0.0,0.0,0.0,0.0728,14.3325,6.0,-12,,,,,,,,infeasible
2021-02-12 01:30:00,48,120,0.0,0.0,0.0,0.1418666666666666,15.393,6.0,-12,,,,,,,,infeasible
2021-02-12 02:00:00,48,120,0.0,0.0,0.0,0.227,13.587,6.0,-12,,,,,,,,infeasible
2021-02-12 02:30:00,48,120,0.0,0.0,0.0,0.1003333333333333,16.1385,6.0,-12,,,,,,,,infeasible
2021-02-12 03:00:00,48,120,0.0,0.0,0.0,0.094,14.595,6.0,-12,,,,,,,,infeasible
2021-02-12 03:30:00,48,120,0.0,0.0,0.0,0.1708,14.637,6.0,-12,,,,,,,,infeasible
2021-02-12 04:00:00,48,120,0.0,0.0,0.0,0.062,13.9125,6.0,-12,,,,,,,,infeasible
2021-02-12 04:30:00,48,120,0.0,0.0,0.0,0.062,13.3665,6.0,-12,,,,,,,,infeasible
2021-02-12 05:00:00,48,120,0.0,0.0,0.0,0.1196,13.0095,6.0,-12,,,,,,,,infeasible
2021-02-12 05:30:00,48,120,0.0,0.0,0.0,0.1452,13.8915,6.0,-12,,,,,,,,infeasible
2021-02-12 06:00:00,48,120,0.0,0.0,0.0,0.0636666666666666,13.188,6.0,-12,,,,,,,,infeasible
2021-02-12 06:30:00,48,120,0.0,0.0,0.0,0.2088,12.5685,6.0,-12,,,,,,,,infeasible
2021-02-12 07:00:00,48,120,0.0,0.0,0.0,0.062,12.285,6.0,-12,,,,,,,,infeasible
2021-02-12 07:30:00,48,120,0.0,0.0,0.0,0.1452,11.487,6.0,-12,,,,,,,,infeasible
2021-02-12 08:00:00,48,120,0.0,0.0,0.0,0.1196,11.802,6.0,-12,,,,,,,,infeasible
2021-02-12 08:30:00,48,120,0.0,0.0,0.0,0.0740333333333333,11.2245,6.0,-12,,,,,,,,infeasible
2021-02-12 09:00:00,48,120,0.0,0.0,0.0,0.2132,11.025,6.0,-12,,,,,,,,infeasible
2021-02-12 09:30:00,48,120,0.0,0.0,0.0,0.1344666666666666,11.907,6.0,-12,,,,,,,,infeasible
2021-02-12 10:00:00,48,120,0.0,0.0,0.0,0.3264333333333333,25.83,6.0,-12,,,,,,,,infeasible
2021-02-12 10:30:00,48,120,0.0,0.0,0.0,0.1840666666666666,28.035,6.0,-12,,,,,,,,infeasible
2021-02-12 11:00:00,48,120,0.0,0.0,0.0,0.2107333333333333,28.119,6.0,-12,,,,,,,,infeasible
2021-02-12 11:30:00,48,120,0.0,0.0,0.0,0.1256666666666666,30.156,6.0,-12,,,,,,,,infeasible
2021-02-12 12:00:00,48,120,0.0,0.0,0.0,0.072,29.1585,6.0,-12,,,,,,,,infeasible
2021-02-12 12:30:00,48,120,0.0,0.0,0.0,0.072,26.712,6.0,-12,,,,,,,,infeasible
2021-02-12 13:00:00,48,120,0.0,0.0,0.0,0.2128,15.435,6.0,-12,,,,,,,,infeasible
2021-02-12 13:30:00,48,120,0.0,0.0,0.0,0.072,13.566,6.0,-12,,,,,,,,infeasible
2021-02-12 14:00:00,48,120,0.0,0.0,0.0,0.0912,12.789,6.0,-12,,,,,,,,infeasible
2021-02-12 14:30:00,48,120,0.0,0.0,0.0,0.1936,12.1275,6.0,-12,,,,,,,,infeasible
2021-02-12 15:00:00,48,120,0.0,0.0,0.0,0.072,13.671,6.0,-12,,,,,,,,infeasible
2021-02-12 15:30:00,48,120,0.0,0.0,0.0,0.1936,10.668,6.0,-12,,,,,,,,infeasible
2021-02-12 16:00:00,48,120,0.0,0.0,0.0,0.0912,11.7285,6.0,-12,,,,,,,,infeasible
2021-02-12 16:30:00,48,120,0.0,0.0,0.0,0.072,11.025,6.0,-12,,,,,,,,infeasible
2021-02-12 17:00:00,48,120,0.0,0.0,0.0,0.1621333333333333,10.689,6.0,-12,,,,,,,,infeasible
2021-02-12 17:30:00,48,120,0.0,0.0,0.0,0.2219,8.1585,6.0,-12,,,,,,,,infeasible
2021-02-12 18:00:00,48,120,0.0,0.0,0.0,0.0724,10.3635,6.0,-12,,,,,,,,infeasible
2021-02-12 18:30:00,48,120,0.0,0.0,0.0,0.0964,10.8045,6.0,-12,,,,,,,,infeasible
2021-02-12 19:00:00,48,120,0.0,0.0,0.0,0.4669666666666666,11.025,6.0,-12,,,,,,,,infeasible
2021-02-12 19:30:00,48,120,0.0,0.0,0.0,0.4444666666666665,10.3635,6.0,-12,,,,,,,,infeasible
2021-02-12 20:00:00,48,120,0.0,0.0,0.0,0.3858666666666667,10.8045,6.0,-12,,,,,,,,infeasible
2021-02-12 20:30:00,48,120,0.0,0.0,0.0,0.4606666666666666,10.059,6.0,-12,,,,,,,,infeasible
2021-02-12 21:00:00,48,120,0.0,0.0,0.0,0.4164333333333332,10.584,6.0,-12,,,,,,,,infeasible
2021-02-12 21:30:00,48,120,0.0,0.0,0.0,0.356,9.4185,6.0,-12,,,,,,,,infeasible
2021-02-12 22:00:00,48,120,0.0,0.0,0.0,0.5579666666666667,10.3635,6.0,-12,,,,,,,,infeasible
2021-02-12 22:30:00,48,120,0.0,0.0,0.0,0.3366,9.8385,6.0,-12,,,,,,,,infeasible
2021-02-12 23:00:00,48,120,0.0,0.0,0.0,0.4336,11.067,6.0,-12,,,,,,,,infeasible
2021-02-12 23:30:00,48,120,0.0,0.0,0.0,0.4105333333333333,10.8465,6.0,-12,,,,,,,,infeasible
2021-02-13 00:00:00,48,120,0.0,0.0,0.0,0.057,10.0905,6.0,-8,,,,,,,,infeasible
2021-02-13 00:30:00,48,120,0.0,0.0,0.0,0.057,7.539,6.0,-8,,,,,,,,infeasible
2021-02-13 01:00:00,48,120,0.0,0.0,0.0,0.0986666666666666,7.938,6.0,-8,,,,,,,,infeasible
2021-02-13 01:30:00,48,120,0.0,0.0,0.0,0.0903333333333333,8.274,6.0,-8,,,,,,,,infeasible
2021-02-13 02:00:00,48,120,0.0,0.0,0.0,0.0903333333333333,9.261,6.0,-8,,,,,,,,infeasible
2021-02-13 02:30:00,48,120,0.0,0.0,0.0,0.0986666666666666,9.9225,6.0,-8,,,,,,,,infeasible
2021-02-13 03:00:00,48,120,0.0,0.0,0.0,0.0611666666666666,9.702,6.0,-8,,,,,,,,infeasible
2021-02-13 03:30:00,48,120,0.0,0.0,0.0,0.1278333333333333,10.584,6.0,-8,,,,,,,,infeasible
2021-02-13 04:00:00,48,120,0.0,0.0,0.0,0.0778333333333333,10.143,6.0,-8,,,,,,,,infeasible
2021-02-13 04:30:00,48,120,0.0,0.0,0.0,0.1111666666666666,13.0095,6.0,-8,,,,,,,,infeasible
2021-02-13 05:00:00,48,120,0.0,0.0,0.0,0.0695,11.025,6.0,-8,,,,,,,,infeasible
2021-02-13 05:30:00,48,120,0.0,0.0,0.0,0.1195,12.789,6.0,-8,,,,,,,,infeasible
2021-02-13 06:00:00,48,120,0.0,0.0,0.0,0.057,12.1275,6.0,-8,,,,,,,,infeasible
2021-02-13 06:30:00,48,120,0.0,0.0,0.0,0.057,12.1695,6.0,-8,,,,,,,,infeasible
2021-02-13 07:00:00,48,120,0.0,0.0,0.0,1.4063333333333332,12.306,6.0,-8,,,,,,,,infeasible
2021-02-13 07:30:00,48,120,0.0,0.0,0.0,0.9151666666666668,13.23,6.0,-8,,,,,,,,infeasible
2021-02-13 08:00:00,48,120,0.0,0.0,0.0,0.2678333333333333,13.671,6.0,-8,,,,,,,,infeasible
2021-02-13 08:30:00,48,120,0.0,0.0,0.0,2.266433333333333,13.9335,6.0,-8,,,,,,,,infeasible
2021-02-13 09:00:00,48,120,0.0,0.0,0.0,0.2527,13.293,6.0,-8,,,,,,,,infeasible
2021-02-13 09:30:00,48,120,0.0,0.0,0.0,0.2196666666666666,12.1065,6.0,-8,,,,,,,,infeasible
2021-02-13 10:00:00,48,120,0.0,0.0,0.0,0.3838,11.571,6.0,-8,,,,,,,,infeasible
2021-02-13 10:30:00,48,120,0.0,0.0,0.0,0.9588,11.025,6.0,-8,,,,,,,,infeasible
2021-02-13 11:00:00,48,120,0.0,0.0,0.0,2.129,10.8465,6.0,-8,,,,,,,,infeasible
2021-02-13 11:30:00,48,120,0.0,0.0,0.0,2.939366666666667,11.2455,6.0,-8,,,,,,,,infeasible
2021-02-13 12:00:00,48,120,0.0,0.0,0.0,3.639033333333333,23.8665,6.0,-8,,,,,,,,infeasible
2021-02-13 12:30:00,48,120,0.0,0.0,0.0,1.7960666666666667,27.4575,6.0,-8,,,,,,,,infeasible
2021-02-13 13:00:00,48,120,0.0,0.0,0.0,2.3423000000000003,27.3735,6.0,-8,,,,,,,,infeasible
2021-02-13 13:30:00,48,120,0.0,0.0,0.0,0.2176666666666666,30.4605,6.0,-8,,,,,,,,infeasible
2021-02-13 14:00:00,48,120,0.0,0.0,0.0,0.204,30.0195,6.0,-8,,,,,,,,infeasible
2021-02-13 14:30:00,48,120,0.0,0.0,0.0,0.2036,26.9325,6.0,-8,,,,,,,,infeasible
2021-02-13 15:00:00,48,120,0.0,0.0,0.0,2.095833333333333,14.595,6.0,-8,,,,,,,,infeasible
2021-02-13 15:30:00,48,120,0.0,0.0,0.0,0.2558333333333333,12.4845,6.0,-8,,,,,,,,infeasible
2021-02-13 16:00:00,48,120,0.0,0.0,0.0,0.1912666666666666,12.1275,6.0,-8,,,,,,,,infeasible
2021-02-13 16:30:00,48,120,0.0,0.0,0.0,2.5365333333333333,12.1275,6.0,-8,,,,,,,,infeasible
2021-02-13 17:00:00,48,120,0.0,0.0,0.0,0.4026,12.789,6.0,-8,,,,,,,,infeasible
2021-02-13 17:30:00,48,120,0.0,0.0,0.0,0.4649,11.907,6.0,-8,,,,,,,,infeasible
2021-02-13 18:00:00,48,120,0.0,0.0,0.0,0.2870333333333333,11.025,6.0,-8,,,,,,,,infeasible
2021-02-13 18:30:00,48,120,0.0,0.0,0.0,0.0908666666666666,8.2005,6.0,-8,,,,,,,,infeasible
2021-02-13 19:00:00,48,120,0.0,0.0,0.0,0.068,9.5655,6.0,-8,,,,,,,,infeasible
2021-02-13 19:30:00,48,120,0.0,0.0,0.0,0.1715,7.056,6.0,-8,,,,,,,,infeasible
2021-02-13 20:00:00,48,120,0.0,0.0,0.0,0.2278,9.3975,6.0,-8,,,,,,,,infeasible
2021-02-13 20:30:00,48,120,0.0,0.0,0.0,0.2653333333333333,10.059,6.0,-8,,,,,,,,infeasible
2021-02-13 21:00:00,48,120,0.0,0.0,0.0,0.3992666666666666,9.261,6.0,-8,,,,,,,,infeasible
2021-02-13 21:30:00,48,120,0.0,0.0,0.0,0.222,8.1585,6.0,-8,,,,,,,,infeasible
2021-02-13 22:00:00,48,120,0.0,0.0,0.0,0.8039333333333333,9.4815,6.0,-8,,,,,,,,infeasible
2021-02-13 22:30:00,48,120,0.0,0.0,0.0,1.6901,8.379,6.0,-8,,,,,,,,infeasible
2021-02-13 23:00:00,48,120,0.0,0.0,0.0,0.9612666666666668,9.5235,6.0,-8,,,,,,,,infeasible
2021-02-13 23:30:00,48,120,0.0,0.0,0.0,0.0656666666666666,8.1375,6.0,-8,,,,,,,,infeasible
2021-02-07 00:00:00,49,120,0.0,0.0,0.0,0.2878666666666666,11.7495,6.0,17,21.0,,0.0,0.0,0.0,0.0,47.952,optimal
2021-02-07 00:30:00,49,120,0.0,0.0,0.0,0.1187333333333333,24.3285,6.0,17,20.97085623828765,,0.0,0.0,0.0,0.0,47.904048,optimal
2021-02-07 01:00:00,49,120,0.0,0.0,0.0,0.1806666666666666,28.917,6.0,17,20.93915745920069,,0.0,0.0,0.0,0.0,47.856143952,optimal
2021-02-07 01:30:00,49,120,0.0,0.0,0.0,0.1210666666666666,31.3635,6.0,17,20.90751737398522,,0.0,0.0,0.0,0.0,47.80828780804799,optimal
2021-02-07 02:00:00,49,120,0.0,0.0,0.0,0.1997333333333333,33.306,6.0,17,20.87511482142808,,0.0,0.0,0.0,0.0,47.76047952023995,optimal
2021-02-07 02:30:00,49,120,0.0,0.0,0.0,0.076,31.3425,6.0,17,20.84359511734847,,0.0,0.0,0.0,0.0,47.712719040719705,optimal
2021-02-07 03:00:00,49,120,0.0,0.0,0.0,0.1664,28.2555,6.0,17,20.810351069220317,,0.0,0.0,0.0,0.0,47.66500632167899,optimal
2021-02-07 03:30:00,49,120,0.0,0.0,0.0,0.1085999999999999,15.6975,6.0,17,20.77809220017345,,0.0,0.0,0.0,0.0,47.61734131535731,optimal
2021-02-07 04:00:00,49,120,0.0,0.0,0.0,0.1286,12.5475,6.0,17,20.74519959908857,,0.0,0.0,0.0,0.0,47.56972397404195,optimal
2021-02-07 04:30:00,49,120,0.0,0.0,0.0,0.1692,12.0855,6.0,17,20.71251672837453,,0.0,0.0,0.0,0.0,47.52215425006791,optimal
2021-02-07 05:00:00,49,120,0.0,0.0,0.0,0.066,11.907,6.0,17,20.6803932566413,,0.0,0.0,0.0,0.0,47.47463209581784,optimal
2021-02-07 05:30:00,49,120,0.0,0.0,0.0,0.2514666666666666,12.5685,6.0,17,20.64707625388881,,0.0,0.0,0.0,0.0,47.42715746372202,optimal
2021-02-07 06:00:00,49,120,0.0,0.4644444444444444,0.0,0.094,13.146,6.0,17,20.6160847227796,,0.0,0.0,0.0,418.0,47.379730306258296,optimal
2021-02-07 06:30:00,49,120,0.0,0.4644444444444444,1.4055777348378222,0.1721333333333333,10.584,6.0,17,20.58495890468109,,0.0,0.0,0.0,418.0,48.0,optimal
2021-02-07 07:00:00,49,120,0.0,0.8514814814814814,0.0,0.1066666666666666,6.678,6.0,17,20.557008557318238,,0.0,0.0,0.0,766.3333333333333,47.842673474249295,optimal
2021-02-07 07:30:00,49,120,0.0,0.0,0.0,0.1713333333333333,7.938,6.0,17,20.522215123298466,,0.0,0.0,0.0,0.0,47.68550427502434,optimal
2021-02-07 08:00:00,49,120,0.0,0.0,0.0,0.1468,5.292,6.0,17,20.48884114998044,,0.0,0.0,0.0,0.0,47.52849224499862,optimal
2021-02-07 08:30:00,49,120,0.0,0.0,0.0,0.076,9.261,6.0,17,20.452903445582905,,0.0,0.0,0.0,0.0,47.371637227002914,optimal
2021-02-07 09:00:00,49,120,0.0,0.0,0.0,0.2364,10.3635,6.0,17,20.416075351899718,,0.0,0.0,0.0,0.0,47.21493906402521,optimal
2021-02-07 09:30:00,49,120,0.0,0.0,0.0,0.1010666666666666,8.274,6.0,17,20.382176924499326,,0.0,0.0,0.0,0.0,47.05839759921048,optimal
2021-02-07 10:00:00,49,120,0.0,0.0,0.0,0.1153333333333333,7.7175,6.0,17,20.346796153888167,,0.0,0.0,0.0,0.0,46.90201267586057,optimal
2021-02-07 10:30:00,49,120,0.0,0.0,0.0,0.1304,6.615,6.0,17,20.312986387688117,,0.0,0.0,0.0,0.0,46.74578413743401,optimal
2021-02-07 11:00:00,49,120,0.0,0.0,0.0,0.2188666666666666,6.174,6.0,17,20.2792289424934,,0.0,0.0,0.0,0.0,46.58971182754587,optimal
2021-02-07 11:30:00,49,120,0.0,0.0,0.0,0.0956666666666666,3.906,6.0,17,20.248065910200115,,0.0,0.0,0.0,0.0,46.43379558996762,optimal
2021-02-07 12:00:00,49,120,0.0,0.0,0.0,0.076,2.3415,6.0,17,20.215463795891424,,0.0,0.0,0.0,0.0,46.27803526862695,optimal
2021-02-07 12:30:00,49,120,0.2995574922489771,0.0,0.0,0.1258,2.205,6.0,17,20.18381771961565,,1048.4512228714198,0.0,0.0,0.0,46.12243070760762,optimal
2021-02-07 13:00:00,49,120,1.1428571428571428,0.0,0.0,0.2116666666666666,0.882,6.0,17,20.165613657024643,,4000.0,0.0,0.0,0.0,45.96698175114931,optimal
2021-02-07 13:30:00,49,120,1.1428571428571428,0.0,0.0,0.1204,1.5435,6.0,17,20.1834144760843,,4000.0,0.0,0.0,0.0,45.81168824364746,optimal
2021-02-07 14:00:00,49,120,1.1428571428571428,0.0,0.0,0.2170666666666666,1.5435,6.0,17,20.200167290185515,,4000.0,0.0,0.0,0.0,45.65655002965311,optimal
2021-02-07 14:30:00,49,120,0.0,0.0,0.0,0.0877333333333333,5.0715,6.0,17,20.218583726831493,,0.0,0.0,0.0,0.0,45.501566953872754,optimal
2021-02-07 15:00:00,49,120,0.0,0.1548148148148148,0.0,0.4811333333333333,5.376,6.0,17,20.19090144491199,,0.0,0.0,0.0,139.33333333333331,45.34673886116818,optimal
2021-02-07 15:30:00,49,120,0.0,0.0,0.0,0.4256,5.0715,6.0,17,20.170911950937622,,0.0,0.0,0.0,0.0,45.192065596556304,optimal
2021-02-07 16:00:00,49,120,0.0,0.2322222222222222,0.0,2.7091,5.5125,6.0,17,20.150735522984395,,0.0,0.0,0.0,209.0,45.03754700520904,optimal
2021-02-07 16:30:00,49,120,0.0,0.0774074074074074,0.0,2.015033333333333,9.261,6.0,17,20.141916489493173,,0.0,0.0,0.0,69.66666666666666,44.88318293245313,optimal
2021-02-07 17:00:00,49,120,0.0,1.1611111111111108,0.0,0.5714333333333332,11.7075,6.0,17,20.137499167056458,,0.0,0.0,0.0,1044.9999999999998,44.72897322376998,optimal
2021-02-07 17:30:00,49,120,0.0,2.1674074074074072,0.0,0.8316,12.348,6.0,17,20.114141223160225,,0.0,0.0,0.0,1950.6666666666667,44.57491772479551,optimal
2021-02-07 18:00:00,49,120,0.0,0.2322222222222222,0.0,1.5455,12.348,6.0,17,20.092651912925948,,0.0,0.0,0.0,209.0,44.42101628132001,optimal
2021-02-07 18:30:00,49,120,0.0,0.0,0.0,1.5524,12.1275,6.0,17,20.079755439010597,,0.0,0.0,0.0,0.0,44.26726873928799,optimal
2021-02-07 19:00:00,49,120,0.0,0.1548148148148148,0.0,0.4793666666666666,12.5265,6.0,17,20.068859336087773,,0.0,0.0,0.0,139.33333333333331,44.11367494479799,optimal
2021-02-07 19:30:00,49,120,0.0,0.0,0.0,0.3111666666666667,11.7495,6.0,17,20.045636613714453,,0.0,0.0,0.0,0.0,43.96023474410249,optimal
2021-02-07 20:00:00,49,120,0.0,0.6192592592592592,0.0,0.4792,13.23,6.0,17,20.021456106765942,,0.0,0.0,0.0,557.3333333333333,43.91627450935839,optimal
2021-02-07 20:30:00,49,120,0.0,0.0,0.0,0.2769,14.3325,6.0,17,20.0,,0.0,0.0,0.0,0.0,43.87235823484903,optimal
2021-02-07 21:00:00,49,120,0.0,2.012592592592592,0.0,0.4799333333333332,14.994,6.0,17,19.97438140234016,,0.0,0.0,0.0,1811.333333333333,43.82848587661418,optimal
2021-02-07 21:30:00,49,120,0.0,0.4644444444444444,0.0,0.7938,14.8155,6.0,17,19.95057141711901,,0.0,0.0,0.0,418.0,43.78465739073757,optimal
2021-02-07 22:00:00,49,120,0.0,0.0,0.0,0.5832666666666666,14.112,6.0,17,19.930978246699645,,0.0,0.0,0.0,0.0,43.740872733346826,optimal
2021-02-07 22:30:00,49,120,0.0,0.0,0.0,0.1333333333333333,14.007,6.0,17,19.909047389455075,,0.0,0.0,0.0,0.0,43.69713186061348,optimal
2021-02-07 23:00:00,49,120,0.0,0.0,0.0,0.1333333333333333,13.23,6.0,17,19.876966801286613,,0.0,0.0,0.0,0.0,43.65343472875287,optimal
2021-02-07 23:30:00,49,120,0.0,0.0,0.0,0.072,11.382,6.0,17,19.844949814900826,,0.0,0.0,0.0,0.0,43.60978129402412,optimal
2021-02-08 00:00:00,49,120,0.0,0.0,0.0,0.064,15.876,6.0,10,19.844949814900826,,0.0,0.0,0.0,0.0,43.566171512730094,optimal
2021-02-08 00:30:00,49,120,0.0923394830002425,0.0,0.0,0.2099333333333333,12.348,6.0,10,19.811462186512173,,323.1881905008488,0.0,0.0,0.0,43.52260534121736,optimal
2021-02-08 01:00:00,49,120,1.1428571428571428,0.0,0.0,0.0925333333333333,12.1275,6.0,10,19.783755948871573,,4000.0,0.0,0.0,0.0,43.47908273587615,optimal
2021-02-08 01:30:00,49,120,1.1428571428571428,0.0,0.0,0.2216,12.348,6.0,10,19.7994666169472,,4000.0,0.0,0.0,0.0,43.43560365314027,optimal
2021-02-08 02:00:00,49,120,1.1428571428571428,0.0,0.0,0.1966666666666666,12.1275,6.0,10,19.816619343925524,,4000.0,0.0,0.0,0.0,43.39216804948713,optimal
2021-02-08 02:30:00,49,120,1.1428571428571428,0.0,0.0,0.1774333333333333,12.1275,6.0,10,19.83333518997678,,4000.0,0.0,0.0,0.0,43.348775881437646,optimal
2021-02-08 03:00:00,49,120,1.1428571428571428,0.0,0.0,0.1367,11.2665,6.0,10,19.84988271688741,,4000.0,0.0,0.0,0.0,43.305427105556205,optimal
2021-02-08 03:30:00,49,120,1.1428571428571428,0.0,0.0,0.1966666666666666,10.143,6.0,10,19.866000337981266,,4000.0,0.0,0.0,0.0,43.26212167845065,optimal
2021-02-08 04:00:00,49,120,1.1428571428571428,0.0,0.0,0.1237666666666666,11.2455,6.0,10,19.882717411250717,,4000.0,0.0,0.0,0.0,43.2188595567722,optimal
2021-02-08 04:30:00,49,120,1.1428571428571428,0.0,0.0,0.1129,11.025,6.0,10,19.89841412090705,,4000.0,0.0,0.0,0.0,43.17564069721542,optimal
2021-02-08 05:00:00,49,120,1.1428571428571428,0.0,5.0,0.2455999999999999,5.9745,6.0,10,19.91374907310055,,4000.0,0.0,0.0,0.0,45.50746505651821,optimal
2021-02-08 05:30:00,49,120,1.1428571428571428,0.0,0.0,0.0925333333333333,7.938,6.0,10,19.93047196344777,,4000.0,0.0,0.0,0.0,45.46195759146169,optimal
2021-02-08 06:00:00,49,120,1.1428571428571428,0.0,0.0,0.064,8.6835,6.0,10,19.945197860800253,,4000.0,0.0,0.0,0.0,45.41649563387023,optimal
2021-02-08 06:30:00,49,120,1.1428571428571428,0.0,0.0,0.2124666666666666,7.665,6.0,10,19.95944783213233,,4000.0,0.0,0.0,0.0,45.371079138236354,optimal
2021-02-08 07:00:00,49,120,1.1428571428571428,0.0,0.7262370769948527,0.2406666666666666,6.7725,6.0,10,19.975379095748877,,4000.0,0.0,0.0,0.0,45.670670670670674,optimal
2021-02-08 07:30:00,49,120,1.1428571428571428,0.2322222222222222,5.0,0.1358666666666666,5.5755,6.0,10,19.991933327458568,,4000.0,0.0,0.0,209.0,48.0,optimal
2021-02-08 08:00:00,49,120,1.1428571428571428,0.0774074074074074,0.0,0.1754333333333333,5.0925,6.0,10,20.01037517290396,,4000.0,0.0,0.0,69.66666666666666,47.78117336797393,optimal
2021-02-08 08:30:00,49,120,1.1428571428571428,0.0,0.0,0.2068666666666666,4.1895,6.0,10,20.027407830102185,,4000.0,0.0,0.0,0.0,47.56256556257989,optimal
2021-02-08 09:00:00,49,120,1.1428571428571428,0.0,0.0,0.2435,7.056,6.0,10,20.04019762923143,,4000.0,0.0,0.0,0.0,47.34417636499124,optimal
2021-02-08 09:30:00,49,120,1.1428571428571428,0.0,0.0,0.0706666666666666,5.271,6.0,10,20.054825793013222,,4000.0,0.0,0.0,0.0,47.12600555660017,optimal
2021-02-08 10:00:00,49,120,1.1428571428571428,0.0,0.0,0.3212666666666666,7.938,6.0,10,20.06753560936028,,4000.0,0.0,0.0,0.0,46.9080529190175,optimal
2021-02-08 10:30:00,49,120,1.1428571428571428,0.0,0.0,0.0889666666666666,7.938,6.0,10,20.086172039045948,,4000.0,0.0,0.0,0.0,46.690318234072414,optimal
2021-02-08 11:00:00,49,120,1.1428571428571428,0.0,0.0,0.1793,11.907,6.0,10,20.10167666432545,,4000.0,0.0,0.0,0.0,46.472801283812274,optimal
2021-02-08 11:30:00,49,120,1.1428571428571428,0.0,0.0,0.0965999999999999,11.025,6.0,10,20.12095883563641,,4000.0,0.0,0.0,0.0,46.25550185050239,optimal
2021-02-08 12:00:00,49,120,1.1428571428571428,0.0774074074074074,0.0,1.4440666666666666,11.2875,6.0,10,20.1393935553317,,4000.0,0.0,0.0,69.66666666666666,46.03841971662582,optimal
2021-02-08 12:30:00,49,120,1.1428571428571428,0.1548148148148148,0.0,0.5203333333333334,12.936,6.0,10,20.164848194079667,,4000.0,0.0,0.0,139.33333333333331,45.82155466488312,optimal
2021-02-08 13:00:00,49,120,0.0,0.4644444444444444,0.0,0.2512333333333333,13.0095,6.0,10,20.189854428768665,,0.0,0.0,0.0,418.0,45.60490647819217,optimal
2021-02-08 13:30:00,49,120,0.0,0.0,0.0,0.3528666666666666,13.671,6.0,10,20.164208429911465,,0.0,0.0,0.0,0.0,45.38847493968791,optimal
2021-02-08 14:00:00,49,120,0.0,0.0,0.0,0.3460333333333333,13.188,6.0,10,20.14018919273329,,0.0,0.0,0.0,0.0,45.17225983272216,optimal
2021-02-08 14:30:00,49,120,0.0,0.0,0.0,0.9703333333333334,13.8495,6.0,10,20.116478753867952,,0.0,0.0,0.0,0.0,44.95626094086336,optimal
2021-02-08 15:00:00,49,120,0.0,0.0,0.0,1.1870333333333334,13.23,6.0,10,20.100072858770517,,0.0,0.0,0.0,0.0,44.74047804789642,optimal
2021-02-08 15:30:00,49,120,0.0,0.0,0.0,1.8580666666666663,13.3665,6.0,10,20.082130970963192,,0.0,0.0,0.0,0.0,44.524910937822455,optimal
2021-02-08 16:00:00,49,120,1.1428571428571428,0.1548148148148148,0.0,0.1513333333333333,13.0515,6.0,10,20.06519059654796,,4000.0,0.0,0.0,139.33333333333331,44.30955939485856,optimal
2021-02-08 16:30:00,49,120,0.0,0.1548148148148148,0.0,0.6417666666666666,13.5345,6.0,10,20.08622503846575,,0.0,0.0,0.0,139.33333333333331,44.09442320343763,optimal
2021-02-08 17:00:00,49,120,0.0,0.1548148148148148,0.0,1.7245666666666666,14.154,6.0,10,20.06552471034152,,0.0,0.0,0.0,139.33333333333331,43.87950214820812,optimal
2021-02-08 17:30:00,49,120,0.0,0.0774074074074074,0.0,0.8462333333333334,14.112,6.0,10,20.04730043280728,,0.0,0.0,0.0,69.66666666666666,43.66479601403384,optimal
2021-02-08 18:00:00,49,120,0.0,0.0774074074074074,0.0,0.2761,14.2485,6.0,10,20.02642281283393,,0.0,0.0,0.0,69.66666666666666,43.45030458599373,optimal
2021-02-08 18:30:00,49,120,1.126854143660661,0.387037037037037,0.0,0.385,12.789,6.0,10,20.0,,3943.989502812313,0.0,0.0,348.3333333333333,43.40685428140774,optimal
2021-02-08 19:00:00,49,120,0.0,2.4770370370370367,0.0,0.5464,13.0095,6.0,10,20.02548403929242,,0.0,0.0,0.0,2229.333333333333,43.36344742712633,optimal
2021-02-08 19:30:00,49,120,1.0549000923915777,0.0774074074074074,0.0,0.4075,12.1275,6.0,10,20.0,,3692.1503233705216,0.0,0.0,69.66666666666666,43.320083979699206,optimal
2021-02-08 20:00:00,49,120,0.0,0.1548148148148148,0.0,0.8171333333333334,12.348,6.0,10,20.01912144611285,,0.0,0.0,0.0,139.33333333333331,43.27676389571951,optimal
2021-02-08 20:30:00,49,120,0.0,0.0,0.0,0.4152333333333333,12.348,6.0,10,20.0,,0.0,0.0,0.0,0.0,43.233487131823786,optimal
2021-02-08 21:00:00,49,120,0.0,0.0,0.0,0.5355666666666667,25.389,6.0,10,19.97639875423885,,0.0,0.0,0.0,0.0,43.19025364469197,optimal
2021-02-08 21:30:00,49,120,0.0,0.0,0.0,0.5119,29.1375,6.0,10,19.952623708848986,,0.0,0.0,0.0,0.0,43.14706339104727,optimal
2021-02-08 22:00:00,49,120,0.0,0.387037037037037,0.0,0.5274333333333333,30.597,6.0,10,19.92757902293242,,0.0,0.0,0.0,348.3333333333333,43.10391632765622,optimal
2021-02-08 22:30:00,49,120,0.0,6.347407407407407,0.0,0.6702666666666667,33.684,6.0,10,19.90383606374032,,0.0,0.0,0.0,5712.666666666666,43.06081241132856,optimal
2021-02-08 23:00:00,49,120,0.0,0.2322222222222222,0.0,0.7504333333333333,32.445,6.0,10,19.88167754308809,,0.0,0.0,0.0,209.0,43.01775159891724,optimal
2021-02-08 23:30:00,49,120,0.0,0.4644444444444444,0.0,0.49,28.917,6.0,10,19.86253986661836,,0.0,0.0,0.0,418.0,42.97473384731832,optimal
2021-02-09 00:00:00,49,120,1.1428571428571428,0.0,2.373369894682664,0.062,11.13,6.0,-5,19.86253986661836,,4000.0,0.0,0.0,0.0,44.05910981344527,optimal
2021-02-09 00:30:00,49,120,1.1428571428571428,0.0,0.0,0.062,11.6865,6.0,-5,19.87593806650276,,4000.0,0.0,0.0,0.0,44.01505070363182,optimal
2021-02-09 01:00:00,49,120,1.1428571428571428,0.0,5.0,0.0958333333333333,10.7205,6.0,-5,19.88940883175673,,4000.0,0.0,0.0,0.0,46.34603565292819,optimal
2021-02-09 01:30:00,49,120,1.1428571428571428,0.0,0.0,0.1313666666666667,11.424,6.0,-5,19.90336418779412,,4000.0,0.0,0.0,0.0,46.299689617275256,optimal
2021-02-09 02:00:00,49,120,1.1428571428571428,0.0,5.0,0.1992,10.689,6.0,-5,19.91752649943754,,4000.0,0.0,0.0,0.0,48.62838992765797,optimal
2021-02-09 02:30:00,49,120,1.1428571428571428,0.0,0.0,0.1934666666666666,11.361,6.0,-5,19.93228884607079,,4000.0,0.0,0.0,0.0,48.57976153773031,optimal
2021-02-09 03:00:00,49,120,1.1428571428571428,0.0,0.0,0.2455999999999999,11.571,6.0,-5,19.94705120813241,,4000.0,0.0,0.0,0.0,48.53118177619257,optimal
2021-02-09 03:30:00,49,120,1.1428571428571428,0.0,0.0,0.1023666666666666,14.3745,6.0,-5,19.962518537186703,,4000.0,0.0,0.0,0.0,48.48265059441637,optimal
2021-02-09 04:00:00,49,120,1.1428571428571428,0.0,0.0,0.1487666666666666,13.23,6.0,-5,19.976408539946405,,4000.0,0.0,0.0,0.0,48.434167943821954,optimal
2021-02-09 04:30:00,49,120,1.1428571428571428,0.0,0.0,0.263,13.9755,6.0,-5,19.99103452191448,,4000.0,0.0,0.0,0.0,48.38573377587813,optimal
2021-02-09 05:00:00,49,120,1.1428571428571428,0.0,0.0,0.1151666666666666,14.994,6.0,-5,20.00682488034267,,4000.0,0.0,0.0,0.0,48.33734804210225,optimal
2021-02-09 05:30:00,49,120,1.1428571428571428,0.0,0.0,0.1113,13.671,6.0,-5,20.020584720699112,,4000.0,0.0,0.0,0.0,48.28901069406015,optimal
2021-02-09 06:00:00,49,120,0.0,0.0,0.0,0.1700666666666666,15.981,6.0,-5,20.0342701762466,,0.0,0.0,0.0,0.0,48.24072168336608,optimal
2021-02-09 06:30:00,49,120,1.0999299283186672,0.0,0.0,0.2310666666666666,15.6345,6.0,-5,19.999915042303964,,3849.754749115336,0.0,0.0,0.0,48.19248096168271,optimal
2021-02-09 07:00:00,49,120,0.0,0.0,0.0,0.2973333333333333,16.5375,6.0,-5,20.013171048071037,,0.0,0.0,0.0,0.0,48.144288480721016,optimal
2021-02-09 07:30:00,49,120,1.1428571428571428,2.1674074074074072,0.0,0.2799333333333333,14.7735,6.0,-5,19.98153776981722,,4000.0,0.0,0.0,1950.6666666666667,48.096144192240295,optimal
2021-02-09 08:00:00,49,120,0.6456843459032902,0.1548148148148148,0.0,0.6582666666666667,15.2145,6.0,-5,20.0,,2259.895210661516,0.0,0.0,139.33333333333331,48.048048048048045,optimal
2021-02-09 08:30:00,49,120,0.3444306975714607,2.2448148148148146,0.0,3.136333333333333,14.553,6.0,-5,20.0,,1205.5074415001125,0.0,0.0,2020.3333333333333,48.0,optimal
2021-02-09 09:00:00,49,120,1.1428571428571428,5.960370370370371,0.0,2.8522,14.3325,6.0,-5,20.0,,4000.0,0.0,0.0,5364.333333333334,47.145772088351166,optimal
2021-02-09 09:30:00,49,120,0.5357847315395342,0.0,0.0,2.474333333333333,14.595,6.0,-5,20.02790672172932,,1875.2465603883693,0.0,0.0,0.0,46.292398404613984,optimal
2021-02-09 10:00:00,49,120,0.0,0.387037037037037,0.0,0.2544,14.994,6.0,-5,20.026673691107185,,0.0,0.0,0.0,348.3333333333333,45.43987809456053,optimal
2021-02-09 10:30:00,49,120,0.6713745494071007,0.0,0.0,0.1997666666666666,14.3325,6.0,-5,20.0,,2349.8109229248525,0.0,0.0,0.0,44.58821030481714,optimal
2021-02-09 11:00:00,49,120,1.1428571428571428,0.387037037037037,0.0,0.2423666666666666,13.8915,6.0,-5,20.0,,4000.0,0.0,0.0,348.3333333333333,43.73739418286349,optimal
2021-02-09 11:30:00,49,120,1.1428571428571428,0.0,0.0,0.5502666666666667,13.8915,6.0,-5,20.023799836414785,,4000.0,0.0,0.0,0.0,42.8874288770318,optimal
2021-02-09 12:00:00,49,120,1.1428571428571428,0.0,0.0,0.3314,13.4715,6.0,-5,20.051402559781216,,4000.0,0.0,0.0,0.0,42.03831353650593,optimal
2021-02-09 12:30:00,49,120,1.1428571428571428,0.1548148148148148,0.0,0.2523333333333333,13.23,6.0,-5,20.078257587609464,,4000.0,0.0,0.0,139.33333333333331,41.19004731132059,optimal
2021-02-09 13:00:00,49,120,1.1428571428571428,0.4644444444444444,0.0,0.4781,13.8915,6.0,-5,20.10442341025552,,4000.0,0.0,0.0,418.0,40.34262935236044,optimal
2021-02-09 13:30:00,49,120,0.0,0.6192592592592592,0.0,1.5148,26.9325,6.0,-5,20.137443913221706,,0.0,0.0,0.0,557.3333333333333,39.49605881135925,optimal
2021-02-09 14:00:00,49,120,0.0,0.0,0.0,1.5675333333333332,30.303,6.0,-5,20.128178640165395,,0.0,0.0,0.0,0.0,38.650334840899056,optimal
2021-02-09 14:30:00,49,120,0.0,0.1548148148148148,0.0,2.4,32.886,6.0,-5,20.12021380667295,,0.0,0.0,0.0,139.33333333333331,37.80545659440932,optimal
2021-02-09 15:00:00,49,120,0.0,0.3096296296296296,0.0,0.7364666666666667,34.9965,6.0,-5,20.111367814162413,,0.0,0.0,0.0,278.66666666666663,36.96142322616608,optimal
2021-02-09 15:30:00,49,120,0.0,0.0,0.0,0.7182999999999999,33.327,6.0,-5,20.0961246720167,,0.0,0.0,0.0,0.0,36.11823389129108,optimal
2021-02-09 16:00:00,49,120,0.0,0.6966666666666667,0.0,0.5855333333333334,31.122,6.0,-5,20.081656010314195,,0.0,0.0,0.0,627.0,35.27588774575095,optimal
2021-02-09 16:30:00,49,120,0.0,1.315925925925926,0.0,0.6568666666666667,17.9025,6.0,-5,20.061978695953925,,0.0,0.0,0.0,1184.3333333333333,34.43438394635637,optimal
2021-02-09 17:00:00,49,120,0.0,0.0,0.0,0.3842,15.6555,6.0,-5,20.042150258382332,,0.0,0.0,0.0,0.0,33.59372165076118,optimal
2021-02-09 17:30:00,49,120,0.2301242588545477,0.1548148148148148,0.0,0.5141333333333333,14.553,6.0,-5,20.01533242219128,,805.4349059909171,0.0,0.0,139.33333333333331,32.75390001746159,optimal
2021-02-09 18:00:00,49,120,0.5932652917170875,0.5418518518518518,0.0,0.4091,14.3325,6.0,-5,20.0,,2076.4285210098064,0.0,0.0,487.6666666666667,32.72114611744413,optimal
2021-02-09 18:30:00,49,120,0.5779023295747618,0.0,0.0,0.2824,13.335,6.0,-5,20.0,,2022.6581535116668,0.0,0.0,0.0,32.68842497132668,optimal
2021-02-09 19:00:00,49,120,1.1428571428571428,1.7029629629629628,0.0,0.2983333333333333,12.1275,6.0,-5,20.0,,4000.0,0.0,0.0,1532.6666666666663,32.65573654635536,optimal
2021-02-09 19:30:00,49,120,0.1138858009071568,0.0,0.0,0.3166333333333333,12.2955,6.0,-5,20.022887523098344,,398.6003031750491,0.0,0.0,0.0,32.623080809809004,optimal
2021-02-09 20:00:00,49,120,0.519253653146628,0.0,0.0,0.7303666666666667,11.6865,6.0,-5,20.0,,1817.387786013198,0.0,0.0,0.0,32.5904577289992,optimal
2021-02-09 20:30:00,49,120,0.0,0.0,0.0,0.4853666666666666,11.466,6.0,-5,20.0,,0.0,0.0,0.0,0.0,32.5578672712702,optimal
2021-02-09 21:00:00,49,120,0.0,0.0,0.0,1.1024333333333334,10.8045,6.0,-5,19.973016168372038,,0.0,0.0,0.0,0.0,32.525309403998925,optimal
2021-02-09 21:30:00,49,120,0.0,0.0,0.0,1.9969,10.584,6.0,-5,19.95162001981483,,0.0,0.0,0.0,0.0,32.492784094594924,optimal
2021-02-09 22:00:00,49,120,0.0,0.0,0.0,0.9781666666666666,11.2455,6.0,-5,19.93751103086213,,0.0,0.0,0.0,0.0,32.46029131050033,optimal
2021-02-09 22:30:00,49,120,0.0,0.1548148148148148,0.0,2.1224666666666665,12.1275,6.0,-5,19.91606568826112,,0.0,0.0,0.0,139.33333333333331,32.42783101918983,optimal
2021-02-09 23:00:00,49,120,0.0,0.0,0.0,0.9368,11.823,6.0,-5,19.90261123671698,,0.0,0.0,0.0,0.0,32.39540318817064,optimal
2021-02-09 23:30:00,49,120,0.0,0.0,0.0,0.3871333333333333,11.7705,6.0,-5,19.88433598775133,,0.0,0.0,0.0,0.0,32.36300778498247,optimal
2021-02-10 00:00:00,49,120,1.1428571428571428,0.0,0.0,0.059,14.217,6.0,5,19.88433598775133,,4000.0,0.0,0.0,0.0,32.33064477719749,optimal
2021-02-10 00:30:00,49,120,1.1428571428571428,0.0,0.0,0.0697,13.3665,6.0,5,19.89725791585349,,4000.0,0.0,0.0,0.0,32.298314132420295,optimal
2021-02-10 01:00:00,49,120,1.1428571428571428,0.0,0.0,0.1125,12.789,6.0,5,19.910086320207323,,4000.0,0.0,0.0,0.0,32.26601581828788,optimal
2021-02-10 01:30:00,49,120,1.1428571428571428,0.0,0.0,0.0661333333333333,11.907,6.0,5,19.923212439447195,,4000.0,0.0,0.0,0.0,32.23374980246959,optimal
2021-02-10 02:00:00,49,120,1.1428571428571428,0.0,0.0,0.1160666666666666,11.7075,6.0,5,19.935549424396672,,4000.0,0.0,0.0,0.0,32.20151605266712,optimal
2021-02-10 02:30:00,49,120,1.1428571428571428,0.0,5.0,0.059,10.8045,6.0,5,19.94827199921709,,4000.0,0.0,0.0,0.0,34.54431453661445,optimal
2021-02-10 03:00:00,49,120,1.1428571428571428,0.0,0.0,0.059,11.508,6.0,5,19.960274145012875,,4000.0,0.0,0.0,0.0,34.50977022207783,optimal
2021-02-10 03:30:00,49,120,1.1428571428571428,0.0,0.0,0.0804,11.508,6.0,5,19.97225249580015,,4000.0,0.0,0.0,0.0,34.47526045185575,optimal
2021-02-10 04:00:00,49,120,1.1428571428571428,0.0,0.0,0.1018,11.508,6.0,5,19.98446780089912,,4000.0,0.0,0.0,0.0,34.4407851914039,optimal
2021-02-10 04:30:00,49,120,1.1428571428571428,0.0,0.0,0.0839666666666666,11.844,6.0,5,19.996919590532976,,4000.0,0.0,0.0,0.0,34.40634440621249,optimal
2021-02-10 05:00:00,49,120,1.1428571428571428,0.0,0.0,0.0982333333333333,11.508,6.0,5,20.00893118563741,,4000.0,0.0,0.0,0.0,34.37193806180628,optimal
2021-02-10 05:30:00,49,120,1.1428571428571428,0.0,4.194625827519698,0.1053666666666666,11.508,6.0,5,20.020894512143435,,4000.0,0.0,0.0,0.0,36.33001339181632,optimal
2021-02-10 06:00:00,49,120,1.1428571428571428,0.0,5.0,0.0788333333333333,10.4475,6.0,5,20.03272276503153,,4000.0,0.0,0.0,0.0,38.6686833784245,optimal
2021-02-10 06:30:00,49,120,1.1428571428571428,0.0,5.0,0.1331999999999999,10.8675,6.0,5,20.043981708518444,,4000.0,0.0,0.0,0.0,41.00501469504607,optimal
2021-02-10 07:00:00,49,120,1.1428571428571428,0.387037037037037,5.0,0.0656666666666666,10.542,6.0,5,20.05617969766216,,4000.0,0.0,0.0,348.3333333333333,43.33900968035103,optimal
2021-02-10 07:30:00,49,120,1.1428571428571428,0.0,5.0,0.2739333333333333,11.025,6.0,5,20.068706971818475,,4000.0,0.0,0.0,0.0,45.670670670670674,optimal
2021-02-10 08:00:00,49,120,1.1428571428571428,5.404585185185185,5.0,1.2176,11.025,6.0,5,20.082721031145027,,4000.0,0.0,0.0,4864.126666666667,48.0,optimal
2021-02-10 08:30:00,49,120,1.1428571428571428,1.1750444444444448,0.0,0.067,14.553,6.0,5,20.101733351859657,,4000.0,0.0,0.0,1057.5400000000002,47.72976042614624,optimal
2021-02-10 09:00:00,49,120,1.1428571428571428,0.2322222222222222,0.0,0.1268,13.0935,6.0,5,20.117178285233976,,4000.0,0.0,0.0,209.0,47.45979109186633,optimal
2021-02-10 09:30:00,49,120,1.1428571428571428,0.0774074074074074,0.0,0.2155,15.6345,6.0,5,20.134779667846885,,4000.0,0.0,0.0,69.66666666666666,47.1900917269207,optimal
2021-02-10 10:00:00,49,120,0.0,0.0774074074074074,0.0,0.2816333333333333,18.102,6.0,5,20.151559761657005,,0.0,0.0,0.0,69.66666666666666,46.92066206134002,optimal
2021-02-10 10:30:00,49,120,0.0,0.0,0.0,0.1236666666666666,17.199,6.0,5,20.122114618705687,,0.0,0.0,0.0,0.0,46.65150182542492,optimal
2021-02-10 11:00:00,49,120,0.0,0.0,0.0,1.0047333333333333,18.2805,6.0,5,20.08989721736721,,0.0,0.0,0.0,0.0,46.38261074974573,optimal
2021-02-10 11:30:00,49,120,0.0,0.0,0.0,1.0493666666666666,17.4615,6.0,5,20.063941234533093,,0.0,0.0,0.0,0.0,46.11398856514222,optimal
2021-02-10 12:00:00,49,120,0.0,0.2322222222222222,0.0,0.3965,18.3225,6.0,5,20.03977229785265,,0.0,0.0,0.0,209.0,45.84563500272332,optimal
2021-02-10 12:30:00,49,120,1.1428571428571428,0.0,0.0,0.1646,17.094,6.0,5,20.017188925523055,,4000.0,0.0,0.0,0.0,45.57754979386684,optimal
2021-02-10 13:00:00,49,120,1.1428571428571428,0.0,0.0,0.3088999999999999,17.094,6.0,5,20.038387618458135,,4000.0,0.0,0.0,0.0,45.309732670219205,optimal
2021-02-10 13:30:00,49,120,1.1428571428571428,0.0,0.0,0.069,17.094,6.0,5,20.06006915587561,,4000.0,0.0,0.0,0.0,45.04218336369522,optimal
2021-02-10 14:00:00,49,120,0.1075915890242754,0.0,0.0,0.069,17.3565,6.0,5,20.08089402687807,,376.5705615849642,0.0,0.0,0.0,44.77490160647776,optimal
2021-02-10 14:30:00,49,120,1.1428571428571428,0.0,0.0,0.1260666666666666,17.115,6.0,5,20.057576809260915,,4000.0,0.0,0.0,0.0,44.50788713101752,optimal
2021-02-10 15:00:00,49,120,1.1428571428571428,0.0,0.0,0.0761333333333333,17.241,6.0,5,20.07914288630037,,4000.0,0.0,0.0,0.0,44.24113967003274,optimal
2021-02-10 15:30:00,49,120,1.1428571428571428,0.0,0.0,0.069,17.094,6.0,5,20.098119065016206,,4000.0,0.0,0.0,0.0,43.97465895650894,optimal
2021-02-10 16:00:00,49,120,1.1428571428571428,0.0,0.0,0.1296333333333333,16.5165,6.0,5,20.116574208977557,,4000.0,0.0,0.0,0.0,43.70844472369867,optimal
2021-02-10 16:30:00,49,120,0.0,0.0,0.0,0.1590666666666666,17.8185,6.0,5,20.13242665213898,,0.0,0.0,0.0,0.0,43.44249670512121,optimal
2021-02-10 17:00:00,49,120,1.1428571428571428,0.387037037037037,0.0,0.2354666666666666,17.094,6.0,5,20.100109769380985,,4000.0,0.0,0.0,348.3333333333333,43.17681463456233,optimal
2021-02-10 17:30:00,49,120,1.1428571428571428,0.3096296296296296,0.0,1.208233333333333,16.8945,6.0,5,20.11670647347666,,4000.0,0.0,0.0,278.66666666666663,42.911398246074,optimal
2021-02-10 18:00:00,49,120,0.0,0.3096296296296296,0.0,1.0169,18.123,6.0,5,20.13985150471523,,0.0,0.0,0.0,278.66666666666663,42.64624727397416,optimal
2021-02-10 18:30:00,49,120,0.0,0.0,0.0,1.786166666666667,31.647,6.0,5,20.11633690800894,,0.0,0.0,0.0,0.0,42.38136145284643,optimal
2021-02-10 19:00:00,49,120,0.0,0.2322222222222222,0.0,0.9274,34.9965,6.0,5,20.09310543515056,,0.0,0.0,0.0,209.0,42.11674051753982,optimal
2021-02-10 19:30:00,49,120,0.0,0.1548148148148148,0.0,1.2289,34.9965,6.0,5,20.06367836077793,,0.0,0.0,0.0,139.33333333333331,41.85238420316851,optimal
2021-02-10 20:00:00,49,120,0.0,0.0,0.0,0.2432,34.9965,6.0,5,20.035654982423573,,0.0,0.0,0.0,0.0,41.58829224511158,optimal
2021-02-10 20:30:00,49,120,0.0,0.0,0.0,0.3277333333333332,34.9965,6.0,5,20.0,,0.0,0.0,0.0,0.0,41.54670395286647,optimal
2021-02-10 21:00:00,49,120,0.0,0.0,0.0,0.3536666666666667,34.9965,6.0,5,19.965845867830748,,0.0,0.0,0.0,0.0,41.505157248913605,optimal
2021-02-10 21:30:00,49,120,0.0,0.0,0.0,0.2845,27.741,6.0,5,19.93404984624908,,0.0,0.0,0.0,0.0,41.46365209166469,optimal
2021-02-10 22:00:00,49,120,0.0,0.0,0.0,0.3199333333333333,19.026,6.0,5,19.89944969918278,,0.0,0.0,0.0,0.0,41.42218843957303,optimal
2021-02-10 22:30:00,49,120,0.0,0.0,0.0,0.3794333333333333,18.7215,6.0,5,19.86297050925385,,0.0,0.0,0.0,0.0,41.38076625113345,optimal
2021-02-10 23:00:00,49,120,0.0,5.882962962962964,0.0,0.2922333333333333,17.4195,6.0,5,19.8265272752365,,0.0,0.0,0.0,5294.666666666667,41.33938548488232,optimal
2021-02-10 23:30:00,49,120,0.0,0.0,0.0,0.1428666666666666,16.758,6.0,5,19.78744915013186,,0.0,0.0,0.0,0.0,41.29804609939744,optimal
2021-02-11 00:00:00,49,120,1.1428571428571428,0.0,5.0,0.059,10.6365,6.0,3,19.78744915013186,,4000.0,0.0,0.0,0.0,43.63174805329804,optimal
2021-02-11 00:30:00,49,120,1.1428571428571428,0.0,0.0,0.0734,11.2455,6.0,3,19.789379323066523,,4000.0,0.0,0.0,0.0,43.58811630524474,optimal
2021-02-11 01:00:00,49,120,1.1428571428571428,0.0,0.0,0.2116666666666666,11.2455,6.0,3,19.79167935134065,,4000.0,0.0,0.0,0.0,43.544528188939495,optimal
2021-02-11 01:30:00,49,120,1.1428571428571428,0.0,0.0,0.069,11.025,6.0,3,19.795751907632823,,4000.0,0.0,0.0,0.0,43.50098366075056,optimal
2021-02-11 02:00:00,49,120,1.1428571428571428,0.0,0.0,0.0834,12.0855,6.0,3,19.79806213240109,,4000.0,0.0,0.0,0.0,43.45748267708981,optimal
2021-02-11 02:30:00,49,120,1.1428571428571428,0.0,0.0,0.213,11.6865,6.0,3,19.800543202746034,,4000.0,0.0,0.0,0.0,43.41402519441272,optimal
2021-02-11 03:00:00,49,120,1.1428571428571428,0.0,0.0,0.069,11.2245,6.0,3,19.804399929609463,,4000.0,0.0,0.0,0.0,43.3706111692183,optimal
2021-02-11 03:30:00,49,120,1.1428571428571428,0.0,0.0,0.165,11.025,6.0,3,19.806296496558264,,4000.0,0.0,0.0,0.0,43.32724055804909,optimal
2021-02-11 04:00:00,49,120,1.1428571428571428,0.0,0.6087448263496161,0.1314,10.7835,6.0,3,19.80985444910924,,4000.0,0.0,0.0,0.0,43.5730671100071,optimal
2021-02-11 04:30:00,49,120,1.1428571428571428,0.0,0.0,0.069,11.025,6.0,3,19.81349166177845,,4000.0,0.0,0.0,0.0,43.52949404289709,optimal
2021-02-11 05:00:00,49,120,1.1428571428571428,0.0,5.0,0.1579333333333333,10.584,6.0,3,19.816361485227382,,4000.0,0.0,0.0,0.0,45.86096454885418,optimal
2021-02-11 05:30:00,49,120,1.1428571428571428,0.0,0.0,0.1194666666666666,11.025,6.0,3,19.82041461577013,,4000.0,0.0,0.0,0.0,45.81510358430533,optimal
2021-02-11 06:00:00,49,120,1.1428571428571428,0.774074074074074,5.0,1.5301,10.4265,6.0,3,19.825173415385933,,4000.0,0.0,0.0,696.6666666666666,48.144288480721016,optimal
2021-02-11 06:30:00,49,120,1.1428571428571428,0.0774074074074074,0.0,0.5246666666666666,12.789,6.0,3,19.839820591170977,,4000.0,0.0,0.0,69.66666666666666,48.096144192240295,optimal
2021-02-11 07:00:00,49,120,1.1428571428571428,0.0774074074074074,0.0,0.2,12.684,6.0,3,19.852135272328592,,4000.0,0.0,0.0,69.66666666666666,48.048048048048045,optimal
2021-02-11 07:30:00,49,120,1.1428571428571428,11.901256846475851,0.0,0.2957333333333333,16.254,6.0,3,19.862522232543284,,4000.0,10502.131161828269,0.0,209.0,48.0,optimal
2021-02-11 08:00:00,49,120,1.1428571428571428,0.0,0.0,0.1444666666666666,17.64,6.0,3,20.0,,4000.0,0.0,0.0,0.0,47.61149241481992,optimal
2021-02-11 08:30:00,49,120,1.1428571428571428,0.0,0.0,0.069,19.1625,6.0,3,20.005713423912507,,4000.0,0.0,0.0,0.0,47.22337333722502,optimal
2021-02-11 09:00:00,49,120,0.0,2.9116198717175346,0.0,0.0932666666666666,26.46,6.0,3,20.01018253221373,,0.0,2620.457884545781,0.0,0.0,46.83564237870772,optimal
2021-02-11 09:30:00,49,120,1.1428571428571428,0.0,0.0,0.1743333333333333,20.79,6.0,3,20.0,,4000.0,0.0,0.0,0.0,46.44829915114893,optimal
2021-02-11 10:00:00,49,120,0.0,1.920132014418244,0.0,0.0891333333333333,29.106,6.0,3,20.01090252152553,,0.0,1728.1188129764196,0.0,0.0,46.0613432668177,optimal
2021-02-11 10:30:00,49,120,1.1428571428571428,0.0,0.0,0.059,19.1835,6.0,3,20.0,,4000.0,0.0,0.0,0.0,45.6747743383708,optimal
2021-02-11 11:00:00,49,120,0.3488070006226779,0.0,0.0,0.2116666666666666,19.6665,6.0,3,20.01525554060388,,1220.8245021793723,0.0,0.0,0.0,45.28859197885235,optimal
2021-02-11 11:30:00,49,120,0.8125085810549738,0.0,0.0,0.0834,19.404,6.0,3,20.0,,2843.7800336924083,0.0,0.0,0.0,44.90279580169342,optimal
2021-02-11 12:00:00,49,120,1.1428571428571428,0.0,0.0,0.0603333333333333,19.047,6.0,3,20.00445419625893,,4000.0,0.0,0.0,0.0,44.51738542071165,optimal
2021-02-11 12:30:00,49,120,1.1428571428571428,0.0,0.0,0.2174,18.858,6.0,3,20.026461561565693,,4000.0,0.0,0.0,0.0,44.13236045011086,optimal
2021-02-11 13:00:00,49,120,1.1428571428571428,0.0,0.0,0.059,19.2675,6.0,3,20.05164364491476,,4000.0,0.0,0.0,0.0,43.74772050448067,optimal
2021-02-11 13:30:00,49,120,1.1428571428571428,0.0,0.0,0.1934,18.963,6.0,3,20.07490685565679,,4000.0,0.0,0.0,0.0,43.36346519879611,optimal
2021-02-11 14:00:00,49,120,1.1428571428571428,0.0,0.0,0.083,18.438,6.0,3,20.099959508837344,,4000.0,0.0,0.0,0.0,42.97959414841724,optimal
2021-02-11 14:30:00,49,120,1.1428571428571428,0.0,0.0,0.059,18.7425,6.0,3,20.124074330780385,,4000.0,0.0,0.0,0.0,42.59610696908874,optimal
2021-02-11 15:00:00,49,120,1.1428571428571428,0.0,0.0,0.059,15.2145,6.0,3,20.14715507033405,,4000.0,0.0,0.0,0.0,42.21300327693958,optimal
2021-02-11 15:30:00,49,120,1.1428571428571428,0.0,0.0,0.2125999999999999,17.7765,6.0,3,20.167266491071988,,4000.0,0.0,0.0,0.0,41.83028268848256,optimal
2021-02-11 16:00:00,49,120,1.1428571428571428,0.0,0.0,0.0638,16.758,6.0,3,20.18692930028357,,4000.0,0.0,0.0,0.0,41.447944820614005,optimal
2021-02-11 16:30:00,49,120,1.1428571428571428,0.7028592592592591,0.0,0.2802,16.422,6.0,3,20.199616818861465,,4000.0,0.0,0.0,632.5733333333332,41.06598929061332,optimal
2021-02-11 17:00:00,49,120,1.1428571428571428,0.4582518518518518,0.0,1.1604333333333334,16.758,6.0,3,20.216407780386497,,4000.0,0.0,0.0,412.4266666666667,40.684415716142624,optimal
2021-02-11 17:30:00,49,120,0.0,0.3096296296296296,0.0,1.606,29.358,6.0,3,20.234041210937388,,0.0,0.0,0.0,278.66666666666663,40.3032237152464,optimal
2021-02-11 18:00:00,49,120,0.0,0.1548148148148148,0.0,1.0274,34.9965,6.0,3,20.20157683021075,,0.0,0.0,0.0,139.33333333333331,39.92241290635108,optimal
2021-02-11 18:30:00,49,120,0.0,0.387037037037037,0.0,0.4326666666666667,34.65,6.0,3,20.17028043016508,,0.0,0.0,0.0,348.3333333333333,39.54198290826465,optimal
2021-02-11 19:00:00,49,120,0.0,0.0,0.0,0.3903333333333333,34.9965,6.0,3,20.13773319117677,,0.0,0.0,0.0,0.0,39.16193334017631,optimal
2021-02-11 19:30:00,49,120,0.0,0.0,0.0,0.1458,34.9965,6.0,3,20.101538158790184,,0.0,0.0,0.0,0.0,38.78226382165606,optimal
2021-02-11 20:00:00,49,120,0.0,0.0,0.0,0.1505999999999999,30.4815,6.0,3,20.051483248412712,,0.0,0.0,0.0,0.0,38.40297397265432,optimal
2021-02-11 20:30:00,49,120,0.0,0.0,0.0,0.2772666666666666,21.4305,6.0,3,20.0,,0.0,0.0,0.0,0.0,38.0240634135016,optimal
2021-02-11 21:00:00,49,120,0.0,0.0,0.0,0.4056,14.3325,6.0,3,19.951724595900483,,0.0,0.0,0.0,0.0,37.645531764908014,optimal
2021-02-11 21:30:00,49,120,0.0,0.0,0.0,0.2598666666666667,13.692,6.0,3,19.90686833422686,,0.0,0.0,0.0,0.0,37.26737864796303,optimal
2021-02-11 22:00:00,49,120,0.0,0.0,0.0,0.241,14.007,6.0,3,19.86050543154228,,0.0,0.0,0.0,0.0,36.88960368413499,optimal
2021-02-11 22:30:00,49,120,0.0,0.5418518518518518,0.0,0.6028333333333333,12.873,6.0,3,19.81661884639032,,0.0,0.0,0.0,487.6666666666667,36.85271408045085,optimal
2021-02-11 23:00:00,49,120,0.0,0.0,0.0,0.1275333333333333,12.684,6.0,3,19.778092870596733,,0.0,0.0,0.0,0.0,36.8158613663704,optimal
2021-02-11 23:30:00,49,120,0.0,0.0,0.0,0.1554,12.306,6.0,3,19.730330956867824,,0.0,0.0,0.0,0.0,36.77904550500403,optimal
2021-02-12 00:00:00,49,120,1.1428571428571428,0.0,0.0,0.06,13.566,6.0,9,19.730330956867824,,4000.0,0.0,0.0,0.0,36.74226645949902,optimal
2021-02-12 00:30:00,49,120,1.1428571428571428,0.0,0.0,0.074,12.789,6.0,9,19.72603747846076,,4000.0,0.0,0.0,0.0,36.70552419303952,optimal
2021-02-12 01:00:00,49,120,1.1428571428571428,0.0,0.0,0.109,12.1275,6.0,9,19.721923064949745,,4000.0,0.0,0.0,0.0,36.66881866884648,optimal
2021-02-12 01:30:00,49,120,1.1428571428571428,0.0,0.0,0.06,13.671,6.0,9,19.718243190535187,,4000.0,0.0,0.0,0.0,36.63214985017764,optimal
2021-02-12 02:00:00,49,120,1.1428571428571428,0.0,0.0,0.06,10.668,6.0,9,19.714171933170867,,4000.0,0.0,0.0,0.0,36.59551770032746,optimal
2021-02-12 02:30:00,49,120,1.1428571428571428,0.0,0.0,0.058,11.7285,6.0,9,19.710307003616336,,4000.0,0.0,0.0,0.0,36.558922182627136,optimal
2021-02-12 03:00:00,49,120,1.1428571428571428,0.0,0.0,0.1656666666666666,11.025,6.0,9,19.71053027986207,,4000.0,0.0,0.0,0.0,36.52236326044451,optimal
2021-02-12 03:30:00,49,120,1.1428571428571428,0.2322222222222222,0.0,0.1570666666666666,10.689,6.0,9,19.714525849577488,,4000.0,0.0,0.0,209.0,36.48584089718406,optimal
2021-02-12 04:00:00,49,120,1.1428571428571428,0.0,5.0,0.4998333333333333,8.1585,6.0,9,19.718553924666548,,4000.0,0.0,0.0,0.0,38.82435505628688,optimal
2021-02-12 04:30:00,49,120,1.1428571428571428,0.4644444444444444,0.0,1.3215666666666666,10.3635,6.0,9,19.726122549457287,,4000.0,0.0,0.0,418.0,38.78553070123059,optimal
2021-02-12 05:00:00,49,120,1.1428571428571428,0.5418518518518518,0.0,0.198,10.8045,6.0,9,19.738315024306395,,4000.0,0.0,0.0,487.6666666666667,38.74674517052936,optimal
2021-02-12 05:30:00,49,120,1.1428571428571428,0.0,0.0,0.7006666666666667,11.025,6.0,9,19.74799754174176,,4000.0,0.0,0.0,0.0,38.70799842535883,optimal
2021-02-12 06:00:00,49,120,1.1428571428571428,0.6192592592592592,0.983757724279174,0.2867666666666666,10.3635,6.0,9,19.759358584746334,,4000.0,0.0,0.0,557.3333333333333,39.13657534596607,optimal
2021-02-12 06:30:00,49,120,1.1428571428571428,0.387037037037037,0.0,0.4614,10.8045,6.0,9,19.7722379981725,,4000.0,0.0,0.0,348.3333333333333,39.0974387706201,optimal
2021-02-12 07:00:00,49,120,1.1428571428571428,0.1548148148148148,5.0,0.5719,10.059,6.0,9,19.78778093553477,,4000.0,0.0,0.0,139.33333333333331,41.43334133184948,optimal
2021-02-12 07:30:00,49,120,1.1428571428571428,16.270492947280214,0.0,0.6781333333333334,10.584,6.0,9,19.806776242576827,,4000.0,14643.443652552192,0.0,0.0,41.39190799051762,optimal
2021-02-12 08:00:00,49,120,1.1428571428571428,0.3096296296296296,5.0,3.2434666666666665,9.4185,6.0,9,20.0,,4000.0,0.0,0.0,278.66666666666663,43.7255160825271,optimal
2021-02-12 08:30:00,49,120,1.1428571428571428,0.0774074074074074,5.0,0.271,10.3635,6.0,9,20.024114177403547,,4000.0,0.0,0.0,69.66666666666666,46.056790566444576,optimal
2021-02-12 09:00:00,49,120,1.1428571428571428,0.1548148148148148,5.0,0.604,9.8385,6.0,9,20.03389291445578,,4000.0,0.0,0.0,139.33333333333331,48.38573377587813,optimal
2021-02-12 09:30:00,49,120,1.1428571428571428,0.4644444444444444,0.0,1.3166333333333335,11.067,6.0,9,20.0411014570099,,4000.0,0.0,0.0,418.0,48.33734804210225,optimal
2021-02-12 10:00:00,49,120,1.1428571428571428,0.5418518518518518,0.0,0.5881666666666666,10.8465,6.0,9,20.057133951528986,,4000.0,0.0,0.0,487.6666666666667,48.28901069406015,optimal
2021-02-12 10:30:00,49,120,0.8223259657883009,0.0,0.0,0.0796666666666666,13.671,6.0,9,20.078758276939062,,2878.140880259053,0.0,0.0,0.0,48.24072168336608,optimal
2021-02-12 11:00:00,49,120,1.1428571428571428,0.0,0.0,0.6266666666666666,12.348,6.0,9,20.085756294224183,,4000.0,0.0,0.0,0.0,48.19248096168271,optimal
2021-02-12 11:30:00,49,120,0.0,0.0,0.0,0.5618,14.3325,6.0,9,20.11172750175806,,0.0,0.0,0.0,0.0,48.144288480721016,optimal
2021-02-12 12:00:00,49,120,0.0,0.0,0.0,0.0945999999999999,15.393,6.0,9,20.088226746967997,,0.0,0.0,0.0,0.0,48.096144192240295,optimal
2021-02-12 12:30:00,49,120,1.1428571428571428,0.387037037037037,0.0,0.1873666666666666,13.587,6.0,9,20.065495213592477,,4000.0,0.0,0.0,348.3333333333333,48.048048048048045,optimal
2021-02-12 13:00:00,49,120,0.0,0.387037037037037,0.0,0.5701333333333334,16.1385,6.0,9,20.09276736334546,,0.0,0.0,0.0,348.3333333333333,48.0,optimal
2021-02-12 13:30:00,49,120,0.0,0.0,0.0,0.6419666666666667,14.595,6.0,9,20.07307650318254,,0.0,0.0,0.0,0.0,47.8154413138302,optimal
2021-02-12 14:00:00,49,120,0.0,0.2322222222222222,0.0,0.5602,14.637,6.0,9,20.051957431015158,,0.0,0.0,0.0,209.0,47.63106718634657,optimal
2021-02-12 14:30:00,49,120,0.0,0.0,0.0,0.126,13.9125,6.0,9,20.027847387774923,,0.0,0.0,0.0,0.0,47.446877432990426,optimal
2021-02-12 15:00:00,49,120,1.0586796202831594,0.0,0.0,0.077,13.3665,6.0,9,20.0,,3705.378670991058,0.0,0.0,0.0,47.26287186938764,optimal
2021-02-12 15:30:00,49,120,1.1428571428571428,0.0,0.0,0.07,13.0095,6.0,9,20.01529258089304,,4000.0,0.0,0.0,0.0,47.07905031134845,optimal
2021-02-12 16:00:00,49,120,0.0,0.0,0.0,0.07,13.8915,6.0,9,20.033761360604046,,0.0,0.0,0.0,0.0,46.89541257486731,optimal
2021-02-12 16:30:00,49,120,0.4697323959769212,0.1548148148148148,0.0,1.3731333333333335,13.188,6.0,9,20.0,,1644.0633859192242,0.0,0.0,139.33333333333331,46.71195847612264,optimal
2021-02-12 17:00:00,49,120,0.4561274437548108,0.0,0.0,1.2798666666666665,12.5685,6.0,9,20.0,,1596.4460531418376,0.0,0.0,0.0,46.52868783147672,optimal
2021-02-12 17:30:00,49,120,0.697186701372918,0.0,0.0,0.5744333333333332,12.285,6.0,9,20.0,,2440.153454805213,0.0,0.0,0.0,46.34560045747544,optimal
2021-02-12 18:00:00,49,120,1.1428571428571428,0.0,0.0,0.9963333333333334,11.487,6.0,9,20.0,,4000.0,0.0,0.0,0.0,46.16269617084816,optimal
2021-02-12 18:30:00,49,120,0.3711053420038592,0.0,0.0,1.4412,11.802,6.0,9,20.01561619896296,,1298.8686970135072,0.0,0.0,0.0,45.97997478850752,optimal
2021-02-12 19:00:00,49,120,0.7607868314749929,0.0,0.0,1.2885666666666666,11.2245,6.0,9,20.0,,2662.753910162475,0.0,0.0,0.0,45.79743612754921,optimal
2021-02-12 19:30:00,49,120,1.1428571428571428,2.5544444444444445,0.0,0.2790333333333333,11.025,6.0,9,20.003758472645863,,4000.0,0.0,0.0,2299.0,45.75163869142166,optimal
2021-02-12 20:00:00,49,120,0.0,0.387037037037037,0.0,0.5111666666666667,11.907,6.0,9,20.02465539505726,,0.0,0.0,0.0,348.3333333333333,45.70588705273024,optimal
2021-02-12 20:30:00,49,120,0.0,0.1548148148148148,0.0,0.2352,25.83,6.0,9,20.0,,0.0,0.0,0.0,139.33333333333331,45.66018116567751,optimal
2021-02-12 21:00:00,49,120,0.0,0.3096296296296296,0.0,0.2758666666666666,28.035,6.0,9,19.970239813294725,,0.0,0.0,0.0,278.66666666666663,45.61452098451183,optimal
2021-02-12 21:30:00,49,120,0.0,0.0,0.0,0.7755,28.119,6.0,9,19.94005201120299,,0.0,0.0,0.0,0.0,45.56890646352731,optimal
2021-02-12 22:00:00,49,120,0.0,6.192592592592591,0.0,0.8497,30.156,6.0,9,19.910798795655225,,0.0,0.0,0.0,5573.333333333332,45.52333755706378,optimal
2021-02-12 22:30:00,49,120,0.0,0.0,0.0,0.2526666666666666,29.1585,6.0,9,19.882282584126973,,0.0,0.0,0.0,0.0,45.47781421950672,optimal
2021-02-12 23:00:00,49,120,0.0,0.0,0.0,0.126,26.712,6.0,9,19.849637054646987,,0.0,0.0,0.0,0.0,45.43233640528721,optimal
2021-02-12 23:30:00,49,120,0.0,0.0,0.0,0.077,15.435,6.0,9,19.81321474808297,,0.0,0.0,0.0,0.0,45.386904068881925,optimal
2021-02-13 00:00:00,49,120,1.1428571428571428,0.0,0.0,0.062,9.261,6.0,-2,19.81321474808297,,4000.0,0.0,0.0,0.0,45.34151716481304,optimal
2021-02-13 00:30:00,49,120,1.1428571428571428,0.0,0.0,0.062,8.1585,6.0,-2,19.824934959180556,,4000.0,0.0,0.0,0.0,45.29617564764823,optimal
2021-02-13 01:00:00,49,120,1.1428571428571428,0.0,0.0,0.1214,9.4815,6.0,-2,19.836731062365956,,4000.0,0.0,0.0,0.0,45.25087947200058,optimal
2021-02-13 01:30:00,49,120,1.1428571428571428,0.0,0.0,0.1935333333333333,8.379,6.0,-2,19.84932653836617,,4000.0,0.0,0.0,0.0,45.205628592528576,optimal
2021-02-13 02:00:00,49,120,1.1428571428571428,0.0,0.0,0.0750666666666666,9.5235,6.0,-2,19.862874924211468,,4000.0,0.0,0.0,0.0,45.16042296393605,optimal
2021-02-13 02:30:00,49,120,1.1428571428571428,0.0,0.0,0.2052,8.1375,6.0,-2,19.87505237607864,,4000.0,0.0,0.0,0.0,45.11526254097211,optimal
2021-02-13 03:00:00,49,120,1.1428571428571428,0.2322222222222222,0.0,0.0735333333333333,10.0905,6.0,-2,19.89048517217937,,4000.0,0.0,0.0,209.0,45.070147278431136,optimal
2021-02-13 03:30:00,49,120,1.1428571428571428,0.2322222222222222,5.0,0.2190333333333333,7.539,6.0,-2,19.90692611959108,,4000.0,0.0,0.0,209.0,47.40007713115271,optimal
2021-02-13 04:00:00,49,120,1.1428571428571428,0.6610592592592595,1.6665503719988806,0.2095999999999999,7.938,6.0,-2,19.92520116776711,,4000.0,0.0,0.0,594.9533333333335,48.144288480721016,optimal
2021-02-13 04:30:00,49,120,1.1428571428571428,0.0,0.0,0.1207999999999999,8.274,6.0,-2,19.942218862556828,,4000.0,0.0,0.0,0.0,48.096144192240295,optimal
2021-02-13 05:00:00,49,120,1.1428571428571428,0.0,0.0,0.161,9.261,6.0,-2,19.954399636669987,,4000.0,0.0,0.0,0.0,48.048048048048045,optimal
2021-02-13 05:30:00,49,120,1.1428571428571428,0.3452370370370369,0.0,0.1680333333333333,9.9225,6.0,-2,19.96684773554445,,4000.0,0.0,0.0,310.71333333333325,48.0,optimal
2021-02-13 06:00:00,49,120,1.1428571428571428,0.8514814814814814,0.0,0.073,9.702,6.0,-2,19.981465105126432,,4000.0,0.0,0.0,766.3333333333333,47.74267402048982,optimal
2021-02-13 06:30:00,49,120,1.1428571428571428,0.5418518518518518,0.0,0.2126666666666666,10.584,6.0,-2,19.99351582259004,,4000.0,0.0,0.0,487.6666666666667,47.48560536695916,optimal
2021-02-13 07:00:00,49,120,1.1428571428571428,0.0774074074074074,0.0,0.1787,10.143,6.0,-2,20.00888706295855,,4000.0,0.0,0.0,69.66666666666666,47.22879378208202,optimal
2021-02-13 07:30:00,49,120,0.2982760779743221,0.0774074074074074,0.0,0.2762,13.0095,6.0,-2,20.022098716273568,,1043.9662729101274,0.0,0.0,69.66666666666666,46.97223900878976,optimal
2021-02-13 08:00:00,49,120,1.1428571428571428,0.1548148148148148,0.0,1.4411333333333334,11.025,6.0,-2,20.0,,4000.0,0.0,0.0,139.33333333333331,46.7159407902708,optimal
2021-02-13 08:30:00,49,120,1.1345254877855724,1.7029629629629628,0.0,0.2558,12.789,6.0,-2,20.02756525301188,,3970.839207249503,0.0,0.0,1532.6666666666663,46.45989886997035,optimal
2021-02-13 09:00:00,49,120,1.1428571428571428,0.2322222222222222,0.0,0.3762,12.1275,6.0,-2,20.041086988089297,,4000.0,0.0,0.0,209.0,46.20411299159021,optimal
2021-02-13 09:30:00,49,120,1.1428571428571428,0.1548148148148148,0.0,1.3976,12.1695,6.0,-2,20.06145520291865,,4000.0,0.0,0.0,139.33333333333331,45.94858289908844,optimal
2021-02-13 10:00:00,49,120,1.1428571428571428,0.0774074074074074,0.0,1.259766666666667,12.306,6.0,-2,20.0885259452364,,4000.0,0.0,0.0,69.66666666666666,45.69330833667918,optimal
2021-02-13 10:30:00,49,120,0.0,5.805555555555555,0.0,0.5163,13.23,6.0,-2,20.118221070906404,,0.0,0.0,0.0,5225.0,45.43828904883232,optimal
2021-02-13 11:00:00,49,120,0.0,0.0,0.0,0.3452,13.671,6.0,-2,20.093779622749658,,0.0,0.0,0.0,0.0,45.18352478027332,optimal
2021-02-13 11:30:00,49,120,0.0,0.0,0.0,0.3311333333333333,13.9335,6.0,-2,20.069275076635297,,0.0,0.0,0.0,0.0,44.92901527598287,optimal
2021-02-13 12:00:00,49,120,0.0,0.2322222222222222,0.0,0.4642,13.293,6.0,-2,20.045200870829987,,0.0,0.0,0.0,209.0,44.67476028119671,optimal
2021-02-13 12:30:00,49,120,1.1428571428571428,0.0,0.0,0.4255333333333334,12.1065,6.0,-2,20.024520250767512,,4000.0,0.0,0.0,0.0,44.42075954140534,optimal
2021-02-13 13:00:00,49,120,1.1428571428571428,0.6966666666666667,0.0,0.3337666666666666,11.571,6.0,-2,20.052621464608933,,4000.0,0.0,0.0,627.0,44.16701280235376,optimal
2021-02-13 13:30:00,49,120,1.1428571428571428,0.3096296296296296,0.0,0.5322666666666667,11.025,6.0,-2,20.08086624327217,,4000.0,0.0,0.0,278.66666666666663,43.91351981004123,optimal
2021-02-13 14:00:00,49,120,1.1428571428571428,0.4644444444444444,0.0,0.5870333333333333,10.8465,6.0,-2,20.112611953200705,,4000.0,0.0,0.0,418.0,43.66028031072101,optimal
2021-02-13 14:30:00,49,120,1.1428571428571428,0.0,0.0,0.2932666666666667,11.2455,6.0,-2,20.1426523787296,,4000.0,0.0,0.0,0.0,43.40729405090012,optimal
2021-02-13 15:00:00,49,120,0.0,0.0,0.0,2.037333333333333,23.8665,6.0,-2,20.1685461612426,,0.0,0.0,0.0,0.0,43.15456077733904,optimal
2021-02-13 15:30:00,49,120,0.0,0.0,0.0,2.3592,27.4575,6.0,-2,20.15223927319328,,0.0,0.0,0.0,0.0,42.90208023705153,optimal
2021-02-13 16:00:00,49,120,0.0,0.1548148148148148,0.0,0.8512333333333334,27.3735,6.0,-2,20.13406060537383,,0.0,0.0,0.0,139.33333333333331,42.649852177304304,optimal
2021-02-13 16:30:00,49,120,0.0,0.1548148148148148,0.0,0.21,30.4605,6.0,-2,20.11071702047208,,0.0,0.0,0.0,139.33333333333331,42.39787634561682,optimal
2021-02-13 17:00:00,49,120,0.0,0.2322222222222222,0.0,0.3153666666666667,30.0195,6.0,-2,20.08425547386438,,0.0,0.0,0.0,209.0,42.14615248976103,optimal
2021-02-13 17:30:00,49,120,0.0,0.0,0.0,0.4043666666666666,26.9325,6.0,-2,20.05652495057081,,0.0,0.0,0.0,0.0,41.89468035776109,optimal
2021-02-13 18:00:00,49,120,0.0,0.8514814814814814,0.0,0.1920333333333333,14.595,6.0,-2,20.02906534816652,,0.0,0.0,0.0,766.3333333333333,41.64345969789315,optimal
2021-02-13 18:30:00,49,120,0.6265901438507623,0.0774074074074074,0.0,0.3380333333333333,12.4845,6.0,-2,20.0,,2193.065503477668,0.0,0.0,69.66666666666666,41.39249025868508,optimal
2021-02-13 19:00:00,49,120,0.976432641704945,0.1548148148148148,0.0,0.6526000000000001,12.1275,6.0,-2,20.0,,3417.5142459673075,0.0,0.0,139.33333333333331,41.141771788916216,optimal
2021-02-13 19:30:00,49,120,1.1428571428571428,0.0,0.0,0.2148333333333333,12.1275,6.0,-2,20.01502990555517,,4000.0,0.0,0.0,0.0,40.891304037617125,optimal
2021-02-13 20:00:00,49,120,0.0,0.0,0.0,0.4212333333333333,12.789,6.0,-2,20.031574470780413,,0.0,0.0,0.0,0.0,40.641086754069335,optimal
2021-02-13 20:30:00,49,120,0.0,0.1548148148148148,0.0,0.393,11.907,6.0,-2,20.0,,0.0,0.0,0.0,139.33333333333331,40.39111968780509,optimal
2021-02-13 21:00:00,49,120,0.0,0.0,0.0,0.4194666666666666,11.025,6.0,-2,19.96767881392418,,0.0,0.0,0.0,0.0,40.14140258860711,optimal
2021-02-13 21:30:00,49,120,0.0,0.0,0.0,0.3546666666666667,8.2005,6.0,-2,19.935378662352097,,0.0,0.0,0.0,0.0,39.89193520650832,optimal
2021-02-13 22:00:00,49,120,0.0,0.0,0.0,0.3305666666666667,9.5655,6.0,-2,19.902148423568608,,0.0,0.0,0.0,0.0,39.85204327130182,optimal
2021-02-13 22:30:00,49,120,0.0,0.2322222222222222,0.0,0.5802333333333334,7.056,6.0,-2,19.869253250522977,,0.0,0.0,0.0,209.0,39.812191228030514,optimal
2021-02-13 23:00:00,49,120,0.0,0.0,0.0,0.3522333333333333,9.3975,6.0,-2,19.840266462521345,,0.0,0.0,0.0,0.0,39.77237903680248,optimal
2021-02-13 23:30:00,49,120,0.0,0.0,0.0,0.2102,10.059,6.0,-2,19.8111317122114,,0.0,0.0,0.0,0.0,39.73260665776568,optimal
2021-02-07 00:00:00,50,120,0.0,0.0,0.0,0.1142,13.146,6.0,5,21.0,,0.0,0.0,0.0,0.0,47.952,optimal
2021-02-07 00:30:00,50,120,0.0,0.0,0.0,0.1525999999999999,10.584,6.0,5,20.96780780993352,,0.0,0.0,0.0,0.0,47.904048,optimal
2021-02-07 01:00:00,50,120,0.0,0.0,0.0,0.1096666666666666,6.678,6.0,5,20.93594898860137,,0.0,0.0,0.0,0.0,47.856143952,optimal
2021-02-07 01:30:00,50,120,0.0,0.0,0.0,0.1096666666666666,7.938,6.0,5,20.903432044496416,,0.0,0.0,0.0,0.0,47.80828780804799,optimal
2021-02-07 02:00:00,50,120,0.0,0.0,0.0,0.1096666666666666,5.292,6.0,5,20.870880439134137,,0.0,0.0,0.0,0.0,47.76047952023995,optimal
2021-02-07 02:30:00,50,120,0.0,0.0,0.0,0.1096666666666666,9.261,6.0,5,20.83829424123266,,0.0,0.0,0.0,0.0,47.712719040719705,optimal
2021-02-07 03:00:00,50,120,0.0,0.0,0.0,0.1992666666666666,10.3635,6.0,5,20.8055743912308,,0.0,0.0,0.0,0.0,47.66500632167899,optimal
2021-02-07 03:30:00,50,120,0.0,0.0,0.0,0.1608666666666666,8.274,6.0,5,20.773812692055607,,0.0,0.0,0.0,0.0,47.61734131535731,optimal
2021-02-07 04:00:00,50,120,0.0,0.0,0.0,0.0757999999999999,7.7175,6.0,5,20.741547032322536,,0.0,0.0,0.0,0.0,47.56972397404195,optimal
2021-02-07 04:30:00,50,120,0.0,0.0,0.0,0.191,6.615,6.0,5,20.70820990181436,,0.0,0.0,0.0,0.0,47.52215425006791,optimal
2021-02-07 05:00:00,50,120,0.0,0.0,0.0,0.068,6.174,6.0,5,20.676342270203065,,0.0,0.0,0.0,0.0,47.47463209581784,optimal
2021-02-07 05:30:00,50,120,0.0,0.0,0.0,0.1798666666666666,3.906,6.0,5,20.64346780236103,,0.0,0.0,0.0,0.0,47.42715746372202,optimal
2021-02-07 06:00:00,50,120,0.0,0.387037037037037,1.305830934193062,0.9199333333333332,2.3415,6.0,5,20.61148325485466,,0.0,0.0,0.0,348.3333333333333,48.0,optimal
2021-02-07 06:30:00,50,120,0.0,1.9351851851851851,0.0,1.7686333333333335,2.205,6.0,5,20.58239743728755,,0.0,0.0,0.0,1741.666666666667,47.77177092281841,optimal
2021-02-07 07:00:00,50,120,1.1428571428571428,0.1548148148148148,0.0,0.9005333333333333,0.882,6.0,5,20.55805237548162,,4000.0,0.0,0.0,139.33333333333331,47.543770074714,optimal
2021-02-07 07:30:00,50,120,0.8994029067500955,0.0774074074074074,0.0,1.1504333333333334,1.5435,6.0,5,20.584240463999272,,3147.910173625334,0.0,0.0,69.66666666666666,47.31599722745771,optimal
2021-02-07 08:00:00,50,120,1.1428571428571428,0.387037037037037,0.0,1.3913333333333333,1.5435,6.0,5,20.60273098305858,,4000.0,0.0,0.0,348.3333333333333,47.08845215304866,optimal
2021-02-07 08:30:00,50,120,0.0,0.0,0.0,0.2206666666666666,5.0715,6.0,5,20.62522002611109,,0.0,0.0,0.0,0.0,46.86113462371403,optimal
2021-02-07 09:00:00,50,120,0.0,0.0,0.0,0.2111333333333333,5.376,6.0,5,20.591271315524835,,0.0,0.0,0.0,0.0,46.63404441190873,optimal
2021-02-07 09:30:00,50,120,0.0,0.0,0.0,0.0922,5.0715,6.0,5,20.55669947039306,,0.0,0.0,0.0,0.0,46.40718129031524,optimal
2021-02-07 10:00:00,50,120,0.0,0.0,0.0,0.2039333333333333,5.5125,6.0,5,20.520846407572467,,0.0,0.0,0.0,0.0,46.18054503184334,optimal
2021-02-07 10:30:00,50,120,0.0,0.0,0.0,0.157,9.261,6.0,5,20.487752657898746,,0.0,0.0,0.0,0.0,45.95413540962991,optimal
2021-02-07 11:00:00,50,120,0.0,0.1548148148148148,0.0,0.2530333333333333,11.7075,6.0,5,20.45395450440236,,0.0,0.0,0.0,139.33333333333331,45.72795219703869,optimal
2021-02-07 11:30:00,50,120,0.0,0.2322222222222222,0.0,2.5317,12.348,6.0,5,20.423439959062843,,0.0,0.0,0.0,209.0,45.50199516766006,optimal
2021-02-07 12:00:00,50,120,0.0,0.387037037037037,0.0,2.813533333333333,12.348,6.0,5,20.397415735588385,,0.0,0.0,0.0,348.3333333333333,45.276264095310815,optimal
2021-02-07 12:30:00,50,120,0.0,0.2322222222222222,0.0,2.5679333333333334,12.1275,6.0,5,20.37574727069708,,0.0,0.0,0.0,209.0,45.05075875403392,optimal
2021-02-07 13:00:00,50,120,0.0,0.4644444444444444,0.0,2.295,12.5265,6.0,5,20.353608157308965,,0.0,0.0,0.0,418.0,44.82547891809829,optimal
2021-02-07 13:30:00,50,120,0.0,0.4644444444444444,0.0,2.2904666666666667,11.7495,6.0,5,20.327414136896135,,0.0,0.0,0.0,418.0,44.600424361998606,optimal
2021-02-07 14:00:00,50,120,0.0,4.79925925925926,0.0,1.7535333333333334,13.23,6.0,5,20.301354932794133,,0.0,0.0,0.0,4319.333333333333,44.375594860455024,optimal
2021-02-07 14:30:00,50,120,0.0,0.0,0.0,0.5181,14.3325,6.0,5,20.277860526966208,,0.0,0.0,0.0,0.0,44.15099018841298,optimal
2021-02-07 15:00:00,50,120,0.0,0.0,0.0,0.173,14.994,6.0,5,20.252381867527543,,0.0,0.0,0.0,0.0,43.92661012104298,optimal
2021-02-07 15:30:00,50,120,0.0,0.387037037037037,0.0,0.4719666666666666,14.8155,6.0,5,20.221908589677696,,0.0,0.0,0.0,348.3333333333333,43.70245443374036,optimal
2021-02-07 16:00:00,50,120,0.0,2.70925925925926,0.0,1.9026333333333327,14.112,6.0,5,20.19833232278276,,0.0,0.0,0.0,2438.333333333333,43.47852290212503,optimal
2021-02-07 16:30:00,50,120,0.0,0.0,0.0,0.9747,14.007,6.0,5,20.175072186100664,,0.0,0.0,0.0,0.0,43.25481530204132,optimal
2021-02-07 17:00:00,50,120,0.0,0.3096296296296296,0.0,1.9718,13.23,6.0,5,20.14531166158184,,0.0,0.0,0.0,278.66666666666663,43.03133140955769,optimal
2021-02-07 17:30:00,50,120,0.0,0.1548148148148148,0.0,5.763666666666667,11.382,6.0,5,20.117271092017265,,0.0,0.0,0.0,139.33333333333331,42.80807100096654,optimal
2021-02-07 18:00:00,50,120,0.0,0.0,0.0,2.428866666666667,11.7495,6.0,5,20.098692029590367,,0.0,0.0,0.0,0.0,42.58503385278399,optimal
2021-02-07 18:30:00,50,120,0.0,0.0,0.0,3.4224,24.3285,6.0,5,20.079237682884344,,0.0,0.0,0.0,0.0,42.36221974174962,optimal
2021-02-07 19:00:00,50,120,0.0,0.2322222222222222,0.0,5.046600000000001,28.917,6.0,5,20.06229894596944,,0.0,0.0,0.0,209.0,42.139628444826286,optimal
2021-02-07 19:30:00,50,120,0.0,0.387037037037037,0.0,0.8461666666666666,31.3635,6.0,5,20.046784004043783,,0.0,0.0,0.0,348.3333333333333,41.91725973919987,optimal
2021-02-07 20:00:00,50,120,0.0,0.1548148148148148,0.0,2.3256666666666663,33.306,6.0,5,20.02238583849352,,0.0,0.0,0.0,139.33333333333331,41.69511340227909,optimal
2021-02-07 20:30:00,50,120,0.0,0.2322222222222222,0.0,0.4647666666666666,31.3425,6.0,5,20.0,,0.0,0.0,0.0,209.0,41.47318921169522,optimal
2021-02-07 21:00:00,50,120,0.0,0.0,0.0,0.2921333333333333,28.2555,6.0,5,19.977016443180705,,0.0,0.0,0.0,0.0,41.43171602248353,optimal
2021-02-07 21:30:00,50,120,0.0,0.0,0.0,0.8219333333333333,15.6975,6.0,5,19.951405556433414,,0.0,0.0,0.0,0.0,41.39028430646104,optimal
2021-02-07 22:00:00,50,120,0.0,4.647540740740741,0.0,2.112766666666667,12.5475,6.0,5,19.928740538139728,,0.0,0.0,0.0,4182.786666666667,41.34889402215458,optimal
2021-02-07 22:30:00,50,120,0.0,5.338014814814815,0.0,1.9860666666666664,12.0855,6.0,5,19.90414366644152,,0.0,0.0,0.0,4804.213333333333,41.307545128132425,optimal
2021-02-07 23:00:00,50,120,0.0,0.3096296296296296,0.0,0.3813,11.907,6.0,5,19.879194273201666,,0.0,0.0,0.0,278.66666666666663,41.26623758300429,optimal
2021-02-07 23:30:00,50,120,0.0,5.65074074074074,0.0,0.6437666666666666,12.5685,6.0,5,19.85353245995669,,0.0,0.0,0.0,5085.666666666666,41.22497134542129,optimal
2021-02-08 00:00:00,50,120,0.0,0.0,0.0,0.1548666666666666,12.348,6.0,9,19.85353245995669,,0.0,0.0,0.0,0.0,41.18374637407587,optimal
2021-02-08 00:30:00,50,120,1.1428571428571428,0.0774074074074074,0.0,0.3991333333333333,12.1275,6.0,9,19.823747491400766,,4000.0,0.0,0.0,69.66666666666666,41.14256262770179,optimal
2021-02-08 01:00:00,50,120,0.0,0.0,0.0,0.1571999999999999,12.348,6.0,9,19.847076896416123,,0.0,0.0,0.0,0.0,41.10142006507409,optimal
2021-02-08 01:30:00,50,120,1.1428571428571428,0.0,0.0,0.2319666666666666,12.1275,6.0,9,19.814730191218228,,4000.0,0.0,0.0,0.0,41.06031864500901,optimal
2021-02-08 02:00:00,50,120,1.1428571428571428,0.0,0.0,0.1574333333333333,12.1275,6.0,9,19.831988693367133,,4000.0,0.0,0.0,0.0,41.019258326364,optimal
2021-02-08 02:30:00,50,120,1.1428571428571428,0.0,0.0,0.1217666666666666,11.2665,6.0,9,19.84820586065886,,4000.0,0.0,0.0,0.0,40.97823906803764,optimal
2021-02-08 03:00:00,50,120,1.1428571428571428,0.0,0.0,0.3306333333333333,10.143,6.0,9,19.864055500964884,,4000.0,0.0,0.0,0.0,40.9372608289696,optimal
2021-02-08 03:30:00,50,120,1.1428571428571428,0.0,0.0,0.1182666666666666,11.2455,6.0,9,19.882517331928277,,4000.0,0.0,0.0,0.0,40.89632356814063,optimal
2021-02-08 04:00:00,50,120,1.1428571428571428,0.0,0.0,0.1794,11.025,6.0,9,19.898256309384333,,4000.0,0.0,0.0,0.0,40.85542724457249,optimal
2021-02-08 04:30:00,50,120,1.1428571428571428,0.0,5.0,0.2347333333333333,5.9745,6.0,9,19.91460970243458,,4000.0,0.0,0.0,0.0,43.18957181732792,optimal
2021-02-08 05:00:00,50,120,1.1428571428571428,0.0,5.0,0.2125333333333333,7.938,6.0,9,19.931406507227667,,4000.0,0.0,0.0,0.0,45.52138224551059,optimal
2021-02-08 05:30:00,50,120,1.1428571428571428,0.0,0.4101259103275742,0.1344333333333333,8.6835,6.0,9,19.94770130699355,,4000.0,0.0,0.0,0.0,45.670670670670674,optimal
2021-02-08 06:00:00,50,120,1.1428571428571428,0.0774074074074074,5.0,0.2722333333333332,7.665,6.0,9,19.962913232145297,,4000.0,0.0,0.0,69.66666666666666,48.0,optimal
2021-02-08 06:30:00,50,120,1.1428571428571428,0.3096296296296296,0.0,0.5523333333333333,6.7725,6.0,9,19.98201360735321,,4000.0,0.0,0.0,278.66666666666663,47.623964513995936,optimal
2021-02-08 07:00:00,50,120,1.1428571428571428,0.5418518518518518,0.0,0.4528,5.5755,6.0,9,20.00504913798704,,4000.0,0.0,0.0,487.6666666666667,47.24830506347788,optimal
2021-02-08 07:30:00,50,120,1.1428571428571428,0.0774074074074074,0.0,2.0785,5.0925,6.0,9,20.02795773852701,,4000.0,0.0,0.0,69.66666666666666,46.87302127241034,optimal
2021-02-08 08:00:00,50,120,1.1428571428571428,0.0,0.0,0.5126000000000001,4.1895,6.0,9,20.054333181049017,,4000.0,0.0,0.0,0.0,46.49811276513387,optimal
2021-02-08 08:30:00,50,120,1.1428571428571428,0.0,0.0,0.3484666666666666,7.056,6.0,9,20.08211853773845,,4000.0,0.0,0.0,0.0,46.12357916636467,optimal
2021-02-08 09:00:00,50,120,1.1428571428571428,0.0,0.0,0.1032666666666666,5.271,6.0,9,20.1024430715928,,4000.0,0.0,0.0,0.0,45.74942010119425,optimal
2021-02-08 09:30:00,50,120,1.1428571428571428,0.0,0.0,0.1849333333333333,7.938,6.0,9,20.11523296202368,,4000.0,0.0,0.0,0.0,45.37563519508899,optimal
2021-02-08 10:00:00,50,120,1.1428571428571428,0.0,0.0,0.2292,7.938,6.0,9,20.129184191177732,,4000.0,0.0,0.0,0.0,45.00222407388984,optimal
2021-02-08 10:30:00,50,120,1.1428571428571428,0.0,0.0,0.191,11.907,6.0,9,20.146513462756516,,4000.0,0.0,0.0,0.0,44.62918636381189,optimal
2021-02-08 11:00:00,50,120,1.1428571428571428,0.0,0.0,0.2307333333333333,11.025,6.0,9,20.163134965208155,,4000.0,0.0,0.0,0.0,44.256521691444014,optimal
2021-02-08 11:30:00,50,120,1.1428571428571428,0.2322222222222222,0.0,0.4154,11.2875,6.0,9,20.182809792536656,,4000.0,0.0,0.0,209.0,43.88422968374851,optimal
2021-02-08 12:00:00,50,120,0.0,0.0,0.0,0.5212,12.936,6.0,9,20.206798048610587,,0.0,0.0,0.0,0.0,43.5123099680607,optimal
2021-02-08 12:30:00,50,120,0.0,0.0,0.0,0.6178666666666667,13.0095,6.0,9,20.183918881785385,,0.0,0.0,0.0,0.0,43.14076217208858,optimal
2021-02-08 13:00:00,50,120,0.0,0.0,0.0,0.4875,13.671,6.0,9,20.163165836478186,,0.0,0.0,0.0,0.0,42.76958592391243,optimal
2021-02-08 13:30:00,50,120,0.0,0.0,0.0,0.7402000000000001,13.188,6.0,9,20.140833556637308,,0.0,0.0,0.0,0.0,42.398780851984455,optimal
2021-02-08 14:00:00,50,120,0.0,0.2322222222222222,0.0,0.4628666666666666,13.8495,6.0,9,20.1218710157382,,0.0,0.0,0.0,209.0,42.02834658512841,optimal
2021-02-08 14:30:00,50,120,0.0,0.3096296296296296,0.0,0.4306999999999999,13.23,6.0,9,20.099927842351924,,0.0,0.0,0.0,278.66666666666663,41.65828275253922,optimal
2021-02-08 15:00:00,50,120,0.0,0.3096296296296296,0.0,0.3821333333333333,13.3665,6.0,9,20.080140861825964,,0.0,0.0,0.0,278.66666666666663,41.288588983782624,optimal
2021-02-08 15:30:00,50,120,0.7433703490888515,0.0,0.0,0.1631,13.0515,6.0,9,20.056886787074816,,2601.79622181098,0.0,0.0,0.0,40.91926490879478,optimal
2021-02-08 16:00:00,50,120,0.0,0.387037037037037,0.0,0.5608666666666666,13.5345,6.0,9,20.06680422959969,,0.0,0.0,0.0,348.3333333333333,40.55031015788192,optimal
2021-02-08 16:30:00,50,120,0.0,0.6966666666666667,0.0,0.6785666666666668,14.154,6.0,9,20.05184355147318,,0.0,0.0,0.0,627.0,40.18172436171998,optimal
2021-02-08 17:00:00,50,120,0.0,0.8514814814814814,0.0,0.5136333333333333,14.112,6.0,9,20.040619485621843,,0.0,0.0,0.0,766.3333333333333,39.813507151354194,optimal
2021-02-08 17:30:00,50,120,0.0,0.8514814814814814,0.0,0.4671666666666667,14.2485,6.0,9,20.02070916886033,,0.0,0.0,0.0,766.3333333333333,39.44565815819878,optimal
2021-02-08 18:00:00,50,120,1.0812405688746072,0.3096296296296296,0.0,1.1815,12.789,6.0,9,20.0,,3784.341991061125,0.0,0.0,278.66666666666663,39.07817701403652,optimal
2021-02-08 18:30:00,50,120,0.0,0.2322222222222222,0.0,0.432,13.0095,6.0,9,20.02432731103068,,0.0,0.0,0.0,209.0,38.71106335101842,optimal
2021-02-08 19:00:00,50,120,1.1428571428571428,2.70925925925926,0.0,0.3115333333333334,12.1275,6.0,9,20.0,,4000.0,0.0,0.0,2438.333333333333,38.34431680166335,optimal
2021-02-08 19:30:00,50,120,0.0,0.0,0.0,0.7714333333333333,12.348,6.0,9,20.02272125681311,,0.0,0.0,0.0,0.0,37.97793699885762,optimal
2021-02-08 20:00:00,50,120,0.4856568469521721,0.387037037037037,0.0,0.7427999999999999,12.348,6.0,9,20.0005748366076,,1699.7989643326025,0.0,0.0,348.3333333333333,37.6119235758547,optimal
2021-02-08 20:30:00,50,120,0.0,0.0,0.0,0.3172333333333333,25.389,6.0,9,20.0,,0.0,0.0,0.0,0.0,37.24627616627479,optimal
2021-02-08 21:00:00,50,120,0.0,0.0,0.0,0.3050666666666666,29.1375,6.0,9,19.972991352837564,,0.0,0.0,0.0,0.0,36.880994404104456,optimal
2021-02-08 21:30:00,50,120,0.0,0.0,0.0,0.4966666666666667,30.597,6.0,9,19.94537303629653,,0.0,0.0,0.0,0.0,36.51607792369629,optimal
2021-02-08 22:00:00,50,120,0.0,0.1548148148148148,0.0,0.3339,33.684,6.0,9,19.917273586956476,,0.0,0.0,0.0,139.33333333333331,36.479561845772594,optimal
2021-02-08 22:30:00,50,120,0.0,0.387037037037037,0.0,0.3003333333333333,32.445,6.0,9,19.890417354182272,,0.0,0.0,0.0,348.3333333333333,36.44308228392682,optimal
2021-02-08 23:00:00,50,120,0.0,0.0,0.0,0.1067999999999999,28.917,6.0,9,19.864064661114348,,0.0,0.0,0.0,0.0,36.406639201642896,optimal
2021-02-08 23:30:00,50,120,0.0,0.0,0.0,0.2924,15.876,6.0,9,19.82936241278492,,0.0,0.0,0.0,0.0,36.37023256244125,optimal
2021-02-09 00:00:00,50,120,1.1428571428571428,0.0,5.0,0.058,13.23,6.0,-13,19.82936241278492,,4000.0,0.0,0.0,0.0,38.70886232987881,optimal
2021-02-09 00:30:00,50,120,1.1428571428571428,0.0,0.0,0.121,13.9755,6.0,-13,19.84178845341397,,4000.0,0.0,0.0,0.0,38.670153467548936,optimal
2021-02-09 01:00:00,50,120,1.1428571428571428,0.0,0.0,0.2112666666666666,14.994,6.0,-13,19.85505647440289,,4000.0,0.0,0.0,0.0,38.631483314081386,optimal
2021-02-09 01:30:00,50,120,1.1428571428571428,0.0,5.0,0.121,13.671,6.0,-13,19.86949697836473,,4000.0,0.0,0.0,0.0,40.9678518307673,optimal
2021-02-09 02:00:00,50,120,1.1428571428571428,0.0,0.0,0.0998,15.981,6.0,-13,19.88261093731806,,4000.0,0.0,0.0,0.0,40.92688397893654,optimal
2021-02-09 02:30:00,50,120,1.1428571428571428,0.0,0.0,0.2324666666666666,15.6345,6.0,-13,19.895242375060807,,4000.0,0.0,0.0,0.0,40.8859570949576,optimal
2021-02-09 03:00:00,50,120,1.1428571428571428,0.0,0.0,0.058,16.5375,6.0,-13,19.909564089195715,,4000.0,0.0,0.0,0.0,40.84507113786265,optimal
2021-02-09 03:30:00,50,120,1.1428571428571428,0.0,0.0,0.121,14.7735,6.0,-13,19.9218311249597,,4000.0,0.0,0.0,0.0,40.80422606672479,optimal
2021-02-09 04:00:00,50,120,1.1428571428571428,0.0,0.0,0.1973333333333332,15.2145,6.0,-13,19.93503958446375,,4000.0,0.0,0.0,0.0,40.76342184065806,optimal
2021-02-09 04:30:00,50,120,1.1428571428571428,0.0,0.0,0.1176,14.553,6.0,-13,19.949350032519185,,4000.0,0.0,0.0,0.0,40.7226584188174,optimal
2021-02-09 05:00:00,50,120,1.1428571428571428,0.0,0.0,0.1656333333333333,14.3325,6.0,-13,19.9624178455003,,4000.0,0.0,0.0,0.0,40.68193576039859,optimal
2021-02-09 05:30:00,50,120,1.1428571428571428,0.0,0.0,0.1409666666666666,14.595,6.0,-13,19.975769498147255,,4000.0,0.0,0.0,0.0,40.64125382463819,optimal
2021-02-09 06:00:00,50,120,1.1428571428571428,0.387037037037037,0.0,0.1196666666666666,14.994,6.0,-13,19.98883885109572,,4000.0,0.0,0.0,348.3333333333333,40.60061257081355,optimal
2021-02-09 06:30:00,50,120,1.1428571428571428,0.6610592592592593,0.0,1.0958333333333332,14.3325,6.0,-13,20.00373847626047,,4000.0,0.0,0.0,594.9533333333334,40.56001195824274,optimal
2021-02-09 07:00:00,50,120,1.1428571428571428,0.4226444444444444,1.022237365813854,0.4209333333333332,13.8915,6.0,-13,20.021665838361606,,4000.0,0.0,0.0,380.38,41.00501469504607,optimal
2021-02-09 07:30:00,50,120,1.1428571428571428,0.8514814814814814,5.0,0.0915666666666666,13.8915,6.0,-13,20.041588450479807,,4000.0,0.0,0.0,766.3333333333333,43.33900968035103,optimal
2021-02-09 08:00:00,50,120,1.1428571428571428,0.2322222222222222,5.0,0.2787666666666666,13.4715,6.0,-13,20.057159331172382,,4000.0,0.0,0.0,209.0,45.670670670670674,optimal
2021-02-09 08:30:00,50,120,1.1428571428571428,0.0,5.0,0.0785999999999999,13.23,6.0,-13,20.076415912069866,,4000.0,0.0,0.0,0.0,48.0,optimal
2021-02-09 09:00:00,50,120,1.1428571428571428,0.0,0.0,0.1182333333333333,13.8915,6.0,-13,20.093067631121173,,4000.0,0.0,0.0,0.0,47.86949364915961,optimal
2021-02-09 09:30:00,50,120,0.0,0.2322222222222222,0.0,0.3054333333333333,26.9325,6.0,-13,20.11006937837948,,0.0,0.0,0.0,209.0,47.73911780467006,optimal
2021-02-09 10:00:00,50,120,0.0,0.0,0.0,0.1903,30.303,6.0,-13,20.07954238756505,,0.0,0.0,0.0,0.0,47.608872336025,optimal
2021-02-09 10:30:00,50,120,0.0,0.3096296296296296,0.0,0.3382666666666666,32.886,6.0,-13,20.05038873009209,,0.0,0.0,0.0,278.66666666666663,47.47875711284858,optimal
2021-02-09 11:00:00,50,120,0.0,0.093442279220709,0.0,0.3552666666666667,34.9965,6.0,-13,20.0231281639702,,0.0,84.09805129863814,0.0,0.0,47.34877200489535,optimal
2021-02-09 11:30:00,50,120,0.0,2.514069542166673,0.0,0.1971333333333333,33.327,6.0,-13,20.0,,0.0,2262.662587950006,0.0,0.0,47.21891688205006,optimal
2021-02-09 12:00:00,50,120,0.0,2.392421313141672,0.0,0.1446333333333333,31.122,6.0,-13,20.0,,0.0,2153.1791818275046,0.0,0.0,47.08919161432762,optimal
2021-02-09 12:30:00,50,120,0.613452252188337,0.0,0.0,0.1588666666666666,17.9025,6.0,-13,20.0,,2147.082882659179,0.0,0.0,0.0,46.9595960718729,optimal
2021-02-09 13:00:00,50,120,0.5953003578081995,0.0,0.0,0.1934,15.6555,6.0,-13,20.0,,2083.551252328698,0.0,0.0,0.0,46.83013012496064,optimal
2021-02-09 13:30:00,50,120,0.633453796140993,0.0,0.0,0.068,14.553,6.0,-13,20.0,,2217.088286493475,0.0,0.0,0.0,46.70079364399529,optimal
2021-02-09 14:00:00,50,120,0.6088528255573182,0.0,0.0,0.2073333333333333,14.3325,6.0,-13,20.0,,2130.984889450614,0.0,0.0,0.0,46.57158649951091,optimal
2021-02-09 14:30:00,50,120,0.6390062638901554,0.0,0.0,0.1099333333333333,13.335,6.0,-13,20.0,,2236.5219236155435,0.0,0.0,0.0,46.44250856217101,optimal
2021-02-09 15:00:00,50,120,0.9212783171084944,0.0,0.0,0.2279,12.1275,6.0,-13,20.0,,3224.4741098797303,0.0,0.0,0.0,46.31355970276845,optimal
2021-02-09 15:30:00,50,120,0.0,0.2322222222222222,0.0,1.3427,12.2955,6.0,-13,20.012646036518348,,0.0,0.0,0.0,209.0,46.18473979222529,optimal
2021-02-09 16:00:00,50,120,0.5751572053818625,0.387037037037037,0.0,0.2011333333333333,11.6865,6.0,-13,20.0,,2013.050218836519,0.0,0.0,348.3333333333333,46.05604870159267,optimal
2021-02-09 16:30:00,50,120,0.9435835904382548,0.0,0.0,0.2611,11.466,6.0,-13,20.0,,3302.542566533891,0.0,0.0,0.0,45.92748630205069,optimal
2021-02-09 17:00:00,50,120,1.1428571428571428,1.1611111111111108,0.0,0.151,10.8045,6.0,-13,20.015410968086467,,4000.0,0.0,0.0,1044.9999999999998,45.79905246490825,optimal
2021-02-09 17:30:00,50,120,1.1428571428571428,0.0,0.0,0.2522666666666667,10.584,6.0,-13,20.038460963919032,,4000.0,0.0,0.0,0.0,45.67074706160295,optimal
2021-02-09 18:00:00,50,120,1.1428571428571428,0.0774074074074074,0.0,0.2283333333333332,11.2455,6.0,-13,20.061629633149906,,4000.0,0.0,0.0,69.66666666666666,45.54256996370096,optimal
2021-02-09 18:30:00,50,120,0.0,0.0,0.0,0.2841,12.1275,6.0,-13,20.081132449939947,,0.0,0.0,0.0,0.0,45.41452104289687,optimal
2021-02-09 19:00:00,50,120,0.0,0.0,0.0,0.2578666666666667,11.823,6.0,-13,20.05390456720261,,0.0,0.0,0.0,0.0,45.28660017101358,optimal
2021-02-09 19:30:00,50,120,0.0,0.3096296296296296,0.0,0.4390666666666666,11.7705,6.0,-13,20.025990430148944,,0.0,0.0,0.0,278.66666666666663,45.15880722000218,optimal
2021-02-09 20:00:00,50,120,0.6043488912419283,0.2322222222222222,0.0,0.3902333333333333,11.13,6.0,-13,20.0,,2115.221119346749,0.0,0.0,209.0,45.113648412782176,optimal
2021-02-09 20:30:00,50,120,0.0,0.387037037037037,0.0,0.5034,11.6865,6.0,-13,20.0,,0.0,0.0,0.0,348.3333333333333,45.0685347643694,optimal
2021-02-09 21:00:00,50,120,0.0,0.0,0.0,0.3751666666666667,10.7205,6.0,-13,19.977645458799245,,0.0,0.0,0.0,0.0,45.02346622960503,optimal
2021-02-09 21:30:00,50,120,0.0,0.0,0.0,0.5846666666666667,11.424,6.0,-13,19.95212509927108,,0.0,0.0,0.0,0.0,44.97844276337542,optimal
2021-02-09 22:00:00,50,120,0.0,0.2322222222222222,0.0,0.2763333333333333,10.689,6.0,-13,19.929747033832367,,0.0,0.0,0.0,209.0,44.933464320612046,optimal
2021-02-09 22:30:00,50,120,0.0,0.0,0.0,0.068,11.361,6.0,-13,19.8999551234508,,0.0,0.0,0.0,0.0,44.88853085629143,optimal
2021-02-09 23:00:00,50,120,0.0,0.0,0.0,0.2212666666666666,11.571,6.0,-13,19.86361096481847,,0.0,0.0,0.0,0.0,44.84364232543514,optimal
2021-02-09 23:30:00,50,120,0.0,0.0,0.0,0.0676666666666666,14.3745,6.0,-13,19.82930513604732,,0.0,0.0,0.0,0.0,44.79879868310971,optimal
2021-02-10 00:00:00,50,120,1.1428571428571428,0.0,0.0,0.053,11.508,6.0,-5,19.82930513604732,,4000.0,0.0,0.0,0.0,44.7539998844266,optimal
2021-02-10 00:30:00,50,120,1.1428571428571428,0.0,0.0,0.063,11.508,6.0,-5,19.841197117180336,,4000.0,0.0,0.0,0.0,44.70924588454217,optimal
2021-02-10 01:00:00,50,120,1.1428571428571428,0.0,5.0,0.1423333333333333,10.4475,6.0,-5,19.85307436526198,,4000.0,0.0,0.0,0.0,47.03953663865763,optimal
2021-02-10 01:30:00,50,120,1.1428571428571428,0.0,0.0,0.046,10.8675,6.0,-5,19.86569627556275,,4000.0,0.0,0.0,0.0,46.99249710201897,optimal
2021-02-10 02:00:00,50,120,1.1428571428571428,0.0,3.338267729001305,0.046,10.542,6.0,-5,19.87692134011568,,4000.0,0.0,0.0,0.0,48.53118177619257,optimal
2021-02-10 02:30:00,50,120,1.1428571428571428,0.0,0.0,0.0856666666666666,11.025,6.0,-5,19.88792589398637,,4000.0,0.0,0.0,0.0,48.48265059441637,optimal
2021-02-10 03:00:00,50,120,1.1428571428571428,0.0,0.0,0.1196666666666666,11.025,6.0,-5,19.89939186358536,,4000.0,0.0,0.0,0.0,48.434167943821954,optimal
2021-02-10 03:30:00,50,120,1.1428571428571428,0.0,0.0,0.046,14.553,6.0,-5,19.91124930084865,,4000.0,0.0,0.0,0.0,48.38573377587813,optimal
2021-02-10 04:00:00,50,120,1.1428571428571428,0.0,0.0,0.1026666666666666,13.0935,6.0,-5,19.92218579737929,,4000.0,0.0,0.0,0.0,48.33734804210225,optimal
2021-02-10 04:30:00,50,120,1.1428571428571428,0.0,0.0,0.1026666666666666,15.6345,6.0,-5,19.933790944401075,,4000.0,0.0,0.0,0.0,48.28901069406015,optimal
2021-02-10 05:00:00,50,120,1.1428571428571428,0.0,0.0,0.046,18.102,6.0,-5,19.945174827203243,,4000.0,0.0,0.0,0.0,48.24072168336608,optimal
2021-02-10 05:30:00,50,120,1.1428571428571428,0.0,0.0,0.046,17.199,6.0,-5,19.955647551673007,,4000.0,0.0,0.0,0.0,48.19248096168271,optimal
2021-02-10 06:00:00,50,120,0.5116926865389597,2.4770370370370367,0.0,0.3716333333333333,18.2805,6.0,-5,19.965901257022043,,1790.9244028863588,0.0,0.0,2229.333333333333,48.144288480721016,optimal
2021-02-10 06:30:00,50,120,1.1428571428571428,2.4600074074074074,0.0,0.0503333333333333,17.4615,6.0,-5,19.954242357930774,,4000.0,0.0,0.0,2214.0066666666667,48.096144192240295,optimal
2021-02-10 07:00:00,50,120,1.1428571428571428,0.0170296296296296,0.0,0.1346,18.3225,6.0,-5,19.967030024179323,,4000.0,0.0,0.0,15.32666666666668,48.048048048048045,optimal
2021-02-10 07:30:00,50,120,1.1428571428571428,2.322222222222221,0.0,0.1133333333333333,17.094,6.0,-5,19.983622647126243,,4000.0,0.0,0.0,2089.9999999999995,48.0,optimal
2021-02-10 08:00:00,50,120,1.1428571428571428,0.0,0.0,1.1502333333333332,17.094,6.0,-5,20.0,,4000.0,0.0,0.0,0.0,47.83455364200076,optimal
2021-02-10 08:30:00,50,120,1.1428571428571428,0.5418518518518518,0.0,1.2681666666666669,17.094,6.0,-5,20.015498836408145,,4000.0,0.0,0.0,487.6666666666667,47.66927273035953,optimal
2021-02-10 09:00:00,50,120,1.1428571428571428,0.1548148148148148,0.0,0.1742666666666666,17.3565,6.0,-5,20.032457026315,,4000.0,0.0,0.0,139.33333333333331,47.504157099629936,optimal
2021-02-10 09:30:00,50,120,1.1428571428571428,0.0774074074074074,0.0,0.145,17.115,6.0,-5,20.05116806928105,,4000.0,0.0,0.0,69.66666666666666,47.33920658453107,optimal
2021-02-10 10:00:00,50,120,1.1428571428571428,0.0,0.0,0.068,17.241,6.0,-5,20.06887288832446,,4000.0,0.0,0.0,0.0,47.1744210199473,optimal
2021-02-10 10:30:00,50,120,1.1428571428571428,0.0,0.0,0.0826666666666666,17.094,6.0,-5,20.087676198180382,,4000.0,0.0,0.0,0.0,47.00980024092812,optimal
2021-02-10 11:00:00,50,120,1.1428571428571428,0.0,0.0,0.1466666666666666,16.5165,6.0,-5,20.10396203946539,,4000.0,0.0,0.0,0.0,46.84534408268796,optimal
2021-02-10 11:30:00,50,120,1.1428571428571428,0.0,0.0,0.056,17.8185,6.0,-5,20.122633688363766,,4000.0,0.0,0.0,0.0,46.68105238060603,optimal
2021-02-10 12:00:00,50,120,1.1428571428571428,0.1548148148148148,0.0,0.0688,17.094,6.0,-5,20.1403620433778,,4000.0,0.0,0.0,139.33333333333331,46.51692497022619,optimal
2021-02-10 12:30:00,50,120,1.1428571428571428,0.0,0.0,0.3233999999999999,16.8945,6.0,-5,20.16261005906801,,4000.0,0.0,0.0,0.0,46.35296168725673,optimal
2021-02-10 13:00:00,50,120,0.5019278119508963,0.2322222222222222,0.0,1.22,18.123,6.0,-5,20.191168276897088,,1756.747341828137,0.0,0.0,209.0,46.18916236757024,optimal
2021-02-10 13:30:00,50,120,0.0,0.1548148148148148,0.0,0.3101666666666667,31.647,6.0,-5,20.204523715244928,,0.0,0.0,0.0,139.33333333333331,46.02552684720344,optimal
2021-02-10 14:00:00,50,120,0.0,0.0,0.0,0.483,34.9965,6.0,-5,20.18462883639288,,0.0,0.0,0.0,0.0,45.862054962357,optimal
2021-02-10 14:30:00,50,120,0.0,0.1548148148148148,0.0,0.07,34.9965,6.0,-5,20.16541058213367,,0.0,0.0,0.0,139.33333333333331,45.69874654939541,optimal
2021-02-10 15:00:00,50,120,0.0,0.0,0.0,0.1716,34.9965,6.0,-5,20.142883289861494,,0.0,0.0,0.0,0.0,45.535601444846776,optimal
2021-02-10 15:30:00,50,120,0.0,0.2322222222222222,0.0,0.054,34.9965,6.0,-5,20.122574581221663,,0.0,0.0,0.0,209.0,45.37261948540269,optimal
2021-02-10 16:00:00,50,120,0.0,0.0,0.0,0.1673333333333333,34.9965,6.0,-5,20.10147999266318,,0.0,0.0,0.0,0.0,45.20980050791805,optimal
2021-02-10 16:30:00,50,120,0.0,0.0,0.0,0.0678666666666666,27.741,6.0,-5,20.076737495011773,,0.0,0.0,0.0,0.0,45.0471443494109,optimal
2021-02-10 17:00:00,50,120,0.0,0.0,0.0,0.07,19.026,6.0,-5,20.050725334962568,,0.0,0.0,0.0,0.0,44.884650847062254,optimal
2021-02-10 17:30:00,50,120,0.0,0.2322222222222222,0.0,0.2495,18.7215,6.0,-5,20.02368371029753,,0.0,0.0,0.0,209.0,44.72231983821596,optimal
2021-02-10 18:00:00,50,120,0.5389647593342062,0.0,0.0,0.3098666666666667,17.4195,6.0,-5,20.0,,1886.3766576697212,0.0,0.0,0.0,44.56015116037851,optimal
2021-02-10 18:30:00,50,120,0.5946494088541121,0.1548148148148148,0.0,0.3073333333333333,16.758,6.0,-5,20.0,,2081.2729309893925,0.0,0.0,139.33333333333331,44.3981446512189,optimal
2021-02-10 19:00:00,50,120,0.7120864393264549,0.0774074074074074,0.0,0.1823333333333333,14.217,6.0,-5,20.0,,2492.302537642592,0.0,0.0,69.66666666666666,44.236300148568446,optimal
2021-02-10 19:30:00,50,120,0.7653964881335802,0.1548148148148148,0.0,0.2172666666666667,13.3665,6.0,-5,20.0,,2678.8877084675305,0.0,0.0,139.33333333333331,44.07461749042064,optimal
2021-02-10 20:00:00,50,120,0.9489922512263514,0.0,0.0,0.0843333333333333,12.789,6.0,-5,20.0,,3321.47287929223,0.0,0.0,0.0,43.91309651493098,optimal
2021-02-10 20:30:00,50,120,0.0,0.0,0.0,0.1353333333333333,11.907,6.0,-5,20.0,,0.0,0.0,0.0,0.0,43.75173706041682,optimal
2021-02-10 21:00:00,50,120,0.0,0.0,0.0,0.09,11.7075,6.0,-5,19.960058848718628,,0.0,0.0,0.0,0.0,43.59053896535717,optimal
2021-02-10 21:30:00,50,120,0.0,0.0,0.0,0.056,10.8045,6.0,-5,19.919545488910952,,0.0,0.0,0.0,0.0,43.42950206839258,optimal
2021-02-10 22:00:00,50,120,0.0,0.3096296296296296,0.0,0.1196666666666666,11.508,6.0,-5,19.87582353356705,,0.0,0.0,0.0,278.66666666666663,43.38607256632419,optimal
2021-02-10 22:30:00,50,120,0.0,2.5544444444444445,0.0,0.1256666666666666,11.508,6.0,-5,19.8382326431555,,0.0,0.0,0.0,2299.0,43.34268649375787,optimal
2021-02-10 23:00:00,50,120,0.0,0.3096296296296296,0.0,0.0917333333333333,11.508,6.0,-5,19.80072255087292,,0.0,0.0,0.0,278.66666666666663,43.29934380726411,optimal
2021-02-10 23:30:00,50,120,0.0,0.0,0.0,0.5026333333333334,11.844,6.0,-5,19.762454139161537,,0.0,0.0,0.0,0.0,43.256044463456846,optimal
2021-02-11 00:00:00,50,120,1.1428571428571428,0.0,0.0,0.065,17.64,6.0,-13,19.762454139161537,,4000.0,0.0,0.0,0.0,43.21278841899339,optimal
2021-02-11 00:30:00,50,120,1.1428571428571428,0.0,0.0,0.065,19.1625,6.0,-13,19.767586656704463,,4000.0,0.0,0.0,0.0,43.1695756305744,optimal
2021-02-11 01:00:00,50,120,0.0,0.0,0.0,0.2270666666666666,26.46,6.0,-13,19.772907254994863,,0.0,0.0,0.0,0.0,43.12640605494383,optimal
2021-02-11 01:30:00,50,120,1.1428571428571428,0.0,0.0,0.065,20.79,6.0,-13,19.731660539992223,,4000.0,0.0,0.0,0.0,43.08327964888888,optimal
2021-02-11 02:00:00,50,120,0.0,0.0,0.0,0.1460333333333333,29.106,6.0,-13,19.737250620353503,,0.0,0.0,0.0,0.0,43.04019636923999,optimal
2021-02-11 02:30:00,50,120,1.1428571428571428,0.0,0.0,0.1460333333333333,19.1835,6.0,-13,19.695087420990767,,4000.0,0.0,0.0,0.0,42.99715617287075,optimal
2021-02-11 03:00:00,50,120,1.1428571428571428,0.0,0.0,0.065,19.6665,6.0,-13,19.70153892945306,,4000.0,0.0,0.0,0.0,42.95415901669788,optimal
2021-02-11 03:30:00,50,120,1.1428571428571428,0.0,0.0,0.2123333333333333,19.404,6.0,-13,19.70679221522845,,4000.0,0.0,0.0,0.0,42.911204857681184,optimal
2021-02-11 04:00:00,50,120,1.1428571428571428,0.0,0.0,0.0797333333333333,19.047,6.0,-13,19.714325591985716,,4000.0,0.0,0.0,0.0,42.8682936528235,optimal
2021-02-11 04:30:00,50,120,1.1428571428571428,0.0,0.0,0.0790333333333333,18.858,6.0,-13,19.7207242953531,,4000.0,0.0,0.0,0.0,42.82542535917068,optimal
2021-02-11 05:00:00,50,120,1.1428571428571428,0.0,0.0,0.2230333333333333,19.2675,6.0,-13,19.72702056962704,,4000.0,0.0,0.0,0.0,42.78259993381151,optimal
2021-02-11 05:30:00,50,120,1.1428571428571428,0.0,0.0,0.065,18.963,6.0,-13,19.73509922637725,,4000.0,0.0,0.0,0.0,42.7398173338777,optimal
2021-02-11 06:00:00,50,120,1.1428571428571428,0.0,0.0,0.1895333333333333,18.438,6.0,-13,19.74177289890036,,4000.0,0.0,0.0,0.0,42.69707751654383,optimal
2021-02-11 06:30:00,50,120,1.1428571428571428,0.0,0.0,0.1192,18.7425,6.0,-13,19.75036487335216,,4000.0,0.0,0.0,0.0,42.654380439027285,optimal
2021-02-11 07:00:00,50,120,1.1428571428571428,0.0,5.0,0.075,15.2145,6.0,-13,19.75853802177194,,4000.0,0.0,0.0,0.0,44.98672605858826,optimal
2021-02-11 07:30:00,50,120,1.1428571428571428,20.53524706848014,0.0,0.075,17.7765,6.0,-13,19.7666521475558,,4000.0,18481.722361632124,0.0,0.0,44.94173933252967,optimal
2021-02-11 08:00:00,50,120,1.1428571428571428,0.0,0.0,0.1299333333333333,16.758,6.0,-13,20.0,,4000.0,0.0,0.0,0.0,44.89679759319714,optimal
2021-02-11 08:30:00,50,120,1.1428571428571428,0.0,5.0,0.1681333333333333,16.422,6.0,-13,20.008648556474604,,4000.0,0.0,0.0,0.0,47.226900795603946,optimal
2021-02-11 09:00:00,50,120,1.1428571428571428,0.3096296296296296,2.0307675492898625,0.4896999999999999,16.758,6.0,-13,20.01752104178388,,4000.0,0.0,0.0,278.66666666666663,48.144288480721016,optimal
2021-02-11 09:30:00,50,120,0.0,0.5418518518518518,0.0,1.4474,29.358,6.0,-13,20.032296328024096,,0.0,0.0,0.0,487.6666666666667,48.096144192240295,optimal
2021-02-11 10:00:00,50,120,0.0,1.643476507254091,0.0,0.5590666666666667,34.9965,6.0,-13,20.00519380543269,,0.0,1061.1288565286816,0.0,418.0,48.048048048048045,optimal
2021-02-11 10:30:00,50,120,0.0,2.1573038627967547,0.0,0.4797333333333333,34.65,6.0,-13,20.0,,0.0,1871.9068098504129,0.0,69.66666666666666,48.0,optimal
2021-02-11 11:00:00,50,120,0.0,4.350046290992934,0.0,0.4636333333333333,34.9965,6.0,-13,20.0,,0.0,1894.708328560308,0.0,2020.3333333333333,47.83910276267597,optimal
2021-02-11 11:30:00,50,120,0.0,1.770651277132509,0.0,1.0593666666666666,34.9965,6.0,-13,20.0,,0.0,1593.5861494192582,0.0,0.0,47.67836642258926,optimal
2021-02-11 12:00:00,50,120,0.0,1.5169980208488216,0.0,1.348766666666667,30.4815,6.0,-13,20.0,,0.0,1086.6315520972728,0.0,278.66666666666663,47.51779081884264,optimal
2021-02-11 12:30:00,50,120,0.3189895546531404,0.3096296296296296,0.0,0.4526666666666666,21.4305,6.0,-13,20.0,,1116.4634412859914,0.0,0.0,278.66666666666663,47.35737579069976,optimal
2021-02-11 13:00:00,50,120,0.1131651131458094,0.6966666666666667,0.0,1.935233333333333,14.3325,6.0,-13,20.0,,396.0778960103331,0.0,0.0,627.0,47.19712117758502,optimal
2021-02-11 13:30:00,50,120,0.7745721810916084,0.387037037037037,0.0,0.4620666666666667,13.692,6.0,-13,20.0,,2711.0026338206294,0.0,0.0,348.3333333333333,47.0370268190834,optimal
2021-02-11 14:00:00,50,120,0.0,0.6192592592592592,0.0,0.3347333333333332,14.007,6.0,-13,20.01685238935471,,0.0,0.0,0.0,557.3333333333333,46.87709255494028,optimal
2021-02-11 14:30:00,50,120,0.3664101359818373,0.0,0.0,0.5138666666666667,12.873,6.0,-13,20.0,,1282.4354759364307,0.0,0.0,0.0,46.717318225061305,optimal
2021-02-11 15:00:00,50,120,0.4145482420706979,0.0,0.0,0.5694,12.684,6.0,-13,20.0,,1450.9188472474425,0.0,0.0,0.0,46.55770366951221,optimal
2021-02-11 15:30:00,50,120,0.5236963713451648,0.2322222222222222,0.0,0.2064666666666666,12.306,6.0,-13,20.0,,1832.937299708077,0.0,0.0,209.0,46.39824872851866,optimal
2021-02-11 16:00:00,50,120,1.1428571428571428,0.0,0.0,0.3438,10.6365,6.0,-13,20.0,,4000.0,0.0,0.0,0.0,46.2389532424661,optimal
2021-02-11 16:30:00,50,120,0.5154134943390641,0.1548148148148148,0.0,0.2928,11.2455,6.0,-13,20.023113423767967,,1803.9472301867247,0.0,0.0,139.33333333333331,46.0798170518996,optimal
2021-02-11 17:00:00,50,120,1.1428571428571428,0.0774074074074074,0.0,0.3030666666666666,11.2455,6.0,-13,20.01869863947687,,4000.0,0.0,0.0,69.66666666666666,45.92083999752367,optimal
2021-02-11 17:30:00,50,120,1.1428571428571428,0.1548148148148148,0.0,1.5681333333333334,11.025,6.0,-13,20.03618485031654,,4000.0,0.0,0.0,139.33333333333331,45.76202192020212,optimal
2021-02-11 18:00:00,50,120,0.0,0.5418518518518518,0.0,0.6424333333333333,12.0855,6.0,-13,20.05801887011229,,0.0,0.0,0.0,487.6666666666667,45.60336266095788,optimal
2021-02-11 18:30:00,50,120,0.0,0.4644444444444444,0.0,1.6667333333333332,11.6865,6.0,-13,20.027460103483666,,0.0,0.0,0.0,418.0,45.55775929829692,optimal
2021-02-11 19:00:00,50,120,0.7726450907083225,1.6255555555555554,0.0,0.5106,11.2245,6.0,-13,20.0,,2704.257817479129,0.0,0.0,1463.0,45.51220153899863,optimal
2021-02-11 19:30:00,50,120,0.8354429611767688,2.012592592592592,0.0,0.3467333333333333,11.025,6.0,-13,20.0,,2924.0503641186906,0.0,0.0,1811.333333333333,45.46668933745963,optimal
2021-02-11 20:00:00,50,120,0.8479932125975964,0.1548148148148148,0.0,0.4368666666666667,10.7835,6.0,-13,20.0,,2967.9762440915874,0.0,0.0,139.33333333333331,45.42122264812217,optimal
2021-02-11 20:30:00,50,120,0.0,0.3096296296296296,0.0,0.2711,11.025,6.0,-13,20.0,,0.0,0.0,0.0,278.66666666666663,45.375801425474044,optimal
2021-02-11 21:00:00,50,120,0.0,0.1548148148148148,0.0,1.4929333333333334,10.584,6.0,-13,19.96213278387766,,0.0,0.0,0.0,139.33333333333331,45.33042562404857,optimal
2021-02-11 21:30:00,50,120,0.0,0.0,0.0,1.5903666666666665,11.025,6.0,-13,19.933796463836952,,0.0,0.0,0.0,0.0,45.28509519842452,optimal
2021-02-11 22:00:00,50,120,0.0,0.0,0.0,0.3548,10.4265,6.0,-13,19.90330505533571,,0.0,0.0,0.0,0.0,45.2398101032261,optimal
2021-02-11 22:30:00,50,120,0.0,0.2322222222222222,0.0,0.2081666666666666,12.789,6.0,-13,19.86306157669861,,0.0,0.0,0.0,209.0,45.19457029312287,optimal
2021-02-11 23:00:00,50,120,0.0,0.0,0.0,0.3424,12.684,6.0,-13,19.82102069290336,,0.0,0.0,0.0,0.0,45.14937572282975,optimal
2021-02-11 23:30:00,50,120,0.0,0.2322222222222222,0.0,0.189,16.254,6.0,-13,19.7803913043536,,0.0,0.0,0.0,209.0,45.10422634710692,optimal
2021-02-12 00:00:00,50,120,0.0,0.0,0.0,0.1460666666666666,29.1585,6.0,12,19.7803913043536,,0.0,0.0,0.0,0.0,45.05912212075982,optimal
2021-02-12 00:30:00,50,120,0.0,0.0,0.0,0.056,26.712,6.0,12,19.73035458670471,,0.0,0.0,0.0,0.0,45.014062998639055,optimal
2021-02-12 01:00:00,50,120,1.1428571428571428,0.0,0.0,0.1331999999999999,15.435,6.0,12,19.67931984694707,,4000.0,0.0,0.0,0.0,44.969048935640416,optimal
2021-02-12 01:30:00,50,120,1.1428571428571428,0.0,0.0,0.2574666666666666,13.566,6.0,12,19.678056136584427,,4000.0,0.0,0.0,0.0,44.92407988670477,optimal
2021-02-12 02:00:00,50,120,1.1428571428571428,0.0,0.0,0.091,12.789,6.0,12,19.67850704707847,,4000.0,0.0,0.0,0.0,44.87915580681807,optimal
2021-02-12 02:30:00,50,120,1.1428571428571428,0.0,0.0,0.1576666666666666,12.1275,6.0,12,19.677127365830643,,4000.0,0.0,0.0,0.0,44.83427665101125,optimal
2021-02-12 03:00:00,50,120,1.1428571428571428,0.0,0.0,0.184,13.671,6.0,12,19.677157344961323,,4000.0,0.0,0.0,0.0,44.78944237436024,optimal
2021-02-12 03:30:00,50,120,1.1428571428571428,0.0,0.0,0.2532666666666667,10.668,6.0,12,19.678102835219946,,4000.0,0.0,0.0,0.0,44.74465293198588,optimal
2021-02-12 04:00:00,50,120,1.1428571428571428,0.0,0.0,0.1024,11.7285,6.0,12,19.68127807529533,,4000.0,0.0,0.0,0.0,44.69990827905389,optimal
2021-02-12 04:30:00,50,120,1.1428571428571428,0.0,0.0,0.2486,11.025,6.0,12,19.68399690474541,,4000.0,0.0,0.0,0.0,44.65520837077484,optimal
2021-02-12 05:00:00,50,120,1.1428571428571428,0.0,0.0,0.1074666666666666,10.689,6.0,12,19.689879196528285,,4000.0,0.0,0.0,0.0,44.61055316240406,optimal
2021-02-12 05:30:00,50,120,1.1428571428571428,0.0,5.0,0.114,8.1585,6.0,12,19.69541828559309,,4000.0,0.0,0.0,0.0,46.94094260924165,optimal
2021-02-12 06:00:00,50,120,1.1428571428571428,0.0,0.0,0.0740333333333333,10.3635,6.0,12,19.70261203466382,,4000.0,0.0,0.0,0.0,46.89400166663241,optimal
2021-02-12 06:30:00,50,120,1.1428571428571428,0.0,0.0,0.3175666666666666,10.8045,6.0,12,19.71089068431281,,4000.0,0.0,0.0,0.0,46.84710766496578,optimal
2021-02-12 07:00:00,50,120,1.1428571428571428,0.2322222222222222,0.0,0.1122666666666666,11.025,6.0,12,19.7223179839591,,4000.0,0.0,0.0,209.0,46.80026055730082,optimal
2021-02-12 07:30:00,50,120,1.1428571428571428,26.39520893690558,0.0,0.1647333333333333,10.3635,6.0,12,19.73348028980484,,4000.0,20969.021376548357,0.0,2786.6666666666665,46.75346029674352,optimal
2021-02-12 08:00:00,50,120,1.1428571428571428,0.4644444444444444,0.0,0.1844,10.8045,6.0,12,20.0,,4000.0,0.0,0.0,418.0,46.70670683644678,optimal
2021-02-12 08:30:00,50,120,1.1428571428571428,0.0774074074074074,2.821052358715092,0.3656999999999999,10.059,6.0,12,20.010066311347504,,4000.0,0.0,0.0,69.66666666666666,48.0,optimal
2021-02-12 09:00:00,50,120,1.1428571428571428,0.1548148148148148,0.0,0.1540666666666666,10.584,6.0,12,20.02270488790001,,4000.0,0.0,0.0,139.33333333333331,47.83167285205855,optimal
2021-02-12 09:30:00,50,120,1.1428571428571428,0.0,0.0,0.218,9.4185,6.0,12,20.03325611210633,,4000.0,0.0,0.0,0.0,47.66351403126505,optimal
2021-02-12 10:00:00,50,120,1.1428571428571428,0.2322222222222222,0.0,1.7008333333333332,10.3635,6.0,12,20.04831389844154,,4000.0,0.0,0.0,209.0,47.49552336929234,optimal
2021-02-12 10:30:00,50,120,1.1428571428571428,0.0,0.0,0.3850666666666666,9.8385,6.0,12,20.074925537689587,,4000.0,0.0,0.0,0.0,47.327700697981605,optimal
2021-02-12 11:00:00,50,120,1.1428571428571428,0.0,0.0,0.1708,11.067,6.0,12,20.098972535547603,,4000.0,0.0,0.0,0.0,47.160045849342175,optimal
2021-02-12 11:30:00,50,120,1.1428571428571428,0.0,0.0,0.2946,10.8465,6.0,12,20.11946951594441,,4000.0,0.0,0.0,0.0,46.992558655551385,optimal
2021-02-12 12:00:00,50,120,0.0,0.0774074074074074,0.0,1.8192333333333328,13.671,6.0,12,20.1414181607039,,0.0,0.0,0.0,69.66666666666666,46.82523894895439,optimal
2021-02-12 12:30:00,50,120,1.1428571428571428,0.0,0.0,2.7796,12.348,6.0,12,20.121210527753995,,4000.0,0.0,0.0,0.0,46.65808656206399,optimal
2021-02-12 13:00:00,50,120,0.0,0.0,0.0,1.1498,14.3325,6.0,12,20.15333530502601,,0.0,0.0,0.0,0.0,46.49110132756048,optimal
2021-02-12 13:30:00,50,120,0.0,0.0,0.0,0.0928666666666666,15.393,6.0,12,20.12936230815478,,0.0,0.0,0.0,0.0,46.32428307829147,optimal
2021-02-12 14:00:00,50,120,0.4302134163434674,0.0,0.0,0.2756,13.587,6.0,12,20.102104634567088,,1505.7469572021355,0.0,0.0,0.0,46.157631647271735,optimal
2021-02-12 14:30:00,50,120,0.0,0.0,0.0,0.1560666666666666,16.1385,6.0,12,20.09446454234058,,0.0,0.0,0.0,0.0,45.99114686768302,optimal
2021-02-12 15:00:00,50,120,0.0,0.0,0.0,0.1349333333333333,14.595,6.0,12,20.0668416184476,,0.0,0.0,0.0,0.0,45.82482857287389,optimal
2021-02-12 15:30:00,50,120,0.0,0.0,0.0,0.2137,14.637,6.0,12,20.039019385929084,,0.0,0.0,0.0,0.0,45.65867659635957,optimal
2021-02-12 16:00:00,50,120,0.0,0.6192592592592592,0.0,0.4935,13.9125,6.0,12,20.01723736270973,,0.0,0.0,0.0,557.3333333333333,45.49269077182176,optimal
2021-02-12 16:30:00,50,120,0.6311516001702148,0.0,0.0,0.4925,13.3665,6.0,12,20.0,,2209.030600595752,0.0,0.0,0.0,45.326870933108495,optimal
2021-02-12 17:00:00,50,120,1.1428571428571428,0.0,0.0,2.445833333333333,13.0095,6.0,12,20.00406972147092,,4000.0,0.0,0.0,0.0,45.16121691423394,optimal
2021-02-12 17:30:00,50,120,0.0,0.2322222222222222,0.0,1.7578666666666665,13.8915,6.0,12,20.02666039445089,,0.0,0.0,0.0,209.0,44.99572854937826,optimal
2021-02-12 18:00:00,50,120,0.7031643245654854,0.2322222222222222,0.0,0.4462666666666666,13.188,6.0,12,20.0,,2461.075135979199,0.0,0.0,209.0,44.83040567288744,optimal
2021-02-12 18:30:00,50,120,0.6412358581364769,0.0,0.0,0.8906666666666666,12.5685,6.0,12,20.0,,2244.325503477669,0.0,0.0,0.0,44.6652481192731,optimal
2021-02-12 19:00:00,50,120,0.578631201231231,0.0,0.0,1.7753666666666663,12.285,6.0,12,20.0,,2025.2092043093085,0.0,0.0,0.0,44.50025572321238,optimal
2021-02-12 19:30:00,50,120,1.1428571428571428,0.0,0.0,1.3279,11.487,6.0,12,20.0,,4000.0,0.0,0.0,0.0,44.33542831954773,optimal
2021-02-12 20:00:00,50,120,0.1790780674369129,0.0,0.0,0.2826333333333333,11.802,6.0,12,20.022485398324,,626.7732360291951,0.0,0.0,0.0,44.17076574328673,optimal
2021-02-12 20:30:00,50,120,0.0,0.3096296296296296,0.0,0.3852333333333333,11.2245,6.0,12,20.0,,0.0,0.0,0.0,278.66666666666663,44.12659497754344,optimal
2021-02-12 21:00:00,50,120,0.0,0.2322222222222222,0.0,0.3053666666666667,11.025,6.0,12,19.97178940735352,,0.0,0.0,0.0,209.0,44.0824683825659,optimal
2021-02-12 21:30:00,50,120,0.0,0.4644444444444444,0.0,0.458,11.907,6.0,12,19.942837477400587,,0.0,0.0,0.0,418.0,44.03838591418334,optimal
2021-02-12 22:00:00,50,120,0.0,0.1548148148148148,0.0,0.377,25.83,6.0,12,19.91467555645975,,0.0,0.0,0.0,139.33333333333331,43.99434752826915,optimal
2021-02-12 22:30:00,50,120,0.0,0.0,0.0,0.4894666666666666,28.035,6.0,12,19.88600871951561,,0.0,0.0,0.0,0.0,43.95035318074088,optimal
2021-02-12 23:00:00,50,120,0.0,0.1548148148148148,0.0,0.4353333333333333,28.119,6.0,12,19.85806630878673,,0.0,0.0,0.0,139.33333333333331,43.90640282756014,optimal
2021-02-12 23:30:00,50,120,0.0,0.0,0.0,0.3888666666666667,30.156,6.0,12,19.82961159844912,,0.0,0.0,0.0,0.0,43.86249642473258,optimal
2021-02-13 00:00:00,50,120,1.1428571428571428,0.0,5.0,0.039,10.143,6.0,-16,19.82961159844912,,4000.0,0.0,0.0,0.0,46.193633928307854,optimal
2021-02-13 00:30:00,50,120,1.1428571428571428,0.0,0.0,0.039,13.0095,6.0,-16,19.84103859961501,,4000.0,0.0,0.0,0.0,46.14744029437954,optimal
2021-02-13 01:00:00,50,120,1.1428571428571428,0.0,0.0,0.039,11.025,6.0,-16,19.85254207417584,,4000.0,0.0,0.0,0.0,46.101292854085166,optimal
2021-02-13 01:30:00,50,120,1.1428571428571428,0.0,0.0,0.039,12.789,6.0,-16,19.8641218705183,,4000.0,0.0,0.0,0.0,46.05519156123109,optimal
2021-02-13 02:00:00,50,120,1.1428571428571428,0.0,0.0,0.039,12.1275,6.0,-16,19.87577783732965,,4000.0,0.0,0.0,0.0,46.009136369669854,optimal
2021-02-13 02:30:00,50,120,1.1428571428571428,0.0,0.0,0.039,12.1695,6.0,-16,19.88750982359716,,4000.0,0.0,0.0,0.0,45.963127233300185,optimal
2021-02-13 03:00:00,50,120,1.1428571428571428,0.0,0.0,0.039,12.306,6.0,-16,19.899218550464404,,4000.0,0.0,0.0,0.0,45.917164106066885,optimal
2021-02-13 03:30:00,50,120,1.1428571428571428,0.0,0.0,0.039,13.23,6.0,-16,19.910904064044608,,4000.0,0.0,0.0,0.0,45.87124694196082,optimal
2021-02-13 04:00:00,50,120,1.1428571428571428,0.0,0.0,0.039,13.671,6.0,-16,19.922467282216505,,4000.0,0.0,0.0,0.0,45.825375695018856,optimal
2021-02-13 04:30:00,50,120,1.1428571428571428,0.0,0.0,0.039,13.9335,6.0,-16,19.93390844743843,,4000.0,0.0,0.0,0.0,45.77955031932384,optimal
2021-02-13 05:00:00,50,120,1.1428571428571428,0.0,0.0,0.039,13.293,6.0,-16,19.94512867354496,,4000.0,0.0,0.0,0.0,45.73377076900452,optimal
2021-02-13 05:30:00,50,120,1.1428571428571428,0.0,0.0,0.039,12.1065,6.0,-16,19.956128398561773,,4000.0,0.0,0.0,0.0,45.68803699823551,optimal
2021-02-13 06:00:00,50,120,1.1428571428571428,0.0,0.0,0.039,11.571,6.0,-16,19.96690805964615,,4000.0,0.0,0.0,0.0,45.64234896123728,optimal
2021-02-13 06:30:00,50,120,1.1428571428571428,0.0,0.3583252443528588,0.039,11.025,6.0,-16,19.97746809308867,,4000.0,0.0,0.0,0.0,45.76691110334364,optimal
2021-02-13 07:00:00,50,120,1.1428571428571428,0.0,5.0,0.039,10.8465,6.0,-16,19.987908062458004,,4000.0,0.0,0.0,0.0,48.096144192240295,optimal
2021-02-13 07:30:00,50,120,1.1428571428571428,0.0,0.0,0.039,11.2455,6.0,-16,19.998228205788724,,4000.0,0.0,0.0,0.0,48.048048048048045,optimal
2021-02-13 08:00:00,50,120,0.0,2.6344073158285983,0.0,0.038,23.8665,6.0,-16,20.008428760643486,,0.0,2370.9665842457384,0.0,0.0,48.0,optimal
2021-02-13 08:30:00,50,120,0.0,3.1825272749818,0.0,2.6836666666666664,27.4575,6.0,-16,20.0,,0.0,2376.6078808169536,0.0,487.6666666666667,47.702031547184745,optimal
2021-02-13 09:00:00,50,120,0.0,2.774290262198761,0.0,1.465733333333333,27.3735,6.0,-16,20.0,,0.0,2287.8612359788854,0.0,209.0,47.40436106282231,optimal
2021-02-13 09:30:00,50,120,0.0,8.321973405726924,0.0,1.0257,30.4605,6.0,-16,20.0,,0.0,2543.442731820898,0.0,4946.333333333333,47.10698824894423,optimal
2021-02-13 10:00:00,50,120,0.0,2.516183760875003,0.0,2.053733333333333,30.0195,6.0,-16,20.0,,0.0,2264.565384787503,0.0,0.0,46.80991280788004,optimal
2021-02-13 10:30:00,50,120,0.0,2.662846315506499,0.0,1.647166666666667,26.9325,6.0,-16,20.0,,0.0,2257.228350622516,0.0,139.33333333333331,46.513134442256906,optimal
2021-02-13 11:00:00,50,120,0.513052979555666,0.0,0.0,2.1612,14.595,6.0,-16,20.0,,1795.685428444831,0.0,0.0,0.0,46.2166528549994,optimal
2021-02-13 11:30:00,50,120,0.5429547793180576,0.0,0.0,0.4861333333333333,12.4845,6.0,-16,20.0,,1900.3417276132016,0.0,0.0,0.0,45.92046774932914,optimal
2021-02-13 12:00:00,50,120,0.3407372340912938,0.1548148148148148,0.0,3.4887,12.1275,6.0,-16,20.0,,1192.5803193195286,0.0,0.0,139.33333333333331,45.62457882876456,optimal
2021-02-13 12:30:00,50,120,0.8716110473485313,0.387037037037037,0.0,1.8845666666666665,12.1275,6.0,-16,20.0,,3050.6386657198595,0.0,0.0,348.3333333333333,45.32898579712055,optimal
2021-02-13 13:00:00,50,120,0.0,0.387037037037037,0.0,0.0848666666666666,12.789,6.0,-16,20.025709849607665,,0.0,0.0,0.0,348.3333333333333,45.03368835850817,optimal
2021-02-13 13:30:00,50,120,0.5802364689260264,0.0774074074074074,0.0,0.0567999999999999,11.907,6.0,-16,20.0,,2030.8276412410924,0.0,0.0,69.66666666666666,44.73868621733441,optimal
2021-02-13 14:00:00,50,120,0.5931737111202255,0.3096296296296296,0.0,2.076833333333333,11.025,6.0,-16,20.0,,2076.107988920789,0.0,0.0,278.66666666666663,44.44397907830182,optimal
2021-02-13 14:30:00,50,120,1.1428571428571428,0.0774074074074074,0.0,2.1957,8.2005,6.0,-16,20.0,,4000.0,0.0,0.0,69.66666666666666,44.14956664640827,optimal
2021-02-13 15:00:00,50,120,0.0398217901436093,0.387037037037037,0.0,0.1780666666666666,9.5655,6.0,-16,20.02730858315405,,139.37626550263275,0.0,0.0,348.3333333333333,43.85544862694661,optimal
2021-02-13 15:30:00,50,120,1.1428571428571428,0.0,0.0,0.061,7.056,6.0,-16,20.0,,4000.0,0.0,0.0,0.0,43.5616247255044,optimal
2021-02-13 16:00:00,50,120,0.7363993452256842,0.3096296296296296,0.0,0.4407333333333333,9.3975,6.0,-16,20.01883018057253,,2577.3977082898946,0.0,0.0,278.66666666666663,43.26809464796364,optimal
2021-02-13 16:30:00,50,120,0.0,0.387037037037037,0.0,2.6722,10.059,6.0,-16,20.02153703888483,,0.0,0.0,0.0,348.3333333333333,42.97485810050043,optimal
2021-02-13 17:00:00,50,120,1.0111845621590234,0.0774074074074074,0.0,1.5478,9.261,6.0,-16,20.0,,3539.145967556582,0.0,0.0,69.66666666666666,42.681914789584674,optimal
2021-02-13 17:30:00,50,120,1.1428571428571428,0.774074074074074,0.0,2.6491,8.1585,6.0,-16,20.01962676563737,,4000.0,0.0,0.0,696.6666666666666,42.38926442197984,optimal
2021-02-13 18:00:00,50,120,0.0,0.0,0.0,1.1968,9.4815,6.0,-16,20.04335564165148,,0.0,0.0,0.0,0.0,42.09690670474261,optimal
2021-02-13 18:30:00,50,120,1.1428571428571428,0.387037037037037,0.0,0.7568333333333334,8.379,6.0,-16,20.01585338218369,,4000.0,0.0,0.0,348.3333333333333,41.80484134522261,optimal
2021-02-13 19:00:00,50,120,0.0,0.0774074074074074,0.0,0.2953,9.5235,6.0,-16,20.0366856094734,,0.0,0.0,0.0,69.66666666666666,41.513068051062135,optimal
2021-02-13 19:30:00,50,120,1.1428571428571428,0.1548148148148148,0.0,2.1572,8.1375,6.0,-16,20.00738740562451,,4000.0,0.0,0.0,139.33333333333331,41.22158653019582,optimal
2021-02-13 20:00:00,50,120,0.0,0.0,0.0,0.2440666666666666,10.0905,6.0,-16,20.02748649937256,,0.0,0.0,0.0,0.0,40.93039649085037,optimal
2021-02-13 20:30:00,50,120,0.0,0.0,0.0,2.8146666666666667,7.539,6.0,-16,20.0,,0.0,0.0,0.0,0.0,40.63949764154427,optimal
2021-02-13 21:00:00,50,120,0.0,0.3096296296296296,0.0,1.6082,7.938,6.0,-16,19.9737612142518,,0.0,0.0,0.0,278.66666666666663,40.34888969108747,optimal
2021-02-13 21:30:00,50,120,0.0,0.0,0.0,0.7754,8.274,6.0,-16,19.943861351545028,,0.0,0.0,0.0,0.0,40.05857234858113,optimal
2021-02-13 22:00:00,50,120,0.0,0.3096296296296296,0.0,1.5049,9.261,6.0,-16,19.91060528036299,,0.0,0.0,0.0,278.66666666666663,39.76854532341729,optimal
2021-02-13 22:30:00,50,120,0.0,0.8514814814814814,0.0,0.2432666666666667,9.9225,6.0,-16,19.88054815137956,,0.0,0.0,0.0,766.3333333333333,39.47880832527862,optimal
2021-02-13 23:00:00,50,120,0.0,4.644444444444443,0.0,0.1304333333333333,9.702,6.0,-16,19.85075483370109,,0.0,0.0,0.0,4179.999999999999,39.43932951695334,optimal
2021-02-13 23:30:00,50,120,0.0,0.0,0.0,0.3793666666666667,10.584,6.0,-16,19.819818230955818,,0.0,0.0,0.0,0.0,39.39989018743639,optimal
